EvalID,TimeEvaluated,SolverRuntimeSeconds,SolverTerminationStatus,ObjectiveValue,Gap,UpperBound,LowerBound,ConfigID,MipStartID,WorkerID,Iteration,Phase
1,5,5.005238,Normal,8.04,8.040000,364.000000,334.748820,14921508010286178949,null,0,1,0
2,10,5.005787,Normal,8.04,8.040000,364.000000,334.748820,2823934824078185206,null,0,1,0
3,5,5.005870,Normal,1.54,1.540000,340.000000,334.750000,4742023368992659407,null,1,1,0
4,5,5.005550,Normal,8.04,8.040000,364.000000,334.749000,13833839775346593887,null,2,1,0
5,5,5.005510,Normal,32.13,32.130000,490.000000,332.566000,7691846394389702564,null,3,1,0
6,5,5.854810,Normal,8.04,8.040000,364.000000,334.749000,4646249020595888442,null,4,1,0
7,5,5.005980,Normal,8.04,8.040000,364.000000,334.749000,8324574644124398767,null,5,1,0
8,5,5.005600,Normal,32.13,32.130000,490.000000,332.566000,3886030221489175234,null,6,1,0
9,3,3.777720,Normal,0,0.000000,340.000000,340.000000,3328272113575592546,null,7,1,0
