EvalID,TimeEvaluated,SolverRuntimeSeconds,ObjectiveValue,Gap,UpperBound,LowerBound,ConfigID,MipStartID,WorkerID,Iteration,Phase
1,8,8.300566,0,0.000000,340.000000,340.000000,14921508010286178949,null,0,1,0
2,3,3.760540,0,0.000000,340.000000,340.000000,9686720361045965965,null,1,1,0
3,4,4.466630,0,0.000000,340.000000,340.000000,17808874148426417796,null,2,1,0
4,8,8.487960,0,0.000000,340.000000,340.000000,15837001027272843000,null,3,1,0
