EvalID,TimeEvaluated,SolverRuntimeSeconds,ObjectiveValue,Gap,UpperBound,LowerBound,ConfigID,MipStartID,WorkerID,Iteration,Phase
1,10,10.002988,26.67,26.670000,1500012649.998000,1100006704.850459,14921508010286178949,null,0,1,0
2,20,10.002916,43.75,43.750000,1600013233.333333,900005112.826252,5643427149002281568,null,0,1,0
3,30,10.002854,43.75,43.750000,1600013400.000000,900006361.572707,2823934824078185206,null,0,1,0
4,40,10.002568,21.43,21.430000,1400013100.000000,1100006594.913224,12911295086759950527,null,0,1,0
5,50,10.004842,43.75,43.750000,1600013433.333333,900007571.134212,16275269842957739503,null,0,1,0
6,60,10.002949,3.17,3.170000,1200012600.000000,1161913252.819561,8609448594415774881,null,0,1,0
7,70,9.908625,0,0.000000,1200012599.999999,1199965649.930214,17306503891003107970,null,0,1,0
