EvalID,TimeEvaluated,ObjectiveValue,Gap,UpperBound,LowerBound,ConfigID,MipStartID,WorkerID,Iteration,Phase
1,4,8.04,8.040000,364.000000,334.748820,14921508010286178949,null,0,1,0
2,9,8.04,8.040000,364.000000,334.748820,844706301316953147,null,0,1,0
3,4,32.13,32.130000,490.000000,332.566000,15365607158388011512,null,1,1,0
4,4,8.04,8.040000,364.000000,334.749000,8040614548108922449,null,2,1,0
5,3,0,0.000000,340.000000,340.000000,912174484402203726,null,3,1,0
