EvalID,TimeEvaluated,ObjectiveValue,Gap,UpperBound,LowerBound,ConfigID,MipStartID,WorkerID,Iteration,Phase
1,7,39.6,39.600000,-5050303.000000,-7050403.000000,14921508010286178949,null,0,1,0
2,14,39.6,39.600000,-5050303.000000,-7050403.000000,1894762743428622621,null,0,1,0
3,21,79.2,79.200000,-5050303.000000,-9050303.000000,14770251354950928531,null,0,1,0
4,28,33.71,33.710000,-6020203.000000,-8049870.002349,10926055034921966546,null,0,1,0
5,35,0,0.000000,-6020203.000000,-6020303.000000,16284993071270028202,null,0,1,0
