EvalID,TimeEvaluated,SolverRuntimeSeconds,SolverTerminationStatus,ObjectiveValue,Gap,UpperBound,LowerBound,ConfigID,MipStartID,WorkerID,Iteration,Phase
1,5,5.005360,Normal,8.04,8.040000,364.000000,334.748820,14921508010286178949,null,0,1,0
2,5,5.005930,Normal,1.54,1.540000,340.000000,334.750000,17514050945686148453,null,1,1,0
3,5,5.005760,Normal,1.54,1.540000,340.000000,334.750000,2804053118686667685,null,2,1,0
4,3,3.771630,Normal,0,0.000000,340.000000,340.000000,145401686263944303,null,3,1,0
5,5,5.005830,Normal,32.13,32.130000,490.000000,332.566000,6863155508343490133,null,4,1,0
6,4,4.485180,Normal,0,0.000000,340.000000,340.000000,12392674989143262452,null,5,1,0
7,5,5.005440,Normal,8.04,8.040000,364.000000,334.749000,1562778068060664005,null,6,1,0
8,4,4.437110,Normal,0,0.000000,340.000000,340.000000,2943276411408414496,null,7,1,0
