EvalID,TimeEvaluated,SolverRuntimeSeconds,ObjectiveValue,Gap,UpperBound,LowerBound,ConfigID,MipStartID,WorkerID,Iteration,Phase
1,10,10.015086,5.63,5.630000,50.000000,47.186667,14921508010286178949,null,0,1,0
2,20,10.009890,3.7,3.700000,49.000000,47.186667,2823934824078185206,null,0,1,0
3,10,10.017500,0,0.000000,48.000000,48.000000,4742023368992659407,null,1,1,0
