EvalID,TimeEvaluated,ObjectiveValue,Gap,UpperBound,LowerBound,ConfigID,MipStartID,WorkerID,Iteration,Phase
1,4,8.04,8.040000,364.000000,334.748820,14921508010286178949,null,0,1,0
2,4,8.04,8.040000,364.000000,334.749000,9898868199560231137,null,1,1,0
3,4,32.13,32.130000,490.000000,332.566000,5376562162249929140,null,2,1,0
4,3,0,0.000000,340.000000,340.000000,16224066805212164309,null,3,1,0
5,4,8.04,8.040000,364.000000,334.749000,807049314724615108,null,4,1,0
6,4,32.13,32.130000,490.000000,332.566000,488988624593013653,null,5,1,0
7,4,8.04,8.040000,364.000000,334.749000,14113946357798722150,null,6,1,0
8,4,8.04,8.040000,364.000000,334.749000,4627140880708736134,null,7,1,0
