EvalID,TimeEvaluated,SolverRuntimeSeconds,ObjectiveValue,Gap,UpperBound,LowerBound,ConfigID,MipStartID,WorkerID,Iteration,Phase
1,5,5.004333,8.04,8.040000,364.000000,334.748820,14921508010286178949,null,0,1,0
2,10,5.005958,8.04,8.040000,364.000000,334.748820,8683817217222751575,null,0,1,0
3,5,5.006600,1.54,1.540000,340.000000,334.750000,6439873165248256756,null,1,1,0
4,5,5.006060,1.54,1.540000,340.000000,334.758000,11502841505915629043,null,2,1,0
5,5,5.006850,8.04,8.040000,364.000000,334.749000,12710294232408245987,null,3,1,0
6,4,4.507540,0,0.000000,340.000000,340.000000,7203309977906348516,null,4,1,0
7,5,5.005860,32.13,32.130000,490.000000,332.566000,11465549685707380235,null,5,1,0
8,5,5.006280,8.04,8.040000,364.000000,334.749000,7394199802898337926,null,6,1,0
9,3,3.663650,0,0.000000,340.000000,340.000000,3080098593157933272,null,7,1,0
