[INFO]:[04:16:44] Worker 19 starting.
[INFO]:[04:16:44] Worker 19 received order for step 1.
[INFO]:[04:16:44] Worker 19 running exploration phase for iteration 1.
[INFO]:[04:16:44] Worker 19 at iteration 1 will not use a MIP start file. Current best MIP-start upper bound threshold is 1.79769e+308.
[INFO]:[04:16:44] Starting local search phase...
[INFO]:[04:16:44] Creating local search space from parameter space file: /scratch/yorig/mpils-results-grid-ticks-10000-7may/easy/24proc/seed-5/5_mas74_seed-5_20260509_041642/iterated_local_search/search_space/search_space_file_1_worker_19.txt
[INFO]:[04:16:44] Local search space loaded from file: /scratch/yorig/mpils-results-grid-ticks-10000-7may/easy/24proc/seed-5/5_mas74_seed-5_20260509_041642/iterated_local_search/search_space/search_space_file_1_worker_19.txt
[INFO]:[04:16:44] Number of parameters in local search space: 71
[INFO]:[04:16:44] Number of forbidden tuples in local search space: 0
[INFO]:[04:16:44] Number of conditionals in local search space: 6
[INFO]:[04:16:44] MIP start option not enabled. Local search will proceed without MIP start.
[INFO]:[04:16:44] Evaluating initial configuration for local search phase...
[INFO]:[04:16:44] Starting CPLEX solver on instance: /home/yorig/tuner/mpils-tests/instances/miplib/easy/mas74.mps with config: /scratch/yorig/mpils-results-grid-ticks-10000-7may/easy/24proc/seed-5/5_mas74_seed-5_20260509_041642/iterated_local_search/run_1_worker_19/ils_config_8101401374950621075.prm
[INFO]:[04:16:44] Starting CPLEX solver on instance: /home/yorig/tuner/mpils-tests/instances/miplib/easy/mas74.mps with config: /scratch/yorig/mpils-results-grid-ticks-10000-7may/easy/24proc/seed-5/5_mas74_seed-5_20260509_041642/iterated_local_search/run_1_worker_19/ils_config_8101401374950621075.prm
[INFO]:[04:16:53] CPLEX results. Gap: 4.500000, upper bound: 11801.185729, lower bound: 11269.713219
[INFO]:[04:16:53] CPLEX solver finished. Gap: 4.500000
[INFO]:[04:16:53] Initial configuration evaluated with objective value: 4.5
[INFO]:[04:16:53] Starting CPLEX solver on instance: /home/yorig/tuner/mpils-tests/instances/miplib/easy/mas74.mps with config: /scratch/yorig/mpils-results-grid-ticks-10000-7may/easy/24proc/seed-5/5_mas74_seed-5_20260509_041642/iterated_local_search/run_1_worker_19/ils_config_12297179241958494896.prm
[INFO]:[04:16:53] Starting CPLEX solver on instance: /home/yorig/tuner/mpils-tests/instances/miplib/easy/mas74.mps with config: /scratch/yorig/mpils-results-grid-ticks-10000-7may/easy/24proc/seed-5/5_mas74_seed-5_20260509_041642/iterated_local_search/run_1_worker_19/ils_config_12297179241958494896.prm
[INFO]:[04:17:02] CPLEX results. Gap: 4.500000, upper bound: 11801.185729, lower bound: 11269.713219
[INFO]:[04:17:02] CPLEX solver finished. Gap: 4.500000
[INFO]:[04:17:02] Starting CPLEX solver on instance: /home/yorig/tuner/mpils-tests/instances/miplib/easy/mas74.mps with config: /scratch/yorig/mpils-results-grid-ticks-10000-7may/easy/24proc/seed-5/5_mas74_seed-5_20260509_041642/iterated_local_search/run_1_worker_19/ils_config_12025825203517081454.prm
[INFO]:[04:17:02] Starting CPLEX solver on instance: /home/yorig/tuner/mpils-tests/instances/miplib/easy/mas74.mps with config: /scratch/yorig/mpils-results-grid-ticks-10000-7may/easy/24proc/seed-5/5_mas74_seed-5_20260509_041642/iterated_local_search/run_1_worker_19/ils_config_12025825203517081454.prm
[INFO]:[04:17:10] CPLEX results. Gap: 3.490000, upper bound: 11801.185729, lower bound: 11389.550880
[INFO]:[04:17:10] CPLEX solver finished. Gap: 3.490000
[INFO]:[04:17:10] New incumbent found with objective value: 3.49
[INFO]:[04:17:10] Starting CPLEX solver on instance: /home/yorig/tuner/mpils-tests/instances/miplib/easy/mas74.mps with config: /scratch/yorig/mpils-results-grid-ticks-10000-7may/easy/24proc/seed-5/5_mas74_seed-5_20260509_041642/iterated_local_search/run_1_worker_19/ils_config_15889498523726296805.prm
[INFO]:[04:17:10] Starting CPLEX solver on instance: /home/yorig/tuner/mpils-tests/instances/miplib/easy/mas74.mps with config: /scratch/yorig/mpils-results-grid-ticks-10000-7may/easy/24proc/seed-5/5_mas74_seed-5_20260509_041642/iterated_local_search/run_1_worker_19/ils_config_15889498523726296805.prm
[INFO]:[04:17:18] CPLEX results. Gap: 3.490000, upper bound: 11801.185729, lower bound: 11389.550880
[INFO]:[04:17:18] CPLEX solver finished. Gap: 3.490000
[INFO]:[04:17:18] Starting CPLEX solver on instance: /home/yorig/tuner/mpils-tests/instances/miplib/easy/mas74.mps with config: /scratch/yorig/mpils-results-grid-ticks-10000-7may/easy/24proc/seed-5/5_mas74_seed-5_20260509_041642/iterated_local_search/run_1_worker_19/ils_config_3097670198372761936.prm
[INFO]:[04:17:18] Starting CPLEX solver on instance: /home/yorig/tuner/mpils-tests/instances/miplib/easy/mas74.mps with config: /scratch/yorig/mpils-results-grid-ticks-10000-7may/easy/24proc/seed-5/5_mas74_seed-5_20260509_041642/iterated_local_search/run_1_worker_19/ils_config_3097670198372761936.prm
[INFO]:[04:17:26] CPLEX results. Gap: 3.900000, upper bound: 11857.371258, lower bound: 11395.073394
[INFO]:[04:17:26] CPLEX solver finished. Gap: 3.900000
[INFO]:[04:17:26] Starting CPLEX solver on instance: /home/yorig/tuner/mpils-tests/instances/miplib/easy/mas74.mps with config: /scratch/yorig/mpils-results-grid-ticks-10000-7may/easy/24proc/seed-5/5_mas74_seed-5_20260509_041642/iterated_local_search/run_1_worker_19/ils_config_17701745258303901688.prm
[INFO]:[04:17:26] Starting CPLEX solver on instance: /home/yorig/tuner/mpils-tests/instances/miplib/easy/mas74.mps with config: /scratch/yorig/mpils-results-grid-ticks-10000-7may/easy/24proc/seed-5/5_mas74_seed-5_20260509_041642/iterated_local_search/run_1_worker_19/ils_config_17701745258303901688.prm
[INFO]:[04:17:35] CPLEX results. Gap: 3.300000, upper bound: 11801.185729, lower bound: 11411.270105
[INFO]:[04:17:35] CPLEX solver finished. Gap: 3.300000
[INFO]:[04:17:35] New incumbent found with objective value: 3.3
[INFO]:[04:17:35] Starting CPLEX solver on instance: /home/yorig/tuner/mpils-tests/instances/miplib/easy/mas74.mps with config: /scratch/yorig/mpils-results-grid-ticks-10000-7may/easy/24proc/seed-5/5_mas74_seed-5_20260509_041642/iterated_local_search/run_1_worker_19/ils_config_7666070295745474900.prm
[INFO]:[04:17:35] Starting CPLEX solver on instance: /home/yorig/tuner/mpils-tests/instances/miplib/easy/mas74.mps with config: /scratch/yorig/mpils-results-grid-ticks-10000-7may/easy/24proc/seed-5/5_mas74_seed-5_20260509_041642/iterated_local_search/run_1_worker_19/ils_config_7666070295745474900.prm
[INFO]:[04:17:44] CPLEX results. Gap: 4.490000, upper bound: 11801.185729, lower bound: 11270.856955
[INFO]:[04:17:44] CPLEX solver finished. Gap: 4.490000
[INFO]:[04:17:44] Starting CPLEX solver on instance: /home/yorig/tuner/mpils-tests/instances/miplib/easy/mas74.mps with config: /scratch/yorig/mpils-results-grid-ticks-10000-7may/easy/24proc/seed-5/5_mas74_seed-5_20260509_041642/iterated_local_search/run_1_worker_19/ils_config_9592704022239156067.prm
[INFO]:[04:17:44] Starting CPLEX solver on instance: /home/yorig/tuner/mpils-tests/instances/miplib/easy/mas74.mps with config: /scratch/yorig/mpils-results-grid-ticks-10000-7may/easy/24proc/seed-5/5_mas74_seed-5_20260509_041642/iterated_local_search/run_1_worker_19/ils_config_9592704022239156067.prm
[INFO]:[04:17:53] CPLEX results. Gap: 3.310000, upper bound: 11801.185729, lower bound: 11410.080792
[INFO]:[04:17:53] CPLEX solver finished. Gap: 3.310000
[INFO]:[04:17:53] Starting CPLEX solver on instance: /home/yorig/tuner/mpils-tests/instances/miplib/easy/mas74.mps with config: /scratch/yorig/mpils-results-grid-ticks-10000-7may/easy/24proc/seed-5/5_mas74_seed-5_20260509_041642/iterated_local_search/run_1_worker_19/ils_config_2278231431685994493.prm
[INFO]:[04:17:53] Starting CPLEX solver on instance: /home/yorig/tuner/mpils-tests/instances/miplib/easy/mas74.mps with config: /scratch/yorig/mpils-results-grid-ticks-10000-7may/easy/24proc/seed-5/5_mas74_seed-5_20260509_041642/iterated_local_search/run_1_worker_19/ils_config_2278231431685994493.prm
[INFO]:[04:18:01] CPLEX results. Gap: 3.300000, upper bound: 11801.185729, lower bound: 11411.270105
[INFO]:[04:18:01] CPLEX solver finished. Gap: 3.300000
[INFO]:[04:18:01] Starting CPLEX solver on instance: /home/yorig/tuner/mpils-tests/instances/miplib/easy/mas74.mps with config: /scratch/yorig/mpils-results-grid-ticks-10000-7may/easy/24proc/seed-5/5_mas74_seed-5_20260509_041642/iterated_local_search/run_1_worker_19/ils_config_16538142617782662033.prm
[INFO]:[04:18:01] Starting CPLEX solver on instance: /home/yorig/tuner/mpils-tests/instances/miplib/easy/mas74.mps with config: /scratch/yorig/mpils-results-grid-ticks-10000-7may/easy/24proc/seed-5/5_mas74_seed-5_20260509_041642/iterated_local_search/run_1_worker_19/ils_config_16538142617782662033.prm
[INFO]:[04:18:09] CPLEX results. Gap: 3.300000, upper bound: 11801.185729, lower bound: 11411.270105
[INFO]:[04:18:09] CPLEX solver finished. Gap: 3.300000
[INFO]:[04:18:09] Starting CPLEX solver on instance: /home/yorig/tuner/mpils-tests/instances/miplib/easy/mas74.mps with config: /scratch/yorig/mpils-results-grid-ticks-10000-7may/easy/24proc/seed-5/5_mas74_seed-5_20260509_041642/iterated_local_search/run_1_worker_19/ils_config_6463596863108375594.prm
[INFO]:[04:18:09] Starting CPLEX solver on instance: /home/yorig/tuner/mpils-tests/instances/miplib/easy/mas74.mps with config: /scratch/yorig/mpils-results-grid-ticks-10000-7may/easy/24proc/seed-5/5_mas74_seed-5_20260509_041642/iterated_local_search/run_1_worker_19/ils_config_6463596863108375594.prm
[INFO]:[04:18:18] CPLEX results. Gap: 4.860000, upper bound: 11801.185729, lower bound: 11227.500895
[INFO]:[04:18:18] CPLEX solver finished. Gap: 4.860000
[INFO]:[04:18:18] Starting CPLEX solver on instance: /home/yorig/tuner/mpils-tests/instances/miplib/easy/mas74.mps with config: /scratch/yorig/mpils-results-grid-ticks-10000-7may/easy/24proc/seed-5/5_mas74_seed-5_20260509_041642/iterated_local_search/run_1_worker_19/ils_config_12738271724132583658.prm
[INFO]:[04:18:18] Starting CPLEX solver on instance: /home/yorig/tuner/mpils-tests/instances/miplib/easy/mas74.mps with config: /scratch/yorig/mpils-results-grid-ticks-10000-7may/easy/24proc/seed-5/5_mas74_seed-5_20260509_041642/iterated_local_search/run_1_worker_19/ils_config_12738271724132583658.prm
[INFO]:[04:18:27] CPLEX results. Gap: 3.110000, upper bound: 11801.185729, lower bound: 11434.482245
[INFO]:[04:18:27] CPLEX solver finished. Gap: 3.110000
[INFO]:[04:18:27] New incumbent found with objective value: 3.11
[INFO]:[04:18:27] Starting CPLEX solver on instance: /home/yorig/tuner/mpils-tests/instances/miplib/easy/mas74.mps with config: /scratch/yorig/mpils-results-grid-ticks-10000-7may/easy/24proc/seed-5/5_mas74_seed-5_20260509_041642/iterated_local_search/run_1_worker_19/ils_config_7219398626042696095.prm
[INFO]:[04:18:27] Starting CPLEX solver on instance: /home/yorig/tuner/mpils-tests/instances/miplib/easy/mas74.mps with config: /scratch/yorig/mpils-results-grid-ticks-10000-7may/easy/24proc/seed-5/5_mas74_seed-5_20260509_041642/iterated_local_search/run_1_worker_19/ils_config_7219398626042696095.prm
[INFO]:[04:18:36] CPLEX results. Gap: 3.950000, upper bound: 11891.263051, lower bound: 11421.187620
[INFO]:[04:18:36] CPLEX solver finished. Gap: 3.950000
[INFO]:[04:18:36] Starting CPLEX solver on instance: /home/yorig/tuner/mpils-tests/instances/miplib/easy/mas74.mps with config: /scratch/yorig/mpils-results-grid-ticks-10000-7may/easy/24proc/seed-5/5_mas74_seed-5_20260509_041642/iterated_local_search/run_1_worker_19/ils_config_6354370364514451931.prm
[INFO]:[04:18:36] Starting CPLEX solver on instance: /home/yorig/tuner/mpils-tests/instances/miplib/easy/mas74.mps with config: /scratch/yorig/mpils-results-grid-ticks-10000-7may/easy/24proc/seed-5/5_mas74_seed-5_20260509_041642/iterated_local_search/run_1_worker_19/ils_config_6354370364514451931.prm
[INFO]:[04:18:44] CPLEX results. Gap: 3.220000, upper bound: 11801.185729, lower bound: 11421.598813
[INFO]:[04:18:44] CPLEX solver finished. Gap: 3.220000
[INFO]:[04:18:44] Starting CPLEX solver on instance: /home/yorig/tuner/mpils-tests/instances/miplib/easy/mas74.mps with config: /scratch/yorig/mpils-results-grid-ticks-10000-7may/easy/24proc/seed-5/5_mas74_seed-5_20260509_041642/iterated_local_search/run_1_worker_19/ils_config_6000643120362003673.prm
[INFO]:[04:18:44] Starting CPLEX solver on instance: /home/yorig/tuner/mpils-tests/instances/miplib/easy/mas74.mps with config: /scratch/yorig/mpils-results-grid-ticks-10000-7may/easy/24proc/seed-5/5_mas74_seed-5_20260509_041642/iterated_local_search/run_1_worker_19/ils_config_6000643120362003673.prm
[INFO]:[04:18:53] CPLEX results. Gap: 3.260000, upper bound: 11801.185729, lower bound: 11416.097823
[INFO]:[04:18:53] CPLEX solver finished. Gap: 3.260000
[INFO]:[04:18:53] Starting CPLEX solver on instance: /home/yorig/tuner/mpils-tests/instances/miplib/easy/mas74.mps with config: /scratch/yorig/mpils-results-grid-ticks-10000-7may/easy/24proc/seed-5/5_mas74_seed-5_20260509_041642/iterated_local_search/run_1_worker_19/ils_config_7171800465344738727.prm
[INFO]:[04:18:53] Starting CPLEX solver on instance: /home/yorig/tuner/mpils-tests/instances/miplib/easy/mas74.mps with config: /scratch/yorig/mpils-results-grid-ticks-10000-7may/easy/24proc/seed-5/5_mas74_seed-5_20260509_041642/iterated_local_search/run_1_worker_19/ils_config_7171800465344738727.prm
[INFO]:[04:19:01] CPLEX results. Gap: 5.600000, upper bound: 11801.185729, lower bound: 11140.697451
[INFO]:[04:19:01] CPLEX solver finished. Gap: 5.600000
[INFO]:[04:19:01] Starting CPLEX solver on instance: /home/yorig/tuner/mpils-tests/instances/miplib/easy/mas74.mps with config: /scratch/yorig/mpils-results-grid-ticks-10000-7may/easy/24proc/seed-5/5_mas74_seed-5_20260509_041642/iterated_local_search/run_1_worker_19/ils_config_11531580219819496804.prm
[INFO]:[04:19:01] Starting CPLEX solver on instance: /home/yorig/tuner/mpils-tests/instances/miplib/easy/mas74.mps with config: /scratch/yorig/mpils-results-grid-ticks-10000-7may/easy/24proc/seed-5/5_mas74_seed-5_20260509_041642/iterated_local_search/run_1_worker_19/ils_config_11531580219819496804.prm
[INFO]:[04:19:09] CPLEX results. Gap: 3.450000, upper bound: 11801.185729, lower bound: 11393.854553
[INFO]:[04:19:10] CPLEX solver finished. Gap: 3.450000
[INFO]:[04:19:10] Starting CPLEX solver on instance: /home/yorig/tuner/mpils-tests/instances/miplib/easy/mas74.mps with config: /scratch/yorig/mpils-results-grid-ticks-10000-7may/easy/24proc/seed-5/5_mas74_seed-5_20260509_041642/iterated_local_search/run_1_worker_19/ils_config_4040674039511603152.prm
[INFO]:[04:19:10] Starting CPLEX solver on instance: /home/yorig/tuner/mpils-tests/instances/miplib/easy/mas74.mps with config: /scratch/yorig/mpils-results-grid-ticks-10000-7may/easy/24proc/seed-5/5_mas74_seed-5_20260509_041642/iterated_local_search/run_1_worker_19/ils_config_4040674039511603152.prm
[INFO]:[04:19:19] CPLEX results. Gap: 4.670000, upper bound: 11801.185729, lower bound: 11249.558401
[INFO]:[04:19:19] CPLEX solver finished. Gap: 4.670000
[INFO]:[04:19:19] Starting CPLEX solver on instance: /home/yorig/tuner/mpils-tests/instances/miplib/easy/mas74.mps with config: /scratch/yorig/mpils-results-grid-ticks-10000-7may/easy/24proc/seed-5/5_mas74_seed-5_20260509_041642/iterated_local_search/run_1_worker_19/ils_config_5135135050910020409.prm
[INFO]:[04:19:19] Starting CPLEX solver on instance: /home/yorig/tuner/mpils-tests/instances/miplib/easy/mas74.mps with config: /scratch/yorig/mpils-results-grid-ticks-10000-7may/easy/24proc/seed-5/5_mas74_seed-5_20260509_041642/iterated_local_search/run_1_worker_19/ils_config_5135135050910020409.prm
[INFO]:[04:19:27] CPLEX results. Gap: 3.110000, upper bound: 11801.185729, lower bound: 11434.482245
[INFO]:[04:19:27] CPLEX solver finished. Gap: 3.110000
[INFO]:[04:19:27] Starting CPLEX solver on instance: /home/yorig/tuner/mpils-tests/instances/miplib/easy/mas74.mps with config: /scratch/yorig/mpils-results-grid-ticks-10000-7may/easy/24proc/seed-5/5_mas74_seed-5_20260509_041642/iterated_local_search/run_1_worker_19/ils_config_7968194842345652354.prm
[INFO]:[04:19:27] Starting CPLEX solver on instance: /home/yorig/tuner/mpils-tests/instances/miplib/easy/mas74.mps with config: /scratch/yorig/mpils-results-grid-ticks-10000-7may/easy/24proc/seed-5/5_mas74_seed-5_20260509_041642/iterated_local_search/run_1_worker_19/ils_config_7968194842345652354.prm
[INFO]:[04:19:36] CPLEX results. Gap: 4.620000, upper bound: 11801.185729, lower bound: 11256.507979
[INFO]:[04:19:36] CPLEX solver finished. Gap: 4.620000
[INFO]:[04:19:36] Local search phase completed.
[INFO]:[04:19:36] Total number of new local-search evaluations: 20
[INFO]:[04:19:36] Final incumbent objective value: 3.11
[INFO]:[04:19:44] Worker 19 completed exploration phase.
[INFO]:[04:19:45] Worker 19 received order for step 2.
[INFO]:[04:19:45] Worker 19 running expansion phase for iteration 1.
[INFO]:[04:19:45] Worker 19 will use solver log file: /scratch/yorig/mpils-results-grid-ticks-10000-7may/easy/24proc/seed-5/5_mas74_seed-5_20260509_041642/solver/cplex.log_iteration_expansion_1_worker_19
[INFO]:[04:19:45] Expansion Worker 19 starting expansion for iteration 1.
[INFO]:[04:19:45] Starting CPLEX solver on instance: /home/yorig/tuner/mpils-tests/instances/miplib/easy/mas74.mps with config: /scratch/yorig/mpils-results-grid-ticks-10000-7may/easy/24proc/seed-5/5_mas74_seed-5_20260509_041642/expansion/config_param_CPXPARAM_MIP_Limits_ProbeTime_0_iter_1.prm
[INFO]:[04:19:53] CPLEX results. Gap: 2.920000, upper bound: 11801.185729, lower bound: 11456.827980
[INFO]:[04:19:53] CPLEX solver finished. Gap: 2.920000
[INFO]:[04:19:56] Expansion Worker 19 stopping early after global MPI expansion stop was activated.
[INFO]:[04:19:56] Expansion Worker 19 completed expansion.
[INFO]:[04:19:56] Worker 19 completed expansion phase.
[INFO]:[04:19:56] Worker 19 received order for step 1.
[INFO]:[04:19:56] Worker 19 running exploration phase for iteration 2.
[INFO]:[04:19:56] Worker 19 at iteration 2 will not use a MIP start file. Current best MIP-start upper bound threshold is 1.79769e+308.
[INFO]:[04:19:56] Starting local search phase...
[INFO]:[04:19:56] Creating local search space from parameter space file: /scratch/yorig/mpils-results-grid-ticks-10000-7may/easy/24proc/seed-5/5_mas74_seed-5_20260509_041642/iterated_local_search/search_space/search_space_file_2_worker_19.txt
[INFO]:[04:19:56] Local search space loaded from file: /scratch/yorig/mpils-results-grid-ticks-10000-7may/easy/24proc/seed-5/5_mas74_seed-5_20260509_041642/iterated_local_search/search_space/search_space_file_2_worker_19.txt
[INFO]:[04:19:56] Number of parameters in local search space: 71
[INFO]:[04:19:56] Number of forbidden tuples in local search space: 26
[INFO]:[04:19:56] Number of conditionals in local search space: 6
[INFO]:[04:19:56] MIP start option not enabled. Local search will proceed without MIP start.
[INFO]:[04:19:56] Evaluating initial configuration for local search phase...
[INFO]:[04:19:56] Starting CPLEX solver on instance: /home/yorig/tuner/mpils-tests/instances/miplib/easy/mas74.mps with config: /scratch/yorig/mpils-results-grid-ticks-10000-7may/easy/24proc/seed-5/5_mas74_seed-5_20260509_041642/iterated_local_search/run_2_worker_19/ils_config_7825937104773242984.prm
[INFO]:[04:19:56] Starting CPLEX solver on instance: /home/yorig/tuner/mpils-tests/instances/miplib/easy/mas74.mps with config: /scratch/yorig/mpils-results-grid-ticks-10000-7may/easy/24proc/seed-5/5_mas74_seed-5_20260509_041642/iterated_local_search/run_2_worker_19/ils_config_7825937104773242984.prm
[INFO]:[04:20:04] CPLEX results. Gap: 10.860000, upper bound: 11978.797975, lower bound: 10677.546511
[INFO]:[04:20:04] CPLEX solver finished. Gap: 10.860000
[INFO]:[04:20:04] Initial configuration evaluated with objective value: 10.86
[INFO]:[04:20:04] Starting CPLEX solver on instance: /home/yorig/tuner/mpils-tests/instances/miplib/easy/mas74.mps with config: /scratch/yorig/mpils-results-grid-ticks-10000-7may/easy/24proc/seed-5/5_mas74_seed-5_20260509_041642/iterated_local_search/run_2_worker_19/ils_config_7747067145453150283.prm
[INFO]:[04:20:04] Starting CPLEX solver on instance: /home/yorig/tuner/mpils-tests/instances/miplib/easy/mas74.mps with config: /scratch/yorig/mpils-results-grid-ticks-10000-7may/easy/24proc/seed-5/5_mas74_seed-5_20260509_041642/iterated_local_search/run_2_worker_19/ils_config_7747067145453150283.prm
[INFO]:[04:20:13] CPLEX results. Gap: 5.580000, upper bound: 11801.185729, lower bound: 11142.737743
[INFO]:[04:20:13] CPLEX solver finished. Gap: 5.580000
[INFO]:[04:20:13] New incumbent found with objective value: 5.58
[INFO]:[04:20:13] Starting CPLEX solver on instance: /home/yorig/tuner/mpils-tests/instances/miplib/easy/mas74.mps with config: /scratch/yorig/mpils-results-grid-ticks-10000-7may/easy/24proc/seed-5/5_mas74_seed-5_20260509_041642/iterated_local_search/run_2_worker_19/ils_config_17023695717104328949.prm
[INFO]:[04:20:13] Starting CPLEX solver on instance: /home/yorig/tuner/mpils-tests/instances/miplib/easy/mas74.mps with config: /scratch/yorig/mpils-results-grid-ticks-10000-7may/easy/24proc/seed-5/5_mas74_seed-5_20260509_041642/iterated_local_search/run_2_worker_19/ils_config_17023695717104328949.prm
[INFO]:[04:20:22] CPLEX results. Gap: 4.910000, upper bound: 11801.185729, lower bound: 11221.457508
[INFO]:[04:20:22] CPLEX solver finished. Gap: 4.910000
[INFO]:[04:20:22] New incumbent found with objective value: 4.91
[INFO]:[04:20:22] Starting CPLEX solver on instance: /home/yorig/tuner/mpils-tests/instances/miplib/easy/mas74.mps with config: /scratch/yorig/mpils-results-grid-ticks-10000-7may/easy/24proc/seed-5/5_mas74_seed-5_20260509_041642/iterated_local_search/run_2_worker_19/ils_config_17463541975978752965.prm
[INFO]:[04:20:22] Starting CPLEX solver on instance: /home/yorig/tuner/mpils-tests/instances/miplib/easy/mas74.mps with config: /scratch/yorig/mpils-results-grid-ticks-10000-7may/easy/24proc/seed-5/5_mas74_seed-5_20260509_041642/iterated_local_search/run_2_worker_19/ils_config_17463541975978752965.prm
[INFO]:[04:20:32] CPLEX results. Gap: 5.010000, upper bound: 11801.185729, lower bound: 11209.917709
[INFO]:[04:20:32] CPLEX solver finished. Gap: 5.010000
[INFO]:[04:20:32] Starting CPLEX solver on instance: /home/yorig/tuner/mpils-tests/instances/miplib/easy/mas74.mps with config: /scratch/yorig/mpils-results-grid-ticks-10000-7may/easy/24proc/seed-5/5_mas74_seed-5_20260509_041642/iterated_local_search/run_2_worker_19/ils_config_13672655204318049005.prm
[INFO]:[04:20:32] Starting CPLEX solver on instance: /home/yorig/tuner/mpils-tests/instances/miplib/easy/mas74.mps with config: /scratch/yorig/mpils-results-grid-ticks-10000-7may/easy/24proc/seed-5/5_mas74_seed-5_20260509_041642/iterated_local_search/run_2_worker_19/ils_config_13672655204318049005.prm
[INFO]:[04:20:41] CPLEX results. Gap: 4.910000, upper bound: 11801.185729, lower bound: 11221.457508
[INFO]:[04:20:41] CPLEX solver finished. Gap: 4.910000
[INFO]:[04:20:41] Starting CPLEX solver on instance: /home/yorig/tuner/mpils-tests/instances/miplib/easy/mas74.mps with config: /scratch/yorig/mpils-results-grid-ticks-10000-7may/easy/24proc/seed-5/5_mas74_seed-5_20260509_041642/iterated_local_search/run_2_worker_19/ils_config_15358904326653981758.prm
[INFO]:[04:20:41] Starting CPLEX solver on instance: /home/yorig/tuner/mpils-tests/instances/miplib/easy/mas74.mps with config: /scratch/yorig/mpils-results-grid-ticks-10000-7may/easy/24proc/seed-5/5_mas74_seed-5_20260509_041642/iterated_local_search/run_2_worker_19/ils_config_15358904326653981758.prm
[INFO]:[04:20:50] CPLEX results. Gap: 4.910000, upper bound: 11801.185729, lower bound: 11221.457508
[INFO]:[04:20:50] CPLEX solver finished. Gap: 4.910000
[INFO]:[04:20:50] Local search phase completed.
[INFO]:[04:20:50] Total number of new local-search evaluations: 6
[INFO]:[04:20:50] Final incumbent objective value: 4.91
[INFO]:[04:21:12] Worker 19 completed exploration phase.
[INFO]:[04:21:12] Worker 19 received order for step 2.
[INFO]:[04:21:12] Worker 19 running expansion phase for iteration 2.
[INFO]:[04:21:12] Worker 19 will use solver log file: /scratch/yorig/mpils-results-grid-ticks-10000-7may/easy/24proc/seed-5/5_mas74_seed-5_20260509_041642/solver/cplex.log_iteration_expansion_2_worker_19
[INFO]:[04:21:12] Expansion Worker 19 starting expansion for iteration 2.
[INFO]:[04:21:12] Starting CPLEX solver on instance: /home/yorig/tuner/mpils-tests/instances/miplib/easy/mas74.mps with config: /scratch/yorig/mpils-results-grid-ticks-10000-7may/easy/24proc/seed-5/5_mas74_seed-5_20260509_041642/expansion/config_param_CPXPARAM_MIP_Limits_ProbeTime_50_iter_2.prm
[INFO]:[04:21:24] CPLEX results. Gap: 2.220000, upper bound: 11801.185729, lower bound: 11538.713027
[INFO]:[04:21:24] CPLEX solver finished. Gap: 2.220000
[INFO]:[04:21:25] Expansion Worker 19 stopping early after global MPI expansion stop was activated.
[INFO]:[04:21:25] Expansion Worker 19 completed expansion.
[INFO]:[04:21:25] Worker 19 completed expansion phase.
[INFO]:[04:21:25] Worker 19 received order for step 1.
[INFO]:[04:21:25] Worker 19 running exploration phase for iteration 3.
[INFO]:[04:21:25] Worker 19 at iteration 3 will not use a MIP start file. Current best MIP-start upper bound threshold is 1.79769e+308.
[INFO]:[04:21:25] Starting local search phase...
[INFO]:[04:21:25] Creating local search space from parameter space file: /scratch/yorig/mpils-results-grid-ticks-10000-7may/easy/24proc/seed-5/5_mas74_seed-5_20260509_041642/iterated_local_search/search_space/search_space_file_3_worker_19.txt
[INFO]:[04:21:25] Local search space loaded from file: /scratch/yorig/mpils-results-grid-ticks-10000-7may/easy/24proc/seed-5/5_mas74_seed-5_20260509_041642/iterated_local_search/search_space/search_space_file_3_worker_19.txt
[INFO]:[04:21:25] Number of parameters in local search space: 71
[INFO]:[04:21:25] Number of forbidden tuples in local search space: 59
[INFO]:[04:21:25] Number of conditionals in local search space: 6
[INFO]:[04:21:25] MIP start option not enabled. Local search will proceed without MIP start.
[INFO]:[04:21:25] Evaluating initial configuration for local search phase...
[INFO]:[04:21:25] Starting CPLEX solver on instance: /home/yorig/tuner/mpils-tests/instances/miplib/easy/mas74.mps with config: /scratch/yorig/mpils-results-grid-ticks-10000-7may/easy/24proc/seed-5/5_mas74_seed-5_20260509_041642/iterated_local_search/run_3_worker_19/ils_config_6023263326933945809.prm
[INFO]:[04:21:25] Starting CPLEX solver on instance: /home/yorig/tuner/mpils-tests/instances/miplib/easy/mas74.mps with config: /scratch/yorig/mpils-results-grid-ticks-10000-7may/easy/24proc/seed-5/5_mas74_seed-5_20260509_041642/iterated_local_search/run_3_worker_19/ils_config_6023263326933945809.prm
[INFO]:[04:21:32] CPLEX results. Gap: 10.440000, upper bound: 11801.185729, lower bound: 10569.130576
[INFO]:[04:21:32] CPLEX solver finished. Gap: 10.440000
[INFO]:[04:21:32] Initial configuration evaluated with objective value: 10.44
[INFO]:[04:21:32] Starting CPLEX solver on instance: /home/yorig/tuner/mpils-tests/instances/miplib/easy/mas74.mps with config: /scratch/yorig/mpils-results-grid-ticks-10000-7may/easy/24proc/seed-5/5_mas74_seed-5_20260509_041642/iterated_local_search/run_3_worker_19/ils_config_5309567468111552336.prm
[INFO]:[04:21:32] Starting CPLEX solver on instance: /home/yorig/tuner/mpils-tests/instances/miplib/easy/mas74.mps with config: /scratch/yorig/mpils-results-grid-ticks-10000-7may/easy/24proc/seed-5/5_mas74_seed-5_20260509_041642/iterated_local_search/run_3_worker_19/ils_config_5309567468111552336.prm
[INFO]:[04:21:38] CPLEX results. Gap: 10.440000, upper bound: 11801.185729, lower bound: 10569.130576
[INFO]:[04:21:39] CPLEX solver finished. Gap: 10.440000
[INFO]:[04:21:39] Starting CPLEX solver on instance: /home/yorig/tuner/mpils-tests/instances/miplib/easy/mas74.mps with config: /scratch/yorig/mpils-results-grid-ticks-10000-7may/easy/24proc/seed-5/5_mas74_seed-5_20260509_041642/iterated_local_search/run_3_worker_19/ils_config_2106155373791509772.prm
[INFO]:[04:21:39] Starting CPLEX solver on instance: /home/yorig/tuner/mpils-tests/instances/miplib/easy/mas74.mps with config: /scratch/yorig/mpils-results-grid-ticks-10000-7may/easy/24proc/seed-5/5_mas74_seed-5_20260509_041642/iterated_local_search/run_3_worker_19/ils_config_2106155373791509772.prm
[INFO]:[04:21:46] CPLEX results. Gap: 6.460000, upper bound: 11893.872575, lower bound: 11125.370183
[INFO]:[04:21:46] CPLEX solver finished. Gap: 6.460000
[INFO]:[04:21:46] New incumbent found with objective value: 6.46
[INFO]:[04:21:46] Starting CPLEX solver on instance: /home/yorig/tuner/mpils-tests/instances/miplib/easy/mas74.mps with config: /scratch/yorig/mpils-results-grid-ticks-10000-7may/easy/24proc/seed-5/5_mas74_seed-5_20260509_041642/iterated_local_search/run_3_worker_19/ils_config_11481973258616291009.prm
[INFO]:[04:21:46] Starting CPLEX solver on instance: /home/yorig/tuner/mpils-tests/instances/miplib/easy/mas74.mps with config: /scratch/yorig/mpils-results-grid-ticks-10000-7may/easy/24proc/seed-5/5_mas74_seed-5_20260509_041642/iterated_local_search/run_3_worker_19/ils_config_11481973258616291009.prm
[INFO]:[04:21:54] CPLEX results. Gap: 6.870000, upper bound: 11893.872575, lower bound: 11076.995092
[INFO]:[04:21:54] CPLEX solver finished. Gap: 6.870000
[INFO]:[04:21:54] Starting CPLEX solver on instance: /home/yorig/tuner/mpils-tests/instances/miplib/easy/mas74.mps with config: /scratch/yorig/mpils-results-grid-ticks-10000-7may/easy/24proc/seed-5/5_mas74_seed-5_20260509_041642/iterated_local_search/run_3_worker_19/ils_config_7971343063509409454.prm
[INFO]:[04:21:54] Starting CPLEX solver on instance: /home/yorig/tuner/mpils-tests/instances/miplib/easy/mas74.mps with config: /scratch/yorig/mpils-results-grid-ticks-10000-7may/easy/24proc/seed-5/5_mas74_seed-5_20260509_041642/iterated_local_search/run_3_worker_19/ils_config_7971343063509409454.prm
[INFO]:[04:22:02] CPLEX results. Gap: 6.460000, upper bound: 11893.872575, lower bound: 11125.370183
[INFO]:[04:22:02] CPLEX solver finished. Gap: 6.460000
[INFO]:[04:22:02] Starting CPLEX solver on instance: /home/yorig/tuner/mpils-tests/instances/miplib/easy/mas74.mps with config: /scratch/yorig/mpils-results-grid-ticks-10000-7may/easy/24proc/seed-5/5_mas74_seed-5_20260509_041642/iterated_local_search/run_3_worker_19/ils_config_1545076137714616355.prm
[INFO]:[04:22:02] Starting CPLEX solver on instance: /home/yorig/tuner/mpils-tests/instances/miplib/easy/mas74.mps with config: /scratch/yorig/mpils-results-grid-ticks-10000-7may/easy/24proc/seed-5/5_mas74_seed-5_20260509_041642/iterated_local_search/run_3_worker_19/ils_config_1545076137714616355.prm
[INFO]:[04:22:10] CPLEX results. Gap: 5.780000, upper bound: 11857.371258, lower bound: 11171.793515
[INFO]:[04:22:10] CPLEX solver finished. Gap: 5.780000
[INFO]:[04:22:10] New incumbent found with objective value: 5.78
[INFO]:[04:22:10] Starting CPLEX solver on instance: /home/yorig/tuner/mpils-tests/instances/miplib/easy/mas74.mps with config: /scratch/yorig/mpils-results-grid-ticks-10000-7may/easy/24proc/seed-5/5_mas74_seed-5_20260509_041642/iterated_local_search/run_3_worker_19/ils_config_6455045107285170830.prm
[INFO]:[04:22:10] Starting CPLEX solver on instance: /home/yorig/tuner/mpils-tests/instances/miplib/easy/mas74.mps with config: /scratch/yorig/mpils-results-grid-ticks-10000-7may/easy/24proc/seed-5/5_mas74_seed-5_20260509_041642/iterated_local_search/run_3_worker_19/ils_config_6455045107285170830.prm
[INFO]:[04:22:19] CPLEX results. Gap: 5.780000, upper bound: 11857.371258, lower bound: 11171.793515
[INFO]:[04:22:19] CPLEX solver finished. Gap: 5.780000
[INFO]:[04:22:19] Starting CPLEX solver on instance: /home/yorig/tuner/mpils-tests/instances/miplib/easy/mas74.mps with config: /scratch/yorig/mpils-results-grid-ticks-10000-7may/easy/24proc/seed-5/5_mas74_seed-5_20260509_041642/iterated_local_search/run_3_worker_19/ils_config_16876142401799107211.prm
[INFO]:[04:22:19] Starting CPLEX solver on instance: /home/yorig/tuner/mpils-tests/instances/miplib/easy/mas74.mps with config: /scratch/yorig/mpils-results-grid-ticks-10000-7may/easy/24proc/seed-5/5_mas74_seed-5_20260509_041642/iterated_local_search/run_3_worker_19/ils_config_16876142401799107211.prm
[INFO]:[04:22:28] CPLEX results. Gap: 5.780000, upper bound: 11857.371258, lower bound: 11171.793515
[INFO]:[04:22:28] CPLEX solver finished. Gap: 5.780000
[INFO]:[04:22:28] Starting CPLEX solver on instance: /home/yorig/tuner/mpils-tests/instances/miplib/easy/mas74.mps with config: /scratch/yorig/mpils-results-grid-ticks-10000-7may/easy/24proc/seed-5/5_mas74_seed-5_20260509_041642/iterated_local_search/run_3_worker_19/ils_config_3187696337665934707.prm
[INFO]:[04:22:28] Starting CPLEX solver on instance: /home/yorig/tuner/mpils-tests/instances/miplib/easy/mas74.mps with config: /scratch/yorig/mpils-results-grid-ticks-10000-7may/easy/24proc/seed-5/5_mas74_seed-5_20260509_041642/iterated_local_search/run_3_worker_19/ils_config_3187696337665934707.prm
[INFO]:[04:22:40] CPLEX results. Gap: 7.710000, upper bound: 11801.185729, lower bound: 10891.735349
[INFO]:[04:22:40] CPLEX solver finished. Gap: 7.710000
[INFO]:[04:22:40] Starting CPLEX solver on instance: /home/yorig/tuner/mpils-tests/instances/miplib/easy/mas74.mps with config: /scratch/yorig/mpils-results-grid-ticks-10000-7may/easy/24proc/seed-5/5_mas74_seed-5_20260509_041642/iterated_local_search/run_3_worker_19/ils_config_13615836862873610327.prm
[INFO]:[04:22:40] Starting CPLEX solver on instance: /home/yorig/tuner/mpils-tests/instances/miplib/easy/mas74.mps with config: /scratch/yorig/mpils-results-grid-ticks-10000-7may/easy/24proc/seed-5/5_mas74_seed-5_20260509_041642/iterated_local_search/run_3_worker_19/ils_config_13615836862873610327.prm
[INFO]:[04:22:48] CPLEX results. Gap: 4.950000, upper bound: 11801.185729, lower bound: 11217.578018
[INFO]:[04:22:48] CPLEX solver finished. Gap: 4.950000
[INFO]:[04:22:48] New incumbent found with objective value: 4.95
[INFO]:[04:22:48] Starting CPLEX solver on instance: /home/yorig/tuner/mpils-tests/instances/miplib/easy/mas74.mps with config: /scratch/yorig/mpils-results-grid-ticks-10000-7may/easy/24proc/seed-5/5_mas74_seed-5_20260509_041642/iterated_local_search/run_3_worker_19/ils_config_10229365145783603985.prm
[INFO]:[04:22:48] Starting CPLEX solver on instance: /home/yorig/tuner/mpils-tests/instances/miplib/easy/mas74.mps with config: /scratch/yorig/mpils-results-grid-ticks-10000-7may/easy/24proc/seed-5/5_mas74_seed-5_20260509_041642/iterated_local_search/run_3_worker_19/ils_config_10229365145783603985.prm
[INFO]:[04:22:57] CPLEX results. Gap: 5.490000, upper bound: 11874.763051, lower bound: 11222.353205
[INFO]:[04:22:57] CPLEX solver finished. Gap: 5.490000
[INFO]:[04:22:57] Starting CPLEX solver on instance: /home/yorig/tuner/mpils-tests/instances/miplib/easy/mas74.mps with config: /scratch/yorig/mpils-results-grid-ticks-10000-7may/easy/24proc/seed-5/5_mas74_seed-5_20260509_041642/iterated_local_search/run_3_worker_19/ils_config_12348665752333589265.prm
[INFO]:[04:22:57] Starting CPLEX solver on instance: /home/yorig/tuner/mpils-tests/instances/miplib/easy/mas74.mps with config: /scratch/yorig/mpils-results-grid-ticks-10000-7may/easy/24proc/seed-5/5_mas74_seed-5_20260509_041642/iterated_local_search/run_3_worker_19/ils_config_12348665752333589265.prm
[INFO]:[04:23:05] CPLEX results. Gap: 4.950000, upper bound: 11801.185729, lower bound: 11217.578018
[INFO]:[04:23:05] CPLEX solver finished. Gap: 4.950000
[INFO]:[04:23:05] Starting CPLEX solver on instance: /home/yorig/tuner/mpils-tests/instances/miplib/easy/mas74.mps with config: /scratch/yorig/mpils-results-grid-ticks-10000-7may/easy/24proc/seed-5/5_mas74_seed-5_20260509_041642/iterated_local_search/run_3_worker_19/ils_config_1011196213165894645.prm
[INFO]:[04:23:05] Starting CPLEX solver on instance: /home/yorig/tuner/mpils-tests/instances/miplib/easy/mas74.mps with config: /scratch/yorig/mpils-results-grid-ticks-10000-7may/easy/24proc/seed-5/5_mas74_seed-5_20260509_041642/iterated_local_search/run_3_worker_19/ils_config_1011196213165894645.prm
[INFO]:[04:23:14] CPLEX results. Gap: 4.950000, upper bound: 11801.185729, lower bound: 11217.578018
[INFO]:[04:23:14] CPLEX solver finished. Gap: 4.950000
[INFO]:[04:23:14] Starting CPLEX solver on instance: /home/yorig/tuner/mpils-tests/instances/miplib/easy/mas74.mps with config: /scratch/yorig/mpils-results-grid-ticks-10000-7may/easy/24proc/seed-5/5_mas74_seed-5_20260509_041642/iterated_local_search/run_3_worker_19/ils_config_16261430073802272062.prm
[INFO]:[04:23:14] Starting CPLEX solver on instance: /home/yorig/tuner/mpils-tests/instances/miplib/easy/mas74.mps with config: /scratch/yorig/mpils-results-grid-ticks-10000-7may/easy/24proc/seed-5/5_mas74_seed-5_20260509_041642/iterated_local_search/run_3_worker_19/ils_config_16261430073802272062.prm
[INFO]:[04:23:22] CPLEX results. Gap: 4.950000, upper bound: 11801.185729, lower bound: 11217.578018
[INFO]:[04:23:22] CPLEX solver finished. Gap: 4.950000
[INFO]:[04:23:22] Starting CPLEX solver on instance: /home/yorig/tuner/mpils-tests/instances/miplib/easy/mas74.mps with config: /scratch/yorig/mpils-results-grid-ticks-10000-7may/easy/24proc/seed-5/5_mas74_seed-5_20260509_041642/iterated_local_search/run_3_worker_19/ils_config_18366618067477508830.prm
[INFO]:[04:23:22] Starting CPLEX solver on instance: /home/yorig/tuner/mpils-tests/instances/miplib/easy/mas74.mps with config: /scratch/yorig/mpils-results-grid-ticks-10000-7may/easy/24proc/seed-5/5_mas74_seed-5_20260509_041642/iterated_local_search/run_3_worker_19/ils_config_18366618067477508830.prm
[INFO]:[04:23:29] CPLEX results. Gap: 7.830000, upper bound: 11985.177453, lower bound: 11046.754987
[INFO]:[04:23:29] CPLEX solver finished. Gap: 7.830000
[INFO]:[04:23:29] Local search phase completed.
[INFO]:[04:23:29] Total number of new local-search evaluations: 15
[INFO]:[04:23:29] Final incumbent objective value: 4.95
[INFO]:[04:24:14] Worker 19 completed exploration phase.
[INFO]:[04:24:14] Worker 19 received order for step 2.
[INFO]:[04:24:14] Worker 19 running expansion phase for iteration 3.
[INFO]:[04:24:14] Worker 19 will use solver log file: /scratch/yorig/mpils-results-grid-ticks-10000-7may/easy/24proc/seed-5/5_mas74_seed-5_20260509_041642/solver/cplex.log_iteration_expansion_3_worker_19
[INFO]:[04:24:14] Expansion Worker 19 starting expansion for iteration 3.
[INFO]:[04:24:14] Starting CPLEX solver on instance: /home/yorig/tuner/mpils-tests/instances/miplib/easy/mas74.mps with config: /scratch/yorig/mpils-results-grid-ticks-10000-7may/easy/24proc/seed-5/5_mas74_seed-5_20260509_041642/expansion/config_param_CPXPARAM_MIP_Strategy_RINSHeur_1000_iter_3.prm
[INFO]:[04:24:26] CPLEX results. Gap: 2.200000, upper bound: 11801.185729, lower bound: 11541.854231
[INFO]:[04:24:27] CPLEX solver finished. Gap: 2.200000
[INFO]:[04:24:28] Expansion Worker 19 stopping early after global MPI expansion stop was activated.
[INFO]:[04:24:28] Expansion Worker 19 completed expansion.
[INFO]:[04:24:28] Worker 19 completed expansion phase.
[INFO]:[04:24:28] Worker 19 received order for step 1.
[INFO]:[04:24:28] Worker 19 running exploration phase for iteration 4.
[INFO]:[04:24:28] Worker 19 at iteration 4 will not use a MIP start file. Current best MIP-start upper bound threshold is 1.79769e+308.
[INFO]:[04:24:28] Starting local search phase...
[INFO]:[04:24:28] Creating local search space from parameter space file: /scratch/yorig/mpils-results-grid-ticks-10000-7may/easy/24proc/seed-5/5_mas74_seed-5_20260509_041642/iterated_local_search/search_space/search_space_file_4_worker_19.txt
[INFO]:[04:24:28] Local search space loaded from file: /scratch/yorig/mpils-results-grid-ticks-10000-7may/easy/24proc/seed-5/5_mas74_seed-5_20260509_041642/iterated_local_search/search_space/search_space_file_4_worker_19.txt
[INFO]:[04:24:28] Number of parameters in local search space: 71
[INFO]:[04:24:28] Number of forbidden tuples in local search space: 87
[INFO]:[04:24:28] Number of conditionals in local search space: 6
[INFO]:[04:24:28] MIP start option not enabled. Local search will proceed without MIP start.
[INFO]:[04:24:28] Evaluating initial configuration for local search phase...
[INFO]:[04:24:28] Starting CPLEX solver on instance: /home/yorig/tuner/mpils-tests/instances/miplib/easy/mas74.mps with config: /scratch/yorig/mpils-results-grid-ticks-10000-7may/easy/24proc/seed-5/5_mas74_seed-5_20260509_041642/iterated_local_search/run_4_worker_19/ils_config_14027570983701690398.prm
[INFO]:[04:24:28] Starting CPLEX solver on instance: /home/yorig/tuner/mpils-tests/instances/miplib/easy/mas74.mps with config: /scratch/yorig/mpils-results-grid-ticks-10000-7may/easy/24proc/seed-5/5_mas74_seed-5_20260509_041642/iterated_local_search/run_4_worker_19/ils_config_14027570983701690398.prm
[INFO]:[04:24:39] CPLEX results. Gap: 11.280000, upper bound: 11960.081281, lower bound: 10611.125980
[INFO]:[04:24:39] CPLEX solver finished. Gap: 11.280000
[INFO]:[04:24:39] Initial configuration evaluated with objective value: 11.28
[INFO]:[04:24:39] Starting CPLEX solver on instance: /home/yorig/tuner/mpils-tests/instances/miplib/easy/mas74.mps with config: /scratch/yorig/mpils-results-grid-ticks-10000-7may/easy/24proc/seed-5/5_mas74_seed-5_20260509_041642/iterated_local_search/run_4_worker_19/ils_config_12659786795516524482.prm
[INFO]:[04:24:39] Starting CPLEX solver on instance: /home/yorig/tuner/mpils-tests/instances/miplib/easy/mas74.mps with config: /scratch/yorig/mpils-results-grid-ticks-10000-7may/easy/24proc/seed-5/5_mas74_seed-5_20260509_041642/iterated_local_search/run_4_worker_19/ils_config_12659786795516524482.prm
[INFO]:[04:24:49] CPLEX results. Gap: 11.980000, upper bound: 12056.933533, lower bound: 10612.150507
[INFO]:[04:24:49] CPLEX solver finished. Gap: 11.980000
[INFO]:[04:24:49] Starting CPLEX solver on instance: /home/yorig/tuner/mpils-tests/instances/miplib/easy/mas74.mps with config: /scratch/yorig/mpils-results-grid-ticks-10000-7may/easy/24proc/seed-5/5_mas74_seed-5_20260509_041642/iterated_local_search/run_4_worker_19/ils_config_13803137344972958920.prm
[INFO]:[04:24:49] Starting CPLEX solver on instance: /home/yorig/tuner/mpils-tests/instances/miplib/easy/mas74.mps with config: /scratch/yorig/mpils-results-grid-ticks-10000-7may/easy/24proc/seed-5/5_mas74_seed-5_20260509_041642/iterated_local_search/run_4_worker_19/ils_config_13803137344972958920.prm
[INFO]:[04:24:58] CPLEX results. Gap: 10.170000, upper bound: 11857.371258, lower bound: 10651.798418
[INFO]:[04:24:58] CPLEX solver finished. Gap: 10.170000
[INFO]:[04:24:58] New incumbent found with objective value: 10.17
[INFO]:[04:24:59] Starting CPLEX solver on instance: /home/yorig/tuner/mpils-tests/instances/miplib/easy/mas74.mps with config: /scratch/yorig/mpils-results-grid-ticks-10000-7may/easy/24proc/seed-5/5_mas74_seed-5_20260509_041642/iterated_local_search/run_4_worker_19/ils_config_12245558678206475999.prm
[INFO]:[04:24:59] Starting CPLEX solver on instance: /home/yorig/tuner/mpils-tests/instances/miplib/easy/mas74.mps with config: /scratch/yorig/mpils-results-grid-ticks-10000-7may/easy/24proc/seed-5/5_mas74_seed-5_20260509_041642/iterated_local_search/run_4_worker_19/ils_config_12245558678206475999.prm
[INFO]:[04:25:08] CPLEX results. Gap: 10.170000, upper bound: 11857.371258, lower bound: 10651.798418
[INFO]:[04:25:08] CPLEX solver finished. Gap: 10.170000
[INFO]:[04:25:08] Starting CPLEX solver on instance: /home/yorig/tuner/mpils-tests/instances/miplib/easy/mas74.mps with config: /scratch/yorig/mpils-results-grid-ticks-10000-7may/easy/24proc/seed-5/5_mas74_seed-5_20260509_041642/iterated_local_search/run_4_worker_19/ils_config_13046286605558850067.prm
[INFO]:[04:25:08] Starting CPLEX solver on instance: /home/yorig/tuner/mpils-tests/instances/miplib/easy/mas74.mps with config: /scratch/yorig/mpils-results-grid-ticks-10000-7may/easy/24proc/seed-5/5_mas74_seed-5_20260509_041642/iterated_local_search/run_4_worker_19/ils_config_13046286605558850067.prm
[INFO]:[04:25:18] CPLEX results. Gap: 10.390000, upper bound: 11857.371258, lower bound: 10625.479869
[INFO]:[04:25:18] CPLEX solver finished. Gap: 10.390000
[INFO]:[04:25:18] Starting CPLEX solver on instance: /home/yorig/tuner/mpils-tests/instances/miplib/easy/mas74.mps with config: /scratch/yorig/mpils-results-grid-ticks-10000-7may/easy/24proc/seed-5/5_mas74_seed-5_20260509_041642/iterated_local_search/run_4_worker_19/ils_config_4262745998988407151.prm
[INFO]:[04:25:18] Starting CPLEX solver on instance: /home/yorig/tuner/mpils-tests/instances/miplib/easy/mas74.mps with config: /scratch/yorig/mpils-results-grid-ticks-10000-7may/easy/24proc/seed-5/5_mas74_seed-5_20260509_041642/iterated_local_search/run_4_worker_19/ils_config_4262745998988407151.prm
[INFO]:[04:25:28] CPLEX results. Gap: 10.170000, upper bound: 11857.371258, lower bound: 10651.798418
[INFO]:[04:25:28] CPLEX solver finished. Gap: 10.170000
[INFO]:[04:25:28] Starting CPLEX solver on instance: /home/yorig/tuner/mpils-tests/instances/miplib/easy/mas74.mps with config: /scratch/yorig/mpils-results-grid-ticks-10000-7may/easy/24proc/seed-5/5_mas74_seed-5_20260509_041642/iterated_local_search/run_4_worker_19/ils_config_8407501873579589396.prm
[INFO]:[04:25:28] Starting CPLEX solver on instance: /home/yorig/tuner/mpils-tests/instances/miplib/easy/mas74.mps with config: /scratch/yorig/mpils-results-grid-ticks-10000-7may/easy/24proc/seed-5/5_mas74_seed-5_20260509_041642/iterated_local_search/run_4_worker_19/ils_config_8407501873579589396.prm
[INFO]:[04:25:38] CPLEX results. Gap: 10.170000, upper bound: 11857.371258, lower bound: 10651.798418
[INFO]:[04:25:38] CPLEX solver finished. Gap: 10.170000
[INFO]:[04:25:38] Starting CPLEX solver on instance: /home/yorig/tuner/mpils-tests/instances/miplib/easy/mas74.mps with config: /scratch/yorig/mpils-results-grid-ticks-10000-7may/easy/24proc/seed-5/5_mas74_seed-5_20260509_041642/iterated_local_search/run_4_worker_19/ils_config_10144908071598430689.prm
[INFO]:[04:25:38] Starting CPLEX solver on instance: /home/yorig/tuner/mpils-tests/instances/miplib/easy/mas74.mps with config: /scratch/yorig/mpils-results-grid-ticks-10000-7may/easy/24proc/seed-5/5_mas74_seed-5_20260509_041642/iterated_local_search/run_4_worker_19/ils_config_10144908071598430689.prm
[INFO]:[04:25:48] CPLEX results. Gap: 10.170000, upper bound: 11857.371258, lower bound: 10651.798418
[INFO]:[04:25:48] CPLEX solver finished. Gap: 10.170000
[INFO]:[04:25:48] Starting CPLEX solver on instance: /home/yorig/tuner/mpils-tests/instances/miplib/easy/mas74.mps with config: /scratch/yorig/mpils-results-grid-ticks-10000-7may/easy/24proc/seed-5/5_mas74_seed-5_20260509_041642/iterated_local_search/run_4_worker_19/ils_config_17435301287744544445.prm
[INFO]:[04:25:48] Starting CPLEX solver on instance: /home/yorig/tuner/mpils-tests/instances/miplib/easy/mas74.mps with config: /scratch/yorig/mpils-results-grid-ticks-10000-7may/easy/24proc/seed-5/5_mas74_seed-5_20260509_041642/iterated_local_search/run_4_worker_19/ils_config_17435301287744544445.prm
[INFO]:[04:25:58] CPLEX results. Gap: 11.540000, upper bound: 11982.859751, lower bound: 10600.351077
[INFO]:[04:25:58] CPLEX solver finished. Gap: 11.540000
[INFO]:[04:25:58] Starting CPLEX solver on instance: /home/yorig/tuner/mpils-tests/instances/miplib/easy/mas74.mps with config: /scratch/yorig/mpils-results-grid-ticks-10000-7may/easy/24proc/seed-5/5_mas74_seed-5_20260509_041642/iterated_local_search/run_4_worker_19/ils_config_5560739613354595858.prm
[INFO]:[04:25:58] Starting CPLEX solver on instance: /home/yorig/tuner/mpils-tests/instances/miplib/easy/mas74.mps with config: /scratch/yorig/mpils-results-grid-ticks-10000-7may/easy/24proc/seed-5/5_mas74_seed-5_20260509_041642/iterated_local_search/run_4_worker_19/ils_config_5560739613354595858.prm
[INFO]:[04:26:08] CPLEX results. Gap: 11.550000, upper bound: 11983.529154, lower bound: 10599.417161
[INFO]:[04:26:08] CPLEX solver finished. Gap: 11.550000
[INFO]:[04:26:08] Starting CPLEX solver on instance: /home/yorig/tuner/mpils-tests/instances/miplib/easy/mas74.mps with config: /scratch/yorig/mpils-results-grid-ticks-10000-7may/easy/24proc/seed-5/5_mas74_seed-5_20260509_041642/iterated_local_search/run_4_worker_19/ils_config_11577514727396781426.prm
[INFO]:[04:26:08] Starting CPLEX solver on instance: /home/yorig/tuner/mpils-tests/instances/miplib/easy/mas74.mps with config: /scratch/yorig/mpils-results-grid-ticks-10000-7may/easy/24proc/seed-5/5_mas74_seed-5_20260509_041642/iterated_local_search/run_4_worker_19/ils_config_11577514727396781426.prm
[INFO]:[04:26:18] CPLEX results. Gap: 10.760000, upper bound: 11893.872575, lower bound: 10614.446745
[INFO]:[04:26:18] CPLEX solver finished. Gap: 10.760000
[INFO]:[04:26:18] Starting CPLEX solver on instance: /home/yorig/tuner/mpils-tests/instances/miplib/easy/mas74.mps with config: /scratch/yorig/mpils-results-grid-ticks-10000-7may/easy/24proc/seed-5/5_mas74_seed-5_20260509_041642/iterated_local_search/run_4_worker_19/ils_config_15084206446039688924.prm
[INFO]:[04:26:18] Starting CPLEX solver on instance: /home/yorig/tuner/mpils-tests/instances/miplib/easy/mas74.mps with config: /scratch/yorig/mpils-results-grid-ticks-10000-7may/easy/24proc/seed-5/5_mas74_seed-5_20260509_041642/iterated_local_search/run_4_worker_19/ils_config_15084206446039688924.prm
[INFO]:[04:26:27] CPLEX results. Gap: 10.390000, upper bound: 11857.371258, lower bound: 10625.479869
[INFO]:[04:26:27] CPLEX solver finished. Gap: 10.390000
[INFO]:[04:26:27] Starting CPLEX solver on instance: /home/yorig/tuner/mpils-tests/instances/miplib/easy/mas74.mps with config: /scratch/yorig/mpils-results-grid-ticks-10000-7may/easy/24proc/seed-5/5_mas74_seed-5_20260509_041642/iterated_local_search/run_4_worker_19/ils_config_530510986719263377.prm
[INFO]:[04:26:27] Starting CPLEX solver on instance: /home/yorig/tuner/mpils-tests/instances/miplib/easy/mas74.mps with config: /scratch/yorig/mpils-results-grid-ticks-10000-7may/easy/24proc/seed-5/5_mas74_seed-5_20260509_041642/iterated_local_search/run_4_worker_19/ils_config_530510986719263377.prm
[INFO]:[04:26:37] CPLEX results. Gap: 11.120000, upper bound: 11939.484943, lower bound: 10612.046389
[INFO]:[04:26:37] CPLEX solver finished. Gap: 11.120000
[INFO]:[04:26:37] Starting CPLEX solver on instance: /home/yorig/tuner/mpils-tests/instances/miplib/easy/mas74.mps with config: /scratch/yorig/mpils-results-grid-ticks-10000-7may/easy/24proc/seed-5/5_mas74_seed-5_20260509_041642/iterated_local_search/run_4_worker_19/ils_config_13142833153466500117.prm
[INFO]:[04:26:37] Starting CPLEX solver on instance: /home/yorig/tuner/mpils-tests/instances/miplib/easy/mas74.mps with config: /scratch/yorig/mpils-results-grid-ticks-10000-7may/easy/24proc/seed-5/5_mas74_seed-5_20260509_041642/iterated_local_search/run_4_worker_19/ils_config_13142833153466500117.prm
[INFO]:[04:26:47] CPLEX results. Gap: 10.800000, upper bound: 11891.263051, lower bound: 10606.759131
[INFO]:[04:26:47] CPLEX solver finished. Gap: 10.800000
[INFO]:[04:26:47] Local search phase completed.
[INFO]:[04:26:47] Total number of new local-search evaluations: 14
[INFO]:[04:26:47] Final incumbent objective value: 10.17
[INFO]:[04:27:18] Worker 19 completed exploration phase.
[INFO]:[04:27:18] Worker 19 received order for step 2.
[INFO]:[04:27:18] Worker 19 running expansion phase for iteration 4.
[INFO]:[04:27:18] Worker 19 will use solver log file: /scratch/yorig/mpils-results-grid-ticks-10000-7may/easy/24proc/seed-5/5_mas74_seed-5_20260509_041642/solver/cplex.log_iteration_expansion_4_worker_19
[INFO]:[04:27:18] Expansion Worker 19 starting expansion for iteration 4.
[INFO]:[04:27:18] Starting CPLEX solver on instance: /home/yorig/tuner/mpils-tests/instances/miplib/easy/mas74.mps with config: /scratch/yorig/mpils-results-grid-ticks-10000-7may/easy/24proc/seed-5/5_mas74_seed-5_20260509_041642/expansion/config_param_CPXPARAM_MIP_Strategy_Order_0_iter_4.prm
[INFO]:[04:27:31] CPLEX results. Gap: 2.020000, upper bound: 11801.185729, lower bound: 11562.629518
[INFO]:[04:27:31] CPLEX solver finished. Gap: 2.020000
[INFO]:[04:27:31] Expansion Worker 19 stopping early after global MPI expansion stop was activated.
[INFO]:[04:27:31] Expansion Worker 19 completed expansion.
[INFO]:[04:27:31] Worker 19 completed expansion phase.
[INFO]:[04:27:32] Worker 19 received order for step 1.
[INFO]:[04:27:32] Worker 19 running exploration phase for iteration 5.
[INFO]:[04:27:32] Worker 19 at iteration 5 will not use a MIP start file. Current best MIP-start upper bound threshold is 1.79769e+308.
[INFO]:[04:27:32] Starting local search phase...
[INFO]:[04:27:32] Creating local search space from parameter space file: /scratch/yorig/mpils-results-grid-ticks-10000-7may/easy/24proc/seed-5/5_mas74_seed-5_20260509_041642/iterated_local_search/search_space/search_space_file_5_worker_19.txt
[INFO]:[04:27:32] Local search space loaded from file: /scratch/yorig/mpils-results-grid-ticks-10000-7may/easy/24proc/seed-5/5_mas74_seed-5_20260509_041642/iterated_local_search/search_space/search_space_file_5_worker_19.txt
[INFO]:[04:27:32] Number of parameters in local search space: 71
[INFO]:[04:27:32] Number of forbidden tuples in local search space: 116
[INFO]:[04:27:32] Number of conditionals in local search space: 6
[INFO]:[04:27:32] MIP start option not enabled. Local search will proceed without MIP start.
[INFO]:[04:27:32] Evaluating initial configuration for local search phase...
[INFO]:[04:27:32] Starting CPLEX solver on instance: /home/yorig/tuner/mpils-tests/instances/miplib/easy/mas74.mps with config: /scratch/yorig/mpils-results-grid-ticks-10000-7may/easy/24proc/seed-5/5_mas74_seed-5_20260509_041642/iterated_local_search/run_5_worker_19/ils_config_6578395622702033393.prm
[INFO]:[04:27:32] Starting CPLEX solver on instance: /home/yorig/tuner/mpils-tests/instances/miplib/easy/mas74.mps with config: /scratch/yorig/mpils-results-grid-ticks-10000-7may/easy/24proc/seed-5/5_mas74_seed-5_20260509_041642/iterated_local_search/run_5_worker_19/ils_config_6578395622702033393.prm
[INFO]:[04:27:42] CPLEX results. Gap: 10.110000, upper bound: 11857.371258, lower bound: 10658.903623
[INFO]:[04:27:42] CPLEX solver finished. Gap: 10.110000
[INFO]:[04:27:42] Initial configuration evaluated with objective value: 10.11
[INFO]:[04:27:42] Starting CPLEX solver on instance: /home/yorig/tuner/mpils-tests/instances/miplib/easy/mas74.mps with config: /scratch/yorig/mpils-results-grid-ticks-10000-7may/easy/24proc/seed-5/5_mas74_seed-5_20260509_041642/iterated_local_search/run_5_worker_19/ils_config_8724891724314712994.prm
[INFO]:[04:27:42] Starting CPLEX solver on instance: /home/yorig/tuner/mpils-tests/instances/miplib/easy/mas74.mps with config: /scratch/yorig/mpils-results-grid-ticks-10000-7may/easy/24proc/seed-5/5_mas74_seed-5_20260509_041642/iterated_local_search/run_5_worker_19/ils_config_8724891724314712994.prm
[INFO]:[04:27:51] CPLEX results. Gap: 10.110000, upper bound: 11857.371258, lower bound: 10658.903623
[INFO]:[04:27:51] CPLEX solver finished. Gap: 10.110000
[INFO]:[04:27:51] Starting CPLEX solver on instance: /home/yorig/tuner/mpils-tests/instances/miplib/easy/mas74.mps with config: /scratch/yorig/mpils-results-grid-ticks-10000-7may/easy/24proc/seed-5/5_mas74_seed-5_20260509_041642/iterated_local_search/run_5_worker_19/ils_config_18148623807192666387.prm
[INFO]:[04:27:51] Starting CPLEX solver on instance: /home/yorig/tuner/mpils-tests/instances/miplib/easy/mas74.mps with config: /scratch/yorig/mpils-results-grid-ticks-10000-7may/easy/24proc/seed-5/5_mas74_seed-5_20260509_041642/iterated_local_search/run_5_worker_19/ils_config_18148623807192666387.prm
[INFO]:[04:28:01] CPLEX results. Gap: 10.110000, upper bound: 11857.371258, lower bound: 10658.903623
[INFO]:[04:28:01] CPLEX solver finished. Gap: 10.110000
[INFO]:[04:28:01] Starting CPLEX solver on instance: /home/yorig/tuner/mpils-tests/instances/miplib/easy/mas74.mps with config: /scratch/yorig/mpils-results-grid-ticks-10000-7may/easy/24proc/seed-5/5_mas74_seed-5_20260509_041642/iterated_local_search/run_5_worker_19/ils_config_4353434898969533233.prm
[INFO]:[04:28:01] Starting CPLEX solver on instance: /home/yorig/tuner/mpils-tests/instances/miplib/easy/mas74.mps with config: /scratch/yorig/mpils-results-grid-ticks-10000-7may/easy/24proc/seed-5/5_mas74_seed-5_20260509_041642/iterated_local_search/run_5_worker_19/ils_config_4353434898969533233.prm
[INFO]:[04:28:10] CPLEX results. Gap: 11.270000, upper bound: 11891.263051, lower bound: 10550.628328
[INFO]:[04:28:10] CPLEX solver finished. Gap: 11.270000
[INFO]:[04:28:10] Starting CPLEX solver on instance: /home/yorig/tuner/mpils-tests/instances/miplib/easy/mas74.mps with config: /scratch/yorig/mpils-results-grid-ticks-10000-7may/easy/24proc/seed-5/5_mas74_seed-5_20260509_041642/iterated_local_search/run_5_worker_19/ils_config_15070280230540847728.prm
[INFO]:[04:28:10] Starting CPLEX solver on instance: /home/yorig/tuner/mpils-tests/instances/miplib/easy/mas74.mps with config: /scratch/yorig/mpils-results-grid-ticks-10000-7may/easy/24proc/seed-5/5_mas74_seed-5_20260509_041642/iterated_local_search/run_5_worker_19/ils_config_15070280230540847728.prm
[INFO]:[04:28:19] CPLEX results. Gap: 10.110000, upper bound: 11857.371258, lower bound: 10658.903623
[INFO]:[04:28:19] CPLEX solver finished. Gap: 10.110000
[INFO]:[04:28:19] Starting CPLEX solver on instance: /home/yorig/tuner/mpils-tests/instances/miplib/easy/mas74.mps with config: /scratch/yorig/mpils-results-grid-ticks-10000-7may/easy/24proc/seed-5/5_mas74_seed-5_20260509_041642/iterated_local_search/run_5_worker_19/ils_config_10928744419753914849.prm
[INFO]:[04:28:19] Starting CPLEX solver on instance: /home/yorig/tuner/mpils-tests/instances/miplib/easy/mas74.mps with config: /scratch/yorig/mpils-results-grid-ticks-10000-7may/easy/24proc/seed-5/5_mas74_seed-5_20260509_041642/iterated_local_search/run_5_worker_19/ils_config_10928744419753914849.prm
[INFO]:[04:28:29] CPLEX results. Gap: 11.040000, upper bound: 11891.263051, lower bound: 10578.886584
[INFO]:[04:28:29] CPLEX solver finished. Gap: 11.040000
[INFO]:[04:28:29] Starting CPLEX solver on instance: /home/yorig/tuner/mpils-tests/instances/miplib/easy/mas74.mps with config: /scratch/yorig/mpils-results-grid-ticks-10000-7may/easy/24proc/seed-5/5_mas74_seed-5_20260509_041642/iterated_local_search/run_5_worker_19/ils_config_6351140227554536642.prm
[INFO]:[04:28:29] Starting CPLEX solver on instance: /home/yorig/tuner/mpils-tests/instances/miplib/easy/mas74.mps with config: /scratch/yorig/mpils-results-grid-ticks-10000-7may/easy/24proc/seed-5/5_mas74_seed-5_20260509_041642/iterated_local_search/run_5_worker_19/ils_config_6351140227554536642.prm
[INFO]:[04:28:39] CPLEX results. Gap: 10.110000, upper bound: 11857.371258, lower bound: 10658.903623
[INFO]:[04:28:39] CPLEX solver finished. Gap: 10.110000
[INFO]:[04:28:39] Starting CPLEX solver on instance: /home/yorig/tuner/mpils-tests/instances/miplib/easy/mas74.mps with config: /scratch/yorig/mpils-results-grid-ticks-10000-7may/easy/24proc/seed-5/5_mas74_seed-5_20260509_041642/iterated_local_search/run_5_worker_19/ils_config_9292328554943265886.prm
[INFO]:[04:28:39] Starting CPLEX solver on instance: /home/yorig/tuner/mpils-tests/instances/miplib/easy/mas74.mps with config: /scratch/yorig/mpils-results-grid-ticks-10000-7may/easy/24proc/seed-5/5_mas74_seed-5_20260509_041642/iterated_local_search/run_5_worker_19/ils_config_9292328554943265886.prm
[INFO]:[04:28:48] CPLEX results. Gap: 10.210000, upper bound: 11891.263051, lower bound: 10677.304364
[INFO]:[04:28:48] CPLEX solver finished. Gap: 10.210000
[INFO]:[04:28:48] Starting CPLEX solver on instance: /home/yorig/tuner/mpils-tests/instances/miplib/easy/mas74.mps with config: /scratch/yorig/mpils-results-grid-ticks-10000-7may/easy/24proc/seed-5/5_mas74_seed-5_20260509_041642/iterated_local_search/run_5_worker_19/ils_config_5329297939293422273.prm
[INFO]:[04:28:48] Starting CPLEX solver on instance: /home/yorig/tuner/mpils-tests/instances/miplib/easy/mas74.mps with config: /scratch/yorig/mpils-results-grid-ticks-10000-7may/easy/24proc/seed-5/5_mas74_seed-5_20260509_041642/iterated_local_search/run_5_worker_19/ils_config_5329297939293422273.prm
[INFO]:[04:28:58] CPLEX results. Gap: 10.100000, upper bound: 11801.185729, lower bound: 10608.770068
[INFO]:[04:28:58] CPLEX solver finished. Gap: 10.100000
[INFO]:[04:28:58] New incumbent found with objective value: 10.1
[INFO]:[04:28:58] Starting CPLEX solver on instance: /home/yorig/tuner/mpils-tests/instances/miplib/easy/mas74.mps with config: /scratch/yorig/mpils-results-grid-ticks-10000-7may/easy/24proc/seed-5/5_mas74_seed-5_20260509_041642/iterated_local_search/run_5_worker_19/ils_config_12319674230371523508.prm
[INFO]:[04:28:58] Starting CPLEX solver on instance: /home/yorig/tuner/mpils-tests/instances/miplib/easy/mas74.mps with config: /scratch/yorig/mpils-results-grid-ticks-10000-7may/easy/24proc/seed-5/5_mas74_seed-5_20260509_041642/iterated_local_search/run_5_worker_19/ils_config_12319674230371523508.prm
[INFO]:[04:29:08] CPLEX results. Gap: 8.950000, upper bound: 11801.185729, lower bound: 10745.042101
[INFO]:[04:29:08] CPLEX solver finished. Gap: 8.950000
[INFO]:[04:29:08] New incumbent found with objective value: 8.95
[INFO]:[04:29:08] Starting CPLEX solver on instance: /home/yorig/tuner/mpils-tests/instances/miplib/easy/mas74.mps with config: /scratch/yorig/mpils-results-grid-ticks-10000-7may/easy/24proc/seed-5/5_mas74_seed-5_20260509_041642/iterated_local_search/run_5_worker_19/ils_config_10192191217965941082.prm
[INFO]:[04:29:08] Starting CPLEX solver on instance: /home/yorig/tuner/mpils-tests/instances/miplib/easy/mas74.mps with config: /scratch/yorig/mpils-results-grid-ticks-10000-7may/easy/24proc/seed-5/5_mas74_seed-5_20260509_041642/iterated_local_search/run_5_worker_19/ils_config_10192191217965941082.prm
[INFO]:[04:29:17] CPLEX results. Gap: 8.640000, upper bound: 11801.185729, lower bound: 10781.951520
[INFO]:[04:29:17] CPLEX solver finished. Gap: 8.640000
[INFO]:[04:29:17] New incumbent found with objective value: 8.64
[INFO]:[04:29:17] Starting CPLEX solver on instance: /home/yorig/tuner/mpils-tests/instances/miplib/easy/mas74.mps with config: /scratch/yorig/mpils-results-grid-ticks-10000-7may/easy/24proc/seed-5/5_mas74_seed-5_20260509_041642/iterated_local_search/run_5_worker_19/ils_config_5122707667168966139.prm
[INFO]:[04:29:17] Starting CPLEX solver on instance: /home/yorig/tuner/mpils-tests/instances/miplib/easy/mas74.mps with config: /scratch/yorig/mpils-results-grid-ticks-10000-7may/easy/24proc/seed-5/5_mas74_seed-5_20260509_041642/iterated_local_search/run_5_worker_19/ils_config_5122707667168966139.prm
[INFO]:[04:29:26] CPLEX results. Gap: 10.380000, upper bound: 11801.185729, lower bound: 10576.128421
[INFO]:[04:29:26] CPLEX solver finished. Gap: 10.380000
[INFO]:[04:29:26] Starting CPLEX solver on instance: /home/yorig/tuner/mpils-tests/instances/miplib/easy/mas74.mps with config: /scratch/yorig/mpils-results-grid-ticks-10000-7may/easy/24proc/seed-5/5_mas74_seed-5_20260509_041642/iterated_local_search/run_5_worker_19/ils_config_2077436632947960854.prm
[INFO]:[04:29:26] Starting CPLEX solver on instance: /home/yorig/tuner/mpils-tests/instances/miplib/easy/mas74.mps with config: /scratch/yorig/mpils-results-grid-ticks-10000-7may/easy/24proc/seed-5/5_mas74_seed-5_20260509_041642/iterated_local_search/run_5_worker_19/ils_config_2077436632947960854.prm
[INFO]:[04:29:35] CPLEX results. Gap: 8.660000, upper bound: 11801.185729, lower bound: 10779.007483
[INFO]:[04:29:35] CPLEX solver finished. Gap: 8.660000
[INFO]:[04:29:35] Starting CPLEX solver on instance: /home/yorig/tuner/mpils-tests/instances/miplib/easy/mas74.mps with config: /scratch/yorig/mpils-results-grid-ticks-10000-7may/easy/24proc/seed-5/5_mas74_seed-5_20260509_041642/iterated_local_search/run_5_worker_19/ils_config_14233709351742744280.prm
[INFO]:[04:29:35] Starting CPLEX solver on instance: /home/yorig/tuner/mpils-tests/instances/miplib/easy/mas74.mps with config: /scratch/yorig/mpils-results-grid-ticks-10000-7may/easy/24proc/seed-5/5_mas74_seed-5_20260509_041642/iterated_local_search/run_5_worker_19/ils_config_14233709351742744280.prm
[INFO]:[04:29:44] CPLEX results. Gap: 8.640000, upper bound: 11801.185729, lower bound: 10781.951520
[INFO]:[04:29:44] CPLEX solver finished. Gap: 8.640000
[INFO]:[04:29:44] Starting CPLEX solver on instance: /home/yorig/tuner/mpils-tests/instances/miplib/easy/mas74.mps with config: /scratch/yorig/mpils-results-grid-ticks-10000-7may/easy/24proc/seed-5/5_mas74_seed-5_20260509_041642/iterated_local_search/run_5_worker_19/ils_config_13603799090500319457.prm
[INFO]:[04:29:44] Starting CPLEX solver on instance: /home/yorig/tuner/mpils-tests/instances/miplib/easy/mas74.mps with config: /scratch/yorig/mpils-results-grid-ticks-10000-7may/easy/24proc/seed-5/5_mas74_seed-5_20260509_041642/iterated_local_search/run_5_worker_19/ils_config_13603799090500319457.prm
[INFO]:[04:29:53] CPLEX results. Gap: 9.870000, upper bound: 11801.185729, lower bound: 10636.100456
[INFO]:[04:29:53] CPLEX solver finished. Gap: 9.870000
[INFO]:[04:29:53] Starting CPLEX solver on instance: /home/yorig/tuner/mpils-tests/instances/miplib/easy/mas74.mps with config: /scratch/yorig/mpils-results-grid-ticks-10000-7may/easy/24proc/seed-5/5_mas74_seed-5_20260509_041642/iterated_local_search/run_5_worker_19/ils_config_2020265830515371664.prm
[INFO]:[04:29:53] Starting CPLEX solver on instance: /home/yorig/tuner/mpils-tests/instances/miplib/easy/mas74.mps with config: /scratch/yorig/mpils-results-grid-ticks-10000-7may/easy/24proc/seed-5/5_mas74_seed-5_20260509_041642/iterated_local_search/run_5_worker_19/ils_config_2020265830515371664.prm
[INFO]:[04:30:02] CPLEX results. Gap: 8.640000, upper bound: 11801.185729, lower bound: 10781.951520
[INFO]:[04:30:02] CPLEX solver finished. Gap: 8.640000
[INFO]:[04:30:02] Starting CPLEX solver on instance: /home/yorig/tuner/mpils-tests/instances/miplib/easy/mas74.mps with config: /scratch/yorig/mpils-results-grid-ticks-10000-7may/easy/24proc/seed-5/5_mas74_seed-5_20260509_041642/iterated_local_search/run_5_worker_19/ils_config_7052241730151933016.prm
[INFO]:[04:30:02] Starting CPLEX solver on instance: /home/yorig/tuner/mpils-tests/instances/miplib/easy/mas74.mps with config: /scratch/yorig/mpils-results-grid-ticks-10000-7may/easy/24proc/seed-5/5_mas74_seed-5_20260509_041642/iterated_local_search/run_5_worker_19/ils_config_7052241730151933016.prm
[INFO]:[04:30:11] CPLEX results. Gap: 8.640000, upper bound: 11801.185729, lower bound: 10781.951520
[INFO]:[04:30:11] CPLEX solver finished. Gap: 8.640000
[INFO]:[04:30:11] Starting CPLEX solver on instance: /home/yorig/tuner/mpils-tests/instances/miplib/easy/mas74.mps with config: /scratch/yorig/mpils-results-grid-ticks-10000-7may/easy/24proc/seed-5/5_mas74_seed-5_20260509_041642/iterated_local_search/run_5_worker_19/ils_config_4715971678419790697.prm
[INFO]:[04:30:11] Starting CPLEX solver on instance: /home/yorig/tuner/mpils-tests/instances/miplib/easy/mas74.mps with config: /scratch/yorig/mpils-results-grid-ticks-10000-7may/easy/24proc/seed-5/5_mas74_seed-5_20260509_041642/iterated_local_search/run_5_worker_19/ils_config_4715971678419790697.prm
[INFO]:[04:30:20] CPLEX results. Gap: 8.290000, upper bound: 11801.185729, lower bound: 10822.294828
[INFO]:[04:30:20] CPLEX solver finished. Gap: 8.290000
[INFO]:[04:30:20] New incumbent found with objective value: 8.29
[INFO]:[04:30:20] Local search phase completed.
[INFO]:[04:30:20] Total number of new local-search evaluations: 18
[INFO]:[04:30:20] Final incumbent objective value: 8.29
[INFO]:[04:32:08] Worker 19 completed exploration phase.
[INFO]:[04:32:08] Worker 19 received order for step 2.
[INFO]:[04:32:08] Worker 19 running expansion phase for iteration 5.
[INFO]:[04:32:08] Worker 19 will use solver log file: /scratch/yorig/mpils-results-grid-ticks-10000-7may/easy/24proc/seed-5/5_mas74_seed-5_20260509_041642/solver/cplex.log_iteration_expansion_5_worker_19
[INFO]:[04:32:08] Expansion Worker 19 starting expansion for iteration 5.
[INFO]:[04:32:08] Starting CPLEX solver on instance: /home/yorig/tuner/mpils-tests/instances/miplib/easy/mas74.mps with config: /scratch/yorig/mpils-results-grid-ticks-10000-7may/easy/24proc/seed-5/5_mas74_seed-5_20260509_041642/expansion/config_param_CPXPARAM_MIP_Strategy_StartAlgorithm_3_iter_5.prm
[INFO]:[04:32:18] CPLEX results. Gap: 1.890000, upper bound: 11801.185729, lower bound: 11577.875598
[INFO]:[04:32:19] CPLEX solver finished. Gap: 1.890000
[INFO]:[04:32:19] Expansion Worker 19 found an improving configuration with objective value 1.89.
[INFO]:[04:32:20] Expansion Worker 19 stopping early after global MPI expansion stop was activated.
[INFO]:[04:32:20] Expansion Worker 19 completed expansion.
[INFO]:[04:32:20] Worker 19 completed expansion phase.
[INFO]:[04:32:22] Worker 19 received order for step 1.
[INFO]:[04:32:22] Worker 19 running exploration phase for iteration 6.
[INFO]:[04:32:22] Worker 19 at iteration 6 will not use a MIP start file. Current best MIP-start upper bound threshold is 1.79769e+308.
[INFO]:[04:32:22] Starting local search phase...
[INFO]:[04:32:22] Creating local search space from parameter space file: /scratch/yorig/mpils-results-grid-ticks-10000-7may/easy/24proc/seed-5/5_mas74_seed-5_20260509_041642/iterated_local_search/search_space/search_space_file_6_worker_19.txt
[INFO]:[04:32:22] Local search space loaded from file: /scratch/yorig/mpils-results-grid-ticks-10000-7may/easy/24proc/seed-5/5_mas74_seed-5_20260509_041642/iterated_local_search/search_space/search_space_file_6_worker_19.txt
[INFO]:[04:32:22] Number of parameters in local search space: 71
[INFO]:[04:32:22] Number of forbidden tuples in local search space: 145
[INFO]:[04:32:22] Number of conditionals in local search space: 6
[INFO]:[04:32:22] MIP start option not enabled. Local search will proceed without MIP start.
[INFO]:[04:32:22] Evaluating initial configuration for local search phase...
[INFO]:[04:32:22] Starting CPLEX solver on instance: /home/yorig/tuner/mpils-tests/instances/miplib/easy/mas74.mps with config: /scratch/yorig/mpils-results-grid-ticks-10000-7may/easy/24proc/seed-5/5_mas74_seed-5_20260509_041642/iterated_local_search/run_6_worker_19/ils_config_328588152445468951.prm
[INFO]:[04:32:22] Starting CPLEX solver on instance: /home/yorig/tuner/mpils-tests/instances/miplib/easy/mas74.mps with config: /scratch/yorig/mpils-results-grid-ticks-10000-7may/easy/24proc/seed-5/5_mas74_seed-5_20260509_041642/iterated_local_search/run_6_worker_19/ils_config_328588152445468951.prm
[INFO]:[04:32:29] CPLEX results. Gap: 10.300000, upper bound: 11891.263051, lower bound: 10665.938830
[INFO]:[04:32:29] CPLEX solver finished. Gap: 10.300000
[INFO]:[04:32:29] Initial configuration evaluated with objective value: 10.3
[INFO]:[04:32:29] Starting CPLEX solver on instance: /home/yorig/tuner/mpils-tests/instances/miplib/easy/mas74.mps with config: /scratch/yorig/mpils-results-grid-ticks-10000-7may/easy/24proc/seed-5/5_mas74_seed-5_20260509_041642/iterated_local_search/run_6_worker_19/ils_config_3852158052106845767.prm
[INFO]:[04:32:29] Starting CPLEX solver on instance: /home/yorig/tuner/mpils-tests/instances/miplib/easy/mas74.mps with config: /scratch/yorig/mpils-results-grid-ticks-10000-7may/easy/24proc/seed-5/5_mas74_seed-5_20260509_041642/iterated_local_search/run_6_worker_19/ils_config_3852158052106845767.prm
[INFO]:[04:32:36] CPLEX results. Gap: 10.300000, upper bound: 11891.263051, lower bound: 10665.938830
[INFO]:[04:32:36] CPLEX solver finished. Gap: 10.300000
[INFO]:[04:32:36] Starting CPLEX solver on instance: /home/yorig/tuner/mpils-tests/instances/miplib/easy/mas74.mps with config: /scratch/yorig/mpils-results-grid-ticks-10000-7may/easy/24proc/seed-5/5_mas74_seed-5_20260509_041642/iterated_local_search/run_6_worker_19/ils_config_8928102345371788507.prm
[INFO]:[04:32:36] Starting CPLEX solver on instance: /home/yorig/tuner/mpils-tests/instances/miplib/easy/mas74.mps with config: /scratch/yorig/mpils-results-grid-ticks-10000-7may/easy/24proc/seed-5/5_mas74_seed-5_20260509_041642/iterated_local_search/run_6_worker_19/ils_config_8928102345371788507.prm
[INFO]:[04:32:43] CPLEX results. Gap: 9.620000, upper bound: 11801.185729, lower bound: 10665.938830
[INFO]:[04:32:43] CPLEX solver finished. Gap: 9.620000
[INFO]:[04:32:43] New incumbent found with objective value: 9.62
[INFO]:[04:32:43] Starting CPLEX solver on instance: /home/yorig/tuner/mpils-tests/instances/miplib/easy/mas74.mps with config: /scratch/yorig/mpils-results-grid-ticks-10000-7may/easy/24proc/seed-5/5_mas74_seed-5_20260509_041642/iterated_local_search/run_6_worker_19/ils_config_16824029331743892392.prm
[INFO]:[04:32:43] Starting CPLEX solver on instance: /home/yorig/tuner/mpils-tests/instances/miplib/easy/mas74.mps with config: /scratch/yorig/mpils-results-grid-ticks-10000-7may/easy/24proc/seed-5/5_mas74_seed-5_20260509_041642/iterated_local_search/run_6_worker_19/ils_config_16824029331743892392.prm
[INFO]:[04:32:50] CPLEX results. Gap: 9.520000, upper bound: 11801.185729, lower bound: 10677.885518
[INFO]:[04:32:50] CPLEX solver finished. Gap: 9.520000
[INFO]:[04:32:50] New incumbent found with objective value: 9.52
[INFO]:[04:32:50] Starting CPLEX solver on instance: /home/yorig/tuner/mpils-tests/instances/miplib/easy/mas74.mps with config: /scratch/yorig/mpils-results-grid-ticks-10000-7may/easy/24proc/seed-5/5_mas74_seed-5_20260509_041642/iterated_local_search/run_6_worker_19/ils_config_17083329191383315152.prm
[INFO]:[04:32:50] Starting CPLEX solver on instance: /home/yorig/tuner/mpils-tests/instances/miplib/easy/mas74.mps with config: /scratch/yorig/mpils-results-grid-ticks-10000-7may/easy/24proc/seed-5/5_mas74_seed-5_20260509_041642/iterated_local_search/run_6_worker_19/ils_config_17083329191383315152.prm
[INFO]:[04:32:57] CPLEX results. Gap: 9.580000, upper bound: 11801.185729, lower bound: 10670.289934
[INFO]:[04:32:57] CPLEX solver finished. Gap: 9.580000
[INFO]:[04:32:57] Starting CPLEX solver on instance: /home/yorig/tuner/mpils-tests/instances/miplib/easy/mas74.mps with config: /scratch/yorig/mpils-results-grid-ticks-10000-7may/easy/24proc/seed-5/5_mas74_seed-5_20260509_041642/iterated_local_search/run_6_worker_19/ils_config_8885405848379047683.prm
[INFO]:[04:32:57] Starting CPLEX solver on instance: /home/yorig/tuner/mpils-tests/instances/miplib/easy/mas74.mps with config: /scratch/yorig/mpils-results-grid-ticks-10000-7may/easy/24proc/seed-5/5_mas74_seed-5_20260509_041642/iterated_local_search/run_6_worker_19/ils_config_8885405848379047683.prm
[INFO]:[04:33:04] CPLEX results. Gap: 9.170000, upper bound: 11801.185729, lower bound: 10719.335984
[INFO]:[04:33:04] CPLEX solver finished. Gap: 9.170000
[INFO]:[04:33:04] New incumbent found with objective value: 9.17
[INFO]:[04:33:04] Starting CPLEX solver on instance: /home/yorig/tuner/mpils-tests/instances/miplib/easy/mas74.mps with config: /scratch/yorig/mpils-results-grid-ticks-10000-7may/easy/24proc/seed-5/5_mas74_seed-5_20260509_041642/iterated_local_search/run_6_worker_19/ils_config_1328458321362414566.prm
[INFO]:[04:33:04] Starting CPLEX solver on instance: /home/yorig/tuner/mpils-tests/instances/miplib/easy/mas74.mps with config: /scratch/yorig/mpils-results-grid-ticks-10000-7may/easy/24proc/seed-5/5_mas74_seed-5_20260509_041642/iterated_local_search/run_6_worker_19/ils_config_1328458321362414566.prm
[INFO]:[04:33:12] CPLEX results. Gap: 9.360000, upper bound: 11801.185729, lower bound: 10696.814850
[INFO]:[04:33:12] CPLEX solver finished. Gap: 9.360000
[INFO]:[04:33:12] Starting CPLEX solver on instance: /home/yorig/tuner/mpils-tests/instances/miplib/easy/mas74.mps with config: /scratch/yorig/mpils-results-grid-ticks-10000-7may/easy/24proc/seed-5/5_mas74_seed-5_20260509_041642/iterated_local_search/run_6_worker_19/ils_config_1481355784273172821.prm
[INFO]:[04:33:12] Starting CPLEX solver on instance: /home/yorig/tuner/mpils-tests/instances/miplib/easy/mas74.mps with config: /scratch/yorig/mpils-results-grid-ticks-10000-7may/easy/24proc/seed-5/5_mas74_seed-5_20260509_041642/iterated_local_search/run_6_worker_19/ils_config_1481355784273172821.prm
[INFO]:[04:33:23] CPLEX results. Gap: 9.580000, upper bound: 11801.185729, lower bound: 10670.316259
[INFO]:[04:33:23] CPLEX solver finished. Gap: 9.580000
[INFO]:[04:33:23] Starting CPLEX solver on instance: /home/yorig/tuner/mpils-tests/instances/miplib/easy/mas74.mps with config: /scratch/yorig/mpils-results-grid-ticks-10000-7may/easy/24proc/seed-5/5_mas74_seed-5_20260509_041642/iterated_local_search/run_6_worker_19/ils_config_18025049136670277857.prm
[INFO]:[04:33:23] Starting CPLEX solver on instance: /home/yorig/tuner/mpils-tests/instances/miplib/easy/mas74.mps with config: /scratch/yorig/mpils-results-grid-ticks-10000-7may/easy/24proc/seed-5/5_mas74_seed-5_20260509_041642/iterated_local_search/run_6_worker_19/ils_config_18025049136670277857.prm
[INFO]:[04:33:30] CPLEX results. Gap: 9.990000, upper bound: 11891.263051, lower bound: 10703.288033
[INFO]:[04:33:30] CPLEX solver finished. Gap: 9.990000
[INFO]:[04:33:30] Starting CPLEX solver on instance: /home/yorig/tuner/mpils-tests/instances/miplib/easy/mas74.mps with config: /scratch/yorig/mpils-results-grid-ticks-10000-7may/easy/24proc/seed-5/5_mas74_seed-5_20260509_041642/iterated_local_search/run_6_worker_19/ils_config_11984796980522069953.prm
[INFO]:[04:33:30] Starting CPLEX solver on instance: /home/yorig/tuner/mpils-tests/instances/miplib/easy/mas74.mps with config: /scratch/yorig/mpils-results-grid-ticks-10000-7may/easy/24proc/seed-5/5_mas74_seed-5_20260509_041642/iterated_local_search/run_6_worker_19/ils_config_11984796980522069953.prm
[INFO]:[04:33:36] CPLEX results. Gap: 9.170000, upper bound: 11801.185729, lower bound: 10719.335984
[INFO]:[04:33:36] CPLEX solver finished. Gap: 9.170000
[INFO]:[04:33:36] Starting CPLEX solver on instance: /home/yorig/tuner/mpils-tests/instances/miplib/easy/mas74.mps with config: /scratch/yorig/mpils-results-grid-ticks-10000-7may/easy/24proc/seed-5/5_mas74_seed-5_20260509_041642/iterated_local_search/run_6_worker_19/ils_config_11195619292522316778.prm
[INFO]:[04:33:36] Starting CPLEX solver on instance: /home/yorig/tuner/mpils-tests/instances/miplib/easy/mas74.mps with config: /scratch/yorig/mpils-results-grid-ticks-10000-7may/easy/24proc/seed-5/5_mas74_seed-5_20260509_041642/iterated_local_search/run_6_worker_19/ils_config_11195619292522316778.prm
[INFO]:[04:33:43] CPLEX results. Gap: 9.170000, upper bound: 11801.185729, lower bound: 10719.335984
[INFO]:[04:33:43] CPLEX solver finished. Gap: 9.170000
[INFO]:[04:33:43] Starting CPLEX solver on instance: /home/yorig/tuner/mpils-tests/instances/miplib/easy/mas74.mps with config: /scratch/yorig/mpils-results-grid-ticks-10000-7may/easy/24proc/seed-5/5_mas74_seed-5_20260509_041642/iterated_local_search/run_6_worker_19/ils_config_4095037110393027201.prm
[INFO]:[04:33:43] Starting CPLEX solver on instance: /home/yorig/tuner/mpils-tests/instances/miplib/easy/mas74.mps with config: /scratch/yorig/mpils-results-grid-ticks-10000-7may/easy/24proc/seed-5/5_mas74_seed-5_20260509_041642/iterated_local_search/run_6_worker_19/ils_config_4095037110393027201.prm
[INFO]:[04:33:50] CPLEX results. Gap: 9.170000, upper bound: 11801.185729, lower bound: 10719.335984
[INFO]:[04:33:50] CPLEX solver finished. Gap: 9.170000
[INFO]:[04:33:50] Starting CPLEX solver on instance: /home/yorig/tuner/mpils-tests/instances/miplib/easy/mas74.mps with config: /scratch/yorig/mpils-results-grid-ticks-10000-7may/easy/24proc/seed-5/5_mas74_seed-5_20260509_041642/iterated_local_search/run_6_worker_19/ils_config_4512012777967212935.prm
[INFO]:[04:33:50] Starting CPLEX solver on instance: /home/yorig/tuner/mpils-tests/instances/miplib/easy/mas74.mps with config: /scratch/yorig/mpils-results-grid-ticks-10000-7may/easy/24proc/seed-5/5_mas74_seed-5_20260509_041642/iterated_local_search/run_6_worker_19/ils_config_4512012777967212935.prm
[INFO]:[04:33:57] CPLEX results. Gap: 8.920000, upper bound: 11801.185729, lower bound: 10748.504041
[INFO]:[04:33:57] CPLEX solver finished. Gap: 8.920000
[INFO]:[04:33:57] New incumbent found with objective value: 8.92
[INFO]:[04:33:57] Starting CPLEX solver on instance: /home/yorig/tuner/mpils-tests/instances/miplib/easy/mas74.mps with config: /scratch/yorig/mpils-results-grid-ticks-10000-7may/easy/24proc/seed-5/5_mas74_seed-5_20260509_041642/iterated_local_search/run_6_worker_19/ils_config_3141544608472597288.prm
[INFO]:[04:33:57] Starting CPLEX solver on instance: /home/yorig/tuner/mpils-tests/instances/miplib/easy/mas74.mps with config: /scratch/yorig/mpils-results-grid-ticks-10000-7may/easy/24proc/seed-5/5_mas74_seed-5_20260509_041642/iterated_local_search/run_6_worker_19/ils_config_3141544608472597288.prm
[INFO]:[04:34:04] CPLEX results. Gap: 9.350000, upper bound: 11857.371258, lower bound: 10748.504041
[INFO]:[04:34:04] CPLEX solver finished. Gap: 9.350000
[INFO]:[04:34:04] Starting CPLEX solver on instance: /home/yorig/tuner/mpils-tests/instances/miplib/easy/mas74.mps with config: /scratch/yorig/mpils-results-grid-ticks-10000-7may/easy/24proc/seed-5/5_mas74_seed-5_20260509_041642/iterated_local_search/run_6_worker_19/ils_config_9029575528850106701.prm
[INFO]:[04:34:04] Starting CPLEX solver on instance: /home/yorig/tuner/mpils-tests/instances/miplib/easy/mas74.mps with config: /scratch/yorig/mpils-results-grid-ticks-10000-7may/easy/24proc/seed-5/5_mas74_seed-5_20260509_041642/iterated_local_search/run_6_worker_19/ils_config_9029575528850106701.prm
[INFO]:[04:34:11] CPLEX results. Gap: 8.970000, upper bound: 11801.185729, lower bound: 10742.047787
[INFO]:[04:34:11] CPLEX solver finished. Gap: 8.970000
[INFO]:[04:34:11] Starting CPLEX solver on instance: /home/yorig/tuner/mpils-tests/instances/miplib/easy/mas74.mps with config: /scratch/yorig/mpils-results-grid-ticks-10000-7may/easy/24proc/seed-5/5_mas74_seed-5_20260509_041642/iterated_local_search/run_6_worker_19/ils_config_11011671709616639454.prm
[INFO]:[04:34:11] Starting CPLEX solver on instance: /home/yorig/tuner/mpils-tests/instances/miplib/easy/mas74.mps with config: /scratch/yorig/mpils-results-grid-ticks-10000-7may/easy/24proc/seed-5/5_mas74_seed-5_20260509_041642/iterated_local_search/run_6_worker_19/ils_config_11011671709616639454.prm
[INFO]:[04:34:18] CPLEX results. Gap: 8.920000, upper bound: 11801.185729, lower bound: 10748.504041
[INFO]:[04:34:18] CPLEX solver finished. Gap: 8.920000
[INFO]:[04:34:18] Starting CPLEX solver on instance: /home/yorig/tuner/mpils-tests/instances/miplib/easy/mas74.mps with config: /scratch/yorig/mpils-results-grid-ticks-10000-7may/easy/24proc/seed-5/5_mas74_seed-5_20260509_041642/iterated_local_search/run_6_worker_19/ils_config_3131278931462987747.prm
[INFO]:[04:34:18] Starting CPLEX solver on instance: /home/yorig/tuner/mpils-tests/instances/miplib/easy/mas74.mps with config: /scratch/yorig/mpils-results-grid-ticks-10000-7may/easy/24proc/seed-5/5_mas74_seed-5_20260509_041642/iterated_local_search/run_6_worker_19/ils_config_3131278931462987747.prm
[INFO]:[04:34:25] CPLEX results. Gap: 8.920000, upper bound: 11801.185729, lower bound: 10748.504041
[INFO]:[04:34:25] CPLEX solver finished. Gap: 8.920000
[INFO]:[04:34:25] Starting CPLEX solver on instance: /home/yorig/tuner/mpils-tests/instances/miplib/easy/mas74.mps with config: /scratch/yorig/mpils-results-grid-ticks-10000-7may/easy/24proc/seed-5/5_mas74_seed-5_20260509_041642/iterated_local_search/run_6_worker_19/ils_config_10504630812327178371.prm
[INFO]:[04:34:25] Starting CPLEX solver on instance: /home/yorig/tuner/mpils-tests/instances/miplib/easy/mas74.mps with config: /scratch/yorig/mpils-results-grid-ticks-10000-7may/easy/24proc/seed-5/5_mas74_seed-5_20260509_041642/iterated_local_search/run_6_worker_19/ils_config_10504630812327178371.prm
[INFO]:[04:34:33] CPLEX results. Gap: 9.010000, upper bound: 11801.185729, lower bound: 10737.856724
[INFO]:[04:34:33] CPLEX solver finished. Gap: 9.010000
[INFO]:[04:34:33] Starting CPLEX solver on instance: /home/yorig/tuner/mpils-tests/instances/miplib/easy/mas74.mps with config: /scratch/yorig/mpils-results-grid-ticks-10000-7may/easy/24proc/seed-5/5_mas74_seed-5_20260509_041642/iterated_local_search/run_6_worker_19/ils_config_7914774394225562851.prm
[INFO]:[04:34:33] Starting CPLEX solver on instance: /home/yorig/tuner/mpils-tests/instances/miplib/easy/mas74.mps with config: /scratch/yorig/mpils-results-grid-ticks-10000-7may/easy/24proc/seed-5/5_mas74_seed-5_20260509_041642/iterated_local_search/run_6_worker_19/ils_config_7914774394225562851.prm
[INFO]:[04:34:40] CPLEX results. Gap: 8.920000, upper bound: 11801.185729, lower bound: 10748.504041
[INFO]:[04:34:40] CPLEX solver finished. Gap: 8.920000
[INFO]:[04:34:40] Starting CPLEX solver on instance: /home/yorig/tuner/mpils-tests/instances/miplib/easy/mas74.mps with config: /scratch/yorig/mpils-results-grid-ticks-10000-7may/easy/24proc/seed-5/5_mas74_seed-5_20260509_041642/iterated_local_search/run_6_worker_19/ils_config_18171466905786402824.prm
[INFO]:[04:34:40] Starting CPLEX solver on instance: /home/yorig/tuner/mpils-tests/instances/miplib/easy/mas74.mps with config: /scratch/yorig/mpils-results-grid-ticks-10000-7may/easy/24proc/seed-5/5_mas74_seed-5_20260509_041642/iterated_local_search/run_6_worker_19/ils_config_18171466905786402824.prm
[INFO]:[04:34:47] CPLEX results. Gap: 9.550000, upper bound: 11857.371258, lower bound: 10724.806273
[INFO]:[04:34:47] CPLEX solver finished. Gap: 9.550000
[INFO]:[04:34:47] Starting CPLEX solver on instance: /home/yorig/tuner/mpils-tests/instances/miplib/easy/mas74.mps with config: /scratch/yorig/mpils-results-grid-ticks-10000-7may/easy/24proc/seed-5/5_mas74_seed-5_20260509_041642/iterated_local_search/run_6_worker_19/ils_config_16912822684804586980.prm
[INFO]:[04:34:47] Starting CPLEX solver on instance: /home/yorig/tuner/mpils-tests/instances/miplib/easy/mas74.mps with config: /scratch/yorig/mpils-results-grid-ticks-10000-7may/easy/24proc/seed-5/5_mas74_seed-5_20260509_041642/iterated_local_search/run_6_worker_19/ils_config_16912822684804586980.prm
[INFO]:[04:34:54] CPLEX results. Gap: 8.920000, upper bound: 11801.185729, lower bound: 10748.504041
[INFO]:[04:34:54] CPLEX solver finished. Gap: 8.920000
[INFO]:[04:34:54] Starting CPLEX solver on instance: /home/yorig/tuner/mpils-tests/instances/miplib/easy/mas74.mps with config: /scratch/yorig/mpils-results-grid-ticks-10000-7may/easy/24proc/seed-5/5_mas74_seed-5_20260509_041642/iterated_local_search/run_6_worker_19/ils_config_10897442053852996111.prm
[INFO]:[04:34:54] Starting CPLEX solver on instance: /home/yorig/tuner/mpils-tests/instances/miplib/easy/mas74.mps with config: /scratch/yorig/mpils-results-grid-ticks-10000-7may/easy/24proc/seed-5/5_mas74_seed-5_20260509_041642/iterated_local_search/run_6_worker_19/ils_config_10897442053852996111.prm
[INFO]:[04:35:02] CPLEX results. Gap: 9.380000, upper bound: 11801.185729, lower bound: 10693.768356
[INFO]:[04:35:02] CPLEX solver finished. Gap: 9.380000
[INFO]:[04:35:02] Starting CPLEX solver on instance: /home/yorig/tuner/mpils-tests/instances/miplib/easy/mas74.mps with config: /scratch/yorig/mpils-results-grid-ticks-10000-7may/easy/24proc/seed-5/5_mas74_seed-5_20260509_041642/iterated_local_search/run_6_worker_19/ils_config_12985386870524140243.prm
[INFO]:[04:35:02] Starting CPLEX solver on instance: /home/yorig/tuner/mpils-tests/instances/miplib/easy/mas74.mps with config: /scratch/yorig/mpils-results-grid-ticks-10000-7may/easy/24proc/seed-5/5_mas74_seed-5_20260509_041642/iterated_local_search/run_6_worker_19/ils_config_12985386870524140243.prm
[INFO]:[04:35:09] CPLEX results. Gap: 8.920000, upper bound: 11801.185729, lower bound: 10748.504041
[INFO]:[04:35:09] CPLEX solver finished. Gap: 8.920000
[INFO]:[04:35:09] Starting CPLEX solver on instance: /home/yorig/tuner/mpils-tests/instances/miplib/easy/mas74.mps with config: /scratch/yorig/mpils-results-grid-ticks-10000-7may/easy/24proc/seed-5/5_mas74_seed-5_20260509_041642/iterated_local_search/run_6_worker_19/ils_config_11488953273318179011.prm
[INFO]:[04:35:09] Starting CPLEX solver on instance: /home/yorig/tuner/mpils-tests/instances/miplib/easy/mas74.mps with config: /scratch/yorig/mpils-results-grid-ticks-10000-7may/easy/24proc/seed-5/5_mas74_seed-5_20260509_041642/iterated_local_search/run_6_worker_19/ils_config_11488953273318179011.prm
[INFO]:[04:35:16] CPLEX results. Gap: 9.210000, upper bound: 11801.185729, lower bound: 10714.046564
[INFO]:[04:35:16] CPLEX solver finished. Gap: 9.210000
[INFO]:[04:35:16] Starting CPLEX solver on instance: /home/yorig/tuner/mpils-tests/instances/miplib/easy/mas74.mps with config: /scratch/yorig/mpils-results-grid-ticks-10000-7may/easy/24proc/seed-5/5_mas74_seed-5_20260509_041642/iterated_local_search/run_6_worker_19/ils_config_15911205670971820536.prm
[INFO]:[04:35:16] Starting CPLEX solver on instance: /home/yorig/tuner/mpils-tests/instances/miplib/easy/mas74.mps with config: /scratch/yorig/mpils-results-grid-ticks-10000-7may/easy/24proc/seed-5/5_mas74_seed-5_20260509_041642/iterated_local_search/run_6_worker_19/ils_config_15911205670971820536.prm
[INFO]:[04:35:23] CPLEX results. Gap: 9.760000, upper bound: 11857.371258, lower bound: 10699.516120
[INFO]:[04:35:23] CPLEX solver finished. Gap: 9.760000
[INFO]:[04:35:23] Starting CPLEX solver on instance: /home/yorig/tuner/mpils-tests/instances/miplib/easy/mas74.mps with config: /scratch/yorig/mpils-results-grid-ticks-10000-7may/easy/24proc/seed-5/5_mas74_seed-5_20260509_041642/iterated_local_search/run_6_worker_19/ils_config_14618983838247846556.prm
[INFO]:[04:35:23] Starting CPLEX solver on instance: /home/yorig/tuner/mpils-tests/instances/miplib/easy/mas74.mps with config: /scratch/yorig/mpils-results-grid-ticks-10000-7may/easy/24proc/seed-5/5_mas74_seed-5_20260509_041642/iterated_local_search/run_6_worker_19/ils_config_14618983838247846556.prm
[INFO]:[04:35:30] CPLEX results. Gap: 8.840000, upper bound: 11801.185729, lower bound: 10758.008150
[INFO]:[04:35:30] CPLEX solver finished. Gap: 8.840000
[INFO]:[04:35:30] New incumbent found with objective value: 8.84
[INFO]:[04:35:30] Starting CPLEX solver on instance: /home/yorig/tuner/mpils-tests/instances/miplib/easy/mas74.mps with config: /scratch/yorig/mpils-results-grid-ticks-10000-7may/easy/24proc/seed-5/5_mas74_seed-5_20260509_041642/iterated_local_search/run_6_worker_19/ils_config_15545323182526019686.prm
[INFO]:[04:35:30] Starting CPLEX solver on instance: /home/yorig/tuner/mpils-tests/instances/miplib/easy/mas74.mps with config: /scratch/yorig/mpils-results-grid-ticks-10000-7may/easy/24proc/seed-5/5_mas74_seed-5_20260509_041642/iterated_local_search/run_6_worker_19/ils_config_15545323182526019686.prm
[INFO]:[04:35:36] CPLEX results. Gap: 9.410000, upper bound: 11801.185729, lower bound: 10690.945594
[INFO]:[04:35:36] CPLEX solver finished. Gap: 9.410000
[INFO]:[04:35:36] Local search phase completed.
[INFO]:[04:35:36] Total number of new local-search evaluations: 27
[INFO]:[04:35:36] Final incumbent objective value: 8.84
[INFO]:[04:37:35] Worker 19 completed exploration phase.
[INFO]:[04:37:36] Worker 19 received order for step 2.
[INFO]:[04:37:36] Worker 19 running expansion phase for iteration 6.
[INFO]:[04:37:36] Worker 19 will use solver log file: /scratch/yorig/mpils-results-grid-ticks-10000-7may/easy/24proc/seed-5/5_mas74_seed-5_20260509_041642/solver/cplex.log_iteration_expansion_6_worker_19
[INFO]:[04:37:36] Expansion Worker 19 starting expansion for iteration 6.
[INFO]:[04:37:36] Starting CPLEX solver on instance: /home/yorig/tuner/mpils-tests/instances/miplib/easy/mas74.mps with config: /scratch/yorig/mpils-results-grid-ticks-10000-7may/easy/24proc/seed-5/5_mas74_seed-5_20260509_041642/expansion/config_param_CPXPARAM_Simplex_DGradient_2_iter_6.prm
[INFO]:[04:37:48] CPLEX results. Gap: 1.220000, upper bound: 11801.185729, lower bound: 11656.748312
[INFO]:[04:37:49] CPLEX solver finished. Gap: 1.220000
[INFO]:[04:38:02] Expansion Worker 19 stopping early after global MPI expansion stop was activated.
[INFO]:[04:38:02] Expansion Worker 19 completed expansion.
[INFO]:[04:38:02] Worker 19 completed expansion phase.
[INFO]:[04:38:05] Worker 19 received order for step 1.
[INFO]:[04:38:05] Worker 19 running exploration phase for iteration 7.
[INFO]:[04:38:05] Worker 19 at iteration 7 will not use a MIP start file. Current best MIP-start upper bound threshold is 1.79769e+308.
[INFO]:[04:38:05] Starting local search phase...
[INFO]:[04:38:05] Creating local search space from parameter space file: /scratch/yorig/mpils-results-grid-ticks-10000-7may/easy/24proc/seed-5/5_mas74_seed-5_20260509_041642/iterated_local_search/search_space/search_space_file_7_worker_19.txt
[INFO]:[04:38:05] Local search space loaded from file: /scratch/yorig/mpils-results-grid-ticks-10000-7may/easy/24proc/seed-5/5_mas74_seed-5_20260509_041642/iterated_local_search/search_space/search_space_file_7_worker_19.txt
[INFO]:[04:38:05] Number of parameters in local search space: 71
[INFO]:[04:38:05] Number of forbidden tuples in local search space: 173
[INFO]:[04:38:05] Number of conditionals in local search space: 6
[INFO]:[04:38:05] MIP start option not enabled. Local search will proceed without MIP start.
[INFO]:[04:38:05] Evaluating initial configuration for local search phase...
[INFO]:[04:38:05] Starting CPLEX solver on instance: /home/yorig/tuner/mpils-tests/instances/miplib/easy/mas74.mps with config: /scratch/yorig/mpils-results-grid-ticks-10000-7may/easy/24proc/seed-5/5_mas74_seed-5_20260509_041642/iterated_local_search/run_7_worker_19/ils_config_3369788139156610658.prm
[INFO]:[04:38:05] Starting CPLEX solver on instance: /home/yorig/tuner/mpils-tests/instances/miplib/easy/mas74.mps with config: /scratch/yorig/mpils-results-grid-ticks-10000-7may/easy/24proc/seed-5/5_mas74_seed-5_20260509_041642/iterated_local_search/run_7_worker_19/ils_config_3369788139156610658.prm
[INFO]:[04:38:15] CPLEX results. Gap: 13.150000, upper bound: 12150.371258, lower bound: 10552.523358
[INFO]:[04:38:15] CPLEX solver finished. Gap: 13.150000
[INFO]:[04:38:15] Initial configuration evaluated with objective value: 13.15
[INFO]:[04:38:15] Starting CPLEX solver on instance: /home/yorig/tuner/mpils-tests/instances/miplib/easy/mas74.mps with config: /scratch/yorig/mpils-results-grid-ticks-10000-7may/easy/24proc/seed-5/5_mas74_seed-5_20260509_041642/iterated_local_search/run_7_worker_19/ils_config_304882179051910441.prm
[INFO]:[04:38:15] Starting CPLEX solver on instance: /home/yorig/tuner/mpils-tests/instances/miplib/easy/mas74.mps with config: /scratch/yorig/mpils-results-grid-ticks-10000-7may/easy/24proc/seed-5/5_mas74_seed-5_20260509_041642/iterated_local_search/run_7_worker_19/ils_config_304882179051910441.prm
[INFO]:[04:38:26] CPLEX results. Gap: 13.150000, upper bound: 12150.371258, lower bound: 10552.523358
[INFO]:[04:38:26] CPLEX solver finished. Gap: 13.150000
[INFO]:[04:38:26] Starting CPLEX solver on instance: /home/yorig/tuner/mpils-tests/instances/miplib/easy/mas74.mps with config: /scratch/yorig/mpils-results-grid-ticks-10000-7may/easy/24proc/seed-5/5_mas74_seed-5_20260509_041642/iterated_local_search/run_7_worker_19/ils_config_12955284262044020421.prm
[INFO]:[04:38:26] Starting CPLEX solver on instance: /home/yorig/tuner/mpils-tests/instances/miplib/easy/mas74.mps with config: /scratch/yorig/mpils-results-grid-ticks-10000-7may/easy/24proc/seed-5/5_mas74_seed-5_20260509_041642/iterated_local_search/run_7_worker_19/ils_config_12955284262044020421.prm
[INFO]:[04:38:36] CPLEX results. Gap: 13.150000, upper bound: 12150.371258, lower bound: 10552.523358
[INFO]:[04:38:36] CPLEX solver finished. Gap: 13.150000
[INFO]:[04:38:36] Starting CPLEX solver on instance: /home/yorig/tuner/mpils-tests/instances/miplib/easy/mas74.mps with config: /scratch/yorig/mpils-results-grid-ticks-10000-7may/easy/24proc/seed-5/5_mas74_seed-5_20260509_041642/iterated_local_search/run_7_worker_19/ils_config_7701848439884707.prm
[INFO]:[04:38:36] Starting CPLEX solver on instance: /home/yorig/tuner/mpils-tests/instances/miplib/easy/mas74.mps with config: /scratch/yorig/mpils-results-grid-ticks-10000-7may/easy/24proc/seed-5/5_mas74_seed-5_20260509_041642/iterated_local_search/run_7_worker_19/ils_config_7701848439884707.prm
[INFO]:[04:38:46] CPLEX results. Gap: 13.150000, upper bound: 12150.371258, lower bound: 10552.523358
[INFO]:[04:38:46] CPLEX solver finished. Gap: 13.150000
[INFO]:[04:38:46] Starting CPLEX solver on instance: /home/yorig/tuner/mpils-tests/instances/miplib/easy/mas74.mps with config: /scratch/yorig/mpils-results-grid-ticks-10000-7may/easy/24proc/seed-5/5_mas74_seed-5_20260509_041642/iterated_local_search/run_7_worker_19/ils_config_11631982424778034316.prm
[INFO]:[04:38:46] Starting CPLEX solver on instance: /home/yorig/tuner/mpils-tests/instances/miplib/easy/mas74.mps with config: /scratch/yorig/mpils-results-grid-ticks-10000-7may/easy/24proc/seed-5/5_mas74_seed-5_20260509_041642/iterated_local_search/run_7_worker_19/ils_config_11631982424778034316.prm
[INFO]:[04:38:57] CPLEX results. Gap: 13.150000, upper bound: 12150.371258, lower bound: 10552.523358
[INFO]:[04:38:57] CPLEX solver finished. Gap: 13.150000
[INFO]:[04:38:57] Starting CPLEX solver on instance: /home/yorig/tuner/mpils-tests/instances/miplib/easy/mas74.mps with config: /scratch/yorig/mpils-results-grid-ticks-10000-7may/easy/24proc/seed-5/5_mas74_seed-5_20260509_041642/iterated_local_search/run_7_worker_19/ils_config_7292047309373869475.prm
[INFO]:[04:38:57] Starting CPLEX solver on instance: /home/yorig/tuner/mpils-tests/instances/miplib/easy/mas74.mps with config: /scratch/yorig/mpils-results-grid-ticks-10000-7may/easy/24proc/seed-5/5_mas74_seed-5_20260509_041642/iterated_local_search/run_7_worker_19/ils_config_7292047309373869475.prm
[INFO]:[04:39:07] CPLEX results. Gap: 13.150000, upper bound: 12150.371258, lower bound: 10552.523358
[INFO]:[04:39:07] CPLEX solver finished. Gap: 13.150000
[INFO]:[04:39:07] Starting CPLEX solver on instance: /home/yorig/tuner/mpils-tests/instances/miplib/easy/mas74.mps with config: /scratch/yorig/mpils-results-grid-ticks-10000-7may/easy/24proc/seed-5/5_mas74_seed-5_20260509_041642/iterated_local_search/run_7_worker_19/ils_config_3143054761695817750.prm
[INFO]:[04:39:07] Starting CPLEX solver on instance: /home/yorig/tuner/mpils-tests/instances/miplib/easy/mas74.mps with config: /scratch/yorig/mpils-results-grid-ticks-10000-7may/easy/24proc/seed-5/5_mas74_seed-5_20260509_041642/iterated_local_search/run_7_worker_19/ils_config_3143054761695817750.prm
[INFO]:[04:39:14] CPLEX results. Gap: 13.710000, upper bound: 12253.529154, lower bound: 10574.004922
[INFO]:[04:39:14] CPLEX solver finished. Gap: 13.710000
[INFO]:[04:39:14] Starting CPLEX solver on instance: /home/yorig/tuner/mpils-tests/instances/miplib/easy/mas74.mps with config: /scratch/yorig/mpils-results-grid-ticks-10000-7may/easy/24proc/seed-5/5_mas74_seed-5_20260509_041642/iterated_local_search/run_7_worker_19/ils_config_17645615469837546365.prm
[INFO]:[04:39:14] Starting CPLEX solver on instance: /home/yorig/tuner/mpils-tests/instances/miplib/easy/mas74.mps with config: /scratch/yorig/mpils-results-grid-ticks-10000-7may/easy/24proc/seed-5/5_mas74_seed-5_20260509_041642/iterated_local_search/run_7_worker_19/ils_config_17645615469837546365.prm
[INFO]:[04:39:25] CPLEX results. Gap: 13.150000, upper bound: 12150.371258, lower bound: 10552.523358
[INFO]:[04:39:25] CPLEX solver finished. Gap: 13.150000
[INFO]:[04:39:25] Starting CPLEX solver on instance: /home/yorig/tuner/mpils-tests/instances/miplib/easy/mas74.mps with config: /scratch/yorig/mpils-results-grid-ticks-10000-7may/easy/24proc/seed-5/5_mas74_seed-5_20260509_041642/iterated_local_search/run_7_worker_19/ils_config_610051292256144034.prm
[INFO]:[04:39:25] Starting CPLEX solver on instance: /home/yorig/tuner/mpils-tests/instances/miplib/easy/mas74.mps with config: /scratch/yorig/mpils-results-grid-ticks-10000-7may/easy/24proc/seed-5/5_mas74_seed-5_20260509_041642/iterated_local_search/run_7_worker_19/ils_config_610051292256144034.prm
[INFO]:[04:39:35] CPLEX results. Gap: 11.240000, upper bound: 11939.484943, lower bound: 10597.513295
[INFO]:[04:39:35] CPLEX solver finished. Gap: 11.240000
[INFO]:[04:39:35] New incumbent found with objective value: 11.24
[INFO]:[04:39:35] Starting CPLEX solver on instance: /home/yorig/tuner/mpils-tests/instances/miplib/easy/mas74.mps with config: /scratch/yorig/mpils-results-grid-ticks-10000-7may/easy/24proc/seed-5/5_mas74_seed-5_20260509_041642/iterated_local_search/run_7_worker_19/ils_config_10197024139276469625.prm
[INFO]:[04:39:35] Starting CPLEX solver on instance: /home/yorig/tuner/mpils-tests/instances/miplib/easy/mas74.mps with config: /scratch/yorig/mpils-results-grid-ticks-10000-7may/easy/24proc/seed-5/5_mas74_seed-5_20260509_041642/iterated_local_search/run_7_worker_19/ils_config_10197024139276469625.prm
[INFO]:[04:39:45] CPLEX results. Gap: 12.930000, upper bound: 12129.083886, lower bound: 10561.103941
[INFO]:[04:39:45] CPLEX solver finished. Gap: 12.930000
[INFO]:[04:39:45] Starting CPLEX solver on instance: /home/yorig/tuner/mpils-tests/instances/miplib/easy/mas74.mps with config: /scratch/yorig/mpils-results-grid-ticks-10000-7may/easy/24proc/seed-5/5_mas74_seed-5_20260509_041642/iterated_local_search/run_7_worker_19/ils_config_4337119459195132549.prm
[INFO]:[04:39:45] Starting CPLEX solver on instance: /home/yorig/tuner/mpils-tests/instances/miplib/easy/mas74.mps with config: /scratch/yorig/mpils-results-grid-ticks-10000-7may/easy/24proc/seed-5/5_mas74_seed-5_20260509_041642/iterated_local_search/run_7_worker_19/ils_config_4337119459195132549.prm
[INFO]:[04:39:55] CPLEX results. Gap: 11.290000, upper bound: 11945.824524, lower bound: 10597.513295
[INFO]:[04:39:55] CPLEX solver finished. Gap: 11.290000
[INFO]:[04:39:55] Starting CPLEX solver on instance: /home/yorig/tuner/mpils-tests/instances/miplib/easy/mas74.mps with config: /scratch/yorig/mpils-results-grid-ticks-10000-7may/easy/24proc/seed-5/5_mas74_seed-5_20260509_041642/iterated_local_search/run_7_worker_19/ils_config_3642489821286170186.prm
[INFO]:[04:39:55] Starting CPLEX solver on instance: /home/yorig/tuner/mpils-tests/instances/miplib/easy/mas74.mps with config: /scratch/yorig/mpils-results-grid-ticks-10000-7may/easy/24proc/seed-5/5_mas74_seed-5_20260509_041642/iterated_local_search/run_7_worker_19/ils_config_3642489821286170186.prm
[INFO]:[04:40:06] CPLEX results. Gap: 11.240000, upper bound: 11939.484943, lower bound: 10597.513295
[INFO]:[04:40:06] CPLEX solver finished. Gap: 11.240000
[INFO]:[04:40:06] Starting CPLEX solver on instance: /home/yorig/tuner/mpils-tests/instances/miplib/easy/mas74.mps with config: /scratch/yorig/mpils-results-grid-ticks-10000-7may/easy/24proc/seed-5/5_mas74_seed-5_20260509_041642/iterated_local_search/run_7_worker_19/ils_config_2084946985873180394.prm
[INFO]:[04:40:06] Starting CPLEX solver on instance: /home/yorig/tuner/mpils-tests/instances/miplib/easy/mas74.mps with config: /scratch/yorig/mpils-results-grid-ticks-10000-7may/easy/24proc/seed-5/5_mas74_seed-5_20260509_041642/iterated_local_search/run_7_worker_19/ils_config_2084946985873180394.prm
[INFO]:[04:40:15] CPLEX results. Gap: 11.240000, upper bound: 11939.484943, lower bound: 10597.513295
[INFO]:[04:40:15] CPLEX solver finished. Gap: 11.240000
[INFO]:[04:40:15] Starting CPLEX solver on instance: /home/yorig/tuner/mpils-tests/instances/miplib/easy/mas74.mps with config: /scratch/yorig/mpils-results-grid-ticks-10000-7may/easy/24proc/seed-5/5_mas74_seed-5_20260509_041642/iterated_local_search/run_7_worker_19/ils_config_15006572570261391497.prm
[INFO]:[04:40:15] Starting CPLEX solver on instance: /home/yorig/tuner/mpils-tests/instances/miplib/easy/mas74.mps with config: /scratch/yorig/mpils-results-grid-ticks-10000-7may/easy/24proc/seed-5/5_mas74_seed-5_20260509_041642/iterated_local_search/run_7_worker_19/ils_config_15006572570261391497.prm
[INFO]:[04:40:24] CPLEX results. Gap: 11.360000, upper bound: 11945.824524, lower bound: 10588.780290
[INFO]:[04:40:24] CPLEX solver finished. Gap: 11.360000
[INFO]:[04:40:24] Starting CPLEX solver on instance: /home/yorig/tuner/mpils-tests/instances/miplib/easy/mas74.mps with config: /scratch/yorig/mpils-results-grid-ticks-10000-7may/easy/24proc/seed-5/5_mas74_seed-5_20260509_041642/iterated_local_search/run_7_worker_19/ils_config_2091077543755173964.prm
[INFO]:[04:40:24] Starting CPLEX solver on instance: /home/yorig/tuner/mpils-tests/instances/miplib/easy/mas74.mps with config: /scratch/yorig/mpils-results-grid-ticks-10000-7may/easy/24proc/seed-5/5_mas74_seed-5_20260509_041642/iterated_local_search/run_7_worker_19/ils_config_2091077543755173964.prm
[INFO]:[04:40:34] CPLEX results. Gap: 11.240000, upper bound: 11939.484943, lower bound: 10597.513295
[INFO]:[04:40:34] CPLEX solver finished. Gap: 11.240000
[INFO]:[04:40:34] Starting CPLEX solver on instance: /home/yorig/tuner/mpils-tests/instances/miplib/easy/mas74.mps with config: /scratch/yorig/mpils-results-grid-ticks-10000-7may/easy/24proc/seed-5/5_mas74_seed-5_20260509_041642/iterated_local_search/run_7_worker_19/ils_config_2456120987788194763.prm
[INFO]:[04:40:34] Starting CPLEX solver on instance: /home/yorig/tuner/mpils-tests/instances/miplib/easy/mas74.mps with config: /scratch/yorig/mpils-results-grid-ticks-10000-7may/easy/24proc/seed-5/5_mas74_seed-5_20260509_041642/iterated_local_search/run_7_worker_19/ils_config_2456120987788194763.prm
[INFO]:[04:40:43] CPLEX results. Gap: 11.240000, upper bound: 11939.484943, lower bound: 10597.513295
[INFO]:[04:40:43] CPLEX solver finished. Gap: 11.240000
[INFO]:[04:40:43] Starting CPLEX solver on instance: /home/yorig/tuner/mpils-tests/instances/miplib/easy/mas74.mps with config: /scratch/yorig/mpils-results-grid-ticks-10000-7may/easy/24proc/seed-5/5_mas74_seed-5_20260509_041642/iterated_local_search/run_7_worker_19/ils_config_14246874674383922354.prm
[INFO]:[04:40:43] Starting CPLEX solver on instance: /home/yorig/tuner/mpils-tests/instances/miplib/easy/mas74.mps with config: /scratch/yorig/mpils-results-grid-ticks-10000-7may/easy/24proc/seed-5/5_mas74_seed-5_20260509_041642/iterated_local_search/run_7_worker_19/ils_config_14246874674383922354.prm
[INFO]:[04:40:53] CPLEX results. Gap: 11.560000, upper bound: 12007.448580, lower bound: 10619.490532
[INFO]:[04:40:53] CPLEX solver finished. Gap: 11.560000
[INFO]:[04:40:53] Starting CPLEX solver on instance: /home/yorig/tuner/mpils-tests/instances/miplib/easy/mas74.mps with config: /scratch/yorig/mpils-results-grid-ticks-10000-7may/easy/24proc/seed-5/5_mas74_seed-5_20260509_041642/iterated_local_search/run_7_worker_19/ils_config_16123967611236721478.prm
[INFO]:[04:40:53] Starting CPLEX solver on instance: /home/yorig/tuner/mpils-tests/instances/miplib/easy/mas74.mps with config: /scratch/yorig/mpils-results-grid-ticks-10000-7may/easy/24proc/seed-5/5_mas74_seed-5_20260509_041642/iterated_local_search/run_7_worker_19/ils_config_16123967611236721478.prm
[INFO]:[04:41:03] CPLEX results. Gap: 11.240000, upper bound: 11939.484943, lower bound: 10597.513295
[INFO]:[04:41:03] CPLEX solver finished. Gap: 11.240000
[INFO]:[04:41:03] Local search phase completed.
[INFO]:[04:41:03] Total number of new local-search evaluations: 18
[INFO]:[04:41:03] Final incumbent objective value: 11.24
[INFO]:[04:41:30] Worker 19 completed exploration phase.
[INFO]:[04:41:30] Worker 19 received order for step 2.
[INFO]:[04:41:30] Worker 19 running expansion phase for iteration 7.
[INFO]:[04:41:30] Worker 19 will use solver log file: /scratch/yorig/mpils-results-grid-ticks-10000-7may/easy/24proc/seed-5/5_mas74_seed-5_20260509_041642/solver/cplex.log_iteration_expansion_7_worker_19
[INFO]:[04:41:30] Expansion Worker 19 starting expansion for iteration 7.
[INFO]:[04:41:30] Starting CPLEX solver on instance: /home/yorig/tuner/mpils-tests/instances/miplib/easy/mas74.mps with config: /scratch/yorig/mpils-results-grid-ticks-10000-7may/easy/24proc/seed-5/5_mas74_seed-5_20260509_041642/expansion/config_param_CPXPARAM_Simplex_Crash_0_iter_7.prm
[INFO]:[04:41:43] CPLEX results. Gap: 1.160000, upper bound: 11801.185729, lower bound: 11663.891247
[INFO]:[04:41:43] CPLEX solver finished. Gap: 1.160000
[INFO]:[04:41:56] Expansion Worker 19 completed expansion.
[INFO]:[04:41:56] Worker 19 completed expansion phase.
[INFO]:[04:42:00] Worker 19 received order for step 1.
[INFO]:[04:42:00] Worker 19 running exploration phase for iteration 8.
[INFO]:[04:42:00] Worker 19 at iteration 8 will not use a MIP start file. Current best MIP-start upper bound threshold is 1.79769e+308.
[INFO]:[04:42:00] Starting local search phase...
[INFO]:[04:42:00] Creating local search space from parameter space file: /scratch/yorig/mpils-results-grid-ticks-10000-7may/easy/24proc/seed-5/5_mas74_seed-5_20260509_041642/iterated_local_search/search_space/search_space_file_8_worker_19.txt
[INFO]:[04:42:00] Local search space loaded from file: /scratch/yorig/mpils-results-grid-ticks-10000-7may/easy/24proc/seed-5/5_mas74_seed-5_20260509_041642/iterated_local_search/search_space/search_space_file_8_worker_19.txt
[INFO]:[04:42:00] Number of parameters in local search space: 71
[INFO]:[04:42:00] Number of forbidden tuples in local search space: 201
[INFO]:[04:42:00] Number of conditionals in local search space: 6
[INFO]:[04:42:00] MIP start option not enabled. Local search will proceed without MIP start.
[INFO]:[04:42:00] Evaluating initial configuration for local search phase...
[INFO]:[04:42:00] Starting CPLEX solver on instance: /home/yorig/tuner/mpils-tests/instances/miplib/easy/mas74.mps with config: /scratch/yorig/mpils-results-grid-ticks-10000-7may/easy/24proc/seed-5/5_mas74_seed-5_20260509_041642/iterated_local_search/run_8_worker_19/ils_config_15981423705759921737.prm
[INFO]:[04:42:00] Starting CPLEX solver on instance: /home/yorig/tuner/mpils-tests/instances/miplib/easy/mas74.mps with config: /scratch/yorig/mpils-results-grid-ticks-10000-7may/easy/24proc/seed-5/5_mas74_seed-5_20260509_041642/iterated_local_search/run_8_worker_19/ils_config_15981423705759921737.prm
[INFO]:[04:42:11] CPLEX results. Gap: 13.070000, upper bound: 12101.892379, lower bound: 10520.374231
[INFO]:[04:42:11] CPLEX solver finished. Gap: 13.070000
[INFO]:[04:42:11] Initial configuration evaluated with objective value: 13.07
[INFO]:[04:42:11] Starting CPLEX solver on instance: /home/yorig/tuner/mpils-tests/instances/miplib/easy/mas74.mps with config: /scratch/yorig/mpils-results-grid-ticks-10000-7may/easy/24proc/seed-5/5_mas74_seed-5_20260509_041642/iterated_local_search/run_8_worker_19/ils_config_4451623235013407950.prm
[INFO]:[04:42:11] Starting CPLEX solver on instance: /home/yorig/tuner/mpils-tests/instances/miplib/easy/mas74.mps with config: /scratch/yorig/mpils-results-grid-ticks-10000-7may/easy/24proc/seed-5/5_mas74_seed-5_20260509_041642/iterated_local_search/run_8_worker_19/ils_config_4451623235013407950.prm
[INFO]:[04:42:21] CPLEX results. Gap: 13.200000, upper bound: 12175.099984, lower bound: 10567.549396
[INFO]:[04:42:21] CPLEX solver finished. Gap: 13.200000
[INFO]:[04:42:21] Starting CPLEX solver on instance: /home/yorig/tuner/mpils-tests/instances/miplib/easy/mas74.mps with config: /scratch/yorig/mpils-results-grid-ticks-10000-7may/easy/24proc/seed-5/5_mas74_seed-5_20260509_041642/iterated_local_search/run_8_worker_19/ils_config_9606836594245398324.prm
[INFO]:[04:42:21] Starting CPLEX solver on instance: /home/yorig/tuner/mpils-tests/instances/miplib/easy/mas74.mps with config: /scratch/yorig/mpils-results-grid-ticks-10000-7may/easy/24proc/seed-5/5_mas74_seed-5_20260509_041642/iterated_local_search/run_8_worker_19/ils_config_9606836594245398324.prm
[INFO]:[04:42:31] CPLEX results. Gap: 12.470000, upper bound: 12014.892379, lower bound: 10516.146704
[INFO]:[04:42:31] CPLEX solver finished. Gap: 12.470000
[INFO]:[04:42:31] New incumbent found with objective value: 12.47
[INFO]:[04:42:31] Starting CPLEX solver on instance: /home/yorig/tuner/mpils-tests/instances/miplib/easy/mas74.mps with config: /scratch/yorig/mpils-results-grid-ticks-10000-7may/easy/24proc/seed-5/5_mas74_seed-5_20260509_041642/iterated_local_search/run_8_worker_19/ils_config_5128491174018451525.prm
[INFO]:[04:42:31] Starting CPLEX solver on instance: /home/yorig/tuner/mpils-tests/instances/miplib/easy/mas74.mps with config: /scratch/yorig/mpils-results-grid-ticks-10000-7may/easy/24proc/seed-5/5_mas74_seed-5_20260509_041642/iterated_local_search/run_8_worker_19/ils_config_5128491174018451525.prm
[INFO]:[04:42:42] CPLEX results. Gap: 11.580000, upper bound: 11893.872575, lower bound: 10516.146704
[INFO]:[04:42:42] CPLEX solver finished. Gap: 11.580000
[INFO]:[04:42:42] New incumbent found with objective value: 11.58
[INFO]:[04:42:42] Starting CPLEX solver on instance: /home/yorig/tuner/mpils-tests/instances/miplib/easy/mas74.mps with config: /scratch/yorig/mpils-results-grid-ticks-10000-7may/easy/24proc/seed-5/5_mas74_seed-5_20260509_041642/iterated_local_search/run_8_worker_19/ils_config_16818096818745853619.prm
[INFO]:[04:42:42] Starting CPLEX solver on instance: /home/yorig/tuner/mpils-tests/instances/miplib/easy/mas74.mps with config: /scratch/yorig/mpils-results-grid-ticks-10000-7may/easy/24proc/seed-5/5_mas74_seed-5_20260509_041642/iterated_local_search/run_8_worker_19/ils_config_16818096818745853619.prm
[INFO]:[04:42:52] CPLEX results. Gap: 10.510000, upper bound: 11857.371258, lower bound: 10610.999109
[INFO]:[04:42:52] CPLEX solver finished. Gap: 10.510000
[INFO]:[04:42:52] New incumbent found with objective value: 10.51
[INFO]:[04:42:52] Starting CPLEX solver on instance: /home/yorig/tuner/mpils-tests/instances/miplib/easy/mas74.mps with config: /scratch/yorig/mpils-results-grid-ticks-10000-7may/easy/24proc/seed-5/5_mas74_seed-5_20260509_041642/iterated_local_search/run_8_worker_19/ils_config_12688458977039589298.prm
[INFO]:[04:42:52] Starting CPLEX solver on instance: /home/yorig/tuner/mpils-tests/instances/miplib/easy/mas74.mps with config: /scratch/yorig/mpils-results-grid-ticks-10000-7may/easy/24proc/seed-5/5_mas74_seed-5_20260509_041642/iterated_local_search/run_8_worker_19/ils_config_12688458977039589298.prm
[INFO]:[04:43:02] CPLEX results. Gap: 10.510000, upper bound: 11857.371258, lower bound: 10610.999109
[INFO]:[04:43:02] CPLEX solver finished. Gap: 10.510000
[INFO]:[04:43:02] Starting CPLEX solver on instance: /home/yorig/tuner/mpils-tests/instances/miplib/easy/mas74.mps with config: /scratch/yorig/mpils-results-grid-ticks-10000-7may/easy/24proc/seed-5/5_mas74_seed-5_20260509_041642/iterated_local_search/run_8_worker_19/ils_config_14893983225202593663.prm
[INFO]:[04:43:02] Starting CPLEX solver on instance: /home/yorig/tuner/mpils-tests/instances/miplib/easy/mas74.mps with config: /scratch/yorig/mpils-results-grid-ticks-10000-7may/easy/24proc/seed-5/5_mas74_seed-5_20260509_041642/iterated_local_search/run_8_worker_19/ils_config_14893983225202593663.prm
[INFO]:[04:43:12] CPLEX results. Gap: 10.510000, upper bound: 11857.371258, lower bound: 10610.999109
[INFO]:[04:43:12] CPLEX solver finished. Gap: 10.510000
[INFO]:[04:43:12] Starting CPLEX solver on instance: /home/yorig/tuner/mpils-tests/instances/miplib/easy/mas74.mps with config: /scratch/yorig/mpils-results-grid-ticks-10000-7may/easy/24proc/seed-5/5_mas74_seed-5_20260509_041642/iterated_local_search/run_8_worker_19/ils_config_13273727967761787254.prm
[INFO]:[04:43:12] Starting CPLEX solver on instance: /home/yorig/tuner/mpils-tests/instances/miplib/easy/mas74.mps with config: /scratch/yorig/mpils-results-grid-ticks-10000-7may/easy/24proc/seed-5/5_mas74_seed-5_20260509_041642/iterated_local_search/run_8_worker_19/ils_config_13273727967761787254.prm
[INFO]:[04:43:22] CPLEX results. Gap: 10.510000, upper bound: 11857.371258, lower bound: 10610.999109
[INFO]:[04:43:22] CPLEX solver finished. Gap: 10.510000
[INFO]:[04:43:22] Starting CPLEX solver on instance: /home/yorig/tuner/mpils-tests/instances/miplib/easy/mas74.mps with config: /scratch/yorig/mpils-results-grid-ticks-10000-7may/easy/24proc/seed-5/5_mas74_seed-5_20260509_041642/iterated_local_search/run_8_worker_19/ils_config_14178395483252153349.prm
[INFO]:[04:43:22] Starting CPLEX solver on instance: /home/yorig/tuner/mpils-tests/instances/miplib/easy/mas74.mps with config: /scratch/yorig/mpils-results-grid-ticks-10000-7may/easy/24proc/seed-5/5_mas74_seed-5_20260509_041642/iterated_local_search/run_8_worker_19/ils_config_14178395483252153349.prm
[INFO]:[04:43:32] CPLEX results. Gap: 10.510000, upper bound: 11857.371258, lower bound: 10610.999109
[INFO]:[04:43:32] CPLEX solver finished. Gap: 10.510000
[INFO]:[04:43:32] Local search phase completed.
[INFO]:[04:43:32] Total number of new local-search evaluations: 9
[INFO]:[04:43:32] Final incumbent objective value: 10.51
[INFO]:[04:46:16] Worker 19 completed exploration phase.
[INFO]:[04:46:16] Worker 19 received order for step 2.
[INFO]:[04:46:16] Worker 19 running expansion phase for iteration 8.
[INFO]:[04:46:16] Worker 19 will use solver log file: /scratch/yorig/mpils-results-grid-ticks-10000-7may/easy/24proc/seed-5/5_mas74_seed-5_20260509_041642/solver/cplex.log_iteration_expansion_8_worker_19
[INFO]:[04:46:16] Expansion Worker 19 starting expansion for iteration 8.
[INFO]:[04:46:16] Starting CPLEX solver on instance: /home/yorig/tuner/mpils-tests/instances/miplib/easy/mas74.mps with config: /scratch/yorig/mpils-results-grid-ticks-10000-7may/easy/24proc/seed-5/5_mas74_seed-5_20260509_041642/expansion/config_param_CPXPARAM_Preprocessing_RepeatPresolve_2_iter_8.prm
[INFO]:[04:46:28] CPLEX results. Gap: 1.330000, upper bound: 11801.185729, lower bound: 11644.448025
[INFO]:[04:46:28] CPLEX solver finished. Gap: 1.330000
[INFO]:[04:46:42] Expansion Worker 19 completed expansion.
[INFO]:[04:46:42] Worker 19 completed expansion phase.
[INFO]:[04:46:47] Worker 19 received order for step 1.
[INFO]:[04:46:47] Worker 19 running exploration phase for iteration 9.
[INFO]:[04:46:47] Worker 19 at iteration 9 will not use a MIP start file. Current best MIP-start upper bound threshold is 1.79769e+308.
[INFO]:[04:46:47] Starting local search phase...
[INFO]:[04:46:47] Creating local search space from parameter space file: /scratch/yorig/mpils-results-grid-ticks-10000-7may/easy/24proc/seed-5/5_mas74_seed-5_20260509_041642/iterated_local_search/search_space/search_space_file_9_worker_19.txt
[INFO]:[04:46:47] Local search space loaded from file: /scratch/yorig/mpils-results-grid-ticks-10000-7may/easy/24proc/seed-5/5_mas74_seed-5_20260509_041642/iterated_local_search/search_space/search_space_file_9_worker_19.txt
[INFO]:[04:46:47] Number of parameters in local search space: 71
[INFO]:[04:46:47] Number of forbidden tuples in local search space: 229
[INFO]:[04:46:47] Number of conditionals in local search space: 6
[INFO]:[04:46:47] MIP start option not enabled. Local search will proceed without MIP start.
[INFO]:[04:46:47] Evaluating initial configuration for local search phase...
[INFO]:[04:46:47] Starting CPLEX solver on instance: /home/yorig/tuner/mpils-tests/instances/miplib/easy/mas74.mps with config: /scratch/yorig/mpils-results-grid-ticks-10000-7may/easy/24proc/seed-5/5_mas74_seed-5_20260509_041642/iterated_local_search/run_9_worker_19/ils_config_8610924784561767588.prm
[INFO]:[04:46:47] Starting CPLEX solver on instance: /home/yorig/tuner/mpils-tests/instances/miplib/easy/mas74.mps with config: /scratch/yorig/mpils-results-grid-ticks-10000-7may/easy/24proc/seed-5/5_mas74_seed-5_20260509_041642/iterated_local_search/run_9_worker_19/ils_config_8610924784561767588.prm
[INFO]:[04:46:55] CPLEX results. Gap: 11.240000, upper bound: 12003.852764, lower bound: 10655.122101
[INFO]:[04:46:55] CPLEX solver finished. Gap: 11.240000
[INFO]:[04:46:55] Initial configuration evaluated with objective value: 11.24
[INFO]:[04:46:55] Starting CPLEX solver on instance: /home/yorig/tuner/mpils-tests/instances/miplib/easy/mas74.mps with config: /scratch/yorig/mpils-results-grid-ticks-10000-7may/easy/24proc/seed-5/5_mas74_seed-5_20260509_041642/iterated_local_search/run_9_worker_19/ils_config_17830894008811671697.prm
[INFO]:[04:46:55] Starting CPLEX solver on instance: /home/yorig/tuner/mpils-tests/instances/miplib/easy/mas74.mps with config: /scratch/yorig/mpils-results-grid-ticks-10000-7may/easy/24proc/seed-5/5_mas74_seed-5_20260509_041642/iterated_local_search/run_9_worker_19/ils_config_17830894008811671697.prm
[INFO]:[04:47:03] CPLEX results. Gap: 11.290000, upper bound: 12014.892379, lower bound: 10658.068815
[INFO]:[04:47:03] CPLEX solver finished. Gap: 11.290000
[INFO]:[04:47:03] Starting CPLEX solver on instance: /home/yorig/tuner/mpils-tests/instances/miplib/easy/mas74.mps with config: /scratch/yorig/mpils-results-grid-ticks-10000-7may/easy/24proc/seed-5/5_mas74_seed-5_20260509_041642/iterated_local_search/run_9_worker_19/ils_config_14237903217126252091.prm
[INFO]:[04:47:03] Starting CPLEX solver on instance: /home/yorig/tuner/mpils-tests/instances/miplib/easy/mas74.mps with config: /scratch/yorig/mpils-results-grid-ticks-10000-7may/easy/24proc/seed-5/5_mas74_seed-5_20260509_041642/iterated_local_search/run_9_worker_19/ils_config_14237903217126252091.prm
[INFO]:[04:47:12] CPLEX results. Gap: 12.840000, upper bound: 12180.099984, lower bound: 10615.694130
[INFO]:[04:47:12] CPLEX solver finished. Gap: 12.840000
[INFO]:[04:47:12] Starting CPLEX solver on instance: /home/yorig/tuner/mpils-tests/instances/miplib/easy/mas74.mps with config: /scratch/yorig/mpils-results-grid-ticks-10000-7may/easy/24proc/seed-5/5_mas74_seed-5_20260509_041642/iterated_local_search/run_9_worker_19/ils_config_13765007424897682141.prm
[INFO]:[04:47:12] Starting CPLEX solver on instance: /home/yorig/tuner/mpils-tests/instances/miplib/easy/mas74.mps with config: /scratch/yorig/mpils-results-grid-ticks-10000-7may/easy/24proc/seed-5/5_mas74_seed-5_20260509_041642/iterated_local_search/run_9_worker_19/ils_config_13765007424897682141.prm
[INFO]:[04:47:20] CPLEX results. Gap: 11.240000, upper bound: 12003.852764, lower bound: 10655.122101
[INFO]:[04:47:20] CPLEX solver finished. Gap: 11.240000
[INFO]:[04:47:20] Starting CPLEX solver on instance: /home/yorig/tuner/mpils-tests/instances/miplib/easy/mas74.mps with config: /scratch/yorig/mpils-results-grid-ticks-10000-7may/easy/24proc/seed-5/5_mas74_seed-5_20260509_041642/iterated_local_search/run_9_worker_19/ils_config_9224474731111754078.prm
[INFO]:[04:47:20] Starting CPLEX solver on instance: /home/yorig/tuner/mpils-tests/instances/miplib/easy/mas74.mps with config: /scratch/yorig/mpils-results-grid-ticks-10000-7may/easy/24proc/seed-5/5_mas74_seed-5_20260509_041642/iterated_local_search/run_9_worker_19/ils_config_9224474731111754078.prm
[INFO]:[04:47:28] CPLEX results. Gap: 11.240000, upper bound: 12003.852764, lower bound: 10655.122101
[INFO]:[04:47:28] CPLEX solver finished. Gap: 11.240000
[INFO]:[04:47:28] Starting CPLEX solver on instance: /home/yorig/tuner/mpils-tests/instances/miplib/easy/mas74.mps with config: /scratch/yorig/mpils-results-grid-ticks-10000-7may/easy/24proc/seed-5/5_mas74_seed-5_20260509_041642/iterated_local_search/run_9_worker_19/ils_config_11486037513547128187.prm
[INFO]:[04:47:28] Starting CPLEX solver on instance: /home/yorig/tuner/mpils-tests/instances/miplib/easy/mas74.mps with config: /scratch/yorig/mpils-results-grid-ticks-10000-7may/easy/24proc/seed-5/5_mas74_seed-5_20260509_041642/iterated_local_search/run_9_worker_19/ils_config_11486037513547128187.prm
[INFO]:[04:47:37] CPLEX results. Gap: 9.930000, upper bound: 11801.185729, lower bound: 10629.733273
[INFO]:[04:47:37] CPLEX solver finished. Gap: 9.930000
[INFO]:[04:47:37] New incumbent found with objective value: 9.93
[INFO]:[04:47:37] Starting CPLEX solver on instance: /home/yorig/tuner/mpils-tests/instances/miplib/easy/mas74.mps with config: /scratch/yorig/mpils-results-grid-ticks-10000-7may/easy/24proc/seed-5/5_mas74_seed-5_20260509_041642/iterated_local_search/run_9_worker_19/ils_config_3802375308305903927.prm
[INFO]:[04:47:37] Starting CPLEX solver on instance: /home/yorig/tuner/mpils-tests/instances/miplib/easy/mas74.mps with config: /scratch/yorig/mpils-results-grid-ticks-10000-7may/easy/24proc/seed-5/5_mas74_seed-5_20260509_041642/iterated_local_search/run_9_worker_19/ils_config_3802375308305903927.prm
[INFO]:[04:47:46] CPLEX results. Gap: 9.930000, upper bound: 11801.185729, lower bound: 10629.733273
[INFO]:[04:47:46] CPLEX solver finished. Gap: 9.930000
[INFO]:[04:47:46] Starting CPLEX solver on instance: /home/yorig/tuner/mpils-tests/instances/miplib/easy/mas74.mps with config: /scratch/yorig/mpils-results-grid-ticks-10000-7may/easy/24proc/seed-5/5_mas74_seed-5_20260509_041642/iterated_local_search/run_9_worker_19/ils_config_6126232000998408326.prm
[INFO]:[04:47:46] Starting CPLEX solver on instance: /home/yorig/tuner/mpils-tests/instances/miplib/easy/mas74.mps with config: /scratch/yorig/mpils-results-grid-ticks-10000-7may/easy/24proc/seed-5/5_mas74_seed-5_20260509_041642/iterated_local_search/run_9_worker_19/ils_config_6126232000998408326.prm
[INFO]:[04:47:55] CPLEX results. Gap: 11.000000, upper bound: 12015.089944, lower bound: 10693.736039
[INFO]:[04:47:55] CPLEX solver finished. Gap: 11.000000
[INFO]:[04:47:55] Starting CPLEX solver on instance: /home/yorig/tuner/mpils-tests/instances/miplib/easy/mas74.mps with config: /scratch/yorig/mpils-results-grid-ticks-10000-7may/easy/24proc/seed-5/5_mas74_seed-5_20260509_041642/iterated_local_search/run_9_worker_19/ils_config_2940467651509735499.prm
[INFO]:[04:47:55] Starting CPLEX solver on instance: /home/yorig/tuner/mpils-tests/instances/miplib/easy/mas74.mps with config: /scratch/yorig/mpils-results-grid-ticks-10000-7may/easy/24proc/seed-5/5_mas74_seed-5_20260509_041642/iterated_local_search/run_9_worker_19/ils_config_2940467651509735499.prm
[INFO]:[04:48:04] CPLEX results. Gap: 9.930000, upper bound: 11801.185729, lower bound: 10629.733273
[INFO]:[04:48:04] CPLEX solver finished. Gap: 9.930000
[INFO]:[04:48:04] Starting CPLEX solver on instance: /home/yorig/tuner/mpils-tests/instances/miplib/easy/mas74.mps with config: /scratch/yorig/mpils-results-grid-ticks-10000-7may/easy/24proc/seed-5/5_mas74_seed-5_20260509_041642/iterated_local_search/run_9_worker_19/ils_config_388324389354168649.prm
[INFO]:[04:48:04] Starting CPLEX solver on instance: /home/yorig/tuner/mpils-tests/instances/miplib/easy/mas74.mps with config: /scratch/yorig/mpils-results-grid-ticks-10000-7may/easy/24proc/seed-5/5_mas74_seed-5_20260509_041642/iterated_local_search/run_9_worker_19/ils_config_388324389354168649.prm
[INFO]:[04:48:14] CPLEX results. Gap: 10.550000, upper bound: 11857.371258, lower bound: 10606.346892
[INFO]:[04:48:14] CPLEX solver finished. Gap: 10.550000
[INFO]:[04:48:14] Starting CPLEX solver on instance: /home/yorig/tuner/mpils-tests/instances/miplib/easy/mas74.mps with config: /scratch/yorig/mpils-results-grid-ticks-10000-7may/easy/24proc/seed-5/5_mas74_seed-5_20260509_041642/iterated_local_search/run_9_worker_19/ils_config_12275699007188667530.prm
[INFO]:[04:48:14] Starting CPLEX solver on instance: /home/yorig/tuner/mpils-tests/instances/miplib/easy/mas74.mps with config: /scratch/yorig/mpils-results-grid-ticks-10000-7may/easy/24proc/seed-5/5_mas74_seed-5_20260509_041642/iterated_local_search/run_9_worker_19/ils_config_12275699007188667530.prm
[INFO]:[04:48:22] CPLEX results. Gap: 8.550000, upper bound: 11801.185729, lower bound: 10792.610508
[INFO]:[04:48:22] CPLEX solver finished. Gap: 8.550000
[INFO]:[04:48:23] New incumbent found with objective value: 8.55
[INFO]:[04:48:23] Starting CPLEX solver on instance: /home/yorig/tuner/mpils-tests/instances/miplib/easy/mas74.mps with config: /scratch/yorig/mpils-results-grid-ticks-10000-7may/easy/24proc/seed-5/5_mas74_seed-5_20260509_041642/iterated_local_search/run_9_worker_19/ils_config_5313621612687636466.prm
[INFO]:[04:48:23] Starting CPLEX solver on instance: /home/yorig/tuner/mpils-tests/instances/miplib/easy/mas74.mps with config: /scratch/yorig/mpils-results-grid-ticks-10000-7may/easy/24proc/seed-5/5_mas74_seed-5_20260509_041642/iterated_local_search/run_9_worker_19/ils_config_5313621612687636466.prm
[INFO]:[04:48:31] CPLEX results. Gap: 9.300000, upper bound: 11801.185729, lower bound: 10703.300888
[INFO]:[04:48:31] CPLEX solver finished. Gap: 9.300000
[INFO]:[04:48:31] Starting CPLEX solver on instance: /home/yorig/tuner/mpils-tests/instances/miplib/easy/mas74.mps with config: /scratch/yorig/mpils-results-grid-ticks-10000-7may/easy/24proc/seed-5/5_mas74_seed-5_20260509_041642/iterated_local_search/run_9_worker_19/ils_config_5119250763618543731.prm
[INFO]:[04:48:31] Starting CPLEX solver on instance: /home/yorig/tuner/mpils-tests/instances/miplib/easy/mas74.mps with config: /scratch/yorig/mpils-results-grid-ticks-10000-7may/easy/24proc/seed-5/5_mas74_seed-5_20260509_041642/iterated_local_search/run_9_worker_19/ils_config_5119250763618543731.prm
[INFO]:[04:48:40] CPLEX results. Gap: 8.550000, upper bound: 11801.185729, lower bound: 10792.610508
[INFO]:[04:48:40] CPLEX solver finished. Gap: 8.550000
[INFO]:[04:48:40] Starting CPLEX solver on instance: /home/yorig/tuner/mpils-tests/instances/miplib/easy/mas74.mps with config: /scratch/yorig/mpils-results-grid-ticks-10000-7may/easy/24proc/seed-5/5_mas74_seed-5_20260509_041642/iterated_local_search/run_9_worker_19/ils_config_3909429881975696711.prm
[INFO]:[04:48:40] Starting CPLEX solver on instance: /home/yorig/tuner/mpils-tests/instances/miplib/easy/mas74.mps with config: /scratch/yorig/mpils-results-grid-ticks-10000-7may/easy/24proc/seed-5/5_mas74_seed-5_20260509_041642/iterated_local_search/run_9_worker_19/ils_config_3909429881975696711.prm
[INFO]:[04:48:49] CPLEX results. Gap: 8.550000, upper bound: 11801.185729, lower bound: 10792.610508
[INFO]:[04:48:49] CPLEX solver finished. Gap: 8.550000
[INFO]:[04:48:49] Starting CPLEX solver on instance: /home/yorig/tuner/mpils-tests/instances/miplib/easy/mas74.mps with config: /scratch/yorig/mpils-results-grid-ticks-10000-7may/easy/24proc/seed-5/5_mas74_seed-5_20260509_041642/iterated_local_search/run_9_worker_19/ils_config_9033502077149037311.prm
[INFO]:[04:48:49] Starting CPLEX solver on instance: /home/yorig/tuner/mpils-tests/instances/miplib/easy/mas74.mps with config: /scratch/yorig/mpils-results-grid-ticks-10000-7may/easy/24proc/seed-5/5_mas74_seed-5_20260509_041642/iterated_local_search/run_9_worker_19/ils_config_9033502077149037311.prm
[INFO]:[04:48:58] CPLEX results. Gap: 9.330000, upper bound: 11801.185729, lower bound: 10699.596737
[INFO]:[04:48:58] CPLEX solver finished. Gap: 9.330000
[INFO]:[04:48:58] Starting CPLEX solver on instance: /home/yorig/tuner/mpils-tests/instances/miplib/easy/mas74.mps with config: /scratch/yorig/mpils-results-grid-ticks-10000-7may/easy/24proc/seed-5/5_mas74_seed-5_20260509_041642/iterated_local_search/run_9_worker_19/ils_config_9703757053797818376.prm
[INFO]:[04:48:58] Starting CPLEX solver on instance: /home/yorig/tuner/mpils-tests/instances/miplib/easy/mas74.mps with config: /scratch/yorig/mpils-results-grid-ticks-10000-7may/easy/24proc/seed-5/5_mas74_seed-5_20260509_041642/iterated_local_search/run_9_worker_19/ils_config_9703757053797818376.prm
[INFO]:[04:49:06] CPLEX results. Gap: 10.820000, upper bound: 12007.448580, lower bound: 10708.149497
[INFO]:[04:49:06] CPLEX solver finished. Gap: 10.820000
[INFO]:[04:49:06] Starting CPLEX solver on instance: /home/yorig/tuner/mpils-tests/instances/miplib/easy/mas74.mps with config: /scratch/yorig/mpils-results-grid-ticks-10000-7may/easy/24proc/seed-5/5_mas74_seed-5_20260509_041642/iterated_local_search/run_9_worker_19/ils_config_16181069009555335642.prm
[INFO]:[04:49:06] Starting CPLEX solver on instance: /home/yorig/tuner/mpils-tests/instances/miplib/easy/mas74.mps with config: /scratch/yorig/mpils-results-grid-ticks-10000-7may/easy/24proc/seed-5/5_mas74_seed-5_20260509_041642/iterated_local_search/run_9_worker_19/ils_config_16181069009555335642.prm
[INFO]:[04:49:15] CPLEX results. Gap: 8.550000, upper bound: 11801.185729, lower bound: 10792.610508
[INFO]:[04:49:15] CPLEX solver finished. Gap: 8.550000
[INFO]:[04:49:15] Starting CPLEX solver on instance: /home/yorig/tuner/mpils-tests/instances/miplib/easy/mas74.mps with config: /scratch/yorig/mpils-results-grid-ticks-10000-7may/easy/24proc/seed-5/5_mas74_seed-5_20260509_041642/iterated_local_search/run_9_worker_19/ils_config_2161167727009864185.prm
[INFO]:[04:49:15] Starting CPLEX solver on instance: /home/yorig/tuner/mpils-tests/instances/miplib/easy/mas74.mps with config: /scratch/yorig/mpils-results-grid-ticks-10000-7may/easy/24proc/seed-5/5_mas74_seed-5_20260509_041642/iterated_local_search/run_9_worker_19/ils_config_2161167727009864185.prm
[INFO]:[04:49:24] CPLEX results. Gap: 9.650000, upper bound: 11857.371258, lower bound: 10712.947670
[INFO]:[04:49:24] CPLEX solver finished. Gap: 9.650000
[INFO]:[04:49:24] Starting CPLEX solver on instance: /home/yorig/tuner/mpils-tests/instances/miplib/easy/mas74.mps with config: /scratch/yorig/mpils-results-grid-ticks-10000-7may/easy/24proc/seed-5/5_mas74_seed-5_20260509_041642/iterated_local_search/run_9_worker_19/ils_config_3185086743883397400.prm
[INFO]:[04:49:24] Starting CPLEX solver on instance: /home/yorig/tuner/mpils-tests/instances/miplib/easy/mas74.mps with config: /scratch/yorig/mpils-results-grid-ticks-10000-7may/easy/24proc/seed-5/5_mas74_seed-5_20260509_041642/iterated_local_search/run_9_worker_19/ils_config_3185086743883397400.prm
[INFO]:[04:49:32] CPLEX results. Gap: 8.940000, upper bound: 11801.185729, lower bound: 10746.477087
[INFO]:[04:49:32] CPLEX solver finished. Gap: 8.940000
[INFO]:[04:49:32] Starting CPLEX solver on instance: /home/yorig/tuner/mpils-tests/instances/miplib/easy/mas74.mps with config: /scratch/yorig/mpils-results-grid-ticks-10000-7may/easy/24proc/seed-5/5_mas74_seed-5_20260509_041642/iterated_local_search/run_9_worker_19/ils_config_8569354867188612249.prm
[INFO]:[04:49:32] Starting CPLEX solver on instance: /home/yorig/tuner/mpils-tests/instances/miplib/easy/mas74.mps with config: /scratch/yorig/mpils-results-grid-ticks-10000-7may/easy/24proc/seed-5/5_mas74_seed-5_20260509_041642/iterated_local_search/run_9_worker_19/ils_config_8569354867188612249.prm
[INFO]:[04:49:40] CPLEX results. Gap: 8.550000, upper bound: 11801.185729, lower bound: 10792.610508
[INFO]:[04:49:40] CPLEX solver finished. Gap: 8.550000
[INFO]:[04:49:40] Starting CPLEX solver on instance: /home/yorig/tuner/mpils-tests/instances/miplib/easy/mas74.mps with config: /scratch/yorig/mpils-results-grid-ticks-10000-7may/easy/24proc/seed-5/5_mas74_seed-5_20260509_041642/iterated_local_search/run_9_worker_19/ils_config_17207519878473416875.prm
[INFO]:[04:49:40] Starting CPLEX solver on instance: /home/yorig/tuner/mpils-tests/instances/miplib/easy/mas74.mps with config: /scratch/yorig/mpils-results-grid-ticks-10000-7may/easy/24proc/seed-5/5_mas74_seed-5_20260509_041642/iterated_local_search/run_9_worker_19/ils_config_17207519878473416875.prm
[INFO]:[04:49:49] CPLEX results. Gap: 8.550000, upper bound: 11801.185729, lower bound: 10792.610508
[INFO]:[04:49:49] CPLEX solver finished. Gap: 8.550000
[INFO]:[04:49:49] Starting CPLEX solver on instance: /home/yorig/tuner/mpils-tests/instances/miplib/easy/mas74.mps with config: /scratch/yorig/mpils-results-grid-ticks-10000-7may/easy/24proc/seed-5/5_mas74_seed-5_20260509_041642/iterated_local_search/run_9_worker_19/ils_config_924253698407408753.prm
[INFO]:[04:49:49] Starting CPLEX solver on instance: /home/yorig/tuner/mpils-tests/instances/miplib/easy/mas74.mps with config: /scratch/yorig/mpils-results-grid-ticks-10000-7may/easy/24proc/seed-5/5_mas74_seed-5_20260509_041642/iterated_local_search/run_9_worker_19/ils_config_924253698407408753.prm
[INFO]:[04:49:58] CPLEX results. Gap: 8.550000, upper bound: 11801.185729, lower bound: 10792.610508
[INFO]:[04:49:58] CPLEX solver finished. Gap: 8.550000
[INFO]:[04:49:58] Starting CPLEX solver on instance: /home/yorig/tuner/mpils-tests/instances/miplib/easy/mas74.mps with config: /scratch/yorig/mpils-results-grid-ticks-10000-7may/easy/24proc/seed-5/5_mas74_seed-5_20260509_041642/iterated_local_search/run_9_worker_19/ils_config_4528622525297910125.prm
[INFO]:[04:49:58] Starting CPLEX solver on instance: /home/yorig/tuner/mpils-tests/instances/miplib/easy/mas74.mps with config: /scratch/yorig/mpils-results-grid-ticks-10000-7may/easy/24proc/seed-5/5_mas74_seed-5_20260509_041642/iterated_local_search/run_9_worker_19/ils_config_4528622525297910125.prm
[INFO]:[04:50:06] CPLEX results. Gap: 9.750000, upper bound: 11857.371258, lower bound: 10701.469557
[INFO]:[04:50:06] CPLEX solver finished. Gap: 9.750000
[INFO]:[04:50:06] Starting CPLEX solver on instance: /home/yorig/tuner/mpils-tests/instances/miplib/easy/mas74.mps with config: /scratch/yorig/mpils-results-grid-ticks-10000-7may/easy/24proc/seed-5/5_mas74_seed-5_20260509_041642/iterated_local_search/run_9_worker_19/ils_config_7775990403542217294.prm
[INFO]:[04:50:06] Starting CPLEX solver on instance: /home/yorig/tuner/mpils-tests/instances/miplib/easy/mas74.mps with config: /scratch/yorig/mpils-results-grid-ticks-10000-7may/easy/24proc/seed-5/5_mas74_seed-5_20260509_041642/iterated_local_search/run_9_worker_19/ils_config_7775990403542217294.prm
[INFO]:[04:50:14] CPLEX results. Gap: 9.040000, upper bound: 11801.185729, lower bound: 10734.360684
[INFO]:[04:50:14] CPLEX solver finished. Gap: 9.040000
[INFO]:[04:50:14] Starting CPLEX solver on instance: /home/yorig/tuner/mpils-tests/instances/miplib/easy/mas74.mps with config: /scratch/yorig/mpils-results-grid-ticks-10000-7may/easy/24proc/seed-5/5_mas74_seed-5_20260509_041642/iterated_local_search/run_9_worker_19/ils_config_1157324195038466858.prm
[INFO]:[04:50:14] Starting CPLEX solver on instance: /home/yorig/tuner/mpils-tests/instances/miplib/easy/mas74.mps with config: /scratch/yorig/mpils-results-grid-ticks-10000-7may/easy/24proc/seed-5/5_mas74_seed-5_20260509_041642/iterated_local_search/run_9_worker_19/ils_config_1157324195038466858.prm
[INFO]:[04:50:23] CPLEX results. Gap: 8.550000, upper bound: 11801.185729, lower bound: 10792.610508
[INFO]:[04:50:23] CPLEX solver finished. Gap: 8.550000
[INFO]:[04:50:23] Starting CPLEX solver on instance: /home/yorig/tuner/mpils-tests/instances/miplib/easy/mas74.mps with config: /scratch/yorig/mpils-results-grid-ticks-10000-7may/easy/24proc/seed-5/5_mas74_seed-5_20260509_041642/iterated_local_search/run_9_worker_19/ils_config_9495695958591183363.prm
[INFO]:[04:50:23] Starting CPLEX solver on instance: /home/yorig/tuner/mpils-tests/instances/miplib/easy/mas74.mps with config: /scratch/yorig/mpils-results-grid-ticks-10000-7may/easy/24proc/seed-5/5_mas74_seed-5_20260509_041642/iterated_local_search/run_9_worker_19/ils_config_9495695958591183363.prm
[INFO]:[04:50:31] CPLEX results. Gap: 8.550000, upper bound: 11801.185729, lower bound: 10792.610508
[INFO]:[04:50:31] CPLEX solver finished. Gap: 8.550000
[INFO]:[04:50:31] Starting CPLEX solver on instance: /home/yorig/tuner/mpils-tests/instances/miplib/easy/mas74.mps with config: /scratch/yorig/mpils-results-grid-ticks-10000-7may/easy/24proc/seed-5/5_mas74_seed-5_20260509_041642/iterated_local_search/run_9_worker_19/ils_config_16937981080217049140.prm
[INFO]:[04:50:31] Starting CPLEX solver on instance: /home/yorig/tuner/mpils-tests/instances/miplib/easy/mas74.mps with config: /scratch/yorig/mpils-results-grid-ticks-10000-7may/easy/24proc/seed-5/5_mas74_seed-5_20260509_041642/iterated_local_search/run_9_worker_19/ils_config_16937981080217049140.prm
[INFO]:[04:50:40] CPLEX results. Gap: 8.550000, upper bound: 11801.185729, lower bound: 10792.610508
[INFO]:[04:50:40] CPLEX solver finished. Gap: 8.550000
[INFO]:[04:50:40] Starting CPLEX solver on instance: /home/yorig/tuner/mpils-tests/instances/miplib/easy/mas74.mps with config: /scratch/yorig/mpils-results-grid-ticks-10000-7may/easy/24proc/seed-5/5_mas74_seed-5_20260509_041642/iterated_local_search/run_9_worker_19/ils_config_2993604970710665590.prm
[INFO]:[04:50:40] Starting CPLEX solver on instance: /home/yorig/tuner/mpils-tests/instances/miplib/easy/mas74.mps with config: /scratch/yorig/mpils-results-grid-ticks-10000-7may/easy/24proc/seed-5/5_mas74_seed-5_20260509_041642/iterated_local_search/run_9_worker_19/ils_config_2993604970710665590.prm
[INFO]:[04:50:48] CPLEX results. Gap: 9.460000, upper bound: 11801.185729, lower bound: 10684.871396
[INFO]:[04:50:48] CPLEX solver finished. Gap: 9.460000
[INFO]:[04:50:48] Starting CPLEX solver on instance: /home/yorig/tuner/mpils-tests/instances/miplib/easy/mas74.mps with config: /scratch/yorig/mpils-results-grid-ticks-10000-7may/easy/24proc/seed-5/5_mas74_seed-5_20260509_041642/iterated_local_search/run_9_worker_19/ils_config_6054935625455057848.prm
[INFO]:[04:50:48] Starting CPLEX solver on instance: /home/yorig/tuner/mpils-tests/instances/miplib/easy/mas74.mps with config: /scratch/yorig/mpils-results-grid-ticks-10000-7may/easy/24proc/seed-5/5_mas74_seed-5_20260509_041642/iterated_local_search/run_9_worker_19/ils_config_6054935625455057848.prm
[INFO]:[04:50:57] CPLEX results. Gap: 9.650000, upper bound: 11801.185729, lower bound: 10662.299522
[INFO]:[04:50:57] CPLEX solver finished. Gap: 9.650000
[INFO]:[04:50:57] Starting CPLEX solver on instance: /home/yorig/tuner/mpils-tests/instances/miplib/easy/mas74.mps with config: /scratch/yorig/mpils-results-grid-ticks-10000-7may/easy/24proc/seed-5/5_mas74_seed-5_20260509_041642/iterated_local_search/run_9_worker_19/ils_config_14425312572569710607.prm
[INFO]:[04:50:57] Starting CPLEX solver on instance: /home/yorig/tuner/mpils-tests/instances/miplib/easy/mas74.mps with config: /scratch/yorig/mpils-results-grid-ticks-10000-7may/easy/24proc/seed-5/5_mas74_seed-5_20260509_041642/iterated_local_search/run_9_worker_19/ils_config_14425312572569710607.prm
[INFO]:[04:51:05] CPLEX results. Gap: 8.550000, upper bound: 11801.185729, lower bound: 10792.610508
[INFO]:[04:51:05] CPLEX solver finished. Gap: 8.550000
[INFO]:[04:51:05] Local search phase completed.
[INFO]:[04:51:05] Total number of new local-search evaluations: 30
[INFO]:[04:51:05] Final incumbent objective value: 8.55
[INFO]:[04:54:31] Worker 19 completed exploration phase.
[INFO]:[04:54:31] Worker 19 received order for step 2.
[INFO]:[04:54:31] Worker 19 running expansion phase for iteration 9.
[INFO]:[04:54:31] Worker 19 will use solver log file: /scratch/yorig/mpils-results-grid-ticks-10000-7may/easy/24proc/seed-5/5_mas74_seed-5_20260509_041642/solver/cplex.log_iteration_expansion_9_worker_19
[INFO]:[04:54:31] Expansion Worker 19 starting expansion for iteration 9.
[INFO]:[04:54:44] Expansion Worker 19 completed expansion.
[INFO]:[04:54:44] Worker 19 completed expansion phase.
[INFO]:[04:54:52] Worker 19 received order for step 1.
[INFO]:[04:54:52] Worker 19 running exploration phase for iteration 10.
[INFO]:[04:54:52] Worker 19 at iteration 10 will not use a MIP start file. Current best MIP-start upper bound threshold is 1.79769e+308.
[INFO]:[04:54:52] Starting local search phase...
[INFO]:[04:54:52] Creating local search space from parameter space file: /scratch/yorig/mpils-results-grid-ticks-10000-7may/easy/24proc/seed-5/5_mas74_seed-5_20260509_041642/iterated_local_search/search_space/search_space_file_10_worker_19.txt
[INFO]:[04:54:52] Local search space loaded from file: /scratch/yorig/mpils-results-grid-ticks-10000-7may/easy/24proc/seed-5/5_mas74_seed-5_20260509_041642/iterated_local_search/search_space/search_space_file_10_worker_19.txt
[INFO]:[04:54:52] Number of parameters in local search space: 71
[INFO]:[04:54:52] Number of forbidden tuples in local search space: 257
[INFO]:[04:54:52] Number of conditionals in local search space: 6
[INFO]:[04:54:52] MIP start option not enabled. Local search will proceed without MIP start.
[INFO]:[04:54:52] Evaluating initial configuration for local search phase...
[INFO]:[04:54:52] Starting CPLEX solver on instance: /home/yorig/tuner/mpils-tests/instances/miplib/easy/mas74.mps with config: /scratch/yorig/mpils-results-grid-ticks-10000-7may/easy/24proc/seed-5/5_mas74_seed-5_20260509_041642/iterated_local_search/run_10_worker_19/ils_config_1001814740596826875.prm
[INFO]:[04:54:52] Starting CPLEX solver on instance: /home/yorig/tuner/mpils-tests/instances/miplib/easy/mas74.mps with config: /scratch/yorig/mpils-results-grid-ticks-10000-7may/easy/24proc/seed-5/5_mas74_seed-5_20260509_041642/iterated_local_search/run_10_worker_19/ils_config_1001814740596826875.prm
[INFO]:[04:54:58] CPLEX results. Gap: 11.300000, upper bound: 11956.589689, lower bound: 10605.120131
[INFO]:[04:54:58] CPLEX solver finished. Gap: 11.300000
[INFO]:[04:54:58] Initial configuration evaluated with objective value: 11.3
[INFO]:[04:54:58] Starting CPLEX solver on instance: /home/yorig/tuner/mpils-tests/instances/miplib/easy/mas74.mps with config: /scratch/yorig/mpils-results-grid-ticks-10000-7may/easy/24proc/seed-5/5_mas74_seed-5_20260509_041642/iterated_local_search/run_10_worker_19/ils_config_302441312360714505.prm
[INFO]:[04:54:58] Starting CPLEX solver on instance: /home/yorig/tuner/mpils-tests/instances/miplib/easy/mas74.mps with config: /scratch/yorig/mpils-results-grid-ticks-10000-7may/easy/24proc/seed-5/5_mas74_seed-5_20260509_041642/iterated_local_search/run_10_worker_19/ils_config_302441312360714505.prm
[INFO]:[04:55:04] CPLEX results. Gap: 11.300000, upper bound: 11956.589689, lower bound: 10605.120131
[INFO]:[04:55:04] CPLEX solver finished. Gap: 11.300000
[INFO]:[04:55:04] Starting CPLEX solver on instance: /home/yorig/tuner/mpils-tests/instances/miplib/easy/mas74.mps with config: /scratch/yorig/mpils-results-grid-ticks-10000-7may/easy/24proc/seed-5/5_mas74_seed-5_20260509_041642/iterated_local_search/run_10_worker_19/ils_config_6970620816420921541.prm
[INFO]:[04:55:04] Starting CPLEX solver on instance: /home/yorig/tuner/mpils-tests/instances/miplib/easy/mas74.mps with config: /scratch/yorig/mpils-results-grid-ticks-10000-7may/easy/24proc/seed-5/5_mas74_seed-5_20260509_041642/iterated_local_search/run_10_worker_19/ils_config_6970620816420921541.prm
[INFO]:[04:55:10] CPLEX results. Gap: 11.300000, upper bound: 11956.589689, lower bound: 10605.120131
[INFO]:[04:55:10] CPLEX solver finished. Gap: 11.300000
[INFO]:[04:55:10] Starting CPLEX solver on instance: /home/yorig/tuner/mpils-tests/instances/miplib/easy/mas74.mps with config: /scratch/yorig/mpils-results-grid-ticks-10000-7may/easy/24proc/seed-5/5_mas74_seed-5_20260509_041642/iterated_local_search/run_10_worker_19/ils_config_9540753133871372262.prm
[INFO]:[04:55:10] Starting CPLEX solver on instance: /home/yorig/tuner/mpils-tests/instances/miplib/easy/mas74.mps with config: /scratch/yorig/mpils-results-grid-ticks-10000-7may/easy/24proc/seed-5/5_mas74_seed-5_20260509_041642/iterated_local_search/run_10_worker_19/ils_config_9540753133871372262.prm
[INFO]:[04:55:15] CPLEX results. Gap: 11.300000, upper bound: 11956.589689, lower bound: 10605.120131
[INFO]:[04:55:15] CPLEX solver finished. Gap: 11.300000
[INFO]:[04:55:15] Starting CPLEX solver on instance: /home/yorig/tuner/mpils-tests/instances/miplib/easy/mas74.mps with config: /scratch/yorig/mpils-results-grid-ticks-10000-7may/easy/24proc/seed-5/5_mas74_seed-5_20260509_041642/iterated_local_search/run_10_worker_19/ils_config_12974611067524066472.prm
[INFO]:[04:55:15] Starting CPLEX solver on instance: /home/yorig/tuner/mpils-tests/instances/miplib/easy/mas74.mps with config: /scratch/yorig/mpils-results-grid-ticks-10000-7may/easy/24proc/seed-5/5_mas74_seed-5_20260509_041642/iterated_local_search/run_10_worker_19/ils_config_12974611067524066472.prm
[INFO]:[04:55:23] CPLEX results. Gap: 10.870000, upper bound: 11939.484943, lower bound: 10641.733575
[INFO]:[04:55:23] CPLEX solver finished. Gap: 10.870000
[INFO]:[04:55:23] New incumbent found with objective value: 10.87
[INFO]:[04:55:23] Starting CPLEX solver on instance: /home/yorig/tuner/mpils-tests/instances/miplib/easy/mas74.mps with config: /scratch/yorig/mpils-results-grid-ticks-10000-7may/easy/24proc/seed-5/5_mas74_seed-5_20260509_041642/iterated_local_search/run_10_worker_19/ils_config_17285051480796088923.prm
[INFO]:[04:55:23] Starting CPLEX solver on instance: /home/yorig/tuner/mpils-tests/instances/miplib/easy/mas74.mps with config: /scratch/yorig/mpils-results-grid-ticks-10000-7may/easy/24proc/seed-5/5_mas74_seed-5_20260509_041642/iterated_local_search/run_10_worker_19/ils_config_17285051480796088923.prm
[INFO]:[04:55:30] CPLEX results. Gap: 11.210000, upper bound: 11985.177453, lower bound: 10641.733575
[INFO]:[04:55:30] CPLEX solver finished. Gap: 11.210000
[INFO]:[04:55:30] Starting CPLEX solver on instance: /home/yorig/tuner/mpils-tests/instances/miplib/easy/mas74.mps with config: /scratch/yorig/mpils-results-grid-ticks-10000-7may/easy/24proc/seed-5/5_mas74_seed-5_20260509_041642/iterated_local_search/run_10_worker_19/ils_config_17559301829885325849.prm
[INFO]:[04:55:30] Starting CPLEX solver on instance: /home/yorig/tuner/mpils-tests/instances/miplib/easy/mas74.mps with config: /scratch/yorig/mpils-results-grid-ticks-10000-7may/easy/24proc/seed-5/5_mas74_seed-5_20260509_041642/iterated_local_search/run_10_worker_19/ils_config_17559301829885325849.prm
[INFO]:[04:55:38] CPLEX results. Gap: 10.870000, upper bound: 11939.484943, lower bound: 10641.733575
[INFO]:[04:55:38] CPLEX solver finished. Gap: 10.870000
[INFO]:[04:55:38] Starting CPLEX solver on instance: /home/yorig/tuner/mpils-tests/instances/miplib/easy/mas74.mps with config: /scratch/yorig/mpils-results-grid-ticks-10000-7may/easy/24proc/seed-5/5_mas74_seed-5_20260509_041642/iterated_local_search/run_10_worker_19/ils_config_807660868136829213.prm
[INFO]:[04:55:38] Starting CPLEX solver on instance: /home/yorig/tuner/mpils-tests/instances/miplib/easy/mas74.mps with config: /scratch/yorig/mpils-results-grid-ticks-10000-7may/easy/24proc/seed-5/5_mas74_seed-5_20260509_041642/iterated_local_search/run_10_worker_19/ils_config_807660868136829213.prm
[INFO]:[04:55:45] CPLEX results. Gap: 12.220000, upper bound: 12123.030264, lower bound: 10641.733575
[INFO]:[04:55:45] CPLEX solver finished. Gap: 12.220000
[INFO]:[04:55:45] Starting CPLEX solver on instance: /home/yorig/tuner/mpils-tests/instances/miplib/easy/mas74.mps with config: /scratch/yorig/mpils-results-grid-ticks-10000-7may/easy/24proc/seed-5/5_mas74_seed-5_20260509_041642/iterated_local_search/run_10_worker_19/ils_config_13614078184783634518.prm
[INFO]:[04:55:45] Starting CPLEX solver on instance: /home/yorig/tuner/mpils-tests/instances/miplib/easy/mas74.mps with config: /scratch/yorig/mpils-results-grid-ticks-10000-7may/easy/24proc/seed-5/5_mas74_seed-5_20260509_041642/iterated_local_search/run_10_worker_19/ils_config_13614078184783634518.prm
[INFO]:[04:55:52] CPLEX results. Gap: 10.510000, upper bound: 11891.263051, lower bound: 10641.733575
[INFO]:[04:55:52] CPLEX solver finished. Gap: 10.510000
[INFO]:[04:55:52] New incumbent found with objective value: 10.51
[INFO]:[04:55:52] Starting CPLEX solver on instance: /home/yorig/tuner/mpils-tests/instances/miplib/easy/mas74.mps with config: /scratch/yorig/mpils-results-grid-ticks-10000-7may/easy/24proc/seed-5/5_mas74_seed-5_20260509_041642/iterated_local_search/run_10_worker_19/ils_config_7871001426158227706.prm
[INFO]:[04:55:52] Starting CPLEX solver on instance: /home/yorig/tuner/mpils-tests/instances/miplib/easy/mas74.mps with config: /scratch/yorig/mpils-results-grid-ticks-10000-7may/easy/24proc/seed-5/5_mas74_seed-5_20260509_041642/iterated_local_search/run_10_worker_19/ils_config_7871001426158227706.prm
[INFO]:[04:55:59] CPLEX results. Gap: 10.560000, upper bound: 11857.371258, lower bound: 10605.120131
[INFO]:[04:55:59] CPLEX solver finished. Gap: 10.560000
[INFO]:[04:55:59] Starting CPLEX solver on instance: /home/yorig/tuner/mpils-tests/instances/miplib/easy/mas74.mps with config: /scratch/yorig/mpils-results-grid-ticks-10000-7may/easy/24proc/seed-5/5_mas74_seed-5_20260509_041642/iterated_local_search/run_10_worker_19/ils_config_8680455378880919016.prm
[INFO]:[04:55:59] Starting CPLEX solver on instance: /home/yorig/tuner/mpils-tests/instances/miplib/easy/mas74.mps with config: /scratch/yorig/mpils-results-grid-ticks-10000-7may/easy/24proc/seed-5/5_mas74_seed-5_20260509_041642/iterated_local_search/run_10_worker_19/ils_config_8680455378880919016.prm
[INFO]:[04:56:06] CPLEX results. Gap: 10.510000, upper bound: 11891.263051, lower bound: 10641.733575
[INFO]:[04:56:06] CPLEX solver finished. Gap: 10.510000
[INFO]:[04:56:06] Starting CPLEX solver on instance: /home/yorig/tuner/mpils-tests/instances/miplib/easy/mas74.mps with config: /scratch/yorig/mpils-results-grid-ticks-10000-7may/easy/24proc/seed-5/5_mas74_seed-5_20260509_041642/iterated_local_search/run_10_worker_19/ils_config_18214690762768973071.prm
[INFO]:[04:56:06] Starting CPLEX solver on instance: /home/yorig/tuner/mpils-tests/instances/miplib/easy/mas74.mps with config: /scratch/yorig/mpils-results-grid-ticks-10000-7may/easy/24proc/seed-5/5_mas74_seed-5_20260509_041642/iterated_local_search/run_10_worker_19/ils_config_18214690762768973071.prm
[INFO]:[04:56:13] CPLEX results. Gap: 10.510000, upper bound: 11891.263051, lower bound: 10641.733575
[INFO]:[04:56:13] CPLEX solver finished. Gap: 10.510000
[INFO]:[04:56:13] Starting CPLEX solver on instance: /home/yorig/tuner/mpils-tests/instances/miplib/easy/mas74.mps with config: /scratch/yorig/mpils-results-grid-ticks-10000-7may/easy/24proc/seed-5/5_mas74_seed-5_20260509_041642/iterated_local_search/run_10_worker_19/ils_config_12165041436742058305.prm
[INFO]:[04:56:13] Starting CPLEX solver on instance: /home/yorig/tuner/mpils-tests/instances/miplib/easy/mas74.mps with config: /scratch/yorig/mpils-results-grid-ticks-10000-7may/easy/24proc/seed-5/5_mas74_seed-5_20260509_041642/iterated_local_search/run_10_worker_19/ils_config_12165041436742058305.prm
[INFO]:[04:56:20] CPLEX results. Gap: 10.510000, upper bound: 11891.263051, lower bound: 10641.733575
[INFO]:[04:56:20] CPLEX solver finished. Gap: 10.510000
[INFO]:[04:56:20] Starting CPLEX solver on instance: /home/yorig/tuner/mpils-tests/instances/miplib/easy/mas74.mps with config: /scratch/yorig/mpils-results-grid-ticks-10000-7may/easy/24proc/seed-5/5_mas74_seed-5_20260509_041642/iterated_local_search/run_10_worker_19/ils_config_1083296481688119701.prm
[INFO]:[04:56:20] Starting CPLEX solver on instance: /home/yorig/tuner/mpils-tests/instances/miplib/easy/mas74.mps with config: /scratch/yorig/mpils-results-grid-ticks-10000-7may/easy/24proc/seed-5/5_mas74_seed-5_20260509_041642/iterated_local_search/run_10_worker_19/ils_config_1083296481688119701.prm
[INFO]:[04:56:27] CPLEX results. Gap: 10.510000, upper bound: 11891.263051, lower bound: 10641.733575
[INFO]:[04:56:27] CPLEX solver finished. Gap: 10.510000
[INFO]:[04:56:27] Starting CPLEX solver on instance: /home/yorig/tuner/mpils-tests/instances/miplib/easy/mas74.mps with config: /scratch/yorig/mpils-results-grid-ticks-10000-7may/easy/24proc/seed-5/5_mas74_seed-5_20260509_041642/iterated_local_search/run_10_worker_19/ils_config_8164388773837486742.prm
[INFO]:[04:56:27] Starting CPLEX solver on instance: /home/yorig/tuner/mpils-tests/instances/miplib/easy/mas74.mps with config: /scratch/yorig/mpils-results-grid-ticks-10000-7may/easy/24proc/seed-5/5_mas74_seed-5_20260509_041642/iterated_local_search/run_10_worker_19/ils_config_8164388773837486742.prm
[INFO]:[04:56:34] CPLEX results. Gap: 10.530000, upper bound: 11893.872575, lower bound: 10641.733575
[INFO]:[04:56:34] CPLEX solver finished. Gap: 10.530000
[INFO]:[04:56:34] Starting CPLEX solver on instance: /home/yorig/tuner/mpils-tests/instances/miplib/easy/mas74.mps with config: /scratch/yorig/mpils-results-grid-ticks-10000-7may/easy/24proc/seed-5/5_mas74_seed-5_20260509_041642/iterated_local_search/run_10_worker_19/ils_config_17776375751886055939.prm
[INFO]:[04:56:34] Starting CPLEX solver on instance: /home/yorig/tuner/mpils-tests/instances/miplib/easy/mas74.mps with config: /scratch/yorig/mpils-results-grid-ticks-10000-7may/easy/24proc/seed-5/5_mas74_seed-5_20260509_041642/iterated_local_search/run_10_worker_19/ils_config_17776375751886055939.prm
[INFO]:[04:56:40] CPLEX results. Gap: 10.510000, upper bound: 11891.263051, lower bound: 10641.733575
[INFO]:[04:56:40] CPLEX solver finished. Gap: 10.510000
[INFO]:[04:56:40] Starting CPLEX solver on instance: /home/yorig/tuner/mpils-tests/instances/miplib/easy/mas74.mps with config: /scratch/yorig/mpils-results-grid-ticks-10000-7may/easy/24proc/seed-5/5_mas74_seed-5_20260509_041642/iterated_local_search/run_10_worker_19/ils_config_12318891259319852486.prm
[INFO]:[04:56:40] Starting CPLEX solver on instance: /home/yorig/tuner/mpils-tests/instances/miplib/easy/mas74.mps with config: /scratch/yorig/mpils-results-grid-ticks-10000-7may/easy/24proc/seed-5/5_mas74_seed-5_20260509_041642/iterated_local_search/run_10_worker_19/ils_config_12318891259319852486.prm
[INFO]:[04:56:47] CPLEX results. Gap: 10.510000, upper bound: 11891.263051, lower bound: 10641.733575
[INFO]:[04:56:47] CPLEX solver finished. Gap: 10.510000
[INFO]:[04:56:47] Starting CPLEX solver on instance: /home/yorig/tuner/mpils-tests/instances/miplib/easy/mas74.mps with config: /scratch/yorig/mpils-results-grid-ticks-10000-7may/easy/24proc/seed-5/5_mas74_seed-5_20260509_041642/iterated_local_search/run_10_worker_19/ils_config_2992847446928110345.prm
[INFO]:[04:56:47] Starting CPLEX solver on instance: /home/yorig/tuner/mpils-tests/instances/miplib/easy/mas74.mps with config: /scratch/yorig/mpils-results-grid-ticks-10000-7may/easy/24proc/seed-5/5_mas74_seed-5_20260509_041642/iterated_local_search/run_10_worker_19/ils_config_2992847446928110345.prm
[INFO]:[04:56:53] CPLEX results. Gap: 10.700000, upper bound: 11891.263051, lower bound: 10618.685407
[INFO]:[04:56:53] CPLEX solver finished. Gap: 10.700000
[INFO]:[04:56:53] Starting CPLEX solver on instance: /home/yorig/tuner/mpils-tests/instances/miplib/easy/mas74.mps with config: /scratch/yorig/mpils-results-grid-ticks-10000-7may/easy/24proc/seed-5/5_mas74_seed-5_20260509_041642/iterated_local_search/run_10_worker_19/ils_config_12976001459934170494.prm
[INFO]:[04:56:53] Starting CPLEX solver on instance: /home/yorig/tuner/mpils-tests/instances/miplib/easy/mas74.mps with config: /scratch/yorig/mpils-results-grid-ticks-10000-7may/easy/24proc/seed-5/5_mas74_seed-5_20260509_041642/iterated_local_search/run_10_worker_19/ils_config_12976001459934170494.prm
[INFO]:[04:57:01] CPLEX results. Gap: 10.530000, upper bound: 11893.872575, lower bound: 10641.733575
[INFO]:[04:57:01] CPLEX solver finished. Gap: 10.530000
[INFO]:[04:57:01] Starting CPLEX solver on instance: /home/yorig/tuner/mpils-tests/instances/miplib/easy/mas74.mps with config: /scratch/yorig/mpils-results-grid-ticks-10000-7may/easy/24proc/seed-5/5_mas74_seed-5_20260509_041642/iterated_local_search/run_10_worker_19/ils_config_7117644013117914081.prm
[INFO]:[04:57:01] Starting CPLEX solver on instance: /home/yorig/tuner/mpils-tests/instances/miplib/easy/mas74.mps with config: /scratch/yorig/mpils-results-grid-ticks-10000-7may/easy/24proc/seed-5/5_mas74_seed-5_20260509_041642/iterated_local_search/run_10_worker_19/ils_config_7117644013117914081.prm
[INFO]:[04:57:07] CPLEX results. Gap: 10.510000, upper bound: 11891.263051, lower bound: 10641.733575
[INFO]:[04:57:07] CPLEX solver finished. Gap: 10.510000
[INFO]:[04:57:07] Starting CPLEX solver on instance: /home/yorig/tuner/mpils-tests/instances/miplib/easy/mas74.mps with config: /scratch/yorig/mpils-results-grid-ticks-10000-7may/easy/24proc/seed-5/5_mas74_seed-5_20260509_041642/iterated_local_search/run_10_worker_19/ils_config_3268651729509463324.prm
[INFO]:[04:57:07] Starting CPLEX solver on instance: /home/yorig/tuner/mpils-tests/instances/miplib/easy/mas74.mps with config: /scratch/yorig/mpils-results-grid-ticks-10000-7may/easy/24proc/seed-5/5_mas74_seed-5_20260509_041642/iterated_local_search/run_10_worker_19/ils_config_3268651729509463324.prm
[INFO]:[04:57:14] CPLEX results. Gap: 10.510000, upper bound: 11891.263051, lower bound: 10641.733575
[INFO]:[04:57:14] CPLEX solver finished. Gap: 10.510000
[INFO]:[04:57:14] Starting CPLEX solver on instance: /home/yorig/tuner/mpils-tests/instances/miplib/easy/mas74.mps with config: /scratch/yorig/mpils-results-grid-ticks-10000-7may/easy/24proc/seed-5/5_mas74_seed-5_20260509_041642/iterated_local_search/run_10_worker_19/ils_config_9076925202534501906.prm
[INFO]:[04:57:14] Starting CPLEX solver on instance: /home/yorig/tuner/mpils-tests/instances/miplib/easy/mas74.mps with config: /scratch/yorig/mpils-results-grid-ticks-10000-7may/easy/24proc/seed-5/5_mas74_seed-5_20260509_041642/iterated_local_search/run_10_worker_19/ils_config_9076925202534501906.prm
[INFO]:[04:57:21] CPLEX results. Gap: 10.510000, upper bound: 11891.263051, lower bound: 10641.733575
[INFO]:[04:57:21] CPLEX solver finished. Gap: 10.510000
[INFO]:[04:57:21] Starting CPLEX solver on instance: /home/yorig/tuner/mpils-tests/instances/miplib/easy/mas74.mps with config: /scratch/yorig/mpils-results-grid-ticks-10000-7may/easy/24proc/seed-5/5_mas74_seed-5_20260509_041642/iterated_local_search/run_10_worker_19/ils_config_17315465327884572379.prm
[INFO]:[04:57:21] Starting CPLEX solver on instance: /home/yorig/tuner/mpils-tests/instances/miplib/easy/mas74.mps with config: /scratch/yorig/mpils-results-grid-ticks-10000-7may/easy/24proc/seed-5/5_mas74_seed-5_20260509_041642/iterated_local_search/run_10_worker_19/ils_config_17315465327884572379.prm
[INFO]:[04:57:28] CPLEX results. Gap: 11.610000, upper bound: 12039.468031, lower bound: 10641.733575
[INFO]:[04:57:28] CPLEX solver finished. Gap: 11.610000
[INFO]:[04:57:28] Starting CPLEX solver on instance: /home/yorig/tuner/mpils-tests/instances/miplib/easy/mas74.mps with config: /scratch/yorig/mpils-results-grid-ticks-10000-7may/easy/24proc/seed-5/5_mas74_seed-5_20260509_041642/iterated_local_search/run_10_worker_19/ils_config_453583041153135457.prm
[INFO]:[04:57:28] Starting CPLEX solver on instance: /home/yorig/tuner/mpils-tests/instances/miplib/easy/mas74.mps with config: /scratch/yorig/mpils-results-grid-ticks-10000-7may/easy/24proc/seed-5/5_mas74_seed-5_20260509_041642/iterated_local_search/run_10_worker_19/ils_config_453583041153135457.prm
[INFO]:[04:57:35] CPLEX results. Gap: 10.510000, upper bound: 11891.263051, lower bound: 10641.733575
[INFO]:[04:57:35] CPLEX solver finished. Gap: 10.510000
[INFO]:[04:57:35] Starting CPLEX solver on instance: /home/yorig/tuner/mpils-tests/instances/miplib/easy/mas74.mps with config: /scratch/yorig/mpils-results-grid-ticks-10000-7may/easy/24proc/seed-5/5_mas74_seed-5_20260509_041642/iterated_local_search/run_10_worker_19/ils_config_10676996168029241642.prm
[INFO]:[04:57:35] Starting CPLEX solver on instance: /home/yorig/tuner/mpils-tests/instances/miplib/easy/mas74.mps with config: /scratch/yorig/mpils-results-grid-ticks-10000-7may/easy/24proc/seed-5/5_mas74_seed-5_20260509_041642/iterated_local_search/run_10_worker_19/ils_config_10676996168029241642.prm
[INFO]:[04:57:42] CPLEX results. Gap: 10.510000, upper bound: 11891.263051, lower bound: 10641.733575
[INFO]:[04:57:42] CPLEX solver finished. Gap: 10.510000
[INFO]:[04:57:42] Starting CPLEX solver on instance: /home/yorig/tuner/mpils-tests/instances/miplib/easy/mas74.mps with config: /scratch/yorig/mpils-results-grid-ticks-10000-7may/easy/24proc/seed-5/5_mas74_seed-5_20260509_041642/iterated_local_search/run_10_worker_19/ils_config_170631436771767891.prm
[INFO]:[04:57:42] Starting CPLEX solver on instance: /home/yorig/tuner/mpils-tests/instances/miplib/easy/mas74.mps with config: /scratch/yorig/mpils-results-grid-ticks-10000-7may/easy/24proc/seed-5/5_mas74_seed-5_20260509_041642/iterated_local_search/run_10_worker_19/ils_config_170631436771767891.prm
[INFO]:[04:57:49] CPLEX results. Gap: 10.510000, upper bound: 11891.263051, lower bound: 10641.733575
[INFO]:[04:57:49] CPLEX solver finished. Gap: 10.510000
[INFO]:[04:57:49] Starting CPLEX solver on instance: /home/yorig/tuner/mpils-tests/instances/miplib/easy/mas74.mps with config: /scratch/yorig/mpils-results-grid-ticks-10000-7may/easy/24proc/seed-5/5_mas74_seed-5_20260509_041642/iterated_local_search/run_10_worker_19/ils_config_8128207133768962721.prm
[INFO]:[04:57:49] Starting CPLEX solver on instance: /home/yorig/tuner/mpils-tests/instances/miplib/easy/mas74.mps with config: /scratch/yorig/mpils-results-grid-ticks-10000-7may/easy/24proc/seed-5/5_mas74_seed-5_20260509_041642/iterated_local_search/run_10_worker_19/ils_config_8128207133768962721.prm
[INFO]:[04:57:56] CPLEX results. Gap: 10.510000, upper bound: 11891.263051, lower bound: 10641.733575
[INFO]:[04:57:56] CPLEX solver finished. Gap: 10.510000
[INFO]:[04:57:56] Starting CPLEX solver on instance: /home/yorig/tuner/mpils-tests/instances/miplib/easy/mas74.mps with config: /scratch/yorig/mpils-results-grid-ticks-10000-7may/easy/24proc/seed-5/5_mas74_seed-5_20260509_041642/iterated_local_search/run_10_worker_19/ils_config_11527214075917023134.prm
[INFO]:[04:57:56] Starting CPLEX solver on instance: /home/yorig/tuner/mpils-tests/instances/miplib/easy/mas74.mps with config: /scratch/yorig/mpils-results-grid-ticks-10000-7may/easy/24proc/seed-5/5_mas74_seed-5_20260509_041642/iterated_local_search/run_10_worker_19/ils_config_11527214075917023134.prm
[INFO]:[04:58:03] CPLEX results. Gap: 10.510000, upper bound: 11891.263051, lower bound: 10641.733575
[INFO]:[04:58:03] CPLEX solver finished. Gap: 10.510000
[INFO]:[04:58:03] Starting CPLEX solver on instance: /home/yorig/tuner/mpils-tests/instances/miplib/easy/mas74.mps with config: /scratch/yorig/mpils-results-grid-ticks-10000-7may/easy/24proc/seed-5/5_mas74_seed-5_20260509_041642/iterated_local_search/run_10_worker_19/ils_config_13737691664100104451.prm
[INFO]:[04:58:03] Starting CPLEX solver on instance: /home/yorig/tuner/mpils-tests/instances/miplib/easy/mas74.mps with config: /scratch/yorig/mpils-results-grid-ticks-10000-7may/easy/24proc/seed-5/5_mas74_seed-5_20260509_041642/iterated_local_search/run_10_worker_19/ils_config_13737691664100104451.prm
[INFO]:[04:58:09] CPLEX results. Gap: 10.510000, upper bound: 11891.263051, lower bound: 10641.733575
[INFO]:[04:58:09] CPLEX solver finished. Gap: 10.510000
[INFO]:[04:58:09] Starting CPLEX solver on instance: /home/yorig/tuner/mpils-tests/instances/miplib/easy/mas74.mps with config: /scratch/yorig/mpils-results-grid-ticks-10000-7may/easy/24proc/seed-5/5_mas74_seed-5_20260509_041642/iterated_local_search/run_10_worker_19/ils_config_347134225281686801.prm
[INFO]:[04:58:09] Starting CPLEX solver on instance: /home/yorig/tuner/mpils-tests/instances/miplib/easy/mas74.mps with config: /scratch/yorig/mpils-results-grid-ticks-10000-7may/easy/24proc/seed-5/5_mas74_seed-5_20260509_041642/iterated_local_search/run_10_worker_19/ils_config_347134225281686801.prm
[INFO]:[04:58:17] CPLEX results. Gap: 10.530000, upper bound: 11893.872575, lower bound: 10641.733575
[INFO]:[04:58:17] CPLEX solver finished. Gap: 10.530000
[INFO]:[04:58:17] Local search phase completed.
[INFO]:[04:58:17] Total number of new local-search evaluations: 30
[INFO]:[04:58:17] Final incumbent objective value: 10.51
[INFO]:[05:01:56] Worker 19 completed exploration phase.
[INFO]:[05:01:56] Worker 19 received order for step 3.
[INFO]:[05:01:56] Worker 19 finished.
