EvalID,TimeEvaluated,SolverRuntimeSeconds,SolverTerminationStatus,ObjectiveValue,Gap,UpperBound,LowerBound,ConfigID,MipStartID,WorkerID,Iteration,Phase
1,5,5.006045,Normal,8.04,8.040000,364.000000,334.748820,14921508010286178949,null,0,1,0
2,5,5.006060,Normal,1.54,1.540000,340.000000,334.758000,8723278136865304665,null,1,1,0
3,3,3.769490,Normal,0,0.000000,340.000000,340.000000,15446065792237984030,null,2,1,0
4,5,5.004400,Normal,8.04,8.040000,364.000000,334.749000,14075347302301588864,null,3,1,0
5,5,5.005620,Normal,23.37,23.370000,434.000000,332.566000,3607391237478288220,null,4,1,0
6,5,5.005800,Normal,23.37,23.370000,434.000000,332.566000,6128791737735043497,null,5,1,0
7,5,5.006590,Normal,8.04,8.040000,364.000000,334.749000,14016033152779600300,null,6,1,0
8,5,5.006310,Normal,32.13,32.130000,490.000000,332.566000,17459231772484832906,null,7,1,0
