EvalID,TimeEvaluated,SolverRuntimeSeconds,SolverTerminationStatus,ObjectiveValue,Gap,UpperBound,LowerBound,ConfigID,MipStartID,WorkerID,Iteration,Phase
1,5,5.005361,Normal,8.04,8.040000,364.000000,334.748820,14921508010286178949,null,0,1,0
2,5,5.006590,Normal,1.54,1.540000,340.000000,334.750000,6439873165248256756,null,1,1,0
3,5,5.005940,Normal,1.54,1.540000,340.000000,334.758000,11502841505915629043,null,2,1,0
4,5,5.004250,Normal,8.04,8.040000,364.000000,334.749000,12710294232408245987,null,3,1,0
5,4,4.490640,Normal,0,0.000000,340.000000,340.000000,7203309977906348516,null,4,1,0
6,5,5.006230,Normal,32.13,32.130000,490.000000,332.566000,11465549685707380235,null,5,1,0
7,5,5.006280,Normal,8.04,8.040000,364.000000,334.749000,7394199802898337926,null,6,1,0
8,3,3.645240,Normal,0,0.000000,340.000000,340.000000,3080098593157933272,null,7,1,0
