EvalID,TimeEvaluated,ObjectiveValue,Gap,UpperBound,LowerBound,ConfigID,MipStartID,WorkerID,Iteration,Phase
1,4,8.04,8.040000,364.000000,334.748820,14921508010286178949,null,0,1,0
2,9,8.04,8.040000,364.000000,334.748820,10101538263502436884,null,0,1,0
3,3,0,0.000000,340.000000,340.000000,9686720361045965965,null,1,1,0
