EvalID,TimeEvaluated,ObjectiveValue,Gap,UpperBound,LowerBound,ConfigID,MipStartID,WorkerID,Iteration,Phase
1,4,8.04,8.040000,364.000000,334.748820,14921508010286178949,null,0,1,0
2,9,8.04,8.040000,364.000000,334.748820,14494239334946615932,null,0,1,0
3,13,8.04,8.040000,364.000000,334.748820,2823934824078185206,null,0,1,0
4,18,1.54,1.540000,340.000000,334.750246,5834979808369545068,null,0,1,0
5,4,32.13,32.130000,490.000000,332.566000,13868541968104201829,null,1,1,0
6,8,32.13,32.130000,490.000000,332.566000,14311376516940003089,null,1,1,0
7,12,0,0.000000,340.000000,340.000000,11386672675011921142,null,1,1,0
