1,0,0,0,-1,0,1,0,0,0,0,0,3,0,-1,2,1,2,1,1,-1,10,0,-1,150,0,9223372036800000000,1e+75,0,10,0,1,7,0,0,1,0,0,1,1,0,0,0,0,0,3,2,0,1,-1,1,-1,3,0,10,-1,1,1,3,-1,1,-1,0,0,1,0,0,10,0,0,0,5.12
1,0,0,0,-1,0,1,0,0,0,0,0,3,0,-1,2,1,2,1,1,-1,10,0,-1,150,0,9223372036800000000,1e+75,0,10,0,1,7,0,0,1,0,0,1,1,0,0,0,0,0,3,2,0,1,-1,1,-1,3,0,10,-1,1,1,3,0,-1,-1,0,0,1,0,0,10,0,0,0,22.23
1,0,0,0,-1,0,1,0,0,0,0,0,3,0,-1,2,1,2,1,1,-1,10,0,-1,150,0,9223372036800000000,1e+75,0,10,0,1,7,0,0,3,0,0,1,1,0,0,0,0,0,3,2,0,1,-1,1,-1,3,0,10,-1,1,1,3,-1,-1,-1,0,0,1,0,0,10,0,0,0,5.3
1,0,0,0,-1,0,1,0,0,0,0,0,3,0,-1,2,1,2,1,1,-1,10,0,-1,150,0,9223372036800000000,1e+75,0,10,0,1,7,0,0,2,0,0,1,1,0,0,0,0,0,3,2,0,1,-1,1,-1,3,0,10,-1,1,1,3,-1,-1,-1,0,0,1,0,0,10,0,0,0,5.3
1,0,0,0,-1,0,1,0,0,0,0,0,3,0,-1,2,1,2,1,1,-1,10,0,-1,150,0,9223372036800000000,1e+75,0,10,0,1,7,0,0,1,0,0,1,1,0,0,0,0,0,3,2,3,1,-1,1,-1,3,0,10,-1,1,1,3,-1,-1,-1,0,0,1,0,0,10,0,0,0,5.3
1,0,0,0,-1,0,1,0,0,0,0,0,3,0,-1,2,1,2,1,1,-1,10,0,-1,150,0,9223372036800000000,1e+75,0,10,0,1,7,0,0,1,0,0,1,1,0,0,0,0,0,3,2,2,1,-1,1,-1,3,0,10,-1,1,1,3,-1,-1,-1,0,0,1,0,0,10,0,0,0,5.3
1,0,0,0,-1,0,1,0,0,0,0,0,3,0,-1,2,1,2,1,1,-1,10,0,-1,150,0,9223372036800000000,1e+75,0,10,0,1,7,0,0,1,0,0,1,1,0,0,0,0,0,3,2,1,1,-1,1,-1,3,0,10,-1,1,1,3,-1,-1,-1,0,0,1,0,0,10,0,0,0,5.3
1,0,0,0,-1,0,1,0,0,0,0,0,3,0,-1,2,1,2,1,1,-1,10,0,-1,150,0,9223372036800000000,1e+75,0,10,0,1,7,0,0,1,0,0,1,1,0,0,0,0,0,3,3,0,1,-1,1,-1,3,0,10,-1,1,1,3,-1,-1,-1,0,0,1,0,0,10,0,0,0,5.3
1,0,0,0,-1,0,1,0,0,0,0,0,3,0,-1,2,1,2,1,1,-1,10,0,-1,150,0,9223372036800000000,1e+75,0,10,0,1,7,0,0,1,0,0,1,1,0,0,0,0,0,3,1,0,1,-1,1,-1,3,0,10,-1,1,1,3,-1,-1,-1,0,0,1,0,0,10,0,0,0,5.3
1,0,0,0,-1,0,1,3,0,0,0,0,0,0,1,2,2,0,0,2,1,3,0,-1,10,0,9223372036800000000,1e+75,0,10,0,0,7,0,0,1,0,0,1,1,0,0,0,0,0,-1,2,0,1,-1,1,-1,0,0,10,-1,1,1,3,-1,-1,-1,0,0,1,0,0,10,0,0,0,21.58
1,0,0,0,-1,0,1,3,0,0,0,0,0,0,1,2,2,0,0,2,1,3,0,-1,10,0,9223372036800000000,1e+75,0,10,0,0,7,0,0,1,0,0,1,1,0,0,0,0,0,-1,2,0,1,-1,0,-1,1,0,10,-1,1,1,3,-1,-1,-1,0,0,1,0,0,10,0,0,0,29.73
1,0,0,0,-1,0,1,3,0,0,0,0,0,0,1,2,2,0,0,2,1,0,0,-1,10,0,9223372036800000000,1e+75,0,10,0,0,7,0,0,1,0,0,1,1,0,0,0,0,0,-1,2,0,1,-1,1,-1,1,0,10,-1,1,1,3,-1,-1,-1,0,0,1,0,0,10,0,0,0,61.31
1,0,0,0,-1,0,1,3,0,0,0,0,0,0,1,2,2,2,0,2,-1,3,0,-1,10,0,9223372036800000000,1e+75,0,10,0,0,7,0,0,1,0,0,1,1,0,0,0,0,0,-1,2,0,1,-1,1,-1,1,0,10,-1,1,1,3,-1,-1,-1,0,0,1,0,0,10,0,0,0,33.45
1,0,0,0,-1,0,1,3,0,0,0,0,0,0,1,2,2,0,0,2,-1,3,0,-1,10,0,9223372036800000000,1e+75,0,10,0,1,7,0,0,1,0,0,1,1,0,0,0,0,0,-1,2,0,1,-1,1,-1,1,0,10,-1,1,1,3,-1,-1,-1,0,0,1,0,0,10,0,0,0,22.62
1,0,0,0,-1,0,1,3,0,0,0,0,0,0,1,2,2,0,0,2,-1,3,0,-1,10,0,9223372036800000000,1e+75,0,10,0,3,7,0,0,1,0,0,1,1,0,0,0,0,0,-1,2,0,1,-1,1,-1,1,0,10,-1,1,1,3,-1,-1,-1,0,0,1,0,0,10,0,0,0,22.82
1,0,0,0,-1,0,1,0,0,0,0,0,3,0,-1,2,1,-1,1,1,-1,10,0,-1,150,0,9223372036800000000,1e+75,0,10,0,1,7,0,0,1,0,0,1,1,0,0,0,0,0,3,2,0,1,-1,1,-1,3,0,10,-1,1,1,3,-1,-1,-1,0,0,1,0,0,10,0,0,0,9.89
1,0,0,0,-1,0,1,0,0,0,0,0,3,0,-1,2,1,2,1,1,-1,10,0,-1,150,0,9223372036800000000,1e+75,0,10,0,1,7,0,0,1,0,0,1,1,0,0,0,0,0,3,2,0,1,-1,1,-1,1,0,10,-1,1,1,3,-1,-1,-1,0,0,1,0,0,10,0,0,0,8.23
1,0,0,0,-1,0,1,0,0,0,0,0,3,0,-1,2,1,2,1,1,1,10,0,-1,150,0,9223372036800000000,1e+75,0,10,0,1,7,0,0,1,0,0,1,1,0,0,0,0,0,3,2,0,1,-1,1,-1,3,0,10,-1,1,1,3,-1,-1,-1,0,0,1,0,0,10,0,0,0,25.18
1,0,0,0,-1,0,1,0,0,0,0,0,3,0,-1,2,1,2,0,1,-1,10,0,-1,150,0,9223372036800000000,1e+75,0,10,0,1,7,0,0,1,0,0,1,1,0,0,0,0,0,3,2,0,1,-1,1,-1,3,0,10,-1,1,1,3,-1,-1,-1,0,0,1,0,0,10,0,0,0,5.39
1,0,0,0,-1,0,1,0,0,0,0,0,3,0,-1,2,1,2,-1,1,-1,10,0,-1,150,0,9223372036800000000,1e+75,0,10,0,1,7,0,0,1,0,0,1,1,0,0,0,0,0,3,2,0,1,-1,1,-1,3,0,10,-1,1,1,3,-1,-1,-1,0,0,1,0,0,10,0,0,0,20.51
1,0,0,0,-1,0,1,0,0,0,0,0,3,0,-1,2,1,2,1,1,-1,0,0,-1,150,0,9223372036800000000,1e+75,0,10,0,1,7,0,0,1,0,0,1,1,0,0,0,0,0,3,2,0,1,-1,1,-1,3,0,10,-1,1,1,3,-1,-1,-1,0,0,1,0,0,10,0,0,0,55.77
1,0,0,0,-1,0,1,0,0,0,0,0,3,0,-1,2,1,2,1,1,-1,10,0,-1,150,0,9223372036800000000,1e+75,0,10,0,1,7,0,0,1,0,0,1,1,0,0,0,0,3,3,2,0,1,-1,1,-1,3,0,10,-1,1,1,3,-1,-1,-1,0,0,1,0,0,10,0,0,0,35.52
1,0,0,0,-1,0,1,0,0,0,0,0,3,0,-1,2,1,2,1,1,-1,10,0,-1,100,0,9223372036800000000,1e+75,0,10,0,1,7,0,0,1,0,0,1,1,0,0,0,0,0,3,2,0,1,-1,1,-1,3,0,10,-1,1,1,3,-1,-1,-1,0,0,1,0,0,10,0,0,0,27.66
1,0,0,0,-1,0,1,0,0,0,0,0,3,0,-1,2,1,2,1,1,-1,1,0,-1,150,0,9223372036800000000,1e+75,0,10,0,1,7,0,0,1,0,0,1,1,0,0,0,0,0,3,2,0,1,-1,1,-1,3,0,10,-1,1,1,3,-1,-1,-1,0,0,1,0,0,10,0,0,0,52.6
1,0,0,0,-1,0,1,0,0,0,0,0,3,0,-1,2,1,2,1,1,-1,2,0,-1,150,0,9223372036800000000,1e+75,0,10,0,1,7,0,0,1,0,0,1,1,0,0,0,0,0,3,2,0,1,-1,1,-1,3,0,10,-1,1,1,3,-1,-1,-1,0,0,1,0,0,10,0,0,0,40.12
1,0,0,0,-1,0,1,0,0,0,0,0,3,0,-1,2,1,2,2,1,-1,10,0,-1,150,0,9223372036800000000,1e+75,0,10,0,3,7,0,0,1,0,0,1,1,0,0,0,0,0,3,2,0,1,-1,1,-1,3,0,10,-1,1,1,3,-1,-1,-1,0,0,1,0,0,10,0,0,0,5.5
1,0,0,0,-1,0,1,0,0,0,0,0,3,0,-1,-1,1,2,2,1,-1,10,0,-1,10,0,9223372036800000000,1e+75,0,10,0,1,7,0,0,1,0,0,1,1,0,0,0,0,3,3,2,0,1,-1,1,-1,2,0,10,-1,1,1,3,-1,-1,-1,0,0,1,0,0,10,0,0,0,41.64
1,0,0,0,-1,0,1,0,0,0,1,0,2,0,1,-1,1,2,-1,0,1,5,0,-1,10,0,9223372036800000000,1e+75,0,10,0,1,7,0,0,1,0,0,1,1,0,0,0,0,2,3,2,0,1,-1,1,-1,3,0,10,-1,1,1,3,-1,-1,-1,0,0,1,0,0,10,0,0,0,28.65
1,0,0,0,-1,0,1,0,0,0,1,0,2,0,1,-1,1,2,-1,0,1,5,0,-1,10,0,9223372036800000000,1e+75,0,10,0,0,7,0,0,1,0,0,1,1,0,0,0,0,2,3,2,0,1,-1,1,-1,-1,0,10,-1,1,1,3,-1,-1,-1,0,0,1,0,0,10,0,0,0,27.62
1,0,0,0,-1,0,1,0,0,0,1,0,2,0,1,-1,1,0,-1,0,-1,5,0,-1,10,0,9223372036800000000,1e+75,0,10,0,1,7,0,0,1,0,0,1,1,0,0,0,0,2,3,2,0,1,-1,1,-1,-1,0,10,-1,1,1,3,-1,-1,-1,0,0,1,0,0,10,0,0,0,30.16
1,0,0,0,-1,0,1,0,0,0,1,0,-1,0,1,-1,1,0,-1,0,1,5,0,-1,10,0,9223372036800000000,1e+75,0,10,0,1,7,0,0,1,0,0,1,1,0,0,0,0,2,3,2,0,1,-1,1,-1,-1,0,10,-1,1,1,3,-1,-1,-1,0,0,1,0,0,10,0,0,0,28.09
1,0,0,0,-1,0,1,0,0,0,1,0,2,0,1,-1,1,0,-1,0,1,5,0,-1,10,0,9223372036800000000,1e+75,0,10,0,2,7,0,0,1,0,0,1,1,0,0,0,0,2,3,2,0,1,-1,1,-1,-1,0,10,-1,1,1,3,-1,-1,-1,0,0,1,0,0,10,0,0,0,27.6
1,0,0,0,-1,0,1,0,0,0,1,0,2,0,1,-1,1,0,-1,0,1,5,0,-1,25,0,9223372036800000000,1e+75,0,10,0,1,7,0,0,1,0,0,1,1,0,0,0,0,2,3,2,0,1,-1,1,-1,-1,0,10,-1,1,1,3,-1,-1,-1,0,0,1,0,0,10,0,0,0,27.87
1,0,0,0,-1,0,1,0,0,0,1,0,2,0,1,-1,1,0,-1,0,1,0,0,-1,10,0,9223372036800000000,1e+75,0,10,0,1,7,0,0,1,0,0,1,1,0,0,0,0,2,3,2,0,1,-1,1,-1,-1,0,10,-1,1,1,3,-1,-1,-1,0,0,1,0,0,10,0,0,0,54.55
1,0,0,0,-1,0,1,0,0,0,0,0,3,0,-1,2,1,2,1,1,-1,10,0,-1,150,0,9223372036800000000,1e+75,0,10,0,1,7,0,0,1,0,0,1,1,0,0,0,0,0,3,2,0,1,-1,1,-1,3,0,10,-1,1,1,2,-1,-1,-1,0,0,1,0,0,10,0,0,0,9.63
1,0,0,0,-1,0,1,0,0,0,1,0,2,0,-1,-1,1,0,-1,0,1,5,0,-1,10,0,9223372036800000000,1e+75,0,10,0,1,7,0,0,1,0,0,1,1,0,0,0,0,2,3,2,0,1,-1,1,-1,-1,0,10,-1,1,1,3,-1,-1,-1,0,0,1,0,0,10,0,0,0,27.6
1,0,0,0,-1,0,1,0,0,0,1,0,2,0,1,-1,1,0,-1,0,1,2,0,-1,10,0,9223372036800000000,1e+75,0,10,0,1,7,0,0,1,0,0,1,1,0,0,0,0,2,3,2,0,1,-1,1,-1,-1,0,10,-1,1,1,3,-1,-1,-1,0,0,1,0,0,10,0,0,0,37.1
1,0,0,0,-1,0,1,0,0,0,1,0,2,0,1,-1,1,0,1,0,1,5,0,-1,10,0,9223372036800000000,1e+75,0,10,0,1,7,0,0,1,0,0,1,1,0,0,0,0,2,3,2,0,1,-1,1,-1,-1,0,10,-1,1,1,3,-1,-1,-1,0,0,1,0,0,10,0,0,0,28.89
1,0,0,0,-1,0,1,0,0,0,1,0,2,0,1,-1,1,0,-1,0,1,5,0,-1,10,0,9223372036800000000,1e+75,0,10,0,1,7,0,0,1,0,0,1,1,0,0,0,0,0,3,2,0,1,-1,1,-1,-1,0,10,-1,1,1,3,-1,-1,-1,0,0,1,0,0,10,0,0,0,27.6
1,0,0,0,-1,0,1,0,0,0,1,0,2,0,1,-1,1,0,-1,0,1,5,0,-1,10,0,9223372036800000000,1e+75,0,10,0,1,7,0,0,1,0,0,1,1,0,0,0,0,2,3,2,0,1,-1,1,-1,1,0,10,-1,1,1,3,-1,-1,-1,0,0,1,0,0,10,0,0,0,28.35
1,0,0,0,-1,0,1,0,0,0,1,0,2,0,1,-1,1,-1,-1,0,1,5,0,-1,10,0,9223372036800000000,1e+75,0,10,0,1,7,0,0,1,0,0,1,1,0,0,0,0,2,3,2,0,1,-1,1,-1,-1,0,10,-1,1,1,3,-1,-1,-1,0,0,1,0,0,10,0,0,0,28.67
1,0,0,0,-1,0,1,0,0,0,1,0,2,0,1,-1,1,0,-1,0,1,5,0,-1,10,0,9223372036800000000,1e+75,0,10,0,1,7,0,0,1,0,0,1,1,0,0,0,0,1,3,2,0,1,-1,1,-1,-1,0,10,-1,1,1,3,-1,-1,-1,0,0,1,0,0,10,0,0,0,36.01
1,0,0,0,-1,0,1,0,0,0,1,0,2,0,1,-1,1,0,-1,0,1,5,0,-1,10,0,9223372036800000000,1e+75,0,10,0,1,7,0,0,1,0,0,1,1,0,0,0,0,2,3,2,0,1,-1,-1,-1,-1,0,10,-1,1,1,3,-1,-1,-1,0,0,1,0,0,10,0,0,0,29.02
1,0,0,0,-1,0,1,0,0,0,0,0,-1,0,-1,2,1,2,1,1,-1,10,0,-1,150,0,9223372036800000000,1e+75,0,10,0,1,7,0,0,1,0,0,1,1,0,0,0,0,0,3,2,0,1,-1,1,-1,3,0,10,-1,1,1,3,-1,-1,-1,0,0,1,0,0,10,0,0,0,11.28
1,0,0,0,-1,0,1,0,0,0,1,0,2,0,1,-1,1,0,-1,0,1,1,0,-1,10,0,9223372036800000000,1e+75,0,10,0,1,7,0,0,1,0,0,1,1,0,0,0,0,2,3,2,0,1,-1,1,-1,-1,0,10,-1,1,1,3,-1,-1,-1,0,0,1,0,0,10,0,0,0,52.88
1,0,0,0,-1,0,1,0,0,0,1,0,2,0,-1,-1,1,0,-1,0,2,5,0,-1,10,0,9223372036800000000,1e+75,0,10,0,1,7,0,0,1,0,0,1,1,0,0,0,0,2,3,2,0,1,-1,1,-1,-1,0,10,-1,1,1,3,-1,-1,-1,0,0,1,0,0,10,0,0,0,28.12
1,0,0,0,-1,0,1,0,0,0,1,0,2,0,1,-1,1,2,-1,0,1,5,0,-1,10,0,9223372036800000000,1e+75,0,10,0,1,7,0,0,1,0,0,1,1,0,0,0,0,2,3,2,0,1,-1,1,-1,0,0,10,-1,1,1,3,-1,-1,-1,0,0,1,0,0,10,0,0,0,15.18
1,0,0,0,-1,0,1,0,0,0,1,0,2,0,1,-1,1,0,-1,0,2,5,0,-1,10,0,9223372036800000000,1e+75,0,10,0,1,7,0,0,1,0,0,1,1,0,0,0,0,2,3,2,0,1,-1,1,-1,-1,0,10,-1,1,1,3,-1,-1,-1,0,0,1,0,0,10,0,0,0,28.12
1,0,0,0,-1,0,1,1,0,0,2,0,2,0,-1,-1,2,2,2,-1,1,2,0,-1,10,0,9223372036800000000,1e+75,0,10,0,2,7,0,0,1,0,0,1,1,0,0,0,0,3,-1,2,0,1,-1,1,-1,3,0,10,-1,1,1,3,-1,-1,-1,0,0,1,0,0,10,0,0,0,1.79769e+308
1,0,0,0,-1,0,1,0,0,0,0,0,3,0,-1,2,1,2,1,1,-1,10,0,-1,150,0,9223372036800000000,1e+75,0,10,0,1,7,0,0,1,0,0,1,1,0,0,0,0,0,3,2,0,1,-1,1,-1,3,0,10,-1,1,1,0,-1,-1,-1,0,0,1,0,0,10,0,0,0,12.06
1,0,0,0,-1,0,1,0,0,0,2,0,2,0,-1,-1,-1,2,2,-1,1,2,0,-1,10,0,9223372036800000000,1e+75,0,10,0,2,7,0,0,1,0,0,1,1,0,0,0,0,3,-1,2,0,1,-1,1,-1,3,0,10,-1,1,1,3,-1,-1,-1,0,0,1,0,0,10,0,0,0,90.43
1,0,0,0,-1,0,1,0,0,0,2,0,2,0,-1,-1,2,2,2,-1,1,0,0,-1,10,0,9223372036800000000,1e+75,0,10,0,2,7,0,0,1,0,0,1,1,0,0,0,0,3,-1,2,0,1,-1,1,-1,3,0,10,-1,1,1,3,-1,-1,-1,0,0,1,0,0,10,0,0,0,90.43
1,0,0,0,-1,0,1,0,0,0,2,0,2,0,-1,-1,2,2,2,-1,1,2,0,-1,10,0,9223372036800000000,1e+75,0,10,0,2,7,0,0,1,0,0,1,1,0,0,0,0,0,-1,2,0,1,-1,1,-1,3,0,10,-1,1,1,3,-1,-1,-1,0,0,1,0,0,10,0,0,0,90.73
1,0,0,0,-1,0,1,0,0,0,2,0,2,0,-1,-1,2,2,0,-1,1,2,0,-1,10,0,9223372036800000000,1e+75,0,10,0,2,7,0,0,1,0,0,1,1,0,0,0,0,3,-1,2,0,1,-1,1,-1,3,0,10,-1,1,1,3,-1,-1,-1,0,0,1,0,0,10,0,0,0,90.43
1,0,0,0,-1,0,1,0,0,0,1,0,2,0,1,-1,-1,0,-1,0,1,5,0,-1,10,0,9223372036800000000,1e+75,0,10,0,1,7,0,0,1,0,0,1,1,0,0,0,0,2,3,2,0,1,-1,1,-1,-1,0,10,-1,1,1,3,-1,-1,-1,0,0,1,0,0,10,0,0,0,27.6
1,0,0,0,-1,0,1,0,0,0,2,0,2,0,-1,-1,2,2,2,-1,1,2,0,-1,10,0,9223372036800000000,1e+75,0,10,0,0,7,0,0,1,0,0,1,1,0,0,0,0,3,-1,2,0,1,-1,1,-1,3,0,10,-1,1,1,3,-1,-1,-1,0,0,1,0,0,10,0,0,0,90.43
1,0,0,0,-1,0,1,0,0,0,2,0,2,0,-1,-1,2,2,2,-1,1,2,0,-1,10,0,9223372036800000000,1e+75,0,10,0,2,7,0,0,1,0,0,1,1,0,0,0,0,3,-1,2,0,1,-1,1,-1,3,0,10,-1,1,1,3,-1,-1,-1,0,0,1,0,0,10,0,0,0,90.43
1,0,0,0,-1,0,1,1,0,0,1,0,2,0,-1,-1,2,2,0,1,2,0,0,-1,150,0,9223372036800000000,1e+75,0,10,0,2,7,0,0,1,0,0,1,1,0,0,0,0,2,2,2,0,1,-1,-1,-1,0,0,10,-1,1,1,3,-1,-1,-1,0,0,1,0,0,10,0,0,0,46.12
1,0,0,0,-1,0,1,1,0,0,1,0,-1,0,-1,-1,2,2,0,1,2,1,0,-1,150,0,9223372036800000000,1e+75,0,10,0,2,7,0,0,1,0,0,1,1,0,0,0,0,2,2,2,0,1,-1,-1,-1,0,0,10,-1,1,1,3,-1,-1,-1,0,0,1,0,0,10,0,0,0,85.96
1,0,0,0,-1,0,1,1,0,0,1,0,2,0,-1,-1,2,2,0,1,2,1,0,-1,25,0,9223372036800000000,1e+75,0,10,0,2,7,0,0,1,0,0,1,1,0,0,0,0,2,2,2,0,1,-1,-1,-1,0,0,10,-1,1,1,3,-1,-1,-1,0,0,1,0,0,10,0,0,0,49.66
1,0,0,0,-1,0,1,1,0,0,1,0,2,0,-1,-1,2,-1,0,1,2,1,0,-1,150,0,9223372036800000000,1e+75,0,10,0,2,7,0,0,1,0,0,1,1,0,0,0,0,2,2,2,0,1,-1,-1,-1,0,0,10,-1,1,1,3,-1,-1,-1,0,0,1,0,0,10,0,0,0,50.86
1,0,0,0,-1,0,1,1,0,0,1,0,2,0,-1,-1,2,2,0,1,2,1,0,-1,150,0,9223372036800000000,1e+75,0,10,0,2,7,0,0,1,0,0,1,1,0,0,0,0,2,2,2,0,1,-1,1,-1,0,0,10,-1,1,1,3,-1,-1,-1,0,0,1,0,0,10,0,0,0,46.04
1,0,0,0,-1,0,1,1,0,0,1,0,2,0,-1,-1,2,2,0,1,2,0,0,-1,150,0,9223372036800000000,1e+75,0,10,0,2,7,0,0,1,0,0,1,1,0,0,0,0,0,2,2,0,1,-1,1,-1,0,0,10,-1,1,1,3,-1,-1,-1,0,0,1,0,0,10,0,0,0,48.47
1,0,0,0,-1,0,1,1,0,0,1,0,2,0,-1,-1,2,2,0,1,2,0,0,-1,25,0,9223372036800000000,1e+75,0,10,0,2,7,0,0,1,0,0,1,1,0,0,0,0,2,2,2,0,1,-1,1,-1,0,0,10,-1,1,1,3,-1,-1,-1,0,0,1,0,0,10,0,0,0,51.78
1,0,0,0,-1,0,1,1,0,0,1,0,2,0,-1,-1,2,-1,0,1,2,0,0,-1,150,0,9223372036800000000,1e+75,0,10,0,2,7,0,0,1,0,0,1,1,0,0,0,0,2,2,2,0,1,-1,1,-1,0,0,10,-1,1,1,3,-1,-1,-1,0,0,1,0,0,10,0,0,0,53.93
1,0,0,0,-1,0,1,1,0,0,1,0,2,0,-1,-1,2,2,0,1,2,0,0,-1,150,0,9223372036800000000,1e+75,0,10,0,2,7,0,0,1,0,0,1,1,0,0,0,0,1,2,2,0,1,-1,1,-1,0,0,10,-1,1,1,3,-1,-1,-1,0,0,1,0,0,10,0,0,0,87.43
1,0,0,0,-1,0,1,1,0,0,1,0,-1,0,-1,-1,2,2,0,1,2,0,0,-1,150,0,9223372036800000000,1e+75,0,10,0,2,7,0,0,1,0,0,1,1,0,0,0,0,2,2,2,0,1,-1,1,-1,0,0,10,-1,1,1,3,-1,-1,-1,0,0,1,0,0,10,0,0,0,50.85
1,0,0,0,-1,0,1,0,0,0,1,0,2,0,-1,-1,2,2,0,1,2,0,0,-1,150,0,9223372036800000000,1e+75,0,10,0,2,7,0,0,1,0,0,1,1,0,0,0,0,2,2,2,0,1,-1,1,-1,0,0,10,-1,1,1,3,-1,-1,-1,0,0,1,0,0,10,0,0,0,61.67
1,0,0,0,-1,0,1,1,0,0,1,0,2,0,-1,-1,2,2,0,1,2,0,0,-1,150,0,9223372036800000000,1e+75,0,10,0,3,7,0,0,1,0,0,1,1,0,0,0,0,2,2,2,0,1,-1,1,-1,0,0,10,-1,1,1,3,-1,-1,-1,0,0,1,0,0,10,0,0,0,56.97
1,0,0,0,-1,0,1,1,0,0,0,0,-1,0,-1,-1,-1,2,2,-1,1,0,0,-1,25,0,9223372036800000000,1e+75,0,10,0,3,7,0,0,1,0,0,1,1,0,0,0,0,1,2,2,0,1,-1,-1,-1,0,0,10,-1,1,1,3,-1,-1,-1,0,0,1,0,0,10,0,0,0,75.49
1,0,0,0,-1,0,1,1,0,0,1,0,2,0,-1,-1,2,2,0,1,2,0,0,-1,150,0,9223372036800000000,1e+75,0,10,0,2,7,0,0,1,0,0,1,1,0,0,0,0,2,2,2,0,1,-1,1,-1,0,0,10,-1,1,1,3,-1,-1,-1,0,0,1,0,0,10,0,0,0,48.47
1,0,0,0,-1,0,1,2,0,0,1,0,2,0,-1,1,-1,0,1,2,-1,10,0,-1,200,0,9223372036800000000,1e+75,0,10,0,0,7,0,0,1,0,0,1,1,0,0,0,0,0,0,2,0,1,-1,0,-1,1,0,10,-1,1,1,3,-1,-1,-1,0,0,1,0,0,10,0,0,0,9.03
1,0,0,0,-1,0,1,2,0,0,1,0,2,0,-1,1,-1,0,1,2,-1,10,0,-1,10,0,9223372036800000000,1e+75,0,10,0,0,7,0,0,1,0,0,1,1,0,0,0,0,0,0,2,0,1,-1,0,-1,-1,0,10,-1,1,1,3,-1,-1,-1,0,0,1,0,0,10,0,0,0,10.88
1,0,0,0,-1,0,1,2,0,0,1,0,2,0,-1,1,-1,0,1,2,-1,10,0,-1,200,0,9223372036800000000,1e+75,0,10,0,0,7,0,0,1,0,0,1,1,0,0,0,0,0,0,2,0,1,-1,-1,-1,-1,0,10,-1,1,1,3,-1,-1,-1,0,0,1,0,0,10,0,0,0,24.42
1,0,0,0,-1,0,1,2,0,0,1,0,2,0,-1,1,-1,0,2,2,-1,10,0,-1,200,0,9223372036800000000,1e+75,0,10,0,0,7,0,0,1,0,0,1,1,0,0,0,0,0,0,2,0,1,-1,0,-1,-1,0,10,-1,1,1,3,-1,-1,-1,0,0,1,0,0,10,0,0,0,9.03
1,0,0,0,-1,0,1,2,0,0,1,0,2,0,-1,1,-1,1,1,2,-1,10,0,-1,200,0,9223372036800000000,1e+75,0,10,0,0,7,0,0,1,0,0,1,1,0,0,0,0,0,0,2,0,1,-1,0,-1,-1,0,10,-1,1,1,3,-1,-1,-1,0,0,1,0,0,10,0,0,0,10.69
1,0,0,0,-1,0,1,2,0,0,1,0,2,0,-1,1,-1,0,1,2,-1,10,0,-1,200,0,9223372036800000000,1e+75,0,10,0,0,7,0,0,1,0,0,1,1,0,0,0,0,0,0,2,0,1,-1,0,-1,0,0,10,-1,1,1,3,-1,-1,-1,0,0,1,0,0,10,0,0,0,9.03
1,0,0,0,-1,0,1,2,0,0,1,0,2,0,-1,1,-1,0,0,2,-1,10,0,-1,200,0,9223372036800000000,1e+75,0,10,0,0,7,0,0,1,0,0,1,1,0,0,0,0,0,0,2,0,1,-1,0,-1,-1,0,10,-1,1,1,3,-1,-1,-1,0,0,1,0,0,10,0,0,0,9.03
1,0,0,0,-1,0,1,2,0,0,1,0,2,0,-1,1,-1,0,1,2,2,10,0,-1,200,0,9223372036800000000,1e+75,0,10,0,0,7,0,0,1,0,0,1,1,0,0,0,0,0,0,2,0,1,-1,0,-1,-1,0,10,-1,1,1,3,-1,-1,-1,0,0,1,0,0,10,0,0,0,11.37
1,0,0,0,-1,0,1,2,0,0,1,0,2,0,-1,1,-1,0,1,2,-1,1,0,-1,200,0,9223372036800000000,1e+75,0,10,0,0,7,0,0,1,0,0,1,1,0,0,0,0,4,0,2,0,1,-1,0,-1,-1,0,10,-1,1,1,3,-1,-1,-1,0,0,1,0,0,10,0,0,0,72.54
1,0,0,0,-1,0,1,2,0,0,1,0,2,0,-1,1,-1,0,1,2,-1,10,0,-1,200,0,9223372036800000000,1e+75,0,10,0,0,7,0,0,1,0,0,1,1,0,0,0,0,0,0,2,0,1,-1,0,-1,-1,0,10,-1,1,1,3,-1,-1,-1,0,0,1,0,0,10,0,0,0,9.03
1,0,0,0,-1,0,1,2,0,0,1,0,2,0,-1,1,-1,0,1,2,-1,10,0,-1,200,0,9223372036800000000,1e+75,0,10,0,0,7,0,0,1,0,0,1,1,0,0,0,0,4,0,2,0,1,-1,0,-1,0,0,10,-1,1,1,3,-1,-1,-1,0,0,1,0,0,10,0,0,0,13.91
1,0,0,0,-1,0,1,2,0,0,1,0,2,0,-1,1,-1,0,1,2,-1,10,0,-1,200,0,9223372036800000000,1e+75,0,10,0,0,7,0,0,1,0,0,1,1,0,0,0,0,4,0,2,0,1,-1,-1,-1,-1,0,10,-1,1,1,3,-1,-1,-1,0,0,1,0,0,10,0,0,0,21.65
1,0,0,0,-1,0,1,0,0,0,2,0,2,0,-1,-1,2,2,2,-1,1,2,0,-1,25,0,9223372036800000000,1e+75,0,10,0,2,7,0,0,1,0,0,1,1,0,0,0,0,3,-1,2,0,1,-1,1,-1,3,0,10,-1,1,1,3,-1,-1,-1,0,0,1,0,0,10,0,0,0,91.78
1,0,0,0,-1,0,1,2,0,0,1,0,2,0,-1,1,-1,0,1,2,-1,10,0,-1,200,0,9223372036800000000,1e+75,0,10,0,0,7,0,0,1,0,0,1,1,0,0,0,0,4,0,2,0,1,-1,0,-1,3,0,10,-1,1,1,3,-1,-1,-1,0,0,1,0,0,10,0,0,0,13.91
1,0,0,0,-1,0,1,2,0,0,1,0,2,0,-1,1,-1,0,1,2,-1,10,0,-1,200,0,9223372036800000000,1e+75,0,10,0,2,7,0,0,1,0,0,1,1,0,0,0,0,4,0,2,0,1,-1,0,-1,-1,0,10,-1,1,1,3,-1,-1,-1,0,0,1,0,0,10,0,0,0,13.91
1,0,0,0,-1,0,1,0,0,0,4,0,0,0,-1,0,0,1,1,0,1,2,0,-1,50,0,9223372036800000000,1e+75,0,10,0,1,7,0,0,1,0,0,1,1,0,0,0,0,2,-1,2,0,1,-1,-1,-1,0,0,10,-1,1,1,3,-1,-1,-1,0,0,1,0,0,10,0,0,0,32.21
1,0,0,0,-1,0,1,0,0,0,0,0,0,0,-1,0,0,1,1,0,1,2,0,-1,50,0,9223372036800000000,1e+75,0,10,0,1,7,0,0,1,0,0,1,1,0,0,0,0,2,-1,2,0,1,-1,-1,-1,3,0,10,-1,1,1,3,-1,-1,-1,0,0,1,0,0,10,0,0,0,32.21
1,0,0,0,-1,0,1,0,0,0,4,0,0,0,-1,0,0,1,1,0,1,0,0,-1,50,0,9223372036800000000,1e+75,0,10,0,1,7,0,0,1,0,0,1,1,0,0,0,0,2,-1,2,0,1,-1,-1,-1,3,0,10,-1,1,1,3,-1,-1,-1,0,0,1,0,0,10,0,0,0,86.1
1,0,0,0,-1,0,1,0,0,0,4,0,0,0,-1,0,0,1,0,0,1,2,0,-1,50,0,9223372036800000000,1e+75,0,10,0,1,7,0,0,1,0,0,1,1,0,0,0,0,2,-1,2,0,1,-1,-1,-1,3,0,10,-1,1,1,3,-1,-1,-1,0,0,1,0,0,10,0,0,0,85.4
1,0,0,0,-1,0,1,0,0,0,4,0,0,0,-1,0,0,1,1,0,1,2,0,-1,100,0,9223372036800000000,1e+75,0,10,0,1,7,0,0,1,0,0,1,1,0,0,0,0,2,-1,2,0,1,-1,-1,-1,3,0,10,-1,1,1,3,-1,-1,-1,0,0,1,0,0,10,0,0,0,85.19
1,0,0,0,-1,0,1,0,0,0,4,0,0,0,-1,0,0,1,1,0,1,2,0,-1,50,0,9223372036800000000,1e+75,0,10,0,1,7,0,0,1,0,0,1,1,0,0,0,0,2,-1,2,0,1,-1,-1,-1,2,0,10,-1,1,1,3,-1,-1,-1,0,0,1,0,0,10,0,0,0,32.21
1,0,0,0,-1,0,1,0,0,0,1,0,2,0,1,-1,1,2,-1,0,1,5,0,-1,10,0,9223372036800000000,1e+75,0,10,0,1,7,0,0,1,0,0,1,1,0,0,0,0,2,3,2,0,1,-1,1,-1,-1,0,10,-1,1,1,3,-1,-1,-1,0,0,1,0,0,10,0,0,0,15.18
1,0,0,0,-1,0,1,0,0,0,4,0,0,0,-1,0,0,1,1,0,1,2,0,-1,50,0,9223372036800000000,1e+75,0,10,0,1,7,0,0,1,0,0,1,1,0,0,0,0,1,-1,2,0,1,-1,-1,-1,3,0,10,-1,1,1,3,-1,-1,-1,0,0,1,0,0,10,0,0,0,86.16
1,0,0,0,-1,0,1,0,0,0,4,0,0,0,-1,0,0,1,1,0,1,2,0,-1,50,0,9223372036800000000,1e+75,0,10,0,1,7,0,0,1,0,0,1,1,0,0,0,0,2,-1,2,0,1,-1,-1,-1,3,0,10,-1,1,1,3,-1,-1,-1,0,0,1,0,0,10,0,0,0,32.21
1,0,0,0,-1,0,1,0,0,0,4,0,0,0,-1,0,-1,1,1,0,1,1,0,-1,50,0,9223372036800000000,1e+75,0,10,0,1,7,0,0,1,0,0,1,1,0,0,0,0,2,-1,2,0,1,-1,-1,-1,3,0,10,-1,1,1,3,-1,-1,-1,0,0,1,0,0,10,0,0,0,87.86
1,0,0,0,-1,0,1,0,0,0,4,0,0,0,-1,0,-1,2,1,0,1,1,0,-1,50,0,9223372036800000000,1e+75,0,10,0,1,7,0,0,1,0,0,1,1,0,0,0,0,2,-1,2,0,1,-1,-1,-1,3,0,10,-1,1,1,3,-1,-1,-1,0,0,1,0,0,10,0,0,0,88.01
1,0,0,0,-1,0,1,0,0,0,4,0,0,0,-1,0,0,2,1,0,1,1,0,-1,50,0,9223372036800000000,1e+75,0,10,0,1,7,0,0,1,0,0,1,1,0,0,0,0,2,-1,2,0,1,-1,-1,-1,3,0,10,-1,1,1,3,-1,-1,-1,0,0,1,0,0,10,0,0,0,88.01
1,0,0,0,-1,0,1,2,0,0,0,0,0,0,1,-1,2,-1,1,1,-1,0,0,-1,50,0,9223372036800000000,1e+75,0,10,0,3,7,0,0,1,0,0,1,1,0,0,0,0,0,4,2,0,1,-1,-1,-1,2,0,10,-1,1,1,3,-1,-1,-1,0,0,1,0,0,10,0,0,0,57.64
1,0,0,0,-1,0,1,2,0,0,0,0,0,0,1,-1,2,-1,1,1,-1,2,0,-1,50,0,9223372036800000000,1e+75,0,10,0,3,7,0,0,1,0,0,1,1,0,0,0,0,0,4,2,0,1,-1,-1,-1,3,0,10,-1,1,1,3,-1,-1,-1,0,0,1,0,0,10,0,0,0,30.04
1,0,0,0,-1,0,1,2,0,0,0,0,0,0,1,-1,2,-1,1,1,-1,2,0,-1,50,0,9223372036800000000,1e+75,0,10,0,3,7,0,0,1,0,0,1,1,0,0,0,0,0,4,2,0,1,-1,1,-1,2,0,10,-1,1,1,3,-1,-1,-1,0,0,1,0,0,10,0,0,0,30.04
1,0,0,0,-1,0,1,2,0,0,0,0,0,0,1,-1,2,2,1,1,-1,2,0,-1,50,0,9223372036800000000,1e+75,0,10,0,3,7,0,0,1,0,0,1,1,0,0,0,0,0,4,2,0,1,-1,-1,-1,2,0,10,-1,1,1,3,-1,-1,-1,0,0,1,0,0,10,0,0,0,31.49
1,0,0,0,-1,0,1,2,0,0,0,0,0,0,1,-1,2,-1,0,1,-1,2,0,-1,50,0,9223372036800000000,1e+75,0,10,0,2,7,0,0,1,0,0,1,1,0,0,0,0,0,4,2,0,1,-1,-1,-1,2,0,10,-1,1,1,3,-1,-1,-1,0,0,1,0,0,10,0,0,0,35.85
1,0,0,0,-1,0,1,2,0,0,0,0,0,0,1,-1,2,-1,0,1,-1,2,0,-1,50,0,9223372036800000000,1e+75,0,10,0,3,7,0,0,1,0,0,1,1,0,0,0,0,0,4,2,0,1,-1,-1,-1,0,0,10,-1,1,1,3,-1,-1,-1,0,0,1,0,0,10,0,0,0,32.31
1,0,0,0,-1,0,1,2,0,0,0,0,0,0,-1,-1,2,-1,0,1,-1,2,0,-1,50,0,9223372036800000000,1e+75,0,10,0,3,7,0,0,1,0,0,1,1,0,0,0,0,0,4,2,0,1,-1,-1,-1,2,0,10,-1,1,1,3,-1,-1,-1,0,0,1,0,0,10,0,0,0,32.31
1,0,0,0,-1,0,1,2,0,0,0,0,0,0,1,-1,2,-1,0,1,-1,2,0,-1,50,0,9223372036800000000,1e+75,0,10,0,3,7,0,0,1,0,0,1,1,0,0,0,0,1,4,2,0,1,-1,-1,-1,2,0,10,-1,1,1,3,-1,-1,-1,0,0,1,0,0,10,0,0,0,38.71
1,0,0,0,-1,0,1,2,0,0,0,0,0,0,1,-1,2,-1,2,1,-1,2,0,-1,50,0,9223372036800000000,1e+75,0,10,0,3,7,0,0,1,0,0,1,1,0,0,0,0,0,4,2,0,1,-1,-1,-1,2,0,10,-1,1,1,3,-1,-1,-1,0,0,1,0,0,10,0,0,0,32.31
1,0,0,0,-1,0,1,2,0,0,0,0,0,0,1,-1,2,-1,0,1,1,2,0,-1,50,0,9223372036800000000,1e+75,0,10,0,3,7,0,0,1,0,0,1,1,0,0,0,0,0,4,2,0,1,-1,-1,-1,2,0,10,-1,1,1,3,-1,-1,-1,0,0,1,0,0,10,0,0,0,34.92
1,0,0,0,-1,0,1,2,0,0,0,0,0,0,1,-1,2,-1,0,-1,-1,2,0,-1,50,0,9223372036800000000,1e+75,0,10,0,3,7,0,0,1,0,0,1,1,0,0,0,0,0,4,2,0,1,-1,-1,-1,2,0,10,-1,1,1,3,-1,-1,-1,0,0,1,0,0,10,0,0,0,59.24
1,0,0,0,-1,0,1,2,0,0,0,0,0,0,1,-1,2,-1,0,1,-1,2,0,-1,50,0,9223372036800000000,1e+75,0,10,0,3,7,0,0,1,0,0,1,1,0,0,0,0,0,4,2,0,1,-1,0,-1,2,0,10,-1,1,1,3,-1,-1,-1,0,0,1,0,0,10,0,0,0,34.71
1,0,0,0,-1,0,1,2,0,0,0,0,0,0,1,-1,2,-1,0,1,-1,2,0,-1,50,0,9223372036800000000,1e+75,0,10,0,3,7,0,0,1,0,0,1,1,0,0,0,0,0,4,2,0,1,-1,-1,-1,2,0,10,-1,1,1,3,-1,-1,-1,0,0,1,0,0,10,0,0,0,32.31
1,0,0,0,-1,0,1,0,0,1,0,0,3,0,-1,2,1,2,1,1,-1,10,0,-1,150,0,9223372036800000000,1e+75,0,10,0,1,7,0,0,1,0,0,1,1,0,0,0,0,0,3,2,0,1,-1,1,-1,3,0,10,-1,1,1,3,-1,-1,-1,0,0,1,0,0,10,0,0,0,17.09
1,0,0,0,-1,0,1,2,0,0,0,0,0,0,1,-1,2,1,0,1,2,2,0,-1,50,0,9223372036800000000,1e+75,0,10,0,2,7,0,0,1,0,0,1,1,0,0,0,0,4,4,2,0,1,-1,0,-1,2,0,10,-1,1,1,3,-1,-1,-1,0,0,1,0,0,10,0,0,0,51.69
1,0,0,0,-1,0,1,0,0,0,1,0,1,0,0,2,1,0,0,2,-1,2,0,-1,25,0,9223372036800000000,1e+75,0,10,0,2,7,0,0,1,0,0,1,1,0,0,0,0,0,-1,2,0,1,-1,-1,-1,0,0,10,-1,1,1,3,-1,-1,-1,0,0,1,0,0,10,0,0,0,67.54
1,0,0,0,-1,0,1,0,0,0,1,0,1,0,0,2,-1,0,0,2,-1,2,0,-1,25,0,9223372036800000000,1e+75,0,10,0,2,7,0,0,1,0,0,1,1,0,0,0,0,0,1,2,0,1,-1,-1,-1,0,0,10,-1,1,1,3,-1,-1,-1,0,0,1,0,0,10,0,0,0,37.83
1,0,0,0,-1,0,1,0,0,0,1,0,1,0,0,2,1,0,0,2,2,2,0,-1,25,0,9223372036800000000,1e+75,0,10,0,2,7,0,0,1,0,0,1,1,0,0,0,0,0,1,2,0,1,-1,-1,-1,0,0,10,-1,1,1,3,-1,-1,-1,0,0,1,0,0,10,0,0,0,38.34
1,0,0,0,-1,0,1,0,0,0,1,0,1,0,0,2,1,-1,0,2,-1,2,0,-1,200,0,9223372036800000000,1e+75,0,10,0,2,7,0,0,1,0,0,1,1,0,0,0,0,0,1,2,0,1,-1,-1,-1,0,0,10,-1,1,1,3,-1,-1,-1,0,0,1,0,0,10,0,0,0,40.04
1,0,0,0,-1,0,1,1,0,0,1,0,2,0,-1,-1,2,2,0,1,2,1,0,-1,150,0,9223372036800000000,1e+75,0,10,0,2,7,0,0,1,0,0,1,1,0,0,0,0,2,2,2,0,1,-1,1,-1,-1,0,10,-1,1,1,3,-1,-1,-1,0,0,1,0,0,10,0,0,0,46.04
1,0,0,0,-1,0,1,1,0,0,1,0,2,0,-1,-1,2,2,0,1,2,0,0,-1,150,0,9223372036800000000,1e+75,0,10,0,0,7,0,0,1,0,0,1,1,0,0,0,0,2,2,2,0,1,-1,1,-1,0,0,10,-1,1,1,3,-1,-1,-1,0,0,1,0,0,10,0,0,0,54.37
1,0,0,0,-1,0,1,0,0,0,1,0,1,0,0,2,1,0,0,2,-1,2,0,-1,25,0,9223372036800000000,1e+75,0,10,0,2,7,0,0,1,0,0,1,1,0,0,0,0,0,1,2,0,1,-1,-1,-1,0,0,10,-1,1,1,3,-1,-1,-1,0,0,1,0,0,10,0,0,0,37.83
1,0,0,0,-1,0,1,0,0,0,1,0,1,0,0,2,1,0,0,2,-1,2,0,-1,25,0,9223372036800000000,1e+75,0,10,0,1,7,0,0,1,0,0,1,1,0,0,0,0,0,1,2,0,1,-1,-1,-1,1,0,10,-1,1,1,3,-1,-1,-1,0,0,1,0,0,10,0,0,0,39.45
1,0,0,0,-1,0,1,0,0,0,1,0,1,0,0,2,1,0,0,2,-1,2,0,-1,25,0,9223372036800000000,1e+75,0,10,0,1,7,0,0,1,0,0,1,1,0,0,0,0,0,-1,2,0,1,-1,-1,-1,0,0,10,-1,1,1,3,-1,-1,-1,0,0,1,0,0,10,0,0,0,64.36
1,0,0,0,-1,0,1,0,0,0,1,0,1,0,0,2,1,0,1,2,-1,2,0,-1,25,0,9223372036800000000,1e+75,0,10,0,1,7,0,0,1,0,0,1,1,0,0,0,0,0,1,2,0,1,-1,-1,-1,0,0,10,-1,1,1,3,-1,-1,-1,0,0,1,0,0,10,0,0,0,37.95
1,0,0,0,-1,0,1,0,0,0,1,0,1,0,0,2,1,0,0,2,1,2,0,-1,25,0,9223372036800000000,1e+75,0,10,0,1,7,0,0,1,0,0,1,1,0,0,0,0,0,1,2,0,1,-1,-1,-1,0,0,10,-1,1,1,3,-1,-1,-1,0,0,1,0,0,10,0,0,0,38.39
1,0,0,0,-1,0,1,2,0,0,0,0,0,0,1,-1,2,-1,1,1,-1,2,0,-1,50,0,9223372036800000000,1e+75,0,10,0,3,7,0,0,1,0,0,1,1,0,0,0,0,0,4,2,0,1,-1,-1,-1,-1,0,10,-1,1,1,3,-1,-1,-1,0,0,1,0,0,10,0,0,0,30.04
1,0,0,0,-1,0,1,0,0,0,1,0,1,0,0,2,1,0,0,2,-1,2,0,-1,25,0,9223372036800000000,1e+75,0,10,0,1,7,0,0,1,0,0,1,1,0,0,0,0,0,1,2,0,1,-1,-1,-1,0,0,10,-1,1,1,3,-1,-1,-1,0,0,1,0,0,10,0,0,0,37.95
1,0,0,0,-1,0,1,0,0,0,1,0,1,0,0,2,1,0,0,2,-1,1,0,-1,200,0,9223372036800000000,1e+75,0,10,0,1,7,0,0,1,0,0,1,1,0,0,0,0,0,1,2,0,1,-1,-1,-1,0,0,10,-1,1,1,3,-1,-1,-1,0,0,1,0,0,10,0,0,0,49.45
1,0,0,0,-1,0,1,0,0,0,0,0,-1,0,-1,2,1,1,-1,1,-1,2,0,-1,25,0,9223372036800000000,1e+75,0,10,0,2,7,0,0,1,0,0,1,1,0,0,0,0,0,-1,2,0,1,-1,1,-1,-1,0,10,-1,1,1,3,-1,-1,-1,0,0,1,0,0,10,0,0,0,85.09
1,0,0,0,-1,0,1,0,0,0,4,0,-1,0,-1,0,2,1,-1,1,2,2,0,-1,10,0,9223372036800000000,1e+75,0,10,0,0,7,0,0,1,0,0,1,1,0,0,0,0,0,4,2,0,1,-1,1,-1,-1,0,10,-1,1,1,3,-1,-1,-1,0,0,1,0,0,10,0,0,0,25.52
1,0,0,0,-1,0,1,0,0,0,4,0,-1,0,-1,0,2,1,-1,1,2,2,0,-1,100,0,9223372036800000000,1e+75,0,10,0,0,7,0,0,1,0,0,1,1,0,0,0,0,0,4,2,0,1,-1,1,-1,0,0,10,-1,1,1,3,-1,-1,-1,0,0,1,0,0,10,0,0,0,37.68
1,0,0,0,-1,0,1,0,0,0,4,0,-1,0,-1,0,2,1,2,1,2,2,0,-1,10,0,9223372036800000000,1e+75,0,10,0,3,7,0,0,1,0,0,1,1,0,0,0,0,0,4,2,0,1,-1,1,-1,0,0,10,-1,1,1,3,-1,-1,-1,0,0,1,0,0,10,0,0,0,36.8
1,0,0,0,-1,0,1,0,0,0,0,0,-1,0,-1,0,2,1,-1,1,2,2,0,-1,10,0,9223372036800000000,1e+75,0,10,0,3,7,0,0,1,0,0,1,1,0,0,0,0,0,4,2,0,1,-1,1,-1,0,0,10,-1,1,1,3,-1,-1,-1,0,0,1,0,0,10,0,0,0,25.56
1,0,0,0,-1,0,1,0,0,0,4,0,-1,0,-1,0,2,1,-1,1,2,0,0,-1,10,0,9223372036800000000,1e+75,0,10,0,3,7,0,0,1,0,0,1,1,0,0,0,0,0,4,2,0,1,-1,1,-1,0,0,10,-1,1,1,3,-1,-1,-1,0,0,1,0,0,10,0,0,0,53.33
1,0,0,0,-1,0,1,0,0,0,4,0,-1,0,-1,0,2,1,-1,2,2,2,0,-1,10,0,9223372036800000000,1e+75,0,10,0,3,7,0,0,1,0,0,1,1,0,0,0,0,0,4,2,0,1,-1,1,-1,0,0,10,-1,1,1,3,-1,-1,-1,0,0,1,0,0,10,0,0,0,25.56
1,0,0,0,-1,0,1,0,0,0,4,0,-1,0,-1,0,2,1,-1,1,2,2,0,-1,100,0,9223372036800000000,1e+75,0,10,0,3,7,0,0,1,0,0,1,1,0,0,0,0,0,4,2,0,1,-1,1,-1,0,0,10,-1,1,1,3,-1,-1,-1,0,0,1,0,0,10,0,0,0,37.7
1,0,0,0,-1,0,1,0,0,0,4,0,-1,0,-1,0,2,1,-1,1,-1,2,0,-1,10,0,9223372036800000000,1e+75,0,10,0,3,7,0,0,1,0,0,1,1,0,0,0,0,0,4,2,0,1,-1,1,-1,0,0,10,-1,1,1,3,-1,-1,-1,0,0,1,0,0,10,0,0,0,27.72
1,0,0,0,-1,0,1,0,0,0,4,0,-1,0,-1,0,2,1,-1,1,2,1,0,-1,10,0,9223372036800000000,1e+75,0,10,0,3,7,0,0,1,0,0,1,1,0,0,0,0,0,4,2,0,1,-1,1,-1,0,0,10,-1,1,1,3,-1,-1,-1,0,0,1,0,0,10,0,0,0,50.17
1,0,0,0,-1,0,1,0,0,0,4,0,-1,0,-1,0,2,1,-1,1,2,2,0,-1,10,0,9223372036800000000,1e+75,0,10,0,3,7,0,0,1,0,0,1,1,0,0,0,0,0,-1,2,0,1,-1,1,-1,0,0,10,-1,1,1,3,-1,-1,-1,0,0,1,0,0,10,0,0,0,84.6
1,0,0,0,-1,0,1,0,0,0,4,0,-1,0,-1,0,2,1,-1,1,2,2,0,-1,10,0,9223372036800000000,1e+75,0,10,0,3,7,0,0,1,0,0,1,1,0,0,0,0,0,4,2,0,1,-1,1,-1,0,0,10,-1,1,1,3,-1,-1,-1,0,0,1,0,0,10,0,0,0,25.56
1,0,0,0,-1,0,1,0,0,0,4,0,-1,0,-1,0,-1,1,-1,-1,2,2,0,-1,10,0,9223372036800000000,1e+75,0,10,0,3,7,0,0,1,0,0,1,1,0,0,0,0,0,4,2,0,1,-1,1,-1,0,0,10,-1,1,1,3,-1,-1,-1,0,0,1,0,0,10,0,0,0,36.34
1,0,0,0,-1,0,1,0,0,0,4,0,0,0,-1,0,0,1,1,-1,1,2,0,-1,50,0,9223372036800000000,1e+75,0,10,0,1,7,0,0,1,0,0,1,1,0,0,0,0,2,-1,2,0,1,-1,-1,-1,3,0,10,-1,1,1,3,-1,-1,-1,0,0,1,0,0,10,0,0,0,86.79
1,0,0,0,-1,0,1,0,0,0,4,0,-1,0,-1,0,2,2,-1,-1,2,2,0,-1,10,0,9223372036800000000,1e+75,0,10,0,3,7,0,0,1,0,0,1,1,0,0,0,0,0,4,2,0,1,-1,1,-1,0,0,10,-1,1,1,3,-1,-1,-1,0,0,1,0,0,10,0,0,0,36.69
1,0,0,0,-1,0,1,3,0,0,0,0,0,0,1,2,2,0,0,2,1,3,0,-1,10,0,9223372036800000000,1e+75,0,10,0,3,7,0,0,1,0,0,1,1,0,0,0,0,0,-1,2,0,1,-1,1,-1,1,0,10,-1,1,1,3,-1,-1,-1,0,0,1,0,0,10,0,0,0,21.31
1,0,0,0,-1,0,1,0,0,0,4,0,-1,0,-1,-1,2,1,-1,-1,2,2,0,-1,10,0,9223372036800000000,1e+75,0,10,0,3,7,0,0,1,0,0,1,1,0,0,0,0,0,4,2,0,1,-1,1,-1,0,0,10,-1,1,1,3,-1,-1,-1,0,0,1,0,0,10,0,0,0,60.95
1,0,0,0,-1,0,1,0,0,0,0,0,0,0,-1,-1,2,-1,-1,1,2,2,0,-1,100,0,9223372036800000000,1e+75,0,10,0,3,7,0,0,1,0,0,1,1,0,0,0,0,1,0,2,0,1,-1,-1,-1,1,0,10,-1,1,1,3,-1,-1,-1,0,0,1,0,0,10,0,0,0,39
1,0,0,0,-1,0,1,2,0,0,1,0,2,0,-1,1,-1,0,1,2,-1,2,0,-1,200,0,9223372036800000000,1e+75,0,10,0,0,7,0,0,1,0,0,1,1,0,0,0,0,0,0,2,0,1,-1,0,-1,-1,0,10,-1,1,1,3,-1,-1,-1,0,0,1,0,0,10,0,0,0,39.84
1,0,0,0,-1,0,1,0,0,0,0,0,-1,0,-1,-1,2,-1,-1,1,1,2,0,-1,100,0,9223372036800000000,1e+75,0,10,0,3,7,0,0,1,0,0,1,1,0,0,0,0,1,0,2,0,1,-1,-1,-1,1,0,10,-1,1,1,3,-1,-1,-1,0,0,1,0,0,10,0,0,0,39.24
1,0,0,0,-1,0,1,0,0,0,0,0,0,0,-1,-1,2,-1,-1,1,1,2,0,-1,100,0,9223372036800000000,1e+75,0,10,0,0,7,0,0,1,0,0,1,1,0,0,0,0,1,0,2,0,1,-1,-1,-1,1,0,10,-1,1,1,3,-1,-1,-1,0,0,1,0,0,10,0,0,0,39
1,0,0,0,-1,0,1,0,0,0,0,0,0,0,1,-1,2,-1,-1,1,1,2,0,-1,100,0,9223372036800000000,1e+75,0,10,0,3,7,0,0,1,0,0,1,1,0,0,0,0,1,0,2,0,1,-1,-1,-1,1,0,10,-1,1,1,3,-1,-1,-1,0,0,1,0,0,10,0,0,0,39
1,0,0,0,-1,0,1,0,0,0,0,0,0,0,-1,-1,2,-1,-1,-1,1,2,0,-1,100,0,9223372036800000000,1e+75,0,10,0,3,7,0,0,1,0,0,1,1,0,0,0,0,1,0,2,0,1,-1,-1,-1,1,0,10,-1,1,1,3,-1,-1,-1,0,0,1,0,0,10,0,0,0,70.28
1,0,0,0,-1,0,1,0,0,0,0,0,0,0,-1,-1,2,-1,-1,1,1,2,0,-1,100,0,9223372036800000000,1e+75,0,10,0,3,7,0,0,1,0,0,1,1,0,0,0,0,1,0,2,0,1,-1,-1,-1,2,0,10,-1,1,1,3,-1,-1,-1,0,0,1,0,0,10,0,0,0,39
1,0,0,0,-1,0,1,0,0,0,0,0,0,0,-1,-1,2,1,-1,1,1,2,0,-1,100,0,9223372036800000000,1e+75,0,10,0,3,7,0,0,1,0,0,1,1,0,0,0,0,1,0,2,0,1,-1,-1,-1,0,0,10,-1,1,1,3,-1,-1,-1,0,0,1,0,0,10,0,0,0,39.4
1,0,0,0,-1,0,1,0,0,0,0,0,0,0,-1,-1,2,-1,-1,1,1,2,0,-1,100,0,9223372036800000000,1e+75,0,10,0,3,7,0,0,1,0,0,1,1,0,0,0,0,1,0,2,0,1,-1,-1,-1,1,0,10,-1,1,1,3,-1,-1,-1,0,0,1,0,0,10,0,0,0,39
1,0,0,0,-1,0,1,0,0,0,5,0,0,0,-1,-1,2,-1,-1,1,1,2,0,-1,100,0,9223372036800000000,1e+75,0,10,0,3,7,0,0,1,0,0,1,1,0,0,0,0,1,0,2,0,1,-1,-1,-1,0,0,10,-1,1,1,3,-1,-1,-1,0,0,1,0,0,10,0,0,0,39.37
1,0,0,0,-1,0,1,0,0,0,0,0,0,0,-1,-1,2,-1,-1,1,1,2,0,-1,100,0,9223372036800000000,1e+75,0,10,0,1,7,0,0,1,0,0,1,1,0,0,0,0,1,0,2,0,1,-1,-1,-1,0,0,10,-1,1,1,3,-1,-1,-1,0,0,1,0,0,10,0,0,0,39.37
1,0,0,0,-1,0,1,0,0,0,0,0,0,0,-1,-1,2,-1,-1,1,1,2,0,-1,100,0,9223372036800000000,1e+75,0,10,0,0,7,0,0,1,0,0,1,1,0,0,0,0,1,0,2,0,1,-1,-1,-1,0,0,10,-1,1,1,3,-1,-1,-1,0,0,1,0,0,10,0,0,0,39.37
1,0,0,0,-1,0,1,0,0,0,0,0,3,0,-1,2,1,2,1,1,-1,10,0,-1,150,0,9223372036800000000,1e+75,0,10,0,0,7,0,0,1,0,0,1,1,0,0,0,0,0,3,2,0,1,-1,1,-1,3,0,10,-1,1,1,3,-1,-1,-1,0,0,1,0,0,10,0,0,0,5.34
1,0,0,0,-1,0,1,0,0,0,4,0,-1,0,-1,0,2,1,-1,1,2,2,0,-1,10,0,9223372036800000000,1e+75,0,10,0,3,7,0,0,1,0,0,1,1,0,0,0,0,1,4,2,0,1,-1,1,-1,0,0,10,-1,1,1,3,-1,-1,-1,0,0,1,0,0,10,0,0,0,39.21
1,0,0,0,-1,0,1,0,0,0,0,0,0,0,-1,-1,2,-1,-1,1,1,2,0,-1,100,0,9223372036800000000,1e+75,0,10,0,3,7,0,0,1,0,0,1,1,0,0,0,0,1,0,2,0,1,-1,-1,-1,3,0,10,-1,1,1,3,-1,-1,-1,0,0,1,0,0,10,0,0,0,39.66
1,0,0,0,-1,0,1,0,0,0,0,0,0,0,-1,-1,2,-1,-1,1,2,2,0,-1,100,0,9223372036800000000,1e+75,0,10,0,3,7,0,0,1,0,0,1,1,0,0,0,0,1,-1,2,0,1,-1,-1,-1,0,0,10,-1,1,1,3,-1,-1,-1,0,0,1,0,0,10,0,0,0,85.37
1,0,0,0,-1,0,1,0,0,0,0,0,0,0,-1,-1,2,-1,-1,1,1,2,0,-1,100,0,9223372036800000000,1e+75,0,10,0,3,7,0,0,1,0,0,1,1,0,0,0,0,1,0,2,0,1,-1,-1,-1,0,0,10,-1,1,1,3,-1,-1,-1,0,0,1,0,0,10,0,0,0,39.37
1,0,0,0,-1,0,1,2,0,0,1,0,2,0,-1,1,-1,0,1,2,-1,10,0,-1,200,0,9223372036800000000,1e+75,0,10,0,0,7,0,0,1,0,0,1,1,0,0,0,0,0,0,2,0,1,-1,1,-1,-1,0,10,-1,1,1,3,-1,-1,-1,0,0,1,0,0,10,0,0,0,25.52
1,0,0,0,-1,0,1,0,0,0,0,0,0,0,-1,-1,2,-1,-1,1,1,2,0,-1,100,0,9223372036800000000,1e+75,0,10,0,3,7,0,0,1,0,0,1,1,0,0,0,0,1,-1,2,0,1,-1,-1,-1,0,0,10,-1,1,1,3,-1,-1,-1,0,0,1,0,0,10,0,0,0,85.37
1,0,0,0,-1,0,1,0,0,0,0,0,0,0,-1,1,2,-1,-1,1,1,2,0,-1,100,0,9223372036800000000,1e+75,0,10,0,3,7,0,0,1,0,0,1,1,0,0,0,0,1,-1,2,0,1,-1,-1,-1,0,0,10,-1,1,1,3,-1,-1,-1,0,0,1,0,0,10,0,0,0,85.92
1,0,0,0,-1,0,1,0,0,0,0,0,0,0,0,0,0,-1,-1,2,0,3,0,-1,25,0,9223372036800000000,1e+75,0,10,0,0,7,0,0,1,0,0,1,1,0,0,0,0,0,0,2,0,1,-1,-1,-1,-1,0,10,-1,1,1,3,-1,-1,-1,0,0,1,0,0,10,0,0,0,29.89
1,0,0,0,-1,0,1,1,0,0,1,0,2,0,-1,-1,2,2,0,1,2,2,0,-1,150,0,9223372036800000000,1e+75,0,10,0,2,7,0,0,1,0,0,1,1,0,0,0,0,2,2,2,0,1,-1,-1,-1,0,0,10,-1,1,1,3,-1,-1,-1,0,0,1,0,0,10,0,0,0,50.05
1,0,0,0,-1,0,1,4,0,0,5,0,0,0,1,1,2,-1,-1,2,1,2,0,-1,100,0,9223372036800000000,1e+75,0,10,0,0,7,0,0,1,0,0,1,1,0,0,0,0,4,0,2,0,1,-1,-1,-1,3,0,10,-1,1,1,3,-1,-1,-1,0,0,1,0,0,10,0,0,0,1.79769e+308
1,0,0,0,-1,0,1,0,0,0,0,0,0,0,0,0,-1,2,-1,2,0,3,0,-1,25,0,9223372036800000000,1e+75,0,10,0,0,7,0,0,1,0,0,1,1,0,0,0,0,0,0,2,0,1,-1,-1,-1,-1,0,10,-1,1,1,3,-1,-1,-1,0,0,1,0,0,10,0,0,0,18.98
1,0,0,0,-1,0,1,0,0,0,0,0,3,0,-1,2,-1,2,1,1,-1,10,0,-1,150,0,9223372036800000000,1e+75,0,10,0,1,7,0,0,1,0,0,1,1,0,0,0,0,0,3,2,0,1,-1,1,-1,3,0,10,-1,1,1,3,-1,-1,-1,0,0,1,0,0,10,0,0,0,5.3
1,0,0,0,-1,0,1,0,0,0,0,0,0,0,0,0,0,2,-1,2,0,2,0,-1,25,0,9223372036800000000,1e+75,0,10,0,0,7,0,0,1,0,0,1,1,0,0,0,0,0,0,2,0,1,-1,-1,-1,-1,0,10,-1,1,1,3,-1,-1,-1,0,0,1,0,0,10,0,0,0,35.84
1,0,0,0,-1,0,1,0,0,0,4,0,-1,0,-1,0,2,1,-1,1,2,2,0,-1,10,0,9223372036800000000,1e+75,0,10,0,3,7,0,0,1,0,0,1,1,0,0,0,0,5,4,2,0,1,-1,1,-1,0,0,10,-1,1,1,3,-1,-1,-1,0,0,1,0,0,10,0,0,0,91.53
1,0,0,0,-1,0,1,0,0,0,0,0,0,0,0,0,0,2,-1,2,0,3,0,-1,25,0,9223372036800000000,1e+75,0,10,0,0,7,0,0,1,0,0,1,1,0,0,0,0,1,0,2,0,1,-1,-1,-1,-1,0,10,-1,1,1,3,-1,-1,-1,0,0,1,0,0,10,0,0,0,23.53
1,0,0,0,-1,0,1,0,0,0,0,0,0,0,0,-1,0,2,-1,2,0,3,0,-1,25,0,9223372036800000000,1e+75,0,10,0,0,7,0,0,1,0,0,1,1,0,0,0,0,0,0,2,0,1,-1,-1,-1,-1,0,10,-1,1,1,3,-1,-1,-1,0,0,1,0,0,10,0,0,0,18.98
1,0,0,0,-1,0,1,0,0,0,0,0,0,0,0,0,0,2,-1,2,0,3,0,-1,25,0,9223372036800000000,1e+75,0,10,0,0,7,0,0,1,0,0,1,1,0,0,0,0,0,0,2,0,1,-1,-1,-1,0,0,10,-1,1,1,3,-1,-1,-1,0,0,1,0,0,10,0,0,0,18.98
1,0,0,0,-1,0,1,0,0,0,0,0,0,0,0,0,0,2,-1,2,0,3,0,-1,10,0,9223372036800000000,1e+75,0,10,0,0,7,0,0,1,0,0,1,1,0,0,0,0,0,0,2,0,1,-1,-1,-1,-1,0,10,-1,1,1,3,-1,-1,-1,0,0,1,0,0,10,0,0,0,27.71
1,0,0,0,-1,0,1,0,0,0,0,0,0,0,0,0,0,2,-1,2,0,3,0,-1,100,0,9223372036800000000,1e+75,0,10,0,0,7,0,0,1,0,0,1,1,0,0,0,0,0,0,2,0,1,-1,-1,-1,-1,0,10,-1,1,1,3,-1,-1,-1,0,0,1,0,0,10,0,0,0,31.09
1,0,0,0,-1,0,1,0,0,0,0,0,0,0,0,0,0,2,-1,2,0,3,0,-1,25,0,9223372036800000000,1e+75,0,10,0,0,7,0,0,1,0,0,1,1,0,0,0,0,0,0,2,0,1,-1,-1,-1,3,0,10,-1,1,1,3,-1,-1,-1,0,0,1,0,0,10,0,0,0,31.05
1,0,0,0,-1,0,1,0,0,0,0,0,0,0,0,0,0,2,0,2,0,3,0,-1,25,0,9223372036800000000,1e+75,0,10,0,0,7,0,0,1,0,0,1,1,0,0,0,0,0,0,2,0,1,-1,-1,-1,-1,0,10,-1,1,1,3,-1,-1,-1,0,0,1,0,0,10,0,0,0,30.53
1,0,0,0,-1,0,1,0,0,0,0,0,0,0,0,0,0,2,-1,2,2,3,0,-1,25,0,9223372036800000000,1e+75,0,10,0,0,7,0,0,1,0,0,1,1,0,0,0,0,0,0,2,0,1,-1,-1,-1,-1,0,10,-1,1,1,3,-1,-1,-1,0,0,1,0,0,10,0,0,0,18.98
1,0,0,0,-1,0,1,2,0,0,0,0,2,0,-1,2,1,2,0,2,-1,10,0,-1,25,0,9223372036800000000,1e+75,0,10,0,2,7,0,0,1,0,0,1,1,0,0,0,0,0,-1,2,0,1,-1,0,-1,-1,0,10,-1,1,1,3,-1,-1,-1,0,0,1,0,0,10,0,0,0,10.55
1,0,0,0,-1,0,1,2,1,0,0,0,2,0,-1,2,1,2,0,2,-1,10,0,-1,25,0,9223372036800000000,1e+75,0,10,0,0,7,0,0,1,0,0,1,1,0,0,0,0,0,-1,2,0,1,-1,0,-1,-1,0,10,-1,1,1,3,-1,-1,-1,0,0,1,0,0,10,0,0,0,12.13
1,0,0,0,-1,0,1,2,0,0,5,0,2,0,-1,2,1,2,0,2,-1,10,0,-1,25,0,9223372036800000000,1e+75,0,10,0,0,7,0,0,1,0,0,1,1,0,0,0,0,0,-1,2,0,1,-1,0,-1,-1,0,10,-1,1,1,3,-1,-1,-1,0,0,1,0,0,10,0,0,0,10.55
1,0,0,0,-1,0,1,2,0,0,0,0,2,0,-1,2,1,2,0,2,-1,10,0,-1,25,0,9223372036800000000,1e+75,0,10,0,0,7,0,0,1,0,0,1,1,0,0,0,0,0,-1,2,0,1,-1,0,-1,3,0,10,-1,1,1,3,-1,-1,-1,0,0,1,0,0,10,0,0,0,10.55
1,0,0,0,-1,0,1,2,0,0,0,0,2,0,-1,2,1,2,0,2,-1,10,0,-1,25,0,9223372036800000000,1e+75,0,10,0,0,7,0,0,1,0,0,1,1,0,0,0,0,0,-1,2,0,1,-1,0,-1,2,0,10,-1,1,1,3,-1,-1,-1,0,0,1,0,0,10,0,0,0,10.55
1,0,0,0,-1,0,1,2,0,0,0,0,2,0,-1,2,1,2,0,2,-1,10,0,-1,25,0,9223372036800000000,1e+75,0,10,0,0,7,0,0,1,0,0,1,1,0,0,0,0,0,-1,2,0,1,-1,0,-1,0,0,10,-1,1,1,3,-1,-1,-1,0,0,1,0,0,10,0,0,0,10.55
1,0,0,0,-1,0,1,0,0,0,0,0,-1,0,1,-1,0,1,2,0,2,1,0,-1,400,0,9223372036800000000,1e+75,0,10,0,0,7,0,0,1,0,0,1,1,0,0,0,0,0,4,2,0,1,-1,1,-1,-1,0,10,-1,1,1,3,-1,-1,-1,0,0,1,0,0,10,0,0,0,50.65
1,0,0,0,-1,0,1,0,0,0,0,0,-1,0,1,-1,0,-1,0,0,2,10,0,-1,400,0,9223372036800000000,1e+75,0,10,0,0,7,0,0,1,0,0,1,1,0,0,0,0,0,4,2,0,1,-1,1,-1,-1,0,10,-1,1,1,3,-1,-1,-1,0,0,1,0,0,10,0,0,0,26.07
1,0,0,0,-1,0,1,0,0,0,0,0,-1,0,1,-1,0,1,2,0,2,10,0,-1,400,0,9223372036800000000,1e+75,0,10,0,0,7,0,0,1,0,0,1,1,0,0,0,0,0,4,2,0,1,-1,1,-1,-1,0,10,-1,1,1,3,-1,-1,-1,0,0,1,0,0,10,0,0,0,25.23
1,0,0,0,-1,0,1,0,0,0,0,0,-1,0,1,-1,0,-1,2,0,1,10,0,-1,400,0,9223372036800000000,1e+75,0,10,0,0,7,0,0,1,0,0,1,1,0,0,0,0,0,4,2,0,1,-1,1,-1,-1,0,10,-1,1,1,3,-1,-1,-1,0,0,1,0,0,10,0,0,0,26.07
1,0,0,0,-1,0,1,0,0,0,0,0,-1,0,1,-1,0,-1,2,0,2,10,0,-1,400,0,9223372036800000000,1e+75,0,10,0,0,7,0,0,1,0,0,1,1,0,0,0,0,0,-1,2,0,1,-1,1,-1,-1,0,10,-1,1,1,3,-1,-1,-1,0,0,1,0,0,10,0,0,0,82.22
1,0,0,0,-1,0,1,0,0,0,0,0,-1,0,1,-1,0,-1,2,0,2,10,0,-1,400,0,9223372036800000000,1e+75,0,10,0,0,7,0,0,1,0,0,1,1,0,0,0,0,0,4,2,0,1,-1,1,-1,-1,0,10,-1,1,1,3,-1,-1,-1,0,0,1,0,0,10,0,0,0,26.07
1,0,0,0,-1,0,1,2,0,0,1,0,2,0,-1,2,1,2,0,2,-1,10,0,-1,25,0,9223372036800000000,1e+75,0,10,0,0,7,0,0,1,0,0,1,1,0,0,0,0,0,-1,2,0,1,-1,0,-1,-1,0,10,-1,1,1,3,-1,-1,-1,0,0,1,0,0,10,0,0,0,10.55
1,0,0,0,-1,0,1,3,0,0,0,0,-1,0,1,-1,0,-1,1,0,2,2,0,-1,400,0,9223372036800000000,1e+75,0,10,0,0,7,0,0,1,0,0,1,1,0,0,0,0,0,4,2,0,1,-1,-1,-1,-1,0,10,-1,1,1,3,-1,-1,-1,0,0,1,0,0,10,0,0,0,35.5
1,0,0,0,-1,0,1,3,0,0,0,0,-1,0,1,-1,0,-1,2,0,2,10,0,-1,400,0,9223372036800000000,1e+75,0,10,0,0,7,0,0,1,0,0,1,1,0,0,0,0,0,4,2,0,1,-1,-1,-1,-1,0,10,-1,1,1,3,-1,-1,-1,0,0,1,0,0,10,0,0,0,27.02
1,0,0,0,-1,0,1,0,0,0,0,0,-1,0,1,-1,-1,1,1,-1,-1,1,0,-1,400,0,9223372036800000000,1e+75,0,10,0,0,7,0,0,1,0,0,1,1,0,0,0,0,1,-1,2,0,1,-1,1,-1,-1,0,10,-1,1,1,3,-1,-1,-1,0,0,1,0,0,10,0,0,0,87.63
1,0,0,0,-1,0,1,0,0,0,0,0,2,0,1,-1,1,0,-1,0,1,5,0,-1,10,0,9223372036800000000,1e+75,0,10,0,1,7,0,0,1,0,0,1,1,0,0,0,0,2,3,2,0,1,-1,1,-1,-1,0,10,-1,1,1,3,-1,-1,-1,0,0,1,0,0,10,0,0,0,27.6
1,0,0,0,-1,0,1,0,0,0,0,0,0,0,0,0,0,2,-1,2,0,1,0,-1,25,0,9223372036800000000,1e+75,0,10,0,0,7,0,0,1,0,0,1,1,0,0,0,0,0,0,2,0,1,-1,-1,-1,-1,0,10,-1,1,1,3,-1,-1,-1,0,0,1,0,0,10,0,0,0,50.63
1,0,0,0,-1,0,1,3,0,0,0,0,-1,0,1,-1,0,-1,2,0,2,2,0,-1,400,0,9223372036800000000,1e+75,0,10,0,0,7,0,0,1,0,0,1,1,0,0,0,0,0,4,2,0,1,-1,-1,-1,-1,0,10,-1,1,1,3,-1,-1,-1,0,0,1,0,0,10,0,0,0,35.48
1,0,0,0,-1,0,1,3,0,0,0,0,3,0,-1,0,2,2,-1,0,2,2,0,-1,10,0,9223372036800000000,1e+75,0,10,0,0,7,0,0,1,0,0,1,1,0,0,0,0,5,3,2,0,1,-1,-1,-1,-1,0,10,-1,1,1,3,-1,-1,-1,0,0,1,0,0,10,0,0,0,88.53
1,0,0,0,-1,0,1,2,0,0,0,0,0,0,1,-1,2,-1,0,1,-1,2,0,-1,50,0,9223372036800000000,1e+75,0,10,0,1,7,0,0,1,0,0,1,1,0,0,0,0,0,4,2,0,1,-1,-1,-1,2,0,10,-1,1,1,3,-1,-1,-1,0,0,1,0,0,10,0,0,0,35.83
1,0,0,0,-1,0,1,0,0,0,0,0,3,0,-1,0,2,2,-1,0,2,2,0,-1,25,0,9223372036800000000,1e+75,0,10,0,0,7,0,0,1,0,0,1,1,0,0,0,0,5,3,2,0,1,-1,-1,-1,-1,0,10,-1,1,1,3,-1,-1,-1,0,0,1,0,0,10,0,0,0,89.23
1,0,0,0,-1,0,1,3,0,0,0,0,3,0,-1,0,2,1,-1,0,2,2,0,-1,25,0,9223372036800000000,1e+75,0,10,0,0,7,0,0,1,0,0,1,1,0,0,0,0,5,3,2,0,1,-1,-1,-1,-1,0,10,-1,1,1,3,-1,-1,-1,0,0,1,0,0,10,0,0,0,88.55
1,0,0,0,-1,0,1,3,0,0,0,0,3,0,-1,0,2,2,-1,0,2,2,0,-1,25,0,9223372036800000000,1e+75,0,10,0,0,7,0,0,1,0,0,1,1,0,0,0,0,5,3,2,0,1,-1,-1,-1,-1,0,10,-1,1,1,3,-1,-1,-1,0,0,1,0,0,10,0,0,0,88.55
1,0,0,0,-1,0,1,3,0,0,0,0,3,0,-1,0,2,2,-1,0,2,0,0,-1,400,0,9223372036800000000,1e+75,0,10,0,0,7,0,0,1,0,0,1,1,0,0,0,0,5,3,2,0,1,-1,-1,-1,-1,0,10,-1,1,1,3,-1,-1,-1,0,0,1,0,0,10,0,0,0,90.24
1,0,0,0,-1,0,1,3,0,0,0,0,3,0,-1,0,2,2,-1,0,2,2,0,-1,400,0,9223372036800000000,1e+75,0,10,0,0,7,0,0,1,0,0,1,1,0,0,0,0,5,3,2,0,1,-1,-1,-1,-1,0,10,-1,1,1,3,-1,-1,-1,0,0,1,0,0,10,0,0,0,89.09
1,0,0,0,-1,0,1,3,0,0,0,0,3,0,-1,0,2,-1,0,0,2,2,0,-1,400,0,9223372036800000000,1e+75,0,10,0,0,7,0,0,1,0,0,1,1,0,0,0,0,5,3,2,0,1,-1,-1,-1,-1,0,10,-1,1,1,3,-1,-1,-1,0,0,1,0,0,10,0,0,0,89.16
1,0,0,0,-1,0,1,0,0,0,0,0,-1,0,-1,-1,-1,-1,-1,1,1,10,0,-1,400,0,9223372036800000000,1e+75,0,10,0,0,7,0,0,1,0,0,1,1,0,0,0,0,5,-1,2,0,1,-1,1,-1,-1,0,10,-1,1,1,3,-1,-1,-1,0,0,1,0,0,10,0,0,0,91.32
1,0,0,0,-1,0,1,0,0,0,1,0,1,0,0,2,1,0,0,2,-1,2,0,-1,10,0,9223372036800000000,1e+75,0,10,0,2,7,0,0,1,0,0,1,1,0,0,0,0,0,1,2,0,1,-1,-1,-1,0,0,10,-1,1,1,3,-1,-1,-1,0,0,1,0,0,10,0,0,0,38.85
1,0,0,0,-1,0,1,2,0,0,0,0,0,0,0,-1,2,1,-1,2,1,5,0,-1,50,0,9223372036800000000,1e+75,0,10,0,0,7,0,0,1,0,0,1,1,0,0,0,0,0,1,2,0,1,-1,-1,-1,-1,0,10,-1,1,1,3,-1,-1,-1,0,0,1,0,0,10,0,0,0,28.28
1,0,0,0,-1,0,1,2,0,0,0,0,0,0,0,-1,2,0,1,2,1,0,0,-1,50,0,9223372036800000000,1e+75,0,10,0,0,7,0,0,1,0,0,1,1,0,0,0,0,1,1,2,0,1,-1,-1,-1,-1,0,10,-1,1,1,3,-1,-1,-1,0,0,1,0,0,10,0,0,0,55.07
1,0,0,0,-1,0,1,0,0,0,0,0,0,0,0,0,0,2,-1,1,0,3,0,-1,25,0,9223372036800000000,1e+75,0,10,0,0,7,0,0,1,0,0,1,1,0,0,0,0,0,0,2,0,1,-1,-1,-1,-1,0,10,-1,1,1,3,-1,-1,-1,0,0,1,0,0,10,0,0,0,31.24
1,0,0,0,-1,0,1,2,0,0,0,0,0,0,0,-1,2,0,1,2,1,5,0,-1,50,0,9223372036800000000,1e+75,0,10,0,0,7,0,0,1,0,0,1,1,0,0,0,0,0,1,2,0,1,-1,-1,-1,-1,0,10,-1,1,1,3,-1,-1,-1,0,0,1,0,0,10,0,0,0,13.39
1,0,0,0,-1,0,1,2,0,0,0,0,0,0,-1,-1,2,0,1,2,1,5,0,-1,50,0,9223372036800000000,1e+75,0,10,0,0,7,0,0,1,0,0,1,1,0,0,0,0,1,1,2,0,1,-1,-1,-1,-1,0,10,-1,1,1,3,-1,-1,-1,0,0,1,0,0,10,0,0,0,32.32
1,0,0,0,-1,0,1,2,0,0,0,0,0,0,0,-1,2,0,1,-1,1,5,0,-1,50,0,9223372036800000000,1e+75,0,10,0,0,7,0,0,1,0,0,1,1,0,0,0,0,1,1,2,0,1,-1,-1,-1,-1,0,10,-1,1,1,3,-1,-1,-1,0,0,1,0,0,10,0,0,0,66.69
1,0,0,0,-1,0,1,0,0,0,0,0,0,0,0,-1,2,0,1,2,1,5,0,-1,50,0,9223372036800000000,1e+75,0,10,0,0,7,0,0,1,0,0,1,1,0,0,0,0,1,1,2,0,1,-1,-1,-1,-1,0,10,-1,1,1,3,-1,-1,-1,0,0,1,0,0,10,0,0,0,32.32
1,0,0,0,-1,0,1,2,0,0,0,0,0,0,0,-1,2,2,1,2,1,5,0,-1,50,0,9223372036800000000,1e+75,0,10,0,0,7,0,0,1,0,0,1,1,0,0,0,0,0,1,2,0,1,-1,-1,-1,-1,0,10,-1,1,1,3,-1,-1,-1,0,0,1,0,0,10,0,0,0,28.41
1,0,0,0,-1,0,1,2,0,0,0,0,0,0,0,-1,2,0,1,2,1,10,0,-1,50,0,9223372036800000000,1e+75,0,10,0,0,7,0,0,1,0,0,1,1,0,0,0,0,1,1,2,0,1,-1,-1,-1,-1,0,10,-1,1,1,3,-1,-1,-1,0,0,1,0,0,10,0,0,0,34.37
1,0,0,0,-1,0,1,2,0,0,0,0,0,0,1,-1,2,0,1,2,1,5,0,-1,50,0,9223372036800000000,1e+75,0,10,0,0,7,0,0,1,0,0,1,1,0,0,0,0,1,1,2,0,1,-1,-1,-1,-1,0,10,-1,1,1,3,-1,-1,-1,0,0,1,0,0,10,0,0,0,32.32
1,0,0,0,-1,0,1,0,0,0,0,0,0,0,1,-1,2,1,1,2,2,1,0,-1,50,0,9223372036800000000,1e+75,0,10,0,0,7,0,0,1,0,0,1,1,0,0,0,0,0,1,2,0,1,-1,1,-1,-1,0,10,-1,1,1,3,-1,-1,-1,0,0,1,0,0,10,0,0,0,49.69
1,0,0,0,-1,0,1,0,0,0,1,0,1,0,0,2,1,0,0,2,-1,2,0,-1,25,0,9223372036800000000,1e+75,0,10,0,1,7,0,0,1,0,0,1,1,0,0,0,0,0,1,2,0,1,-1,-1,-1,2,0,10,-1,1,1,3,-1,-1,-1,0,0,1,0,0,10,0,0,0,38.8
1,0,0,0,-1,0,1,2,0,0,0,0,0,0,0,-1,2,0,1,2,1,5,0,-1,50,0,9223372036800000000,1e+75,0,10,0,0,7,0,0,1,0,0,1,1,0,0,0,0,1,1,2,0,1,-1,-1,-1,-1,0,10,-1,1,1,3,-1,-1,-1,0,0,1,0,0,10,0,0,0,32.32
1,0,0,0,-1,0,1,2,0,0,0,0,2,0,-1,2,1,2,0,2,2,10,0,-1,25,0,9223372036800000000,1e+75,0,10,0,0,7,0,0,1,0,0,1,1,0,0,0,0,0,-1,2,0,1,-1,0,-1,-1,0,10,-1,1,1,3,-1,-1,-1,0,0,1,0,0,10,0,0,0,11.98
1,0,0,0,-1,0,1,2,0,0,0,0,2,0,-1,2,1,2,0,2,1,10,0,-1,25,0,9223372036800000000,1e+75,0,10,0,0,7,0,0,1,0,0,1,1,0,0,0,0,0,-1,2,0,1,-1,0,-1,-1,0,10,-1,1,1,3,-1,-1,-1,0,0,1,0,0,10,0,0,0,11.98
1,0,0,0,-1,0,1,2,0,0,0,0,2,0,-1,2,1,2,0,2,-1,10,0,-1,25,0,9223372036800000000,1e+75,0,10,0,0,7,0,0,1,0,0,1,1,0,0,0,0,1,-1,2,0,1,-1,0,-1,-1,0,10,-1,1,1,3,-1,-1,-1,0,0,1,0,0,10,0,0,0,28.84
1,0,0,0,-1,0,1,2,0,0,0,0,2,0,-1,2,1,2,-1,2,-1,10,0,-1,25,0,9223372036800000000,1e+75,0,10,0,0,7,0,0,1,0,0,1,1,0,0,0,0,0,-1,2,0,1,-1,0,-1,-1,0,10,-1,1,1,3,-1,-1,-1,0,0,1,0,0,10,0,0,0,11.62
1,0,0,0,-1,0,1,0,0,0,4,0,-1,0,-1,0,2,-1,-1,1,2,2,0,-1,400,0,9223372036800000000,1e+75,0,10,0,3,7,0,0,1,0,0,1,1,0,0,0,0,0,4,2,0,1,-1,1,-1,0,0,10,-1,1,1,3,-1,-1,-1,0,0,1,0,0,10,0,0,0,36.68
1,0,0,0,-1,0,1,2,0,0,0,0,2,0,-1,2,1,2,0,2,-1,10,0,-1,25,0,9223372036800000000,1e+75,0,10,0,0,7,0,0,1,0,0,1,1,0,0,0,0,0,-1,2,0,1,-1,0,-1,-1,0,10,-1,1,1,3,-1,-1,-1,0,0,1,0,0,10,0,0,0,10.55
1,0,0,0,-1,0,1,0,0,0,0,0,0,0,1,-1,-1,-1,1,1,-1,1,0,-1,50,0,9223372036800000000,1e+75,0,10,0,0,7,0,0,1,0,0,1,1,0,0,0,0,0,1,2,0,1,-1,1,-1,-1,0,10,-1,1,1,3,-1,-1,-1,0,0,1,0,0,10,0,0,0,50.34
1,0,0,0,-1,0,1,0,0,0,1,0,1,0,0,2,1,0,0,2,-1,2,0,-1,10,0,9223372036800000000,1e+75,0,10,0,1,7,0,0,1,0,0,1,1,0,0,0,0,0,1,2,0,1,-1,-1,-1,0,0,10,-1,1,1,3,-1,-1,-1,0,0,1,0,0,10,0,0,0,38.87
1,0,0,0,-1,0,1,0,0,0,0,0,0,0,1,-1,-1,-1,1,1,1,10,0,-1,50,0,9223372036800000000,1e+75,0,10,0,0,7,0,0,1,0,0,1,1,0,0,0,0,0,1,2,0,1,-1,1,-1,-1,0,10,-1,1,1,3,-1,-1,-1,0,0,1,0,0,10,0,0,0,19.98
1,0,0,0,-1,0,1,0,0,0,0,0,0,0,1,-1,-1,-1,-1,1,-1,10,0,-1,50,0,9223372036800000000,1e+75,0,10,0,0,7,0,0,1,0,0,1,1,0,0,0,0,0,1,2,0,1,-1,1,-1,-1,0,10,-1,1,1,3,-1,-1,-1,0,0,1,0,0,10,0,0,0,25.91
1,0,0,0,-1,0,1,0,0,0,0,0,0,0,1,-1,-1,-1,1,1,2,10,0,-1,50,0,9223372036800000000,1e+75,0,10,0,0,7,0,0,1,0,0,1,1,0,0,0,0,0,1,2,0,1,-1,1,-1,-1,0,10,-1,1,1,3,-1,-1,-1,0,0,1,0,0,10,0,0,0,26.33
1,0,0,0,-1,0,1,0,0,0,0,0,0,0,1,-1,-1,-1,2,1,-1,10,0,-1,50,0,9223372036800000000,1e+75,0,10,0,0,7,0,0,1,0,0,1,1,0,0,0,0,0,1,2,0,1,-1,1,-1,-1,0,10,-1,1,1,3,-1,-1,-1,0,0,1,0,0,10,0,0,0,26.3
1,0,0,0,-1,0,1,0,0,0,0,0,0,0,1,-1,-1,-1,1,1,-1,10,0,-1,50,0,9223372036800000000,1e+75,0,10,0,0,7,0,0,1,0,0,1,1,0,0,0,0,0,1,2,0,1,-1,1,-1,-1,0,10,-1,1,1,3,-1,-1,-1,0,0,1,0,0,10,0,0,0,11.22
1,0,0,0,-1,0,1,0,0,0,0,0,3,0,-1,2,1,1,1,1,-1,10,0,-1,150,0,9223372036800000000,1e+75,0,10,0,1,7,0,0,1,0,0,1,1,0,0,0,0,0,3,2,0,1,-1,1,-1,3,0,10,-1,1,1,3,-1,-1,-1,0,0,1,0,0,10,0,0,0,26.23
1,0,0,0,-1,0,1,0,0,0,0,0,-1,0,1,-1,-1,1,1,1,-1,10,0,-1,100,0,9223372036800000000,1e+75,0,10,0,0,7,0,0,1,0,0,1,1,0,0,0,0,0,1,2,0,1,-1,1,-1,-1,0,10,-1,1,1,3,-1,-1,-1,0,0,1,0,0,10,0,0,0,27.9
1,0,0,0,-1,0,1,0,0,0,2,0,2,0,-1,-1,2,2,2,-1,1,2,0,-1,10,0,9223372036800000000,1e+75,0,10,0,1,7,0,0,1,0,0,1,1,0,0,0,0,3,-1,2,0,1,-1,1,-1,3,0,10,-1,1,1,3,-1,-1,-1,0,0,1,0,0,10,0,0,0,90.43
1,0,0,0,-1,0,1,0,0,0,0,0,0,0,1,-1,-1,2,1,1,-1,10,0,-1,100,0,9223372036800000000,1e+75,0,10,0,0,7,0,0,1,0,0,1,1,0,0,0,0,1,1,2,0,1,-1,1,-1,-1,0,10,-1,1,1,3,-1,-1,-1,0,0,1,0,0,10,0,0,0,33.16
1,0,0,0,-1,0,1,0,0,0,0,0,0,0,1,-1,-1,1,1,1,-1,10,0,-1,100,0,9223372036800000000,1e+75,0,10,0,0,7,0,0,1,0,0,1,1,0,0,0,0,0,1,2,0,1,-1,1,-1,-1,0,10,-1,1,1,3,-1,-1,-1,0,0,1,0,0,10,0,0,0,26.31
1,0,0,0,-1,0,1,0,0,0,0,0,0,0,1,-1,-1,2,1,1,-1,0,0,-1,100,0,9223372036800000000,1e+75,0,10,0,0,7,0,0,1,0,0,1,1,0,0,0,0,0,1,2,0,1,-1,1,-1,-1,0,10,-1,1,1,3,-1,-1,-1,0,0,1,0,0,10,0,0,0,55.63
1,0,0,0,-1,0,1,0,0,0,0,0,0,0,1,-1,-1,2,1,1,-1,10,0,-1,100,0,9223372036800000000,1e+75,0,10,0,0,7,0,0,1,0,0,1,1,0,0,0,0,0,1,2,0,1,-1,1,-1,-1,0,10,-1,1,1,3,-1,-1,-1,0,0,1,0,0,10,0,0,0,26.59
1,0,0,0,-1,0,1,0,0,0,0,0,-1,0,1,1,-1,2,-1,1,2,2,0,-1,25,0,9223372036800000000,1e+75,0,10,0,0,7,0,0,1,0,0,1,1,0,0,0,0,1,4,2,0,1,-1,-1,-1,-1,0,10,-1,1,1,3,-1,-1,-1,0,0,1,0,0,10,0,0,0,40.74
1,0,0,0,-1,0,1,0,0,0,0,0,-1,0,1,1,-1,2,-1,1,2,2,0,-1,100,0,9223372036800000000,1e+75,0,10,0,0,7,0,0,1,0,0,1,1,0,0,0,0,1,4,2,0,1,-1,-1,-1,-1,0,10,-1,1,1,3,-1,-1,-1,0,0,1,0,0,10,0,0,0,40.87
1,0,0,0,-1,0,1,0,0,0,0,0,0,0,-1,1,2,-1,-1,1,1,2,0,-1,100,0,9223372036800000000,1e+75,0,10,0,3,7,0,0,1,0,0,1,1,0,0,0,0,1,-1,2,0,1,-1,-1,-1,-1,0,10,-1,1,1,3,-1,-1,-1,0,0,1,0,0,10,0,0,0,85.92
1,0,0,0,-1,0,1,0,0,0,0,0,0,0,1,1,-1,2,-1,1,2,2,0,-1,200,0,9223372036800000000,1e+75,0,10,0,0,7,0,0,1,0,0,1,1,0,0,0,0,1,4,2,0,1,-1,-1,-1,-1,0,10,-1,1,1,3,-1,-1,-1,0,0,1,0,0,10,0,0,0,42.02
1,0,0,0,-1,0,1,0,0,0,0,0,-1,0,1,1,-1,2,-1,1,2,2,0,-1,200,0,9223372036800000000,1e+75,0,10,0,0,7,0,0,1,0,0,1,1,0,0,0,0,1,4,2,0,1,-1,-1,-1,-1,0,10,-1,1,1,3,-1,-1,-1,0,0,1,0,0,10,0,0,0,41.54
1,0,0,0,-1,0,1,0,0,0,0,0,-1,0,1,1,-1,2,0,1,2,1,0,-1,200,0,9223372036800000000,1e+75,0,10,0,0,7,0,0,1,0,0,1,1,0,0,0,0,1,4,2,0,1,-1,-1,-1,-1,0,10,-1,1,1,3,-1,-1,-1,0,0,1,0,0,10,0,0,0,50.55
1,0,0,0,-1,0,1,0,0,0,0,0,-1,0,1,1,-1,2,-1,1,1,1,0,-1,200,0,9223372036800000000,1e+75,0,10,0,0,7,0,0,1,0,0,1,1,0,0,0,0,1,4,2,0,1,-1,-1,-1,-1,0,10,-1,1,1,3,-1,-1,-1,0,0,1,0,0,10,0,0,0,49.91
1,0,0,0,-1,0,1,0,0,0,0,0,-1,0,1,1,-1,2,-1,1,2,0,0,-1,200,0,9223372036800000000,1e+75,0,10,0,0,7,0,0,1,0,0,1,1,0,0,0,0,1,4,2,0,1,-1,-1,-1,-1,0,10,-1,1,1,3,-1,-1,-1,0,0,1,0,0,10,0,0,0,51.35
1,0,0,0,-1,0,1,0,0,0,0,0,-1,0,1,1,-1,2,-1,1,2,1,0,-1,200,0,9223372036800000000,1e+75,0,10,0,0,7,0,0,1,0,0,1,1,0,0,0,0,1,4,2,0,1,-1,-1,-1,-1,0,10,-1,1,1,3,-1,-1,-1,0,0,1,0,0,10,0,0,0,49.91
1,0,0,0,-1,0,1,0,0,0,0,0,0,0,1,2,0,2,1,0,-1,10,0,-1,150,0,9223372036800000000,1e+75,0,10,0,0,7,0,0,1,0,0,1,1,0,0,0,0,0,2,2,0,1,-1,0,-1,-1,0,10,-1,1,1,3,-1,-1,-1,0,0,1,0,0,10,0,0,0,14.94
1,0,0,0,-1,0,1,2,0,0,1,0,2,0,-1,1,-1,0,-1,2,-1,10,0,-1,200,0,9223372036800000000,1e+75,0,10,0,0,7,0,0,1,0,0,1,1,0,0,0,0,0,0,2,0,1,-1,0,-1,-1,0,10,-1,1,1,3,-1,-1,-1,0,0,1,0,0,10,0,0,0,11.45
1,0,0,0,-1,0,1,0,0,0,0,0,0,0,1,2,0,2,-1,-1,-1,10,0,-1,150,0,9223372036800000000,1e+75,0,10,0,0,7,0,0,1,0,0,1,1,0,0,0,0,1,2,2,0,1,-1,0,-1,-1,0,10,-1,1,1,3,-1,-1,-1,0,0,1,0,0,10,0,0,0,29.41
1,0,0,0,-1,0,1,2,0,0,0,0,-1,0,-1,2,1,2,0,2,-1,10,0,-1,25,0,9223372036800000000,1e+75,0,10,0,0,7,0,0,1,0,0,1,1,0,0,0,0,0,-1,2,0,1,-1,0,-1,-1,0,10,-1,1,1,3,-1,-1,-1,0,0,1,0,0,10,0,0,0,11.84
1,0,0,0,-1,0,1,0,0,0,0,0,0,0,1,2,0,-1,-1,0,-1,10,0,-1,150,0,9223372036800000000,1e+75,0,10,0,0,7,0,0,1,0,0,1,1,0,0,0,0,1,2,2,0,1,-1,1,-1,-1,0,10,-1,1,1,3,-1,-1,-1,0,0,1,0,0,10,0,0,0,83.46
1,0,0,0,-1,0,1,0,0,0,0,0,0,0,1,2,0,-1,-1,0,-1,2,0,-1,150,0,9223372036800000000,1e+75,0,10,0,0,7,0,0,1,0,0,1,1,0,0,0,0,1,2,2,0,1,-1,0,-1,-1,0,10,-1,1,1,3,-1,-1,-1,0,0,1,0,0,10,0,0,0,86.67
1,0,0,0,-1,0,1,1,0,0,1,0,2,0,-1,-1,2,2,0,1,2,0,0,-1,150,0,9223372036800000000,1e+75,0,10,0,2,7,0,0,1,0,0,1,1,0,0,0,0,2,2,2,0,1,-1,1,-1,2,0,10,-1,1,1,3,-1,-1,-1,0,0,1,0,0,10,0,0,0,48.47
1,0,0,0,-1,0,1,0,0,0,0,0,0,0,-1,-1,2,-1,-1,2,-1,2,0,-1,100,0,9223372036800000000,1e+75,0,10,0,3,7,0,0,1,0,0,1,1,0,0,0,0,1,0,2,0,1,-1,-1,-1,1,0,10,-1,1,1,3,-1,-1,-1,0,0,1,0,0,10,0,0,0,37.88
1,0,0,0,-1,0,1,0,0,0,0,0,0,0,1,2,0,-1,-1,0,-1,10,0,-1,150,0,9223372036800000000,1e+75,0,10,0,0,7,0,0,1,0,0,1,1,0,0,0,0,1,2,2,0,1,-1,0,-1,-1,0,10,-1,1,1,3,-1,-1,-1,0,0,1,0,0,10,0,0,0,31.12
1,0,0,0,-1,0,1,2,0,0,0,0,0,0,1,-1,2,-1,1,1,2,2,0,-1,50,0,9223372036800000000,1e+75,0,10,0,3,7,0,0,1,0,0,1,1,0,0,0,0,0,4,2,0,1,-1,-1,-1,2,0,10,-1,1,1,3,-1,-1,-1,0,0,1,0,0,10,0,0,0,35.19
1,0,0,0,-1,0,1,0,0,0,0,0,0,0,1,2,0,-1,0,0,-1,10,0,-1,150,0,9223372036800000000,1e+75,0,10,0,0,7,0,0,1,0,0,1,1,0,0,0,0,1,2,2,0,1,-1,0,-1,-1,0,10,-1,1,1,3,-1,-1,-1,0,0,1,0,0,10,0,0,0,32.44
1,0,0,0,-1,0,1,0,0,0,0,0,0,0,1,2,-1,-1,1,0,-1,10,0,-1,150,0,9223372036800000000,1e+75,0,10,0,0,7,0,0,1,0,0,1,1,0,0,0,0,1,2,2,0,1,-1,0,-1,-1,0,10,-1,1,1,3,-1,-1,-1,0,0,1,0,0,10,0,0,0,32.44
1,0,0,0,-1,0,1,0,0,0,4,0,0,0,-1,0,0,1,2,0,1,2,0,-1,50,0,9223372036800000000,1e+75,0,10,0,1,7,0,0,1,0,0,1,1,0,0,0,0,2,-1,2,0,1,-1,-1,-1,3,0,10,-1,1,1,3,-1,-1,-1,0,0,1,0,0,10,0,0,0,85.4
1,0,0,0,-1,0,1,3,0,0,0,0,-1,0,1,-1,0,-1,2,0,2,10,0,-1,400,0,9223372036800000000,1e+75,0,10,0,0,7,0,0,1,0,0,1,1,0,0,0,0,0,4,2,0,1,-1,1,-1,-1,0,10,-1,1,1,3,-1,-1,-1,0,0,1,0,0,10,0,0,0,26.8
1,0,0,0,-1,0,1,0,0,0,0,0,0,0,1,-1,-1,1,0,1,1,10,0,-1,100,0,9223372036800000000,1e+75,0,10,0,0,7,0,0,1,0,0,1,1,0,0,0,0,1,2,2,0,1,-1,1,-1,-1,0,10,-1,1,1,3,-1,-1,-1,0,0,1,0,0,10,0,0,0,83.45
1,0,0,0,-1,0,1,5,0,0,0,0,1,0,1,0,2,0,2,1,0,5,0,-1,200,0,9223372036800000000,1e+75,0,10,0,0,7,0,0,1,0,0,1,1,0,0,0,0,0,2,2,0,1,-1,-1,-1,-1,0,10,-1,1,1,3,-1,-1,-1,0,0,1,0,0,10,0,0,0,21.68
1,0,0,0,-1,0,1,2,0,0,0,0,2,0,-1,2,1,2,0,2,-1,10,0,-1,25,0,9223372036800000000,1e+75,0,10,0,1,7,0,0,1,0,0,1,1,0,0,0,0,0,-1,2,0,1,-1,0,-1,-1,0,10,-1,1,1,3,-1,-1,-1,0,0,1,0,0,10,0,0,0,10.93
1,0,0,0,-1,0,1,5,0,0,0,0,1,0,1,0,2,0,1,1,-1,5,0,-1,200,0,9223372036800000000,1e+75,0,10,0,0,7,0,0,1,0,0,1,1,0,0,0,0,0,2,2,0,1,-1,-1,-1,-1,0,10,-1,1,1,3,-1,-1,-1,0,0,1,0,0,10,0,0,0,34.17
1,0,0,0,-1,0,1,5,0,0,0,0,1,0,1,0,2,0,0,1,0,5,0,-1,200,0,9223372036800000000,1e+75,0,10,0,0,7,0,0,1,0,0,1,1,0,0,0,0,0,2,2,0,1,-1,-1,-1,-1,0,10,-1,1,1,3,-1,-1,-1,0,0,1,0,0,10,0,0,0,21.68
1,0,0,0,-1,0,1,0,0,0,1,0,2,0,-1,1,-1,-1,2,1,1,1,0,-1,200,0,9223372036800000000,1e+75,0,10,0,3,7,0,0,1,0,0,1,1,0,0,0,0,1,0,2,0,1,-1,0,-1,-1,0,10,-1,1,1,3,-1,-1,-1,0,0,1,0,0,10,0,0,0,63.51
1,0,0,0,-1,0,1,5,0,0,0,0,1,0,1,0,2,0,1,1,0,5,0,-1,200,0,9223372036800000000,1e+75,0,10,0,0,7,0,0,1,0,0,1,1,0,0,0,0,0,2,2,0,1,-1,-1,-1,-1,0,10,-1,1,1,3,-1,-1,-1,0,0,1,0,0,10,0,0,0,21.68
1,0,0,0,-1,0,1,5,0,0,0,0,1,0,1,0,2,0,1,-1,0,5,0,-1,200,0,9223372036800000000,1e+75,0,10,0,0,7,0,0,1,0,0,1,1,0,0,0,0,1,2,2,0,1,-1,-1,-1,-1,0,10,-1,1,1,3,-1,-1,-1,0,0,1,0,0,10,0,0,0,84.95
1,0,0,0,-1,0,1,2,0,0,0,0,0,0,1,-1,2,-1,0,1,-1,1,0,-1,50,0,9223372036800000000,1e+75,0,10,0,3,7,0,0,1,0,0,1,1,0,0,0,0,0,4,2,0,1,-1,-1,-1,2,0,10,-1,1,1,3,-1,-1,-1,0,0,1,0,0,10,0,0,0,47.01
1,0,0,0,-1,0,1,5,0,0,0,0,1,0,1,0,2,0,1,-1,0,5,0,-1,200,0,9223372036800000000,1e+75,0,10,0,0,7,0,0,1,0,0,1,1,0,0,0,0,0,2,2,0,1,-1,-1,-1,-1,0,10,-1,1,1,3,-1,-1,-1,0,0,1,0,0,10,0,0,0,23.52
1,0,0,0,-1,0,1,5,0,0,0,0,1,0,1,0,2,0,1,-1,0,5,0,-1,200,0,9223372036800000000,1e+75,0,10,0,0,7,0,0,1,0,0,1,1,0,0,0,0,3,-1,2,0,1,-1,-1,-1,-1,0,10,-1,1,1,3,-1,-1,-1,0,0,1,0,0,10,0,0,0,57.05
1,0,0,0,-1,0,1,2,0,0,0,0,0,0,1,-1,-1,-1,0,1,-1,2,0,-1,50,0,9223372036800000000,1e+75,0,10,0,3,7,0,0,1,0,0,1,1,0,0,0,0,0,4,2,0,1,-1,-1,-1,2,0,10,-1,1,1,3,-1,-1,-1,0,0,1,0,0,10,0,0,0,32.31
1,0,0,0,-1,0,1,5,0,0,0,0,1,0,-1,-1,-1,1,2,-1,1,10,0,-1,200,0,9223372036800000000,1e+75,0,10,0,0,7,0,0,1,0,0,1,1,0,0,0,0,1,-1,2,0,1,-1,-1,-1,-1,0,10,-1,1,1,3,-1,-1,-1,0,0,1,0,0,10,0,0,0,91.44
1,0,0,0,-1,0,1,5,0,0,0,0,1,0,1,0,2,0,1,-1,0,5,0,-1,200,0,9223372036800000000,1e+75,0,10,0,0,7,0,0,1,0,0,1,1,0,0,0,0,3,2,2,0,1,-1,-1,-1,-1,0,10,-1,1,1,3,-1,-1,-1,0,0,1,0,0,10,0,0,0,57.05
1,0,0,0,-1,0,1,2,0,0,0,0,2,0,-1,2,1,2,0,2,-1,10,0,-1,25,0,9223372036800000000,1e+75,0,10,0,0,7,0,0,1,0,0,1,1,0,0,0,0,0,-1,2,0,1,-1,0,-1,1,0,10,-1,1,1,3,-1,-1,-1,0,0,1,0,0,10,0,0,0,10.55
1,0,0,0,-1,0,1,4,0,0,0,0,-1,0,-1,-1,2,-1,2,1,2,2,0,-1,100,0,9223372036800000000,1e+75,0,10,0,0,7,0,0,1,0,0,1,1,0,0,0,0,0,-1,2,0,1,-1,0,-1,-1,0,10,-1,1,1,3,-1,-1,-1,0,0,1,0,0,10,0,0,0,43.68
1,0,0,0,-1,0,1,4,0,0,0,0,-1,0,-1,-1,2,-1,2,1,-1,10,0,-1,100,0,9223372036800000000,1e+75,0,10,0,0,7,0,0,1,0,0,1,1,0,0,0,0,0,-1,2,0,1,-1,0,-1,-1,0,10,-1,1,1,3,-1,-1,-1,0,0,1,0,0,10,0,0,0,19.18
1,0,0,0,-1,0,1,4,0,0,0,0,-1,0,-1,-1,2,-1,2,1,2,10,0,-1,100,0,9223372036800000000,1e+75,0,10,0,0,7,0,0,1,0,0,1,1,0,0,0,0,0,-1,2,0,1,-1,1,-1,-1,0,10,-1,1,1,3,-1,-1,-1,0,0,1,0,0,10,0,0,0,82.21
1,0,0,0,-1,0,1,4,0,0,0,0,-1,0,-1,-1,2,-1,2,1,2,10,0,-1,100,0,9223372036800000000,1e+75,0,10,0,0,7,0,0,1,0,0,1,1,0,0,0,0,0,-1,2,0,1,-1,0,-1,-1,0,10,-1,1,1,3,-1,-1,-1,0,0,1,0,0,10,0,0,0,17.15
1,0,0,0,-1,0,1,0,0,0,4,0,-1,0,-1,0,2,1,-1,1,1,2,0,-1,10,0,9223372036800000000,1e+75,0,10,0,3,7,0,0,1,0,0,1,1,0,0,0,0,0,4,2,0,1,-1,1,-1,0,0,10,-1,1,1,3,-1,-1,-1,0,0,1,0,0,10,0,0,0,25.61
1,0,0,0,-1,0,1,4,0,0,0,0,-1,0,0,-1,2,-1,2,1,2,10,0,-1,100,0,9223372036800000000,1e+75,0,10,0,0,7,0,0,1,0,0,1,1,0,0,0,0,4,-1,2,0,1,-1,0,-1,-1,0,10,-1,1,1,3,-1,-1,-1,0,0,1,0,0,10,0,0,0,17.5
1,0,0,0,-1,0,1,4,0,0,0,0,-1,0,-1,-1,2,-1,2,1,2,2,0,-1,100,0,9223372036800000000,1e+75,0,10,0,0,7,0,0,1,0,0,1,1,0,0,0,0,4,-1,2,0,1,-1,0,-1,-1,0,10,-1,1,1,3,-1,-1,-1,0,0,1,0,0,10,0,0,0,68.49
1,0,0,0,-1,0,1,1,0,0,0,0,3,0,-1,0,2,2,-1,0,0,3,0,-1,50,0,9223372036800000000,1e+75,0,10,0,0,7,0,2,1,0,0,1,1,0,0,0,0,0,0,2,0,1,-1,-1,-1,-1,0,10,-1,1,1,3,-1,-1,-1,0,0,1,0,0,10,0,0,0,25.33
1,0,0,0,-1,0,1,1,0,0,0,0,1,0,1,0,-1,0,1,2,-1,3,0,-1,150,0,9223372036800000000,1e+75,0,10,0,0,7,0,0,1,0,0,1,1,0,0,0,0,0,0,2,0,1,-1,-1,-1,-1,0,10,-1,1,1,3,-1,-1,-1,0,0,1,0,0,10,0,0,0,19.26
1,0,0,0,-1,0,1,1,0,0,1,0,2,0,-1,-1,2,2,0,1,2,0,0,-1,10,0,9223372036800000000,1e+75,0,10,0,2,7,0,0,1,0,0,1,1,0,0,0,0,2,2,2,0,1,-1,1,-1,0,0,10,-1,1,1,3,-1,-1,-1,0,0,1,0,0,10,0,0,0,54.71
1,0,0,0,-1,0,1,2,0,0,0,0,2,0,-1,2,1,2,2,2,-1,10,0,-1,25,0,9223372036800000000,1e+75,0,10,0,0,7,0,0,1,0,0,1,1,0,0,0,0,0,-1,2,0,1,-1,0,-1,-1,0,10,-1,1,1,3,-1,-1,-1,0,0,1,0,0,10,0,0,0,10.55
1,0,0,0,-1,0,1,3,0,0,0,0,3,0,1,2,2,-1,-1,2,2,3,0,-1,150,0,9223372036800000000,1e+75,0,10,0,0,7,0,0,1,0,0,1,1,0,0,0,0,0,0,2,0,1,-1,-1,-1,-1,0,10,-1,1,1,3,-1,-1,-1,0,0,1,0,0,10,0,0,0,21.99
1,0,0,0,-1,0,1,1,0,0,0,0,3,0,-1,0,2,2,-1,0,0,3,0,-1,50,0,9223372036800000000,1e+75,0,10,0,0,7,0,0,1,0,0,1,1,0,0,0,0,0,1,2,0,1,-1,-1,-1,-1,0,10,-1,1,1,3,-1,-1,-1,0,0,1,0,0,10,0,0,0,20.28
1,0,0,0,-1,0,1,1,0,0,0,0,3,0,-1,0,2,2,-1,0,0,3,0,-1,50,0,9223372036800000000,1e+75,0,10,0,0,7,0,0,1,0,0,1,1,0,0,0,0,0,0,2,0,1,-1,-1,-1,-1,0,10,-1,1,1,3,-1,-1,-1,0,0,1,1,0,10,0,0,0,32.36
1,0,0,0,-1,0,1,3,0,0,0,0,0,0,1,2,2,0,0,2,-1,1,0,-1,10,0,9223372036800000000,1e+75,0,10,0,0,7,0,0,1,0,0,1,1,0,0,0,0,0,-1,2,0,1,-1,1,-1,1,0,10,-1,1,1,3,-1,-1,-1,0,0,1,0,0,10,0,0,0,60.93
1,0,0,0,-1,0,1,0,0,0,0,0,0,0,0,0,0,2,1,2,0,3,0,-1,25,0,9223372036800000000,1e+75,0,10,0,0,7,0,0,1,0,0,1,1,0,0,0,0,0,0,2,0,1,-1,-1,-1,-1,0,10,-1,1,1,3,-1,-1,-1,0,0,1,0,0,10,0,0,0,30.53
1,0,0,0,-1,0,1,1,0,0,0,0,3,-1,-1,0,2,2,-1,0,0,3,0,-1,50,0,9223372036800000000,1e+75,0,10,0,0,7,0,0,1,0,0,1,1,0,0,0,0,0,0,2,0,1,-1,-1,-1,-1,0,10,-1,1,1,3,-1,-1,-1,0,0,1,0,0,10,0,0,0,18.05
1,0,0,0,-1,0,1,0,0,0,0,0,2,0,0,2,0,0,1,1,0,3,0,-1,50,0,9223372036800000000,1e+75,0,10,0,0,7,0,0,1,0,0,1,1,0,0,0,0,5,-1,2,0,1,-1,-1,-1,-1,0,10,-1,1,1,3,-1,-1,-1,0,0,1,0,0,10,0,0,0,88.66
1,0,0,0,-1,0,1,1,0,0,0,0,3,0,-1,0,2,2,-1,0,0,3,0,-1,50,0,9223372036800000000,1e+75,0,10,0,0,7,0,0,1,0,0,1,1,0,2,0,0,0,0,2,0,1,-1,-1,-1,-1,0,10,-1,1,1,3,-1,-1,-1,0,0,1,0,0,10,0,0,0,23.89
1,0,0,0,-1,0,1,3,0,0,0,0,3,0,1,2,1,1,-1,2,2,3,0,-1,150,0,9223372036800000000,1e+75,0,10,0,0,7,0,0,1,0,0,1,1,0,0,0,0,0,0,2,0,1,-1,-1,-1,-1,0,10,-1,1,1,3,-1,-1,-1,0,0,1,0,0,10,0,0,0,31.51
1,0,0,0,-1,0,1,5,0,0,0,0,0,0,1,0,1,0,-1,1,-1,3,0,-1,100,0,9223372036800000000,1e+75,0,10,0,0,7,0,0,1,0,0,1,1,0,0,0,0,0,0,2,0,1,-1,-1,-1,-1,0,10,-1,1,1,3,-1,-1,-1,0,0,1,0,0,10,0,0,0,18.62
1,0,0,0,-1,0,1,5,0,0,0,0,1,0,1,1,-1,0,-1,-1,0,3,0,-1,50,0,9223372036800000000,1e+75,0,10,0,0,7,0,0,1,0,0,1,1,0,0,0,0,0,0,2,0,1,-1,-1,-1,-1,0,10,-1,1,1,3,-1,-1,-1,0,0,1,0,0,10,0,0,0,33.7
1,0,0,0,-1,0,1,4,0,0,0,0,0,0,1,0,2,-1,-1,1,-1,3,0,-1,100,0,9223372036800000000,1e+75,0,10,0,0,7,0,0,1,0,0,1,1,0,0,0,0,0,0,2,0,1,-1,-1,-1,-1,0,10,-1,1,1,3,-1,-1,-1,0,0,1,0,0,10,0,0,0,31.47
1,0,0,0,-1,0,1,1,0,0,0,0,0,0,1,-1,-1,1,0,1,-1,3,0,-1,150,0,9223372036800000000,1e+75,0,10,0,0,7,0,0,1,0,0,1,1,0,0,0,0,0,0,2,0,1,-1,-1,-1,-1,0,10,-1,1,1,3,-1,-1,-1,0,0,1,0,0,10,0,0,0,32.93
1,0,0,0,-1,0,1,5,0,0,0,0,0,0,1,0,2,2,-1,1,-1,3,0,-1,25,0,9223372036800000000,1e+75,0,10,0,0,7,0,0,1,0,0,1,1,0,0,0,0,0,0,2,0,1,-1,-1,-1,-1,0,10,-1,1,1,3,-1,-1,-1,0,0,1,0,0,10,0,0,0,20.52
1,0,0,0,-1,0,1,0,0,0,0,0,3,0,-1,2,1,2,1,1,-1,10,0,-1,150,0,9223372036800000000,1e+75,0,10,0,1,7,0,0,1,0,0,1,1,0,0,0,0,0,3,2,0,1,-1,1,-1,3,0,10,-1,1,1,1,-1,-1,-1,0,0,1,0,0,10,0,0,0,14.44
1,0,0,0,-1,0,1,0,0,0,4,0,0,0,-1,0,0,1,1,0,1,2,0,-1,50,0,9223372036800000000,1e+75,0,10,0,0,7,0,0,1,0,0,1,1,0,0,0,0,2,-1,2,0,1,-1,-1,-1,3,0,10,-1,1,1,3,-1,-1,-1,0,0,1,0,0,10,0,0,0,85.49
1,0,0,0,-1,0,1,5,0,0,0,0,0,0,1,0,2,-1,-1,1,-1,3,0,-1,100,0,9223372036800000000,1e+75,0,10,0,0,7,0,0,1,0,0,1,1,0,0,0,0,0,0,2,0,1,-1,-1,-1,-1,0,10,-1,1,1,3,-1,-1,-1,0,0,1,0,0,10,0,0,0,19.43
1,0,0,0,-1,0,1,1,0,0,0,0,3,0,-1,0,2,2,-1,0,0,3,0,-1,50,0,9223372036800000000,1e+75,0,10,0,0,7,0,0,1,0,0,1,1,0,3,0,0,0,0,2,0,1,-1,-1,-1,-1,0,10,-1,1,1,3,-1,-1,-1,0,0,1,0,0,10,0,0,0,18.88
1,0,0,0,-1,0,1,0,0,0,0,0,-1,0,1,-1,-1,2,-1,-1,2,10,0,-1,25,0,9223372036800000000,1e+75,0,10,0,0,7,0,0,1,0,0,1,1,0,0,0,0,1,0,2,0,1,-1,1,-1,-1,0,10,-1,1,1,3,-1,-1,-1,0,0,1,0,0,10,0,0,0,66.7
1,0,0,0,-1,0,1,0,0,0,2,0,2,0,-1,-1,2,-1,2,-1,1,2,0,-1,100,0,9223372036800000000,1e+75,0,10,0,2,7,0,0,1,0,0,1,1,0,0,0,0,3,-1,2,0,1,-1,1,-1,3,0,10,-1,1,1,3,-1,-1,-1,0,0,1,0,0,10,0,0,0,93.81
1,0,0,0,-1,0,1,1,0,0,0,0,0,0,1,0,2,0,-1,1,-1,3,0,-1,150,0,9223372036800000000,1e+75,0,10,0,0,7,0,0,1,0,0,1,1,0,0,0,0,0,0,2,0,1,-1,-1,-1,-1,0,10,-1,1,1,3,-1,-1,-1,0,0,1,0,0,10,0,0,0,25.59
1,0,0,0,-1,0,1,0,0,0,0,0,3,0,1,-1,0,-1,0,0,-1,3,0,-1,50,0,9223372036800000000,1e+75,0,10,0,0,7,0,0,1,0,0,1,1,0,0,0,0,0,0,2,0,1,-1,-1,-1,-1,0,10,-1,1,1,3,-1,-1,-1,0,0,1,0,0,10,0,0,0,30.69
1,0,0,0,-1,0,1,3,0,0,0,0,0,0,1,2,2,1,0,2,-1,3,0,-1,10,0,9223372036800000000,1e+75,0,10,0,3,7,0,0,1,0,0,1,1,0,0,0,0,1,-1,2,0,1,-1,0,-1,1,0,10,-1,1,1,3,-1,-1,-1,0,0,1,0,0,10,0,0,0,51.4
1,0,0,0,-1,0,1,5,0,0,0,0,1,0,1,1,1,2,0,2,-1,3,0,-1,100,0,9223372036800000000,1e+75,0,10,0,0,7,0,0,1,0,0,1,1,0,0,0,0,0,0,2,0,1,-1,-1,-1,-1,0,10,-1,1,1,3,-1,-1,-1,0,0,1,0,0,10,0,0,0,30.98
1,0,0,0,-1,0,1,2,0,0,4,0,2,0,-1,2,1,2,0,2,-1,10,0,-1,25,0,9223372036800000000,1e+75,0,10,0,0,7,0,0,1,0,0,1,1,0,0,0,0,0,-1,2,0,1,-1,0,-1,-1,0,10,-1,1,1,3,-1,-1,-1,0,0,1,0,0,10,0,0,0,10.55
1,0,0,0,-1,0,1,1,0,0,0,0,3,0,-1,0,2,2,-1,0,0,3,0,-1,50,0,9223372036800000000,1e+75,0,10,0,0,7,0,0,1,0,0,1,1,0,0,0,0,0,2,2,0,1,-1,-1,-1,-1,0,10,-1,1,1,3,-1,-1,-1,0,0,1,0,0,10,0,0,0,81.34
1,0,0,0,-1,0,1,1,0,0,0,0,2,0,0,1,-1,0,1,0,2,3,0,-1,10,0,9223372036800000000,1e+75,0,10,0,0,7,0,0,1,0,0,1,1,0,0,0,0,0,0,2,0,1,-1,-1,-1,-1,0,10,-1,1,1,3,-1,-1,-1,0,0,1,0,0,10,0,0,0,18.34
1,0,0,0,-1,0,1,1,0,0,0,0,3,0,-1,0,2,2,-1,0,0,3,0,-1,50,0,9223372036800000000,1e+75,0,10,0,0,7,0,0,1,0,0,1,1,0,0,40,0,0,0,2,0,1,-1,-1,-1,-1,0,10,-1,1,1,3,-1,-1,-1,0,0,1,0,0,10,0,0,0,21.84
1,0,0,0,-1,0,1,0,0,0,0,0,0,0,1,-1,-1,-1,1,1,-1,2,0,-1,50,0,9223372036800000000,1e+75,0,10,0,0,7,0,0,1,0,0,1,1,0,0,0,0,0,1,2,0,1,-1,1,-1,-1,0,10,-1,1,1,3,-1,-1,-1,0,0,1,0,0,10,0,0,0,37.23
1,0,0,0,-1,0,1,1,0,0,0,0,-1,0,0,1,-1,0,1,0,1,3,0,-1,10,0,9223372036800000000,1e+75,0,10,0,0,7,0,0,1,0,0,1,1,0,0,0,0,0,0,2,0,1,-1,-1,-1,-1,0,10,-1,1,1,3,-1,-1,-1,0,0,1,0,0,10,0,0,0,19.86
1,0,0,0,-1,0,1,1,0,0,0,0,3,0,-1,0,2,2,-1,0,0,3,0,-1,50,0,9223372036800000000,30,0,10,0,0,7,0,0,1,0,0,1,1,0,0,0,0,0,0,2,0,1,-1,-1,-1,-1,0,10,-1,1,1,3,-1,-1,-1,0,0,1,0,0,10,0,0,0,14.43
1,0,0,0,-1,0,1,2,0,0,0,0,2,0,-1,2,1,2,0,2,-1,2,0,-1,25,0,9223372036800000000,1e+75,0,10,0,0,7,0,0,1,0,0,1,1,0,0,0,0,0,-1,2,0,1,-1,0,-1,-1,0,10,-1,1,1,3,-1,-1,-1,0,0,1,0,0,10,0,0,0,86.32
1,0,0,0,-1,0,1,1,0,0,0,0,3,1,-1,0,2,2,-1,0,0,3,0,-1,50,0,9223372036800000000,1e+75,0,10,0,0,7,0,0,1,0,0,1,1,0,0,0,0,0,0,2,0,1,-1,-1,-1,-1,0,10,-1,1,1,3,-1,-1,-1,0,0,1,0,0,10,0,0,0,20.92
1,0,0,0,-1,0,1,0,0,0,0,0,2,0,1,1,0,2,-1,1,2,2,0,-1,200,0,9223372036800000000,1e+75,0,10,0,0,7,0,0,1,0,0,1,1,0,0,0,0,1,3,2,0,1,-1,-1,-1,-1,0,10,-1,1,1,3,-1,-1,-1,0,0,1,0,0,10,0,0,0,44.3
1,0,0,0,-1,0,1,1,0,0,0,0,3,0,-1,0,2,2,-1,0,0,3,0,16,50,0,9223372036800000000,1e+75,0,10,0,0,7,0,0,1,0,0,1,1,0,0,0,0,0,0,2,0,1,-1,-1,-1,-1,0,10,-1,1,1,3,-1,-1,-1,0,0,1,0,0,10,0,0,0,14.43
1,0,0,0,-1,0,1,1,0,0,0,0,2,0,0,1,2,0,1,-1,1,3,0,-1,100,0,9223372036800000000,1e+75,0,10,0,0,7,0,0,1,0,0,1,1,0,0,0,0,0,0,2,0,1,-1,-1,-1,-1,0,10,-1,1,1,3,-1,-1,-1,0,0,1,0,0,10,0,0,0,23.52
1,0,0,0,-1,0,1,0,0,0,0,0,0,0,1,-1,-1,2,1,1,2,10,0,-1,100,0,9223372036800000000,1e+75,0,10,0,0,7,0,0,1,0,0,1,1,0,0,0,0,0,1,2,0,1,-1,1,-1,-1,0,10,-1,1,1,3,-1,-1,-1,0,0,1,0,0,10,0,0,0,27.01
1,0,0,0,-1,0,1,1,0,0,0,0,0,0,0,0,-1,0,-1,1,-1,3,0,-1,150,0,9223372036800000000,1e+75,0,10,0,0,7,0,0,1,0,0,1,1,0,0,0,0,0,0,2,0,1,-1,-1,-1,-1,0,10,-1,1,1,3,-1,-1,-1,0,0,1,0,0,10,0,0,0,23.59
1,0,0,0,-1,0,1,5,0,0,0,0,3,0,-1,-1,0,-1,0,0,-1,3,0,-1,50,0,9223372036800000000,1e+75,0,10,0,0,7,0,0,1,0,0,1,1,0,0,0,0,0,0,2,0,1,-1,-1,-1,-1,0,10,-1,1,1,3,-1,-1,-1,0,0,1,0,0,10,0,0,0,16.73
1,0,0,0,-1,0,1,0,0,0,0,0,0,0,1,2,0,-1,1,0,-1,10,0,-1,150,0,9223372036800000000,1e+75,0,10,0,0,7,0,0,1,0,0,1,1,0,0,0,0,1,2,2,0,1,-1,0,-1,-1,0,10,-1,1,1,3,-1,-1,-1,0,0,1,0,0,10,0,0,0,32.44
1,0,0,0,-1,0,1,1,0,0,0,0,2,0,0,1,2,0,1,0,2,3,0,-1,50,0,9223372036800000000,1e+75,0,10,0,0,7,0,0,1,0,0,1,1,0,0,0,0,0,0,2,0,1,-1,-1,-1,-1,0,10,-1,1,1,3,-1,-1,-1,0,0,1,0,0,10,0,0,0,19.96
1,0,0,0,-1,0,1,5,0,0,0,0,0,0,1,0,2,0,-1,1,-1,3,0,-1,150,0,9223372036800000000,1e+75,0,10,0,0,7,0,0,1,0,0,1,1,0,0,0,0,0,0,2,0,1,-1,-1,-1,-1,0,10,-1,1,1,3,-1,-1,-1,0,0,1,0,0,10,0,0,0,24.95
1,0,0,0,-1,0,1,3,0,0,0,0,0,0,0,1,-1,2,1,-1,2,3,0,-1,100,0,9223372036800000000,1e+75,0,10,0,0,7,0,0,1,0,0,1,1,0,0,0,0,0,0,2,0,1,-1,-1,-1,-1,0,10,-1,1,1,3,-1,-1,-1,0,0,1,0,0,10,0,0,0,39.56
1,0,0,0,-1,0,1,5,0,0,0,0,0,0,1,0,2,0,-1,1,-1,3,0,-1,100,0,9223372036800000000,1e+75,0,10,0,0,7,0,0,1,0,0,1,1,0,0,0,0,0,0,2,0,1,-1,-1,-1,-1,0,10,-1,1,1,3,-1,-1,-1,0,0,1,0,0,10,0,0,0,18.62
1,0,0,0,-1,0,1,2,0,0,1,0,2,0,-1,1,-1,0,1,-1,-1,10,0,-1,200,0,9223372036800000000,1e+75,0,10,0,0,7,0,0,1,0,0,1,1,0,0,0,0,0,0,2,0,1,-1,0,-1,-1,0,10,-1,1,1,3,-1,-1,-1,0,0,1,0,0,10,0,0,0,13.15
1,0,0,0,-1,0,1,5,0,0,0,0,0,0,1,0,-1,0,-1,1,-1,3,0,-1,100,0,9223372036800000000,1e+75,0,10,0,0,7,0,0,1,0,0,1,1,0,0,0,0,0,0,2,0,1,-1,-1,-1,-1,0,10,-1,1,1,3,-1,-1,-1,0,0,1,0,0,10,0,0,0,18.62
1,0,0,0,-1,0,1,3,0,0,0,0,3,0,1,2,1,2,-1,2,2,3,0,-1,150,0,9223372036800000000,1e+75,0,10,0,0,7,0,0,1,0,0,1,1,0,0,0,0,0,0,2,0,1,-1,-1,-1,-1,0,10,-1,1,1,3,-1,-1,-1,0,0,1,0,0,10,0,0,0,31.46
1,0,0,0,-1,0,1,0,0,0,2,0,2,0,-1,-1,2,2,2,-1,1,2,0,-1,10,0,9223372036800000000,1e+75,0,10,0,3,7,0,0,1,0,0,1,1,0,0,0,0,3,-1,2,0,1,-1,1,-1,3,0,10,-1,1,1,3,-1,-1,-1,0,0,1,0,0,10,0,0,0,90.43
1,0,0,0,-1,0,1,0,0,0,4,0,-1,0,-1,0,0,1,1,0,1,1,0,-1,50,0,9223372036800000000,1e+75,0,10,0,1,7,0,0,1,0,0,1,1,0,0,0,0,2,-1,2,0,1,-1,-1,-1,3,0,10,-1,1,1,3,-1,-1,-1,0,0,1,0,0,10,0,0,0,87.94
1,0,0,0,-1,0,1,1,0,0,0,0,3,0,-1,0,2,2,-1,0,0,3,0,-1,50,0,9223372036800000000,1,0,10,0,0,7,0,0,1,0,0,1,1,0,0,0,0,0,0,2,0,1,-1,-1,-1,-1,0,10,-1,1,1,3,-1,-1,-1,0,0,1,0,0,10,0,0,0,14.43
1,0,0,0,-1,0,1,0,0,0,0,0,-1,0,1,1,-1,2,-1,1,2,1,0,-1,200,0,9223372036800000000,1e+75,0,10,0,0,7,0,0,1,0,0,1,1,0,0,0,0,1,-1,2,0,1,-1,-1,-1,-1,0,10,-1,1,1,3,-1,-1,-1,0,0,1,0,0,10,0,0,0,88.04
1,0,0,0,-1,0,1,1,0,0,0,0,2,0,0,-1,-1,-1,2,2,1,3,0,-1,800,0,9223372036800000000,1e+75,0,10,0,0,7,0,0,1,0,0,1,1,0,0,0,0,0,4,2,0,1,-1,-1,-1,-1,0,10,-1,1,1,3,-1,-1,-1,0,0,1,0,0,10,0,0,0,22.86
1,0,0,0,-1,0,1,2,0,0,0,0,3,0,1,2,1,-1,-1,2,2,3,0,-1,150,0,9223372036800000000,1e+75,0,10,0,0,7,0,0,1,0,0,1,1,0,0,0,0,0,0,2,0,1,-1,-1,-1,-1,0,10,-1,1,1,3,-1,-1,-1,0,0,1,0,0,10,0,0,0,31.38
1,0,0,0,-1,0,1,0,0,0,0,0,2,0,1,1,0,2,1,1,2,2,0,-1,200,0,9223372036800000000,1e+75,0,10,0,0,7,0,0,1,0,0,1,1,0,0,0,0,1,-1,2,0,1,-1,-1,-1,-1,0,10,-1,1,1,3,-1,-1,-1,0,0,1,0,0,10,0,0,0,85.81
1,0,0,0,-1,0,1,0,0,0,4,0,0,0,-1,0,0,1,1,0,1,2,0,-1,50,0,9223372036800000000,1e+75,0,10,0,2,7,0,0,1,0,0,1,1,0,0,0,0,2,-1,2,0,1,-1,-1,-1,3,0,10,-1,1,1,3,-1,-1,-1,0,0,1,0,0,10,0,0,0,85.49
1,0,0,0,-1,0,1,0,0,0,0,0,0,0,-1,-1,2,-1,-1,1,-1,2,0,-1,100,0,9223372036800000000,1e+75,0,10,0,1,7,0,0,1,0,0,1,1,0,0,0,0,1,0,2,0,1,-1,-1,-1,1,0,10,-1,1,1,3,-1,-1,-1,0,0,1,0,0,10,0,0,0,37.88
1,0,0,0,-1,0,1,0,0,0,0,0,-1,0,1,1,-1,2,-1,1,2,1,0,-1,10,0,9223372036800000000,1e+75,0,10,0,0,7,0,0,1,0,0,1,1,0,0,0,0,1,4,2,0,1,-1,-1,-1,-1,0,10,-1,1,1,3,-1,-1,-1,0,0,1,0,0,10,0,0,0,51.43
1,0,0,0,-1,0,1,3,0,0,0,0,3,0,0,2,1,-1,-1,2,2,3,0,-1,150,0,9223372036800000000,1e+75,0,10,0,0,7,0,0,1,0,0,1,1,0,0,0,0,0,0,2,0,1,-1,-1,-1,-1,0,10,-1,1,1,3,-1,-1,-1,0,0,1,0,0,10,0,0,0,21.99
1,0,0,0,-1,0,1,3,0,0,0,0,3,0,1,2,1,-1,2,1,2,3,0,-1,150,0,9223372036800000000,1e+75,0,10,0,0,7,0,0,1,0,0,1,1,0,0,0,0,0,0,2,0,1,-1,-1,-1,-1,0,10,-1,1,1,3,-1,-1,-1,0,0,1,0,0,10,0,0,0,28.85
1,0,0,0,-1,0,1,2,0,0,0,0,2,0,1,0,-1,2,2,2,2,3,0,-1,25,0,9223372036800000000,1e+75,0,10,0,0,7,0,0,1,0,0,1,1,0,0,0,0,0,0,2,0,1,-1,-1,-1,-1,0,10,-1,1,1,3,-1,-1,-1,0,0,1,0,0,10,0,0,0,30.53
1,0,0,0,-1,0,2,1,0,0,0,0,3,0,-1,0,2,2,-1,0,0,3,0,-1,50,0,9223372036800000000,1e+75,0,10,0,0,7,0,0,1,0,0,1,1,0,0,0,0,0,0,2,0,1,-1,-1,-1,-1,0,10,-1,1,1,3,-1,-1,-1,0,0,1,0,0,10,0,0,0,14.43
1,0,0,0,-1,0,1,3,0,0,0,0,2,0,1,2,1,-1,2,2,2,3,0,-1,150,0,9223372036800000000,1e+75,0,10,0,0,7,0,0,1,0,0,1,1,0,0,0,0,0,0,2,0,1,-1,-1,-1,-1,0,10,-1,1,1,3,-1,-1,-1,0,0,1,0,0,10,0,0,0,28.85
1,0,0,0,-1,0,1,5,0,0,0,0,2,0,1,0,2,-1,-1,1,-1,3,0,-1,100,0,9223372036800000000,1e+75,0,10,0,0,7,0,0,1,0,0,1,1,0,0,0,0,0,0,2,0,1,-1,-1,-1,-1,0,10,-1,1,1,3,-1,-1,-1,0,0,1,0,0,10,0,0,0,19.43
1,0,0,0,-1,0,1,1,0,0,0,0,-1,0,1,2,-1,-1,1,0,-1,3,0,-1,10,0,9223372036800000000,1e+75,0,10,0,0,7,0,0,1,0,0,1,1,0,0,0,0,0,0,2,0,1,-1,-1,-1,-1,0,10,-1,1,1,3,-1,-1,-1,0,0,1,0,0,10,0,0,0,21.16
1,0,0,0,-1,0,1,0,0,0,0,0,0,0,1,2,2,0,0,2,-1,3,0,-1,10,0,9223372036800000000,1e+75,0,10,0,0,7,0,0,1,0,0,1,1,0,0,0,0,0,-1,2,0,1,-1,1,-1,1,0,10,-1,1,1,3,-1,-1,-1,0,0,1,0,0,10,0,0,0,83.62
1,0,0,0,-1,0,1,3,0,0,0,0,3,0,1,2,1,-1,2,2,2,3,0,-1,150,0,9223372036800000000,1e+75,0,10,0,0,7,0,0,1,0,0,1,1,0,0,0,0,0,0,2,0,1,-1,-1,-1,-1,0,10,-1,1,1,3,-1,-1,-1,0,0,1,0,0,10,0,0,0,28.85
1,0,0,0,-1,0,1,1,0,0,0,0,0,0,0,1,2,0,1,0,2,3,0,-1,100,0,9223372036800000000,1e+75,0,10,0,0,7,0,0,1,0,0,1,1,0,0,0,0,0,0,2,0,1,-1,-1,-1,-1,0,10,-1,1,1,3,-1,-1,-1,0,0,1,0,0,10,0,0,0,20.95
1,0,0,0,-1,0,1,1,0,0,0,0,3,0,0,1,2,-1,1,0,2,3,0,-1,100,0,9223372036800000000,1e+75,0,10,0,0,7,0,0,1,0,0,1,1,0,0,0,0,0,0,2,0,1,-1,-1,-1,-1,0,10,-1,1,1,3,-1,-1,-1,0,0,1,0,0,10,0,0,0,21.37
1,0,0,0,-1,0,1,0,0,0,0,0,0,0,1,2,0,2,-1,0,-1,10,0,-1,25,0,9223372036800000000,1e+75,0,10,0,0,7,0,0,1,0,0,1,1,0,0,0,0,0,2,2,0,1,-1,0,-1,-1,0,10,-1,1,1,3,-1,-1,-1,0,0,1,0,0,10,0,0,0,13.88
1,0,0,0,-1,0,1,2,0,0,0,0,0,0,1,0,-1,1,0,1,-1,3,0,-1,150,0,9223372036800000000,1e+75,0,10,0,0,7,0,0,1,0,0,1,1,0,0,0,0,0,0,2,0,1,-1,-1,-1,-1,0,10,-1,1,1,3,-1,-1,-1,0,0,1,0,0,10,0,0,0,32.49
1,0,0,0,-1,0,1,1,0,0,0,0,3,0,-1,0,0,2,-1,0,0,3,0,-1,50,0,9223372036800000000,1e+75,0,10,0,0,7,0,0,1,0,0,1,1,0,0,0,0,0,0,2,0,1,-1,-1,-1,-1,0,10,-1,1,1,3,-1,-1,-1,0,0,1,0,0,10,0,0,0,14.43
1,0,0,0,-1,0,1,0,0,0,0,0,0,0,0,0,0,0,-1,2,0,3,0,-1,200,0,9223372036800000000,1e+75,0,10,0,0,7,0,0,1,0,0,1,1,0,0,0,0,0,0,2,0,1,-1,-1,-1,-1,0,10,-1,1,1,3,-1,-1,-1,0,0,1,0,0,10,0,0,0,30.5
1,0,0,0,-1,0,1,0,0,0,0,0,0,0,-1,0,0,0,-1,2,0,3,0,-1,50,0,9223372036800000000,1e+75,0,10,0,0,7,0,0,1,0,0,1,1,0,0,0,0,0,0,2,0,1,-1,-1,-1,-1,0,10,-1,1,1,3,-1,-1,-1,0,0,1,0,0,10,0,0,0,25.06
1,0,0,0,-1,0,1,0,0,0,0,0,0,0,0,0,0,0,-1,0,0,3,0,-1,150,0,9223372036800000000,1e+75,0,10,0,0,7,0,0,1,0,0,1,1,0,0,0,0,0,0,2,0,1,-1,-1,-1,-1,0,10,-1,1,1,3,-1,-1,-1,0,0,1,0,0,10,0,0,0,32.07
1,0,0,0,-1,0,1,1,0,0,0,0,0,0,1,1,-1,1,0,1,-1,3,0,-1,150,0,9223372036800000000,1e+75,0,10,0,0,7,0,0,1,0,0,1,1,0,0,0,0,0,0,2,0,1,-1,-1,-1,-1,0,10,-1,1,1,3,-1,-1,-1,0,0,1,0,0,10,0,0,0,22.03
1,0,0,0,-1,0,1,1,0,0,0,0,0,0,1,0,-1,1,0,2,-1,3,0,-1,150,0,9223372036800000000,1e+75,0,10,0,0,7,0,0,1,0,0,1,1,0,0,0,0,0,0,2,0,1,-1,-1,-1,-1,0,10,-1,1,1,3,-1,-1,-1,0,0,1,0,0,10,0,0,0,23.51
1,0,0,0,-1,0,1,1,0,0,0,0,2,0,0,1,-1,-1,1,0,2,3,0,-1,100,0,9223372036800000000,1e+75,0,10,0,0,7,0,0,1,0,0,1,1,0,0,0,0,0,0,2,0,1,-1,-1,-1,-1,0,10,-1,1,1,3,-1,-1,-1,0,0,1,0,0,10,0,0,0,21.37
1,0,0,0,-1,0,1,1,0,0,0,0,0,0,1,0,-1,1,0,1,-1,3,0,-1,200,0,9223372036800000000,1e+75,0,10,0,0,7,0,0,1,0,0,1,1,0,0,0,0,0,0,2,0,1,-1,-1,-1,-1,0,10,-1,1,1,3,-1,-1,-1,0,0,1,0,0,10,0,0,0,26.42
1,0,0,0,-1,0,1,0,0,0,2,0,2,0,-1,-1,2,1,2,-1,1,2,0,-1,10,0,9223372036800000000,1e+75,0,10,0,2,7,0,0,1,0,0,1,1,0,0,0,0,3,-1,2,0,1,-1,1,-1,3,0,10,-1,1,1,3,-1,-1,-1,0,0,1,0,0,10,0,0,0,93.66
1,0,0,0,-1,0,1,2,0,0,1,0,-1,0,-1,1,-1,0,1,2,-1,10,0,-1,200,0,9223372036800000000,1e+75,0,10,0,0,7,0,0,1,0,0,1,1,0,0,0,0,0,0,2,0,1,-1,0,-1,-1,0,10,-1,1,1,3,-1,-1,-1,0,0,1,0,0,10,0,0,0,11.91
1,0,0,0,-1,0,1,2,0,0,0,0,-1,0,1,0,-1,-1,1,2,-1,3,0,-1,10,0,9223372036800000000,1e+75,0,10,0,0,7,0,0,1,0,0,1,1,0,0,0,0,0,0,2,0,1,-1,-1,-1,-1,0,10,-1,1,1,3,-1,-1,-1,0,0,1,0,0,10,0,0,0,27.47
1,0,0,0,-1,0,1,0,0,0,0,0,-1,0,-1,-1,1,1,2,1,-1,3,0,-1,800,0,9223372036800000000,1e+75,0,10,0,0,7,0,0,1,0,0,1,1,0,0,0,0,0,0,2,0,1,-1,-1,-1,-1,0,10,-1,1,1,3,-1,-1,-1,0,0,1,0,0,10,0,0,0,33.43
1,0,0,0,-1,0,1,1,0,0,0,0,0,0,1,2,-1,1,0,1,-1,3,0,-1,150,0,9223372036800000000,1e+75,0,10,0,0,7,0,0,1,0,0,1,1,0,0,0,0,0,0,2,0,1,-1,-1,-1,-1,0,10,-1,1,1,3,-1,-1,-1,0,0,1,0,0,10,0,0,0,22.28
1,0,0,0,-1,0,1,1,0,0,1,0,2,0,-1,-1,2,2,2,1,2,0,0,-1,150,0,9223372036800000000,1e+75,0,10,0,2,7,0,0,1,0,0,1,1,0,0,0,0,2,2,2,0,1,-1,1,-1,0,0,10,-1,1,1,3,-1,-1,-1,0,0,1,0,0,10,0,0,0,48.47
1,0,0,0,-1,0,1,5,0,0,0,0,0,0,1,0,2,0,-1,1,-1,3,0,-1,25,0,9223372036800000000,1e+75,0,10,0,0,7,0,0,1,0,0,1,1,0,0,0,0,0,0,2,0,1,-1,-1,-1,-1,0,10,-1,1,1,3,-1,-1,-1,0,0,1,0,0,10,0,0,0,19.92
1,0,0,0,-1,0,1,5,0,0,0,0,0,0,1,-1,1,0,1,1,2,3,0,-1,10,0,9223372036800000000,1e+75,0,10,0,0,7,0,0,1,0,0,1,1,0,0,0,0,0,0,2,0,1,-1,-1,-1,-1,0,10,-1,1,1,3,-1,-1,-1,0,0,1,0,0,10,0,0,0,23.14
1,0,0,0,-1,0,1,2,0,0,0,0,0,0,1,2,-1,1,0,1,-1,3,0,-1,400,0,9223372036800000000,1e+75,0,10,0,0,7,0,0,1,0,0,1,1,0,0,0,0,0,0,2,0,1,-1,-1,-1,-1,0,10,-1,1,1,3,-1,-1,-1,0,0,1,0,0,10,0,0,0,30.68
1,0,0,0,-1,0,1,1,0,0,0,0,3,0,-1,0,2,2,-1,0,0,3,0,-1,50,0,9223372036800000000,1e+75,0,10,0,0,7,0,0,1,0,0,3,1,0,0,0,0,0,0,2,0,1,-1,-1,-1,-1,0,10,-1,1,1,3,-1,-1,-1,0,0,1,0,0,10,0,0,0,18.57
1,0,0,0,-1,0,1,1,0,0,0,0,3,0,-1,0,2,2,-1,0,0,3,0,-1,50,0,9223372036800000000,1e+75,0,10,0,0,7,0,0,1,0,0,1,1,0,0,0,0,0,0,2,0,1,-1,-1,-1,-1,0,10,-1,1,1,3,-1,-1,0,0,0,1,0,0,10,0,0,0,14.43
1,0,0,0,-1,0,1,0,0,0,0,0,0,0,0,0,0,2,-1,2,0,3,0,-1,25,0,9223372036800000000,1e+75,0,10,0,0,7,0,0,1,0,0,1,1,0,0,0,0,0,0,2,0,1,-1,-1,-1,-1,0,10,-1,1,1,3,-1,-1,-1,0,0,1,0,0,10,0,0,0,18.98
1,0,0,0,-1,0,1,2,0,0,0,0,2,0,-1,2,1,2,0,2,-1,10,0,-1,25,0,9223372036800000000,1e+75,0,10,0,3,7,0,0,1,0,0,1,1,0,0,0,0,0,-1,2,0,1,-1,0,-1,-1,0,10,-1,1,1,3,-1,-1,-1,0,0,1,0,0,10,0,0,0,10.28
1,0,0,0,-1,0,1,1,0,0,0,0,0,0,0,0,-1,0,-1,2,-1,3,0,-1,400,0,9223372036800000000,1e+75,0,10,0,0,7,0,0,1,0,0,1,1,0,0,0,0,0,0,2,0,1,-1,-1,-1,-1,0,10,-1,1,1,3,-1,-1,-1,0,0,1,0,0,10,0,0,0,23.96
1,0,0,0,-1,0,1,4,0,0,0,0,0,0,-1,0,0,2,-1,1,2,3,0,-1,100,0,9223372036800000000,1e+75,0,10,0,0,7,0,0,1,0,0,1,1,0,0,0,0,1,0,2,0,1,-1,-1,-1,-1,0,10,-1,1,1,3,-1,-1,-1,0,0,1,0,0,10,0,0,0,33.26
1,0,0,0,-1,0,1,1,0,0,0,0,0,0,0,0,-1,0,1,1,-1,3,0,-1,200,0,9223372036800000000,1e+75,0,10,0,0,7,0,0,1,0,0,1,1,0,0,0,0,0,0,2,0,1,-1,-1,-1,-1,0,10,-1,1,1,3,-1,-1,-1,0,0,1,0,0,10,0,0,0,24.89
1,0,0,0,-1,0,1,1,0,0,0,0,0,0,-1,-1,-1,1,1,1,2,0,0,-1,50,0,9223372036800000000,1e+75,0,10,0,0,7,0,0,1,0,0,1,1,0,0,0,0,0,1,2,0,1,-1,-1,-1,-1,0,10,-1,1,1,3,-1,-1,-1,0,0,1,0,0,10,0,0,0,59.4
1,0,0,0,-1,0,1,1,0,0,0,0,-1,0,1,0,0,-1,1,2,-1,3,0,-1,800,0,9223372036800000000,1e+75,0,10,0,0,7,0,0,1,0,0,1,1,0,0,0,0,0,4,2,0,1,-1,-1,-1,-1,0,10,-1,1,1,3,-1,-1,-1,0,0,1,0,0,10,0,0,0,22.48
1,0,0,0,-1,0,1,1,0,0,0,0,0,0,0,0,-1,0,-1,1,-1,3,0,-1,100,0,9223372036800000000,1e+75,0,10,0,0,7,0,0,1,0,0,1,1,0,0,0,0,0,0,2,0,1,-1,-1,-1,-1,0,10,-1,1,1,3,-1,-1,-1,0,0,1,0,0,10,0,0,0,25.97
1,0,0,0,-1,0,1,1,0,0,0,0,2,0,0,1,0,-1,1,0,2,3,0,-1,100,0,9223372036800000000,1e+75,0,10,0,0,7,0,0,1,0,0,1,1,0,0,0,0,0,0,2,0,1,-1,-1,-1,-1,0,10,-1,1,1,3,-1,-1,-1,0,0,1,0,0,10,0,0,0,21.37
1,0,0,0,-1,0,1,1,0,0,0,0,1,0,0,0,-1,0,-1,1,-1,3,0,-1,200,0,9223372036800000000,1e+75,0,10,0,0,7,0,0,1,0,0,1,1,0,0,0,0,0,0,2,0,1,-1,-1,-1,-1,0,10,-1,1,1,3,-1,-1,-1,0,0,1,0,0,10,0,0,0,22.65
1,0,0,0,-1,0,1,3,0,0,0,0,0,0,1,2,2,0,0,2,-1,3,0,-1,10,0,9223372036800000000,1e+75,0,10,0,0,7,0,0,1,0,0,1,1,0,0,0,0,0,-1,2,0,1,-1,1,-1,3,0,10,-1,1,1,3,-1,-1,-1,0,0,1,0,0,10,0,0,0,27.82
1,0,0,0,-1,0,1,5,0,0,0,0,0,0,1,0,2,-1,-1,1,0,3,0,-1,100,0,9223372036800000000,1e+75,0,10,0,0,7,0,0,1,0,0,1,1,0,0,0,0,0,0,2,0,1,-1,-1,-1,-1,0,10,-1,1,1,3,-1,-1,-1,0,0,1,0,0,10,0,0,0,24.12
1,0,0,0,-1,0,1,0,0,0,4,0,-1,0,-1,0,2,1,-1,1,2,2,0,-1,10,0,9223372036800000000,1e+75,0,10,0,3,7,0,0,1,0,0,1,1,0,0,0,0,0,4,2,0,1,-1,-1,-1,0,0,10,-1,1,1,3,-1,-1,-1,0,0,1,0,0,10,0,0,0,36.11
1,0,0,0,-1,0,1,1,0,0,0,0,0,0,0,0,-1,0,0,1,-1,3,0,-1,200,0,9223372036800000000,1e+75,0,10,0,0,7,0,0,1,0,0,1,1,0,0,0,0,0,0,2,0,1,-1,-1,-1,-1,0,10,-1,1,1,3,-1,-1,-1,0,0,1,0,0,10,0,0,0,29.5
1,0,0,0,-1,0,1,2,0,0,1,0,2,0,-1,1,-1,0,1,2,-1,1,0,-1,200,0,9223372036800000000,1e+75,0,10,0,0,7,0,0,1,0,0,1,1,0,0,0,0,0,0,2,0,1,-1,0,-1,-1,0,10,-1,1,1,3,-1,-1,-1,0,0,1,0,0,10,0,0,0,48.8
1,0,0,0,-1,0,1,1,0,0,0,0,0,0,0,0,-1,0,2,1,-1,3,0,-1,200,0,9223372036800000000,1e+75,0,10,0,0,7,0,0,1,0,0,1,1,0,0,0,0,0,0,2,0,1,-1,-1,-1,-1,0,10,-1,1,1,3,-1,-1,-1,0,0,1,0,0,10,0,0,0,29.5
1,0,0,0,-1,0,1,2,0,0,1,0,2,0,-1,1,-1,0,1,2,-1,10,0,-1,200,0,9223372036800000000,1e+75,0,10,0,0,7,0,0,1,0,0,1,1,0,0,0,0,0,0,2,0,1,-1,0,-1,2,0,10,-1,1,1,3,-1,-1,-1,0,0,1,0,0,10,0,0,0,9.03
1,0,0,0,-1,0,1,5,0,0,0,0,2,0,1,-1,1,0,1,1,2,3,0,-1,10,0,9223372036800000000,1e+75,0,10,0,0,7,0,0,1,0,0,1,1,0,0,0,0,0,0,2,0,1,-1,-1,-1,-1,0,10,-1,1,1,3,-1,-1,-1,0,0,1,0,0,10,0,0,0,23.14
1,0,0,0,-1,0,1,3,0,0,0,0,3,0,-1,0,2,2,-1,0,1,2,0,-1,400,0,9223372036800000000,1e+75,0,10,0,0,7,0,0,1,0,0,1,1,0,0,0,0,5,3,2,0,1,-1,-1,-1,-1,0,10,-1,1,1,3,-1,-1,-1,0,0,1,0,0,10,0,0,0,89.09
1,0,0,0,-1,0,1,1,0,0,0,0,0,0,0,0,-1,0,-1,1,-1,3,0,-1,200,0,9223372036800000000,1e+75,0,10,0,0,7,0,0,1,0,0,1,1,0,0,0,0,0,0,2,0,1,-1,-1,-1,-1,0,10,-1,1,1,3,-1,-1,-1,0,0,1,0,0,10,0,0,0,22.65
1,0,0,0,-1,0,1,0,0,0,0,0,3,0,-1,2,1,2,2,1,-1,2,0,-1,150,0,9223372036800000000,1e+75,0,10,0,1,7,0,0,1,0,0,1,1,0,0,0,0,0,3,2,0,1,-1,1,-1,3,0,10,-1,1,1,3,-1,-1,-1,0,0,1,0,0,10,0,0,0,40.12
1,0,0,0,-1,0,1,1,0,0,1,0,2,0,-1,-1,2,2,0,1,2,2,0,-1,150,0,9223372036800000000,1e+75,0,10,0,2,7,0,0,1,0,0,1,1,0,0,0,0,2,2,2,0,1,-1,1,-1,0,0,10,-1,1,1,3,-1,-1,-1,0,0,1,0,0,10,0,0,0,50.05
1,0,0,0,-1,0,1,3,0,0,0,0,-1,0,-1,2,-1,-1,-1,0,-1,3,0,-1,150,0,9223372036800000000,1e+75,0,10,0,0,7,0,0,1,0,0,1,1,0,0,0,0,4,1,2,0,1,-1,-1,-1,-1,0,10,-1,1,1,3,-1,-1,-1,0,0,1,0,0,10,0,0,0,37.05
1,0,0,0,-1,0,1,1,0,0,0,0,0,0,0,0,-1,-1,-1,1,-1,3,0,-1,100,0,9223372036800000000,1e+75,0,10,0,0,7,0,0,1,0,0,1,1,0,0,0,0,0,0,2,0,1,-1,-1,-1,-1,0,10,-1,1,1,3,-1,-1,-1,0,0,1,0,0,10,0,0,0,24.16
1,0,0,0,-1,0,1,1,0,0,0,0,2,0,1,0,-1,2,1,-1,1,3,0,-1,100,0,9223372036800000000,1e+75,0,10,0,0,7,0,0,1,0,0,1,1,0,0,0,0,0,0,2,0,1,-1,-1,-1,-1,0,10,-1,1,1,3,-1,-1,-1,0,0,1,0,0,10,0,0,0,23.76
1,0,0,0,-1,0,1,0,0,0,4,0,0,0,-1,0,0,2,1,0,1,2,0,-1,50,0,9223372036800000000,1e+75,0,10,0,1,7,0,0,1,0,0,1,1,0,0,0,0,2,-1,2,0,1,-1,-1,-1,3,0,10,-1,1,1,3,-1,-1,-1,0,0,1,0,0,10,0,0,0,85.43
1,0,0,0,-1,0,1,5,0,0,0,0,0,0,1,1,2,0,-1,1,-1,3,0,-1,100,0,9223372036800000000,1e+75,0,10,0,0,7,0,0,1,0,0,1,1,0,0,0,0,0,0,2,0,1,-1,-1,-1,-1,0,10,-1,1,1,3,-1,-1,-1,0,0,1,0,0,10,0,0,0,30.4
1,0,0,0,-1,0,1,1,0,0,0,0,0,0,0,0,-1,0,-1,2,-1,3,0,-1,200,0,9223372036800000000,1e+75,0,10,0,0,7,0,0,1,0,0,1,1,0,0,0,0,0,0,2,0,1,-1,-1,-1,-1,0,10,-1,1,1,3,-1,-1,-1,0,0,1,0,0,10,0,0,0,22.59
1,0,0,0,-1,0,1,3,0,0,0,0,-1,0,-1,0,-1,-1,-1,0,1,3,0,-1,150,0,9223372036800000000,1e+75,0,10,0,0,7,0,0,1,0,0,1,1,0,0,0,0,4,1,2,0,1,-1,-1,-1,-1,0,10,-1,1,1,3,-1,-1,-1,0,0,1,0,0,10,0,0,0,35.58
1,0,0,0,-1,0,1,1,0,0,0,0,2,0,0,1,-1,0,1,0,1,3,0,-1,10,0,9223372036800000000,1e+75,0,10,0,0,7,0,0,1,0,0,1,1,0,0,0,0,0,0,2,0,1,-1,-1,-1,-1,0,10,-1,1,1,3,-1,-1,-1,0,0,1,0,0,10,0,0,0,16.42
1,0,0,0,-1,0,1,5,0,0,0,0,3,0,1,2,1,1,1,1,1,3,0,-1,10,0,9223372036800000000,1e+75,0,10,0,0,7,0,0,1,0,0,1,1,0,0,0,0,0,0,2,0,1,-1,-1,-1,-1,0,10,-1,1,1,3,-1,-1,-1,0,0,1,0,0,10,0,0,0,30.51
1,0,0,0,-1,0,1,1,0,0,0,0,-1,0,1,0,-1,-1,1,2,-1,3,0,-1,10,0,9223372036800000000,1e+75,0,10,0,0,7,0,0,1,0,0,1,1,0,0,0,0,0,0,2,0,1,-1,-1,-1,-1,0,10,-1,1,1,3,-1,-1,-1,0,0,1,0,0,10,0,0,0,19
1,0,0,0,-1,0,1,3,0,0,0,0,0,0,1,2,2,0,0,2,-1,3,0,-1,10,0,9223372036800000000,1e+75,0,10,0,3,7,0,0,1,0,0,1,1,0,0,0,0,1,-1,2,0,1,-1,1,-1,2,0,10,-1,1,1,3,-1,-1,-1,0,0,1,0,0,10,0,0,0,45.83
1,0,0,0,-1,0,1,4,0,0,0,0,2,0,1,-1,1,1,1,1,2,3,0,-1,10,0,9223372036800000000,1e+75,0,10,0,0,7,0,0,1,0,0,1,1,0,0,0,0,0,0,2,0,1,-1,-1,-1,-1,0,10,-1,1,1,3,-1,-1,-1,0,0,1,0,0,10,0,0,0,30.11
1,0,0,0,-1,0,1,2,0,0,0,0,0,0,1,-1,2,-1,1,1,-1,2,0,-1,50,0,9223372036800000000,1e+75,0,10,0,3,7,0,0,1,0,0,1,1,0,0,0,0,0,4,2,0,1,-1,-1,-1,2,0,10,-1,1,1,3,-1,-1,-1,0,0,1,0,0,10,0,0,0,30.04
1,0,0,0,-1,0,1,0,0,0,0,0,0,0,0,0,0,2,-1,2,0,3,0,-1,25,0,9223372036800000000,1e+75,0,10,0,3,7,0,0,1,0,0,1,1,0,0,0,0,0,0,2,0,1,-1,-1,-1,-1,0,10,-1,1,1,3,-1,-1,-1,0,0,1,0,0,10,0,0,0,21.08
1,0,0,0,-1,0,1,5,0,0,0,0,3,0,1,-1,0,-1,0,1,-1,3,0,-1,50,0,9223372036800000000,1e+75,0,10,0,0,7,0,0,1,0,0,1,1,0,0,0,0,0,0,2,0,1,-1,-1,-1,-1,0,10,-1,1,1,3,-1,-1,-1,0,0,1,0,0,10,0,0,0,17.73
1,0,0,0,-1,0,1,1,0,0,0,0,3,0,-1,0,2,2,-1,0,0,3,0,-1,50,0,9223372036800000000,0,0,10,0,0,7,0,0,1,0,0,1,1,0,0,0,0,0,0,2,0,1,-1,-1,-1,-1,0,10,-1,1,1,3,-1,-1,-1,0,0,1,0,0,10,0,0,0,20.33
1,0,0,0,-1,0,1,1,0,0,0,0,3,0,-1,0,2,2,-1,0,0,3,0,-1,50,0,9223372036800000000,1e+75,0,10,0,0,7,0,0,1,20,0,1,1,0,0,0,0,0,0,2,0,1,-1,-1,-1,-1,0,10,-1,1,1,3,-1,-1,-1,0,0,1,0,0,10,0,0,0,16.91
1,0,0,0,-1,0,1,0,0,0,0,0,3,0,-1,2,1,2,1,1,-1,10,0,-1,150,0,9223372036800000000,1e+75,0,10,0,2,7,0,0,1,0,0,1,1,0,0,0,0,0,3,2,0,1,-1,1,-1,3,0,10,-1,1,1,3,-1,-1,-1,0,0,1,0,0,10,0,0,0,5.34
1,0,0,0,-1,0,1,5,0,0,0,0,3,0,1,-1,0,-1,1,0,-1,3,0,-1,50,0,9223372036800000000,1e+75,0,10,0,0,7,0,0,1,0,0,1,1,0,0,0,0,0,0,2,0,1,-1,-1,-1,-1,0,10,-1,1,1,3,-1,-1,-1,0,0,1,0,0,10,0,0,0,16.73
1,0,0,0,-1,0,1,4,0,0,0,0,3,0,0,-1,2,0,-1,1,-1,3,0,-1,100,0,9223372036800000000,1e+75,0,10,0,0,7,0,0,1,0,0,1,1,0,0,0,0,4,4,2,0,1,-1,0,-1,-1,0,10,-1,1,1,3,-1,-1,-1,0,0,1,0,0,10,0,0,0,51.78
1,0,0,0,-1,0,1,2,0,0,0,0,0,0,1,-1,2,-1,0,1,-1,2,0,-1,50,0,9223372036800000000,1e+75,0,10,0,3,7,0,0,1,0,0,1,1,0,0,0,0,0,-1,2,0,1,-1,-1,-1,2,0,10,-1,1,1,3,-1,-1,-1,0,0,1,0,0,10,0,0,0,84.29
1,0,0,0,-1,0,1,1,0,0,0,0,2,0,0,1,-1,0,1,0,-1,3,0,-1,10,0,9223372036800000000,1e+75,0,10,0,0,7,0,0,1,0,0,1,1,0,0,0,0,0,0,2,0,1,-1,-1,-1,-1,0,10,-1,1,1,3,-1,-1,-1,0,0,1,0,0,10,0,0,0,16.98
1,0,0,0,-1,0,1,1,0,0,0,0,3,0,-1,0,2,2,-1,0,0,3,0,-1,50,0,9223372036800000000,1e+75,0,10,0,0,10,0,0,1,0,0,1,1,0,0,0,0,0,0,2,0,1,-1,-1,-1,-1,0,10,-1,1,1,3,-1,-1,-1,0,0,1,0,0,10,0,0,0,14.43
1,0,0,0,-1,0,1,4,0,0,0,0,2,0,-1,0,1,2,1,1,1,3,0,-1,25,0,9223372036800000000,1e+75,0,10,0,0,7,0,0,1,0,0,1,1,0,0,0,0,2,3,2,0,1,-1,-1,-1,-1,0,10,-1,1,1,3,-1,-1,-1,0,0,1,0,0,10,0,0,0,29.86
1,0,0,0,-1,0,1,5,0,0,0,0,3,0,1,0,0,-1,0,0,-1,3,0,-1,50,0,9223372036800000000,1e+75,0,10,0,0,7,0,0,1,0,0,1,1,0,0,0,0,0,0,2,0,1,-1,-1,-1,-1,0,10,-1,1,1,3,-1,-1,-1,0,0,1,0,0,10,0,0,0,21.27
1,0,0,0,-1,0,1,5,0,0,0,0,3,0,1,-1,0,-1,2,0,-1,3,0,-1,50,0,9223372036800000000,1e+75,0,10,0,0,7,0,0,1,0,0,1,1,0,0,0,0,0,0,2,0,1,-1,-1,-1,-1,0,10,-1,1,1,3,-1,-1,-1,0,0,1,0,0,10,0,0,0,16.73
1,0,0,0,-1,0,1,2,0,0,0,0,-1,0,0,2,-1,1,2,1,0,3,0,-1,800,0,9223372036800000000,1e+75,0,10,0,0,7,0,0,1,0,0,1,1,0,0,0,0,0,4,2,0,1,-1,-1,-1,-1,0,10,-1,1,1,3,-1,-1,-1,0,0,1,0,0,10,0,0,0,31.58
1,0,0,0,-1,0,1,1,0,0,0,0,0,0,1,2,-1,1,0,1,-1,3,0,-1,100,0,9223372036800000000,1e+75,0,10,0,0,7,0,0,1,0,0,1,1,0,0,0,0,0,0,2,0,1,-1,-1,-1,-1,0,10,-1,1,1,3,-1,-1,-1,0,0,1,0,0,10,0,0,0,21.19
1,0,0,0,-1,0,1,4,0,0,0,0,3,0,1,2,1,-1,-1,2,2,3,0,-1,150,0,9223372036800000000,1e+75,0,10,0,0,7,0,0,1,0,0,1,1,0,0,0,0,0,0,2,0,1,-1,-1,-1,-1,0,10,-1,1,1,3,-1,-1,-1,0,0,1,0,0,10,0,0,0,30.24
1,0,0,0,-1,0,1,1,0,0,0,0,3,0,-1,0,2,2,-1,0,0,3,0,4,50,0,9223372036800000000,1e+75,0,10,0,0,7,0,0,1,0,0,1,1,0,0,0,0,0,0,2,0,1,-1,-1,-1,-1,0,10,-1,1,1,3,-1,-1,-1,0,0,1,0,0,10,0,0,0,14.43
1,0,0,0,-1,0,1,2,0,0,0,0,2,0,-1,2,1,2,0,2,-1,10,0,-1,25,0,9223372036800000000,1e+75,0,10,0,0,7,0,0,1,0,0,1,1,0,0,0,0,5,-1,2,0,1,-1,0,-1,-1,0,10,-1,1,1,3,-1,-1,-1,0,0,1,0,0,10,0,0,0,43.35
1,0,0,0,-1,0,1,2,0,0,0,0,3,0,1,-1,0,-1,-1,0,-1,3,0,-1,50,0,9223372036800000000,1e+75,0,10,0,0,7,0,0,1,0,0,1,1,0,0,0,0,0,0,2,0,1,-1,-1,-1,-1,0,10,-1,1,1,3,-1,-1,-1,0,0,1,0,0,10,0,0,0,20.79
1,0,0,0,-1,0,1,5,0,0,0,0,2,0,-1,1,1,0,1,0,0,3,0,-1,10,0,9223372036800000000,1e+75,0,10,0,0,7,0,0,1,0,0,1,1,0,0,0,0,0,-1,2,0,1,-1,-1,-1,-1,0,10,-1,1,1,3,-1,-1,-1,0,0,1,0,0,10,0,0,0,48.81
1,0,0,0,-1,0,1,5,0,0,0,0,2,0,-1,-1,1,1,2,1,-1,3,0,-1,800,0,9223372036800000000,1e+75,0,10,0,0,7,0,0,1,0,0,1,1,0,0,0,0,0,0,2,0,1,-1,-1,-1,-1,0,10,-1,1,1,3,-1,-1,-1,0,0,1,0,0,10,0,0,0,23.29
1,0,0,0,-1,0,1,4,0,0,0,0,-1,0,0,-1,2,-1,2,1,2,10,0,-1,100,0,9223372036800000000,1e+75,0,10,0,0,7,0,0,1,0,0,1,1,0,0,0,0,0,-1,2,0,1,-1,0,-1,-1,0,10,-1,1,1,3,-1,-1,-1,0,0,1,0,0,10,0,0,0,17.15
1,0,0,0,-1,0,1,1,0,0,0,0,3,2,-1,0,2,2,-1,0,0,3,0,-1,50,0,9223372036800000000,1e+75,0,10,0,0,7,0,0,1,0,0,1,1,0,0,0,0,0,0,2,0,1,-1,-1,-1,-1,0,10,-1,1,1,3,-1,-1,-1,0,0,1,0,0,10,0,0,0,14.43
1,0,0,0,-1,0,1,4,0,0,0,0,3,0,1,1,-1,2,-1,2,-1,3,0,-1,800,0,9223372036800000000,1e+75,0,10,0,0,7,0,0,1,0,0,1,1,0,0,0,0,0,2,2,0,1,-1,-1,-1,-1,0,10,-1,1,1,3,-1,-1,-1,0,0,1,0,0,10,0,0,0,51.72
1,0,0,0,-1,0,1,0,0,0,0,0,0,0,0,0,0,0,-1,2,0,3,0,-1,50,0,9223372036800000000,1e+75,0,10,0,0,7,0,0,1,0,0,1,1,0,0,0,0,0,0,2,0,1,-1,-1,-1,-1,0,10,-1,1,1,3,-1,-1,-1,0,0,1,0,0,10,0,0,0,25.06
1,0,0,0,-1,0,1,0,0,0,0,0,2,0,0,2,0,0,1,1,0,3,0,-1,150,0,9223372036800000000,1e+75,0,10,0,0,7,0,0,1,0,0,1,1,0,0,0,0,5,-1,2,0,1,-1,-1,-1,-1,0,10,-1,1,1,3,-1,-1,-1,0,0,1,0,0,10,0,0,0,87.59
1,0,0,0,-1,0,1,2,0,0,0,0,2,0,-1,-1,1,2,0,2,-1,10,0,-1,25,0,9223372036800000000,1e+75,0,10,0,0,7,0,0,1,0,0,1,1,0,0,0,0,0,-1,2,0,1,-1,0,-1,-1,0,10,-1,1,1,3,-1,-1,-1,0,0,1,0,0,10,0,0,0,15.73
1,0,0,0,-1,0,1,1,0,0,0,0,3,0,-1,0,2,2,-1,0,0,3,0,-1,50,0,9223372036800000000,1e+75,0,10,0,0,7,0,0,1,0,0,1,1,0,0,0,0,0,-1,2,0,1,-1,-1,-1,-1,0,10,-1,1,1,3,-1,-1,-1,0,0,1,0,0,10,0,0,0,25.89
1,0,0,0,-1,0,1,0,0,0,0,0,3,0,0,1,2,1,1,0,1,3,0,-1,100,0,9223372036800000000,1e+75,0,10,0,0,7,0,0,1,0,0,1,1,0,0,0,0,0,0,2,0,1,-1,-1,-1,-1,0,10,-1,1,1,3,-1,-1,-1,0,0,1,0,0,10,0,0,0,38.96
1,0,0,0,-1,0,1,3,0,0,0,0,3,0,-1,0,2,2,-1,0,0,3,0,-1,50,0,9223372036800000000,1e+75,0,10,0,0,7,0,0,1,0,0,1,1,0,0,0,0,0,0,2,0,1,-1,-1,-1,-1,0,10,-1,1,1,3,-1,-1,-1,0,0,1,0,0,10,0,0,0,17.09
1,0,0,0,-1,0,1,3,0,0,0,0,3,0,1,2,1,-1,0,2,2,3,0,-1,150,0,9223372036800000000,1e+75,0,10,0,0,7,0,0,1,0,0,1,1,0,0,0,0,0,0,2,0,1,-1,-1,-1,-1,0,10,-1,1,1,3,-1,-1,-1,0,0,1,0,0,10,0,0,0,28.85
1,0,0,0,-1,0,1,0,0,0,0,0,1,0,-1,-1,1,1,2,1,0,3,0,-1,800,0,9223372036800000000,1e+75,0,10,0,0,7,0,0,1,0,0,1,1,0,0,0,0,0,0,2,0,1,-1,-1,-1,-1,0,10,-1,1,1,3,-1,-1,-1,0,0,1,0,0,10,0,0,0,32.55
1,0,0,0,-1,0,1,1,0,0,0,0,0,0,0,0,-1,0,-1,2,-1,3,0,-1,150,0,9223372036800000000,1e+75,0,10,0,0,7,0,0,1,0,0,1,1,0,0,0,0,0,0,2,0,1,-1,-1,-1,-1,0,10,-1,1,1,3,-1,-1,-1,0,0,1,0,0,10,0,0,0,19.98
1,0,0,0,-1,0,1,1,0,0,0,0,3,0,-1,0,2,2,-1,0,0,3,0,-1,50,0,9223372036800000000,1e+75,0,10,0,0,7,0,0,1,0,0,1,1,3,0,0,0,0,0,2,0,1,-1,-1,-1,-1,0,10,-1,1,1,3,-1,-1,-1,0,0,1,0,0,10,0,0,0,20.16
1,0,0,0,-1,0,1,3,0,0,0,0,3,0,1,0,-1,0,1,2,-1,3,0,-1,150,0,9223372036800000000,1e+75,0,10,0,0,7,0,0,1,0,0,1,1,0,0,0,0,0,0,2,0,1,-1,-1,-1,-1,0,10,-1,1,1,3,-1,-1,-1,0,0,1,0,0,10,0,0,0,31.34
1,0,0,0,-1,0,1,4,0,0,0,0,-1,0,-1,-1,2,0,2,1,2,10,0,-1,10,0,9223372036800000000,1e+75,0,10,0,0,7,0,0,1,0,0,1,1,0,0,0,0,4,-1,2,0,1,-1,0,-1,-1,0,10,-1,1,1,3,-1,-1,-1,0,0,1,0,0,10,0,0,0,20.67
1,0,0,0,-1,0,1,3,0,0,0,0,-1,0,1,-1,2,2,0,1,-1,3,0,-1,25,0,9223372036800000000,1e+75,0,10,0,0,7,0,0,1,0,0,1,1,0,0,0,0,0,0,2,0,1,-1,-1,-1,-1,0,10,-1,1,1,3,-1,-1,-1,0,0,1,0,0,10,0,0,0,32.6
1,0,0,0,-1,0,1,5,0,0,0,0,3,0,1,0,1,1,-1,1,1,3,0,-1,10,0,9223372036800000000,1e+75,0,10,0,0,7,0,0,1,0,0,1,1,0,0,0,0,0,0,2,0,1,-1,-1,-1,-1,0,10,-1,1,1,3,-1,-1,-1,0,0,1,0,0,10,0,0,0,15.89
1,0,0,0,-1,0,1,0,0,0,4,0,-1,0,-1,0,2,1,0,1,2,2,0,-1,10,0,9223372036800000000,1e+75,0,10,0,3,7,0,0,1,0,0,1,1,0,0,0,0,0,4,2,0,1,-1,1,-1,0,0,10,-1,1,1,3,-1,-1,-1,0,0,1,0,0,10,0,0,0,36.8
1,0,0,0,-1,0,1,0,0,0,0,0,1,0,1,0,2,0,1,1,0,5,0,-1,200,0,9223372036800000000,1e+75,0,10,0,0,7,0,0,1,0,0,1,1,0,0,0,0,0,2,2,0,1,-1,-1,-1,-1,0,10,-1,1,1,3,-1,-1,-1,0,0,1,0,0,10,0,0,0,50.12
1,0,0,0,-1,0,1,1,0,0,0,0,3,0,-1,0,2,2,-1,0,0,3,0,-1,50,0,9223372036800000000,1e+75,0,10,0,0,7,0,0,1,0,0,1,1,1,0,0,0,0,0,2,0,1,-1,-1,-1,-1,0,10,-1,1,1,3,-1,-1,-1,0,0,1,0,0,10,0,0,0,19.2
1,0,0,0,-1,0,1,0,0,0,0,0,1,0,-1,-1,1,-1,2,1,-1,3,0,-1,800,0,9223372036800000000,1e+75,0,10,0,0,7,0,0,1,0,0,1,1,0,0,0,0,0,0,2,0,1,-1,-1,-1,-1,0,10,-1,1,1,3,-1,-1,-1,0,0,1,0,0,10,0,0,0,24.91
1,0,0,0,-1,0,1,0,0,0,0,0,3,0,0,2,0,0,1,1,0,3,0,-1,150,0,9223372036800000000,1e+75,0,10,0,0,7,0,0,1,0,0,1,1,0,0,0,0,5,-1,2,0,1,-1,-1,-1,-1,0,10,-1,1,1,3,-1,-1,-1,0,0,1,0,0,10,0,0,0,87.59
1,0,0,0,-1,0,1,1,0,0,0,0,3,0,-1,0,2,2,-1,0,0,3,0,-1,50,0,9223372036800000000,1e+75,0,10,0,0,15,0,0,1,0,0,1,1,0,0,0,0,0,0,2,0,1,-1,-1,-1,-1,0,10,-1,1,1,3,-1,-1,-1,0,0,1,0,0,10,0,0,0,14.43
1,0,0,0,-1,0,1,5,0,0,0,0,0,0,1,0,2,0,-1,1,1,3,0,-1,150,0,9223372036800000000,1e+75,0,10,0,0,7,0,0,1,0,0,1,1,0,0,0,0,0,0,2,0,1,-1,-1,-1,-1,0,10,-1,1,1,3,-1,-1,-1,0,0,1,0,0,10,0,0,0,29.56
1,0,0,0,-1,0,1,4,0,0,0,0,3,0,1,-1,1,1,-1,1,1,3,0,-1,10,0,9223372036800000000,1e+75,0,10,0,0,7,0,0,1,0,0,1,1,0,0,0,0,0,0,2,0,1,-1,-1,-1,-1,0,10,-1,1,1,3,-1,-1,-1,0,0,1,0,0,10,0,0,0,16.31
1,0,0,0,-1,0,1,1,0,0,0,0,3,0,1,-1,0,-1,0,0,-1,3,0,-1,50,0,9223372036800000000,1e+75,0,10,0,0,7,0,0,1,0,0,1,1,0,0,0,0,0,0,2,0,1,-1,-1,-1,-1,0,10,-1,1,1,3,-1,-1,-1,0,0,1,0,0,10,0,0,0,24.51
1,0,0,0,-1,0,1,4,0,0,0,0,0,0,0,0,2,0,0,-1,1,3,0,-1,150,0,9223372036800000000,1e+75,0,10,0,0,7,0,0,1,0,0,1,1,0,0,0,0,0,0,2,0,1,-1,-1,-1,-1,0,10,-1,1,1,3,-1,-1,-1,0,0,1,0,0,10,0,0,0,37.99
1,0,0,0,-1,0,1,1,0,0,0,0,3,0,-1,0,2,2,-1,0,0,3,0,-1,50,0,9223372036800000000,1e+75,0,10,0,0,7,0,0,1,0,0,1,1,0,0,0,3,0,0,2,0,1,-1,-1,-1,-1,0,10,-1,1,1,3,-1,-1,-1,0,0,1,0,0,10,0,0,0,16.23
1,0,0,0,-1,0,1,1,0,0,0,0,0,0,1,0,-1,1,0,1,-1,3,0,-1,50,0,9223372036800000000,1e+75,0,10,0,0,7,0,0,1,0,0,1,1,0,0,0,0,0,0,2,0,1,-1,-1,-1,-1,0,10,-1,1,1,3,-1,-1,-1,0,0,1,0,0,10,0,0,0,26.13
1,0,0,0,-1,0,1,5,0,0,0,0,0,0,1,0,2,0,0,1,-1,3,0,-1,100,0,9223372036800000000,1e+75,0,10,0,0,7,0,0,1,0,0,1,1,0,0,0,0,0,0,2,0,1,-1,-1,-1,-1,0,10,-1,1,1,3,-1,-1,-1,0,0,1,0,0,10,0,0,0,26.6
1,0,0,0,-1,0,1,5,0,0,0,0,3,0,1,-1,1,1,-1,1,1,3,0,-1,10,0,9223372036800000000,1e+75,0,10,0,0,7,0,0,1,0,0,1,1,0,0,0,0,0,0,2,0,1,-1,-1,-1,-1,0,10,-1,1,1,3,-1,-1,-1,0,0,1,0,0,10,0,0,0,15.89
1,0,0,0,-1,0,1,5,0,0,0,0,3,0,1,-1,2,-1,0,0,-1,3,0,-1,50,0,9223372036800000000,1e+75,0,10,0,0,7,0,0,1,0,0,1,1,0,0,0,0,0,0,2,0,1,-1,-1,-1,-1,0,10,-1,1,1,3,-1,-1,-1,0,0,1,0,0,10,0,0,0,16.73
1,0,0,0,-1,0,1,3,0,0,0,0,3,0,-1,0,0,2,-1,0,0,3,0,-1,50,0,9223372036800000000,1e+75,0,10,0,0,7,0,0,1,0,0,1,1,0,0,0,0,0,0,2,0,1,-1,-1,-1,-1,0,10,-1,1,1,3,-1,-1,-1,0,0,1,0,0,10,0,0,0,17.09
1,0,0,0,-1,0,1,5,0,0,0,0,3,0,1,2,1,1,-1,1,1,3,0,-1,10,0,9223372036800000000,1e+75,0,10,0,0,7,0,0,1,0,0,1,1,0,0,0,0,0,0,2,0,1,-1,-1,-1,-1,0,10,-1,1,1,3,-1,-1,-1,0,0,1,0,0,10,0,0,0,24.76
1,0,0,0,-1,0,1,5,0,0,0,0,1,0,1,0,2,0,1,1,0,5,0,-1,200,0,9223372036800000000,1e+75,0,10,0,0,7,0,0,1,0,0,1,1,0,0,0,0,0,-1,2,0,1,-1,-1,-1,-1,0,10,-1,1,1,3,-1,-1,-1,0,0,1,0,0,10,0,0,0,82.5
1,0,0,0,-1,0,1,4,0,0,0,0,1,0,1,1,2,-1,2,-1,-1,3,0,-1,10,0,9223372036800000000,1e+75,0,10,0,0,7,0,0,1,0,0,1,1,0,0,0,0,0,0,2,0,1,-1,-1,-1,-1,0,10,-1,1,1,3,-1,-1,-1,0,0,1,0,0,10,0,0,0,38.62
1,0,0,0,-1,0,1,1,0,0,0,0,0,0,1,0,0,1,0,1,-1,3,0,-1,150,0,9223372036800000000,1e+75,0,10,0,0,7,0,0,1,0,0,1,1,0,0,0,0,0,0,2,0,1,-1,-1,-1,-1,0,10,-1,1,1,3,-1,-1,-1,0,0,1,0,0,10,0,0,0,23.44
1,0,0,0,-1,0,1,2,0,0,0,0,3,0,1,-1,0,-1,0,0,-1,3,0,-1,50,0,9223372036800000000,1e+75,0,10,0,0,7,0,0,1,0,0,1,1,0,0,0,0,0,0,2,0,1,-1,-1,-1,-1,0,10,-1,1,1,3,-1,-1,-1,0,0,1,0,0,10,0,0,0,30.69
1,0,0,0,-1,0,1,0,0,0,4,0,-1,0,-1,0,2,1,-1,1,2,2,0,-1,10,0,9223372036800000000,1e+75,0,10,0,0,7,0,0,1,0,0,1,1,0,0,0,0,0,4,2,0,1,-1,1,-1,0,0,10,-1,1,1,3,-1,-1,-1,0,0,1,0,0,10,0,0,0,25.52
1,0,0,0,-1,0,1,0,0,0,0,0,1,0,-1,1,-1,2,0,2,0,3,0,-1,800,0,9223372036800000000,1e+75,0,10,0,0,7,0,0,1,0,0,1,1,0,0,0,0,0,1,2,0,1,-1,-1,-1,-1,0,10,-1,1,1,3,-1,-1,-1,0,0,1,0,0,10,0,0,0,31.34
1,0,0,0,-1,0,1,1,0,0,0,0,2,0,-1,-1,2,2,0,1,2,0,0,-1,150,0,9223372036800000000,1e+75,0,10,0,2,7,0,0,1,0,0,1,1,0,0,0,0,2,2,2,0,1,-1,1,-1,0,0,10,-1,1,1,3,-1,-1,-1,0,0,1,0,0,10,0,0,0,48.47
1,0,0,0,-1,0,1,5,0,0,0,0,3,0,1,2,1,1,-1,1,1,3,0,-1,200,0,9223372036800000000,1e+75,0,10,0,0,7,0,0,1,0,0,1,1,0,0,0,0,0,0,2,0,1,-1,-1,-1,-1,0,10,-1,1,1,3,-1,-1,-1,0,0,1,0,0,10,0,0,0,30.96
1,0,0,0,-1,0,1,0,0,0,0,0,0,0,0,0,0,2,-1,2,0,3,0,-1,25,0,9223372036800000000,1e+75,0,10,0,0,7,0,0,1,0,0,1,1,0,0,0,0,0,-1,2,0,1,-1,-1,-1,-1,0,10,-1,1,1,3,-1,-1,-1,0,0,1,0,0,10,0,0,0,83.34
1,0,0,0,-1,0,1,0,0,0,0,0,0,0,0,0,0,-1,-1,0,0,3,0,-1,200,0,9223372036800000000,1e+75,0,10,0,0,7,0,0,1,0,0,1,1,0,0,0,0,0,0,2,0,1,-1,-1,-1,-1,0,10,-1,1,1,3,-1,-1,-1,0,0,1,0,0,10,0,0,0,32.61
1,0,0,0,-1,0,1,3,0,0,0,0,-1,0,1,-1,0,-1,2,0,2,0,0,-1,400,0,9223372036800000000,1e+75,0,10,0,0,7,0,0,1,0,0,1,1,0,0,0,0,0,4,2,0,1,-1,-1,-1,-1,0,10,-1,1,1,3,-1,-1,-1,0,0,1,0,0,10,0,0,0,51.62
1,0,0,0,-1,0,1,1,0,0,0,0,3,0,-1,0,2,2,-1,0,0,3,0,-1,50,0,9223372036800000000,1e+75,0,10,0,0,7,0,0,1,0,0,1,1,0,0,0,0,2,0,2,0,1,-1,-1,-1,-1,0,10,-1,1,1,3,-1,-1,-1,0,0,1,0,0,10,0,0,0,14.43
1,0,0,0,-1,0,1,0,0,0,1,0,2,0,1,-1,1,0,0,0,1,5,0,-1,10,0,9223372036800000000,1e+75,0,10,0,1,7,0,0,1,0,0,1,1,0,0,0,0,2,3,2,0,1,-1,1,-1,-1,0,10,-1,1,1,3,-1,-1,-1,0,0,1,0,0,10,0,0,0,29.42
1,0,0,0,-1,0,1,3,0,0,0,0,3,0,1,0,-1,0,1,2,-1,3,0,-1,25,0,9223372036800000000,1e+75,0,10,0,0,7,0,0,1,0,0,1,1,0,0,0,0,0,0,2,0,1,-1,-1,-1,-1,0,10,-1,1,1,3,-1,-1,-1,0,0,1,0,0,10,0,0,0,31.5
1,0,0,0,-1,0,1,1,0,0,0,0,3,0,-1,0,2,2,-1,0,0,3,0,-1,50,0,9223372036800000000,1e+75,0,10,0,0,7,0,0,1,0,0,1,0,0,0,0,0,0,0,2,0,1,-1,-1,-1,-1,0,10,-1,1,1,3,-1,-1,-1,0,0,1,0,0,10,0,0,0,14.43
1,0,0,0,-1,0,1,0,0,0,0,0,0,0,-1,0,0,0,-1,0,0,3,0,-1,200,0,9223372036800000000,1e+75,0,10,0,0,7,0,0,1,0,0,1,1,0,0,0,0,0,0,2,0,1,-1,-1,-1,-1,0,10,-1,1,1,3,-1,-1,-1,0,0,1,0,0,10,0,0,0,31.48
1,0,0,0,-1,0,1,3,0,0,0,0,2,0,1,1,-1,2,-1,-1,0,3,0,-1,150,0,9223372036800000000,1e+75,0,10,0,0,7,0,0,1,0,0,1,1,0,0,0,0,0,1,2,0,1,-1,-1,-1,-1,0,10,-1,1,1,3,-1,-1,-1,0,0,1,0,0,10,0,0,0,35.08
1,0,0,0,-1,0,1,1,0,0,0,0,3,0,-1,0,2,2,-1,0,0,5,0,-1,50,0,9223372036800000000,1e+75,0,10,0,0,7,0,0,1,0,0,1,1,0,0,0,0,0,0,2,0,1,-1,-1,-1,-1,0,10,-1,1,1,3,-1,-1,-1,0,0,1,0,0,10,0,0,0,23.68
1,0,0,0,-1,0,1,0,0,0,4,0,0,0,-1,0,0,1,1,0,1,2,0,-1,50,0,9223372036800000000,1e+75,0,10,0,1,7,0,0,1,0,0,1,1,0,0,0,0,0,-1,2,0,1,-1,-1,-1,3,0,10,-1,1,1,3,-1,-1,-1,0,0,1,0,0,10,0,0,0,32.21
1,0,0,0,-1,0,1,3,0,0,0,0,3,0,1,2,1,-1,-1,2,1,3,0,-1,150,0,9223372036800000000,1e+75,0,10,0,0,7,0,0,1,0,0,1,1,0,0,0,0,0,0,2,0,1,-1,-1,-1,-1,0,10,-1,1,1,3,-1,-1,-1,0,0,1,0,0,10,0,0,0,21.99
1,0,0,0,-1,0,1,0,0,0,0,0,0,0,1,0,0,0,-1,0,0,3,0,-1,200,0,9223372036800000000,1e+75,0,10,0,0,7,0,0,1,0,0,1,1,0,0,0,0,0,0,2,0,1,-1,-1,-1,-1,0,10,-1,1,1,3,-1,-1,-1,0,0,1,0,0,10,0,0,0,31.48
1,0,0,0,-1,0,1,2,0,0,1,0,2,0,-1,1,-1,0,1,2,-1,10,0,-1,200,0,9223372036800000000,1e+75,0,10,0,0,7,0,0,1,0,0,1,1,0,0,0,0,1,0,2,0,1,-1,0,-1,-1,0,10,-1,1,1,3,-1,-1,-1,0,0,1,0,0,10,0,0,0,32.27
1,0,0,0,-1,0,1,0,0,0,0,0,1,0,1,0,1,1,0,1,0,3,0,-1,800,0,9223372036800000000,1e+75,0,10,0,0,7,0,0,1,0,0,1,1,0,0,0,0,3,0,2,0,1,-1,-1,-1,-1,0,10,-1,1,1,3,-1,-1,-1,0,0,1,0,0,10,0,0,0,30.29
1,0,0,0,-1,0,1,5,0,0,0,0,3,0,1,-1,0,-1,-1,0,-1,3,0,-1,50,0,9223372036800000000,1e+75,0,10,0,0,7,0,0,1,0,0,1,1,0,0,0,0,0,0,2,0,1,-1,-1,-1,-1,0,10,-1,1,1,3,-1,-1,-1,0,0,1,0,0,10,0,0,0,17.8
1,0,0,0,-1,0,1,1,0,0,0,0,1,0,0,1,2,0,1,0,1,3,0,-1,10,0,9223372036800000000,1e+75,0,10,0,0,7,0,0,1,0,0,1,1,0,0,0,0,0,0,2,0,1,-1,-1,-1,-1,0,10,-1,1,1,3,-1,-1,-1,0,0,1,0,0,10,0,0,0,16.77
1,0,0,0,-1,0,1,0,0,0,0,0,2,0,1,1,0,2,1,1,1,2,0,-1,200,0,9223372036800000000,1e+75,0,10,0,0,7,0,0,1,0,0,1,1,0,0,0,0,1,3,2,0,1,-1,-1,-1,-1,0,10,-1,1,1,3,-1,-1,-1,0,0,1,0,0,10,0,0,0,33.37
1,0,0,0,-1,0,1,0,0,0,0,0,1,0,0,2,1,0,1,1,1,3,0,-1,200,0,9223372036800000000,1e+75,0,10,0,0,7,0,0,1,0,0,1,1,0,0,0,0,0,0,2,0,1,-1,-1,-1,-1,0,10,-1,1,1,3,-1,-1,-1,0,0,1,0,0,10,0,0,0,30.6
1,0,0,0,-1,0,1,1,0,0,0,0,3,0,-1,0,2,2,-1,0,0,3,0,-1,25,0,9223372036800000000,1e+75,0,10,0,0,7,0,0,1,0,0,1,1,0,0,0,0,0,0,2,0,1,-1,-1,-1,-1,0,10,-1,1,1,3,-1,-1,-1,0,0,1,0,0,10,0,0,0,20.3
1,0,0,0,-1,0,1,5,0,0,0,0,3,0,1,0,2,0,-1,1,-1,3,0,-1,150,0,9223372036800000000,1e+75,0,10,0,0,7,0,0,1,0,0,1,1,0,0,0,0,0,0,2,0,1,-1,-1,-1,-1,0,10,-1,1,1,3,-1,-1,-1,0,0,1,0,0,10,0,0,0,24.95
1,0,0,0,-1,0,1,3,0,0,0,0,2,0,1,-1,1,1,1,1,2,3,0,-1,10,0,9223372036800000000,1e+75,0,10,0,0,7,0,0,1,0,0,1,1,0,0,0,0,0,0,2,0,1,-1,-1,-1,-1,0,10,-1,1,1,3,-1,-1,-1,0,0,1,0,0,10,0,0,0,32.33
1,0,0,0,-1,0,1,3,0,0,0,0,0,0,1,2,1,-1,-1,2,2,3,0,-1,150,0,9223372036800000000,1e+75,0,10,0,0,7,0,0,1,0,0,1,1,0,0,0,0,0,0,2,0,1,-1,-1,-1,-1,0,10,-1,1,1,3,-1,-1,-1,0,0,1,0,0,10,0,0,0,21.99
1,0,0,0,-1,0,1,3,0,0,0,0,3,0,-1,0,2,-1,-1,-1,1,3,0,-1,150,0,9223372036800000000,1e+75,0,10,0,0,7,0,0,1,0,0,1,1,0,0,0,0,0,-1,2,0,1,-1,-1,-1,-1,0,10,-1,1,1,3,-1,-1,-1,0,0,1,0,0,10,0,0,0,49.61
1,0,0,0,-1,0,1,0,0,0,0,0,3,0,-1,2,1,2,1,1,-1,10,0,-1,150,0,9223372036800000000,1e+75,0,10,0,1,7,0,0,1,0,0,1,1,0,0,0,0,0,-1,2,0,1,-1,1,-1,3,0,10,-1,1,1,3,-1,-1,-1,0,0,1,0,0,10,0,0,0,26.06
1,0,0,0,-1,0,1,5,0,0,0,0,3,0,1,-1,1,1,-1,1,2,3,0,-1,10,0,9223372036800000000,1e+75,0,10,0,0,7,0,0,1,0,0,1,1,0,0,0,0,0,0,2,0,1,-1,-1,-1,-1,0,10,-1,1,1,3,-1,-1,-1,0,0,1,0,0,10,0,0,0,15.89
1,0,0,0,-1,0,1,3,0,0,0,0,-1,0,-1,0,-1,2,0,-1,0,3,0,-1,25,0,9223372036800000000,1e+75,0,10,0,0,7,0,0,1,0,0,1,1,0,0,0,0,1,1,2,0,1,-1,-1,-1,-1,0,10,-1,1,1,3,-1,-1,-1,0,0,1,0,0,10,0,0,0,43.58
1,0,0,0,-1,0,1,5,0,0,0,0,-1,0,1,0,2,-1,-1,2,1,3,0,-1,50,0,9223372036800000000,1e+75,0,10,0,0,7,0,0,1,0,0,1,1,0,0,0,0,0,0,2,0,1,-1,-1,-1,-1,0,10,-1,1,1,3,-1,-1,-1,0,0,1,0,0,10,0,0,0,27.34
1,0,0,0,-1,0,1,0,0,0,2,0,2,0,-1,-1,2,2,2,-1,0,2,0,-1,10,0,9223372036800000000,1e+75,0,10,0,2,7,0,0,1,0,0,1,1,0,0,0,0,3,-1,2,0,1,-1,1,-1,3,0,10,-1,1,1,3,-1,-1,-1,0,0,1,0,0,10,0,0,0,90.43
1,0,0,0,-1,0,1,2,0,0,3,0,2,0,-1,2,1,2,0,2,-1,10,0,-1,25,0,9223372036800000000,1e+75,0,10,0,0,7,0,0,1,0,0,1,1,0,0,0,0,0,-1,2,0,1,-1,0,-1,-1,0,10,-1,1,1,3,-1,-1,-1,0,0,1,0,0,10,0,0,0,10.55
1,0,0,0,-1,0,1,0,0,0,0,0,0,0,0,0,0,1,0,0,0,3,0,-1,200,0,9223372036800000000,1e+75,0,10,0,0,7,0,0,1,0,0,1,1,0,0,0,0,0,0,2,0,1,-1,-1,-1,-1,0,10,-1,1,1,3,-1,-1,-1,0,0,1,0,0,10,0,0,0,32.02
1,0,0,0,-1,0,1,1,0,0,0,0,3,0,-1,0,2,2,-1,0,0,3,0,-1,50,0,9223372036800000000,1e+75,0,10,0,0,7,0,1,1,0,0,1,1,0,0,0,0,0,0,2,0,1,-1,-1,-1,-1,0,10,-1,1,1,3,-1,-1,-1,0,0,1,0,0,10,0,0,0,29.73
1,0,0,0,-1,0,1,0,0,0,0,0,3,0,0,-1,1,0,0,2,0,3,0,-1,10,0,9223372036800000000,1e+75,0,10,0,0,7,0,0,1,0,0,1,1,0,0,0,0,0,0,2,0,1,-1,-1,-1,-1,0,10,-1,1,1,3,-1,-1,-1,0,0,1,0,0,10,0,0,0,30.02
1,0,0,0,-1,0,1,1,0,0,0,0,3,0,-1,2,2,2,-1,0,0,3,0,-1,50,0,9223372036800000000,1e+75,0,10,0,0,7,0,0,1,0,0,1,1,0,0,0,0,0,0,2,0,1,-1,-1,-1,-1,0,10,-1,1,1,3,-1,-1,-1,0,0,1,0,0,10,0,0,0,21.82
1,0,0,0,-1,0,1,5,0,0,0,0,3,0,1,-1,1,1,1,1,1,3,0,-1,10,0,9223372036800000000,1e+75,0,10,0,0,7,0,0,1,0,0,1,1,0,0,0,0,0,0,2,0,1,-1,-1,-1,-1,0,10,-1,1,1,3,-1,-1,-1,0,0,1,0,0,10,0,0,0,29.28
1,0,0,0,-1,0,1,0,0,0,4,0,0,0,-1,0,0,1,1,1,1,2,0,-1,50,0,9223372036800000000,1e+75,0,10,0,1,7,0,0,1,0,0,1,1,0,0,0,0,2,-1,2,0,1,-1,-1,-1,3,0,10,-1,1,1,3,-1,-1,-1,0,0,1,0,0,10,0,0,0,84.58
1,0,0,0,-1,0,1,1,0,0,0,0,2,0,0,1,2,0,1,0,1,3,0,-1,10,0,9223372036800000000,1e+75,0,10,0,0,7,0,0,1,0,0,1,1,0,0,0,0,0,0,2,0,1,-1,-1,-1,-1,0,10,-1,1,1,3,-1,-1,-1,0,0,1,0,0,10,0,0,0,16.77
1,0,0,0,-1,0,1,5,0,0,0,0,3,0,1,-1,-1,-1,0,0,-1,3,0,-1,50,0,9223372036800000000,1e+75,0,10,0,0,7,0,0,1,0,0,1,1,0,0,0,0,0,0,2,0,1,-1,-1,-1,-1,0,10,-1,1,1,3,-1,-1,-1,0,0,1,0,0,10,0,0,0,16.73
1,0,0,0,-1,0,1,0,0,0,0,0,-1,0,0,0,0,0,-1,0,0,3,0,-1,200,0,9223372036800000000,1e+75,0,10,0,0,7,0,0,1,0,0,1,1,0,0,0,0,0,0,2,0,1,-1,-1,-1,-1,0,10,-1,1,1,3,-1,-1,-1,0,0,1,0,0,10,0,0,0,31.97
1,0,0,0,-1,0,1,0,0,0,0,0,3,0,-1,2,1,2,2,1,-1,10,0,-1,150,0,9223372036800000000,1e+75,0,10,0,1,7,0,0,1,0,0,1,1,0,0,0,0,3,-1,2,0,1,-1,1,-1,3,0,10,-1,1,1,3,-1,-1,-1,0,0,1,0,0,10,0,0,0,90.33
1,0,0,0,-1,0,1,3,0,0,0,0,3,0,-1,0,2,2,-1,0,2,10,0,-1,25,0,9223372036800000000,1e+75,0,10,0,0,7,0,0,1,0,0,1,1,0,0,0,0,5,3,2,0,1,-1,-1,-1,-1,0,10,-1,1,1,3,-1,-1,-1,0,0,1,0,0,10,0,0,0,88.16
1,0,0,0,-1,0,1,0,0,0,0,0,1,0,0,2,1,0,1,2,1,3,0,-1,50,0,9223372036800000000,1e+75,0,10,0,0,7,0,0,1,0,0,1,1,0,0,0,0,0,0,2,0,1,-1,-1,-1,-1,0,10,-1,1,1,3,-1,-1,-1,0,0,1,0,0,10,0,0,0,31.72
1,0,0,0,-1,0,1,1,0,0,0,0,0,0,-1,0,-1,0,-1,1,-1,3,0,-1,200,0,9223372036800000000,1e+75,0,10,0,0,7,0,0,1,0,0,1,1,0,0,0,0,0,0,2,0,1,-1,-1,-1,-1,0,10,-1,1,1,3,-1,-1,-1,0,0,1,0,0,10,0,0,0,22.65
1,0,0,0,-1,0,1,0,0,0,0,0,3,0,0,0,0,0,-1,0,0,3,0,-1,200,0,9223372036800000000,1e+75,0,10,0,0,7,0,0,1,0,0,1,1,0,0,0,0,0,0,2,0,1,-1,-1,-1,-1,0,10,-1,1,1,3,-1,-1,-1,0,0,1,0,0,10,0,0,0,31.48
1,0,0,0,-1,0,1,1,0,0,0,0,3,0,-1,0,2,2,-1,0,0,3,0,-1,50,0,9223372036800000000,1e+75,0,10,0,0,7,0,0,1,0,0,1,1,0,0,0,0,0,0,2,0,1,-1,-1,2,-1,0,10,-1,1,1,3,-1,-1,-1,0,0,1,0,0,10,0,0,0,14.43
1,0,0,0,-1,0,1,3,0,0,0,0,0,0,1,2,2,0,0,2,-1,3,0,-1,10,0,9223372036800000000,1e+75,0,10,0,3,7,0,0,1,0,0,1,1,0,0,0,0,1,-1,2,0,1,-1,1,-1,1,0,10,-1,1,1,3,-1,-1,-1,0,0,1,0,0,10,0,0,0,45.83
1,0,0,0,-1,0,1,5,0,0,0,0,0,0,0,0,2,-1,-1,1,-1,3,0,-1,100,0,9223372036800000000,1e+75,0,10,0,0,7,0,0,1,0,0,1,1,0,0,0,0,0,0,2,0,1,-1,-1,-1,-1,0,10,-1,1,1,3,-1,-1,-1,0,0,1,0,0,10,0,0,0,19.43
1,0,0,0,-1,0,1,5,0,0,0,0,3,0,-1,-1,1,1,-1,1,1,3,0,-1,10,0,9223372036800000000,1e+75,0,10,0,0,7,0,0,1,0,0,1,1,0,0,0,0,0,0,2,0,1,-1,-1,-1,-1,0,10,-1,1,1,3,-1,-1,-1,0,0,1,0,0,10,0,0,0,15.89
1,0,0,0,-1,0,1,2,0,0,0,0,-1,0,0,2,0,0,2,-1,0,3,0,-1,50,0,9223372036800000000,1e+75,0,10,0,0,7,0,0,1,0,0,1,1,0,0,0,0,0,0,2,0,1,-1,-1,-1,-1,0,10,-1,1,1,3,-1,-1,-1,0,0,1,0,0,10,0,0,0,39.53
1,0,0,0,-1,0,1,1,0,0,0,0,3,0,-1,0,2,2,-1,0,0,3,0,-1,50,0,9223372036800000000,1e+75,0,10,0,0,7,0,0,1,0,0,1,1,0,0,20,0,0,0,2,0,1,-1,-1,-1,-1,0,10,-1,1,1,3,-1,-1,-1,0,0,1,0,0,10,0,0,0,21.84
1,0,0,0,-1,0,1,0,0,0,0,0,0,0,-1,-1,2,-1,-1,1,1,1,0,-1,100,0,9223372036800000000,1e+75,0,10,0,3,7,0,0,1,0,0,1,1,0,0,0,0,1,0,2,0,1,-1,-1,-1,1,0,10,-1,1,1,3,-1,-1,-1,0,0,1,0,0,10,0,0,0,52.27
1,0,0,0,-1,0,1,1,0,0,0,0,2,0,0,1,-1,-1,2,2,1,3,0,-1,800,0,9223372036800000000,1e+75,0,10,0,0,7,0,0,1,0,0,1,1,0,0,0,0,0,4,2,0,1,-1,-1,-1,-1,0,10,-1,1,1,3,-1,-1,-1,0,0,1,0,0,10,0,0,0,21.22
1,0,0,0,-1,0,1,0,0,0,2,0,2,0,-1,1,2,2,2,-1,1,2,0,-1,10,0,9223372036800000000,1e+75,0,10,0,2,7,0,0,1,0,0,1,1,0,0,0,0,3,-1,2,0,1,-1,1,-1,3,0,10,-1,1,1,3,-1,-1,-1,0,0,1,0,0,10,0,0,0,92.73
1,0,0,0,-1,0,1,3,0,0,0,0,3,0,-1,0,2,2,0,0,2,2,0,-1,400,0,9223372036800000000,1e+75,0,10,0,0,7,0,0,1,0,0,1,1,0,0,0,0,5,3,2,0,1,-1,-1,-1,-1,0,10,-1,1,1,3,-1,-1,-1,0,0,1,0,0,10,0,0,0,89.15
1,0,0,0,-1,0,1,3,0,0,0,0,1,0,-1,-1,1,-1,2,1,1,3,0,-1,800,0,9223372036800000000,1e+75,0,10,0,0,7,0,0,1,0,0,1,1,0,0,0,0,0,0,2,0,1,-1,-1,-1,-1,0,10,-1,1,1,3,-1,-1,-1,0,0,1,0,0,10,0,0,0,29.1
1,0,0,0,-1,0,1,0,0,0,0,0,0,0,0,0,0,0,2,0,0,3,0,-1,200,0,9223372036800000000,1e+75,0,10,0,0,7,0,0,1,0,0,1,1,0,0,0,0,0,0,2,0,1,-1,-1,-1,-1,0,10,-1,1,1,3,-1,-1,-1,0,0,1,0,0,10,0,0,0,33.25
1,0,0,0,-1,0,1,0,0,0,0,0,2,0,1,-1,1,2,0,1,-1,5,0,-1,10,0,9223372036800000000,1e+75,0,10,0,1,7,0,0,1,0,0,1,1,0,0,0,0,1,-1,2,0,1,-1,-1,-1,-1,0,10,-1,1,1,3,-1,-1,-1,0,0,1,0,0,10,0,0,0,83.61
1,0,0,0,-1,0,1,0,0,0,0,0,1,0,0,2,1,0,0,2,-1,2,0,-1,200,0,9223372036800000000,1e+75,0,10,0,1,7,0,0,1,0,0,1,1,0,0,0,0,0,1,2,0,1,-1,-1,-1,0,0,10,-1,1,1,3,-1,-1,-1,0,0,1,0,0,10,0,0,0,39.36
1,0,0,0,-1,0,1,0,0,0,0,0,1,0,0,2,1,0,1,2,2,3,0,-1,200,0,9223372036800000000,1e+75,0,10,0,0,7,0,0,1,0,0,1,1,0,0,0,0,0,0,2,0,1,-1,-1,-1,-1,0,10,-1,1,1,3,-1,-1,-1,0,0,1,0,0,10,0,0,0,30.6
1,0,0,0,-1,0,1,1,0,0,0,0,3,0,-1,0,2,2,-1,0,0,3,0,-1,50,0,9223372036800000000,10,0,10,0,0,7,0,0,1,0,0,1,1,0,0,0,0,0,0,2,0,1,-1,-1,-1,-1,0,10,-1,1,1,3,-1,-1,-1,0,0,1,0,0,10,0,0,0,14.43
1,0,0,0,-1,0,1,5,0,0,0,0,3,0,1,-1,1,1,-1,2,1,3,0,-1,10,0,9223372036800000000,1e+75,0,10,0,0,7,0,0,1,0,0,1,1,0,0,0,0,0,0,2,0,1,-1,-1,-1,-1,0,10,-1,1,1,3,-1,-1,-1,0,0,1,0,0,10,0,0,0,15.89
1,0,0,0,-1,0,1,0,0,0,2,0,2,0,-1,-1,2,2,2,-1,1,2,0,-1,10,0,9223372036800000000,1e+75,0,10,0,2,7,0,0,1,0,0,1,1,0,0,0,0,3,-1,2,0,1,-1,1,-1,1,0,10,-1,1,1,3,-1,-1,-1,0,0,1,0,0,10,0,0,0,90.43
1,0,0,0,-1,0,1,1,0,0,0,0,3,0,-1,0,2,2,-1,0,0,3,0,-1,50,0,9223372036800000000,1e+75,0,10,0,0,7,0,0,1,0,0,1,1,0,0,0,0,0,0,2,0,1,-1,-1,-1,-1,0,40,-1,1,1,3,-1,-1,-1,0,0,1,0,0,10,0,0,0,14.43
1,0,0,0,-1,0,1,0,0,0,0,0,1,0,-1,-1,1,1,2,-1,-1,3,0,-1,800,0,9223372036800000000,1e+75,0,10,0,0,7,0,0,1,0,0,1,1,0,0,0,0,0,0,2,0,1,-1,-1,-1,-1,0,10,-1,1,1,3,-1,-1,-1,0,0,1,0,0,10,0,0,0,55.65
1,0,0,0,-1,0,1,1,0,0,0,0,2,0,1,1,-1,0,1,0,1,3,0,-1,10,0,9223372036800000000,1e+75,0,10,0,0,7,0,0,1,0,0,1,1,0,0,0,0,0,0,2,0,1,-1,-1,-1,-1,0,10,-1,1,1,3,-1,-1,-1,0,0,1,0,0,10,0,0,0,16.42
1,0,0,0,-1,0,1,3,0,0,0,0,0,0,-1,2,2,0,0,2,1,3,0,-1,10,0,9223372036800000000,1e+75,0,10,0,0,7,0,0,1,0,0,1,1,0,0,0,0,0,-1,2,0,1,-1,1,-1,1,0,10,-1,1,1,3,-1,-1,-1,0,0,1,0,0,10,0,0,0,21.25
1,0,0,0,-1,0,1,0,0,0,0,0,0,0,0,0,0,0,-1,0,0,3,0,-1,10,0,9223372036800000000,1e+75,0,10,0,0,7,0,0,1,0,0,1,1,0,0,0,0,0,0,2,0,1,-1,-1,-1,-1,0,10,-1,1,1,3,-1,-1,-1,0,0,1,0,0,10,0,0,0,32.35
1,0,0,0,-1,0,1,1,0,0,0,0,3,0,-1,0,2,2,2,0,0,3,0,-1,50,0,9223372036800000000,1e+75,0,10,0,0,7,0,0,1,0,0,1,1,0,0,0,0,0,0,2,0,1,-1,-1,-1,-1,0,10,-1,1,1,3,-1,-1,-1,0,0,1,0,0,10,0,0,0,16.99
1,0,0,0,-1,0,1,5,0,0,0,0,3,0,0,2,1,1,-1,1,1,3,0,-1,10,0,9223372036800000000,1e+75,0,10,0,0,7,0,0,1,0,0,1,1,0,0,0,0,0,0,2,0,1,-1,-1,-1,-1,0,10,-1,1,1,3,-1,-1,-1,0,0,1,0,0,10,0,0,0,24.76
1,0,0,0,-1,0,1,0,0,0,0,0,1,0,0,0,0,0,-1,0,0,3,0,-1,200,0,9223372036800000000,1e+75,0,10,0,0,7,0,0,1,0,0,1,1,0,0,0,0,0,0,2,0,1,-1,-1,-1,-1,0,10,-1,1,1,3,-1,-1,-1,0,0,1,0,0,10,0,0,0,31.48
1,0,0,0,-1,0,1,0,0,0,2,0,2,0,-1,-1,2,2,1,-1,1,2,0,-1,10,0,9223372036800000000,1e+75,0,10,0,2,7,0,0,1,0,0,1,1,0,0,0,0,3,-1,2,0,1,-1,1,-1,3,0,10,-1,1,1,3,-1,-1,-1,0,0,1,0,0,10,0,0,0,90.43
1,0,0,0,-1,0,1,1,0,0,0,0,3,0,-1,0,2,2,-1,0,0,3,0,-1,50,0,9223372036800000000,1e+75,0,10,0,0,7,0,0,1,0,0,1,1,0,0,0,0,0,0,2,0,1,-1,-1,-1,-1,0,10,-1,1,1,3,-1,-1,-1,0,0,1,0,0,10,-1,0,0,14.43
1,0,0,0,-1,0,1,2,0,0,0,0,2,0,1,-1,1,1,2,1,2,3,0,-1,10,0,9223372036800000000,1e+75,0,10,0,0,7,0,0,1,0,0,1,1,0,0,0,0,0,0,2,0,1,-1,-1,-1,-1,0,10,-1,1,1,3,-1,-1,-1,0,0,1,0,0,10,0,0,0,30.09
1,0,0,0,-1,0,1,0,0,0,4,0,0,0,-1,0,0,1,1,0,1,2,0,-1,10,0,9223372036800000000,1e+75,0,10,0,1,7,0,0,1,0,0,1,1,0,0,0,0,2,-1,2,0,1,-1,-1,-1,3,0,10,-1,1,1,3,-1,-1,-1,0,0,1,0,0,10,0,0,0,85.25
1,0,0,0,-1,0,1,3,0,0,0,0,3,0,-1,2,1,-1,-1,2,2,3,0,-1,150,0,9223372036800000000,1e+75,0,10,0,0,7,0,0,1,0,0,1,1,0,0,0,0,0,0,2,0,1,-1,-1,-1,-1,0,10,-1,1,1,3,-1,-1,-1,0,0,1,0,0,10,0,0,0,21.99
1,0,0,0,-1,0,1,5,0,0,0,0,3,0,1,2,1,1,-1,1,1,3,0,-1,150,0,9223372036800000000,1e+75,0,10,0,0,7,0,0,1,0,0,1,1,0,0,0,0,0,0,2,0,1,-1,-1,-1,-1,0,10,-1,1,1,3,-1,-1,-1,0,0,1,0,0,10,0,0,0,30.7
1,0,0,0,-1,0,1,0,0,0,0,0,3,0,-1,-1,1,2,1,1,-1,10,0,-1,150,0,9223372036800000000,1e+75,0,10,0,1,7,0,0,1,0,0,1,1,0,0,0,0,0,3,2,0,1,-1,1,-1,3,0,10,-1,1,1,3,-1,-1,-1,0,0,1,0,0,10,0,0,0,27.2
1,0,0,0,-1,0,1,0,0,0,4,0,-1,0,-1,0,2,1,0,1,2,2,0,-1,10,0,9223372036800000000,1e+75,0,10,0,0,7,0,0,1,0,0,1,1,0,0,0,0,0,4,2,0,1,-1,1,-1,0,0,10,-1,1,1,3,-1,-1,-1,0,0,1,0,0,10,0,0,0,36.8
1,0,0,0,-1,0,1,5,0,0,0,0,3,0,0,-1,0,-1,0,0,-1,3,0,-1,50,0,9223372036800000000,1e+75,0,10,0,0,7,0,0,1,0,0,1,1,0,0,0,0,0,0,2,0,1,-1,-1,-1,-1,0,10,-1,1,1,3,-1,-1,-1,0,0,1,0,0,10,0,0,0,16.73
1,0,0,0,-1,0,1,0,0,0,0,0,0,0,0,0,0,0,0,0,0,3,0,-1,200,0,9223372036800000000,1e+75,0,10,0,0,7,0,0,1,0,0,1,1,0,0,0,0,0,0,2,0,1,-1,-1,-1,-1,0,10,-1,1,1,3,-1,-1,-1,0,0,1,0,0,10,0,0,0,33.25
1,0,0,0,-1,0,1,2,0,0,0,0,2,0,1,2,1,1,1,0,2,3,0,-1,10,0,9223372036800000000,1e+75,0,10,0,0,7,0,0,1,0,0,1,1,0,0,0,0,0,0,2,0,1,-1,-1,-1,-1,0,10,-1,1,1,3,-1,-1,-1,0,0,1,0,0,10,0,0,0,36.15
1,0,0,0,-1,0,1,0,0,0,0,0,-1,0,-1,0,0,-1,0,2,1,3,0,-1,10,0,9223372036800000000,1e+75,0,10,0,0,7,0,0,1,0,0,1,1,0,0,0,0,0,0,2,0,1,-1,-1,-1,-1,0,10,-1,1,1,3,-1,-1,-1,0,0,1,0,0,10,0,0,0,31.59
1,0,0,0,-1,0,1,1,0,0,0,0,3,0,-1,0,2,2,-1,0,0,3,0,-1,50,0,9223372036800000000,1e+75,0,10,0,0,7,0,0,1,0,0,1,1,0,0,0,0,0,0,2,0,1,-1,-1,-1,-1,0,10,-1,1,1,3,-1,-1,-1,0,0,1,0,0,10,2,0,0,14.43
1,0,0,0,-1,0,1,0,0,0,0,0,2,0,1,2,0,1,1,-1,2,3,0,-1,800,0,9223372036800000000,1e+75,0,10,0,0,7,0,0,1,0,0,1,1,0,0,0,0,0,0,2,0,1,-1,-1,-1,-1,0,10,-1,1,1,3,-1,-1,-1,0,0,1,0,0,10,0,0,0,34
1,0,0,0,-1,0,1,5,0,0,0,0,1,0,1,-1,1,0,1,1,2,3,0,-1,10,0,9223372036800000000,1e+75,0,10,0,0,7,0,0,1,0,0,1,1,0,0,0,0,0,0,2,0,1,-1,-1,-1,-1,0,10,-1,1,1,3,-1,-1,-1,0,0,1,0,0,10,0,0,0,23.14
1,0,0,0,-1,0,1,1,0,0,0,0,3,0,-1,0,2,2,-1,0,0,3,0,-1,400,0,9223372036800000000,1e+75,0,10,0,0,7,0,0,1,0,0,1,1,0,0,0,0,0,0,2,0,1,-1,-1,-1,-1,0,10,-1,1,1,3,-1,-1,-1,0,0,1,0,0,10,0,0,0,23.72
1,0,0,0,-1,0,1,0,0,0,0,0,0,0,0,0,0,0,-1,1,0,3,0,-1,50,0,9223372036800000000,1e+75,0,10,0,0,7,0,0,1,0,0,1,1,0,0,0,0,0,0,2,0,1,-1,-1,-1,-1,0,10,-1,1,1,3,-1,-1,-1,0,0,1,0,0,10,0,0,0,32.4
1,0,0,0,-1,0,1,2,0,0,0,0,2,0,1,2,1,-1,-1,2,1,3,0,-1,25,0,9223372036800000000,1e+75,0,10,0,0,7,0,0,1,0,0,1,1,0,0,0,0,0,-1,2,0,1,-1,-1,-1,-1,0,10,-1,1,1,3,-1,-1,-1,0,0,1,0,0,10,0,0,0,83.47
1,0,0,0,-1,0,1,0,0,0,2,0,2,0,-1,-1,2,2,2,1,1,2,0,-1,10,0,9223372036800000000,1e+75,0,10,0,2,7,0,0,1,0,0,1,1,0,0,0,0,3,-1,2,0,1,-1,1,-1,3,0,10,-1,1,1,3,-1,-1,-1,0,0,1,0,0,10,0,0,0,91.73
1,0,0,0,-1,0,1,0,0,0,1,0,1,0,0,2,1,0,0,2,-1,1,0,-1,200,0,9223372036800000000,1e+75,0,10,0,1,7,0,0,1,0,0,1,1,0,0,0,0,1,1,2,0,1,-1,-1,-1,0,0,10,-1,1,1,3,-1,-1,-1,0,0,1,0,0,10,0,0,0,52.84
1,0,0,0,-1,0,1,1,0,0,0,0,0,0,1,0,-1,1,0,1,-1,3,0,-1,10,0,9223372036800000000,1e+75,0,10,0,0,7,0,0,1,0,0,1,1,0,0,0,0,0,0,2,0,1,-1,-1,-1,-1,0,10,-1,1,1,3,-1,-1,-1,0,0,1,0,0,10,0,0,0,23.89
1,0,0,0,-1,0,1,1,0,0,0,0,0,0,0,0,2,0,-1,2,-1,3,0,-1,150,0,9223372036800000000,1e+75,0,10,0,0,7,0,0,1,0,0,1,1,0,0,0,0,0,0,2,0,1,-1,-1,-1,-1,0,10,-1,1,1,3,-1,-1,-1,0,0,1,0,0,10,0,0,0,25.83
1,0,0,0,-1,0,1,2,0,0,0,0,-1,0,-1,0,0,2,1,2,0,3,0,-1,50,0,9223372036800000000,1e+75,0,10,0,0,7,0,0,1,0,0,1,1,0,0,0,0,0,0,2,0,1,-1,-1,-1,-1,0,10,-1,1,1,3,-1,-1,-1,0,0,1,0,0,10,0,0,0,30.33
1,0,0,0,-1,0,1,5,0,0,0,0,3,0,1,2,1,1,-1,0,1,3,0,-1,10,0,9223372036800000000,1e+75,0,10,0,0,7,0,0,1,0,0,1,1,0,0,0,0,0,0,2,0,1,-1,-1,-1,-1,0,10,-1,1,1,3,-1,-1,-1,0,0,1,0,0,10,0,0,0,28.55
1,0,0,0,-1,0,1,0,0,0,0,0,0,0,0,0,0,0,-1,0,0,3,0,-1,200,0,9223372036800000000,1e+75,0,10,0,0,7,0,0,1,0,0,1,1,0,0,0,0,0,0,2,0,1,-1,-1,-1,-1,0,10,-1,1,1,3,-1,-1,-1,0,0,1,0,0,10,0,0,0,31.48
1,0,0,0,-1,0,1,1,0,0,0,0,3,0,-1,0,2,2,-1,0,0,3,0,-1,50,0,9223372036800000000,1e+75,0,10,0,0,7,0,0,1,0,0,1,1,0,0,0,0,0,3,2,0,1,-1,-1,-1,-1,0,10,-1,1,1,3,-1,-1,-1,0,0,1,0,0,10,0,0,0,87.66
1,0,0,0,-1,0,1,1,0,0,0,0,0,0,1,0,2,1,0,1,-1,3,0,-1,150,0,9223372036800000000,1e+75,0,10,0,0,7,0,0,1,0,0,1,1,0,0,0,0,0,0,2,0,1,-1,-1,-1,-1,0,10,-1,1,1,3,-1,-1,-1,0,0,1,0,0,10,0,0,0,23.44
1,0,0,0,-1,0,1,0,0,0,0,0,0,0,0,0,-1,0,-1,0,0,3,0,-1,200,0,9223372036800000000,1e+75,0,10,0,0,7,0,0,1,0,0,1,1,0,0,0,0,0,0,2,0,1,-1,-1,-1,-1,0,10,-1,1,1,3,-1,-1,-1,0,0,1,0,0,10,0,0,0,31.48
1,0,0,0,-1,0,1,0,0,0,0,0,1,0,1,2,1,-1,0,1,2,3,0,-1,150,0,9223372036800000000,1e+75,0,10,0,0,7,0,0,1,0,0,1,1,0,0,0,0,0,4,2,0,1,-1,-1,-1,-1,0,10,-1,1,1,3,-1,-1,-1,0,0,1,0,0,10,0,0,0,30.73
1,0,0,0,-1,0,1,4,0,0,0,0,3,0,1,1,1,2,-1,2,-1,3,0,-1,800,0,9223372036800000000,1e+75,0,10,0,0,7,0,0,1,0,0,1,1,0,0,0,0,0,2,2,0,1,-1,-1,-1,-1,0,10,-1,1,1,3,-1,-1,-1,0,0,1,0,0,10,0,0,0,51.72
1,0,0,0,-1,0,1,2,0,0,0,0,0,0,1,-1,2,-1,0,1,2,2,0,-1,50,0,9223372036800000000,1e+75,0,10,0,3,7,0,0,1,0,0,1,1,0,0,0,0,0,4,2,0,1,-1,-1,-1,2,0,10,-1,1,1,3,-1,-1,-1,0,0,1,0,0,10,0,0,0,35.19
1,0,0,0,-1,0,1,0,0,0,0,0,0,0,0,2,2,1,2,1,-1,3,0,-1,150,0,9223372036800000000,1e+75,0,10,0,0,7,0,0,1,0,0,1,1,0,0,0,0,1,0,2,0,1,-1,-1,-1,-1,0,10,-1,1,1,3,-1,-1,-1,0,0,1,0,0,10,0,0,0,34.51
1,0,0,0,-1,0,1,5,0,0,0,0,1,0,1,0,2,-1,1,1,0,5,0,-1,200,0,9223372036800000000,1e+75,0,10,0,0,7,0,0,1,0,0,1,1,0,0,0,0,0,2,2,0,1,-1,-1,-1,-1,0,10,-1,1,1,3,-1,-1,-1,0,0,1,0,0,10,0,0,0,22.98
1,0,0,0,-1,0,1,0,0,0,0,0,0,0,0,0,0,0,-1,-1,0,3,0,-1,200,0,9223372036800000000,1e+75,0,10,0,0,7,0,0,1,0,0,1,1,0,0,0,0,0,0,2,0,1,-1,-1,-1,-1,0,10,-1,1,1,3,-1,-1,-1,0,0,1,0,0,10,0,0,0,38.41
1,0,0,0,-1,0,1,0,0,0,2,0,2,0,-1,-1,2,2,2,-1,1,2,0,-1,10,0,9223372036800000000,1e+75,0,10,0,2,7,0,0,1,0,0,1,1,0,0,0,0,3,-1,2,0,1,-1,1,-1,-1,0,10,-1,1,1,3,-1,-1,-1,0,0,1,0,0,10,0,0,0,90.43
1,0,0,0,-1,0,1,0,0,0,0,0,0,0,0,0,0,0,1,0,0,3,0,-1,200,0,9223372036800000000,1e+75,0,10,0,0,7,0,0,1,0,0,1,1,0,0,0,0,0,0,2,0,1,-1,-1,-1,-1,0,10,-1,1,1,3,-1,-1,-1,0,0,1,0,0,10,0,0,0,33.27
1,0,0,0,-1,0,1,1,0,0,0,0,3,0,-1,0,2,2,-1,0,0,3,0,-1,50,0,9223372036800000000,1e+75,0,10,0,0,7,0,3,1,0,0,1,1,0,0,0,0,0,0,2,0,1,-1,-1,-1,-1,0,10,-1,1,1,3,-1,-1,-1,0,0,1,0,0,10,0,0,0,21.44
1,0,0,0,-1,0,1,0,0,0,0,0,-1,0,-1,0,0,-1,-1,-1,0,3,0,-1,150,0,9223372036800000000,1e+75,0,10,0,0,7,0,0,1,0,0,1,1,0,0,0,0,0,3,2,0,1,-1,-1,-1,-1,0,10,-1,1,1,3,-1,-1,-1,0,0,1,0,0,10,0,0,0,40.28
1,0,0,0,-1,0,1,1,0,0,0,0,3,0,1,0,-1,0,1,1,-1,3,0,-1,150,0,9223372036800000000,1e+75,0,10,0,0,7,0,0,1,0,0,1,1,0,0,0,0,0,0,2,0,1,-1,-1,-1,-1,0,10,-1,1,1,3,-1,-1,-1,0,0,1,0,0,10,0,0,0,24.93
1,0,0,0,-1,0,1,2,0,0,0,0,0,0,1,-1,2,1,1,1,-1,2,0,-1,50,0,9223372036800000000,1e+75,0,10,0,3,7,0,0,1,0,0,1,1,0,0,0,0,0,4,2,0,1,-1,-1,-1,2,0,10,-1,1,1,3,-1,-1,-1,0,0,1,0,0,10,0,0,0,35.37
1,0,0,0,-1,0,1,0,0,0,0,0,0,0,0,0,2,0,-1,0,0,3,0,-1,200,0,9223372036800000000,1e+75,0,10,0,0,7,0,0,1,0,0,1,1,0,0,0,0,0,0,2,0,1,-1,-1,-1,-1,0,10,-1,1,1,3,-1,-1,-1,0,0,1,0,0,10,0,0,0,31.48
1,0,0,0,-1,0,1,0,0,0,0,0,0,0,1,2,2,0,0,2,-1,3,0,-1,10,0,9223372036800000000,1e+75,0,10,0,3,7,0,0,1,0,0,1,1,0,0,0,0,1,-1,2,0,1,-1,1,-1,1,0,10,-1,1,1,3,-1,-1,-1,0,0,1,0,0,10,0,0,0,84.31
1,0,0,0,-1,0,1,0,0,0,0,0,0,0,0,0,0,1,-1,0,0,3,0,-1,200,0,9223372036800000000,1e+75,0,10,0,0,7,0,0,1,0,0,1,1,0,0,0,0,0,0,2,0,1,-1,-1,-1,-1,0,10,-1,1,1,3,-1,-1,-1,0,0,1,0,0,10,0,0,0,33.36
1,0,0,0,-1,0,1,3,0,0,0,0,0,0,1,2,2,0,0,2,-1,3,0,-1,10,0,9223372036800000000,1e+75,0,10,0,0,7,0,0,1,0,0,1,1,0,0,0,0,0,-1,2,0,1,-1,-1,-1,1,0,10,-1,1,1,3,-1,-1,-1,0,0,1,0,0,10,0,0,0,33.69
1,0,0,0,-1,0,1,3,0,0,0,0,0,0,1,2,2,0,0,2,1,3,0,-1,10,0,9223372036800000000,1e+75,0,10,0,3,7,0,0,1,0,0,1,1,0,0,0,0,1,-1,2,0,1,-1,1,-1,1,0,10,-1,1,1,3,-1,-1,-1,0,0,1,0,0,10,0,0,0,45.88
1,0,0,0,-1,0,1,5,0,0,0,0,1,0,1,-1,1,1,-1,1,1,3,0,-1,10,0,9223372036800000000,1e+75,0,10,0,0,7,0,0,1,0,0,1,1,0,0,0,0,0,0,2,0,1,-1,-1,-1,-1,0,10,-1,1,1,3,-1,-1,-1,0,0,1,0,0,10,0,0,0,15.89
1,0,0,0,-1,0,1,0,0,0,4,0,0,0,-1,0,-1,1,1,0,1,2,0,-1,50,0,9223372036800000000,1e+75,0,10,0,1,7,0,0,1,0,0,1,1,0,0,0,0,2,-1,2,0,1,-1,-1,-1,3,0,10,-1,1,1,3,-1,-1,-1,0,0,1,0,0,10,0,0,0,32.21
1,0,0,0,-1,0,1,0,0,0,0,0,0,0,0,0,0,2,-1,2,0,3,0,-1,25,0,9223372036800000000,1e+75,0,10,0,0,7,0,0,1,0,0,1,1,0,0,0,0,0,0,2,0,1,-1,-1,-1,2,0,10,-1,1,1,3,-1,-1,-1,0,0,1,0,0,10,0,0,0,27.41
1,0,0,0,-1,0,1,0,0,0,0,0,1,0,1,-1,1,1,2,1,-1,3,0,-1,800,0,9223372036800000000,1e+75,0,10,0,0,7,0,0,1,0,0,1,1,0,0,0,0,0,0,2,0,1,-1,-1,-1,-1,0,10,-1,1,1,3,-1,-1,-1,0,0,1,0,0,10,0,0,0,24.18
1,0,0,0,-1,0,1,0,0,0,0,0,-1,0,-1,0,0,0,-1,-1,0,3,0,-1,800,0,9223372036800000000,1e+75,0,10,0,0,7,0,0,1,0,0,1,1,0,0,0,0,0,3,2,0,1,-1,-1,-1,-1,0,10,-1,1,1,3,-1,-1,-1,0,0,1,0,0,10,0,0,0,40.02
1,0,0,0,-1,0,1,5,0,0,0,0,1,0,1,0,2,0,1,1,0,2,0,-1,200,0,9223372036800000000,1e+75,0,10,0,0,7,0,0,1,0,0,1,1,0,0,0,0,0,2,2,0,1,-1,-1,-1,-1,0,10,-1,1,1,3,-1,-1,-1,0,0,1,0,0,10,0,0,0,49.14
1,0,0,0,-1,0,1,3,0,0,0,0,3,0,-1,0,2,2,-1,0,0,3,0,-1,200,0,9223372036800000000,1e+75,0,10,0,0,7,0,0,1,0,0,1,1,0,0,0,0,0,0,2,0,1,-1,-1,-1,-1,0,10,-1,1,1,3,-1,-1,-1,0,0,1,0,0,10,0,0,0,32.97
1,0,0,0,-1,0,1,0,0,0,4,0,-1,0,-1,0,2,1,-1,1,2,2,0,-1,10,0,9223372036800000000,1e+75,0,10,0,3,7,0,0,1,0,0,1,1,0,0,0,0,0,4,2,0,1,-1,1,-1,2,0,10,-1,1,1,3,-1,-1,-1,0,0,1,0,0,10,0,0,0,36.34
1,0,0,0,-1,0,1,3,0,0,0,0,2,0,-1,0,2,2,-1,0,0,3,0,-1,50,0,9223372036800000000,1e+75,0,10,0,0,7,0,0,1,0,0,1,1,0,0,0,0,0,0,2,0,1,-1,-1,-1,-1,0,10,-1,1,1,3,-1,-1,-1,0,0,1,0,0,10,0,0,0,17.09
1,0,0,0,-1,0,1,1,0,0,0,0,3,0,1,0,-1,0,1,2,-1,3,0,-1,150,0,9223372036800000000,1e+75,0,10,0,0,7,0,0,1,0,0,1,1,0,0,0,0,0,0,2,0,1,-1,-1,-1,-1,0,10,-1,1,1,3,-1,-1,-1,0,0,1,0,0,10,0,0,0,25.12
1,0,0,0,-1,0,1,0,0,0,0,0,0,0,0,0,0,-1,2,-1,0,3,0,-1,150,0,9223372036800000000,1e+75,0,10,0,0,7,0,0,1,0,0,1,1,0,0,0,0,0,0,2,0,1,-1,-1,-1,-1,0,10,-1,1,1,3,-1,-1,-1,0,0,1,0,0,10,0,0,0,34.61
1,0,0,0,-1,0,1,2,0,0,0,0,0,0,-1,2,-1,1,0,2,1,3,0,-1,200,0,9223372036800000000,1e+75,0,10,0,0,7,0,0,1,0,0,1,1,0,0,0,0,1,-1,2,0,1,-1,-1,-1,-1,0,10,-1,1,1,3,-1,-1,-1,0,0,1,0,0,10,0,0,0,84.34
1,0,0,0,-1,0,1,0,0,0,0,0,0,0,-1,-1,2,-1,-1,1,1,2,0,-1,100,0,9223372036800000000,1e+75,0,10,0,3,7,0,0,1,0,0,1,1,0,0,0,0,1,0,2,0,1,-1,-1,-1,-1,0,10,-1,1,1,3,-1,-1,-1,0,0,1,0,0,10,0,0,0,39.37
1,0,0,0,-1,0,1,1,0,0,0,0,2,0,0,0,-1,0,-1,1,-1,3,0,-1,200,0,9223372036800000000,1e+75,0,10,0,0,7,0,0,1,0,0,1,1,0,0,0,0,0,0,2,0,1,-1,-1,-1,-1,0,10,-1,1,1,3,-1,-1,-1,0,0,1,0,0,10,0,0,0,29.19
1,0,0,0,-1,0,1,2,0,0,0,0,2,0,1,-1,0,1,1,1,2,3,0,-1,10,0,9223372036800000000,1e+75,0,10,0,0,7,0,0,1,0,0,1,1,0,0,0,0,0,0,2,0,1,-1,-1,-1,-1,0,10,-1,1,1,3,-1,-1,-1,0,0,1,0,0,10,0,0,0,30.09
1,0,0,0,-1,0,1,0,0,0,0,0,0,0,0,1,1,0,0,1,0,3,0,-1,400,0,9223372036800000000,1e+75,0,10,0,0,7,0,0,1,0,0,1,1,0,0,0,0,0,4,2,0,1,-1,-1,-1,-1,0,10,-1,1,1,3,-1,-1,-1,0,0,1,0,0,10,0,0,0,31.81
1,0,0,0,-1,0,1,5,0,0,0,0,0,0,1,0,2,0,-1,1,0,3,0,-1,100,0,9223372036800000000,1e+75,0,10,0,0,7,0,0,1,0,0,1,1,0,0,0,0,0,0,2,0,1,-1,-1,-1,-1,0,10,-1,1,1,3,-1,-1,-1,0,0,1,0,0,10,0,0,0,27.83
1,0,0,0,-1,0,1,1,0,0,0,0,3,0,1,0,2,2,-1,0,0,3,0,-1,50,0,9223372036800000000,1e+75,0,10,0,0,7,0,0,1,0,0,1,1,0,0,0,0,0,0,2,0,1,-1,-1,-1,-1,0,10,-1,1,1,3,-1,-1,-1,0,0,1,0,0,10,0,0,0,14.43
1,0,0,0,-1,0,1,0,0,0,0,0,0,0,0,0,0,2,-1,2,0,3,0,-1,25,0,9223372036800000000,1e+75,0,10,0,2,7,0,0,1,0,0,1,1,0,0,0,0,0,0,2,0,1,-1,-1,-1,-1,0,10,-1,1,1,3,-1,-1,-1,0,0,1,0,0,10,0,0,0,18.98
1,0,0,0,-1,0,1,1,0,0,0,0,3,0,-1,0,2,2,-1,0,2,3,0,-1,50,0,9223372036800000000,1e+75,0,10,0,0,7,0,0,1,0,0,1,1,0,0,0,0,0,0,2,0,1,-1,-1,-1,-1,0,10,-1,1,1,3,-1,-1,-1,0,0,1,0,0,10,0,0,0,23.5
1,0,0,0,-1,0,1,1,0,0,0,0,3,0,-1,0,2,2,-1,0,0,3,0,-1,50,0,9223372036800000000,1e+75,0,10,0,0,7,0,0,1,0,0,1,1,0,0,-1,0,0,0,2,0,1,-1,-1,-1,-1,0,10,-1,1,1,3,-1,-1,-1,0,0,1,0,0,10,0,0,0,21.22
1,0,0,0,-1,0,1,0,0,0,0,0,1,0,-1,0,1,1,2,1,-1,3,0,-1,800,0,9223372036800000000,1e+75,0,10,0,0,7,0,0,1,0,0,1,1,0,0,0,0,0,0,2,0,1,-1,-1,-1,-1,0,10,-1,1,1,3,-1,-1,-1,0,0,1,0,0,10,0,0,0,24.18
1,0,0,0,-1,0,1,2,0,0,0,0,3,0,1,0,-1,0,1,2,-1,3,0,-1,150,0,9223372036800000000,1e+75,0,10,0,0,7,0,0,1,0,0,1,1,0,0,0,0,0,0,2,0,1,-1,-1,-1,-1,0,10,-1,1,1,3,-1,-1,-1,0,0,1,0,0,10,0,0,0,31.9
1,0,0,0,-1,0,1,0,0,0,0,0,3,0,-1,2,1,2,1,1,-1,10,0,-1,150,0,9223372036800000000,1e+75,0,10,0,1,7,0,0,1,0,0,1,1,0,0,0,0,0,3,2,0,1,-1,1,-1,3,0,10,-1,1,1,3,1,-1,-1,0,0,1,0,0,10,0,0,0,5.3
1,0,0,0,-1,0,1,3,0,0,0,0,3,0,1,2,1,-1,-1,0,2,3,0,-1,150,0,9223372036800000000,1e+75,0,10,0,0,7,0,0,1,0,0,1,1,0,0,0,0,0,0,2,0,1,-1,-1,-1,-1,0,10,-1,1,1,3,-1,-1,-1,0,0,1,0,0,10,0,0,0,33.24
1,0,0,0,-1,0,1,0,0,0,0,0,0,0,-1,0,0,-1,1,-1,0,3,0,-1,400,0,9223372036800000000,1e+75,0,10,0,0,7,0,0,1,0,0,1,1,0,0,0,0,0,0,2,0,1,-1,-1,-1,-1,0,10,-1,1,1,3,-1,-1,-1,0,0,1,0,0,10,0,0,0,38.92
1,0,0,0,-1,0,1,1,0,0,0,0,1,0,-1,-1,1,1,1,2,-1,1,0,-1,10,0,9223372036800000000,1e+75,0,10,0,0,7,0,0,1,0,0,1,1,0,0,0,0,0,0,2,0,1,-1,0,-1,-1,0,10,-1,1,1,3,-1,-1,-1,0,0,1,0,0,10,0,0,0,55.74
1,0,0,0,-1,0,1,0,0,0,0,0,0,0,-1,-1,2,-1,-1,1,1,2,0,-1,100,0,9223372036800000000,1e+75,0,10,0,2,7,0,0,1,0,0,1,1,0,0,0,0,1,0,2,0,1,-1,-1,-1,1,0,10,-1,1,1,3,-1,-1,-1,0,0,1,0,0,10,0,0,0,39
1,0,0,0,-1,0,1,0,0,0,0,0,0,0,-1,2,0,-1,-1,0,-1,10,0,-1,150,0,9223372036800000000,1e+75,0,10,0,0,7,0,0,1,0,0,1,1,0,0,0,0,1,2,2,0,1,-1,0,-1,-1,0,10,-1,1,1,3,-1,-1,-1,0,0,1,0,0,10,0,0,0,31.12
1,0,0,0,-1,0,1,1,0,0,0,0,3,0,-1,0,2,2,-1,0,0,3,0,-1,10,0,9223372036800000000,1e+75,0,10,0,0,7,0,0,1,0,0,1,1,0,0,0,0,0,0,2,0,1,-1,-1,-1,-1,0,10,-1,1,1,3,-1,-1,-1,0,0,1,0,0,10,0,0,0,16.62
1,0,0,0,-1,0,1,1,0,0,0,0,3,0,-1,0,2,2,-1,0,0,3,0,-1,50,0,9223372036800000000,1e+75,0,10,0,0,2,0,0,1,0,0,1,1,0,0,0,0,0,0,2,0,1,-1,-1,-1,-1,0,10,-1,1,1,3,-1,-1,-1,0,0,1,0,0,10,0,0,0,14.43
1,0,0,0,-1,0,1,1,0,0,0,0,-1,0,1,0,-1,0,1,2,-1,3,0,-1,150,0,9223372036800000000,1e+75,0,10,0,0,7,0,0,1,0,0,1,1,0,0,0,0,0,0,2,0,1,-1,-1,-1,-1,0,10,-1,1,1,3,-1,-1,-1,0,0,1,0,0,10,0,0,0,22.34
1,0,0,0,-1,0,1,0,0,0,0,0,0,0,-1,0,0,2,-1,2,0,3,0,-1,25,0,9223372036800000000,1e+75,0,10,0,0,7,0,0,1,0,0,1,1,0,0,0,0,0,0,2,0,1,-1,-1,-1,-1,0,10,-1,1,1,3,-1,-1,-1,0,0,1,0,0,10,0,0,0,18.98
1,0,0,0,-1,0,1,5,0,0,0,0,3,0,1,0,0,-1,2,-1,0,3,0,-1,10,0,9223372036800000000,1e+75,0,10,0,0,7,0,0,1,0,0,1,1,0,0,0,0,0,2,2,0,1,-1,-1,-1,-1,0,10,-1,1,1,3,-1,-1,-1,0,0,1,0,0,10,0,0,0,30.26
1,0,0,0,-1,0,1,1,0,0,0,0,3,0,-1,0,2,2,-1,0,0,3,0,-1,50,0,9223372036800000000,1e+75,0,10,0,0,7,0,0,1,0,0,1,1,0,0,0,0,0,0,2,0,1,-1,-1,-1,-1,0,10,-1,1,1,3,-1,-1,1,0,0,1,0,0,10,0,0,0,14.43
1,0,0,0,-1,0,1,2,0,0,0,0,3,0,1,-1,1,1,-1,1,1,3,0,-1,10,0,9223372036800000000,1e+75,0,10,0,0,7,0,0,1,0,0,1,1,0,0,0,0,0,0,2,0,1,-1,-1,-1,-1,0,10,-1,1,1,3,-1,-1,-1,0,0,1,0,0,10,0,0,0,26.21
1,0,0,0,-1,0,1,0,0,0,2,0,2,0,-1,-1,2,2,2,-1,1,10,0,-1,10,0,9223372036800000000,1e+75,0,10,0,2,7,0,0,1,0,0,1,1,0,0,0,0,3,-1,2,0,1,-1,1,-1,3,0,10,-1,1,1,3,-1,-1,-1,0,0,1,0,0,10,0,0,0,90.43
1,0,0,0,-1,0,1,0,0,0,0,0,3,0,1,2,0,1,2,2,1,3,0,-1,100,0,9223372036800000000,1e+75,0,10,0,0,7,0,0,1,0,0,1,1,0,0,0,0,0,-1,2,0,1,-1,-1,-1,-1,0,10,-1,1,1,3,-1,-1,-1,0,0,1,0,0,10,0,0,0,47.21
1,0,0,0,-1,0,1,1,0,0,0,0,3,0,-1,0,2,2,-1,0,0,3,0,-1,50,0,9223372036800000000,1e+75,0,10,0,0,7,0,0,1,0,0,1,1,0,0,0,0,0,0,2,0,1,-1,-1,-1,-1,0,10,-1,1,1,3,-1,-1,3,0,0,1,0,0,10,0,0,0,14.43
1,0,0,0,-1,0,1,1,0,0,0,0,3,0,-1,0,2,2,-1,0,0,3,0,-1,50,0,9223372036800000000,1e+75,0,10,0,0,7,0,0,1,0,0,1,1,0,0,0,0,0,0,2,0,1,-1,-1,-1,-1,0,5,-1,1,1,3,-1,-1,-1,0,0,1,0,0,10,0,0,0,14.43
1,0,0,0,-1,0,1,1,0,0,0,0,3,0,-1,0,2,2,-1,0,0,3,0,-1,50,0,9223372036800000000,1e+75,0,10,0,0,7,0,0,1,0,0,1,1,0,0,0,4,0,0,2,0,1,-1,-1,-1,-1,0,10,-1,1,1,3,-1,-1,-1,0,0,1,0,0,10,0,0,0,18.9
1,0,0,0,-1,0,1,0,0,0,0,0,1,0,0,2,1,0,0,2,-1,2,0,-1,25,0,9223372036800000000,1e+75,0,10,0,1,7,0,0,1,0,0,1,1,0,0,0,0,0,1,2,0,1,-1,-1,-1,0,0,10,-1,1,1,3,-1,-1,-1,0,0,1,0,0,10,0,0,0,37.95
1,0,0,0,-1,0,1,1,0,0,0,0,3,0,-1,0,2,2,-1,0,0,3,0,-1,800,0,9223372036800000000,1e+75,0,10,0,0,7,0,0,1,0,0,1,1,0,0,0,0,0,0,2,0,1,-1,-1,-1,-1,0,10,-1,1,1,3,-1,-1,-1,0,0,1,0,0,10,0,0,0,20.81
1,0,0,0,-1,0,1,2,0,0,0,0,2,0,1,-1,-1,1,1,1,2,3,0,-1,10,0,9223372036800000000,1e+75,0,10,0,0,7,0,0,1,0,0,1,1,0,0,0,0,0,0,2,0,1,-1,-1,-1,-1,0,10,-1,1,1,3,-1,-1,-1,0,0,1,0,0,10,0,0,0,30.09
1,0,0,0,-1,0,1,1,0,0,0,0,0,0,0,0,-1,1,0,1,-1,3,0,-1,150,0,9223372036800000000,1e+75,0,10,0,0,7,0,0,1,0,0,1,1,0,0,0,0,0,0,2,0,1,-1,-1,-1,-1,0,10,-1,1,1,3,-1,-1,-1,0,0,1,0,0,10,0,0,0,21.01
1,0,0,0,-1,0,1,0,0,0,0,0,2,0,0,0,0,0,-1,0,0,3,0,-1,200,0,9223372036800000000,1e+75,0,10,0,0,7,0,0,1,0,0,1,1,0,0,0,0,0,0,2,0,1,-1,-1,-1,-1,0,10,-1,1,1,3,-1,-1,-1,0,0,1,0,0,10,0,0,0,31.48
1,0,0,0,-1,0,1,0,0,0,0,0,3,0,-1,2,1,2,2,1,-1,10,0,-1,150,0,9223372036800000000,1e+75,0,10,0,1,7,0,0,1,0,0,1,1,0,0,0,0,0,3,2,0,1,-1,1,-1,3,0,10,-1,1,1,3,-1,-1,-1,0,0,1,0,0,10,0,0,0,5.39
1,0,0,0,-1,0,1,1,0,0,0,0,3,0,-1,0,2,2,-1,0,0,3,0,-1,50,0,9223372036800000000,1e+75,0,10,0,0,7,0,0,1,0,0,1,1,0,1,0,0,0,0,2,0,1,-1,-1,-1,-1,0,10,-1,1,1,3,-1,-1,-1,0,0,1,0,0,10,0,0,0,20.08
1,0,0,0,-1,0,1,1,0,0,0,0,3,0,-1,0,2,2,-1,0,0,3,0,-1,50,0,9223372036800000000,1e+75,0,10,0,0,30,0,0,1,0,0,1,1,0,0,0,0,0,0,2,0,1,-1,-1,-1,-1,0,10,-1,1,1,3,-1,-1,-1,0,0,1,0,0,10,0,0,0,14.43
1,0,0,0,-1,0,1,4,0,0,0,0,2,0,-1,1,0,2,1,1,-1,3,0,-1,800,0,9223372036800000000,1e+75,0,10,0,0,7,0,0,1,0,0,1,1,0,0,0,0,0,1,2,0,1,-1,-1,-1,-1,0,10,-1,1,1,3,-1,-1,-1,0,0,1,0,0,10,0,0,0,32.25
1,0,0,0,-1,0,1,2,0,0,0,0,2,0,1,2,1,1,1,1,2,3,0,-1,10,0,9223372036800000000,1e+75,0,10,0,0,7,0,0,1,0,0,1,1,0,0,0,0,0,0,2,0,1,-1,-1,-1,-1,0,10,-1,1,1,3,-1,-1,-1,0,0,1,0,0,10,0,0,0,31.82
1,0,0,0,-1,0,1,0,0,0,0,0,0,0,-1,-1,2,-1,-1,1,-1,2,0,-1,100,0,9223372036800000000,1e+75,0,10,0,3,7,0,0,1,0,0,1,1,0,0,0,0,1,0,2,0,1,-1,-1,-1,1,0,10,-1,1,1,3,-1,-1,-1,0,0,1,0,0,10,0,0,0,37.88
1,0,0,0,-1,0,1,1,0,0,0,0,3,0,-1,0,2,2,-1,0,0,3,0,-1,50,0,9223372036800000000,1e+75,0,10,0,0,7,0,0,1,0,0,1,1,0,-1,0,0,0,0,2,0,1,-1,-1,-1,-1,0,10,-1,1,1,3,-1,-1,-1,0,0,1,0,0,10,0,0,0,20.83
1,0,0,0,-1,0,1,0,0,0,0,0,3,0,0,-1,1,0,0,2,0,3,0,-1,10,0,9223372036800000000,1e+75,0,10,0,0,7,0,0,1,0,0,1,1,0,0,0,0,0,1,2,0,1,-1,-1,-1,-1,0,10,-1,1,1,3,-1,-1,-1,0,0,1,0,0,10,0,0,0,31.57
1,0,0,0,-1,0,1,0,0,0,2,0,2,0,-1,-1,2,2,2,-1,1,2,0,-1,10,0,9223372036800000000,1e+75,0,10,0,2,7,0,0,1,0,0,1,1,0,0,0,0,3,-1,2,0,1,-1,1,-1,0,0,10,-1,1,1,3,-1,-1,-1,0,0,1,0,0,10,0,0,0,90.43
1,0,0,0,-1,0,1,1,0,0,0,0,3,0,-1,0,2,2,-1,0,0,3,0,-1,50,0,9223372036800000000,5,0,10,0,0,7,0,0,1,0,0,1,1,0,0,0,0,0,0,2,0,1,-1,-1,-1,-1,0,10,-1,1,1,3,-1,-1,-1,0,0,1,0,0,10,0,0,0,14.43
1,0,0,0,-1,0,1,4,0,0,0,0,3,0,1,-1,0,-1,0,0,-1,3,0,-1,50,0,9223372036800000000,1e+75,0,10,0,0,7,0,0,1,0,0,1,1,0,0,0,0,0,0,2,0,1,-1,-1,-1,-1,0,10,-1,1,1,3,-1,-1,-1,0,0,1,0,0,10,0,0,0,30.62
1,0,0,0,-1,0,1,2,0,0,0,0,2,0,1,-1,1,1,1,1,2,3,0,-1,10,0,9223372036800000000,1e+75,0,10,0,0,7,0,0,1,0,0,1,1,0,0,0,0,0,0,2,0,1,-1,-1,-1,-1,0,10,-1,1,1,3,-1,-1,-1,0,0,1,0,0,10,0,0,0,30.09
1,0,0,0,-1,0,1,2,0,0,1,0,2,0,-1,1,-1,0,1,2,-1,10,0,-1,200,0,9223372036800000000,1e+75,0,10,0,0,7,0,0,1,0,0,1,1,0,0,0,0,4,0,2,0,1,-1,1,-1,-1,0,10,-1,1,1,3,-1,-1,-1,0,0,1,0,0,10,0,0,0,21.65
1,0,0,0,-1,0,1,0,0,0,4,0,0,0,-1,0,0,1,1,0,1,1,0,-1,50,0,9223372036800000000,1e+75,0,10,0,1,7,0,0,1,0,0,1,1,0,0,0,0,2,-1,2,0,1,-1,-1,-1,3,0,10,-1,1,1,3,-1,-1,-1,0,0,1,0,0,10,0,0,0,87.86
1,0,0,0,-1,0,1,0,0,0,1,0,1,0,0,2,1,0,-1,2,-1,2,0,-1,25,0,9223372036800000000,1e+75,0,10,0,1,7,0,0,1,0,0,1,1,0,0,0,0,0,1,2,0,1,-1,-1,-1,0,0,10,-1,1,1,3,-1,-1,-1,0,0,1,0,0,10,0,0,0,39.32
1,0,0,0,-1,0,1,1,0,0,0,0,3,0,0,0,-1,0,1,2,-1,3,0,-1,150,0,9223372036800000000,1e+75,0,10,0,0,7,0,0,1,0,0,1,1,0,0,0,0,0,0,2,0,1,-1,-1,-1,-1,0,10,-1,1,1,3,-1,-1,-1,0,0,1,0,0,10,0,0,0,25.12
1,0,0,0,-1,0,1,0,0,0,2,0,2,0,-1,-1,2,2,2,-1,1,2,0,-1,10,0,9223372036800000000,1e+75,0,10,0,2,7,0,0,1,0,0,1,1,0,0,0,0,3,-1,2,0,1,-1,1,-1,2,0,10,-1,1,1,3,-1,-1,-1,0,0,1,0,0,10,0,0,0,90.43
1,0,0,0,-1,0,1,2,0,0,0,0,2,0,1,-1,1,-1,1,1,2,3,0,-1,10,0,9223372036800000000,1e+75,0,10,0,0,7,0,0,1,0,0,1,1,0,0,0,0,0,0,2,0,1,-1,-1,-1,-1,0,10,-1,1,1,3,-1,-1,-1,0,0,1,0,0,10,0,0,0,31.94
1,0,0,0,-1,0,1,2,0,0,0,0,2,0,1,-1,1,2,1,1,2,3,0,-1,10,0,9223372036800000000,1e+75,0,10,0,0,7,0,0,1,0,0,1,1,0,0,0,0,0,0,2,0,1,-1,-1,-1,-1,0,10,-1,1,1,3,-1,-1,-1,0,0,1,0,0,10,0,0,0,30.23
1,0,0,0,-1,0,1,0,0,0,2,0,2,0,-1,-1,2,2,-1,-1,1,2,0,-1,10,0,9223372036800000000,1e+75,0,10,0,2,7,0,0,1,0,0,1,1,0,0,0,0,3,-1,2,0,1,-1,1,-1,3,0,10,-1,1,1,3,-1,-1,-1,0,0,1,0,0,10,0,0,0,92.17
1,0,0,0,-1,0,1,1,0,0,0,0,3,0,-1,0,2,2,-1,0,0,3,0,-1,50,0,9223372036800000000,1e+75,0,10,0,0,7,0,0,1,0,0,1,1,0,0,0,2,0,0,2,0,1,-1,-1,-1,-1,0,10,-1,1,1,3,-1,-1,-1,0,0,1,0,0,10,0,0,0,14.43
1,0,0,0,-1,0,1,1,0,0,0,0,3,0,-1,0,2,2,-1,0,0,3,0,-1,50,0,9223372036800000000,1e+75,0,10,0,0,7,0,0,1,0,0,1,1,0,0,0,5,0,0,2,0,1,-1,-1,-1,-1,0,10,-1,1,1,3,-1,-1,-1,0,0,1,0,0,10,0,0,0,19.04
1,0,0,0,-1,0,1,1,0,0,1,0,2,0,-1,-1,2,2,-1,1,2,0,0,-1,150,0,9223372036800000000,1e+75,0,10,0,2,7,0,0,1,0,0,1,1,0,0,0,0,2,2,2,0,1,-1,1,-1,0,0,10,-1,1,1,3,-1,-1,-1,0,0,1,0,0,10,0,0,0,50.57
1,0,0,0,-1,0,1,2,0,0,0,0,2,0,1,-1,1,1,1,1,2,3,0,-1,400,0,9223372036800000000,1e+75,0,10,0,0,7,0,0,1,0,0,1,1,0,0,0,0,0,0,2,0,1,-1,-1,-1,-1,0,10,-1,1,1,3,-1,-1,-1,0,0,1,0,0,10,0,0,0,32.93
1,0,0,0,-1,0,1,1,0,0,0,0,0,0,1,0,-1,0,-1,1,-1,3,0,-1,200,0,9223372036800000000,1e+75,0,10,0,0,7,0,0,1,0,0,1,1,0,0,0,0,0,0,2,0,1,-1,-1,-1,-1,0,10,-1,1,1,3,-1,-1,-1,0,0,1,0,0,10,0,0,0,22.65
1,0,0,0,-1,0,1,5,0,0,0,0,-1,0,0,0,2,1,0,1,2,3,0,-1,200,0,9223372036800000000,1e+75,0,10,0,0,7,0,0,1,0,0,1,1,0,0,0,0,0,-1,2,0,1,-1,-1,-1,-1,0,10,-1,1,1,3,-1,-1,-1,0,0,1,0,0,10,0,0,0,83.42
1,0,0,0,-1,0,1,1,0,0,1,0,2,0,-1,-1,2,2,0,1,2,1,0,-1,150,0,9223372036800000000,1e+75,0,10,0,1,7,0,0,1,0,0,1,1,0,0,0,0,2,2,2,0,1,-1,-1,-1,0,0,10,-1,1,1,3,-1,-1,-1,0,0,1,0,0,10,0,0,0,43.71
1,0,0,0,-1,3,1,1,0,0,0,0,3,0,-1,0,2,2,-1,0,0,3,0,-1,50,0,9223372036800000000,1e+75,0,10,0,0,7,0,0,1,0,0,1,1,0,0,0,0,0,0,2,0,1,-1,-1,-1,-1,0,10,-1,1,1,3,-1,-1,-1,0,0,1,0,0,10,0,0,0,14.43
1,0,0,0,-1,0,1,3,0,0,0,0,3,0,-1,0,2,1,-1,-1,2,3,0,-1,150,0,9223372036800000000,1e+75,0,10,0,0,7,0,0,1,0,0,1,1,0,0,0,0,0,-1,2,0,1,-1,-1,-1,-1,0,10,-1,1,1,3,-1,-1,-1,0,0,1,0,0,10,0,0,0,48.72
1,0,0,0,-1,0,1,3,0,0,0,0,-1,0,-1,2,-1,1,-1,0,1,3,0,-1,150,0,9223372036800000000,1e+75,0,10,0,0,7,0,0,1,0,0,1,1,0,0,0,0,4,1,2,0,1,-1,-1,-1,-1,0,10,-1,1,1,3,-1,-1,-1,0,0,1,0,0,10,0,0,0,1.79769e+308
1,0,0,0,-1,0,1,0,0,0,2,0,2,0,-1,-1,2,2,2,-1,1,2,0,-1,10,0,9223372036800000000,1e+75,0,10,0,2,7,0,0,1,0,0,1,1,0,0,0,0,3,-1,2,0,1,-1,-1,-1,3,0,10,-1,1,1,3,-1,-1,-1,0,0,1,0,0,10,0,0,0,91.28
1,0,0,0,-1,0,1,5,0,0,0,0,2,0,1,-1,1,1,1,1,2,3,0,-1,10,0,9223372036800000000,1e+75,0,10,0,0,7,0,0,1,0,0,1,1,0,0,0,0,0,0,2,0,1,-1,-1,-1,-1,0,10,-1,1,1,3,-1,-1,-1,0,0,1,0,0,10,0,0,0,29.28
1,0,0,0,-1,0,1,1,0,0,0,0,3,0,-1,0,2,2,-1,0,0,3,0,-1,50,0,9223372036800000000,1e+75,0,10,0,0,7,0,0,1,0,0,1,1,0,0,0,0,0,0,2,0,1,-1,-1,-1,-1,0,10,-1,1,1,3,-1,-1,-1,0,0,1,0,0,10,0,0,0,14.43
1,0,0,0,-1,0,1,1,0,0,0,0,1,0,-1,-1,1,1,1,2,-1,2,0,-1,10,0,9223372036800000000,1e+75,0,10,0,0,7,0,0,1,0,0,1,1,0,0,0,0,0,0,2,0,1,-1,0,-1,-1,0,10,-1,1,1,3,-1,-1,-1,0,0,1,0,0,10,0,0,0,45.49
1,0,0,0,-1,0,1,0,0,0,0,0,0,0,0,0,0,0,-1,0,0,3,0,-1,50,0,9223372036800000000,1e+75,0,10,0,0,7,0,0,1,0,0,1,1,0,0,0,0,0,0,2,0,1,-1,-1,-1,-1,0,10,-1,1,1,3,-1,-1,-1,0,0,1,0,0,10,0,0,0,32.65
1,0,0,0,-1,0,1,5,0,0,0,0,2,0,-1,-1,1,0,1,1,2,3,0,-1,10,0,9223372036800000000,1e+75,0,10,0,0,7,0,0,1,0,0,1,1,0,0,0,0,0,0,2,0,1,-1,-1,-1,-1,0,10,-1,1,1,3,-1,-1,-1,0,0,1,0,0,10,0,0,0,23.14
1,0,0,0,-1,0,1,2,0,0,0,0,0,0,0,1,-1,0,-1,2,0,5,0,-1,200,0,9223372036800000000,1e+75,0,10,0,0,7,0,0,1,0,0,1,1,0,0,0,0,5,4,2,0,1,-1,-1,-1,-1,0,10,-1,1,1,3,-1,-1,-1,0,0,1,0,0,10,0,0,0,88.25
1,0,0,0,-1,0,1,1,0,0,0,0,2,0,0,1,2,0,1,0,2,3,0,-1,100,0,9223372036800000000,1e+75,0,10,0,0,7,0,0,1,0,0,1,1,0,0,0,0,0,0,2,0,1,-1,-1,-1,-1,0,10,-1,1,1,3,-1,-1,-1,0,0,1,0,0,10,0,0,0,20.95
1,0,0,0,-1,0,1,2,0,0,0,0,0,0,1,-1,2,-1,0,1,-1,2,0,-1,50,0,9223372036800000000,1e+75,0,10,0,0,7,0,0,1,0,0,1,1,0,0,0,0,0,4,2,0,1,-1,-1,-1,2,0,10,-1,1,1,3,-1,-1,-1,0,0,1,0,0,10,0,0,0,35.85
1,0,0,0,-1,0,1,0,0,0,0,0,1,0,-1,-1,1,1,1,2,-1,2,0,-1,10,0,9223372036800000000,1e+75,0,10,0,0,7,0,0,1,0,0,1,1,0,0,0,0,0,0,2,0,1,-1,1,-1,-1,0,10,-1,1,1,3,-1,-1,-1,0,0,1,0,0,10,0,0,0,35.49
1,0,0,0,-1,0,1,0,0,0,0,0,1,0,-1,-1,1,1,2,1,1,3,0,-1,800,0,9223372036800000000,1e+75,0,10,0,0,7,0,0,1,0,0,1,1,0,0,0,0,0,0,2,0,1,-1,-1,-1,-1,0,10,-1,1,1,3,-1,-1,-1,0,0,1,0,0,10,0,0,0,32.55
1,0,0,0,-1,0,1,2,0,0,0,0,0,0,1,-1,2,-1,1,1,-1,2,0,-1,50,0,9223372036800000000,1e+75,0,10,0,0,7,0,0,1,0,0,1,1,0,0,0,0,0,4,2,0,1,-1,-1,-1,2,0,10,-1,1,1,3,-1,-1,-1,0,0,1,0,0,10,0,0,0,35.85
1,0,0,0,-1,0,1,5,0,0,0,0,-1,0,1,0,2,0,-1,1,-1,3,0,-1,100,0,9223372036800000000,1e+75,0,10,0,0,7,0,0,1,0,0,1,1,0,0,0,0,0,0,2,0,1,-1,-1,-1,-1,0,10,-1,1,1,3,-1,-1,-1,0,0,1,0,0,10,0,0,0,20.54
1,0,0,0,-1,0,1,5,0,0,0,0,2,0,1,2,1,1,-1,1,1,3,0,-1,10,0,9223372036800000000,1e+75,0,10,0,0,7,0,0,1,0,0,1,1,0,0,0,0,0,0,2,0,1,-1,-1,-1,-1,0,10,-1,1,1,3,-1,-1,-1,0,0,1,0,0,10,0,0,0,24.76
1,0,0,0,-1,0,1,0,0,0,0,0,2,0,-1,-1,2,2,2,-1,1,2,0,-1,10,0,9223372036800000000,1e+75,0,10,0,2,7,0,0,1,0,0,1,1,0,0,0,0,3,-1,2,0,1,-1,1,-1,3,0,10,-1,1,1,3,-1,-1,-1,0,0,1,0,0,10,0,0,0,90.43
1,0,0,0,-1,0,1,3,0,0,0,0,2,0,1,1,0,0,-1,-1,0,3,0,-1,150,0,9223372036800000000,1e+75,0,10,0,0,7,0,0,1,0,0,1,1,0,0,0,0,0,1,2,0,1,-1,-1,-1,-1,0,10,-1,1,1,3,-1,-1,-1,0,0,1,0,0,10,0,0,0,34.33
1,0,0,0,-1,0,1,0,0,0,0,0,0,0,0,0,0,2,-1,2,0,3,0,-1,25,0,9223372036800000000,1e+75,0,10,0,0,7,0,0,1,0,0,1,1,0,0,0,0,0,0,2,0,1,-1,-1,-1,1,0,10,-1,1,1,3,-1,-1,-1,0,0,1,0,0,10,0,0,0,27.41
1,0,0,0,-1,0,1,0,0,0,0,0,1,0,-1,-1,1,-1,-1,1,-1,3,0,-1,800,0,9223372036800000000,1e+75,0,10,0,0,7,0,0,1,0,0,1,1,0,0,0,0,0,0,2,0,1,-1,-1,-1,-1,0,10,-1,1,1,3,-1,-1,-1,0,0,1,0,0,10,0,0,0,27
1,0,0,0,-1,0,1,1,0,0,0,0,3,0,-1,0,2,1,-1,-1,1,3,0,-1,150,0,9223372036800000000,1e+75,0,10,0,0,7,0,0,1,0,0,1,1,0,0,0,0,0,-1,2,0,1,-1,-1,-1,-1,0,10,-1,1,1,3,-1,-1,-1,0,0,1,0,0,10,0,0,0,21.75
1,0,0,0,-1,0,1,3,0,0,0,0,3,0,1,2,1,-1,-1,2,0,3,0,-1,150,0,9223372036800000000,1e+75,0,10,0,0,7,0,0,1,0,0,1,1,0,0,0,0,0,0,2,0,1,-1,-1,-1,-1,0,10,-1,1,1,3,-1,-1,-1,0,0,1,0,0,10,0,0,0,21.99
1,0,0,0,-1,0,1,1,0,0,0,0,3,0,-1,0,2,2,-1,0,0,3,0,-1,50,0,9223372036800000000,1e+75,0,10,0,0,7,-1,0,1,0,0,1,1,0,0,0,0,0,0,2,0,1,-1,-1,-1,-1,0,10,-1,1,1,3,-1,-1,-1,0,0,1,0,0,10,0,0,0,38.03
1,0,0,0,-1,0,1,0,0,0,0,0,1,0,-1,-1,1,1,2,1,-1,3,0,-1,50,0,9223372036800000000,1e+75,0,10,0,0,7,0,0,1,0,0,1,1,0,0,0,0,0,0,2,0,1,-1,-1,-1,-1,0,10,-1,1,1,3,-1,-1,-1,0,0,1,0,0,10,0,0,0,24.59
1,0,0,0,-1,0,1,1,0,0,0,0,2,0,0,0,-1,0,-1,2,-1,3,0,-1,150,0,9223372036800000000,1e+75,0,10,0,0,7,0,0,1,0,0,1,1,0,0,0,0,0,0,2,0,1,-1,-1,-1,-1,0,10,-1,1,1,3,-1,-1,-1,0,0,1,0,0,10,0,0,0,24.99
1,0,0,0,-1,0,1,5,0,0,0,0,2,0,1,-1,1,0,1,1,2,3,0,-1,800,0,9223372036800000000,1e+75,0,10,0,0,7,0,0,1,0,0,1,1,0,0,0,0,0,0,2,0,1,-1,-1,-1,-1,0,10,-1,1,1,3,-1,-1,-1,0,0,1,0,0,10,0,0,0,31.07
1,0,0,0,-1,0,1,5,0,0,0,0,3,0,1,0,0,-1,2,2,0,3,0,-1,10,0,9223372036800000000,1e+75,0,10,0,0,7,0,0,1,0,0,1,1,0,0,0,0,0,2,2,0,1,-1,-1,-1,-1,0,10,-1,1,1,3,-1,-1,-1,0,0,1,0,0,10,0,0,0,44.28
1,0,0,0,-1,0,1,2,0,0,0,0,1,0,-1,-1,1,1,2,1,-1,3,0,-1,800,0,9223372036800000000,1e+75,0,10,0,0,7,0,0,1,0,0,1,1,0,0,0,0,0,0,2,0,1,-1,-1,-1,-1,0,10,-1,1,1,3,-1,-1,-1,0,0,1,0,0,10,0,0,0,24.18
1,0,0,0,-1,0,1,0,0,0,0,0,1,0,-1,-1,1,1,2,1,-1,3,0,-1,800,0,9223372036800000000,1e+75,0,10,0,0,7,0,0,1,0,0,1,1,0,0,0,0,0,0,2,0,1,-1,-1,-1,-1,0,10,-1,1,1,3,-1,-1,-1,0,0,1,0,0,10,0,0,0,24.18
1,0,0,0,-1,0,1,0,0,0,0,0,2,0,-1,1,1,1,1,-1,1,3,0,-1,200,0,9223372036800000000,1e+75,0,10,0,0,7,0,0,1,0,0,1,1,0,0,0,0,1,0,2,0,1,-1,-1,-1,-1,0,10,-1,1,1,3,-1,-1,-1,0,0,1,0,0,10,0,0,0,40.5
1,0,0,0,-1,0,1,0,0,0,0,0,1,0,-1,-1,2,1,2,1,-1,3,0,-1,800,0,9223372036800000000,1e+75,0,10,0,0,7,0,0,1,0,0,1,1,0,0,0,0,0,0,2,0,1,-1,-1,-1,-1,0,10,-1,1,1,3,-1,-1,-1,0,0,1,0,0,10,0,0,0,24.18
1,0,0,0,-1,0,1,0,0,0,0,0,3,0,0,-1,1,1,2,-1,-1,3,0,-1,10,0,9223372036800000000,1e+75,0,10,0,0,7,0,0,1,0,0,1,1,0,0,0,0,0,1,2,0,1,-1,-1,-1,-1,0,10,-1,1,1,3,-1,-1,-1,0,0,1,0,0,10,0,0,0,61.93
1,0,0,0,-1,0,1,3,0,0,0,0,0,0,1,2,2,0,0,2,-1,3,0,-1,100,0,9223372036800000000,1e+75,0,10,0,0,7,0,0,1,0,0,1,1,0,0,0,0,0,-1,2,0,1,-1,1,-1,1,0,10,-1,1,1,3,-1,-1,-1,0,0,1,0,0,10,0,0,0,35.99
1,0,0,0,-1,0,1,5,0,0,0,0,3,0,1,1,0,-1,0,0,-1,3,0,-1,50,0,9223372036800000000,1e+75,0,10,0,0,7,0,0,1,0,0,1,1,0,0,0,0,0,0,2,0,1,-1,-1,-1,-1,0,10,-1,1,1,3,-1,-1,-1,0,0,1,0,0,10,0,0,0,26.96
1,0,0,0,-1,0,1,0,0,0,0,0,1,0,-1,-1,1,-1,2,1,1,3,0,-1,800,0,9223372036800000000,1e+75,0,10,0,0,7,0,0,1,0,0,1,1,0,0,0,0,0,0,2,0,1,-1,-1,-1,-1,0,10,-1,1,1,3,-1,-1,-1,0,0,1,0,0,10,0,0,0,25.5
1,0,0,0,-1,0,1,5,0,0,0,0,1,0,-1,-1,1,1,2,1,-1,3,0,-1,800,0,9223372036800000000,1e+75,0,10,0,0,7,0,0,1,0,0,1,1,0,0,0,0,0,0,2,0,1,-1,-1,-1,-1,0,10,-1,1,1,3,-1,-1,-1,0,0,1,0,0,10,0,0,0,23.29
1,0,0,0,-1,0,1,3,0,0,0,0,0,0,1,2,2,0,0,2,1,3,0,-1,10,0,9223372036800000000,1e+75,0,10,0,0,7,0,0,1,0,0,1,1,0,0,0,0,0,-1,2,0,1,-1,1,-1,1,0,10,-1,1,1,3,-1,-1,-1,0,0,1,0,0,10,0,0,0,21.25
1,0,0,0,-1,0,1,1,0,0,0,0,2,0,0,1,2,0,1,0,1,3,0,-1,100,0,9223372036800000000,1e+75,0,10,0,0,7,0,0,1,0,0,1,1,0,0,0,0,0,0,2,0,1,-1,-1,-1,-1,0,10,-1,1,1,3,-1,-1,-1,0,0,1,0,0,10,0,0,0,19.36
1,0,0,0,-1,0,1,1,0,0,0,0,0,0,1,0,-1,1,0,1,0,3,0,-1,150,0,9223372036800000000,1e+75,0,10,0,0,7,0,0,1,0,0,1,1,0,0,0,0,0,0,2,0,1,-1,-1,-1,-1,0,10,-1,1,1,3,-1,-1,-1,0,0,1,0,0,10,0,0,0,29.48
1,0,0,0,-1,0,1,5,0,0,0,0,1,0,-1,-1,1,1,1,1,-1,3,0,-1,800,0,9223372036800000000,1e+75,0,10,0,0,7,0,0,1,0,0,1,1,0,0,0,0,0,0,2,0,1,-1,-1,-1,-1,0,10,-1,1,1,3,-1,-1,-1,0,0,1,0,0,10,0,0,0,23.29
1,0,0,0,-1,0,1,1,0,0,0,0,3,0,-1,0,2,2,-1,0,0,3,0,-1,50,0,9223372036800000000,20,0,10,0,0,7,0,0,1,0,0,1,1,0,0,0,0,0,0,2,0,1,-1,-1,-1,-1,0,10,-1,1,1,3,-1,-1,-1,0,0,1,0,0,10,0,0,0,14.43
1,0,0,0,-1,0,1,1,0,0,0,0,3,0,-1,0,2,2,-1,0,0,3,0,-1,50,0,9223372036800000000,40,0,10,0,0,7,0,0,1,0,0,1,1,0,0,0,0,0,0,2,0,1,-1,-1,-1,-1,0,10,-1,1,1,3,-1,-1,-1,0,0,1,0,0,10,0,0,0,14.43
1,0,0,0,-1,0,1,1,0,0,0,0,3,0,-1,0,2,2,-1,0,0,3,0,-1,50,0,9223372036800000000,50,0,10,0,0,7,0,0,1,0,0,1,1,0,0,0,0,0,0,2,0,1,-1,-1,-1,-1,0,10,-1,1,1,3,-1,-1,-1,0,0,1,0,0,10,0,0,0,14.43
1,0,0,0,-1,0,1,5,0,0,0,0,1,0,1,0,-1,1,-1,-1,0,3,0,-1,50,0,9223372036800000000,1e+75,0,10,0,0,7,0,0,1,0,0,1,1,0,0,0,0,0,0,2,0,1,-1,-1,-1,-1,0,10,-1,1,1,3,-1,-1,-1,0,0,1,0,0,10,0,0,0,35.33
1,0,0,0,-1,0,1,1,0,0,0,0,3,0,-1,0,2,2,-1,0,0,3,0,-1,50,0,9223372036800000000,60,0,10,0,0,7,0,0,1,0,0,1,1,0,0,0,0,0,0,2,0,1,-1,-1,-1,-1,0,10,-1,1,1,3,-1,-1,-1,0,0,1,0,0,10,0,0,0,14.43
1,0,0,0,-1,0,1,1,0,0,0,0,3,0,-1,0,2,2,-1,0,0,3,0,-1,50,0,9223372036800000000,1e+75,0,10,0,0,7,0,0,1,0,0,1,1,0,0,0,0,3,0,2,0,1,-1,-1,-1,-1,0,10,-1,1,1,3,-1,-1,-1,0,0,1,0,0,10,0,0,0,93.11
1,0,0,0,-1,0,1,1,0,0,0,0,3,0,-1,0,2,2,-1,0,0,3,0,-1,50,0,9223372036800000000,240,0,10,0,0,7,0,0,1,0,0,1,1,0,0,0,0,0,0,2,0,1,-1,-1,-1,-1,0,10,-1,1,1,3,-1,-1,-1,0,0,1,0,0,10,0,0,0,14.43
1,0,0,0,-1,0,1,0,0,0,0,0,0,0,0,0,0,-1,-1,2,0,3,0,-1,50,0,9223372036800000000,1e+75,0,10,0,0,7,0,0,1,0,0,1,1,0,0,0,0,0,0,2,0,1,-1,-1,-1,-1,0,10,-1,1,1,3,-1,-1,-1,0,0,1,0,0,10,0,0,0,29.89
1,0,0,0,-1,0,1,1,0,0,0,0,3,0,-1,0,2,2,-1,0,0,3,0,-1,50,0,9223372036800000000,1e+75,0,10,0,0,7,0,0,1,0,0,1,1,0,0,60,0,0,0,2,0,1,-1,-1,-1,-1,0,10,-1,1,1,3,-1,-1,-1,0,0,1,0,0,10,0,0,0,21.84
1,0,0,0,-1,0,1,1,0,0,0,0,3,0,-1,0,2,2,-1,0,0,3,0,-1,50,0,9223372036800000000,1e+75,0,10,0,0,7,0,0,1,0,0,1,1,0,0,0,0,0,0,2,0,1,-1,-1,-1,-1,0,10,-1,1,1,3,-1,-1,-1,0,0,1,3,0,10,0,0,0,27
1,0,0,0,-1,0,1,3,0,0,0,0,3,0,-1,-1,2,2,-1,0,2,2,0,-1,25,0,9223372036800000000,1e+75,0,10,0,0,7,0,0,1,0,0,1,1,0,0,0,0,5,3,2,0,1,-1,-1,-1,-1,0,10,-1,1,1,3,-1,-1,-1,0,0,1,0,0,10,0,0,0,90.6
1,0,0,0,-1,0,1,2,0,0,0,0,0,0,0,-1,2,0,1,2,1,5,0,-1,50,0,9223372036800000000,1e+75,0,10,0,0,7,0,0,1,0,0,1,1,0,0,0,0,1,-1,2,0,1,-1,-1,-1,-1,0,10,-1,1,1,3,-1,-1,-1,0,0,1,0,0,10,0,0,0,83.5
1,0,0,0,-1,0,1,0,0,0,0,0,0,0,-1,2,0,-1,1,0,-1,10,0,-1,150,0,9223372036800000000,1e+75,0,10,0,0,7,0,0,1,0,0,1,1,0,0,0,0,1,2,2,0,1,-1,0,-1,-1,0,10,-1,1,1,3,-1,-1,-1,0,0,1,0,0,10,0,0,0,32.44
1,0,0,0,-1,0,1,1,0,0,0,0,3,0,-1,0,2,2,-1,0,0,3,0,-1,50,0,9223372036800000000,1e+75,0,10,0,0,7,0,0,1,0,0,1,1,0,0,100,0,0,0,2,0,1,-1,-1,-1,-1,0,10,-1,1,1,3,-1,-1,-1,0,0,1,0,0,10,0,0,0,21.84
1,0,0,0,-1,0,1,4,0,0,0,0,2,0,0,1,2,0,1,0,2,3,0,-1,100,0,9223372036800000000,1e+75,0,10,0,0,7,0,0,1,0,0,1,1,0,0,0,0,0,0,2,0,1,-1,-1,-1,-1,0,10,-1,1,1,3,-1,-1,-1,0,0,1,0,0,10,0,0,0,39.36
1,0,0,0,-1,0,1,1,0,0,0,0,3,0,-1,0,2,2,-1,0,0,3,0,-1,50,0,9223372036800000000,1e+75,0,10,0,0,7,0,0,1,0,0,1,1,0,0,200,0,0,0,2,0,1,-1,-1,-1,-1,0,10,-1,1,1,3,-1,-1,-1,0,0,1,0,0,10,0,0,0,21.84
1,0,0,0,-1,0,1,1,0,0,0,0,3,0,-1,0,2,2,-1,0,0,3,0,-1,50,0,9223372036800000000,1e+75,0,10,0,0,7,0,0,1,0,0,1,1,0,0,500,0,0,0,2,0,1,-1,-1,-1,-1,0,10,-1,1,1,3,-1,-1,-1,0,0,1,0,0,10,0,0,0,21.84
1,0,0,0,-1,0,1,0,0,0,0,0,0,0,0,0,0,1,-1,2,0,3,0,-1,25,0,9223372036800000000,1e+75,0,10,0,0,7,0,0,1,0,0,1,1,0,0,0,0,0,0,2,0,1,-1,-1,-1,-1,0,10,-1,1,1,3,-1,-1,-1,0,0,1,0,0,10,0,0,0,30.9
1,0,0,0,-1,0,1,2,0,0,2,0,2,0,-1,2,1,2,0,2,-1,10,0,-1,25,0,9223372036800000000,1e+75,0,10,0,0,7,0,0,1,0,0,1,1,0,0,0,0,0,-1,2,0,1,-1,0,-1,-1,0,10,-1,1,1,3,-1,-1,-1,0,0,1,0,0,10,0,0,0,10.55
1,0,0,0,-1,0,1,1,0,0,0,0,3,0,-1,0,2,2,-1,0,0,3,0,-1,50,0,9223372036800000000,1e+75,0,10,0,0,7,0,0,1,0,0,1,1,0,0,1000,0,0,0,2,0,1,-1,-1,-1,-1,0,10,-1,1,1,3,-1,-1,-1,0,0,1,0,0,10,0,0,0,21.84
1,0,0,0,-1,0,1,0,0,0,0,0,1,0,-1,-1,1,1,2,2,-1,3,0,-1,800,0,9223372036800000000,1e+75,0,10,0,0,7,0,0,1,0,0,1,1,0,0,0,0,0,0,2,0,1,-1,-1,-1,-1,0,10,-1,1,1,3,-1,-1,-1,0,0,1,0,0,10,0,0,0,33.37
1,0,0,0,-1,0,1,3,0,0,0,0,3,0,1,0,0,0,1,2,-1,3,0,-1,150,0,9223372036800000000,1e+75,0,10,0,0,7,0,0,1,0,0,1,1,0,0,0,0,0,0,2,0,1,-1,-1,-1,-1,0,10,-1,1,1,3,-1,-1,-1,0,0,1,0,0,10,0,0,0,31.34
1,0,0,0,-1,0,1,1,0,0,0,0,3,0,-1,0,2,2,-1,0,0,3,0,-1,50,0,9223372036800000000,1e+75,0,10,0,0,0,0,0,1,0,0,1,1,0,0,0,0,0,0,2,0,1,-1,-1,-1,-1,0,10,-1,1,1,3,-1,-1,-1,0,0,1,0,0,10,0,0,0,14.43
1,0,0,0,-1,0,1,1,0,0,0,0,3,0,-1,0,2,2,-1,0,0,3,0,-1,50,0,9223372036800000000,1e+75,0,10,0,0,3,0,0,1,0,0,1,1,0,0,0,0,0,0,2,0,1,-1,-1,-1,-1,0,10,-1,1,1,3,-1,-1,-1,0,0,1,0,0,10,0,0,0,14.43
1,0,0,0,-1,0,1,1,0,0,0,0,3,0,-1,0,2,2,-1,0,0,3,0,-1,50,0,9223372036800000000,1e+75,0,10,0,0,5,0,0,1,0,0,1,1,0,0,0,0,0,0,2,0,1,-1,-1,-1,-1,0,10,-1,1,1,3,-1,-1,-1,0,0,1,0,0,10,0,0,0,14.43
1,0,0,0,-1,0,1,1,0,0,0,0,3,0,-1,0,2,2,-1,0,0,3,0,-1,50,0,9223372036800000000,1e+75,0,10,0,0,7,1,0,1,0,0,1,1,0,0,0,0,0,0,2,0,1,-1,-1,-1,-1,0,10,-1,1,1,3,-1,-1,-1,0,0,1,0,0,10,0,0,0,43.3
1,0,0,0,-1,0,1,1,0,0,0,0,0,0,1,0,-1,1,0,1,-1,3,0,-1,150,0,9223372036800000000,1e+75,0,10,0,0,7,0,0,1,0,0,1,1,0,0,0,0,0,0,2,0,1,-1,-1,-1,-1,0,10,-1,1,1,3,-1,-1,-1,0,0,1,0,0,10,0,0,0,21.01
1,0,0,0,-1,0,1,1,0,0,0,0,3,0,-1,0,2,2,-1,0,0,3,0,8,50,0,9223372036800000000,1e+75,0,10,0,0,7,0,0,1,0,0,1,1,0,0,0,0,0,0,2,0,1,-1,-1,-1,-1,0,10,-1,1,1,3,-1,-1,-1,0,0,1,0,0,10,0,0,0,14.43
1,0,0,0,-1,0,1,2,0,0,0,0,0,0,1,-1,2,-1,0,1,-1,2,0,-1,50,0,9223372036800000000,1e+75,0,10,0,3,7,0,0,1,0,0,1,1,0,0,0,0,4,4,2,0,1,-1,-1,-1,2,0,10,-1,1,1,3,-1,-1,-1,0,0,1,0,0,10,0,0,0,1.79769e+308
1,0,0,0,-1,0,1,0,0,0,0,0,0,0,0,0,0,0,0,2,0,3,0,-1,200,0,9223372036800000000,1e+75,0,10,0,0,7,0,0,1,0,0,1,1,0,0,0,0,0,0,2,0,1,-1,-1,-1,-1,0,10,-1,1,1,3,-1,-1,-1,0,0,1,0,0,10,0,0,0,32.83
1,0,0,0,-1,0,1,5,0,0,0,0,3,0,1,-1,0,-1,0,0,0,3,0,-1,50,0,9223372036800000000,1e+75,0,10,0,0,7,0,0,1,0,0,1,1,0,0,0,0,0,0,2,0,1,-1,-1,-1,-1,0,10,-1,1,1,3,-1,-1,-1,0,0,1,0,0,10,0,0,0,29.03
1,0,0,0,-1,0,1,4,0,0,0,0,3,0,1,1,1,2,-1,2,-1,3,0,-1,50,0,9223372036800000000,1e+75,0,10,0,0,7,0,0,1,0,0,1,1,0,0,0,0,0,2,2,0,1,-1,-1,-1,-1,0,10,-1,1,1,3,-1,-1,-1,0,0,1,0,0,10,0,0,0,29.4
1,0,0,0,-1,0,1,0,0,0,0,0,0,0,0,0,0,2,-1,2,0,0,0,-1,25,0,9223372036800000000,1e+75,0,10,0,0,7,0,0,1,0,0,1,1,0,0,0,0,0,0,2,0,1,-1,-1,-1,-1,0,10,-1,1,1,3,-1,-1,-1,0,0,1,0,0,10,0,0,0,53.49
1,0,0,0,-1,0,1,0,0,0,0,0,-1,0,1,-1,0,1,2,-1,2,10,0,-1,400,0,9223372036800000000,1e+75,0,10,0,0,7,0,0,1,0,0,1,1,0,0,0,0,0,4,2,0,1,-1,1,-1,-1,0,10,-1,1,1,3,-1,-1,-1,0,0,1,0,0,10,0,0,0,55.32
1,0,0,0,-1,0,1,0,0,0,0,0,0,0,0,2,0,0,-1,2,0,3,0,-1,50,0,9223372036800000000,1e+75,0,10,0,0,7,0,0,1,0,0,1,1,0,0,0,0,0,0,2,0,1,-1,-1,-1,-1,0,10,-1,1,1,3,-1,-1,-1,0,0,1,0,0,10,0,0,0,32.23
1,0,0,0,-1,0,1,0,0,0,0,0,1,0,0,2,1,0,0,2,-1,2,0,-1,25,0,9223372036800000000,1e+75,0,10,0,2,7,0,0,1,0,0,1,1,0,0,0,0,0,1,2,0,1,-1,-1,-1,0,0,10,-1,1,1,3,-1,-1,-1,0,0,1,0,0,10,0,0,0,37.83
1,0,0,0,-1,0,1,1,0,0,0,0,2,0,0,0,-1,-1,2,2,1,3,0,-1,800,0,9223372036800000000,1e+75,0,10,0,0,7,0,0,1,0,0,1,1,0,0,0,0,0,4,2,0,1,-1,-1,-1,-1,0,10,-1,1,1,3,-1,-1,-1,0,0,1,0,0,10,0,0,0,23.23
1,0,0,0,-1,0,1,1,0,0,0,0,2,0,0,1,-1,-1,-1,2,1,3,0,-1,800,0,9223372036800000000,1e+75,0,10,0,0,7,0,0,1,0,0,1,1,0,0,0,0,0,4,2,0,1,-1,-1,-1,-1,0,10,-1,1,1,3,-1,-1,-1,0,0,1,0,0,10,0,0,0,17.52
1,0,0,0,-1,0,1,4,0,0,0,0,2,0,1,0,0,1,-1,-1,1,3,0,-1,800,0,9223372036800000000,1e+75,0,10,0,0,7,0,0,1,0,0,1,1,0,0,0,0,0,3,2,0,1,-1,-1,-1,-1,0,10,-1,1,1,3,-1,-1,-1,0,0,1,0,0,10,0,0,0,39.18
1,0,0,0,-1,0,1,0,0,0,0,0,1,0,-1,-1,1,1,1,2,-1,2,0,-1,100,0,9223372036800000000,1e+75,0,10,0,0,7,0,0,1,0,0,1,1,0,0,0,0,0,0,2,0,1,-1,0,-1,-1,0,10,-1,1,1,3,-1,-1,-1,0,0,1,0,0,10,0,0,0,37.19
1,0,0,0,-1,0,1,1,0,0,0,0,3,0,-1,0,2,2,-1,0,0,3,0,1,50,0,9223372036800000000,1e+75,0,10,0,0,7,0,0,1,0,0,1,1,0,0,0,0,0,0,2,0,1,-1,-1,-1,-1,0,10,-1,1,1,3,-1,-1,-1,0,0,1,0,0,10,0,0,0,76.68
1,0,0,0,-1,0,1,1,0,0,0,0,2,0,0,1,-1,-1,2,2,2,3,0,-1,800,0,9223372036800000000,1e+75,0,10,0,0,7,0,0,1,0,0,1,1,0,0,0,0,0,4,2,0,1,-1,-1,-1,-1,0,10,-1,1,1,3,-1,-1,-1,0,0,1,0,0,10,0,0,0,22.38
1,0,0,0,-1,0,1,4,0,0,0,0,2,0,1,0,0,1,-1,-1,1,3,0,-1,400,0,9223372036800000000,1e+75,0,10,0,0,7,0,0,1,0,0,1,1,0,0,0,0,0,3,2,0,1,-1,-1,-1,-1,0,10,-1,1,1,3,-1,-1,-1,0,0,1,0,0,10,0,0,0,38.76
1,0,0,0,-1,0,1,0,0,0,0,0,3,0,-1,2,1,2,1,1,-1,10,0,-1,150,0,9223372036800000000,1e+75,0,10,0,1,7,0,0,1,0,0,1,1,0,0,0,0,0,3,2,0,1,-1,1,-1,3,0,10,-1,1,1,3,-1,0,-1,0,0,1,0,0,10,0,0,0,14.44
1,0,0,0,-1,0,1,2,0,0,0,0,2,0,-1,2,1,1,0,2,-1,10,0,-1,25,0,9223372036800000000,1e+75,0,10,0,0,7,0,0,1,0,0,1,1,0,0,0,0,0,-1,2,0,1,-1,0,-1,-1,0,10,-1,1,1,3,-1,-1,-1,0,0,1,0,0,10,0,0,0,10.75
1,0,0,0,-1,0,1,4,0,0,0,0,2,0,0,0,0,1,-1,-1,1,3,0,-1,400,0,9223372036800000000,1e+75,0,10,0,0,7,0,0,1,0,0,1,1,0,0,0,0,0,3,2,0,1,-1,-1,-1,-1,0,10,-1,1,1,3,-1,-1,-1,0,0,1,0,0,10,0,0,0,38.76
1,0,0,0,-1,0,1,5,0,0,0,0,3,0,1,2,1,1,-1,1,-1,3,0,-1,10,0,9223372036800000000,1e+75,0,10,0,0,7,0,0,1,0,0,1,1,0,0,0,0,0,0,2,0,1,-1,-1,-1,-1,0,10,-1,1,1,3,-1,-1,-1,0,0,1,0,0,10,0,0,0,30.68
1,0,0,0,-1,0,1,4,0,0,0,0,2,0,1,2,0,1,-1,-1,1,3,0,-1,400,0,9223372036800000000,1e+75,0,10,0,0,7,0,0,1,0,0,1,1,0,0,0,0,0,3,2,0,1,-1,-1,-1,-1,0,10,-1,1,1,3,-1,-1,-1,0,0,1,0,0,10,0,0,0,38.46
1,0,0,0,-1,0,1,5,0,0,0,0,3,0,1,0,0,-1,-1,-1,0,3,0,-1,10,0,9223372036800000000,1e+75,0,10,0,0,7,0,0,1,0,0,1,1,0,0,0,0,0,2,2,0,1,-1,-1,-1,-1,0,10,-1,1,1,3,-1,-1,-1,0,0,1,0,0,10,0,0,0,49.49
1,0,0,0,-1,0,1,4,0,0,0,0,0,0,-1,0,0,2,-1,1,2,3,0,-1,100,0,9223372036800000000,1e+75,0,10,0,0,7,0,0,1,0,0,1,1,0,0,0,0,3,0,2,0,1,-1,-1,-1,-1,0,10,-1,1,1,3,-1,-1,-1,0,0,1,0,0,10,0,0,0,28.94
1,0,0,0,-1,0,1,0,0,0,0,0,1,0,-1,0,0,-1,0,2,1,3,0,-1,10,0,9223372036800000000,1e+75,0,10,0,0,7,0,0,1,0,0,1,1,0,0,0,0,0,0,2,0,1,-1,-1,-1,-1,0,10,-1,1,1,3,-1,-1,-1,0,0,1,0,0,10,0,0,0,25.5
1,0,0,0,-1,0,1,0,0,0,1,0,1,0,0,2,1,0,0,2,-1,1,0,-1,200,0,9223372036800000000,1e+75,0,10,0,1,7,0,0,1,0,0,1,1,0,0,0,0,0,1,2,0,1,-1,0,-1,0,0,10,-1,1,1,3,-1,-1,-1,0,0,1,0,0,10,0,0,0,49.65
1,0,0,0,-1,0,1,2,0,0,0,0,0,0,0,-1,2,1,1,2,1,5,0,-1,50,0,9223372036800000000,1e+75,0,10,0,0,7,0,0,1,0,0,1,1,0,0,0,0,0,1,2,0,1,-1,-1,-1,-1,0,10,-1,1,1,3,-1,-1,-1,0,0,1,0,0,10,0,0,0,11.95
1,0,0,0,-1,0,1,0,0,0,0,0,3,0,1,2,0,1,2,2,2,3,0,-1,800,0,9223372036800000000,1e+75,0,10,0,0,7,0,0,1,0,0,1,1,0,0,0,0,0,-1,2,0,1,-1,-1,-1,-1,0,10,-1,1,1,3,-1,-1,-1,0,0,1,0,0,10,0,0,0,36.8
1,0,0,0,-1,0,1,0,0,0,1,0,1,0,0,2,-1,0,0,2,-1,2,0,-1,25,0,9223372036800000000,1e+75,0,10,0,1,7,0,0,1,0,0,1,1,0,0,0,0,0,1,2,0,1,-1,-1,-1,0,0,10,-1,1,1,3,-1,-1,-1,0,0,1,0,0,10,0,0,0,37.95
1,0,0,0,-1,0,1,0,0,0,0,0,1,0,-1,0,0,2,0,2,1,3,0,-1,10,0,9223372036800000000,1e+75,0,10,0,0,7,0,0,1,0,0,1,1,0,0,0,0,0,0,2,0,1,-1,-1,-1,-1,0,10,-1,1,1,3,-1,-1,-1,0,0,1,0,0,10,0,0,0,30.23
1,0,0,0,-1,0,1,0,0,0,0,0,2,0,1,2,1,-1,0,1,2,3,0,-1,150,0,9223372036800000000,1e+75,0,10,0,0,7,0,0,1,0,0,1,1,0,0,0,0,0,4,2,0,1,-1,-1,-1,-1,0,10,-1,1,1,3,-1,-1,-1,0,0,1,0,0,10,0,0,0,30.73
1,0,0,0,-1,0,1,2,0,0,0,0,0,0,1,-1,2,-1,0,1,-1,2,0,-1,50,0,9223372036800000000,1e+75,0,10,0,3,7,0,0,1,0,0,1,1,0,0,0,0,0,4,2,0,1,-1,-1,-1,-1,0,10,-1,1,1,3,-1,-1,-1,0,0,1,0,0,10,0,0,0,32.31
1,0,0,0,-1,0,1,0,0,0,0,0,1,0,1,2,1,-1,0,1,-1,3,0,-1,150,0,9223372036800000000,1e+75,0,10,0,0,7,0,0,1,0,0,1,1,0,0,0,0,0,4,2,0,1,-1,-1,-1,-1,0,10,-1,1,1,3,-1,-1,-1,0,0,1,0,0,10,0,0,0,31.1
1,0,0,0,-1,0,1,3,0,0,0,0,3,0,1,0,2,2,-1,0,2,2,0,-1,25,0,9223372036800000000,1e+75,0,10,0,0,7,0,0,1,0,0,1,1,0,0,0,0,5,3,2,0,1,-1,-1,-1,-1,0,10,-1,1,1,3,-1,-1,-1,0,0,1,0,0,10,0,0,0,88.55
1,0,0,0,-1,0,1,0,0,0,0,0,3,0,0,2,2,1,2,1,-1,3,0,-1,150,0,9223372036800000000,1e+75,0,10,0,0,7,0,0,1,0,0,1,1,0,0,0,0,1,0,2,0,1,-1,-1,-1,-1,0,10,-1,1,1,3,-1,-1,-1,0,0,1,0,0,10,0,0,0,34.51
1,0,0,0,-1,0,1,0,0,0,0,0,1,0,1,2,2,-1,0,1,2,3,0,-1,150,0,9223372036800000000,1e+75,0,10,0,0,7,0,0,1,0,0,1,1,0,0,0,0,0,4,2,0,1,-1,-1,-1,-1,0,10,-1,1,1,3,-1,-1,-1,0,0,1,0,0,10,0,0,0,30.73
1,0,0,0,-1,0,1,0,0,0,0,0,3,0,-1,2,1,2,2,1,-1,10,0,-1,150,0,9223372036800000000,1e+75,0,10,0,1,7,0,0,1,0,0,1,1,0,0,0,0,3,3,2,0,1,-1,1,-1,3,0,10,-1,1,1,3,-1,-1,-1,0,0,1,0,0,10,0,0,0,35.52
1,0,0,0,-1,0,1,1,0,0,0,0,3,0,-1,0,2,2,-1,0,0,3,0,-1,50,0,9223372036800000000,1e+75,0,10,0,0,7,0,0,1,0,0,1,1,0,0,0,0,1,0,2,0,1,-1,-1,-1,-1,0,10,-1,1,1,3,-1,-1,-1,0,0,1,0,0,10,0,0,0,78.61
1,0,0,0,-1,0,1,1,0,0,0,0,3,0,-1,0,2,2,-1,0,0,3,0,-1,50,0,9223372036800000000,1e+75,0,10,0,0,7,0,0,1,0,0,1,1,0,0,0,0,0,4,2,0,1,-1,-1,-1,-1,0,10,-1,1,1,3,-1,-1,-1,0,0,1,0,0,10,0,0,0,14.43
1,0,0,2,-1,0,1,1,0,0,0,0,3,0,-1,0,2,2,-1,0,0,3,0,-1,50,0,9223372036800000000,1e+75,0,10,0,0,7,0,0,1,0,0,1,1,0,0,0,0,0,0,2,0,1,-1,-1,-1,-1,0,10,-1,1,1,3,-1,-1,-1,0,0,1,0,0,10,0,0,0,14.43
1,0,0,0,-1,0,1,0,0,0,0,0,1,0,1,2,1,-1,0,1,2,3,0,-1,150,0,9223372036800000000,1e+75,0,10,0,0,7,0,0,1,0,0,1,1,0,0,0,0,0,0,2,0,1,-1,-1,-1,-1,0,10,-1,1,1,3,-1,-1,-1,0,0,1,0,0,10,0,0,0,30.73
1,0,0,0,-1,0,1,0,0,0,4,0,0,0,-1,0,0,1,1,0,1,2,0,-1,50,0,9223372036800000000,1e+75,0,10,0,1,7,0,0,1,0,0,1,1,0,0,0,0,2,-1,2,0,1,-1,-1,-1,-1,0,10,-1,1,1,3,-1,-1,-1,0,0,1,0,0,10,0,0,0,32.21
1,0,0,0,-1,0,1,0,0,0,0,0,3,0,1,2,0,1,2,2,1,3,0,-1,800,0,9223372036800000000,1e+75,0,10,0,0,7,0,0,1,0,0,1,1,0,0,0,0,0,-1,2,0,1,-1,-1,-1,-1,0,10,-1,1,1,3,-1,-1,-1,0,0,1,0,0,10,0,0,0,36.8
1,0,0,0,-1,0,1,0,0,0,0,0,0,0,0,0,0,2,-1,2,1,3,0,-1,25,0,9223372036800000000,1e+75,0,10,0,0,7,0,0,1,0,0,1,1,0,0,0,0,0,0,2,0,1,-1,-1,-1,-1,0,10,-1,1,1,3,-1,-1,-1,0,0,1,0,0,10,0,0,0,18.98
1,0,0,0,-1,0,1,5,0,0,0,0,3,0,0,-1,1,1,-1,1,1,3,0,-1,10,0,9223372036800000000,1e+75,0,10,0,0,7,0,0,1,0,0,1,1,0,0,0,0,0,0,2,0,1,-1,-1,-1,-1,0,10,-1,1,1,3,-1,-1,-1,0,0,1,0,0,10,0,0,0,15.89
1,0,0,0,-1,0,1,0,0,0,0,0,3,0,0,2,0,1,2,2,1,3,0,-1,800,0,9223372036800000000,1e+75,0,10,0,0,7,0,0,1,0,0,1,1,0,0,0,0,0,-1,2,0,1,-1,-1,-1,-1,0,10,-1,1,1,3,-1,-1,-1,0,0,1,0,0,10,0,0,0,36.8
1,0,0,0,-1,0,1,3,0,0,0,0,3,0,1,1,1,-1,-1,2,2,3,0,-1,150,0,9223372036800000000,1e+75,0,10,0,0,7,0,0,1,0,0,1,1,0,0,0,0,0,0,2,0,1,-1,-1,-1,-1,0,10,-1,1,1,3,-1,-1,-1,0,0,1,0,0,10,0,0,0,21.99
1,0,0,0,-1,0,1,1,0,0,0,0,3,0,-1,0,2,2,-1,0,0,3,0,-1,50,0,9223372036800000000,1e+75,0,10,0,0,7,0,0,1,100,0,1,1,0,0,0,0,0,0,2,0,1,-1,-1,-1,-1,0,10,-1,1,1,3,-1,-1,-1,0,0,1,0,0,10,0,0,0,18.67
1,0,0,0,-1,0,1,0,0,0,0,0,3,0,1,2,0,1,2,2,-1,3,0,-1,800,0,9223372036800000000,1e+75,0,10,0,0,7,0,0,1,0,0,1,1,0,0,0,0,0,-1,2,0,1,-1,-1,-1,-1,0,10,-1,1,1,3,-1,-1,-1,0,0,1,0,0,10,0,0,0,83.8
1,0,0,0,-1,0,1,1,0,0,0,0,2,0,-1,1,0,0,1,-1,2,3,0,-1,200,0,9223372036800000000,1e+75,0,10,0,0,7,0,0,1,0,0,1,1,0,0,0,0,0,3,2,0,1,-1,-1,-1,-1,0,10,-1,1,1,3,-1,-1,-1,0,0,1,0,0,10,0,0,0,85.28
1,0,0,0,-1,0,1,5,0,0,0,0,0,0,1,1,-1,0,2,0,0,3,0,-1,100,0,9223372036800000000,1e+75,0,10,0,0,7,0,0,1,0,0,1,1,0,0,0,0,0,2,2,0,1,-1,-1,-1,-1,0,10,-1,1,1,3,-1,-1,-1,0,0,1,0,0,10,0,0,0,36.14
1,0,0,0,-1,0,1,0,0,0,0,0,0,0,1,2,0,2,-1,0,-1,10,0,-1,150,0,9223372036800000000,1e+75,0,10,0,0,7,0,0,1,0,0,1,1,0,0,0,0,0,2,2,0,1,-1,0,-1,-1,0,10,-1,1,1,3,-1,-1,-1,0,0,1,0,0,10,0,0,0,15.4
1,0,0,0,-1,0,1,0,0,0,0,0,2,0,0,-1,1,0,0,2,0,3,0,-1,10,0,9223372036800000000,1e+75,0,10,0,0,7,0,0,1,0,0,1,1,0,0,0,0,0,1,2,0,1,-1,-1,-1,-1,0,10,-1,1,1,3,-1,-1,-1,0,0,1,0,0,10,0,0,0,31.57
1,0,0,0,-1,0,1,1,0,0,0,0,0,0,0,0,-1,0,-1,1,-1,3,0,-1,400,0,9223372036800000000,1e+75,0,10,0,0,7,0,0,1,0,0,1,1,0,0,0,0,0,0,2,0,1,-1,-1,-1,-1,0,10,-1,1,1,3,-1,-1,-1,0,0,1,0,0,10,0,0,0,27.42
1,0,0,0,-1,0,1,3,0,0,0,0,2,0,1,2,-1,0,-1,-1,0,3,0,-1,150,0,9223372036800000000,1e+75,0,10,0,0,7,0,0,1,0,0,1,1,0,0,0,0,0,1,2,0,1,-1,-1,-1,-1,0,10,-1,1,1,3,-1,-1,-1,0,0,1,0,0,10,0,0,0,34.33
1,0,0,0,-1,0,1,0,0,0,4,0,-1,0,-1,0,2,1,-1,-1,2,2,0,-1,400,0,9223372036800000000,1e+75,0,10,0,3,7,0,0,1,0,0,1,1,0,0,0,0,0,4,2,0,1,-1,1,-1,0,0,10,-1,1,1,3,-1,-1,-1,0,0,1,0,0,10,0,0,0,36.74
1,0,0,0,-1,0,1,2,0,0,0,0,3,0,1,0,-1,2,2,2,2,3,0,-1,25,0,9223372036800000000,1e+75,0,10,0,0,7,0,0,1,0,0,1,1,0,0,0,0,0,0,2,0,1,-1,-1,-1,-1,0,10,-1,1,1,3,-1,-1,-1,0,0,1,0,0,10,0,0,0,30.53
1,0,0,0,-1,0,1,3,0,0,0,0,3,0,1,2,1,-1,-1,2,2,3,0,-1,150,0,9223372036800000000,1e+75,0,10,0,0,7,0,0,1,0,0,1,1,0,0,0,0,0,0,2,0,1,-1,-1,-1,-1,0,10,-1,1,1,3,-1,-1,-1,0,0,1,0,0,10,0,0,0,21.99
1,0,0,0,-1,0,1,0,0,0,0,0,2,0,1,1,0,2,1,-1,2,2,0,-1,200,0,9223372036800000000,1e+75,0,10,0,0,7,0,0,1,0,0,1,1,0,0,0,0,1,3,2,0,1,-1,-1,-1,-1,0,10,-1,1,1,3,-1,-1,-1,0,0,1,0,0,10,0,0,0,50.56
1,0,0,0,-1,0,1,2,0,0,1,0,2,0,-1,1,-1,0,1,2,-1,10,0,-1,10,0,9223372036800000000,1e+75,0,10,0,0,7,0,0,1,0,0,1,1,0,0,0,0,4,0,2,0,1,-1,0,-1,-1,0,10,-1,1,1,3,-1,-1,-1,0,0,1,0,0,10,0,0,0,14.31
1,0,0,0,-1,0,1,5,0,0,0,0,-1,0,1,0,0,-1,2,-1,0,3,0,-1,10,0,9223372036800000000,1e+75,0,10,0,0,7,0,0,1,0,0,1,1,0,0,0,0,0,2,2,0,1,-1,-1,-1,-1,0,10,-1,1,1,3,-1,-1,-1,0,0,1,0,0,10,0,0,0,33.98
1,0,0,0,-1,0,1,2,0,0,0,0,3,0,1,0,-1,2,2,2,2,3,0,-1,200,0,9223372036800000000,1e+75,0,10,0,0,7,0,0,1,0,0,1,1,0,0,0,0,0,0,2,0,1,-1,-1,-1,-1,0,10,-1,1,1,3,-1,-1,-1,0,0,1,0,0,10,0,0,0,31.05
1,0,0,0,-1,0,1,1,0,0,0,0,3,0,-1,0,2,2,-1,0,0,3,0,-1,50,0,9223372036800000000,1e+75,0,10,0,0,7,0,0,1,0,0,1,1,0,0,0,0,0,0,2,0,1,-1,-1,-1,-1,0,10,-1,1,1,3,-1,-1,5,0,0,1,0,0,10,0,0,0,14.43
1,0,0,0,-1,0,1,2,0,0,4,0,-1,0,-1,-1,2,1,-1,-1,2,2,0,-1,10,0,9223372036800000000,1e+75,0,10,0,3,7,0,0,1,0,0,1,1,0,0,0,0,0,4,2,0,1,-1,1,-1,0,0,10,-1,1,1,3,-1,-1,-1,0,0,1,0,0,10,0,0,0,60.95
1,0,0,0,-1,0,1,2,0,0,0,0,3,0,1,0,2,2,2,2,2,3,0,-1,25,0,9223372036800000000,1e+75,0,10,0,0,7,0,0,1,0,0,1,1,0,0,0,0,0,0,2,0,1,-1,-1,-1,-1,0,10,-1,1,1,3,-1,-1,-1,0,0,1,0,0,10,0,0,0,30.53
1,0,0,0,-1,0,1,5,0,0,0,0,-1,0,1,0,2,0,-1,-1,2,3,0,-1,800,0,9223372036800000000,1e+75,0,10,0,0,7,0,0,1,0,0,1,1,0,0,0,0,0,3,2,0,1,-1,-1,-1,-1,0,10,-1,1,1,3,-1,-1,-1,0,0,1,0,0,10,0,0,0,38.28
1,0,0,0,-1,0,1,0,0,0,0,0,1,0,-1,0,0,-1,0,1,1,3,0,-1,10,0,9223372036800000000,1e+75,0,10,0,0,7,0,0,1,0,0,1,1,0,0,0,0,0,0,2,0,1,-1,-1,-1,-1,0,10,-1,1,1,3,-1,-1,-1,0,0,1,0,0,10,0,0,0,25.5
1,0,0,0,-1,0,1,5,0,0,0,0,1,0,1,2,-1,0,-1,-1,0,3,0,-1,50,0,9223372036800000000,1e+75,0,10,0,0,7,0,0,1,0,0,1,1,0,0,0,0,0,0,2,0,1,-1,-1,-1,-1,0,10,-1,1,1,3,-1,-1,-1,0,0,1,0,0,10,0,0,0,33.7
1,0,0,0,-1,0,1,0,0,0,4,0,-1,0,-1,0,0,1,1,0,1,2,0,-1,50,0,9223372036800000000,1e+75,0,10,0,1,7,0,0,1,0,0,1,1,0,0,0,0,2,-1,2,0,1,-1,-1,-1,3,0,10,-1,1,1,3,-1,-1,-1,0,0,1,0,0,10,0,0,0,85.38
1,0,0,0,-1,0,1,1,0,0,0,0,3,0,-1,0,2,2,-1,0,0,3,0,-1,50,0,9223372036800000000,120,0,10,0,0,7,0,0,1,0,0,1,1,0,0,0,0,0,0,2,0,1,-1,-1,-1,-1,0,10,-1,1,1,3,-1,-1,-1,0,0,1,0,0,10,0,0,0,14.43
1,0,0,0,-1,0,1,5,0,0,0,0,1,0,1,2,-1,1,-1,-1,0,3,0,-1,50,0,9223372036800000000,1e+75,0,10,0,0,7,0,0,1,0,0,1,1,0,0,0,0,0,0,2,0,1,-1,-1,-1,-1,0,10,-1,1,1,3,-1,-1,-1,0,0,1,0,0,10,0,0,0,31.59
1,0,0,0,-1,0,1,1,0,0,0,0,-1,0,1,0,-1,-1,1,2,2,3,0,-1,10,0,9223372036800000000,1e+75,0,10,0,0,7,0,0,1,0,0,1,1,0,0,0,0,0,0,2,0,1,-1,-1,-1,-1,0,10,-1,1,1,3,-1,-1,-1,0,0,1,0,0,10,0,0,0,25.92
1,0,0,0,-1,0,1,4,0,0,0,0,0,0,-1,2,-1,0,1,1,2,3,0,-1,800,0,9223372036800000000,1e+75,0,10,0,0,7,0,0,1,0,0,1,1,0,0,0,0,0,-1,2,0,1,-1,-1,-1,-1,0,10,-1,1,1,3,-1,-1,-1,0,0,1,0,0,10,0,0,0,83.65
1,0,0,0,-1,0,1,1,0,0,0,0,3,0,-1,0,2,2,-1,0,0,3,0,-1,50,0,9223372036800000000,1e+75,0,10,0,0,4,0,0,1,0,0,1,1,0,0,0,0,0,0,2,0,1,-1,-1,-1,-1,0,10,-1,1,1,3,-1,-1,-1,0,0,1,0,0,10,0,0,0,14.43
1,0,0,0,-1,0,1,2,0,0,0,0,3,0,1,2,-1,2,2,2,2,3,0,-1,25,0,9223372036800000000,1e+75,0,10,0,0,7,0,0,1,0,0,1,1,0,0,0,0,0,0,2,0,1,-1,-1,-1,-1,0,10,-1,1,1,3,-1,-1,-1,0,0,1,0,0,10,0,0,0,30.96
1,0,0,0,-1,0,1,0,0,0,0,0,3,0,0,2,2,2,2,1,-1,3,0,-1,150,0,9223372036800000000,1e+75,0,10,0,0,7,0,0,1,0,0,1,1,0,0,0,0,1,0,2,0,1,-1,-1,-1,-1,0,10,-1,1,1,3,-1,-1,-1,0,0,1,0,0,10,0,0,0,34.57
1,0,0,0,-1,0,1,0,0,0,0,0,2,0,1,1,-1,2,1,1,2,2,0,-1,200,0,9223372036800000000,1e+75,0,10,0,0,7,0,0,1,0,0,1,1,0,0,0,0,1,3,2,0,1,-1,-1,-1,-1,0,10,-1,1,1,3,-1,-1,-1,0,0,1,0,0,10,0,0,0,33.37
1,0,0,0,-1,0,1,1,0,0,0,0,-1,0,1,0,-1,1,1,2,-1,3,0,-1,10,0,9223372036800000000,1e+75,0,10,0,0,7,0,0,1,0,0,1,1,0,0,0,0,0,0,2,0,1,-1,-1,-1,-1,0,10,-1,1,1,3,-1,-1,-1,0,0,1,0,0,10,0,0,0,24.57
1,0,0,0,-1,0,1,4,0,0,0,0,3,0,1,1,1,2,-1,2,-1,3,0,-1,100,0,9223372036800000000,1e+75,0,10,0,0,7,0,0,1,0,0,1,1,0,0,0,0,0,2,2,0,1,-1,-1,-1,-1,0,10,-1,1,1,3,-1,-1,-1,0,0,1,0,0,10,0,0,0,49.22
1,0,0,0,-1,0,1,0,0,0,4,0,-1,0,-1,0,2,1,-1,-1,2,2,0,-1,10,0,9223372036800000000,1e+75,0,10,0,3,7,0,0,1,0,0,1,1,0,0,0,0,0,4,2,0,1,-1,1,-1,0,0,10,-1,1,1,3,-1,-1,-1,0,0,1,0,0,10,0,0,0,36.34
1,0,0,0,-1,0,1,0,0,0,0,0,1,0,0,2,1,0,0,2,1,3,0,-1,200,0,9223372036800000000,1e+75,0,10,0,0,7,0,0,1,0,0,1,1,0,0,0,0,0,0,2,0,1,-1,-1,-1,-1,0,10,-1,1,1,3,-1,-1,-1,0,0,1,0,0,10,0,0,0,30.61
1,0,0,0,-1,0,1,0,0,0,0,0,1,0,0,-1,1,1,2,-1,2,3,0,-1,10,0,9223372036800000000,1e+75,0,10,0,0,7,0,0,1,0,0,1,1,0,0,0,0,0,1,2,0,1,-1,-1,-1,-1,0,10,-1,1,1,3,-1,-1,-1,0,0,1,0,0,10,0,0,0,62.46
1,0,0,0,-1,0,1,0,0,0,0,0,3,0,-1,2,1,2,1,1,-1,10,0,-1,150,0,9223372036800000000,1e+75,0,10,0,1,7,0,0,1,0,0,1,1,0,0,0,0,0,3,2,0,1,-1,1,-1,3,0,10,-1,1,1,3,-1,-1,-1,0,0,1,0,0,10,0,0,0,5.3
1,0,0,0,-1,0,1,5,0,0,0,0,1,0,-1,0,0,1,-1,1,2,3,0,-1,800,0,9223372036800000000,1e+75,0,10,0,0,7,0,0,1,0,0,1,1,0,0,0,0,0,0,2,0,1,-1,-1,-1,-1,0,10,-1,1,1,3,-1,-1,-1,0,0,1,0,0,10,0,0,0,31.26
1,0,0,0,-1,0,1,1,0,0,0,0,2,0,1,0,-1,1,0,1,-1,3,0,-1,150,0,9223372036800000000,1e+75,0,10,0,0,7,0,0,1,0,0,1,1,0,0,0,0,0,0,2,0,1,-1,-1,-1,-1,0,10,-1,1,1,3,-1,-1,-1,0,0,1,0,0,10,0,0,0,21.01
1,0,0,0,-1,0,1,1,0,0,0,0,3,0,-1,0,2,2,-1,0,0,3,0,-1,50,0,9223372036800000000,1e+75,0,10,0,0,7,0,0,1,0,0,1,1,-1,0,0,0,0,0,2,0,1,-1,-1,-1,-1,0,10,-1,1,1,3,-1,-1,-1,0,0,1,0,0,10,0,0,0,31.2
1,0,0,0,-1,0,1,0,0,0,2,0,2,0,-1,-1,2,2,2,-1,2,2,0,-1,10,0,9223372036800000000,1e+75,0,10,0,2,7,0,0,1,0,0,1,1,0,0,0,0,3,-1,2,0,1,-1,1,-1,3,0,10,-1,1,1,3,-1,-1,-1,0,0,1,0,0,10,0,0,0,90.43
1,0,0,0,-1,0,1,1,0,0,0,0,3,3,-1,0,2,2,-1,0,0,3,0,-1,50,0,9223372036800000000,1e+75,0,10,0,0,7,0,0,1,0,0,1,1,0,0,0,0,0,0,2,0,1,-1,-1,-1,-1,0,10,-1,1,1,3,-1,-1,-1,0,0,1,0,0,10,0,0,0,14.43
1,0,0,0,-1,0,1,1,0,0,0,0,3,0,-1,0,2,2,-1,0,0,3,0,-1,50,0,9223372036800000000,1e+75,0,10,0,0,7,0,0,1,0,0,1,1,2,0,0,0,0,0,2,0,1,-1,-1,-1,-1,0,10,-1,1,1,3,-1,-1,-1,0,0,1,0,0,10,0,0,0,15.9
1,0,0,0,-1,0,1,1,0,0,0,0,3,0,-1,0,2,2,-1,0,0,3,0,-1,50,0,9223372036800000000,1e+75,0,10,0,0,7,0,0,1,0,0,1,1,0,0,0,0,0,0,2,0,1,-1,-1,-1,-1,0,10,-1,0,1,3,-1,-1,-1,0,0,1,0,0,10,0,0,0,52.23
1,0,0,0,-1,0,1,0,0,0,1,0,1,0,0,2,1,0,1,2,-1,2,0,-1,25,0,9223372036800000000,1e+75,0,10,0,2,7,0,0,1,0,0,1,1,0,0,0,0,0,1,2,0,1,-1,-1,-1,0,0,10,-1,1,1,3,-1,-1,-1,0,0,1,0,0,10,0,0,0,37.83
1,0,0,0,-1,0,1,1,0,0,0,0,3,0,-1,0,2,2,-1,0,0,3,0,-1,50,0,9223372036800000000,1e+75,0,10,0,0,7,0,0,1,0,0,1,1,0,0,0,0,0,0,2,0,1,-1,-1,-1,-1,0,10,-1,1,1,3,-1,-1,2,0,0,1,0,0,10,0,0,0,14.43
1,0,0,0,-1,0,1,2,0,0,0,0,2,0,-1,2,1,2,1,2,-1,10,0,-1,25,0,9223372036800000000,1e+75,0,10,0,0,7,0,0,1,0,0,1,1,0,0,0,0,0,-1,2,0,1,-1,0,-1,-1,0,10,-1,1,1,3,-1,-1,-1,0,0,1,0,0,10,0,0,0,10.55
1,0,0,0,-1,0,1,1,0,0,0,0,3,0,-1,0,2,2,-1,0,0,3,0,-1,50,0,9223372036800000000,1e+75,0,10,0,0,7,0,0,1,0,0,1,1,0,0,0,0,0,0,2,0,1,-1,-1,-1,-1,0,10,-1,1,1,3,-1,-1,4,0,0,1,0,0,10,0,0,0,14.43
1,0,0,0,-1,0,1,0,0,0,0,0,0,0,0,0,0,2,-1,2,-1,3,0,-1,25,0,9223372036800000000,1e+75,0,10,0,0,7,0,0,1,0,0,1,1,0,0,0,0,0,0,2,0,1,-1,-1,-1,-1,0,10,-1,1,1,3,-1,-1,-1,0,0,1,0,0,10,0,0,0,25.69
1,0,0,0,-1,0,1,1,0,0,0,0,3,0,-1,0,2,2,-1,0,0,3,0,-1,50,0,9223372036800000000,1e+75,0,10,0,0,7,0,0,1,0,0,1,1,0,0,0,0,0,0,2,0,1,-1,-1,-1,-1,-1,10,-1,1,1,3,-1,-1,-1,0,0,1,0,0,10,0,0,0,14.43
1,0,0,0,-1,0,1,0,0,0,0,0,3,0,-1,2,1,2,1,1,-1,10,0,-1,150,0,9223372036800000000,1e+75,0,10,0,1,7,0,0,1,0,0,1,1,0,0,0,0,0,3,2,0,1,-1,-1,-1,3,0,10,-1,1,1,3,-1,-1,-1,0,0,1,0,0,10,0,0,0,6.03
1,0,0,0,-1,0,1,1,0,0,0,0,3,0,-1,0,2,2,-1,0,0,3,0,-1,50,0,9223372036800000000,1e+75,0,10,0,0,7,0,0,1,0,0,1,1,0,0,0,0,0,0,2,0,1,-1,-1,-1,-1,1,10,-1,1,1,3,-1,-1,-1,0,0,1,0,0,10,0,0,0,21.49
1,0,0,0,-1,0,1,0,0,0,4,0,0,0,-1,0,0,2,0,-1,2,0,0,-1,25,0,9223372036800000000,1e+75,0,10,0,3,7,0,0,1,0,0,1,1,0,0,0,0,0,-1,2,0,1,-1,1,-1,2,0,10,-1,1,1,3,-1,-1,-1,0,0,1,0,0,10,0,0,0,88.53
1,0,0,0,-1,0,1,1,0,0,0,0,3,0,-1,0,2,2,-1,0,0,3,0,-1,50,0,9223372036800000000,1e+75,0,10,0,0,7,0,0,1,0,1,1,1,0,0,0,0,0,0,2,0,1,-1,-1,-1,-1,0,10,-1,1,1,3,-1,-1,-1,0,0,1,0,0,10,0,0,0,22.07
1,0,0,0,-1,0,1,1,0,0,0,0,3,0,-1,0,2,2,-1,0,0,3,0,-1,50,0,9223372036800000000,1e+75,0,10,0,0,7,0,0,1,0,0,1,1,0,0,0,0,0,0,2,0,1,-1,-1,-1,-1,0,10,-1,1,1,3,-1,-1,-1,0,0,0,0,0,10,0,0,0,14.43
1,0,0,0,-1,0,1,1,0,0,0,0,-1,0,1,0,-1,-1,1,0,-1,3,0,-1,10,0,9223372036800000000,1e+75,0,10,0,0,7,0,0,1,0,0,1,1,0,0,0,0,0,0,2,0,1,-1,-1,-1,-1,0,10,-1,1,1,3,-1,-1,-1,0,0,1,0,0,10,0,0,0,18.12
1,0,0,0,-1,0,1,5,0,0,0,0,2,0,1,-1,0,-1,0,0,-1,3,0,-1,50,0,9223372036800000000,1e+75,0,10,0,0,7,0,0,1,0,0,1,1,0,0,0,0,0,0,2,0,1,-1,-1,-1,-1,0,10,-1,1,1,3,-1,-1,-1,0,0,1,0,0,10,0,0,0,16.73
1,0,0,0,-1,0,1,1,0,0,0,0,3,0,-1,0,2,2,-1,0,0,3,0,-1,50,0,9223372036800000000,1e+75,0,10,0,0,7,0,0,1,-1,0,1,1,0,0,0,0,0,0,2,0,1,-1,-1,-1,-1,0,10,-1,1,1,3,-1,-1,-1,0,0,1,0,0,10,0,0,0,20.08
1,0,0,0,-1,0,1,0,0,0,0,0,-1,0,-1,0,0,0,0,2,1,3,0,-1,10,0,9223372036800000000,1e+75,0,10,0,0,7,0,0,1,0,0,1,1,0,0,0,0,0,0,2,0,1,-1,-1,-1,-1,0,10,-1,1,1,3,-1,-1,-1,0,0,1,0,0,10,0,0,0,31.05
1,0,0,0,-1,0,1,3,0,0,0,0,3,0,-1,0,2,1,-1,-1,1,3,0,-1,150,0,9223372036800000000,1e+75,0,10,0,0,7,0,0,1,0,0,1,1,0,0,0,0,0,-1,2,0,1,-1,-1,-1,-1,0,10,-1,1,1,3,-1,-1,-1,0,0,1,0,0,10,0,0,0,48.72
1,0,0,0,-1,0,1,1,0,0,0,0,2,0,-1,-1,2,2,-1,2,2,3,0,-1,150,0,9223372036800000000,1e+75,0,10,0,0,7,0,0,1,0,0,1,1,0,0,0,0,1,0,2,0,1,-1,-1,-1,-1,0,10,-1,1,1,3,-1,-1,-1,0,0,1,0,0,10,0,0,0,76.32
1,0,0,0,-1,0,1,1,0,0,0,0,3,0,-1,0,2,2,-1,0,0,3,0,-1,50,0,9223372036800000000,1e+75,0,10,0,0,7,0,0,1,40,0,1,1,0,0,0,0,0,0,2,0,1,-1,-1,-1,-1,0,10,-1,1,1,3,-1,-1,-1,0,0,1,0,0,10,0,0,0,16.69
1,0,0,0,-1,2,1,1,0,0,0,0,3,0,-1,0,2,2,-1,0,0,3,0,-1,50,0,9223372036800000000,1e+75,0,10,0,0,7,0,0,1,0,0,1,1,0,0,0,0,0,0,2,0,1,-1,-1,-1,-1,0,10,-1,1,1,3,-1,-1,-1,0,0,1,0,0,10,0,0,0,14.43
1,0,0,0,-1,0,1,1,0,0,2,0,2,0,1,1,2,-1,0,1,0,10,0,-1,100,0,9223372036800000000,1e+75,0,10,0,3,7,0,0,1,0,0,1,1,0,0,0,0,3,3,2,0,1,-1,1,-1,0,0,10,-1,1,1,3,-1,-1,-1,0,0,1,0,0,10,0,0,0,92.8
1,0,0,0,-1,0,1,0,0,0,0,0,-1,0,1,1,-1,2,-1,1,2,1,0,-1,100,0,9223372036800000000,1e+75,0,10,0,0,7,0,0,1,0,0,1,1,0,0,0,0,1,4,2,0,1,-1,-1,-1,-1,0,10,-1,1,1,3,-1,-1,-1,0,0,1,0,0,10,0,0,0,51.21
1,0,0,0,-1,0,1,1,0,0,0,0,3,0,-1,0,2,2,-1,0,0,3,0,-1,50,0,9223372036800000000,1e+75,0,10,0,0,7,0,0,1,500,0,1,1,0,0,0,0,0,0,2,0,1,-1,-1,-1,-1,0,10,-1,1,1,3,-1,-1,-1,0,0,1,0,0,10,0,0,0,16.81
1,0,0,0,-1,0,1,5,0,0,0,0,3,0,1,-1,0,0,0,0,-1,3,0,-1,50,0,9223372036800000000,1e+75,0,10,0,0,7,0,0,1,0,0,1,1,0,0,0,0,0,0,2,0,1,-1,-1,-1,-1,0,10,-1,1,1,3,-1,-1,-1,0,0,1,0,0,10,0,0,0,22.2
1,0,0,0,-1,0,1,4,0,0,0,0,3,0,1,0,-1,0,1,2,-1,3,0,-1,25,0,9223372036800000000,1e+75,0,10,0,0,7,0,0,1,0,0,1,1,0,0,0,0,0,0,2,0,1,-1,-1,-1,-1,0,10,-1,1,1,3,-1,-1,-1,0,0,1,0,0,10,0,0,0,31.41
1,0,0,0,-1,0,1,3,0,0,0,0,3,0,-1,0,2,2,-1,0,0,3,0,-1,150,0,9223372036800000000,1e+75,0,10,0,0,7,0,0,1,0,0,1,1,0,0,0,0,0,0,2,0,1,-1,-1,-1,-1,0,10,-1,1,1,3,-1,-1,-1,0,0,1,0,0,10,0,0,0,31.85
1,0,0,0,-1,0,1,1,0,0,0,0,3,0,-1,0,2,2,-1,0,0,3,0,2,50,0,9223372036800000000,1e+75,0,10,0,0,7,0,0,1,0,0,1,1,0,0,0,0,0,0,2,0,1,-1,-1,-1,-1,0,10,-1,1,1,3,-1,-1,-1,0,0,1,0,0,10,0,0,0,22.26
1,0,0,0,-1,0,1,1,0,0,0,0,3,0,-1,0,2,2,-1,0,0,3,0,-1,50,0,9223372036800000000,1e+75,0,10,0,0,7,0,0,1,1000,0,1,1,0,0,0,0,0,0,2,0,1,-1,-1,-1,-1,0,10,-1,1,1,3,-1,-1,-1,0,0,1,0,0,10,0,0,0,16.81
1,0,0,0,-1,0,1,1,0,0,0,0,3,0,-1,0,2,2,-1,0,0,3,0,-1,50,0,9223372036800000000,1e+75,0,10,0,0,7,0,0,1,0,0,1,1,0,0,0,1,0,0,2,0,1,-1,-1,-1,-1,0,10,-1,1,1,3,-1,-1,-1,0,0,1,0,0,10,0,0,0,27.87
1,0,0,0,-1,0,1,0,0,0,1,0,2,0,1,-1,1,0,-1,0,1,5,0,-1,10,0,9223372036800000000,1e+75,0,10,0,0,7,0,0,1,0,0,1,1,0,0,0,0,2,3,2,0,1,-1,1,-1,-1,0,10,-1,1,1,3,-1,-1,-1,0,0,1,0,0,10,0,0,0,27.6
1,0,0,0,-1,0,1,4,0,0,0,0,3,0,-1,-1,2,-1,2,1,2,10,0,-1,100,0,9223372036800000000,1e+75,0,10,0,0,7,0,0,1,0,0,1,1,0,0,0,0,4,-1,2,0,1,-1,0,-1,-1,0,10,-1,1,1,3,-1,-1,-1,0,0,1,0,0,10,0,0,0,25.48
1,0,0,0,-1,0,1,1,0,0,0,0,3,0,-1,0,2,2,-1,0,0,3,0,-1,50,0,9223372036800000000,1e+75,0,10,0,0,7,0,0,1,0,0,1,1,0,0,0,0,5,0,2,0,1,-1,-1,-1,-1,0,10,-1,1,1,3,-1,-1,-1,0,0,1,0,0,10,0,0,0,88.69
1,0,0,0,-1,0,1,1,0,0,0,0,3,0,-1,0,2,2,-1,0,0,3,0,-1,50,0,9223372036800000000,1e+75,0,10,0,0,7,0,0,1,0,0,1,1,0,0,0,0,0,0,2,0,1,-1,-1,-1,-1,0,10,-1,1,1,3,-1,-1,-1,0,0,1,2,0,10,0,0,0,23.29
1,0,0,0,-1,0,1,1,0,0,0,0,3,0,-1,0,2,2,-1,0,0,3,0,-1,50,0,9223372036800000000,1e+75,0,10,0,0,7,0,0,1,0,0,1,1,0,0,0,0,0,0,2,0,1,-1,-1,-1,-1,0,10,-1,1,1,3,-1,-1,-1,0,0,1,4,0,10,0,0,0,23.9
1,0,0,0,-1,0,1,0,0,0,0,0,-1,0,0,0,0,2,-1,2,0,3,0,-1,25,0,9223372036800000000,1e+75,0,10,0,0,7,0,0,1,0,0,1,1,0,0,0,0,0,0,2,0,1,-1,-1,-1,-1,0,10,-1,1,1,3,-1,-1,-1,0,0,1,0,0,10,0,0,0,25.78
1,0,0,0,-1,0,1,1,0,0,0,0,3,0,-1,0,2,2,-1,0,0,3,0,-1,50,0,9223372036800000000,1e+75,0,10,0,0,7,0,0,1,0,0,1,1,0,0,0,0,0,0,2,0,1,-1,-1,-1,-1,0,10,-1,1,1,3,-1,-1,-1,0,0,1,5,0,10,0,0,0,20.68
1,0,0,0,-1,0,1,0,0,0,0,0,0,0,0,0,2,0,-1,2,0,3,0,-1,50,0,9223372036800000000,1e+75,0,10,0,0,7,0,0,1,0,0,1,1,0,0,0,0,0,0,2,0,1,-1,-1,-1,-1,0,10,-1,1,1,3,-1,-1,-1,0,0,1,0,0,10,0,0,0,25.06
1,0,0,0,-1,0,1,0,0,0,0,0,0,0,0,0,0,0,-1,2,0,3,0,-1,50,0,9223372036800000000,1e+75,0,10,0,0,7,0,0,1,0,0,1,1,0,0,0,0,0,-1,2,0,1,-1,-1,-1,-1,0,10,-1,1,1,3,-1,-1,-1,0,0,1,0,0,10,0,0,0,83.5
1,0,0,0,-1,0,1,0,0,0,0,0,0,0,0,0,0,0,-1,2,2,3,0,-1,50,0,9223372036800000000,1e+75,0,10,0,0,7,0,0,1,0,0,1,1,0,0,0,0,0,0,2,0,1,-1,-1,-1,-1,0,10,-1,1,1,3,-1,-1,-1,0,0,1,0,0,10,0,0,0,25.06
1,0,0,0,-1,0,1,3,0,0,0,0,3,0,-1,0,2,2,-1,-1,1,3,0,-1,150,0,9223372036800000000,1e+75,0,10,0,0,7,0,0,1,0,0,1,1,0,0,0,0,0,-1,2,0,1,-1,-1,-1,-1,0,10,-1,1,1,3,-1,-1,-1,0,0,1,0,0,10,0,0,0,49.23
1,0,0,0,-1,0,1,1,0,0,0,0,2,0,0,1,2,-1,1,0,2,3,0,-1,100,0,9223372036800000000,1e+75,0,10,0,0,7,0,0,1,0,0,1,1,0,0,0,0,0,0,2,0,1,-1,-1,-1,-1,0,10,-1,1,1,3,-1,-1,-1,0,0,1,0,0,10,0,0,0,21.37
1,0,0,0,-1,0,1,4,0,0,0,0,3,0,1,0,2,2,-1,0,1,3,0,-1,150,0,9223372036800000000,1e+75,0,10,0,0,7,0,0,1,0,0,1,1,0,0,0,0,4,1,2,0,1,-1,-1,-1,-1,0,10,-1,1,1,3,-1,-1,-1,0,0,1,0,0,10,0,0,0,1.79769e+308
1,0,0,0,-1,0,1,3,0,0,0,0,-1,0,-1,2,-1,-1,-1,0,1,3,0,-1,150,0,9223372036800000000,1e+75,0,10,0,0,7,0,0,1,0,0,1,1,0,0,0,0,4,1,2,0,1,-1,-1,-1,-1,0,10,-1,1,1,3,-1,-1,-1,0,0,1,0,0,10,0,0,0,35.58
1,0,0,0,-1,0,1,0,0,0,4,0,0,0,-1,0,0,1,1,0,-1,2,0,-1,50,0,9223372036800000000,1e+75,0,10,0,1,7,0,0,1,0,0,1,1,0,0,0,0,2,-1,2,0,1,-1,-1,-1,3,0,10,-1,1,1,3,-1,-1,-1,0,0,1,0,0,10,0,0,0,85.3
1,0,0,0,-1,0,1,3,0,0,0,0,-1,0,0,2,-1,-1,-1,0,1,3,0,-1,150,0,9223372036800000000,1e+75,0,10,0,0,7,0,0,1,0,0,1,1,0,0,0,0,4,1,2,0,1,-1,-1,-1,-1,0,10,-1,1,1,3,-1,-1,-1,0,0,1,0,0,10,0,0,0,35.58
1,0,0,0,-1,0,1,4,0,0,0,0,2,0,1,0,0,1,-1,-1,1,3,0,-1,10,0,9223372036800000000,1e+75,0,10,0,0,7,0,0,1,0,0,1,1,0,0,0,0,0,3,2,0,1,-1,-1,-1,-1,0,10,-1,1,1,3,-1,-1,-1,0,0,1,0,0,10,0,0,0,39.2
1,0,0,0,-1,0,1,4,0,0,0,0,-1,0,1,0,1,0,2,1,-1,3,0,-1,25,0,9223372036800000000,1e+75,0,10,0,0,7,0,0,1,0,0,1,1,0,0,0,0,2,-1,2,0,1,-1,-1,-1,-1,0,10,-1,1,1,3,-1,-1,-1,0,0,1,0,0,10,0,0,0,83.31
1,0,0,0,-1,0,1,4,0,0,0,0,2,0,-1,0,1,2,1,-1,1,3,0,-1,25,0,9223372036800000000,1e+75,0,10,0,0,7,0,0,1,0,0,1,1,0,0,0,0,2,3,2,0,1,-1,-1,-1,-1,0,10,-1,1,1,3,-1,-1,-1,0,0,1,0,0,10,0,0,0,39.64
1,0,0,0,-1,0,1,3,0,0,0,0,-1,0,1,2,2,1,2,-1,-1,3,0,-1,100,0,9223372036800000000,1e+75,0,10,0,3,7,0,0,1,0,0,1,1,0,0,0,0,1,-1,2,0,1,-1,0,-1,1,0,10,-1,1,1,3,-1,-1,-1,0,0,1,0,0,10,0,0,0,83.5
1,0,0,0,-1,0,1,0,0,0,0,0,3,0,-1,2,1,2,1,-1,-1,10,0,-1,150,0,9223372036800000000,1e+75,0,10,0,1,7,0,0,1,0,0,1,1,0,0,0,0,0,3,2,0,1,-1,1,-1,3,0,10,-1,1,1,3,-1,-1,-1,0,0,1,0,0,10,0,0,0,13.59
1,0,0,0,-1,0,1,0,0,0,0,0,0,0,0,0,0,2,-1,2,0,3,0,-1,25,0,9223372036800000000,1e+75,0,10,0,0,7,0,0,1,0,0,1,1,0,0,0,0,0,0,2,0,1,-1,1,-1,-1,0,10,-1,1,1,3,-1,-1,-1,0,0,1,0,0,10,0,0,0,19.01
1,0,0,0,-1,0,1,0,0,0,0,0,2,0,-1,-1,1,-1,-1,2,-1,0,0,-1,25,0,9223372036800000000,1e+75,0,10,0,0,7,0,0,1,0,0,1,1,0,0,0,0,1,-1,2,0,1,-1,-1,-1,-1,0,10,-1,1,1,3,-1,-1,-1,0,0,1,0,0,10,0,0,0,90.51
1,0,0,0,-1,0,1,4,0,0,0,0,2,0,-1,0,1,2,1,1,1,3,0,-1,25,0,9223372036800000000,1e+75,0,10,0,0,7,0,0,1,0,0,1,1,0,0,0,0,1,3,2,0,1,-1,-1,-1,-1,0,10,-1,1,1,3,-1,-1,-1,0,0,1,0,0,10,0,0,0,38
1,0,0,0,-1,0,1,3,0,0,0,0,0,0,1,2,2,0,0,2,-1,3,0,-1,10,0,9223372036800000000,1e+75,0,10,0,0,7,0,0,1,0,0,1,1,0,0,0,0,0,-1,2,0,1,-1,1,-1,1,0,10,-1,1,1,3,-1,-1,-1,0,0,1,0,0,10,0,0,0,22.6
1,0,0,0,-1,0,1,1,0,0,0,0,0,0,1,0,1,1,0,1,-1,3,0,-1,150,0,9223372036800000000,1e+75,0,10,0,0,7,0,0,1,0,0,1,1,0,0,0,0,0,0,2,0,1,-1,-1,-1,-1,0,10,-1,1,1,3,-1,-1,-1,0,0,1,0,0,10,0,0,0,23.44
1,0,0,0,-1,0,1,4,0,0,0,0,2,0,-1,0,0,2,1,1,1,3,0,-1,25,0,9223372036800000000,1e+75,0,10,0,0,7,0,0,1,0,0,1,1,0,0,0,0,2,3,2,0,1,-1,-1,-1,-1,0,10,-1,1,1,3,-1,-1,-1,0,0,1,0,0,10,0,0,0,29.86
1,0,0,0,-1,0,1,0,0,0,0,0,-1,0,1,1,-1,0,-1,1,2,1,0,-1,200,0,9223372036800000000,1e+75,0,10,0,0,7,0,0,1,0,0,1,1,0,0,0,0,1,4,2,0,1,-1,-1,-1,-1,0,10,-1,1,1,3,-1,-1,-1,0,0,1,0,0,10,0,0,0,50.04
1,0,0,0,-1,0,1,4,0,0,0,0,2,0,-1,0,1,0,1,1,1,3,0,-1,25,0,9223372036800000000,1e+75,0,10,0,0,7,0,0,1,0,0,1,1,0,0,0,0,2,3,2,0,1,-1,-1,-1,-1,0,10,-1,1,1,3,-1,-1,-1,0,0,1,0,0,10,0,0,0,29.88
1,0,0,0,-1,0,1,4,0,0,0,0,-1,0,-1,-1,2,-1,2,1,-1,10,0,-1,100,0,9223372036800000000,1e+75,0,10,0,0,7,0,0,1,0,0,1,1,0,0,0,0,4,-1,2,0,1,-1,0,-1,-1,0,10,-1,1,1,3,-1,-1,-1,0,0,1,0,0,10,0,0,0,22.47
1,0,0,0,-1,0,1,5,0,0,0,0,1,0,1,1,-1,1,-1,-1,0,3,0,-1,50,0,9223372036800000000,1e+75,0,10,0,0,7,0,0,1,0,0,1,1,0,0,0,0,0,0,2,0,1,-1,-1,-1,-1,0,10,-1,1,1,3,-1,-1,-1,0,0,1,0,0,10,0,0,0,31.59
1,0,0,0,-1,0,1,2,0,0,0,0,-1,0,1,2,-1,1,2,1,0,3,0,-1,400,0,9223372036800000000,1e+75,0,10,0,0,7,0,0,1,0,0,1,1,0,0,0,0,0,4,2,0,1,-1,-1,-1,-1,0,10,-1,1,1,3,-1,-1,-1,0,0,1,0,0,10,0,0,0,32.06
1,0,0,0,-1,0,1,3,0,0,0,0,2,0,-1,2,0,1,2,-1,0,3,0,-1,150,0,9223372036800000000,1e+75,0,10,0,0,7,0,0,1,0,0,1,1,0,0,0,0,1,2,2,0,1,-1,-1,-1,-1,0,10,-1,1,1,3,-1,-1,-1,0,0,1,0,0,10,0,0,0,86.69
1,0,0,0,-1,0,1,0,0,0,0,0,3,0,0,0,2,1,2,1,-1,3,0,-1,150,0,9223372036800000000,1e+75,0,10,0,0,7,0,0,1,0,0,1,1,0,0,0,0,1,0,2,0,1,-1,-1,-1,-1,0,10,-1,1,1,3,-1,-1,-1,0,0,1,0,0,10,0,0,0,34.48
1,0,0,0,-1,0,1,2,0,0,0,0,-1,0,0,2,-1,1,2,1,0,3,0,-1,10,0,9223372036800000000,1e+75,0,10,0,0,7,0,0,1,0,0,1,1,0,0,0,0,0,4,2,0,1,-1,-1,-1,-1,0,10,-1,1,1,3,-1,-1,-1,0,0,1,0,0,10,0,0,0,32.11
1,0,0,0,-1,0,1,2,0,0,0,0,-1,0,0,2,1,1,2,1,0,3,0,-1,10,0,9223372036800000000,1e+75,0,10,0,0,7,0,0,1,0,0,1,1,0,0,0,0,0,4,2,0,1,-1,-1,-1,-1,0,10,-1,1,1,3,-1,-1,-1,0,0,1,0,0,10,0,0,0,32.11
1,0,0,0,-1,0,1,5,0,0,0,0,3,0,1,-1,1,1,-1,1,0,3,0,-1,10,0,9223372036800000000,1e+75,0,10,0,0,7,0,0,1,0,0,1,1,0,0,0,0,0,0,2,0,1,-1,-1,-1,-1,0,10,-1,1,1,3,-1,-1,-1,0,0,1,0,0,10,0,0,0,15.89
1,0,0,0,-1,0,1,2,0,0,0,0,-1,0,0,2,-1,1,2,1,0,3,0,-1,400,0,9223372036800000000,1e+75,0,10,0,0,7,0,0,1,0,0,1,1,0,0,0,0,0,4,2,0,1,-1,-1,-1,-1,0,10,-1,1,1,3,-1,-1,-1,0,0,1,0,0,10,0,0,0,32.06
1,0,0,0,-1,0,1,1,0,0,0,0,3,0,-1,0,2,2,-1,0,0,3,0,-1,50,0,9223372036800000000,1e+75,0,10,0,0,7,0,0,1,0,0,1,1,0,0,0,0,0,0,2,0,1,-1,-1,-1,-1,0,2,-1,1,1,3,-1,-1,-1,0,0,1,0,0,10,0,0,0,14.43
1,0,0,0,-1,0,1,4,0,0,0,0,0,0,-1,0,0,2,2,1,2,3,0,-1,100,0,9223372036800000000,1e+75,0,10,0,0,7,0,0,1,0,0,1,1,0,0,0,0,3,0,2,0,1,-1,-1,-1,-1,0,10,-1,1,1,3,-1,-1,-1,0,0,1,0,0,10,0,0,0,31.05
1,0,0,0,-1,0,1,0,0,0,2,0,2,0,-1,-1,2,2,2,-1,1,2,0,-1,10,0,9223372036800000000,1e+75,0,10,0,2,7,0,0,1,0,0,1,1,0,0,0,0,1,-1,2,0,1,-1,1,-1,3,0,10,-1,1,1,3,-1,-1,-1,0,0,1,0,0,10,0,0,0,91.24
1,0,0,0,-1,0,1,4,0,0,0,0,0,0,-1,0,0,2,-1,1,2,3,0,-1,25,0,9223372036800000000,1e+75,0,10,0,0,7,0,0,1,0,0,1,1,0,0,0,0,3,0,2,0,1,-1,-1,-1,-1,0,10,-1,1,1,3,-1,-1,-1,0,0,1,0,0,10,0,0,0,29.61
1,0,0,0,-1,0,1,2,0,0,0,0,0,0,1,-1,2,-1,0,1,-1,2,0,-1,50,0,9223372036800000000,1e+75,0,10,0,3,7,0,0,1,0,0,1,1,0,0,0,0,0,4,2,0,1,-1,-1,-1,3,0,10,-1,1,1,3,-1,-1,-1,0,0,1,0,0,10,0,0,0,32.31
1,0,0,0,-1,0,1,1,0,0,0,0,3,0,-1,0,2,2,-1,0,0,3,0,-1,50,0,9223372036800000000,1e+75,0,10,0,0,7,0,0,1,0,0,0,1,0,0,0,0,0,0,2,0,1,-1,-1,-1,-1,0,10,-1,1,1,3,-1,-1,-1,0,0,1,0,0,10,0,0,0,25.58
1,0,0,0,-1,0,1,5,0,0,0,0,3,0,1,-1,0,-1,0,0,-1,3,0,-1,50,0,9223372036800000000,1e+75,0,10,0,0,7,0,0,1,0,0,1,1,0,0,0,0,0,0,2,0,1,-1,-1,-1,-1,0,10,-1,1,1,3,-1,-1,-1,0,0,1,0,0,10,0,0,0,16.73
1,0,0,0,-1,0,1,4,0,0,0,0,0,0,-1,2,0,2,-1,1,2,3,0,-1,100,0,9223372036800000000,1e+75,0,10,0,0,7,0,0,1,0,0,1,1,0,0,0,0,3,0,2,0,1,-1,-1,-1,-1,0,10,-1,1,1,3,-1,-1,-1,0,0,1,0,0,10,0,0,0,40.95
1,0,0,0,-1,0,1,0,0,0,0,0,1,0,-1,2,1,0,0,1,0,3,0,-1,10,0,9223372036800000000,1e+75,0,10,0,0,7,0,0,1,0,0,1,1,0,0,0,0,5,1,2,0,1,-1,-1,-1,-1,0,10,-1,1,1,3,-1,-1,-1,0,0,1,0,0,10,0,0,0,88.66
1,0,0,0,-1,0,1,1,0,0,0,0,3,0,-1,0,2,2,-1,0,0,3,0,-1,50,0,9223372036800000000,1e+75,0,10,0,0,7,0,0,1,0,0,1,1,0,0,0,6,0,0,2,0,1,-1,-1,-1,-1,0,10,-1,1,1,3,-1,-1,-1,0,0,1,0,0,10,0,0,0,14.43
1,0,0,0,-1,0,1,0,0,0,0,0,2,0,1,1,0,2,0,1,2,2,0,-1,200,0,9223372036800000000,1e+75,0,10,0,0,7,0,0,1,0,0,1,1,0,0,0,0,1,3,2,0,1,-1,-1,-1,-1,0,10,-1,1,1,3,-1,-1,-1,0,0,1,0,0,10,0,0,0,33.37
1,0,0,0,-1,0,1,0,0,0,0,0,2,0,-1,2,0,0,1,1,0,3,0,-1,150,0,9223372036800000000,1e+75,0,10,0,0,7,0,0,1,0,0,1,1,0,0,0,0,5,-1,2,0,1,-1,-1,-1,-1,0,10,-1,1,1,3,-1,-1,-1,0,0,1,0,0,10,0,0,0,87.59
1,0,0,0,-1,0,1,3,0,0,0,0,2,0,1,1,-1,0,-1,-1,0,3,0,-1,150,0,9223372036800000000,1e+75,0,10,0,0,7,0,0,1,0,0,1,1,0,0,0,0,0,1,2,0,1,-1,-1,-1,-1,0,10,-1,1,1,3,-1,-1,-1,0,0,1,0,0,10,0,0,0,34.33
1,0,0,0,-1,0,1,0,0,0,0,0,2,0,0,2,0,0,1,1,2,3,0,-1,150,0,9223372036800000000,1e+75,0,10,0,0,7,0,0,1,0,0,1,1,0,0,0,0,5,-1,2,0,1,-1,-1,-1,-1,0,10,-1,1,1,3,-1,-1,-1,0,0,1,0,0,10,0,0,0,87.59
1,0,0,0,-1,0,1,4,0,0,0,0,2,0,-1,1,0,2,1,1,-1,3,0,-1,150,0,9223372036800000000,1e+75,0,10,0,0,7,0,0,1,0,0,1,1,0,0,0,0,0,1,2,0,1,-1,-1,-1,-1,0,10,-1,1,1,3,-1,-1,-1,0,0,1,0,0,10,0,0,0,31.31
1,0,0,0,-1,0,1,0,0,0,0,0,-1,0,0,-1,0,-1,0,-1,1,3,0,-1,150,0,9223372036800000000,1e+75,0,10,0,0,7,0,0,1,0,0,1,1,0,0,0,0,0,1,2,0,1,-1,-1,-1,-1,0,10,-1,1,1,3,-1,-1,-1,0,0,1,0,0,10,0,0,0,61.11
1,0,0,0,-1,0,1,1,0,0,0,0,3,0,-1,0,2,2,-1,0,0,3,0,-1,50,0,9223372036800000000,1e+75,0,10,0,0,7,0,0,1,0,0,1,1,0,0,0,0,4,0,2,0,1,-1,-1,-1,-1,0,10,-1,1,1,3,-1,-1,-1,0,0,1,0,0,10,0,0,0,1.79769e+308
1,0,0,0,-1,0,1,4,0,0,0,0,2,0,-1,1,0,-1,1,1,-1,3,0,-1,150,0,9223372036800000000,1e+75,0,10,0,0,7,0,0,1,0,0,1,1,0,0,0,0,0,1,2,0,1,-1,-1,-1,-1,0,10,-1,1,1,3,-1,-1,-1,0,0,1,0,0,10,0,0,0,31.39
1,0,0,0,-1,0,1,3,0,0,0,0,0,0,1,2,2,0,-1,2,-1,3,0,-1,10,0,9223372036800000000,1e+75,0,10,0,0,7,0,0,1,0,0,1,1,0,0,0,0,0,-1,2,0,1,-1,1,-1,1,0,10,-1,1,1,3,-1,-1,-1,0,0,1,0,0,10,0,0,0,43.85
1,0,0,0,-1,0,1,0,0,0,1,0,1,0,0,2,1,0,0,2,-1,1,0,-1,200,0,9223372036800000000,1e+75,0,10,0,1,7,0,0,1,0,0,1,1,0,0,0,0,0,1,2,0,1,-1,0,-1,3,0,10,-1,1,1,3,-1,-1,-1,0,0,1,0,0,10,0,0,0,49.65
1,0,0,0,-1,0,1,0,0,0,0,0,0,0,1,0,2,-1,-1,1,-1,3,0,-1,100,0,9223372036800000000,1e+75,0,10,0,0,7,0,0,1,0,0,1,1,0,0,0,0,0,0,2,0,1,-1,-1,-1,-1,0,10,-1,1,1,3,-1,-1,-1,0,0,1,0,0,10,0,0,0,27
1,0,0,0,-1,0,1,1,0,0,0,0,3,0,-1,0,2,2,-1,0,0,3,0,-1,50,0,9223372036800000000,1e+75,0,10,0,0,7,0,0,1,0,0,1,1,0,0,0,0,0,0,2,0,1,-1,-1,-1,-1,0,10,-1,1,1,3,-1,-1,-1,0,0,1,0,0,10,3,0,0,14.43
1,0,0,0,-1,0,1,4,0,0,0,0,2,0,-1,1,-1,2,1,1,-1,3,0,-1,150,0,9223372036800000000,1e+75,0,10,0,0,7,0,0,1,0,0,1,1,0,0,0,0,0,1,2,0,1,-1,-1,-1,-1,0,10,-1,1,1,3,-1,-1,-1,0,0,1,0,0,10,0,0,0,31.31
1,0,0,0,-1,0,1,0,0,0,4,0,0,0,-1,0,0,1,1,0,1,1,0,-1,50,0,9223372036800000000,1e+75,0,10,0,1,7,0,0,1,0,0,1,1,0,0,0,0,2,-1,2,0,1,-1,-1,-1,-1,0,10,-1,1,1,3,-1,-1,-1,0,0,1,0,0,10,0,0,0,87.86
1,0,0,0,-1,0,1,4,0,0,0,0,2,0,-1,1,0,2,1,1,2,3,0,-1,150,0,9223372036800000000,1e+75,0,10,0,0,7,0,0,1,0,0,1,1,0,0,0,0,0,1,2,0,1,-1,-1,-1,-1,0,10,-1,1,1,3,-1,-1,-1,0,0,1,0,0,10,0,0,0,31.26
1,0,0,0,-1,0,1,0,0,0,1,0,1,0,0,2,1,0,0,-1,-1,2,0,-1,25,0,9223372036800000000,1e+75,0,10,0,2,7,0,0,1,0,0,1,1,0,0,0,0,0,1,2,0,1,-1,-1,-1,0,0,10,-1,1,1,3,-1,-1,-1,0,0,1,0,0,10,0,0,0,46.26
1,0,0,0,-1,0,1,0,0,0,0,0,1,0,0,-1,1,1,2,-1,-1,3,0,-1,10,0,9223372036800000000,1e+75,0,10,0,0,7,0,0,1,0,0,1,1,0,0,0,0,0,1,2,0,1,-1,-1,-1,-1,0,10,-1,1,1,3,-1,-1,-1,0,0,1,0,0,10,0,0,0,61.93
1,0,0,0,-1,0,1,0,0,0,0,0,0,0,0,0,-1,0,-1,2,-1,3,0,-1,150,0,9223372036800000000,1e+75,0,10,0,0,7,0,0,1,0,0,1,1,0,0,0,0,0,0,2,0,1,-1,-1,-1,-1,0,10,-1,1,1,3,-1,-1,-1,0,0,1,0,0,10,0,0,0,21.16
1,0,0,0,-1,0,1,0,0,0,0,0,0,0,0,-1,1,1,2,-1,-1,3,0,-1,10,0,9223372036800000000,1e+75,0,10,0,0,7,0,0,1,0,0,1,1,0,0,0,0,0,1,2,0,1,-1,-1,-1,-1,0,10,-1,1,1,3,-1,-1,-1,0,0,1,0,0,10,0,0,0,61.93
1,0,0,0,-1,0,1,0,0,0,0,0,1,0,0,-1,1,1,2,-1,-1,3,0,-1,100,0,9223372036800000000,1e+75,0,10,0,0,7,0,0,1,0,0,1,1,0,0,0,0,0,1,2,0,1,-1,-1,-1,-1,0,10,-1,1,1,3,-1,-1,-1,0,0,1,0,0,10,0,0,0,59.88
1,0,0,0,-1,0,1,5,0,0,0,0,2,0,1,-1,1,1,1,1,2,3,0,-1,200,0,9223372036800000000,1e+75,0,10,0,0,7,0,0,1,0,0,1,1,0,0,0,0,0,0,2,0,1,-1,-1,-1,-1,0,10,-1,1,1,3,-1,-1,-1,0,0,1,0,0,10,0,0,0,31.03
1,0,0,0,-1,0,1,3,0,0,0,0,2,0,1,1,-1,0,0,-1,0,3,0,-1,150,0,9223372036800000000,1e+75,0,10,0,0,7,0,0,1,0,0,1,1,0,0,0,0,0,1,2,0,1,-1,-1,-1,-1,0,10,-1,1,1,3,-1,-1,-1,0,0,1,0,0,10,0,0,0,36.27
1,0,0,0,-1,0,1,0,0,0,0,0,-1,0,1,0,0,0,-1,-1,0,3,0,-1,800,0,9223372036800000000,1e+75,0,10,0,0,7,0,0,1,0,0,1,1,0,0,0,0,0,3,2,0,1,-1,-1,-1,-1,0,10,-1,1,1,3,-1,-1,-1,0,0,1,0,0,10,0,0,0,40.02
1,0,0,0,-1,0,1,0,0,0,0,0,3,0,0,2,2,1,2,-1,-1,3,0,-1,150,0,9223372036800000000,1e+75,0,10,0,0,7,0,0,1,0,0,1,1,0,0,0,0,1,0,2,0,1,-1,-1,-1,-1,0,10,-1,1,1,3,-1,-1,-1,0,0,1,0,0,10,0,0,0,41.14
1,0,0,0,-1,0,1,0,0,0,0,0,-1,0,-1,0,0,0,0,-1,0,3,0,-1,800,0,9223372036800000000,1e+75,0,10,0,0,7,0,0,1,0,0,1,1,0,0,0,0,0,3,2,0,1,-1,-1,-1,-1,0,10,-1,1,1,3,-1,-1,-1,0,0,1,0,0,10,0,0,0,40.12
1,0,0,0,-1,0,1,5,0,0,0,0,-1,0,1,0,-1,-1,1,2,-1,3,0,-1,10,0,9223372036800000000,1e+75,0,10,0,0,7,0,0,1,0,0,1,1,0,0,0,0,0,0,2,0,1,-1,-1,-1,-1,0,10,-1,1,1,3,-1,-1,-1,0,0,1,0,0,10,0,0,0,21.14
1,0,0,0,-1,0,1,0,0,0,0,0,3,0,0,-1,1,0,1,2,0,3,0,-1,10,0,9223372036800000000,1e+75,0,10,0,0,7,0,0,1,0,0,1,1,0,0,0,0,0,1,2,0,1,-1,-1,-1,-1,0,10,-1,1,1,3,-1,-1,-1,0,0,1,0,0,10,0,0,0,31.57
1,0,0,0,-1,0,1,2,0,0,0,0,0,0,1,2,-1,1,0,1,-1,3,0,-1,150,0,9223372036800000000,1e+75,0,10,0,0,7,0,0,1,0,0,1,1,0,0,0,0,0,0,2,0,1,-1,-1,-1,-1,0,10,-1,1,1,3,-1,-1,-1,0,0,1,0,0,10,0,0,0,30.52
1,0,0,0,-1,0,1,0,0,0,0,0,3,0,1,-1,1,0,0,2,0,3,0,-1,10,0,9223372036800000000,1e+75,0,10,0,0,7,0,0,1,0,0,1,1,0,0,0,0,0,1,2,0,1,-1,-1,-1,-1,0,10,-1,1,1,3,-1,-1,-1,0,0,1,0,0,10,0,0,0,31.57
1,0,0,0,-1,0,1,4,0,0,0,0,3,0,1,1,1,2,-1,2,1,3,0,-1,50,0,9223372036800000000,1e+75,0,10,0,0,7,0,0,1,0,0,1,1,0,0,0,0,0,2,2,0,1,-1,-1,-1,-1,0,10,-1,1,1,3,-1,-1,-1,0,0,1,0,0,10,0,0,0,46.58
1,0,0,0,-1,0,1,1,0,0,0,0,3,0,-1,0,2,2,-1,0,0,3,0,-1,50,0,9223372036800000000,1e+75,0,10,0,0,7,0,0,1,0,0,1,1,0,0,0,0,0,0,2,0,1,-1,-1,-1,-1,0,10,-1,1,1,3,-1,-1,-1,0,0,1,0,0,10,1,0,0,14.43
1,0,0,0,-1,0,1,0,0,0,0,0,1,0,-1,-1,1,1,-1,2,-1,2,0,-1,10,0,9223372036800000000,1e+75,0,10,0,0,7,0,0,1,0,0,1,1,0,0,0,0,0,0,2,0,1,-1,0,-1,-1,0,10,-1,1,1,3,-1,-1,-1,0,0,1,0,0,10,0,0,0,36.46
1,0,0,0,-1,0,1,1,0,0,0,0,3,0,-1,0,2,2,-1,0,0,3,0,-1,50,0,9223372036800000000,1e+75,0,10,0,0,7,0,0,1,0,0,1,1,0,0,0,0,0,0,2,0,1,-1,-1,-1,-1,0,10,-1,1,1,3,-1,-1,-1,0,0,1,0,0,10,4,0,0,14.43
0,0,0,0,-1,0,1,1,0,0,0,0,3,0,-1,0,2,2,-1,0,0,3,0,-1,50,0,9223372036800000000,1e+75,0,10,0,0,7,0,0,1,0,0,1,1,0,0,0,0,0,0,2,0,1,-1,-1,-1,-1,0,10,-1,1,1,3,-1,-1,-1,0,0,1,0,0,10,0,0,0,14.43
2,0,0,0,-1,0,1,1,0,0,0,0,3,0,-1,0,2,2,-1,0,0,3,0,-1,50,0,9223372036800000000,1e+75,0,10,0,0,7,0,0,1,0,0,1,1,0,0,0,0,0,0,2,0,1,-1,-1,-1,-1,0,10,-1,1,1,3,-1,-1,-1,0,0,1,0,0,10,0,0,0,14.43
1,0,0,0,-1,0,1,0,0,0,0,0,0,0,-1,0,2,1,1,2,1,3,0,-1,150,0,9223372036800000000,1e+75,0,10,0,0,7,0,0,1,0,0,1,1,0,0,0,0,5,3,2,0,1,-1,-1,-1,-1,0,10,-1,1,1,3,-1,-1,-1,0,0,1,0,0,10,0,0,0,89.61
1,0,0,0,-1,0,1,1,0,0,0,0,3,0,-1,0,2,2,-1,0,0,0,0,-1,50,0,9223372036800000000,1e+75,0,10,0,0,7,0,0,1,0,0,1,1,0,0,0,0,0,0,2,0,1,-1,-1,-1,-1,0,10,-1,1,1,3,-1,-1,-1,0,0,1,0,0,10,0,0,0,56.07
1,0,0,0,-1,0,1,1,0,0,0,0,3,0,-1,0,2,2,-1,0,0,1,0,-1,50,0,9223372036800000000,1e+75,0,10,0,0,7,0,0,1,0,0,1,1,0,0,0,0,0,0,2,0,1,-1,-1,-1,-1,0,10,-1,1,1,3,-1,-1,-1,0,0,1,0,0,10,0,0,0,51.87
1,0,0,0,-1,0,1,0,0,0,5,0,0,0,-1,-1,2,-1,-1,1,1,2,0,-1,100,0,9223372036800000000,1e+75,0,10,0,3,7,0,0,1,0,0,1,1,0,0,0,0,1,0,2,0,1,-1,-1,-1,1,0,10,-1,1,1,3,-1,-1,-1,0,0,1,0,0,10,0,0,0,39
1,0,0,0,-1,0,1,1,0,0,0,0,3,0,-1,1,2,2,-1,0,0,3,0,-1,50,0,9223372036800000000,1e+75,0,10,0,0,7,0,0,1,0,0,1,1,0,0,0,0,0,0,2,0,1,-1,-1,-1,-1,0,10,-1,1,1,3,-1,-1,-1,0,0,1,0,0,10,0,0,0,18.11
1,0,0,0,-1,0,1,1,0,0,0,0,3,0,-1,0,2,2,-1,0,0,2,0,-1,50,0,9223372036800000000,1e+75,0,10,0,0,7,0,0,1,0,0,1,1,0,0,0,0,0,0,2,0,1,-1,-1,-1,-1,0,10,-1,1,1,3,-1,-1,-1,0,0,1,0,0,10,0,0,0,32.16
1,0,0,0,-1,0,1,3,0,0,0,0,0,0,1,2,2,0,0,2,1,3,0,-1,10,0,9223372036800000000,1e+75,0,10,0,0,7,0,0,1,0,0,1,1,0,0,0,0,1,-1,2,0,1,-1,1,-1,1,0,10,-1,1,1,3,-1,-1,-1,0,0,1,0,0,10,0,0,0,45.88
1,0,0,0,-1,0,1,0,0,0,1,0,1,0,0,2,1,0,0,2,-1,2,0,-1,200,0,9223372036800000000,1e+75,0,10,0,1,7,0,0,1,0,0,1,1,0,0,0,0,0,1,2,0,1,-1,-1,-1,0,0,10,-1,1,1,3,-1,-1,-1,0,0,1,0,0,10,0,0,0,39.36
1,0,0,0,-1,0,1,1,0,0,0,0,3,0,-1,-1,2,2,-1,0,0,3,0,-1,50,0,9223372036800000000,1e+75,0,10,0,0,7,0,0,1,0,0,1,1,0,0,0,0,0,0,2,0,1,-1,-1,-1,-1,0,10,-1,1,1,3,-1,-1,-1,0,0,1,0,0,10,0,0,0,31.41
1,0,0,0,-1,0,1,1,0,0,0,0,3,0,-1,0,2,2,-1,0,0,10,0,-1,50,0,9223372036800000000,1e+75,0,10,0,0,7,0,0,1,0,0,1,1,0,0,0,0,0,0,2,0,1,-1,-1,-1,-1,0,10,-1,1,1,3,-1,-1,-1,0,0,1,0,0,10,0,0,0,15.4
1,0,0,0,-1,0,1,1,0,0,0,0,3,0,-1,0,2,2,-1,0,0,3,0,-1,50,0,9223372036800000000,1e+75,0,10,0,0,7,0,0,1,0,0,1,1,0,0,0,0,0,0,2,0,1,-1,-1,-1,-1,0,20,-1,1,1,3,-1,-1,-1,0,0,1,0,0,10,0,0,0,14.43
1,0,0,0,-1,0,1,0,0,0,0,0,0,0,0,0,0,2,-1,-1,0,3,0,-1,25,0,9223372036800000000,1e+75,0,10,0,0,7,0,0,1,0,0,1,1,0,0,0,0,0,0,2,0,1,-1,-1,-1,-1,0,10,-1,1,1,3,-1,-1,-1,0,0,1,0,0,10,0,0,0,38.64
1,0,0,1,-1,0,1,1,0,0,0,0,3,0,-1,0,2,2,-1,0,0,3,0,-1,50,0,9223372036800000000,1e+75,0,10,0,0,7,0,0,1,0,0,1,1,0,0,0,0,0,0,2,0,1,-1,-1,-1,-1,0,10,-1,1,1,3,-1,-1,-1,0,0,1,0,0,10,0,0,0,14.43
1,0,0,0,-1,1,1,1,0,0,0,0,3,0,-1,0,2,2,-1,0,0,3,0,-1,50,0,9223372036800000000,1e+75,0,10,0,0,7,0,0,1,0,0,1,1,0,0,0,0,0,0,2,0,1,-1,-1,-1,-1,0,10,-1,1,1,3,-1,-1,-1,0,0,1,0,0,10,0,0,0,14.43
1,0,0,0,-1,0,3,1,0,0,0,0,3,0,-1,0,2,2,-1,0,0,3,0,-1,50,0,9223372036800000000,1e+75,0,10,0,0,7,0,0,1,0,0,1,1,0,0,0,0,0,0,2,0,1,-1,-1,-1,-1,0,10,-1,1,1,3,-1,-1,-1,0,0,1,0,0,10,0,0,0,14.43
1,0,0,0,-1,0,4,1,0,0,0,0,3,0,-1,0,2,2,-1,0,0,3,0,-1,50,0,9223372036800000000,1e+75,0,10,0,0,7,0,0,1,0,0,1,1,0,0,0,0,0,0,2,0,1,-1,-1,-1,-1,0,10,-1,1,1,3,-1,-1,-1,0,0,1,0,0,10,0,0,0,14.43
1,0,0,0,-1,0,1,1,0,0,0,0,3,0,-1,0,2,2,-1,0,0,3,0,-1,50,0,9223372036800000000,1e+75,0,10,0,0,7,0,0,1,0,0,1,1,0,0,0,0,0,0,2,0,1,-1,0,-1,-1,0,10,-1,1,1,3,-1,-1,-1,0,0,1,0,0,10,0,0,0,22.28
1,0,0,0,-1,0,1,0,0,0,0,0,3,0,-1,2,1,2,1,1,-1,10,0,-1,150,0,9223372036800000000,1e+75,0,10,0,1,7,0,0,1,0,0,1,1,0,0,0,0,0,3,2,0,1,-1,1,-1,2,0,10,-1,1,1,3,-1,-1,-1,0,0,1,0,0,10,0,0,0,8.23
1,0,0,0,-1,0,1,1,0,0,0,0,0,0,0,0,-1,2,-1,2,-1,3,0,-1,200,0,9223372036800000000,1e+75,0,10,0,0,7,0,0,1,0,0,1,1,0,0,0,0,0,0,2,0,1,-1,-1,-1,-1,0,10,-1,1,1,3,-1,-1,-1,0,0,1,0,0,10,0,0,0,24.39
1,0,0,0,-1,0,1,4,0,0,0,0,-1,0,-1,-1,2,-1,2,1,2,10,0,-1,100,0,9223372036800000000,1e+75,0,10,0,0,7,0,0,1,0,0,1,1,0,0,0,0,4,-1,2,0,1,-1,0,-1,-1,0,10,-1,1,1,3,-1,-1,-1,0,0,1,0,0,10,0,0,0,17.5
1,0,0,0,-1,0,1,0,0,0,4,0,-1,0,-1,0,2,1,-1,1,2,2,0,-1,10,0,9223372036800000000,1e+75,0,10,0,0,7,0,0,1,0,0,1,1,0,0,0,0,0,4,2,0,1,-1,-1,-1,0,0,10,-1,1,1,3,-1,-1,-1,0,0,1,0,0,10,0,0,0,36.1
1,0,0,0,-1,0,1,3,0,0,0,0,-1,0,1,-1,0,-1,2,0,2,0,0,-1,400,0,9223372036800000000,1e+75,0,10,0,0,7,0,0,1,0,0,1,1,0,0,0,0,0,4,2,0,1,-1,1,-1,-1,0,10,-1,1,1,3,-1,-1,-1,0,0,1,0,0,10,0,0,0,51.6
1,0,0,0,-1,0,1,2,0,0,0,0,0,0,0,-1,2,0,1,2,1,2,0,-1,50,0,9223372036800000000,1e+75,0,10,0,0,7,0,0,1,0,0,1,1,0,0,0,0,0,1,2,0,1,-1,-1,-1,-1,0,10,-1,1,1,3,-1,-1,-1,0,0,1,0,0,10,0,0,0,35.92
1,0,0,0,-1,0,1,2,0,0,0,0,2,0,-1,2,1,2,0,2,-1,10,0,-1,25,0,9223372036800000000,1e+75,0,10,0,0,7,0,0,1,0,0,1,1,0,0,0,0,5,-1,2,0,1,-1,1,-1,-1,0,10,-1,1,1,3,-1,-1,-1,0,0,1,0,0,10,0,0,0,86.75
1,0,0,0,-1,0,1,1,0,0,0,0,3,0,-1,0,2,2,-1,0,0,3,0,-1,50,0,9223372036800000000,1e+75,0,10,0,0,7,0,0,1,0,0,1,1,0,0,0,0,0,0,2,0,1,-1,1,-1,-1,0,10,-1,1,1,3,-1,-1,-1,0,0,1,0,0,10,0,0,0,14.43
1,0,0,0,-1,0,1,2,0,0,1,0,2,0,-1,1,-1,0,1,2,-1,10,0,-1,200,0,9223372036800000000,1e+75,0,10,0,0,7,0,0,1,0,0,1,1,0,0,0,0,4,0,2,0,1,-1,0,-1,-1,0,10,-1,1,1,3,-1,-1,-1,0,0,1,0,0,10,0,0,0,13.91
1,0,0,0,-1,0,1,0,0,0,1,0,1,0,0,2,1,0,0,-1,-1,2,0,-1,25,0,9223372036800000000,1e+75,0,10,0,1,7,0,0,1,0,0,1,1,0,0,0,0,0,1,2,0,1,-1,-1,-1,0,0,10,-1,1,1,3,-1,-1,-1,0,0,1,0,0,10,0,0,0,45.58
1,0,0,0,-1,0,1,0,0,0,0,0,0,0,0,0,0,2,-1,2,0,3,0,-1,25,0,9223372036800000000,1e+75,0,10,0,1,7,0,0,1,0,0,1,1,0,0,0,0,0,0,2,0,1,-1,-1,-1,-1,0,10,-1,1,1,3,-1,-1,-1,0,0,1,0,0,10,0,0,0,27.61
1,0,0,0,-1,0,1,1,0,0,0,0,3,0,-1,0,2,2,-1,0,0,3,0,-1,50,0,9223372036800000000,1e+75,0,10,0,0,7,0,0,1,0,0,1,1,0,0,0,0,0,0,2,0,1,-1,-1,0,-1,0,10,-1,1,1,3,-1,-1,-1,0,0,1,0,0,10,0,0,0,23.63
1,0,0,0,-1,0,1,0,0,0,0,0,3,0,-1,2,1,2,1,1,-1,10,0,-1,150,0,9223372036800000000,1e+75,0,10,0,1,7,0,0,0,0,0,1,1,0,0,0,0,0,3,2,0,1,-1,1,-1,3,0,10,-1,1,1,3,-1,-1,-1,0,0,1,0,0,10,0,0,0,5.3
1,0,0,0,-1,0,1,1,0,0,1,0,2,0,-1,-1,2,2,1,1,2,0,0,-1,150,0,9223372036800000000,1e+75,0,10,0,2,7,0,0,1,0,0,1,1,0,0,0,0,2,2,2,0,1,-1,1,-1,0,0,10,-1,1,1,3,-1,-1,-1,0,0,1,0,0,10,0,0,0,57.69
1,0,0,0,-1,0,1,1,0,0,0,0,0,0,1,0,-1,1,0,-1,-1,3,0,-1,150,0,9223372036800000000,1e+75,0,10,0,0,7,0,0,1,0,0,1,1,0,0,0,0,0,0,2,0,1,-1,-1,-1,-1,0,10,-1,1,1,3,-1,-1,-1,0,0,1,0,0,10,0,0,0,25.37
1,0,0,0,-1,0,1,1,0,0,0,0,3,0,-1,0,2,2,-1,0,0,3,0,-1,50,0,9223372036800000000,1e+75,0,10,0,0,7,0,0,1,0,0,1,1,0,0,0,0,0,0,2,0,1,-1,-1,1,-1,0,10,-1,1,1,3,-1,-1,-1,0,0,1,0,0,10,0,0,0,19.99
1,0,0,0,-1,0,1,1,0,0,1,0,2,0,-1,-1,2,2,0,1,1,1,0,-1,150,0,9223372036800000000,1e+75,0,10,0,2,7,0,0,1,0,0,1,1,0,0,0,0,2,2,2,0,1,-1,-1,-1,0,0,10,-1,1,1,3,-1,-1,-1,0,0,1,0,0,10,0,0,0,46.58
1,0,0,0,-1,0,1,0,0,0,0,0,0,0,1,2,0,2,-1,0,-1,10,0,-1,150,0,9223372036800000000,1e+75,0,10,0,0,7,0,0,1,0,0,1,1,0,0,0,0,1,2,2,0,1,-1,0,-1,-1,0,10,-1,1,1,3,-1,-1,-1,0,0,1,0,0,10,0,0,0,29.41
1,0,0,0,-1,0,1,5,0,0,0,0,3,0,1,0,0,-1,2,-1,0,3,0,-1,10,0,9223372036800000000,1e+75,0,10,0,0,7,0,0,1,0,0,1,1,0,0,0,0,0,1,2,0,1,-1,-1,-1,-1,0,10,-1,1,1,3,-1,-1,-1,0,0,1,0,0,10,0,0,0,30.74
1,0,0,0,-1,0,1,1,0,0,0,0,-1,0,1,0,1,-1,1,2,-1,3,0,-1,10,0,9223372036800000000,1e+75,0,10,0,0,7,0,0,1,0,0,1,1,0,0,0,0,0,0,2,0,1,-1,-1,-1,-1,0,10,-1,1,1,3,-1,-1,-1,0,0,1,0,0,10,0,0,0,19.86
1,0,0,0,-1,0,1,1,0,0,0,0,3,0,-1,0,2,2,-1,0,0,3,0,-1,50,0,9223372036800000000,1e+75,0,10,0,0,7,0,0,1,0,0,1,1,0,0,0,0,0,0,2,0,1,-1,-1,3,-1,0,10,-1,1,1,3,-1,-1,-1,0,0,1,0,0,10,0,0,0,14.43
1,0,0,0,-1,0,1,1,0,0,0,0,3,0,-1,0,2,2,-1,0,0,3,0,-1,50,0,9223372036800000000,2,0,10,0,0,7,0,0,1,0,0,1,1,0,0,0,0,0,0,2,0,1,-1,-1,-1,-1,0,10,-1,1,1,3,-1,-1,-1,0,0,1,0,0,10,0,0,0,14.43
1,0,0,0,-1,0,1,1,0,0,0,0,3,0,-1,0,2,2,-1,0,0,3,0,-1,50,0,9223372036800000000,1e+75,0,10,0,0,7,0,0,1,0,0,1,1,0,0,0,0,0,0,2,0,1,-1,-1,-1,-1,0,10,-1,1,1,3,-1,-1,-1,0,0,-1,0,0,10,0,0,0,14.43
1,0,0,0,-1,0,1,0,0,0,0,0,0,0,0,0,0,0,-1,2,0,0,0,-1,50,0,9223372036800000000,1e+75,0,10,0,0,7,0,0,1,0,0,1,1,0,0,0,0,0,0,2,0,1,-1,-1,-1,-1,0,10,-1,1,1,3,-1,-1,-1,0,0,1,0,0,10,0,0,0,52.7
1,0,0,0,-1,0,1,1,0,0,0,0,2,0,0,1,2,0,1,0,1,3,0,-1,400,0,9223372036800000000,1e+75,0,10,0,0,7,0,0,1,0,0,1,1,0,0,0,0,0,0,2,0,1,-1,-1,-1,-1,0,10,-1,1,1,3,-1,-1,-1,0,0,1,0,0,10,0,0,0,25.15
1,0,0,0,-1,0,1,0,0,0,0,0,0,0,0,0,0,0,-1,2,0,3,0,-1,25,0,9223372036800000000,1e+75,0,10,0,0,7,0,0,1,0,0,1,1,0,0,0,0,0,0,2,0,1,-1,-1,-1,-1,0,10,-1,1,1,3,-1,-1,-1,0,0,1,0,0,10,0,0,0,20.36
1,0,0,0,-1,0,1,0,0,0,0,0,0,0,0,0,0,0,2,2,0,3,0,-1,50,0,9223372036800000000,1e+75,0,10,0,0,7,0,0,1,0,0,1,1,0,0,0,0,0,0,2,0,1,-1,-1,-1,-1,0,10,-1,1,1,3,-1,-1,-1,0,0,1,0,0,10,0,0,0,31.43
1,0,0,0,-1,0,1,1,0,0,1,0,2,0,-1,-1,2,2,0,1,2,1,0,-1,150,0,9223372036800000000,1e+75,0,10,0,2,7,0,0,1,0,0,1,1,0,0,0,0,2,2,2,0,1,-1,-1,-1,0,0,10,-1,1,1,3,-1,-1,-1,0,0,1,0,0,10,0,0,0,44.29
1,0,0,0,-1,0,1,0,0,0,0,0,0,0,0,0,0,0,-1,2,0,1,0,-1,25,0,9223372036800000000,1e+75,0,10,0,0,7,0,0,1,0,0,1,1,0,0,0,0,0,0,2,0,1,-1,-1,-1,-1,0,10,-1,1,1,3,-1,-1,-1,0,0,1,0,0,10,0,0,0,50.15
1,0,0,0,-1,0,1,0,0,0,0,0,0,0,0,0,0,2,-1,2,0,3,0,-1,50,0,9223372036800000000,1e+75,0,10,0,0,7,0,0,1,0,0,1,1,0,0,0,0,0,0,2,0,1,-1,-1,-1,-1,0,10,-1,1,1,3,-1,-1,-1,0,0,1,0,0,10,0,0,0,29.72
1,0,0,0,-1,0,1,0,0,0,0,0,1,0,-1,-1,1,1,1,2,-1,2,0,-1,10,0,9223372036800000000,1e+75,0,10,0,0,7,0,0,1,0,0,1,1,0,0,0,0,0,0,2,0,1,-1,0,-1,-1,0,10,-1,1,1,3,-1,-1,-1,0,0,1,0,0,10,0,0,0,34.3
1,0,0,0,-1,0,1,2,0,0,1,0,2,0,-1,1,-1,0,1,2,-1,10,0,-1,200,0,9223372036800000000,1e+75,0,10,0,2,7,0,0,1,0,0,1,1,0,0,0,0,0,0,2,0,1,-1,0,-1,-1,0,10,-1,1,1,3,-1,-1,-1,0,0,1,0,0,10,0,0,0,9.03
1,0,0,0,-1,0,1,3,0,0,0,0,3,0,1,2,2,-1,2,2,2,3,0,-1,150,0,9223372036800000000,1e+75,0,10,0,0,7,0,0,1,0,0,1,1,0,0,0,0,0,0,2,0,1,-1,-1,-1,-1,0,10,-1,1,1,3,-1,-1,-1,0,0,1,0,0,10,0,0,0,28.85
1,0,0,0,-1,0,1,1,0,0,0,0,2,0,0,1,2,0,1,-1,1,3,0,-1,10,0,9223372036800000000,1e+75,0,10,0,0,7,0,0,1,0,0,1,1,0,0,0,0,0,0,2,0,1,-1,-1,-1,-1,0,10,-1,1,1,3,-1,-1,-1,0,0,1,0,0,10,0,0,0,24.55
1,0,0,0,-1,0,1,0,0,0,0,0,-1,0,-1,0,0,0,-1,-1,0,3,0,-1,150,0,9223372036800000000,1e+75,0,10,0,0,7,0,0,1,0,0,1,1,0,0,0,0,0,3,2,0,1,-1,-1,-1,-1,0,10,-1,1,1,3,-1,-1,-1,0,0,1,0,0,10,0,0,0,40.15
1,0,0,0,-1,0,1,0,0,0,0,0,1,0,-1,-1,1,1,1,2,-1,2,0,-1,10,0,9223372036800000000,1e+75,0,10,0,0,7,0,0,1,0,0,1,1,0,0,0,0,0,0,2,0,1,-1,-1,-1,-1,0,10,-1,1,1,3,-1,-1,-1,0,0,1,0,0,10,0,0,0,35.6
1,0,0,0,-1,0,1,3,0,0,0,0,0,0,1,2,2,0,0,2,-1,3,0,-1,10,0,9223372036800000000,1e+75,0,10,0,3,7,0,0,1,0,0,1,1,0,0,0,0,1,-1,2,0,1,-1,0,-1,1,0,10,-1,1,1,3,-1,-1,-1,0,0,1,0,0,10,0,0,0,52.47
1,0,0,0,-1,0,1,0,0,0,0,0,1,0,-1,-1,-1,1,1,2,-1,2,0,-1,10,0,9223372036800000000,1e+75,0,10,0,0,7,0,0,1,0,0,1,1,0,0,0,0,0,0,2,0,1,-1,0,-1,-1,0,10,-1,1,1,3,-1,-1,-1,0,0,1,0,0,10,0,0,0,34.3
1,0,0,0,-1,0,1,0,0,0,0,0,1,0,-1,-1,1,1,1,2,-1,2,0,-1,25,0,9223372036800000000,1e+75,0,10,0,0,7,0,0,1,0,0,1,1,0,0,0,0,0,0,2,0,1,-1,0,-1,-1,0,10,-1,1,1,3,-1,-1,-1,0,0,1,0,0,10,0,0,0,26.98
1,0,0,0,-1,0,1,0,0,0,0,0,2,0,1,1,0,2,1,1,2,2,0,-1,200,0,9223372036800000000,1e+75,0,10,0,0,7,0,0,1,0,0,1,1,0,0,0,0,1,3,2,0,1,-1,-1,-1,-1,0,10,-1,1,1,3,-1,-1,-1,0,0,1,0,0,10,0,0,0,33.37
1,0,0,0,-1,0,1,0,0,0,0,0,1,0,-1,-1,1,1,1,2,-1,0,0,-1,25,0,9223372036800000000,1e+75,0,10,0,0,7,0,0,1,0,0,1,1,0,0,0,0,0,0,2,0,1,-1,0,-1,-1,0,10,-1,1,1,3,-1,-1,-1,0,0,1,0,0,10,0,0,0,51.82
1,0,0,0,-1,0,1,1,0,0,0,0,1,0,-1,-1,1,1,1,2,-1,2,0,-1,25,0,9223372036800000000,1e+75,0,10,0,0,7,0,0,1,0,0,1,1,0,0,0,0,0,0,2,0,1,-1,0,-1,-1,0,10,-1,1,1,3,-1,-1,-1,0,0,1,0,0,10,0,0,0,42.17
1,0,0,0,-1,0,1,3,0,0,0,0,0,0,1,2,2,0,0,2,-1,3,0,-1,10,0,9223372036800000000,1e+75,0,10,0,0,7,0,0,1,0,0,1,1,0,0,0,0,0,-1,2,0,1,-1,0,-1,1,0,10,-1,1,1,3,-1,-1,-1,0,0,1,0,0,10,0,0,0,29.25
1,0,0,0,-1,0,1,1,0,0,0,0,3,0,-1,0,2,2,-1,0,0,3,0,-1,50,0,9223372036800000000,1e+75,0,10,0,0,7,0,0,1,0,0,2,1,0,0,0,0,0,0,2,0,1,-1,-1,-1,-1,0,10,-1,1,1,3,-1,-1,-1,0,0,1,0,0,10,0,0,0,14.43
1,0,0,0,-1,0,1,0,0,0,0,0,2,0,1,1,0,2,1,1,2,10,0,-1,200,0,9223372036800000000,1e+75,0,10,0,0,7,0,0,1,0,0,1,1,0,0,0,0,1,3,2,0,1,-1,-1,-1,-1,0,10,-1,1,1,3,-1,-1,-1,0,0,1,0,0,10,0,0,0,35.41
1,0,0,0,-1,0,1,0,0,0,1,0,2,0,1,-1,1,0,-1,0,1,5,0,-1,10,0,9223372036800000000,1e+75,0,10,0,1,7,0,0,1,0,0,1,1,0,0,0,0,2,3,2,0,1,-1,1,-1,-1,0,10,-1,1,1,3,-1,-1,-1,0,0,1,0,0,10,0,0,0,27.6
1,0,0,0,-1,0,1,0,0,0,2,0,2,0,-1,-1,2,2,2,-1,1,1,0,-1,10,0,9223372036800000000,1e+75,0,10,0,2,7,0,0,1,0,0,1,1,0,0,0,0,3,-1,2,0,1,-1,1,-1,3,0,10,-1,1,1,3,-1,-1,-1,0,0,1,0,0,10,0,0,0,90.43
1,0,0,0,-1,0,1,2,0,0,4,0,-1,0,0,0,2,2,1,2,0,0,0,-1,400,0,9223372036800000000,1e+75,0,10,0,0,7,0,0,1,0,0,1,1,0,0,0,0,5,4,2,0,1,-1,-1,-1,2,0,10,-1,1,1,3,-1,-1,-1,0,0,1,0,0,10,0,0,0,90.81
1,0,0,0,-1,0,1,0,0,0,0,0,1,0,0,2,1,0,1,2,1,3,0,-1,200,0,9223372036800000000,1e+75,0,10,0,0,7,0,0,1,0,0,1,1,0,0,0,0,0,0,2,0,1,-1,-1,-1,-1,0,10,-1,1,1,3,-1,-1,-1,0,0,1,0,0,10,0,0,0,30.6
1,0,0,0,-1,0,1,0,0,0,0,0,2,0,1,1,0,2,1,1,2,1,0,-1,200,0,9223372036800000000,1e+75,0,10,0,0,7,0,0,1,0,0,1,1,0,0,0,0,1,3,2,0,1,-1,-1,-1,-1,0,10,-1,1,1,3,-1,-1,-1,0,0,1,0,0,10,0,0,0,51.26
1,0,0,0,-1,0,1,3,0,0,0,0,0,0,1,2,2,0,0,2,2,3,0,-1,10,0,9223372036800000000,1e+75,0,10,0,0,7,0,0,1,0,0,1,1,0,0,0,0,0,-1,2,0,1,-1,1,-1,1,0,10,-1,1,1,3,-1,-1,-1,0,0,1,0,0,10,0,0,0,21.25
1,0,0,0,-1,0,1,0,0,0,0,0,2,0,1,1,0,2,2,1,2,2,0,-1,200,0,9223372036800000000,1e+75,0,10,0,0,7,0,0,1,0,0,1,1,0,0,0,0,1,3,2,0,1,-1,-1,-1,-1,0,10,-1,1,1,3,-1,-1,-1,0,0,1,0,0,10,0,0,0,33.37
1,0,0,0,-1,0,1,3,0,0,0,0,3,0,-1,0,2,2,-1,0,0,3,0,-1,25,0,9223372036800000000,1e+75,0,10,0,0,7,0,0,1,0,0,1,1,0,0,0,0,0,0,2,0,1,-1,-1,-1,-1,0,10,-1,1,1,3,-1,-1,-1,0,0,1,0,0,10,0,0,0,21.54
1,0,0,0,-1,0,1,0,0,0,0,0,1,0,-1,-1,1,1,2,2,-1,2,0,-1,10,0,9223372036800000000,1e+75,0,10,0,0,7,0,0,1,0,0,1,1,0,0,0,0,0,0,2,0,1,-1,0,-1,-1,0,10,-1,1,1,3,-1,-1,-1,0,0,1,0,0,10,0,0,0,34.3
1,0,0,0,-1,0,1,0,0,0,0,0,-1,0,1,1,0,2,1,1,2,2,0,-1,200,0,9223372036800000000,1e+75,0,10,0,0,7,0,0,1,0,0,1,1,0,0,0,0,1,3,2,0,1,-1,-1,-1,-1,0,10,-1,1,1,3,-1,-1,-1,0,0,1,0,0,10,0,0,0,44.13
1,0,0,0,-1,0,1,4,0,0,0,0,-1,0,-1,-1,2,0,2,1,2,10,0,-1,100,0,9223372036800000000,1e+75,0,10,0,0,7,0,0,1,0,0,1,1,0,0,0,0,4,-1,2,0,1,-1,0,-1,-1,0,10,-1,1,1,3,-1,-1,-1,0,0,1,0,0,10,0,0,0,20.6
