[INFO]:[16:16:01] Worker 22 starting.
[INFO]:[16:16:01] Worker 22 received order for step 1.
[INFO]:[16:16:01] Worker 22 running exploration phase for iteration 1.
[INFO]:[16:16:01] Worker 22 at iteration 1 will not use a MIP start file. Current best MIP-start upper bound threshold is 1.79769e+308.
[INFO]:[16:16:01] Starting local search phase...
[INFO]:[16:16:01] Creating local search space from parameter space file: /scratch/yorig/mpils-results-grid-seconds-5-4may/easy/24proc/seed-1/5_mas74_seed-1_20260504_161600/iterated_local_search/search_space/search_space_file_1_worker_22.txt
[INFO]:[16:16:01] Local search space loaded from file: /scratch/yorig/mpils-results-grid-seconds-5-4may/easy/24proc/seed-1/5_mas74_seed-1_20260504_161600/iterated_local_search/search_space/search_space_file_1_worker_22.txt
[INFO]:[16:16:01] Number of parameters in local search space: 71
[INFO]:[16:16:01] Number of forbidden tuples in local search space: 0
[INFO]:[16:16:01] Number of conditionals in local search space: 6
[INFO]:[16:16:01] MIP start option not enabled. Local search will proceed without MIP start.
[INFO]:[16:16:01] Evaluating initial configuration for local search phase...
[INFO]:[16:16:01] Starting CPLEX solver on instance: /home/yorig/tuner/mpils-tests/instances/miplib/easy/mas74.mps with config: /scratch/yorig/mpils-results-grid-seconds-5-4may/easy/24proc/seed-1/5_mas74_seed-1_20260504_161600/iterated_local_search/run_1_worker_22/ils_config_17412753497055471724.prm
[INFO]:[16:16:01] Starting CPLEX solver on instance: /home/yorig/tuner/mpils-tests/instances/miplib/easy/mas74.mps with config: /scratch/yorig/mpils-results-grid-seconds-5-4may/easy/24proc/seed-1/5_mas74_seed-1_20260504_161600/iterated_local_search/run_1_worker_22/ils_config_17412753497055471724.prm
[INFO]:[16:16:06] CPLEX results. Gap: 5.630000, upper bound: 11801.185729, lower bound: 11136.558218
[INFO]:[16:16:07] CPLEX solver finished. Gap: 5.630000
[INFO]:[16:16:07] Initial configuration evaluated with objective value: 5.63
[INFO]:[16:16:07] Starting CPLEX solver on instance: /home/yorig/tuner/mpils-tests/instances/miplib/easy/mas74.mps with config: /scratch/yorig/mpils-results-grid-seconds-5-4may/easy/24proc/seed-1/5_mas74_seed-1_20260504_161600/iterated_local_search/run_1_worker_22/ils_config_1217448731107293919.prm
[INFO]:[16:16:07] Starting CPLEX solver on instance: /home/yorig/tuner/mpils-tests/instances/miplib/easy/mas74.mps with config: /scratch/yorig/mpils-results-grid-seconds-5-4may/easy/24proc/seed-1/5_mas74_seed-1_20260504_161600/iterated_local_search/run_1_worker_22/ils_config_1217448731107293919.prm
[INFO]:[16:16:12] CPLEX results. Gap: 5.820000, upper bound: 11857.371258, lower bound: 11167.616642
[INFO]:[16:16:12] CPLEX solver finished. Gap: 5.820000
[INFO]:[16:16:12] Starting CPLEX solver on instance: /home/yorig/tuner/mpils-tests/instances/miplib/easy/mas74.mps with config: /scratch/yorig/mpils-results-grid-seconds-5-4may/easy/24proc/seed-1/5_mas74_seed-1_20260504_161600/iterated_local_search/run_1_worker_22/ils_config_8626997653571299638.prm
[INFO]:[16:16:12] Starting CPLEX solver on instance: /home/yorig/tuner/mpils-tests/instances/miplib/easy/mas74.mps with config: /scratch/yorig/mpils-results-grid-seconds-5-4may/easy/24proc/seed-1/5_mas74_seed-1_20260504_161600/iterated_local_search/run_1_worker_22/ils_config_8626997653571299638.prm
[INFO]:[16:16:17] CPLEX results. Gap: 5.650000, upper bound: 11801.185729, lower bound: 11134.916649
[INFO]:[16:16:17] CPLEX solver finished. Gap: 5.650000
[INFO]:[16:16:17] Starting CPLEX solver on instance: /home/yorig/tuner/mpils-tests/instances/miplib/easy/mas74.mps with config: /scratch/yorig/mpils-results-grid-seconds-5-4may/easy/24proc/seed-1/5_mas74_seed-1_20260504_161600/iterated_local_search/run_1_worker_22/ils_config_15996455895129417625.prm
[INFO]:[16:16:17] Starting CPLEX solver on instance: /home/yorig/tuner/mpils-tests/instances/miplib/easy/mas74.mps with config: /scratch/yorig/mpils-results-grid-seconds-5-4may/easy/24proc/seed-1/5_mas74_seed-1_20260504_161600/iterated_local_search/run_1_worker_22/ils_config_15996455895129417625.prm
[INFO]:[16:16:22] CPLEX results. Gap: 5.370000, upper bound: 11801.185729, lower bound: 11167.200446
[INFO]:[16:16:22] CPLEX solver finished. Gap: 5.370000
[INFO]:[16:16:22] New incumbent found with objective value: 5.37
[INFO]:[16:16:22] Starting CPLEX solver on instance: /home/yorig/tuner/mpils-tests/instances/miplib/easy/mas74.mps with config: /scratch/yorig/mpils-results-grid-seconds-5-4may/easy/24proc/seed-1/5_mas74_seed-1_20260504_161600/iterated_local_search/run_1_worker_22/ils_config_18427780525635348247.prm
[INFO]:[16:16:22] Starting CPLEX solver on instance: /home/yorig/tuner/mpils-tests/instances/miplib/easy/mas74.mps with config: /scratch/yorig/mpils-results-grid-seconds-5-4may/easy/24proc/seed-1/5_mas74_seed-1_20260504_161600/iterated_local_search/run_1_worker_22/ils_config_18427780525635348247.prm
[INFO]:[16:16:27] CPLEX results. Gap: 5.640000, upper bound: 11801.185729, lower bound: 11135.604862
[INFO]:[16:16:27] CPLEX solver finished. Gap: 5.640000
[INFO]:[16:16:27] Starting CPLEX solver on instance: /home/yorig/tuner/mpils-tests/instances/miplib/easy/mas74.mps with config: /scratch/yorig/mpils-results-grid-seconds-5-4may/easy/24proc/seed-1/5_mas74_seed-1_20260504_161600/iterated_local_search/run_1_worker_22/ils_config_13441729963080095346.prm
[INFO]:[16:16:27] Starting CPLEX solver on instance: /home/yorig/tuner/mpils-tests/instances/miplib/easy/mas74.mps with config: /scratch/yorig/mpils-results-grid-seconds-5-4may/easy/24proc/seed-1/5_mas74_seed-1_20260504_161600/iterated_local_search/run_1_worker_22/ils_config_13441729963080095346.prm
[INFO]:[16:16:32] CPLEX results. Gap: 5.640000, upper bound: 11801.185729, lower bound: 11135.350360
[INFO]:[16:16:32] CPLEX solver finished. Gap: 5.640000
[INFO]:[16:16:32] Starting CPLEX solver on instance: /home/yorig/tuner/mpils-tests/instances/miplib/easy/mas74.mps with config: /scratch/yorig/mpils-results-grid-seconds-5-4may/easy/24proc/seed-1/5_mas74_seed-1_20260504_161600/iterated_local_search/run_1_worker_22/ils_config_9581889099273765427.prm
[INFO]:[16:16:32] Starting CPLEX solver on instance: /home/yorig/tuner/mpils-tests/instances/miplib/easy/mas74.mps with config: /scratch/yorig/mpils-results-grid-seconds-5-4may/easy/24proc/seed-1/5_mas74_seed-1_20260504_161600/iterated_local_search/run_1_worker_22/ils_config_9581889099273765427.prm
[INFO]:[16:16:37] CPLEX results. Gap: 5.390000, upper bound: 11801.185729, lower bound: 11165.527651
[INFO]:[16:16:37] CPLEX solver finished. Gap: 5.390000
[INFO]:[16:16:37] Starting CPLEX solver on instance: /home/yorig/tuner/mpils-tests/instances/miplib/easy/mas74.mps with config: /scratch/yorig/mpils-results-grid-seconds-5-4may/easy/24proc/seed-1/5_mas74_seed-1_20260504_161600/iterated_local_search/run_1_worker_22/ils_config_14712023208775751367.prm
[INFO]:[16:16:37] Starting CPLEX solver on instance: /home/yorig/tuner/mpils-tests/instances/miplib/easy/mas74.mps with config: /scratch/yorig/mpils-results-grid-seconds-5-4may/easy/24proc/seed-1/5_mas74_seed-1_20260504_161600/iterated_local_search/run_1_worker_22/ils_config_14712023208775751367.prm
[INFO]:[16:16:42] CPLEX results. Gap: 5.400000, upper bound: 11801.185729, lower bound: 11163.420150
[INFO]:[16:16:42] CPLEX solver finished. Gap: 5.400000
[INFO]:[16:16:42] Starting CPLEX solver on instance: /home/yorig/tuner/mpils-tests/instances/miplib/easy/mas74.mps with config: /scratch/yorig/mpils-results-grid-seconds-5-4may/easy/24proc/seed-1/5_mas74_seed-1_20260504_161600/iterated_local_search/run_1_worker_22/ils_config_15081801370318581121.prm
[INFO]:[16:16:42] Starting CPLEX solver on instance: /home/yorig/tuner/mpils-tests/instances/miplib/easy/mas74.mps with config: /scratch/yorig/mpils-results-grid-seconds-5-4may/easy/24proc/seed-1/5_mas74_seed-1_20260504_161600/iterated_local_search/run_1_worker_22/ils_config_15081801370318581121.prm
[INFO]:[16:16:47] CPLEX results. Gap: 4.510000, upper bound: 11801.185729, lower bound: 11269.210874
[INFO]:[16:16:47] CPLEX solver finished. Gap: 4.510000
[INFO]:[16:16:47] New incumbent found with objective value: 4.51
[INFO]:[16:16:47] Starting CPLEX solver on instance: /home/yorig/tuner/mpils-tests/instances/miplib/easy/mas74.mps with config: /scratch/yorig/mpils-results-grid-seconds-5-4may/easy/24proc/seed-1/5_mas74_seed-1_20260504_161600/iterated_local_search/run_1_worker_22/ils_config_13532665063150079633.prm
[INFO]:[16:16:47] Starting CPLEX solver on instance: /home/yorig/tuner/mpils-tests/instances/miplib/easy/mas74.mps with config: /scratch/yorig/mpils-results-grid-seconds-5-4may/easy/24proc/seed-1/5_mas74_seed-1_20260504_161600/iterated_local_search/run_1_worker_22/ils_config_13532665063150079633.prm
[INFO]:[16:16:52] CPLEX results. Gap: 4.480000, upper bound: 11801.185729, lower bound: 11272.864547
[INFO]:[16:16:52] CPLEX solver finished. Gap: 4.480000
[INFO]:[16:16:52] New incumbent found with objective value: 4.48
[INFO]:[16:16:52] Starting CPLEX solver on instance: /home/yorig/tuner/mpils-tests/instances/miplib/easy/mas74.mps with config: /scratch/yorig/mpils-results-grid-seconds-5-4may/easy/24proc/seed-1/5_mas74_seed-1_20260504_161600/iterated_local_search/run_1_worker_22/ils_config_17200333209602928206.prm
[INFO]:[16:16:52] Starting CPLEX solver on instance: /home/yorig/tuner/mpils-tests/instances/miplib/easy/mas74.mps with config: /scratch/yorig/mpils-results-grid-seconds-5-4may/easy/24proc/seed-1/5_mas74_seed-1_20260504_161600/iterated_local_search/run_1_worker_22/ils_config_17200333209602928206.prm
[INFO]:[16:16:57] CPLEX results. Gap: 4.470000, upper bound: 11801.185729, lower bound: 11273.161865
[INFO]:[16:16:57] CPLEX solver finished. Gap: 4.470000
[INFO]:[16:16:57] New incumbent found with objective value: 4.47
[INFO]:[16:16:57] Starting CPLEX solver on instance: /home/yorig/tuner/mpils-tests/instances/miplib/easy/mas74.mps with config: /scratch/yorig/mpils-results-grid-seconds-5-4may/easy/24proc/seed-1/5_mas74_seed-1_20260504_161600/iterated_local_search/run_1_worker_22/ils_config_15176528198764173523.prm
[INFO]:[16:16:57] Starting CPLEX solver on instance: /home/yorig/tuner/mpils-tests/instances/miplib/easy/mas74.mps with config: /scratch/yorig/mpils-results-grid-seconds-5-4may/easy/24proc/seed-1/5_mas74_seed-1_20260504_161600/iterated_local_search/run_1_worker_22/ils_config_15176528198764173523.prm
[INFO]:[16:17:02] CPLEX results. Gap: 4.440000, upper bound: 11801.185729, lower bound: 11277.189613
[INFO]:[16:17:02] CPLEX solver finished. Gap: 4.440000
[INFO]:[16:17:02] New incumbent found with objective value: 4.44
[INFO]:[16:17:02] Starting CPLEX solver on instance: /home/yorig/tuner/mpils-tests/instances/miplib/easy/mas74.mps with config: /scratch/yorig/mpils-results-grid-seconds-5-4may/easy/24proc/seed-1/5_mas74_seed-1_20260504_161600/iterated_local_search/run_1_worker_22/ils_config_2526135942751779356.prm
[INFO]:[16:17:02] Starting CPLEX solver on instance: /home/yorig/tuner/mpils-tests/instances/miplib/easy/mas74.mps with config: /scratch/yorig/mpils-results-grid-seconds-5-4may/easy/24proc/seed-1/5_mas74_seed-1_20260504_161600/iterated_local_search/run_1_worker_22/ils_config_2526135942751779356.prm
[INFO]:[16:17:07] CPLEX results. Gap: 4.490000, upper bound: 11801.185729, lower bound: 11271.897537
[INFO]:[16:17:07] CPLEX solver finished. Gap: 4.490000
[INFO]:[16:17:07] Starting CPLEX solver on instance: /home/yorig/tuner/mpils-tests/instances/miplib/easy/mas74.mps with config: /scratch/yorig/mpils-results-grid-seconds-5-4may/easy/24proc/seed-1/5_mas74_seed-1_20260504_161600/iterated_local_search/run_1_worker_22/ils_config_801433643152935957.prm
[INFO]:[16:17:07] Starting CPLEX solver on instance: /home/yorig/tuner/mpils-tests/instances/miplib/easy/mas74.mps with config: /scratch/yorig/mpils-results-grid-seconds-5-4may/easy/24proc/seed-1/5_mas74_seed-1_20260504_161600/iterated_local_search/run_1_worker_22/ils_config_801433643152935957.prm
[INFO]:[16:17:12] CPLEX results. Gap: 4.480000, upper bound: 11801.185729, lower bound: 11272.864547
[INFO]:[16:17:12] CPLEX solver finished. Gap: 4.480000
[INFO]:[16:17:12] Starting CPLEX solver on instance: /home/yorig/tuner/mpils-tests/instances/miplib/easy/mas74.mps with config: /scratch/yorig/mpils-results-grid-seconds-5-4may/easy/24proc/seed-1/5_mas74_seed-1_20260504_161600/iterated_local_search/run_1_worker_22/ils_config_16072618399391634153.prm
[INFO]:[16:17:12] Starting CPLEX solver on instance: /home/yorig/tuner/mpils-tests/instances/miplib/easy/mas74.mps with config: /scratch/yorig/mpils-results-grid-seconds-5-4may/easy/24proc/seed-1/5_mas74_seed-1_20260504_161600/iterated_local_search/run_1_worker_22/ils_config_16072618399391634153.prm
[INFO]:[16:17:17] CPLEX results. Gap: 4.170000, upper bound: 11801.185729, lower bound: 11309.459251
[INFO]:[16:17:17] CPLEX solver finished. Gap: 4.170000
[INFO]:[16:17:17] New incumbent found with objective value: 4.17
[INFO]:[16:17:17] Starting CPLEX solver on instance: /home/yorig/tuner/mpils-tests/instances/miplib/easy/mas74.mps with config: /scratch/yorig/mpils-results-grid-seconds-5-4may/easy/24proc/seed-1/5_mas74_seed-1_20260504_161600/iterated_local_search/run_1_worker_22/ils_config_1500621478688775004.prm
[INFO]:[16:17:17] Starting CPLEX solver on instance: /home/yorig/tuner/mpils-tests/instances/miplib/easy/mas74.mps with config: /scratch/yorig/mpils-results-grid-seconds-5-4may/easy/24proc/seed-1/5_mas74_seed-1_20260504_161600/iterated_local_search/run_1_worker_22/ils_config_1500621478688775004.prm
[INFO]:[16:17:22] CPLEX results. Gap: 4.200000, upper bound: 11801.185729, lower bound: 11305.747076
[INFO]:[16:17:22] CPLEX solver finished. Gap: 4.200000
[INFO]:[16:17:22] Starting CPLEX solver on instance: /home/yorig/tuner/mpils-tests/instances/miplib/easy/mas74.mps with config: /scratch/yorig/mpils-results-grid-seconds-5-4may/easy/24proc/seed-1/5_mas74_seed-1_20260504_161600/iterated_local_search/run_1_worker_22/ils_config_7889299337785031307.prm
[INFO]:[16:17:22] Starting CPLEX solver on instance: /home/yorig/tuner/mpils-tests/instances/miplib/easy/mas74.mps with config: /scratch/yorig/mpils-results-grid-seconds-5-4may/easy/24proc/seed-1/5_mas74_seed-1_20260504_161600/iterated_local_search/run_1_worker_22/ils_config_7889299337785031307.prm
[INFO]:[16:17:27] CPLEX results. Gap: 9.720000, upper bound: 11801.185729, lower bound: 10653.649093
[INFO]:[16:17:27] CPLEX solver finished. Gap: 9.720000
[INFO]:[16:17:27] Starting CPLEX solver on instance: /home/yorig/tuner/mpils-tests/instances/miplib/easy/mas74.mps with config: /scratch/yorig/mpils-results-grid-seconds-5-4may/easy/24proc/seed-1/5_mas74_seed-1_20260504_161600/iterated_local_search/run_1_worker_22/ils_config_12614811734424164118.prm
[INFO]:[16:17:27] Starting CPLEX solver on instance: /home/yorig/tuner/mpils-tests/instances/miplib/easy/mas74.mps with config: /scratch/yorig/mpils-results-grid-seconds-5-4may/easy/24proc/seed-1/5_mas74_seed-1_20260504_161600/iterated_local_search/run_1_worker_22/ils_config_12614811734424164118.prm
[INFO]:[16:17:32] CPLEX results. Gap: 4.210000, upper bound: 11801.185729, lower bound: 11304.921577
[INFO]:[16:17:32] CPLEX solver finished. Gap: 4.210000
[INFO]:[16:17:32] Starting CPLEX solver on instance: /home/yorig/tuner/mpils-tests/instances/miplib/easy/mas74.mps with config: /scratch/yorig/mpils-results-grid-seconds-5-4may/easy/24proc/seed-1/5_mas74_seed-1_20260504_161600/iterated_local_search/run_1_worker_22/ils_config_15114767623727427052.prm
[INFO]:[16:17:32] Starting CPLEX solver on instance: /home/yorig/tuner/mpils-tests/instances/miplib/easy/mas74.mps with config: /scratch/yorig/mpils-results-grid-seconds-5-4may/easy/24proc/seed-1/5_mas74_seed-1_20260504_161600/iterated_local_search/run_1_worker_22/ils_config_15114767623727427052.prm
[INFO]:[16:17:37] CPLEX results. Gap: 4.210000, upper bound: 11801.185729, lower bound: 11304.002211
[INFO]:[16:17:37] CPLEX solver finished. Gap: 4.210000
[INFO]:[16:17:37] Starting CPLEX solver on instance: /home/yorig/tuner/mpils-tests/instances/miplib/easy/mas74.mps with config: /scratch/yorig/mpils-results-grid-seconds-5-4may/easy/24proc/seed-1/5_mas74_seed-1_20260504_161600/iterated_local_search/run_1_worker_22/ils_config_14242623864760646717.prm
[INFO]:[16:17:37] Starting CPLEX solver on instance: /home/yorig/tuner/mpils-tests/instances/miplib/easy/mas74.mps with config: /scratch/yorig/mpils-results-grid-seconds-5-4may/easy/24proc/seed-1/5_mas74_seed-1_20260504_161600/iterated_local_search/run_1_worker_22/ils_config_14242623864760646717.prm
[INFO]:[16:17:42] CPLEX results. Gap: 4.200000, upper bound: 11801.185729, lower bound: 11305.213605
[INFO]:[16:17:42] CPLEX solver finished. Gap: 4.200000
[INFO]:[16:17:42] Local search phase completed.
[INFO]:[16:17:42] Total number of new local-search evaluations: 20
[INFO]:[16:17:42] Final incumbent objective value: 4.17
[INFO]:[16:17:42] Worker 22 completed exploration phase.
[INFO]:[16:17:42] Worker 22 received order for step 2.
[INFO]:[16:17:42] Worker 22 running expansion phase for iteration 1.
[INFO]:[16:17:42] Worker 22 will use solver log file: /scratch/yorig/mpils-results-grid-seconds-5-4may/easy/24proc/seed-1/5_mas74_seed-1_20260504_161600/solver/cplex.log_iteration_expansion_1_worker_22
[INFO]:[16:17:42] Expansion Worker 22 starting expansion for iteration 1.
[INFO]:[16:17:42] Starting CPLEX solver on instance: /home/yorig/tuner/mpils-tests/instances/miplib/easy/mas74.mps with config: /scratch/yorig/mpils-results-grid-seconds-5-4may/easy/24proc/seed-1/5_mas74_seed-1_20260504_161600/expansion/config_param_CPXPARAM_MIP_Limits_ProbeTime_5_iter_1.prm
[INFO]:[16:17:47] CPLEX results. Gap: 3.950000, upper bound: 11801.185729, lower bound: 11335.545002
[INFO]:[16:17:47] CPLEX solver finished. Gap: 3.950000
[INFO]:[16:17:47] Starting CPLEX solver on instance: /home/yorig/tuner/mpils-tests/instances/miplib/easy/mas74.mps with config: /scratch/yorig/mpils-results-grid-seconds-5-4may/easy/24proc/seed-1/5_mas74_seed-1_20260504_161600/expansion/config_param_CPXPARAM_MIP_Strategy_BBInterval_30_iter_1.prm
[INFO]:[16:17:52] CPLEX results. Gap: 3.950000, upper bound: 11801.185729, lower bound: 11335.545002
[INFO]:[16:17:52] CPLEX solver finished. Gap: 3.950000
[INFO]:[16:17:58] Expansion Worker 22 stopping early after global MPI expansion stop was activated.
[INFO]:[16:17:58] Expansion Worker 22 completed expansion.
[INFO]:[16:17:58] Worker 22 completed expansion phase.
[INFO]:[16:17:58] Worker 22 received order for step 1.
[INFO]:[16:17:58] Worker 22 running exploration phase for iteration 2.
[INFO]:[16:17:58] Worker 22 at iteration 2 will not use a MIP start file. Current best MIP-start upper bound threshold is 1.79769e+308.
[INFO]:[16:17:58] Starting local search phase...
[INFO]:[16:17:58] Creating local search space from parameter space file: /scratch/yorig/mpils-results-grid-seconds-5-4may/easy/24proc/seed-1/5_mas74_seed-1_20260504_161600/iterated_local_search/search_space/search_space_file_2_worker_22.txt
[INFO]:[16:17:58] Local search space loaded from file: /scratch/yorig/mpils-results-grid-seconds-5-4may/easy/24proc/seed-1/5_mas74_seed-1_20260504_161600/iterated_local_search/search_space/search_space_file_2_worker_22.txt
[INFO]:[16:17:58] Number of parameters in local search space: 71
[INFO]:[16:17:58] Number of forbidden tuples in local search space: 25
[INFO]:[16:17:58] Number of conditionals in local search space: 6
[INFO]:[16:17:58] MIP start option not enabled. Local search will proceed without MIP start.
[INFO]:[16:17:58] Evaluating initial configuration for local search phase...
[INFO]:[16:17:58] Starting CPLEX solver on instance: /home/yorig/tuner/mpils-tests/instances/miplib/easy/mas74.mps with config: /scratch/yorig/mpils-results-grid-seconds-5-4may/easy/24proc/seed-1/5_mas74_seed-1_20260504_161600/iterated_local_search/run_2_worker_22/ils_config_11214658690870115894.prm
[INFO]:[16:17:58] Starting CPLEX solver on instance: /home/yorig/tuner/mpils-tests/instances/miplib/easy/mas74.mps with config: /scratch/yorig/mpils-results-grid-seconds-5-4may/easy/24proc/seed-1/5_mas74_seed-1_20260504_161600/iterated_local_search/run_2_worker_22/ils_config_11214658690870115894.prm
[INFO]:[16:18:03] CPLEX results. Gap: 9.630000, upper bound: 11801.185729, lower bound: 10664.399667
[INFO]:[16:18:03] CPLEX solver finished. Gap: 9.630000
[INFO]:[16:18:03] Initial configuration evaluated with objective value: 9.63
[INFO]:[16:18:03] Starting CPLEX solver on instance: /home/yorig/tuner/mpils-tests/instances/miplib/easy/mas74.mps with config: /scratch/yorig/mpils-results-grid-seconds-5-4may/easy/24proc/seed-1/5_mas74_seed-1_20260504_161600/iterated_local_search/run_2_worker_22/ils_config_17944215380642557098.prm
[INFO]:[16:18:03] Starting CPLEX solver on instance: /home/yorig/tuner/mpils-tests/instances/miplib/easy/mas74.mps with config: /scratch/yorig/mpils-results-grid-seconds-5-4may/easy/24proc/seed-1/5_mas74_seed-1_20260504_161600/iterated_local_search/run_2_worker_22/ils_config_17944215380642557098.prm
[INFO]:[16:18:08] CPLEX results. Gap: 10.900000, upper bound: 11945.824524, lower bound: 10643.902547
[INFO]:[16:18:08] CPLEX solver finished. Gap: 10.900000
[INFO]:[16:18:08] Starting CPLEX solver on instance: /home/yorig/tuner/mpils-tests/instances/miplib/easy/mas74.mps with config: /scratch/yorig/mpils-results-grid-seconds-5-4may/easy/24proc/seed-1/5_mas74_seed-1_20260504_161600/iterated_local_search/run_2_worker_22/ils_config_10431309959267664945.prm
[INFO]:[16:18:08] Starting CPLEX solver on instance: /home/yorig/tuner/mpils-tests/instances/miplib/easy/mas74.mps with config: /scratch/yorig/mpils-results-grid-seconds-5-4may/easy/24proc/seed-1/5_mas74_seed-1_20260504_161600/iterated_local_search/run_2_worker_22/ils_config_10431309959267664945.prm
[INFO]:[16:18:13] CPLEX results. Gap: 9.880000, upper bound: 11801.185729, lower bound: 10635.065521
[INFO]:[16:18:13] CPLEX solver finished. Gap: 9.880000
[INFO]:[16:18:13] Starting CPLEX solver on instance: /home/yorig/tuner/mpils-tests/instances/miplib/easy/mas74.mps with config: /scratch/yorig/mpils-results-grid-seconds-5-4may/easy/24proc/seed-1/5_mas74_seed-1_20260504_161600/iterated_local_search/run_2_worker_22/ils_config_1785667057101065560.prm
[INFO]:[16:18:13] Starting CPLEX solver on instance: /home/yorig/tuner/mpils-tests/instances/miplib/easy/mas74.mps with config: /scratch/yorig/mpils-results-grid-seconds-5-4may/easy/24proc/seed-1/5_mas74_seed-1_20260504_161600/iterated_local_search/run_2_worker_22/ils_config_1785667057101065560.prm
[INFO]:[16:18:18] CPLEX results. Gap: 9.630000, upper bound: 11801.185729, lower bound: 10664.399667
[INFO]:[16:18:18] CPLEX solver finished. Gap: 9.630000
[INFO]:[16:18:18] Starting CPLEX solver on instance: /home/yorig/tuner/mpils-tests/instances/miplib/easy/mas74.mps with config: /scratch/yorig/mpils-results-grid-seconds-5-4may/easy/24proc/seed-1/5_mas74_seed-1_20260504_161600/iterated_local_search/run_2_worker_22/ils_config_14005980561804264561.prm
[INFO]:[16:18:18] Starting CPLEX solver on instance: /home/yorig/tuner/mpils-tests/instances/miplib/easy/mas74.mps with config: /scratch/yorig/mpils-results-grid-seconds-5-4may/easy/24proc/seed-1/5_mas74_seed-1_20260504_161600/iterated_local_search/run_2_worker_22/ils_config_14005980561804264561.prm
[INFO]:[16:18:23] CPLEX results. Gap: 9.730000, upper bound: 11801.185729, lower bound: 10653.169333
[INFO]:[16:18:23] CPLEX solver finished. Gap: 9.730000
[INFO]:[16:18:23] Starting CPLEX solver on instance: /home/yorig/tuner/mpils-tests/instances/miplib/easy/mas74.mps with config: /scratch/yorig/mpils-results-grid-seconds-5-4may/easy/24proc/seed-1/5_mas74_seed-1_20260504_161600/iterated_local_search/run_2_worker_22/ils_config_12234638873661359158.prm
[INFO]:[16:18:23] Starting CPLEX solver on instance: /home/yorig/tuner/mpils-tests/instances/miplib/easy/mas74.mps with config: /scratch/yorig/mpils-results-grid-seconds-5-4may/easy/24proc/seed-1/5_mas74_seed-1_20260504_161600/iterated_local_search/run_2_worker_22/ils_config_12234638873661359158.prm
[INFO]:[16:18:28] CPLEX results. Gap: 9.620000, upper bound: 11801.185729, lower bound: 10665.512801
[INFO]:[16:18:28] CPLEX solver finished. Gap: 9.620000
[INFO]:[16:18:28] New incumbent found with objective value: 9.62
[INFO]:[16:18:28] Starting CPLEX solver on instance: /home/yorig/tuner/mpils-tests/instances/miplib/easy/mas74.mps with config: /scratch/yorig/mpils-results-grid-seconds-5-4may/easy/24proc/seed-1/5_mas74_seed-1_20260504_161600/iterated_local_search/run_2_worker_22/ils_config_4566318443567407066.prm
[INFO]:[16:18:28] Starting CPLEX solver on instance: /home/yorig/tuner/mpils-tests/instances/miplib/easy/mas74.mps with config: /scratch/yorig/mpils-results-grid-seconds-5-4may/easy/24proc/seed-1/5_mas74_seed-1_20260504_161600/iterated_local_search/run_2_worker_22/ils_config_4566318443567407066.prm
[INFO]:[16:18:33] CPLEX results. Gap: 10.680000, upper bound: 11891.263051, lower bound: 10621.731951
[INFO]:[16:18:33] CPLEX solver finished. Gap: 10.680000
[INFO]:[16:18:33] Starting CPLEX solver on instance: /home/yorig/tuner/mpils-tests/instances/miplib/easy/mas74.mps with config: /scratch/yorig/mpils-results-grid-seconds-5-4may/easy/24proc/seed-1/5_mas74_seed-1_20260504_161600/iterated_local_search/run_2_worker_22/ils_config_11228228390390087207.prm
[INFO]:[16:18:33] Starting CPLEX solver on instance: /home/yorig/tuner/mpils-tests/instances/miplib/easy/mas74.mps with config: /scratch/yorig/mpils-results-grid-seconds-5-4may/easy/24proc/seed-1/5_mas74_seed-1_20260504_161600/iterated_local_search/run_2_worker_22/ils_config_11228228390390087207.prm
[INFO]:[16:18:38] CPLEX results. Gap: 9.620000, upper bound: 11801.185729, lower bound: 10665.512801
[INFO]:[16:18:38] CPLEX solver finished. Gap: 9.620000
[INFO]:[16:18:38] Starting CPLEX solver on instance: /home/yorig/tuner/mpils-tests/instances/miplib/easy/mas74.mps with config: /scratch/yorig/mpils-results-grid-seconds-5-4may/easy/24proc/seed-1/5_mas74_seed-1_20260504_161600/iterated_local_search/run_2_worker_22/ils_config_11733818276244665880.prm
[INFO]:[16:18:38] Starting CPLEX solver on instance: /home/yorig/tuner/mpils-tests/instances/miplib/easy/mas74.mps with config: /scratch/yorig/mpils-results-grid-seconds-5-4may/easy/24proc/seed-1/5_mas74_seed-1_20260504_161600/iterated_local_search/run_2_worker_22/ils_config_11733818276244665880.prm
[INFO]:[16:18:43] CPLEX results. Gap: 9.620000, upper bound: 11801.185729, lower bound: 10665.512801
[INFO]:[16:18:43] CPLEX solver finished. Gap: 9.620000
[INFO]:[16:18:43] Starting CPLEX solver on instance: /home/yorig/tuner/mpils-tests/instances/miplib/easy/mas74.mps with config: /scratch/yorig/mpils-results-grid-seconds-5-4may/easy/24proc/seed-1/5_mas74_seed-1_20260504_161600/iterated_local_search/run_2_worker_22/ils_config_8620665516233612623.prm
[INFO]:[16:18:43] Starting CPLEX solver on instance: /home/yorig/tuner/mpils-tests/instances/miplib/easy/mas74.mps with config: /scratch/yorig/mpils-results-grid-seconds-5-4may/easy/24proc/seed-1/5_mas74_seed-1_20260504_161600/iterated_local_search/run_2_worker_22/ils_config_8620665516233612623.prm
[INFO]:[16:18:48] CPLEX results. Gap: 12.050000, upper bound: 12015.089944, lower bound: 10566.900560
[INFO]:[16:18:48] CPLEX solver finished. Gap: 12.050000
[INFO]:[16:18:48] Starting CPLEX solver on instance: /home/yorig/tuner/mpils-tests/instances/miplib/easy/mas74.mps with config: /scratch/yorig/mpils-results-grid-seconds-5-4may/easy/24proc/seed-1/5_mas74_seed-1_20260504_161600/iterated_local_search/run_2_worker_22/ils_config_9489536804816630247.prm
[INFO]:[16:18:48] Starting CPLEX solver on instance: /home/yorig/tuner/mpils-tests/instances/miplib/easy/mas74.mps with config: /scratch/yorig/mpils-results-grid-seconds-5-4may/easy/24proc/seed-1/5_mas74_seed-1_20260504_161600/iterated_local_search/run_2_worker_22/ils_config_9489536804816630247.prm
[INFO]:[16:18:53] CPLEX results. Gap: 9.930000, upper bound: 11801.185729, lower bound: 10628.944637
[INFO]:[16:18:53] CPLEX solver finished. Gap: 9.930000
[INFO]:[16:18:53] Starting CPLEX solver on instance: /home/yorig/tuner/mpils-tests/instances/miplib/easy/mas74.mps with config: /scratch/yorig/mpils-results-grid-seconds-5-4may/easy/24proc/seed-1/5_mas74_seed-1_20260504_161600/iterated_local_search/run_2_worker_22/ils_config_10086401065406780179.prm
[INFO]:[16:18:53] Starting CPLEX solver on instance: /home/yorig/tuner/mpils-tests/instances/miplib/easy/mas74.mps with config: /scratch/yorig/mpils-results-grid-seconds-5-4may/easy/24proc/seed-1/5_mas74_seed-1_20260504_161600/iterated_local_search/run_2_worker_22/ils_config_10086401065406780179.prm
[INFO]:[16:18:58] CPLEX results. Gap: 9.620000, upper bound: 11801.185729, lower bound: 10665.512801
[INFO]:[16:18:58] CPLEX solver finished. Gap: 9.620000
[INFO]:[16:18:58] Local search phase completed.
[INFO]:[16:18:58] Total number of new local-search evaluations: 12
[INFO]:[16:18:58] Final incumbent objective value: 9.62
[INFO]:[16:18:58] Worker 22 completed exploration phase.
[INFO]:[16:18:58] Worker 22 received order for step 2.
[INFO]:[16:18:58] Worker 22 running expansion phase for iteration 2.
[INFO]:[16:18:58] Worker 22 will use solver log file: /scratch/yorig/mpils-results-grid-seconds-5-4may/easy/24proc/seed-1/5_mas74_seed-1_20260504_161600/solver/cplex.log_iteration_expansion_2_worker_22
[INFO]:[16:18:58] Expansion Worker 22 starting expansion for iteration 2.
[INFO]:[16:18:58] Starting CPLEX solver on instance: /home/yorig/tuner/mpils-tests/instances/miplib/easy/mas74.mps with config: /scratch/yorig/mpils-results-grid-seconds-5-4may/easy/24proc/seed-1/5_mas74_seed-1_20260504_161600/expansion/config_param_CPXPARAM_MIP_Strategy_StartAlgorithm_2_iter_2.prm
[INFO]:[16:19:04] CPLEX results. Gap: 3.620000, upper bound: 11801.185729, lower bound: 11374.232042
[INFO]:[16:19:04] CPLEX solver finished. Gap: 3.620000
[INFO]:[16:19:04] Expansion Worker 22 stopping early after global MPI expansion stop was activated.
[INFO]:[16:19:04] Expansion Worker 22 completed expansion.
[INFO]:[16:19:04] Worker 22 completed expansion phase.
[INFO]:[16:19:04] Worker 22 received order for step 1.
[INFO]:[16:19:04] Worker 22 running exploration phase for iteration 3.
[INFO]:[16:19:04] Worker 22 at iteration 3 will not use a MIP start file. Current best MIP-start upper bound threshold is 1.79769e+308.
[INFO]:[16:19:04] Starting local search phase...
[INFO]:[16:19:04] Creating local search space from parameter space file: /scratch/yorig/mpils-results-grid-seconds-5-4may/easy/24proc/seed-1/5_mas74_seed-1_20260504_161600/iterated_local_search/search_space/search_space_file_3_worker_22.txt
[INFO]:[16:19:04] Local search space loaded from file: /scratch/yorig/mpils-results-grid-seconds-5-4may/easy/24proc/seed-1/5_mas74_seed-1_20260504_161600/iterated_local_search/search_space/search_space_file_3_worker_22.txt
[INFO]:[16:19:04] Number of parameters in local search space: 71
[INFO]:[16:19:04] Number of forbidden tuples in local search space: 47
[INFO]:[16:19:04] Number of conditionals in local search space: 6
[INFO]:[16:19:04] MIP start option not enabled. Local search will proceed without MIP start.
[INFO]:[16:19:04] Evaluating initial configuration for local search phase...
[INFO]:[16:19:04] Starting CPLEX solver on instance: /home/yorig/tuner/mpils-tests/instances/miplib/easy/mas74.mps with config: /scratch/yorig/mpils-results-grid-seconds-5-4may/easy/24proc/seed-1/5_mas74_seed-1_20260504_161600/iterated_local_search/run_3_worker_22/ils_config_12907011159057818608.prm
[INFO]:[16:19:04] Starting CPLEX solver on instance: /home/yorig/tuner/mpils-tests/instances/miplib/easy/mas74.mps with config: /scratch/yorig/mpils-results-grid-seconds-5-4may/easy/24proc/seed-1/5_mas74_seed-1_20260504_161600/iterated_local_search/run_3_worker_22/ils_config_12907011159057818608.prm
[INFO]:[16:19:09] CPLEX results. Gap: 12.400000, upper bound: 12081.696064, lower bound: 10583.342649
[INFO]:[16:19:09] CPLEX solver finished. Gap: 12.400000
[INFO]:[16:19:09] Initial configuration evaluated with objective value: 12.4
[INFO]:[16:19:09] Starting CPLEX solver on instance: /home/yorig/tuner/mpils-tests/instances/miplib/easy/mas74.mps with config: /scratch/yorig/mpils-results-grid-seconds-5-4may/easy/24proc/seed-1/5_mas74_seed-1_20260504_161600/iterated_local_search/run_3_worker_22/ils_config_17691957278962211462.prm
[INFO]:[16:19:09] Starting CPLEX solver on instance: /home/yorig/tuner/mpils-tests/instances/miplib/easy/mas74.mps with config: /scratch/yorig/mpils-results-grid-seconds-5-4may/easy/24proc/seed-1/5_mas74_seed-1_20260504_161600/iterated_local_search/run_3_worker_22/ils_config_17691957278962211462.prm
[INFO]:[16:19:14] CPLEX results. Gap: 10.940000, upper bound: 11893.872575, lower bound: 10593.146330
[INFO]:[16:19:14] CPLEX solver finished. Gap: 10.940000
[INFO]:[16:19:14] New incumbent found with objective value: 10.94
[INFO]:[16:19:14] Starting CPLEX solver on instance: /home/yorig/tuner/mpils-tests/instances/miplib/easy/mas74.mps with config: /scratch/yorig/mpils-results-grid-seconds-5-4may/easy/24proc/seed-1/5_mas74_seed-1_20260504_161600/iterated_local_search/run_3_worker_22/ils_config_11032169842804414352.prm
[INFO]:[16:19:14] Starting CPLEX solver on instance: /home/yorig/tuner/mpils-tests/instances/miplib/easy/mas74.mps with config: /scratch/yorig/mpils-results-grid-seconds-5-4may/easy/24proc/seed-1/5_mas74_seed-1_20260504_161600/iterated_local_search/run_3_worker_22/ils_config_11032169842804414352.prm
[INFO]:[16:19:19] CPLEX results. Gap: 10.940000, upper bound: 11893.872575, lower bound: 10593.146330
[INFO]:[16:19:19] CPLEX solver finished. Gap: 10.940000
[INFO]:[16:19:19] Starting CPLEX solver on instance: /home/yorig/tuner/mpils-tests/instances/miplib/easy/mas74.mps with config: /scratch/yorig/mpils-results-grid-seconds-5-4may/easy/24proc/seed-1/5_mas74_seed-1_20260504_161600/iterated_local_search/run_3_worker_22/ils_config_11706844460035573189.prm
[INFO]:[16:19:19] Starting CPLEX solver on instance: /home/yorig/tuner/mpils-tests/instances/miplib/easy/mas74.mps with config: /scratch/yorig/mpils-results-grid-seconds-5-4may/easy/24proc/seed-1/5_mas74_seed-1_20260504_161600/iterated_local_search/run_3_worker_22/ils_config_11706844460035573189.prm
[INFO]:[16:19:24] CPLEX results. Gap: 10.910000, upper bound: 11893.872575, lower bound: 10596.111447
[INFO]:[16:19:24] CPLEX solver finished. Gap: 10.910000
[INFO]:[16:19:24] New incumbent found with objective value: 10.91
[INFO]:[16:19:24] Starting CPLEX solver on instance: /home/yorig/tuner/mpils-tests/instances/miplib/easy/mas74.mps with config: /scratch/yorig/mpils-results-grid-seconds-5-4may/easy/24proc/seed-1/5_mas74_seed-1_20260504_161600/iterated_local_search/run_3_worker_22/ils_config_2867939609646735413.prm
[INFO]:[16:19:24] Starting CPLEX solver on instance: /home/yorig/tuner/mpils-tests/instances/miplib/easy/mas74.mps with config: /scratch/yorig/mpils-results-grid-seconds-5-4may/easy/24proc/seed-1/5_mas74_seed-1_20260504_161600/iterated_local_search/run_3_worker_22/ils_config_2867939609646735413.prm
[INFO]:[16:19:29] CPLEX results. Gap: 10.910000, upper bound: 11893.872575, lower bound: 10596.111447
[INFO]:[16:19:29] CPLEX solver finished. Gap: 10.910000
[INFO]:[16:19:29] Local search phase completed.
[INFO]:[16:19:29] Total number of new local-search evaluations: 5
[INFO]:[16:19:29] Final incumbent objective value: 10.91
[INFO]:[16:19:30] Worker 22 completed exploration phase.
[INFO]:[16:19:30] Worker 22 received order for step 2.
[INFO]:[16:19:30] Worker 22 running expansion phase for iteration 3.
[INFO]:[16:19:30] Worker 22 will use solver log file: /scratch/yorig/mpils-results-grid-seconds-5-4may/easy/24proc/seed-1/5_mas74_seed-1_20260504_161600/solver/cplex.log_iteration_expansion_3_worker_22
[INFO]:[16:19:30] Expansion Worker 22 starting expansion for iteration 3.
[INFO]:[16:19:30] Starting CPLEX solver on instance: /home/yorig/tuner/mpils-tests/instances/miplib/easy/mas74.mps with config: /scratch/yorig/mpils-results-grid-seconds-5-4may/easy/24proc/seed-1/5_mas74_seed-1_20260504_161600/expansion/config_param_CPXPARAM_MIP_Strategy_StartAlgorithm_6_iter_3.prm
[INFO]:[16:19:35] CPLEX results. Gap: 3.090000, upper bound: 11801.185729, lower bound: 11436.289975
[INFO]:[16:19:35] CPLEX solver finished. Gap: 3.090000
[INFO]:[16:19:35] Expansion Worker 22 found an improving configuration with objective value 3.09.
[INFO]:[16:19:35] Expansion Worker 22 stopping early after global MPI expansion stop was activated.
[INFO]:[16:19:35] Expansion Worker 22 completed expansion.
[INFO]:[16:19:35] Worker 22 completed expansion phase.
[INFO]:[16:19:35] Worker 22 received order for step 1.
[INFO]:[16:19:35] Worker 22 running exploration phase for iteration 4.
[INFO]:[16:19:35] Worker 22 at iteration 4 will not use a MIP start file. Current best MIP-start upper bound threshold is 1.79769e+308.
[INFO]:[16:19:35] Starting local search phase...
[INFO]:[16:19:35] Creating local search space from parameter space file: /scratch/yorig/mpils-results-grid-seconds-5-4may/easy/24proc/seed-1/5_mas74_seed-1_20260504_161600/iterated_local_search/search_space/search_space_file_4_worker_22.txt
[INFO]:[16:19:35] Local search space loaded from file: /scratch/yorig/mpils-results-grid-seconds-5-4may/easy/24proc/seed-1/5_mas74_seed-1_20260504_161600/iterated_local_search/search_space/search_space_file_4_worker_22.txt
[INFO]:[16:19:35] Number of parameters in local search space: 71
[INFO]:[16:19:35] Number of forbidden tuples in local search space: 56
[INFO]:[16:19:35] Number of conditionals in local search space: 6
[INFO]:[16:19:35] MIP start option not enabled. Local search will proceed without MIP start.
[INFO]:[16:19:35] Evaluating initial configuration for local search phase...
[INFO]:[16:19:35] Starting CPLEX solver on instance: /home/yorig/tuner/mpils-tests/instances/miplib/easy/mas74.mps with config: /scratch/yorig/mpils-results-grid-seconds-5-4may/easy/24proc/seed-1/5_mas74_seed-1_20260504_161600/iterated_local_search/run_4_worker_22/ils_config_18304777492833019300.prm
[INFO]:[16:19:35] Starting CPLEX solver on instance: /home/yorig/tuner/mpils-tests/instances/miplib/easy/mas74.mps with config: /scratch/yorig/mpils-results-grid-seconds-5-4may/easy/24proc/seed-1/5_mas74_seed-1_20260504_161600/iterated_local_search/run_4_worker_22/ils_config_18304777492833019300.prm
[INFO]:[16:19:40] CPLEX results. Gap: 9.670000, upper bound: 11801.185729, lower bound: 10659.431612
[INFO]:[16:19:40] CPLEX solver finished. Gap: 9.670000
[INFO]:[16:19:40] Initial configuration evaluated with objective value: 9.67
[INFO]:[16:19:40] Starting CPLEX solver on instance: /home/yorig/tuner/mpils-tests/instances/miplib/easy/mas74.mps with config: /scratch/yorig/mpils-results-grid-seconds-5-4may/easy/24proc/seed-1/5_mas74_seed-1_20260504_161600/iterated_local_search/run_4_worker_22/ils_config_2037024244109439973.prm
[INFO]:[16:19:40] Starting CPLEX solver on instance: /home/yorig/tuner/mpils-tests/instances/miplib/easy/mas74.mps with config: /scratch/yorig/mpils-results-grid-seconds-5-4may/easy/24proc/seed-1/5_mas74_seed-1_20260504_161600/iterated_local_search/run_4_worker_22/ils_config_2037024244109439973.prm
[INFO]:[16:19:46] CPLEX results. Gap: 9.670000, upper bound: 11801.185729, lower bound: 10659.431612
[INFO]:[16:19:46] CPLEX solver finished. Gap: 9.670000
[INFO]:[16:19:46] Starting CPLEX solver on instance: /home/yorig/tuner/mpils-tests/instances/miplib/easy/mas74.mps with config: /scratch/yorig/mpils-results-grid-seconds-5-4may/easy/24proc/seed-1/5_mas74_seed-1_20260504_161600/iterated_local_search/run_4_worker_22/ils_config_5361358392526198892.prm
[INFO]:[16:19:46] Starting CPLEX solver on instance: /home/yorig/tuner/mpils-tests/instances/miplib/easy/mas74.mps with config: /scratch/yorig/mpils-results-grid-seconds-5-4may/easy/24proc/seed-1/5_mas74_seed-1_20260504_161600/iterated_local_search/run_4_worker_22/ils_config_5361358392526198892.prm
[INFO]:[16:19:51] CPLEX results. Gap: 9.670000, upper bound: 11801.185729, lower bound: 10659.431612
[INFO]:[16:19:51] CPLEX solver finished. Gap: 9.670000
[INFO]:[16:19:51] Starting CPLEX solver on instance: /home/yorig/tuner/mpils-tests/instances/miplib/easy/mas74.mps with config: /scratch/yorig/mpils-results-grid-seconds-5-4may/easy/24proc/seed-1/5_mas74_seed-1_20260504_161600/iterated_local_search/run_4_worker_22/ils_config_10779925422933361658.prm
[INFO]:[16:19:51] Starting CPLEX solver on instance: /home/yorig/tuner/mpils-tests/instances/miplib/easy/mas74.mps with config: /scratch/yorig/mpils-results-grid-seconds-5-4may/easy/24proc/seed-1/5_mas74_seed-1_20260504_161600/iterated_local_search/run_4_worker_22/ils_config_10779925422933361658.prm
[INFO]:[16:19:56] CPLEX results. Gap: 10.050000, upper bound: 11801.185729, lower bound: 10615.535005
[INFO]:[16:19:56] CPLEX solver finished. Gap: 10.050000
[INFO]:[16:19:56] Starting CPLEX solver on instance: /home/yorig/tuner/mpils-tests/instances/miplib/easy/mas74.mps with config: /scratch/yorig/mpils-results-grid-seconds-5-4may/easy/24proc/seed-1/5_mas74_seed-1_20260504_161600/iterated_local_search/run_4_worker_22/ils_config_14533549801689172121.prm
[INFO]:[16:19:56] Starting CPLEX solver on instance: /home/yorig/tuner/mpils-tests/instances/miplib/easy/mas74.mps with config: /scratch/yorig/mpils-results-grid-seconds-5-4may/easy/24proc/seed-1/5_mas74_seed-1_20260504_161600/iterated_local_search/run_4_worker_22/ils_config_14533549801689172121.prm
[INFO]:[16:20:01] CPLEX results. Gap: 9.400000, upper bound: 11801.185729, lower bound: 10691.446204
[INFO]:[16:20:01] CPLEX solver finished. Gap: 9.400000
[INFO]:[16:20:01] New incumbent found with objective value: 9.4
[INFO]:[16:20:01] Starting CPLEX solver on instance: /home/yorig/tuner/mpils-tests/instances/miplib/easy/mas74.mps with config: /scratch/yorig/mpils-results-grid-seconds-5-4may/easy/24proc/seed-1/5_mas74_seed-1_20260504_161600/iterated_local_search/run_4_worker_22/ils_config_9788913049860496443.prm
[INFO]:[16:20:01] Starting CPLEX solver on instance: /home/yorig/tuner/mpils-tests/instances/miplib/easy/mas74.mps with config: /scratch/yorig/mpils-results-grid-seconds-5-4may/easy/24proc/seed-1/5_mas74_seed-1_20260504_161600/iterated_local_search/run_4_worker_22/ils_config_9788913049860496443.prm
[INFO]:[16:20:06] CPLEX results. Gap: 9.400000, upper bound: 11801.185729, lower bound: 10691.446204
[INFO]:[16:20:06] CPLEX solver finished. Gap: 9.400000
[INFO]:[16:20:06] Starting CPLEX solver on instance: /home/yorig/tuner/mpils-tests/instances/miplib/easy/mas74.mps with config: /scratch/yorig/mpils-results-grid-seconds-5-4may/easy/24proc/seed-1/5_mas74_seed-1_20260504_161600/iterated_local_search/run_4_worker_22/ils_config_17580720460192531231.prm
[INFO]:[16:20:06] Starting CPLEX solver on instance: /home/yorig/tuner/mpils-tests/instances/miplib/easy/mas74.mps with config: /scratch/yorig/mpils-results-grid-seconds-5-4may/easy/24proc/seed-1/5_mas74_seed-1_20260504_161600/iterated_local_search/run_4_worker_22/ils_config_17580720460192531231.prm
[INFO]:[16:20:11] CPLEX results. Gap: 9.680000, upper bound: 11801.185729, lower bound: 10658.473564
[INFO]:[16:20:11] CPLEX solver finished. Gap: 9.680000
[INFO]:[16:20:11] Local search phase completed.
[INFO]:[16:20:11] Total number of new local-search evaluations: 7
[INFO]:[16:20:11] Final incumbent objective value: 9.4
[INFO]:[16:20:11] Worker 22 completed exploration phase.
[INFO]:[16:20:11] Worker 22 received order for step 2.
[INFO]:[16:20:11] Worker 22 running expansion phase for iteration 4.
[INFO]:[16:20:11] Worker 22 will use solver log file: /scratch/yorig/mpils-results-grid-seconds-5-4may/easy/24proc/seed-1/5_mas74_seed-1_20260504_161600/solver/cplex.log_iteration_expansion_4_worker_22
[INFO]:[16:20:11] Expansion Worker 22 starting expansion for iteration 4.
[INFO]:[16:20:11] Starting CPLEX solver on instance: /home/yorig/tuner/mpils-tests/instances/miplib/easy/mas74.mps with config: /scratch/yorig/mpils-results-grid-seconds-5-4may/easy/24proc/seed-1/5_mas74_seed-1_20260504_161600/expansion/config_param_CPXPARAM_MIP_Strategy_SubAlgorithm_1_iter_4.prm
[INFO]:[16:20:16] CPLEX results. Gap: 4.110000, upper bound: 11801.185729, lower bound: 11316.134983
[INFO]:[16:20:16] CPLEX solver finished. Gap: 4.110000
[INFO]:[16:20:16] Expansion Worker 22 stopping early after global MPI expansion stop was activated.
[INFO]:[16:20:16] Expansion Worker 22 completed expansion.
[INFO]:[16:20:16] Worker 22 completed expansion phase.
[INFO]:[16:20:17] Worker 22 received order for step 1.
[INFO]:[16:20:17] Worker 22 running exploration phase for iteration 5.
[INFO]:[16:20:17] Worker 22 at iteration 5 will not use a MIP start file. Current best MIP-start upper bound threshold is 1.79769e+308.
[INFO]:[16:20:17] Starting local search phase...
[INFO]:[16:20:17] Creating local search space from parameter space file: /scratch/yorig/mpils-results-grid-seconds-5-4may/easy/24proc/seed-1/5_mas74_seed-1_20260504_161600/iterated_local_search/search_space/search_space_file_5_worker_22.txt
[INFO]:[16:20:17] Local search space loaded from file: /scratch/yorig/mpils-results-grid-seconds-5-4may/easy/24proc/seed-1/5_mas74_seed-1_20260504_161600/iterated_local_search/search_space/search_space_file_5_worker_22.txt
[INFO]:[16:20:17] Number of parameters in local search space: 71
[INFO]:[16:20:17] Number of forbidden tuples in local search space: 98
[INFO]:[16:20:17] Number of conditionals in local search space: 6
[INFO]:[16:20:17] MIP start option not enabled. Local search will proceed without MIP start.
[INFO]:[16:20:17] Evaluating initial configuration for local search phase...
[INFO]:[16:20:17] Starting CPLEX solver on instance: /home/yorig/tuner/mpils-tests/instances/miplib/easy/mas74.mps with config: /scratch/yorig/mpils-results-grid-seconds-5-4may/easy/24proc/seed-1/5_mas74_seed-1_20260504_161600/iterated_local_search/run_5_worker_22/ils_config_13896679455037598033.prm
[INFO]:[16:20:17] Starting CPLEX solver on instance: /home/yorig/tuner/mpils-tests/instances/miplib/easy/mas74.mps with config: /scratch/yorig/mpils-results-grid-seconds-5-4may/easy/24proc/seed-1/5_mas74_seed-1_20260504_161600/iterated_local_search/run_5_worker_22/ils_config_13896679455037598033.prm
[INFO]:[16:20:22] CPLEX results. Gap: 9.080000, upper bound: 11801.185729, lower bound: 10730.080272
[INFO]:[16:20:22] CPLEX solver finished. Gap: 9.080000
[INFO]:[16:20:22] Initial configuration evaluated with objective value: 9.08
[INFO]:[16:20:22] Starting CPLEX solver on instance: /home/yorig/tuner/mpils-tests/instances/miplib/easy/mas74.mps with config: /scratch/yorig/mpils-results-grid-seconds-5-4may/easy/24proc/seed-1/5_mas74_seed-1_20260504_161600/iterated_local_search/run_5_worker_22/ils_config_326023789899180587.prm
[INFO]:[16:20:22] Starting CPLEX solver on instance: /home/yorig/tuner/mpils-tests/instances/miplib/easy/mas74.mps with config: /scratch/yorig/mpils-results-grid-seconds-5-4may/easy/24proc/seed-1/5_mas74_seed-1_20260504_161600/iterated_local_search/run_5_worker_22/ils_config_326023789899180587.prm
[INFO]:[16:20:27] CPLEX results. Gap: 6.110000, upper bound: 11877.694361, lower bound: 11152.001423
[INFO]:[16:20:27] CPLEX solver finished. Gap: 6.110000
[INFO]:[16:20:27] New incumbent found with objective value: 6.11
[INFO]:[16:20:27] Starting CPLEX solver on instance: /home/yorig/tuner/mpils-tests/instances/miplib/easy/mas74.mps with config: /scratch/yorig/mpils-results-grid-seconds-5-4may/easy/24proc/seed-1/5_mas74_seed-1_20260504_161600/iterated_local_search/run_5_worker_22/ils_config_7884275295763662498.prm
[INFO]:[16:20:27] Starting CPLEX solver on instance: /home/yorig/tuner/mpils-tests/instances/miplib/easy/mas74.mps with config: /scratch/yorig/mpils-results-grid-seconds-5-4may/easy/24proc/seed-1/5_mas74_seed-1_20260504_161600/iterated_local_search/run_5_worker_22/ils_config_7884275295763662498.prm
[INFO]:[16:20:32] CPLEX results. Gap: 6.120000, upper bound: 11877.694361, lower bound: 11150.531172
[INFO]:[16:20:32] CPLEX solver finished. Gap: 6.120000
[INFO]:[16:20:32] Starting CPLEX solver on instance: /home/yorig/tuner/mpils-tests/instances/miplib/easy/mas74.mps with config: /scratch/yorig/mpils-results-grid-seconds-5-4may/easy/24proc/seed-1/5_mas74_seed-1_20260504_161600/iterated_local_search/run_5_worker_22/ils_config_12174516767580615465.prm
[INFO]:[16:20:32] Starting CPLEX solver on instance: /home/yorig/tuner/mpils-tests/instances/miplib/easy/mas74.mps with config: /scratch/yorig/mpils-results-grid-seconds-5-4may/easy/24proc/seed-1/5_mas74_seed-1_20260504_161600/iterated_local_search/run_5_worker_22/ils_config_12174516767580615465.prm
[INFO]:[16:20:37] CPLEX results. Gap: 6.110000, upper bound: 11877.694361, lower bound: 11151.999400
[INFO]:[16:20:37] CPLEX solver finished. Gap: 6.110000
[INFO]:[16:20:37] Starting CPLEX solver on instance: /home/yorig/tuner/mpils-tests/instances/miplib/easy/mas74.mps with config: /scratch/yorig/mpils-results-grid-seconds-5-4may/easy/24proc/seed-1/5_mas74_seed-1_20260504_161600/iterated_local_search/run_5_worker_22/ils_config_12086090132636987621.prm
[INFO]:[16:20:37] Starting CPLEX solver on instance: /home/yorig/tuner/mpils-tests/instances/miplib/easy/mas74.mps with config: /scratch/yorig/mpils-results-grid-seconds-5-4may/easy/24proc/seed-1/5_mas74_seed-1_20260504_161600/iterated_local_search/run_5_worker_22/ils_config_12086090132636987621.prm
[INFO]:[16:20:42] CPLEX results. Gap: 6.110000, upper bound: 11877.694361, lower bound: 11151.973505
[INFO]:[16:20:42] CPLEX solver finished. Gap: 6.110000
[INFO]:[16:20:42] Starting CPLEX solver on instance: /home/yorig/tuner/mpils-tests/instances/miplib/easy/mas74.mps with config: /scratch/yorig/mpils-results-grid-seconds-5-4may/easy/24proc/seed-1/5_mas74_seed-1_20260504_161600/iterated_local_search/run_5_worker_22/ils_config_2378646821753519254.prm
[INFO]:[16:20:42] Starting CPLEX solver on instance: /home/yorig/tuner/mpils-tests/instances/miplib/easy/mas74.mps with config: /scratch/yorig/mpils-results-grid-seconds-5-4may/easy/24proc/seed-1/5_mas74_seed-1_20260504_161600/iterated_local_search/run_5_worker_22/ils_config_2378646821753519254.prm
[INFO]:[16:20:47] CPLEX results. Gap: 5.470000, upper bound: 11801.185729, lower bound: 11155.876607
[INFO]:[16:20:47] CPLEX solver finished. Gap: 5.470000
[INFO]:[16:20:47] New incumbent found with objective value: 5.47
[INFO]:[16:20:47] Starting CPLEX solver on instance: /home/yorig/tuner/mpils-tests/instances/miplib/easy/mas74.mps with config: /scratch/yorig/mpils-results-grid-seconds-5-4may/easy/24proc/seed-1/5_mas74_seed-1_20260504_161600/iterated_local_search/run_5_worker_22/ils_config_1060632951014521536.prm
[INFO]:[16:20:47] Starting CPLEX solver on instance: /home/yorig/tuner/mpils-tests/instances/miplib/easy/mas74.mps with config: /scratch/yorig/mpils-results-grid-seconds-5-4may/easy/24proc/seed-1/5_mas74_seed-1_20260504_161600/iterated_local_search/run_5_worker_22/ils_config_1060632951014521536.prm
[INFO]:[16:20:52] CPLEX results. Gap: 6.110000, upper bound: 11877.694361, lower bound: 11151.750643
[INFO]:[16:20:52] CPLEX solver finished. Gap: 6.110000
[INFO]:[16:20:52] Starting CPLEX solver on instance: /home/yorig/tuner/mpils-tests/instances/miplib/easy/mas74.mps with config: /scratch/yorig/mpils-results-grid-seconds-5-4may/easy/24proc/seed-1/5_mas74_seed-1_20260504_161600/iterated_local_search/run_5_worker_22/ils_config_10134335662518466.prm
[INFO]:[16:20:52] Starting CPLEX solver on instance: /home/yorig/tuner/mpils-tests/instances/miplib/easy/mas74.mps with config: /scratch/yorig/mpils-results-grid-seconds-5-4may/easy/24proc/seed-1/5_mas74_seed-1_20260504_161600/iterated_local_search/run_5_worker_22/ils_config_10134335662518466.prm
[INFO]:[16:20:57] CPLEX results. Gap: 6.110000, upper bound: 11877.694361, lower bound: 11151.561101
[INFO]:[16:20:57] CPLEX solver finished. Gap: 6.110000
[INFO]:[16:20:57] Starting CPLEX solver on instance: /home/yorig/tuner/mpils-tests/instances/miplib/easy/mas74.mps with config: /scratch/yorig/mpils-results-grid-seconds-5-4may/easy/24proc/seed-1/5_mas74_seed-1_20260504_161600/iterated_local_search/run_5_worker_22/ils_config_2430663041639556847.prm
[INFO]:[16:20:57] Starting CPLEX solver on instance: /home/yorig/tuner/mpils-tests/instances/miplib/easy/mas74.mps with config: /scratch/yorig/mpils-results-grid-seconds-5-4may/easy/24proc/seed-1/5_mas74_seed-1_20260504_161600/iterated_local_search/run_5_worker_22/ils_config_2430663041639556847.prm
[INFO]:[16:21:02] CPLEX results. Gap: 5.860000, upper bound: 11801.185729, lower bound: 11109.420127
[INFO]:[16:21:02] CPLEX solver finished. Gap: 5.860000
[INFO]:[16:21:02] Starting CPLEX solver on instance: /home/yorig/tuner/mpils-tests/instances/miplib/easy/mas74.mps with config: /scratch/yorig/mpils-results-grid-seconds-5-4may/easy/24proc/seed-1/5_mas74_seed-1_20260504_161600/iterated_local_search/run_5_worker_22/ils_config_8616077567045343143.prm
[INFO]:[16:21:02] Starting CPLEX solver on instance: /home/yorig/tuner/mpils-tests/instances/miplib/easy/mas74.mps with config: /scratch/yorig/mpils-results-grid-seconds-5-4may/easy/24proc/seed-1/5_mas74_seed-1_20260504_161600/iterated_local_search/run_5_worker_22/ils_config_8616077567045343143.prm
[INFO]:[16:21:07] CPLEX results. Gap: 7.820000, upper bound: 11891.263051, lower bound: 10961.424207
[INFO]:[16:21:07] CPLEX solver finished. Gap: 7.820000
[INFO]:[16:21:08] Starting CPLEX solver on instance: /home/yorig/tuner/mpils-tests/instances/miplib/easy/mas74.mps with config: /scratch/yorig/mpils-results-grid-seconds-5-4may/easy/24proc/seed-1/5_mas74_seed-1_20260504_161600/iterated_local_search/run_5_worker_22/ils_config_16202825485779813293.prm
[INFO]:[16:21:08] Starting CPLEX solver on instance: /home/yorig/tuner/mpils-tests/instances/miplib/easy/mas74.mps with config: /scratch/yorig/mpils-results-grid-seconds-5-4may/easy/24proc/seed-1/5_mas74_seed-1_20260504_161600/iterated_local_search/run_5_worker_22/ils_config_16202825485779813293.prm
[INFO]:[16:21:13] CPLEX results. Gap: 6.100000, upper bound: 11877.694361, lower bound: 11152.658232
[INFO]:[16:21:13] CPLEX solver finished. Gap: 6.100000
[INFO]:[16:21:13] Starting CPLEX solver on instance: /home/yorig/tuner/mpils-tests/instances/miplib/easy/mas74.mps with config: /scratch/yorig/mpils-results-grid-seconds-5-4may/easy/24proc/seed-1/5_mas74_seed-1_20260504_161600/iterated_local_search/run_5_worker_22/ils_config_3054503682393897065.prm
[INFO]:[16:21:13] Starting CPLEX solver on instance: /home/yorig/tuner/mpils-tests/instances/miplib/easy/mas74.mps with config: /scratch/yorig/mpils-results-grid-seconds-5-4may/easy/24proc/seed-1/5_mas74_seed-1_20260504_161600/iterated_local_search/run_5_worker_22/ils_config_3054503682393897065.prm
[INFO]:[16:21:18] CPLEX results. Gap: 5.420000, upper bound: 11801.185729, lower bound: 11161.639091
[INFO]:[16:21:18] CPLEX solver finished. Gap: 5.420000
[INFO]:[16:21:18] New incumbent found with objective value: 5.42
[INFO]:[16:21:18] Starting CPLEX solver on instance: /home/yorig/tuner/mpils-tests/instances/miplib/easy/mas74.mps with config: /scratch/yorig/mpils-results-grid-seconds-5-4may/easy/24proc/seed-1/5_mas74_seed-1_20260504_161600/iterated_local_search/run_5_worker_22/ils_config_2956767625009335650.prm
[INFO]:[16:21:18] Starting CPLEX solver on instance: /home/yorig/tuner/mpils-tests/instances/miplib/easy/mas74.mps with config: /scratch/yorig/mpils-results-grid-seconds-5-4may/easy/24proc/seed-1/5_mas74_seed-1_20260504_161600/iterated_local_search/run_5_worker_22/ils_config_2956767625009335650.prm
[INFO]:[16:21:23] CPLEX results. Gap: 5.400000, upper bound: 11801.185729, lower bound: 11163.353931
[INFO]:[16:21:23] CPLEX solver finished. Gap: 5.400000
[INFO]:[16:21:23] New incumbent found with objective value: 5.4
[INFO]:[16:21:23] Starting CPLEX solver on instance: /home/yorig/tuner/mpils-tests/instances/miplib/easy/mas74.mps with config: /scratch/yorig/mpils-results-grid-seconds-5-4may/easy/24proc/seed-1/5_mas74_seed-1_20260504_161600/iterated_local_search/run_5_worker_22/ils_config_618400497766566978.prm
[INFO]:[16:21:23] Starting CPLEX solver on instance: /home/yorig/tuner/mpils-tests/instances/miplib/easy/mas74.mps with config: /scratch/yorig/mpils-results-grid-seconds-5-4may/easy/24proc/seed-1/5_mas74_seed-1_20260504_161600/iterated_local_search/run_5_worker_22/ils_config_618400497766566978.prm
[INFO]:[16:21:28] CPLEX results. Gap: 12.840000, upper bound: 12161.371258, lower bound: 10599.494971
[INFO]:[16:21:28] CPLEX solver finished. Gap: 12.840000
[INFO]:[16:21:28] Starting CPLEX solver on instance: /home/yorig/tuner/mpils-tests/instances/miplib/easy/mas74.mps with config: /scratch/yorig/mpils-results-grid-seconds-5-4may/easy/24proc/seed-1/5_mas74_seed-1_20260504_161600/iterated_local_search/run_5_worker_22/ils_config_5353009487011731798.prm
[INFO]:[16:21:28] Starting CPLEX solver on instance: /home/yorig/tuner/mpils-tests/instances/miplib/easy/mas74.mps with config: /scratch/yorig/mpils-results-grid-seconds-5-4may/easy/24proc/seed-1/5_mas74_seed-1_20260504_161600/iterated_local_search/run_5_worker_22/ils_config_5353009487011731798.prm
[INFO]:[16:21:33] CPLEX results. Gap: 5.400000, upper bound: 11801.185729, lower bound: 11163.637765
[INFO]:[16:21:33] CPLEX solver finished. Gap: 5.400000
[INFO]:[16:21:33] Starting CPLEX solver on instance: /home/yorig/tuner/mpils-tests/instances/miplib/easy/mas74.mps with config: /scratch/yorig/mpils-results-grid-seconds-5-4may/easy/24proc/seed-1/5_mas74_seed-1_20260504_161600/iterated_local_search/run_5_worker_22/ils_config_557628789029628836.prm
[INFO]:[16:21:33] Starting CPLEX solver on instance: /home/yorig/tuner/mpils-tests/instances/miplib/easy/mas74.mps with config: /scratch/yorig/mpils-results-grid-seconds-5-4may/easy/24proc/seed-1/5_mas74_seed-1_20260504_161600/iterated_local_search/run_5_worker_22/ils_config_557628789029628836.prm
[INFO]:[16:21:38] CPLEX results. Gap: 5.400000, upper bound: 11801.185729, lower bound: 11163.353931
[INFO]:[16:21:38] CPLEX solver finished. Gap: 5.400000
[INFO]:[16:21:38] Starting CPLEX solver on instance: /home/yorig/tuner/mpils-tests/instances/miplib/easy/mas74.mps with config: /scratch/yorig/mpils-results-grid-seconds-5-4may/easy/24proc/seed-1/5_mas74_seed-1_20260504_161600/iterated_local_search/run_5_worker_22/ils_config_8609089389108876426.prm
[INFO]:[16:21:38] Starting CPLEX solver on instance: /home/yorig/tuner/mpils-tests/instances/miplib/easy/mas74.mps with config: /scratch/yorig/mpils-results-grid-seconds-5-4may/easy/24proc/seed-1/5_mas74_seed-1_20260504_161600/iterated_local_search/run_5_worker_22/ils_config_8609089389108876426.prm
[INFO]:[16:21:43] CPLEX results. Gap: 9.160000, upper bound: 11801.185729, lower bound: 10719.981615
[INFO]:[16:21:43] CPLEX solver finished. Gap: 9.160000
[INFO]:[16:21:43] Starting CPLEX solver on instance: /home/yorig/tuner/mpils-tests/instances/miplib/easy/mas74.mps with config: /scratch/yorig/mpils-results-grid-seconds-5-4may/easy/24proc/seed-1/5_mas74_seed-1_20260504_161600/iterated_local_search/run_5_worker_22/ils_config_16680384157717750098.prm
[INFO]:[16:21:43] Starting CPLEX solver on instance: /home/yorig/tuner/mpils-tests/instances/miplib/easy/mas74.mps with config: /scratch/yorig/mpils-results-grid-seconds-5-4may/easy/24proc/seed-1/5_mas74_seed-1_20260504_161600/iterated_local_search/run_5_worker_22/ils_config_16680384157717750098.prm
[INFO]:[16:21:48] CPLEX results. Gap: 5.840000, upper bound: 11801.185729, lower bound: 11111.766503
[INFO]:[16:21:48] CPLEX solver finished. Gap: 5.840000
[INFO]:[16:21:48] Local search phase completed.
[INFO]:[16:21:48] Total number of new local-search evaluations: 18
[INFO]:[16:21:48] Final incumbent objective value: 5.4
[INFO]:[16:21:50] Worker 22 completed exploration phase.
[INFO]:[16:21:50] Worker 22 received order for step 2.
[INFO]:[16:21:50] Worker 22 running expansion phase for iteration 5.
[INFO]:[16:21:50] Worker 22 will use solver log file: /scratch/yorig/mpils-results-grid-seconds-5-4may/easy/24proc/seed-1/5_mas74_seed-1_20260504_161600/solver/cplex.log_iteration_expansion_5_worker_22
[INFO]:[16:21:50] Expansion Worker 22 starting expansion for iteration 5.
[INFO]:[16:21:50] Starting CPLEX solver on instance: /home/yorig/tuner/mpils-tests/instances/miplib/easy/mas74.mps with config: /scratch/yorig/mpils-results-grid-seconds-5-4may/easy/24proc/seed-1/5_mas74_seed-1_20260504_161600/expansion/config_param_CPXPARAM_Simplex_DGradient_3_iter_5.prm
[INFO]:[16:21:55] CPLEX results. Gap: 3.280000, upper bound: 11801.185729, lower bound: 11413.872208
[INFO]:[16:21:55] CPLEX solver finished. Gap: 3.280000
[INFO]:[16:21:55] Expansion Worker 22 stopping early after global MPI expansion stop was activated.
[INFO]:[16:21:55] Expansion Worker 22 completed expansion.
[INFO]:[16:21:55] Worker 22 completed expansion phase.
[INFO]:[16:21:57] Worker 22 received order for step 1.
[INFO]:[16:21:57] Worker 22 running exploration phase for iteration 6.
[INFO]:[16:21:57] Worker 22 at iteration 6 will not use a MIP start file. Current best MIP-start upper bound threshold is 1.79769e+308.
[INFO]:[16:21:57] Starting local search phase...
[INFO]:[16:21:57] Creating local search space from parameter space file: /scratch/yorig/mpils-results-grid-seconds-5-4may/easy/24proc/seed-1/5_mas74_seed-1_20260504_161600/iterated_local_search/search_space/search_space_file_6_worker_22.txt
[INFO]:[16:21:57] Local search space loaded from file: /scratch/yorig/mpils-results-grid-seconds-5-4may/easy/24proc/seed-1/5_mas74_seed-1_20260504_161600/iterated_local_search/search_space/search_space_file_6_worker_22.txt
[INFO]:[16:21:57] Number of parameters in local search space: 71
[INFO]:[16:21:57] Number of forbidden tuples in local search space: 124
[INFO]:[16:21:57] Number of conditionals in local search space: 6
[INFO]:[16:21:57] MIP start option not enabled. Local search will proceed without MIP start.
[INFO]:[16:21:57] Evaluating initial configuration for local search phase...
[INFO]:[16:21:57] Starting CPLEX solver on instance: /home/yorig/tuner/mpils-tests/instances/miplib/easy/mas74.mps with config: /scratch/yorig/mpils-results-grid-seconds-5-4may/easy/24proc/seed-1/5_mas74_seed-1_20260504_161600/iterated_local_search/run_6_worker_22/ils_config_3779893408283794549.prm
[INFO]:[16:21:57] Starting CPLEX solver on instance: /home/yorig/tuner/mpils-tests/instances/miplib/easy/mas74.mps with config: /scratch/yorig/mpils-results-grid-seconds-5-4may/easy/24proc/seed-1/5_mas74_seed-1_20260504_161600/iterated_local_search/run_6_worker_22/ils_config_3779893408283794549.prm
[INFO]:[16:22:02] CPLEX results. Gap: 10.770000, upper bound: 11891.263051, lower bound: 10610.234516
[INFO]:[16:22:02] CPLEX solver finished. Gap: 10.770000
[INFO]:[16:22:02] Initial configuration evaluated with objective value: 10.77
[INFO]:[16:22:02] Starting CPLEX solver on instance: /home/yorig/tuner/mpils-tests/instances/miplib/easy/mas74.mps with config: /scratch/yorig/mpils-results-grid-seconds-5-4may/easy/24proc/seed-1/5_mas74_seed-1_20260504_161600/iterated_local_search/run_6_worker_22/ils_config_9608399622058171812.prm
[INFO]:[16:22:02] Starting CPLEX solver on instance: /home/yorig/tuner/mpils-tests/instances/miplib/easy/mas74.mps with config: /scratch/yorig/mpils-results-grid-seconds-5-4may/easy/24proc/seed-1/5_mas74_seed-1_20260504_161600/iterated_local_search/run_6_worker_22/ils_config_9608399622058171812.prm
[INFO]:[16:22:07] CPLEX results. Gap: 10.000000, upper bound: 11801.185729, lower bound: 10620.740306
[INFO]:[16:22:07] CPLEX solver finished. Gap: 10.000000
[INFO]:[16:22:07] New incumbent found with objective value: 10
[INFO]:[16:22:07] Starting CPLEX solver on instance: /home/yorig/tuner/mpils-tests/instances/miplib/easy/mas74.mps with config: /scratch/yorig/mpils-results-grid-seconds-5-4may/easy/24proc/seed-1/5_mas74_seed-1_20260504_161600/iterated_local_search/run_6_worker_22/ils_config_1808970460017739900.prm
[INFO]:[16:22:07] Starting CPLEX solver on instance: /home/yorig/tuner/mpils-tests/instances/miplib/easy/mas74.mps with config: /scratch/yorig/mpils-results-grid-seconds-5-4may/easy/24proc/seed-1/5_mas74_seed-1_20260504_161600/iterated_local_search/run_6_worker_22/ils_config_1808970460017739900.prm
[INFO]:[16:22:12] CPLEX results. Gap: 8.860000, upper bound: 11874.763051, lower bound: 10822.604296
[INFO]:[16:22:12] CPLEX solver finished. Gap: 8.860000
[INFO]:[16:22:12] New incumbent found with objective value: 8.86
[INFO]:[16:22:12] Starting CPLEX solver on instance: /home/yorig/tuner/mpils-tests/instances/miplib/easy/mas74.mps with config: /scratch/yorig/mpils-results-grid-seconds-5-4may/easy/24proc/seed-1/5_mas74_seed-1_20260504_161600/iterated_local_search/run_6_worker_22/ils_config_17739743462735642939.prm
[INFO]:[16:22:12] Starting CPLEX solver on instance: /home/yorig/tuner/mpils-tests/instances/miplib/easy/mas74.mps with config: /scratch/yorig/mpils-results-grid-seconds-5-4may/easy/24proc/seed-1/5_mas74_seed-1_20260504_161600/iterated_local_search/run_6_worker_22/ils_config_17739743462735642939.prm
[INFO]:[16:22:17] CPLEX results. Gap: 9.780000, upper bound: 11801.185729, lower bound: 10646.949709
[INFO]:[16:22:17] CPLEX solver finished. Gap: 9.780000
[INFO]:[16:22:17] Starting CPLEX solver on instance: /home/yorig/tuner/mpils-tests/instances/miplib/easy/mas74.mps with config: /scratch/yorig/mpils-results-grid-seconds-5-4may/easy/24proc/seed-1/5_mas74_seed-1_20260504_161600/iterated_local_search/run_6_worker_22/ils_config_11493275074511609901.prm
[INFO]:[16:22:17] Starting CPLEX solver on instance: /home/yorig/tuner/mpils-tests/instances/miplib/easy/mas74.mps with config: /scratch/yorig/mpils-results-grid-seconds-5-4may/easy/24proc/seed-1/5_mas74_seed-1_20260504_161600/iterated_local_search/run_6_worker_22/ils_config_11493275074511609901.prm
[INFO]:[16:22:22] CPLEX results. Gap: 10.890000, upper bound: 11939.484943, lower bound: 10639.648228
[INFO]:[16:22:22] CPLEX solver finished. Gap: 10.890000
[INFO]:[16:22:22] Starting CPLEX solver on instance: /home/yorig/tuner/mpils-tests/instances/miplib/easy/mas74.mps with config: /scratch/yorig/mpils-results-grid-seconds-5-4may/easy/24proc/seed-1/5_mas74_seed-1_20260504_161600/iterated_local_search/run_6_worker_22/ils_config_14586987666412172560.prm
[INFO]:[16:22:22] Starting CPLEX solver on instance: /home/yorig/tuner/mpils-tests/instances/miplib/easy/mas74.mps with config: /scratch/yorig/mpils-results-grid-seconds-5-4may/easy/24proc/seed-1/5_mas74_seed-1_20260504_161600/iterated_local_search/run_6_worker_22/ils_config_14586987666412172560.prm
[INFO]:[16:22:27] CPLEX results. Gap: 10.020000, upper bound: 11945.824524, lower bound: 10748.690905
[INFO]:[16:22:27] CPLEX solver finished. Gap: 10.020000
[INFO]:[16:22:27] Starting CPLEX solver on instance: /home/yorig/tuner/mpils-tests/instances/miplib/easy/mas74.mps with config: /scratch/yorig/mpils-results-grid-seconds-5-4may/easy/24proc/seed-1/5_mas74_seed-1_20260504_161600/iterated_local_search/run_6_worker_22/ils_config_12281813332472808539.prm
[INFO]:[16:22:27] Starting CPLEX solver on instance: /home/yorig/tuner/mpils-tests/instances/miplib/easy/mas74.mps with config: /scratch/yorig/mpils-results-grid-seconds-5-4may/easy/24proc/seed-1/5_mas74_seed-1_20260504_161600/iterated_local_search/run_6_worker_22/ils_config_12281813332472808539.prm
[INFO]:[16:22:32] CPLEX results. Gap: 9.270000, upper bound: 11801.185729, lower bound: 10706.976107
[INFO]:[16:22:32] CPLEX solver finished. Gap: 9.270000
[INFO]:[16:22:32] Starting CPLEX solver on instance: /home/yorig/tuner/mpils-tests/instances/miplib/easy/mas74.mps with config: /scratch/yorig/mpils-results-grid-seconds-5-4may/easy/24proc/seed-1/5_mas74_seed-1_20260504_161600/iterated_local_search/run_6_worker_22/ils_config_18082591497326907007.prm
[INFO]:[16:22:32] Starting CPLEX solver on instance: /home/yorig/tuner/mpils-tests/instances/miplib/easy/mas74.mps with config: /scratch/yorig/mpils-results-grid-seconds-5-4may/easy/24proc/seed-1/5_mas74_seed-1_20260504_161600/iterated_local_search/run_6_worker_22/ils_config_18082591497326907007.prm
[INFO]:[16:22:37] CPLEX results. Gap: 10.130000, upper bound: 11891.263051, lower bound: 10686.702194
[INFO]:[16:22:37] CPLEX solver finished. Gap: 10.130000
[INFO]:[16:22:37] Starting CPLEX solver on instance: /home/yorig/tuner/mpils-tests/instances/miplib/easy/mas74.mps with config: /scratch/yorig/mpils-results-grid-seconds-5-4may/easy/24proc/seed-1/5_mas74_seed-1_20260504_161600/iterated_local_search/run_6_worker_22/ils_config_8450383239481785785.prm
[INFO]:[16:22:37] Starting CPLEX solver on instance: /home/yorig/tuner/mpils-tests/instances/miplib/easy/mas74.mps with config: /scratch/yorig/mpils-results-grid-seconds-5-4may/easy/24proc/seed-1/5_mas74_seed-1_20260504_161600/iterated_local_search/run_6_worker_22/ils_config_8450383239481785785.prm
[INFO]:[16:22:42] CPLEX results. Gap: 9.850000, upper bound: 11857.371258, lower bound: 10689.599632
[INFO]:[16:22:42] CPLEX solver finished. Gap: 9.850000
[INFO]:[16:22:42] Starting CPLEX solver on instance: /home/yorig/tuner/mpils-tests/instances/miplib/easy/mas74.mps with config: /scratch/yorig/mpils-results-grid-seconds-5-4may/easy/24proc/seed-1/5_mas74_seed-1_20260504_161600/iterated_local_search/run_6_worker_22/ils_config_11429460640501907103.prm
[INFO]:[16:22:42] Starting CPLEX solver on instance: /home/yorig/tuner/mpils-tests/instances/miplib/easy/mas74.mps with config: /scratch/yorig/mpils-results-grid-seconds-5-4may/easy/24proc/seed-1/5_mas74_seed-1_20260504_161600/iterated_local_search/run_6_worker_22/ils_config_11429460640501907103.prm
[INFO]:[16:22:47] CPLEX results. Gap: 8.700000, upper bound: 11874.763051, lower bound: 10841.634473
[INFO]:[16:22:47] CPLEX solver finished. Gap: 8.700000
[INFO]:[16:22:47] New incumbent found with objective value: 8.7
[INFO]:[16:22:47] Starting CPLEX solver on instance: /home/yorig/tuner/mpils-tests/instances/miplib/easy/mas74.mps with config: /scratch/yorig/mpils-results-grid-seconds-5-4may/easy/24proc/seed-1/5_mas74_seed-1_20260504_161600/iterated_local_search/run_6_worker_22/ils_config_8398521974855566938.prm
[INFO]:[16:22:47] Starting CPLEX solver on instance: /home/yorig/tuner/mpils-tests/instances/miplib/easy/mas74.mps with config: /scratch/yorig/mpils-results-grid-seconds-5-4may/easy/24proc/seed-1/5_mas74_seed-1_20260504_161600/iterated_local_search/run_6_worker_22/ils_config_8398521974855566938.prm
[INFO]:[16:22:52] CPLEX results. Gap: 5.920000, upper bound: 11801.185729, lower bound: 11102.282900
[INFO]:[16:22:52] CPLEX solver finished. Gap: 5.920000
[INFO]:[16:22:52] New incumbent found with objective value: 5.92
[INFO]:[16:22:52] Starting CPLEX solver on instance: /home/yorig/tuner/mpils-tests/instances/miplib/easy/mas74.mps with config: /scratch/yorig/mpils-results-grid-seconds-5-4may/easy/24proc/seed-1/5_mas74_seed-1_20260504_161600/iterated_local_search/run_6_worker_22/ils_config_17001533009611204162.prm
[INFO]:[16:22:52] Starting CPLEX solver on instance: /home/yorig/tuner/mpils-tests/instances/miplib/easy/mas74.mps with config: /scratch/yorig/mpils-results-grid-seconds-5-4may/easy/24proc/seed-1/5_mas74_seed-1_20260504_161600/iterated_local_search/run_6_worker_22/ils_config_17001533009611204162.prm
[INFO]:[16:22:57] CPLEX results. Gap: 5.920000, upper bound: 11801.185729, lower bound: 11102.282900
[INFO]:[16:22:57] CPLEX solver finished. Gap: 5.920000
[INFO]:[16:22:57] Starting CPLEX solver on instance: /home/yorig/tuner/mpils-tests/instances/miplib/easy/mas74.mps with config: /scratch/yorig/mpils-results-grid-seconds-5-4may/easy/24proc/seed-1/5_mas74_seed-1_20260504_161600/iterated_local_search/run_6_worker_22/ils_config_5606960244360219163.prm
[INFO]:[16:22:57] Starting CPLEX solver on instance: /home/yorig/tuner/mpils-tests/instances/miplib/easy/mas74.mps with config: /scratch/yorig/mpils-results-grid-seconds-5-4may/easy/24proc/seed-1/5_mas74_seed-1_20260504_161600/iterated_local_search/run_6_worker_22/ils_config_5606960244360219163.prm
[INFO]:[16:23:02] CPLEX results. Gap: 5.920000, upper bound: 11801.185729, lower bound: 11102.282900
[INFO]:[16:23:03] CPLEX solver finished. Gap: 5.920000
[INFO]:[16:23:03] Starting CPLEX solver on instance: /home/yorig/tuner/mpils-tests/instances/miplib/easy/mas74.mps with config: /scratch/yorig/mpils-results-grid-seconds-5-4may/easy/24proc/seed-1/5_mas74_seed-1_20260504_161600/iterated_local_search/run_6_worker_22/ils_config_14067021878633893834.prm
[INFO]:[16:23:03] Starting CPLEX solver on instance: /home/yorig/tuner/mpils-tests/instances/miplib/easy/mas74.mps with config: /scratch/yorig/mpils-results-grid-seconds-5-4may/easy/24proc/seed-1/5_mas74_seed-1_20260504_161600/iterated_local_search/run_6_worker_22/ils_config_14067021878633893834.prm
[INFO]:[16:23:08] CPLEX results. Gap: 5.920000, upper bound: 11801.185729, lower bound: 11102.282900
[INFO]:[16:23:08] CPLEX solver finished. Gap: 5.920000
[INFO]:[16:23:08] Starting CPLEX solver on instance: /home/yorig/tuner/mpils-tests/instances/miplib/easy/mas74.mps with config: /scratch/yorig/mpils-results-grid-seconds-5-4may/easy/24proc/seed-1/5_mas74_seed-1_20260504_161600/iterated_local_search/run_6_worker_22/ils_config_2308328509520127575.prm
[INFO]:[16:23:08] Starting CPLEX solver on instance: /home/yorig/tuner/mpils-tests/instances/miplib/easy/mas74.mps with config: /scratch/yorig/mpils-results-grid-seconds-5-4may/easy/24proc/seed-1/5_mas74_seed-1_20260504_161600/iterated_local_search/run_6_worker_22/ils_config_2308328509520127575.prm
[INFO]:[16:23:13] CPLEX results. Gap: 8.700000, upper bound: 11801.185729, lower bound: 10774.337416
[INFO]:[16:23:13] CPLEX solver finished. Gap: 8.700000
[INFO]:[16:23:13] Starting CPLEX solver on instance: /home/yorig/tuner/mpils-tests/instances/miplib/easy/mas74.mps with config: /scratch/yorig/mpils-results-grid-seconds-5-4may/easy/24proc/seed-1/5_mas74_seed-1_20260504_161600/iterated_local_search/run_6_worker_22/ils_config_11795882589084295129.prm
[INFO]:[16:23:13] Starting CPLEX solver on instance: /home/yorig/tuner/mpils-tests/instances/miplib/easy/mas74.mps with config: /scratch/yorig/mpils-results-grid-seconds-5-4may/easy/24proc/seed-1/5_mas74_seed-1_20260504_161600/iterated_local_search/run_6_worker_22/ils_config_11795882589084295129.prm
[INFO]:[16:23:18] CPLEX results. Gap: 10.370000, upper bound: 11857.371258, lower bound: 10628.231888
[INFO]:[16:23:18] CPLEX solver finished. Gap: 10.370000
[INFO]:[16:23:18] Starting CPLEX solver on instance: /home/yorig/tuner/mpils-tests/instances/miplib/easy/mas74.mps with config: /scratch/yorig/mpils-results-grid-seconds-5-4may/easy/24proc/seed-1/5_mas74_seed-1_20260504_161600/iterated_local_search/run_6_worker_22/ils_config_11802084387179135759.prm
[INFO]:[16:23:18] Starting CPLEX solver on instance: /home/yorig/tuner/mpils-tests/instances/miplib/easy/mas74.mps with config: /scratch/yorig/mpils-results-grid-seconds-5-4may/easy/24proc/seed-1/5_mas74_seed-1_20260504_161600/iterated_local_search/run_6_worker_22/ils_config_11802084387179135759.prm
[INFO]:[16:23:23] CPLEX results. Gap: 5.920000, upper bound: 11801.185729, lower bound: 11102.282900
[INFO]:[16:23:23] CPLEX solver finished. Gap: 5.920000
[INFO]:[16:23:23] Starting CPLEX solver on instance: /home/yorig/tuner/mpils-tests/instances/miplib/easy/mas74.mps with config: /scratch/yorig/mpils-results-grid-seconds-5-4may/easy/24proc/seed-1/5_mas74_seed-1_20260504_161600/iterated_local_search/run_6_worker_22/ils_config_7124008116078702049.prm
[INFO]:[16:23:23] Starting CPLEX solver on instance: /home/yorig/tuner/mpils-tests/instances/miplib/easy/mas74.mps with config: /scratch/yorig/mpils-results-grid-seconds-5-4may/easy/24proc/seed-1/5_mas74_seed-1_20260504_161600/iterated_local_search/run_6_worker_22/ils_config_7124008116078702049.prm
[INFO]:[16:23:28] CPLEX results. Gap: 6.610000, upper bound: 11801.185729, lower bound: 11021.680638
[INFO]:[16:23:28] CPLEX solver finished. Gap: 6.610000
[INFO]:[16:23:28] Starting CPLEX solver on instance: /home/yorig/tuner/mpils-tests/instances/miplib/easy/mas74.mps with config: /scratch/yorig/mpils-results-grid-seconds-5-4may/easy/24proc/seed-1/5_mas74_seed-1_20260504_161600/iterated_local_search/run_6_worker_22/ils_config_18412275461340221525.prm
[INFO]:[16:23:28] Starting CPLEX solver on instance: /home/yorig/tuner/mpils-tests/instances/miplib/easy/mas74.mps with config: /scratch/yorig/mpils-results-grid-seconds-5-4may/easy/24proc/seed-1/5_mas74_seed-1_20260504_161600/iterated_local_search/run_6_worker_22/ils_config_18412275461340221525.prm
[INFO]:[16:23:33] CPLEX results. Gap: 9.850000, upper bound: 11945.263051, lower bound: 10769.023475
[INFO]:[16:23:33] CPLEX solver finished. Gap: 9.850000
[INFO]:[16:23:33] Starting CPLEX solver on instance: /home/yorig/tuner/mpils-tests/instances/miplib/easy/mas74.mps with config: /scratch/yorig/mpils-results-grid-seconds-5-4may/easy/24proc/seed-1/5_mas74_seed-1_20260504_161600/iterated_local_search/run_6_worker_22/ils_config_4543317913336810182.prm
[INFO]:[16:23:33] Starting CPLEX solver on instance: /home/yorig/tuner/mpils-tests/instances/miplib/easy/mas74.mps with config: /scratch/yorig/mpils-results-grid-seconds-5-4may/easy/24proc/seed-1/5_mas74_seed-1_20260504_161600/iterated_local_search/run_6_worker_22/ils_config_4543317913336810182.prm
[INFO]:[16:23:38] CPLEX results. Gap: 10.240000, upper bound: 11857.371258, lower bound: 10643.099585
[INFO]:[16:23:38] CPLEX solver finished. Gap: 10.240000
[INFO]:[16:23:38] Starting CPLEX solver on instance: /home/yorig/tuner/mpils-tests/instances/miplib/easy/mas74.mps with config: /scratch/yorig/mpils-results-grid-seconds-5-4may/easy/24proc/seed-1/5_mas74_seed-1_20260504_161600/iterated_local_search/run_6_worker_22/ils_config_17046228907354072246.prm
[INFO]:[16:23:38] Starting CPLEX solver on instance: /home/yorig/tuner/mpils-tests/instances/miplib/easy/mas74.mps with config: /scratch/yorig/mpils-results-grid-seconds-5-4may/easy/24proc/seed-1/5_mas74_seed-1_20260504_161600/iterated_local_search/run_6_worker_22/ils_config_17046228907354072246.prm
[INFO]:[16:23:43] CPLEX results. Gap: 5.920000, upper bound: 11801.185729, lower bound: 11102.282900
[INFO]:[16:23:43] CPLEX solver finished. Gap: 5.920000
[INFO]:[16:23:43] Starting CPLEX solver on instance: /home/yorig/tuner/mpils-tests/instances/miplib/easy/mas74.mps with config: /scratch/yorig/mpils-results-grid-seconds-5-4may/easy/24proc/seed-1/5_mas74_seed-1_20260504_161600/iterated_local_search/run_6_worker_22/ils_config_17881030546364010067.prm
[INFO]:[16:23:43] Starting CPLEX solver on instance: /home/yorig/tuner/mpils-tests/instances/miplib/easy/mas74.mps with config: /scratch/yorig/mpils-results-grid-seconds-5-4may/easy/24proc/seed-1/5_mas74_seed-1_20260504_161600/iterated_local_search/run_6_worker_22/ils_config_17881030546364010067.prm
[INFO]:[16:23:48] CPLEX results. Gap: 5.920000, upper bound: 11801.185729, lower bound: 11102.282900
[INFO]:[16:23:48] CPLEX solver finished. Gap: 5.920000
[INFO]:[16:23:48] Starting CPLEX solver on instance: /home/yorig/tuner/mpils-tests/instances/miplib/easy/mas74.mps with config: /scratch/yorig/mpils-results-grid-seconds-5-4may/easy/24proc/seed-1/5_mas74_seed-1_20260504_161600/iterated_local_search/run_6_worker_22/ils_config_13580047503902136033.prm
[INFO]:[16:23:48] Starting CPLEX solver on instance: /home/yorig/tuner/mpils-tests/instances/miplib/easy/mas74.mps with config: /scratch/yorig/mpils-results-grid-seconds-5-4may/easy/24proc/seed-1/5_mas74_seed-1_20260504_161600/iterated_local_search/run_6_worker_22/ils_config_13580047503902136033.prm
[INFO]:[16:23:53] CPLEX results. Gap: 9.300000, upper bound: 11801.185729, lower bound: 10703.500868
[INFO]:[16:23:53] CPLEX solver finished. Gap: 9.300000
[INFO]:[16:23:53] Starting CPLEX solver on instance: /home/yorig/tuner/mpils-tests/instances/miplib/easy/mas74.mps with config: /scratch/yorig/mpils-results-grid-seconds-5-4may/easy/24proc/seed-1/5_mas74_seed-1_20260504_161600/iterated_local_search/run_6_worker_22/ils_config_6327816684318338770.prm
[INFO]:[16:23:53] Starting CPLEX solver on instance: /home/yorig/tuner/mpils-tests/instances/miplib/easy/mas74.mps with config: /scratch/yorig/mpils-results-grid-seconds-5-4may/easy/24proc/seed-1/5_mas74_seed-1_20260504_161600/iterated_local_search/run_6_worker_22/ils_config_6327816684318338770.prm
[INFO]:[16:23:58] CPLEX results. Gap: 8.560000, upper bound: 11801.185729, lower bound: 10790.881483
[INFO]:[16:23:58] CPLEX solver finished. Gap: 8.560000
[INFO]:[16:23:58] Starting CPLEX solver on instance: /home/yorig/tuner/mpils-tests/instances/miplib/easy/mas74.mps with config: /scratch/yorig/mpils-results-grid-seconds-5-4may/easy/24proc/seed-1/5_mas74_seed-1_20260504_161600/iterated_local_search/run_6_worker_22/ils_config_15153962325324271770.prm
[INFO]:[16:23:58] Starting CPLEX solver on instance: /home/yorig/tuner/mpils-tests/instances/miplib/easy/mas74.mps with config: /scratch/yorig/mpils-results-grid-seconds-5-4may/easy/24proc/seed-1/5_mas74_seed-1_20260504_161600/iterated_local_search/run_6_worker_22/ils_config_15153962325324271770.prm
[INFO]:[16:24:03] CPLEX results. Gap: 5.920000, upper bound: 11801.185729, lower bound: 11102.282900
[INFO]:[16:24:03] CPLEX solver finished. Gap: 5.920000
[INFO]:[16:24:03] Starting CPLEX solver on instance: /home/yorig/tuner/mpils-tests/instances/miplib/easy/mas74.mps with config: /scratch/yorig/mpils-results-grid-seconds-5-4may/easy/24proc/seed-1/5_mas74_seed-1_20260504_161600/iterated_local_search/run_6_worker_22/ils_config_17176360200270958419.prm
[INFO]:[16:24:03] Starting CPLEX solver on instance: /home/yorig/tuner/mpils-tests/instances/miplib/easy/mas74.mps with config: /scratch/yorig/mpils-results-grid-seconds-5-4may/easy/24proc/seed-1/5_mas74_seed-1_20260504_161600/iterated_local_search/run_6_worker_22/ils_config_17176360200270958419.prm
[INFO]:[16:24:08] CPLEX results. Gap: 5.920000, upper bound: 11801.185729, lower bound: 11102.282900
[INFO]:[16:24:08] CPLEX solver finished. Gap: 5.920000
[INFO]:[16:24:08] Starting CPLEX solver on instance: /home/yorig/tuner/mpils-tests/instances/miplib/easy/mas74.mps with config: /scratch/yorig/mpils-results-grid-seconds-5-4may/easy/24proc/seed-1/5_mas74_seed-1_20260504_161600/iterated_local_search/run_6_worker_22/ils_config_7754715244387458503.prm
[INFO]:[16:24:08] Starting CPLEX solver on instance: /home/yorig/tuner/mpils-tests/instances/miplib/easy/mas74.mps with config: /scratch/yorig/mpils-results-grid-seconds-5-4may/easy/24proc/seed-1/5_mas74_seed-1_20260504_161600/iterated_local_search/run_6_worker_22/ils_config_7754715244387458503.prm
[INFO]:[16:24:13] CPLEX results. Gap: 5.920000, upper bound: 11801.185729, lower bound: 11102.282900
[INFO]:[16:24:13] CPLEX solver finished. Gap: 5.920000
[INFO]:[16:24:13] Local search phase completed.
[INFO]:[16:24:13] Total number of new local-search evaluations: 27
[INFO]:[16:24:13] Final incumbent objective value: 5.92
[INFO]:[16:24:18] Worker 22 completed exploration phase.
[INFO]:[16:24:18] Worker 22 received order for step 2.
[INFO]:[16:24:18] Worker 22 running expansion phase for iteration 6.
[INFO]:[16:24:18] Worker 22 will use solver log file: /scratch/yorig/mpils-results-grid-seconds-5-4may/easy/24proc/seed-1/5_mas74_seed-1_20260504_161600/solver/cplex.log_iteration_expansion_6_worker_22
[INFO]:[16:24:18] Expansion Worker 22 starting expansion for iteration 6.
[INFO]:[16:24:18] Starting CPLEX solver on instance: /home/yorig/tuner/mpils-tests/instances/miplib/easy/mas74.mps with config: /scratch/yorig/mpils-results-grid-seconds-5-4may/easy/24proc/seed-1/5_mas74_seed-1_20260504_161600/expansion/config_param_CPXPARAM_Preprocessing_Fill_2_iter_6.prm
[INFO]:[16:24:23] CPLEX results. Gap: 3.030000, upper bound: 11801.185729, lower bound: 11443.218801
[INFO]:[16:24:23] CPLEX solver finished. Gap: 3.030000
[INFO]:[16:24:28] Expansion Worker 22 completed expansion.
[INFO]:[16:24:28] Worker 22 completed expansion phase.
[INFO]:[16:24:31] Worker 22 received order for step 1.
[INFO]:[16:24:31] Worker 22 running exploration phase for iteration 7.
[INFO]:[16:24:31] Worker 22 at iteration 7 will not use a MIP start file. Current best MIP-start upper bound threshold is 1.79769e+308.
[INFO]:[16:24:31] Starting local search phase...
[INFO]:[16:24:31] Creating local search space from parameter space file: /scratch/yorig/mpils-results-grid-seconds-5-4may/easy/24proc/seed-1/5_mas74_seed-1_20260504_161600/iterated_local_search/search_space/search_space_file_7_worker_22.txt
[INFO]:[16:24:31] Local search space loaded from file: /scratch/yorig/mpils-results-grid-seconds-5-4may/easy/24proc/seed-1/5_mas74_seed-1_20260504_161600/iterated_local_search/search_space/search_space_file_7_worker_22.txt
[INFO]:[16:24:31] Number of parameters in local search space: 71
[INFO]:[16:24:31] Number of forbidden tuples in local search space: 153
[INFO]:[16:24:31] Number of conditionals in local search space: 6
[INFO]:[16:24:31] MIP start option not enabled. Local search will proceed without MIP start.
[INFO]:[16:24:31] Evaluating initial configuration for local search phase...
[INFO]:[16:24:31] Starting CPLEX solver on instance: /home/yorig/tuner/mpils-tests/instances/miplib/easy/mas74.mps with config: /scratch/yorig/mpils-results-grid-seconds-5-4may/easy/24proc/seed-1/5_mas74_seed-1_20260504_161600/iterated_local_search/run_7_worker_22/ils_config_12200972791620532892.prm
[INFO]:[16:24:31] Starting CPLEX solver on instance: /home/yorig/tuner/mpils-tests/instances/miplib/easy/mas74.mps with config: /scratch/yorig/mpils-results-grid-seconds-5-4may/easy/24proc/seed-1/5_mas74_seed-1_20260504_161600/iterated_local_search/run_7_worker_22/ils_config_12200972791620532892.prm
[INFO]:[16:24:36] CPLEX results. Gap: 10.080000, upper bound: 11801.185729, lower bound: 10611.303231
[INFO]:[16:24:36] CPLEX solver finished. Gap: 10.080000
[INFO]:[16:24:36] Initial configuration evaluated with objective value: 10.08
[INFO]:[16:24:36] Starting CPLEX solver on instance: /home/yorig/tuner/mpils-tests/instances/miplib/easy/mas74.mps with config: /scratch/yorig/mpils-results-grid-seconds-5-4may/easy/24proc/seed-1/5_mas74_seed-1_20260504_161600/iterated_local_search/run_7_worker_22/ils_config_4653160113984797119.prm
[INFO]:[16:24:36] Starting CPLEX solver on instance: /home/yorig/tuner/mpils-tests/instances/miplib/easy/mas74.mps with config: /scratch/yorig/mpils-results-grid-seconds-5-4may/easy/24proc/seed-1/5_mas74_seed-1_20260504_161600/iterated_local_search/run_7_worker_22/ils_config_4653160113984797119.prm
[INFO]:[16:24:41] CPLEX results. Gap: 9.440000, upper bound: 11801.185729, lower bound: 10686.686540
[INFO]:[16:24:41] CPLEX solver finished. Gap: 9.440000
[INFO]:[16:24:41] New incumbent found with objective value: 9.44
[INFO]:[16:24:41] Starting CPLEX solver on instance: /home/yorig/tuner/mpils-tests/instances/miplib/easy/mas74.mps with config: /scratch/yorig/mpils-results-grid-seconds-5-4may/easy/24proc/seed-1/5_mas74_seed-1_20260504_161600/iterated_local_search/run_7_worker_22/ils_config_13033194504076916870.prm
[INFO]:[16:24:41] Starting CPLEX solver on instance: /home/yorig/tuner/mpils-tests/instances/miplib/easy/mas74.mps with config: /scratch/yorig/mpils-results-grid-seconds-5-4may/easy/24proc/seed-1/5_mas74_seed-1_20260504_161600/iterated_local_search/run_7_worker_22/ils_config_13033194504076916870.prm
[INFO]:[16:24:46] CPLEX results. Gap: 11.100000, upper bound: 11983.529154, lower bound: 10652.908370
[INFO]:[16:24:46] CPLEX solver finished. Gap: 11.100000
[INFO]:[16:24:46] Starting CPLEX solver on instance: /home/yorig/tuner/mpils-tests/instances/miplib/easy/mas74.mps with config: /scratch/yorig/mpils-results-grid-seconds-5-4may/easy/24proc/seed-1/5_mas74_seed-1_20260504_161600/iterated_local_search/run_7_worker_22/ils_config_7067036597209731189.prm
[INFO]:[16:24:46] Starting CPLEX solver on instance: /home/yorig/tuner/mpils-tests/instances/miplib/easy/mas74.mps with config: /scratch/yorig/mpils-results-grid-seconds-5-4may/easy/24proc/seed-1/5_mas74_seed-1_20260504_161600/iterated_local_search/run_7_worker_22/ils_config_7067036597209731189.prm
[INFO]:[16:24:51] CPLEX results. Gap: 9.440000, upper bound: 11801.185729, lower bound: 10686.686540
[INFO]:[16:24:51] CPLEX solver finished. Gap: 9.440000
[INFO]:[16:24:51] Starting CPLEX solver on instance: /home/yorig/tuner/mpils-tests/instances/miplib/easy/mas74.mps with config: /scratch/yorig/mpils-results-grid-seconds-5-4may/easy/24proc/seed-1/5_mas74_seed-1_20260504_161600/iterated_local_search/run_7_worker_22/ils_config_17099334987101416673.prm
[INFO]:[16:24:51] Starting CPLEX solver on instance: /home/yorig/tuner/mpils-tests/instances/miplib/easy/mas74.mps with config: /scratch/yorig/mpils-results-grid-seconds-5-4may/easy/24proc/seed-1/5_mas74_seed-1_20260504_161600/iterated_local_search/run_7_worker_22/ils_config_17099334987101416673.prm
[INFO]:[16:24:56] CPLEX results. Gap: 9.460000, upper bound: 11801.185729, lower bound: 10685.112634
[INFO]:[16:24:56] CPLEX solver finished. Gap: 9.460000
[INFO]:[16:24:56] Starting CPLEX solver on instance: /home/yorig/tuner/mpils-tests/instances/miplib/easy/mas74.mps with config: /scratch/yorig/mpils-results-grid-seconds-5-4may/easy/24proc/seed-1/5_mas74_seed-1_20260504_161600/iterated_local_search/run_7_worker_22/ils_config_14060300027048518386.prm
[INFO]:[16:24:56] Starting CPLEX solver on instance: /home/yorig/tuner/mpils-tests/instances/miplib/easy/mas74.mps with config: /scratch/yorig/mpils-results-grid-seconds-5-4may/easy/24proc/seed-1/5_mas74_seed-1_20260504_161600/iterated_local_search/run_7_worker_22/ils_config_14060300027048518386.prm
[INFO]:[16:25:01] CPLEX results. Gap: 9.560000, upper bound: 11801.185729, lower bound: 10672.797070
[INFO]:[16:25:01] CPLEX solver finished. Gap: 9.560000
[INFO]:[16:25:01] Starting CPLEX solver on instance: /home/yorig/tuner/mpils-tests/instances/miplib/easy/mas74.mps with config: /scratch/yorig/mpils-results-grid-seconds-5-4may/easy/24proc/seed-1/5_mas74_seed-1_20260504_161600/iterated_local_search/run_7_worker_22/ils_config_17712876647484035792.prm
[INFO]:[16:25:01] Starting CPLEX solver on instance: /home/yorig/tuner/mpils-tests/instances/miplib/easy/mas74.mps with config: /scratch/yorig/mpils-results-grid-seconds-5-4may/easy/24proc/seed-1/5_mas74_seed-1_20260504_161600/iterated_local_search/run_7_worker_22/ils_config_17712876647484035792.prm
[INFO]:[16:25:06] CPLEX results. Gap: 9.840000, upper bound: 11801.185729, lower bound: 10640.394929
[INFO]:[16:25:06] CPLEX solver finished. Gap: 9.840000
[INFO]:[16:25:06] Starting CPLEX solver on instance: /home/yorig/tuner/mpils-tests/instances/miplib/easy/mas74.mps with config: /scratch/yorig/mpils-results-grid-seconds-5-4may/easy/24proc/seed-1/5_mas74_seed-1_20260504_161600/iterated_local_search/run_7_worker_22/ils_config_404874454614047587.prm
[INFO]:[16:25:06] Starting CPLEX solver on instance: /home/yorig/tuner/mpils-tests/instances/miplib/easy/mas74.mps with config: /scratch/yorig/mpils-results-grid-seconds-5-4may/easy/24proc/seed-1/5_mas74_seed-1_20260504_161600/iterated_local_search/run_7_worker_22/ils_config_404874454614047587.prm
[INFO]:[16:25:11] CPLEX results. Gap: 10.290000, upper bound: 11874.763051, lower bound: 10652.908370
[INFO]:[16:25:11] CPLEX solver finished. Gap: 10.290000
[INFO]:[16:25:11] Starting CPLEX solver on instance: /home/yorig/tuner/mpils-tests/instances/miplib/easy/mas74.mps with config: /scratch/yorig/mpils-results-grid-seconds-5-4may/easy/24proc/seed-1/5_mas74_seed-1_20260504_161600/iterated_local_search/run_7_worker_22/ils_config_10947948118869874605.prm
[INFO]:[16:25:11] Starting CPLEX solver on instance: /home/yorig/tuner/mpils-tests/instances/miplib/easy/mas74.mps with config: /scratch/yorig/mpils-results-grid-seconds-5-4may/easy/24proc/seed-1/5_mas74_seed-1_20260504_161600/iterated_local_search/run_7_worker_22/ils_config_10947948118869874605.prm
[INFO]:[16:25:16] CPLEX results. Gap: 11.900000, upper bound: 12039.468031, lower bound: 10606.750233
[INFO]:[16:25:16] CPLEX solver finished. Gap: 11.900000
[INFO]:[16:25:16] Starting CPLEX solver on instance: /home/yorig/tuner/mpils-tests/instances/miplib/easy/mas74.mps with config: /scratch/yorig/mpils-results-grid-seconds-5-4may/easy/24proc/seed-1/5_mas74_seed-1_20260504_161600/iterated_local_search/run_7_worker_22/ils_config_4989608286196140602.prm
[INFO]:[16:25:16] Starting CPLEX solver on instance: /home/yorig/tuner/mpils-tests/instances/miplib/easy/mas74.mps with config: /scratch/yorig/mpils-results-grid-seconds-5-4may/easy/24proc/seed-1/5_mas74_seed-1_20260504_161600/iterated_local_search/run_7_worker_22/ils_config_4989608286196140602.prm
[INFO]:[16:25:21] CPLEX results. Gap: 9.440000, upper bound: 11801.185729, lower bound: 10686.686540
[INFO]:[16:25:21] CPLEX solver finished. Gap: 9.440000
[INFO]:[16:25:21] Starting CPLEX solver on instance: /home/yorig/tuner/mpils-tests/instances/miplib/easy/mas74.mps with config: /scratch/yorig/mpils-results-grid-seconds-5-4may/easy/24proc/seed-1/5_mas74_seed-1_20260504_161600/iterated_local_search/run_7_worker_22/ils_config_5620816552146121373.prm
[INFO]:[16:25:21] Starting CPLEX solver on instance: /home/yorig/tuner/mpils-tests/instances/miplib/easy/mas74.mps with config: /scratch/yorig/mpils-results-grid-seconds-5-4may/easy/24proc/seed-1/5_mas74_seed-1_20260504_161600/iterated_local_search/run_7_worker_22/ils_config_5620816552146121373.prm
[INFO]:[16:25:26] CPLEX results. Gap: 9.440000, upper bound: 11801.185729, lower bound: 10686.686540
[INFO]:[16:25:26] CPLEX solver finished. Gap: 9.440000
[INFO]:[16:25:26] Starting CPLEX solver on instance: /home/yorig/tuner/mpils-tests/instances/miplib/easy/mas74.mps with config: /scratch/yorig/mpils-results-grid-seconds-5-4may/easy/24proc/seed-1/5_mas74_seed-1_20260504_161600/iterated_local_search/run_7_worker_22/ils_config_13073752043331696262.prm
[INFO]:[16:25:26] Starting CPLEX solver on instance: /home/yorig/tuner/mpils-tests/instances/miplib/easy/mas74.mps with config: /scratch/yorig/mpils-results-grid-seconds-5-4may/easy/24proc/seed-1/5_mas74_seed-1_20260504_161600/iterated_local_search/run_7_worker_22/ils_config_13073752043331696262.prm
[INFO]:[16:25:31] CPLEX results. Gap: 9.440000, upper bound: 11801.185729, lower bound: 10686.686540
[INFO]:[16:25:31] CPLEX solver finished. Gap: 9.440000
[INFO]:[16:25:31] Starting CPLEX solver on instance: /home/yorig/tuner/mpils-tests/instances/miplib/easy/mas74.mps with config: /scratch/yorig/mpils-results-grid-seconds-5-4may/easy/24proc/seed-1/5_mas74_seed-1_20260504_161600/iterated_local_search/run_7_worker_22/ils_config_7304746998818990845.prm
[INFO]:[16:25:31] Starting CPLEX solver on instance: /home/yorig/tuner/mpils-tests/instances/miplib/easy/mas74.mps with config: /scratch/yorig/mpils-results-grid-seconds-5-4may/easy/24proc/seed-1/5_mas74_seed-1_20260504_161600/iterated_local_search/run_7_worker_22/ils_config_7304746998818990845.prm
[INFO]:[16:25:36] CPLEX results. Gap: 9.760000, upper bound: 11801.185729, lower bound: 10649.974542
[INFO]:[16:25:36] CPLEX solver finished. Gap: 9.760000
[INFO]:[16:25:36] Starting CPLEX solver on instance: /home/yorig/tuner/mpils-tests/instances/miplib/easy/mas74.mps with config: /scratch/yorig/mpils-results-grid-seconds-5-4may/easy/24proc/seed-1/5_mas74_seed-1_20260504_161600/iterated_local_search/run_7_worker_22/ils_config_6285118084123886646.prm
[INFO]:[16:25:36] Starting CPLEX solver on instance: /home/yorig/tuner/mpils-tests/instances/miplib/easy/mas74.mps with config: /scratch/yorig/mpils-results-grid-seconds-5-4may/easy/24proc/seed-1/5_mas74_seed-1_20260504_161600/iterated_local_search/run_7_worker_22/ils_config_6285118084123886646.prm
[INFO]:[16:25:41] CPLEX results. Gap: 11.310000, upper bound: 11939.484943, lower bound: 10588.780290
[INFO]:[16:25:41] CPLEX solver finished. Gap: 11.310000
[INFO]:[16:25:41] Starting CPLEX solver on instance: /home/yorig/tuner/mpils-tests/instances/miplib/easy/mas74.mps with config: /scratch/yorig/mpils-results-grid-seconds-5-4may/easy/24proc/seed-1/5_mas74_seed-1_20260504_161600/iterated_local_search/run_7_worker_22/ils_config_5377620754591415559.prm
[INFO]:[16:25:41] Starting CPLEX solver on instance: /home/yorig/tuner/mpils-tests/instances/miplib/easy/mas74.mps with config: /scratch/yorig/mpils-results-grid-seconds-5-4may/easy/24proc/seed-1/5_mas74_seed-1_20260504_161600/iterated_local_search/run_7_worker_22/ils_config_5377620754591415559.prm
[INFO]:[16:25:46] CPLEX results. Gap: 10.340000, upper bound: 11801.185729, lower bound: 10581.067018
[INFO]:[16:25:47] CPLEX solver finished. Gap: 10.340000
[INFO]:[16:25:47] Starting CPLEX solver on instance: /home/yorig/tuner/mpils-tests/instances/miplib/easy/mas74.mps with config: /scratch/yorig/mpils-results-grid-seconds-5-4may/easy/24proc/seed-1/5_mas74_seed-1_20260504_161600/iterated_local_search/run_7_worker_22/ils_config_4560347269410932065.prm
[INFO]:[16:25:47] Starting CPLEX solver on instance: /home/yorig/tuner/mpils-tests/instances/miplib/easy/mas74.mps with config: /scratch/yorig/mpils-results-grid-seconds-5-4may/easy/24proc/seed-1/5_mas74_seed-1_20260504_161600/iterated_local_search/run_7_worker_22/ils_config_4560347269410932065.prm
[INFO]:[16:25:52] CPLEX results. Gap: 10.630000, upper bound: 11891.263051, lower bound: 10626.662223
[INFO]:[16:25:52] CPLEX solver finished. Gap: 10.630000
[INFO]:[16:25:52] Starting CPLEX solver on instance: /home/yorig/tuner/mpils-tests/instances/miplib/easy/mas74.mps with config: /scratch/yorig/mpils-results-grid-seconds-5-4may/easy/24proc/seed-1/5_mas74_seed-1_20260504_161600/iterated_local_search/run_7_worker_22/ils_config_18012017451311627237.prm
[INFO]:[16:25:52] Starting CPLEX solver on instance: /home/yorig/tuner/mpils-tests/instances/miplib/easy/mas74.mps with config: /scratch/yorig/mpils-results-grid-seconds-5-4may/easy/24proc/seed-1/5_mas74_seed-1_20260504_161600/iterated_local_search/run_7_worker_22/ils_config_18012017451311627237.prm
[INFO]:[16:25:57] CPLEX results. Gap: 10.550000, upper bound: 11891.263051, lower bound: 10637.036524
[INFO]:[16:25:57] CPLEX solver finished. Gap: 10.550000
[INFO]:[16:25:57] Starting CPLEX solver on instance: /home/yorig/tuner/mpils-tests/instances/miplib/easy/mas74.mps with config: /scratch/yorig/mpils-results-grid-seconds-5-4may/easy/24proc/seed-1/5_mas74_seed-1_20260504_161600/iterated_local_search/run_7_worker_22/ils_config_11777936599256123707.prm
[INFO]:[16:25:57] Starting CPLEX solver on instance: /home/yorig/tuner/mpils-tests/instances/miplib/easy/mas74.mps with config: /scratch/yorig/mpils-results-grid-seconds-5-4may/easy/24proc/seed-1/5_mas74_seed-1_20260504_161600/iterated_local_search/run_7_worker_22/ils_config_11777936599256123707.prm
[INFO]:[16:26:02] CPLEX results. Gap: 9.440000, upper bound: 11801.185729, lower bound: 10686.686540
[INFO]:[16:26:02] CPLEX solver finished. Gap: 9.440000
[INFO]:[16:26:02] Starting CPLEX solver on instance: /home/yorig/tuner/mpils-tests/instances/miplib/easy/mas74.mps with config: /scratch/yorig/mpils-results-grid-seconds-5-4may/easy/24proc/seed-1/5_mas74_seed-1_20260504_161600/iterated_local_search/run_7_worker_22/ils_config_13814933638257858312.prm
[INFO]:[16:26:02] Starting CPLEX solver on instance: /home/yorig/tuner/mpils-tests/instances/miplib/easy/mas74.mps with config: /scratch/yorig/mpils-results-grid-seconds-5-4may/easy/24proc/seed-1/5_mas74_seed-1_20260504_161600/iterated_local_search/run_7_worker_22/ils_config_13814933638257858312.prm
[INFO]:[16:26:07] CPLEX results. Gap: 10.580000, upper bound: 11893.872575, lower bound: 10635.049521
[INFO]:[16:26:07] CPLEX solver finished. Gap: 10.580000
[INFO]:[16:26:07] Starting CPLEX solver on instance: /home/yorig/tuner/mpils-tests/instances/miplib/easy/mas74.mps with config: /scratch/yorig/mpils-results-grid-seconds-5-4may/easy/24proc/seed-1/5_mas74_seed-1_20260504_161600/iterated_local_search/run_7_worker_22/ils_config_15515243838819849372.prm
[INFO]:[16:26:07] Starting CPLEX solver on instance: /home/yorig/tuner/mpils-tests/instances/miplib/easy/mas74.mps with config: /scratch/yorig/mpils-results-grid-seconds-5-4may/easy/24proc/seed-1/5_mas74_seed-1_20260504_161600/iterated_local_search/run_7_worker_22/ils_config_15515243838819849372.prm
[INFO]:[16:26:12] CPLEX results. Gap: 10.790000, upper bound: 11893.872575, lower bound: 10610.103463
[INFO]:[16:26:12] CPLEX solver finished. Gap: 10.790000
[INFO]:[16:26:12] Starting CPLEX solver on instance: /home/yorig/tuner/mpils-tests/instances/miplib/easy/mas74.mps with config: /scratch/yorig/mpils-results-grid-seconds-5-4may/easy/24proc/seed-1/5_mas74_seed-1_20260504_161600/iterated_local_search/run_7_worker_22/ils_config_5859056458314850590.prm
[INFO]:[16:26:12] Starting CPLEX solver on instance: /home/yorig/tuner/mpils-tests/instances/miplib/easy/mas74.mps with config: /scratch/yorig/mpils-results-grid-seconds-5-4may/easy/24proc/seed-1/5_mas74_seed-1_20260504_161600/iterated_local_search/run_7_worker_22/ils_config_5859056458314850590.prm
[INFO]:[16:26:17] CPLEX results. Gap: 9.380000, upper bound: 11801.185729, lower bound: 10694.591025
[INFO]:[16:26:17] CPLEX solver finished. Gap: 9.380000
[INFO]:[16:26:17] New incumbent found with objective value: 9.38
[INFO]:[16:26:17] Starting CPLEX solver on instance: /home/yorig/tuner/mpils-tests/instances/miplib/easy/mas74.mps with config: /scratch/yorig/mpils-results-grid-seconds-5-4may/easy/24proc/seed-1/5_mas74_seed-1_20260504_161600/iterated_local_search/run_7_worker_22/ils_config_10507528591335684436.prm
[INFO]:[16:26:17] Starting CPLEX solver on instance: /home/yorig/tuner/mpils-tests/instances/miplib/easy/mas74.mps with config: /scratch/yorig/mpils-results-grid-seconds-5-4may/easy/24proc/seed-1/5_mas74_seed-1_20260504_161600/iterated_local_search/run_7_worker_22/ils_config_10507528591335684436.prm
[INFO]:[16:26:22] CPLEX results. Gap: 9.380000, upper bound: 11801.185729, lower bound: 10694.591025
[INFO]:[16:26:22] CPLEX solver finished. Gap: 9.380000
[INFO]:[16:26:22] Starting CPLEX solver on instance: /home/yorig/tuner/mpils-tests/instances/miplib/easy/mas74.mps with config: /scratch/yorig/mpils-results-grid-seconds-5-4may/easy/24proc/seed-1/5_mas74_seed-1_20260504_161600/iterated_local_search/run_7_worker_22/ils_config_263742249236419134.prm
[INFO]:[16:26:22] Starting CPLEX solver on instance: /home/yorig/tuner/mpils-tests/instances/miplib/easy/mas74.mps with config: /scratch/yorig/mpils-results-grid-seconds-5-4may/easy/24proc/seed-1/5_mas74_seed-1_20260504_161600/iterated_local_search/run_7_worker_22/ils_config_263742249236419134.prm
[INFO]:[16:26:27] CPLEX results. Gap: 11.690000, upper bound: 12007.448580, lower bound: 10603.367032
[INFO]:[16:26:27] CPLEX solver finished. Gap: 11.690000
[INFO]:[16:26:27] Starting CPLEX solver on instance: /home/yorig/tuner/mpils-tests/instances/miplib/easy/mas74.mps with config: /scratch/yorig/mpils-results-grid-seconds-5-4may/easy/24proc/seed-1/5_mas74_seed-1_20260504_161600/iterated_local_search/run_7_worker_22/ils_config_17278616896704440038.prm
[INFO]:[16:26:27] Starting CPLEX solver on instance: /home/yorig/tuner/mpils-tests/instances/miplib/easy/mas74.mps with config: /scratch/yorig/mpils-results-grid-seconds-5-4may/easy/24proc/seed-1/5_mas74_seed-1_20260504_161600/iterated_local_search/run_7_worker_22/ils_config_17278616896704440038.prm
[INFO]:[16:26:32] CPLEX results. Gap: 9.160000, upper bound: 11801.185729, lower bound: 10719.734804
[INFO]:[16:26:32] CPLEX solver finished. Gap: 9.160000
[INFO]:[16:26:32] New incumbent found with objective value: 9.16
[INFO]:[16:26:32] Starting CPLEX solver on instance: /home/yorig/tuner/mpils-tests/instances/miplib/easy/mas74.mps with config: /scratch/yorig/mpils-results-grid-seconds-5-4may/easy/24proc/seed-1/5_mas74_seed-1_20260504_161600/iterated_local_search/run_7_worker_22/ils_config_13291462657741020549.prm
[INFO]:[16:26:32] Starting CPLEX solver on instance: /home/yorig/tuner/mpils-tests/instances/miplib/easy/mas74.mps with config: /scratch/yorig/mpils-results-grid-seconds-5-4may/easy/24proc/seed-1/5_mas74_seed-1_20260504_161600/iterated_local_search/run_7_worker_22/ils_config_13291462657741020549.prm
[INFO]:[16:26:37] CPLEX results. Gap: 9.240000, upper bound: 11801.185729, lower bound: 10711.244713
[INFO]:[16:26:37] CPLEX solver finished. Gap: 9.240000
[INFO]:[16:26:37] Starting CPLEX solver on instance: /home/yorig/tuner/mpils-tests/instances/miplib/easy/mas74.mps with config: /scratch/yorig/mpils-results-grid-seconds-5-4may/easy/24proc/seed-1/5_mas74_seed-1_20260504_161600/iterated_local_search/run_7_worker_22/ils_config_9712491174808957080.prm
[INFO]:[16:26:37] Starting CPLEX solver on instance: /home/yorig/tuner/mpils-tests/instances/miplib/easy/mas74.mps with config: /scratch/yorig/mpils-results-grid-seconds-5-4may/easy/24proc/seed-1/5_mas74_seed-1_20260504_161600/iterated_local_search/run_7_worker_22/ils_config_9712491174808957080.prm
[INFO]:[16:26:42] CPLEX results. Gap: 10.150000, upper bound: 11891.263051, lower bound: 10684.668645
[INFO]:[16:26:42] CPLEX solver finished. Gap: 10.150000
[INFO]:[16:26:42] Starting CPLEX solver on instance: /home/yorig/tuner/mpils-tests/instances/miplib/easy/mas74.mps with config: /scratch/yorig/mpils-results-grid-seconds-5-4may/easy/24proc/seed-1/5_mas74_seed-1_20260504_161600/iterated_local_search/run_7_worker_22/ils_config_13978937582213044144.prm
[INFO]:[16:26:42] Starting CPLEX solver on instance: /home/yorig/tuner/mpils-tests/instances/miplib/easy/mas74.mps with config: /scratch/yorig/mpils-results-grid-seconds-5-4may/easy/24proc/seed-1/5_mas74_seed-1_20260504_161600/iterated_local_search/run_7_worker_22/ils_config_13978937582213044144.prm
[INFO]:[16:26:47] CPLEX results. Gap: 6.480000, upper bound: 11801.185729, lower bound: 11035.891619
[INFO]:[16:26:47] CPLEX solver finished. Gap: 6.480000
[INFO]:[16:26:47] New incumbent found with objective value: 6.48
[INFO]:[16:26:47] Starting CPLEX solver on instance: /home/yorig/tuner/mpils-tests/instances/miplib/easy/mas74.mps with config: /scratch/yorig/mpils-results-grid-seconds-5-4may/easy/24proc/seed-1/5_mas74_seed-1_20260504_161600/iterated_local_search/run_7_worker_22/ils_config_3153048105750094438.prm
[INFO]:[16:26:47] Starting CPLEX solver on instance: /home/yorig/tuner/mpils-tests/instances/miplib/easy/mas74.mps with config: /scratch/yorig/mpils-results-grid-seconds-5-4may/easy/24proc/seed-1/5_mas74_seed-1_20260504_161600/iterated_local_search/run_7_worker_22/ils_config_3153048105750094438.prm
[INFO]:[16:26:52] CPLEX results. Gap: 7.710000, upper bound: 11939.484943, lower bound: 11018.966068
[INFO]:[16:26:52] CPLEX solver finished. Gap: 7.710000
[INFO]:[16:26:52] Starting CPLEX solver on instance: /home/yorig/tuner/mpils-tests/instances/miplib/easy/mas74.mps with config: /scratch/yorig/mpils-results-grid-seconds-5-4may/easy/24proc/seed-1/5_mas74_seed-1_20260504_161600/iterated_local_search/run_7_worker_22/ils_config_11250335802138445109.prm
[INFO]:[16:26:52] Starting CPLEX solver on instance: /home/yorig/tuner/mpils-tests/instances/miplib/easy/mas74.mps with config: /scratch/yorig/mpils-results-grid-seconds-5-4may/easy/24proc/seed-1/5_mas74_seed-1_20260504_161600/iterated_local_search/run_7_worker_22/ils_config_11250335802138445109.prm
[INFO]:[16:26:57] CPLEX results. Gap: 6.480000, upper bound: 11801.185729, lower bound: 11035.891619
[INFO]:[16:26:57] CPLEX solver finished. Gap: 6.480000
[INFO]:[16:26:57] Starting CPLEX solver on instance: /home/yorig/tuner/mpils-tests/instances/miplib/easy/mas74.mps with config: /scratch/yorig/mpils-results-grid-seconds-5-4may/easy/24proc/seed-1/5_mas74_seed-1_20260504_161600/iterated_local_search/run_7_worker_22/ils_config_3922641744234513729.prm
[INFO]:[16:26:57] Starting CPLEX solver on instance: /home/yorig/tuner/mpils-tests/instances/miplib/easy/mas74.mps with config: /scratch/yorig/mpils-results-grid-seconds-5-4may/easy/24proc/seed-1/5_mas74_seed-1_20260504_161600/iterated_local_search/run_7_worker_22/ils_config_3922641744234513729.prm
[INFO]:[16:27:02] CPLEX results. Gap: 7.140000, upper bound: 11893.872575, lower bound: 11044.505118
[INFO]:[16:27:02] CPLEX solver finished. Gap: 7.140000
[INFO]:[16:27:02] Local search phase completed.
[INFO]:[16:27:02] Total number of new local-search evaluations: 30
[INFO]:[16:27:02] Final incumbent objective value: 6.48
[INFO]:[16:27:09] Worker 22 completed exploration phase.
[INFO]:[16:27:09] Worker 22 received order for step 2.
[INFO]:[16:27:09] Worker 22 running expansion phase for iteration 7.
[INFO]:[16:27:09] Worker 22 will use solver log file: /scratch/yorig/mpils-results-grid-seconds-5-4may/easy/24proc/seed-1/5_mas74_seed-1_20260504_161600/solver/cplex.log_iteration_expansion_7_worker_22
[INFO]:[16:27:09] Expansion Worker 22 starting expansion for iteration 7.
[INFO]:[16:27:09] Starting CPLEX solver on instance: /home/yorig/tuner/mpils-tests/instances/miplib/easy/mas74.mps with config: /scratch/yorig/mpils-results-grid-seconds-5-4may/easy/24proc/seed-1/5_mas74_seed-1_20260504_161600/expansion/config_param_CPXPARAM_Network_Pricing_2_iter_7.prm
[INFO]:[16:27:14] CPLEX results. Gap: 3.030000, upper bound: 11801.185729, lower bound: 11443.975112
[INFO]:[16:27:14] CPLEX solver finished. Gap: 3.030000
[INFO]:[16:27:19] Expansion Worker 22 completed expansion.
[INFO]:[16:27:19] Worker 22 completed expansion phase.
[INFO]:[16:27:24] Worker 22 received order for step 1.
[INFO]:[16:27:24] Worker 22 running exploration phase for iteration 8.
[INFO]:[16:27:24] Worker 22 at iteration 8 will not use a MIP start file. Current best MIP-start upper bound threshold is 1.79769e+308.
[INFO]:[16:27:24] Starting local search phase...
[INFO]:[16:27:24] Creating local search space from parameter space file: /scratch/yorig/mpils-results-grid-seconds-5-4may/easy/24proc/seed-1/5_mas74_seed-1_20260504_161600/iterated_local_search/search_space/search_space_file_8_worker_22.txt
[INFO]:[16:27:24] Local search space loaded from file: /scratch/yorig/mpils-results-grid-seconds-5-4may/easy/24proc/seed-1/5_mas74_seed-1_20260504_161600/iterated_local_search/search_space/search_space_file_8_worker_22.txt
[INFO]:[16:27:24] Number of parameters in local search space: 71
[INFO]:[16:27:24] Number of forbidden tuples in local search space: 183
[INFO]:[16:27:24] Number of conditionals in local search space: 6
[INFO]:[16:27:24] MIP start option not enabled. Local search will proceed without MIP start.
[INFO]:[16:27:24] Evaluating initial configuration for local search phase...
[INFO]:[16:27:24] Starting CPLEX solver on instance: /home/yorig/tuner/mpils-tests/instances/miplib/easy/mas74.mps with config: /scratch/yorig/mpils-results-grid-seconds-5-4may/easy/24proc/seed-1/5_mas74_seed-1_20260504_161600/iterated_local_search/run_8_worker_22/ils_config_8657493313010863722.prm
[INFO]:[16:27:24] Starting CPLEX solver on instance: /home/yorig/tuner/mpils-tests/instances/miplib/easy/mas74.mps with config: /scratch/yorig/mpils-results-grid-seconds-5-4may/easy/24proc/seed-1/5_mas74_seed-1_20260504_161600/iterated_local_search/run_8_worker_22/ils_config_8657493313010863722.prm
[INFO]:[16:27:29] CPLEX results. Gap: 10.050000, upper bound: 11857.371258, lower bound: 10665.213423
[INFO]:[16:27:29] CPLEX solver finished. Gap: 10.050000
[INFO]:[16:27:29] Initial configuration evaluated with objective value: 10.05
[INFO]:[16:27:29] Starting CPLEX solver on instance: /home/yorig/tuner/mpils-tests/instances/miplib/easy/mas74.mps with config: /scratch/yorig/mpils-results-grid-seconds-5-4may/easy/24proc/seed-1/5_mas74_seed-1_20260504_161600/iterated_local_search/run_8_worker_22/ils_config_7644738322753629812.prm
[INFO]:[16:27:29] Starting CPLEX solver on instance: /home/yorig/tuner/mpils-tests/instances/miplib/easy/mas74.mps with config: /scratch/yorig/mpils-results-grid-seconds-5-4may/easy/24proc/seed-1/5_mas74_seed-1_20260504_161600/iterated_local_search/run_8_worker_22/ils_config_7644738322753629812.prm
[INFO]:[16:27:34] CPLEX results. Gap: 13.950000, upper bound: 12343.617634, lower bound: 10621.130172
[INFO]:[16:27:34] CPLEX solver finished. Gap: 13.950000
[INFO]:[16:27:34] Starting CPLEX solver on instance: /home/yorig/tuner/mpils-tests/instances/miplib/easy/mas74.mps with config: /scratch/yorig/mpils-results-grid-seconds-5-4may/easy/24proc/seed-1/5_mas74_seed-1_20260504_161600/iterated_local_search/run_8_worker_22/ils_config_6577607794447799646.prm
[INFO]:[16:27:34] Starting CPLEX solver on instance: /home/yorig/tuner/mpils-tests/instances/miplib/easy/mas74.mps with config: /scratch/yorig/mpils-results-grid-seconds-5-4may/easy/24proc/seed-1/5_mas74_seed-1_20260504_161600/iterated_local_search/run_8_worker_22/ils_config_6577607794447799646.prm
[INFO]:[16:27:39] CPLEX results. Gap: 10.880000, upper bound: 11939.484943, lower bound: 10640.940191
[INFO]:[16:27:39] CPLEX solver finished. Gap: 10.880000
[INFO]:[16:27:39] Starting CPLEX solver on instance: /home/yorig/tuner/mpils-tests/instances/miplib/easy/mas74.mps with config: /scratch/yorig/mpils-results-grid-seconds-5-4may/easy/24proc/seed-1/5_mas74_seed-1_20260504_161600/iterated_local_search/run_8_worker_22/ils_config_14971472440185463118.prm
[INFO]:[16:27:39] Starting CPLEX solver on instance: /home/yorig/tuner/mpils-tests/instances/miplib/easy/mas74.mps with config: /scratch/yorig/mpils-results-grid-seconds-5-4may/easy/24proc/seed-1/5_mas74_seed-1_20260504_161600/iterated_local_search/run_8_worker_22/ils_config_14971472440185463118.prm
[INFO]:[16:27:44] CPLEX results. Gap: 10.050000, upper bound: 11857.371258, lower bound: 10665.213423
[INFO]:[16:27:44] CPLEX solver finished. Gap: 10.050000
[INFO]:[16:27:44] Starting CPLEX solver on instance: /home/yorig/tuner/mpils-tests/instances/miplib/easy/mas74.mps with config: /scratch/yorig/mpils-results-grid-seconds-5-4may/easy/24proc/seed-1/5_mas74_seed-1_20260504_161600/iterated_local_search/run_8_worker_22/ils_config_5152971419860891808.prm
[INFO]:[16:27:44] Starting CPLEX solver on instance: /home/yorig/tuner/mpils-tests/instances/miplib/easy/mas74.mps with config: /scratch/yorig/mpils-results-grid-seconds-5-4may/easy/24proc/seed-1/5_mas74_seed-1_20260504_161600/iterated_local_search/run_8_worker_22/ils_config_5152971419860891808.prm
[INFO]:[16:27:49] CPLEX results. Gap: 10.050000, upper bound: 11857.371258, lower bound: 10665.213423
[INFO]:[16:27:49] CPLEX solver finished. Gap: 10.050000
[INFO]:[16:27:49] Starting CPLEX solver on instance: /home/yorig/tuner/mpils-tests/instances/miplib/easy/mas74.mps with config: /scratch/yorig/mpils-results-grid-seconds-5-4may/easy/24proc/seed-1/5_mas74_seed-1_20260504_161600/iterated_local_search/run_8_worker_22/ils_config_8122911058070610474.prm
[INFO]:[16:27:49] Starting CPLEX solver on instance: /home/yorig/tuner/mpils-tests/instances/miplib/easy/mas74.mps with config: /scratch/yorig/mpils-results-grid-seconds-5-4may/easy/24proc/seed-1/5_mas74_seed-1_20260504_161600/iterated_local_search/run_8_worker_22/ils_config_8122911058070610474.prm
[INFO]:[16:27:54] CPLEX results. Gap: 10.310000, upper bound: 11891.263051, lower bound: 10665.013748
[INFO]:[16:27:54] CPLEX solver finished. Gap: 10.310000
[INFO]:[16:27:54] Starting CPLEX solver on instance: /home/yorig/tuner/mpils-tests/instances/miplib/easy/mas74.mps with config: /scratch/yorig/mpils-results-grid-seconds-5-4may/easy/24proc/seed-1/5_mas74_seed-1_20260504_161600/iterated_local_search/run_8_worker_22/ils_config_5283907276777379224.prm
[INFO]:[16:27:54] Starting CPLEX solver on instance: /home/yorig/tuner/mpils-tests/instances/miplib/easy/mas74.mps with config: /scratch/yorig/mpils-results-grid-seconds-5-4may/easy/24proc/seed-1/5_mas74_seed-1_20260504_161600/iterated_local_search/run_8_worker_22/ils_config_5283907276777379224.prm
[INFO]:[16:27:59] CPLEX results. Gap: 10.050000, upper bound: 11857.371258, lower bound: 10665.213423
[INFO]:[16:27:59] CPLEX solver finished. Gap: 10.050000
[INFO]:[16:27:59] Starting CPLEX solver on instance: /home/yorig/tuner/mpils-tests/instances/miplib/easy/mas74.mps with config: /scratch/yorig/mpils-results-grid-seconds-5-4may/easy/24proc/seed-1/5_mas74_seed-1_20260504_161600/iterated_local_search/run_8_worker_22/ils_config_9718159456896559261.prm
[INFO]:[16:27:59] Starting CPLEX solver on instance: /home/yorig/tuner/mpils-tests/instances/miplib/easy/mas74.mps with config: /scratch/yorig/mpils-results-grid-seconds-5-4may/easy/24proc/seed-1/5_mas74_seed-1_20260504_161600/iterated_local_search/run_8_worker_22/ils_config_9718159456896559261.prm
[INFO]:[16:28:04] CPLEX results. Gap: 10.050000, upper bound: 11857.371258, lower bound: 10665.213423
[INFO]:[16:28:04] CPLEX solver finished. Gap: 10.050000
[INFO]:[16:28:04] Starting CPLEX solver on instance: /home/yorig/tuner/mpils-tests/instances/miplib/easy/mas74.mps with config: /scratch/yorig/mpils-results-grid-seconds-5-4may/easy/24proc/seed-1/5_mas74_seed-1_20260504_161600/iterated_local_search/run_8_worker_22/ils_config_12139174323668105783.prm
[INFO]:[16:28:04] Starting CPLEX solver on instance: /home/yorig/tuner/mpils-tests/instances/miplib/easy/mas74.mps with config: /scratch/yorig/mpils-results-grid-seconds-5-4may/easy/24proc/seed-1/5_mas74_seed-1_20260504_161600/iterated_local_search/run_8_worker_22/ils_config_12139174323668105783.prm
[INFO]:[16:28:09] CPLEX results. Gap: 9.870000, upper bound: 11857.371258, lower bound: 10687.134307
[INFO]:[16:28:09] CPLEX solver finished. Gap: 9.870000
[INFO]:[16:28:09] New incumbent found with objective value: 9.87
[INFO]:[16:28:09] Starting CPLEX solver on instance: /home/yorig/tuner/mpils-tests/instances/miplib/easy/mas74.mps with config: /scratch/yorig/mpils-results-grid-seconds-5-4may/easy/24proc/seed-1/5_mas74_seed-1_20260504_161600/iterated_local_search/run_8_worker_22/ils_config_10944689585190311893.prm
[INFO]:[16:28:09] Starting CPLEX solver on instance: /home/yorig/tuner/mpils-tests/instances/miplib/easy/mas74.mps with config: /scratch/yorig/mpils-results-grid-seconds-5-4may/easy/24proc/seed-1/5_mas74_seed-1_20260504_161600/iterated_local_search/run_8_worker_22/ils_config_10944689585190311893.prm
[INFO]:[16:28:14] CPLEX results. Gap: 9.870000, upper bound: 11857.371258, lower bound: 10687.134307
[INFO]:[16:28:14] CPLEX solver finished. Gap: 9.870000
[INFO]:[16:28:14] Starting CPLEX solver on instance: /home/yorig/tuner/mpils-tests/instances/miplib/easy/mas74.mps with config: /scratch/yorig/mpils-results-grid-seconds-5-4may/easy/24proc/seed-1/5_mas74_seed-1_20260504_161600/iterated_local_search/run_8_worker_22/ils_config_7900973312608487519.prm
[INFO]:[16:28:14] Starting CPLEX solver on instance: /home/yorig/tuner/mpils-tests/instances/miplib/easy/mas74.mps with config: /scratch/yorig/mpils-results-grid-seconds-5-4may/easy/24proc/seed-1/5_mas74_seed-1_20260504_161600/iterated_local_search/run_8_worker_22/ils_config_7900973312608487519.prm
[INFO]:[16:28:19] CPLEX results. Gap: 9.870000, upper bound: 11857.371258, lower bound: 10687.134307
[INFO]:[16:28:19] CPLEX solver finished. Gap: 9.870000
[INFO]:[16:28:19] Starting CPLEX solver on instance: /home/yorig/tuner/mpils-tests/instances/miplib/easy/mas74.mps with config: /scratch/yorig/mpils-results-grid-seconds-5-4may/easy/24proc/seed-1/5_mas74_seed-1_20260504_161600/iterated_local_search/run_8_worker_22/ils_config_11224587968115106312.prm
[INFO]:[16:28:19] Starting CPLEX solver on instance: /home/yorig/tuner/mpils-tests/instances/miplib/easy/mas74.mps with config: /scratch/yorig/mpils-results-grid-seconds-5-4may/easy/24proc/seed-1/5_mas74_seed-1_20260504_161600/iterated_local_search/run_8_worker_22/ils_config_11224587968115106312.prm
[INFO]:[16:28:24] CPLEX results. Gap: 10.430000, upper bound: 11877.694361, lower bound: 10639.397370
[INFO]:[16:28:24] CPLEX solver finished. Gap: 10.430000
[INFO]:[16:28:25] Starting CPLEX solver on instance: /home/yorig/tuner/mpils-tests/instances/miplib/easy/mas74.mps with config: /scratch/yorig/mpils-results-grid-seconds-5-4may/easy/24proc/seed-1/5_mas74_seed-1_20260504_161600/iterated_local_search/run_8_worker_22/ils_config_5782598242508983469.prm
[INFO]:[16:28:25] Starting CPLEX solver on instance: /home/yorig/tuner/mpils-tests/instances/miplib/easy/mas74.mps with config: /scratch/yorig/mpils-results-grid-seconds-5-4may/easy/24proc/seed-1/5_mas74_seed-1_20260504_161600/iterated_local_search/run_8_worker_22/ils_config_5782598242508983469.prm
[INFO]:[16:28:30] CPLEX results. Gap: 13.720000, upper bound: 12292.357604, lower bound: 10606.269623
[INFO]:[16:28:30] CPLEX solver finished. Gap: 13.720000
[INFO]:[16:28:30] Starting CPLEX solver on instance: /home/yorig/tuner/mpils-tests/instances/miplib/easy/mas74.mps with config: /scratch/yorig/mpils-results-grid-seconds-5-4may/easy/24proc/seed-1/5_mas74_seed-1_20260504_161600/iterated_local_search/run_8_worker_22/ils_config_16176979699719214300.prm
[INFO]:[16:28:30] Starting CPLEX solver on instance: /home/yorig/tuner/mpils-tests/instances/miplib/easy/mas74.mps with config: /scratch/yorig/mpils-results-grid-seconds-5-4may/easy/24proc/seed-1/5_mas74_seed-1_20260504_161600/iterated_local_search/run_8_worker_22/ils_config_16176979699719214300.prm
[INFO]:[16:28:35] CPLEX results. Gap: 11.880000, upper bound: 12039.468031, lower bound: 10608.931790
[INFO]:[16:28:35] CPLEX solver finished. Gap: 11.880000
[INFO]:[16:28:35] Starting CPLEX solver on instance: /home/yorig/tuner/mpils-tests/instances/miplib/easy/mas74.mps with config: /scratch/yorig/mpils-results-grid-seconds-5-4may/easy/24proc/seed-1/5_mas74_seed-1_20260504_161600/iterated_local_search/run_8_worker_22/ils_config_3448170574785925925.prm
[INFO]:[16:28:35] Starting CPLEX solver on instance: /home/yorig/tuner/mpils-tests/instances/miplib/easy/mas74.mps with config: /scratch/yorig/mpils-results-grid-seconds-5-4may/easy/24proc/seed-1/5_mas74_seed-1_20260504_161600/iterated_local_search/run_8_worker_22/ils_config_3448170574785925925.prm
[INFO]:[16:28:40] CPLEX results. Gap: 11.460000, upper bound: 12008.371258, lower bound: 10631.731043
[INFO]:[16:28:40] CPLEX solver finished. Gap: 11.460000
[INFO]:[16:28:40] Starting CPLEX solver on instance: /home/yorig/tuner/mpils-tests/instances/miplib/easy/mas74.mps with config: /scratch/yorig/mpils-results-grid-seconds-5-4may/easy/24proc/seed-1/5_mas74_seed-1_20260504_161600/iterated_local_search/run_8_worker_22/ils_config_12054550461146738152.prm
[INFO]:[16:28:40] Starting CPLEX solver on instance: /home/yorig/tuner/mpils-tests/instances/miplib/easy/mas74.mps with config: /scratch/yorig/mpils-results-grid-seconds-5-4may/easy/24proc/seed-1/5_mas74_seed-1_20260504_161600/iterated_local_search/run_8_worker_22/ils_config_12054550461146738152.prm
[INFO]:[16:28:45] CPLEX results. Gap: 9.870000, upper bound: 11857.371258, lower bound: 10687.134307
[INFO]:[16:28:45] CPLEX solver finished. Gap: 9.870000
[INFO]:[16:28:45] Starting CPLEX solver on instance: /home/yorig/tuner/mpils-tests/instances/miplib/easy/mas74.mps with config: /scratch/yorig/mpils-results-grid-seconds-5-4may/easy/24proc/seed-1/5_mas74_seed-1_20260504_161600/iterated_local_search/run_8_worker_22/ils_config_8055960769558898587.prm
[INFO]:[16:28:45] Starting CPLEX solver on instance: /home/yorig/tuner/mpils-tests/instances/miplib/easy/mas74.mps with config: /scratch/yorig/mpils-results-grid-seconds-5-4may/easy/24proc/seed-1/5_mas74_seed-1_20260504_161600/iterated_local_search/run_8_worker_22/ils_config_8055960769558898587.prm
[INFO]:[16:28:50] CPLEX results. Gap: 13.860000, upper bound: 12325.140897, lower bound: 10617.277429
[INFO]:[16:28:50] CPLEX solver finished. Gap: 13.860000
[INFO]:[16:28:50] Starting CPLEX solver on instance: /home/yorig/tuner/mpils-tests/instances/miplib/easy/mas74.mps with config: /scratch/yorig/mpils-results-grid-seconds-5-4may/easy/24proc/seed-1/5_mas74_seed-1_20260504_161600/iterated_local_search/run_8_worker_22/ils_config_11925399626144493077.prm
[INFO]:[16:28:50] Starting CPLEX solver on instance: /home/yorig/tuner/mpils-tests/instances/miplib/easy/mas74.mps with config: /scratch/yorig/mpils-results-grid-seconds-5-4may/easy/24proc/seed-1/5_mas74_seed-1_20260504_161600/iterated_local_search/run_8_worker_22/ils_config_11925399626144493077.prm
[INFO]:[16:28:55] CPLEX results. Gap: 9.870000, upper bound: 11857.371258, lower bound: 10687.134307
[INFO]:[16:28:55] CPLEX solver finished. Gap: 9.870000
[INFO]:[16:28:55] Starting CPLEX solver on instance: /home/yorig/tuner/mpils-tests/instances/miplib/easy/mas74.mps with config: /scratch/yorig/mpils-results-grid-seconds-5-4may/easy/24proc/seed-1/5_mas74_seed-1_20260504_161600/iterated_local_search/run_8_worker_22/ils_config_7654334729510527533.prm
[INFO]:[16:28:55] Starting CPLEX solver on instance: /home/yorig/tuner/mpils-tests/instances/miplib/easy/mas74.mps with config: /scratch/yorig/mpils-results-grid-seconds-5-4may/easy/24proc/seed-1/5_mas74_seed-1_20260504_161600/iterated_local_search/run_8_worker_22/ils_config_7654334729510527533.prm
[INFO]:[16:29:00] CPLEX results. Gap: 9.870000, upper bound: 11857.371258, lower bound: 10687.134307
[INFO]:[16:29:00] CPLEX solver finished. Gap: 9.870000
[INFO]:[16:29:00] Starting CPLEX solver on instance: /home/yorig/tuner/mpils-tests/instances/miplib/easy/mas74.mps with config: /scratch/yorig/mpils-results-grid-seconds-5-4may/easy/24proc/seed-1/5_mas74_seed-1_20260504_161600/iterated_local_search/run_8_worker_22/ils_config_15637035586348636836.prm
[INFO]:[16:29:00] Starting CPLEX solver on instance: /home/yorig/tuner/mpils-tests/instances/miplib/easy/mas74.mps with config: /scratch/yorig/mpils-results-grid-seconds-5-4may/easy/24proc/seed-1/5_mas74_seed-1_20260504_161600/iterated_local_search/run_8_worker_22/ils_config_15637035586348636836.prm
[INFO]:[16:29:05] CPLEX results. Gap: 9.870000, upper bound: 11857.371258, lower bound: 10687.134307
[INFO]:[16:29:05] CPLEX solver finished. Gap: 9.870000
[INFO]:[16:29:05] Starting CPLEX solver on instance: /home/yorig/tuner/mpils-tests/instances/miplib/easy/mas74.mps with config: /scratch/yorig/mpils-results-grid-seconds-5-4may/easy/24proc/seed-1/5_mas74_seed-1_20260504_161600/iterated_local_search/run_8_worker_22/ils_config_609678470672837630.prm
[INFO]:[16:29:05] Starting CPLEX solver on instance: /home/yorig/tuner/mpils-tests/instances/miplib/easy/mas74.mps with config: /scratch/yorig/mpils-results-grid-seconds-5-4may/easy/24proc/seed-1/5_mas74_seed-1_20260504_161600/iterated_local_search/run_8_worker_22/ils_config_609678470672837630.prm
[INFO]:[16:29:10] CPLEX results. Gap: 6.070000, upper bound: 11857.371258, lower bound: 11137.410469
[INFO]:[16:29:10] CPLEX solver finished. Gap: 6.070000
[INFO]:[16:29:10] New incumbent found with objective value: 6.07
[INFO]:[16:29:10] Starting CPLEX solver on instance: /home/yorig/tuner/mpils-tests/instances/miplib/easy/mas74.mps with config: /scratch/yorig/mpils-results-grid-seconds-5-4may/easy/24proc/seed-1/5_mas74_seed-1_20260504_161600/iterated_local_search/run_8_worker_22/ils_config_1954739335412807130.prm
[INFO]:[16:29:10] Starting CPLEX solver on instance: /home/yorig/tuner/mpils-tests/instances/miplib/easy/mas74.mps with config: /scratch/yorig/mpils-results-grid-seconds-5-4may/easy/24proc/seed-1/5_mas74_seed-1_20260504_161600/iterated_local_search/run_8_worker_22/ils_config_1954739335412807130.prm
[INFO]:[16:29:15] CPLEX results. Gap: 6.090000, upper bound: 11801.185729, lower bound: 11082.157787
[INFO]:[16:29:15] CPLEX solver finished. Gap: 6.090000
[INFO]:[16:29:15] Starting CPLEX solver on instance: /home/yorig/tuner/mpils-tests/instances/miplib/easy/mas74.mps with config: /scratch/yorig/mpils-results-grid-seconds-5-4may/easy/24proc/seed-1/5_mas74_seed-1_20260504_161600/iterated_local_search/run_8_worker_22/ils_config_3300644628032516839.prm
[INFO]:[16:29:15] Starting CPLEX solver on instance: /home/yorig/tuner/mpils-tests/instances/miplib/easy/mas74.mps with config: /scratch/yorig/mpils-results-grid-seconds-5-4may/easy/24proc/seed-1/5_mas74_seed-1_20260504_161600/iterated_local_search/run_8_worker_22/ils_config_3300644628032516839.prm
[INFO]:[16:29:20] CPLEX results. Gap: 6.060000, upper bound: 11857.371258, lower bound: 11138.764853
[INFO]:[16:29:20] CPLEX solver finished. Gap: 6.060000
[INFO]:[16:29:20] New incumbent found with objective value: 6.06
[INFO]:[16:29:20] Starting CPLEX solver on instance: /home/yorig/tuner/mpils-tests/instances/miplib/easy/mas74.mps with config: /scratch/yorig/mpils-results-grid-seconds-5-4may/easy/24proc/seed-1/5_mas74_seed-1_20260504_161600/iterated_local_search/run_8_worker_22/ils_config_2840244074235306433.prm
[INFO]:[16:29:20] Starting CPLEX solver on instance: /home/yorig/tuner/mpils-tests/instances/miplib/easy/mas74.mps with config: /scratch/yorig/mpils-results-grid-seconds-5-4may/easy/24proc/seed-1/5_mas74_seed-1_20260504_161600/iterated_local_search/run_8_worker_22/ils_config_2840244074235306433.prm
[INFO]:[16:29:25] CPLEX results. Gap: 6.080000, upper bound: 11857.371258, lower bound: 11136.918600
[INFO]:[16:29:25] CPLEX solver finished. Gap: 6.080000
[INFO]:[16:29:25] Starting CPLEX solver on instance: /home/yorig/tuner/mpils-tests/instances/miplib/easy/mas74.mps with config: /scratch/yorig/mpils-results-grid-seconds-5-4may/easy/24proc/seed-1/5_mas74_seed-1_20260504_161600/iterated_local_search/run_8_worker_22/ils_config_16327983200277274136.prm
[INFO]:[16:29:25] Starting CPLEX solver on instance: /home/yorig/tuner/mpils-tests/instances/miplib/easy/mas74.mps with config: /scratch/yorig/mpils-results-grid-seconds-5-4may/easy/24proc/seed-1/5_mas74_seed-1_20260504_161600/iterated_local_search/run_8_worker_22/ils_config_16327983200277274136.prm
[INFO]:[16:29:30] CPLEX results. Gap: 6.070000, upper bound: 11857.371258, lower bound: 11137.410469
[INFO]:[16:29:30] CPLEX solver finished. Gap: 6.070000
[INFO]:[16:29:30] Starting CPLEX solver on instance: /home/yorig/tuner/mpils-tests/instances/miplib/easy/mas74.mps with config: /scratch/yorig/mpils-results-grid-seconds-5-4may/easy/24proc/seed-1/5_mas74_seed-1_20260504_161600/iterated_local_search/run_8_worker_22/ils_config_7515582480815863383.prm
[INFO]:[16:29:30] Starting CPLEX solver on instance: /home/yorig/tuner/mpils-tests/instances/miplib/easy/mas74.mps with config: /scratch/yorig/mpils-results-grid-seconds-5-4may/easy/24proc/seed-1/5_mas74_seed-1_20260504_161600/iterated_local_search/run_8_worker_22/ils_config_7515582480815863383.prm
[INFO]:[16:29:35] CPLEX results. Gap: 6.080000, upper bound: 11857.371258, lower bound: 11136.918600
[INFO]:[16:29:35] CPLEX solver finished. Gap: 6.080000
[INFO]:[16:29:35] Starting CPLEX solver on instance: /home/yorig/tuner/mpils-tests/instances/miplib/easy/mas74.mps with config: /scratch/yorig/mpils-results-grid-seconds-5-4may/easy/24proc/seed-1/5_mas74_seed-1_20260504_161600/iterated_local_search/run_8_worker_22/ils_config_2613630424128353295.prm
[INFO]:[16:29:35] Starting CPLEX solver on instance: /home/yorig/tuner/mpils-tests/instances/miplib/easy/mas74.mps with config: /scratch/yorig/mpils-results-grid-seconds-5-4may/easy/24proc/seed-1/5_mas74_seed-1_20260504_161600/iterated_local_search/run_8_worker_22/ils_config_2613630424128353295.prm
[INFO]:[16:29:40] CPLEX results. Gap: 6.070000, upper bound: 11857.371258, lower bound: 11137.410469
[INFO]:[16:29:40] CPLEX solver finished. Gap: 6.070000
[INFO]:[16:29:40] Starting CPLEX solver on instance: /home/yorig/tuner/mpils-tests/instances/miplib/easy/mas74.mps with config: /scratch/yorig/mpils-results-grid-seconds-5-4may/easy/24proc/seed-1/5_mas74_seed-1_20260504_161600/iterated_local_search/run_8_worker_22/ils_config_15321965072609688641.prm
[INFO]:[16:29:40] Starting CPLEX solver on instance: /home/yorig/tuner/mpils-tests/instances/miplib/easy/mas74.mps with config: /scratch/yorig/mpils-results-grid-seconds-5-4may/easy/24proc/seed-1/5_mas74_seed-1_20260504_161600/iterated_local_search/run_8_worker_22/ils_config_15321965072609688641.prm
[INFO]:[16:29:45] CPLEX results. Gap: 6.060000, upper bound: 11857.371258, lower bound: 11138.764853
[INFO]:[16:29:45] CPLEX solver finished. Gap: 6.060000
[INFO]:[16:29:45] Starting CPLEX solver on instance: /home/yorig/tuner/mpils-tests/instances/miplib/easy/mas74.mps with config: /scratch/yorig/mpils-results-grid-seconds-5-4may/easy/24proc/seed-1/5_mas74_seed-1_20260504_161600/iterated_local_search/run_8_worker_22/ils_config_3988953300876825800.prm
[INFO]:[16:29:45] Starting CPLEX solver on instance: /home/yorig/tuner/mpils-tests/instances/miplib/easy/mas74.mps with config: /scratch/yorig/mpils-results-grid-seconds-5-4may/easy/24proc/seed-1/5_mas74_seed-1_20260504_161600/iterated_local_search/run_8_worker_22/ils_config_3988953300876825800.prm
[INFO]:[16:29:50] CPLEX results. Gap: 5.490000, upper bound: 11801.185729, lower bound: 11153.607232
[INFO]:[16:29:50] CPLEX solver finished. Gap: 5.490000
[INFO]:[16:29:50] New incumbent found with objective value: 5.49
[INFO]:[16:29:50] Starting CPLEX solver on instance: /home/yorig/tuner/mpils-tests/instances/miplib/easy/mas74.mps with config: /scratch/yorig/mpils-results-grid-seconds-5-4may/easy/24proc/seed-1/5_mas74_seed-1_20260504_161600/iterated_local_search/run_8_worker_22/ils_config_6214407198177415331.prm
[INFO]:[16:29:50] Starting CPLEX solver on instance: /home/yorig/tuner/mpils-tests/instances/miplib/easy/mas74.mps with config: /scratch/yorig/mpils-results-grid-seconds-5-4may/easy/24proc/seed-1/5_mas74_seed-1_20260504_161600/iterated_local_search/run_8_worker_22/ils_config_6214407198177415331.prm
[INFO]:[16:29:55] CPLEX results. Gap: 5.480000, upper bound: 11801.185729, lower bound: 11154.178585
[INFO]:[16:29:55] CPLEX solver finished. Gap: 5.480000
[INFO]:[16:29:55] New incumbent found with objective value: 5.48
[INFO]:[16:29:55] Local search phase completed.
[INFO]:[16:29:55] Total number of new local-search evaluations: 30
[INFO]:[16:29:55] Final incumbent objective value: 5.48
[INFO]:[16:30:01] Worker 22 completed exploration phase.
[INFO]:[16:30:01] Worker 22 received order for step 2.
[INFO]:[16:30:01] Worker 22 running expansion phase for iteration 8.
[INFO]:[16:30:01] Worker 22 will use solver log file: /scratch/yorig/mpils-results-grid-seconds-5-4may/easy/24proc/seed-1/5_mas74_seed-1_20260504_161600/solver/cplex.log_iteration_expansion_8_worker_22
[INFO]:[16:30:01] Expansion Worker 22 starting expansion for iteration 8.
[INFO]:[16:30:01] Starting CPLEX solver on instance: /home/yorig/tuner/mpils-tests/instances/miplib/easy/mas74.mps with config: /scratch/yorig/mpils-results-grid-seconds-5-4may/easy/24proc/seed-1/5_mas74_seed-1_20260504_161600/expansion/config_param_CPXPARAM_Simplex_Limits_Singularity_2_iter_8.prm
[INFO]:[16:30:06] CPLEX results. Gap: 2.930000, upper bound: 11801.185729, lower bound: 11455.062376
[INFO]:[16:30:06] CPLEX solver finished. Gap: 2.930000
[INFO]:[16:30:12] Expansion Worker 22 stopping early after global MPI expansion stop was activated.
[INFO]:[16:30:12] Expansion Worker 22 completed expansion.
[INFO]:[16:30:12] Worker 22 completed expansion phase.
[INFO]:[16:30:18] Worker 22 received order for step 1.
[INFO]:[16:30:18] Worker 22 running exploration phase for iteration 9.
[INFO]:[16:30:18] Worker 22 at iteration 9 will not use a MIP start file. Current best MIP-start upper bound threshold is 1.79769e+308.
[INFO]:[16:30:18] Starting local search phase...
[INFO]:[16:30:18] Creating local search space from parameter space file: /scratch/yorig/mpils-results-grid-seconds-5-4may/easy/24proc/seed-1/5_mas74_seed-1_20260504_161600/iterated_local_search/search_space/search_space_file_9_worker_22.txt
[INFO]:[16:30:18] Local search space loaded from file: /scratch/yorig/mpils-results-grid-seconds-5-4may/easy/24proc/seed-1/5_mas74_seed-1_20260504_161600/iterated_local_search/search_space/search_space_file_9_worker_22.txt
[INFO]:[16:30:18] Number of parameters in local search space: 71
[INFO]:[16:30:18] Number of forbidden tuples in local search space: 203
[INFO]:[16:30:18] Number of conditionals in local search space: 6
[INFO]:[16:30:18] MIP start option not enabled. Local search will proceed without MIP start.
[INFO]:[16:30:18] Evaluating initial configuration for local search phase...
[INFO]:[16:30:18] Starting CPLEX solver on instance: /home/yorig/tuner/mpils-tests/instances/miplib/easy/mas74.mps with config: /scratch/yorig/mpils-results-grid-seconds-5-4may/easy/24proc/seed-1/5_mas74_seed-1_20260504_161600/iterated_local_search/run_9_worker_22/ils_config_5847938405070324661.prm
[INFO]:[16:30:18] Starting CPLEX solver on instance: /home/yorig/tuner/mpils-tests/instances/miplib/easy/mas74.mps with config: /scratch/yorig/mpils-results-grid-seconds-5-4may/easy/24proc/seed-1/5_mas74_seed-1_20260504_161600/iterated_local_search/run_9_worker_22/ils_config_5847938405070324661.prm
[INFO]:[16:30:23] CPLEX results. Gap: 13.740000, upper bound: 12180.099984, lower bound: 10507.061187
[INFO]:[16:30:23] CPLEX solver finished. Gap: 13.740000
[INFO]:[16:30:23] Initial configuration evaluated with objective value: 13.74
[INFO]:[16:30:23] Starting CPLEX solver on instance: /home/yorig/tuner/mpils-tests/instances/miplib/easy/mas74.mps with config: /scratch/yorig/mpils-results-grid-seconds-5-4may/easy/24proc/seed-1/5_mas74_seed-1_20260504_161600/iterated_local_search/run_9_worker_22/ils_config_899430222927804144.prm
[INFO]:[16:30:23] Starting CPLEX solver on instance: /home/yorig/tuner/mpils-tests/instances/miplib/easy/mas74.mps with config: /scratch/yorig/mpils-results-grid-seconds-5-4may/easy/24proc/seed-1/5_mas74_seed-1_20260504_161600/iterated_local_search/run_9_worker_22/ils_config_899430222927804144.prm
[INFO]:[16:30:28] CPLEX results. Gap: 13.600000, upper bound: 12180.099984, lower bound: 10523.639373
[INFO]:[16:30:28] CPLEX solver finished. Gap: 13.600000
[INFO]:[16:30:28] New incumbent found with objective value: 13.6
[INFO]:[16:30:29] Starting CPLEX solver on instance: /home/yorig/tuner/mpils-tests/instances/miplib/easy/mas74.mps with config: /scratch/yorig/mpils-results-grid-seconds-5-4may/easy/24proc/seed-1/5_mas74_seed-1_20260504_161600/iterated_local_search/run_9_worker_22/ils_config_10267414483239090843.prm
[INFO]:[16:30:29] Starting CPLEX solver on instance: /home/yorig/tuner/mpils-tests/instances/miplib/easy/mas74.mps with config: /scratch/yorig/mpils-results-grid-seconds-5-4may/easy/24proc/seed-1/5_mas74_seed-1_20260504_161600/iterated_local_search/run_9_worker_22/ils_config_10267414483239090843.prm
[INFO]:[16:30:34] CPLEX results. Gap: 13.600000, upper bound: 12180.099984, lower bound: 10523.639373
[INFO]:[16:30:34] CPLEX solver finished. Gap: 13.600000
[INFO]:[16:30:34] Starting CPLEX solver on instance: /home/yorig/tuner/mpils-tests/instances/miplib/easy/mas74.mps with config: /scratch/yorig/mpils-results-grid-seconds-5-4may/easy/24proc/seed-1/5_mas74_seed-1_20260504_161600/iterated_local_search/run_9_worker_22/ils_config_90554949594699703.prm
[INFO]:[16:30:34] Starting CPLEX solver on instance: /home/yorig/tuner/mpils-tests/instances/miplib/easy/mas74.mps with config: /scratch/yorig/mpils-results-grid-seconds-5-4may/easy/24proc/seed-1/5_mas74_seed-1_20260504_161600/iterated_local_search/run_9_worker_22/ils_config_90554949594699703.prm
[INFO]:[16:30:39] CPLEX results. Gap: 13.600000, upper bound: 12180.099984, lower bound: 10523.639373
[INFO]:[16:30:39] CPLEX solver finished. Gap: 13.600000
[INFO]:[16:30:39] Starting CPLEX solver on instance: /home/yorig/tuner/mpils-tests/instances/miplib/easy/mas74.mps with config: /scratch/yorig/mpils-results-grid-seconds-5-4may/easy/24proc/seed-1/5_mas74_seed-1_20260504_161600/iterated_local_search/run_9_worker_22/ils_config_14839031516175231097.prm
[INFO]:[16:30:39] Starting CPLEX solver on instance: /home/yorig/tuner/mpils-tests/instances/miplib/easy/mas74.mps with config: /scratch/yorig/mpils-results-grid-seconds-5-4may/easy/24proc/seed-1/5_mas74_seed-1_20260504_161600/iterated_local_search/run_9_worker_22/ils_config_14839031516175231097.prm
[INFO]:[16:30:44] CPLEX results. Gap: 13.360000, upper bound: 12175.099984, lower bound: 10547.905115
[INFO]:[16:30:44] CPLEX solver finished. Gap: 13.360000
[INFO]:[16:30:44] New incumbent found with objective value: 13.36
[INFO]:[16:30:44] Starting CPLEX solver on instance: /home/yorig/tuner/mpils-tests/instances/miplib/easy/mas74.mps with config: /scratch/yorig/mpils-results-grid-seconds-5-4may/easy/24proc/seed-1/5_mas74_seed-1_20260504_161600/iterated_local_search/run_9_worker_22/ils_config_13094543804813710426.prm
[INFO]:[16:30:44] Starting CPLEX solver on instance: /home/yorig/tuner/mpils-tests/instances/miplib/easy/mas74.mps with config: /scratch/yorig/mpils-results-grid-seconds-5-4may/easy/24proc/seed-1/5_mas74_seed-1_20260504_161600/iterated_local_search/run_9_worker_22/ils_config_13094543804813710426.prm
[INFO]:[16:30:49] CPLEX results. Gap: 13.360000, upper bound: 12175.099984, lower bound: 10547.905115
[INFO]:[16:30:49] CPLEX solver finished. Gap: 13.360000
[INFO]:[16:30:49] Starting CPLEX solver on instance: /home/yorig/tuner/mpils-tests/instances/miplib/easy/mas74.mps with config: /scratch/yorig/mpils-results-grid-seconds-5-4may/easy/24proc/seed-1/5_mas74_seed-1_20260504_161600/iterated_local_search/run_9_worker_22/ils_config_1754576305831126553.prm
[INFO]:[16:30:49] Starting CPLEX solver on instance: /home/yorig/tuner/mpils-tests/instances/miplib/easy/mas74.mps with config: /scratch/yorig/mpils-results-grid-seconds-5-4may/easy/24proc/seed-1/5_mas74_seed-1_20260504_161600/iterated_local_search/run_9_worker_22/ils_config_1754576305831126553.prm
[INFO]:[16:30:54] CPLEX results. Gap: 13.360000, upper bound: 12175.099984, lower bound: 10547.905115
[INFO]:[16:30:54] CPLEX solver finished. Gap: 13.360000
[INFO]:[16:30:54] Starting CPLEX solver on instance: /home/yorig/tuner/mpils-tests/instances/miplib/easy/mas74.mps with config: /scratch/yorig/mpils-results-grid-seconds-5-4may/easy/24proc/seed-1/5_mas74_seed-1_20260504_161600/iterated_local_search/run_9_worker_22/ils_config_14975156873669156509.prm
[INFO]:[16:30:54] Starting CPLEX solver on instance: /home/yorig/tuner/mpils-tests/instances/miplib/easy/mas74.mps with config: /scratch/yorig/mpils-results-grid-seconds-5-4may/easy/24proc/seed-1/5_mas74_seed-1_20260504_161600/iterated_local_search/run_9_worker_22/ils_config_14975156873669156509.prm
[INFO]:[16:30:59] CPLEX results. Gap: 11.320000, upper bound: 11893.872575, lower bound: 10547.905115
[INFO]:[16:30:59] CPLEX solver finished. Gap: 11.320000
[INFO]:[16:30:59] New incumbent found with objective value: 11.32
[INFO]:[16:30:59] Starting CPLEX solver on instance: /home/yorig/tuner/mpils-tests/instances/miplib/easy/mas74.mps with config: /scratch/yorig/mpils-results-grid-seconds-5-4may/easy/24proc/seed-1/5_mas74_seed-1_20260504_161600/iterated_local_search/run_9_worker_22/ils_config_6667075085059295790.prm
[INFO]:[16:30:59] Starting CPLEX solver on instance: /home/yorig/tuner/mpils-tests/instances/miplib/easy/mas74.mps with config: /scratch/yorig/mpils-results-grid-seconds-5-4may/easy/24proc/seed-1/5_mas74_seed-1_20260504_161600/iterated_local_search/run_9_worker_22/ils_config_6667075085059295790.prm
[INFO]:[16:31:04] CPLEX results. Gap: 11.320000, upper bound: 11893.872575, lower bound: 10547.905115
[INFO]:[16:31:04] CPLEX solver finished. Gap: 11.320000
[INFO]:[16:31:04] Starting CPLEX solver on instance: /home/yorig/tuner/mpils-tests/instances/miplib/easy/mas74.mps with config: /scratch/yorig/mpils-results-grid-seconds-5-4may/easy/24proc/seed-1/5_mas74_seed-1_20260504_161600/iterated_local_search/run_9_worker_22/ils_config_5256235387096128281.prm
[INFO]:[16:31:04] Starting CPLEX solver on instance: /home/yorig/tuner/mpils-tests/instances/miplib/easy/mas74.mps with config: /scratch/yorig/mpils-results-grid-seconds-5-4may/easy/24proc/seed-1/5_mas74_seed-1_20260504_161600/iterated_local_search/run_9_worker_22/ils_config_5256235387096128281.prm
[INFO]:[16:31:09] CPLEX results. Gap: 13.400000, upper bound: 12180.099984, lower bound: 10547.905115
[INFO]:[16:31:09] CPLEX solver finished. Gap: 13.400000
[INFO]:[16:31:09] Starting CPLEX solver on instance: /home/yorig/tuner/mpils-tests/instances/miplib/easy/mas74.mps with config: /scratch/yorig/mpils-results-grid-seconds-5-4may/easy/24proc/seed-1/5_mas74_seed-1_20260504_161600/iterated_local_search/run_9_worker_22/ils_config_5347054697276432229.prm
[INFO]:[16:31:09] Starting CPLEX solver on instance: /home/yorig/tuner/mpils-tests/instances/miplib/easy/mas74.mps with config: /scratch/yorig/mpils-results-grid-seconds-5-4may/easy/24proc/seed-1/5_mas74_seed-1_20260504_161600/iterated_local_search/run_9_worker_22/ils_config_5347054697276432229.prm
[INFO]:[16:31:14] CPLEX results. Gap: 11.320000, upper bound: 11893.872575, lower bound: 10547.905115
[INFO]:[16:31:14] CPLEX solver finished. Gap: 11.320000
[INFO]:[16:31:14] Starting CPLEX solver on instance: /home/yorig/tuner/mpils-tests/instances/miplib/easy/mas74.mps with config: /scratch/yorig/mpils-results-grid-seconds-5-4may/easy/24proc/seed-1/5_mas74_seed-1_20260504_161600/iterated_local_search/run_9_worker_22/ils_config_12852318251552459580.prm
[INFO]:[16:31:14] Starting CPLEX solver on instance: /home/yorig/tuner/mpils-tests/instances/miplib/easy/mas74.mps with config: /scratch/yorig/mpils-results-grid-seconds-5-4may/easy/24proc/seed-1/5_mas74_seed-1_20260504_161600/iterated_local_search/run_9_worker_22/ils_config_12852318251552459580.prm
[INFO]:[16:31:19] CPLEX results. Gap: 13.420000, upper bound: 12175.099984, lower bound: 10540.934626
[INFO]:[16:31:19] CPLEX solver finished. Gap: 13.420000
[INFO]:[16:31:19] Starting CPLEX solver on instance: /home/yorig/tuner/mpils-tests/instances/miplib/easy/mas74.mps with config: /scratch/yorig/mpils-results-grid-seconds-5-4may/easy/24proc/seed-1/5_mas74_seed-1_20260504_161600/iterated_local_search/run_9_worker_22/ils_config_12827480170386519703.prm
[INFO]:[16:31:19] Starting CPLEX solver on instance: /home/yorig/tuner/mpils-tests/instances/miplib/easy/mas74.mps with config: /scratch/yorig/mpils-results-grid-seconds-5-4may/easy/24proc/seed-1/5_mas74_seed-1_20260504_161600/iterated_local_search/run_9_worker_22/ils_config_12827480170386519703.prm
[INFO]:[16:31:24] CPLEX results. Gap: 11.320000, upper bound: 11893.872575, lower bound: 10547.905115
[INFO]:[16:31:24] CPLEX solver finished. Gap: 11.320000
[INFO]:[16:31:24] Starting CPLEX solver on instance: /home/yorig/tuner/mpils-tests/instances/miplib/easy/mas74.mps with config: /scratch/yorig/mpils-results-grid-seconds-5-4may/easy/24proc/seed-1/5_mas74_seed-1_20260504_161600/iterated_local_search/run_9_worker_22/ils_config_14892788288954500017.prm
[INFO]:[16:31:24] Starting CPLEX solver on instance: /home/yorig/tuner/mpils-tests/instances/miplib/easy/mas74.mps with config: /scratch/yorig/mpils-results-grid-seconds-5-4may/easy/24proc/seed-1/5_mas74_seed-1_20260504_161600/iterated_local_search/run_9_worker_22/ils_config_14892788288954500017.prm
[INFO]:[16:31:29] CPLEX results. Gap: 13.360000, upper bound: 12175.099984, lower bound: 10547.905115
[INFO]:[16:31:29] CPLEX solver finished. Gap: 13.360000
[INFO]:[16:31:29] Starting CPLEX solver on instance: /home/yorig/tuner/mpils-tests/instances/miplib/easy/mas74.mps with config: /scratch/yorig/mpils-results-grid-seconds-5-4may/easy/24proc/seed-1/5_mas74_seed-1_20260504_161600/iterated_local_search/run_9_worker_22/ils_config_15746084392109830796.prm
[INFO]:[16:31:29] Starting CPLEX solver on instance: /home/yorig/tuner/mpils-tests/instances/miplib/easy/mas74.mps with config: /scratch/yorig/mpils-results-grid-seconds-5-4may/easy/24proc/seed-1/5_mas74_seed-1_20260504_161600/iterated_local_search/run_9_worker_22/ils_config_15746084392109830796.prm
[INFO]:[16:31:34] CPLEX results. Gap: 11.320000, upper bound: 11893.872575, lower bound: 10547.905115
[INFO]:[16:31:34] CPLEX solver finished. Gap: 11.320000
[INFO]:[16:31:34] Starting CPLEX solver on instance: /home/yorig/tuner/mpils-tests/instances/miplib/easy/mas74.mps with config: /scratch/yorig/mpils-results-grid-seconds-5-4may/easy/24proc/seed-1/5_mas74_seed-1_20260504_161600/iterated_local_search/run_9_worker_22/ils_config_3102254022195343013.prm
[INFO]:[16:31:34] Starting CPLEX solver on instance: /home/yorig/tuner/mpils-tests/instances/miplib/easy/mas74.mps with config: /scratch/yorig/mpils-results-grid-seconds-5-4may/easy/24proc/seed-1/5_mas74_seed-1_20260504_161600/iterated_local_search/run_9_worker_22/ils_config_3102254022195343013.prm
[INFO]:[16:31:39] CPLEX results. Gap: 11.320000, upper bound: 11893.872575, lower bound: 10547.905115
[INFO]:[16:31:39] CPLEX solver finished. Gap: 11.320000
[INFO]:[16:31:39] Starting CPLEX solver on instance: /home/yorig/tuner/mpils-tests/instances/miplib/easy/mas74.mps with config: /scratch/yorig/mpils-results-grid-seconds-5-4may/easy/24proc/seed-1/5_mas74_seed-1_20260504_161600/iterated_local_search/run_9_worker_22/ils_config_2678644830930984164.prm
[INFO]:[16:31:39] Starting CPLEX solver on instance: /home/yorig/tuner/mpils-tests/instances/miplib/easy/mas74.mps with config: /scratch/yorig/mpils-results-grid-seconds-5-4may/easy/24proc/seed-1/5_mas74_seed-1_20260504_161600/iterated_local_search/run_9_worker_22/ils_config_2678644830930984164.prm
[INFO]:[16:31:44] CPLEX results. Gap: 11.320000, upper bound: 11893.872575, lower bound: 10547.905115
[INFO]:[16:31:44] CPLEX solver finished. Gap: 11.320000
[INFO]:[16:31:44] Starting CPLEX solver on instance: /home/yorig/tuner/mpils-tests/instances/miplib/easy/mas74.mps with config: /scratch/yorig/mpils-results-grid-seconds-5-4may/easy/24proc/seed-1/5_mas74_seed-1_20260504_161600/iterated_local_search/run_9_worker_22/ils_config_7376487324159529952.prm
[INFO]:[16:31:44] Starting CPLEX solver on instance: /home/yorig/tuner/mpils-tests/instances/miplib/easy/mas74.mps with config: /scratch/yorig/mpils-results-grid-seconds-5-4may/easy/24proc/seed-1/5_mas74_seed-1_20260504_161600/iterated_local_search/run_9_worker_22/ils_config_7376487324159529952.prm
[INFO]:[16:31:49] CPLEX results. Gap: 13.180000, upper bound: 12102.256070, lower bound: 10507.061187
[INFO]:[16:31:49] CPLEX solver finished. Gap: 13.180000
[INFO]:[16:31:49] Starting CPLEX solver on instance: /home/yorig/tuner/mpils-tests/instances/miplib/easy/mas74.mps with config: /scratch/yorig/mpils-results-grid-seconds-5-4may/easy/24proc/seed-1/5_mas74_seed-1_20260504_161600/iterated_local_search/run_9_worker_22/ils_config_1353824482904983036.prm
[INFO]:[16:31:49] Starting CPLEX solver on instance: /home/yorig/tuner/mpils-tests/instances/miplib/easy/mas74.mps with config: /scratch/yorig/mpils-results-grid-seconds-5-4may/easy/24proc/seed-1/5_mas74_seed-1_20260504_161600/iterated_local_search/run_9_worker_22/ils_config_1353824482904983036.prm
[INFO]:[16:31:54] CPLEX results. Gap: 11.320000, upper bound: 11893.872575, lower bound: 10547.905115
[INFO]:[16:31:54] CPLEX solver finished. Gap: 11.320000
[INFO]:[16:31:54] Starting CPLEX solver on instance: /home/yorig/tuner/mpils-tests/instances/miplib/easy/mas74.mps with config: /scratch/yorig/mpils-results-grid-seconds-5-4may/easy/24proc/seed-1/5_mas74_seed-1_20260504_161600/iterated_local_search/run_9_worker_22/ils_config_13720035212383617688.prm
[INFO]:[16:31:54] Starting CPLEX solver on instance: /home/yorig/tuner/mpils-tests/instances/miplib/easy/mas74.mps with config: /scratch/yorig/mpils-results-grid-seconds-5-4may/easy/24proc/seed-1/5_mas74_seed-1_20260504_161600/iterated_local_search/run_9_worker_22/ils_config_13720035212383617688.prm
[INFO]:[16:31:59] CPLEX results. Gap: 11.050000, upper bound: 11893.872575, lower bound: 10580.055644
[INFO]:[16:31:59] CPLEX solver finished. Gap: 11.050000
[INFO]:[16:31:59] New incumbent found with objective value: 11.05
[INFO]:[16:31:59] Starting CPLEX solver on instance: /home/yorig/tuner/mpils-tests/instances/miplib/easy/mas74.mps with config: /scratch/yorig/mpils-results-grid-seconds-5-4may/easy/24proc/seed-1/5_mas74_seed-1_20260504_161600/iterated_local_search/run_9_worker_22/ils_config_11398935201170481256.prm
[INFO]:[16:31:59] Starting CPLEX solver on instance: /home/yorig/tuner/mpils-tests/instances/miplib/easy/mas74.mps with config: /scratch/yorig/mpils-results-grid-seconds-5-4may/easy/24proc/seed-1/5_mas74_seed-1_20260504_161600/iterated_local_search/run_9_worker_22/ils_config_11398935201170481256.prm
[INFO]:[16:32:04] CPLEX results. Gap: 11.050000, upper bound: 11893.872575, lower bound: 10580.055644
[INFO]:[16:32:04] CPLEX solver finished. Gap: 11.050000
[INFO]:[16:32:04] Starting CPLEX solver on instance: /home/yorig/tuner/mpils-tests/instances/miplib/easy/mas74.mps with config: /scratch/yorig/mpils-results-grid-seconds-5-4may/easy/24proc/seed-1/5_mas74_seed-1_20260504_161600/iterated_local_search/run_9_worker_22/ils_config_16421063187421632083.prm
[INFO]:[16:32:04] Starting CPLEX solver on instance: /home/yorig/tuner/mpils-tests/instances/miplib/easy/mas74.mps with config: /scratch/yorig/mpils-results-grid-seconds-5-4may/easy/24proc/seed-1/5_mas74_seed-1_20260504_161600/iterated_local_search/run_9_worker_22/ils_config_16421063187421632083.prm
[INFO]:[16:32:09] CPLEX results. Gap: 11.690000, upper bound: 11945.824524, lower bound: 10549.143651
[INFO]:[16:32:09] CPLEX solver finished. Gap: 11.690000
[INFO]:[16:32:09] Starting CPLEX solver on instance: /home/yorig/tuner/mpils-tests/instances/miplib/easy/mas74.mps with config: /scratch/yorig/mpils-results-grid-seconds-5-4may/easy/24proc/seed-1/5_mas74_seed-1_20260504_161600/iterated_local_search/run_9_worker_22/ils_config_6385565685290699350.prm
[INFO]:[16:32:09] Starting CPLEX solver on instance: /home/yorig/tuner/mpils-tests/instances/miplib/easy/mas74.mps with config: /scratch/yorig/mpils-results-grid-seconds-5-4may/easy/24proc/seed-1/5_mas74_seed-1_20260504_161600/iterated_local_search/run_9_worker_22/ils_config_6385565685290699350.prm
[INFO]:[16:32:14] CPLEX results. Gap: 11.050000, upper bound: 11893.872575, lower bound: 10580.055644
[INFO]:[16:32:14] CPLEX solver finished. Gap: 11.050000
[INFO]:[16:32:14] Starting CPLEX solver on instance: /home/yorig/tuner/mpils-tests/instances/miplib/easy/mas74.mps with config: /scratch/yorig/mpils-results-grid-seconds-5-4may/easy/24proc/seed-1/5_mas74_seed-1_20260504_161600/iterated_local_search/run_9_worker_22/ils_config_5879896631020664508.prm
[INFO]:[16:32:14] Starting CPLEX solver on instance: /home/yorig/tuner/mpils-tests/instances/miplib/easy/mas74.mps with config: /scratch/yorig/mpils-results-grid-seconds-5-4may/easy/24proc/seed-1/5_mas74_seed-1_20260504_161600/iterated_local_search/run_9_worker_22/ils_config_5879896631020664508.prm
[INFO]:[16:32:19] CPLEX results. Gap: 11.050000, upper bound: 11893.872575, lower bound: 10580.055644
[INFO]:[16:32:19] CPLEX solver finished. Gap: 11.050000
[INFO]:[16:32:19] Starting CPLEX solver on instance: /home/yorig/tuner/mpils-tests/instances/miplib/easy/mas74.mps with config: /scratch/yorig/mpils-results-grid-seconds-5-4may/easy/24proc/seed-1/5_mas74_seed-1_20260504_161600/iterated_local_search/run_9_worker_22/ils_config_17230484278657872962.prm
[INFO]:[16:32:19] Starting CPLEX solver on instance: /home/yorig/tuner/mpils-tests/instances/miplib/easy/mas74.mps with config: /scratch/yorig/mpils-results-grid-seconds-5-4may/easy/24proc/seed-1/5_mas74_seed-1_20260504_161600/iterated_local_search/run_9_worker_22/ils_config_17230484278657872962.prm
[INFO]:[16:32:24] CPLEX results. Gap: 11.050000, upper bound: 11893.872575, lower bound: 10580.055644
[INFO]:[16:32:24] CPLEX solver finished. Gap: 11.050000
[INFO]:[16:32:24] Starting CPLEX solver on instance: /home/yorig/tuner/mpils-tests/instances/miplib/easy/mas74.mps with config: /scratch/yorig/mpils-results-grid-seconds-5-4may/easy/24proc/seed-1/5_mas74_seed-1_20260504_161600/iterated_local_search/run_9_worker_22/ils_config_15234755847842927974.prm
[INFO]:[16:32:24] Starting CPLEX solver on instance: /home/yorig/tuner/mpils-tests/instances/miplib/easy/mas74.mps with config: /scratch/yorig/mpils-results-grid-seconds-5-4may/easy/24proc/seed-1/5_mas74_seed-1_20260504_161600/iterated_local_search/run_9_worker_22/ils_config_15234755847842927974.prm
[INFO]:[16:32:29] CPLEX results. Gap: 11.030000, upper bound: 11891.263051, lower bound: 10580.055644
[INFO]:[16:32:29] CPLEX solver finished. Gap: 11.030000
[INFO]:[16:32:29] New incumbent found with objective value: 11.03
[INFO]:[16:32:29] Starting CPLEX solver on instance: /home/yorig/tuner/mpils-tests/instances/miplib/easy/mas74.mps with config: /scratch/yorig/mpils-results-grid-seconds-5-4may/easy/24proc/seed-1/5_mas74_seed-1_20260504_161600/iterated_local_search/run_9_worker_22/ils_config_2173223505396209269.prm
[INFO]:[16:32:29] Starting CPLEX solver on instance: /home/yorig/tuner/mpils-tests/instances/miplib/easy/mas74.mps with config: /scratch/yorig/mpils-results-grid-seconds-5-4may/easy/24proc/seed-1/5_mas74_seed-1_20260504_161600/iterated_local_search/run_9_worker_22/ils_config_2173223505396209269.prm
[INFO]:[16:32:34] CPLEX results. Gap: 11.030000, upper bound: 11891.263051, lower bound: 10580.055644
[INFO]:[16:32:34] CPLEX solver finished. Gap: 11.030000
[INFO]:[16:32:34] Starting CPLEX solver on instance: /home/yorig/tuner/mpils-tests/instances/miplib/easy/mas74.mps with config: /scratch/yorig/mpils-results-grid-seconds-5-4may/easy/24proc/seed-1/5_mas74_seed-1_20260504_161600/iterated_local_search/run_9_worker_22/ils_config_1049462030893916245.prm
[INFO]:[16:32:34] Starting CPLEX solver on instance: /home/yorig/tuner/mpils-tests/instances/miplib/easy/mas74.mps with config: /scratch/yorig/mpils-results-grid-seconds-5-4may/easy/24proc/seed-1/5_mas74_seed-1_20260504_161600/iterated_local_search/run_9_worker_22/ils_config_1049462030893916245.prm
[INFO]:[16:32:39] CPLEX results. Gap: 11.030000, upper bound: 11891.263051, lower bound: 10580.055644
[INFO]:[16:32:39] CPLEX solver finished. Gap: 11.030000
[INFO]:[16:32:39] Starting CPLEX solver on instance: /home/yorig/tuner/mpils-tests/instances/miplib/easy/mas74.mps with config: /scratch/yorig/mpils-results-grid-seconds-5-4may/easy/24proc/seed-1/5_mas74_seed-1_20260504_161600/iterated_local_search/run_9_worker_22/ils_config_15640106321761902064.prm
[INFO]:[16:32:39] Starting CPLEX solver on instance: /home/yorig/tuner/mpils-tests/instances/miplib/easy/mas74.mps with config: /scratch/yorig/mpils-results-grid-seconds-5-4may/easy/24proc/seed-1/5_mas74_seed-1_20260504_161600/iterated_local_search/run_9_worker_22/ils_config_15640106321761902064.prm
[INFO]:[16:32:44] CPLEX results. Gap: 11.030000, upper bound: 11891.263051, lower bound: 10580.055644
[INFO]:[16:32:44] CPLEX solver finished. Gap: 11.030000
[INFO]:[16:32:44] Starting CPLEX solver on instance: /home/yorig/tuner/mpils-tests/instances/miplib/easy/mas74.mps with config: /scratch/yorig/mpils-results-grid-seconds-5-4may/easy/24proc/seed-1/5_mas74_seed-1_20260504_161600/iterated_local_search/run_9_worker_22/ils_config_12310797599860549503.prm
[INFO]:[16:32:44] Starting CPLEX solver on instance: /home/yorig/tuner/mpils-tests/instances/miplib/easy/mas74.mps with config: /scratch/yorig/mpils-results-grid-seconds-5-4may/easy/24proc/seed-1/5_mas74_seed-1_20260504_161600/iterated_local_search/run_9_worker_22/ils_config_12310797599860549503.prm
[INFO]:[16:32:49] CPLEX results. Gap: 11.030000, upper bound: 11891.263051, lower bound: 10580.055644
[INFO]:[16:32:49] CPLEX solver finished. Gap: 11.030000
[INFO]:[16:32:49] Local search phase completed.
[INFO]:[16:32:49] Total number of new local-search evaluations: 30
[INFO]:[16:32:49] Final incumbent objective value: 11.03
[INFO]:[16:32:55] Worker 22 completed exploration phase.
[INFO]:[16:32:56] Worker 22 received order for step 2.
[INFO]:[16:32:56] Worker 22 running expansion phase for iteration 9.
[INFO]:[16:32:56] Worker 22 will use solver log file: /scratch/yorig/mpils-results-grid-seconds-5-4may/easy/24proc/seed-1/5_mas74_seed-1_20260504_161600/solver/cplex.log_iteration_expansion_9_worker_22
[INFO]:[16:32:56] Expansion Worker 22 starting expansion for iteration 9.
[INFO]:[16:33:01] Expansion Worker 22 completed expansion.
[INFO]:[16:33:01] Worker 22 completed expansion phase.
[INFO]:[16:33:10] Worker 22 received order for step 1.
[INFO]:[16:33:10] Worker 22 running exploration phase for iteration 10.
[INFO]:[16:33:10] Worker 22 at iteration 10 will not use a MIP start file. Current best MIP-start upper bound threshold is 1.79769e+308.
[INFO]:[16:33:10] Starting local search phase...
[INFO]:[16:33:10] Creating local search space from parameter space file: /scratch/yorig/mpils-results-grid-seconds-5-4may/easy/24proc/seed-1/5_mas74_seed-1_20260504_161600/iterated_local_search/search_space/search_space_file_10_worker_22.txt
[INFO]:[16:33:10] Local search space loaded from file: /scratch/yorig/mpils-results-grid-seconds-5-4may/easy/24proc/seed-1/5_mas74_seed-1_20260504_161600/iterated_local_search/search_space/search_space_file_10_worker_22.txt
[INFO]:[16:33:10] Number of parameters in local search space: 71
[INFO]:[16:33:10] Number of forbidden tuples in local search space: 224
[INFO]:[16:33:10] Number of conditionals in local search space: 6
[INFO]:[16:33:10] MIP start option not enabled. Local search will proceed without MIP start.
[INFO]:[16:33:10] Evaluating initial configuration for local search phase...
[INFO]:[16:33:10] Starting CPLEX solver on instance: /home/yorig/tuner/mpils-tests/instances/miplib/easy/mas74.mps with config: /scratch/yorig/mpils-results-grid-seconds-5-4may/easy/24proc/seed-1/5_mas74_seed-1_20260504_161600/iterated_local_search/run_10_worker_22/ils_config_14442139964857374273.prm
[INFO]:[16:33:10] Starting CPLEX solver on instance: /home/yorig/tuner/mpils-tests/instances/miplib/easy/mas74.mps with config: /scratch/yorig/mpils-results-grid-seconds-5-4may/easy/24proc/seed-1/5_mas74_seed-1_20260504_161600/iterated_local_search/run_10_worker_22/ils_config_14442139964857374273.prm
[INFO]:[16:33:15] CPLEX results. Gap: 13.810000, upper bound: 12209.892379, lower bound: 10523.639373
[INFO]:[16:33:15] CPLEX solver finished. Gap: 13.810000
[INFO]:[16:33:15] Initial configuration evaluated with objective value: 13.81
[INFO]:[16:33:15] Starting CPLEX solver on instance: /home/yorig/tuner/mpils-tests/instances/miplib/easy/mas74.mps with config: /scratch/yorig/mpils-results-grid-seconds-5-4may/easy/24proc/seed-1/5_mas74_seed-1_20260504_161600/iterated_local_search/run_10_worker_22/ils_config_10288623782915069255.prm
[INFO]:[16:33:15] Starting CPLEX solver on instance: /home/yorig/tuner/mpils-tests/instances/miplib/easy/mas74.mps with config: /scratch/yorig/mpils-results-grid-seconds-5-4may/easy/24proc/seed-1/5_mas74_seed-1_20260504_161600/iterated_local_search/run_10_worker_22/ils_config_10288623782915069255.prm
[INFO]:[16:33:20] CPLEX results. Gap: 13.810000, upper bound: 12209.892379, lower bound: 10523.639373
[INFO]:[16:33:20] CPLEX solver finished. Gap: 13.810000
[INFO]:[16:33:20] Starting CPLEX solver on instance: /home/yorig/tuner/mpils-tests/instances/miplib/easy/mas74.mps with config: /scratch/yorig/mpils-results-grid-seconds-5-4may/easy/24proc/seed-1/5_mas74_seed-1_20260504_161600/iterated_local_search/run_10_worker_22/ils_config_4158624887397124672.prm
[INFO]:[16:33:20] Starting CPLEX solver on instance: /home/yorig/tuner/mpils-tests/instances/miplib/easy/mas74.mps with config: /scratch/yorig/mpils-results-grid-seconds-5-4may/easy/24proc/seed-1/5_mas74_seed-1_20260504_161600/iterated_local_search/run_10_worker_22/ils_config_4158624887397124672.prm
[INFO]:[16:33:25] CPLEX results. Gap: 13.810000, upper bound: 12209.892379, lower bound: 10523.639373
[INFO]:[16:33:25] CPLEX solver finished. Gap: 13.810000
[INFO]:[16:33:25] Starting CPLEX solver on instance: /home/yorig/tuner/mpils-tests/instances/miplib/easy/mas74.mps with config: /scratch/yorig/mpils-results-grid-seconds-5-4may/easy/24proc/seed-1/5_mas74_seed-1_20260504_161600/iterated_local_search/run_10_worker_22/ils_config_3960139991192986668.prm
[INFO]:[16:33:25] Starting CPLEX solver on instance: /home/yorig/tuner/mpils-tests/instances/miplib/easy/mas74.mps with config: /scratch/yorig/mpils-results-grid-seconds-5-4may/easy/24proc/seed-1/5_mas74_seed-1_20260504_161600/iterated_local_search/run_10_worker_22/ils_config_3960139991192986668.prm
[INFO]:[16:33:30] CPLEX results. Gap: 15.400000, upper bound: 12439.292684, lower bound: 10523.639373
[INFO]:[16:33:30] CPLEX solver finished. Gap: 15.400000
[INFO]:[16:33:30] Starting CPLEX solver on instance: /home/yorig/tuner/mpils-tests/instances/miplib/easy/mas74.mps with config: /scratch/yorig/mpils-results-grid-seconds-5-4may/easy/24proc/seed-1/5_mas74_seed-1_20260504_161600/iterated_local_search/run_10_worker_22/ils_config_2551691599700005787.prm
[INFO]:[16:33:30] Starting CPLEX solver on instance: /home/yorig/tuner/mpils-tests/instances/miplib/easy/mas74.mps with config: /scratch/yorig/mpils-results-grid-seconds-5-4may/easy/24proc/seed-1/5_mas74_seed-1_20260504_161600/iterated_local_search/run_10_worker_22/ils_config_2551691599700005787.prm
[INFO]:[16:33:35] CPLEX results. Gap: 15.280000, upper bound: 12421.975443, lower bound: 10523.639373
[INFO]:[16:33:35] CPLEX solver finished. Gap: 15.280000
[INFO]:[16:33:35] Starting CPLEX solver on instance: /home/yorig/tuner/mpils-tests/instances/miplib/easy/mas74.mps with config: /scratch/yorig/mpils-results-grid-seconds-5-4may/easy/24proc/seed-1/5_mas74_seed-1_20260504_161600/iterated_local_search/run_10_worker_22/ils_config_12871673960363581726.prm
[INFO]:[16:33:35] Starting CPLEX solver on instance: /home/yorig/tuner/mpils-tests/instances/miplib/easy/mas74.mps with config: /scratch/yorig/mpils-results-grid-seconds-5-4may/easy/24proc/seed-1/5_mas74_seed-1_20260504_161600/iterated_local_search/run_10_worker_22/ils_config_12871673960363581726.prm
[INFO]:[16:33:40] CPLEX results. Gap: 14.800000, upper bound: 12352.306769, lower bound: 10523.639373
[INFO]:[16:33:40] CPLEX solver finished. Gap: 14.800000
[INFO]:[16:33:40] Starting CPLEX solver on instance: /home/yorig/tuner/mpils-tests/instances/miplib/easy/mas74.mps with config: /scratch/yorig/mpils-results-grid-seconds-5-4may/easy/24proc/seed-1/5_mas74_seed-1_20260504_161600/iterated_local_search/run_10_worker_22/ils_config_7689187692276041598.prm
[INFO]:[16:33:40] Starting CPLEX solver on instance: /home/yorig/tuner/mpils-tests/instances/miplib/easy/mas74.mps with config: /scratch/yorig/mpils-results-grid-seconds-5-4may/easy/24proc/seed-1/5_mas74_seed-1_20260504_161600/iterated_local_search/run_10_worker_22/ils_config_7689187692276041598.prm
[INFO]:[16:33:45] CPLEX results. Gap: 13.510000, upper bound: 12167.357604, lower bound: 10523.639373
[INFO]:[16:33:45] CPLEX solver finished. Gap: 13.510000
[INFO]:[16:33:45] New incumbent found with objective value: 13.51
[INFO]:[16:33:46] Starting CPLEX solver on instance: /home/yorig/tuner/mpils-tests/instances/miplib/easy/mas74.mps with config: /scratch/yorig/mpils-results-grid-seconds-5-4may/easy/24proc/seed-1/5_mas74_seed-1_20260504_161600/iterated_local_search/run_10_worker_22/ils_config_18017742590708692987.prm
[INFO]:[16:33:46] Starting CPLEX solver on instance: /home/yorig/tuner/mpils-tests/instances/miplib/easy/mas74.mps with config: /scratch/yorig/mpils-results-grid-seconds-5-4may/easy/24proc/seed-1/5_mas74_seed-1_20260504_161600/iterated_local_search/run_10_worker_22/ils_config_18017742590708692987.prm
[INFO]:[16:33:51] CPLEX results. Gap: 13.810000, upper bound: 12209.892379, lower bound: 10523.639373
[INFO]:[16:33:51] CPLEX solver finished. Gap: 13.810000
[INFO]:[16:33:51] Starting CPLEX solver on instance: /home/yorig/tuner/mpils-tests/instances/miplib/easy/mas74.mps with config: /scratch/yorig/mpils-results-grid-seconds-5-4may/easy/24proc/seed-1/5_mas74_seed-1_20260504_161600/iterated_local_search/run_10_worker_22/ils_config_4533766957693074057.prm
[INFO]:[16:33:51] Starting CPLEX solver on instance: /home/yorig/tuner/mpils-tests/instances/miplib/easy/mas74.mps with config: /scratch/yorig/mpils-results-grid-seconds-5-4may/easy/24proc/seed-1/5_mas74_seed-1_20260504_161600/iterated_local_search/run_10_worker_22/ils_config_4533766957693074057.prm
[INFO]:[16:33:56] CPLEX results. Gap: 9.280000, upper bound: 12062.558887, lower bound: 10942.569305
[INFO]:[16:33:56] CPLEX solver finished. Gap: 9.280000
[INFO]:[16:33:56] New incumbent found with objective value: 9.28
[INFO]:[16:33:56] Local search phase completed.
[INFO]:[16:33:56] Total number of new local-search evaluations: 9
[INFO]:[16:33:56] Final incumbent objective value: 9.28
[INFO]:[16:33:58] Worker 22 completed exploration phase.
[INFO]:[16:33:58] Worker 22 received order for step 3.
[INFO]:[16:33:58] Worker 22 finished.
