EvalID,TimeEvaluated,SolverRuntimeSeconds,ObjectiveValue,Gap,UpperBound,LowerBound,ConfigID,MipStartID,WorkerID,Iteration,Phase
1,5,5.195226,8.04,8.040000,364.000000,334.748820,14921508010286178949,null,0,1,0
2,3,3.763300,0,0.000000,340.000000,340.000000,9686720361045965965,null,1,1,0
3,4,4.440840,0,0.000000,340.000000,340.000000,17808874148426417796,null,2,1,0
4,5,5.195800,8.04,8.040000,364.000000,334.749000,15837001027272843000,null,3,1,0
