EvalID,TimeEvaluated,ObjectiveValue,Gap,UpperBound,LowerBound,ConfigID,MipStartID,WorkerID,Iteration,Phase
1,7,39.6,39.600000,-5050303.000000,-7050403.000000,14921508010286178949,null,0,1,0
2,7,79.4,79.400000,-5050300.000000,-9060400.000000,11241451296496662947,null,1,1,0
3,6,118.82,118.820000,-5050300.000000,-11051200.000000,8954485303003286464,null,2,1,0
4,7,0,0.000000,-6020200.000000,-6020300.000000,7373394827421423834,null,3,1,0
5,7,79.41,79.410000,-5050300.000000,-9060500.000000,18379961273715640155,null,4,1,0
6,6,0,0.000000,-6020200.000000,-6020300.000000,4219310975337039051,null,5,1,0
7,7,118.8,118.800000,-5050300.000000,-11050300.000000,1444401272916840857,null,6,1,0
8,7,99,99.000000,-5050300.000000,-10050300.000000,1309985513500527677,null,7,1,0
