EvalID,TimeEvaluated,SolverRuntimeSeconds,ObjectiveValue,Gap,UpperBound,LowerBound,ConfigID,MipStartID,WorkerID,Iteration,Phase
1,10,10.011287,0,0.000000,48.000000,48.000000,14921508010286178949,null,0,1,0
2,10,10.022700,0,0.000000,48.000000,48.000000,17514050945686148453,null,1,1,0
3,10,10.019600,0,0.000000,48.000000,48.000000,2804053118686667685,null,2,1,0
4,10,10.021900,3.7,3.700000,49.000000,47.186700,145401686263944303,null,3,1,0
