EvalID,TimeEvaluated,ObjectiveValue,Gap,UpperBound,LowerBound,ConfigID,MipStartID,WorkerID,Iteration,Phase
1,4,8.04,8.040000,364.000000,334.748820,14921508010286178949,null,0,1,0
2,8,32.13,32.130000,490.000000,332.566228,18073175359058532266,null,0,1,0
3,3,0,0.000000,340.000000,340.000000,10181412967155842157,null,1,1,0
