EvalID,TimeEvaluated,ObjectiveValue,Gap,UpperBound,LowerBound,ConfigID,MipStartID,WorkerID,Iteration,Phase
1,7,39.6,39.600000,-5050303.000000,-7050403.000000,14921508010286178949,null,0,1,0
2,7,80.48,80.480000,-5020200.000000,-9060500.000000,15365607158388011512,null,1,1,0
3,7,59.6,59.600000,-5050300.000000,-8060400.000000,8040614548108922449,null,2,1,0
4,6,99.4,99.400000,-5050300.000000,-10070300.000000,912174484402203726,null,3,1,0
5,7,119.2,119.200000,-5050300.000000,-11070100.000000,4599641139160020945,null,4,1,0
6,5,0,0.000000,-6020200.000000,-6020300.000000,15979868171154893565,null,5,1,0
7,8,79.4,79.400000,-5050300.000000,-9060400.000000,14846256679432854784,null,6,1,0
8,7,119.88,119.880000,-5030300.000000,-11060500.000000,3029817466454613113,null,7,1,0
