EvalID,TimeEvaluated,SolverRuntimeSeconds,ObjectiveValue,Gap,UpperBound,LowerBound,ConfigID,MipStartID,WorkerID,Iteration,Phase
1,8,8.380584,0,0.000000,340.000000,340.000000,14921508010286178949,null,0,1,0
2,6,6.380130,0,0.000000,340.000000,340.000000,17514050945686148453,null,1,1,0
3,6,6.397290,0,0.000000,340.000000,340.000000,2804053118686667685,null,2,1,0
4,4,4.230960,0,0.000000,340.000000,340.000000,145401686263944303,null,3,1,0
