EvalID,TimeEvaluated,SolverRuntimeSeconds,ObjectiveValue,Gap,UpperBound,LowerBound,ConfigID,MipStartID,WorkerID,Iteration,Phase
1,10,10.013596,32.79,32.790000,-305.000000,-405.000000,14921508010286178949,null,0,1,0
2,20,10.011431,5.8,5.800000,-345.000000,-365.000000,8683817217222751575,null,0,1,0
3,10,10.012000,19.12,19.120000,-340.000000,-405.000000,6439873165248256756,null,1,1,0
4,20,10.019400,21.57,21.570000,-340.000000,-413.333000,11255561039145532449,null,1,1,0
5,10,9.962880,0,0.000000,-345.000000,-345.000000,11502841505915629043,null,2,1,0
6,12,10.024200,19.04,19.040000,-340.000000,-404.722000,12710294232408245987,null,3,1,0
