EvalID,TimeEvaluated,ObjectiveValue,Gap,UpperBound,LowerBound,ConfigID,MipStartID,WorkerID,Iteration,Phase
1,4,8.04,8.040000,364.000000,334.748820,14921508010286178949,null,0,1,0
2,9,8.04,8.040000,364.000000,334.748820,1894762743428622621,null,0,1,0
3,4,8.04,8.040000,364.000000,334.749000,9898868199560231137,null,1,1,0
4,4,32.13,32.130000,490.000000,332.566000,5376562162249929140,null,2,1,0
5,3,0,0.000000,340.000000,340.000000,16224066805212164309,null,3,1,0
