[INFO]:[05:30:48] Worker 12 starting.
[INFO]:[05:30:48] Worker 12 received order for step 1.
[INFO]:[05:30:48] Worker 12 running exploration phase for iteration 1.
[INFO]:[05:30:48] Worker 12 at iteration 1 will not use a MIP start file. Current best MIP-start upper bound threshold is 1.79769e+308.
[INFO]:[05:30:48] Starting local search phase...
[INFO]:[05:30:48] Creating local search space from parameter space file: /scratch/yorig/mpils-results-grid-ticks-10000-7may/medium-2/24proc-2pils/seed-4/7_supportcase26_seed-4_20260510_053046/iterated_local_search/search_space/search_space_file_1_worker_12.txt
[INFO]:[05:30:48] Local search space loaded from file: /scratch/yorig/mpils-results-grid-ticks-10000-7may/medium-2/24proc-2pils/seed-4/7_supportcase26_seed-4_20260510_053046/iterated_local_search/search_space/search_space_file_1_worker_12.txt
[INFO]:[05:30:48] Number of parameters in local search space: 71
[INFO]:[05:30:48] Number of forbidden tuples in local search space: 0
[INFO]:[05:30:48] Number of conditionals in local search space: 6
[INFO]:[05:30:48] MIP start option not enabled. Local search will proceed without MIP start.
[INFO]:[05:30:48] Starting CPLEX solver on instance: /home/yorig/tuner/mpils-tests/instances/miplib/medium-2/supportcase26.mps with config: /scratch/yorig/mpils-results-grid-ticks-10000-7may/medium-2/24proc-2pils/seed-4/7_supportcase26_seed-4_20260510_053046/iterated_local_search/run_1_worker_12/ils_config_2119157171252880540.prm
[INFO]:[05:30:48] Starting CPLEX solver on instance: /home/yorig/tuner/mpils-tests/instances/miplib/medium-2/supportcase26.mps with config: /scratch/yorig/mpils-results-grid-ticks-10000-7may/medium-2/24proc-2pils/seed-4/7_supportcase26_seed-4_20260510_053046/iterated_local_search/run_1_worker_12/ils_config_2119157171252880540.prm
[INFO]:[05:30:53] CPLEX results. Gap: 17.090000, upper bound: 1823.421635, lower bound: 1511.838317
[INFO]:[05:30:53] CPLEX solver finished. Gap: 17.090000
[INFO]:[05:30:54] Starting CPLEX solver on instance: /home/yorig/tuner/mpils-tests/instances/miplib/medium-2/supportcase26.mps with config: /scratch/yorig/mpils-results-grid-ticks-10000-7may/medium-2/24proc-2pils/seed-4/7_supportcase26_seed-4_20260510_053046/iterated_local_search/run_1_worker_12/ils_config_8658420767078228279.prm
[INFO]:[05:30:54] Starting CPLEX solver on instance: /home/yorig/tuner/mpils-tests/instances/miplib/medium-2/supportcase26.mps with config: /scratch/yorig/mpils-results-grid-ticks-10000-7may/medium-2/24proc-2pils/seed-4/7_supportcase26_seed-4_20260510_053046/iterated_local_search/run_1_worker_12/ils_config_8658420767078228279.prm
[INFO]:[05:31:00] CPLEX results. Gap: 20.390000, upper bound: 1832.409480, lower bound: 1458.872549
[INFO]:[05:31:00] CPLEX solver finished. Gap: 20.390000
[INFO]:[05:31:00] Starting CPLEX solver on instance: /home/yorig/tuner/mpils-tests/instances/miplib/medium-2/supportcase26.mps with config: /scratch/yorig/mpils-results-grid-ticks-10000-7may/medium-2/24proc-2pils/seed-4/7_supportcase26_seed-4_20260510_053046/iterated_local_search/run_1_worker_12/ils_config_13552318020899668257.prm
[INFO]:[05:31:00] Starting CPLEX solver on instance: /home/yorig/tuner/mpils-tests/instances/miplib/medium-2/supportcase26.mps with config: /scratch/yorig/mpils-results-grid-ticks-10000-7may/medium-2/24proc-2pils/seed-4/7_supportcase26_seed-4_20260510_053046/iterated_local_search/run_1_worker_12/ils_config_13552318020899668257.prm
[INFO]:[05:31:05] CPLEX results. Gap: 17.090000, upper bound: 1823.421635, lower bound: 1511.838317
[INFO]:[05:31:05] CPLEX solver finished. Gap: 17.090000
[INFO]:[05:31:05] New incumbent found with objective value: 15.34
[INFO]:[05:31:05] Starting CPLEX solver on instance: /home/yorig/tuner/mpils-tests/instances/miplib/medium-2/supportcase26.mps with config: /scratch/yorig/mpils-results-grid-ticks-10000-7may/medium-2/24proc-2pils/seed-4/7_supportcase26_seed-4_20260510_053046/iterated_local_search/run_1_worker_12/ils_config_2119157171252880540.prm
[INFO]:[05:31:05] Starting CPLEX solver on instance: /home/yorig/tuner/mpils-tests/instances/miplib/medium-2/supportcase26.mps with config: /scratch/yorig/mpils-results-grid-ticks-10000-7may/medium-2/24proc-2pils/seed-4/7_supportcase26_seed-4_20260510_053046/iterated_local_search/run_1_worker_12/ils_config_2119157171252880540.prm
[INFO]:[05:31:10] CPLEX results. Gap: 17.090000, upper bound: 1823.421635, lower bound: 1511.838317
[INFO]:[05:31:10] CPLEX solver finished. Gap: 17.090000
[INFO]:[05:31:10] Starting CPLEX solver on instance: /home/yorig/tuner/mpils-tests/instances/miplib/medium-2/supportcase26.mps with config: /scratch/yorig/mpils-results-grid-ticks-10000-7may/medium-2/24proc-2pils/seed-4/7_supportcase26_seed-4_20260510_053046/iterated_local_search/run_1_worker_12/ils_config_11319895573328599150.prm
[INFO]:[05:31:10] Starting CPLEX solver on instance: /home/yorig/tuner/mpils-tests/instances/miplib/medium-2/supportcase26.mps with config: /scratch/yorig/mpils-results-grid-ticks-10000-7may/medium-2/24proc-2pils/seed-4/7_supportcase26_seed-4_20260510_053046/iterated_local_search/run_1_worker_12/ils_config_11319895573328599150.prm
[INFO]:[05:31:16] CPLEX results. Gap: 16.280000, upper bound: 1772.510297, lower bound: 1483.878658
[INFO]:[05:31:16] CPLEX solver finished. Gap: 16.280000
[INFO]:[05:31:16] Starting CPLEX solver on instance: /home/yorig/tuner/mpils-tests/instances/miplib/medium-2/supportcase26.mps with config: /scratch/yorig/mpils-results-grid-ticks-10000-7may/medium-2/24proc-2pils/seed-4/7_supportcase26_seed-4_20260510_053046/iterated_local_search/run_1_worker_12/ils_config_11220738579956046893.prm
[INFO]:[05:31:16] Starting CPLEX solver on instance: /home/yorig/tuner/mpils-tests/instances/miplib/medium-2/supportcase26.mps with config: /scratch/yorig/mpils-results-grid-ticks-10000-7may/medium-2/24proc-2pils/seed-4/7_supportcase26_seed-4_20260510_053046/iterated_local_search/run_1_worker_12/ils_config_11220738579956046893.prm
[INFO]:[05:31:21] CPLEX results. Gap: 15.340000, upper bound: 1789.495141, lower bound: 1514.901809
[INFO]:[05:31:21] CPLEX solver finished. Gap: 15.340000
[INFO]:[05:31:21] Starting CPLEX solver on instance: /home/yorig/tuner/mpils-tests/instances/miplib/medium-2/supportcase26.mps with config: /scratch/yorig/mpils-results-grid-ticks-10000-7may/medium-2/24proc-2pils/seed-4/7_supportcase26_seed-4_20260510_053046/iterated_local_search/run_1_worker_12/ils_config_12820883731163608884.prm
[INFO]:[05:31:21] Starting CPLEX solver on instance: /home/yorig/tuner/mpils-tests/instances/miplib/medium-2/supportcase26.mps with config: /scratch/yorig/mpils-results-grid-ticks-10000-7may/medium-2/24proc-2pils/seed-4/7_supportcase26_seed-4_20260510_053046/iterated_local_search/run_1_worker_12/ils_config_12820883731163608884.prm
[INFO]:[05:31:27] CPLEX results. Gap: 15.340000, upper bound: 1789.495141, lower bound: 1514.901809
[INFO]:[05:31:27] CPLEX solver finished. Gap: 15.340000
[INFO]:[05:31:27] Starting CPLEX solver on instance: /home/yorig/tuner/mpils-tests/instances/miplib/medium-2/supportcase26.mps with config: /scratch/yorig/mpils-results-grid-ticks-10000-7may/medium-2/24proc-2pils/seed-4/7_supportcase26_seed-4_20260510_053046/iterated_local_search/run_1_worker_12/ils_config_156703039298910691.prm
[INFO]:[05:31:27] Starting CPLEX solver on instance: /home/yorig/tuner/mpils-tests/instances/miplib/medium-2/supportcase26.mps with config: /scratch/yorig/mpils-results-grid-ticks-10000-7may/medium-2/24proc-2pils/seed-4/7_supportcase26_seed-4_20260510_053046/iterated_local_search/run_1_worker_12/ils_config_156703039298910691.prm
[INFO]:[05:31:32] CPLEX results. Gap: 15.340000, upper bound: 1789.495141, lower bound: 1514.901809
[INFO]:[05:31:32] CPLEX solver finished. Gap: 15.340000
[INFO]:[05:31:33] Starting CPLEX solver on instance: /home/yorig/tuner/mpils-tests/instances/miplib/medium-2/supportcase26.mps with config: /scratch/yorig/mpils-results-grid-ticks-10000-7may/medium-2/24proc-2pils/seed-4/7_supportcase26_seed-4_20260510_053046/iterated_local_search/run_1_worker_12/ils_config_10114638070788388662.prm
[INFO]:[05:31:33] Starting CPLEX solver on instance: /home/yorig/tuner/mpils-tests/instances/miplib/medium-2/supportcase26.mps with config: /scratch/yorig/mpils-results-grid-ticks-10000-7may/medium-2/24proc-2pils/seed-4/7_supportcase26_seed-4_20260510_053046/iterated_local_search/run_1_worker_12/ils_config_10114638070788388662.prm
[INFO]:[05:31:38] CPLEX results. Gap: 15.340000, upper bound: 1789.495141, lower bound: 1514.901809
[INFO]:[05:31:38] CPLEX solver finished. Gap: 15.340000
[INFO]:[05:31:39] Starting CPLEX solver on instance: /home/yorig/tuner/mpils-tests/instances/miplib/medium-2/supportcase26.mps with config: /scratch/yorig/mpils-results-grid-ticks-10000-7may/medium-2/24proc-2pils/seed-4/7_supportcase26_seed-4_20260510_053046/iterated_local_search/run_1_worker_12/ils_config_15624473642225813806.prm
[INFO]:[05:31:39] Starting CPLEX solver on instance: /home/yorig/tuner/mpils-tests/instances/miplib/medium-2/supportcase26.mps with config: /scratch/yorig/mpils-results-grid-ticks-10000-7may/medium-2/24proc-2pils/seed-4/7_supportcase26_seed-4_20260510_053046/iterated_local_search/run_1_worker_12/ils_config_15624473642225813806.prm
[INFO]:[05:31:45] CPLEX results. Gap: 15.400000, upper bound: 1814.972409, lower bound: 1535.381201
[INFO]:[05:31:45] CPLEX solver finished. Gap: 15.400000
[INFO]:[05:31:45] Local search phase completed.
[INFO]:[05:31:45] Total number of new local-search evaluations: 20
[INFO]:[05:31:45] Final incumbent objective value: 15.34
[INFO]:[05:31:53] Worker 12 completed exploration phase.
[INFO]:[05:31:53] Worker 12 received order for step 2.
[INFO]:[05:31:53] Worker 12 running expansion phase for iteration 1.
[INFO]:[05:31:53] Worker 12 will use solver log file: /scratch/yorig/mpils-results-grid-ticks-10000-7may/medium-2/24proc-2pils/seed-4/7_supportcase26_seed-4_20260510_053046/solver/cplex.log_iteration_expansion_1_worker_12
[INFO]:[05:31:53] Expansion Worker 12 starting expansion for iteration 1.
[INFO]:[05:31:53] Starting CPLEX solver on instance: /home/yorig/tuner/mpils-tests/instances/miplib/medium-2/supportcase26.mps with config: /scratch/yorig/mpils-results-grid-ticks-10000-7may/medium-2/24proc-2pils/seed-4/7_supportcase26_seed-4_20260510_053046/expansion/config_param_CPXPARAM_MIP_Strategy_VariableSelect_4_iter_1.prm
[INFO]:[05:31:59] CPLEX results. Gap: 13.410000, upper bound: 1810.683001, lower bound: 1567.779929
[INFO]:[05:31:59] CPLEX solver finished. Gap: 13.410000
[INFO]:[05:32:00] Starting CPLEX solver on instance: /home/yorig/tuner/mpils-tests/instances/miplib/medium-2/supportcase26.mps with config: /scratch/yorig/mpils-results-grid-ticks-10000-7may/medium-2/24proc-2pils/seed-4/7_supportcase26_seed-4_20260510_053046/expansion/config_param_CPXPARAM_MIP_Strategy_RINSHeur_200_iter_1.prm
[INFO]:[05:32:06] CPLEX results. Gap: 15.480000, upper bound: 1840.406481, lower bound: 1555.554144
[INFO]:[05:32:06] CPLEX solver finished. Gap: 15.480000
[INFO]:[05:32:12] Expansion Worker 12 stopping early after global MPI expansion stop was activated.
[INFO]:[05:32:12] Expansion Worker 12 completed expansion.
[INFO]:[05:32:12] Worker 12 completed expansion phase.
[INFO]:[05:32:12] Worker 12 received order for step 1.
[INFO]:[05:32:12] Worker 12 running exploration phase for iteration 2.
[INFO]:[05:32:12] Worker 12 at iteration 2 will not use a MIP start file. Current best MIP-start upper bound threshold is 1.79769e+308.
[INFO]:[05:32:12] Starting local search phase...
[INFO]:[05:32:12] Creating local search space from parameter space file: /scratch/yorig/mpils-results-grid-ticks-10000-7may/medium-2/24proc-2pils/seed-4/7_supportcase26_seed-4_20260510_053046/iterated_local_search/search_space/search_space_file_2_worker_12.txt
[INFO]:[05:32:12] Local search space loaded from file: /scratch/yorig/mpils-results-grid-ticks-10000-7may/medium-2/24proc-2pils/seed-4/7_supportcase26_seed-4_20260510_053046/iterated_local_search/search_space/search_space_file_2_worker_12.txt
[INFO]:[05:32:12] Number of parameters in local search space: 71
[INFO]:[05:32:12] Number of forbidden tuples in local search space: 24
[INFO]:[05:32:12] Number of conditionals in local search space: 6
[INFO]:[05:32:12] MIP start option not enabled. Local search will proceed without MIP start.
[INFO]:[05:32:12] Starting CPLEX solver on instance: /home/yorig/tuner/mpils-tests/instances/miplib/medium-2/supportcase26.mps with config: /scratch/yorig/mpils-results-grid-ticks-10000-7may/medium-2/24proc-2pils/seed-4/7_supportcase26_seed-4_20260510_053046/iterated_local_search/run_2_worker_12/ils_config_1012356015496767687.prm
[INFO]:[05:32:12] Starting CPLEX solver on instance: /home/yorig/tuner/mpils-tests/instances/miplib/medium-2/supportcase26.mps with config: /scratch/yorig/mpils-results-grid-ticks-10000-7may/medium-2/24proc-2pils/seed-4/7_supportcase26_seed-4_20260510_053046/iterated_local_search/run_2_worker_12/ils_config_1012356015496767687.prm
[INFO]:[05:32:19] CPLEX results. Gap: 22.570000, upper bound: 1819.175424, lower bound: 1408.642768
[INFO]:[05:32:19] CPLEX solver finished. Gap: 22.570000
[INFO]:[05:32:19] New incumbent found with objective value: 21.36
[INFO]:[05:32:19] Starting CPLEX solver on instance: /home/yorig/tuner/mpils-tests/instances/miplib/medium-2/supportcase26.mps with config: /scratch/yorig/mpils-results-grid-ticks-10000-7may/medium-2/24proc-2pils/seed-4/7_supportcase26_seed-4_20260510_053046/iterated_local_search/run_2_worker_12/ils_config_13484704543762580700.prm
[INFO]:[05:32:19] Starting CPLEX solver on instance: /home/yorig/tuner/mpils-tests/instances/miplib/medium-2/supportcase26.mps with config: /scratch/yorig/mpils-results-grid-ticks-10000-7may/medium-2/24proc-2pils/seed-4/7_supportcase26_seed-4_20260510_053046/iterated_local_search/run_2_worker_12/ils_config_13484704543762580700.prm
[INFO]:[05:32:25] CPLEX results. Gap: 21.360000, upper bound: 1785.248930, lower bound: 1403.873978
[INFO]:[05:32:25] CPLEX solver finished. Gap: 21.360000
[INFO]:[05:32:25] Starting CPLEX solver on instance: /home/yorig/tuner/mpils-tests/instances/miplib/medium-2/supportcase26.mps with config: /scratch/yorig/mpils-results-grid-ticks-10000-7may/medium-2/24proc-2pils/seed-4/7_supportcase26_seed-4_20260510_053046/iterated_local_search/run_2_worker_12/ils_config_8912763050774231172.prm
[INFO]:[05:32:25] Starting CPLEX solver on instance: /home/yorig/tuner/mpils-tests/instances/miplib/medium-2/supportcase26.mps with config: /scratch/yorig/mpils-results-grid-ticks-10000-7may/medium-2/24proc-2pils/seed-4/7_supportcase26_seed-4_20260510_053046/iterated_local_search/run_2_worker_12/ils_config_8912763050774231172.prm
[INFO]:[05:32:32] CPLEX results. Gap: 20.900000, upper bound: 1781.002719, lower bound: 1408.799743
[INFO]:[05:32:32] CPLEX solver finished. Gap: 20.900000
[INFO]:[05:32:32] New incumbent found with objective value: 20.9
[INFO]:[05:32:32] Starting CPLEX solver on instance: /home/yorig/tuner/mpils-tests/instances/miplib/medium-2/supportcase26.mps with config: /scratch/yorig/mpils-results-grid-ticks-10000-7may/medium-2/24proc-2pils/seed-4/7_supportcase26_seed-4_20260510_053046/iterated_local_search/run_2_worker_12/ils_config_18122880515241305484.prm
[INFO]:[05:32:32] Starting CPLEX solver on instance: /home/yorig/tuner/mpils-tests/instances/miplib/medium-2/supportcase26.mps with config: /scratch/yorig/mpils-results-grid-ticks-10000-7may/medium-2/24proc-2pils/seed-4/7_supportcase26_seed-4_20260510_053046/iterated_local_search/run_2_worker_12/ils_config_18122880515241305484.prm
[INFO]:[05:32:38] CPLEX results. Gap: 25.080000, upper bound: 1789.947368, lower bound: 1341.105242
[INFO]:[05:32:38] CPLEX solver finished. Gap: 25.080000
[INFO]:[05:32:38] Starting CPLEX solver on instance: /home/yorig/tuner/mpils-tests/instances/miplib/medium-2/supportcase26.mps with config: /scratch/yorig/mpils-results-grid-ticks-10000-7may/medium-2/24proc-2pils/seed-4/7_supportcase26_seed-4_20260510_053046/iterated_local_search/run_2_worker_12/ils_config_1458829828968257177.prm
[INFO]:[05:32:38] Starting CPLEX solver on instance: /home/yorig/tuner/mpils-tests/instances/miplib/medium-2/supportcase26.mps with config: /scratch/yorig/mpils-results-grid-ticks-10000-7may/medium-2/24proc-2pils/seed-4/7_supportcase26_seed-4_20260510_053046/iterated_local_search/run_2_worker_12/ils_config_1458829828968257177.prm
[INFO]:[05:32:45] CPLEX results. Gap: 20.900000, upper bound: 1781.002719, lower bound: 1408.799743
[INFO]:[05:32:45] CPLEX solver finished. Gap: 20.900000
[INFO]:[05:32:45] Starting CPLEX solver on instance: /home/yorig/tuner/mpils-tests/instances/miplib/medium-2/supportcase26.mps with config: /scratch/yorig/mpils-results-grid-ticks-10000-7may/medium-2/24proc-2pils/seed-4/7_supportcase26_seed-4_20260510_053046/iterated_local_search/run_2_worker_12/ils_config_10395611736325964354.prm
[INFO]:[05:32:45] Starting CPLEX solver on instance: /home/yorig/tuner/mpils-tests/instances/miplib/medium-2/supportcase26.mps with config: /scratch/yorig/mpils-results-grid-ticks-10000-7may/medium-2/24proc-2pils/seed-4/7_supportcase26_seed-4_20260510_053046/iterated_local_search/run_2_worker_12/ils_config_10395611736325964354.prm
[INFO]:[05:32:51] CPLEX results. Gap: 20.110000, upper bound: 1781.002719, lower bound: 1422.764729
[INFO]:[05:32:51] CPLEX solver finished. Gap: 20.110000
[INFO]:[05:32:51] New incumbent found with objective value: 20.11
[INFO]:[05:32:51] Starting CPLEX solver on instance: /home/yorig/tuner/mpils-tests/instances/miplib/medium-2/supportcase26.mps with config: /scratch/yorig/mpils-results-grid-ticks-10000-7may/medium-2/24proc-2pils/seed-4/7_supportcase26_seed-4_20260510_053046/iterated_local_search/run_2_worker_12/ils_config_15743112525116793876.prm
[INFO]:[05:32:51] Starting CPLEX solver on instance: /home/yorig/tuner/mpils-tests/instances/miplib/medium-2/supportcase26.mps with config: /scratch/yorig/mpils-results-grid-ticks-10000-7may/medium-2/24proc-2pils/seed-4/7_supportcase26_seed-4_20260510_053046/iterated_local_search/run_2_worker_12/ils_config_15743112525116793876.prm
[INFO]:[05:32:58] CPLEX results. Gap: 20.900000, upper bound: 1781.002719, lower bound: 1408.799743
[INFO]:[05:32:58] CPLEX solver finished. Gap: 20.900000
[INFO]:[05:32:58] Starting CPLEX solver on instance: /home/yorig/tuner/mpils-tests/instances/miplib/medium-2/supportcase26.mps with config: /scratch/yorig/mpils-results-grid-ticks-10000-7may/medium-2/24proc-2pils/seed-4/7_supportcase26_seed-4_20260510_053046/iterated_local_search/run_2_worker_12/ils_config_13834389764290181396.prm
[INFO]:[05:32:58] Starting CPLEX solver on instance: /home/yorig/tuner/mpils-tests/instances/miplib/medium-2/supportcase26.mps with config: /scratch/yorig/mpils-results-grid-ticks-10000-7may/medium-2/24proc-2pils/seed-4/7_supportcase26_seed-4_20260510_053046/iterated_local_search/run_2_worker_12/ils_config_13834389764290181396.prm
[INFO]:[05:33:04] CPLEX results. Gap: 18.190000, upper bound: 1755.525451, lower bound: 1436.107988
[INFO]:[05:33:04] CPLEX solver finished. Gap: 18.190000
[INFO]:[05:33:04] New incumbent found with objective value: 18.19
[INFO]:[05:33:04] Local search phase completed.
[INFO]:[05:33:04] Total number of new local-search evaluations: 16
[INFO]:[05:33:04] Final incumbent objective value: 18.19
[INFO]:[05:33:07] Worker 12 completed exploration phase.
[INFO]:[05:33:07] Worker 12 received order for step 2.
[INFO]:[05:33:07] Worker 12 running expansion phase for iteration 2.
[INFO]:[05:33:07] Worker 12 will use solver log file: /scratch/yorig/mpils-results-grid-ticks-10000-7may/medium-2/24proc-2pils/seed-4/7_supportcase26_seed-4_20260510_053046/solver/cplex.log_iteration_expansion_2_worker_12
[INFO]:[05:33:07] Expansion Worker 12 starting expansion for iteration 2.
[INFO]:[05:33:07] Starting CPLEX solver on instance: /home/yorig/tuner/mpils-tests/instances/miplib/medium-2/supportcase26.mps with config: /scratch/yorig/mpils-results-grid-ticks-10000-7may/medium-2/24proc-2pils/seed-4/7_supportcase26_seed-4_20260510_053046/expansion/config_param_CPXPARAM_Preprocessing_Dual_-1_iter_2.prm
[INFO]:[05:33:13] CPLEX results. Gap: 7.730000, upper bound: 1806.479986, lower bound: 1666.757271
[INFO]:[05:33:13] CPLEX solver finished. Gap: 7.730000
[INFO]:[05:33:14] Expansion Worker 12 stopping early after global MPI expansion stop was activated.
[INFO]:[05:33:14] Expansion Worker 12 completed expansion.
[INFO]:[05:33:14] Worker 12 completed expansion phase.
[INFO]:[05:33:14] Worker 12 received order for step 1.
[INFO]:[05:33:14] Worker 12 running exploration phase for iteration 3.
[INFO]:[05:33:14] Worker 12 at iteration 3 will not use a MIP start file. Current best MIP-start upper bound threshold is 1.79769e+308.
[INFO]:[05:33:14] Starting local search phase...
[INFO]:[05:33:14] Creating local search space from parameter space file: /scratch/yorig/mpils-results-grid-ticks-10000-7may/medium-2/24proc-2pils/seed-4/7_supportcase26_seed-4_20260510_053046/iterated_local_search/search_space/search_space_file_3_worker_12.txt
[INFO]:[05:33:14] Local search space loaded from file: /scratch/yorig/mpils-results-grid-ticks-10000-7may/medium-2/24proc-2pils/seed-4/7_supportcase26_seed-4_20260510_053046/iterated_local_search/search_space/search_space_file_3_worker_12.txt
[INFO]:[05:33:14] Number of parameters in local search space: 71
[INFO]:[05:33:14] Number of forbidden tuples in local search space: 44
[INFO]:[05:33:14] Number of conditionals in local search space: 6
[INFO]:[05:33:14] MIP start option not enabled. Local search will proceed without MIP start.
[INFO]:[05:33:14] Starting CPLEX solver on instance: /home/yorig/tuner/mpils-tests/instances/miplib/medium-2/supportcase26.mps with config: /scratch/yorig/mpils-results-grid-ticks-10000-7may/medium-2/24proc-2pils/seed-4/7_supportcase26_seed-4_20260510_053046/iterated_local_search/run_3_worker_12/ils_config_12688004801209487863.prm
[INFO]:[05:33:14] Starting CPLEX solver on instance: /home/yorig/tuner/mpils-tests/instances/miplib/medium-2/supportcase26.mps with config: /scratch/yorig/mpils-results-grid-ticks-10000-7may/medium-2/24proc-2pils/seed-4/7_supportcase26_seed-4_20260510_053046/iterated_local_search/run_3_worker_12/ils_config_12688004801209487863.prm
[INFO]:[05:33:20] CPLEX results. Gap: 24.140000, upper bound: 1768.264085, lower bound: 1341.360684
[INFO]:[05:33:20] CPLEX solver finished. Gap: 24.140000
[INFO]:[05:33:20] New incumbent found with objective value: 17.41
[INFO]:[05:33:20] Starting CPLEX solver on instance: /home/yorig/tuner/mpils-tests/instances/miplib/medium-2/supportcase26.mps with config: /scratch/yorig/mpils-results-grid-ticks-10000-7may/medium-2/24proc-2pils/seed-4/7_supportcase26_seed-4_20260510_053046/iterated_local_search/run_3_worker_12/ils_config_8100888451626520099.prm
[INFO]:[05:33:20] Starting CPLEX solver on instance: /home/yorig/tuner/mpils-tests/instances/miplib/medium-2/supportcase26.mps with config: /scratch/yorig/mpils-results-grid-ticks-10000-7may/medium-2/24proc-2pils/seed-4/7_supportcase26_seed-4_20260510_053046/iterated_local_search/run_3_worker_12/ils_config_8100888451626520099.prm
[INFO]:[05:33:25] CPLEX results. Gap: 22.150000, upper bound: 1857.434521, lower bound: 1446.045801
[INFO]:[05:33:25] CPLEX solver finished. Gap: 22.150000
[INFO]:[05:33:26] Starting CPLEX solver on instance: /home/yorig/tuner/mpils-tests/instances/miplib/medium-2/supportcase26.mps with config: /scratch/yorig/mpils-results-grid-ticks-10000-7may/medium-2/24proc-2pils/seed-4/7_supportcase26_seed-4_20260510_053046/iterated_local_search/run_3_worker_12/ils_config_10162538561751524179.prm
[INFO]:[05:33:26] Starting CPLEX solver on instance: /home/yorig/tuner/mpils-tests/instances/miplib/medium-2/supportcase26.mps with config: /scratch/yorig/mpils-results-grid-ticks-10000-7may/medium-2/24proc-2pils/seed-4/7_supportcase26_seed-4_20260510_053046/iterated_local_search/run_3_worker_12/ils_config_10162538561751524179.prm
[INFO]:[05:33:31] CPLEX results. Gap: 16.940000, upper bound: 1755.525452, lower bound: 1458.210776
[INFO]:[05:33:31] CPLEX solver finished. Gap: 16.940000
[INFO]:[05:33:31] New incumbent found with objective value: 16.94
[INFO]:[05:33:31] Starting CPLEX solver on instance: /home/yorig/tuner/mpils-tests/instances/miplib/medium-2/supportcase26.mps with config: /scratch/yorig/mpils-results-grid-ticks-10000-7may/medium-2/24proc-2pils/seed-4/7_supportcase26_seed-4_20260510_053046/iterated_local_search/run_3_worker_12/ils_config_16812637012021143622.prm
[INFO]:[05:33:31] Starting CPLEX solver on instance: /home/yorig/tuner/mpils-tests/instances/miplib/medium-2/supportcase26.mps with config: /scratch/yorig/mpils-results-grid-ticks-10000-7may/medium-2/24proc-2pils/seed-4/7_supportcase26_seed-4_20260510_053046/iterated_local_search/run_3_worker_12/ils_config_16812637012021143622.prm
[INFO]:[05:33:37] CPLEX results. Gap: 20.320000, upper bound: 1793.741353, lower bound: 1429.235621
[INFO]:[05:33:37] CPLEX solver finished. Gap: 20.320000
[INFO]:[05:33:38] Starting CPLEX solver on instance: /home/yorig/tuner/mpils-tests/instances/miplib/medium-2/supportcase26.mps with config: /scratch/yorig/mpils-results-grid-ticks-10000-7may/medium-2/24proc-2pils/seed-4/7_supportcase26_seed-4_20260510_053046/iterated_local_search/run_3_worker_12/ils_config_15110027578853516516.prm
[INFO]:[05:33:38] Starting CPLEX solver on instance: /home/yorig/tuner/mpils-tests/instances/miplib/medium-2/supportcase26.mps with config: /scratch/yorig/mpils-results-grid-ticks-10000-7may/medium-2/24proc-2pils/seed-4/7_supportcase26_seed-4_20260510_053046/iterated_local_search/run_3_worker_12/ils_config_15110027578853516516.prm
[INFO]:[05:33:43] CPLEX results. Gap: 18.750000, upper bound: 1776.756508, lower bound: 1443.600945
[INFO]:[05:33:43] CPLEX solver finished. Gap: 18.750000
[INFO]:[05:33:43] Starting CPLEX solver on instance: /home/yorig/tuner/mpils-tests/instances/miplib/medium-2/supportcase26.mps with config: /scratch/yorig/mpils-results-grid-ticks-10000-7may/medium-2/24proc-2pils/seed-4/7_supportcase26_seed-4_20260510_053046/iterated_local_search/run_3_worker_12/ils_config_8440942037285335408.prm
[INFO]:[05:33:43] Starting CPLEX solver on instance: /home/yorig/tuner/mpils-tests/instances/miplib/medium-2/supportcase26.mps with config: /scratch/yorig/mpils-results-grid-ticks-10000-7may/medium-2/24proc-2pils/seed-4/7_supportcase26_seed-4_20260510_053046/iterated_local_search/run_3_worker_12/ils_config_8440942037285335408.prm
[INFO]:[05:33:49] CPLEX results. Gap: 19.170000, upper bound: 1772.510297, lower bound: 1432.783250
[INFO]:[05:33:49] CPLEX solver finished. Gap: 19.170000
[INFO]:[05:33:49] Starting CPLEX solver on instance: /home/yorig/tuner/mpils-tests/instances/miplib/medium-2/supportcase26.mps with config: /scratch/yorig/mpils-results-grid-ticks-10000-7may/medium-2/24proc-2pils/seed-4/7_supportcase26_seed-4_20260510_053046/iterated_local_search/run_3_worker_12/ils_config_9977135081338635520.prm
[INFO]:[05:33:49] Starting CPLEX solver on instance: /home/yorig/tuner/mpils-tests/instances/miplib/medium-2/supportcase26.mps with config: /scratch/yorig/mpils-results-grid-ticks-10000-7may/medium-2/24proc-2pils/seed-4/7_supportcase26_seed-4_20260510_053046/iterated_local_search/run_3_worker_12/ils_config_9977135081338635520.prm
[INFO]:[05:33:54] CPLEX results. Gap: 23.230000, upper bound: 1819.218621, lower bound: 1396.687301
[INFO]:[05:33:54] CPLEX solver finished. Gap: 23.230000
[INFO]:[05:33:55] Starting CPLEX solver on instance: /home/yorig/tuner/mpils-tests/instances/miplib/medium-2/supportcase26.mps with config: /scratch/yorig/mpils-results-grid-ticks-10000-7may/medium-2/24proc-2pils/seed-4/7_supportcase26_seed-4_20260510_053046/iterated_local_search/run_3_worker_12/ils_config_12745552313134451595.prm
[INFO]:[05:33:55] Starting CPLEX solver on instance: /home/yorig/tuner/mpils-tests/instances/miplib/medium-2/supportcase26.mps with config: /scratch/yorig/mpils-results-grid-ticks-10000-7may/medium-2/24proc-2pils/seed-4/7_supportcase26_seed-4_20260510_053046/iterated_local_search/run_3_worker_12/ils_config_12745552313134451595.prm
[INFO]:[05:34:00] CPLEX results. Gap: 16.940000, upper bound: 1755.525452, lower bound: 1458.210776
[INFO]:[05:34:00] CPLEX solver finished. Gap: 16.940000
[INFO]:[05:34:00] Starting CPLEX solver on instance: /home/yorig/tuner/mpils-tests/instances/miplib/medium-2/supportcase26.mps with config: /scratch/yorig/mpils-results-grid-ticks-10000-7may/medium-2/24proc-2pils/seed-4/7_supportcase26_seed-4_20260510_053046/iterated_local_search/run_3_worker_12/ils_config_749397867994943925.prm
[INFO]:[05:34:00] Starting CPLEX solver on instance: /home/yorig/tuner/mpils-tests/instances/miplib/medium-2/supportcase26.mps with config: /scratch/yorig/mpils-results-grid-ticks-10000-7may/medium-2/24proc-2pils/seed-4/7_supportcase26_seed-4_20260510_053046/iterated_local_search/run_3_worker_12/ils_config_749397867994943925.prm
[INFO]:[05:34:06] CPLEX results. Gap: 17.160000, upper bound: 1759.771663, lower bound: 1457.739713
[INFO]:[05:34:06] CPLEX solver finished. Gap: 17.160000
[INFO]:[05:34:06] Starting CPLEX solver on instance: /home/yorig/tuner/mpils-tests/instances/miplib/medium-2/supportcase26.mps with config: /scratch/yorig/mpils-results-grid-ticks-10000-7may/medium-2/24proc-2pils/seed-4/7_supportcase26_seed-4_20260510_053046/iterated_local_search/run_3_worker_12/ils_config_15756765008566827323.prm
[INFO]:[05:34:06] Starting CPLEX solver on instance: /home/yorig/tuner/mpils-tests/instances/miplib/medium-2/supportcase26.mps with config: /scratch/yorig/mpils-results-grid-ticks-10000-7may/medium-2/24proc-2pils/seed-4/7_supportcase26_seed-4_20260510_053046/iterated_local_search/run_3_worker_12/ils_config_15756765008566827323.prm
[INFO]:[05:34:11] CPLEX results. Gap: 16.940000, upper bound: 1755.525452, lower bound: 1458.210776
[INFO]:[05:34:11] CPLEX solver finished. Gap: 16.940000
[INFO]:[05:34:11] Local search phase completed.
[INFO]:[05:34:11] Total number of new local-search evaluations: 20
[INFO]:[05:34:11] Final incumbent objective value: 16.94
[INFO]:[05:34:24] Worker 12 completed exploration phase.
[INFO]:[05:34:24] Worker 12 received order for step 2.
[INFO]:[05:34:24] Worker 12 running expansion phase for iteration 3.
[INFO]:[05:34:24] Worker 12 will use solver log file: /scratch/yorig/mpils-results-grid-ticks-10000-7may/medium-2/24proc-2pils/seed-4/7_supportcase26_seed-4_20260510_053046/solver/cplex.log_iteration_expansion_3_worker_12
[INFO]:[05:34:24] Expansion Worker 12 starting expansion for iteration 3.
[INFO]:[05:34:24] Starting CPLEX solver on instance: /home/yorig/tuner/mpils-tests/instances/miplib/medium-2/supportcase26.mps with config: /scratch/yorig/mpils-results-grid-ticks-10000-7may/medium-2/24proc-2pils/seed-4/7_supportcase26_seed-4_20260510_053046/expansion/config_param_CPXPARAM_MIP_Strategy_StartAlgorithm_6_iter_3.prm
[INFO]:[05:34:29] CPLEX results. Gap: 7.240000, upper bound: 1803.801576, lower bound: 1673.127691
[INFO]:[05:34:29] CPLEX solver finished. Gap: 7.240000
[INFO]:[05:34:29] Expansion Worker 12 found an improving configuration with objective value 7.24.
[INFO]:[05:34:29] Expansion Worker 12 stopping early after global MPI expansion stop was activated.
[INFO]:[05:34:29] Expansion Worker 12 completed expansion.
[INFO]:[05:34:29] Worker 12 completed expansion phase.
[INFO]:[05:34:30] Worker 12 received order for step 1.
[INFO]:[05:34:30] Worker 12 running exploration phase for iteration 4.
[INFO]:[05:34:30] Worker 12 at iteration 4 will not use a MIP start file. Current best MIP-start upper bound threshold is 1.79769e+308.
[INFO]:[05:34:30] Starting local search phase...
[INFO]:[05:34:30] Creating local search space from parameter space file: /scratch/yorig/mpils-results-grid-ticks-10000-7may/medium-2/24proc-2pils/seed-4/7_supportcase26_seed-4_20260510_053046/iterated_local_search/search_space/search_space_file_4_worker_12.txt
[INFO]:[05:34:30] Local search space loaded from file: /scratch/yorig/mpils-results-grid-ticks-10000-7may/medium-2/24proc-2pils/seed-4/7_supportcase26_seed-4_20260510_053046/iterated_local_search/search_space/search_space_file_4_worker_12.txt
[INFO]:[05:34:30] Number of parameters in local search space: 71
[INFO]:[05:34:30] Number of forbidden tuples in local search space: 67
[INFO]:[05:34:30] Number of conditionals in local search space: 6
[INFO]:[05:34:30] MIP start option not enabled. Local search will proceed without MIP start.
[INFO]:[05:34:30] Starting CPLEX solver on instance: /home/yorig/tuner/mpils-tests/instances/miplib/medium-2/supportcase26.mps with config: /scratch/yorig/mpils-results-grid-ticks-10000-7may/medium-2/24proc-2pils/seed-4/7_supportcase26_seed-4_20260510_053046/iterated_local_search/run_4_worker_12/ils_config_14096682279104312186.prm
[INFO]:[05:34:30] Starting CPLEX solver on instance: /home/yorig/tuner/mpils-tests/instances/miplib/medium-2/supportcase26.mps with config: /scratch/yorig/mpils-results-grid-ticks-10000-7may/medium-2/24proc-2pils/seed-4/7_supportcase26_seed-4_20260510_053046/iterated_local_search/run_4_worker_12/ils_config_14096682279104312186.prm
[INFO]:[05:34:37] CPLEX results. Gap: 18.510000, upper bound: 1745.124182, lower bound: 1422.047074
[INFO]:[05:34:37] CPLEX solver finished. Gap: 18.510000
[INFO]:[05:34:37] Starting CPLEX solver on instance: /home/yorig/tuner/mpils-tests/instances/miplib/medium-2/supportcase26.mps with config: /scratch/yorig/mpils-results-grid-ticks-10000-7may/medium-2/24proc-2pils/seed-4/7_supportcase26_seed-4_20260510_053046/iterated_local_search/run_4_worker_12/ils_config_12021659096085012021.prm
[INFO]:[05:34:37] Starting CPLEX solver on instance: /home/yorig/tuner/mpils-tests/instances/miplib/medium-2/supportcase26.mps with config: /scratch/yorig/mpils-results-grid-ticks-10000-7may/medium-2/24proc-2pils/seed-4/7_supportcase26_seed-4_20260510_053046/iterated_local_search/run_4_worker_12/ils_config_12021659096085012021.prm
[INFO]:[05:34:45] CPLEX results. Gap: 18.510000, upper bound: 1745.124182, lower bound: 1422.047074
[INFO]:[05:34:45] CPLEX solver finished. Gap: 18.510000
[INFO]:[05:34:45] Starting CPLEX solver on instance: /home/yorig/tuner/mpils-tests/instances/miplib/medium-2/supportcase26.mps with config: /scratch/yorig/mpils-results-grid-ticks-10000-7may/medium-2/24proc-2pils/seed-4/7_supportcase26_seed-4_20260510_053046/iterated_local_search/run_4_worker_12/ils_config_3324098547321197896.prm
[INFO]:[05:34:45] Starting CPLEX solver on instance: /home/yorig/tuner/mpils-tests/instances/miplib/medium-2/supportcase26.mps with config: /scratch/yorig/mpils-results-grid-ticks-10000-7may/medium-2/24proc-2pils/seed-4/7_supportcase26_seed-4_20260510_053046/iterated_local_search/run_4_worker_12/ils_config_3324098547321197896.prm
[INFO]:[05:34:52] CPLEX results. Gap: 24.270000, upper bound: 1803.491800, lower bound: 1365.776196
[INFO]:[05:34:52] CPLEX solver finished. Gap: 24.270000
[INFO]:[05:34:52] Starting CPLEX solver on instance: /home/yorig/tuner/mpils-tests/instances/miplib/medium-2/supportcase26.mps with config: /scratch/yorig/mpils-results-grid-ticks-10000-7may/medium-2/24proc-2pils/seed-4/7_supportcase26_seed-4_20260510_053046/iterated_local_search/run_4_worker_12/ils_config_13424540598944497023.prm
[INFO]:[05:34:52] Starting CPLEX solver on instance: /home/yorig/tuner/mpils-tests/instances/miplib/medium-2/supportcase26.mps with config: /scratch/yorig/mpils-results-grid-ticks-10000-7may/medium-2/24proc-2pils/seed-4/7_supportcase26_seed-4_20260510_053046/iterated_local_search/run_4_worker_12/ils_config_13424540598944497023.prm
[INFO]:[05:34:59] CPLEX results. Gap: 21.110000, upper bound: 1793.698157, lower bound: 1414.993967
[INFO]:[05:34:59] CPLEX solver finished. Gap: 21.110000
[INFO]:[05:35:00] Local search phase completed.
[INFO]:[05:35:00] Total number of new local-search evaluations: 8
[INFO]:[05:35:00] Final incumbent objective value: 18.51
[INFO]:[05:35:00] Worker 12 completed exploration phase.
[INFO]:[05:35:00] Worker 12 received order for step 2.
[INFO]:[05:35:00] Worker 12 running expansion phase for iteration 4.
[INFO]:[05:35:00] Worker 12 will use solver log file: /scratch/yorig/mpils-results-grid-ticks-10000-7may/medium-2/24proc-2pils/seed-4/7_supportcase26_seed-4_20260510_053046/solver/cplex.log_iteration_expansion_4_worker_12
[INFO]:[05:35:00] Expansion Worker 12 starting expansion for iteration 4.
[INFO]:[05:35:00] Starting CPLEX solver on instance: /home/yorig/tuner/mpils-tests/instances/miplib/medium-2/supportcase26.mps with config: /scratch/yorig/mpils-results-grid-ticks-10000-7may/medium-2/24proc-2pils/seed-4/7_supportcase26_seed-4_20260510_053046/expansion/config_param_CPXPARAM_MIP_Strategy_SubAlgorithm_1_iter_4.prm
[INFO]:[05:35:05] CPLEX results. Gap: 10.300000, upper bound: 1781.002719, lower bound: 1597.619071
[INFO]:[05:35:05] CPLEX solver finished. Gap: 10.300000
[INFO]:[05:35:05] Expansion Worker 12 stopping early after global MPI expansion stop was activated.
[INFO]:[05:35:05] Expansion Worker 12 completed expansion.
[INFO]:[05:35:05] Worker 12 completed expansion phase.
[INFO]:[05:35:06] Worker 12 received order for step 1.
[INFO]:[05:35:06] Worker 12 running exploration phase for iteration 5.
[INFO]:[05:35:06] Worker 12 at iteration 5 will not use a MIP start file. Current best MIP-start upper bound threshold is 1.79769e+308.
[INFO]:[05:35:06] Starting local search phase...
[INFO]:[05:35:06] Creating local search space from parameter space file: /scratch/yorig/mpils-results-grid-ticks-10000-7may/medium-2/24proc-2pils/seed-4/7_supportcase26_seed-4_20260510_053046/iterated_local_search/search_space/search_space_file_5_worker_12.txt
[INFO]:[05:35:06] Local search space loaded from file: /scratch/yorig/mpils-results-grid-ticks-10000-7may/medium-2/24proc-2pils/seed-4/7_supportcase26_seed-4_20260510_053046/iterated_local_search/search_space/search_space_file_5_worker_12.txt
[INFO]:[05:35:06] Number of parameters in local search space: 71
[INFO]:[05:35:06] Number of forbidden tuples in local search space: 90
[INFO]:[05:35:06] Number of conditionals in local search space: 6
[INFO]:[05:35:06] MIP start option not enabled. Local search will proceed without MIP start.
[INFO]:[05:35:06] Starting CPLEX solver on instance: /home/yorig/tuner/mpils-tests/instances/miplib/medium-2/supportcase26.mps with config: /scratch/yorig/mpils-results-grid-ticks-10000-7may/medium-2/24proc-2pils/seed-4/7_supportcase26_seed-4_20260510_053046/iterated_local_search/run_5_worker_12/ils_config_6906017002862054933.prm
[INFO]:[05:35:06] Starting CPLEX solver on instance: /home/yorig/tuner/mpils-tests/instances/miplib/medium-2/supportcase26.mps with config: /scratch/yorig/mpils-results-grid-ticks-10000-7may/medium-2/24proc-2pils/seed-4/7_supportcase26_seed-4_20260510_053046/iterated_local_search/run_5_worker_12/ils_config_6906017002862054933.prm
[INFO]:[05:35:12] CPLEX results. Gap: 21.410000, upper bound: 1806.436791, lower bound: 1419.648824
[INFO]:[05:35:12] CPLEX solver finished. Gap: 21.410000
[INFO]:[05:35:13] New incumbent found with objective value: 17.66
[INFO]:[05:35:13] Starting CPLEX solver on instance: /home/yorig/tuner/mpils-tests/instances/miplib/medium-2/supportcase26.mps with config: /scratch/yorig/mpils-results-grid-ticks-10000-7may/medium-2/24proc-2pils/seed-4/7_supportcase26_seed-4_20260510_053046/iterated_local_search/run_5_worker_12/ils_config_6800203247328771405.prm
[INFO]:[05:35:13] Starting CPLEX solver on instance: /home/yorig/tuner/mpils-tests/instances/miplib/medium-2/supportcase26.mps with config: /scratch/yorig/mpils-results-grid-ticks-10000-7may/medium-2/24proc-2pils/seed-4/7_supportcase26_seed-4_20260510_053046/iterated_local_search/run_5_worker_12/ils_config_6800203247328771405.prm
[INFO]:[05:35:19] CPLEX results. Gap: 14.950000, upper bound: 1793.741352, lower bound: 1525.644577
[INFO]:[05:35:19] CPLEX solver finished. Gap: 14.950000
[INFO]:[05:35:19] New incumbent found with objective value: 14.95
[INFO]:[05:35:19] Starting CPLEX solver on instance: /home/yorig/tuner/mpils-tests/instances/miplib/medium-2/supportcase26.mps with config: /scratch/yorig/mpils-results-grid-ticks-10000-7may/medium-2/24proc-2pils/seed-4/7_supportcase26_seed-4_20260510_053046/iterated_local_search/run_5_worker_12/ils_config_5721689541531533948.prm
[INFO]:[05:35:19] Starting CPLEX solver on instance: /home/yorig/tuner/mpils-tests/instances/miplib/medium-2/supportcase26.mps with config: /scratch/yorig/mpils-results-grid-ticks-10000-7may/medium-2/24proc-2pils/seed-4/7_supportcase26_seed-4_20260510_053046/iterated_local_search/run_5_worker_12/ils_config_5721689541531533948.prm
[INFO]:[05:35:25] CPLEX results. Gap: 16.870000, upper bound: 1797.987564, lower bound: 1494.612971
[INFO]:[05:35:25] CPLEX solver finished. Gap: 16.870000
[INFO]:[05:35:25] Starting CPLEX solver on instance: /home/yorig/tuner/mpils-tests/instances/miplib/medium-2/supportcase26.mps with config: /scratch/yorig/mpils-results-grid-ticks-10000-7may/medium-2/24proc-2pils/seed-4/7_supportcase26_seed-4_20260510_053046/iterated_local_search/run_5_worker_12/ils_config_8687457902085595384.prm
[INFO]:[05:35:25] Starting CPLEX solver on instance: /home/yorig/tuner/mpils-tests/instances/miplib/medium-2/supportcase26.mps with config: /scratch/yorig/mpils-results-grid-ticks-10000-7may/medium-2/24proc-2pils/seed-4/7_supportcase26_seed-4_20260510_053046/iterated_local_search/run_5_worker_12/ils_config_8687457902085595384.prm
[INFO]:[05:35:31] CPLEX results. Gap: 16.710000, upper bound: 1793.741353, lower bound: 1494.064339
[INFO]:[05:35:31] CPLEX solver finished. Gap: 16.710000
[INFO]:[05:35:32] Starting CPLEX solver on instance: /home/yorig/tuner/mpils-tests/instances/miplib/medium-2/supportcase26.mps with config: /scratch/yorig/mpils-results-grid-ticks-10000-7may/medium-2/24proc-2pils/seed-4/7_supportcase26_seed-4_20260510_053046/iterated_local_search/run_5_worker_12/ils_config_11455190268062199322.prm
[INFO]:[05:35:32] Starting CPLEX solver on instance: /home/yorig/tuner/mpils-tests/instances/miplib/medium-2/supportcase26.mps with config: /scratch/yorig/mpils-results-grid-ticks-10000-7may/medium-2/24proc-2pils/seed-4/7_supportcase26_seed-4_20260510_053046/iterated_local_search/run_5_worker_12/ils_config_11455190268062199322.prm
[INFO]:[05:35:38] CPLEX results. Gap: 14.950000, upper bound: 1793.741352, lower bound: 1525.644577
[INFO]:[05:35:38] CPLEX solver finished. Gap: 14.950000
[INFO]:[05:35:38] New incumbent found with objective value: 13.33
[INFO]:[05:35:38] Local search phase completed.
[INFO]:[05:35:38] Total number of new local-search evaluations: 10
[INFO]:[05:35:38] Final incumbent objective value: 13.33
[INFO]:[05:35:42] Worker 12 completed exploration phase.
[INFO]:[05:35:42] Worker 12 received order for step 2.
[INFO]:[05:35:42] Worker 12 running expansion phase for iteration 5.
[INFO]:[05:35:42] Worker 12 will use solver log file: /scratch/yorig/mpils-results-grid-ticks-10000-7may/medium-2/24proc-2pils/seed-4/7_supportcase26_seed-4_20260510_053046/solver/cplex.log_iteration_expansion_5_worker_12
[INFO]:[05:35:42] Expansion Worker 12 starting expansion for iteration 5.
[INFO]:[05:35:42] Starting CPLEX solver on instance: /home/yorig/tuner/mpils-tests/instances/miplib/medium-2/supportcase26.mps with config: /scratch/yorig/mpils-results-grid-ticks-10000-7may/medium-2/24proc-2pils/seed-4/7_supportcase26_seed-4_20260510_053046/expansion/config_param_CPXPARAM_Simplex_DGradient_2_iter_5.prm
[INFO]:[05:35:47] CPLEX results. Gap: 7.300000, upper bound: 1764.017874, lower bound: 1635.286032
[INFO]:[05:35:47] CPLEX solver finished. Gap: 7.300000
[INFO]:[05:35:48] Expansion Worker 12 stopping early after global MPI expansion stop was activated.
[INFO]:[05:35:48] Expansion Worker 12 completed expansion.
[INFO]:[05:35:48] Worker 12 completed expansion phase.
[INFO]:[05:35:49] Worker 12 received order for step 1.
[INFO]:[05:35:49] Worker 12 running exploration phase for iteration 6.
[INFO]:[05:35:49] Worker 12 at iteration 6 will not use a MIP start file. Current best MIP-start upper bound threshold is 1.79769e+308.
[INFO]:[05:35:49] Starting local search phase...
[INFO]:[05:35:49] Creating local search space from parameter space file: /scratch/yorig/mpils-results-grid-ticks-10000-7may/medium-2/24proc-2pils/seed-4/7_supportcase26_seed-4_20260510_053046/iterated_local_search/search_space/search_space_file_6_worker_12.txt
[INFO]:[05:35:49] Local search space loaded from file: /scratch/yorig/mpils-results-grid-ticks-10000-7may/medium-2/24proc-2pils/seed-4/7_supportcase26_seed-4_20260510_053046/iterated_local_search/search_space/search_space_file_6_worker_12.txt
[INFO]:[05:35:49] Number of parameters in local search space: 71
[INFO]:[05:35:49] Number of forbidden tuples in local search space: 100
[INFO]:[05:35:49] Number of conditionals in local search space: 6
[INFO]:[05:35:49] MIP start option not enabled. Local search will proceed without MIP start.
[INFO]:[05:35:49] Starting CPLEX solver on instance: /home/yorig/tuner/mpils-tests/instances/miplib/medium-2/supportcase26.mps with config: /scratch/yorig/mpils-results-grid-ticks-10000-7may/medium-2/24proc-2pils/seed-4/7_supportcase26_seed-4_20260510_053046/iterated_local_search/run_6_worker_12/ils_config_9965415523392213882.prm
[INFO]:[05:35:49] Starting CPLEX solver on instance: /home/yorig/tuner/mpils-tests/instances/miplib/medium-2/supportcase26.mps with config: /scratch/yorig/mpils-results-grid-ticks-10000-7may/medium-2/24proc-2pils/seed-4/7_supportcase26_seed-4_20260510_053046/iterated_local_search/run_6_worker_12/ils_config_9965415523392213882.prm
[INFO]:[05:35:54] CPLEX results. Gap: 26.800000, upper bound: 1836.160269, lower bound: 1343.984294
[INFO]:[05:35:54] CPLEX solver finished. Gap: 26.800000
[INFO]:[05:35:54] New incumbent found with objective value: 25.3
[INFO]:[05:35:55] Starting CPLEX solver on instance: /home/yorig/tuner/mpils-tests/instances/miplib/medium-2/supportcase26.mps with config: /scratch/yorig/mpils-results-grid-ticks-10000-7may/medium-2/24proc-2pils/seed-4/7_supportcase26_seed-4_20260510_053046/iterated_local_search/run_6_worker_12/ils_config_6432028822075367743.prm
[INFO]:[05:35:55] Starting CPLEX solver on instance: /home/yorig/tuner/mpils-tests/instances/miplib/medium-2/supportcase26.mps with config: /scratch/yorig/mpils-results-grid-ticks-10000-7may/medium-2/24proc-2pils/seed-4/7_supportcase26_seed-4_20260510_053046/iterated_local_search/run_6_worker_12/ils_config_6432028822075367743.prm
[INFO]:[05:36:00] CPLEX results. Gap: 24.370000, upper bound: 1797.944368, lower bound: 1359.849286
[INFO]:[05:36:00] CPLEX solver finished. Gap: 24.370000
[INFO]:[05:36:00] New incumbent found with objective value: 17.68
[INFO]:[05:36:00] Starting CPLEX solver on instance: /home/yorig/tuner/mpils-tests/instances/miplib/medium-2/supportcase26.mps with config: /scratch/yorig/mpils-results-grid-ticks-10000-7may/medium-2/24proc-2pils/seed-4/7_supportcase26_seed-4_20260510_053046/iterated_local_search/run_6_worker_12/ils_config_4136910718973985379.prm
[INFO]:[05:36:00] Starting CPLEX solver on instance: /home/yorig/tuner/mpils-tests/instances/miplib/medium-2/supportcase26.mps with config: /scratch/yorig/mpils-results-grid-ticks-10000-7may/medium-2/24proc-2pils/seed-4/7_supportcase26_seed-4_20260510_053046/iterated_local_search/run_6_worker_12/ils_config_4136910718973985379.prm
[INFO]:[05:36:06] CPLEX results. Gap: 17.680000, upper bound: 1745.124182, lower bound: 1436.552054
[INFO]:[05:36:06] CPLEX solver finished. Gap: 17.680000
[INFO]:[05:36:06] Starting CPLEX solver on instance: /home/yorig/tuner/mpils-tests/instances/miplib/medium-2/supportcase26.mps with config: /scratch/yorig/mpils-results-grid-ticks-10000-7may/medium-2/24proc-2pils/seed-4/7_supportcase26_seed-4_20260510_053046/iterated_local_search/run_6_worker_12/ils_config_3739551781567474271.prm
[INFO]:[05:36:06] Starting CPLEX solver on instance: /home/yorig/tuner/mpils-tests/instances/miplib/medium-2/supportcase26.mps with config: /scratch/yorig/mpils-results-grid-ticks-10000-7may/medium-2/24proc-2pils/seed-4/7_supportcase26_seed-4_20260510_053046/iterated_local_search/run_6_worker_12/ils_config_3739551781567474271.prm
[INFO]:[05:36:11] CPLEX results. Gap: 17.680000, upper bound: 1745.124182, lower bound: 1436.552054
[INFO]:[05:36:11] CPLEX solver finished. Gap: 17.680000
[INFO]:[05:36:12] Starting CPLEX solver on instance: /home/yorig/tuner/mpils-tests/instances/miplib/medium-2/supportcase26.mps with config: /scratch/yorig/mpils-results-grid-ticks-10000-7may/medium-2/24proc-2pils/seed-4/7_supportcase26_seed-4_20260510_053046/iterated_local_search/run_6_worker_12/ils_config_9500695988865137938.prm
[INFO]:[05:36:12] Starting CPLEX solver on instance: /home/yorig/tuner/mpils-tests/instances/miplib/medium-2/supportcase26.mps with config: /scratch/yorig/mpils-results-grid-ticks-10000-7may/medium-2/24proc-2pils/seed-4/7_supportcase26_seed-4_20260510_053046/iterated_local_search/run_6_worker_12/ils_config_9500695988865137938.prm
[INFO]:[05:36:16] CPLEX results. Gap: 20.700000, upper bound: 1793.698157, lower bound: 1422.340324
[INFO]:[05:36:16] CPLEX solver finished. Gap: 20.700000
[INFO]:[05:36:17] Local search phase completed.
[INFO]:[05:36:17] Total number of new local-search evaluations: 10
[INFO]:[05:36:17] Final incumbent objective value: 17.68
[INFO]:[05:36:21] Worker 12 completed exploration phase.
[INFO]:[05:36:21] Worker 12 received order for step 2.
[INFO]:[05:36:21] Worker 12 running expansion phase for iteration 6.
[INFO]:[05:36:21] Worker 12 will use solver log file: /scratch/yorig/mpils-results-grid-ticks-10000-7may/medium-2/24proc-2pils/seed-4/7_supportcase26_seed-4_20260510_053046/solver/cplex.log_iteration_expansion_6_worker_12
[INFO]:[05:36:21] Expansion Worker 12 starting expansion for iteration 6.
[INFO]:[05:36:21] Starting CPLEX solver on instance: /home/yorig/tuner/mpils-tests/instances/miplib/medium-2/supportcase26.mps with config: /scratch/yorig/mpils-results-grid-ticks-10000-7may/medium-2/24proc-2pils/seed-4/7_supportcase26_seed-4_20260510_053046/expansion/config_param_CPXPARAM_Simplex_PGradient_2_iter_6.prm
[INFO]:[05:36:27] CPLEX results. Gap: 9.140000, upper bound: 1776.756508, lower bound: 1614.371632
[INFO]:[05:36:27] CPLEX solver finished. Gap: 9.140000
[INFO]:[05:36:33] Expansion Worker 12 completed expansion.
[INFO]:[05:36:33] Worker 12 completed expansion phase.
[INFO]:[05:36:34] Worker 12 received order for step 1.
[INFO]:[05:36:34] Worker 12 running exploration phase for iteration 7.
[INFO]:[05:36:34] Worker 12 at iteration 7 will not use a MIP start file. Current best MIP-start upper bound threshold is 1.79769e+308.
[INFO]:[05:36:34] Starting local search phase...
[INFO]:[05:36:34] Creating local search space from parameter space file: /scratch/yorig/mpils-results-grid-ticks-10000-7may/medium-2/24proc-2pils/seed-4/7_supportcase26_seed-4_20260510_053046/iterated_local_search/search_space/search_space_file_7_worker_12.txt
[INFO]:[05:36:34] Local search space loaded from file: /scratch/yorig/mpils-results-grid-ticks-10000-7may/medium-2/24proc-2pils/seed-4/7_supportcase26_seed-4_20260510_053046/iterated_local_search/search_space/search_space_file_7_worker_12.txt
[INFO]:[05:36:34] Number of parameters in local search space: 71
[INFO]:[05:36:34] Number of forbidden tuples in local search space: 145
[INFO]:[05:36:34] Number of conditionals in local search space: 6
[INFO]:[05:36:34] MIP start option not enabled. Local search will proceed without MIP start.
[INFO]:[05:36:34] Starting CPLEX solver on instance: /home/yorig/tuner/mpils-tests/instances/miplib/medium-2/supportcase26.mps with config: /scratch/yorig/mpils-results-grid-ticks-10000-7may/medium-2/24proc-2pils/seed-4/7_supportcase26_seed-4_20260510_053046/iterated_local_search/run_7_worker_12/ils_config_5765527414501117048.prm
[INFO]:[05:36:34] Starting CPLEX solver on instance: /home/yorig/tuner/mpils-tests/instances/miplib/medium-2/supportcase26.mps with config: /scratch/yorig/mpils-results-grid-ticks-10000-7may/medium-2/24proc-2pils/seed-4/7_supportcase26_seed-4_20260510_053046/iterated_local_search/run_7_worker_12/ils_config_5765527414501117048.prm
[INFO]:[05:36:39] CPLEX results. Gap: 25.550000, upper bound: 1814.972409, lower bound: 1351.190705
[INFO]:[05:36:39] CPLEX solver finished. Gap: 25.550000
[INFO]:[05:36:40] Starting CPLEX solver on instance: /home/yorig/tuner/mpils-tests/instances/miplib/medium-2/supportcase26.mps with config: /scratch/yorig/mpils-results-grid-ticks-10000-7may/medium-2/24proc-2pils/seed-4/7_supportcase26_seed-4_20260510_053046/iterated_local_search/run_7_worker_12/ils_config_353634955011454597.prm
[INFO]:[05:36:40] Starting CPLEX solver on instance: /home/yorig/tuner/mpils-tests/instances/miplib/medium-2/supportcase26.mps with config: /scratch/yorig/mpils-results-grid-ticks-10000-7may/medium-2/24proc-2pils/seed-4/7_supportcase26_seed-4_20260510_053046/iterated_local_search/run_7_worker_12/ils_config_353634955011454597.prm
[INFO]:[05:36:46] CPLEX results. Gap: 18.920000, upper bound: 1755.525451, lower bound: 1423.371321
[INFO]:[05:36:46] CPLEX solver finished. Gap: 18.920000
[INFO]:[05:36:46] New incumbent found with objective value: 18.92
[INFO]:[05:36:46] Starting CPLEX solver on instance: /home/yorig/tuner/mpils-tests/instances/miplib/medium-2/supportcase26.mps with config: /scratch/yorig/mpils-results-grid-ticks-10000-7may/medium-2/24proc-2pils/seed-4/7_supportcase26_seed-4_20260510_053046/iterated_local_search/run_7_worker_12/ils_config_14003203550044345700.prm
[INFO]:[05:36:46] Starting CPLEX solver on instance: /home/yorig/tuner/mpils-tests/instances/miplib/medium-2/supportcase26.mps with config: /scratch/yorig/mpils-results-grid-ticks-10000-7may/medium-2/24proc-2pils/seed-4/7_supportcase26_seed-4_20260510_053046/iterated_local_search/run_7_worker_12/ils_config_14003203550044345700.prm
[INFO]:[05:36:52] CPLEX results. Gap: 18.920000, upper bound: 1755.525451, lower bound: 1423.371321
[INFO]:[05:36:52] CPLEX solver finished. Gap: 18.920000
[INFO]:[05:36:52] Starting CPLEX solver on instance: /home/yorig/tuner/mpils-tests/instances/miplib/medium-2/supportcase26.mps with config: /scratch/yorig/mpils-results-grid-ticks-10000-7may/medium-2/24proc-2pils/seed-4/7_supportcase26_seed-4_20260510_053046/iterated_local_search/run_7_worker_12/ils_config_15506089221716736620.prm
[INFO]:[05:36:52] Starting CPLEX solver on instance: /home/yorig/tuner/mpils-tests/instances/miplib/medium-2/supportcase26.mps with config: /scratch/yorig/mpils-results-grid-ticks-10000-7may/medium-2/24proc-2pils/seed-4/7_supportcase26_seed-4_20260510_053046/iterated_local_search/run_7_worker_12/ils_config_15506089221716736620.prm
[INFO]:[05:36:58] CPLEX results. Gap: 23.840000, upper bound: 1857.434521, lower bound: 1414.573137
[INFO]:[05:36:58] CPLEX solver finished. Gap: 23.840000
[INFO]:[05:36:58] Starting CPLEX solver on instance: /home/yorig/tuner/mpils-tests/instances/miplib/medium-2/supportcase26.mps with config: /scratch/yorig/mpils-results-grid-ticks-10000-7may/medium-2/24proc-2pils/seed-4/7_supportcase26_seed-4_20260510_053046/iterated_local_search/run_7_worker_12/ils_config_11718013272357447095.prm
[INFO]:[05:36:58] Starting CPLEX solver on instance: /home/yorig/tuner/mpils-tests/instances/miplib/medium-2/supportcase26.mps with config: /scratch/yorig/mpils-results-grid-ticks-10000-7may/medium-2/24proc-2pils/seed-4/7_supportcase26_seed-4_20260510_053046/iterated_local_search/run_7_worker_12/ils_config_11718013272357447095.prm
[INFO]:[05:37:04] CPLEX results. Gap: 20.970000, upper bound: 1797.987564, lower bound: 1420.871653
[INFO]:[05:37:04] CPLEX solver finished. Gap: 20.970000
[INFO]:[05:37:04] Local search phase completed.
[INFO]:[05:37:04] Total number of new local-search evaluations: 10
[INFO]:[05:37:04] Final incumbent objective value: 18.92
[INFO]:[05:37:07] Worker 12 completed exploration phase.
[INFO]:[05:37:07] Worker 12 received order for step 2.
[INFO]:[05:37:07] Worker 12 running expansion phase for iteration 7.
[INFO]:[05:37:07] Worker 12 will use solver log file: /scratch/yorig/mpils-results-grid-ticks-10000-7may/medium-2/24proc-2pils/seed-4/7_supportcase26_seed-4_20260510_053046/solver/cplex.log_iteration_expansion_7_worker_12
[INFO]:[05:37:07] Expansion Worker 12 starting expansion for iteration 7.
[INFO]:[05:37:07] Starting CPLEX solver on instance: /home/yorig/tuner/mpils-tests/instances/miplib/medium-2/supportcase26.mps with config: /scratch/yorig/mpils-results-grid-ticks-10000-7may/medium-2/24proc-2pils/seed-4/7_supportcase26_seed-4_20260510_053046/expansion/config_param_CPXPARAM_Feasopt_Mode_3_iter_7.prm
[INFO]:[05:37:12] CPLEX results. Gap: 6.470000, upper bound: 1759.771662, lower bound: 1645.991296
[INFO]:[05:37:12] CPLEX solver finished. Gap: 6.470000
[INFO]:[05:37:13] Expansion Worker 12 stopping early after global MPI expansion stop was activated.
[INFO]:[05:37:13] Expansion Worker 12 completed expansion.
[INFO]:[05:37:13] Worker 12 completed expansion phase.
[INFO]:[05:37:14] Worker 12 received order for step 1.
[INFO]:[05:37:14] Worker 12 running exploration phase for iteration 8.
[INFO]:[05:37:14] Worker 12 at iteration 8 will not use a MIP start file. Current best MIP-start upper bound threshold is 1.79769e+308.
[INFO]:[05:37:14] Starting local search phase...
[INFO]:[05:37:14] Creating local search space from parameter space file: /scratch/yorig/mpils-results-grid-ticks-10000-7may/medium-2/24proc-2pils/seed-4/7_supportcase26_seed-4_20260510_053046/iterated_local_search/search_space/search_space_file_8_worker_12.txt
[INFO]:[05:37:14] Local search space loaded from file: /scratch/yorig/mpils-results-grid-ticks-10000-7may/medium-2/24proc-2pils/seed-4/7_supportcase26_seed-4_20260510_053046/iterated_local_search/search_space/search_space_file_8_worker_12.txt
[INFO]:[05:37:14] Number of parameters in local search space: 71
[INFO]:[05:37:14] Number of forbidden tuples in local search space: 171
[INFO]:[05:37:14] Number of conditionals in local search space: 6
[INFO]:[05:37:14] MIP start option not enabled. Local search will proceed without MIP start.
[INFO]:[05:37:14] Starting CPLEX solver on instance: /home/yorig/tuner/mpils-tests/instances/miplib/medium-2/supportcase26.mps with config: /scratch/yorig/mpils-results-grid-ticks-10000-7may/medium-2/24proc-2pils/seed-4/7_supportcase26_seed-4_20260510_053046/iterated_local_search/run_8_worker_12/ils_config_1795655982778841921.prm
[INFO]:[05:37:14] Starting CPLEX solver on instance: /home/yorig/tuner/mpils-tests/instances/miplib/medium-2/supportcase26.mps with config: /scratch/yorig/mpils-results-grid-ticks-10000-7may/medium-2/24proc-2pils/seed-4/7_supportcase26_seed-4_20260510_053046/iterated_local_search/run_8_worker_12/ils_config_1795655982778841921.prm
[INFO]:[05:37:19] CPLEX results. Gap: 29.090000, upper bound: 1819.670846, lower bound: 1290.364997
[INFO]:[05:37:19] CPLEX solver finished. Gap: 29.090000
[INFO]:[05:37:19] New incumbent found with objective value: 23.8
[INFO]:[05:37:19] Starting CPLEX solver on instance: /home/yorig/tuner/mpils-tests/instances/miplib/medium-2/supportcase26.mps with config: /scratch/yorig/mpils-results-grid-ticks-10000-7may/medium-2/24proc-2pils/seed-4/7_supportcase26_seed-4_20260510_053046/iterated_local_search/run_8_worker_12/ils_config_8104365899276119408.prm
[INFO]:[05:37:19] Starting CPLEX solver on instance: /home/yorig/tuner/mpils-tests/instances/miplib/medium-2/supportcase26.mps with config: /scratch/yorig/mpils-results-grid-ticks-10000-7may/medium-2/24proc-2pils/seed-4/7_supportcase26_seed-4_20260510_053046/iterated_local_search/run_8_worker_12/ils_config_8104365899276119408.prm
[INFO]:[05:37:23] CPLEX results. Gap: 24.710000, upper bound: 1848.805595, lower bound: 1391.929983
[INFO]:[05:37:23] CPLEX solver finished. Gap: 24.710000
[INFO]:[05:37:23] New incumbent found with objective value: 18.99
[INFO]:[05:37:24] Starting CPLEX solver on instance: /home/yorig/tuner/mpils-tests/instances/miplib/medium-2/supportcase26.mps with config: /scratch/yorig/mpils-results-grid-ticks-10000-7may/medium-2/24proc-2pils/seed-4/7_supportcase26_seed-4_20260510_053046/iterated_local_search/run_8_worker_12/ils_config_6447430305175334731.prm
[INFO]:[05:37:24] Starting CPLEX solver on instance: /home/yorig/tuner/mpils-tests/instances/miplib/medium-2/supportcase26.mps with config: /scratch/yorig/mpils-results-grid-ticks-10000-7may/medium-2/24proc-2pils/seed-4/7_supportcase26_seed-4_20260510_053046/iterated_local_search/run_8_worker_12/ils_config_6447430305175334731.prm
[INFO]:[05:37:28] CPLEX results. Gap: 18.990000, upper bound: 1844.652692, lower bound: 1494.403205
[INFO]:[05:37:28] CPLEX solver finished. Gap: 18.990000
[INFO]:[05:37:28] Starting CPLEX solver on instance: /home/yorig/tuner/mpils-tests/instances/miplib/medium-2/supportcase26.mps with config: /scratch/yorig/mpils-results-grid-ticks-10000-7may/medium-2/24proc-2pils/seed-4/7_supportcase26_seed-4_20260510_053046/iterated_local_search/run_8_worker_12/ils_config_17011188048906035450.prm
[INFO]:[05:37:28] Starting CPLEX solver on instance: /home/yorig/tuner/mpils-tests/instances/miplib/medium-2/supportcase26.mps with config: /scratch/yorig/mpils-results-grid-ticks-10000-7may/medium-2/24proc-2pils/seed-4/7_supportcase26_seed-4_20260510_053046/iterated_local_search/run_8_worker_12/ils_config_17011188048906035450.prm
[INFO]:[05:37:33] CPLEX results. Gap: 20.470000, upper bound: 1848.942099, lower bound: 1470.375655
[INFO]:[05:37:33] CPLEX solver finished. Gap: 20.470000
[INFO]:[05:37:34] Starting CPLEX solver on instance: /home/yorig/tuner/mpils-tests/instances/miplib/medium-2/supportcase26.mps with config: /scratch/yorig/mpils-results-grid-ticks-10000-7may/medium-2/24proc-2pils/seed-4/7_supportcase26_seed-4_20260510_053046/iterated_local_search/run_8_worker_12/ils_config_10715114548566607381.prm
[INFO]:[05:37:34] Starting CPLEX solver on instance: /home/yorig/tuner/mpils-tests/instances/miplib/medium-2/supportcase26.mps with config: /scratch/yorig/mpils-results-grid-ticks-10000-7may/medium-2/24proc-2pils/seed-4/7_supportcase26_seed-4_20260510_053046/iterated_local_search/run_8_worker_12/ils_config_10715114548566607381.prm
[INFO]:[05:37:39] CPLEX results. Gap: 18.990000, upper bound: 1844.652692, lower bound: 1494.403205
[INFO]:[05:37:39] CPLEX solver finished. Gap: 18.990000
[INFO]:[05:37:39] Starting CPLEX solver on instance: /home/yorig/tuner/mpils-tests/instances/miplib/medium-2/supportcase26.mps with config: /scratch/yorig/mpils-results-grid-ticks-10000-7may/medium-2/24proc-2pils/seed-4/7_supportcase26_seed-4_20260510_053046/iterated_local_search/run_8_worker_12/ils_config_8943695213738244732.prm
[INFO]:[05:37:39] Starting CPLEX solver on instance: /home/yorig/tuner/mpils-tests/instances/miplib/medium-2/supportcase26.mps with config: /scratch/yorig/mpils-results-grid-ticks-10000-7may/medium-2/24proc-2pils/seed-4/7_supportcase26_seed-4_20260510_053046/iterated_local_search/run_8_worker_12/ils_config_8943695213738244732.prm
[INFO]:[05:37:45] CPLEX results. Gap: 17.520000, upper bound: 1811.178424, lower bound: 1493.806766
[INFO]:[05:37:45] CPLEX solver finished. Gap: 17.520000
[INFO]:[05:37:45] New incumbent found with objective value: 17.52
[INFO]:[05:37:45] Starting CPLEX solver on instance: /home/yorig/tuner/mpils-tests/instances/miplib/medium-2/supportcase26.mps with config: /scratch/yorig/mpils-results-grid-ticks-10000-7may/medium-2/24proc-2pils/seed-4/7_supportcase26_seed-4_20260510_053046/iterated_local_search/run_8_worker_12/ils_config_1724955272986782011.prm
[INFO]:[05:37:45] Starting CPLEX solver on instance: /home/yorig/tuner/mpils-tests/instances/miplib/medium-2/supportcase26.mps with config: /scratch/yorig/mpils-results-grid-ticks-10000-7may/medium-2/24proc-2pils/seed-4/7_supportcase26_seed-4_20260510_053046/iterated_local_search/run_8_worker_12/ils_config_1724955272986782011.prm
[INFO]:[05:37:49] CPLEX results. Gap: 15.180000, upper bound: 1797.987564, lower bound: 1525.134739
[INFO]:[05:37:49] CPLEX solver finished. Gap: 15.180000
[INFO]:[05:37:50] New incumbent found with objective value: 15.18
[INFO]:[05:37:50] Starting CPLEX solver on instance: /home/yorig/tuner/mpils-tests/instances/miplib/medium-2/supportcase26.mps with config: /scratch/yorig/mpils-results-grid-ticks-10000-7may/medium-2/24proc-2pils/seed-4/7_supportcase26_seed-4_20260510_053046/iterated_local_search/run_8_worker_12/ils_config_9634864918365437862.prm
[INFO]:[05:37:50] Starting CPLEX solver on instance: /home/yorig/tuner/mpils-tests/instances/miplib/medium-2/supportcase26.mps with config: /scratch/yorig/mpils-results-grid-ticks-10000-7may/medium-2/24proc-2pils/seed-4/7_supportcase26_seed-4_20260510_053046/iterated_local_search/run_8_worker_12/ils_config_9634864918365437862.prm
[INFO]:[05:37:55] CPLEX results. Gap: 15.180000, upper bound: 1797.987564, lower bound: 1525.134739
[INFO]:[05:37:55] CPLEX solver finished. Gap: 15.180000
[INFO]:[05:37:55] New incumbent found with objective value: 14.51
[INFO]:[05:37:55] Starting CPLEX solver on instance: /home/yorig/tuner/mpils-tests/instances/miplib/medium-2/supportcase26.mps with config: /scratch/yorig/mpils-results-grid-ticks-10000-7may/medium-2/24proc-2pils/seed-4/7_supportcase26_seed-4_20260510_053046/iterated_local_search/run_8_worker_12/ils_config_15013208540669002065.prm
[INFO]:[05:37:55] Starting CPLEX solver on instance: /home/yorig/tuner/mpils-tests/instances/miplib/medium-2/supportcase26.mps with config: /scratch/yorig/mpils-results-grid-ticks-10000-7may/medium-2/24proc-2pils/seed-4/7_supportcase26_seed-4_20260510_053046/iterated_local_search/run_8_worker_12/ils_config_15013208540669002065.prm
[INFO]:[05:37:59] CPLEX results. Gap: 21.500000, upper bound: 1785.248931, lower bound: 1401.496876
[INFO]:[05:37:59] CPLEX solver finished. Gap: 21.500000
[INFO]:[05:37:59] Starting CPLEX solver on instance: /home/yorig/tuner/mpils-tests/instances/miplib/medium-2/supportcase26.mps with config: /scratch/yorig/mpils-results-grid-ticks-10000-7may/medium-2/24proc-2pils/seed-4/7_supportcase26_seed-4_20260510_053046/iterated_local_search/run_8_worker_12/ils_config_5382331619938315667.prm
[INFO]:[05:37:59] Starting CPLEX solver on instance: /home/yorig/tuner/mpils-tests/instances/miplib/medium-2/supportcase26.mps with config: /scratch/yorig/mpils-results-grid-ticks-10000-7may/medium-2/24proc-2pils/seed-4/7_supportcase26_seed-4_20260510_053046/iterated_local_search/run_8_worker_12/ils_config_5382331619938315667.prm
[INFO]:[05:38:03] CPLEX results. Gap: 14.040000, upper bound: 1781.002719, lower bound: 1530.986464
[INFO]:[05:38:03] CPLEX solver finished. Gap: 14.040000
[INFO]:[05:38:03] New incumbent found with objective value: 14.04
[INFO]:[05:38:03] Starting CPLEX solver on instance: /home/yorig/tuner/mpils-tests/instances/miplib/medium-2/supportcase26.mps with config: /scratch/yorig/mpils-results-grid-ticks-10000-7may/medium-2/24proc-2pils/seed-4/7_supportcase26_seed-4_20260510_053046/iterated_local_search/run_8_worker_12/ils_config_10139934855197439192.prm
[INFO]:[05:38:03] Starting CPLEX solver on instance: /home/yorig/tuner/mpils-tests/instances/miplib/medium-2/supportcase26.mps with config: /scratch/yorig/mpils-results-grid-ticks-10000-7may/medium-2/24proc-2pils/seed-4/7_supportcase26_seed-4_20260510_053046/iterated_local_search/run_8_worker_12/ils_config_10139934855197439192.prm
[WARN]:[05:38:08] CPLEX finished without a primal feasible solution for config /scratch/yorig/mpils-results-grid-ticks-10000-7may/medium-2/24proc-2pils/seed-4/7_supportcase26_seed-4_20260510_053046/iterated_local_search/run_8_worker_12/ils_config_10139934855197439192.prm.
[INFO]:[05:38:08] CPLEX results. Gap: unavailable, upper bound: null, lower bound: 1587.550910
[INFO]:[05:38:08] CPLEX solver finished. Gap: 179769313486231570814527423731704356798070567525844996598917476803157260780028538760589558632766878171540458953514382464234321326889464182768467546703537516986049910576551282076245490090389328944075868508455133942304583236903222948165808559332123348274797826204144723168738177180919299881250404026184124858368.000000
[INFO]:[05:38:08] Starting CPLEX solver on instance: /home/yorig/tuner/mpils-tests/instances/miplib/medium-2/supportcase26.mps with config: /scratch/yorig/mpils-results-grid-ticks-10000-7may/medium-2/24proc-2pils/seed-4/7_supportcase26_seed-4_20260510_053046/iterated_local_search/run_8_worker_12/ils_config_17512577013971257747.prm
[INFO]:[05:38:08] Starting CPLEX solver on instance: /home/yorig/tuner/mpils-tests/instances/miplib/medium-2/supportcase26.mps with config: /scratch/yorig/mpils-results-grid-ticks-10000-7may/medium-2/24proc-2pils/seed-4/7_supportcase26_seed-4_20260510_053046/iterated_local_search/run_8_worker_12/ils_config_17512577013971257747.prm
[INFO]:[05:38:12] CPLEX results. Gap: 14.040000, upper bound: 1781.002719, lower bound: 1530.986464
[INFO]:[05:38:12] CPLEX solver finished. Gap: 14.040000
[INFO]:[05:38:12] Starting CPLEX solver on instance: /home/yorig/tuner/mpils-tests/instances/miplib/medium-2/supportcase26.mps with config: /scratch/yorig/mpils-results-grid-ticks-10000-7may/medium-2/24proc-2pils/seed-4/7_supportcase26_seed-4_20260510_053046/iterated_local_search/run_8_worker_12/ils_config_10430505315659814161.prm
[INFO]:[05:38:12] Starting CPLEX solver on instance: /home/yorig/tuner/mpils-tests/instances/miplib/medium-2/supportcase26.mps with config: /scratch/yorig/mpils-results-grid-ticks-10000-7may/medium-2/24proc-2pils/seed-4/7_supportcase26_seed-4_20260510_053046/iterated_local_search/run_8_worker_12/ils_config_10430505315659814161.prm
[INFO]:[05:38:17] CPLEX results. Gap: 14.040000, upper bound: 1781.002719, lower bound: 1530.986464
[INFO]:[05:38:17] CPLEX solver finished. Gap: 14.040000
[INFO]:[05:38:17] Starting CPLEX solver on instance: /home/yorig/tuner/mpils-tests/instances/miplib/medium-2/supportcase26.mps with config: /scratch/yorig/mpils-results-grid-ticks-10000-7may/medium-2/24proc-2pils/seed-4/7_supportcase26_seed-4_20260510_053046/iterated_local_search/run_8_worker_12/ils_config_17160339135673191603.prm
[INFO]:[05:38:17] Starting CPLEX solver on instance: /home/yorig/tuner/mpils-tests/instances/miplib/medium-2/supportcase26.mps with config: /scratch/yorig/mpils-results-grid-ticks-10000-7may/medium-2/24proc-2pils/seed-4/7_supportcase26_seed-4_20260510_053046/iterated_local_search/run_8_worker_12/ils_config_17160339135673191603.prm
[INFO]:[05:38:21] CPLEX results. Gap: 14.820000, upper bound: 1789.495142, lower bound: 1524.320616
[INFO]:[05:38:21] CPLEX solver finished. Gap: 14.820000
[INFO]:[05:38:21] Local search phase completed.
[INFO]:[05:38:21] Total number of new local-search evaluations: 28
[INFO]:[05:38:21] Final incumbent objective value: 14.04
[INFO]:[05:38:52] Worker 12 completed exploration phase.
[INFO]:[05:38:52] Worker 12 received order for step 2.
[INFO]:[05:38:52] Worker 12 running expansion phase for iteration 8.
[INFO]:[05:38:52] Worker 12 will use solver log file: /scratch/yorig/mpils-results-grid-ticks-10000-7may/medium-2/24proc-2pils/seed-4/7_supportcase26_seed-4_20260510_053046/solver/cplex.log_iteration_expansion_8_worker_12
[INFO]:[05:38:52] Expansion Worker 12 starting expansion for iteration 8.
[INFO]:[05:38:52] Starting CPLEX solver on instance: /home/yorig/tuner/mpils-tests/instances/miplib/medium-2/supportcase26.mps with config: /scratch/yorig/mpils-results-grid-ticks-10000-7may/medium-2/24proc-2pils/seed-4/7_supportcase26_seed-4_20260510_053046/expansion/config_param_CPXPARAM_Network_Pricing_2_iter_8.prm
[INFO]:[05:38:57] CPLEX results. Gap: 6.420000, upper bound: 1755.525451, lower bound: 1642.881074
[INFO]:[05:38:57] CPLEX solver finished. Gap: 6.420000
[INFO]:[05:39:02] Expansion Worker 12 completed expansion.
[INFO]:[05:39:02] Worker 12 completed expansion phase.
[INFO]:[05:39:05] Worker 12 received order for step 1.
[INFO]:[05:39:05] Worker 12 running exploration phase for iteration 9.
[INFO]:[05:39:05] Worker 12 at iteration 9 will not use a MIP start file. Current best MIP-start upper bound threshold is 1.79769e+308.
[INFO]:[05:39:05] Starting local search phase...
[INFO]:[05:39:05] Creating local search space from parameter space file: /scratch/yorig/mpils-results-grid-ticks-10000-7may/medium-2/24proc-2pils/seed-4/7_supportcase26_seed-4_20260510_053046/iterated_local_search/search_space/search_space_file_9_worker_12.txt
[INFO]:[05:39:05] Local search space loaded from file: /scratch/yorig/mpils-results-grid-ticks-10000-7may/medium-2/24proc-2pils/seed-4/7_supportcase26_seed-4_20260510_053046/iterated_local_search/search_space/search_space_file_9_worker_12.txt
[INFO]:[05:39:05] Number of parameters in local search space: 71
[INFO]:[05:39:05] Number of forbidden tuples in local search space: 196
[INFO]:[05:39:05] Number of conditionals in local search space: 6
[INFO]:[05:39:05] MIP start option not enabled. Local search will proceed without MIP start.
[INFO]:[05:39:05] Starting CPLEX solver on instance: /home/yorig/tuner/mpils-tests/instances/miplib/medium-2/supportcase26.mps with config: /scratch/yorig/mpils-results-grid-ticks-10000-7may/medium-2/24proc-2pils/seed-4/7_supportcase26_seed-4_20260510_053046/iterated_local_search/run_9_worker_12/ils_config_11513899208708732889.prm
[INFO]:[05:39:05] Starting CPLEX solver on instance: /home/yorig/tuner/mpils-tests/instances/miplib/medium-2/supportcase26.mps with config: /scratch/yorig/mpils-results-grid-ticks-10000-7may/medium-2/24proc-2pils/seed-4/7_supportcase26_seed-4_20260510_053046/iterated_local_search/run_9_worker_12/ils_config_11513899208708732889.prm
[INFO]:[05:39:11] CPLEX results. Gap: 32.680000, upper bound: 1916.881479, lower bound: 1290.399153
[INFO]:[05:39:11] CPLEX solver finished. Gap: 32.680000
[INFO]:[05:39:11] New incumbent found with objective value: 21.89
[INFO]:[05:39:11] Starting CPLEX solver on instance: /home/yorig/tuner/mpils-tests/instances/miplib/medium-2/supportcase26.mps with config: /scratch/yorig/mpils-results-grid-ticks-10000-7may/medium-2/24proc-2pils/seed-4/7_supportcase26_seed-4_20260510_053046/iterated_local_search/run_9_worker_12/ils_config_6870990820570969659.prm
[INFO]:[05:39:11] Starting CPLEX solver on instance: /home/yorig/tuner/mpils-tests/instances/miplib/medium-2/supportcase26.mps with config: /scratch/yorig/mpils-results-grid-ticks-10000-7may/medium-2/24proc-2pils/seed-4/7_supportcase26_seed-4_20260510_053046/iterated_local_search/run_9_worker_12/ils_config_6870990820570969659.prm
[INFO]:[05:39:17] CPLEX results. Gap: 24.110000, upper bound: 1836.160269, lower bound: 1393.517427
[INFO]:[05:39:17] CPLEX solver finished. Gap: 24.110000
[INFO]:[05:39:17] Starting CPLEX solver on instance: /home/yorig/tuner/mpils-tests/instances/miplib/medium-2/supportcase26.mps with config: /scratch/yorig/mpils-results-grid-ticks-10000-7may/medium-2/24proc-2pils/seed-4/7_supportcase26_seed-4_20260510_053046/iterated_local_search/run_9_worker_12/ils_config_8521023711334074734.prm
[INFO]:[05:39:17] Starting CPLEX solver on instance: /home/yorig/tuner/mpils-tests/instances/miplib/medium-2/supportcase26.mps with config: /scratch/yorig/mpils-results-grid-ticks-10000-7may/medium-2/24proc-2pils/seed-4/7_supportcase26_seed-4_20260510_053046/iterated_local_search/run_9_worker_12/ils_config_8521023711334074734.prm
[INFO]:[05:39:22] CPLEX results. Gap: 23.970000, upper bound: 1819.175424, lower bound: 1383.044375
[INFO]:[05:39:22] CPLEX solver finished. Gap: 23.970000
[INFO]:[05:39:22] Starting CPLEX solver on instance: /home/yorig/tuner/mpils-tests/instances/miplib/medium-2/supportcase26.mps with config: /scratch/yorig/mpils-results-grid-ticks-10000-7may/medium-2/24proc-2pils/seed-4/7_supportcase26_seed-4_20260510_053046/iterated_local_search/run_9_worker_12/ils_config_9870592204248273125.prm
[INFO]:[05:39:22] Starting CPLEX solver on instance: /home/yorig/tuner/mpils-tests/instances/miplib/medium-2/supportcase26.mps with config: /scratch/yorig/mpils-results-grid-ticks-10000-7may/medium-2/24proc-2pils/seed-4/7_supportcase26_seed-4_20260510_053046/iterated_local_search/run_9_worker_12/ils_config_9870592204248273125.prm
[INFO]:[05:39:26] CPLEX results. Gap: 24.890000, upper bound: 1870.173155, lower bound: 1404.643350
[INFO]:[05:39:26] CPLEX solver finished. Gap: 24.890000
[INFO]:[05:39:27] Starting CPLEX solver on instance: /home/yorig/tuner/mpils-tests/instances/miplib/medium-2/supportcase26.mps with config: /scratch/yorig/mpils-results-grid-ticks-10000-7may/medium-2/24proc-2pils/seed-4/7_supportcase26_seed-4_20260510_053046/iterated_local_search/run_9_worker_12/ils_config_16462336436199812882.prm
[INFO]:[05:39:27] Starting CPLEX solver on instance: /home/yorig/tuner/mpils-tests/instances/miplib/medium-2/supportcase26.mps with config: /scratch/yorig/mpils-results-grid-ticks-10000-7may/medium-2/24proc-2pils/seed-4/7_supportcase26_seed-4_20260510_053046/iterated_local_search/run_9_worker_12/ils_config_16462336436199812882.prm
[INFO]:[05:39:31] CPLEX results. Gap: 23.320000, upper bound: 1819.218620, lower bound: 1395.058255
[INFO]:[05:39:31] CPLEX solver finished. Gap: 23.320000
[INFO]:[05:39:32] Starting CPLEX solver on instance: /home/yorig/tuner/mpils-tests/instances/miplib/medium-2/supportcase26.mps with config: /scratch/yorig/mpils-results-grid-ticks-10000-7may/medium-2/24proc-2pils/seed-4/7_supportcase26_seed-4_20260510_053046/iterated_local_search/run_9_worker_12/ils_config_10132715594856194558.prm
[INFO]:[05:39:32] Starting CPLEX solver on instance: /home/yorig/tuner/mpils-tests/instances/miplib/medium-2/supportcase26.mps with config: /scratch/yorig/mpils-results-grid-ticks-10000-7may/medium-2/24proc-2pils/seed-4/7_supportcase26_seed-4_20260510_053046/iterated_local_search/run_9_worker_12/ils_config_10132715594856194558.prm
[INFO]:[05:39:37] CPLEX results. Gap: 21.890000, upper bound: 1803.491800, lower bound: 1408.685798
[INFO]:[05:39:37] CPLEX solver finished. Gap: 21.890000
[INFO]:[05:39:37] Starting CPLEX solver on instance: /home/yorig/tuner/mpils-tests/instances/miplib/medium-2/supportcase26.mps with config: /scratch/yorig/mpils-results-grid-ticks-10000-7may/medium-2/24proc-2pils/seed-4/7_supportcase26_seed-4_20260510_053046/iterated_local_search/run_9_worker_12/ils_config_743879252035657344.prm
[INFO]:[05:39:37] Starting CPLEX solver on instance: /home/yorig/tuner/mpils-tests/instances/miplib/medium-2/supportcase26.mps with config: /scratch/yorig/mpils-results-grid-ticks-10000-7may/medium-2/24proc-2pils/seed-4/7_supportcase26_seed-4_20260510_053046/iterated_local_search/run_9_worker_12/ils_config_743879252035657344.prm
[INFO]:[05:39:42] CPLEX results. Gap: 21.890000, upper bound: 1803.491800, lower bound: 1408.685798
[INFO]:[05:39:42] CPLEX solver finished. Gap: 21.890000
[INFO]:[05:39:42] New incumbent found with objective value: 21.37
[INFO]:[05:39:43] Starting CPLEX solver on instance: /home/yorig/tuner/mpils-tests/instances/miplib/medium-2/supportcase26.mps with config: /scratch/yorig/mpils-results-grid-ticks-10000-7may/medium-2/24proc-2pils/seed-4/7_supportcase26_seed-4_20260510_053046/iterated_local_search/run_9_worker_12/ils_config_5180548527544179404.prm
[INFO]:[05:39:43] Starting CPLEX solver on instance: /home/yorig/tuner/mpils-tests/instances/miplib/medium-2/supportcase26.mps with config: /scratch/yorig/mpils-results-grid-ticks-10000-7may/medium-2/24proc-2pils/seed-4/7_supportcase26_seed-4_20260510_053046/iterated_local_search/run_9_worker_12/ils_config_5180548527544179404.prm
[INFO]:[05:39:48] CPLEX results. Gap: 22.360000, upper bound: 1799.384732, lower bound: 1396.961458
[INFO]:[05:39:48] CPLEX solver finished. Gap: 22.360000
[INFO]:[05:39:48] Starting CPLEX solver on instance: /home/yorig/tuner/mpils-tests/instances/miplib/medium-2/supportcase26.mps with config: /scratch/yorig/mpils-results-grid-ticks-10000-7may/medium-2/24proc-2pils/seed-4/7_supportcase26_seed-4_20260510_053046/iterated_local_search/run_9_worker_12/ils_config_6045926911090859814.prm
[INFO]:[05:39:48] Starting CPLEX solver on instance: /home/yorig/tuner/mpils-tests/instances/miplib/medium-2/supportcase26.mps with config: /scratch/yorig/mpils-results-grid-ticks-10000-7may/medium-2/24proc-2pils/seed-4/7_supportcase26_seed-4_20260510_053046/iterated_local_search/run_9_worker_12/ils_config_6045926911090859814.prm
[INFO]:[05:39:53] CPLEX results. Gap: 22.510000, upper bound: 1814.769065, lower bound: 1406.343996
[INFO]:[05:39:53] CPLEX solver finished. Gap: 22.510000
[INFO]:[05:39:53] Starting CPLEX solver on instance: /home/yorig/tuner/mpils-tests/instances/miplib/medium-2/supportcase26.mps with config: /scratch/yorig/mpils-results-grid-ticks-10000-7may/medium-2/24proc-2pils/seed-4/7_supportcase26_seed-4_20260510_053046/iterated_local_search/run_9_worker_12/ils_config_3486367763310567678.prm
[INFO]:[05:39:53] Starting CPLEX solver on instance: /home/yorig/tuner/mpils-tests/instances/miplib/medium-2/supportcase26.mps with config: /scratch/yorig/mpils-results-grid-ticks-10000-7may/medium-2/24proc-2pils/seed-4/7_supportcase26_seed-4_20260510_053046/iterated_local_search/run_9_worker_12/ils_config_3486367763310567678.prm
[INFO]:[05:39:58] CPLEX results. Gap: 22.260000, upper bound: 1789.451945, lower bound: 1391.142752
[INFO]:[05:39:58] CPLEX solver finished. Gap: 22.260000
[INFO]:[05:40:00] New incumbent found with objective value: 20.7
[INFO]:[05:40:00] Starting CPLEX solver on instance: /home/yorig/tuner/mpils-tests/instances/miplib/medium-2/supportcase26.mps with config: /scratch/yorig/mpils-results-grid-ticks-10000-7may/medium-2/24proc-2pils/seed-4/7_supportcase26_seed-4_20260510_053046/iterated_local_search/run_9_worker_12/ils_config_18408385835669535452.prm
[INFO]:[05:40:00] Starting CPLEX solver on instance: /home/yorig/tuner/mpils-tests/instances/miplib/medium-2/supportcase26.mps with config: /scratch/yorig/mpils-results-grid-ticks-10000-7may/medium-2/24proc-2pils/seed-4/7_supportcase26_seed-4_20260510_053046/iterated_local_search/run_9_worker_12/ils_config_18408385835669535452.prm
[INFO]:[05:40:06] CPLEX results. Gap: 20.100000, upper bound: 1768.264085, lower bound: 1412.867105
[INFO]:[05:40:06] CPLEX solver finished. Gap: 20.100000
[INFO]:[05:40:08] New incumbent found with objective value: 20.1
[INFO]:[05:40:08] Starting CPLEX solver on instance: /home/yorig/tuner/mpils-tests/instances/miplib/medium-2/supportcase26.mps with config: /scratch/yorig/mpils-results-grid-ticks-10000-7may/medium-2/24proc-2pils/seed-4/7_supportcase26_seed-4_20260510_053046/iterated_local_search/run_9_worker_12/ils_config_2679827698122068879.prm
[INFO]:[05:40:08] Starting CPLEX solver on instance: /home/yorig/tuner/mpils-tests/instances/miplib/medium-2/supportcase26.mps with config: /scratch/yorig/mpils-results-grid-ticks-10000-7may/medium-2/24proc-2pils/seed-4/7_supportcase26_seed-4_20260510_053046/iterated_local_search/run_9_worker_12/ils_config_2679827698122068879.prm
[INFO]:[05:40:14] CPLEX results. Gap: 19.790000, upper bound: 1769.831886, lower bound: 1419.650657
[INFO]:[05:40:14] CPLEX solver finished. Gap: 19.790000
[INFO]:[05:40:14] New incumbent found with objective value: 19.79
[INFO]:[05:40:14] Starting CPLEX solver on instance: /home/yorig/tuner/mpils-tests/instances/miplib/medium-2/supportcase26.mps with config: /scratch/yorig/mpils-results-grid-ticks-10000-7may/medium-2/24proc-2pils/seed-4/7_supportcase26_seed-4_20260510_053046/iterated_local_search/run_9_worker_12/ils_config_2240407815041915526.prm
[INFO]:[05:40:14] Starting CPLEX solver on instance: /home/yorig/tuner/mpils-tests/instances/miplib/medium-2/supportcase26.mps with config: /scratch/yorig/mpils-results-grid-ticks-10000-7may/medium-2/24proc-2pils/seed-4/7_supportcase26_seed-4_20260510_053046/iterated_local_search/run_9_worker_12/ils_config_2240407815041915526.prm
[INFO]:[05:40:19] CPLEX results. Gap: 27.320000, upper bound: 1885.117672, lower bound: 1370.122269
[INFO]:[05:40:19] CPLEX solver finished. Gap: 27.320000
[INFO]:[05:40:20] Starting CPLEX solver on instance: /home/yorig/tuner/mpils-tests/instances/miplib/medium-2/supportcase26.mps with config: /scratch/yorig/mpils-results-grid-ticks-10000-7may/medium-2/24proc-2pils/seed-4/7_supportcase26_seed-4_20260510_053046/iterated_local_search/run_9_worker_12/ils_config_3250296261570866086.prm
[INFO]:[05:40:20] Starting CPLEX solver on instance: /home/yorig/tuner/mpils-tests/instances/miplib/medium-2/supportcase26.mps with config: /scratch/yorig/mpils-results-grid-ticks-10000-7may/medium-2/24proc-2pils/seed-4/7_supportcase26_seed-4_20260510_053046/iterated_local_search/run_9_worker_12/ils_config_3250296261570866086.prm
[INFO]:[05:40:26] CPLEX results. Gap: 20.860000, upper bound: 1789.495141, lower bound: 1416.125002
[INFO]:[05:40:26] CPLEX solver finished. Gap: 20.860000
[INFO]:[05:40:26] Local search phase completed.
[INFO]:[05:40:26] Total number of new local-search evaluations: 28
[INFO]:[05:40:26] Final incumbent objective value: 19.79
[INFO]:[05:40:36] Worker 12 completed exploration phase.
[INFO]:[05:40:36] Worker 12 received order for step 2.
[INFO]:[05:40:36] Worker 12 running expansion phase for iteration 9.
[INFO]:[05:40:36] Worker 12 will use solver log file: /scratch/yorig/mpils-results-grid-ticks-10000-7may/medium-2/24proc-2pils/seed-4/7_supportcase26_seed-4_20260510_053046/solver/cplex.log_iteration_expansion_9_worker_12
[INFO]:[05:40:36] Expansion Worker 12 starting expansion for iteration 9.
[INFO]:[05:40:36] Starting CPLEX solver on instance: /home/yorig/tuner/mpils-tests/instances/miplib/medium-2/supportcase26.mps with config: /scratch/yorig/mpils-results-grid-ticks-10000-7may/medium-2/24proc-2pils/seed-4/7_supportcase26_seed-4_20260510_053046/expansion/config_param_CPXPARAM_Simplex_Limits_Singularity_0_iter_9.prm
[INFO]:[05:40:42] CPLEX results. Gap: 6.420000, upper bound: 1755.525451, lower bound: 1642.881074
[INFO]:[05:40:42] CPLEX solver finished. Gap: 6.420000
[INFO]:[05:40:42] Expansion Worker 12 stopping early after global MPI expansion stop was activated.
[INFO]:[05:40:42] Expansion Worker 12 completed expansion.
[INFO]:[05:40:42] Worker 12 completed expansion phase.
[INFO]:[05:40:45] Worker 12 received order for step 1.
[INFO]:[05:40:45] Worker 12 running exploration phase for iteration 10.
[INFO]:[05:40:45] Worker 12 at iteration 10 will not use a MIP start file. Current best MIP-start upper bound threshold is 1.79769e+308.
[INFO]:[05:40:45] Starting local search phase...
[INFO]:[05:40:45] Creating local search space from parameter space file: /scratch/yorig/mpils-results-grid-ticks-10000-7may/medium-2/24proc-2pils/seed-4/7_supportcase26_seed-4_20260510_053046/iterated_local_search/search_space/search_space_file_10_worker_12.txt
[INFO]:[05:40:45] Local search space loaded from file: /scratch/yorig/mpils-results-grid-ticks-10000-7may/medium-2/24proc-2pils/seed-4/7_supportcase26_seed-4_20260510_053046/iterated_local_search/search_space/search_space_file_10_worker_12.txt
[INFO]:[05:40:45] Number of parameters in local search space: 71
[INFO]:[05:40:45] Number of forbidden tuples in local search space: 227
[INFO]:[05:40:45] Number of conditionals in local search space: 6
[INFO]:[05:40:45] MIP start option not enabled. Local search will proceed without MIP start.
[INFO]:[05:40:45] Starting CPLEX solver on instance: /home/yorig/tuner/mpils-tests/instances/miplib/medium-2/supportcase26.mps with config: /scratch/yorig/mpils-results-grid-ticks-10000-7may/medium-2/24proc-2pils/seed-4/7_supportcase26_seed-4_20260510_053046/iterated_local_search/run_10_worker_12/ils_config_13982759902916791929.prm
[INFO]:[05:40:45] Starting CPLEX solver on instance: /home/yorig/tuner/mpils-tests/instances/miplib/medium-2/supportcase26.mps with config: /scratch/yorig/mpils-results-grid-ticks-10000-7may/medium-2/24proc-2pils/seed-4/7_supportcase26_seed-4_20260510_053046/iterated_local_search/run_10_worker_12/ils_config_13982759902916791929.prm
[INFO]:[05:40:50] CPLEX results. Gap: 26.140000, upper bound: 1861.637537, lower bound: 1374.948162
[INFO]:[05:40:50] CPLEX solver finished. Gap: 26.140000
[INFO]:[05:40:50] New incumbent found with objective value: 21.4
[INFO]:[05:40:51] Starting CPLEX solver on instance: /home/yorig/tuner/mpils-tests/instances/miplib/medium-2/supportcase26.mps with config: /scratch/yorig/mpils-results-grid-ticks-10000-7may/medium-2/24proc-2pils/seed-4/7_supportcase26_seed-4_20260510_053046/iterated_local_search/run_10_worker_12/ils_config_10110548900411781535.prm
[INFO]:[05:40:51] Starting CPLEX solver on instance: /home/yorig/tuner/mpils-tests/instances/miplib/medium-2/supportcase26.mps with config: /scratch/yorig/mpils-results-grid-ticks-10000-7may/medium-2/24proc-2pils/seed-4/7_supportcase26_seed-4_20260510_053046/iterated_local_search/run_10_worker_12/ils_config_10110548900411781535.prm
[INFO]:[05:40:56] CPLEX results. Gap: 21.400000, upper bound: 1793.698157, lower bound: 1409.804945
[INFO]:[05:40:56] CPLEX solver finished. Gap: 21.400000
[INFO]:[05:40:56] Starting CPLEX solver on instance: /home/yorig/tuner/mpils-tests/instances/miplib/medium-2/supportcase26.mps with config: /scratch/yorig/mpils-results-grid-ticks-10000-7may/medium-2/24proc-2pils/seed-4/7_supportcase26_seed-4_20260510_053046/iterated_local_search/run_10_worker_12/ils_config_15845263785508085698.prm
[INFO]:[05:40:56] Starting CPLEX solver on instance: /home/yorig/tuner/mpils-tests/instances/miplib/medium-2/supportcase26.mps with config: /scratch/yorig/mpils-results-grid-ticks-10000-7may/medium-2/24proc-2pils/seed-4/7_supportcase26_seed-4_20260510_053046/iterated_local_search/run_10_worker_12/ils_config_15845263785508085698.prm
[INFO]:[05:41:01] CPLEX results. Gap: 20.610000, upper bound: 1789.451945, lower bound: 1420.644242
[INFO]:[05:41:01] CPLEX solver finished. Gap: 20.610000
[INFO]:[05:41:01] New incumbent found with objective value: 20.61
[INFO]:[05:41:01] Starting CPLEX solver on instance: /home/yorig/tuner/mpils-tests/instances/miplib/medium-2/supportcase26.mps with config: /scratch/yorig/mpils-results-grid-ticks-10000-7may/medium-2/24proc-2pils/seed-4/7_supportcase26_seed-4_20260510_053046/iterated_local_search/run_10_worker_12/ils_config_4005714229792175344.prm
[INFO]:[05:41:01] Starting CPLEX solver on instance: /home/yorig/tuner/mpils-tests/instances/miplib/medium-2/supportcase26.mps with config: /scratch/yorig/mpils-results-grid-ticks-10000-7may/medium-2/24proc-2pils/seed-4/7_supportcase26_seed-4_20260510_053046/iterated_local_search/run_10_worker_12/ils_config_4005714229792175344.prm
[INFO]:[05:41:07] CPLEX results. Gap: 18.630000, upper bound: 1745.124182, lower bound: 1420.089668
[INFO]:[05:41:07] CPLEX solver finished. Gap: 18.630000
[INFO]:[05:41:07] New incumbent found with objective value: 18.63
[INFO]:[05:41:07] Starting CPLEX solver on instance: /home/yorig/tuner/mpils-tests/instances/miplib/medium-2/supportcase26.mps with config: /scratch/yorig/mpils-results-grid-ticks-10000-7may/medium-2/24proc-2pils/seed-4/7_supportcase26_seed-4_20260510_053046/iterated_local_search/run_10_worker_12/ils_config_12922315381674715868.prm
[INFO]:[05:41:07] Starting CPLEX solver on instance: /home/yorig/tuner/mpils-tests/instances/miplib/medium-2/supportcase26.mps with config: /scratch/yorig/mpils-results-grid-ticks-10000-7may/medium-2/24proc-2pils/seed-4/7_supportcase26_seed-4_20260510_053046/iterated_local_search/run_10_worker_12/ils_config_12922315381674715868.prm
[INFO]:[05:41:12] CPLEX results. Gap: 18.630000, upper bound: 1745.124182, lower bound: 1420.089668
[INFO]:[05:41:12] CPLEX solver finished. Gap: 18.630000
[INFO]:[05:41:12] Starting CPLEX solver on instance: /home/yorig/tuner/mpils-tests/instances/miplib/medium-2/supportcase26.mps with config: /scratch/yorig/mpils-results-grid-ticks-10000-7may/medium-2/24proc-2pils/seed-4/7_supportcase26_seed-4_20260510_053046/iterated_local_search/run_10_worker_12/ils_config_1015804515303376918.prm
[INFO]:[05:41:12] Starting CPLEX solver on instance: /home/yorig/tuner/mpils-tests/instances/miplib/medium-2/supportcase26.mps with config: /scratch/yorig/mpils-results-grid-ticks-10000-7may/medium-2/24proc-2pils/seed-4/7_supportcase26_seed-4_20260510_053046/iterated_local_search/run_10_worker_12/ils_config_1015804515303376918.prm
[INFO]:[05:41:18] CPLEX results. Gap: 21.040000, upper bound: 1789.451945, lower bound: 1412.932413
[INFO]:[05:41:18] CPLEX solver finished. Gap: 21.040000
[INFO]:[05:41:18] Starting CPLEX solver on instance: /home/yorig/tuner/mpils-tests/instances/miplib/medium-2/supportcase26.mps with config: /scratch/yorig/mpils-results-grid-ticks-10000-7may/medium-2/24proc-2pils/seed-4/7_supportcase26_seed-4_20260510_053046/iterated_local_search/run_10_worker_12/ils_config_5499051046705867586.prm
[INFO]:[05:41:18] Starting CPLEX solver on instance: /home/yorig/tuner/mpils-tests/instances/miplib/medium-2/supportcase26.mps with config: /scratch/yorig/mpils-results-grid-ticks-10000-7may/medium-2/24proc-2pils/seed-4/7_supportcase26_seed-4_20260510_053046/iterated_local_search/run_10_worker_12/ils_config_5499051046705867586.prm
[INFO]:[05:41:23] CPLEX results. Gap: 19.940000, upper bound: 1785.248930, lower bound: 1429.276272
[INFO]:[05:41:23] CPLEX solver finished. Gap: 19.940000
[INFO]:[05:41:23] Starting CPLEX solver on instance: /home/yorig/tuner/mpils-tests/instances/miplib/medium-2/supportcase26.mps with config: /scratch/yorig/mpils-results-grid-ticks-10000-7may/medium-2/24proc-2pils/seed-4/7_supportcase26_seed-4_20260510_053046/iterated_local_search/run_10_worker_12/ils_config_17248571181884515508.prm
[INFO]:[05:41:23] Starting CPLEX solver on instance: /home/yorig/tuner/mpils-tests/instances/miplib/medium-2/supportcase26.mps with config: /scratch/yorig/mpils-results-grid-ticks-10000-7may/medium-2/24proc-2pils/seed-4/7_supportcase26_seed-4_20260510_053046/iterated_local_search/run_10_worker_12/ils_config_17248571181884515508.prm
[INFO]:[05:41:29] CPLEX results. Gap: 18.630000, upper bound: 1745.124182, lower bound: 1420.089668
[INFO]:[05:41:29] CPLEX solver finished. Gap: 18.630000
[INFO]:[05:41:29] Starting CPLEX solver on instance: /home/yorig/tuner/mpils-tests/instances/miplib/medium-2/supportcase26.mps with config: /scratch/yorig/mpils-results-grid-ticks-10000-7may/medium-2/24proc-2pils/seed-4/7_supportcase26_seed-4_20260510_053046/iterated_local_search/run_10_worker_12/ils_config_17423373877043913265.prm
[INFO]:[05:41:29] Starting CPLEX solver on instance: /home/yorig/tuner/mpils-tests/instances/miplib/medium-2/supportcase26.mps with config: /scratch/yorig/mpils-results-grid-ticks-10000-7may/medium-2/24proc-2pils/seed-4/7_supportcase26_seed-4_20260510_053046/iterated_local_search/run_10_worker_12/ils_config_17423373877043913265.prm
[INFO]:[05:41:34] CPLEX results. Gap: 20.250000, upper bound: 1789.451945, lower bound: 1427.011537
[INFO]:[05:41:34] CPLEX solver finished. Gap: 20.250000
[INFO]:[05:41:35] Starting CPLEX solver on instance: /home/yorig/tuner/mpils-tests/instances/miplib/medium-2/supportcase26.mps with config: /scratch/yorig/mpils-results-grid-ticks-10000-7may/medium-2/24proc-2pils/seed-4/7_supportcase26_seed-4_20260510_053046/iterated_local_search/run_10_worker_12/ils_config_355189106605131313.prm
[INFO]:[05:41:35] Starting CPLEX solver on instance: /home/yorig/tuner/mpils-tests/instances/miplib/medium-2/supportcase26.mps with config: /scratch/yorig/mpils-results-grid-ticks-10000-7may/medium-2/24proc-2pils/seed-4/7_supportcase26_seed-4_20260510_053046/iterated_local_search/run_10_worker_12/ils_config_355189106605131313.prm
[INFO]:[05:41:40] CPLEX results. Gap: 23.270000, upper bound: 1785.248931, lower bound: 1369.782512
[INFO]:[05:41:40] CPLEX solver finished. Gap: 23.270000
[INFO]:[05:41:40] Starting CPLEX solver on instance: /home/yorig/tuner/mpils-tests/instances/miplib/medium-2/supportcase26.mps with config: /scratch/yorig/mpils-results-grid-ticks-10000-7may/medium-2/24proc-2pils/seed-4/7_supportcase26_seed-4_20260510_053046/iterated_local_search/run_10_worker_12/ils_config_18167760123424037689.prm
[INFO]:[05:41:40] Starting CPLEX solver on instance: /home/yorig/tuner/mpils-tests/instances/miplib/medium-2/supportcase26.mps with config: /scratch/yorig/mpils-results-grid-ticks-10000-7may/medium-2/24proc-2pils/seed-4/7_supportcase26_seed-4_20260510_053046/iterated_local_search/run_10_worker_12/ils_config_18167760123424037689.prm
[INFO]:[05:41:46] CPLEX results. Gap: 18.630000, upper bound: 1745.124182, lower bound: 1420.089668
[INFO]:[05:41:46] CPLEX solver finished. Gap: 18.630000
[INFO]:[05:41:46] Starting CPLEX solver on instance: /home/yorig/tuner/mpils-tests/instances/miplib/medium-2/supportcase26.mps with config: /scratch/yorig/mpils-results-grid-ticks-10000-7may/medium-2/24proc-2pils/seed-4/7_supportcase26_seed-4_20260510_053046/iterated_local_search/run_10_worker_12/ils_config_11045722405806446379.prm
[INFO]:[05:41:46] Starting CPLEX solver on instance: /home/yorig/tuner/mpils-tests/instances/miplib/medium-2/supportcase26.mps with config: /scratch/yorig/mpils-results-grid-ticks-10000-7may/medium-2/24proc-2pils/seed-4/7_supportcase26_seed-4_20260510_053046/iterated_local_search/run_10_worker_12/ils_config_11045722405806446379.prm
[INFO]:[05:41:51] CPLEX results. Gap: 18.630000, upper bound: 1745.124182, lower bound: 1420.089668
[INFO]:[05:41:51] CPLEX solver finished. Gap: 18.630000
[INFO]:[05:41:52] Starting CPLEX solver on instance: /home/yorig/tuner/mpils-tests/instances/miplib/medium-2/supportcase26.mps with config: /scratch/yorig/mpils-results-grid-ticks-10000-7may/medium-2/24proc-2pils/seed-4/7_supportcase26_seed-4_20260510_053046/iterated_local_search/run_10_worker_12/ils_config_3154449840659095150.prm
[INFO]:[05:41:52] Starting CPLEX solver on instance: /home/yorig/tuner/mpils-tests/instances/miplib/medium-2/supportcase26.mps with config: /scratch/yorig/mpils-results-grid-ticks-10000-7may/medium-2/24proc-2pils/seed-4/7_supportcase26_seed-4_20260510_053046/iterated_local_search/run_10_worker_12/ils_config_3154449840659095150.prm
[INFO]:[05:41:57] CPLEX results. Gap: 18.630000, upper bound: 1745.124182, lower bound: 1420.089668
[INFO]:[05:41:57] CPLEX solver finished. Gap: 18.630000
[INFO]:[05:41:57] Starting CPLEX solver on instance: /home/yorig/tuner/mpils-tests/instances/miplib/medium-2/supportcase26.mps with config: /scratch/yorig/mpils-results-grid-ticks-10000-7may/medium-2/24proc-2pils/seed-4/7_supportcase26_seed-4_20260510_053046/iterated_local_search/run_10_worker_12/ils_config_9828262025746986428.prm
[INFO]:[05:41:57] Starting CPLEX solver on instance: /home/yorig/tuner/mpils-tests/instances/miplib/medium-2/supportcase26.mps with config: /scratch/yorig/mpils-results-grid-ticks-10000-7may/medium-2/24proc-2pils/seed-4/7_supportcase26_seed-4_20260510_053046/iterated_local_search/run_10_worker_12/ils_config_9828262025746986428.prm
[INFO]:[05:42:02] CPLEX results. Gap: 19.940000, upper bound: 1785.248930, lower bound: 1429.276272
[INFO]:[05:42:02] CPLEX solver finished. Gap: 19.940000
[INFO]:[05:42:02] Starting CPLEX solver on instance: /home/yorig/tuner/mpils-tests/instances/miplib/medium-2/supportcase26.mps with config: /scratch/yorig/mpils-results-grid-ticks-10000-7may/medium-2/24proc-2pils/seed-4/7_supportcase26_seed-4_20260510_053046/iterated_local_search/run_10_worker_12/ils_config_14806214914602796483.prm
[INFO]:[05:42:02] Starting CPLEX solver on instance: /home/yorig/tuner/mpils-tests/instances/miplib/medium-2/supportcase26.mps with config: /scratch/yorig/mpils-results-grid-ticks-10000-7may/medium-2/24proc-2pils/seed-4/7_supportcase26_seed-4_20260510_053046/iterated_local_search/run_10_worker_12/ils_config_14806214914602796483.prm
[INFO]:[05:42:07] CPLEX results. Gap: 24.490000, upper bound: 1793.698157, lower bound: 1354.478428
[INFO]:[05:42:07] CPLEX solver finished. Gap: 24.490000
[INFO]:[05:42:07] Local search phase completed.
[INFO]:[05:42:07] Total number of new local-search evaluations: 30
[INFO]:[05:42:07] Final incumbent objective value: 18.63
[INFO]:[05:42:21] Worker 12 completed exploration phase.
[INFO]:[05:42:22] Worker 12 received order for step 2.
[INFO]:[05:42:22] Worker 12 running expansion phase for iteration 10.
[INFO]:[05:42:22] Worker 12 will use solver log file: /scratch/yorig/mpils-results-grid-ticks-10000-7may/medium-2/24proc-2pils/seed-4/7_supportcase26_seed-4_20260510_053046/solver/cplex.log_iteration_expansion_10_worker_12
[INFO]:[05:42:22] Expansion Worker 12 starting expansion for iteration 10.
[INFO]:[05:42:27] Expansion Worker 12 completed expansion.
[INFO]:[05:42:27] Worker 12 completed expansion phase.
[INFO]:[05:42:31] Worker 12 received order for step 1.
[INFO]:[05:42:31] Worker 12 running exploration phase for iteration 11.
[INFO]:[05:42:31] Worker 12 at iteration 11 will not use a MIP start file. Current best MIP-start upper bound threshold is 1.79769e+308.
[INFO]:[05:42:31] Starting local search phase...
[INFO]:[05:42:31] Creating local search space from parameter space file: /scratch/yorig/mpils-results-grid-ticks-10000-7may/medium-2/24proc-2pils/seed-4/7_supportcase26_seed-4_20260510_053046/iterated_local_search/search_space/search_space_file_11_worker_12.txt
[INFO]:[05:42:31] Local search space loaded from file: /scratch/yorig/mpils-results-grid-ticks-10000-7may/medium-2/24proc-2pils/seed-4/7_supportcase26_seed-4_20260510_053046/iterated_local_search/search_space/search_space_file_11_worker_12.txt
[INFO]:[05:42:31] Number of parameters in local search space: 71
[INFO]:[05:42:31] Number of forbidden tuples in local search space: 249
[INFO]:[05:42:31] Number of conditionals in local search space: 6
[INFO]:[05:42:31] MIP start option not enabled. Local search will proceed without MIP start.
[INFO]:[05:42:32] Starting CPLEX solver on instance: /home/yorig/tuner/mpils-tests/instances/miplib/medium-2/supportcase26.mps with config: /scratch/yorig/mpils-results-grid-ticks-10000-7may/medium-2/24proc-2pils/seed-4/7_supportcase26_seed-4_20260510_053046/iterated_local_search/run_11_worker_12/ils_config_9869072117557804764.prm
[INFO]:[05:42:32] Starting CPLEX solver on instance: /home/yorig/tuner/mpils-tests/instances/miplib/medium-2/supportcase26.mps with config: /scratch/yorig/mpils-results-grid-ticks-10000-7may/medium-2/24proc-2pils/seed-4/7_supportcase26_seed-4_20260510_053046/iterated_local_search/run_11_worker_12/ils_config_9869072117557804764.prm
[INFO]:[05:42:36] CPLEX results. Gap: 20.910000, upper bound: 1747.033029, lower bound: 1381.706315
[INFO]:[05:42:36] CPLEX solver finished. Gap: 20.910000
[INFO]:[05:42:37] Starting CPLEX solver on instance: /home/yorig/tuner/mpils-tests/instances/miplib/medium-2/supportcase26.mps with config: /scratch/yorig/mpils-results-grid-ticks-10000-7may/medium-2/24proc-2pils/seed-4/7_supportcase26_seed-4_20260510_053046/iterated_local_search/run_11_worker_12/ils_config_17306101724041869057.prm
[INFO]:[05:42:37] Starting CPLEX solver on instance: /home/yorig/tuner/mpils-tests/instances/miplib/medium-2/supportcase26.mps with config: /scratch/yorig/mpils-results-grid-ticks-10000-7may/medium-2/24proc-2pils/seed-4/7_supportcase26_seed-4_20260510_053046/iterated_local_search/run_11_worker_12/ils_config_17306101724041869057.prm
[INFO]:[05:42:42] CPLEX results. Gap: 20.910000, upper bound: 1747.033029, lower bound: 1381.706315
[INFO]:[05:42:42] CPLEX solver finished. Gap: 20.910000
[INFO]:[05:42:42] Starting CPLEX solver on instance: /home/yorig/tuner/mpils-tests/instances/miplib/medium-2/supportcase26.mps with config: /scratch/yorig/mpils-results-grid-ticks-10000-7may/medium-2/24proc-2pils/seed-4/7_supportcase26_seed-4_20260510_053046/iterated_local_search/run_11_worker_12/ils_config_17114239687700905011.prm
[INFO]:[05:42:42] Starting CPLEX solver on instance: /home/yorig/tuner/mpils-tests/instances/miplib/medium-2/supportcase26.mps with config: /scratch/yorig/mpils-results-grid-ticks-10000-7may/medium-2/24proc-2pils/seed-4/7_supportcase26_seed-4_20260510_053046/iterated_local_search/run_11_worker_12/ils_config_17114239687700905011.prm
[INFO]:[05:42:47] CPLEX results. Gap: 20.190000, upper bound: 1747.033029, lower bound: 1394.241990
[INFO]:[05:42:47] CPLEX solver finished. Gap: 20.190000
[INFO]:[05:42:47] New incumbent found with objective value: 20.19
[INFO]:[05:42:47] Starting CPLEX solver on instance: /home/yorig/tuner/mpils-tests/instances/miplib/medium-2/supportcase26.mps with config: /scratch/yorig/mpils-results-grid-ticks-10000-7may/medium-2/24proc-2pils/seed-4/7_supportcase26_seed-4_20260510_053046/iterated_local_search/run_11_worker_12/ils_config_10628174648008716331.prm
[INFO]:[05:42:47] Starting CPLEX solver on instance: /home/yorig/tuner/mpils-tests/instances/miplib/medium-2/supportcase26.mps with config: /scratch/yorig/mpils-results-grid-ticks-10000-7may/medium-2/24proc-2pils/seed-4/7_supportcase26_seed-4_20260510_053046/iterated_local_search/run_11_worker_12/ils_config_10628174648008716331.prm
[INFO]:[05:42:52] CPLEX results. Gap: 20.920000, upper bound: 1764.017874, lower bound: 1395.036018
[INFO]:[05:42:52] CPLEX solver finished. Gap: 20.920000
[INFO]:[05:42:53] Starting CPLEX solver on instance: /home/yorig/tuner/mpils-tests/instances/miplib/medium-2/supportcase26.mps with config: /scratch/yorig/mpils-results-grid-ticks-10000-7may/medium-2/24proc-2pils/seed-4/7_supportcase26_seed-4_20260510_053046/iterated_local_search/run_11_worker_12/ils_config_14824386540482881217.prm
[INFO]:[05:42:53] Starting CPLEX solver on instance: /home/yorig/tuner/mpils-tests/instances/miplib/medium-2/supportcase26.mps with config: /scratch/yorig/mpils-results-grid-ticks-10000-7may/medium-2/24proc-2pils/seed-4/7_supportcase26_seed-4_20260510_053046/iterated_local_search/run_11_worker_12/ils_config_14824386540482881217.prm
[INFO]:[05:42:58] CPLEX results. Gap: 20.190000, upper bound: 1747.033029, lower bound: 1394.241990
[INFO]:[05:42:58] CPLEX solver finished. Gap: 20.190000
[INFO]:[05:42:58] Local search phase completed.
[INFO]:[05:42:58] Total number of new local-search evaluations: 10
[INFO]:[05:42:58] Final incumbent objective value: 20.19
[INFO]:[05:43:04] Worker 12 completed exploration phase.
[INFO]:[05:43:04] Worker 12 received order for step 3.
[INFO]:[05:43:04] Worker 12 finished.
