EvalID,TimeEvaluated,SolverRuntimeSeconds,ObjectiveValue,Gap,UpperBound,LowerBound,ConfigID,MipStartID,WorkerID,Iteration,Phase
1,10,10.008863,119,119.000000,-5050303.000000,-11060303.000000,14921508010286178949,null,0,1,0
2,20,10.003142,59.4,59.400000,-5050303.000000,-8050403.000000,8683817217222751575,null,0,1,0
3,10,10.004700,83.72,83.720000,-6020200.000000,-11060300.000000,6439873165248256756,null,1,1,0
4,7,7.521570,0,0.000000,-6020200.000000,-6020300.000000,11502841505915629043,null,2,1,0
5,10,10.004400,173.75,173.750000,-4040300.000000,-11060400.000000,12710294232408245987,null,3,1,0
