EvalID,TimeEvaluated,ObjectiveValue,Gap,UpperBound,LowerBound,ConfigID,MipStartID,WorkerID,Iteration,Phase
1,7,39.6,39.600000,-5050303.000000,-7050403.000000,14921508010286178949,null,0,1,0
2,14,59.2,59.200000,-5050303.000000,-8040203.000000,5988662020493846908,null,0,1,0
3,21,39.6,39.600000,-5050303.000000,-7050403.000000,13575339350133640537,null,0,1,0
4,7,79.4,79.400000,-5050300.000000,-9060400.000000,11241451296496662947,null,1,1,0
5,6,118.82,118.820000,-5050300.000000,-11051200.000000,8954485303003286464,null,2,1,0
6,13,99.2,99.200000,-5050300.000000,-10060200.000000,1903646467209681878,null,2,1,0
7,7,0,0.000000,-6020200.000000,-6020300.000000,7373394827421423834,null,3,1,0
