EvalID,TimeEvaluated,ObjectiveValue,Gap,UpperBound,LowerBound,ConfigID,MipStartID,WorkerID,Iteration,Phase
1,7,35.48,35.480000,1550013250.000006,1000005975.192370,14921508010286178949,null,0,1,0
2,15,43.75,43.750000,1600013400.000000,900005724.956749,2823934824078185206,null,0,1,0
3,22,37.24,37.240000,1593348520.000000,1000005408.814082,844706301316953147,null,0,1,0
4,29,35.48,35.480000,1550013250.000006,1000005975.192370,13575339350133640537,null,0,1,0
5,37,40,40.000000,1500012950.000000,900005990.181166,10926055034921966546,null,0,1,0
6,45,35.48,35.480000,1550013250.000006,1000005975.192370,13290681019215308220,null,0,1,0
7,52,0,0.000000,1200012599.999999,1200008265.409344,16957666276679199244,null,0,1,0
