1,0,0,0,-1,0,3,0,0,0,0,0,-1,0,1,-1,0,-1,-1,-1,-1,3,0,-1,200,0,9223372036800000000,1e+75,0,10,0,0,7,1,0,1,20,0,1,0,2,0,0,0,0,4,2,0,1,-1,-1,-1,-1,0,10,-1,1,1,3,-1,-1,4,0,0,1,4,0,10,0,0,0,16.49
1,0,0,0,-1,0,2,0,0,0,0,0,-1,0,1,-1,0,-1,-1,-1,-1,3,0,-1,200,0,9223372036800000000,1e+75,0,10,0,0,7,1,0,1,20,0,1,0,2,0,0,0,0,4,2,0,1,-1,-1,-1,-1,0,10,-1,1,1,3,-1,-1,4,0,0,1,4,0,10,0,0,0,17.9
1,0,0,0,-1,3,1,0,0,0,0,0,-1,0,1,-1,0,-1,-1,-1,-1,3,0,-1,200,0,9223372036800000000,1e+75,0,10,0,0,7,1,0,1,20,0,1,0,2,0,0,0,0,4,2,0,1,-1,-1,-1,-1,0,10,-1,1,1,3,-1,-1,4,0,0,1,4,0,10,0,0,0,16.59
1,0,0,0,-1,1,1,0,0,0,0,0,-1,0,1,-1,0,-1,-1,-1,-1,3,0,-1,200,0,9223372036800000000,1e+75,0,10,0,0,7,1,0,1,20,0,1,0,2,0,0,0,0,4,2,0,1,-1,-1,-1,-1,0,10,-1,1,1,3,-1,-1,4,0,0,1,4,0,10,0,0,0,16.59
1,0,0,2,-1,0,1,0,0,0,0,0,-1,0,1,-1,0,-1,-1,-1,-1,3,0,-1,200,0,9223372036800000000,1e+75,0,10,0,0,7,1,0,1,20,0,1,0,2,0,0,0,0,4,2,0,1,-1,-1,-1,-1,0,10,-1,1,1,3,-1,-1,4,0,0,1,4,0,10,0,0,0,16.59
1,0,0,0,-1,0,1,0,0,0,0,0,-1,0,1,-1,0,-1,-1,-1,-1,3,0,-1,200,0,9223372036800000000,1e+75,0,10,0,0,7,1,0,1,20,0,1,0,2,0,0,0,0,4,2,0,1,-1,-1,-1,-1,0,40,-1,1,1,3,-1,-1,4,0,0,1,4,0,10,0,0,0,22.1
1,0,0,0,-1,0,1,0,0,0,0,0,-1,0,1,-1,0,-1,-1,-1,-1,3,0,-1,200,0,9223372036800000000,1e+75,0,10,0,0,7,1,0,1,20,0,1,0,2,0,0,0,0,4,2,0,1,-1,-1,-1,-1,0,2,-1,1,1,3,-1,-1,4,0,0,1,4,0,10,0,0,0,18.31
1,0,0,0,-1,0,1,0,0,0,0,0,-1,0,1,-1,0,-1,-1,-1,-1,10,0,-1,200,0,9223372036800000000,1e+75,0,10,0,0,7,1,0,1,20,0,1,0,2,0,0,0,0,4,2,0,1,-1,-1,-1,-1,0,10,-1,1,1,3,-1,-1,4,0,0,1,4,0,10,0,0,0,16.59
1,0,0,0,-1,0,1,0,0,0,0,0,-1,0,1,-1,0,-1,-1,-1,-1,5,0,-1,200,0,9223372036800000000,1e+75,0,10,0,0,7,1,0,1,20,0,1,0,2,0,0,0,0,4,2,0,1,-1,-1,-1,-1,0,10,-1,1,1,3,-1,-1,4,0,0,1,4,0,10,0,0,0,16.59
1,0,0,0,-1,0,1,0,0,0,0,0,-1,0,1,-1,0,-1,-1,-1,-1,2,0,-1,200,0,9223372036800000000,1e+75,0,10,0,0,7,1,0,1,20,0,1,0,2,0,0,0,0,4,2,0,1,-1,-1,-1,-1,0,10,-1,1,1,3,-1,-1,4,0,0,1,4,0,10,0,0,0,16.59
1,0,0,0,-1,0,1,0,0,0,0,0,-1,0,1,-1,0,-1,-1,-1,-1,1,0,-1,200,0,9223372036800000000,1e+75,0,10,0,0,7,1,0,1,20,0,1,0,2,0,0,0,0,4,2,0,1,-1,-1,-1,-1,0,10,-1,1,1,3,-1,-1,4,0,0,1,4,0,10,0,0,0,16.59
2,0,0,0,-1,0,1,0,0,0,0,0,-1,0,1,-1,0,-1,-1,-1,-1,3,0,-1,200,0,9223372036800000000,1e+75,0,10,0,0,7,1,0,1,20,0,1,0,2,0,0,0,0,4,2,0,1,-1,-1,-1,-1,0,10,-1,1,1,3,-1,-1,4,0,0,1,4,0,10,0,0,0,16.59
0,0,0,0,-1,0,1,0,0,0,0,0,-1,0,1,-1,0,-1,-1,-1,-1,3,0,-1,200,0,9223372036800000000,1e+75,0,10,0,0,7,1,0,1,20,0,1,0,2,0,0,0,0,4,2,0,1,-1,-1,-1,-1,0,10,-1,1,1,3,-1,-1,4,0,0,1,4,0,10,0,0,0,16.59
1,0,0,0,-1,0,1,0,0,0,0,0,-1,0,1,-1,0,-1,-1,-1,-1,3,0,-1,200,0,9223372036800000000,1e+75,0,10,0,0,7,1,0,1,20,0,1,0,2,0,0,0,0,4,2,0,1,-1,-1,-1,-1,0,10,-1,1,1,3,-1,-1,4,0,0,1,4,0,10,4,0,0,17.84
1,0,0,0,-1,0,1,0,0,0,0,0,-1,0,1,-1,0,-1,-1,-1,-1,3,0,-1,200,0,9223372036800000000,1e+75,0,10,0,0,7,1,0,1,20,0,1,0,2,0,0,0,0,4,2,0,1,-1,-1,-1,-1,0,10,-1,1,1,3,-1,-1,4,0,0,1,4,0,10,3,0,0,16.79
1,0,0,0,-1,0,1,0,0,0,0,0,-1,0,1,-1,0,-1,-1,-1,-1,3,0,-1,200,0,9223372036800000000,1e+75,0,10,0,0,7,1,0,1,20,0,1,0,2,0,0,0,0,4,2,0,1,-1,-1,-1,-1,0,10,-1,1,1,3,-1,-1,4,0,0,1,4,0,10,2,0,0,17.8
1,0,0,0,-1,0,1,0,0,0,0,0,-1,0,1,-1,0,-1,-1,-1,-1,3,0,-1,200,0,9223372036800000000,1e+75,0,10,0,0,7,1,0,1,20,0,1,0,2,0,0,0,0,4,2,0,1,-1,-1,-1,-1,0,10,-1,1,1,3,-1,-1,4,0,0,1,4,0,10,1,0,0,17.7
1,0,0,0,-1,0,1,0,0,0,0,0,-1,0,1,-1,0,-1,-1,-1,-1,3,0,-1,200,0,9223372036800000000,1e+75,0,10,0,0,7,1,0,1,20,0,1,0,2,0,0,0,0,4,2,0,1,-1,-1,-1,-1,0,10,-1,1,1,3,-1,-1,4,0,0,1,4,0,10,-1,0,0,17.84
1,0,0,0,-1,0,1,0,0,0,0,0,2,0,0,1,1,-1,2,1,0,3,0,-1,200,0,9223372036800000000,1e+75,0,10,0,0,7,1,0,1,-1,0,1,1,3,0,0,0,5,3,2,0,1,-1,-1,-1,-1,-1,10,-1,1,1,3,-1,-1,2,0,0,1,0,0,10,0,0,0,44.96
1,0,0,0,-1,0,1,0,0,0,0,0,2,0,0,1,1,-1,2,1,0,3,0,-1,200,0,9223372036800000000,1e+75,0,10,0,0,7,1,0,1,-1,0,1,1,1,0,0,0,5,-1,2,0,1,-1,-1,-1,-1,-1,10,-1,1,1,3,-1,-1,2,0,0,1,0,0,10,0,0,0,33.03
1,0,0,0,-1,0,1,0,0,0,0,0,-1,0,0,1,1,-1,2,1,0,3,0,-1,200,0,9223372036800000000,1e+75,0,10,0,0,7,1,0,1,-1,0,1,1,1,0,0,0,5,3,2,0,1,-1,-1,-1,-1,-1,10,-1,1,1,3,-1,-1,2,0,0,1,0,0,10,0,0,0,43.28
1,0,0,0,-1,0,1,0,0,0,0,0,2,0,0,1,2,-1,2,1,0,3,0,-1,200,0,9223372036800000000,1e+75,0,10,0,0,7,1,0,1,-1,0,1,1,1,0,0,0,5,3,2,0,1,-1,-1,-1,-1,-1,10,-1,1,1,3,-1,-1,2,0,0,1,0,0,10,0,0,0,43.28
1,0,0,0,-1,0,1,0,0,0,0,0,2,0,0,1,1,-1,2,1,0,3,0,-1,200,0,9223372036800000000,1e+75,0,10,0,0,7,1,0,1,-1,0,1,1,1,0,0,0,5,3,2,0,1,-1,-1,-1,-1,0,10,-1,1,1,3,-1,-1,2,0,0,1,0,0,10,0,0,0,43.28
1,0,0,0,-1,0,1,0,0,0,0,0,2,0,0,1,1,-1,2,1,-1,3,0,-1,200,0,9223372036800000000,1e+75,0,10,0,0,7,1,0,1,-1,0,1,1,1,0,0,0,5,3,2,0,1,-1,-1,-1,-1,-1,10,-1,1,1,3,-1,-1,2,0,0,1,0,0,10,0,0,0,43.28
1,0,0,0,-1,0,1,0,0,0,0,0,2,0,0,1,1,-1,2,1,0,3,0,-1,200,0,9223372036800000000,1e+75,0,10,0,0,7,1,0,1,-1,0,1,1,1,0,0,0,5,3,2,0,1,-1,-1,-1,-1,-1,10,-1,1,1,3,-1,-1,0,0,0,1,0,0,10,0,0,0,52.25
1,0,0,0,-1,0,1,3,0,0,0,0,-1,0,-1,-1,0,-1,-1,-1,-1,3,0,-1,200,0,9223372036800000000,1e+75,0,10,0,0,7,1,0,1,0,0,1,0,2,0,0,0,0,4,2,0,1,-1,-1,-1,-1,0,10,-1,1,1,3,-1,-1,4,0,0,1,0,0,10,0,0,0,19.35
1,0,0,0,-1,0,1,0,0,0,0,0,1,0,0,2,1,0,0,-1,-1,3,0,-1,10,0,9223372036800000000,1e+75,0,10,0,0,7,0,0,1,0,0,1,1,0,0,0,0,0,0,2,0,1,-1,-1,-1,-1,0,10,-1,1,1,3,-1,-1,4,0,0,1,0,0,10,0,0,0,17.89
1,0,0,0,-1,0,1,0,0,0,0,0,1,0,1,1,-1,-1,2,-1,0,3,0,-1,200,0,9223372036800000000,1e+75,0,10,0,0,7,-1,0,1,20,0,1,0,1,0,0,0,4,-1,2,0,1,-1,-1,-1,-1,-1,10,-1,1,1,3,-1,-1,-1,0,0,1,2,0,10,0,0,0,39.72
1,0,0,0,-1,0,1,0,0,0,0,0,1,0,-1,-1,1,-1,2,1,1,3,0,-1,400,0,9223372036800000000,1e+75,0,10,0,0,7,0,0,1,0,0,1,1,0,0,0,0,0,0,2,0,1,-1,-1,-1,-1,0,10,-1,1,1,3,-1,-1,-1,0,0,1,0,0,10,0,0,0,25.5
1,0,0,0,-1,0,1,0,0,0,0,0,2,0,0,1,1,-1,2,1,0,3,0,-1,200,0,9223372036800000000,1e+75,0,10,0,0,7,1,0,1,-1,0,1,1,1,0,0,0,5,3,2,0,1,-1,-1,-1,-1,-1,10,-1,1,1,3,-1,-1,2,0,0,1,4,0,10,0,0,0,43.28
1,0,0,0,-1,0,1,3,0,0,0,0,0,0,1,0,2,0,-1,1,-1,3,0,-1,200,0,9223372036800000000,1e+75,0,10,0,0,7,0,0,1,0,0,1,1,0,0,0,0,0,0,2,0,1,-1,-1,-1,-1,0,10,-1,1,1,3,-1,-1,-1,0,0,1,0,0,10,0,0,0,29.31
1,0,0,0,-1,0,1,0,0,0,0,0,0,0,1,0,0,-1,0,1,2,3,0,-1,10,0,9223372036800000000,1e+75,0,10,0,0,7,1,0,1,0,0,1,1,3,0,0,0,0,1,2,0,1,-1,-1,-1,-1,0,10,-1,1,1,3,-1,-1,0,0,0,1,0,0,10,0,0,0,34.59
1,0,0,0,-1,0,1,0,0,0,0,0,1,0,0,2,1,0,0,-1,-1,3,0,-1,150,0,9223372036800000000,1e+75,0,10,0,0,7,0,0,1,0,0,1,1,0,0,0,0,0,0,2,0,1,-1,-1,-1,-1,0,10,-1,1,1,3,-1,-1,-1,0,0,1,0,0,10,0,0,0,32.02
1,0,0,0,-1,0,1,0,0,0,0,0,1,0,0,2,1,0,0,2,-1,3,0,-1,10,0,9223372036800000000,1e+75,0,10,0,0,7,0,0,1,0,0,1,1,0,0,0,0,0,0,2,0,1,-1,-1,-1,-1,0,10,-1,1,1,3,-1,-1,-1,0,0,1,0,0,10,0,0,0,25.5
1,0,0,0,-1,0,1,3,0,0,0,0,0,0,0,-1,2,1,1,-1,-1,3,0,-1,200,0,9223372036800000000,1e+75,0,10,0,0,7,1,0,1,0,0,1,0,3,0,0,0,0,-1,2,0,1,-1,-1,-1,-1,1,10,-1,1,1,3,-1,-1,3,0,0,1,4,0,10,0,0,0,36.58
1,0,0,0,-1,0,1,1,0,0,0,0,0,0,1,0,2,0,-1,1,-1,3,0,-1,150,0,9223372036800000000,1e+75,0,10,0,0,7,0,0,1,0,0,1,1,0,0,0,0,0,0,2,0,1,-1,-1,-1,-1,0,10,-1,1,1,3,-1,-1,4,0,0,1,0,0,10,0,0,0,20.41
1,0,0,0,-1,0,1,1,0,0,0,0,0,-1,1,0,2,0,-1,1,-1,3,0,-1,150,0,9223372036800000000,1e+75,0,10,0,0,7,0,0,1,0,0,1,1,0,0,0,0,0,0,2,0,1,-1,-1,-1,-1,0,10,-1,1,1,3,-1,-1,-1,0,0,1,0,0,10,0,0,0,25.16
1,0,0,0,-1,0,1,0,0,0,0,0,2,0,0,1,1,-1,0,1,-1,3,0,-1,800,0,9223372036800000000,1e+75,0,10,0,0,7,0,0,1,0,0,1,1,0,0,0,0,0,0,2,0,1,-1,-1,-1,-1,0,10,-1,1,1,3,-1,-1,-1,0,0,1,0,0,10,0,0,0,25.5
1,0,0,0,-1,0,1,0,0,0,0,0,1,0,1,1,0,-1,2,0,-1,3,0,-1,400,0,9223372036800000000,1e+75,0,10,0,0,7,1,0,1,100,0,1,0,0,0,0,0,1,-1,2,0,1,-1,-1,-1,-1,0,10,-1,1,1,3,-1,-1,-1,0,0,1,0,0,10,0,0,0,39.12
1,0,0,0,-1,0,1,3,0,0,0,0,-1,0,1,-1,0,-1,-1,-1,0,3,0,-1,200,0,9223372036800000000,1e+75,0,10,0,0,7,1,0,1,0,0,1,0,2,0,0,0,0,4,2,0,1,-1,-1,-1,-1,0,10,-1,1,1,3,-1,-1,4,0,0,1,0,0,10,0,0,0,19.35
1,0,0,0,-1,0,1,1,0,0,0,0,0,0,1,0,2,0,-1,1,-1,3,0,-1,150,0,9223372036800000000,1e+75,0,10,0,0,2,0,0,1,0,0,1,1,0,0,0,0,0,0,2,0,1,-1,-1,-1,-1,0,10,-1,1,1,3,-1,-1,-1,0,0,1,0,0,10,0,0,0,23.6
1,0,0,0,-1,0,1,0,0,0,0,0,3,0,-1,1,-1,-1,0,-1,2,3,0,-1,800,0,9223372036800000000,1e+75,0,10,0,0,7,0,0,1,1000,0,1,0,2,0,0,0,0,1,2,0,1,-1,-1,-1,-1,-1,10,-1,1,1,3,-1,-1,4,0,0,1,0,0,10,0,0,0,20.78
1,0,0,0,-1,0,1,1,0,0,0,0,0,0,1,0,2,0,-1,1,-1,3,0,-1,150,0,9223372036800000000,1e+75,0,10,0,0,4,0,0,1,0,0,1,1,0,0,0,0,0,0,2,0,1,-1,-1,-1,-1,0,10,-1,1,1,3,-1,-1,-1,0,0,1,0,0,10,0,0,0,23.6
1,0,0,0,-1,0,1,2,0,0,0,0,1,0,-1,2,0,0,0,1,-1,3,0,-1,100,0,9223372036800000000,1e+75,0,10,0,0,7,-1,0,1,0,0,1,1,0,0,0,0,0,-1,2,0,1,-1,-1,-1,-1,0,10,-1,1,1,3,-1,-1,-1,0,0,1,0,0,10,0,0,0,31.39
1,0,0,0,-1,0,1,0,0,0,0,0,-1,0,-1,1,0,-1,-1,2,0,3,0,-1,100,0,9223372036800000000,1e+75,0,10,0,0,7,0,0,1,0,0,1,1,0,0,0,0,0,4,2,0,1,-1,-1,-1,-1,0,10,-1,1,1,3,-1,-1,-1,0,0,1,0,0,10,0,0,0,25.5
1,0,0,0,-1,0,1,1,0,0,0,0,2,0,0,0,0,1,2,-1,0,3,0,-1,100,0,9223372036800000000,1e+75,0,10,0,0,7,0,0,1,0,0,1,1,0,0,0,0,0,0,2,0,1,-1,-1,-1,-1,0,10,-1,1,1,3,-1,-1,-1,0,0,1,0,0,10,0,0,0,26.5
1,0,0,0,-1,0,1,0,0,0,0,0,1,0,-1,2,1,0,0,-1,-1,3,0,-1,10,0,9223372036800000000,1e+75,0,10,0,0,7,0,0,1,0,0,1,1,0,0,0,0,0,0,2,0,1,-1,-1,-1,-1,0,10,-1,1,1,3,-1,-1,-1,0,0,1,0,0,10,0,0,0,25.5
1,0,0,0,-1,0,1,5,0,0,0,0,0,0,0,2,2,1,2,2,0,3,0,-1,800,0,9223372036800000000,1e+75,0,10,0,0,7,0,0,1,0,0,1,1,1,0,0,0,0,1,2,0,1,-1,-1,-1,-1,0,10,-1,1,1,3,-1,-1,4,0,0,1,0,0,10,0,0,0,22.46
1,0,0,0,-1,0,1,1,0,0,0,0,-1,0,1,2,-1,1,1,2,1,3,0,-1,10,0,9223372036800000000,1e+75,0,10,0,0,7,1,0,1,0,0,1,1,0,0,0,0,0,1,2,0,1,-1,-1,-1,-1,0,10,-1,1,1,3,-1,-1,-1,0,0,1,0,0,10,0,0,0,26.2
1,0,0,0,-1,0,1,0,0,0,0,0,3,0,-1,1,0,-1,0,-1,2,3,0,-1,800,0,9223372036800000000,1e+75,0,10,0,0,7,0,0,1,1000,0,1,0,2,0,0,0,0,1,2,0,1,-1,-1,-1,-1,1,10,-1,1,1,3,-1,-1,4,0,0,1,0,0,10,0,0,0,22.02
1,0,0,0,-1,0,1,0,0,0,0,0,1,0,1,0,1,1,-1,2,2,3,0,-1,400,0,9223372036800000000,1e+75,0,10,0,0,7,-1,0,1,0,0,1,0,1,0,0,0,0,-1,2,0,1,-1,-1,-1,-1,0,10,-1,1,1,3,-1,-1,4,0,0,1,0,0,10,0,0,0,23.6
1,0,0,0,-1,0,1,0,0,0,0,0,3,0,-1,1,-1,-1,0,0,1,3,0,-1,10,0,9223372036800000000,1e+75,0,10,0,0,7,0,0,1,0,0,1,1,0,0,0,0,0,4,2,0,1,-1,-1,-1,-1,0,10,-1,1,1,3,-1,-1,-1,0,0,1,0,0,10,0,0,0,25.5
1,0,0,0,-1,0,1,5,0,0,0,0,3,0,0,1,0,-1,1,0,0,3,0,-1,10,0,9223372036800000000,1e+75,0,10,0,0,7,1,0,1,0,0,1,1,0,0,0,0,0,-1,2,0,1,-1,-1,-1,-1,0,10,-1,1,1,3,-1,-1,-1,0,0,1,0,0,10,0,0,0,45.45
1,0,0,0,-1,0,1,0,0,0,0,0,2,0,-1,1,1,-1,1,-1,1,3,0,-1,200,0,9223372036800000000,1e+75,0,10,0,0,7,-1,0,1,0,0,1,0,2,0,0,0,0,1,2,0,1,-1,-1,-1,-1,0,10,-1,1,1,3,-1,-1,5,0,0,1,0,0,10,0,0,0,43
1,0,0,0,-1,0,1,0,0,0,0,0,1,0,0,1,0,-1,-1,2,2,3,0,-1,10,0,9223372036800000000,1e+75,0,10,0,0,7,1,0,1,0,0,1,1,3,0,0,0,0,2,2,0,1,-1,-1,-1,-1,0,10,-1,1,1,3,-1,-1,5,0,0,1,0,0,10,0,0,0,34.07
1,0,0,0,-1,0,1,0,0,0,0,0,3,0,-1,1,0,-1,-1,2,0,3,0,-1,100,0,9223372036800000000,1e+75,0,10,0,0,7,0,0,1,0,0,1,1,0,0,0,0,0,-1,2,0,1,-1,-1,-1,-1,0,10,-1,1,1,3,-1,-1,-1,0,0,1,0,0,10,0,0,0,32.94
1,0,0,0,-1,0,1,0,0,0,0,0,2,0,1,1,-1,-1,-1,-1,-1,3,0,-1,400,0,9223372036800000000,1e+75,0,10,0,0,7,1,0,1,0,0,1,1,0,0,0,0,0,2,2,0,1,-1,-1,-1,-1,0,10,-1,1,1,3,-1,-1,-1,0,0,1,0,0,10,0,0,0,32.61
1,0,0,0,-1,0,1,2,0,0,0,0,0,0,0,0,0,2,1,-1,0,3,0,-1,400,0,9223372036800000000,1e+75,0,10,0,0,7,0,0,1,0,0,1,1,0,0,0,0,0,0,2,0,1,-1,-1,-1,-1,0,10,-1,1,1,3,-1,-1,-1,0,0,1,0,0,10,0,0,0,32.84
1,0,0,0,-1,0,1,0,0,0,0,0,1,0,0,2,1,0,0,-1,-1,3,0,-1,150,0,9223372036800000000,1e+75,0,10,0,0,7,0,0,1,0,0,1,1,0,0,0,0,0,0,2,0,1,-1,-1,-1,-1,0,10,-1,1,1,3,-1,-1,4,0,0,1,0,0,10,0,0,0,20.56
1,0,0,0,-1,0,1,0,0,0,0,0,-1,0,1,0,-1,2,2,2,2,3,0,-1,800,0,9223372036800000000,1e+75,0,10,0,0,7,-1,0,1,500,0,1,0,1,0,0,0,0,1,2,0,1,-1,-1,-1,-1,-1,10,-1,1,1,3,-1,-1,4,0,0,1,0,0,10,0,0,0,24.78
1,0,0,0,-1,0,1,0,0,0,0,0,3,0,1,1,-1,-1,-1,-1,0,3,0,-1,400,0,9223372036800000000,1e+75,0,10,0,0,7,1,0,1,0,0,1,1,0,0,0,0,0,2,2,0,1,-1,-1,-1,-1,0,10,-1,1,1,3,-1,-1,-1,0,0,1,0,0,10,0,0,0,32.61
1,0,0,0,-1,0,1,1,0,0,0,0,0,0,1,0,2,0,-1,1,-1,3,0,-1,150,0,9223372036800000000,1e+75,0,10,0,0,0,0,0,1,0,0,1,1,0,0,0,0,0,0,2,0,1,-1,-1,-1,-1,0,10,-1,1,1,3,-1,-1,-1,0,0,1,0,0,10,0,0,0,23.6
1,0,0,0,-1,0,1,2,0,0,0,0,0,0,1,2,-1,-1,-1,0,2,3,0,-1,400,0,9223372036800000000,1e+75,0,10,0,0,7,-1,0,1,0,0,1,1,0,0,0,0,0,4,2,0,1,-1,-1,-1,-1,0,10,-1,1,1,3,-1,-1,-1,0,0,1,0,0,10,0,0,0,35.83
1,0,0,0,-1,0,1,2,0,0,0,0,1,0,-1,-1,-1,0,1,0,0,3,0,-1,400,0,9223372036800000000,1e+75,0,10,0,0,7,0,0,1,0,0,1,1,0,0,0,0,0,1,2,0,1,-1,-1,-1,-1,0,10,-1,1,1,3,-1,-1,-1,0,0,1,0,0,10,0,0,0,38.22
1,0,0,0,-1,0,1,0,0,0,0,0,1,0,0,2,1,0,0,-1,-1,3,0,-1,10,0,9223372036800000000,1e+75,0,10,0,0,7,-1,0,1,0,0,1,1,0,0,0,0,0,0,2,0,1,-1,-1,-1,-1,0,10,-1,1,1,3,-1,-1,-1,0,0,1,0,0,10,0,0,0,35.83
1,0,0,0,-1,0,1,0,0,0,0,0,1,0,1,1,1,1,1,1,2,3,0,-1,200,0,9223372036800000000,1e+75,0,10,0,0,7,-1,0,1,20,0,1,0,-1,0,0,0,2,1,2,0,1,-1,-1,-1,-1,-1,10,-1,1,1,3,-1,-1,0,0,0,1,4,0,10,0,0,0,30.37
1,0,0,0,-1,0,1,1,0,0,0,0,0,0,1,0,2,0,-1,1,-1,3,0,-1,150,0,9223372036800000000,1e+75,0,10,0,0,7,0,0,1,0,0,1,0,0,0,0,0,0,0,2,0,1,-1,-1,-1,-1,0,10,-1,1,1,3,-1,-1,-1,0,0,1,0,0,10,0,0,0,23.6
1,0,0,0,-1,0,1,0,0,0,0,0,0,0,0,1,1,-1,0,1,0,3,0,-1,800,0,9223372036800000000,1e+75,0,10,0,0,7,1,0,1,0,0,1,1,0,0,0,0,0,0,2,0,1,-1,-1,-1,-1,0,10,-1,1,1,3,-1,-1,-1,0,0,1,0,0,10,0,0,0,26.72
1,0,0,0,-1,0,1,0,0,0,0,0,0,0,0,1,1,-1,0,0,0,3,0,-1,800,0,9223372036800000000,1e+75,0,10,0,0,7,1,0,1,0,0,1,1,0,0,0,0,0,4,2,0,1,-1,-1,-1,-1,0,10,-1,1,1,3,-1,-1,-1,0,0,1,0,0,10,0,0,0,26.72
1,0,0,0,-1,0,1,0,0,0,0,0,1,0,0,2,1,0,0,1,-1,3,0,-1,10,0,9223372036800000000,1e+75,0,10,0,0,7,0,0,1,0,0,1,1,0,0,0,0,0,0,2,0,1,-1,-1,-1,-1,0,10,-1,1,1,3,-1,-1,-1,0,0,1,0,0,10,0,0,0,25.5
1,0,0,0,-1,0,1,0,0,0,0,0,2,0,0,1,1,-1,-1,1,0,3,0,-1,200,0,9223372036800000000,1e+75,0,10,0,0,7,1,0,1,-1,0,1,1,1,0,0,0,5,3,2,0,1,-1,-1,-1,-1,-1,10,-1,1,1,3,-1,-1,2,0,0,1,0,0,10,0,0,0,43.28
1,0,0,0,-1,0,1,1,0,0,0,0,-1,0,-1,-1,-1,1,1,2,1,3,0,-1,10,0,9223372036800000000,1e+75,0,10,0,0,7,1,0,1,0,0,1,1,0,0,0,0,0,1,2,0,1,-1,-1,-1,-1,0,10,-1,1,1,3,-1,-1,-1,0,0,1,0,0,10,0,0,0,26.2
1,0,0,0,-1,0,1,0,0,0,0,0,3,0,1,1,0,-1,-1,2,0,3,0,-1,100,0,9223372036800000000,1e+75,0,10,0,0,7,0,0,1,0,0,1,1,0,0,0,0,0,4,2,0,1,-1,-1,-1,-1,0,10,-1,1,1,3,-1,-1,-1,0,0,1,0,0,10,0,0,0,25.5
1,0,0,0,-1,0,1,0,0,0,0,0,0,0,0,0,1,-1,0,1,0,3,0,-1,800,0,9223372036800000000,1e+75,0,10,0,0,7,1,0,1,0,0,1,1,0,0,0,0,0,4,2,0,1,-1,-1,-1,-1,0,10,-1,1,1,3,-1,-1,-1,0,0,1,0,0,10,0,0,0,26.72
1,0,0,0,-1,0,1,0,0,0,0,0,1,0,0,1,1,-1,0,1,0,3,0,-1,800,0,9223372036800000000,1e+75,0,10,0,0,7,1,0,1,0,0,1,1,0,0,0,0,0,4,2,0,1,-1,-1,-1,-1,0,10,-1,1,1,3,-1,-1,-1,0,0,1,0,0,10,0,0,0,26.72
1,0,0,0,-1,0,1,0,0,0,0,0,3,0,-1,2,-1,-1,-1,2,0,3,0,-1,50,0,9223372036800000000,1e+75,0,10,0,0,7,1,0,1,0,0,1,1,2,0,0,0,0,-1,2,0,1,-1,-1,-1,-1,1,10,-1,1,1,3,-1,-1,3,0,0,1,0,0,10,0,0,0,27.28
1,0,0,0,-1,0,1,0,0,0,0,0,-1,0,1,-1,0,-1,-1,-1,-1,3,0,-1,200,0,9223372036800000000,1e+75,0,10,0,0,7,1,0,1,20,0,1,0,2,0,0,0,0,4,2,0,1,-1,-1,-1,-1,0,10,-1,1,1,3,-1,-1,4,0,0,1,3,0,10,0,0,0,18.28
1,0,0,0,-1,0,1,1,0,0,0,0,0,0,1,0,2,0,-1,1,-1,3,0,-1,150,0,9223372036800000000,1e+75,0,10,0,0,7,0,0,1,0,0,1,1,0,0,200,0,0,0,2,0,1,-1,-1,-1,-1,0,10,-1,1,1,3,-1,-1,-1,0,0,1,0,0,10,0,0,0,34.37
1,0,0,0,-1,0,1,0,0,0,0,0,3,0,1,0,-1,-1,0,0,-1,3,0,-1,100,0,9223372036800000000,1e+75,0,10,0,0,7,-1,0,1,1000,0,1,0,-1,0,0,0,0,-1,2,0,1,-1,-1,-1,-1,0,10,-1,1,1,3,-1,-1,-1,0,0,1,0,0,10,0,0,0,35.96
1,0,0,0,-1,0,1,0,0,0,0,0,1,0,1,1,1,1,1,0,2,3,0,-1,400,0,9223372036800000000,1e+75,0,10,0,0,7,-1,0,1,20,0,1,0,-1,0,0,0,2,1,2,0,1,-1,-1,-1,-1,-1,10,-1,1,1,3,-1,-1,0,0,0,1,4,0,10,0,0,0,30.32
1,0,0,0,-1,0,1,0,0,0,0,0,0,0,0,1,1,-1,0,1,0,3,0,-1,800,0,9223372036800000000,1e+75,0,10,0,0,7,1,0,1,0,0,1,1,0,0,0,0,0,4,2,0,1,-1,-1,-1,-1,0,10,-1,1,1,3,-1,-1,-1,0,0,1,0,0,10,0,0,0,26.72
1,0,0,0,-1,0,1,0,0,0,0,0,2,0,0,2,0,-1,1,1,0,3,0,-1,10,0,9223372036800000000,1e+75,0,10,0,0,7,-1,0,1,0,0,1,1,2,0,0,0,0,-1,2,0,1,-1,-1,-1,-1,0,10,-1,1,1,3,-1,-1,-1,0,0,1,0,0,10,0,0,0,35.96
1,0,0,0,-1,0,1,1,0,0,0,0,-1,0,1,0,2,-1,2,-1,1,3,0,-1,100,0,9223372036800000000,1e+75,0,10,0,0,7,1,0,1,0,0,1,1,0,0,0,0,0,4,2,0,1,-1,-1,-1,-1,0,10,-1,1,1,3,-1,-1,-1,0,0,1,0,0,10,0,0,0,27.41
1,0,0,0,-1,0,1,1,0,0,0,0,-1,0,1,-1,0,1,2,2,0,3,0,-1,100,0,9223372036800000000,1e+75,0,10,0,0,7,1,0,1,0,0,1,1,0,0,0,0,0,3,2,0,1,-1,-1,-1,-1,0,10,-1,1,1,3,-1,-1,-1,0,0,1,0,0,10,0,0,0,42.01
1,0,0,0,-1,0,1,0,0,0,0,0,3,0,1,0,-1,-1,0,0,-1,3,0,-1,100,0,9223372036800000000,1e+75,0,10,0,0,7,-1,0,1,100,0,1,0,-1,0,0,0,0,-1,2,0,1,-1,-1,-1,-1,0,10,-1,1,1,3,-1,-1,4,0,0,1,0,0,10,0,0,0,22.46
1,0,0,0,-1,0,1,0,0,0,0,0,0,0,1,0,0,-1,0,1,2,3,0,-1,10,0,9223372036800000000,1e+75,0,10,0,0,7,1,0,1,0,0,1,1,3,0,0,0,0,1,2,0,1,-1,-1,-1,-1,0,10,-1,1,1,3,-1,-1,3,0,0,1,0,0,10,0,0,0,27.5
1,0,0,0,-1,0,1,5,0,0,0,0,3,0,0,-1,-1,1,-1,1,1,3,0,-1,100,0,9223372036800000000,1e+75,0,10,0,0,7,-1,0,1,0,0,1,1,0,0,0,0,0,0,2,0,1,-1,-1,-1,-1,0,10,-1,1,1,3,-1,-1,-1,0,0,1,0,0,10,0,0,0,33.5
1,0,0,0,-1,0,1,1,0,0,0,0,0,0,1,0,2,0,-1,2,-1,3,0,-1,150,0,9223372036800000000,1e+75,0,10,0,0,7,0,0,1,0,0,1,1,0,0,0,0,0,0,2,0,1,-1,-1,-1,-1,0,10,-1,1,1,3,-1,-1,-1,0,0,1,0,0,10,0,0,0,23.6
1,0,0,0,-1,0,1,2,0,0,0,0,-1,0,-1,1,0,-1,-1,2,1,3,0,-1,10,0,9223372036800000000,1e+75,0,10,0,0,7,-1,0,1,0,0,1,1,3,0,0,0,0,0,2,0,1,-1,-1,-1,-1,0,10,-1,1,1,3,-1,-1,1,0,0,1,0,0,10,0,0,0,46.72
1,0,0,0,-1,0,1,0,0,0,0,0,3,0,-1,1,-1,-1,0,1,1,3,0,-1,10,0,9223372036800000000,1e+75,0,10,0,0,7,0,0,1,0,0,1,1,0,0,0,0,0,-1,2,0,1,-1,-1,-1,-1,0,10,-1,1,1,3,-1,-1,-1,0,0,1,0,0,10,0,0,0,32.94
1,0,0,0,-1,0,1,0,0,0,0,0,1,0,1,-1,1,-1,2,2,2,3,0,-1,100,0,9223372036800000000,1e+75,0,10,0,0,7,-1,0,1,40,0,1,0,0,0,0,0,0,-1,2,0,1,-1,-1,-1,-1,-1,10,-1,1,1,3,-1,-1,3,0,0,1,0,0,10,0,0,0,35.96
1,0,0,0,-1,0,1,0,0,0,0,0,1,0,1,2,1,0,0,-1,-1,3,0,-1,10,0,9223372036800000000,1e+75,0,10,0,0,7,0,0,1,0,0,1,1,0,0,0,0,0,0,2,0,1,-1,-1,-1,-1,0,10,-1,1,1,3,-1,-1,-1,0,0,1,0,0,10,0,0,0,25.5
1,0,0,0,-1,0,1,0,0,0,0,0,1,0,1,1,1,1,1,1,2,3,0,-1,400,0,9223372036800000000,1e+75,0,10,0,0,7,-1,0,1,20,0,1,0,0,0,0,0,2,1,2,0,1,-1,-1,-1,-1,-1,10,-1,1,1,3,-1,-1,0,0,0,1,4,0,10,0,0,0,30.32
1,0,0,0,-1,0,1,0,0,0,0,0,1,0,0,0,1,0,0,-1,-1,3,0,-1,10,0,9223372036800000000,1e+75,0,10,0,0,7,0,0,1,0,0,1,1,0,0,0,0,0,0,2,0,1,-1,-1,-1,-1,0,10,-1,1,1,3,-1,-1,-1,0,0,1,0,0,10,0,0,0,25.5
1,0,0,0,-1,0,1,5,0,0,0,0,-1,0,1,2,2,1,1,1,-1,3,0,-1,10,0,9223372036800000000,1e+75,0,10,0,0,7,-1,0,1,0,0,1,1,0,0,0,0,0,0,2,0,1,-1,-1,-1,-1,0,10,-1,1,1,3,-1,-1,-1,0,0,1,0,0,10,0,0,0,45.45
1,0,0,0,-1,0,1,0,0,0,0,0,1,0,0,2,1,0,0,-1,-1,3,0,-1,10,0,9223372036800000000,1e+75,0,10,0,0,7,1,0,1,-1,0,1,1,0,0,0,0,1,0,2,0,1,-1,-1,-1,-1,0,10,-1,1,1,3,-1,-1,4,0,0,1,0,0,10,0,0,0,24.74
1,0,0,0,-1,0,1,0,0,0,0,0,1,0,0,2,1,0,0,-1,-1,3,0,-1,100,0,9223372036800000000,1e+75,0,10,0,0,7,0,0,1,0,0,1,1,0,0,0,0,0,0,2,0,1,-1,-1,-1,-1,0,10,-1,1,1,3,-1,-1,4,0,0,1,0,0,10,0,0,0,17.89
1,0,0,0,-1,0,1,0,0,0,0,0,1,0,0,2,1,0,0,-1,-1,3,0,-1,10,0,9223372036800000000,1e+75,0,10,0,0,7,1,0,1,-1,0,1,1,0,0,0,0,0,0,2,0,1,-1,-1,-1,-1,0,10,-1,1,1,3,-1,-1,4,0,0,1,3,0,10,0,0,0,20.35
1,0,0,0,-1,0,1,1,0,0,0,0,0,0,1,0,2,0,-1,1,-1,3,0,16,150,0,9223372036800000000,1e+75,0,10,0,0,7,0,0,1,0,0,1,1,0,0,0,0,0,0,2,0,1,-1,-1,-1,-1,0,10,-1,1,1,3,-1,-1,-1,0,0,1,0,0,10,0,0,0,23.6
1,0,0,0,-1,0,1,1,0,0,0,0,0,0,1,0,2,0,-1,1,-1,3,0,8,150,0,9223372036800000000,1e+75,0,10,0,0,7,0,0,1,0,0,1,1,0,0,0,0,0,0,2,0,1,-1,-1,-1,-1,0,10,-1,1,1,3,-1,-1,-1,0,0,1,0,0,10,0,0,0,23.6
1,0,0,0,-1,0,1,1,0,0,0,0,0,0,1,0,2,0,-1,1,-1,3,0,2,150,0,9223372036800000000,1e+75,0,10,0,0,7,0,0,1,0,0,1,1,0,0,0,0,0,0,2,0,1,-1,-1,-1,-1,0,10,-1,1,1,3,-1,-1,-1,0,0,1,0,0,10,0,0,0,23.6
1,0,0,0,-1,0,1,0,0,0,0,0,-1,0,1,0,0,-1,0,1,2,3,0,-1,10,0,9223372036800000000,1e+75,0,10,0,0,7,1,0,1,0,0,1,1,3,0,0,0,0,1,2,0,1,-1,-1,-1,-1,0,10,-1,1,1,3,-1,-1,3,0,0,1,0,0,10,0,0,0,27.5
1,0,0,0,-1,0,1,0,0,0,0,0,1,0,-1,-1,-1,-1,-1,0,-1,3,0,-1,200,0,9223372036800000000,1e+75,0,10,0,0,7,-1,0,1,40,0,1,0,3,0,0,0,0,3,2,0,1,-1,-1,-1,-1,0,10,-1,1,1,3,-1,-1,4,0,0,1,0,0,10,0,0,0,23.32
1,0,0,0,-1,0,1,1,0,0,0,0,0,0,1,0,2,0,-1,1,-1,3,0,-1,150,0,9223372036800000000,1e+75,0,10,0,0,7,1,0,1,0,0,1,1,0,0,0,0,0,0,2,0,1,-1,-1,-1,-1,0,10,-1,1,1,3,-1,-1,-1,0,0,1,0,0,10,0,0,0,26.02
1,0,0,0,-1,0,1,0,0,0,0,0,1,0,-1,-1,0,-1,2,1,1,3,0,-1,400,0,9223372036800000000,1e+75,0,10,0,0,7,0,0,1,0,0,1,1,0,0,0,0,0,0,2,0,1,-1,-1,-1,-1,0,10,-1,1,1,3,-1,-1,-1,0,0,1,0,0,10,0,0,0,25.5
1,0,0,0,-1,0,1,1,0,0,0,0,0,0,1,0,2,0,-1,1,-1,3,0,-1,150,0,9223372036800000000,1e+75,0,10,0,0,7,-1,0,1,0,0,1,1,0,0,0,0,0,0,2,0,1,-1,-1,-1,-1,0,10,-1,1,1,3,-1,-1,-1,0,0,1,0,0,10,0,0,0,38.87
1,0,0,0,-1,0,1,0,0,0,0,0,0,0,0,0,-1,0,-1,1,-1,3,0,-1,25,0,9223372036800000000,1e+75,0,10,0,0,7,0,0,1,0,0,1,1,0,0,0,0,0,0,2,0,1,-1,-1,-1,-1,0,10,-1,1,1,3,-1,-1,-1,0,0,1,0,0,10,0,0,0,26.43
1,0,0,0,-1,0,1,0,0,0,0,0,2,0,1,1,-1,-1,-1,-1,0,3,0,-1,400,0,9223372036800000000,1e+75,0,10,0,0,7,1,0,1,0,0,1,1,0,0,0,0,0,2,2,0,1,-1,-1,-1,-1,0,10,-1,1,1,3,-1,-1,-1,0,0,1,0,0,10,0,0,0,32.61
1,0,0,0,-1,0,1,1,0,0,0,0,0,0,1,0,2,0,-1,1,-1,3,0,-1,150,0,9223372036800000000,1e+75,0,10,0,0,15,0,0,1,0,0,1,1,0,0,0,0,0,0,2,0,1,-1,-1,-1,-1,0,10,-1,1,1,3,-1,-1,-1,0,0,1,0,0,10,0,0,0,23.6
1,0,0,0,-1,0,1,0,0,0,0,0,1,0,-1,0,1,-1,2,1,1,3,0,-1,400,0,9223372036800000000,1e+75,0,10,0,0,7,0,0,1,0,0,1,1,0,0,0,0,0,0,2,0,1,-1,-1,-1,-1,0,10,-1,1,1,3,-1,-1,-1,0,0,1,0,0,10,0,0,0,25.5
1,0,0,0,-1,0,1,1,0,0,0,0,0,0,1,0,2,0,-1,1,-1,3,0,-1,150,0,9223372036800000000,1e+75,0,10,0,0,10,0,0,1,0,0,1,1,0,0,0,0,0,0,2,0,1,-1,-1,-1,-1,0,10,-1,1,1,3,-1,-1,-1,0,0,1,0,0,10,0,0,0,23.6
1,0,0,0,-1,0,1,3,0,0,0,0,2,0,0,1,-1,-1,2,2,1,3,0,-1,800,0,9223372036800000000,1e+75,0,10,0,0,7,0,0,1,0,0,1,1,0,0,0,0,0,0,2,0,1,-1,-1,-1,-1,0,10,-1,1,1,3,-1,-1,-1,0,0,1,0,0,10,0,0,0,33.23
1,0,0,0,-1,0,1,1,0,0,0,0,0,0,1,0,2,0,-1,1,-1,3,0,-1,150,0,9223372036800000000,1e+75,0,10,0,0,5,0,0,1,0,0,1,1,0,0,0,0,0,0,2,0,1,-1,-1,-1,-1,0,10,-1,1,1,3,-1,-1,-1,0,0,1,0,0,10,0,0,0,23.6
1,0,0,0,-1,0,1,0,0,0,0,0,1,0,0,2,1,0,-1,-1,-1,3,0,-1,10,0,9223372036800000000,1e+75,0,10,0,0,7,0,0,1,0,0,1,1,0,0,0,0,0,0,2,0,1,-1,-1,-1,-1,0,10,-1,1,1,3,-1,-1,-1,0,0,1,0,0,10,0,0,0,25.5
1,0,0,0,-1,0,1,1,0,0,0,0,0,0,1,0,2,0,-1,1,-1,3,0,-1,150,0,9223372036800000000,1e+75,0,10,0,0,7,0,0,1,0,0,1,1,0,0,0,0,0,0,2,0,1,-1,-1,-1,-1,0,10,-1,1,1,3,-1,-1,2,0,0,1,0,0,10,0,0,0,29.31
1,0,0,0,-1,0,1,1,0,0,0,0,0,0,1,0,2,0,-1,1,-1,3,0,-1,150,0,9223372036800000000,1e+75,0,10,0,0,7,0,0,1,0,0,1,1,0,0,500,0,0,0,2,0,1,-1,-1,-1,-1,0,10,-1,1,1,3,-1,-1,-1,0,0,1,0,0,10,0,0,0,34.37
1,0,0,0,-1,0,1,0,0,0,0,0,1,0,0,2,1,0,0,-1,-1,3,0,-1,10,0,9223372036800000000,1e+75,0,10,0,0,7,0,0,1,0,0,1,1,3,0,0,0,0,0,2,0,1,-1,-1,-1,-1,0,10,-1,1,1,3,-1,-1,-1,0,0,1,0,0,10,0,0,0,27.54
1,0,0,0,-1,0,1,3,0,0,0,0,-1,0,1,-1,0,-1,-1,-1,2,3,0,-1,200,0,9223372036800000000,1e+75,0,10,0,0,7,1,0,1,0,0,1,0,2,0,0,0,0,4,2,0,1,-1,-1,-1,-1,0,10,-1,1,1,3,-1,-1,4,0,0,1,0,0,10,0,0,0,19.35
1,0,0,0,-1,0,1,1,0,0,0,0,-1,0,0,2,-1,1,1,2,1,3,0,-1,10,0,9223372036800000000,1e+75,0,10,0,0,7,1,0,1,0,0,1,1,0,0,0,0,0,1,2,0,1,-1,-1,-1,-1,0,10,-1,1,1,3,-1,-1,-1,0,0,1,0,0,10,0,0,0,26.2
1,0,0,0,-1,0,1,1,0,0,0,0,0,0,1,0,2,0,-1,1,-1,3,0,-1,150,0,9223372036800000000,1e+75,0,10,0,0,7,0,0,1,0,0,1,1,0,0,40,0,0,0,2,0,1,-1,-1,-1,-1,0,10,-1,1,1,3,-1,-1,-1,0,0,1,0,0,10,0,0,0,34.37
1,0,0,0,-1,0,1,1,0,0,0,0,0,0,1,0,2,0,-1,1,-1,3,0,-1,150,0,9223372036800000000,40,0,10,0,0,7,0,0,1,0,0,1,1,0,0,0,0,0,0,2,0,1,-1,-1,-1,-1,0,10,-1,1,1,3,-1,-1,-1,0,0,1,0,0,10,0,0,0,23.6
1,0,0,0,-1,0,1,1,0,0,0,0,0,0,1,0,2,0,-1,1,-1,3,0,-1,150,0,9223372036800000000,240,0,10,0,0,7,0,0,1,0,0,1,1,0,0,0,0,0,0,2,0,1,-1,-1,-1,-1,0,10,-1,1,1,3,-1,-1,-1,0,0,1,0,0,10,0,0,0,23.6
1,0,0,0,-1,0,1,1,0,0,0,0,0,0,1,0,2,0,-1,1,-1,3,0,-1,150,0,9223372036800000000,1e+75,0,10,0,0,7,0,0,1,0,0,1,1,-1,0,0,0,0,0,2,0,1,-1,-1,-1,-1,0,10,-1,1,1,3,-1,-1,-1,0,0,1,0,0,10,0,0,0,25.41
1,0,0,0,-1,0,1,1,0,0,0,0,0,0,1,0,2,0,-1,1,-1,3,0,-1,150,0,9223372036800000000,1e+75,0,10,0,0,7,0,0,1,0,0,3,1,0,0,0,0,0,0,2,0,1,-1,-1,-1,-1,0,10,-1,1,1,3,-1,-1,-1,0,0,1,0,0,10,0,0,0,23.6
1,0,0,0,-1,0,1,0,0,0,0,0,3,0,0,2,-1,-1,-1,2,0,3,0,-1,50,0,9223372036800000000,1e+75,0,10,0,0,7,1,0,1,0,0,1,1,0,0,0,0,0,-1,2,0,1,-1,-1,-1,-1,1,10,-1,1,1,3,-1,-1,3,0,0,1,0,0,10,0,0,0,29.65
1,0,0,0,-1,0,1,1,0,0,0,0,0,0,1,0,2,0,-1,1,-1,3,0,-1,150,0,9223372036800000000,60,0,10,0,0,7,0,0,1,0,0,1,1,0,0,0,0,0,0,2,0,1,-1,-1,-1,-1,0,10,-1,1,1,3,-1,-1,-1,0,0,1,0,0,10,0,0,0,23.6
1,0,0,0,-1,0,1,1,0,0,0,0,0,0,1,0,2,0,-1,1,-1,3,0,-1,150,0,9223372036800000000,1e+75,0,10,0,0,7,0,0,1,0,0,1,1,3,0,0,0,0,0,2,0,1,-1,-1,-1,-1,0,10,-1,1,1,3,-1,-1,-1,0,0,1,0,0,10,0,0,0,27.39
1,0,0,0,-1,0,1,3,0,0,0,0,-1,0,0,-1,0,-1,-1,-1,-1,3,0,-1,200,0,9223372036800000000,1e+75,0,10,0,0,7,1,0,1,0,0,1,0,2,0,0,0,0,4,2,0,1,-1,-1,-1,-1,0,10,-1,1,1,3,-1,-1,4,0,0,1,0,0,10,0,0,0,19.35
1,0,0,0,-1,0,1,1,0,0,0,0,0,0,1,0,2,0,-1,1,-1,3,0,-1,150,0,9223372036800000000,50,0,10,0,0,7,0,0,1,0,0,1,1,0,0,0,0,0,0,2,0,1,-1,-1,-1,-1,0,10,-1,1,1,3,-1,-1,-1,0,0,1,0,0,10,0,0,0,23.6
1,0,0,0,-1,0,1,1,0,0,0,0,0,0,1,0,2,0,-1,1,-1,3,0,-1,150,0,9223372036800000000,30,0,10,0,0,7,0,0,1,0,0,1,1,0,0,0,0,0,0,2,0,1,-1,-1,-1,-1,0,10,-1,1,1,3,-1,-1,-1,0,0,1,0,0,10,0,0,0,23.6
1,0,0,0,-1,0,1,1,0,0,0,0,0,0,1,0,2,0,-1,1,-1,3,0,-1,150,0,9223372036800000000,1e+75,0,10,0,0,7,0,0,1,0,0,2,1,0,0,0,0,0,0,2,0,1,-1,-1,-1,-1,0,10,-1,1,1,3,-1,-1,-1,0,0,1,0,0,10,0,0,0,23.6
1,0,0,0,-1,0,1,1,0,0,0,0,0,0,1,0,2,0,-1,1,-1,3,0,-1,150,0,9223372036800000000,20,0,10,0,0,7,0,0,1,0,0,1,1,0,0,0,0,0,0,2,0,1,-1,-1,-1,-1,0,10,-1,1,1,3,-1,-1,-1,0,0,1,0,0,10,0,0,0,23.6
1,0,0,0,-1,0,1,0,0,0,0,0,-1,0,1,1,-1,2,2,2,2,3,0,-1,800,0,9223372036800000000,1e+75,0,10,0,0,7,-1,0,1,500,0,1,0,1,0,0,0,0,1,2,0,1,-1,-1,-1,-1,-1,10,-1,1,1,3,-1,-1,4,0,0,1,0,0,10,0,0,0,24.78
1,0,0,0,-1,0,1,0,0,0,0,0,1,0,-1,1,-1,-1,1,-1,-1,3,0,-1,50,0,9223372036800000000,1e+75,0,10,0,0,7,1,0,1,-1,0,1,1,2,0,0,0,0,-1,2,0,1,-1,-1,-1,-1,-1,10,-1,1,1,3,-1,-1,0,0,0,1,0,0,10,0,0,0,36.02
1,0,0,0,-1,0,1,1,0,0,0,0,0,0,1,0,2,0,-1,1,-1,3,0,-1,150,0,9223372036800000000,5,0,10,0,0,7,0,0,1,0,0,1,1,0,0,0,0,0,0,2,0,1,-1,-1,-1,-1,0,10,-1,1,1,3,-1,-1,-1,0,0,1,0,0,10,0,0,0,23.6
1,0,0,0,-1,0,1,0,0,0,0,0,3,0,0,2,2,-1,-1,2,0,3,0,-1,50,0,9223372036800000000,1e+75,0,10,0,0,7,1,0,1,0,0,1,1,2,0,0,0,0,-1,2,0,1,-1,-1,-1,-1,1,10,-1,1,1,3,-1,-1,3,0,0,1,0,0,10,0,0,0,27.28
1,0,0,0,-1,0,1,0,0,0,0,0,1,0,-1,-1,-1,-1,2,0,2,3,0,-1,800,0,9223372036800000000,1e+75,0,10,0,0,7,0,0,1,0,0,1,1,0,0,0,0,0,0,2,0,1,-1,-1,-1,-1,0,10,-1,1,1,3,-1,-1,-1,0,0,1,0,0,10,0,0,0,25.5
1,0,0,0,-1,0,1,0,0,0,0,0,2,0,0,1,1,-1,2,1,0,3,0,-1,200,0,9223372036800000000,1e+75,0,10,0,0,7,-1,0,1,-1,0,1,1,1,0,0,0,5,3,2,0,1,-1,-1,-1,-1,-1,10,-1,1,1,3,-1,-1,2,0,0,1,0,0,10,0,0,0,1.79769e+308
1,0,0,0,-1,0,1,1,0,0,0,0,0,0,1,0,2,0,-1,1,-1,3,0,-1,150,0,9223372036800000000,0,0,10,0,0,7,0,0,1,0,0,1,1,0,0,0,0,0,0,2,0,1,-1,-1,-1,-1,0,10,-1,1,1,3,-1,-1,-1,0,0,1,0,0,10,0,0,0,40.19
1,0,0,0,-1,0,1,1,0,0,0,0,-1,0,-1,2,-1,1,1,2,1,3,0,-1,10,0,9223372036800000000,1e+75,0,10,0,0,7,1,0,1,0,0,1,1,0,0,0,0,0,1,2,0,1,-1,-1,-1,-1,0,10,-1,1,1,3,-1,-1,-1,0,0,1,0,0,10,0,0,0,26.2
1,0,0,0,-1,0,1,2,0,0,0,0,0,0,-1,-1,1,1,1,0,0,3,0,-1,25,0,9223372036800000000,1e+75,0,10,0,0,7,0,0,1,0,0,1,0,0,0,0,0,0,0,2,0,1,-1,-1,-1,-1,0,10,-1,1,1,3,-1,-1,5,0,0,1,0,0,10,0,0,0,26.31
1,0,0,0,-1,0,1,0,0,0,0,0,1,0,0,-1,1,0,0,-1,-1,3,0,-1,10,0,9223372036800000000,1e+75,0,10,0,0,7,0,0,1,0,0,1,1,0,0,0,0,0,0,2,0,1,-1,-1,-1,-1,0,10,-1,1,1,3,-1,-1,-1,0,0,1,0,0,10,0,0,0,25.5
1,0,0,0,-1,0,1,1,0,0,0,0,0,0,1,0,2,0,-1,1,-1,3,0,-1,150,0,9223372036800000000,1e+75,0,10,0,0,7,0,1,1,0,0,1,1,0,0,0,0,0,0,2,0,1,-1,-1,-1,-1,0,10,-1,1,1,3,-1,-1,-1,0,0,1,0,0,10,0,0,0,27.39
1,0,0,0,-1,0,1,0,0,0,0,0,3,0,0,2,-1,-1,-1,2,0,3,0,-1,50,0,9223372036800000000,1e+75,0,10,0,0,7,1,0,1,0,0,1,1,1,0,0,0,0,-1,2,0,1,-1,-1,-1,-1,1,10,-1,1,1,3,-1,-1,3,0,0,1,0,0,10,0,0,0,25.6
1,0,0,0,-1,0,1,1,0,0,0,0,0,0,1,0,2,0,-1,1,-1,3,0,-1,150,0,9223372036800000000,1e+75,0,10,0,0,7,0,0,1,0,0,1,1,0,0,0,0,0,4,2,0,1,-1,-1,-1,-1,0,10,-1,1,1,3,-1,-1,-1,0,0,1,0,0,10,0,0,0,23.6
1,0,0,0,-1,0,1,1,0,0,0,0,0,0,1,0,2,0,-1,1,-1,3,0,-1,150,0,9223372036800000000,1e+75,0,10,0,0,7,0,0,1,0,0,1,1,0,0,0,0,0,2,2,0,1,-1,-1,-1,-1,0,10,-1,1,1,3,-1,-1,-1,0,0,1,0,0,10,0,0,0,39.69
1,0,0,0,-1,0,1,1,0,0,0,0,0,0,0,0,1,0,-1,1,-1,3,0,-1,25,0,9223372036800000000,1e+75,0,10,0,0,7,0,0,1,0,0,1,1,0,0,0,0,0,0,2,0,1,-1,-1,-1,-1,0,10,-1,1,1,3,-1,-1,-1,0,0,1,0,0,10,0,0,0,26.22
1,0,0,0,-1,0,1,1,0,0,0,0,0,0,1,0,2,0,-1,1,-1,3,0,-1,150,0,9223372036800000000,1e+75,0,10,0,0,7,0,0,1,0,0,1,1,0,0,0,0,0,-1,2,0,1,-1,-1,-1,-1,0,10,-1,1,1,3,-1,-1,-1,0,0,1,0,0,10,0,0,0,33.27
1,0,0,0,-1,0,1,0,0,0,0,0,1,0,-1,-1,1,-1,-1,1,1,3,0,-1,400,0,9223372036800000000,1e+75,0,10,0,0,7,0,0,1,0,0,1,1,0,0,0,0,0,0,2,0,1,-1,-1,-1,-1,0,10,-1,1,1,3,-1,-1,-1,0,0,1,0,0,10,0,0,0,25.5
1,0,0,0,-1,0,1,0,0,0,0,0,1,0,0,2,1,0,0,-1,1,3,0,-1,10,0,9223372036800000000,1e+75,0,10,0,0,7,0,0,1,0,0,1,1,0,0,0,0,0,0,2,0,1,-1,-1,-1,-1,0,10,-1,1,1,3,-1,-1,-1,0,0,1,0,0,10,0,0,0,25.5
1,0,0,0,-1,0,1,0,0,0,0,0,-1,0,0,1,-1,-1,0,-1,-1,3,0,-1,10,0,9223372036800000000,1e+75,0,10,0,0,7,-1,0,1,0,0,1,1,-1,0,0,0,0,1,2,0,1,-1,-1,-1,-1,0,10,-1,1,1,3,-1,-1,5,0,0,1,0,0,10,0,0,0,47.82
1,0,0,0,-1,0,1,1,0,0,0,0,0,0,0,0,-1,0,-1,1,-1,3,0,-1,200,0,9223372036800000000,1e+75,0,10,0,0,7,0,0,1,0,0,1,1,0,0,0,0,0,0,2,0,1,-1,-1,-1,-1,0,10,-1,1,1,3,-1,-1,-1,0,0,1,0,0,10,0,0,0,26.3
1,0,0,0,-1,0,1,3,0,0,0,0,-1,0,1,-1,0,-1,-1,-1,-1,3,0,-1,200,0,9223372036800000000,1e+75,0,10,0,0,7,1,0,1,0,0,1,0,2,0,0,0,0,4,2,0,1,-1,-1,-1,-1,0,10,-1,1,1,3,-1,-1,4,0,0,1,0,0,10,0,0,0,19.35
1,0,0,0,-1,0,1,5,0,0,0,0,0,0,0,2,2,1,0,2,1,3,0,-1,800,0,9223372036800000000,1e+75,0,10,0,0,7,0,0,1,0,0,1,1,1,0,0,0,0,-1,2,0,1,-1,-1,-1,-1,0,10,-1,1,1,3,-1,-1,4,0,0,1,0,0,10,0,0,0,24.09
1,0,0,0,-1,0,1,0,0,0,0,0,-1,0,0,1,0,-1,-1,2,-1,3,0,-1,10,0,9223372036800000000,1e+75,0,10,0,0,7,1,0,1,0,0,1,1,3,0,0,0,0,2,2,0,1,-1,-1,-1,-1,0,10,-1,1,1,3,-1,-1,5,0,0,1,0,0,10,0,0,0,34.07
1,0,0,0,-1,0,1,0,0,0,0,0,1,0,0,2,1,0,0,-1,-1,3,0,-1,10,0,9223372036800000000,1e+75,0,10,0,0,7,1,0,1,0,0,1,1,0,0,0,0,0,0,2,0,1,-1,-1,-1,-1,0,10,-1,1,1,3,-1,-1,-1,0,0,1,0,0,10,0,0,0,26.72
1,0,0,0,-1,0,1,0,0,0,0,0,1,0,0,2,1,0,0,-1,-1,3,0,-1,10,0,9223372036800000000,1e+75,0,10,0,0,7,0,0,1,0,0,1,1,0,0,0,0,0,4,2,0,1,-1,-1,-1,-1,0,10,-1,1,1,3,-1,-1,-1,0,0,1,0,0,10,0,0,0,25.5
1,0,0,0,-1,0,1,3,0,0,0,0,1,0,-1,-1,1,-1,2,1,1,3,0,-1,400,0,9223372036800000000,1e+75,0,10,0,0,7,0,0,1,0,0,1,1,0,0,0,0,0,0,2,0,1,-1,-1,-1,-1,0,10,-1,1,1,3,-1,-1,-1,0,0,1,0,0,10,0,0,0,30.91
1,0,0,0,-1,0,1,1,0,0,0,0,0,0,0,2,-1,0,-1,1,-1,3,0,-1,200,0,9223372036800000000,1e+75,0,10,0,0,7,0,0,1,0,0,1,1,0,0,0,0,0,0,2,0,1,-1,-1,-1,-1,0,10,-1,1,1,3,-1,-1,-1,0,0,1,0,0,10,0,0,0,26.3
1,0,0,0,-1,0,1,3,0,0,0,0,1,0,1,-1,0,-1,-1,-1,-1,3,0,-1,200,0,9223372036800000000,1e+75,0,10,0,0,7,1,0,1,0,0,1,0,2,0,0,0,0,4,2,0,1,-1,-1,-1,-1,0,10,-1,1,1,3,-1,-1,4,0,0,1,0,0,10,0,0,0,19.35
1,0,0,0,-1,0,1,0,0,0,0,0,1,0,0,2,-1,0,0,-1,-1,3,0,-1,10,0,9223372036800000000,1e+75,0,10,0,0,7,1,0,1,-1,0,1,1,0,0,0,0,0,0,2,0,1,-1,-1,-1,-1,0,10,-1,1,1,3,-1,-1,4,0,0,1,0,0,10,0,0,0,17.53
1,0,0,0,-1,0,1,0,0,0,0,0,1,0,0,2,0,-1,-1,2,-1,3,0,-1,10,0,9223372036800000000,1e+75,0,10,0,0,7,1,0,1,0,0,1,1,3,0,0,0,0,2,2,0,1,-1,-1,-1,-1,0,10,-1,1,1,3,-1,-1,5,0,0,1,0,0,10,0,0,0,34.07
1,0,0,0,-1,0,1,0,0,0,0,0,3,0,-1,1,1,-1,1,-1,0,3,0,-1,150,0,9223372036800000000,1e+75,0,10,0,0,7,1,0,1,40,0,1,0,3,0,0,0,0,0,2,0,1,-1,-1,-1,-1,-1,10,-1,1,1,3,-1,-1,1,0,0,1,4,0,10,0,0,0,36.94
1,0,0,0,-1,0,1,1,0,0,0,0,0,0,1,0,2,0,-1,1,-1,3,0,-1,150,0,9223372036800000000,1e+75,0,10,0,0,7,0,0,1,0,0,1,1,0,3,0,0,0,0,2,0,1,-1,-1,-1,-1,0,10,-1,1,1,3,-1,-1,-1,0,0,1,0,0,10,0,0,0,31.94
1,0,0,0,-1,0,1,0,0,0,0,0,1,0,1,1,-1,-1,2,-1,0,3,0,-1,200,0,9223372036800000000,1e+75,0,10,0,0,7,-1,0,1,20,0,1,0,1,0,0,0,2,-1,2,0,1,-1,-1,-1,-1,1,10,-1,1,1,3,-1,-1,-1,0,0,1,5,0,10,0,0,0,37.97
1,0,0,0,-1,0,1,0,0,0,0,0,1,0,0,2,1,2,0,-1,-1,3,0,-1,10,0,9223372036800000000,1e+75,0,10,0,0,7,0,0,1,0,0,1,1,0,0,0,0,0,0,2,0,1,-1,-1,-1,-1,0,10,-1,1,1,3,-1,-1,-1,0,0,1,0,0,10,0,0,0,25.5
1,0,0,0,-1,0,1,1,0,0,0,0,0,0,0,0,-1,0,0,1,-1,3,0,-1,25,0,9223372036800000000,1e+75,0,10,0,0,7,0,0,1,0,0,1,1,0,0,0,0,0,0,2,0,1,-1,-1,-1,-1,0,10,-1,1,1,3,-1,-1,-1,0,0,1,0,0,10,0,0,0,26.22
1,0,0,0,-1,0,1,1,0,0,0,0,0,0,0,1,-1,0,-1,1,-1,3,0,-1,25,0,9223372036800000000,1e+75,0,10,0,0,7,0,0,1,0,0,1,1,0,0,0,0,0,0,2,0,1,-1,-1,-1,-1,0,10,-1,1,1,3,-1,-1,-1,0,0,1,0,0,10,0,0,0,26.22
1,0,0,0,-1,0,1,1,0,0,0,0,0,0,1,0,2,0,-1,1,-1,3,0,-1,150,0,9223372036800000000,1e+75,0,10,0,0,7,0,0,1,0,0,1,1,0,0,-1,0,0,0,2,0,1,-1,-1,-1,-1,0,10,-1,1,1,3,-1,-1,-1,0,0,1,0,0,10,0,0,0,24.92
1,0,0,0,-1,0,1,0,0,0,0,0,1,0,1,0,-1,-1,0,0,-1,3,0,-1,100,0,9223372036800000000,1e+75,0,10,0,0,7,-1,0,1,1000,0,1,0,-1,0,0,0,0,-1,2,0,1,-1,-1,-1,-1,0,10,-1,1,1,3,-1,-1,4,0,0,1,0,0,10,0,0,0,22.46
1,0,0,0,-1,0,1,1,0,0,0,0,0,0,1,0,2,0,-1,1,-1,3,0,-1,150,0,9223372036800000000,1e+75,0,10,0,0,7,0,0,1,0,0,1,1,0,0,1000,0,0,0,2,0,1,-1,-1,-1,-1,0,10,-1,1,1,3,-1,-1,-1,0,0,1,0,0,10,0,0,0,34.37
1,0,0,0,-1,0,1,4,0,0,0,0,0,0,0,0,0,-1,1,-1,0,3,0,-1,800,0,9223372036800000000,1e+75,0,10,0,0,7,0,0,1,0,0,1,1,0,0,0,0,0,0,2,0,1,-1,-1,-1,-1,0,10,-1,1,1,3,-1,-1,-1,0,0,1,0,0,10,0,0,0,34.91
1,0,0,0,-1,0,1,0,0,0,0,0,3,0,1,-1,-1,-1,0,0,-1,3,0,-1,100,0,9223372036800000000,1e+75,0,10,0,0,7,-1,0,1,1000,0,1,0,-1,0,0,0,0,-1,2,0,1,-1,-1,-1,-1,0,10,-1,1,1,3,-1,-1,4,0,0,1,0,0,10,0,0,0,22.46
1,0,0,0,-1,0,1,3,0,0,0,0,-1,0,1,-1,0,-1,-1,-1,-1,3,0,-1,200,0,9223372036800000000,1e+75,0,10,0,0,7,1,0,1,0,0,1,0,2,0,0,0,0,4,2,0,1,-1,-1,-1,-1,0,10,-1,1,1,3,-1,-1,1,0,0,1,0,0,10,0,0,0,43.34
1,0,0,0,-1,0,1,1,0,0,0,0,0,0,1,0,2,0,-1,1,-1,3,0,-1,150,0,9223372036800000000,10,0,10,0,0,7,0,0,1,0,0,1,1,0,0,0,0,0,0,2,0,1,-1,-1,-1,-1,0,10,-1,1,1,3,-1,-1,-1,0,0,1,0,0,10,0,0,0,23.6
1,0,0,0,-1,0,1,1,0,0,0,0,0,0,1,0,2,0,-1,1,-1,3,0,-1,150,0,9223372036800000000,1e+75,0,10,0,0,7,0,3,1,0,0,1,1,0,0,0,0,0,0,2,0,1,-1,-1,-1,-1,0,10,-1,1,1,3,-1,-1,-1,0,0,1,0,0,10,0,0,0,27.15
1,0,0,0,-1,0,1,5,0,0,0,0,1,0,1,1,-1,-1,-1,-1,0,3,0,-1,10,0,9223372036800000000,1e+75,0,10,0,0,7,1,0,1,0,0,1,1,0,0,0,0,0,1,2,0,1,-1,-1,-1,-1,0,10,-1,1,1,3,-1,-1,-1,0,0,1,0,0,10,0,0,0,45.45
1,0,0,0,-1,0,1,1,0,0,0,0,3,0,0,0,-1,0,-1,1,-1,3,0,-1,25,0,9223372036800000000,1e+75,0,10,0,0,7,0,0,1,0,0,1,1,0,0,0,0,0,0,2,0,1,-1,-1,-1,-1,0,10,-1,1,1,3,-1,-1,-1,0,0,1,0,0,10,0,0,0,26.22
1,0,0,0,-1,0,1,1,0,0,0,0,0,0,0,0,-1,0,-1,1,2,3,0,-1,200,0,9223372036800000000,1e+75,0,10,0,0,7,0,0,1,0,0,1,1,0,0,0,0,0,0,2,0,1,-1,-1,-1,-1,0,10,-1,1,1,3,-1,-1,-1,0,0,1,0,0,10,0,0,0,26.3
1,0,0,0,-1,0,1,2,0,0,0,0,0,0,0,0,2,2,1,-1,0,3,0,-1,200,0,9223372036800000000,1e+75,0,10,0,0,7,0,0,1,0,0,1,1,0,0,0,0,0,0,2,0,1,-1,-1,-1,-1,0,10,-1,1,1,3,-1,-1,-1,0,0,1,0,0,10,0,0,0,28.1
1,0,0,0,-1,0,1,0,0,0,0,0,1,0,-1,1,1,-1,2,1,1,3,0,-1,400,0,9223372036800000000,1e+75,0,10,0,0,7,0,0,1,0,0,1,1,0,0,0,0,0,0,2,0,1,-1,-1,-1,-1,0,10,-1,1,1,3,-1,-1,-1,0,0,1,0,0,10,0,0,0,25.5
1,0,0,0,-1,0,1,2,0,0,0,0,3,0,1,-1,1,2,0,1,0,3,0,-1,50,0,9223372036800000000,1e+75,0,10,0,0,7,0,0,1,0,0,1,1,0,0,0,0,0,0,2,0,1,-1,-1,-1,-1,0,10,-1,1,1,3,-1,-1,-1,0,0,1,0,0,10,0,0,0,33.88
1,0,0,0,-1,0,1,5,0,0,0,0,3,0,-1,2,2,2,2,2,1,3,0,-1,10,0,9223372036800000000,1e+75,0,10,0,0,7,-1,0,1,0,0,1,1,1,0,0,0,0,-1,2,0,1,-1,-1,-1,-1,0,10,-1,1,1,3,-1,-1,0,0,0,1,0,0,10,0,0,0,58.02
1,0,0,0,-1,0,1,0,0,0,0,0,2,0,0,1,1,-1,2,1,0,3,0,-1,200,0,9223372036800000000,1e+75,0,10,0,0,7,1,0,1,-1,0,1,1,1,0,0,0,5,3,2,0,1,-1,-1,-1,-1,-1,10,-1,1,1,3,-1,-1,2,0,0,1,5,0,10,0,0,0,50.27
1,0,0,0,-1,0,1,4,0,0,0,0,1,0,-1,-1,1,-1,2,1,1,3,0,-1,400,0,9223372036800000000,1e+75,0,10,0,0,7,0,0,1,0,0,1,1,0,0,0,0,0,0,2,0,1,-1,-1,-1,-1,0,10,-1,1,1,3,-1,-1,-1,0,0,1,0,0,10,0,0,0,34.91
1,0,0,0,-1,0,1,0,0,0,0,0,1,0,-1,1,-1,1,0,2,0,3,0,-1,800,0,9223372036800000000,1e+75,0,10,0,0,7,0,0,1,0,0,1,1,0,0,0,0,0,4,2,0,1,-1,-1,-1,-1,0,10,-1,1,1,3,-1,-1,-1,0,0,1,0,0,10,0,0,0,33.4
1,0,0,0,-1,0,1,5,0,0,0,0,2,0,1,0,2,-1,0,-1,-1,3,0,-1,800,0,9223372036800000000,1e+75,0,10,0,0,7,0,0,1,0,0,1,1,1,0,0,0,0,-1,2,0,1,-1,-1,-1,-1,0,10,-1,1,1,3,-1,-1,3,0,0,1,0,0,10,0,0,0,45.45
1,0,0,0,-1,0,1,5,0,0,0,0,0,0,0,2,2,1,2,2,1,3,0,-1,800,0,9223372036800000000,1e+75,0,10,0,0,7,0,0,1,0,0,1,1,1,0,0,0,0,1,2,0,1,-1,-1,-1,-1,0,10,-1,1,1,3,-1,-1,4,0,0,1,0,0,10,0,0,0,22.46
1,0,0,0,-1,0,1,2,0,0,0,0,3,0,0,0,0,2,1,-1,0,3,0,-1,200,0,9223372036800000000,1e+75,0,10,0,0,7,0,0,1,0,0,1,1,0,0,0,0,0,0,2,0,1,-1,-1,-1,-1,0,10,-1,1,1,3,-1,-1,-1,0,0,1,0,0,10,0,0,0,28.1
1,0,0,0,-1,0,1,0,0,0,0,0,0,0,-1,-1,1,-1,2,1,1,3,0,-1,400,0,9223372036800000000,1e+75,0,10,0,0,7,0,0,1,0,0,1,1,0,0,0,0,0,0,2,0,1,-1,-1,-1,-1,0,10,-1,1,1,3,-1,-1,-1,0,0,1,0,0,10,0,0,0,25.5
1,0,0,0,-1,0,1,1,0,0,0,0,2,0,1,2,1,-1,1,0,0,3,0,-1,400,0,9223372036800000000,1e+75,0,10,0,0,7,0,0,1,0,0,1,1,0,0,0,0,0,0,2,0,1,-1,-1,-1,-1,0,10,-1,1,1,3,-1,-1,-1,0,0,1,0,0,10,0,0,0,27.41
1,0,0,0,-1,0,1,0,0,0,0,0,1,0,-1,-1,-1,-1,-1,0,-1,3,0,-1,200,0,9223372036800000000,1e+75,0,10,0,0,7,0,0,1,40,0,1,0,3,0,0,0,0,3,2,0,1,-1,-1,-1,-1,0,10,-1,1,1,3,-1,-1,4,0,0,1,0,0,10,0,0,0,23.83
1,0,0,0,-1,0,1,0,0,0,0,0,0,0,0,1,2,-1,-1,0,-1,3,0,-1,10,0,9223372036800000000,1e+75,0,10,0,0,7,1,0,1,0,0,1,1,2,0,0,0,0,-1,2,0,1,-1,-1,-1,-1,0,10,-1,1,1,3,-1,-1,5,0,0,1,0,0,10,0,0,0,30.23
1,0,0,0,-1,0,1,0,0,0,0,0,-1,0,0,2,1,0,0,-1,-1,3,0,-1,10,0,9223372036800000000,1e+75,0,10,0,0,7,0,0,1,0,0,1,1,0,0,0,0,0,0,2,0,1,-1,-1,-1,-1,0,10,-1,1,1,3,-1,-1,-1,0,0,1,0,0,10,0,0,0,25.5
1,0,0,0,-1,0,1,2,0,0,0,0,1,0,0,0,-1,0,-1,-1,0,3,0,-1,10,0,9223372036800000000,1e+75,0,10,0,0,7,-1,0,1,0,0,1,1,0,0,0,0,0,2,2,0,1,-1,-1,-1,-1,0,10,-1,1,1,3,-1,-1,-1,0,0,1,0,0,10,0,0,0,40.72
1,0,0,0,-1,0,1,1,0,0,0,0,0,0,1,0,-1,0,-1,1,-1,3,0,-1,25,0,9223372036800000000,1e+75,0,10,0,0,7,0,0,1,0,0,1,1,0,0,0,0,0,0,2,0,1,-1,-1,-1,-1,0,10,-1,1,1,3,-1,-1,-1,0,0,1,0,0,10,0,0,0,26.22
1,0,0,0,-1,0,1,0,0,0,0,0,-1,0,1,2,2,0,1,-1,2,3,0,-1,800,0,9223372036800000000,1e+75,0,10,0,0,7,1,0,1,-1,0,1,0,1,0,0,0,4,0,2,0,1,-1,-1,-1,-1,-1,10,-1,1,1,3,-1,-1,1,0,0,1,0,0,10,0,0,0,30.9
1,0,0,0,-1,0,1,0,0,0,0,0,3,0,-1,1,-1,-1,0,1,1,3,0,-1,10,0,9223372036800000000,1e+75,0,10,0,0,7,1,0,1,0,0,1,1,0,0,0,0,0,4,2,0,1,-1,-1,-1,-1,0,10,-1,1,1,3,-1,-1,-1,0,0,1,0,0,10,0,0,0,26.72
1,0,0,0,-1,0,1,1,0,0,0,0,-1,0,1,0,2,0,-1,1,-1,3,0,-1,150,0,9223372036800000000,1e+75,0,10,0,0,7,0,0,1,0,0,1,1,0,0,0,0,0,0,2,0,1,-1,-1,-1,-1,0,10,-1,1,1,3,-1,-1,-1,0,0,1,0,0,10,0,0,0,23.6
1,0,0,0,-1,0,1,0,0,0,0,0,1,0,0,2,1,0,0,0,-1,3,0,-1,10,0,9223372036800000000,1e+75,0,10,0,0,7,0,0,1,0,0,1,1,0,0,0,0,0,0,2,0,1,-1,-1,-1,-1,0,10,-1,1,1,3,-1,-1,-1,0,0,1,0,0,10,0,0,0,25.5
1,0,0,0,-1,0,1,0,0,0,0,0,1,0,-1,-1,0,-1,-1,0,2,3,0,-1,800,0,9223372036800000000,1e+75,0,10,0,0,7,0,0,1,0,0,1,1,0,0,0,0,0,0,2,0,1,-1,-1,-1,-1,0,10,-1,1,1,3,-1,-1,-1,0,0,1,0,0,10,0,0,0,25.5
1,0,0,0,-1,0,1,1,0,0,0,0,0,0,1,0,2,0,-1,1,-1,3,0,1,150,0,9223372036800000000,1e+75,0,10,0,0,7,0,0,1,0,0,1,1,0,0,0,0,0,0,2,0,1,-1,-1,-1,-1,0,10,-1,1,1,3,-1,-1,-1,0,0,1,0,0,10,0,0,0,26.05
1,0,0,0,-1,0,1,5,0,0,0,0,0,0,1,0,2,0,-1,1,-1,3,0,-1,25,0,9223372036800000000,1e+75,0,10,0,0,7,0,0,1,0,0,1,1,0,0,0,0,0,0,2,0,1,-1,-1,-1,-1,0,10,-1,1,1,3,-1,-1,-1,0,0,1,0,0,10,0,0,0,40.66
1,0,0,0,-1,0,1,2,0,0,0,0,3,0,-1,0,2,-1,-1,-1,1,3,0,-1,100,0,9223372036800000000,1e+75,0,10,0,0,7,0,0,1,0,0,1,1,0,0,0,0,0,-1,2,0,1,-1,-1,-1,-1,0,10,-1,1,1,3,-1,-1,-1,0,0,1,0,0,10,0,0,0,32.94
1,0,0,0,-1,0,1,3,0,0,0,0,1,0,1,0,2,0,-1,1,-1,3,0,-1,150,0,9223372036800000000,1e+75,0,10,0,0,7,0,0,1,0,0,1,1,0,0,0,0,0,0,2,0,1,-1,-1,-1,-1,0,10,-1,1,1,3,-1,-1,-1,0,0,1,0,0,10,0,0,0,29.31
1,0,0,0,-1,0,1,0,0,0,0,0,3,0,-1,1,1,-1,0,-1,-1,3,0,-1,800,0,9223372036800000000,1e+75,0,10,0,0,7,0,0,1,1000,0,1,0,2,0,0,0,0,1,2,0,1,-1,-1,-1,-1,-1,10,-1,1,1,3,-1,-1,4,0,0,1,0,0,10,0,0,0,20.78
1,0,0,0,-1,0,1,3,0,0,0,0,1,0,0,2,1,0,0,-1,-1,3,0,-1,10,0,9223372036800000000,1e+75,0,10,0,0,7,0,0,1,0,0,1,1,0,0,0,0,0,0,2,0,1,-1,-1,-1,-1,0,10,-1,1,1,3,-1,-1,-1,0,0,1,0,0,10,0,0,0,30.91
1,0,0,0,-1,0,1,5,0,0,0,0,0,0,1,0,2,0,-1,1,-1,3,0,-1,150,0,9223372036800000000,1e+75,0,10,0,0,7,0,0,1,0,0,1,1,0,0,0,0,0,0,2,0,1,-1,-1,-1,-1,0,10,-1,1,1,3,-1,-1,-1,0,0,1,0,0,10,0,0,0,31.26
1,0,0,0,-1,0,1,1,0,0,0,0,0,0,1,0,2,0,-1,1,0,3,0,-1,150,0,9223372036800000000,1e+75,0,10,0,0,7,0,0,1,0,0,1,1,0,0,0,0,0,0,2,0,1,-1,-1,-1,-1,0,10,-1,1,1,3,-1,-1,-1,0,0,1,0,0,10,0,0,0,23.6
1,0,0,0,-1,0,1,3,0,0,0,0,2,0,0,-1,2,-1,1,2,-1,3,0,-1,200,0,9223372036800000000,1e+75,0,10,0,0,7,-1,0,1,-1,0,1,0,-1,0,0,0,2,-1,2,0,1,-1,-1,-1,-1,-1,10,-1,1,1,3,-1,-1,3,0,0,1,5,0,10,0,0,0,1.79769e+308
1,0,0,0,-1,0,1,0,0,0,0,0,1,0,0,2,1,0,1,-1,-1,3,0,-1,10,0,9223372036800000000,1e+75,0,10,0,0,7,0,0,1,0,0,1,1,0,0,0,0,0,0,2,0,1,-1,-1,-1,-1,0,10,-1,1,1,3,-1,-1,-1,0,0,1,0,0,10,0,0,0,25.5
1,0,0,0,-1,0,1,1,0,0,0,0,0,0,1,0,2,2,-1,1,-1,3,0,-1,150,0,9223372036800000000,1e+75,0,10,0,0,7,0,0,1,0,0,1,1,0,0,0,0,0,0,2,0,1,-1,-1,-1,-1,0,10,-1,1,1,3,-1,-1,-1,0,0,1,0,0,10,0,0,0,37.73
1,0,0,0,-1,0,1,0,0,0,0,0,1,0,0,2,1,0,0,-1,0,3,0,-1,10,0,9223372036800000000,1e+75,0,10,0,0,7,0,0,1,0,0,1,1,0,0,0,0,0,0,2,0,1,-1,-1,-1,-1,0,10,-1,1,1,3,-1,-1,-1,0,0,1,0,0,10,0,0,0,25.5
1,0,0,0,-1,0,1,5,0,0,0,0,1,0,0,0,0,2,0,-1,-1,3,0,-1,800,0,9223372036800000000,1e+75,0,10,0,0,7,0,0,1,0,0,1,1,0,0,0,0,0,0,2,0,1,-1,-1,-1,-1,0,10,-1,1,1,3,-1,-1,-1,0,0,1,0,0,10,0,0,0,30.7
1,0,0,0,-1,0,1,0,0,0,0,0,2,0,1,1,-1,-1,-1,-1,1,3,0,-1,400,0,9223372036800000000,1e+75,0,10,0,0,7,1,0,1,0,0,1,1,0,0,0,0,0,2,2,0,1,-1,-1,-1,-1,0,10,-1,1,1,3,-1,-1,-1,0,0,1,0,0,10,0,0,0,32.61
1,0,0,0,-1,0,1,1,0,0,0,0,0,0,0,0,-1,0,-1,1,1,3,0,-1,25,0,9223372036800000000,1e+75,0,10,0,0,7,0,0,1,0,0,1,1,0,0,0,0,0,0,2,0,1,-1,-1,-1,-1,0,10,-1,1,1,3,-1,-1,-1,0,0,1,0,0,10,0,0,0,26.22
1,0,0,0,-1,0,1,0,0,0,0,0,-1,0,-1,0,-1,2,2,2,2,3,0,-1,50,0,9223372036800000000,1e+75,0,10,0,0,7,1,0,1,100,0,1,1,0,0,0,0,0,-1,2,0,1,-1,-1,-1,-1,0,10,-1,1,1,3,-1,-1,0,0,0,1,0,0,10,0,0,0,35.56
1,0,0,0,-1,0,1,0,0,0,0,0,3,0,-1,-1,1,-1,0,-1,0,3,0,-1,25,0,9223372036800000000,1e+75,0,10,0,0,7,-1,0,1,1000,0,1,0,0,0,0,0,0,1,2,0,1,-1,-1,-1,-1,-1,10,-1,1,1,3,-1,-1,0,0,0,1,0,0,10,0,0,0,43.5
1,0,0,0,-1,0,1,1,0,0,0,0,0,0,0,0,-1,0,-1,1,-1,3,0,-1,50,0,9223372036800000000,1e+75,0,10,0,0,7,0,0,1,0,0,1,1,0,0,0,0,0,0,2,0,1,-1,-1,-1,-1,0,10,-1,1,1,3,-1,-1,-1,0,0,1,0,0,10,0,0,0,30.75
1,0,0,0,-1,0,1,0,0,0,0,0,2,0,0,1,1,-1,2,1,0,3,0,-1,200,0,9223372036800000000,1e+75,0,10,0,0,7,1,0,1,-1,0,1,1,1,0,0,0,5,3,2,0,1,-1,-1,-1,-1,-1,10,-1,1,1,3,-1,-1,-1,0,0,1,0,0,10,0,0,0,43.28
1,0,0,0,-1,0,1,2,0,0,0,0,0,0,0,1,0,2,1,-1,0,3,0,-1,200,0,9223372036800000000,1e+75,0,10,0,0,7,0,0,1,0,0,1,1,0,0,0,0,0,0,2,0,1,-1,-1,-1,-1,0,10,-1,1,1,3,-1,-1,-1,0,0,1,0,0,10,0,0,0,28.1
1,0,0,0,-1,0,1,0,0,0,0,0,-1,0,1,-1,0,-1,-1,-1,-1,3,0,-1,200,0,9223372036800000000,1e+75,0,10,0,0,7,1,0,1,20,0,1,0,2,0,0,0,5,4,2,0,1,-1,-1,-1,-1,0,10,-1,1,1,3,-1,-1,4,0,0,1,0,0,10,0,0,0,25.46
1,0,0,0,-1,0,1,2,0,0,0,0,0,0,1,0,0,2,1,-1,0,3,0,-1,200,0,9223372036800000000,1e+75,0,10,0,0,7,0,0,1,0,0,1,1,0,0,0,0,0,0,2,0,1,-1,-1,-1,-1,0,10,-1,1,1,3,-1,-1,-1,0,0,1,0,0,10,0,0,0,28.1
1,0,0,0,-1,0,1,0,0,0,0,0,1,0,0,2,1,0,0,-1,-1,3,0,-1,10,0,9223372036800000000,1e+75,0,10,0,0,7,0,0,1,0,0,1,1,0,0,0,0,0,0,2,0,1,-1,-1,-1,-1,0,10,-1,1,1,3,-1,-1,-1,0,0,1,0,0,10,0,0,0,25.5
1,0,0,0,-1,0,1,1,0,0,0,0,0,0,1,0,2,0,-1,1,-1,3,0,-1,150,0,9223372036800000000,1e+75,0,10,0,0,7,0,0,1,0,0,1,1,0,0,0,0,0,0,2,0,1,-1,-1,-1,-1,0,10,-1,1,1,3,-1,-1,0,0,0,1,0,0,10,0,0,0,41.16
1,0,0,0,-1,0,1,0,0,0,0,0,1,0,-1,-1,2,-1,2,1,1,3,0,-1,400,0,9223372036800000000,1e+75,0,10,0,0,7,0,0,1,0,0,1,1,0,0,0,0,0,0,2,0,1,-1,-1,-1,-1,0,10,-1,1,1,3,-1,-1,-1,0,0,1,0,0,10,0,0,0,25.5
1,0,0,0,-1,0,1,0,0,0,0,0,1,0,-1,-1,1,-1,0,1,1,3,0,-1,400,0,9223372036800000000,1e+75,0,10,0,0,7,0,0,1,0,0,1,1,0,0,0,0,0,0,2,0,1,-1,-1,-1,-1,0,10,-1,1,1,3,-1,-1,-1,0,0,1,0,0,10,0,0,0,25.5
1,0,0,0,-1,0,1,0,0,0,0,0,0,0,0,1,0,-1,-1,2,-1,3,0,-1,10,0,9223372036800000000,1e+75,0,10,0,0,7,1,0,1,0,0,1,1,3,0,0,0,0,2,2,0,1,-1,-1,-1,-1,0,10,-1,1,1,3,-1,-1,0,0,0,1,0,0,10,0,0,0,35.79
1,0,0,0,-1,0,1,0,0,0,0,0,0,0,0,0,0,0,0,0,0,3,0,-1,200,0,9223372036800000000,1e+75,0,10,0,0,7,0,0,1,0,0,1,1,0,0,0,0,0,0,2,0,1,-1,-1,-1,-1,0,10,-1,1,1,3,-1,-1,-1,0,0,1,0,0,10,0,0,0,31.21
1,0,0,0,-1,0,1,0,0,0,0,0,-1,0,1,-1,0,-1,-1,-1,-1,3,0,-1,200,0,9223372036800000000,1e+75,0,10,0,0,7,1,0,1,20,0,1,0,2,0,0,0,0,4,2,0,1,-1,-1,-1,-1,0,5,-1,1,1,3,-1,-1,4,0,0,1,4,0,10,0,0,0,18.31
1,0,0,0,-1,0,1,5,0,0,0,0,1,0,1,2,0,1,-1,-1,1,3,0,-1,400,0,9223372036800000000,1e+75,0,10,0,0,7,-1,0,1,0,0,1,0,2,0,0,0,5,4,2,0,1,-1,-1,-1,-1,1,10,-1,1,1,3,-1,-1,3,0,0,1,2,0,10,0,0,0,47.13
1,0,0,0,-1,0,1,0,0,0,0,0,1,0,0,2,2,0,0,-1,-1,3,0,-1,10,0,9223372036800000000,1e+75,0,10,0,0,7,0,0,1,0,0,1,1,0,0,0,0,0,0,2,0,1,-1,-1,-1,-1,0,10,-1,1,1,3,-1,-1,-1,0,0,1,0,0,10,0,0,0,25.5
1,0,0,0,-1,0,1,2,0,0,0,0,1,0,-1,-1,1,-1,2,1,1,3,0,-1,400,0,9223372036800000000,1e+75,0,10,0,0,7,0,0,1,0,0,1,1,0,0,0,0,0,0,2,0,1,-1,-1,-1,-1,0,10,-1,1,1,3,-1,-1,-1,0,0,1,0,0,10,0,0,0,25.5
1,0,0,0,-1,0,1,0,0,0,0,0,-1,0,0,2,1,0,0,-1,-1,3,0,-1,10,0,9223372036800000000,1e+75,0,10,0,0,7,1,0,1,0,0,1,1,0,0,0,0,0,0,2,0,1,-1,-1,-1,-1,0,10,-1,1,1,3,-1,-1,4,0,0,1,0,0,10,0,0,0,17.73
1,0,0,0,-1,0,1,1,0,0,0,0,0,0,0,0,0,0,-1,1,-1,3,0,-1,25,0,9223372036800000000,1e+75,0,10,0,0,7,0,0,1,0,0,1,1,0,0,0,0,0,0,2,0,1,-1,-1,-1,-1,0,10,-1,1,1,3,-1,-1,-1,0,0,1,0,0,10,0,0,0,26.22
1,0,0,0,-1,0,1,4,0,0,0,0,3,0,0,0,-1,1,1,0,2,3,0,-1,400,0,9223372036800000000,1e+75,0,10,0,0,7,0,0,1,0,0,1,1,0,0,0,0,0,0,2,0,1,-1,-1,-1,-1,0,10,-1,1,1,3,-1,-1,-1,0,0,1,0,0,10,0,0,0,32.86
1,0,0,0,-1,0,1,1,0,0,0,0,0,0,1,0,2,0,-1,1,-1,3,0,-1,150,0,9223372036800000000,1e+75,0,10,0,0,7,0,0,1,0,0,1,1,0,0,60,0,0,0,2,0,1,-1,-1,-1,-1,0,10,-1,1,1,3,-1,-1,-1,0,0,1,0,0,10,0,0,0,34.37
1,0,0,0,-1,0,1,5,0,0,0,0,0,0,1,0,2,0,0,1,-1,3,0,-1,150,0,9223372036800000000,1e+75,0,10,0,0,7,0,0,1,0,0,1,1,0,0,0,0,0,0,2,0,1,-1,-1,-1,-1,0,10,-1,1,1,3,-1,-1,-1,0,0,1,0,0,10,0,0,0,31.26
1,0,0,0,-1,0,1,0,0,0,0,0,3,0,-1,1,1,-1,0,-1,2,3,0,-1,800,0,9223372036800000000,1e+75,0,10,0,0,7,0,0,1,1000,0,1,0,2,0,0,0,0,1,2,0,1,-1,-1,-1,-1,1,10,-1,1,1,3,-1,-1,4,0,0,1,0,0,10,0,0,0,22.02
1,0,0,0,-1,0,1,2,0,0,0,0,1,0,1,-1,0,1,-1,1,2,3,0,-1,800,0,9223372036800000000,1e+75,0,10,0,0,7,0,0,1,100,0,1,0,-1,0,0,0,0,-1,2,0,1,-1,-1,-1,-1,1,10,-1,1,1,3,-1,-1,4,0,0,1,0,0,10,0,0,0,23.58
1,0,0,0,-1,0,1,0,0,0,0,0,3,0,-1,1,-1,-1,0,1,1,3,0,-1,10,0,9223372036800000000,1e+75,0,10,0,0,7,0,0,1,0,0,1,1,0,0,0,0,0,4,2,0,1,-1,-1,-1,-1,0,10,-1,1,1,3,-1,-1,-1,0,0,1,0,0,10,0,0,0,25.5
1,0,0,0,-1,0,1,0,0,0,0,0,1,0,0,2,1,0,0,-1,-1,3,0,-1,10,0,9223372036800000000,1e+75,0,10,0,0,7,0,0,1,0,0,1,1,3,0,0,0,0,0,2,0,1,-1,-1,-1,-1,0,10,-1,1,1,3,-1,-1,4,0,0,1,0,0,10,0,0,0,21.79
1,0,0,0,-1,0,1,4,0,0,0,0,-1,0,-1,-1,0,2,0,1,0,3,0,-1,50,0,9223372036800000000,1e+75,0,10,0,0,7,0,0,1,0,0,1,1,0,0,0,0,0,0,2,0,1,-1,-1,-1,-1,0,10,-1,1,1,3,-1,-1,-1,0,0,1,0,0,10,0,0,0,36.44
1,0,0,0,-1,0,1,0,0,0,0,0,-1,0,1,-1,0,-1,-1,-1,-1,3,0,-1,200,0,9223372036800000000,1e+75,0,10,0,0,7,1,0,1,20,0,1,0,2,0,0,0,0,4,2,0,1,-1,-1,-1,-1,0,10,-1,1,1,3,-1,-1,4,0,0,1,1,0,10,0,0,0,21.15
1,0,0,0,-1,0,1,1,0,0,0,0,0,0,0,0,-1,0,-1,1,-1,3,0,-1,25,0,9223372036800000000,1e+75,0,10,0,0,7,0,0,1,0,0,1,1,0,0,0,0,0,0,2,0,1,-1,-1,-1,-1,0,10,-1,1,1,3,-1,-1,-1,0,0,1,0,0,10,0,0,0,26.22
1,0,0,0,-1,0,1,0,0,0,0,0,-1,0,1,2,-1,2,0,-1,1,3,0,-1,800,0,9223372036800000000,1e+75,0,10,0,0,7,-1,0,1,100,0,1,1,-1,0,0,0,4,-1,2,0,1,-1,-1,-1,-1,1,10,-1,1,1,3,-1,-1,4,0,0,1,4,0,10,0,0,0,26.28
1,0,0,0,-1,0,1,2,0,0,0,0,-1,0,0,0,0,2,1,-1,0,3,0,-1,200,0,9223372036800000000,1e+75,0,10,0,0,7,0,0,1,0,0,1,1,0,0,0,0,0,0,2,0,1,-1,-1,-1,-1,0,10,-1,1,1,3,-1,-1,-1,0,0,1,0,0,10,0,0,0,28.1
1,0,0,0,-1,0,1,0,0,0,0,0,-1,0,1,-1,0,-1,-1,-1,-1,3,0,-1,200,0,9223372036800000000,1e+75,0,10,0,0,7,1,0,1,20,0,1,0,2,0,0,0,0,4,2,0,1,-1,-1,-1,-1,0,10,-1,1,1,3,-1,-1,4,0,0,1,2,0,10,0,0,0,19.2
1,0,0,0,-1,0,1,5,0,0,0,0,-1,0,1,0,2,-1,-1,2,1,3,0,-1,200,0,9223372036800000000,1e+75,0,10,0,0,7,0,0,1,0,0,1,1,0,0,0,0,0,0,2,0,1,-1,-1,-1,-1,0,10,-1,1,1,3,-1,-1,-1,0,0,1,0,0,10,0,0,0,45.45
1,0,0,0,-1,0,1,0,0,0,0,0,-1,0,1,-1,1,-1,0,-1,0,3,0,-1,800,0,9223372036800000000,1e+75,0,10,0,0,7,1,0,1,0,0,1,1,1,0,0,0,4,1,2,0,1,-1,-1,-1,-1,0,10,-1,1,1,3,-1,-1,4,0,0,1,5,0,10,0,0,0,20.04
1,0,0,0,-1,0,1,2,0,0,0,0,0,0,0,0,1,-1,1,-1,0,3,0,-1,800,0,9223372036800000000,1e+75,0,10,0,0,7,0,0,1,0,0,1,1,0,0,0,0,0,0,2,0,1,-1,-1,-1,-1,0,10,-1,1,1,3,-1,-1,-1,0,0,1,0,0,10,0,0,0,25.5
1,0,0,0,-1,0,1,0,0,0,0,0,3,0,0,2,1,0,0,-1,-1,3,0,-1,10,0,9223372036800000000,1e+75,0,10,0,0,7,0,0,1,0,0,1,1,0,0,0,0,0,0,2,0,1,-1,-1,-1,-1,0,10,-1,1,1,3,-1,-1,-1,0,0,1,0,0,10,0,0,0,25.5
1,0,0,0,-1,0,1,1,0,0,0,0,0,0,0,0,-1,0,2,1,-1,3,0,-1,25,0,9223372036800000000,1e+75,0,10,0,0,7,0,0,1,0,0,1,1,0,0,0,0,0,0,2,0,1,-1,-1,-1,-1,0,10,-1,1,1,3,-1,-1,-1,0,0,1,0,0,10,0,0,0,26.22
1,0,0,0,-1,0,1,0,0,0,0,0,1,0,-1,-1,1,-1,2,2,1,3,0,-1,400,0,9223372036800000000,1e+75,0,10,0,0,7,0,0,1,0,0,1,1,0,0,0,0,0,0,2,0,1,-1,-1,-1,-1,0,10,-1,1,1,3,-1,-1,-1,0,0,1,0,0,10,0,0,0,25.5
1,0,0,0,-1,0,1,0,0,0,0,0,3,0,1,0,1,1,-1,2,2,3,0,-1,400,0,9223372036800000000,1e+75,0,10,0,0,7,-1,0,1,0,0,1,0,1,0,0,0,0,-1,2,0,1,-1,-1,-1,-1,0,10,-1,1,1,3,-1,-1,0,0,0,1,0,0,10,0,0,0,35.8
1,0,0,0,-1,0,1,0,0,0,0,0,1,0,-1,-1,0,-1,0,0,2,3,0,-1,800,0,9223372036800000000,1e+75,0,10,0,0,7,0,0,1,0,0,1,1,0,0,0,0,0,0,2,0,1,-1,-1,-1,-1,0,10,-1,1,1,3,-1,-1,-1,0,0,1,0,0,10,0,0,0,25.5
1,0,0,0,-1,0,1,0,0,0,0,0,3,0,0,-1,1,-1,0,1,0,3,0,-1,200,0,9223372036800000000,1e+75,0,10,0,0,7,0,0,1,0,0,1,0,1,0,0,0,0,1,2,0,1,-1,-1,-1,-1,0,10,-1,1,1,3,-1,-1,1,0,0,1,0,0,10,0,0,0,35.87
1,0,0,0,-1,0,1,0,0,0,0,0,3,0,0,2,-1,-1,-1,2,0,3,0,-1,50,0,9223372036800000000,1e+75,0,10,0,0,7,1,0,1,0,0,1,1,2,0,0,0,0,-1,2,0,1,-1,-1,-1,-1,0,10,-1,1,1,3,-1,-1,3,0,0,1,0,0,10,0,0,0,28.86
1,0,0,0,-1,0,1,0,0,0,0,0,1,0,0,2,0,0,0,-1,-1,3,0,-1,10,0,9223372036800000000,1e+75,0,10,0,0,7,0,0,1,0,0,1,1,0,0,0,0,0,0,2,0,1,-1,-1,-1,-1,0,10,-1,1,1,3,-1,-1,-1,0,0,1,0,0,10,0,0,0,25.5
1,0,0,0,-1,0,1,0,0,0,0,0,3,0,0,-1,-1,-1,-1,2,0,3,0,-1,50,0,9223372036800000000,1e+75,0,10,0,0,7,1,0,1,0,0,1,1,1,0,0,0,0,-1,2,0,1,-1,-1,-1,-1,1,10,-1,1,1,3,-1,-1,3,0,0,1,0,0,10,0,0,0,25.6
1,0,0,0,-1,0,1,0,0,0,0,0,1,0,0,0,1,0,0,-1,-1,3,0,-1,10,0,9223372036800000000,1e+75,0,10,0,0,7,1,0,1,-1,0,1,1,0,0,0,0,0,0,2,0,1,-1,-1,-1,-1,0,10,-1,1,1,3,-1,-1,4,0,0,1,0,0,10,0,0,0,17.53
1,0,0,0,-1,0,1,0,0,0,0,0,2,0,0,0,2,-1,1,0,2,3,0,-1,800,0,9223372036800000000,1e+75,0,10,0,0,7,1,0,1,0,0,1,1,0,0,0,0,0,1,2,0,1,-1,-1,-1,-1,0,10,-1,1,1,3,-1,-1,3,0,0,1,0,0,10,0,0,0,27.19
1,0,0,0,-1,0,1,0,0,0,0,0,1,0,-1,-1,1,-1,2,1,-1,3,0,-1,400,0,9223372036800000000,1e+75,0,10,0,0,7,0,0,1,0,0,1,1,0,0,0,0,0,0,2,0,1,-1,-1,-1,-1,0,10,-1,1,1,3,-1,-1,-1,0,0,1,0,0,10,0,0,0,25.5
1,0,0,0,-1,0,1,1,0,0,0,0,0,0,1,0,2,0,-1,1,-1,3,0,-1,150,0,9223372036800000000,1e+75,0,10,0,0,3,0,0,1,0,0,1,1,0,0,0,0,0,0,2,0,1,-1,-1,-1,-1,0,10,-1,1,1,3,-1,-1,-1,0,0,1,0,0,10,0,0,0,23.6
1,0,0,0,-1,0,1,1,0,0,0,0,3,0,0,-1,-1,-1,-1,1,0,3,0,-1,800,0,9223372036800000000,1e+75,0,10,0,0,7,0,0,1,0,0,1,1,0,0,0,0,0,0,2,0,1,-1,-1,-1,-1,0,10,-1,1,1,3,-1,-1,-1,0,0,1,0,0,10,0,0,0,27.41
1,0,0,0,-1,0,1,0,0,0,0,0,1,0,-1,-1,-1,-1,-1,2,-1,3,0,-1,200,0,9223372036800000000,1e+75,0,10,0,0,7,0,0,1,40,0,1,0,3,0,0,0,0,3,2,0,1,-1,-1,-1,-1,0,10,-1,1,1,3,-1,-1,4,0,0,1,0,0,10,0,0,0,23.83
1,0,0,0,-1,0,1,2,0,0,0,0,2,0,0,0,0,-1,1,-1,0,3,0,-1,800,0,9223372036800000000,1e+75,0,10,0,0,7,0,0,1,0,0,1,1,0,0,0,0,0,0,2,0,1,-1,-1,-1,-1,0,10,-1,1,1,3,-1,-1,-1,0,0,1,0,0,10,0,0,0,25.5
1,0,0,0,-1,0,1,0,0,0,0,0,-1,0,1,-1,0,-1,-1,-1,-1,3,0,-1,200,0,9223372036800000000,1e+75,0,10,0,0,7,1,0,1,0,1,1,0,2,0,0,0,0,4,2,0,1,-1,-1,-1,-1,0,10,-1,1,1,3,-1,-1,4,0,0,1,0,0,10,0,0,0,17.86
1,0,0,0,-1,0,1,4,0,0,0,0,0,0,0,0,-1,0,-1,1,-1,3,0,-1,25,0,9223372036800000000,1e+75,0,10,0,0,7,0,0,1,0,0,1,1,0,0,0,0,0,0,2,0,1,-1,-1,-1,-1,0,10,-1,1,1,3,-1,-1,-1,0,0,1,0,0,10,0,0,0,34.74
1,0,0,0,-1,0,1,5,0,0,0,0,0,0,0,2,2,1,2,2,1,3,0,-1,150,0,9223372036800000000,1e+75,0,10,0,0,7,0,0,1,0,0,1,1,1,0,0,0,0,1,2,0,1,-1,-1,-1,-1,0,10,-1,1,1,3,-1,-1,4,0,0,1,0,0,10,0,0,0,22.46
1,0,0,0,-1,0,1,5,0,0,0,0,3,0,1,1,-1,1,-1,2,0,3,0,-1,800,0,9223372036800000000,1e+75,0,10,0,0,7,0,0,1,0,0,1,1,0,0,0,0,0,0,2,0,1,-1,-1,-1,-1,0,10,-1,1,1,3,-1,-1,-1,0,0,1,0,0,10,0,0,0,33.28
1,0,0,0,-1,0,1,0,0,0,0,0,-1,0,1,0,-1,2,2,2,2,3,0,-1,25,0,9223372036800000000,1e+75,0,10,0,0,7,-1,0,1,20,0,1,0,1,0,0,0,0,1,2,0,1,-1,-1,-1,-1,-1,10,-1,1,1,3,-1,-1,4,0,0,1,0,0,10,0,0,0,25.03
1,0,0,0,-1,0,1,3,0,0,0,0,-1,0,1,1,0,-1,-1,-1,-1,3,0,-1,200,0,9223372036800000000,1e+75,0,10,0,0,7,1,0,1,0,0,1,0,2,0,0,0,0,4,2,0,1,-1,-1,-1,-1,0,10,-1,1,1,3,-1,-1,4,0,0,1,0,0,10,0,0,0,19.35
1,0,0,0,-1,0,1,0,0,0,0,0,1,0,-1,-1,0,-1,2,-1,2,3,0,-1,800,0,9223372036800000000,1e+75,0,10,0,0,7,0,0,1,0,0,1,1,0,0,0,0,0,0,2,0,1,-1,-1,-1,-1,0,10,-1,1,1,3,-1,-1,-1,0,0,1,0,0,10,0,0,0,25.5
1,0,0,0,-1,0,1,2,0,0,0,0,0,0,0,0,1,2,1,-1,0,3,0,-1,200,0,9223372036800000000,1e+75,0,10,0,0,7,0,0,1,0,0,1,1,0,0,0,0,0,0,2,0,1,-1,-1,-1,-1,0,10,-1,1,1,3,-1,-1,-1,0,0,1,0,0,10,0,0,0,28.1
1,0,0,0,-1,0,1,5,0,0,0,0,3,0,0,0,0,1,1,-1,-1,3,0,-1,800,0,9223372036800000000,1e+75,0,10,0,0,7,1,0,1,0,0,1,1,0,0,0,0,0,1,2,0,1,-1,-1,-1,-1,0,10,-1,1,1,3,-1,-1,-1,0,0,1,0,0,10,0,0,0,31.85
1,0,0,0,-1,0,1,2,0,0,0,0,0,0,0,0,0,-1,1,-1,0,3,0,-1,800,0,9223372036800000000,1e+75,0,10,0,0,7,0,0,1,0,0,1,1,0,0,0,0,0,0,2,0,1,-1,-1,-1,-1,0,10,-1,1,1,3,-1,-1,-1,0,0,1,0,0,10,0,0,0,25.5
1,0,0,0,-1,0,1,0,0,0,0,0,-1,0,1,-1,0,-1,-1,-1,-1,3,0,-1,200,0,9223372036800000000,1e+75,0,10,0,0,7,1,0,1,20,0,1,0,2,0,0,0,0,4,2,0,1,-1,-1,-1,-1,0,10,-1,1,1,3,-1,-1,4,0,0,1,4,0,10,0,0,0,16.59
1,0,0,0,-1,0,1,0,0,0,0,0,3,0,-1,1,1,1,1,-1,2,3,0,-1,800,0,9223372036800000000,1e+75,0,10,0,0,7,0,0,1,0,0,1,1,0,0,0,0,0,0,2,0,1,-1,-1,-1,-1,0,10,-1,1,1,3,-1,-1,-1,0,0,1,0,0,10,0,0,0,33.4
1,0,0,0,-1,0,1,0,0,0,0,0,1,0,1,1,-1,-1,2,-1,0,3,0,-1,200,0,9223372036800000000,1e+75,0,10,0,0,7,-1,0,1,20,0,1,0,1,0,0,0,2,-1,2,0,1,-1,-1,-1,-1,1,10,-1,1,1,3,-1,-1,-1,0,0,1,4,0,10,0,0,0,36.94
1,0,0,0,-1,0,1,0,0,0,0,0,1,0,1,1,1,1,1,-1,2,3,0,-1,400,0,9223372036800000000,1e+75,0,10,0,0,7,-1,0,1,20,0,1,0,-1,0,0,0,2,1,2,0,1,-1,-1,-1,-1,-1,10,-1,1,1,3,-1,-1,0,0,0,1,4,0,10,0,0,0,30.32
1,0,0,0,-1,0,1,2,0,0,0,0,-1,0,0,0,0,-1,1,-1,0,3,0,-1,800,0,9223372036800000000,1e+75,0,10,0,0,7,0,0,1,0,0,1,1,0,0,0,0,0,0,2,0,1,-1,-1,-1,-1,0,10,-1,1,1,3,-1,-1,-1,0,0,1,0,0,10,0,0,0,25.5
1,0,0,0,-1,0,1,2,0,0,0,0,3,0,0,0,0,-1,1,-1,0,3,0,-1,800,0,9223372036800000000,1e+75,0,10,0,0,7,0,0,1,0,0,1,1,0,0,0,0,0,0,2,0,1,-1,-1,-1,-1,0,10,-1,1,1,3,-1,-1,-1,0,0,1,0,0,10,0,0,0,25.5
1,0,0,0,-1,0,1,2,0,0,0,0,3,0,0,0,-1,-1,0,2,1,3,0,-1,800,0,9223372036800000000,1e+75,0,10,0,0,7,-1,0,1,-1,0,1,0,3,0,0,0,0,-1,2,0,1,-1,-1,-1,-1,0,10,-1,1,1,3,-1,-1,-1,0,0,1,0,0,10,0,0,0,69.73
1,0,0,0,-1,0,1,3,0,0,0,0,-1,0,1,1,1,-1,0,1,2,3,0,-1,200,0,9223372036800000000,1e+75,0,10,0,0,7,1,0,1,0,0,1,0,1,0,0,0,0,4,2,0,1,-1,-1,-1,-1,0,10,-1,1,1,3,-1,-1,0,0,0,1,0,0,10,0,0,0,42.74
1,0,0,0,-1,0,1,2,0,0,0,0,3,0,-1,2,-1,0,1,0,1,3,0,-1,100,0,9223372036800000000,1e+75,0,10,0,0,7,0,0,1,0,0,1,1,0,0,0,0,0,0,2,0,1,-1,-1,-1,-1,0,10,-1,1,1,3,-1,-1,-1,0,0,1,0,0,10,0,0,0,32.02
1,0,0,0,-1,0,1,1,0,0,0,0,0,0,0,0,-1,0,-1,1,0,3,0,-1,25,0,9223372036800000000,1e+75,0,10,0,0,7,0,0,1,0,0,1,1,0,0,0,0,0,0,2,0,1,-1,-1,-1,-1,0,10,-1,1,1,3,-1,-1,-1,0,0,1,0,0,10,0,0,0,26.22
1,0,0,0,-1,0,1,5,0,0,0,0,0,0,1,-1,2,0,-1,1,-1,3,0,-1,150,0,9223372036800000000,1e+75,0,10,0,0,7,0,0,1,0,0,1,1,0,0,0,0,0,0,2,0,1,-1,-1,-1,-1,0,10,-1,1,1,3,-1,-1,-1,0,0,1,0,0,10,0,0,0,31.26
1,0,0,0,-1,0,1,3,0,0,0,0,0,0,1,0,2,0,-1,1,-1,3,0,-1,150,0,9223372036800000000,1e+75,0,10,0,0,7,0,0,1,0,0,1,1,0,0,0,0,0,0,2,0,1,-1,-1,-1,-1,0,10,-1,1,1,3,-1,-1,-1,0,0,1,0,0,10,0,0,0,29.31
1,0,0,0,-1,0,1,1,0,0,0,0,0,0,1,0,2,0,-1,1,-1,3,0,-1,150,0,9223372036800000000,1e+75,0,10,0,0,7,0,0,1,0,0,1,1,0,0,0,0,0,0,2,0,1,-1,-1,-1,-1,0,10,-1,1,1,3,-1,-1,-1,0,0,1,0,0,10,0,0,0,23.6
1,0,0,0,-1,0,1,0,0,0,0,0,0,0,1,0,2,0,-1,1,-1,3,0,-1,150,0,9223372036800000000,1e+75,0,10,0,0,7,0,0,1,0,0,1,1,0,0,0,0,0,0,2,0,1,-1,-1,-1,-1,0,10,-1,1,1,3,-1,-1,-1,0,0,1,0,0,10,0,0,0,32.02
1,0,0,0,-1,0,1,0,0,0,0,0,3,0,1,0,1,1,-1,0,2,3,0,-1,400,0,9223372036800000000,1e+75,0,10,0,0,7,-1,0,1,0,0,1,0,1,0,0,0,0,-1,2,0,1,-1,-1,-1,-1,0,10,-1,1,1,3,-1,-1,4,0,0,1,0,0,10,0,0,0,23.6
1,0,0,0,-1,0,1,0,0,0,0,0,0,0,-1,-1,0,-1,2,0,2,3,0,-1,800,0,9223372036800000000,1e+75,0,10,0,0,7,0,0,1,0,0,1,1,0,0,0,0,0,0,2,0,1,-1,-1,-1,-1,0,10,-1,1,1,3,-1,-1,-1,0,0,1,0,0,10,0,0,0,25.5
1,0,0,1,-1,0,1,0,0,0,0,0,-1,0,1,-1,0,-1,-1,-1,-1,3,0,-1,200,0,9223372036800000000,1e+75,0,10,0,0,7,1,0,1,20,0,1,0,2,0,0,0,0,4,2,0,1,-1,-1,-1,-1,0,10,-1,1,1,3,-1,-1,4,0,0,1,4,0,10,0,0,0,17.75
1,0,0,0,-1,0,1,0,0,0,0,0,3,0,-1,1,1,-1,-1,-1,2,3,0,-1,800,0,9223372036800000000,1e+75,0,10,0,0,7,0,0,1,1000,0,1,0,2,0,0,0,0,1,2,0,1,-1,-1,-1,-1,-1,10,-1,1,1,3,-1,-1,4,0,0,1,0,0,10,0,0,0,20.78
1,0,0,0,-1,0,1,0,0,0,0,0,1,0,-1,-1,1,-1,2,1,2,3,0,-1,400,0,9223372036800000000,1e+75,0,10,0,0,7,0,0,1,0,0,1,1,0,0,0,0,0,0,2,0,1,-1,-1,-1,-1,0,10,-1,1,1,3,-1,-1,-1,0,0,1,0,0,10,0,0,0,25.5
1,0,0,0,-1,0,1,1,0,0,0,0,0,0,1,-1,2,0,-1,1,-1,3,0,-1,150,0,9223372036800000000,1e+75,0,10,0,0,7,0,0,1,0,0,1,1,0,0,0,0,0,0,2,0,1,-1,-1,-1,-1,0,10,-1,1,1,3,-1,-1,-1,0,0,1,0,0,10,0,0,0,23.6
1,0,0,0,-1,0,1,5,0,0,0,0,2,0,-1,-1,2,-1,-1,-1,1,3,0,-1,10,0,9223372036800000000,1e+75,0,10,0,0,7,1,0,1,0,0,1,1,0,0,0,0,0,2,2,0,1,-1,-1,-1,-1,0,10,-1,1,1,3,-1,-1,-1,0,0,1,0,0,10,0,0,0,45.45
1,0,0,0,-1,0,1,4,0,0,0,0,1,0,-1,-1,0,-1,2,0,2,3,0,-1,800,0,9223372036800000000,1e+75,0,10,0,0,7,0,0,1,0,0,1,1,0,0,0,0,0,0,2,0,1,-1,-1,-1,-1,0,10,-1,1,1,3,-1,-1,-1,0,0,1,0,0,10,0,0,0,34.91
1,0,0,0,-1,0,1,0,0,0,0,0,3,0,-1,-1,-1,-1,-1,0,-1,3,0,-1,200,0,9223372036800000000,1e+75,0,10,0,0,7,0,0,1,20,0,1,0,3,0,0,0,0,3,2,0,1,-1,-1,-1,-1,0,10,-1,1,1,3,-1,-1,4,0,0,1,0,0,10,0,0,0,23.92
1,0,0,0,-1,0,1,0,0,0,0,0,1,0,-1,-1,0,-1,2,0,2,3,0,-1,800,0,9223372036800000000,1e+75,0,10,0,0,7,0,0,1,0,0,1,1,0,0,0,0,0,0,2,0,1,-1,-1,-1,-1,0,10,-1,1,1,3,-1,-1,-1,0,0,1,0,0,10,0,0,0,25.5
1,0,0,0,-1,0,1,3,0,0,0,0,-1,0,1,0,0,-1,-1,-1,-1,3,0,-1,200,0,9223372036800000000,1e+75,0,10,0,0,7,1,0,1,0,0,1,0,2,0,0,0,0,4,2,0,1,-1,-1,-1,-1,0,10,-1,1,1,3,-1,-1,4,0,0,1,0,0,10,0,0,0,19.35
1,0,0,0,-1,0,1,0,0,0,0,0,1,0,0,2,1,0,0,-1,-1,3,0,-1,10,0,9223372036800000000,1e+75,0,10,0,0,7,0,0,1,0,0,1,1,0,0,0,0,0,-1,2,0,1,-1,-1,-1,-1,0,10,-1,1,1,3,-1,-1,4,0,0,1,0,0,10,0,0,0,23.64
1,0,0,0,-1,0,1,0,0,0,0,0,2,0,0,2,1,0,0,-1,-1,3,0,-1,10,0,9223372036800000000,1e+75,0,10,0,0,7,1,0,1,-1,0,1,1,0,0,0,0,0,0,2,0,1,-1,-1,-1,-1,0,10,-1,1,1,3,-1,-1,4,0,0,1,0,0,10,0,0,0,17.55
1,0,0,0,-1,0,1,1,0,0,0,0,0,0,1,0,2,0,-1,1,-1,3,0,-1,150,0,9223372036800000000,1e+75,0,10,0,0,7,0,0,1,0,0,1,1,0,0,0,0,0,3,2,0,1,-1,-1,-1,-1,0,10,-1,1,1,3,-1,-1,-1,0,0,1,0,0,10,0,0,0,39.81
1,0,0,0,-1,0,1,0,0,0,0,0,1,0,0,2,1,0,0,-1,-1,3,0,-1,200,0,9223372036800000000,1e+75,0,10,0,0,7,1,0,1,-1,0,1,1,0,0,0,0,0,0,2,0,1,-1,-1,-1,-1,0,10,-1,1,1,3,-1,-1,4,0,0,1,0,0,10,0,0,0,20.25
1,0,0,0,-1,0,1,0,0,0,0,0,1,0,0,2,-1,0,0,-1,-1,3,0,-1,10,0,9223372036800000000,1e+75,0,10,0,0,7,0,0,1,0,0,1,1,0,0,0,0,0,0,2,0,1,-1,-1,-1,-1,0,10,-1,1,1,3,-1,-1,-1,0,0,1,0,0,10,0,0,0,25.5
1,0,0,0,-1,0,1,5,0,0,0,0,0,0,0,2,2,1,2,2,1,3,0,-1,800,0,9223372036800000000,1e+75,0,10,0,0,7,0,0,1,0,0,1,1,1,0,0,0,0,1,2,0,1,-1,-1,-1,-1,0,10,-1,1,1,3,-1,-1,2,0,0,1,0,0,10,0,0,0,58.02
1,0,0,0,-1,0,1,0,0,0,0,0,1,0,1,-1,0,-1,2,0,2,3,0,-1,800,0,9223372036800000000,1e+75,0,10,0,0,7,0,0,1,0,0,1,1,0,0,0,0,0,0,2,0,1,-1,-1,-1,-1,0,10,-1,1,1,3,-1,-1,-1,0,0,1,0,0,10,0,0,0,25.5
1,0,0,0,-1,0,1,0,0,0,0,0,0,0,0,2,1,0,0,-1,-1,3,0,-1,10,0,9223372036800000000,1e+75,0,10,0,0,7,0,0,1,0,0,1,1,0,0,0,0,0,0,2,0,1,-1,-1,-1,-1,0,10,-1,1,1,3,-1,-1,-1,0,0,1,0,0,10,0,0,0,25.5
1,0,0,0,-1,0,1,2,0,0,0,0,1,0,0,2,-1,-1,-1,2,1,3,0,-1,100,0,9223372036800000000,1e+75,0,10,0,0,7,1,0,1,0,0,1,1,0,0,0,0,0,1,2,0,1,-1,-1,-1,-1,0,10,-1,1,1,3,-1,-1,-1,0,0,1,0,0,10,0,0,0,27.19
1,0,0,0,-1,0,1,0,0,0,0,0,1,0,-1,-1,0,-1,2,1,2,3,0,-1,800,0,9223372036800000000,1e+75,0,10,0,0,7,0,0,1,0,0,1,1,0,0,0,0,0,0,2,0,1,-1,-1,-1,-1,0,10,-1,1,1,3,-1,-1,-1,0,0,1,0,0,10,0,0,0,25.5
1,0,0,0,-1,0,1,0,0,0,0,0,1,0,-1,-1,0,1,2,0,2,3,0,-1,800,0,9223372036800000000,1e+75,0,10,0,0,7,0,0,1,0,0,1,1,0,0,0,0,0,0,2,0,1,-1,-1,-1,-1,0,10,-1,1,1,3,-1,-1,-1,0,0,1,0,0,10,0,0,0,33.4
1,0,0,0,-1,0,1,1,0,0,0,0,1,0,-1,-1,0,-1,2,0,2,3,0,-1,800,0,9223372036800000000,1e+75,0,10,0,0,7,0,0,1,0,0,1,1,0,0,0,0,0,0,2,0,1,-1,-1,-1,-1,0,10,-1,1,1,3,-1,-1,-1,0,0,1,0,0,10,0,0,0,27.41
1,0,0,0,-1,0,1,1,0,0,0,0,0,0,1,0,2,0,-1,1,-1,3,0,-1,150,0,9223372036800000000,1e+75,0,10,0,0,30,0,0,1,0,0,1,1,0,0,0,0,0,0,2,0,1,-1,-1,-1,-1,0,10,-1,1,1,3,-1,-1,-1,0,0,1,0,0,10,0,0,0,23.6
1,0,0,0,-1,0,1,0,0,0,0,0,3,0,0,2,-1,-1,-1,2,0,3,0,-1,50,0,9223372036800000000,1e+75,0,10,0,0,7,1,0,1,0,0,1,1,1,0,0,0,0,-1,2,0,1,-1,-1,-1,-1,0,10,-1,1,1,3,-1,-1,3,0,0,1,0,0,10,0,0,0,33.02
1,0,0,0,-1,0,1,0,0,0,0,0,3,0,-1,1,-1,-1,0,1,1,3,0,-1,10,0,9223372036800000000,1e+75,0,10,0,0,7,0,0,1,0,0,1,1,0,0,0,0,0,0,2,0,1,-1,-1,-1,-1,0,10,-1,1,1,3,-1,-1,-1,0,0,1,0,0,10,0,0,0,25.5
1,0,0,0,-1,0,1,0,0,0,0,0,1,0,-1,2,0,-1,2,0,2,3,0,-1,800,0,9223372036800000000,1e+75,0,10,0,0,7,0,0,1,0,0,1,1,0,0,0,0,0,0,2,0,1,-1,-1,-1,-1,0,10,-1,1,1,3,-1,-1,-1,0,0,1,0,0,10,0,0,0,25.5
1,0,0,0,-1,0,1,1,0,0,0,0,0,0,0,0,-1,0,-1,1,-1,3,0,-1,400,0,9223372036800000000,1e+75,0,10,0,0,7,0,0,1,0,0,1,1,0,0,0,0,0,0,2,0,1,-1,-1,-1,-1,0,10,-1,1,1,3,-1,-1,-1,0,0,1,0,0,10,0,0,0,28.99
1,0,0,0,-1,0,1,0,0,0,0,0,-1,0,1,2,2,0,1,-1,2,3,0,-1,800,0,9223372036800000000,1e+75,0,10,0,0,7,1,0,1,-1,0,1,0,1,0,0,0,1,0,2,0,1,-1,-1,-1,-1,-1,10,-1,1,1,3,-1,-1,1,0,0,1,0,0,10,0,0,0,1.79769e+308
1,0,0,0,-1,0,1,0,0,0,0,0,1,0,-1,-1,0,2,2,0,2,3,0,-1,800,0,9223372036800000000,1e+75,0,10,0,0,7,0,0,1,0,0,1,1,0,0,0,0,0,0,2,0,1,-1,-1,-1,-1,0,10,-1,1,1,3,-1,-1,-1,0,0,1,0,0,10,0,0,0,30.42
1,0,0,0,-1,0,1,0,0,0,0,0,-1,0,1,-1,1,-1,0,-1,0,3,0,-1,800,0,9223372036800000000,1e+75,0,10,0,0,7,1,0,1,0,0,1,1,1,0,0,0,4,1,2,0,1,-1,-1,-1,-1,-1,10,-1,1,1,3,-1,-1,-1,0,0,1,4,0,10,0,0,0,25.34
1,0,0,0,-1,0,1,5,0,0,0,0,1,0,-1,-1,0,-1,2,0,2,3,0,-1,800,0,9223372036800000000,1e+75,0,10,0,0,7,0,0,1,0,0,1,1,0,0,0,0,0,0,2,0,1,-1,-1,-1,-1,0,10,-1,1,1,3,-1,-1,-1,0,0,1,0,0,10,0,0,0,45.45
1,0,0,0,-1,0,1,0,0,0,0,0,0,0,0,1,1,-1,2,1,0,3,0,-1,150,0,9223372036800000000,1e+75,0,10,0,0,7,-1,0,1,40,0,1,0,0,0,0,0,2,1,2,0,1,-1,-1,-1,-1,-1,10,-1,1,1,3,-1,-1,3,0,0,1,3,0,10,0,0,0,40.2
1,0,0,0,-1,0,1,1,0,0,0,0,0,0,1,0,2,0,-1,1,-1,3,0,-1,150,0,9223372036800000000,1e+75,0,10,0,0,7,0,0,1,0,0,1,1,0,-1,0,0,0,0,2,0,1,-1,-1,-1,-1,0,10,-1,1,1,3,-1,-1,-1,0,0,1,0,0,10,0,0,0,40.19
1,0,0,0,-1,0,1,0,0,0,0,0,-1,0,1,-1,0,-1,-1,-1,-1,3,0,-1,200,0,9223372036800000000,1e+75,0,10,0,0,7,1,0,1,20,0,1,0,2,0,0,0,0,4,2,0,1,-1,-1,-1,-1,0,20,-1,1,1,3,-1,-1,4,0,0,1,4,0,10,0,0,0,22.1
1,0,0,0,-1,0,1,3,0,0,0,0,2,0,1,2,-1,-1,-1,1,-1,3,0,-1,200,0,9223372036800000000,1e+75,0,10,0,0,7,-1,0,1,0,0,1,0,0,0,0,0,0,-1,2,0,1,-1,-1,-1,-1,0,10,-1,1,1,3,-1,-1,4,0,0,1,0,0,10,0,0,0,20.62
1,0,0,0,-1,0,1,5,0,0,0,0,3,0,-1,2,2,2,1,2,1,3,0,-1,150,0,9223372036800000000,1e+75,0,10,0,0,7,0,0,1,0,0,1,1,0,0,0,0,0,0,2,0,1,-1,-1,-1,-1,0,10,-1,1,1,3,-1,-1,-1,0,0,1,0,0,10,0,0,0,31.26
1,0,0,0,-1,0,1,0,0,0,0,0,-1,0,1,-1,1,-1,0,-1,0,3,0,-1,800,0,9223372036800000000,1e+75,0,10,0,0,7,1,0,1,0,0,1,1,1,0,0,0,1,1,2,0,1,-1,-1,-1,-1,-1,10,-1,1,1,3,-1,-1,4,0,0,1,5,0,10,0,0,0,24.16
1,0,0,0,-1,0,1,0,0,0,0,0,-1,0,1,0,-1,2,2,2,2,3,0,-1,25,0,9223372036800000000,1e+75,0,10,0,0,7,-1,0,1,100,0,1,0,1,0,0,0,0,1,2,0,1,-1,-1,-1,-1,-1,10,-1,1,1,3,-1,-1,4,0,0,1,0,0,10,0,0,0,24.81
1,0,0,0,-1,0,1,1,0,0,0,0,0,0,1,0,2,0,-1,1,-1,3,0,-1,150,0,9223372036800000000,1e+75,0,10,0,0,7,0,0,1,0,0,1,1,0,1,0,0,0,0,2,0,1,-1,-1,-1,-1,0,10,-1,1,1,3,-1,-1,-1,0,0,1,0,0,10,0,0,0,23.6
1,0,0,0,-1,0,1,0,0,0,0,0,2,0,0,1,1,-1,2,1,0,3,0,-1,200,0,9223372036800000000,1e+75,0,10,0,0,7,1,0,1,-1,0,1,1,1,0,0,0,5,3,2,0,1,-1,-1,-1,-1,1,10,-1,1,1,3,-1,-1,2,0,0,1,0,0,10,0,0,0,45.57
1,0,0,0,-1,0,1,3,0,0,0,0,-1,0,1,-1,0,-1,-1,-1,-1,3,0,-1,200,0,9223372036800000000,1e+75,0,10,0,0,7,1,0,1,0,0,1,0,2,0,0,0,0,4,2,0,1,-1,-1,-1,-1,0,10,-1,1,1,3,-1,-1,5,0,0,1,0,0,10,0,0,0,30.44
1,0,0,0,-1,0,1,0,0,0,0,0,-1,0,1,-1,0,-1,-1,-1,-1,3,0,-1,200,0,9223372036800000000,1e+75,0,10,0,0,7,1,0,1,20,0,1,0,2,0,0,0,1,4,2,0,1,-1,-1,-1,-1,0,10,-1,1,1,3,-1,-1,4,0,0,1,0,0,10,0,0,0,23.94
1,0,0,0,-1,0,1,0,0,0,0,0,2,0,0,1,-1,-1,0,0,2,3,0,-1,200,0,9223372036800000000,1e+75,0,10,0,0,7,0,0,1,20,0,1,0,3,0,0,0,0,3,2,0,1,-1,-1,-1,-1,-1,10,-1,1,1,3,-1,-1,3,0,0,1,0,0,10,0,0,0,45.88
1,0,0,0,-1,0,1,1,0,0,0,0,0,2,1,0,2,0,-1,1,-1,3,0,-1,150,0,9223372036800000000,1e+75,0,10,0,0,7,0,0,1,0,0,1,1,0,0,0,0,0,0,2,0,1,-1,-1,-1,-1,0,10,-1,1,1,3,-1,-1,-1,0,0,1,0,0,10,0,0,0,23.6
1,0,0,0,-1,0,1,0,0,0,0,0,1,0,1,-1,-1,-1,2,-1,0,3,0,-1,200,0,9223372036800000000,1e+75,0,10,0,0,7,-1,0,1,20,0,1,0,1,0,0,0,4,-1,2,0,1,-1,-1,-1,-1,1,10,-1,1,1,3,-1,-1,-1,0,0,1,2,0,10,0,0,0,36.52
1,0,0,0,-1,0,1,1,0,0,0,0,0,0,1,0,2,0,-1,1,-1,3,0,-1,150,0,9223372036800000000,2,0,10,0,0,7,0,0,1,0,0,1,1,0,0,0,0,0,0,2,0,1,-1,-1,-1,-1,0,10,-1,1,1,3,-1,-1,-1,0,0,1,0,0,10,0,0,0,23.6
1,0,0,0,-1,0,1,1,0,0,0,0,0,1,1,0,2,0,-1,1,-1,3,0,-1,150,0,9223372036800000000,1e+75,0,10,0,0,7,0,0,1,0,0,1,1,0,0,0,0,0,0,2,0,1,-1,-1,-1,-1,0,10,-1,1,1,3,-1,-1,-1,0,0,1,0,0,10,0,0,0,25.16
1,0,0,0,-1,0,1,0,0,0,0,0,0,0,1,0,-1,-1,0,1,2,3,0,-1,10,0,9223372036800000000,1e+75,0,10,0,0,7,1,0,1,0,0,1,1,3,0,0,0,0,1,2,0,1,-1,-1,-1,-1,0,10,-1,1,1,3,-1,-1,3,0,0,1,0,0,10,0,0,0,27.5
1,0,0,0,-1,0,1,0,0,0,0,0,0,0,1,0,0,-1,0,1,2,3,0,-1,10,0,9223372036800000000,1e+75,0,10,0,0,7,1,0,1,0,0,1,1,-1,0,0,0,0,1,2,0,1,-1,-1,-1,-1,0,10,-1,1,1,3,-1,-1,3,0,0,1,0,0,10,0,0,0,28.4
1,0,0,0,-1,0,1,0,0,0,0,0,1,0,-1,-1,1,-1,-1,0,-1,3,0,-1,200,0,9223372036800000000,1e+75,0,10,0,0,7,-1,0,1,40,0,1,0,3,0,0,0,0,3,2,0,1,-1,-1,-1,-1,0,10,-1,1,1,3,-1,-1,4,0,0,1,0,0,10,0,0,0,23.32
1,0,0,0,-1,0,1,1,0,0,0,0,0,0,1,0,2,0,-1,1,-1,3,0,-1,150,0,9223372036800000000,1e+75,0,10,0,0,7,0,0,1,0,0,1,1,0,0,20,0,0,0,2,0,1,-1,-1,-1,-1,0,10,-1,1,1,3,-1,-1,-1,0,0,1,0,0,10,0,0,0,34.37
1,0,0,0,-1,0,1,0,0,0,0,0,0,0,1,0,0,-1,2,1,2,3,0,-1,10,0,9223372036800000000,1e+75,0,10,0,0,7,1,0,1,0,0,1,1,3,0,0,0,0,1,2,0,1,-1,-1,-1,-1,0,10,-1,1,1,3,-1,-1,3,0,0,1,0,0,10,0,0,0,27.5
1,0,0,0,-1,0,1,0,0,0,0,0,0,0,1,0,0,-1,0,1,2,3,0,-1,10,0,9223372036800000000,1e+75,0,10,0,0,7,1,0,1,0,0,1,1,2,0,0,0,0,1,2,0,1,-1,-1,-1,-1,0,10,-1,1,1,3,-1,-1,3,0,0,1,0,0,10,0,0,0,27.5
1,0,0,0,-1,0,1,0,0,0,0,0,3,0,1,0,1,1,2,2,2,3,0,-1,400,0,9223372036800000000,1e+75,0,10,0,0,7,-1,0,1,0,0,1,0,1,0,0,0,0,-1,2,0,1,-1,-1,-1,-1,0,10,-1,1,1,3,-1,-1,4,0,0,1,0,0,10,0,0,0,23.6
1,0,0,0,-1,0,1,0,0,0,0,0,0,0,1,0,0,-1,0,1,1,3,0,-1,10,0,9223372036800000000,1e+75,0,10,0,0,7,1,0,1,0,0,1,1,3,0,0,0,0,1,2,0,1,-1,-1,-1,-1,0,10,-1,1,1,3,-1,-1,3,0,0,1,0,0,10,0,0,0,27.5
1,0,0,0,-1,0,1,0,0,0,0,0,0,0,1,0,0,-1,0,1,2,3,0,-1,10,0,9223372036800000000,1e+75,0,10,0,0,7,1,0,1,0,0,1,1,3,0,0,0,0,1,2,0,1,-1,-1,-1,-1,0,10,-1,1,1,3,-1,-1,-1,0,0,1,0,0,10,0,0,0,27.5
1,0,0,0,-1,0,1,0,0,0,0,0,3,0,1,0,0,-1,0,1,2,3,0,-1,10,0,9223372036800000000,1e+75,0,10,0,0,7,1,0,1,0,0,1,1,3,0,0,0,0,1,2,0,1,-1,-1,-1,-1,0,10,-1,1,1,3,-1,-1,3,0,0,1,0,0,10,0,0,0,27.5
1,0,0,0,-1,0,1,0,0,0,0,0,-1,0,1,2,2,0,-1,-1,2,3,0,-1,800,0,9223372036800000000,1e+75,0,10,0,0,7,1,0,1,-1,0,1,0,1,0,0,0,4,0,2,0,1,-1,-1,-1,-1,-1,10,-1,1,1,3,-1,-1,1,0,0,1,0,0,10,0,0,0,30.9
1,0,0,0,-1,0,1,0,0,0,0,0,0,0,1,1,0,-1,0,1,2,3,0,-1,10,0,9223372036800000000,1e+75,0,10,0,0,7,1,0,1,0,0,1,1,3,0,0,0,0,1,2,0,1,-1,-1,-1,-1,0,10,-1,1,1,3,-1,-1,3,0,0,1,0,0,10,0,0,0,27.5
1,0,0,0,-1,0,1,0,0,0,0,0,0,0,1,0,0,-1,0,1,2,3,0,-1,10,0,9223372036800000000,1e+75,0,10,0,0,7,1,0,1,0,0,1,1,3,0,0,0,0,1,2,0,1,-1,-1,-1,-1,0,10,-1,1,1,3,-1,-1,2,0,0,1,0,0,10,0,0,0,30.27
1,0,0,0,-1,0,1,0,0,0,0,0,0,0,1,0,0,-1,0,0,2,3,0,-1,10,0,9223372036800000000,1e+75,0,10,0,0,7,1,0,1,0,0,1,1,3,0,0,0,0,1,2,0,1,-1,-1,-1,-1,0,10,-1,1,1,3,-1,-1,3,0,0,1,0,0,10,0,0,0,27.5
1,0,0,0,-1,0,1,0,0,0,0,0,1,0,-1,2,1,-1,2,1,1,3,0,-1,400,0,9223372036800000000,1e+75,0,10,0,0,7,0,0,1,0,0,1,1,0,0,0,0,0,0,2,0,1,-1,-1,-1,-1,0,10,-1,1,1,3,-1,-1,-1,0,0,1,0,0,10,0,0,0,25.5
1,0,0,0,-1,0,1,0,0,0,0,0,3,0,1,0,1,1,-1,2,2,3,0,-1,100,0,9223372036800000000,1e+75,0,10,0,0,7,-1,0,1,0,0,1,0,2,0,0,0,0,-1,2,0,1,-1,-1,-1,-1,0,10,-1,1,1,3,-1,-1,4,0,0,1,0,0,10,0,0,0,23.64
1,0,0,0,-1,0,1,5,0,0,0,0,0,0,0,2,2,1,2,2,1,3,0,-1,800,0,9223372036800000000,1e+75,0,10,0,0,7,0,0,1,0,0,1,1,1,0,0,0,0,-1,2,0,1,-1,-1,-1,-1,0,10,-1,1,1,3,-1,-1,4,0,0,1,0,0,10,0,0,0,24.09
1,0,0,0,-1,0,1,0,0,0,0,0,1,0,0,-1,1,1,2,-1,-1,3,0,-1,10,0,9223372036800000000,1e+75,0,10,0,0,7,1,0,1,0,0,1,1,3,0,0,0,0,1,2,0,1,-1,-1,-1,-1,0,10,-1,1,1,3,-1,-1,0,0,0,1,0,0,10,0,0,0,35.95
1,0,0,0,-1,0,1,1,0,0,0,0,-1,0,-1,2,-1,1,1,2,1,3,0,-1,10,0,9223372036800000000,1e+75,0,10,0,0,7,-1,0,1,0,0,1,1,0,0,0,0,0,1,2,0,1,-1,-1,-1,-1,0,10,-1,1,1,3,-1,-1,-1,0,0,1,0,0,10,0,0,0,40.34
1,0,0,0,-1,0,1,0,0,0,0,0,1,0,1,1,1,1,1,1,2,3,0,-1,400,0,9223372036800000000,1e+75,0,10,0,0,7,-1,0,1,20,0,1,0,-1,0,0,0,2,-1,2,0,1,-1,-1,-1,-1,-1,10,-1,1,1,3,-1,-1,0,0,0,1,4,0,10,0,0,0,33.26
1,0,0,0,-1,0,1,5,0,0,0,0,0,0,0,2,-1,1,2,2,1,3,0,-1,800,0,9223372036800000000,1e+75,0,10,0,0,7,0,0,1,0,0,1,1,1,0,0,0,0,1,2,0,1,-1,-1,-1,-1,0,10,-1,1,1,3,-1,-1,4,0,0,1,0,0,10,0,0,0,22.46
1,0,0,0,-1,0,1,0,0,0,0,0,3,0,1,0,-1,-1,0,0,-1,3,0,-1,100,0,9223372036800000000,1e+75,0,10,0,0,7,-1,0,1,1000,0,1,0,-1,0,0,0,0,1,2,0,1,-1,-1,-1,-1,0,10,-1,1,1,3,-1,-1,4,0,0,1,0,0,10,0,0,0,23.64
1,0,0,0,-1,0,1,5,0,0,0,0,0,0,0,2,0,1,2,2,1,3,0,-1,800,0,9223372036800000000,1e+75,0,10,0,0,7,0,0,1,0,0,1,1,1,0,0,0,0,1,2,0,1,-1,-1,-1,-1,0,10,-1,1,1,3,-1,-1,4,0,0,1,0,0,10,0,0,0,22.46
1,0,0,0,-1,0,1,1,0,0,0,0,0,0,1,0,2,0,-1,1,-1,3,0,-1,150,0,9223372036800000000,1e+75,0,10,0,0,7,0,0,1,0,0,1,1,1,0,0,0,0,0,2,0,1,-1,-1,-1,-1,0,10,-1,1,1,3,-1,-1,-1,0,0,1,0,0,10,0,0,0,27.64
1,0,0,0,-1,0,1,0,0,0,0,0,0,0,-1,-1,2,-1,-1,-1,1,3,0,-1,400,0,9223372036800000000,1e+75,0,10,0,0,7,-1,0,1,40,0,1,0,0,0,0,0,4,4,2,0,1,-1,-1,-1,-1,0,10,-1,1,1,3,-1,-1,3,0,0,1,2,0,10,0,0,0,36.87
1,0,0,0,-1,0,1,0,0,0,0,0,-1,0,1,-1,-1,-1,0,-1,0,3,0,-1,800,0,9223372036800000000,1e+75,0,10,0,0,7,1,0,1,0,0,1,1,1,0,0,0,4,1,2,0,1,-1,-1,-1,-1,-1,10,-1,1,1,3,-1,-1,4,0,0,1,5,0,10,0,0,0,20.04
1,0,0,0,-1,0,1,5,0,0,0,0,0,0,0,2,2,1,2,2,1,3,0,-1,200,0,9223372036800000000,1e+75,0,10,0,0,7,0,0,1,0,0,1,1,1,0,0,0,0,1,2,0,1,-1,-1,-1,-1,0,10,-1,1,1,3,-1,-1,4,0,0,1,0,0,10,0,0,0,22.46
1,0,0,0,-1,0,1,0,0,0,0,0,-1,0,1,-1,1,-1,0,-1,0,3,0,-1,800,0,9223372036800000000,1e+75,0,10,0,0,7,1,0,1,0,0,1,1,1,0,0,0,4,1,2,0,1,-1,-1,-1,-1,-1,10,-1,1,1,3,-1,-1,-1,0,0,1,5,0,10,0,0,0,24.03
1,0,0,0,-1,0,1,5,0,0,0,0,2,0,0,2,2,1,2,2,1,3,0,-1,800,0,9223372036800000000,1e+75,0,10,0,0,7,0,0,1,0,0,1,1,1,0,0,0,0,1,2,0,1,-1,-1,-1,-1,0,10,-1,1,1,3,-1,-1,4,0,0,1,0,0,10,0,0,0,22.46
1,0,0,0,-1,0,1,0,0,0,0,0,-1,0,1,1,0,-1,-1,0,1,3,0,-1,800,0,9223372036800000000,1e+75,0,10,0,0,7,-1,0,1,-1,0,1,0,2,0,0,0,0,1,2,0,1,-1,-1,-1,-1,0,10,-1,1,1,3,-1,-1,4,0,0,1,0,0,10,0,0,0,82.44
1,0,0,0,-1,0,1,3,0,0,0,0,2,0,1,-1,2,-1,2,2,-1,3,0,-1,100,0,9223372036800000000,1e+75,0,10,0,0,7,1,0,1,500,0,1,0,3,0,0,0,0,3,2,0,1,-1,-1,-1,-1,-1,10,-1,1,1,3,-1,-1,2,0,0,1,0,0,10,0,0,0,39.65
1,0,0,0,-1,0,1,1,0,0,0,0,0,0,1,0,2,0,-1,1,-1,3,0,-1,150,0,9223372036800000000,1e+75,0,10,0,0,7,0,0,1,0,0,1,1,0,0,0,0,0,0,2,0,1,-1,-1,-1,-1,0,10,-1,0,1,3,-1,-1,-1,0,0,1,0,0,10,0,0,0,31.53
1,0,0,0,-1,0,1,2,0,0,0,0,1,0,-1,2,0,1,2,-1,1,3,0,-1,200,0,9223372036800000000,1e+75,0,10,0,0,7,0,0,1,0,0,1,0,0,0,0,0,0,0,2,0,1,-1,-1,-1,-1,0,10,-1,1,1,3,-1,-1,1,0,0,1,0,0,10,0,0,0,38.99
1,0,0,0,-1,0,1,1,0,0,0,0,0,0,1,0,2,0,-1,1,-1,3,0,-1,150,0,9223372036800000000,1e+75,0,10,0,0,7,0,0,1,0,0,1,1,0,0,0,0,0,0,2,0,1,-1,-1,-1,-1,0,10,-1,1,1,3,-1,-1,1,0,0,1,0,0,10,0,0,0,41.16
1,0,0,0,-1,0,1,0,0,0,0,0,3,0,1,0,1,1,-1,2,2,3,0,-1,400,0,9223372036800000000,1e+75,0,10,0,0,7,-1,0,1,0,0,1,0,2,0,0,0,0,-1,2,0,1,-1,-1,-1,-1,0,10,-1,1,1,3,-1,-1,4,0,0,1,0,0,10,0,0,0,23.64
1,0,0,0,-1,0,1,0,0,0,0,0,-1,0,1,2,2,0,1,-1,2,3,0,-1,25,0,9223372036800000000,1e+75,0,10,0,0,7,1,0,1,-1,0,1,0,1,0,0,0,4,0,2,0,1,-1,-1,-1,-1,-1,10,-1,1,1,3,-1,-1,4,0,0,1,0,0,10,0,0,0,19.27
1,0,0,0,-1,0,1,0,0,0,0,0,3,0,1,0,1,1,1,2,2,3,0,-1,400,0,9223372036800000000,1e+75,0,10,0,0,7,-1,0,1,0,0,1,0,2,0,0,0,0,-1,2,0,1,-1,-1,-1,-1,0,10,-1,1,1,3,-1,-1,4,0,0,1,0,0,10,0,0,0,23.64
1,0,0,0,-1,0,1,1,0,0,0,0,0,0,1,0,2,0,-1,1,-1,3,0,-1,150,0,9223372036800000000,1e+75,0,10,0,0,7,0,0,1,0,0,1,1,0,0,100,0,0,0,2,0,1,-1,-1,-1,-1,0,10,-1,1,1,3,-1,-1,-1,0,0,1,0,0,10,0,0,0,34.37
1,0,0,0,-1,0,1,0,0,0,0,0,3,0,1,0,-1,-1,0,0,-1,3,0,-1,100,0,9223372036800000000,1e+75,0,10,0,0,7,-1,0,1,0,0,1,0,-1,0,0,0,0,-1,2,0,1,-1,-1,-1,-1,0,10,-1,1,1,3,-1,-1,4,0,0,1,0,0,10,0,0,0,22.46
1,0,0,0,-1,0,1,0,0,0,0,0,3,0,1,0,1,1,-1,2,2,3,0,-1,10,0,9223372036800000000,1e+75,0,10,0,0,7,-1,0,1,0,0,1,0,2,0,0,0,0,-1,2,0,1,-1,-1,-1,-1,0,10,-1,1,1,3,-1,-1,4,0,0,1,0,0,10,0,0,0,23.64
1,0,0,0,-1,0,1,0,0,0,0,0,1,0,1,1,1,1,1,1,2,3,0,-1,800,0,9223372036800000000,1e+75,0,10,0,0,7,-1,0,1,20,0,1,0,-1,0,0,0,2,1,2,0,1,-1,-1,-1,-1,-1,10,-1,1,1,3,-1,-1,0,0,0,1,4,0,10,0,0,0,30.35
1,0,0,0,-1,0,1,0,0,0,0,0,3,0,-1,-1,0,-1,-1,0,-1,3,0,-1,200,0,9223372036800000000,1e+75,0,10,0,0,7,0,0,1,40,0,1,0,3,0,0,0,0,3,2,0,1,-1,-1,-1,-1,0,10,-1,1,1,3,-1,-1,4,0,0,1,0,0,10,0,0,0,23.92
1,0,0,0,-1,0,1,0,0,0,0,0,2,0,0,1,1,-1,2,1,0,3,0,-1,200,0,9223372036800000000,1e+75,0,10,0,0,7,1,0,1,-1,0,1,1,1,0,0,0,5,3,2,0,1,-1,-1,-1,-1,-1,10,-1,1,1,3,-1,-1,2,0,0,1,0,0,10,0,0,0,43.28
1,0,0,0,-1,0,1,0,0,0,0,0,3,0,1,0,1,1,-1,1,2,3,0,-1,400,0,9223372036800000000,1e+75,0,10,0,0,7,-1,0,1,0,0,1,0,1,0,0,0,0,-1,2,0,1,-1,-1,-1,-1,0,10,-1,1,1,3,-1,-1,4,0,0,1,0,0,10,0,0,0,23.6
1,0,0,0,-1,0,1,0,0,0,0,0,3,0,1,0,1,1,-1,2,2,3,0,-1,400,0,9223372036800000000,1e+75,0,10,0,0,7,-1,0,1,0,0,1,0,1,0,0,0,0,-1,2,0,1,-1,-1,-1,-1,0,10,-1,1,1,3,-1,-1,5,0,0,1,0,0,10,0,0,0,29.38
1,0,0,0,-1,0,1,0,0,0,0,0,1,0,0,1,0,-1,-1,2,-1,3,0,-1,10,0,9223372036800000000,1e+75,0,10,0,0,7,1,0,1,0,0,1,1,3,0,0,0,0,2,2,0,1,-1,-1,-1,-1,0,10,-1,1,1,3,-1,-1,0,0,0,1,0,0,10,0,0,0,35.79
1,0,0,0,-1,0,1,0,0,0,0,0,1,0,-1,0,0,-1,2,0,2,3,0,-1,800,0,9223372036800000000,1e+75,0,10,0,0,7,0,0,1,0,0,1,1,0,0,0,0,0,0,2,0,1,-1,-1,-1,-1,0,10,-1,1,1,3,-1,-1,-1,0,0,1,0,0,10,0,0,0,25.5
1,0,0,0,-1,0,1,0,0,0,0,0,-1,0,1,-1,0,-1,-1,-1,-1,3,0,-1,200,0,9223372036800000000,1e+75,0,10,0,0,7,1,0,1,20,0,1,0,2,0,0,0,3,4,2,0,1,-1,-1,-1,-1,0,10,-1,1,1,3,-1,-1,4,0,0,1,0,0,10,0,0,0,25.91
1,0,0,0,-1,0,1,0,0,0,0,0,3,0,1,0,-1,1,-1,2,2,3,0,-1,400,0,9223372036800000000,1e+75,0,10,0,0,7,-1,0,1,0,0,1,0,1,0,0,0,0,-1,2,0,1,-1,-1,-1,-1,0,10,-1,1,1,3,-1,-1,4,0,0,1,0,0,10,0,0,0,23.6
1,0,0,0,-1,0,1,0,0,0,0,0,3,0,1,1,1,1,-1,2,2,3,0,-1,400,0,9223372036800000000,1e+75,0,10,0,0,7,-1,0,1,0,0,1,0,1,0,0,0,0,-1,2,0,1,-1,-1,-1,-1,0,10,-1,1,1,3,-1,-1,4,0,0,1,0,0,10,0,0,0,23.6
1,0,0,0,-1,0,1,5,0,0,0,0,0,0,-1,2,-1,2,-1,-1,-1,3,0,-1,10,0,9223372036800000000,1e+75,0,10,0,0,7,-1,0,1,0,0,1,1,2,0,0,0,0,2,2,0,1,-1,-1,-1,-1,0,10,-1,1,1,3,-1,-1,3,0,0,1,0,0,10,0,0,0,45.45
1,0,0,0,-1,0,1,0,0,0,0,0,1,0,0,2,0,-1,-1,2,-1,3,0,-1,10,0,9223372036800000000,1e+75,0,10,0,0,7,1,0,1,0,0,1,1,3,0,0,0,0,2,2,0,1,-1,-1,-1,-1,0,10,-1,1,1,3,-1,-1,0,0,0,1,0,0,10,0,0,0,35.79
1,0,0,0,-1,0,1,0,0,0,0,0,1,0,0,1,0,-1,-1,2,-1,3,0,-1,10,0,9223372036800000000,1e+75,0,10,0,0,7,1,0,1,0,0,1,1,3,0,0,0,0,1,2,0,1,-1,-1,-1,-1,0,10,-1,1,1,3,-1,-1,0,0,0,1,0,0,10,0,0,0,34.59
1,0,0,0,-1,0,1,0,0,0,0,0,1,0,0,1,0,-1,-1,2,-1,3,0,-1,10,0,9223372036800000000,1e+75,0,10,0,0,7,1,0,1,0,0,1,1,3,0,0,0,0,2,2,0,1,-1,-1,-1,-1,0,10,-1,1,1,3,-1,-1,5,0,0,1,0,0,10,0,0,0,34.07
1,0,0,0,-1,0,1,0,0,0,0,0,-1,0,1,-1,0,-1,-1,-1,-1,3,0,-1,200,0,9223372036800000000,1e+75,0,10,0,0,7,1,0,1,0,0,1,0,2,0,0,0,0,4,2,0,1,-1,-1,-1,-1,-1,10,-1,1,1,3,-1,-1,4,0,0,1,0,0,10,0,0,0,16.65
1,0,0,0,-1,0,1,0,0,0,0,0,1,0,0,1,2,-1,-1,2,-1,3,0,-1,10,0,9223372036800000000,1e+75,0,10,0,0,7,1,0,1,0,0,1,1,3,0,0,0,0,2,2,0,1,-1,-1,-1,-1,0,10,-1,1,1,3,-1,-1,5,0,0,1,0,0,10,0,0,0,34.07
1,0,0,0,-1,0,1,0,0,0,0,0,2,0,0,1,1,-1,1,1,0,3,0,-1,200,0,9223372036800000000,1e+75,0,10,0,0,7,1,0,1,-1,0,1,1,1,0,0,0,5,3,2,0,1,-1,-1,-1,-1,-1,10,-1,1,1,3,-1,-1,2,0,0,1,0,0,10,0,0,0,43.28
1,0,0,0,-1,0,1,0,0,0,0,0,1,0,0,1,0,-1,-1,2,-1,3,0,-1,10,0,9223372036800000000,1e+75,0,10,0,0,7,1,0,1,0,0,1,1,3,0,0,0,0,2,2,0,1,-1,-1,-1,-1,0,10,-1,1,1,3,-1,-1,2,0,0,1,0,0,10,0,0,0,34.07
1,0,0,0,-1,0,1,0,0,0,0,0,1,0,1,1,-1,-1,2,-1,0,3,0,-1,200,0,9223372036800000000,1e+75,0,10,0,0,7,-1,0,1,20,0,1,0,1,0,0,0,1,-1,2,0,1,-1,-1,-1,-1,1,10,-1,1,1,3,-1,-1,-1,0,0,1,2,0,10,0,0,0,40.18
1,0,0,0,-1,0,1,0,0,0,0,0,0,0,0,1,0,-1,-1,2,-1,3,0,-1,10,0,9223372036800000000,1e+75,0,10,0,0,7,1,0,1,0,0,1,1,3,0,0,0,0,2,2,0,1,-1,-1,-1,-1,0,10,-1,1,1,3,-1,-1,5,0,0,1,0,0,10,0,0,0,34.07
1,0,0,0,-1,0,1,0,0,0,0,0,1,0,-1,2,1,0,0,-1,-1,3,0,-1,10,0,9223372036800000000,1e+75,0,10,0,0,7,1,0,1,-1,0,1,1,0,0,0,0,0,0,2,0,1,-1,-1,-1,-1,0,10,-1,1,1,3,-1,-1,4,0,0,1,0,0,10,0,0,0,17.53
1,0,0,0,-1,0,1,0,0,0,0,0,-1,0,1,-1,1,-1,0,-1,0,3,0,-1,800,0,9223372036800000000,1e+75,0,10,0,0,7,1,0,1,0,0,1,1,1,0,0,0,4,1,2,0,1,-1,-1,-1,-1,-1,10,-1,1,1,3,-1,-1,0,0,0,1,5,0,10,0,0,0,34.51
1,0,0,0,-1,0,1,0,0,0,0,0,1,0,0,1,0,-1,-1,2,1,3,0,-1,10,0,9223372036800000000,1e+75,0,10,0,0,7,1,0,1,0,0,1,1,3,0,0,0,0,2,2,0,1,-1,-1,-1,-1,0,10,-1,1,1,3,-1,-1,5,0,0,1,0,0,10,0,0,0,34.07
1,0,0,0,-1,0,1,0,0,0,0,0,-1,0,1,-1,0,-1,-1,-1,-1,3,0,-1,200,0,9223372036800000000,1e+75,0,10,0,0,7,1,0,1,-1,0,1,0,2,0,0,0,0,4,2,0,1,-1,-1,-1,-1,0,10,-1,1,1,3,-1,-1,4,0,0,1,0,0,10,0,0,0,20.04
1,0,0,0,-1,0,1,0,0,0,0,0,3,0,1,0,1,1,-1,2,2,3,0,-1,400,0,9223372036800000000,1e+75,0,10,0,0,7,-1,0,1,0,0,1,0,1,0,0,0,0,-1,2,0,1,-1,-1,-1,-1,0,10,-1,1,1,3,-1,-1,4,0,0,1,0,0,10,0,0,0,23.6
1,0,0,0,-1,0,1,0,0,0,0,0,-1,0,1,-1,0,-1,-1,-1,-1,3,0,-1,200,0,9223372036800000000,1e+75,0,10,0,0,7,1,0,1,20,0,1,0,2,0,0,0,0,4,2,0,1,-1,-1,-1,-1,0,10,-1,1,1,3,-1,-1,4,0,0,1,0,0,10,0,0,0,16.64
1,0,0,0,-1,0,1,3,0,0,0,0,2,0,1,0,-1,0,1,2,-1,3,0,-1,400,0,9223372036800000000,1e+75,0,10,0,0,7,0,0,1,0,0,1,1,0,0,0,0,0,0,2,0,1,-1,-1,-1,-1,0,10,-1,1,1,3,-1,-1,-1,0,0,1,0,0,10,0,0,0,30.9
1,0,0,0,-1,0,1,0,0,0,0,0,3,0,0,2,1,0,0,-1,-1,3,0,-1,10,0,9223372036800000000,1e+75,0,10,0,0,7,0,0,1,0,0,1,1,0,0,0,0,0,0,2,0,1,-1,-1,-1,-1,0,10,-1,1,1,3,-1,-1,4,0,0,1,0,0,10,0,0,0,19.43
1,0,0,0,-1,0,1,0,0,0,0,0,-1,0,1,2,2,0,1,-1,2,3,0,-1,150,0,9223372036800000000,1e+75,0,10,0,0,7,1,0,1,-1,0,1,0,1,0,0,0,1,0,2,0,1,-1,-1,-1,-1,-1,10,-1,1,1,3,-1,-1,1,0,0,1,0,0,10,0,0,0,1.79769e+308
1,0,0,0,-1,0,1,0,0,0,0,0,1,0,0,2,1,0,0,-1,-1,3,0,-1,10,0,9223372036800000000,1e+75,0,10,0,0,7,0,0,1,0,0,1,1,2,0,0,0,0,0,2,0,1,-1,-1,-1,-1,0,10,-1,1,1,3,-1,-1,4,0,0,1,0,0,10,0,0,0,19.44
1,0,0,0,-1,0,1,0,0,0,0,0,1,0,0,2,1,0,1,-1,-1,3,0,-1,10,0,9223372036800000000,1e+75,0,10,0,0,7,0,0,1,0,0,1,1,0,0,0,0,0,0,2,0,1,-1,-1,-1,-1,0,10,-1,1,1,3,-1,-1,4,0,0,1,0,0,10,0,0,0,17.89
1,0,0,0,-1,0,1,0,0,0,0,0,1,0,0,2,1,0,0,-1,-1,3,0,-1,10,0,9223372036800000000,1e+75,0,10,0,0,7,1,0,1,0,0,1,1,0,0,0,0,0,0,2,0,1,-1,-1,-1,-1,0,10,-1,1,1,3,-1,-1,4,0,0,1,0,0,10,0,0,0,17.73
1,0,0,0,-1,0,1,3,0,0,0,0,-1,0,1,-1,0,-1,2,-1,-1,3,0,-1,200,0,9223372036800000000,1e+75,0,10,0,0,7,1,0,1,0,0,1,0,2,0,0,0,0,4,2,0,1,-1,-1,-1,-1,0,10,-1,1,1,3,-1,-1,4,0,0,1,0,0,10,0,0,0,19.35
1,0,0,0,-1,0,1,0,0,0,0,0,1,0,0,2,1,0,0,-1,-1,3,0,-1,800,0,9223372036800000000,1e+75,0,10,0,0,7,0,0,1,0,0,1,1,0,0,0,0,0,0,2,0,1,-1,-1,-1,-1,0,10,-1,1,1,3,-1,-1,4,0,0,1,0,0,10,0,0,0,20.63
1,0,0,0,-1,0,1,0,0,0,0,0,1,0,0,0,1,0,0,-1,-1,3,0,-1,10,0,9223372036800000000,1e+75,0,10,0,0,7,0,0,1,0,0,1,1,0,0,0,0,0,0,2,0,1,-1,-1,-1,-1,0,10,-1,1,1,3,-1,-1,4,0,0,1,0,0,10,0,0,0,17.89
1,0,0,0,-1,0,1,0,0,0,0,0,1,0,0,2,1,0,0,-1,-1,3,0,-1,800,0,9223372036800000000,1e+75,0,10,0,0,7,1,0,1,0,0,1,1,0,0,0,0,0,0,2,0,1,-1,-1,-1,-1,0,10,-1,1,1,3,-1,-1,4,0,0,1,0,0,10,0,0,0,20.65
1,0,0,0,-1,0,1,0,0,0,0,0,2,0,0,1,1,-1,2,1,0,3,0,-1,200,0,9223372036800000000,1e+75,0,10,0,0,7,1,0,1,1000,0,1,1,1,0,0,0,5,3,2,0,1,-1,-1,-1,-1,-1,10,-1,1,1,3,-1,-1,2,0,0,1,0,0,10,0,0,0,44.99
1,0,0,0,-1,0,1,0,0,0,0,0,1,0,0,2,1,0,0,-1,-1,3,0,-1,10,0,9223372036800000000,1e+75,0,10,0,0,7,1,0,1,0,0,1,1,-1,0,0,0,0,0,2,0,1,-1,-1,-1,-1,0,10,-1,1,1,3,-1,-1,4,0,0,1,0,0,10,0,0,0,20.36
1,0,0,0,-1,0,1,0,0,0,0,0,1,0,-1,-1,1,1,2,1,1,3,0,-1,400,0,9223372036800000000,1e+75,0,10,0,0,7,0,0,1,0,0,1,1,0,0,0,0,0,0,2,0,1,-1,-1,-1,-1,0,10,-1,1,1,3,-1,-1,-1,0,0,1,0,0,10,0,0,0,30.78
1,0,0,0,-1,0,1,0,0,0,0,0,1,0,0,2,1,0,0,-1,-1,3,0,-1,10,0,9223372036800000000,1e+75,0,10,0,0,7,1,0,1,-1,0,1,1,0,0,0,0,0,0,2,0,1,-1,-1,-1,-1,0,10,-1,1,1,3,-1,-1,4,0,0,1,0,0,10,0,0,0,17.53
1,0,0,0,-1,0,1,0,0,0,0,0,-1,0,1,0,-1,2,2,2,2,3,0,-1,25,0,9223372036800000000,1e+75,0,10,0,0,7,-1,0,1,500,0,1,0,1,0,0,0,0,1,2,0,1,-1,-1,-1,-1,-1,10,-1,1,1,3,-1,-1,4,0,0,1,0,0,10,0,0,0,24.81
1,0,0,0,-1,0,1,0,0,0,0,0,1,0,-1,0,0,2,0,0,1,3,0,-1,200,0,9223372036800000000,1e+75,0,10,0,0,7,-1,0,1,-1,0,1,0,0,0,0,0,0,-1,2,0,1,-1,-1,-1,-1,1,10,-1,1,1,3,-1,-1,-1,0,0,1,0,0,10,0,0,0,66.28
1,0,0,0,-1,0,1,0,0,0,0,0,1,0,0,2,1,0,0,-1,-1,3,0,-1,10,0,9223372036800000000,1e+75,0,10,0,0,7,1,0,1,1000,0,1,1,0,0,0,0,0,0,2,0,1,-1,-1,-1,-1,0,10,-1,1,1,3,-1,-1,4,0,0,1,0,0,10,0,0,0,21.34
1,0,0,0,-1,0,1,1,0,0,0,0,0,0,1,0,2,0,-1,1,-1,3,0,-1,150,0,9223372036800000000,1e+75,0,10,0,0,7,0,0,1,0,0,1,1,2,0,0,0,0,0,2,0,1,-1,-1,-1,-1,0,10,-1,1,1,3,-1,-1,-1,0,0,1,0,0,10,0,0,0,27.39
1,0,0,0,-1,0,1,0,0,0,0,0,0,0,0,2,1,0,0,-1,-1,3,0,-1,10,0,9223372036800000000,1e+75,0,10,0,0,7,1,0,1,-1,0,1,1,0,0,0,0,0,0,2,0,1,-1,-1,-1,-1,0,10,-1,1,1,3,-1,-1,4,0,0,1,0,0,10,0,0,0,17.53
1,0,0,0,-1,0,1,0,0,0,0,0,-1,0,1,0,-1,2,2,2,2,3,0,-1,25,0,9223372036800000000,1e+75,0,10,0,0,7,-1,0,1,500,0,1,0,2,0,0,0,0,1,2,0,1,-1,-1,-1,-1,-1,10,-1,1,1,3,-1,-1,4,0,0,1,0,0,10,0,0,0,24.81
1,0,0,0,-1,0,1,0,0,0,0,0,-1,0,1,0,-1,2,2,2,2,3,0,-1,25,0,9223372036800000000,1e+75,0,10,0,0,7,-1,0,1,500,0,1,0,1,0,0,0,0,1,2,0,1,-1,-1,-1,-1,-1,10,-1,1,1,3,-1,-1,-1,0,0,1,0,0,10,0,0,0,41.19
1,0,0,0,-1,0,1,0,0,0,0,0,3,0,-1,1,1,-1,0,-1,2,3,0,-1,800,0,9223372036800000000,1e+75,0,10,0,0,7,0,0,1,1000,0,1,0,2,0,0,0,0,1,2,0,1,-1,-1,-1,-1,-1,10,-1,1,1,3,-1,-1,4,0,0,1,0,0,10,0,0,0,20.78
1,0,0,0,-1,0,1,0,0,0,0,0,-1,0,1,-1,1,-1,0,-1,0,3,0,-1,800,0,9223372036800000000,1e+75,0,10,0,0,7,1,0,1,0,0,1,1,1,0,0,0,4,1,2,0,1,-1,-1,-1,-1,-1,10,-1,1,1,3,-1,-1,-1,0,0,1,0,0,10,0,0,0,25.34
1,0,0,0,-1,0,1,0,0,0,0,0,-1,0,-1,2,2,0,1,-1,2,3,0,-1,150,0,9223372036800000000,1e+75,0,10,0,0,7,1,0,1,-1,0,1,0,1,0,0,0,4,0,2,0,1,-1,-1,-1,-1,-1,10,-1,1,1,3,-1,-1,1,0,0,1,0,0,10,0,0,0,31.88
1,0,0,0,-1,0,1,0,0,0,0,0,-1,0,0,0,-1,2,2,2,2,3,0,-1,25,0,9223372036800000000,1e+75,0,10,0,0,7,-1,0,1,500,0,1,0,1,0,0,0,0,1,2,0,1,-1,-1,-1,-1,-1,10,-1,1,1,3,-1,-1,4,0,0,1,0,0,10,0,0,0,24.81
1,0,0,0,-1,0,1,0,0,0,0,0,1,0,1,1,1,1,1,1,2,3,0,-1,400,0,9223372036800000000,1e+75,0,10,0,0,7,-1,0,1,20,0,1,0,-1,0,0,0,4,1,2,0,1,-1,-1,-1,-1,-1,10,-1,1,1,3,-1,-1,-1,0,0,1,4,0,10,0,0,0,29.09
1,0,0,0,-1,0,1,0,0,0,0,0,-1,0,1,0,2,2,2,2,2,3,0,-1,25,0,9223372036800000000,1e+75,0,10,0,0,7,-1,0,1,500,0,1,0,1,0,0,0,0,1,2,0,1,-1,-1,-1,-1,-1,10,-1,1,1,3,-1,-1,4,0,0,1,0,0,10,0,0,0,24.81
1,0,0,0,-1,0,1,0,0,0,0,0,-1,0,1,0,-1,2,2,2,2,3,0,-1,10,0,9223372036800000000,1e+75,0,10,0,0,7,-1,0,1,500,0,1,0,1,0,0,0,0,1,2,0,1,-1,-1,-1,-1,-1,10,-1,1,1,3,-1,-1,4,0,0,1,0,0,10,0,0,0,25.22
1,0,0,0,-1,0,1,0,0,0,0,0,2,0,-1,-1,0,-1,2,0,2,3,0,-1,800,0,9223372036800000000,1e+75,0,10,0,0,7,0,0,1,0,0,1,1,0,0,0,0,0,0,2,0,1,-1,-1,-1,-1,0,10,-1,1,1,3,-1,-1,-1,0,0,1,0,0,10,0,0,0,25.5
1,0,0,0,-1,0,1,0,0,0,0,0,-1,0,1,-1,0,-1,-1,-1,-1,3,0,-1,200,0,9223372036800000000,1e+75,0,10,0,0,7,1,0,1,20,0,1,0,2,0,0,4,0,4,2,0,1,-1,-1,-1,-1,0,10,-1,1,1,3,-1,-1,4,0,0,1,0,0,10,0,0,0,18.07
1,0,0,0,-1,0,1,0,0,0,0,0,2,0,-1,-1,1,-1,2,1,1,3,0,-1,400,0,9223372036800000000,1e+75,0,10,0,0,7,0,0,1,0,0,1,1,0,0,0,0,0,0,2,0,1,-1,-1,-1,-1,0,10,-1,1,1,3,-1,-1,-1,0,0,1,0,0,10,0,0,0,25.5
1,0,0,0,-1,0,1,0,0,0,0,0,1,0,1,1,1,1,1,1,2,3,0,-1,50,0,9223372036800000000,1e+75,0,10,0,0,7,-1,0,1,20,0,1,0,-1,0,0,0,2,1,2,0,1,-1,-1,-1,-1,-1,10,-1,1,1,3,-1,-1,-1,0,0,1,4,0,10,0,0,0,43.72
1,0,0,0,-1,0,1,0,0,0,0,0,1,0,0,2,1,0,0,-1,-1,3,0,-1,150,0,9223372036800000000,1e+75,0,10,0,0,7,1,0,1,-1,0,1,1,0,0,0,0,0,0,2,0,1,-1,-1,-1,-1,0,10,-1,1,1,3,-1,-1,4,0,0,1,0,0,10,0,0,0,20.23
1,0,0,0,-1,0,1,0,0,0,0,0,0,0,1,0,-1,2,2,2,2,3,0,-1,800,0,9223372036800000000,1e+75,0,10,0,0,7,-1,0,1,500,0,1,0,1,0,0,0,0,1,2,0,1,-1,-1,-1,-1,-1,10,-1,1,1,3,-1,-1,4,0,0,1,0,0,10,0,0,0,25.4
1,0,0,0,-1,0,1,0,0,0,0,0,0,0,1,-1,1,-1,0,-1,0,3,0,-1,800,0,9223372036800000000,1e+75,0,10,0,0,7,1,0,1,0,0,1,1,1,0,0,0,4,1,2,0,1,-1,-1,-1,-1,-1,10,-1,1,1,3,-1,-1,4,0,0,1,5,0,10,0,0,0,20.04
1,0,0,0,-1,0,1,3,0,0,0,0,-1,0,1,-1,0,-1,-1,-1,-1,3,0,-1,200,0,9223372036800000000,1e+75,0,10,0,0,7,1,0,1,0,0,1,0,2,0,0,0,0,4,2,0,1,-1,-1,-1,-1,0,10,-1,1,1,3,-1,-1,3,0,0,1,0,0,10,0,0,0,30.64
1,0,0,0,-1,0,1,0,0,0,0,0,-1,0,1,0,-1,2,2,2,2,3,0,-1,800,0,9223372036800000000,1e+75,0,10,0,0,7,-1,0,1,500,0,1,0,1,0,0,0,0,1,2,0,1,-1,-1,-1,-1,-1,10,-1,1,1,3,-1,-1,-1,0,0,1,0,0,10,0,0,0,29.02
1,0,0,0,-1,0,1,1,0,0,0,0,0,0,1,0,2,0,-1,1,-1,3,0,-1,150,0,9223372036800000000,1,0,10,0,0,7,0,0,1,0,0,1,1,0,0,0,0,0,0,2,0,1,-1,-1,-1,-1,0,10,-1,1,1,3,-1,-1,-1,0,0,1,0,0,10,0,0,0,23.6
1,0,0,0,-1,0,1,0,0,0,0,0,3,0,1,0,-1,-1,0,0,-1,3,0,-1,100,0,9223372036800000000,1e+75,0,10,0,0,7,-1,0,1,1000,0,1,0,3,0,0,0,0,-1,2,0,1,-1,-1,-1,-1,0,10,-1,1,1,3,-1,-1,4,0,0,1,0,0,10,0,0,0,22.46
1,0,0,0,-1,0,1,0,0,0,0,0,-1,0,1,0,0,2,2,2,2,3,0,-1,800,0,9223372036800000000,1e+75,0,10,0,0,7,-1,0,1,500,0,1,0,1,0,0,0,0,1,2,0,1,-1,-1,-1,-1,-1,10,-1,1,1,3,-1,-1,4,0,0,1,0,0,10,0,0,0,24.78
1,0,0,0,-1,0,1,5,0,0,0,0,0,0,0,2,2,1,2,2,1,3,0,-1,800,0,9223372036800000000,1e+75,0,10,0,0,7,0,0,1,0,0,1,1,2,0,0,0,0,-1,2,0,1,-1,-1,-1,-1,0,10,-1,1,1,3,-1,-1,4,0,0,1,0,0,10,0,0,0,24.09
1,0,0,0,-1,0,1,0,0,0,0,0,3,0,-1,1,1,-1,0,-1,0,3,0,-1,800,0,9223372036800000000,1e+75,0,10,0,0,7,0,0,1,1000,0,1,0,2,0,0,0,0,1,2,0,1,-1,-1,-1,-1,1,10,-1,1,1,3,-1,-1,4,0,0,1,0,0,10,0,0,0,22.02
1,0,0,0,-1,0,1,0,0,0,0,0,-1,0,1,-1,0,-1,-1,-1,-1,0,0,-1,200,0,9223372036800000000,1e+75,0,10,0,0,7,1,0,1,20,0,1,0,2,0,0,0,0,4,2,0,1,-1,-1,-1,-1,0,10,-1,1,1,3,-1,-1,4,0,0,1,4,0,10,0,0,0,16.59
1,0,0,0,-1,0,1,0,0,0,0,0,3,0,-1,1,1,-1,1,-1,2,3,0,-1,800,0,9223372036800000000,1e+75,0,10,0,0,7,0,0,1,1000,0,1,0,2,0,0,0,0,1,2,0,1,-1,-1,-1,-1,1,10,-1,1,1,3,-1,-1,4,0,0,1,0,0,10,0,0,0,22.02
1,0,0,0,-1,0,1,0,0,0,0,0,3,0,1,1,1,-1,0,-1,2,3,0,-1,800,0,9223372036800000000,1e+75,0,10,0,0,7,0,0,1,1000,0,1,0,2,0,0,0,0,1,2,0,1,-1,-1,-1,-1,1,10,-1,1,1,3,-1,-1,4,0,0,1,0,0,10,0,0,0,22.02
1,0,0,0,-1,0,1,0,0,0,0,0,1,0,1,1,-1,-1,0,-1,0,3,0,-1,200,0,9223372036800000000,1e+75,0,10,0,0,7,-1,0,1,20,0,1,0,1,0,0,0,2,-1,2,0,1,-1,-1,-1,-1,1,10,-1,1,1,3,-1,-1,-1,0,0,1,2,0,10,0,0,0,33.84
1,0,0,0,-1,0,1,0,0,0,0,0,3,0,-1,1,1,-1,0,2,2,3,0,-1,800,0,9223372036800000000,1e+75,0,10,0,0,7,0,0,1,1000,0,1,0,2,0,0,0,0,1,2,0,1,-1,-1,-1,-1,1,10,-1,1,1,3,-1,-1,4,0,0,1,0,0,10,0,0,0,22.02
1,0,0,0,-1,0,1,0,0,0,0,0,3,0,-1,1,1,-1,0,-1,-1,3,0,-1,800,0,9223372036800000000,1e+75,0,10,0,0,7,0,0,1,1000,0,1,0,2,0,0,0,0,1,2,0,1,-1,-1,-1,-1,1,10,-1,1,1,3,-1,-1,4,0,0,1,0,0,10,0,0,0,22.02
1,0,0,0,-1,0,1,0,0,0,0,0,-1,0,1,-1,0,-1,-1,-1,-1,3,0,-1,200,0,9223372036800000000,1e+75,0,10,0,0,7,1,0,1,20,0,1,0,2,0,0,6,0,4,2,0,1,-1,-1,-1,-1,0,10,-1,1,1,3,-1,-1,4,0,0,1,0,0,10,0,0,0,19
1,0,0,0,-1,0,1,0,0,0,0,0,1,0,0,1,-1,-1,2,-1,0,3,0,-1,200,0,9223372036800000000,1e+75,0,10,0,0,7,-1,0,1,20,0,1,0,1,0,0,0,4,-1,2,0,1,-1,-1,-1,-1,1,10,-1,1,1,3,-1,-1,-1,0,0,1,2,0,10,0,0,0,36.52
1,0,0,0,-1,0,1,1,0,0,0,0,0,3,1,0,2,0,-1,1,-1,3,0,-1,150,0,9223372036800000000,1e+75,0,10,0,0,7,0,0,1,0,0,1,1,0,0,0,0,0,0,2,0,1,-1,-1,-1,-1,0,10,-1,1,1,3,-1,-1,-1,0,0,1,0,0,10,0,0,0,23.6
1,0,0,0,-1,0,1,0,0,0,0,0,-1,0,0,1,2,2,-1,2,-1,3,0,-1,50,0,9223372036800000000,1e+75,0,10,0,0,7,-1,0,1,0,0,1,1,1,0,0,0,0,-1,2,0,1,-1,-1,-1,-1,-1,10,-1,1,1,3,-1,-1,-1,0,0,1,0,0,10,0,0,0,36.77
1,0,0,0,-1,0,1,0,0,0,0,0,3,0,0,2,-1,-1,1,2,0,3,0,-1,50,0,9223372036800000000,1e+75,0,10,0,0,7,1,0,1,0,0,1,1,2,0,0,0,0,-1,2,0,1,-1,-1,-1,-1,1,10,-1,1,1,3,-1,-1,3,0,0,1,0,0,10,0,0,0,27.28
1,0,0,0,-1,0,1,0,0,0,0,0,3,0,-1,-1,-1,-1,-1,0,-1,3,0,-1,200,0,9223372036800000000,1e+75,0,10,0,0,7,0,0,1,40,0,1,0,3,0,0,0,0,3,2,0,1,-1,-1,-1,-1,0,10,-1,1,1,3,-1,-1,4,0,0,1,0,0,10,0,0,0,23.92
1,0,0,0,-1,0,1,0,0,0,0,0,1,0,0,2,1,0,0,-1,-1,3,0,-1,800,0,9223372036800000000,1e+75,0,10,0,0,7,1,0,1,-1,0,1,1,0,0,0,0,0,0,2,0,1,-1,-1,-1,-1,0,10,-1,1,1,3,-1,-1,4,0,0,1,0,0,10,0,0,0,18.99
1,0,0,0,-1,0,1,1,0,0,0,0,0,0,1,0,2,0,-1,1,-1,3,0,-1,150,0,9223372036800000000,1e+75,0,10,0,0,7,0,0,1,0,0,0,1,0,0,0,0,0,0,2,0,1,-1,-1,-1,-1,0,10,-1,1,1,3,-1,-1,-1,0,0,1,0,0,10,0,0,0,23.6
1,0,0,0,-1,0,1,1,0,0,0,0,0,0,1,0,2,0,-1,1,-1,3,0,-1,150,0,9223372036800000000,1e+75,0,10,0,0,7,0,0,1,0,0,1,1,0,0,0,0,0,0,2,0,1,-1,-1,-1,-1,0,10,-1,1,1,3,-1,-1,3,0,0,1,0,0,10,0,0,0,23.6
1,0,0,0,-1,0,1,0,0,0,0,0,3,0,0,2,-1,-1,-1,-1,0,3,0,-1,50,0,9223372036800000000,1e+75,0,10,0,0,7,1,0,1,0,0,1,1,2,0,0,0,0,-1,2,0,1,-1,-1,-1,-1,1,10,-1,1,1,3,-1,-1,3,0,0,1,0,0,10,0,0,0,27.28
1,0,0,0,-1,0,1,0,0,0,0,0,3,0,0,2,1,-1,-1,2,0,3,0,-1,50,0,9223372036800000000,1e+75,0,10,0,0,7,1,0,1,0,0,1,1,2,0,0,0,0,-1,2,0,1,-1,-1,-1,-1,1,10,-1,1,1,3,-1,-1,3,0,0,1,0,0,10,0,0,0,27.28
1,0,0,0,-1,0,1,2,0,0,0,0,0,0,0,0,0,1,1,-1,0,3,0,-1,800,0,9223372036800000000,1e+75,0,10,0,0,7,0,0,1,0,0,1,1,0,0,0,0,0,0,2,0,1,-1,-1,-1,-1,0,10,-1,1,1,3,-1,-1,-1,0,0,1,0,0,10,0,0,0,33.4
1,0,0,0,-1,0,1,0,0,0,0,0,1,0,-1,1,0,-1,2,0,2,3,0,-1,800,0,9223372036800000000,1e+75,0,10,0,0,7,0,0,1,0,0,1,1,0,0,0,0,0,0,2,0,1,-1,-1,-1,-1,0,10,-1,1,1,3,-1,-1,-1,0,0,1,0,0,10,0,0,0,25.5
1,0,0,0,-1,0,1,0,0,0,0,0,3,0,-1,2,-1,-1,-1,2,0,3,0,-1,50,0,9223372036800000000,1e+75,0,10,0,0,7,1,0,1,0,0,1,1,1,0,0,0,0,-1,2,0,1,-1,-1,-1,-1,1,10,-1,1,1,3,-1,-1,3,0,0,1,0,0,10,0,0,0,25.6
1,0,0,0,-1,0,1,0,0,0,0,0,1,0,0,1,0,2,-1,2,-1,3,0,-1,10,0,9223372036800000000,1e+75,0,10,0,0,7,1,0,1,0,0,1,1,3,0,0,0,0,2,2,0,1,-1,-1,-1,-1,0,10,-1,1,1,3,-1,-1,5,0,0,1,0,0,10,0,0,0,34.07
1,0,0,0,-1,0,1,0,0,0,0,0,3,0,1,0,-1,-1,0,0,-1,3,0,-1,100,0,9223372036800000000,1e+75,0,10,0,0,7,-1,0,1,1000,0,1,0,-1,0,0,0,0,-1,2,0,1,-1,-1,-1,-1,0,10,-1,1,1,3,-1,-1,4,0,0,1,0,0,10,0,0,0,22.46
1,0,0,0,-1,0,1,3,0,0,0,0,2,0,1,1,-1,-1,0,-1,2,3,0,-1,100,0,9223372036800000000,1e+75,0,10,0,0,7,-1,0,1,20,0,1,0,2,0,0,0,0,-1,2,0,1,-1,-1,-1,-1,-1,10,-1,1,1,3,-1,-1,2,0,0,1,0,0,10,0,0,0,35.4
1,0,0,0,-1,0,1,0,0,0,0,0,-1,0,1,-1,1,-1,0,-1,0,3,0,-1,800,0,9223372036800000000,1e+75,0,10,0,0,7,1,0,1,0,0,1,1,1,0,0,0,4,1,2,0,1,-1,-1,-1,-1,-1,10,-1,1,1,3,-1,-1,4,0,0,1,5,0,10,0,0,0,20.04
1,0,0,0,-1,0,1,0,0,0,0,0,3,0,0,2,-1,-1,-1,2,0,3,0,-1,50,0,9223372036800000000,1e+75,0,10,0,0,7,1,0,1,0,0,1,1,2,0,0,0,0,-1,2,0,1,-1,-1,-1,-1,1,10,-1,1,1,3,-1,-1,3,0,0,1,0,0,10,0,0,0,27.28
1,0,0,0,-1,0,1,0,0,0,0,0,0,0,1,0,-1,-1,0,0,-1,3,0,-1,100,0,9223372036800000000,1e+75,0,10,0,0,7,-1,0,1,1000,0,1,0,-1,0,0,0,0,-1,2,0,1,-1,-1,-1,-1,0,10,-1,1,1,3,-1,-1,4,0,0,1,0,0,10,0,0,0,22.46
1,0,0,0,-1,0,1,0,0,0,0,0,-1,0,1,-1,0,-1,-1,-1,-1,3,0,-1,200,0,9223372036800000000,1e+75,0,10,0,0,7,1,0,1,20,0,1,0,2,0,0,0,2,4,2,0,1,-1,-1,-1,-1,0,10,-1,1,1,3,-1,-1,4,0,0,1,0,0,10,0,0,0,16.81
1,0,0,0,-1,0,1,0,0,0,0,0,3,0,1,2,-1,-1,0,0,-1,3,0,-1,100,0,9223372036800000000,1e+75,0,10,0,0,7,-1,0,1,1000,0,1,0,-1,0,0,0,0,-1,2,0,1,-1,-1,-1,-1,0,10,-1,1,1,3,-1,-1,4,0,0,1,0,0,10,0,0,0,22.46
1,0,0,0,-1,0,1,0,0,0,0,0,3,0,1,0,-1,-1,0,0,0,3,0,-1,100,0,9223372036800000000,1e+75,0,10,0,0,7,-1,0,1,1000,0,1,0,-1,0,0,0,0,-1,2,0,1,-1,-1,-1,-1,0,10,-1,1,1,3,-1,-1,4,0,0,1,0,0,10,0,0,0,22.46
1,0,0,0,-1,0,1,0,0,0,0,0,3,0,1,0,-1,-1,0,2,-1,3,0,-1,100,0,9223372036800000000,1e+75,0,10,0,0,7,-1,0,1,1000,0,1,0,-1,0,0,0,0,-1,2,0,1,-1,-1,-1,-1,0,10,-1,1,1,3,-1,-1,4,0,0,1,0,0,10,0,0,0,22.46
1,0,0,0,-1,0,1,0,0,0,0,0,3,0,1,0,-1,-1,0,0,-1,3,0,-1,100,0,9223372036800000000,1e+75,0,10,0,0,7,-1,0,1,1000,0,1,0,2,0,0,0,0,-1,2,0,1,-1,-1,-1,-1,0,10,-1,1,1,3,-1,-1,4,0,0,1,0,0,10,0,0,0,22.46
1,0,0,0,-1,0,1,0,0,0,0,0,3,0,0,2,1,-1,-1,2,0,3,0,-1,200,0,9223372036800000000,1e+75,0,10,0,0,7,-1,0,1,1000,0,1,0,3,0,0,0,0,-1,2,0,1,-1,-1,-1,-1,1,10,-1,1,1,3,-1,-1,0,0,0,1,0,0,10,0,0,0,43.72
1,0,0,0,-1,0,1,0,0,0,0,0,1,0,0,2,1,0,0,-1,-1,3,0,-1,25,0,9223372036800000000,1e+75,0,10,0,0,7,0,0,1,0,0,1,1,0,0,0,0,0,0,2,0,1,-1,-1,-1,-1,0,10,-1,1,1,3,-1,-1,-1,0,0,1,0,0,10,0,0,0,26.43
1,0,0,0,-1,0,1,0,0,0,0,0,3,0,1,-1,2,-1,1,-1,2,3,0,-1,200,0,9223372036800000000,1e+75,0,10,0,0,7,0,0,1,1000,0,1,0,-1,0,0,0,0,1,2,0,1,-1,-1,-1,-1,-1,10,-1,1,1,3,-1,-1,0,0,0,1,0,0,10,0,0,0,35.87
1,0,0,0,-1,0,1,0,0,0,0,0,-1,0,1,-1,0,-1,-1,-1,-1,3,0,-1,200,0,9223372036800000000,1e+75,0,10,0,0,7,1,0,1,0,0,1,0,2,0,0,0,0,4,2,0,1,-1,-1,-1,-1,0,10,-1,1,1,3,-1,-1,4,0,0,1,0,0,10,0,0,0,16.65
1,0,0,0,-1,0,1,2,0,0,0,0,0,0,0,0,0,-1,1,2,0,3,0,-1,800,0,9223372036800000000,1e+75,0,10,0,0,7,0,0,1,0,0,1,1,0,0,0,0,0,0,2,0,1,-1,-1,-1,-1,0,10,-1,1,1,3,-1,-1,-1,0,0,1,0,0,10,0,0,0,25.5
1,0,0,0,-1,0,1,0,0,0,0,0,-1,0,0,2,1,0,0,-1,-1,3,0,-1,10,0,9223372036800000000,1e+75,0,10,0,0,7,1,0,1,-1,0,1,1,0,0,0,0,0,0,2,0,1,-1,-1,-1,-1,0,10,-1,1,1,3,-1,-1,4,0,0,1,0,0,10,0,0,0,17.53
1,0,0,0,-1,0,1,0,0,0,0,0,1,0,1,1,-1,-1,2,-1,0,3,0,-1,200,0,9223372036800000000,1e+75,0,10,0,0,7,-1,0,1,20,0,1,0,1,0,0,0,4,-1,2,0,1,-1,-1,-1,-1,1,10,-1,1,1,3,-1,-1,-1,0,0,1,2,0,10,0,0,0,36.52
1,0,0,0,-1,0,1,0,0,0,0,0,1,0,0,2,1,0,0,-1,-1,3,0,-1,100,0,9223372036800000000,1e+75,0,10,0,0,7,0,0,1,0,0,1,1,0,0,0,0,0,0,2,0,1,-1,-1,-1,-1,0,10,-1,1,1,3,-1,-1,-1,0,0,1,0,0,10,0,0,0,32.02
1,0,0,0,-1,0,1,0,0,0,0,0,1,0,-1,-1,-1,-1,-1,0,-1,3,0,-1,200,0,9223372036800000000,1e+75,0,10,0,0,7,0,0,1,40,0,1,0,0,0,0,0,0,3,2,0,1,-1,-1,-1,-1,0,10,-1,1,1,3,-1,-1,4,0,0,1,0,0,10,0,0,0,23.92
1,0,0,0,-1,0,1,0,0,0,0,0,-1,0,1,-1,0,-1,-1,-1,-1,3,0,-1,200,0,9223372036800000000,1e+75,0,10,0,0,7,1,0,1,0,0,1,0,2,0,0,0,0,4,2,0,1,-1,-1,-1,-1,1,10,-1,1,1,3,-1,-1,4,0,0,1,0,0,10,0,0,0,19.44
1,0,0,0,-1,0,1,0,0,0,0,0,3,0,-1,1,1,-1,0,-1,2,3,0,-1,800,0,9223372036800000000,1e+75,0,10,0,0,7,-1,0,1,1000,0,1,0,2,0,0,0,0,1,2,0,1,-1,-1,-1,-1,1,10,-1,1,1,3,-1,-1,4,0,0,1,0,0,10,0,0,0,21.04
1,0,0,0,-1,0,1,0,0,0,0,0,1,0,-1,-1,-1,-1,-1,0,-1,3,0,-1,200,0,9223372036800000000,1e+75,0,10,0,0,7,0,0,1,40,0,1,0,1,0,0,0,0,3,2,0,1,-1,-1,-1,-1,0,10,-1,1,1,3,-1,-1,4,0,0,1,0,0,10,0,0,0,23.92
1,0,0,0,-1,0,1,0,0,0,0,0,1,0,-1,-1,-1,-1,-1,0,-1,3,0,-1,200,0,9223372036800000000,1e+75,0,10,0,0,7,-1,0,1,40,0,1,0,0,0,0,0,0,3,2,0,1,-1,-1,-1,-1,0,10,-1,1,1,3,-1,-1,4,0,0,1,0,0,10,0,0,0,23.39
1,0,0,0,-1,0,1,2,0,0,0,0,0,0,0,0,0,2,1,-1,0,3,0,-1,200,0,9223372036800000000,1e+75,0,10,0,0,7,0,0,1,0,0,1,1,0,0,0,0,0,0,2,0,1,-1,-1,-1,-1,0,10,-1,1,1,3,-1,-1,-1,0,0,1,0,0,10,0,0,0,28.1
1,0,0,0,-1,0,1,0,0,0,0,0,2,0,1,1,-1,-1,2,-1,0,3,0,-1,200,0,9223372036800000000,1e+75,0,10,0,0,7,-1,0,1,20,0,1,0,1,0,0,0,2,-1,2,0,1,-1,-1,-1,-1,1,10,-1,1,1,3,-1,-1,-1,0,0,1,2,0,10,0,0,0,33.84
1,0,0,0,-1,0,1,1,0,0,0,0,0,0,1,0,2,0,-1,1,-1,3,0,-1,150,0,9223372036800000000,120,0,10,0,0,7,0,0,1,0,0,1,1,0,0,0,0,0,0,2,0,1,-1,-1,-1,-1,0,10,-1,1,1,3,-1,-1,-1,0,0,1,0,0,10,0,0,0,23.6
1,0,0,0,-1,0,1,0,0,0,0,0,-1,0,1,2,2,0,1,-1,2,3,0,-1,800,0,9223372036800000000,1e+75,0,10,0,0,7,1,0,1,-1,0,1,0,1,0,0,0,1,0,2,0,1,-1,-1,-1,-1,-1,10,-1,1,1,3,-1,-1,4,0,0,1,0,0,10,0,0,0,26.26
1,0,0,0,-1,0,1,0,0,0,0,0,3,0,-1,1,0,-1,-1,2,0,3,0,-1,100,0,9223372036800000000,1e+75,0,10,0,0,7,-1,0,1,0,0,1,1,0,0,0,0,0,4,2,0,1,-1,-1,-1,-1,0,10,-1,1,1,3,-1,-1,-1,0,0,1,0,0,10,0,0,0,35.83
1,0,0,0,-1,0,1,1,0,0,0,0,0,0,1,0,2,0,-1,1,-1,3,0,-1,150,0,9223372036800000000,1e+75,0,10,0,0,7,0,2,1,0,0,1,1,0,0,0,0,0,0,2,0,1,-1,-1,-1,-1,0,10,-1,1,1,3,-1,-1,-1,0,0,1,0,0,10,0,0,0,27.64
1,0,0,0,-1,0,1,0,0,0,0,0,1,0,-1,-1,-1,-1,-1,0,-1,3,0,-1,200,0,9223372036800000000,1e+75,0,10,0,0,7,-1,0,1,40,0,1,0,3,0,0,0,0,3,2,0,1,-1,-1,-1,-1,0,10,-1,1,1,3,-1,-1,0,0,0,1,0,0,10,0,0,0,43.53
1,0,0,0,-1,0,1,0,0,0,0,0,3,0,-1,1,0,-1,-1,2,0,3,0,-1,100,0,9223372036800000000,1e+75,0,10,0,0,7,0,0,1,0,0,1,1,0,0,0,0,0,4,2,0,1,-1,-1,-1,-1,0,10,-1,1,1,3,-1,-1,-1,0,0,1,0,0,10,0,0,0,25.5
1,0,0,0,-1,0,1,0,0,0,0,0,1,0,-1,-1,-1,-1,-1,1,-1,3,0,-1,200,0,9223372036800000000,1e+75,0,10,0,0,7,-1,0,1,40,0,1,0,3,0,0,0,0,3,2,0,1,-1,-1,-1,-1,0,10,-1,1,1,3,-1,-1,4,0,0,1,0,0,10,0,0,0,23.32
1,0,0,0,-1,0,1,1,0,0,0,0,0,0,1,0,2,0,-1,1,-1,3,0,-1,150,0,9223372036800000000,1e+75,0,10,0,0,7,0,0,1,0,0,1,1,0,2,0,0,0,0,2,0,1,-1,-1,-1,-1,0,10,-1,1,1,3,-1,-1,-1,0,0,1,0,0,10,0,0,0,23.6
1,0,0,0,-1,0,1,0,0,0,0,0,-1,0,1,-1,0,-1,-1,-1,-1,3,0,-1,200,0,9223372036800000000,1e+75,0,10,0,0,7,1,0,1,20,0,1,0,2,0,0,1,0,4,2,0,1,-1,-1,-1,-1,0,10,-1,1,1,3,-1,-1,4,0,0,1,0,0,10,0,0,0,19.32
1,0,0,0,-1,0,1,2,0,0,0,0,0,0,0,0,-1,-1,1,-1,0,3,0,-1,800,0,9223372036800000000,1e+75,0,10,0,0,7,0,0,1,0,0,1,1,0,0,0,0,0,0,2,0,1,-1,-1,-1,-1,0,10,-1,1,1,3,-1,-1,-1,0,0,1,0,0,10,0,0,0,25.5
1,0,0,0,-1,0,1,0,0,0,0,0,-1,0,1,-1,0,-1,-1,-1,-1,3,0,-1,200,0,9223372036800000000,1e+75,0,10,0,0,7,1,0,1,20,0,1,0,2,0,0,2,0,4,2,0,1,-1,-1,-1,-1,0,10,-1,1,1,3,-1,-1,4,0,0,1,0,0,10,0,0,0,18.24
1,0,0,0,-1,0,1,0,0,0,0,0,-1,0,1,-1,0,-1,-1,-1,-1,3,0,-1,200,0,9223372036800000000,1e+75,0,10,0,0,7,1,0,1,20,0,1,0,2,0,0,3,0,4,2,0,1,-1,-1,-1,-1,0,10,-1,1,1,3,-1,-1,4,0,0,1,0,0,10,0,0,0,20.92
1,0,0,0,-1,0,1,0,0,0,0,0,-1,0,1,-1,0,-1,-1,-1,-1,3,0,-1,200,0,9223372036800000000,1e+75,0,10,0,0,7,1,0,1,20,0,1,0,2,0,0,5,0,4,2,0,1,-1,-1,-1,-1,0,10,-1,1,1,3,-1,-1,4,0,0,1,0,0,10,0,0,0,17.94
1,0,0,0,-1,0,1,0,0,0,0,0,-1,0,1,-1,0,-1,-1,-1,-1,3,0,-1,200,0,9223372036800000000,1e+75,0,10,0,0,7,1,0,1,20,0,1,0,2,0,0,0,4,4,2,0,1,-1,-1,-1,-1,0,10,-1,1,1,3,-1,-1,4,0,0,1,0,0,10,0,0,0,19.31
1,0,0,0,-1,0,1,0,0,0,0,0,1,0,0,2,1,0,2,-1,-1,3,0,-1,10,0,9223372036800000000,1e+75,0,10,0,0,7,0,0,1,0,0,1,1,0,0,0,0,0,0,2,0,1,-1,-1,-1,-1,0,10,-1,1,1,3,-1,-1,-1,0,0,1,0,0,10,0,0,0,25.5
1,0,0,0,-1,0,1,0,0,0,0,0,-1,0,1,0,-1,-1,0,-1,1,3,0,-1,25,0,9223372036800000000,1e+75,0,10,0,0,7,-1,0,1,-1,0,1,0,2,0,0,0,0,-1,2,0,1,-1,-1,-1,-1,0,10,-1,1,1,3,-1,-1,0,0,0,1,0,0,10,0,0,0,1.79769e+308
1,0,0,0,-1,0,1,0,0,0,0,0,1,0,0,2,1,0,0,-1,-1,3,0,-1,10,0,9223372036800000000,1e+75,0,10,0,0,7,1,0,1,500,0,1,1,0,0,0,0,0,0,2,0,1,-1,-1,-1,-1,0,10,-1,1,1,3,-1,-1,4,0,0,1,0,0,10,0,0,0,21.34
1,0,0,0,-1,0,1,0,0,0,0,0,1,0,0,2,1,0,0,-1,-1,3,0,-1,50,0,9223372036800000000,1e+75,0,10,0,0,7,1,0,1,-1,0,1,1,0,0,0,0,0,0,2,0,1,-1,-1,-1,-1,0,10,-1,1,1,3,-1,-1,4,0,0,1,0,0,10,0,0,0,17.53
1,0,0,0,-1,0,1,0,0,0,0,0,1,0,0,2,1,0,0,-1,-1,3,0,-1,10,0,9223372036800000000,1e+75,0,10,0,0,7,0,0,1,0,0,1,1,0,0,0,0,0,0,2,0,1,-1,-1,-1,-1,0,10,-1,1,1,3,-1,-1,0,0,0,1,0,0,10,0,0,0,35.97
1,0,0,0,-1,0,1,0,0,0,0,0,1,0,0,2,1,0,0,-1,-1,3,0,-1,100,0,9223372036800000000,1e+75,0,10,0,0,7,1,0,1,-1,0,1,1,0,0,0,0,0,0,2,0,1,-1,-1,-1,-1,0,10,-1,1,1,3,-1,-1,4,0,0,1,0,0,10,0,0,0,17.53
1,0,0,0,-1,0,1,0,0,0,0,0,2,0,1,1,-1,-1,-1,-1,0,3,0,-1,400,0,9223372036800000000,1e+75,0,10,0,0,7,1,0,1,0,0,1,1,0,0,0,0,0,1,2,0,1,-1,-1,-1,-1,0,10,-1,1,1,3,-1,-1,-1,0,0,1,0,0,10,0,0,0,27.19
1,0,0,0,-1,0,1,0,0,0,0,0,1,0,1,1,-1,-1,2,-1,0,3,0,-1,200,0,9223372036800000000,1e+75,0,10,0,0,7,-1,0,1,20,0,1,0,1,0,0,0,2,-1,2,0,1,-1,-1,-1,-1,-1,10,-1,1,1,3,-1,-1,-1,0,0,1,2,0,10,0,0,0,33.19
1,0,0,0,-1,0,1,0,0,0,0,0,1,0,0,2,1,0,0,-1,-1,3,0,-1,10,0,9223372036800000000,1e+75,0,10,0,0,7,1,0,1,20,0,1,1,0,0,0,0,0,0,2,0,1,-1,-1,-1,-1,0,10,-1,1,1,3,-1,-1,4,0,0,1,0,0,10,0,0,0,18.96
1,0,0,0,-1,0,1,0,0,0,0,0,2,0,0,1,1,-1,2,1,0,3,0,-1,200,0,9223372036800000000,1e+75,0,10,0,0,7,1,0,1,40,0,1,1,1,0,0,0,5,3,2,0,1,-1,-1,-1,-1,-1,10,-1,1,1,3,-1,-1,2,0,0,1,0,0,10,0,0,0,44.99
1,0,0,0,-1,0,1,0,0,0,0,0,1,0,0,2,1,0,-1,-1,-1,3,0,-1,10,0,9223372036800000000,1e+75,0,10,0,0,7,1,0,1,-1,0,1,1,0,0,0,0,0,0,2,0,1,-1,-1,-1,-1,0,10,-1,1,1,3,-1,-1,4,0,0,1,0,0,10,0,0,0,17.53
1,0,0,0,-1,0,1,0,0,0,0,0,1,0,0,2,1,0,0,-1,-1,3,0,-1,10,0,9223372036800000000,1e+75,0,10,0,0,7,1,0,1,-1,0,1,1,2,0,0,0,0,0,2,0,1,-1,-1,-1,-1,0,10,-1,1,1,3,-1,-1,4,0,0,1,0,0,10,0,0,0,18.62
1,0,0,0,-1,0,1,0,0,0,0,0,1,0,0,2,1,0,2,-1,-1,3,0,-1,10,0,9223372036800000000,1e+75,0,10,0,0,7,1,0,1,-1,0,1,1,0,0,0,0,0,0,2,0,1,-1,-1,-1,-1,0,10,-1,1,1,3,-1,-1,4,0,0,1,0,0,10,0,0,0,17.53
1,0,0,0,-1,0,1,0,0,0,0,0,3,0,0,1,-1,2,1,-1,-1,3,0,-1,50,0,9223372036800000000,1e+75,0,10,0,0,7,-1,0,1,20,0,1,1,0,0,0,0,0,1,2,0,1,-1,-1,-1,-1,1,10,-1,1,1,3,-1,-1,3,0,0,1,5,0,10,0,0,0,39.73
1,0,0,0,-1,2,1,0,0,0,0,0,-1,0,1,-1,0,-1,-1,-1,-1,3,0,-1,200,0,9223372036800000000,1e+75,0,10,0,0,7,1,0,1,20,0,1,0,2,0,0,0,0,4,2,0,1,-1,-1,-1,-1,0,10,-1,1,1,3,-1,-1,4,0,0,1,4,0,10,0,0,0,16.59
1,0,0,0,-1,0,1,0,0,0,0,0,3,0,0,0,2,-1,0,1,2,3,0,-1,800,0,9223372036800000000,1e+75,0,10,0,0,7,-1,0,1,0,0,1,1,1,0,0,0,0,1,2,0,1,-1,-1,-1,-1,-1,10,-1,1,1,3,-1,-1,3,0,0,1,2,0,10,0,0,0,43.51
1,0,0,0,-1,0,1,0,0,0,0,0,-1,0,1,-1,1,-1,0,-1,1,3,0,-1,800,0,9223372036800000000,1e+75,0,10,0,0,7,1,0,1,0,0,1,1,1,0,0,0,4,1,2,0,1,-1,-1,-1,-1,-1,10,-1,1,1,3,-1,-1,-1,0,0,1,4,0,10,0,0,0,25.34
1,0,0,0,-1,0,1,0,0,0,0,0,2,0,1,1,1,1,1,1,2,3,0,-1,400,0,9223372036800000000,1e+75,0,10,0,0,7,-1,0,1,20,0,1,0,-1,0,0,0,2,1,2,0,1,-1,-1,-1,-1,-1,10,-1,1,1,3,-1,-1,-1,0,0,1,4,0,10,0,0,0,28.02
1,0,0,0,-1,0,1,5,0,0,0,0,0,0,0,1,2,1,2,2,1,3,0,-1,800,0,9223372036800000000,1e+75,0,10,0,0,7,0,0,1,0,0,1,1,1,0,0,0,0,1,2,0,1,-1,-1,-1,-1,0,10,-1,1,1,3,-1,-1,4,0,0,1,0,0,10,0,0,0,22.46
1,0,0,0,-1,0,1,0,0,0,0,0,2,0,1,-1,1,-1,0,-1,0,3,0,-1,800,0,9223372036800000000,1e+75,0,10,0,0,7,1,0,1,0,0,1,1,1,0,0,0,4,1,2,0,1,-1,-1,-1,-1,-1,10,-1,1,1,3,-1,-1,-1,0,0,1,4,0,10,0,0,0,24.05
1,0,0,0,-1,0,1,1,0,0,0,0,0,0,1,0,2,0,-1,1,-1,3,0,-1,150,0,9223372036800000000,1e+75,0,10,0,0,7,0,0,1,0,0,1,1,0,0,0,0,0,1,2,0,1,-1,-1,-1,-1,0,10,-1,1,1,3,-1,-1,-1,0,0,1,0,0,10,0,0,0,26.93
1,0,0,0,-1,0,1,0,0,0,0,0,-1,0,1,-1,1,-1,0,-1,0,3,0,-1,800,0,9223372036800000000,1e+75,0,10,0,0,7,-1,0,1,0,0,1,1,1,0,0,0,4,1,2,0,1,-1,-1,-1,-1,-1,10,-1,1,1,3,-1,-1,-1,0,0,1,5,0,10,0,0,0,35.81
1,0,0,0,-1,0,1,0,0,0,0,0,-1,0,1,2,1,-1,0,-1,0,3,0,-1,800,0,9223372036800000000,1e+75,0,10,0,0,7,1,0,1,0,0,1,1,1,0,0,0,4,1,2,0,1,-1,-1,-1,-1,-1,10,-1,1,1,3,-1,-1,-1,0,0,1,5,0,10,0,0,0,24.03
1,0,0,0,-1,0,1,0,0,0,0,0,-1,0,1,-1,1,-1,0,-1,0,3,0,-1,800,0,9223372036800000000,1e+75,0,10,0,0,7,1,0,1,0,0,1,1,3,0,0,0,4,1,2,0,1,-1,-1,-1,-1,-1,10,-1,1,1,3,-1,-1,-1,0,0,1,5,0,10,0,0,0,25.43
1,0,0,0,-1,0,1,0,0,0,0,0,-1,0,1,-1,1,-1,2,-1,0,3,0,-1,800,0,9223372036800000000,1e+75,0,10,0,0,7,1,0,1,0,0,1,1,1,0,0,0,4,1,2,0,1,-1,-1,-1,-1,-1,10,-1,1,1,3,-1,-1,4,0,0,1,5,0,10,0,0,0,20.04
1,0,0,0,-1,0,1,3,0,0,0,0,0,0,1,0,1,0,-1,1,-1,3,0,-1,150,0,9223372036800000000,1e+75,0,10,0,0,7,0,0,1,0,0,1,1,0,0,0,0,0,0,2,0,1,-1,-1,-1,-1,0,10,-1,1,1,3,-1,-1,-1,0,0,1,0,0,10,0,0,0,29.31
1,0,0,0,-1,0,1,0,0,0,0,0,-1,0,1,-1,1,-1,0,-1,0,3,0,-1,800,0,9223372036800000000,1e+75,0,10,0,0,7,1,0,1,20,0,1,1,1,0,0,0,4,1,2,0,1,-1,-1,-1,-1,-1,10,-1,1,1,3,-1,-1,4,0,0,1,5,0,10,0,0,0,20.04
1,0,0,0,-1,0,1,0,0,0,0,0,-1,0,1,-1,1,-1,0,-1,1,3,0,-1,800,0,9223372036800000000,1e+75,0,10,0,0,7,1,0,1,0,0,1,1,1,0,0,0,4,1,2,0,1,-1,-1,-1,-1,-1,10,-1,1,1,3,-1,-1,4,0,0,1,5,0,10,0,0,0,20.04
1,0,0,0,-1,0,1,0,0,0,0,0,2,0,1,2,0,1,0,1,-1,3,0,-1,150,0,9223372036800000000,1e+75,0,10,0,0,7,1,0,1,100,0,1,0,-1,0,0,0,3,-1,2,0,1,-1,-1,-1,-1,1,10,-1,1,1,3,-1,-1,-1,0,0,1,4,0,10,0,0,0,43.44
1,0,0,0,-1,0,1,0,0,0,0,0,1,0,1,1,-1,-1,2,-1,0,3,0,-1,200,0,9223372036800000000,1e+75,0,10,0,0,7,-1,0,1,20,0,1,0,3,0,0,0,4,-1,2,0,1,-1,-1,-1,-1,1,10,-1,1,1,3,-1,-1,-1,0,0,1,2,0,10,0,0,0,36.52
1,0,0,0,-1,0,1,0,0,0,0,0,1,0,1,1,-1,-1,2,-1,0,3,0,-1,200,0,9223372036800000000,1e+75,0,10,0,0,7,-1,0,1,0,0,1,0,1,0,0,0,4,-1,2,0,1,-1,-1,-1,-1,1,10,-1,1,1,3,-1,-1,-1,0,0,1,2,0,10,0,0,0,36.52
1,0,0,0,-1,0,1,1,0,0,0,0,0,0,1,0,2,0,-1,1,-1,3,0,4,150,0,9223372036800000000,1e+75,0,10,0,0,7,0,0,1,0,0,1,1,0,0,0,0,0,0,2,0,1,-1,-1,-1,-1,0,10,-1,1,1,3,-1,-1,-1,0,0,1,0,0,10,0,0,0,23.6
1,0,0,0,-1,0,1,0,0,0,0,0,1,0,1,1,-1,-1,2,-1,0,3,0,-1,200,0,9223372036800000000,1e+75,0,10,0,0,7,-1,0,1,20,0,1,0,1,0,0,0,2,-1,2,0,1,-1,-1,-1,-1,1,10,-1,1,1,3,-1,-1,-1,0,0,1,2,0,10,0,0,0,33.84
1,0,0,0,-1,0,1,0,0,0,0,0,1,0,1,1,-1,-1,1,-1,0,3,0,-1,200,0,9223372036800000000,1e+75,0,10,0,0,7,-1,0,1,20,0,1,0,1,0,0,0,4,-1,2,0,1,-1,-1,-1,-1,1,10,-1,1,1,3,-1,-1,-1,0,0,1,2,0,10,0,0,0,36.52
1,0,0,0,-1,0,1,0,0,0,0,0,1,0,1,2,-1,-1,2,-1,0,3,0,-1,200,0,9223372036800000000,1e+75,0,10,0,0,7,-1,0,1,20,0,1,0,1,0,0,0,2,-1,2,0,1,-1,-1,-1,-1,1,10,-1,1,1,3,-1,-1,-1,0,0,1,2,0,10,0,0,0,33.84
1,0,0,0,-1,0,1,1,0,0,0,0,0,0,1,0,2,0,-1,0,-1,3,0,-1,150,0,9223372036800000000,1e+75,0,10,0,0,7,0,0,1,0,0,1,1,0,0,0,0,0,0,2,0,1,-1,-1,-1,-1,0,10,-1,1,1,3,-1,-1,-1,0,0,1,0,0,10,0,0,0,23.6
1,0,0,0,-1,0,1,0,0,0,0,0,1,0,1,1,-1,-1,2,-1,0,3,0,-1,200,0,9223372036800000000,1e+75,0,10,0,0,7,-1,0,1,20,0,1,0,1,0,0,0,2,-1,2,0,1,-1,-1,-1,-1,1,10,-1,1,1,3,-1,-1,-1,0,0,1,3,0,10,0,0,0,37.18
1,0,0,0,-1,0,1,0,0,0,0,0,1,0,1,1,-1,-1,2,-1,0,3,0,-1,200,0,9223372036800000000,1e+75,0,10,0,0,7,-1,0,1,40,0,1,0,1,0,0,0,2,-1,2,0,1,-1,-1,-1,-1,1,10,-1,1,1,3,-1,-1,-1,0,0,1,2,0,10,0,0,0,33.84
1,0,0,0,-1,0,1,5,0,0,0,0,0,0,0,2,2,1,2,2,1,3,0,-1,100,0,9223372036800000000,1e+75,0,10,0,0,7,0,0,1,0,0,1,1,1,0,0,0,0,-1,2,0,1,-1,-1,-1,-1,0,10,-1,1,1,3,-1,-1,4,0,0,1,0,0,10,0,0,0,24.09
1,0,0,0,-1,0,1,0,0,0,0,0,1,0,1,1,1,1,1,1,2,3,0,-1,400,0,9223372036800000000,1e+75,0,10,0,0,7,-1,0,1,20,0,1,0,-1,0,0,0,2,1,2,0,1,-1,-1,-1,-1,-1,10,-1,1,1,3,-1,-1,0,0,0,1,4,0,10,0,0,0,30.32
1,0,0,0,-1,0,1,0,0,0,0,0,1,0,0,2,1,0,0,-1,-1,3,0,-1,10,0,9223372036800000000,1e+75,0,10,0,0,7,1,0,1,-1,0,1,1,0,0,0,0,0,0,2,0,1,-1,-1,-1,-1,-1,10,-1,1,1,3,-1,-1,4,0,0,1,0,0,10,0,0,0,17.53
1,0,0,0,-1,0,1,0,0,0,0,0,1,0,1,1,1,1,1,1,2,3,0,-1,400,0,9223372036800000000,1e+75,0,10,0,0,7,-1,0,1,20,0,1,0,-1,0,0,0,0,1,2,0,1,-1,-1,-1,-1,-1,10,-1,1,1,3,-1,-1,0,0,0,1,4,0,10,0,0,0,31.72
1,0,0,0,-1,0,1,2,0,0,0,0,-1,0,1,1,2,2,1,0,-1,3,0,-1,400,0,9223372036800000000,1e+75,0,10,0,0,7,0,0,1,0,0,1,1,0,0,0,0,0,0,2,0,1,-1,-1,-1,-1,0,10,-1,1,1,3,-1,-1,-1,0,0,1,0,0,10,0,0,0,32.84
1,0,0,0,-1,0,1,0,0,0,0,0,1,0,0,2,1,0,0,-1,2,3,0,-1,10,0,9223372036800000000,1e+75,0,10,0,0,7,0,0,1,0,0,1,1,0,0,0,0,0,0,2,0,1,-1,-1,-1,-1,0,10,-1,1,1,3,-1,-1,-1,0,0,1,0,0,10,0,0,0,25.5
1,0,0,0,-1,0,1,0,0,0,0,0,1,0,0,2,1,1,0,-1,-1,3,0,-1,10,0,9223372036800000000,1e+75,0,10,0,0,7,0,0,1,0,0,1,1,0,0,0,0,0,0,2,0,1,-1,-1,-1,-1,0,10,-1,1,1,3,-1,-1,-1,0,0,1,0,0,10,0,0,0,25.5
1,0,0,0,-1,0,1,0,0,0,0,0,1,0,1,1,1,1,1,1,2,3,0,-1,150,0,9223372036800000000,1e+75,0,10,0,0,7,-1,0,1,20,0,1,0,-1,0,0,0,2,1,2,0,1,-1,-1,-1,-1,-1,10,-1,1,1,3,-1,-1,0,0,0,1,4,0,10,0,0,0,33.21
1,0,0,0,-1,0,1,0,0,0,0,0,-1,0,1,1,1,1,1,1,2,3,0,-1,400,0,9223372036800000000,1e+75,0,10,0,0,7,-1,0,1,20,0,1,0,-1,0,0,0,2,1,2,0,1,-1,-1,-1,-1,-1,10,-1,1,1,3,-1,-1,0,0,0,1,4,0,10,0,0,0,30.32
1,0,0,0,-1,0,1,4,0,0,0,0,-1,0,0,1,1,0,1,-1,-1,3,0,-1,200,0,9223372036800000000,1e+75,0,10,0,0,7,1,0,1,40,0,1,1,0,0,0,0,3,3,2,0,1,-1,-1,-1,-1,0,10,-1,1,1,3,-1,-1,2,0,0,1,3,0,10,0,0,0,47.13
1,0,0,0,-1,0,1,0,0,0,0,0,1,0,0,1,1,1,1,1,2,3,0,-1,400,0,9223372036800000000,1e+75,0,10,0,0,7,-1,0,1,20,0,1,0,-1,0,0,0,2,1,2,0,1,-1,-1,-1,-1,-1,10,-1,1,1,3,-1,-1,0,0,0,1,4,0,10,0,0,0,30.32
1,0,0,0,-1,0,1,2,0,0,0,0,0,0,1,0,2,0,-1,1,-1,3,0,-1,150,0,9223372036800000000,1e+75,0,10,0,0,7,0,0,1,0,0,1,1,0,0,0,0,0,0,2,0,1,-1,-1,-1,-1,0,10,-1,1,1,3,-1,-1,-1,0,0,1,0,0,10,0,0,0,32.02
1,0,0,0,-1,0,1,0,0,0,0,0,3,0,-1,-1,-1,-1,-1,0,-1,3,0,-1,200,0,9223372036800000000,1e+75,0,10,0,0,7,0,0,1,40,0,1,0,3,0,0,0,0,3,2,0,1,-1,-1,-1,-1,-1,10,-1,1,1,3,-1,-1,4,0,0,1,0,0,10,0,0,0,23.92
1,0,0,0,-1,0,1,0,0,0,0,0,1,0,1,1,1,1,1,1,2,3,0,-1,400,0,9223372036800000000,1e+75,0,10,0,0,7,-1,0,1,20,0,1,0,-1,0,0,0,2,1,2,0,1,-1,-1,-1,-1,-1,10,-1,1,1,3,-1,-1,0,0,0,1,1,0,10,0,0,0,68.42
1,0,0,0,-1,0,1,0,0,0,0,0,1,0,1,1,1,1,1,1,2,3,0,-1,400,0,9223372036800000000,1e+75,0,10,0,0,7,-1,0,1,20,0,1,0,-1,0,0,0,2,1,2,0,1,-1,-1,-1,-1,-1,10,-1,1,1,3,-1,-1,-1,0,0,1,4,0,10,0,0,0,28.02
1,0,0,0,-1,0,1,0,0,0,0,0,1,0,1,1,1,1,-1,1,2,3,0,-1,400,0,9223372036800000000,1e+75,0,10,0,0,7,-1,0,1,20,0,1,0,-1,0,0,0,2,1,2,0,1,-1,-1,-1,-1,-1,10,-1,1,1,3,-1,-1,-1,0,0,1,4,0,10,0,0,0,28.02
1,0,0,0,-1,0,1,0,0,0,0,0,-1,0,1,2,2,-1,1,-1,1,3,0,-1,150,0,9223372036800000000,1e+75,0,10,0,0,7,-1,0,1,-1,0,1,0,3,0,0,0,2,0,2,0,1,-1,-1,-1,-1,1,10,-1,1,1,3,-1,-1,3,0,0,1,3,0,10,0,0,0,74.63
1,0,0,0,-1,0,1,3,0,0,0,0,3,0,1,2,1,-1,2,2,2,3,0,-1,800,0,9223372036800000000,1e+75,0,10,0,0,7,0,0,1,0,0,1,1,0,0,0,0,0,0,2,0,1,-1,-1,-1,-1,0,10,-1,1,1,3,-1,-1,-1,0,0,1,0,0,10,0,0,0,33.23
1,0,0,0,-1,0,1,0,0,0,0,0,-1,0,1,2,1,0,1,-1,2,3,0,-1,150,0,9223372036800000000,1e+75,0,10,0,0,7,1,0,1,-1,0,1,0,1,0,0,0,4,0,2,0,1,-1,-1,-1,-1,-1,10,-1,1,1,3,-1,-1,1,0,0,1,0,0,10,0,0,0,31.88
1,0,0,0,-1,0,1,0,0,0,0,0,1,0,0,2,1,0,0,-1,-1,3,0,-1,10,0,9223372036800000000,1e+75,0,10,0,0,7,0,0,1,40,0,1,1,0,0,0,0,0,0,2,0,1,-1,-1,-1,-1,0,10,-1,1,1,3,-1,-1,4,0,0,1,0,0,10,0,0,0,20.27
1,0,0,0,-1,0,1,0,0,0,0,0,-1,0,1,2,2,0,1,-1,2,3,0,-1,800,0,9223372036800000000,1e+75,0,10,0,0,7,1,0,1,-1,0,1,0,1,0,0,0,4,0,2,0,1,-1,-1,-1,-1,-1,10,-1,1,1,3,-1,-1,4,0,0,1,0,0,10,0,0,0,21.99
1,0,0,0,-1,0,1,0,0,0,0,0,-1,0,1,2,2,0,1,-1,2,3,0,-1,800,0,9223372036800000000,1e+75,0,10,0,0,7,1,0,1,-1,0,1,0,0,0,0,0,4,0,2,0,1,-1,-1,-1,-1,-1,10,-1,1,1,3,-1,-1,1,0,0,1,0,0,10,0,0,0,32.33
1,0,0,0,-1,0,1,0,0,0,0,0,-1,0,1,2,2,0,1,-1,2,3,0,-1,800,0,9223372036800000000,1e+75,0,10,0,0,7,1,0,1,40,0,1,0,1,0,0,0,4,0,2,0,1,-1,-1,-1,-1,-1,10,-1,1,1,3,-1,-1,4,0,0,1,0,0,10,0,0,0,19.5
1,0,0,0,-1,0,1,0,0,0,0,0,-1,0,1,0,2,0,1,-1,2,3,0,-1,800,0,9223372036800000000,1e+75,0,10,0,0,7,1,0,1,-1,0,1,0,1,0,0,0,4,0,2,0,1,-1,-1,-1,-1,-1,10,-1,1,1,3,-1,-1,4,0,0,1,0,0,10,0,0,0,21.99
1,0,0,0,-1,0,1,0,0,0,0,0,-1,0,0,2,2,0,1,-1,2,3,0,-1,25,0,9223372036800000000,1e+75,0,10,0,0,7,1,0,1,-1,0,1,0,1,0,0,0,4,0,2,0,1,-1,-1,-1,-1,-1,10,-1,1,1,3,-1,-1,4,0,0,1,0,0,10,0,0,0,19.27
1,0,0,0,-1,0,1,0,0,0,0,0,-1,0,1,2,2,0,1,-1,2,3,0,-1,25,0,9223372036800000000,1e+75,0,10,0,0,7,1,0,1,0,0,1,0,1,0,0,0,4,0,2,0,1,-1,-1,-1,-1,-1,10,-1,1,1,3,-1,-1,4,0,0,1,0,0,10,0,0,0,20.64
1,0,0,0,-1,0,1,0,0,0,0,0,-1,0,1,2,2,0,1,-1,0,3,0,-1,25,0,9223372036800000000,1e+75,0,10,0,0,7,1,0,1,-1,0,1,0,1,0,0,0,4,0,2,0,1,-1,-1,-1,-1,-1,10,-1,1,1,3,-1,-1,4,0,0,1,0,0,10,0,0,0,19.27
1,0,0,0,-1,0,1,0,0,0,0,0,-1,0,1,2,2,0,1,-1,2,3,0,-1,150,0,9223372036800000000,1e+75,0,10,0,0,7,1,0,1,-1,0,1,0,1,0,0,0,4,0,2,0,1,-1,-1,-1,-1,-1,10,-1,1,1,3,-1,-1,1,0,0,1,0,0,10,0,0,0,31.88
1,0,0,0,-1,0,1,0,0,0,0,0,-1,0,1,2,2,0,-1,-1,2,3,0,-1,25,0,9223372036800000000,1e+75,0,10,0,0,7,1,0,1,-1,0,1,0,1,0,0,0,4,0,2,0,1,-1,-1,-1,-1,-1,10,-1,1,1,3,-1,-1,4,0,0,1,0,0,10,0,0,0,19.27
1,0,0,0,-1,0,1,0,0,0,0,0,3,0,0,2,-1,-1,-1,2,0,3,0,-1,50,0,9223372036800000000,1e+75,0,10,0,0,7,1,0,1,0,0,1,1,1,0,0,0,0,-1,2,0,1,-1,-1,-1,-1,1,10,-1,1,1,3,-1,-1,0,0,0,1,0,0,10,0,0,0,36.09
1,0,0,0,-1,0,1,4,0,0,0,0,0,0,1,1,2,0,1,1,0,3,0,-1,10,0,9223372036800000000,1e+75,0,10,0,0,7,-1,0,1,0,0,1,1,0,0,0,0,5,3,2,0,1,-1,-1,-1,-1,0,10,-1,1,1,3,-1,-1,3,0,0,1,2,0,10,0,0,0,45.56
1,0,0,0,-1,0,1,0,0,0,0,0,1,0,-1,1,1,-1,0,-1,2,3,0,-1,800,0,9223372036800000000,1e+75,0,10,0,0,7,0,0,1,1000,0,1,0,2,0,0,0,0,1,2,0,1,-1,-1,-1,-1,-1,10,-1,1,1,3,-1,-1,4,0,0,1,0,0,10,0,0,0,24.07
1,0,0,0,-1,0,1,0,0,0,0,0,2,0,-1,2,1,0,1,1,0,3,0,-1,150,0,9223372036800000000,1e+75,0,10,0,0,7,1,0,1,-1,0,1,1,0,0,0,0,3,-1,2,0,1,-1,-1,-1,-1,-1,10,-1,1,1,3,-1,-1,3,0,0,1,5,0,10,0,0,0,1.79769e+308
