[INFO]:[18:54:32] Worker 20 starting.
[INFO]:[18:54:32] Worker 20 received order for step 1.
[INFO]:[18:54:32] Worker 20 running exploration phase for iteration 1.
[INFO]:[18:54:32] Worker 20 at iteration 1 will not use a MIP start file. Current best MIP-start upper bound threshold is 1.79769e+308.
[INFO]:[18:54:32] Starting local search phase...
[INFO]:[18:54:32] Creating local search space from parameter space file: /scratch/yorig/mpils-results-grid-seconds-5-4may/medium-1/24proc/seed-3/9_neos-3024952-loue_seed-3_20260504_185431/iterated_local_search/search_space/search_space_file_1_worker_20.txt
[INFO]:[18:54:32] Local search space loaded from file: /scratch/yorig/mpils-results-grid-seconds-5-4may/medium-1/24proc/seed-3/9_neos-3024952-loue_seed-3_20260504_185431/iterated_local_search/search_space/search_space_file_1_worker_20.txt
[INFO]:[18:54:32] Number of parameters in local search space: 71
[INFO]:[18:54:32] Number of forbidden tuples in local search space: 0
[INFO]:[18:54:32] Number of conditionals in local search space: 6
[INFO]:[18:54:32] MIP start option not enabled. Local search will proceed without MIP start.
[INFO]:[18:54:32] Evaluating initial configuration for local search phase...
[INFO]:[18:54:32] Starting CPLEX solver on instance: /home/yorig/tuner/mpils-tests/instances/miplib/medium-1/neos-3024952-loue.mps with config: /scratch/yorig/mpils-results-grid-seconds-5-4may/medium-1/24proc/seed-3/9_neos-3024952-loue_seed-3_20260504_185431/iterated_local_search/run_1_worker_20/ils_config_12762071831481209267.prm
[INFO]:[18:54:32] Starting CPLEX solver on instance: /home/yorig/tuner/mpils-tests/instances/miplib/medium-1/neos-3024952-loue.mps with config: /scratch/yorig/mpils-results-grid-seconds-5-4may/medium-1/24proc/seed-3/9_neos-3024952-loue_seed-3_20260504_185431/iterated_local_search/run_1_worker_20/ils_config_12762071831481209267.prm
[INFO]:[18:54:37] CPLEX results. Gap: 17.420000, upper bound: 29896.000000, lower bound: 24688.076206
[INFO]:[18:54:37] CPLEX solver finished. Gap: 17.420000
[INFO]:[18:54:37] Initial configuration evaluated with objective value: 17.42
[INFO]:[18:54:37] Starting CPLEX solver on instance: /home/yorig/tuner/mpils-tests/instances/miplib/medium-1/neos-3024952-loue.mps with config: /scratch/yorig/mpils-results-grid-seconds-5-4may/medium-1/24proc/seed-3/9_neos-3024952-loue_seed-3_20260504_185431/iterated_local_search/run_1_worker_20/ils_config_5499759090288457045.prm
[INFO]:[18:54:37] Starting CPLEX solver on instance: /home/yorig/tuner/mpils-tests/instances/miplib/medium-1/neos-3024952-loue.mps with config: /scratch/yorig/mpils-results-grid-seconds-5-4may/medium-1/24proc/seed-3/9_neos-3024952-loue_seed-3_20260504_185431/iterated_local_search/run_1_worker_20/ils_config_5499759090288457045.prm
[WARN]:[18:54:42] CPLEX finished without a primal feasible solution for config /scratch/yorig/mpils-results-grid-seconds-5-4may/medium-1/24proc/seed-3/9_neos-3024952-loue_seed-3_20260504_185431/iterated_local_search/run_1_worker_20/ils_config_5499759090288457045.prm.
[INFO]:[18:54:42] CPLEX results. Gap: unavailable, upper bound: null, lower bound: 24752.206812
[INFO]:[18:54:42] CPLEX solver finished. Gap: 179769313486231570814527423731704356798070567525844996598917476803157260780028538760589558632766878171540458953514382464234321326889464182768467546703537516986049910576551282076245490090389328944075868508455133942304583236903222948165808559332123348274797826204144723168738177180919299881250404026184124858368.000000
[INFO]:[18:54:42] Starting CPLEX solver on instance: /home/yorig/tuner/mpils-tests/instances/miplib/medium-1/neos-3024952-loue.mps with config: /scratch/yorig/mpils-results-grid-seconds-5-4may/medium-1/24proc/seed-3/9_neos-3024952-loue_seed-3_20260504_185431/iterated_local_search/run_1_worker_20/ils_config_11282082482068407942.prm
[INFO]:[18:54:42] Starting CPLEX solver on instance: /home/yorig/tuner/mpils-tests/instances/miplib/medium-1/neos-3024952-loue.mps with config: /scratch/yorig/mpils-results-grid-seconds-5-4may/medium-1/24proc/seed-3/9_neos-3024952-loue_seed-3_20260504_185431/iterated_local_search/run_1_worker_20/ils_config_11282082482068407942.prm
[INFO]:[18:54:47] CPLEX results. Gap: 17.420000, upper bound: 29896.000000, lower bound: 24688.076206
[INFO]:[18:54:47] CPLEX solver finished. Gap: 17.420000
[INFO]:[18:54:47] Starting CPLEX solver on instance: /home/yorig/tuner/mpils-tests/instances/miplib/medium-1/neos-3024952-loue.mps with config: /scratch/yorig/mpils-results-grid-seconds-5-4may/medium-1/24proc/seed-3/9_neos-3024952-loue_seed-3_20260504_185431/iterated_local_search/run_1_worker_20/ils_config_8792462897613690186.prm
[INFO]:[18:54:47] Starting CPLEX solver on instance: /home/yorig/tuner/mpils-tests/instances/miplib/medium-1/neos-3024952-loue.mps with config: /scratch/yorig/mpils-results-grid-seconds-5-4may/medium-1/24proc/seed-3/9_neos-3024952-loue_seed-3_20260504_185431/iterated_local_search/run_1_worker_20/ils_config_8792462897613690186.prm
[INFO]:[18:54:52] CPLEX results. Gap: 17.700000, upper bound: 29996.000000, lower bound: 24688.076206
[INFO]:[18:54:52] CPLEX solver finished. Gap: 17.700000
[INFO]:[18:54:52] Starting CPLEX solver on instance: /home/yorig/tuner/mpils-tests/instances/miplib/medium-1/neos-3024952-loue.mps with config: /scratch/yorig/mpils-results-grid-seconds-5-4may/medium-1/24proc/seed-3/9_neos-3024952-loue_seed-3_20260504_185431/iterated_local_search/run_1_worker_20/ils_config_17223874381523994676.prm
[INFO]:[18:54:52] Starting CPLEX solver on instance: /home/yorig/tuner/mpils-tests/instances/miplib/medium-1/neos-3024952-loue.mps with config: /scratch/yorig/mpils-results-grid-seconds-5-4may/medium-1/24proc/seed-3/9_neos-3024952-loue_seed-3_20260504_185431/iterated_local_search/run_1_worker_20/ils_config_17223874381523994676.prm
[INFO]:[18:54:57] CPLEX results. Gap: 17.420000, upper bound: 29896.000000, lower bound: 24688.076206
[INFO]:[18:54:57] CPLEX solver finished. Gap: 17.420000
[INFO]:[18:54:57] Starting CPLEX solver on instance: /home/yorig/tuner/mpils-tests/instances/miplib/medium-1/neos-3024952-loue.mps with config: /scratch/yorig/mpils-results-grid-seconds-5-4may/medium-1/24proc/seed-3/9_neos-3024952-loue_seed-3_20260504_185431/iterated_local_search/run_1_worker_20/ils_config_9976756836132474367.prm
[INFO]:[18:54:57] Starting CPLEX solver on instance: /home/yorig/tuner/mpils-tests/instances/miplib/medium-1/neos-3024952-loue.mps with config: /scratch/yorig/mpils-results-grid-seconds-5-4may/medium-1/24proc/seed-3/9_neos-3024952-loue_seed-3_20260504_185431/iterated_local_search/run_1_worker_20/ils_config_9976756836132474367.prm
[INFO]:[18:55:02] CPLEX results. Gap: 17.700000, upper bound: 29996.000000, lower bound: 24688.076206
[INFO]:[18:55:02] CPLEX solver finished. Gap: 17.700000
[INFO]:[18:55:02] Starting CPLEX solver on instance: /home/yorig/tuner/mpils-tests/instances/miplib/medium-1/neos-3024952-loue.mps with config: /scratch/yorig/mpils-results-grid-seconds-5-4may/medium-1/24proc/seed-3/9_neos-3024952-loue_seed-3_20260504_185431/iterated_local_search/run_1_worker_20/ils_config_18077724649633846756.prm
[INFO]:[18:55:02] Starting CPLEX solver on instance: /home/yorig/tuner/mpils-tests/instances/miplib/medium-1/neos-3024952-loue.mps with config: /scratch/yorig/mpils-results-grid-seconds-5-4may/medium-1/24proc/seed-3/9_neos-3024952-loue_seed-3_20260504_185431/iterated_local_search/run_1_worker_20/ils_config_18077724649633846756.prm
[INFO]:[18:55:07] CPLEX results. Gap: 17.700000, upper bound: 29996.000000, lower bound: 24688.076206
[INFO]:[18:55:07] CPLEX solver finished. Gap: 17.700000
[INFO]:[18:55:07] Starting CPLEX solver on instance: /home/yorig/tuner/mpils-tests/instances/miplib/medium-1/neos-3024952-loue.mps with config: /scratch/yorig/mpils-results-grid-seconds-5-4may/medium-1/24proc/seed-3/9_neos-3024952-loue_seed-3_20260504_185431/iterated_local_search/run_1_worker_20/ils_config_2490404107416532338.prm
[INFO]:[18:55:07] Starting CPLEX solver on instance: /home/yorig/tuner/mpils-tests/instances/miplib/medium-1/neos-3024952-loue.mps with config: /scratch/yorig/mpils-results-grid-seconds-5-4may/medium-1/24proc/seed-3/9_neos-3024952-loue_seed-3_20260504_185431/iterated_local_search/run_1_worker_20/ils_config_2490404107416532338.prm
[INFO]:[18:55:13] CPLEX results. Gap: 19.360000, upper bound: 30440.000000, lower bound: 24548.145504
[INFO]:[18:55:13] CPLEX solver finished. Gap: 19.360000
[INFO]:[18:55:13] Starting CPLEX solver on instance: /home/yorig/tuner/mpils-tests/instances/miplib/medium-1/neos-3024952-loue.mps with config: /scratch/yorig/mpils-results-grid-seconds-5-4may/medium-1/24proc/seed-3/9_neos-3024952-loue_seed-3_20260504_185431/iterated_local_search/run_1_worker_20/ils_config_17852888742071825119.prm
[INFO]:[18:55:13] Starting CPLEX solver on instance: /home/yorig/tuner/mpils-tests/instances/miplib/medium-1/neos-3024952-loue.mps with config: /scratch/yorig/mpils-results-grid-seconds-5-4may/medium-1/24proc/seed-3/9_neos-3024952-loue_seed-3_20260504_185431/iterated_local_search/run_1_worker_20/ils_config_17852888742071825119.prm
[INFO]:[18:55:18] CPLEX results. Gap: 17.420000, upper bound: 29896.000000, lower bound: 24688.076206
[INFO]:[18:55:18] CPLEX solver finished. Gap: 17.420000
[INFO]:[18:55:18] Starting CPLEX solver on instance: /home/yorig/tuner/mpils-tests/instances/miplib/medium-1/neos-3024952-loue.mps with config: /scratch/yorig/mpils-results-grid-seconds-5-4may/medium-1/24proc/seed-3/9_neos-3024952-loue_seed-3_20260504_185431/iterated_local_search/run_1_worker_20/ils_config_13228090154235562643.prm
[INFO]:[18:55:18] Starting CPLEX solver on instance: /home/yorig/tuner/mpils-tests/instances/miplib/medium-1/neos-3024952-loue.mps with config: /scratch/yorig/mpils-results-grid-seconds-5-4may/medium-1/24proc/seed-3/9_neos-3024952-loue_seed-3_20260504_185431/iterated_local_search/run_1_worker_20/ils_config_13228090154235562643.prm
[WARN]:[18:55:23] CPLEX finished without a primal feasible solution for config /scratch/yorig/mpils-results-grid-seconds-5-4may/medium-1/24proc/seed-3/9_neos-3024952-loue_seed-3_20260504_185431/iterated_local_search/run_1_worker_20/ils_config_13228090154235562643.prm.
[INFO]:[18:55:23] CPLEX results. Gap: unavailable, upper bound: null, lower bound: 23998.210288
[INFO]:[18:55:23] CPLEX solver finished. Gap: 179769313486231570814527423731704356798070567525844996598917476803157260780028538760589558632766878171540458953514382464234321326889464182768467546703537516986049910576551282076245490090389328944075868508455133942304583236903222948165808559332123348274797826204144723168738177180919299881250404026184124858368.000000
[INFO]:[18:55:23] Starting CPLEX solver on instance: /home/yorig/tuner/mpils-tests/instances/miplib/medium-1/neos-3024952-loue.mps with config: /scratch/yorig/mpils-results-grid-seconds-5-4may/medium-1/24proc/seed-3/9_neos-3024952-loue_seed-3_20260504_185431/iterated_local_search/run_1_worker_20/ils_config_17468405479123095941.prm
[INFO]:[18:55:23] Starting CPLEX solver on instance: /home/yorig/tuner/mpils-tests/instances/miplib/medium-1/neos-3024952-loue.mps with config: /scratch/yorig/mpils-results-grid-seconds-5-4may/medium-1/24proc/seed-3/9_neos-3024952-loue_seed-3_20260504_185431/iterated_local_search/run_1_worker_20/ils_config_17468405479123095941.prm
[INFO]:[18:55:28] CPLEX results. Gap: 17.710000, upper bound: 29996.000000, lower bound: 24683.433111
[INFO]:[18:55:28] CPLEX solver finished. Gap: 17.710000
[INFO]:[18:55:28] Starting CPLEX solver on instance: /home/yorig/tuner/mpils-tests/instances/miplib/medium-1/neos-3024952-loue.mps with config: /scratch/yorig/mpils-results-grid-seconds-5-4may/medium-1/24proc/seed-3/9_neos-3024952-loue_seed-3_20260504_185431/iterated_local_search/run_1_worker_20/ils_config_1878366386162544806.prm
[INFO]:[18:55:28] Starting CPLEX solver on instance: /home/yorig/tuner/mpils-tests/instances/miplib/medium-1/neos-3024952-loue.mps with config: /scratch/yorig/mpils-results-grid-seconds-5-4may/medium-1/24proc/seed-3/9_neos-3024952-loue_seed-3_20260504_185431/iterated_local_search/run_1_worker_20/ils_config_1878366386162544806.prm
[INFO]:[18:55:33] CPLEX results. Gap: 19.040000, upper bound: 30274.000000, lower bound: 24508.859590
[INFO]:[18:55:33] CPLEX solver finished. Gap: 19.040000
[INFO]:[18:55:33] Starting CPLEX solver on instance: /home/yorig/tuner/mpils-tests/instances/miplib/medium-1/neos-3024952-loue.mps with config: /scratch/yorig/mpils-results-grid-seconds-5-4may/medium-1/24proc/seed-3/9_neos-3024952-loue_seed-3_20260504_185431/iterated_local_search/run_1_worker_20/ils_config_500145443165893136.prm
[INFO]:[18:55:33] Starting CPLEX solver on instance: /home/yorig/tuner/mpils-tests/instances/miplib/medium-1/neos-3024952-loue.mps with config: /scratch/yorig/mpils-results-grid-seconds-5-4may/medium-1/24proc/seed-3/9_neos-3024952-loue_seed-3_20260504_185431/iterated_local_search/run_1_worker_20/ils_config_500145443165893136.prm
[INFO]:[18:55:38] CPLEX results. Gap: 18.000000, upper bound: 30440.000000, lower bound: 24961.863825
[INFO]:[18:55:38] CPLEX solver finished. Gap: 18.000000
[INFO]:[18:55:38] Starting CPLEX solver on instance: /home/yorig/tuner/mpils-tests/instances/miplib/medium-1/neos-3024952-loue.mps with config: /scratch/yorig/mpils-results-grid-seconds-5-4may/medium-1/24proc/seed-3/9_neos-3024952-loue_seed-3_20260504_185431/iterated_local_search/run_1_worker_20/ils_config_3549045189222838068.prm
[INFO]:[18:55:38] Starting CPLEX solver on instance: /home/yorig/tuner/mpils-tests/instances/miplib/medium-1/neos-3024952-loue.mps with config: /scratch/yorig/mpils-results-grid-seconds-5-4may/medium-1/24proc/seed-3/9_neos-3024952-loue_seed-3_20260504_185431/iterated_local_search/run_1_worker_20/ils_config_3549045189222838068.prm
[INFO]:[18:55:43] CPLEX results. Gap: 15.770000, upper bound: 29321.000000, lower bound: 24696.445138
[INFO]:[18:55:43] CPLEX solver finished. Gap: 15.770000
[INFO]:[18:55:43] New incumbent found with objective value: 15.77
[INFO]:[18:55:43] Starting CPLEX solver on instance: /home/yorig/tuner/mpils-tests/instances/miplib/medium-1/neos-3024952-loue.mps with config: /scratch/yorig/mpils-results-grid-seconds-5-4may/medium-1/24proc/seed-3/9_neos-3024952-loue_seed-3_20260504_185431/iterated_local_search/run_1_worker_20/ils_config_10641698668545399321.prm
[INFO]:[18:55:43] Starting CPLEX solver on instance: /home/yorig/tuner/mpils-tests/instances/miplib/medium-1/neos-3024952-loue.mps with config: /scratch/yorig/mpils-results-grid-seconds-5-4may/medium-1/24proc/seed-3/9_neos-3024952-loue_seed-3_20260504_185431/iterated_local_search/run_1_worker_20/ils_config_10641698668545399321.prm
[INFO]:[18:55:48] CPLEX results. Gap: 19.080000, upper bound: 30113.000000, lower bound: 24368.491849
[INFO]:[18:55:48] CPLEX solver finished. Gap: 19.080000
[INFO]:[18:55:48] Starting CPLEX solver on instance: /home/yorig/tuner/mpils-tests/instances/miplib/medium-1/neos-3024952-loue.mps with config: /scratch/yorig/mpils-results-grid-seconds-5-4may/medium-1/24proc/seed-3/9_neos-3024952-loue_seed-3_20260504_185431/iterated_local_search/run_1_worker_20/ils_config_15164193798210910910.prm
[INFO]:[18:55:48] Starting CPLEX solver on instance: /home/yorig/tuner/mpils-tests/instances/miplib/medium-1/neos-3024952-loue.mps with config: /scratch/yorig/mpils-results-grid-seconds-5-4may/medium-1/24proc/seed-3/9_neos-3024952-loue_seed-3_20260504_185431/iterated_local_search/run_1_worker_20/ils_config_15164193798210910910.prm
[INFO]:[18:55:53] CPLEX results. Gap: 15.770000, upper bound: 29321.000000, lower bound: 24696.445138
[INFO]:[18:55:53] CPLEX solver finished. Gap: 15.770000
[INFO]:[18:55:53] Starting CPLEX solver on instance: /home/yorig/tuner/mpils-tests/instances/miplib/medium-1/neos-3024952-loue.mps with config: /scratch/yorig/mpils-results-grid-seconds-5-4may/medium-1/24proc/seed-3/9_neos-3024952-loue_seed-3_20260504_185431/iterated_local_search/run_1_worker_20/ils_config_15783986960476312039.prm
[INFO]:[18:55:53] Starting CPLEX solver on instance: /home/yorig/tuner/mpils-tests/instances/miplib/medium-1/neos-3024952-loue.mps with config: /scratch/yorig/mpils-results-grid-seconds-5-4may/medium-1/24proc/seed-3/9_neos-3024952-loue_seed-3_20260504_185431/iterated_local_search/run_1_worker_20/ils_config_15783986960476312039.prm
[INFO]:[18:55:58] CPLEX results. Gap: 15.640000, upper bound: 29819.000000, lower bound: 25155.994747
[INFO]:[18:55:58] CPLEX solver finished. Gap: 15.640000
[INFO]:[18:55:58] New incumbent found with objective value: 15.64
[INFO]:[18:55:58] Starting CPLEX solver on instance: /home/yorig/tuner/mpils-tests/instances/miplib/medium-1/neos-3024952-loue.mps with config: /scratch/yorig/mpils-results-grid-seconds-5-4may/medium-1/24proc/seed-3/9_neos-3024952-loue_seed-3_20260504_185431/iterated_local_search/run_1_worker_20/ils_config_2685377192040330553.prm
[INFO]:[18:55:58] Starting CPLEX solver on instance: /home/yorig/tuner/mpils-tests/instances/miplib/medium-1/neos-3024952-loue.mps with config: /scratch/yorig/mpils-results-grid-seconds-5-4may/medium-1/24proc/seed-3/9_neos-3024952-loue_seed-3_20260504_185431/iterated_local_search/run_1_worker_20/ils_config_2685377192040330553.prm
[WARN]:[18:56:03] CPLEX finished without a primal feasible solution for config /scratch/yorig/mpils-results-grid-seconds-5-4may/medium-1/24proc/seed-3/9_neos-3024952-loue_seed-3_20260504_185431/iterated_local_search/run_1_worker_20/ils_config_2685377192040330553.prm.
[INFO]:[18:56:03] CPLEX results. Gap: unavailable, upper bound: null, lower bound: 25155.994747
[INFO]:[18:56:03] CPLEX solver finished. Gap: 179769313486231570814527423731704356798070567525844996598917476803157260780028538760589558632766878171540458953514382464234321326889464182768467546703537516986049910576551282076245490090389328944075868508455133942304583236903222948165808559332123348274797826204144723168738177180919299881250404026184124858368.000000
[INFO]:[18:56:03] Starting CPLEX solver on instance: /home/yorig/tuner/mpils-tests/instances/miplib/medium-1/neos-3024952-loue.mps with config: /scratch/yorig/mpils-results-grid-seconds-5-4may/medium-1/24proc/seed-3/9_neos-3024952-loue_seed-3_20260504_185431/iterated_local_search/run_1_worker_20/ils_config_11521214043992415271.prm
[INFO]:[18:56:03] Starting CPLEX solver on instance: /home/yorig/tuner/mpils-tests/instances/miplib/medium-1/neos-3024952-loue.mps with config: /scratch/yorig/mpils-results-grid-seconds-5-4may/medium-1/24proc/seed-3/9_neos-3024952-loue_seed-3_20260504_185431/iterated_local_search/run_1_worker_20/ils_config_11521214043992415271.prm
[WARN]:[18:56:08] CPLEX finished without a primal feasible solution for config /scratch/yorig/mpils-results-grid-seconds-5-4may/medium-1/24proc/seed-3/9_neos-3024952-loue_seed-3_20260504_185431/iterated_local_search/run_1_worker_20/ils_config_11521214043992415271.prm.
[INFO]:[18:56:08] CPLEX results. Gap: unavailable, upper bound: null, lower bound: 25155.994747
[INFO]:[18:56:08] CPLEX solver finished. Gap: 179769313486231570814527423731704356798070567525844996598917476803157260780028538760589558632766878171540458953514382464234321326889464182768467546703537516986049910576551282076245490090389328944075868508455133942304583236903222948165808559332123348274797826204144723168738177180919299881250404026184124858368.000000
[INFO]:[18:56:08] Starting CPLEX solver on instance: /home/yorig/tuner/mpils-tests/instances/miplib/medium-1/neos-3024952-loue.mps with config: /scratch/yorig/mpils-results-grid-seconds-5-4may/medium-1/24proc/seed-3/9_neos-3024952-loue_seed-3_20260504_185431/iterated_local_search/run_1_worker_20/ils_config_2579696637352565334.prm
[INFO]:[18:56:08] Starting CPLEX solver on instance: /home/yorig/tuner/mpils-tests/instances/miplib/medium-1/neos-3024952-loue.mps with config: /scratch/yorig/mpils-results-grid-seconds-5-4may/medium-1/24proc/seed-3/9_neos-3024952-loue_seed-3_20260504_185431/iterated_local_search/run_1_worker_20/ils_config_2579696637352565334.prm
[WARN]:[18:56:13] CPLEX finished without a primal feasible solution for config /scratch/yorig/mpils-results-grid-seconds-5-4may/medium-1/24proc/seed-3/9_neos-3024952-loue_seed-3_20260504_185431/iterated_local_search/run_1_worker_20/ils_config_2579696637352565334.prm.
[INFO]:[18:56:13] CPLEX results. Gap: unavailable, upper bound: null, lower bound: 25155.994747
[INFO]:[18:56:13] CPLEX solver finished. Gap: 179769313486231570814527423731704356798070567525844996598917476803157260780028538760589558632766878171540458953514382464234321326889464182768467546703537516986049910576551282076245490090389328944075868508455133942304583236903222948165808559332123348274797826204144723168738177180919299881250404026184124858368.000000
[INFO]:[18:56:13] Local search phase completed.
[INFO]:[18:56:13] Total number of new local-search evaluations: 20
[INFO]:[18:56:13] Final incumbent objective value: 15.64
[INFO]:[18:56:13] Worker 20 completed exploration phase.
[INFO]:[18:56:13] Worker 20 received order for step 2.
[INFO]:[18:56:13] Worker 20 running expansion phase for iteration 1.
[INFO]:[18:56:13] Worker 20 will use solver log file: /scratch/yorig/mpils-results-grid-seconds-5-4may/medium-1/24proc/seed-3/9_neos-3024952-loue_seed-3_20260504_185431/solver/cplex.log_iteration_expansion_1_worker_20
[INFO]:[18:56:13] Expansion Worker 20 starting expansion for iteration 1.
[INFO]:[18:56:13] Starting CPLEX solver on instance: /home/yorig/tuner/mpils-tests/instances/miplib/medium-1/neos-3024952-loue.mps with config: /scratch/yorig/mpils-results-grid-seconds-5-4may/medium-1/24proc/seed-3/9_neos-3024952-loue_seed-3_20260504_185431/expansion/config_param_CPXPARAM_MIP_Limits_ProbeTime_1_iter_1.prm
[INFO]:[18:56:18] CPLEX results. Gap: 10.150000, upper bound: 28828.000000, lower bound: 25901.681855
[INFO]:[18:56:18] CPLEX solver finished. Gap: 10.150000
[INFO]:[18:56:18] Starting CPLEX solver on instance: /home/yorig/tuner/mpils-tests/instances/miplib/medium-1/neos-3024952-loue.mps with config: /scratch/yorig/mpils-results-grid-seconds-5-4may/medium-1/24proc/seed-3/9_neos-3024952-loue_seed-3_20260504_185431/expansion/config_param_CPXPARAM_MIP_Strategy_BBInterval_10_iter_1.prm
[INFO]:[18:56:23] CPLEX results. Gap: 10.470000, upper bound: 28828.000000, lower bound: 25810.808049
[INFO]:[18:56:23] CPLEX solver finished. Gap: 10.470000
[INFO]:[18:56:28] Expansion Worker 20 stopping early after global MPI expansion stop was activated.
[INFO]:[18:56:28] Expansion Worker 20 completed expansion.
[INFO]:[18:56:28] Worker 20 completed expansion phase.
[INFO]:[18:56:28] Worker 20 received order for step 1.
[INFO]:[18:56:28] Worker 20 running exploration phase for iteration 2.
[INFO]:[18:56:28] Worker 20 at iteration 2 will not use a MIP start file. Current best MIP-start upper bound threshold is 1.79769e+308.
[INFO]:[18:56:28] Starting local search phase...
[INFO]:[18:56:28] Creating local search space from parameter space file: /scratch/yorig/mpils-results-grid-seconds-5-4may/medium-1/24proc/seed-3/9_neos-3024952-loue_seed-3_20260504_185431/iterated_local_search/search_space/search_space_file_2_worker_20.txt
[INFO]:[18:56:28] Local search space loaded from file: /scratch/yorig/mpils-results-grid-seconds-5-4may/medium-1/24proc/seed-3/9_neos-3024952-loue_seed-3_20260504_185431/iterated_local_search/search_space/search_space_file_2_worker_20.txt
[INFO]:[18:56:28] Number of parameters in local search space: 71
[INFO]:[18:56:28] Number of forbidden tuples in local search space: 26
[INFO]:[18:56:28] Number of conditionals in local search space: 6
[INFO]:[18:56:28] MIP start option not enabled. Local search will proceed without MIP start.
[INFO]:[18:56:28] Evaluating initial configuration for local search phase...
[INFO]:[18:56:28] Starting CPLEX solver on instance: /home/yorig/tuner/mpils-tests/instances/miplib/medium-1/neos-3024952-loue.mps with config: /scratch/yorig/mpils-results-grid-seconds-5-4may/medium-1/24proc/seed-3/9_neos-3024952-loue_seed-3_20260504_185431/iterated_local_search/run_2_worker_20/ils_config_13469819950086747650.prm
[INFO]:[18:56:28] Starting CPLEX solver on instance: /home/yorig/tuner/mpils-tests/instances/miplib/medium-1/neos-3024952-loue.mps with config: /scratch/yorig/mpils-results-grid-seconds-5-4may/medium-1/24proc/seed-3/9_neos-3024952-loue_seed-3_20260504_185431/iterated_local_search/run_2_worker_20/ils_config_13469819950086747650.prm
[WARN]:[18:56:33] CPLEX finished without a primal feasible solution for config /scratch/yorig/mpils-results-grid-seconds-5-4may/medium-1/24proc/seed-3/9_neos-3024952-loue_seed-3_20260504_185431/iterated_local_search/run_2_worker_20/ils_config_13469819950086747650.prm.
[INFO]:[18:56:33] CPLEX results. Gap: unavailable, upper bound: null, lower bound: 24605.218883
[INFO]:[18:56:33] CPLEX solver finished. Gap: 179769313486231570814527423731704356798070567525844996598917476803157260780028538760589558632766878171540458953514382464234321326889464182768467546703537516986049910576551282076245490090389328944075868508455133942304583236903222948165808559332123348274797826204144723168738177180919299881250404026184124858368.000000
[INFO]:[18:56:33] Initial configuration evaluated with objective value: 1.79769e+308
[INFO]:[18:56:34] Starting CPLEX solver on instance: /home/yorig/tuner/mpils-tests/instances/miplib/medium-1/neos-3024952-loue.mps with config: /scratch/yorig/mpils-results-grid-seconds-5-4may/medium-1/24proc/seed-3/9_neos-3024952-loue_seed-3_20260504_185431/iterated_local_search/run_2_worker_20/ils_config_8451448413699081720.prm
[INFO]:[18:56:34] Starting CPLEX solver on instance: /home/yorig/tuner/mpils-tests/instances/miplib/medium-1/neos-3024952-loue.mps with config: /scratch/yorig/mpils-results-grid-seconds-5-4may/medium-1/24proc/seed-3/9_neos-3024952-loue_seed-3_20260504_185431/iterated_local_search/run_2_worker_20/ils_config_8451448413699081720.prm
[WARN]:[18:56:39] CPLEX finished without a primal feasible solution for config /scratch/yorig/mpils-results-grid-seconds-5-4may/medium-1/24proc/seed-3/9_neos-3024952-loue_seed-3_20260504_185431/iterated_local_search/run_2_worker_20/ils_config_8451448413699081720.prm.
[INFO]:[18:56:39] CPLEX results. Gap: unavailable, upper bound: null, lower bound: 24710.731170
[INFO]:[18:56:39] CPLEX solver finished. Gap: 179769313486231570814527423731704356798070567525844996598917476803157260780028538760589558632766878171540458953514382464234321326889464182768467546703537516986049910576551282076245490090389328944075868508455133942304583236903222948165808559332123348274797826204144723168738177180919299881250404026184124858368.000000
[INFO]:[18:56:39] Starting CPLEX solver on instance: /home/yorig/tuner/mpils-tests/instances/miplib/medium-1/neos-3024952-loue.mps with config: /scratch/yorig/mpils-results-grid-seconds-5-4may/medium-1/24proc/seed-3/9_neos-3024952-loue_seed-3_20260504_185431/iterated_local_search/run_2_worker_20/ils_config_17645488066790184929.prm
[INFO]:[18:56:39] Starting CPLEX solver on instance: /home/yorig/tuner/mpils-tests/instances/miplib/medium-1/neos-3024952-loue.mps with config: /scratch/yorig/mpils-results-grid-seconds-5-4may/medium-1/24proc/seed-3/9_neos-3024952-loue_seed-3_20260504_185431/iterated_local_search/run_2_worker_20/ils_config_17645488066790184929.prm
[WARN]:[18:56:44] CPLEX finished without a primal feasible solution for config /scratch/yorig/mpils-results-grid-seconds-5-4may/medium-1/24proc/seed-3/9_neos-3024952-loue_seed-3_20260504_185431/iterated_local_search/run_2_worker_20/ils_config_17645488066790184929.prm.
[INFO]:[18:56:44] CPLEX results. Gap: unavailable, upper bound: null, lower bound: 24617.871177
[INFO]:[18:56:44] CPLEX solver finished. Gap: 179769313486231570814527423731704356798070567525844996598917476803157260780028538760589558632766878171540458953514382464234321326889464182768467546703537516986049910576551282076245490090389328944075868508455133942304583236903222948165808559332123348274797826204144723168738177180919299881250404026184124858368.000000
[INFO]:[18:56:44] Starting CPLEX solver on instance: /home/yorig/tuner/mpils-tests/instances/miplib/medium-1/neos-3024952-loue.mps with config: /scratch/yorig/mpils-results-grid-seconds-5-4may/medium-1/24proc/seed-3/9_neos-3024952-loue_seed-3_20260504_185431/iterated_local_search/run_2_worker_20/ils_config_6098492732444054167.prm
[INFO]:[18:56:44] Starting CPLEX solver on instance: /home/yorig/tuner/mpils-tests/instances/miplib/medium-1/neos-3024952-loue.mps with config: /scratch/yorig/mpils-results-grid-seconds-5-4may/medium-1/24proc/seed-3/9_neos-3024952-loue_seed-3_20260504_185431/iterated_local_search/run_2_worker_20/ils_config_6098492732444054167.prm
[WARN]:[18:56:49] CPLEX finished without a primal feasible solution for config /scratch/yorig/mpils-results-grid-seconds-5-4may/medium-1/24proc/seed-3/9_neos-3024952-loue_seed-3_20260504_185431/iterated_local_search/run_2_worker_20/ils_config_6098492732444054167.prm.
[INFO]:[18:56:49] CPLEX results. Gap: unavailable, upper bound: null, lower bound: 24745.160643
[INFO]:[18:56:49] CPLEX solver finished. Gap: 179769313486231570814527423731704356798070567525844996598917476803157260780028538760589558632766878171540458953514382464234321326889464182768467546703537516986049910576551282076245490090389328944075868508455133942304583236903222948165808559332123348274797826204144723168738177180919299881250404026184124858368.000000
[INFO]:[18:56:49] Starting CPLEX solver on instance: /home/yorig/tuner/mpils-tests/instances/miplib/medium-1/neos-3024952-loue.mps with config: /scratch/yorig/mpils-results-grid-seconds-5-4may/medium-1/24proc/seed-3/9_neos-3024952-loue_seed-3_20260504_185431/iterated_local_search/run_2_worker_20/ils_config_9599985298073719880.prm
[INFO]:[18:56:49] Starting CPLEX solver on instance: /home/yorig/tuner/mpils-tests/instances/miplib/medium-1/neos-3024952-loue.mps with config: /scratch/yorig/mpils-results-grid-seconds-5-4may/medium-1/24proc/seed-3/9_neos-3024952-loue_seed-3_20260504_185431/iterated_local_search/run_2_worker_20/ils_config_9599985298073719880.prm
[WARN]:[18:56:54] CPLEX finished without a primal feasible solution for config /scratch/yorig/mpils-results-grid-seconds-5-4may/medium-1/24proc/seed-3/9_neos-3024952-loue_seed-3_20260504_185431/iterated_local_search/run_2_worker_20/ils_config_9599985298073719880.prm.
[INFO]:[18:56:54] CPLEX results. Gap: unavailable, upper bound: null, lower bound: 24605.218883
[INFO]:[18:56:54] CPLEX solver finished. Gap: 179769313486231570814527423731704356798070567525844996598917476803157260780028538760589558632766878171540458953514382464234321326889464182768467546703537516986049910576551282076245490090389328944075868508455133942304583236903222948165808559332123348274797826204144723168738177180919299881250404026184124858368.000000
[INFO]:[18:56:54] Starting CPLEX solver on instance: /home/yorig/tuner/mpils-tests/instances/miplib/medium-1/neos-3024952-loue.mps with config: /scratch/yorig/mpils-results-grid-seconds-5-4may/medium-1/24proc/seed-3/9_neos-3024952-loue_seed-3_20260504_185431/iterated_local_search/run_2_worker_20/ils_config_13879183207164939816.prm
[INFO]:[18:56:54] Starting CPLEX solver on instance: /home/yorig/tuner/mpils-tests/instances/miplib/medium-1/neos-3024952-loue.mps with config: /scratch/yorig/mpils-results-grid-seconds-5-4may/medium-1/24proc/seed-3/9_neos-3024952-loue_seed-3_20260504_185431/iterated_local_search/run_2_worker_20/ils_config_13879183207164939816.prm
[WARN]:[18:56:59] CPLEX finished without a primal feasible solution for config /scratch/yorig/mpils-results-grid-seconds-5-4may/medium-1/24proc/seed-3/9_neos-3024952-loue_seed-3_20260504_185431/iterated_local_search/run_2_worker_20/ils_config_13879183207164939816.prm.
[INFO]:[18:56:59] CPLEX results. Gap: unavailable, upper bound: null, lower bound: 24605.218883
[INFO]:[18:56:59] CPLEX solver finished. Gap: 179769313486231570814527423731704356798070567525844996598917476803157260780028538760589558632766878171540458953514382464234321326889464182768467546703537516986049910576551282076245490090389328944075868508455133942304583236903222948165808559332123348274797826204144723168738177180919299881250404026184124858368.000000
[INFO]:[18:56:59] Local search phase completed.
[INFO]:[18:56:59] Total number of new local-search evaluations: 6
[INFO]:[18:56:59] Final incumbent objective value: 1.79769e+308
[INFO]:[18:56:59] Worker 20 completed exploration phase.
[INFO]:[18:56:59] Worker 20 received order for step 2.
[INFO]:[18:56:59] Worker 20 running expansion phase for iteration 2.
[INFO]:[18:56:59] Worker 20 will use solver log file: /scratch/yorig/mpils-results-grid-seconds-5-4may/medium-1/24proc/seed-3/9_neos-3024952-loue_seed-3_20260504_185431/solver/cplex.log_iteration_expansion_2_worker_20
[INFO]:[18:56:59] Expansion Worker 20 starting expansion for iteration 2.
[INFO]:[18:56:59] Starting CPLEX solver on instance: /home/yorig/tuner/mpils-tests/instances/miplib/medium-1/neos-3024952-loue.mps with config: /scratch/yorig/mpils-results-grid-seconds-5-4may/medium-1/24proc/seed-3/9_neos-3024952-loue_seed-3_20260504_185431/expansion/config_param_CPXPARAM_MIP_Strategy_HeuristicFreq_1000_iter_2.prm
[INFO]:[18:57:04] CPLEX results. Gap: 9.500000, upper bound: 28842.000000, lower bound: 26102.301454
[INFO]:[18:57:04] CPLEX solver finished. Gap: 9.500000
[INFO]:[18:57:04] Expansion Worker 20 stopping early after global MPI expansion stop was activated.
[INFO]:[18:57:04] Expansion Worker 20 completed expansion.
[INFO]:[18:57:04] Worker 20 completed expansion phase.
[INFO]:[18:57:04] Worker 20 received order for step 1.
[INFO]:[18:57:04] Worker 20 running exploration phase for iteration 3.
[INFO]:[18:57:04] Worker 20 at iteration 3 will not use a MIP start file. Current best MIP-start upper bound threshold is 1.79769e+308.
[INFO]:[18:57:04] Starting local search phase...
[INFO]:[18:57:04] Creating local search space from parameter space file: /scratch/yorig/mpils-results-grid-seconds-5-4may/medium-1/24proc/seed-3/9_neos-3024952-loue_seed-3_20260504_185431/iterated_local_search/search_space/search_space_file_3_worker_20.txt
[INFO]:[18:57:04] Local search space loaded from file: /scratch/yorig/mpils-results-grid-seconds-5-4may/medium-1/24proc/seed-3/9_neos-3024952-loue_seed-3_20260504_185431/iterated_local_search/search_space/search_space_file_3_worker_20.txt
[INFO]:[18:57:04] Number of parameters in local search space: 71
[INFO]:[18:57:04] Number of forbidden tuples in local search space: 51
[INFO]:[18:57:04] Number of conditionals in local search space: 6
[INFO]:[18:57:04] MIP start option not enabled. Local search will proceed without MIP start.
[INFO]:[18:57:04] Evaluating initial configuration for local search phase...
[INFO]:[18:57:04] Starting CPLEX solver on instance: /home/yorig/tuner/mpils-tests/instances/miplib/medium-1/neos-3024952-loue.mps with config: /scratch/yorig/mpils-results-grid-seconds-5-4may/medium-1/24proc/seed-3/9_neos-3024952-loue_seed-3_20260504_185431/iterated_local_search/run_3_worker_20/ils_config_11958561883753395373.prm
[INFO]:[18:57:04] Starting CPLEX solver on instance: /home/yorig/tuner/mpils-tests/instances/miplib/medium-1/neos-3024952-loue.mps with config: /scratch/yorig/mpils-results-grid-seconds-5-4may/medium-1/24proc/seed-3/9_neos-3024952-loue_seed-3_20260504_185431/iterated_local_search/run_3_worker_20/ils_config_11958561883753395373.prm
[WARN]:[18:57:09] CPLEX finished without a primal feasible solution for config /scratch/yorig/mpils-results-grid-seconds-5-4may/medium-1/24proc/seed-3/9_neos-3024952-loue_seed-3_20260504_185431/iterated_local_search/run_3_worker_20/ils_config_11958561883753395373.prm.
[INFO]:[18:57:09] CPLEX results. Gap: unavailable, upper bound: null, lower bound: 24977.306777
[INFO]:[18:57:09] CPLEX solver finished. Gap: 179769313486231570814527423731704356798070567525844996598917476803157260780028538760589558632766878171540458953514382464234321326889464182768467546703537516986049910576551282076245490090389328944075868508455133942304583236903222948165808559332123348274797826204144723168738177180919299881250404026184124858368.000000
[INFO]:[18:57:09] Initial configuration evaluated with objective value: 1.79769e+308
[INFO]:[18:57:09] Starting CPLEX solver on instance: /home/yorig/tuner/mpils-tests/instances/miplib/medium-1/neos-3024952-loue.mps with config: /scratch/yorig/mpils-results-grid-seconds-5-4may/medium-1/24proc/seed-3/9_neos-3024952-loue_seed-3_20260504_185431/iterated_local_search/run_3_worker_20/ils_config_1034244089768930790.prm
[INFO]:[18:57:09] Starting CPLEX solver on instance: /home/yorig/tuner/mpils-tests/instances/miplib/medium-1/neos-3024952-loue.mps with config: /scratch/yorig/mpils-results-grid-seconds-5-4may/medium-1/24proc/seed-3/9_neos-3024952-loue_seed-3_20260504_185431/iterated_local_search/run_3_worker_20/ils_config_1034244089768930790.prm
[WARN]:[18:57:14] CPLEX finished without a primal feasible solution for config /scratch/yorig/mpils-results-grid-seconds-5-4may/medium-1/24proc/seed-3/9_neos-3024952-loue_seed-3_20260504_185431/iterated_local_search/run_3_worker_20/ils_config_1034244089768930790.prm.
[INFO]:[18:57:14] CPLEX results. Gap: unavailable, upper bound: null, lower bound: 24975.835105
[INFO]:[18:57:14] CPLEX solver finished. Gap: 179769313486231570814527423731704356798070567525844996598917476803157260780028538760589558632766878171540458953514382464234321326889464182768467546703537516986049910576551282076245490090389328944075868508455133942304583236903222948165808559332123348274797826204144723168738177180919299881250404026184124858368.000000
[INFO]:[18:57:14] Starting CPLEX solver on instance: /home/yorig/tuner/mpils-tests/instances/miplib/medium-1/neos-3024952-loue.mps with config: /scratch/yorig/mpils-results-grid-seconds-5-4may/medium-1/24proc/seed-3/9_neos-3024952-loue_seed-3_20260504_185431/iterated_local_search/run_3_worker_20/ils_config_16999899848754346734.prm
[INFO]:[18:57:14] Starting CPLEX solver on instance: /home/yorig/tuner/mpils-tests/instances/miplib/medium-1/neos-3024952-loue.mps with config: /scratch/yorig/mpils-results-grid-seconds-5-4may/medium-1/24proc/seed-3/9_neos-3024952-loue_seed-3_20260504_185431/iterated_local_search/run_3_worker_20/ils_config_16999899848754346734.prm
[WARN]:[18:57:19] CPLEX finished without a primal feasible solution for config /scratch/yorig/mpils-results-grid-seconds-5-4may/medium-1/24proc/seed-3/9_neos-3024952-loue_seed-3_20260504_185431/iterated_local_search/run_3_worker_20/ils_config_16999899848754346734.prm.
[INFO]:[18:57:19] CPLEX results. Gap: unavailable, upper bound: null, lower bound: 24977.330621
[INFO]:[18:57:19] CPLEX solver finished. Gap: 179769313486231570814527423731704356798070567525844996598917476803157260780028538760589558632766878171540458953514382464234321326889464182768467546703537516986049910576551282076245490090389328944075868508455133942304583236903222948165808559332123348274797826204144723168738177180919299881250404026184124858368.000000
[INFO]:[18:57:19] Starting CPLEX solver on instance: /home/yorig/tuner/mpils-tests/instances/miplib/medium-1/neos-3024952-loue.mps with config: /scratch/yorig/mpils-results-grid-seconds-5-4may/medium-1/24proc/seed-3/9_neos-3024952-loue_seed-3_20260504_185431/iterated_local_search/run_3_worker_20/ils_config_13987650907910105485.prm
[INFO]:[18:57:19] Starting CPLEX solver on instance: /home/yorig/tuner/mpils-tests/instances/miplib/medium-1/neos-3024952-loue.mps with config: /scratch/yorig/mpils-results-grid-seconds-5-4may/medium-1/24proc/seed-3/9_neos-3024952-loue_seed-3_20260504_185431/iterated_local_search/run_3_worker_20/ils_config_13987650907910105485.prm
[WARN]:[18:57:24] CPLEX finished without a primal feasible solution for config /scratch/yorig/mpils-results-grid-seconds-5-4may/medium-1/24proc/seed-3/9_neos-3024952-loue_seed-3_20260504_185431/iterated_local_search/run_3_worker_20/ils_config_13987650907910105485.prm.
[INFO]:[18:57:24] CPLEX results. Gap: unavailable, upper bound: null, lower bound: 23940.758352
[INFO]:[18:57:24] CPLEX solver finished. Gap: 179769313486231570814527423731704356798070567525844996598917476803157260780028538760589558632766878171540458953514382464234321326889464182768467546703537516986049910576551282076245490090389328944075868508455133942304583236903222948165808559332123348274797826204144723168738177180919299881250404026184124858368.000000
[INFO]:[18:57:24] Starting CPLEX solver on instance: /home/yorig/tuner/mpils-tests/instances/miplib/medium-1/neos-3024952-loue.mps with config: /scratch/yorig/mpils-results-grid-seconds-5-4may/medium-1/24proc/seed-3/9_neos-3024952-loue_seed-3_20260504_185431/iterated_local_search/run_3_worker_20/ils_config_3794625250245734166.prm
[INFO]:[18:57:24] Starting CPLEX solver on instance: /home/yorig/tuner/mpils-tests/instances/miplib/medium-1/neos-3024952-loue.mps with config: /scratch/yorig/mpils-results-grid-seconds-5-4may/medium-1/24proc/seed-3/9_neos-3024952-loue_seed-3_20260504_185431/iterated_local_search/run_3_worker_20/ils_config_3794625250245734166.prm
[WARN]:[18:57:30] CPLEX finished without a primal feasible solution for config /scratch/yorig/mpils-results-grid-seconds-5-4may/medium-1/24proc/seed-3/9_neos-3024952-loue_seed-3_20260504_185431/iterated_local_search/run_3_worker_20/ils_config_3794625250245734166.prm.
[INFO]:[18:57:30] CPLEX results. Gap: unavailable, upper bound: null, lower bound: 24957.805208
[INFO]:[18:57:30] CPLEX solver finished. Gap: 179769313486231570814527423731704356798070567525844996598917476803157260780028538760589558632766878171540458953514382464234321326889464182768467546703537516986049910576551282076245490090389328944075868508455133942304583236903222948165808559332123348274797826204144723168738177180919299881250404026184124858368.000000
[INFO]:[18:57:30] Starting CPLEX solver on instance: /home/yorig/tuner/mpils-tests/instances/miplib/medium-1/neos-3024952-loue.mps with config: /scratch/yorig/mpils-results-grid-seconds-5-4may/medium-1/24proc/seed-3/9_neos-3024952-loue_seed-3_20260504_185431/iterated_local_search/run_3_worker_20/ils_config_14135474191598378357.prm
[INFO]:[18:57:30] Starting CPLEX solver on instance: /home/yorig/tuner/mpils-tests/instances/miplib/medium-1/neos-3024952-loue.mps with config: /scratch/yorig/mpils-results-grid-seconds-5-4may/medium-1/24proc/seed-3/9_neos-3024952-loue_seed-3_20260504_185431/iterated_local_search/run_3_worker_20/ils_config_14135474191598378357.prm
[WARN]:[18:57:35] CPLEX finished without a primal feasible solution for config /scratch/yorig/mpils-results-grid-seconds-5-4may/medium-1/24proc/seed-3/9_neos-3024952-loue_seed-3_20260504_185431/iterated_local_search/run_3_worker_20/ils_config_14135474191598378357.prm.
[INFO]:[18:57:35] CPLEX results. Gap: unavailable, upper bound: null, lower bound: 24977.306777
[INFO]:[18:57:35] CPLEX solver finished. Gap: 179769313486231570814527423731704356798070567525844996598917476803157260780028538760589558632766878171540458953514382464234321326889464182768467546703537516986049910576551282076245490090389328944075868508455133942304583236903222948165808559332123348274797826204144723168738177180919299881250404026184124858368.000000
[INFO]:[18:57:35] Starting CPLEX solver on instance: /home/yorig/tuner/mpils-tests/instances/miplib/medium-1/neos-3024952-loue.mps with config: /scratch/yorig/mpils-results-grid-seconds-5-4may/medium-1/24proc/seed-3/9_neos-3024952-loue_seed-3_20260504_185431/iterated_local_search/run_3_worker_20/ils_config_4985874651920827340.prm
[INFO]:[18:57:35] Starting CPLEX solver on instance: /home/yorig/tuner/mpils-tests/instances/miplib/medium-1/neos-3024952-loue.mps with config: /scratch/yorig/mpils-results-grid-seconds-5-4may/medium-1/24proc/seed-3/9_neos-3024952-loue_seed-3_20260504_185431/iterated_local_search/run_3_worker_20/ils_config_4985874651920827340.prm
[WARN]:[18:57:40] CPLEX finished without a primal feasible solution for config /scratch/yorig/mpils-results-grid-seconds-5-4may/medium-1/24proc/seed-3/9_neos-3024952-loue_seed-3_20260504_185431/iterated_local_search/run_3_worker_20/ils_config_4985874651920827340.prm.
[INFO]:[18:57:40] CPLEX results. Gap: unavailable, upper bound: null, lower bound: 25067.730234
[INFO]:[18:57:40] CPLEX solver finished. Gap: 179769313486231570814527423731704356798070567525844996598917476803157260780028538760589558632766878171540458953514382464234321326889464182768467546703537516986049910576551282076245490090389328944075868508455133942304583236903222948165808559332123348274797826204144723168738177180919299881250404026184124858368.000000
[INFO]:[18:57:40] Starting CPLEX solver on instance: /home/yorig/tuner/mpils-tests/instances/miplib/medium-1/neos-3024952-loue.mps with config: /scratch/yorig/mpils-results-grid-seconds-5-4may/medium-1/24proc/seed-3/9_neos-3024952-loue_seed-3_20260504_185431/iterated_local_search/run_3_worker_20/ils_config_14867774992066682223.prm
[INFO]:[18:57:40] Starting CPLEX solver on instance: /home/yorig/tuner/mpils-tests/instances/miplib/medium-1/neos-3024952-loue.mps with config: /scratch/yorig/mpils-results-grid-seconds-5-4may/medium-1/24proc/seed-3/9_neos-3024952-loue_seed-3_20260504_185431/iterated_local_search/run_3_worker_20/ils_config_14867774992066682223.prm
[WARN]:[18:57:45] CPLEX finished without a primal feasible solution for config /scratch/yorig/mpils-results-grid-seconds-5-4may/medium-1/24proc/seed-3/9_neos-3024952-loue_seed-3_20260504_185431/iterated_local_search/run_3_worker_20/ils_config_14867774992066682223.prm.
[INFO]:[18:57:45] CPLEX results. Gap: unavailable, upper bound: null, lower bound: 24957.805208
[INFO]:[18:57:45] CPLEX solver finished. Gap: 179769313486231570814527423731704356798070567525844996598917476803157260780028538760589558632766878171540458953514382464234321326889464182768467546703537516986049910576551282076245490090389328944075868508455133942304583236903222948165808559332123348274797826204144723168738177180919299881250404026184124858368.000000
[INFO]:[18:57:45] Starting CPLEX solver on instance: /home/yorig/tuner/mpils-tests/instances/miplib/medium-1/neos-3024952-loue.mps with config: /scratch/yorig/mpils-results-grid-seconds-5-4may/medium-1/24proc/seed-3/9_neos-3024952-loue_seed-3_20260504_185431/iterated_local_search/run_3_worker_20/ils_config_7348517820751133163.prm
[INFO]:[18:57:45] Starting CPLEX solver on instance: /home/yorig/tuner/mpils-tests/instances/miplib/medium-1/neos-3024952-loue.mps with config: /scratch/yorig/mpils-results-grid-seconds-5-4may/medium-1/24proc/seed-3/9_neos-3024952-loue_seed-3_20260504_185431/iterated_local_search/run_3_worker_20/ils_config_7348517820751133163.prm
[WARN]:[18:57:50] CPLEX finished without a primal feasible solution for config /scratch/yorig/mpils-results-grid-seconds-5-4may/medium-1/24proc/seed-3/9_neos-3024952-loue_seed-3_20260504_185431/iterated_local_search/run_3_worker_20/ils_config_7348517820751133163.prm.
[INFO]:[18:57:50] CPLEX results. Gap: unavailable, upper bound: null, lower bound: 24494.778218
[INFO]:[18:57:50] CPLEX solver finished. Gap: 179769313486231570814527423731704356798070567525844996598917476803157260780028538760589558632766878171540458953514382464234321326889464182768467546703537516986049910576551282076245490090389328944075868508455133942304583236903222948165808559332123348274797826204144723168738177180919299881250404026184124858368.000000
[INFO]:[18:57:50] Starting CPLEX solver on instance: /home/yorig/tuner/mpils-tests/instances/miplib/medium-1/neos-3024952-loue.mps with config: /scratch/yorig/mpils-results-grid-seconds-5-4may/medium-1/24proc/seed-3/9_neos-3024952-loue_seed-3_20260504_185431/iterated_local_search/run_3_worker_20/ils_config_825220217290453129.prm
[INFO]:[18:57:50] Starting CPLEX solver on instance: /home/yorig/tuner/mpils-tests/instances/miplib/medium-1/neos-3024952-loue.mps with config: /scratch/yorig/mpils-results-grid-seconds-5-4may/medium-1/24proc/seed-3/9_neos-3024952-loue_seed-3_20260504_185431/iterated_local_search/run_3_worker_20/ils_config_825220217290453129.prm
[WARN]:[18:57:55] CPLEX finished without a primal feasible solution for config /scratch/yorig/mpils-results-grid-seconds-5-4may/medium-1/24proc/seed-3/9_neos-3024952-loue_seed-3_20260504_185431/iterated_local_search/run_3_worker_20/ils_config_825220217290453129.prm.
[INFO]:[18:57:55] CPLEX results. Gap: unavailable, upper bound: null, lower bound: 24977.276745
[INFO]:[18:57:55] CPLEX solver finished. Gap: 179769313486231570814527423731704356798070567525844996598917476803157260780028538760589558632766878171540458953514382464234321326889464182768467546703537516986049910576551282076245490090389328944075868508455133942304583236903222948165808559332123348274797826204144723168738177180919299881250404026184124858368.000000
[INFO]:[18:57:55] Local search phase completed.
[INFO]:[18:57:55] Total number of new local-search evaluations: 10
[INFO]:[18:57:55] Final incumbent objective value: 1.79769e+308
[INFO]:[18:57:55] Worker 20 completed exploration phase.
[INFO]:[18:57:55] Worker 20 received order for step 2.
[INFO]:[18:57:55] Worker 20 running expansion phase for iteration 3.
[INFO]:[18:57:55] Worker 20 will use solver log file: /scratch/yorig/mpils-results-grid-seconds-5-4may/medium-1/24proc/seed-3/9_neos-3024952-loue_seed-3_20260504_185431/solver/cplex.log_iteration_expansion_3_worker_20
[INFO]:[18:57:55] Expansion Worker 20 starting expansion for iteration 3.
[INFO]:[18:57:55] Starting CPLEX solver on instance: /home/yorig/tuner/mpils-tests/instances/miplib/medium-1/neos-3024952-loue.mps with config: /scratch/yorig/mpils-results-grid-seconds-5-4may/medium-1/24proc/seed-3/9_neos-3024952-loue_seed-3_20260504_185431/expansion/config_param_CPXPARAM_Simplex_PGradient_4_iter_3.prm
[INFO]:[18:58:00] CPLEX results. Gap: 17.120000, upper bound: 29557.000000, lower bound: 24496.967730
[INFO]:[18:58:00] CPLEX solver finished. Gap: 17.120000
[INFO]:[18:58:00] Expansion Worker 20 stopping early after global MPI expansion stop was activated.
[INFO]:[18:58:00] Expansion Worker 20 completed expansion.
[INFO]:[18:58:00] Worker 20 completed expansion phase.
[INFO]:[18:58:01] Worker 20 received order for step 1.
[INFO]:[18:58:01] Worker 20 running exploration phase for iteration 4.
[INFO]:[18:58:01] Worker 20 at iteration 4 will not use a MIP start file. Current best MIP-start upper bound threshold is 1.79769e+308.
[INFO]:[18:58:01] Starting local search phase...
[INFO]:[18:58:01] Creating local search space from parameter space file: /scratch/yorig/mpils-results-grid-seconds-5-4may/medium-1/24proc/seed-3/9_neos-3024952-loue_seed-3_20260504_185431/iterated_local_search/search_space/search_space_file_4_worker_20.txt
[INFO]:[18:58:01] Local search space loaded from file: /scratch/yorig/mpils-results-grid-seconds-5-4may/medium-1/24proc/seed-3/9_neos-3024952-loue_seed-3_20260504_185431/iterated_local_search/search_space/search_space_file_4_worker_20.txt
[INFO]:[18:58:01] Number of parameters in local search space: 71
[INFO]:[18:58:01] Number of forbidden tuples in local search space: 77
[INFO]:[18:58:01] Number of conditionals in local search space: 6
[INFO]:[18:58:01] MIP start option not enabled. Local search will proceed without MIP start.
[INFO]:[18:58:01] Evaluating initial configuration for local search phase...
[INFO]:[18:58:01] Starting CPLEX solver on instance: /home/yorig/tuner/mpils-tests/instances/miplib/medium-1/neos-3024952-loue.mps with config: /scratch/yorig/mpils-results-grid-seconds-5-4may/medium-1/24proc/seed-3/9_neos-3024952-loue_seed-3_20260504_185431/iterated_local_search/run_4_worker_20/ils_config_18187305584025261739.prm
[INFO]:[18:58:01] Starting CPLEX solver on instance: /home/yorig/tuner/mpils-tests/instances/miplib/medium-1/neos-3024952-loue.mps with config: /scratch/yorig/mpils-results-grid-seconds-5-4may/medium-1/24proc/seed-3/9_neos-3024952-loue_seed-3_20260504_185431/iterated_local_search/run_4_worker_20/ils_config_18187305584025261739.prm
[WARN]:[18:58:06] CPLEX finished without a primal feasible solution for config /scratch/yorig/mpils-results-grid-seconds-5-4may/medium-1/24proc/seed-3/9_neos-3024952-loue_seed-3_20260504_185431/iterated_local_search/run_4_worker_20/ils_config_18187305584025261739.prm.
[INFO]:[18:58:06] CPLEX results. Gap: unavailable, upper bound: null, lower bound: 24696.806386
[INFO]:[18:58:06] CPLEX solver finished. Gap: 179769313486231570814527423731704356798070567525844996598917476803157260780028538760589558632766878171540458953514382464234321326889464182768467546703537516986049910576551282076245490090389328944075868508455133942304583236903222948165808559332123348274797826204144723168738177180919299881250404026184124858368.000000
[INFO]:[18:58:06] Initial configuration evaluated with objective value: 1.79769e+308
[INFO]:[18:58:06] Starting CPLEX solver on instance: /home/yorig/tuner/mpils-tests/instances/miplib/medium-1/neos-3024952-loue.mps with config: /scratch/yorig/mpils-results-grid-seconds-5-4may/medium-1/24proc/seed-3/9_neos-3024952-loue_seed-3_20260504_185431/iterated_local_search/run_4_worker_20/ils_config_12110353472851109305.prm
[INFO]:[18:58:06] Starting CPLEX solver on instance: /home/yorig/tuner/mpils-tests/instances/miplib/medium-1/neos-3024952-loue.mps with config: /scratch/yorig/mpils-results-grid-seconds-5-4may/medium-1/24proc/seed-3/9_neos-3024952-loue_seed-3_20260504_185431/iterated_local_search/run_4_worker_20/ils_config_12110353472851109305.prm
[WARN]:[18:58:11] CPLEX finished without a primal feasible solution for config /scratch/yorig/mpils-results-grid-seconds-5-4may/medium-1/24proc/seed-3/9_neos-3024952-loue_seed-3_20260504_185431/iterated_local_search/run_4_worker_20/ils_config_12110353472851109305.prm.
[INFO]:[18:58:11] CPLEX results. Gap: unavailable, upper bound: null, lower bound: 24696.806386
[INFO]:[18:58:11] CPLEX solver finished. Gap: 179769313486231570814527423731704356798070567525844996598917476803157260780028538760589558632766878171540458953514382464234321326889464182768467546703537516986049910576551282076245490090389328944075868508455133942304583236903222948165808559332123348274797826204144723168738177180919299881250404026184124858368.000000
[INFO]:[18:58:11] Starting CPLEX solver on instance: /home/yorig/tuner/mpils-tests/instances/miplib/medium-1/neos-3024952-loue.mps with config: /scratch/yorig/mpils-results-grid-seconds-5-4may/medium-1/24proc/seed-3/9_neos-3024952-loue_seed-3_20260504_185431/iterated_local_search/run_4_worker_20/ils_config_4317616900422313253.prm
[INFO]:[18:58:11] Starting CPLEX solver on instance: /home/yorig/tuner/mpils-tests/instances/miplib/medium-1/neos-3024952-loue.mps with config: /scratch/yorig/mpils-results-grid-seconds-5-4may/medium-1/24proc/seed-3/9_neos-3024952-loue_seed-3_20260504_185431/iterated_local_search/run_4_worker_20/ils_config_4317616900422313253.prm
[WARN]:[18:58:16] CPLEX finished without a primal feasible solution for config /scratch/yorig/mpils-results-grid-seconds-5-4may/medium-1/24proc/seed-3/9_neos-3024952-loue_seed-3_20260504_185431/iterated_local_search/run_4_worker_20/ils_config_4317616900422313253.prm.
[INFO]:[18:58:16] CPLEX results. Gap: unavailable, upper bound: null, lower bound: 24536.341002
[INFO]:[18:58:16] CPLEX solver finished. Gap: 179769313486231570814527423731704356798070567525844996598917476803157260780028538760589558632766878171540458953514382464234321326889464182768467546703537516986049910576551282076245490090389328944075868508455133942304583236903222948165808559332123348274797826204144723168738177180919299881250404026184124858368.000000
[INFO]:[18:58:16] Starting CPLEX solver on instance: /home/yorig/tuner/mpils-tests/instances/miplib/medium-1/neos-3024952-loue.mps with config: /scratch/yorig/mpils-results-grid-seconds-5-4may/medium-1/24proc/seed-3/9_neos-3024952-loue_seed-3_20260504_185431/iterated_local_search/run_4_worker_20/ils_config_7503789539316779672.prm
[INFO]:[18:58:16] Starting CPLEX solver on instance: /home/yorig/tuner/mpils-tests/instances/miplib/medium-1/neos-3024952-loue.mps with config: /scratch/yorig/mpils-results-grid-seconds-5-4may/medium-1/24proc/seed-3/9_neos-3024952-loue_seed-3_20260504_185431/iterated_local_search/run_4_worker_20/ils_config_7503789539316779672.prm
[WARN]:[18:58:21] CPLEX finished without a primal feasible solution for config /scratch/yorig/mpils-results-grid-seconds-5-4may/medium-1/24proc/seed-3/9_neos-3024952-loue_seed-3_20260504_185431/iterated_local_search/run_4_worker_20/ils_config_7503789539316779672.prm.
[INFO]:[18:58:21] CPLEX results. Gap: unavailable, upper bound: null, lower bound: 24696.806386
[INFO]:[18:58:21] CPLEX solver finished. Gap: 179769313486231570814527423731704356798070567525844996598917476803157260780028538760589558632766878171540458953514382464234321326889464182768467546703537516986049910576551282076245490090389328944075868508455133942304583236903222948165808559332123348274797826204144723168738177180919299881250404026184124858368.000000
[INFO]:[18:58:21] Starting CPLEX solver on instance: /home/yorig/tuner/mpils-tests/instances/miplib/medium-1/neos-3024952-loue.mps with config: /scratch/yorig/mpils-results-grid-seconds-5-4may/medium-1/24proc/seed-3/9_neos-3024952-loue_seed-3_20260504_185431/iterated_local_search/run_4_worker_20/ils_config_6642775460184936448.prm
[INFO]:[18:58:21] Starting CPLEX solver on instance: /home/yorig/tuner/mpils-tests/instances/miplib/medium-1/neos-3024952-loue.mps with config: /scratch/yorig/mpils-results-grid-seconds-5-4may/medium-1/24proc/seed-3/9_neos-3024952-loue_seed-3_20260504_185431/iterated_local_search/run_4_worker_20/ils_config_6642775460184936448.prm
[INFO]:[18:58:26] CPLEX results. Gap: 19.790000, upper bound: 30726.000000, lower bound: 24646.494193
[INFO]:[18:58:26] CPLEX solver finished. Gap: 19.790000
[INFO]:[18:58:26] New incumbent found with objective value: 19.79
[INFO]:[18:58:26] Starting CPLEX solver on instance: /home/yorig/tuner/mpils-tests/instances/miplib/medium-1/neos-3024952-loue.mps with config: /scratch/yorig/mpils-results-grid-seconds-5-4may/medium-1/24proc/seed-3/9_neos-3024952-loue_seed-3_20260504_185431/iterated_local_search/run_4_worker_20/ils_config_14119394226345189091.prm
[INFO]:[18:58:26] Starting CPLEX solver on instance: /home/yorig/tuner/mpils-tests/instances/miplib/medium-1/neos-3024952-loue.mps with config: /scratch/yorig/mpils-results-grid-seconds-5-4may/medium-1/24proc/seed-3/9_neos-3024952-loue_seed-3_20260504_185431/iterated_local_search/run_4_worker_20/ils_config_14119394226345189091.prm
[INFO]:[18:58:31] CPLEX results. Gap: 19.490000, upper bound: 30726.000000, lower bound: 24738.027362
[INFO]:[18:58:31] CPLEX solver finished. Gap: 19.490000
[INFO]:[18:58:31] New incumbent found with objective value: 19.49
[INFO]:[18:58:31] Starting CPLEX solver on instance: /home/yorig/tuner/mpils-tests/instances/miplib/medium-1/neos-3024952-loue.mps with config: /scratch/yorig/mpils-results-grid-seconds-5-4may/medium-1/24proc/seed-3/9_neos-3024952-loue_seed-3_20260504_185431/iterated_local_search/run_4_worker_20/ils_config_5463764368202289631.prm
[INFO]:[18:58:31] Starting CPLEX solver on instance: /home/yorig/tuner/mpils-tests/instances/miplib/medium-1/neos-3024952-loue.mps with config: /scratch/yorig/mpils-results-grid-seconds-5-4may/medium-1/24proc/seed-3/9_neos-3024952-loue_seed-3_20260504_185431/iterated_local_search/run_4_worker_20/ils_config_5463764368202289631.prm
[INFO]:[18:58:36] CPLEX results. Gap: 19.490000, upper bound: 30726.000000, lower bound: 24738.027362
[INFO]:[18:58:36] CPLEX solver finished. Gap: 19.490000
[INFO]:[18:58:36] Local search phase completed.
[INFO]:[18:58:36] Total number of new local-search evaluations: 7
[INFO]:[18:58:36] Final incumbent objective value: 19.49
[INFO]:[18:58:36] Worker 20 completed exploration phase.
[INFO]:[18:58:36] Worker 20 received order for step 2.
[INFO]:[18:58:36] Worker 20 running expansion phase for iteration 4.
[INFO]:[18:58:36] Worker 20 will use solver log file: /scratch/yorig/mpils-results-grid-seconds-5-4may/medium-1/24proc/seed-3/9_neos-3024952-loue_seed-3_20260504_185431/solver/cplex.log_iteration_expansion_4_worker_20
[INFO]:[18:58:36] Expansion Worker 20 starting expansion for iteration 4.
[INFO]:[18:58:36] Starting CPLEX solver on instance: /home/yorig/tuner/mpils-tests/instances/miplib/medium-1/neos-3024952-loue.mps with config: /scratch/yorig/mpils-results-grid-seconds-5-4may/medium-1/24proc/seed-3/9_neos-3024952-loue_seed-3_20260504_185431/expansion/config_param_CPXPARAM_MIP_Limits_AggForCut_5_iter_4.prm
[INFO]:[18:58:41] CPLEX results. Gap: 10.730000, upper bound: 28582.000000, lower bound: 25514.884647
[INFO]:[18:58:41] CPLEX solver finished. Gap: 10.730000
[INFO]:[18:58:41] Expansion Worker 20 stopping early after global MPI expansion stop was activated.
[INFO]:[18:58:41] Expansion Worker 20 completed expansion.
[INFO]:[18:58:41] Worker 20 completed expansion phase.
[INFO]:[18:58:42] Worker 20 received order for step 1.
[INFO]:[18:58:42] Worker 20 running exploration phase for iteration 5.
[INFO]:[18:58:42] Worker 20 at iteration 5 will not use a MIP start file. Current best MIP-start upper bound threshold is 1.79769e+308.
[INFO]:[18:58:42] Starting local search phase...
[INFO]:[18:58:42] Creating local search space from parameter space file: /scratch/yorig/mpils-results-grid-seconds-5-4may/medium-1/24proc/seed-3/9_neos-3024952-loue_seed-3_20260504_185431/iterated_local_search/search_space/search_space_file_5_worker_20.txt
[INFO]:[18:58:42] Local search space loaded from file: /scratch/yorig/mpils-results-grid-seconds-5-4may/medium-1/24proc/seed-3/9_neos-3024952-loue_seed-3_20260504_185431/iterated_local_search/search_space/search_space_file_5_worker_20.txt
[INFO]:[18:58:42] Number of parameters in local search space: 71
[INFO]:[18:58:42] Number of forbidden tuples in local search space: 98
[INFO]:[18:58:42] Number of conditionals in local search space: 6
[INFO]:[18:58:42] MIP start option not enabled. Local search will proceed without MIP start.
[INFO]:[18:58:42] Evaluating initial configuration for local search phase...
[INFO]:[18:58:42] Starting CPLEX solver on instance: /home/yorig/tuner/mpils-tests/instances/miplib/medium-1/neos-3024952-loue.mps with config: /scratch/yorig/mpils-results-grid-seconds-5-4may/medium-1/24proc/seed-3/9_neos-3024952-loue_seed-3_20260504_185431/iterated_local_search/run_5_worker_20/ils_config_17542872875535457641.prm
[INFO]:[18:58:42] Starting CPLEX solver on instance: /home/yorig/tuner/mpils-tests/instances/miplib/medium-1/neos-3024952-loue.mps with config: /scratch/yorig/mpils-results-grid-seconds-5-4may/medium-1/24proc/seed-3/9_neos-3024952-loue_seed-3_20260504_185431/iterated_local_search/run_5_worker_20/ils_config_17542872875535457641.prm
[WARN]:[18:58:47] CPLEX finished without a primal feasible solution for config /scratch/yorig/mpils-results-grid-seconds-5-4may/medium-1/24proc/seed-3/9_neos-3024952-loue_seed-3_20260504_185431/iterated_local_search/run_5_worker_20/ils_config_17542872875535457641.prm.
[INFO]:[18:58:47] CPLEX results. Gap: unavailable, upper bound: null, lower bound: 23678.180017
[INFO]:[18:58:47] CPLEX solver finished. Gap: 179769313486231570814527423731704356798070567525844996598917476803157260780028538760589558632766878171540458953514382464234321326889464182768467546703537516986049910576551282076245490090389328944075868508455133942304583236903222948165808559332123348274797826204144723168738177180919299881250404026184124858368.000000
[INFO]:[18:58:47] Initial configuration evaluated with objective value: 1.79769e+308
[INFO]:[18:58:47] Starting CPLEX solver on instance: /home/yorig/tuner/mpils-tests/instances/miplib/medium-1/neos-3024952-loue.mps with config: /scratch/yorig/mpils-results-grid-seconds-5-4may/medium-1/24proc/seed-3/9_neos-3024952-loue_seed-3_20260504_185431/iterated_local_search/run_5_worker_20/ils_config_1642623163340842378.prm
[INFO]:[18:58:47] Starting CPLEX solver on instance: /home/yorig/tuner/mpils-tests/instances/miplib/medium-1/neos-3024952-loue.mps with config: /scratch/yorig/mpils-results-grid-seconds-5-4may/medium-1/24proc/seed-3/9_neos-3024952-loue_seed-3_20260504_185431/iterated_local_search/run_5_worker_20/ils_config_1642623163340842378.prm
[WARN]:[18:58:52] CPLEX finished without a primal feasible solution for config /scratch/yorig/mpils-results-grid-seconds-5-4may/medium-1/24proc/seed-3/9_neos-3024952-loue_seed-3_20260504_185431/iterated_local_search/run_5_worker_20/ils_config_1642623163340842378.prm.
[INFO]:[18:58:52] CPLEX results. Gap: unavailable, upper bound: null, lower bound: 23678.180017
[INFO]:[18:58:52] CPLEX solver finished. Gap: 179769313486231570814527423731704356798070567525844996598917476803157260780028538760589558632766878171540458953514382464234321326889464182768467546703537516986049910576551282076245490090389328944075868508455133942304583236903222948165808559332123348274797826204144723168738177180919299881250404026184124858368.000000
[INFO]:[18:58:52] Starting CPLEX solver on instance: /home/yorig/tuner/mpils-tests/instances/miplib/medium-1/neos-3024952-loue.mps with config: /scratch/yorig/mpils-results-grid-seconds-5-4may/medium-1/24proc/seed-3/9_neos-3024952-loue_seed-3_20260504_185431/iterated_local_search/run_5_worker_20/ils_config_4537039487091450897.prm
[INFO]:[18:58:52] Starting CPLEX solver on instance: /home/yorig/tuner/mpils-tests/instances/miplib/medium-1/neos-3024952-loue.mps with config: /scratch/yorig/mpils-results-grid-seconds-5-4may/medium-1/24proc/seed-3/9_neos-3024952-loue_seed-3_20260504_185431/iterated_local_search/run_5_worker_20/ils_config_4537039487091450897.prm
[WARN]:[18:58:57] CPLEX finished without a primal feasible solution for config /scratch/yorig/mpils-results-grid-seconds-5-4may/medium-1/24proc/seed-3/9_neos-3024952-loue_seed-3_20260504_185431/iterated_local_search/run_5_worker_20/ils_config_4537039487091450897.prm.
[INFO]:[18:58:57] CPLEX results. Gap: unavailable, upper bound: null, lower bound: 23409.273810
[INFO]:[18:58:57] CPLEX solver finished. Gap: 179769313486231570814527423731704356798070567525844996598917476803157260780028538760589558632766878171540458953514382464234321326889464182768467546703537516986049910576551282076245490090389328944075868508455133942304583236903222948165808559332123348274797826204144723168738177180919299881250404026184124858368.000000
[INFO]:[18:58:57] Starting CPLEX solver on instance: /home/yorig/tuner/mpils-tests/instances/miplib/medium-1/neos-3024952-loue.mps with config: /scratch/yorig/mpils-results-grid-seconds-5-4may/medium-1/24proc/seed-3/9_neos-3024952-loue_seed-3_20260504_185431/iterated_local_search/run_5_worker_20/ils_config_2138146903574971367.prm
[INFO]:[18:58:57] Starting CPLEX solver on instance: /home/yorig/tuner/mpils-tests/instances/miplib/medium-1/neos-3024952-loue.mps with config: /scratch/yorig/mpils-results-grid-seconds-5-4may/medium-1/24proc/seed-3/9_neos-3024952-loue_seed-3_20260504_185431/iterated_local_search/run_5_worker_20/ils_config_2138146903574971367.prm
[WARN]:[18:59:02] CPLEX finished without a primal feasible solution for config /scratch/yorig/mpils-results-grid-seconds-5-4may/medium-1/24proc/seed-3/9_neos-3024952-loue_seed-3_20260504_185431/iterated_local_search/run_5_worker_20/ils_config_2138146903574971367.prm.
[INFO]:[18:59:02] CPLEX results. Gap: unavailable, upper bound: null, lower bound: 23678.180017
[INFO]:[18:59:02] CPLEX solver finished. Gap: 179769313486231570814527423731704356798070567525844996598917476803157260780028538760589558632766878171540458953514382464234321326889464182768467546703537516986049910576551282076245490090389328944075868508455133942304583236903222948165808559332123348274797826204144723168738177180919299881250404026184124858368.000000
[INFO]:[18:59:02] Starting CPLEX solver on instance: /home/yorig/tuner/mpils-tests/instances/miplib/medium-1/neos-3024952-loue.mps with config: /scratch/yorig/mpils-results-grid-seconds-5-4may/medium-1/24proc/seed-3/9_neos-3024952-loue_seed-3_20260504_185431/iterated_local_search/run_5_worker_20/ils_config_11893699951945664012.prm
[INFO]:[18:59:02] Starting CPLEX solver on instance: /home/yorig/tuner/mpils-tests/instances/miplib/medium-1/neos-3024952-loue.mps with config: /scratch/yorig/mpils-results-grid-seconds-5-4may/medium-1/24proc/seed-3/9_neos-3024952-loue_seed-3_20260504_185431/iterated_local_search/run_5_worker_20/ils_config_11893699951945664012.prm
[WARN]:[18:59:07] CPLEX finished without a primal feasible solution for config /scratch/yorig/mpils-results-grid-seconds-5-4may/medium-1/24proc/seed-3/9_neos-3024952-loue_seed-3_20260504_185431/iterated_local_search/run_5_worker_20/ils_config_11893699951945664012.prm.
[INFO]:[18:59:07] CPLEX results. Gap: unavailable, upper bound: null, lower bound: 24197.780489
[INFO]:[18:59:07] CPLEX solver finished. Gap: 179769313486231570814527423731704356798070567525844996598917476803157260780028538760589558632766878171540458953514382464234321326889464182768467546703537516986049910576551282076245490090389328944075868508455133942304583236903222948165808559332123348274797826204144723168738177180919299881250404026184124858368.000000
[INFO]:[18:59:07] Starting CPLEX solver on instance: /home/yorig/tuner/mpils-tests/instances/miplib/medium-1/neos-3024952-loue.mps with config: /scratch/yorig/mpils-results-grid-seconds-5-4may/medium-1/24proc/seed-3/9_neos-3024952-loue_seed-3_20260504_185431/iterated_local_search/run_5_worker_20/ils_config_7886265830178663850.prm
[INFO]:[18:59:07] Starting CPLEX solver on instance: /home/yorig/tuner/mpils-tests/instances/miplib/medium-1/neos-3024952-loue.mps with config: /scratch/yorig/mpils-results-grid-seconds-5-4may/medium-1/24proc/seed-3/9_neos-3024952-loue_seed-3_20260504_185431/iterated_local_search/run_5_worker_20/ils_config_7886265830178663850.prm
[WARN]:[18:59:13] CPLEX finished without a primal feasible solution for config /scratch/yorig/mpils-results-grid-seconds-5-4may/medium-1/24proc/seed-3/9_neos-3024952-loue_seed-3_20260504_185431/iterated_local_search/run_5_worker_20/ils_config_7886265830178663850.prm.
[INFO]:[18:59:13] CPLEX results. Gap: unavailable, upper bound: null, lower bound: 23678.180017
[INFO]:[18:59:13] CPLEX solver finished. Gap: 179769313486231570814527423731704356798070567525844996598917476803157260780028538760589558632766878171540458953514382464234321326889464182768467546703537516986049910576551282076245490090389328944075868508455133942304583236903222948165808559332123348274797826204144723168738177180919299881250404026184124858368.000000
[INFO]:[18:59:13] Starting CPLEX solver on instance: /home/yorig/tuner/mpils-tests/instances/miplib/medium-1/neos-3024952-loue.mps with config: /scratch/yorig/mpils-results-grid-seconds-5-4may/medium-1/24proc/seed-3/9_neos-3024952-loue_seed-3_20260504_185431/iterated_local_search/run_5_worker_20/ils_config_736320057133272937.prm
[INFO]:[18:59:13] Starting CPLEX solver on instance: /home/yorig/tuner/mpils-tests/instances/miplib/medium-1/neos-3024952-loue.mps with config: /scratch/yorig/mpils-results-grid-seconds-5-4may/medium-1/24proc/seed-3/9_neos-3024952-loue_seed-3_20260504_185431/iterated_local_search/run_5_worker_20/ils_config_736320057133272937.prm
[WARN]:[18:59:18] CPLEX finished without a primal feasible solution for config /scratch/yorig/mpils-results-grid-seconds-5-4may/medium-1/24proc/seed-3/9_neos-3024952-loue_seed-3_20260504_185431/iterated_local_search/run_5_worker_20/ils_config_736320057133272937.prm.
[INFO]:[18:59:18] CPLEX results. Gap: unavailable, upper bound: null, lower bound: 23472.983688
[INFO]:[18:59:18] CPLEX solver finished. Gap: 179769313486231570814527423731704356798070567525844996598917476803157260780028538760589558632766878171540458953514382464234321326889464182768467546703537516986049910576551282076245490090389328944075868508455133942304583236903222948165808559332123348274797826204144723168738177180919299881250404026184124858368.000000
[INFO]:[18:59:18] Starting CPLEX solver on instance: /home/yorig/tuner/mpils-tests/instances/miplib/medium-1/neos-3024952-loue.mps with config: /scratch/yorig/mpils-results-grid-seconds-5-4may/medium-1/24proc/seed-3/9_neos-3024952-loue_seed-3_20260504_185431/iterated_local_search/run_5_worker_20/ils_config_1532433873614369555.prm
[INFO]:[18:59:18] Starting CPLEX solver on instance: /home/yorig/tuner/mpils-tests/instances/miplib/medium-1/neos-3024952-loue.mps with config: /scratch/yorig/mpils-results-grid-seconds-5-4may/medium-1/24proc/seed-3/9_neos-3024952-loue_seed-3_20260504_185431/iterated_local_search/run_5_worker_20/ils_config_1532433873614369555.prm
[WARN]:[18:59:23] CPLEX finished without a primal feasible solution for config /scratch/yorig/mpils-results-grid-seconds-5-4may/medium-1/24proc/seed-3/9_neos-3024952-loue_seed-3_20260504_185431/iterated_local_search/run_5_worker_20/ils_config_1532433873614369555.prm.
[INFO]:[18:59:23] CPLEX results. Gap: unavailable, upper bound: null, lower bound: 25227.838299
[INFO]:[18:59:23] CPLEX solver finished. Gap: 179769313486231570814527423731704356798070567525844996598917476803157260780028538760589558632766878171540458953514382464234321326889464182768467546703537516986049910576551282076245490090389328944075868508455133942304583236903222948165808559332123348274797826204144723168738177180919299881250404026184124858368.000000
[INFO]:[18:59:23] Starting CPLEX solver on instance: /home/yorig/tuner/mpils-tests/instances/miplib/medium-1/neos-3024952-loue.mps with config: /scratch/yorig/mpils-results-grid-seconds-5-4may/medium-1/24proc/seed-3/9_neos-3024952-loue_seed-3_20260504_185431/iterated_local_search/run_5_worker_20/ils_config_10219130468334220394.prm
[INFO]:[18:59:23] Starting CPLEX solver on instance: /home/yorig/tuner/mpils-tests/instances/miplib/medium-1/neos-3024952-loue.mps with config: /scratch/yorig/mpils-results-grid-seconds-5-4may/medium-1/24proc/seed-3/9_neos-3024952-loue_seed-3_20260504_185431/iterated_local_search/run_5_worker_20/ils_config_10219130468334220394.prm
[WARN]:[18:59:28] CPLEX finished without a primal feasible solution for config /scratch/yorig/mpils-results-grid-seconds-5-4may/medium-1/24proc/seed-3/9_neos-3024952-loue_seed-3_20260504_185431/iterated_local_search/run_5_worker_20/ils_config_10219130468334220394.prm.
[INFO]:[18:59:28] CPLEX results. Gap: unavailable, upper bound: null, lower bound: 23409.273810
[INFO]:[18:59:28] CPLEX solver finished. Gap: 179769313486231570814527423731704356798070567525844996598917476803157260780028538760589558632766878171540458953514382464234321326889464182768467546703537516986049910576551282076245490090389328944075868508455133942304583236903222948165808559332123348274797826204144723168738177180919299881250404026184124858368.000000
[INFO]:[18:59:28] Starting CPLEX solver on instance: /home/yorig/tuner/mpils-tests/instances/miplib/medium-1/neos-3024952-loue.mps with config: /scratch/yorig/mpils-results-grid-seconds-5-4may/medium-1/24proc/seed-3/9_neos-3024952-loue_seed-3_20260504_185431/iterated_local_search/run_5_worker_20/ils_config_6010172514175858994.prm
[INFO]:[18:59:28] Starting CPLEX solver on instance: /home/yorig/tuner/mpils-tests/instances/miplib/medium-1/neos-3024952-loue.mps with config: /scratch/yorig/mpils-results-grid-seconds-5-4may/medium-1/24proc/seed-3/9_neos-3024952-loue_seed-3_20260504_185431/iterated_local_search/run_5_worker_20/ils_config_6010172514175858994.prm
[WARN]:[18:59:33] CPLEX finished without a primal feasible solution for config /scratch/yorig/mpils-results-grid-seconds-5-4may/medium-1/24proc/seed-3/9_neos-3024952-loue_seed-3_20260504_185431/iterated_local_search/run_5_worker_20/ils_config_6010172514175858994.prm.
[INFO]:[18:59:33] CPLEX results. Gap: unavailable, upper bound: null, lower bound: 23409.273810
[INFO]:[18:59:33] CPLEX solver finished. Gap: 179769313486231570814527423731704356798070567525844996598917476803157260780028538760589558632766878171540458953514382464234321326889464182768467546703537516986049910576551282076245490090389328944075868508455133942304583236903222948165808559332123348274797826204144723168738177180919299881250404026184124858368.000000
[INFO]:[18:59:33] Starting CPLEX solver on instance: /home/yorig/tuner/mpils-tests/instances/miplib/medium-1/neos-3024952-loue.mps with config: /scratch/yorig/mpils-results-grid-seconds-5-4may/medium-1/24proc/seed-3/9_neos-3024952-loue_seed-3_20260504_185431/iterated_local_search/run_5_worker_20/ils_config_4013589094284486193.prm
[INFO]:[18:59:33] Starting CPLEX solver on instance: /home/yorig/tuner/mpils-tests/instances/miplib/medium-1/neos-3024952-loue.mps with config: /scratch/yorig/mpils-results-grid-seconds-5-4may/medium-1/24proc/seed-3/9_neos-3024952-loue_seed-3_20260504_185431/iterated_local_search/run_5_worker_20/ils_config_4013589094284486193.prm
[WARN]:[18:59:38] CPLEX finished without a primal feasible solution for config /scratch/yorig/mpils-results-grid-seconds-5-4may/medium-1/24proc/seed-3/9_neos-3024952-loue_seed-3_20260504_185431/iterated_local_search/run_5_worker_20/ils_config_4013589094284486193.prm.
[INFO]:[18:59:38] CPLEX results. Gap: unavailable, upper bound: null, lower bound: 23966.192157
[INFO]:[18:59:38] CPLEX solver finished. Gap: 179769313486231570814527423731704356798070567525844996598917476803157260780028538760589558632766878171540458953514382464234321326889464182768467546703537516986049910576551282076245490090389328944075868508455133942304583236903222948165808559332123348274797826204144723168738177180919299881250404026184124858368.000000
[INFO]:[18:59:38] Starting CPLEX solver on instance: /home/yorig/tuner/mpils-tests/instances/miplib/medium-1/neos-3024952-loue.mps with config: /scratch/yorig/mpils-results-grid-seconds-5-4may/medium-1/24proc/seed-3/9_neos-3024952-loue_seed-3_20260504_185431/iterated_local_search/run_5_worker_20/ils_config_7956430571106865817.prm
[INFO]:[18:59:38] Starting CPLEX solver on instance: /home/yorig/tuner/mpils-tests/instances/miplib/medium-1/neos-3024952-loue.mps with config: /scratch/yorig/mpils-results-grid-seconds-5-4may/medium-1/24proc/seed-3/9_neos-3024952-loue_seed-3_20260504_185431/iterated_local_search/run_5_worker_20/ils_config_7956430571106865817.prm
[WARN]:[18:59:43] CPLEX finished without a primal feasible solution for config /scratch/yorig/mpils-results-grid-seconds-5-4may/medium-1/24proc/seed-3/9_neos-3024952-loue_seed-3_20260504_185431/iterated_local_search/run_5_worker_20/ils_config_7956430571106865817.prm.
[INFO]:[18:59:43] CPLEX results. Gap: unavailable, upper bound: null, lower bound: 23475.300000
[INFO]:[18:59:43] CPLEX solver finished. Gap: 179769313486231570814527423731704356798070567525844996598917476803157260780028538760589558632766878171540458953514382464234321326889464182768467546703537516986049910576551282076245490090389328944075868508455133942304583236903222948165808559332123348274797826204144723168738177180919299881250404026184124858368.000000
[INFO]:[18:59:43] Starting CPLEX solver on instance: /home/yorig/tuner/mpils-tests/instances/miplib/medium-1/neos-3024952-loue.mps with config: /scratch/yorig/mpils-results-grid-seconds-5-4may/medium-1/24proc/seed-3/9_neos-3024952-loue_seed-3_20260504_185431/iterated_local_search/run_5_worker_20/ils_config_8568865605820511455.prm
[INFO]:[18:59:43] Starting CPLEX solver on instance: /home/yorig/tuner/mpils-tests/instances/miplib/medium-1/neos-3024952-loue.mps with config: /scratch/yorig/mpils-results-grid-seconds-5-4may/medium-1/24proc/seed-3/9_neos-3024952-loue_seed-3_20260504_185431/iterated_local_search/run_5_worker_20/ils_config_8568865605820511455.prm
[WARN]:[18:59:48] CPLEX finished without a primal feasible solution for config /scratch/yorig/mpils-results-grid-seconds-5-4may/medium-1/24proc/seed-3/9_neos-3024952-loue_seed-3_20260504_185431/iterated_local_search/run_5_worker_20/ils_config_8568865605820511455.prm.
[INFO]:[18:59:48] CPLEX results. Gap: unavailable, upper bound: null, lower bound: 22882.000000
[INFO]:[18:59:48] CPLEX solver finished. Gap: 179769313486231570814527423731704356798070567525844996598917476803157260780028538760589558632766878171540458953514382464234321326889464182768467546703537516986049910576551282076245490090389328944075868508455133942304583236903222948165808559332123348274797826204144723168738177180919299881250404026184124858368.000000
[INFO]:[18:59:48] Starting CPLEX solver on instance: /home/yorig/tuner/mpils-tests/instances/miplib/medium-1/neos-3024952-loue.mps with config: /scratch/yorig/mpils-results-grid-seconds-5-4may/medium-1/24proc/seed-3/9_neos-3024952-loue_seed-3_20260504_185431/iterated_local_search/run_5_worker_20/ils_config_3791696232464374552.prm
[INFO]:[18:59:48] Starting CPLEX solver on instance: /home/yorig/tuner/mpils-tests/instances/miplib/medium-1/neos-3024952-loue.mps with config: /scratch/yorig/mpils-results-grid-seconds-5-4may/medium-1/24proc/seed-3/9_neos-3024952-loue_seed-3_20260504_185431/iterated_local_search/run_5_worker_20/ils_config_3791696232464374552.prm
[WARN]:[18:59:53] CPLEX finished without a primal feasible solution for config /scratch/yorig/mpils-results-grid-seconds-5-4may/medium-1/24proc/seed-3/9_neos-3024952-loue_seed-3_20260504_185431/iterated_local_search/run_5_worker_20/ils_config_3791696232464374552.prm.
[INFO]:[18:59:53] CPLEX results. Gap: unavailable, upper bound: null, lower bound: 23434.187500
[INFO]:[18:59:53] CPLEX solver finished. Gap: 179769313486231570814527423731704356798070567525844996598917476803157260780028538760589558632766878171540458953514382464234321326889464182768467546703537516986049910576551282076245490090389328944075868508455133942304583236903222948165808559332123348274797826204144723168738177180919299881250404026184124858368.000000
[INFO]:[18:59:53] Starting CPLEX solver on instance: /home/yorig/tuner/mpils-tests/instances/miplib/medium-1/neos-3024952-loue.mps with config: /scratch/yorig/mpils-results-grid-seconds-5-4may/medium-1/24proc/seed-3/9_neos-3024952-loue_seed-3_20260504_185431/iterated_local_search/run_5_worker_20/ils_config_812290855003970218.prm
[INFO]:[18:59:53] Starting CPLEX solver on instance: /home/yorig/tuner/mpils-tests/instances/miplib/medium-1/neos-3024952-loue.mps with config: /scratch/yorig/mpils-results-grid-seconds-5-4may/medium-1/24proc/seed-3/9_neos-3024952-loue_seed-3_20260504_185431/iterated_local_search/run_5_worker_20/ils_config_812290855003970218.prm
[WARN]:[18:59:58] CPLEX finished without a primal feasible solution for config /scratch/yorig/mpils-results-grid-seconds-5-4may/medium-1/24proc/seed-3/9_neos-3024952-loue_seed-3_20260504_185431/iterated_local_search/run_5_worker_20/ils_config_812290855003970218.prm.
[INFO]:[18:59:58] CPLEX results. Gap: unavailable, upper bound: null, lower bound: 23678.180017
[INFO]:[18:59:58] CPLEX solver finished. Gap: 179769313486231570814527423731704356798070567525844996598917476803157260780028538760589558632766878171540458953514382464234321326889464182768467546703537516986049910576551282076245490090389328944075868508455133942304583236903222948165808559332123348274797826204144723168738177180919299881250404026184124858368.000000
[INFO]:[18:59:58] Starting CPLEX solver on instance: /home/yorig/tuner/mpils-tests/instances/miplib/medium-1/neos-3024952-loue.mps with config: /scratch/yorig/mpils-results-grid-seconds-5-4may/medium-1/24proc/seed-3/9_neos-3024952-loue_seed-3_20260504_185431/iterated_local_search/run_5_worker_20/ils_config_6058731566848795595.prm
[INFO]:[18:59:58] Starting CPLEX solver on instance: /home/yorig/tuner/mpils-tests/instances/miplib/medium-1/neos-3024952-loue.mps with config: /scratch/yorig/mpils-results-grid-seconds-5-4may/medium-1/24proc/seed-3/9_neos-3024952-loue_seed-3_20260504_185431/iterated_local_search/run_5_worker_20/ils_config_6058731566848795595.prm
[WARN]:[19:00:03] CPLEX finished without a primal feasible solution for config /scratch/yorig/mpils-results-grid-seconds-5-4may/medium-1/24proc/seed-3/9_neos-3024952-loue_seed-3_20260504_185431/iterated_local_search/run_5_worker_20/ils_config_6058731566848795595.prm.
[INFO]:[19:00:03] CPLEX results. Gap: unavailable, upper bound: null, lower bound: 23678.180017
[INFO]:[19:00:03] CPLEX solver finished. Gap: 179769313486231570814527423731704356798070567525844996598917476803157260780028538760589558632766878171540458953514382464234321326889464182768467546703537516986049910576551282076245490090389328944075868508455133942304583236903222948165808559332123348274797826204144723168738177180919299881250404026184124858368.000000
[INFO]:[19:00:03] Starting CPLEX solver on instance: /home/yorig/tuner/mpils-tests/instances/miplib/medium-1/neos-3024952-loue.mps with config: /scratch/yorig/mpils-results-grid-seconds-5-4may/medium-1/24proc/seed-3/9_neos-3024952-loue_seed-3_20260504_185431/iterated_local_search/run_5_worker_20/ils_config_3133869980961265662.prm
[INFO]:[19:00:03] Starting CPLEX solver on instance: /home/yorig/tuner/mpils-tests/instances/miplib/medium-1/neos-3024952-loue.mps with config: /scratch/yorig/mpils-results-grid-seconds-5-4may/medium-1/24proc/seed-3/9_neos-3024952-loue_seed-3_20260504_185431/iterated_local_search/run_5_worker_20/ils_config_3133869980961265662.prm
[WARN]:[19:00:08] CPLEX finished without a primal feasible solution for config /scratch/yorig/mpils-results-grid-seconds-5-4may/medium-1/24proc/seed-3/9_neos-3024952-loue_seed-3_20260504_185431/iterated_local_search/run_5_worker_20/ils_config_3133869980961265662.prm.
[INFO]:[19:00:08] CPLEX results. Gap: unavailable, upper bound: null, lower bound: 23678.180017
[INFO]:[19:00:08] CPLEX solver finished. Gap: 179769313486231570814527423731704356798070567525844996598917476803157260780028538760589558632766878171540458953514382464234321326889464182768467546703537516986049910576551282076245490090389328944075868508455133942304583236903222948165808559332123348274797826204144723168738177180919299881250404026184124858368.000000
[INFO]:[19:00:08] Starting CPLEX solver on instance: /home/yorig/tuner/mpils-tests/instances/miplib/medium-1/neos-3024952-loue.mps with config: /scratch/yorig/mpils-results-grid-seconds-5-4may/medium-1/24proc/seed-3/9_neos-3024952-loue_seed-3_20260504_185431/iterated_local_search/run_5_worker_20/ils_config_141666836370706539.prm
[INFO]:[19:00:08] Starting CPLEX solver on instance: /home/yorig/tuner/mpils-tests/instances/miplib/medium-1/neos-3024952-loue.mps with config: /scratch/yorig/mpils-results-grid-seconds-5-4may/medium-1/24proc/seed-3/9_neos-3024952-loue_seed-3_20260504_185431/iterated_local_search/run_5_worker_20/ils_config_141666836370706539.prm
[WARN]:[19:00:13] CPLEX finished without a primal feasible solution for config /scratch/yorig/mpils-results-grid-seconds-5-4may/medium-1/24proc/seed-3/9_neos-3024952-loue_seed-3_20260504_185431/iterated_local_search/run_5_worker_20/ils_config_141666836370706539.prm.
[INFO]:[19:00:13] CPLEX results. Gap: unavailable, upper bound: null, lower bound: 25176.147447
[INFO]:[19:00:13] CPLEX solver finished. Gap: 179769313486231570814527423731704356798070567525844996598917476803157260780028538760589558632766878171540458953514382464234321326889464182768467546703537516986049910576551282076245490090389328944075868508455133942304583236903222948165808559332123348274797826204144723168738177180919299881250404026184124858368.000000
[INFO]:[19:00:13] Starting CPLEX solver on instance: /home/yorig/tuner/mpils-tests/instances/miplib/medium-1/neos-3024952-loue.mps with config: /scratch/yorig/mpils-results-grid-seconds-5-4may/medium-1/24proc/seed-3/9_neos-3024952-loue_seed-3_20260504_185431/iterated_local_search/run_5_worker_20/ils_config_7104070011126209998.prm
[INFO]:[19:00:13] Starting CPLEX solver on instance: /home/yorig/tuner/mpils-tests/instances/miplib/medium-1/neos-3024952-loue.mps with config: /scratch/yorig/mpils-results-grid-seconds-5-4may/medium-1/24proc/seed-3/9_neos-3024952-loue_seed-3_20260504_185431/iterated_local_search/run_5_worker_20/ils_config_7104070011126209998.prm
[WARN]:[19:00:18] CPLEX finished without a primal feasible solution for config /scratch/yorig/mpils-results-grid-seconds-5-4may/medium-1/24proc/seed-3/9_neos-3024952-loue_seed-3_20260504_185431/iterated_local_search/run_5_worker_20/ils_config_7104070011126209998.prm.
[INFO]:[19:00:18] CPLEX results. Gap: unavailable, upper bound: null, lower bound: 23678.180017
[INFO]:[19:00:18] CPLEX solver finished. Gap: 179769313486231570814527423731704356798070567525844996598917476803157260780028538760589558632766878171540458953514382464234321326889464182768467546703537516986049910576551282076245490090389328944075868508455133942304583236903222948165808559332123348274797826204144723168738177180919299881250404026184124858368.000000
[INFO]:[19:00:18] Starting CPLEX solver on instance: /home/yorig/tuner/mpils-tests/instances/miplib/medium-1/neos-3024952-loue.mps with config: /scratch/yorig/mpils-results-grid-seconds-5-4may/medium-1/24proc/seed-3/9_neos-3024952-loue_seed-3_20260504_185431/iterated_local_search/run_5_worker_20/ils_config_14153167569490616044.prm
[INFO]:[19:00:18] Starting CPLEX solver on instance: /home/yorig/tuner/mpils-tests/instances/miplib/medium-1/neos-3024952-loue.mps with config: /scratch/yorig/mpils-results-grid-seconds-5-4may/medium-1/24proc/seed-3/9_neos-3024952-loue_seed-3_20260504_185431/iterated_local_search/run_5_worker_20/ils_config_14153167569490616044.prm
[WARN]:[19:00:23] CPLEX finished without a primal feasible solution for config /scratch/yorig/mpils-results-grid-seconds-5-4may/medium-1/24proc/seed-3/9_neos-3024952-loue_seed-3_20260504_185431/iterated_local_search/run_5_worker_20/ils_config_14153167569490616044.prm.
[INFO]:[19:00:23] CPLEX results. Gap: unavailable, upper bound: null, lower bound: 23504.966667
[INFO]:[19:00:23] CPLEX solver finished. Gap: 179769313486231570814527423731704356798070567525844996598917476803157260780028538760589558632766878171540458953514382464234321326889464182768467546703537516986049910576551282076245490090389328944075868508455133942304583236903222948165808559332123348274797826204144723168738177180919299881250404026184124858368.000000
[INFO]:[19:00:23] Starting CPLEX solver on instance: /home/yorig/tuner/mpils-tests/instances/miplib/medium-1/neos-3024952-loue.mps with config: /scratch/yorig/mpils-results-grid-seconds-5-4may/medium-1/24proc/seed-3/9_neos-3024952-loue_seed-3_20260504_185431/iterated_local_search/run_5_worker_20/ils_config_3680580943889087627.prm
[INFO]:[19:00:23] Starting CPLEX solver on instance: /home/yorig/tuner/mpils-tests/instances/miplib/medium-1/neos-3024952-loue.mps with config: /scratch/yorig/mpils-results-grid-seconds-5-4may/medium-1/24proc/seed-3/9_neos-3024952-loue_seed-3_20260504_185431/iterated_local_search/run_5_worker_20/ils_config_3680580943889087627.prm
[WARN]:[19:00:28] CPLEX finished without a primal feasible solution for config /scratch/yorig/mpils-results-grid-seconds-5-4may/medium-1/24proc/seed-3/9_neos-3024952-loue_seed-3_20260504_185431/iterated_local_search/run_5_worker_20/ils_config_3680580943889087627.prm.
[INFO]:[19:00:28] CPLEX results. Gap: unavailable, upper bound: null, lower bound: 25296.697514
[INFO]:[19:00:28] CPLEX solver finished. Gap: 179769313486231570814527423731704356798070567525844996598917476803157260780028538760589558632766878171540458953514382464234321326889464182768467546703537516986049910576551282076245490090389328944075868508455133942304583236903222948165808559332123348274797826204144723168738177180919299881250404026184124858368.000000
[INFO]:[19:00:28] Starting CPLEX solver on instance: /home/yorig/tuner/mpils-tests/instances/miplib/medium-1/neos-3024952-loue.mps with config: /scratch/yorig/mpils-results-grid-seconds-5-4may/medium-1/24proc/seed-3/9_neos-3024952-loue_seed-3_20260504_185431/iterated_local_search/run_5_worker_20/ils_config_7390798055073211402.prm
[INFO]:[19:00:28] Starting CPLEX solver on instance: /home/yorig/tuner/mpils-tests/instances/miplib/medium-1/neos-3024952-loue.mps with config: /scratch/yorig/mpils-results-grid-seconds-5-4may/medium-1/24proc/seed-3/9_neos-3024952-loue_seed-3_20260504_185431/iterated_local_search/run_5_worker_20/ils_config_7390798055073211402.prm
[WARN]:[19:00:33] CPLEX finished without a primal feasible solution for config /scratch/yorig/mpils-results-grid-seconds-5-4may/medium-1/24proc/seed-3/9_neos-3024952-loue_seed-3_20260504_185431/iterated_local_search/run_5_worker_20/ils_config_7390798055073211402.prm.
[INFO]:[19:00:33] CPLEX results. Gap: unavailable, upper bound: null, lower bound: 23430.454545
[INFO]:[19:00:33] CPLEX solver finished. Gap: 179769313486231570814527423731704356798070567525844996598917476803157260780028538760589558632766878171540458953514382464234321326889464182768467546703537516986049910576551282076245490090389328944075868508455133942304583236903222948165808559332123348274797826204144723168738177180919299881250404026184124858368.000000
[INFO]:[19:00:33] Starting CPLEX solver on instance: /home/yorig/tuner/mpils-tests/instances/miplib/medium-1/neos-3024952-loue.mps with config: /scratch/yorig/mpils-results-grid-seconds-5-4may/medium-1/24proc/seed-3/9_neos-3024952-loue_seed-3_20260504_185431/iterated_local_search/run_5_worker_20/ils_config_12874810825867996521.prm
[INFO]:[19:00:33] Starting CPLEX solver on instance: /home/yorig/tuner/mpils-tests/instances/miplib/medium-1/neos-3024952-loue.mps with config: /scratch/yorig/mpils-results-grid-seconds-5-4may/medium-1/24proc/seed-3/9_neos-3024952-loue_seed-3_20260504_185431/iterated_local_search/run_5_worker_20/ils_config_12874810825867996521.prm
[WARN]:[19:00:38] CPLEX finished without a primal feasible solution for config /scratch/yorig/mpils-results-grid-seconds-5-4may/medium-1/24proc/seed-3/9_neos-3024952-loue_seed-3_20260504_185431/iterated_local_search/run_5_worker_20/ils_config_12874810825867996521.prm.
[INFO]:[19:00:38] CPLEX results. Gap: unavailable, upper bound: null, lower bound: 23678.180017
[INFO]:[19:00:38] CPLEX solver finished. Gap: 179769313486231570814527423731704356798070567525844996598917476803157260780028538760589558632766878171540458953514382464234321326889464182768467546703537516986049910576551282076245490090389328944075868508455133942304583236903222948165808559332123348274797826204144723168738177180919299881250404026184124858368.000000
[INFO]:[19:00:38] Starting CPLEX solver on instance: /home/yorig/tuner/mpils-tests/instances/miplib/medium-1/neos-3024952-loue.mps with config: /scratch/yorig/mpils-results-grid-seconds-5-4may/medium-1/24proc/seed-3/9_neos-3024952-loue_seed-3_20260504_185431/iterated_local_search/run_5_worker_20/ils_config_7924174301157180668.prm
[INFO]:[19:00:38] Starting CPLEX solver on instance: /home/yorig/tuner/mpils-tests/instances/miplib/medium-1/neos-3024952-loue.mps with config: /scratch/yorig/mpils-results-grid-seconds-5-4may/medium-1/24proc/seed-3/9_neos-3024952-loue_seed-3_20260504_185431/iterated_local_search/run_5_worker_20/ils_config_7924174301157180668.prm
[WARN]:[19:00:43] CPLEX finished without a primal feasible solution for config /scratch/yorig/mpils-results-grid-seconds-5-4may/medium-1/24proc/seed-3/9_neos-3024952-loue_seed-3_20260504_185431/iterated_local_search/run_5_worker_20/ils_config_7924174301157180668.prm.
[INFO]:[19:00:43] CPLEX results. Gap: unavailable, upper bound: null, lower bound: 23439.758333
[INFO]:[19:00:43] CPLEX solver finished. Gap: 179769313486231570814527423731704356798070567525844996598917476803157260780028538760589558632766878171540458953514382464234321326889464182768467546703537516986049910576551282076245490090389328944075868508455133942304583236903222948165808559332123348274797826204144723168738177180919299881250404026184124858368.000000
[INFO]:[19:00:43] Starting CPLEX solver on instance: /home/yorig/tuner/mpils-tests/instances/miplib/medium-1/neos-3024952-loue.mps with config: /scratch/yorig/mpils-results-grid-seconds-5-4may/medium-1/24proc/seed-3/9_neos-3024952-loue_seed-3_20260504_185431/iterated_local_search/run_5_worker_20/ils_config_5829083169565467082.prm
[INFO]:[19:00:43] Starting CPLEX solver on instance: /home/yorig/tuner/mpils-tests/instances/miplib/medium-1/neos-3024952-loue.mps with config: /scratch/yorig/mpils-results-grid-seconds-5-4may/medium-1/24proc/seed-3/9_neos-3024952-loue_seed-3_20260504_185431/iterated_local_search/run_5_worker_20/ils_config_5829083169565467082.prm
[WARN]:[19:00:48] CPLEX finished without a primal feasible solution for config /scratch/yorig/mpils-results-grid-seconds-5-4may/medium-1/24proc/seed-3/9_neos-3024952-loue_seed-3_20260504_185431/iterated_local_search/run_5_worker_20/ils_config_5829083169565467082.prm.
[INFO]:[19:00:48] CPLEX results. Gap: unavailable, upper bound: null, lower bound: 23678.180017
[INFO]:[19:00:48] CPLEX solver finished. Gap: 179769313486231570814527423731704356798070567525844996598917476803157260780028538760589558632766878171540458953514382464234321326889464182768467546703537516986049910576551282076245490090389328944075868508455133942304583236903222948165808559332123348274797826204144723168738177180919299881250404026184124858368.000000
[INFO]:[19:00:48] Starting CPLEX solver on instance: /home/yorig/tuner/mpils-tests/instances/miplib/medium-1/neos-3024952-loue.mps with config: /scratch/yorig/mpils-results-grid-seconds-5-4may/medium-1/24proc/seed-3/9_neos-3024952-loue_seed-3_20260504_185431/iterated_local_search/run_5_worker_20/ils_config_15950380144637280851.prm
[INFO]:[19:00:48] Starting CPLEX solver on instance: /home/yorig/tuner/mpils-tests/instances/miplib/medium-1/neos-3024952-loue.mps with config: /scratch/yorig/mpils-results-grid-seconds-5-4may/medium-1/24proc/seed-3/9_neos-3024952-loue_seed-3_20260504_185431/iterated_local_search/run_5_worker_20/ils_config_15950380144637280851.prm
[WARN]:[19:00:53] CPLEX finished without a primal feasible solution for config /scratch/yorig/mpils-results-grid-seconds-5-4may/medium-1/24proc/seed-3/9_neos-3024952-loue_seed-3_20260504_185431/iterated_local_search/run_5_worker_20/ils_config_15950380144637280851.prm.
[INFO]:[19:00:53] CPLEX results. Gap: unavailable, upper bound: null, lower bound: 23678.180017
[INFO]:[19:00:53] CPLEX solver finished. Gap: 179769313486231570814527423731704356798070567525844996598917476803157260780028538760589558632766878171540458953514382464234321326889464182768467546703537516986049910576551282076245490090389328944075868508455133942304583236903222948165808559332123348274797826204144723168738177180919299881250404026184124858368.000000
[INFO]:[19:00:53] Starting CPLEX solver on instance: /home/yorig/tuner/mpils-tests/instances/miplib/medium-1/neos-3024952-loue.mps with config: /scratch/yorig/mpils-results-grid-seconds-5-4may/medium-1/24proc/seed-3/9_neos-3024952-loue_seed-3_20260504_185431/iterated_local_search/run_5_worker_20/ils_config_17450276887183664400.prm
[INFO]:[19:00:53] Starting CPLEX solver on instance: /home/yorig/tuner/mpils-tests/instances/miplib/medium-1/neos-3024952-loue.mps with config: /scratch/yorig/mpils-results-grid-seconds-5-4may/medium-1/24proc/seed-3/9_neos-3024952-loue_seed-3_20260504_185431/iterated_local_search/run_5_worker_20/ils_config_17450276887183664400.prm
[WARN]:[19:00:58] CPLEX finished without a primal feasible solution for config /scratch/yorig/mpils-results-grid-seconds-5-4may/medium-1/24proc/seed-3/9_neos-3024952-loue_seed-3_20260504_185431/iterated_local_search/run_5_worker_20/ils_config_17450276887183664400.prm.
[INFO]:[19:00:58] CPLEX results. Gap: unavailable, upper bound: null, lower bound: 23405.514286
[INFO]:[19:00:58] CPLEX solver finished. Gap: 179769313486231570814527423731704356798070567525844996598917476803157260780028538760589558632766878171540458953514382464234321326889464182768467546703537516986049910576551282076245490090389328944075868508455133942304583236903222948165808559332123348274797826204144723168738177180919299881250404026184124858368.000000
[INFO]:[19:00:58] Starting CPLEX solver on instance: /home/yorig/tuner/mpils-tests/instances/miplib/medium-1/neos-3024952-loue.mps with config: /scratch/yorig/mpils-results-grid-seconds-5-4may/medium-1/24proc/seed-3/9_neos-3024952-loue_seed-3_20260504_185431/iterated_local_search/run_5_worker_20/ils_config_11709770402890234064.prm
[INFO]:[19:00:58] Starting CPLEX solver on instance: /home/yorig/tuner/mpils-tests/instances/miplib/medium-1/neos-3024952-loue.mps with config: /scratch/yorig/mpils-results-grid-seconds-5-4may/medium-1/24proc/seed-3/9_neos-3024952-loue_seed-3_20260504_185431/iterated_local_search/run_5_worker_20/ils_config_11709770402890234064.prm
[WARN]:[19:01:03] CPLEX finished without a primal feasible solution for config /scratch/yorig/mpils-results-grid-seconds-5-4may/medium-1/24proc/seed-3/9_neos-3024952-loue_seed-3_20260504_185431/iterated_local_search/run_5_worker_20/ils_config_11709770402890234064.prm.
[INFO]:[19:01:03] CPLEX results. Gap: unavailable, upper bound: null, lower bound: 23678.180017
[INFO]:[19:01:03] CPLEX solver finished. Gap: 179769313486231570814527423731704356798070567525844996598917476803157260780028538760589558632766878171540458953514382464234321326889464182768467546703537516986049910576551282076245490090389328944075868508455133942304583236903222948165808559332123348274797826204144723168738177180919299881250404026184124858368.000000
[INFO]:[19:01:03] Starting CPLEX solver on instance: /home/yorig/tuner/mpils-tests/instances/miplib/medium-1/neos-3024952-loue.mps with config: /scratch/yorig/mpils-results-grid-seconds-5-4may/medium-1/24proc/seed-3/9_neos-3024952-loue_seed-3_20260504_185431/iterated_local_search/run_5_worker_20/ils_config_10938191884148039105.prm
[INFO]:[19:01:03] Starting CPLEX solver on instance: /home/yorig/tuner/mpils-tests/instances/miplib/medium-1/neos-3024952-loue.mps with config: /scratch/yorig/mpils-results-grid-seconds-5-4may/medium-1/24proc/seed-3/9_neos-3024952-loue_seed-3_20260504_185431/iterated_local_search/run_5_worker_20/ils_config_10938191884148039105.prm
[WARN]:[19:01:08] CPLEX finished without a primal feasible solution for config /scratch/yorig/mpils-results-grid-seconds-5-4may/medium-1/24proc/seed-3/9_neos-3024952-loue_seed-3_20260504_185431/iterated_local_search/run_5_worker_20/ils_config_10938191884148039105.prm.
[INFO]:[19:01:08] CPLEX results. Gap: unavailable, upper bound: null, lower bound: 23678.180017
[INFO]:[19:01:08] CPLEX solver finished. Gap: 179769313486231570814527423731704356798070567525844996598917476803157260780028538760589558632766878171540458953514382464234321326889464182768467546703537516986049910576551282076245490090389328944075868508455133942304583236903222948165808559332123348274797826204144723168738177180919299881250404026184124858368.000000
[INFO]:[19:01:08] Starting CPLEX solver on instance: /home/yorig/tuner/mpils-tests/instances/miplib/medium-1/neos-3024952-loue.mps with config: /scratch/yorig/mpils-results-grid-seconds-5-4may/medium-1/24proc/seed-3/9_neos-3024952-loue_seed-3_20260504_185431/iterated_local_search/run_5_worker_20/ils_config_7141690883554533066.prm
[INFO]:[19:01:08] Starting CPLEX solver on instance: /home/yorig/tuner/mpils-tests/instances/miplib/medium-1/neos-3024952-loue.mps with config: /scratch/yorig/mpils-results-grid-seconds-5-4may/medium-1/24proc/seed-3/9_neos-3024952-loue_seed-3_20260504_185431/iterated_local_search/run_5_worker_20/ils_config_7141690883554533066.prm
[WARN]:[19:01:13] CPLEX finished without a primal feasible solution for config /scratch/yorig/mpils-results-grid-seconds-5-4may/medium-1/24proc/seed-3/9_neos-3024952-loue_seed-3_20260504_185431/iterated_local_search/run_5_worker_20/ils_config_7141690883554533066.prm.
[INFO]:[19:01:13] CPLEX results. Gap: unavailable, upper bound: null, lower bound: 23678.180017
[INFO]:[19:01:13] CPLEX solver finished. Gap: 179769313486231570814527423731704356798070567525844996598917476803157260780028538760589558632766878171540458953514382464234321326889464182768467546703537516986049910576551282076245490090389328944075868508455133942304583236903222948165808559332123348274797826204144723168738177180919299881250404026184124858368.000000
[INFO]:[19:01:13] Local search phase completed.
[INFO]:[19:01:13] Total number of new local-search evaluations: 30
[INFO]:[19:01:13] Final incumbent objective value: 1.79769e+308
[INFO]:[19:01:14] Worker 20 completed exploration phase.
[INFO]:[19:01:14] Worker 20 received order for step 2.
[INFO]:[19:01:14] Worker 20 running expansion phase for iteration 5.
[INFO]:[19:01:14] Worker 20 will use solver log file: /scratch/yorig/mpils-results-grid-seconds-5-4may/medium-1/24proc/seed-3/9_neos-3024952-loue_seed-3_20260504_185431/solver/cplex.log_iteration_expansion_5_worker_20
[INFO]:[19:01:14] Expansion Worker 20 starting expansion for iteration 5.
[INFO]:[19:01:14] Starting CPLEX solver on instance: /home/yorig/tuner/mpils-tests/instances/miplib/medium-1/neos-3024952-loue.mps with config: /scratch/yorig/mpils-results-grid-seconds-5-4may/medium-1/24proc/seed-3/9_neos-3024952-loue_seed-3_20260504_185431/expansion/config_param_CPXPARAM_Feasopt_Mode_1_iter_5.prm
[INFO]:[19:01:19] CPLEX results. Gap: 6.850000, upper bound: 27844.000000, lower bound: 25935.661012
[INFO]:[19:01:19] CPLEX solver finished. Gap: 6.850000
[INFO]:[19:01:19] Expansion Worker 20 stopping early after global MPI expansion stop was activated.
[INFO]:[19:01:19] Expansion Worker 20 completed expansion.
[INFO]:[19:01:19] Worker 20 completed expansion phase.
[INFO]:[19:01:21] Worker 20 received order for step 1.
[INFO]:[19:01:21] Worker 20 running exploration phase for iteration 6.
[INFO]:[19:01:21] Worker 20 at iteration 6 will not use a MIP start file. Current best MIP-start upper bound threshold is 1.79769e+308.
[INFO]:[19:01:21] Starting local search phase...
[INFO]:[19:01:21] Creating local search space from parameter space file: /scratch/yorig/mpils-results-grid-seconds-5-4may/medium-1/24proc/seed-3/9_neos-3024952-loue_seed-3_20260504_185431/iterated_local_search/search_space/search_space_file_6_worker_20.txt
[INFO]:[19:01:21] Local search space loaded from file: /scratch/yorig/mpils-results-grid-seconds-5-4may/medium-1/24proc/seed-3/9_neos-3024952-loue_seed-3_20260504_185431/iterated_local_search/search_space/search_space_file_6_worker_20.txt
[INFO]:[19:01:21] Number of parameters in local search space: 71
[INFO]:[19:01:21] Number of forbidden tuples in local search space: 126
[INFO]:[19:01:21] Number of conditionals in local search space: 6
[INFO]:[19:01:21] MIP start option not enabled. Local search will proceed without MIP start.
[INFO]:[19:01:21] Evaluating initial configuration for local search phase...
[INFO]:[19:01:21] Starting CPLEX solver on instance: /home/yorig/tuner/mpils-tests/instances/miplib/medium-1/neos-3024952-loue.mps with config: /scratch/yorig/mpils-results-grid-seconds-5-4may/medium-1/24proc/seed-3/9_neos-3024952-loue_seed-3_20260504_185431/iterated_local_search/run_6_worker_20/ils_config_2880348897381482712.prm
[INFO]:[19:01:21] Starting CPLEX solver on instance: /home/yorig/tuner/mpils-tests/instances/miplib/medium-1/neos-3024952-loue.mps with config: /scratch/yorig/mpils-results-grid-seconds-5-4may/medium-1/24proc/seed-3/9_neos-3024952-loue_seed-3_20260504_185431/iterated_local_search/run_6_worker_20/ils_config_2880348897381482712.prm
[WARN]:[19:01:26] CPLEX finished without a primal feasible solution for config /scratch/yorig/mpils-results-grid-seconds-5-4may/medium-1/24proc/seed-3/9_neos-3024952-loue_seed-3_20260504_185431/iterated_local_search/run_6_worker_20/ils_config_2880348897381482712.prm.
[INFO]:[19:01:26] CPLEX results. Gap: unavailable, upper bound: null, lower bound: 24595.789627
[INFO]:[19:01:26] CPLEX solver finished. Gap: 179769313486231570814527423731704356798070567525844996598917476803157260780028538760589558632766878171540458953514382464234321326889464182768467546703537516986049910576551282076245490090389328944075868508455133942304583236903222948165808559332123348274797826204144723168738177180919299881250404026184124858368.000000
[INFO]:[19:01:26] Initial configuration evaluated with objective value: 1.79769e+308
[INFO]:[19:01:26] Starting CPLEX solver on instance: /home/yorig/tuner/mpils-tests/instances/miplib/medium-1/neos-3024952-loue.mps with config: /scratch/yorig/mpils-results-grid-seconds-5-4may/medium-1/24proc/seed-3/9_neos-3024952-loue_seed-3_20260504_185431/iterated_local_search/run_6_worker_20/ils_config_14675444850273601392.prm
[INFO]:[19:01:26] Starting CPLEX solver on instance: /home/yorig/tuner/mpils-tests/instances/miplib/medium-1/neos-3024952-loue.mps with config: /scratch/yorig/mpils-results-grid-seconds-5-4may/medium-1/24proc/seed-3/9_neos-3024952-loue_seed-3_20260504_185431/iterated_local_search/run_6_worker_20/ils_config_14675444850273601392.prm
[WARN]:[19:01:31] CPLEX finished without a primal feasible solution for config /scratch/yorig/mpils-results-grid-seconds-5-4may/medium-1/24proc/seed-3/9_neos-3024952-loue_seed-3_20260504_185431/iterated_local_search/run_6_worker_20/ils_config_14675444850273601392.prm.
[INFO]:[19:01:31] CPLEX results. Gap: unavailable, upper bound: null, lower bound: 24633.488996
[INFO]:[19:01:31] CPLEX solver finished. Gap: 179769313486231570814527423731704356798070567525844996598917476803157260780028538760589558632766878171540458953514382464234321326889464182768467546703537516986049910576551282076245490090389328944075868508455133942304583236903222948165808559332123348274797826204144723168738177180919299881250404026184124858368.000000
[INFO]:[19:01:31] Starting CPLEX solver on instance: /home/yorig/tuner/mpils-tests/instances/miplib/medium-1/neos-3024952-loue.mps with config: /scratch/yorig/mpils-results-grid-seconds-5-4may/medium-1/24proc/seed-3/9_neos-3024952-loue_seed-3_20260504_185431/iterated_local_search/run_6_worker_20/ils_config_6450389583325199917.prm
[INFO]:[19:01:31] Starting CPLEX solver on instance: /home/yorig/tuner/mpils-tests/instances/miplib/medium-1/neos-3024952-loue.mps with config: /scratch/yorig/mpils-results-grid-seconds-5-4may/medium-1/24proc/seed-3/9_neos-3024952-loue_seed-3_20260504_185431/iterated_local_search/run_6_worker_20/ils_config_6450389583325199917.prm
[WARN]:[19:01:36] CPLEX finished without a primal feasible solution for config /scratch/yorig/mpils-results-grid-seconds-5-4may/medium-1/24proc/seed-3/9_neos-3024952-loue_seed-3_20260504_185431/iterated_local_search/run_6_worker_20/ils_config_6450389583325199917.prm.
[INFO]:[19:01:36] CPLEX results. Gap: unavailable, upper bound: null, lower bound: 24482.579216
[INFO]:[19:01:36] CPLEX solver finished. Gap: 179769313486231570814527423731704356798070567525844996598917476803157260780028538760589558632766878171540458953514382464234321326889464182768467546703537516986049910576551282076245490090389328944075868508455133942304583236903222948165808559332123348274797826204144723168738177180919299881250404026184124858368.000000
[INFO]:[19:01:36] Starting CPLEX solver on instance: /home/yorig/tuner/mpils-tests/instances/miplib/medium-1/neos-3024952-loue.mps with config: /scratch/yorig/mpils-results-grid-seconds-5-4may/medium-1/24proc/seed-3/9_neos-3024952-loue_seed-3_20260504_185431/iterated_local_search/run_6_worker_20/ils_config_13614861580596948211.prm
[INFO]:[19:01:36] Starting CPLEX solver on instance: /home/yorig/tuner/mpils-tests/instances/miplib/medium-1/neos-3024952-loue.mps with config: /scratch/yorig/mpils-results-grid-seconds-5-4may/medium-1/24proc/seed-3/9_neos-3024952-loue_seed-3_20260504_185431/iterated_local_search/run_6_worker_20/ils_config_13614861580596948211.prm
[WARN]:[19:01:41] CPLEX finished without a primal feasible solution for config /scratch/yorig/mpils-results-grid-seconds-5-4may/medium-1/24proc/seed-3/9_neos-3024952-loue_seed-3_20260504_185431/iterated_local_search/run_6_worker_20/ils_config_13614861580596948211.prm.
[INFO]:[19:01:41] CPLEX results. Gap: unavailable, upper bound: null, lower bound: 24560.482040
[INFO]:[19:01:41] CPLEX solver finished. Gap: 179769313486231570814527423731704356798070567525844996598917476803157260780028538760589558632766878171540458953514382464234321326889464182768467546703537516986049910576551282076245490090389328944075868508455133942304583236903222948165808559332123348274797826204144723168738177180919299881250404026184124858368.000000
[INFO]:[19:01:41] Starting CPLEX solver on instance: /home/yorig/tuner/mpils-tests/instances/miplib/medium-1/neos-3024952-loue.mps with config: /scratch/yorig/mpils-results-grid-seconds-5-4may/medium-1/24proc/seed-3/9_neos-3024952-loue_seed-3_20260504_185431/iterated_local_search/run_6_worker_20/ils_config_2770544167488153969.prm
[INFO]:[19:01:41] Starting CPLEX solver on instance: /home/yorig/tuner/mpils-tests/instances/miplib/medium-1/neos-3024952-loue.mps with config: /scratch/yorig/mpils-results-grid-seconds-5-4may/medium-1/24proc/seed-3/9_neos-3024952-loue_seed-3_20260504_185431/iterated_local_search/run_6_worker_20/ils_config_2770544167488153969.prm
[WARN]:[19:01:46] CPLEX finished without a primal feasible solution for config /scratch/yorig/mpils-results-grid-seconds-5-4may/medium-1/24proc/seed-3/9_neos-3024952-loue_seed-3_20260504_185431/iterated_local_search/run_6_worker_20/ils_config_2770544167488153969.prm.
[INFO]:[19:01:46] CPLEX results. Gap: unavailable, upper bound: null, lower bound: 24595.789627
[INFO]:[19:01:46] CPLEX solver finished. Gap: 179769313486231570814527423731704356798070567525844996598917476803157260780028538760589558632766878171540458953514382464234321326889464182768467546703537516986049910576551282076245490090389328944075868508455133942304583236903222948165808559332123348274797826204144723168738177180919299881250404026184124858368.000000
[INFO]:[19:01:46] Starting CPLEX solver on instance: /home/yorig/tuner/mpils-tests/instances/miplib/medium-1/neos-3024952-loue.mps with config: /scratch/yorig/mpils-results-grid-seconds-5-4may/medium-1/24proc/seed-3/9_neos-3024952-loue_seed-3_20260504_185431/iterated_local_search/run_6_worker_20/ils_config_13958167510067289497.prm
[INFO]:[19:01:46] Starting CPLEX solver on instance: /home/yorig/tuner/mpils-tests/instances/miplib/medium-1/neos-3024952-loue.mps with config: /scratch/yorig/mpils-results-grid-seconds-5-4may/medium-1/24proc/seed-3/9_neos-3024952-loue_seed-3_20260504_185431/iterated_local_search/run_6_worker_20/ils_config_13958167510067289497.prm
[WARN]:[19:01:51] CPLEX finished without a primal feasible solution for config /scratch/yorig/mpils-results-grid-seconds-5-4may/medium-1/24proc/seed-3/9_neos-3024952-loue_seed-3_20260504_185431/iterated_local_search/run_6_worker_20/ils_config_13958167510067289497.prm.
[INFO]:[19:01:51] CPLEX results. Gap: unavailable, upper bound: null, lower bound: 24595.789627
[INFO]:[19:01:51] CPLEX solver finished. Gap: 179769313486231570814527423731704356798070567525844996598917476803157260780028538760589558632766878171540458953514382464234321326889464182768467546703537516986049910576551282076245490090389328944075868508455133942304583236903222948165808559332123348274797826204144723168738177180919299881250404026184124858368.000000
[INFO]:[19:01:51] Starting CPLEX solver on instance: /home/yorig/tuner/mpils-tests/instances/miplib/medium-1/neos-3024952-loue.mps with config: /scratch/yorig/mpils-results-grid-seconds-5-4may/medium-1/24proc/seed-3/9_neos-3024952-loue_seed-3_20260504_185431/iterated_local_search/run_6_worker_20/ils_config_15311846037178240798.prm
[INFO]:[19:01:51] Starting CPLEX solver on instance: /home/yorig/tuner/mpils-tests/instances/miplib/medium-1/neos-3024952-loue.mps with config: /scratch/yorig/mpils-results-grid-seconds-5-4may/medium-1/24proc/seed-3/9_neos-3024952-loue_seed-3_20260504_185431/iterated_local_search/run_6_worker_20/ils_config_15311846037178240798.prm
[WARN]:[19:01:56] CPLEX finished without a primal feasible solution for config /scratch/yorig/mpils-results-grid-seconds-5-4may/medium-1/24proc/seed-3/9_neos-3024952-loue_seed-3_20260504_185431/iterated_local_search/run_6_worker_20/ils_config_15311846037178240798.prm.
[INFO]:[19:01:56] CPLEX results. Gap: unavailable, upper bound: null, lower bound: 24595.789627
[INFO]:[19:01:56] CPLEX solver finished. Gap: 179769313486231570814527423731704356798070567525844996598917476803157260780028538760589558632766878171540458953514382464234321326889464182768467546703537516986049910576551282076245490090389328944075868508455133942304583236903222948165808559332123348274797826204144723168738177180919299881250404026184124858368.000000
[INFO]:[19:01:56] Starting CPLEX solver on instance: /home/yorig/tuner/mpils-tests/instances/miplib/medium-1/neos-3024952-loue.mps with config: /scratch/yorig/mpils-results-grid-seconds-5-4may/medium-1/24proc/seed-3/9_neos-3024952-loue_seed-3_20260504_185431/iterated_local_search/run_6_worker_20/ils_config_14788317851007784616.prm
[INFO]:[19:01:56] Starting CPLEX solver on instance: /home/yorig/tuner/mpils-tests/instances/miplib/medium-1/neos-3024952-loue.mps with config: /scratch/yorig/mpils-results-grid-seconds-5-4may/medium-1/24proc/seed-3/9_neos-3024952-loue_seed-3_20260504_185431/iterated_local_search/run_6_worker_20/ils_config_14788317851007784616.prm
[WARN]:[19:02:01] CPLEX finished without a primal feasible solution for config /scratch/yorig/mpils-results-grid-seconds-5-4may/medium-1/24proc/seed-3/9_neos-3024952-loue_seed-3_20260504_185431/iterated_local_search/run_6_worker_20/ils_config_14788317851007784616.prm.
[INFO]:[19:02:01] CPLEX results. Gap: unavailable, upper bound: null, lower bound: 24518.412261
[INFO]:[19:02:01] CPLEX solver finished. Gap: 179769313486231570814527423731704356798070567525844996598917476803157260780028538760589558632766878171540458953514382464234321326889464182768467546703537516986049910576551282076245490090389328944075868508455133942304583236903222948165808559332123348274797826204144723168738177180919299881250404026184124858368.000000
[INFO]:[19:02:01] Starting CPLEX solver on instance: /home/yorig/tuner/mpils-tests/instances/miplib/medium-1/neos-3024952-loue.mps with config: /scratch/yorig/mpils-results-grid-seconds-5-4may/medium-1/24proc/seed-3/9_neos-3024952-loue_seed-3_20260504_185431/iterated_local_search/run_6_worker_20/ils_config_2518908293895650203.prm
[INFO]:[19:02:01] Starting CPLEX solver on instance: /home/yorig/tuner/mpils-tests/instances/miplib/medium-1/neos-3024952-loue.mps with config: /scratch/yorig/mpils-results-grid-seconds-5-4may/medium-1/24proc/seed-3/9_neos-3024952-loue_seed-3_20260504_185431/iterated_local_search/run_6_worker_20/ils_config_2518908293895650203.prm
[WARN]:[19:02:06] CPLEX finished without a primal feasible solution for config /scratch/yorig/mpils-results-grid-seconds-5-4may/medium-1/24proc/seed-3/9_neos-3024952-loue_seed-3_20260504_185431/iterated_local_search/run_6_worker_20/ils_config_2518908293895650203.prm.
[INFO]:[19:02:06] CPLEX results. Gap: unavailable, upper bound: null, lower bound: 24595.789627
[INFO]:[19:02:06] CPLEX solver finished. Gap: 179769313486231570814527423731704356798070567525844996598917476803157260780028538760589558632766878171540458953514382464234321326889464182768467546703537516986049910576551282076245490090389328944075868508455133942304583236903222948165808559332123348274797826204144723168738177180919299881250404026184124858368.000000
[INFO]:[19:02:06] Starting CPLEX solver on instance: /home/yorig/tuner/mpils-tests/instances/miplib/medium-1/neos-3024952-loue.mps with config: /scratch/yorig/mpils-results-grid-seconds-5-4may/medium-1/24proc/seed-3/9_neos-3024952-loue_seed-3_20260504_185431/iterated_local_search/run_6_worker_20/ils_config_14936036671055773656.prm
[INFO]:[19:02:06] Starting CPLEX solver on instance: /home/yorig/tuner/mpils-tests/instances/miplib/medium-1/neos-3024952-loue.mps with config: /scratch/yorig/mpils-results-grid-seconds-5-4may/medium-1/24proc/seed-3/9_neos-3024952-loue_seed-3_20260504_185431/iterated_local_search/run_6_worker_20/ils_config_14936036671055773656.prm
[WARN]:[19:02:11] CPLEX finished without a primal feasible solution for config /scratch/yorig/mpils-results-grid-seconds-5-4may/medium-1/24proc/seed-3/9_neos-3024952-loue_seed-3_20260504_185431/iterated_local_search/run_6_worker_20/ils_config_14936036671055773656.prm.
[INFO]:[19:02:11] CPLEX results. Gap: unavailable, upper bound: null, lower bound: 24595.789627
[INFO]:[19:02:11] CPLEX solver finished. Gap: 179769313486231570814527423731704356798070567525844996598917476803157260780028538760589558632766878171540458953514382464234321326889464182768467546703537516986049910576551282076245490090389328944075868508455133942304583236903222948165808559332123348274797826204144723168738177180919299881250404026184124858368.000000
[INFO]:[19:02:11] Starting CPLEX solver on instance: /home/yorig/tuner/mpils-tests/instances/miplib/medium-1/neos-3024952-loue.mps with config: /scratch/yorig/mpils-results-grid-seconds-5-4may/medium-1/24proc/seed-3/9_neos-3024952-loue_seed-3_20260504_185431/iterated_local_search/run_6_worker_20/ils_config_4004906362485645446.prm
[INFO]:[19:02:11] Starting CPLEX solver on instance: /home/yorig/tuner/mpils-tests/instances/miplib/medium-1/neos-3024952-loue.mps with config: /scratch/yorig/mpils-results-grid-seconds-5-4may/medium-1/24proc/seed-3/9_neos-3024952-loue_seed-3_20260504_185431/iterated_local_search/run_6_worker_20/ils_config_4004906362485645446.prm
[WARN]:[19:02:16] CPLEX finished without a primal feasible solution for config /scratch/yorig/mpils-results-grid-seconds-5-4may/medium-1/24proc/seed-3/9_neos-3024952-loue_seed-3_20260504_185431/iterated_local_search/run_6_worker_20/ils_config_4004906362485645446.prm.
[INFO]:[19:02:16] CPLEX results. Gap: unavailable, upper bound: null, lower bound: 24595.789627
[INFO]:[19:02:16] CPLEX solver finished. Gap: 179769313486231570814527423731704356798070567525844996598917476803157260780028538760589558632766878171540458953514382464234321326889464182768467546703537516986049910576551282076245490090389328944075868508455133942304583236903222948165808559332123348274797826204144723168738177180919299881250404026184124858368.000000
[INFO]:[19:02:16] Starting CPLEX solver on instance: /home/yorig/tuner/mpils-tests/instances/miplib/medium-1/neos-3024952-loue.mps with config: /scratch/yorig/mpils-results-grid-seconds-5-4may/medium-1/24proc/seed-3/9_neos-3024952-loue_seed-3_20260504_185431/iterated_local_search/run_6_worker_20/ils_config_15126657718416515041.prm
[INFO]:[19:02:16] Starting CPLEX solver on instance: /home/yorig/tuner/mpils-tests/instances/miplib/medium-1/neos-3024952-loue.mps with config: /scratch/yorig/mpils-results-grid-seconds-5-4may/medium-1/24proc/seed-3/9_neos-3024952-loue_seed-3_20260504_185431/iterated_local_search/run_6_worker_20/ils_config_15126657718416515041.prm
[WARN]:[19:02:21] CPLEX finished without a primal feasible solution for config /scratch/yorig/mpils-results-grid-seconds-5-4may/medium-1/24proc/seed-3/9_neos-3024952-loue_seed-3_20260504_185431/iterated_local_search/run_6_worker_20/ils_config_15126657718416515041.prm.
[INFO]:[19:02:21] CPLEX results. Gap: unavailable, upper bound: null, lower bound: 24595.789627
[INFO]:[19:02:21] CPLEX solver finished. Gap: 179769313486231570814527423731704356798070567525844996598917476803157260780028538760589558632766878171540458953514382464234321326889464182768467546703537516986049910576551282076245490090389328944075868508455133942304583236903222948165808559332123348274797826204144723168738177180919299881250404026184124858368.000000
[INFO]:[19:02:21] Starting CPLEX solver on instance: /home/yorig/tuner/mpils-tests/instances/miplib/medium-1/neos-3024952-loue.mps with config: /scratch/yorig/mpils-results-grid-seconds-5-4may/medium-1/24proc/seed-3/9_neos-3024952-loue_seed-3_20260504_185431/iterated_local_search/run_6_worker_20/ils_config_9979207486948627937.prm
[INFO]:[19:02:21] Starting CPLEX solver on instance: /home/yorig/tuner/mpils-tests/instances/miplib/medium-1/neos-3024952-loue.mps with config: /scratch/yorig/mpils-results-grid-seconds-5-4may/medium-1/24proc/seed-3/9_neos-3024952-loue_seed-3_20260504_185431/iterated_local_search/run_6_worker_20/ils_config_9979207486948627937.prm
[WARN]:[19:02:26] CPLEX finished without a primal feasible solution for config /scratch/yorig/mpils-results-grid-seconds-5-4may/medium-1/24proc/seed-3/9_neos-3024952-loue_seed-3_20260504_185431/iterated_local_search/run_6_worker_20/ils_config_9979207486948627937.prm.
[INFO]:[19:02:26] CPLEX results. Gap: unavailable, upper bound: null, lower bound: 26210.136104
[INFO]:[19:02:26] CPLEX solver finished. Gap: 179769313486231570814527423731704356798070567525844996598917476803157260780028538760589558632766878171540458953514382464234321326889464182768467546703537516986049910576551282076245490090389328944075868508455133942304583236903222948165808559332123348274797826204144723168738177180919299881250404026184124858368.000000
[INFO]:[19:02:26] Starting CPLEX solver on instance: /home/yorig/tuner/mpils-tests/instances/miplib/medium-1/neos-3024952-loue.mps with config: /scratch/yorig/mpils-results-grid-seconds-5-4may/medium-1/24proc/seed-3/9_neos-3024952-loue_seed-3_20260504_185431/iterated_local_search/run_6_worker_20/ils_config_4458354446694120369.prm
[INFO]:[19:02:26] Starting CPLEX solver on instance: /home/yorig/tuner/mpils-tests/instances/miplib/medium-1/neos-3024952-loue.mps with config: /scratch/yorig/mpils-results-grid-seconds-5-4may/medium-1/24proc/seed-3/9_neos-3024952-loue_seed-3_20260504_185431/iterated_local_search/run_6_worker_20/ils_config_4458354446694120369.prm
[WARN]:[19:02:31] CPLEX finished without a primal feasible solution for config /scratch/yorig/mpils-results-grid-seconds-5-4may/medium-1/24proc/seed-3/9_neos-3024952-loue_seed-3_20260504_185431/iterated_local_search/run_6_worker_20/ils_config_4458354446694120369.prm.
[INFO]:[19:02:31] CPLEX results. Gap: unavailable, upper bound: null, lower bound: 24466.260273
[INFO]:[19:02:31] CPLEX solver finished. Gap: 179769313486231570814527423731704356798070567525844996598917476803157260780028538760589558632766878171540458953514382464234321326889464182768467546703537516986049910576551282076245490090389328944075868508455133942304583236903222948165808559332123348274797826204144723168738177180919299881250404026184124858368.000000
[INFO]:[19:02:31] Starting CPLEX solver on instance: /home/yorig/tuner/mpils-tests/instances/miplib/medium-1/neos-3024952-loue.mps with config: /scratch/yorig/mpils-results-grid-seconds-5-4may/medium-1/24proc/seed-3/9_neos-3024952-loue_seed-3_20260504_185431/iterated_local_search/run_6_worker_20/ils_config_3373910286706361207.prm
[INFO]:[19:02:31] Starting CPLEX solver on instance: /home/yorig/tuner/mpils-tests/instances/miplib/medium-1/neos-3024952-loue.mps with config: /scratch/yorig/mpils-results-grid-seconds-5-4may/medium-1/24proc/seed-3/9_neos-3024952-loue_seed-3_20260504_185431/iterated_local_search/run_6_worker_20/ils_config_3373910286706361207.prm
[WARN]:[19:02:36] CPLEX finished without a primal feasible solution for config /scratch/yorig/mpils-results-grid-seconds-5-4may/medium-1/24proc/seed-3/9_neos-3024952-loue_seed-3_20260504_185431/iterated_local_search/run_6_worker_20/ils_config_3373910286706361207.prm.
[INFO]:[19:02:36] CPLEX results. Gap: unavailable, upper bound: null, lower bound: 24570.406521
[INFO]:[19:02:36] CPLEX solver finished. Gap: 179769313486231570814527423731704356798070567525844996598917476803157260780028538760589558632766878171540458953514382464234321326889464182768467546703537516986049910576551282076245490090389328944075868508455133942304583236903222948165808559332123348274797826204144723168738177180919299881250404026184124858368.000000
[INFO]:[19:02:36] Starting CPLEX solver on instance: /home/yorig/tuner/mpils-tests/instances/miplib/medium-1/neos-3024952-loue.mps with config: /scratch/yorig/mpils-results-grid-seconds-5-4may/medium-1/24proc/seed-3/9_neos-3024952-loue_seed-3_20260504_185431/iterated_local_search/run_6_worker_20/ils_config_5249394198604733633.prm
[INFO]:[19:02:36] Starting CPLEX solver on instance: /home/yorig/tuner/mpils-tests/instances/miplib/medium-1/neos-3024952-loue.mps with config: /scratch/yorig/mpils-results-grid-seconds-5-4may/medium-1/24proc/seed-3/9_neos-3024952-loue_seed-3_20260504_185431/iterated_local_search/run_6_worker_20/ils_config_5249394198604733633.prm
[WARN]:[19:02:41] CPLEX finished without a primal feasible solution for config /scratch/yorig/mpils-results-grid-seconds-5-4may/medium-1/24proc/seed-3/9_neos-3024952-loue_seed-3_20260504_185431/iterated_local_search/run_6_worker_20/ils_config_5249394198604733633.prm.
[INFO]:[19:02:41] CPLEX results. Gap: unavailable, upper bound: null, lower bound: 24595.789627
[INFO]:[19:02:41] CPLEX solver finished. Gap: 179769313486231570814527423731704356798070567525844996598917476803157260780028538760589558632766878171540458953514382464234321326889464182768467546703537516986049910576551282076245490090389328944075868508455133942304583236903222948165808559332123348274797826204144723168738177180919299881250404026184124858368.000000
[INFO]:[19:02:41] Starting CPLEX solver on instance: /home/yorig/tuner/mpils-tests/instances/miplib/medium-1/neos-3024952-loue.mps with config: /scratch/yorig/mpils-results-grid-seconds-5-4may/medium-1/24proc/seed-3/9_neos-3024952-loue_seed-3_20260504_185431/iterated_local_search/run_6_worker_20/ils_config_5575029749238681832.prm
[INFO]:[19:02:41] Starting CPLEX solver on instance: /home/yorig/tuner/mpils-tests/instances/miplib/medium-1/neos-3024952-loue.mps with config: /scratch/yorig/mpils-results-grid-seconds-5-4may/medium-1/24proc/seed-3/9_neos-3024952-loue_seed-3_20260504_185431/iterated_local_search/run_6_worker_20/ils_config_5575029749238681832.prm
[WARN]:[19:02:46] CPLEX finished without a primal feasible solution for config /scratch/yorig/mpils-results-grid-seconds-5-4may/medium-1/24proc/seed-3/9_neos-3024952-loue_seed-3_20260504_185431/iterated_local_search/run_6_worker_20/ils_config_5575029749238681832.prm.
[INFO]:[19:02:46] CPLEX results. Gap: unavailable, upper bound: null, lower bound: 24595.789627
[INFO]:[19:02:46] CPLEX solver finished. Gap: 179769313486231570814527423731704356798070567525844996598917476803157260780028538760589558632766878171540458953514382464234321326889464182768467546703537516986049910576551282076245490090389328944075868508455133942304583236903222948165808559332123348274797826204144723168738177180919299881250404026184124858368.000000
[INFO]:[19:02:46] Starting CPLEX solver on instance: /home/yorig/tuner/mpils-tests/instances/miplib/medium-1/neos-3024952-loue.mps with config: /scratch/yorig/mpils-results-grid-seconds-5-4may/medium-1/24proc/seed-3/9_neos-3024952-loue_seed-3_20260504_185431/iterated_local_search/run_6_worker_20/ils_config_13541901755998298833.prm
[INFO]:[19:02:46] Starting CPLEX solver on instance: /home/yorig/tuner/mpils-tests/instances/miplib/medium-1/neos-3024952-loue.mps with config: /scratch/yorig/mpils-results-grid-seconds-5-4may/medium-1/24proc/seed-3/9_neos-3024952-loue_seed-3_20260504_185431/iterated_local_search/run_6_worker_20/ils_config_13541901755998298833.prm
[WARN]:[19:02:51] CPLEX finished without a primal feasible solution for config /scratch/yorig/mpils-results-grid-seconds-5-4may/medium-1/24proc/seed-3/9_neos-3024952-loue_seed-3_20260504_185431/iterated_local_search/run_6_worker_20/ils_config_13541901755998298833.prm.
[INFO]:[19:02:51] CPLEX results. Gap: unavailable, upper bound: null, lower bound: 24590.613379
[INFO]:[19:02:51] CPLEX solver finished. Gap: 179769313486231570814527423731704356798070567525844996598917476803157260780028538760589558632766878171540458953514382464234321326889464182768467546703537516986049910576551282076245490090389328944075868508455133942304583236903222948165808559332123348274797826204144723168738177180919299881250404026184124858368.000000
[INFO]:[19:02:51] Local search phase completed.
[INFO]:[19:02:51] Total number of new local-search evaluations: 18
[INFO]:[19:02:51] Final incumbent objective value: 1.79769e+308
[INFO]:[19:02:52] Worker 20 completed exploration phase.
[INFO]:[19:02:52] Worker 20 received order for step 2.
[INFO]:[19:02:52] Worker 20 running expansion phase for iteration 6.
[INFO]:[19:02:52] Worker 20 will use solver log file: /scratch/yorig/mpils-results-grid-seconds-5-4may/medium-1/24proc/seed-3/9_neos-3024952-loue_seed-3_20260504_185431/solver/cplex.log_iteration_expansion_6_worker_20
[INFO]:[19:02:52] Expansion Worker 20 starting expansion for iteration 6.
[INFO]:[19:02:52] Starting CPLEX solver on instance: /home/yorig/tuner/mpils-tests/instances/miplib/medium-1/neos-3024952-loue.mps with config: /scratch/yorig/mpils-results-grid-seconds-5-4may/medium-1/24proc/seed-3/9_neos-3024952-loue_seed-3_20260504_185431/expansion/config_param_CPXPARAM_Network_NetFind_3_iter_6.prm
[INFO]:[19:02:57] CPLEX results. Gap: 3.380000, upper bound: 27060.000000, lower bound: 26145.366781
[INFO]:[19:02:57] CPLEX solver finished. Gap: 3.380000
[INFO]:[19:03:02] Expansion Worker 20 completed expansion.
[INFO]:[19:03:02] Worker 20 completed expansion phase.
[INFO]:[19:03:05] Worker 20 received order for step 1.
[INFO]:[19:03:05] Worker 20 running exploration phase for iteration 7.
[INFO]:[19:03:05] Worker 20 at iteration 7 will not use a MIP start file. Current best MIP-start upper bound threshold is 1.79769e+308.
[INFO]:[19:03:05] Starting local search phase...
[INFO]:[19:03:05] Creating local search space from parameter space file: /scratch/yorig/mpils-results-grid-seconds-5-4may/medium-1/24proc/seed-3/9_neos-3024952-loue_seed-3_20260504_185431/iterated_local_search/search_space/search_space_file_7_worker_20.txt
[INFO]:[19:03:05] Local search space loaded from file: /scratch/yorig/mpils-results-grid-seconds-5-4may/medium-1/24proc/seed-3/9_neos-3024952-loue_seed-3_20260504_185431/iterated_local_search/search_space/search_space_file_7_worker_20.txt
[INFO]:[19:03:05] Number of parameters in local search space: 71
[INFO]:[19:03:05] Number of forbidden tuples in local search space: 151
[INFO]:[19:03:05] Number of conditionals in local search space: 6
[INFO]:[19:03:05] MIP start option not enabled. Local search will proceed without MIP start.
[INFO]:[19:03:05] Evaluating initial configuration for local search phase...
[INFO]:[19:03:05] Starting CPLEX solver on instance: /home/yorig/tuner/mpils-tests/instances/miplib/medium-1/neos-3024952-loue.mps with config: /scratch/yorig/mpils-results-grid-seconds-5-4may/medium-1/24proc/seed-3/9_neos-3024952-loue_seed-3_20260504_185431/iterated_local_search/run_7_worker_20/ils_config_17145324838110091691.prm
[INFO]:[19:03:05] Starting CPLEX solver on instance: /home/yorig/tuner/mpils-tests/instances/miplib/medium-1/neos-3024952-loue.mps with config: /scratch/yorig/mpils-results-grid-seconds-5-4may/medium-1/24proc/seed-3/9_neos-3024952-loue_seed-3_20260504_185431/iterated_local_search/run_7_worker_20/ils_config_17145324838110091691.prm
[WARN]:[19:03:10] CPLEX finished without a primal feasible solution for config /scratch/yorig/mpils-results-grid-seconds-5-4may/medium-1/24proc/seed-3/9_neos-3024952-loue_seed-3_20260504_185431/iterated_local_search/run_7_worker_20/ils_config_17145324838110091691.prm.
[INFO]:[19:03:10] CPLEX results. Gap: unavailable, upper bound: null, lower bound: 24015.642857
[INFO]:[19:03:10] CPLEX solver finished. Gap: 179769313486231570814527423731704356798070567525844996598917476803157260780028538760589558632766878171540458953514382464234321326889464182768467546703537516986049910576551282076245490090389328944075868508455133942304583236903222948165808559332123348274797826204144723168738177180919299881250404026184124858368.000000
[INFO]:[19:03:10] Initial configuration evaluated with objective value: 1.79769e+308
[INFO]:[19:03:10] Starting CPLEX solver on instance: /home/yorig/tuner/mpils-tests/instances/miplib/medium-1/neos-3024952-loue.mps with config: /scratch/yorig/mpils-results-grid-seconds-5-4may/medium-1/24proc/seed-3/9_neos-3024952-loue_seed-3_20260504_185431/iterated_local_search/run_7_worker_20/ils_config_7141175336934446175.prm
[INFO]:[19:03:10] Starting CPLEX solver on instance: /home/yorig/tuner/mpils-tests/instances/miplib/medium-1/neos-3024952-loue.mps with config: /scratch/yorig/mpils-results-grid-seconds-5-4may/medium-1/24proc/seed-3/9_neos-3024952-loue_seed-3_20260504_185431/iterated_local_search/run_7_worker_20/ils_config_7141175336934446175.prm
[WARN]:[19:03:15] CPLEX finished without a primal feasible solution for config /scratch/yorig/mpils-results-grid-seconds-5-4may/medium-1/24proc/seed-3/9_neos-3024952-loue_seed-3_20260504_185431/iterated_local_search/run_7_worker_20/ils_config_7141175336934446175.prm.
[INFO]:[19:03:15] CPLEX results. Gap: unavailable, upper bound: null, lower bound: 24248.850476
[INFO]:[19:03:15] CPLEX solver finished. Gap: 179769313486231570814527423731704356798070567525844996598917476803157260780028538760589558632766878171540458953514382464234321326889464182768467546703537516986049910576551282076245490090389328944075868508455133942304583236903222948165808559332123348274797826204144723168738177180919299881250404026184124858368.000000
[INFO]:[19:03:15] Starting CPLEX solver on instance: /home/yorig/tuner/mpils-tests/instances/miplib/medium-1/neos-3024952-loue.mps with config: /scratch/yorig/mpils-results-grid-seconds-5-4may/medium-1/24proc/seed-3/9_neos-3024952-loue_seed-3_20260504_185431/iterated_local_search/run_7_worker_20/ils_config_4455137535205095194.prm
[INFO]:[19:03:15] Starting CPLEX solver on instance: /home/yorig/tuner/mpils-tests/instances/miplib/medium-1/neos-3024952-loue.mps with config: /scratch/yorig/mpils-results-grid-seconds-5-4may/medium-1/24proc/seed-3/9_neos-3024952-loue_seed-3_20260504_185431/iterated_local_search/run_7_worker_20/ils_config_4455137535205095194.prm
[WARN]:[19:03:20] CPLEX finished without a primal feasible solution for config /scratch/yorig/mpils-results-grid-seconds-5-4may/medium-1/24proc/seed-3/9_neos-3024952-loue_seed-3_20260504_185431/iterated_local_search/run_7_worker_20/ils_config_4455137535205095194.prm.
[INFO]:[19:03:20] CPLEX results. Gap: unavailable, upper bound: null, lower bound: 23731.795191
[INFO]:[19:03:20] CPLEX solver finished. Gap: 179769313486231570814527423731704356798070567525844996598917476803157260780028538760589558632766878171540458953514382464234321326889464182768467546703537516986049910576551282076245490090389328944075868508455133942304583236903222948165808559332123348274797826204144723168738177180919299881250404026184124858368.000000
[INFO]:[19:03:20] Starting CPLEX solver on instance: /home/yorig/tuner/mpils-tests/instances/miplib/medium-1/neos-3024952-loue.mps with config: /scratch/yorig/mpils-results-grid-seconds-5-4may/medium-1/24proc/seed-3/9_neos-3024952-loue_seed-3_20260504_185431/iterated_local_search/run_7_worker_20/ils_config_6349665355496844621.prm
[INFO]:[19:03:20] Starting CPLEX solver on instance: /home/yorig/tuner/mpils-tests/instances/miplib/medium-1/neos-3024952-loue.mps with config: /scratch/yorig/mpils-results-grid-seconds-5-4may/medium-1/24proc/seed-3/9_neos-3024952-loue_seed-3_20260504_185431/iterated_local_search/run_7_worker_20/ils_config_6349665355496844621.prm
[WARN]:[19:03:25] CPLEX finished without a primal feasible solution for config /scratch/yorig/mpils-results-grid-seconds-5-4may/medium-1/24proc/seed-3/9_neos-3024952-loue_seed-3_20260504_185431/iterated_local_search/run_7_worker_20/ils_config_6349665355496844621.prm.
[INFO]:[19:03:25] CPLEX results. Gap: unavailable, upper bound: null, lower bound: 23583.563980
[INFO]:[19:03:25] CPLEX solver finished. Gap: 179769313486231570814527423731704356798070567525844996598917476803157260780028538760589558632766878171540458953514382464234321326889464182768467546703537516986049910576551282076245490090389328944075868508455133942304583236903222948165808559332123348274797826204144723168738177180919299881250404026184124858368.000000
[INFO]:[19:03:25] Starting CPLEX solver on instance: /home/yorig/tuner/mpils-tests/instances/miplib/medium-1/neos-3024952-loue.mps with config: /scratch/yorig/mpils-results-grid-seconds-5-4may/medium-1/24proc/seed-3/9_neos-3024952-loue_seed-3_20260504_185431/iterated_local_search/run_7_worker_20/ils_config_16785661034425976096.prm
[INFO]:[19:03:25] Starting CPLEX solver on instance: /home/yorig/tuner/mpils-tests/instances/miplib/medium-1/neos-3024952-loue.mps with config: /scratch/yorig/mpils-results-grid-seconds-5-4may/medium-1/24proc/seed-3/9_neos-3024952-loue_seed-3_20260504_185431/iterated_local_search/run_7_worker_20/ils_config_16785661034425976096.prm
[WARN]:[19:03:30] CPLEX finished without a primal feasible solution for config /scratch/yorig/mpils-results-grid-seconds-5-4may/medium-1/24proc/seed-3/9_neos-3024952-loue_seed-3_20260504_185431/iterated_local_search/run_7_worker_20/ils_config_16785661034425976096.prm.
[INFO]:[19:03:30] CPLEX results. Gap: unavailable, upper bound: null, lower bound: 24015.642857
[INFO]:[19:03:30] CPLEX solver finished. Gap: 179769313486231570814527423731704356798070567525844996598917476803157260780028538760589558632766878171540458953514382464234321326889464182768467546703537516986049910576551282076245490090389328944075868508455133942304583236903222948165808559332123348274797826204144723168738177180919299881250404026184124858368.000000
[INFO]:[19:03:30] Starting CPLEX solver on instance: /home/yorig/tuner/mpils-tests/instances/miplib/medium-1/neos-3024952-loue.mps with config: /scratch/yorig/mpils-results-grid-seconds-5-4may/medium-1/24proc/seed-3/9_neos-3024952-loue_seed-3_20260504_185431/iterated_local_search/run_7_worker_20/ils_config_139846401847164862.prm
[INFO]:[19:03:30] Starting CPLEX solver on instance: /home/yorig/tuner/mpils-tests/instances/miplib/medium-1/neos-3024952-loue.mps with config: /scratch/yorig/mpils-results-grid-seconds-5-4may/medium-1/24proc/seed-3/9_neos-3024952-loue_seed-3_20260504_185431/iterated_local_search/run_7_worker_20/ils_config_139846401847164862.prm
[WARN]:[19:03:35] CPLEX finished without a primal feasible solution for config /scratch/yorig/mpils-results-grid-seconds-5-4may/medium-1/24proc/seed-3/9_neos-3024952-loue_seed-3_20260504_185431/iterated_local_search/run_7_worker_20/ils_config_139846401847164862.prm.
[INFO]:[19:03:35] CPLEX results. Gap: unavailable, upper bound: null, lower bound: 24074.083730
[INFO]:[19:03:35] CPLEX solver finished. Gap: 179769313486231570814527423731704356798070567525844996598917476803157260780028538760589558632766878171540458953514382464234321326889464182768467546703537516986049910576551282076245490090389328944075868508455133942304583236903222948165808559332123348274797826204144723168738177180919299881250404026184124858368.000000
[INFO]:[19:03:35] Starting CPLEX solver on instance: /home/yorig/tuner/mpils-tests/instances/miplib/medium-1/neos-3024952-loue.mps with config: /scratch/yorig/mpils-results-grid-seconds-5-4may/medium-1/24proc/seed-3/9_neos-3024952-loue_seed-3_20260504_185431/iterated_local_search/run_7_worker_20/ils_config_12555763806289109256.prm
[INFO]:[19:03:35] Starting CPLEX solver on instance: /home/yorig/tuner/mpils-tests/instances/miplib/medium-1/neos-3024952-loue.mps with config: /scratch/yorig/mpils-results-grid-seconds-5-4may/medium-1/24proc/seed-3/9_neos-3024952-loue_seed-3_20260504_185431/iterated_local_search/run_7_worker_20/ils_config_12555763806289109256.prm
[WARN]:[19:03:40] CPLEX finished without a primal feasible solution for config /scratch/yorig/mpils-results-grid-seconds-5-4may/medium-1/24proc/seed-3/9_neos-3024952-loue_seed-3_20260504_185431/iterated_local_search/run_7_worker_20/ils_config_12555763806289109256.prm.
[INFO]:[19:03:40] CPLEX results. Gap: unavailable, upper bound: null, lower bound: 24015.642857
[INFO]:[19:03:40] CPLEX solver finished. Gap: 179769313486231570814527423731704356798070567525844996598917476803157260780028538760589558632766878171540458953514382464234321326889464182768467546703537516986049910576551282076245490090389328944075868508455133942304583236903222948165808559332123348274797826204144723168738177180919299881250404026184124858368.000000
[INFO]:[19:03:40] Starting CPLEX solver on instance: /home/yorig/tuner/mpils-tests/instances/miplib/medium-1/neos-3024952-loue.mps with config: /scratch/yorig/mpils-results-grid-seconds-5-4may/medium-1/24proc/seed-3/9_neos-3024952-loue_seed-3_20260504_185431/iterated_local_search/run_7_worker_20/ils_config_15984976631813701569.prm
[INFO]:[19:03:40] Starting CPLEX solver on instance: /home/yorig/tuner/mpils-tests/instances/miplib/medium-1/neos-3024952-loue.mps with config: /scratch/yorig/mpils-results-grid-seconds-5-4may/medium-1/24proc/seed-3/9_neos-3024952-loue_seed-3_20260504_185431/iterated_local_search/run_7_worker_20/ils_config_15984976631813701569.prm
[WARN]:[19:03:45] CPLEX finished without a primal feasible solution for config /scratch/yorig/mpils-results-grid-seconds-5-4may/medium-1/24proc/seed-3/9_neos-3024952-loue_seed-3_20260504_185431/iterated_local_search/run_7_worker_20/ils_config_15984976631813701569.prm.
[INFO]:[19:03:45] CPLEX results. Gap: unavailable, upper bound: null, lower bound: 24015.642857
[INFO]:[19:03:45] CPLEX solver finished. Gap: 179769313486231570814527423731704356798070567525844996598917476803157260780028538760589558632766878171540458953514382464234321326889464182768467546703537516986049910576551282076245490090389328944075868508455133942304583236903222948165808559332123348274797826204144723168738177180919299881250404026184124858368.000000
[INFO]:[19:03:45] Starting CPLEX solver on instance: /home/yorig/tuner/mpils-tests/instances/miplib/medium-1/neos-3024952-loue.mps with config: /scratch/yorig/mpils-results-grid-seconds-5-4may/medium-1/24proc/seed-3/9_neos-3024952-loue_seed-3_20260504_185431/iterated_local_search/run_7_worker_20/ils_config_17727086936328686628.prm
[INFO]:[19:03:45] Starting CPLEX solver on instance: /home/yorig/tuner/mpils-tests/instances/miplib/medium-1/neos-3024952-loue.mps with config: /scratch/yorig/mpils-results-grid-seconds-5-4may/medium-1/24proc/seed-3/9_neos-3024952-loue_seed-3_20260504_185431/iterated_local_search/run_7_worker_20/ils_config_17727086936328686628.prm
[WARN]:[19:03:50] CPLEX finished without a primal feasible solution for config /scratch/yorig/mpils-results-grid-seconds-5-4may/medium-1/24proc/seed-3/9_neos-3024952-loue_seed-3_20260504_185431/iterated_local_search/run_7_worker_20/ils_config_17727086936328686628.prm.
[INFO]:[19:03:50] CPLEX results. Gap: unavailable, upper bound: null, lower bound: 24015.642857
[INFO]:[19:03:50] CPLEX solver finished. Gap: 179769313486231570814527423731704356798070567525844996598917476803157260780028538760589558632766878171540458953514382464234321326889464182768467546703537516986049910576551282076245490090389328944075868508455133942304583236903222948165808559332123348274797826204144723168738177180919299881250404026184124858368.000000
[INFO]:[19:03:50] Starting CPLEX solver on instance: /home/yorig/tuner/mpils-tests/instances/miplib/medium-1/neos-3024952-loue.mps with config: /scratch/yorig/mpils-results-grid-seconds-5-4may/medium-1/24proc/seed-3/9_neos-3024952-loue_seed-3_20260504_185431/iterated_local_search/run_7_worker_20/ils_config_11430756672010279805.prm
[INFO]:[19:03:50] Starting CPLEX solver on instance: /home/yorig/tuner/mpils-tests/instances/miplib/medium-1/neos-3024952-loue.mps with config: /scratch/yorig/mpils-results-grid-seconds-5-4may/medium-1/24proc/seed-3/9_neos-3024952-loue_seed-3_20260504_185431/iterated_local_search/run_7_worker_20/ils_config_11430756672010279805.prm
[WARN]:[19:03:55] CPLEX finished without a primal feasible solution for config /scratch/yorig/mpils-results-grid-seconds-5-4may/medium-1/24proc/seed-3/9_neos-3024952-loue_seed-3_20260504_185431/iterated_local_search/run_7_worker_20/ils_config_11430756672010279805.prm.
[INFO]:[19:03:55] CPLEX results. Gap: unavailable, upper bound: null, lower bound: 24015.642857
[INFO]:[19:03:55] CPLEX solver finished. Gap: 179769313486231570814527423731704356798070567525844996598917476803157260780028538760589558632766878171540458953514382464234321326889464182768467546703537516986049910576551282076245490090389328944075868508455133942304583236903222948165808559332123348274797826204144723168738177180919299881250404026184124858368.000000
[INFO]:[19:03:55] Starting CPLEX solver on instance: /home/yorig/tuner/mpils-tests/instances/miplib/medium-1/neos-3024952-loue.mps with config: /scratch/yorig/mpils-results-grid-seconds-5-4may/medium-1/24proc/seed-3/9_neos-3024952-loue_seed-3_20260504_185431/iterated_local_search/run_7_worker_20/ils_config_12620185220974205624.prm
[INFO]:[19:03:55] Starting CPLEX solver on instance: /home/yorig/tuner/mpils-tests/instances/miplib/medium-1/neos-3024952-loue.mps with config: /scratch/yorig/mpils-results-grid-seconds-5-4may/medium-1/24proc/seed-3/9_neos-3024952-loue_seed-3_20260504_185431/iterated_local_search/run_7_worker_20/ils_config_12620185220974205624.prm
[WARN]:[19:04:00] CPLEX finished without a primal feasible solution for config /scratch/yorig/mpils-results-grid-seconds-5-4may/medium-1/24proc/seed-3/9_neos-3024952-loue_seed-3_20260504_185431/iterated_local_search/run_7_worker_20/ils_config_12620185220974205624.prm.
[INFO]:[19:04:00] CPLEX results. Gap: unavailable, upper bound: null, lower bound: 24021.142857
[INFO]:[19:04:00] CPLEX solver finished. Gap: 179769313486231570814527423731704356798070567525844996598917476803157260780028538760589558632766878171540458953514382464234321326889464182768467546703537516986049910576551282076245490090389328944075868508455133942304583236903222948165808559332123348274797826204144723168738177180919299881250404026184124858368.000000
[INFO]:[19:04:00] Starting CPLEX solver on instance: /home/yorig/tuner/mpils-tests/instances/miplib/medium-1/neos-3024952-loue.mps with config: /scratch/yorig/mpils-results-grid-seconds-5-4may/medium-1/24proc/seed-3/9_neos-3024952-loue_seed-3_20260504_185431/iterated_local_search/run_7_worker_20/ils_config_12117722652933473766.prm
[INFO]:[19:04:00] Starting CPLEX solver on instance: /home/yorig/tuner/mpils-tests/instances/miplib/medium-1/neos-3024952-loue.mps with config: /scratch/yorig/mpils-results-grid-seconds-5-4may/medium-1/24proc/seed-3/9_neos-3024952-loue_seed-3_20260504_185431/iterated_local_search/run_7_worker_20/ils_config_12117722652933473766.prm
[WARN]:[19:04:05] CPLEX finished without a primal feasible solution for config /scratch/yorig/mpils-results-grid-seconds-5-4may/medium-1/24proc/seed-3/9_neos-3024952-loue_seed-3_20260504_185431/iterated_local_search/run_7_worker_20/ils_config_12117722652933473766.prm.
[INFO]:[19:04:05] CPLEX results. Gap: unavailable, upper bound: null, lower bound: 24015.642857
[INFO]:[19:04:05] CPLEX solver finished. Gap: 179769313486231570814527423731704356798070567525844996598917476803157260780028538760589558632766878171540458953514382464234321326889464182768467546703537516986049910576551282076245490090389328944075868508455133942304583236903222948165808559332123348274797826204144723168738177180919299881250404026184124858368.000000
[INFO]:[19:04:05] Starting CPLEX solver on instance: /home/yorig/tuner/mpils-tests/instances/miplib/medium-1/neos-3024952-loue.mps with config: /scratch/yorig/mpils-results-grid-seconds-5-4may/medium-1/24proc/seed-3/9_neos-3024952-loue_seed-3_20260504_185431/iterated_local_search/run_7_worker_20/ils_config_751204881369178552.prm
[INFO]:[19:04:05] Starting CPLEX solver on instance: /home/yorig/tuner/mpils-tests/instances/miplib/medium-1/neos-3024952-loue.mps with config: /scratch/yorig/mpils-results-grid-seconds-5-4may/medium-1/24proc/seed-3/9_neos-3024952-loue_seed-3_20260504_185431/iterated_local_search/run_7_worker_20/ils_config_751204881369178552.prm
[WARN]:[19:04:10] CPLEX finished without a primal feasible solution for config /scratch/yorig/mpils-results-grid-seconds-5-4may/medium-1/24proc/seed-3/9_neos-3024952-loue_seed-3_20260504_185431/iterated_local_search/run_7_worker_20/ils_config_751204881369178552.prm.
[INFO]:[19:04:10] CPLEX results. Gap: unavailable, upper bound: null, lower bound: 24187.400000
[INFO]:[19:04:10] CPLEX solver finished. Gap: 179769313486231570814527423731704356798070567525844996598917476803157260780028538760589558632766878171540458953514382464234321326889464182768467546703537516986049910576551282076245490090389328944075868508455133942304583236903222948165808559332123348274797826204144723168738177180919299881250404026184124858368.000000
[INFO]:[19:04:10] Starting CPLEX solver on instance: /home/yorig/tuner/mpils-tests/instances/miplib/medium-1/neos-3024952-loue.mps with config: /scratch/yorig/mpils-results-grid-seconds-5-4may/medium-1/24proc/seed-3/9_neos-3024952-loue_seed-3_20260504_185431/iterated_local_search/run_7_worker_20/ils_config_2888296925962373816.prm
[INFO]:[19:04:10] Starting CPLEX solver on instance: /home/yorig/tuner/mpils-tests/instances/miplib/medium-1/neos-3024952-loue.mps with config: /scratch/yorig/mpils-results-grid-seconds-5-4may/medium-1/24proc/seed-3/9_neos-3024952-loue_seed-3_20260504_185431/iterated_local_search/run_7_worker_20/ils_config_2888296925962373816.prm
[WARN]:[19:04:15] CPLEX finished without a primal feasible solution for config /scratch/yorig/mpils-results-grid-seconds-5-4may/medium-1/24proc/seed-3/9_neos-3024952-loue_seed-3_20260504_185431/iterated_local_search/run_7_worker_20/ils_config_2888296925962373816.prm.
[INFO]:[19:04:15] CPLEX results. Gap: unavailable, upper bound: null, lower bound: 24021.142857
[INFO]:[19:04:15] CPLEX solver finished. Gap: 179769313486231570814527423731704356798070567525844996598917476803157260780028538760589558632766878171540458953514382464234321326889464182768467546703537516986049910576551282076245490090389328944075868508455133942304583236903222948165808559332123348274797826204144723168738177180919299881250404026184124858368.000000
[INFO]:[19:04:15] Starting CPLEX solver on instance: /home/yorig/tuner/mpils-tests/instances/miplib/medium-1/neos-3024952-loue.mps with config: /scratch/yorig/mpils-results-grid-seconds-5-4may/medium-1/24proc/seed-3/9_neos-3024952-loue_seed-3_20260504_185431/iterated_local_search/run_7_worker_20/ils_config_11081466966902723156.prm
[INFO]:[19:04:15] Starting CPLEX solver on instance: /home/yorig/tuner/mpils-tests/instances/miplib/medium-1/neos-3024952-loue.mps with config: /scratch/yorig/mpils-results-grid-seconds-5-4may/medium-1/24proc/seed-3/9_neos-3024952-loue_seed-3_20260504_185431/iterated_local_search/run_7_worker_20/ils_config_11081466966902723156.prm
[WARN]:[19:04:20] CPLEX finished without a primal feasible solution for config /scratch/yorig/mpils-results-grid-seconds-5-4may/medium-1/24proc/seed-3/9_neos-3024952-loue_seed-3_20260504_185431/iterated_local_search/run_7_worker_20/ils_config_11081466966902723156.prm.
[INFO]:[19:04:20] CPLEX results. Gap: unavailable, upper bound: null, lower bound: 24021.142857
[INFO]:[19:04:20] CPLEX solver finished. Gap: 179769313486231570814527423731704356798070567525844996598917476803157260780028538760589558632766878171540458953514382464234321326889464182768467546703537516986049910576551282076245490090389328944075868508455133942304583236903222948165808559332123348274797826204144723168738177180919299881250404026184124858368.000000
[INFO]:[19:04:20] Starting CPLEX solver on instance: /home/yorig/tuner/mpils-tests/instances/miplib/medium-1/neos-3024952-loue.mps with config: /scratch/yorig/mpils-results-grid-seconds-5-4may/medium-1/24proc/seed-3/9_neos-3024952-loue_seed-3_20260504_185431/iterated_local_search/run_7_worker_20/ils_config_3672314444864300399.prm
[INFO]:[19:04:20] Starting CPLEX solver on instance: /home/yorig/tuner/mpils-tests/instances/miplib/medium-1/neos-3024952-loue.mps with config: /scratch/yorig/mpils-results-grid-seconds-5-4may/medium-1/24proc/seed-3/9_neos-3024952-loue_seed-3_20260504_185431/iterated_local_search/run_7_worker_20/ils_config_3672314444864300399.prm
[WARN]:[19:04:25] CPLEX finished without a primal feasible solution for config /scratch/yorig/mpils-results-grid-seconds-5-4may/medium-1/24proc/seed-3/9_neos-3024952-loue_seed-3_20260504_185431/iterated_local_search/run_7_worker_20/ils_config_3672314444864300399.prm.
[INFO]:[19:04:25] CPLEX results. Gap: unavailable, upper bound: null, lower bound: 24021.142857
[INFO]:[19:04:25] CPLEX solver finished. Gap: 179769313486231570814527423731704356798070567525844996598917476803157260780028538760589558632766878171540458953514382464234321326889464182768467546703537516986049910576551282076245490090389328944075868508455133942304583236903222948165808559332123348274797826204144723168738177180919299881250404026184124858368.000000
[INFO]:[19:04:25] Starting CPLEX solver on instance: /home/yorig/tuner/mpils-tests/instances/miplib/medium-1/neos-3024952-loue.mps with config: /scratch/yorig/mpils-results-grid-seconds-5-4may/medium-1/24proc/seed-3/9_neos-3024952-loue_seed-3_20260504_185431/iterated_local_search/run_7_worker_20/ils_config_16458506955373861175.prm
[INFO]:[19:04:25] Starting CPLEX solver on instance: /home/yorig/tuner/mpils-tests/instances/miplib/medium-1/neos-3024952-loue.mps with config: /scratch/yorig/mpils-results-grid-seconds-5-4may/medium-1/24proc/seed-3/9_neos-3024952-loue_seed-3_20260504_185431/iterated_local_search/run_7_worker_20/ils_config_16458506955373861175.prm
[WARN]:[19:04:30] CPLEX finished without a primal feasible solution for config /scratch/yorig/mpils-results-grid-seconds-5-4may/medium-1/24proc/seed-3/9_neos-3024952-loue_seed-3_20260504_185431/iterated_local_search/run_7_worker_20/ils_config_16458506955373861175.prm.
[INFO]:[19:04:30] CPLEX results. Gap: unavailable, upper bound: null, lower bound: 23995.959312
[INFO]:[19:04:30] CPLEX solver finished. Gap: 179769313486231570814527423731704356798070567525844996598917476803157260780028538760589558632766878171540458953514382464234321326889464182768467546703537516986049910576551282076245490090389328944075868508455133942304583236903222948165808559332123348274797826204144723168738177180919299881250404026184124858368.000000
[INFO]:[19:04:30] Starting CPLEX solver on instance: /home/yorig/tuner/mpils-tests/instances/miplib/medium-1/neos-3024952-loue.mps with config: /scratch/yorig/mpils-results-grid-seconds-5-4may/medium-1/24proc/seed-3/9_neos-3024952-loue_seed-3_20260504_185431/iterated_local_search/run_7_worker_20/ils_config_15061560219452932719.prm
[INFO]:[19:04:30] Starting CPLEX solver on instance: /home/yorig/tuner/mpils-tests/instances/miplib/medium-1/neos-3024952-loue.mps with config: /scratch/yorig/mpils-results-grid-seconds-5-4may/medium-1/24proc/seed-3/9_neos-3024952-loue_seed-3_20260504_185431/iterated_local_search/run_7_worker_20/ils_config_15061560219452932719.prm
[WARN]:[19:04:35] CPLEX finished without a primal feasible solution for config /scratch/yorig/mpils-results-grid-seconds-5-4may/medium-1/24proc/seed-3/9_neos-3024952-loue_seed-3_20260504_185431/iterated_local_search/run_7_worker_20/ils_config_15061560219452932719.prm.
[INFO]:[19:04:35] CPLEX results. Gap: unavailable, upper bound: null, lower bound: 24055.650000
[INFO]:[19:04:35] CPLEX solver finished. Gap: 179769313486231570814527423731704356798070567525844996598917476803157260780028538760589558632766878171540458953514382464234321326889464182768467546703537516986049910576551282076245490090389328944075868508455133942304583236903222948165808559332123348274797826204144723168738177180919299881250404026184124858368.000000
[INFO]:[19:04:35] Starting CPLEX solver on instance: /home/yorig/tuner/mpils-tests/instances/miplib/medium-1/neos-3024952-loue.mps with config: /scratch/yorig/mpils-results-grid-seconds-5-4may/medium-1/24proc/seed-3/9_neos-3024952-loue_seed-3_20260504_185431/iterated_local_search/run_7_worker_20/ils_config_5305019312725341201.prm
[INFO]:[19:04:35] Starting CPLEX solver on instance: /home/yorig/tuner/mpils-tests/instances/miplib/medium-1/neos-3024952-loue.mps with config: /scratch/yorig/mpils-results-grid-seconds-5-4may/medium-1/24proc/seed-3/9_neos-3024952-loue_seed-3_20260504_185431/iterated_local_search/run_7_worker_20/ils_config_5305019312725341201.prm
[WARN]:[19:04:40] CPLEX finished without a primal feasible solution for config /scratch/yorig/mpils-results-grid-seconds-5-4may/medium-1/24proc/seed-3/9_neos-3024952-loue_seed-3_20260504_185431/iterated_local_search/run_7_worker_20/ils_config_5305019312725341201.prm.
[INFO]:[19:04:40] CPLEX results. Gap: unavailable, upper bound: null, lower bound: 24021.142857
[INFO]:[19:04:40] CPLEX solver finished. Gap: 179769313486231570814527423731704356798070567525844996598917476803157260780028538760589558632766878171540458953514382464234321326889464182768467546703537516986049910576551282076245490090389328944075868508455133942304583236903222948165808559332123348274797826204144723168738177180919299881250404026184124858368.000000
[INFO]:[19:04:40] Starting CPLEX solver on instance: /home/yorig/tuner/mpils-tests/instances/miplib/medium-1/neos-3024952-loue.mps with config: /scratch/yorig/mpils-results-grid-seconds-5-4may/medium-1/24proc/seed-3/9_neos-3024952-loue_seed-3_20260504_185431/iterated_local_search/run_7_worker_20/ils_config_16894108894018004346.prm
[INFO]:[19:04:40] Starting CPLEX solver on instance: /home/yorig/tuner/mpils-tests/instances/miplib/medium-1/neos-3024952-loue.mps with config: /scratch/yorig/mpils-results-grid-seconds-5-4may/medium-1/24proc/seed-3/9_neos-3024952-loue_seed-3_20260504_185431/iterated_local_search/run_7_worker_20/ils_config_16894108894018004346.prm
[WARN]:[19:04:45] CPLEX finished without a primal feasible solution for config /scratch/yorig/mpils-results-grid-seconds-5-4may/medium-1/24proc/seed-3/9_neos-3024952-loue_seed-3_20260504_185431/iterated_local_search/run_7_worker_20/ils_config_16894108894018004346.prm.
[INFO]:[19:04:45] CPLEX results. Gap: unavailable, upper bound: null, lower bound: 24021.142857
[INFO]:[19:04:45] CPLEX solver finished. Gap: 179769313486231570814527423731704356798070567525844996598917476803157260780028538760589558632766878171540458953514382464234321326889464182768467546703537516986049910576551282076245490090389328944075868508455133942304583236903222948165808559332123348274797826204144723168738177180919299881250404026184124858368.000000
[INFO]:[19:04:45] Starting CPLEX solver on instance: /home/yorig/tuner/mpils-tests/instances/miplib/medium-1/neos-3024952-loue.mps with config: /scratch/yorig/mpils-results-grid-seconds-5-4may/medium-1/24proc/seed-3/9_neos-3024952-loue_seed-3_20260504_185431/iterated_local_search/run_7_worker_20/ils_config_11604358339183058325.prm
[INFO]:[19:04:45] Starting CPLEX solver on instance: /home/yorig/tuner/mpils-tests/instances/miplib/medium-1/neos-3024952-loue.mps with config: /scratch/yorig/mpils-results-grid-seconds-5-4may/medium-1/24proc/seed-3/9_neos-3024952-loue_seed-3_20260504_185431/iterated_local_search/run_7_worker_20/ils_config_11604358339183058325.prm
[WARN]:[19:04:50] CPLEX finished without a primal feasible solution for config /scratch/yorig/mpils-results-grid-seconds-5-4may/medium-1/24proc/seed-3/9_neos-3024952-loue_seed-3_20260504_185431/iterated_local_search/run_7_worker_20/ils_config_11604358339183058325.prm.
[INFO]:[19:04:50] CPLEX results. Gap: unavailable, upper bound: null, lower bound: 23622.838095
[INFO]:[19:04:50] CPLEX solver finished. Gap: 179769313486231570814527423731704356798070567525844996598917476803157260780028538760589558632766878171540458953514382464234321326889464182768467546703537516986049910576551282076245490090389328944075868508455133942304583236903222948165808559332123348274797826204144723168738177180919299881250404026184124858368.000000
[INFO]:[19:04:50] Starting CPLEX solver on instance: /home/yorig/tuner/mpils-tests/instances/miplib/medium-1/neos-3024952-loue.mps with config: /scratch/yorig/mpils-results-grid-seconds-5-4may/medium-1/24proc/seed-3/9_neos-3024952-loue_seed-3_20260504_185431/iterated_local_search/run_7_worker_20/ils_config_11562671954451963938.prm
[INFO]:[19:04:50] Starting CPLEX solver on instance: /home/yorig/tuner/mpils-tests/instances/miplib/medium-1/neos-3024952-loue.mps with config: /scratch/yorig/mpils-results-grid-seconds-5-4may/medium-1/24proc/seed-3/9_neos-3024952-loue_seed-3_20260504_185431/iterated_local_search/run_7_worker_20/ils_config_11562671954451963938.prm
[WARN]:[19:04:55] CPLEX finished without a primal feasible solution for config /scratch/yorig/mpils-results-grid-seconds-5-4may/medium-1/24proc/seed-3/9_neos-3024952-loue_seed-3_20260504_185431/iterated_local_search/run_7_worker_20/ils_config_11562671954451963938.prm.
[INFO]:[19:04:55] CPLEX results. Gap: unavailable, upper bound: null, lower bound: 24015.642857
[INFO]:[19:04:55] CPLEX solver finished. Gap: 179769313486231570814527423731704356798070567525844996598917476803157260780028538760589558632766878171540458953514382464234321326889464182768467546703537516986049910576551282076245490090389328944075868508455133942304583236903222948165808559332123348274797826204144723168738177180919299881250404026184124858368.000000
[INFO]:[19:04:55] Starting CPLEX solver on instance: /home/yorig/tuner/mpils-tests/instances/miplib/medium-1/neos-3024952-loue.mps with config: /scratch/yorig/mpils-results-grid-seconds-5-4may/medium-1/24proc/seed-3/9_neos-3024952-loue_seed-3_20260504_185431/iterated_local_search/run_7_worker_20/ils_config_13075886710923024538.prm
[INFO]:[19:04:55] Starting CPLEX solver on instance: /home/yorig/tuner/mpils-tests/instances/miplib/medium-1/neos-3024952-loue.mps with config: /scratch/yorig/mpils-results-grid-seconds-5-4may/medium-1/24proc/seed-3/9_neos-3024952-loue_seed-3_20260504_185431/iterated_local_search/run_7_worker_20/ils_config_13075886710923024538.prm
[WARN]:[19:05:00] CPLEX finished without a primal feasible solution for config /scratch/yorig/mpils-results-grid-seconds-5-4may/medium-1/24proc/seed-3/9_neos-3024952-loue_seed-3_20260504_185431/iterated_local_search/run_7_worker_20/ils_config_13075886710923024538.prm.
[INFO]:[19:05:00] CPLEX results. Gap: unavailable, upper bound: null, lower bound: 24055.650000
[INFO]:[19:05:00] CPLEX solver finished. Gap: 179769313486231570814527423731704356798070567525844996598917476803157260780028538760589558632766878171540458953514382464234321326889464182768467546703537516986049910576551282076245490090389328944075868508455133942304583236903222948165808559332123348274797826204144723168738177180919299881250404026184124858368.000000
[INFO]:[19:05:00] Starting CPLEX solver on instance: /home/yorig/tuner/mpils-tests/instances/miplib/medium-1/neos-3024952-loue.mps with config: /scratch/yorig/mpils-results-grid-seconds-5-4may/medium-1/24proc/seed-3/9_neos-3024952-loue_seed-3_20260504_185431/iterated_local_search/run_7_worker_20/ils_config_12867054735746626030.prm
[INFO]:[19:05:00] Starting CPLEX solver on instance: /home/yorig/tuner/mpils-tests/instances/miplib/medium-1/neos-3024952-loue.mps with config: /scratch/yorig/mpils-results-grid-seconds-5-4may/medium-1/24proc/seed-3/9_neos-3024952-loue_seed-3_20260504_185431/iterated_local_search/run_7_worker_20/ils_config_12867054735746626030.prm
[WARN]:[19:05:05] CPLEX finished without a primal feasible solution for config /scratch/yorig/mpils-results-grid-seconds-5-4may/medium-1/24proc/seed-3/9_neos-3024952-loue_seed-3_20260504_185431/iterated_local_search/run_7_worker_20/ils_config_12867054735746626030.prm.
[INFO]:[19:05:05] CPLEX results. Gap: unavailable, upper bound: null, lower bound: 24021.142857
[INFO]:[19:05:05] CPLEX solver finished. Gap: 179769313486231570814527423731704356798070567525844996598917476803157260780028538760589558632766878171540458953514382464234321326889464182768467546703537516986049910576551282076245490090389328944075868508455133942304583236903222948165808559332123348274797826204144723168738177180919299881250404026184124858368.000000
[INFO]:[19:05:05] Starting CPLEX solver on instance: /home/yorig/tuner/mpils-tests/instances/miplib/medium-1/neos-3024952-loue.mps with config: /scratch/yorig/mpils-results-grid-seconds-5-4may/medium-1/24proc/seed-3/9_neos-3024952-loue_seed-3_20260504_185431/iterated_local_search/run_7_worker_20/ils_config_14892240831361520398.prm
[INFO]:[19:05:05] Starting CPLEX solver on instance: /home/yorig/tuner/mpils-tests/instances/miplib/medium-1/neos-3024952-loue.mps with config: /scratch/yorig/mpils-results-grid-seconds-5-4may/medium-1/24proc/seed-3/9_neos-3024952-loue_seed-3_20260504_185431/iterated_local_search/run_7_worker_20/ils_config_14892240831361520398.prm
[WARN]:[19:05:10] CPLEX finished without a primal feasible solution for config /scratch/yorig/mpils-results-grid-seconds-5-4may/medium-1/24proc/seed-3/9_neos-3024952-loue_seed-3_20260504_185431/iterated_local_search/run_7_worker_20/ils_config_14892240831361520398.prm.
[INFO]:[19:05:10] CPLEX results. Gap: unavailable, upper bound: null, lower bound: 24015.642857
[INFO]:[19:05:10] CPLEX solver finished. Gap: 179769313486231570814527423731704356798070567525844996598917476803157260780028538760589558632766878171540458953514382464234321326889464182768467546703537516986049910576551282076245490090389328944075868508455133942304583236903222948165808559332123348274797826204144723168738177180919299881250404026184124858368.000000
[INFO]:[19:05:10] Starting CPLEX solver on instance: /home/yorig/tuner/mpils-tests/instances/miplib/medium-1/neos-3024952-loue.mps with config: /scratch/yorig/mpils-results-grid-seconds-5-4may/medium-1/24proc/seed-3/9_neos-3024952-loue_seed-3_20260504_185431/iterated_local_search/run_7_worker_20/ils_config_10679275210309564034.prm
[INFO]:[19:05:10] Starting CPLEX solver on instance: /home/yorig/tuner/mpils-tests/instances/miplib/medium-1/neos-3024952-loue.mps with config: /scratch/yorig/mpils-results-grid-seconds-5-4may/medium-1/24proc/seed-3/9_neos-3024952-loue_seed-3_20260504_185431/iterated_local_search/run_7_worker_20/ils_config_10679275210309564034.prm
[WARN]:[19:05:15] CPLEX finished without a primal feasible solution for config /scratch/yorig/mpils-results-grid-seconds-5-4may/medium-1/24proc/seed-3/9_neos-3024952-loue_seed-3_20260504_185431/iterated_local_search/run_7_worker_20/ils_config_10679275210309564034.prm.
[INFO]:[19:05:15] CPLEX results. Gap: unavailable, upper bound: null, lower bound: 24015.642857
[INFO]:[19:05:15] CPLEX solver finished. Gap: 179769313486231570814527423731704356798070567525844996598917476803157260780028538760589558632766878171540458953514382464234321326889464182768467546703537516986049910576551282076245490090389328944075868508455133942304583236903222948165808559332123348274797826204144723168738177180919299881250404026184124858368.000000
[INFO]:[19:05:15] Starting CPLEX solver on instance: /home/yorig/tuner/mpils-tests/instances/miplib/medium-1/neos-3024952-loue.mps with config: /scratch/yorig/mpils-results-grid-seconds-5-4may/medium-1/24proc/seed-3/9_neos-3024952-loue_seed-3_20260504_185431/iterated_local_search/run_7_worker_20/ils_config_17146768942604690678.prm
[INFO]:[19:05:15] Starting CPLEX solver on instance: /home/yorig/tuner/mpils-tests/instances/miplib/medium-1/neos-3024952-loue.mps with config: /scratch/yorig/mpils-results-grid-seconds-5-4may/medium-1/24proc/seed-3/9_neos-3024952-loue_seed-3_20260504_185431/iterated_local_search/run_7_worker_20/ils_config_17146768942604690678.prm
[WARN]:[19:05:20] CPLEX finished without a primal feasible solution for config /scratch/yorig/mpils-results-grid-seconds-5-4may/medium-1/24proc/seed-3/9_neos-3024952-loue_seed-3_20260504_185431/iterated_local_search/run_7_worker_20/ils_config_17146768942604690678.prm.
[INFO]:[19:05:20] CPLEX results. Gap: unavailable, upper bound: null, lower bound: 24015.642857
[INFO]:[19:05:20] CPLEX solver finished. Gap: 179769313486231570814527423731704356798070567525844996598917476803157260780028538760589558632766878171540458953514382464234321326889464182768467546703537516986049910576551282076245490090389328944075868508455133942304583236903222948165808559332123348274797826204144723168738177180919299881250404026184124858368.000000
[INFO]:[19:05:20] Starting CPLEX solver on instance: /home/yorig/tuner/mpils-tests/instances/miplib/medium-1/neos-3024952-loue.mps with config: /scratch/yorig/mpils-results-grid-seconds-5-4may/medium-1/24proc/seed-3/9_neos-3024952-loue_seed-3_20260504_185431/iterated_local_search/run_7_worker_20/ils_config_10773319355047618045.prm
[INFO]:[19:05:20] Starting CPLEX solver on instance: /home/yorig/tuner/mpils-tests/instances/miplib/medium-1/neos-3024952-loue.mps with config: /scratch/yorig/mpils-results-grid-seconds-5-4may/medium-1/24proc/seed-3/9_neos-3024952-loue_seed-3_20260504_185431/iterated_local_search/run_7_worker_20/ils_config_10773319355047618045.prm
[WARN]:[19:05:25] CPLEX finished without a primal feasible solution for config /scratch/yorig/mpils-results-grid-seconds-5-4may/medium-1/24proc/seed-3/9_neos-3024952-loue_seed-3_20260504_185431/iterated_local_search/run_7_worker_20/ils_config_10773319355047618045.prm.
[INFO]:[19:05:25] CPLEX results. Gap: unavailable, upper bound: null, lower bound: 23655.306886
[INFO]:[19:05:25] CPLEX solver finished. Gap: 179769313486231570814527423731704356798070567525844996598917476803157260780028538760589558632766878171540458953514382464234321326889464182768467546703537516986049910576551282076245490090389328944075868508455133942304583236903222948165808559332123348274797826204144723168738177180919299881250404026184124858368.000000
[INFO]:[19:05:25] Starting CPLEX solver on instance: /home/yorig/tuner/mpils-tests/instances/miplib/medium-1/neos-3024952-loue.mps with config: /scratch/yorig/mpils-results-grid-seconds-5-4may/medium-1/24proc/seed-3/9_neos-3024952-loue_seed-3_20260504_185431/iterated_local_search/run_7_worker_20/ils_config_8908298914638026350.prm
[INFO]:[19:05:25] Starting CPLEX solver on instance: /home/yorig/tuner/mpils-tests/instances/miplib/medium-1/neos-3024952-loue.mps with config: /scratch/yorig/mpils-results-grid-seconds-5-4may/medium-1/24proc/seed-3/9_neos-3024952-loue_seed-3_20260504_185431/iterated_local_search/run_7_worker_20/ils_config_8908298914638026350.prm
[WARN]:[19:05:30] CPLEX finished without a primal feasible solution for config /scratch/yorig/mpils-results-grid-seconds-5-4may/medium-1/24proc/seed-3/9_neos-3024952-loue_seed-3_20260504_185431/iterated_local_search/run_7_worker_20/ils_config_8908298914638026350.prm.
[INFO]:[19:05:30] CPLEX results. Gap: unavailable, upper bound: null, lower bound: 24015.642857
[INFO]:[19:05:30] CPLEX solver finished. Gap: 179769313486231570814527423731704356798070567525844996598917476803157260780028538760589558632766878171540458953514382464234321326889464182768467546703537516986049910576551282076245490090389328944075868508455133942304583236903222948165808559332123348274797826204144723168738177180919299881250404026184124858368.000000
[INFO]:[19:05:30] Starting CPLEX solver on instance: /home/yorig/tuner/mpils-tests/instances/miplib/medium-1/neos-3024952-loue.mps with config: /scratch/yorig/mpils-results-grid-seconds-5-4may/medium-1/24proc/seed-3/9_neos-3024952-loue_seed-3_20260504_185431/iterated_local_search/run_7_worker_20/ils_config_4143403154694204554.prm
[INFO]:[19:05:30] Starting CPLEX solver on instance: /home/yorig/tuner/mpils-tests/instances/miplib/medium-1/neos-3024952-loue.mps with config: /scratch/yorig/mpils-results-grid-seconds-5-4may/medium-1/24proc/seed-3/9_neos-3024952-loue_seed-3_20260504_185431/iterated_local_search/run_7_worker_20/ils_config_4143403154694204554.prm
[WARN]:[19:05:35] CPLEX finished without a primal feasible solution for config /scratch/yorig/mpils-results-grid-seconds-5-4may/medium-1/24proc/seed-3/9_neos-3024952-loue_seed-3_20260504_185431/iterated_local_search/run_7_worker_20/ils_config_4143403154694204554.prm.
[INFO]:[19:05:35] CPLEX results. Gap: unavailable, upper bound: null, lower bound: 24015.642857
[INFO]:[19:05:35] CPLEX solver finished. Gap: 179769313486231570814527423731704356798070567525844996598917476803157260780028538760589558632766878171540458953514382464234321326889464182768467546703537516986049910576551282076245490090389328944075868508455133942304583236903222948165808559332123348274797826204144723168738177180919299881250404026184124858368.000000
[INFO]:[19:05:35] Local search phase completed.
[INFO]:[19:05:35] Total number of new local-search evaluations: 30
[INFO]:[19:05:35] Final incumbent objective value: 1.79769e+308
[INFO]:[19:05:36] Worker 20 completed exploration phase.
[INFO]:[19:05:37] Worker 20 received order for step 2.
[INFO]:[19:05:37] Worker 20 running expansion phase for iteration 7.
[INFO]:[19:05:37] Worker 20 will use solver log file: /scratch/yorig/mpils-results-grid-seconds-5-4may/medium-1/24proc/seed-3/9_neos-3024952-loue_seed-3_20260504_185431/solver/cplex.log_iteration_expansion_7_worker_20
[INFO]:[19:05:37] Expansion Worker 20 starting expansion for iteration 7.
[INFO]:[19:05:37] Starting CPLEX solver on instance: /home/yorig/tuner/mpils-tests/instances/miplib/medium-1/neos-3024952-loue.mps with config: /scratch/yorig/mpils-results-grid-seconds-5-4may/medium-1/24proc/seed-3/9_neos-3024952-loue_seed-3_20260504_185431/expansion/config_param_CPXPARAM_Sifting_Algorithm_4_iter_7.prm
[INFO]:[19:05:42] CPLEX results. Gap: 2.620000, upper bound: 26826.000000, lower bound: 26123.366781
[INFO]:[19:05:42] CPLEX solver finished. Gap: 2.620000
[INFO]:[19:05:47] Expansion Worker 20 stopping early after global MPI expansion stop was activated.
[INFO]:[19:05:47] Expansion Worker 20 completed expansion.
[INFO]:[19:05:47] Worker 20 completed expansion phase.
[INFO]:[19:05:51] Worker 20 received order for step 1.
[INFO]:[19:05:51] Worker 20 running exploration phase for iteration 8.
[INFO]:[19:05:51] Worker 20 at iteration 8 will not use a MIP start file. Current best MIP-start upper bound threshold is 1.79769e+308.
[INFO]:[19:05:51] Starting local search phase...
[INFO]:[19:05:51] Creating local search space from parameter space file: /scratch/yorig/mpils-results-grid-seconds-5-4may/medium-1/24proc/seed-3/9_neos-3024952-loue_seed-3_20260504_185431/iterated_local_search/search_space/search_space_file_8_worker_20.txt
[INFO]:[19:05:51] Local search space loaded from file: /scratch/yorig/mpils-results-grid-seconds-5-4may/medium-1/24proc/seed-3/9_neos-3024952-loue_seed-3_20260504_185431/iterated_local_search/search_space/search_space_file_8_worker_20.txt
[INFO]:[19:05:51] Number of parameters in local search space: 71
[INFO]:[19:05:51] Number of forbidden tuples in local search space: 175
[INFO]:[19:05:51] Number of conditionals in local search space: 6
[INFO]:[19:05:51] MIP start option not enabled. Local search will proceed without MIP start.
[INFO]:[19:05:51] Evaluating initial configuration for local search phase...
[INFO]:[19:05:51] Starting CPLEX solver on instance: /home/yorig/tuner/mpils-tests/instances/miplib/medium-1/neos-3024952-loue.mps with config: /scratch/yorig/mpils-results-grid-seconds-5-4may/medium-1/24proc/seed-3/9_neos-3024952-loue_seed-3_20260504_185431/iterated_local_search/run_8_worker_20/ils_config_10240794906875176819.prm
[INFO]:[19:05:51] Starting CPLEX solver on instance: /home/yorig/tuner/mpils-tests/instances/miplib/medium-1/neos-3024952-loue.mps with config: /scratch/yorig/mpils-results-grid-seconds-5-4may/medium-1/24proc/seed-3/9_neos-3024952-loue_seed-3_20260504_185431/iterated_local_search/run_8_worker_20/ils_config_10240794906875176819.prm
[WARN]:[19:05:56] CPLEX finished without a primal feasible solution for config /scratch/yorig/mpils-results-grid-seconds-5-4may/medium-1/24proc/seed-3/9_neos-3024952-loue_seed-3_20260504_185431/iterated_local_search/run_8_worker_20/ils_config_10240794906875176819.prm.
[INFO]:[19:05:56] CPLEX results. Gap: unavailable, upper bound: null, lower bound: 23654.396825
[INFO]:[19:05:56] CPLEX solver finished. Gap: 179769313486231570814527423731704356798070567525844996598917476803157260780028538760589558632766878171540458953514382464234321326889464182768467546703537516986049910576551282076245490090389328944075868508455133942304583236903222948165808559332123348274797826204144723168738177180919299881250404026184124858368.000000
[INFO]:[19:05:56] Initial configuration evaluated with objective value: 1.79769e+308
[INFO]:[19:05:56] Starting CPLEX solver on instance: /home/yorig/tuner/mpils-tests/instances/miplib/medium-1/neos-3024952-loue.mps with config: /scratch/yorig/mpils-results-grid-seconds-5-4may/medium-1/24proc/seed-3/9_neos-3024952-loue_seed-3_20260504_185431/iterated_local_search/run_8_worker_20/ils_config_10727867152910922237.prm
[INFO]:[19:05:56] Starting CPLEX solver on instance: /home/yorig/tuner/mpils-tests/instances/miplib/medium-1/neos-3024952-loue.mps with config: /scratch/yorig/mpils-results-grid-seconds-5-4may/medium-1/24proc/seed-3/9_neos-3024952-loue_seed-3_20260504_185431/iterated_local_search/run_8_worker_20/ils_config_10727867152910922237.prm
[WARN]:[19:06:01] CPLEX finished without a primal feasible solution for config /scratch/yorig/mpils-results-grid-seconds-5-4may/medium-1/24proc/seed-3/9_neos-3024952-loue_seed-3_20260504_185431/iterated_local_search/run_8_worker_20/ils_config_10727867152910922237.prm.
[INFO]:[19:06:01] CPLEX results. Gap: unavailable, upper bound: null, lower bound: 23975.222222
[INFO]:[19:06:01] CPLEX solver finished. Gap: 179769313486231570814527423731704356798070567525844996598917476803157260780028538760589558632766878171540458953514382464234321326889464182768467546703537516986049910576551282076245490090389328944075868508455133942304583236903222948165808559332123348274797826204144723168738177180919299881250404026184124858368.000000
[INFO]:[19:06:01] Starting CPLEX solver on instance: /home/yorig/tuner/mpils-tests/instances/miplib/medium-1/neos-3024952-loue.mps with config: /scratch/yorig/mpils-results-grid-seconds-5-4may/medium-1/24proc/seed-3/9_neos-3024952-loue_seed-3_20260504_185431/iterated_local_search/run_8_worker_20/ils_config_17583327169100224390.prm
[INFO]:[19:06:01] Starting CPLEX solver on instance: /home/yorig/tuner/mpils-tests/instances/miplib/medium-1/neos-3024952-loue.mps with config: /scratch/yorig/mpils-results-grid-seconds-5-4may/medium-1/24proc/seed-3/9_neos-3024952-loue_seed-3_20260504_185431/iterated_local_search/run_8_worker_20/ils_config_17583327169100224390.prm
[WARN]:[19:06:06] CPLEX finished without a primal feasible solution for config /scratch/yorig/mpils-results-grid-seconds-5-4may/medium-1/24proc/seed-3/9_neos-3024952-loue_seed-3_20260504_185431/iterated_local_search/run_8_worker_20/ils_config_17583327169100224390.prm.
[INFO]:[19:06:06] CPLEX results. Gap: unavailable, upper bound: null, lower bound: 23745.660000
[INFO]:[19:06:06] CPLEX solver finished. Gap: 179769313486231570814527423731704356798070567525844996598917476803157260780028538760589558632766878171540458953514382464234321326889464182768467546703537516986049910576551282076245490090389328944075868508455133942304583236903222948165808559332123348274797826204144723168738177180919299881250404026184124858368.000000
[INFO]:[19:06:06] Starting CPLEX solver on instance: /home/yorig/tuner/mpils-tests/instances/miplib/medium-1/neos-3024952-loue.mps with config: /scratch/yorig/mpils-results-grid-seconds-5-4may/medium-1/24proc/seed-3/9_neos-3024952-loue_seed-3_20260504_185431/iterated_local_search/run_8_worker_20/ils_config_16206901231618092777.prm
[INFO]:[19:06:06] Starting CPLEX solver on instance: /home/yorig/tuner/mpils-tests/instances/miplib/medium-1/neos-3024952-loue.mps with config: /scratch/yorig/mpils-results-grid-seconds-5-4may/medium-1/24proc/seed-3/9_neos-3024952-loue_seed-3_20260504_185431/iterated_local_search/run_8_worker_20/ils_config_16206901231618092777.prm
[WARN]:[19:06:11] CPLEX finished without a primal feasible solution for config /scratch/yorig/mpils-results-grid-seconds-5-4may/medium-1/24proc/seed-3/9_neos-3024952-loue_seed-3_20260504_185431/iterated_local_search/run_8_worker_20/ils_config_16206901231618092777.prm.
[INFO]:[19:06:11] CPLEX results. Gap: unavailable, upper bound: null, lower bound: 23654.396825
[INFO]:[19:06:11] CPLEX solver finished. Gap: 179769313486231570814527423731704356798070567525844996598917476803157260780028538760589558632766878171540458953514382464234321326889464182768467546703537516986049910576551282076245490090389328944075868508455133942304583236903222948165808559332123348274797826204144723168738177180919299881250404026184124858368.000000
[INFO]:[19:06:11] Starting CPLEX solver on instance: /home/yorig/tuner/mpils-tests/instances/miplib/medium-1/neos-3024952-loue.mps with config: /scratch/yorig/mpils-results-grid-seconds-5-4may/medium-1/24proc/seed-3/9_neos-3024952-loue_seed-3_20260504_185431/iterated_local_search/run_8_worker_20/ils_config_7195706944279580617.prm
[INFO]:[19:06:11] Starting CPLEX solver on instance: /home/yorig/tuner/mpils-tests/instances/miplib/medium-1/neos-3024952-loue.mps with config: /scratch/yorig/mpils-results-grid-seconds-5-4may/medium-1/24proc/seed-3/9_neos-3024952-loue_seed-3_20260504_185431/iterated_local_search/run_8_worker_20/ils_config_7195706944279580617.prm
[WARN]:[19:06:16] CPLEX finished without a primal feasible solution for config /scratch/yorig/mpils-results-grid-seconds-5-4may/medium-1/24proc/seed-3/9_neos-3024952-loue_seed-3_20260504_185431/iterated_local_search/run_8_worker_20/ils_config_7195706944279580617.prm.
[INFO]:[19:06:16] CPLEX results. Gap: unavailable, upper bound: null, lower bound: 23654.396825
[INFO]:[19:06:16] CPLEX solver finished. Gap: 179769313486231570814527423731704356798070567525844996598917476803157260780028538760589558632766878171540458953514382464234321326889464182768467546703537516986049910576551282076245490090389328944075868508455133942304583236903222948165808559332123348274797826204144723168738177180919299881250404026184124858368.000000
[INFO]:[19:06:16] Starting CPLEX solver on instance: /home/yorig/tuner/mpils-tests/instances/miplib/medium-1/neos-3024952-loue.mps with config: /scratch/yorig/mpils-results-grid-seconds-5-4may/medium-1/24proc/seed-3/9_neos-3024952-loue_seed-3_20260504_185431/iterated_local_search/run_8_worker_20/ils_config_9656184108204841353.prm
[INFO]:[19:06:16] Starting CPLEX solver on instance: /home/yorig/tuner/mpils-tests/instances/miplib/medium-1/neos-3024952-loue.mps with config: /scratch/yorig/mpils-results-grid-seconds-5-4may/medium-1/24proc/seed-3/9_neos-3024952-loue_seed-3_20260504_185431/iterated_local_search/run_8_worker_20/ils_config_9656184108204841353.prm
[WARN]:[19:06:21] CPLEX finished without a primal feasible solution for config /scratch/yorig/mpils-results-grid-seconds-5-4may/medium-1/24proc/seed-3/9_neos-3024952-loue_seed-3_20260504_185431/iterated_local_search/run_8_worker_20/ils_config_9656184108204841353.prm.
[INFO]:[19:06:21] CPLEX results. Gap: unavailable, upper bound: null, lower bound: 23654.396825
[INFO]:[19:06:21] CPLEX solver finished. Gap: 179769313486231570814527423731704356798070567525844996598917476803157260780028538760589558632766878171540458953514382464234321326889464182768467546703537516986049910576551282076245490090389328944075868508455133942304583236903222948165808559332123348274797826204144723168738177180919299881250404026184124858368.000000
[INFO]:[19:06:21] Starting CPLEX solver on instance: /home/yorig/tuner/mpils-tests/instances/miplib/medium-1/neos-3024952-loue.mps with config: /scratch/yorig/mpils-results-grid-seconds-5-4may/medium-1/24proc/seed-3/9_neos-3024952-loue_seed-3_20260504_185431/iterated_local_search/run_8_worker_20/ils_config_6602004455996352584.prm
[INFO]:[19:06:21] Starting CPLEX solver on instance: /home/yorig/tuner/mpils-tests/instances/miplib/medium-1/neos-3024952-loue.mps with config: /scratch/yorig/mpils-results-grid-seconds-5-4may/medium-1/24proc/seed-3/9_neos-3024952-loue_seed-3_20260504_185431/iterated_local_search/run_8_worker_20/ils_config_6602004455996352584.prm
[WARN]:[19:06:26] CPLEX finished without a primal feasible solution for config /scratch/yorig/mpils-results-grid-seconds-5-4may/medium-1/24proc/seed-3/9_neos-3024952-loue_seed-3_20260504_185431/iterated_local_search/run_8_worker_20/ils_config_6602004455996352584.prm.
[INFO]:[19:06:26] CPLEX results. Gap: unavailable, upper bound: null, lower bound: 23590.478571
[INFO]:[19:06:26] CPLEX solver finished. Gap: 179769313486231570814527423731704356798070567525844996598917476803157260780028538760589558632766878171540458953514382464234321326889464182768467546703537516986049910576551282076245490090389328944075868508455133942304583236903222948165808559332123348274797826204144723168738177180919299881250404026184124858368.000000
[INFO]:[19:06:26] Starting CPLEX solver on instance: /home/yorig/tuner/mpils-tests/instances/miplib/medium-1/neos-3024952-loue.mps with config: /scratch/yorig/mpils-results-grid-seconds-5-4may/medium-1/24proc/seed-3/9_neos-3024952-loue_seed-3_20260504_185431/iterated_local_search/run_8_worker_20/ils_config_10790979526109600751.prm
[INFO]:[19:06:26] Starting CPLEX solver on instance: /home/yorig/tuner/mpils-tests/instances/miplib/medium-1/neos-3024952-loue.mps with config: /scratch/yorig/mpils-results-grid-seconds-5-4may/medium-1/24proc/seed-3/9_neos-3024952-loue_seed-3_20260504_185431/iterated_local_search/run_8_worker_20/ils_config_10790979526109600751.prm
[WARN]:[19:06:31] CPLEX finished without a primal feasible solution for config /scratch/yorig/mpils-results-grid-seconds-5-4may/medium-1/24proc/seed-3/9_neos-3024952-loue_seed-3_20260504_185431/iterated_local_search/run_8_worker_20/ils_config_10790979526109600751.prm.
[INFO]:[19:06:31] CPLEX results. Gap: unavailable, upper bound: null, lower bound: 23654.396825
[INFO]:[19:06:31] CPLEX solver finished. Gap: 179769313486231570814527423731704356798070567525844996598917476803157260780028538760589558632766878171540458953514382464234321326889464182768467546703537516986049910576551282076245490090389328944075868508455133942304583236903222948165808559332123348274797826204144723168738177180919299881250404026184124858368.000000
[INFO]:[19:06:31] Starting CPLEX solver on instance: /home/yorig/tuner/mpils-tests/instances/miplib/medium-1/neos-3024952-loue.mps with config: /scratch/yorig/mpils-results-grid-seconds-5-4may/medium-1/24proc/seed-3/9_neos-3024952-loue_seed-3_20260504_185431/iterated_local_search/run_8_worker_20/ils_config_12713004270487218333.prm
[INFO]:[19:06:31] Starting CPLEX solver on instance: /home/yorig/tuner/mpils-tests/instances/miplib/medium-1/neos-3024952-loue.mps with config: /scratch/yorig/mpils-results-grid-seconds-5-4may/medium-1/24proc/seed-3/9_neos-3024952-loue_seed-3_20260504_185431/iterated_local_search/run_8_worker_20/ils_config_12713004270487218333.prm
[WARN]:[19:06:36] CPLEX finished without a primal feasible solution for config /scratch/yorig/mpils-results-grid-seconds-5-4may/medium-1/24proc/seed-3/9_neos-3024952-loue_seed-3_20260504_185431/iterated_local_search/run_8_worker_20/ils_config_12713004270487218333.prm.
[INFO]:[19:06:36] CPLEX results. Gap: unavailable, upper bound: null, lower bound: 23679.470635
[INFO]:[19:06:36] CPLEX solver finished. Gap: 179769313486231570814527423731704356798070567525844996598917476803157260780028538760589558632766878171540458953514382464234321326889464182768467546703537516986049910576551282076245490090389328944075868508455133942304583236903222948165808559332123348274797826204144723168738177180919299881250404026184124858368.000000
[INFO]:[19:06:36] Starting CPLEX solver on instance: /home/yorig/tuner/mpils-tests/instances/miplib/medium-1/neos-3024952-loue.mps with config: /scratch/yorig/mpils-results-grid-seconds-5-4may/medium-1/24proc/seed-3/9_neos-3024952-loue_seed-3_20260504_185431/iterated_local_search/run_8_worker_20/ils_config_16799643434141644009.prm
[INFO]:[19:06:36] Starting CPLEX solver on instance: /home/yorig/tuner/mpils-tests/instances/miplib/medium-1/neos-3024952-loue.mps with config: /scratch/yorig/mpils-results-grid-seconds-5-4may/medium-1/24proc/seed-3/9_neos-3024952-loue_seed-3_20260504_185431/iterated_local_search/run_8_worker_20/ils_config_16799643434141644009.prm
[WARN]:[19:06:41] CPLEX finished without a primal feasible solution for config /scratch/yorig/mpils-results-grid-seconds-5-4may/medium-1/24proc/seed-3/9_neos-3024952-loue_seed-3_20260504_185431/iterated_local_search/run_8_worker_20/ils_config_16799643434141644009.prm.
[INFO]:[19:06:41] CPLEX results. Gap: unavailable, upper bound: null, lower bound: 23654.396825
[INFO]:[19:06:41] CPLEX solver finished. Gap: 179769313486231570814527423731704356798070567525844996598917476803157260780028538760589558632766878171540458953514382464234321326889464182768467546703537516986049910576551282076245490090389328944075868508455133942304583236903222948165808559332123348274797826204144723168738177180919299881250404026184124858368.000000
[INFO]:[19:06:41] Starting CPLEX solver on instance: /home/yorig/tuner/mpils-tests/instances/miplib/medium-1/neos-3024952-loue.mps with config: /scratch/yorig/mpils-results-grid-seconds-5-4may/medium-1/24proc/seed-3/9_neos-3024952-loue_seed-3_20260504_185431/iterated_local_search/run_8_worker_20/ils_config_12284856794698503761.prm
[INFO]:[19:06:41] Starting CPLEX solver on instance: /home/yorig/tuner/mpils-tests/instances/miplib/medium-1/neos-3024952-loue.mps with config: /scratch/yorig/mpils-results-grid-seconds-5-4may/medium-1/24proc/seed-3/9_neos-3024952-loue_seed-3_20260504_185431/iterated_local_search/run_8_worker_20/ils_config_12284856794698503761.prm
[WARN]:[19:06:46] CPLEX finished without a primal feasible solution for config /scratch/yorig/mpils-results-grid-seconds-5-4may/medium-1/24proc/seed-3/9_neos-3024952-loue_seed-3_20260504_185431/iterated_local_search/run_8_worker_20/ils_config_12284856794698503761.prm.
[INFO]:[19:06:46] CPLEX results. Gap: unavailable, upper bound: null, lower bound: 23654.396825
[INFO]:[19:06:46] CPLEX solver finished. Gap: 179769313486231570814527423731704356798070567525844996598917476803157260780028538760589558632766878171540458953514382464234321326889464182768467546703537516986049910576551282076245490090389328944075868508455133942304583236903222948165808559332123348274797826204144723168738177180919299881250404026184124858368.000000
[INFO]:[19:06:46] Starting CPLEX solver on instance: /home/yorig/tuner/mpils-tests/instances/miplib/medium-1/neos-3024952-loue.mps with config: /scratch/yorig/mpils-results-grid-seconds-5-4may/medium-1/24proc/seed-3/9_neos-3024952-loue_seed-3_20260504_185431/iterated_local_search/run_8_worker_20/ils_config_17378535214786142478.prm
[INFO]:[19:06:46] Starting CPLEX solver on instance: /home/yorig/tuner/mpils-tests/instances/miplib/medium-1/neos-3024952-loue.mps with config: /scratch/yorig/mpils-results-grid-seconds-5-4may/medium-1/24proc/seed-3/9_neos-3024952-loue_seed-3_20260504_185431/iterated_local_search/run_8_worker_20/ils_config_17378535214786142478.prm
[WARN]:[19:06:51] CPLEX finished without a primal feasible solution for config /scratch/yorig/mpils-results-grid-seconds-5-4may/medium-1/24proc/seed-3/9_neos-3024952-loue_seed-3_20260504_185431/iterated_local_search/run_8_worker_20/ils_config_17378535214786142478.prm.
[INFO]:[19:06:51] CPLEX results. Gap: unavailable, upper bound: null, lower bound: 23654.396825
[INFO]:[19:06:51] CPLEX solver finished. Gap: 179769313486231570814527423731704356798070567525844996598917476803157260780028538760589558632766878171540458953514382464234321326889464182768467546703537516986049910576551282076245490090389328944075868508455133942304583236903222948165808559332123348274797826204144723168738177180919299881250404026184124858368.000000
[INFO]:[19:06:51] Starting CPLEX solver on instance: /home/yorig/tuner/mpils-tests/instances/miplib/medium-1/neos-3024952-loue.mps with config: /scratch/yorig/mpils-results-grid-seconds-5-4may/medium-1/24proc/seed-3/9_neos-3024952-loue_seed-3_20260504_185431/iterated_local_search/run_8_worker_20/ils_config_8271630477570938361.prm
[INFO]:[19:06:51] Starting CPLEX solver on instance: /home/yorig/tuner/mpils-tests/instances/miplib/medium-1/neos-3024952-loue.mps with config: /scratch/yorig/mpils-results-grid-seconds-5-4may/medium-1/24proc/seed-3/9_neos-3024952-loue_seed-3_20260504_185431/iterated_local_search/run_8_worker_20/ils_config_8271630477570938361.prm
[WARN]:[19:06:56] CPLEX finished without a primal feasible solution for config /scratch/yorig/mpils-results-grid-seconds-5-4may/medium-1/24proc/seed-3/9_neos-3024952-loue_seed-3_20260504_185431/iterated_local_search/run_8_worker_20/ils_config_8271630477570938361.prm.
[INFO]:[19:06:56] CPLEX results. Gap: unavailable, upper bound: null, lower bound: 23814.349481
[INFO]:[19:06:56] CPLEX solver finished. Gap: 179769313486231570814527423731704356798070567525844996598917476803157260780028538760589558632766878171540458953514382464234321326889464182768467546703537516986049910576551282076245490090389328944075868508455133942304583236903222948165808559332123348274797826204144723168738177180919299881250404026184124858368.000000
[INFO]:[19:06:56] Starting CPLEX solver on instance: /home/yorig/tuner/mpils-tests/instances/miplib/medium-1/neos-3024952-loue.mps with config: /scratch/yorig/mpils-results-grid-seconds-5-4may/medium-1/24proc/seed-3/9_neos-3024952-loue_seed-3_20260504_185431/iterated_local_search/run_8_worker_20/ils_config_2005591943567323071.prm
[INFO]:[19:06:56] Starting CPLEX solver on instance: /home/yorig/tuner/mpils-tests/instances/miplib/medium-1/neos-3024952-loue.mps with config: /scratch/yorig/mpils-results-grid-seconds-5-4may/medium-1/24proc/seed-3/9_neos-3024952-loue_seed-3_20260504_185431/iterated_local_search/run_8_worker_20/ils_config_2005591943567323071.prm
[WARN]:[19:07:01] CPLEX finished without a primal feasible solution for config /scratch/yorig/mpils-results-grid-seconds-5-4may/medium-1/24proc/seed-3/9_neos-3024952-loue_seed-3_20260504_185431/iterated_local_search/run_8_worker_20/ils_config_2005591943567323071.prm.
[INFO]:[19:07:01] CPLEX results. Gap: unavailable, upper bound: null, lower bound: 23654.396825
[INFO]:[19:07:01] CPLEX solver finished. Gap: 179769313486231570814527423731704356798070567525844996598917476803157260780028538760589558632766878171540458953514382464234321326889464182768467546703537516986049910576551282076245490090389328944075868508455133942304583236903222948165808559332123348274797826204144723168738177180919299881250404026184124858368.000000
[INFO]:[19:07:01] Starting CPLEX solver on instance: /home/yorig/tuner/mpils-tests/instances/miplib/medium-1/neos-3024952-loue.mps with config: /scratch/yorig/mpils-results-grid-seconds-5-4may/medium-1/24proc/seed-3/9_neos-3024952-loue_seed-3_20260504_185431/iterated_local_search/run_8_worker_20/ils_config_12172094583228054299.prm
[INFO]:[19:07:01] Starting CPLEX solver on instance: /home/yorig/tuner/mpils-tests/instances/miplib/medium-1/neos-3024952-loue.mps with config: /scratch/yorig/mpils-results-grid-seconds-5-4may/medium-1/24proc/seed-3/9_neos-3024952-loue_seed-3_20260504_185431/iterated_local_search/run_8_worker_20/ils_config_12172094583228054299.prm
[WARN]:[19:07:06] CPLEX finished without a primal feasible solution for config /scratch/yorig/mpils-results-grid-seconds-5-4may/medium-1/24proc/seed-3/9_neos-3024952-loue_seed-3_20260504_185431/iterated_local_search/run_8_worker_20/ils_config_12172094583228054299.prm.
[INFO]:[19:07:06] CPLEX results. Gap: unavailable, upper bound: null, lower bound: 23654.396825
[INFO]:[19:07:06] CPLEX solver finished. Gap: 179769313486231570814527423731704356798070567525844996598917476803157260780028538760589558632766878171540458953514382464234321326889464182768467546703537516986049910576551282076245490090389328944075868508455133942304583236903222948165808559332123348274797826204144723168738177180919299881250404026184124858368.000000
[INFO]:[19:07:06] Starting CPLEX solver on instance: /home/yorig/tuner/mpils-tests/instances/miplib/medium-1/neos-3024952-loue.mps with config: /scratch/yorig/mpils-results-grid-seconds-5-4may/medium-1/24proc/seed-3/9_neos-3024952-loue_seed-3_20260504_185431/iterated_local_search/run_8_worker_20/ils_config_6416530297980737819.prm
[INFO]:[19:07:06] Starting CPLEX solver on instance: /home/yorig/tuner/mpils-tests/instances/miplib/medium-1/neos-3024952-loue.mps with config: /scratch/yorig/mpils-results-grid-seconds-5-4may/medium-1/24proc/seed-3/9_neos-3024952-loue_seed-3_20260504_185431/iterated_local_search/run_8_worker_20/ils_config_6416530297980737819.prm
[WARN]:[19:07:11] CPLEX finished without a primal feasible solution for config /scratch/yorig/mpils-results-grid-seconds-5-4may/medium-1/24proc/seed-3/9_neos-3024952-loue_seed-3_20260504_185431/iterated_local_search/run_8_worker_20/ils_config_6416530297980737819.prm.
[INFO]:[19:07:11] CPLEX results. Gap: unavailable, upper bound: null, lower bound: 23654.396825
[INFO]:[19:07:11] CPLEX solver finished. Gap: 179769313486231570814527423731704356798070567525844996598917476803157260780028538760589558632766878171540458953514382464234321326889464182768467546703537516986049910576551282076245490090389328944075868508455133942304583236903222948165808559332123348274797826204144723168738177180919299881250404026184124858368.000000
[INFO]:[19:07:11] Starting CPLEX solver on instance: /home/yorig/tuner/mpils-tests/instances/miplib/medium-1/neos-3024952-loue.mps with config: /scratch/yorig/mpils-results-grid-seconds-5-4may/medium-1/24proc/seed-3/9_neos-3024952-loue_seed-3_20260504_185431/iterated_local_search/run_8_worker_20/ils_config_7625255051692234338.prm
[INFO]:[19:07:11] Starting CPLEX solver on instance: /home/yorig/tuner/mpils-tests/instances/miplib/medium-1/neos-3024952-loue.mps with config: /scratch/yorig/mpils-results-grid-seconds-5-4may/medium-1/24proc/seed-3/9_neos-3024952-loue_seed-3_20260504_185431/iterated_local_search/run_8_worker_20/ils_config_7625255051692234338.prm
[WARN]:[19:07:16] CPLEX finished without a primal feasible solution for config /scratch/yorig/mpils-results-grid-seconds-5-4may/medium-1/24proc/seed-3/9_neos-3024952-loue_seed-3_20260504_185431/iterated_local_search/run_8_worker_20/ils_config_7625255051692234338.prm.
[INFO]:[19:07:16] CPLEX results. Gap: unavailable, upper bound: null, lower bound: 23579.119048
[INFO]:[19:07:16] CPLEX solver finished. Gap: 179769313486231570814527423731704356798070567525844996598917476803157260780028538760589558632766878171540458953514382464234321326889464182768467546703537516986049910576551282076245490090389328944075868508455133942304583236903222948165808559332123348274797826204144723168738177180919299881250404026184124858368.000000
[INFO]:[19:07:16] Starting CPLEX solver on instance: /home/yorig/tuner/mpils-tests/instances/miplib/medium-1/neos-3024952-loue.mps with config: /scratch/yorig/mpils-results-grid-seconds-5-4may/medium-1/24proc/seed-3/9_neos-3024952-loue_seed-3_20260504_185431/iterated_local_search/run_8_worker_20/ils_config_3578705393791113695.prm
[INFO]:[19:07:16] Starting CPLEX solver on instance: /home/yorig/tuner/mpils-tests/instances/miplib/medium-1/neos-3024952-loue.mps with config: /scratch/yorig/mpils-results-grid-seconds-5-4may/medium-1/24proc/seed-3/9_neos-3024952-loue_seed-3_20260504_185431/iterated_local_search/run_8_worker_20/ils_config_3578705393791113695.prm
[WARN]:[19:07:21] CPLEX finished without a primal feasible solution for config /scratch/yorig/mpils-results-grid-seconds-5-4may/medium-1/24proc/seed-3/9_neos-3024952-loue_seed-3_20260504_185431/iterated_local_search/run_8_worker_20/ils_config_3578705393791113695.prm.
[INFO]:[19:07:21] CPLEX results. Gap: unavailable, upper bound: null, lower bound: 23654.396825
[INFO]:[19:07:21] CPLEX solver finished. Gap: 179769313486231570814527423731704356798070567525844996598917476803157260780028538760589558632766878171540458953514382464234321326889464182768467546703537516986049910576551282076245490090389328944075868508455133942304583236903222948165808559332123348274797826204144723168738177180919299881250404026184124858368.000000
[INFO]:[19:07:21] Starting CPLEX solver on instance: /home/yorig/tuner/mpils-tests/instances/miplib/medium-1/neos-3024952-loue.mps with config: /scratch/yorig/mpils-results-grid-seconds-5-4may/medium-1/24proc/seed-3/9_neos-3024952-loue_seed-3_20260504_185431/iterated_local_search/run_8_worker_20/ils_config_4236229533138786045.prm
[INFO]:[19:07:21] Starting CPLEX solver on instance: /home/yorig/tuner/mpils-tests/instances/miplib/medium-1/neos-3024952-loue.mps with config: /scratch/yorig/mpils-results-grid-seconds-5-4may/medium-1/24proc/seed-3/9_neos-3024952-loue_seed-3_20260504_185431/iterated_local_search/run_8_worker_20/ils_config_4236229533138786045.prm
[WARN]:[19:07:26] CPLEX finished without a primal feasible solution for config /scratch/yorig/mpils-results-grid-seconds-5-4may/medium-1/24proc/seed-3/9_neos-3024952-loue_seed-3_20260504_185431/iterated_local_search/run_8_worker_20/ils_config_4236229533138786045.prm.
[INFO]:[19:07:26] CPLEX results. Gap: unavailable, upper bound: null, lower bound: 23975.222222
[INFO]:[19:07:26] CPLEX solver finished. Gap: 179769313486231570814527423731704356798070567525844996598917476803157260780028538760589558632766878171540458953514382464234321326889464182768467546703537516986049910576551282076245490090389328944075868508455133942304583236903222948165808559332123348274797826204144723168738177180919299881250404026184124858368.000000
[INFO]:[19:07:26] Starting CPLEX solver on instance: /home/yorig/tuner/mpils-tests/instances/miplib/medium-1/neos-3024952-loue.mps with config: /scratch/yorig/mpils-results-grid-seconds-5-4may/medium-1/24proc/seed-3/9_neos-3024952-loue_seed-3_20260504_185431/iterated_local_search/run_8_worker_20/ils_config_11421286311672972629.prm
[INFO]:[19:07:26] Starting CPLEX solver on instance: /home/yorig/tuner/mpils-tests/instances/miplib/medium-1/neos-3024952-loue.mps with config: /scratch/yorig/mpils-results-grid-seconds-5-4may/medium-1/24proc/seed-3/9_neos-3024952-loue_seed-3_20260504_185431/iterated_local_search/run_8_worker_20/ils_config_11421286311672972629.prm
[WARN]:[19:07:31] CPLEX finished without a primal feasible solution for config /scratch/yorig/mpils-results-grid-seconds-5-4may/medium-1/24proc/seed-3/9_neos-3024952-loue_seed-3_20260504_185431/iterated_local_search/run_8_worker_20/ils_config_11421286311672972629.prm.
[INFO]:[19:07:31] CPLEX results. Gap: unavailable, upper bound: null, lower bound: 23590.478571
[INFO]:[19:07:31] CPLEX solver finished. Gap: 179769313486231570814527423731704356798070567525844996598917476803157260780028538760589558632766878171540458953514382464234321326889464182768467546703537516986049910576551282076245490090389328944075868508455133942304583236903222948165808559332123348274797826204144723168738177180919299881250404026184124858368.000000
[INFO]:[19:07:31] Starting CPLEX solver on instance: /home/yorig/tuner/mpils-tests/instances/miplib/medium-1/neos-3024952-loue.mps with config: /scratch/yorig/mpils-results-grid-seconds-5-4may/medium-1/24proc/seed-3/9_neos-3024952-loue_seed-3_20260504_185431/iterated_local_search/run_8_worker_20/ils_config_12665788458002519813.prm
[INFO]:[19:07:31] Starting CPLEX solver on instance: /home/yorig/tuner/mpils-tests/instances/miplib/medium-1/neos-3024952-loue.mps with config: /scratch/yorig/mpils-results-grid-seconds-5-4may/medium-1/24proc/seed-3/9_neos-3024952-loue_seed-3_20260504_185431/iterated_local_search/run_8_worker_20/ils_config_12665788458002519813.prm
[WARN]:[19:07:36] CPLEX finished without a primal feasible solution for config /scratch/yorig/mpils-results-grid-seconds-5-4may/medium-1/24proc/seed-3/9_neos-3024952-loue_seed-3_20260504_185431/iterated_local_search/run_8_worker_20/ils_config_12665788458002519813.prm.
[INFO]:[19:07:36] CPLEX results. Gap: unavailable, upper bound: null, lower bound: 23624.915640
[INFO]:[19:07:36] CPLEX solver finished. Gap: 179769313486231570814527423731704356798070567525844996598917476803157260780028538760589558632766878171540458953514382464234321326889464182768467546703537516986049910576551282076245490090389328944075868508455133942304583236903222948165808559332123348274797826204144723168738177180919299881250404026184124858368.000000
[INFO]:[19:07:36] Starting CPLEX solver on instance: /home/yorig/tuner/mpils-tests/instances/miplib/medium-1/neos-3024952-loue.mps with config: /scratch/yorig/mpils-results-grid-seconds-5-4may/medium-1/24proc/seed-3/9_neos-3024952-loue_seed-3_20260504_185431/iterated_local_search/run_8_worker_20/ils_config_18053491646872614366.prm
[INFO]:[19:07:36] Starting CPLEX solver on instance: /home/yorig/tuner/mpils-tests/instances/miplib/medium-1/neos-3024952-loue.mps with config: /scratch/yorig/mpils-results-grid-seconds-5-4may/medium-1/24proc/seed-3/9_neos-3024952-loue_seed-3_20260504_185431/iterated_local_search/run_8_worker_20/ils_config_18053491646872614366.prm
[WARN]:[19:07:41] CPLEX finished without a primal feasible solution for config /scratch/yorig/mpils-results-grid-seconds-5-4may/medium-1/24proc/seed-3/9_neos-3024952-loue_seed-3_20260504_185431/iterated_local_search/run_8_worker_20/ils_config_18053491646872614366.prm.
[INFO]:[19:07:41] CPLEX results. Gap: unavailable, upper bound: null, lower bound: 23790.080000
[INFO]:[19:07:41] CPLEX solver finished. Gap: 179769313486231570814527423731704356798070567525844996598917476803157260780028538760589558632766878171540458953514382464234321326889464182768467546703537516986049910576551282076245490090389328944075868508455133942304583236903222948165808559332123348274797826204144723168738177180919299881250404026184124858368.000000
[INFO]:[19:07:41] Starting CPLEX solver on instance: /home/yorig/tuner/mpils-tests/instances/miplib/medium-1/neos-3024952-loue.mps with config: /scratch/yorig/mpils-results-grid-seconds-5-4may/medium-1/24proc/seed-3/9_neos-3024952-loue_seed-3_20260504_185431/iterated_local_search/run_8_worker_20/ils_config_1548647376380777323.prm
[INFO]:[19:07:41] Starting CPLEX solver on instance: /home/yorig/tuner/mpils-tests/instances/miplib/medium-1/neos-3024952-loue.mps with config: /scratch/yorig/mpils-results-grid-seconds-5-4may/medium-1/24proc/seed-3/9_neos-3024952-loue_seed-3_20260504_185431/iterated_local_search/run_8_worker_20/ils_config_1548647376380777323.prm
[WARN]:[19:07:47] CPLEX finished without a primal feasible solution for config /scratch/yorig/mpils-results-grid-seconds-5-4may/medium-1/24proc/seed-3/9_neos-3024952-loue_seed-3_20260504_185431/iterated_local_search/run_8_worker_20/ils_config_1548647376380777323.prm.
[INFO]:[19:07:47] CPLEX results. Gap: unavailable, upper bound: null, lower bound: 24340.077290
[INFO]:[19:07:47] CPLEX solver finished. Gap: 179769313486231570814527423731704356798070567525844996598917476803157260780028538760589558632766878171540458953514382464234321326889464182768467546703537516986049910576551282076245490090389328944075868508455133942304583236903222948165808559332123348274797826204144723168738177180919299881250404026184124858368.000000
[INFO]:[19:07:47] Starting CPLEX solver on instance: /home/yorig/tuner/mpils-tests/instances/miplib/medium-1/neos-3024952-loue.mps with config: /scratch/yorig/mpils-results-grid-seconds-5-4may/medium-1/24proc/seed-3/9_neos-3024952-loue_seed-3_20260504_185431/iterated_local_search/run_8_worker_20/ils_config_9441445038433630507.prm
[INFO]:[19:07:47] Starting CPLEX solver on instance: /home/yorig/tuner/mpils-tests/instances/miplib/medium-1/neos-3024952-loue.mps with config: /scratch/yorig/mpils-results-grid-seconds-5-4may/medium-1/24proc/seed-3/9_neos-3024952-loue_seed-3_20260504_185431/iterated_local_search/run_8_worker_20/ils_config_9441445038433630507.prm
[WARN]:[19:07:52] CPLEX finished without a primal feasible solution for config /scratch/yorig/mpils-results-grid-seconds-5-4may/medium-1/24proc/seed-3/9_neos-3024952-loue_seed-3_20260504_185431/iterated_local_search/run_8_worker_20/ils_config_9441445038433630507.prm.
[INFO]:[19:07:52] CPLEX results. Gap: unavailable, upper bound: null, lower bound: 23761.300000
[INFO]:[19:07:52] CPLEX solver finished. Gap: 179769313486231570814527423731704356798070567525844996598917476803157260780028538760589558632766878171540458953514382464234321326889464182768467546703537516986049910576551282076245490090389328944075868508455133942304583236903222948165808559332123348274797826204144723168738177180919299881250404026184124858368.000000
[INFO]:[19:07:52] Starting CPLEX solver on instance: /home/yorig/tuner/mpils-tests/instances/miplib/medium-1/neos-3024952-loue.mps with config: /scratch/yorig/mpils-results-grid-seconds-5-4may/medium-1/24proc/seed-3/9_neos-3024952-loue_seed-3_20260504_185431/iterated_local_search/run_8_worker_20/ils_config_7279764876156173935.prm
[INFO]:[19:07:52] Starting CPLEX solver on instance: /home/yorig/tuner/mpils-tests/instances/miplib/medium-1/neos-3024952-loue.mps with config: /scratch/yorig/mpils-results-grid-seconds-5-4may/medium-1/24proc/seed-3/9_neos-3024952-loue_seed-3_20260504_185431/iterated_local_search/run_8_worker_20/ils_config_7279764876156173935.prm
[WARN]:[19:07:57] CPLEX finished without a primal feasible solution for config /scratch/yorig/mpils-results-grid-seconds-5-4may/medium-1/24proc/seed-3/9_neos-3024952-loue_seed-3_20260504_185431/iterated_local_search/run_8_worker_20/ils_config_7279764876156173935.prm.
[INFO]:[19:07:57] CPLEX results. Gap: unavailable, upper bound: null, lower bound: 23654.396825
[INFO]:[19:07:57] CPLEX solver finished. Gap: 179769313486231570814527423731704356798070567525844996598917476803157260780028538760589558632766878171540458953514382464234321326889464182768467546703537516986049910576551282076245490090389328944075868508455133942304583236903222948165808559332123348274797826204144723168738177180919299881250404026184124858368.000000
[INFO]:[19:07:57] Starting CPLEX solver on instance: /home/yorig/tuner/mpils-tests/instances/miplib/medium-1/neos-3024952-loue.mps with config: /scratch/yorig/mpils-results-grid-seconds-5-4may/medium-1/24proc/seed-3/9_neos-3024952-loue_seed-3_20260504_185431/iterated_local_search/run_8_worker_20/ils_config_7665998089492769816.prm
[INFO]:[19:07:57] Starting CPLEX solver on instance: /home/yorig/tuner/mpils-tests/instances/miplib/medium-1/neos-3024952-loue.mps with config: /scratch/yorig/mpils-results-grid-seconds-5-4may/medium-1/24proc/seed-3/9_neos-3024952-loue_seed-3_20260504_185431/iterated_local_search/run_8_worker_20/ils_config_7665998089492769816.prm
[WARN]:[19:08:02] CPLEX finished without a primal feasible solution for config /scratch/yorig/mpils-results-grid-seconds-5-4may/medium-1/24proc/seed-3/9_neos-3024952-loue_seed-3_20260504_185431/iterated_local_search/run_8_worker_20/ils_config_7665998089492769816.prm.
[INFO]:[19:08:02] CPLEX results. Gap: unavailable, upper bound: null, lower bound: 23654.396825
[INFO]:[19:08:02] CPLEX solver finished. Gap: 179769313486231570814527423731704356798070567525844996598917476803157260780028538760589558632766878171540458953514382464234321326889464182768467546703537516986049910576551282076245490090389328944075868508455133942304583236903222948165808559332123348274797826204144723168738177180919299881250404026184124858368.000000
[INFO]:[19:08:02] Starting CPLEX solver on instance: /home/yorig/tuner/mpils-tests/instances/miplib/medium-1/neos-3024952-loue.mps with config: /scratch/yorig/mpils-results-grid-seconds-5-4may/medium-1/24proc/seed-3/9_neos-3024952-loue_seed-3_20260504_185431/iterated_local_search/run_8_worker_20/ils_config_9188655120680334113.prm
[INFO]:[19:08:02] Starting CPLEX solver on instance: /home/yorig/tuner/mpils-tests/instances/miplib/medium-1/neos-3024952-loue.mps with config: /scratch/yorig/mpils-results-grid-seconds-5-4may/medium-1/24proc/seed-3/9_neos-3024952-loue_seed-3_20260504_185431/iterated_local_search/run_8_worker_20/ils_config_9188655120680334113.prm
[WARN]:[19:08:07] CPLEX finished without a primal feasible solution for config /scratch/yorig/mpils-results-grid-seconds-5-4may/medium-1/24proc/seed-3/9_neos-3024952-loue_seed-3_20260504_185431/iterated_local_search/run_8_worker_20/ils_config_9188655120680334113.prm.
[INFO]:[19:08:07] CPLEX results. Gap: unavailable, upper bound: null, lower bound: 23654.396825
[INFO]:[19:08:07] CPLEX solver finished. Gap: 179769313486231570814527423731704356798070567525844996598917476803157260780028538760589558632766878171540458953514382464234321326889464182768467546703537516986049910576551282076245490090389328944075868508455133942304583236903222948165808559332123348274797826204144723168738177180919299881250404026184124858368.000000
[INFO]:[19:08:07] Starting CPLEX solver on instance: /home/yorig/tuner/mpils-tests/instances/miplib/medium-1/neos-3024952-loue.mps with config: /scratch/yorig/mpils-results-grid-seconds-5-4may/medium-1/24proc/seed-3/9_neos-3024952-loue_seed-3_20260504_185431/iterated_local_search/run_8_worker_20/ils_config_16150355625807175984.prm
[INFO]:[19:08:07] Starting CPLEX solver on instance: /home/yorig/tuner/mpils-tests/instances/miplib/medium-1/neos-3024952-loue.mps with config: /scratch/yorig/mpils-results-grid-seconds-5-4may/medium-1/24proc/seed-3/9_neos-3024952-loue_seed-3_20260504_185431/iterated_local_search/run_8_worker_20/ils_config_16150355625807175984.prm
[WARN]:[19:08:12] CPLEX finished without a primal feasible solution for config /scratch/yorig/mpils-results-grid-seconds-5-4may/medium-1/24proc/seed-3/9_neos-3024952-loue_seed-3_20260504_185431/iterated_local_search/run_8_worker_20/ils_config_16150355625807175984.prm.
[INFO]:[19:08:12] CPLEX results. Gap: unavailable, upper bound: null, lower bound: 23654.396825
[INFO]:[19:08:12] CPLEX solver finished. Gap: 179769313486231570814527423731704356798070567525844996598917476803157260780028538760589558632766878171540458953514382464234321326889464182768467546703537516986049910576551282076245490090389328944075868508455133942304583236903222948165808559332123348274797826204144723168738177180919299881250404026184124858368.000000
[INFO]:[19:08:12] Starting CPLEX solver on instance: /home/yorig/tuner/mpils-tests/instances/miplib/medium-1/neos-3024952-loue.mps with config: /scratch/yorig/mpils-results-grid-seconds-5-4may/medium-1/24proc/seed-3/9_neos-3024952-loue_seed-3_20260504_185431/iterated_local_search/run_8_worker_20/ils_config_7191655570404703816.prm
[INFO]:[19:08:12] Starting CPLEX solver on instance: /home/yorig/tuner/mpils-tests/instances/miplib/medium-1/neos-3024952-loue.mps with config: /scratch/yorig/mpils-results-grid-seconds-5-4may/medium-1/24proc/seed-3/9_neos-3024952-loue_seed-3_20260504_185431/iterated_local_search/run_8_worker_20/ils_config_7191655570404703816.prm
[WARN]:[19:08:17] CPLEX finished without a primal feasible solution for config /scratch/yorig/mpils-results-grid-seconds-5-4may/medium-1/24proc/seed-3/9_neos-3024952-loue_seed-3_20260504_185431/iterated_local_search/run_8_worker_20/ils_config_7191655570404703816.prm.
[INFO]:[19:08:17] CPLEX results. Gap: unavailable, upper bound: null, lower bound: 23589.566667
[INFO]:[19:08:17] CPLEX solver finished. Gap: 179769313486231570814527423731704356798070567525844996598917476803157260780028538760589558632766878171540458953514382464234321326889464182768467546703537516986049910576551282076245490090389328944075868508455133942304583236903222948165808559332123348274797826204144723168738177180919299881250404026184124858368.000000
[INFO]:[19:08:17] Starting CPLEX solver on instance: /home/yorig/tuner/mpils-tests/instances/miplib/medium-1/neos-3024952-loue.mps with config: /scratch/yorig/mpils-results-grid-seconds-5-4may/medium-1/24proc/seed-3/9_neos-3024952-loue_seed-3_20260504_185431/iterated_local_search/run_8_worker_20/ils_config_3231742779243921146.prm
[INFO]:[19:08:17] Starting CPLEX solver on instance: /home/yorig/tuner/mpils-tests/instances/miplib/medium-1/neos-3024952-loue.mps with config: /scratch/yorig/mpils-results-grid-seconds-5-4may/medium-1/24proc/seed-3/9_neos-3024952-loue_seed-3_20260504_185431/iterated_local_search/run_8_worker_20/ils_config_3231742779243921146.prm
[WARN]:[19:08:22] CPLEX finished without a primal feasible solution for config /scratch/yorig/mpils-results-grid-seconds-5-4may/medium-1/24proc/seed-3/9_neos-3024952-loue_seed-3_20260504_185431/iterated_local_search/run_8_worker_20/ils_config_3231742779243921146.prm.
[INFO]:[19:08:22] CPLEX results. Gap: unavailable, upper bound: null, lower bound: 23628.811619
[INFO]:[19:08:22] CPLEX solver finished. Gap: 179769313486231570814527423731704356798070567525844996598917476803157260780028538760589558632766878171540458953514382464234321326889464182768467546703537516986049910576551282076245490090389328944075868508455133942304583236903222948165808559332123348274797826204144723168738177180919299881250404026184124858368.000000
[INFO]:[19:08:22] Local search phase completed.
[INFO]:[19:08:22] Total number of new local-search evaluations: 30
[INFO]:[19:08:22] Final incumbent objective value: 1.79769e+308
[INFO]:[19:08:22] Worker 20 completed exploration phase.
[INFO]:[19:08:22] Worker 20 received order for step 2.
[INFO]:[19:08:22] Worker 20 running expansion phase for iteration 8.
[INFO]:[19:08:22] Worker 20 will use solver log file: /scratch/yorig/mpils-results-grid-seconds-5-4may/medium-1/24proc/seed-3/9_neos-3024952-loue_seed-3_20260504_185431/solver/cplex.log_iteration_expansion_8_worker_20
[INFO]:[19:08:22] Expansion Worker 20 starting expansion for iteration 8.
[INFO]:[19:08:27] Expansion Worker 20 completed expansion.
[INFO]:[19:08:27] Worker 20 completed expansion phase.
[INFO]:[19:08:34] Worker 20 received order for step 1.
[INFO]:[19:08:34] Worker 20 running exploration phase for iteration 9.
[INFO]:[19:08:34] Worker 20 at iteration 9 will not use a MIP start file. Current best MIP-start upper bound threshold is 1.79769e+308.
[INFO]:[19:08:34] Starting local search phase...
[INFO]:[19:08:34] Creating local search space from parameter space file: /scratch/yorig/mpils-results-grid-seconds-5-4may/medium-1/24proc/seed-3/9_neos-3024952-loue_seed-3_20260504_185431/iterated_local_search/search_space/search_space_file_9_worker_20.txt
[INFO]:[19:08:34] Local search space loaded from file: /scratch/yorig/mpils-results-grid-seconds-5-4may/medium-1/24proc/seed-3/9_neos-3024952-loue_seed-3_20260504_185431/iterated_local_search/search_space/search_space_file_9_worker_20.txt
[INFO]:[19:08:34] Number of parameters in local search space: 71
[INFO]:[19:08:34] Number of forbidden tuples in local search space: 199
[INFO]:[19:08:34] Number of conditionals in local search space: 6
[INFO]:[19:08:34] MIP start option not enabled. Local search will proceed without MIP start.
[INFO]:[19:08:34] Evaluating initial configuration for local search phase...
[INFO]:[19:08:34] Starting CPLEX solver on instance: /home/yorig/tuner/mpils-tests/instances/miplib/medium-1/neos-3024952-loue.mps with config: /scratch/yorig/mpils-results-grid-seconds-5-4may/medium-1/24proc/seed-3/9_neos-3024952-loue_seed-3_20260504_185431/iterated_local_search/run_9_worker_20/ils_config_10412829955836942088.prm
[INFO]:[19:08:34] Starting CPLEX solver on instance: /home/yorig/tuner/mpils-tests/instances/miplib/medium-1/neos-3024952-loue.mps with config: /scratch/yorig/mpils-results-grid-seconds-5-4may/medium-1/24proc/seed-3/9_neos-3024952-loue_seed-3_20260504_185431/iterated_local_search/run_9_worker_20/ils_config_10412829955836942088.prm
[WARN]:[19:08:39] CPLEX finished without a primal feasible solution for config /scratch/yorig/mpils-results-grid-seconds-5-4may/medium-1/24proc/seed-3/9_neos-3024952-loue_seed-3_20260504_185431/iterated_local_search/run_9_worker_20/ils_config_10412829955836942088.prm.
[INFO]:[19:08:39] CPLEX results. Gap: unavailable, upper bound: null, lower bound: 24202.754302
[INFO]:[19:08:39] CPLEX solver finished. Gap: 179769313486231570814527423731704356798070567525844996598917476803157260780028538760589558632766878171540458953514382464234321326889464182768467546703537516986049910576551282076245490090389328944075868508455133942304583236903222948165808559332123348274797826204144723168738177180919299881250404026184124858368.000000
[INFO]:[19:08:39] Initial configuration evaluated with objective value: 1.79769e+308
[INFO]:[19:08:39] Starting CPLEX solver on instance: /home/yorig/tuner/mpils-tests/instances/miplib/medium-1/neos-3024952-loue.mps with config: /scratch/yorig/mpils-results-grid-seconds-5-4may/medium-1/24proc/seed-3/9_neos-3024952-loue_seed-3_20260504_185431/iterated_local_search/run_9_worker_20/ils_config_14773441364600776411.prm
[INFO]:[19:08:39] Starting CPLEX solver on instance: /home/yorig/tuner/mpils-tests/instances/miplib/medium-1/neos-3024952-loue.mps with config: /scratch/yorig/mpils-results-grid-seconds-5-4may/medium-1/24proc/seed-3/9_neos-3024952-loue_seed-3_20260504_185431/iterated_local_search/run_9_worker_20/ils_config_14773441364600776411.prm
[WARN]:[19:08:44] CPLEX finished without a primal feasible solution for config /scratch/yorig/mpils-results-grid-seconds-5-4may/medium-1/24proc/seed-3/9_neos-3024952-loue_seed-3_20260504_185431/iterated_local_search/run_9_worker_20/ils_config_14773441364600776411.prm.
[INFO]:[19:08:44] CPLEX results. Gap: unavailable, upper bound: null, lower bound: 24202.754302
[INFO]:[19:08:44] CPLEX solver finished. Gap: 179769313486231570814527423731704356798070567525844996598917476803157260780028538760589558632766878171540458953514382464234321326889464182768467546703537516986049910576551282076245490090389328944075868508455133942304583236903222948165808559332123348274797826204144723168738177180919299881250404026184124858368.000000
[INFO]:[19:08:44] Starting CPLEX solver on instance: /home/yorig/tuner/mpils-tests/instances/miplib/medium-1/neos-3024952-loue.mps with config: /scratch/yorig/mpils-results-grid-seconds-5-4may/medium-1/24proc/seed-3/9_neos-3024952-loue_seed-3_20260504_185431/iterated_local_search/run_9_worker_20/ils_config_6325568361520367611.prm
[INFO]:[19:08:44] Starting CPLEX solver on instance: /home/yorig/tuner/mpils-tests/instances/miplib/medium-1/neos-3024952-loue.mps with config: /scratch/yorig/mpils-results-grid-seconds-5-4may/medium-1/24proc/seed-3/9_neos-3024952-loue_seed-3_20260504_185431/iterated_local_search/run_9_worker_20/ils_config_6325568361520367611.prm
[WARN]:[19:08:49] CPLEX finished without a primal feasible solution for config /scratch/yorig/mpils-results-grid-seconds-5-4may/medium-1/24proc/seed-3/9_neos-3024952-loue_seed-3_20260504_185431/iterated_local_search/run_9_worker_20/ils_config_6325568361520367611.prm.
[INFO]:[19:08:49] CPLEX results. Gap: unavailable, upper bound: null, lower bound: 24229.892521
[INFO]:[19:08:49] CPLEX solver finished. Gap: 179769313486231570814527423731704356798070567525844996598917476803157260780028538760589558632766878171540458953514382464234321326889464182768467546703537516986049910576551282076245490090389328944075868508455133942304583236903222948165808559332123348274797826204144723168738177180919299881250404026184124858368.000000
[INFO]:[19:08:49] Starting CPLEX solver on instance: /home/yorig/tuner/mpils-tests/instances/miplib/medium-1/neos-3024952-loue.mps with config: /scratch/yorig/mpils-results-grid-seconds-5-4may/medium-1/24proc/seed-3/9_neos-3024952-loue_seed-3_20260504_185431/iterated_local_search/run_9_worker_20/ils_config_1662854448484114952.prm
[INFO]:[19:08:49] Starting CPLEX solver on instance: /home/yorig/tuner/mpils-tests/instances/miplib/medium-1/neos-3024952-loue.mps with config: /scratch/yorig/mpils-results-grid-seconds-5-4may/medium-1/24proc/seed-3/9_neos-3024952-loue_seed-3_20260504_185431/iterated_local_search/run_9_worker_20/ils_config_1662854448484114952.prm
[WARN]:[19:08:54] CPLEX finished without a primal feasible solution for config /scratch/yorig/mpils-results-grid-seconds-5-4may/medium-1/24proc/seed-3/9_neos-3024952-loue_seed-3_20260504_185431/iterated_local_search/run_9_worker_20/ils_config_1662854448484114952.prm.
[INFO]:[19:08:54] CPLEX results. Gap: unavailable, upper bound: null, lower bound: 24191.172223
[INFO]:[19:08:54] CPLEX solver finished. Gap: 179769313486231570814527423731704356798070567525844996598917476803157260780028538760589558632766878171540458953514382464234321326889464182768467546703537516986049910576551282076245490090389328944075868508455133942304583236903222948165808559332123348274797826204144723168738177180919299881250404026184124858368.000000
[INFO]:[19:08:54] Starting CPLEX solver on instance: /home/yorig/tuner/mpils-tests/instances/miplib/medium-1/neos-3024952-loue.mps with config: /scratch/yorig/mpils-results-grid-seconds-5-4may/medium-1/24proc/seed-3/9_neos-3024952-loue_seed-3_20260504_185431/iterated_local_search/run_9_worker_20/ils_config_10153483524346949142.prm
[INFO]:[19:08:54] Starting CPLEX solver on instance: /home/yorig/tuner/mpils-tests/instances/miplib/medium-1/neos-3024952-loue.mps with config: /scratch/yorig/mpils-results-grid-seconds-5-4may/medium-1/24proc/seed-3/9_neos-3024952-loue_seed-3_20260504_185431/iterated_local_search/run_9_worker_20/ils_config_10153483524346949142.prm
[WARN]:[19:08:59] CPLEX finished without a primal feasible solution for config /scratch/yorig/mpils-results-grid-seconds-5-4may/medium-1/24proc/seed-3/9_neos-3024952-loue_seed-3_20260504_185431/iterated_local_search/run_9_worker_20/ils_config_10153483524346949142.prm.
[INFO]:[19:08:59] CPLEX results. Gap: unavailable, upper bound: null, lower bound: 24202.754302
[INFO]:[19:08:59] CPLEX solver finished. Gap: 179769313486231570814527423731704356798070567525844996598917476803157260780028538760589558632766878171540458953514382464234321326889464182768467546703537516986049910576551282076245490090389328944075868508455133942304583236903222948165808559332123348274797826204144723168738177180919299881250404026184124858368.000000
[INFO]:[19:08:59] Starting CPLEX solver on instance: /home/yorig/tuner/mpils-tests/instances/miplib/medium-1/neos-3024952-loue.mps with config: /scratch/yorig/mpils-results-grid-seconds-5-4may/medium-1/24proc/seed-3/9_neos-3024952-loue_seed-3_20260504_185431/iterated_local_search/run_9_worker_20/ils_config_3458852345623077653.prm
[INFO]:[19:08:59] Starting CPLEX solver on instance: /home/yorig/tuner/mpils-tests/instances/miplib/medium-1/neos-3024952-loue.mps with config: /scratch/yorig/mpils-results-grid-seconds-5-4may/medium-1/24proc/seed-3/9_neos-3024952-loue_seed-3_20260504_185431/iterated_local_search/run_9_worker_20/ils_config_3458852345623077653.prm
[WARN]:[19:09:04] CPLEX finished without a primal feasible solution for config /scratch/yorig/mpils-results-grid-seconds-5-4may/medium-1/24proc/seed-3/9_neos-3024952-loue_seed-3_20260504_185431/iterated_local_search/run_9_worker_20/ils_config_3458852345623077653.prm.
[INFO]:[19:09:04] CPLEX results. Gap: unavailable, upper bound: null, lower bound: 24202.754302
[INFO]:[19:09:04] CPLEX solver finished. Gap: 179769313486231570814527423731704356798070567525844996598917476803157260780028538760589558632766878171540458953514382464234321326889464182768467546703537516986049910576551282076245490090389328944075868508455133942304583236903222948165808559332123348274797826204144723168738177180919299881250404026184124858368.000000
[INFO]:[19:09:04] Starting CPLEX solver on instance: /home/yorig/tuner/mpils-tests/instances/miplib/medium-1/neos-3024952-loue.mps with config: /scratch/yorig/mpils-results-grid-seconds-5-4may/medium-1/24proc/seed-3/9_neos-3024952-loue_seed-3_20260504_185431/iterated_local_search/run_9_worker_20/ils_config_15276195788454803598.prm
[INFO]:[19:09:04] Starting CPLEX solver on instance: /home/yorig/tuner/mpils-tests/instances/miplib/medium-1/neos-3024952-loue.mps with config: /scratch/yorig/mpils-results-grid-seconds-5-4may/medium-1/24proc/seed-3/9_neos-3024952-loue_seed-3_20260504_185431/iterated_local_search/run_9_worker_20/ils_config_15276195788454803598.prm
[WARN]:[19:09:09] CPLEX finished without a primal feasible solution for config /scratch/yorig/mpils-results-grid-seconds-5-4may/medium-1/24proc/seed-3/9_neos-3024952-loue_seed-3_20260504_185431/iterated_local_search/run_9_worker_20/ils_config_15276195788454803598.prm.
[INFO]:[19:09:09] CPLEX results. Gap: unavailable, upper bound: null, lower bound: 24202.754302
[INFO]:[19:09:09] CPLEX solver finished. Gap: 179769313486231570814527423731704356798070567525844996598917476803157260780028538760589558632766878171540458953514382464234321326889464182768467546703537516986049910576551282076245490090389328944075868508455133942304583236903222948165808559332123348274797826204144723168738177180919299881250404026184124858368.000000
[INFO]:[19:09:09] Starting CPLEX solver on instance: /home/yorig/tuner/mpils-tests/instances/miplib/medium-1/neos-3024952-loue.mps with config: /scratch/yorig/mpils-results-grid-seconds-5-4may/medium-1/24proc/seed-3/9_neos-3024952-loue_seed-3_20260504_185431/iterated_local_search/run_9_worker_20/ils_config_7865411458012446240.prm
[INFO]:[19:09:09] Starting CPLEX solver on instance: /home/yorig/tuner/mpils-tests/instances/miplib/medium-1/neos-3024952-loue.mps with config: /scratch/yorig/mpils-results-grid-seconds-5-4may/medium-1/24proc/seed-3/9_neos-3024952-loue_seed-3_20260504_185431/iterated_local_search/run_9_worker_20/ils_config_7865411458012446240.prm
[WARN]:[19:09:14] CPLEX finished without a primal feasible solution for config /scratch/yorig/mpils-results-grid-seconds-5-4may/medium-1/24proc/seed-3/9_neos-3024952-loue_seed-3_20260504_185431/iterated_local_search/run_9_worker_20/ils_config_7865411458012446240.prm.
[INFO]:[19:09:14] CPLEX results. Gap: unavailable, upper bound: null, lower bound: 25967.918356
[INFO]:[19:09:14] CPLEX solver finished. Gap: 179769313486231570814527423731704356798070567525844996598917476803157260780028538760589558632766878171540458953514382464234321326889464182768467546703537516986049910576551282076245490090389328944075868508455133942304583236903222948165808559332123348274797826204144723168738177180919299881250404026184124858368.000000
[INFO]:[19:09:14] Starting CPLEX solver on instance: /home/yorig/tuner/mpils-tests/instances/miplib/medium-1/neos-3024952-loue.mps with config: /scratch/yorig/mpils-results-grid-seconds-5-4may/medium-1/24proc/seed-3/9_neos-3024952-loue_seed-3_20260504_185431/iterated_local_search/run_9_worker_20/ils_config_12166782676566142495.prm
[INFO]:[19:09:14] Starting CPLEX solver on instance: /home/yorig/tuner/mpils-tests/instances/miplib/medium-1/neos-3024952-loue.mps with config: /scratch/yorig/mpils-results-grid-seconds-5-4may/medium-1/24proc/seed-3/9_neos-3024952-loue_seed-3_20260504_185431/iterated_local_search/run_9_worker_20/ils_config_12166782676566142495.prm
[WARN]:[19:09:19] CPLEX finished without a primal feasible solution for config /scratch/yorig/mpils-results-grid-seconds-5-4may/medium-1/24proc/seed-3/9_neos-3024952-loue_seed-3_20260504_185431/iterated_local_search/run_9_worker_20/ils_config_12166782676566142495.prm.
[INFO]:[19:09:19] CPLEX results. Gap: unavailable, upper bound: null, lower bound: 24219.947743
[INFO]:[19:09:19] CPLEX solver finished. Gap: 179769313486231570814527423731704356798070567525844996598917476803157260780028538760589558632766878171540458953514382464234321326889464182768467546703537516986049910576551282076245490090389328944075868508455133942304583236903222948165808559332123348274797826204144723168738177180919299881250404026184124858368.000000
[INFO]:[19:09:19] Starting CPLEX solver on instance: /home/yorig/tuner/mpils-tests/instances/miplib/medium-1/neos-3024952-loue.mps with config: /scratch/yorig/mpils-results-grid-seconds-5-4may/medium-1/24proc/seed-3/9_neos-3024952-loue_seed-3_20260504_185431/iterated_local_search/run_9_worker_20/ils_config_17968272224988883539.prm
[INFO]:[19:09:19] Starting CPLEX solver on instance: /home/yorig/tuner/mpils-tests/instances/miplib/medium-1/neos-3024952-loue.mps with config: /scratch/yorig/mpils-results-grid-seconds-5-4may/medium-1/24proc/seed-3/9_neos-3024952-loue_seed-3_20260504_185431/iterated_local_search/run_9_worker_20/ils_config_17968272224988883539.prm
[WARN]:[19:09:24] CPLEX finished without a primal feasible solution for config /scratch/yorig/mpils-results-grid-seconds-5-4may/medium-1/24proc/seed-3/9_neos-3024952-loue_seed-3_20260504_185431/iterated_local_search/run_9_worker_20/ils_config_17968272224988883539.prm.
[INFO]:[19:09:24] CPLEX results. Gap: unavailable, upper bound: null, lower bound: 24202.754302
[INFO]:[19:09:24] CPLEX solver finished. Gap: 179769313486231570814527423731704356798070567525844996598917476803157260780028538760589558632766878171540458953514382464234321326889464182768467546703537516986049910576551282076245490090389328944075868508455133942304583236903222948165808559332123348274797826204144723168738177180919299881250404026184124858368.000000
[INFO]:[19:09:24] Starting CPLEX solver on instance: /home/yorig/tuner/mpils-tests/instances/miplib/medium-1/neos-3024952-loue.mps with config: /scratch/yorig/mpils-results-grid-seconds-5-4may/medium-1/24proc/seed-3/9_neos-3024952-loue_seed-3_20260504_185431/iterated_local_search/run_9_worker_20/ils_config_7814079108883905616.prm
[INFO]:[19:09:24] Starting CPLEX solver on instance: /home/yorig/tuner/mpils-tests/instances/miplib/medium-1/neos-3024952-loue.mps with config: /scratch/yorig/mpils-results-grid-seconds-5-4may/medium-1/24proc/seed-3/9_neos-3024952-loue_seed-3_20260504_185431/iterated_local_search/run_9_worker_20/ils_config_7814079108883905616.prm
[WARN]:[19:09:29] CPLEX finished without a primal feasible solution for config /scratch/yorig/mpils-results-grid-seconds-5-4may/medium-1/24proc/seed-3/9_neos-3024952-loue_seed-3_20260504_185431/iterated_local_search/run_9_worker_20/ils_config_7814079108883905616.prm.
[INFO]:[19:09:29] CPLEX results. Gap: unavailable, upper bound: null, lower bound: 24202.754302
[INFO]:[19:09:29] CPLEX solver finished. Gap: 179769313486231570814527423731704356798070567525844996598917476803157260780028538760589558632766878171540458953514382464234321326889464182768467546703537516986049910576551282076245490090389328944075868508455133942304583236903222948165808559332123348274797826204144723168738177180919299881250404026184124858368.000000
[INFO]:[19:09:29] Starting CPLEX solver on instance: /home/yorig/tuner/mpils-tests/instances/miplib/medium-1/neos-3024952-loue.mps with config: /scratch/yorig/mpils-results-grid-seconds-5-4may/medium-1/24proc/seed-3/9_neos-3024952-loue_seed-3_20260504_185431/iterated_local_search/run_9_worker_20/ils_config_8871194599225942987.prm
[INFO]:[19:09:29] Starting CPLEX solver on instance: /home/yorig/tuner/mpils-tests/instances/miplib/medium-1/neos-3024952-loue.mps with config: /scratch/yorig/mpils-results-grid-seconds-5-4may/medium-1/24proc/seed-3/9_neos-3024952-loue_seed-3_20260504_185431/iterated_local_search/run_9_worker_20/ils_config_8871194599225942987.prm
[WARN]:[19:09:34] CPLEX finished without a primal feasible solution for config /scratch/yorig/mpils-results-grid-seconds-5-4may/medium-1/24proc/seed-3/9_neos-3024952-loue_seed-3_20260504_185431/iterated_local_search/run_9_worker_20/ils_config_8871194599225942987.prm.
[INFO]:[19:09:34] CPLEX results. Gap: unavailable, upper bound: null, lower bound: 24202.754302
[INFO]:[19:09:34] CPLEX solver finished. Gap: 179769313486231570814527423731704356798070567525844996598917476803157260780028538760589558632766878171540458953514382464234321326889464182768467546703537516986049910576551282076245490090389328944075868508455133942304583236903222948165808559332123348274797826204144723168738177180919299881250404026184124858368.000000
[INFO]:[19:09:34] Starting CPLEX solver on instance: /home/yorig/tuner/mpils-tests/instances/miplib/medium-1/neos-3024952-loue.mps with config: /scratch/yorig/mpils-results-grid-seconds-5-4may/medium-1/24proc/seed-3/9_neos-3024952-loue_seed-3_20260504_185431/iterated_local_search/run_9_worker_20/ils_config_12514701654736735612.prm
[INFO]:[19:09:34] Starting CPLEX solver on instance: /home/yorig/tuner/mpils-tests/instances/miplib/medium-1/neos-3024952-loue.mps with config: /scratch/yorig/mpils-results-grid-seconds-5-4may/medium-1/24proc/seed-3/9_neos-3024952-loue_seed-3_20260504_185431/iterated_local_search/run_9_worker_20/ils_config_12514701654736735612.prm
[WARN]:[19:09:39] CPLEX finished without a primal feasible solution for config /scratch/yorig/mpils-results-grid-seconds-5-4may/medium-1/24proc/seed-3/9_neos-3024952-loue_seed-3_20260504_185431/iterated_local_search/run_9_worker_20/ils_config_12514701654736735612.prm.
[INFO]:[19:09:39] CPLEX results. Gap: unavailable, upper bound: null, lower bound: 24202.754302
[INFO]:[19:09:39] CPLEX solver finished. Gap: 179769313486231570814527423731704356798070567525844996598917476803157260780028538760589558632766878171540458953514382464234321326889464182768467546703537516986049910576551282076245490090389328944075868508455133942304583236903222948165808559332123348274797826204144723168738177180919299881250404026184124858368.000000
[INFO]:[19:09:39] Starting CPLEX solver on instance: /home/yorig/tuner/mpils-tests/instances/miplib/medium-1/neos-3024952-loue.mps with config: /scratch/yorig/mpils-results-grid-seconds-5-4may/medium-1/24proc/seed-3/9_neos-3024952-loue_seed-3_20260504_185431/iterated_local_search/run_9_worker_20/ils_config_12079693006033767249.prm
[INFO]:[19:09:39] Starting CPLEX solver on instance: /home/yorig/tuner/mpils-tests/instances/miplib/medium-1/neos-3024952-loue.mps with config: /scratch/yorig/mpils-results-grid-seconds-5-4may/medium-1/24proc/seed-3/9_neos-3024952-loue_seed-3_20260504_185431/iterated_local_search/run_9_worker_20/ils_config_12079693006033767249.prm
[WARN]:[19:09:44] CPLEX finished without a primal feasible solution for config /scratch/yorig/mpils-results-grid-seconds-5-4may/medium-1/24proc/seed-3/9_neos-3024952-loue_seed-3_20260504_185431/iterated_local_search/run_9_worker_20/ils_config_12079693006033767249.prm.
[INFO]:[19:09:44] CPLEX results. Gap: unavailable, upper bound: null, lower bound: 25310.280842
[INFO]:[19:09:44] CPLEX solver finished. Gap: 179769313486231570814527423731704356798070567525844996598917476803157260780028538760589558632766878171540458953514382464234321326889464182768467546703537516986049910576551282076245490090389328944075868508455133942304583236903222948165808559332123348274797826204144723168738177180919299881250404026184124858368.000000
[INFO]:[19:09:44] Starting CPLEX solver on instance: /home/yorig/tuner/mpils-tests/instances/miplib/medium-1/neos-3024952-loue.mps with config: /scratch/yorig/mpils-results-grid-seconds-5-4may/medium-1/24proc/seed-3/9_neos-3024952-loue_seed-3_20260504_185431/iterated_local_search/run_9_worker_20/ils_config_9289417672912139420.prm
[INFO]:[19:09:44] Starting CPLEX solver on instance: /home/yorig/tuner/mpils-tests/instances/miplib/medium-1/neos-3024952-loue.mps with config: /scratch/yorig/mpils-results-grid-seconds-5-4may/medium-1/24proc/seed-3/9_neos-3024952-loue_seed-3_20260504_185431/iterated_local_search/run_9_worker_20/ils_config_9289417672912139420.prm
[WARN]:[19:09:49] CPLEX finished without a primal feasible solution for config /scratch/yorig/mpils-results-grid-seconds-5-4may/medium-1/24proc/seed-3/9_neos-3024952-loue_seed-3_20260504_185431/iterated_local_search/run_9_worker_20/ils_config_9289417672912139420.prm.
[INFO]:[19:09:49] CPLEX results. Gap: unavailable, upper bound: null, lower bound: 24202.754302
[INFO]:[19:09:49] CPLEX solver finished. Gap: 179769313486231570814527423731704356798070567525844996598917476803157260780028538760589558632766878171540458953514382464234321326889464182768467546703537516986049910576551282076245490090389328944075868508455133942304583236903222948165808559332123348274797826204144723168738177180919299881250404026184124858368.000000
[INFO]:[19:09:49] Starting CPLEX solver on instance: /home/yorig/tuner/mpils-tests/instances/miplib/medium-1/neos-3024952-loue.mps with config: /scratch/yorig/mpils-results-grid-seconds-5-4may/medium-1/24proc/seed-3/9_neos-3024952-loue_seed-3_20260504_185431/iterated_local_search/run_9_worker_20/ils_config_2910727870211054580.prm
[INFO]:[19:09:49] Starting CPLEX solver on instance: /home/yorig/tuner/mpils-tests/instances/miplib/medium-1/neos-3024952-loue.mps with config: /scratch/yorig/mpils-results-grid-seconds-5-4may/medium-1/24proc/seed-3/9_neos-3024952-loue_seed-3_20260504_185431/iterated_local_search/run_9_worker_20/ils_config_2910727870211054580.prm
[WARN]:[19:09:54] CPLEX finished without a primal feasible solution for config /scratch/yorig/mpils-results-grid-seconds-5-4may/medium-1/24proc/seed-3/9_neos-3024952-loue_seed-3_20260504_185431/iterated_local_search/run_9_worker_20/ils_config_2910727870211054580.prm.
[INFO]:[19:09:54] CPLEX results. Gap: unavailable, upper bound: null, lower bound: 24314.505148
[INFO]:[19:09:54] CPLEX solver finished. Gap: 179769313486231570814527423731704356798070567525844996598917476803157260780028538760589558632766878171540458953514382464234321326889464182768467546703537516986049910576551282076245490090389328944075868508455133942304583236903222948165808559332123348274797826204144723168738177180919299881250404026184124858368.000000
[INFO]:[19:09:54] Starting CPLEX solver on instance: /home/yorig/tuner/mpils-tests/instances/miplib/medium-1/neos-3024952-loue.mps with config: /scratch/yorig/mpils-results-grid-seconds-5-4may/medium-1/24proc/seed-3/9_neos-3024952-loue_seed-3_20260504_185431/iterated_local_search/run_9_worker_20/ils_config_6645590908703482623.prm
[INFO]:[19:09:54] Starting CPLEX solver on instance: /home/yorig/tuner/mpils-tests/instances/miplib/medium-1/neos-3024952-loue.mps with config: /scratch/yorig/mpils-results-grid-seconds-5-4may/medium-1/24proc/seed-3/9_neos-3024952-loue_seed-3_20260504_185431/iterated_local_search/run_9_worker_20/ils_config_6645590908703482623.prm
[WARN]:[19:09:59] CPLEX finished without a primal feasible solution for config /scratch/yorig/mpils-results-grid-seconds-5-4may/medium-1/24proc/seed-3/9_neos-3024952-loue_seed-3_20260504_185431/iterated_local_search/run_9_worker_20/ils_config_6645590908703482623.prm.
[INFO]:[19:09:59] CPLEX results. Gap: unavailable, upper bound: null, lower bound: 24202.754302
[INFO]:[19:09:59] CPLEX solver finished. Gap: 179769313486231570814527423731704356798070567525844996598917476803157260780028538760589558632766878171540458953514382464234321326889464182768467546703537516986049910576551282076245490090389328944075868508455133942304583236903222948165808559332123348274797826204144723168738177180919299881250404026184124858368.000000
[INFO]:[19:09:59] Starting CPLEX solver on instance: /home/yorig/tuner/mpils-tests/instances/miplib/medium-1/neos-3024952-loue.mps with config: /scratch/yorig/mpils-results-grid-seconds-5-4may/medium-1/24proc/seed-3/9_neos-3024952-loue_seed-3_20260504_185431/iterated_local_search/run_9_worker_20/ils_config_13324177191060956221.prm
[INFO]:[19:09:59] Starting CPLEX solver on instance: /home/yorig/tuner/mpils-tests/instances/miplib/medium-1/neos-3024952-loue.mps with config: /scratch/yorig/mpils-results-grid-seconds-5-4may/medium-1/24proc/seed-3/9_neos-3024952-loue_seed-3_20260504_185431/iterated_local_search/run_9_worker_20/ils_config_13324177191060956221.prm
[WARN]:[19:10:04] CPLEX finished without a primal feasible solution for config /scratch/yorig/mpils-results-grid-seconds-5-4may/medium-1/24proc/seed-3/9_neos-3024952-loue_seed-3_20260504_185431/iterated_local_search/run_9_worker_20/ils_config_13324177191060956221.prm.
[INFO]:[19:10:04] CPLEX results. Gap: unavailable, upper bound: null, lower bound: 24202.754302
[INFO]:[19:10:04] CPLEX solver finished. Gap: 179769313486231570814527423731704356798070567525844996598917476803157260780028538760589558632766878171540458953514382464234321326889464182768467546703537516986049910576551282076245490090389328944075868508455133942304583236903222948165808559332123348274797826204144723168738177180919299881250404026184124858368.000000
[INFO]:[19:10:04] Local search phase completed.
[INFO]:[19:10:04] Total number of new local-search evaluations: 18
[INFO]:[19:10:04] Final incumbent objective value: 1.79769e+308
[INFO]:[19:10:05] Worker 20 completed exploration phase.
[INFO]:[19:10:05] Worker 20 received order for step 3.
[INFO]:[19:10:05] Worker 20 finished.
