[INFO]:[07:45:28] Worker 12 starting.
[INFO]:[07:45:28] Worker 12 received order for step 1.
[INFO]:[07:45:28] Worker 12 running exploration phase for iteration 1.
[INFO]:[07:45:28] Worker 12 at iteration 1 will not use a MIP start file. Current best MIP-start upper bound threshold is 1.79769e+308.
[INFO]:[07:45:28] Starting local search phase...
[INFO]:[07:45:28] Creating local search space from parameter space file: /scratch/yorig/mpils-results-grid-ticks-10000-7may/medium-2/16proc/seed-5/9_supportcase6_seed-5_20260509_074527/iterated_local_search/search_space/search_space_file_1_worker_12.txt
[INFO]:[07:45:28] Local search space loaded from file: /scratch/yorig/mpils-results-grid-ticks-10000-7may/medium-2/16proc/seed-5/9_supportcase6_seed-5_20260509_074527/iterated_local_search/search_space/search_space_file_1_worker_12.txt
[INFO]:[07:45:28] Number of parameters in local search space: 71
[INFO]:[07:45:28] Number of forbidden tuples in local search space: 0
[INFO]:[07:45:28] Number of conditionals in local search space: 6
[INFO]:[07:45:28] MIP start option not enabled. Local search will proceed without MIP start.
[INFO]:[07:45:28] Evaluating initial configuration for local search phase...
[INFO]:[07:45:28] Starting CPLEX solver on instance: /home/yorig/tuner/mpils-tests/instances/miplib/medium-2/supportcase6.mps with config: /scratch/yorig/mpils-results-grid-ticks-10000-7may/medium-2/16proc/seed-5/9_supportcase6_seed-5_20260509_074527/iterated_local_search/run_1_worker_12/ils_config_12266945084776217445.prm
[INFO]:[07:45:28] Starting CPLEX solver on instance: /home/yorig/tuner/mpils-tests/instances/miplib/medium-2/supportcase6.mps with config: /scratch/yorig/mpils-results-grid-ticks-10000-7may/medium-2/16proc/seed-5/9_supportcase6_seed-5_20260509_074527/iterated_local_search/run_1_worker_12/ils_config_12266945084776217445.prm
[INFO]:[07:45:34] CPLEX results. Gap: 13.330000, upper bound: 52112.367686, lower bound: 45165.579073
[INFO]:[07:45:34] CPLEX solver finished. Gap: 13.330000
[INFO]:[07:45:34] Initial configuration evaluated with objective value: 13.33
[INFO]:[07:45:34] Starting CPLEX solver on instance: /home/yorig/tuner/mpils-tests/instances/miplib/medium-2/supportcase6.mps with config: /scratch/yorig/mpils-results-grid-ticks-10000-7may/medium-2/16proc/seed-5/9_supportcase6_seed-5_20260509_074527/iterated_local_search/run_1_worker_12/ils_config_16304371545262217936.prm
[INFO]:[07:45:34] Starting CPLEX solver on instance: /home/yorig/tuner/mpils-tests/instances/miplib/medium-2/supportcase6.mps with config: /scratch/yorig/mpils-results-grid-ticks-10000-7may/medium-2/16proc/seed-5/9_supportcase6_seed-5_20260509_074527/iterated_local_search/run_1_worker_12/ils_config_16304371545262217936.prm
[INFO]:[07:45:40] CPLEX results. Gap: 13.330000, upper bound: 52112.367686, lower bound: 45165.579073
[INFO]:[07:45:40] CPLEX solver finished. Gap: 13.330000
[INFO]:[07:45:40] Starting CPLEX solver on instance: /home/yorig/tuner/mpils-tests/instances/miplib/medium-2/supportcase6.mps with config: /scratch/yorig/mpils-results-grid-ticks-10000-7may/medium-2/16proc/seed-5/9_supportcase6_seed-5_20260509_074527/iterated_local_search/run_1_worker_12/ils_config_200042521786390734.prm
[INFO]:[07:45:40] Starting CPLEX solver on instance: /home/yorig/tuner/mpils-tests/instances/miplib/medium-2/supportcase6.mps with config: /scratch/yorig/mpils-results-grid-ticks-10000-7may/medium-2/16proc/seed-5/9_supportcase6_seed-5_20260509_074527/iterated_local_search/run_1_worker_12/ils_config_200042521786390734.prm
[INFO]:[07:45:46] CPLEX results. Gap: 13.330000, upper bound: 52112.367686, lower bound: 45165.579073
[INFO]:[07:45:46] CPLEX solver finished. Gap: 13.330000
[INFO]:[07:45:46] Starting CPLEX solver on instance: /home/yorig/tuner/mpils-tests/instances/miplib/medium-2/supportcase6.mps with config: /scratch/yorig/mpils-results-grid-ticks-10000-7may/medium-2/16proc/seed-5/9_supportcase6_seed-5_20260509_074527/iterated_local_search/run_1_worker_12/ils_config_7386356260660372521.prm
[INFO]:[07:45:46] Starting CPLEX solver on instance: /home/yorig/tuner/mpils-tests/instances/miplib/medium-2/supportcase6.mps with config: /scratch/yorig/mpils-results-grid-ticks-10000-7may/medium-2/16proc/seed-5/9_supportcase6_seed-5_20260509_074527/iterated_local_search/run_1_worker_12/ils_config_7386356260660372521.prm
[INFO]:[07:45:52] CPLEX results. Gap: 13.330000, upper bound: 52112.367686, lower bound: 45165.579073
[INFO]:[07:45:52] CPLEX solver finished. Gap: 13.330000
[INFO]:[07:45:52] Starting CPLEX solver on instance: /home/yorig/tuner/mpils-tests/instances/miplib/medium-2/supportcase6.mps with config: /scratch/yorig/mpils-results-grid-ticks-10000-7may/medium-2/16proc/seed-5/9_supportcase6_seed-5_20260509_074527/iterated_local_search/run_1_worker_12/ils_config_3179326617909132760.prm
[INFO]:[07:45:52] Starting CPLEX solver on instance: /home/yorig/tuner/mpils-tests/instances/miplib/medium-2/supportcase6.mps with config: /scratch/yorig/mpils-results-grid-ticks-10000-7may/medium-2/16proc/seed-5/9_supportcase6_seed-5_20260509_074527/iterated_local_search/run_1_worker_12/ils_config_3179326617909132760.prm
[INFO]:[07:45:58] CPLEX results. Gap: 13.330000, upper bound: 52112.367686, lower bound: 45165.579073
[INFO]:[07:45:58] CPLEX solver finished. Gap: 13.330000
[INFO]:[07:45:58] Starting CPLEX solver on instance: /home/yorig/tuner/mpils-tests/instances/miplib/medium-2/supportcase6.mps with config: /scratch/yorig/mpils-results-grid-ticks-10000-7may/medium-2/16proc/seed-5/9_supportcase6_seed-5_20260509_074527/iterated_local_search/run_1_worker_12/ils_config_2195442063149979322.prm
[INFO]:[07:45:58] Starting CPLEX solver on instance: /home/yorig/tuner/mpils-tests/instances/miplib/medium-2/supportcase6.mps with config: /scratch/yorig/mpils-results-grid-ticks-10000-7may/medium-2/16proc/seed-5/9_supportcase6_seed-5_20260509_074527/iterated_local_search/run_1_worker_12/ils_config_2195442063149979322.prm
[INFO]:[07:46:04] CPLEX results. Gap: 13.330000, upper bound: 52112.367686, lower bound: 45165.579073
[INFO]:[07:46:04] CPLEX solver finished. Gap: 13.330000
[INFO]:[07:46:04] Starting CPLEX solver on instance: /home/yorig/tuner/mpils-tests/instances/miplib/medium-2/supportcase6.mps with config: /scratch/yorig/mpils-results-grid-ticks-10000-7may/medium-2/16proc/seed-5/9_supportcase6_seed-5_20260509_074527/iterated_local_search/run_1_worker_12/ils_config_17609642863573192336.prm
[INFO]:[07:46:04] Starting CPLEX solver on instance: /home/yorig/tuner/mpils-tests/instances/miplib/medium-2/supportcase6.mps with config: /scratch/yorig/mpils-results-grid-ticks-10000-7may/medium-2/16proc/seed-5/9_supportcase6_seed-5_20260509_074527/iterated_local_search/run_1_worker_12/ils_config_17609642863573192336.prm
[INFO]:[07:46:11] CPLEX results. Gap: 51.310000, upper bound: 92599.946613, lower bound: 45090.732163
[INFO]:[07:46:11] CPLEX solver finished. Gap: 51.310000
[INFO]:[07:46:11] Starting CPLEX solver on instance: /home/yorig/tuner/mpils-tests/instances/miplib/medium-2/supportcase6.mps with config: /scratch/yorig/mpils-results-grid-ticks-10000-7may/medium-2/16proc/seed-5/9_supportcase6_seed-5_20260509_074527/iterated_local_search/run_1_worker_12/ils_config_17679050300717567008.prm
[INFO]:[07:46:11] Starting CPLEX solver on instance: /home/yorig/tuner/mpils-tests/instances/miplib/medium-2/supportcase6.mps with config: /scratch/yorig/mpils-results-grid-ticks-10000-7may/medium-2/16proc/seed-5/9_supportcase6_seed-5_20260509_074527/iterated_local_search/run_1_worker_12/ils_config_17679050300717567008.prm
[INFO]:[07:46:16] CPLEX results. Gap: 13.330000, upper bound: 52112.367686, lower bound: 45165.579073
[INFO]:[07:46:16] CPLEX solver finished. Gap: 13.330000
[INFO]:[07:46:16] Starting CPLEX solver on instance: /home/yorig/tuner/mpils-tests/instances/miplib/medium-2/supportcase6.mps with config: /scratch/yorig/mpils-results-grid-ticks-10000-7may/medium-2/16proc/seed-5/9_supportcase6_seed-5_20260509_074527/iterated_local_search/run_1_worker_12/ils_config_7743819289832425857.prm
[INFO]:[07:46:16] Starting CPLEX solver on instance: /home/yorig/tuner/mpils-tests/instances/miplib/medium-2/supportcase6.mps with config: /scratch/yorig/mpils-results-grid-ticks-10000-7may/medium-2/16proc/seed-5/9_supportcase6_seed-5_20260509_074527/iterated_local_search/run_1_worker_12/ils_config_7743819289832425857.prm
[INFO]:[07:46:25] CPLEX results. Gap: 100.000000, upper bound: 102597.533860, lower bound: 0.000000
[INFO]:[07:46:25] CPLEX solver finished. Gap: 100.000000
[INFO]:[07:46:25] Starting CPLEX solver on instance: /home/yorig/tuner/mpils-tests/instances/miplib/medium-2/supportcase6.mps with config: /scratch/yorig/mpils-results-grid-ticks-10000-7may/medium-2/16proc/seed-5/9_supportcase6_seed-5_20260509_074527/iterated_local_search/run_1_worker_12/ils_config_16097096217857660626.prm
[INFO]:[07:46:25] Starting CPLEX solver on instance: /home/yorig/tuner/mpils-tests/instances/miplib/medium-2/supportcase6.mps with config: /scratch/yorig/mpils-results-grid-ticks-10000-7may/medium-2/16proc/seed-5/9_supportcase6_seed-5_20260509_074527/iterated_local_search/run_1_worker_12/ils_config_16097096217857660626.prm
[INFO]:[07:46:31] CPLEX results. Gap: 13.330000, upper bound: 52112.367686, lower bound: 45165.579073
[INFO]:[07:46:31] CPLEX solver finished. Gap: 13.330000
[INFO]:[07:46:31] Starting CPLEX solver on instance: /home/yorig/tuner/mpils-tests/instances/miplib/medium-2/supportcase6.mps with config: /scratch/yorig/mpils-results-grid-ticks-10000-7may/medium-2/16proc/seed-5/9_supportcase6_seed-5_20260509_074527/iterated_local_search/run_1_worker_12/ils_config_527396170504449513.prm
[INFO]:[07:46:31] Starting CPLEX solver on instance: /home/yorig/tuner/mpils-tests/instances/miplib/medium-2/supportcase6.mps with config: /scratch/yorig/mpils-results-grid-ticks-10000-7may/medium-2/16proc/seed-5/9_supportcase6_seed-5_20260509_074527/iterated_local_search/run_1_worker_12/ils_config_527396170504449513.prm
[INFO]:[07:46:37] CPLEX results. Gap: 13.330000, upper bound: 52112.367686, lower bound: 45165.579073
[INFO]:[07:46:37] CPLEX solver finished. Gap: 13.330000
[INFO]:[07:46:37] Starting CPLEX solver on instance: /home/yorig/tuner/mpils-tests/instances/miplib/medium-2/supportcase6.mps with config: /scratch/yorig/mpils-results-grid-ticks-10000-7may/medium-2/16proc/seed-5/9_supportcase6_seed-5_20260509_074527/iterated_local_search/run_1_worker_12/ils_config_5789429141696854866.prm
[INFO]:[07:46:37] Starting CPLEX solver on instance: /home/yorig/tuner/mpils-tests/instances/miplib/medium-2/supportcase6.mps with config: /scratch/yorig/mpils-results-grid-ticks-10000-7may/medium-2/16proc/seed-5/9_supportcase6_seed-5_20260509_074527/iterated_local_search/run_1_worker_12/ils_config_5789429141696854866.prm
[INFO]:[07:46:42] CPLEX results. Gap: 13.330000, upper bound: 52112.367686, lower bound: 45165.579073
[INFO]:[07:46:43] CPLEX solver finished. Gap: 13.330000
[INFO]:[07:46:43] Starting CPLEX solver on instance: /home/yorig/tuner/mpils-tests/instances/miplib/medium-2/supportcase6.mps with config: /scratch/yorig/mpils-results-grid-ticks-10000-7may/medium-2/16proc/seed-5/9_supportcase6_seed-5_20260509_074527/iterated_local_search/run_1_worker_12/ils_config_12802601752266427034.prm
[INFO]:[07:46:43] Starting CPLEX solver on instance: /home/yorig/tuner/mpils-tests/instances/miplib/medium-2/supportcase6.mps with config: /scratch/yorig/mpils-results-grid-ticks-10000-7may/medium-2/16proc/seed-5/9_supportcase6_seed-5_20260509_074527/iterated_local_search/run_1_worker_12/ils_config_12802601752266427034.prm
[INFO]:[07:46:48] CPLEX results. Gap: 13.330000, upper bound: 52112.367686, lower bound: 45165.579073
[INFO]:[07:46:48] CPLEX solver finished. Gap: 13.330000
[INFO]:[07:46:48] Starting CPLEX solver on instance: /home/yorig/tuner/mpils-tests/instances/miplib/medium-2/supportcase6.mps with config: /scratch/yorig/mpils-results-grid-ticks-10000-7may/medium-2/16proc/seed-5/9_supportcase6_seed-5_20260509_074527/iterated_local_search/run_1_worker_12/ils_config_4647803165061465844.prm
[INFO]:[07:46:48] Starting CPLEX solver on instance: /home/yorig/tuner/mpils-tests/instances/miplib/medium-2/supportcase6.mps with config: /scratch/yorig/mpils-results-grid-ticks-10000-7may/medium-2/16proc/seed-5/9_supportcase6_seed-5_20260509_074527/iterated_local_search/run_1_worker_12/ils_config_4647803165061465844.prm
[INFO]:[07:46:54] CPLEX results. Gap: 13.330000, upper bound: 52112.367686, lower bound: 45165.579073
[INFO]:[07:46:54] CPLEX solver finished. Gap: 13.330000
[INFO]:[07:46:54] Starting CPLEX solver on instance: /home/yorig/tuner/mpils-tests/instances/miplib/medium-2/supportcase6.mps with config: /scratch/yorig/mpils-results-grid-ticks-10000-7may/medium-2/16proc/seed-5/9_supportcase6_seed-5_20260509_074527/iterated_local_search/run_1_worker_12/ils_config_16631890998701079790.prm
[INFO]:[07:46:54] Starting CPLEX solver on instance: /home/yorig/tuner/mpils-tests/instances/miplib/medium-2/supportcase6.mps with config: /scratch/yorig/mpils-results-grid-ticks-10000-7may/medium-2/16proc/seed-5/9_supportcase6_seed-5_20260509_074527/iterated_local_search/run_1_worker_12/ils_config_16631890998701079790.prm
[INFO]:[07:47:00] CPLEX results. Gap: 13.330000, upper bound: 52112.367686, lower bound: 45165.579073
[INFO]:[07:47:00] CPLEX solver finished. Gap: 13.330000
[INFO]:[07:47:00] Starting CPLEX solver on instance: /home/yorig/tuner/mpils-tests/instances/miplib/medium-2/supportcase6.mps with config: /scratch/yorig/mpils-results-grid-ticks-10000-7may/medium-2/16proc/seed-5/9_supportcase6_seed-5_20260509_074527/iterated_local_search/run_1_worker_12/ils_config_12000492907766092020.prm
[INFO]:[07:47:00] Starting CPLEX solver on instance: /home/yorig/tuner/mpils-tests/instances/miplib/medium-2/supportcase6.mps with config: /scratch/yorig/mpils-results-grid-ticks-10000-7may/medium-2/16proc/seed-5/9_supportcase6_seed-5_20260509_074527/iterated_local_search/run_1_worker_12/ils_config_12000492907766092020.prm
[INFO]:[07:47:06] CPLEX results. Gap: 13.330000, upper bound: 52112.367686, lower bound: 45165.579073
[INFO]:[07:47:06] CPLEX solver finished. Gap: 13.330000
[INFO]:[07:47:06] Starting CPLEX solver on instance: /home/yorig/tuner/mpils-tests/instances/miplib/medium-2/supportcase6.mps with config: /scratch/yorig/mpils-results-grid-ticks-10000-7may/medium-2/16proc/seed-5/9_supportcase6_seed-5_20260509_074527/iterated_local_search/run_1_worker_12/ils_config_2782144918022313824.prm
[INFO]:[07:47:06] Starting CPLEX solver on instance: /home/yorig/tuner/mpils-tests/instances/miplib/medium-2/supportcase6.mps with config: /scratch/yorig/mpils-results-grid-ticks-10000-7may/medium-2/16proc/seed-5/9_supportcase6_seed-5_20260509_074527/iterated_local_search/run_1_worker_12/ils_config_2782144918022313824.prm
[INFO]:[07:47:12] CPLEX results. Gap: 13.330000, upper bound: 52112.367686, lower bound: 45165.579073
[INFO]:[07:47:12] CPLEX solver finished. Gap: 13.330000
[INFO]:[07:47:12] Starting CPLEX solver on instance: /home/yorig/tuner/mpils-tests/instances/miplib/medium-2/supportcase6.mps with config: /scratch/yorig/mpils-results-grid-ticks-10000-7may/medium-2/16proc/seed-5/9_supportcase6_seed-5_20260509_074527/iterated_local_search/run_1_worker_12/ils_config_3398607324871083096.prm
[INFO]:[07:47:12] Starting CPLEX solver on instance: /home/yorig/tuner/mpils-tests/instances/miplib/medium-2/supportcase6.mps with config: /scratch/yorig/mpils-results-grid-ticks-10000-7may/medium-2/16proc/seed-5/9_supportcase6_seed-5_20260509_074527/iterated_local_search/run_1_worker_12/ils_config_3398607324871083096.prm
[INFO]:[07:47:18] CPLEX results. Gap: 13.330000, upper bound: 52112.367686, lower bound: 45165.579073
[INFO]:[07:47:18] CPLEX solver finished. Gap: 13.330000
[INFO]:[07:47:18] Starting CPLEX solver on instance: /home/yorig/tuner/mpils-tests/instances/miplib/medium-2/supportcase6.mps with config: /scratch/yorig/mpils-results-grid-ticks-10000-7may/medium-2/16proc/seed-5/9_supportcase6_seed-5_20260509_074527/iterated_local_search/run_1_worker_12/ils_config_2423034365404337266.prm
[INFO]:[07:47:18] Starting CPLEX solver on instance: /home/yorig/tuner/mpils-tests/instances/miplib/medium-2/supportcase6.mps with config: /scratch/yorig/mpils-results-grid-ticks-10000-7may/medium-2/16proc/seed-5/9_supportcase6_seed-5_20260509_074527/iterated_local_search/run_1_worker_12/ils_config_2423034365404337266.prm
[INFO]:[07:47:24] CPLEX results. Gap: 13.330000, upper bound: 52112.367686, lower bound: 45165.579073
[INFO]:[07:47:24] CPLEX solver finished. Gap: 13.330000
[INFO]:[07:47:24] Starting CPLEX solver on instance: /home/yorig/tuner/mpils-tests/instances/miplib/medium-2/supportcase6.mps with config: /scratch/yorig/mpils-results-grid-ticks-10000-7may/medium-2/16proc/seed-5/9_supportcase6_seed-5_20260509_074527/iterated_local_search/run_1_worker_12/ils_config_5303819674566338707.prm
[INFO]:[07:47:24] Starting CPLEX solver on instance: /home/yorig/tuner/mpils-tests/instances/miplib/medium-2/supportcase6.mps with config: /scratch/yorig/mpils-results-grid-ticks-10000-7may/medium-2/16proc/seed-5/9_supportcase6_seed-5_20260509_074527/iterated_local_search/run_1_worker_12/ils_config_5303819674566338707.prm
[INFO]:[07:47:30] CPLEX results. Gap: 13.420000, upper bound: 52121.593652, lower bound: 45124.740971
[INFO]:[07:47:30] CPLEX solver finished. Gap: 13.420000
[INFO]:[07:47:30] Local search phase completed.
[INFO]:[07:47:30] Total number of new local-search evaluations: 20
[INFO]:[07:47:30] Final incumbent objective value: 13.33
[INFO]:[07:48:09] Worker 12 completed exploration phase.
[INFO]:[07:48:10] Worker 12 received order for step 2.
[INFO]:[07:48:10] Worker 12 running expansion phase for iteration 1.
[INFO]:[07:48:10] Worker 12 will use solver log file: /scratch/yorig/mpils-results-grid-ticks-10000-7may/medium-2/16proc/seed-5/9_supportcase6_seed-5_20260509_074527/solver/cplex.log_iteration_expansion_1_worker_12
[INFO]:[07:48:10] Expansion Worker 12 starting expansion for iteration 1.
[INFO]:[07:48:10] Starting CPLEX solver on instance: /home/yorig/tuner/mpils-tests/instances/miplib/medium-2/supportcase6.mps with config: /scratch/yorig/mpils-results-grid-ticks-10000-7may/medium-2/16proc/seed-5/9_supportcase6_seed-5_20260509_074527/expansion/config_param_CPXPARAM_MIP_Strategy_VariableSelect_4_iter_1.prm
[INFO]:[07:48:16] CPLEX results. Gap: 13.330000, upper bound: 52112.367686, lower bound: 45165.579073
[INFO]:[07:48:16] CPLEX solver finished. Gap: 13.330000
[INFO]:[07:48:18] Starting CPLEX solver on instance: /home/yorig/tuner/mpils-tests/instances/miplib/medium-2/supportcase6.mps with config: /scratch/yorig/mpils-results-grid-ticks-10000-7may/medium-2/16proc/seed-5/9_supportcase6_seed-5_20260509_074527/expansion/config_param_CPXPARAM_MIP_Limits_ProbeTime_60_iter_1.prm
[INFO]:[07:48:26] CPLEX results. Gap: 100.000000, upper bound: 102597.533860, lower bound: 0.000000
[INFO]:[07:48:26] CPLEX solver finished. Gap: 100.000000
[INFO]:[07:48:26] Starting CPLEX solver on instance: /home/yorig/tuner/mpils-tests/instances/miplib/medium-2/supportcase6.mps with config: /scratch/yorig/mpils-results-grid-ticks-10000-7may/medium-2/16proc/seed-5/9_supportcase6_seed-5_20260509_074527/expansion/config_param_CPXPARAM_MIP_Strategy_BBInterval_10_iter_1.prm
[INFO]:[07:48:32] CPLEX results. Gap: 13.330000, upper bound: 52112.367686, lower bound: 45165.579073
[INFO]:[07:48:32] CPLEX solver finished. Gap: 13.330000
[INFO]:[07:48:38] Expansion Worker 12 completed expansion.
[INFO]:[07:48:38] Worker 12 completed expansion phase.
[INFO]:[07:48:38] Worker 12 received order for step 1.
[INFO]:[07:48:38] Worker 12 running exploration phase for iteration 2.
[INFO]:[07:48:38] Worker 12 at iteration 2 will not use a MIP start file. Current best MIP-start upper bound threshold is 1.79769e+308.
[INFO]:[07:48:38] Starting local search phase...
[INFO]:[07:48:38] Creating local search space from parameter space file: /scratch/yorig/mpils-results-grid-ticks-10000-7may/medium-2/16proc/seed-5/9_supportcase6_seed-5_20260509_074527/iterated_local_search/search_space/search_space_file_2_worker_12.txt
[INFO]:[07:48:38] Local search space loaded from file: /scratch/yorig/mpils-results-grid-ticks-10000-7may/medium-2/16proc/seed-5/9_supportcase6_seed-5_20260509_074527/iterated_local_search/search_space/search_space_file_2_worker_12.txt
[INFO]:[07:48:38] Number of parameters in local search space: 71
[INFO]:[07:48:38] Number of forbidden tuples in local search space: 28
[INFO]:[07:48:38] Number of conditionals in local search space: 6
[INFO]:[07:48:38] MIP start option not enabled. Local search will proceed without MIP start.
[INFO]:[07:48:38] Evaluating initial configuration for local search phase...
[INFO]:[07:48:38] Starting CPLEX solver on instance: /home/yorig/tuner/mpils-tests/instances/miplib/medium-2/supportcase6.mps with config: /scratch/yorig/mpils-results-grid-ticks-10000-7may/medium-2/16proc/seed-5/9_supportcase6_seed-5_20260509_074527/iterated_local_search/run_2_worker_12/ils_config_2520197062796014158.prm
[INFO]:[07:48:38] Starting CPLEX solver on instance: /home/yorig/tuner/mpils-tests/instances/miplib/medium-2/supportcase6.mps with config: /scratch/yorig/mpils-results-grid-ticks-10000-7may/medium-2/16proc/seed-5/9_supportcase6_seed-5_20260509_074527/iterated_local_search/run_2_worker_12/ils_config_2520197062796014158.prm
[INFO]:[07:48:44] CPLEX results. Gap: 55.980000, upper bound: 102597.533860, lower bound: 45163.337634
[INFO]:[07:48:44] CPLEX solver finished. Gap: 55.980000
[INFO]:[07:48:44] Initial configuration evaluated with objective value: 55.98
[INFO]:[07:48:44] Starting CPLEX solver on instance: /home/yorig/tuner/mpils-tests/instances/miplib/medium-2/supportcase6.mps with config: /scratch/yorig/mpils-results-grid-ticks-10000-7may/medium-2/16proc/seed-5/9_supportcase6_seed-5_20260509_074527/iterated_local_search/run_2_worker_12/ils_config_15354927170692036916.prm
[INFO]:[07:48:44] Starting CPLEX solver on instance: /home/yorig/tuner/mpils-tests/instances/miplib/medium-2/supportcase6.mps with config: /scratch/yorig/mpils-results-grid-ticks-10000-7may/medium-2/16proc/seed-5/9_supportcase6_seed-5_20260509_074527/iterated_local_search/run_2_worker_12/ils_config_15354927170692036916.prm
[INFO]:[07:48:52] CPLEX results. Gap: 100.000000, upper bound: 102597.533860, lower bound: 0.000000
[INFO]:[07:48:52] CPLEX solver finished. Gap: 100.000000
[INFO]:[07:48:52] Starting CPLEX solver on instance: /home/yorig/tuner/mpils-tests/instances/miplib/medium-2/supportcase6.mps with config: /scratch/yorig/mpils-results-grid-ticks-10000-7may/medium-2/16proc/seed-5/9_supportcase6_seed-5_20260509_074527/iterated_local_search/run_2_worker_12/ils_config_11590137173462160402.prm
[INFO]:[07:48:52] Starting CPLEX solver on instance: /home/yorig/tuner/mpils-tests/instances/miplib/medium-2/supportcase6.mps with config: /scratch/yorig/mpils-results-grid-ticks-10000-7may/medium-2/16proc/seed-5/9_supportcase6_seed-5_20260509_074527/iterated_local_search/run_2_worker_12/ils_config_11590137173462160402.prm
[INFO]:[07:48:59] CPLEX results. Gap: 55.980000, upper bound: 102597.533860, lower bound: 45163.337634
[INFO]:[07:48:59] CPLEX solver finished. Gap: 55.980000
[INFO]:[07:48:59] Starting CPLEX solver on instance: /home/yorig/tuner/mpils-tests/instances/miplib/medium-2/supportcase6.mps with config: /scratch/yorig/mpils-results-grid-ticks-10000-7may/medium-2/16proc/seed-5/9_supportcase6_seed-5_20260509_074527/iterated_local_search/run_2_worker_12/ils_config_2826908209355872540.prm
[INFO]:[07:48:59] Starting CPLEX solver on instance: /home/yorig/tuner/mpils-tests/instances/miplib/medium-2/supportcase6.mps with config: /scratch/yorig/mpils-results-grid-ticks-10000-7may/medium-2/16proc/seed-5/9_supportcase6_seed-5_20260509_074527/iterated_local_search/run_2_worker_12/ils_config_2826908209355872540.prm
[INFO]:[07:49:06] CPLEX results. Gap: 100.000000, upper bound: 102597.533860, lower bound: 0.000000
[INFO]:[07:49:06] CPLEX solver finished. Gap: 100.000000
[INFO]:[07:49:06] Starting CPLEX solver on instance: /home/yorig/tuner/mpils-tests/instances/miplib/medium-2/supportcase6.mps with config: /scratch/yorig/mpils-results-grid-ticks-10000-7may/medium-2/16proc/seed-5/9_supportcase6_seed-5_20260509_074527/iterated_local_search/run_2_worker_12/ils_config_2231473680066566672.prm
[INFO]:[07:49:06] Starting CPLEX solver on instance: /home/yorig/tuner/mpils-tests/instances/miplib/medium-2/supportcase6.mps with config: /scratch/yorig/mpils-results-grid-ticks-10000-7may/medium-2/16proc/seed-5/9_supportcase6_seed-5_20260509_074527/iterated_local_search/run_2_worker_12/ils_config_2231473680066566672.prm
[INFO]:[07:49:14] CPLEX results. Gap: 100.000000, upper bound: 102597.533860, lower bound: 0.000000
[INFO]:[07:49:14] CPLEX solver finished. Gap: 100.000000
[INFO]:[07:49:14] Local search phase completed.
[INFO]:[07:49:14] Total number of new local-search evaluations: 5
[INFO]:[07:49:14] Final incumbent objective value: 55.98
[INFO]:[07:49:27] Worker 12 completed exploration phase.
[INFO]:[07:49:27] Worker 12 received order for step 2.
[INFO]:[07:49:27] Worker 12 running expansion phase for iteration 2.
[INFO]:[07:49:27] Worker 12 will use solver log file: /scratch/yorig/mpils-results-grid-ticks-10000-7may/medium-2/16proc/seed-5/9_supportcase6_seed-5_20260509_074527/solver/cplex.log_iteration_expansion_2_worker_12
[INFO]:[07:49:27] Expansion Worker 12 starting expansion for iteration 2.
[INFO]:[07:49:27] Starting CPLEX solver on instance: /home/yorig/tuner/mpils-tests/instances/miplib/medium-2/supportcase6.mps with config: /scratch/yorig/mpils-results-grid-ticks-10000-7may/medium-2/16proc/seed-5/9_supportcase6_seed-5_20260509_074527/expansion/config_param_CPXPARAM_Preprocessing_Dual_-1_iter_2.prm
[INFO]:[07:49:33] CPLEX results. Gap: 13.330000, upper bound: 52112.367686, lower bound: 45165.579073
[INFO]:[07:49:33] CPLEX solver finished. Gap: 13.330000
[INFO]:[07:49:34] Starting CPLEX solver on instance: /home/yorig/tuner/mpils-tests/instances/miplib/medium-2/supportcase6.mps with config: /scratch/yorig/mpils-results-grid-ticks-10000-7may/medium-2/16proc/seed-5/9_supportcase6_seed-5_20260509_074527/expansion/config_param_CPXPARAM_MIP_Strategy_SubAlgorithm_2_iter_2.prm
[INFO]:[07:49:40] CPLEX results. Gap: 13.330000, upper bound: 52112.367686, lower bound: 45165.579073
[INFO]:[07:49:40] CPLEX solver finished. Gap: 13.330000
[INFO]:[07:49:41] Expansion Worker 12 stopping early after global MPI expansion stop was activated.
[INFO]:[07:49:41] Expansion Worker 12 completed expansion.
[INFO]:[07:49:41] Worker 12 completed expansion phase.
[INFO]:[07:49:41] Worker 12 received order for step 1.
[INFO]:[07:49:41] Worker 12 running exploration phase for iteration 3.
[INFO]:[07:49:41] Worker 12 at iteration 3 will not use a MIP start file. Current best MIP-start upper bound threshold is 1.79769e+308.
[INFO]:[07:49:41] Starting local search phase...
[INFO]:[07:49:41] Creating local search space from parameter space file: /scratch/yorig/mpils-results-grid-ticks-10000-7may/medium-2/16proc/seed-5/9_supportcase6_seed-5_20260509_074527/iterated_local_search/search_space/search_space_file_3_worker_12.txt
[INFO]:[07:49:41] Local search space loaded from file: /scratch/yorig/mpils-results-grid-ticks-10000-7may/medium-2/16proc/seed-5/9_supportcase6_seed-5_20260509_074527/iterated_local_search/search_space/search_space_file_3_worker_12.txt
[INFO]:[07:49:41] Number of parameters in local search space: 71
[INFO]:[07:49:41] Number of forbidden tuples in local search space: 30
[INFO]:[07:49:41] Number of conditionals in local search space: 6
[INFO]:[07:49:41] MIP start option not enabled. Local search will proceed without MIP start.
[INFO]:[07:49:41] Evaluating initial configuration for local search phase...
[INFO]:[07:49:41] Starting CPLEX solver on instance: /home/yorig/tuner/mpils-tests/instances/miplib/medium-2/supportcase6.mps with config: /scratch/yorig/mpils-results-grid-ticks-10000-7may/medium-2/16proc/seed-5/9_supportcase6_seed-5_20260509_074527/iterated_local_search/run_3_worker_12/ils_config_18027262864765479957.prm
[INFO]:[07:49:41] Starting CPLEX solver on instance: /home/yorig/tuner/mpils-tests/instances/miplib/medium-2/supportcase6.mps with config: /scratch/yorig/mpils-results-grid-ticks-10000-7may/medium-2/16proc/seed-5/9_supportcase6_seed-5_20260509_074527/iterated_local_search/run_3_worker_12/ils_config_18027262864765479957.prm
[INFO]:[07:49:49] CPLEX results. Gap: 100.000000, upper bound: 102597.533860, lower bound: 0.000000
[INFO]:[07:49:49] CPLEX solver finished. Gap: 100.000000
[INFO]:[07:49:49] Initial configuration evaluated with objective value: 100
[INFO]:[07:49:49] Starting CPLEX solver on instance: /home/yorig/tuner/mpils-tests/instances/miplib/medium-2/supportcase6.mps with config: /scratch/yorig/mpils-results-grid-ticks-10000-7may/medium-2/16proc/seed-5/9_supportcase6_seed-5_20260509_074527/iterated_local_search/run_3_worker_12/ils_config_9929517953042695262.prm
[INFO]:[07:49:49] Starting CPLEX solver on instance: /home/yorig/tuner/mpils-tests/instances/miplib/medium-2/supportcase6.mps with config: /scratch/yorig/mpils-results-grid-ticks-10000-7may/medium-2/16proc/seed-5/9_supportcase6_seed-5_20260509_074527/iterated_local_search/run_3_worker_12/ils_config_9929517953042695262.prm
[INFO]:[07:49:56] CPLEX results. Gap: 100.000000, upper bound: 102597.533860, lower bound: 0.000000
[INFO]:[07:49:56] CPLEX solver finished. Gap: 100.000000
[INFO]:[07:49:56] Starting CPLEX solver on instance: /home/yorig/tuner/mpils-tests/instances/miplib/medium-2/supportcase6.mps with config: /scratch/yorig/mpils-results-grid-ticks-10000-7may/medium-2/16proc/seed-5/9_supportcase6_seed-5_20260509_074527/iterated_local_search/run_3_worker_12/ils_config_7113341304385798724.prm
[INFO]:[07:49:56] Starting CPLEX solver on instance: /home/yorig/tuner/mpils-tests/instances/miplib/medium-2/supportcase6.mps with config: /scratch/yorig/mpils-results-grid-ticks-10000-7may/medium-2/16proc/seed-5/9_supportcase6_seed-5_20260509_074527/iterated_local_search/run_3_worker_12/ils_config_7113341304385798724.prm
[INFO]:[07:50:03] CPLEX results. Gap: 100.000000, upper bound: 102597.533860, lower bound: 0.000000
[INFO]:[07:50:03] CPLEX solver finished. Gap: 100.000000
[INFO]:[07:50:03] Starting CPLEX solver on instance: /home/yorig/tuner/mpils-tests/instances/miplib/medium-2/supportcase6.mps with config: /scratch/yorig/mpils-results-grid-ticks-10000-7may/medium-2/16proc/seed-5/9_supportcase6_seed-5_20260509_074527/iterated_local_search/run_3_worker_12/ils_config_15821959267123806944.prm
[INFO]:[07:50:03] Starting CPLEX solver on instance: /home/yorig/tuner/mpils-tests/instances/miplib/medium-2/supportcase6.mps with config: /scratch/yorig/mpils-results-grid-ticks-10000-7may/medium-2/16proc/seed-5/9_supportcase6_seed-5_20260509_074527/iterated_local_search/run_3_worker_12/ils_config_15821959267123806944.prm
[INFO]:[07:50:11] CPLEX results. Gap: 100.000000, upper bound: 102597.533860, lower bound: 0.000000
[INFO]:[07:50:11] CPLEX solver finished. Gap: 100.000000
[INFO]:[07:50:11] Starting CPLEX solver on instance: /home/yorig/tuner/mpils-tests/instances/miplib/medium-2/supportcase6.mps with config: /scratch/yorig/mpils-results-grid-ticks-10000-7may/medium-2/16proc/seed-5/9_supportcase6_seed-5_20260509_074527/iterated_local_search/run_3_worker_12/ils_config_4701174217334316259.prm
[INFO]:[07:50:11] Starting CPLEX solver on instance: /home/yorig/tuner/mpils-tests/instances/miplib/medium-2/supportcase6.mps with config: /scratch/yorig/mpils-results-grid-ticks-10000-7may/medium-2/16proc/seed-5/9_supportcase6_seed-5_20260509_074527/iterated_local_search/run_3_worker_12/ils_config_4701174217334316259.prm
[INFO]:[07:50:18] CPLEX results. Gap: 100.000000, upper bound: 102597.533860, lower bound: 0.000000
[INFO]:[07:50:18] CPLEX solver finished. Gap: 100.000000
[INFO]:[07:50:18] Starting CPLEX solver on instance: /home/yorig/tuner/mpils-tests/instances/miplib/medium-2/supportcase6.mps with config: /scratch/yorig/mpils-results-grid-ticks-10000-7may/medium-2/16proc/seed-5/9_supportcase6_seed-5_20260509_074527/iterated_local_search/run_3_worker_12/ils_config_2620069311451179272.prm
[INFO]:[07:50:18] Starting CPLEX solver on instance: /home/yorig/tuner/mpils-tests/instances/miplib/medium-2/supportcase6.mps with config: /scratch/yorig/mpils-results-grid-ticks-10000-7may/medium-2/16proc/seed-5/9_supportcase6_seed-5_20260509_074527/iterated_local_search/run_3_worker_12/ils_config_2620069311451179272.prm
[INFO]:[07:50:25] CPLEX results. Gap: 100.000000, upper bound: 102597.533860, lower bound: 0.000000
[INFO]:[07:50:25] CPLEX solver finished. Gap: 100.000000
[INFO]:[07:50:25] Starting CPLEX solver on instance: /home/yorig/tuner/mpils-tests/instances/miplib/medium-2/supportcase6.mps with config: /scratch/yorig/mpils-results-grid-ticks-10000-7may/medium-2/16proc/seed-5/9_supportcase6_seed-5_20260509_074527/iterated_local_search/run_3_worker_12/ils_config_2507027582390133644.prm
[INFO]:[07:50:25] Starting CPLEX solver on instance: /home/yorig/tuner/mpils-tests/instances/miplib/medium-2/supportcase6.mps with config: /scratch/yorig/mpils-results-grid-ticks-10000-7may/medium-2/16proc/seed-5/9_supportcase6_seed-5_20260509_074527/iterated_local_search/run_3_worker_12/ils_config_2507027582390133644.prm
[INFO]:[07:50:32] CPLEX results. Gap: 100.000000, upper bound: 102597.533860, lower bound: 0.000000
[INFO]:[07:50:32] CPLEX solver finished. Gap: 100.000000
[INFO]:[07:50:32] Starting CPLEX solver on instance: /home/yorig/tuner/mpils-tests/instances/miplib/medium-2/supportcase6.mps with config: /scratch/yorig/mpils-results-grid-ticks-10000-7may/medium-2/16proc/seed-5/9_supportcase6_seed-5_20260509_074527/iterated_local_search/run_3_worker_12/ils_config_1400130651937641901.prm
[INFO]:[07:50:32] Starting CPLEX solver on instance: /home/yorig/tuner/mpils-tests/instances/miplib/medium-2/supportcase6.mps with config: /scratch/yorig/mpils-results-grid-ticks-10000-7may/medium-2/16proc/seed-5/9_supportcase6_seed-5_20260509_074527/iterated_local_search/run_3_worker_12/ils_config_1400130651937641901.prm
[INFO]:[07:50:39] CPLEX results. Gap: 100.000000, upper bound: 102597.533860, lower bound: 0.000000
[INFO]:[07:50:39] CPLEX solver finished. Gap: 100.000000
[INFO]:[07:50:39] Starting CPLEX solver on instance: /home/yorig/tuner/mpils-tests/instances/miplib/medium-2/supportcase6.mps with config: /scratch/yorig/mpils-results-grid-ticks-10000-7may/medium-2/16proc/seed-5/9_supportcase6_seed-5_20260509_074527/iterated_local_search/run_3_worker_12/ils_config_13831319101103071708.prm
[INFO]:[07:50:39] Starting CPLEX solver on instance: /home/yorig/tuner/mpils-tests/instances/miplib/medium-2/supportcase6.mps with config: /scratch/yorig/mpils-results-grid-ticks-10000-7may/medium-2/16proc/seed-5/9_supportcase6_seed-5_20260509_074527/iterated_local_search/run_3_worker_12/ils_config_13831319101103071708.prm
[INFO]:[07:50:46] CPLEX results. Gap: 100.000000, upper bound: 102597.533860, lower bound: 0.000000
[INFO]:[07:50:46] CPLEX solver finished. Gap: 100.000000
[INFO]:[07:50:46] Starting CPLEX solver on instance: /home/yorig/tuner/mpils-tests/instances/miplib/medium-2/supportcase6.mps with config: /scratch/yorig/mpils-results-grid-ticks-10000-7may/medium-2/16proc/seed-5/9_supportcase6_seed-5_20260509_074527/iterated_local_search/run_3_worker_12/ils_config_4991601090465963905.prm
[INFO]:[07:50:46] Starting CPLEX solver on instance: /home/yorig/tuner/mpils-tests/instances/miplib/medium-2/supportcase6.mps with config: /scratch/yorig/mpils-results-grid-ticks-10000-7may/medium-2/16proc/seed-5/9_supportcase6_seed-5_20260509_074527/iterated_local_search/run_3_worker_12/ils_config_4991601090465963905.prm
[INFO]:[07:50:54] CPLEX results. Gap: 100.000000, upper bound: 102597.533860, lower bound: 0.000000
[INFO]:[07:50:54] CPLEX solver finished. Gap: 100.000000
[INFO]:[07:50:54] Local search phase completed.
[INFO]:[07:50:54] Total number of new local-search evaluations: 10
[INFO]:[07:50:54] Final incumbent objective value: 100
[INFO]:[07:51:00] Worker 12 completed exploration phase.
[INFO]:[07:51:00] Worker 12 received order for step 2.
[INFO]:[07:51:00] Worker 12 running expansion phase for iteration 3.
[INFO]:[07:51:00] Worker 12 will use solver log file: /scratch/yorig/mpils-results-grid-ticks-10000-7may/medium-2/16proc/seed-5/9_supportcase6_seed-5_20260509_074527/solver/cplex.log_iteration_expansion_3_worker_12
[INFO]:[07:51:00] Expansion Worker 12 starting expansion for iteration 3.
[INFO]:[07:51:00] Starting CPLEX solver on instance: /home/yorig/tuner/mpils-tests/instances/miplib/medium-2/supportcase6.mps with config: /scratch/yorig/mpils-results-grid-ticks-10000-7may/medium-2/16proc/seed-5/9_supportcase6_seed-5_20260509_074527/expansion/config_param_CPXPARAM_Simplex_PGradient_2_iter_3.prm
[INFO]:[07:51:06] CPLEX results. Gap: 0.160000, upper bound: 51975.058910, lower bound: 51891.352715
[INFO]:[07:51:06] CPLEX solver finished. Gap: 0.160000
[INFO]:[07:51:06] Starting CPLEX solver on instance: /home/yorig/tuner/mpils-tests/instances/miplib/medium-2/supportcase6.mps with config: /scratch/yorig/mpils-results-grid-ticks-10000-7may/medium-2/16proc/seed-5/9_supportcase6_seed-5_20260509_074527/expansion/config_param_CPXPARAM_Barrier_Ordering_1_iter_3.prm
[INFO]:[07:51:12] CPLEX results. Gap: 0.160000, upper bound: 51975.058910, lower bound: 51891.352715
[INFO]:[07:51:12] CPLEX solver finished. Gap: 0.160000
[INFO]:[07:51:19] Expansion Worker 12 stopping early after global MPI expansion stop was activated.
[INFO]:[07:51:19] Expansion Worker 12 completed expansion.
[INFO]:[07:51:19] Worker 12 completed expansion phase.
[INFO]:[07:51:19] Worker 12 received order for step 1.
[INFO]:[07:51:19] Worker 12 running exploration phase for iteration 4.
[INFO]:[07:51:19] Worker 12 at iteration 4 will not use a MIP start file. Current best MIP-start upper bound threshold is 1.79769e+308.
[INFO]:[07:51:19] Starting local search phase...
[INFO]:[07:51:19] Creating local search space from parameter space file: /scratch/yorig/mpils-results-grid-ticks-10000-7may/medium-2/16proc/seed-5/9_supportcase6_seed-5_20260509_074527/iterated_local_search/search_space/search_space_file_4_worker_12.txt
[INFO]:[07:51:19] Local search space loaded from file: /scratch/yorig/mpils-results-grid-ticks-10000-7may/medium-2/16proc/seed-5/9_supportcase6_seed-5_20260509_074527/iterated_local_search/search_space/search_space_file_4_worker_12.txt
[INFO]:[07:51:19] Number of parameters in local search space: 71
[INFO]:[07:51:19] Number of forbidden tuples in local search space: 27
[INFO]:[07:51:19] Number of conditionals in local search space: 6
[INFO]:[07:51:19] MIP start option not enabled. Local search will proceed without MIP start.
[INFO]:[07:51:19] Evaluating initial configuration for local search phase...
[INFO]:[07:51:19] Starting CPLEX solver on instance: /home/yorig/tuner/mpils-tests/instances/miplib/medium-2/supportcase6.mps with config: /scratch/yorig/mpils-results-grid-ticks-10000-7may/medium-2/16proc/seed-5/9_supportcase6_seed-5_20260509_074527/iterated_local_search/run_4_worker_12/ils_config_13823053582555038715.prm
[INFO]:[07:51:19] Starting CPLEX solver on instance: /home/yorig/tuner/mpils-tests/instances/miplib/medium-2/supportcase6.mps with config: /scratch/yorig/mpils-results-grid-ticks-10000-7may/medium-2/16proc/seed-5/9_supportcase6_seed-5_20260509_074527/iterated_local_search/run_4_worker_12/ils_config_13823053582555038715.prm
[INFO]:[07:51:26] CPLEX results. Gap: 59.950000, upper bound: 112583.582383, lower bound: 45090.732163
[INFO]:[07:51:26] CPLEX solver finished. Gap: 59.950000
[INFO]:[07:51:26] Initial configuration evaluated with objective value: 59.95
[INFO]:[07:51:26] Starting CPLEX solver on instance: /home/yorig/tuner/mpils-tests/instances/miplib/medium-2/supportcase6.mps with config: /scratch/yorig/mpils-results-grid-ticks-10000-7may/medium-2/16proc/seed-5/9_supportcase6_seed-5_20260509_074527/iterated_local_search/run_4_worker_12/ils_config_4248644748862952245.prm
[INFO]:[07:51:26] Starting CPLEX solver on instance: /home/yorig/tuner/mpils-tests/instances/miplib/medium-2/supportcase6.mps with config: /scratch/yorig/mpils-results-grid-ticks-10000-7may/medium-2/16proc/seed-5/9_supportcase6_seed-5_20260509_074527/iterated_local_search/run_4_worker_12/ils_config_4248644748862952245.prm
[INFO]:[07:51:33] CPLEX results. Gap: 59.950000, upper bound: 112583.582383, lower bound: 45090.732163
[INFO]:[07:51:33] CPLEX solver finished. Gap: 59.950000
[INFO]:[07:51:33] Starting CPLEX solver on instance: /home/yorig/tuner/mpils-tests/instances/miplib/medium-2/supportcase6.mps with config: /scratch/yorig/mpils-results-grid-ticks-10000-7may/medium-2/16proc/seed-5/9_supportcase6_seed-5_20260509_074527/iterated_local_search/run_4_worker_12/ils_config_15541522578730040445.prm
[INFO]:[07:51:33] Starting CPLEX solver on instance: /home/yorig/tuner/mpils-tests/instances/miplib/medium-2/supportcase6.mps with config: /scratch/yorig/mpils-results-grid-ticks-10000-7may/medium-2/16proc/seed-5/9_supportcase6_seed-5_20260509_074527/iterated_local_search/run_4_worker_12/ils_config_15541522578730040445.prm
[INFO]:[07:51:41] CPLEX results. Gap: 73.110000, upper bound: 112583.582383, lower bound: 30275.979510
[INFO]:[07:51:41] CPLEX solver finished. Gap: 73.110000
[INFO]:[07:51:41] Starting CPLEX solver on instance: /home/yorig/tuner/mpils-tests/instances/miplib/medium-2/supportcase6.mps with config: /scratch/yorig/mpils-results-grid-ticks-10000-7may/medium-2/16proc/seed-5/9_supportcase6_seed-5_20260509_074527/iterated_local_search/run_4_worker_12/ils_config_1542826703270533732.prm
[INFO]:[07:51:41] Starting CPLEX solver on instance: /home/yorig/tuner/mpils-tests/instances/miplib/medium-2/supportcase6.mps with config: /scratch/yorig/mpils-results-grid-ticks-10000-7may/medium-2/16proc/seed-5/9_supportcase6_seed-5_20260509_074527/iterated_local_search/run_4_worker_12/ils_config_1542826703270533732.prm
[INFO]:[07:51:48] CPLEX results. Gap: 59.950000, upper bound: 112583.582383, lower bound: 45090.732163
[INFO]:[07:51:48] CPLEX solver finished. Gap: 59.950000
[INFO]:[07:51:48] Starting CPLEX solver on instance: /home/yorig/tuner/mpils-tests/instances/miplib/medium-2/supportcase6.mps with config: /scratch/yorig/mpils-results-grid-ticks-10000-7may/medium-2/16proc/seed-5/9_supportcase6_seed-5_20260509_074527/iterated_local_search/run_4_worker_12/ils_config_13357717354390729099.prm
[INFO]:[07:51:48] Starting CPLEX solver on instance: /home/yorig/tuner/mpils-tests/instances/miplib/medium-2/supportcase6.mps with config: /scratch/yorig/mpils-results-grid-ticks-10000-7may/medium-2/16proc/seed-5/9_supportcase6_seed-5_20260509_074527/iterated_local_search/run_4_worker_12/ils_config_13357717354390729099.prm
[INFO]:[07:51:55] CPLEX results. Gap: 73.110000, upper bound: 112583.582383, lower bound: 30275.979510
[INFO]:[07:51:55] CPLEX solver finished. Gap: 73.110000
[INFO]:[07:51:55] Starting CPLEX solver on instance: /home/yorig/tuner/mpils-tests/instances/miplib/medium-2/supportcase6.mps with config: /scratch/yorig/mpils-results-grid-ticks-10000-7may/medium-2/16proc/seed-5/9_supportcase6_seed-5_20260509_074527/iterated_local_search/run_4_worker_12/ils_config_8340014293264716440.prm
[INFO]:[07:51:55] Starting CPLEX solver on instance: /home/yorig/tuner/mpils-tests/instances/miplib/medium-2/supportcase6.mps with config: /scratch/yorig/mpils-results-grid-ticks-10000-7may/medium-2/16proc/seed-5/9_supportcase6_seed-5_20260509_074527/iterated_local_search/run_4_worker_12/ils_config_8340014293264716440.prm
[INFO]:[07:52:03] CPLEX results. Gap: 73.110000, upper bound: 112583.582383, lower bound: 30275.979510
[INFO]:[07:52:03] CPLEX solver finished. Gap: 73.110000
[INFO]:[07:52:03] Starting CPLEX solver on instance: /home/yorig/tuner/mpils-tests/instances/miplib/medium-2/supportcase6.mps with config: /scratch/yorig/mpils-results-grid-ticks-10000-7may/medium-2/16proc/seed-5/9_supportcase6_seed-5_20260509_074527/iterated_local_search/run_4_worker_12/ils_config_2998153115487154957.prm
[INFO]:[07:52:03] Starting CPLEX solver on instance: /home/yorig/tuner/mpils-tests/instances/miplib/medium-2/supportcase6.mps with config: /scratch/yorig/mpils-results-grid-ticks-10000-7may/medium-2/16proc/seed-5/9_supportcase6_seed-5_20260509_074527/iterated_local_search/run_4_worker_12/ils_config_2998153115487154957.prm
[INFO]:[07:52:10] CPLEX results. Gap: 59.950000, upper bound: 112583.582383, lower bound: 45090.732163
[INFO]:[07:52:10] CPLEX solver finished. Gap: 59.950000
[INFO]:[07:52:10] Starting CPLEX solver on instance: /home/yorig/tuner/mpils-tests/instances/miplib/medium-2/supportcase6.mps with config: /scratch/yorig/mpils-results-grid-ticks-10000-7may/medium-2/16proc/seed-5/9_supportcase6_seed-5_20260509_074527/iterated_local_search/run_4_worker_12/ils_config_18374970133105284812.prm
[INFO]:[07:52:10] Starting CPLEX solver on instance: /home/yorig/tuner/mpils-tests/instances/miplib/medium-2/supportcase6.mps with config: /scratch/yorig/mpils-results-grid-ticks-10000-7may/medium-2/16proc/seed-5/9_supportcase6_seed-5_20260509_074527/iterated_local_search/run_4_worker_12/ils_config_18374970133105284812.prm
[INFO]:[07:52:17] CPLEX results. Gap: 59.940000, upper bound: 112566.677341, lower bound: 45090.732163
[INFO]:[07:52:17] CPLEX solver finished. Gap: 59.940000
[INFO]:[07:52:17] New incumbent found with objective value: 59.94
[INFO]:[07:52:17] Starting CPLEX solver on instance: /home/yorig/tuner/mpils-tests/instances/miplib/medium-2/supportcase6.mps with config: /scratch/yorig/mpils-results-grid-ticks-10000-7may/medium-2/16proc/seed-5/9_supportcase6_seed-5_20260509_074527/iterated_local_search/run_4_worker_12/ils_config_2691060449739379734.prm
[INFO]:[07:52:17] Starting CPLEX solver on instance: /home/yorig/tuner/mpils-tests/instances/miplib/medium-2/supportcase6.mps with config: /scratch/yorig/mpils-results-grid-ticks-10000-7may/medium-2/16proc/seed-5/9_supportcase6_seed-5_20260509_074527/iterated_local_search/run_4_worker_12/ils_config_2691060449739379734.prm
[INFO]:[07:52:23] CPLEX results. Gap: 100.000000, upper bound: 112566.677341, lower bound: 0.000000
[INFO]:[07:52:23] CPLEX solver finished. Gap: 100.000000
[INFO]:[07:52:23] Starting CPLEX solver on instance: /home/yorig/tuner/mpils-tests/instances/miplib/medium-2/supportcase6.mps with config: /scratch/yorig/mpils-results-grid-ticks-10000-7may/medium-2/16proc/seed-5/9_supportcase6_seed-5_20260509_074527/iterated_local_search/run_4_worker_12/ils_config_10277524193700584418.prm
[INFO]:[07:52:23] Starting CPLEX solver on instance: /home/yorig/tuner/mpils-tests/instances/miplib/medium-2/supportcase6.mps with config: /scratch/yorig/mpils-results-grid-ticks-10000-7may/medium-2/16proc/seed-5/9_supportcase6_seed-5_20260509_074527/iterated_local_search/run_4_worker_12/ils_config_10277524193700584418.prm
[INFO]:[07:52:30] CPLEX results. Gap: 100.000000, upper bound: 112566.677341, lower bound: 0.000000
[INFO]:[07:52:30] CPLEX solver finished. Gap: 100.000000
[INFO]:[07:52:30] Starting CPLEX solver on instance: /home/yorig/tuner/mpils-tests/instances/miplib/medium-2/supportcase6.mps with config: /scratch/yorig/mpils-results-grid-ticks-10000-7may/medium-2/16proc/seed-5/9_supportcase6_seed-5_20260509_074527/iterated_local_search/run_4_worker_12/ils_config_10965092234686724685.prm
[INFO]:[07:52:30] Starting CPLEX solver on instance: /home/yorig/tuner/mpils-tests/instances/miplib/medium-2/supportcase6.mps with config: /scratch/yorig/mpils-results-grid-ticks-10000-7may/medium-2/16proc/seed-5/9_supportcase6_seed-5_20260509_074527/iterated_local_search/run_4_worker_12/ils_config_10965092234686724685.prm
[INFO]:[07:52:36] CPLEX results. Gap: 100.000000, upper bound: 112566.677341, lower bound: 0.000000
[INFO]:[07:52:36] CPLEX solver finished. Gap: 100.000000
[INFO]:[07:52:36] Starting CPLEX solver on instance: /home/yorig/tuner/mpils-tests/instances/miplib/medium-2/supportcase6.mps with config: /scratch/yorig/mpils-results-grid-ticks-10000-7may/medium-2/16proc/seed-5/9_supportcase6_seed-5_20260509_074527/iterated_local_search/run_4_worker_12/ils_config_8961520989336011126.prm
[INFO]:[07:52:36] Starting CPLEX solver on instance: /home/yorig/tuner/mpils-tests/instances/miplib/medium-2/supportcase6.mps with config: /scratch/yorig/mpils-results-grid-ticks-10000-7may/medium-2/16proc/seed-5/9_supportcase6_seed-5_20260509_074527/iterated_local_search/run_4_worker_12/ils_config_8961520989336011126.prm
[INFO]:[07:52:43] CPLEX results. Gap: 100.000000, upper bound: 112566.677341, lower bound: 0.000000
[INFO]:[07:52:43] CPLEX solver finished. Gap: 100.000000
[INFO]:[07:52:43] Starting CPLEX solver on instance: /home/yorig/tuner/mpils-tests/instances/miplib/medium-2/supportcase6.mps with config: /scratch/yorig/mpils-results-grid-ticks-10000-7may/medium-2/16proc/seed-5/9_supportcase6_seed-5_20260509_074527/iterated_local_search/run_4_worker_12/ils_config_6288621750039319784.prm
[INFO]:[07:52:43] Starting CPLEX solver on instance: /home/yorig/tuner/mpils-tests/instances/miplib/medium-2/supportcase6.mps with config: /scratch/yorig/mpils-results-grid-ticks-10000-7may/medium-2/16proc/seed-5/9_supportcase6_seed-5_20260509_074527/iterated_local_search/run_4_worker_12/ils_config_6288621750039319784.prm
[INFO]:[07:52:50] CPLEX results. Gap: 100.000000, upper bound: 112566.677341, lower bound: 0.000000
[INFO]:[07:52:50] CPLEX solver finished. Gap: 100.000000
[INFO]:[07:52:50] Starting CPLEX solver on instance: /home/yorig/tuner/mpils-tests/instances/miplib/medium-2/supportcase6.mps with config: /scratch/yorig/mpils-results-grid-ticks-10000-7may/medium-2/16proc/seed-5/9_supportcase6_seed-5_20260509_074527/iterated_local_search/run_4_worker_12/ils_config_5012330137068254515.prm
[INFO]:[07:52:50] Starting CPLEX solver on instance: /home/yorig/tuner/mpils-tests/instances/miplib/medium-2/supportcase6.mps with config: /scratch/yorig/mpils-results-grid-ticks-10000-7may/medium-2/16proc/seed-5/9_supportcase6_seed-5_20260509_074527/iterated_local_search/run_4_worker_12/ils_config_5012330137068254515.prm
[INFO]:[07:52:58] CPLEX results. Gap: 100.000000, upper bound: 112566.677341, lower bound: 0.000000
[INFO]:[07:52:58] CPLEX solver finished. Gap: 100.000000
[INFO]:[07:52:58] Local search phase completed.
[INFO]:[07:52:58] Total number of new local-search evaluations: 14
[INFO]:[07:52:58] Final incumbent objective value: 59.94
[INFO]:[07:53:02] Worker 12 completed exploration phase.
[INFO]:[07:53:02] Worker 12 received order for step 2.
[INFO]:[07:53:02] Worker 12 running expansion phase for iteration 4.
[INFO]:[07:53:02] Worker 12 will use solver log file: /scratch/yorig/mpils-results-grid-ticks-10000-7may/medium-2/16proc/seed-5/9_supportcase6_seed-5_20260509_074527/solver/cplex.log_iteration_expansion_4_worker_12
[INFO]:[07:53:02] Expansion Worker 12 starting expansion for iteration 4.
[INFO]:[07:53:02] Starting CPLEX solver on instance: /home/yorig/tuner/mpils-tests/instances/miplib/medium-2/supportcase6.mps with config: /scratch/yorig/mpils-results-grid-ticks-10000-7may/medium-2/16proc/seed-5/9_supportcase6_seed-5_20260509_074527/expansion/config_param_CPXPARAM_Feasopt_Mode_1_iter_4.prm
[INFO]:[07:53:09] CPLEX results. Gap: 0.060000, upper bound: 51924.031554, lower bound: 51891.352715
[INFO]:[07:53:09] CPLEX solver finished. Gap: 0.060000
[INFO]:[07:53:09] Starting CPLEX solver on instance: /home/yorig/tuner/mpils-tests/instances/miplib/medium-2/supportcase6.mps with config: /scratch/yorig/mpils-results-grid-ticks-10000-7may/medium-2/16proc/seed-5/9_supportcase6_seed-5_20260509_074527/expansion/config_param_CPXPARAM_MIP_Strategy_File_3_iter_4.prm
[INFO]:[07:53:15] CPLEX results. Gap: 0.060000, upper bound: 51924.031554, lower bound: 51891.352715
[INFO]:[07:53:15] CPLEX solver finished. Gap: 0.060000
[INFO]:[07:53:15] Expansion Worker 12 completed expansion.
[INFO]:[07:53:15] Worker 12 completed expansion phase.
[INFO]:[07:53:16] Worker 12 received order for step 1.
[INFO]:[07:53:16] Worker 12 running exploration phase for iteration 5.
[INFO]:[07:53:16] Worker 12 at iteration 5 will not use a MIP start file. Current best MIP-start upper bound threshold is 1.79769e+308.
[INFO]:[07:53:16] Starting local search phase...
[INFO]:[07:53:16] Creating local search space from parameter space file: /scratch/yorig/mpils-results-grid-ticks-10000-7may/medium-2/16proc/seed-5/9_supportcase6_seed-5_20260509_074527/iterated_local_search/search_space/search_space_file_5_worker_12.txt
[INFO]:[07:53:16] Local search space loaded from file: /scratch/yorig/mpils-results-grid-ticks-10000-7may/medium-2/16proc/seed-5/9_supportcase6_seed-5_20260509_074527/iterated_local_search/search_space/search_space_file_5_worker_12.txt
[INFO]:[07:53:16] Number of parameters in local search space: 71
[INFO]:[07:53:16] Number of forbidden tuples in local search space: 30
[INFO]:[07:53:16] Number of conditionals in local search space: 6
[INFO]:[07:53:16] MIP start option not enabled. Local search will proceed without MIP start.
[INFO]:[07:53:16] Evaluating initial configuration for local search phase...
[INFO]:[07:53:16] Starting CPLEX solver on instance: /home/yorig/tuner/mpils-tests/instances/miplib/medium-2/supportcase6.mps with config: /scratch/yorig/mpils-results-grid-ticks-10000-7may/medium-2/16proc/seed-5/9_supportcase6_seed-5_20260509_074527/iterated_local_search/run_5_worker_12/ils_config_17661846973325315193.prm
[INFO]:[07:53:16] Starting CPLEX solver on instance: /home/yorig/tuner/mpils-tests/instances/miplib/medium-2/supportcase6.mps with config: /scratch/yorig/mpils-results-grid-ticks-10000-7may/medium-2/16proc/seed-5/9_supportcase6_seed-5_20260509_074527/iterated_local_search/run_5_worker_12/ils_config_17661846973325315193.prm
[INFO]:[07:53:23] CPLEX results. Gap: 100.000000, upper bound: 102597.533860, lower bound: 0.000000
[INFO]:[07:53:23] CPLEX solver finished. Gap: 100.000000
[INFO]:[07:53:23] Initial configuration evaluated with objective value: 100
[INFO]:[07:53:24] Starting CPLEX solver on instance: /home/yorig/tuner/mpils-tests/instances/miplib/medium-2/supportcase6.mps with config: /scratch/yorig/mpils-results-grid-ticks-10000-7may/medium-2/16proc/seed-5/9_supportcase6_seed-5_20260509_074527/iterated_local_search/run_5_worker_12/ils_config_154923497289905199.prm
[INFO]:[07:53:24] Starting CPLEX solver on instance: /home/yorig/tuner/mpils-tests/instances/miplib/medium-2/supportcase6.mps with config: /scratch/yorig/mpils-results-grid-ticks-10000-7may/medium-2/16proc/seed-5/9_supportcase6_seed-5_20260509_074527/iterated_local_search/run_5_worker_12/ils_config_154923497289905199.prm
[INFO]:[07:53:31] CPLEX results. Gap: 100.000000, upper bound: 102597.533860, lower bound: 0.000000
[INFO]:[07:53:31] CPLEX solver finished. Gap: 100.000000
[INFO]:[07:53:31] Starting CPLEX solver on instance: /home/yorig/tuner/mpils-tests/instances/miplib/medium-2/supportcase6.mps with config: /scratch/yorig/mpils-results-grid-ticks-10000-7may/medium-2/16proc/seed-5/9_supportcase6_seed-5_20260509_074527/iterated_local_search/run_5_worker_12/ils_config_2681388151348931793.prm
[INFO]:[07:53:31] Starting CPLEX solver on instance: /home/yorig/tuner/mpils-tests/instances/miplib/medium-2/supportcase6.mps with config: /scratch/yorig/mpils-results-grid-ticks-10000-7may/medium-2/16proc/seed-5/9_supportcase6_seed-5_20260509_074527/iterated_local_search/run_5_worker_12/ils_config_2681388151348931793.prm
[INFO]:[07:53:39] CPLEX results. Gap: 100.000000, upper bound: 102597.533860, lower bound: 0.000000
[INFO]:[07:53:39] CPLEX solver finished. Gap: 100.000000
[INFO]:[07:53:39] Starting CPLEX solver on instance: /home/yorig/tuner/mpils-tests/instances/miplib/medium-2/supportcase6.mps with config: /scratch/yorig/mpils-results-grid-ticks-10000-7may/medium-2/16proc/seed-5/9_supportcase6_seed-5_20260509_074527/iterated_local_search/run_5_worker_12/ils_config_5497729981109452705.prm
[INFO]:[07:53:39] Starting CPLEX solver on instance: /home/yorig/tuner/mpils-tests/instances/miplib/medium-2/supportcase6.mps with config: /scratch/yorig/mpils-results-grid-ticks-10000-7may/medium-2/16proc/seed-5/9_supportcase6_seed-5_20260509_074527/iterated_local_search/run_5_worker_12/ils_config_5497729981109452705.prm
[INFO]:[07:53:46] CPLEX results. Gap: 100.000000, upper bound: 102597.533860, lower bound: 0.000000
[INFO]:[07:53:46] CPLEX solver finished. Gap: 100.000000
[INFO]:[07:53:46] Starting CPLEX solver on instance: /home/yorig/tuner/mpils-tests/instances/miplib/medium-2/supportcase6.mps with config: /scratch/yorig/mpils-results-grid-ticks-10000-7may/medium-2/16proc/seed-5/9_supportcase6_seed-5_20260509_074527/iterated_local_search/run_5_worker_12/ils_config_6312096963166917128.prm
[INFO]:[07:53:46] Starting CPLEX solver on instance: /home/yorig/tuner/mpils-tests/instances/miplib/medium-2/supportcase6.mps with config: /scratch/yorig/mpils-results-grid-ticks-10000-7may/medium-2/16proc/seed-5/9_supportcase6_seed-5_20260509_074527/iterated_local_search/run_5_worker_12/ils_config_6312096963166917128.prm
[INFO]:[07:53:54] CPLEX results. Gap: 100.000000, upper bound: 102597.533860, lower bound: 0.000000
[INFO]:[07:53:54] CPLEX solver finished. Gap: 100.000000
[INFO]:[07:53:54] Starting CPLEX solver on instance: /home/yorig/tuner/mpils-tests/instances/miplib/medium-2/supportcase6.mps with config: /scratch/yorig/mpils-results-grid-ticks-10000-7may/medium-2/16proc/seed-5/9_supportcase6_seed-5_20260509_074527/iterated_local_search/run_5_worker_12/ils_config_4051115325010303384.prm
[INFO]:[07:53:54] Starting CPLEX solver on instance: /home/yorig/tuner/mpils-tests/instances/miplib/medium-2/supportcase6.mps with config: /scratch/yorig/mpils-results-grid-ticks-10000-7may/medium-2/16proc/seed-5/9_supportcase6_seed-5_20260509_074527/iterated_local_search/run_5_worker_12/ils_config_4051115325010303384.prm
[INFO]:[07:54:01] CPLEX results. Gap: 100.000000, upper bound: 102597.533860, lower bound: 0.000000
[INFO]:[07:54:01] CPLEX solver finished. Gap: 100.000000
[INFO]:[07:54:01] Starting CPLEX solver on instance: /home/yorig/tuner/mpils-tests/instances/miplib/medium-2/supportcase6.mps with config: /scratch/yorig/mpils-results-grid-ticks-10000-7may/medium-2/16proc/seed-5/9_supportcase6_seed-5_20260509_074527/iterated_local_search/run_5_worker_12/ils_config_18390375769120518577.prm
[INFO]:[07:54:01] Starting CPLEX solver on instance: /home/yorig/tuner/mpils-tests/instances/miplib/medium-2/supportcase6.mps with config: /scratch/yorig/mpils-results-grid-ticks-10000-7may/medium-2/16proc/seed-5/9_supportcase6_seed-5_20260509_074527/iterated_local_search/run_5_worker_12/ils_config_18390375769120518577.prm
[INFO]:[07:54:09] CPLEX results. Gap: 100.000000, upper bound: 102597.533860, lower bound: 0.000000
[INFO]:[07:54:09] CPLEX solver finished. Gap: 100.000000
[INFO]:[07:54:09] Starting CPLEX solver on instance: /home/yorig/tuner/mpils-tests/instances/miplib/medium-2/supportcase6.mps with config: /scratch/yorig/mpils-results-grid-ticks-10000-7may/medium-2/16proc/seed-5/9_supportcase6_seed-5_20260509_074527/iterated_local_search/run_5_worker_12/ils_config_13488380216489749334.prm
[INFO]:[07:54:09] Starting CPLEX solver on instance: /home/yorig/tuner/mpils-tests/instances/miplib/medium-2/supportcase6.mps with config: /scratch/yorig/mpils-results-grid-ticks-10000-7may/medium-2/16proc/seed-5/9_supportcase6_seed-5_20260509_074527/iterated_local_search/run_5_worker_12/ils_config_13488380216489749334.prm
[INFO]:[07:54:17] CPLEX results. Gap: 100.000000, upper bound: 102597.533860, lower bound: 0.000000
[INFO]:[07:54:17] CPLEX solver finished. Gap: 100.000000
[INFO]:[07:54:17] Starting CPLEX solver on instance: /home/yorig/tuner/mpils-tests/instances/miplib/medium-2/supportcase6.mps with config: /scratch/yorig/mpils-results-grid-ticks-10000-7may/medium-2/16proc/seed-5/9_supportcase6_seed-5_20260509_074527/iterated_local_search/run_5_worker_12/ils_config_9227116379716863416.prm
[INFO]:[07:54:17] Starting CPLEX solver on instance: /home/yorig/tuner/mpils-tests/instances/miplib/medium-2/supportcase6.mps with config: /scratch/yorig/mpils-results-grid-ticks-10000-7may/medium-2/16proc/seed-5/9_supportcase6_seed-5_20260509_074527/iterated_local_search/run_5_worker_12/ils_config_9227116379716863416.prm
[INFO]:[07:54:25] CPLEX results. Gap: 100.000000, upper bound: 102597.533860, lower bound: 0.000000
[INFO]:[07:54:25] CPLEX solver finished. Gap: 100.000000
[INFO]:[07:54:25] Starting CPLEX solver on instance: /home/yorig/tuner/mpils-tests/instances/miplib/medium-2/supportcase6.mps with config: /scratch/yorig/mpils-results-grid-ticks-10000-7may/medium-2/16proc/seed-5/9_supportcase6_seed-5_20260509_074527/iterated_local_search/run_5_worker_12/ils_config_15374966778215139730.prm
[INFO]:[07:54:25] Starting CPLEX solver on instance: /home/yorig/tuner/mpils-tests/instances/miplib/medium-2/supportcase6.mps with config: /scratch/yorig/mpils-results-grid-ticks-10000-7may/medium-2/16proc/seed-5/9_supportcase6_seed-5_20260509_074527/iterated_local_search/run_5_worker_12/ils_config_15374966778215139730.prm
[INFO]:[07:54:33] CPLEX results. Gap: 100.000000, upper bound: 102597.533860, lower bound: 0.000000
[INFO]:[07:54:33] CPLEX solver finished. Gap: 100.000000
[INFO]:[07:54:33] Starting CPLEX solver on instance: /home/yorig/tuner/mpils-tests/instances/miplib/medium-2/supportcase6.mps with config: /scratch/yorig/mpils-results-grid-ticks-10000-7may/medium-2/16proc/seed-5/9_supportcase6_seed-5_20260509_074527/iterated_local_search/run_5_worker_12/ils_config_11668023698639739439.prm
[INFO]:[07:54:33] Starting CPLEX solver on instance: /home/yorig/tuner/mpils-tests/instances/miplib/medium-2/supportcase6.mps with config: /scratch/yorig/mpils-results-grid-ticks-10000-7may/medium-2/16proc/seed-5/9_supportcase6_seed-5_20260509_074527/iterated_local_search/run_5_worker_12/ils_config_11668023698639739439.prm
[INFO]:[07:54:40] CPLEX results. Gap: 100.000000, upper bound: 102597.533860, lower bound: 0.000000
[INFO]:[07:54:40] CPLEX solver finished. Gap: 100.000000
[INFO]:[07:54:40] Starting CPLEX solver on instance: /home/yorig/tuner/mpils-tests/instances/miplib/medium-2/supportcase6.mps with config: /scratch/yorig/mpils-results-grid-ticks-10000-7may/medium-2/16proc/seed-5/9_supportcase6_seed-5_20260509_074527/iterated_local_search/run_5_worker_12/ils_config_12701708225902403182.prm
[INFO]:[07:54:40] Starting CPLEX solver on instance: /home/yorig/tuner/mpils-tests/instances/miplib/medium-2/supportcase6.mps with config: /scratch/yorig/mpils-results-grid-ticks-10000-7may/medium-2/16proc/seed-5/9_supportcase6_seed-5_20260509_074527/iterated_local_search/run_5_worker_12/ils_config_12701708225902403182.prm
[INFO]:[07:54:48] CPLEX results. Gap: 100.000000, upper bound: 112566.677341, lower bound: 0.000000
[INFO]:[07:54:48] CPLEX solver finished. Gap: 100.000000
[INFO]:[07:54:48] Starting CPLEX solver on instance: /home/yorig/tuner/mpils-tests/instances/miplib/medium-2/supportcase6.mps with config: /scratch/yorig/mpils-results-grid-ticks-10000-7may/medium-2/16proc/seed-5/9_supportcase6_seed-5_20260509_074527/iterated_local_search/run_5_worker_12/ils_config_3966743149257049692.prm
[INFO]:[07:54:48] Starting CPLEX solver on instance: /home/yorig/tuner/mpils-tests/instances/miplib/medium-2/supportcase6.mps with config: /scratch/yorig/mpils-results-grid-ticks-10000-7may/medium-2/16proc/seed-5/9_supportcase6_seed-5_20260509_074527/iterated_local_search/run_5_worker_12/ils_config_3966743149257049692.prm
[INFO]:[07:54:56] CPLEX results. Gap: 100.000000, upper bound: 102597.533860, lower bound: 0.000000
[INFO]:[07:54:56] CPLEX solver finished. Gap: 100.000000
[INFO]:[07:54:56] Starting CPLEX solver on instance: /home/yorig/tuner/mpils-tests/instances/miplib/medium-2/supportcase6.mps with config: /scratch/yorig/mpils-results-grid-ticks-10000-7may/medium-2/16proc/seed-5/9_supportcase6_seed-5_20260509_074527/iterated_local_search/run_5_worker_12/ils_config_15233519903170649095.prm
[INFO]:[07:54:56] Starting CPLEX solver on instance: /home/yorig/tuner/mpils-tests/instances/miplib/medium-2/supportcase6.mps with config: /scratch/yorig/mpils-results-grid-ticks-10000-7may/medium-2/16proc/seed-5/9_supportcase6_seed-5_20260509_074527/iterated_local_search/run_5_worker_12/ils_config_15233519903170649095.prm
[INFO]:[07:55:04] CPLEX results. Gap: 100.000000, upper bound: 102597.533860, lower bound: 0.000000
[INFO]:[07:55:04] CPLEX solver finished. Gap: 100.000000
[INFO]:[07:55:04] Starting CPLEX solver on instance: /home/yorig/tuner/mpils-tests/instances/miplib/medium-2/supportcase6.mps with config: /scratch/yorig/mpils-results-grid-ticks-10000-7may/medium-2/16proc/seed-5/9_supportcase6_seed-5_20260509_074527/iterated_local_search/run_5_worker_12/ils_config_2498629347874776065.prm
[INFO]:[07:55:04] Starting CPLEX solver on instance: /home/yorig/tuner/mpils-tests/instances/miplib/medium-2/supportcase6.mps with config: /scratch/yorig/mpils-results-grid-ticks-10000-7may/medium-2/16proc/seed-5/9_supportcase6_seed-5_20260509_074527/iterated_local_search/run_5_worker_12/ils_config_2498629347874776065.prm
[INFO]:[07:55:11] CPLEX results. Gap: 100.000000, upper bound: 102597.533860, lower bound: 0.000000
[INFO]:[07:55:11] CPLEX solver finished. Gap: 100.000000
[INFO]:[07:55:11] Starting CPLEX solver on instance: /home/yorig/tuner/mpils-tests/instances/miplib/medium-2/supportcase6.mps with config: /scratch/yorig/mpils-results-grid-ticks-10000-7may/medium-2/16proc/seed-5/9_supportcase6_seed-5_20260509_074527/iterated_local_search/run_5_worker_12/ils_config_10905361926891882377.prm
[INFO]:[07:55:11] Starting CPLEX solver on instance: /home/yorig/tuner/mpils-tests/instances/miplib/medium-2/supportcase6.mps with config: /scratch/yorig/mpils-results-grid-ticks-10000-7may/medium-2/16proc/seed-5/9_supportcase6_seed-5_20260509_074527/iterated_local_search/run_5_worker_12/ils_config_10905361926891882377.prm
[INFO]:[07:55:18] CPLEX results. Gap: 51.310000, upper bound: 92599.946613, lower bound: 45090.732163
[INFO]:[07:55:18] CPLEX solver finished. Gap: 51.310000
[INFO]:[07:55:18] New incumbent found with objective value: 51.31
[INFO]:[07:55:18] Starting CPLEX solver on instance: /home/yorig/tuner/mpils-tests/instances/miplib/medium-2/supportcase6.mps with config: /scratch/yorig/mpils-results-grid-ticks-10000-7may/medium-2/16proc/seed-5/9_supportcase6_seed-5_20260509_074527/iterated_local_search/run_5_worker_12/ils_config_14793688659380788180.prm
[INFO]:[07:55:18] Starting CPLEX solver on instance: /home/yorig/tuner/mpils-tests/instances/miplib/medium-2/supportcase6.mps with config: /scratch/yorig/mpils-results-grid-ticks-10000-7may/medium-2/16proc/seed-5/9_supportcase6_seed-5_20260509_074527/iterated_local_search/run_5_worker_12/ils_config_14793688659380788180.prm
[INFO]:[07:55:25] CPLEX results. Gap: 51.310000, upper bound: 92599.946613, lower bound: 45090.732163
[INFO]:[07:55:25] CPLEX solver finished. Gap: 51.310000
[INFO]:[07:55:25] Starting CPLEX solver on instance: /home/yorig/tuner/mpils-tests/instances/miplib/medium-2/supportcase6.mps with config: /scratch/yorig/mpils-results-grid-ticks-10000-7may/medium-2/16proc/seed-5/9_supportcase6_seed-5_20260509_074527/iterated_local_search/run_5_worker_12/ils_config_6440450296665722008.prm
[INFO]:[07:55:25] Starting CPLEX solver on instance: /home/yorig/tuner/mpils-tests/instances/miplib/medium-2/supportcase6.mps with config: /scratch/yorig/mpils-results-grid-ticks-10000-7may/medium-2/16proc/seed-5/9_supportcase6_seed-5_20260509_074527/iterated_local_search/run_5_worker_12/ils_config_6440450296665722008.prm
[INFO]:[07:55:32] CPLEX results. Gap: 51.310000, upper bound: 92599.946613, lower bound: 45090.732163
[INFO]:[07:55:32] CPLEX solver finished. Gap: 51.310000
[INFO]:[07:55:32] Starting CPLEX solver on instance: /home/yorig/tuner/mpils-tests/instances/miplib/medium-2/supportcase6.mps with config: /scratch/yorig/mpils-results-grid-ticks-10000-7may/medium-2/16proc/seed-5/9_supportcase6_seed-5_20260509_074527/iterated_local_search/run_5_worker_12/ils_config_1076100123042144065.prm
[INFO]:[07:55:32] Starting CPLEX solver on instance: /home/yorig/tuner/mpils-tests/instances/miplib/medium-2/supportcase6.mps with config: /scratch/yorig/mpils-results-grid-ticks-10000-7may/medium-2/16proc/seed-5/9_supportcase6_seed-5_20260509_074527/iterated_local_search/run_5_worker_12/ils_config_1076100123042144065.prm
[INFO]:[07:55:39] CPLEX results. Gap: 51.310000, upper bound: 92599.946613, lower bound: 45090.732163
[INFO]:[07:55:39] CPLEX solver finished. Gap: 51.310000
[INFO]:[07:55:39] Starting CPLEX solver on instance: /home/yorig/tuner/mpils-tests/instances/miplib/medium-2/supportcase6.mps with config: /scratch/yorig/mpils-results-grid-ticks-10000-7may/medium-2/16proc/seed-5/9_supportcase6_seed-5_20260509_074527/iterated_local_search/run_5_worker_12/ils_config_17811136027630484986.prm
[INFO]:[07:55:39] Starting CPLEX solver on instance: /home/yorig/tuner/mpils-tests/instances/miplib/medium-2/supportcase6.mps with config: /scratch/yorig/mpils-results-grid-ticks-10000-7may/medium-2/16proc/seed-5/9_supportcase6_seed-5_20260509_074527/iterated_local_search/run_5_worker_12/ils_config_17811136027630484986.prm
[INFO]:[07:55:45] CPLEX results. Gap: 51.310000, upper bound: 92599.946613, lower bound: 45090.732163
[INFO]:[07:55:45] CPLEX solver finished. Gap: 51.310000
[INFO]:[07:55:45] Starting CPLEX solver on instance: /home/yorig/tuner/mpils-tests/instances/miplib/medium-2/supportcase6.mps with config: /scratch/yorig/mpils-results-grid-ticks-10000-7may/medium-2/16proc/seed-5/9_supportcase6_seed-5_20260509_074527/iterated_local_search/run_5_worker_12/ils_config_16393759548598419788.prm
[INFO]:[07:55:45] Starting CPLEX solver on instance: /home/yorig/tuner/mpils-tests/instances/miplib/medium-2/supportcase6.mps with config: /scratch/yorig/mpils-results-grid-ticks-10000-7may/medium-2/16proc/seed-5/9_supportcase6_seed-5_20260509_074527/iterated_local_search/run_5_worker_12/ils_config_16393759548598419788.prm
[INFO]:[07:55:52] CPLEX results. Gap: 51.310000, upper bound: 92599.946613, lower bound: 45090.732163
[INFO]:[07:55:52] CPLEX solver finished. Gap: 51.310000
[INFO]:[07:55:52] Starting CPLEX solver on instance: /home/yorig/tuner/mpils-tests/instances/miplib/medium-2/supportcase6.mps with config: /scratch/yorig/mpils-results-grid-ticks-10000-7may/medium-2/16proc/seed-5/9_supportcase6_seed-5_20260509_074527/iterated_local_search/run_5_worker_12/ils_config_2045210810109992921.prm
[INFO]:[07:55:52] Starting CPLEX solver on instance: /home/yorig/tuner/mpils-tests/instances/miplib/medium-2/supportcase6.mps with config: /scratch/yorig/mpils-results-grid-ticks-10000-7may/medium-2/16proc/seed-5/9_supportcase6_seed-5_20260509_074527/iterated_local_search/run_5_worker_12/ils_config_2045210810109992921.prm
[INFO]:[07:55:59] CPLEX results. Gap: 51.310000, upper bound: 92599.946613, lower bound: 45090.732163
[INFO]:[07:55:59] CPLEX solver finished. Gap: 51.310000
[INFO]:[07:55:59] Starting CPLEX solver on instance: /home/yorig/tuner/mpils-tests/instances/miplib/medium-2/supportcase6.mps with config: /scratch/yorig/mpils-results-grid-ticks-10000-7may/medium-2/16proc/seed-5/9_supportcase6_seed-5_20260509_074527/iterated_local_search/run_5_worker_12/ils_config_16328323411193229630.prm
[INFO]:[07:55:59] Starting CPLEX solver on instance: /home/yorig/tuner/mpils-tests/instances/miplib/medium-2/supportcase6.mps with config: /scratch/yorig/mpils-results-grid-ticks-10000-7may/medium-2/16proc/seed-5/9_supportcase6_seed-5_20260509_074527/iterated_local_search/run_5_worker_12/ils_config_16328323411193229630.prm
[INFO]:[07:56:06] CPLEX results. Gap: 51.310000, upper bound: 92599.946613, lower bound: 45090.732163
[INFO]:[07:56:06] CPLEX solver finished. Gap: 51.310000
[INFO]:[07:56:06] Starting CPLEX solver on instance: /home/yorig/tuner/mpils-tests/instances/miplib/medium-2/supportcase6.mps with config: /scratch/yorig/mpils-results-grid-ticks-10000-7may/medium-2/16proc/seed-5/9_supportcase6_seed-5_20260509_074527/iterated_local_search/run_5_worker_12/ils_config_4647717947418223125.prm
[INFO]:[07:56:06] Starting CPLEX solver on instance: /home/yorig/tuner/mpils-tests/instances/miplib/medium-2/supportcase6.mps with config: /scratch/yorig/mpils-results-grid-ticks-10000-7may/medium-2/16proc/seed-5/9_supportcase6_seed-5_20260509_074527/iterated_local_search/run_5_worker_12/ils_config_4647717947418223125.prm
[INFO]:[07:56:12] CPLEX results. Gap: 51.310000, upper bound: 92599.946613, lower bound: 45090.732163
[INFO]:[07:56:12] CPLEX solver finished. Gap: 51.310000
[INFO]:[07:56:12] Starting CPLEX solver on instance: /home/yorig/tuner/mpils-tests/instances/miplib/medium-2/supportcase6.mps with config: /scratch/yorig/mpils-results-grid-ticks-10000-7may/medium-2/16proc/seed-5/9_supportcase6_seed-5_20260509_074527/iterated_local_search/run_5_worker_12/ils_config_11667306044623880005.prm
[INFO]:[07:56:12] Starting CPLEX solver on instance: /home/yorig/tuner/mpils-tests/instances/miplib/medium-2/supportcase6.mps with config: /scratch/yorig/mpils-results-grid-ticks-10000-7may/medium-2/16proc/seed-5/9_supportcase6_seed-5_20260509_074527/iterated_local_search/run_5_worker_12/ils_config_11667306044623880005.prm
[INFO]:[07:56:19] CPLEX results. Gap: 51.310000, upper bound: 92599.946613, lower bound: 45090.732163
[INFO]:[07:56:19] CPLEX solver finished. Gap: 51.310000
[INFO]:[07:56:19] Starting CPLEX solver on instance: /home/yorig/tuner/mpils-tests/instances/miplib/medium-2/supportcase6.mps with config: /scratch/yorig/mpils-results-grid-ticks-10000-7may/medium-2/16proc/seed-5/9_supportcase6_seed-5_20260509_074527/iterated_local_search/run_5_worker_12/ils_config_8627643879835489537.prm
[INFO]:[07:56:19] Starting CPLEX solver on instance: /home/yorig/tuner/mpils-tests/instances/miplib/medium-2/supportcase6.mps with config: /scratch/yorig/mpils-results-grid-ticks-10000-7may/medium-2/16proc/seed-5/9_supportcase6_seed-5_20260509_074527/iterated_local_search/run_5_worker_12/ils_config_8627643879835489537.prm
[INFO]:[07:56:26] CPLEX results. Gap: 51.310000, upper bound: 92599.946613, lower bound: 45090.732163
[INFO]:[07:56:26] CPLEX solver finished. Gap: 51.310000
[INFO]:[07:56:26] Starting CPLEX solver on instance: /home/yorig/tuner/mpils-tests/instances/miplib/medium-2/supportcase6.mps with config: /scratch/yorig/mpils-results-grid-ticks-10000-7may/medium-2/16proc/seed-5/9_supportcase6_seed-5_20260509_074527/iterated_local_search/run_5_worker_12/ils_config_15292276579287272407.prm
[INFO]:[07:56:26] Starting CPLEX solver on instance: /home/yorig/tuner/mpils-tests/instances/miplib/medium-2/supportcase6.mps with config: /scratch/yorig/mpils-results-grid-ticks-10000-7may/medium-2/16proc/seed-5/9_supportcase6_seed-5_20260509_074527/iterated_local_search/run_5_worker_12/ils_config_15292276579287272407.prm
[INFO]:[07:56:32] CPLEX results. Gap: 51.310000, upper bound: 92599.946613, lower bound: 45090.732163
[INFO]:[07:56:32] CPLEX solver finished. Gap: 51.310000
[INFO]:[07:56:32] Starting CPLEX solver on instance: /home/yorig/tuner/mpils-tests/instances/miplib/medium-2/supportcase6.mps with config: /scratch/yorig/mpils-results-grid-ticks-10000-7may/medium-2/16proc/seed-5/9_supportcase6_seed-5_20260509_074527/iterated_local_search/run_5_worker_12/ils_config_7180540756510441608.prm
[INFO]:[07:56:32] Starting CPLEX solver on instance: /home/yorig/tuner/mpils-tests/instances/miplib/medium-2/supportcase6.mps with config: /scratch/yorig/mpils-results-grid-ticks-10000-7may/medium-2/16proc/seed-5/9_supportcase6_seed-5_20260509_074527/iterated_local_search/run_5_worker_12/ils_config_7180540756510441608.prm
[INFO]:[07:56:39] CPLEX results. Gap: 51.310000, upper bound: 92599.946613, lower bound: 45090.732163
[INFO]:[07:56:39] CPLEX solver finished. Gap: 51.310000
[INFO]:[07:56:39] Starting CPLEX solver on instance: /home/yorig/tuner/mpils-tests/instances/miplib/medium-2/supportcase6.mps with config: /scratch/yorig/mpils-results-grid-ticks-10000-7may/medium-2/16proc/seed-5/9_supportcase6_seed-5_20260509_074527/iterated_local_search/run_5_worker_12/ils_config_16443276384661433330.prm
[INFO]:[07:56:39] Starting CPLEX solver on instance: /home/yorig/tuner/mpils-tests/instances/miplib/medium-2/supportcase6.mps with config: /scratch/yorig/mpils-results-grid-ticks-10000-7may/medium-2/16proc/seed-5/9_supportcase6_seed-5_20260509_074527/iterated_local_search/run_5_worker_12/ils_config_16443276384661433330.prm
[INFO]:[07:56:47] CPLEX results. Gap: 100.000000, upper bound: 102597.533860, lower bound: 0.000000
[INFO]:[07:56:47] CPLEX solver finished. Gap: 100.000000
[INFO]:[07:56:47] Starting CPLEX solver on instance: /home/yorig/tuner/mpils-tests/instances/miplib/medium-2/supportcase6.mps with config: /scratch/yorig/mpils-results-grid-ticks-10000-7may/medium-2/16proc/seed-5/9_supportcase6_seed-5_20260509_074527/iterated_local_search/run_5_worker_12/ils_config_714077057233614439.prm
[INFO]:[07:56:47] Starting CPLEX solver on instance: /home/yorig/tuner/mpils-tests/instances/miplib/medium-2/supportcase6.mps with config: /scratch/yorig/mpils-results-grid-ticks-10000-7may/medium-2/16proc/seed-5/9_supportcase6_seed-5_20260509_074527/iterated_local_search/run_5_worker_12/ils_config_714077057233614439.prm
[INFO]:[07:56:53] CPLEX results. Gap: 51.310000, upper bound: 92599.946613, lower bound: 45090.732163
[INFO]:[07:56:53] CPLEX solver finished. Gap: 51.310000
[INFO]:[07:56:53] Local search phase completed.
[INFO]:[07:56:53] Total number of new local-search evaluations: 30
[INFO]:[07:56:53] Final incumbent objective value: 51.31
[INFO]:[07:56:57] Worker 12 completed exploration phase.
[INFO]:[07:56:57] Worker 12 received order for step 2.
[INFO]:[07:56:57] Worker 12 running expansion phase for iteration 5.
[INFO]:[07:56:57] Worker 12 will use solver log file: /scratch/yorig/mpils-results-grid-ticks-10000-7may/medium-2/16proc/seed-5/9_supportcase6_seed-5_20260509_074527/solver/cplex.log_iteration_expansion_5_worker_12
[INFO]:[07:56:57] Expansion Worker 12 starting expansion for iteration 5.
[INFO]:[07:56:57] Starting CPLEX solver on instance: /home/yorig/tuner/mpils-tests/instances/miplib/medium-2/supportcase6.mps with config: /scratch/yorig/mpils-results-grid-ticks-10000-7may/medium-2/16proc/seed-5/9_supportcase6_seed-5_20260509_074527/expansion/config_param_CPXPARAM_LPMethod_3_iter_5.prm
[INFO]:[07:57:04] CPLEX results. Gap: 0.060000, upper bound: 51924.031554, lower bound: 51891.352715
[INFO]:[07:57:04] CPLEX solver finished. Gap: 0.060000
[INFO]:[07:57:04] Starting CPLEX solver on instance: /home/yorig/tuner/mpils-tests/instances/miplib/medium-2/supportcase6.mps with config: /scratch/yorig/mpils-results-grid-ticks-10000-7may/medium-2/16proc/seed-5/9_supportcase6_seed-5_20260509_074527/expansion/config_param_CPXPARAM_Barrier_Algorithm_2_iter_5.prm
[INFO]:[07:57:10] CPLEX results. Gap: 0.160000, upper bound: 51975.058910, lower bound: 51891.352715
[INFO]:[07:57:10] CPLEX solver finished. Gap: 0.160000
[INFO]:[07:57:17] Expansion Worker 12 completed expansion.
[INFO]:[07:57:17] Worker 12 completed expansion phase.
[INFO]:[07:57:18] Worker 12 received order for step 1.
[INFO]:[07:57:18] Worker 12 running exploration phase for iteration 6.
[INFO]:[07:57:18] Worker 12 at iteration 6 will not use a MIP start file. Current best MIP-start upper bound threshold is 1.79769e+308.
[INFO]:[07:57:18] Starting local search phase...
[INFO]:[07:57:18] Creating local search space from parameter space file: /scratch/yorig/mpils-results-grid-ticks-10000-7may/medium-2/16proc/seed-5/9_supportcase6_seed-5_20260509_074527/iterated_local_search/search_space/search_space_file_6_worker_12.txt
[INFO]:[07:57:18] Local search space loaded from file: /scratch/yorig/mpils-results-grid-ticks-10000-7may/medium-2/16proc/seed-5/9_supportcase6_seed-5_20260509_074527/iterated_local_search/search_space/search_space_file_6_worker_12.txt
[INFO]:[07:57:18] Number of parameters in local search space: 71
[INFO]:[07:57:18] Number of forbidden tuples in local search space: 30
[INFO]:[07:57:18] Number of conditionals in local search space: 6
[INFO]:[07:57:18] MIP start option not enabled. Local search will proceed without MIP start.
[INFO]:[07:57:18] Evaluating initial configuration for local search phase...
[INFO]:[07:57:18] Starting CPLEX solver on instance: /home/yorig/tuner/mpils-tests/instances/miplib/medium-2/supportcase6.mps with config: /scratch/yorig/mpils-results-grid-ticks-10000-7may/medium-2/16proc/seed-5/9_supportcase6_seed-5_20260509_074527/iterated_local_search/run_6_worker_12/ils_config_16586048356190895371.prm
[INFO]:[07:57:18] Starting CPLEX solver on instance: /home/yorig/tuner/mpils-tests/instances/miplib/medium-2/supportcase6.mps with config: /scratch/yorig/mpils-results-grid-ticks-10000-7may/medium-2/16proc/seed-5/9_supportcase6_seed-5_20260509_074527/iterated_local_search/run_6_worker_12/ils_config_16586048356190895371.prm
[INFO]:[07:57:22] CPLEX results. Gap: 100.000000, upper bound: 312944.728401, lower bound: 0.000000
[INFO]:[07:57:22] CPLEX solver finished. Gap: 100.000000
[INFO]:[07:57:22] Initial configuration evaluated with objective value: 100
[INFO]:[07:57:23] Starting CPLEX solver on instance: /home/yorig/tuner/mpils-tests/instances/miplib/medium-2/supportcase6.mps with config: /scratch/yorig/mpils-results-grid-ticks-10000-7may/medium-2/16proc/seed-5/9_supportcase6_seed-5_20260509_074527/iterated_local_search/run_6_worker_12/ils_config_5345252299381743106.prm
[INFO]:[07:57:23] Starting CPLEX solver on instance: /home/yorig/tuner/mpils-tests/instances/miplib/medium-2/supportcase6.mps with config: /scratch/yorig/mpils-results-grid-ticks-10000-7may/medium-2/16proc/seed-5/9_supportcase6_seed-5_20260509_074527/iterated_local_search/run_6_worker_12/ils_config_5345252299381743106.prm
[INFO]:[07:57:27] CPLEX results. Gap: 100.000000, upper bound: 312944.728401, lower bound: 0.000000
[INFO]:[07:57:27] CPLEX solver finished. Gap: 100.000000
[INFO]:[07:57:27] Starting CPLEX solver on instance: /home/yorig/tuner/mpils-tests/instances/miplib/medium-2/supportcase6.mps with config: /scratch/yorig/mpils-results-grid-ticks-10000-7may/medium-2/16proc/seed-5/9_supportcase6_seed-5_20260509_074527/iterated_local_search/run_6_worker_12/ils_config_7587056806380190642.prm
[INFO]:[07:57:27] Starting CPLEX solver on instance: /home/yorig/tuner/mpils-tests/instances/miplib/medium-2/supportcase6.mps with config: /scratch/yorig/mpils-results-grid-ticks-10000-7may/medium-2/16proc/seed-5/9_supportcase6_seed-5_20260509_074527/iterated_local_search/run_6_worker_12/ils_config_7587056806380190642.prm
[INFO]:[07:57:35] CPLEX results. Gap: 63.220000, upper bound: 122606.540289, lower bound: 45090.732163
[INFO]:[07:57:35] CPLEX solver finished. Gap: 63.220000
[INFO]:[07:57:35] New incumbent found with objective value: 63.22
[INFO]:[07:57:35] Starting CPLEX solver on instance: /home/yorig/tuner/mpils-tests/instances/miplib/medium-2/supportcase6.mps with config: /scratch/yorig/mpils-results-grid-ticks-10000-7may/medium-2/16proc/seed-5/9_supportcase6_seed-5_20260509_074527/iterated_local_search/run_6_worker_12/ils_config_14190691333289377578.prm
[INFO]:[07:57:35] Starting CPLEX solver on instance: /home/yorig/tuner/mpils-tests/instances/miplib/medium-2/supportcase6.mps with config: /scratch/yorig/mpils-results-grid-ticks-10000-7may/medium-2/16proc/seed-5/9_supportcase6_seed-5_20260509_074527/iterated_local_search/run_6_worker_12/ils_config_14190691333289377578.prm
[INFO]:[07:57:42] CPLEX results. Gap: 63.220000, upper bound: 122606.540289, lower bound: 45090.732163
[INFO]:[07:57:42] CPLEX solver finished. Gap: 63.220000
[INFO]:[07:57:42] Starting CPLEX solver on instance: /home/yorig/tuner/mpils-tests/instances/miplib/medium-2/supportcase6.mps with config: /scratch/yorig/mpils-results-grid-ticks-10000-7may/medium-2/16proc/seed-5/9_supportcase6_seed-5_20260509_074527/iterated_local_search/run_6_worker_12/ils_config_8005786340470830168.prm
[INFO]:[07:57:42] Starting CPLEX solver on instance: /home/yorig/tuner/mpils-tests/instances/miplib/medium-2/supportcase6.mps with config: /scratch/yorig/mpils-results-grid-ticks-10000-7may/medium-2/16proc/seed-5/9_supportcase6_seed-5_20260509_074527/iterated_local_search/run_6_worker_12/ils_config_8005786340470830168.prm
[INFO]:[07:57:49] CPLEX results. Gap: 63.220000, upper bound: 122606.540289, lower bound: 45090.732163
[INFO]:[07:57:49] CPLEX solver finished. Gap: 63.220000
[INFO]:[07:57:49] Starting CPLEX solver on instance: /home/yorig/tuner/mpils-tests/instances/miplib/medium-2/supportcase6.mps with config: /scratch/yorig/mpils-results-grid-ticks-10000-7may/medium-2/16proc/seed-5/9_supportcase6_seed-5_20260509_074527/iterated_local_search/run_6_worker_12/ils_config_6126211382620515966.prm
[INFO]:[07:57:49] Starting CPLEX solver on instance: /home/yorig/tuner/mpils-tests/instances/miplib/medium-2/supportcase6.mps with config: /scratch/yorig/mpils-results-grid-ticks-10000-7may/medium-2/16proc/seed-5/9_supportcase6_seed-5_20260509_074527/iterated_local_search/run_6_worker_12/ils_config_6126211382620515966.prm
[INFO]:[07:57:56] CPLEX results. Gap: 63.220000, upper bound: 122606.540289, lower bound: 45090.732163
[INFO]:[07:57:56] CPLEX solver finished. Gap: 63.220000
[INFO]:[07:57:56] Starting CPLEX solver on instance: /home/yorig/tuner/mpils-tests/instances/miplib/medium-2/supportcase6.mps with config: /scratch/yorig/mpils-results-grid-ticks-10000-7may/medium-2/16proc/seed-5/9_supportcase6_seed-5_20260509_074527/iterated_local_search/run_6_worker_12/ils_config_8692092472272441893.prm
[INFO]:[07:57:56] Starting CPLEX solver on instance: /home/yorig/tuner/mpils-tests/instances/miplib/medium-2/supportcase6.mps with config: /scratch/yorig/mpils-results-grid-ticks-10000-7may/medium-2/16proc/seed-5/9_supportcase6_seed-5_20260509_074527/iterated_local_search/run_6_worker_12/ils_config_8692092472272441893.prm
[INFO]:[07:58:02] CPLEX results. Gap: 65.960000, upper bound: 132476.328301, lower bound: 45090.732163
[INFO]:[07:58:02] CPLEX solver finished. Gap: 65.960000
[INFO]:[07:58:02] Starting CPLEX solver on instance: /home/yorig/tuner/mpils-tests/instances/miplib/medium-2/supportcase6.mps with config: /scratch/yorig/mpils-results-grid-ticks-10000-7may/medium-2/16proc/seed-5/9_supportcase6_seed-5_20260509_074527/iterated_local_search/run_6_worker_12/ils_config_10520751198716903015.prm
[INFO]:[07:58:02] Starting CPLEX solver on instance: /home/yorig/tuner/mpils-tests/instances/miplib/medium-2/supportcase6.mps with config: /scratch/yorig/mpils-results-grid-ticks-10000-7may/medium-2/16proc/seed-5/9_supportcase6_seed-5_20260509_074527/iterated_local_search/run_6_worker_12/ils_config_10520751198716903015.prm
[INFO]:[07:58:06] CPLEX results. Gap: 100.000000, upper bound: 312944.728401, lower bound: 0.000000
[INFO]:[07:58:06] CPLEX solver finished. Gap: 100.000000
[INFO]:[07:58:06] Starting CPLEX solver on instance: /home/yorig/tuner/mpils-tests/instances/miplib/medium-2/supportcase6.mps with config: /scratch/yorig/mpils-results-grid-ticks-10000-7may/medium-2/16proc/seed-5/9_supportcase6_seed-5_20260509_074527/iterated_local_search/run_6_worker_12/ils_config_13086813302860887871.prm
[INFO]:[07:58:06] Starting CPLEX solver on instance: /home/yorig/tuner/mpils-tests/instances/miplib/medium-2/supportcase6.mps with config: /scratch/yorig/mpils-results-grid-ticks-10000-7may/medium-2/16proc/seed-5/9_supportcase6_seed-5_20260509_074527/iterated_local_search/run_6_worker_12/ils_config_13086813302860887871.prm
[INFO]:[07:58:14] CPLEX results. Gap: 63.220000, upper bound: 122606.540289, lower bound: 45090.732163
[INFO]:[07:58:14] CPLEX solver finished. Gap: 63.220000
[INFO]:[07:58:14] Starting CPLEX solver on instance: /home/yorig/tuner/mpils-tests/instances/miplib/medium-2/supportcase6.mps with config: /scratch/yorig/mpils-results-grid-ticks-10000-7may/medium-2/16proc/seed-5/9_supportcase6_seed-5_20260509_074527/iterated_local_search/run_6_worker_12/ils_config_13618860050260422728.prm
[INFO]:[07:58:14] Starting CPLEX solver on instance: /home/yorig/tuner/mpils-tests/instances/miplib/medium-2/supportcase6.mps with config: /scratch/yorig/mpils-results-grid-ticks-10000-7may/medium-2/16proc/seed-5/9_supportcase6_seed-5_20260509_074527/iterated_local_search/run_6_worker_12/ils_config_13618860050260422728.prm
[INFO]:[07:58:21] CPLEX results. Gap: 63.220000, upper bound: 122606.540289, lower bound: 45090.732163
[INFO]:[07:58:21] CPLEX solver finished. Gap: 63.220000
[INFO]:[07:58:21] Starting CPLEX solver on instance: /home/yorig/tuner/mpils-tests/instances/miplib/medium-2/supportcase6.mps with config: /scratch/yorig/mpils-results-grid-ticks-10000-7may/medium-2/16proc/seed-5/9_supportcase6_seed-5_20260509_074527/iterated_local_search/run_6_worker_12/ils_config_7924807381244508413.prm
[INFO]:[07:58:21] Starting CPLEX solver on instance: /home/yorig/tuner/mpils-tests/instances/miplib/medium-2/supportcase6.mps with config: /scratch/yorig/mpils-results-grid-ticks-10000-7may/medium-2/16proc/seed-5/9_supportcase6_seed-5_20260509_074527/iterated_local_search/run_6_worker_12/ils_config_7924807381244508413.prm
[INFO]:[07:58:28] CPLEX results. Gap: 63.220000, upper bound: 122606.540289, lower bound: 45090.732163
[INFO]:[07:58:28] CPLEX solver finished. Gap: 63.220000
[INFO]:[07:58:28] Starting CPLEX solver on instance: /home/yorig/tuner/mpils-tests/instances/miplib/medium-2/supportcase6.mps with config: /scratch/yorig/mpils-results-grid-ticks-10000-7may/medium-2/16proc/seed-5/9_supportcase6_seed-5_20260509_074527/iterated_local_search/run_6_worker_12/ils_config_1578978662569770422.prm
[INFO]:[07:58:28] Starting CPLEX solver on instance: /home/yorig/tuner/mpils-tests/instances/miplib/medium-2/supportcase6.mps with config: /scratch/yorig/mpils-results-grid-ticks-10000-7may/medium-2/16proc/seed-5/9_supportcase6_seed-5_20260509_074527/iterated_local_search/run_6_worker_12/ils_config_1578978662569770422.prm
[INFO]:[07:58:35] CPLEX results. Gap: 63.220000, upper bound: 122606.540289, lower bound: 45090.732163
[INFO]:[07:58:35] CPLEX solver finished. Gap: 63.220000
[INFO]:[07:58:35] Starting CPLEX solver on instance: /home/yorig/tuner/mpils-tests/instances/miplib/medium-2/supportcase6.mps with config: /scratch/yorig/mpils-results-grid-ticks-10000-7may/medium-2/16proc/seed-5/9_supportcase6_seed-5_20260509_074527/iterated_local_search/run_6_worker_12/ils_config_10120709182819440121.prm
[INFO]:[07:58:35] Starting CPLEX solver on instance: /home/yorig/tuner/mpils-tests/instances/miplib/medium-2/supportcase6.mps with config: /scratch/yorig/mpils-results-grid-ticks-10000-7may/medium-2/16proc/seed-5/9_supportcase6_seed-5_20260509_074527/iterated_local_search/run_6_worker_12/ils_config_10120709182819440121.prm
[INFO]:[07:58:42] CPLEX results. Gap: 63.220000, upper bound: 122606.540289, lower bound: 45090.732163
[INFO]:[07:58:42] CPLEX solver finished. Gap: 63.220000
[INFO]:[07:58:42] Starting CPLEX solver on instance: /home/yorig/tuner/mpils-tests/instances/miplib/medium-2/supportcase6.mps with config: /scratch/yorig/mpils-results-grid-ticks-10000-7may/medium-2/16proc/seed-5/9_supportcase6_seed-5_20260509_074527/iterated_local_search/run_6_worker_12/ils_config_11659877337178804544.prm
[INFO]:[07:58:42] Starting CPLEX solver on instance: /home/yorig/tuner/mpils-tests/instances/miplib/medium-2/supportcase6.mps with config: /scratch/yorig/mpils-results-grid-ticks-10000-7may/medium-2/16proc/seed-5/9_supportcase6_seed-5_20260509_074527/iterated_local_search/run_6_worker_12/ils_config_11659877337178804544.prm
[INFO]:[07:58:49] CPLEX results. Gap: 63.220000, upper bound: 122606.540289, lower bound: 45090.732163
[INFO]:[07:58:49] CPLEX solver finished. Gap: 63.220000
[INFO]:[07:58:49] Starting CPLEX solver on instance: /home/yorig/tuner/mpils-tests/instances/miplib/medium-2/supportcase6.mps with config: /scratch/yorig/mpils-results-grid-ticks-10000-7may/medium-2/16proc/seed-5/9_supportcase6_seed-5_20260509_074527/iterated_local_search/run_6_worker_12/ils_config_9351908954086562136.prm
[INFO]:[07:58:49] Starting CPLEX solver on instance: /home/yorig/tuner/mpils-tests/instances/miplib/medium-2/supportcase6.mps with config: /scratch/yorig/mpils-results-grid-ticks-10000-7may/medium-2/16proc/seed-5/9_supportcase6_seed-5_20260509_074527/iterated_local_search/run_6_worker_12/ils_config_9351908954086562136.prm
[INFO]:[07:58:56] CPLEX results. Gap: 63.220000, upper bound: 122606.540289, lower bound: 45090.732163
[INFO]:[07:58:56] CPLEX solver finished. Gap: 63.220000
[INFO]:[07:58:56] Starting CPLEX solver on instance: /home/yorig/tuner/mpils-tests/instances/miplib/medium-2/supportcase6.mps with config: /scratch/yorig/mpils-results-grid-ticks-10000-7may/medium-2/16proc/seed-5/9_supportcase6_seed-5_20260509_074527/iterated_local_search/run_6_worker_12/ils_config_9840836094759474161.prm
[INFO]:[07:58:56] Starting CPLEX solver on instance: /home/yorig/tuner/mpils-tests/instances/miplib/medium-2/supportcase6.mps with config: /scratch/yorig/mpils-results-grid-ticks-10000-7may/medium-2/16proc/seed-5/9_supportcase6_seed-5_20260509_074527/iterated_local_search/run_6_worker_12/ils_config_9840836094759474161.prm
[INFO]:[07:59:03] CPLEX results. Gap: 63.220000, upper bound: 122606.540289, lower bound: 45090.732163
[INFO]:[07:59:03] CPLEX solver finished. Gap: 63.220000
[INFO]:[07:59:03] Starting CPLEX solver on instance: /home/yorig/tuner/mpils-tests/instances/miplib/medium-2/supportcase6.mps with config: /scratch/yorig/mpils-results-grid-ticks-10000-7may/medium-2/16proc/seed-5/9_supportcase6_seed-5_20260509_074527/iterated_local_search/run_6_worker_12/ils_config_1911497174692150810.prm
[INFO]:[07:59:03] Starting CPLEX solver on instance: /home/yorig/tuner/mpils-tests/instances/miplib/medium-2/supportcase6.mps with config: /scratch/yorig/mpils-results-grid-ticks-10000-7may/medium-2/16proc/seed-5/9_supportcase6_seed-5_20260509_074527/iterated_local_search/run_6_worker_12/ils_config_1911497174692150810.prm
[INFO]:[07:59:10] CPLEX results. Gap: 63.220000, upper bound: 122606.540289, lower bound: 45090.732163
[INFO]:[07:59:10] CPLEX solver finished. Gap: 63.220000
[INFO]:[07:59:10] Starting CPLEX solver on instance: /home/yorig/tuner/mpils-tests/instances/miplib/medium-2/supportcase6.mps with config: /scratch/yorig/mpils-results-grid-ticks-10000-7may/medium-2/16proc/seed-5/9_supportcase6_seed-5_20260509_074527/iterated_local_search/run_6_worker_12/ils_config_9114357302494460065.prm
[INFO]:[07:59:10] Starting CPLEX solver on instance: /home/yorig/tuner/mpils-tests/instances/miplib/medium-2/supportcase6.mps with config: /scratch/yorig/mpils-results-grid-ticks-10000-7may/medium-2/16proc/seed-5/9_supportcase6_seed-5_20260509_074527/iterated_local_search/run_6_worker_12/ils_config_9114357302494460065.prm
[INFO]:[07:59:17] CPLEX results. Gap: 63.220000, upper bound: 122606.540289, lower bound: 45090.732163
[INFO]:[07:59:17] CPLEX solver finished. Gap: 63.220000
[INFO]:[07:59:17] Local search phase completed.
[INFO]:[07:59:17] Total number of new local-search evaluations: 18
[INFO]:[07:59:17] Final incumbent objective value: 63.22
[INFO]:[08:02:15] Worker 12 completed exploration phase.
[INFO]:[08:02:15] Worker 12 received order for step 2.
[INFO]:[08:02:15] Worker 12 running expansion phase for iteration 6.
[INFO]:[08:02:15] Worker 12 will use solver log file: /scratch/yorig/mpils-results-grid-ticks-10000-7may/medium-2/16proc/seed-5/9_supportcase6_seed-5_20260509_074527/solver/cplex.log_iteration_expansion_6_worker_12
[INFO]:[08:02:15] Expansion Worker 12 starting expansion for iteration 6.
[INFO]:[08:02:21] Expansion Worker 12 completed expansion.
[INFO]:[08:02:21] Worker 12 completed expansion phase.
[INFO]:[08:02:22] Worker 12 received order for step 1.
[INFO]:[08:02:22] Worker 12 running exploration phase for iteration 7.
[INFO]:[08:02:22] Worker 12 at iteration 7 will not use a MIP start file. Current best MIP-start upper bound threshold is 1.79769e+308.
[INFO]:[08:02:22] Starting local search phase...
[INFO]:[08:02:22] Creating local search space from parameter space file: /scratch/yorig/mpils-results-grid-ticks-10000-7may/medium-2/16proc/seed-5/9_supportcase6_seed-5_20260509_074527/iterated_local_search/search_space/search_space_file_7_worker_12.txt
[INFO]:[08:02:22] Local search space loaded from file: /scratch/yorig/mpils-results-grid-ticks-10000-7may/medium-2/16proc/seed-5/9_supportcase6_seed-5_20260509_074527/iterated_local_search/search_space/search_space_file_7_worker_12.txt
[INFO]:[08:02:22] Number of parameters in local search space: 71
[INFO]:[08:02:22] Number of forbidden tuples in local search space: 28
[INFO]:[08:02:22] Number of conditionals in local search space: 6
[INFO]:[08:02:22] MIP start option not enabled. Local search will proceed without MIP start.
[INFO]:[08:02:22] Evaluating initial configuration for local search phase...
[INFO]:[08:02:22] Starting CPLEX solver on instance: /home/yorig/tuner/mpils-tests/instances/miplib/medium-2/supportcase6.mps with config: /scratch/yorig/mpils-results-grid-ticks-10000-7may/medium-2/16proc/seed-5/9_supportcase6_seed-5_20260509_074527/iterated_local_search/run_7_worker_12/ils_config_15135111710883774669.prm
[INFO]:[08:02:22] Starting CPLEX solver on instance: /home/yorig/tuner/mpils-tests/instances/miplib/medium-2/supportcase6.mps with config: /scratch/yorig/mpils-results-grid-ticks-10000-7may/medium-2/16proc/seed-5/9_supportcase6_seed-5_20260509_074527/iterated_local_search/run_7_worker_12/ils_config_15135111710883774669.prm
[INFO]:[08:02:27] CPLEX results. Gap: 100.000000, upper bound: 312944.728401, lower bound: 0.000000
[INFO]:[08:02:27] CPLEX solver finished. Gap: 100.000000
[INFO]:[08:02:27] Initial configuration evaluated with objective value: 100
[INFO]:[08:02:27] Starting CPLEX solver on instance: /home/yorig/tuner/mpils-tests/instances/miplib/medium-2/supportcase6.mps with config: /scratch/yorig/mpils-results-grid-ticks-10000-7may/medium-2/16proc/seed-5/9_supportcase6_seed-5_20260509_074527/iterated_local_search/run_7_worker_12/ils_config_8989083601347352600.prm
[INFO]:[08:02:27] Starting CPLEX solver on instance: /home/yorig/tuner/mpils-tests/instances/miplib/medium-2/supportcase6.mps with config: /scratch/yorig/mpils-results-grid-ticks-10000-7may/medium-2/16proc/seed-5/9_supportcase6_seed-5_20260509_074527/iterated_local_search/run_7_worker_12/ils_config_8989083601347352600.prm
[INFO]:[08:02:33] CPLEX results. Gap: 85.590000, upper bound: 312944.728401, lower bound: 45090.732163
[INFO]:[08:02:33] CPLEX solver finished. Gap: 85.590000
[INFO]:[08:02:33] New incumbent found with objective value: 85.59
[INFO]:[08:02:33] Starting CPLEX solver on instance: /home/yorig/tuner/mpils-tests/instances/miplib/medium-2/supportcase6.mps with config: /scratch/yorig/mpils-results-grid-ticks-10000-7may/medium-2/16proc/seed-5/9_supportcase6_seed-5_20260509_074527/iterated_local_search/run_7_worker_12/ils_config_15934352070792285704.prm
[INFO]:[08:02:33] Starting CPLEX solver on instance: /home/yorig/tuner/mpils-tests/instances/miplib/medium-2/supportcase6.mps with config: /scratch/yorig/mpils-results-grid-ticks-10000-7may/medium-2/16proc/seed-5/9_supportcase6_seed-5_20260509_074527/iterated_local_search/run_7_worker_12/ils_config_15934352070792285704.prm
[INFO]:[08:02:39] CPLEX results. Gap: 85.590000, upper bound: 312944.728401, lower bound: 45090.732163
[INFO]:[08:02:39] CPLEX solver finished. Gap: 85.590000
[INFO]:[08:02:39] Starting CPLEX solver on instance: /home/yorig/tuner/mpils-tests/instances/miplib/medium-2/supportcase6.mps with config: /scratch/yorig/mpils-results-grid-ticks-10000-7may/medium-2/16proc/seed-5/9_supportcase6_seed-5_20260509_074527/iterated_local_search/run_7_worker_12/ils_config_5079790807481557396.prm
[INFO]:[08:02:39] Starting CPLEX solver on instance: /home/yorig/tuner/mpils-tests/instances/miplib/medium-2/supportcase6.mps with config: /scratch/yorig/mpils-results-grid-ticks-10000-7may/medium-2/16proc/seed-5/9_supportcase6_seed-5_20260509_074527/iterated_local_search/run_7_worker_12/ils_config_5079790807481557396.prm
[INFO]:[08:02:46] CPLEX results. Gap: 85.590000, upper bound: 312944.728401, lower bound: 45090.732163
[INFO]:[08:02:46] CPLEX solver finished. Gap: 85.590000
[INFO]:[08:02:46] Starting CPLEX solver on instance: /home/yorig/tuner/mpils-tests/instances/miplib/medium-2/supportcase6.mps with config: /scratch/yorig/mpils-results-grid-ticks-10000-7may/medium-2/16proc/seed-5/9_supportcase6_seed-5_20260509_074527/iterated_local_search/run_7_worker_12/ils_config_5499240560333954179.prm
[INFO]:[08:02:46] Starting CPLEX solver on instance: /home/yorig/tuner/mpils-tests/instances/miplib/medium-2/supportcase6.mps with config: /scratch/yorig/mpils-results-grid-ticks-10000-7may/medium-2/16proc/seed-5/9_supportcase6_seed-5_20260509_074527/iterated_local_search/run_7_worker_12/ils_config_5499240560333954179.prm
[INFO]:[08:02:54] CPLEX results. Gap: 100.000000, upper bound: 312944.728401, lower bound: 0.000000
[INFO]:[08:02:54] CPLEX solver finished. Gap: 100.000000
[INFO]:[08:02:54] Starting CPLEX solver on instance: /home/yorig/tuner/mpils-tests/instances/miplib/medium-2/supportcase6.mps with config: /scratch/yorig/mpils-results-grid-ticks-10000-7may/medium-2/16proc/seed-5/9_supportcase6_seed-5_20260509_074527/iterated_local_search/run_7_worker_12/ils_config_16441362475349665330.prm
[INFO]:[08:02:54] Starting CPLEX solver on instance: /home/yorig/tuner/mpils-tests/instances/miplib/medium-2/supportcase6.mps with config: /scratch/yorig/mpils-results-grid-ticks-10000-7may/medium-2/16proc/seed-5/9_supportcase6_seed-5_20260509_074527/iterated_local_search/run_7_worker_12/ils_config_16441362475349665330.prm
[INFO]:[08:03:00] CPLEX results. Gap: 85.590000, upper bound: 312944.728401, lower bound: 45090.732163
[INFO]:[08:03:00] CPLEX solver finished. Gap: 85.590000
[INFO]:[08:03:00] Received global ILS stop signal from rank 10.
[INFO]:[08:03:00] Local search phase completed.
[INFO]:[08:03:00] Total number of new local-search evaluations: 6
[INFO]:[08:03:00] Final incumbent objective value: 85.59
[INFO]:[08:03:01] Worker 12 completed exploration phase.
[INFO]:[08:03:01] Worker 12 received order for step 3.
[INFO]:[08:03:01] Worker 12 finished.
