[INFO]:[20:10:23] Worker 14 starting.
[INFO]:[20:10:23] Worker 14 received order for step 1.
[INFO]:[20:10:23] Worker 14 running exploration phase for iteration 1.
[INFO]:[20:10:23] Worker 14 at iteration 1 will not use a MIP start file. Current best MIP-start upper bound threshold is 1.79769e+308.
[INFO]:[20:10:23] Starting local search phase...
[INFO]:[20:10:23] Creating local search space from parameter space file: /scratch/yorig/mpils-results-grid-seconds-5-4may/easy/16proc/seed-1/6_neos-4413714-turia_seed-1_20260504_201022/iterated_local_search/search_space/search_space_file_1_worker_14.txt
[INFO]:[20:10:23] Local search space loaded from file: /scratch/yorig/mpils-results-grid-seconds-5-4may/easy/16proc/seed-1/6_neos-4413714-turia_seed-1_20260504_201022/iterated_local_search/search_space/search_space_file_1_worker_14.txt
[INFO]:[20:10:23] Number of parameters in local search space: 71
[INFO]:[20:10:23] Number of forbidden tuples in local search space: 0
[INFO]:[20:10:23] Number of conditionals in local search space: 6
[INFO]:[20:10:23] MIP start option not enabled. Local search will proceed without MIP start.
[INFO]:[20:10:23] Evaluating initial configuration for local search phase...
[INFO]:[20:10:23] Starting CPLEX solver on instance: /home/yorig/tuner/mpils-tests/instances/miplib/easy/neos-4413714-turia.mps with config: /scratch/yorig/mpils-results-grid-seconds-5-4may/easy/16proc/seed-1/6_neos-4413714-turia_seed-1_20260504_201022/iterated_local_search/run_1_worker_14/ils_config_15017979950085684316.prm
[INFO]:[20:10:23] Starting CPLEX solver on instance: /home/yorig/tuner/mpils-tests/instances/miplib/easy/neos-4413714-turia.mps with config: /scratch/yorig/mpils-results-grid-seconds-5-4may/easy/16proc/seed-1/6_neos-4413714-turia_seed-1_20260504_201022/iterated_local_search/run_1_worker_14/ils_config_15017979950085684316.prm
[INFO]:[20:10:29] CPLEX results. Gap: 91.300000, upper bound: 499.635492, lower bound: 43.474651
[INFO]:[20:10:29] CPLEX solver finished. Gap: 91.300000
[INFO]:[20:10:29] Initial configuration evaluated with objective value: 91.3
[INFO]:[20:10:29] Starting CPLEX solver on instance: /home/yorig/tuner/mpils-tests/instances/miplib/easy/neos-4413714-turia.mps with config: /scratch/yorig/mpils-results-grid-seconds-5-4may/easy/16proc/seed-1/6_neos-4413714-turia_seed-1_20260504_201022/iterated_local_search/run_1_worker_14/ils_config_11201684604971936986.prm
[INFO]:[20:10:29] Starting CPLEX solver on instance: /home/yorig/tuner/mpils-tests/instances/miplib/easy/neos-4413714-turia.mps with config: /scratch/yorig/mpils-results-grid-seconds-5-4may/easy/16proc/seed-1/6_neos-4413714-turia_seed-1_20260504_201022/iterated_local_search/run_1_worker_14/ils_config_11201684604971936986.prm
[INFO]:[20:10:34] CPLEX results. Gap: 91.300000, upper bound: 499.635492, lower bound: 43.474651
[INFO]:[20:10:34] CPLEX solver finished. Gap: 91.300000
[INFO]:[20:10:34] Starting CPLEX solver on instance: /home/yorig/tuner/mpils-tests/instances/miplib/easy/neos-4413714-turia.mps with config: /scratch/yorig/mpils-results-grid-seconds-5-4may/easy/16proc/seed-1/6_neos-4413714-turia_seed-1_20260504_201022/iterated_local_search/run_1_worker_14/ils_config_16461239301418216505.prm
[INFO]:[20:10:34] Starting CPLEX solver on instance: /home/yorig/tuner/mpils-tests/instances/miplib/easy/neos-4413714-turia.mps with config: /scratch/yorig/mpils-results-grid-seconds-5-4may/easy/16proc/seed-1/6_neos-4413714-turia_seed-1_20260504_201022/iterated_local_search/run_1_worker_14/ils_config_16461239301418216505.prm
[INFO]:[20:10:39] CPLEX results. Gap: 91.300000, upper bound: 499.635492, lower bound: 43.474651
[INFO]:[20:10:39] CPLEX solver finished. Gap: 91.300000
[INFO]:[20:10:39] Starting CPLEX solver on instance: /home/yorig/tuner/mpils-tests/instances/miplib/easy/neos-4413714-turia.mps with config: /scratch/yorig/mpils-results-grid-seconds-5-4may/easy/16proc/seed-1/6_neos-4413714-turia_seed-1_20260504_201022/iterated_local_search/run_1_worker_14/ils_config_9474143855648973532.prm
[INFO]:[20:10:39] Starting CPLEX solver on instance: /home/yorig/tuner/mpils-tests/instances/miplib/easy/neos-4413714-turia.mps with config: /scratch/yorig/mpils-results-grid-seconds-5-4may/easy/16proc/seed-1/6_neos-4413714-turia_seed-1_20260504_201022/iterated_local_search/run_1_worker_14/ils_config_9474143855648973532.prm
[INFO]:[20:10:45] CPLEX results. Gap: 91.300000, upper bound: 499.635492, lower bound: 43.474651
[INFO]:[20:10:45] CPLEX solver finished. Gap: 91.300000
[INFO]:[20:10:45] Starting CPLEX solver on instance: /home/yorig/tuner/mpils-tests/instances/miplib/easy/neos-4413714-turia.mps with config: /scratch/yorig/mpils-results-grid-seconds-5-4may/easy/16proc/seed-1/6_neos-4413714-turia_seed-1_20260504_201022/iterated_local_search/run_1_worker_14/ils_config_1606458436549456388.prm
[INFO]:[20:10:45] Starting CPLEX solver on instance: /home/yorig/tuner/mpils-tests/instances/miplib/easy/neos-4413714-turia.mps with config: /scratch/yorig/mpils-results-grid-seconds-5-4may/easy/16proc/seed-1/6_neos-4413714-turia_seed-1_20260504_201022/iterated_local_search/run_1_worker_14/ils_config_1606458436549456388.prm
[INFO]:[20:10:50] CPLEX results. Gap: 91.300000, upper bound: 499.635492, lower bound: 43.474651
[INFO]:[20:10:50] CPLEX solver finished. Gap: 91.300000
[INFO]:[20:10:50] Starting CPLEX solver on instance: /home/yorig/tuner/mpils-tests/instances/miplib/easy/neos-4413714-turia.mps with config: /scratch/yorig/mpils-results-grid-seconds-5-4may/easy/16proc/seed-1/6_neos-4413714-turia_seed-1_20260504_201022/iterated_local_search/run_1_worker_14/ils_config_10073853328850973530.prm
[INFO]:[20:10:50] Starting CPLEX solver on instance: /home/yorig/tuner/mpils-tests/instances/miplib/easy/neos-4413714-turia.mps with config: /scratch/yorig/mpils-results-grid-seconds-5-4may/easy/16proc/seed-1/6_neos-4413714-turia_seed-1_20260504_201022/iterated_local_search/run_1_worker_14/ils_config_10073853328850973530.prm
[INFO]:[20:10:55] CPLEX results. Gap: 91.300000, upper bound: 499.635492, lower bound: 43.474651
[INFO]:[20:10:55] CPLEX solver finished. Gap: 91.300000
[INFO]:[20:10:55] Starting CPLEX solver on instance: /home/yorig/tuner/mpils-tests/instances/miplib/easy/neos-4413714-turia.mps with config: /scratch/yorig/mpils-results-grid-seconds-5-4may/easy/16proc/seed-1/6_neos-4413714-turia_seed-1_20260504_201022/iterated_local_search/run_1_worker_14/ils_config_2037325894307531570.prm
[INFO]:[20:10:55] Starting CPLEX solver on instance: /home/yorig/tuner/mpils-tests/instances/miplib/easy/neos-4413714-turia.mps with config: /scratch/yorig/mpils-results-grid-seconds-5-4may/easy/16proc/seed-1/6_neos-4413714-turia_seed-1_20260504_201022/iterated_local_search/run_1_worker_14/ils_config_2037325894307531570.prm
[INFO]:[20:11:01] CPLEX results. Gap: 91.300000, upper bound: 499.635492, lower bound: 43.474651
[INFO]:[20:11:01] CPLEX solver finished. Gap: 91.300000
[INFO]:[20:11:01] Starting CPLEX solver on instance: /home/yorig/tuner/mpils-tests/instances/miplib/easy/neos-4413714-turia.mps with config: /scratch/yorig/mpils-results-grid-seconds-5-4may/easy/16proc/seed-1/6_neos-4413714-turia_seed-1_20260504_201022/iterated_local_search/run_1_worker_14/ils_config_16688726314074818452.prm
[INFO]:[20:11:01] Starting CPLEX solver on instance: /home/yorig/tuner/mpils-tests/instances/miplib/easy/neos-4413714-turia.mps with config: /scratch/yorig/mpils-results-grid-seconds-5-4may/easy/16proc/seed-1/6_neos-4413714-turia_seed-1_20260504_201022/iterated_local_search/run_1_worker_14/ils_config_16688726314074818452.prm
[INFO]:[20:11:06] CPLEX results. Gap: 91.300000, upper bound: 499.635492, lower bound: 43.474651
[INFO]:[20:11:06] CPLEX solver finished. Gap: 91.300000
[INFO]:[20:11:06] Starting CPLEX solver on instance: /home/yorig/tuner/mpils-tests/instances/miplib/easy/neos-4413714-turia.mps with config: /scratch/yorig/mpils-results-grid-seconds-5-4may/easy/16proc/seed-1/6_neos-4413714-turia_seed-1_20260504_201022/iterated_local_search/run_1_worker_14/ils_config_10903242957150083746.prm
[INFO]:[20:11:06] Starting CPLEX solver on instance: /home/yorig/tuner/mpils-tests/instances/miplib/easy/neos-4413714-turia.mps with config: /scratch/yorig/mpils-results-grid-seconds-5-4may/easy/16proc/seed-1/6_neos-4413714-turia_seed-1_20260504_201022/iterated_local_search/run_1_worker_14/ils_config_10903242957150083746.prm
[INFO]:[20:11:11] CPLEX results. Gap: 91.300000, upper bound: 499.635492, lower bound: 43.474651
[INFO]:[20:11:11] CPLEX solver finished. Gap: 91.300000
[INFO]:[20:11:11] Starting CPLEX solver on instance: /home/yorig/tuner/mpils-tests/instances/miplib/easy/neos-4413714-turia.mps with config: /scratch/yorig/mpils-results-grid-seconds-5-4may/easy/16proc/seed-1/6_neos-4413714-turia_seed-1_20260504_201022/iterated_local_search/run_1_worker_14/ils_config_12920361184165532308.prm
[INFO]:[20:11:11] Starting CPLEX solver on instance: /home/yorig/tuner/mpils-tests/instances/miplib/easy/neos-4413714-turia.mps with config: /scratch/yorig/mpils-results-grid-seconds-5-4may/easy/16proc/seed-1/6_neos-4413714-turia_seed-1_20260504_201022/iterated_local_search/run_1_worker_14/ils_config_12920361184165532308.prm
[INFO]:[20:11:17] CPLEX results. Gap: 91.300000, upper bound: 499.635492, lower bound: 43.474651
[INFO]:[20:11:17] CPLEX solver finished. Gap: 91.300000
[INFO]:[20:11:17] Starting CPLEX solver on instance: /home/yorig/tuner/mpils-tests/instances/miplib/easy/neos-4413714-turia.mps with config: /scratch/yorig/mpils-results-grid-seconds-5-4may/easy/16proc/seed-1/6_neos-4413714-turia_seed-1_20260504_201022/iterated_local_search/run_1_worker_14/ils_config_17160114631399827549.prm
[INFO]:[20:11:17] Starting CPLEX solver on instance: /home/yorig/tuner/mpils-tests/instances/miplib/easy/neos-4413714-turia.mps with config: /scratch/yorig/mpils-results-grid-seconds-5-4may/easy/16proc/seed-1/6_neos-4413714-turia_seed-1_20260504_201022/iterated_local_search/run_1_worker_14/ils_config_17160114631399827549.prm
[INFO]:[20:11:22] CPLEX results. Gap: 91.300000, upper bound: 499.635492, lower bound: 43.474651
[INFO]:[20:11:22] CPLEX solver finished. Gap: 91.300000
[INFO]:[20:11:22] Starting CPLEX solver on instance: /home/yorig/tuner/mpils-tests/instances/miplib/easy/neos-4413714-turia.mps with config: /scratch/yorig/mpils-results-grid-seconds-5-4may/easy/16proc/seed-1/6_neos-4413714-turia_seed-1_20260504_201022/iterated_local_search/run_1_worker_14/ils_config_13827057388225395598.prm
[INFO]:[20:11:22] Starting CPLEX solver on instance: /home/yorig/tuner/mpils-tests/instances/miplib/easy/neos-4413714-turia.mps with config: /scratch/yorig/mpils-results-grid-seconds-5-4may/easy/16proc/seed-1/6_neos-4413714-turia_seed-1_20260504_201022/iterated_local_search/run_1_worker_14/ils_config_13827057388225395598.prm
[INFO]:[20:11:27] CPLEX results. Gap: 91.300000, upper bound: 499.635492, lower bound: 43.474651
[INFO]:[20:11:27] CPLEX solver finished. Gap: 91.300000
[INFO]:[20:11:27] Starting CPLEX solver on instance: /home/yorig/tuner/mpils-tests/instances/miplib/easy/neos-4413714-turia.mps with config: /scratch/yorig/mpils-results-grid-seconds-5-4may/easy/16proc/seed-1/6_neos-4413714-turia_seed-1_20260504_201022/iterated_local_search/run_1_worker_14/ils_config_14430823573280405018.prm
[INFO]:[20:11:27] Starting CPLEX solver on instance: /home/yorig/tuner/mpils-tests/instances/miplib/easy/neos-4413714-turia.mps with config: /scratch/yorig/mpils-results-grid-seconds-5-4may/easy/16proc/seed-1/6_neos-4413714-turia_seed-1_20260504_201022/iterated_local_search/run_1_worker_14/ils_config_14430823573280405018.prm
[INFO]:[20:11:33] CPLEX results. Gap: 91.300000, upper bound: 499.635492, lower bound: 43.474651
[INFO]:[20:11:33] CPLEX solver finished. Gap: 91.300000
[INFO]:[20:11:33] Starting CPLEX solver on instance: /home/yorig/tuner/mpils-tests/instances/miplib/easy/neos-4413714-turia.mps with config: /scratch/yorig/mpils-results-grid-seconds-5-4may/easy/16proc/seed-1/6_neos-4413714-turia_seed-1_20260504_201022/iterated_local_search/run_1_worker_14/ils_config_1798775733369391453.prm
[INFO]:[20:11:33] Starting CPLEX solver on instance: /home/yorig/tuner/mpils-tests/instances/miplib/easy/neos-4413714-turia.mps with config: /scratch/yorig/mpils-results-grid-seconds-5-4may/easy/16proc/seed-1/6_neos-4413714-turia_seed-1_20260504_201022/iterated_local_search/run_1_worker_14/ils_config_1798775733369391453.prm
[INFO]:[20:11:38] CPLEX results. Gap: 91.300000, upper bound: 499.635492, lower bound: 43.474651
[INFO]:[20:11:38] CPLEX solver finished. Gap: 91.300000
[INFO]:[20:11:38] Starting CPLEX solver on instance: /home/yorig/tuner/mpils-tests/instances/miplib/easy/neos-4413714-turia.mps with config: /scratch/yorig/mpils-results-grid-seconds-5-4may/easy/16proc/seed-1/6_neos-4413714-turia_seed-1_20260504_201022/iterated_local_search/run_1_worker_14/ils_config_14828082451139535679.prm
[INFO]:[20:11:38] Starting CPLEX solver on instance: /home/yorig/tuner/mpils-tests/instances/miplib/easy/neos-4413714-turia.mps with config: /scratch/yorig/mpils-results-grid-seconds-5-4may/easy/16proc/seed-1/6_neos-4413714-turia_seed-1_20260504_201022/iterated_local_search/run_1_worker_14/ils_config_14828082451139535679.prm
[INFO]:[20:11:43] CPLEX results. Gap: 91.300000, upper bound: 499.635492, lower bound: 43.474651
[INFO]:[20:11:43] CPLEX solver finished. Gap: 91.300000
[INFO]:[20:11:43] Starting CPLEX solver on instance: /home/yorig/tuner/mpils-tests/instances/miplib/easy/neos-4413714-turia.mps with config: /scratch/yorig/mpils-results-grid-seconds-5-4may/easy/16proc/seed-1/6_neos-4413714-turia_seed-1_20260504_201022/iterated_local_search/run_1_worker_14/ils_config_14819404020974276614.prm
[INFO]:[20:11:43] Starting CPLEX solver on instance: /home/yorig/tuner/mpils-tests/instances/miplib/easy/neos-4413714-turia.mps with config: /scratch/yorig/mpils-results-grid-seconds-5-4may/easy/16proc/seed-1/6_neos-4413714-turia_seed-1_20260504_201022/iterated_local_search/run_1_worker_14/ils_config_14819404020974276614.prm
[INFO]:[20:11:49] CPLEX results. Gap: 91.300000, upper bound: 499.635492, lower bound: 43.474651
[INFO]:[20:11:49] CPLEX solver finished. Gap: 91.300000
[INFO]:[20:11:49] Starting CPLEX solver on instance: /home/yorig/tuner/mpils-tests/instances/miplib/easy/neos-4413714-turia.mps with config: /scratch/yorig/mpils-results-grid-seconds-5-4may/easy/16proc/seed-1/6_neos-4413714-turia_seed-1_20260504_201022/iterated_local_search/run_1_worker_14/ils_config_1226655445029838774.prm
[INFO]:[20:11:49] Starting CPLEX solver on instance: /home/yorig/tuner/mpils-tests/instances/miplib/easy/neos-4413714-turia.mps with config: /scratch/yorig/mpils-results-grid-seconds-5-4may/easy/16proc/seed-1/6_neos-4413714-turia_seed-1_20260504_201022/iterated_local_search/run_1_worker_14/ils_config_1226655445029838774.prm
[INFO]:[20:11:54] CPLEX results. Gap: 91.300000, upper bound: 499.635492, lower bound: 43.474651
[INFO]:[20:11:54] CPLEX solver finished. Gap: 91.300000
[INFO]:[20:11:54] Starting CPLEX solver on instance: /home/yorig/tuner/mpils-tests/instances/miplib/easy/neos-4413714-turia.mps with config: /scratch/yorig/mpils-results-grid-seconds-5-4may/easy/16proc/seed-1/6_neos-4413714-turia_seed-1_20260504_201022/iterated_local_search/run_1_worker_14/ils_config_8085783883243297337.prm
[INFO]:[20:11:54] Starting CPLEX solver on instance: /home/yorig/tuner/mpils-tests/instances/miplib/easy/neos-4413714-turia.mps with config: /scratch/yorig/mpils-results-grid-seconds-5-4may/easy/16proc/seed-1/6_neos-4413714-turia_seed-1_20260504_201022/iterated_local_search/run_1_worker_14/ils_config_8085783883243297337.prm
[INFO]:[20:11:59] CPLEX results. Gap: 91.300000, upper bound: 499.635492, lower bound: 43.474651
[INFO]:[20:11:59] CPLEX solver finished. Gap: 91.300000
[INFO]:[20:11:59] Starting CPLEX solver on instance: /home/yorig/tuner/mpils-tests/instances/miplib/easy/neos-4413714-turia.mps with config: /scratch/yorig/mpils-results-grid-seconds-5-4may/easy/16proc/seed-1/6_neos-4413714-turia_seed-1_20260504_201022/iterated_local_search/run_1_worker_14/ils_config_3865117225402003688.prm
[INFO]:[20:11:59] Starting CPLEX solver on instance: /home/yorig/tuner/mpils-tests/instances/miplib/easy/neos-4413714-turia.mps with config: /scratch/yorig/mpils-results-grid-seconds-5-4may/easy/16proc/seed-1/6_neos-4413714-turia_seed-1_20260504_201022/iterated_local_search/run_1_worker_14/ils_config_3865117225402003688.prm
[INFO]:[20:12:05] CPLEX results. Gap: 91.300000, upper bound: 499.635492, lower bound: 43.474651
[INFO]:[20:12:05] CPLEX solver finished. Gap: 91.300000
[INFO]:[20:12:05] Starting CPLEX solver on instance: /home/yorig/tuner/mpils-tests/instances/miplib/easy/neos-4413714-turia.mps with config: /scratch/yorig/mpils-results-grid-seconds-5-4may/easy/16proc/seed-1/6_neos-4413714-turia_seed-1_20260504_201022/iterated_local_search/run_1_worker_14/ils_config_1555324467601043806.prm
[INFO]:[20:12:05] Starting CPLEX solver on instance: /home/yorig/tuner/mpils-tests/instances/miplib/easy/neos-4413714-turia.mps with config: /scratch/yorig/mpils-results-grid-seconds-5-4may/easy/16proc/seed-1/6_neos-4413714-turia_seed-1_20260504_201022/iterated_local_search/run_1_worker_14/ils_config_1555324467601043806.prm
[INFO]:[20:12:10] CPLEX results. Gap: 91.300000, upper bound: 499.635492, lower bound: 43.474651
[INFO]:[20:12:10] CPLEX solver finished. Gap: 91.300000
[INFO]:[20:12:10] Local search phase completed.
[INFO]:[20:12:10] Total number of new local-search evaluations: 20
[INFO]:[20:12:10] Final incumbent objective value: 91.3
[INFO]:[20:12:13] Worker 14 completed exploration phase.
[INFO]:[20:12:13] Worker 14 received order for step 2.
[INFO]:[20:12:13] Worker 14 running expansion phase for iteration 1.
[INFO]:[20:12:13] Worker 14 will use solver log file: /scratch/yorig/mpils-results-grid-seconds-5-4may/easy/16proc/seed-1/6_neos-4413714-turia_seed-1_20260504_201022/solver/cplex.log_iteration_expansion_1_worker_14
[INFO]:[20:12:13] Expansion Worker 14 starting expansion for iteration 1.
[INFO]:[20:12:13] Starting CPLEX solver on instance: /home/yorig/tuner/mpils-tests/instances/miplib/easy/neos-4413714-turia.mps with config: /scratch/yorig/mpils-results-grid-seconds-5-4may/easy/16proc/seed-1/6_neos-4413714-turia_seed-1_20260504_201022/expansion/config_param_CPXPARAM_MIP_Strategy_NodeSelect_2_iter_1.prm
[INFO]:[20:12:18] CPLEX results. Gap: 21.570000, upper bound: 55.430127, lower bound: 43.474651
[INFO]:[20:12:18] CPLEX solver finished. Gap: 21.570000
[INFO]:[20:12:19] Starting CPLEX solver on instance: /home/yorig/tuner/mpils-tests/instances/miplib/easy/neos-4413714-turia.mps with config: /scratch/yorig/mpils-results-grid-seconds-5-4may/easy/16proc/seed-1/6_neos-4413714-turia_seed-1_20260504_201022/expansion/config_param_CPXPARAM_MIP_Limits_ProbeTime_240_iter_1.prm
[INFO]:[20:12:24] CPLEX results. Gap: 100.000000, upper bound: 499.635492, lower bound: 0.000000
[INFO]:[20:12:24] CPLEX solver finished. Gap: 100.000000
[INFO]:[20:12:24] Starting CPLEX solver on instance: /home/yorig/tuner/mpils-tests/instances/miplib/easy/neos-4413714-turia.mps with config: /scratch/yorig/mpils-results-grid-seconds-5-4may/easy/16proc/seed-1/6_neos-4413714-turia_seed-1_20260504_201022/expansion/config_param_CPXPARAM_MIP_Strategy_BBInterval_30_iter_1.prm
[INFO]:[20:12:30] CPLEX results. Gap: 21.570000, upper bound: 55.430127, lower bound: 43.474651
[INFO]:[20:12:30] CPLEX solver finished. Gap: 21.570000
[INFO]:[20:12:35] Expansion Worker 14 completed expansion.
[INFO]:[20:12:35] Worker 14 completed expansion phase.
[INFO]:[20:12:35] Worker 14 received order for step 1.
[INFO]:[20:12:35] Worker 14 running exploration phase for iteration 2.
[INFO]:[20:12:35] Worker 14 at iteration 2 will not use a MIP start file. Current best MIP-start upper bound threshold is 1.79769e+308.
[INFO]:[20:12:35] Starting local search phase...
[INFO]:[20:12:35] Creating local search space from parameter space file: /scratch/yorig/mpils-results-grid-seconds-5-4may/easy/16proc/seed-1/6_neos-4413714-turia_seed-1_20260504_201022/iterated_local_search/search_space/search_space_file_2_worker_14.txt
[INFO]:[20:12:35] Local search space loaded from file: /scratch/yorig/mpils-results-grid-seconds-5-4may/easy/16proc/seed-1/6_neos-4413714-turia_seed-1_20260504_201022/iterated_local_search/search_space/search_space_file_2_worker_14.txt
[INFO]:[20:12:35] Number of parameters in local search space: 71
[INFO]:[20:12:35] Number of forbidden tuples in local search space: 6
[INFO]:[20:12:35] Number of conditionals in local search space: 6
[INFO]:[20:12:35] MIP start option not enabled. Local search will proceed without MIP start.
[INFO]:[20:12:35] Evaluating initial configuration for local search phase...
[INFO]:[20:12:35] Starting CPLEX solver on instance: /home/yorig/tuner/mpils-tests/instances/miplib/easy/neos-4413714-turia.mps with config: /scratch/yorig/mpils-results-grid-seconds-5-4may/easy/16proc/seed-1/6_neos-4413714-turia_seed-1_20260504_201022/iterated_local_search/run_2_worker_14/ils_config_15511582331450836117.prm
[INFO]:[20:12:35] Starting CPLEX solver on instance: /home/yorig/tuner/mpils-tests/instances/miplib/easy/neos-4413714-turia.mps with config: /scratch/yorig/mpils-results-grid-seconds-5-4may/easy/16proc/seed-1/6_neos-4413714-turia_seed-1_20260504_201022/iterated_local_search/run_2_worker_14/ils_config_15511582331450836117.prm
[INFO]:[20:12:40] CPLEX results. Gap: 200145909570371309568081746937112459935377757408968701181671799629996359680.000000, upper bound: 499.635492, lower bound: -999999999999999926539781176481198923508803215199467887262646419780362305536.000000
[INFO]:[20:12:40] CPLEX solver finished. Gap: 200145909570371309568081746937112459935377757408968701181671799629996359680.000000
[INFO]:[20:12:40] Initial configuration evaluated with objective value: 2.00146e+74
[INFO]:[20:12:40] Starting CPLEX solver on instance: /home/yorig/tuner/mpils-tests/instances/miplib/easy/neos-4413714-turia.mps with config: /scratch/yorig/mpils-results-grid-seconds-5-4may/easy/16proc/seed-1/6_neos-4413714-turia_seed-1_20260504_201022/iterated_local_search/run_2_worker_14/ils_config_4319340609465265601.prm
[INFO]:[20:12:40] Starting CPLEX solver on instance: /home/yorig/tuner/mpils-tests/instances/miplib/easy/neos-4413714-turia.mps with config: /scratch/yorig/mpils-results-grid-seconds-5-4may/easy/16proc/seed-1/6_neos-4413714-turia_seed-1_20260504_201022/iterated_local_search/run_2_worker_14/ils_config_4319340609465265601.prm
[INFO]:[20:12:46] CPLEX results. Gap: 200145909570371309568081746937112459935377757408968701181671799629996359680.000000, upper bound: 499.635492, lower bound: -999999999999999926539781176481198923508803215199467887262646419780362305536.000000
[INFO]:[20:12:46] CPLEX solver finished. Gap: 200145909570371309568081746937112459935377757408968701181671799629996359680.000000
[INFO]:[20:12:46] Starting CPLEX solver on instance: /home/yorig/tuner/mpils-tests/instances/miplib/easy/neos-4413714-turia.mps with config: /scratch/yorig/mpils-results-grid-seconds-5-4may/easy/16proc/seed-1/6_neos-4413714-turia_seed-1_20260504_201022/iterated_local_search/run_2_worker_14/ils_config_17398467257825584909.prm
[INFO]:[20:12:46] Starting CPLEX solver on instance: /home/yorig/tuner/mpils-tests/instances/miplib/easy/neos-4413714-turia.mps with config: /scratch/yorig/mpils-results-grid-seconds-5-4may/easy/16proc/seed-1/6_neos-4413714-turia_seed-1_20260504_201022/iterated_local_search/run_2_worker_14/ils_config_17398467257825584909.prm
[INFO]:[20:12:51] CPLEX results. Gap: 200145909570371309568081746937112459935377757408968701181671799629996359680.000000, upper bound: 499.635492, lower bound: -999999999999999926539781176481198923508803215199467887262646419780362305536.000000
[INFO]:[20:12:51] CPLEX solver finished. Gap: 200145909570371309568081746937112459935377757408968701181671799629996359680.000000
[INFO]:[20:12:51] Starting CPLEX solver on instance: /home/yorig/tuner/mpils-tests/instances/miplib/easy/neos-4413714-turia.mps with config: /scratch/yorig/mpils-results-grid-seconds-5-4may/easy/16proc/seed-1/6_neos-4413714-turia_seed-1_20260504_201022/iterated_local_search/run_2_worker_14/ils_config_14521537850505123194.prm
[INFO]:[20:12:51] Starting CPLEX solver on instance: /home/yorig/tuner/mpils-tests/instances/miplib/easy/neos-4413714-turia.mps with config: /scratch/yorig/mpils-results-grid-seconds-5-4may/easy/16proc/seed-1/6_neos-4413714-turia_seed-1_20260504_201022/iterated_local_search/run_2_worker_14/ils_config_14521537850505123194.prm
[INFO]:[20:12:57] CPLEX results. Gap: 200145909570371309568081746937112459935377757408968701181671799629996359680.000000, upper bound: 499.635492, lower bound: -999999999999999926539781176481198923508803215199467887262646419780362305536.000000
[INFO]:[20:12:57] CPLEX solver finished. Gap: 200145909570371309568081746937112459935377757408968701181671799629996359680.000000
[INFO]:[20:12:57] Starting CPLEX solver on instance: /home/yorig/tuner/mpils-tests/instances/miplib/easy/neos-4413714-turia.mps with config: /scratch/yorig/mpils-results-grid-seconds-5-4may/easy/16proc/seed-1/6_neos-4413714-turia_seed-1_20260504_201022/iterated_local_search/run_2_worker_14/ils_config_14678187971559062885.prm
[INFO]:[20:12:57] Starting CPLEX solver on instance: /home/yorig/tuner/mpils-tests/instances/miplib/easy/neos-4413714-turia.mps with config: /scratch/yorig/mpils-results-grid-seconds-5-4may/easy/16proc/seed-1/6_neos-4413714-turia_seed-1_20260504_201022/iterated_local_search/run_2_worker_14/ils_config_14678187971559062885.prm
[INFO]:[20:13:02] CPLEX results. Gap: 200145909570371309568081746937112459935377757408968701181671799629996359680.000000, upper bound: 499.635492, lower bound: -999999999999999926539781176481198923508803215199467887262646419780362305536.000000
[INFO]:[20:13:02] CPLEX solver finished. Gap: 200145909570371309568081746937112459935377757408968701181671799629996359680.000000
[INFO]:[20:13:02] Local search phase completed.
[INFO]:[20:13:02] Total number of new local-search evaluations: 5
[INFO]:[20:13:02] Final incumbent objective value: 2.00146e+74
[INFO]:[20:13:04] Worker 14 completed exploration phase.
[INFO]:[20:13:04] Worker 14 received order for step 2.
[INFO]:[20:13:04] Worker 14 running expansion phase for iteration 2.
[INFO]:[20:13:04] Worker 14 will use solver log file: /scratch/yorig/mpils-results-grid-seconds-5-4may/easy/16proc/seed-1/6_neos-4413714-turia_seed-1_20260504_201022/solver/cplex.log_iteration_expansion_2_worker_14
[INFO]:[20:13:04] Expansion Worker 14 starting expansion for iteration 2.
[INFO]:[20:13:04] Starting CPLEX solver on instance: /home/yorig/tuner/mpils-tests/instances/miplib/easy/neos-4413714-turia.mps with config: /scratch/yorig/mpils-results-grid-seconds-5-4may/easy/16proc/seed-1/6_neos-4413714-turia_seed-1_20260504_201022/expansion/config_param_CPXPARAM_MIP_Strategy_LBHeur_1_iter_2.prm
[INFO]:[20:13:09] CPLEX results. Gap: 21.570000, upper bound: 55.430127, lower bound: 43.474651
[INFO]:[20:13:09] CPLEX solver finished. Gap: 21.570000
[INFO]:[20:13:10] Starting CPLEX solver on instance: /home/yorig/tuner/mpils-tests/instances/miplib/easy/neos-4413714-turia.mps with config: /scratch/yorig/mpils-results-grid-seconds-5-4may/easy/16proc/seed-1/6_neos-4413714-turia_seed-1_20260504_201022/expansion/config_param_CPXPARAM_MIP_Strategy_SubAlgorithm_4_iter_2.prm
[INFO]:[20:13:15] CPLEX results. Gap: 21.570000, upper bound: 55.430127, lower bound: 43.474651
[INFO]:[20:13:15] CPLEX solver finished. Gap: 21.570000
[INFO]:[20:13:21] Expansion Worker 14 completed expansion.
[INFO]:[20:13:21] Worker 14 completed expansion phase.
[INFO]:[20:13:21] Worker 14 received order for step 1.
[INFO]:[20:13:21] Worker 14 running exploration phase for iteration 3.
[INFO]:[20:13:21] Worker 14 at iteration 3 will not use a MIP start file. Current best MIP-start upper bound threshold is 1.79769e+308.
[INFO]:[20:13:21] Starting local search phase...
[INFO]:[20:13:21] Creating local search space from parameter space file: /scratch/yorig/mpils-results-grid-seconds-5-4may/easy/16proc/seed-1/6_neos-4413714-turia_seed-1_20260504_201022/iterated_local_search/search_space/search_space_file_3_worker_14.txt
[INFO]:[20:13:21] Local search space loaded from file: /scratch/yorig/mpils-results-grid-seconds-5-4may/easy/16proc/seed-1/6_neos-4413714-turia_seed-1_20260504_201022/iterated_local_search/search_space/search_space_file_3_worker_14.txt
[INFO]:[20:13:21] Number of parameters in local search space: 71
[INFO]:[20:13:21] Number of forbidden tuples in local search space: 6
[INFO]:[20:13:21] Number of conditionals in local search space: 6
[INFO]:[20:13:21] MIP start option not enabled. Local search will proceed without MIP start.
[INFO]:[20:13:21] Evaluating initial configuration for local search phase...
[INFO]:[20:13:21] Starting CPLEX solver on instance: /home/yorig/tuner/mpils-tests/instances/miplib/easy/neos-4413714-turia.mps with config: /scratch/yorig/mpils-results-grid-seconds-5-4may/easy/16proc/seed-1/6_neos-4413714-turia_seed-1_20260504_201022/iterated_local_search/run_3_worker_14/ils_config_9256725748297782274.prm
[INFO]:[20:13:21] Starting CPLEX solver on instance: /home/yorig/tuner/mpils-tests/instances/miplib/easy/neos-4413714-turia.mps with config: /scratch/yorig/mpils-results-grid-seconds-5-4may/easy/16proc/seed-1/6_neos-4413714-turia_seed-1_20260504_201022/iterated_local_search/run_3_worker_14/ils_config_9256725748297782274.prm
[INFO]:[20:13:26] CPLEX results. Gap: 200145909570371309568081746937112459935377757408968701181671799629996359680.000000, upper bound: 499.635492, lower bound: -999999999999999926539781176481198923508803215199467887262646419780362305536.000000
[INFO]:[20:13:26] CPLEX solver finished. Gap: 200145909570371309568081746937112459935377757408968701181671799629996359680.000000
[INFO]:[20:13:26] Initial configuration evaluated with objective value: 2.00146e+74
[INFO]:[20:13:26] Starting CPLEX solver on instance: /home/yorig/tuner/mpils-tests/instances/miplib/easy/neos-4413714-turia.mps with config: /scratch/yorig/mpils-results-grid-seconds-5-4may/easy/16proc/seed-1/6_neos-4413714-turia_seed-1_20260504_201022/iterated_local_search/run_3_worker_14/ils_config_2587293770591175518.prm
[INFO]:[20:13:26] Starting CPLEX solver on instance: /home/yorig/tuner/mpils-tests/instances/miplib/easy/neos-4413714-turia.mps with config: /scratch/yorig/mpils-results-grid-seconds-5-4may/easy/16proc/seed-1/6_neos-4413714-turia_seed-1_20260504_201022/iterated_local_search/run_3_worker_14/ils_config_2587293770591175518.prm
[INFO]:[20:13:31] CPLEX results. Gap: 200145909570371309568081746937112459935377757408968701181671799629996359680.000000, upper bound: 499.635492, lower bound: -999999999999999926539781176481198923508803215199467887262646419780362305536.000000
[INFO]:[20:13:31] CPLEX solver finished. Gap: 200145909570371309568081746937112459935377757408968701181671799629996359680.000000
[INFO]:[20:13:31] Starting CPLEX solver on instance: /home/yorig/tuner/mpils-tests/instances/miplib/easy/neos-4413714-turia.mps with config: /scratch/yorig/mpils-results-grid-seconds-5-4may/easy/16proc/seed-1/6_neos-4413714-turia_seed-1_20260504_201022/iterated_local_search/run_3_worker_14/ils_config_1868452886569487753.prm
[INFO]:[20:13:31] Starting CPLEX solver on instance: /home/yorig/tuner/mpils-tests/instances/miplib/easy/neos-4413714-turia.mps with config: /scratch/yorig/mpils-results-grid-seconds-5-4may/easy/16proc/seed-1/6_neos-4413714-turia_seed-1_20260504_201022/iterated_local_search/run_3_worker_14/ils_config_1868452886569487753.prm
[INFO]:[20:13:37] CPLEX results. Gap: 200145909570371309568081746937112459935377757408968701181671799629996359680.000000, upper bound: 499.635492, lower bound: -999999999999999926539781176481198923508803215199467887262646419780362305536.000000
[INFO]:[20:13:37] CPLEX solver finished. Gap: 200145909570371309568081746937112459935377757408968701181671799629996359680.000000
[INFO]:[20:13:37] Starting CPLEX solver on instance: /home/yorig/tuner/mpils-tests/instances/miplib/easy/neos-4413714-turia.mps with config: /scratch/yorig/mpils-results-grid-seconds-5-4may/easy/16proc/seed-1/6_neos-4413714-turia_seed-1_20260504_201022/iterated_local_search/run_3_worker_14/ils_config_17949740355403181790.prm
[INFO]:[20:13:37] Starting CPLEX solver on instance: /home/yorig/tuner/mpils-tests/instances/miplib/easy/neos-4413714-turia.mps with config: /scratch/yorig/mpils-results-grid-seconds-5-4may/easy/16proc/seed-1/6_neos-4413714-turia_seed-1_20260504_201022/iterated_local_search/run_3_worker_14/ils_config_17949740355403181790.prm
[INFO]:[20:13:42] CPLEX results. Gap: 200145909570371309568081746937112459935377757408968701181671799629996359680.000000, upper bound: 499.635492, lower bound: -999999999999999926539781176481198923508803215199467887262646419780362305536.000000
[INFO]:[20:13:42] CPLEX solver finished. Gap: 200145909570371309568081746937112459935377757408968701181671799629996359680.000000
[INFO]:[20:13:42] Starting CPLEX solver on instance: /home/yorig/tuner/mpils-tests/instances/miplib/easy/neos-4413714-turia.mps with config: /scratch/yorig/mpils-results-grid-seconds-5-4may/easy/16proc/seed-1/6_neos-4413714-turia_seed-1_20260504_201022/iterated_local_search/run_3_worker_14/ils_config_13439043757190229438.prm
[INFO]:[20:13:42] Starting CPLEX solver on instance: /home/yorig/tuner/mpils-tests/instances/miplib/easy/neos-4413714-turia.mps with config: /scratch/yorig/mpils-results-grid-seconds-5-4may/easy/16proc/seed-1/6_neos-4413714-turia_seed-1_20260504_201022/iterated_local_search/run_3_worker_14/ils_config_13439043757190229438.prm
[INFO]:[20:13:48] CPLEX results. Gap: 200145909570371309568081746937112459935377757408968701181671799629996359680.000000, upper bound: 499.635492, lower bound: -999999999999999926539781176481198923508803215199467887262646419780362305536.000000
[INFO]:[20:13:48] CPLEX solver finished. Gap: 200145909570371309568081746937112459935377757408968701181671799629996359680.000000
[INFO]:[20:13:48] Local search phase completed.
[INFO]:[20:13:48] Total number of new local-search evaluations: 5
[INFO]:[20:13:48] Final incumbent objective value: 2.00146e+74
[INFO]:[20:13:49] Worker 14 completed exploration phase.
[INFO]:[20:13:49] Worker 14 received order for step 2.
[INFO]:[20:13:49] Worker 14 running expansion phase for iteration 3.
[INFO]:[20:13:49] Worker 14 will use solver log file: /scratch/yorig/mpils-results-grid-seconds-5-4may/easy/16proc/seed-1/6_neos-4413714-turia_seed-1_20260504_201022/solver/cplex.log_iteration_expansion_3_worker_14
[INFO]:[20:13:49] Expansion Worker 14 starting expansion for iteration 3.
[INFO]:[20:13:49] Starting CPLEX solver on instance: /home/yorig/tuner/mpils-tests/instances/miplib/easy/neos-4413714-turia.mps with config: /scratch/yorig/mpils-results-grid-seconds-5-4may/easy/16proc/seed-1/6_neos-4413714-turia_seed-1_20260504_201022/expansion/config_param_CPXPARAM_Preprocessing_Fill_20_iter_3.prm
[INFO]:[20:13:55] CPLEX results. Gap: 21.570000, upper bound: 55.430127, lower bound: 43.474651
[INFO]:[20:13:55] CPLEX solver finished. Gap: 21.570000
[INFO]:[20:13:55] Starting CPLEX solver on instance: /home/yorig/tuner/mpils-tests/instances/miplib/easy/neos-4413714-turia.mps with config: /scratch/yorig/mpils-results-grid-seconds-5-4may/easy/16proc/seed-1/6_neos-4413714-turia_seed-1_20260504_201022/expansion/config_param_CPXPARAM_Simplex_Crash_-1_iter_3.prm
[INFO]:[20:14:00] CPLEX results. Gap: 21.570000, upper bound: 55.430127, lower bound: 43.474651
[INFO]:[20:14:00] CPLEX solver finished. Gap: 21.570000
[INFO]:[20:14:00] Expansion Worker 14 completed expansion.
[INFO]:[20:14:00] Worker 14 completed expansion phase.
[INFO]:[20:14:00] Worker 14 received order for step 1.
[INFO]:[20:14:00] Worker 14 running exploration phase for iteration 4.
[INFO]:[20:14:00] Worker 14 at iteration 4 will not use a MIP start file. Current best MIP-start upper bound threshold is 1.79769e+308.
[INFO]:[20:14:00] Starting local search phase...
[INFO]:[20:14:00] Creating local search space from parameter space file: /scratch/yorig/mpils-results-grid-seconds-5-4may/easy/16proc/seed-1/6_neos-4413714-turia_seed-1_20260504_201022/iterated_local_search/search_space/search_space_file_4_worker_14.txt
[INFO]:[20:14:00] Local search space loaded from file: /scratch/yorig/mpils-results-grid-seconds-5-4may/easy/16proc/seed-1/6_neos-4413714-turia_seed-1_20260504_201022/iterated_local_search/search_space/search_space_file_4_worker_14.txt
[INFO]:[20:14:00] Number of parameters in local search space: 71
[INFO]:[20:14:00] Number of forbidden tuples in local search space: 29
[INFO]:[20:14:00] Number of conditionals in local search space: 6
[INFO]:[20:14:00] MIP start option not enabled. Local search will proceed without MIP start.
[INFO]:[20:14:00] Evaluating initial configuration for local search phase...
[INFO]:[20:14:00] Starting CPLEX solver on instance: /home/yorig/tuner/mpils-tests/instances/miplib/easy/neos-4413714-turia.mps with config: /scratch/yorig/mpils-results-grid-seconds-5-4may/easy/16proc/seed-1/6_neos-4413714-turia_seed-1_20260504_201022/iterated_local_search/run_4_worker_14/ils_config_5861871661472892884.prm
[INFO]:[20:14:00] Starting CPLEX solver on instance: /home/yorig/tuner/mpils-tests/instances/miplib/easy/neos-4413714-turia.mps with config: /scratch/yorig/mpils-results-grid-seconds-5-4may/easy/16proc/seed-1/6_neos-4413714-turia_seed-1_20260504_201022/iterated_local_search/run_4_worker_14/ils_config_5861871661472892884.prm
[INFO]:[20:14:06] CPLEX results. Gap: 69.180000, upper bound: 141.060838, lower bound: 43.474651
[INFO]:[20:14:06] CPLEX solver finished. Gap: 69.180000
[INFO]:[20:14:06] Initial configuration evaluated with objective value: 69.18
[INFO]:[20:14:06] Starting CPLEX solver on instance: /home/yorig/tuner/mpils-tests/instances/miplib/easy/neos-4413714-turia.mps with config: /scratch/yorig/mpils-results-grid-seconds-5-4may/easy/16proc/seed-1/6_neos-4413714-turia_seed-1_20260504_201022/iterated_local_search/run_4_worker_14/ils_config_13741921220729089152.prm
[INFO]:[20:14:06] Starting CPLEX solver on instance: /home/yorig/tuner/mpils-tests/instances/miplib/easy/neos-4413714-turia.mps with config: /scratch/yorig/mpils-results-grid-seconds-5-4may/easy/16proc/seed-1/6_neos-4413714-turia_seed-1_20260504_201022/iterated_local_search/run_4_worker_14/ils_config_13741921220729089152.prm
[INFO]:[20:14:11] CPLEX results. Gap: 69.180000, upper bound: 141.060838, lower bound: 43.474651
[INFO]:[20:14:11] CPLEX solver finished. Gap: 69.180000
[INFO]:[20:14:11] Starting CPLEX solver on instance: /home/yorig/tuner/mpils-tests/instances/miplib/easy/neos-4413714-turia.mps with config: /scratch/yorig/mpils-results-grid-seconds-5-4may/easy/16proc/seed-1/6_neos-4413714-turia_seed-1_20260504_201022/iterated_local_search/run_4_worker_14/ils_config_2905482789758028430.prm
[INFO]:[20:14:11] Starting CPLEX solver on instance: /home/yorig/tuner/mpils-tests/instances/miplib/easy/neos-4413714-turia.mps with config: /scratch/yorig/mpils-results-grid-seconds-5-4may/easy/16proc/seed-1/6_neos-4413714-turia_seed-1_20260504_201022/iterated_local_search/run_4_worker_14/ils_config_2905482789758028430.prm
[INFO]:[20:14:16] CPLEX results. Gap: 69.180000, upper bound: 141.060838, lower bound: 43.474651
[INFO]:[20:14:16] CPLEX solver finished. Gap: 69.180000
[INFO]:[20:14:16] Starting CPLEX solver on instance: /home/yorig/tuner/mpils-tests/instances/miplib/easy/neos-4413714-turia.mps with config: /scratch/yorig/mpils-results-grid-seconds-5-4may/easy/16proc/seed-1/6_neos-4413714-turia_seed-1_20260504_201022/iterated_local_search/run_4_worker_14/ils_config_16753436049498930751.prm
[INFO]:[20:14:16] Starting CPLEX solver on instance: /home/yorig/tuner/mpils-tests/instances/miplib/easy/neos-4413714-turia.mps with config: /scratch/yorig/mpils-results-grid-seconds-5-4may/easy/16proc/seed-1/6_neos-4413714-turia_seed-1_20260504_201022/iterated_local_search/run_4_worker_14/ils_config_16753436049498930751.prm
[INFO]:[20:14:22] CPLEX results. Gap: 69.180000, upper bound: 141.060838, lower bound: 43.474651
[INFO]:[20:14:22] CPLEX solver finished. Gap: 69.180000
[INFO]:[20:14:22] Starting CPLEX solver on instance: /home/yorig/tuner/mpils-tests/instances/miplib/easy/neos-4413714-turia.mps with config: /scratch/yorig/mpils-results-grid-seconds-5-4may/easy/16proc/seed-1/6_neos-4413714-turia_seed-1_20260504_201022/iterated_local_search/run_4_worker_14/ils_config_4417950738098289794.prm
[INFO]:[20:14:22] Starting CPLEX solver on instance: /home/yorig/tuner/mpils-tests/instances/miplib/easy/neos-4413714-turia.mps with config: /scratch/yorig/mpils-results-grid-seconds-5-4may/easy/16proc/seed-1/6_neos-4413714-turia_seed-1_20260504_201022/iterated_local_search/run_4_worker_14/ils_config_4417950738098289794.prm
[INFO]:[20:14:27] CPLEX results. Gap: 69.180000, upper bound: 141.060838, lower bound: 43.474651
[INFO]:[20:14:27] CPLEX solver finished. Gap: 69.180000
[INFO]:[20:14:27] Starting CPLEX solver on instance: /home/yorig/tuner/mpils-tests/instances/miplib/easy/neos-4413714-turia.mps with config: /scratch/yorig/mpils-results-grid-seconds-5-4may/easy/16proc/seed-1/6_neos-4413714-turia_seed-1_20260504_201022/iterated_local_search/run_4_worker_14/ils_config_902446854787293133.prm
[INFO]:[20:14:27] Starting CPLEX solver on instance: /home/yorig/tuner/mpils-tests/instances/miplib/easy/neos-4413714-turia.mps with config: /scratch/yorig/mpils-results-grid-seconds-5-4may/easy/16proc/seed-1/6_neos-4413714-turia_seed-1_20260504_201022/iterated_local_search/run_4_worker_14/ils_config_902446854787293133.prm
[INFO]:[20:14:32] CPLEX results. Gap: 69.180000, upper bound: 141.060838, lower bound: 43.474651
[INFO]:[20:14:32] CPLEX solver finished. Gap: 69.180000
[INFO]:[20:14:32] Starting CPLEX solver on instance: /home/yorig/tuner/mpils-tests/instances/miplib/easy/neos-4413714-turia.mps with config: /scratch/yorig/mpils-results-grid-seconds-5-4may/easy/16proc/seed-1/6_neos-4413714-turia_seed-1_20260504_201022/iterated_local_search/run_4_worker_14/ils_config_12604544392663678713.prm
[INFO]:[20:14:32] Starting CPLEX solver on instance: /home/yorig/tuner/mpils-tests/instances/miplib/easy/neos-4413714-turia.mps with config: /scratch/yorig/mpils-results-grid-seconds-5-4may/easy/16proc/seed-1/6_neos-4413714-turia_seed-1_20260504_201022/iterated_local_search/run_4_worker_14/ils_config_12604544392663678713.prm
[INFO]:[20:14:37] CPLEX results. Gap: 69.180000, upper bound: 141.060838, lower bound: 43.474651
[INFO]:[20:14:37] CPLEX solver finished. Gap: 69.180000
[INFO]:[20:14:37] Local search phase completed.
[INFO]:[20:14:37] Total number of new local-search evaluations: 7
[INFO]:[20:14:37] Final incumbent objective value: 69.18
[INFO]:[20:14:40] Worker 14 completed exploration phase.
[INFO]:[20:14:41] Worker 14 received order for step 2.
[INFO]:[20:14:41] Worker 14 running expansion phase for iteration 4.
[INFO]:[20:14:41] Worker 14 will use solver log file: /scratch/yorig/mpils-results-grid-seconds-5-4may/easy/16proc/seed-1/6_neos-4413714-turia_seed-1_20260504_201022/solver/cplex.log_iteration_expansion_4_worker_14
[INFO]:[20:14:41] Expansion Worker 14 starting expansion for iteration 4.
[INFO]:[20:14:41] Starting CPLEX solver on instance: /home/yorig/tuner/mpils-tests/instances/miplib/easy/neos-4413714-turia.mps with config: /scratch/yorig/mpils-results-grid-seconds-5-4may/easy/16proc/seed-1/6_neos-4413714-turia_seed-1_20260504_201022/expansion/config_param_CPXPARAM_Network_NetFind_3_iter_4.prm
[INFO]:[20:14:46] CPLEX results. Gap: 21.570000, upper bound: 55.430127, lower bound: 43.474651
[INFO]:[20:14:46] CPLEX solver finished. Gap: 21.570000
[INFO]:[20:14:51] Expansion Worker 14 completed expansion.
[INFO]:[20:14:51] Worker 14 completed expansion phase.
[INFO]:[20:14:52] Worker 14 received order for step 1.
[INFO]:[20:14:52] Worker 14 running exploration phase for iteration 5.
[INFO]:[20:14:52] Worker 14 at iteration 5 will not use a MIP start file. Current best MIP-start upper bound threshold is 1.79769e+308.
[INFO]:[20:14:52] Starting local search phase...
[INFO]:[20:14:52] Creating local search space from parameter space file: /scratch/yorig/mpils-results-grid-seconds-5-4may/easy/16proc/seed-1/6_neos-4413714-turia_seed-1_20260504_201022/iterated_local_search/search_space/search_space_file_5_worker_14.txt
[INFO]:[20:14:52] Local search space loaded from file: /scratch/yorig/mpils-results-grid-seconds-5-4may/easy/16proc/seed-1/6_neos-4413714-turia_seed-1_20260504_201022/iterated_local_search/search_space/search_space_file_5_worker_14.txt
[INFO]:[20:14:52] Number of parameters in local search space: 71
[INFO]:[20:14:52] Number of forbidden tuples in local search space: 50
[INFO]:[20:14:52] Number of conditionals in local search space: 6
[INFO]:[20:14:52] MIP start option not enabled. Local search will proceed without MIP start.
[INFO]:[20:14:52] Evaluating initial configuration for local search phase...
[INFO]:[20:14:52] Starting CPLEX solver on instance: /home/yorig/tuner/mpils-tests/instances/miplib/easy/neos-4413714-turia.mps with config: /scratch/yorig/mpils-results-grid-seconds-5-4may/easy/16proc/seed-1/6_neos-4413714-turia_seed-1_20260504_201022/iterated_local_search/run_5_worker_14/ils_config_11046943203489326551.prm
[INFO]:[20:14:52] Starting CPLEX solver on instance: /home/yorig/tuner/mpils-tests/instances/miplib/easy/neos-4413714-turia.mps with config: /scratch/yorig/mpils-results-grid-seconds-5-4may/easy/16proc/seed-1/6_neos-4413714-turia_seed-1_20260504_201022/iterated_local_search/run_5_worker_14/ils_config_11046943203489326551.prm
[INFO]:[20:14:57] CPLEX results. Gap: 199999999999959967528972798129034178777029809524957641716099736843245846528.000000, upper bound: 500.000000, lower bound: -999999999999999926539781176481198923508803215199467887262646419780362305536.000000
[INFO]:[20:14:57] CPLEX solver finished. Gap: 199999999999959967528972798129034178777029809524957641716099736843245846528.000000
[INFO]:[20:14:57] Initial configuration evaluated with objective value: 2e+74
[INFO]:[20:14:57] Starting CPLEX solver on instance: /home/yorig/tuner/mpils-tests/instances/miplib/easy/neos-4413714-turia.mps with config: /scratch/yorig/mpils-results-grid-seconds-5-4may/easy/16proc/seed-1/6_neos-4413714-turia_seed-1_20260504_201022/iterated_local_search/run_5_worker_14/ils_config_12360124750823516512.prm
[INFO]:[20:14:57] Starting CPLEX solver on instance: /home/yorig/tuner/mpils-tests/instances/miplib/easy/neos-4413714-turia.mps with config: /scratch/yorig/mpils-results-grid-seconds-5-4may/easy/16proc/seed-1/6_neos-4413714-turia_seed-1_20260504_201022/iterated_local_search/run_5_worker_14/ils_config_12360124750823516512.prm
[INFO]:[20:15:02] CPLEX results. Gap: 199999999999959967528972798129034178777029809524957641716099736843245846528.000000, upper bound: 500.000000, lower bound: -999999999999999926539781176481198923508803215199467887262646419780362305536.000000
[INFO]:[20:15:02] CPLEX solver finished. Gap: 199999999999959967528972798129034178777029809524957641716099736843245846528.000000
[INFO]:[20:15:02] Starting CPLEX solver on instance: /home/yorig/tuner/mpils-tests/instances/miplib/easy/neos-4413714-turia.mps with config: /scratch/yorig/mpils-results-grid-seconds-5-4may/easy/16proc/seed-1/6_neos-4413714-turia_seed-1_20260504_201022/iterated_local_search/run_5_worker_14/ils_config_4874495827329903006.prm
[INFO]:[20:15:02] Starting CPLEX solver on instance: /home/yorig/tuner/mpils-tests/instances/miplib/easy/neos-4413714-turia.mps with config: /scratch/yorig/mpils-results-grid-seconds-5-4may/easy/16proc/seed-1/6_neos-4413714-turia_seed-1_20260504_201022/iterated_local_search/run_5_worker_14/ils_config_4874495827329903006.prm
[INFO]:[20:15:08] CPLEX results. Gap: 199999999999959967528972798129034178777029809524957641716099736843245846528.000000, upper bound: 500.000000, lower bound: -999999999999999926539781176481198923508803215199467887262646419780362305536.000000
[INFO]:[20:15:08] CPLEX solver finished. Gap: 199999999999959967528972798129034178777029809524957641716099736843245846528.000000
[INFO]:[20:15:08] Starting CPLEX solver on instance: /home/yorig/tuner/mpils-tests/instances/miplib/easy/neos-4413714-turia.mps with config: /scratch/yorig/mpils-results-grid-seconds-5-4may/easy/16proc/seed-1/6_neos-4413714-turia_seed-1_20260504_201022/iterated_local_search/run_5_worker_14/ils_config_11025051137437470321.prm
[INFO]:[20:15:08] Starting CPLEX solver on instance: /home/yorig/tuner/mpils-tests/instances/miplib/easy/neos-4413714-turia.mps with config: /scratch/yorig/mpils-results-grid-seconds-5-4may/easy/16proc/seed-1/6_neos-4413714-turia_seed-1_20260504_201022/iterated_local_search/run_5_worker_14/ils_config_11025051137437470321.prm
[INFO]:[20:15:14] CPLEX results. Gap: 199999999999959967528972798129034178777029809524957641716099736843245846528.000000, upper bound: 500.000000, lower bound: -999999999999999926539781176481198923508803215199467887262646419780362305536.000000
[INFO]:[20:15:14] CPLEX solver finished. Gap: 199999999999959967528972798129034178777029809524957641716099736843245846528.000000
[INFO]:[20:15:14] Starting CPLEX solver on instance: /home/yorig/tuner/mpils-tests/instances/miplib/easy/neos-4413714-turia.mps with config: /scratch/yorig/mpils-results-grid-seconds-5-4may/easy/16proc/seed-1/6_neos-4413714-turia_seed-1_20260504_201022/iterated_local_search/run_5_worker_14/ils_config_15572360214297384180.prm
[INFO]:[20:15:14] Starting CPLEX solver on instance: /home/yorig/tuner/mpils-tests/instances/miplib/easy/neos-4413714-turia.mps with config: /scratch/yorig/mpils-results-grid-seconds-5-4may/easy/16proc/seed-1/6_neos-4413714-turia_seed-1_20260504_201022/iterated_local_search/run_5_worker_14/ils_config_15572360214297384180.prm
[INFO]:[20:15:20] CPLEX results. Gap: 199999999999959967528972798129034178777029809524957641716099736843245846528.000000, upper bound: 500.000000, lower bound: -999999999999999926539781176481198923508803215199467887262646419780362305536.000000
[INFO]:[20:15:20] CPLEX solver finished. Gap: 199999999999959967528972798129034178777029809524957641716099736843245846528.000000
[INFO]:[20:15:20] Starting CPLEX solver on instance: /home/yorig/tuner/mpils-tests/instances/miplib/easy/neos-4413714-turia.mps with config: /scratch/yorig/mpils-results-grid-seconds-5-4may/easy/16proc/seed-1/6_neos-4413714-turia_seed-1_20260504_201022/iterated_local_search/run_5_worker_14/ils_config_12483364110710417922.prm
[INFO]:[20:15:20] Starting CPLEX solver on instance: /home/yorig/tuner/mpils-tests/instances/miplib/easy/neos-4413714-turia.mps with config: /scratch/yorig/mpils-results-grid-seconds-5-4may/easy/16proc/seed-1/6_neos-4413714-turia_seed-1_20260504_201022/iterated_local_search/run_5_worker_14/ils_config_12483364110710417922.prm
[INFO]:[20:15:26] CPLEX results. Gap: 199999999999959967528972798129034178777029809524957641716099736843245846528.000000, upper bound: 500.000000, lower bound: -999999999999999926539781176481198923508803215199467887262646419780362305536.000000
[INFO]:[20:15:26] CPLEX solver finished. Gap: 199999999999959967528972798129034178777029809524957641716099736843245846528.000000
[INFO]:[20:15:26] Starting CPLEX solver on instance: /home/yorig/tuner/mpils-tests/instances/miplib/easy/neos-4413714-turia.mps with config: /scratch/yorig/mpils-results-grid-seconds-5-4may/easy/16proc/seed-1/6_neos-4413714-turia_seed-1_20260504_201022/iterated_local_search/run_5_worker_14/ils_config_11517351276550108766.prm
[INFO]:[20:15:26] Starting CPLEX solver on instance: /home/yorig/tuner/mpils-tests/instances/miplib/easy/neos-4413714-turia.mps with config: /scratch/yorig/mpils-results-grid-seconds-5-4may/easy/16proc/seed-1/6_neos-4413714-turia_seed-1_20260504_201022/iterated_local_search/run_5_worker_14/ils_config_11517351276550108766.prm
[INFO]:[20:15:32] CPLEX results. Gap: 199999999999959967528972798129034178777029809524957641716099736843245846528.000000, upper bound: 500.000000, lower bound: -999999999999999926539781176481198923508803215199467887262646419780362305536.000000
[INFO]:[20:15:32] CPLEX solver finished. Gap: 199999999999959967528972798129034178777029809524957641716099736843245846528.000000
[INFO]:[20:15:32] Starting CPLEX solver on instance: /home/yorig/tuner/mpils-tests/instances/miplib/easy/neos-4413714-turia.mps with config: /scratch/yorig/mpils-results-grid-seconds-5-4may/easy/16proc/seed-1/6_neos-4413714-turia_seed-1_20260504_201022/iterated_local_search/run_5_worker_14/ils_config_8370725904847265846.prm
[INFO]:[20:15:32] Starting CPLEX solver on instance: /home/yorig/tuner/mpils-tests/instances/miplib/easy/neos-4413714-turia.mps with config: /scratch/yorig/mpils-results-grid-seconds-5-4may/easy/16proc/seed-1/6_neos-4413714-turia_seed-1_20260504_201022/iterated_local_search/run_5_worker_14/ils_config_8370725904847265846.prm
[INFO]:[20:15:37] CPLEX results. Gap: 91.310000, upper bound: 500.000000, lower bound: 43.474651
[INFO]:[20:15:37] CPLEX solver finished. Gap: 91.310000
[INFO]:[20:15:37] New incumbent found with objective value: 91.31
[INFO]:[20:15:37] Starting CPLEX solver on instance: /home/yorig/tuner/mpils-tests/instances/miplib/easy/neos-4413714-turia.mps with config: /scratch/yorig/mpils-results-grid-seconds-5-4may/easy/16proc/seed-1/6_neos-4413714-turia_seed-1_20260504_201022/iterated_local_search/run_5_worker_14/ils_config_10269331812314913316.prm
[INFO]:[20:15:37] Starting CPLEX solver on instance: /home/yorig/tuner/mpils-tests/instances/miplib/easy/neos-4413714-turia.mps with config: /scratch/yorig/mpils-results-grid-seconds-5-4may/easy/16proc/seed-1/6_neos-4413714-turia_seed-1_20260504_201022/iterated_local_search/run_5_worker_14/ils_config_10269331812314913316.prm
[INFO]:[20:15:42] CPLEX results. Gap: 91.310000, upper bound: 500.000000, lower bound: 43.474651
[INFO]:[20:15:42] CPLEX solver finished. Gap: 91.310000
[INFO]:[20:15:42] Starting CPLEX solver on instance: /home/yorig/tuner/mpils-tests/instances/miplib/easy/neos-4413714-turia.mps with config: /scratch/yorig/mpils-results-grid-seconds-5-4may/easy/16proc/seed-1/6_neos-4413714-turia_seed-1_20260504_201022/iterated_local_search/run_5_worker_14/ils_config_1615793486373222787.prm
[INFO]:[20:15:42] Starting CPLEX solver on instance: /home/yorig/tuner/mpils-tests/instances/miplib/easy/neos-4413714-turia.mps with config: /scratch/yorig/mpils-results-grid-seconds-5-4may/easy/16proc/seed-1/6_neos-4413714-turia_seed-1_20260504_201022/iterated_local_search/run_5_worker_14/ils_config_1615793486373222787.prm
[INFO]:[20:15:48] CPLEX results. Gap: 91.310000, upper bound: 500.000000, lower bound: 43.474651
[INFO]:[20:15:48] CPLEX solver finished. Gap: 91.310000
[INFO]:[20:15:48] Starting CPLEX solver on instance: /home/yorig/tuner/mpils-tests/instances/miplib/easy/neos-4413714-turia.mps with config: /scratch/yorig/mpils-results-grid-seconds-5-4may/easy/16proc/seed-1/6_neos-4413714-turia_seed-1_20260504_201022/iterated_local_search/run_5_worker_14/ils_config_9216344437953407169.prm
[INFO]:[20:15:48] Starting CPLEX solver on instance: /home/yorig/tuner/mpils-tests/instances/miplib/easy/neos-4413714-turia.mps with config: /scratch/yorig/mpils-results-grid-seconds-5-4may/easy/16proc/seed-1/6_neos-4413714-turia_seed-1_20260504_201022/iterated_local_search/run_5_worker_14/ils_config_9216344437953407169.prm
[INFO]:[20:15:53] CPLEX results. Gap: 91.310000, upper bound: 500.000000, lower bound: 43.474651
[INFO]:[20:15:53] CPLEX solver finished. Gap: 91.310000
[INFO]:[20:15:53] Starting CPLEX solver on instance: /home/yorig/tuner/mpils-tests/instances/miplib/easy/neos-4413714-turia.mps with config: /scratch/yorig/mpils-results-grid-seconds-5-4may/easy/16proc/seed-1/6_neos-4413714-turia_seed-1_20260504_201022/iterated_local_search/run_5_worker_14/ils_config_13538930658938198958.prm
[INFO]:[20:15:53] Starting CPLEX solver on instance: /home/yorig/tuner/mpils-tests/instances/miplib/easy/neos-4413714-turia.mps with config: /scratch/yorig/mpils-results-grid-seconds-5-4may/easy/16proc/seed-1/6_neos-4413714-turia_seed-1_20260504_201022/iterated_local_search/run_5_worker_14/ils_config_13538930658938198958.prm
[INFO]:[20:15:58] CPLEX results. Gap: 91.310000, upper bound: 500.000000, lower bound: 43.474651
[INFO]:[20:15:58] CPLEX solver finished. Gap: 91.310000
[INFO]:[20:15:58] Starting CPLEX solver on instance: /home/yorig/tuner/mpils-tests/instances/miplib/easy/neos-4413714-turia.mps with config: /scratch/yorig/mpils-results-grid-seconds-5-4may/easy/16proc/seed-1/6_neos-4413714-turia_seed-1_20260504_201022/iterated_local_search/run_5_worker_14/ils_config_4758217794347832532.prm
[INFO]:[20:15:58] Starting CPLEX solver on instance: /home/yorig/tuner/mpils-tests/instances/miplib/easy/neos-4413714-turia.mps with config: /scratch/yorig/mpils-results-grid-seconds-5-4may/easy/16proc/seed-1/6_neos-4413714-turia_seed-1_20260504_201022/iterated_local_search/run_5_worker_14/ils_config_4758217794347832532.prm
[INFO]:[20:16:03] CPLEX results. Gap: 91.310000, upper bound: 500.000000, lower bound: 43.474651
[INFO]:[20:16:04] CPLEX solver finished. Gap: 91.310000
[INFO]:[20:16:04] Starting CPLEX solver on instance: /home/yorig/tuner/mpils-tests/instances/miplib/easy/neos-4413714-turia.mps with config: /scratch/yorig/mpils-results-grid-seconds-5-4may/easy/16proc/seed-1/6_neos-4413714-turia_seed-1_20260504_201022/iterated_local_search/run_5_worker_14/ils_config_1026763516746243042.prm
[INFO]:[20:16:04] Starting CPLEX solver on instance: /home/yorig/tuner/mpils-tests/instances/miplib/easy/neos-4413714-turia.mps with config: /scratch/yorig/mpils-results-grid-seconds-5-4may/easy/16proc/seed-1/6_neos-4413714-turia_seed-1_20260504_201022/iterated_local_search/run_5_worker_14/ils_config_1026763516746243042.prm
[INFO]:[20:16:09] CPLEX results. Gap: 91.310000, upper bound: 500.000000, lower bound: 43.474651
[INFO]:[20:16:09] CPLEX solver finished. Gap: 91.310000
[INFO]:[20:16:09] Starting CPLEX solver on instance: /home/yorig/tuner/mpils-tests/instances/miplib/easy/neos-4413714-turia.mps with config: /scratch/yorig/mpils-results-grid-seconds-5-4may/easy/16proc/seed-1/6_neos-4413714-turia_seed-1_20260504_201022/iterated_local_search/run_5_worker_14/ils_config_1125790949671862742.prm
[INFO]:[20:16:09] Starting CPLEX solver on instance: /home/yorig/tuner/mpils-tests/instances/miplib/easy/neos-4413714-turia.mps with config: /scratch/yorig/mpils-results-grid-seconds-5-4may/easy/16proc/seed-1/6_neos-4413714-turia_seed-1_20260504_201022/iterated_local_search/run_5_worker_14/ils_config_1125790949671862742.prm
[INFO]:[20:16:14] CPLEX results. Gap: 91.310000, upper bound: 500.000000, lower bound: 43.474651
[INFO]:[20:16:14] CPLEX solver finished. Gap: 91.310000
[INFO]:[20:16:14] Starting CPLEX solver on instance: /home/yorig/tuner/mpils-tests/instances/miplib/easy/neos-4413714-turia.mps with config: /scratch/yorig/mpils-results-grid-seconds-5-4may/easy/16proc/seed-1/6_neos-4413714-turia_seed-1_20260504_201022/iterated_local_search/run_5_worker_14/ils_config_12782755461337890839.prm
[INFO]:[20:16:14] Starting CPLEX solver on instance: /home/yorig/tuner/mpils-tests/instances/miplib/easy/neos-4413714-turia.mps with config: /scratch/yorig/mpils-results-grid-seconds-5-4may/easy/16proc/seed-1/6_neos-4413714-turia_seed-1_20260504_201022/iterated_local_search/run_5_worker_14/ils_config_12782755461337890839.prm
[INFO]:[20:16:19] CPLEX results. Gap: 91.310000, upper bound: 500.000000, lower bound: 43.474651
[INFO]:[20:16:19] CPLEX solver finished. Gap: 91.310000
[INFO]:[20:16:19] Starting CPLEX solver on instance: /home/yorig/tuner/mpils-tests/instances/miplib/easy/neos-4413714-turia.mps with config: /scratch/yorig/mpils-results-grid-seconds-5-4may/easy/16proc/seed-1/6_neos-4413714-turia_seed-1_20260504_201022/iterated_local_search/run_5_worker_14/ils_config_4659800768325357759.prm
[INFO]:[20:16:19] Starting CPLEX solver on instance: /home/yorig/tuner/mpils-tests/instances/miplib/easy/neos-4413714-turia.mps with config: /scratch/yorig/mpils-results-grid-seconds-5-4may/easy/16proc/seed-1/6_neos-4413714-turia_seed-1_20260504_201022/iterated_local_search/run_5_worker_14/ils_config_4659800768325357759.prm
[INFO]:[20:16:25] CPLEX results. Gap: 91.310000, upper bound: 500.000000, lower bound: 43.474651
[INFO]:[20:16:25] CPLEX solver finished. Gap: 91.310000
[INFO]:[20:16:25] Starting CPLEX solver on instance: /home/yorig/tuner/mpils-tests/instances/miplib/easy/neos-4413714-turia.mps with config: /scratch/yorig/mpils-results-grid-seconds-5-4may/easy/16proc/seed-1/6_neos-4413714-turia_seed-1_20260504_201022/iterated_local_search/run_5_worker_14/ils_config_17027564993109261551.prm
[INFO]:[20:16:25] Starting CPLEX solver on instance: /home/yorig/tuner/mpils-tests/instances/miplib/easy/neos-4413714-turia.mps with config: /scratch/yorig/mpils-results-grid-seconds-5-4may/easy/16proc/seed-1/6_neos-4413714-turia_seed-1_20260504_201022/iterated_local_search/run_5_worker_14/ils_config_17027564993109261551.prm
[INFO]:[20:16:30] CPLEX results. Gap: 91.310000, upper bound: 500.000000, lower bound: 43.474651
[INFO]:[20:16:30] CPLEX solver finished. Gap: 91.310000
[INFO]:[20:16:30] Starting CPLEX solver on instance: /home/yorig/tuner/mpils-tests/instances/miplib/easy/neos-4413714-turia.mps with config: /scratch/yorig/mpils-results-grid-seconds-5-4may/easy/16proc/seed-1/6_neos-4413714-turia_seed-1_20260504_201022/iterated_local_search/run_5_worker_14/ils_config_16246965401339145883.prm
[INFO]:[20:16:30] Starting CPLEX solver on instance: /home/yorig/tuner/mpils-tests/instances/miplib/easy/neos-4413714-turia.mps with config: /scratch/yorig/mpils-results-grid-seconds-5-4may/easy/16proc/seed-1/6_neos-4413714-turia_seed-1_20260504_201022/iterated_local_search/run_5_worker_14/ils_config_16246965401339145883.prm
[INFO]:[20:16:35] CPLEX results. Gap: 91.310000, upper bound: 500.000000, lower bound: 43.474651
[INFO]:[20:16:35] CPLEX solver finished. Gap: 91.310000
[INFO]:[20:16:35] Starting CPLEX solver on instance: /home/yorig/tuner/mpils-tests/instances/miplib/easy/neos-4413714-turia.mps with config: /scratch/yorig/mpils-results-grid-seconds-5-4may/easy/16proc/seed-1/6_neos-4413714-turia_seed-1_20260504_201022/iterated_local_search/run_5_worker_14/ils_config_7355457141089119736.prm
[INFO]:[20:16:35] Starting CPLEX solver on instance: /home/yorig/tuner/mpils-tests/instances/miplib/easy/neos-4413714-turia.mps with config: /scratch/yorig/mpils-results-grid-seconds-5-4may/easy/16proc/seed-1/6_neos-4413714-turia_seed-1_20260504_201022/iterated_local_search/run_5_worker_14/ils_config_7355457141089119736.prm
[INFO]:[20:16:41] CPLEX results. Gap: 91.310000, upper bound: 500.000000, lower bound: 43.474651
[INFO]:[20:16:41] CPLEX solver finished. Gap: 91.310000
[INFO]:[20:16:41] Starting CPLEX solver on instance: /home/yorig/tuner/mpils-tests/instances/miplib/easy/neos-4413714-turia.mps with config: /scratch/yorig/mpils-results-grid-seconds-5-4may/easy/16proc/seed-1/6_neos-4413714-turia_seed-1_20260504_201022/iterated_local_search/run_5_worker_14/ils_config_13180254536733233382.prm
[INFO]:[20:16:41] Starting CPLEX solver on instance: /home/yorig/tuner/mpils-tests/instances/miplib/easy/neos-4413714-turia.mps with config: /scratch/yorig/mpils-results-grid-seconds-5-4may/easy/16proc/seed-1/6_neos-4413714-turia_seed-1_20260504_201022/iterated_local_search/run_5_worker_14/ils_config_13180254536733233382.prm
[INFO]:[20:16:46] CPLEX results. Gap: 91.310000, upper bound: 500.000000, lower bound: 43.474651
[INFO]:[20:16:46] CPLEX solver finished. Gap: 91.310000
[INFO]:[20:16:46] Starting CPLEX solver on instance: /home/yorig/tuner/mpils-tests/instances/miplib/easy/neos-4413714-turia.mps with config: /scratch/yorig/mpils-results-grid-seconds-5-4may/easy/16proc/seed-1/6_neos-4413714-turia_seed-1_20260504_201022/iterated_local_search/run_5_worker_14/ils_config_4612695748739201928.prm
[INFO]:[20:16:46] Starting CPLEX solver on instance: /home/yorig/tuner/mpils-tests/instances/miplib/easy/neos-4413714-turia.mps with config: /scratch/yorig/mpils-results-grid-seconds-5-4may/easy/16proc/seed-1/6_neos-4413714-turia_seed-1_20260504_201022/iterated_local_search/run_5_worker_14/ils_config_4612695748739201928.prm
[INFO]:[20:16:51] CPLEX results. Gap: 91.310000, upper bound: 500.000000, lower bound: 43.474651
[INFO]:[20:16:51] CPLEX solver finished. Gap: 91.310000
[INFO]:[20:16:51] Starting CPLEX solver on instance: /home/yorig/tuner/mpils-tests/instances/miplib/easy/neos-4413714-turia.mps with config: /scratch/yorig/mpils-results-grid-seconds-5-4may/easy/16proc/seed-1/6_neos-4413714-turia_seed-1_20260504_201022/iterated_local_search/run_5_worker_14/ils_config_9468188445556212619.prm
[INFO]:[20:16:51] Starting CPLEX solver on instance: /home/yorig/tuner/mpils-tests/instances/miplib/easy/neos-4413714-turia.mps with config: /scratch/yorig/mpils-results-grid-seconds-5-4may/easy/16proc/seed-1/6_neos-4413714-turia_seed-1_20260504_201022/iterated_local_search/run_5_worker_14/ils_config_9468188445556212619.prm
[INFO]:[20:16:57] CPLEX results. Gap: 91.310000, upper bound: 500.000000, lower bound: 43.474651
[INFO]:[20:16:57] CPLEX solver finished. Gap: 91.310000
[INFO]:[20:16:57] Starting CPLEX solver on instance: /home/yorig/tuner/mpils-tests/instances/miplib/easy/neos-4413714-turia.mps with config: /scratch/yorig/mpils-results-grid-seconds-5-4may/easy/16proc/seed-1/6_neos-4413714-turia_seed-1_20260504_201022/iterated_local_search/run_5_worker_14/ils_config_10666994639142519359.prm
[INFO]:[20:16:57] Starting CPLEX solver on instance: /home/yorig/tuner/mpils-tests/instances/miplib/easy/neos-4413714-turia.mps with config: /scratch/yorig/mpils-results-grid-seconds-5-4may/easy/16proc/seed-1/6_neos-4413714-turia_seed-1_20260504_201022/iterated_local_search/run_5_worker_14/ils_config_10666994639142519359.prm
[INFO]:[20:17:02] CPLEX results. Gap: 91.310000, upper bound: 500.000000, lower bound: 43.474651
[INFO]:[20:17:02] CPLEX solver finished. Gap: 91.310000
[INFO]:[20:17:02] Starting CPLEX solver on instance: /home/yorig/tuner/mpils-tests/instances/miplib/easy/neos-4413714-turia.mps with config: /scratch/yorig/mpils-results-grid-seconds-5-4may/easy/16proc/seed-1/6_neos-4413714-turia_seed-1_20260504_201022/iterated_local_search/run_5_worker_14/ils_config_7698959060764254028.prm
[INFO]:[20:17:02] Starting CPLEX solver on instance: /home/yorig/tuner/mpils-tests/instances/miplib/easy/neos-4413714-turia.mps with config: /scratch/yorig/mpils-results-grid-seconds-5-4may/easy/16proc/seed-1/6_neos-4413714-turia_seed-1_20260504_201022/iterated_local_search/run_5_worker_14/ils_config_7698959060764254028.prm
[INFO]:[20:17:07] CPLEX results. Gap: 91.310000, upper bound: 500.000000, lower bound: 43.474651
[INFO]:[20:17:07] CPLEX solver finished. Gap: 91.310000
[INFO]:[20:17:07] Starting CPLEX solver on instance: /home/yorig/tuner/mpils-tests/instances/miplib/easy/neos-4413714-turia.mps with config: /scratch/yorig/mpils-results-grid-seconds-5-4may/easy/16proc/seed-1/6_neos-4413714-turia_seed-1_20260504_201022/iterated_local_search/run_5_worker_14/ils_config_17042062684507006705.prm
[INFO]:[20:17:07] Starting CPLEX solver on instance: /home/yorig/tuner/mpils-tests/instances/miplib/easy/neos-4413714-turia.mps with config: /scratch/yorig/mpils-results-grid-seconds-5-4may/easy/16proc/seed-1/6_neos-4413714-turia_seed-1_20260504_201022/iterated_local_search/run_5_worker_14/ils_config_17042062684507006705.prm
[INFO]:[20:17:13] CPLEX results. Gap: 91.310000, upper bound: 500.000000, lower bound: 43.474651
[INFO]:[20:17:13] CPLEX solver finished. Gap: 91.310000
[INFO]:[20:17:13] Starting CPLEX solver on instance: /home/yorig/tuner/mpils-tests/instances/miplib/easy/neos-4413714-turia.mps with config: /scratch/yorig/mpils-results-grid-seconds-5-4may/easy/16proc/seed-1/6_neos-4413714-turia_seed-1_20260504_201022/iterated_local_search/run_5_worker_14/ils_config_16467664830960989610.prm
[INFO]:[20:17:13] Starting CPLEX solver on instance: /home/yorig/tuner/mpils-tests/instances/miplib/easy/neos-4413714-turia.mps with config: /scratch/yorig/mpils-results-grid-seconds-5-4may/easy/16proc/seed-1/6_neos-4413714-turia_seed-1_20260504_201022/iterated_local_search/run_5_worker_14/ils_config_16467664830960989610.prm
[INFO]:[20:17:18] CPLEX results. Gap: 91.310000, upper bound: 500.000000, lower bound: 43.474651
[INFO]:[20:17:18] CPLEX solver finished. Gap: 91.310000
[INFO]:[20:17:18] Starting CPLEX solver on instance: /home/yorig/tuner/mpils-tests/instances/miplib/easy/neos-4413714-turia.mps with config: /scratch/yorig/mpils-results-grid-seconds-5-4may/easy/16proc/seed-1/6_neos-4413714-turia_seed-1_20260504_201022/iterated_local_search/run_5_worker_14/ils_config_15042450967548712663.prm
[INFO]:[20:17:18] Starting CPLEX solver on instance: /home/yorig/tuner/mpils-tests/instances/miplib/easy/neos-4413714-turia.mps with config: /scratch/yorig/mpils-results-grid-seconds-5-4may/easy/16proc/seed-1/6_neos-4413714-turia_seed-1_20260504_201022/iterated_local_search/run_5_worker_14/ils_config_15042450967548712663.prm
[INFO]:[20:17:23] CPLEX results. Gap: 91.310000, upper bound: 500.000000, lower bound: 43.474651
[INFO]:[20:17:23] CPLEX solver finished. Gap: 91.310000
[INFO]:[20:17:23] Starting CPLEX solver on instance: /home/yorig/tuner/mpils-tests/instances/miplib/easy/neos-4413714-turia.mps with config: /scratch/yorig/mpils-results-grid-seconds-5-4may/easy/16proc/seed-1/6_neos-4413714-turia_seed-1_20260504_201022/iterated_local_search/run_5_worker_14/ils_config_17647795399051818383.prm
[INFO]:[20:17:23] Starting CPLEX solver on instance: /home/yorig/tuner/mpils-tests/instances/miplib/easy/neos-4413714-turia.mps with config: /scratch/yorig/mpils-results-grid-seconds-5-4may/easy/16proc/seed-1/6_neos-4413714-turia_seed-1_20260504_201022/iterated_local_search/run_5_worker_14/ils_config_17647795399051818383.prm
[INFO]:[20:17:28] CPLEX results. Gap: 91.310000, upper bound: 500.000000, lower bound: 43.474651
[INFO]:[20:17:28] CPLEX solver finished. Gap: 91.310000
[INFO]:[20:17:28] Starting CPLEX solver on instance: /home/yorig/tuner/mpils-tests/instances/miplib/easy/neos-4413714-turia.mps with config: /scratch/yorig/mpils-results-grid-seconds-5-4may/easy/16proc/seed-1/6_neos-4413714-turia_seed-1_20260504_201022/iterated_local_search/run_5_worker_14/ils_config_18414775232053507837.prm
[INFO]:[20:17:28] Starting CPLEX solver on instance: /home/yorig/tuner/mpils-tests/instances/miplib/easy/neos-4413714-turia.mps with config: /scratch/yorig/mpils-results-grid-seconds-5-4may/easy/16proc/seed-1/6_neos-4413714-turia_seed-1_20260504_201022/iterated_local_search/run_5_worker_14/ils_config_18414775232053507837.prm
[INFO]:[20:17:34] CPLEX results. Gap: 91.310000, upper bound: 500.000000, lower bound: 43.474651
[INFO]:[20:17:34] CPLEX solver finished. Gap: 91.310000
[INFO]:[20:17:34] Local search phase completed.
[INFO]:[20:17:34] Total number of new local-search evaluations: 30
[INFO]:[20:17:34] Final incumbent objective value: 91.31
[INFO]:[20:17:46] Worker 14 completed exploration phase.
[INFO]:[20:17:46] Worker 14 received order for step 2.
[INFO]:[20:17:46] Worker 14 running expansion phase for iteration 5.
[INFO]:[20:17:46] Worker 14 will use solver log file: /scratch/yorig/mpils-results-grid-seconds-5-4may/easy/16proc/seed-1/6_neos-4413714-turia_seed-1_20260504_201022/solver/cplex.log_iteration_expansion_5_worker_14
[INFO]:[20:17:46] Expansion Worker 14 starting expansion for iteration 5.
[INFO]:[20:17:46] Starting CPLEX solver on instance: /home/yorig/tuner/mpils-tests/instances/miplib/easy/neos-4413714-turia.mps with config: /scratch/yorig/mpils-results-grid-seconds-5-4may/easy/16proc/seed-1/6_neos-4413714-turia_seed-1_20260504_201022/expansion/config_param_CPXPARAM_Sifting_Algorithm_3_iter_5.prm
[INFO]:[20:17:51] CPLEX results. Gap: 13.630000, upper bound: 50.335235, lower bound: 43.474651
[INFO]:[20:17:51] CPLEX solver finished. Gap: 13.630000
[INFO]:[20:17:51] Expansion Worker 14 stopping early after global MPI expansion stop was activated.
[INFO]:[20:17:51] Expansion Worker 14 completed expansion.
[INFO]:[20:17:51] Worker 14 completed expansion phase.
[INFO]:[20:17:52] Worker 14 received order for step 1.
[INFO]:[20:17:52] Worker 14 running exploration phase for iteration 6.
[INFO]:[20:17:52] Worker 14 at iteration 6 will not use a MIP start file. Current best MIP-start upper bound threshold is 1.79769e+308.
[INFO]:[20:17:52] Starting local search phase...
[INFO]:[20:17:52] Creating local search space from parameter space file: /scratch/yorig/mpils-results-grid-seconds-5-4may/easy/16proc/seed-1/6_neos-4413714-turia_seed-1_20260504_201022/iterated_local_search/search_space/search_space_file_6_worker_14.txt
[INFO]:[20:17:52] Local search space loaded from file: /scratch/yorig/mpils-results-grid-seconds-5-4may/easy/16proc/seed-1/6_neos-4413714-turia_seed-1_20260504_201022/iterated_local_search/search_space/search_space_file_6_worker_14.txt
[INFO]:[20:17:52] Number of parameters in local search space: 71
[INFO]:[20:17:52] Number of forbidden tuples in local search space: 73
[INFO]:[20:17:52] Number of conditionals in local search space: 6
[INFO]:[20:17:52] MIP start option not enabled. Local search will proceed without MIP start.
[INFO]:[20:17:52] Evaluating initial configuration for local search phase...
[INFO]:[20:17:52] Starting CPLEX solver on instance: /home/yorig/tuner/mpils-tests/instances/miplib/easy/neos-4413714-turia.mps with config: /scratch/yorig/mpils-results-grid-seconds-5-4may/easy/16proc/seed-1/6_neos-4413714-turia_seed-1_20260504_201022/iterated_local_search/run_6_worker_14/ils_config_17744950063204432320.prm
[INFO]:[20:17:52] Starting CPLEX solver on instance: /home/yorig/tuner/mpils-tests/instances/miplib/easy/neos-4413714-turia.mps with config: /scratch/yorig/mpils-results-grid-seconds-5-4may/easy/16proc/seed-1/6_neos-4413714-turia_seed-1_20260504_201022/iterated_local_search/run_6_worker_14/ils_config_17744950063204432320.prm
[INFO]:[20:17:58] CPLEX results. Gap: 100.000000, upper bound: 499.635492, lower bound: 0.000000
[INFO]:[20:17:58] CPLEX solver finished. Gap: 100.000000
[INFO]:[20:17:58] Initial configuration evaluated with objective value: 100
[INFO]:[20:17:58] Starting CPLEX solver on instance: /home/yorig/tuner/mpils-tests/instances/miplib/easy/neos-4413714-turia.mps with config: /scratch/yorig/mpils-results-grid-seconds-5-4may/easy/16proc/seed-1/6_neos-4413714-turia_seed-1_20260504_201022/iterated_local_search/run_6_worker_14/ils_config_165796335688519525.prm
[INFO]:[20:17:58] Starting CPLEX solver on instance: /home/yorig/tuner/mpils-tests/instances/miplib/easy/neos-4413714-turia.mps with config: /scratch/yorig/mpils-results-grid-seconds-5-4may/easy/16proc/seed-1/6_neos-4413714-turia_seed-1_20260504_201022/iterated_local_search/run_6_worker_14/ils_config_165796335688519525.prm
[INFO]:[20:18:03] CPLEX results. Gap: 100.000000, upper bound: 499.635492, lower bound: 0.000000
[INFO]:[20:18:03] CPLEX solver finished. Gap: 100.000000
[INFO]:[20:18:03] Starting CPLEX solver on instance: /home/yorig/tuner/mpils-tests/instances/miplib/easy/neos-4413714-turia.mps with config: /scratch/yorig/mpils-results-grid-seconds-5-4may/easy/16proc/seed-1/6_neos-4413714-turia_seed-1_20260504_201022/iterated_local_search/run_6_worker_14/ils_config_13380447651484686554.prm
[INFO]:[20:18:03] Starting CPLEX solver on instance: /home/yorig/tuner/mpils-tests/instances/miplib/easy/neos-4413714-turia.mps with config: /scratch/yorig/mpils-results-grid-seconds-5-4may/easy/16proc/seed-1/6_neos-4413714-turia_seed-1_20260504_201022/iterated_local_search/run_6_worker_14/ils_config_13380447651484686554.prm
[INFO]:[20:18:09] CPLEX results. Gap: 100.000000, upper bound: 499.635492, lower bound: 0.000000
[INFO]:[20:18:09] CPLEX solver finished. Gap: 100.000000
[INFO]:[20:18:09] Starting CPLEX solver on instance: /home/yorig/tuner/mpils-tests/instances/miplib/easy/neos-4413714-turia.mps with config: /scratch/yorig/mpils-results-grid-seconds-5-4may/easy/16proc/seed-1/6_neos-4413714-turia_seed-1_20260504_201022/iterated_local_search/run_6_worker_14/ils_config_7573065469406823366.prm
[INFO]:[20:18:09] Starting CPLEX solver on instance: /home/yorig/tuner/mpils-tests/instances/miplib/easy/neos-4413714-turia.mps with config: /scratch/yorig/mpils-results-grid-seconds-5-4may/easy/16proc/seed-1/6_neos-4413714-turia_seed-1_20260504_201022/iterated_local_search/run_6_worker_14/ils_config_7573065469406823366.prm
[INFO]:[20:18:14] CPLEX results. Gap: 100.000000, upper bound: 499.635492, lower bound: 0.000000
[INFO]:[20:18:14] CPLEX solver finished. Gap: 100.000000
[INFO]:[20:18:14] Starting CPLEX solver on instance: /home/yorig/tuner/mpils-tests/instances/miplib/easy/neos-4413714-turia.mps with config: /scratch/yorig/mpils-results-grid-seconds-5-4may/easy/16proc/seed-1/6_neos-4413714-turia_seed-1_20260504_201022/iterated_local_search/run_6_worker_14/ils_config_3858512727924651840.prm
[INFO]:[20:18:14] Starting CPLEX solver on instance: /home/yorig/tuner/mpils-tests/instances/miplib/easy/neos-4413714-turia.mps with config: /scratch/yorig/mpils-results-grid-seconds-5-4may/easy/16proc/seed-1/6_neos-4413714-turia_seed-1_20260504_201022/iterated_local_search/run_6_worker_14/ils_config_3858512727924651840.prm
[INFO]:[20:18:20] CPLEX results. Gap: 200145909570371309568081746937112459935377757408968701181671799629996359680.000000, upper bound: 499.635492, lower bound: -999999999999999926539781176481198923508803215199467887262646419780362305536.000000
[INFO]:[20:18:20] CPLEX solver finished. Gap: 200145909570371309568081746937112459935377757408968701181671799629996359680.000000
[INFO]:[20:18:20] Starting CPLEX solver on instance: /home/yorig/tuner/mpils-tests/instances/miplib/easy/neos-4413714-turia.mps with config: /scratch/yorig/mpils-results-grid-seconds-5-4may/easy/16proc/seed-1/6_neos-4413714-turia_seed-1_20260504_201022/iterated_local_search/run_6_worker_14/ils_config_13933392927966371675.prm
[INFO]:[20:18:20] Starting CPLEX solver on instance: /home/yorig/tuner/mpils-tests/instances/miplib/easy/neos-4413714-turia.mps with config: /scratch/yorig/mpils-results-grid-seconds-5-4may/easy/16proc/seed-1/6_neos-4413714-turia_seed-1_20260504_201022/iterated_local_search/run_6_worker_14/ils_config_13933392927966371675.prm
[INFO]:[20:18:25] CPLEX results. Gap: 200145909570371309568081746937112459935377757408968701181671799629996359680.000000, upper bound: 499.635492, lower bound: -999999999999999926539781176481198923508803215199467887262646419780362305536.000000
[INFO]:[20:18:25] CPLEX solver finished. Gap: 200145909570371309568081746937112459935377757408968701181671799629996359680.000000
[INFO]:[20:18:25] Starting CPLEX solver on instance: /home/yorig/tuner/mpils-tests/instances/miplib/easy/neos-4413714-turia.mps with config: /scratch/yorig/mpils-results-grid-seconds-5-4may/easy/16proc/seed-1/6_neos-4413714-turia_seed-1_20260504_201022/iterated_local_search/run_6_worker_14/ils_config_12669812647105190042.prm
[INFO]:[20:18:25] Starting CPLEX solver on instance: /home/yorig/tuner/mpils-tests/instances/miplib/easy/neos-4413714-turia.mps with config: /scratch/yorig/mpils-results-grid-seconds-5-4may/easy/16proc/seed-1/6_neos-4413714-turia_seed-1_20260504_201022/iterated_local_search/run_6_worker_14/ils_config_12669812647105190042.prm
[INFO]:[20:18:30] CPLEX results. Gap: 100.000000, upper bound: 499.635492, lower bound: 0.000000
[INFO]:[20:18:30] CPLEX solver finished. Gap: 100.000000
[INFO]:[20:18:30] Starting CPLEX solver on instance: /home/yorig/tuner/mpils-tests/instances/miplib/easy/neos-4413714-turia.mps with config: /scratch/yorig/mpils-results-grid-seconds-5-4may/easy/16proc/seed-1/6_neos-4413714-turia_seed-1_20260504_201022/iterated_local_search/run_6_worker_14/ils_config_9648461682059787226.prm
[INFO]:[20:18:30] Starting CPLEX solver on instance: /home/yorig/tuner/mpils-tests/instances/miplib/easy/neos-4413714-turia.mps with config: /scratch/yorig/mpils-results-grid-seconds-5-4may/easy/16proc/seed-1/6_neos-4413714-turia_seed-1_20260504_201022/iterated_local_search/run_6_worker_14/ils_config_9648461682059787226.prm
[INFO]:[20:18:36] CPLEX results. Gap: 200145909570371309568081746937112459935377757408968701181671799629996359680.000000, upper bound: 499.635492, lower bound: -999999999999999926539781176481198923508803215199467887262646419780362305536.000000
[INFO]:[20:18:36] CPLEX solver finished. Gap: 200145909570371309568081746937112459935377757408968701181671799629996359680.000000
[INFO]:[20:18:36] Starting CPLEX solver on instance: /home/yorig/tuner/mpils-tests/instances/miplib/easy/neos-4413714-turia.mps with config: /scratch/yorig/mpils-results-grid-seconds-5-4may/easy/16proc/seed-1/6_neos-4413714-turia_seed-1_20260504_201022/iterated_local_search/run_6_worker_14/ils_config_9000645555004273100.prm
[INFO]:[20:18:36] Starting CPLEX solver on instance: /home/yorig/tuner/mpils-tests/instances/miplib/easy/neos-4413714-turia.mps with config: /scratch/yorig/mpils-results-grid-seconds-5-4may/easy/16proc/seed-1/6_neos-4413714-turia_seed-1_20260504_201022/iterated_local_search/run_6_worker_14/ils_config_9000645555004273100.prm
[INFO]:[20:18:41] CPLEX results. Gap: 100.000000, upper bound: 499.635492, lower bound: 0.000000
[INFO]:[20:18:41] CPLEX solver finished. Gap: 100.000000
[INFO]:[20:18:41] Local search phase completed.
[INFO]:[20:18:41] Total number of new local-search evaluations: 9
[INFO]:[20:18:41] Final incumbent objective value: 100
[INFO]:[20:18:46] Worker 14 completed exploration phase.
[INFO]:[20:18:46] Worker 14 received order for step 2.
[INFO]:[20:18:46] Worker 14 running expansion phase for iteration 6.
[INFO]:[20:18:46] Worker 14 will use solver log file: /scratch/yorig/mpils-results-grid-seconds-5-4may/easy/16proc/seed-1/6_neos-4413714-turia_seed-1_20260504_201022/solver/cplex.log_iteration_expansion_6_worker_14
[INFO]:[20:18:46] Expansion Worker 14 starting expansion for iteration 6.
[INFO]:[20:18:46] Starting CPLEX solver on instance: /home/yorig/tuner/mpils-tests/instances/miplib/easy/neos-4413714-turia.mps with config: /scratch/yorig/mpils-results-grid-seconds-5-4may/easy/16proc/seed-1/6_neos-4413714-turia_seed-1_20260504_201022/expansion/config_param_CPXPARAM_Simplex_Limits_Singularity_5_iter_6.prm
[INFO]:[20:18:51] CPLEX results. Gap: 12.150000, upper bound: 49.488388, lower bound: 43.474651
[INFO]:[20:18:51] CPLEX solver finished. Gap: 12.150000
[INFO]:[20:18:57] Expansion Worker 14 completed expansion.
[INFO]:[20:18:57] Worker 14 completed expansion phase.
[INFO]:[20:18:58] Worker 14 received order for step 1.
[INFO]:[20:18:58] Worker 14 running exploration phase for iteration 7.
[INFO]:[20:18:58] Worker 14 at iteration 7 will not use a MIP start file. Current best MIP-start upper bound threshold is 1.79769e+308.
[INFO]:[20:18:58] Starting local search phase...
[INFO]:[20:18:58] Creating local search space from parameter space file: /scratch/yorig/mpils-results-grid-seconds-5-4may/easy/16proc/seed-1/6_neos-4413714-turia_seed-1_20260504_201022/iterated_local_search/search_space/search_space_file_7_worker_14.txt
[INFO]:[20:18:58] Local search space loaded from file: /scratch/yorig/mpils-results-grid-seconds-5-4may/easy/16proc/seed-1/6_neos-4413714-turia_seed-1_20260504_201022/iterated_local_search/search_space/search_space_file_7_worker_14.txt
[INFO]:[20:18:58] Number of parameters in local search space: 71
[INFO]:[20:18:58] Number of forbidden tuples in local search space: 99
[INFO]:[20:18:58] Number of conditionals in local search space: 6
[INFO]:[20:18:58] MIP start option not enabled. Local search will proceed without MIP start.
[INFO]:[20:18:58] Evaluating initial configuration for local search phase...
[INFO]:[20:18:58] Starting CPLEX solver on instance: /home/yorig/tuner/mpils-tests/instances/miplib/easy/neos-4413714-turia.mps with config: /scratch/yorig/mpils-results-grid-seconds-5-4may/easy/16proc/seed-1/6_neos-4413714-turia_seed-1_20260504_201022/iterated_local_search/run_7_worker_14/ils_config_6968590962432682169.prm
[INFO]:[20:18:58] Starting CPLEX solver on instance: /home/yorig/tuner/mpils-tests/instances/miplib/easy/neos-4413714-turia.mps with config: /scratch/yorig/mpils-results-grid-seconds-5-4may/easy/16proc/seed-1/6_neos-4413714-turia_seed-1_20260504_201022/iterated_local_search/run_7_worker_14/ils_config_6968590962432682169.prm
[INFO]:[20:19:03] CPLEX results. Gap: 91.310000, upper bound: 500.000000, lower bound: 43.474651
[INFO]:[20:19:03] CPLEX solver finished. Gap: 91.310000
[INFO]:[20:19:03] Initial configuration evaluated with objective value: 91.31
[INFO]:[20:19:04] Starting CPLEX solver on instance: /home/yorig/tuner/mpils-tests/instances/miplib/easy/neos-4413714-turia.mps with config: /scratch/yorig/mpils-results-grid-seconds-5-4may/easy/16proc/seed-1/6_neos-4413714-turia_seed-1_20260504_201022/iterated_local_search/run_7_worker_14/ils_config_14612673615418450894.prm
[INFO]:[20:19:04] Starting CPLEX solver on instance: /home/yorig/tuner/mpils-tests/instances/miplib/easy/neos-4413714-turia.mps with config: /scratch/yorig/mpils-results-grid-seconds-5-4may/easy/16proc/seed-1/6_neos-4413714-turia_seed-1_20260504_201022/iterated_local_search/run_7_worker_14/ils_config_14612673615418450894.prm
[WARN]:[20:19:09] CPLEX finished without a primal feasible solution for config /scratch/yorig/mpils-results-grid-seconds-5-4may/easy/16proc/seed-1/6_neos-4413714-turia_seed-1_20260504_201022/iterated_local_search/run_7_worker_14/ils_config_14612673615418450894.prm.
[INFO]:[20:19:09] CPLEX results. Gap: unavailable, upper bound: null, lower bound: 43.474651
[INFO]:[20:19:09] CPLEX solver finished. Gap: 179769313486231570814527423731704356798070567525844996598917476803157260780028538760589558632766878171540458953514382464234321326889464182768467546703537516986049910576551282076245490090389328944075868508455133942304583236903222948165808559332123348274797826204144723168738177180919299881250404026184124858368.000000
[INFO]:[20:19:09] Starting CPLEX solver on instance: /home/yorig/tuner/mpils-tests/instances/miplib/easy/neos-4413714-turia.mps with config: /scratch/yorig/mpils-results-grid-seconds-5-4may/easy/16proc/seed-1/6_neos-4413714-turia_seed-1_20260504_201022/iterated_local_search/run_7_worker_14/ils_config_16276719540628700866.prm
[INFO]:[20:19:09] Starting CPLEX solver on instance: /home/yorig/tuner/mpils-tests/instances/miplib/easy/neos-4413714-turia.mps with config: /scratch/yorig/mpils-results-grid-seconds-5-4may/easy/16proc/seed-1/6_neos-4413714-turia_seed-1_20260504_201022/iterated_local_search/run_7_worker_14/ils_config_16276719540628700866.prm
[INFO]:[20:19:14] CPLEX results. Gap: 91.310000, upper bound: 500.000000, lower bound: 43.474651
[INFO]:[20:19:14] CPLEX solver finished. Gap: 91.310000
[INFO]:[20:19:14] Starting CPLEX solver on instance: /home/yorig/tuner/mpils-tests/instances/miplib/easy/neos-4413714-turia.mps with config: /scratch/yorig/mpils-results-grid-seconds-5-4may/easy/16proc/seed-1/6_neos-4413714-turia_seed-1_20260504_201022/iterated_local_search/run_7_worker_14/ils_config_15174177077822855725.prm
[INFO]:[20:19:14] Starting CPLEX solver on instance: /home/yorig/tuner/mpils-tests/instances/miplib/easy/neos-4413714-turia.mps with config: /scratch/yorig/mpils-results-grid-seconds-5-4may/easy/16proc/seed-1/6_neos-4413714-turia_seed-1_20260504_201022/iterated_local_search/run_7_worker_14/ils_config_15174177077822855725.prm
[INFO]:[20:19:19] CPLEX results. Gap: 91.310000, upper bound: 500.000000, lower bound: 43.474651
[INFO]:[20:19:19] CPLEX solver finished. Gap: 91.310000
[INFO]:[20:19:19] Starting CPLEX solver on instance: /home/yorig/tuner/mpils-tests/instances/miplib/easy/neos-4413714-turia.mps with config: /scratch/yorig/mpils-results-grid-seconds-5-4may/easy/16proc/seed-1/6_neos-4413714-turia_seed-1_20260504_201022/iterated_local_search/run_7_worker_14/ils_config_939793276289860613.prm
[INFO]:[20:19:19] Starting CPLEX solver on instance: /home/yorig/tuner/mpils-tests/instances/miplib/easy/neos-4413714-turia.mps with config: /scratch/yorig/mpils-results-grid-seconds-5-4may/easy/16proc/seed-1/6_neos-4413714-turia_seed-1_20260504_201022/iterated_local_search/run_7_worker_14/ils_config_939793276289860613.prm
[INFO]:[20:19:25] CPLEX results. Gap: 91.300000, upper bound: 499.635492, lower bound: 43.474651
[INFO]:[20:19:25] CPLEX solver finished. Gap: 91.300000
[INFO]:[20:19:25] New incumbent found with objective value: 91.3
[INFO]:[20:19:25] Starting CPLEX solver on instance: /home/yorig/tuner/mpils-tests/instances/miplib/easy/neos-4413714-turia.mps with config: /scratch/yorig/mpils-results-grid-seconds-5-4may/easy/16proc/seed-1/6_neos-4413714-turia_seed-1_20260504_201022/iterated_local_search/run_7_worker_14/ils_config_6797066733780963588.prm
[INFO]:[20:19:25] Starting CPLEX solver on instance: /home/yorig/tuner/mpils-tests/instances/miplib/easy/neos-4413714-turia.mps with config: /scratch/yorig/mpils-results-grid-seconds-5-4may/easy/16proc/seed-1/6_neos-4413714-turia_seed-1_20260504_201022/iterated_local_search/run_7_worker_14/ils_config_6797066733780963588.prm
[INFO]:[20:19:30] CPLEX results. Gap: 91.300000, upper bound: 499.635492, lower bound: 43.474651
[INFO]:[20:19:30] CPLEX solver finished. Gap: 91.300000
[INFO]:[20:19:30] Starting CPLEX solver on instance: /home/yorig/tuner/mpils-tests/instances/miplib/easy/neos-4413714-turia.mps with config: /scratch/yorig/mpils-results-grid-seconds-5-4may/easy/16proc/seed-1/6_neos-4413714-turia_seed-1_20260504_201022/iterated_local_search/run_7_worker_14/ils_config_13793712818881657375.prm
[INFO]:[20:19:30] Starting CPLEX solver on instance: /home/yorig/tuner/mpils-tests/instances/miplib/easy/neos-4413714-turia.mps with config: /scratch/yorig/mpils-results-grid-seconds-5-4may/easy/16proc/seed-1/6_neos-4413714-turia_seed-1_20260504_201022/iterated_local_search/run_7_worker_14/ils_config_13793712818881657375.prm
[INFO]:[20:19:35] CPLEX results. Gap: 91.300000, upper bound: 499.635492, lower bound: 43.474651
[INFO]:[20:19:35] CPLEX solver finished. Gap: 91.300000
[INFO]:[20:19:35] Starting CPLEX solver on instance: /home/yorig/tuner/mpils-tests/instances/miplib/easy/neos-4413714-turia.mps with config: /scratch/yorig/mpils-results-grid-seconds-5-4may/easy/16proc/seed-1/6_neos-4413714-turia_seed-1_20260504_201022/iterated_local_search/run_7_worker_14/ils_config_15132896927829266782.prm
[INFO]:[20:19:35] Starting CPLEX solver on instance: /home/yorig/tuner/mpils-tests/instances/miplib/easy/neos-4413714-turia.mps with config: /scratch/yorig/mpils-results-grid-seconds-5-4may/easy/16proc/seed-1/6_neos-4413714-turia_seed-1_20260504_201022/iterated_local_search/run_7_worker_14/ils_config_15132896927829266782.prm
[INFO]:[20:19:41] CPLEX results. Gap: 91.300000, upper bound: 499.635492, lower bound: 43.474651
[INFO]:[20:19:41] CPLEX solver finished. Gap: 91.300000
[INFO]:[20:19:41] Starting CPLEX solver on instance: /home/yorig/tuner/mpils-tests/instances/miplib/easy/neos-4413714-turia.mps with config: /scratch/yorig/mpils-results-grid-seconds-5-4may/easy/16proc/seed-1/6_neos-4413714-turia_seed-1_20260504_201022/iterated_local_search/run_7_worker_14/ils_config_1195907300542714063.prm
[INFO]:[20:19:41] Starting CPLEX solver on instance: /home/yorig/tuner/mpils-tests/instances/miplib/easy/neos-4413714-turia.mps with config: /scratch/yorig/mpils-results-grid-seconds-5-4may/easy/16proc/seed-1/6_neos-4413714-turia_seed-1_20260504_201022/iterated_local_search/run_7_worker_14/ils_config_1195907300542714063.prm
[INFO]:[20:19:46] CPLEX results. Gap: 91.300000, upper bound: 499.635492, lower bound: 43.474651
[INFO]:[20:19:46] CPLEX solver finished. Gap: 91.300000
[INFO]:[20:19:46] Starting CPLEX solver on instance: /home/yorig/tuner/mpils-tests/instances/miplib/easy/neos-4413714-turia.mps with config: /scratch/yorig/mpils-results-grid-seconds-5-4may/easy/16proc/seed-1/6_neos-4413714-turia_seed-1_20260504_201022/iterated_local_search/run_7_worker_14/ils_config_17017565162754303313.prm
[INFO]:[20:19:46] Starting CPLEX solver on instance: /home/yorig/tuner/mpils-tests/instances/miplib/easy/neos-4413714-turia.mps with config: /scratch/yorig/mpils-results-grid-seconds-5-4may/easy/16proc/seed-1/6_neos-4413714-turia_seed-1_20260504_201022/iterated_local_search/run_7_worker_14/ils_config_17017565162754303313.prm
[INFO]:[20:19:51] CPLEX results. Gap: 91.300000, upper bound: 499.635492, lower bound: 43.474651
[INFO]:[20:19:51] CPLEX solver finished. Gap: 91.300000
[INFO]:[20:19:51] Starting CPLEX solver on instance: /home/yorig/tuner/mpils-tests/instances/miplib/easy/neos-4413714-turia.mps with config: /scratch/yorig/mpils-results-grid-seconds-5-4may/easy/16proc/seed-1/6_neos-4413714-turia_seed-1_20260504_201022/iterated_local_search/run_7_worker_14/ils_config_1394197207240095544.prm
[INFO]:[20:19:51] Starting CPLEX solver on instance: /home/yorig/tuner/mpils-tests/instances/miplib/easy/neos-4413714-turia.mps with config: /scratch/yorig/mpils-results-grid-seconds-5-4may/easy/16proc/seed-1/6_neos-4413714-turia_seed-1_20260504_201022/iterated_local_search/run_7_worker_14/ils_config_1394197207240095544.prm
[INFO]:[20:19:56] CPLEX results. Gap: 91.300000, upper bound: 499.635492, lower bound: 43.474651
[INFO]:[20:19:56] CPLEX solver finished. Gap: 91.300000
[INFO]:[20:19:56] Starting CPLEX solver on instance: /home/yorig/tuner/mpils-tests/instances/miplib/easy/neos-4413714-turia.mps with config: /scratch/yorig/mpils-results-grid-seconds-5-4may/easy/16proc/seed-1/6_neos-4413714-turia_seed-1_20260504_201022/iterated_local_search/run_7_worker_14/ils_config_9423360748216970539.prm
[INFO]:[20:19:56] Starting CPLEX solver on instance: /home/yorig/tuner/mpils-tests/instances/miplib/easy/neos-4413714-turia.mps with config: /scratch/yorig/mpils-results-grid-seconds-5-4may/easy/16proc/seed-1/6_neos-4413714-turia_seed-1_20260504_201022/iterated_local_search/run_7_worker_14/ils_config_9423360748216970539.prm
[INFO]:[20:20:02] CPLEX results. Gap: 91.300000, upper bound: 499.635492, lower bound: 43.474651
[INFO]:[20:20:02] CPLEX solver finished. Gap: 91.300000
[INFO]:[20:20:02] Starting CPLEX solver on instance: /home/yorig/tuner/mpils-tests/instances/miplib/easy/neos-4413714-turia.mps with config: /scratch/yorig/mpils-results-grid-seconds-5-4may/easy/16proc/seed-1/6_neos-4413714-turia_seed-1_20260504_201022/iterated_local_search/run_7_worker_14/ils_config_16595062804674285840.prm
[INFO]:[20:20:02] Starting CPLEX solver on instance: /home/yorig/tuner/mpils-tests/instances/miplib/easy/neos-4413714-turia.mps with config: /scratch/yorig/mpils-results-grid-seconds-5-4may/easy/16proc/seed-1/6_neos-4413714-turia_seed-1_20260504_201022/iterated_local_search/run_7_worker_14/ils_config_16595062804674285840.prm
[INFO]:[20:20:07] CPLEX results. Gap: 91.300000, upper bound: 499.635492, lower bound: 43.474651
[INFO]:[20:20:07] CPLEX solver finished. Gap: 91.300000
[INFO]:[20:20:07] Starting CPLEX solver on instance: /home/yorig/tuner/mpils-tests/instances/miplib/easy/neos-4413714-turia.mps with config: /scratch/yorig/mpils-results-grid-seconds-5-4may/easy/16proc/seed-1/6_neos-4413714-turia_seed-1_20260504_201022/iterated_local_search/run_7_worker_14/ils_config_6893902533607726426.prm
[INFO]:[20:20:07] Starting CPLEX solver on instance: /home/yorig/tuner/mpils-tests/instances/miplib/easy/neos-4413714-turia.mps with config: /scratch/yorig/mpils-results-grid-seconds-5-4may/easy/16proc/seed-1/6_neos-4413714-turia_seed-1_20260504_201022/iterated_local_search/run_7_worker_14/ils_config_6893902533607726426.prm
[INFO]:[20:20:12] CPLEX results. Gap: 91.300000, upper bound: 499.635492, lower bound: 43.474651
[INFO]:[20:20:12] CPLEX solver finished. Gap: 91.300000
[INFO]:[20:20:12] Starting CPLEX solver on instance: /home/yorig/tuner/mpils-tests/instances/miplib/easy/neos-4413714-turia.mps with config: /scratch/yorig/mpils-results-grid-seconds-5-4may/easy/16proc/seed-1/6_neos-4413714-turia_seed-1_20260504_201022/iterated_local_search/run_7_worker_14/ils_config_17369300838778676320.prm
[INFO]:[20:20:12] Starting CPLEX solver on instance: /home/yorig/tuner/mpils-tests/instances/miplib/easy/neos-4413714-turia.mps with config: /scratch/yorig/mpils-results-grid-seconds-5-4may/easy/16proc/seed-1/6_neos-4413714-turia_seed-1_20260504_201022/iterated_local_search/run_7_worker_14/ils_config_17369300838778676320.prm
[INFO]:[20:20:18] CPLEX results. Gap: 91.300000, upper bound: 499.635492, lower bound: 43.474651
[INFO]:[20:20:18] CPLEX solver finished. Gap: 91.300000
[INFO]:[20:20:18] Starting CPLEX solver on instance: /home/yorig/tuner/mpils-tests/instances/miplib/easy/neos-4413714-turia.mps with config: /scratch/yorig/mpils-results-grid-seconds-5-4may/easy/16proc/seed-1/6_neos-4413714-turia_seed-1_20260504_201022/iterated_local_search/run_7_worker_14/ils_config_4764440396637301918.prm
[INFO]:[20:20:18] Starting CPLEX solver on instance: /home/yorig/tuner/mpils-tests/instances/miplib/easy/neos-4413714-turia.mps with config: /scratch/yorig/mpils-results-grid-seconds-5-4may/easy/16proc/seed-1/6_neos-4413714-turia_seed-1_20260504_201022/iterated_local_search/run_7_worker_14/ils_config_4764440396637301918.prm
[INFO]:[20:20:23] CPLEX results. Gap: 91.300000, upper bound: 499.635492, lower bound: 43.474651
[INFO]:[20:20:23] CPLEX solver finished. Gap: 91.300000
[INFO]:[20:20:23] Starting CPLEX solver on instance: /home/yorig/tuner/mpils-tests/instances/miplib/easy/neos-4413714-turia.mps with config: /scratch/yorig/mpils-results-grid-seconds-5-4may/easy/16proc/seed-1/6_neos-4413714-turia_seed-1_20260504_201022/iterated_local_search/run_7_worker_14/ils_config_1565780289906983131.prm
[INFO]:[20:20:23] Starting CPLEX solver on instance: /home/yorig/tuner/mpils-tests/instances/miplib/easy/neos-4413714-turia.mps with config: /scratch/yorig/mpils-results-grid-seconds-5-4may/easy/16proc/seed-1/6_neos-4413714-turia_seed-1_20260504_201022/iterated_local_search/run_7_worker_14/ils_config_1565780289906983131.prm
[INFO]:[20:20:28] CPLEX results. Gap: 91.300000, upper bound: 499.635492, lower bound: 43.474651
[INFO]:[20:20:28] CPLEX solver finished. Gap: 91.300000
[INFO]:[20:20:28] Starting CPLEX solver on instance: /home/yorig/tuner/mpils-tests/instances/miplib/easy/neos-4413714-turia.mps with config: /scratch/yorig/mpils-results-grid-seconds-5-4may/easy/16proc/seed-1/6_neos-4413714-turia_seed-1_20260504_201022/iterated_local_search/run_7_worker_14/ils_config_18083747206859339752.prm
[INFO]:[20:20:28] Starting CPLEX solver on instance: /home/yorig/tuner/mpils-tests/instances/miplib/easy/neos-4413714-turia.mps with config: /scratch/yorig/mpils-results-grid-seconds-5-4may/easy/16proc/seed-1/6_neos-4413714-turia_seed-1_20260504_201022/iterated_local_search/run_7_worker_14/ils_config_18083747206859339752.prm
[INFO]:[20:20:33] CPLEX results. Gap: 91.300000, upper bound: 499.635492, lower bound: 43.474651
[INFO]:[20:20:33] CPLEX solver finished. Gap: 91.300000
[INFO]:[20:20:33] Starting CPLEX solver on instance: /home/yorig/tuner/mpils-tests/instances/miplib/easy/neos-4413714-turia.mps with config: /scratch/yorig/mpils-results-grid-seconds-5-4may/easy/16proc/seed-1/6_neos-4413714-turia_seed-1_20260504_201022/iterated_local_search/run_7_worker_14/ils_config_16663780150564632149.prm
[INFO]:[20:20:33] Starting CPLEX solver on instance: /home/yorig/tuner/mpils-tests/instances/miplib/easy/neos-4413714-turia.mps with config: /scratch/yorig/mpils-results-grid-seconds-5-4may/easy/16proc/seed-1/6_neos-4413714-turia_seed-1_20260504_201022/iterated_local_search/run_7_worker_14/ils_config_16663780150564632149.prm
[INFO]:[20:20:39] CPLEX results. Gap: 91.300000, upper bound: 499.635492, lower bound: 43.474651
[INFO]:[20:20:39] CPLEX solver finished. Gap: 91.300000
[INFO]:[20:20:39] Starting CPLEX solver on instance: /home/yorig/tuner/mpils-tests/instances/miplib/easy/neos-4413714-turia.mps with config: /scratch/yorig/mpils-results-grid-seconds-5-4may/easy/16proc/seed-1/6_neos-4413714-turia_seed-1_20260504_201022/iterated_local_search/run_7_worker_14/ils_config_9355137424325212125.prm
[INFO]:[20:20:39] Starting CPLEX solver on instance: /home/yorig/tuner/mpils-tests/instances/miplib/easy/neos-4413714-turia.mps with config: /scratch/yorig/mpils-results-grid-seconds-5-4may/easy/16proc/seed-1/6_neos-4413714-turia_seed-1_20260504_201022/iterated_local_search/run_7_worker_14/ils_config_9355137424325212125.prm
[INFO]:[20:20:44] CPLEX results. Gap: 91.300000, upper bound: 499.635492, lower bound: 43.474651
[INFO]:[20:20:44] CPLEX solver finished. Gap: 91.300000
[INFO]:[20:20:44] Starting CPLEX solver on instance: /home/yorig/tuner/mpils-tests/instances/miplib/easy/neos-4413714-turia.mps with config: /scratch/yorig/mpils-results-grid-seconds-5-4may/easy/16proc/seed-1/6_neos-4413714-turia_seed-1_20260504_201022/iterated_local_search/run_7_worker_14/ils_config_9861943609846567898.prm
[INFO]:[20:20:44] Starting CPLEX solver on instance: /home/yorig/tuner/mpils-tests/instances/miplib/easy/neos-4413714-turia.mps with config: /scratch/yorig/mpils-results-grid-seconds-5-4may/easy/16proc/seed-1/6_neos-4413714-turia_seed-1_20260504_201022/iterated_local_search/run_7_worker_14/ils_config_9861943609846567898.prm
[INFO]:[20:20:49] CPLEX results. Gap: 91.300000, upper bound: 499.635492, lower bound: 43.474651
[INFO]:[20:20:49] CPLEX solver finished. Gap: 91.300000
[INFO]:[20:20:49] Starting CPLEX solver on instance: /home/yorig/tuner/mpils-tests/instances/miplib/easy/neos-4413714-turia.mps with config: /scratch/yorig/mpils-results-grid-seconds-5-4may/easy/16proc/seed-1/6_neos-4413714-turia_seed-1_20260504_201022/iterated_local_search/run_7_worker_14/ils_config_8204636430636421536.prm
[INFO]:[20:20:49] Starting CPLEX solver on instance: /home/yorig/tuner/mpils-tests/instances/miplib/easy/neos-4413714-turia.mps with config: /scratch/yorig/mpils-results-grid-seconds-5-4may/easy/16proc/seed-1/6_neos-4413714-turia_seed-1_20260504_201022/iterated_local_search/run_7_worker_14/ils_config_8204636430636421536.prm
[INFO]:[20:20:55] CPLEX results. Gap: 91.300000, upper bound: 499.635492, lower bound: 43.474651
[INFO]:[20:20:55] CPLEX solver finished. Gap: 91.300000
[INFO]:[20:20:55] Starting CPLEX solver on instance: /home/yorig/tuner/mpils-tests/instances/miplib/easy/neos-4413714-turia.mps with config: /scratch/yorig/mpils-results-grid-seconds-5-4may/easy/16proc/seed-1/6_neos-4413714-turia_seed-1_20260504_201022/iterated_local_search/run_7_worker_14/ils_config_17522384535320031176.prm
[INFO]:[20:20:55] Starting CPLEX solver on instance: /home/yorig/tuner/mpils-tests/instances/miplib/easy/neos-4413714-turia.mps with config: /scratch/yorig/mpils-results-grid-seconds-5-4may/easy/16proc/seed-1/6_neos-4413714-turia_seed-1_20260504_201022/iterated_local_search/run_7_worker_14/ils_config_17522384535320031176.prm
[INFO]:[20:21:00] CPLEX results. Gap: 91.300000, upper bound: 499.635492, lower bound: 43.474651
[INFO]:[20:21:00] CPLEX solver finished. Gap: 91.300000
[INFO]:[20:21:00] Starting CPLEX solver on instance: /home/yorig/tuner/mpils-tests/instances/miplib/easy/neos-4413714-turia.mps with config: /scratch/yorig/mpils-results-grid-seconds-5-4may/easy/16proc/seed-1/6_neos-4413714-turia_seed-1_20260504_201022/iterated_local_search/run_7_worker_14/ils_config_15613786923756949404.prm
[INFO]:[20:21:00] Starting CPLEX solver on instance: /home/yorig/tuner/mpils-tests/instances/miplib/easy/neos-4413714-turia.mps with config: /scratch/yorig/mpils-results-grid-seconds-5-4may/easy/16proc/seed-1/6_neos-4413714-turia_seed-1_20260504_201022/iterated_local_search/run_7_worker_14/ils_config_15613786923756949404.prm
[INFO]:[20:21:05] CPLEX results. Gap: 99.930000, upper bound: 59710.034081, lower bound: 43.474651
[INFO]:[20:21:05] CPLEX solver finished. Gap: 99.930000
[INFO]:[20:21:05] Received global ILS stop signal from rank 11.
[INFO]:[20:21:05] Local search phase completed.
[INFO]:[20:21:05] Total number of new local-search evaluations: 24
[INFO]:[20:21:05] Final incumbent objective value: 91.3
[INFO]:[20:21:08] Worker 14 completed exploration phase.
[INFO]:[20:21:08] Worker 14 received order for step 3.
[INFO]:[20:21:08] Worker 14 finished.
