EvalID,TimeEvaluated,ObjectiveValue,Gap,UpperBound,LowerBound,ConfigID,MipStartID,WorkerID,Iteration,Phase
1,7,35.48,35.480000,1550013250.000006,1000005975.192370,14921508010286178949,null,0,1,0
2,7,50,50.000000,1600010000.000000,800004000.000000,4742023368992659407,null,1,1,0
3,6,48.29,48.290000,1640010000.000000,848007000.000000,13833839775346593887,null,2,1,0
4,7,44.83,44.830000,1450010000.000000,800007000.000000,7691846394389702564,null,3,1,0
5,7,42.82,42.820000,1600010000.000000,914820000.000000,4646249020595888442,null,4,1,0
6,6,0,0.000000,1200010000.000000,1200000000.000000,8324574644124398767,null,5,1,0
7,6,52.24,52.240000,1675020000.000000,800004000.000000,3886030221489175234,null,6,1,0
8,8,38.64,38.640000,1466680000.000000,900006000.000000,3328272113575592546,null,7,1,0
