EvalID,TimeEvaluated,SolverRuntimeSeconds,SolverTerminationStatus,ObjectiveValue,Gap,UpperBound,LowerBound,ConfigID,MipStartID,WorkerID,Iteration,Phase
1,5,5.014806,Normal,8.04,8.040000,364.000000,334.748820,14921508010286178949,null,0,1,0
2,10,5.086091,Normal,8.04,8.040000,364.000000,334.748820,2823934824078185206,null,0,1,0
3,5,5.006500,Normal,1.54,1.540000,340.000000,334.758000,8723278136865304665,null,1,1,0
4,3,3.765900,Normal,0,0.000000,340.000000,340.000000,15446065792237984030,null,2,1,0
5,5,5.015950,Normal,8.04,8.040000,364.000000,334.749000,14075347302301588864,null,3,1,0
