EvalID,TimeEvaluated,SolverRuntimeSeconds,ObjectiveValue,Gap,UpperBound,LowerBound,ConfigID,MipStartID,WorkerID,Iteration,Phase
1,10,10.014368,5.63,5.630000,50.000000,47.186667,14921508010286178949,null,0,1,0
2,20,10.007856,3.7,3.700000,49.000000,47.186667,8683817217222751575,null,0,1,0
3,10,10.032300,0,0.000000,48.000000,48.000000,6439873165248256756,null,1,1,0
4,10,10.029500,0,0.000000,48.000000,48.000000,11502841505915629043,null,2,1,0
5,10,10.010900,5.63,5.630000,50.000000,47.186700,12710294232408245987,null,3,1,0
6,20,10.011000,5.63,5.630000,50.000000,47.186700,14141972750826331920,null,3,1,0
7,30,10.018200,0,0.000000,48.000000,48.000000,15280887202162191513,null,3,1,0
