EvalID,TimeEvaluated,SolverRuntimeSeconds,ObjectiveValue,Gap,UpperBound,LowerBound,ConfigID,MipStartID,WorkerID,Iteration,Phase
1,10,10.017521,0,0.000000,48.000000,48.000000,14921508010286178949,null,0,1,0
2,10,10.020000,0,0.000000,48.000000,48.000000,17514050945686148453,null,1,1,0
