[INFO]:[22:08:51] Worker 4 starting.
[INFO]:[22:08:51] Worker 4 received order for step 1.
[INFO]:[22:08:51] Worker 4 running exploration phase for iteration 1.
[INFO]:[22:08:51] Worker 4 at iteration 1 will not use a MIP start file. Current best MIP-start upper bound threshold is 1.79769e+308.
[INFO]:[22:08:51] Starting local search phase...
[INFO]:[22:08:51] Creating local search space from parameter space file: /scratch/yorig/mpils-results-grid-ticks-10000-7may/medium-2/8proc-1pils/seed-6/10_var-smallemery-m6j6_seed-6_20260510_220850/iterated_local_search/search_space/search_space_file_1_worker_4.txt
[INFO]:[22:08:51] Local search space loaded from file: /scratch/yorig/mpils-results-grid-ticks-10000-7may/medium-2/8proc-1pils/seed-6/10_var-smallemery-m6j6_seed-6_20260510_220850/iterated_local_search/search_space/search_space_file_1_worker_4.txt
[INFO]:[22:08:51] Number of parameters in local search space: 71
[INFO]:[22:08:51] Number of forbidden tuples in local search space: 0
[INFO]:[22:08:51] Number of conditionals in local search space: 6
[INFO]:[22:08:51] MIP start option not enabled. Local search will proceed without MIP start.
[INFO]:[22:08:51] Evaluating initial configuration for local search phase...
[INFO]:[22:08:51] Starting CPLEX solver on instance: /home/yorig/tuner/mpils-tests/instances/miplib/medium-2/var-smallemery-m6j6.mps with config: /scratch/yorig/mpils-results-grid-ticks-10000-7may/medium-2/8proc-1pils/seed-6/10_var-smallemery-m6j6_seed-6_20260510_220850/iterated_local_search/run_1_worker_4/ils_config_807049314724615108.prm
[INFO]:[22:08:51] Starting CPLEX solver on instance: /home/yorig/tuner/mpils-tests/instances/miplib/medium-2/var-smallemery-m6j6.mps with config: /scratch/yorig/mpils-results-grid-ticks-10000-7may/medium-2/8proc-1pils/seed-6/10_var-smallemery-m6j6_seed-6_20260510_220850/iterated_local_search/run_1_worker_4/ils_config_807049314724615108.prm
[INFO]:[22:08:58] CPLEX results. Gap: 5.520000, upper bound: -146.562500, lower bound: -154.649264
[INFO]:[22:08:58] CPLEX solver finished. Gap: 5.520000
[INFO]:[22:08:58] Initial configuration evaluated with objective value: 5.52
[INFO]:[22:08:58] Starting CPLEX solver on instance: /home/yorig/tuner/mpils-tests/instances/miplib/medium-2/var-smallemery-m6j6.mps with config: /scratch/yorig/mpils-results-grid-ticks-10000-7may/medium-2/8proc-1pils/seed-6/10_var-smallemery-m6j6_seed-6_20260510_220850/iterated_local_search/run_1_worker_4/ils_config_7552005639703307404.prm
[INFO]:[22:08:58] Starting CPLEX solver on instance: /home/yorig/tuner/mpils-tests/instances/miplib/medium-2/var-smallemery-m6j6.mps with config: /scratch/yorig/mpils-results-grid-ticks-10000-7may/medium-2/8proc-1pils/seed-6/10_var-smallemery-m6j6_seed-6_20260510_220850/iterated_local_search/run_1_worker_4/ils_config_7552005639703307404.prm
[INFO]:[22:09:06] CPLEX results. Gap: 5.520000, upper bound: -146.562500, lower bound: -154.649264
[INFO]:[22:09:06] CPLEX solver finished. Gap: 5.520000
[INFO]:[22:09:06] Starting CPLEX solver on instance: /home/yorig/tuner/mpils-tests/instances/miplib/medium-2/var-smallemery-m6j6.mps with config: /scratch/yorig/mpils-results-grid-ticks-10000-7may/medium-2/8proc-1pils/seed-6/10_var-smallemery-m6j6_seed-6_20260510_220850/iterated_local_search/run_1_worker_4/ils_config_13172162167312222740.prm
[INFO]:[22:09:06] Starting CPLEX solver on instance: /home/yorig/tuner/mpils-tests/instances/miplib/medium-2/var-smallemery-m6j6.mps with config: /scratch/yorig/mpils-results-grid-ticks-10000-7may/medium-2/8proc-1pils/seed-6/10_var-smallemery-m6j6_seed-6_20260510_220850/iterated_local_search/run_1_worker_4/ils_config_13172162167312222740.prm
[INFO]:[22:09:13] CPLEX results. Gap: 5.350000, upper bound: -147.000000, lower bound: -154.859066
[INFO]:[22:09:13] CPLEX solver finished. Gap: 5.350000
[INFO]:[22:09:13] New incumbent found with objective value: 5.35
[INFO]:[22:09:13] Starting CPLEX solver on instance: /home/yorig/tuner/mpils-tests/instances/miplib/medium-2/var-smallemery-m6j6.mps with config: /scratch/yorig/mpils-results-grid-ticks-10000-7may/medium-2/8proc-1pils/seed-6/10_var-smallemery-m6j6_seed-6_20260510_220850/iterated_local_search/run_1_worker_4/ils_config_1778561826478113968.prm
[INFO]:[22:09:13] Starting CPLEX solver on instance: /home/yorig/tuner/mpils-tests/instances/miplib/medium-2/var-smallemery-m6j6.mps with config: /scratch/yorig/mpils-results-grid-ticks-10000-7may/medium-2/8proc-1pils/seed-6/10_var-smallemery-m6j6_seed-6_20260510_220850/iterated_local_search/run_1_worker_4/ils_config_1778561826478113968.prm
[INFO]:[22:09:21] CPLEX results. Gap: 5.160000, upper bound: -147.093750, lower bound: -154.685290
[INFO]:[22:09:21] CPLEX solver finished. Gap: 5.160000
[INFO]:[22:09:21] New incumbent found with objective value: 5.16
[INFO]:[22:09:21] Starting CPLEX solver on instance: /home/yorig/tuner/mpils-tests/instances/miplib/medium-2/var-smallemery-m6j6.mps with config: /scratch/yorig/mpils-results-grid-ticks-10000-7may/medium-2/8proc-1pils/seed-6/10_var-smallemery-m6j6_seed-6_20260510_220850/iterated_local_search/run_1_worker_4/ils_config_17407462376263541571.prm
[INFO]:[22:09:21] Starting CPLEX solver on instance: /home/yorig/tuner/mpils-tests/instances/miplib/medium-2/var-smallemery-m6j6.mps with config: /scratch/yorig/mpils-results-grid-ticks-10000-7may/medium-2/8proc-1pils/seed-6/10_var-smallemery-m6j6_seed-6_20260510_220850/iterated_local_search/run_1_worker_4/ils_config_17407462376263541571.prm
[INFO]:[22:09:28] CPLEX results. Gap: 5.450000, upper bound: -146.906250, lower bound: -154.909232
[INFO]:[22:09:28] CPLEX solver finished. Gap: 5.450000
[INFO]:[22:09:28] Starting CPLEX solver on instance: /home/yorig/tuner/mpils-tests/instances/miplib/medium-2/var-smallemery-m6j6.mps with config: /scratch/yorig/mpils-results-grid-ticks-10000-7may/medium-2/8proc-1pils/seed-6/10_var-smallemery-m6j6_seed-6_20260510_220850/iterated_local_search/run_1_worker_4/ils_config_6474903004173138281.prm
[INFO]:[22:09:28] Starting CPLEX solver on instance: /home/yorig/tuner/mpils-tests/instances/miplib/medium-2/var-smallemery-m6j6.mps with config: /scratch/yorig/mpils-results-grid-ticks-10000-7may/medium-2/8proc-1pils/seed-6/10_var-smallemery-m6j6_seed-6_20260510_220850/iterated_local_search/run_1_worker_4/ils_config_6474903004173138281.prm
[INFO]:[22:09:36] CPLEX results. Gap: 5.160000, upper bound: -147.093750, lower bound: -154.685290
[INFO]:[22:09:36] CPLEX solver finished. Gap: 5.160000
[INFO]:[22:09:36] Starting CPLEX solver on instance: /home/yorig/tuner/mpils-tests/instances/miplib/medium-2/var-smallemery-m6j6.mps with config: /scratch/yorig/mpils-results-grid-ticks-10000-7may/medium-2/8proc-1pils/seed-6/10_var-smallemery-m6j6_seed-6_20260510_220850/iterated_local_search/run_1_worker_4/ils_config_2325843838537601962.prm
[INFO]:[22:09:36] Starting CPLEX solver on instance: /home/yorig/tuner/mpils-tests/instances/miplib/medium-2/var-smallemery-m6j6.mps with config: /scratch/yorig/mpils-results-grid-ticks-10000-7may/medium-2/8proc-1pils/seed-6/10_var-smallemery-m6j6_seed-6_20260510_220850/iterated_local_search/run_1_worker_4/ils_config_2325843838537601962.prm
[INFO]:[22:09:44] CPLEX results. Gap: 5.160000, upper bound: -147.093750, lower bound: -154.685290
[INFO]:[22:09:44] CPLEX solver finished. Gap: 5.160000
[INFO]:[22:09:44] Starting CPLEX solver on instance: /home/yorig/tuner/mpils-tests/instances/miplib/medium-2/var-smallemery-m6j6.mps with config: /scratch/yorig/mpils-results-grid-ticks-10000-7may/medium-2/8proc-1pils/seed-6/10_var-smallemery-m6j6_seed-6_20260510_220850/iterated_local_search/run_1_worker_4/ils_config_5534359031191611254.prm
[INFO]:[22:09:44] Starting CPLEX solver on instance: /home/yorig/tuner/mpils-tests/instances/miplib/medium-2/var-smallemery-m6j6.mps with config: /scratch/yorig/mpils-results-grid-ticks-10000-7may/medium-2/8proc-1pils/seed-6/10_var-smallemery-m6j6_seed-6_20260510_220850/iterated_local_search/run_1_worker_4/ils_config_5534359031191611254.prm
[INFO]:[22:09:51] CPLEX results. Gap: 5.520000, upper bound: -146.562500, lower bound: -154.649264
[INFO]:[22:09:51] CPLEX solver finished. Gap: 5.520000
[INFO]:[22:09:51] Starting CPLEX solver on instance: /home/yorig/tuner/mpils-tests/instances/miplib/medium-2/var-smallemery-m6j6.mps with config: /scratch/yorig/mpils-results-grid-ticks-10000-7may/medium-2/8proc-1pils/seed-6/10_var-smallemery-m6j6_seed-6_20260510_220850/iterated_local_search/run_1_worker_4/ils_config_13540264790175056929.prm
[INFO]:[22:09:51] Starting CPLEX solver on instance: /home/yorig/tuner/mpils-tests/instances/miplib/medium-2/var-smallemery-m6j6.mps with config: /scratch/yorig/mpils-results-grid-ticks-10000-7may/medium-2/8proc-1pils/seed-6/10_var-smallemery-m6j6_seed-6_20260510_220850/iterated_local_search/run_1_worker_4/ils_config_13540264790175056929.prm
[INFO]:[22:09:59] CPLEX results. Gap: 5.160000, upper bound: -147.093750, lower bound: -154.685290
[INFO]:[22:09:59] CPLEX solver finished. Gap: 5.160000
[INFO]:[22:09:59] Starting CPLEX solver on instance: /home/yorig/tuner/mpils-tests/instances/miplib/medium-2/var-smallemery-m6j6.mps with config: /scratch/yorig/mpils-results-grid-ticks-10000-7may/medium-2/8proc-1pils/seed-6/10_var-smallemery-m6j6_seed-6_20260510_220850/iterated_local_search/run_1_worker_4/ils_config_1538196441579658619.prm
[INFO]:[22:09:59] Starting CPLEX solver on instance: /home/yorig/tuner/mpils-tests/instances/miplib/medium-2/var-smallemery-m6j6.mps with config: /scratch/yorig/mpils-results-grid-ticks-10000-7may/medium-2/8proc-1pils/seed-6/10_var-smallemery-m6j6_seed-6_20260510_220850/iterated_local_search/run_1_worker_4/ils_config_1538196441579658619.prm
[INFO]:[22:10:06] CPLEX results. Gap: 5.160000, upper bound: -147.093750, lower bound: -154.685290
[INFO]:[22:10:06] CPLEX solver finished. Gap: 5.160000
[INFO]:[22:10:06] Starting CPLEX solver on instance: /home/yorig/tuner/mpils-tests/instances/miplib/medium-2/var-smallemery-m6j6.mps with config: /scratch/yorig/mpils-results-grid-ticks-10000-7may/medium-2/8proc-1pils/seed-6/10_var-smallemery-m6j6_seed-6_20260510_220850/iterated_local_search/run_1_worker_4/ils_config_1150471482901884225.prm
[INFO]:[22:10:06] Starting CPLEX solver on instance: /home/yorig/tuner/mpils-tests/instances/miplib/medium-2/var-smallemery-m6j6.mps with config: /scratch/yorig/mpils-results-grid-ticks-10000-7may/medium-2/8proc-1pils/seed-6/10_var-smallemery-m6j6_seed-6_20260510_220850/iterated_local_search/run_1_worker_4/ils_config_1150471482901884225.prm
[INFO]:[22:10:13] CPLEX results. Gap: 5.160000, upper bound: -147.093750, lower bound: -154.685290
[INFO]:[22:10:13] CPLEX solver finished. Gap: 5.160000
[INFO]:[22:10:13] Starting CPLEX solver on instance: /home/yorig/tuner/mpils-tests/instances/miplib/medium-2/var-smallemery-m6j6.mps with config: /scratch/yorig/mpils-results-grid-ticks-10000-7may/medium-2/8proc-1pils/seed-6/10_var-smallemery-m6j6_seed-6_20260510_220850/iterated_local_search/run_1_worker_4/ils_config_10714755806888781140.prm
[INFO]:[22:10:13] Starting CPLEX solver on instance: /home/yorig/tuner/mpils-tests/instances/miplib/medium-2/var-smallemery-m6j6.mps with config: /scratch/yorig/mpils-results-grid-ticks-10000-7may/medium-2/8proc-1pils/seed-6/10_var-smallemery-m6j6_seed-6_20260510_220850/iterated_local_search/run_1_worker_4/ils_config_10714755806888781140.prm
[INFO]:[22:10:21] CPLEX results. Gap: 5.160000, upper bound: -147.093750, lower bound: -154.685290
[INFO]:[22:10:21] CPLEX solver finished. Gap: 5.160000
[INFO]:[22:10:21] Starting CPLEX solver on instance: /home/yorig/tuner/mpils-tests/instances/miplib/medium-2/var-smallemery-m6j6.mps with config: /scratch/yorig/mpils-results-grid-ticks-10000-7may/medium-2/8proc-1pils/seed-6/10_var-smallemery-m6j6_seed-6_20260510_220850/iterated_local_search/run_1_worker_4/ils_config_6068299547548079039.prm
[INFO]:[22:10:21] Starting CPLEX solver on instance: /home/yorig/tuner/mpils-tests/instances/miplib/medium-2/var-smallemery-m6j6.mps with config: /scratch/yorig/mpils-results-grid-ticks-10000-7may/medium-2/8proc-1pils/seed-6/10_var-smallemery-m6j6_seed-6_20260510_220850/iterated_local_search/run_1_worker_4/ils_config_6068299547548079039.prm
[INFO]:[22:10:28] CPLEX results. Gap: 7.190000, upper bound: -144.875000, lower bound: -155.292478
[INFO]:[22:10:28] CPLEX solver finished. Gap: 7.190000
[INFO]:[22:10:28] Starting CPLEX solver on instance: /home/yorig/tuner/mpils-tests/instances/miplib/medium-2/var-smallemery-m6j6.mps with config: /scratch/yorig/mpils-results-grid-ticks-10000-7may/medium-2/8proc-1pils/seed-6/10_var-smallemery-m6j6_seed-6_20260510_220850/iterated_local_search/run_1_worker_4/ils_config_3856137140583412101.prm
[INFO]:[22:10:28] Starting CPLEX solver on instance: /home/yorig/tuner/mpils-tests/instances/miplib/medium-2/var-smallemery-m6j6.mps with config: /scratch/yorig/mpils-results-grid-ticks-10000-7may/medium-2/8proc-1pils/seed-6/10_var-smallemery-m6j6_seed-6_20260510_220850/iterated_local_search/run_1_worker_4/ils_config_3856137140583412101.prm
[INFO]:[22:10:35] CPLEX results. Gap: 5.160000, upper bound: -147.093750, lower bound: -154.685290
[INFO]:[22:10:35] CPLEX solver finished. Gap: 5.160000
[INFO]:[22:10:35] Starting CPLEX solver on instance: /home/yorig/tuner/mpils-tests/instances/miplib/medium-2/var-smallemery-m6j6.mps with config: /scratch/yorig/mpils-results-grid-ticks-10000-7may/medium-2/8proc-1pils/seed-6/10_var-smallemery-m6j6_seed-6_20260510_220850/iterated_local_search/run_1_worker_4/ils_config_8650110992670411108.prm
[INFO]:[22:10:35] Starting CPLEX solver on instance: /home/yorig/tuner/mpils-tests/instances/miplib/medium-2/var-smallemery-m6j6.mps with config: /scratch/yorig/mpils-results-grid-ticks-10000-7may/medium-2/8proc-1pils/seed-6/10_var-smallemery-m6j6_seed-6_20260510_220850/iterated_local_search/run_1_worker_4/ils_config_8650110992670411108.prm
[INFO]:[22:10:42] CPLEX results. Gap: 5.160000, upper bound: -147.093750, lower bound: -154.685290
[INFO]:[22:10:42] CPLEX solver finished. Gap: 5.160000
[INFO]:[22:10:42] Starting CPLEX solver on instance: /home/yorig/tuner/mpils-tests/instances/miplib/medium-2/var-smallemery-m6j6.mps with config: /scratch/yorig/mpils-results-grid-ticks-10000-7may/medium-2/8proc-1pils/seed-6/10_var-smallemery-m6j6_seed-6_20260510_220850/iterated_local_search/run_1_worker_4/ils_config_11921784721208773986.prm
[INFO]:[22:10:42] Starting CPLEX solver on instance: /home/yorig/tuner/mpils-tests/instances/miplib/medium-2/var-smallemery-m6j6.mps with config: /scratch/yorig/mpils-results-grid-ticks-10000-7may/medium-2/8proc-1pils/seed-6/10_var-smallemery-m6j6_seed-6_20260510_220850/iterated_local_search/run_1_worker_4/ils_config_11921784721208773986.prm
[INFO]:[22:10:50] CPLEX results. Gap: 5.160000, upper bound: -147.093750, lower bound: -154.685290
[INFO]:[22:10:50] CPLEX solver finished. Gap: 5.160000
[INFO]:[22:10:50] Starting CPLEX solver on instance: /home/yorig/tuner/mpils-tests/instances/miplib/medium-2/var-smallemery-m6j6.mps with config: /scratch/yorig/mpils-results-grid-ticks-10000-7may/medium-2/8proc-1pils/seed-6/10_var-smallemery-m6j6_seed-6_20260510_220850/iterated_local_search/run_1_worker_4/ils_config_16186794460022626074.prm
[INFO]:[22:10:50] Starting CPLEX solver on instance: /home/yorig/tuner/mpils-tests/instances/miplib/medium-2/var-smallemery-m6j6.mps with config: /scratch/yorig/mpils-results-grid-ticks-10000-7may/medium-2/8proc-1pils/seed-6/10_var-smallemery-m6j6_seed-6_20260510_220850/iterated_local_search/run_1_worker_4/ils_config_16186794460022626074.prm
[INFO]:[22:10:57] CPLEX results. Gap: 5.160000, upper bound: -147.093750, lower bound: -154.685290
[INFO]:[22:10:57] CPLEX solver finished. Gap: 5.160000
[INFO]:[22:10:57] Starting CPLEX solver on instance: /home/yorig/tuner/mpils-tests/instances/miplib/medium-2/var-smallemery-m6j6.mps with config: /scratch/yorig/mpils-results-grid-ticks-10000-7may/medium-2/8proc-1pils/seed-6/10_var-smallemery-m6j6_seed-6_20260510_220850/iterated_local_search/run_1_worker_4/ils_config_1054016664323137048.prm
[INFO]:[22:10:57] Starting CPLEX solver on instance: /home/yorig/tuner/mpils-tests/instances/miplib/medium-2/var-smallemery-m6j6.mps with config: /scratch/yorig/mpils-results-grid-ticks-10000-7may/medium-2/8proc-1pils/seed-6/10_var-smallemery-m6j6_seed-6_20260510_220850/iterated_local_search/run_1_worker_4/ils_config_1054016664323137048.prm
[INFO]:[22:11:05] CPLEX results. Gap: 5.520000, upper bound: -146.562500, lower bound: -154.649264
[INFO]:[22:11:05] CPLEX solver finished. Gap: 5.520000
[INFO]:[22:11:05] Starting CPLEX solver on instance: /home/yorig/tuner/mpils-tests/instances/miplib/medium-2/var-smallemery-m6j6.mps with config: /scratch/yorig/mpils-results-grid-ticks-10000-7may/medium-2/8proc-1pils/seed-6/10_var-smallemery-m6j6_seed-6_20260510_220850/iterated_local_search/run_1_worker_4/ils_config_15910183281657926526.prm
[INFO]:[22:11:05] Starting CPLEX solver on instance: /home/yorig/tuner/mpils-tests/instances/miplib/medium-2/var-smallemery-m6j6.mps with config: /scratch/yorig/mpils-results-grid-ticks-10000-7may/medium-2/8proc-1pils/seed-6/10_var-smallemery-m6j6_seed-6_20260510_220850/iterated_local_search/run_1_worker_4/ils_config_15910183281657926526.prm
[INFO]:[22:11:12] CPLEX results. Gap: 5.160000, upper bound: -147.093750, lower bound: -154.685290
[INFO]:[22:11:12] CPLEX solver finished. Gap: 5.160000
[INFO]:[22:11:12] Starting CPLEX solver on instance: /home/yorig/tuner/mpils-tests/instances/miplib/medium-2/var-smallemery-m6j6.mps with config: /scratch/yorig/mpils-results-grid-ticks-10000-7may/medium-2/8proc-1pils/seed-6/10_var-smallemery-m6j6_seed-6_20260510_220850/iterated_local_search/run_1_worker_4/ils_config_7738421643558722607.prm
[INFO]:[22:11:12] Starting CPLEX solver on instance: /home/yorig/tuner/mpils-tests/instances/miplib/medium-2/var-smallemery-m6j6.mps with config: /scratch/yorig/mpils-results-grid-ticks-10000-7may/medium-2/8proc-1pils/seed-6/10_var-smallemery-m6j6_seed-6_20260510_220850/iterated_local_search/run_1_worker_4/ils_config_7738421643558722607.prm
[INFO]:[22:11:19] CPLEX results. Gap: 5.160000, upper bound: -147.093750, lower bound: -154.685290
[INFO]:[22:11:19] CPLEX solver finished. Gap: 5.160000
[INFO]:[22:11:19] Local search phase completed.
[INFO]:[22:11:19] Total number of new local-search evaluations: 20
[INFO]:[22:11:19] Final incumbent objective value: 5.16
[INFO]:[22:11:21] Worker 4 completed exploration phase.
[INFO]:[22:11:21] Worker 4 received order for step 2.
[INFO]:[22:11:21] Worker 4 running expansion phase for iteration 1.
[INFO]:[22:11:21] Worker 4 will use solver log file: /scratch/yorig/mpils-results-grid-ticks-10000-7may/medium-2/8proc-1pils/seed-6/10_var-smallemery-m6j6_seed-6_20260510_220850/solver/cplex.log_iteration_expansion_1_worker_4
[INFO]:[22:11:21] Expansion Worker 4 starting expansion for iteration 1.
[INFO]:[22:11:21] Starting CPLEX solver on instance: /home/yorig/tuner/mpils-tests/instances/miplib/medium-2/var-smallemery-m6j6.mps with config: /scratch/yorig/mpils-results-grid-ticks-10000-7may/medium-2/8proc-1pils/seed-6/10_var-smallemery-m6j6_seed-6_20260510_220850/expansion/config_param_CPXPARAM_MIP_Cuts_Covers_-1_iter_1.prm
[INFO]:[22:11:28] CPLEX results. Gap: 4.830000, upper bound: -147.500000, lower bound: -154.624711
[INFO]:[22:11:28] CPLEX solver finished. Gap: 4.830000
[INFO]:[22:11:28] Starting CPLEX solver on instance: /home/yorig/tuner/mpils-tests/instances/miplib/medium-2/var-smallemery-m6j6.mps with config: /scratch/yorig/mpils-results-grid-ticks-10000-7may/medium-2/8proc-1pils/seed-6/10_var-smallemery-m6j6_seed-6_20260510_220850/expansion/config_param_CPXPARAM_MIP_Strategy_VariableSelect_4_iter_1.prm
[INFO]:[22:11:35] CPLEX results. Gap: 3.340000, upper bound: -149.375000, lower bound: -154.366550
[INFO]:[22:11:35] CPLEX solver finished. Gap: 3.340000
[INFO]:[22:11:36] Starting CPLEX solver on instance: /home/yorig/tuner/mpils-tests/instances/miplib/medium-2/var-smallemery-m6j6.mps with config: /scratch/yorig/mpils-results-grid-ticks-10000-7may/medium-2/8proc-1pils/seed-6/10_var-smallemery-m6j6_seed-6_20260510_220850/expansion/config_param_CPXPARAM_MIP_Limits_ProbeTime_1_iter_1.prm
[INFO]:[22:11:43] CPLEX results. Gap: 6.950000, upper bound: -145.906250, lower bound: -156.048283
[INFO]:[22:11:43] CPLEX solver finished. Gap: 6.950000
[INFO]:[22:11:44] Starting CPLEX solver on instance: /home/yorig/tuner/mpils-tests/instances/miplib/medium-2/var-smallemery-m6j6.mps with config: /scratch/yorig/mpils-results-grid-ticks-10000-7may/medium-2/8proc-1pils/seed-6/10_var-smallemery-m6j6_seed-6_20260510_220850/expansion/config_param_CPXPARAM_MIP_Limits_ProbeTime_60_iter_1.prm
[INFO]:[22:11:51] CPLEX results. Gap: 6.950000, upper bound: -145.906250, lower bound: -156.048283
[INFO]:[22:11:51] CPLEX solver finished. Gap: 6.950000
[INFO]:[22:11:51] Starting CPLEX solver on instance: /home/yorig/tuner/mpils-tests/instances/miplib/medium-2/var-smallemery-m6j6.mps with config: /scratch/yorig/mpils-results-grid-ticks-10000-7may/medium-2/8proc-1pils/seed-6/10_var-smallemery-m6j6_seed-6_20260510_220850/expansion/config_param_CPXPARAM_MIP_Strategy_RINSHeur_200_iter_1.prm
[INFO]:[22:11:59] CPLEX results. Gap: 3.340000, upper bound: -149.375000, lower bound: -154.366550
[INFO]:[22:11:59] CPLEX solver finished. Gap: 3.340000
[INFO]:[22:11:59] Starting CPLEX solver on instance: /home/yorig/tuner/mpils-tests/instances/miplib/medium-2/var-smallemery-m6j6.mps with config: /scratch/yorig/mpils-results-grid-ticks-10000-7may/medium-2/8proc-1pils/seed-6/10_var-smallemery-m6j6_seed-6_20260510_220850/expansion/config_param_CPXPARAM_MIP_Strategy_BBInterval_10_iter_1.prm
[INFO]:[22:12:06] CPLEX results. Gap: 3.340000, upper bound: -149.375000, lower bound: -154.366550
[INFO]:[22:12:06] CPLEX solver finished. Gap: 3.340000
[INFO]:[22:12:06] Starting CPLEX solver on instance: /home/yorig/tuner/mpils-tests/instances/miplib/medium-2/var-smallemery-m6j6.mps with config: /scratch/yorig/mpils-results-grid-ticks-10000-7may/medium-2/8proc-1pils/seed-6/10_var-smallemery-m6j6_seed-6_20260510_220850/expansion/config_param_CPXPARAM_MIP_Limits_CutsFactor_8_iter_1.prm
[INFO]:[22:12:14] CPLEX results. Gap: 3.340000, upper bound: -149.375000, lower bound: -154.366550
[INFO]:[22:12:14] CPLEX solver finished. Gap: 3.340000
[INFO]:[22:12:14] Expansion Worker 4 stopping early after global MPI expansion stop was activated.
[INFO]:[22:12:14] Expansion Worker 4 completed expansion.
[INFO]:[22:12:14] Worker 4 completed expansion phase.
[INFO]:[22:12:14] Worker 4 received order for step 1.
[INFO]:[22:12:14] Worker 4 running exploration phase for iteration 2.
[INFO]:[22:12:14] Worker 4 at iteration 2 will not use a MIP start file. Current best MIP-start upper bound threshold is 1.79769e+308.
[INFO]:[22:12:14] Starting local search phase...
[INFO]:[22:12:14] Creating local search space from parameter space file: /scratch/yorig/mpils-results-grid-ticks-10000-7may/medium-2/8proc-1pils/seed-6/10_var-smallemery-m6j6_seed-6_20260510_220850/iterated_local_search/search_space/search_space_file_2_worker_4.txt
[INFO]:[22:12:14] Local search space loaded from file: /scratch/yorig/mpils-results-grid-ticks-10000-7may/medium-2/8proc-1pils/seed-6/10_var-smallemery-m6j6_seed-6_20260510_220850/iterated_local_search/search_space/search_space_file_2_worker_4.txt
[INFO]:[22:12:14] Number of parameters in local search space: 71
[INFO]:[22:12:14] Number of forbidden tuples in local search space: 9
[INFO]:[22:12:14] Number of conditionals in local search space: 6
[INFO]:[22:12:14] MIP start option not enabled. Local search will proceed without MIP start.
[INFO]:[22:12:14] Evaluating initial configuration for local search phase...
[INFO]:[22:12:14] Starting CPLEX solver on instance: /home/yorig/tuner/mpils-tests/instances/miplib/medium-2/var-smallemery-m6j6.mps with config: /scratch/yorig/mpils-results-grid-ticks-10000-7may/medium-2/8proc-1pils/seed-6/10_var-smallemery-m6j6_seed-6_20260510_220850/iterated_local_search/run_2_worker_4/ils_config_15035554961044200010.prm
[INFO]:[22:12:14] Starting CPLEX solver on instance: /home/yorig/tuner/mpils-tests/instances/miplib/medium-2/var-smallemery-m6j6.mps with config: /scratch/yorig/mpils-results-grid-ticks-10000-7may/medium-2/8proc-1pils/seed-6/10_var-smallemery-m6j6_seed-6_20260510_220850/iterated_local_search/run_2_worker_4/ils_config_15035554961044200010.prm
[INFO]:[22:12:21] CPLEX results. Gap: 7.400000, upper bound: -144.937500, lower bound: -155.664570
[INFO]:[22:12:21] CPLEX solver finished. Gap: 7.400000
[INFO]:[22:12:21] Initial configuration evaluated with objective value: 7.4
[INFO]:[22:12:21] Starting CPLEX solver on instance: /home/yorig/tuner/mpils-tests/instances/miplib/medium-2/var-smallemery-m6j6.mps with config: /scratch/yorig/mpils-results-grid-ticks-10000-7may/medium-2/8proc-1pils/seed-6/10_var-smallemery-m6j6_seed-6_20260510_220850/iterated_local_search/run_2_worker_4/ils_config_16394500095903110456.prm
[INFO]:[22:12:21] Starting CPLEX solver on instance: /home/yorig/tuner/mpils-tests/instances/miplib/medium-2/var-smallemery-m6j6.mps with config: /scratch/yorig/mpils-results-grid-ticks-10000-7may/medium-2/8proc-1pils/seed-6/10_var-smallemery-m6j6_seed-6_20260510_220850/iterated_local_search/run_2_worker_4/ils_config_16394500095903110456.prm
[INFO]:[22:12:28] CPLEX results. Gap: 8.330000, upper bound: -143.843750, lower bound: -155.832090
[INFO]:[22:12:28] CPLEX solver finished. Gap: 8.330000
[INFO]:[22:12:28] Starting CPLEX solver on instance: /home/yorig/tuner/mpils-tests/instances/miplib/medium-2/var-smallemery-m6j6.mps with config: /scratch/yorig/mpils-results-grid-ticks-10000-7may/medium-2/8proc-1pils/seed-6/10_var-smallemery-m6j6_seed-6_20260510_220850/iterated_local_search/run_2_worker_4/ils_config_1363274964482700027.prm
[INFO]:[22:12:28] Starting CPLEX solver on instance: /home/yorig/tuner/mpils-tests/instances/miplib/medium-2/var-smallemery-m6j6.mps with config: /scratch/yorig/mpils-results-grid-ticks-10000-7may/medium-2/8proc-1pils/seed-6/10_var-smallemery-m6j6_seed-6_20260510_220850/iterated_local_search/run_2_worker_4/ils_config_1363274964482700027.prm
[INFO]:[22:12:35] CPLEX results. Gap: 7.400000, upper bound: -144.937500, lower bound: -155.664570
[INFO]:[22:12:35] CPLEX solver finished. Gap: 7.400000
[INFO]:[22:12:35] Starting CPLEX solver on instance: /home/yorig/tuner/mpils-tests/instances/miplib/medium-2/var-smallemery-m6j6.mps with config: /scratch/yorig/mpils-results-grid-ticks-10000-7may/medium-2/8proc-1pils/seed-6/10_var-smallemery-m6j6_seed-6_20260510_220850/iterated_local_search/run_2_worker_4/ils_config_12158808666770413034.prm
[INFO]:[22:12:35] Starting CPLEX solver on instance: /home/yorig/tuner/mpils-tests/instances/miplib/medium-2/var-smallemery-m6j6.mps with config: /scratch/yorig/mpils-results-grid-ticks-10000-7may/medium-2/8proc-1pils/seed-6/10_var-smallemery-m6j6_seed-6_20260510_220850/iterated_local_search/run_2_worker_4/ils_config_12158808666770413034.prm
[INFO]:[22:12:42] CPLEX results. Gap: 7.400000, upper bound: -144.937500, lower bound: -155.664570
[INFO]:[22:12:42] CPLEX solver finished. Gap: 7.400000
[INFO]:[22:12:42] Starting CPLEX solver on instance: /home/yorig/tuner/mpils-tests/instances/miplib/medium-2/var-smallemery-m6j6.mps with config: /scratch/yorig/mpils-results-grid-ticks-10000-7may/medium-2/8proc-1pils/seed-6/10_var-smallemery-m6j6_seed-6_20260510_220850/iterated_local_search/run_2_worker_4/ils_config_18343033129638122894.prm
[INFO]:[22:12:42] Starting CPLEX solver on instance: /home/yorig/tuner/mpils-tests/instances/miplib/medium-2/var-smallemery-m6j6.mps with config: /scratch/yorig/mpils-results-grid-ticks-10000-7may/medium-2/8proc-1pils/seed-6/10_var-smallemery-m6j6_seed-6_20260510_220850/iterated_local_search/run_2_worker_4/ils_config_18343033129638122894.prm
[INFO]:[22:12:48] CPLEX results. Gap: 7.400000, upper bound: -144.937500, lower bound: -155.664570
[INFO]:[22:12:48] CPLEX solver finished. Gap: 7.400000
[INFO]:[22:12:48] Starting CPLEX solver on instance: /home/yorig/tuner/mpils-tests/instances/miplib/medium-2/var-smallemery-m6j6.mps with config: /scratch/yorig/mpils-results-grid-ticks-10000-7may/medium-2/8proc-1pils/seed-6/10_var-smallemery-m6j6_seed-6_20260510_220850/iterated_local_search/run_2_worker_4/ils_config_18142500751420925590.prm
[INFO]:[22:12:48] Starting CPLEX solver on instance: /home/yorig/tuner/mpils-tests/instances/miplib/medium-2/var-smallemery-m6j6.mps with config: /scratch/yorig/mpils-results-grid-ticks-10000-7may/medium-2/8proc-1pils/seed-6/10_var-smallemery-m6j6_seed-6_20260510_220850/iterated_local_search/run_2_worker_4/ils_config_18142500751420925590.prm
[INFO]:[22:12:55] CPLEX results. Gap: 7.400000, upper bound: -144.937500, lower bound: -155.664570
[INFO]:[22:12:55] CPLEX solver finished. Gap: 7.400000
[INFO]:[22:12:55] Starting CPLEX solver on instance: /home/yorig/tuner/mpils-tests/instances/miplib/medium-2/var-smallemery-m6j6.mps with config: /scratch/yorig/mpils-results-grid-ticks-10000-7may/medium-2/8proc-1pils/seed-6/10_var-smallemery-m6j6_seed-6_20260510_220850/iterated_local_search/run_2_worker_4/ils_config_7322642191098047141.prm
[INFO]:[22:12:55] Starting CPLEX solver on instance: /home/yorig/tuner/mpils-tests/instances/miplib/medium-2/var-smallemery-m6j6.mps with config: /scratch/yorig/mpils-results-grid-ticks-10000-7may/medium-2/8proc-1pils/seed-6/10_var-smallemery-m6j6_seed-6_20260510_220850/iterated_local_search/run_2_worker_4/ils_config_7322642191098047141.prm
[INFO]:[22:13:02] CPLEX results. Gap: 7.400000, upper bound: -144.937500, lower bound: -155.664570
[INFO]:[22:13:02] CPLEX solver finished. Gap: 7.400000
[INFO]:[22:13:02] Starting CPLEX solver on instance: /home/yorig/tuner/mpils-tests/instances/miplib/medium-2/var-smallemery-m6j6.mps with config: /scratch/yorig/mpils-results-grid-ticks-10000-7may/medium-2/8proc-1pils/seed-6/10_var-smallemery-m6j6_seed-6_20260510_220850/iterated_local_search/run_2_worker_4/ils_config_14195389809457292706.prm
[INFO]:[22:13:02] Starting CPLEX solver on instance: /home/yorig/tuner/mpils-tests/instances/miplib/medium-2/var-smallemery-m6j6.mps with config: /scratch/yorig/mpils-results-grid-ticks-10000-7may/medium-2/8proc-1pils/seed-6/10_var-smallemery-m6j6_seed-6_20260510_220850/iterated_local_search/run_2_worker_4/ils_config_14195389809457292706.prm
[INFO]:[22:13:09] CPLEX results. Gap: 6.750000, upper bound: -145.906250, lower bound: -155.755393
[INFO]:[22:13:09] CPLEX solver finished. Gap: 6.750000
[INFO]:[22:13:09] New incumbent found with objective value: 6.75
[INFO]:[22:13:09] Starting CPLEX solver on instance: /home/yorig/tuner/mpils-tests/instances/miplib/medium-2/var-smallemery-m6j6.mps with config: /scratch/yorig/mpils-results-grid-ticks-10000-7may/medium-2/8proc-1pils/seed-6/10_var-smallemery-m6j6_seed-6_20260510_220850/iterated_local_search/run_2_worker_4/ils_config_10203617830325262103.prm
[INFO]:[22:13:09] Starting CPLEX solver on instance: /home/yorig/tuner/mpils-tests/instances/miplib/medium-2/var-smallemery-m6j6.mps with config: /scratch/yorig/mpils-results-grid-ticks-10000-7may/medium-2/8proc-1pils/seed-6/10_var-smallemery-m6j6_seed-6_20260510_220850/iterated_local_search/run_2_worker_4/ils_config_10203617830325262103.prm
[INFO]:[22:13:15] CPLEX results. Gap: 6.750000, upper bound: -145.906250, lower bound: -155.755393
[INFO]:[22:13:15] CPLEX solver finished. Gap: 6.750000
[INFO]:[22:13:15] Local search phase completed.
[INFO]:[22:13:15] Total number of new local-search evaluations: 9
[INFO]:[22:13:15] Final incumbent objective value: 6.75
[INFO]:[22:13:19] Worker 4 completed exploration phase.
[INFO]:[22:13:19] Worker 4 received order for step 2.
[INFO]:[22:13:19] Worker 4 running expansion phase for iteration 2.
[INFO]:[22:13:19] Worker 4 will use solver log file: /scratch/yorig/mpils-results-grid-ticks-10000-7may/medium-2/8proc-1pils/seed-6/10_var-smallemery-m6j6_seed-6_20260510_220850/solver/cplex.log_iteration_expansion_2_worker_4
[INFO]:[22:13:19] Expansion Worker 4 starting expansion for iteration 2.
[INFO]:[22:13:19] Starting CPLEX solver on instance: /home/yorig/tuner/mpils-tests/instances/miplib/medium-2/var-smallemery-m6j6.mps with config: /scratch/yorig/mpils-results-grid-ticks-10000-7may/medium-2/8proc-1pils/seed-6/10_var-smallemery-m6j6_seed-6_20260510_220850/expansion/config_param_CPXPARAM_MIP_Limits_CutsFactor_16_iter_2.prm
[INFO]:[22:13:26] CPLEX results. Gap: 3.260000, upper bound: -149.375000, lower bound: -154.239006
[INFO]:[22:13:26] CPLEX solver finished. Gap: 3.260000
[INFO]:[22:13:27] Starting CPLEX solver on instance: /home/yorig/tuner/mpils-tests/instances/miplib/medium-2/var-smallemery-m6j6.mps with config: /scratch/yorig/mpils-results-grid-ticks-10000-7may/medium-2/8proc-1pils/seed-6/10_var-smallemery-m6j6_seed-6_20260510_220850/expansion/config_param_CPXPARAM_Preprocessing_Symmetry_1_iter_2.prm
[INFO]:[22:13:34] CPLEX results. Gap: 5.740000, upper bound: -145.906250, lower bound: -154.278762
[INFO]:[22:13:34] CPLEX solver finished. Gap: 5.740000
[INFO]:[22:13:34] Starting CPLEX solver on instance: /home/yorig/tuner/mpils-tests/instances/miplib/medium-2/var-smallemery-m6j6.mps with config: /scratch/yorig/mpils-results-grid-ticks-10000-7may/medium-2/8proc-1pils/seed-6/10_var-smallemery-m6j6_seed-6_20260510_220850/expansion/config_param_CPXPARAM_MIP_Strategy_HeuristicFreq_-1_iter_2.prm
[WARN]:[22:13:41] CPLEX finished without a primal feasible solution for config /scratch/yorig/mpils-results-grid-ticks-10000-7may/medium-2/8proc-1pils/seed-6/10_var-smallemery-m6j6_seed-6_20260510_220850/expansion/config_param_CPXPARAM_MIP_Strategy_HeuristicFreq_-1_iter_2.prm.
[INFO]:[22:13:41] CPLEX results. Gap: unavailable, upper bound: null, lower bound: -155.128577
[INFO]:[22:13:41] CPLEX solver finished. Gap: 179769313486231570814527423731704356798070567525844996598917476803157260780028538760589558632766878171540458953514382464234321326889464182768467546703537516986049910576551282076245490090389328944075868508455133942304583236903222948165808559332123348274797826204144723168738177180919299881250404026184124858368.000000
[INFO]:[22:13:41] Expansion Worker 4 stopping early after global MPI expansion stop was activated.
[INFO]:[22:13:41] Expansion Worker 4 completed expansion.
[INFO]:[22:13:41] Worker 4 completed expansion phase.
[INFO]:[22:13:41] Worker 4 received order for step 1.
[INFO]:[22:13:41] Worker 4 running exploration phase for iteration 3.
[INFO]:[22:13:41] Worker 4 at iteration 3 will not use a MIP start file. Current best MIP-start upper bound threshold is 1.79769e+308.
[INFO]:[22:13:41] Starting local search phase...
[INFO]:[22:13:41] Creating local search space from parameter space file: /scratch/yorig/mpils-results-grid-ticks-10000-7may/medium-2/8proc-1pils/seed-6/10_var-smallemery-m6j6_seed-6_20260510_220850/iterated_local_search/search_space/search_space_file_3_worker_4.txt
[INFO]:[22:13:41] Local search space loaded from file: /scratch/yorig/mpils-results-grid-ticks-10000-7may/medium-2/8proc-1pils/seed-6/10_var-smallemery-m6j6_seed-6_20260510_220850/iterated_local_search/search_space/search_space_file_3_worker_4.txt
[INFO]:[22:13:41] Number of parameters in local search space: 71
[INFO]:[22:13:41] Number of forbidden tuples in local search space: 9
[INFO]:[22:13:41] Number of conditionals in local search space: 6
[INFO]:[22:13:41] MIP start option not enabled. Local search will proceed without MIP start.
[INFO]:[22:13:41] Evaluating initial configuration for local search phase...
[INFO]:[22:13:41] Starting CPLEX solver on instance: /home/yorig/tuner/mpils-tests/instances/miplib/medium-2/var-smallemery-m6j6.mps with config: /scratch/yorig/mpils-results-grid-ticks-10000-7may/medium-2/8proc-1pils/seed-6/10_var-smallemery-m6j6_seed-6_20260510_220850/iterated_local_search/run_3_worker_4/ils_config_17261596378339933436.prm
[INFO]:[22:13:41] Starting CPLEX solver on instance: /home/yorig/tuner/mpils-tests/instances/miplib/medium-2/var-smallemery-m6j6.mps with config: /scratch/yorig/mpils-results-grid-ticks-10000-7may/medium-2/8proc-1pils/seed-6/10_var-smallemery-m6j6_seed-6_20260510_220850/iterated_local_search/run_3_worker_4/ils_config_17261596378339933436.prm
[INFO]:[22:13:48] CPLEX results. Gap: 6.950000, upper bound: -145.906250, lower bound: -156.048283
[INFO]:[22:13:48] CPLEX solver finished. Gap: 6.950000
[INFO]:[22:13:48] Initial configuration evaluated with objective value: 6.95
[INFO]:[22:13:48] Starting CPLEX solver on instance: /home/yorig/tuner/mpils-tests/instances/miplib/medium-2/var-smallemery-m6j6.mps with config: /scratch/yorig/mpils-results-grid-ticks-10000-7may/medium-2/8proc-1pils/seed-6/10_var-smallemery-m6j6_seed-6_20260510_220850/iterated_local_search/run_3_worker_4/ils_config_16602943096897069493.prm
[INFO]:[22:13:48] Starting CPLEX solver on instance: /home/yorig/tuner/mpils-tests/instances/miplib/medium-2/var-smallemery-m6j6.mps with config: /scratch/yorig/mpils-results-grid-ticks-10000-7may/medium-2/8proc-1pils/seed-6/10_var-smallemery-m6j6_seed-6_20260510_220850/iterated_local_search/run_3_worker_4/ils_config_16602943096897069493.prm
[INFO]:[22:13:54] CPLEX results. Gap: 6.950000, upper bound: -145.906250, lower bound: -156.048283
[INFO]:[22:13:54] CPLEX solver finished. Gap: 6.950000
[INFO]:[22:13:54] Starting CPLEX solver on instance: /home/yorig/tuner/mpils-tests/instances/miplib/medium-2/var-smallemery-m6j6.mps with config: /scratch/yorig/mpils-results-grid-ticks-10000-7may/medium-2/8proc-1pils/seed-6/10_var-smallemery-m6j6_seed-6_20260510_220850/iterated_local_search/run_3_worker_4/ils_config_8975333254746301716.prm
[INFO]:[22:13:54] Starting CPLEX solver on instance: /home/yorig/tuner/mpils-tests/instances/miplib/medium-2/var-smallemery-m6j6.mps with config: /scratch/yorig/mpils-results-grid-ticks-10000-7may/medium-2/8proc-1pils/seed-6/10_var-smallemery-m6j6_seed-6_20260510_220850/iterated_local_search/run_3_worker_4/ils_config_8975333254746301716.prm
[INFO]:[22:14:00] CPLEX results. Gap: 6.950000, upper bound: -145.906250, lower bound: -156.048283
[INFO]:[22:14:00] CPLEX solver finished. Gap: 6.950000
[INFO]:[22:14:00] Starting CPLEX solver on instance: /home/yorig/tuner/mpils-tests/instances/miplib/medium-2/var-smallemery-m6j6.mps with config: /scratch/yorig/mpils-results-grid-ticks-10000-7may/medium-2/8proc-1pils/seed-6/10_var-smallemery-m6j6_seed-6_20260510_220850/iterated_local_search/run_3_worker_4/ils_config_9287718865118426708.prm
[INFO]:[22:14:00] Starting CPLEX solver on instance: /home/yorig/tuner/mpils-tests/instances/miplib/medium-2/var-smallemery-m6j6.mps with config: /scratch/yorig/mpils-results-grid-ticks-10000-7may/medium-2/8proc-1pils/seed-6/10_var-smallemery-m6j6_seed-6_20260510_220850/iterated_local_search/run_3_worker_4/ils_config_9287718865118426708.prm
[INFO]:[22:14:06] CPLEX results. Gap: 6.950000, upper bound: -145.906250, lower bound: -156.048283
[INFO]:[22:14:06] CPLEX solver finished. Gap: 6.950000
[INFO]:[22:14:06] Starting CPLEX solver on instance: /home/yorig/tuner/mpils-tests/instances/miplib/medium-2/var-smallemery-m6j6.mps with config: /scratch/yorig/mpils-results-grid-ticks-10000-7may/medium-2/8proc-1pils/seed-6/10_var-smallemery-m6j6_seed-6_20260510_220850/iterated_local_search/run_3_worker_4/ils_config_3064042146438825460.prm
[INFO]:[22:14:06] Starting CPLEX solver on instance: /home/yorig/tuner/mpils-tests/instances/miplib/medium-2/var-smallemery-m6j6.mps with config: /scratch/yorig/mpils-results-grid-ticks-10000-7may/medium-2/8proc-1pils/seed-6/10_var-smallemery-m6j6_seed-6_20260510_220850/iterated_local_search/run_3_worker_4/ils_config_3064042146438825460.prm
[INFO]:[22:14:13] CPLEX results. Gap: 8.800000, upper bound: -143.156250, lower bound: -155.755393
[INFO]:[22:14:13] CPLEX solver finished. Gap: 8.800000
[INFO]:[22:14:13] Starting CPLEX solver on instance: /home/yorig/tuner/mpils-tests/instances/miplib/medium-2/var-smallemery-m6j6.mps with config: /scratch/yorig/mpils-results-grid-ticks-10000-7may/medium-2/8proc-1pils/seed-6/10_var-smallemery-m6j6_seed-6_20260510_220850/iterated_local_search/run_3_worker_4/ils_config_967962618849760443.prm
[INFO]:[22:14:13] Starting CPLEX solver on instance: /home/yorig/tuner/mpils-tests/instances/miplib/medium-2/var-smallemery-m6j6.mps with config: /scratch/yorig/mpils-results-grid-ticks-10000-7may/medium-2/8proc-1pils/seed-6/10_var-smallemery-m6j6_seed-6_20260510_220850/iterated_local_search/run_3_worker_4/ils_config_967962618849760443.prm
[INFO]:[22:14:19] CPLEX results. Gap: 6.950000, upper bound: -145.906250, lower bound: -156.048283
[INFO]:[22:14:19] CPLEX solver finished. Gap: 6.950000
[INFO]:[22:14:19] Starting CPLEX solver on instance: /home/yorig/tuner/mpils-tests/instances/miplib/medium-2/var-smallemery-m6j6.mps with config: /scratch/yorig/mpils-results-grid-ticks-10000-7may/medium-2/8proc-1pils/seed-6/10_var-smallemery-m6j6_seed-6_20260510_220850/iterated_local_search/run_3_worker_4/ils_config_5917536102687778209.prm
[INFO]:[22:14:19] Starting CPLEX solver on instance: /home/yorig/tuner/mpils-tests/instances/miplib/medium-2/var-smallemery-m6j6.mps with config: /scratch/yorig/mpils-results-grid-ticks-10000-7may/medium-2/8proc-1pils/seed-6/10_var-smallemery-m6j6_seed-6_20260510_220850/iterated_local_search/run_3_worker_4/ils_config_5917536102687778209.prm
[INFO]:[22:14:26] CPLEX results. Gap: 8.190000, upper bound: -143.875000, lower bound: -155.664570
[INFO]:[22:14:26] CPLEX solver finished. Gap: 8.190000
[INFO]:[22:14:26] Starting CPLEX solver on instance: /home/yorig/tuner/mpils-tests/instances/miplib/medium-2/var-smallemery-m6j6.mps with config: /scratch/yorig/mpils-results-grid-ticks-10000-7may/medium-2/8proc-1pils/seed-6/10_var-smallemery-m6j6_seed-6_20260510_220850/iterated_local_search/run_3_worker_4/ils_config_7874796570533698064.prm
[INFO]:[22:14:26] Starting CPLEX solver on instance: /home/yorig/tuner/mpils-tests/instances/miplib/medium-2/var-smallemery-m6j6.mps with config: /scratch/yorig/mpils-results-grid-ticks-10000-7may/medium-2/8proc-1pils/seed-6/10_var-smallemery-m6j6_seed-6_20260510_220850/iterated_local_search/run_3_worker_4/ils_config_7874796570533698064.prm
[INFO]:[22:14:32] CPLEX results. Gap: 6.950000, upper bound: -145.906250, lower bound: -156.048283
[INFO]:[22:14:32] CPLEX solver finished. Gap: 6.950000
[INFO]:[22:14:32] Starting CPLEX solver on instance: /home/yorig/tuner/mpils-tests/instances/miplib/medium-2/var-smallemery-m6j6.mps with config: /scratch/yorig/mpils-results-grid-ticks-10000-7may/medium-2/8proc-1pils/seed-6/10_var-smallemery-m6j6_seed-6_20260510_220850/iterated_local_search/run_3_worker_4/ils_config_11039859844905593502.prm
[INFO]:[22:14:32] Starting CPLEX solver on instance: /home/yorig/tuner/mpils-tests/instances/miplib/medium-2/var-smallemery-m6j6.mps with config: /scratch/yorig/mpils-results-grid-ticks-10000-7may/medium-2/8proc-1pils/seed-6/10_var-smallemery-m6j6_seed-6_20260510_220850/iterated_local_search/run_3_worker_4/ils_config_11039859844905593502.prm
[INFO]:[22:14:38] CPLEX results. Gap: 6.950000, upper bound: -145.906250, lower bound: -156.048283
[INFO]:[22:14:38] CPLEX solver finished. Gap: 6.950000
[INFO]:[22:14:38] Starting CPLEX solver on instance: /home/yorig/tuner/mpils-tests/instances/miplib/medium-2/var-smallemery-m6j6.mps with config: /scratch/yorig/mpils-results-grid-ticks-10000-7may/medium-2/8proc-1pils/seed-6/10_var-smallemery-m6j6_seed-6_20260510_220850/iterated_local_search/run_3_worker_4/ils_config_9671178303442586990.prm
[INFO]:[22:14:38] Starting CPLEX solver on instance: /home/yorig/tuner/mpils-tests/instances/miplib/medium-2/var-smallemery-m6j6.mps with config: /scratch/yorig/mpils-results-grid-ticks-10000-7may/medium-2/8proc-1pils/seed-6/10_var-smallemery-m6j6_seed-6_20260510_220850/iterated_local_search/run_3_worker_4/ils_config_9671178303442586990.prm
[INFO]:[22:14:44] CPLEX results. Gap: 6.950000, upper bound: -145.906250, lower bound: -156.048283
[INFO]:[22:14:44] CPLEX solver finished. Gap: 6.950000
[INFO]:[22:14:44] Local search phase completed.
[INFO]:[22:14:44] Total number of new local-search evaluations: 10
[INFO]:[22:14:44] Final incumbent objective value: 6.95
[INFO]:[22:14:52] Worker 4 completed exploration phase.
[INFO]:[22:14:52] Worker 4 received order for step 2.
[INFO]:[22:14:52] Worker 4 running expansion phase for iteration 3.
[INFO]:[22:14:52] Worker 4 will use solver log file: /scratch/yorig/mpils-results-grid-ticks-10000-7may/medium-2/8proc-1pils/seed-6/10_var-smallemery-m6j6_seed-6_20260510_220850/solver/cplex.log_iteration_expansion_3_worker_4
[INFO]:[22:14:52] Expansion Worker 4 starting expansion for iteration 3.
[INFO]:[22:14:52] Starting CPLEX solver on instance: /home/yorig/tuner/mpils-tests/instances/miplib/medium-2/var-smallemery-m6j6.mps with config: /scratch/yorig/mpils-results-grid-ticks-10000-7may/medium-2/8proc-1pils/seed-6/10_var-smallemery-m6j6_seed-6_20260510_220850/expansion/config_param_CPXPARAM_MIP_Strategy_StartAlgorithm_5_iter_3.prm
[INFO]:[22:14:58] CPLEX results. Gap: 1683093850000000.250000, upper bound: 0.000000, lower bound: -1683.093850
[INFO]:[22:14:58] CPLEX solver finished. Gap: 1683093850000000.250000
[INFO]:[22:15:00] Starting CPLEX solver on instance: /home/yorig/tuner/mpils-tests/instances/miplib/medium-2/var-smallemery-m6j6.mps with config: /scratch/yorig/mpils-results-grid-ticks-10000-7may/medium-2/8proc-1pils/seed-6/10_var-smallemery-m6j6_seed-6_20260510_220850/expansion/config_param_CPXPARAM_Simplex_DGradient_2_iter_3.prm
[INFO]:[22:15:07] CPLEX results. Gap: 5.640000, upper bound: -145.906250, lower bound: -154.129737
[INFO]:[22:15:07] CPLEX solver finished. Gap: 5.640000
[INFO]:[22:15:07] Starting CPLEX solver on instance: /home/yorig/tuner/mpils-tests/instances/miplib/medium-2/var-smallemery-m6j6.mps with config: /scratch/yorig/mpils-results-grid-ticks-10000-7may/medium-2/8proc-1pils/seed-6/10_var-smallemery-m6j6_seed-6_20260510_220850/expansion/config_param_CPXPARAM_Simplex_PGradient_4_iter_3.prm
[INFO]:[22:15:14] CPLEX results. Gap: 3.100000, upper bound: -149.375000, lower bound: -154.003110
[INFO]:[22:15:14] CPLEX solver finished. Gap: 3.100000
[INFO]:[22:15:14] Starting CPLEX solver on instance: /home/yorig/tuner/mpils-tests/instances/miplib/medium-2/var-smallemery-m6j6.mps with config: /scratch/yorig/mpils-results-grid-ticks-10000-7may/medium-2/8proc-1pils/seed-6/10_var-smallemery-m6j6_seed-6_20260510_220850/expansion/config_param_CPXPARAM_Preprocessing_Fill_2_iter_3.prm
[INFO]:[22:15:22] CPLEX results. Gap: 3.100000, upper bound: -149.375000, lower bound: -154.003110
[INFO]:[22:15:22] CPLEX solver finished. Gap: 3.100000
[INFO]:[22:15:22] Starting CPLEX solver on instance: /home/yorig/tuner/mpils-tests/instances/miplib/medium-2/var-smallemery-m6j6.mps with config: /scratch/yorig/mpils-results-grid-ticks-10000-7may/medium-2/8proc-1pils/seed-6/10_var-smallemery-m6j6_seed-6_20260510_220850/expansion/config_param_CPXPARAM_Barrier_Ordering_3_iter_3.prm
[INFO]:[22:15:29] CPLEX results. Gap: 3.100000, upper bound: -149.375000, lower bound: -154.003110
[INFO]:[22:15:29] CPLEX solver finished. Gap: 3.100000
[INFO]:[22:15:29] Expansion Worker 4 completed expansion.
[INFO]:[22:15:29] Worker 4 completed expansion phase.
[INFO]:[22:15:30] Worker 4 received order for step 1.
[INFO]:[22:15:30] Worker 4 running exploration phase for iteration 4.
[INFO]:[22:15:30] Worker 4 at iteration 4 will not use a MIP start file. Current best MIP-start upper bound threshold is 1.79769e+308.
[INFO]:[22:15:30] Starting local search phase...
[INFO]:[22:15:30] Creating local search space from parameter space file: /scratch/yorig/mpils-results-grid-ticks-10000-7may/medium-2/8proc-1pils/seed-6/10_var-smallemery-m6j6_seed-6_20260510_220850/iterated_local_search/search_space/search_space_file_4_worker_4.txt
[INFO]:[22:15:30] Local search space loaded from file: /scratch/yorig/mpils-results-grid-ticks-10000-7may/medium-2/8proc-1pils/seed-6/10_var-smallemery-m6j6_seed-6_20260510_220850/iterated_local_search/search_space/search_space_file_4_worker_4.txt
[INFO]:[22:15:30] Number of parameters in local search space: 71
[INFO]:[22:15:30] Number of forbidden tuples in local search space: 35
[INFO]:[22:15:30] Number of conditionals in local search space: 6
[INFO]:[22:15:30] MIP start option not enabled. Local search will proceed without MIP start.
[INFO]:[22:15:30] Evaluating initial configuration for local search phase...
[INFO]:[22:15:30] Starting CPLEX solver on instance: /home/yorig/tuner/mpils-tests/instances/miplib/medium-2/var-smallemery-m6j6.mps with config: /scratch/yorig/mpils-results-grid-ticks-10000-7may/medium-2/8proc-1pils/seed-6/10_var-smallemery-m6j6_seed-6_20260510_220850/iterated_local_search/run_4_worker_4/ils_config_16155415679623660042.prm
[INFO]:[22:15:30] Starting CPLEX solver on instance: /home/yorig/tuner/mpils-tests/instances/miplib/medium-2/var-smallemery-m6j6.mps with config: /scratch/yorig/mpils-results-grid-ticks-10000-7may/medium-2/8proc-1pils/seed-6/10_var-smallemery-m6j6_seed-6_20260510_220850/iterated_local_search/run_4_worker_4/ils_config_16155415679623660042.prm
[WARN]:[22:15:35] CPLEX finished without a primal feasible solution for config /scratch/yorig/mpils-results-grid-ticks-10000-7may/medium-2/8proc-1pils/seed-6/10_var-smallemery-m6j6_seed-6_20260510_220850/iterated_local_search/run_4_worker_4/ils_config_16155415679623660042.prm.
[INFO]:[22:15:35] CPLEX results. Gap: unavailable, upper bound: null, lower bound: -1683.093850
[INFO]:[22:15:35] CPLEX solver finished. Gap: 179769313486231570814527423731704356798070567525844996598917476803157260780028538760589558632766878171540458953514382464234321326889464182768467546703537516986049910576551282076245490090389328944075868508455133942304583236903222948165808559332123348274797826204144723168738177180919299881250404026184124858368.000000
[INFO]:[22:15:35] Initial configuration evaluated with objective value: 1.79769e+308
[INFO]:[22:15:35] Starting CPLEX solver on instance: /home/yorig/tuner/mpils-tests/instances/miplib/medium-2/var-smallemery-m6j6.mps with config: /scratch/yorig/mpils-results-grid-ticks-10000-7may/medium-2/8proc-1pils/seed-6/10_var-smallemery-m6j6_seed-6_20260510_220850/iterated_local_search/run_4_worker_4/ils_config_6023454593382690296.prm
[INFO]:[22:15:35] Starting CPLEX solver on instance: /home/yorig/tuner/mpils-tests/instances/miplib/medium-2/var-smallemery-m6j6.mps with config: /scratch/yorig/mpils-results-grid-ticks-10000-7may/medium-2/8proc-1pils/seed-6/10_var-smallemery-m6j6_seed-6_20260510_220850/iterated_local_search/run_4_worker_4/ils_config_6023454593382690296.prm
[WARN]:[22:15:41] CPLEX finished without a primal feasible solution for config /scratch/yorig/mpils-results-grid-ticks-10000-7may/medium-2/8proc-1pils/seed-6/10_var-smallemery-m6j6_seed-6_20260510_220850/iterated_local_search/run_4_worker_4/ils_config_6023454593382690296.prm.
[INFO]:[22:15:41] CPLEX results. Gap: unavailable, upper bound: null, lower bound: -1683.093850
[INFO]:[22:15:41] CPLEX solver finished. Gap: 179769313486231570814527423731704356798070567525844996598917476803157260780028538760589558632766878171540458953514382464234321326889464182768467546703537516986049910576551282076245490090389328944075868508455133942304583236903222948165808559332123348274797826204144723168738177180919299881250404026184124858368.000000
[INFO]:[22:15:41] Starting CPLEX solver on instance: /home/yorig/tuner/mpils-tests/instances/miplib/medium-2/var-smallemery-m6j6.mps with config: /scratch/yorig/mpils-results-grid-ticks-10000-7may/medium-2/8proc-1pils/seed-6/10_var-smallemery-m6j6_seed-6_20260510_220850/iterated_local_search/run_4_worker_4/ils_config_3785395662387595485.prm
[INFO]:[22:15:41] Starting CPLEX solver on instance: /home/yorig/tuner/mpils-tests/instances/miplib/medium-2/var-smallemery-m6j6.mps with config: /scratch/yorig/mpils-results-grid-ticks-10000-7may/medium-2/8proc-1pils/seed-6/10_var-smallemery-m6j6_seed-6_20260510_220850/iterated_local_search/run_4_worker_4/ils_config_3785395662387595485.prm
[WARN]:[22:15:46] CPLEX finished without a primal feasible solution for config /scratch/yorig/mpils-results-grid-ticks-10000-7may/medium-2/8proc-1pils/seed-6/10_var-smallemery-m6j6_seed-6_20260510_220850/iterated_local_search/run_4_worker_4/ils_config_3785395662387595485.prm.
[INFO]:[22:15:46] CPLEX results. Gap: unavailable, upper bound: null, lower bound: -156.056268
[INFO]:[22:15:46] CPLEX solver finished. Gap: 179769313486231570814527423731704356798070567525844996598917476803157260780028538760589558632766878171540458953514382464234321326889464182768467546703537516986049910576551282076245490090389328944075868508455133942304583236903222948165808559332123348274797826204144723168738177180919299881250404026184124858368.000000
[INFO]:[22:15:46] Starting CPLEX solver on instance: /home/yorig/tuner/mpils-tests/instances/miplib/medium-2/var-smallemery-m6j6.mps with config: /scratch/yorig/mpils-results-grid-ticks-10000-7may/medium-2/8proc-1pils/seed-6/10_var-smallemery-m6j6_seed-6_20260510_220850/iterated_local_search/run_4_worker_4/ils_config_18437483618980037717.prm
[INFO]:[22:15:46] Starting CPLEX solver on instance: /home/yorig/tuner/mpils-tests/instances/miplib/medium-2/var-smallemery-m6j6.mps with config: /scratch/yorig/mpils-results-grid-ticks-10000-7may/medium-2/8proc-1pils/seed-6/10_var-smallemery-m6j6_seed-6_20260510_220850/iterated_local_search/run_4_worker_4/ils_config_18437483618980037717.prm
[WARN]:[22:15:51] CPLEX finished without a primal feasible solution for config /scratch/yorig/mpils-results-grid-ticks-10000-7may/medium-2/8proc-1pils/seed-6/10_var-smallemery-m6j6_seed-6_20260510_220850/iterated_local_search/run_4_worker_4/ils_config_18437483618980037717.prm.
[INFO]:[22:15:51] CPLEX results. Gap: unavailable, upper bound: null, lower bound: -1683.093850
[INFO]:[22:15:51] CPLEX solver finished. Gap: 179769313486231570814527423731704356798070567525844996598917476803157260780028538760589558632766878171540458953514382464234321326889464182768467546703537516986049910576551282076245490090389328944075868508455133942304583236903222948165808559332123348274797826204144723168738177180919299881250404026184124858368.000000
[INFO]:[22:15:51] Starting CPLEX solver on instance: /home/yorig/tuner/mpils-tests/instances/miplib/medium-2/var-smallemery-m6j6.mps with config: /scratch/yorig/mpils-results-grid-ticks-10000-7may/medium-2/8proc-1pils/seed-6/10_var-smallemery-m6j6_seed-6_20260510_220850/iterated_local_search/run_4_worker_4/ils_config_6170972791674978252.prm
[INFO]:[22:15:51] Starting CPLEX solver on instance: /home/yorig/tuner/mpils-tests/instances/miplib/medium-2/var-smallemery-m6j6.mps with config: /scratch/yorig/mpils-results-grid-ticks-10000-7may/medium-2/8proc-1pils/seed-6/10_var-smallemery-m6j6_seed-6_20260510_220850/iterated_local_search/run_4_worker_4/ils_config_6170972791674978252.prm
[WARN]:[22:15:57] CPLEX finished without a primal feasible solution for config /scratch/yorig/mpils-results-grid-ticks-10000-7may/medium-2/8proc-1pils/seed-6/10_var-smallemery-m6j6_seed-6_20260510_220850/iterated_local_search/run_4_worker_4/ils_config_6170972791674978252.prm.
[INFO]:[22:15:57] CPLEX results. Gap: unavailable, upper bound: null, lower bound: -1683.093850
[INFO]:[22:15:57] CPLEX solver finished. Gap: 179769313486231570814527423731704356798070567525844996598917476803157260780028538760589558632766878171540458953514382464234321326889464182768467546703537516986049910576551282076245490090389328944075868508455133942304583236903222948165808559332123348274797826204144723168738177180919299881250404026184124858368.000000
[INFO]:[22:15:57] Starting CPLEX solver on instance: /home/yorig/tuner/mpils-tests/instances/miplib/medium-2/var-smallemery-m6j6.mps with config: /scratch/yorig/mpils-results-grid-ticks-10000-7may/medium-2/8proc-1pils/seed-6/10_var-smallemery-m6j6_seed-6_20260510_220850/iterated_local_search/run_4_worker_4/ils_config_8431825133334058981.prm
[INFO]:[22:15:57] Starting CPLEX solver on instance: /home/yorig/tuner/mpils-tests/instances/miplib/medium-2/var-smallemery-m6j6.mps with config: /scratch/yorig/mpils-results-grid-ticks-10000-7may/medium-2/8proc-1pils/seed-6/10_var-smallemery-m6j6_seed-6_20260510_220850/iterated_local_search/run_4_worker_4/ils_config_8431825133334058981.prm
[WARN]:[22:16:03] CPLEX finished without a primal feasible solution for config /scratch/yorig/mpils-results-grid-ticks-10000-7may/medium-2/8proc-1pils/seed-6/10_var-smallemery-m6j6_seed-6_20260510_220850/iterated_local_search/run_4_worker_4/ils_config_8431825133334058981.prm.
[INFO]:[22:16:03] CPLEX results. Gap: unavailable, upper bound: null, lower bound: -1683.093850
[INFO]:[22:16:03] CPLEX solver finished. Gap: 179769313486231570814527423731704356798070567525844996598917476803157260780028538760589558632766878171540458953514382464234321326889464182768467546703537516986049910576551282076245490090389328944075868508455133942304583236903222948165808559332123348274797826204144723168738177180919299881250404026184124858368.000000
[INFO]:[22:16:03] Starting CPLEX solver on instance: /home/yorig/tuner/mpils-tests/instances/miplib/medium-2/var-smallemery-m6j6.mps with config: /scratch/yorig/mpils-results-grid-ticks-10000-7may/medium-2/8proc-1pils/seed-6/10_var-smallemery-m6j6_seed-6_20260510_220850/iterated_local_search/run_4_worker_4/ils_config_14360378439781106200.prm
[INFO]:[22:16:03] Starting CPLEX solver on instance: /home/yorig/tuner/mpils-tests/instances/miplib/medium-2/var-smallemery-m6j6.mps with config: /scratch/yorig/mpils-results-grid-ticks-10000-7may/medium-2/8proc-1pils/seed-6/10_var-smallemery-m6j6_seed-6_20260510_220850/iterated_local_search/run_4_worker_4/ils_config_14360378439781106200.prm
[WARN]:[22:16:08] CPLEX finished without a primal feasible solution for config /scratch/yorig/mpils-results-grid-ticks-10000-7may/medium-2/8proc-1pils/seed-6/10_var-smallemery-m6j6_seed-6_20260510_220850/iterated_local_search/run_4_worker_4/ils_config_14360378439781106200.prm.
[INFO]:[22:16:08] CPLEX results. Gap: unavailable, upper bound: null, lower bound: -1683.093850
[INFO]:[22:16:08] CPLEX solver finished. Gap: 179769313486231570814527423731704356798070567525844996598917476803157260780028538760589558632766878171540458953514382464234321326889464182768467546703537516986049910576551282076245490090389328944075868508455133942304583236903222948165808559332123348274797826204144723168738177180919299881250404026184124858368.000000
[INFO]:[22:16:08] Starting CPLEX solver on instance: /home/yorig/tuner/mpils-tests/instances/miplib/medium-2/var-smallemery-m6j6.mps with config: /scratch/yorig/mpils-results-grid-ticks-10000-7may/medium-2/8proc-1pils/seed-6/10_var-smallemery-m6j6_seed-6_20260510_220850/iterated_local_search/run_4_worker_4/ils_config_11847922516995543560.prm
[INFO]:[22:16:08] Starting CPLEX solver on instance: /home/yorig/tuner/mpils-tests/instances/miplib/medium-2/var-smallemery-m6j6.mps with config: /scratch/yorig/mpils-results-grid-ticks-10000-7may/medium-2/8proc-1pils/seed-6/10_var-smallemery-m6j6_seed-6_20260510_220850/iterated_local_search/run_4_worker_4/ils_config_11847922516995543560.prm
[WARN]:[22:16:14] CPLEX finished without a primal feasible solution for config /scratch/yorig/mpils-results-grid-ticks-10000-7may/medium-2/8proc-1pils/seed-6/10_var-smallemery-m6j6_seed-6_20260510_220850/iterated_local_search/run_4_worker_4/ils_config_11847922516995543560.prm.
[INFO]:[22:16:14] CPLEX results. Gap: unavailable, upper bound: null, lower bound: -1683.093850
[INFO]:[22:16:14] CPLEX solver finished. Gap: 179769313486231570814527423731704356798070567525844996598917476803157260780028538760589558632766878171540458953514382464234321326889464182768467546703537516986049910576551282076245490090389328944075868508455133942304583236903222948165808559332123348274797826204144723168738177180919299881250404026184124858368.000000
[INFO]:[22:16:14] Starting CPLEX solver on instance: /home/yorig/tuner/mpils-tests/instances/miplib/medium-2/var-smallemery-m6j6.mps with config: /scratch/yorig/mpils-results-grid-ticks-10000-7may/medium-2/8proc-1pils/seed-6/10_var-smallemery-m6j6_seed-6_20260510_220850/iterated_local_search/run_4_worker_4/ils_config_6288566628219253969.prm
[INFO]:[22:16:14] Starting CPLEX solver on instance: /home/yorig/tuner/mpils-tests/instances/miplib/medium-2/var-smallemery-m6j6.mps with config: /scratch/yorig/mpils-results-grid-ticks-10000-7may/medium-2/8proc-1pils/seed-6/10_var-smallemery-m6j6_seed-6_20260510_220850/iterated_local_search/run_4_worker_4/ils_config_6288566628219253969.prm
[INFO]:[22:16:19] CPLEX results. Gap: 1683093850000000.250000, upper bound: 0.000000, lower bound: -1683.093850
[INFO]:[22:16:19] CPLEX solver finished. Gap: 1683093850000000.250000
[INFO]:[22:16:19] New incumbent found with objective value: 1.68309e+15
[INFO]:[22:16:19] Starting CPLEX solver on instance: /home/yorig/tuner/mpils-tests/instances/miplib/medium-2/var-smallemery-m6j6.mps with config: /scratch/yorig/mpils-results-grid-ticks-10000-7may/medium-2/8proc-1pils/seed-6/10_var-smallemery-m6j6_seed-6_20260510_220850/iterated_local_search/run_4_worker_4/ils_config_6784903745534039051.prm
[INFO]:[22:16:19] Starting CPLEX solver on instance: /home/yorig/tuner/mpils-tests/instances/miplib/medium-2/var-smallemery-m6j6.mps with config: /scratch/yorig/mpils-results-grid-ticks-10000-7may/medium-2/8proc-1pils/seed-6/10_var-smallemery-m6j6_seed-6_20260510_220850/iterated_local_search/run_4_worker_4/ils_config_6784903745534039051.prm
[INFO]:[22:16:24] CPLEX results. Gap: 1683093850000000.250000, upper bound: 0.000000, lower bound: -1683.093850
[INFO]:[22:16:24] CPLEX solver finished. Gap: 1683093850000000.250000
[INFO]:[22:16:24] Starting CPLEX solver on instance: /home/yorig/tuner/mpils-tests/instances/miplib/medium-2/var-smallemery-m6j6.mps with config: /scratch/yorig/mpils-results-grid-ticks-10000-7may/medium-2/8proc-1pils/seed-6/10_var-smallemery-m6j6_seed-6_20260510_220850/iterated_local_search/run_4_worker_4/ils_config_3681254695416879544.prm
[INFO]:[22:16:24] Starting CPLEX solver on instance: /home/yorig/tuner/mpils-tests/instances/miplib/medium-2/var-smallemery-m6j6.mps with config: /scratch/yorig/mpils-results-grid-ticks-10000-7may/medium-2/8proc-1pils/seed-6/10_var-smallemery-m6j6_seed-6_20260510_220850/iterated_local_search/run_4_worker_4/ils_config_3681254695416879544.prm
[INFO]:[22:16:29] CPLEX results. Gap: 1683093850000000.250000, upper bound: 0.000000, lower bound: -1683.093850
[INFO]:[22:16:29] CPLEX solver finished. Gap: 1683093850000000.250000
[INFO]:[22:16:29] Starting CPLEX solver on instance: /home/yorig/tuner/mpils-tests/instances/miplib/medium-2/var-smallemery-m6j6.mps with config: /scratch/yorig/mpils-results-grid-ticks-10000-7may/medium-2/8proc-1pils/seed-6/10_var-smallemery-m6j6_seed-6_20260510_220850/iterated_local_search/run_4_worker_4/ils_config_5589799100588707087.prm
[INFO]:[22:16:29] Starting CPLEX solver on instance: /home/yorig/tuner/mpils-tests/instances/miplib/medium-2/var-smallemery-m6j6.mps with config: /scratch/yorig/mpils-results-grid-ticks-10000-7may/medium-2/8proc-1pils/seed-6/10_var-smallemery-m6j6_seed-6_20260510_220850/iterated_local_search/run_4_worker_4/ils_config_5589799100588707087.prm
[INFO]:[22:16:34] CPLEX results. Gap: 1683093850000000.250000, upper bound: 0.000000, lower bound: -1683.093850
[INFO]:[22:16:34] CPLEX solver finished. Gap: 1683093850000000.250000
[INFO]:[22:16:34] Starting CPLEX solver on instance: /home/yorig/tuner/mpils-tests/instances/miplib/medium-2/var-smallemery-m6j6.mps with config: /scratch/yorig/mpils-results-grid-ticks-10000-7may/medium-2/8proc-1pils/seed-6/10_var-smallemery-m6j6_seed-6_20260510_220850/iterated_local_search/run_4_worker_4/ils_config_2415434896225969381.prm
[INFO]:[22:16:34] Starting CPLEX solver on instance: /home/yorig/tuner/mpils-tests/instances/miplib/medium-2/var-smallemery-m6j6.mps with config: /scratch/yorig/mpils-results-grid-ticks-10000-7may/medium-2/8proc-1pils/seed-6/10_var-smallemery-m6j6_seed-6_20260510_220850/iterated_local_search/run_4_worker_4/ils_config_2415434896225969381.prm
[INFO]:[22:16:40] CPLEX results. Gap: 1683093850000000.250000, upper bound: 0.000000, lower bound: -1683.093850
[INFO]:[22:16:40] CPLEX solver finished. Gap: 1683093850000000.250000
[INFO]:[22:16:40] Starting CPLEX solver on instance: /home/yorig/tuner/mpils-tests/instances/miplib/medium-2/var-smallemery-m6j6.mps with config: /scratch/yorig/mpils-results-grid-ticks-10000-7may/medium-2/8proc-1pils/seed-6/10_var-smallemery-m6j6_seed-6_20260510_220850/iterated_local_search/run_4_worker_4/ils_config_15569439111615864859.prm
[INFO]:[22:16:40] Starting CPLEX solver on instance: /home/yorig/tuner/mpils-tests/instances/miplib/medium-2/var-smallemery-m6j6.mps with config: /scratch/yorig/mpils-results-grid-ticks-10000-7may/medium-2/8proc-1pils/seed-6/10_var-smallemery-m6j6_seed-6_20260510_220850/iterated_local_search/run_4_worker_4/ils_config_15569439111615864859.prm
[INFO]:[22:16:45] CPLEX results. Gap: 1683093850000000.250000, upper bound: 0.000000, lower bound: -1683.093850
[INFO]:[22:16:45] CPLEX solver finished. Gap: 1683093850000000.250000
[INFO]:[22:16:45] Local search phase completed.
[INFO]:[22:16:45] Total number of new local-search evaluations: 14
[INFO]:[22:16:45] Final incumbent objective value: 1.68309e+15
[INFO]:[22:17:15] Worker 4 completed exploration phase.
[INFO]:[22:17:15] Worker 4 received order for step 2.
[INFO]:[22:17:15] Worker 4 running expansion phase for iteration 4.
[INFO]:[22:17:15] Worker 4 will use solver log file: /scratch/yorig/mpils-results-grid-ticks-10000-7may/medium-2/8proc-1pils/seed-6/10_var-smallemery-m6j6_seed-6_20260510_220850/solver/cplex.log_iteration_expansion_4_worker_4
[INFO]:[22:17:15] Expansion Worker 4 starting expansion for iteration 4.
[INFO]:[22:17:15] Starting CPLEX solver on instance: /home/yorig/tuner/mpils-tests/instances/miplib/medium-2/var-smallemery-m6j6.mps with config: /scratch/yorig/mpils-results-grid-ticks-10000-7may/medium-2/8proc-1pils/seed-6/10_var-smallemery-m6j6_seed-6_20260510_220850/expansion/config_param_CPXPARAM_Preprocessing_CoeffReduce_2_iter_4.prm
[INFO]:[22:17:23] CPLEX results. Gap: 3.100000, upper bound: -149.375000, lower bound: -154.003110
[INFO]:[22:17:23] CPLEX solver finished. Gap: 3.100000
[INFO]:[22:17:23] Expansion Worker 4 stopping early after global MPI expansion stop was activated.
[INFO]:[22:17:23] Expansion Worker 4 completed expansion.
[INFO]:[22:17:23] Worker 4 completed expansion phase.
[INFO]:[22:17:23] Worker 4 received order for step 1.
[INFO]:[22:17:23] Worker 4 running exploration phase for iteration 5.
[INFO]:[22:17:23] Worker 4 at iteration 5 will not use a MIP start file. Current best MIP-start upper bound threshold is 1.79769e+308.
[INFO]:[22:17:23] Starting local search phase...
[INFO]:[22:17:23] Creating local search space from parameter space file: /scratch/yorig/mpils-results-grid-ticks-10000-7may/medium-2/8proc-1pils/seed-6/10_var-smallemery-m6j6_seed-6_20260510_220850/iterated_local_search/search_space/search_space_file_5_worker_4.txt
[INFO]:[22:17:23] Local search space loaded from file: /scratch/yorig/mpils-results-grid-ticks-10000-7may/medium-2/8proc-1pils/seed-6/10_var-smallemery-m6j6_seed-6_20260510_220850/iterated_local_search/search_space/search_space_file_5_worker_4.txt
[INFO]:[22:17:23] Number of parameters in local search space: 71
[INFO]:[22:17:23] Number of forbidden tuples in local search space: 62
[INFO]:[22:17:23] Number of conditionals in local search space: 6
[INFO]:[22:17:23] MIP start option not enabled. Local search will proceed without MIP start.
[INFO]:[22:17:23] Evaluating initial configuration for local search phase...
[INFO]:[22:17:23] Starting CPLEX solver on instance: /home/yorig/tuner/mpils-tests/instances/miplib/medium-2/var-smallemery-m6j6.mps with config: /scratch/yorig/mpils-results-grid-ticks-10000-7may/medium-2/8proc-1pils/seed-6/10_var-smallemery-m6j6_seed-6_20260510_220850/iterated_local_search/run_5_worker_4/ils_config_6924947328039058463.prm
[INFO]:[22:17:23] Starting CPLEX solver on instance: /home/yorig/tuner/mpils-tests/instances/miplib/medium-2/var-smallemery-m6j6.mps with config: /scratch/yorig/mpils-results-grid-ticks-10000-7may/medium-2/8proc-1pils/seed-6/10_var-smallemery-m6j6_seed-6_20260510_220850/iterated_local_search/run_5_worker_4/ils_config_6924947328039058463.prm
[INFO]:[22:17:30] CPLEX results. Gap: 6.770000, upper bound: -145.906250, lower bound: -155.777947
[INFO]:[22:17:30] CPLEX solver finished. Gap: 6.770000
[INFO]:[22:17:30] Initial configuration evaluated with objective value: 6.77
[INFO]:[22:17:30] Starting CPLEX solver on instance: /home/yorig/tuner/mpils-tests/instances/miplib/medium-2/var-smallemery-m6j6.mps with config: /scratch/yorig/mpils-results-grid-ticks-10000-7may/medium-2/8proc-1pils/seed-6/10_var-smallemery-m6j6_seed-6_20260510_220850/iterated_local_search/run_5_worker_4/ils_config_9556674186153670210.prm
[INFO]:[22:17:30] Starting CPLEX solver on instance: /home/yorig/tuner/mpils-tests/instances/miplib/medium-2/var-smallemery-m6j6.mps with config: /scratch/yorig/mpils-results-grid-ticks-10000-7may/medium-2/8proc-1pils/seed-6/10_var-smallemery-m6j6_seed-6_20260510_220850/iterated_local_search/run_5_worker_4/ils_config_9556674186153670210.prm
[INFO]:[22:17:37] CPLEX results. Gap: 6.770000, upper bound: -145.906250, lower bound: -155.777947
[INFO]:[22:17:37] CPLEX solver finished. Gap: 6.770000
[INFO]:[22:17:37] Starting CPLEX solver on instance: /home/yorig/tuner/mpils-tests/instances/miplib/medium-2/var-smallemery-m6j6.mps with config: /scratch/yorig/mpils-results-grid-ticks-10000-7may/medium-2/8proc-1pils/seed-6/10_var-smallemery-m6j6_seed-6_20260510_220850/iterated_local_search/run_5_worker_4/ils_config_16697450852796770000.prm
[INFO]:[22:17:37] Starting CPLEX solver on instance: /home/yorig/tuner/mpils-tests/instances/miplib/medium-2/var-smallemery-m6j6.mps with config: /scratch/yorig/mpils-results-grid-ticks-10000-7may/medium-2/8proc-1pils/seed-6/10_var-smallemery-m6j6_seed-6_20260510_220850/iterated_local_search/run_5_worker_4/ils_config_16697450852796770000.prm
[INFO]:[22:17:44] CPLEX results. Gap: 8.900000, upper bound: -143.031250, lower bound: -155.766334
[INFO]:[22:17:44] CPLEX solver finished. Gap: 8.900000
[INFO]:[22:17:44] Starting CPLEX solver on instance: /home/yorig/tuner/mpils-tests/instances/miplib/medium-2/var-smallemery-m6j6.mps with config: /scratch/yorig/mpils-results-grid-ticks-10000-7may/medium-2/8proc-1pils/seed-6/10_var-smallemery-m6j6_seed-6_20260510_220850/iterated_local_search/run_5_worker_4/ils_config_11988988878344031151.prm
[INFO]:[22:17:44] Starting CPLEX solver on instance: /home/yorig/tuner/mpils-tests/instances/miplib/medium-2/var-smallemery-m6j6.mps with config: /scratch/yorig/mpils-results-grid-ticks-10000-7may/medium-2/8proc-1pils/seed-6/10_var-smallemery-m6j6_seed-6_20260510_220850/iterated_local_search/run_5_worker_4/ils_config_11988988878344031151.prm
[INFO]:[22:17:51] CPLEX results. Gap: 6.770000, upper bound: -145.906250, lower bound: -155.777947
[INFO]:[22:17:51] CPLEX solver finished. Gap: 6.770000
[INFO]:[22:17:51] Starting CPLEX solver on instance: /home/yorig/tuner/mpils-tests/instances/miplib/medium-2/var-smallemery-m6j6.mps with config: /scratch/yorig/mpils-results-grid-ticks-10000-7may/medium-2/8proc-1pils/seed-6/10_var-smallemery-m6j6_seed-6_20260510_220850/iterated_local_search/run_5_worker_4/ils_config_6352999214375592949.prm
[INFO]:[22:17:51] Starting CPLEX solver on instance: /home/yorig/tuner/mpils-tests/instances/miplib/medium-2/var-smallemery-m6j6.mps with config: /scratch/yorig/mpils-results-grid-ticks-10000-7may/medium-2/8proc-1pils/seed-6/10_var-smallemery-m6j6_seed-6_20260510_220850/iterated_local_search/run_5_worker_4/ils_config_6352999214375592949.prm
[INFO]:[22:17:58] CPLEX results. Gap: 6.770000, upper bound: -145.906250, lower bound: -155.778362
[INFO]:[22:17:58] CPLEX solver finished. Gap: 6.770000
[INFO]:[22:17:58] Starting CPLEX solver on instance: /home/yorig/tuner/mpils-tests/instances/miplib/medium-2/var-smallemery-m6j6.mps with config: /scratch/yorig/mpils-results-grid-ticks-10000-7may/medium-2/8proc-1pils/seed-6/10_var-smallemery-m6j6_seed-6_20260510_220850/iterated_local_search/run_5_worker_4/ils_config_17825130789250022000.prm
[INFO]:[22:17:58] Starting CPLEX solver on instance: /home/yorig/tuner/mpils-tests/instances/miplib/medium-2/var-smallemery-m6j6.mps with config: /scratch/yorig/mpils-results-grid-ticks-10000-7may/medium-2/8proc-1pils/seed-6/10_var-smallemery-m6j6_seed-6_20260510_220850/iterated_local_search/run_5_worker_4/ils_config_17825130789250022000.prm
[INFO]:[22:18:05] CPLEX results. Gap: 8.500000, upper bound: -143.562500, lower bound: -155.760936
[INFO]:[22:18:05] CPLEX solver finished. Gap: 8.500000
[INFO]:[22:18:05] Starting CPLEX solver on instance: /home/yorig/tuner/mpils-tests/instances/miplib/medium-2/var-smallemery-m6j6.mps with config: /scratch/yorig/mpils-results-grid-ticks-10000-7may/medium-2/8proc-1pils/seed-6/10_var-smallemery-m6j6_seed-6_20260510_220850/iterated_local_search/run_5_worker_4/ils_config_5603607007687130570.prm
[INFO]:[22:18:05] Starting CPLEX solver on instance: /home/yorig/tuner/mpils-tests/instances/miplib/medium-2/var-smallemery-m6j6.mps with config: /scratch/yorig/mpils-results-grid-ticks-10000-7may/medium-2/8proc-1pils/seed-6/10_var-smallemery-m6j6_seed-6_20260510_220850/iterated_local_search/run_5_worker_4/ils_config_5603607007687130570.prm
[INFO]:[22:18:12] CPLEX results. Gap: 6.770000, upper bound: -145.906250, lower bound: -155.777947
[INFO]:[22:18:12] CPLEX solver finished. Gap: 6.770000
[INFO]:[22:18:12] Starting CPLEX solver on instance: /home/yorig/tuner/mpils-tests/instances/miplib/medium-2/var-smallemery-m6j6.mps with config: /scratch/yorig/mpils-results-grid-ticks-10000-7may/medium-2/8proc-1pils/seed-6/10_var-smallemery-m6j6_seed-6_20260510_220850/iterated_local_search/run_5_worker_4/ils_config_3771503261782797930.prm
[INFO]:[22:18:12] Starting CPLEX solver on instance: /home/yorig/tuner/mpils-tests/instances/miplib/medium-2/var-smallemery-m6j6.mps with config: /scratch/yorig/mpils-results-grid-ticks-10000-7may/medium-2/8proc-1pils/seed-6/10_var-smallemery-m6j6_seed-6_20260510_220850/iterated_local_search/run_5_worker_4/ils_config_3771503261782797930.prm
[INFO]:[22:18:19] CPLEX results. Gap: 6.770000, upper bound: -145.906250, lower bound: -155.777947
[INFO]:[22:18:19] CPLEX solver finished. Gap: 6.770000
[INFO]:[22:18:19] Starting CPLEX solver on instance: /home/yorig/tuner/mpils-tests/instances/miplib/medium-2/var-smallemery-m6j6.mps with config: /scratch/yorig/mpils-results-grid-ticks-10000-7may/medium-2/8proc-1pils/seed-6/10_var-smallemery-m6j6_seed-6_20260510_220850/iterated_local_search/run_5_worker_4/ils_config_17119692427837734476.prm
[INFO]:[22:18:19] Starting CPLEX solver on instance: /home/yorig/tuner/mpils-tests/instances/miplib/medium-2/var-smallemery-m6j6.mps with config: /scratch/yorig/mpils-results-grid-ticks-10000-7may/medium-2/8proc-1pils/seed-6/10_var-smallemery-m6j6_seed-6_20260510_220850/iterated_local_search/run_5_worker_4/ils_config_17119692427837734476.prm
[INFO]:[22:18:25] CPLEX results. Gap: 7.790000, upper bound: -144.781250, lower bound: -156.056268
[INFO]:[22:18:25] CPLEX solver finished. Gap: 7.790000
[INFO]:[22:18:25] Starting CPLEX solver on instance: /home/yorig/tuner/mpils-tests/instances/miplib/medium-2/var-smallemery-m6j6.mps with config: /scratch/yorig/mpils-results-grid-ticks-10000-7may/medium-2/8proc-1pils/seed-6/10_var-smallemery-m6j6_seed-6_20260510_220850/iterated_local_search/run_5_worker_4/ils_config_1474496877706037691.prm
[INFO]:[22:18:25] Starting CPLEX solver on instance: /home/yorig/tuner/mpils-tests/instances/miplib/medium-2/var-smallemery-m6j6.mps with config: /scratch/yorig/mpils-results-grid-ticks-10000-7may/medium-2/8proc-1pils/seed-6/10_var-smallemery-m6j6_seed-6_20260510_220850/iterated_local_search/run_5_worker_4/ils_config_1474496877706037691.prm
[INFO]:[22:18:32] CPLEX results. Gap: 6.770000, upper bound: -145.906250, lower bound: -155.777947
[INFO]:[22:18:32] CPLEX solver finished. Gap: 6.770000
[INFO]:[22:18:32] Starting CPLEX solver on instance: /home/yorig/tuner/mpils-tests/instances/miplib/medium-2/var-smallemery-m6j6.mps with config: /scratch/yorig/mpils-results-grid-ticks-10000-7may/medium-2/8proc-1pils/seed-6/10_var-smallemery-m6j6_seed-6_20260510_220850/iterated_local_search/run_5_worker_4/ils_config_7145777267534180508.prm
[INFO]:[22:18:32] Starting CPLEX solver on instance: /home/yorig/tuner/mpils-tests/instances/miplib/medium-2/var-smallemery-m6j6.mps with config: /scratch/yorig/mpils-results-grid-ticks-10000-7may/medium-2/8proc-1pils/seed-6/10_var-smallemery-m6j6_seed-6_20260510_220850/iterated_local_search/run_5_worker_4/ils_config_7145777267534180508.prm
[INFO]:[22:18:39] CPLEX results. Gap: 6.770000, upper bound: -145.906250, lower bound: -155.777947
[INFO]:[22:18:39] CPLEX solver finished. Gap: 6.770000
[INFO]:[22:18:39] Starting CPLEX solver on instance: /home/yorig/tuner/mpils-tests/instances/miplib/medium-2/var-smallemery-m6j6.mps with config: /scratch/yorig/mpils-results-grid-ticks-10000-7may/medium-2/8proc-1pils/seed-6/10_var-smallemery-m6j6_seed-6_20260510_220850/iterated_local_search/run_5_worker_4/ils_config_11677418558663751775.prm
[INFO]:[22:18:39] Starting CPLEX solver on instance: /home/yorig/tuner/mpils-tests/instances/miplib/medium-2/var-smallemery-m6j6.mps with config: /scratch/yorig/mpils-results-grid-ticks-10000-7may/medium-2/8proc-1pils/seed-6/10_var-smallemery-m6j6_seed-6_20260510_220850/iterated_local_search/run_5_worker_4/ils_config_11677418558663751775.prm
[INFO]:[22:18:47] CPLEX results. Gap: 35.200000, upper bound: -115.250000, lower bound: -155.820393
[INFO]:[22:18:47] CPLEX solver finished. Gap: 35.200000
[INFO]:[22:18:47] Starting CPLEX solver on instance: /home/yorig/tuner/mpils-tests/instances/miplib/medium-2/var-smallemery-m6j6.mps with config: /scratch/yorig/mpils-results-grid-ticks-10000-7may/medium-2/8proc-1pils/seed-6/10_var-smallemery-m6j6_seed-6_20260510_220850/iterated_local_search/run_5_worker_4/ils_config_7808243041922503484.prm
[INFO]:[22:18:47] Starting CPLEX solver on instance: /home/yorig/tuner/mpils-tests/instances/miplib/medium-2/var-smallemery-m6j6.mps with config: /scratch/yorig/mpils-results-grid-ticks-10000-7may/medium-2/8proc-1pils/seed-6/10_var-smallemery-m6j6_seed-6_20260510_220850/iterated_local_search/run_5_worker_4/ils_config_7808243041922503484.prm
[INFO]:[22:18:54] CPLEX results. Gap: 6.770000, upper bound: -145.906250, lower bound: -155.777947
[INFO]:[22:18:54] CPLEX solver finished. Gap: 6.770000
[INFO]:[22:18:54] Starting CPLEX solver on instance: /home/yorig/tuner/mpils-tests/instances/miplib/medium-2/var-smallemery-m6j6.mps with config: /scratch/yorig/mpils-results-grid-ticks-10000-7may/medium-2/8proc-1pils/seed-6/10_var-smallemery-m6j6_seed-6_20260510_220850/iterated_local_search/run_5_worker_4/ils_config_5065704380578994973.prm
[INFO]:[22:18:54] Starting CPLEX solver on instance: /home/yorig/tuner/mpils-tests/instances/miplib/medium-2/var-smallemery-m6j6.mps with config: /scratch/yorig/mpils-results-grid-ticks-10000-7may/medium-2/8proc-1pils/seed-6/10_var-smallemery-m6j6_seed-6_20260510_220850/iterated_local_search/run_5_worker_4/ils_config_5065704380578994973.prm
[INFO]:[22:19:01] CPLEX results. Gap: 6.770000, upper bound: -145.906250, lower bound: -155.777947
[INFO]:[22:19:01] CPLEX solver finished. Gap: 6.770000
[INFO]:[22:19:01] Starting CPLEX solver on instance: /home/yorig/tuner/mpils-tests/instances/miplib/medium-2/var-smallemery-m6j6.mps with config: /scratch/yorig/mpils-results-grid-ticks-10000-7may/medium-2/8proc-1pils/seed-6/10_var-smallemery-m6j6_seed-6_20260510_220850/iterated_local_search/run_5_worker_4/ils_config_7259435952873544820.prm
[INFO]:[22:19:01] Starting CPLEX solver on instance: /home/yorig/tuner/mpils-tests/instances/miplib/medium-2/var-smallemery-m6j6.mps with config: /scratch/yorig/mpils-results-grid-ticks-10000-7may/medium-2/8proc-1pils/seed-6/10_var-smallemery-m6j6_seed-6_20260510_220850/iterated_local_search/run_5_worker_4/ils_config_7259435952873544820.prm
[WARN]:[22:19:08] CPLEX finished without a primal feasible solution for config /scratch/yorig/mpils-results-grid-ticks-10000-7may/medium-2/8proc-1pils/seed-6/10_var-smallemery-m6j6_seed-6_20260510_220850/iterated_local_search/run_5_worker_4/ils_config_7259435952873544820.prm.
[INFO]:[22:19:08] CPLEX results. Gap: unavailable, upper bound: null, lower bound: -154.987505
[INFO]:[22:19:08] CPLEX solver finished. Gap: 179769313486231570814527423731704356798070567525844996598917476803157260780028538760589558632766878171540458953514382464234321326889464182768467546703537516986049910576551282076245490090389328944075868508455133942304583236903222948165808559332123348274797826204144723168738177180919299881250404026184124858368.000000
[INFO]:[22:19:08] Starting CPLEX solver on instance: /home/yorig/tuner/mpils-tests/instances/miplib/medium-2/var-smallemery-m6j6.mps with config: /scratch/yorig/mpils-results-grid-ticks-10000-7may/medium-2/8proc-1pils/seed-6/10_var-smallemery-m6j6_seed-6_20260510_220850/iterated_local_search/run_5_worker_4/ils_config_3286176981026071332.prm
[INFO]:[22:19:08] Starting CPLEX solver on instance: /home/yorig/tuner/mpils-tests/instances/miplib/medium-2/var-smallemery-m6j6.mps with config: /scratch/yorig/mpils-results-grid-ticks-10000-7may/medium-2/8proc-1pils/seed-6/10_var-smallemery-m6j6_seed-6_20260510_220850/iterated_local_search/run_5_worker_4/ils_config_3286176981026071332.prm
[INFO]:[22:19:15] CPLEX results. Gap: 6.770000, upper bound: -145.906250, lower bound: -155.777947
[INFO]:[22:19:15] CPLEX solver finished. Gap: 6.770000
[INFO]:[22:19:15] Starting CPLEX solver on instance: /home/yorig/tuner/mpils-tests/instances/miplib/medium-2/var-smallemery-m6j6.mps with config: /scratch/yorig/mpils-results-grid-ticks-10000-7may/medium-2/8proc-1pils/seed-6/10_var-smallemery-m6j6_seed-6_20260510_220850/iterated_local_search/run_5_worker_4/ils_config_17652209711576696002.prm
[INFO]:[22:19:15] Starting CPLEX solver on instance: /home/yorig/tuner/mpils-tests/instances/miplib/medium-2/var-smallemery-m6j6.mps with config: /scratch/yorig/mpils-results-grid-ticks-10000-7may/medium-2/8proc-1pils/seed-6/10_var-smallemery-m6j6_seed-6_20260510_220850/iterated_local_search/run_5_worker_4/ils_config_17652209711576696002.prm
[INFO]:[22:19:21] CPLEX results. Gap: 6.770000, upper bound: -145.906250, lower bound: -155.777947
[INFO]:[22:19:21] CPLEX solver finished. Gap: 6.770000
[INFO]:[22:19:21] Starting CPLEX solver on instance: /home/yorig/tuner/mpils-tests/instances/miplib/medium-2/var-smallemery-m6j6.mps with config: /scratch/yorig/mpils-results-grid-ticks-10000-7may/medium-2/8proc-1pils/seed-6/10_var-smallemery-m6j6_seed-6_20260510_220850/iterated_local_search/run_5_worker_4/ils_config_2743595928241979184.prm
[INFO]:[22:19:21] Starting CPLEX solver on instance: /home/yorig/tuner/mpils-tests/instances/miplib/medium-2/var-smallemery-m6j6.mps with config: /scratch/yorig/mpils-results-grid-ticks-10000-7may/medium-2/8proc-1pils/seed-6/10_var-smallemery-m6j6_seed-6_20260510_220850/iterated_local_search/run_5_worker_4/ils_config_2743595928241979184.prm
[INFO]:[22:19:28] CPLEX results. Gap: 18.790000, upper bound: -131.125000, lower bound: -155.767980
[INFO]:[22:19:28] CPLEX solver finished. Gap: 18.790000
[INFO]:[22:19:28] Local search phase completed.
[INFO]:[22:19:28] Total number of new local-search evaluations: 18
[INFO]:[22:19:28] Final incumbent objective value: 6.77
[INFO]:[22:19:31] Worker 4 completed exploration phase.
[INFO]:[22:19:31] Worker 4 received order for step 2.
[INFO]:[22:19:31] Worker 4 running expansion phase for iteration 5.
[INFO]:[22:19:31] Worker 4 will use solver log file: /scratch/yorig/mpils-results-grid-ticks-10000-7may/medium-2/8proc-1pils/seed-6/10_var-smallemery-m6j6_seed-6_20260510_220850/solver/cplex.log_iteration_expansion_5_worker_4
[INFO]:[22:19:31] Expansion Worker 4 starting expansion for iteration 5.
[INFO]:[22:19:31] Starting CPLEX solver on instance: /home/yorig/tuner/mpils-tests/instances/miplib/medium-2/var-smallemery-m6j6.mps with config: /scratch/yorig/mpils-results-grid-ticks-10000-7may/medium-2/8proc-1pils/seed-6/10_var-smallemery-m6j6_seed-6_20260510_220850/expansion/config_param_CPXPARAM_Preprocessing_Dependency_2_iter_5.prm
[INFO]:[22:19:38] CPLEX results. Gap: 2.990000, upper bound: -149.375000, lower bound: -153.838400
[INFO]:[22:19:38] CPLEX solver finished. Gap: 2.990000
[INFO]:[22:19:38] Expansion Worker 4 found an improving configuration with objective value 2.99.
[INFO]:[22:19:38] Expansion Worker 4 stopping early after global MPI expansion stop was activated.
[INFO]:[22:19:38] Expansion Worker 4 completed expansion.
[INFO]:[22:19:38] Worker 4 completed expansion phase.
[INFO]:[22:19:39] Worker 4 received order for step 1.
[INFO]:[22:19:39] Worker 4 running exploration phase for iteration 6.
[INFO]:[22:19:39] Worker 4 at iteration 6 will not use a MIP start file. Current best MIP-start upper bound threshold is 1.79769e+308.
[INFO]:[22:19:39] Starting local search phase...
[INFO]:[22:19:39] Creating local search space from parameter space file: /scratch/yorig/mpils-results-grid-ticks-10000-7may/medium-2/8proc-1pils/seed-6/10_var-smallemery-m6j6_seed-6_20260510_220850/iterated_local_search/search_space/search_space_file_6_worker_4.txt
[INFO]:[22:19:39] Local search space loaded from file: /scratch/yorig/mpils-results-grid-ticks-10000-7may/medium-2/8proc-1pils/seed-6/10_var-smallemery-m6j6_seed-6_20260510_220850/iterated_local_search/search_space/search_space_file_6_worker_4.txt
[INFO]:[22:19:39] Number of parameters in local search space: 71
[INFO]:[22:19:39] Number of forbidden tuples in local search space: 87
[INFO]:[22:19:39] Number of conditionals in local search space: 6
[INFO]:[22:19:39] MIP start option not enabled. Local search will proceed without MIP start.
[INFO]:[22:19:39] Evaluating initial configuration for local search phase...
[INFO]:[22:19:39] Starting CPLEX solver on instance: /home/yorig/tuner/mpils-tests/instances/miplib/medium-2/var-smallemery-m6j6.mps with config: /scratch/yorig/mpils-results-grid-ticks-10000-7may/medium-2/8proc-1pils/seed-6/10_var-smallemery-m6j6_seed-6_20260510_220850/iterated_local_search/run_6_worker_4/ils_config_7858829915995678518.prm
[INFO]:[22:19:39] Starting CPLEX solver on instance: /home/yorig/tuner/mpils-tests/instances/miplib/medium-2/var-smallemery-m6j6.mps with config: /scratch/yorig/mpils-results-grid-ticks-10000-7may/medium-2/8proc-1pils/seed-6/10_var-smallemery-m6j6_seed-6_20260510_220850/iterated_local_search/run_6_worker_4/ils_config_7858829915995678518.prm
[INFO]:[22:19:46] CPLEX results. Gap: 7.710000, upper bound: -144.500000, lower bound: -155.641646
[INFO]:[22:19:46] CPLEX solver finished. Gap: 7.710000
[INFO]:[22:19:46] Initial configuration evaluated with objective value: 7.71
[INFO]:[22:19:46] Starting CPLEX solver on instance: /home/yorig/tuner/mpils-tests/instances/miplib/medium-2/var-smallemery-m6j6.mps with config: /scratch/yorig/mpils-results-grid-ticks-10000-7may/medium-2/8proc-1pils/seed-6/10_var-smallemery-m6j6_seed-6_20260510_220850/iterated_local_search/run_6_worker_4/ils_config_711907596376682782.prm
[INFO]:[22:19:46] Starting CPLEX solver on instance: /home/yorig/tuner/mpils-tests/instances/miplib/medium-2/var-smallemery-m6j6.mps with config: /scratch/yorig/mpils-results-grid-ticks-10000-7may/medium-2/8proc-1pils/seed-6/10_var-smallemery-m6j6_seed-6_20260510_220850/iterated_local_search/run_6_worker_4/ils_config_711907596376682782.prm
[INFO]:[22:19:53] CPLEX results. Gap: 7.710000, upper bound: -144.500000, lower bound: -155.641646
[INFO]:[22:19:53] CPLEX solver finished. Gap: 7.710000
[INFO]:[22:19:53] Starting CPLEX solver on instance: /home/yorig/tuner/mpils-tests/instances/miplib/medium-2/var-smallemery-m6j6.mps with config: /scratch/yorig/mpils-results-grid-ticks-10000-7may/medium-2/8proc-1pils/seed-6/10_var-smallemery-m6j6_seed-6_20260510_220850/iterated_local_search/run_6_worker_4/ils_config_3823672998427829012.prm
[INFO]:[22:19:53] Starting CPLEX solver on instance: /home/yorig/tuner/mpils-tests/instances/miplib/medium-2/var-smallemery-m6j6.mps with config: /scratch/yorig/mpils-results-grid-ticks-10000-7may/medium-2/8proc-1pils/seed-6/10_var-smallemery-m6j6_seed-6_20260510_220850/iterated_local_search/run_6_worker_4/ils_config_3823672998427829012.prm
[INFO]:[22:20:00] CPLEX results. Gap: 7.710000, upper bound: -144.500000, lower bound: -155.641646
[INFO]:[22:20:00] CPLEX solver finished. Gap: 7.710000
[INFO]:[22:20:00] Starting CPLEX solver on instance: /home/yorig/tuner/mpils-tests/instances/miplib/medium-2/var-smallemery-m6j6.mps with config: /scratch/yorig/mpils-results-grid-ticks-10000-7may/medium-2/8proc-1pils/seed-6/10_var-smallemery-m6j6_seed-6_20260510_220850/iterated_local_search/run_6_worker_4/ils_config_12635632056596832971.prm
[INFO]:[22:20:00] Starting CPLEX solver on instance: /home/yorig/tuner/mpils-tests/instances/miplib/medium-2/var-smallemery-m6j6.mps with config: /scratch/yorig/mpils-results-grid-ticks-10000-7may/medium-2/8proc-1pils/seed-6/10_var-smallemery-m6j6_seed-6_20260510_220850/iterated_local_search/run_6_worker_4/ils_config_12635632056596832971.prm
[INFO]:[22:20:07] CPLEX results. Gap: 14.880000, upper bound: -135.843750, lower bound: -156.056147
[INFO]:[22:20:07] CPLEX solver finished. Gap: 14.880000
[INFO]:[22:20:07] Starting CPLEX solver on instance: /home/yorig/tuner/mpils-tests/instances/miplib/medium-2/var-smallemery-m6j6.mps with config: /scratch/yorig/mpils-results-grid-ticks-10000-7may/medium-2/8proc-1pils/seed-6/10_var-smallemery-m6j6_seed-6_20260510_220850/iterated_local_search/run_6_worker_4/ils_config_10131866546720833333.prm
[INFO]:[22:20:07] Starting CPLEX solver on instance: /home/yorig/tuner/mpils-tests/instances/miplib/medium-2/var-smallemery-m6j6.mps with config: /scratch/yorig/mpils-results-grid-ticks-10000-7may/medium-2/8proc-1pils/seed-6/10_var-smallemery-m6j6_seed-6_20260510_220850/iterated_local_search/run_6_worker_4/ils_config_10131866546720833333.prm
[INFO]:[22:20:14] CPLEX results. Gap: 7.710000, upper bound: -144.500000, lower bound: -155.641646
[INFO]:[22:20:14] CPLEX solver finished. Gap: 7.710000
[INFO]:[22:20:14] Starting CPLEX solver on instance: /home/yorig/tuner/mpils-tests/instances/miplib/medium-2/var-smallemery-m6j6.mps with config: /scratch/yorig/mpils-results-grid-ticks-10000-7may/medium-2/8proc-1pils/seed-6/10_var-smallemery-m6j6_seed-6_20260510_220850/iterated_local_search/run_6_worker_4/ils_config_6400578578120168030.prm
[INFO]:[22:20:14] Starting CPLEX solver on instance: /home/yorig/tuner/mpils-tests/instances/miplib/medium-2/var-smallemery-m6j6.mps with config: /scratch/yorig/mpils-results-grid-ticks-10000-7may/medium-2/8proc-1pils/seed-6/10_var-smallemery-m6j6_seed-6_20260510_220850/iterated_local_search/run_6_worker_4/ils_config_6400578578120168030.prm
[INFO]:[22:20:21] CPLEX results. Gap: 7.710000, upper bound: -144.500000, lower bound: -155.641646
[INFO]:[22:20:21] CPLEX solver finished. Gap: 7.710000
[INFO]:[22:20:21] Starting CPLEX solver on instance: /home/yorig/tuner/mpils-tests/instances/miplib/medium-2/var-smallemery-m6j6.mps with config: /scratch/yorig/mpils-results-grid-ticks-10000-7may/medium-2/8proc-1pils/seed-6/10_var-smallemery-m6j6_seed-6_20260510_220850/iterated_local_search/run_6_worker_4/ils_config_11694259500152813205.prm
[INFO]:[22:20:21] Starting CPLEX solver on instance: /home/yorig/tuner/mpils-tests/instances/miplib/medium-2/var-smallemery-m6j6.mps with config: /scratch/yorig/mpils-results-grid-ticks-10000-7may/medium-2/8proc-1pils/seed-6/10_var-smallemery-m6j6_seed-6_20260510_220850/iterated_local_search/run_6_worker_4/ils_config_11694259500152813205.prm
[INFO]:[22:20:29] CPLEX results. Gap: 7.710000, upper bound: -144.500000, lower bound: -155.641646
[INFO]:[22:20:29] CPLEX solver finished. Gap: 7.710000
[INFO]:[22:20:29] Starting CPLEX solver on instance: /home/yorig/tuner/mpils-tests/instances/miplib/medium-2/var-smallemery-m6j6.mps with config: /scratch/yorig/mpils-results-grid-ticks-10000-7may/medium-2/8proc-1pils/seed-6/10_var-smallemery-m6j6_seed-6_20260510_220850/iterated_local_search/run_6_worker_4/ils_config_13844760282892561175.prm
[INFO]:[22:20:29] Starting CPLEX solver on instance: /home/yorig/tuner/mpils-tests/instances/miplib/medium-2/var-smallemery-m6j6.mps with config: /scratch/yorig/mpils-results-grid-ticks-10000-7may/medium-2/8proc-1pils/seed-6/10_var-smallemery-m6j6_seed-6_20260510_220850/iterated_local_search/run_6_worker_4/ils_config_13844760282892561175.prm
[INFO]:[22:20:36] CPLEX results. Gap: 7.710000, upper bound: -144.500000, lower bound: -155.641646
[INFO]:[22:20:36] CPLEX solver finished. Gap: 7.710000
[INFO]:[22:20:36] Starting CPLEX solver on instance: /home/yorig/tuner/mpils-tests/instances/miplib/medium-2/var-smallemery-m6j6.mps with config: /scratch/yorig/mpils-results-grid-ticks-10000-7may/medium-2/8proc-1pils/seed-6/10_var-smallemery-m6j6_seed-6_20260510_220850/iterated_local_search/run_6_worker_4/ils_config_10054117335740562870.prm
[INFO]:[22:20:36] Starting CPLEX solver on instance: /home/yorig/tuner/mpils-tests/instances/miplib/medium-2/var-smallemery-m6j6.mps with config: /scratch/yorig/mpils-results-grid-ticks-10000-7may/medium-2/8proc-1pils/seed-6/10_var-smallemery-m6j6_seed-6_20260510_220850/iterated_local_search/run_6_worker_4/ils_config_10054117335740562870.prm
[INFO]:[22:20:43] CPLEX results. Gap: 7.710000, upper bound: -144.500000, lower bound: -155.641646
[INFO]:[22:20:43] CPLEX solver finished. Gap: 7.710000
[INFO]:[22:20:43] Starting CPLEX solver on instance: /home/yorig/tuner/mpils-tests/instances/miplib/medium-2/var-smallemery-m6j6.mps with config: /scratch/yorig/mpils-results-grid-ticks-10000-7may/medium-2/8proc-1pils/seed-6/10_var-smallemery-m6j6_seed-6_20260510_220850/iterated_local_search/run_6_worker_4/ils_config_5057050530076480694.prm
[INFO]:[22:20:43] Starting CPLEX solver on instance: /home/yorig/tuner/mpils-tests/instances/miplib/medium-2/var-smallemery-m6j6.mps with config: /scratch/yorig/mpils-results-grid-ticks-10000-7may/medium-2/8proc-1pils/seed-6/10_var-smallemery-m6j6_seed-6_20260510_220850/iterated_local_search/run_6_worker_4/ils_config_5057050530076480694.prm
[INFO]:[22:20:50] CPLEX results. Gap: 10.980000, upper bound: -140.468750, lower bound: -155.893407
[INFO]:[22:20:50] CPLEX solver finished. Gap: 10.980000
[INFO]:[22:20:50] Starting CPLEX solver on instance: /home/yorig/tuner/mpils-tests/instances/miplib/medium-2/var-smallemery-m6j6.mps with config: /scratch/yorig/mpils-results-grid-ticks-10000-7may/medium-2/8proc-1pils/seed-6/10_var-smallemery-m6j6_seed-6_20260510_220850/iterated_local_search/run_6_worker_4/ils_config_9659359379222741311.prm
[INFO]:[22:20:50] Starting CPLEX solver on instance: /home/yorig/tuner/mpils-tests/instances/miplib/medium-2/var-smallemery-m6j6.mps with config: /scratch/yorig/mpils-results-grid-ticks-10000-7may/medium-2/8proc-1pils/seed-6/10_var-smallemery-m6j6_seed-6_20260510_220850/iterated_local_search/run_6_worker_4/ils_config_9659359379222741311.prm
[INFO]:[22:20:57] CPLEX results. Gap: 7.710000, upper bound: -144.500000, lower bound: -155.641646
[INFO]:[22:20:57] CPLEX solver finished. Gap: 7.710000
[INFO]:[22:20:57] Starting CPLEX solver on instance: /home/yorig/tuner/mpils-tests/instances/miplib/medium-2/var-smallemery-m6j6.mps with config: /scratch/yorig/mpils-results-grid-ticks-10000-7may/medium-2/8proc-1pils/seed-6/10_var-smallemery-m6j6_seed-6_20260510_220850/iterated_local_search/run_6_worker_4/ils_config_5219930322094125289.prm
[INFO]:[22:20:57] Starting CPLEX solver on instance: /home/yorig/tuner/mpils-tests/instances/miplib/medium-2/var-smallemery-m6j6.mps with config: /scratch/yorig/mpils-results-grid-ticks-10000-7may/medium-2/8proc-1pils/seed-6/10_var-smallemery-m6j6_seed-6_20260510_220850/iterated_local_search/run_6_worker_4/ils_config_5219930322094125289.prm
[INFO]:[22:21:04] CPLEX results. Gap: 6.840000, upper bound: -145.687500, lower bound: -155.656264
[INFO]:[22:21:04] CPLEX solver finished. Gap: 6.840000
[INFO]:[22:21:04] New incumbent found with objective value: 6.84
[INFO]:[22:21:04] Starting CPLEX solver on instance: /home/yorig/tuner/mpils-tests/instances/miplib/medium-2/var-smallemery-m6j6.mps with config: /scratch/yorig/mpils-results-grid-ticks-10000-7may/medium-2/8proc-1pils/seed-6/10_var-smallemery-m6j6_seed-6_20260510_220850/iterated_local_search/run_6_worker_4/ils_config_868537654652902078.prm
[INFO]:[22:21:04] Starting CPLEX solver on instance: /home/yorig/tuner/mpils-tests/instances/miplib/medium-2/var-smallemery-m6j6.mps with config: /scratch/yorig/mpils-results-grid-ticks-10000-7may/medium-2/8proc-1pils/seed-6/10_var-smallemery-m6j6_seed-6_20260510_220850/iterated_local_search/run_6_worker_4/ils_config_868537654652902078.prm
[WARN]:[22:21:11] CPLEX finished without a primal feasible solution for config /scratch/yorig/mpils-results-grid-ticks-10000-7may/medium-2/8proc-1pils/seed-6/10_var-smallemery-m6j6_seed-6_20260510_220850/iterated_local_search/run_6_worker_4/ils_config_868537654652902078.prm.
[INFO]:[22:21:11] CPLEX results. Gap: unavailable, upper bound: null, lower bound: -155.551676
[INFO]:[22:21:11] CPLEX solver finished. Gap: 179769313486231570814527423731704356798070567525844996598917476803157260780028538760589558632766878171540458953514382464234321326889464182768467546703537516986049910576551282076245490090389328944075868508455133942304583236903222948165808559332123348274797826204144723168738177180919299881250404026184124858368.000000
[INFO]:[22:21:11] Starting CPLEX solver on instance: /home/yorig/tuner/mpils-tests/instances/miplib/medium-2/var-smallemery-m6j6.mps with config: /scratch/yorig/mpils-results-grid-ticks-10000-7may/medium-2/8proc-1pils/seed-6/10_var-smallemery-m6j6_seed-6_20260510_220850/iterated_local_search/run_6_worker_4/ils_config_1223199229456486496.prm
[INFO]:[22:21:11] Starting CPLEX solver on instance: /home/yorig/tuner/mpils-tests/instances/miplib/medium-2/var-smallemery-m6j6.mps with config: /scratch/yorig/mpils-results-grid-ticks-10000-7may/medium-2/8proc-1pils/seed-6/10_var-smallemery-m6j6_seed-6_20260510_220850/iterated_local_search/run_6_worker_4/ils_config_1223199229456486496.prm
[INFO]:[22:21:17] CPLEX results. Gap: 6.840000, upper bound: -145.687500, lower bound: -155.656264
[INFO]:[22:21:17] CPLEX solver finished. Gap: 6.840000
[INFO]:[22:21:17] Starting CPLEX solver on instance: /home/yorig/tuner/mpils-tests/instances/miplib/medium-2/var-smallemery-m6j6.mps with config: /scratch/yorig/mpils-results-grid-ticks-10000-7may/medium-2/8proc-1pils/seed-6/10_var-smallemery-m6j6_seed-6_20260510_220850/iterated_local_search/run_6_worker_4/ils_config_6211994898244816076.prm
[INFO]:[22:21:17] Starting CPLEX solver on instance: /home/yorig/tuner/mpils-tests/instances/miplib/medium-2/var-smallemery-m6j6.mps with config: /scratch/yorig/mpils-results-grid-ticks-10000-7may/medium-2/8proc-1pils/seed-6/10_var-smallemery-m6j6_seed-6_20260510_220850/iterated_local_search/run_6_worker_4/ils_config_6211994898244816076.prm
[INFO]:[22:21:24] CPLEX results. Gap: 6.620000, upper bound: -145.906250, lower bound: -155.559566
[INFO]:[22:21:24] CPLEX solver finished. Gap: 6.620000
[INFO]:[22:21:24] New incumbent found with objective value: 6.62
[INFO]:[22:21:24] Starting CPLEX solver on instance: /home/yorig/tuner/mpils-tests/instances/miplib/medium-2/var-smallemery-m6j6.mps with config: /scratch/yorig/mpils-results-grid-ticks-10000-7may/medium-2/8proc-1pils/seed-6/10_var-smallemery-m6j6_seed-6_20260510_220850/iterated_local_search/run_6_worker_4/ils_config_14362120390131341574.prm
[INFO]:[22:21:24] Starting CPLEX solver on instance: /home/yorig/tuner/mpils-tests/instances/miplib/medium-2/var-smallemery-m6j6.mps with config: /scratch/yorig/mpils-results-grid-ticks-10000-7may/medium-2/8proc-1pils/seed-6/10_var-smallemery-m6j6_seed-6_20260510_220850/iterated_local_search/run_6_worker_4/ils_config_14362120390131341574.prm
[INFO]:[22:21:30] CPLEX results. Gap: 6.740000, upper bound: -145.906250, lower bound: -155.745738
[INFO]:[22:21:30] CPLEX solver finished. Gap: 6.740000
[INFO]:[22:21:30] Starting CPLEX solver on instance: /home/yorig/tuner/mpils-tests/instances/miplib/medium-2/var-smallemery-m6j6.mps with config: /scratch/yorig/mpils-results-grid-ticks-10000-7may/medium-2/8proc-1pils/seed-6/10_var-smallemery-m6j6_seed-6_20260510_220850/iterated_local_search/run_6_worker_4/ils_config_15482323964966508134.prm
[INFO]:[22:21:30] Starting CPLEX solver on instance: /home/yorig/tuner/mpils-tests/instances/miplib/medium-2/var-smallemery-m6j6.mps with config: /scratch/yorig/mpils-results-grid-ticks-10000-7may/medium-2/8proc-1pils/seed-6/10_var-smallemery-m6j6_seed-6_20260510_220850/iterated_local_search/run_6_worker_4/ils_config_15482323964966508134.prm
[INFO]:[22:21:36] CPLEX results. Gap: 6.620000, upper bound: -145.906250, lower bound: -155.559566
[INFO]:[22:21:36] CPLEX solver finished. Gap: 6.620000
[INFO]:[22:21:36] Starting CPLEX solver on instance: /home/yorig/tuner/mpils-tests/instances/miplib/medium-2/var-smallemery-m6j6.mps with config: /scratch/yorig/mpils-results-grid-ticks-10000-7may/medium-2/8proc-1pils/seed-6/10_var-smallemery-m6j6_seed-6_20260510_220850/iterated_local_search/run_6_worker_4/ils_config_10216371891858722611.prm
[INFO]:[22:21:36] Starting CPLEX solver on instance: /home/yorig/tuner/mpils-tests/instances/miplib/medium-2/var-smallemery-m6j6.mps with config: /scratch/yorig/mpils-results-grid-ticks-10000-7may/medium-2/8proc-1pils/seed-6/10_var-smallemery-m6j6_seed-6_20260510_220850/iterated_local_search/run_6_worker_4/ils_config_10216371891858722611.prm
[INFO]:[22:21:43] CPLEX results. Gap: 6.620000, upper bound: -145.906250, lower bound: -155.559566
[INFO]:[22:21:43] CPLEX solver finished. Gap: 6.620000
[INFO]:[22:21:43] Local search phase completed.
[INFO]:[22:21:43] Total number of new local-search evaluations: 18
[INFO]:[22:21:43] Final incumbent objective value: 6.62
[INFO]:[22:21:53] Worker 4 completed exploration phase.
[INFO]:[22:21:53] Worker 4 received order for step 2.
[INFO]:[22:21:53] Worker 4 running expansion phase for iteration 6.
[INFO]:[22:21:53] Worker 4 will use solver log file: /scratch/yorig/mpils-results-grid-ticks-10000-7may/medium-2/8proc-1pils/seed-6/10_var-smallemery-m6j6_seed-6_20260510_220850/solver/cplex.log_iteration_expansion_6_worker_4
[INFO]:[22:21:53] Expansion Worker 4 starting expansion for iteration 6.
[INFO]:[22:21:53] Starting CPLEX solver on instance: /home/yorig/tuner/mpils-tests/instances/miplib/medium-2/var-smallemery-m6j6.mps with config: /scratch/yorig/mpils-results-grid-ticks-10000-7may/medium-2/8proc-1pils/seed-6/10_var-smallemery-m6j6_seed-6_20260510_220850/expansion/config_param_CPXPARAM_Feasopt_Mode_5_iter_6.prm
[INFO]:[22:22:01] CPLEX results. Gap: 2.990000, upper bound: -149.375000, lower bound: -153.838400
[INFO]:[22:22:01] CPLEX solver finished. Gap: 2.990000
[INFO]:[22:22:01] Starting CPLEX solver on instance: /home/yorig/tuner/mpils-tests/instances/miplib/medium-2/var-smallemery-m6j6.mps with config: /scratch/yorig/mpils-results-grid-ticks-10000-7may/medium-2/8proc-1pils/seed-6/10_var-smallemery-m6j6_seed-6_20260510_220850/expansion/config_param_CPXPARAM_Network_Pricing_2_iter_6.prm
[INFO]:[22:22:08] CPLEX results. Gap: 2.990000, upper bound: -149.375000, lower bound: -153.838400
[INFO]:[22:22:08] CPLEX solver finished. Gap: 2.990000
[INFO]:[22:22:08] Starting CPLEX solver on instance: /home/yorig/tuner/mpils-tests/instances/miplib/medium-2/var-smallemery-m6j6.mps with config: /scratch/yorig/mpils-results-grid-ticks-10000-7may/medium-2/8proc-1pils/seed-6/10_var-smallemery-m6j6_seed-6_20260510_220850/expansion/config_param_CPXPARAM_Preprocessing_Reduce_2_iter_6.prm
[INFO]:[22:22:15] CPLEX results. Gap: 6.110000, upper bound: -146.281250, lower bound: -155.216440
[INFO]:[22:22:15] CPLEX solver finished. Gap: 6.110000
[INFO]:[22:22:16] Expansion Worker 4 stopping early after global MPI expansion stop was activated.
[INFO]:[22:22:16] Expansion Worker 4 completed expansion.
[INFO]:[22:22:16] Worker 4 completed expansion phase.
[INFO]:[22:22:17] Worker 4 received order for step 1.
[INFO]:[22:22:17] Worker 4 running exploration phase for iteration 7.
[INFO]:[22:22:17] Worker 4 at iteration 7 will not use a MIP start file. Current best MIP-start upper bound threshold is 1.79769e+308.
[INFO]:[22:22:17] Starting local search phase...
[INFO]:[22:22:17] Creating local search space from parameter space file: /scratch/yorig/mpils-results-grid-ticks-10000-7may/medium-2/8proc-1pils/seed-6/10_var-smallemery-m6j6_seed-6_20260510_220850/iterated_local_search/search_space/search_space_file_7_worker_4.txt
[INFO]:[22:22:17] Local search space loaded from file: /scratch/yorig/mpils-results-grid-ticks-10000-7may/medium-2/8proc-1pils/seed-6/10_var-smallemery-m6j6_seed-6_20260510_220850/iterated_local_search/search_space/search_space_file_7_worker_4.txt
[INFO]:[22:22:17] Number of parameters in local search space: 71
[INFO]:[22:22:17] Number of forbidden tuples in local search space: 106
[INFO]:[22:22:17] Number of conditionals in local search space: 6
[INFO]:[22:22:17] MIP start option not enabled. Local search will proceed without MIP start.
[INFO]:[22:22:17] Evaluating initial configuration for local search phase...
[INFO]:[22:22:17] Starting CPLEX solver on instance: /home/yorig/tuner/mpils-tests/instances/miplib/medium-2/var-smallemery-m6j6.mps with config: /scratch/yorig/mpils-results-grid-ticks-10000-7may/medium-2/8proc-1pils/seed-6/10_var-smallemery-m6j6_seed-6_20260510_220850/iterated_local_search/run_7_worker_4/ils_config_15606971740754892524.prm
[INFO]:[22:22:17] Starting CPLEX solver on instance: /home/yorig/tuner/mpils-tests/instances/miplib/medium-2/var-smallemery-m6j6.mps with config: /scratch/yorig/mpils-results-grid-ticks-10000-7may/medium-2/8proc-1pils/seed-6/10_var-smallemery-m6j6_seed-6_20260510_220850/iterated_local_search/run_7_worker_4/ils_config_15606971740754892524.prm
[INFO]:[22:22:22] CPLEX results. Gap: 7.510000, upper bound: -144.562500, lower bound: -155.420467
[INFO]:[22:22:22] CPLEX solver finished. Gap: 7.510000
[INFO]:[22:22:22] Initial configuration evaluated with objective value: 7.51
[INFO]:[22:22:22] Starting CPLEX solver on instance: /home/yorig/tuner/mpils-tests/instances/miplib/medium-2/var-smallemery-m6j6.mps with config: /scratch/yorig/mpils-results-grid-ticks-10000-7may/medium-2/8proc-1pils/seed-6/10_var-smallemery-m6j6_seed-6_20260510_220850/iterated_local_search/run_7_worker_4/ils_config_9387739824403662209.prm
[INFO]:[22:22:22] Starting CPLEX solver on instance: /home/yorig/tuner/mpils-tests/instances/miplib/medium-2/var-smallemery-m6j6.mps with config: /scratch/yorig/mpils-results-grid-ticks-10000-7may/medium-2/8proc-1pils/seed-6/10_var-smallemery-m6j6_seed-6_20260510_220850/iterated_local_search/run_7_worker_4/ils_config_9387739824403662209.prm
[INFO]:[22:22:28] CPLEX results. Gap: 9.870000, upper bound: -141.343750, lower bound: -155.292478
[INFO]:[22:22:28] CPLEX solver finished. Gap: 9.870000
[INFO]:[22:22:28] Starting CPLEX solver on instance: /home/yorig/tuner/mpils-tests/instances/miplib/medium-2/var-smallemery-m6j6.mps with config: /scratch/yorig/mpils-results-grid-ticks-10000-7may/medium-2/8proc-1pils/seed-6/10_var-smallemery-m6j6_seed-6_20260510_220850/iterated_local_search/run_7_worker_4/ils_config_17062103485000637386.prm
[INFO]:[22:22:28] Starting CPLEX solver on instance: /home/yorig/tuner/mpils-tests/instances/miplib/medium-2/var-smallemery-m6j6.mps with config: /scratch/yorig/mpils-results-grid-ticks-10000-7may/medium-2/8proc-1pils/seed-6/10_var-smallemery-m6j6_seed-6_20260510_220850/iterated_local_search/run_7_worker_4/ils_config_17062103485000637386.prm
[INFO]:[22:22:34] CPLEX results. Gap: 7.510000, upper bound: -144.562500, lower bound: -155.420467
[INFO]:[22:22:34] CPLEX solver finished. Gap: 7.510000
[INFO]:[22:22:34] Starting CPLEX solver on instance: /home/yorig/tuner/mpils-tests/instances/miplib/medium-2/var-smallemery-m6j6.mps with config: /scratch/yorig/mpils-results-grid-ticks-10000-7may/medium-2/8proc-1pils/seed-6/10_var-smallemery-m6j6_seed-6_20260510_220850/iterated_local_search/run_7_worker_4/ils_config_13093597156236555894.prm
[INFO]:[22:22:34] Starting CPLEX solver on instance: /home/yorig/tuner/mpils-tests/instances/miplib/medium-2/var-smallemery-m6j6.mps with config: /scratch/yorig/mpils-results-grid-ticks-10000-7may/medium-2/8proc-1pils/seed-6/10_var-smallemery-m6j6_seed-6_20260510_220850/iterated_local_search/run_7_worker_4/ils_config_13093597156236555894.prm
[INFO]:[22:22:39] CPLEX results. Gap: 35.210000, upper bound: -115.250000, lower bound: -155.832090
[INFO]:[22:22:39] CPLEX solver finished. Gap: 35.210000
[INFO]:[22:22:39] Starting CPLEX solver on instance: /home/yorig/tuner/mpils-tests/instances/miplib/medium-2/var-smallemery-m6j6.mps with config: /scratch/yorig/mpils-results-grid-ticks-10000-7may/medium-2/8proc-1pils/seed-6/10_var-smallemery-m6j6_seed-6_20260510_220850/iterated_local_search/run_7_worker_4/ils_config_15330872498434200931.prm
[INFO]:[22:22:39] Starting CPLEX solver on instance: /home/yorig/tuner/mpils-tests/instances/miplib/medium-2/var-smallemery-m6j6.mps with config: /scratch/yorig/mpils-results-grid-ticks-10000-7may/medium-2/8proc-1pils/seed-6/10_var-smallemery-m6j6_seed-6_20260510_220850/iterated_local_search/run_7_worker_4/ils_config_15330872498434200931.prm
[INFO]:[22:22:44] CPLEX results. Gap: 7.510000, upper bound: -144.562500, lower bound: -155.420467
[INFO]:[22:22:44] CPLEX solver finished. Gap: 7.510000
[INFO]:[22:22:44] Starting CPLEX solver on instance: /home/yorig/tuner/mpils-tests/instances/miplib/medium-2/var-smallemery-m6j6.mps with config: /scratch/yorig/mpils-results-grid-ticks-10000-7may/medium-2/8proc-1pils/seed-6/10_var-smallemery-m6j6_seed-6_20260510_220850/iterated_local_search/run_7_worker_4/ils_config_12770825188516857694.prm
[INFO]:[22:22:44] Starting CPLEX solver on instance: /home/yorig/tuner/mpils-tests/instances/miplib/medium-2/var-smallemery-m6j6.mps with config: /scratch/yorig/mpils-results-grid-ticks-10000-7may/medium-2/8proc-1pils/seed-6/10_var-smallemery-m6j6_seed-6_20260510_220850/iterated_local_search/run_7_worker_4/ils_config_12770825188516857694.prm
[INFO]:[22:22:49] CPLEX results. Gap: 7.510000, upper bound: -144.562500, lower bound: -155.420467
[INFO]:[22:22:49] CPLEX solver finished. Gap: 7.510000
[INFO]:[22:22:49] Starting CPLEX solver on instance: /home/yorig/tuner/mpils-tests/instances/miplib/medium-2/var-smallemery-m6j6.mps with config: /scratch/yorig/mpils-results-grid-ticks-10000-7may/medium-2/8proc-1pils/seed-6/10_var-smallemery-m6j6_seed-6_20260510_220850/iterated_local_search/run_7_worker_4/ils_config_4335967399084796819.prm
[INFO]:[22:22:49] Starting CPLEX solver on instance: /home/yorig/tuner/mpils-tests/instances/miplib/medium-2/var-smallemery-m6j6.mps with config: /scratch/yorig/mpils-results-grid-ticks-10000-7may/medium-2/8proc-1pils/seed-6/10_var-smallemery-m6j6_seed-6_20260510_220850/iterated_local_search/run_7_worker_4/ils_config_4335967399084796819.prm
[INFO]:[22:22:55] CPLEX results. Gap: 6.130000, upper bound: -145.906250, lower bound: -154.852368
[INFO]:[22:22:55] CPLEX solver finished. Gap: 6.130000
[INFO]:[22:22:55] New incumbent found with objective value: 6.13
[INFO]:[22:22:55] Starting CPLEX solver on instance: /home/yorig/tuner/mpils-tests/instances/miplib/medium-2/var-smallemery-m6j6.mps with config: /scratch/yorig/mpils-results-grid-ticks-10000-7may/medium-2/8proc-1pils/seed-6/10_var-smallemery-m6j6_seed-6_20260510_220850/iterated_local_search/run_7_worker_4/ils_config_1521824039312170664.prm
[INFO]:[22:22:55] Starting CPLEX solver on instance: /home/yorig/tuner/mpils-tests/instances/miplib/medium-2/var-smallemery-m6j6.mps with config: /scratch/yorig/mpils-results-grid-ticks-10000-7may/medium-2/8proc-1pils/seed-6/10_var-smallemery-m6j6_seed-6_20260510_220850/iterated_local_search/run_7_worker_4/ils_config_1521824039312170664.prm
[INFO]:[22:23:02] CPLEX results. Gap: 6.210000, upper bound: -145.906250, lower bound: -154.968701
[INFO]:[22:23:02] CPLEX solver finished. Gap: 6.210000
[INFO]:[22:23:02] Starting CPLEX solver on instance: /home/yorig/tuner/mpils-tests/instances/miplib/medium-2/var-smallemery-m6j6.mps with config: /scratch/yorig/mpils-results-grid-ticks-10000-7may/medium-2/8proc-1pils/seed-6/10_var-smallemery-m6j6_seed-6_20260510_220850/iterated_local_search/run_7_worker_4/ils_config_5120645795520720629.prm
[INFO]:[22:23:02] Starting CPLEX solver on instance: /home/yorig/tuner/mpils-tests/instances/miplib/medium-2/var-smallemery-m6j6.mps with config: /scratch/yorig/mpils-results-grid-ticks-10000-7may/medium-2/8proc-1pils/seed-6/10_var-smallemery-m6j6_seed-6_20260510_220850/iterated_local_search/run_7_worker_4/ils_config_5120645795520720629.prm
[INFO]:[22:23:08] CPLEX results. Gap: 6.160000, upper bound: -145.906250, lower bound: -154.893398
[INFO]:[22:23:08] CPLEX solver finished. Gap: 6.160000
[INFO]:[22:23:08] Starting CPLEX solver on instance: /home/yorig/tuner/mpils-tests/instances/miplib/medium-2/var-smallemery-m6j6.mps with config: /scratch/yorig/mpils-results-grid-ticks-10000-7may/medium-2/8proc-1pils/seed-6/10_var-smallemery-m6j6_seed-6_20260510_220850/iterated_local_search/run_7_worker_4/ils_config_13450629210360631888.prm
[INFO]:[22:23:08] Starting CPLEX solver on instance: /home/yorig/tuner/mpils-tests/instances/miplib/medium-2/var-smallemery-m6j6.mps with config: /scratch/yorig/mpils-results-grid-ticks-10000-7may/medium-2/8proc-1pils/seed-6/10_var-smallemery-m6j6_seed-6_20260510_220850/iterated_local_search/run_7_worker_4/ils_config_13450629210360631888.prm
[INFO]:[22:23:14] CPLEX results. Gap: 6.130000, upper bound: -145.906250, lower bound: -154.852368
[INFO]:[22:23:14] CPLEX solver finished. Gap: 6.130000
[INFO]:[22:23:14] Starting CPLEX solver on instance: /home/yorig/tuner/mpils-tests/instances/miplib/medium-2/var-smallemery-m6j6.mps with config: /scratch/yorig/mpils-results-grid-ticks-10000-7may/medium-2/8proc-1pils/seed-6/10_var-smallemery-m6j6_seed-6_20260510_220850/iterated_local_search/run_7_worker_4/ils_config_10453617030034897162.prm
[INFO]:[22:23:14] Starting CPLEX solver on instance: /home/yorig/tuner/mpils-tests/instances/miplib/medium-2/var-smallemery-m6j6.mps with config: /scratch/yorig/mpils-results-grid-ticks-10000-7may/medium-2/8proc-1pils/seed-6/10_var-smallemery-m6j6_seed-6_20260510_220850/iterated_local_search/run_7_worker_4/ils_config_10453617030034897162.prm
[INFO]:[22:23:20] CPLEX results. Gap: 6.130000, upper bound: -145.906250, lower bound: -154.852368
[INFO]:[22:23:20] CPLEX solver finished. Gap: 6.130000
[INFO]:[22:23:20] Starting CPLEX solver on instance: /home/yorig/tuner/mpils-tests/instances/miplib/medium-2/var-smallemery-m6j6.mps with config: /scratch/yorig/mpils-results-grid-ticks-10000-7may/medium-2/8proc-1pils/seed-6/10_var-smallemery-m6j6_seed-6_20260510_220850/iterated_local_search/run_7_worker_4/ils_config_8412544496949240958.prm
[INFO]:[22:23:20] Starting CPLEX solver on instance: /home/yorig/tuner/mpils-tests/instances/miplib/medium-2/var-smallemery-m6j6.mps with config: /scratch/yorig/mpils-results-grid-ticks-10000-7may/medium-2/8proc-1pils/seed-6/10_var-smallemery-m6j6_seed-6_20260510_220850/iterated_local_search/run_7_worker_4/ils_config_8412544496949240958.prm
[INFO]:[22:23:26] CPLEX results. Gap: 6.130000, upper bound: -145.906250, lower bound: -154.852368
[INFO]:[22:23:26] CPLEX solver finished. Gap: 6.130000
[INFO]:[22:23:26] Starting CPLEX solver on instance: /home/yorig/tuner/mpils-tests/instances/miplib/medium-2/var-smallemery-m6j6.mps with config: /scratch/yorig/mpils-results-grid-ticks-10000-7may/medium-2/8proc-1pils/seed-6/10_var-smallemery-m6j6_seed-6_20260510_220850/iterated_local_search/run_7_worker_4/ils_config_12944636235012715937.prm
[INFO]:[22:23:26] Starting CPLEX solver on instance: /home/yorig/tuner/mpils-tests/instances/miplib/medium-2/var-smallemery-m6j6.mps with config: /scratch/yorig/mpils-results-grid-ticks-10000-7may/medium-2/8proc-1pils/seed-6/10_var-smallemery-m6j6_seed-6_20260510_220850/iterated_local_search/run_7_worker_4/ils_config_12944636235012715937.prm
[INFO]:[22:23:32] CPLEX results. Gap: 6.380000, upper bound: -145.812500, lower bound: -155.112010
[INFO]:[22:23:32] CPLEX solver finished. Gap: 6.380000
[INFO]:[22:23:32] Starting CPLEX solver on instance: /home/yorig/tuner/mpils-tests/instances/miplib/medium-2/var-smallemery-m6j6.mps with config: /scratch/yorig/mpils-results-grid-ticks-10000-7may/medium-2/8proc-1pils/seed-6/10_var-smallemery-m6j6_seed-6_20260510_220850/iterated_local_search/run_7_worker_4/ils_config_13206238877281142345.prm
[INFO]:[22:23:32] Starting CPLEX solver on instance: /home/yorig/tuner/mpils-tests/instances/miplib/medium-2/var-smallemery-m6j6.mps with config: /scratch/yorig/mpils-results-grid-ticks-10000-7may/medium-2/8proc-1pils/seed-6/10_var-smallemery-m6j6_seed-6_20260510_220850/iterated_local_search/run_7_worker_4/ils_config_13206238877281142345.prm
[INFO]:[22:23:40] CPLEX results. Gap: 155093677429120.187500, upper bound: 0.000000, lower bound: -155.093677
[INFO]:[22:23:40] CPLEX solver finished. Gap: 155093677429120.187500
[INFO]:[22:23:40] Starting CPLEX solver on instance: /home/yorig/tuner/mpils-tests/instances/miplib/medium-2/var-smallemery-m6j6.mps with config: /scratch/yorig/mpils-results-grid-ticks-10000-7may/medium-2/8proc-1pils/seed-6/10_var-smallemery-m6j6_seed-6_20260510_220850/iterated_local_search/run_7_worker_4/ils_config_16102708922249465015.prm
[INFO]:[22:23:40] Starting CPLEX solver on instance: /home/yorig/tuner/mpils-tests/instances/miplib/medium-2/var-smallemery-m6j6.mps with config: /scratch/yorig/mpils-results-grid-ticks-10000-7may/medium-2/8proc-1pils/seed-6/10_var-smallemery-m6j6_seed-6_20260510_220850/iterated_local_search/run_7_worker_4/ils_config_16102708922249465015.prm
[INFO]:[22:23:46] CPLEX results. Gap: 6.130000, upper bound: -145.906250, lower bound: -154.852368
[INFO]:[22:23:46] CPLEX solver finished. Gap: 6.130000
[INFO]:[22:23:46] Starting CPLEX solver on instance: /home/yorig/tuner/mpils-tests/instances/miplib/medium-2/var-smallemery-m6j6.mps with config: /scratch/yorig/mpils-results-grid-ticks-10000-7may/medium-2/8proc-1pils/seed-6/10_var-smallemery-m6j6_seed-6_20260510_220850/iterated_local_search/run_7_worker_4/ils_config_7665497322685067190.prm
[INFO]:[22:23:46] Starting CPLEX solver on instance: /home/yorig/tuner/mpils-tests/instances/miplib/medium-2/var-smallemery-m6j6.mps with config: /scratch/yorig/mpils-results-grid-ticks-10000-7may/medium-2/8proc-1pils/seed-6/10_var-smallemery-m6j6_seed-6_20260510_220850/iterated_local_search/run_7_worker_4/ils_config_7665497322685067190.prm
[INFO]:[22:23:52] CPLEX results. Gap: 6.130000, upper bound: -145.906250, lower bound: -154.852368
[INFO]:[22:23:52] CPLEX solver finished. Gap: 6.130000
[INFO]:[22:23:52] Starting CPLEX solver on instance: /home/yorig/tuner/mpils-tests/instances/miplib/medium-2/var-smallemery-m6j6.mps with config: /scratch/yorig/mpils-results-grid-ticks-10000-7may/medium-2/8proc-1pils/seed-6/10_var-smallemery-m6j6_seed-6_20260510_220850/iterated_local_search/run_7_worker_4/ils_config_7286578155454854995.prm
[INFO]:[22:23:52] Starting CPLEX solver on instance: /home/yorig/tuner/mpils-tests/instances/miplib/medium-2/var-smallemery-m6j6.mps with config: /scratch/yorig/mpils-results-grid-ticks-10000-7may/medium-2/8proc-1pils/seed-6/10_var-smallemery-m6j6_seed-6_20260510_220850/iterated_local_search/run_7_worker_4/ils_config_7286578155454854995.prm
[INFO]:[22:23:58] CPLEX results. Gap: 6.130000, upper bound: -145.906250, lower bound: -154.852368
[INFO]:[22:23:58] CPLEX solver finished. Gap: 6.130000
[INFO]:[22:23:58] Starting CPLEX solver on instance: /home/yorig/tuner/mpils-tests/instances/miplib/medium-2/var-smallemery-m6j6.mps with config: /scratch/yorig/mpils-results-grid-ticks-10000-7may/medium-2/8proc-1pils/seed-6/10_var-smallemery-m6j6_seed-6_20260510_220850/iterated_local_search/run_7_worker_4/ils_config_10466781895798143655.prm
[INFO]:[22:23:58] Starting CPLEX solver on instance: /home/yorig/tuner/mpils-tests/instances/miplib/medium-2/var-smallemery-m6j6.mps with config: /scratch/yorig/mpils-results-grid-ticks-10000-7may/medium-2/8proc-1pils/seed-6/10_var-smallemery-m6j6_seed-6_20260510_220850/iterated_local_search/run_7_worker_4/ils_config_10466781895798143655.prm
[INFO]:[22:24:04] CPLEX results. Gap: 6.130000, upper bound: -145.906250, lower bound: -154.852368
[INFO]:[22:24:04] CPLEX solver finished. Gap: 6.130000
[INFO]:[22:24:04] Starting CPLEX solver on instance: /home/yorig/tuner/mpils-tests/instances/miplib/medium-2/var-smallemery-m6j6.mps with config: /scratch/yorig/mpils-results-grid-ticks-10000-7may/medium-2/8proc-1pils/seed-6/10_var-smallemery-m6j6_seed-6_20260510_220850/iterated_local_search/run_7_worker_4/ils_config_8706138487387236249.prm
[INFO]:[22:24:04] Starting CPLEX solver on instance: /home/yorig/tuner/mpils-tests/instances/miplib/medium-2/var-smallemery-m6j6.mps with config: /scratch/yorig/mpils-results-grid-ticks-10000-7may/medium-2/8proc-1pils/seed-6/10_var-smallemery-m6j6_seed-6_20260510_220850/iterated_local_search/run_7_worker_4/ils_config_8706138487387236249.prm
[INFO]:[22:24:10] CPLEX results. Gap: 6.130000, upper bound: -145.906250, lower bound: -154.852368
[INFO]:[22:24:10] CPLEX solver finished. Gap: 6.130000
[INFO]:[22:24:10] Starting CPLEX solver on instance: /home/yorig/tuner/mpils-tests/instances/miplib/medium-2/var-smallemery-m6j6.mps with config: /scratch/yorig/mpils-results-grid-ticks-10000-7may/medium-2/8proc-1pils/seed-6/10_var-smallemery-m6j6_seed-6_20260510_220850/iterated_local_search/run_7_worker_4/ils_config_16744118083027833551.prm
[INFO]:[22:24:10] Starting CPLEX solver on instance: /home/yorig/tuner/mpils-tests/instances/miplib/medium-2/var-smallemery-m6j6.mps with config: /scratch/yorig/mpils-results-grid-ticks-10000-7may/medium-2/8proc-1pils/seed-6/10_var-smallemery-m6j6_seed-6_20260510_220850/iterated_local_search/run_7_worker_4/ils_config_16744118083027833551.prm
[INFO]:[22:24:16] CPLEX results. Gap: 6.130000, upper bound: -145.906250, lower bound: -154.852368
[INFO]:[22:24:16] CPLEX solver finished. Gap: 6.130000
[INFO]:[22:24:16] Starting CPLEX solver on instance: /home/yorig/tuner/mpils-tests/instances/miplib/medium-2/var-smallemery-m6j6.mps with config: /scratch/yorig/mpils-results-grid-ticks-10000-7may/medium-2/8proc-1pils/seed-6/10_var-smallemery-m6j6_seed-6_20260510_220850/iterated_local_search/run_7_worker_4/ils_config_16277444409569419456.prm
[INFO]:[22:24:16] Starting CPLEX solver on instance: /home/yorig/tuner/mpils-tests/instances/miplib/medium-2/var-smallemery-m6j6.mps with config: /scratch/yorig/mpils-results-grid-ticks-10000-7may/medium-2/8proc-1pils/seed-6/10_var-smallemery-m6j6_seed-6_20260510_220850/iterated_local_search/run_7_worker_4/ils_config_16277444409569419456.prm
[INFO]:[22:24:22] CPLEX results. Gap: 6.160000, upper bound: -145.906250, lower bound: -154.893398
[INFO]:[22:24:22] CPLEX solver finished. Gap: 6.160000
[INFO]:[22:24:22] Starting CPLEX solver on instance: /home/yorig/tuner/mpils-tests/instances/miplib/medium-2/var-smallemery-m6j6.mps with config: /scratch/yorig/mpils-results-grid-ticks-10000-7may/medium-2/8proc-1pils/seed-6/10_var-smallemery-m6j6_seed-6_20260510_220850/iterated_local_search/run_7_worker_4/ils_config_3722963071596784879.prm
[INFO]:[22:24:22] Starting CPLEX solver on instance: /home/yorig/tuner/mpils-tests/instances/miplib/medium-2/var-smallemery-m6j6.mps with config: /scratch/yorig/mpils-results-grid-ticks-10000-7may/medium-2/8proc-1pils/seed-6/10_var-smallemery-m6j6_seed-6_20260510_220850/iterated_local_search/run_7_worker_4/ils_config_3722963071596784879.prm
[INFO]:[22:24:28] CPLEX results. Gap: 5.890000, upper bound: -145.906250, lower bound: -154.503579
[INFO]:[22:24:28] CPLEX solver finished. Gap: 5.890000
[INFO]:[22:24:28] New incumbent found with objective value: 5.89
[INFO]:[22:24:28] Starting CPLEX solver on instance: /home/yorig/tuner/mpils-tests/instances/miplib/medium-2/var-smallemery-m6j6.mps with config: /scratch/yorig/mpils-results-grid-ticks-10000-7may/medium-2/8proc-1pils/seed-6/10_var-smallemery-m6j6_seed-6_20260510_220850/iterated_local_search/run_7_worker_4/ils_config_6017298220707775480.prm
[INFO]:[22:24:28] Starting CPLEX solver on instance: /home/yorig/tuner/mpils-tests/instances/miplib/medium-2/var-smallemery-m6j6.mps with config: /scratch/yorig/mpils-results-grid-ticks-10000-7may/medium-2/8proc-1pils/seed-6/10_var-smallemery-m6j6_seed-6_20260510_220850/iterated_local_search/run_7_worker_4/ils_config_6017298220707775480.prm
[INFO]:[22:24:35] CPLEX results. Gap: 5.890000, upper bound: -145.906250, lower bound: -154.503579
[INFO]:[22:24:35] CPLEX solver finished. Gap: 5.890000
[INFO]:[22:24:35] Starting CPLEX solver on instance: /home/yorig/tuner/mpils-tests/instances/miplib/medium-2/var-smallemery-m6j6.mps with config: /scratch/yorig/mpils-results-grid-ticks-10000-7may/medium-2/8proc-1pils/seed-6/10_var-smallemery-m6j6_seed-6_20260510_220850/iterated_local_search/run_7_worker_4/ils_config_4578590160343118185.prm
[INFO]:[22:24:35] Starting CPLEX solver on instance: /home/yorig/tuner/mpils-tests/instances/miplib/medium-2/var-smallemery-m6j6.mps with config: /scratch/yorig/mpils-results-grid-ticks-10000-7may/medium-2/8proc-1pils/seed-6/10_var-smallemery-m6j6_seed-6_20260510_220850/iterated_local_search/run_7_worker_4/ils_config_4578590160343118185.prm
[INFO]:[22:24:41] CPLEX results. Gap: 5.890000, upper bound: -145.906250, lower bound: -154.503579
[INFO]:[22:24:41] CPLEX solver finished. Gap: 5.890000
[INFO]:[22:24:41] Starting CPLEX solver on instance: /home/yorig/tuner/mpils-tests/instances/miplib/medium-2/var-smallemery-m6j6.mps with config: /scratch/yorig/mpils-results-grid-ticks-10000-7may/medium-2/8proc-1pils/seed-6/10_var-smallemery-m6j6_seed-6_20260510_220850/iterated_local_search/run_7_worker_4/ils_config_11794712525889811745.prm
[INFO]:[22:24:41] Starting CPLEX solver on instance: /home/yorig/tuner/mpils-tests/instances/miplib/medium-2/var-smallemery-m6j6.mps with config: /scratch/yorig/mpils-results-grid-ticks-10000-7may/medium-2/8proc-1pils/seed-6/10_var-smallemery-m6j6_seed-6_20260510_220850/iterated_local_search/run_7_worker_4/ils_config_11794712525889811745.prm
[INFO]:[22:24:47] CPLEX results. Gap: 5.890000, upper bound: -145.906250, lower bound: -154.503579
[INFO]:[22:24:47] CPLEX solver finished. Gap: 5.890000
[INFO]:[22:24:47] Starting CPLEX solver on instance: /home/yorig/tuner/mpils-tests/instances/miplib/medium-2/var-smallemery-m6j6.mps with config: /scratch/yorig/mpils-results-grid-ticks-10000-7may/medium-2/8proc-1pils/seed-6/10_var-smallemery-m6j6_seed-6_20260510_220850/iterated_local_search/run_7_worker_4/ils_config_6870294414138086673.prm
[INFO]:[22:24:47] Starting CPLEX solver on instance: /home/yorig/tuner/mpils-tests/instances/miplib/medium-2/var-smallemery-m6j6.mps with config: /scratch/yorig/mpils-results-grid-ticks-10000-7may/medium-2/8proc-1pils/seed-6/10_var-smallemery-m6j6_seed-6_20260510_220850/iterated_local_search/run_7_worker_4/ils_config_6870294414138086673.prm
[INFO]:[22:24:53] CPLEX results. Gap: 5.890000, upper bound: -145.906250, lower bound: -154.503579
[INFO]:[22:24:53] CPLEX solver finished. Gap: 5.890000
[INFO]:[22:24:53] Starting CPLEX solver on instance: /home/yorig/tuner/mpils-tests/instances/miplib/medium-2/var-smallemery-m6j6.mps with config: /scratch/yorig/mpils-results-grid-ticks-10000-7may/medium-2/8proc-1pils/seed-6/10_var-smallemery-m6j6_seed-6_20260510_220850/iterated_local_search/run_7_worker_4/ils_config_13836744697147551753.prm
[INFO]:[22:24:53] Starting CPLEX solver on instance: /home/yorig/tuner/mpils-tests/instances/miplib/medium-2/var-smallemery-m6j6.mps with config: /scratch/yorig/mpils-results-grid-ticks-10000-7may/medium-2/8proc-1pils/seed-6/10_var-smallemery-m6j6_seed-6_20260510_220850/iterated_local_search/run_7_worker_4/ils_config_13836744697147551753.prm
[INFO]:[22:24:59] CPLEX results. Gap: 4.990000, upper bound: -147.031250, lower bound: -154.374019
[INFO]:[22:24:59] CPLEX solver finished. Gap: 4.990000
[INFO]:[22:24:59] New incumbent found with objective value: 4.99
[INFO]:[22:24:59] Starting CPLEX solver on instance: /home/yorig/tuner/mpils-tests/instances/miplib/medium-2/var-smallemery-m6j6.mps with config: /scratch/yorig/mpils-results-grid-ticks-10000-7may/medium-2/8proc-1pils/seed-6/10_var-smallemery-m6j6_seed-6_20260510_220850/iterated_local_search/run_7_worker_4/ils_config_2920635291101081520.prm
[INFO]:[22:24:59] Starting CPLEX solver on instance: /home/yorig/tuner/mpils-tests/instances/miplib/medium-2/var-smallemery-m6j6.mps with config: /scratch/yorig/mpils-results-grid-ticks-10000-7may/medium-2/8proc-1pils/seed-6/10_var-smallemery-m6j6_seed-6_20260510_220850/iterated_local_search/run_7_worker_4/ils_config_2920635291101081520.prm
[INFO]:[22:25:05] CPLEX results. Gap: 4.990000, upper bound: -147.031250, lower bound: -154.374019
[INFO]:[22:25:05] CPLEX solver finished. Gap: 4.990000
[INFO]:[22:25:05] Starting CPLEX solver on instance: /home/yorig/tuner/mpils-tests/instances/miplib/medium-2/var-smallemery-m6j6.mps with config: /scratch/yorig/mpils-results-grid-ticks-10000-7may/medium-2/8proc-1pils/seed-6/10_var-smallemery-m6j6_seed-6_20260510_220850/iterated_local_search/run_7_worker_4/ils_config_780117774012446772.prm
[INFO]:[22:25:05] Starting CPLEX solver on instance: /home/yorig/tuner/mpils-tests/instances/miplib/medium-2/var-smallemery-m6j6.mps with config: /scratch/yorig/mpils-results-grid-ticks-10000-7may/medium-2/8proc-1pils/seed-6/10_var-smallemery-m6j6_seed-6_20260510_220850/iterated_local_search/run_7_worker_4/ils_config_780117774012446772.prm
[INFO]:[22:25:11] CPLEX results. Gap: 5.000000, upper bound: -147.031250, lower bound: -154.376357
[INFO]:[22:25:11] CPLEX solver finished. Gap: 5.000000
[INFO]:[22:25:11] Starting CPLEX solver on instance: /home/yorig/tuner/mpils-tests/instances/miplib/medium-2/var-smallemery-m6j6.mps with config: /scratch/yorig/mpils-results-grid-ticks-10000-7may/medium-2/8proc-1pils/seed-6/10_var-smallemery-m6j6_seed-6_20260510_220850/iterated_local_search/run_7_worker_4/ils_config_18425124009817035667.prm
[INFO]:[22:25:11] Starting CPLEX solver on instance: /home/yorig/tuner/mpils-tests/instances/miplib/medium-2/var-smallemery-m6j6.mps with config: /scratch/yorig/mpils-results-grid-ticks-10000-7may/medium-2/8proc-1pils/seed-6/10_var-smallemery-m6j6_seed-6_20260510_220850/iterated_local_search/run_7_worker_4/ils_config_18425124009817035667.prm
[INFO]:[22:25:17] CPLEX results. Gap: 4.990000, upper bound: -147.031250, lower bound: -154.374019
[INFO]:[22:25:17] CPLEX solver finished. Gap: 4.990000
[INFO]:[22:25:17] Local search phase completed.
[INFO]:[22:25:17] Total number of new local-search evaluations: 30
[INFO]:[22:25:17] Final incumbent objective value: 4.99
[INFO]:[22:25:49] Worker 4 completed exploration phase.
[INFO]:[22:25:49] Worker 4 received order for step 2.
[INFO]:[22:25:49] Worker 4 running expansion phase for iteration 7.
[INFO]:[22:25:49] Worker 4 will use solver log file: /scratch/yorig/mpils-results-grid-ticks-10000-7may/medium-2/8proc-1pils/seed-6/10_var-smallemery-m6j6_seed-6_20260510_220850/solver/cplex.log_iteration_expansion_7_worker_4
[INFO]:[22:25:49] Expansion Worker 4 starting expansion for iteration 7.
[INFO]:[22:25:49] Starting CPLEX solver on instance: /home/yorig/tuner/mpils-tests/instances/miplib/medium-2/var-smallemery-m6j6.mps with config: /scratch/yorig/mpils-results-grid-ticks-10000-7may/medium-2/8proc-1pils/seed-6/10_var-smallemery-m6j6_seed-6_20260510_220850/expansion/config_param_CPXPARAM_Preprocessing_RepeatPresolve_2_iter_7.prm
[INFO]:[22:25:55] CPLEX results. Gap: 3.790000, upper bound: -148.250000, lower bound: -153.866370
[INFO]:[22:25:55] CPLEX solver finished. Gap: 3.790000
[INFO]:[22:25:55] Starting CPLEX solver on instance: /home/yorig/tuner/mpils-tests/instances/miplib/medium-2/var-smallemery-m6j6.mps with config: /scratch/yorig/mpils-results-grid-ticks-10000-7may/medium-2/8proc-1pils/seed-6/10_var-smallemery-m6j6_seed-6_20260510_220850/expansion/config_param_CPXPARAM_Read_Scale_-1_iter_7.prm
[INFO]:[22:26:02] CPLEX results. Gap: 3.010000, upper bound: -149.375000, lower bound: -153.865739
[INFO]:[22:26:02] CPLEX solver finished. Gap: 3.010000
[INFO]:[22:26:02] Starting CPLEX solver on instance: /home/yorig/tuner/mpils-tests/instances/miplib/medium-2/var-smallemery-m6j6.mps with config: /scratch/yorig/mpils-results-grid-ticks-10000-7may/medium-2/8proc-1pils/seed-6/10_var-smallemery-m6j6_seed-6_20260510_220850/expansion/config_param_CPXPARAM_Simplex_Limits_Singularity_5_iter_7.prm
[INFO]:[22:26:09] CPLEX results. Gap: 2.880000, upper bound: -149.375000, lower bound: -153.680354
[INFO]:[22:26:09] CPLEX solver finished. Gap: 2.880000
[INFO]:[22:26:09] Starting CPLEX solver on instance: /home/yorig/tuner/mpils-tests/instances/miplib/medium-2/var-smallemery-m6j6.mps with config: /scratch/yorig/mpils-results-grid-ticks-10000-7may/medium-2/8proc-1pils/seed-6/10_var-smallemery-m6j6_seed-6_20260510_220850/expansion/config_param_CPXPARAM_MIP_Limits_StrongCand_20_iter_7.prm
[INFO]:[22:26:16] CPLEX results. Gap: 2.880000, upper bound: -149.375000, lower bound: -153.680354
[INFO]:[22:26:16] CPLEX solver finished. Gap: 2.880000
[INFO]:[22:26:16] Expansion Worker 4 completed expansion.
[INFO]:[22:26:16] Worker 4 completed expansion phase.
[INFO]:[22:26:17] Worker 4 received order for step 1.
[INFO]:[22:26:17] Worker 4 running exploration phase for iteration 8.
[INFO]:[22:26:17] Worker 4 at iteration 8 will not use a MIP start file. Current best MIP-start upper bound threshold is 1.79769e+308.
[INFO]:[22:26:17] Starting local search phase...
[INFO]:[22:26:17] Creating local search space from parameter space file: /scratch/yorig/mpils-results-grid-ticks-10000-7may/medium-2/8proc-1pils/seed-6/10_var-smallemery-m6j6_seed-6_20260510_220850/iterated_local_search/search_space/search_space_file_8_worker_4.txt
[INFO]:[22:26:17] Local search space loaded from file: /scratch/yorig/mpils-results-grid-ticks-10000-7may/medium-2/8proc-1pils/seed-6/10_var-smallemery-m6j6_seed-6_20260510_220850/iterated_local_search/search_space/search_space_file_8_worker_4.txt
[INFO]:[22:26:17] Number of parameters in local search space: 71
[INFO]:[22:26:17] Number of forbidden tuples in local search space: 138
[INFO]:[22:26:17] Number of conditionals in local search space: 6
[INFO]:[22:26:17] MIP start option not enabled. Local search will proceed without MIP start.
[INFO]:[22:26:17] Evaluating initial configuration for local search phase...
[INFO]:[22:26:17] Starting CPLEX solver on instance: /home/yorig/tuner/mpils-tests/instances/miplib/medium-2/var-smallemery-m6j6.mps with config: /scratch/yorig/mpils-results-grid-ticks-10000-7may/medium-2/8proc-1pils/seed-6/10_var-smallemery-m6j6_seed-6_20260510_220850/iterated_local_search/run_8_worker_4/ils_config_10902480678779329584.prm
[INFO]:[22:26:17] Starting CPLEX solver on instance: /home/yorig/tuner/mpils-tests/instances/miplib/medium-2/var-smallemery-m6j6.mps with config: /scratch/yorig/mpils-results-grid-ticks-10000-7may/medium-2/8proc-1pils/seed-6/10_var-smallemery-m6j6_seed-6_20260510_220850/iterated_local_search/run_8_worker_4/ils_config_10902480678779329584.prm
[INFO]:[22:26:19] CPLEX results. Gap: 999999999999999738560841359052321533579808496783636961234251900354334157750179263938560.000000, upper bound: 0.000000, lower bound: -999999999999999926539781176481198923508803215199467887262646419780362305536.000000
[INFO]:[22:26:19] CPLEX solver finished. Gap: 999999999999999738560841359052321533579808496783636961234251900354334157750179263938560.000000
[INFO]:[22:26:19] Initial configuration evaluated with objective value: 1e+87
[INFO]:[22:26:19] Starting CPLEX solver on instance: /home/yorig/tuner/mpils-tests/instances/miplib/medium-2/var-smallemery-m6j6.mps with config: /scratch/yorig/mpils-results-grid-ticks-10000-7may/medium-2/8proc-1pils/seed-6/10_var-smallemery-m6j6_seed-6_20260510_220850/iterated_local_search/run_8_worker_4/ils_config_14866946965410108537.prm
[INFO]:[22:26:19] Starting CPLEX solver on instance: /home/yorig/tuner/mpils-tests/instances/miplib/medium-2/var-smallemery-m6j6.mps with config: /scratch/yorig/mpils-results-grid-ticks-10000-7may/medium-2/8proc-1pils/seed-6/10_var-smallemery-m6j6_seed-6_20260510_220850/iterated_local_search/run_8_worker_4/ils_config_14866946965410108537.prm
[INFO]:[22:26:22] CPLEX results. Gap: 999999999999999738560841359052321533579808496783636961234251900354334157750179263938560.000000, upper bound: 0.000000, lower bound: -999999999999999926539781176481198923508803215199467887262646419780362305536.000000
[INFO]:[22:26:22] CPLEX solver finished. Gap: 999999999999999738560841359052321533579808496783636961234251900354334157750179263938560.000000
[INFO]:[22:26:22] Starting CPLEX solver on instance: /home/yorig/tuner/mpils-tests/instances/miplib/medium-2/var-smallemery-m6j6.mps with config: /scratch/yorig/mpils-results-grid-ticks-10000-7may/medium-2/8proc-1pils/seed-6/10_var-smallemery-m6j6_seed-6_20260510_220850/iterated_local_search/run_8_worker_4/ils_config_4709492678257358061.prm
[INFO]:[22:26:22] Starting CPLEX solver on instance: /home/yorig/tuner/mpils-tests/instances/miplib/medium-2/var-smallemery-m6j6.mps with config: /scratch/yorig/mpils-results-grid-ticks-10000-7may/medium-2/8proc-1pils/seed-6/10_var-smallemery-m6j6_seed-6_20260510_220850/iterated_local_search/run_8_worker_4/ils_config_4709492678257358061.prm
[INFO]:[22:26:24] CPLEX results. Gap: 999999999999999738560841359052321533579808496783636961234251900354334157750179263938560.000000, upper bound: 0.000000, lower bound: -999999999999999926539781176481198923508803215199467887262646419780362305536.000000
[INFO]:[22:26:24] CPLEX solver finished. Gap: 999999999999999738560841359052321533579808496783636961234251900354334157750179263938560.000000
[INFO]:[22:26:24] Starting CPLEX solver on instance: /home/yorig/tuner/mpils-tests/instances/miplib/medium-2/var-smallemery-m6j6.mps with config: /scratch/yorig/mpils-results-grid-ticks-10000-7may/medium-2/8proc-1pils/seed-6/10_var-smallemery-m6j6_seed-6_20260510_220850/iterated_local_search/run_8_worker_4/ils_config_14606772873328036255.prm
[INFO]:[22:26:24] Starting CPLEX solver on instance: /home/yorig/tuner/mpils-tests/instances/miplib/medium-2/var-smallemery-m6j6.mps with config: /scratch/yorig/mpils-results-grid-ticks-10000-7may/medium-2/8proc-1pils/seed-6/10_var-smallemery-m6j6_seed-6_20260510_220850/iterated_local_search/run_8_worker_4/ils_config_14606772873328036255.prm
[INFO]:[22:26:26] CPLEX results. Gap: 999999999999999738560841359052321533579808496783636961234251900354334157750179263938560.000000, upper bound: 0.000000, lower bound: -999999999999999926539781176481198923508803215199467887262646419780362305536.000000
[INFO]:[22:26:26] CPLEX solver finished. Gap: 999999999999999738560841359052321533579808496783636961234251900354334157750179263938560.000000
[INFO]:[22:26:26] Starting CPLEX solver on instance: /home/yorig/tuner/mpils-tests/instances/miplib/medium-2/var-smallemery-m6j6.mps with config: /scratch/yorig/mpils-results-grid-ticks-10000-7may/medium-2/8proc-1pils/seed-6/10_var-smallemery-m6j6_seed-6_20260510_220850/iterated_local_search/run_8_worker_4/ils_config_10177137819889611053.prm
[INFO]:[22:26:26] Starting CPLEX solver on instance: /home/yorig/tuner/mpils-tests/instances/miplib/medium-2/var-smallemery-m6j6.mps with config: /scratch/yorig/mpils-results-grid-ticks-10000-7may/medium-2/8proc-1pils/seed-6/10_var-smallemery-m6j6_seed-6_20260510_220850/iterated_local_search/run_8_worker_4/ils_config_10177137819889611053.prm
[INFO]:[22:26:29] CPLEX results. Gap: 999999999999999738560841359052321533579808496783636961234251900354334157750179263938560.000000, upper bound: 0.000000, lower bound: -999999999999999926539781176481198923508803215199467887262646419780362305536.000000
[INFO]:[22:26:29] CPLEX solver finished. Gap: 999999999999999738560841359052321533579808496783636961234251900354334157750179263938560.000000
[INFO]:[22:26:29] Starting CPLEX solver on instance: /home/yorig/tuner/mpils-tests/instances/miplib/medium-2/var-smallemery-m6j6.mps with config: /scratch/yorig/mpils-results-grid-ticks-10000-7may/medium-2/8proc-1pils/seed-6/10_var-smallemery-m6j6_seed-6_20260510_220850/iterated_local_search/run_8_worker_4/ils_config_5791094924286910965.prm
[INFO]:[22:26:29] Starting CPLEX solver on instance: /home/yorig/tuner/mpils-tests/instances/miplib/medium-2/var-smallemery-m6j6.mps with config: /scratch/yorig/mpils-results-grid-ticks-10000-7may/medium-2/8proc-1pils/seed-6/10_var-smallemery-m6j6_seed-6_20260510_220850/iterated_local_search/run_8_worker_4/ils_config_5791094924286910965.prm
[INFO]:[22:26:52] CPLEX results. Gap: 156056268122537.031250, upper bound: 0.000000, lower bound: -156.056268
[INFO]:[22:26:52] CPLEX solver finished. Gap: 156056268122537.031250
[INFO]:[22:26:52] New incumbent found with objective value: 1.56056e+14
[INFO]:[22:26:52] Starting CPLEX solver on instance: /home/yorig/tuner/mpils-tests/instances/miplib/medium-2/var-smallemery-m6j6.mps with config: /scratch/yorig/mpils-results-grid-ticks-10000-7may/medium-2/8proc-1pils/seed-6/10_var-smallemery-m6j6_seed-6_20260510_220850/iterated_local_search/run_8_worker_4/ils_config_18144863763899993893.prm
[INFO]:[22:26:52] Starting CPLEX solver on instance: /home/yorig/tuner/mpils-tests/instances/miplib/medium-2/var-smallemery-m6j6.mps with config: /scratch/yorig/mpils-results-grid-ticks-10000-7may/medium-2/8proc-1pils/seed-6/10_var-smallemery-m6j6_seed-6_20260510_220850/iterated_local_search/run_8_worker_4/ils_config_18144863763899993893.prm
[INFO]:[22:27:16] CPLEX results. Gap: 156056268122537.031250, upper bound: 0.000000, lower bound: -156.056268
[INFO]:[22:27:16] CPLEX solver finished. Gap: 156056268122537.031250
[INFO]:[22:27:16] Starting CPLEX solver on instance: /home/yorig/tuner/mpils-tests/instances/miplib/medium-2/var-smallemery-m6j6.mps with config: /scratch/yorig/mpils-results-grid-ticks-10000-7may/medium-2/8proc-1pils/seed-6/10_var-smallemery-m6j6_seed-6_20260510_220850/iterated_local_search/run_8_worker_4/ils_config_12682634432964411300.prm
[INFO]:[22:27:16] Starting CPLEX solver on instance: /home/yorig/tuner/mpils-tests/instances/miplib/medium-2/var-smallemery-m6j6.mps with config: /scratch/yorig/mpils-results-grid-ticks-10000-7may/medium-2/8proc-1pils/seed-6/10_var-smallemery-m6j6_seed-6_20260510_220850/iterated_local_search/run_8_worker_4/ils_config_12682634432964411300.prm
[INFO]:[22:27:22] CPLEX results. Gap: 60.160000, upper bound: -97.437500, lower bound: -156.056268
[INFO]:[22:27:22] CPLEX solver finished. Gap: 60.160000
[INFO]:[22:27:22] New incumbent found with objective value: 60.16
[INFO]:[22:27:22] Starting CPLEX solver on instance: /home/yorig/tuner/mpils-tests/instances/miplib/medium-2/var-smallemery-m6j6.mps with config: /scratch/yorig/mpils-results-grid-ticks-10000-7may/medium-2/8proc-1pils/seed-6/10_var-smallemery-m6j6_seed-6_20260510_220850/iterated_local_search/run_8_worker_4/ils_config_14664571776581243744.prm
[INFO]:[22:27:22] Starting CPLEX solver on instance: /home/yorig/tuner/mpils-tests/instances/miplib/medium-2/var-smallemery-m6j6.mps with config: /scratch/yorig/mpils-results-grid-ticks-10000-7may/medium-2/8proc-1pils/seed-6/10_var-smallemery-m6j6_seed-6_20260510_220850/iterated_local_search/run_8_worker_4/ils_config_14664571776581243744.prm
[INFO]:[22:27:28] CPLEX results. Gap: 60.160000, upper bound: -97.437500, lower bound: -156.056268
[INFO]:[22:27:28] CPLEX solver finished. Gap: 60.160000
[INFO]:[22:27:28] Starting CPLEX solver on instance: /home/yorig/tuner/mpils-tests/instances/miplib/medium-2/var-smallemery-m6j6.mps with config: /scratch/yorig/mpils-results-grid-ticks-10000-7may/medium-2/8proc-1pils/seed-6/10_var-smallemery-m6j6_seed-6_20260510_220850/iterated_local_search/run_8_worker_4/ils_config_7199470252935060892.prm
[INFO]:[22:27:28] Starting CPLEX solver on instance: /home/yorig/tuner/mpils-tests/instances/miplib/medium-2/var-smallemery-m6j6.mps with config: /scratch/yorig/mpils-results-grid-ticks-10000-7may/medium-2/8proc-1pils/seed-6/10_var-smallemery-m6j6_seed-6_20260510_220850/iterated_local_search/run_8_worker_4/ils_config_7199470252935060892.prm
[INFO]:[22:27:34] CPLEX results. Gap: 60.160000, upper bound: -97.437500, lower bound: -156.056268
[INFO]:[22:27:34] CPLEX solver finished. Gap: 60.160000
[INFO]:[22:27:34] Starting CPLEX solver on instance: /home/yorig/tuner/mpils-tests/instances/miplib/medium-2/var-smallemery-m6j6.mps with config: /scratch/yorig/mpils-results-grid-ticks-10000-7may/medium-2/8proc-1pils/seed-6/10_var-smallemery-m6j6_seed-6_20260510_220850/iterated_local_search/run_8_worker_4/ils_config_5982718435515243612.prm
[INFO]:[22:27:34] Starting CPLEX solver on instance: /home/yorig/tuner/mpils-tests/instances/miplib/medium-2/var-smallemery-m6j6.mps with config: /scratch/yorig/mpils-results-grid-ticks-10000-7may/medium-2/8proc-1pils/seed-6/10_var-smallemery-m6j6_seed-6_20260510_220850/iterated_local_search/run_8_worker_4/ils_config_5982718435515243612.prm
[INFO]:[22:27:40] CPLEX results. Gap: 60.160000, upper bound: -97.437500, lower bound: -156.056268
[INFO]:[22:27:40] CPLEX solver finished. Gap: 60.160000
[INFO]:[22:27:40] Starting CPLEX solver on instance: /home/yorig/tuner/mpils-tests/instances/miplib/medium-2/var-smallemery-m6j6.mps with config: /scratch/yorig/mpils-results-grid-ticks-10000-7may/medium-2/8proc-1pils/seed-6/10_var-smallemery-m6j6_seed-6_20260510_220850/iterated_local_search/run_8_worker_4/ils_config_16287414363673518013.prm
[INFO]:[22:27:40] Starting CPLEX solver on instance: /home/yorig/tuner/mpils-tests/instances/miplib/medium-2/var-smallemery-m6j6.mps with config: /scratch/yorig/mpils-results-grid-ticks-10000-7may/medium-2/8proc-1pils/seed-6/10_var-smallemery-m6j6_seed-6_20260510_220850/iterated_local_search/run_8_worker_4/ils_config_16287414363673518013.prm
[INFO]:[22:27:46] CPLEX results. Gap: 60.160000, upper bound: -97.437500, lower bound: -156.056268
[INFO]:[22:27:46] CPLEX solver finished. Gap: 60.160000
[INFO]:[22:27:46] Starting CPLEX solver on instance: /home/yorig/tuner/mpils-tests/instances/miplib/medium-2/var-smallemery-m6j6.mps with config: /scratch/yorig/mpils-results-grid-ticks-10000-7may/medium-2/8proc-1pils/seed-6/10_var-smallemery-m6j6_seed-6_20260510_220850/iterated_local_search/run_8_worker_4/ils_config_8974725107228805560.prm
[INFO]:[22:27:46] Starting CPLEX solver on instance: /home/yorig/tuner/mpils-tests/instances/miplib/medium-2/var-smallemery-m6j6.mps with config: /scratch/yorig/mpils-results-grid-ticks-10000-7may/medium-2/8proc-1pils/seed-6/10_var-smallemery-m6j6_seed-6_20260510_220850/iterated_local_search/run_8_worker_4/ils_config_8974725107228805560.prm
[INFO]:[22:27:52] CPLEX results. Gap: 60.160000, upper bound: -97.437500, lower bound: -156.056268
[INFO]:[22:27:52] CPLEX solver finished. Gap: 60.160000
[INFO]:[22:27:52] Starting CPLEX solver on instance: /home/yorig/tuner/mpils-tests/instances/miplib/medium-2/var-smallemery-m6j6.mps with config: /scratch/yorig/mpils-results-grid-ticks-10000-7may/medium-2/8proc-1pils/seed-6/10_var-smallemery-m6j6_seed-6_20260510_220850/iterated_local_search/run_8_worker_4/ils_config_15736950300564891820.prm
[INFO]:[22:27:52] Starting CPLEX solver on instance: /home/yorig/tuner/mpils-tests/instances/miplib/medium-2/var-smallemery-m6j6.mps with config: /scratch/yorig/mpils-results-grid-ticks-10000-7may/medium-2/8proc-1pils/seed-6/10_var-smallemery-m6j6_seed-6_20260510_220850/iterated_local_search/run_8_worker_4/ils_config_15736950300564891820.prm
[INFO]:[22:27:58] CPLEX results. Gap: 60.160000, upper bound: -97.437500, lower bound: -156.056268
[INFO]:[22:27:58] CPLEX solver finished. Gap: 60.160000
[INFO]:[22:27:58] Starting CPLEX solver on instance: /home/yorig/tuner/mpils-tests/instances/miplib/medium-2/var-smallemery-m6j6.mps with config: /scratch/yorig/mpils-results-grid-ticks-10000-7may/medium-2/8proc-1pils/seed-6/10_var-smallemery-m6j6_seed-6_20260510_220850/iterated_local_search/run_8_worker_4/ils_config_4373646932128656192.prm
[INFO]:[22:27:58] Starting CPLEX solver on instance: /home/yorig/tuner/mpils-tests/instances/miplib/medium-2/var-smallemery-m6j6.mps with config: /scratch/yorig/mpils-results-grid-ticks-10000-7may/medium-2/8proc-1pils/seed-6/10_var-smallemery-m6j6_seed-6_20260510_220850/iterated_local_search/run_8_worker_4/ils_config_4373646932128656192.prm
[INFO]:[22:28:04] CPLEX results. Gap: 60.160000, upper bound: -97.437500, lower bound: -156.056268
[INFO]:[22:28:04] CPLEX solver finished. Gap: 60.160000
[INFO]:[22:28:04] Starting CPLEX solver on instance: /home/yorig/tuner/mpils-tests/instances/miplib/medium-2/var-smallemery-m6j6.mps with config: /scratch/yorig/mpils-results-grid-ticks-10000-7may/medium-2/8proc-1pils/seed-6/10_var-smallemery-m6j6_seed-6_20260510_220850/iterated_local_search/run_8_worker_4/ils_config_5472805339966642738.prm
[INFO]:[22:28:04] Starting CPLEX solver on instance: /home/yorig/tuner/mpils-tests/instances/miplib/medium-2/var-smallemery-m6j6.mps with config: /scratch/yorig/mpils-results-grid-ticks-10000-7may/medium-2/8proc-1pils/seed-6/10_var-smallemery-m6j6_seed-6_20260510_220850/iterated_local_search/run_8_worker_4/ils_config_5472805339966642738.prm
[INFO]:[22:28:11] CPLEX results. Gap: 60.160000, upper bound: -97.437500, lower bound: -156.056268
[INFO]:[22:28:11] CPLEX solver finished. Gap: 60.160000
[INFO]:[22:28:11] Starting CPLEX solver on instance: /home/yorig/tuner/mpils-tests/instances/miplib/medium-2/var-smallemery-m6j6.mps with config: /scratch/yorig/mpils-results-grid-ticks-10000-7may/medium-2/8proc-1pils/seed-6/10_var-smallemery-m6j6_seed-6_20260510_220850/iterated_local_search/run_8_worker_4/ils_config_18023995806026155603.prm
[INFO]:[22:28:11] Starting CPLEX solver on instance: /home/yorig/tuner/mpils-tests/instances/miplib/medium-2/var-smallemery-m6j6.mps with config: /scratch/yorig/mpils-results-grid-ticks-10000-7may/medium-2/8proc-1pils/seed-6/10_var-smallemery-m6j6_seed-6_20260510_220850/iterated_local_search/run_8_worker_4/ils_config_18023995806026155603.prm
[INFO]:[22:28:17] CPLEX results. Gap: 14.200000, upper bound: -136.656250, lower bound: -156.056268
[INFO]:[22:28:17] CPLEX solver finished. Gap: 14.200000
[INFO]:[22:28:17] New incumbent found with objective value: 14.2
[INFO]:[22:28:17] Starting CPLEX solver on instance: /home/yorig/tuner/mpils-tests/instances/miplib/medium-2/var-smallemery-m6j6.mps with config: /scratch/yorig/mpils-results-grid-ticks-10000-7may/medium-2/8proc-1pils/seed-6/10_var-smallemery-m6j6_seed-6_20260510_220850/iterated_local_search/run_8_worker_4/ils_config_9954902933697438250.prm
[INFO]:[22:28:17] Starting CPLEX solver on instance: /home/yorig/tuner/mpils-tests/instances/miplib/medium-2/var-smallemery-m6j6.mps with config: /scratch/yorig/mpils-results-grid-ticks-10000-7may/medium-2/8proc-1pils/seed-6/10_var-smallemery-m6j6_seed-6_20260510_220850/iterated_local_search/run_8_worker_4/ils_config_9954902933697438250.prm
[INFO]:[22:28:23] CPLEX results. Gap: 14.200000, upper bound: -136.656250, lower bound: -156.056268
[INFO]:[22:28:23] CPLEX solver finished. Gap: 14.200000
[INFO]:[22:28:23] Local search phase completed.
[INFO]:[22:28:23] Total number of new local-search evaluations: 18
[INFO]:[22:28:23] Final incumbent objective value: 14.2
[INFO]:[22:28:23] Worker 4 completed exploration phase.
[INFO]:[22:28:23] Worker 4 received order for step 3.
[INFO]:[22:28:23] Worker 4 finished.
