EvalID,TimeEvaluated,ObjectiveValue,Gap,UpperBound,LowerBound,ConfigID,MipStartID,WorkerID,Iteration,Phase
1,4,8.04,8.040000,364.000000,334.748820,14921508010286178949,null,0,1,0
2,4,1.54,1.540000,340.000000,334.758000,8723278136865304665,null,1,1,0
3,3,0,0.000000,340.000000,340.000000,15446065792237984030,null,2,1,0
4,4,8.04,8.040000,364.000000,334.749000,14075347302301588864,null,3,1,0
