EvalID,TimeEvaluated,SolverRuntimeSeconds,SolverTerminationStatus,ObjectiveValue,Gap,UpperBound,LowerBound,ConfigID,MipStartID,WorkerID,Iteration,Phase
1,5,5.084186,Normal,8.04,8.040000,364.000000,334.748820,14921508010286178949,null,0,1,0
2,10,5.083211,Normal,8.04,8.040000,364.000000,334.748820,5643427149002281568,null,0,1,0
3,5,5.006060,Normal,1.54,1.540000,340.000000,334.750000,17514050945686148453,null,1,1,0
4,5,5.005910,Normal,1.54,1.540000,340.000000,334.750000,2804053118686667685,null,2,1,0
5,4,4.001810,Normal,0,0.000000,340.000000,340.000000,145401686263944303,null,3,1,0
