1,0,0,0,-1,0,1,3,0,0,0,0,1,3,-1,1,-1,2,-1,1,0,3,0,-1,200,0,9223372036800000000,1e+75,0,10,0,0,7,0,3,1,0,0,1,1,0,1,20,0,0,0,2,0,1,-1,-1,-1,-1,0,10,-1,1,1,3,1,-1,-1,0,0,1,2,0,10,0,0,0,8.13
1,0,0,0,-1,0,1,3,0,0,0,0,1,3,-1,1,-1,2,-1,1,0,3,0,-1,200,0,9223372036800000000,1e+75,0,10,0,0,7,0,3,1,0,0,1,1,0,1,20,0,0,0,2,0,1,-1,-1,-1,-1,0,10,-1,1,1,3,0,-1,-1,0,0,1,2,0,10,0,0,0,8.13
1,0,0,0,-1,0,1,3,0,0,0,0,1,3,-1,1,-1,2,-1,1,0,3,0,-1,200,0,9223372036800000000,1e+75,0,10,0,0,7,0,3,1,0,0,1,1,0,1,20,0,0,0,2,0,1,-1,-1,-1,-1,0,10,-1,1,1,2,-1,-1,-1,0,0,1,2,0,10,0,0,0,25.84
1,0,0,0,-1,0,1,3,0,0,0,0,1,3,-1,1,-1,2,-1,1,0,3,0,-1,200,0,9223372036800000000,1e+75,0,10,0,0,7,0,3,1,0,0,1,1,0,1,20,0,0,0,2,0,1,-1,-1,-1,-1,0,10,-1,1,1,1,-1,-1,-1,0,0,1,2,0,10,0,0,0,23.41
1,0,0,0,-1,0,1,3,0,0,0,0,1,3,-1,1,-1,2,-1,1,0,3,0,-1,200,0,9223372036800000000,1e+75,0,10,0,0,7,0,3,1,0,0,1,1,0,1,20,0,0,0,2,0,1,-1,-1,-1,-1,0,10,-1,1,1,0,-1,-1,-1,0,0,1,2,0,10,0,0,0,25.34
1,0,0,0,-1,0,1,3,0,0,0,0,1,3,-1,1,-1,2,-1,1,0,3,0,-1,200,0,9223372036800000000,1e+75,0,10,0,0,7,0,3,3,0,0,1,1,0,1,20,0,0,0,2,0,1,-1,-1,-1,-1,0,10,-1,1,1,3,-1,-1,-1,0,0,1,2,0,10,0,0,0,8.13
1,0,0,0,-1,0,1,3,0,0,0,0,1,3,-1,1,-1,2,-1,1,0,3,0,-1,200,0,9223372036800000000,1e+75,0,10,0,0,7,0,3,2,0,0,1,1,0,1,20,0,0,0,2,0,1,-1,-1,-1,-1,0,10,-1,1,1,3,-1,-1,-1,0,0,1,2,0,10,0,0,0,8.13
1,0,0,0,-1,0,1,3,0,0,0,0,1,3,-1,1,-1,2,-1,1,0,3,0,-1,200,0,9223372036800000000,1e+75,0,10,0,0,7,0,3,1,0,0,1,1,0,1,20,0,0,0,2,1,1,-1,-1,-1,-1,0,10,-1,1,1,3,-1,-1,-1,0,0,1,2,0,10,0,0,0,8.13
1,0,0,0,-1,0,1,3,0,0,0,0,1,3,-1,1,-1,2,-1,1,0,3,0,-1,200,0,9223372036800000000,1e+75,0,10,0,0,7,0,3,1,0,0,1,1,0,1,20,0,0,0,1,0,1,-1,-1,-1,-1,0,10,-1,1,1,3,-1,-1,-1,0,0,1,2,0,10,0,0,0,8.13
1,0,0,0,-1,0,1,3,0,0,0,0,1,3,-1,1,-1,2,-1,1,0,3,0,-1,200,0,9223372036800000000,1e+75,0,10,0,3,7,0,3,1,0,0,1,1,0,1,20,0,0,0,2,0,1,-1,-1,-1,-1,0,10,-1,1,1,3,-1,-1,-1,0,0,1,2,0,10,0,0,0,8.13
1,0,0,0,-1,0,1,3,0,0,0,0,1,3,-1,1,-1,2,-1,1,0,3,0,-1,200,0,9223372036800000000,1e+75,0,10,0,2,7,0,3,1,0,0,1,1,0,1,20,0,0,0,2,0,1,-1,-1,-1,-1,0,10,-1,1,1,3,-1,-1,-1,0,0,1,2,0,10,0,0,0,8.13
1,0,0,0,-1,0,1,3,0,0,5,0,1,3,-1,1,-1,2,-1,1,0,3,0,-1,200,0,9223372036800000000,1e+75,0,10,0,0,7,0,3,1,0,0,1,1,0,1,20,0,0,0,2,0,1,-1,-1,-1,-1,0,10,-1,1,1,3,-1,-1,-1,0,0,1,2,0,10,0,0,0,8.13
1,0,0,0,-1,0,1,3,0,0,4,0,1,3,-1,1,-1,2,-1,1,0,3,0,-1,200,0,9223372036800000000,1e+75,0,10,0,0,7,0,3,1,0,0,1,1,0,1,20,0,0,0,2,0,1,-1,-1,-1,-1,0,10,-1,1,1,3,-1,-1,-1,0,0,1,2,0,10,0,0,0,8.13
1,0,0,0,-1,0,1,3,0,0,3,0,1,3,-1,1,-1,2,-1,1,0,3,0,-1,200,0,9223372036800000000,1e+75,0,10,0,0,7,0,3,1,0,0,1,1,0,1,20,0,0,0,2,0,1,-1,-1,-1,-1,0,10,-1,1,1,3,-1,-1,-1,0,0,1,2,0,10,0,0,0,8.13
1,0,0,0,-1,0,1,3,0,0,2,0,1,3,-1,1,-1,2,-1,1,0,3,0,-1,200,0,9223372036800000000,1e+75,0,10,0,0,7,0,3,1,0,0,1,1,0,1,20,0,0,0,2,0,1,-1,-1,-1,-1,0,10,-1,1,1,3,-1,-1,-1,0,0,1,2,0,10,0,0,0,8.13
1,0,0,0,-1,0,1,3,0,0,0,0,1,3,-1,1,-1,2,-1,1,0,3,0,-1,200,0,9223372036800000000,1e+75,0,10,0,0,7,0,3,1,0,0,1,1,0,1,20,0,0,0,2,0,1,-1,-1,-1,3,0,10,-1,1,1,3,-1,-1,-1,0,0,1,2,0,10,0,0,0,8.13
1,0,0,0,-1,0,1,3,0,0,0,0,1,3,-1,1,-1,2,-1,1,0,3,0,-1,200,0,9223372036800000000,1e+75,0,10,0,0,7,0,3,1,0,0,1,1,0,1,20,0,0,0,2,0,1,-1,-1,-1,2,0,10,-1,1,1,3,-1,-1,-1,0,0,1,2,0,10,0,0,0,8.13
1,0,0,0,-1,0,1,3,0,0,0,0,1,3,-1,1,-1,2,-1,1,0,3,0,-1,200,0,9223372036800000000,1e+75,0,10,0,0,7,0,3,1,0,0,1,1,0,1,20,0,0,0,2,0,1,-1,-1,-1,1,0,10,-1,1,1,3,-1,-1,-1,0,0,1,2,0,10,0,0,0,8.13
1,0,0,0,-1,0,1,3,0,0,0,0,1,3,-1,1,-1,2,-1,1,0,3,0,-1,200,0,9223372036800000000,1e+75,0,10,0,0,7,0,3,1,0,0,1,1,0,1,20,0,0,0,2,0,1,-1,-1,-1,0,0,10,-1,1,1,3,-1,-1,-1,0,0,1,2,0,10,0,0,0,8.13
1,0,0,0,-1,0,1,1,0,0,0,0,0,-1,-1,1,1,-1,2,0,2,3,0,8,150,0,9223372036800000000,0,0,10,0,0,4,0,0,1,0,0,1,0,3,1,200,0,1,3,2,0,1,-1,-1,-1,-1,0,10,-1,1,1,3,-1,-1,5,0,0,1,1,0,10,0,0,0,27.8
1,0,0,0,-1,0,1,1,0,0,0,0,0,-1,-1,1,1,-1,2,0,2,3,0,8,150,0,9223372036800000000,30,0,10,0,0,4,0,0,1,0,0,1,0,1,1,200,0,1,3,2,0,1,-1,-1,-1,-1,0,10,-1,1,1,3,-1,-1,5,0,0,1,4,0,10,0,0,0,25.73
1,0,0,0,-1,0,1,1,0,0,0,0,0,-1,-1,1,1,-1,2,0,2,3,0,8,150,0,9223372036800000000,0,0,10,0,0,4,0,0,1,0,0,1,0,1,1,0,0,1,3,2,0,1,-1,-1,-1,-1,0,10,-1,1,1,3,-1,-1,5,0,0,1,4,0,10,0,0,0,21.46
1,0,0,0,-1,0,1,1,0,0,0,0,0,-1,-1,1,1,-1,2,0,2,3,0,8,150,0,9223372036800000000,2,0,10,0,0,4,0,0,1,0,0,1,0,1,1,200,0,1,3,2,0,1,-1,-1,-1,-1,0,10,-1,1,1,3,-1,-1,5,0,0,1,4,0,10,0,0,0,25.73
1,0,0,0,-1,0,1,1,0,0,0,0,0,-1,-1,1,1,-1,2,0,2,3,0,8,150,0,9223372036800000000,0,0,10,0,0,4,0,0,1,0,0,1,0,1,1,200,0,1,3,2,0,1,-1,-1,-1,-1,0,10,-1,1,1,3,-1,-1,5,0,0,1,4,0,10,0,0,0,21.46
1,0,0,0,-1,0,1,0,0,0,0,0,1,-1,1,1,-1,2,2,2,2,3,0,-1,400,0,9223372036800000000,0,0,10,0,0,3,0,0,1,0,0,1,0,0,0,100,0,3,3,2,0,1,-1,-1,-1,-1,0,10,-1,1,1,3,-1,-1,3,0,0,1,0,0,10,0,0,0,52.15
1,0,0,0,-1,0,1,0,0,0,0,0,1,-1,1,1,-1,2,2,2,2,3,0,-1,400,0,9223372036800000000,0,0,10,0,0,3,0,0,1,0,0,1,0,0,-1,1000,0,3,3,2,0,1,-1,-1,-1,-1,0,10,-1,1,1,3,-1,-1,3,0,0,1,0,0,10,0,0,0,52.18
1,0,0,0,-1,0,1,0,0,0,0,0,1,-1,1,1,-1,2,2,0,2,3,0,-1,400,0,9223372036800000000,0,0,10,0,0,3,0,0,1,0,0,1,0,0,0,1000,0,3,3,2,0,1,-1,-1,-1,-1,0,10,-1,1,1,3,-1,-1,3,0,0,1,0,0,10,0,0,0,52.63
1,0,0,0,-1,0,1,0,0,0,0,0,1,-1,1,1,-1,2,2,2,2,3,0,-1,400,0,9223372036800000000,0,0,10,0,0,3,0,0,1,0,0,1,0,0,0,1000,0,3,3,2,0,1,-1,-1,-1,-1,0,10,-1,1,1,3,-1,-1,3,0,0,1,4,0,10,0,0,0,52.15
1,0,0,0,-1,0,1,3,0,0,0,0,1,3,1,1,-1,2,1,2,0,3,0,1,200,0,9223372036800000000,2,0,10,0,0,3,0,0,1,0,0,1,0,2,0,-1,0,3,2,2,0,1,-1,-1,-1,-1,0,10,-1,1,1,3,-1,-1,5,0,0,1,0,0,10,0,0,0,1.79769e+308
1,0,0,0,-1,0,1,3,0,0,0,0,2,-1,1,2,-1,-1,-1,0,0,3,0,8,25,0,9223372036800000000,5,0,10,0,0,10,0,3,1,0,0,1,0,2,3,0,0,0,3,2,0,1,-1,-1,-1,-1,1,10,-1,1,1,3,-1,-1,5,0,0,1,5,0,10,0,0,0,23.39
1,0,0,0,-1,0,1,3,0,0,0,0,2,-1,1,2,-1,-1,-1,0,0,3,0,8,25,0,9223372036800000000,5,0,10,0,0,10,0,3,1,0,0,1,0,2,3,0,0,3,3,2,0,1,-1,-1,-1,-1,1,10,-1,1,1,3,-1,-1,4,0,0,1,5,0,10,0,0,0,20.93
1,0,0,0,-1,0,1,0,0,0,0,0,-1,-1,1,2,-1,-1,2,1,-1,3,0,4,25,0,9223372036800000000,30,0,10,0,0,10,0,3,1,0,0,1,0,2,3,0,0,0,-1,2,0,1,-1,-1,-1,-1,1,10,-1,1,1,3,-1,-1,4,0,0,1,1,0,10,0,0,0,33.72
1,0,0,0,-1,0,1,4,0,0,0,0,1,-1,0,2,2,1,0,0,0,3,0,16,10,0,9223372036800000000,5,0,10,0,0,15,0,2,1,0,0,1,1,-1,3,60,0,0,4,2,0,1,-1,0,-1,-1,-1,10,-1,1,1,3,-1,-1,1,0,0,1,3,0,10,0,0,0,27.45
1,0,0,0,-1,0,1,4,0,0,0,0,1,3,0,2,2,1,0,0,0,3,0,16,10,0,9223372036800000000,30,0,10,0,0,15,0,0,1,0,0,1,1,-1,3,60,0,0,4,2,0,1,-1,0,-1,-1,-1,10,-1,1,1,3,-1,-1,1,0,0,1,3,0,10,0,0,0,29.21
1,0,0,0,-1,0,1,4,0,0,0,0,1,3,0,2,2,1,0,0,0,3,0,16,10,0,9223372036800000000,30,0,10,0,0,15,0,2,1,0,0,1,1,-1,3,60,0,0,4,2,0,1,-1,0,-1,-1,-1,10,-1,1,1,3,-1,-1,1,0,0,1,3,0,10,0,0,0,31.56
1,0,0,0,-1,0,1,4,0,0,0,0,1,3,0,2,2,1,0,0,0,3,0,16,10,0,9223372036800000000,30,0,10,0,0,15,0,2,1,0,0,1,1,-1,3,60,0,4,4,2,0,1,-1,0,-1,-1,-1,10,-1,1,1,3,-1,-1,1,0,0,1,3,0,10,0,0,0,1.79769e+308
1,0,0,0,-1,0,1,2,0,0,0,0,-1,0,1,-1,2,0,-1,1,-1,3,0,2,10,0,9223372036800000000,0,0,10,0,0,10,0,0,1,0,0,1,0,3,-1,-1,0,2,0,2,0,1,-1,1,-1,-1,0,10,-1,1,1,3,-1,-1,4,0,0,1,5,0,10,0,0,0,23.3
1,0,0,0,-1,0,1,2,0,0,0,0,-1,0,1,-1,2,0,-1,1,-1,3,0,2,10,0,9223372036800000000,0,0,10,0,0,10,0,0,1,0,0,1,0,3,-1,40,0,2,0,2,0,1,-1,1,-1,-1,0,10,-1,1,1,3,-1,-1,4,0,0,1,1,0,10,0,0,0,1.79769e+308
1,0,0,0,-1,0,1,2,0,0,0,0,-1,0,1,-1,2,0,-1,1,-1,3,0,2,10,0,9223372036800000000,2,0,10,0,0,10,0,0,1,0,0,1,0,3,-1,40,0,2,0,2,0,1,-1,1,-1,-1,0,10,-1,1,1,3,-1,-1,4,0,0,1,5,0,10,0,0,0,27.81
1,0,0,0,-1,0,1,2,0,0,0,0,-1,0,1,-1,2,0,-1,1,-1,3,0,2,10,0,9223372036800000000,0,0,10,0,0,10,0,0,1,0,0,1,0,3,-1,40,0,2,-1,2,0,1,-1,1,-1,-1,0,10,-1,1,1,3,-1,-1,4,0,0,1,5,0,10,0,0,0,1.79769e+308
1,0,0,0,-1,0,1,2,0,0,0,0,-1,0,1,-1,2,0,-1,1,-1,3,0,2,10,0,9223372036800000000,0,0,10,0,0,10,0,0,1,0,0,1,0,3,-1,100,0,2,0,2,0,1,-1,1,-1,-1,0,10,-1,1,1,3,-1,-1,4,0,0,1,4,0,10,0,0,0,23.47
1,0,0,0,-1,0,1,2,0,0,0,0,-1,0,1,-1,2,0,-1,1,2,3,0,2,10,0,9223372036800000000,2,0,10,0,0,10,0,0,1,0,0,1,0,3,-1,100,0,2,0,2,0,1,-1,1,-1,-1,0,10,-1,1,1,3,-1,-1,4,0,0,1,5,0,10,0,0,0,28.12
1,0,0,0,-1,0,1,0,0,0,0,0,-1,0,-1,-1,2,-1,2,0,0,3,0,16,10,0,9223372036800000000,40,0,10,0,0,10,0,3,1,0,0,1,0,1,-1,40,0,3,3,2,0,1,-1,-1,-1,-1,1,10,-1,1,1,3,-1,-1,3,0,0,1,3,0,10,0,0,0,51.67
1,0,0,0,-1,0,1,4,0,0,0,0,-1,0,1,2,0,0,0,1,1,3,0,-1,100,0,9223372036800000000,240,0,10,0,0,3,0,0,1,0,0,1,1,0,1,40,0,0,0,2,0,1,-1,0,-1,-1,-1,10,-1,1,1,3,-1,-1,3,0,0,1,2,0,10,0,0,0,14.04
1,0,0,0,-1,0,1,4,0,0,0,0,-1,0,1,2,0,0,0,1,1,3,0,-1,100,0,9223372036800000000,240,0,10,0,0,3,0,0,1,0,0,1,1,0,1,40,0,0,0,2,0,1,-1,0,-1,-1,-1,10,-1,1,1,3,-1,-1,5,0,0,1,2,0,10,0,0,0,14.04
1,0,0,0,-1,0,1,4,0,0,0,0,-1,0,1,2,0,0,0,1,1,3,0,-1,100,0,9223372036800000000,240,0,10,0,0,3,0,0,1,0,0,1,1,0,1,40,0,1,0,2,0,1,-1,0,-1,-1,-1,10,-1,1,1,3,-1,-1,1,0,0,1,2,0,10,0,0,0,22.01
1,0,0,0,-1,0,1,4,0,0,0,0,-1,0,1,2,0,0,0,1,1,3,0,-1,100,0,9223372036800000000,240,0,10,0,0,3,0,0,1,0,0,1,1,0,1,500,0,1,0,2,0,1,-1,0,-1,-1,-1,10,-1,1,1,3,-1,-1,1,0,0,1,2,0,10,0,0,0,24.67
1,0,0,0,-1,0,1,0,0,0,0,0,-1,1,-1,-1,2,1,-1,-1,1,3,0,1,50,0,9223372036800000000,10,0,10,0,0,3,0,2,1,0,0,1,1,0,-1,40,0,1,3,2,0,1,-1,-1,-1,-1,1,10,-1,1,1,3,-1,-1,4,0,0,1,5,0,10,0,0,0,24.12
1,0,0,0,-1,0,1,0,0,0,0,0,-1,1,-1,-1,2,1,-1,-1,1,3,0,1,50,0,9223372036800000000,2,0,10,0,0,3,0,2,1,0,0,1,1,0,-1,40,0,1,3,2,0,1,-1,-1,-1,-1,1,10,-1,1,1,3,-1,-1,4,0,0,1,5,0,10,0,0,0,24.12
1,0,0,0,-1,0,1,0,0,0,0,0,-1,1,-1,-1,2,1,-1,-1,1,3,0,1,50,0,9223372036800000000,2,0,10,0,0,3,0,2,1,0,0,1,1,0,-1,200,0,1,3,2,0,1,-1,-1,-1,-1,1,10,-1,1,1,3,-1,-1,4,0,0,1,3,0,10,0,0,0,30.03
1,0,0,0,-1,0,1,0,0,0,0,0,-1,1,-1,-1,-1,1,-1,-1,1,3,0,1,50,0,9223372036800000000,2,0,10,0,0,3,0,2,1,0,0,1,1,0,-1,40,0,1,3,2,0,1,-1,-1,-1,-1,1,10,-1,1,1,3,-1,-1,4,0,0,1,3,0,10,0,0,0,31.55
1,0,0,0,-1,0,1,0,0,0,0,0,-1,1,-1,-1,2,1,-1,-1,1,3,0,1,50,0,9223372036800000000,2,0,10,0,0,3,0,2,1,0,0,1,1,0,-1,40,0,3,3,2,0,1,-1,-1,-1,-1,1,10,-1,1,1,3,-1,-1,4,0,0,1,3,0,10,0,0,0,36.25
1,0,0,0,-1,0,1,0,0,0,0,0,-1,1,-1,-1,2,1,-1,-1,1,3,0,1,10,0,9223372036800000000,2,0,10,0,0,3,0,2,1,0,0,1,1,0,-1,40,0,1,3,2,0,1,-1,-1,-1,-1,1,10,-1,1,1,3,-1,-1,4,0,0,1,3,0,10,0,0,0,31.55
1,0,0,0,-1,0,1,0,0,0,0,0,-1,1,-1,-1,2,1,-1,2,1,3,0,1,50,0,9223372036800000000,2,0,10,0,0,3,0,2,1,0,0,1,1,0,-1,40,0,1,3,2,0,1,-1,-1,-1,-1,1,10,-1,1,1,3,-1,-1,4,0,0,1,3,0,10,0,0,0,31.55
1,0,0,0,-1,0,1,0,0,0,0,0,-1,1,-1,-1,2,1,-1,-1,1,3,0,1,50,0,9223372036800000000,2,0,10,0,0,3,0,2,1,0,0,1,1,0,-1,40,0,1,3,2,0,1,-1,-1,-1,-1,1,10,-1,1,1,3,-1,-1,4,0,0,1,3,0,10,0,0,0,31.55
1,0,0,0,-1,0,1,2,0,0,0,0,1,1,1,1,0,0,0,0,2,3,0,1,10,0,9223372036800000000,2,0,10,0,0,4,0,2,1,0,0,1,0,0,1,100,0,2,4,2,0,1,-1,0,-1,-1,-1,10,-1,1,1,3,-1,-1,5,0,0,1,1,0,10,0,0,0,38.22
1,0,0,0,-1,0,1,2,0,0,0,0,1,1,1,1,0,0,0,0,2,3,0,1,10,0,9223372036800000000,2,0,10,0,0,4,0,2,1,0,0,1,0,0,1,500,0,2,4,2,0,1,-1,0,-1,-1,-1,10,-1,1,1,3,-1,-1,-1,0,0,1,1,0,10,0,0,0,37.95
1,0,0,0,-1,0,1,2,0,0,0,0,1,1,1,1,0,0,0,0,2,3,0,1,10,0,9223372036800000000,2,0,10,0,0,4,0,2,1,0,0,1,0,0,1,100,0,2,4,2,0,1,-1,0,-1,-1,-1,10,-1,1,1,3,-1,-1,-1,0,0,1,1,0,10,0,0,0,38.22
1,0,0,0,-1,0,1,3,0,0,0,0,2,-1,1,2,-1,-1,2,0,0,3,0,8,25,0,9223372036800000000,5,0,10,0,0,10,0,3,1,0,0,1,0,2,3,0,0,3,3,2,0,1,-1,-1,-1,-1,1,10,-1,1,1,3,-1,-1,5,0,0,1,5,0,10,0,0,0,20.93
1,0,0,0,-1,0,1,2,0,0,0,0,1,1,1,1,0,0,0,0,2,3,0,1,10,0,9223372036800000000,2,0,10,0,0,4,0,2,1,0,0,1,0,0,-1,100,0,5,4,2,0,1,-1,0,-1,-1,-1,10,-1,1,1,3,-1,-1,-1,0,0,1,1,0,10,0,0,0,1.79769e+308
1,0,0,0,-1,0,1,0,0,0,0,0,1,1,1,1,0,0,0,0,2,3,0,1,10,0,9223372036800000000,2,0,10,0,0,4,0,2,1,0,0,1,0,0,1,100,0,5,4,2,0,1,-1,0,-1,-1,-1,10,-1,1,1,3,-1,-1,-1,0,0,1,1,0,10,0,0,0,1.79769e+308
1,0,0,0,-1,0,1,2,0,0,0,0,1,1,1,1,0,0,0,0,2,3,0,1,10,0,9223372036800000000,2,0,10,0,0,4,0,2,1,0,0,1,0,0,1,200,0,5,4,2,0,1,-1,0,-1,-1,-1,10,-1,1,1,3,-1,-1,-1,0,0,1,1,0,10,0,0,0,1.79769e+308
1,0,0,0,-1,0,1,2,0,0,0,0,1,1,1,1,0,0,0,0,2,3,0,1,10,0,9223372036800000000,2,0,10,0,0,4,0,2,1,0,0,1,0,0,1,-1,0,5,4,2,0,1,-1,0,-1,-1,-1,10,-1,1,1,3,-1,-1,-1,0,0,1,1,0,10,0,0,0,1.79769e+308
1,0,0,0,-1,0,1,0,0,0,0,0,-1,3,0,-1,-1,1,2,-1,0,3,0,16,800,0,9223372036800000000,1e+75,0,10,0,0,10,0,3,1,0,0,1,0,3,1,1000,0,2,3,2,0,1,-1,-1,-1,-1,1,10,-1,1,1,3,-1,-1,5,0,0,1,3,0,10,0,0,0,15.81
1,0,0,0,-1,0,1,0,0,0,0,0,-1,3,0,-1,-1,1,2,-1,0,3,0,16,400,0,9223372036800000000,1e+75,0,10,0,0,10,0,3,1,0,0,1,0,3,1,1000,0,2,3,2,0,1,-1,-1,-1,-1,1,10,-1,1,1,3,-1,-1,5,0,0,1,0,0,10,0,0,0,22.94
1,0,0,0,-1,0,1,0,0,0,0,0,-1,3,0,-1,-1,1,2,-1,0,3,0,16,800,0,9223372036800000000,1e+75,0,10,0,0,10,0,3,1,0,0,1,0,3,-1,1000,0,2,3,2,0,1,-1,-1,-1,-1,1,10,-1,1,1,3,-1,-1,5,0,0,1,0,0,10,0,0,0,26.21
1,0,0,0,-1,0,1,0,0,0,0,0,-1,3,0,-1,-1,1,2,-1,0,3,0,16,800,0,9223372036800000000,240,0,10,0,0,10,0,3,1,0,0,1,0,3,1,1000,0,2,3,2,0,1,-1,-1,-1,-1,1,10,-1,1,1,3,-1,-1,5,0,0,1,0,0,10,0,0,0,22.94
1,0,0,0,-1,0,1,0,0,0,0,0,-1,3,0,-1,-1,1,2,-1,0,3,0,16,800,0,9223372036800000000,1e+75,0,10,0,0,10,0,3,1,0,0,1,0,3,1,1000,0,2,3,2,0,1,-1,-1,-1,-1,1,10,-1,1,1,3,-1,-1,5,0,0,1,0,0,10,0,0,0,22.94
1,0,0,0,-1,0,1,0,0,0,0,0,-1,3,0,-1,-1,1,2,-1,0,3,0,8,800,0,9223372036800000000,1e+75,0,10,0,0,10,0,3,1,0,0,1,0,3,1,1000,0,2,3,2,0,1,-1,-1,-1,-1,1,10,-1,1,1,3,-1,-1,5,0,0,1,4,0,10,0,0,0,24.82
1,0,0,0,-1,0,1,0,0,0,0,0,-1,3,0,-1,-1,1,2,-1,0,3,0,16,800,0,9223372036800000000,1e+75,0,10,0,0,10,0,3,1,0,0,1,0,3,1,1000,0,2,3,2,0,1,-1,-1,-1,-1,1,10,-1,1,1,3,-1,-1,5,0,0,1,4,0,10,0,0,0,24.82
1,0,0,0,-1,0,1,0,0,0,0,0,-1,-1,-1,0,-1,1,1,0,0,3,0,16,800,0,9223372036800000000,240,0,10,0,0,30,0,0,1,0,0,1,0,3,3,-1,0,2,3,2,0,1,-1,-1,-1,-1,-1,10,-1,1,1,3,-1,-1,-1,0,0,1,3,0,10,0,0,0,26.56
1,0,0,0,-1,0,1,0,0,0,0,0,-1,-1,-1,0,-1,1,1,0,0,3,0,16,800,0,9223372036800000000,20,0,10,0,0,30,0,0,1,0,0,1,0,3,3,1000,0,2,3,2,0,1,-1,-1,-1,-1,-1,10,-1,1,1,3,-1,-1,-1,0,0,1,3,0,10,0,0,0,14.56
1,0,0,0,-1,0,1,0,0,0,0,0,-1,-1,-1,0,-1,1,1,0,0,3,0,16,800,0,9223372036800000000,240,0,10,0,0,30,0,0,1,0,0,1,0,3,3,1000,0,2,3,2,0,1,-1,-1,-1,-1,-1,10,-1,1,1,3,-1,-1,-1,0,0,1,3,0,10,0,0,0,14.56
1,0,0,0,-1,0,1,0,0,0,0,0,-1,3,0,-1,-1,1,2,-1,0,3,0,16,150,0,9223372036800000000,1e+75,0,10,0,0,10,0,3,1,0,0,1,0,3,1,1000,0,2,3,2,0,1,-1,-1,-1,-1,1,10,-1,1,1,3,-1,-1,5,0,0,1,3,0,10,0,0,0,15.81
1,0,0,0,-1,0,1,0,0,0,0,0,-1,-1,-1,0,-1,1,1,1,0,3,0,16,800,0,9223372036800000000,240,0,10,0,0,30,0,0,1,0,0,1,0,3,3,1000,0,2,3,2,0,1,-1,-1,-1,-1,-1,10,-1,1,1,3,-1,-1,-1,0,0,1,3,0,10,0,0,0,30.34
1,0,0,0,-1,0,1,4,0,0,0,0,1,0,-1,0,0,1,2,-1,1,3,0,16,100,0,9223372036800000000,120,0,10,0,0,30,0,2,1,0,0,1,0,0,3,200,0,0,-1,2,0,1,-1,1,-1,-1,1,10,-1,1,1,3,-1,-1,2,0,0,1,2,0,10,0,0,0,44.82
1,0,0,0,-1,0,1,0,0,0,0,0,3,-1,1,2,-1,0,-1,2,-1,3,0,16,50,0,9223372036800000000,240,0,10,0,0,7,0,3,1,0,0,1,1,0,-1,-1,0,1,-1,2,0,1,-1,0,-1,-1,0,10,-1,1,1,3,-1,-1,1,0,0,1,2,0,10,0,0,0,38.15
1,0,0,0,-1,0,1,0,0,0,0,0,-1,-1,-1,0,-1,1,1,0,0,3,0,16,800,0,9223372036800000000,240,0,10,0,0,30,0,0,1,0,0,1,0,3,3,500,0,2,3,2,0,1,-1,-1,-1,-1,-1,10,-1,1,1,3,-1,-1,-1,0,0,1,3,0,10,0,0,0,14.56
1,0,0,0,-1,0,1,0,0,0,0,0,3,-1,1,2,-1,0,-1,2,-1,3,0,16,50,0,9223372036800000000,240,0,10,0,0,7,0,0,1,0,0,1,1,0,-1,500,0,5,-1,2,0,1,-1,0,-1,-1,0,10,-1,1,1,3,-1,-1,1,0,0,1,2,0,10,0,0,0,1.79769e+308
1,0,0,0,-1,0,1,0,0,0,0,0,3,-1,1,2,-1,0,-1,2,-1,3,0,16,50,0,9223372036800000000,240,0,10,0,0,7,0,0,1,0,0,1,1,0,-1,-1,0,5,-1,2,0,1,-1,0,-1,-1,0,10,-1,1,1,3,-1,-1,5,0,0,1,2,0,10,0,0,0,1.79769e+308
1,0,0,0,-1,0,1,0,0,0,0,0,0,0,0,0,0,0,0,0,0,3,0,1,400,0,9223372036800000000,1e+75,0,10,0,0,7,0,0,1,0,0,1,1,0,0,0,0,0,0,2,0,1,-1,-1,-1,-1,0,10,-1,1,1,3,-1,-1,-1,0,0,1,0,0,10,0,0,0,26.92
1,0,0,0,-1,0,1,0,0,0,0,0,0,0,0,0,0,0,0,0,0,3,0,16,400,0,9223372036800000000,1e+75,0,10,0,0,7,0,0,1,0,0,1,1,0,0,0,0,0,0,2,0,1,-1,-1,-1,-1,0,10,-1,1,1,3,-1,-1,-1,0,0,1,0,0,10,0,0,0,13.49
1,0,0,0,-1,0,1,3,0,0,0,0,1,3,-1,1,-1,2,-1,1,0,3,0,-1,200,0,9223372036800000000,1e+75,0,10,0,0,7,0,3,1,0,0,1,1,0,1,20,0,0,0,2,0,1,-1,-1,-1,-1,0,10,-1,1,1,3,-1,-1,-1,0,0,0,2,0,10,0,0,0,8.13
1,0,0,0,-1,0,1,3,0,0,0,0,1,3,-1,1,-1,2,-1,1,0,3,0,-1,200,0,9223372036800000000,1e+75,0,10,0,0,7,0,3,1,0,0,1,1,0,1,20,0,0,0,2,0,1,-1,-1,2,-1,0,10,-1,1,1,3,-1,-1,-1,0,0,1,2,0,10,0,0,0,8.13
1,0,0,0,-1,0,1,3,0,0,0,0,1,3,-1,1,-1,2,-1,1,0,3,0,-1,200,0,9223372036800000000,1e+75,0,10,0,0,7,0,3,1,0,0,1,1,0,1,20,0,0,0,2,0,1,-1,-1,0,-1,0,10,-1,1,1,3,-1,-1,-1,0,0,1,2,0,10,0,0,0,8.13
1,0,0,0,-1,0,1,3,0,0,0,0,1,3,-1,1,-1,2,-1,1,0,3,0,-1,200,0,9223372036800000000,1e+75,0,10,0,0,7,0,3,1,0,0,1,1,0,1,20,0,0,0,2,0,1,-1,1,-1,-1,0,10,-1,1,1,3,-1,-1,-1,0,0,1,2,0,10,0,0,0,8.13
1,0,0,0,-1,0,1,3,0,0,0,0,1,3,-1,1,-1,2,-1,1,0,3,0,-1,200,0,9223372036800000000,1e+75,0,10,0,0,7,0,3,1,0,0,1,1,0,1,20,0,0,0,2,0,1,-1,0,-1,-1,0,10,-1,1,1,3,-1,-1,-1,0,0,1,2,0,10,0,0,0,19.86
1,0,0,0,-1,0,4,3,0,0,0,0,1,3,-1,1,-1,2,-1,1,0,3,0,-1,200,0,9223372036800000000,1e+75,0,10,0,0,7,0,3,1,0,0,1,1,0,1,20,0,0,0,2,0,1,-1,-1,-1,-1,0,10,-1,1,1,3,-1,-1,-1,0,0,1,2,0,10,0,0,0,8.13
1,0,0,0,-1,3,1,3,0,0,0,0,1,3,-1,1,-1,2,-1,1,0,3,0,-1,200,0,9223372036800000000,1e+75,0,10,0,0,7,0,3,1,0,0,1,1,0,1,20,0,0,0,2,0,1,-1,-1,-1,-1,0,10,-1,1,1,3,-1,-1,-1,0,0,1,2,0,10,0,0,0,8.13
1,0,0,0,-1,2,1,3,0,0,0,0,1,3,-1,1,-1,2,-1,1,0,3,0,-1,200,0,9223372036800000000,1e+75,0,10,0,0,7,0,3,1,0,0,1,1,0,1,20,0,0,0,2,0,1,-1,-1,-1,-1,0,10,-1,1,1,3,-1,-1,-1,0,0,1,2,0,10,0,0,0,8.13
1,0,0,2,-1,0,1,3,0,0,0,0,1,3,-1,1,-1,2,-1,1,0,3,0,-1,200,0,9223372036800000000,1e+75,0,10,0,0,7,0,3,1,0,0,1,1,0,1,20,0,0,0,2,0,1,-1,-1,-1,-1,0,10,-1,1,1,3,-1,-1,-1,0,0,1,2,0,10,0,0,0,8.13
1,0,0,1,-1,0,1,3,0,0,0,0,1,3,-1,1,-1,2,-1,1,0,3,0,-1,200,0,9223372036800000000,1e+75,0,10,0,0,7,0,3,1,0,0,1,1,0,1,20,0,0,0,2,0,1,-1,-1,-1,-1,0,10,-1,1,1,3,-1,-1,-1,0,0,1,2,0,10,0,0,0,8.13
1,0,0,0,-1,0,1,3,0,0,0,0,1,3,-1,1,-1,2,-1,1,0,3,0,-1,200,0,9223372036800000000,1e+75,0,10,0,0,7,0,3,1,0,0,1,1,0,1,20,0,0,0,2,0,1,-1,-1,-1,-1,0,20,-1,1,1,3,-1,-1,-1,0,0,1,2,0,10,0,0,0,8.13
1,0,0,0,-1,0,1,3,0,0,0,0,1,3,-1,1,-1,2,-1,1,0,3,0,-1,200,0,9223372036800000000,1e+75,0,10,0,0,7,0,3,1,0,0,1,1,0,1,20,0,0,0,2,0,1,-1,-1,-1,-1,0,2,-1,1,1,3,-1,-1,-1,0,0,1,2,0,10,0,0,0,8.13
1,0,0,0,-1,0,1,3,0,0,0,0,1,3,-1,1,-1,2,-1,1,0,10,0,-1,200,0,9223372036800000000,1e+75,0,10,0,0,7,0,3,1,0,0,1,1,0,1,20,0,0,0,2,0,1,-1,-1,-1,-1,0,10,-1,1,1,3,-1,-1,-1,0,0,1,2,0,10,0,0,0,21.08
1,0,0,0,-1,0,1,3,0,0,0,0,1,3,-1,1,-1,2,-1,1,0,5,0,-1,200,0,9223372036800000000,1e+75,0,10,0,0,7,0,3,1,0,0,1,1,0,1,20,0,0,0,2,0,1,-1,-1,-1,-1,0,10,-1,1,1,3,-1,-1,-1,0,0,1,2,0,10,0,0,0,9.33
1,0,0,0,-1,0,1,4,0,0,0,0,-1,0,1,-1,0,0,0,1,1,3,0,-1,100,0,9223372036800000000,240,0,10,0,0,3,0,0,1,0,0,1,1,0,1,40,0,1,0,2,0,1,-1,0,-1,-1,-1,10,-1,1,1,3,-1,-1,1,0,0,1,2,0,10,0,0,0,23.71
1,0,0,0,-1,0,1,3,0,0,0,0,1,3,-1,1,-1,2,-1,1,0,2,0,-1,200,0,9223372036800000000,1e+75,0,10,0,0,7,0,3,1,0,0,1,1,0,1,20,0,0,0,2,0,1,-1,-1,-1,-1,0,10,-1,1,1,3,-1,-1,-1,0,0,1,2,0,10,0,0,0,8.83
1,0,0,0,-1,0,1,3,0,0,0,0,2,-1,1,2,-1,-1,1,0,0,3,0,8,25,0,9223372036800000000,5,0,10,0,0,10,0,3,1,0,0,1,0,2,3,0,0,3,3,2,0,1,-1,-1,-1,-1,1,10,-1,1,1,3,-1,-1,5,0,0,1,5,0,10,0,0,0,20.93
1,0,0,0,-1,0,1,3,0,0,0,0,1,3,-1,1,-1,2,-1,1,0,1,0,-1,200,0,9223372036800000000,1e+75,0,10,0,0,7,0,3,1,0,0,1,1,0,1,20,0,0,0,2,0,1,-1,-1,-1,-1,0,10,-1,1,1,3,-1,-1,-1,0,0,1,2,0,10,0,0,0,20.68
1,0,0,0,-1,0,1,3,0,0,0,0,1,3,-1,1,-1,2,-1,1,0,3,0,-1,200,0,9223372036800000000,1e+75,0,10,0,0,7,0,3,1,0,0,1,1,0,1,20,0,0,0,2,0,1,-1,-1,-1,-1,0,10,-1,1,1,3,-1,-1,-1,0,0,1,2,0,10,3,0,0,8.13
1,0,0,0,-1,0,1,3,0,0,0,0,1,3,-1,1,-1,2,-1,1,0,3,0,-1,200,0,9223372036800000000,1e+75,0,10,0,0,7,0,3,1,0,0,1,1,0,1,20,0,0,0,2,0,1,-1,-1,-1,-1,0,10,-1,1,1,3,-1,-1,-1,0,0,1,2,0,10,1,0,0,8.13
1,0,0,0,-1,0,1,3,0,0,0,0,1,3,-1,1,-1,2,-1,1,0,3,0,-1,200,0,9223372036800000000,1e+75,0,10,0,0,7,0,3,1,0,0,1,1,0,1,20,0,0,0,2,0,1,-1,-1,-1,-1,0,10,-1,1,1,3,-1,-1,-1,0,0,1,2,0,10,-1,0,0,8.13
1,0,0,0,-1,0,1,5,0,0,0,0,-1,0,1,2,1,1,1,-1,0,3,0,4,10,0,9223372036800000000,1e+75,0,10,0,0,5,0,2,1,0,0,1,0,2,1,100,0,0,1,2,0,1,-1,-1,-1,-1,-1,10,-1,1,1,3,-1,-1,3,0,0,1,3,0,10,0,0,0,22.06
1,0,0,0,-1,0,1,5,0,0,0,0,-1,0,1,2,0,1,1,-1,0,3,0,4,100,0,9223372036800000000,1e+75,0,10,0,0,5,0,2,1,0,0,1,0,2,1,20,0,0,1,2,0,1,-1,-1,-1,-1,-1,10,-1,1,1,3,-1,-1,3,0,0,1,3,0,10,0,0,0,22.09
1,0,0,0,-1,0,1,5,0,0,0,0,-1,0,1,2,1,1,1,-1,0,3,0,4,100,0,9223372036800000000,1e+75,0,10,0,0,5,0,2,1,0,0,1,0,2,1,20,0,3,1,2,0,1,-1,-1,-1,-1,-1,10,-1,1,1,3,-1,-1,3,0,0,1,3,0,10,0,0,0,1.79769e+308
1,0,0,0,-1,0,1,5,0,0,0,0,-1,0,1,2,1,1,1,-1,0,3,0,4,100,0,9223372036800000000,1e+75,0,10,0,0,5,0,2,1,0,0,1,0,2,1,20,0,0,1,2,0,1,-1,-1,-1,-1,-1,10,-1,1,1,3,-1,-1,3,0,0,1,3,0,10,0,0,0,22.09
1,0,0,0,-1,0,1,4,0,0,0,0,-1,0,1,2,0,0,0,1,1,3,0,-1,100,0,9223372036800000000,240,0,10,0,0,3,0,3,1,0,0,1,1,0,1,500,0,1,0,2,0,1,-1,0,-1,-1,-1,10,-1,1,1,3,-1,-1,1,0,0,1,2,0,10,0,0,0,24.67
1,0,0,0,-1,0,1,5,0,0,0,0,-1,0,1,-1,1,1,1,-1,0,3,0,4,10,0,9223372036800000000,1e+75,0,10,0,0,5,0,0,1,0,0,1,0,2,1,20,0,0,1,2,0,1,-1,-1,-1,-1,-1,10,-1,1,1,3,-1,-1,3,0,0,1,3,0,10,0,0,0,22.85
1,0,0,0,-1,0,1,2,0,0,0,0,1,1,1,1,0,0,0,0,2,3,0,1,50,0,9223372036800000000,2,0,10,0,0,4,0,2,1,0,0,1,0,0,1,100,0,5,4,2,0,1,-1,0,-1,-1,-1,10,-1,1,1,3,-1,-1,-1,0,0,1,1,0,10,0,0,0,1.79769e+308
1,0,0,0,-1,0,1,5,0,0,0,0,-1,0,1,-1,1,1,1,-1,0,3,0,4,100,0,9223372036800000000,1e+75,0,10,0,0,5,0,2,1,0,0,1,0,2,1,20,0,0,1,2,0,1,-1,-1,-1,-1,-1,10,-1,1,1,3,-1,-1,3,0,0,1,3,0,10,0,0,0,22.14
1,0,0,0,-1,0,1,5,0,0,0,0,-1,0,1,-1,1,1,-1,-1,0,3,0,4,10,0,9223372036800000000,1e+75,0,10,0,0,5,0,2,1,0,0,1,0,2,1,20,0,0,1,2,0,1,-1,-1,-1,-1,-1,10,-1,1,1,3,-1,-1,3,0,0,1,3,0,10,0,0,0,22.85
1,0,0,0,-1,0,1,5,0,0,0,0,-1,0,1,-1,1,1,1,-1,0,3,0,4,10,0,9223372036800000000,1e+75,0,10,0,0,5,0,2,1,0,0,1,0,2,1,20,0,0,1,2,0,1,-1,-1,-1,-1,1,10,-1,1,1,3,-1,-1,3,0,0,1,3,0,10,0,0,0,57.46
1,0,0,0,-1,0,1,1,0,0,0,0,0,-1,-1,1,1,-1,2,0,2,3,0,8,150,0,9223372036800000000,240,0,10,0,0,4,0,0,1,0,0,1,0,3,1,200,0,1,3,2,0,1,-1,-1,-1,-1,0,10,-1,1,1,3,-1,-1,5,0,0,1,4,0,10,0,0,0,22.29
1,0,0,0,-1,0,1,5,0,0,0,0,-1,0,1,-1,1,1,1,-1,0,3,0,1,10,0,9223372036800000000,1e+75,0,10,0,0,5,0,2,1,0,0,1,0,2,1,20,0,0,1,2,0,1,-1,-1,-1,-1,-1,10,-1,1,1,3,-1,-1,3,0,0,1,3,0,10,0,0,0,1.79769e+308
1,0,0,0,-1,0,1,5,0,0,0,0,-1,0,1,-1,1,1,1,-1,0,3,0,4,10,0,9223372036800000000,1e+75,0,10,0,0,5,0,2,1,0,0,1,0,2,1,20,0,1,1,2,0,1,-1,-1,-1,-1,-1,10,-1,1,1,3,-1,-1,3,0,0,1,3,0,10,0,0,0,1.79769e+308
1,0,0,0,-1,0,1,5,0,0,0,0,-1,0,1,-1,1,1,1,1,0,3,0,4,10,0,9223372036800000000,1e+75,0,10,0,0,5,0,2,1,0,0,1,0,2,1,20,0,0,1,2,0,1,-1,-1,-1,-1,-1,10,-1,1,1,3,-1,-1,3,0,0,1,5,0,10,0,0,0,56.92
1,0,0,0,-1,0,1,3,0,0,0,0,-1,-1,1,1,2,-1,2,0,1,3,0,1,10,0,9223372036800000000,240,0,10,0,0,5,0,3,1,0,0,1,0,3,1,100,0,0,-1,2,0,1,-1,-1,-1,-1,1,10,-1,1,1,3,-1,-1,3,0,0,1,0,0,10,0,0,0,1.79769e+308
1,0,0,0,-1,0,1,3,0,0,0,0,-1,-1,1,0,2,-1,2,0,1,3,0,1,10,0,9223372036800000000,240,0,10,0,0,5,0,3,1,0,0,1,0,0,1,100,0,0,-1,2,0,1,-1,-1,-1,-1,1,10,-1,1,1,3,-1,-1,3,0,0,1,0,0,10,0,0,0,1.79769e+308
1,0,0,0,-1,0,1,3,0,0,0,0,3,-1,1,1,2,-1,2,0,1,3,0,1,10,0,9223372036800000000,240,0,10,0,0,5,0,3,1,0,0,1,0,0,1,100,0,0,-1,2,0,1,-1,-1,-1,-1,1,10,-1,1,1,3,-1,-1,3,0,0,1,0,0,10,0,0,0,1.79769e+308
1,0,0,0,-1,0,1,3,0,0,0,0,-1,-1,1,1,2,-1,1,0,1,3,0,1,10,0,9223372036800000000,240,0,10,0,0,5,0,3,1,0,0,1,0,0,1,100,0,0,-1,2,0,1,-1,-1,-1,-1,1,10,-1,1,1,3,-1,-1,3,0,0,1,0,0,10,0,0,0,1.79769e+308
2,0,0,0,-1,0,1,3,0,0,0,0,1,3,-1,1,-1,2,-1,1,0,3,0,-1,200,0,9223372036800000000,1e+75,0,10,0,0,7,0,3,1,0,0,1,1,0,1,20,0,0,0,2,0,1,-1,-1,-1,-1,0,10,-1,1,1,3,-1,-1,-1,0,0,1,2,0,10,0,0,0,8.13
1,0,0,0,-1,0,1,3,0,0,0,0,-1,-1,1,1,2,-1,2,0,1,3,0,1,10,0,9223372036800000000,240,0,10,0,0,5,0,0,1,0,0,1,0,0,1,100,0,0,-1,2,0,1,-1,-1,-1,-1,1,10,-1,1,1,3,-1,-1,3,0,0,1,0,0,10,0,0,0,1.79769e+308
1,0,0,0,-1,0,1,3,0,0,0,0,-1,-1,1,1,1,-1,2,0,1,3,0,1,10,0,9223372036800000000,240,0,10,0,0,5,0,3,1,0,0,1,0,0,1,100,0,0,-1,2,0,1,-1,-1,-1,-1,1,10,-1,1,1,3,-1,-1,3,0,0,1,0,0,10,0,0,0,1.79769e+308
1,0,0,0,-1,0,1,3,0,0,0,0,2,-1,1,1,2,-1,2,0,1,3,0,1,10,0,9223372036800000000,240,0,10,0,0,5,0,3,1,0,0,1,0,0,1,100,0,0,-1,2,0,1,-1,-1,-1,-1,1,10,-1,1,1,3,-1,-1,3,0,0,1,0,0,10,0,0,0,1.79769e+308
1,0,0,0,-1,0,1,3,0,0,0,0,-1,-1,1,1,2,-1,2,0,1,3,0,1,10,0,9223372036800000000,5,0,10,0,0,5,0,3,1,0,0,1,0,0,1,100,0,0,-1,2,0,1,-1,-1,-1,-1,1,10,-1,1,1,3,-1,-1,3,0,0,1,0,0,10,0,0,0,1.79769e+308
1,0,0,0,-1,0,1,3,0,0,0,0,-1,-1,1,1,2,-1,2,0,1,3,0,1,10,0,9223372036800000000,240,0,10,0,0,5,0,3,1,0,0,1,0,0,1,100,0,5,-1,2,0,1,-1,-1,-1,-1,1,10,-1,1,1,3,-1,-1,3,0,0,1,0,0,10,0,0,0,1.79769e+308
1,0,0,0,-1,0,1,0,0,0,0,0,-1,1,1,2,0,0,-1,-1,-1,3,0,-1,800,0,9223372036800000000,20,0,10,0,0,5,0,0,1,0,0,1,0,3,1,200,0,4,3,2,0,1,-1,-1,-1,-1,-1,10,-1,1,1,3,-1,-1,1,0,0,1,4,0,10,0,0,0,1.79769e+308
1,0,0,0,-1,0,1,3,0,0,0,0,-1,-1,1,1,2,-1,2,0,1,3,0,1,10,0,9223372036800000000,240,0,10,0,0,5,0,3,1,0,0,1,0,0,1,100,0,0,-1,2,0,1,-1,-1,-1,-1,1,10,-1,1,1,3,-1,-1,3,0,0,1,0,0,10,0,0,0,1.79769e+308
1,0,0,0,-1,0,1,4,0,0,0,0,1,0,1,1,2,1,1,2,0,3,0,-1,50,0,9223372036800000000,10,0,10,0,0,15,0,2,1,0,0,1,1,3,2,-1,0,0,4,2,0,1,-1,-1,-1,-1,-1,10,-1,1,1,3,-1,-1,2,0,0,1,3,0,10,0,0,0,12.51
1,0,0,0,-1,0,1,4,0,0,0,0,1,0,0,1,2,1,1,2,0,3,0,-1,800,0,9223372036800000000,10,0,10,0,0,15,0,2,1,0,0,1,1,3,2,-1,0,0,4,2,0,1,-1,-1,-1,-1,-1,10,-1,1,1,3,-1,-1,2,0,0,1,3,0,10,0,0,0,27.5
1,0,0,0,-1,0,1,4,0,0,0,0,1,-1,0,1,2,1,1,2,0,3,0,-1,50,0,9223372036800000000,10,0,10,0,0,15,0,2,1,0,0,1,1,3,2,-1,0,0,4,2,0,1,-1,-1,-1,-1,-1,10,-1,1,1,3,-1,-1,2,0,0,1,3,0,10,0,0,0,16.28
1,0,0,0,-1,0,1,4,0,0,0,0,1,0,0,1,2,1,1,2,0,3,0,-1,50,0,9223372036800000000,10,0,10,0,0,15,0,2,1,0,0,1,1,0,2,-1,0,0,4,2,0,1,-1,-1,-1,-1,-1,10,-1,1,1,3,-1,-1,2,0,0,1,3,0,10,0,0,0,16.93
1,0,0,0,-1,0,1,4,0,0,0,0,1,0,0,1,2,1,1,2,1,3,0,-1,50,0,9223372036800000000,10,0,10,0,0,15,0,2,1,0,0,1,1,3,2,-1,0,0,4,2,0,1,-1,-1,-1,-1,-1,10,-1,1,1,3,-1,-1,2,0,0,1,3,0,10,0,0,0,12.51
1,0,0,0,-1,0,1,4,0,0,0,0,1,0,0,1,2,1,1,2,0,3,0,-1,50,0,9223372036800000000,10,0,10,0,0,15,0,3,1,0,0,1,1,3,2,-1,0,1,4,2,0,1,-1,-1,-1,-1,-1,10,-1,1,1,3,-1,-1,2,0,0,1,3,0,10,0,0,0,22.87
1,0,0,0,-1,0,1,4,0,0,0,0,1,0,0,1,2,1,1,2,0,3,0,1,50,0,9223372036800000000,10,0,10,0,0,15,0,2,1,0,0,1,1,3,2,1000,0,1,4,2,0,1,-1,-1,-1,-1,-1,10,-1,1,1,3,-1,-1,2,0,0,1,3,0,10,0,0,0,30.2
1,0,0,0,-1,0,1,4,0,0,0,0,1,0,0,1,2,1,1,2,0,3,0,-1,50,0,9223372036800000000,10,0,10,0,0,15,0,2,1,0,0,1,1,3,2,1000,0,1,4,2,0,1,-1,-1,-1,-1,-1,10,-1,1,1,3,-1,-1,2,0,0,1,3,0,10,0,0,0,21.97
1,0,0,0,-1,0,1,2,0,0,0,0,3,-1,-1,0,1,-1,0,2,1,3,0,8,25,0,9223372036800000000,50,0,10,0,0,5,0,1,1,0,0,1,0,0,0,500,0,0,0,2,0,1,-1,-1,-1,-1,0,10,-1,1,1,3,-1,-1,5,0,0,1,4,0,10,0,0,0,19.44
1,0,0,0,-1,0,1,2,0,0,0,0,3,-1,-1,0,1,-1,0,2,-1,3,0,-1,25,0,9223372036800000000,50,0,10,0,0,5,0,1,1,0,0,1,0,0,0,500,0,0,0,2,0,1,-1,-1,-1,-1,0,10,-1,1,1,3,-1,-1,5,0,0,1,4,0,10,0,0,0,19.46
1,0,0,0,-1,0,1,2,0,0,0,0,3,-1,-1,0,1,-1,0,2,-1,3,0,8,25,0,9223372036800000000,240,0,10,0,0,5,0,1,1,0,0,1,0,0,0,500,0,0,0,2,0,1,-1,-1,-1,-1,0,10,-1,1,1,3,-1,-1,5,0,0,1,4,0,10,0,0,0,19.44
1,0,0,0,-1,0,1,2,0,0,0,0,3,-1,-1,-1,1,-1,0,2,-1,3,0,8,25,0,9223372036800000000,50,0,10,0,0,5,0,1,1,0,0,1,0,0,0,500,0,0,0,2,0,1,-1,-1,-1,-1,0,10,-1,1,1,3,-1,-1,5,0,0,1,4,0,10,0,0,0,19.44
1,0,0,0,-1,0,1,2,0,0,0,0,3,-1,-1,0,1,1,0,2,-1,3,0,8,25,0,9223372036800000000,50,0,10,0,0,5,0,1,1,0,0,1,0,0,0,500,0,0,0,2,0,1,-1,-1,-1,-1,0,10,-1,1,1,3,-1,-1,5,0,0,1,4,0,10,0,0,0,19.94
1,0,0,0,-1,0,1,2,0,0,0,0,3,-1,-1,0,1,-1,0,2,-1,3,0,8,25,0,9223372036800000000,50,0,10,0,0,5,0,1,1,0,0,1,0,0,-1,500,0,0,0,2,0,1,-1,-1,-1,-1,0,10,-1,1,1,3,-1,-1,5,0,0,1,4,0,10,0,0,0,47.72
1,0,0,0,-1,0,1,2,0,0,0,0,3,-1,-1,2,1,-1,1,2,-1,3,0,8,25,0,9223372036800000000,50,0,10,0,0,5,0,1,1,0,0,1,0,0,0,500,0,0,0,2,0,1,-1,-1,-1,-1,0,10,-1,1,1,3,-1,-1,5,0,0,1,4,0,10,0,0,0,19.51
1,0,0,0,-1,0,1,2,0,0,0,0,3,-1,-1,2,1,-1,0,2,-1,3,0,4,25,0,9223372036800000000,50,0,10,0,0,5,0,1,1,0,0,1,0,0,0,500,0,0,0,2,0,1,-1,-1,-1,-1,0,10,-1,1,1,3,-1,-1,5,0,0,1,4,0,10,0,0,0,19.72
1,0,0,0,-1,0,1,3,0,0,0,0,-1,-1,1,1,2,-1,2,0,1,3,0,1,10,0,9223372036800000000,240,0,10,0,0,5,0,3,1,0,0,1,0,0,1,-1,0,0,-1,2,0,1,-1,-1,-1,-1,1,10,-1,1,1,3,-1,-1,3,0,0,1,0,0,10,0,0,0,1.79769e+308
1,0,0,0,-1,0,1,2,0,0,0,0,1,-1,-1,2,1,-1,0,2,-1,3,0,8,25,0,9223372036800000000,50,0,10,0,0,5,0,1,1,0,0,1,0,0,0,500,0,0,0,2,0,1,-1,-1,-1,-1,0,10,-1,1,1,3,-1,-1,5,0,0,1,4,0,10,0,0,0,19.51
1,0,0,0,-1,0,1,2,0,0,0,0,3,-1,-1,2,2,-1,0,2,-1,3,0,8,25,0,9223372036800000000,120,0,10,0,0,5,0,1,1,0,0,1,0,0,0,500,0,0,0,2,0,1,-1,-1,-1,-1,0,10,-1,1,1,3,-1,-1,5,0,0,1,4,0,10,0,0,0,19.77
1,0,0,0,-1,0,1,5,0,0,0,0,1,2,-1,0,2,1,0,1,0,3,0,4,150,0,9223372036800000000,240,0,10,0,0,5,0,2,1,0,0,1,0,-1,-1,1000,0,4,-1,2,0,1,-1,-1,-1,-1,0,10,-1,1,1,3,-1,-1,5,0,0,1,4,0,10,0,0,0,1.79769e+308
1,0,0,0,-1,0,1,2,0,0,0,0,3,-1,-1,2,2,-1,0,2,-1,3,0,8,25,0,9223372036800000000,50,0,10,0,0,5,0,1,1,0,0,1,0,0,0,500,0,0,0,2,0,1,-1,-1,-1,-1,0,10,-1,1,1,3,-1,-1,5,0,0,1,4,0,10,0,0,0,19.77
1,0,0,0,-1,0,1,2,0,0,0,0,1,2,1,0,-1,-1,2,-1,0,3,0,-1,400,0,9223372036800000000,240,0,10,0,0,5,0,0,1,0,0,1,0,1,2,100,0,3,0,2,0,1,-1,-1,-1,-1,-1,10,-1,1,1,3,-1,-1,2,0,0,1,0,0,10,0,0,0,1.79769e+308
1,0,0,0,-1,0,1,2,0,0,0,0,1,2,1,0,-1,-1,2,2,1,3,0,-1,400,0,9223372036800000000,240,0,10,0,0,5,0,0,1,0,0,1,0,1,2,100,0,3,0,2,0,1,-1,-1,-1,-1,-1,10,-1,1,1,3,-1,-1,2,0,0,1,0,0,10,0,0,0,1.79769e+308
1,0,0,0,-1,0,1,2,0,0,0,0,1,2,1,0,-1,-1,2,2,-1,3,0,-1,400,0,9223372036800000000,240,0,10,0,0,5,0,0,1,0,0,1,0,1,2,100,0,3,0,2,0,1,-1,-1,-1,-1,-1,10,-1,1,1,3,-1,-1,2,0,0,1,0,0,10,0,0,0,1.79769e+308
1,0,0,0,-1,0,1,2,0,0,0,0,1,2,1,0,-1,-1,2,2,0,3,0,-1,400,0,9223372036800000000,240,0,10,0,0,5,0,0,1,0,0,1,0,1,2,100,0,3,0,2,0,1,-1,-1,-1,-1,1,10,-1,1,1,3,-1,-1,2,0,0,1,0,0,10,0,0,0,1.79769e+308
1,0,0,0,-1,0,1,2,0,0,0,0,1,2,1,0,-1,-1,2,2,0,3,0,-1,400,0,9223372036800000000,240,0,10,0,0,5,0,0,1,0,0,1,0,1,2,100,0,5,0,2,0,1,-1,-1,-1,-1,-1,10,-1,1,1,3,-1,-1,2,0,0,1,0,0,10,0,0,0,1.79769e+308
1,0,0,0,-1,0,1,2,0,0,0,0,1,2,1,0,-1,-1,2,2,0,3,0,-1,400,0,9223372036800000000,10,0,10,0,0,5,0,0,1,0,0,1,0,1,2,100,0,3,0,2,0,1,-1,-1,-1,-1,-1,10,-1,1,1,3,-1,-1,2,0,0,1,0,0,10,0,0,0,1.79769e+308
1,0,0,0,-1,0,1,2,0,0,0,0,1,2,1,0,-1,-1,2,2,0,3,0,-1,400,0,9223372036800000000,240,0,10,0,0,5,0,0,1,0,0,1,0,1,2,100,0,3,0,2,0,1,-1,-1,-1,-1,-1,10,-1,1,1,3,-1,-1,-1,0,0,1,0,0,10,0,0,0,1.79769e+308
1,0,0,0,-1,0,1,2,0,0,0,0,1,2,1,0,-1,-1,-1,2,0,3,0,-1,400,0,9223372036800000000,240,0,10,0,0,5,0,0,1,0,0,1,0,1,2,100,0,3,0,2,0,1,-1,-1,-1,-1,-1,10,-1,1,1,3,-1,-1,2,0,0,1,0,0,10,0,0,0,1.79769e+308
1,0,0,0,-1,0,1,2,0,0,0,0,1,2,1,0,-1,-1,2,2,0,3,0,-1,400,0,9223372036800000000,240,0,10,0,0,5,0,0,1,0,0,1,0,1,2,60,0,3,0,2,0,1,-1,-1,-1,-1,-1,10,-1,1,1,3,-1,-1,2,0,0,1,0,0,10,0,0,0,1.79769e+308
1,0,0,0,-1,0,1,2,0,0,0,0,3,2,1,0,-1,-1,2,2,0,3,0,-1,400,0,9223372036800000000,240,0,10,0,0,5,0,0,1,0,0,1,0,1,2,100,0,3,0,2,0,1,-1,-1,-1,-1,-1,10,-1,1,1,3,-1,-1,2,0,0,1,0,0,10,0,0,0,1.79769e+308
1,0,0,0,-1,0,1,2,0,0,0,0,1,2,1,0,-1,-1,2,2,0,3,0,-1,400,0,9223372036800000000,240,0,10,0,0,5,0,0,1,0,0,1,0,1,2,100,0,3,0,2,0,1,-1,-1,-1,-1,-1,10,-1,1,1,3,-1,-1,2,0,0,1,5,0,10,0,0,0,1.79769e+308
1,0,0,0,-1,0,1,2,0,0,0,0,-1,0,1,0,0,-1,-1,2,2,3,0,-1,400,0,9223372036800000000,5,0,10,0,0,5,0,0,1,0,0,1,0,-1,-1,0,0,4,-1,2,0,1,-1,-1,-1,-1,-1,10,-1,1,1,3,-1,-1,5,0,0,1,0,0,10,0,0,0,1.79769e+308
1,0,0,0,-1,0,1,2,0,0,0,0,1,2,1,0,-1,-1,2,2,0,3,0,-1,400,0,9223372036800000000,240,0,10,0,0,5,0,0,1,0,0,1,0,1,2,100,0,3,0,2,0,1,-1,-1,-1,-1,-1,10,-1,1,1,3,-1,-1,2,0,0,1,0,0,10,0,0,0,1.79769e+308
1,0,0,0,-1,0,1,5,0,0,0,0,2,1,1,0,1,0,-1,-1,1,3,0,16,200,0,9223372036800000000,10,0,10,0,0,10,0,0,1,0,0,1,1,3,-1,500,0,2,3,2,0,1,-1,-1,-1,-1,-1,10,-1,1,1,3,-1,-1,5,0,0,1,5,0,10,0,0,0,22.6
1,0,0,0,-1,0,1,5,0,0,0,0,2,1,1,0,1,1,-1,-1,1,3,0,16,200,0,9223372036800000000,10,0,10,0,0,10,0,0,1,0,0,1,1,3,-1,500,0,0,3,2,0,1,-1,-1,-1,-1,-1,10,-1,1,1,3,-1,-1,5,0,0,1,5,0,10,0,0,0,24.3
1,0,0,0,-1,0,1,0,0,0,0,0,2,1,1,0,1,0,-1,-1,1,3,0,16,200,0,9223372036800000000,10,0,10,0,0,10,0,0,1,0,0,1,1,3,-1,500,0,0,3,2,0,1,-1,-1,-1,-1,-1,10,-1,1,1,3,-1,-1,5,0,0,1,5,0,10,0,0,0,29.01
1,0,0,0,-1,0,1,2,0,0,0,0,3,3,1,-1,0,-1,-1,-1,-1,3,0,-1,100,0,9223372036800000000,60,0,10,0,0,7,0,3,1,0,0,1,1,0,3,20,0,0,0,2,0,1,-1,-1,-1,-1,0,10,-1,1,1,3,-1,-1,-1,0,0,1,0,0,10,0,0,0,17.1
1,0,0,0,-1,0,1,5,0,0,0,0,3,0,1,0,1,0,2,-1,0,3,0,-1,150,0,9223372036800000000,240,0,10,0,0,7,0,2,1,0,0,1,1,0,3,200,0,0,0,2,0,1,-1,-1,-1,-1,0,10,-1,1,1,3,-1,-1,-1,0,0,1,0,0,10,0,0,0,16.68
1,0,0,0,-1,0,1,5,0,0,0,0,3,0,1,0,1,0,2,-1,0,3,0,-1,150,0,9223372036800000000,240,0,10,0,0,7,0,2,1,0,0,1,1,0,-1,100,0,0,0,2,0,1,-1,-1,-1,-1,0,10,-1,1,1,3,-1,-1,-1,0,0,1,0,0,10,0,0,0,17.39
1,0,0,0,-1,0,1,0,0,0,0,0,1,2,-1,1,-1,2,0,1,2,3,0,-1,400,0,9223372036800000000,1e+75,0,10,0,0,7,0,3,1,0,0,1,1,0,0,0,0,0,3,2,0,1,-1,-1,-1,-1,0,10,-1,1,1,3,-1,-1,-1,0,0,1,0,0,10,0,0,0,18.55
1,0,0,0,-1,0,1,0,0,0,0,0,1,1,0,2,0,1,0,0,1,3,0,16,200,0,9223372036800000000,120,0,10,0,0,7,0,0,1,0,0,1,0,1,2,100,0,0,4,2,0,1,-1,-1,-1,-1,1,10,-1,1,1,3,-1,-1,1,0,0,1,0,0,10,0,0,0,27.92
1,0,0,0,-1,0,1,2,0,0,0,0,3,2,1,-1,2,0,0,2,-1,3,0,-1,200,0,9223372036800000000,40,0,10,0,0,7,0,2,1,0,0,1,1,0,0,1000,0,0,3,2,0,1,-1,-1,-1,-1,0,10,-1,1,1,3,-1,-1,-1,0,0,1,0,0,10,0,0,0,23.84
1,0,0,0,-1,0,1,5,0,0,0,0,1,3,0,2,0,2,0,0,2,3,0,-1,10,0,9223372036800000000,1e+75,0,10,0,0,7,0,2,1,0,0,1,1,0,0,0,0,0,4,2,0,1,-1,-1,-1,-1,0,10,-1,1,1,3,-1,-1,-1,0,0,1,0,0,10,0,0,0,21.17
1,0,0,0,-1,0,1,0,0,0,0,0,2,2,-1,0,2,2,-1,-1,1,3,0,-1,400,0,9223372036800000000,30,0,10,0,0,7,0,3,1,0,0,1,1,0,2,60,0,0,1,2,0,1,-1,-1,-1,-1,0,10,-1,1,1,3,-1,-1,-1,0,0,1,0,0,10,0,0,0,36.26
1,0,0,0,-1,0,1,0,0,0,0,0,2,2,-1,0,2,2,-1,-1,1,3,0,-1,50,0,9223372036800000000,30,0,10,0,0,7,0,3,1,0,0,1,1,0,2,60,0,0,1,2,0,1,-1,-1,-1,-1,0,10,-1,1,1,3,-1,-1,-1,0,0,1,0,0,10,0,0,0,36.53
1,0,0,0,-1,0,1,0,0,0,0,0,2,2,-1,0,2,2,-1,1,1,3,0,-1,50,0,9223372036800000000,0,0,10,0,0,7,0,3,1,0,0,1,1,0,2,40,0,0,1,2,0,1,-1,-1,-1,-1,0,10,-1,1,1,3,-1,-1,-1,0,0,1,0,0,10,0,0,0,1.79769e+308
1,0,0,0,-1,0,1,3,0,0,0,0,3,3,1,1,1,-1,-1,1,-1,3,0,-1,50,0,9223372036800000000,60,0,10,0,0,7,0,3,1,0,0,1,1,0,2,1000,0,0,1,2,0,1,-1,-1,-1,-1,0,10,-1,1,1,3,-1,-1,-1,0,0,1,0,0,10,0,0,0,1.79769e+308
1,0,0,0,-1,0,1,0,0,0,0,0,0,0,0,0,0,0,0,0,0,3,0,-1,400,0,9223372036800000000,50,0,10,0,0,7,0,0,1,0,0,1,1,0,0,0,0,0,0,2,0,1,-1,-1,-1,-1,0,10,-1,1,1,3,-1,-1,-1,0,0,1,0,0,10,0,0,0,25.91
1,0,0,0,-1,0,1,3,0,0,0,0,1,3,-1,1,-1,2,-1,1,0,3,0,-1,200,0,9223372036800000000,1e+75,0,10,0,0,7,0,3,1,0,0,1,1,0,1,20,0,0,0,2,0,1,-1,-1,-1,-1,0,10,-1,1,1,3,-1,-1,-1,0,0,1,2,0,10,4,0,0,8.13
1,0,0,0,-1,0,1,5,0,0,0,0,3,1,0,1,1,-1,2,1,2,3,0,-1,10,0,9223372036800000000,120,0,10,0,0,7,0,2,1,0,0,1,1,0,-1,60,0,0,4,2,0,1,-1,-1,-1,-1,0,10,-1,1,1,3,-1,-1,-1,0,0,1,0,0,10,0,0,0,17.56
1,0,0,0,-1,0,1,5,0,0,0,0,-1,1,0,0,1,-1,2,1,2,3,0,-1,10,0,9223372036800000000,120,0,10,0,0,7,0,2,1,0,0,1,1,0,-1,60,0,0,4,2,0,1,-1,-1,-1,-1,0,10,-1,1,1,3,-1,-1,-1,0,0,1,0,0,10,0,0,0,17.65
1,0,0,0,-1,0,1,5,0,0,0,0,1,-1,-1,0,1,0,2,0,-1,3,0,-1,800,0,9223372036800000000,1e+75,0,10,0,0,7,0,0,1,0,0,1,1,0,1,0,0,0,0,2,0,1,-1,-1,-1,-1,0,10,-1,1,1,3,-1,-1,-1,0,0,1,0,0,10,0,0,0,18.14
1,0,0,0,-1,0,1,5,0,0,0,0,1,1,-1,0,1,-1,2,1,2,3,0,-1,10,0,9223372036800000000,120,0,10,0,0,7,0,2,1,0,0,1,1,0,-1,60,0,0,4,2,0,1,-1,-1,-1,-1,0,10,-1,1,1,3,-1,-1,-1,0,0,1,0,0,10,0,0,0,17.65
1,0,0,0,-1,0,1,1,0,0,0,0,-1,0,-1,0,0,1,1,0,1,3,0,-1,25,0,9223372036800000000,1e+75,0,10,0,0,7,0,0,1,0,0,1,1,0,0,0,0,0,0,2,0,1,-1,-1,-1,-1,0,10,-1,1,1,3,-1,-1,-1,0,0,1,0,0,10,0,0,0,17.82
1,0,0,0,-1,0,1,2,0,0,0,0,1,0,1,0,0,0,2,2,2,3,0,-1,800,0,9223372036800000000,1e+75,0,10,0,0,7,0,0,1,0,0,1,1,0,0,0,0,0,0,2,0,1,-1,-1,-1,-1,0,10,-1,1,1,3,-1,-1,-1,0,0,1,0,0,10,0,0,0,30.35
1,0,0,0,-1,0,1,3,0,0,0,0,3,2,-1,-1,1,-1,1,0,1,3,0,-1,10,0,9223372036800000000,120,0,10,0,0,7,0,2,1,0,0,1,1,0,0,200,0,0,3,2,0,1,-1,-1,-1,-1,0,10,-1,1,1,3,-1,-1,-1,0,0,1,0,0,10,0,0,0,25.31
1,0,0,0,-1,0,1,0,0,0,0,0,0,0,0,0,0,0,0,0,0,3,0,-1,100,0,9223372036800000000,1e+75,0,10,0,0,7,0,0,1,0,0,1,1,0,0,0,0,0,0,2,0,1,-1,-1,-1,-1,0,10,-1,1,1,3,-1,-1,-1,0,0,1,0,0,10,0,0,0,29.44
1,0,0,0,-1,0,1,5,0,0,0,0,1,3,0,-1,0,2,2,1,2,3,0,2,400,0,9223372036800000000,40,0,10,0,0,0,0,3,1,0,0,1,1,1,1,1000,0,4,3,2,0,1,-1,-1,-1,-1,1,10,-1,1,1,3,-1,-1,4,0,0,1,0,0,10,0,0,0,1.79769e+308
1,0,0,0,-1,0,1,2,0,0,0,0,-1,0,1,-1,2,0,-1,1,-1,3,0,2,10,0,9223372036800000000,0,0,10,0,0,10,0,0,1,0,0,1,0,3,-1,40,0,2,0,2,0,1,-1,1,-1,-1,0,10,-1,1,1,3,-1,-1,4,0,0,1,5,0,10,0,0,0,21.51
1,0,0,0,-1,0,1,0,0,0,0,0,3,-1,-1,2,-1,2,2,-1,-1,3,0,8,100,0,9223372036800000000,60,0,10,0,0,3,0,3,1,0,0,1,1,3,0,60,0,0,3,2,0,1,-1,-1,-1,-1,-1,10,-1,1,1,3,-1,-1,0,0,0,1,0,0,10,0,0,0,24.74
1,0,0,0,-1,0,1,2,0,0,0,0,0,2,1,-1,2,0,0,-1,-1,3,0,-1,200,0,9223372036800000000,40,0,10,0,0,7,0,2,1,0,0,1,1,0,0,1000,0,0,3,2,0,1,-1,-1,-1,-1,0,10,-1,1,1,3,-1,-1,-1,0,0,1,0,0,10,0,0,0,24.23
1,0,0,0,-1,0,1,3,0,0,0,0,1,3,-1,1,-1,2,-1,1,0,3,0,-1,200,0,9223372036800000000,1e+75,0,10,0,0,7,0,0,1,0,0,1,1,0,1,0,0,0,3,2,0,1,-1,-1,-1,-1,0,10,-1,1,1,3,-1,-1,-1,0,0,1,0,0,10,0,0,0,19.9
1,0,0,0,-1,0,1,2,0,0,0,0,2,2,0,1,2,0,2,2,-1,3,0,-1,50,0,9223372036800000000,0,0,10,0,0,7,0,1,1,0,0,1,1,0,-1,1000,0,0,1,2,0,1,-1,-1,-1,-1,0,10,-1,1,1,3,-1,-1,-1,0,0,1,0,0,10,0,0,0,1.79769e+308
1,0,0,0,-1,0,1,5,0,0,0,0,3,-1,0,1,0,-1,2,2,0,3,0,-1,50,0,9223372036800000000,1e+75,0,10,0,0,7,0,0,1,0,0,1,1,0,0,0,0,0,0,2,0,1,-1,-1,-1,-1,0,10,-1,1,1,3,-1,-1,-1,0,0,1,0,0,10,0,0,0,24.66
1,0,0,0,-1,0,1,0,0,0,0,0,3,3,1,2,0,-1,2,0,1,3,0,16,10,0,9223372036800000000,120,0,10,0,0,5,0,2,1,0,0,1,0,3,-1,20,0,0,2,2,0,1,-1,-1,-1,-1,0,10,-1,1,1,3,-1,-1,3,0,0,1,3,0,10,0,0,0,26.56
1,0,0,0,-1,0,1,2,0,0,0,0,2,2,0,1,2,0,2,-1,-1,3,0,-1,50,0,9223372036800000000,1e+75,0,10,0,0,7,0,1,1,0,0,1,1,0,-1,1000,0,0,1,2,0,1,-1,-1,-1,-1,0,10,-1,1,1,3,-1,-1,-1,0,0,1,0,0,10,0,0,0,50.91
1,0,0,0,-1,0,1,2,0,0,0,0,1,0,1,0,1,0,2,2,2,3,0,-1,50,0,9223372036800000000,1e+75,0,10,0,0,7,0,0,1,0,0,1,1,0,0,0,0,0,0,2,0,1,-1,-1,-1,-1,0,10,-1,1,1,3,-1,-1,-1,0,0,1,0,0,10,0,0,0,19.15
1,0,0,0,-1,0,1,0,0,0,0,0,-1,-1,-1,-1,-1,-1,-1,-1,-1,3,0,1,100,0,9223372036800000000,5,0,10,0,0,3,0,3,1,0,0,1,1,1,-1,-1,0,3,3,2,0,1,-1,-1,-1,-1,1,10,-1,1,1,3,-1,-1,1,0,0,1,1,0,10,0,0,0,41.01
1,0,0,0,-1,0,1,2,0,0,0,0,2,2,0,1,2,0,2,2,-1,3,0,-1,800,0,9223372036800000000,1e+75,0,10,0,0,7,0,1,1,0,0,1,1,0,-1,1000,0,0,1,2,0,1,-1,-1,-1,-1,0,10,-1,1,1,3,-1,-1,-1,0,0,1,0,0,10,0,0,0,1.79769e+308
1,0,0,0,-1,0,1,3,0,0,0,0,3,3,1,2,1,2,2,2,0,3,0,-1,25,0,9223372036800000000,60,0,10,0,0,7,0,2,1,0,0,1,0,2,3,20,0,0,0,2,0,1,-1,-1,-1,-1,-1,10,-1,1,1,3,-1,-1,3,0,0,1,0,0,10,0,0,0,23.89
1,0,0,0,-1,0,1,0,0,0,0,0,3,-1,1,1,-1,0,-1,0,-1,3,0,-1,400,0,9223372036800000000,1e+75,0,10,0,0,7,0,3,1,0,0,1,1,0,1,0,0,0,3,2,0,1,-1,-1,-1,-1,0,10,-1,1,1,3,-1,-1,-1,0,0,1,0,0,10,0,0,0,21.69
1,0,0,0,-1,0,1,2,0,0,0,0,1,-1,1,1,2,1,2,0,2,3,0,-1,10,0,9223372036800000000,1,0,10,0,0,7,0,2,1,0,0,1,1,0,-1,-1,0,0,-1,2,0,1,-1,-1,-1,-1,0,10,-1,1,1,3,-1,-1,-1,0,0,1,0,0,10,0,0,0,43.98
1,0,0,0,-1,0,1,2,0,0,0,0,2,2,0,1,2,0,2,2,-1,3,0,-1,50,0,9223372036800000000,1e+75,0,10,0,0,7,0,3,1,0,0,1,1,0,-1,1000,0,0,1,2,0,1,-1,-1,-1,-1,0,10,-1,1,1,3,-1,-1,-1,0,0,1,0,0,10,0,0,0,44.57
1,0,0,0,-1,0,1,0,0,0,0,0,3,-1,-1,2,-1,2,2,-1,-1,3,0,8,150,0,9223372036800000000,40,0,10,0,0,3,0,3,1,0,0,1,1,3,0,0,0,0,3,2,0,1,-1,-1,-1,-1,-1,10,-1,1,1,3,-1,-1,0,0,0,1,0,0,10,0,0,0,18.52
1,0,0,0,-1,0,1,2,0,0,0,0,1,-1,1,-1,1,1,-1,-1,2,3,0,-1,100,0,9223372036800000000,1e+75,0,10,0,0,7,0,0,1,0,0,1,1,0,2,0,0,0,0,2,0,1,-1,-1,-1,-1,0,10,-1,1,1,3,-1,-1,-1,0,0,1,0,0,10,0,0,0,31.21
1,0,0,0,-1,0,1,5,0,0,0,0,2,-1,1,2,0,2,1,0,-1,3,0,-1,400,0,9223372036800000000,0,0,10,0,0,7,0,3,1,0,0,1,1,0,-1,60,0,0,3,2,0,1,-1,-1,-1,-1,0,10,-1,1,1,3,-1,-1,-1,0,0,1,0,0,10,0,0,0,24.35
1,0,0,0,-1,0,1,0,0,0,0,0,3,-1,1,2,-1,0,-1,2,-1,3,0,16,50,0,9223372036800000000,240,0,10,0,0,7,0,0,1,0,0,1,1,0,-1,-1,0,1,-1,2,0,1,-1,0,-1,-1,0,10,-1,1,1,3,-1,-1,1,0,0,1,2,0,10,0,0,0,38.1
1,0,0,0,-1,0,1,5,0,0,0,0,1,0,1,2,0,2,1,0,-1,3,0,-1,400,0,9223372036800000000,0,0,10,0,0,7,0,3,1,0,0,1,1,0,-1,60,0,0,3,2,0,1,-1,-1,-1,-1,0,10,-1,1,1,3,-1,-1,-1,0,0,1,0,0,10,0,0,0,24.35
1,0,0,0,-1,0,1,5,0,0,0,0,3,0,-1,-1,2,0,1,-1,0,3,0,-1,400,0,9223372036800000000,1e+75,0,10,0,0,7,0,0,1,0,0,1,1,0,0,0,0,0,0,2,0,1,-1,-1,-1,-1,0,10,-1,1,1,3,-1,-1,-1,0,0,1,0,0,10,0,0,0,26.5
1,0,0,0,-1,0,1,3,0,0,0,0,1,-1,1,2,0,2,1,0,-1,3,0,-1,400,0,9223372036800000000,0,0,10,0,0,7,0,3,1,0,0,1,1,0,-1,60,0,0,3,2,0,1,-1,-1,-1,-1,0,10,-1,1,1,3,-1,-1,-1,0,0,1,0,0,10,0,0,0,26.63
1,0,0,0,-1,0,1,3,0,0,0,0,1,-1,-1,1,0,1,-1,2,-1,3,0,-1,25,0,9223372036800000000,1e+75,0,10,0,0,7,0,0,1,0,0,1,1,0,-1,0,0,0,0,2,0,1,-1,-1,-1,-1,0,10,-1,1,1,3,-1,-1,-1,0,0,1,0,0,10,0,0,0,1.79769e+308
1,0,0,0,-1,0,1,5,0,0,0,0,0,0,0,0,0,0,0,0,0,3,0,-1,400,0,9223372036800000000,1e+75,0,10,0,0,7,0,0,1,0,0,1,1,0,0,0,0,0,0,2,0,1,-1,-1,-1,-1,0,10,-1,1,1,3,-1,-1,-1,0,0,1,0,0,10,0,0,0,22.66
1,0,0,0,-1,0,1,5,0,0,0,0,3,0,1,1,0,1,-1,-1,0,3,0,-1,150,0,9223372036800000000,1e+75,0,10,0,0,7,0,2,1,0,0,1,1,0,-1,0,0,0,-1,2,0,1,-1,-1,-1,-1,0,10,-1,1,1,3,-1,-1,-1,0,0,1,0,0,10,0,0,0,56.53
1,0,0,0,-1,0,1,0,0,0,0,0,0,0,0,0,0,0,0,0,0,3,0,-1,50,0,9223372036800000000,1e+75,0,10,0,0,7,0,0,1,0,0,1,1,0,0,0,0,0,0,2,0,1,-1,-1,-1,-1,0,10,-1,1,1,3,-1,-1,-1,0,0,1,0,0,10,0,0,0,30.55
1,0,0,0,-1,0,1,5,0,0,0,0,1,0,0,-1,0,2,2,1,2,3,0,2,400,0,9223372036800000000,50,0,10,0,0,0,0,3,1,0,0,1,1,1,1,1000,0,4,3,2,0,1,-1,-1,-1,-1,1,10,-1,1,1,3,-1,-1,4,0,0,1,0,0,10,0,0,0,1.79769e+308
1,0,0,0,-1,0,1,5,0,0,0,0,-1,0,-1,0,-1,1,0,2,2,3,0,-1,50,0,9223372036800000000,1e+75,0,10,0,0,7,0,0,1,0,0,1,1,0,0,0,0,0,0,2,0,1,-1,-1,-1,-1,0,10,-1,1,1,3,-1,-1,-1,0,0,1,0,0,10,0,0,0,19.08
1,0,0,0,-1,0,1,3,0,0,0,0,1,3,-1,1,-1,2,-1,1,0,3,0,-1,200,0,9223372036800000000,60,0,10,0,0,7,0,3,1,0,0,1,1,0,1,0,0,0,0,2,0,1,-1,-1,-1,-1,0,10,-1,1,1,3,-1,-1,-1,0,0,1,0,0,10,0,0,0,8.53
1,0,0,0,-1,0,1,0,0,0,0,0,1,-1,-1,1,-1,1,1,1,1,3,0,2,150,0,9223372036800000000,240,0,10,0,0,0,0,2,1,0,0,1,1,1,-1,100,0,0,0,2,0,1,-1,-1,-1,-1,-1,10,-1,1,1,3,-1,-1,3,0,0,1,0,0,10,0,0,0,17.6
1,0,0,0,-1,0,3,3,0,0,0,0,1,3,-1,1,-1,2,-1,1,0,3,0,-1,200,0,9223372036800000000,1e+75,0,10,0,0,7,0,3,1,0,0,1,1,0,1,20,0,0,0,2,0,1,-1,-1,-1,-1,0,10,-1,1,1,3,-1,-1,-1,0,0,1,2,0,10,0,0,0,8.13
1,0,0,0,-1,0,1,3,0,0,0,0,1,3,-1,1,-1,2,-1,1,0,3,0,-1,200,0,9223372036800000000,40,0,10,0,0,7,0,3,1,0,0,1,1,0,1,0,0,0,0,2,0,1,-1,-1,-1,-1,0,10,-1,1,1,3,-1,-1,-1,0,0,1,0,0,10,0,0,0,8.53
1,0,0,0,-1,0,1,5,0,0,0,0,3,0,-1,0,0,1,0,2,2,3,0,-1,50,0,9223372036800000000,1e+75,0,10,0,0,7,0,0,1,0,0,1,1,0,0,0,0,0,0,2,0,1,-1,-1,-1,-1,0,10,-1,1,1,3,-1,-1,-1,0,0,1,0,0,10,0,0,0,19.64
1,0,0,0,-1,0,1,5,0,0,0,0,3,-1,-1,1,0,2,1,1,0,3,0,-1,50,0,9223372036800000000,0,0,10,0,0,7,0,3,1,0,0,1,1,0,-1,0,0,0,3,2,0,1,-1,-1,-1,-1,0,10,-1,1,1,3,-1,-1,-1,0,0,1,0,0,10,0,0,0,22.82
1,0,0,0,-1,0,1,3,0,0,0,0,1,3,-1,1,-1,2,-1,1,0,3,0,-1,200,0,9223372036800000000,10,0,10,0,0,7,0,3,1,0,0,1,1,0,1,0,0,0,0,2,0,1,-1,-1,-1,-1,0,10,-1,1,1,3,-1,-1,-1,0,0,1,0,0,10,0,0,0,8.53
1,0,0,0,-1,0,1,0,0,0,0,0,2,2,-1,0,2,2,-1,-1,1,3,0,-1,50,0,9223372036800000000,30,0,10,0,0,7,0,3,1,0,0,1,1,0,2,100,0,0,1,2,0,1,-1,-1,-1,-1,0,10,-1,1,1,3,-1,-1,-1,0,0,1,0,0,10,0,0,0,39.75
1,0,0,0,-1,0,1,3,0,0,0,0,1,3,-1,1,-1,2,-1,1,0,3,0,-1,200,0,9223372036800000000,5,0,10,0,0,7,0,3,1,0,0,1,1,0,1,0,0,0,0,2,0,1,-1,-1,-1,-1,0,10,-1,1,1,3,-1,-1,-1,0,0,1,0,0,10,0,0,0,8.53
1,0,0,0,-1,0,1,3,0,0,0,0,2,0,1,2,1,-1,-1,1,2,3,0,-1,25,0,9223372036800000000,1e+75,0,10,0,0,7,0,0,1,0,0,1,1,0,0,0,0,0,0,2,0,1,-1,-1,-1,-1,0,10,-1,1,1,3,-1,-1,-1,0,0,1,0,0,10,0,0,0,13.42
1,0,0,0,-1,0,1,3,0,0,0,0,1,3,-1,1,-1,2,-1,1,0,3,0,-1,200,0,9223372036800000000,2,0,10,0,0,7,0,3,1,0,0,1,1,0,1,0,0,0,0,2,0,1,-1,-1,-1,-1,0,10,-1,1,1,3,-1,-1,-1,0,0,1,0,0,10,0,0,0,8.53
1,0,0,0,-1,0,1,0,0,0,0,0,1,-1,0,1,-1,2,0,1,2,3,0,-1,400,0,9223372036800000000,1e+75,0,10,0,0,7,0,3,1,0,0,1,1,0,0,0,0,0,3,2,0,1,-1,-1,-1,-1,0,10,-1,1,1,3,-1,-1,-1,0,0,1,0,0,10,0,0,0,18.55
1,0,0,0,-1,0,1,0,0,0,0,0,-1,0,-1,2,0,1,-1,0,2,3,0,-1,800,0,9223372036800000000,1e+75,0,10,0,0,7,0,0,1,0,0,1,1,0,0,0,0,0,0,2,0,1,-1,-1,-1,-1,0,10,-1,1,1,3,-1,-1,-1,0,0,1,0,0,10,0,0,0,19.15
1,0,0,0,-1,0,1,5,0,0,0,0,3,-1,-1,2,0,2,1,1,0,3,0,-1,50,0,9223372036800000000,10,0,10,0,0,7,0,3,1,0,0,1,1,0,-1,0,0,0,3,2,0,1,-1,-1,-1,-1,0,10,-1,1,1,3,-1,-1,-1,0,0,1,0,0,10,0,0,0,18.81
1,0,0,0,-1,0,1,5,0,0,0,0,3,3,1,2,0,0,1,1,-1,3,0,-1,50,0,9223372036800000000,1e+75,0,10,0,0,7,0,2,1,0,0,1,1,0,-1,0,0,0,2,2,0,1,-1,-1,-1,-1,0,10,-1,1,1,3,-1,-1,-1,0,0,1,0,0,10,0,0,0,19.82
1,0,0,0,-1,0,1,4,0,0,0,0,1,3,0,2,2,1,0,0,0,3,0,16,200,0,9223372036800000000,30,0,10,0,0,15,0,2,1,0,0,1,1,-1,3,60,0,4,4,2,0,1,-1,0,-1,-1,-1,10,-1,1,1,3,-1,-1,1,0,0,1,3,0,10,0,0,0,1.79769e+308
1,0,0,0,-1,0,1,0,0,0,0,0,3,-1,1,2,0,-1,2,0,1,3,0,16,10,0,9223372036800000000,120,0,10,0,0,5,0,2,1,0,0,1,0,3,-1,20,0,0,2,2,0,1,-1,-1,-1,-1,0,10,-1,1,1,3,-1,-1,1,0,0,1,3,0,10,0,0,0,26.09
1,0,0,0,-1,0,1,5,0,0,0,0,3,0,1,0,1,0,2,-1,0,3,0,-1,150,0,9223372036800000000,30,0,10,0,0,7,0,2,1,0,0,1,1,0,3,100,0,0,0,2,0,1,-1,-1,-1,-1,0,10,-1,1,1,3,-1,-1,-1,0,0,1,0,0,10,0,0,0,16.68
1,0,0,0,-1,0,1,0,0,0,0,0,1,2,0,1,-1,2,0,1,1,3,0,-1,400,0,9223372036800000000,1e+75,0,10,0,0,7,0,3,1,0,0,1,1,0,0,0,0,0,3,2,0,1,-1,-1,-1,-1,0,10,-1,1,1,3,-1,-1,-1,0,0,1,0,0,10,0,0,0,18.55
1,0,0,0,-1,0,1,3,0,0,0,0,1,3,-1,1,-1,2,-1,1,0,3,0,-1,200,0,9223372036800000000,1e+75,0,10,0,0,7,0,1,1,0,0,1,1,0,1,0,0,0,0,2,0,1,-1,-1,-1,-1,0,10,-1,1,1,3,-1,-1,-1,0,0,1,0,0,10,0,0,0,8.59
1,0,0,0,-1,0,1,3,0,0,0,0,1,3,-1,1,-1,2,-1,1,0,3,0,-1,200,0,9223372036800000000,0,0,10,0,0,7,0,3,1,0,0,1,1,0,1,0,0,0,0,2,0,1,-1,-1,-1,-1,0,10,-1,1,1,3,-1,-1,-1,0,0,1,0,0,10,0,0,0,1.79769e+308
1,0,0,0,-1,0,1,4,0,0,0,0,3,1,0,2,0,0,2,0,0,3,0,8,100,0,9223372036800000000,40,0,10,0,0,15,0,0,1,0,0,1,1,3,2,0,0,5,-1,2,0,1,-1,-1,-1,-1,1,10,-1,1,1,3,-1,-1,-1,0,0,1,3,0,10,0,0,0,1.79769e+308
1,0,0,0,-1,0,1,5,0,0,0,0,2,-1,0,2,-1,0,-1,0,-1,3,0,-1,50,0,9223372036800000000,1e+75,0,10,0,0,7,0,1,1,0,0,1,1,0,2,0,0,0,4,2,0,1,-1,-1,-1,-1,0,10,-1,1,1,3,-1,-1,-1,0,0,1,0,0,10,0,0,0,18.92
1,0,0,0,-1,1,1,3,0,0,0,0,1,3,-1,1,-1,2,-1,1,0,3,0,-1,200,0,9223372036800000000,1e+75,0,10,0,0,7,0,3,1,0,0,1,1,0,1,20,0,0,0,2,0,1,-1,-1,-1,-1,0,10,-1,1,1,3,-1,-1,-1,0,0,1,2,0,10,0,0,0,8.13
1,0,0,0,-1,0,1,3,0,0,0,0,2,0,1,2,-1,-1,-1,1,0,3,0,-1,25,0,9223372036800000000,1e+75,0,10,0,0,7,0,0,1,0,0,1,1,0,0,0,0,0,0,2,0,1,-1,-1,-1,-1,0,10,-1,1,1,3,-1,-1,-1,0,0,1,0,0,10,0,0,0,18.74
1,0,0,0,-1,0,1,0,0,0,0,0,1,2,0,1,-1,2,0,1,2,3,0,-1,400,0,9223372036800000000,1e+75,0,10,0,0,7,0,3,1,0,0,1,1,0,0,0,0,0,3,2,0,1,-1,-1,-1,-1,0,10,-1,1,1,3,-1,-1,-1,0,0,1,0,0,10,0,0,0,18.55
1,0,0,0,-1,0,1,2,0,0,0,0,1,0,1,2,0,0,2,2,2,3,0,-1,50,0,9223372036800000000,1e+75,0,10,0,0,7,0,0,1,0,0,1,1,0,0,0,0,0,0,2,0,1,-1,-1,-1,-1,0,10,-1,1,1,3,-1,-1,-1,0,0,1,0,0,10,0,0,0,29.97
1,0,0,0,-1,0,1,4,0,0,0,0,1,-1,-1,-1,2,2,-1,2,-1,3,0,-1,400,0,9223372036800000000,120,0,10,0,0,5,0,0,1,0,0,1,0,1,1,60,0,1,0,2,0,1,-1,-1,-1,-1,1,10,-1,1,1,3,-1,-1,4,0,0,1,3,0,10,0,0,0,17.48
1,0,0,0,-1,0,1,3,0,0,0,0,-1,2,1,0,1,0,2,1,-1,3,0,-1,200,0,9223372036800000000,1e+75,0,10,0,0,7,0,0,1,0,0,1,1,0,2,0,0,0,0,2,0,1,-1,-1,-1,-1,0,10,-1,1,1,3,-1,-1,-1,0,0,1,0,0,10,0,0,0,12.12
1,0,0,0,-1,0,1,5,0,0,0,0,0,2,0,0,-1,1,1,1,1,3,0,-1,800,0,9223372036800000000,1e+75,0,10,0,0,7,0,2,1,0,0,1,1,0,-1,0,0,0,1,2,0,1,-1,-1,-1,-1,0,10,-1,1,1,3,-1,-1,-1,0,0,1,0,0,10,0,0,0,27.65
1,0,0,0,-1,0,1,3,0,0,0,0,1,3,-1,1,-1,2,-1,1,0,3,0,-1,200,0,9223372036800000000,1e+75,0,10,0,0,7,0,3,1,0,0,1,1,0,1,20,0,0,0,2,0,1,-1,-1,-1,-1,0,5,-1,1,1,3,-1,-1,-1,0,0,1,2,0,10,0,0,0,8.13
1,0,0,0,-1,0,1,3,0,0,0,0,0,2,0,0,-1,1,1,1,1,3,0,-1,800,0,9223372036800000000,1e+75,0,10,0,0,7,0,1,1,0,0,1,1,0,-1,0,0,0,1,2,0,1,-1,-1,-1,-1,0,10,-1,1,1,3,-1,-1,-1,0,0,1,0,0,10,0,0,0,1.79769e+308
1,0,0,0,-1,0,1,3,0,0,0,0,1,3,-1,1,-1,2,-1,1,0,3,0,-1,200,0,9223372036800000000,1e+75,0,10,0,0,10,0,3,1,0,0,1,1,0,1,20,0,0,0,2,0,1,-1,-1,-1,-1,0,10,-1,1,1,3,-1,-1,-1,0,0,1,0,0,10,0,0,0,8.2
1,0,0,0,-1,0,1,5,0,0,0,0,3,-1,1,1,-1,2,-1,0,-1,3,0,-1,400,0,9223372036800000000,1e+75,0,10,0,0,7,0,3,1,0,0,1,1,0,1,0,0,0,3,2,0,1,-1,-1,-1,-1,0,10,-1,1,1,3,-1,-1,-1,0,0,1,0,0,10,0,0,0,23.82
1,0,0,0,-1,0,1,2,0,0,0,0,2,2,1,-1,0,-1,-1,-1,1,3,0,-1,25,0,9223372036800000000,1e+75,0,10,0,0,7,0,0,1,0,0,1,1,0,2,0,0,0,0,2,0,1,-1,-1,-1,-1,0,10,-1,1,1,3,-1,-1,-1,0,0,1,0,0,10,0,0,0,24.36
1,0,0,0,-1,0,1,5,0,0,0,0,1,-1,1,2,0,2,1,0,-1,3,0,-1,400,0,9223372036800000000,0,0,10,0,0,7,0,3,1,0,0,1,1,0,-1,0,0,0,3,2,0,1,-1,-1,-1,-1,0,10,-1,1,1,3,-1,-1,-1,0,0,1,0,0,10,0,0,0,24.34
1,0,0,0,-1,0,1,0,0,0,0,0,0,0,0,0,0,0,0,0,0,3,0,-1,400,0,9223372036800000000,1,0,10,0,0,7,0,0,1,0,0,1,1,0,0,0,0,0,0,2,0,1,-1,-1,-1,-1,0,10,-1,1,1,3,-1,-1,-1,0,0,1,0,0,10,0,0,0,25.91
1,0,0,0,-1,0,1,5,0,0,0,0,0,2,0,0,-1,1,1,1,1,3,0,-1,800,0,9223372036800000000,1e+75,0,10,0,0,7,0,1,1,0,0,1,1,0,-1,0,0,0,1,2,0,1,-1,-1,-1,-1,0,10,-1,1,1,3,-1,-1,-1,0,0,1,0,0,10,0,0,0,27.65
1,0,0,0,-1,0,1,0,0,0,0,0,3,-1,1,1,-1,2,-1,0,0,3,0,-1,400,0,9223372036800000000,1e+75,0,10,0,0,7,0,3,1,0,0,1,1,0,1,0,0,0,3,2,0,1,-1,-1,-1,-1,0,10,-1,1,1,3,-1,-1,-1,0,0,1,0,0,10,0,0,0,19.18
1,0,0,0,-1,0,1,4,0,0,0,0,-1,3,-1,2,-1,1,-1,-1,2,3,0,16,50,0,9223372036800000000,30,0,10,0,0,10,0,2,1,0,0,1,0,0,-1,0,0,0,-1,2,0,1,-1,-1,-1,-1,0,10,-1,1,1,3,-1,-1,5,0,0,1,0,0,10,0,0,0,33.36
1,0,0,0,-1,0,1,0,0,0,0,0,3,-1,1,1,-1,2,-1,1,-1,3,0,-1,400,0,9223372036800000000,1e+75,0,10,0,0,7,0,3,1,0,0,1,1,0,1,0,0,0,3,2,0,1,-1,-1,-1,-1,0,10,-1,1,1,3,-1,-1,-1,0,0,1,0,0,10,0,0,0,22.58
1,0,0,0,-1,0,1,5,0,0,0,0,3,0,-1,-1,1,2,-1,2,0,3,0,-1,150,0,9223372036800000000,1e+75,0,10,0,0,7,0,3,1,0,0,1,1,0,1,0,0,0,2,2,0,1,-1,-1,-1,-1,0,10,-1,1,1,3,-1,-1,-1,0,0,1,0,0,10,0,0,0,30.28
1,0,0,0,-1,0,1,0,0,0,0,0,2,2,1,2,2,0,2,0,2,3,0,-1,800,0,9223372036800000000,1e+75,0,10,0,0,7,0,3,1,0,0,1,1,0,1,0,0,0,2,2,0,1,-1,-1,-1,-1,0,10,-1,1,1,3,-1,-1,-1,0,0,1,0,0,10,0,0,0,19.99
1,0,0,0,-1,0,1,2,0,0,0,0,2,2,0,1,2,0,2,2,-1,3,0,-1,50,0,9223372036800000000,1e+75,0,10,0,0,7,0,1,1,0,0,1,1,0,-1,0,0,0,1,2,0,1,-1,-1,-1,-1,0,10,-1,1,1,3,-1,-1,-1,0,0,1,0,0,10,0,0,0,34.1
1,0,0,0,-1,0,1,4,0,0,0,0,-1,0,0,2,2,1,-1,0,2,3,0,-1,25,0,9223372036800000000,1e+75,0,10,0,0,7,0,0,1,0,0,1,1,0,0,0,0,0,0,2,0,1,-1,-1,-1,-1,0,10,-1,1,1,3,-1,-1,-1,0,0,1,0,0,10,0,0,0,29.95
1,0,0,0,-1,0,1,3,0,0,0,0,1,3,-1,1,-1,2,-1,1,0,3,0,-1,200,0,9223372036800000000,1e+75,0,10,0,0,5,0,3,1,0,0,1,1,0,1,20,0,0,0,2,0,1,-1,-1,-1,-1,0,10,-1,1,1,3,-1,-1,-1,0,0,1,0,0,10,0,0,0,8.2
1,0,0,0,-1,0,1,2,0,0,0,0,2,2,0,1,2,0,2,0,-1,3,0,-1,50,0,9223372036800000000,1e+75,0,10,0,0,7,0,1,1,0,0,1,1,0,-1,1000,0,0,1,2,0,1,-1,-1,-1,-1,0,10,-1,1,1,3,-1,-1,-1,0,0,1,0,0,10,0,0,0,38.42
1,0,0,0,-1,0,1,1,0,0,0,0,3,0,1,0,0,-1,-1,1,2,3,0,-1,200,0,9223372036800000000,40,0,10,0,0,5,0,3,1,0,0,1,1,1,2,20,0,0,2,2,0,1,-1,-1,-1,-1,-1,10,-1,1,1,3,-1,-1,3,0,0,1,0,0,10,0,0,0,22.52
1,0,0,0,-1,0,1,0,0,0,0,0,2,2,1,2,2,1,2,0,2,3,0,-1,10,0,9223372036800000000,1e+75,0,10,0,0,7,0,3,1,0,0,1,1,0,1,0,0,0,2,2,0,1,-1,-1,-1,-1,0,10,-1,1,1,3,-1,-1,-1,0,0,1,0,0,10,0,0,0,32.06
1,0,0,0,-1,0,1,0,0,0,0,0,0,3,0,0,0,0,0,0,0,3,0,-1,400,0,9223372036800000000,1e+75,0,10,0,0,7,0,0,1,0,0,1,1,0,0,0,0,0,0,2,0,1,-1,-1,-1,-1,0,10,-1,1,1,3,-1,-1,-1,0,0,1,0,0,10,0,0,0,23.26
1,0,0,0,-1,0,1,5,0,0,0,0,-1,0,1,2,1,1,1,-1,0,3,0,4,100,0,9223372036800000000,1e+75,0,10,0,0,5,0,2,1,0,0,1,0,2,1,20,0,5,1,2,0,1,-1,-1,-1,-1,-1,10,-1,1,1,3,-1,-1,3,0,0,1,3,0,10,0,0,0,1.79769e+308
1,0,0,0,-1,0,1,2,0,0,0,0,1,3,0,0,0,2,0,0,2,3,0,-1,10,0,9223372036800000000,1e+75,0,10,0,0,7,0,2,1,0,0,1,1,0,0,0,0,0,2,2,0,1,-1,-1,-1,-1,0,10,-1,1,1,3,-1,-1,-1,0,0,1,0,0,10,0,0,0,36.87
1,0,0,0,-1,0,1,2,0,0,0,0,1,3,0,0,0,2,1,0,2,3,0,-1,10,0,9223372036800000000,1e+75,0,10,0,0,7,0,2,1,0,0,1,1,0,0,0,0,0,4,2,0,1,-1,-1,-1,-1,0,10,-1,1,1,3,-1,-1,-1,0,0,1,0,0,10,0,0,0,13.02
1,0,0,0,-1,0,1,2,0,0,0,0,0,0,1,0,0,0,2,2,2,3,0,-1,50,0,9223372036800000000,1e+75,0,10,0,0,7,0,0,1,0,0,1,1,0,0,0,0,0,0,2,0,1,-1,-1,-1,-1,0,10,-1,1,1,3,-1,-1,-1,0,0,1,0,0,10,0,0,0,19.15
1,0,0,0,-1,0,1,3,0,0,0,0,2,-1,1,2,-1,-1,-1,0,0,3,0,8,25,0,9223372036800000000,5,0,10,0,0,10,0,3,1,0,0,1,0,2,3,0,0,3,3,2,0,1,-1,-1,-1,-1,1,10,-1,1,1,3,-1,-1,5,0,0,1,5,0,10,0,0,0,20.93
1,0,0,0,-1,0,1,2,0,0,0,0,1,3,0,0,0,0,0,0,2,3,0,-1,10,0,9223372036800000000,1e+75,0,10,0,0,7,0,2,1,0,0,1,1,0,0,0,0,0,4,2,0,1,-1,-1,-1,-1,0,10,-1,1,1,3,-1,-1,-1,0,0,1,0,0,10,0,0,0,32.29
1,0,0,0,-1,0,1,0,0,0,0,0,2,1,-1,1,0,2,0,-1,2,3,0,-1,10,0,9223372036800000000,10,0,10,0,0,30,0,3,1,0,0,1,1,3,1,500,0,0,4,2,0,1,-1,-1,-1,-1,-1,10,-1,1,1,3,-1,-1,4,0,0,1,0,0,10,0,0,0,18.27
1,0,0,0,-1,0,1,0,0,0,0,0,1,1,1,2,0,1,0,-1,1,3,0,16,100,0,9223372036800000000,120,0,10,0,0,7,0,0,1,0,0,1,0,1,2,100,0,0,4,2,0,1,-1,-1,-1,-1,1,10,-1,1,1,3,-1,-1,1,0,0,1,0,0,10,0,0,0,37.69
1,0,0,0,-1,0,1,2,0,0,0,0,1,3,0,1,0,2,0,0,2,3,0,-1,10,0,9223372036800000000,1e+75,0,10,0,0,7,0,2,1,0,0,1,1,0,0,0,0,0,4,2,0,1,-1,-1,-1,-1,0,10,-1,1,1,3,-1,-1,-1,0,0,1,0,0,10,0,0,0,32.69
1,0,0,0,-1,0,1,2,0,0,0,0,1,3,0,2,0,2,0,0,2,3,0,-1,10,0,9223372036800000000,1e+75,0,10,0,0,7,0,2,1,0,0,1,1,0,0,0,0,0,4,2,0,1,-1,-1,-1,-1,0,10,-1,1,1,3,-1,-1,-1,0,0,1,0,0,10,0,0,0,32.69
1,0,0,0,-1,0,1,3,0,0,0,0,1,1,-1,-1,2,0,-1,-1,2,3,0,4,150,0,9223372036800000000,20,0,10,0,0,0,0,1,1,0,0,1,1,2,3,40,0,2,0,2,0,1,-1,-1,-1,-1,0,10,-1,1,1,3,-1,-1,-1,0,0,1,5,0,10,0,0,0,18.47
1,0,0,0,-1,0,1,3,0,0,1,0,1,3,-1,1,-1,2,-1,1,0,3,0,-1,200,0,9223372036800000000,1e+75,0,10,0,0,7,0,3,1,0,0,1,1,0,1,20,0,0,0,2,0,1,-1,-1,-1,-1,0,10,-1,1,1,3,-1,-1,-1,0,0,1,2,0,10,0,0,0,8.13
1,0,0,0,-1,0,1,0,0,0,0,0,2,2,-1,0,0,-1,1,-1,-1,3,0,-1,400,0,9223372036800000000,1e+75,0,10,0,0,7,0,3,1,0,0,1,1,0,0,0,0,0,3,2,0,1,-1,-1,-1,-1,0,10,-1,1,1,3,-1,-1,-1,0,0,1,0,0,10,0,0,0,16.65
1,0,0,0,-1,0,1,5,0,0,0,0,1,1,0,1,1,-1,2,1,2,3,0,-1,10,0,9223372036800000000,40,0,10,0,0,7,0,2,1,0,0,1,1,0,-1,60,0,0,4,2,0,1,-1,-1,-1,-1,0,10,-1,1,1,3,-1,-1,-1,0,0,1,0,0,10,0,0,0,17.56
1,0,0,0,-1,0,1,4,0,0,0,0,1,-1,-1,-1,2,2,-1,2,-1,3,0,-1,10,0,9223372036800000000,120,0,10,0,0,5,0,0,1,0,0,1,0,1,1,200,0,1,0,2,0,1,-1,-1,-1,-1,1,10,-1,1,1,3,-1,-1,4,0,0,1,3,0,10,0,0,0,16.55
1,0,0,0,-1,0,1,0,0,0,0,0,3,2,-1,0,0,-1,1,-1,2,3,0,-1,400,0,9223372036800000000,1e+75,0,10,0,0,7,0,3,1,0,0,1,1,0,0,0,0,0,3,2,0,1,-1,-1,-1,-1,0,10,-1,1,1,3,-1,-1,-1,0,0,1,0,0,10,0,0,0,16.65
1,0,0,0,-1,0,1,5,0,0,0,0,2,0,1,1,-1,1,1,0,-1,3,0,4,10,0,9223372036800000000,1,0,10,0,0,4,0,3,1,0,0,1,0,-1,2,-1,0,0,3,2,0,1,-1,-1,-1,-1,-1,10,-1,1,1,3,-1,-1,4,0,0,1,0,0,10,0,0,0,21.05
1,0,0,0,-1,0,1,0,0,0,0,0,1,1,0,2,0,1,0,-1,1,3,0,16,200,0,9223372036800000000,120,0,10,0,0,7,0,0,1,0,0,1,0,1,2,100,0,0,4,2,0,1,-1,-1,-1,-1,1,10,-1,1,1,3,-1,-1,-1,0,0,1,0,0,10,0,0,0,24.2
1,0,0,0,-1,0,1,0,0,0,0,0,2,2,-1,0,2,2,1,-1,1,3,0,-1,50,0,9223372036800000000,30,0,10,0,0,7,0,3,1,0,0,1,1,0,2,40,0,0,1,2,0,1,-1,-1,-1,-1,0,10,-1,1,1,3,-1,-1,-1,0,0,1,0,0,10,0,0,0,43.65
1,0,0,0,-1,0,1,0,0,0,0,0,3,3,-1,0,0,-1,1,-1,-1,3,0,-1,400,0,9223372036800000000,1e+75,0,10,0,0,7,0,3,1,0,0,1,1,0,0,0,0,0,3,2,0,1,-1,-1,-1,-1,0,10,-1,1,1,3,-1,-1,-1,0,0,1,0,0,10,0,0,0,16.65
1,0,0,0,-1,0,1,3,0,0,0,0,1,1,0,2,0,1,0,-1,1,3,0,16,100,0,9223372036800000000,120,0,10,0,0,7,0,0,1,0,0,1,0,1,2,100,0,0,4,2,0,1,-1,-1,-1,-1,1,10,-1,1,1,3,-1,-1,1,0,0,1,0,0,10,0,0,0,1.79769e+308
1,0,0,0,-1,0,1,0,0,0,0,0,3,1,-1,1,2,-1,1,-1,-1,3,0,-1,100,0,9223372036800000000,60,0,10,0,0,7,0,2,1,0,0,1,1,0,3,1000,0,0,0,2,0,1,-1,-1,-1,-1,0,10,-1,1,1,3,-1,-1,-1,0,0,1,0,0,10,0,0,0,29.11
1,0,0,0,-1,0,1,0,0,0,0,0,3,2,-1,0,0,-1,1,-1,1,3,0,-1,400,0,9223372036800000000,1e+75,0,10,0,0,7,0,3,1,0,0,1,1,0,-1,0,0,0,3,2,0,1,-1,-1,-1,-1,0,10,-1,1,1,3,-1,-1,-1,0,0,1,0,0,10,0,0,0,23.72
1,0,0,0,-1,0,1,0,0,0,0,0,2,1,-1,-1,1,0,2,1,-1,3,0,-1,100,0,9223372036800000000,1e+75,0,10,0,0,7,0,0,1,0,0,1,1,0,-1,0,0,0,3,2,0,1,-1,-1,-1,-1,0,10,-1,1,1,3,-1,-1,-1,0,0,1,0,0,10,0,0,0,21.59
1,0,0,0,-1,0,1,2,0,0,0,0,2,0,-1,1,2,1,0,-1,-1,3,0,-1,50,0,9223372036800000000,1e+75,0,10,0,0,7,0,0,1,0,0,1,1,0,0,0,0,0,0,2,0,1,-1,-1,-1,-1,0,10,-1,1,1,3,-1,-1,-1,0,0,1,0,0,10,0,0,0,17.06
1,0,0,0,-1,0,1,4,0,0,0,0,-1,3,-1,2,0,1,-1,-1,2,3,0,16,10,0,9223372036800000000,30,0,10,0,0,10,0,2,1,0,0,1,0,0,-1,0,0,0,-1,2,0,1,-1,-1,-1,-1,0,10,-1,1,1,3,-1,-1,0,0,0,1,0,0,10,0,0,0,1.79769e+308
1,0,0,0,-1,0,1,0,0,0,0,0,3,1,0,2,0,1,0,-1,1,3,0,16,200,0,9223372036800000000,120,0,10,0,0,7,0,0,1,0,0,1,0,1,2,100,0,0,4,2,0,1,-1,-1,-1,-1,1,10,-1,1,1,3,-1,-1,1,0,0,1,0,0,10,0,0,0,1.79769e+308
1,0,0,0,-1,0,1,0,0,0,0,0,1,0,1,0,1,1,1,-1,0,3,0,-1,10,0,9223372036800000000,1e+75,0,10,0,0,7,0,0,1,0,0,1,1,0,0,0,0,0,0,2,0,1,-1,-1,-1,-1,0,10,-1,1,1,3,-1,-1,-1,0,0,1,0,0,10,0,0,0,23.61
1,0,0,0,-1,0,1,0,0,0,0,0,2,1,0,-1,2,1,-1,1,1,3,0,8,150,0,9223372036800000000,10,0,10,0,0,7,0,3,1,0,0,1,1,0,3,0,0,0,0,2,0,1,-1,-1,-1,-1,1,10,-1,1,1,3,-1,-1,0,0,0,1,1,0,10,0,0,0,22.3
1,0,0,0,-1,0,1,5,0,0,0,0,2,-1,0,0,-1,0,-1,0,-1,3,0,-1,25,0,9223372036800000000,1e+75,0,10,0,0,7,0,1,1,0,0,1,1,0,2,0,0,0,4,2,0,1,-1,-1,-1,-1,0,10,-1,1,1,3,-1,-1,-1,0,0,1,0,0,10,0,0,0,24.09
1,0,0,0,-1,0,1,3,0,0,0,0,1,2,-1,-1,1,-1,-1,0,1,3,0,-1,25,0,9223372036800000000,1e+75,0,10,0,0,7,0,2,1,0,0,1,1,0,0,0,0,0,2,2,0,1,-1,-1,-1,-1,0,10,-1,1,1,3,-1,-1,-1,0,0,1,0,0,10,0,0,0,36.08
1,0,0,0,-1,0,1,3,0,0,0,0,1,1,-1,0,-1,1,-1,0,2,3,0,-1,10,0,9223372036800000000,20,0,10,0,0,7,0,3,1,0,0,1,1,0,0,100,0,0,3,2,0,1,-1,-1,-1,-1,0,10,-1,1,1,3,-1,-1,-1,0,0,1,0,0,10,0,0,0,25.34
1,0,0,0,-1,0,1,0,0,0,0,0,1,1,-1,1,0,-1,2,2,2,3,0,-1,25,0,9223372036800000000,10,0,10,0,0,30,0,2,1,0,0,1,0,-1,2,100,0,0,3,2,0,1,-1,-1,-1,-1,-1,10,-1,1,1,3,-1,-1,1,0,0,1,0,0,10,0,0,0,1.79769e+308
1,0,0,0,-1,0,1,5,0,0,0,0,2,0,-1,0,-1,0,0,1,-1,3,0,-1,25,0,9223372036800000000,1e+75,0,10,0,0,7,0,0,1,0,0,1,1,0,0,0,0,0,0,2,0,1,-1,-1,-1,-1,0,10,-1,1,1,3,-1,-1,-1,0,0,1,0,0,10,0,0,0,16.03
1,0,0,0,-1,0,1,2,0,0,0,0,1,0,1,0,0,2,2,2,2,3,0,-1,50,0,9223372036800000000,1e+75,0,10,0,0,7,0,0,1,0,0,1,1,0,0,0,0,0,0,2,0,1,-1,-1,-1,-1,0,10,-1,1,1,3,-1,-1,-1,0,0,1,0,0,10,0,0,0,24.31
1,0,0,0,-1,0,1,4,0,0,0,0,-1,-1,-1,-1,2,2,-1,2,-1,3,0,-1,10,0,9223372036800000000,120,0,10,0,0,5,0,0,1,0,0,1,0,1,1,60,0,1,0,2,0,1,-1,-1,-1,-1,1,10,-1,1,1,3,-1,-1,4,0,0,1,3,0,10,0,0,0,18.44
1,0,0,0,-1,0,1,2,0,0,0,0,3,0,1,1,0,1,-1,-1,0,3,0,-1,150,0,9223372036800000000,1e+75,0,10,0,0,7,0,2,1,0,0,1,1,0,-1,0,0,0,3,2,0,1,-1,-1,-1,-1,0,10,-1,1,1,3,-1,-1,-1,0,0,1,0,0,10,0,0,0,25.73
1,0,0,0,-1,0,1,5,0,0,0,0,3,0,1,0,1,0,2,-1,0,3,0,-1,150,0,9223372036800000000,20,0,10,0,0,7,0,2,1,0,0,1,1,0,3,100,0,0,0,2,0,1,-1,-1,-1,-1,0,10,-1,1,1,3,-1,-1,-1,0,0,1,0,0,10,0,0,0,16.68
1,0,0,0,-1,0,1,5,0,0,0,0,1,-1,1,-1,0,2,1,0,-1,3,0,-1,400,0,9223372036800000000,0,0,10,0,0,7,0,3,1,0,0,1,1,0,-1,60,0,0,3,2,0,1,-1,-1,-1,-1,0,10,-1,1,1,3,-1,-1,-1,0,0,1,0,0,10,0,0,0,21.16
1,0,0,0,-1,0,1,5,0,0,0,0,-1,1,1,2,-1,1,0,-1,0,3,0,16,10,0,9223372036800000000,120,0,10,0,0,4,0,1,1,0,0,1,0,2,0,200,0,0,3,2,0,1,-1,-1,-1,-1,1,10,-1,1,1,3,-1,-1,5,0,0,1,0,0,10,0,0,0,24.86
1,0,0,0,-1,0,1,5,0,0,0,0,3,-1,-1,2,0,2,1,1,0,3,0,-1,50,0,9223372036800000000,0,0,10,0,0,7,0,3,1,0,0,1,1,0,-1,0,0,0,3,2,0,1,-1,-1,-1,-1,0,10,-1,1,1,3,-1,-1,-1,0,0,1,0,0,10,0,0,0,22.82
1,0,0,0,-1,0,1,3,0,0,0,0,1,3,-1,1,-1,2,-1,1,0,3,0,-1,200,0,9223372036800000000,1e+75,0,10,0,0,7,0,3,1,0,0,1,1,0,1,20,0,0,0,2,0,1,-1,-1,-1,-1,0,10,-1,1,1,3,-1,-1,-1,0,0,1,0,0,10,0,0,0,8.2
1,0,0,0,-1,0,1,0,0,0,0,0,3,-1,-1,2,-1,0,-1,2,-1,3,0,16,50,0,9223372036800000000,240,0,10,0,0,7,0,0,1,0,0,1,1,0,-1,-1,0,1,-1,2,0,1,-1,0,-1,-1,0,10,-1,1,1,3,-1,-1,1,0,0,1,2,0,10,0,0,0,38.1
1,0,0,0,-1,0,1,5,0,0,0,0,3,-1,-1,1,-1,2,-1,2,2,3,0,1,100,0,9223372036800000000,240,0,10,0,0,30,0,3,1,0,0,1,1,0,0,100,0,0,4,2,0,1,-1,-1,-1,-1,0,10,-1,1,1,3,-1,-1,-1,0,0,1,0,0,10,0,0,0,26.91
1,0,0,0,-1,0,1,5,0,0,0,0,3,0,1,1,0,1,-1,-1,0,3,0,-1,150,0,9223372036800000000,1e+75,0,10,0,0,7,0,2,1,0,0,1,1,0,-1,0,0,0,2,2,0,1,-1,-1,-1,-1,0,10,-1,1,1,3,-1,-1,-1,0,0,1,0,0,10,0,0,0,22.47
1,0,0,0,-1,0,1,5,0,0,0,0,3,3,1,1,1,2,2,2,0,3,0,1,25,0,9223372036800000000,60,0,10,0,0,7,0,2,1,0,0,1,0,2,3,20,0,0,0,2,0,1,-1,-1,-1,-1,-1,10,-1,1,1,3,-1,-1,3,0,0,1,0,0,10,0,0,0,26.91
1,0,0,0,-1,0,1,5,0,0,0,0,3,0,1,1,0,1,-1,-1,0,3,0,-1,10,0,9223372036800000000,1e+75,0,10,0,0,7,0,2,1,0,0,1,1,0,-1,0,0,0,3,2,0,1,-1,-1,-1,-1,0,10,-1,1,1,3,-1,-1,-1,0,0,1,0,0,10,0,0,0,21.78
1,0,0,0,-1,0,1,4,0,0,0,0,2,0,1,2,-1,2,2,0,-1,3,0,-1,400,0,9223372036800000000,1e+75,0,10,0,0,7,0,0,1,0,0,1,1,0,0,0,0,0,0,2,0,1,-1,-1,-1,-1,0,10,-1,1,1,3,-1,-1,-1,0,0,1,0,0,10,0,0,0,25.12
1,0,0,0,-1,0,1,0,0,0,0,0,0,0,0,0,0,0,0,-1,0,3,0,-1,400,0,9223372036800000000,1e+75,0,10,0,0,7,0,0,1,0,0,1,1,0,0,0,0,0,0,2,0,1,-1,-1,-1,-1,0,10,-1,1,1,3,-1,-1,-1,0,0,1,0,0,10,0,0,0,32.3
1,0,0,0,-1,0,1,5,0,0,0,0,3,0,1,-1,0,1,-1,-1,0,3,0,-1,150,0,9223372036800000000,1e+75,0,10,0,0,7,0,2,1,0,0,1,1,0,-1,0,0,0,3,2,0,1,-1,-1,-1,-1,0,10,-1,1,1,3,-1,-1,-1,0,0,1,0,0,10,0,0,0,24.4
1,0,0,0,-1,0,1,3,0,0,0,0,3,3,1,2,1,2,2,2,0,3,0,4,25,0,9223372036800000000,60,0,10,0,0,7,0,2,1,0,0,1,0,2,3,20,0,0,0,2,0,1,-1,-1,-1,-1,-1,10,-1,1,1,3,-1,-1,3,0,0,1,0,0,10,0,0,0,23.9
1,0,0,0,-1,0,1,0,0,0,0,0,0,1,1,1,-1,-1,1,1,1,3,0,-1,150,0,9223372036800000000,1e+75,0,10,0,0,7,0,1,1,0,0,1,1,0,2,0,0,0,2,2,0,1,-1,-1,-1,-1,0,10,-1,1,1,3,-1,-1,-1,0,0,1,0,0,10,0,0,0,48.45
1,0,0,0,-1,0,1,4,0,0,0,0,-1,3,-1,2,-1,1,-1,-1,2,3,0,16,50,0,9223372036800000000,30,0,10,0,0,10,0,2,1,0,0,1,0,0,-1,0,0,0,-1,2,0,1,-1,-1,-1,-1,0,10,-1,1,1,3,-1,-1,0,0,0,1,0,0,10,0,0,0,33.36
1,0,0,0,-1,0,1,4,0,0,0,0,-1,3,-1,2,-1,-1,-1,1,2,3,0,16,50,0,9223372036800000000,30,0,10,0,0,10,0,2,1,0,0,1,0,0,-1,0,0,0,-1,2,0,1,-1,-1,-1,-1,0,10,-1,1,1,3,-1,-1,0,0,0,1,0,0,10,0,0,0,43.76
1,0,0,0,-1,0,1,5,0,0,0,0,1,-1,1,1,0,1,2,0,-1,3,0,-1,150,0,9223372036800000000,1e+75,0,10,0,0,7,0,3,1,0,0,1,1,0,3,0,0,0,1,2,0,1,-1,-1,-1,-1,0,10,-1,1,1,3,-1,-1,-1,0,0,1,0,0,10,0,0,0,56.85
1,0,0,0,-1,0,1,2,0,0,0,0,2,-1,-1,2,2,-1,0,2,-1,3,0,8,25,0,9223372036800000000,50,0,10,0,0,5,0,1,1,0,0,1,0,0,0,500,0,0,0,2,0,1,-1,-1,-1,-1,0,10,-1,1,1,3,-1,-1,5,0,0,1,4,0,10,0,0,0,19.77
1,0,0,0,-1,0,1,5,0,0,0,0,3,3,1,2,0,0,1,-1,-1,3,0,-1,200,0,9223372036800000000,1e+75,0,10,0,0,7,0,2,1,0,0,1,1,0,-1,0,0,0,2,2,0,1,-1,-1,-1,-1,0,10,-1,1,1,3,-1,-1,-1,0,0,1,0,0,10,0,0,0,24.11
1,0,0,0,-1,0,1,5,0,0,0,0,1,3,0,2,0,2,2,1,2,3,0,2,400,0,9223372036800000000,50,0,10,0,0,0,0,3,1,0,0,1,1,1,1,1000,0,0,3,2,0,1,-1,-1,-1,-1,1,10,-1,1,1,3,-1,-1,4,0,0,1,0,0,10,0,0,0,23.96
1,0,0,0,-1,0,1,5,0,0,0,0,3,3,1,2,0,0,1,-1,-1,3,0,-1,400,0,9223372036800000000,1e+75,0,10,0,0,7,0,2,1,0,0,1,1,0,-1,0,0,0,2,2,0,1,-1,-1,-1,-1,0,10,-1,1,1,3,-1,-1,-1,0,0,1,0,0,10,0,0,0,24.11
1,0,0,0,-1,0,1,0,0,0,0,0,2,3,0,2,1,1,1,0,0,3,0,-1,400,0,9223372036800000000,1e+75,0,10,0,0,7,0,3,1,0,0,1,1,0,0,0,0,0,3,2,0,1,-1,-1,-1,-1,0,10,-1,1,1,3,-1,-1,-1,0,0,1,0,0,10,0,0,0,26.38
1,0,0,0,-1,0,1,0,0,0,0,0,2,3,0,1,1,1,1,-1,0,3,0,-1,400,0,9223372036800000000,1e+75,0,10,0,0,7,0,3,1,0,0,1,1,0,0,0,0,0,3,2,0,1,-1,-1,-1,-1,0,10,-1,1,1,3,-1,-1,-1,0,0,1,0,0,10,0,0,0,17.85
1,0,0,0,-1,0,1,5,0,0,0,0,3,3,1,2,1,2,2,2,0,3,0,1,25,0,9223372036800000000,60,0,10,0,0,7,0,2,1,0,0,1,0,2,3,40,0,0,0,2,0,1,-1,-1,-1,-1,-1,10,-1,1,1,3,-1,-1,3,0,0,1,0,0,10,0,0,0,26.91
1,0,0,0,-1,0,1,0,0,0,0,0,0,0,0,0,0,0,0,0,0,3,0,-1,400,0,9223372036800000000,1e+75,0,10,0,0,7,0,2,1,0,0,1,1,0,0,0,0,0,0,2,0,1,-1,-1,-1,-1,0,10,-1,1,1,3,-1,-1,-1,0,0,1,0,0,10,0,0,0,25.36
1,0,0,0,-1,0,1,5,0,0,0,0,-1,0,1,2,1,1,1,-1,0,3,0,4,200,0,9223372036800000000,1e+75,0,10,0,0,5,0,2,1,0,0,1,0,2,1,20,0,0,1,2,0,1,-1,-1,-1,-1,-1,10,-1,1,1,3,-1,-1,3,0,0,1,3,0,10,0,0,0,22.1
1,0,0,0,-1,0,1,0,0,0,0,0,3,3,0,2,1,1,1,-1,0,3,0,-1,400,0,9223372036800000000,1e+75,0,10,0,0,7,0,3,1,0,0,1,1,0,0,0,0,0,3,2,0,1,-1,-1,-1,-1,0,10,-1,1,1,3,-1,-1,-1,0,0,1,0,0,10,0,0,0,17.85
1,0,0,0,-1,0,1,0,0,0,0,0,2,3,0,2,1,1,2,-1,0,3,0,-1,400,0,9223372036800000000,1e+75,0,10,0,0,7,0,3,1,0,0,1,1,0,0,0,0,0,3,2,0,1,-1,-1,-1,-1,0,10,-1,1,1,3,-1,-1,-1,0,0,1,0,0,10,0,0,0,17.85
1,0,0,0,-1,0,1,0,0,0,0,0,-1,3,0,-1,-1,1,2,-1,0,3,0,16,800,0,9223372036800000000,1e+75,0,10,0,0,10,0,3,1,0,0,1,0,3,1,-1,0,2,3,2,0,1,-1,-1,-1,-1,1,10,-1,1,1,3,-1,-1,5,0,0,1,3,0,10,0,0,0,23.36
1,0,0,0,-1,0,1,4,0,0,0,0,2,0,0,2,-1,2,2,0,2,3,0,-1,25,0,9223372036800000000,1e+75,0,10,0,0,7,0,0,1,0,0,1,1,0,0,0,0,0,0,2,0,1,-1,-1,-1,-1,0,10,-1,1,1,3,-1,-1,-1,0,0,1,0,0,10,0,0,0,19.44
1,0,0,0,-1,0,1,0,0,0,0,0,1,0,-1,1,-1,-1,0,-1,1,3,0,-1,50,0,9223372036800000000,1e+75,0,10,0,0,7,0,0,1,0,0,1,1,0,0,0,0,0,0,2,0,1,-1,-1,-1,-1,0,10,-1,1,1,3,-1,-1,-1,0,0,1,0,0,10,0,0,0,32.18
1,0,0,0,-1,0,1,5,0,0,0,0,0,1,0,1,2,2,0,2,2,3,0,-1,100,0,9223372036800000000,1e+75,0,10,0,0,7,0,0,1,0,0,1,1,0,1,0,0,0,0,2,0,1,-1,-1,-1,-1,0,10,-1,1,1,3,-1,-1,-1,0,0,1,0,0,10,0,0,0,18.56
1,0,0,0,-1,0,1,2,0,0,0,0,1,3,0,0,0,2,0,0,2,3,0,-1,10,0,9223372036800000000,1e+75,0,10,0,0,7,0,2,1,0,0,1,1,0,0,0,0,0,3,2,0,1,-1,-1,-1,-1,0,10,-1,1,1,3,-1,-1,-1,0,0,1,0,0,10,0,0,0,24.03
1,0,0,0,-1,0,1,0,0,0,0,0,2,1,-1,-1,1,0,2,1,-1,3,0,-1,50,0,9223372036800000000,1e+75,0,10,0,0,7,0,0,1,0,0,1,1,0,0,0,0,0,3,2,0,1,-1,-1,-1,-1,0,10,-1,1,1,3,-1,-1,-1,0,0,1,0,0,10,0,0,0,25.95
1,0,0,0,-1,0,1,0,0,0,0,0,2,1,-1,-1,1,1,2,1,-1,3,0,-1,50,0,9223372036800000000,1e+75,0,10,0,0,7,0,0,1,0,0,1,1,0,-1,0,0,0,3,2,0,1,-1,-1,-1,-1,0,10,-1,1,1,3,-1,-1,-1,0,0,1,0,0,10,0,0,0,22.92
1,0,0,0,-1,0,1,5,0,0,0,0,3,3,1,2,0,0,1,-1,-1,3,0,-1,200,0,9223372036800000000,1e+75,0,10,0,0,7,0,2,1,0,0,1,1,0,-1,0,0,0,1,2,0,1,-1,-1,-1,-1,0,10,-1,1,1,3,-1,-1,-1,0,0,1,0,0,10,0,0,0,28.59
1,0,0,0,-1,0,1,0,0,0,0,0,2,2,-1,0,2,2,-1,-1,1,3,0,-1,50,0,9223372036800000000,0,0,10,0,0,7,0,3,1,0,0,1,1,0,2,40,0,0,1,2,0,1,-1,-1,-1,-1,0,10,-1,1,1,3,-1,-1,-1,0,0,1,0,0,10,0,0,0,49.29
1,0,0,0,-1,0,1,0,0,0,0,0,2,1,-1,-1,1,0,2,1,-1,3,0,-1,400,0,9223372036800000000,1e+75,0,10,0,0,7,0,0,1,0,0,1,1,0,-1,0,0,0,2,2,0,1,-1,-1,-1,-1,0,10,-1,1,1,3,-1,-1,-1,0,0,1,0,0,10,0,0,0,32.21
1,0,0,0,-1,0,1,3,0,0,0,0,1,3,-1,1,-1,2,-1,1,0,3,0,-1,200,0,9223372036800000000,1e+75,0,10,0,0,7,0,3,1,0,0,1,1,0,1,20,0,0,0,2,0,1,-1,-1,-1,-1,0,40,-1,1,1,3,-1,-1,-1,0,0,1,2,0,10,0,0,0,8.13
1,0,0,0,-1,0,1,0,0,0,0,0,0,0,-1,0,0,0,0,0,0,3,0,-1,400,0,9223372036800000000,1e+75,0,10,0,0,7,0,0,1,0,0,1,1,0,0,0,0,0,0,2,0,1,-1,-1,-1,-1,0,10,-1,1,1,3,-1,-1,-1,0,0,1,0,0,10,0,0,0,13.49
1,0,0,0,-1,0,1,5,0,0,0,0,3,0,-1,-1,2,0,1,-1,0,3,0,-1,200,0,9223372036800000000,1e+75,0,10,0,0,7,0,0,1,0,0,1,1,0,0,0,0,0,0,2,0,1,-1,-1,-1,-1,0,10,-1,1,1,3,-1,-1,-1,0,0,1,0,0,10,0,0,0,26.5
1,0,0,0,-1,0,1,3,0,0,0,0,1,3,-1,1,-1,2,-1,1,0,3,0,-1,200,0,9223372036800000000,1e+75,0,10,0,0,7,0,0,1,0,0,3,1,0,1,0,0,0,0,2,0,1,-1,-1,-1,-1,0,10,-1,1,1,3,-1,-1,-1,0,0,1,0,0,10,0,0,0,16.62
1,0,0,0,-1,0,1,5,0,0,0,0,2,1,1,1,-1,1,1,0,0,3,0,4,10,0,9223372036800000000,1,0,10,0,0,4,0,3,1,0,0,1,0,-1,2,-1,0,0,3,2,0,1,-1,-1,-1,-1,-1,10,-1,1,1,3,-1,-1,4,0,0,1,0,0,10,0,0,0,21.05
1,0,0,0,-1,0,1,3,0,0,0,0,1,3,-1,1,-1,2,-1,1,0,3,0,-1,200,0,9223372036800000000,1e+75,0,10,0,0,7,0,0,1,0,0,2,1,0,1,0,0,0,0,2,0,1,-1,-1,-1,-1,0,10,-1,1,1,3,-1,-1,-1,0,0,1,0,0,10,0,0,0,26.98
1,0,0,0,-1,0,1,3,0,0,0,0,1,3,-1,1,-1,2,-1,1,0,3,0,-1,200,0,9223372036800000000,1e+75,0,10,0,0,7,0,0,1,0,0,0,1,0,1,0,0,0,0,2,0,1,-1,-1,-1,-1,0,10,-1,1,1,3,-1,-1,-1,0,0,1,0,0,10,0,0,0,19.44
1,0,0,0,-1,0,1,0,0,0,0,0,3,-1,1,2,-1,2,-1,0,-1,3,0,-1,400,0,9223372036800000000,1e+75,0,10,0,0,7,0,3,1,0,0,1,1,0,1,0,0,0,3,2,0,1,-1,-1,-1,-1,0,10,-1,1,1,3,-1,-1,-1,0,0,1,0,0,10,0,0,0,19.18
1,0,0,0,-1,0,1,0,0,0,0,0,-1,-1,1,-1,-1,0,-1,1,0,3,0,4,400,0,9223372036800000000,40,0,10,0,0,4,0,3,1,0,0,1,0,1,-1,100,0,0,4,2,0,1,-1,-1,-1,-1,1,10,-1,1,1,3,-1,-1,-1,0,0,1,3,0,10,0,0,0,1.79769e+308
1,0,0,0,-1,0,1,5,0,0,0,0,-1,0,-1,-1,2,0,1,1,0,3,0,-1,10,0,9223372036800000000,1e+75,0,10,0,0,7,0,0,1,0,0,1,1,0,0,0,0,0,0,2,0,1,-1,-1,-1,-1,0,10,-1,1,1,3,-1,-1,-1,0,0,1,0,0,10,0,0,0,19.4
1,0,0,0,-1,0,1,0,0,0,0,0,3,-1,-1,2,-1,2,2,-1,-1,3,0,8,150,0,9223372036800000000,20,0,10,0,0,3,0,3,1,0,0,1,1,3,0,0,0,0,3,2,0,1,-1,-1,-1,-1,-1,10,-1,1,1,3,-1,-1,0,0,0,1,0,0,10,0,0,0,18.52
1,0,0,0,-1,0,1,3,0,0,0,0,1,3,-1,1,-1,2,-1,1,0,3,0,-1,200,0,9223372036800000000,1e+75,0,10,0,0,7,0,0,1,0,0,1,1,0,1,0,0,0,4,2,0,1,-1,-1,-1,-1,0,10,-1,1,1,3,-1,-1,-1,0,0,1,0,0,10,0,0,0,8.54
1,0,0,0,-1,0,1,2,0,0,0,0,1,0,1,0,0,0,2,-1,2,3,0,-1,50,0,9223372036800000000,1e+75,0,10,0,0,7,0,0,1,0,0,1,1,0,0,0,0,0,0,2,0,1,-1,-1,-1,-1,0,10,-1,1,1,3,-1,-1,-1,0,0,1,0,0,10,0,0,0,32.33
1,0,0,0,-1,0,1,0,0,0,0,0,2,1,-1,1,-1,2,0,-1,2,3,0,-1,10,0,9223372036800000000,10,0,10,0,0,30,0,3,1,0,0,1,1,3,1,40,0,0,4,2,0,1,-1,-1,-1,-1,-1,10,-1,1,1,3,-1,-1,4,0,0,1,0,0,10,0,0,0,32.95
1,0,0,0,-1,0,1,3,0,0,0,0,1,3,-1,1,-1,2,-1,1,0,3,0,-1,200,0,9223372036800000000,1e+75,0,10,0,0,7,0,0,1,0,0,1,1,0,1,0,0,0,1,2,0,1,-1,-1,-1,-1,0,10,-1,1,1,3,-1,-1,-1,0,0,1,0,0,10,0,0,0,1.79769e+308
1,0,0,0,-1,0,1,3,0,0,0,0,1,3,-1,1,-1,2,-1,1,0,3,0,-1,200,0,9223372036800000000,30,0,10,0,0,7,0,3,1,0,0,1,1,0,1,0,0,0,0,2,0,1,-1,-1,-1,-1,0,10,-1,1,1,3,-1,-1,-1,0,0,1,0,0,10,0,0,0,8.53
1,0,0,0,-1,0,1,3,0,0,0,0,0,2,-1,2,0,1,1,2,-1,3,0,-1,50,0,9223372036800000000,1e+75,0,10,0,0,7,0,0,1,0,0,1,1,0,3,0,0,0,0,2,0,1,-1,-1,-1,-1,0,10,-1,1,1,3,-1,-1,-1,0,0,1,0,0,10,0,0,0,12.94
1,0,0,0,-1,0,1,1,0,0,0,0,3,1,-1,-1,2,2,1,2,0,3,0,1,400,0,9223372036800000000,2,0,10,0,0,3,0,2,1,0,0,1,1,0,-1,500,0,4,-1,2,0,1,-1,1,-1,-1,0,10,-1,1,1,3,-1,-1,-1,0,0,1,5,0,10,0,0,0,39.91
1,0,0,0,-1,0,1,0,0,0,0,0,1,1,0,2,0,1,0,-1,1,3,0,16,200,0,9223372036800000000,0,0,10,0,0,7,0,0,1,0,0,1,0,1,2,100,0,0,4,2,0,1,-1,-1,-1,-1,1,10,-1,1,1,3,-1,-1,1,0,0,1,0,0,10,0,0,0,26.07
1,0,0,0,-1,0,1,0,0,0,0,0,3,-1,-1,2,-1,2,2,-1,-1,3,0,16,150,0,9223372036800000000,60,0,10,0,0,3,0,3,1,0,0,1,1,3,0,0,0,0,3,2,0,1,-1,-1,-1,-1,-1,10,-1,1,1,3,-1,-1,0,0,0,1,0,0,10,0,0,0,18.52
1,0,0,0,-1,0,1,0,0,0,0,0,3,-1,1,-1,0,-1,2,0,1,3,0,16,10,0,9223372036800000000,120,0,10,0,0,5,0,2,1,0,0,1,0,3,-1,20,0,0,2,2,0,1,-1,-1,-1,-1,0,10,-1,1,1,3,-1,-1,3,0,0,1,3,0,10,0,0,0,26.97
1,0,0,0,-1,0,1,2,0,0,0,0,2,-1,1,-1,1,1,2,-1,2,3,0,-1,100,0,9223372036800000000,1e+75,0,10,0,0,7,0,0,1,0,0,1,1,0,2,0,0,0,0,2,0,1,-1,-1,-1,-1,0,10,-1,1,1,3,-1,-1,-1,0,0,1,0,0,10,0,0,0,31.48
1,0,0,0,-1,0,1,3,0,0,0,0,1,3,-1,1,-1,2,-1,1,0,3,0,-1,200,0,9223372036800000000,1e+75,0,10,0,0,7,0,3,1,0,0,1,0,0,1,20,0,0,0,2,0,1,-1,-1,-1,-1,0,10,-1,1,1,3,-1,-1,-1,0,0,1,0,0,10,0,0,0,8.2
1,0,0,0,-1,0,1,2,0,0,0,0,1,-1,1,-1,-1,1,2,-1,2,3,0,-1,100,0,9223372036800000000,1e+75,0,10,0,0,7,0,0,1,0,0,1,1,0,2,0,0,0,0,2,0,1,-1,-1,-1,-1,0,10,-1,1,1,3,-1,-1,-1,0,0,1,0,0,10,0,0,0,33.99
1,0,0,0,-1,0,1,3,0,0,0,0,2,-1,1,2,-1,-1,-1,0,-1,3,0,8,25,0,9223372036800000000,5,0,10,0,0,10,0,3,1,0,0,1,0,2,3,0,0,3,3,2,0,1,-1,-1,-1,-1,1,10,-1,1,1,3,-1,-1,5,0,0,1,5,0,10,0,0,0,20.93
1,0,0,0,-1,0,1,0,0,0,0,0,0,0,0,0,0,0,1,0,0,3,0,-1,400,0,9223372036800000000,1e+75,0,10,0,0,7,0,0,1,0,0,1,1,0,0,0,0,0,0,2,0,1,-1,-1,-1,-1,0,10,-1,1,1,3,-1,-1,-1,0,0,1,0,0,10,0,0,0,31.77
1,0,0,0,-1,0,1,5,0,0,0,0,-1,0,-1,-1,1,0,2,0,2,3,0,1,10,0,9223372036800000000,10,0,10,0,0,5,0,1,1,0,0,1,1,-1,-1,1000,0,0,-1,2,0,1,-1,-1,-1,-1,-1,10,-1,1,1,3,-1,-1,2,0,0,1,0,0,10,0,0,0,1.79769e+308
1,0,0,0,-1,0,1,0,0,0,0,0,3,-1,1,1,-1,2,1,0,-1,3,0,-1,400,0,9223372036800000000,1e+75,0,10,0,0,7,0,3,1,0,0,1,1,0,1,0,0,0,3,2,0,1,-1,-1,-1,-1,0,10,-1,1,1,3,-1,-1,-1,0,0,1,0,0,10,0,0,0,19.18
1,0,0,0,-1,0,1,2,0,0,0,0,-1,2,1,-1,2,0,0,2,-1,3,0,-1,200,0,9223372036800000000,40,0,10,0,0,7,0,2,1,0,0,1,1,0,0,1000,0,0,3,2,0,1,-1,-1,-1,-1,0,10,-1,1,1,3,-1,-1,-1,0,0,1,0,0,10,0,0,0,23.84
1,0,0,0,-1,0,1,0,0,0,0,0,2,0,1,2,-1,2,2,0,2,3,0,-1,25,0,9223372036800000000,1e+75,0,10,0,0,7,0,0,1,0,0,1,1,0,0,0,0,0,0,2,0,1,-1,-1,-1,-1,0,10,-1,1,1,3,-1,-1,-1,0,0,1,0,0,10,0,0,0,31.52
1,0,0,0,-1,0,1,0,0,0,0,0,0,0,0,0,0,0,0,0,0,3,0,-1,200,0,9223372036800000000,1e+75,0,10,0,0,7,0,0,1,0,0,1,1,0,0,0,0,0,0,2,0,1,-1,-1,-1,-1,0,10,-1,1,1,3,-1,-1,-1,0,0,1,0,0,10,0,0,0,29.88
1,0,0,0,-1,0,1,0,0,0,0,0,3,1,0,2,1,-1,-1,0,-1,3,0,-1,150,0,9223372036800000000,1e+75,0,10,0,0,7,0,0,1,0,0,1,1,0,2,0,0,0,0,2,0,1,-1,-1,-1,-1,0,10,-1,1,1,3,-1,-1,-1,0,0,1,0,0,10,0,0,0,33.26
1,0,0,0,-1,0,1,2,0,0,0,0,1,2,1,0,-1,-1,2,2,0,3,0,-1,400,0,9223372036800000000,30,0,10,0,0,5,0,0,1,0,0,1,0,1,2,100,0,3,0,2,0,1,-1,-1,-1,-1,-1,10,-1,1,1,3,-1,-1,2,0,0,1,0,0,10,0,0,0,1.79769e+308
1,0,0,0,-1,0,1,3,0,0,0,0,0,2,-1,2,0,1,1,2,-1,3,0,-1,150,0,9223372036800000000,1e+75,0,10,0,0,7,0,0,1,0,0,1,1,0,3,0,0,0,0,2,0,1,-1,-1,-1,-1,0,10,-1,1,1,3,-1,-1,-1,0,0,1,0,0,10,0,0,0,14.75
1,0,0,0,-1,0,1,5,0,0,0,0,-1,1,1,2,-1,-1,-1,-1,0,3,0,16,10,0,9223372036800000000,120,0,10,0,0,4,0,1,1,0,0,1,0,2,0,200,0,0,3,2,0,1,-1,-1,-1,-1,1,10,-1,1,1,3,-1,-1,5,0,0,1,0,0,10,0,0,0,26.78
1,0,0,0,-1,0,1,5,0,0,0,0,3,3,1,2,1,-1,2,2,0,3,0,1,25,0,9223372036800000000,60,0,10,0,0,7,0,2,1,0,0,1,0,2,3,20,0,0,0,2,0,1,-1,-1,-1,-1,-1,10,-1,1,1,3,-1,-1,3,0,0,1,0,0,10,0,0,0,26.91
1,0,0,0,-1,0,1,3,0,0,0,0,1,3,-1,1,-1,2,1,1,0,3,0,-1,200,0,9223372036800000000,1e+75,0,10,0,0,7,0,0,1,0,0,1,1,0,1,0,0,0,0,2,0,1,-1,-1,-1,-1,0,10,-1,1,1,3,-1,-1,-1,0,0,1,0,0,10,0,0,0,8.54
1,0,0,0,-1,0,1,2,0,0,0,0,0,2,1,-1,2,0,0,2,-1,3,0,-1,100,0,9223372036800000000,40,0,10,0,0,7,0,2,1,0,0,1,1,0,0,1000,0,0,3,2,0,1,-1,-1,-1,-1,0,10,-1,1,1,3,-1,-1,-1,0,0,1,0,0,10,0,0,0,21.68
1,0,0,0,-1,0,1,5,0,0,0,0,-1,1,1,2,-1,1,-1,-1,0,3,0,16,10,0,9223372036800000000,120,0,10,0,0,4,0,1,1,0,0,1,0,-1,0,200,0,0,3,2,0,1,-1,-1,-1,-1,1,10,-1,1,1,3,-1,-1,5,0,0,1,0,0,10,0,0,0,24.23
1,0,0,0,-1,0,1,3,0,0,0,0,1,3,-1,1,-1,2,-1,1,0,3,0,-1,200,0,9223372036800000000,1e+75,0,10,0,0,7,0,3,1,0,0,1,1,1,1,20,0,0,0,2,0,1,-1,-1,-1,-1,0,10,-1,1,1,3,-1,-1,-1,0,0,1,0,0,10,0,0,0,9.05
1,0,0,0,-1,0,1,0,0,0,0,0,3,3,1,2,0,1,2,1,0,3,0,-1,800,0,9223372036800000000,1e+75,0,10,0,0,7,0,0,1,0,0,1,1,0,2,0,0,0,0,2,0,1,-1,-1,-1,-1,0,10,-1,1,1,3,-1,-1,-1,0,0,1,0,0,10,0,0,0,26.28
1,0,0,0,-1,0,1,0,0,0,0,0,1,1,0,2,0,1,0,-1,1,3,0,16,200,0,9223372036800000000,20,0,10,0,0,7,0,0,1,0,0,1,0,1,2,100,0,0,4,2,0,1,-1,-1,-1,-1,1,10,-1,1,1,3,-1,-1,1,0,0,1,0,0,10,0,0,0,24.2
1,0,0,0,-1,0,1,3,0,0,0,0,1,1,-1,1,-1,2,-1,1,0,3,0,-1,200,0,9223372036800000000,1e+75,0,10,0,0,7,0,0,1,0,0,1,1,0,1,0,0,0,0,2,0,1,-1,-1,-1,-1,0,10,-1,1,1,3,-1,-1,-1,0,0,1,0,0,10,0,0,0,17.48
1,0,0,0,-1,0,1,0,0,0,0,0,1,0,1,0,1,2,1,-1,0,3,0,-1,10,0,9223372036800000000,1e+75,0,10,0,0,7,0,0,1,0,0,1,1,0,0,0,0,0,0,2,0,1,-1,-1,-1,-1,0,10,-1,1,1,3,-1,-1,-1,0,0,1,0,0,10,0,0,0,30.08
1,0,0,0,-1,0,1,4,0,0,0,0,1,0,0,1,2,1,1,2,0,3,0,-1,50,0,9223372036800000000,10,0,10,0,0,15,0,2,1,0,0,1,1,3,2,-1,0,0,4,2,0,1,-1,-1,-1,-1,-1,10,-1,1,1,3,-1,-1,2,0,0,1,3,0,10,0,0,0,12.51
1,0,0,0,-1,0,1,5,0,0,0,0,1,2,-1,0,1,0,2,0,-1,3,0,-1,800,0,9223372036800000000,1e+75,0,10,0,0,7,0,0,1,0,0,1,1,0,1,0,0,0,0,2,0,1,-1,-1,-1,-1,0,10,-1,1,1,3,-1,-1,-1,0,0,1,0,0,10,0,0,0,18.06
1,0,0,0,-1,0,1,0,0,0,0,0,2,0,0,2,1,1,1,-1,0,3,0,-1,400,0,9223372036800000000,1e+75,0,10,0,0,7,0,3,1,0,0,1,1,0,0,0,0,0,3,2,0,1,-1,-1,-1,-1,0,10,-1,1,1,3,-1,-1,-1,0,0,1,0,0,10,0,0,0,17.85
1,0,0,0,-1,0,1,5,0,0,0,0,1,1,-1,0,1,0,1,0,-1,3,0,-1,800,0,9223372036800000000,1e+75,0,10,0,0,7,0,0,1,0,0,1,1,0,1,0,0,0,0,2,0,1,-1,-1,-1,-1,0,10,-1,1,1,3,-1,-1,-1,0,0,1,0,0,10,0,0,0,18.14
1,0,0,0,-1,0,1,5,0,0,0,0,3,0,1,0,1,-1,2,-1,0,3,0,-1,150,0,9223372036800000000,240,0,10,0,0,7,0,2,1,0,0,1,1,0,3,100,0,0,3,2,0,1,-1,-1,-1,-1,0,10,-1,1,1,3,-1,-1,-1,0,0,1,0,0,10,0,0,0,25.1
1,0,0,0,-1,0,1,5,0,0,0,0,2,3,1,2,0,0,1,1,-1,3,0,-1,200,0,9223372036800000000,1e+75,0,10,0,0,7,0,2,1,0,0,1,1,0,-1,0,0,0,2,2,0,1,-1,-1,-1,-1,0,10,-1,1,1,3,-1,-1,-1,0,0,1,0,0,10,0,0,0,19.82
1,0,0,0,-1,0,1,0,0,0,0,0,2,-1,1,2,2,0,2,0,2,3,0,-1,10,0,9223372036800000000,1e+75,0,10,0,0,7,0,0,1,0,0,1,1,0,1,0,0,0,2,2,0,1,-1,-1,-1,-1,0,10,-1,1,1,3,-1,-1,-1,0,0,1,0,0,10,0,0,0,35.13
1,0,0,0,-1,0,1,0,0,0,0,0,1,0,-1,1,2,-1,2,2,-1,3,0,-1,150,0,9223372036800000000,1e+75,0,10,0,0,7,0,0,1,0,0,1,1,0,0,0,0,0,0,2,0,1,-1,-1,-1,-1,0,10,-1,1,1,3,-1,-1,-1,0,0,1,0,0,10,0,0,0,27.38
1,0,0,0,-1,0,1,5,0,0,0,0,1,1,-1,2,1,0,2,0,-1,3,0,-1,800,0,9223372036800000000,1e+75,0,10,0,0,7,0,0,1,0,0,1,1,0,1,0,0,0,0,2,0,1,-1,-1,-1,-1,0,10,-1,1,1,3,-1,-1,-1,0,0,1,0,0,10,0,0,0,19.85
1,0,0,0,-1,0,1,0,0,0,0,0,2,2,-1,0,2,-1,-1,-1,1,3,0,-1,50,0,9223372036800000000,30,0,10,0,0,7,0,3,1,0,0,1,1,0,2,60,0,0,1,2,0,1,-1,-1,-1,-1,0,10,-1,1,1,3,-1,-1,-1,0,0,1,0,0,10,0,0,0,1.79769e+308
1,0,0,0,-1,0,1,3,0,0,0,0,1,3,-1,1,-1,2,-1,1,0,3,0,-1,200,0,9223372036800000000,120,0,10,0,0,7,0,3,1,0,0,1,1,0,1,0,0,0,0,2,0,1,-1,-1,-1,-1,0,10,-1,1,1,3,-1,-1,-1,0,0,1,0,0,10,0,0,0,8.53
1,0,0,0,-1,0,1,5,0,0,0,0,0,1,-1,0,0,0,0,-1,2,3,0,-1,50,0,9223372036800000000,1e+75,0,10,0,0,7,0,0,1,0,0,1,1,0,-1,0,0,0,0,2,0,1,-1,-1,-1,-1,0,10,-1,1,1,3,-1,-1,-1,0,0,1,0,0,10,0,0,0,15.21
1,0,0,0,-1,0,1,3,0,0,0,0,1,1,-1,-1,2,0,-1,-1,2,3,0,4,150,0,9223372036800000000,20,0,10,0,0,0,0,1,1,0,0,1,1,2,3,40,0,2,0,2,0,1,-1,-1,-1,-1,-1,10,-1,1,1,3,-1,-1,-1,0,0,1,0,0,10,0,0,0,14
1,0,0,0,-1,0,1,3,0,0,0,0,1,3,-1,1,-1,2,-1,1,0,3,0,-1,200,0,9223372036800000000,1e+75,0,10,0,0,7,0,3,1,0,0,1,1,0,1,20,0,0,0,2,0,1,-1,-1,-1,-1,0,10,-1,1,1,3,-1,-1,-1,0,0,-1,2,0,10,0,0,0,8.13
1,0,0,0,-1,0,1,5,0,0,0,0,0,1,-1,1,1,0,0,-1,2,3,0,-1,50,0,9223372036800000000,1e+75,0,10,0,0,7,0,0,1,0,0,1,1,0,-1,0,0,0,0,2,0,1,-1,-1,-1,-1,0,10,-1,1,1,3,-1,-1,-1,0,0,1,0,0,10,0,0,0,17.74
1,0,0,0,-1,0,1,5,0,0,0,0,2,1,1,1,-1,1,1,0,-1,3,0,4,10,0,9223372036800000000,1,0,10,0,0,4,0,3,1,0,0,1,0,-1,2,1000,0,0,3,2,0,1,-1,-1,-1,-1,-1,10,-1,1,1,3,-1,-1,4,0,0,1,0,0,10,0,0,0,21.05
1,0,0,0,-1,0,1,5,0,0,0,0,0,1,-1,0,-1,0,0,-1,2,3,0,-1,50,0,9223372036800000000,1e+75,0,10,0,0,7,0,0,1,0,0,1,1,0,-1,0,0,0,0,2,0,1,-1,-1,-1,-1,0,10,-1,1,1,3,-1,-1,-1,0,0,1,0,0,10,0,0,0,15.21
1,0,0,0,-1,0,1,5,0,0,0,0,3,-1,0,1,-1,2,-1,1,2,3,0,1,100,0,9223372036800000000,240,0,10,0,0,30,0,3,1,0,0,1,1,0,0,100,0,0,4,2,0,1,-1,-1,-1,-1,0,10,-1,1,1,3,-1,-1,-1,0,0,1,0,0,10,0,0,0,26.91
1,0,0,0,-1,0,1,0,0,0,0,0,0,1,-1,0,1,0,0,-1,2,3,0,-1,50,0,9223372036800000000,1e+75,0,10,0,0,7,0,0,1,0,0,1,1,0,-1,0,0,0,0,2,0,1,-1,-1,-1,-1,0,10,-1,1,1,3,-1,-1,-1,0,0,1,0,0,10,0,0,0,19.34
1,0,0,0,-1,0,1,3,0,0,0,0,1,3,-1,1,-1,2,-1,1,0,3,0,-1,200,0,9223372036800000000,1e+75,0,10,0,0,15,0,3,1,0,0,1,1,0,1,20,0,0,0,2,0,1,-1,-1,-1,-1,0,10,-1,1,1,3,-1,-1,-1,0,0,1,0,0,10,0,0,0,8.2
1,0,0,0,-1,0,1,5,0,0,0,0,2,-1,0,2,-1,0,-1,0,-1,3,0,-1,100,0,9223372036800000000,1e+75,0,10,0,0,7,0,1,1,0,0,1,1,0,2,0,0,0,4,2,0,1,-1,-1,-1,-1,0,10,-1,1,1,3,-1,-1,-1,0,0,1,0,0,10,0,0,0,18.92
1,0,0,0,-1,0,1,5,0,0,0,0,-1,0,-1,-1,-1,0,0,1,-1,3,0,-1,25,0,9223372036800000000,1e+75,0,10,0,0,7,0,0,1,0,0,1,1,0,0,0,0,0,0,2,0,1,-1,-1,-1,-1,0,10,-1,1,1,3,-1,-1,-1,0,0,1,0,0,10,0,0,0,16.03
1,0,0,0,-1,0,1,5,0,0,0,0,-1,1,1,2,-1,1,-1,-1,0,3,0,16,10,0,9223372036800000000,120,0,10,0,0,4,0,1,1,0,0,1,0,2,0,500,0,0,3,2,0,1,-1,-1,-1,-1,1,10,-1,1,1,3,-1,-1,5,0,0,1,0,0,10,0,0,0,24.23
1,0,0,0,-1,0,1,2,0,0,0,0,3,3,1,-1,2,-1,-1,-1,-1,3,0,-1,100,0,9223372036800000000,60,0,10,0,0,7,0,3,1,0,0,1,1,0,3,20,0,0,0,2,0,1,-1,-1,-1,-1,0,10,-1,1,1,3,-1,-1,-1,0,0,1,0,0,10,0,0,0,15.56
1,0,0,0,-1,0,1,1,0,0,0,0,-1,0,-1,0,0,1,1,0,1,3,0,-1,800,0,9223372036800000000,1e+75,0,10,0,0,7,0,0,1,0,0,1,1,0,0,0,0,0,0,2,0,1,-1,-1,-1,-1,0,10,-1,1,1,3,-1,-1,-1,0,0,1,0,0,10,0,0,0,44.47
1,0,0,0,-1,0,1,2,0,0,0,0,2,2,1,-1,0,1,-1,0,-1,3,0,-1,25,0,9223372036800000000,1e+75,0,10,0,0,7,0,0,1,0,0,1,1,0,2,0,0,0,0,2,0,1,-1,-1,-1,-1,0,10,-1,1,1,3,-1,-1,-1,0,0,1,0,0,10,0,0,0,31.81
1,0,0,0,-1,0,1,3,0,0,0,0,1,1,-1,-1,-1,1,2,0,2,3,0,-1,10,0,9223372036800000000,20,0,10,0,0,7,0,3,1,0,0,1,1,0,0,100,0,0,3,2,0,1,-1,-1,-1,-1,0,10,-1,1,1,3,-1,-1,-1,0,0,1,0,0,10,0,0,0,25.59
1,0,0,0,-1,0,1,2,0,0,0,0,1,2,1,0,-1,-1,1,2,0,3,0,-1,400,0,9223372036800000000,240,0,10,0,0,5,0,0,1,0,0,1,0,1,2,100,0,3,0,2,0,1,-1,-1,-1,-1,-1,10,-1,1,1,3,-1,-1,2,0,0,1,0,0,10,0,0,0,1.79769e+308
1,0,0,0,-1,0,1,2,0,0,0,0,2,2,1,-1,0,-1,-1,0,-1,3,0,-1,25,0,9223372036800000000,1e+75,0,10,0,0,7,0,0,1,0,0,1,1,0,2,0,0,0,0,2,0,1,-1,-1,-1,-1,0,10,-1,1,1,3,-1,-1,-1,0,0,1,0,0,10,0,0,0,20.17
1,0,0,0,-1,0,1,0,0,0,0,0,2,-1,1,2,2,0,2,0,2,3,0,-1,10,0,9223372036800000000,1e+75,0,10,0,0,7,0,3,1,0,0,1,1,0,1,0,0,0,-1,2,0,1,-1,-1,-1,-1,0,10,-1,1,1,3,-1,-1,-1,0,0,1,0,0,10,0,0,0,44.36
1,0,0,0,-1,0,1,1,0,0,0,0,2,0,1,0,0,-1,0,-1,1,3,0,-1,25,0,9223372036800000000,1e+75,0,10,0,0,7,0,0,1,0,0,1,1,0,0,0,0,0,0,2,0,1,-1,-1,-1,-1,0,10,-1,1,1,3,-1,-1,-1,0,0,1,0,0,10,0,0,0,1.79769e+308
1,0,0,0,-1,0,1,4,0,0,0,0,-1,3,-1,2,-1,-1,-1,-1,2,3,0,16,50,0,9223372036800000000,120,0,10,0,0,10,0,2,1,0,0,1,0,0,-1,0,0,0,-1,2,0,1,-1,-1,-1,-1,0,10,-1,1,1,3,-1,-1,0,0,0,1,0,0,10,0,0,0,38.78
1,0,0,0,-1,0,1,3,0,0,0,0,-1,1,1,0,1,0,0,1,-1,3,0,-1,200,0,9223372036800000000,1e+75,0,10,0,0,7,0,0,1,0,0,1,1,0,2,0,0,0,0,2,0,1,-1,-1,-1,-1,0,10,-1,1,1,3,-1,-1,-1,0,0,1,0,0,10,0,0,0,15.19
1,0,0,0,-1,0,1,3,0,0,0,0,3,-1,-1,1,-1,-1,1,-1,0,3,0,-1,150,0,9223372036800000000,1e+75,0,10,0,0,7,0,0,1,0,0,1,1,0,0,0,0,0,0,2,0,1,-1,-1,-1,-1,0,10,-1,1,1,3,-1,-1,-1,0,0,1,0,0,10,0,0,0,24.09
1,0,0,0,-1,0,1,2,0,0,0,0,2,2,0,1,2,0,2,2,-1,3,0,-1,50,0,9223372036800000000,1e+75,0,10,0,0,7,0,1,1,0,0,1,1,0,0,1000,0,0,1,2,0,1,-1,-1,-1,-1,0,10,-1,1,1,3,-1,-1,-1,0,0,1,0,0,10,0,0,0,32.5
1,0,0,0,-1,0,1,3,0,0,0,0,3,0,-1,1,1,-1,1,-1,0,3,0,-1,150,0,9223372036800000000,1e+75,0,10,0,0,7,0,0,1,0,0,1,1,0,0,0,0,0,0,2,0,1,-1,-1,-1,-1,0,10,-1,1,1,3,-1,-1,-1,0,0,1,0,0,10,0,0,0,13.08
1,0,0,0,-1,0,1,3,0,0,0,0,1,3,-1,1,-1,2,-1,1,0,3,0,-1,200,0,9223372036800000000,1e+75,0,10,0,0,7,0,3,1,0,0,1,1,0,1,20,0,0,0,2,0,1,-1,-1,-1,-1,1,10,-1,1,1,3,-1,-1,-1,0,0,1,0,0,10,0,0,0,1.79769e+308
1,0,0,0,-1,0,1,1,0,0,0,0,3,0,1,0,0,-1,-1,1,2,3,0,-1,200,0,9223372036800000000,1,0,10,0,0,5,0,3,1,0,0,1,1,1,2,20,0,0,2,2,0,1,-1,-1,-1,-1,-1,10,-1,1,1,3,-1,-1,3,0,0,1,0,0,10,0,0,0,22.52
1,0,0,0,-1,0,1,3,0,0,0,0,1,2,-1,2,0,0,2,-1,-1,3,0,8,800,0,9223372036800000000,2,0,10,0,0,0,0,0,1,0,0,1,1,0,1,100,0,5,-1,2,0,1,-1,-1,-1,-1,-1,10,-1,1,1,3,-1,-1,1,0,0,1,0,0,10,0,0,0,1.79769e+308
1,0,0,0,-1,0,1,0,0,0,0,0,2,3,0,2,1,1,1,-1,0,3,0,-1,400,0,9223372036800000000,1e+75,0,10,0,0,7,0,3,1,0,0,1,1,0,0,0,0,0,3,2,0,1,-1,-1,-1,-1,0,10,-1,1,1,3,-1,-1,-1,0,0,1,0,0,10,0,0,0,17.85
1,0,0,0,-1,0,1,0,0,0,0,0,1,2,1,-1,-1,0,1,-1,1,3,0,-1,800,0,9223372036800000000,50,0,10,0,0,7,0,2,1,0,0,1,1,0,2,500,0,0,3,2,0,1,-1,-1,-1,-1,0,10,-1,1,1,3,-1,-1,-1,0,0,1,0,0,10,0,0,0,18.76
1,0,0,0,-1,0,1,3,0,0,0,0,3,0,-1,1,-1,-1,1,-1,0,3,0,-1,150,0,9223372036800000000,1e+75,0,10,0,0,7,0,0,1,0,0,1,1,0,0,0,0,0,0,2,0,1,-1,-1,-1,-1,0,10,-1,1,1,3,-1,-1,-1,0,0,1,0,0,10,0,0,0,13.28
1,0,0,0,-1,0,1,3,0,0,0,0,3,3,1,2,1,2,2,2,0,3,0,1,25,0,9223372036800000000,1e+75,0,10,0,0,7,0,2,1,0,0,1,0,2,3,20,0,0,0,2,0,1,-1,-1,-1,-1,-1,10,-1,1,1,3,-1,-1,3,0,0,1,0,0,10,0,0,0,16.44
1,0,0,0,-1,0,1,0,0,0,0,0,2,2,-1,0,2,2,-1,-1,0,3,0,-1,50,0,9223372036800000000,0,0,10,0,0,7,0,3,1,0,0,1,1,0,2,40,0,0,1,2,0,1,-1,-1,-1,-1,0,10,-1,1,1,3,-1,-1,-1,0,0,1,0,0,10,0,0,0,49.29
1,0,0,0,-1,0,1,2,0,0,0,0,2,0,-1,1,2,-1,0,-1,1,3,0,-1,50,0,9223372036800000000,1e+75,0,10,0,0,7,0,0,1,0,0,1,1,0,0,0,0,0,0,2,0,1,-1,-1,-1,-1,0,10,-1,1,1,3,-1,-1,-1,0,0,1,0,0,10,0,0,0,25.02
1,0,0,0,-1,0,1,3,0,0,0,0,1,3,-1,1,-1,2,-1,1,0,3,0,-1,200,0,9223372036800000000,1e+75,0,10,0,0,7,0,3,1,1000,0,1,1,0,1,20,0,0,0,2,0,1,-1,-1,-1,-1,0,10,-1,1,1,3,-1,-1,-1,0,0,1,0,0,10,0,0,0,9.29
1,0,0,0,-1,0,1,0,0,0,0,0,2,0,-1,1,2,-1,0,-1,0,3,0,-1,50,0,9223372036800000000,1e+75,0,10,0,0,7,0,0,1,0,0,1,1,0,0,0,0,0,0,2,0,1,-1,-1,-1,-1,0,10,-1,1,1,3,-1,-1,-1,0,0,1,0,0,10,0,0,0,25.34
1,0,0,0,-1,0,1,5,0,0,0,0,-1,0,1,2,1,1,1,-1,0,3,0,4,10,0,9223372036800000000,1e+75,0,10,0,0,5,0,2,1,0,0,1,0,2,1,20,0,0,1,2,0,1,-1,-1,-1,-1,-1,10,-1,1,1,3,-1,-1,3,0,0,1,3,0,10,0,0,0,22.06
1,0,0,0,-1,0,1,0,0,0,0,0,1,-1,-1,1,-1,1,1,1,1,3,0,2,150,0,9223372036800000000,240,0,10,0,0,0,0,0,1,0,0,1,1,1,-1,100,0,0,0,2,0,1,-1,-1,-1,-1,-1,10,-1,1,1,3,-1,-1,3,0,0,1,0,0,10,0,0,0,20.99
1,0,0,0,-1,0,1,1,0,0,0,0,-1,0,-1,2,2,2,2,1,-1,3,0,-1,100,0,9223372036800000000,1e+75,0,10,0,0,7,0,0,1,0,0,1,1,0,0,0,0,0,0,2,0,1,-1,-1,-1,-1,0,10,-1,1,1,3,-1,-1,-1,0,0,1,0,0,10,0,0,0,36.32
1,0,0,0,-1,0,1,5,0,0,0,0,1,3,0,-1,0,2,2,1,2,3,0,2,400,0,9223372036800000000,50,0,10,0,0,0,0,3,1,0,0,1,1,1,1,60,0,0,3,2,0,1,-1,-1,-1,-1,1,10,-1,1,1,3,-1,-1,4,0,0,1,0,0,10,0,0,0,24.38
1,0,0,0,-1,0,1,5,0,0,0,0,3,0,-1,-1,2,0,2,1,0,3,0,-1,10,0,9223372036800000000,1e+75,0,10,0,0,7,0,0,1,0,0,1,1,0,0,0,0,0,0,2,0,1,-1,-1,-1,-1,0,10,-1,1,1,3,-1,-1,-1,0,0,1,0,0,10,0,0,0,19.4
1,0,0,0,-1,0,1,2,0,0,0,0,0,2,1,-1,2,0,0,2,-1,3,0,-1,200,0,9223372036800000000,240,0,10,0,0,7,0,2,1,0,0,1,1,0,0,1000,0,0,3,2,0,1,-1,-1,-1,-1,0,10,-1,1,1,3,-1,-1,-1,0,0,1,0,0,10,0,0,0,23.84
1,0,0,0,-1,0,1,2,0,0,0,0,3,2,-1,0,0,-1,1,-1,-1,3,0,-1,400,0,9223372036800000000,1e+75,0,10,0,0,7,0,3,1,0,0,1,1,0,0,0,0,0,3,2,0,1,-1,-1,-1,-1,0,10,-1,1,1,3,-1,-1,-1,0,0,1,0,0,10,0,0,0,33.77
1,0,0,0,-1,0,1,3,0,0,0,0,2,2,0,1,-1,-1,-1,-1,1,3,0,-1,150,0,9223372036800000000,1e+75,0,10,0,0,7,0,0,1,0,0,1,1,0,-1,0,0,0,0,2,0,1,-1,-1,-1,-1,0,10,-1,1,1,3,-1,-1,-1,0,0,1,0,0,10,0,0,0,1.79769e+308
1,0,0,0,-1,0,1,0,0,0,0,0,0,0,0,0,0,0,0,0,0,3,0,-1,400,0,9223372036800000000,1e+75,0,10,0,0,7,0,3,1,0,0,1,1,0,0,0,0,0,0,2,0,1,-1,-1,-1,-1,0,10,-1,1,1,3,-1,-1,-1,0,0,1,0,0,10,0,0,0,31.74
1,0,0,0,-1,0,1,5,0,0,0,0,3,0,-1,2,2,0,1,1,0,3,0,-1,10,0,9223372036800000000,1e+75,0,10,0,0,7,0,0,1,0,0,1,1,0,0,0,0,0,0,2,0,1,-1,-1,-1,-1,0,10,-1,1,1,3,-1,-1,-1,0,0,1,0,0,10,0,0,0,19.45
1,0,0,0,-1,0,1,3,0,0,0,0,0,2,-1,2,0,1,1,2,0,3,0,-1,150,0,9223372036800000000,1e+75,0,10,0,0,7,0,0,1,0,0,1,1,0,3,0,0,0,0,2,0,1,-1,-1,-1,-1,0,10,-1,1,1,3,-1,-1,-1,0,0,1,0,0,10,0,0,0,14.75
1,0,0,0,-1,0,1,3,0,0,0,0,1,1,-1,0,-1,1,2,0,2,3,0,-1,10,0,9223372036800000000,30,0,10,0,0,7,0,3,1,0,0,1,1,0,0,100,0,0,3,2,0,1,-1,-1,-1,-1,0,10,-1,1,1,3,-1,-1,-1,0,0,1,0,0,10,0,0,0,25.34
1,0,0,0,-1,0,1,5,0,0,0,0,3,0,1,1,0,1,2,-1,0,3,0,-1,150,0,9223372036800000000,1e+75,0,10,0,0,7,0,2,1,0,0,1,1,0,-1,0,0,0,3,2,0,1,-1,-1,-1,-1,0,10,-1,1,1,3,-1,-1,-1,0,0,1,0,0,10,0,0,0,20.69
1,0,0,0,-1,0,1,0,0,0,0,0,1,1,1,-1,-1,0,1,-1,1,3,0,-1,400,0,9223372036800000000,50,0,10,0,0,7,0,2,1,0,0,1,1,0,2,500,0,0,3,2,0,1,-1,-1,-1,-1,0,10,-1,1,1,3,-1,-1,-1,0,0,1,0,0,10,0,0,0,18.87
1,0,0,0,-1,0,1,5,0,0,0,0,3,0,-1,-1,2,0,-1,1,0,3,0,-1,10,0,9223372036800000000,1e+75,0,10,0,0,7,0,0,1,0,0,1,1,0,0,0,0,0,0,2,0,1,-1,-1,-1,-1,0,10,-1,1,1,3,-1,-1,-1,0,0,1,0,0,10,0,0,0,19.4
1,0,0,0,-1,0,1,0,0,0,0,0,-1,0,0,2,0,1,-1,0,2,3,0,-1,800,0,9223372036800000000,1e+75,0,10,0,0,7,0,0,1,0,0,1,1,0,0,0,0,0,0,2,0,1,-1,-1,-1,-1,0,10,-1,1,1,3,-1,-1,-1,0,0,1,0,0,10,0,0,0,19.15
1,0,0,0,-1,0,1,0,0,0,0,0,2,0,-1,1,2,-1,1,-1,1,3,0,-1,50,0,9223372036800000000,1e+75,0,10,0,0,7,0,0,1,0,0,1,1,0,0,0,0,0,0,2,0,1,-1,-1,-1,-1,0,10,-1,1,1,3,-1,-1,-1,0,0,1,0,0,10,0,0,0,26.82
1,0,0,0,-1,0,1,4,0,0,0,0,0,2,1,1,2,-1,2,1,1,3,0,-1,100,0,9223372036800000000,1e+75,0,10,0,0,7,0,0,1,0,0,1,1,0,0,0,0,0,0,2,0,1,-1,-1,-1,-1,0,10,-1,1,1,3,-1,-1,-1,0,0,1,0,0,10,0,0,0,23.39
1,0,0,0,-1,0,1,0,0,0,0,0,-1,0,0,2,0,1,-1,0,2,3,0,-1,10,0,9223372036800000000,1e+75,0,10,0,0,7,0,0,1,0,0,1,1,0,0,0,0,0,0,2,0,1,-1,-1,-1,-1,0,10,-1,1,1,3,-1,-1,-1,0,0,1,0,0,10,0,0,0,27.14
1,0,0,0,-1,0,1,0,0,0,0,0,1,-1,-1,1,-1,1,1,1,1,3,0,2,150,0,9223372036800000000,2,0,10,0,0,0,0,2,1,0,0,1,1,1,-1,100,0,0,0,2,0,1,-1,-1,-1,-1,-1,10,-1,1,1,3,-1,-1,3,0,0,1,0,0,10,0,0,0,17.6
1,0,0,0,-1,0,1,4,0,0,0,0,-1,0,-1,0,2,2,2,2,0,3,0,-1,50,0,9223372036800000000,1e+75,0,10,0,0,7,0,0,1,0,0,1,1,0,0,0,0,0,0,2,0,1,-1,-1,-1,-1,0,10,-1,1,1,3,-1,-1,-1,0,0,1,0,0,10,0,0,0,25.12
1,0,0,0,-1,0,1,3,0,0,0,0,2,0,1,2,2,2,-1,1,0,3,0,-1,25,0,9223372036800000000,1e+75,0,10,0,0,7,0,0,1,0,0,1,1,0,0,0,0,0,0,2,0,1,-1,-1,-1,-1,0,10,-1,1,1,3,-1,-1,-1,0,0,1,0,0,10,0,0,0,20.86
1,0,0,0,-1,0,1,5,0,0,0,0,3,3,1,2,1,2,2,2,0,3,0,1,25,0,9223372036800000000,60,0,10,0,0,7,0,2,1,0,0,1,0,2,3,20,0,0,0,2,0,1,-1,-1,-1,-1,-1,10,-1,1,1,3,-1,-1,5,0,0,1,0,0,10,0,0,0,26.91
1,0,0,0,-1,0,1,5,0,0,0,0,1,1,1,2,-1,-1,-1,-1,0,3,0,16,10,0,9223372036800000000,120,0,10,0,0,4,0,1,1,0,0,1,0,2,0,200,0,0,3,2,0,1,-1,-1,-1,-1,1,10,-1,1,1,3,-1,-1,5,0,0,1,0,0,10,0,0,0,26.78
1,0,0,0,-1,0,1,5,0,0,0,0,-1,0,1,-1,1,1,1,-1,0,3,0,4,10,0,9223372036800000000,1e+75,0,10,0,0,5,0,2,1,0,0,1,0,2,1,20,0,0,1,2,0,1,-1,-1,-1,-1,-1,10,-1,1,1,3,-1,-1,3,0,0,1,3,0,10,0,0,0,22.85
1,0,0,0,-1,0,1,5,0,0,0,0,0,2,0,0,-1,1,1,-1,1,3,0,-1,800,0,9223372036800000000,1e+75,0,10,0,0,7,0,1,1,0,0,1,1,0,-1,0,0,0,1,2,0,1,-1,-1,-1,-1,0,10,-1,1,1,3,-1,-1,-1,0,0,1,0,0,10,0,0,0,28.25
1,0,0,0,-1,0,1,0,0,0,0,0,1,-1,-1,1,-1,1,1,1,1,3,0,2,150,0,9223372036800000000,240,0,10,0,0,0,0,2,1,0,0,1,1,1,-1,200,0,0,0,2,0,1,-1,-1,-1,-1,-1,10,-1,1,1,3,-1,-1,3,0,0,1,0,0,10,0,0,0,20.96
1,0,0,0,-1,0,1,4,0,0,0,0,-1,0,1,2,0,0,0,1,1,3,0,-1,100,0,9223372036800000000,240,0,10,0,0,3,0,0,1,0,0,1,1,0,1,40,0,0,0,2,0,1,-1,0,-1,-1,-1,10,-1,1,1,3,-1,-1,1,0,0,1,2,0,10,0,0,0,14.44
1,0,0,0,-1,0,1,1,0,0,0,0,3,-1,0,1,0,1,2,2,0,3,0,-1,150,0,9223372036800000000,1e+75,0,10,0,0,7,0,0,1,0,0,1,1,0,0,0,0,0,0,2,0,1,-1,-1,-1,-1,0,10,-1,1,1,3,-1,-1,-1,0,0,1,0,0,10,0,0,0,28.33
1,0,0,0,-1,0,1,0,0,0,0,0,2,1,0,-1,2,-1,-1,1,1,3,0,8,150,0,9223372036800000000,10,0,10,0,0,7,0,3,1,0,0,1,1,0,3,0,0,0,0,2,0,1,-1,-1,-1,-1,1,10,-1,1,1,3,-1,-1,0,0,0,1,1,0,10,0,0,0,1.79769e+308
1,0,0,0,-1,0,1,2,0,0,0,0,3,3,1,-1,2,0,-1,-1,-1,3,0,-1,100,0,9223372036800000000,60,0,10,0,0,7,0,3,1,0,0,1,1,0,3,20,0,0,0,2,0,1,-1,-1,-1,-1,0,10,-1,1,1,3,-1,-1,-1,0,0,1,0,0,10,0,0,0,30.31
1,0,0,0,-1,0,1,5,0,0,0,0,3,0,-1,-1,2,0,1,-1,0,3,0,-1,10,0,9223372036800000000,1e+75,0,10,0,0,7,0,0,1,0,0,1,1,0,0,0,0,0,0,2,0,1,-1,-1,-1,-1,0,10,-1,1,1,3,-1,-1,-1,0,0,1,0,0,10,0,0,0,21.26
1,0,0,0,-1,0,1,0,0,0,0,0,2,0,1,-1,1,0,2,0,-1,3,0,16,200,0,9223372036800000000,30,0,10,0,0,30,0,0,1,0,0,1,0,1,-1,100,0,0,-1,2,0,1,-1,-1,-1,-1,-1,10,-1,1,1,3,-1,-1,5,0,0,1,0,0,10,0,0,0,30.34
1,0,0,0,-1,0,1,5,0,0,0,0,3,-1,0,1,-1,2,2,2,2,3,0,1,100,0,9223372036800000000,240,0,10,0,0,30,0,3,1,0,0,1,1,0,0,100,0,0,4,2,0,1,-1,-1,-1,-1,0,10,-1,1,1,3,-1,-1,-1,0,0,1,0,0,10,0,0,0,26.91
1,0,0,0,-1,0,1,0,0,0,0,0,-1,0,0,1,-1,2,-1,2,2,3,0,1,100,0,9223372036800000000,240,0,10,0,0,30,0,3,1,0,0,1,1,0,0,100,0,0,4,2,0,1,-1,-1,-1,-1,0,10,-1,1,1,3,-1,-1,-1,0,0,1,0,0,10,0,0,0,38.46
1,0,0,0,-1,0,1,0,0,0,0,0,3,0,0,0,0,0,0,0,0,3,0,-1,400,0,9223372036800000000,1e+75,0,10,0,0,7,0,0,1,0,0,1,1,0,0,0,0,0,0,2,0,1,-1,-1,-1,-1,0,10,-1,1,1,3,-1,-1,-1,0,0,1,0,0,10,0,0,0,29.18
1,0,0,0,-1,0,1,4,0,0,0,0,0,2,1,1,2,-1,-1,2,-1,3,0,-1,100,0,9223372036800000000,1e+75,0,10,0,0,7,0,0,1,0,0,1,1,0,0,0,0,0,0,2,0,1,-1,-1,-1,-1,0,10,-1,1,1,3,-1,-1,-1,0,0,1,0,0,10,0,0,0,23.79
1,0,0,0,-1,0,1,0,0,0,0,0,2,1,-1,1,-1,2,0,-1,-1,3,0,-1,10,0,9223372036800000000,10,0,10,0,0,30,0,3,1,0,0,1,1,3,1,500,0,0,4,2,0,1,-1,-1,-1,-1,-1,10,-1,1,1,3,-1,-1,4,0,0,1,0,0,10,0,0,0,17.6
1,0,0,0,-1,0,1,2,0,0,0,0,3,0,0,1,-1,-1,1,0,2,3,0,-1,10,0,9223372036800000000,1e+75,0,10,0,0,7,0,0,1,0,0,1,1,0,0,0,0,0,0,2,0,1,-1,-1,-1,-1,0,10,-1,1,1,3,-1,-1,-1,0,0,1,0,0,10,0,0,0,30.66
1,0,0,0,-1,0,1,0,0,0,0,0,2,2,-1,0,2,2,-1,-1,1,3,0,-1,50,0,9223372036800000000,0,0,10,0,0,7,0,3,1,0,0,1,1,0,2,200,0,0,1,2,0,1,-1,-1,-1,-1,0,10,-1,1,1,3,-1,-1,-1,0,0,1,0,0,10,0,0,0,49.29
1,0,0,0,-1,0,1,3,0,0,0,0,3,-1,1,1,1,-1,2,1,0,3,0,-1,10,0,9223372036800000000,1e+75,0,10,0,0,7,0,3,1,0,0,1,1,0,-1,0,0,0,-1,2,0,1,-1,-1,-1,-1,0,10,-1,1,1,3,-1,-1,-1,0,0,1,0,0,10,0,0,0,1.79769e+308
1,0,0,0,-1,0,1,2,0,0,0,0,2,0,1,2,1,-1,-1,2,0,3,0,-1,25,0,9223372036800000000,1e+75,0,10,0,0,7,0,0,1,0,0,1,1,0,0,0,0,0,0,2,0,1,-1,-1,-1,-1,0,10,-1,1,1,3,-1,-1,-1,0,0,1,0,0,10,0,0,0,27.87
1,0,0,0,-1,0,1,2,0,0,0,0,1,0,1,2,0,1,2,1,2,3,0,-1,10,0,9223372036800000000,40,0,10,0,0,7,0,3,1,0,0,1,1,0,-1,40,0,0,-1,2,0,1,-1,-1,-1,-1,0,10,-1,1,1,3,-1,-1,-1,0,0,1,0,0,10,0,0,0,41.85
1,0,0,0,-1,0,1,3,0,0,0,0,-1,-1,1,1,2,-1,2,-1,1,3,0,1,10,0,9223372036800000000,240,0,10,0,0,5,0,3,1,0,0,1,0,0,1,100,0,0,-1,2,0,1,-1,-1,-1,-1,1,10,-1,1,1,3,-1,-1,3,0,0,1,0,0,10,0,0,0,1.79769e+308
1,0,0,0,-1,0,1,0,0,0,0,0,2,1,-1,1,-1,2,-1,-1,2,3,0,-1,10,0,9223372036800000000,10,0,10,0,0,30,0,3,1,0,0,1,1,3,1,500,0,0,4,2,0,1,-1,-1,-1,-1,-1,10,-1,1,1,3,-1,-1,4,0,0,1,0,0,10,0,0,0,17.6
1,0,0,0,-1,0,1,2,0,0,0,0,2,2,0,1,2,0,2,2,-1,3,0,-1,50,0,9223372036800000000,1e+75,0,10,0,0,7,0,1,1,0,0,1,1,0,-1,1000,0,0,1,2,0,1,-1,-1,-1,-1,0,10,-1,1,1,3,-1,-1,-1,0,0,1,0,0,10,0,0,0,31.55
1,0,0,0,-1,0,1,3,0,0,0,0,1,2,0,1,-1,2,0,1,2,3,0,-1,400,0,9223372036800000000,1e+75,0,10,0,0,7,0,3,1,0,0,1,1,0,0,0,0,0,3,2,0,1,-1,-1,-1,-1,0,10,-1,1,1,3,-1,-1,-1,0,0,1,0,0,10,0,0,0,19.73
1,0,0,0,-1,0,1,1,0,0,0,0,0,0,-1,0,0,1,1,2,1,3,0,-1,25,0,9223372036800000000,1e+75,0,10,0,0,7,0,0,1,0,0,1,1,0,0,0,0,0,0,2,0,1,-1,-1,-1,-1,0,10,-1,1,1,3,-1,-1,-1,0,0,1,0,0,10,0,0,0,16.85
1,0,0,0,-1,0,1,5,0,0,0,0,1,1,0,1,1,-1,2,1,2,3,0,-1,10,0,9223372036800000000,120,0,10,0,0,7,0,2,1,0,0,1,1,0,-1,60,0,0,4,2,0,1,-1,-1,-1,-1,0,10,-1,1,1,3,-1,-1,-1,0,0,1,0,0,10,0,0,0,17.56
1,0,0,0,-1,0,1,0,0,0,0,0,2,2,0,1,-1,2,0,1,2,3,0,-1,400,0,9223372036800000000,1e+75,0,10,0,0,7,0,3,1,0,0,1,1,0,0,0,0,0,3,2,0,1,-1,-1,-1,-1,0,10,-1,1,1,3,-1,-1,-1,0,0,1,0,0,10,0,0,0,18.55
1,0,0,0,-1,0,1,5,0,0,0,0,0,0,-1,0,-1,1,0,2,2,3,0,-1,50,0,9223372036800000000,1e+75,0,10,0,0,7,0,0,1,0,0,1,1,0,0,0,0,0,0,2,0,1,-1,-1,-1,-1,0,10,-1,1,1,3,-1,-1,-1,0,0,1,0,0,10,0,0,0,19.08
1,0,0,0,-1,0,1,4,0,0,0,0,2,0,1,2,1,2,2,0,2,3,0,-1,25,0,9223372036800000000,1e+75,0,10,0,0,7,0,0,1,0,0,1,1,0,0,0,0,0,0,2,0,1,-1,-1,-1,-1,0,10,-1,1,1,3,-1,-1,-1,0,0,1,0,0,10,0,0,0,19.44
1,0,0,0,-1,0,1,2,0,0,0,0,1,0,-1,1,2,1,2,2,-1,3,0,-1,150,0,9223372036800000000,1e+75,0,10,0,0,7,0,0,1,0,0,1,1,0,0,0,0,0,0,2,0,1,-1,-1,-1,-1,0,10,-1,1,1,3,-1,-1,-1,0,0,1,0,0,10,0,0,0,32.21
1,0,0,0,-1,0,1,4,0,0,0,0,2,0,-1,2,-1,2,2,0,2,3,0,-1,25,0,9223372036800000000,1e+75,0,10,0,0,7,0,0,1,0,0,1,1,0,0,0,0,0,0,2,0,1,-1,-1,-1,-1,0,10,-1,1,1,3,-1,-1,-1,0,0,1,0,0,10,0,0,0,19.44
1,0,0,0,-1,0,1,0,0,0,0,0,2,1,-1,1,-1,2,0,-1,2,3,0,-1,10,0,9223372036800000000,5,0,10,0,0,30,0,3,1,0,0,1,1,3,1,500,0,0,4,2,0,1,-1,-1,-1,-1,-1,10,-1,1,1,3,-1,-1,4,0,0,1,0,0,10,0,0,0,17.6
1,0,0,0,-1,0,1,0,0,0,0,0,2,1,0,-1,2,1,-1,1,1,3,0,8,150,0,9223372036800000000,10,0,10,0,0,7,0,3,1,0,0,1,1,0,3,0,0,0,0,2,0,1,-1,-1,-1,-1,1,10,-1,1,1,3,-1,-1,0,0,0,1,5,0,10,0,0,0,1.79769e+308
1,0,0,0,-1,0,1,0,0,0,0,0,1,0,-1,1,2,-1,2,2,2,3,0,-1,150,0,9223372036800000000,1e+75,0,10,0,0,7,0,0,1,0,0,1,1,0,0,0,0,0,0,2,0,1,-1,-1,-1,-1,0,10,-1,1,1,3,-1,-1,-1,0,0,1,0,0,10,0,0,0,27.38
1,0,0,0,-1,0,1,3,0,0,0,0,2,0,0,2,1,-1,-1,1,0,3,0,-1,25,0,9223372036800000000,1e+75,0,10,0,0,7,0,0,1,0,0,1,1,0,0,0,0,0,0,2,0,1,-1,-1,-1,-1,0,10,-1,1,1,3,-1,-1,-1,0,0,1,0,0,10,0,0,0,13.42
1,0,0,0,-1,0,1,5,0,0,0,0,2,1,1,1,-1,0,1,1,-1,3,0,4,10,0,9223372036800000000,1,0,10,0,0,4,0,3,1,0,0,1,0,-1,2,-1,0,0,3,2,0,1,-1,-1,-1,-1,-1,10,-1,1,1,3,-1,-1,4,0,0,1,0,0,10,0,0,0,20.47
1,0,0,0,-1,0,1,5,0,0,0,0,3,0,-1,-1,0,0,1,1,0,3,0,-1,10,0,9223372036800000000,1e+75,0,10,0,0,7,0,0,1,0,0,1,1,0,0,0,0,0,0,2,0,1,-1,-1,-1,-1,0,10,-1,1,1,3,-1,-1,-1,0,0,1,0,0,10,0,0,0,19.4
1,0,0,0,-1,0,1,2,0,0,0,0,0,2,1,-1,2,0,0,2,-1,3,0,-1,200,0,9223372036800000000,40,0,10,0,0,7,0,2,1,0,0,1,1,0,0,1000,0,0,-1,2,0,1,-1,-1,-1,-1,0,10,-1,1,1,3,-1,-1,-1,0,0,1,0,0,10,0,0,0,28.14
1,0,0,0,-1,0,1,0,0,0,0,0,-1,0,0,2,0,1,-1,0,2,3,0,-1,150,0,9223372036800000000,1e+75,0,10,0,0,7,0,0,1,0,0,1,1,0,0,0,0,0,0,2,0,1,-1,-1,-1,-1,0,10,-1,1,1,3,-1,-1,-1,0,0,1,0,0,10,0,0,0,25.5
1,0,0,0,-1,0,1,5,0,0,0,0,2,1,-1,-1,1,0,2,1,-1,3,0,-1,50,0,9223372036800000000,1e+75,0,10,0,0,7,0,0,1,0,0,1,1,0,-1,0,0,0,3,2,0,1,-1,-1,-1,-1,0,10,-1,1,1,3,-1,-1,-1,0,0,1,0,0,10,0,0,0,27.02
1,0,0,0,-1,0,1,3,0,0,0,0,1,3,-1,1,-1,2,-1,1,0,3,0,-1,200,0,9223372036800000000,1e+75,0,10,0,0,7,0,3,1,0,0,1,1,0,1,0,0,0,0,2,0,1,-1,-1,-1,-1,0,10,-1,1,1,3,-1,-1,-1,0,0,1,0,0,10,0,0,0,8.53
1,0,0,0,-1,0,1,0,0,0,0,0,1,0,1,0,1,1,1,-1,0,3,0,-1,25,0,9223372036800000000,1e+75,0,10,0,0,7,0,0,1,0,0,1,1,0,0,0,0,0,0,2,0,1,-1,-1,-1,-1,0,10,-1,1,1,3,-1,-1,-1,0,0,1,0,0,10,0,0,0,32.89
1,0,0,0,-1,0,1,0,0,0,0,0,3,1,-1,2,-1,2,2,-1,-1,3,0,8,150,0,9223372036800000000,60,0,10,0,0,3,0,3,1,0,0,1,1,3,0,0,0,0,3,2,0,1,-1,-1,-1,-1,-1,10,-1,1,1,3,-1,-1,0,0,0,1,0,0,10,0,0,0,18.52
1,0,0,0,-1,0,1,5,0,0,0,0,2,0,1,-1,-1,0,0,1,-1,3,0,-1,25,0,9223372036800000000,1e+75,0,10,0,0,7,0,0,1,0,0,1,1,0,0,0,0,0,0,2,0,1,-1,-1,-1,-1,0,10,-1,1,1,3,-1,-1,-1,0,0,1,0,0,10,0,0,0,16.03
1,0,0,0,-1,0,1,4,0,0,0,0,2,0,1,2,-1,2,2,1,2,3,0,-1,25,0,9223372036800000000,1e+75,0,10,0,0,7,0,0,1,0,0,1,1,0,0,0,0,0,0,2,0,1,-1,-1,-1,-1,0,10,-1,1,1,3,-1,-1,-1,0,0,1,0,0,10,0,0,0,25.39
1,0,0,0,-1,0,1,0,0,0,0,0,3,-1,1,2,1,-1,2,0,1,3,0,16,10,0,9223372036800000000,120,0,10,0,0,5,0,2,1,0,0,1,0,3,-1,20,0,0,2,2,0,1,-1,-1,-1,-1,1,10,-1,1,1,3,-1,-1,3,0,0,1,3,0,10,0,0,0,25.15
1,0,0,0,-1,0,1,0,0,0,0,0,0,0,0,0,0,0,0,0,0,3,0,-1,800,0,9223372036800000000,1e+75,0,10,0,0,7,0,0,1,0,0,1,1,0,0,0,0,0,0,2,0,1,-1,-1,-1,-1,0,10,-1,1,1,3,-1,-1,-1,0,0,1,0,0,10,0,0,0,13.49
1,0,0,0,-1,0,1,0,0,0,0,0,0,0,0,0,0,0,0,0,0,3,0,-1,400,0,9223372036800000000,240,0,10,0,0,7,0,0,1,0,0,1,1,0,0,0,0,0,0,2,0,1,-1,-1,-1,-1,0,10,-1,1,1,3,-1,-1,-1,0,0,1,0,0,10,0,0,0,25.91
1,0,0,0,-1,0,1,5,0,0,0,0,0,2,0,0,-1,1,1,1,1,3,0,-1,800,0,9223372036800000000,1e+75,0,10,0,0,7,0,1,1,0,0,1,1,0,-1,0,0,0,2,2,0,1,-1,-1,-1,-1,0,10,-1,1,1,3,-1,-1,-1,0,0,1,0,0,10,0,0,0,21.84
1,0,0,0,-1,0,1,4,0,0,0,0,0,0,0,2,0,1,-1,0,2,3,0,-1,150,0,9223372036800000000,1e+75,0,10,0,0,7,0,0,1,0,0,1,1,0,0,0,0,0,0,2,0,1,-1,-1,-1,-1,0,10,-1,1,1,3,-1,-1,-1,0,0,1,0,0,10,0,0,0,24.41
1,0,0,0,-1,0,1,4,0,0,0,0,-1,0,0,2,0,1,-1,0,2,3,0,-1,800,0,9223372036800000000,1e+75,0,10,0,0,7,0,0,1,0,0,1,1,0,0,0,0,0,0,2,0,1,-1,-1,-1,-1,0,10,-1,1,1,3,-1,-1,-1,0,0,1,0,0,10,0,0,0,19.79
1,0,0,0,-1,0,1,0,0,0,0,0,-1,0,0,2,0,1,-1,0,-1,3,0,-1,800,0,9223372036800000000,1e+75,0,10,0,0,7,0,0,1,0,0,1,1,0,0,0,0,0,0,2,0,1,-1,-1,-1,-1,0,10,-1,1,1,3,-1,-1,-1,0,0,1,0,0,10,0,0,0,19.15
1,0,0,0,-1,0,1,0,0,0,0,0,0,0,0,0,0,0,0,0,0,3,0,-1,400,0,9223372036800000000,40,0,10,0,0,7,0,0,1,0,0,1,1,0,0,0,0,0,0,2,0,1,-1,-1,-1,-1,0,10,-1,1,1,3,-1,-1,-1,0,0,1,0,0,10,0,0,0,25.91
1,0,0,0,-1,0,1,1,0,0,0,0,-1,0,-1,0,0,1,1,2,2,3,0,-1,25,0,9223372036800000000,1e+75,0,10,0,0,7,0,0,1,0,0,1,1,0,0,0,0,0,0,2,0,1,-1,-1,-1,-1,0,10,-1,1,1,3,-1,-1,-1,0,0,1,0,0,10,0,0,0,16.85
1,0,0,0,-1,0,1,0,0,0,0,0,-1,-1,-1,0,-1,1,1,0,0,3,0,16,200,0,9223372036800000000,240,0,10,0,0,30,0,0,1,0,0,1,0,3,3,1000,0,2,3,2,0,1,-1,-1,-1,-1,-1,10,-1,1,1,3,-1,-1,-1,0,0,1,3,0,10,0,0,0,14.56
1,0,0,0,-1,0,1,0,0,0,0,0,2,0,-1,1,2,-1,0,-1,1,3,0,-1,50,0,9223372036800000000,1e+75,0,10,0,0,7,0,0,1,0,0,1,1,0,0,0,0,0,0,2,0,1,-1,-1,-1,-1,0,10,-1,1,1,3,-1,-1,-1,0,0,1,0,0,10,0,0,0,25.34
1,0,0,0,-1,0,1,0,0,0,0,0,2,0,1,-1,1,0,2,0,-1,3,0,16,200,0,9223372036800000000,30,0,10,0,0,30,0,0,1,0,0,1,0,1,-1,60,0,0,-1,2,0,1,-1,-1,-1,-1,-1,10,-1,1,1,3,-1,-1,4,0,0,1,0,0,10,0,0,0,30.34
1,0,0,0,-1,0,1,1,0,0,0,0,3,0,1,0,0,-1,-1,1,2,3,0,-1,200,0,9223372036800000000,30,0,10,0,0,5,0,3,1,0,0,1,1,1,-1,20,0,0,2,2,0,1,-1,-1,-1,-1,-1,10,-1,1,1,3,-1,-1,3,0,0,1,0,0,10,0,0,0,28.94
1,0,0,0,-1,0,1,3,0,0,0,0,0,-1,-1,2,0,1,1,2,-1,3,0,-1,150,0,9223372036800000000,1e+75,0,10,0,0,7,0,0,1,0,0,1,1,0,3,0,0,0,0,2,0,1,-1,-1,-1,-1,0,10,-1,1,1,3,-1,-1,-1,0,0,1,0,0,10,0,0,0,18.4
1,0,0,0,-1,0,1,0,0,0,0,0,3,-1,-1,2,-1,2,2,-1,-1,3,0,8,150,0,9223372036800000000,1,0,10,0,0,3,0,3,1,0,0,1,1,3,0,0,0,0,3,2,0,1,-1,-1,-1,-1,-1,10,-1,1,1,3,-1,-1,0,0,0,1,0,0,10,0,0,0,18.52
1,0,0,0,-1,0,1,4,0,0,0,0,-1,0,0,-1,0,1,-1,0,2,3,0,-1,800,0,9223372036800000000,1e+75,0,10,0,0,7,0,0,1,0,0,1,1,0,0,0,0,0,0,2,0,1,-1,-1,-1,-1,0,10,-1,1,1,3,-1,-1,-1,0,0,1,0,0,10,0,0,0,32.22
1,0,0,0,-1,0,1,3,0,0,0,0,2,0,1,1,0,1,1,0,-1,3,0,4,10,0,9223372036800000000,1,0,10,0,0,4,0,3,1,0,0,1,0,-1,2,-1,0,0,-1,2,0,1,-1,-1,-1,-1,-1,10,-1,1,1,3,-1,-1,4,0,0,1,0,0,10,0,0,0,1.79769e+308
1,0,0,0,-1,0,1,5,0,0,0,0,3,0,1,1,0,1,-1,-1,0,3,0,-1,100,0,9223372036800000000,1e+75,0,10,0,0,7,0,2,1,0,0,1,1,0,-1,0,0,0,3,2,0,1,-1,-1,-1,-1,0,10,-1,1,1,3,-1,-1,-1,0,0,1,0,0,10,0,0,0,21.62
1,0,0,0,-1,0,1,0,0,0,0,0,2,0,1,-1,2,-1,1,0,-1,3,0,-1,50,0,9223372036800000000,1e+75,0,10,0,0,7,0,0,1,0,0,1,1,0,0,0,0,0,0,2,0,1,-1,-1,-1,-1,0,10,-1,1,1,3,-1,-1,-1,0,0,1,0,0,10,0,0,0,32.18
1,0,0,0,-1,0,1,5,0,0,0,0,-1,-1,-1,2,-1,0,1,0,1,3,0,-1,800,0,9223372036800000000,1e+75,0,10,0,0,7,0,0,1,0,0,1,1,0,2,0,0,0,0,2,0,1,-1,-1,-1,-1,0,10,-1,1,1,3,-1,-1,-1,0,0,1,0,0,10,0,0,0,19.85
1,0,0,0,-1,0,1,5,0,0,0,0,1,1,0,0,1,-1,2,1,2,3,0,-1,10,0,9223372036800000000,120,0,10,0,0,7,0,3,1,0,0,1,1,0,-1,60,0,0,4,2,0,1,-1,-1,-1,-1,0,10,-1,1,1,3,-1,-1,-1,0,0,1,0,0,10,0,0,0,17.65
1,0,0,0,-1,0,1,4,0,0,0,0,-1,0,0,2,2,1,-1,-1,2,3,0,-1,150,0,9223372036800000000,1e+75,0,10,0,0,7,0,0,1,0,0,1,1,0,0,0,0,0,0,2,0,1,-1,-1,-1,-1,0,10,-1,1,1,3,-1,-1,-1,0,0,1,0,0,10,0,0,0,24.46
1,0,0,0,-1,0,2,3,0,0,0,0,1,3,-1,1,-1,2,-1,1,0,3,0,-1,200,0,9223372036800000000,1e+75,0,10,0,0,7,0,3,1,0,0,1,1,0,1,20,0,0,0,2,0,1,-1,-1,-1,-1,0,10,-1,1,1,3,-1,-1,-1,0,0,1,2,0,10,0,0,0,8.13
1,0,0,0,-1,0,1,0,0,0,0,0,3,-1,-1,2,-1,2,2,-1,-1,3,0,8,150,0,9223372036800000000,60,0,10,0,0,3,0,3,1,0,0,1,1,3,0,60,0,0,3,2,0,1,-1,-1,-1,-1,-1,10,-1,1,1,3,-1,-1,0,0,0,1,0,0,10,0,0,0,16.13
1,0,0,0,-1,0,1,4,0,0,0,0,1,3,0,2,2,1,1,0,0,3,0,16,10,0,9223372036800000000,30,0,10,0,0,15,0,2,1,0,0,1,1,-1,3,60,0,4,4,2,0,1,-1,0,-1,-1,-1,10,-1,1,1,3,-1,-1,1,0,0,1,3,0,10,0,0,0,1.79769e+308
1,0,0,0,-1,0,1,4,0,0,0,0,1,-1,-1,-1,2,2,-1,2,-1,3,0,-1,10,0,9223372036800000000,120,0,10,0,0,5,0,0,1,0,0,1,0,1,1,60,0,1,0,2,0,1,-1,-1,-1,-1,1,10,-1,1,1,3,-1,-1,4,0,0,1,1,0,10,0,0,0,18.39
1,0,0,0,-1,0,1,3,0,0,0,0,1,3,-1,1,-1,2,-1,1,0,3,0,-1,200,0,9223372036800000000,1e+75,0,10,0,0,7,0,0,1,0,0,1,1,0,1,0,0,0,0,2,0,1,-1,-1,-1,-1,0,10,-1,1,1,3,-1,-1,-1,0,0,1,0,0,10,0,0,0,8.54
1,0,0,0,-1,0,1,2,0,0,0,0,-1,0,1,0,0,0,2,2,2,3,0,-1,50,0,9223372036800000000,1e+75,0,10,0,0,7,0,0,1,0,0,1,1,0,0,0,0,0,0,2,0,1,-1,-1,-1,-1,0,10,-1,1,1,3,-1,-1,-1,0,0,1,0,0,10,0,0,0,19.15
1,0,0,0,-1,0,1,4,0,0,0,0,2,0,-1,2,-1,2,2,0,2,3,0,-1,200,0,9223372036800000000,1e+75,0,10,0,0,7,0,0,1,0,0,1,1,0,0,0,0,0,0,2,0,1,-1,-1,-1,-1,0,10,-1,1,1,3,-1,-1,-1,0,0,1,0,0,10,0,0,0,25.03
1,0,0,0,-1,0,1,3,0,0,0,0,3,0,-1,-1,2,0,1,1,0,3,0,-1,10,0,9223372036800000000,1e+75,0,10,0,0,7,0,0,1,0,0,1,1,0,0,0,0,0,0,2,0,1,-1,-1,-1,-1,0,10,-1,1,1,3,-1,-1,-1,0,0,1,0,0,10,0,0,0,18.09
1,0,0,0,-1,0,1,5,0,0,0,0,0,2,0,0,-1,1,1,1,1,3,0,-1,10,0,9223372036800000000,1e+75,0,10,0,0,7,0,1,1,0,0,1,1,0,-1,0,0,0,1,2,0,1,-1,-1,-1,-1,0,10,-1,1,1,3,-1,-1,-1,0,0,1,0,0,10,0,0,0,27.72
1,0,0,0,-1,0,1,4,0,0,0,0,-1,0,0,2,0,1,-1,0,-1,3,0,-1,800,0,9223372036800000000,1e+75,0,10,0,0,7,0,0,1,0,0,1,1,0,0,0,0,0,0,2,0,1,-1,-1,-1,-1,0,10,-1,1,1,3,-1,-1,-1,0,0,1,0,0,10,0,0,0,19.79
1,0,0,0,-1,0,1,2,0,0,0,0,2,2,0,1,2,0,2,2,2,3,0,-1,50,0,9223372036800000000,1e+75,0,10,0,0,7,0,1,1,0,0,1,1,0,-1,1000,0,0,1,2,0,1,-1,-1,-1,-1,0,10,-1,1,1,3,-1,-1,-1,0,0,1,0,0,10,0,0,0,31.55
1,0,0,0,-1,0,1,3,0,0,0,0,2,2,0,-1,-1,-1,-1,1,1,3,0,-1,150,0,9223372036800000000,1e+75,0,10,0,0,7,0,0,1,0,0,1,1,0,-1,0,0,0,0,2,0,1,-1,-1,-1,-1,0,10,-1,1,1,3,-1,-1,-1,0,0,1,0,0,10,0,0,0,1.79769e+308
1,0,0,0,-1,0,1,0,0,0,0,0,2,-1,-1,1,-1,2,0,-1,2,3,0,-1,10,0,9223372036800000000,10,0,10,0,0,30,0,3,1,0,0,1,1,3,1,500,0,0,4,2,0,1,-1,-1,-1,-1,-1,10,-1,1,1,3,-1,-1,4,0,0,1,0,0,10,0,0,0,19.04
1,0,0,0,-1,0,1,5,0,0,0,0,2,1,1,1,-1,0,1,0,-1,3,0,4,800,0,9223372036800000000,1,0,10,0,0,4,0,3,1,0,0,1,0,-1,2,-1,0,0,3,2,0,1,-1,-1,-1,-1,-1,10,-1,1,1,3,-1,-1,4,0,0,1,0,0,10,0,0,0,24.41
1,0,0,0,-1,0,1,1,0,0,0,0,3,-1,0,1,0,1,2,2,0,3,0,-1,50,0,9223372036800000000,1e+75,0,10,0,0,7,0,0,1,0,0,1,1,0,0,0,0,0,0,2,0,1,-1,-1,-1,-1,0,10,-1,1,1,3,-1,-1,-1,0,0,1,0,0,10,0,0,0,31.56
1,0,0,0,-1,0,1,0,0,0,0,0,3,-1,1,2,0,-1,-1,0,1,3,0,16,10,0,9223372036800000000,120,0,10,0,0,5,0,2,1,0,0,1,0,3,-1,20,0,0,2,2,0,1,-1,-1,-1,-1,0,10,-1,1,1,3,-1,-1,3,0,0,1,3,0,10,0,0,0,26.09
1,0,0,0,-1,0,1,3,0,0,0,0,1,3,-1,1,-1,2,-1,1,0,3,0,-1,200,0,9223372036800000000,1e+75,0,10,0,0,7,0,2,1,0,0,1,1,0,1,0,0,0,0,2,0,1,-1,-1,-1,-1,0,10,-1,1,1,3,-1,-1,-1,0,0,1,0,0,10,0,0,0,8.59
1,0,0,0,-1,0,1,4,0,0,0,0,1,-1,-1,-1,-1,2,-1,2,-1,3,0,-1,10,0,9223372036800000000,120,0,10,0,0,5,0,0,1,0,0,1,0,1,1,60,0,1,0,2,0,1,-1,-1,-1,-1,1,10,-1,1,1,3,-1,-1,4,0,0,1,3,0,10,0,0,0,18.75
1,0,0,0,-1,0,1,0,0,0,0,0,-1,0,0,2,0,2,-1,0,2,3,0,-1,800,0,9223372036800000000,1e+75,0,10,0,0,7,0,0,1,0,0,1,1,0,0,0,0,0,0,2,0,1,-1,-1,-1,-1,0,10,-1,1,1,3,-1,-1,-1,0,0,1,0,0,10,0,0,0,23.78
1,0,0,0,-1,0,1,0,0,0,0,0,2,1,0,-1,2,1,-1,1,1,3,0,8,150,0,9223372036800000000,240,0,10,0,0,7,0,3,1,0,0,1,1,0,3,0,0,0,0,2,0,1,-1,-1,-1,-1,1,10,-1,1,1,3,-1,-1,0,0,0,1,1,0,10,0,0,0,22.3
1,0,0,0,-1,0,1,0,0,0,0,0,0,0,0,0,1,0,0,0,0,3,0,-1,400,0,9223372036800000000,1e+75,0,10,0,0,7,0,0,1,0,0,1,1,0,0,0,0,0,0,2,0,1,-1,-1,-1,-1,0,10,-1,1,1,3,-1,-1,-1,0,0,1,0,0,10,0,0,0,13.49
1,0,0,0,-1,0,1,0,0,0,0,0,1,0,-1,1,0,0,0,2,-1,3,0,-1,200,0,9223372036800000000,1e+75,0,10,0,0,7,0,0,1,0,0,1,1,0,0,0,0,0,0,2,0,1,-1,-1,-1,-1,0,10,-1,1,1,3,-1,-1,-1,0,0,1,0,0,10,0,0,0,31.34
1,0,0,0,-1,0,1,0,0,0,0,0,1,0,-1,1,2,-1,0,-1,1,3,0,-1,50,0,9223372036800000000,1e+75,0,10,0,0,7,0,0,1,0,0,1,1,0,0,0,0,0,0,2,0,1,-1,-1,-1,-1,0,10,-1,1,1,3,-1,-1,-1,0,0,1,0,0,10,0,0,0,25.48
1,0,0,0,-1,0,1,0,0,0,0,0,2,0,1,-1,1,0,2,0,-1,3,0,16,200,0,9223372036800000000,30,0,10,0,0,30,0,0,1,0,0,1,0,1,-1,60,0,0,3,2,0,1,-1,-1,-1,-1,-1,10,-1,1,1,3,-1,-1,5,0,0,1,0,0,10,0,0,0,18.55
1,0,0,0,-1,0,1,0,0,0,0,0,0,0,0,0,0,0,0,0,-1,3,0,-1,400,0,9223372036800000000,1e+75,0,10,0,0,7,0,0,1,0,0,1,1,0,0,0,0,0,0,2,0,1,-1,-1,-1,-1,0,10,-1,1,1,3,-1,-1,-1,0,0,1,0,0,10,0,0,0,13.49
1,0,0,0,-1,0,1,1,0,0,0,0,-1,0,-1,0,2,0,2,2,2,3,0,-1,10,0,9223372036800000000,1e+75,0,10,0,0,7,0,0,1,0,0,1,1,0,0,0,0,0,0,2,0,1,-1,-1,-1,-1,0,10,-1,1,1,3,-1,-1,-1,0,0,1,0,0,10,0,0,0,1.79769e+308
1,0,0,0,-1,0,1,2,0,0,0,0,1,-1,-1,-1,1,1,2,-1,2,3,0,-1,100,0,9223372036800000000,1e+75,0,10,0,0,7,0,0,1,0,0,1,1,0,2,0,0,0,0,2,0,1,-1,-1,-1,-1,0,10,-1,1,1,3,-1,-1,-1,0,0,1,0,0,10,0,0,0,31.18
1,0,0,0,-1,0,1,0,0,0,0,0,3,0,1,0,1,1,1,-1,0,3,0,-1,200,0,9223372036800000000,1e+75,0,10,0,0,7,0,0,1,0,0,1,1,0,0,0,0,0,0,2,0,1,-1,-1,-1,-1,0,10,-1,1,1,3,-1,-1,-1,0,0,1,0,0,10,0,0,0,30.12
1,0,0,0,-1,0,1,0,0,0,0,0,1,1,0,2,0,1,0,-1,1,3,0,16,100,0,9223372036800000000,120,0,10,0,0,7,0,0,1,0,0,1,0,1,2,0,0,0,4,2,0,1,-1,-1,-1,-1,1,10,-1,1,1,3,-1,-1,1,0,0,1,0,0,10,0,0,0,37.69
1,0,0,0,-1,0,1,5,0,0,0,0,3,-1,-1,-1,0,2,1,1,0,3,0,-1,50,0,9223372036800000000,0,0,10,0,0,7,0,3,1,0,0,1,1,0,-1,0,0,0,3,2,0,1,-1,-1,-1,-1,0,10,-1,1,1,3,-1,-1,-1,0,0,1,0,0,10,0,0,0,23.42
1,0,0,0,-1,0,1,5,0,0,0,0,0,2,0,0,-1,1,1,1,1,3,0,-1,100,0,9223372036800000000,1e+75,0,10,0,0,7,0,1,1,0,0,1,1,0,-1,0,0,0,1,2,0,1,-1,-1,-1,-1,0,10,-1,1,1,3,-1,-1,-1,0,0,1,0,0,10,0,0,0,29.66
1,0,0,0,-1,0,1,0,0,0,0,0,0,0,0,0,0,0,0,0,0,3,0,-1,400,0,9223372036800000000,1e+75,0,10,0,0,7,0,0,1,0,0,1,1,0,0,-1,0,0,0,2,0,1,-1,-1,-1,-1,0,10,-1,1,1,3,-1,-1,-1,0,0,1,0,0,10,0,0,0,31.75
1,0,0,0,-1,0,1,3,0,0,0,0,-1,1,1,1,2,-1,2,0,1,3,0,1,10,0,9223372036800000000,240,0,10,0,0,5,0,3,1,0,0,1,0,0,1,100,0,0,-1,2,0,1,-1,-1,-1,-1,1,10,-1,1,1,3,-1,-1,3,0,0,1,0,0,10,0,0,0,1.79769e+308
1,0,0,0,-1,0,1,2,0,0,0,0,1,0,1,0,0,0,2,2,2,3,0,-1,200,0,9223372036800000000,1e+75,0,10,0,0,7,0,0,1,0,0,1,1,0,0,0,0,0,0,2,0,1,-1,-1,-1,-1,0,10,-1,1,1,3,-1,-1,-1,0,0,1,0,0,10,0,0,0,30.32
1,0,0,0,-1,0,1,0,0,0,0,0,0,0,0,0,0,-1,0,0,0,3,0,-1,200,0,9223372036800000000,1e+75,0,10,0,0,7,0,0,1,0,0,1,1,0,0,0,0,0,0,2,0,1,-1,-1,-1,-1,0,10,-1,1,1,3,-1,-1,-1,0,0,1,0,0,10,0,0,0,31.98
1,0,0,0,-1,0,1,5,0,0,0,0,2,-1,0,2,-1,0,-1,0,-1,3,0,-1,800,0,9223372036800000000,1e+75,0,10,0,0,7,0,1,1,0,0,1,1,0,0,0,0,0,4,2,0,1,-1,-1,-1,-1,0,10,-1,1,1,3,-1,-1,-1,0,0,1,0,0,10,0,0,0,23
1,0,0,0,-1,0,1,1,0,0,0,0,-1,0,0,2,0,1,-1,0,2,3,0,-1,800,0,9223372036800000000,1e+75,0,10,0,0,7,0,0,1,0,0,1,1,0,0,0,0,0,0,2,0,1,-1,-1,-1,-1,0,10,-1,1,1,3,-1,-1,-1,0,0,1,0,0,10,0,0,0,19.8
1,0,0,0,-1,0,1,5,0,0,0,0,1,3,0,-1,0,2,2,1,2,3,0,2,400,0,9223372036800000000,50,0,10,0,0,0,0,3,1,0,0,1,1,1,1,200,0,4,3,2,0,1,-1,-1,-1,-1,1,10,-1,1,1,3,-1,-1,4,0,0,1,0,0,10,0,0,0,1.79769e+308
1,0,0,0,-1,0,1,0,0,0,0,0,3,-1,1,2,0,-1,2,0,1,3,0,16,10,0,9223372036800000000,120,0,10,0,0,5,0,2,1,0,0,1,0,3,-1,20,0,0,2,2,0,1,-1,-1,-1,-1,1,10,-1,1,1,3,-1,-1,1,0,0,1,3,0,10,0,0,0,25.15
1,0,0,0,-1,0,1,1,0,0,0,0,-1,0,-1,0,0,1,1,2,1,3,0,-1,800,0,9223372036800000000,1e+75,0,10,0,0,7,0,0,1,0,0,1,1,0,0,0,0,0,0,2,0,1,-1,-1,-1,-1,0,10,-1,1,1,3,-1,-1,-1,0,0,1,0,0,10,0,0,0,34.37
1,0,0,0,-1,0,1,5,0,0,0,0,3,-1,0,1,-1,2,-1,2,2,3,0,1,100,0,9223372036800000000,120,0,10,0,0,30,0,3,1,0,0,1,1,0,0,100,0,0,4,2,0,1,-1,-1,-1,-1,0,10,-1,1,1,3,-1,-1,-1,0,0,1,0,0,10,0,0,0,26.91
1,0,0,0,-1,0,1,5,0,0,0,0,-1,1,1,2,-1,1,-1,-1,0,3,0,16,400,0,9223372036800000000,120,0,10,0,0,4,0,1,1,0,0,1,0,2,0,200,0,0,3,2,0,1,-1,-1,-1,-1,1,10,-1,1,1,3,-1,-1,5,0,0,1,0,0,10,0,0,0,24.25
1,0,0,0,-1,0,1,4,0,0,0,0,3,0,-1,-1,2,0,1,1,0,3,0,-1,10,0,9223372036800000000,1e+75,0,10,0,0,7,0,0,1,0,0,1,1,0,0,0,0,0,0,2,0,1,-1,-1,-1,-1,0,10,-1,1,1,3,-1,-1,-1,0,0,1,0,0,10,0,0,0,23.35
1,0,0,0,-1,0,1,2,0,0,0,0,2,2,0,1,2,0,2,2,-1,3,0,-1,10,0,9223372036800000000,1e+75,0,10,0,0,7,0,1,1,0,0,1,1,0,-1,1000,0,0,1,2,0,1,-1,-1,-1,-1,0,10,-1,1,1,3,-1,-1,-1,0,0,1,0,0,10,0,0,0,52.18
1,0,0,0,-1,0,1,3,0,0,0,0,2,0,-1,1,2,-1,0,-1,1,3,0,-1,50,0,9223372036800000000,1e+75,0,10,0,0,7,0,0,1,0,0,1,1,0,0,0,0,0,0,2,0,1,-1,-1,-1,-1,0,10,-1,1,1,3,-1,-1,-1,0,0,1,0,0,10,0,0,0,29.43
1,0,0,0,-1,0,1,2,0,0,0,0,2,2,1,-1,0,-1,-1,-1,-1,3,0,-1,25,0,9223372036800000000,1e+75,0,10,0,0,7,0,0,1,0,0,1,1,0,2,0,0,0,0,2,0,1,-1,-1,-1,-1,0,10,-1,1,1,3,-1,-1,-1,0,0,1,0,0,10,0,0,0,24.36
1,0,0,0,-1,0,1,1,0,0,0,0,3,-1,0,1,0,-1,2,2,0,3,0,-1,50,0,9223372036800000000,1e+75,0,10,0,0,7,0,0,1,0,0,1,1,0,0,0,0,0,0,2,0,1,-1,-1,-1,-1,0,10,-1,1,1,3,-1,-1,-1,0,0,1,0,0,10,0,0,0,21.77
1,0,0,0,-1,0,1,5,0,0,0,0,1,1,0,0,1,-1,2,1,2,3,0,-1,10,0,9223372036800000000,120,0,10,0,0,7,0,2,1,0,0,1,1,0,-1,-1,0,0,4,2,0,1,-1,-1,-1,-1,0,10,-1,1,1,3,-1,-1,-1,0,0,1,0,0,10,0,0,0,17.65
1,0,0,0,-1,0,1,5,0,0,0,0,2,1,1,0,1,0,-1,-1,1,3,0,16,200,0,9223372036800000000,10,0,10,0,0,10,0,0,1,0,0,1,1,3,-1,500,0,0,3,2,0,1,-1,-1,-1,-1,-1,10,-1,1,1,3,-1,-1,4,0,0,1,5,0,10,0,0,0,22.6
1,0,0,0,-1,0,1,0,0,0,0,0,1,-1,1,1,-1,2,2,2,2,3,0,-1,400,0,9223372036800000000,0,0,10,0,0,3,0,0,1,0,0,1,0,0,0,1000,0,3,2,2,0,1,-1,-1,-1,-1,0,10,-1,1,1,3,-1,-1,3,0,0,1,0,0,10,0,0,0,1.79769e+308
1,0,0,0,-1,0,1,4,0,0,0,0,0,2,1,1,2,-1,-1,2,1,3,0,-1,100,0,9223372036800000000,1e+75,0,10,0,0,7,0,0,1,0,0,1,1,0,0,0,0,0,0,2,0,1,-1,-1,-1,-1,0,10,-1,1,1,3,-1,-1,-1,0,0,1,0,0,10,0,0,0,23.79
1,0,0,0,-1,0,1,1,0,0,0,0,3,0,-1,0,-1,1,0,2,2,3,0,-1,50,0,9223372036800000000,1e+75,0,10,0,0,7,0,0,1,0,0,1,1,0,0,0,0,0,0,2,0,1,-1,-1,-1,-1,0,10,-1,1,1,3,-1,-1,-1,0,0,1,0,0,10,0,0,0,44.31
1,0,0,0,-1,0,1,4,0,0,0,0,1,0,0,1,2,1,1,2,0,3,0,-1,50,0,9223372036800000000,20,0,10,0,0,15,0,2,1,0,0,1,1,3,2,-1,0,0,4,2,0,1,-1,-1,-1,-1,-1,10,-1,1,1,3,-1,-1,2,0,0,1,3,0,10,0,0,0,12.51
1,0,0,0,-1,0,1,3,0,0,0,0,1,3,-1,1,-1,2,-1,1,0,3,0,8,200,0,9223372036800000000,1e+75,0,10,0,0,7,0,3,1,0,0,1,1,0,1,20,0,0,0,2,0,1,-1,-1,-1,-1,0,10,-1,1,1,3,-1,-1,-1,0,0,1,0,0,10,0,0,0,9.25
1,0,0,0,-1,0,1,0,0,0,0,0,2,1,-1,1,-1,2,0,-1,2,3,0,-1,200,0,9223372036800000000,10,0,10,0,0,30,0,3,1,0,0,1,1,3,1,500,0,0,4,2,0,1,-1,-1,-1,-1,-1,10,-1,1,1,3,-1,-1,4,0,0,1,0,0,10,0,0,0,33.57
1,0,0,0,-1,0,1,1,0,0,0,0,-1,0,-1,0,1,1,1,2,1,3,0,-1,25,0,9223372036800000000,1e+75,0,10,0,0,7,0,0,1,0,0,1,1,0,0,0,0,0,0,2,0,1,-1,-1,-1,-1,0,10,-1,1,1,3,-1,-1,-1,0,0,1,0,0,10,0,0,0,16.85
1,0,0,0,-1,0,1,0,0,0,0,0,-1,-1,-1,0,-1,1,1,0,0,3,0,16,800,0,9223372036800000000,240,0,10,0,0,30,0,0,1,0,0,1,0,3,3,200,0,2,3,2,0,1,-1,-1,-1,-1,-1,10,-1,1,1,3,-1,-1,-1,0,0,1,3,0,10,0,0,0,14.56
1,0,0,0,-1,0,1,0,0,0,0,0,3,0,1,0,1,1,1,-1,0,3,0,-1,400,0,9223372036800000000,1e+75,0,10,0,0,7,0,0,1,0,0,1,1,0,0,0,0,0,0,2,0,1,-1,-1,-1,-1,0,10,-1,1,1,3,-1,-1,-1,0,0,1,0,0,10,0,0,0,28.59
1,0,0,0,-1,0,1,0,0,0,0,0,2,0,-1,2,2,-1,0,-1,1,3,0,-1,50,0,9223372036800000000,1e+75,0,10,0,0,7,0,0,1,0,0,1,1,0,0,0,0,0,0,2,0,1,-1,-1,-1,-1,0,10,-1,1,1,3,-1,-1,-1,0,0,1,0,0,10,0,0,0,25.34
1,0,0,0,-1,0,1,4,0,0,0,0,2,0,1,2,-1,2,2,2,2,3,0,-1,25,0,9223372036800000000,1e+75,0,10,0,0,7,0,0,1,0,0,1,1,0,0,0,0,0,0,2,0,1,-1,-1,-1,-1,0,10,-1,1,1,3,-1,-1,-1,0,0,1,0,0,10,0,0,0,25.89
1,0,0,0,-1,0,1,4,0,0,0,0,2,0,1,2,-1,2,2,0,2,3,0,-1,25,0,9223372036800000000,1e+75,0,10,0,0,7,0,0,1,0,0,1,1,0,0,0,0,0,0,2,0,1,-1,-1,-1,-1,0,10,-1,1,1,3,-1,-1,-1,0,0,1,0,0,10,0,0,0,19.44
1,0,0,0,-1,0,1,0,0,0,0,0,2,0,1,-1,1,-1,2,0,-1,3,0,16,25,0,9223372036800000000,30,0,10,0,0,30,0,0,1,0,0,1,0,1,0,60,0,0,3,2,0,1,-1,-1,-1,-1,-1,10,-1,1,1,3,-1,-1,5,0,0,1,0,0,10,0,0,0,27.1
1,0,0,0,-1,0,1,5,0,0,0,0,1,1,0,0,1,-1,2,1,2,3,0,-1,10,0,9223372036800000000,120,0,10,0,0,7,0,2,1,0,0,1,1,0,-1,60,0,0,4,2,0,1,-1,-1,-1,-1,0,10,-1,1,1,3,-1,-1,-1,0,0,1,0,0,10,0,0,0,17.65
1,0,0,0,-1,0,1,5,0,0,0,0,2,0,-1,1,-1,0,0,1,-1,3,0,-1,25,0,9223372036800000000,1e+75,0,10,0,0,7,0,0,1,0,0,1,1,0,0,0,0,0,0,2,0,1,-1,-1,-1,-1,0,10,-1,1,1,3,-1,-1,-1,0,0,1,0,0,10,0,0,0,19.41
1,0,0,0,-1,0,1,0,0,0,0,0,0,0,0,0,0,0,0,0,0,3,0,-1,25,0,9223372036800000000,1e+75,0,10,0,0,7,0,0,1,0,0,1,1,0,0,0,0,0,0,2,0,1,-1,-1,-1,-1,0,10,-1,1,1,3,-1,-1,-1,0,0,1,0,0,10,0,0,0,23.6
1,0,0,0,-1,0,1,0,0,0,0,0,1,-1,-1,1,-1,1,1,1,1,3,0,2,150,0,9223372036800000000,240,0,10,0,0,0,0,2,1,0,0,1,1,2,-1,100,0,0,0,2,0,1,-1,-1,-1,-1,-1,10,-1,1,1,3,-1,-1,3,0,0,1,0,0,10,0,0,0,21.41
1,0,0,0,-1,0,1,0,0,0,0,0,1,-1,1,1,-1,-1,2,2,2,3,0,-1,200,0,9223372036800000000,0,0,10,0,0,3,0,0,1,0,0,1,0,0,0,1000,0,3,3,2,0,1,-1,-1,-1,-1,0,10,-1,1,1,3,-1,-1,3,0,0,1,0,0,10,0,0,0,52.6
1,0,0,0,-1,0,1,4,0,0,0,0,1,0,0,1,2,1,1,2,0,3,0,-1,50,0,9223372036800000000,5,0,10,0,0,15,0,2,1,0,0,1,1,3,2,1000,0,1,4,2,0,1,-1,-1,-1,-1,-1,10,-1,1,1,3,-1,-1,2,0,0,1,3,0,10,0,0,0,21.97
1,0,0,0,-1,0,1,0,0,0,0,0,1,0,1,0,1,1,-1,-1,0,3,0,-1,10,0,9223372036800000000,1e+75,0,10,0,0,7,0,0,1,0,0,1,1,0,0,0,0,0,0,2,0,1,-1,-1,-1,-1,0,10,-1,1,1,3,-1,-1,-1,0,0,1,0,0,10,0,0,0,23.61
1,0,0,0,-1,0,1,3,0,0,0,0,2,-1,1,2,-1,-1,-1,0,0,3,0,8,25,0,9223372036800000000,240,0,10,0,0,10,0,3,1,0,0,1,0,2,3,0,0,3,3,2,0,1,-1,-1,-1,-1,1,10,-1,1,1,3,-1,-1,5,0,0,1,5,0,10,0,0,0,20.93
1,0,0,0,-1,0,1,0,0,0,0,0,3,-1,1,2,0,-1,2,0,2,3,0,16,10,0,9223372036800000000,120,0,10,0,0,5,0,2,1,0,0,1,0,3,-1,20,0,0,2,2,0,1,-1,-1,-1,-1,0,10,-1,1,1,3,-1,-1,3,0,0,1,3,0,10,0,0,0,26.09
1,0,0,0,-1,0,1,2,0,0,0,0,1,2,1,0,-1,-1,2,2,0,3,0,-1,400,0,9223372036800000000,1,0,10,0,0,5,0,0,1,0,0,1,0,1,2,100,0,3,0,2,0,1,-1,-1,-1,-1,-1,10,-1,1,1,3,-1,-1,2,0,0,1,0,0,10,0,0,0,1.79769e+308
1,0,0,0,-1,0,1,0,0,0,0,0,2,2,-1,0,2,2,-1,-1,1,3,0,-1,50,0,9223372036800000000,20,0,10,0,0,7,0,3,1,0,0,1,1,0,2,60,0,0,1,2,0,1,-1,-1,-1,-1,0,10,-1,1,1,3,-1,-1,-1,0,0,1,0,0,10,0,0,0,36.53
1,0,0,0,-1,0,1,5,0,0,0,0,3,0,-1,-1,2,0,1,1,0,3,0,-1,100,0,9223372036800000000,1e+75,0,10,0,0,7,0,0,1,0,0,1,1,0,0,0,0,0,0,2,0,1,-1,-1,-1,-1,0,10,-1,1,1,3,-1,-1,-1,0,0,1,0,0,10,0,0,0,20.23
1,0,0,0,-1,0,1,0,0,0,0,0,-1,-1,-1,0,-1,1,1,1,0,3,0,16,800,0,9223372036800000000,240,0,10,0,0,30,0,0,1,0,0,1,0,3,3,1000,0,1,3,2,0,1,-1,-1,-1,-1,-1,10,-1,1,1,3,-1,-1,-1,0,0,1,3,0,10,0,0,0,19
1,0,0,0,-1,0,1,0,0,0,0,0,2,0,1,-1,1,0,2,0,-1,3,0,16,200,0,9223372036800000000,30,0,10,0,0,30,0,0,1,0,0,1,0,0,-1,60,0,0,-1,2,0,1,-1,-1,-1,-1,-1,10,-1,1,1,3,-1,-1,5,0,0,1,0,0,10,0,0,0,36.08
1,0,0,0,-1,0,1,2,0,0,0,0,-1,0,-1,0,0,1,1,2,1,3,0,-1,25,0,9223372036800000000,1e+75,0,10,0,0,7,0,0,1,0,0,1,1,0,0,0,0,0,0,2,0,1,-1,-1,-1,-1,0,10,-1,1,1,3,-1,-1,-1,0,0,1,0,0,10,0,0,0,31.86
1,0,0,0,-1,0,1,4,0,0,0,0,2,0,1,2,-1,0,2,0,2,3,0,-1,200,0,9223372036800000000,1e+75,0,10,0,0,7,0,0,1,0,0,1,1,0,0,0,0,0,0,2,0,1,-1,-1,-1,-1,0,10,-1,1,1,3,-1,-1,-1,0,0,1,0,0,10,0,0,0,27.95
1,0,0,0,-1,0,1,2,0,0,0,0,1,0,1,0,0,0,2,2,2,3,0,-1,100,0,9223372036800000000,1e+75,0,10,0,0,7,0,0,1,0,0,1,1,0,0,0,0,0,0,2,0,1,-1,-1,-1,-1,0,10,-1,1,1,3,-1,-1,-1,0,0,1,0,0,10,0,0,0,19.15
1,0,0,0,-1,0,1,0,0,0,0,0,2,1,0,-1,-1,1,-1,1,1,3,0,8,150,0,9223372036800000000,10,0,10,0,0,7,0,3,1,0,0,1,1,0,3,0,0,0,0,2,0,1,-1,-1,-1,-1,1,10,-1,1,1,3,-1,-1,0,0,0,1,1,0,10,0,0,0,11.87
1,0,0,0,-1,0,1,1,0,0,0,0,0,0,0,0,0,0,0,0,0,3,0,-1,400,0,9223372036800000000,1e+75,0,10,0,0,7,0,0,1,0,0,1,1,0,0,0,0,0,0,2,0,1,-1,-1,-1,-1,0,10,-1,1,1,3,-1,-1,-1,0,0,1,0,0,10,0,0,0,28.72
1,0,0,0,-1,0,1,5,0,0,0,0,3,0,1,0,1,-1,2,-1,0,3,0,-1,150,0,9223372036800000000,240,0,10,0,0,7,0,2,1,0,0,1,1,0,3,100,0,0,0,2,0,1,-1,-1,-1,-1,0,10,-1,1,1,3,-1,-1,-1,0,0,1,0,0,10,0,0,0,20.64
1,0,0,0,-1,0,1,5,0,0,0,0,2,1,1,0,1,0,-1,-1,1,3,0,16,200,0,9223372036800000000,10,0,10,0,0,10,0,0,1,0,0,1,1,3,-1,500,0,0,3,2,0,1,-1,-1,-1,-1,-1,10,-1,1,1,3,-1,-1,5,0,0,1,5,0,10,0,0,0,22.6
1,0,0,0,-1,0,1,2,0,0,0,0,0,2,1,-1,2,0,0,2,-1,3,0,-1,200,0,9223372036800000000,40,0,10,0,0,7,0,2,1,0,0,1,1,0,0,1000,0,0,3,2,0,1,-1,-1,-1,-1,0,10,-1,1,1,3,-1,-1,-1,0,0,1,0,0,10,0,0,0,23.84
1,0,0,0,-1,0,1,0,0,0,0,0,1,-1,-1,-1,-1,-1,-1,0,-1,3,0,-1,50,0,9223372036800000000,1e+75,0,10,0,0,7,0,0,1,0,0,1,1,0,3,0,0,0,0,2,0,1,-1,-1,-1,-1,0,10,-1,1,1,3,-1,-1,-1,0,0,1,0,0,10,0,0,0,31.69
1,0,0,0,-1,0,1,5,0,0,0,0,-1,1,1,2,-1,-1,-1,-1,0,3,0,16,10,0,9223372036800000000,5,0,10,0,0,4,0,1,1,0,0,1,0,2,0,200,0,0,3,2,0,1,-1,-1,-1,-1,1,10,-1,1,1,3,-1,-1,5,0,0,1,0,0,10,0,0,0,26.78
1,0,0,0,-1,0,1,3,0,0,0,0,0,0,0,0,0,0,0,0,0,3,0,-1,400,0,9223372036800000000,1e+75,0,10,0,0,7,0,0,1,0,0,1,1,0,0,0,0,0,0,2,0,1,-1,-1,-1,-1,0,10,-1,1,1,3,-1,-1,-1,0,0,1,0,0,10,0,0,0,23.39
1,0,0,0,-1,0,1,0,0,0,0,0,0,0,0,0,0,0,0,0,0,3,0,-1,400,0,9223372036800000000,1e+75,0,10,0,0,7,0,0,1,0,0,1,1,0,0,0,0,0,0,2,0,1,-1,-1,-1,-1,0,10,-1,1,1,3,-1,-1,-1,0,0,1,0,0,10,0,0,0,13.49
1,0,0,0,-1,0,1,3,0,0,0,0,2,0,1,2,1,-1,-1,2,0,3,0,-1,25,0,9223372036800000000,1e+75,0,10,0,0,7,0,0,1,0,0,1,1,0,0,0,0,0,0,2,0,1,-1,-1,-1,-1,0,10,-1,1,1,3,-1,-1,-1,0,0,1,0,0,10,0,0,0,14.06
1,0,0,0,-1,0,1,5,0,0,0,0,2,1,-1,1,-1,0,1,0,-1,3,0,4,10,0,9223372036800000000,1,0,10,0,0,4,0,3,1,0,0,1,0,-1,2,-1,0,0,3,2,0,1,-1,-1,-1,-1,-1,10,-1,1,1,3,-1,-1,4,0,0,1,0,0,10,0,0,0,20.37
1,0,0,0,-1,0,1,4,0,0,0,0,-1,3,-1,2,-1,-1,-1,-1,2,3,0,16,50,0,9223372036800000000,30,0,10,0,0,10,0,2,1,0,0,1,0,0,-1,0,0,0,-1,2,0,1,-1,-1,-1,-1,0,10,-1,1,1,3,-1,-1,0,0,0,1,0,0,10,0,0,0,38.78
1,0,0,0,-1,0,1,0,0,0,0,0,3,0,1,0,1,0,1,-1,0,3,0,-1,10,0,9223372036800000000,1e+75,0,10,0,0,7,0,0,1,0,0,1,1,0,0,0,0,0,0,2,0,1,-1,-1,-1,-1,0,10,-1,1,1,3,-1,-1,-1,0,0,1,0,0,10,0,0,0,22.43
1,0,0,0,-1,0,1,0,0,0,0,0,1,-1,-1,1,-1,1,1,1,1,3,0,2,150,0,9223372036800000000,30,0,10,0,0,0,0,2,1,0,0,1,1,1,-1,100,0,0,0,2,0,1,-1,-1,-1,-1,-1,10,-1,1,1,3,-1,-1,3,0,0,1,0,0,10,0,0,0,17.6
1,0,0,0,-1,0,1,0,0,0,0,0,2,-1,1,2,2,0,2,0,2,3,0,-1,100,0,9223372036800000000,1e+75,0,10,0,0,7,0,3,1,0,0,1,1,0,1,0,0,0,2,2,0,1,-1,-1,-1,-1,0,10,-1,1,1,3,-1,-1,-1,0,0,1,0,0,10,0,0,0,24.44
1,0,0,0,-1,0,1,4,0,0,0,0,1,-1,-1,-1,2,2,-1,2,-1,3,0,-1,10,0,9223372036800000000,1e+75,0,10,0,0,5,0,0,1,0,0,1,0,1,1,60,0,1,0,2,0,1,-1,-1,-1,-1,1,10,-1,1,1,3,-1,-1,4,0,0,1,1,0,10,0,0,0,18.39
1,0,0,0,-1,0,1,0,0,0,0,0,3,0,1,0,1,1,1,2,0,3,0,-1,10,0,9223372036800000000,1e+75,0,10,0,0,7,0,0,1,0,0,1,1,0,0,0,0,0,0,2,0,1,-1,-1,-1,-1,0,10,-1,1,1,3,-1,-1,-1,0,0,1,0,0,10,0,0,0,21.6
1,0,0,0,-1,0,1,0,0,0,0,0,2,1,-1,1,-1,2,0,-1,2,3,0,-1,10,0,9223372036800000000,0,0,10,0,0,30,0,3,1,0,0,1,1,3,1,500,0,0,4,2,0,1,-1,-1,-1,-1,-1,10,-1,1,1,3,-1,-1,4,0,0,1,0,0,10,0,0,0,1.79769e+308
1,0,0,0,-1,0,1,3,0,0,0,0,3,2,-1,1,0,1,-1,1,1,3,0,8,10,0,9223372036800000000,1,0,10,0,0,0,0,1,1,0,0,1,1,2,-1,60,0,0,-1,2,0,1,-1,-1,-1,-1,0,10,-1,1,1,3,-1,-1,3,0,0,1,3,0,10,0,0,0,28.82
1,0,0,0,-1,0,1,5,0,0,0,0,3,-1,-1,2,0,2,1,1,0,3,0,-1,800,0,9223372036800000000,120,0,10,0,0,7,0,3,1,0,0,1,1,0,-1,0,0,0,3,2,0,1,-1,-1,-1,-1,0,10,-1,1,1,3,-1,-1,-1,0,0,1,0,0,10,0,0,0,27.53
1,0,0,0,-1,0,1,0,0,0,0,0,3,-1,-1,2,-1,2,2,-1,-1,3,0,8,150,0,9223372036800000000,60,0,10,0,0,3,0,3,1,0,0,1,1,3,0,-1,0,0,3,2,0,1,-1,-1,-1,-1,-1,10,-1,1,1,3,-1,-1,0,0,0,1,0,0,10,0,0,0,18.52
1,0,0,0,-1,0,1,2,0,0,0,0,1,0,-1,-1,2,0,1,1,2,3,0,-1,50,0,9223372036800000000,1e+75,0,10,0,0,7,0,0,1,0,0,1,1,0,-1,0,0,0,-1,2,0,1,-1,-1,-1,-1,0,10,-1,1,1,3,-1,-1,-1,0,0,1,0,0,10,0,0,0,1.79769e+308
1,0,0,0,-1,0,1,2,0,0,0,0,2,0,-1,0,2,-1,0,-1,1,3,0,-1,50,0,9223372036800000000,1e+75,0,10,0,0,7,0,0,1,0,0,1,1,0,0,0,0,0,0,2,0,1,-1,-1,-1,-1,0,10,-1,1,1,3,-1,-1,-1,0,0,1,0,0,10,0,0,0,32.25
1,0,0,0,-1,0,1,0,0,0,0,0,3,-1,1,1,-1,2,-1,0,-1,3,0,-1,400,0,9223372036800000000,1e+75,0,10,0,0,7,0,3,1,0,0,1,1,0,1,0,0,0,3,2,0,1,-1,-1,-1,-1,0,10,-1,1,1,3,-1,-1,-1,0,0,1,0,0,10,0,0,0,19.18
1,0,0,0,-1,0,1,0,0,0,0,0,0,0,0,0,0,0,0,0,2,3,0,-1,400,0,9223372036800000000,1e+75,0,10,0,0,7,0,0,1,0,0,1,1,0,0,0,0,0,0,2,0,1,-1,-1,-1,-1,0,10,-1,1,1,3,-1,-1,-1,0,0,1,0,0,10,0,0,0,31.87
1,0,0,0,-1,0,1,3,0,0,0,0,1,1,-1,-1,2,0,-1,-1,2,3,0,4,150,0,9223372036800000000,20,0,10,0,0,0,0,3,1,0,0,1,1,2,3,40,0,5,0,2,0,1,-1,-1,-1,-1,0,10,-1,1,1,3,-1,-1,-1,0,0,1,0,0,10,0,0,0,1.79769e+308
1,0,0,0,-1,0,1,0,0,0,0,0,2,1,-1,1,-1,2,0,-1,2,3,0,-1,10,0,9223372036800000000,10,0,10,0,0,30,0,3,1,0,0,1,1,3,1,500,0,0,4,2,0,1,-1,-1,-1,-1,-1,10,-1,1,1,3,-1,-1,1,0,0,1,0,0,10,0,0,0,17.6
1,0,0,0,-1,0,1,0,0,0,0,0,1,0,1,0,1,1,1,1,0,3,0,-1,10,0,9223372036800000000,1e+75,0,10,0,0,7,0,0,1,0,0,1,1,0,0,0,0,0,0,2,0,1,-1,-1,-1,-1,0,10,-1,1,1,3,-1,-1,-1,0,0,1,0,0,10,0,0,0,24.2
1,0,0,0,-1,0,1,0,0,0,0,0,2,1,-1,1,-1,2,0,-1,2,3,0,-1,10,0,9223372036800000000,10,0,10,0,0,30,0,3,1,0,0,1,1,3,1,500,0,0,4,2,0,1,-1,-1,-1,-1,-1,10,-1,1,1,3,-1,-1,-1,0,0,1,0,0,10,0,0,0,17.6
1,0,0,0,-1,0,1,0,0,0,0,0,2,0,0,0,0,0,0,0,0,3,0,-1,400,0,9223372036800000000,1e+75,0,10,0,0,7,0,0,1,0,0,1,1,0,0,0,0,0,0,2,0,1,-1,-1,-1,-1,0,10,-1,1,1,3,-1,-1,-1,0,0,1,0,0,10,0,0,0,29.18
1,0,0,0,-1,0,1,3,0,0,0,0,-1,-1,1,1,-1,-1,2,0,1,3,0,1,10,0,9223372036800000000,240,0,10,0,0,5,0,3,1,0,0,1,0,0,1,100,0,0,-1,2,0,1,-1,-1,-1,-1,1,10,-1,1,1,3,-1,-1,3,0,0,1,0,0,10,0,0,0,1.79769e+308
1,0,0,0,-1,0,1,5,0,0,0,0,3,0,1,0,1,0,2,-1,0,3,0,-1,150,0,9223372036800000000,10,0,10,0,0,7,0,2,1,0,0,1,1,0,3,100,0,0,0,2,0,1,-1,-1,-1,-1,0,10,-1,1,1,3,-1,-1,-1,0,0,1,0,0,10,0,0,0,16.68
1,0,0,0,-1,0,1,3,0,0,0,0,1,1,-1,-1,2,0,-1,-1,2,3,0,-1,150,0,9223372036800000000,2,0,10,0,0,0,0,1,1,0,0,1,1,2,3,0,0,2,0,2,0,1,-1,-1,-1,-1,0,10,-1,1,1,3,-1,-1,-1,0,0,1,0,0,10,0,0,0,14.97
1,0,0,0,-1,0,1,0,0,0,0,0,1,0,-1,1,0,0,0,2,-1,3,0,-1,150,0,9223372036800000000,1e+75,0,10,0,0,7,0,0,1,0,0,1,1,0,0,0,0,0,0,2,0,1,-1,-1,-1,-1,0,10,-1,1,1,3,-1,-1,-1,0,0,1,0,0,10,0,0,0,31.13
1,0,0,0,-1,0,1,5,0,0,0,0,-1,-1,1,0,0,1,0,-1,0,3,0,-1,100,0,9223372036800000000,1e+75,0,10,0,0,7,0,0,1,0,0,1,1,0,2,0,0,0,0,2,0,1,-1,-1,-1,-1,0,10,-1,1,1,3,-1,-1,-1,0,0,1,0,0,10,0,0,0,22.74
1,0,0,0,-1,0,1,0,0,0,0,0,2,1,-1,-1,1,0,2,1,-1,3,0,-1,800,0,9223372036800000000,1e+75,0,10,0,0,7,0,0,1,0,0,1,1,0,-1,0,0,0,3,2,0,1,-1,-1,-1,-1,0,10,-1,1,1,3,-1,-1,-1,0,0,1,0,0,10,0,0,0,21.63
1,0,0,0,-1,0,1,1,0,0,0,0,-1,0,-1,0,0,1,1,2,1,3,0,-1,25,0,9223372036800000000,1e+75,0,10,0,0,7,0,0,1,0,0,1,1,0,0,0,0,0,0,2,0,1,-1,-1,-1,-1,0,10,-1,1,1,3,-1,-1,-1,0,0,1,0,0,10,0,0,0,16.85
1,0,0,0,-1,0,1,3,0,0,0,0,1,3,-1,1,-1,2,-1,1,0,3,0,-1,200,0,9223372036800000000,1e+75,0,10,0,0,30,0,3,1,0,0,1,1,0,1,20,0,0,0,2,0,1,-1,-1,-1,-1,0,10,-1,1,1,3,-1,-1,-1,0,0,1,0,0,10,0,0,0,8.2
1,0,0,0,-1,0,1,0,0,0,0,0,0,0,0,0,0,1,0,0,0,3,0,-1,400,0,9223372036800000000,1e+75,0,10,0,0,7,0,0,1,0,0,1,1,0,0,0,0,0,0,2,0,1,-1,-1,-1,-1,0,10,-1,1,1,3,-1,-1,-1,0,0,1,0,0,10,0,0,0,17.05
1,0,0,0,-1,0,1,1,0,0,0,0,3,0,1,0,0,-1,-1,1,2,3,0,-1,200,0,9223372036800000000,30,0,10,0,0,5,0,1,1,0,0,1,1,0,0,20,0,0,2,2,0,1,-1,-1,-1,-1,-1,10,-1,1,1,3,-1,-1,3,0,0,1,0,0,10,0,0,0,34.5
1,0,0,0,-1,0,1,0,0,0,0,0,0,-1,-1,1,1,1,2,-1,1,3,0,16,800,0,9223372036800000000,1e+75,0,10,0,0,4,0,2,1,0,0,1,0,-1,1,40,0,3,-1,2,0,1,-1,-1,-1,-1,0,10,-1,1,1,3,-1,-1,3,0,0,1,4,0,10,0,0,0,1.79769e+308
1,0,0,0,-1,0,1,4,0,0,0,0,2,0,1,2,-1,2,-1,0,2,3,0,-1,400,0,9223372036800000000,1e+75,0,10,0,0,7,0,0,1,0,0,1,1,0,0,0,0,0,0,2,0,1,-1,-1,-1,-1,0,10,-1,1,1,3,-1,-1,-1,0,0,1,0,0,10,0,0,0,25.12
1,0,0,0,-1,0,1,2,0,0,0,0,1,0,1,0,0,0,2,2,2,3,0,-1,50,0,9223372036800000000,1e+75,0,10,0,0,7,0,0,1,0,0,1,1,0,0,0,0,0,0,2,0,1,-1,-1,-1,-1,0,10,-1,1,1,3,-1,-1,-1,0,0,1,0,0,10,0,0,0,19.15
1,0,0,0,-1,0,1,0,0,0,0,0,0,0,0,0,0,0,0,1,0,3,0,-1,400,0,9223372036800000000,1e+75,0,10,0,0,7,0,0,1,0,0,1,1,0,0,0,0,0,0,2,0,1,-1,-1,-1,-1,0,10,-1,1,1,3,-1,-1,-1,0,0,1,0,0,10,0,0,0,21.31
1,0,0,0,-1,0,1,4,0,0,0,0,2,0,-1,1,2,1,0,0,1,3,0,-1,50,0,9223372036800000000,1e+75,0,10,0,0,7,0,0,1,0,0,1,1,0,0,0,0,0,0,2,0,1,-1,-1,-1,-1,0,10,-1,1,1,3,-1,-1,-1,0,0,1,0,0,10,0,0,0,13.14
1,0,0,0,-1,0,1,0,0,0,0,0,3,-1,1,2,-1,0,-1,2,-1,3,0,16,50,0,9223372036800000000,240,0,10,0,0,7,0,0,1,0,0,1,1,0,-1,-1,0,5,-1,2,0,1,-1,0,-1,-1,0,10,-1,1,1,3,-1,-1,1,0,0,1,2,0,10,0,0,0,1.79769e+308
1,0,0,0,-1,0,1,5,0,0,0,0,-1,1,1,2,0,1,-1,-1,0,3,0,16,10,0,9223372036800000000,120,0,10,0,0,4,0,1,1,0,0,1,0,2,0,200,0,0,3,2,0,1,-1,-1,-1,-1,1,10,-1,1,1,3,-1,-1,5,0,0,1,0,0,10,0,0,0,24.86
1,0,0,0,-1,0,1,2,0,0,0,0,-1,0,1,-1,2,0,-1,1,-1,3,0,2,10,0,9223372036800000000,2,0,10,0,0,10,0,0,1,0,0,1,0,3,-1,100,0,2,0,2,0,1,-1,1,-1,-1,0,10,-1,1,1,3,-1,-1,4,0,0,1,5,0,10,0,0,0,28.12
1,0,0,0,-1,0,1,0,0,0,0,0,1,1,0,2,0,1,0,-1,1,3,0,16,100,0,9223372036800000000,120,0,10,0,0,7,0,0,1,0,0,1,0,1,2,100,0,0,4,2,0,1,-1,-1,-1,-1,1,10,-1,1,1,3,-1,-1,1,0,0,1,0,0,10,0,0,0,37.69
1,0,0,0,-1,0,1,2,0,0,0,0,1,0,-1,1,2,1,2,2,-1,3,0,-1,200,0,9223372036800000000,1e+75,0,10,0,0,7,0,0,1,0,0,1,1,0,0,0,0,0,0,2,0,1,-1,-1,-1,-1,0,10,-1,1,1,3,-1,-1,-1,0,0,1,0,0,10,0,0,0,24.02
1,0,0,0,-1,0,1,4,0,0,0,0,2,0,1,2,-1,2,2,-1,2,3,0,-1,800,0,9223372036800000000,1e+75,0,10,0,0,7,0,0,1,0,0,1,1,0,0,0,0,0,0,2,0,1,-1,-1,-1,-1,0,10,-1,1,1,3,-1,-1,-1,0,0,1,0,0,10,0,0,0,26.08
1,0,0,0,-1,0,1,3,0,1,0,0,1,3,-1,1,-1,2,-1,1,0,3,0,-1,200,0,9223372036800000000,1e+75,0,10,0,0,7,0,3,1,0,0,1,1,0,1,20,0,0,0,2,0,1,-1,-1,-1,-1,0,10,-1,1,1,3,-1,-1,-1,0,0,1,2,0,10,0,0,0,26.71
1,0,0,0,-1,0,1,0,0,0,0,0,3,-1,-1,2,-1,2,2,-1,-1,3,0,8,150,0,9223372036800000000,60,0,10,0,0,3,0,2,1,0,0,1,1,3,0,0,0,0,3,2,0,1,-1,-1,-1,-1,-1,10,-1,1,1,3,-1,-1,0,0,0,1,0,0,10,0,0,0,19.38
1,0,0,0,-1,0,1,3,0,0,0,0,1,3,-1,1,-1,2,-1,1,0,3,0,-1,200,0,9223372036800000000,1e+75,0,10,0,0,7,0,3,1,0,0,1,1,0,1,20,6,0,0,2,0,1,-1,-1,-1,-1,0,10,-1,1,1,3,-1,-1,-1,0,0,1,0,0,10,0,0,0,8.2
1,0,0,0,-1,0,1,5,0,0,0,0,3,1,1,0,1,0,-1,-1,1,3,0,16,200,0,9223372036800000000,10,0,10,0,0,10,0,0,1,0,0,1,1,3,-1,500,0,0,3,2,0,1,-1,-1,-1,-1,-1,10,-1,1,1,3,-1,-1,5,0,0,1,5,0,10,0,0,0,22.6
1,0,0,0,-1,0,1,0,0,0,0,0,0,0,0,0,0,0,0,0,0,3,0,-1,10,0,9223372036800000000,1e+75,0,10,0,0,7,0,0,1,0,0,1,1,0,0,0,0,0,0,2,0,1,-1,-1,-1,-1,0,10,-1,1,1,3,-1,-1,-1,0,0,1,0,0,10,0,0,0,26.85
1,0,0,0,-1,0,1,1,0,0,0,0,-1,0,-1,0,0,-1,1,2,1,3,0,-1,25,0,9223372036800000000,1e+75,0,10,0,0,7,0,0,1,0,0,1,1,0,0,0,0,0,0,2,0,1,-1,-1,-1,-1,0,10,-1,1,1,3,-1,-1,-1,0,0,1,0,0,10,0,0,0,39.94
1,0,0,0,-1,0,1,4,0,0,0,0,-1,0,1,2,0,0,0,1,1,3,0,-1,100,0,9223372036800000000,1,0,10,0,0,3,0,0,1,0,0,1,1,0,1,40,0,0,0,2,0,1,-1,0,-1,-1,-1,10,-1,1,1,3,-1,-1,1,0,0,1,2,0,10,0,0,0,14.44
1,0,0,0,-1,0,1,2,0,0,0,0,3,3,1,0,2,1,-1,-1,-1,3,0,-1,100,0,9223372036800000000,60,0,10,0,0,7,0,3,1,0,0,1,1,0,3,20,0,0,0,2,0,1,-1,-1,-1,-1,0,10,-1,1,1,3,-1,-1,-1,0,0,1,0,0,10,0,0,0,29.41
1,0,0,0,-1,0,1,0,0,0,0,0,2,0,1,1,1,0,2,0,-1,3,0,16,200,0,9223372036800000000,30,0,10,0,0,30,0,0,1,0,0,1,0,1,-1,60,0,0,-1,2,0,1,-1,-1,-1,-1,-1,10,-1,1,1,3,-1,-1,-1,0,0,1,0,0,10,0,0,0,42.44
1,0,0,0,-1,0,1,4,0,0,0,0,1,-1,0,2,2,1,0,0,0,3,0,16,10,0,9223372036800000000,30,0,10,0,0,15,0,2,1,0,0,1,1,-1,3,60,0,0,4,2,0,1,-1,0,-1,-1,-1,10,-1,1,1,3,-1,-1,1,0,0,1,3,0,10,0,0,0,27.45
1,0,0,0,-1,0,1,5,0,0,0,0,2,1,1,1,-1,0,1,0,-1,3,0,4,10,0,9223372036800000000,30,0,10,0,0,4,0,3,1,0,0,1,0,-1,2,-1,0,0,3,2,0,1,-1,-1,-1,-1,-1,10,-1,1,1,3,-1,-1,4,0,0,1,0,0,10,0,0,0,20.37
1,0,0,0,-1,0,1,0,0,0,0,0,3,0,1,0,1,1,-1,-1,0,3,0,-1,10,0,9223372036800000000,1e+75,0,10,0,0,7,0,0,1,0,0,1,1,0,0,0,0,0,0,2,0,1,-1,-1,-1,-1,0,10,-1,1,1,3,-1,-1,-1,0,0,1,0,0,10,0,0,0,15.73
1,0,0,0,-1,0,1,2,0,0,0,0,-1,0,-1,1,2,-1,0,-1,1,3,0,-1,50,0,9223372036800000000,1e+75,0,10,0,0,7,0,0,1,0,0,1,1,0,0,0,0,0,0,2,0,1,-1,-1,-1,-1,0,10,-1,1,1,3,-1,-1,-1,0,0,1,0,0,10,0,0,0,25.85
1,0,0,0,-1,0,1,3,0,0,0,0,1,0,-1,0,2,1,2,2,-1,3,0,-1,150,0,9223372036800000000,1e+75,0,10,0,0,7,0,0,1,0,0,1,1,0,0,0,0,0,0,2,0,1,-1,-1,-1,-1,0,10,-1,1,1,3,-1,-1,-1,0,0,1,0,0,10,0,0,0,12.4
1,0,0,0,-1,0,1,3,0,0,0,0,2,0,1,2,1,-1,-1,1,0,3,0,-1,25,0,9223372036800000000,1e+75,0,10,0,0,7,0,0,1,0,0,1,1,0,0,0,0,0,0,2,0,1,-1,-1,-1,-1,0,10,-1,1,1,3,-1,-1,-1,0,0,1,0,0,10,0,0,0,13.42
1,0,0,0,-1,0,1,2,0,0,0,0,3,3,1,-1,2,-1,-1,-1,-1,3,0,-1,100,0,9223372036800000000,1e+75,0,10,0,0,7,0,3,1,0,0,1,1,0,3,20,0,0,0,2,0,1,-1,-1,-1,-1,0,10,-1,1,1,3,-1,-1,-1,0,0,1,0,0,10,0,0,0,15.56
1,0,0,0,-1,0,1,3,0,0,0,0,1,1,-1,-1,2,0,-1,-1,2,3,0,4,150,0,9223372036800000000,20,0,10,0,0,0,0,1,1,0,0,1,1,2,3,40,0,2,0,2,0,1,-1,-1,-1,-1,0,10,-1,1,1,3,-1,-1,-1,0,0,1,0,0,10,0,0,0,14
1,0,0,0,-1,0,1,1,0,0,0,0,0,-1,-1,-1,1,-1,2,0,2,3,0,8,150,0,9223372036800000000,0,0,10,0,0,4,0,0,1,0,0,1,0,3,1,200,0,1,3,2,0,1,-1,-1,-1,-1,0,10,-1,1,1,3,-1,-1,5,0,0,1,4,0,10,0,0,0,28.26
1,0,0,0,-1,0,1,0,0,0,0,0,-1,0,1,0,1,1,1,-1,0,3,0,-1,10,0,9223372036800000000,1e+75,0,10,0,0,7,0,0,1,0,0,1,1,0,0,0,0,0,0,2,0,1,-1,-1,-1,-1,0,10,-1,1,1,3,-1,-1,-1,0,0,1,0,0,10,0,0,0,23.61
1,0,0,0,-1,0,1,0,0,0,0,0,0,0,0,-1,0,0,0,0,0,3,0,-1,200,0,9223372036800000000,1e+75,0,10,0,0,7,0,0,1,0,0,1,1,0,0,0,0,0,0,2,0,1,-1,-1,-1,-1,0,10,-1,1,1,3,-1,-1,-1,0,0,1,0,0,10,0,0,0,19.29
1,0,0,0,-1,0,1,0,0,0,0,0,0,0,0,0,0,0,0,0,0,3,0,-1,400,0,9223372036800000000,1e+75,0,10,0,0,7,0,0,1,0,0,1,1,0,0,1000,0,0,0,2,0,1,-1,-1,-1,-1,0,10,-1,1,1,3,-1,-1,-1,0,0,1,0,0,10,0,0,0,19.65
1,0,0,0,-1,0,1,3,0,0,0,0,1,3,-1,1,-1,2,-1,1,0,3,0,-1,200,0,9223372036800000000,1,0,10,0,0,7,0,3,1,0,0,1,1,0,1,0,0,0,0,2,0,1,-1,-1,-1,-1,0,10,-1,1,1,3,-1,-1,-1,0,0,1,0,0,10,0,0,0,8.53
1,0,0,0,-1,0,1,4,0,0,0,0,-1,0,1,2,0,0,0,1,1,3,0,-1,10,0,9223372036800000000,240,0,10,0,0,3,0,0,1,0,0,1,1,0,1,40,0,0,0,2,0,1,-1,0,-1,-1,-1,10,-1,1,1,3,-1,-1,5,0,0,1,2,0,10,0,0,0,16.8
1,0,0,0,-1,0,1,0,0,0,0,0,1,2,0,1,-1,2,0,1,2,3,0,-1,150,0,9223372036800000000,1e+75,0,10,0,0,7,0,3,1,0,0,1,1,0,0,0,0,0,3,2,0,1,-1,-1,-1,-1,0,10,-1,1,1,3,-1,-1,-1,0,0,1,0,0,10,0,0,0,21.83
1,0,0,0,-1,0,1,5,0,0,0,0,3,0,-1,0,-1,1,0,2,2,3,0,-1,200,0,9223372036800000000,1e+75,0,10,0,0,7,0,0,1,0,0,1,1,0,0,0,0,0,0,2,0,1,-1,-1,-1,-1,0,10,-1,1,1,3,-1,-1,-1,0,0,1,0,0,10,0,0,0,21.17
1,0,0,0,-1,0,1,3,0,0,0,0,1,3,-1,1,-1,2,-1,1,0,3,0,-1,200,0,9223372036800000000,1e+75,0,10,0,0,7,0,3,1,0,1,1,1,0,1,20,0,0,0,2,0,1,-1,-1,-1,-1,0,10,-1,1,1,3,-1,-1,-1,0,0,1,0,0,10,0,0,0,9.66
1,0,0,0,-1,0,1,3,0,0,0,0,1,3,-1,2,-1,2,-1,1,0,3,0,-1,200,0,9223372036800000000,1e+75,0,10,0,0,7,0,0,1,0,0,1,1,0,1,0,0,0,0,2,0,1,-1,-1,-1,-1,0,10,-1,1,1,3,-1,-1,-1,0,0,1,0,0,10,0,0,0,8.54
1,0,0,0,-1,0,1,0,0,0,0,0,3,0,1,0,1,1,1,-1,0,3,0,-1,10,0,9223372036800000000,1e+75,0,10,0,0,7,0,0,1,0,0,1,1,0,0,0,0,0,0,2,0,1,-1,-1,-1,-1,0,10,-1,1,1,3,-1,-1,-1,0,0,1,0,0,10,0,0,0,15.73
1,0,0,0,-1,0,1,1,0,0,0,0,-1,0,-1,0,0,1,1,-1,1,3,0,-1,25,0,9223372036800000000,1e+75,0,10,0,0,7,0,0,1,0,0,1,1,0,0,0,0,0,0,2,0,1,-1,-1,-1,-1,0,10,-1,1,1,3,-1,-1,-1,0,0,1,0,0,10,0,0,0,31.51
1,0,0,0,-1,0,1,5,0,0,0,0,3,0,-1,1,-1,1,0,2,2,3,0,-1,50,0,9223372036800000000,1e+75,0,10,0,0,7,0,0,1,0,0,1,1,0,0,0,0,0,0,2,0,1,-1,-1,-1,-1,0,10,-1,1,1,3,-1,-1,-1,0,0,1,0,0,10,0,0,0,22.84
1,0,0,0,-1,0,1,3,0,0,0,0,1,1,-1,-1,2,0,-1,-1,2,3,0,-1,150,0,9223372036800000000,2,0,10,0,0,0,0,1,1,0,0,1,1,2,3,40,0,2,0,2,0,1,-1,-1,-1,-1,0,10,-1,1,1,3,-1,-1,-1,0,0,1,0,0,10,0,0,0,14.23
1,0,0,0,-1,0,1,1,0,0,0,0,-1,0,1,0,0,1,1,2,1,3,0,-1,25,0,9223372036800000000,1e+75,0,10,0,0,7,0,0,1,0,0,1,1,0,0,0,0,0,0,2,0,1,-1,-1,-1,-1,0,10,-1,1,1,3,-1,-1,-1,0,0,1,0,0,10,0,0,0,16.85
1,0,0,0,-1,0,1,3,0,0,0,0,0,-1,0,-1,0,0,1,0,1,3,0,-1,100,0,9223372036800000000,1e+75,0,10,0,0,7,0,2,1,0,0,1,1,0,-1,0,0,0,-1,2,0,1,-1,-1,-1,-1,0,10,-1,1,1,3,-1,-1,-1,0,0,1,0,0,10,0,0,0,1.79769e+308
1,0,0,0,-1,0,1,1,0,0,0,0,3,0,1,0,0,-1,-1,1,2,3,0,-1,200,0,9223372036800000000,30,0,10,0,0,5,0,3,1,0,0,1,1,0,2,20,0,0,2,2,0,1,-1,-1,-1,-1,-1,10,-1,1,1,3,-1,-1,3,0,0,1,0,0,10,0,0,0,29.06
1,0,0,0,-1,0,1,1,0,0,0,0,2,1,0,-1,2,1,-1,1,1,3,0,8,150,0,9223372036800000000,10,0,10,0,0,7,0,3,1,0,0,1,1,0,3,0,0,0,0,2,0,1,-1,-1,-1,-1,1,10,-1,1,1,3,-1,-1,0,0,0,1,5,0,10,0,0,0,1.79769e+308
1,0,0,0,-1,0,1,0,0,0,0,0,1,0,-1,1,2,-1,0,2,-1,3,0,-1,150,0,9223372036800000000,1e+75,0,10,0,0,7,0,0,1,0,0,1,1,0,0,0,0,0,0,2,0,1,-1,-1,-1,-1,0,10,-1,1,1,3,-1,-1,-1,0,0,1,0,0,10,0,0,0,27.44
1,0,0,0,-1,0,1,2,0,0,0,0,1,2,1,0,-1,-1,2,2,0,3,0,-1,400,0,9223372036800000000,240,0,10,0,0,5,0,3,1,0,0,1,0,1,2,100,0,3,0,2,0,1,-1,-1,-1,-1,-1,10,-1,1,1,3,-1,-1,2,0,0,1,0,0,10,0,0,0,1.79769e+308
1,0,0,0,-1,0,1,3,0,0,0,0,3,3,1,2,0,2,2,2,0,3,0,1,25,0,9223372036800000000,60,0,10,0,0,7,0,2,1,0,0,1,0,2,3,20,0,0,0,2,0,1,-1,-1,-1,-1,-1,10,-1,1,1,3,-1,-1,3,0,0,1,0,0,10,0,0,0,16.44
1,0,0,0,-1,0,1,4,0,0,0,0,2,0,1,2,-1,2,2,0,2,3,0,-1,400,0,9223372036800000000,1e+75,0,10,0,0,7,0,0,1,0,0,1,1,0,0,0,0,0,0,2,0,1,-1,-1,-1,-1,0,10,-1,1,1,3,-1,-1,-1,0,0,1,0,0,10,0,0,0,25.12
1,0,0,0,-1,0,1,0,0,0,0,0,0,0,0,-1,0,-1,0,1,-1,3,0,-1,10,0,9223372036800000000,1e+75,0,10,0,0,7,0,0,1,0,0,1,1,0,0,0,0,0,0,2,0,1,-1,-1,-1,-1,0,10,-1,1,1,3,-1,-1,-1,0,0,1,0,0,10,0,0,0,31.41
1,0,0,0,-1,0,1,5,0,0,0,0,2,0,-1,-1,-1,0,0,1,-1,3,0,-1,25,0,9223372036800000000,1e+75,0,10,0,0,7,0,0,1,0,0,1,1,0,0,0,0,0,0,2,0,1,-1,-1,-1,-1,0,10,-1,1,1,3,-1,-1,-1,0,0,1,0,0,10,0,0,0,16.03
1,0,0,0,-1,0,1,3,0,0,0,0,-1,1,1,0,1,0,2,1,-1,3,0,-1,200,0,9223372036800000000,1e+75,0,10,0,0,7,0,0,1,0,0,1,1,0,3,0,0,0,0,2,0,1,-1,-1,-1,-1,0,10,-1,1,1,3,-1,-1,-1,0,0,1,0,0,10,0,0,0,15.19
1,0,0,0,-1,0,1,3,0,0,0,0,2,2,0,-1,-1,-1,-1,-1,1,3,0,-1,150,0,9223372036800000000,1e+75,0,10,0,0,7,0,0,1,0,0,1,1,0,-1,0,0,0,0,2,0,1,-1,-1,-1,-1,0,10,-1,1,1,3,-1,-1,-1,0,0,1,0,0,10,0,0,0,1.79769e+308
1,0,0,0,-1,0,1,3,0,0,0,0,0,0,1,2,1,2,2,2,2,3,0,-1,100,0,9223372036800000000,5,0,10,0,0,7,0,1,1,0,0,1,1,0,1,20,0,0,2,2,0,1,-1,-1,-1,-1,0,10,-1,1,1,3,-1,-1,-1,0,0,1,0,0,10,0,0,0,34.67
1,0,0,0,-1,0,1,4,0,0,0,0,1,3,0,2,2,1,0,0,0,3,0,16,10,0,9223372036800000000,30,0,10,0,0,15,0,2,1,0,0,1,1,-1,3,60,0,4,4,2,0,1,-1,-1,-1,-1,-1,10,-1,1,1,3,-1,-1,1,0,0,1,3,0,10,0,0,0,1.79769e+308
1,0,0,0,-1,0,1,0,0,0,0,0,3,-1,1,2,0,-1,2,0,1,3,0,16,10,0,9223372036800000000,120,0,10,0,0,5,0,2,1,0,0,1,0,3,-1,20,0,0,2,2,0,1,-1,-1,-1,-1,0,10,-1,1,1,3,-1,-1,3,0,0,1,3,0,10,0,0,0,26.09
1,0,0,0,-1,0,1,3,0,0,0,0,2,0,-1,2,1,-1,-1,1,0,3,0,-1,25,0,9223372036800000000,1e+75,0,10,0,0,7,0,0,1,0,0,1,1,0,0,0,0,0,0,2,0,1,-1,-1,-1,-1,0,10,-1,1,1,3,-1,-1,-1,0,0,1,0,0,10,0,0,0,13.42
1,0,0,0,-1,0,1,0,0,0,0,0,2,2,-1,0,2,2,-1,-1,0,3,0,-1,50,0,9223372036800000000,30,0,10,0,0,7,0,3,1,0,0,1,1,0,2,60,0,0,1,2,0,1,-1,-1,-1,-1,0,10,-1,1,1,3,-1,-1,-1,0,0,1,0,0,10,0,0,0,36.53
1,0,0,0,-1,0,1,2,0,0,0,0,2,0,-1,1,2,-1,2,-1,1,3,0,-1,50,0,9223372036800000000,1e+75,0,10,0,0,7,0,0,1,0,0,1,1,0,0,0,0,0,0,2,0,1,-1,-1,-1,-1,0,10,-1,1,1,3,-1,-1,-1,0,0,1,0,0,10,0,0,0,25.02
1,0,0,0,-1,0,1,4,0,0,0,0,1,0,-1,2,-1,-1,-1,-1,2,3,0,16,50,0,9223372036800000000,30,0,10,0,0,10,0,2,1,0,0,1,0,3,-1,0,0,0,-1,2,0,1,-1,-1,-1,-1,0,10,-1,1,1,3,-1,-1,0,0,0,1,0,0,10,0,0,0,44.28
1,0,0,0,-1,0,1,2,0,0,0,0,1,1,1,1,0,0,0,0,2,3,0,1,10,0,9223372036800000000,2,0,10,0,0,4,0,2,1,0,0,1,0,0,1,100,0,5,4,2,0,1,-1,0,-1,-1,-1,10,-1,1,1,3,-1,-1,-1,0,0,1,1,0,10,0,0,0,1.79769e+308
1,0,0,0,-1,0,1,2,0,0,0,0,3,3,1,2,0,0,1,-1,-1,3,0,-1,200,0,9223372036800000000,1e+75,0,10,0,0,7,0,2,1,0,0,1,1,0,-1,0,0,0,1,2,0,1,-1,-1,-1,-1,0,10,-1,1,1,3,-1,-1,-1,0,0,1,0,0,10,0,0,0,37.68
1,0,0,0,-1,0,1,4,0,0,0,0,1,-1,-1,-1,2,2,-1,2,-1,3,0,-1,10,0,9223372036800000000,120,0,10,0,0,5,0,3,1,0,0,1,0,1,1,60,0,1,0,2,0,1,-1,-1,-1,-1,1,10,-1,1,1,3,-1,-1,4,0,0,1,1,0,10,0,0,0,18.39
1,0,0,0,-1,0,1,4,0,0,0,0,2,0,1,2,-1,2,2,0,2,3,0,-1,200,0,9223372036800000000,1e+75,0,10,0,0,7,0,0,1,0,0,1,1,0,0,0,0,0,0,2,0,1,-1,-1,-1,-1,0,10,-1,1,1,3,-1,-1,-1,0,0,1,0,0,10,0,0,0,25.03
1,0,0,0,-1,0,1,0,0,0,0,0,1,-1,-1,1,-1,1,1,1,1,3,0,2,150,0,9223372036800000000,240,0,10,0,0,0,0,2,1,0,0,1,1,1,-1,1000,0,0,0,2,0,1,-1,-1,-1,-1,-1,10,-1,1,1,3,-1,-1,3,0,0,1,0,0,10,0,0,0,20.15
1,0,0,0,-1,0,1,5,0,0,0,0,1,1,1,1,1,-1,2,1,2,3,0,-1,10,0,9223372036800000000,120,0,10,0,0,7,0,2,1,0,0,1,1,0,-1,60,0,0,4,2,0,1,-1,-1,-1,-1,0,10,-1,1,1,3,-1,-1,-1,0,0,1,0,0,10,0,0,0,17.56
1,0,0,0,-1,0,1,2,0,0,0,0,1,0,1,0,0,-1,2,2,2,3,0,-1,800,0,9223372036800000000,1e+75,0,10,0,0,7,0,0,1,0,0,1,1,0,0,0,0,0,0,2,0,1,-1,-1,-1,-1,0,10,-1,1,1,3,-1,-1,-1,0,0,1,0,0,10,0,0,0,32.42
1,0,0,0,-1,0,1,3,0,0,0,0,1,3,-1,1,-1,2,-1,1,0,3,0,-1,200,0,9223372036800000000,1e+75,0,10,0,0,7,0,3,1,0,0,1,1,0,1,20,1,0,0,2,0,1,-1,-1,-1,-1,0,10,-1,1,1,3,-1,-1,-1,0,0,1,0,0,10,0,0,0,19.65
1,0,0,0,-1,0,1,5,0,0,0,0,1,-1,1,2,0,2,1,0,-1,3,0,-1,400,0,9223372036800000000,0,0,10,0,0,7,0,3,1,0,0,1,1,0,-1,60,0,0,3,2,0,1,-1,-1,-1,-1,0,10,-1,1,1,3,-1,-1,-1,0,0,1,0,0,10,0,0,0,18.85
1,0,0,0,-1,0,1,5,0,0,0,0,3,0,-1,0,2,1,0,2,2,3,0,-1,50,0,9223372036800000000,1e+75,0,10,0,0,7,0,0,1,0,0,1,1,0,0,0,0,0,0,2,0,1,-1,-1,-1,-1,0,10,-1,1,1,3,-1,-1,-1,0,0,1,0,0,10,0,0,0,19.64
1,0,0,0,-1,0,1,0,0,0,0,0,3,0,1,1,1,1,1,-1,0,3,0,-1,10,0,9223372036800000000,1e+75,0,10,0,0,7,0,0,1,0,0,1,1,0,0,0,0,0,0,2,0,1,-1,-1,-1,-1,0,10,-1,1,1,3,-1,-1,-1,0,0,1,0,0,10,0,0,0,27.76
1,0,0,0,-1,0,1,5,0,0,0,0,3,0,-1,0,-1,1,-1,2,2,3,0,-1,50,0,9223372036800000000,1e+75,0,10,0,0,7,0,0,1,0,0,1,1,0,0,0,0,0,0,2,0,1,-1,-1,-1,-1,0,10,-1,1,1,3,-1,-1,-1,0,0,1,0,0,10,0,0,0,19.08
1,0,0,0,-1,0,1,3,0,0,0,0,1,1,-1,-1,2,0,-1,-1,2,3,0,4,150,0,9223372036800000000,20,0,10,0,0,0,0,3,1,0,0,1,1,2,3,40,0,2,0,2,0,1,-1,-1,-1,-1,0,10,-1,1,1,3,-1,-1,-1,0,0,1,0,0,10,0,0,0,13.47
1,0,0,0,-1,0,1,5,0,0,0,0,1,-1,0,2,-1,0,-1,0,-1,3,0,-1,25,0,9223372036800000000,1e+75,0,10,0,0,7,0,1,1,0,0,1,1,0,2,0,0,0,4,2,0,1,-1,-1,-1,-1,0,10,-1,1,1,3,-1,-1,-1,0,0,1,0,0,10,0,0,0,20.41
1,0,0,0,-1,0,1,3,0,0,0,0,1,3,-1,1,-1,2,-1,1,0,3,0,-1,200,0,9223372036800000000,1e+75,0,10,0,0,7,0,3,0,0,0,1,1,0,1,20,0,0,0,2,0,1,-1,-1,-1,-1,0,10,-1,1,1,3,-1,-1,-1,0,0,1,2,0,10,0,0,0,8.13
1,0,0,0,-1,0,1,0,0,0,0,0,2,0,1,1,1,0,2,0,-1,3,0,16,200,0,9223372036800000000,30,0,10,0,0,30,0,0,1,0,0,1,0,1,-1,60,0,0,-1,2,0,1,-1,-1,-1,-1,-1,10,-1,1,1,3,-1,-1,5,0,0,1,0,0,10,0,0,0,42.44
1,0,0,0,-1,0,1,3,0,0,0,0,1,3,-1,1,-1,2,-1,1,0,3,0,-1,200,0,9223372036800000000,20,0,10,0,0,7,0,3,1,0,0,1,1,0,1,0,0,0,0,2,0,1,-1,-1,-1,-1,0,10,-1,1,1,3,-1,-1,-1,0,0,1,0,0,10,0,0,0,8.53
1,0,0,0,-1,0,1,0,0,0,0,0,1,1,0,2,0,1,0,-1,1,3,0,16,200,0,9223372036800000000,120,0,10,0,0,7,0,0,1,0,0,1,0,1,2,100,0,0,4,2,0,1,-1,-1,-1,-1,1,10,-1,1,1,3,-1,-1,3,0,0,1,0,0,10,0,0,0,24.2
1,0,0,0,-1,0,1,1,0,0,0,0,3,0,1,0,0,-1,-1,1,2,3,0,-1,200,0,9223372036800000000,30,0,10,0,0,5,0,3,1,0,0,1,1,1,2,60,0,0,2,2,0,1,-1,-1,-1,-1,-1,10,-1,1,1,3,-1,-1,3,0,0,1,0,0,10,0,0,0,30.1
1,0,0,0,-1,0,1,3,0,0,0,0,-1,0,1,0,1,0,2,1,-1,3,0,-1,200,0,9223372036800000000,1e+75,0,10,0,0,7,0,0,1,0,0,1,1,0,2,0,0,0,0,2,0,1,-1,-1,-1,-1,0,10,-1,1,1,3,-1,-1,-1,0,0,1,0,0,10,0,0,0,12.12
1,0,0,0,-1,0,1,5,0,0,0,0,3,-1,0,1,1,2,-1,2,2,3,0,1,100,0,9223372036800000000,240,0,10,0,0,30,0,3,1,0,0,1,1,0,0,100,0,0,4,2,0,1,-1,-1,-1,-1,0,10,-1,1,1,3,-1,-1,-1,0,0,1,0,0,10,0,0,0,26.91
1,0,0,0,-1,0,1,0,0,0,0,0,3,0,1,0,1,1,1,-1,0,3,0,-1,150,0,9223372036800000000,1e+75,0,10,0,0,7,0,0,1,0,0,1,1,0,0,0,0,0,0,2,0,1,-1,-1,-1,-1,0,10,-1,1,1,3,-1,-1,-1,0,0,1,0,0,10,0,0,0,32.3
1,0,0,0,-1,0,1,0,0,0,0,0,1,0,-1,1,2,-1,0,2,2,3,0,-1,150,0,9223372036800000000,1e+75,0,10,0,0,7,0,0,1,0,0,1,1,0,0,0,0,0,0,2,0,1,-1,-1,-1,-1,0,10,-1,1,1,3,-1,-1,-1,0,0,1,0,0,10,0,0,0,27.44
1,0,0,0,-1,0,1,0,0,0,0,0,-1,-1,1,1,-1,2,2,2,2,3,0,-1,400,0,9223372036800000000,0,0,10,0,0,3,0,0,1,0,0,1,0,0,0,1000,0,3,3,2,0,1,-1,-1,-1,-1,0,10,-1,1,1,3,-1,-1,3,0,0,1,0,0,10,0,0,0,52.15
1,0,0,0,-1,0,1,0,0,0,0,0,0,0,0,0,0,-1,0,0,0,3,0,-1,400,0,9223372036800000000,1e+75,0,10,0,0,7,0,0,1,0,0,1,1,0,0,0,0,0,0,2,0,1,-1,-1,-1,-1,0,10,-1,1,1,3,-1,-1,-1,0,0,1,0,0,10,0,0,0,31.98
1,0,0,0,-1,0,1,2,0,0,0,0,2,0,-1,1,2,1,0,-1,1,3,0,-1,400,0,9223372036800000000,1e+75,0,10,0,0,7,0,0,1,0,0,1,1,0,0,0,0,0,0,2,0,1,-1,-1,-1,-1,0,10,-1,1,1,3,-1,-1,-1,0,0,1,0,0,10,0,0,0,19.57
1,0,0,0,-1,0,1,3,0,0,0,0,2,1,1,0,1,0,-1,-1,1,3,0,16,200,0,9223372036800000000,10,0,10,0,0,10,0,0,1,0,0,1,1,3,-1,500,0,0,3,2,0,1,-1,-1,-1,-1,-1,10,-1,1,1,3,-1,-1,5,0,0,1,5,0,10,0,0,0,27.16
1,0,0,0,-1,0,1,2,0,0,0,0,2,0,-1,1,2,1,0,0,1,3,0,-1,50,0,9223372036800000000,1e+75,0,10,0,0,7,0,0,1,0,0,1,1,0,0,0,0,0,0,2,0,1,-1,-1,-1,-1,0,10,-1,1,1,3,-1,-1,-1,0,0,1,0,0,10,0,0,0,15.95
1,0,0,0,-1,0,1,0,0,0,0,0,1,-1,-1,0,-1,1,1,0,0,3,0,16,800,0,9223372036800000000,240,0,10,0,0,30,0,0,1,0,0,1,0,3,3,1000,0,2,3,2,0,1,-1,-1,-1,-1,-1,10,-1,1,1,3,-1,-1,-1,0,0,1,3,0,10,0,0,0,14.56
1,0,0,0,-1,0,1,3,0,0,0,0,2,0,1,1,1,-1,-1,1,0,3,0,-1,25,0,9223372036800000000,1e+75,0,10,0,0,7,0,0,1,0,0,1,1,0,0,0,0,0,0,2,0,1,-1,-1,-1,-1,0,10,-1,1,1,3,-1,-1,-1,0,0,1,0,0,10,0,0,0,13.42
1,0,0,0,-1,0,1,5,0,0,0,0,1,1,0,0,1,-1,2,1,2,3,0,-1,10,0,9223372036800000000,1e+75,0,10,0,0,7,0,2,1,0,0,1,1,0,-1,60,0,0,4,2,0,1,-1,-1,-1,-1,0,10,-1,1,1,3,-1,-1,-1,0,0,1,0,0,10,0,0,0,17.65
1,0,0,0,-1,0,1,2,0,0,0,0,3,0,1,0,0,0,2,2,2,3,0,-1,50,0,9223372036800000000,1e+75,0,10,0,0,7,0,0,1,0,0,1,1,0,0,0,0,0,0,2,0,1,-1,-1,-1,-1,0,10,-1,1,1,3,-1,-1,-1,0,0,1,0,0,10,0,0,0,22.9
1,0,0,0,-1,0,1,0,0,0,0,0,3,0,1,-1,1,0,2,0,-1,3,0,16,200,0,9223372036800000000,30,0,10,0,0,30,0,0,1,0,0,1,0,1,-1,60,0,0,-1,2,0,1,-1,-1,-1,-1,-1,10,-1,1,1,3,-1,-1,5,0,0,1,0,0,10,0,0,0,30.34
1,0,0,0,-1,0,1,3,0,0,0,0,-1,1,-1,1,1,1,2,0,1,3,0,8,50,0,9223372036800000000,1,0,10,0,0,5,0,0,1,0,0,1,0,2,1,60,0,2,1,2,0,1,-1,-1,-1,-1,1,10,-1,1,1,3,-1,-1,-1,0,0,1,0,0,10,0,0,0,1.79769e+308
1,0,0,0,-1,0,1,3,0,0,0,0,1,0,-1,1,2,-1,2,2,-1,3,0,-1,150,0,9223372036800000000,1e+75,0,10,0,0,7,0,0,1,0,0,1,1,0,0,0,0,0,0,2,0,1,-1,-1,-1,-1,0,10,-1,1,1,3,-1,-1,-1,0,0,1,0,0,10,0,0,0,15.56
1,0,0,0,-1,0,1,3,0,0,0,0,1,3,-1,1,-1,2,-1,1,0,3,0,-1,200,0,9223372036800000000,1e+75,0,10,0,0,7,0,3,1,0,0,1,1,0,1,20,0,0,0,2,0,1,-1,-1,-1,-1,0,10,-1,1,1,3,-1,-1,-1,0,0,1,2,0,10,0,0,0,8.13
1,0,0,0,-1,0,1,0,0,0,0,0,0,0,0,0,0,0,0,0,0,3,0,-1,400,0,9223372036800000000,1e+75,0,10,0,0,7,0,0,1,0,0,1,1,0,0,60,0,0,0,2,0,1,-1,-1,-1,-1,0,10,-1,1,1,3,-1,-1,-1,0,0,1,0,0,10,0,0,0,30.53
1,0,0,0,-1,0,1,0,0,0,0,0,3,0,0,0,1,1,1,-1,0,3,0,-1,10,0,9223372036800000000,1e+75,0,10,0,0,7,0,0,1,0,0,1,1,0,0,0,0,0,0,2,0,1,-1,-1,-1,-1,0,10,-1,1,1,3,-1,-1,-1,0,0,1,0,0,10,0,0,0,15.73
1,0,0,0,-1,0,1,3,0,0,0,0,2,0,-1,1,2,-1,2,2,-1,3,0,-1,150,0,9223372036800000000,1e+75,0,10,0,0,7,0,0,1,0,0,1,1,0,0,0,0,0,0,2,0,1,-1,-1,-1,-1,0,10,-1,1,1,3,-1,-1,-1,0,0,1,0,0,10,0,0,0,15.56
1,0,0,0,-1,0,1,0,0,0,0,0,1,0,1,0,0,0,2,2,2,3,0,-1,50,0,9223372036800000000,1e+75,0,10,0,0,7,0,0,1,0,0,1,1,0,0,0,0,0,0,2,0,1,-1,-1,-1,-1,0,10,-1,1,1,3,-1,-1,-1,0,0,1,0,0,10,0,0,0,19.47
1,0,0,0,-1,0,1,3,0,0,0,0,1,0,-1,1,2,1,2,2,-1,3,0,-1,150,0,9223372036800000000,1e+75,0,10,0,0,7,0,0,1,0,0,1,1,0,0,0,0,0,0,2,0,1,-1,-1,-1,-1,0,10,-1,1,1,3,-1,-1,-1,0,0,1,0,0,10,0,0,0,14.57
1,0,0,0,-1,0,1,5,0,0,0,0,1,0,-1,-1,-1,0,0,1,-1,3,0,-1,25,0,9223372036800000000,1e+75,0,10,0,0,7,0,0,1,0,0,1,1,0,0,0,0,0,0,2,0,1,-1,-1,-1,-1,0,10,-1,1,1,3,-1,-1,-1,0,0,1,0,0,10,0,0,0,16.03
1,0,0,0,-1,0,1,3,0,0,0,0,2,0,1,2,1,-1,2,1,0,3,0,-1,25,0,9223372036800000000,1e+75,0,10,0,0,7,0,0,1,0,0,1,1,0,0,0,0,0,0,2,0,1,-1,-1,-1,-1,0,10,-1,1,1,3,-1,-1,-1,0,0,1,0,0,10,0,0,0,13.42
1,0,0,0,-1,0,1,2,0,0,0,0,3,2,-1,-1,-1,-1,-1,-1,2,3,0,8,100,0,9223372036800000000,40,0,10,0,0,7,0,3,1,0,0,1,0,2,2,-1,0,0,-1,2,0,1,-1,-1,-1,-1,1,10,-1,1,1,3,-1,-1,3,0,0,1,0,0,10,0,0,0,52.67
1,0,0,0,-1,0,1,3,0,0,0,0,1,0,1,0,0,0,2,2,2,3,0,-1,50,0,9223372036800000000,1e+75,0,10,0,0,7,0,0,1,0,0,1,1,0,0,0,0,0,0,2,0,1,-1,-1,-1,-1,0,10,-1,1,1,3,-1,-1,-1,0,0,1,0,0,10,0,0,0,21.56
1,0,0,0,-1,0,1,0,0,0,0,0,1,0,-1,1,2,1,2,2,-1,3,0,-1,150,0,9223372036800000000,1e+75,0,10,0,0,7,0,0,1,0,0,1,1,0,0,0,0,0,0,2,0,1,-1,-1,-1,-1,0,10,-1,1,1,3,-1,-1,-1,0,0,1,0,0,10,0,0,0,32.15
1,0,0,0,-1,0,1,5,0,0,0,0,3,3,1,2,0,0,1,1,-1,3,0,-1,200,0,9223372036800000000,1e+75,0,10,0,0,7,0,2,1,0,0,1,1,0,-1,0,0,0,2,2,0,1,-1,-1,-1,-1,0,10,-1,1,1,3,-1,-1,-1,0,0,1,0,0,10,0,0,0,19.82
1,0,0,0,-1,0,1,2,0,0,0,0,-1,0,1,1,1,-1,-1,2,2,3,0,-1,100,0,9223372036800000000,1e+75,0,10,0,0,7,0,0,1,0,0,1,1,0,-1,0,0,0,0,2,0,1,-1,-1,-1,-1,0,10,-1,1,1,3,-1,-1,-1,0,0,1,0,0,10,0,0,0,1.79769e+308
1,0,0,0,-1,0,1,0,0,0,0,0,3,3,-1,2,-1,2,2,-1,-1,3,0,8,150,0,9223372036800000000,60,0,10,0,0,3,0,3,1,0,0,1,1,3,0,0,0,0,3,2,0,1,-1,-1,-1,-1,-1,10,-1,1,1,3,-1,-1,0,0,0,1,0,0,10,0,0,0,18.73
1,0,0,0,-1,0,1,3,0,0,0,0,1,0,-1,1,2,0,2,2,-1,3,0,-1,200,0,9223372036800000000,1e+75,0,10,0,0,7,0,0,1,0,0,1,1,0,0,0,0,0,0,2,0,1,-1,-1,-1,-1,0,10,-1,1,1,3,-1,-1,-1,0,0,1,0,0,10,0,0,0,21.32
1,0,0,0,-1,0,1,2,0,0,0,0,2,0,1,2,1,-1,-1,1,0,3,0,-1,25,0,9223372036800000000,1e+75,0,10,0,0,7,0,0,1,0,0,1,1,0,0,0,0,0,0,2,0,1,-1,-1,-1,-1,0,10,-1,1,1,3,-1,-1,-1,0,0,1,0,0,10,0,0,0,27.36
1,0,0,0,-1,0,1,0,0,0,0,0,0,0,0,0,0,0,0,0,0,3,0,-1,400,0,9223372036800000000,10,0,10,0,0,7,0,0,1,0,0,1,1,0,0,0,0,0,0,2,0,1,-1,-1,-1,-1,0,10,-1,1,1,3,-1,-1,-1,0,0,1,0,0,10,0,0,0,25.91
1,0,0,0,-1,0,1,2,0,0,0,0,1,3,0,0,0,2,0,0,2,3,0,-1,10,0,9223372036800000000,1e+75,0,10,0,0,7,0,2,1,0,0,1,1,0,0,0,0,0,4,2,0,1,-1,-1,-1,-1,0,10,-1,1,1,3,-1,-1,-1,0,0,1,0,0,10,0,0,0,13.02
1,0,0,0,-1,0,1,3,0,0,0,0,1,3,-1,1,-1,2,-1,1,0,3,0,-1,200,0,9223372036800000000,1e+75,0,10,0,0,7,0,0,1,0,0,1,1,0,1,0,0,0,-1,2,0,1,-1,-1,-1,-1,0,10,-1,1,1,3,-1,-1,-1,0,0,1,0,0,10,0,0,0,1.79769e+308
1,0,0,0,-1,0,1,0,0,0,0,0,1,1,0,2,0,1,0,-1,1,3,0,16,200,0,9223372036800000000,5,0,10,0,0,7,0,0,1,0,0,1,0,1,2,100,0,0,4,2,0,1,-1,-1,-1,-1,1,10,-1,1,1,3,-1,-1,1,0,0,1,0,0,10,0,0,0,24.2
1,0,0,0,-1,0,1,4,0,0,0,0,1,0,0,1,2,1,1,2,0,3,0,-1,150,0,9223372036800000000,10,0,10,0,0,15,0,2,1,0,0,1,1,3,2,-1,0,0,4,2,0,1,-1,-1,-1,-1,-1,10,-1,1,1,3,-1,-1,2,0,0,1,3,0,10,0,0,0,17.21
1,0,0,0,-1,0,1,1,0,0,0,0,3,0,1,0,0,-1,-1,1,2,3,0,-1,200,0,9223372036800000000,30,0,10,0,0,5,0,1,1,0,0,1,1,0,2,20,0,0,2,2,0,1,-1,-1,-1,-1,-1,10,-1,1,1,3,-1,-1,3,0,0,1,0,0,10,0,0,0,34.5
1,0,0,0,-1,0,1,3,0,0,0,0,1,0,-1,1,2,1,2,2,-1,3,0,-1,200,0,9223372036800000000,1e+75,0,10,0,0,7,0,0,1,0,0,1,1,0,0,0,0,0,0,2,0,1,-1,-1,-1,-1,0,10,-1,1,1,3,-1,-1,-1,0,0,1,0,0,10,0,0,0,11.22
1,0,0,0,-1,0,1,5,0,0,0,0,-1,1,1,2,-1,1,-1,-1,0,3,0,16,10,0,9223372036800000000,240,0,10,0,0,4,0,1,1,0,0,1,0,2,0,200,0,0,3,2,0,1,-1,-1,-1,-1,1,10,-1,1,1,3,-1,-1,5,0,0,1,0,0,10,0,0,0,24.23
1,0,0,0,-1,0,1,0,0,0,0,0,3,-1,-1,2,-1,2,2,-1,-1,3,0,8,400,0,9223372036800000000,60,0,10,0,0,3,0,3,1,0,0,1,1,3,0,0,0,0,3,2,0,1,-1,-1,-1,-1,-1,10,-1,1,1,3,-1,-1,0,0,0,1,0,0,10,0,0,0,25.94
1,0,0,0,-1,0,1,3,0,0,0,0,2,0,1,2,1,-1,-1,1,1,3,0,-1,25,0,9223372036800000000,1e+75,0,10,0,0,7,0,0,1,0,0,1,1,0,0,0,0,0,0,2,0,1,-1,-1,-1,-1,0,10,-1,1,1,3,-1,-1,-1,0,0,1,0,0,10,0,0,0,13.42
1,0,0,0,-1,0,1,0,0,0,0,0,3,2,-1,0,0,-1,1,-1,-1,3,0,-1,400,0,9223372036800000000,1e+75,0,10,0,0,7,0,3,1,0,0,1,1,0,0,0,0,0,3,2,0,1,-1,-1,-1,-1,0,10,-1,1,1,3,-1,-1,-1,0,0,1,0,0,10,0,0,0,16.65
1,0,0,0,-1,0,1,3,0,0,0,0,1,3,-1,1,-1,2,-1,1,0,3,0,-1,200,0,9223372036800000000,1e+75,0,10,0,0,7,0,3,1,0,0,1,1,0,1,20,0,4,0,2,0,1,-1,-1,-1,-1,0,10,-1,1,1,3,-1,-1,-1,0,0,1,0,0,10,0,0,0,1.79769e+308
1,0,0,0,-1,0,1,1,0,0,0,0,-1,0,-1,0,0,1,1,2,0,3,0,-1,25,0,9223372036800000000,1e+75,0,10,0,0,7,0,0,1,0,0,1,1,0,0,0,0,0,0,2,0,1,-1,-1,-1,-1,0,10,-1,1,1,3,-1,-1,-1,0,0,1,0,0,10,0,0,0,16.85
1,0,0,0,-1,0,1,0,0,0,0,0,2,1,0,-1,2,1,-1,1,1,3,0,8,50,0,9223372036800000000,10,0,10,0,0,7,0,3,1,0,0,1,1,0,3,0,0,0,0,2,0,1,-1,-1,-1,-1,1,10,-1,1,1,3,-1,-1,0,0,0,1,1,0,10,0,0,0,44.04
1,0,0,0,-1,0,1,3,0,0,0,0,1,0,0,1,-1,2,1,0,0,3,0,-1,800,0,9223372036800000000,1e+75,0,10,0,0,7,0,0,1,0,0,1,1,0,0,0,0,0,0,2,0,1,-1,-1,-1,-1,0,10,-1,1,1,3,-1,-1,-1,0,0,1,0,0,10,0,0,0,20.1
1,0,0,0,-1,0,1,5,0,0,0,0,3,0,-1,0,-1,1,0,2,2,3,0,-1,50,0,9223372036800000000,1e+75,0,10,0,0,7,0,0,1,0,0,1,1,0,0,0,0,0,0,2,0,1,-1,-1,-1,-1,0,10,-1,1,1,3,-1,-1,-1,0,0,1,0,0,10,0,0,0,19.08
1,0,0,0,-1,0,1,1,0,0,0,0,2,0,-1,0,0,1,1,2,1,3,0,-1,25,0,9223372036800000000,1e+75,0,10,0,0,7,0,0,1,0,0,1,1,0,0,0,0,0,0,2,0,1,-1,-1,-1,-1,0,10,-1,1,1,3,-1,-1,-1,0,0,1,0,0,10,0,0,0,1.79769e+308
1,0,0,0,-1,0,1,5,0,0,0,0,3,0,-1,0,-1,1,1,2,2,3,0,-1,50,0,9223372036800000000,1e+75,0,10,0,0,7,0,0,1,0,0,1,1,0,0,0,0,0,0,2,0,1,-1,-1,-1,-1,0,10,-1,1,1,3,-1,-1,-1,0,0,1,0,0,10,0,0,0,19.08
1,0,0,0,-1,0,1,5,0,0,0,0,2,0,-1,-1,-1,2,0,1,-1,3,0,-1,25,0,9223372036800000000,1e+75,0,10,0,0,7,0,0,1,0,0,1,1,0,0,0,0,0,0,2,0,1,-1,-1,-1,-1,0,10,-1,1,1,3,-1,-1,-1,0,0,1,0,0,10,0,0,0,19.6
1,0,0,0,-1,0,1,3,0,0,0,0,2,0,1,2,2,-1,-1,1,0,3,0,-1,25,0,9223372036800000000,1e+75,0,10,0,0,7,0,0,1,0,0,1,1,0,0,0,0,0,0,2,0,1,-1,-1,-1,-1,0,10,-1,1,1,3,-1,-1,-1,0,0,1,0,0,10,0,0,0,13.4
1,0,0,0,-1,0,1,3,0,0,0,0,0,0,1,2,1,-1,2,2,2,3,0,-1,100,0,9223372036800000000,240,0,10,0,0,7,0,1,1,0,0,1,1,0,1,20,0,0,2,2,0,1,-1,-1,-1,-1,0,10,-1,1,1,3,-1,-1,-1,0,0,1,0,0,10,0,0,0,33.93
1,0,0,0,-1,0,1,0,0,0,0,0,-1,0,0,2,1,1,-1,0,2,3,0,-1,800,0,9223372036800000000,1e+75,0,10,0,0,7,0,0,1,0,0,1,1,0,0,0,0,0,0,2,0,1,-1,-1,-1,-1,0,10,-1,1,1,3,-1,-1,-1,0,0,1,0,0,10,0,0,0,19.15
1,0,0,0,-1,0,1,5,0,0,0,0,3,0,1,0,-1,1,0,2,2,3,0,-1,50,0,9223372036800000000,1e+75,0,10,0,0,7,0,0,1,0,0,1,1,0,0,0,0,0,0,2,0,1,-1,-1,-1,-1,0,10,-1,1,1,3,-1,-1,-1,0,0,1,0,0,10,0,0,0,19.08
1,0,0,0,-1,0,1,0,0,0,0,0,1,-1,-1,-1,-1,1,1,1,1,3,0,2,200,0,9223372036800000000,240,0,10,0,0,0,0,2,1,0,0,1,1,1,-1,100,0,0,0,2,0,1,-1,-1,-1,-1,-1,10,-1,1,1,3,-1,-1,3,0,0,1,0,0,10,0,0,0,13.59
1,0,0,0,-1,0,1,2,0,0,0,0,2,0,-1,-1,-1,0,0,1,-1,3,0,-1,25,0,9223372036800000000,1e+75,0,10,0,0,7,0,0,1,0,0,1,1,0,0,0,0,0,0,2,0,1,-1,-1,-1,-1,0,10,-1,1,1,3,-1,-1,-1,0,0,1,0,0,10,0,0,0,27.14
1,0,0,0,-1,0,1,0,0,0,0,0,0,0,0,0,0,0,0,0,0,3,0,-1,400,0,9223372036800000000,1e+75,0,10,0,0,7,0,0,1,0,0,1,1,0,0,0,0,1,0,2,0,1,-1,-1,-1,-1,0,10,-1,1,1,3,-1,-1,-1,0,0,1,0,0,10,0,0,0,20.96
1,0,0,0,-1,0,1,1,0,0,0,0,3,0,1,0,0,-1,-1,1,2,3,0,-1,200,0,9223372036800000000,30,0,10,0,0,5,0,3,1,0,0,1,1,3,2,20,0,0,2,2,0,1,-1,-1,-1,-1,-1,10,-1,1,1,3,-1,-1,3,0,0,1,0,0,10,0,0,0,28.85
1,0,0,0,-1,0,1,0,0,0,0,0,2,3,0,2,1,1,0,-1,0,3,0,-1,400,0,9223372036800000000,1e+75,0,10,0,0,7,0,3,1,0,0,1,1,0,0,0,0,0,3,2,0,1,-1,-1,-1,-1,0,10,-1,1,1,3,-1,-1,-1,0,0,1,0,0,10,0,0,0,17.85
1,0,0,0,-1,0,1,0,0,0,0,0,1,-1,-1,-1,0,1,1,1,1,3,0,2,150,0,9223372036800000000,240,0,10,0,0,0,0,2,1,0,0,1,1,1,-1,100,0,0,0,2,0,1,-1,-1,-1,-1,-1,10,-1,1,1,3,-1,-1,3,0,0,1,0,0,10,0,0,0,13.59
1,0,0,0,-1,0,1,0,0,0,0,0,2,0,1,2,2,0,2,0,2,3,0,-1,10,0,9223372036800000000,1e+75,0,10,0,0,7,0,3,1,0,0,1,1,0,1,0,0,0,2,2,0,1,-1,-1,-1,-1,0,10,-1,1,1,3,-1,-1,-1,0,0,1,0,0,10,0,0,0,23.54
1,0,0,0,-1,0,1,5,0,0,0,0,3,0,-1,0,-1,1,0,2,1,3,0,-1,50,0,9223372036800000000,1e+75,0,10,0,0,7,0,0,1,0,0,1,1,0,0,0,0,0,0,2,0,1,-1,-1,-1,-1,0,10,-1,1,1,3,-1,-1,-1,0,0,1,0,0,10,0,0,0,19.08
1,0,0,0,-1,0,1,5,0,0,0,0,2,0,-1,-1,-1,0,1,1,-1,3,0,-1,25,0,9223372036800000000,1e+75,0,10,0,0,7,0,0,1,0,0,1,1,0,0,0,0,0,0,2,0,1,-1,-1,-1,-1,0,10,-1,1,1,3,-1,-1,-1,0,0,1,0,0,10,0,0,0,16.03
1,0,0,0,-1,0,1,3,0,0,0,0,1,3,-1,1,-1,2,-1,1,0,3,0,-1,200,0,9223372036800000000,1e+75,0,10,0,0,7,0,3,1,0,0,1,1,0,1,20,0,0,0,2,0,1,-1,-1,-1,-1,0,10,-1,1,1,3,-1,-1,-1,0,0,1,2,0,10,2,0,0,8.13
1,0,0,0,-1,0,1,2,0,0,0,0,0,2,1,-1,2,-1,0,2,-1,3,0,-1,200,0,9223372036800000000,40,0,10,0,0,7,0,2,1,0,0,1,1,0,0,1000,0,0,3,2,0,1,-1,-1,-1,-1,0,10,-1,1,1,3,-1,-1,-1,0,0,1,0,0,10,0,0,0,31.2
1,0,0,0,-1,0,1,0,0,0,0,0,1,0,-1,1,0,2,0,2,-1,3,0,-1,150,0,9223372036800000000,1e+75,0,10,0,0,7,0,0,1,0,0,1,1,0,0,0,0,0,0,2,0,1,-1,-1,-1,-1,0,10,-1,1,1,3,-1,-1,-1,0,0,1,0,0,10,0,0,0,32.74
1,0,0,0,-1,0,1,4,0,0,0,0,0,0,1,2,-1,2,2,0,2,3,0,-1,200,0,9223372036800000000,1e+75,0,10,0,0,7,0,0,1,0,0,1,1,0,0,0,0,0,0,2,0,1,-1,-1,-1,-1,0,10,-1,1,1,3,-1,-1,-1,0,0,1,0,0,10,0,0,0,25.03
1,0,0,0,-1,0,1,3,0,0,0,0,3,3,1,2,1,2,2,2,0,3,0,1,25,0,9223372036800000000,60,0,10,0,0,7,0,2,1,0,0,1,0,2,3,20,0,0,0,2,0,1,-1,-1,-1,-1,-1,10,-1,1,1,3,-1,-1,3,0,0,1,0,0,10,0,0,0,16.44
1,0,0,0,-1,0,1,0,0,0,0,0,3,-1,-1,1,-1,2,-1,0,-1,3,0,-1,400,0,9223372036800000000,1e+75,0,10,0,0,7,0,3,1,0,0,1,1,0,1,0,0,0,3,2,0,1,-1,-1,-1,-1,0,10,-1,1,1,3,-1,-1,-1,0,0,1,0,0,10,0,0,0,19.18
1,0,0,0,-1,0,1,0,0,0,0,0,3,-1,1,2,0,-1,1,0,1,3,0,16,10,0,9223372036800000000,120,0,10,0,0,5,0,2,1,0,0,1,0,3,-1,20,0,0,2,2,0,1,-1,-1,-1,-1,0,10,-1,1,1,3,-1,-1,3,0,0,1,3,0,10,0,0,0,26.09
1,0,0,0,-1,0,1,5,0,0,0,0,3,0,-1,0,-1,1,0,1,2,3,0,-1,50,0,9223372036800000000,1e+75,0,10,0,0,7,0,0,1,0,0,1,1,0,0,0,0,0,0,2,0,1,-1,-1,-1,-1,0,10,-1,1,1,3,-1,-1,-1,0,0,1,0,0,10,0,0,0,19.08
1,0,0,0,-1,0,1,5,0,0,0,0,3,-1,0,1,-1,2,-1,2,2,3,0,1,100,0,9223372036800000000,240,0,10,0,0,30,0,2,1,0,0,1,1,0,0,100,0,0,4,2,0,1,-1,-1,-1,-1,0,10,-1,1,1,3,-1,-1,-1,0,0,1,0,0,10,0,0,0,26.91
1,0,0,0,-1,0,1,0,0,0,0,0,0,0,0,0,0,0,0,0,0,3,0,-1,400,0,9223372036800000000,1e+75,0,10,0,0,7,0,0,1,0,0,1,1,0,0,0,0,0,0,2,0,1,-1,-1,-1,-1,0,10,-1,1,1,3,-1,-1,5,0,0,1,0,0,10,0,0,0,13.49
1,0,0,0,-1,0,1,5,0,0,0,0,3,0,-1,0,-1,1,0,2,2,3,0,-1,800,0,9223372036800000000,1e+75,0,10,0,0,7,0,0,1,0,0,1,1,0,0,0,0,0,0,2,0,1,-1,-1,-1,-1,0,10,-1,1,1,3,-1,-1,-1,0,0,1,0,0,10,0,0,0,19.83
1,0,0,0,-1,0,1,3,0,0,0,0,1,1,-1,-1,-1,1,2,0,2,3,0,-1,10,0,9223372036800000000,20,0,10,0,0,7,0,3,1,0,0,1,1,0,0,60,0,0,3,2,0,1,-1,-1,-1,-1,0,10,-1,1,1,3,-1,-1,-1,0,0,1,0,0,10,0,0,0,25.59
1,0,0,0,-1,0,1,5,0,0,0,0,1,3,0,1,0,2,2,1,2,3,0,2,400,0,9223372036800000000,50,0,10,0,0,0,0,3,1,0,0,1,1,1,1,1000,0,4,3,2,0,1,-1,-1,-1,-1,1,10,-1,1,1,3,-1,-1,4,0,0,1,0,0,10,0,0,0,58.19
1,0,0,0,-1,0,1,5,0,0,0,0,0,1,-1,0,1,0,0,-1,2,3,0,-1,50,0,9223372036800000000,1e+75,0,10,0,0,7,0,0,1,0,0,1,1,0,-1,0,0,0,0,2,0,1,-1,-1,-1,-1,0,10,-1,1,1,3,-1,-1,-1,0,0,1,0,0,10,0,0,0,15.21
1,0,0,0,-1,0,1,4,0,0,0,0,1,0,1,-1,0,0,-1,-1,1,3,0,-1,25,0,9223372036800000000,1e+75,0,10,0,0,7,0,0,1,0,0,1,1,0,0,0,0,0,0,2,0,1,-1,-1,-1,-1,0,10,-1,1,1,3,-1,-1,-1,0,0,1,0,0,10,0,0,0,18.96
1,0,0,0,-1,0,1,4,0,0,0,0,-1,0,-1,2,-1,-1,-1,-1,2,3,0,16,50,0,9223372036800000000,30,0,10,0,0,10,0,2,1,0,0,1,0,3,-1,40,0,0,-1,2,0,1,-1,-1,-1,-1,0,10,-1,1,1,3,-1,-1,0,0,0,1,0,0,10,0,0,0,44.28
1,0,0,0,-1,0,1,3,0,0,0,0,1,3,-1,1,-1,2,-1,1,0,3,0,-1,200,0,9223372036800000000,1e+75,0,10,0,0,7,0,3,1,0,0,1,1,0,1,-1,0,0,0,2,0,1,-1,-1,-1,-1,0,10,-1,1,1,3,-1,-1,-1,0,0,1,0,0,10,0,0,0,17.16
1,0,0,0,-1,0,1,3,0,0,0,0,2,0,1,0,1,-1,-1,1,0,3,0,-1,25,0,9223372036800000000,1e+75,0,10,0,0,7,0,0,1,0,0,1,1,0,0,0,0,0,0,2,0,1,-1,-1,-1,-1,0,10,-1,1,1,3,-1,-1,-1,0,0,1,0,0,10,0,0,0,20.54
1,0,0,0,-1,0,1,2,0,0,0,0,3,-1,-1,0,1,-1,0,2,-1,3,0,8,25,0,9223372036800000000,1,0,10,0,0,5,0,1,1,0,0,1,0,0,0,500,0,0,0,2,0,1,-1,-1,-1,-1,0,10,-1,1,1,3,-1,-1,5,0,0,1,4,0,10,0,0,0,19.44
1,0,0,0,-1,0,1,5,0,0,0,0,1,0,1,0,0,0,2,2,2,3,0,-1,50,0,9223372036800000000,1e+75,0,10,0,0,7,0,0,1,0,0,1,1,0,0,0,0,0,0,2,0,1,-1,-1,-1,-1,0,10,-1,1,1,3,-1,-1,-1,0,0,1,0,0,10,0,0,0,19.61
1,0,0,0,-1,0,1,4,0,0,0,0,-1,0,0,2,0,1,-1,0,2,3,0,-1,150,0,9223372036800000000,1e+75,0,10,0,0,7,0,0,1,0,0,1,1,0,0,0,0,0,0,2,0,1,-1,-1,-1,-1,0,10,-1,1,1,3,-1,-1,-1,0,0,1,0,0,10,0,0,0,24.41
1,0,0,0,-1,0,1,3,0,0,0,0,3,0,1,2,1,-1,-1,1,0,3,0,-1,25,0,9223372036800000000,1e+75,0,10,0,0,7,0,0,1,0,0,1,1,0,0,0,0,0,0,2,0,1,-1,-1,-1,-1,0,10,-1,1,1,3,-1,-1,-1,0,0,1,0,0,10,0,0,0,13.42
1,0,0,0,-1,0,1,2,0,0,0,0,1,0,-1,0,0,0,2,-1,-1,3,0,-1,50,0,9223372036800000000,5,0,10,0,0,7,0,2,1,0,0,1,1,0,-1,-1,0,0,-1,2,0,1,-1,-1,-1,-1,0,10,-1,1,1,3,-1,-1,-1,0,0,1,0,0,10,0,0,0,43.49
1,0,0,0,-1,0,1,4,0,0,0,0,0,2,1,1,2,-1,-1,1,1,3,0,-1,100,0,9223372036800000000,1e+75,0,10,0,0,7,0,0,1,0,0,1,1,0,0,0,0,0,0,2,0,1,-1,-1,-1,-1,0,10,-1,1,1,3,-1,-1,-1,0,0,1,0,0,10,0,0,0,23.39
1,0,0,0,-1,0,1,4,0,0,0,0,0,1,-1,2,0,-1,1,-1,1,3,0,-1,150,0,9223372036800000000,1e+75,0,10,0,0,7,0,0,1,0,0,1,1,0,3,0,0,0,0,2,0,1,-1,-1,-1,-1,0,10,-1,1,1,3,-1,-1,-1,0,0,1,0,0,10,0,0,0,26.3
1,0,0,0,-1,0,1,2,0,0,0,0,3,3,1,-1,2,-1,-1,-1,-1,3,0,-1,100,0,9223372036800000000,50,0,10,0,0,7,0,3,1,0,0,1,1,0,3,20,0,0,0,2,0,1,-1,-1,-1,-1,0,10,-1,1,1,3,-1,-1,-1,0,0,1,0,0,10,0,0,0,15.56
1,0,0,0,-1,0,1,5,0,0,0,0,2,0,0,1,1,-1,2,1,-1,3,0,-1,400,0,9223372036800000000,1e+75,0,10,0,0,7,0,1,1,0,0,1,1,0,3,0,0,0,2,2,0,1,-1,-1,-1,-1,0,10,-1,1,1,3,-1,-1,-1,0,0,1,0,0,10,0,0,0,34.82
1,0,0,0,-1,0,1,5,0,0,0,0,-1,1,1,2,-1,1,-1,-1,0,3,0,16,10,0,9223372036800000000,120,0,10,0,0,4,0,1,1,0,0,1,0,2,0,200,0,0,3,2,0,1,-1,-1,-1,-1,1,10,-1,1,1,3,-1,-1,5,0,0,1,0,0,10,0,0,0,24.23
1,0,0,0,-1,0,1,3,0,0,0,0,2,0,1,2,1,-1,1,1,0,3,0,-1,25,0,9223372036800000000,1e+75,0,10,0,0,7,0,0,1,0,0,1,1,0,0,0,0,0,0,2,0,1,-1,-1,-1,-1,0,10,-1,1,1,3,-1,-1,-1,0,0,1,0,0,10,0,0,0,13.42
1,0,0,0,-1,0,1,5,0,0,0,0,-1,1,1,2,-1,1,-1,-1,0,3,0,16,10,0,9223372036800000000,120,0,10,0,0,4,0,1,1,0,0,1,0,2,0,200,0,0,3,2,0,1,-1,-1,-1,-1,1,10,-1,1,1,3,-1,-1,-1,0,0,1,0,0,10,0,0,0,24.23
1,0,0,0,-1,0,1,2,0,0,0,0,3,0,1,0,-1,2,2,-1,0,3,0,-1,25,0,9223372036800000000,30,0,10,0,0,7,0,3,1,0,0,1,1,0,2,1000,0,0,0,2,0,1,-1,-1,-1,-1,0,10,-1,1,1,3,-1,-1,-1,0,0,1,0,0,10,0,0,0,32.28
1,0,0,0,-1,0,1,3,0,0,0,0,3,1,-1,1,-1,2,-1,1,0,3,0,-1,200,0,9223372036800000000,1e+75,0,10,0,0,7,0,0,1,0,0,1,1,0,1,0,0,0,0,2,0,1,-1,-1,-1,-1,0,10,-1,1,1,3,-1,-1,-1,0,0,1,0,0,10,0,0,0,17.48
1,0,0,0,-1,0,1,5,0,0,0,0,3,3,0,1,-1,2,-1,2,2,3,0,1,100,0,9223372036800000000,240,0,10,0,0,30,0,3,1,0,0,1,1,0,0,100,0,0,4,2,0,1,-1,-1,-1,-1,0,10,-1,1,1,3,-1,-1,-1,0,0,1,0,0,10,0,0,0,26.91
1,0,0,0,-1,0,1,5,0,0,0,0,3,0,-1,-1,2,0,1,1,0,3,0,-1,50,0,9223372036800000000,1e+75,0,10,0,0,7,0,0,1,0,0,1,1,0,0,0,0,0,0,2,0,1,-1,-1,-1,-1,0,10,-1,1,1,3,-1,-1,-1,0,0,1,0,0,10,0,0,0,20.23
1,0,0,0,-1,0,1,0,0,0,0,0,1,-1,1,1,-1,2,2,2,2,3,0,-1,400,0,9223372036800000000,0,0,10,0,0,3,0,0,1,0,0,1,0,0,0,1000,0,3,3,2,0,1,-1,-1,-1,-1,0,10,-1,1,1,3,-1,-1,3,0,0,1,0,0,10,0,0,0,52.15
1,0,0,0,-1,0,1,5,0,0,0,0,3,0,-1,-1,2,0,1,1,0,3,0,-1,10,0,9223372036800000000,1e+75,0,10,0,0,7,0,0,1,0,0,1,1,0,0,0,0,0,0,2,0,1,-1,-1,-1,-1,0,10,-1,1,1,3,-1,-1,-1,0,0,1,0,0,10,0,0,0,19.4
1,0,0,0,-1,0,1,0,0,0,0,0,2,0,-1,-1,-1,0,0,1,-1,3,0,-1,25,0,9223372036800000000,1e+75,0,10,0,0,7,0,0,1,0,0,1,1,0,0,0,0,0,0,2,0,1,-1,-1,-1,-1,0,10,-1,1,1,3,-1,-1,-1,0,0,1,0,0,10,0,0,0,23.83
1,0,0,0,-1,0,1,2,0,0,0,0,3,3,1,0,2,-1,-1,-1,-1,3,0,-1,100,0,9223372036800000000,60,0,10,0,0,7,0,3,1,0,0,1,1,0,3,20,0,0,0,2,0,1,-1,-1,-1,-1,0,10,-1,1,1,3,-1,-1,-1,0,0,1,0,0,10,0,0,0,25.65
1,0,0,0,-1,0,1,2,0,0,0,0,1,2,1,-1,2,0,0,2,-1,3,0,-1,200,0,9223372036800000000,40,0,10,0,0,7,0,2,1,0,0,1,1,0,0,1000,0,0,3,2,0,1,-1,-1,-1,-1,0,10,-1,1,1,3,-1,-1,-1,0,0,1,0,0,10,0,0,0,23.84
1,0,0,0,-1,0,1,1,0,0,0,0,2,0,-1,-1,-1,0,0,1,-1,3,0,-1,25,0,9223372036800000000,1e+75,0,10,0,0,7,0,0,1,0,0,1,1,0,0,0,0,0,0,2,0,1,-1,-1,-1,-1,0,10,-1,1,1,3,-1,-1,-1,0,0,1,0,0,10,0,0,0,1.79769e+308
1,0,0,0,-1,0,1,3,0,0,0,0,3,0,-1,1,1,-1,1,-1,1,3,0,-1,150,0,9223372036800000000,1e+75,0,10,0,0,7,0,0,1,0,0,1,1,0,0,0,0,0,0,2,0,1,-1,-1,-1,-1,0,10,-1,1,1,3,-1,-1,-1,0,0,1,0,0,10,0,0,0,13.08
1,0,0,0,-1,0,1,5,0,0,0,0,3,0,1,1,0,1,-1,-1,0,3,0,-1,150,0,9223372036800000000,1e+75,0,10,0,0,7,0,2,1,0,0,1,1,0,-1,0,0,0,3,2,0,1,-1,-1,-1,-1,0,10,-1,1,1,3,-1,-1,-1,0,0,1,0,0,10,0,0,0,20.69
1,0,0,0,-1,0,1,5,0,0,0,0,3,3,1,2,0,0,-1,1,-1,3,0,-1,200,0,9223372036800000000,1e+75,0,10,0,0,7,0,2,1,0,0,1,1,0,-1,0,0,0,2,2,0,1,-1,-1,-1,-1,0,10,-1,1,1,3,-1,-1,-1,0,0,1,0,0,10,0,0,0,19.82
1,0,0,0,-1,0,1,2,0,0,0,0,1,0,1,0,0,0,2,2,2,3,0,-1,25,0,9223372036800000000,1e+75,0,10,0,0,7,0,0,1,0,0,1,1,0,0,0,0,0,0,2,0,1,-1,-1,-1,-1,0,10,-1,1,1,3,-1,-1,-1,0,0,1,0,0,10,0,0,0,20.62
1,0,0,0,-1,0,1,4,0,0,0,0,1,0,0,1,2,1,1,2,0,3,0,16,50,0,9223372036800000000,10,0,10,0,0,15,0,2,1,0,0,1,1,3,2,1000,0,1,4,2,0,1,-1,-1,-1,-1,-1,10,-1,1,1,3,-1,-1,2,0,0,1,3,0,10,0,0,0,21.97
1,0,0,0,-1,0,1,3,0,0,0,0,0,2,1,2,1,-1,2,2,2,3,0,-1,100,0,9223372036800000000,240,0,10,0,0,7,0,1,1,0,0,1,1,0,1,20,0,0,2,2,0,1,-1,-1,-1,-1,0,10,-1,1,1,3,-1,-1,-1,0,0,1,0,0,10,0,0,0,33.93
1,0,0,0,-1,0,1,2,0,0,0,0,3,-1,-1,2,1,-1,0,2,-1,3,0,8,25,0,9223372036800000000,50,0,10,0,0,5,0,1,1,0,0,1,0,0,0,500,0,0,0,2,0,1,-1,-1,-1,-1,0,10,-1,1,1,3,-1,-1,5,0,0,1,4,0,10,0,0,0,19.51
1,0,0,0,-1,0,1,3,0,0,0,0,1,1,-1,-1,2,0,-1,-1,2,3,0,-1,150,0,9223372036800000000,20,0,10,0,0,0,0,1,1,0,0,1,1,2,3,0,0,2,0,2,0,1,-1,-1,-1,-1,0,10,-1,1,1,3,-1,-1,-1,0,0,1,0,0,10,0,0,0,14.97
1,0,0,0,-1,0,1,0,0,0,0,0,2,1,-1,-1,1,0,2,1,-1,3,0,-1,400,0,9223372036800000000,1e+75,0,10,0,0,7,0,0,1,0,0,1,1,0,-1,0,0,0,3,2,0,1,-1,-1,-1,-1,0,10,-1,1,1,3,-1,-1,-1,0,0,1,0,0,10,0,0,0,21.63
1,0,0,0,-1,0,1,5,0,0,0,0,2,0,-1,-1,-1,0,0,1,-1,3,0,-1,200,0,9223372036800000000,1e+75,0,10,0,0,7,0,0,1,0,0,1,1,0,0,0,0,0,0,2,0,1,-1,-1,-1,-1,0,10,-1,1,1,3,-1,-1,-1,0,0,1,0,0,10,0,0,0,19.48
1,0,0,0,-1,0,1,5,0,0,0,0,0,2,0,0,1,1,1,1,1,3,0,-1,800,0,9223372036800000000,1e+75,0,10,0,0,7,0,1,1,0,0,1,1,0,-1,0,0,0,2,2,0,1,-1,-1,-1,-1,0,10,-1,1,1,3,-1,-1,-1,0,0,1,0,0,10,0,0,0,21.84
1,0,0,0,-1,0,1,5,0,0,0,0,2,0,0,-1,-1,0,0,1,-1,3,0,-1,25,0,9223372036800000000,1e+75,0,10,0,0,7,0,0,1,0,0,1,1,0,0,0,0,0,0,2,0,1,-1,-1,-1,-1,0,10,-1,1,1,3,-1,-1,-1,0,0,1,0,0,10,0,0,0,16.03
1,0,0,0,-1,0,1,3,0,0,0,0,2,1,1,0,0,1,2,-1,2,3,0,-1,150,0,9223372036800000000,1e+75,0,10,0,0,7,0,2,1,0,0,1,1,0,0,0,0,0,-1,2,0,1,-1,-1,-1,-1,0,10,-1,1,1,3,-1,-1,-1,0,0,1,0,0,10,0,0,0,1.79769e+308
1,0,0,0,-1,0,1,3,0,0,0,0,0,0,1,2,1,2,2,2,2,3,0,-1,100,0,9223372036800000000,240,0,10,0,0,7,0,1,1,0,0,1,1,0,1,20,0,0,2,2,0,1,-1,-1,-1,-1,0,10,-1,1,1,3,-1,-1,-1,0,0,1,0,0,10,0,0,0,34.67
1,0,0,0,-1,0,1,2,0,0,0,0,1,1,-1,1,1,2,2,0,0,3,0,1,800,0,9223372036800000000,60,0,10,0,0,3,0,0,1,0,0,1,1,0,1,0,0,0,4,2,0,1,-1,-1,-1,-1,-1,10,-1,1,1,3,-1,-1,5,0,0,1,0,0,10,0,0,0,39.45
1,0,0,0,-1,0,1,0,0,0,0,0,3,0,-1,0,0,-1,1,-1,-1,3,0,-1,400,0,9223372036800000000,1e+75,0,10,0,0,7,0,3,1,0,0,1,1,0,0,0,0,0,3,2,0,1,-1,-1,-1,-1,0,10,-1,1,1,3,-1,-1,-1,0,0,1,0,0,10,0,0,0,16.65
1,0,0,0,-1,0,1,5,0,0,0,0,1,3,1,2,0,2,1,0,-1,3,0,-1,400,0,9223372036800000000,0,0,10,0,0,7,0,3,1,0,0,1,1,0,-1,60,0,0,3,2,0,1,-1,-1,-1,-1,0,10,-1,1,1,3,-1,-1,-1,0,0,1,0,0,10,0,0,0,24.35
1,0,0,0,-1,0,1,5,0,0,0,0,2,0,-1,-1,-1,0,0,1,-1,3,0,-1,100,0,9223372036800000000,1e+75,0,10,0,0,7,0,0,1,0,0,1,1,0,0,0,0,0,0,2,0,1,-1,-1,-1,-1,0,10,-1,1,1,3,-1,-1,-1,0,0,1,0,0,10,0,0,0,19.61
1,0,0,0,-1,0,1,5,0,0,0,0,2,0,-1,-1,-1,1,0,1,-1,3,0,-1,25,0,9223372036800000000,1e+75,0,10,0,0,7,0,0,1,0,0,1,1,0,0,0,0,0,0,2,0,1,-1,-1,-1,-1,0,10,-1,1,1,3,-1,-1,-1,0,0,1,0,0,10,0,0,0,22.48
1,0,0,0,-1,0,1,4,0,0,0,0,-1,0,-1,2,-1,-1,-1,-1,2,3,0,16,50,0,9223372036800000000,30,0,10,0,0,10,0,2,1,0,0,1,0,0,-1,0,0,0,-1,2,0,1,-1,-1,-1,-1,0,10,-1,1,1,3,-1,-1,0,0,0,1,0,0,10,0,0,0,39.02
1,0,0,0,-1,0,1,0,0,0,0,0,-1,-1,0,2,2,1,2,-1,1,3,0,16,10,0,9223372036800000000,30,0,10,0,0,15,0,2,1,0,0,1,1,0,3,-1,0,4,4,2,0,1,-1,-1,-1,-1,1,10,-1,1,1,3,-1,-1,2,0,0,1,4,0,10,0,0,0,1.79769e+308
1,0,0,0,-1,0,1,1,0,0,0,0,2,1,0,-1,2,1,-1,1,1,3,0,8,150,0,9223372036800000000,10,0,10,0,0,7,0,3,1,0,0,1,1,0,3,0,0,0,0,2,0,1,-1,-1,-1,-1,1,10,-1,1,1,3,-1,-1,0,0,0,1,1,0,10,0,0,0,32.38
1,0,0,0,-1,0,1,0,0,0,0,0,0,0,0,2,0,0,0,0,0,3,0,-1,400,0,9223372036800000000,1e+75,0,10,0,0,7,0,0,1,0,0,1,1,0,0,0,0,0,0,2,0,1,-1,-1,-1,-1,0,10,-1,1,1,3,-1,-1,-1,0,0,1,0,0,10,0,0,0,32.04
1,0,0,0,-1,0,1,5,0,0,0,0,2,0,-1,-1,-1,0,2,1,-1,3,0,-1,25,0,9223372036800000000,1e+75,0,10,0,0,7,0,0,1,0,0,1,1,0,0,0,0,0,0,2,0,1,-1,-1,-1,-1,0,10,-1,1,1,3,-1,-1,-1,0,0,1,0,0,10,0,0,0,16.03
1,0,0,0,-1,0,1,5,0,0,0,0,3,0,1,0,1,0,2,-1,0,3,0,-1,150,0,9223372036800000000,240,0,10,0,0,7,0,2,1,0,0,1,1,0,3,60,0,0,0,2,0,1,-1,-1,-1,-1,0,10,-1,1,1,3,-1,-1,-1,0,0,1,0,0,10,0,0,0,16.68
1,0,0,0,-1,0,1,3,0,0,0,0,1,1,-1,-1,-1,1,2,-1,0,3,0,-1,200,0,9223372036800000000,1e+75,0,10,0,0,7,0,0,1,0,0,1,1,0,-1,0,0,0,0,2,0,1,-1,-1,-1,-1,0,10,-1,1,1,3,-1,-1,-1,0,0,1,0,0,10,0,0,0,1.79769e+308
1,0,0,0,-1,0,1,3,0,0,0,0,2,0,-1,-1,-1,0,0,1,-1,3,0,-1,25,0,9223372036800000000,1e+75,0,10,0,0,7,0,0,1,0,0,1,1,0,0,0,0,0,0,2,0,1,-1,-1,-1,-1,0,10,-1,1,1,3,-1,-1,-1,0,0,1,0,0,10,0,0,0,25.98
1,0,0,0,-1,0,1,0,0,0,0,0,3,0,1,2,0,-1,2,0,1,3,0,16,10,0,9223372036800000000,120,0,10,0,0,5,0,2,1,0,0,1,0,3,-1,20,0,0,2,2,0,1,-1,-1,-1,-1,1,10,-1,1,1,3,-1,-1,3,0,0,1,3,0,10,0,0,0,23.75
1,0,0,0,-1,0,1,0,0,0,0,0,0,0,0,1,0,0,0,0,0,3,0,-1,400,0,9223372036800000000,1e+75,0,10,0,0,7,0,0,1,0,0,1,1,0,0,0,0,0,0,2,0,1,-1,-1,-1,-1,0,10,-1,1,1,3,-1,-1,-1,0,0,1,0,0,10,0,0,0,32.43
1,0,0,0,-1,0,1,5,0,0,0,0,3,0,-1,2,-1,1,0,2,2,3,0,-1,50,0,9223372036800000000,1e+75,0,10,0,0,7,0,0,1,0,0,1,1,0,0,0,0,0,0,2,0,1,-1,-1,-1,-1,0,10,-1,1,1,3,-1,-1,-1,0,0,1,0,0,10,0,0,0,22.84
1,0,0,0,-1,0,1,0,0,0,0,0,3,-1,1,2,-1,0,-1,2,-1,3,0,16,50,0,9223372036800000000,240,0,10,0,0,7,0,0,1,0,0,1,1,0,-1,-1,0,5,-1,2,0,1,-1,0,-1,-1,1,10,-1,1,1,3,-1,-1,1,0,0,1,2,0,10,0,0,0,1.79769e+308
1,0,0,0,-1,0,1,5,0,0,0,0,-1,1,1,0,-1,1,-1,-1,0,3,0,16,10,0,9223372036800000000,120,0,10,0,0,4,0,1,1,0,0,1,0,2,0,200,0,0,3,2,0,1,-1,-1,-1,-1,1,10,-1,1,1,3,-1,-1,5,0,0,1,0,0,10,0,0,0,24.79
1,0,0,0,-1,0,1,4,0,0,0,0,2,0,1,2,-1,2,-1,0,2,3,0,-1,25,0,9223372036800000000,1e+75,0,10,0,0,7,0,0,1,0,0,1,1,0,0,0,0,0,0,2,0,1,-1,-1,-1,-1,0,10,-1,1,1,3,-1,-1,-1,0,0,1,0,0,10,0,0,0,19.44
1,0,0,0,-1,0,1,3,0,0,0,0,1,-1,1,2,0,2,1,0,-1,3,0,-1,400,0,9223372036800000000,1,0,10,0,0,7,0,3,1,0,0,1,1,0,-1,-1,0,0,3,2,0,1,-1,-1,-1,-1,0,10,-1,1,1,3,-1,-1,-1,0,0,1,0,0,10,0,0,0,27.54
1,0,0,0,-1,0,1,0,0,0,0,0,1,2,1,-1,-1,0,1,-1,1,3,0,-1,400,0,9223372036800000000,50,0,10,0,0,7,0,2,1,0,0,1,1,0,2,500,0,0,1,2,0,1,-1,-1,-1,-1,0,10,-1,1,1,3,-1,-1,-1,0,0,1,0,0,10,0,0,0,54.33
1,0,0,0,-1,0,1,5,0,0,0,0,2,1,1,0,1,0,-1,-1,1,3,0,16,50,0,9223372036800000000,2,0,10,0,0,10,0,0,1,0,0,1,1,3,-1,500,0,0,3,2,0,1,-1,-1,-1,-1,-1,10,-1,1,1,3,-1,-1,5,0,0,1,5,0,10,0,0,0,23.82
1,0,0,0,-1,0,1,2,0,0,0,0,1,0,1,0,-1,0,2,2,2,3,0,-1,50,0,9223372036800000000,1e+75,0,10,0,0,7,0,0,1,0,0,1,1,0,0,0,0,0,0,2,0,1,-1,-1,-1,-1,0,10,-1,1,1,3,-1,-1,-1,0,0,1,0,0,10,0,0,0,21.4
1,0,0,0,-1,0,1,4,0,0,0,0,-1,0,0,2,2,1,-1,0,-1,3,0,-1,25,0,9223372036800000000,1e+75,0,10,0,0,7,0,0,1,0,0,1,1,0,0,0,0,0,0,2,0,1,-1,-1,-1,-1,0,10,-1,1,1,3,-1,-1,-1,0,0,1,0,0,10,0,0,0,29.95
1,0,0,0,-1,0,1,0,0,0,0,0,0,0,0,2,0,2,0,2,1,3,0,-1,50,0,9223372036800000000,1e+75,0,10,0,0,7,0,0,1,0,0,1,1,0,0,0,0,0,0,2,0,1,-1,-1,-1,-1,0,10,-1,1,1,3,-1,-1,-1,0,0,1,0,0,10,0,0,0,23.68
1,0,0,0,-1,0,1,1,0,0,0,0,-1,0,1,0,0,1,1,0,1,3,0,-1,25,0,9223372036800000000,1e+75,0,10,0,0,7,0,0,1,0,0,1,1,0,0,0,0,0,0,2,0,1,-1,-1,-1,-1,0,10,-1,1,1,3,-1,-1,-1,0,0,1,0,0,10,0,0,0,17.82
1,0,0,0,-1,0,1,4,0,0,0,0,1,0,0,1,2,1,1,2,0,3,0,-1,50,0,9223372036800000000,10,0,10,0,0,15,0,2,1,0,0,1,1,3,2,-1,0,1,4,2,0,1,-1,-1,-1,-1,-1,10,-1,1,1,3,-1,-1,2,0,0,1,3,0,10,0,0,0,14.46
1,0,0,0,-1,0,1,0,0,0,0,0,0,0,0,0,0,0,0,0,0,3,0,-1,400,0,9223372036800000000,1e+75,0,10,0,0,7,0,1,1,0,0,1,1,0,0,0,0,0,0,2,0,1,-1,-1,-1,-1,0,10,-1,1,1,3,-1,-1,-1,0,0,1,0,0,10,0,0,0,31.65
1,0,0,0,-1,0,1,5,0,0,0,0,1,1,-1,0,1,0,2,0,-1,3,0,-1,800,0,9223372036800000000,1e+75,0,10,0,0,7,0,0,1,0,0,1,1,0,1,0,0,0,0,2,0,1,-1,-1,-1,-1,0,10,-1,1,1,3,-1,-1,-1,0,0,1,0,0,10,0,0,0,18.14
1,0,0,0,-1,0,1,3,0,0,0,0,1,3,-1,1,-1,2,-1,1,0,3,0,-1,200,0,9223372036800000000,1e+75,0,10,0,0,7,0,3,1,0,0,1,1,0,1,20,0,0,0,2,0,1,-1,-1,3,-1,0,10,-1,1,1,3,-1,-1,-1,0,0,1,2,0,10,0,0,0,8.13
1,0,0,0,-1,0,1,2,0,0,0,0,2,2,0,1,-1,0,2,2,-1,3,0,-1,50,0,9223372036800000000,1e+75,0,10,0,0,7,0,1,1,0,0,1,1,0,-1,1000,0,0,1,2,0,1,-1,-1,-1,-1,0,10,-1,1,1,3,-1,-1,-1,0,0,1,0,0,10,0,0,0,42.81
1,0,0,0,-1,0,1,2,0,0,0,0,-1,0,-1,0,0,1,1,0,1,3,0,-1,25,0,9223372036800000000,1e+75,0,10,0,0,7,0,0,1,0,0,1,1,0,0,0,0,0,0,2,0,1,-1,-1,-1,-1,0,10,-1,1,1,3,-1,-1,-1,0,0,1,0,0,10,0,0,0,32.49
1,0,0,0,-1,0,1,3,0,0,0,0,1,0,-1,1,2,1,2,2,-1,3,0,-1,200,0,9223372036800000000,1e+75,0,10,0,0,7,0,0,1,0,0,1,1,0,3,0,0,0,0,2,0,1,-1,-1,-1,-1,0,10,-1,1,1,3,-1,-1,-1,0,0,1,0,0,10,0,0,0,11.22
1,0,0,0,-1,0,1,5,0,0,0,0,3,0,-1,-1,2,0,1,-1,0,3,0,-1,100,0,9223372036800000000,1e+75,0,10,0,0,7,0,0,1,0,0,1,1,0,0,0,0,0,0,2,0,1,-1,-1,-1,-1,0,10,-1,1,1,3,-1,-1,-1,0,0,1,0,0,10,0,0,0,23.07
1,0,0,0,-1,0,1,3,0,0,0,0,1,1,-1,-1,2,0,-1,-1,2,3,0,-1,150,0,9223372036800000000,20,0,10,0,0,0,0,1,1,0,0,1,1,2,3,60,0,2,0,2,0,1,-1,-1,-1,-1,0,10,-1,1,1,3,-1,-1,-1,0,0,1,0,0,10,0,0,0,14.32
1,0,0,0,-1,0,1,3,0,0,0,0,1,-1,-1,1,2,1,2,2,-1,3,0,-1,200,0,9223372036800000000,1e+75,0,10,0,0,7,0,0,1,0,0,1,1,0,0,0,0,0,0,2,0,1,-1,-1,-1,-1,0,10,-1,1,1,3,-1,-1,-1,0,0,1,0,0,10,0,0,0,10.76
1,0,0,0,-1,0,1,0,0,0,0,0,1,1,0,2,0,1,0,-1,0,3,0,16,200,0,9223372036800000000,120,0,10,0,0,7,0,0,1,0,0,1,0,1,2,100,0,0,4,2,0,1,-1,-1,-1,-1,1,10,-1,1,1,3,-1,-1,1,0,0,1,0,0,10,0,0,0,24.2
1,0,0,0,-1,0,1,3,0,0,0,0,-1,-1,1,1,2,-1,2,0,1,3,0,1,10,0,9223372036800000000,240,0,10,0,0,5,0,3,1,0,0,1,0,0,1,40,0,0,-1,2,0,1,-1,-1,-1,-1,1,10,-1,1,1,3,-1,-1,3,0,0,1,0,0,10,0,0,0,1.79769e+308
1,0,0,0,-1,0,1,0,0,0,0,0,2,-1,0,2,1,1,1,-1,0,3,0,-1,400,0,9223372036800000000,1e+75,0,10,0,0,7,0,3,1,0,0,1,1,0,0,0,0,0,3,2,0,1,-1,-1,-1,-1,0,10,-1,1,1,3,-1,-1,-1,0,0,1,0,0,10,0,0,0,20.14
1,0,0,0,-1,0,1,2,0,0,0,0,1,-1,1,-1,1,1,2,-1,2,3,0,-1,100,0,9223372036800000000,1e+75,0,10,0,0,7,0,0,1,0,0,1,1,0,2,0,0,0,0,2,0,1,-1,-1,-1,-1,0,10,-1,1,1,3,-1,-1,-1,0,0,1,0,0,10,0,0,0,31.18
1,0,0,0,-1,0,1,2,0,0,0,0,3,3,1,-1,2,-1,-1,-1,-1,3,0,-1,100,0,9223372036800000000,60,0,10,0,0,7,0,3,1,0,0,1,1,0,3,60,0,0,0,2,0,1,-1,-1,-1,-1,0,10,-1,1,1,3,-1,-1,-1,0,0,1,0,0,10,0,0,0,16.42
1,0,0,0,-1,0,1,3,0,0,0,0,1,-1,1,2,0,2,1,-1,-1,3,0,-1,400,0,9223372036800000000,0,0,10,0,0,7,0,3,1,0,0,1,1,0,-1,-1,0,0,3,2,0,1,-1,-1,-1,-1,0,10,-1,1,1,3,-1,-1,-1,0,0,1,0,0,10,0,0,0,28.32
1,0,0,0,-1,0,1,3,0,0,0,0,3,1,-1,0,-1,1,2,0,2,3,0,-1,10,0,9223372036800000000,20,0,10,0,0,7,0,3,1,0,0,1,1,0,0,100,0,0,3,2,0,1,-1,-1,-1,-1,0,10,-1,1,1,3,-1,-1,-1,0,0,1,0,0,10,0,0,0,25.34
1,0,0,0,-1,0,1,5,0,0,0,0,2,1,1,0,1,0,-1,-1,1,3,0,16,200,0,9223372036800000000,10,0,10,0,0,10,0,0,1,0,0,1,1,3,-1,200,0,0,3,2,0,1,-1,-1,-1,-1,-1,10,-1,1,1,3,-1,-1,5,0,0,1,5,0,10,0,0,0,22.6
1,0,0,0,-1,0,1,4,0,0,0,0,2,0,1,2,-1,2,2,-1,2,3,0,-1,400,0,9223372036800000000,1e+75,0,10,0,0,7,0,0,1,0,0,1,1,0,0,0,0,0,0,2,0,1,-1,-1,-1,-1,0,10,-1,1,1,3,-1,-1,-1,0,0,1,0,0,10,0,0,0,26.08
1,0,0,0,-1,0,1,4,0,0,0,0,-1,3,-1,2,-1,-1,2,-1,2,3,0,16,50,0,9223372036800000000,30,0,10,0,0,10,0,2,1,0,0,1,0,0,-1,0,0,0,-1,2,0,1,-1,-1,-1,-1,0,10,-1,1,1,3,-1,-1,0,0,0,1,0,0,10,0,0,0,38.78
1,0,0,0,-1,0,1,5,0,0,0,0,1,3,0,-1,0,2,2,1,2,3,0,16,400,0,9223372036800000000,50,0,10,0,0,0,0,3,1,0,0,1,1,1,1,1000,0,4,3,2,0,1,-1,-1,-1,-1,1,10,-1,1,1,3,-1,-1,4,0,0,1,0,0,10,0,0,0,1.79769e+308
1,0,0,0,-1,0,1,1,0,0,0,0,1,0,-1,1,2,1,-1,0,-1,3,0,-1,150,0,9223372036800000000,1e+75,0,10,0,0,7,0,0,1,0,0,1,1,0,0,0,0,0,0,2,0,1,-1,-1,-1,-1,0,10,-1,1,1,3,-1,-1,-1,0,0,1,0,0,10,0,0,0,36.08
1,0,0,0,-1,0,1,3,0,0,0,0,2,2,0,-1,-1,-1,-1,-1,-1,3,0,-1,150,0,9223372036800000000,1e+75,0,10,0,0,7,0,0,1,0,0,1,1,0,-1,0,0,0,0,2,0,1,-1,-1,-1,-1,0,10,-1,1,1,3,-1,-1,-1,0,0,1,0,0,10,0,0,0,1.79769e+308
1,0,0,0,-1,0,1,3,0,0,0,0,1,3,-1,1,-1,2,-1,1,0,3,0,-1,200,0,9223372036800000000,50,0,10,0,0,7,0,3,1,0,0,1,1,0,1,0,0,0,0,2,0,1,-1,-1,-1,-1,0,10,-1,1,1,3,-1,-1,-1,0,0,1,0,0,10,0,0,0,8.53
1,0,0,0,-1,0,1,3,0,0,0,0,1,0,-1,1,1,-1,2,2,-1,3,0,-1,150,0,9223372036800000000,1e+75,0,10,0,0,7,0,0,1,0,0,1,1,0,0,0,0,0,0,2,0,1,-1,-1,-1,-1,0,10,-1,1,1,3,-1,-1,-1,0,0,1,0,0,10,0,0,0,15.59
1,0,0,0,-1,0,1,0,0,0,0,0,1,1,0,0,0,1,0,-1,1,3,0,16,200,0,9223372036800000000,120,0,10,0,0,7,0,0,1,0,0,1,0,1,2,100,0,0,4,2,0,1,-1,-1,-1,-1,1,10,-1,1,1,3,-1,-1,1,0,0,1,0,0,10,0,0,0,1.79769e+308
1,0,0,0,-1,0,1,3,0,0,0,0,2,2,0,-1,-1,-1,-1,0,1,3,0,-1,150,0,9223372036800000000,1e+75,0,10,0,0,7,0,0,1,0,0,1,1,0,-1,0,0,0,0,2,0,1,-1,-1,-1,-1,0,10,-1,1,1,3,-1,-1,-1,0,0,1,0,0,10,0,0,0,1.79769e+308
1,0,0,0,-1,0,1,4,0,0,0,0,-1,0,-1,2,-1,-1,-1,-1,2,3,0,16,50,0,9223372036800000000,20,0,10,0,0,10,0,2,1,0,0,1,0,3,-1,0,0,0,-1,2,0,1,-1,-1,-1,-1,0,10,-1,1,1,3,-1,-1,0,0,0,1,0,0,10,0,0,0,44.28
1,0,0,0,-1,0,1,2,0,0,0,0,3,3,1,-1,2,1,-1,-1,-1,3,0,-1,100,0,9223372036800000000,60,0,10,0,0,7,0,3,1,0,0,1,1,0,3,20,0,0,0,2,0,1,-1,-1,-1,-1,0,10,-1,1,1,3,-1,-1,-1,0,0,1,0,0,10,0,0,0,26.48
1,0,0,0,-1,0,1,2,0,0,0,0,3,3,1,-1,2,-1,-1,-1,0,3,0,-1,100,0,9223372036800000000,60,0,10,0,0,7,0,3,1,0,0,1,1,0,3,20,0,0,0,2,0,1,-1,-1,-1,-1,0,10,-1,1,1,3,-1,-1,-1,0,0,1,0,0,10,0,0,0,15.56
1,0,0,0,-1,0,1,0,0,0,0,0,3,-1,-1,2,0,2,2,-1,-1,3,0,8,150,0,9223372036800000000,60,0,10,0,0,3,0,3,1,0,0,1,1,3,0,0,0,0,3,2,0,1,-1,-1,-1,-1,-1,10,-1,1,1,3,-1,-1,0,0,0,1,0,0,10,0,0,0,18.52
1,0,0,0,-1,0,1,5,0,0,0,0,-1,-1,1,1,2,-1,2,0,1,3,0,1,10,0,9223372036800000000,240,0,10,0,0,5,0,3,1,0,0,1,0,0,1,100,0,0,-1,2,0,1,-1,-1,-1,-1,1,10,-1,1,1,3,-1,-1,3,0,0,1,0,0,10,0,0,0,1.79769e+308
1,0,0,0,-1,0,1,2,0,0,0,0,3,-1,0,1,-1,2,-1,2,2,3,0,1,50,0,9223372036800000000,240,0,10,0,0,30,0,3,1,0,0,1,1,0,0,100,0,0,4,2,0,1,-1,-1,-1,-1,0,10,-1,1,1,3,-1,-1,-1,0,0,1,0,0,10,0,0,0,37.63
1,0,0,0,-1,0,1,3,0,0,0,0,1,1,-1,0,-1,1,2,0,2,3,0,-1,10,0,9223372036800000000,20,0,10,0,0,7,0,3,1,0,0,1,1,0,0,100,0,0,3,2,0,1,-1,-1,-1,-1,0,10,-1,1,1,3,-1,-1,-1,0,0,1,0,0,10,0,0,0,25.34
1,0,0,0,-1,0,1,3,0,0,0,0,1,1,-1,0,-1,1,2,0,2,3,0,-1,10,0,9223372036800000000,20,0,10,0,0,7,0,3,1,0,0,1,1,0,-1,100,0,0,3,2,0,1,-1,-1,-1,-1,0,10,-1,1,1,3,-1,-1,-1,0,0,1,0,0,10,0,0,0,28.12
1,0,0,0,-1,0,1,4,0,0,0,0,1,-1,-1,-1,2,2,-1,2,-1,3,0,-1,10,0,9223372036800000000,5,0,10,0,0,5,0,0,1,0,0,1,0,1,1,60,0,1,0,2,0,1,-1,-1,-1,-1,1,10,-1,1,1,3,-1,-1,4,0,0,1,1,0,10,0,0,0,18.39
1,0,0,0,-1,0,1,3,0,0,0,0,0,1,-1,0,-1,1,2,0,2,3,0,-1,10,0,9223372036800000000,20,0,10,0,0,7,0,3,1,0,0,1,1,0,0,100,0,0,3,2,0,1,-1,-1,-1,-1,0,10,-1,1,1,3,-1,-1,-1,0,0,1,0,0,10,0,0,0,25.34
1,0,0,0,-1,0,1,0,0,0,0,0,3,-1,-1,2,-1,2,2,-1,-1,3,0,8,50,0,9223372036800000000,60,0,10,0,0,3,0,3,1,0,0,1,1,3,0,0,0,0,3,2,0,1,-1,-1,-1,-1,-1,10,-1,1,1,3,-1,-1,0,0,0,1,0,0,10,0,0,0,24.81
1,0,0,0,-1,0,1,3,0,0,0,0,1,1,-1,0,-1,1,2,0,2,3,0,-1,400,0,9223372036800000000,20,0,10,0,0,7,0,3,1,0,0,1,1,0,0,100,0,0,3,2,0,1,-1,-1,-1,-1,0,10,-1,1,1,3,-1,-1,-1,0,0,1,0,0,10,0,0,0,19.81
1,0,0,0,-1,0,1,5,0,0,0,0,3,-1,0,1,-1,2,-1,-1,2,3,0,1,100,0,9223372036800000000,240,0,10,0,0,30,0,3,1,0,0,1,1,0,0,100,0,0,4,2,0,1,-1,-1,-1,-1,0,10,-1,1,1,3,-1,-1,-1,0,0,1,0,0,10,0,0,0,26.91
1,0,0,0,-1,0,1,2,0,0,0,0,1,1,-1,0,-1,1,2,0,2,3,0,-1,400,0,9223372036800000000,20,0,10,0,0,7,0,3,1,0,0,1,1,0,0,100,0,0,3,2,0,1,-1,-1,-1,-1,0,10,-1,1,1,3,-1,-1,-1,0,0,1,0,0,10,0,0,0,20.79
1,0,0,0,-1,0,1,0,0,0,0,0,2,1,-1,1,-1,2,0,-1,2,3,0,-1,10,0,9223372036800000000,10,0,10,0,0,30,0,3,1,0,0,1,1,3,1,500,0,0,4,2,0,1,-1,-1,-1,-1,-1,10,-1,1,1,3,-1,-1,4,0,0,1,0,0,10,0,0,0,17.6
1,0,0,0,-1,0,1,0,0,0,0,0,3,-1,1,-1,1,0,1,1,-1,3,0,4,100,0,9223372036800000000,5,0,10,0,0,30,0,0,1,0,0,1,1,3,-1,0,0,0,3,2,0,1,-1,-1,-1,-1,-1,10,-1,1,1,3,-1,-1,4,0,0,1,0,0,10,0,0,0,28.45
1,0,0,0,-1,0,1,3,0,0,0,0,1,1,-1,0,-1,1,2,0,2,3,0,-1,400,0,9223372036800000000,20,0,10,0,0,7,0,3,1,0,0,1,1,0,0,60,0,0,3,2,0,1,-1,-1,-1,-1,0,10,-1,1,1,3,-1,-1,-1,0,0,1,0,0,10,0,0,0,19.81
1,0,0,0,-1,0,1,3,1,0,0,0,1,3,-1,1,-1,2,-1,1,0,3,0,-1,200,0,9223372036800000000,1e+75,0,10,0,0,7,0,3,1,0,0,1,1,0,1,20,0,0,0,2,0,1,-1,-1,-1,-1,0,10,-1,1,1,3,-1,-1,-1,0,0,1,2,0,10,0,0,0,26.31
1,0,0,0,-1,0,1,2,0,0,0,0,1,0,0,0,0,0,2,2,2,3,0,-1,50,0,9223372036800000000,1e+75,0,10,0,0,7,0,0,1,0,0,1,1,0,0,0,0,0,0,2,0,1,-1,-1,-1,-1,0,10,-1,1,1,3,-1,-1,-1,0,0,1,0,0,10,0,0,0,19.15
1,0,0,0,-1,0,1,3,0,0,0,0,1,1,-1,0,-1,0,2,0,2,3,0,-1,400,0,9223372036800000000,20,0,10,0,0,7,0,3,1,0,0,1,1,0,0,100,0,0,3,2,0,1,-1,-1,-1,-1,0,10,-1,1,1,3,-1,-1,-1,0,0,1,0,0,10,0,0,0,25.01
1,0,0,0,-1,0,1,0,0,0,0,0,2,2,1,2,2,1,2,0,0,3,0,-1,10,0,9223372036800000000,1e+75,0,10,0,0,7,0,3,1,0,0,1,1,0,1,0,0,0,2,2,0,1,-1,-1,-1,-1,0,10,-1,1,1,3,-1,-1,-1,0,0,1,0,0,10,0,0,0,32.06
1,0,0,0,-1,0,1,3,0,0,0,0,1,3,-1,1,-1,2,-1,1,0,3,0,-1,200,0,9223372036800000000,1e+75,0,10,0,0,7,0,3,1,0,0,1,1,-1,1,20,0,0,0,2,0,1,-1,-1,-1,-1,0,10,-1,1,1,3,-1,-1,-1,0,0,1,0,0,10,0,0,0,11.45
1,0,0,0,-1,0,1,0,0,0,0,0,1,0,1,0,1,1,1,-1,1,3,0,-1,10,0,9223372036800000000,1e+75,0,10,0,0,7,0,0,1,0,0,1,1,0,0,0,0,0,0,2,0,1,-1,-1,-1,-1,0,10,-1,1,1,3,-1,-1,-1,0,0,1,0,0,10,0,0,0,23.61
1,0,0,0,-1,0,1,0,0,0,0,0,2,1,-1,1,-1,1,0,-1,2,3,0,-1,10,0,9223372036800000000,10,0,10,0,0,30,0,3,1,0,0,1,1,3,1,500,0,0,4,2,0,1,-1,-1,-1,-1,-1,10,-1,1,1,3,-1,-1,4,0,0,1,0,0,10,0,0,0,27.14
1,0,0,0,-1,0,1,3,0,0,0,0,2,0,0,2,-1,0,1,2,0,3,0,-1,25,0,9223372036800000000,30,0,10,0,0,7,0,3,1,0,0,1,1,0,2,200,0,0,1,2,0,1,-1,-1,-1,-1,0,10,-1,1,1,3,-1,-1,-1,0,0,1,0,0,10,0,0,0,1.79769e+308
1,0,0,0,-1,0,1,3,0,0,0,0,3,3,1,2,1,2,2,2,0,3,0,1,25,0,9223372036800000000,60,0,10,0,0,7,0,2,1,0,0,1,0,-1,3,20,0,0,0,2,0,1,-1,-1,-1,-1,-1,10,-1,1,1,3,-1,-1,3,0,0,1,0,0,10,0,0,0,35.86
1,0,0,0,-1,0,1,0,0,0,0,0,1,2,1,-1,-1,0,1,-1,-1,3,0,-1,400,0,9223372036800000000,50,0,10,0,0,7,0,2,1,0,0,1,1,0,2,500,0,0,3,2,0,1,-1,-1,-1,-1,0,10,-1,1,1,3,-1,-1,-1,0,0,1,0,0,10,0,0,0,18.76
1,0,0,0,-1,0,1,0,0,0,0,0,1,0,1,-1,-1,0,1,-1,1,3,0,-1,400,0,9223372036800000000,50,0,10,0,0,7,0,2,1,0,0,1,1,0,2,500,0,0,3,2,0,1,-1,-1,-1,-1,0,10,-1,1,1,3,-1,-1,-1,0,0,1,0,0,10,0,0,0,19.63
1,0,0,0,-1,0,1,0,0,0,0,0,3,2,1,-1,-1,0,1,-1,1,3,0,-1,400,0,9223372036800000000,50,0,10,0,0,7,0,2,1,0,0,1,1,0,2,500,0,0,3,2,0,1,-1,-1,-1,-1,0,10,-1,1,1,3,-1,-1,-1,0,0,1,0,0,10,0,0,0,18.76
1,0,0,0,-1,0,1,5,0,0,0,0,1,3,0,-1,0,2,2,1,2,3,0,2,100,0,9223372036800000000,50,0,10,0,0,0,0,3,1,0,0,1,1,1,1,1000,0,4,3,2,0,1,-1,-1,-1,-1,1,10,-1,1,1,3,-1,-1,4,0,0,1,0,0,10,0,0,0,1.79769e+308
1,0,0,0,-1,0,1,0,0,0,0,0,-1,0,0,2,0,-1,-1,0,2,3,0,-1,25,0,9223372036800000000,1e+75,0,10,0,0,7,0,0,1,0,0,1,1,0,0,0,0,0,0,2,0,1,-1,-1,-1,-1,0,10,-1,1,1,3,-1,-1,-1,0,0,1,0,0,10,0,0,0,25.12
1,0,0,0,-1,0,1,5,0,0,0,0,1,1,0,0,1,-1,2,1,1,3,0,-1,10,0,9223372036800000000,120,0,10,0,0,7,0,2,1,0,0,1,1,0,-1,60,0,0,4,2,0,1,-1,-1,-1,-1,0,10,-1,1,1,3,-1,-1,-1,0,0,1,0,0,10,0,0,0,17.65
1,0,0,0,-1,0,1,3,0,0,0,0,1,3,-1,1,-1,2,-1,1,0,3,0,-1,200,0,9223372036800000000,1e+75,0,10,0,0,7,0,0,1,0,0,1,1,0,1,0,0,0,2,2,0,1,-1,-1,-1,-1,0,10,-1,1,1,3,-1,-1,-1,0,0,1,0,0,10,0,0,0,35.63
1,0,0,0,-1,0,1,0,0,0,0,0,1,2,1,-1,-1,0,1,-1,1,3,0,-1,400,0,9223372036800000000,50,0,10,0,0,7,0,2,1,0,0,1,1,0,2,60,0,0,3,2,0,1,-1,-1,-1,-1,0,10,-1,1,1,3,-1,-1,-1,0,0,1,0,0,10,0,0,0,19.52
1,0,0,0,-1,0,1,0,0,0,0,0,-1,1,-1,-1,2,1,-1,-1,1,3,0,1,50,0,9223372036800000000,2,0,10,0,0,3,0,2,1,0,0,1,1,0,-1,40,0,1,3,2,0,1,-1,1,-1,-1,1,10,-1,1,1,3,-1,-1,4,0,0,1,5,0,10,0,0,0,24.12
1,0,0,0,-1,0,1,0,0,0,0,0,1,2,1,-1,-1,0,1,-1,1,3,0,-1,150,0,9223372036800000000,50,0,10,0,0,7,0,2,1,0,0,1,1,0,2,500,0,0,3,2,0,1,-1,-1,-1,-1,0,10,-1,1,1,3,-1,-1,-1,0,0,1,0,0,10,0,0,0,18.76
1,0,0,0,-1,0,1,2,0,0,0,0,1,2,1,-1,-1,0,1,-1,1,3,0,-1,400,0,9223372036800000000,50,0,10,0,0,7,0,2,1,0,0,1,1,0,2,500,0,0,3,2,0,1,-1,-1,-1,-1,0,10,-1,1,1,3,-1,-1,-1,0,0,1,0,0,10,0,0,0,27.54
1,0,0,0,-1,0,1,0,0,0,0,0,1,2,1,-1,-1,0,1,-1,1,3,0,-1,400,0,9223372036800000000,1,0,10,0,0,7,0,2,1,0,0,1,1,0,2,500,0,0,3,2,0,1,-1,-1,-1,-1,0,10,-1,1,1,3,-1,-1,-1,0,0,1,0,0,10,0,0,0,18.76
1,0,0,0,-1,0,1,3,0,0,0,0,1,3,-1,1,-1,2,-1,1,0,3,0,-1,200,0,9223372036800000000,1e+75,0,10,0,0,7,0,3,1,0,0,1,1,0,1,20,0,0,0,2,0,1,-1,-1,-1,-1,0,10,-1,0,1,3,-1,-1,-1,0,0,1,0,0,10,0,0,0,18.07
1,0,0,0,-1,0,1,0,0,0,0,0,1,2,1,-1,-1,0,1,-1,2,3,0,-1,400,0,9223372036800000000,50,0,10,0,0,7,0,2,1,0,0,1,1,0,2,500,0,0,3,2,0,1,-1,-1,-1,-1,0,10,-1,1,1,3,-1,-1,-1,0,0,1,0,0,10,0,0,0,18.76
1,0,0,0,-1,0,1,5,0,0,0,0,3,0,1,1,0,1,-1,-1,2,3,0,-1,150,0,9223372036800000000,1e+75,0,10,0,0,7,0,2,1,0,0,1,1,0,-1,0,0,0,3,2,0,1,-1,-1,-1,-1,0,10,-1,1,1,3,-1,-1,-1,0,0,1,0,0,10,0,0,0,20.69
1,0,0,0,-1,0,1,2,0,0,0,0,2,-1,-1,0,1,2,0,0,1,3,0,-1,10,0,9223372036800000000,2,0,10,0,0,7,0,0,1,0,0,1,1,0,3,1000,0,0,1,2,0,1,-1,-1,-1,-1,0,10,-1,1,1,3,-1,-1,-1,0,0,1,0,0,10,0,0,0,52.62
1,0,0,0,-1,0,1,5,0,0,0,0,3,0,1,0,0,0,2,-1,0,3,0,-1,150,0,9223372036800000000,240,0,10,0,0,7,0,2,1,0,0,1,1,0,3,100,0,0,0,2,0,1,-1,-1,-1,-1,0,10,-1,1,1,3,-1,-1,-1,0,0,1,0,0,10,0,0,0,16.68
1,0,0,0,-1,0,1,3,0,0,0,0,1,3,-1,1,-1,2,-1,1,0,3,0,-1,200,0,9223372036800000000,1e+75,0,10,0,0,7,0,3,1,0,0,1,1,0,1,20,0,0,0,2,0,1,-1,-1,-1,-1,0,10,-1,1,1,3,-1,-1,4,0,0,1,0,0,10,0,0,0,8.2
1,0,0,0,-1,0,1,5,0,0,0,0,3,-1,-1,-1,0,2,1,1,0,3,0,-1,400,0,9223372036800000000,0,0,10,0,0,7,0,3,1,0,0,1,1,0,-1,0,0,0,3,2,0,1,-1,-1,-1,-1,0,10,-1,1,1,3,-1,-1,-1,0,0,1,0,0,10,0,0,0,24.17
1,0,0,0,-1,0,1,0,0,0,0,0,1,1,0,2,0,1,0,-1,1,3,0,16,100,0,9223372036800000000,1e+75,0,10,0,0,7,0,0,1,0,0,1,0,1,2,100,0,0,4,2,0,1,-1,-1,-1,-1,1,10,-1,1,1,3,-1,-1,1,0,0,1,0,0,10,0,0,0,37.69
1,0,0,0,-1,0,1,5,0,0,0,0,3,-1,-1,2,0,2,1,1,0,3,0,-1,50,0,9223372036800000000,0,0,10,0,0,7,0,3,1,0,0,1,1,0,-1,200,0,0,3,2,0,1,-1,-1,-1,-1,0,10,-1,1,1,3,-1,-1,-1,0,0,1,0,0,10,0,0,0,28.12
1,0,0,0,-1,0,1,5,0,0,0,0,3,-1,-1,2,0,2,1,1,0,3,0,-1,50,0,9223372036800000000,0,0,10,0,0,7,0,3,1,0,0,1,1,0,-1,40,0,0,3,2,0,1,-1,-1,-1,-1,0,10,-1,1,1,3,-1,-1,-1,0,0,1,0,0,10,0,0,0,28.12
1,0,0,0,-1,0,1,2,0,0,0,0,3,-1,-1,0,1,-1,0,2,-1,3,0,8,25,0,9223372036800000000,50,0,10,0,0,5,0,1,1,0,0,1,0,0,0,500,0,0,0,2,0,1,-1,-1,-1,-1,0,10,-1,1,1,3,-1,-1,4,0,0,1,4,0,10,0,0,0,19.44
1,0,0,0,-1,0,1,3,0,0,0,0,3,-1,-1,2,0,2,1,1,0,3,0,-1,50,0,9223372036800000000,0,0,10,0,0,7,0,3,1,0,0,1,1,0,-1,0,0,0,3,2,0,1,-1,-1,-1,-1,0,10,-1,1,1,3,-1,-1,-1,0,0,1,0,0,10,0,0,0,24.32
1,0,0,0,-1,0,1,3,0,0,0,0,1,3,-1,1,-1,2,-1,1,0,3,0,-1,200,0,9223372036800000000,1e+75,0,10,0,0,7,0,3,1,0,0,1,1,0,1,20,0,0,0,2,2,1,-1,-1,-1,-1,0,10,-1,1,1,3,-1,-1,-1,0,0,1,2,0,10,0,0,0,8.13
1,0,0,0,-1,0,1,0,0,0,0,0,0,0,0,0,0,0,2,0,0,3,0,-1,400,0,9223372036800000000,1e+75,0,10,0,0,7,0,0,1,0,0,1,1,0,0,0,0,0,0,2,0,1,-1,-1,-1,-1,0,10,-1,1,1,3,-1,-1,-1,0,0,1,0,0,10,0,0,0,31.87
1,0,0,0,-1,0,1,5,0,0,0,0,3,-1,-1,2,0,2,1,1,0,3,0,-1,50,0,9223372036800000000,120,0,10,0,0,7,0,3,1,0,0,1,1,0,-1,0,0,0,3,2,0,1,-1,-1,-1,-1,0,10,-1,1,1,3,-1,-1,-1,0,0,1,0,0,10,0,0,0,18.81
1,0,0,0,-1,0,1,5,0,0,0,0,3,1,-1,2,0,2,1,1,0,3,0,-1,50,0,9223372036800000000,120,0,10,0,0,7,0,3,1,0,0,1,1,0,-1,0,0,0,3,2,0,1,-1,-1,-1,-1,0,10,-1,1,1,3,-1,-1,-1,0,0,1,0,0,10,0,0,0,18.81
1,0,0,0,-1,0,1,4,0,0,0,0,1,-1,-1,-1,2,2,-1,2,-1,3,0,-1,10,0,9223372036800000000,120,0,10,0,0,5,0,0,1,0,0,1,0,1,1,60,0,1,0,2,0,1,-1,-1,-1,-1,1,10,-1,1,1,3,-1,-1,4,0,0,1,3,0,10,0,0,0,16.55
1,0,0,0,-1,0,1,2,0,0,0,0,2,1,1,1,-1,0,1,0,-1,3,0,4,10,0,9223372036800000000,1,0,10,0,0,4,0,3,1,0,0,1,0,-1,2,-1,0,0,3,2,0,1,-1,-1,-1,-1,-1,10,-1,1,1,3,-1,-1,4,0,0,1,0,0,10,0,0,0,1.79769e+308
1,0,0,0,-1,0,1,5,0,0,0,0,3,-1,-1,2,0,1,1,1,0,3,0,-1,50,0,9223372036800000000,120,0,10,0,0,7,0,3,1,0,0,1,1,0,-1,0,0,0,3,2,0,1,-1,-1,-1,-1,0,10,-1,1,1,3,-1,-1,-1,0,0,1,0,0,10,0,0,0,18.92
1,0,0,0,-1,0,1,5,0,0,0,0,3,-1,-1,2,0,2,1,1,0,3,0,-1,50,0,9223372036800000000,120,0,10,0,0,7,0,3,1,0,0,1,1,0,0,0,0,0,3,2,0,1,-1,-1,-1,-1,0,10,-1,1,1,3,-1,-1,-1,0,0,1,0,0,10,0,0,0,22.51
1,0,0,0,-1,0,1,5,0,0,0,0,-1,1,1,2,-1,1,-1,-1,0,3,0,16,10,0,9223372036800000000,120,0,10,0,0,4,0,1,1,0,0,1,0,2,0,1000,0,0,3,2,0,1,-1,-1,-1,-1,1,10,-1,1,1,3,-1,-1,5,0,0,1,0,0,10,0,0,0,24.23
1,0,0,0,-1,0,1,3,0,0,0,0,2,3,1,1,1,2,2,0,-1,3,0,-1,50,0,9223372036800000000,30,0,10,0,0,7,0,0,1,0,0,1,1,0,0,1000,0,0,-1,2,0,1,-1,-1,-1,-1,0,10,-1,1,1,3,-1,-1,-1,0,0,1,0,0,10,0,0,0,1.79769e+308
1,0,0,0,-1,0,1,3,0,0,0,0,0,0,1,2,1,2,2,2,2,3,0,-1,10,0,9223372036800000000,240,0,10,0,0,7,0,1,1,0,0,1,1,0,1,20,0,0,2,2,0,1,-1,-1,-1,-1,0,10,-1,1,1,3,-1,-1,-1,0,0,1,0,0,10,0,0,0,37.2
1,0,0,0,-1,0,1,3,0,0,0,0,0,2,1,2,1,2,2,2,2,3,0,-1,100,0,9223372036800000000,240,0,10,0,0,7,0,1,1,0,0,1,1,0,1,20,0,0,2,2,0,1,-1,-1,-1,-1,0,10,-1,1,1,3,-1,-1,-1,0,0,1,0,0,10,0,0,0,34.67
1,0,0,0,-1,0,1,4,0,0,0,0,1,0,0,1,0,1,1,2,0,3,0,-1,50,0,9223372036800000000,10,0,10,0,0,15,0,2,1,0,0,1,1,3,2,-1,0,0,4,2,0,1,-1,-1,-1,-1,-1,10,-1,1,1,3,-1,-1,2,0,0,1,3,0,10,0,0,0,18.26
1,0,0,0,-1,0,1,5,0,0,0,0,3,0,-1,0,1,1,0,2,2,3,0,-1,50,0,9223372036800000000,1e+75,0,10,0,0,7,0,0,1,0,0,1,1,0,0,0,0,0,0,2,0,1,-1,-1,-1,-1,0,10,-1,1,1,3,-1,-1,-1,0,0,1,0,0,10,0,0,0,19.64
1,0,0,0,-1,0,1,3,0,0,0,0,0,0,1,2,1,2,1,2,2,3,0,-1,100,0,9223372036800000000,240,0,10,0,0,7,0,1,1,0,0,1,1,0,1,20,0,0,2,2,0,1,-1,-1,-1,-1,0,10,-1,1,1,3,-1,-1,-1,0,0,1,0,0,10,0,0,0,34.67
1,0,0,0,-1,0,1,5,0,0,0,0,3,-1,-1,2,-1,2,2,-1,-1,3,0,8,150,0,9223372036800000000,60,0,10,0,0,3,0,3,1,0,0,1,1,3,0,0,0,0,3,2,0,1,-1,-1,-1,-1,-1,10,-1,1,1,3,-1,-1,0,0,0,1,0,0,10,0,0,0,20.69
1,0,0,0,-1,0,1,3,0,0,0,0,0,0,1,2,1,2,2,0,2,3,0,-1,100,0,9223372036800000000,240,0,10,0,0,7,0,1,1,0,0,1,1,0,1,20,0,0,2,2,0,1,-1,-1,-1,-1,0,10,-1,1,1,3,-1,-1,-1,0,0,1,0,0,10,0,0,0,34.81
1,0,0,0,-1,0,1,3,0,0,0,0,0,0,1,2,1,2,2,-1,2,3,0,-1,100,0,9223372036800000000,240,0,10,0,0,7,0,1,1,0,0,1,1,0,1,20,0,0,2,2,0,1,-1,-1,-1,-1,0,10,-1,1,1,3,-1,-1,-1,0,0,1,0,0,10,0,0,0,36.57
1,0,0,0,-1,0,1,4,0,0,0,0,1,-1,-1,-1,2,2,-1,0,-1,3,0,-1,10,0,9223372036800000000,120,0,10,0,0,5,0,0,1,0,0,1,0,1,1,60,0,1,0,2,0,1,-1,-1,-1,-1,1,10,-1,1,1,3,-1,-1,4,0,0,1,3,0,10,0,0,0,19.44
1,0,0,0,-1,0,1,3,0,0,0,0,0,0,1,2,1,2,2,2,2,3,0,-1,100,0,9223372036800000000,240,0,10,0,0,7,0,1,1,0,0,1,1,0,1,-1,0,0,2,2,0,1,-1,-1,-1,-1,0,10,-1,1,1,3,-1,-1,-1,0,0,1,0,0,10,0,0,0,36.37
1,0,0,0,-1,0,1,0,0,0,0,0,3,2,-1,0,0,-1,2,-1,-1,3,0,-1,400,0,9223372036800000000,1e+75,0,10,0,0,7,0,3,1,0,0,1,1,0,0,0,0,0,3,2,0,1,-1,-1,-1,-1,0,10,-1,1,1,3,-1,-1,-1,0,0,1,0,0,10,0,0,0,16.65
1,0,0,0,-1,0,1,3,0,0,0,0,0,0,1,2,1,-1,2,2,-1,3,0,-1,100,0,9223372036800000000,240,0,10,0,0,7,0,1,1,0,0,1,1,0,1,20,0,0,2,2,0,1,-1,-1,-1,-1,0,10,-1,1,1,3,-1,-1,-1,0,0,1,0,0,10,0,0,0,33.93
1,0,0,0,-1,0,1,0,0,0,0,0,1,2,0,1,-1,2,0,1,2,3,0,-1,10,0,9223372036800000000,1e+75,0,10,0,0,7,0,3,1,0,0,1,1,0,0,0,0,0,3,2,0,1,-1,-1,-1,-1,0,10,-1,1,1,3,-1,-1,-1,0,0,1,0,0,10,0,0,0,25.36
1,0,0,0,-1,0,1,5,0,0,0,0,3,-1,0,1,-1,2,-1,2,2,3,0,1,100,0,9223372036800000000,240,0,10,0,0,30,0,3,1,0,0,1,1,0,0,-1,0,0,4,2,0,1,-1,-1,-1,-1,0,10,-1,1,1,3,-1,-1,-1,0,0,1,0,0,10,0,0,0,26.91
1,0,0,0,-1,0,1,3,0,0,0,0,1,3,-1,1,-1,2,-1,1,0,3,0,-1,200,0,9223372036800000000,1e+75,0,10,0,0,0,0,3,1,0,0,1,1,0,1,20,0,0,0,2,0,1,-1,-1,-1,-1,0,10,-1,1,1,3,-1,-1,-1,0,0,1,0,0,10,0,0,0,8.2
1,0,0,0,-1,0,1,0,0,0,0,0,2,0,1,1,1,0,2,0,-1,3,0,16,200,0,9223372036800000000,30,0,10,0,0,30,0,0,1,0,0,1,0,1,-1,60,0,0,-1,2,0,1,-1,-1,-1,-1,-1,10,-1,1,1,3,-1,-1,2,0,0,1,0,0,10,0,0,0,42.44
1,0,0,0,-1,0,1,3,0,0,0,0,1,-1,1,2,0,2,1,0,-1,3,0,-1,400,0,9223372036800000000,0,0,10,0,0,7,0,3,1,0,0,1,1,0,-1,-1,0,0,3,2,0,1,-1,-1,-1,-1,0,10,-1,1,1,3,-1,-1,-1,0,0,1,0,0,10,0,0,0,26.75
1,0,0,0,-1,0,1,0,0,0,0,0,3,0,1,1,1,0,2,0,-1,3,0,16,200,0,9223372036800000000,30,0,10,0,0,30,0,0,1,0,0,1,0,1,-1,60,0,0,-1,2,0,1,-1,-1,-1,-1,-1,10,-1,1,1,3,-1,-1,5,0,0,1,0,0,10,0,0,0,42.44
1,0,0,0,-1,0,1,3,0,0,0,0,1,3,-1,1,-1,2,-1,1,0,3,0,-1,200,0,9223372036800000000,1e+75,0,10,0,0,3,0,3,1,0,0,1,1,0,1,20,0,0,0,2,0,1,-1,-1,-1,-1,0,10,-1,1,1,3,-1,-1,-1,0,0,1,0,0,10,0,0,0,8.2
1,0,0,0,-1,0,1,3,0,0,0,0,1,3,-1,1,-1,2,-1,1,0,3,0,-1,200,0,9223372036800000000,1e+75,0,10,0,0,4,0,3,1,0,0,1,1,0,1,20,0,0,0,2,0,1,-1,-1,-1,-1,0,10,-1,1,1,3,-1,-1,-1,0,0,1,0,0,10,0,0,0,8.2
1,0,0,0,-1,0,1,3,0,0,0,0,1,3,-1,1,-1,2,-1,1,0,3,0,-1,200,0,9223372036800000000,1e+75,0,10,0,0,7,-1,3,1,0,0,1,1,0,1,20,0,0,0,2,0,1,-1,-1,-1,-1,0,10,-1,1,1,3,-1,-1,-1,0,0,1,0,0,10,0,0,0,9.55
1,0,0,0,-1,0,1,3,0,0,0,0,1,3,-1,1,-1,2,-1,1,0,3,0,-1,200,0,9223372036800000000,1e+75,0,10,0,0,7,1,3,1,0,0,1,1,0,1,20,0,0,0,2,0,1,-1,-1,-1,-1,0,10,-1,1,1,3,-1,-1,-1,0,0,1,0,0,10,0,0,0,9.04
1,0,0,0,-1,0,1,3,0,0,0,0,1,3,-1,1,-1,2,-1,1,0,3,0,1,200,0,9223372036800000000,1e+75,0,10,0,0,7,0,3,1,0,0,1,1,0,1,20,0,0,0,2,0,1,-1,-1,-1,-1,0,10,-1,1,1,3,-1,-1,-1,0,0,1,0,0,10,0,0,0,29.51
1,0,0,0,-1,0,1,3,0,0,0,0,2,-1,1,2,-1,-1,-1,0,0,3,0,1,25,0,9223372036800000000,5,0,10,0,0,10,0,3,1,0,0,1,0,2,3,0,0,3,3,2,0,1,-1,-1,-1,-1,1,10,-1,1,1,3,-1,-1,5,0,0,1,5,0,10,0,0,0,1.79769e+308
1,0,0,0,-1,0,1,0,0,0,0,0,2,1,-1,1,-1,2,0,-1,2,3,0,-1,10,0,9223372036800000000,10,0,10,0,0,30,0,3,1,0,0,1,1,1,1,500,0,0,4,2,0,1,-1,-1,-1,-1,-1,10,-1,1,1,3,-1,-1,4,0,0,1,0,0,10,0,0,0,32.83
1,0,0,0,-1,0,1,3,0,0,0,0,1,3,-1,1,-1,2,-1,1,0,3,0,2,200,0,9223372036800000000,1e+75,0,10,0,0,7,0,3,1,0,0,1,1,0,1,20,0,0,0,2,0,1,-1,-1,-1,-1,0,10,-1,1,1,3,-1,-1,-1,0,0,1,0,0,10,0,0,0,18.4
1,0,0,0,-1,0,1,3,0,0,0,0,3,2,-1,1,1,-1,1,-1,0,3,0,-1,150,0,9223372036800000000,1e+75,0,10,0,0,7,0,0,1,0,0,1,1,0,0,0,0,0,0,2,0,1,-1,-1,-1,-1,0,10,-1,1,1,3,-1,-1,-1,0,0,1,0,0,10,0,0,0,13.08
1,0,0,0,-1,0,1,0,0,0,0,0,1,3,-1,1,-1,1,1,1,1,3,0,2,150,0,9223372036800000000,240,0,10,0,0,0,0,2,1,0,0,1,1,1,-1,100,0,0,0,2,0,1,-1,-1,-1,-1,-1,10,-1,1,1,3,-1,-1,3,0,0,1,0,0,10,0,0,0,21.26
1,0,0,0,-1,0,1,4,0,0,0,0,1,0,0,1,2,1,1,0,0,3,0,-1,50,0,9223372036800000000,10,0,10,0,0,15,0,2,1,0,0,1,1,3,2,-1,0,0,4,2,0,1,-1,-1,-1,-1,-1,10,-1,1,1,3,-1,-1,2,0,0,1,3,0,10,0,0,0,18.87
1,0,0,0,-1,0,1,3,0,0,0,0,1,0,-1,1,2,1,2,2,-1,3,0,-1,200,0,9223372036800000000,1e+75,0,10,0,0,7,0,0,1,0,0,1,1,0,2,0,0,0,0,2,0,1,-1,-1,-1,-1,0,10,-1,1,1,3,-1,-1,-1,0,0,1,0,0,10,0,0,0,11.22
1,0,0,0,-1,0,1,0,0,0,0,0,0,2,1,0,2,2,-1,0,2,3,0,-1,150,0,9223372036800000000,50,0,10,0,0,7,0,2,1,0,0,1,1,0,1,1000,0,0,3,2,0,1,-1,-1,-1,-1,0,10,-1,1,1,3,-1,-1,-1,0,0,1,0,0,10,0,0,0,25.7
1,0,0,0,-1,0,1,3,0,0,0,0,1,3,-1,1,-1,2,-1,1,0,3,0,4,200,0,9223372036800000000,1e+75,0,10,0,0,7,0,3,1,0,0,1,1,0,1,20,0,0,0,2,0,1,-1,-1,-1,-1,0,10,-1,1,1,3,-1,-1,-1,0,0,1,0,0,10,0,0,0,8.71
1,0,0,0,-1,0,1,3,0,0,0,0,1,3,-1,1,-1,2,-1,1,0,3,0,16,200,0,9223372036800000000,1e+75,0,10,0,0,7,0,3,1,0,0,1,1,0,1,20,0,0,0,2,0,1,-1,-1,-1,-1,0,10,-1,1,1,3,-1,-1,-1,0,0,1,0,0,10,0,0,0,9.25
1,0,0,0,-1,0,1,3,0,0,0,0,2,1,1,0,0,1,1,0,-1,3,0,4,10,0,9223372036800000000,1,0,10,0,0,4,0,3,1,0,0,1,0,-1,2,-1,0,0,3,2,0,1,-1,-1,-1,-1,-1,10,-1,1,1,3,-1,-1,4,0,0,1,0,0,10,0,0,0,27.69
1,0,0,0,-1,0,1,3,0,0,0,0,1,3,-1,1,-1,2,-1,1,0,3,0,-1,200,0,9223372036800000000,1e+75,0,10,0,0,7,0,3,1,0,0,1,1,2,1,20,0,0,0,2,0,1,-1,-1,-1,-1,0,10,-1,1,1,3,-1,-1,-1,0,0,1,0,0,10,0,0,0,9.28
1,0,0,0,-1,0,1,3,0,0,0,0,1,3,-1,1,-1,2,-1,1,0,3,0,-1,200,0,9223372036800000000,1e+75,0,10,0,0,7,0,3,1,0,0,1,1,3,1,20,0,0,0,2,0,1,-1,-1,-1,-1,0,10,-1,1,1,3,-1,-1,-1,0,0,1,0,0,10,0,0,0,8.25
1,0,0,0,-1,0,1,3,0,0,0,0,1,3,-1,1,-1,2,-1,1,0,0,0,-1,200,0,9223372036800000000,1e+75,0,10,0,0,7,0,3,1,0,0,1,1,0,1,20,0,0,0,2,0,1,-1,-1,-1,-1,0,10,-1,1,1,3,-1,-1,-1,0,0,1,2,0,10,0,0,0,20.91
1,0,0,0,-1,0,1,3,0,0,0,0,1,3,-1,1,-1,2,-1,1,0,3,0,-1,200,0,9223372036800000000,1e+75,0,10,0,0,7,0,3,1,0,0,1,1,0,1,20,0,0,0,2,0,1,-1,-1,-1,-1,0,10,-1,1,1,3,-1,-1,0,0,0,1,0,0,10,0,0,0,8.2
1,0,0,0,-1,0,1,3,0,0,0,0,1,3,-1,1,-1,2,-1,1,0,3,0,-1,200,0,9223372036800000000,1e+75,0,10,0,0,7,0,3,1,0,0,1,1,0,1,20,0,0,0,2,0,1,-1,-1,-1,-1,0,10,-1,1,1,3,-1,-1,1,0,0,1,0,0,10,0,0,0,8.2
1,0,0,0,-1,0,1,3,0,0,0,0,1,3,-1,1,-1,2,-1,1,0,3,0,-1,200,0,9223372036800000000,1e+75,0,10,0,0,7,0,3,1,0,0,1,1,0,1,20,0,0,0,2,0,1,-1,-1,-1,-1,0,10,-1,1,1,3,-1,-1,2,0,0,1,0,0,10,0,0,0,8.2
1,0,0,0,-1,0,1,0,0,0,0,0,3,-1,1,2,-1,0,-1,2,1,3,0,16,50,0,9223372036800000000,240,0,10,0,0,7,0,0,1,0,0,1,1,0,-1,-1,0,1,-1,2,0,1,-1,0,-1,-1,0,10,-1,1,1,3,-1,-1,1,0,0,1,2,0,10,0,0,0,38.1
1,0,0,0,-1,0,1,0,0,0,0,0,2,1,0,-1,2,1,-1,1,1,3,0,8,150,0,9223372036800000000,10,0,10,0,0,7,0,3,1,0,0,1,1,0,3,0,0,0,0,2,0,1,-1,-1,-1,-1,1,10,-1,1,1,3,-1,-1,5,0,0,1,1,0,10,0,0,0,45.68
1,0,0,0,-1,0,1,2,0,0,0,0,3,-1,-1,2,2,-1,-1,2,-1,3,0,8,25,0,9223372036800000000,50,0,10,0,0,5,0,1,1,0,0,1,0,0,0,500,0,0,0,2,0,1,-1,-1,-1,-1,0,10,-1,1,1,3,-1,-1,5,0,0,1,4,0,10,0,0,0,19.77
1,0,0,0,-1,0,1,3,0,0,0,0,1,3,-1,1,-1,2,-1,1,0,3,0,-1,200,0,9223372036800000000,1e+75,0,10,0,0,7,0,3,1,0,0,1,1,0,1,20,0,0,0,2,0,1,-1,-1,-1,-1,0,10,-1,1,1,3,-1,-1,3,0,0,1,0,0,10,0,0,0,8.2
1,0,0,0,-1,0,1,3,0,0,0,0,1,3,-1,1,-1,2,-1,1,0,3,0,-1,200,0,9223372036800000000,1e+75,0,10,0,0,7,0,3,1,0,0,1,1,0,1,20,0,0,0,2,0,1,-1,-1,-1,-1,0,10,-1,1,1,3,-1,-1,5,0,0,1,0,0,10,0,0,0,8.2
1,0,0,0,-1,0,1,5,0,0,0,0,2,1,1,1,-1,0,1,0,-1,3,0,4,10,0,9223372036800000000,40,0,10,0,0,4,0,3,1,0,0,1,0,-1,2,-1,0,0,3,2,0,1,-1,-1,-1,-1,-1,10,-1,1,1,3,-1,-1,4,0,0,1,0,0,10,0,0,0,20.37
1,0,0,0,-1,0,1,4,0,0,0,0,-1,3,-1,2,-1,-1,-1,-1,2,3,0,16,50,0,9223372036800000000,240,0,10,0,0,10,0,2,1,0,0,1,0,0,-1,0,0,0,-1,2,0,1,-1,-1,-1,-1,0,10,-1,1,1,3,-1,-1,0,0,0,1,0,0,10,0,0,0,38.78
1,0,0,0,-1,0,1,3,0,0,0,0,1,3,-1,1,-1,2,-1,1,0,3,0,-1,200,0,9223372036800000000,1e+75,0,10,0,0,7,0,3,1,0,0,1,1,0,1,20,0,0,0,2,0,1,-1,-1,-1,-1,-1,10,-1,1,1,3,-1,-1,-1,0,0,1,0,0,10,0,0,0,8.2
1,0,0,0,-1,0,1,0,0,0,0,0,1,-1,1,1,-1,2,2,2,2,3,0,8,400,0,9223372036800000000,0,0,10,0,0,3,0,0,1,0,0,1,0,0,0,1000,0,3,3,2,0,1,-1,-1,-1,-1,0,10,-1,1,1,3,-1,-1,3,0,0,1,0,0,10,0,0,0,52.15
1,0,0,0,-1,0,1,5,0,0,0,0,3,3,1,2,1,2,2,2,0,3,0,1,25,0,9223372036800000000,30,0,10,0,0,7,0,2,1,0,0,1,0,2,3,20,0,0,0,2,0,1,-1,-1,-1,-1,-1,10,-1,1,1,3,-1,-1,3,0,0,1,0,0,10,0,0,0,26.91
1,0,0,0,-1,0,1,4,0,0,0,0,3,0,1,0,1,1,1,-1,0,3,0,-1,10,0,9223372036800000000,1e+75,0,10,0,0,7,0,0,1,0,0,1,1,0,0,0,0,0,0,2,0,1,-1,-1,-1,-1,0,10,-1,1,1,3,-1,-1,-1,0,0,1,0,0,10,0,0,0,25.36
1,0,0,0,-1,0,1,2,0,0,0,0,3,3,1,-1,2,-1,-1,-1,-1,3,0,-1,100,0,9223372036800000000,60,0,10,0,0,7,0,3,1,0,0,1,1,0,0,20,0,0,0,2,0,1,-1,-1,-1,-1,0,10,-1,1,1,3,-1,-1,-1,0,0,1,0,0,10,0,0,0,15.56
1,0,0,0,-1,0,1,5,0,0,0,0,2,1,1,1,-1,1,1,0,-1,3,0,4,10,0,9223372036800000000,1,0,10,0,0,4,0,3,1,0,0,1,0,-1,2,100,0,0,3,2,0,1,-1,-1,-1,-1,-1,10,-1,1,1,3,-1,-1,4,0,0,1,0,0,10,0,0,0,21.05
1,0,0,0,-1,0,1,0,0,0,0,0,1,-1,-1,-1,-1,1,1,1,1,3,0,2,150,0,9223372036800000000,20,0,10,0,0,0,0,2,1,0,0,1,1,1,-1,100,0,0,0,2,0,1,-1,-1,-1,-1,-1,10,-1,1,1,3,-1,-1,3,0,0,1,0,0,10,0,0,0,13.59
1,0,0,0,-1,0,1,3,0,0,0,0,1,3,-1,1,-1,2,-1,1,0,3,0,-1,200,0,9223372036800000000,1e+75,0,10,0,0,7,0,3,1,40,0,1,1,0,1,20,0,0,0,2,0,1,-1,-1,-1,-1,0,10,-1,1,1,3,-1,-1,-1,0,0,1,0,0,10,0,0,0,9.3
1,0,0,0,-1,0,1,2,0,0,0,0,0,2,1,-1,2,0,0,2,-1,3,0,-1,200,0,9223372036800000000,60,0,10,0,0,7,0,2,1,0,0,1,1,0,0,1000,0,0,3,2,0,1,-1,-1,-1,-1,0,10,-1,1,1,3,-1,-1,-1,0,0,1,0,0,10,0,0,0,23.84
1,0,0,0,-1,0,1,3,0,0,0,0,1,3,-1,1,-1,2,-1,1,0,3,0,-1,200,0,9223372036800000000,1e+75,0,10,0,0,7,0,3,1,100,0,1,1,0,1,20,0,0,0,2,0,1,-1,-1,-1,-1,0,10,-1,1,1,3,-1,-1,-1,0,0,1,0,0,10,0,0,0,9.29
1,0,0,0,-1,0,1,4,0,0,0,0,-1,0,-1,2,-1,-1,-1,-1,2,3,0,16,50,0,9223372036800000000,2,0,10,0,0,10,0,2,1,0,0,1,0,3,-1,0,0,0,-1,2,0,1,-1,-1,-1,-1,0,10,-1,1,1,3,-1,-1,0,0,0,1,0,0,10,0,0,0,44.28
1,0,0,0,-1,0,1,3,0,0,0,0,1,3,-1,1,-1,2,-1,1,0,3,0,-1,200,0,9223372036800000000,1e+75,0,10,0,0,7,0,3,1,500,0,1,1,0,1,20,0,0,0,2,0,1,-1,-1,-1,-1,0,10,-1,1,1,3,-1,-1,-1,0,0,1,0,0,10,0,0,0,9.29
1,0,0,0,-1,0,1,0,0,0,0,0,0,0,0,0,0,0,0,0,0,3,0,4,400,0,9223372036800000000,1e+75,0,10,0,0,7,0,0,1,0,0,1,1,0,0,0,0,0,0,2,0,1,-1,-1,-1,-1,0,10,-1,1,1,3,-1,-1,-1,0,0,1,0,0,10,0,0,0,13.49
1,0,0,0,-1,0,1,0,0,0,0,0,2,1,-1,1,-1,2,0,-1,2,3,0,-1,10,0,9223372036800000000,10,0,10,0,0,30,0,3,1,0,0,1,1,3,1,500,0,0,3,2,0,1,-1,-1,-1,-1,-1,10,-1,1,1,3,-1,-1,4,0,0,1,0,0,10,0,0,0,22.69
1,0,0,0,-1,0,1,0,0,0,0,0,-1,0,0,0,0,0,0,0,0,3,0,-1,400,0,9223372036800000000,1e+75,0,10,0,0,7,0,0,1,0,0,1,1,0,0,0,0,0,0,2,0,1,-1,-1,-1,-1,0,10,-1,1,1,3,-1,-1,-1,0,0,1,0,0,10,0,0,0,13.73
1,0,0,0,-1,0,1,0,0,0,0,0,3,-1,-1,2,-1,2,2,-1,-1,3,0,8,150,0,9223372036800000000,0,0,10,0,0,3,0,3,1,0,0,1,1,3,0,0,0,0,3,2,0,1,-1,-1,-1,-1,-1,10,-1,1,1,3,-1,-1,0,0,0,1,0,0,10,0,0,0,25.91
1,0,0,0,-1,0,1,0,0,0,0,0,3,0,1,0,1,2,1,-1,0,3,0,-1,10,0,9223372036800000000,1e+75,0,10,0,0,7,0,0,1,0,0,1,1,0,0,0,0,0,0,2,0,1,-1,-1,-1,-1,0,10,-1,1,1,3,-1,-1,-1,0,0,1,0,0,10,0,0,0,30.71
1,0,0,0,-1,0,1,0,0,0,0,0,0,0,0,0,0,0,0,0,0,3,0,-1,400,0,9223372036800000000,1e+75,0,10,0,0,7,0,0,1,0,0,1,1,0,0,0,0,0,0,2,0,1,-1,-1,-1,-1,0,10,-1,1,1,3,-1,-1,0,0,0,1,0,0,10,0,0,0,13.73
1,0,0,0,-1,0,1,5,0,0,0,0,-1,0,1,-1,1,1,1,-1,0,3,0,4,10,0,9223372036800000000,1e+75,0,10,0,0,5,0,2,1,0,0,1,0,2,1,20,0,0,1,2,0,1,-1,-1,-1,-1,-1,10,-1,1,1,3,-1,-1,3,0,0,1,5,0,10,0,0,0,58.07
1,0,0,0,-1,0,1,0,0,0,0,0,0,0,0,0,0,0,0,0,0,3,0,-1,400,0,9223372036800000000,1e+75,0,10,0,0,7,0,0,1,0,0,1,1,0,0,0,0,0,3,2,0,1,-1,-1,-1,-1,0,10,-1,1,1,3,-1,-1,-1,0,0,1,0,0,10,0,0,0,17.4
1,0,0,0,-1,0,1,0,0,0,0,0,0,0,0,0,0,0,0,0,0,3,0,-1,400,0,9223372036800000000,1e+75,0,10,0,0,7,0,0,1,0,0,1,1,0,0,0,0,0,-1,2,0,1,-1,-1,-1,-1,0,10,-1,1,1,3,-1,-1,-1,0,0,1,0,0,10,0,0,0,1.79769e+308
1,0,0,0,-1,0,1,0,0,0,0,0,0,0,0,0,0,0,0,0,0,3,0,-1,400,0,9223372036800000000,1e+75,0,10,0,0,7,0,0,1,0,0,1,1,1,0,0,0,0,0,2,0,1,-1,-1,-1,-1,0,10,-1,1,1,3,-1,-1,-1,0,0,1,0,0,10,0,0,0,31.74
1,0,0,0,-1,0,1,3,0,0,0,0,3,3,1,2,1,2,2,0,0,3,0,1,25,0,9223372036800000000,60,0,10,0,0,7,0,2,1,0,0,1,0,2,3,20,0,0,0,2,0,1,-1,-1,-1,-1,-1,10,-1,1,1,3,-1,-1,3,0,0,1,0,0,10,0,0,0,16.44
1,0,0,0,-1,0,1,5,0,0,0,0,-1,1,1,2,-1,1,-1,-1,0,3,0,16,10,0,9223372036800000000,120,0,10,0,0,4,0,1,1,0,0,1,0,2,0,200,0,0,3,2,0,1,-1,-1,-1,-1,1,10,-1,1,1,3,-1,-1,3,0,0,1,0,0,10,0,0,0,24.23
1,0,0,0,-1,0,1,0,0,0,0,0,1,2,1,-1,-1,0,1,-1,1,3,0,-1,400,0,9223372036800000000,0,0,10,0,0,7,0,2,1,0,0,1,1,0,2,500,0,0,3,2,0,1,-1,-1,-1,-1,0,10,-1,1,1,3,-1,-1,-1,0,0,1,0,0,10,0,0,0,24.91
1,0,0,0,-1,0,1,0,0,0,0,0,0,0,0,0,0,0,0,0,0,3,0,-1,400,0,9223372036800000000,1e+75,0,10,0,0,7,0,0,1,0,0,1,1,-1,0,0,0,0,0,2,0,1,-1,-1,-1,-1,0,10,-1,1,1,3,-1,-1,-1,0,0,1,0,0,10,0,0,0,31.39
1,0,0,0,-1,0,1,2,0,0,0,0,2,0,-1,1,2,1,0,-1,1,3,0,-1,50,0,9223372036800000000,1e+75,0,10,0,0,7,0,0,1,0,0,1,1,0,0,0,0,0,0,2,0,1,-1,-1,-1,-1,0,10,-1,1,1,3,-1,-1,-1,0,0,1,0,0,10,0,0,0,17.06
1,0,0,0,-1,0,1,0,0,0,0,0,0,0,0,0,0,0,0,0,0,3,0,-1,150,0,9223372036800000000,1e+75,0,10,0,0,7,0,0,1,0,0,1,1,0,0,0,0,0,0,2,0,1,-1,-1,-1,-1,0,10,-1,1,1,3,-1,-1,-1,0,0,1,0,0,10,0,0,0,22.82
1,0,0,0,-1,0,1,3,0,0,0,0,3,-1,1,1,-1,2,-1,0,-1,3,0,-1,400,0,9223372036800000000,1e+75,0,10,0,0,7,0,3,1,0,0,1,1,0,1,0,0,0,3,2,0,1,-1,-1,-1,-1,0,10,-1,1,1,3,-1,-1,-1,0,0,1,0,0,10,0,0,0,20.53
1,0,0,0,-1,0,1,0,0,0,0,0,0,1,0,0,0,0,0,0,0,3,0,-1,400,0,9223372036800000000,1e+75,0,10,0,0,7,0,0,1,0,0,1,1,0,0,0,0,0,0,2,0,1,-1,-1,-1,-1,0,10,-1,1,1,3,-1,-1,-1,0,0,1,0,0,10,0,0,0,31.31
1,0,0,0,-1,0,1,0,0,0,0,0,0,0,0,0,0,0,0,0,0,3,0,-1,400,0,9223372036800000000,1e+75,0,10,0,0,7,0,0,1,0,0,1,1,0,0,0,0,0,0,2,0,1,-1,-1,-1,-1,0,10,-1,1,1,3,-1,-1,1,0,0,1,0,0,10,0,0,0,13.73
1,0,0,0,-1,0,1,5,0,0,0,0,2,1,1,1,-1,-1,1,0,-1,3,0,4,200,0,9223372036800000000,1,0,10,0,0,4,0,3,1,0,0,1,0,-1,2,-1,0,0,3,2,0,1,-1,-1,-1,-1,-1,10,-1,1,1,3,-1,-1,4,0,0,1,0,0,10,0,0,0,21.43
1,0,0,0,-1,0,1,1,0,0,0,0,3,0,1,0,0,-1,-1,1,2,3,0,-1,200,0,9223372036800000000,240,0,10,0,0,5,0,3,1,0,0,1,1,1,2,20,0,0,2,2,0,1,-1,-1,-1,-1,-1,10,-1,1,1,3,-1,-1,3,0,0,1,0,0,10,0,0,0,22.52
1,0,0,0,-1,0,1,0,0,0,0,0,3,-1,1,2,0,-1,2,0,1,3,0,16,10,0,9223372036800000000,120,0,10,0,0,5,0,2,1,0,0,1,0,3,-1,20,0,0,2,2,0,1,-1,-1,-1,-1,0,10,-1,1,1,3,-1,-1,3,0,0,1,0,0,10,0,0,0,27.73
1,0,0,0,-1,0,1,0,0,0,0,0,1,0,0,0,0,0,0,0,0,3,0,-1,400,0,9223372036800000000,1e+75,0,10,0,0,7,0,0,1,0,0,1,1,0,0,0,0,0,0,2,0,1,-1,-1,-1,-1,0,10,-1,1,1,3,-1,-1,-1,0,0,1,0,0,10,0,0,0,13.49
1,0,0,0,-1,0,1,0,0,0,0,0,3,-1,1,2,0,-1,2,0,1,3,0,16,10,0,9223372036800000000,120,0,10,0,0,5,0,2,1,0,0,1,0,3,-1,20,0,0,-1,2,0,1,-1,-1,-1,-1,1,10,-1,1,1,3,-1,-1,3,0,0,1,3,0,10,0,0,0,47.79
1,0,0,0,-1,0,1,5,0,0,0,0,3,3,1,2,1,2,2,2,0,3,0,1,25,0,9223372036800000000,60,0,10,0,0,7,0,2,1,0,0,1,0,2,3,20,0,0,0,2,0,1,-1,-1,-1,-1,-1,10,-1,1,1,3,-1,-1,3,0,0,1,0,0,10,0,0,0,26.91
1,0,0,0,-1,0,1,3,0,0,0,0,1,3,-1,1,-1,2,-1,1,0,3,0,-1,200,0,9223372036800000000,1e+75,0,10,0,0,7,0,3,1,0,0,1,1,0,1,20,0,0,0,3,0,1,-1,-1,-1,-1,0,10,-1,1,1,3,-1,-1,-1,0,0,1,2,0,10,0,0,0,8.13
1,0,0,0,-1,0,1,2,0,0,0,0,1,-1,-1,-1,1,1,2,-1,2,3,0,8,100,0,9223372036800000000,240,0,10,0,0,7,0,3,1,0,0,1,0,1,0,20,0,0,3,2,0,1,-1,-1,-1,-1,1,10,-1,1,1,3,-1,-1,-1,0,0,1,0,0,10,0,0,0,27.8
1,0,0,0,-1,0,1,5,0,0,0,0,3,3,1,2,1,2,2,2,2,3,0,1,25,0,9223372036800000000,60,0,10,0,0,7,0,2,1,0,0,1,0,2,3,20,0,0,0,2,0,1,-1,-1,-1,-1,-1,10,-1,1,1,3,-1,-1,3,0,0,1,0,0,10,0,0,0,26.91
1,0,0,0,-1,0,1,5,0,0,0,0,3,3,1,2,1,2,2,2,0,3,0,1,25,0,9223372036800000000,60,0,10,0,0,7,0,2,1,0,0,1,0,2,3,20,0,0,0,2,0,1,-1,-1,-1,-1,-1,10,-1,1,1,3,-1,-1,0,0,0,1,0,0,10,0,0,0,26.91
1,0,0,0,-1,0,1,1,0,0,0,0,3,0,1,0,0,-1,-1,1,2,3,0,16,200,0,9223372036800000000,30,0,10,0,0,5,0,3,1,0,0,1,1,0,2,20,0,0,2,2,0,1,-1,-1,-1,-1,-1,10,-1,1,1,3,-1,-1,3,0,0,1,0,0,10,0,0,0,29.06
1,0,0,0,-1,0,1,0,0,0,0,0,2,1,-1,1,-1,2,0,-1,0,3,0,-1,10,0,9223372036800000000,10,0,10,0,0,30,0,3,1,0,0,1,1,3,1,500,0,0,4,2,0,1,-1,-1,-1,-1,-1,10,-1,1,1,3,-1,-1,4,0,0,1,0,0,10,0,0,0,17.6
1,0,0,0,-1,0,1,5,0,0,0,0,3,3,1,-1,1,2,2,2,0,3,0,1,25,0,9223372036800000000,60,0,10,0,0,7,0,2,1,0,0,1,0,2,3,20,0,0,0,2,0,1,-1,-1,-1,-1,-1,10,-1,1,1,3,-1,-1,3,0,0,1,0,0,10,0,0,0,26.91
1,0,0,0,-1,0,1,5,0,0,0,0,3,3,1,2,1,2,-1,2,0,3,0,1,25,0,9223372036800000000,60,0,10,0,0,7,0,2,1,0,0,1,0,2,3,20,0,0,0,2,0,1,-1,-1,-1,-1,-1,10,-1,1,1,3,-1,-1,3,0,0,1,0,0,10,0,0,0,26.91
1,0,0,0,-1,0,1,0,0,0,0,0,3,-1,-1,2,-1,2,2,-1,-1,3,0,8,150,0,9223372036800000000,60,0,10,0,0,3,0,3,1,0,0,1,1,3,0,1000,0,0,3,2,0,1,-1,-1,-1,-1,-1,10,-1,1,1,3,-1,-1,0,0,0,1,0,0,10,0,0,0,18.52
1,0,0,0,-1,0,1,3,0,0,0,0,2,0,1,-1,2,-1,-1,1,0,3,0,-1,25,0,9223372036800000000,1e+75,0,10,0,0,7,0,0,1,0,0,1,1,0,0,0,0,0,0,2,0,1,-1,-1,-1,-1,0,10,-1,1,1,3,-1,-1,-1,0,0,1,0,0,10,0,0,0,19.06
1,0,0,0,-1,0,1,5,0,0,0,0,3,3,1,2,1,2,2,2,0,3,0,1,800,0,9223372036800000000,60,0,10,0,0,7,0,2,1,0,0,1,0,2,3,20,0,0,0,2,0,1,-1,-1,-1,-1,-1,10,-1,1,1,3,-1,-1,3,0,0,1,0,0,10,0,0,0,26.91
1,0,0,0,-1,0,1,4,0,0,0,0,2,0,1,0,-1,2,2,0,2,3,0,-1,400,0,9223372036800000000,1e+75,0,10,0,0,7,0,0,1,0,0,1,1,0,0,0,0,0,0,2,0,1,-1,-1,-1,-1,0,10,-1,1,1,3,-1,-1,-1,0,0,1,0,0,10,0,0,0,25.39
1,0,0,0,-1,0,1,5,0,0,0,0,3,3,1,2,1,2,2,2,0,3,0,-1,25,0,9223372036800000000,60,0,10,0,0,7,0,2,1,0,0,1,0,2,3,20,0,0,0,2,0,1,-1,-1,-1,-1,-1,10,-1,1,1,3,-1,-1,3,0,0,1,0,0,10,0,0,0,20.21
1,0,0,0,-1,0,1,5,0,0,0,0,1,1,0,1,1,-1,2,1,2,3,0,-1,10,0,9223372036800000000,0,0,10,0,0,7,0,2,1,0,0,1,1,0,-1,60,0,0,4,2,0,1,-1,-1,-1,-1,0,10,-1,1,1,3,-1,-1,-1,0,0,1,0,0,10,0,0,0,47.67
1,0,0,0,-1,0,1,0,0,0,0,0,1,1,0,2,0,1,0,-1,1,3,0,16,100,0,9223372036800000000,120,0,10,0,0,7,0,0,1,0,0,1,0,1,2,100,0,0,4,2,0,1,-1,-1,-1,-1,1,10,-1,1,1,3,-1,-1,-1,0,0,1,0,0,10,0,0,0,37.69
1,0,0,0,-1,0,1,3,0,0,0,0,-1,1,1,0,1,0,2,1,-1,3,0,-1,200,0,9223372036800000000,1e+75,0,10,0,0,7,0,0,1,0,0,1,1,0,2,0,0,0,0,2,0,1,-1,-1,-1,-1,0,10,-1,1,1,3,-1,-1,-1,0,0,1,0,0,10,0,0,0,15.19
1,0,0,0,-1,0,1,3,0,0,0,0,3,3,1,2,1,2,2,2,0,3,0,1,25,0,9223372036800000000,60,0,10,0,0,7,0,2,1,0,0,1,0,2,3,-1,0,0,0,2,0,1,-1,-1,-1,-1,-1,10,-1,1,1,3,-1,-1,3,0,0,1,0,0,10,0,0,0,33.31
1,0,0,0,-1,0,1,0,0,0,0,0,1,-1,-1,-1,-1,1,1,1,1,3,0,2,800,0,9223372036800000000,240,0,10,0,0,0,0,2,1,0,0,1,1,1,-1,100,0,0,0,2,0,1,-1,-1,-1,-1,-1,10,-1,1,1,3,-1,-1,3,0,0,1,0,0,10,0,0,0,13.59
1,0,0,0,-1,0,1,4,0,0,0,0,3,0,-1,0,-1,1,0,2,2,3,0,-1,50,0,9223372036800000000,1e+75,0,10,0,0,7,0,0,1,0,0,1,1,0,0,0,0,0,0,2,0,1,-1,-1,-1,-1,0,10,-1,1,1,3,-1,-1,-1,0,0,1,0,0,10,0,0,0,25.35
1,0,0,0,-1,0,1,3,0,0,0,0,3,3,1,2,1,2,2,2,0,3,0,1,400,0,9223372036800000000,60,0,10,0,0,7,0,2,1,0,0,1,0,2,3,20,0,0,0,2,0,1,-1,-1,-1,-1,-1,10,-1,1,1,3,-1,-1,3,0,0,1,0,0,10,0,0,0,16.44
1,0,0,0,-1,0,1,0,0,0,0,0,2,1,-1,-1,1,0,-1,1,-1,3,0,-1,400,0,9223372036800000000,1e+75,0,10,0,0,7,0,0,1,0,0,1,1,0,-1,0,0,0,3,2,0,1,-1,-1,-1,-1,0,10,-1,1,1,3,-1,-1,-1,0,0,1,0,0,10,0,0,0,21.63
1,0,0,0,-1,0,1,4,0,0,0,0,-1,3,-1,2,0,1,-1,-1,2,3,0,16,50,0,9223372036800000000,30,0,10,0,0,10,0,2,1,0,0,1,0,0,-1,0,0,0,-1,2,0,1,-1,-1,-1,-1,0,10,-1,1,1,3,-1,-1,0,0,0,1,0,0,10,0,0,0,32.74
1,0,0,0,-1,0,1,3,0,0,0,0,3,3,1,2,1,2,2,1,0,3,0,1,25,0,9223372036800000000,60,0,10,0,0,7,0,2,1,0,0,1,0,2,3,20,0,0,0,2,0,1,-1,-1,-1,-1,-1,10,-1,1,1,3,-1,-1,3,0,0,1,0,0,10,0,0,0,16.44
1,0,0,0,-1,0,1,5,0,0,0,0,3,3,1,0,1,0,2,-1,0,3,0,-1,150,0,9223372036800000000,240,0,10,0,0,7,0,2,1,0,0,1,1,0,3,100,0,0,0,2,0,1,-1,-1,-1,-1,0,10,-1,1,1,3,-1,-1,-1,0,0,1,0,0,10,0,0,0,16.68
1,0,0,0,-1,0,1,3,0,0,0,0,3,3,1,2,1,2,2,2,0,3,0,1,25,0,9223372036800000000,0,0,10,0,0,7,0,2,1,0,0,1,0,2,3,20,0,0,0,2,0,1,-1,-1,-1,-1,-1,10,-1,1,1,3,-1,-1,3,0,0,1,0,0,10,0,0,0,1.79769e+308
1,0,0,0,-1,0,1,3,0,0,0,0,3,3,1,2,1,2,2,2,0,3,0,1,25,0,9223372036800000000,120,0,10,0,0,7,0,2,1,0,0,1,0,2,3,20,0,0,0,2,0,1,-1,-1,-1,-1,-1,10,-1,1,1,3,-1,-1,3,0,0,1,0,0,10,0,0,0,16.44
1,0,0,0,-1,0,1,3,0,0,0,0,3,3,1,2,1,2,2,2,0,3,0,1,50,0,9223372036800000000,60,0,10,0,0,7,0,2,1,0,0,1,0,2,3,20,0,0,0,2,0,1,-1,-1,-1,-1,-1,10,-1,1,1,3,-1,-1,3,0,0,1,0,0,10,0,0,0,16.44
1,0,0,0,-1,0,1,0,0,0,0,0,1,0,1,1,1,0,2,0,-1,3,0,16,200,0,9223372036800000000,30,0,10,0,0,30,0,0,1,0,0,1,0,1,-1,60,0,0,-1,2,0,1,-1,-1,-1,-1,-1,10,-1,1,1,3,-1,-1,5,0,0,1,0,0,10,0,0,0,54.25
1,0,0,0,-1,0,1,0,0,0,0,0,2,0,1,-1,1,0,2,1,-1,3,0,16,200,0,9223372036800000000,30,0,10,0,0,30,0,0,1,0,0,1,0,1,-1,60,0,0,-1,2,0,1,-1,-1,-1,-1,-1,10,-1,1,1,3,-1,-1,5,0,0,1,0,0,10,0,0,0,1.79769e+308
1,0,0,0,-1,0,1,3,0,0,0,0,1,3,-1,1,-1,2,-1,1,0,3,0,-1,200,0,9223372036800000000,1e+75,0,10,0,0,7,0,3,1,20,0,1,1,0,1,20,0,0,0,2,0,1,-1,-1,-1,-1,0,10,-1,1,1,3,-1,-1,-1,0,0,1,0,0,10,0,0,0,9.23
1,0,0,0,-1,0,1,0,0,0,0,0,2,0,1,1,1,0,2,0,-1,3,0,16,200,0,9223372036800000000,30,0,10,0,0,30,0,0,1,0,0,1,0,0,-1,60,0,0,-1,2,0,1,-1,-1,-1,-1,-1,10,-1,1,1,3,-1,-1,5,0,0,1,0,0,10,0,0,0,46.63
1,0,0,0,-1,0,1,3,0,0,0,0,1,3,-1,1,-1,2,-1,1,0,3,0,-1,200,0,9223372036800000000,1e+75,0,10,0,0,2,0,3,1,0,0,1,1,0,1,20,0,0,0,2,0,1,-1,-1,-1,-1,0,10,-1,1,1,3,-1,-1,-1,0,0,1,0,0,10,0,0,0,8.2
1,0,0,0,-1,0,1,0,0,0,0,0,2,0,1,-1,1,0,2,0,-1,3,0,16,200,0,9223372036800000000,30,0,10,0,0,30,0,0,1,0,0,1,0,1,-1,60,0,0,-1,2,0,1,-1,-1,-1,-1,-1,10,-1,1,1,3,-1,-1,5,0,0,1,0,0,10,0,0,0,30.34
1,0,0,0,-1,0,1,2,0,0,0,0,2,0,-1,0,1,-1,-1,-1,2,3,0,-1,50,0,9223372036800000000,1e+75,0,10,0,0,7,0,0,1,0,0,1,1,0,-1,0,0,0,0,2,0,1,-1,-1,-1,-1,0,10,-1,1,1,3,-1,-1,-1,0,0,1,0,0,10,0,0,0,33.2
1,0,0,0,-1,0,1,0,0,0,0,0,2,0,1,-1,1,0,2,0,-1,3,0,16,10,0,9223372036800000000,30,0,10,0,0,30,0,0,1,0,0,1,0,1,-1,60,0,0,-1,2,0,1,-1,-1,-1,-1,-1,10,-1,1,1,3,-1,-1,5,0,0,1,0,0,10,0,0,0,43.06
1,0,0,0,-1,0,1,0,0,0,0,0,2,0,1,-1,1,0,2,2,-1,3,0,16,200,0,9223372036800000000,30,0,10,0,0,30,0,0,1,0,0,1,0,1,-1,60,0,0,-1,2,0,1,-1,-1,-1,-1,-1,10,-1,1,1,3,-1,-1,5,0,0,1,0,0,10,0,0,0,1.79769e+308
1,0,0,0,-1,0,1,0,0,0,0,0,2,0,1,-1,1,0,2,0,-1,3,0,16,200,0,9223372036800000000,30,0,10,0,0,30,0,0,1,0,0,1,0,2,-1,60,0,0,-1,2,0,1,-1,-1,-1,-1,-1,10,-1,1,1,3,-1,-1,5,0,0,1,0,0,10,0,0,0,31.72
1,0,0,0,-1,0,1,0,0,0,0,0,2,0,1,-1,1,0,1,0,-1,3,0,16,200,0,9223372036800000000,30,0,10,0,0,30,0,0,1,0,0,1,0,1,-1,60,0,0,-1,2,0,1,-1,-1,-1,-1,-1,10,-1,1,1,3,-1,-1,5,0,0,1,0,0,10,0,0,0,30.34
1,0,0,0,-1,0,1,0,0,0,0,0,2,0,1,-1,1,0,2,0,0,3,0,16,200,0,9223372036800000000,30,0,10,0,0,30,0,0,1,0,0,1,0,1,-1,60,0,0,-1,2,0,1,-1,-1,-1,-1,-1,10,-1,1,1,3,-1,-1,5,0,0,1,0,0,10,0,0,0,30.34
1,0,0,0,-1,0,1,0,0,0,0,0,2,1,-1,1,-1,2,0,-1,2,3,0,4,10,0,9223372036800000000,10,0,10,0,0,30,0,3,1,0,0,1,1,3,1,500,0,0,4,2,0,1,-1,-1,-1,-1,-1,10,-1,1,1,3,-1,-1,4,0,0,1,0,0,10,0,0,0,17.6
1,0,0,0,-1,0,1,0,0,0,0,0,2,0,1,-1,1,0,2,0,-1,3,0,16,200,0,9223372036800000000,30,0,10,0,0,30,0,0,1,0,0,1,0,1,0,60,0,0,-1,2,0,1,-1,-1,-1,-1,-1,10,-1,1,1,3,-1,-1,5,0,0,1,0,0,10,0,0,0,1.79769e+308
1,0,0,0,-1,0,1,0,0,0,0,0,3,0,1,0,1,1,1,-1,0,3,0,-1,100,0,9223372036800000000,1e+75,0,10,0,0,7,0,0,1,0,0,1,1,0,0,0,0,0,0,2,0,1,-1,-1,-1,-1,0,10,-1,1,1,3,-1,-1,-1,0,0,1,0,0,10,0,0,0,22.84
1,0,0,0,-1,0,1,3,0,0,0,0,-1,3,1,2,1,2,2,2,0,3,0,1,25,0,9223372036800000000,60,0,10,0,0,7,0,2,1,0,0,1,0,2,3,20,0,0,0,2,0,1,-1,-1,-1,-1,-1,10,-1,1,1,3,-1,-1,3,0,0,1,0,0,10,0,0,0,16.44
1,0,0,0,-1,0,1,5,0,0,0,0,3,-1,0,1,-1,2,-1,2,2,3,0,1,100,0,9223372036800000000,240,0,10,0,0,30,0,3,1,0,0,1,1,0,0,1000,0,0,4,2,0,1,-1,-1,-1,-1,0,10,-1,1,1,3,-1,-1,-1,0,0,1,0,0,10,0,0,0,26.91
1,0,0,0,-1,0,1,1,0,0,0,0,2,1,0,-1,2,1,-1,1,1,3,0,8,10,0,9223372036800000000,10,0,10,0,0,7,0,3,1,0,0,1,1,0,3,0,0,0,0,2,0,1,-1,-1,-1,-1,1,10,-1,1,1,3,-1,-1,0,0,0,1,1,0,10,0,0,0,1.79769e+308
1,0,0,0,-1,0,1,0,0,0,0,0,2,0,1,-1,1,0,2,0,-1,3,0,16,200,0,9223372036800000000,30,0,10,0,0,30,0,0,1,0,0,1,0,-1,-1,60,0,0,-1,2,0,1,-1,-1,-1,-1,-1,10,-1,1,1,3,-1,-1,5,0,0,1,0,0,10,0,0,0,1.79769e+308
1,0,0,0,-1,0,1,0,0,0,0,0,2,0,1,-1,1,0,2,0,-1,3,0,16,200,0,9223372036800000000,20,0,10,0,0,30,0,0,1,0,0,1,0,1,-1,60,0,0,3,2,0,1,-1,-1,-1,-1,-1,10,-1,1,1,3,-1,-1,5,0,0,1,0,0,10,0,0,0,18.55
1,0,0,0,-1,0,1,0,0,0,0,0,2,0,1,-1,1,0,2,0,-1,3,0,16,200,0,9223372036800000000,30,0,10,0,0,30,0,0,1,0,0,1,0,1,-1,500,0,0,3,2,0,1,-1,-1,-1,-1,-1,10,-1,1,1,3,-1,-1,5,0,0,1,0,0,10,0,0,0,18.55
1,0,0,0,-1,0,1,0,0,0,0,0,2,0,1,-1,1,0,2,0,-1,3,0,16,200,0,9223372036800000000,30,0,10,0,0,30,0,0,1,0,0,1,0,1,-1,40,0,0,3,2,0,1,-1,-1,-1,-1,-1,10,-1,1,1,3,-1,-1,5,0,0,1,0,0,10,0,0,0,18.55
1,0,0,0,-1,0,1,0,0,0,0,0,2,0,1,-1,1,0,2,-1,-1,3,0,16,200,0,9223372036800000000,30,0,10,0,0,30,0,0,1,0,0,1,0,1,-1,60,0,0,3,2,0,1,-1,-1,-1,-1,-1,10,-1,1,1,3,-1,-1,5,0,0,1,0,0,10,0,0,0,30.79
1,0,0,0,-1,0,1,5,0,0,0,0,3,3,1,2,0,-1,1,1,-1,3,0,-1,100,0,9223372036800000000,1e+75,0,10,0,0,7,0,2,1,0,0,1,1,0,-1,0,0,0,2,2,0,1,-1,-1,-1,-1,0,10,-1,1,1,3,-1,-1,-1,0,0,1,0,0,10,0,0,0,27.49
1,0,0,0,-1,0,1,0,0,0,0,0,2,0,1,-1,1,0,2,0,1,3,0,16,200,0,9223372036800000000,30,0,10,0,0,30,0,0,1,0,0,1,0,1,-1,60,0,0,3,2,0,1,-1,-1,-1,-1,-1,10,-1,1,1,3,-1,-1,5,0,0,1,0,0,10,0,0,0,18.55
1,0,0,0,-1,0,1,2,0,0,0,0,0,2,1,-1,2,0,0,2,0,3,0,-1,200,0,9223372036800000000,40,0,10,0,0,7,0,2,1,0,0,1,1,0,0,1000,0,0,3,2,0,1,-1,-1,-1,-1,0,10,-1,1,1,3,-1,-1,-1,0,0,1,0,0,10,0,0,0,23.84
1,0,0,0,-1,0,1,0,0,0,0,0,2,0,1,-1,1,0,2,0,-1,3,0,16,200,0,9223372036800000000,30,0,10,0,0,30,0,0,1,0,0,1,0,1,0,60,0,0,3,2,0,1,-1,-1,-1,-1,-1,10,-1,1,1,3,-1,-1,5,0,0,1,0,0,10,0,0,0,15.55
1,0,0,0,-1,0,1,5,0,0,0,0,-1,1,1,2,-1,-1,-1,-1,0,3,0,16,10,0,9223372036800000000,1,0,10,0,0,4,0,1,1,0,0,1,0,2,0,200,0,0,3,2,0,1,-1,-1,-1,-1,1,10,-1,1,1,3,-1,-1,5,0,0,1,0,0,10,0,0,0,26.78
1,0,0,0,-1,0,1,0,0,0,0,0,2,0,1,-1,1,0,2,0,-1,3,0,16,25,0,9223372036800000000,30,0,10,0,0,30,0,0,1,0,0,1,0,1,0,60,0,0,3,2,0,1,-1,-1,-1,-1,-1,10,-1,1,1,3,-1,-1,5,0,0,1,0,0,10,0,0,0,17.51
1,0,0,0,-1,0,1,0,0,0,0,0,1,1,-1,1,-1,2,0,-1,2,3,0,-1,10,0,9223372036800000000,10,0,10,0,0,30,0,3,1,0,0,1,1,3,1,500,0,0,4,2,0,1,-1,-1,-1,-1,-1,10,-1,1,1,3,-1,-1,4,0,0,1,0,0,10,0,0,0,30.7
1,0,0,0,-1,0,1,0,0,0,0,0,2,1,-1,1,-1,2,0,-1,2,3,0,-1,10,0,9223372036800000000,10,0,10,0,0,30,0,3,1,0,0,1,1,3,1,500,0,0,4,2,0,1,-1,-1,-1,-1,-1,10,-1,1,1,3,-1,-1,3,0,0,1,0,0,10,0,0,0,17.6
1,0,0,0,-1,0,1,2,0,0,0,0,3,-1,0,1,-1,2,-1,2,2,3,0,1,100,0,9223372036800000000,240,0,10,0,0,30,0,3,1,0,0,1,1,0,0,100,0,0,4,2,0,1,-1,-1,-1,-1,0,10,-1,1,1,3,-1,-1,-1,0,0,1,0,0,10,0,0,0,37.63
1,0,0,0,-1,0,1,1,0,0,0,0,3,0,1,0,0,-1,-1,1,2,3,0,-1,200,0,9223372036800000000,30,0,10,0,0,5,0,3,1,0,0,1,1,1,2,40,0,0,2,2,0,1,-1,-1,-1,-1,-1,10,-1,1,1,3,-1,-1,3,0,0,1,0,0,10,0,0,0,30.64
1,0,0,0,-1,0,1,0,0,0,0,0,3,1,-1,1,-1,2,0,-1,2,3,0,-1,10,0,9223372036800000000,10,0,10,0,0,30,0,3,1,0,0,1,1,3,1,500,0,0,4,2,0,1,-1,-1,-1,-1,-1,10,-1,1,1,3,-1,-1,4,0,0,1,0,0,10,0,0,0,17.6
1,0,0,0,-1,0,1,3,0,0,0,0,1,3,-1,1,-1,2,-1,1,0,3,0,-1,200,0,9223372036800000000,1e+75,0,10,0,1,7,0,3,1,0,0,1,1,0,1,20,0,0,0,2,0,1,-1,-1,-1,-1,0,10,-1,1,1,3,-1,-1,-1,0,0,1,2,0,10,0,0,0,8.13
1,0,0,0,-1,0,1,0,0,0,0,0,2,1,-1,1,-1,2,0,-1,2,3,0,-1,800,0,9223372036800000000,10,0,10,0,0,30,0,3,1,0,0,1,1,3,1,500,0,0,4,2,0,1,-1,-1,-1,-1,-1,10,-1,1,1,3,-1,-1,4,0,0,1,0,0,10,0,0,0,27.84
1,0,0,0,-1,0,1,5,0,0,0,0,3,0,1,0,1,0,2,-1,0,3,0,-1,150,0,9223372036800000000,240,0,10,0,0,7,0,2,1,0,0,1,1,0,3,100,0,0,0,2,0,1,-1,-1,-1,-1,0,10,-1,1,1,3,-1,-1,-1,0,0,1,0,0,10,0,0,0,16.68
1,0,0,0,-1,0,1,3,0,0,0,0,3,3,1,2,1,2,2,2,0,3,0,1,25,0,9223372036800000000,60,0,10,0,0,7,0,2,1,0,0,1,0,2,3,0,0,0,0,2,0,1,-1,-1,-1,-1,-1,10,-1,1,1,3,-1,-1,3,0,0,1,0,0,10,0,0,0,30.41
1,0,0,0,-1,0,1,0,0,0,0,0,2,1,-1,1,-1,2,0,-1,2,3,0,-1,10,0,9223372036800000000,10,0,10,0,0,30,0,3,1,0,0,1,1,3,1,500,0,0,4,2,0,1,-1,-1,-1,-1,-1,10,-1,1,1,3,-1,-1,2,0,0,1,0,0,10,0,0,0,17.6
1,0,0,0,-1,0,1,0,0,0,0,0,2,1,-1,1,-1,2,0,-1,2,3,0,-1,150,0,9223372036800000000,10,0,10,0,0,30,0,3,1,0,0,1,1,3,1,500,0,0,4,2,0,1,-1,-1,-1,-1,-1,10,-1,1,1,3,-1,-1,4,0,0,1,0,0,10,0,0,0,27.56
1,0,0,0,-1,0,1,1,0,0,0,0,-1,0,-1,2,0,1,1,2,1,3,0,-1,25,0,9223372036800000000,1e+75,0,10,0,0,7,0,0,1,0,0,1,1,0,0,0,0,0,0,2,0,1,-1,-1,-1,-1,0,10,-1,1,1,3,-1,-1,-1,0,0,1,0,0,10,0,0,0,1.79769e+308
1,0,0,0,-1,0,1,0,0,0,0,0,2,1,-1,1,-1,2,0,-1,2,3,0,-1,100,0,9223372036800000000,10,0,10,0,0,30,0,3,1,0,0,1,1,3,1,500,0,0,4,2,0,1,-1,-1,-1,-1,-1,10,-1,1,1,3,-1,-1,4,0,0,1,0,0,10,0,0,0,33.34
1,0,0,0,-1,0,1,5,0,0,0,0,-1,1,1,2,-1,1,-1,-1,0,3,0,16,10,0,9223372036800000000,120,0,10,0,0,4,0,1,1,0,0,1,0,2,0,200,0,0,2,2,0,1,-1,-1,-1,-1,1,10,-1,1,1,3,-1,-1,5,0,0,1,0,0,10,0,0,0,29.97
1,0,0,0,-1,0,1,4,0,0,0,0,1,-1,-1,-1,2,2,-1,2,-1,3,0,-1,10,0,9223372036800000000,120,0,10,0,0,5,0,0,1,0,0,1,0,1,1,0,0,1,0,2,0,1,-1,-1,-1,-1,1,10,-1,1,1,3,-1,-1,4,0,0,1,3,0,10,0,0,0,17.45
1,0,0,0,-1,0,1,5,0,0,0,0,2,1,-1,1,-1,2,0,-1,2,3,0,-1,10,0,9223372036800000000,10,0,10,0,0,30,0,3,1,0,0,1,1,3,1,500,0,0,4,2,0,1,-1,-1,-1,-1,-1,10,-1,1,1,3,-1,-1,4,0,0,1,0,0,10,0,0,0,20.4
1,0,0,0,-1,0,1,4,0,0,0,0,1,-1,-1,-1,2,2,-1,2,2,3,0,-1,10,0,9223372036800000000,120,0,10,0,0,5,0,0,1,0,0,1,0,1,1,60,0,1,0,2,0,1,-1,-1,-1,-1,1,10,-1,1,1,3,-1,-1,4,0,0,1,3,0,10,0,0,0,16.55
1,0,0,0,-1,0,1,0,0,0,0,0,2,1,-1,1,-1,2,0,-1,2,3,0,-1,10,0,9223372036800000000,10,0,10,0,0,30,0,3,1,0,0,1,1,0,1,500,0,0,4,2,0,1,-1,-1,-1,-1,-1,10,-1,1,1,3,-1,-1,4,0,0,1,0,0,10,0,0,0,33.05
1,0,0,0,-1,0,1,0,0,0,0,0,2,2,1,2,2,0,2,0,2,3,0,-1,10,0,9223372036800000000,1e+75,0,10,0,0,7,0,3,1,0,0,1,1,0,1,0,0,0,2,2,0,1,-1,-1,-1,-1,0,10,-1,1,1,3,-1,-1,-1,0,0,1,0,0,10,0,0,0,23.16
1,0,0,0,-1,0,1,0,0,0,0,0,2,1,-1,1,-1,2,0,-1,2,3,0,-1,10,0,9223372036800000000,10,0,10,0,0,30,0,3,1,0,0,1,1,3,-1,500,0,0,4,2,0,1,-1,-1,-1,-1,-1,10,-1,1,1,3,-1,-1,4,0,0,1,0,0,10,0,0,0,1.79769e+308
1,0,0,0,-1,0,1,0,0,0,0,0,2,1,-1,1,-1,2,0,1,2,3,0,-1,10,0,9223372036800000000,10,0,10,0,0,30,0,3,1,0,0,1,1,3,1,500,0,0,4,2,0,1,-1,-1,-1,-1,-1,10,-1,1,1,3,-1,-1,4,0,0,1,0,0,10,0,0,0,23.16
1,0,0,0,-1,0,1,1,0,0,0,0,0,-1,-1,1,1,-1,2,0,2,3,0,-1,150,0,9223372036800000000,0,0,10,0,0,4,0,0,1,0,0,1,0,3,1,200,0,1,3,2,0,1,-1,-1,-1,-1,0,10,-1,1,1,3,-1,-1,5,0,0,1,4,0,10,0,0,0,20.68
1,0,0,0,-1,0,1,0,0,0,0,0,2,1,-1,1,-1,2,0,-1,2,3,0,-1,10,0,9223372036800000000,40,0,10,0,0,30,0,3,1,0,0,1,1,3,1,500,0,0,4,2,0,1,-1,-1,-1,-1,-1,10,-1,1,1,3,-1,-1,4,0,0,1,0,0,10,0,0,0,17.6
1,0,0,0,-1,0,1,0,0,0,0,0,1,2,-1,0,-1,0,2,1,-1,3,0,16,200,0,9223372036800000000,1,0,10,0,0,4,0,3,1,0,0,1,0,-1,2,200,0,0,4,2,0,1,-1,-1,-1,-1,1,10,-1,1,1,3,-1,-1,3,0,0,1,0,0,10,0,0,0,1.79769e+308
1,0,0,0,-1,0,1,3,0,0,0,0,2,0,1,1,0,1,1,0,-1,3,0,4,10,0,9223372036800000000,1,0,10,0,0,4,0,3,1,0,0,1,0,-1,2,-1,0,0,3,2,0,1,-1,-1,-1,-1,-1,10,-1,1,1,3,-1,-1,4,0,0,1,0,0,10,0,0,0,28.08
1,0,0,0,-1,0,1,0,0,0,0,0,0,0,0,0,0,0,0,0,1,3,0,-1,400,0,9223372036800000000,1e+75,0,10,0,0,7,0,0,1,0,0,1,1,0,0,0,0,0,0,2,0,1,-1,-1,-1,-1,0,10,-1,1,1,3,-1,-1,-1,0,0,1,0,0,10,0,0,0,13.49
1,0,0,0,-1,0,1,5,0,0,0,0,3,0,-1,-1,2,1,1,-1,0,3,0,-1,800,0,9223372036800000000,1e+75,0,10,0,0,7,0,0,1,0,0,1,1,0,0,0,0,0,0,2,0,1,-1,-1,-1,-1,0,10,-1,1,1,3,-1,-1,-1,0,0,1,0,0,10,0,0,0,23.4
1,0,0,0,-1,0,1,4,0,0,0,0,-1,0,-1,2,-1,-1,-1,-1,2,3,0,16,50,0,9223372036800000000,30,0,10,0,0,10,0,2,1,0,0,1,0,3,-1,0,0,0,-1,2,0,1,-1,-1,-1,-1,0,10,-1,1,1,3,-1,-1,0,0,0,1,0,0,10,0,0,0,44.28
1,0,0,0,-1,0,1,3,0,0,0,0,2,1,1,1,0,1,1,0,-1,3,0,4,10,0,9223372036800000000,1,0,10,0,0,4,0,3,1,0,0,1,0,-1,2,-1,0,0,3,2,0,1,-1,-1,-1,-1,-1,10,-1,1,1,3,-1,-1,4,0,0,1,0,0,10,0,0,0,27.69
1,0,0,0,-1,0,1,3,0,0,0,0,2,1,1,1,0,1,1,0,-1,3,0,4,10,0,9223372036800000000,1,0,10,0,0,4,0,3,1,0,0,1,0,-1,0,-1,0,0,3,2,0,1,-1,-1,-1,-1,-1,10,-1,1,1,3,-1,-1,4,0,0,1,0,0,10,0,0,0,27.69
1,0,0,0,-1,0,1,0,0,0,0,0,3,-1,-1,2,-1,2,2,-1,-1,3,0,8,150,0,9223372036800000000,60,0,10,0,0,3,0,3,1,0,0,1,1,3,0,0,0,0,3,2,0,1,-1,-1,-1,-1,-1,10,-1,1,1,3,-1,-1,0,0,0,1,0,0,10,0,0,0,18.52
1,0,0,0,-1,0,1,3,0,0,0,0,2,1,1,1,0,1,1,0,-1,3,0,4,10,0,9223372036800000000,1e+75,0,10,0,0,4,0,3,1,0,0,1,0,-1,2,-1,0,0,3,2,0,1,-1,-1,-1,-1,-1,10,-1,1,1,3,-1,-1,4,0,0,1,0,0,10,0,0,0,27.69
1,0,0,0,-1,0,1,5,0,0,0,0,2,1,1,1,0,1,1,0,-1,3,0,4,10,0,9223372036800000000,1,0,10,0,0,4,0,3,1,0,0,1,0,-1,2,-1,0,0,3,2,0,1,-1,-1,-1,-1,-1,10,-1,1,1,3,-1,-1,4,0,0,1,0,0,10,0,0,0,25.76
1,0,0,0,-1,0,1,0,0,0,0,0,2,3,0,2,1,1,1,-1,0,3,0,-1,150,0,9223372036800000000,1e+75,0,10,0,0,7,0,3,1,0,0,1,1,0,0,0,0,0,3,2,0,1,-1,-1,-1,-1,0,10,-1,1,1,3,-1,-1,-1,0,0,1,0,0,10,0,0,0,18.42
1,0,0,0,-1,0,1,5,0,0,0,0,2,1,1,1,0,1,1,0,-1,3,0,4,10,0,9223372036800000000,1,0,10,0,0,4,0,3,1,0,0,1,0,-1,-1,-1,0,0,3,2,0,1,-1,-1,-1,-1,-1,10,-1,1,1,3,-1,-1,4,0,0,1,0,0,10,0,0,0,22.04
1,0,0,0,-1,0,1,5,0,0,0,0,2,1,1,1,-1,1,1,0,-1,3,0,4,10,0,9223372036800000000,1,0,10,0,0,4,0,3,1,0,0,1,0,-1,2,-1,0,0,3,2,0,1,-1,-1,-1,-1,-1,10,-1,1,1,3,-1,-1,4,0,0,1,0,0,10,0,0,0,21.05
1,0,0,0,-1,0,1,3,0,0,0,0,-1,-1,1,1,2,-1,2,0,1,3,0,1,10,0,9223372036800000000,1e+75,0,10,0,0,5,0,3,1,0,0,1,0,0,1,100,0,0,-1,2,0,1,-1,-1,-1,-1,1,10,-1,1,1,3,-1,-1,3,0,0,1,0,0,10,0,0,0,1.79769e+308
1,0,0,0,-1,0,1,0,0,0,0,0,1,1,0,2,-1,1,0,-1,1,3,0,16,200,0,9223372036800000000,120,0,10,0,0,7,0,0,1,0,0,1,0,1,2,100,0,0,4,2,0,1,-1,-1,-1,-1,1,10,-1,1,1,3,-1,-1,1,0,0,1,0,0,10,0,0,0,27.73
1,0,0,0,-1,0,1,5,0,0,0,0,2,1,1,1,-1,1,1,0,-1,3,0,4,10,0,9223372036800000000,1,0,10,0,0,4,0,3,1,0,0,1,0,3,2,-1,0,0,3,2,0,1,-1,-1,-1,-1,-1,10,-1,1,1,3,-1,-1,4,0,0,1,0,0,10,0,0,0,21.05
1,0,0,0,-1,0,1,3,0,0,0,0,1,3,-1,1,-1,2,-1,1,0,3,0,-1,200,0,9223372036800000000,1e+75,0,10,0,0,7,0,3,1,0,0,1,1,0,1,20,0,3,0,2,0,1,-1,-1,-1,-1,0,10,-1,1,1,3,-1,-1,-1,0,0,1,0,0,10,0,0,0,1.79769e+308
1,0,0,0,-1,0,1,0,0,0,0,0,0,0,0,-1,0,0,0,0,0,3,0,-1,400,0,9223372036800000000,1e+75,0,10,0,0,7,0,0,1,0,0,1,1,0,0,0,0,0,0,2,0,1,-1,-1,-1,-1,0,10,-1,1,1,3,-1,-1,-1,0,0,1,0,0,10,0,0,0,31.61
1,0,0,0,-1,0,1,3,0,0,0,0,1,3,-1,1,-1,2,-1,1,0,3,0,-1,200,0,9223372036800000000,1e+75,0,10,0,0,7,0,3,1,-1,0,1,1,0,1,20,0,0,0,2,0,1,-1,-1,-1,-1,0,10,-1,1,1,3,-1,-1,-1,0,0,1,0,0,10,0,0,0,1.79769e+308
1,0,0,0,-1,0,1,0,0,0,0,0,3,0,0,1,-1,2,-1,2,2,3,0,1,100,0,9223372036800000000,240,0,10,0,0,30,0,3,1,0,0,1,1,0,0,100,0,0,4,2,0,1,-1,-1,-1,-1,0,10,-1,1,1,3,-1,-1,-1,0,0,1,0,0,10,0,0,0,38.46
1,0,0,0,-1,0,1,5,0,0,0,0,2,1,1,1,-1,1,1,0,-1,3,0,4,10,0,9223372036800000000,1,0,10,0,0,4,0,3,1,0,0,1,0,-1,2,500,0,0,3,2,0,1,-1,-1,-1,-1,-1,10,-1,1,1,3,-1,-1,4,0,0,1,0,0,10,0,0,0,21.05
1,0,0,0,-1,0,1,5,0,0,0,0,2,-1,1,1,-1,1,1,0,-1,3,0,4,10,0,9223372036800000000,1,0,10,0,0,4,0,3,1,0,0,1,0,-1,2,-1,0,0,3,2,0,1,-1,-1,-1,-1,-1,10,-1,1,1,3,-1,-1,4,0,0,1,0,0,10,0,0,0,21.05
1,0,0,0,-1,0,1,5,0,0,0,0,2,1,1,1,-1,0,1,0,-1,3,0,4,10,0,9223372036800000000,1,0,10,0,0,4,0,3,1,0,0,1,0,-1,2,-1,0,0,3,2,0,1,-1,-1,-1,-1,-1,10,-1,1,1,3,-1,-1,4,0,0,1,0,0,10,0,0,0,20.37
1,0,0,0,-1,0,1,5,0,0,0,0,3,0,-1,-1,-1,0,0,1,-1,3,0,-1,25,0,9223372036800000000,1e+75,0,10,0,0,7,0,0,1,0,0,1,1,0,0,0,0,0,0,2,0,1,-1,-1,-1,-1,0,10,-1,1,1,3,-1,-1,-1,0,0,1,0,0,10,0,0,0,16.03
1,0,0,0,-1,0,1,5,0,0,0,0,2,1,1,1,-1,0,1,0,-1,3,0,4,10,0,9223372036800000000,1,0,10,0,0,4,0,3,1,0,0,1,0,1,2,-1,0,0,3,2,0,1,-1,-1,-1,-1,-1,10,-1,1,1,3,-1,-1,4,0,0,1,0,0,10,0,0,0,20.37
1,0,0,0,-1,0,1,3,0,0,0,0,3,3,0,2,-1,1,2,2,1,3,0,-1,100,0,9223372036800000000,30,0,10,0,0,10,0,3,1,0,0,1,1,2,-1,60,0,5,1,2,0,1,-1,-1,-1,-1,1,10,-1,1,1,3,-1,-1,3,0,0,1,3,0,10,0,0,0,1.79769e+308
1,0,0,0,-1,0,1,5,0,0,0,0,2,1,1,0,1,0,-1,-1,1,3,0,16,50,0,9223372036800000000,10,0,10,0,0,10,0,0,1,0,0,1,1,3,-1,500,0,0,3,2,0,1,-1,-1,-1,-1,-1,10,-1,1,1,3,-1,-1,-1,0,0,1,5,0,10,0,0,0,23.82
1,0,0,0,-1,0,1,5,0,0,0,0,2,1,1,1,-1,0,1,0,-1,3,0,4,10,0,9223372036800000000,1,0,10,0,0,4,0,3,1,0,0,1,0,-1,2,500,0,0,3,2,0,1,-1,-1,-1,-1,-1,10,-1,1,1,3,-1,-1,4,0,0,1,0,0,10,0,0,0,20.37
1,0,0,0,-1,0,1,5,0,0,0,0,2,1,1,1,-1,0,2,0,-1,3,0,4,10,0,9223372036800000000,1,0,10,0,0,4,0,3,1,0,0,1,0,-1,2,-1,0,0,3,2,0,1,-1,-1,-1,-1,-1,10,-1,1,1,3,-1,-1,4,0,0,1,0,0,10,0,0,0,20.37
1,0,0,0,-1,0,1,0,0,0,0,0,0,0,0,0,0,0,0,0,0,3,0,-1,400,0,9223372036800000000,30,0,10,0,0,7,0,0,1,0,0,1,1,0,0,0,0,0,0,2,0,1,-1,-1,-1,-1,0,10,-1,1,1,3,-1,-1,-1,0,0,1,0,0,10,0,0,0,25.91
1,0,0,0,-1,0,1,5,0,0,0,0,0,2,0,0,-1,1,1,1,1,3,0,-1,800,0,9223372036800000000,1e+75,0,10,0,0,7,0,1,1,0,0,1,1,0,-1,0,0,0,-1,2,0,1,-1,-1,-1,-1,0,10,-1,1,1,3,-1,-1,-1,0,0,1,0,0,10,0,0,0,56.02
1,0,0,0,-1,0,1,5,0,0,0,0,2,1,1,0,1,0,-1,-1,1,3,0,16,800,0,9223372036800000000,10,0,10,0,0,10,0,0,1,0,0,1,1,3,-1,500,0,0,3,2,0,1,-1,-1,-1,-1,-1,10,-1,1,1,3,-1,-1,5,0,0,1,5,0,10,0,0,0,22.6
1,0,0,0,-1,0,1,4,0,0,0,0,1,-1,-1,2,1,1,2,2,1,3,0,8,50,0,9223372036800000000,2,0,10,0,0,10,0,3,1,0,0,1,0,2,-1,60,0,0,4,2,0,1,-1,-1,-1,-1,0,10,-1,1,1,3,-1,-1,3,0,0,1,0,0,10,0,0,0,1.79769e+308
1,0,0,0,-1,0,1,4,0,0,0,0,-1,0,-1,2,-1,-1,-1,0,2,3,0,16,50,0,9223372036800000000,30,0,10,0,0,10,0,2,1,0,0,1,0,3,-1,0,0,0,-1,2,0,1,-1,-1,-1,-1,0,10,-1,1,1,3,-1,-1,0,0,0,1,0,0,10,0,0,0,1.79769e+308
1,0,0,0,-1,0,1,4,0,0,0,0,-1,0,-1,2,0,-1,-1,-1,2,3,0,16,50,0,9223372036800000000,30,0,10,0,0,10,0,2,1,0,0,1,0,3,-1,0,0,0,-1,2,0,1,-1,-1,-1,-1,0,10,-1,1,1,3,-1,-1,0,0,0,1,0,0,10,0,0,0,46.62
1,0,0,0,-1,0,1,3,0,0,0,0,0,0,1,2,1,-1,2,2,2,3,0,-1,100,0,9223372036800000000,0,0,10,0,0,7,0,1,1,0,0,1,1,0,1,20,0,0,2,2,0,1,-1,-1,-1,-1,0,10,-1,1,1,3,-1,-1,-1,0,0,1,0,0,10,0,0,0,44.97
1,0,0,0,-1,0,1,4,0,0,0,0,-1,0,-1,2,-1,-1,-1,-1,2,3,0,16,50,0,9223372036800000000,30,0,10,0,0,10,0,2,1,0,0,1,0,1,-1,0,0,0,-1,2,0,1,-1,-1,-1,-1,0,10,-1,1,1,3,-1,-1,0,0,0,1,0,0,10,0,0,0,1.79769e+308
1,0,0,0,-1,0,1,4,0,0,0,0,-1,3,-1,2,-1,-1,1,-1,2,3,0,16,50,0,9223372036800000000,30,0,10,0,0,10,0,2,1,0,0,1,0,0,-1,0,0,0,-1,2,0,1,-1,-1,-1,-1,0,10,-1,1,1,3,-1,-1,0,0,0,1,0,0,10,0,0,0,38.78
1,0,0,0,-1,0,1,0,0,0,0,0,3,2,-1,0,0,-1,1,-1,-1,3,0,-1,400,0,9223372036800000000,1e+75,0,10,0,0,7,0,3,1,0,0,1,1,0,-1,0,0,0,3,2,0,1,-1,-1,-1,-1,0,10,-1,1,1,3,-1,-1,-1,0,0,1,0,0,10,0,0,0,23.72
1,0,0,0,-1,0,1,4,0,0,0,0,2,3,-1,2,-1,-1,-1,-1,2,3,0,16,50,0,9223372036800000000,30,0,10,0,0,10,0,2,1,0,0,1,0,0,-1,0,0,0,-1,2,0,1,-1,-1,-1,-1,0,10,-1,1,1,3,-1,-1,0,0,0,1,0,0,10,0,0,0,38.78
1,0,0,0,-1,0,1,4,0,0,0,0,-1,3,-1,2,-1,-1,-1,-1,2,3,0,16,50,0,9223372036800000000,30,0,10,0,0,10,0,2,1,0,0,1,0,0,-1,60,0,0,-1,2,0,1,-1,-1,-1,-1,0,10,-1,1,1,3,-1,-1,0,0,0,1,0,0,10,0,0,0,38.78
1,0,0,0,-1,0,1,2,0,0,0,0,-1,0,1,-1,2,0,-1,1,-1,3,0,2,10,0,9223372036800000000,0,0,10,0,0,10,0,0,1,0,0,1,0,3,-1,100,0,2,0,2,0,1,-1,1,-1,-1,0,10,-1,1,1,3,-1,-1,4,0,0,1,5,0,10,0,0,0,27.44
1,0,0,0,-1,0,1,4,0,0,0,0,-1,3,-1,2,-1,-1,-1,-1,2,3,0,16,50,0,9223372036800000000,30,0,10,0,0,10,0,2,1,0,0,1,0,-1,-1,0,0,0,-1,2,0,1,-1,-1,-1,-1,0,10,-1,1,1,3,-1,-1,0,0,0,1,0,0,10,0,0,0,1.79769e+308
1,0,0,0,-1,0,1,5,0,0,0,0,-1,3,-1,2,-1,1,-1,-1,2,3,0,16,50,0,9223372036800000000,30,0,10,0,0,10,0,2,1,0,0,1,0,0,-1,0,0,0,-1,2,0,1,-1,-1,-1,-1,0,10,-1,1,1,3,-1,-1,0,0,0,1,0,0,10,0,0,0,57.19
1,0,0,0,-1,0,1,4,0,0,0,0,-1,3,-1,2,0,1,-1,-1,2,3,0,16,50,0,9223372036800000000,30,0,10,0,0,10,0,2,1,0,0,1,0,0,-1,0,0,0,-1,2,0,1,-1,-1,-1,-1,0,10,-1,1,1,3,-1,-1,4,0,0,1,0,0,10,0,0,0,32.74
1,0,0,0,-1,0,1,5,0,0,0,0,-1,1,1,-1,-1,-1,-1,-1,0,3,0,16,10,0,9223372036800000000,120,0,10,0,0,4,0,1,1,0,0,1,0,2,0,200,0,0,3,2,0,1,-1,-1,-1,-1,1,10,-1,1,1,3,-1,-1,5,0,0,1,0,0,10,0,0,0,27.2
1,0,0,0,-1,0,1,4,0,0,0,0,-1,3,-1,2,0,1,-1,-1,2,3,0,16,50,0,9223372036800000000,240,0,10,0,0,10,0,2,1,0,0,1,0,0,-1,0,0,0,-1,2,0,1,-1,-1,-1,-1,0,10,-1,1,1,3,-1,-1,0,0,0,1,0,0,10,0,0,0,32.74
1,0,0,0,-1,0,1,5,0,0,0,0,3,-1,0,1,-1,2,-1,2,2,3,0,1,100,0,9223372036800000000,20,0,10,0,0,30,0,3,1,0,0,1,1,0,0,100,0,0,4,2,0,1,-1,-1,-1,-1,0,10,-1,1,1,3,-1,-1,-1,0,0,1,0,0,10,0,0,0,26.91
1,0,0,0,-1,0,1,4,0,0,0,0,-1,3,-1,2,0,1,-1,-1,2,3,0,16,50,0,9223372036800000000,30,0,10,0,0,10,0,2,1,0,0,1,0,0,0,0,0,0,-1,2,0,1,-1,-1,-1,-1,0,10,-1,1,1,3,-1,-1,0,0,0,1,0,0,10,0,0,0,1.79769e+308
1,0,0,0,-1,0,1,1,0,0,0,0,2,1,-1,0,-1,1,0,-1,-1,3,0,1,10,0,9223372036800000000,5,0,10,0,0,4,0,1,1,0,0,1,0,0,-1,1000,0,0,2,2,0,1,-1,-1,-1,-1,0,10,-1,1,1,3,-1,-1,5,0,0,1,0,0,10,0,0,0,39.45
1,0,0,0,-1,0,1,0,0,0,0,0,2,-1,1,2,2,0,2,0,2,3,0,-1,10,0,9223372036800000000,1e+75,0,10,0,0,7,0,3,1,0,0,1,1,0,1,0,0,0,2,2,0,1,-1,-1,-1,-1,0,10,-1,1,1,3,-1,-1,-1,0,0,1,0,0,10,0,0,0,16.62
1,0,0,0,-1,0,1,5,0,0,0,0,-1,1,1,2,1,-1,-1,-1,0,3,0,16,10,0,9223372036800000000,120,0,10,0,0,4,0,1,1,0,0,1,0,2,0,200,0,0,3,2,0,1,-1,-1,-1,-1,1,10,-1,1,1,3,-1,-1,5,0,0,1,0,0,10,0,0,0,26.78
1,0,0,0,-1,0,1,5,0,0,0,0,-1,2,1,2,-1,-1,-1,-1,0,3,0,16,10,0,9223372036800000000,120,0,10,0,0,4,0,1,1,0,0,1,0,2,0,200,0,0,3,2,0,1,-1,-1,-1,-1,1,10,-1,1,1,3,-1,-1,5,0,0,1,0,0,10,0,0,0,26.78
1,0,0,0,-1,0,1,5,0,0,0,0,-1,1,1,2,-1,-1,-1,-1,0,3,0,16,10,0,9223372036800000000,1e+75,0,10,0,0,4,0,1,1,0,0,1,0,2,0,200,0,0,3,2,0,1,-1,-1,-1,-1,1,10,-1,1,1,3,-1,-1,5,0,0,1,0,0,10,0,0,0,27.72
1,0,0,0,-1,0,1,3,0,0,0,0,2,-1,1,2,-1,-1,-1,0,0,3,0,8,25,0,9223372036800000000,5,0,10,0,0,10,0,3,1,0,0,1,0,2,3,100,0,3,3,2,0,1,-1,-1,-1,-1,1,10,-1,1,1,3,-1,-1,5,0,0,1,5,0,10,0,0,0,21.22
1,0,0,0,-1,0,1,5,0,0,0,0,-1,1,1,2,-1,1,-1,-1,0,3,0,16,10,0,9223372036800000000,120,0,10,0,0,4,0,1,1,0,0,1,0,2,0,200,0,0,-1,2,0,1,-1,-1,-1,-1,1,10,-1,1,1,3,-1,-1,5,0,0,1,0,0,10,0,0,0,29.08
1,0,0,0,-1,0,1,2,0,0,0,0,1,0,1,0,0,0,1,2,2,3,0,-1,50,0,9223372036800000000,1e+75,0,10,0,0,7,0,0,1,0,0,1,1,0,0,0,0,0,0,2,0,1,-1,-1,-1,-1,0,10,-1,1,1,3,-1,-1,-1,0,0,1,0,0,10,0,0,0,19.15
1,0,0,0,-1,0,1,5,0,0,0,0,1,3,0,-1,0,2,2,1,2,3,0,2,400,0,9223372036800000000,50,0,10,0,0,0,0,3,1,0,0,1,1,1,1,-1,0,4,3,2,0,1,-1,-1,-1,-1,1,10,-1,1,1,3,-1,-1,4,0,0,1,0,0,10,0,0,0,1.79769e+308
1,0,0,0,-1,0,1,5,0,0,0,0,-1,1,1,2,-1,1,-1,-1,-1,3,0,16,10,0,9223372036800000000,120,0,10,0,0,4,0,1,1,0,0,1,0,2,0,200,0,0,3,2,0,1,-1,-1,-1,-1,1,10,-1,1,1,3,-1,-1,5,0,0,1,0,0,10,0,0,0,24.23
1,0,0,0,-1,0,1,5,0,0,0,0,-1,1,1,2,-1,1,-1,-1,1,3,0,16,10,0,9223372036800000000,120,0,10,0,0,4,0,1,1,0,0,1,0,2,0,200,0,0,3,2,0,1,-1,-1,-1,-1,1,10,-1,1,1,3,-1,-1,5,0,0,1,0,0,10,0,0,0,24.23
1,0,0,0,-1,0,1,4,0,0,0,0,-1,0,-1,2,-1,1,-1,-1,2,3,0,16,50,0,9223372036800000000,30,0,10,0,0,10,0,2,1,0,0,1,0,3,-1,0,0,0,-1,2,0,1,-1,-1,-1,-1,0,10,-1,1,1,3,-1,-1,0,0,0,1,0,0,10,0,0,0,48.11
1,0,0,0,-1,0,1,0,0,0,0,0,2,1,-1,1,-1,2,2,-1,2,3,0,-1,10,0,9223372036800000000,10,0,10,0,0,30,0,3,1,0,0,1,1,3,1,500,0,0,4,2,0,1,-1,-1,-1,-1,-1,10,-1,1,1,3,-1,-1,4,0,0,1,0,0,10,0,0,0,17.6
1,0,0,0,-1,0,1,5,0,0,0,0,-1,1,1,2,-1,1,-1,-1,0,3,0,16,10,0,9223372036800000000,10,0,10,0,0,4,0,1,1,0,0,1,0,2,0,200,0,0,3,2,0,1,-1,-1,-1,-1,1,10,-1,1,1,3,-1,-1,5,0,0,1,0,0,10,0,0,0,24.23
1,0,0,0,-1,0,1,5,0,0,0,0,-1,1,1,2,-1,1,-1,-1,0,3,0,16,10,0,9223372036800000000,120,0,10,0,0,4,0,0,1,0,0,1,0,2,0,200,0,0,3,2,0,1,-1,-1,-1,-1,1,10,-1,1,1,3,-1,-1,5,0,0,1,0,0,10,0,0,0,24.23
1,0,0,0,-1,0,1,1,0,0,0,0,3,2,1,1,1,-1,1,0,-1,3,0,-1,10,0,9223372036800000000,1e+75,0,10,0,0,7,0,0,1,0,0,1,1,0,1,0,0,0,0,2,0,1,-1,-1,-1,-1,0,10,-1,1,1,3,-1,-1,-1,0,0,1,0,0,10,0,0,0,24.57
1,0,0,0,-1,0,1,5,0,0,0,0,2,-1,0,2,-1,0,-1,0,-1,3,0,-1,800,0,9223372036800000000,1e+75,0,10,0,0,7,0,1,1,0,0,1,1,0,2,0,0,0,4,2,0,1,-1,-1,-1,-1,0,10,-1,1,1,3,-1,-1,-1,0,0,1,0,0,10,0,0,0,19.85
1,0,0,0,-1,0,1,5,0,0,0,0,-1,1,1,2,-1,1,-1,-1,0,3,0,16,10,0,9223372036800000000,120,0,10,0,0,4,0,1,1,0,0,1,0,2,-1,200,0,0,3,2,0,1,-1,-1,-1,-1,1,10,-1,1,1,3,-1,-1,5,0,0,1,0,0,10,0,0,0,26.08
1,0,0,0,-1,0,1,5,0,0,0,0,-1,1,1,2,-1,1,-1,-1,0,3,0,1,10,0,9223372036800000000,120,0,10,0,0,4,0,1,1,0,0,1,0,2,0,200,0,0,3,2,0,1,-1,-1,-1,-1,1,10,-1,1,1,3,-1,-1,5,0,0,1,0,0,10,0,0,0,32.77
1,0,0,0,-1,0,1,1,0,0,0,0,-1,0,-1,0,0,1,1,2,1,3,0,-1,10,0,9223372036800000000,1e+75,0,10,0,0,7,0,0,1,0,0,1,1,0,0,0,0,0,0,2,0,1,-1,-1,-1,-1,0,10,-1,1,1,3,-1,-1,-1,0,0,1,0,0,10,0,0,0,1.79769e+308
1,0,0,0,-1,0,1,1,0,0,0,0,2,2,-1,0,-1,1,-1,1,-1,3,0,2,50,0,9223372036800000000,10,0,10,0,0,0,0,0,1,0,0,1,1,-1,1,1000,0,0,0,2,0,1,-1,-1,-1,-1,-1,10,-1,1,1,3,-1,-1,5,0,0,1,0,0,10,0,0,0,1.79769e+308
1,0,0,0,-1,0,1,0,0,0,0,0,1,-1,-1,1,-1,1,1,1,1,3,0,1,150,0,9223372036800000000,240,0,10,0,0,0,0,2,1,0,0,1,1,1,-1,100,0,0,0,2,0,1,-1,-1,-1,-1,-1,10,-1,1,1,3,-1,-1,3,0,0,1,0,0,10,0,0,0,28.65
1,0,0,0,-1,0,1,3,0,0,0,0,3,3,1,2,1,2,2,2,0,3,0,8,25,0,9223372036800000000,60,0,10,0,0,7,0,2,1,0,0,1,0,2,3,20,0,0,0,2,0,1,-1,-1,-1,-1,-1,10,-1,1,1,3,-1,-1,3,0,0,1,0,0,10,0,0,0,23.87
1,0,0,0,-1,0,1,3,0,0,0,0,1,0,-1,1,2,1,2,2,-1,3,0,-1,200,0,9223372036800000000,1e+75,0,10,0,0,7,0,0,1,0,0,1,1,0,-1,0,0,0,0,2,0,1,-1,-1,-1,-1,0,10,-1,1,1,3,-1,-1,-1,0,0,1,0,0,10,0,0,0,1.79769e+308
1,0,0,0,-1,0,1,5,0,0,0,0,3,1,1,1,-1,0,1,0,-1,3,0,4,10,0,9223372036800000000,1,0,10,0,0,4,0,3,1,0,0,1,0,-1,2,-1,0,0,3,2,0,1,-1,-1,-1,-1,-1,10,-1,1,1,3,-1,-1,4,0,0,1,0,0,10,0,0,0,20.37
1,0,0,0,-1,0,1,0,0,0,0,0,1,-1,-1,1,-1,1,1,1,1,3,0,2,150,0,9223372036800000000,1,0,10,0,0,0,0,2,1,0,0,1,1,1,-1,100,0,0,0,2,0,1,-1,-1,-1,-1,-1,10,-1,1,1,3,-1,-1,3,0,0,1,0,0,10,0,0,0,17.6
1,0,0,0,-1,0,1,4,0,0,0,0,-1,3,-1,2,-1,1,-1,1,2,3,0,16,50,0,9223372036800000000,30,0,10,0,0,10,0,2,1,0,0,1,0,0,-1,0,0,0,-1,2,0,1,-1,-1,-1,-1,0,10,-1,1,1,3,-1,-1,0,0,0,1,0,0,10,0,0,0,1.79769e+308
1,0,0,0,-1,0,1,0,0,0,0,0,1,-1,-1,1,-1,1,2,1,1,3,0,2,150,0,9223372036800000000,240,0,10,0,0,0,0,2,1,0,0,1,1,1,-1,100,0,0,0,2,0,1,-1,-1,-1,-1,-1,10,-1,1,1,3,-1,-1,3,0,0,1,0,0,10,0,0,0,20.23
1,0,0,0,-1,0,1,5,0,0,0,0,-1,0,1,-1,1,1,1,-1,0,3,0,4,100,0,9223372036800000000,1e+75,0,10,0,0,5,0,2,1,0,0,1,0,2,1,20,0,0,1,2,0,1,-1,-1,-1,-1,-1,10,-1,1,1,3,-1,-1,2,0,0,1,3,0,10,0,0,0,22.14
1,0,0,0,-1,0,1,0,0,0,0,0,1,1,0,2,0,1,0,-1,1,3,0,16,100,0,9223372036800000000,120,0,10,0,0,7,0,0,1,0,0,1,0,1,2,500,0,0,4,2,0,1,-1,-1,-1,-1,1,10,-1,1,1,3,-1,-1,1,0,0,1,0,0,10,0,0,0,37.69
1,0,0,0,-1,0,1,0,0,0,0,0,1,-1,-1,1,-1,1,1,1,1,3,0,2,150,0,9223372036800000000,40,0,10,0,0,0,0,2,1,0,0,1,1,1,-1,100,0,0,0,2,0,1,-1,-1,-1,-1,-1,10,-1,1,1,3,-1,-1,3,0,0,1,0,0,10,0,0,0,17.6
1,0,0,0,-1,0,1,0,0,0,0,0,1,-1,-1,1,-1,1,-1,1,1,3,0,2,150,0,9223372036800000000,240,0,10,0,0,0,0,2,1,0,0,1,1,1,-1,100,0,0,0,2,0,1,-1,-1,-1,-1,-1,10,-1,1,1,3,-1,-1,3,0,0,1,0,0,10,0,0,0,17.6
1,0,0,0,-1,0,1,4,0,0,0,0,0,2,1,-1,2,-1,-1,1,1,3,0,-1,100,0,9223372036800000000,1e+75,0,10,0,0,7,0,0,1,0,0,1,1,0,0,0,0,0,0,2,0,1,-1,-1,-1,-1,0,10,-1,1,1,3,-1,-1,-1,0,0,1,0,0,10,0,0,0,32.3
1,0,0,0,-1,0,1,0,0,0,0,0,1,-1,-1,1,-1,1,1,1,1,3,0,2,150,0,9223372036800000000,240,0,10,0,0,0,0,2,1,0,0,1,1,1,1,100,0,0,0,2,0,1,-1,-1,-1,-1,-1,10,-1,1,1,3,-1,-1,3,0,0,1,0,0,10,0,0,0,25.52
1,0,0,0,-1,0,1,0,0,0,0,0,1,-1,-1,1,-1,1,1,1,1,3,0,2,150,0,9223372036800000000,240,0,10,0,0,0,0,2,1,0,0,1,1,0,-1,100,0,0,0,2,0,1,-1,-1,-1,-1,-1,10,-1,1,1,3,-1,-1,3,0,0,1,0,0,10,0,0,0,37.46
1,0,0,0,-1,0,1,0,0,0,0,0,1,-1,-1,1,-1,1,1,1,1,3,0,2,150,0,9223372036800000000,240,0,10,0,0,0,0,2,1,0,0,1,1,-1,-1,100,0,0,0,2,0,1,-1,-1,-1,-1,-1,10,-1,1,1,3,-1,-1,3,0,0,1,0,0,10,0,0,0,1.79769e+308
1,0,0,0,-1,0,1,0,0,0,0,0,1,-1,-1,-1,-1,1,1,1,1,3,0,2,150,0,9223372036800000000,240,0,10,0,0,0,0,2,1,0,0,1,1,1,-1,100,0,0,0,2,0,1,-1,-1,-1,-1,-1,10,-1,1,1,3,-1,-1,3,0,0,1,0,0,10,0,0,0,13.59
1,0,0,0,-1,0,1,0,0,0,0,0,2,2,-1,0,2,2,-1,-1,1,3,0,-1,50,0,9223372036800000000,30,0,10,0,0,7,0,3,1,0,0,1,1,0,2,40,0,0,1,2,0,1,-1,-1,-1,-1,0,10,-1,1,1,3,-1,-1,-1,0,0,1,0,0,10,0,0,0,43.65
1,0,0,0,-1,0,1,0,0,0,0,0,1,-1,-1,-1,1,1,1,1,1,3,0,2,150,0,9223372036800000000,240,0,10,0,0,0,0,2,1,0,0,1,1,1,-1,100,0,0,0,2,0,1,-1,-1,-1,-1,-1,10,-1,1,1,3,-1,-1,3,0,0,1,0,0,10,0,0,0,13.59
1,0,0,0,-1,0,1,0,0,0,0,0,1,-1,-1,-1,-1,1,1,1,1,3,0,2,50,0,9223372036800000000,240,0,10,0,0,0,0,2,1,0,0,1,1,1,-1,100,0,0,0,2,0,1,-1,-1,-1,-1,-1,10,-1,1,1,3,-1,-1,3,0,0,1,0,0,10,0,0,0,19.69
1,0,0,0,-1,0,1,0,0,0,0,0,1,-1,-1,-1,-1,1,1,1,1,3,0,2,150,0,9223372036800000000,240,0,10,0,0,0,0,2,1,0,0,1,1,1,-1,100,0,0,0,2,0,1,-1,-1,-1,-1,-1,10,-1,1,1,3,-1,-1,4,0,0,1,0,0,10,0,0,0,13.59
1,0,0,0,-1,0,1,3,0,0,0,0,1,1,-1,0,-1,1,2,0,2,3,0,-1,400,0,9223372036800000000,20,0,10,0,0,7,0,3,1,0,0,1,1,0,0,0,0,0,3,2,0,1,-1,-1,-1,-1,0,10,-1,1,1,3,-1,-1,-1,0,0,1,0,0,10,0,0,0,26.91
1,0,0,0,-1,0,1,0,0,0,0,0,1,-1,-1,-1,-1,0,1,1,1,3,0,2,150,0,9223372036800000000,240,0,10,0,0,0,0,2,1,0,0,1,1,1,-1,100,0,0,0,2,0,1,-1,-1,-1,-1,-1,10,-1,1,1,3,-1,-1,3,0,0,1,0,0,10,0,0,0,19.69
1,0,0,0,-1,0,1,0,0,0,0,0,1,-1,-1,-1,-1,1,1,1,1,3,0,2,150,0,9223372036800000000,1e+75,0,10,0,0,0,0,2,1,0,0,1,1,1,-1,100,0,0,0,2,0,1,-1,-1,-1,-1,-1,10,-1,1,1,3,-1,-1,3,0,0,1,0,0,10,0,0,0,13.59
1,0,0,0,-1,0,1,0,0,0,0,0,1,-1,-1,-1,-1,1,1,1,1,3,0,2,150,0,9223372036800000000,240,0,10,0,0,0,0,2,1,0,0,1,1,1,-1,60,0,0,0,2,0,1,-1,-1,-1,-1,-1,10,-1,1,1,3,-1,-1,3,0,0,1,0,0,10,0,0,0,15.03
1,0,0,0,-1,0,1,3,0,0,0,0,2,0,1,2,1,-1,2,2,2,3,0,-1,100,0,9223372036800000000,240,0,10,0,0,7,0,1,1,0,0,1,1,0,1,20,0,0,2,2,0,1,-1,-1,-1,-1,0,10,-1,1,1,3,-1,-1,-1,0,0,1,0,0,10,0,0,0,33.93
1,0,0,0,-1,0,1,0,0,0,0,0,1,-1,-1,-1,-1,1,1,1,1,3,0,2,150,0,9223372036800000000,240,0,10,0,0,0,0,2,1,0,0,1,1,1,-1,500,0,0,0,2,0,1,-1,-1,-1,-1,-1,10,-1,1,1,3,-1,-1,3,0,0,1,0,0,10,0,0,0,26.12
1,0,0,0,-1,0,1,2,0,0,0,0,3,-1,-1,0,1,-1,0,2,-1,3,0,8,25,0,9223372036800000000,50,0,10,0,0,5,0,1,1,0,0,1,0,0,0,500,0,0,0,2,0,1,-1,-1,-1,-1,0,10,-1,1,1,3,-1,-1,5,0,0,1,4,0,10,0,0,0,19.44
1,0,0,0,-1,0,1,5,0,0,0,0,1,3,0,-1,0,2,2,1,2,3,0,2,400,0,9223372036800000000,20,0,10,0,0,0,0,3,1,0,0,1,1,1,1,1000,0,4,3,2,0,1,-1,-1,-1,-1,1,10,-1,1,1,3,-1,-1,4,0,0,1,0,0,10,0,0,0,1.79769e+308
1,0,0,0,-1,0,1,0,0,0,0,0,1,-1,-1,-1,-1,1,1,1,1,3,0,2,150,0,9223372036800000000,0,0,10,0,0,0,0,2,1,0,0,1,1,1,-1,100,0,0,0,2,0,1,-1,-1,-1,-1,-1,10,-1,1,1,3,-1,-1,3,0,0,1,0,0,10,0,0,0,13.94
1,0,0,0,-1,0,1,0,0,0,0,0,1,1,0,2,0,1,0,-1,1,3,0,16,100,0,9223372036800000000,120,0,10,0,0,7,0,0,1,0,0,1,0,1,2,100,0,0,-1,2,0,1,-1,-1,-1,-1,1,10,-1,1,1,3,-1,-1,1,0,0,1,0,0,10,0,0,0,1.79769e+308
1,0,0,0,-1,0,1,0,0,0,0,0,1,1,0,2,0,1,0,-1,1,3,0,16,10,0,9223372036800000000,120,0,10,0,0,7,0,0,1,0,0,1,0,1,2,100,0,0,4,2,0,1,-1,-1,-1,-1,1,10,-1,1,1,3,-1,-1,1,0,0,1,0,0,10,0,0,0,45.1
1,0,0,0,-1,0,1,0,0,0,0,0,1,1,0,2,0,1,0,-1,1,3,0,16,200,0,9223372036800000000,120,0,10,0,0,7,0,0,1,0,0,1,0,1,2,100,0,0,4,2,0,1,-1,-1,-1,-1,1,10,-1,1,1,3,-1,-1,1,0,0,1,0,0,10,0,0,0,24.2
1,0,0,0,-1,0,1,2,0,0,0,0,2,2,0,1,2,0,2,2,-1,3,0,-1,50,0,9223372036800000000,1,0,10,0,0,7,0,1,1,0,0,1,1,0,-1,1000,0,0,1,2,0,1,-1,-1,-1,-1,0,10,-1,1,1,3,-1,-1,-1,0,0,1,0,0,10,0,0,0,31.55
1,0,0,0,-1,0,1,0,0,0,0,0,1,1,0,2,0,1,0,-1,1,3,0,16,100,0,9223372036800000000,120,0,10,0,0,7,0,0,1,0,0,1,0,1,2,1000,0,0,4,2,0,1,-1,-1,-1,-1,1,10,-1,1,1,3,-1,-1,1,0,0,1,0,0,10,0,0,0,37.69
1,0,0,0,-1,0,1,0,0,0,0,0,-1,-1,1,-1,1,-1,-1,0,-1,3,0,-1,100,0,9223372036800000000,1e+75,0,10,0,0,7,0,1,1,0,0,1,1,0,-1,0,0,0,1,2,0,1,-1,-1,-1,-1,0,10,-1,1,1,3,-1,-1,-1,0,0,1,0,0,10,0,0,0,30.49
1,0,0,0,-1,0,1,3,0,0,0,0,1,-1,1,2,0,2,1,0,-1,3,0,-1,400,0,9223372036800000000,1e+75,0,10,0,0,7,0,3,1,0,0,1,1,0,-1,-1,0,0,3,2,0,1,-1,-1,-1,-1,0,10,-1,1,1,3,-1,-1,-1,0,0,1,0,0,10,0,0,0,27.54
1,0,0,0,-1,0,1,0,0,0,0,0,1,1,-1,2,0,1,0,-1,1,3,0,16,200,0,9223372036800000000,120,0,10,0,0,7,0,0,1,0,0,1,0,1,2,100,0,0,4,2,0,1,-1,-1,-1,-1,1,10,-1,1,1,3,-1,-1,1,0,0,1,0,0,10,0,0,0,24.2
1,0,0,0,-1,0,1,0,0,0,0,0,1,1,0,2,0,1,2,-1,1,3,0,16,200,0,9223372036800000000,120,0,10,0,0,7,0,0,1,0,0,1,0,1,2,100,0,0,4,2,0,1,-1,-1,-1,-1,1,10,-1,1,1,3,-1,-1,1,0,0,1,0,0,10,0,0,0,24.2
1,0,0,0,-1,0,1,0,0,0,0,0,1,1,0,2,0,1,0,-1,1,3,0,8,200,0,9223372036800000000,120,0,10,0,0,7,0,0,1,0,0,1,0,1,2,100,0,0,4,2,0,1,-1,-1,-1,-1,1,10,-1,1,1,3,-1,-1,1,0,0,1,0,0,10,0,0,0,24.2
1,0,0,0,-1,0,1,0,0,0,0,0,1,1,0,2,0,1,0,-1,1,3,0,16,50,0,9223372036800000000,120,0,10,0,0,7,0,0,1,0,0,1,0,1,2,100,0,0,4,2,0,1,-1,-1,-1,-1,1,10,-1,1,1,3,-1,-1,1,0,0,1,0,0,10,0,0,0,30.14
1,0,0,0,-1,0,1,2,0,0,0,0,2,2,0,1,2,0,2,2,-1,3,0,-1,50,0,9223372036800000000,1e+75,0,10,0,0,7,0,1,1,0,0,1,1,0,-1,-1,0,0,1,2,0,1,-1,-1,-1,-1,0,10,-1,1,1,3,-1,-1,-1,0,0,1,0,0,10,0,0,0,43.99
1,0,0,0,-1,0,1,0,0,0,0,0,2,0,1,-1,1,0,2,0,-1,3,0,16,200,0,9223372036800000000,30,0,10,0,0,30,0,0,1,0,0,1,0,1,-1,500,0,0,-1,2,0,1,-1,-1,-1,-1,-1,10,-1,1,1,3,-1,-1,5,0,0,1,0,0,10,0,0,0,30.34
1,0,0,0,-1,0,1,0,0,0,0,0,2,1,0,-1,2,1,-1,1,1,3,0,8,150,0,9223372036800000000,1e+75,0,10,0,0,7,0,3,1,0,0,1,1,0,3,0,0,0,0,2,0,1,-1,-1,-1,-1,1,10,-1,1,1,3,-1,-1,0,0,0,1,1,0,10,0,0,0,22.3
1,0,0,0,-1,0,1,0,0,0,0,0,1,1,0,2,0,1,-1,-1,1,3,0,16,200,0,9223372036800000000,120,0,10,0,0,7,0,0,1,0,0,1,0,1,2,100,0,0,4,2,0,1,-1,-1,-1,-1,1,10,-1,1,1,3,-1,-1,1,0,0,1,0,0,10,0,0,0,1.79769e+308
1,0,0,0,-1,0,1,5,0,0,0,0,3,0,0,0,-1,1,0,2,2,3,0,-1,50,0,9223372036800000000,1e+75,0,10,0,0,7,0,0,1,0,0,1,1,0,0,0,0,0,0,2,0,1,-1,-1,-1,-1,0,10,-1,1,1,3,-1,-1,-1,0,0,1,0,0,10,0,0,0,19.08
1,0,0,0,-1,0,1,0,0,0,0,0,1,1,0,-1,0,1,0,-1,1,3,0,16,200,0,9223372036800000000,120,0,10,0,0,7,0,0,1,0,0,1,0,1,2,100,0,0,4,2,0,1,-1,-1,-1,-1,1,10,-1,1,1,3,-1,-1,1,0,0,1,0,0,10,0,0,0,1.79769e+308
1,0,0,0,-1,0,1,0,0,0,0,0,2,1,0,-1,2,1,-1,1,1,3,0,8,150,0,9223372036800000000,1,0,10,0,0,7,0,3,1,0,0,1,1,0,3,0,0,0,0,2,0,1,-1,-1,-1,-1,1,10,-1,1,1,3,-1,-1,0,0,0,1,1,0,10,0,0,0,22.3
1,0,0,0,-1,0,1,0,0,0,0,0,1,1,0,2,0,1,0,1,1,3,0,16,200,0,9223372036800000000,120,0,10,0,0,7,0,0,1,0,0,1,0,1,2,100,0,0,4,2,0,1,-1,-1,-1,-1,1,10,-1,1,1,3,-1,-1,1,0,0,1,0,0,10,0,0,0,1.79769e+308
1,0,0,0,-1,0,1,5,0,0,0,0,3,0,-1,-1,2,0,1,-1,0,3,0,-1,800,0,9223372036800000000,1e+75,0,10,0,0,7,0,0,1,0,0,1,1,0,0,0,0,0,0,2,0,1,-1,-1,-1,-1,0,10,-1,1,1,3,-1,-1,-1,0,0,1,0,0,10,0,0,0,26.5
1,0,0,0,-1,0,1,5,0,0,0,0,1,1,0,2,0,1,0,-1,1,3,0,16,200,0,9223372036800000000,120,0,10,0,0,7,0,0,1,0,0,1,0,1,2,100,0,0,4,2,0,1,-1,-1,-1,-1,1,10,-1,1,1,3,-1,-1,1,0,0,1,0,0,10,0,0,0,57.16
1,0,0,0,-1,0,1,1,0,0,0,0,3,0,1,0,0,-1,-1,1,2,3,0,-1,200,0,9223372036800000000,30,0,10,0,0,5,0,3,1,0,0,1,1,0,2,500,0,0,2,2,0,1,-1,-1,-1,-1,-1,10,-1,1,1,3,-1,-1,3,0,0,1,0,0,10,0,0,0,34.71
1,0,0,0,-1,0,1,1,0,0,0,0,3,0,1,0,0,-1,-1,1,2,3,0,-1,200,0,9223372036800000000,30,0,10,0,0,5,0,3,1,0,0,1,1,-1,2,20,0,0,2,2,0,1,-1,-1,-1,-1,-1,10,-1,1,1,3,-1,-1,3,0,0,1,0,0,10,0,0,0,1.79769e+308
1,0,0,0,-1,0,1,1,0,0,0,0,3,0,1,0,0,-1,-1,1,2,3,0,-1,200,0,9223372036800000000,1e+75,0,10,0,0,5,0,3,1,0,0,1,1,0,2,20,0,0,2,2,0,1,-1,-1,-1,-1,-1,10,-1,1,1,3,-1,-1,3,0,0,1,0,0,10,0,0,0,29.06
1,0,0,0,-1,0,1,1,0,0,0,0,3,0,1,0,0,-1,-1,1,2,3,0,-1,200,0,9223372036800000000,30,0,10,0,0,5,0,3,1,0,0,1,1,1,2,20,0,0,2,2,0,1,-1,-1,-1,-1,-1,10,-1,1,1,3,-1,-1,3,0,0,1,0,0,10,0,0,0,22.52
1,0,0,0,-1,0,1,1,0,0,0,0,3,0,1,0,-1,-1,-1,1,2,3,0,-1,200,0,9223372036800000000,30,0,10,0,0,5,0,3,1,0,0,1,1,0,2,20,0,0,2,2,0,1,-1,-1,-1,-1,-1,10,-1,1,1,3,-1,-1,3,0,0,1,0,0,10,0,0,0,28.87
1,0,0,0,-1,0,1,1,0,0,0,0,3,0,1,0,0,-1,-1,1,2,3,0,-1,200,0,9223372036800000000,30,0,10,0,0,5,0,3,1,0,0,1,1,1,2,0,0,0,2,2,0,1,-1,-1,-1,-1,-1,10,-1,1,1,3,-1,-1,3,0,0,1,0,0,10,0,0,0,29.48
1,0,0,0,-1,0,1,1,0,0,0,0,3,0,1,0,0,-1,-1,1,2,3,0,-1,200,0,9223372036800000000,30,0,10,0,0,5,0,3,1,0,0,1,1,1,2,500,0,0,2,2,0,1,-1,-1,-1,-1,-1,10,-1,1,1,3,-1,-1,3,0,0,1,0,0,10,0,0,0,31.65
1,0,0,0,-1,0,1,1,0,0,0,0,3,0,1,0,0,-1,-1,1,2,3,0,-1,200,0,9223372036800000000,30,0,10,0,0,5,0,1,1,0,0,1,1,1,2,20,0,0,2,2,0,1,-1,-1,-1,-1,-1,10,-1,1,1,3,-1,-1,3,0,0,1,0,0,10,0,0,0,42.7
1,0,0,0,-1,0,1,5,0,0,0,0,3,1,1,2,-1,1,-1,-1,0,3,0,16,10,0,9223372036800000000,120,0,10,0,0,4,0,1,1,0,0,1,0,2,0,200,0,0,3,2,0,1,-1,-1,-1,-1,1,10,-1,1,1,3,-1,-1,5,0,0,1,0,0,10,0,0,0,24.86
1,0,0,0,-1,0,1,1,0,0,0,0,3,0,1,0,0,-1,-1,1,2,3,0,-1,200,0,9223372036800000000,30,0,10,0,0,5,0,3,1,0,0,1,1,1,2,20,0,0,2,2,0,1,-1,-1,-1,-1,-1,10,-1,1,1,3,-1,-1,1,0,0,1,0,0,10,0,0,0,22.52
1,0,0,0,-1,0,1,3,0,0,0,0,1,3,-1,1,-1,2,-1,1,0,3,0,-1,200,0,9223372036800000000,1e+75,0,10,0,0,7,0,3,1,0,0,1,1,0,1,20,0,0,0,2,0,1,-1,-1,1,-1,0,10,-1,1,1,3,-1,-1,-1,0,0,1,2,0,10,0,0,0,8.13
1,0,0,0,-1,0,1,1,0,0,0,0,3,0,1,0,0,-1,-1,1,2,3,0,-1,200,0,9223372036800000000,30,0,10,0,0,5,0,3,1,0,0,1,1,1,2,-1,0,0,2,2,0,1,-1,-1,-1,-1,-1,10,-1,1,1,3,-1,-1,3,0,0,1,0,0,10,0,0,0,33.6
1,0,0,0,-1,0,1,1,0,0,0,0,-1,3,0,-1,-1,2,1,0,2,3,0,8,50,0,9223372036800000000,2,0,10,0,0,10,0,2,1,0,0,1,0,2,1,0,0,3,-1,2,0,1,-1,0,-1,-1,1,10,-1,1,1,3,-1,-1,-1,0,0,1,0,0,10,0,0,0,1.79769e+308
1,0,0,0,-1,0,1,1,0,0,0,0,3,0,1,0,0,-1,-1,1,2,3,0,-1,200,0,9223372036800000000,30,0,10,0,0,5,0,3,1,0,0,1,1,1,2,20,0,0,2,2,0,1,-1,-1,-1,-1,-1,10,-1,1,1,3,-1,-1,-1,0,0,1,0,0,10,0,0,0,22.52
1,0,0,0,-1,0,1,0,0,0,0,0,3,0,1,0,0,-1,-1,1,2,3,0,-1,200,0,9223372036800000000,30,0,10,0,0,5,0,3,1,0,0,1,1,1,2,20,0,0,2,2,0,1,-1,-1,-1,-1,-1,10,-1,1,1,3,-1,-1,3,0,0,1,0,0,10,0,0,0,28.42
1,0,0,0,-1,0,1,0,0,0,0,0,1,2,0,1,-1,2,0,0,2,3,0,-1,400,0,9223372036800000000,1e+75,0,10,0,0,7,0,3,1,0,0,1,1,0,0,0,0,0,3,2,0,1,-1,-1,-1,-1,0,10,-1,1,1,3,-1,-1,-1,0,0,1,0,0,10,0,0,0,23.7
1,0,0,0,-1,0,1,1,0,0,0,0,3,0,1,0,0,-1,-1,1,2,3,0,-1,200,0,9223372036800000000,30,0,10,0,0,5,0,3,1,0,0,1,1,1,2,20,0,0,2,2,0,1,-1,-1,-1,-1,-1,10,-1,1,1,3,-1,-1,5,0,0,1,0,0,10,0,0,0,22.52
1,0,0,0,-1,0,1,5,0,0,0,0,3,0,-1,0,-1,2,0,2,2,3,0,-1,50,0,9223372036800000000,1e+75,0,10,0,0,7,0,0,1,0,0,1,1,0,0,0,0,0,0,2,0,1,-1,-1,-1,-1,0,10,-1,1,1,3,-1,-1,-1,0,0,1,0,0,10,0,0,0,17.27
1,0,0,0,-1,0,1,2,0,0,0,0,3,0,0,1,-1,2,-1,2,2,3,0,1,100,0,9223372036800000000,240,0,10,0,0,30,0,0,1,0,0,1,1,0,0,100,0,0,4,2,0,1,-1,-1,-1,-1,0,10,-1,1,1,3,-1,-1,-1,0,0,1,0,0,10,0,0,0,38.01
1,0,0,0,-1,0,1,5,0,0,0,0,3,0,1,0,0,-1,-1,1,2,3,0,-1,200,0,9223372036800000000,30,0,10,0,0,5,0,3,1,0,0,1,1,1,2,20,0,0,2,2,0,1,-1,-1,-1,-1,-1,10,-1,1,1,3,-1,-1,3,0,0,1,0,0,10,0,0,0,30.63
1,0,0,0,-1,0,1,1,0,0,0,0,3,0,1,0,0,-1,-1,1,2,3,0,-1,200,0,9223372036800000000,120,0,10,0,0,5,0,3,1,0,0,1,1,1,2,20,0,0,2,2,0,1,-1,-1,-1,-1,-1,10,-1,1,1,3,-1,-1,3,0,0,1,0,0,10,0,0,0,22.52
1,0,0,0,-1,0,1,1,0,0,0,0,3,0,1,0,-1,-1,-1,1,2,3,0,-1,200,0,9223372036800000000,30,0,10,0,0,5,0,3,1,0,0,1,1,1,2,20,0,0,2,2,0,1,-1,-1,-1,-1,-1,10,-1,1,1,3,-1,-1,3,0,0,1,0,0,10,0,0,0,23.02
1,0,0,0,-1,0,1,1,0,0,0,0,3,0,1,0,0,-1,-1,1,2,3,0,-1,200,0,9223372036800000000,30,0,10,0,0,5,0,3,1,0,0,1,1,1,2,20,0,0,-1,2,0,1,-1,-1,-1,-1,-1,10,-1,1,1,3,-1,-1,3,0,0,1,0,0,10,0,0,0,1.79769e+308
1,0,0,0,-1,0,1,0,0,0,0,0,3,-1,-1,2,-1,0,2,-1,-1,3,0,8,150,0,9223372036800000000,60,0,10,0,0,3,0,3,1,0,0,1,1,3,0,0,0,0,3,2,0,1,-1,-1,-1,-1,-1,10,-1,1,1,3,-1,-1,0,0,0,1,0,0,10,0,0,0,25.63
1,0,0,0,-1,0,1,0,0,0,0,0,3,-1,-1,2,-1,2,2,-1,-1,3,0,8,150,0,9223372036800000000,60,0,10,0,0,3,0,3,1,0,0,1,1,3,1,0,0,0,3,2,0,1,-1,-1,-1,-1,-1,10,-1,1,1,3,-1,-1,0,0,0,1,0,0,10,0,0,0,18.52
1,0,0,0,-1,0,1,0,0,0,0,0,2,2,-1,0,2,2,-1,-1,1,3,0,-1,50,0,9223372036800000000,10,0,10,0,0,7,0,3,1,0,0,1,1,0,2,60,0,0,1,2,0,1,-1,-1,-1,-1,0,10,-1,1,1,3,-1,-1,-1,0,0,1,0,0,10,0,0,0,36.53
1,0,0,0,-1,0,1,0,0,0,0,0,3,-1,-1,2,-1,2,2,-1,-1,3,0,4,150,0,9223372036800000000,60,0,10,0,0,3,0,3,1,0,0,1,1,3,0,0,0,0,3,2,0,1,-1,-1,-1,-1,-1,10,-1,1,1,3,-1,-1,0,0,0,1,0,0,10,0,0,0,18.52
1,0,0,0,-1,0,1,0,0,0,0,0,3,-1,-1,2,-1,2,1,-1,-1,3,0,8,150,0,9223372036800000000,60,0,10,0,0,3,0,3,1,0,0,1,1,3,0,0,0,0,3,2,0,1,-1,-1,-1,-1,-1,10,-1,1,1,3,-1,-1,0,0,0,1,0,0,10,0,0,0,18.52
1,0,0,0,-1,0,1,0,0,0,0,0,3,-1,-1,2,-1,2,2,-1,1,3,0,8,150,0,9223372036800000000,60,0,10,0,0,3,0,3,1,0,0,1,1,3,0,0,0,0,3,2,0,1,-1,-1,-1,-1,-1,10,-1,1,1,3,-1,-1,0,0,0,1,0,0,10,0,0,0,18.52
1,0,0,0,-1,0,1,0,0,0,0,0,3,-1,-1,2,-1,-1,2,-1,-1,3,0,8,800,0,9223372036800000000,60,0,10,0,0,3,0,3,1,0,0,1,1,3,0,0,0,0,3,2,0,1,-1,-1,-1,-1,-1,10,-1,1,1,3,-1,-1,0,0,0,1,0,0,10,0,0,0,21.31
1,0,0,0,-1,0,1,0,0,0,0,0,3,-1,-1,2,-1,2,2,-1,-1,3,0,8,10,0,9223372036800000000,60,0,10,0,0,3,0,3,1,0,0,1,1,3,0,0,0,0,3,2,0,1,-1,-1,-1,-1,-1,10,-1,1,1,3,-1,-1,0,0,0,1,0,0,10,0,0,0,22.69
1,0,0,0,-1,0,1,0,0,0,0,0,3,-1,-1,2,-1,2,2,-1,-1,3,0,8,800,0,9223372036800000000,60,0,10,0,0,3,0,3,1,0,0,1,1,3,0,0,0,0,3,2,0,1,-1,-1,-1,-1,-1,10,-1,1,1,3,-1,-1,0,0,0,1,0,0,10,0,0,0,25.94
1,0,0,0,-1,0,1,0,0,0,0,0,3,-1,-1,2,-1,2,2,-1,-1,3,0,8,150,0,9223372036800000000,60,0,10,0,0,3,0,3,1,0,0,1,1,1,0,0,0,0,3,2,0,1,-1,-1,-1,-1,-1,10,-1,1,1,3,-1,-1,0,0,0,1,0,0,10,0,0,0,37.86
1,0,0,0,-1,0,1,0,0,0,0,0,3,-1,-1,0,-1,2,2,-1,-1,3,0,8,150,0,9223372036800000000,60,0,10,0,0,3,0,3,1,0,0,1,1,3,0,0,0,0,3,2,0,1,-1,-1,-1,-1,-1,10,-1,1,1,3,-1,-1,0,0,0,1,0,0,10,0,0,0,25.24
1,0,0,0,-1,0,1,0,0,0,0,0,3,-1,-1,2,-1,2,2,1,-1,3,0,8,150,0,9223372036800000000,60,0,10,0,0,3,0,3,1,0,0,1,1,3,0,0,0,0,3,2,0,1,-1,-1,-1,-1,-1,10,-1,1,1,3,-1,-1,0,0,0,1,0,0,10,0,0,0,27.29
1,0,0,0,-1,0,1,0,0,0,0,0,2,1,0,-1,-1,1,-1,1,1,3,0,8,150,0,9223372036800000000,10,0,10,0,0,7,0,3,1,0,0,1,1,0,3,0,0,3,0,2,0,1,-1,-1,-1,-1,1,10,-1,1,1,3,-1,-1,0,0,0,1,1,0,10,0,0,0,1.79769e+308
1,0,0,0,-1,0,1,0,0,0,0,0,3,-1,-1,2,-1,2,2,-1,-1,3,0,8,150,0,9223372036800000000,60,0,10,0,0,3,0,3,1,0,0,1,1,3,0,60,0,0,3,2,0,1,-1,-1,-1,-1,-1,10,-1,1,1,3,-1,-1,1,0,0,1,0,0,10,0,0,0,16.13
1,0,0,0,-1,0,1,3,0,0,0,0,2,2,-1,1,1,1,1,0,1,3,0,4,150,0,9223372036800000000,30,0,10,0,0,30,0,3,1,0,0,1,1,0,-1,60,0,0,4,2,0,1,-1,-1,-1,-1,1,10,-1,1,1,3,-1,-1,0,0,0,1,0,0,10,0,0,0,1.79769e+308
1,0,0,0,-1,0,1,2,0,0,0,0,3,0,0,1,-1,2,-1,2,2,3,0,1,100,0,9223372036800000000,240,0,10,0,0,30,0,3,1,0,0,1,1,0,0,100,0,0,4,2,0,1,-1,-1,-1,-1,0,10,-1,1,1,3,-1,-1,-1,0,0,1,0,0,10,0,0,0,37.79
1,0,0,0,-1,0,1,2,0,0,0,0,3,0,0,1,-1,2,-1,0,2,3,0,1,100,0,9223372036800000000,240,0,10,0,0,30,0,3,1,0,0,1,1,0,0,100,0,0,4,2,0,1,-1,-1,-1,-1,0,10,-1,1,1,3,-1,-1,-1,0,0,1,0,0,10,0,0,0,37.79
1,0,0,0,-1,0,1,2,0,0,0,0,3,0,0,1,-1,2,-1,2,2,3,0,1,200,0,9223372036800000000,240,0,10,0,0,30,0,3,1,0,0,1,1,0,0,100,0,0,4,2,0,1,-1,-1,-1,-1,0,10,-1,1,1,3,-1,-1,-1,0,0,1,0,0,10,0,0,0,37.79
1,0,0,0,-1,0,1,2,0,0,0,0,3,0,0,1,-1,2,-1,2,2,3,0,1,100,0,9223372036800000000,40,0,10,0,0,30,0,3,1,0,0,1,1,0,0,100,0,0,4,2,0,1,-1,-1,-1,-1,0,10,-1,1,1,3,-1,-1,-1,0,0,1,0,0,10,0,0,0,37.79
1,0,0,0,-1,0,1,2,0,0,0,0,3,0,0,1,-1,2,-1,2,2,3,0,1,100,0,9223372036800000000,240,0,10,0,0,30,0,3,1,0,0,1,1,3,0,100,0,0,4,2,0,1,-1,-1,-1,-1,0,10,-1,1,1,3,-1,-1,-1,0,0,1,0,0,10,0,0,0,38.35
1,0,0,0,-1,0,1,5,0,0,0,0,-1,-1,1,2,-1,1,-1,-1,0,3,0,16,10,0,9223372036800000000,120,0,10,0,0,4,0,1,1,0,0,1,0,2,0,200,0,0,3,2,0,1,-1,-1,-1,-1,1,10,-1,1,1,3,-1,-1,5,0,0,1,0,0,10,0,0,0,24.23
1,0,0,0,-1,0,1,5,0,0,0,0,3,-1,0,1,-1,2,-1,2,2,3,0,1,100,0,9223372036800000000,240,0,10,0,0,30,0,3,1,0,0,1,1,0,0,0,0,0,4,2,0,1,-1,-1,-1,-1,0,10,-1,1,1,3,-1,-1,-1,0,0,1,0,0,10,0,0,0,26.91
1,0,0,0,-1,0,1,5,0,0,0,0,3,-1,0,1,-1,2,-1,2,2,3,0,1,100,0,9223372036800000000,240,0,10,0,0,30,0,3,1,0,0,1,1,0,0,500,0,0,4,2,0,1,-1,-1,-1,-1,0,10,-1,1,1,3,-1,-1,-1,0,0,1,0,0,10,0,0,0,26.91
1,0,0,0,-1,0,1,5,0,0,0,0,3,-1,0,1,-1,2,-1,2,2,3,0,1,100,0,9223372036800000000,240,0,10,0,0,30,0,3,1,0,0,1,1,0,0,100,0,0,4,2,0,1,-1,-1,-1,-1,0,10,-1,1,1,3,-1,-1,0,0,0,1,0,0,10,0,0,0,26.91
1,0,0,0,-1,0,1,5,0,0,0,0,3,-1,0,1,-1,2,-1,2,2,3,0,1,100,0,9223372036800000000,30,0,10,0,0,30,0,3,1,0,0,1,1,0,0,100,0,0,4,2,0,1,-1,-1,-1,-1,0,10,-1,1,1,3,-1,-1,-1,0,0,1,0,0,10,0,0,0,26.91
1,0,0,0,-1,0,1,2,0,0,0,0,1,3,0,2,0,2,0,0,0,3,0,-1,10,0,9223372036800000000,1e+75,0,10,0,0,7,0,2,1,0,0,1,1,0,0,0,0,0,4,2,0,1,-1,-1,-1,-1,0,10,-1,1,1,3,-1,-1,-1,0,0,1,0,0,10,0,0,0,32.69
1,0,0,0,-1,0,1,3,0,0,0,0,-1,0,-1,0,0,1,1,2,1,3,0,-1,25,0,9223372036800000000,1e+75,0,10,0,0,7,0,0,1,0,0,1,1,0,0,0,0,0,0,2,0,1,-1,-1,-1,-1,0,10,-1,1,1,3,-1,-1,-1,0,0,1,0,0,10,0,0,0,25.9
1,0,0,0,-1,0,1,0,0,0,0,0,1,2,1,-1,-1,0,1,-1,1,3,0,-1,400,0,9223372036800000000,50,0,10,0,0,7,0,2,1,0,0,1,1,0,2,500,0,0,3,2,0,1,-1,-1,-1,-1,0,10,-1,1,1,3,-1,-1,-1,0,0,1,0,0,10,0,0,0,18.76
1,0,0,0,-1,0,1,5,0,0,0,0,3,-1,0,1,-1,2,1,2,2,3,0,1,100,0,9223372036800000000,240,0,10,0,0,30,0,3,1,0,0,1,1,0,0,100,0,0,4,2,0,1,-1,-1,-1,-1,0,10,-1,1,1,3,-1,-1,-1,0,0,1,0,0,10,0,0,0,26.91
1,0,0,0,-1,0,1,3,0,0,0,0,2,0,1,2,1,-1,-1,0,0,3,0,-1,25,0,9223372036800000000,1e+75,0,10,0,0,7,0,0,1,0,0,1,1,0,0,0,0,0,0,2,0,1,-1,-1,-1,-1,0,10,-1,1,1,3,-1,-1,-1,0,0,1,0,0,10,0,0,0,25.65
1,0,0,0,-1,0,1,5,0,0,0,0,3,-1,0,1,-1,2,-1,2,0,3,0,1,100,0,9223372036800000000,240,0,10,0,0,30,0,3,1,0,0,1,1,0,0,100,0,0,4,2,0,1,-1,-1,-1,-1,0,10,-1,1,1,3,-1,-1,-1,0,0,1,0,0,10,0,0,0,26.91
1,0,0,0,-1,0,1,3,0,0,0,0,1,3,-1,1,-1,2,-1,1,0,3,0,-1,200,0,9223372036800000000,1e+75,0,10,0,0,7,0,3,1,0,0,1,1,0,1,20,2,0,0,2,0,1,-1,-1,-1,-1,0,10,-1,1,1,3,-1,-1,-1,0,0,1,0,0,10,0,0,0,8.66
0,0,0,0,-1,0,1,3,0,0,0,0,1,3,-1,1,-1,2,-1,1,0,3,0,-1,200,0,9223372036800000000,1e+75,0,10,0,0,7,0,3,1,0,0,1,1,0,1,20,0,0,0,2,0,1,-1,-1,-1,-1,0,10,-1,1,1,3,-1,-1,-1,0,0,1,2,0,10,0,0,0,8.13
1,0,0,0,-1,0,1,3,0,0,0,0,1,3,-1,1,-1,2,-1,1,0,3,0,-1,200,0,9223372036800000000,1e+75,0,10,0,0,7,0,3,1,0,0,1,1,0,1,20,3,0,0,2,0,1,-1,-1,-1,-1,0,10,-1,1,1,3,-1,-1,-1,0,0,1,0,0,10,0,0,0,1.79769e+308
1,0,0,0,-1,0,1,3,0,0,0,0,1,3,-1,1,-1,2,-1,1,0,3,0,-1,200,0,9223372036800000000,1e+75,0,10,0,0,7,0,3,1,0,0,1,1,0,1,20,4,0,0,2,0,1,-1,-1,-1,-1,0,10,-1,1,1,3,-1,-1,-1,0,0,1,0,0,10,0,0,0,1.79769e+308
1,0,0,0,-1,0,1,5,0,0,0,0,3,-1,0,1,-1,2,-1,2,2,3,0,1,100,0,9223372036800000000,240,0,10,0,0,30,0,3,1,0,0,1,1,0,0,100,0,0,4,2,0,1,-1,-1,-1,-1,0,10,-1,1,1,3,-1,-1,-1,0,0,1,0,0,10,0,0,0,26.91
1,0,0,0,-1,0,1,3,0,0,0,0,1,3,-1,1,-1,2,-1,1,0,3,0,-1,200,0,9223372036800000000,1e+75,0,10,0,0,7,0,3,1,0,0,1,1,0,1,20,5,0,0,2,0,1,-1,-1,-1,-1,0,10,-1,1,1,3,-1,-1,-1,0,0,1,0,0,10,0,0,0,19.53
1,0,0,0,-1,0,1,0,0,0,0,0,2,1,0,-1,2,1,-1,1,1,3,0,-1,150,0,9223372036800000000,10,0,10,0,0,7,0,3,1,0,0,1,1,0,3,0,0,0,0,2,0,1,-1,-1,-1,-1,1,10,-1,1,1,3,-1,-1,0,0,0,1,1,0,10,0,0,0,22.3
1,0,0,0,-1,0,1,4,0,0,0,0,-1,3,-1,2,-1,-1,-1,-1,2,3,0,16,50,0,9223372036800000000,30,0,10,0,0,10,0,2,1,0,0,1,0,0,-1,1000,0,0,-1,2,0,1,-1,-1,-1,-1,0,10,-1,1,1,3,-1,-1,0,0,0,1,0,0,10,0,0,0,39.03
1,0,0,0,-1,0,1,3,0,0,0,0,1,3,-1,1,-1,2,-1,1,0,3,0,-1,200,0,9223372036800000000,1e+75,0,10,0,0,7,0,3,1,0,0,1,1,0,1,20,0,1,0,2,0,1,-1,-1,-1,-1,0,10,-1,1,1,3,-1,-1,-1,0,0,1,0,0,10,0,0,0,20.59
1,0,0,0,-1,0,1,1,0,0,0,0,-1,0,0,-1,2,0,1,-1,1,3,0,-1,10,0,9223372036800000000,1e+75,0,10,0,0,7,0,0,1,0,0,1,1,0,0,0,0,0,0,2,0,1,-1,-1,-1,-1,0,10,-1,1,1,3,-1,-1,-1,0,0,1,0,0,10,0,0,0,1.79769e+308
1,0,0,0,-1,0,1,3,0,0,0,0,1,3,-1,1,-1,2,-1,1,0,3,0,-1,200,0,9223372036800000000,1e+75,0,10,0,0,7,0,3,1,0,0,1,1,0,1,20,0,2,0,2,0,1,-1,-1,-1,-1,0,10,-1,1,1,3,-1,-1,-1,0,0,1,0,0,10,0,0,0,8.2
1,0,0,0,-1,0,1,4,0,0,0,0,0,2,-1,2,0,1,1,2,-1,3,0,-1,150,0,9223372036800000000,1e+75,0,10,0,0,7,0,0,1,0,0,1,1,0,3,0,0,0,0,2,0,1,-1,-1,-1,-1,0,10,-1,1,1,3,-1,-1,-1,0,0,1,0,0,10,0,0,0,27.18
1,0,0,0,-1,0,1,3,0,0,0,0,1,3,-1,1,-1,2,-1,1,0,3,0,-1,200,0,9223372036800000000,1e+75,0,10,0,0,7,0,3,1,0,0,1,1,0,1,20,0,5,0,2,0,1,-1,-1,-1,-1,0,10,-1,1,1,3,-1,-1,-1,0,0,1,0,0,10,0,0,0,1.79769e+308
1,0,0,0,-1,0,1,5,0,0,0,0,1,1,0,0,1,-1,2,1,2,3,0,-1,10,0,9223372036800000000,120,0,10,0,0,7,0,2,1,0,0,1,1,0,-1,0,0,0,4,2,0,1,-1,-1,-1,-1,0,10,-1,1,1,3,-1,-1,-1,0,0,1,0,0,10,0,0,0,17.65
1,0,0,0,-1,0,1,0,0,0,0,0,3,0,-1,-1,2,0,1,1,0,3,0,-1,10,0,9223372036800000000,1e+75,0,10,0,0,7,0,0,1,0,0,1,1,0,0,0,0,0,0,2,0,1,-1,-1,-1,-1,0,10,-1,1,1,3,-1,-1,-1,0,0,1,0,0,10,0,0,0,28.17
1,0,0,0,-1,0,1,3,0,0,0,0,1,3,-1,1,-1,2,-1,1,0,3,0,-1,200,0,9223372036800000000,1e+75,0,10,0,0,7,0,3,1,0,0,1,1,0,1,20,0,0,0,2,0,1,-1,-1,-1,-1,0,10,-1,1,1,3,-1,-1,-1,0,0,1,1,0,10,0,0,0,22.13
1,0,0,0,-1,0,1,3,0,0,0,0,1,3,-1,1,-1,2,-1,1,0,3,0,-1,200,0,9223372036800000000,240,0,10,0,0,7,0,3,1,0,0,1,1,0,1,0,0,0,0,2,0,1,-1,-1,-1,-1,0,10,-1,1,1,3,-1,-1,-1,0,0,1,0,0,10,0,0,0,8.53
1,0,0,0,-1,0,1,5,0,0,0,0,3,0,1,0,1,0,2,-1,0,3,0,-1,150,0,9223372036800000000,40,0,10,0,0,7,0,2,1,0,0,1,1,0,3,100,0,0,0,2,0,1,-1,-1,-1,-1,0,10,-1,1,1,3,-1,-1,-1,0,0,1,0,0,10,0,0,0,16.68
1,0,0,0,-1,0,1,2,0,0,0,0,2,2,1,-1,0,-1,-1,0,-1,3,0,-1,25,0,9223372036800000000,1e+75,0,10,0,0,7,0,0,1,0,0,1,1,0,3,0,0,0,0,2,0,1,-1,-1,-1,-1,0,10,-1,1,1,3,-1,-1,-1,0,0,1,0,0,10,0,0,0,20.17
1,0,0,0,-1,0,1,0,0,0,0,0,0,-1,0,0,0,0,0,0,0,3,0,-1,400,0,9223372036800000000,1e+75,0,10,0,0,7,0,0,1,0,0,1,1,0,0,0,0,0,0,2,0,1,-1,-1,-1,-1,0,10,-1,1,1,3,-1,-1,-1,0,0,1,0,0,10,0,0,0,31.44
1,0,0,0,-1,0,1,2,0,0,0,0,1,2,1,0,-1,-1,2,2,0,3,0,-1,400,0,9223372036800000000,240,0,10,0,0,5,0,0,1,0,0,1,0,1,2,100,0,3,0,2,0,1,-1,-1,-1,-1,-1,10,-1,1,1,3,-1,-1,2,0,0,1,3,0,10,0,0,0,1.79769e+308
1,0,0,0,-1,0,1,0,0,0,0,0,0,0,0,0,0,0,0,0,0,3,0,-1,400,0,9223372036800000000,1e+75,0,10,0,0,7,0,0,1,0,0,1,1,0,0,0,0,3,0,2,0,1,-1,-1,-1,-1,0,10,-1,1,1,3,-1,-1,-1,0,0,1,0,0,10,0,0,0,1.79769e+308
1,0,0,0,-1,0,1,2,0,0,0,0,3,3,1,-1,2,-1,-1,-1,-1,3,0,-1,100,0,9223372036800000000,60,0,10,0,0,7,0,3,1,0,0,1,1,0,3,20,0,0,-1,2,0,1,-1,-1,-1,-1,0,10,-1,1,1,3,-1,-1,-1,0,0,1,0,0,10,0,0,0,54.06
1,0,0,0,-1,0,1,0,0,0,0,0,3,-1,1,2,0,-1,2,0,1,3,0,16,10,0,9223372036800000000,120,0,10,0,0,5,0,2,1,0,0,1,0,3,-1,20,0,0,2,2,0,1,-1,-1,-1,-1,1,10,-1,1,1,3,-1,-1,3,0,0,1,3,0,10,0,0,0,25.15
1,0,0,0,-1,0,1,0,0,0,0,0,0,0,0,0,0,0,0,0,0,3,0,-1,400,0,9223372036800000000,1e+75,0,10,0,0,7,0,0,1,0,0,1,1,0,0,0,0,4,0,2,0,1,-1,-1,-1,-1,0,10,-1,1,1,3,-1,-1,-1,0,0,1,0,0,10,0,0,0,1.79769e+308
1,0,0,0,-1,0,1,0,0,0,0,0,0,0,0,0,0,0,0,0,0,3,0,-1,400,0,9223372036800000000,2,0,10,0,0,7,0,0,1,0,0,1,1,0,0,0,0,0,0,2,0,1,-1,-1,-1,-1,0,10,-1,1,1,3,-1,-1,-1,0,0,1,0,0,10,0,0,0,25.91
1,0,0,0,-1,0,1,0,0,0,0,0,0,0,0,0,0,0,0,0,0,3,0,8,400,0,9223372036800000000,1e+75,0,10,0,0,7,0,0,1,0,0,1,1,0,0,0,0,0,0,2,0,1,-1,-1,-1,-1,0,10,-1,1,1,3,-1,-1,-1,0,0,1,0,0,10,0,0,0,13.49
1,0,0,0,-1,0,1,2,0,0,0,0,0,2,1,-1,2,-1,0,2,-1,3,0,-1,200,0,9223372036800000000,40,0,10,0,0,7,0,3,1,0,0,1,1,0,0,1000,0,0,3,2,0,1,-1,-1,-1,-1,0,10,-1,1,1,3,-1,-1,-1,0,0,1,0,0,10,0,0,0,27.75
1,0,0,0,-1,0,1,0,0,0,0,0,0,0,0,0,0,0,0,0,0,3,0,-1,400,0,9223372036800000000,5,0,10,0,0,7,0,0,1,0,0,1,1,0,0,0,0,0,0,2,0,1,-1,-1,-1,-1,0,10,-1,1,1,3,-1,-1,-1,0,0,1,0,0,10,0,0,0,25.91
1,0,0,0,-1,0,1,3,0,0,0,0,-1,0,-1,1,1,0,1,-1,2,3,0,8,10,0,9223372036800000000,10,0,10,0,0,5,0,3,1,0,0,1,0,3,-1,200,0,0,2,2,0,1,-1,-1,-1,-1,0,10,-1,1,1,3,-1,-1,1,0,0,1,3,0,10,0,0,0,27.73
1,0,0,0,-1,0,1,1,0,0,0,0,0,-1,-1,1,1,-1,2,0,2,3,0,8,150,0,9223372036800000000,0,0,10,0,0,4,0,0,1,0,0,1,0,3,1,200,0,1,3,2,0,1,-1,-1,-1,-1,0,10,-1,1,1,3,-1,-1,5,0,0,1,4,0,10,0,0,0,20.68
1,0,0,0,-1,0,1,0,0,0,0,0,3,-1,1,2,0,-1,2,0,0,3,0,16,10,0,9223372036800000000,120,0,10,0,0,5,0,2,1,0,0,1,0,3,-1,20,0,0,2,2,0,1,-1,-1,-1,-1,0,10,-1,1,1,3,-1,-1,3,0,0,1,3,0,10,0,0,0,26.09
1,0,0,0,-1,0,1,0,0,0,0,0,3,-1,1,2,0,-1,2,0,1,3,0,16,10,0,9223372036800000000,120,0,10,0,0,5,0,2,1,0,0,1,0,3,-1,20,0,0,2,2,0,1,-1,-1,-1,-1,0,10,-1,1,1,3,-1,-1,2,0,0,1,3,0,10,0,0,0,26.09
1,0,0,0,-1,0,1,0,0,0,0,0,3,-1,1,2,0,-1,2,0,1,3,0,16,10,0,9223372036800000000,240,0,10,0,0,5,0,2,1,0,0,1,0,3,-1,20,0,0,2,2,0,1,-1,-1,-1,-1,1,10,-1,1,1,3,-1,-1,3,0,0,1,3,0,10,0,0,0,25.15
1,0,0,0,-1,0,1,0,0,0,0,0,2,-1,1,2,0,-1,2,0,1,3,0,16,10,0,9223372036800000000,120,0,10,0,0,5,0,2,1,0,0,1,0,3,-1,20,0,0,2,2,0,1,-1,-1,-1,-1,1,10,-1,1,1,3,-1,-1,3,0,0,1,3,0,10,0,0,0,25.15
1,0,0,0,-1,0,1,0,0,0,0,0,1,0,-1,1,0,-1,0,2,-1,3,0,-1,150,0,9223372036800000000,1e+75,0,10,0,0,7,0,0,1,0,0,1,1,0,0,0,0,0,0,2,0,1,-1,-1,-1,-1,0,10,-1,1,1,3,-1,-1,-1,0,0,1,0,0,10,0,0,0,28.29
1,0,0,0,-1,0,1,4,0,0,0,0,1,0,1,1,-1,2,1,0,-1,3,0,-1,800,0,9223372036800000000,20,0,10,0,0,5,0,0,1,0,0,1,0,3,1,-1,0,3,3,2,0,1,-1,-1,-1,-1,-1,10,-1,1,1,3,-1,-1,3,0,0,1,5,0,10,0,0,0,27.18
1,0,0,0,-1,0,1,4,0,0,0,0,1,-1,-1,-1,2,2,-1,2,-1,3,0,-1,10,0,9223372036800000000,120,0,10,0,0,5,0,0,1,0,0,1,0,1,1,100,0,1,0,2,0,1,-1,-1,-1,-1,1,10,-1,1,1,3,-1,-1,4,0,0,1,1,0,10,0,0,0,18.56
1,0,0,0,-1,0,1,0,0,0,0,0,3,-1,1,-1,-1,-1,-1,0,1,3,0,8,50,0,9223372036800000000,1e+75,0,10,0,0,7,0,0,1,0,0,1,1,3,-1,0,0,2,-1,2,0,1,-1,1,-1,-1,-1,10,-1,1,1,3,-1,-1,3,0,0,1,2,0,10,0,0,0,1.79769e+308
1,0,0,0,-1,0,1,4,0,0,0,0,1,-1,-1,-1,2,2,-1,2,-1,3,0,-1,10,0,9223372036800000000,120,0,10,0,0,5,0,0,1,0,0,1,0,1,-1,60,0,1,0,2,0,1,-1,-1,-1,-1,1,10,-1,1,1,3,-1,-1,4,0,0,1,1,0,10,0,0,0,20.89
1,0,0,0,-1,0,1,4,0,0,0,0,1,-1,-1,0,2,2,-1,2,-1,3,0,-1,10,0,9223372036800000000,120,0,10,0,0,5,0,0,1,0,0,1,0,1,1,60,0,1,0,2,0,1,-1,-1,-1,-1,1,10,-1,1,1,3,-1,-1,4,0,0,1,3,0,10,0,0,0,16.55
1,0,0,0,-1,0,1,0,0,0,0,0,3,-1,1,2,-1,0,-1,2,2,3,0,16,50,0,9223372036800000000,240,0,10,0,0,7,0,0,1,0,0,1,1,0,-1,-1,0,1,-1,2,0,1,-1,0,-1,-1,0,10,-1,1,1,3,-1,-1,1,0,0,1,2,0,10,0,0,0,38.1
1,0,0,0,-1,0,1,3,0,0,0,0,1,0,-1,1,2,0,2,2,-1,3,0,-1,150,0,9223372036800000000,1e+75,0,10,0,0,7,0,0,1,0,0,1,1,0,0,0,0,0,0,2,0,1,-1,-1,-1,-1,0,10,-1,1,1,3,-1,-1,-1,0,0,1,0,0,10,0,0,0,17.19
1,0,0,0,-1,0,1,3,0,0,0,0,1,0,-1,1,2,1,2,2,-1,3,0,-1,200,0,9223372036800000000,1e+75,0,10,0,0,7,0,0,1,0,0,1,1,0,1,0,0,0,0,2,0,1,-1,-1,-1,-1,0,10,-1,1,1,3,-1,-1,-1,0,0,1,0,0,10,0,0,0,11.22
1,0,0,0,-1,0,1,4,0,0,0,0,1,-1,-1,-1,2,2,-1,2,1,3,0,-1,10,0,9223372036800000000,120,0,10,0,0,5,0,0,1,0,0,1,0,1,1,60,0,1,0,2,0,1,-1,-1,-1,-1,1,10,-1,1,1,3,-1,-1,4,0,0,1,3,0,10,0,0,0,16.55
1,0,0,0,-1,0,1,4,0,0,0,0,1,-1,0,2,2,1,0,0,2,3,0,16,10,0,9223372036800000000,30,0,10,0,0,15,0,2,1,0,0,1,1,-1,3,60,0,0,4,2,0,1,-1,0,-1,-1,-1,10,-1,1,1,3,-1,-1,1,0,0,1,3,0,10,0,0,0,27.45
1,0,0,0,-1,0,1,4,0,0,0,0,1,-1,-1,-1,2,2,-1,2,-1,3,0,-1,10,0,9223372036800000000,120,0,10,0,0,5,0,0,1,0,0,1,0,1,-1,60,0,1,0,2,0,1,-1,-1,-1,-1,1,10,-1,1,1,3,-1,-1,4,0,0,1,3,0,10,0,0,0,20.64
1,0,0,0,-1,0,1,3,0,0,0,0,1,1,-1,-1,2,0,-1,-1,2,3,0,-1,150,0,9223372036800000000,20,0,10,0,0,0,0,1,1,0,0,1,1,2,3,40,0,2,0,2,0,1,-1,-1,-1,-1,0,10,-1,1,1,3,-1,-1,-1,0,0,1,0,0,10,0,0,0,14.23
1,0,0,0,-1,0,1,3,0,0,0,0,1,1,-1,-1,2,0,-1,-1,2,3,0,-1,150,0,9223372036800000000,20,0,10,0,0,0,0,1,1,0,0,1,1,2,3,40,0,2,0,2,0,1,-1,-1,-1,-1,0,10,-1,1,1,3,-1,-1,-1,0,0,1,5,0,10,0,0,0,20.3
1,0,0,0,-1,0,1,5,0,0,0,0,2,-1,0,2,-1,0,-1,0,-1,3,0,-1,400,0,9223372036800000000,1e+75,0,10,0,0,7,0,1,1,0,0,1,1,0,2,0,0,0,4,2,0,1,-1,-1,-1,-1,0,10,-1,1,1,3,-1,-1,-1,0,0,1,0,0,10,0,0,0,19.85
1,0,0,0,-1,0,1,3,0,0,0,0,1,1,-1,-1,2,0,-1,-1,2,3,0,-1,150,0,9223372036800000000,20,0,10,0,0,0,0,1,1,0,0,1,1,2,3,40,0,2,0,2,0,1,-1,-1,-1,-1,0,10,-1,1,1,3,-1,-1,-1,0,0,1,3,0,10,0,0,0,15.66
1,0,0,0,-1,0,1,3,0,0,0,0,1,1,-1,-1,2,0,-1,-1,2,3,0,-1,150,0,9223372036800000000,20,0,10,0,0,0,0,1,1,0,0,1,1,2,3,40,0,2,0,2,0,1,-1,-1,-1,-1,0,10,-1,1,1,3,-1,-1,1,0,0,1,0,0,10,0,0,0,14.23
1,0,0,0,-1,0,1,1,0,0,0,0,-1,0,-1,0,0,1,0,2,1,3,0,-1,25,0,9223372036800000000,1e+75,0,10,0,0,7,0,0,1,0,0,1,1,0,0,0,0,0,0,2,0,1,-1,-1,-1,-1,0,10,-1,1,1,3,-1,-1,-1,0,0,1,0,0,10,0,0,0,16.85
1,0,0,0,-1,0,1,5,0,0,0,0,3,-1,0,1,-1,2,-1,2,2,3,0,1,100,0,9223372036800000000,240,0,10,0,0,30,0,3,1,0,0,1,1,1,0,100,0,0,4,2,0,1,-1,-1,-1,-1,0,10,-1,1,1,3,-1,-1,-1,0,0,1,0,0,10,0,0,0,26.91
1,0,0,0,-1,0,1,3,0,0,0,0,1,1,-1,-1,2,0,1,-1,2,3,0,4,150,0,9223372036800000000,20,0,10,0,0,0,0,1,1,0,0,1,1,2,3,40,0,2,0,2,0,1,-1,-1,-1,-1,0,10,-1,1,1,3,-1,-1,-1,0,0,1,0,0,10,0,0,0,14
1,0,0,0,-1,0,1,1,0,0,0,0,3,0,1,0,0,-1,-1,1,2,3,0,-1,200,0,9223372036800000000,2,0,10,0,0,5,0,3,1,0,0,1,1,1,2,20,0,0,2,2,0,1,-1,-1,-1,-1,-1,10,-1,1,1,3,-1,-1,3,0,0,1,0,0,10,0,0,0,22.52
1,0,0,0,-1,0,1,3,0,0,0,0,1,1,-1,-1,2,0,-1,-1,2,3,0,4,100,0,9223372036800000000,20,0,10,0,0,0,0,1,1,0,0,1,1,2,3,40,0,2,0,2,0,1,-1,-1,-1,-1,0,10,-1,1,1,3,-1,-1,-1,0,0,1,0,0,10,0,0,0,31.4
1,0,0,0,-1,0,1,3,0,0,0,0,1,3,-1,1,-1,2,-1,1,0,3,0,-1,200,0,9223372036800000000,1e+75,0,10,0,0,7,0,3,1,0,0,1,1,0,1,20,0,0,0,2,3,1,-1,-1,-1,-1,0,10,-1,1,1,3,-1,-1,-1,0,0,1,2,0,10,0,0,0,8.13
1,0,0,0,-1,0,1,5,0,0,0,0,3,0,1,1,1,0,2,-1,0,3,0,-1,150,0,9223372036800000000,240,0,10,0,0,7,0,2,1,0,0,1,1,0,3,100,0,0,0,2,0,1,-1,-1,-1,-1,0,10,-1,1,1,3,-1,-1,-1,0,0,1,0,0,10,0,0,0,19.85
1,0,0,0,-1,0,1,5,0,0,0,0,2,-1,0,2,-1,0,-1,0,-1,3,0,-1,25,0,9223372036800000000,1e+75,0,10,0,0,7,0,1,1,0,0,1,1,0,2,0,0,0,4,2,0,1,-1,-1,-1,-1,0,10,-1,1,1,3,-1,-1,-1,0,0,1,0,0,10,0,0,0,20.41
1,0,0,0,-1,0,1,3,0,0,0,0,1,1,-1,-1,2,0,2,-1,2,3,0,4,150,0,9223372036800000000,20,0,10,0,0,0,0,1,1,0,0,1,1,2,3,40,0,2,0,2,0,1,-1,-1,-1,-1,0,10,-1,1,1,3,-1,-1,-1,0,0,1,0,0,10,0,0,0,14.47
1,0,0,0,-1,0,1,3,0,0,0,0,1,1,-1,-1,2,0,-1,-1,2,3,0,4,150,0,9223372036800000000,120,0,10,0,0,0,0,3,1,0,0,1,1,2,3,40,0,2,0,2,0,1,-1,-1,-1,-1,0,10,-1,1,1,3,-1,-1,-1,0,0,1,0,0,10,0,0,0,13.47
1,0,0,0,-1,0,1,5,0,0,0,0,1,3,0,-1,0,2,2,1,2,3,0,2,400,0,9223372036800000000,50,0,10,0,0,0,0,3,1,0,0,1,1,1,1,1000,0,4,3,2,0,1,-1,-1,-1,-1,1,10,-1,1,1,3,-1,-1,4,0,0,1,0,0,10,0,0,0,1.79769e+308
1,0,0,0,-1,0,1,5,0,0,0,0,1,1,0,-1,0,2,2,1,2,3,0,2,400,0,9223372036800000000,50,0,10,0,0,0,0,3,1,0,0,1,1,1,1,1000,0,4,3,2,0,1,-1,-1,-1,-1,1,10,-1,1,1,3,-1,-1,4,0,0,1,0,0,10,0,0,0,1.79769e+308
1,0,0,0,-1,0,1,0,0,0,0,0,0,0,1,0,0,0,0,0,0,3,0,-1,400,0,9223372036800000000,1e+75,0,10,0,0,7,0,0,1,0,0,1,1,0,0,0,0,0,0,2,0,1,-1,-1,-1,-1,0,10,-1,1,1,3,-1,-1,-1,0,0,1,0,0,10,0,0,0,13.49
1,0,0,0,-1,0,1,5,0,0,0,0,1,3,0,-1,0,2,2,1,2,3,0,2,800,0,9223372036800000000,50,0,10,0,0,0,0,3,1,0,0,1,1,1,1,1000,0,4,3,2,0,1,-1,-1,-1,-1,1,10,-1,1,1,3,-1,-1,4,0,0,1,0,0,10,0,0,0,1.79769e+308
1,0,0,0,-1,0,1,5,0,0,0,0,1,3,0,-1,0,2,2,1,2,3,0,2,400,0,9223372036800000000,50,0,10,0,0,0,0,3,1,0,0,1,1,1,1,1000,0,4,3,2,0,1,-1,-1,-1,-1,1,10,-1,1,1,3,-1,-1,-1,0,0,1,0,0,10,0,0,0,1.79769e+308
1,0,0,0,-1,0,1,5,0,0,0,0,1,3,0,-1,0,2,2,1,2,3,0,2,400,0,9223372036800000000,50,0,10,0,0,0,0,3,1,0,0,1,1,1,1,1000,0,4,3,2,0,1,-1,-1,-1,-1,1,10,-1,1,1,3,-1,-1,5,0,0,1,0,0,10,0,0,0,1.79769e+308
1,0,0,0,-1,0,1,0,0,0,0,0,2,1,0,-1,2,1,-1,1,1,3,0,8,150,0,9223372036800000000,10,0,10,0,0,7,0,3,1,0,0,1,1,0,3,0,0,0,0,2,0,1,-1,-1,-1,-1,1,10,-1,1,1,3,-1,-1,0,0,0,1,3,0,10,0,0,0,26.27
1,0,0,0,-1,0,1,4,0,0,0,0,-1,0,0,2,2,1,-1,0,2,3,0,-1,150,0,9223372036800000000,1e+75,0,10,0,0,7,0,0,1,0,0,1,1,0,0,0,0,0,0,2,0,1,-1,-1,-1,-1,0,10,-1,1,1,3,-1,-1,-1,0,0,1,0,0,10,0,0,0,24.46
1,0,0,0,-1,0,1,5,0,0,0,0,2,0,-1,-1,-1,0,0,1,-1,3,0,-1,50,0,9223372036800000000,1e+75,0,10,0,0,7,0,0,1,0,0,1,1,0,0,0,0,0,0,2,0,1,-1,-1,-1,-1,0,10,-1,1,1,3,-1,-1,-1,0,0,1,0,0,10,0,0,0,23.35
1,0,0,0,-1,0,1,5,0,0,0,0,1,3,0,-1,0,2,2,1,0,3,0,2,400,0,9223372036800000000,50,0,10,0,0,0,0,3,1,0,0,1,1,1,1,1000,0,4,3,2,0,1,-1,-1,-1,-1,1,10,-1,1,1,3,-1,-1,4,0,0,1,0,0,10,0,0,0,1.79769e+308
1,0,0,0,-1,0,1,5,0,0,0,0,1,3,0,-1,0,2,2,1,2,3,0,2,400,0,9223372036800000000,50,0,10,0,0,0,0,3,1,0,0,1,1,1,1,1000,0,0,3,2,0,1,-1,-1,-1,-1,1,10,-1,1,1,3,-1,-1,4,0,0,1,0,0,10,0,0,0,24.38
1,0,0,0,-1,0,1,3,0,0,0,0,-1,0,-1,-1,0,1,-1,-1,2,3,0,8,10,0,9223372036800000000,30,0,10,0,0,7,0,3,1,0,0,1,1,0,-1,-1,0,2,0,2,0,1,-1,-1,-1,-1,1,10,-1,1,1,3,-1,-1,0,0,0,1,5,0,10,0,0,0,1.79769e+308
1,0,0,0,-1,0,1,3,0,0,0,0,1,-1,1,2,0,2,1,0,-1,3,0,-1,400,0,9223372036800000000,0,0,10,0,0,7,0,3,1,0,0,1,1,0,-1,200,0,0,3,2,0,1,-1,-1,-1,-1,0,10,-1,1,1,3,-1,-1,-1,0,0,1,0,0,10,0,0,0,26.7
1,0,0,0,-1,0,1,1,0,0,0,0,2,1,0,-1,2,1,-1,1,1,3,0,8,150,0,9223372036800000000,10,0,10,0,0,7,0,0,1,0,0,1,1,0,3,0,0,0,0,2,0,1,-1,-1,-1,-1,1,10,-1,1,1,3,-1,-1,0,0,0,1,5,0,10,0,0,0,1.79769e+308
1,0,0,0,-1,0,1,0,0,0,0,0,2,1,0,-1,-1,1,-1,1,-1,3,0,8,150,0,9223372036800000000,10,0,10,0,0,7,0,3,1,0,0,1,1,0,3,0,0,0,0,2,0,1,-1,-1,-1,-1,1,10,-1,1,1,3,-1,-1,0,0,0,1,1,0,10,0,0,0,11.87
1,0,0,0,-1,0,1,5,0,0,0,0,2,1,1,0,1,0,-1,-1,1,3,0,16,50,0,9223372036800000000,10,0,10,0,0,10,0,0,1,0,0,1,1,3,-1,500,0,0,3,2,0,1,-1,-1,-1,-1,-1,10,-1,1,1,3,-1,-1,5,0,0,1,5,0,10,0,0,0,23.82
1,0,0,0,-1,0,1,5,0,0,0,0,2,1,1,0,1,0,-1,-1,1,3,0,16,50,0,9223372036800000000,10,0,10,0,0,10,0,0,1,0,0,1,1,3,-1,500,0,0,1,2,0,1,-1,-1,-1,-1,-1,10,-1,1,1,3,-1,-1,5,0,0,1,5,0,10,0,0,0,57.19
1,0,0,0,-1,0,1,5,0,0,0,0,2,1,1,0,1,0,-1,-1,1,3,0,16,50,0,9223372036800000000,10,0,10,0,0,10,0,0,1,0,0,1,1,3,-1,100,0,0,3,2,0,1,-1,-1,-1,-1,-1,10,-1,1,1,3,-1,-1,5,0,0,1,5,0,10,0,0,0,23.82
1,0,0,0,-1,0,1,5,0,0,0,0,2,1,1,0,1,0,-1,-1,1,3,0,1,50,0,9223372036800000000,10,0,10,0,0,10,0,0,1,0,0,1,1,3,-1,500,0,0,3,2,0,1,-1,-1,-1,-1,-1,10,-1,1,1,3,-1,-1,5,0,0,1,5,0,10,0,0,0,33.14
1,0,0,0,-1,0,1,5,0,0,0,0,3,0,-1,-1,2,2,1,1,0,3,0,-1,10,0,9223372036800000000,1e+75,0,10,0,0,7,0,0,1,0,0,1,1,0,0,0,0,0,0,2,0,1,-1,-1,-1,-1,0,10,-1,1,1,3,-1,-1,-1,0,0,1,0,0,10,0,0,0,19.59
1,0,0,0,-1,0,1,0,0,0,0,0,0,0,0,0,0,0,-1,0,0,3,0,-1,400,0,9223372036800000000,1e+75,0,10,0,0,7,0,0,1,0,0,1,1,0,0,0,0,0,0,2,0,1,-1,-1,-1,-1,0,10,-1,1,1,3,-1,-1,-1,0,0,1,0,0,10,0,0,0,31.77
1,0,0,0,-1,0,1,5,0,0,0,0,2,1,1,0,1,0,-1,-1,1,3,0,16,200,0,9223372036800000000,10,0,10,0,0,10,0,0,1,0,0,1,1,3,-1,60,0,0,3,2,0,1,-1,-1,-1,-1,-1,10,-1,1,1,3,-1,-1,5,0,0,1,5,0,10,0,0,0,22.6
1,0,0,0,-1,0,1,0,0,0,0,0,2,1,-1,-1,1,0,2,1,-1,3,0,-1,50,0,9223372036800000000,1e+75,0,10,0,0,7,0,0,1,0,0,1,1,0,-1,0,0,0,3,2,0,1,-1,-1,-1,-1,0,10,-1,1,1,3,-1,-1,-1,0,0,1,0,0,10,0,0,0,21.59
1,0,0,0,-1,0,1,5,0,0,0,0,2,1,1,0,1,0,-1,-1,1,3,0,16,400,0,9223372036800000000,10,0,10,0,0,10,0,0,1,0,0,1,1,3,-1,500,0,0,3,2,0,1,-1,-1,-1,-1,-1,10,-1,1,1,3,-1,-1,5,0,0,1,5,0,10,0,0,0,22.6
