EvalID,TimeEvaluated,SolverRuntimeSeconds,ObjectiveValue,Gap,UpperBound,LowerBound,ConfigID,MipStartID,WorkerID,Iteration,Phase
1,8,8.394538,0,0.000000,340.000000,340.000000,14921508010286178949,null,0,1,0
2,6,6.440840,0,0.000000,340.000000,340.000000,8723278136865304665,null,1,1,0
