[INFO]:[19:05:55] Reading parameters from file: /home/yorig/tuner/mpils/cplex/params_12_cpx.txt
[INFO]:[19:05:55] Finished reading parameters.
[DEBUG]:[19:05:55] Printing 71 parameters:
Parameter: CPXPARAM_Emphasis_MIP, Values: 0 1 2 3 4 5 , Default: 0
Parameter: CPXPARAM_MIP_Cuts_Cliques, Values: -1 0 1 2 3 , Default: 0
Parameter: CPXPARAM_MIP_Cuts_MIRCut, Values: -1 0 1 2 , Default: 0
Parameter: CPXPARAM_MIP_Cuts_Implied, Values: -1 0 1 2 , Default: 0
Parameter: CPXPARAM_MIP_Cuts_Disjunctive, Values: -1 0 1 , Default: 0
Parameter: CPXPARAM_MIP_Cuts_FlowCovers, Values: -1 0 1 2 , Default: 0
Parameter: CPXPARAM_MIP_Cuts_PathCut, Values: -1 0 1 2 , Default: 0
Parameter: CPXPARAM_MIP_Cuts_GUBCovers, Values: -1 0 1 2 , Default: 0
Parameter: CPXPARAM_MIP_Cuts_Gomory, Values: -1 0 1 2 , Default: 0
Parameter: CPXPARAM_MIP_Limits_GomoryCand, Values: 10 25 50 100 150 200 400 800 , Default: 200
Parameter: CPXPARAM_MIP_Strategy_Probe, Values: -1 0 1 2 3 , Default: 0
Parameter: CPXPARAM_MIP_Cuts_Covers, Values: -1 0 1 2 3 , Default: 0
Parameter: CPXPARAM_MIP_Strategy_VariableSelect, Values: -1 0 1 2 3 4 , Default: 0
Parameter: CPXPARAM_MIP_Strategy_NodeSelect, Values: 0 1 2 3 , Default: 1
Parameter: CPXPARAM_MIP_Strategy_Dive, Values: 0 1 2 3 , Default: 0
Parameter: CPXPARAM_MIP_Limits_ProbeTime, Values: 0 1 2 5 10 20 30 40 50 60 120 240 1e+75 , Default: 1e+75
Parameter: CPXPARAM_MIP_Strategy_RINSHeur, Values: -1 0 20 40 60 100 200 500 1000 , Default: 0
Parameter: CPXPARAM_MIP_Strategy_BBInterval, Values: 0 2 3 4 5 7 10 15 30 , Default: 7
Parameter: CPXPARAM_MIP_Strategy_Branch, Values: -1 0 1 , Default: 0
Parameter: CPXPARAM_MIP_Limits_CutsFactor, Values: -1 1 2 4 8 16 , Default: -1
Parameter: CPXPARAM_MIP_Strategy_PresolveNode, Values: -1 0 1 2 3 , Default: 0
Parameter: CPXPARAM_MIP_Strategy_Order, Values: 0 1 , Default: 1
Parameter: CPXPARAM_MIP_Limits_GomoryPass, Values: 0 , Default: 0
Parameter: CPXPARAM_MIP_Limits_CutPasses, Values: 0 , Default: 0
Parameter: CPXPARAM_Preprocessing_Presolve, Values: 0 1 , Default: 1
Parameter: CPXPARAM_Preprocessing_Symmetry, Values: -1 0 1 2 3 4 5 , Default: -1
Parameter: CPXPARAM_Preprocessing_NumPass, Values: -1 , Default: -1
Parameter: CPXPARAM_Preprocessing_Dual, Values: -1 0 1 , Default: 0
Parameter: CPXPARAM_MIP_Strategy_LBHeur, Values: 0 1 , Default: 0
Parameter: CPXPARAM_MIP_Strategy_HeuristicFreq, Values: -1 0 20 40 100 500 1000 , Default: 0
Parameter: CPXPARAM_MIP_Strategy_StartAlgorithm, Values: 0 1 2 3 4 5 6 , Default: 0
Parameter: CPXPARAM_MIP_Strategy_SubAlgorithm, Values: 0 1 2 3 4 5 , Default: 0
Parameter: CPXPARAM_Simplex_DGradient, Values: 0 1 2 3 4 5 , Default: 0
Parameter: CPXPARAM_Simplex_PGradient, Values: -1 0 1 2 3 4 , Default: 0
Parameter: CPXPARAM_Simplex_Pricing, Values: 0 , Default: 0
Parameter: CPXPARAM_Advance, Values: 0 1 2 , Default: 1
Parameter: CPXPARAM_MIP_Limits_AggForCut, Values: 0 1 2 3 5 10 , Default: 3
Parameter: CPXPARAM_Preprocessing_Fill, Values: 2 5 10 20 40 , Default: 10
Parameter: CPXPARAM_Preprocessing_Aggregator, Values: -1 , Default: -1
Parameter: CPXPARAM_Barrier_ColNonzeros, Values: 0 , Default: 0
Parameter: CPXPARAM_Barrier_Crossover, Values: 0 1 2 , Default: 0
Parameter: CPXPARAM_Barrier_Limits_Corrections, Values: -1 , Default: -1
Parameter: CPXPARAM_Barrier_Ordering, Values: 0 1 2 3 , Default: 0
Parameter: CPXPARAM_Barrier_StartAlg, Values: 1 2 3 4 , Default: 1
Parameter: CPXPARAM_Preprocessing_BoundStrength, Values: -1 0 1 , Default: -1
Parameter: CPXPARAM_Preprocessing_CoeffReduce, Values: -1 0 1 2 3 , Default: -1
Parameter: CPXPARAM_Simplex_Crash, Values: -1 0 1 , Default: 1
Parameter: CPXPARAM_Preprocessing_Dependency, Values: -1 0 1 2 3 , Default: -1
Parameter: CPXPARAM_Feasopt_Mode, Values: 0 1 2 3 4 5 , Default: 0
Parameter: CPXPARAM_Emphasis_Memory, Values: 0 1 , Default: 0
Parameter: CPXPARAM_MIP_OrderType, Values: 0 1 2 3 , Default: 0
Parameter: CPXPARAM_Network_NetFind, Values: 1 2 3 , Default: 2
Parameter: CPXPARAM_Network_Pricing, Values: 0 1 2 3 , Default: 0
Parameter: CPXPARAM_MIP_Strategy_File, Values: 0 1 2 3 , Default: 1
Parameter: CPXPARAM_Emphasis_Numerical, Values: 0 1 , Default: 0
Parameter: CPXPARAM_Preprocessing_Reduce, Values: 0 1 2 3 , Default: 3
Parameter: CPXPARAM_Simplex_Refactor, Values: 0 , Default: 0
Parameter: CPXPARAM_Preprocessing_Relax, Values: -1 0 1 , Default: -1
Parameter: CPXPARAM_Preprocessing_RepeatPresolve, Values: -1 0 1 2 3 , Default: -1
Parameter: CPXPARAM_LPMethod, Values: 0 1 2 3 4 5 6 , Default: 0
Parameter: CPXPARAM_Read_Scale, Values: -1 0 1 , Default: 0
Parameter: CPXPARAM_Sifting_Algorithm, Values: 0 1 2 3 4 , Default: 0
Parameter: CPXPARAM_Simplex_Limits_Singularity, Values: 0 2 5 10 20 40 , Default: 10
Parameter: CPXPARAM_Barrier_Algorithm, Values: 0 1 2 3 , Default: 0
Parameter: CPXPARAM_MIP_Limits_RepairTries, Values: 0 , Default: 0
Parameter: CPXPARAM_MIP_Limits_StrongCand, Values: 2 5 10 20 40 , Default: 10
Parameter: CPXPARAM_MIP_Limits_StrongIt, Values: 0 , Default: 0
Parameter: CPXPARAM_Preprocessing_QPMakePSD, Values: 0 1 , Default: 1
Parameter: CPXPARAM_Simplex_Limits_Perturbation, Values: 0 , Default: 0
Parameter: CPXPARAM_MIP_Limits_Nodes, Values: 0 9223372036800000000 , Default: 9223372036800000000
Parameter: CPXPARAM_Parallel, Values: 1 , Default: 1

[INFO]:[19:05:55] Seting up the MPILS tuner
[INFO]:[19:05:55] Set all parameter flags finished. Fixed discarded at setup: 12, Tunable initially selected: 10, Tunable residual: 49
[DEBUG]:[19:05:55] Tuned Parameters:
[DEBUG]:[19:05:55] Printing 0 parameters:

[DEBUG]:[19:05:55] Selected Parameters:
[DEBUG]:[19:05:55] Printing 10 parameters:
Parameter: CPXPARAM_Emphasis_MIP, Values: 0 1 2 3 4 5 , Default: 0
Parameter: CPXPARAM_MIP_Cuts_Cliques, Values: -1 0 1 2 3 , Default: 0
Parameter: CPXPARAM_MIP_Cuts_MIRCut, Values: -1 0 1 2 , Default: 0
Parameter: CPXPARAM_MIP_Cuts_Implied, Values: -1 0 1 2 , Default: 0
Parameter: CPXPARAM_MIP_Cuts_Disjunctive, Values: -1 0 1 , Default: 0
Parameter: CPXPARAM_MIP_Cuts_FlowCovers, Values: -1 0 1 2 , Default: 0
Parameter: CPXPARAM_MIP_Cuts_PathCut, Values: -1 0 1 2 , Default: 0
Parameter: CPXPARAM_MIP_Cuts_GUBCovers, Values: -1 0 1 2 , Default: 0
Parameter: CPXPARAM_MIP_Cuts_Gomory, Values: -1 0 1 2 , Default: 0
Parameter: CPXPARAM_MIP_Limits_GomoryCand, Values: 10 25 50 100 150 200 400 800 , Default: 200

[INFO]:[19:05:55] Default configuration created with default parameter values.
[DEBUG]:[19:05:55] After adding selected to tuned via running, Tuned Parameters:
[DEBUG]:[19:05:55] Printing 0 parameters:

[DEBUG]:[19:05:55] After adding selected to tuned via running, Selected Parameters:
[DEBUG]:[19:05:55] Printing 10 parameters:
Parameter: CPXPARAM_Emphasis_MIP, Values: 0 1 2 3 4 5 , Default: 0
Parameter: CPXPARAM_MIP_Cuts_Cliques, Values: -1 0 1 2 3 , Default: 0
Parameter: CPXPARAM_MIP_Cuts_MIRCut, Values: -1 0 1 2 , Default: 0
Parameter: CPXPARAM_MIP_Cuts_Implied, Values: -1 0 1 2 , Default: 0
Parameter: CPXPARAM_MIP_Cuts_Disjunctive, Values: -1 0 1 , Default: 0
Parameter: CPXPARAM_MIP_Cuts_FlowCovers, Values: -1 0 1 2 , Default: 0
Parameter: CPXPARAM_MIP_Cuts_PathCut, Values: -1 0 1 2 , Default: 0
Parameter: CPXPARAM_MIP_Cuts_GUBCovers, Values: -1 0 1 2 , Default: 0
Parameter: CPXPARAM_MIP_Cuts_Gomory, Values: -1 0 1 2 , Default: 0
Parameter: CPXPARAM_MIP_Limits_GomoryCand, Values: 10 25 50 100 150 200 400 800 , Default: 200

[INFO]:[19:05:55] Writing parameter IDs of configuration to file: /scratch/yorig/mpils-results-grid-ticks-10000-7may/medium-1/16proc-16pils/seed-8/9_neos-3024952-loue_seed-8_20260510_190554/parameter_ids.txt
[INFO]:[19:05:55] Finished writing parameter IDs to file: /scratch/yorig/mpils-results-grid-ticks-10000-7may/medium-1/16proc-16pils/seed-8/9_neos-3024952-loue_seed-8_20260510_190554/parameter_ids.txt
[INFO]:[19:05:55] Tuner setup complete.
[INFO]:[19:05:55] Running the MPILS tuner
[INFO]:[19:05:55] Starting iteration 1
[INFO]:[19:05:55] Starting exploration phase...
[INFO]:[19:05:55] Selecting number of evaluations for tuning phase...
[INFO]:[19:05:55] Selecting initial configurations for tuning phase...
[INFO]:[19:05:55] No best exploration configuration without MIP start in memory; using default master ILS initial configuration.
[INFO]:[19:05:55] Worker 1 global-best exploration initial configuration matches master; using a random diversified initial configuration.
[INFO]:[19:05:55] Number of evaluations for this tuning phase: 20
[INFO]:[19:05:55] ILS shared cache is disabled for this exploration phase.
[INFO]:[19:05:55] Local search backend for this exploration phase: iterated_local_search
[INFO]:[19:05:55] Running IteratedLocalSearch Engine...
[INFO]:[19:05:55] Mip start is disabled for this iteration.
[INFO]:[19:05:55] Writing ILS search space file for worker 0...
[INFO]:[19:05:55] ILS search space file written: /scratch/yorig/mpils-results-grid-ticks-10000-7may/medium-1/16proc-16pils/seed-8/9_neos-3024952-loue_seed-8_20260510_190554/iterated_local_search/search_space/search_space_file_1.txt
[INFO]:[19:05:55] Writing ILS search space file for worker 1...
[INFO]:[19:05:55] ILS search space file written: /scratch/yorig/mpils-results-grid-ticks-10000-7may/medium-1/16proc-16pils/seed-8/9_neos-3024952-loue_seed-8_20260510_190554/iterated_local_search/search_space/search_space_file_1_worker_1.txt
[INFO]:[19:05:55] Writing ILS search space file for worker 2...
[INFO]:[19:05:55] ILS search space file written: /scratch/yorig/mpils-results-grid-ticks-10000-7may/medium-1/16proc-16pils/seed-8/9_neos-3024952-loue_seed-8_20260510_190554/iterated_local_search/search_space/search_space_file_1_worker_2.txt
[INFO]:[19:05:55] Writing ILS search space file for worker 3...
[INFO]:[19:05:55] ILS search space file written: /scratch/yorig/mpils-results-grid-ticks-10000-7may/medium-1/16proc-16pils/seed-8/9_neos-3024952-loue_seed-8_20260510_190554/iterated_local_search/search_space/search_space_file_1_worker_3.txt
[INFO]:[19:05:55] Writing ILS search space file for worker 4...
[INFO]:[19:05:55] ILS search space file written: /scratch/yorig/mpils-results-grid-ticks-10000-7may/medium-1/16proc-16pils/seed-8/9_neos-3024952-loue_seed-8_20260510_190554/iterated_local_search/search_space/search_space_file_1_worker_4.txt
[INFO]:[19:05:55] Writing ILS search space file for worker 5...
[INFO]:[19:05:55] ILS search space file written: /scratch/yorig/mpils-results-grid-ticks-10000-7may/medium-1/16proc-16pils/seed-8/9_neos-3024952-loue_seed-8_20260510_190554/iterated_local_search/search_space/search_space_file_1_worker_5.txt
[INFO]:[19:05:55] Writing ILS search space file for worker 6...
[INFO]:[19:05:55] ILS search space file written: /scratch/yorig/mpils-results-grid-ticks-10000-7may/medium-1/16proc-16pils/seed-8/9_neos-3024952-loue_seed-8_20260510_190554/iterated_local_search/search_space/search_space_file_1_worker_6.txt
[INFO]:[19:05:55] Writing ILS search space file for worker 7...
[INFO]:[19:05:55] ILS search space file written: /scratch/yorig/mpils-results-grid-ticks-10000-7may/medium-1/16proc-16pils/seed-8/9_neos-3024952-loue_seed-8_20260510_190554/iterated_local_search/search_space/search_space_file_1_worker_7.txt
[INFO]:[19:05:55] Writing ILS search space file for worker 8...
[INFO]:[19:05:55] ILS search space file written: /scratch/yorig/mpils-results-grid-ticks-10000-7may/medium-1/16proc-16pils/seed-8/9_neos-3024952-loue_seed-8_20260510_190554/iterated_local_search/search_space/search_space_file_1_worker_8.txt
[INFO]:[19:05:55] Writing ILS search space file for worker 9...
[INFO]:[19:05:55] ILS search space file written: /scratch/yorig/mpils-results-grid-ticks-10000-7may/medium-1/16proc-16pils/seed-8/9_neos-3024952-loue_seed-8_20260510_190554/iterated_local_search/search_space/search_space_file_1_worker_9.txt
[INFO]:[19:05:55] Writing ILS search space file for worker 10...
[INFO]:[19:05:55] ILS search space file written: /scratch/yorig/mpils-results-grid-ticks-10000-7may/medium-1/16proc-16pils/seed-8/9_neos-3024952-loue_seed-8_20260510_190554/iterated_local_search/search_space/search_space_file_1_worker_10.txt
[INFO]:[19:05:55] Writing ILS search space file for worker 11...
[INFO]:[19:05:55] ILS search space file written: /scratch/yorig/mpils-results-grid-ticks-10000-7may/medium-1/16proc-16pils/seed-8/9_neos-3024952-loue_seed-8_20260510_190554/iterated_local_search/search_space/search_space_file_1_worker_11.txt
[INFO]:[19:05:55] Writing ILS search space file for worker 12...
[INFO]:[19:05:55] ILS search space file written: /scratch/yorig/mpils-results-grid-ticks-10000-7may/medium-1/16proc-16pils/seed-8/9_neos-3024952-loue_seed-8_20260510_190554/iterated_local_search/search_space/search_space_file_1_worker_12.txt
[INFO]:[19:05:55] Writing ILS search space file for worker 13...
[INFO]:[19:05:55] ILS search space file written: /scratch/yorig/mpils-results-grid-ticks-10000-7may/medium-1/16proc-16pils/seed-8/9_neos-3024952-loue_seed-8_20260510_190554/iterated_local_search/search_space/search_space_file_1_worker_13.txt
[INFO]:[19:05:55] Writing ILS search space file for worker 14...
[INFO]:[19:05:55] ILS search space file written: /scratch/yorig/mpils-results-grid-ticks-10000-7may/medium-1/16proc-16pils/seed-8/9_neos-3024952-loue_seed-8_20260510_190554/iterated_local_search/search_space/search_space_file_1_worker_14.txt
[INFO]:[19:05:55] Writing ILS search space file for worker 15...
[INFO]:[19:05:55] ILS search space file written: /scratch/yorig/mpils-results-grid-ticks-10000-7may/medium-1/16proc-16pils/seed-8/9_neos-3024952-loue_seed-8_20260510_190554/iterated_local_search/search_space/search_space_file_1_worker_15.txt
[INFO]:[19:05:55] Launching Local Search Workers via MPI...
[INFO]:[19:05:55] Local Search Workers launched.
[INFO]:[19:05:55] Starting local search phase...
[INFO]:[19:05:55] Creating local search space from parameter space file: /scratch/yorig/mpils-results-grid-ticks-10000-7may/medium-1/16proc-16pils/seed-8/9_neos-3024952-loue_seed-8_20260510_190554/iterated_local_search/search_space/search_space_file_1.txt
[INFO]:[19:05:55] Local search space loaded from file: /scratch/yorig/mpils-results-grid-ticks-10000-7may/medium-1/16proc-16pils/seed-8/9_neos-3024952-loue_seed-8_20260510_190554/iterated_local_search/search_space/search_space_file_1.txt
[INFO]:[19:05:55] Number of parameters in local search space: 71
[INFO]:[19:05:55] Number of forbidden tuples in local search space: 0
[INFO]:[19:05:55] Number of conditionals in local search space: 6
[INFO]:[19:05:55] MIP start option not enabled. Local search will proceed without MIP start.
[INFO]:[19:05:55] Starting CPLEX solver on instance: /home/yorig/tuner/mpils-tests/instances/miplib/medium-1/neos-3024952-loue.mps with config: /scratch/yorig/mpils-results-grid-ticks-10000-7may/medium-1/16proc-16pils/seed-8/9_neos-3024952-loue_seed-8_20260510_190554/iterated_local_search/run_1_worker_0/ils_config_14921508010286178949.prm
[INFO]:[19:05:55] Starting CPLEX solver on instance: /home/yorig/tuner/mpils-tests/instances/miplib/medium-1/neos-3024952-loue.mps with config: /scratch/yorig/mpils-results-grid-ticks-10000-7may/medium-1/16proc-16pils/seed-8/9_neos-3024952-loue_seed-8_20260510_190554/iterated_local_search/run_1_worker_0/ils_config_14921508010286178949.prm
[INFO]:[19:06:02] CPLEX results. Gap: 10.530000, upper bound: 29320.000000, lower bound: 26234.040818
[INFO]:[19:06:02] CPLEX solver finished. Gap: 10.530000
[INFO]:[19:06:03] New incumbent found with objective value: 8.17
[INFO]:[19:06:04] Starting CPLEX solver on instance: /home/yorig/tuner/mpils-tests/instances/miplib/medium-1/neos-3024952-loue.mps with config: /scratch/yorig/mpils-results-grid-ticks-10000-7may/medium-1/16proc-16pils/seed-8/9_neos-3024952-loue_seed-8_20260510_190554/iterated_local_search/run_1_worker_0/ils_config_11935172780792690046.prm
[INFO]:[19:06:04] Starting CPLEX solver on instance: /home/yorig/tuner/mpils-tests/instances/miplib/medium-1/neos-3024952-loue.mps with config: /scratch/yorig/mpils-results-grid-ticks-10000-7may/medium-1/16proc-16pils/seed-8/9_neos-3024952-loue_seed-8_20260510_190554/iterated_local_search/run_1_worker_0/ils_config_11935172780792690046.prm
[INFO]:[19:06:11] CPLEX results. Gap: 8.170000, upper bound: 28506.000000, lower bound: 26177.703015
[INFO]:[19:06:11] CPLEX solver finished. Gap: 8.170000
[INFO]:[19:06:11] Local search phase completed.
[INFO]:[19:06:11] Total number of new local-search evaluations: 32
[INFO]:[19:06:11] Final incumbent objective value: 8.17
[INFO]:[19:06:11] recordEvaluation produced_mip_start=0 mip_start_file=''
[INFO]:[19:06:11] ***************
[INFO]:[19:06:11] New best evaluation without MIP start found at time 7s, with objective 10.53 and configuration ID 14921508010286178949
[INFO]:[19:06:11] With config: 14921508010286178949 -> 
Configuration: CPXPARAM_Advance=1 CPXPARAM_Barrier_Algorithm=0 CPXPARAM_Barrier_ColNonzeros=0 CPXPARAM_Barrier_Crossover=0 CPXPARAM_Barrier_Limits_Corrections=-1 CPXPARAM_Barrier_Ordering=0 CPXPARAM_Barrier_StartAlg=1 CPXPARAM_Emphasis_MIP=0 CPXPARAM_Emphasis_Memory=0 CPXPARAM_Emphasis_Numerical=0 CPXPARAM_Feasopt_Mode=0 CPXPARAM_LPMethod=0 CPXPARAM_MIP_Cuts_Cliques=0 CPXPARAM_MIP_Cuts_Covers=0 CPXPARAM_MIP_Cuts_Disjunctive=0 CPXPARAM_MIP_Cuts_FlowCovers=0 CPXPARAM_MIP_Cuts_GUBCovers=0 CPXPARAM_MIP_Cuts_Gomory=0 CPXPARAM_MIP_Cuts_Implied=0 CPXPARAM_MIP_Cuts_MIRCut=0 CPXPARAM_MIP_Cuts_PathCut=0 CPXPARAM_MIP_Limits_AggForCut=3 CPXPARAM_MIP_Limits_CutPasses=0 CPXPARAM_MIP_Limits_CutsFactor=-1 CPXPARAM_MIP_Limits_GomoryCand=200 CPXPARAM_MIP_Limits_GomoryPass=0 CPXPARAM_MIP_Limits_Nodes=9223372036800000000 CPXPARAM_MIP_Limits_ProbeTime=1e+75 CPXPARAM_MIP_Limits_RepairTries=0 CPXPARAM_MIP_Limits_StrongCand=10 CPXPARAM_MIP_Limits_StrongIt=0 CPXPARAM_MIP_OrderType=0 CPXPARAM_MIP_Strategy_BBInterval=7 CPXPARAM_MIP_Strategy_Branch=0 CPXPARAM_MIP_Strategy_Dive=0 CPXPARAM_MIP_Strategy_File=1 CPXPARAM_MIP_Strategy_HeuristicFreq=0 CPXPARAM_MIP_Strategy_LBHeur=0 CPXPARAM_MIP_Strategy_NodeSelect=1 CPXPARAM_MIP_Strategy_Order=1 CPXPARAM_MIP_Strategy_PresolveNode=0 CPXPARAM_MIP_Strategy_Probe=0 CPXPARAM_MIP_Strategy_RINSHeur=0 CPXPARAM_MIP_Strategy_StartAlgorithm=0 CPXPARAM_MIP_Strategy_SubAlgorithm=0 CPXPARAM_MIP_Strategy_VariableSelect=0 CPXPARAM_Network_NetFind=2 CPXPARAM_Network_Pricing=0 CPXPARAM_Parallel=1 CPXPARAM_Preprocessing_Aggregator=-1 CPXPARAM_Preprocessing_BoundStrength=-1 CPXPARAM_Preprocessing_CoeffReduce=-1 CPXPARAM_Preprocessing_Dependency=-1 CPXPARAM_Preprocessing_Dual=0 CPXPARAM_Preprocessing_Fill=10 CPXPARAM_Preprocessing_NumPass=-1 CPXPARAM_Preprocessing_Presolve=1 CPXPARAM_Preprocessing_QPMakePSD=1 CPXPARAM_Preprocessing_Reduce=3 CPXPARAM_Preprocessing_Relax=-1 CPXPARAM_Preprocessing_RepeatPresolve=-1 CPXPARAM_Preprocessing_Symmetry=-1 CPXPARAM_Read_Scale=0 CPXPARAM_Sifting_Algorithm=0 CPXPARAM_Simplex_Crash=1 CPXPARAM_Simplex_DGradient=0 CPXPARAM_Simplex_Limits_Perturbation=0 CPXPARAM_Simplex_Limits_Singularity=10 CPXPARAM_Simplex_PGradient=0 CPXPARAM_Simplex_Pricing=0 CPXPARAM_Simplex_Refactor=0 | MIP Start: No 
[INFO]:[19:06:11] ***************
[DEBUG]:[19:06:11] Added evaluation to memory with objective: 10.53, ConfigId: 14921508010286178949, EvalId: 1. Total evaluations stored: 1
[INFO]:[19:06:11] recordEvaluation produced_mip_start=0 mip_start_file=''
[DEBUG]:[19:06:11] Added evaluation to memory with objective: 20.53, ConfigId: 4443219237598431304, EvalId: 2. Total evaluations stored: 2
[INFO]:[19:06:11] recordEvaluation produced_mip_start=0 mip_start_file=''
[DEBUG]:[19:06:11] Added evaluation to memory with objective: 18.51, ConfigId: 1303027284993880977, EvalId: 3. Total evaluations stored: 3
[INFO]:[19:06:11] recordEvaluation produced_mip_start=0 mip_start_file=''
[DEBUG]:[19:06:11] Added evaluation to memory with objective: 10.98, ConfigId: 13097180394097909329, EvalId: 4. Total evaluations stored: 4
[INFO]:[19:06:11] recordEvaluation produced_mip_start=0 mip_start_file=''
[DEBUG]:[19:06:11] Added evaluation to memory with objective: 10.91, ConfigId: 1017694727300954731, EvalId: 5. Total evaluations stored: 5
[INFO]:[19:06:11] recordEvaluation produced_mip_start=0 mip_start_file=''
[DEBUG]:[19:06:11] Added evaluation to memory with objective: 19.18, ConfigId: 4486760043647510131, EvalId: 6. Total evaluations stored: 6
[INFO]:[19:06:11] recordEvaluation produced_mip_start=0 mip_start_file=''
[INFO]:[19:06:11] ***************
[INFO]:[19:06:11] New best evaluation without MIP start found at time 7s, with objective 9.67 and configuration ID 16207798760087983377
[INFO]:[19:06:11] With config: 16207798760087983377 -> 
Configuration: CPXPARAM_Advance=1 CPXPARAM_Barrier_Algorithm=0 CPXPARAM_Barrier_ColNonzeros=0 CPXPARAM_Barrier_Crossover=0 CPXPARAM_Barrier_Limits_Corrections=-1 CPXPARAM_Barrier_Ordering=0 CPXPARAM_Barrier_StartAlg=1 CPXPARAM_Emphasis_MIP=0 CPXPARAM_Emphasis_Memory=0 CPXPARAM_Emphasis_Numerical=0 CPXPARAM_Feasopt_Mode=0 CPXPARAM_LPMethod=0 CPXPARAM_MIP_Cuts_Cliques=2 CPXPARAM_MIP_Cuts_Covers=0 CPXPARAM_MIP_Cuts_Disjunctive=-1 CPXPARAM_MIP_Cuts_FlowCovers=1 CPXPARAM_MIP_Cuts_GUBCovers=1 CPXPARAM_MIP_Cuts_Gomory=-1 CPXPARAM_MIP_Cuts_Implied=2 CPXPARAM_MIP_Cuts_MIRCut=1 CPXPARAM_MIP_Cuts_PathCut=0 CPXPARAM_MIP_Limits_AggForCut=3 CPXPARAM_MIP_Limits_CutPasses=0 CPXPARAM_MIP_Limits_CutsFactor=-1 CPXPARAM_MIP_Limits_GomoryCand=200 CPXPARAM_MIP_Limits_GomoryPass=0 CPXPARAM_MIP_Limits_Nodes=9223372036800000000 CPXPARAM_MIP_Limits_ProbeTime=1e+75 CPXPARAM_MIP_Limits_RepairTries=0 CPXPARAM_MIP_Limits_StrongCand=10 CPXPARAM_MIP_Limits_StrongIt=0 CPXPARAM_MIP_OrderType=0 CPXPARAM_MIP_Strategy_BBInterval=7 CPXPARAM_MIP_Strategy_Branch=0 CPXPARAM_MIP_Strategy_Dive=0 CPXPARAM_MIP_Strategy_File=1 CPXPARAM_MIP_Strategy_HeuristicFreq=0 CPXPARAM_MIP_Strategy_LBHeur=0 CPXPARAM_MIP_Strategy_NodeSelect=1 CPXPARAM_MIP_Strategy_Order=1 CPXPARAM_MIP_Strategy_PresolveNode=0 CPXPARAM_MIP_Strategy_Probe=0 CPXPARAM_MIP_Strategy_RINSHeur=0 CPXPARAM_MIP_Strategy_StartAlgorithm=0 CPXPARAM_MIP_Strategy_SubAlgorithm=0 CPXPARAM_MIP_Strategy_VariableSelect=0 CPXPARAM_Network_NetFind=2 CPXPARAM_Network_Pricing=0 CPXPARAM_Parallel=1 CPXPARAM_Preprocessing_Aggregator=-1 CPXPARAM_Preprocessing_BoundStrength=-1 CPXPARAM_Preprocessing_CoeffReduce=-1 CPXPARAM_Preprocessing_Dependency=-1 CPXPARAM_Preprocessing_Dual=0 CPXPARAM_Preprocessing_Fill=10 CPXPARAM_Preprocessing_NumPass=-1 CPXPARAM_Preprocessing_Presolve=1 CPXPARAM_Preprocessing_QPMakePSD=1 CPXPARAM_Preprocessing_Reduce=3 CPXPARAM_Preprocessing_Relax=-1 CPXPARAM_Preprocessing_RepeatPresolve=-1 CPXPARAM_Preprocessing_Symmetry=-1 CPXPARAM_Read_Scale=0 CPXPARAM_Sifting_Algorithm=0 CPXPARAM_Simplex_Crash=1 CPXPARAM_Simplex_DGradient=0 CPXPARAM_Simplex_Limits_Perturbation=0 CPXPARAM_Simplex_Limits_Singularity=10 CPXPARAM_Simplex_PGradient=0 CPXPARAM_Simplex_Pricing=0 CPXPARAM_Simplex_Refactor=0 | MIP Start: No 
[INFO]:[19:06:11] ***************
[DEBUG]:[19:06:11] Added evaluation to memory with objective: 9.67, ConfigId: 16207798760087983377, EvalId: 7. Total evaluations stored: 7
[INFO]:[19:06:11] recordEvaluation produced_mip_start=0 mip_start_file=''
[DEBUG]:[19:06:11] Added evaluation to memory with objective: 14.5, ConfigId: 7916839182953535277, EvalId: 8. Total evaluations stored: 8
[INFO]:[19:06:11] recordEvaluation produced_mip_start=0 mip_start_file=''
[DEBUG]:[19:06:11] Added evaluation to memory with objective: 1.79769e+308, ConfigId: 7457414662835651722, EvalId: 9. Total evaluations stored: 9
[INFO]:[19:06:11] recordEvaluation produced_mip_start=0 mip_start_file=''
[DEBUG]:[19:06:11] Added evaluation to memory with objective: 15.89, ConfigId: 14973645376033679461, EvalId: 10. Total evaluations stored: 10
[INFO]:[19:06:11] recordEvaluation produced_mip_start=0 mip_start_file=''
[DEBUG]:[19:06:11] Added evaluation to memory with objective: 16.72, ConfigId: 9740122109214912572, EvalId: 11. Total evaluations stored: 11
[INFO]:[19:06:11] recordEvaluation produced_mip_start=0 mip_start_file=''
[DEBUG]:[19:06:11] Added evaluation to memory with objective: 12.14, ConfigId: 16293252252774115352, EvalId: 12. Total evaluations stored: 12
[INFO]:[19:06:11] recordEvaluation produced_mip_start=0 mip_start_file=''
[INFO]:[19:06:11] ***************
[INFO]:[19:06:11] New best evaluation without MIP start found at time 8s, with objective 8.17 and configuration ID 75360519571717534
[INFO]:[19:06:11] With config: 75360519571717534 -> 
Configuration: CPXPARAM_Advance=1 CPXPARAM_Barrier_Algorithm=0 CPXPARAM_Barrier_ColNonzeros=0 CPXPARAM_Barrier_Crossover=0 CPXPARAM_Barrier_Limits_Corrections=-1 CPXPARAM_Barrier_Ordering=0 CPXPARAM_Barrier_StartAlg=1 CPXPARAM_Emphasis_MIP=2 CPXPARAM_Emphasis_Memory=0 CPXPARAM_Emphasis_Numerical=0 CPXPARAM_Feasopt_Mode=0 CPXPARAM_LPMethod=0 CPXPARAM_MIP_Cuts_Cliques=2 CPXPARAM_MIP_Cuts_Covers=0 CPXPARAM_MIP_Cuts_Disjunctive=0 CPXPARAM_MIP_Cuts_FlowCovers=1 CPXPARAM_MIP_Cuts_GUBCovers=-1 CPXPARAM_MIP_Cuts_Gomory=1 CPXPARAM_MIP_Cuts_Implied=1 CPXPARAM_MIP_Cuts_MIRCut=0 CPXPARAM_MIP_Cuts_PathCut=0 CPXPARAM_MIP_Limits_AggForCut=3 CPXPARAM_MIP_Limits_CutPasses=0 CPXPARAM_MIP_Limits_CutsFactor=-1 CPXPARAM_MIP_Limits_GomoryCand=100 CPXPARAM_MIP_Limits_GomoryPass=0 CPXPARAM_MIP_Limits_Nodes=9223372036800000000 CPXPARAM_MIP_Limits_ProbeTime=1e+75 CPXPARAM_MIP_Limits_RepairTries=0 CPXPARAM_MIP_Limits_StrongCand=10 CPXPARAM_MIP_Limits_StrongIt=0 CPXPARAM_MIP_OrderType=0 CPXPARAM_MIP_Strategy_BBInterval=7 CPXPARAM_MIP_Strategy_Branch=0 CPXPARAM_MIP_Strategy_Dive=0 CPXPARAM_MIP_Strategy_File=1 CPXPARAM_MIP_Strategy_HeuristicFreq=0 CPXPARAM_MIP_Strategy_LBHeur=0 CPXPARAM_MIP_Strategy_NodeSelect=1 CPXPARAM_MIP_Strategy_Order=1 CPXPARAM_MIP_Strategy_PresolveNode=0 CPXPARAM_MIP_Strategy_Probe=0 CPXPARAM_MIP_Strategy_RINSHeur=0 CPXPARAM_MIP_Strategy_StartAlgorithm=0 CPXPARAM_MIP_Strategy_SubAlgorithm=0 CPXPARAM_MIP_Strategy_VariableSelect=0 CPXPARAM_Network_NetFind=2 CPXPARAM_Network_Pricing=0 CPXPARAM_Parallel=1 CPXPARAM_Preprocessing_Aggregator=-1 CPXPARAM_Preprocessing_BoundStrength=-1 CPXPARAM_Preprocessing_CoeffReduce=-1 CPXPARAM_Preprocessing_Dependency=-1 CPXPARAM_Preprocessing_Dual=0 CPXPARAM_Preprocessing_Fill=10 CPXPARAM_Preprocessing_NumPass=-1 CPXPARAM_Preprocessing_Presolve=1 CPXPARAM_Preprocessing_QPMakePSD=1 CPXPARAM_Preprocessing_Reduce=3 CPXPARAM_Preprocessing_Relax=-1 CPXPARAM_Preprocessing_RepeatPresolve=-1 CPXPARAM_Preprocessing_Symmetry=-1 CPXPARAM_Read_Scale=0 CPXPARAM_Sifting_Algorithm=0 CPXPARAM_Simplex_Crash=1 CPXPARAM_Simplex_DGradient=0 CPXPARAM_Simplex_Limits_Perturbation=0 CPXPARAM_Simplex_Limits_Singularity=10 CPXPARAM_Simplex_PGradient=0 CPXPARAM_Simplex_Pricing=0 CPXPARAM_Simplex_Refactor=0 | MIP Start: No 
[INFO]:[19:06:11] ***************
[DEBUG]:[19:06:11] Added evaluation to memory with objective: 8.17, ConfigId: 75360519571717534, EvalId: 13. Total evaluations stored: 13
[INFO]:[19:06:11] recordEvaluation produced_mip_start=0 mip_start_file=''
[DEBUG]:[19:06:11] Added evaluation to memory with objective: 1.79769e+308, ConfigId: 1692089695054216734, EvalId: 14. Total evaluations stored: 14
[INFO]:[19:06:11] recordEvaluation produced_mip_start=0 mip_start_file=''
[DEBUG]:[19:06:11] Added evaluation to memory with objective: 19.25, ConfigId: 3450967183178638356, EvalId: 15. Total evaluations stored: 15
[INFO]:[19:06:11] recordEvaluation produced_mip_start=0 mip_start_file=''
[DEBUG]:[19:06:11] Added evaluation to memory with objective: 1.79769e+308, ConfigId: 3006441189345569592, EvalId: 16. Total evaluations stored: 16
[INFO]:[19:06:11] recordEvaluation produced_mip_start=0 mip_start_file=''
[DEBUG]:[19:06:11] Added evaluation to memory with objective: 8.17, ConfigId: 11935172780792690046, EvalId: 17. Total evaluations stored: 17
[INFO]:[19:06:11] recordEvaluation produced_mip_start=0 mip_start_file=''
[DEBUG]:[19:06:11] Added evaluation to memory with objective: 12.66, ConfigId: 8222270479331594125, EvalId: 18. Total evaluations stored: 18
[INFO]:[19:06:11] recordEvaluation produced_mip_start=0 mip_start_file=''
[DEBUG]:[19:06:11] Added evaluation to memory with objective: 8.17, ConfigId: 10458654640082770485, EvalId: 19. Total evaluations stored: 19
[INFO]:[19:06:11] recordEvaluation produced_mip_start=0 mip_start_file=''
[DEBUG]:[19:06:11] Added evaluation to memory with objective: 8.17, ConfigId: 15690357224397215258, EvalId: 20. Total evaluations stored: 20
[INFO]:[19:06:11] recordEvaluation produced_mip_start=0 mip_start_file=''
[DEBUG]:[19:06:11] Added evaluation to memory with objective: 13.16, ConfigId: 7243720736426560610, EvalId: 21. Total evaluations stored: 21
[INFO]:[19:06:11] recordEvaluation produced_mip_start=0 mip_start_file=''
[DEBUG]:[19:06:11] Added evaluation to memory with objective: 11.13, ConfigId: 15643286023152726508, EvalId: 22. Total evaluations stored: 22
[INFO]:[19:06:11] recordEvaluation produced_mip_start=0 mip_start_file=''
[DEBUG]:[19:06:11] Added evaluation to memory with objective: 17.71, ConfigId: 3671498355634084831, EvalId: 23. Total evaluations stored: 23
[INFO]:[19:06:11] recordEvaluation produced_mip_start=0 mip_start_file=''
[DEBUG]:[19:06:11] Added evaluation to memory with objective: 11.2, ConfigId: 5632919578482234214, EvalId: 24. Total evaluations stored: 24
[INFO]:[19:06:11] recordEvaluation produced_mip_start=0 mip_start_file=''
[DEBUG]:[19:06:11] Added evaluation to memory with objective: 11.2, ConfigId: 12124082735088996198, EvalId: 25. Total evaluations stored: 25
[INFO]:[19:06:11] recordEvaluation produced_mip_start=0 mip_start_file=''
[DEBUG]:[19:06:11] Added evaluation to memory with objective: 8.17, ConfigId: 16416093374608619049, EvalId: 26. Total evaluations stored: 26
[INFO]:[19:06:11] recordEvaluation produced_mip_start=0 mip_start_file=''
[DEBUG]:[19:06:11] Added evaluation to memory with objective: 8.17, ConfigId: 7907839887716162532, EvalId: 27. Total evaluations stored: 27
[INFO]:[19:06:11] recordEvaluation produced_mip_start=0 mip_start_file=''
[DEBUG]:[19:06:11] Added evaluation to memory with objective: 8.2, ConfigId: 9997477702892008471, EvalId: 28. Total evaluations stored: 28
[INFO]:[19:06:11] recordEvaluation produced_mip_start=0 mip_start_file=''
[DEBUG]:[19:06:11] Added evaluation to memory with objective: 14.56, ConfigId: 10770681676174212411, EvalId: 29. Total evaluations stored: 29
[INFO]:[19:06:11] recordEvaluation produced_mip_start=0 mip_start_file=''
[DEBUG]:[19:06:11] Added evaluation to memory with objective: 8.17, ConfigId: 6351755325122564624, EvalId: 30. Total evaluations stored: 30
[INFO]:[19:06:11] recordEvaluation produced_mip_start=0 mip_start_file=''
[DEBUG]:[19:06:11] Added evaluation to memory with objective: 1.79769e+308, ConfigId: 16559549161038298769, EvalId: 31. Total evaluations stored: 31
[INFO]:[19:06:11] recordEvaluation produced_mip_start=0 mip_start_file=''
[DEBUG]:[19:06:11] Added evaluation to memory with objective: 9.31, ConfigId: 14067170180218231155, EvalId: 32. Total evaluations stored: 32
[INFO]:[19:06:11] Waiting for Local Search Workers via MPI...
[INFO]:[19:06:11] Local Search Workers have completed.
[INFO]:[19:06:11] IteratedLocalSearch Engine completed.
[INFO]:[19:06:11] Added32 evaluations to memory from exploration phase at iteration 1
[INFO]:[19:06:11] Exploration phase completed.
[INFO]:[19:06:11] Starting expansion phase...
[INFO]:[19:06:11] Selecting parameters for expansion phase...
[INFO]:[19:06:11] Selected expansion parameters: 10
[INFO]:[19:06:11] Creating configuration files for expansion parameters...
[INFO]:[19:06:11] Creating configurations for parameter: CPXPARAM_MIP_Strategy_Probe
[DEBUG]:[19:06:11] Parameter CPXPARAM_MIP_Strategy_Probe will be evaluated on 4 alternative value(s) after excluding the current base configuration value.
[DEBUG]:[19:06:11] Created configuration file for parameter CPXPARAM_MIP_Strategy_Probe with value -1 at /scratch/yorig/mpils-results-grid-ticks-10000-7may/medium-1/16proc-16pils/seed-8/9_neos-3024952-loue_seed-8_20260510_190554/expansion/config_param_CPXPARAM_MIP_Strategy_Probe_-1_iter_1.prm
[DEBUG]:[19:06:11] Created configuration file for parameter CPXPARAM_MIP_Strategy_Probe with value 1 at /scratch/yorig/mpils-results-grid-ticks-10000-7may/medium-1/16proc-16pils/seed-8/9_neos-3024952-loue_seed-8_20260510_190554/expansion/config_param_CPXPARAM_MIP_Strategy_Probe_1_iter_1.prm
[DEBUG]:[19:06:11] Created configuration file for parameter CPXPARAM_MIP_Strategy_Probe with value 2 at /scratch/yorig/mpils-results-grid-ticks-10000-7may/medium-1/16proc-16pils/seed-8/9_neos-3024952-loue_seed-8_20260510_190554/expansion/config_param_CPXPARAM_MIP_Strategy_Probe_2_iter_1.prm
[DEBUG]:[19:06:11] Created configuration file for parameter CPXPARAM_MIP_Strategy_Probe with value 3 at /scratch/yorig/mpils-results-grid-ticks-10000-7may/medium-1/16proc-16pils/seed-8/9_neos-3024952-loue_seed-8_20260510_190554/expansion/config_param_CPXPARAM_MIP_Strategy_Probe_3_iter_1.prm
[INFO]:[19:06:11] Creating configurations for parameter: CPXPARAM_MIP_Cuts_Covers
[DEBUG]:[19:06:11] Parameter CPXPARAM_MIP_Cuts_Covers will be evaluated on 4 alternative value(s) after excluding the current base configuration value.
[DEBUG]:[19:06:11] Created configuration file for parameter CPXPARAM_MIP_Cuts_Covers with value -1 at /scratch/yorig/mpils-results-grid-ticks-10000-7may/medium-1/16proc-16pils/seed-8/9_neos-3024952-loue_seed-8_20260510_190554/expansion/config_param_CPXPARAM_MIP_Cuts_Covers_-1_iter_1.prm
[DEBUG]:[19:06:11] Created configuration file for parameter CPXPARAM_MIP_Cuts_Covers with value 1 at /scratch/yorig/mpils-results-grid-ticks-10000-7may/medium-1/16proc-16pils/seed-8/9_neos-3024952-loue_seed-8_20260510_190554/expansion/config_param_CPXPARAM_MIP_Cuts_Covers_1_iter_1.prm
[DEBUG]:[19:06:11] Created configuration file for parameter CPXPARAM_MIP_Cuts_Covers with value 2 at /scratch/yorig/mpils-results-grid-ticks-10000-7may/medium-1/16proc-16pils/seed-8/9_neos-3024952-loue_seed-8_20260510_190554/expansion/config_param_CPXPARAM_MIP_Cuts_Covers_2_iter_1.prm
[DEBUG]:[19:06:11] Created configuration file for parameter CPXPARAM_MIP_Cuts_Covers with value 3 at /scratch/yorig/mpils-results-grid-ticks-10000-7may/medium-1/16proc-16pils/seed-8/9_neos-3024952-loue_seed-8_20260510_190554/expansion/config_param_CPXPARAM_MIP_Cuts_Covers_3_iter_1.prm
[INFO]:[19:06:11] Creating configurations for parameter: CPXPARAM_MIP_Strategy_VariableSelect
[DEBUG]:[19:06:11] Parameter CPXPARAM_MIP_Strategy_VariableSelect will be evaluated on 5 alternative value(s) after excluding the current base configuration value.
[DEBUG]:[19:06:11] Created configuration file for parameter CPXPARAM_MIP_Strategy_VariableSelect with value -1 at /scratch/yorig/mpils-results-grid-ticks-10000-7may/medium-1/16proc-16pils/seed-8/9_neos-3024952-loue_seed-8_20260510_190554/expansion/config_param_CPXPARAM_MIP_Strategy_VariableSelect_-1_iter_1.prm
[DEBUG]:[19:06:11] Created configuration file for parameter CPXPARAM_MIP_Strategy_VariableSelect with value 1 at /scratch/yorig/mpils-results-grid-ticks-10000-7may/medium-1/16proc-16pils/seed-8/9_neos-3024952-loue_seed-8_20260510_190554/expansion/config_param_CPXPARAM_MIP_Strategy_VariableSelect_1_iter_1.prm
[DEBUG]:[19:06:11] Created configuration file for parameter CPXPARAM_MIP_Strategy_VariableSelect with value 2 at /scratch/yorig/mpils-results-grid-ticks-10000-7may/medium-1/16proc-16pils/seed-8/9_neos-3024952-loue_seed-8_20260510_190554/expansion/config_param_CPXPARAM_MIP_Strategy_VariableSelect_2_iter_1.prm
[DEBUG]:[19:06:11] Created configuration file for parameter CPXPARAM_MIP_Strategy_VariableSelect with value 3 at /scratch/yorig/mpils-results-grid-ticks-10000-7may/medium-1/16proc-16pils/seed-8/9_neos-3024952-loue_seed-8_20260510_190554/expansion/config_param_CPXPARAM_MIP_Strategy_VariableSelect_3_iter_1.prm
[DEBUG]:[19:06:11] Created configuration file for parameter CPXPARAM_MIP_Strategy_VariableSelect with value 4 at /scratch/yorig/mpils-results-grid-ticks-10000-7may/medium-1/16proc-16pils/seed-8/9_neos-3024952-loue_seed-8_20260510_190554/expansion/config_param_CPXPARAM_MIP_Strategy_VariableSelect_4_iter_1.prm
[INFO]:[19:06:11] Creating configurations for parameter: CPXPARAM_MIP_Strategy_NodeSelect
[DEBUG]:[19:06:11] Parameter CPXPARAM_MIP_Strategy_NodeSelect will be evaluated on 3 alternative value(s) after excluding the current base configuration value.
[DEBUG]:[19:06:11] Created configuration file for parameter CPXPARAM_MIP_Strategy_NodeSelect with value 0 at /scratch/yorig/mpils-results-grid-ticks-10000-7may/medium-1/16proc-16pils/seed-8/9_neos-3024952-loue_seed-8_20260510_190554/expansion/config_param_CPXPARAM_MIP_Strategy_NodeSelect_0_iter_1.prm
[DEBUG]:[19:06:11] Created configuration file for parameter CPXPARAM_MIP_Strategy_NodeSelect with value 2 at /scratch/yorig/mpils-results-grid-ticks-10000-7may/medium-1/16proc-16pils/seed-8/9_neos-3024952-loue_seed-8_20260510_190554/expansion/config_param_CPXPARAM_MIP_Strategy_NodeSelect_2_iter_1.prm
[DEBUG]:[19:06:11] Created configuration file for parameter CPXPARAM_MIP_Strategy_NodeSelect with value 3 at /scratch/yorig/mpils-results-grid-ticks-10000-7may/medium-1/16proc-16pils/seed-8/9_neos-3024952-loue_seed-8_20260510_190554/expansion/config_param_CPXPARAM_MIP_Strategy_NodeSelect_3_iter_1.prm
[INFO]:[19:06:11] Creating configurations for parameter: CPXPARAM_MIP_Strategy_Dive
[DEBUG]:[19:06:11] Parameter CPXPARAM_MIP_Strategy_Dive will be evaluated on 3 alternative value(s) after excluding the current base configuration value.
[DEBUG]:[19:06:11] Created configuration file for parameter CPXPARAM_MIP_Strategy_Dive with value 1 at /scratch/yorig/mpils-results-grid-ticks-10000-7may/medium-1/16proc-16pils/seed-8/9_neos-3024952-loue_seed-8_20260510_190554/expansion/config_param_CPXPARAM_MIP_Strategy_Dive_1_iter_1.prm
[DEBUG]:[19:06:11] Created configuration file for parameter CPXPARAM_MIP_Strategy_Dive with value 2 at /scratch/yorig/mpils-results-grid-ticks-10000-7may/medium-1/16proc-16pils/seed-8/9_neos-3024952-loue_seed-8_20260510_190554/expansion/config_param_CPXPARAM_MIP_Strategy_Dive_2_iter_1.prm
[DEBUG]:[19:06:11] Created configuration file for parameter CPXPARAM_MIP_Strategy_Dive with value 3 at /scratch/yorig/mpils-results-grid-ticks-10000-7may/medium-1/16proc-16pils/seed-8/9_neos-3024952-loue_seed-8_20260510_190554/expansion/config_param_CPXPARAM_MIP_Strategy_Dive_3_iter_1.prm
[INFO]:[19:06:11] Creating configurations for parameter: CPXPARAM_MIP_Limits_ProbeTime
[DEBUG]:[19:06:11] Parameter CPXPARAM_MIP_Limits_ProbeTime will be evaluated on 12 alternative value(s) after excluding the current base configuration value.
[DEBUG]:[19:06:11] Created configuration file for parameter CPXPARAM_MIP_Limits_ProbeTime with value 0 at /scratch/yorig/mpils-results-grid-ticks-10000-7may/medium-1/16proc-16pils/seed-8/9_neos-3024952-loue_seed-8_20260510_190554/expansion/config_param_CPXPARAM_MIP_Limits_ProbeTime_0_iter_1.prm
[DEBUG]:[19:06:11] Created configuration file for parameter CPXPARAM_MIP_Limits_ProbeTime with value 1 at /scratch/yorig/mpils-results-grid-ticks-10000-7may/medium-1/16proc-16pils/seed-8/9_neos-3024952-loue_seed-8_20260510_190554/expansion/config_param_CPXPARAM_MIP_Limits_ProbeTime_1_iter_1.prm
[DEBUG]:[19:06:11] Created configuration file for parameter CPXPARAM_MIP_Limits_ProbeTime with value 2 at /scratch/yorig/mpils-results-grid-ticks-10000-7may/medium-1/16proc-16pils/seed-8/9_neos-3024952-loue_seed-8_20260510_190554/expansion/config_param_CPXPARAM_MIP_Limits_ProbeTime_2_iter_1.prm
[DEBUG]:[19:06:11] Created configuration file for parameter CPXPARAM_MIP_Limits_ProbeTime with value 5 at /scratch/yorig/mpils-results-grid-ticks-10000-7may/medium-1/16proc-16pils/seed-8/9_neos-3024952-loue_seed-8_20260510_190554/expansion/config_param_CPXPARAM_MIP_Limits_ProbeTime_5_iter_1.prm
[DEBUG]:[19:06:11] Created configuration file for parameter CPXPARAM_MIP_Limits_ProbeTime with value 10 at /scratch/yorig/mpils-results-grid-ticks-10000-7may/medium-1/16proc-16pils/seed-8/9_neos-3024952-loue_seed-8_20260510_190554/expansion/config_param_CPXPARAM_MIP_Limits_ProbeTime_10_iter_1.prm
[DEBUG]:[19:06:11] Created configuration file for parameter CPXPARAM_MIP_Limits_ProbeTime with value 20 at /scratch/yorig/mpils-results-grid-ticks-10000-7may/medium-1/16proc-16pils/seed-8/9_neos-3024952-loue_seed-8_20260510_190554/expansion/config_param_CPXPARAM_MIP_Limits_ProbeTime_20_iter_1.prm
[DEBUG]:[19:06:11] Created configuration file for parameter CPXPARAM_MIP_Limits_ProbeTime with value 30 at /scratch/yorig/mpils-results-grid-ticks-10000-7may/medium-1/16proc-16pils/seed-8/9_neos-3024952-loue_seed-8_20260510_190554/expansion/config_param_CPXPARAM_MIP_Limits_ProbeTime_30_iter_1.prm
[DEBUG]:[19:06:11] Created configuration file for parameter CPXPARAM_MIP_Limits_ProbeTime with value 40 at /scratch/yorig/mpils-results-grid-ticks-10000-7may/medium-1/16proc-16pils/seed-8/9_neos-3024952-loue_seed-8_20260510_190554/expansion/config_param_CPXPARAM_MIP_Limits_ProbeTime_40_iter_1.prm
[DEBUG]:[19:06:11] Created configuration file for parameter CPXPARAM_MIP_Limits_ProbeTime with value 50 at /scratch/yorig/mpils-results-grid-ticks-10000-7may/medium-1/16proc-16pils/seed-8/9_neos-3024952-loue_seed-8_20260510_190554/expansion/config_param_CPXPARAM_MIP_Limits_ProbeTime_50_iter_1.prm
[DEBUG]:[19:06:11] Created configuration file for parameter CPXPARAM_MIP_Limits_ProbeTime with value 60 at /scratch/yorig/mpils-results-grid-ticks-10000-7may/medium-1/16proc-16pils/seed-8/9_neos-3024952-loue_seed-8_20260510_190554/expansion/config_param_CPXPARAM_MIP_Limits_ProbeTime_60_iter_1.prm
[DEBUG]:[19:06:11] Created configuration file for parameter CPXPARAM_MIP_Limits_ProbeTime with value 120 at /scratch/yorig/mpils-results-grid-ticks-10000-7may/medium-1/16proc-16pils/seed-8/9_neos-3024952-loue_seed-8_20260510_190554/expansion/config_param_CPXPARAM_MIP_Limits_ProbeTime_120_iter_1.prm
[DEBUG]:[19:06:11] Created configuration file for parameter CPXPARAM_MIP_Limits_ProbeTime with value 240 at /scratch/yorig/mpils-results-grid-ticks-10000-7may/medium-1/16proc-16pils/seed-8/9_neos-3024952-loue_seed-8_20260510_190554/expansion/config_param_CPXPARAM_MIP_Limits_ProbeTime_240_iter_1.prm
[INFO]:[19:06:11] Creating configurations for parameter: CPXPARAM_MIP_Strategy_RINSHeur
[DEBUG]:[19:06:11] Parameter CPXPARAM_MIP_Strategy_RINSHeur will be evaluated on 8 alternative value(s) after excluding the current base configuration value.
[DEBUG]:[19:06:11] Created configuration file for parameter CPXPARAM_MIP_Strategy_RINSHeur with value -1 at /scratch/yorig/mpils-results-grid-ticks-10000-7may/medium-1/16proc-16pils/seed-8/9_neos-3024952-loue_seed-8_20260510_190554/expansion/config_param_CPXPARAM_MIP_Strategy_RINSHeur_-1_iter_1.prm
[DEBUG]:[19:06:11] Created configuration file for parameter CPXPARAM_MIP_Strategy_RINSHeur with value 20 at /scratch/yorig/mpils-results-grid-ticks-10000-7may/medium-1/16proc-16pils/seed-8/9_neos-3024952-loue_seed-8_20260510_190554/expansion/config_param_CPXPARAM_MIP_Strategy_RINSHeur_20_iter_1.prm
[DEBUG]:[19:06:11] Created configuration file for parameter CPXPARAM_MIP_Strategy_RINSHeur with value 40 at /scratch/yorig/mpils-results-grid-ticks-10000-7may/medium-1/16proc-16pils/seed-8/9_neos-3024952-loue_seed-8_20260510_190554/expansion/config_param_CPXPARAM_MIP_Strategy_RINSHeur_40_iter_1.prm
[DEBUG]:[19:06:11] Created configuration file for parameter CPXPARAM_MIP_Strategy_RINSHeur with value 60 at /scratch/yorig/mpils-results-grid-ticks-10000-7may/medium-1/16proc-16pils/seed-8/9_neos-3024952-loue_seed-8_20260510_190554/expansion/config_param_CPXPARAM_MIP_Strategy_RINSHeur_60_iter_1.prm
[DEBUG]:[19:06:11] Created configuration file for parameter CPXPARAM_MIP_Strategy_RINSHeur with value 100 at /scratch/yorig/mpils-results-grid-ticks-10000-7may/medium-1/16proc-16pils/seed-8/9_neos-3024952-loue_seed-8_20260510_190554/expansion/config_param_CPXPARAM_MIP_Strategy_RINSHeur_100_iter_1.prm
[DEBUG]:[19:06:11] Created configuration file for parameter CPXPARAM_MIP_Strategy_RINSHeur with value 200 at /scratch/yorig/mpils-results-grid-ticks-10000-7may/medium-1/16proc-16pils/seed-8/9_neos-3024952-loue_seed-8_20260510_190554/expansion/config_param_CPXPARAM_MIP_Strategy_RINSHeur_200_iter_1.prm
[DEBUG]:[19:06:11] Created configuration file for parameter CPXPARAM_MIP_Strategy_RINSHeur with value 500 at /scratch/yorig/mpils-results-grid-ticks-10000-7may/medium-1/16proc-16pils/seed-8/9_neos-3024952-loue_seed-8_20260510_190554/expansion/config_param_CPXPARAM_MIP_Strategy_RINSHeur_500_iter_1.prm
[DEBUG]:[19:06:11] Created configuration file for parameter CPXPARAM_MIP_Strategy_RINSHeur with value 1000 at /scratch/yorig/mpils-results-grid-ticks-10000-7may/medium-1/16proc-16pils/seed-8/9_neos-3024952-loue_seed-8_20260510_190554/expansion/config_param_CPXPARAM_MIP_Strategy_RINSHeur_1000_iter_1.prm
[INFO]:[19:06:11] Creating configurations for parameter: CPXPARAM_MIP_Strategy_BBInterval
[DEBUG]:[19:06:11] Parameter CPXPARAM_MIP_Strategy_BBInterval will be evaluated on 8 alternative value(s) after excluding the current base configuration value.
[DEBUG]:[19:06:11] Created configuration file for parameter CPXPARAM_MIP_Strategy_BBInterval with value 0 at /scratch/yorig/mpils-results-grid-ticks-10000-7may/medium-1/16proc-16pils/seed-8/9_neos-3024952-loue_seed-8_20260510_190554/expansion/config_param_CPXPARAM_MIP_Strategy_BBInterval_0_iter_1.prm
[DEBUG]:[19:06:11] Created configuration file for parameter CPXPARAM_MIP_Strategy_BBInterval with value 2 at /scratch/yorig/mpils-results-grid-ticks-10000-7may/medium-1/16proc-16pils/seed-8/9_neos-3024952-loue_seed-8_20260510_190554/expansion/config_param_CPXPARAM_MIP_Strategy_BBInterval_2_iter_1.prm
[DEBUG]:[19:06:11] Created configuration file for parameter CPXPARAM_MIP_Strategy_BBInterval with value 3 at /scratch/yorig/mpils-results-grid-ticks-10000-7may/medium-1/16proc-16pils/seed-8/9_neos-3024952-loue_seed-8_20260510_190554/expansion/config_param_CPXPARAM_MIP_Strategy_BBInterval_3_iter_1.prm
[DEBUG]:[19:06:11] Created configuration file for parameter CPXPARAM_MIP_Strategy_BBInterval with value 4 at /scratch/yorig/mpils-results-grid-ticks-10000-7may/medium-1/16proc-16pils/seed-8/9_neos-3024952-loue_seed-8_20260510_190554/expansion/config_param_CPXPARAM_MIP_Strategy_BBInterval_4_iter_1.prm
[DEBUG]:[19:06:11] Created configuration file for parameter CPXPARAM_MIP_Strategy_BBInterval with value 5 at /scratch/yorig/mpils-results-grid-ticks-10000-7may/medium-1/16proc-16pils/seed-8/9_neos-3024952-loue_seed-8_20260510_190554/expansion/config_param_CPXPARAM_MIP_Strategy_BBInterval_5_iter_1.prm
[DEBUG]:[19:06:11] Created configuration file for parameter CPXPARAM_MIP_Strategy_BBInterval with value 10 at /scratch/yorig/mpils-results-grid-ticks-10000-7may/medium-1/16proc-16pils/seed-8/9_neos-3024952-loue_seed-8_20260510_190554/expansion/config_param_CPXPARAM_MIP_Strategy_BBInterval_10_iter_1.prm
[DEBUG]:[19:06:11] Created configuration file for parameter CPXPARAM_MIP_Strategy_BBInterval with value 15 at /scratch/yorig/mpils-results-grid-ticks-10000-7may/medium-1/16proc-16pils/seed-8/9_neos-3024952-loue_seed-8_20260510_190554/expansion/config_param_CPXPARAM_MIP_Strategy_BBInterval_15_iter_1.prm
[DEBUG]:[19:06:11] Created configuration file for parameter CPXPARAM_MIP_Strategy_BBInterval with value 30 at /scratch/yorig/mpils-results-grid-ticks-10000-7may/medium-1/16proc-16pils/seed-8/9_neos-3024952-loue_seed-8_20260510_190554/expansion/config_param_CPXPARAM_MIP_Strategy_BBInterval_30_iter_1.prm
[INFO]:[19:06:11] Creating configurations for parameter: CPXPARAM_MIP_Strategy_Branch
[DEBUG]:[19:06:11] Parameter CPXPARAM_MIP_Strategy_Branch will be evaluated on 2 alternative value(s) after excluding the current base configuration value.
[DEBUG]:[19:06:11] Created configuration file for parameter CPXPARAM_MIP_Strategy_Branch with value -1 at /scratch/yorig/mpils-results-grid-ticks-10000-7may/medium-1/16proc-16pils/seed-8/9_neos-3024952-loue_seed-8_20260510_190554/expansion/config_param_CPXPARAM_MIP_Strategy_Branch_-1_iter_1.prm
[DEBUG]:[19:06:11] Created configuration file for parameter CPXPARAM_MIP_Strategy_Branch with value 1 at /scratch/yorig/mpils-results-grid-ticks-10000-7may/medium-1/16proc-16pils/seed-8/9_neos-3024952-loue_seed-8_20260510_190554/expansion/config_param_CPXPARAM_MIP_Strategy_Branch_1_iter_1.prm
[INFO]:[19:06:11] Creating configurations for parameter: CPXPARAM_MIP_Limits_CutsFactor
[DEBUG]:[19:06:11] Parameter CPXPARAM_MIP_Limits_CutsFactor will be evaluated on 5 alternative value(s) after excluding the current base configuration value.
[DEBUG]:[19:06:11] Created configuration file for parameter CPXPARAM_MIP_Limits_CutsFactor with value 1 at /scratch/yorig/mpils-results-grid-ticks-10000-7may/medium-1/16proc-16pils/seed-8/9_neos-3024952-loue_seed-8_20260510_190554/expansion/config_param_CPXPARAM_MIP_Limits_CutsFactor_1_iter_1.prm
[DEBUG]:[19:06:11] Created configuration file for parameter CPXPARAM_MIP_Limits_CutsFactor with value 2 at /scratch/yorig/mpils-results-grid-ticks-10000-7may/medium-1/16proc-16pils/seed-8/9_neos-3024952-loue_seed-8_20260510_190554/expansion/config_param_CPXPARAM_MIP_Limits_CutsFactor_2_iter_1.prm
[DEBUG]:[19:06:11] Created configuration file for parameter CPXPARAM_MIP_Limits_CutsFactor with value 4 at /scratch/yorig/mpils-results-grid-ticks-10000-7may/medium-1/16proc-16pils/seed-8/9_neos-3024952-loue_seed-8_20260510_190554/expansion/config_param_CPXPARAM_MIP_Limits_CutsFactor_4_iter_1.prm
[DEBUG]:[19:06:11] Created configuration file for parameter CPXPARAM_MIP_Limits_CutsFactor with value 8 at /scratch/yorig/mpils-results-grid-ticks-10000-7may/medium-1/16proc-16pils/seed-8/9_neos-3024952-loue_seed-8_20260510_190554/expansion/config_param_CPXPARAM_MIP_Limits_CutsFactor_8_iter_1.prm
[DEBUG]:[19:06:11] Created configuration file for parameter CPXPARAM_MIP_Limits_CutsFactor with value 16 at /scratch/yorig/mpils-results-grid-ticks-10000-7may/medium-1/16proc-16pils/seed-8/9_neos-3024952-loue_seed-8_20260510_190554/expansion/config_param_CPXPARAM_MIP_Limits_CutsFactor_16_iter_1.prm
[INFO]:[19:06:11] Created 54 configuration files for expansion phase at iteration 1.
[INFO]:[19:06:11] Skipped 0 expansion parameter(s) with no alternative value to evaluate.
[INFO]:[19:06:11] Launching Expansion Workers via MPI...
[INFO]:[19:06:11] Expansion Workers launched.
[INFO]:[19:06:11] Evaluating expansion parameters...
[INFO]:[19:06:11] Starting CPLEX solver on instance: /home/yorig/tuner/mpils-tests/instances/miplib/medium-1/neos-3024952-loue.mps with config: /scratch/yorig/mpils-results-grid-ticks-10000-7may/medium-1/16proc-16pils/seed-8/9_neos-3024952-loue_seed-8_20260510_190554/expansion/config_param_CPXPARAM_MIP_Strategy_Probe_-1_iter_1.prm
[INFO]:[19:06:19] CPLEX results. Gap: 8.170000, upper bound: 28506.000000, lower bound: 26177.703015
[INFO]:[19:06:19] CPLEX solver finished. Gap: 8.170000
[INFO]:[19:06:19] Expansion early stop activated in MPI after 1 master-side evaluation(s). Remaining not-yet-evaluated parameters stay residual.
[INFO]:[19:06:19] Strict sequential expansion early stop ignored 3 already-computed result(s) after first improving config id 12.
[INFO]:[19:06:19] recordEvaluation produced_mip_start=0 mip_start_file=''
[DEBUG]:[19:06:19] Added evaluation to memory with objective: 8.17, ConfigId: 11915927492629695274, EvalId: 33. Total evaluations stored: 33
[INFO]:[19:06:19] recordEvaluation produced_mip_start=0 mip_start_file=''
[DEBUG]:[19:06:19] Added evaluation to memory with objective: 8.17, ConfigId: 8887013051110881137, EvalId: 34. Total evaluations stored: 34
[INFO]:[19:06:19] recordEvaluation produced_mip_start=0 mip_start_file=''
[DEBUG]:[19:06:19] Added evaluation to memory with objective: 8.17, ConfigId: 1304846571536685769, EvalId: 35. Total evaluations stored: 35
[INFO]:[19:06:19] recordEvaluation produced_mip_start=0 mip_start_file=''
[DEBUG]:[19:06:19] Added evaluation to memory with objective: 8.17, ConfigId: 8286973594556657785, EvalId: 36. Total evaluations stored: 36
[INFO]:[19:06:19] recordEvaluation produced_mip_start=0 mip_start_file=''
[DEBUG]:[19:06:19] Added evaluation to memory with objective: 14.4, ConfigId: 6600528987281186506, EvalId: 37. Total evaluations stored: 37
[INFO]:[19:06:19] recordEvaluation produced_mip_start=0 mip_start_file=''
[DEBUG]:[19:06:19] Added evaluation to memory with objective: 14.4, ConfigId: 4929087050588999702, EvalId: 38. Total evaluations stored: 38
[INFO]:[19:06:19] recordEvaluation produced_mip_start=0 mip_start_file=''
[DEBUG]:[19:06:19] Added evaluation to memory with objective: 8.17, ConfigId: 14801727225211217615, EvalId: 39. Total evaluations stored: 39
[INFO]:[19:06:19] recordEvaluation produced_mip_start=0 mip_start_file=''
[DEBUG]:[19:06:19] Added evaluation to memory with objective: 8.17, ConfigId: 16943824117049397616, EvalId: 40. Total evaluations stored: 40
[INFO]:[19:06:19] recordEvaluation produced_mip_start=0 mip_start_file=''
[DEBUG]:[19:06:19] Added evaluation to memory with objective: 12.08, ConfigId: 12847873456940603149, EvalId: 41. Total evaluations stored: 41
[INFO]:[19:06:19] recordEvaluation produced_mip_start=0 mip_start_file=''
[DEBUG]:[19:06:19] Added evaluation to memory with objective: 13.41, ConfigId: 8295960470204950718, EvalId: 42. Total evaluations stored: 42
[INFO]:[19:06:19] recordEvaluation produced_mip_start=0 mip_start_file=''
[DEBUG]:[19:06:19] Added evaluation to memory with objective: 19.58, ConfigId: 12342431140705445084, EvalId: 43. Total evaluations stored: 43
[INFO]:[19:06:19] recordEvaluation produced_mip_start=0 mip_start_file=''
[DEBUG]:[19:06:19] Added evaluation to memory with objective: 1.79769e+308, ConfigId: 1866443130541219868, EvalId: 44. Total evaluations stored: 44
[INFO]:[19:06:19] recordEvaluation produced_mip_start=0 mip_start_file=''
[INFO]:[19:06:19] ***************
[INFO]:[19:06:19] New best evaluation without MIP start found at time 23s, with objective 5.55 and configuration ID 4293171263297341104
[INFO]:[19:06:19] With config: 4293171263297341104 -> 
Configuration: CPXPARAM_Advance=1 CPXPARAM_Barrier_Algorithm=0 CPXPARAM_Barrier_ColNonzeros=0 CPXPARAM_Barrier_Crossover=0 CPXPARAM_Barrier_Limits_Corrections=-1 CPXPARAM_Barrier_Ordering=0 CPXPARAM_Barrier_StartAlg=1 CPXPARAM_Emphasis_MIP=2 CPXPARAM_Emphasis_Memory=0 CPXPARAM_Emphasis_Numerical=0 CPXPARAM_Feasopt_Mode=0 CPXPARAM_LPMethod=0 CPXPARAM_MIP_Cuts_Cliques=2 CPXPARAM_MIP_Cuts_Covers=0 CPXPARAM_MIP_Cuts_Disjunctive=0 CPXPARAM_MIP_Cuts_FlowCovers=1 CPXPARAM_MIP_Cuts_GUBCovers=-1 CPXPARAM_MIP_Cuts_Gomory=1 CPXPARAM_MIP_Cuts_Implied=1 CPXPARAM_MIP_Cuts_MIRCut=0 CPXPARAM_MIP_Cuts_PathCut=0 CPXPARAM_MIP_Limits_AggForCut=3 CPXPARAM_MIP_Limits_CutPasses=0 CPXPARAM_MIP_Limits_CutsFactor=-1 CPXPARAM_MIP_Limits_GomoryCand=100 CPXPARAM_MIP_Limits_GomoryPass=0 CPXPARAM_MIP_Limits_Nodes=9223372036800000000 CPXPARAM_MIP_Limits_ProbeTime=1e+75 CPXPARAM_MIP_Limits_RepairTries=0 CPXPARAM_MIP_Limits_StrongCand=10 CPXPARAM_MIP_Limits_StrongIt=0 CPXPARAM_MIP_OrderType=0 CPXPARAM_MIP_Strategy_BBInterval=7 CPXPARAM_MIP_Strategy_Branch=0 CPXPARAM_MIP_Strategy_Dive=0 CPXPARAM_MIP_Strategy_File=1 CPXPARAM_MIP_Strategy_HeuristicFreq=0 CPXPARAM_MIP_Strategy_LBHeur=0 CPXPARAM_MIP_Strategy_NodeSelect=1 CPXPARAM_MIP_Strategy_Order=1 CPXPARAM_MIP_Strategy_PresolveNode=0 CPXPARAM_MIP_Strategy_Probe=0 CPXPARAM_MIP_Strategy_RINSHeur=0 CPXPARAM_MIP_Strategy_StartAlgorithm=0 CPXPARAM_MIP_Strategy_SubAlgorithm=0 CPXPARAM_MIP_Strategy_VariableSelect=4 CPXPARAM_Network_NetFind=2 CPXPARAM_Network_Pricing=0 CPXPARAM_Parallel=1 CPXPARAM_Preprocessing_Aggregator=-1 CPXPARAM_Preprocessing_BoundStrength=-1 CPXPARAM_Preprocessing_CoeffReduce=-1 CPXPARAM_Preprocessing_Dependency=-1 CPXPARAM_Preprocessing_Dual=0 CPXPARAM_Preprocessing_Fill=10 CPXPARAM_Preprocessing_NumPass=-1 CPXPARAM_Preprocessing_Presolve=1 CPXPARAM_Preprocessing_QPMakePSD=1 CPXPARAM_Preprocessing_Reduce=3 CPXPARAM_Preprocessing_Relax=-1 CPXPARAM_Preprocessing_RepeatPresolve=-1 CPXPARAM_Preprocessing_Symmetry=-1 CPXPARAM_Read_Scale=0 CPXPARAM_Sifting_Algorithm=0 CPXPARAM_Simplex_Crash=1 CPXPARAM_Simplex_DGradient=0 CPXPARAM_Simplex_Limits_Perturbation=0 CPXPARAM_Simplex_Limits_Singularity=10 CPXPARAM_Simplex_PGradient=0 CPXPARAM_Simplex_Pricing=0 CPXPARAM_Simplex_Refactor=0 | MIP Start: No 
[INFO]:[19:06:19] ***************
[DEBUG]:[19:06:19] Added evaluation to memory with objective: 5.55, ConfigId: 4293171263297341104, EvalId: 45. Total evaluations stored: 45
[INFO]:[19:06:19] Waiting for Expansion Workers via MPI...
[INFO]:[19:06:19] Expansion Workers have completed.
[INFO]:[19:06:19] Evaluated expansion parameters: 3
[INFO]:[19:06:19] Classifying expansion parameters...
[DEBUG]:[19:06:19] Parameter CPXPARAM_MIP_Strategy_Probe valid evaluations: 4, invalid evaluations: 0, c_p: 8.17, s_p: 0, selected_stage_1: No, discarded_by_threshold: No
[DEBUG]:[19:06:19] Parameter CPXPARAM_MIP_Cuts_Covers valid evaluations: 4, invalid evaluations: 0, c_p: 8.17, s_p: 5.08677, selected_stage_1: No, discarded_by_threshold: No
[DEBUG]:[19:06:19] Parameter CPXPARAM_MIP_Strategy_VariableSelect valid evaluations: 4, invalid evaluations: 1, c_p: 5.55, s_p: 7.74162, selected_stage_1: Yes, discarded_by_threshold: No
[DEBUG]:[19:06:19] Parameter CPXPARAM_MIP_Strategy_Probe is dominated by parameter CPXPARAM_MIP_Cuts_Covers.
[DEBUG]:[19:06:19] Parameter CPXPARAM_MIP_Strategy_Probe metrics - c_p: 8.17, s_p: 0, selected_stage_1: No, discarded_by_threshold: No, dominated: Yes
[DEBUG]:[19:06:19] Parameter CPXPARAM_MIP_Cuts_Covers metrics - c_p: 8.17, s_p: 5.08677, selected_stage_1: No, discarded_by_threshold: No, dominated: No
[DEBUG]:[19:06:19] Parameter CPXPARAM_MIP_Strategy_VariableSelect metrics - c_p: 5.55, s_p: 7.74162, selected_stage_1: Yes, discarded_by_threshold: No, dominated: No
[INFO]:[19:06:19] Updating parameter flags based on classification...
[INFO]:[19:06:19] Parameter CPXPARAM_MIP_Strategy_Probe discarded from tuning.
[INFO]:[19:06:19] Parameter CPXPARAM_MIP_Cuts_Covers selected for tuning.
[INFO]:[19:06:19] Parameter CPXPARAM_MIP_Strategy_VariableSelect selected for tuning.
[DEBUG]:[19:06:19] Classified parameters at iteration 1 - To Select: 2, To Discard: 1
[DEBUG]:[19:06:19] Parameter: CPXPARAM_MIP_Strategy_Probe, To Select: No, To Discard: Yes
[DEBUG]:[19:06:19] Parameter: CPXPARAM_MIP_Cuts_Covers, To Select: Yes, To Discard: No
[DEBUG]:[19:06:19] Parameter: CPXPARAM_MIP_Strategy_VariableSelect, To Select: Yes, To Discard: No
[INFO]:[19:06:19] Added 13 evaluations to memory from expansion phase at iteration 1
[INFO]:[19:06:19] Expansion phase completed.
[INFO]:[19:06:19] Starting pruning phase...
[INFO]:[19:06:19] Writing learner file for pruning phase: /scratch/yorig/mpils-results-grid-ticks-10000-7may/medium-1/16proc-16pils/seed-8/9_neos-3024952-loue_seed-8_20260510_190554/pruning/input/learner_file_1.txt
[INFO]:[19:06:19] Learner file written successfully: /scratch/yorig/mpils-results-grid-ticks-10000-7may/medium-1/16proc-16pils/seed-8/9_neos-3024952-loue_seed-8_20260510_190554/pruning/input/learner_file_1.txt
[INFO]:[19:06:19] Extracting forbidden tuples from memory...
[INFO]:[19:06:19] Redirecting learner stdout/stderr to: /scratch/yorig/mpils-results-grid-ticks-10000-7may/medium-1/16proc-16pils/seed-8/9_neos-3024952-loue_seed-8_20260510_190554/pruning/learner_iteration_1.log
[INFO]:[19:06:19] Forbidden tuples extracted: 26
[INFO]:[19:06:19] Applying pruning with 26 forbidden tuples...
[DEBUG]:[19:06:19] Adding forbidden value from single-element tuple: CPXPARAM_Emphasis_MIP=2
[DEBUG]:[19:06:19] Adding forbidden value from single-element tuple: CPXPARAM_Emphasis_MIP=4
[DEBUG]:[19:06:19] Adding forbidden value from single-element tuple: CPXPARAM_MIP_Cuts_Cliques=0
[DEBUG]:[19:06:19] Adding forbidden value from single-element tuple: CPXPARAM_MIP_Cuts_Covers=1
[DEBUG]:[19:06:19] Adding forbidden value from single-element tuple: CPXPARAM_MIP_Cuts_Covers=3
[DEBUG]:[19:06:19] Adding forbidden value from single-element tuple: CPXPARAM_MIP_Cuts_Disjunctive=0
[DEBUG]:[19:06:19] Adding forbidden value from single-element tuple: CPXPARAM_MIP_Cuts_MIRCut=1
[DEBUG]:[19:06:19] Adding forbidden value from single-element tuple: CPXPARAM_MIP_Cuts_MIRCut=2
[DEBUG]:[19:06:19] Adding forbidden value from single-element tuple: CPXPARAM_MIP_Limits_GomoryCand=150
[DEBUG]:[19:06:19] Adding forbidden value from single-element tuple: CPXPARAM_MIP_Strategy_VariableSelect=1
[DEBUG]:[19:06:19] Adding forbidden value from single-element tuple: CPXPARAM_MIP_Strategy_VariableSelect=2
[DEBUG]:[19:06:19] Adding forbidden value from single-element tuple: CPXPARAM_MIP_Strategy_VariableSelect=3
[DEBUG]:[19:06:19] Adding forbidden value from single-element tuple: CPXPARAM_MIP_Strategy_VariableSelect=4
[DEBUG]:[19:06:19] Adding forbidden tuple of size 2: 
[DEBUG]:[19:06:19]   CPXPARAM_Emphasis_MIP=1
[DEBUG]:[19:06:19]   CPXPARAM_MIP_Cuts_Cliques=0
[DEBUG]:[19:06:19] Adding forbidden tuple of size 2: 
[DEBUG]:[19:06:19]   CPXPARAM_Emphasis_MIP=1
[DEBUG]:[19:06:19]   CPXPARAM_MIP_Cuts_Cliques=3
[DEBUG]:[19:06:19] Adding forbidden tuple of size 2: 
[DEBUG]:[19:06:19]   CPXPARAM_Emphasis_MIP=1
[DEBUG]:[19:06:19]   CPXPARAM_MIP_Cuts_Covers=1
[DEBUG]:[19:06:19] Adding forbidden tuple of size 2: 
[DEBUG]:[19:06:19]   CPXPARAM_Emphasis_MIP=1
[DEBUG]:[19:06:19]   CPXPARAM_MIP_Cuts_Disjunctive=1
[DEBUG]:[19:06:19] Adding forbidden tuple of size 2: 
[DEBUG]:[19:06:19]   CPXPARAM_Emphasis_MIP=1
[DEBUG]:[19:06:19]   CPXPARAM_MIP_Cuts_FlowCovers=2
[DEBUG]:[19:06:19] Adding forbidden tuple of size 2: 
[DEBUG]:[19:06:19]   CPXPARAM_Emphasis_MIP=1
[DEBUG]:[19:06:19]   CPXPARAM_MIP_Cuts_GUBCovers=1
[DEBUG]:[19:06:19] Adding forbidden tuple of size 2: 
[DEBUG]:[19:06:19]   CPXPARAM_Emphasis_MIP=1
[DEBUG]:[19:06:19]   CPXPARAM_MIP_Cuts_Gomory=2
[DEBUG]:[19:06:19] Adding forbidden tuple of size 2: 
[DEBUG]:[19:06:19]   CPXPARAM_Emphasis_MIP=1
[DEBUG]:[19:06:19]   CPXPARAM_MIP_Cuts_Implied=0
[DEBUG]:[19:06:19] Adding forbidden tuple of size 2: 
[DEBUG]:[19:06:19]   CPXPARAM_Emphasis_MIP=1
[DEBUG]:[19:06:19]   CPXPARAM_MIP_Cuts_Implied=2
[DEBUG]:[19:06:19] Adding forbidden tuple of size 2: 
[DEBUG]:[19:06:19]   CPXPARAM_Emphasis_MIP=1
[DEBUG]:[19:06:19]   CPXPARAM_MIP_Cuts_MIRCut=0
[DEBUG]:[19:06:19] Adding forbidden tuple of size 2: 
[DEBUG]:[19:06:19]   CPXPARAM_Emphasis_MIP=1
[DEBUG]:[19:06:19]   CPXPARAM_MIP_Cuts_MIRCut=1
[DEBUG]:[19:06:19] Adding forbidden tuple of size 2: 
[DEBUG]:[19:06:19]   CPXPARAM_Emphasis_MIP=1
[DEBUG]:[19:06:19]   CPXPARAM_MIP_Cuts_MIRCut=2
[DEBUG]:[19:06:19] Adding forbidden tuple of size 2: 
[DEBUG]:[19:06:19]   CPXPARAM_Emphasis_MIP=1
[DEBUG]:[19:06:19]   CPXPARAM_MIP_Cuts_PathCut=1
[INFO]:[19:06:19] Pruning applied successfully.
[INFO]:[19:06:19] Pruning phase completed.
[INFO]:[19:06:19] Completed iteration 1
[INFO]:[19:06:19] Starting iteration 2
[INFO]:[19:06:19] Starting exploration phase...
[INFO]:[19:06:19] Selecting number of evaluations for tuning phase...
[INFO]:[19:06:19] Selecting initial configurations for tuning phase...
[INFO]:[19:06:19] Using worker 0 best exploration configuration without MIP start as master ILS initial configuration.
[INFO]:[19:06:19] Worker 1 global-best exploration initial configuration matches master; using a random diversified initial configuration.
[INFO]:[19:06:19] Number of evaluations for this tuning phase: 6
[INFO]:[19:06:19] ILS shared cache is disabled for this exploration phase.
[INFO]:[19:06:19] Local search backend for this exploration phase: iterated_local_search
[INFO]:[19:06:19] Running IteratedLocalSearch Engine...
[INFO]:[19:06:19] Mip start is disabled for this iteration.
[INFO]:[19:06:19] Writing ILS search space file for worker 0...
[INFO]:[19:06:19] Warning: Initial value for parameter CPXPARAM_Emphasis_MIP is forbidden. So unforbidden it for the ILS initial configuration at iteration 2.
[INFO]:[19:06:19] Warning: Initial value for parameter CPXPARAM_MIP_Cuts_Disjunctive is forbidden. So unforbidden it for the ILS initial configuration at iteration 2.
[INFO]:[19:06:19] ILS search space file written: /scratch/yorig/mpils-results-grid-ticks-10000-7may/medium-1/16proc-16pils/seed-8/9_neos-3024952-loue_seed-8_20260510_190554/iterated_local_search/search_space/search_space_file_2.txt
[INFO]:[19:06:19] Writing ILS search space file for worker 1...
[INFO]:[19:06:19] Warning: Initial value for parameter CPXPARAM_MIP_Cuts_MIRCut is forbidden. So unforbidden it for the ILS initial configuration at iteration 2.
[INFO]:[19:06:19] Warning: Initial value for parameter CPXPARAM_MIP_Cuts_Covers is forbidden. So unforbidden it for the ILS initial configuration at iteration 2.
[INFO]:[19:06:19] Warning: Initial value for parameter CPXPARAM_MIP_Strategy_VariableSelect is forbidden. So unforbidden it for the ILS initial configuration at iteration 2.
[INFO]:[19:06:19] ILS search space file written: /scratch/yorig/mpils-results-grid-ticks-10000-7may/medium-1/16proc-16pils/seed-8/9_neos-3024952-loue_seed-8_20260510_190554/iterated_local_search/search_space/search_space_file_2_worker_1.txt
[INFO]:[19:06:19] Writing ILS search space file for worker 2...
[INFO]:[19:06:19] Warning: Initial value for parameter CPXPARAM_MIP_Cuts_MIRCut is forbidden. So unforbidden it for the ILS initial configuration at iteration 2.
[INFO]:[19:06:19] Warning: Initial value for parameter CPXPARAM_MIP_Cuts_Disjunctive is forbidden. So unforbidden it for the ILS initial configuration at iteration 2.
[INFO]:[19:06:19] Warning: Initial value for parameter CPXPARAM_MIP_Cuts_Covers is forbidden. So unforbidden it for the ILS initial configuration at iteration 2.
[INFO]:[19:06:19] Warning: Initial value for parameter CPXPARAM_MIP_Strategy_VariableSelect is forbidden. So unforbidden it for the ILS initial configuration at iteration 2.
[INFO]:[19:06:19] Warning: Initial configuration contains a forbidden tuple. So unforbidden it for ILS at iteration 2.
[INFO]:[19:06:19] Warning: Initial configuration contains a forbidden tuple. So unforbidden it for ILS at iteration 2.
[INFO]:[19:06:19] Warning: Initial configuration contains a forbidden tuple. So unforbidden it for ILS at iteration 2.
[INFO]:[19:06:19] ILS search space file written: /scratch/yorig/mpils-results-grid-ticks-10000-7may/medium-1/16proc-16pils/seed-8/9_neos-3024952-loue_seed-8_20260510_190554/iterated_local_search/search_space/search_space_file_2_worker_2.txt
[INFO]:[19:06:19] Writing ILS search space file for worker 3...
[INFO]:[19:06:19] Warning: Initial value for parameter CPXPARAM_MIP_Cuts_Disjunctive is forbidden. So unforbidden it for the ILS initial configuration at iteration 2.
[INFO]:[19:06:19] Warning: Initial value for parameter CPXPARAM_MIP_Strategy_VariableSelect is forbidden. So unforbidden it for the ILS initial configuration at iteration 2.
[INFO]:[19:06:19] ILS search space file written: /scratch/yorig/mpils-results-grid-ticks-10000-7may/medium-1/16proc-16pils/seed-8/9_neos-3024952-loue_seed-8_20260510_190554/iterated_local_search/search_space/search_space_file_2_worker_3.txt
[INFO]:[19:06:19] Writing ILS search space file for worker 4...
[INFO]:[19:06:19] Warning: Initial value for parameter CPXPARAM_Emphasis_MIP is forbidden. So unforbidden it for the ILS initial configuration at iteration 2.
[INFO]:[19:06:19] Warning: Initial value for parameter CPXPARAM_MIP_Cuts_Disjunctive is forbidden. So unforbidden it for the ILS initial configuration at iteration 2.
[INFO]:[19:06:19] Warning: Initial value for parameter CPXPARAM_MIP_Limits_GomoryCand is forbidden. So unforbidden it for the ILS initial configuration at iteration 2.
[INFO]:[19:06:19] Warning: Initial value for parameter CPXPARAM_MIP_Cuts_Covers is forbidden. So unforbidden it for the ILS initial configuration at iteration 2.
[INFO]:[19:06:19] Warning: Initial value for parameter CPXPARAM_MIP_Strategy_VariableSelect is forbidden. So unforbidden it for the ILS initial configuration at iteration 2.
[INFO]:[19:06:19] ILS search space file written: /scratch/yorig/mpils-results-grid-ticks-10000-7may/medium-1/16proc-16pils/seed-8/9_neos-3024952-loue_seed-8_20260510_190554/iterated_local_search/search_space/search_space_file_2_worker_4.txt
[INFO]:[19:06:19] Writing ILS search space file for worker 5...
[INFO]:[19:06:19] Warning: Initial value for parameter CPXPARAM_MIP_Cuts_MIRCut is forbidden. So unforbidden it for the ILS initial configuration at iteration 2.
[INFO]:[19:06:19] Warning: Initial value for parameter CPXPARAM_MIP_Strategy_VariableSelect is forbidden. So unforbidden it for the ILS initial configuration at iteration 2.
[INFO]:[19:06:19] ILS search space file written: /scratch/yorig/mpils-results-grid-ticks-10000-7may/medium-1/16proc-16pils/seed-8/9_neos-3024952-loue_seed-8_20260510_190554/iterated_local_search/search_space/search_space_file_2_worker_5.txt
[INFO]:[19:06:19] Writing ILS search space file for worker 6...
[INFO]:[19:06:19] Warning: Initial value for parameter CPXPARAM_MIP_Cuts_Disjunctive is forbidden. So unforbidden it for the ILS initial configuration at iteration 2.
[INFO]:[19:06:19] ILS search space file written: /scratch/yorig/mpils-results-grid-ticks-10000-7may/medium-1/16proc-16pils/seed-8/9_neos-3024952-loue_seed-8_20260510_190554/iterated_local_search/search_space/search_space_file_2_worker_6.txt
[INFO]:[19:06:19] Writing ILS search space file for worker 7...
[INFO]:[19:06:19] Warning: Initial value for parameter CPXPARAM_Emphasis_MIP is forbidden. So unforbidden it for the ILS initial configuration at iteration 2.
[INFO]:[19:06:19] Warning: Initial value for parameter CPXPARAM_MIP_Cuts_Covers is forbidden. So unforbidden it for the ILS initial configuration at iteration 2.
[INFO]:[19:06:19] Warning: Initial value for parameter CPXPARAM_MIP_Strategy_VariableSelect is forbidden. So unforbidden it for the ILS initial configuration at iteration 2.
[INFO]:[19:06:19] ILS search space file written: /scratch/yorig/mpils-results-grid-ticks-10000-7may/medium-1/16proc-16pils/seed-8/9_neos-3024952-loue_seed-8_20260510_190554/iterated_local_search/search_space/search_space_file_2_worker_7.txt
[INFO]:[19:06:19] Writing ILS search space file for worker 8...
[INFO]:[19:06:19] Warning: Initial value for parameter CPXPARAM_Emphasis_MIP is forbidden. So unforbidden it for the ILS initial configuration at iteration 2.
[INFO]:[19:06:19] Warning: Initial value for parameter CPXPARAM_MIP_Limits_GomoryCand is forbidden. So unforbidden it for the ILS initial configuration at iteration 2.
[INFO]:[19:06:19] ILS search space file written: /scratch/yorig/mpils-results-grid-ticks-10000-7may/medium-1/16proc-16pils/seed-8/9_neos-3024952-loue_seed-8_20260510_190554/iterated_local_search/search_space/search_space_file_2_worker_8.txt
[INFO]:[19:06:19] Writing ILS search space file for worker 9...
[INFO]:[19:06:19] Warning: Initial value for parameter CPXPARAM_MIP_Cuts_MIRCut is forbidden. So unforbidden it for the ILS initial configuration at iteration 2.
[INFO]:[19:06:19] Warning: Initial value for parameter CPXPARAM_MIP_Cuts_Covers is forbidden. So unforbidden it for the ILS initial configuration at iteration 2.
[INFO]:[19:06:19] Warning: Initial value for parameter CPXPARAM_MIP_Strategy_VariableSelect is forbidden. So unforbidden it for the ILS initial configuration at iteration 2.
[INFO]:[19:06:19] ILS search space file written: /scratch/yorig/mpils-results-grid-ticks-10000-7may/medium-1/16proc-16pils/seed-8/9_neos-3024952-loue_seed-8_20260510_190554/iterated_local_search/search_space/search_space_file_2_worker_9.txt
[INFO]:[19:06:19] Writing ILS search space file for worker 10...
[INFO]:[19:06:19] Warning: Initial value for parameter CPXPARAM_Emphasis_MIP is forbidden. So unforbidden it for the ILS initial configuration at iteration 2.
[INFO]:[19:06:19] Warning: Initial value for parameter CPXPARAM_MIP_Strategy_VariableSelect is forbidden. So unforbidden it for the ILS initial configuration at iteration 2.
[INFO]:[19:06:19] ILS search space file written: /scratch/yorig/mpils-results-grid-ticks-10000-7may/medium-1/16proc-16pils/seed-8/9_neos-3024952-loue_seed-8_20260510_190554/iterated_local_search/search_space/search_space_file_2_worker_10.txt
[INFO]:[19:06:19] Writing ILS search space file for worker 11...
[INFO]:[19:06:19] Warning: Initial value for parameter CPXPARAM_MIP_Cuts_Disjunctive is forbidden. So unforbidden it for the ILS initial configuration at iteration 2.
[INFO]:[19:06:19] Warning: Initial value for parameter CPXPARAM_MIP_Strategy_VariableSelect is forbidden. So unforbidden it for the ILS initial configuration at iteration 2.
[INFO]:[19:06:19] ILS search space file written: /scratch/yorig/mpils-results-grid-ticks-10000-7may/medium-1/16proc-16pils/seed-8/9_neos-3024952-loue_seed-8_20260510_190554/iterated_local_search/search_space/search_space_file_2_worker_11.txt
[INFO]:[19:06:19] Writing ILS search space file for worker 12...
[INFO]:[19:06:19] Warning: Initial value for parameter CPXPARAM_MIP_Cuts_MIRCut is forbidden. So unforbidden it for the ILS initial configuration at iteration 2.
[INFO]:[19:06:19] Warning: Initial value for parameter CPXPARAM_MIP_Strategy_VariableSelect is forbidden. So unforbidden it for the ILS initial configuration at iteration 2.
[INFO]:[19:06:19] ILS search space file written: /scratch/yorig/mpils-results-grid-ticks-10000-7may/medium-1/16proc-16pils/seed-8/9_neos-3024952-loue_seed-8_20260510_190554/iterated_local_search/search_space/search_space_file_2_worker_12.txt
[INFO]:[19:06:19] Writing ILS search space file for worker 13...
[INFO]:[19:06:19] Warning: Initial value for parameter CPXPARAM_MIP_Cuts_Disjunctive is forbidden. So unforbidden it for the ILS initial configuration at iteration 2.
[INFO]:[19:06:19] Warning: Initial value for parameter CPXPARAM_MIP_Cuts_Covers is forbidden. So unforbidden it for the ILS initial configuration at iteration 2.
[INFO]:[19:06:19] Warning: Initial value for parameter CPXPARAM_MIP_Strategy_VariableSelect is forbidden. So unforbidden it for the ILS initial configuration at iteration 2.
[INFO]:[19:06:19] ILS search space file written: /scratch/yorig/mpils-results-grid-ticks-10000-7may/medium-1/16proc-16pils/seed-8/9_neos-3024952-loue_seed-8_20260510_190554/iterated_local_search/search_space/search_space_file_2_worker_13.txt
[INFO]:[19:06:19] Writing ILS search space file for worker 14...
[INFO]:[19:06:19] Warning: Initial value for parameter CPXPARAM_MIP_Cuts_Disjunctive is forbidden. So unforbidden it for the ILS initial configuration at iteration 2.
[INFO]:[19:06:19] Warning: Initial value for parameter CPXPARAM_MIP_Strategy_VariableSelect is forbidden. So unforbidden it for the ILS initial configuration at iteration 2.
[INFO]:[19:06:19] ILS search space file written: /scratch/yorig/mpils-results-grid-ticks-10000-7may/medium-1/16proc-16pils/seed-8/9_neos-3024952-loue_seed-8_20260510_190554/iterated_local_search/search_space/search_space_file_2_worker_14.txt
[INFO]:[19:06:19] Writing ILS search space file for worker 15...
[INFO]:[19:06:19] Warning: Initial value for parameter CPXPARAM_MIP_Cuts_MIRCut is forbidden. So unforbidden it for the ILS initial configuration at iteration 2.
[INFO]:[19:06:19] Warning: Initial value for parameter CPXPARAM_MIP_Cuts_Covers is forbidden. So unforbidden it for the ILS initial configuration at iteration 2.
[INFO]:[19:06:19] Warning: Initial value for parameter CPXPARAM_MIP_Strategy_VariableSelect is forbidden. So unforbidden it for the ILS initial configuration at iteration 2.
[INFO]:[19:06:19] Warning: Initial configuration contains a forbidden tuple. So unforbidden it for ILS at iteration 2.
[INFO]:[19:06:19] Warning: Initial configuration contains a forbidden tuple. So unforbidden it for ILS at iteration 2.
[INFO]:[19:06:19] Warning: Initial configuration contains a forbidden tuple. So unforbidden it for ILS at iteration 2.
[INFO]:[19:06:19] ILS search space file written: /scratch/yorig/mpils-results-grid-ticks-10000-7may/medium-1/16proc-16pils/seed-8/9_neos-3024952-loue_seed-8_20260510_190554/iterated_local_search/search_space/search_space_file_2_worker_15.txt
[INFO]:[19:06:19] Launching Local Search Workers via MPI...
[INFO]:[19:06:19] Local Search Workers launched.
[INFO]:[19:06:19] Starting local search phase...
[INFO]:[19:06:19] Creating local search space from parameter space file: /scratch/yorig/mpils-results-grid-ticks-10000-7may/medium-1/16proc-16pils/seed-8/9_neos-3024952-loue_seed-8_20260510_190554/iterated_local_search/search_space/search_space_file_2.txt
[INFO]:[19:06:19] Local search space loaded from file: /scratch/yorig/mpils-results-grid-ticks-10000-7may/medium-1/16proc-16pils/seed-8/9_neos-3024952-loue_seed-8_20260510_190554/iterated_local_search/search_space/search_space_file_2.txt
[INFO]:[19:06:19] Number of parameters in local search space: 71
[INFO]:[19:06:19] Number of forbidden tuples in local search space: 13
[INFO]:[19:06:19] Number of conditionals in local search space: 6
[INFO]:[19:06:19] MIP start option not enabled. Local search will proceed without MIP start.
[INFO]:[19:06:19] Seeded initial configuration into local search cache with known objective value: 8.17
[INFO]:[19:06:19] Starting CPLEX solver on instance: /home/yorig/tuner/mpils-tests/instances/miplib/medium-1/neos-3024952-loue.mps with config: /scratch/yorig/mpils-results-grid-ticks-10000-7may/medium-1/16proc-16pils/seed-8/9_neos-3024952-loue_seed-8_20260510_190554/iterated_local_search/run_2_worker_0/ils_config_15766071412438499029.prm
[INFO]:[19:06:19] Starting CPLEX solver on instance: /home/yorig/tuner/mpils-tests/instances/miplib/medium-1/neos-3024952-loue.mps with config: /scratch/yorig/mpils-results-grid-ticks-10000-7may/medium-1/16proc-16pils/seed-8/9_neos-3024952-loue_seed-8_20260510_190554/iterated_local_search/run_2_worker_0/ils_config_15766071412438499029.prm
[INFO]:[19:06:27] CPLEX results. Gap: 8.170000, upper bound: 28506.000000, lower bound: 26177.703015
[INFO]:[19:06:27] CPLEX solver finished. Gap: 8.170000
[INFO]:[19:06:27] Local search phase completed.
[INFO]:[19:06:27] Total number of new local-search evaluations: 16
[INFO]:[19:06:27] Final incumbent objective value: 8.17
[INFO]:[19:06:27] recordEvaluation produced_mip_start=0 mip_start_file=''
[DEBUG]:[19:06:27] Added evaluation to memory with objective: 8.17, ConfigId: 15766071412438499029, EvalId: 46. Total evaluations stored: 46
[INFO]:[19:06:27] recordEvaluation produced_mip_start=0 mip_start_file=''
[DEBUG]:[19:06:27] Added evaluation to memory with objective: 8.19, ConfigId: 1809290910717196598, EvalId: 47. Total evaluations stored: 47
[INFO]:[19:06:27] recordEvaluation produced_mip_start=0 mip_start_file=''
[DEBUG]:[19:06:27] Added evaluation to memory with objective: 20.06, ConfigId: 16420741840512020823, EvalId: 48. Total evaluations stored: 48
[INFO]:[19:06:27] recordEvaluation produced_mip_start=0 mip_start_file=''
[DEBUG]:[19:06:27] Added evaluation to memory with objective: 8.17, ConfigId: 7907839887716162532, EvalId: 49. Total evaluations stored: 49
[INFO]:[19:06:27] recordEvaluation produced_mip_start=0 mip_start_file=''
[DEBUG]:[19:06:27] Added evaluation to memory with objective: 8.17, ConfigId: 11893528845819202082, EvalId: 50. Total evaluations stored: 50
[INFO]:[19:06:27] recordEvaluation produced_mip_start=0 mip_start_file=''
[DEBUG]:[19:06:27] Added evaluation to memory with objective: 8.2, ConfigId: 9997477702892008471, EvalId: 51. Total evaluations stored: 51
[INFO]:[19:06:27] recordEvaluation produced_mip_start=0 mip_start_file=''
[DEBUG]:[19:06:27] Added evaluation to memory with objective: 12.1, ConfigId: 16472849496794975364, EvalId: 52. Total evaluations stored: 52
[INFO]:[19:06:27] recordEvaluation produced_mip_start=0 mip_start_file=''
[DEBUG]:[19:06:27] Added evaluation to memory with objective: 13.16, ConfigId: 7243720736426560610, EvalId: 53. Total evaluations stored: 53
[INFO]:[19:06:27] recordEvaluation produced_mip_start=0 mip_start_file=''
[DEBUG]:[19:06:27] Added evaluation to memory with objective: 1.79769e+308, ConfigId: 16559549161038298769, EvalId: 54. Total evaluations stored: 54
[INFO]:[19:06:27] recordEvaluation produced_mip_start=0 mip_start_file=''
[DEBUG]:[19:06:27] Added evaluation to memory with objective: 10.19, ConfigId: 13525754057342298835, EvalId: 55. Total evaluations stored: 55
[INFO]:[19:06:27] recordEvaluation produced_mip_start=0 mip_start_file=''
[DEBUG]:[19:06:27] Added evaluation to memory with objective: 8.17, ConfigId: 11935172780792690046, EvalId: 56. Total evaluations stored: 56
[INFO]:[19:06:27] recordEvaluation produced_mip_start=0 mip_start_file=''
[DEBUG]:[19:06:27] Added evaluation to memory with objective: 8.17, ConfigId: 9156514515167800436, EvalId: 57. Total evaluations stored: 57
[INFO]:[19:06:27] recordEvaluation produced_mip_start=0 mip_start_file=''
[DEBUG]:[19:06:27] Added evaluation to memory with objective: 8.17, ConfigId: 6351755325122564624, EvalId: 58. Total evaluations stored: 58
[INFO]:[19:06:27] recordEvaluation produced_mip_start=0 mip_start_file=''
[DEBUG]:[19:06:27] Added evaluation to memory with objective: 10.27, ConfigId: 9690742388325955808, EvalId: 59. Total evaluations stored: 59
[INFO]:[19:06:27] recordEvaluation produced_mip_start=0 mip_start_file=''
[DEBUG]:[19:06:27] Added evaluation to memory with objective: 14.56, ConfigId: 10770681676174212411, EvalId: 60. Total evaluations stored: 60
[INFO]:[19:06:27] recordEvaluation produced_mip_start=0 mip_start_file=''
[DEBUG]:[19:06:27] Added evaluation to memory with objective: 14.4, ConfigId: 6600528987281186506, EvalId: 61. Total evaluations stored: 61
[INFO]:[19:06:27] Waiting for Local Search Workers via MPI...
[INFO]:[19:06:27] Local Search Workers have completed.
[INFO]:[19:06:27] IteratedLocalSearch Engine completed.
[INFO]:[19:06:27] Added16 evaluations to memory from exploration phase at iteration 2
[INFO]:[19:06:27] Exploration phase completed.
[INFO]:[19:06:27] Starting expansion phase...
[INFO]:[19:06:27] Selecting parameters for expansion phase...
[INFO]:[19:06:27] Selected expansion parameters: 10
[INFO]:[19:06:27] Creating configuration files for expansion parameters...
[INFO]:[19:06:27] Creating configurations for parameter: CPXPARAM_MIP_Strategy_NodeSelect
[DEBUG]:[19:06:27] Parameter CPXPARAM_MIP_Strategy_NodeSelect will be evaluated on 3 alternative value(s) after excluding the current base configuration value.
[DEBUG]:[19:06:27] Created configuration file for parameter CPXPARAM_MIP_Strategy_NodeSelect with value 0 at /scratch/yorig/mpils-results-grid-ticks-10000-7may/medium-1/16proc-16pils/seed-8/9_neos-3024952-loue_seed-8_20260510_190554/expansion/config_param_CPXPARAM_MIP_Strategy_NodeSelect_0_iter_2.prm
[DEBUG]:[19:06:27] Created configuration file for parameter CPXPARAM_MIP_Strategy_NodeSelect with value 2 at /scratch/yorig/mpils-results-grid-ticks-10000-7may/medium-1/16proc-16pils/seed-8/9_neos-3024952-loue_seed-8_20260510_190554/expansion/config_param_CPXPARAM_MIP_Strategy_NodeSelect_2_iter_2.prm
[DEBUG]:[19:06:27] Created configuration file for parameter CPXPARAM_MIP_Strategy_NodeSelect with value 3 at /scratch/yorig/mpils-results-grid-ticks-10000-7may/medium-1/16proc-16pils/seed-8/9_neos-3024952-loue_seed-8_20260510_190554/expansion/config_param_CPXPARAM_MIP_Strategy_NodeSelect_3_iter_2.prm
[INFO]:[19:06:27] Creating configurations for parameter: CPXPARAM_MIP_Strategy_Dive
[DEBUG]:[19:06:27] Parameter CPXPARAM_MIP_Strategy_Dive will be evaluated on 3 alternative value(s) after excluding the current base configuration value.
[DEBUG]:[19:06:27] Created configuration file for parameter CPXPARAM_MIP_Strategy_Dive with value 1 at /scratch/yorig/mpils-results-grid-ticks-10000-7may/medium-1/16proc-16pils/seed-8/9_neos-3024952-loue_seed-8_20260510_190554/expansion/config_param_CPXPARAM_MIP_Strategy_Dive_1_iter_2.prm
[DEBUG]:[19:06:27] Created configuration file for parameter CPXPARAM_MIP_Strategy_Dive with value 2 at /scratch/yorig/mpils-results-grid-ticks-10000-7may/medium-1/16proc-16pils/seed-8/9_neos-3024952-loue_seed-8_20260510_190554/expansion/config_param_CPXPARAM_MIP_Strategy_Dive_2_iter_2.prm
[DEBUG]:[19:06:27] Created configuration file for parameter CPXPARAM_MIP_Strategy_Dive with value 3 at /scratch/yorig/mpils-results-grid-ticks-10000-7may/medium-1/16proc-16pils/seed-8/9_neos-3024952-loue_seed-8_20260510_190554/expansion/config_param_CPXPARAM_MIP_Strategy_Dive_3_iter_2.prm
[INFO]:[19:06:27] Creating configurations for parameter: CPXPARAM_MIP_Limits_ProbeTime
[DEBUG]:[19:06:27] Parameter CPXPARAM_MIP_Limits_ProbeTime will be evaluated on 12 alternative value(s) after excluding the current base configuration value.
[DEBUG]:[19:06:27] Created configuration file for parameter CPXPARAM_MIP_Limits_ProbeTime with value 0 at /scratch/yorig/mpils-results-grid-ticks-10000-7may/medium-1/16proc-16pils/seed-8/9_neos-3024952-loue_seed-8_20260510_190554/expansion/config_param_CPXPARAM_MIP_Limits_ProbeTime_0_iter_2.prm
[DEBUG]:[19:06:27] Created configuration file for parameter CPXPARAM_MIP_Limits_ProbeTime with value 1 at /scratch/yorig/mpils-results-grid-ticks-10000-7may/medium-1/16proc-16pils/seed-8/9_neos-3024952-loue_seed-8_20260510_190554/expansion/config_param_CPXPARAM_MIP_Limits_ProbeTime_1_iter_2.prm
[DEBUG]:[19:06:27] Created configuration file for parameter CPXPARAM_MIP_Limits_ProbeTime with value 2 at /scratch/yorig/mpils-results-grid-ticks-10000-7may/medium-1/16proc-16pils/seed-8/9_neos-3024952-loue_seed-8_20260510_190554/expansion/config_param_CPXPARAM_MIP_Limits_ProbeTime_2_iter_2.prm
[DEBUG]:[19:06:27] Created configuration file for parameter CPXPARAM_MIP_Limits_ProbeTime with value 5 at /scratch/yorig/mpils-results-grid-ticks-10000-7may/medium-1/16proc-16pils/seed-8/9_neos-3024952-loue_seed-8_20260510_190554/expansion/config_param_CPXPARAM_MIP_Limits_ProbeTime_5_iter_2.prm
[DEBUG]:[19:06:27] Created configuration file for parameter CPXPARAM_MIP_Limits_ProbeTime with value 10 at /scratch/yorig/mpils-results-grid-ticks-10000-7may/medium-1/16proc-16pils/seed-8/9_neos-3024952-loue_seed-8_20260510_190554/expansion/config_param_CPXPARAM_MIP_Limits_ProbeTime_10_iter_2.prm
[DEBUG]:[19:06:27] Created configuration file for parameter CPXPARAM_MIP_Limits_ProbeTime with value 20 at /scratch/yorig/mpils-results-grid-ticks-10000-7may/medium-1/16proc-16pils/seed-8/9_neos-3024952-loue_seed-8_20260510_190554/expansion/config_param_CPXPARAM_MIP_Limits_ProbeTime_20_iter_2.prm
[DEBUG]:[19:06:27] Created configuration file for parameter CPXPARAM_MIP_Limits_ProbeTime with value 30 at /scratch/yorig/mpils-results-grid-ticks-10000-7may/medium-1/16proc-16pils/seed-8/9_neos-3024952-loue_seed-8_20260510_190554/expansion/config_param_CPXPARAM_MIP_Limits_ProbeTime_30_iter_2.prm
[DEBUG]:[19:06:27] Created configuration file for parameter CPXPARAM_MIP_Limits_ProbeTime with value 40 at /scratch/yorig/mpils-results-grid-ticks-10000-7may/medium-1/16proc-16pils/seed-8/9_neos-3024952-loue_seed-8_20260510_190554/expansion/config_param_CPXPARAM_MIP_Limits_ProbeTime_40_iter_2.prm
[DEBUG]:[19:06:27] Created configuration file for parameter CPXPARAM_MIP_Limits_ProbeTime with value 50 at /scratch/yorig/mpils-results-grid-ticks-10000-7may/medium-1/16proc-16pils/seed-8/9_neos-3024952-loue_seed-8_20260510_190554/expansion/config_param_CPXPARAM_MIP_Limits_ProbeTime_50_iter_2.prm
[DEBUG]:[19:06:27] Created configuration file for parameter CPXPARAM_MIP_Limits_ProbeTime with value 60 at /scratch/yorig/mpils-results-grid-ticks-10000-7may/medium-1/16proc-16pils/seed-8/9_neos-3024952-loue_seed-8_20260510_190554/expansion/config_param_CPXPARAM_MIP_Limits_ProbeTime_60_iter_2.prm
[DEBUG]:[19:06:27] Created configuration file for parameter CPXPARAM_MIP_Limits_ProbeTime with value 120 at /scratch/yorig/mpils-results-grid-ticks-10000-7may/medium-1/16proc-16pils/seed-8/9_neos-3024952-loue_seed-8_20260510_190554/expansion/config_param_CPXPARAM_MIP_Limits_ProbeTime_120_iter_2.prm
[DEBUG]:[19:06:27] Created configuration file for parameter CPXPARAM_MIP_Limits_ProbeTime with value 240 at /scratch/yorig/mpils-results-grid-ticks-10000-7may/medium-1/16proc-16pils/seed-8/9_neos-3024952-loue_seed-8_20260510_190554/expansion/config_param_CPXPARAM_MIP_Limits_ProbeTime_240_iter_2.prm
[INFO]:[19:06:27] Creating configurations for parameter: CPXPARAM_MIP_Strategy_RINSHeur
[DEBUG]:[19:06:27] Parameter CPXPARAM_MIP_Strategy_RINSHeur will be evaluated on 8 alternative value(s) after excluding the current base configuration value.
[DEBUG]:[19:06:27] Created configuration file for parameter CPXPARAM_MIP_Strategy_RINSHeur with value -1 at /scratch/yorig/mpils-results-grid-ticks-10000-7may/medium-1/16proc-16pils/seed-8/9_neos-3024952-loue_seed-8_20260510_190554/expansion/config_param_CPXPARAM_MIP_Strategy_RINSHeur_-1_iter_2.prm
[DEBUG]:[19:06:27] Created configuration file for parameter CPXPARAM_MIP_Strategy_RINSHeur with value 20 at /scratch/yorig/mpils-results-grid-ticks-10000-7may/medium-1/16proc-16pils/seed-8/9_neos-3024952-loue_seed-8_20260510_190554/expansion/config_param_CPXPARAM_MIP_Strategy_RINSHeur_20_iter_2.prm
[DEBUG]:[19:06:27] Created configuration file for parameter CPXPARAM_MIP_Strategy_RINSHeur with value 40 at /scratch/yorig/mpils-results-grid-ticks-10000-7may/medium-1/16proc-16pils/seed-8/9_neos-3024952-loue_seed-8_20260510_190554/expansion/config_param_CPXPARAM_MIP_Strategy_RINSHeur_40_iter_2.prm
[DEBUG]:[19:06:27] Created configuration file for parameter CPXPARAM_MIP_Strategy_RINSHeur with value 60 at /scratch/yorig/mpils-results-grid-ticks-10000-7may/medium-1/16proc-16pils/seed-8/9_neos-3024952-loue_seed-8_20260510_190554/expansion/config_param_CPXPARAM_MIP_Strategy_RINSHeur_60_iter_2.prm
[DEBUG]:[19:06:27] Created configuration file for parameter CPXPARAM_MIP_Strategy_RINSHeur with value 100 at /scratch/yorig/mpils-results-grid-ticks-10000-7may/medium-1/16proc-16pils/seed-8/9_neos-3024952-loue_seed-8_20260510_190554/expansion/config_param_CPXPARAM_MIP_Strategy_RINSHeur_100_iter_2.prm
[DEBUG]:[19:06:27] Created configuration file for parameter CPXPARAM_MIP_Strategy_RINSHeur with value 200 at /scratch/yorig/mpils-results-grid-ticks-10000-7may/medium-1/16proc-16pils/seed-8/9_neos-3024952-loue_seed-8_20260510_190554/expansion/config_param_CPXPARAM_MIP_Strategy_RINSHeur_200_iter_2.prm
[DEBUG]:[19:06:27] Created configuration file for parameter CPXPARAM_MIP_Strategy_RINSHeur with value 500 at /scratch/yorig/mpils-results-grid-ticks-10000-7may/medium-1/16proc-16pils/seed-8/9_neos-3024952-loue_seed-8_20260510_190554/expansion/config_param_CPXPARAM_MIP_Strategy_RINSHeur_500_iter_2.prm
[DEBUG]:[19:06:27] Created configuration file for parameter CPXPARAM_MIP_Strategy_RINSHeur with value 1000 at /scratch/yorig/mpils-results-grid-ticks-10000-7may/medium-1/16proc-16pils/seed-8/9_neos-3024952-loue_seed-8_20260510_190554/expansion/config_param_CPXPARAM_MIP_Strategy_RINSHeur_1000_iter_2.prm
[INFO]:[19:06:27] Creating configurations for parameter: CPXPARAM_MIP_Strategy_BBInterval
[DEBUG]:[19:06:27] Parameter CPXPARAM_MIP_Strategy_BBInterval will be evaluated on 8 alternative value(s) after excluding the current base configuration value.
[DEBUG]:[19:06:27] Created configuration file for parameter CPXPARAM_MIP_Strategy_BBInterval with value 0 at /scratch/yorig/mpils-results-grid-ticks-10000-7may/medium-1/16proc-16pils/seed-8/9_neos-3024952-loue_seed-8_20260510_190554/expansion/config_param_CPXPARAM_MIP_Strategy_BBInterval_0_iter_2.prm
[DEBUG]:[19:06:27] Created configuration file for parameter CPXPARAM_MIP_Strategy_BBInterval with value 2 at /scratch/yorig/mpils-results-grid-ticks-10000-7may/medium-1/16proc-16pils/seed-8/9_neos-3024952-loue_seed-8_20260510_190554/expansion/config_param_CPXPARAM_MIP_Strategy_BBInterval_2_iter_2.prm
[DEBUG]:[19:06:27] Created configuration file for parameter CPXPARAM_MIP_Strategy_BBInterval with value 3 at /scratch/yorig/mpils-results-grid-ticks-10000-7may/medium-1/16proc-16pils/seed-8/9_neos-3024952-loue_seed-8_20260510_190554/expansion/config_param_CPXPARAM_MIP_Strategy_BBInterval_3_iter_2.prm
[DEBUG]:[19:06:27] Created configuration file for parameter CPXPARAM_MIP_Strategy_BBInterval with value 4 at /scratch/yorig/mpils-results-grid-ticks-10000-7may/medium-1/16proc-16pils/seed-8/9_neos-3024952-loue_seed-8_20260510_190554/expansion/config_param_CPXPARAM_MIP_Strategy_BBInterval_4_iter_2.prm
[DEBUG]:[19:06:27] Created configuration file for parameter CPXPARAM_MIP_Strategy_BBInterval with value 5 at /scratch/yorig/mpils-results-grid-ticks-10000-7may/medium-1/16proc-16pils/seed-8/9_neos-3024952-loue_seed-8_20260510_190554/expansion/config_param_CPXPARAM_MIP_Strategy_BBInterval_5_iter_2.prm
[DEBUG]:[19:06:27] Created configuration file for parameter CPXPARAM_MIP_Strategy_BBInterval with value 10 at /scratch/yorig/mpils-results-grid-ticks-10000-7may/medium-1/16proc-16pils/seed-8/9_neos-3024952-loue_seed-8_20260510_190554/expansion/config_param_CPXPARAM_MIP_Strategy_BBInterval_10_iter_2.prm
[DEBUG]:[19:06:27] Created configuration file for parameter CPXPARAM_MIP_Strategy_BBInterval with value 15 at /scratch/yorig/mpils-results-grid-ticks-10000-7may/medium-1/16proc-16pils/seed-8/9_neos-3024952-loue_seed-8_20260510_190554/expansion/config_param_CPXPARAM_MIP_Strategy_BBInterval_15_iter_2.prm
[DEBUG]:[19:06:27] Created configuration file for parameter CPXPARAM_MIP_Strategy_BBInterval with value 30 at /scratch/yorig/mpils-results-grid-ticks-10000-7may/medium-1/16proc-16pils/seed-8/9_neos-3024952-loue_seed-8_20260510_190554/expansion/config_param_CPXPARAM_MIP_Strategy_BBInterval_30_iter_2.prm
[INFO]:[19:06:27] Creating configurations for parameter: CPXPARAM_MIP_Strategy_Branch
[DEBUG]:[19:06:27] Parameter CPXPARAM_MIP_Strategy_Branch will be evaluated on 2 alternative value(s) after excluding the current base configuration value.
[DEBUG]:[19:06:27] Created configuration file for parameter CPXPARAM_MIP_Strategy_Branch with value -1 at /scratch/yorig/mpils-results-grid-ticks-10000-7may/medium-1/16proc-16pils/seed-8/9_neos-3024952-loue_seed-8_20260510_190554/expansion/config_param_CPXPARAM_MIP_Strategy_Branch_-1_iter_2.prm
[DEBUG]:[19:06:27] Created configuration file for parameter CPXPARAM_MIP_Strategy_Branch with value 1 at /scratch/yorig/mpils-results-grid-ticks-10000-7may/medium-1/16proc-16pils/seed-8/9_neos-3024952-loue_seed-8_20260510_190554/expansion/config_param_CPXPARAM_MIP_Strategy_Branch_1_iter_2.prm
[INFO]:[19:06:27] Creating configurations for parameter: CPXPARAM_MIP_Limits_CutsFactor
[DEBUG]:[19:06:27] Parameter CPXPARAM_MIP_Limits_CutsFactor will be evaluated on 5 alternative value(s) after excluding the current base configuration value.
[DEBUG]:[19:06:27] Created configuration file for parameter CPXPARAM_MIP_Limits_CutsFactor with value 1 at /scratch/yorig/mpils-results-grid-ticks-10000-7may/medium-1/16proc-16pils/seed-8/9_neos-3024952-loue_seed-8_20260510_190554/expansion/config_param_CPXPARAM_MIP_Limits_CutsFactor_1_iter_2.prm
[DEBUG]:[19:06:27] Created configuration file for parameter CPXPARAM_MIP_Limits_CutsFactor with value 2 at /scratch/yorig/mpils-results-grid-ticks-10000-7may/medium-1/16proc-16pils/seed-8/9_neos-3024952-loue_seed-8_20260510_190554/expansion/config_param_CPXPARAM_MIP_Limits_CutsFactor_2_iter_2.prm
[DEBUG]:[19:06:27] Created configuration file for parameter CPXPARAM_MIP_Limits_CutsFactor with value 4 at /scratch/yorig/mpils-results-grid-ticks-10000-7may/medium-1/16proc-16pils/seed-8/9_neos-3024952-loue_seed-8_20260510_190554/expansion/config_param_CPXPARAM_MIP_Limits_CutsFactor_4_iter_2.prm
[DEBUG]:[19:06:27] Created configuration file for parameter CPXPARAM_MIP_Limits_CutsFactor with value 8 at /scratch/yorig/mpils-results-grid-ticks-10000-7may/medium-1/16proc-16pils/seed-8/9_neos-3024952-loue_seed-8_20260510_190554/expansion/config_param_CPXPARAM_MIP_Limits_CutsFactor_8_iter_2.prm
[DEBUG]:[19:06:27] Created configuration file for parameter CPXPARAM_MIP_Limits_CutsFactor with value 16 at /scratch/yorig/mpils-results-grid-ticks-10000-7may/medium-1/16proc-16pils/seed-8/9_neos-3024952-loue_seed-8_20260510_190554/expansion/config_param_CPXPARAM_MIP_Limits_CutsFactor_16_iter_2.prm
[INFO]:[19:06:27] Creating configurations for parameter: CPXPARAM_MIP_Strategy_PresolveNode
[DEBUG]:[19:06:27] Parameter CPXPARAM_MIP_Strategy_PresolveNode will be evaluated on 4 alternative value(s) after excluding the current base configuration value.
[DEBUG]:[19:06:27] Created configuration file for parameter CPXPARAM_MIP_Strategy_PresolveNode with value -1 at /scratch/yorig/mpils-results-grid-ticks-10000-7may/medium-1/16proc-16pils/seed-8/9_neos-3024952-loue_seed-8_20260510_190554/expansion/config_param_CPXPARAM_MIP_Strategy_PresolveNode_-1_iter_2.prm
[DEBUG]:[19:06:27] Created configuration file for parameter CPXPARAM_MIP_Strategy_PresolveNode with value 1 at /scratch/yorig/mpils-results-grid-ticks-10000-7may/medium-1/16proc-16pils/seed-8/9_neos-3024952-loue_seed-8_20260510_190554/expansion/config_param_CPXPARAM_MIP_Strategy_PresolveNode_1_iter_2.prm
[DEBUG]:[19:06:27] Created configuration file for parameter CPXPARAM_MIP_Strategy_PresolveNode with value 2 at /scratch/yorig/mpils-results-grid-ticks-10000-7may/medium-1/16proc-16pils/seed-8/9_neos-3024952-loue_seed-8_20260510_190554/expansion/config_param_CPXPARAM_MIP_Strategy_PresolveNode_2_iter_2.prm
[DEBUG]:[19:06:27] Created configuration file for parameter CPXPARAM_MIP_Strategy_PresolveNode with value 3 at /scratch/yorig/mpils-results-grid-ticks-10000-7may/medium-1/16proc-16pils/seed-8/9_neos-3024952-loue_seed-8_20260510_190554/expansion/config_param_CPXPARAM_MIP_Strategy_PresolveNode_3_iter_2.prm
[INFO]:[19:06:27] Creating configurations for parameter: CPXPARAM_MIP_Strategy_Order
[DEBUG]:[19:06:27] Parameter CPXPARAM_MIP_Strategy_Order will be evaluated on 1 alternative value(s) after excluding the current base configuration value.
[DEBUG]:[19:06:27] Created configuration file for parameter CPXPARAM_MIP_Strategy_Order with value 0 at /scratch/yorig/mpils-results-grid-ticks-10000-7may/medium-1/16proc-16pils/seed-8/9_neos-3024952-loue_seed-8_20260510_190554/expansion/config_param_CPXPARAM_MIP_Strategy_Order_0_iter_2.prm
[INFO]:[19:06:27] Creating configurations for parameter: CPXPARAM_Preprocessing_Presolve
[DEBUG]:[19:06:27] Parameter CPXPARAM_Preprocessing_Presolve will be evaluated on 1 alternative value(s) after excluding the current base configuration value.
[DEBUG]:[19:06:27] Created configuration file for parameter CPXPARAM_Preprocessing_Presolve with value 0 at /scratch/yorig/mpils-results-grid-ticks-10000-7may/medium-1/16proc-16pils/seed-8/9_neos-3024952-loue_seed-8_20260510_190554/expansion/config_param_CPXPARAM_Preprocessing_Presolve_0_iter_2.prm
[INFO]:[19:06:27] Created 47 configuration files for expansion phase at iteration 2.
[INFO]:[19:06:27] Skipped 0 expansion parameter(s) with no alternative value to evaluate.
[INFO]:[19:06:27] Launching Expansion Workers via MPI...
[INFO]:[19:06:27] Expansion Workers launched.
[INFO]:[19:06:27] Evaluating expansion parameters...
[INFO]:[19:06:27] Starting CPLEX solver on instance: /home/yorig/tuner/mpils-tests/instances/miplib/medium-1/neos-3024952-loue.mps with config: /scratch/yorig/mpils-results-grid-ticks-10000-7may/medium-1/16proc-16pils/seed-8/9_neos-3024952-loue_seed-8_20260510_190554/expansion/config_param_CPXPARAM_MIP_Strategy_NodeSelect_0_iter_2.prm
[INFO]:[19:06:35] CPLEX results. Gap: 11.220000, upper bound: 29398.000000, lower bound: 26099.973700
[INFO]:[19:06:35] CPLEX solver finished. Gap: 11.220000
[INFO]:[19:06:35] Starting CPLEX solver on instance: /home/yorig/tuner/mpils-tests/instances/miplib/medium-1/neos-3024952-loue.mps with config: /scratch/yorig/mpils-results-grid-ticks-10000-7may/medium-1/16proc-16pils/seed-8/9_neos-3024952-loue_seed-8_20260510_190554/expansion/config_param_CPXPARAM_MIP_Limits_ProbeTime_120_iter_2.prm
[INFO]:[19:06:43] CPLEX results. Gap: 5.550000, upper bound: 27690.000000, lower bound: 26152.595910
[INFO]:[19:06:43] CPLEX solver finished. Gap: 5.550000
[INFO]:[19:06:43] Starting CPLEX solver on instance: /home/yorig/tuner/mpils-tests/instances/miplib/medium-1/neos-3024952-loue.mps with config: /scratch/yorig/mpils-results-grid-ticks-10000-7may/medium-1/16proc-16pils/seed-8/9_neos-3024952-loue_seed-8_20260510_190554/expansion/config_param_CPXPARAM_MIP_Strategy_BBInterval_15_iter_2.prm
[INFO]:[19:06:51] CPLEX results. Gap: 5.550000, upper bound: 27690.000000, lower bound: 26152.595910
[INFO]:[19:06:51] CPLEX solver finished. Gap: 5.550000
[INFO]:[19:06:51] recordEvaluation produced_mip_start=0 mip_start_file=''
[DEBUG]:[19:06:51] Added evaluation to memory with objective: 11.22, ConfigId: 7788007355727276807, EvalId: 62. Total evaluations stored: 62
[INFO]:[19:06:51] recordEvaluation produced_mip_start=0 mip_start_file=''
[DEBUG]:[19:06:51] Added evaluation to memory with objective: 9.66, ConfigId: 13303149477972237019, EvalId: 63. Total evaluations stored: 63
[INFO]:[19:06:51] recordEvaluation produced_mip_start=0 mip_start_file=''
[DEBUG]:[19:06:51] Added evaluation to memory with objective: 8.54, ConfigId: 12531539386634871928, EvalId: 64. Total evaluations stored: 64
[INFO]:[19:06:51] recordEvaluation produced_mip_start=0 mip_start_file=''
[DEBUG]:[19:06:51] Added evaluation to memory with objective: 8.12, ConfigId: 13160339821937343825, EvalId: 65. Total evaluations stored: 65
[INFO]:[19:06:51] recordEvaluation produced_mip_start=0 mip_start_file=''
[DEBUG]:[19:06:51] Added evaluation to memory with objective: 8.59, ConfigId: 2502797356431397718, EvalId: 66. Total evaluations stored: 66
[INFO]:[19:06:51] recordEvaluation produced_mip_start=0 mip_start_file=''
[DEBUG]:[19:06:51] Added evaluation to memory with objective: 5.72, ConfigId: 16004703538373962373, EvalId: 67. Total evaluations stored: 67
[INFO]:[19:06:51] recordEvaluation produced_mip_start=0 mip_start_file=''
[DEBUG]:[19:06:51] Added evaluation to memory with objective: 5.55, ConfigId: 7608678457076361610, EvalId: 68. Total evaluations stored: 68
[INFO]:[19:06:51] recordEvaluation produced_mip_start=0 mip_start_file=''
[DEBUG]:[19:06:51] Added evaluation to memory with objective: 5.55, ConfigId: 14738142378958661613, EvalId: 69. Total evaluations stored: 69
[INFO]:[19:06:51] recordEvaluation produced_mip_start=0 mip_start_file=''
[DEBUG]:[19:06:51] Added evaluation to memory with objective: 5.55, ConfigId: 18268533213998144113, EvalId: 70. Total evaluations stored: 70
[INFO]:[19:06:51] recordEvaluation produced_mip_start=0 mip_start_file=''
[DEBUG]:[19:06:51] Added evaluation to memory with objective: 5.55, ConfigId: 227094786859322048, EvalId: 71. Total evaluations stored: 71
[INFO]:[19:06:51] recordEvaluation produced_mip_start=0 mip_start_file=''
[DEBUG]:[19:06:51] Added evaluation to memory with objective: 5.55, ConfigId: 18154547469880008920, EvalId: 72. Total evaluations stored: 72
[INFO]:[19:06:51] recordEvaluation produced_mip_start=0 mip_start_file=''
[DEBUG]:[19:06:51] Added evaluation to memory with objective: 5.55, ConfigId: 557997440494425836, EvalId: 73. Total evaluations stored: 73
[INFO]:[19:06:51] recordEvaluation produced_mip_start=0 mip_start_file=''
[DEBUG]:[19:06:51] Added evaluation to memory with objective: 5.55, ConfigId: 231260275134388305, EvalId: 74. Total evaluations stored: 74
[INFO]:[19:06:51] recordEvaluation produced_mip_start=0 mip_start_file=''
[DEBUG]:[19:06:51] Added evaluation to memory with objective: 5.55, ConfigId: 16377199955181264582, EvalId: 75. Total evaluations stored: 75
[INFO]:[19:06:51] recordEvaluation produced_mip_start=0 mip_start_file=''
[DEBUG]:[19:06:51] Added evaluation to memory with objective: 5.55, ConfigId: 10061955614397035530, EvalId: 76. Total evaluations stored: 76
[INFO]:[19:06:51] recordEvaluation produced_mip_start=0 mip_start_file=''
[DEBUG]:[19:06:51] Added evaluation to memory with objective: 5.55, ConfigId: 13737151788849759800, EvalId: 77. Total evaluations stored: 77
[INFO]:[19:06:51] recordEvaluation produced_mip_start=0 mip_start_file=''
[DEBUG]:[19:06:51] Added evaluation to memory with objective: 5.55, ConfigId: 4108757457001639982, EvalId: 78. Total evaluations stored: 78
[INFO]:[19:06:51] recordEvaluation produced_mip_start=0 mip_start_file=''
[DEBUG]:[19:06:51] Added evaluation to memory with objective: 5.55, ConfigId: 13026858423763165182, EvalId: 79. Total evaluations stored: 79
[INFO]:[19:06:51] recordEvaluation produced_mip_start=0 mip_start_file=''
[DEBUG]:[19:06:51] Added evaluation to memory with objective: 6.57, ConfigId: 319453990373397811, EvalId: 80. Total evaluations stored: 80
[INFO]:[19:06:51] recordEvaluation produced_mip_start=0 mip_start_file=''
[DEBUG]:[19:06:51] Added evaluation to memory with objective: 8.05, ConfigId: 3964917958926795457, EvalId: 81. Total evaluations stored: 81
[INFO]:[19:06:51] recordEvaluation produced_mip_start=0 mip_start_file=''
[DEBUG]:[19:06:51] Added evaluation to memory with objective: 8.38, ConfigId: 16323773238095641586, EvalId: 82. Total evaluations stored: 82
[INFO]:[19:06:51] recordEvaluation produced_mip_start=0 mip_start_file=''
[DEBUG]:[19:06:51] Added evaluation to memory with objective: 9.75, ConfigId: 280914934111608110, EvalId: 83. Total evaluations stored: 83
[INFO]:[19:06:51] recordEvaluation produced_mip_start=0 mip_start_file=''
[DEBUG]:[19:06:51] Added evaluation to memory with objective: 9.23, ConfigId: 317084618190445777, EvalId: 84. Total evaluations stored: 84
[INFO]:[19:06:51] recordEvaluation produced_mip_start=0 mip_start_file=''
[DEBUG]:[19:06:51] Added evaluation to memory with objective: 9.3, ConfigId: 13175592780205275877, EvalId: 85. Total evaluations stored: 85
[INFO]:[19:06:51] recordEvaluation produced_mip_start=0 mip_start_file=''
[DEBUG]:[19:06:51] Added evaluation to memory with objective: 9.3, ConfigId: 7762512722214219438, EvalId: 86. Total evaluations stored: 86
[INFO]:[19:06:51] recordEvaluation produced_mip_start=0 mip_start_file=''
[DEBUG]:[19:06:51] Added evaluation to memory with objective: 9.3, ConfigId: 7287495805414560364, EvalId: 87. Total evaluations stored: 87
[INFO]:[19:06:51] recordEvaluation produced_mip_start=0 mip_start_file=''
[DEBUG]:[19:06:51] Added evaluation to memory with objective: 5.55, ConfigId: 6958508147783367947, EvalId: 88. Total evaluations stored: 88
[INFO]:[19:06:51] recordEvaluation produced_mip_start=0 mip_start_file=''
[DEBUG]:[19:06:51] Added evaluation to memory with objective: 5.55, ConfigId: 16425929294874868245, EvalId: 89. Total evaluations stored: 89
[INFO]:[19:06:51] recordEvaluation produced_mip_start=0 mip_start_file=''
[DEBUG]:[19:06:51] Added evaluation to memory with objective: 5.55, ConfigId: 16218659457963782889, EvalId: 90. Total evaluations stored: 90
[INFO]:[19:06:51] recordEvaluation produced_mip_start=0 mip_start_file=''
[DEBUG]:[19:06:51] Added evaluation to memory with objective: 5.55, ConfigId: 12252676641509272233, EvalId: 91. Total evaluations stored: 91
[INFO]:[19:06:51] recordEvaluation produced_mip_start=0 mip_start_file=''
[DEBUG]:[19:06:51] Added evaluation to memory with objective: 5.55, ConfigId: 15744588189444926995, EvalId: 92. Total evaluations stored: 92
[INFO]:[19:06:51] recordEvaluation produced_mip_start=0 mip_start_file=''
[DEBUG]:[19:06:51] Added evaluation to memory with objective: 5.55, ConfigId: 7888371595324899087, EvalId: 93. Total evaluations stored: 93
[INFO]:[19:06:51] recordEvaluation produced_mip_start=0 mip_start_file=''
[DEBUG]:[19:06:51] Added evaluation to memory with objective: 5.55, ConfigId: 701523803586083371, EvalId: 94. Total evaluations stored: 94
[INFO]:[19:06:51] recordEvaluation produced_mip_start=0 mip_start_file=''
[DEBUG]:[19:06:51] Added evaluation to memory with objective: 5.55, ConfigId: 6467715138716955244, EvalId: 95. Total evaluations stored: 95
[INFO]:[19:06:51] recordEvaluation produced_mip_start=0 mip_start_file=''
[DEBUG]:[19:06:51] Added evaluation to memory with objective: 1.79769e+308, ConfigId: 18067978239530762300, EvalId: 96. Total evaluations stored: 96
[INFO]:[19:06:51] recordEvaluation produced_mip_start=0 mip_start_file=''
[DEBUG]:[19:06:51] Added evaluation to memory with objective: 17.09, ConfigId: 11010697421279476169, EvalId: 97. Total evaluations stored: 97
[INFO]:[19:06:51] recordEvaluation produced_mip_start=0 mip_start_file=''
[DEBUG]:[19:06:51] Added evaluation to memory with objective: 22.21, ConfigId: 4092046920931946004, EvalId: 98. Total evaluations stored: 98
[INFO]:[19:06:51] recordEvaluation produced_mip_start=0 mip_start_file=''
[DEBUG]:[19:06:51] Added evaluation to memory with objective: 5.55, ConfigId: 13594252743566123906, EvalId: 99. Total evaluations stored: 99
[INFO]:[19:06:51] recordEvaluation produced_mip_start=0 mip_start_file=''
[DEBUG]:[19:06:51] Added evaluation to memory with objective: 5.55, ConfigId: 13728238875908801489, EvalId: 100. Total evaluations stored: 100
[INFO]:[19:06:51] recordEvaluation produced_mip_start=0 mip_start_file=''
[DEBUG]:[19:06:51] Added evaluation to memory with objective: 5.55, ConfigId: 3520414897725419592, EvalId: 101. Total evaluations stored: 101
[INFO]:[19:06:51] recordEvaluation produced_mip_start=0 mip_start_file=''
[DEBUG]:[19:06:51] Added evaluation to memory with objective: 5.55, ConfigId: 12912598821405529815, EvalId: 102. Total evaluations stored: 102
[INFO]:[19:06:51] recordEvaluation produced_mip_start=0 mip_start_file=''
[DEBUG]:[19:06:51] Added evaluation to memory with objective: 10.01, ConfigId: 17726478376302366571, EvalId: 103. Total evaluations stored: 103
[INFO]:[19:06:51] recordEvaluation produced_mip_start=0 mip_start_file=''
[DEBUG]:[19:06:51] Added evaluation to memory with objective: 12.39, ConfigId: 16743580511896372419, EvalId: 104. Total evaluations stored: 104
[INFO]:[19:06:51] recordEvaluation produced_mip_start=0 mip_start_file=''
[DEBUG]:[19:06:51] Added evaluation to memory with objective: 9.69, ConfigId: 16576886512340605270, EvalId: 105. Total evaluations stored: 105
[INFO]:[19:06:51] recordEvaluation produced_mip_start=0 mip_start_file=''
[DEBUG]:[19:06:51] Added evaluation to memory with objective: 7.81, ConfigId: 16104634130996372742, EvalId: 106. Total evaluations stored: 106
[INFO]:[19:06:51] recordEvaluation produced_mip_start=0 mip_start_file=''
[DEBUG]:[19:06:51] Added evaluation to memory with objective: 5.55, ConfigId: 11218384953877996099, EvalId: 107. Total evaluations stored: 107
[INFO]:[19:06:51] recordEvaluation produced_mip_start=0 mip_start_file=''
[DEBUG]:[19:06:51] Added evaluation to memory with objective: 17.7, ConfigId: 11539688089571008775, EvalId: 108. Total evaluations stored: 108
[INFO]:[19:06:51] Waiting for Expansion Workers via MPI...
[INFO]:[19:06:51] Expansion Workers have completed.
[INFO]:[19:06:51] Evaluated expansion parameters: 10
[INFO]:[19:06:51] Classifying expansion parameters...
[DEBUG]:[19:06:51] Parameter CPXPARAM_MIP_Strategy_NodeSelect valid evaluations: 3, invalid evaluations: 0, c_p: 8.54, s_p: 5.38429, selected_stage_1: No, discarded_by_threshold: No
[DEBUG]:[19:06:51] Parameter CPXPARAM_MIP_Strategy_Dive valid evaluations: 3, invalid evaluations: 0, c_p: 5.72, s_p: 2.81739, selected_stage_1: No, discarded_by_threshold: No
[DEBUG]:[19:06:51] Parameter CPXPARAM_MIP_Limits_ProbeTime valid evaluations: 12, invalid evaluations: 0, c_p: 5.55, s_p: 0, selected_stage_1: No, discarded_by_threshold: No
[DEBUG]:[19:06:51] Parameter CPXPARAM_MIP_Strategy_RINSHeur valid evaluations: 8, invalid evaluations: 0, c_p: 6.57, s_p: 3.55908, selected_stage_1: No, discarded_by_threshold: No
[DEBUG]:[19:06:51] Parameter CPXPARAM_MIP_Strategy_BBInterval valid evaluations: 8, invalid evaluations: 0, c_p: 5.55, s_p: 0, selected_stage_1: No, discarded_by_threshold: No
[DEBUG]:[19:06:51] Parameter CPXPARAM_MIP_Strategy_Branch valid evaluations: 1, invalid evaluations: 1, c_p: 17.09, s_p: 0, selected_stage_1: No, discarded_by_threshold: No
[DEBUG]:[19:06:51] Parameter CPXPARAM_MIP_Limits_CutsFactor valid evaluations: 5, invalid evaluations: 0, c_p: 5.55, s_p: 8.33, selected_stage_1: No, discarded_by_threshold: No
[DEBUG]:[19:06:51] Parameter CPXPARAM_MIP_Strategy_PresolveNode valid evaluations: 4, invalid evaluations: 0, c_p: 7.81, s_p: 5.4444, selected_stage_1: No, discarded_by_threshold: No
[DEBUG]:[19:06:51] Parameter CPXPARAM_MIP_Strategy_Order valid evaluations: 1, invalid evaluations: 0, c_p: 5.55, s_p: 0, selected_stage_1: No, discarded_by_threshold: No
[DEBUG]:[19:06:51] Parameter CPXPARAM_Preprocessing_Presolve valid evaluations: 1, invalid evaluations: 0, c_p: 17.7, s_p: 0, selected_stage_1: No, discarded_by_threshold: No
[DEBUG]:[19:06:51] Parameter CPXPARAM_MIP_Strategy_NodeSelect is dominated by parameter CPXPARAM_MIP_Limits_CutsFactor.
[DEBUG]:[19:06:51] Parameter CPXPARAM_MIP_Strategy_Dive is dominated by parameter CPXPARAM_MIP_Limits_CutsFactor.
[DEBUG]:[19:06:51] Parameter CPXPARAM_MIP_Limits_ProbeTime is dominated by parameter CPXPARAM_MIP_Limits_CutsFactor.
[DEBUG]:[19:06:51] Parameter CPXPARAM_MIP_Strategy_RINSHeur is dominated by parameter CPXPARAM_MIP_Limits_CutsFactor.
[DEBUG]:[19:06:51] Parameter CPXPARAM_MIP_Strategy_BBInterval is dominated by parameter CPXPARAM_MIP_Limits_CutsFactor.
[DEBUG]:[19:06:51] Parameter CPXPARAM_MIP_Strategy_Branch is dominated by parameter CPXPARAM_MIP_Strategy_NodeSelect.
[DEBUG]:[19:06:51] Parameter CPXPARAM_MIP_Strategy_PresolveNode is dominated by parameter CPXPARAM_MIP_Limits_CutsFactor.
[DEBUG]:[19:06:51] Parameter CPXPARAM_MIP_Strategy_Order is dominated by parameter CPXPARAM_MIP_Limits_CutsFactor.
[DEBUG]:[19:06:51] Parameter CPXPARAM_Preprocessing_Presolve is dominated by parameter CPXPARAM_MIP_Strategy_NodeSelect.
[DEBUG]:[19:06:51] Parameter CPXPARAM_MIP_Strategy_NodeSelect metrics - c_p: 8.54, s_p: 5.38429, selected_stage_1: No, discarded_by_threshold: No, dominated: Yes
[DEBUG]:[19:06:51] Parameter CPXPARAM_MIP_Strategy_Dive metrics - c_p: 5.72, s_p: 2.81739, selected_stage_1: No, discarded_by_threshold: No, dominated: Yes
[DEBUG]:[19:06:51] Parameter CPXPARAM_MIP_Limits_ProbeTime metrics - c_p: 5.55, s_p: 0, selected_stage_1: No, discarded_by_threshold: No, dominated: Yes
[DEBUG]:[19:06:51] Parameter CPXPARAM_MIP_Strategy_RINSHeur metrics - c_p: 6.57, s_p: 3.55908, selected_stage_1: No, discarded_by_threshold: No, dominated: Yes
[DEBUG]:[19:06:51] Parameter CPXPARAM_MIP_Strategy_BBInterval metrics - c_p: 5.55, s_p: 0, selected_stage_1: No, discarded_by_threshold: No, dominated: Yes
[DEBUG]:[19:06:51] Parameter CPXPARAM_MIP_Strategy_Branch metrics - c_p: 17.09, s_p: 0, selected_stage_1: No, discarded_by_threshold: No, dominated: Yes
[DEBUG]:[19:06:51] Parameter CPXPARAM_MIP_Limits_CutsFactor metrics - c_p: 5.55, s_p: 8.33, selected_stage_1: No, discarded_by_threshold: No, dominated: No
[DEBUG]:[19:06:51] Parameter CPXPARAM_MIP_Strategy_PresolveNode metrics - c_p: 7.81, s_p: 5.4444, selected_stage_1: No, discarded_by_threshold: No, dominated: Yes
[DEBUG]:[19:06:51] Parameter CPXPARAM_MIP_Strategy_Order metrics - c_p: 5.55, s_p: 0, selected_stage_1: No, discarded_by_threshold: No, dominated: Yes
[DEBUG]:[19:06:51] Parameter CPXPARAM_Preprocessing_Presolve metrics - c_p: 17.7, s_p: 0, selected_stage_1: No, discarded_by_threshold: No, dominated: Yes
[INFO]:[19:06:51] Updating parameter flags based on classification...
[INFO]:[19:06:51] Parameter CPXPARAM_MIP_Strategy_NodeSelect discarded from tuning.
[INFO]:[19:06:51] Parameter CPXPARAM_MIP_Strategy_Dive discarded from tuning.
[INFO]:[19:06:51] Parameter CPXPARAM_MIP_Limits_ProbeTime discarded from tuning.
[INFO]:[19:06:51] Parameter CPXPARAM_MIP_Strategy_RINSHeur discarded from tuning.
[INFO]:[19:06:51] Parameter CPXPARAM_MIP_Strategy_BBInterval discarded from tuning.
[INFO]:[19:06:51] Parameter CPXPARAM_MIP_Strategy_Branch discarded from tuning.
[INFO]:[19:06:51] Parameter CPXPARAM_MIP_Limits_CutsFactor selected for tuning.
[INFO]:[19:06:51] Parameter CPXPARAM_MIP_Strategy_PresolveNode discarded from tuning.
[INFO]:[19:06:51] Parameter CPXPARAM_MIP_Strategy_Order discarded from tuning.
[INFO]:[19:06:51] Parameter CPXPARAM_Preprocessing_Presolve discarded from tuning.
[DEBUG]:[19:06:51] Classified parameters at iteration 2 - To Select: 1, To Discard: 9
[DEBUG]:[19:06:51] Parameter: CPXPARAM_MIP_Strategy_NodeSelect, To Select: No, To Discard: Yes
[DEBUG]:[19:06:51] Parameter: CPXPARAM_MIP_Strategy_Dive, To Select: No, To Discard: Yes
[DEBUG]:[19:06:51] Parameter: CPXPARAM_MIP_Limits_ProbeTime, To Select: No, To Discard: Yes
[DEBUG]:[19:06:51] Parameter: CPXPARAM_MIP_Strategy_RINSHeur, To Select: No, To Discard: Yes
[DEBUG]:[19:06:51] Parameter: CPXPARAM_MIP_Strategy_BBInterval, To Select: No, To Discard: Yes
[DEBUG]:[19:06:51] Parameter: CPXPARAM_MIP_Strategy_Branch, To Select: No, To Discard: Yes
[DEBUG]:[19:06:51] Parameter: CPXPARAM_MIP_Limits_CutsFactor, To Select: Yes, To Discard: No
[DEBUG]:[19:06:51] Parameter: CPXPARAM_MIP_Strategy_PresolveNode, To Select: No, To Discard: Yes
[DEBUG]:[19:06:51] Parameter: CPXPARAM_MIP_Strategy_Order, To Select: No, To Discard: Yes
[DEBUG]:[19:06:51] Parameter: CPXPARAM_Preprocessing_Presolve, To Select: No, To Discard: Yes
[INFO]:[19:06:51] Added 47 evaluations to memory from expansion phase at iteration 2
[INFO]:[19:06:51] Expansion phase completed.
[INFO]:[19:06:51] Starting pruning phase...
[INFO]:[19:06:51] Writing learner file for pruning phase: /scratch/yorig/mpils-results-grid-ticks-10000-7may/medium-1/16proc-16pils/seed-8/9_neos-3024952-loue_seed-8_20260510_190554/pruning/input/learner_file_2.txt
[INFO]:[19:06:51] Learner file written successfully: /scratch/yorig/mpils-results-grid-ticks-10000-7may/medium-1/16proc-16pils/seed-8/9_neos-3024952-loue_seed-8_20260510_190554/pruning/input/learner_file_2.txt
[INFO]:[19:06:51] Extracting forbidden tuples from memory...
[INFO]:[19:06:51] Redirecting learner stdout/stderr to: /scratch/yorig/mpils-results-grid-ticks-10000-7may/medium-1/16proc-16pils/seed-8/9_neos-3024952-loue_seed-8_20260510_190554/pruning/learner_iteration_2.log
[INFO]:[19:06:51] Forbidden tuples extracted: 47
[INFO]:[19:06:51] Applying pruning with 47 forbidden tuples...
[DEBUG]:[19:06:51] Adding forbidden value from single-element tuple: CPXPARAM_Emphasis_MIP=2
[DEBUG]:[19:06:51] Adding forbidden value from single-element tuple: CPXPARAM_Emphasis_MIP=3
[DEBUG]:[19:06:51] Adding forbidden value from single-element tuple: CPXPARAM_Emphasis_MIP=4
[DEBUG]:[19:06:51] Adding forbidden value from single-element tuple: CPXPARAM_MIP_Cuts_Cliques=0
[DEBUG]:[19:06:51] Adding forbidden value from single-element tuple: CPXPARAM_MIP_Cuts_Covers=1
[DEBUG]:[19:06:51] Adding forbidden value from single-element tuple: CPXPARAM_MIP_Cuts_Covers=3
[DEBUG]:[19:06:51] Adding forbidden value from single-element tuple: CPXPARAM_MIP_Cuts_Disjunctive=0
[DEBUG]:[19:06:51] Adding forbidden value from single-element tuple: CPXPARAM_MIP_Cuts_FlowCovers=1
[DEBUG]:[19:06:51] Adding forbidden value from single-element tuple: CPXPARAM_MIP_Cuts_GUBCovers=2
[DEBUG]:[19:06:51] Adding forbidden value from single-element tuple: CPXPARAM_MIP_Cuts_Gomory=1
[DEBUG]:[19:06:51] Adding forbidden value from single-element tuple: CPXPARAM_MIP_Cuts_MIRCut=1
[DEBUG]:[19:06:51] Adding forbidden value from single-element tuple: CPXPARAM_MIP_Cuts_MIRCut=2
[DEBUG]:[19:06:51] Adding forbidden value from single-element tuple: CPXPARAM_MIP_Limits_CutsFactor=2
[DEBUG]:[19:06:51] Adding forbidden value from single-element tuple: CPXPARAM_MIP_Limits_GomoryCand=150
[DEBUG]:[19:06:51] Adding forbidden value from single-element tuple: CPXPARAM_MIP_Strategy_BBInterval=2
[DEBUG]:[19:06:51] Adding forbidden value from single-element tuple: CPXPARAM_MIP_Strategy_BBInterval=10
[DEBUG]:[19:06:51] Adding forbidden value from single-element tuple: CPXPARAM_MIP_Strategy_Branch=1
[DEBUG]:[19:06:51] Adding forbidden value from single-element tuple: CPXPARAM_MIP_Strategy_Dive=3
[DEBUG]:[19:06:51] Adding forbidden value from single-element tuple: CPXPARAM_MIP_Strategy_NodeSelect=2
[DEBUG]:[19:06:51] Adding forbidden value from single-element tuple: CPXPARAM_MIP_Strategy_NodeSelect=3
[DEBUG]:[19:06:51] Adding forbidden value from single-element tuple: CPXPARAM_MIP_Strategy_Order=1
[DEBUG]:[19:06:51] Adding forbidden value from single-element tuple: CPXPARAM_MIP_Strategy_PresolveNode=1
[DEBUG]:[19:06:51] Adding forbidden value from single-element tuple: CPXPARAM_MIP_Strategy_PresolveNode=3
[DEBUG]:[19:06:51] Adding forbidden value from single-element tuple: CPXPARAM_MIP_Strategy_Probe=0
[DEBUG]:[19:06:51] Adding forbidden value from single-element tuple: CPXPARAM_MIP_Strategy_RINSHeur=60
[DEBUG]:[19:06:51] Adding forbidden value from single-element tuple: CPXPARAM_MIP_Strategy_RINSHeur=100
[DEBUG]:[19:06:51] Adding forbidden value from single-element tuple: CPXPARAM_MIP_Strategy_RINSHeur=200
[DEBUG]:[19:06:51] Adding forbidden value from single-element tuple: CPXPARAM_MIP_Strategy_RINSHeur=500
[DEBUG]:[19:06:51] Adding forbidden value from single-element tuple: CPXPARAM_MIP_Strategy_RINSHeur=1000
[DEBUG]:[19:06:51] Adding forbidden value from single-element tuple: CPXPARAM_MIP_Strategy_VariableSelect=0
[DEBUG]:[19:06:51] Adding forbidden value from single-element tuple: CPXPARAM_MIP_Strategy_VariableSelect=1
[DEBUG]:[19:06:51] Adding forbidden value from single-element tuple: CPXPARAM_MIP_Strategy_VariableSelect=3
[DEBUG]:[19:06:51] Adding forbidden value from single-element tuple: CPXPARAM_MIP_Strategy_VariableSelect=4
[DEBUG]:[19:06:51] Adding forbidden value from single-element tuple: CPXPARAM_Preprocessing_Presolve=1
[DEBUG]:[19:06:51] Adding forbidden tuple of size 2: 
[DEBUG]:[19:06:51]   CPXPARAM_Emphasis_MIP=1
[DEBUG]:[19:06:51]   CPXPARAM_MIP_Cuts_Cliques=0
[DEBUG]:[19:06:51] Adding forbidden tuple of size 2: 
[DEBUG]:[19:06:51]   CPXPARAM_Emphasis_MIP=1
[DEBUG]:[19:06:51]   CPXPARAM_MIP_Cuts_Cliques=3
[DEBUG]:[19:06:51] Adding forbidden tuple of size 2: 
[DEBUG]:[19:06:51]   CPXPARAM_Emphasis_MIP=1
[DEBUG]:[19:06:51]   CPXPARAM_MIP_Cuts_Covers=1
[DEBUG]:[19:06:51] Adding forbidden tuple of size 2: 
[DEBUG]:[19:06:51]   CPXPARAM_Emphasis_MIP=1
[DEBUG]:[19:06:51]   CPXPARAM_MIP_Cuts_Disjunctive=1
[DEBUG]:[19:06:51] Adding forbidden tuple of size 2: 
[DEBUG]:[19:06:51]   CPXPARAM_Emphasis_MIP=1
[DEBUG]:[19:06:51]   CPXPARAM_MIP_Cuts_FlowCovers=2
[DEBUG]:[19:06:51] Adding forbidden tuple of size 2: 
[DEBUG]:[19:06:51]   CPXPARAM_Emphasis_MIP=1
[DEBUG]:[19:06:51]   CPXPARAM_MIP_Cuts_GUBCovers=1
[DEBUG]:[19:06:51] Adding forbidden tuple of size 2: 
[DEBUG]:[19:06:51]   CPXPARAM_Emphasis_MIP=1
[DEBUG]:[19:06:51]   CPXPARAM_MIP_Cuts_Gomory=2
[DEBUG]:[19:06:51] Adding forbidden tuple of size 2: 
[DEBUG]:[19:06:51]   CPXPARAM_Emphasis_MIP=1
[DEBUG]:[19:06:51]   CPXPARAM_MIP_Cuts_Implied=0
[DEBUG]:[19:06:51] Adding forbidden tuple of size 2: 
[DEBUG]:[19:06:51]   CPXPARAM_Emphasis_MIP=1
[DEBUG]:[19:06:51]   CPXPARAM_MIP_Cuts_Implied=2
[DEBUG]:[19:06:51] Adding forbidden tuple of size 2: 
[DEBUG]:[19:06:51]   CPXPARAM_Emphasis_MIP=1
[DEBUG]:[19:06:51]   CPXPARAM_MIP_Cuts_MIRCut=0
[DEBUG]:[19:06:51] Adding forbidden tuple of size 2: 
[DEBUG]:[19:06:51]   CPXPARAM_Emphasis_MIP=1
[DEBUG]:[19:06:51]   CPXPARAM_MIP_Cuts_MIRCut=1
[DEBUG]:[19:06:51] Adding forbidden tuple of size 2: 
[DEBUG]:[19:06:51]   CPXPARAM_Emphasis_MIP=1
[DEBUG]:[19:06:51]   CPXPARAM_MIP_Cuts_MIRCut=2
[DEBUG]:[19:06:51] Adding forbidden tuple of size 2: 
[DEBUG]:[19:06:51]   CPXPARAM_Emphasis_MIP=1
[DEBUG]:[19:06:51]   CPXPARAM_MIP_Cuts_PathCut=1
[INFO]:[19:06:51] Pruning applied successfully.
[INFO]:[19:06:51] Pruning phase completed.
[INFO]:[19:06:51] Completed iteration 2
[INFO]:[19:06:51] Starting iteration 3
[INFO]:[19:06:51] Starting exploration phase...
[INFO]:[19:06:51] Selecting number of evaluations for tuning phase...
[INFO]:[19:06:51] Selecting initial configurations for tuning phase...
[INFO]:[19:06:51] Using worker 0 best exploration configuration without MIP start as master ILS initial configuration.
[INFO]:[19:06:51] Worker 1 global-best exploration initial configuration matches master; using a random diversified initial configuration.
[INFO]:[19:06:51] Number of evaluations for this tuning phase: 5
[INFO]:[19:06:51] ILS shared cache is disabled for this exploration phase.
[INFO]:[19:06:51] Local search backend for this exploration phase: iterated_local_search
[INFO]:[19:06:51] Running IteratedLocalSearch Engine...
[INFO]:[19:06:51] Mip start is disabled for this iteration.
[INFO]:[19:06:51] Writing ILS search space file for worker 0...
[INFO]:[19:06:51] Warning: Initial value for parameter CPXPARAM_Emphasis_MIP is forbidden. So unforbidden it for the ILS initial configuration at iteration 3.
[INFO]:[19:06:51] Warning: Initial value for parameter CPXPARAM_MIP_Cuts_Disjunctive is forbidden. So unforbidden it for the ILS initial configuration at iteration 3.
[INFO]:[19:06:51] Warning: Initial value for parameter CPXPARAM_MIP_Cuts_FlowCovers is forbidden. So unforbidden it for the ILS initial configuration at iteration 3.
[INFO]:[19:06:51] Warning: Initial value for parameter CPXPARAM_MIP_Cuts_Gomory is forbidden. So unforbidden it for the ILS initial configuration at iteration 3.
[INFO]:[19:06:51] Warning: Initial value for parameter CPXPARAM_MIP_Strategy_VariableSelect is forbidden. So unforbidden it for the ILS initial configuration at iteration 3.
[INFO]:[19:06:51] ILS search space file written: /scratch/yorig/mpils-results-grid-ticks-10000-7may/medium-1/16proc-16pils/seed-8/9_neos-3024952-loue_seed-8_20260510_190554/iterated_local_search/search_space/search_space_file_3.txt
[INFO]:[19:06:51] Writing ILS search space file for worker 1...
[INFO]:[19:06:51] ILS search space file written: /scratch/yorig/mpils-results-grid-ticks-10000-7may/medium-1/16proc-16pils/seed-8/9_neos-3024952-loue_seed-8_20260510_190554/iterated_local_search/search_space/search_space_file_3_worker_1.txt
[INFO]:[19:06:51] Writing ILS search space file for worker 2...
[INFO]:[19:06:51] Warning: Initial value for parameter CPXPARAM_Emphasis_MIP is forbidden. So unforbidden it for the ILS initial configuration at iteration 3.
[INFO]:[19:06:51] Warning: Initial value for parameter CPXPARAM_MIP_Cuts_Covers is forbidden. So unforbidden it for the ILS initial configuration at iteration 3.
[INFO]:[19:06:51] Warning: Initial value for parameter CPXPARAM_MIP_Strategy_VariableSelect is forbidden. So unforbidden it for the ILS initial configuration at iteration 3.
[INFO]:[19:06:51] ILS search space file written: /scratch/yorig/mpils-results-grid-ticks-10000-7may/medium-1/16proc-16pils/seed-8/9_neos-3024952-loue_seed-8_20260510_190554/iterated_local_search/search_space/search_space_file_3_worker_2.txt
[INFO]:[19:06:51] Writing ILS search space file for worker 3...
[INFO]:[19:06:51] Warning: Initial value for parameter CPXPARAM_MIP_Cuts_Cliques is forbidden. So unforbidden it for the ILS initial configuration at iteration 3.
[INFO]:[19:06:51] Warning: Initial value for parameter CPXPARAM_MIP_Cuts_Disjunctive is forbidden. So unforbidden it for the ILS initial configuration at iteration 3.
[INFO]:[19:06:51] Warning: Initial value for parameter CPXPARAM_MIP_Strategy_VariableSelect is forbidden. So unforbidden it for the ILS initial configuration at iteration 3.
[INFO]:[19:06:51] ILS search space file written: /scratch/yorig/mpils-results-grid-ticks-10000-7may/medium-1/16proc-16pils/seed-8/9_neos-3024952-loue_seed-8_20260510_190554/iterated_local_search/search_space/search_space_file_3_worker_3.txt
[INFO]:[19:06:51] Writing ILS search space file for worker 4...
[INFO]:[19:06:51] Warning: Initial value for parameter CPXPARAM_Emphasis_MIP is forbidden. So unforbidden it for the ILS initial configuration at iteration 3.
[INFO]:[19:06:51] Warning: Initial value for parameter CPXPARAM_MIP_Cuts_MIRCut is forbidden. So unforbidden it for the ILS initial configuration at iteration 3.
[INFO]:[19:06:51] Warning: Initial value for parameter CPXPARAM_MIP_Cuts_Covers is forbidden. So unforbidden it for the ILS initial configuration at iteration 3.
[INFO]:[19:06:51] Warning: Initial value for parameter CPXPARAM_MIP_Strategy_VariableSelect is forbidden. So unforbidden it for the ILS initial configuration at iteration 3.
[INFO]:[19:06:51] ILS search space file written: /scratch/yorig/mpils-results-grid-ticks-10000-7may/medium-1/16proc-16pils/seed-8/9_neos-3024952-loue_seed-8_20260510_190554/iterated_local_search/search_space/search_space_file_3_worker_4.txt
[INFO]:[19:06:51] Writing ILS search space file for worker 5...
[INFO]:[19:06:51] Warning: Initial value for parameter CPXPARAM_MIP_Cuts_Covers is forbidden. So unforbidden it for the ILS initial configuration at iteration 3.
[INFO]:[19:06:51] Warning: Initial value for parameter CPXPARAM_MIP_Strategy_VariableSelect is forbidden. So unforbidden it for the ILS initial configuration at iteration 3.
[INFO]:[19:06:51] Warning: Initial configuration contains a forbidden tuple. So unforbidden it for ILS at iteration 3.
[INFO]:[19:06:51] Warning: Initial configuration contains a forbidden tuple. So unforbidden it for ILS at iteration 3.
[INFO]:[19:06:51] Warning: Initial configuration contains a forbidden tuple. So unforbidden it for ILS at iteration 3.
[INFO]:[19:06:51] Warning: Initial configuration contains a forbidden tuple. So unforbidden it for ILS at iteration 3.
[INFO]:[19:06:51] ILS search space file written: /scratch/yorig/mpils-results-grid-ticks-10000-7may/medium-1/16proc-16pils/seed-8/9_neos-3024952-loue_seed-8_20260510_190554/iterated_local_search/search_space/search_space_file_3_worker_5.txt
[INFO]:[19:06:51] Writing ILS search space file for worker 6...
[INFO]:[19:06:51] Warning: Initial value for parameter CPXPARAM_MIP_Cuts_Covers is forbidden. So unforbidden it for the ILS initial configuration at iteration 3.
[INFO]:[19:06:51] ILS search space file written: /scratch/yorig/mpils-results-grid-ticks-10000-7may/medium-1/16proc-16pils/seed-8/9_neos-3024952-loue_seed-8_20260510_190554/iterated_local_search/search_space/search_space_file_3_worker_6.txt
[INFO]:[19:06:51] Writing ILS search space file for worker 7...
[INFO]:[19:06:51] Warning: Initial value for parameter CPXPARAM_Emphasis_MIP is forbidden. So unforbidden it for the ILS initial configuration at iteration 3.
[INFO]:[19:06:51] Warning: Initial value for parameter CPXPARAM_MIP_Cuts_MIRCut is forbidden. So unforbidden it for the ILS initial configuration at iteration 3.
[INFO]:[19:06:51] Warning: Initial value for parameter CPXPARAM_MIP_Cuts_Covers is forbidden. So unforbidden it for the ILS initial configuration at iteration 3.
[INFO]:[19:06:51] Warning: Initial value for parameter CPXPARAM_MIP_Strategy_VariableSelect is forbidden. So unforbidden it for the ILS initial configuration at iteration 3.
[INFO]:[19:06:51] Warning: Initial value for parameter CPXPARAM_MIP_Limits_CutsFactor is forbidden. So unforbidden it for the ILS initial configuration at iteration 3.
[INFO]:[19:06:51] ILS search space file written: /scratch/yorig/mpils-results-grid-ticks-10000-7may/medium-1/16proc-16pils/seed-8/9_neos-3024952-loue_seed-8_20260510_190554/iterated_local_search/search_space/search_space_file_3_worker_7.txt
[INFO]:[19:06:51] Writing ILS search space file for worker 8...
[INFO]:[19:06:51] Warning: Initial value for parameter CPXPARAM_MIP_Cuts_Disjunctive is forbidden. So unforbidden it for the ILS initial configuration at iteration 3.
[INFO]:[19:06:51] Warning: Initial value for parameter CPXPARAM_MIP_Cuts_FlowCovers is forbidden. So unforbidden it for the ILS initial configuration at iteration 3.
[INFO]:[19:06:51] Warning: Initial value for parameter CPXPARAM_MIP_Strategy_VariableSelect is forbidden. So unforbidden it for the ILS initial configuration at iteration 3.
[INFO]:[19:06:51] ILS search space file written: /scratch/yorig/mpils-results-grid-ticks-10000-7may/medium-1/16proc-16pils/seed-8/9_neos-3024952-loue_seed-8_20260510_190554/iterated_local_search/search_space/search_space_file_3_worker_8.txt
[INFO]:[19:06:51] Writing ILS search space file for worker 9...
[INFO]:[19:06:51] Warning: Initial value for parameter CPXPARAM_Emphasis_MIP is forbidden. So unforbidden it for the ILS initial configuration at iteration 3.
[INFO]:[19:06:51] Warning: Initial value for parameter CPXPARAM_MIP_Cuts_MIRCut is forbidden. So unforbidden it for the ILS initial configuration at iteration 3.
[INFO]:[19:06:51] Warning: Initial value for parameter CPXPARAM_MIP_Strategy_VariableSelect is forbidden. So unforbidden it for the ILS initial configuration at iteration 3.
[INFO]:[19:06:51] ILS search space file written: /scratch/yorig/mpils-results-grid-ticks-10000-7may/medium-1/16proc-16pils/seed-8/9_neos-3024952-loue_seed-8_20260510_190554/iterated_local_search/search_space/search_space_file_3_worker_9.txt
[INFO]:[19:06:51] Writing ILS search space file for worker 10...
[INFO]:[19:06:51] Warning: Initial value for parameter CPXPARAM_Emphasis_MIP is forbidden. So unforbidden it for the ILS initial configuration at iteration 3.
[INFO]:[19:06:51] Warning: Initial value for parameter CPXPARAM_MIP_Limits_GomoryCand is forbidden. So unforbidden it for the ILS initial configuration at iteration 3.
[INFO]:[19:06:51] ILS search space file written: /scratch/yorig/mpils-results-grid-ticks-10000-7may/medium-1/16proc-16pils/seed-8/9_neos-3024952-loue_seed-8_20260510_190554/iterated_local_search/search_space/search_space_file_3_worker_10.txt
[INFO]:[19:06:51] Writing ILS search space file for worker 11...
[INFO]:[19:06:51] Warning: Initial value for parameter CPXPARAM_MIP_Cuts_Cliques is forbidden. So unforbidden it for the ILS initial configuration at iteration 3.
[INFO]:[19:06:51] Warning: Initial value for parameter CPXPARAM_MIP_Cuts_MIRCut is forbidden. So unforbidden it for the ILS initial configuration at iteration 3.
[INFO]:[19:06:51] Warning: Initial value for parameter CPXPARAM_MIP_Strategy_VariableSelect is forbidden. So unforbidden it for the ILS initial configuration at iteration 3.
[INFO]:[19:06:51] ILS search space file written: /scratch/yorig/mpils-results-grid-ticks-10000-7may/medium-1/16proc-16pils/seed-8/9_neos-3024952-loue_seed-8_20260510_190554/iterated_local_search/search_space/search_space_file_3_worker_11.txt
[INFO]:[19:06:51] Writing ILS search space file for worker 12...
[INFO]:[19:06:51] Warning: Initial value for parameter CPXPARAM_Emphasis_MIP is forbidden. So unforbidden it for the ILS initial configuration at iteration 3.
[INFO]:[19:06:51] Warning: Initial value for parameter CPXPARAM_MIP_Cuts_GUBCovers is forbidden. So unforbidden it for the ILS initial configuration at iteration 3.
[INFO]:[19:06:51] Warning: Initial value for parameter CPXPARAM_MIP_Strategy_VariableSelect is forbidden. So unforbidden it for the ILS initial configuration at iteration 3.
[INFO]:[19:06:51] ILS search space file written: /scratch/yorig/mpils-results-grid-ticks-10000-7may/medium-1/16proc-16pils/seed-8/9_neos-3024952-loue_seed-8_20260510_190554/iterated_local_search/search_space/search_space_file_3_worker_12.txt
[INFO]:[19:06:51] Writing ILS search space file for worker 13...
[INFO]:[19:06:51] Warning: Initial value for parameter CPXPARAM_Emphasis_MIP is forbidden. So unforbidden it for the ILS initial configuration at iteration 3.
[INFO]:[19:06:51] Warning: Initial value for parameter CPXPARAM_MIP_Cuts_MIRCut is forbidden. So unforbidden it for the ILS initial configuration at iteration 3.
[INFO]:[19:06:51] ILS search space file written: /scratch/yorig/mpils-results-grid-ticks-10000-7may/medium-1/16proc-16pils/seed-8/9_neos-3024952-loue_seed-8_20260510_190554/iterated_local_search/search_space/search_space_file_3_worker_13.txt
[INFO]:[19:06:51] Writing ILS search space file for worker 14...
[INFO]:[19:06:51] Warning: Initial value for parameter CPXPARAM_Emphasis_MIP is forbidden. So unforbidden it for the ILS initial configuration at iteration 3.
[INFO]:[19:06:51] Warning: Initial value for parameter CPXPARAM_MIP_Cuts_Disjunctive is forbidden. So unforbidden it for the ILS initial configuration at iteration 3.
[INFO]:[19:06:51] Warning: Initial value for parameter CPXPARAM_MIP_Cuts_FlowCovers is forbidden. So unforbidden it for the ILS initial configuration at iteration 3.
[INFO]:[19:06:51] Warning: Initial value for parameter CPXPARAM_MIP_Cuts_Gomory is forbidden. So unforbidden it for the ILS initial configuration at iteration 3.
[INFO]:[19:06:51] Warning: Initial value for parameter CPXPARAM_MIP_Strategy_VariableSelect is forbidden. So unforbidden it for the ILS initial configuration at iteration 3.
[INFO]:[19:06:51] ILS search space file written: /scratch/yorig/mpils-results-grid-ticks-10000-7may/medium-1/16proc-16pils/seed-8/9_neos-3024952-loue_seed-8_20260510_190554/iterated_local_search/search_space/search_space_file_3_worker_14.txt
[INFO]:[19:06:51] Writing ILS search space file for worker 15...
[INFO]:[19:06:51] Warning: Initial value for parameter CPXPARAM_Emphasis_MIP is forbidden. So unforbidden it for the ILS initial configuration at iteration 3.
[INFO]:[19:06:51] Warning: Initial value for parameter CPXPARAM_MIP_Cuts_Cliques is forbidden. So unforbidden it for the ILS initial configuration at iteration 3.
[INFO]:[19:06:51] Warning: Initial value for parameter CPXPARAM_MIP_Cuts_MIRCut is forbidden. So unforbidden it for the ILS initial configuration at iteration 3.
[INFO]:[19:06:51] Warning: Initial value for parameter CPXPARAM_MIP_Cuts_GUBCovers is forbidden. So unforbidden it for the ILS initial configuration at iteration 3.
[INFO]:[19:06:51] Warning: Initial value for parameter CPXPARAM_MIP_Limits_GomoryCand is forbidden. So unforbidden it for the ILS initial configuration at iteration 3.
[INFO]:[19:06:51] Warning: Initial value for parameter CPXPARAM_MIP_Strategy_VariableSelect is forbidden. So unforbidden it for the ILS initial configuration at iteration 3.
[INFO]:[19:06:51] ILS search space file written: /scratch/yorig/mpils-results-grid-ticks-10000-7may/medium-1/16proc-16pils/seed-8/9_neos-3024952-loue_seed-8_20260510_190554/iterated_local_search/search_space/search_space_file_3_worker_15.txt
[INFO]:[19:06:51] Launching Local Search Workers via MPI...
[INFO]:[19:06:51] Local Search Workers launched.
[INFO]:[19:06:51] Starting local search phase...
[INFO]:[19:06:51] Creating local search space from parameter space file: /scratch/yorig/mpils-results-grid-ticks-10000-7may/medium-1/16proc-16pils/seed-8/9_neos-3024952-loue_seed-8_20260510_190554/iterated_local_search/search_space/search_space_file_3.txt
[INFO]:[19:06:51] Local search space loaded from file: /scratch/yorig/mpils-results-grid-ticks-10000-7may/medium-1/16proc-16pils/seed-8/9_neos-3024952-loue_seed-8_20260510_190554/iterated_local_search/search_space/search_space_file_3.txt
[INFO]:[19:06:51] Number of parameters in local search space: 71
[INFO]:[19:06:51] Number of forbidden tuples in local search space: 26
[INFO]:[19:06:51] Number of conditionals in local search space: 6
[INFO]:[19:06:51] MIP start option not enabled. Local search will proceed without MIP start.
[INFO]:[19:06:51] Seeded initial configuration into local search cache with known objective value: 8.17
[INFO]:[19:06:51] Starting CPLEX solver on instance: /home/yorig/tuner/mpils-tests/instances/miplib/medium-1/neos-3024952-loue.mps with config: /scratch/yorig/mpils-results-grid-ticks-10000-7may/medium-1/16proc-16pils/seed-8/9_neos-3024952-loue_seed-8_20260510_190554/iterated_local_search/run_3_worker_0/ils_config_11244227934941530854.prm
[INFO]:[19:06:51] Starting CPLEX solver on instance: /home/yorig/tuner/mpils-tests/instances/miplib/medium-1/neos-3024952-loue.mps with config: /scratch/yorig/mpils-results-grid-ticks-10000-7may/medium-1/16proc-16pils/seed-8/9_neos-3024952-loue_seed-8_20260510_190554/iterated_local_search/run_3_worker_0/ils_config_11244227934941530854.prm
[INFO]:[19:06:58] CPLEX results. Gap: 8.170000, upper bound: 28506.000000, lower bound: 26177.703015
[INFO]:[19:06:58] CPLEX solver finished. Gap: 8.170000
[INFO]:[19:06:59] Local search phase completed.
[INFO]:[19:06:59] Total number of new local-search evaluations: 16
[INFO]:[19:06:59] Final incumbent objective value: 8.17
[INFO]:[19:06:59] recordEvaluation produced_mip_start=0 mip_start_file=''
[DEBUG]:[19:06:59] Added evaluation to memory with objective: 8.17, ConfigId: 11244227934941530854, EvalId: 109. Total evaluations stored: 109
[INFO]:[19:06:59] recordEvaluation produced_mip_start=0 mip_start_file=''
[DEBUG]:[19:06:59] Added evaluation to memory with objective: 8.2, ConfigId: 9997477702892008471, EvalId: 110. Total evaluations stored: 110
[INFO]:[19:06:59] recordEvaluation produced_mip_start=0 mip_start_file=''
[DEBUG]:[19:06:59] Added evaluation to memory with objective: 8.17, ConfigId: 11935172780792690046, EvalId: 111. Total evaluations stored: 111
[INFO]:[19:06:59] recordEvaluation produced_mip_start=0 mip_start_file=''
[DEBUG]:[19:06:59] Added evaluation to memory with objective: 12.66, ConfigId: 8222270479331594125, EvalId: 112. Total evaluations stored: 112
[INFO]:[19:06:59] recordEvaluation produced_mip_start=0 mip_start_file=''
[DEBUG]:[19:06:59] Added evaluation to memory with objective: 10.19, ConfigId: 13525754057342298835, EvalId: 113. Total evaluations stored: 113
[INFO]:[19:06:59] recordEvaluation produced_mip_start=0 mip_start_file=''
[DEBUG]:[19:06:59] Added evaluation to memory with objective: 11, ConfigId: 3661082503257010221, EvalId: 114. Total evaluations stored: 114
[INFO]:[19:06:59] recordEvaluation produced_mip_start=0 mip_start_file=''
[DEBUG]:[19:06:59] Added evaluation to memory with objective: 8.17, ConfigId: 3357844154462203258, EvalId: 115. Total evaluations stored: 115
[INFO]:[19:06:59] recordEvaluation produced_mip_start=0 mip_start_file=''
[DEBUG]:[19:06:59] Added evaluation to memory with objective: 8.17, ConfigId: 14844562132096253982, EvalId: 116. Total evaluations stored: 116
[INFO]:[19:06:59] recordEvaluation produced_mip_start=0 mip_start_file=''
[DEBUG]:[19:06:59] Added evaluation to memory with objective: 8.17, ConfigId: 10458654640082770485, EvalId: 117. Total evaluations stored: 117
[INFO]:[19:06:59] recordEvaluation produced_mip_start=0 mip_start_file=''
[DEBUG]:[19:06:59] Added evaluation to memory with objective: 8.17, ConfigId: 16416093374608619049, EvalId: 118. Total evaluations stored: 118
[INFO]:[19:06:59] recordEvaluation produced_mip_start=0 mip_start_file=''
[DEBUG]:[19:06:59] Added evaluation to memory with objective: 14.56, ConfigId: 10770681676174212411, EvalId: 119. Total evaluations stored: 119
[INFO]:[19:06:59] recordEvaluation produced_mip_start=0 mip_start_file=''
[DEBUG]:[19:06:59] Added evaluation to memory with objective: 10.62, ConfigId: 1195613893921609664, EvalId: 120. Total evaluations stored: 120
[INFO]:[19:06:59] recordEvaluation produced_mip_start=0 mip_start_file=''
[DEBUG]:[19:06:59] Added evaluation to memory with objective: 20.06, ConfigId: 16420741840512020823, EvalId: 121. Total evaluations stored: 121
[INFO]:[19:06:59] recordEvaluation produced_mip_start=0 mip_start_file=''
[DEBUG]:[19:06:59] Added evaluation to memory with objective: 10.27, ConfigId: 9690742388325955808, EvalId: 122. Total evaluations stored: 122
[INFO]:[19:06:59] recordEvaluation produced_mip_start=0 mip_start_file=''
[DEBUG]:[19:06:59] Added evaluation to memory with objective: 8.17, ConfigId: 3647418935473988945, EvalId: 123. Total evaluations stored: 123
[INFO]:[19:06:59] recordEvaluation produced_mip_start=0 mip_start_file=''
[DEBUG]:[19:06:59] Added evaluation to memory with objective: 12.87, ConfigId: 16871911006069099870, EvalId: 124. Total evaluations stored: 124
[INFO]:[19:06:59] Waiting for Local Search Workers via MPI...
[INFO]:[19:06:59] Local Search Workers have completed.
[INFO]:[19:06:59] IteratedLocalSearch Engine completed.
[INFO]:[19:06:59] Added16 evaluations to memory from exploration phase at iteration 3
[INFO]:[19:06:59] Exploration phase completed.
[INFO]:[19:06:59] Starting expansion phase...
[INFO]:[19:06:59] Selecting parameters for expansion phase...
[INFO]:[19:06:59] Selected expansion parameters: 10
[INFO]:[19:06:59] Creating configuration files for expansion parameters...
[INFO]:[19:06:59] Creating configurations for parameter: CPXPARAM_Preprocessing_Symmetry
[DEBUG]:[19:06:59] Parameter CPXPARAM_Preprocessing_Symmetry will be evaluated on 6 alternative value(s) after excluding the current base configuration value.
[DEBUG]:[19:06:59] Created configuration file for parameter CPXPARAM_Preprocessing_Symmetry with value 0 at /scratch/yorig/mpils-results-grid-ticks-10000-7may/medium-1/16proc-16pils/seed-8/9_neos-3024952-loue_seed-8_20260510_190554/expansion/config_param_CPXPARAM_Preprocessing_Symmetry_0_iter_3.prm
[DEBUG]:[19:06:59] Created configuration file for parameter CPXPARAM_Preprocessing_Symmetry with value 1 at /scratch/yorig/mpils-results-grid-ticks-10000-7may/medium-1/16proc-16pils/seed-8/9_neos-3024952-loue_seed-8_20260510_190554/expansion/config_param_CPXPARAM_Preprocessing_Symmetry_1_iter_3.prm
[DEBUG]:[19:06:59] Created configuration file for parameter CPXPARAM_Preprocessing_Symmetry with value 2 at /scratch/yorig/mpils-results-grid-ticks-10000-7may/medium-1/16proc-16pils/seed-8/9_neos-3024952-loue_seed-8_20260510_190554/expansion/config_param_CPXPARAM_Preprocessing_Symmetry_2_iter_3.prm
[DEBUG]:[19:06:59] Created configuration file for parameter CPXPARAM_Preprocessing_Symmetry with value 3 at /scratch/yorig/mpils-results-grid-ticks-10000-7may/medium-1/16proc-16pils/seed-8/9_neos-3024952-loue_seed-8_20260510_190554/expansion/config_param_CPXPARAM_Preprocessing_Symmetry_3_iter_3.prm
[DEBUG]:[19:06:59] Created configuration file for parameter CPXPARAM_Preprocessing_Symmetry with value 4 at /scratch/yorig/mpils-results-grid-ticks-10000-7may/medium-1/16proc-16pils/seed-8/9_neos-3024952-loue_seed-8_20260510_190554/expansion/config_param_CPXPARAM_Preprocessing_Symmetry_4_iter_3.prm
[DEBUG]:[19:06:59] Created configuration file for parameter CPXPARAM_Preprocessing_Symmetry with value 5 at /scratch/yorig/mpils-results-grid-ticks-10000-7may/medium-1/16proc-16pils/seed-8/9_neos-3024952-loue_seed-8_20260510_190554/expansion/config_param_CPXPARAM_Preprocessing_Symmetry_5_iter_3.prm
[INFO]:[19:06:59] Creating configurations for parameter: CPXPARAM_Preprocessing_Dual
[DEBUG]:[19:06:59] Parameter CPXPARAM_Preprocessing_Dual will be evaluated on 2 alternative value(s) after excluding the current base configuration value.
[DEBUG]:[19:06:59] Created configuration file for parameter CPXPARAM_Preprocessing_Dual with value -1 at /scratch/yorig/mpils-results-grid-ticks-10000-7may/medium-1/16proc-16pils/seed-8/9_neos-3024952-loue_seed-8_20260510_190554/expansion/config_param_CPXPARAM_Preprocessing_Dual_-1_iter_3.prm
[DEBUG]:[19:06:59] Created configuration file for parameter CPXPARAM_Preprocessing_Dual with value 1 at /scratch/yorig/mpils-results-grid-ticks-10000-7may/medium-1/16proc-16pils/seed-8/9_neos-3024952-loue_seed-8_20260510_190554/expansion/config_param_CPXPARAM_Preprocessing_Dual_1_iter_3.prm
[INFO]:[19:06:59] Creating configurations for parameter: CPXPARAM_MIP_Strategy_LBHeur
[DEBUG]:[19:06:59] Parameter CPXPARAM_MIP_Strategy_LBHeur will be evaluated on 1 alternative value(s) after excluding the current base configuration value.
[DEBUG]:[19:06:59] Created configuration file for parameter CPXPARAM_MIP_Strategy_LBHeur with value 1 at /scratch/yorig/mpils-results-grid-ticks-10000-7may/medium-1/16proc-16pils/seed-8/9_neos-3024952-loue_seed-8_20260510_190554/expansion/config_param_CPXPARAM_MIP_Strategy_LBHeur_1_iter_3.prm
[INFO]:[19:06:59] Creating configurations for parameter: CPXPARAM_MIP_Strategy_HeuristicFreq
[DEBUG]:[19:06:59] Parameter CPXPARAM_MIP_Strategy_HeuristicFreq will be evaluated on 6 alternative value(s) after excluding the current base configuration value.
[DEBUG]:[19:06:59] Created configuration file for parameter CPXPARAM_MIP_Strategy_HeuristicFreq with value -1 at /scratch/yorig/mpils-results-grid-ticks-10000-7may/medium-1/16proc-16pils/seed-8/9_neos-3024952-loue_seed-8_20260510_190554/expansion/config_param_CPXPARAM_MIP_Strategy_HeuristicFreq_-1_iter_3.prm
[DEBUG]:[19:06:59] Created configuration file for parameter CPXPARAM_MIP_Strategy_HeuristicFreq with value 20 at /scratch/yorig/mpils-results-grid-ticks-10000-7may/medium-1/16proc-16pils/seed-8/9_neos-3024952-loue_seed-8_20260510_190554/expansion/config_param_CPXPARAM_MIP_Strategy_HeuristicFreq_20_iter_3.prm
[DEBUG]:[19:06:59] Created configuration file for parameter CPXPARAM_MIP_Strategy_HeuristicFreq with value 40 at /scratch/yorig/mpils-results-grid-ticks-10000-7may/medium-1/16proc-16pils/seed-8/9_neos-3024952-loue_seed-8_20260510_190554/expansion/config_param_CPXPARAM_MIP_Strategy_HeuristicFreq_40_iter_3.prm
[DEBUG]:[19:06:59] Created configuration file for parameter CPXPARAM_MIP_Strategy_HeuristicFreq with value 100 at /scratch/yorig/mpils-results-grid-ticks-10000-7may/medium-1/16proc-16pils/seed-8/9_neos-3024952-loue_seed-8_20260510_190554/expansion/config_param_CPXPARAM_MIP_Strategy_HeuristicFreq_100_iter_3.prm
[DEBUG]:[19:06:59] Created configuration file for parameter CPXPARAM_MIP_Strategy_HeuristicFreq with value 500 at /scratch/yorig/mpils-results-grid-ticks-10000-7may/medium-1/16proc-16pils/seed-8/9_neos-3024952-loue_seed-8_20260510_190554/expansion/config_param_CPXPARAM_MIP_Strategy_HeuristicFreq_500_iter_3.prm
[DEBUG]:[19:06:59] Created configuration file for parameter CPXPARAM_MIP_Strategy_HeuristicFreq with value 1000 at /scratch/yorig/mpils-results-grid-ticks-10000-7may/medium-1/16proc-16pils/seed-8/9_neos-3024952-loue_seed-8_20260510_190554/expansion/config_param_CPXPARAM_MIP_Strategy_HeuristicFreq_1000_iter_3.prm
[INFO]:[19:06:59] Creating configurations for parameter: CPXPARAM_MIP_Strategy_StartAlgorithm
[DEBUG]:[19:06:59] Parameter CPXPARAM_MIP_Strategy_StartAlgorithm will be evaluated on 6 alternative value(s) after excluding the current base configuration value.
[DEBUG]:[19:06:59] Created configuration file for parameter CPXPARAM_MIP_Strategy_StartAlgorithm with value 1 at /scratch/yorig/mpils-results-grid-ticks-10000-7may/medium-1/16proc-16pils/seed-8/9_neos-3024952-loue_seed-8_20260510_190554/expansion/config_param_CPXPARAM_MIP_Strategy_StartAlgorithm_1_iter_3.prm
[DEBUG]:[19:06:59] Created configuration file for parameter CPXPARAM_MIP_Strategy_StartAlgorithm with value 2 at /scratch/yorig/mpils-results-grid-ticks-10000-7may/medium-1/16proc-16pils/seed-8/9_neos-3024952-loue_seed-8_20260510_190554/expansion/config_param_CPXPARAM_MIP_Strategy_StartAlgorithm_2_iter_3.prm
[DEBUG]:[19:06:59] Created configuration file for parameter CPXPARAM_MIP_Strategy_StartAlgorithm with value 3 at /scratch/yorig/mpils-results-grid-ticks-10000-7may/medium-1/16proc-16pils/seed-8/9_neos-3024952-loue_seed-8_20260510_190554/expansion/config_param_CPXPARAM_MIP_Strategy_StartAlgorithm_3_iter_3.prm
[DEBUG]:[19:06:59] Created configuration file for parameter CPXPARAM_MIP_Strategy_StartAlgorithm with value 4 at /scratch/yorig/mpils-results-grid-ticks-10000-7may/medium-1/16proc-16pils/seed-8/9_neos-3024952-loue_seed-8_20260510_190554/expansion/config_param_CPXPARAM_MIP_Strategy_StartAlgorithm_4_iter_3.prm
[DEBUG]:[19:06:59] Created configuration file for parameter CPXPARAM_MIP_Strategy_StartAlgorithm with value 5 at /scratch/yorig/mpils-results-grid-ticks-10000-7may/medium-1/16proc-16pils/seed-8/9_neos-3024952-loue_seed-8_20260510_190554/expansion/config_param_CPXPARAM_MIP_Strategy_StartAlgorithm_5_iter_3.prm
[DEBUG]:[19:06:59] Created configuration file for parameter CPXPARAM_MIP_Strategy_StartAlgorithm with value 6 at /scratch/yorig/mpils-results-grid-ticks-10000-7may/medium-1/16proc-16pils/seed-8/9_neos-3024952-loue_seed-8_20260510_190554/expansion/config_param_CPXPARAM_MIP_Strategy_StartAlgorithm_6_iter_3.prm
[INFO]:[19:06:59] Creating configurations for parameter: CPXPARAM_MIP_Strategy_SubAlgorithm
[DEBUG]:[19:06:59] Parameter CPXPARAM_MIP_Strategy_SubAlgorithm will be evaluated on 5 alternative value(s) after excluding the current base configuration value.
[DEBUG]:[19:06:59] Created configuration file for parameter CPXPARAM_MIP_Strategy_SubAlgorithm with value 1 at /scratch/yorig/mpils-results-grid-ticks-10000-7may/medium-1/16proc-16pils/seed-8/9_neos-3024952-loue_seed-8_20260510_190554/expansion/config_param_CPXPARAM_MIP_Strategy_SubAlgorithm_1_iter_3.prm
[DEBUG]:[19:06:59] Created configuration file for parameter CPXPARAM_MIP_Strategy_SubAlgorithm with value 2 at /scratch/yorig/mpils-results-grid-ticks-10000-7may/medium-1/16proc-16pils/seed-8/9_neos-3024952-loue_seed-8_20260510_190554/expansion/config_param_CPXPARAM_MIP_Strategy_SubAlgorithm_2_iter_3.prm
[DEBUG]:[19:06:59] Created configuration file for parameter CPXPARAM_MIP_Strategy_SubAlgorithm with value 3 at /scratch/yorig/mpils-results-grid-ticks-10000-7may/medium-1/16proc-16pils/seed-8/9_neos-3024952-loue_seed-8_20260510_190554/expansion/config_param_CPXPARAM_MIP_Strategy_SubAlgorithm_3_iter_3.prm
[DEBUG]:[19:06:59] Created configuration file for parameter CPXPARAM_MIP_Strategy_SubAlgorithm with value 4 at /scratch/yorig/mpils-results-grid-ticks-10000-7may/medium-1/16proc-16pils/seed-8/9_neos-3024952-loue_seed-8_20260510_190554/expansion/config_param_CPXPARAM_MIP_Strategy_SubAlgorithm_4_iter_3.prm
[DEBUG]:[19:06:59] Created configuration file for parameter CPXPARAM_MIP_Strategy_SubAlgorithm with value 5 at /scratch/yorig/mpils-results-grid-ticks-10000-7may/medium-1/16proc-16pils/seed-8/9_neos-3024952-loue_seed-8_20260510_190554/expansion/config_param_CPXPARAM_MIP_Strategy_SubAlgorithm_5_iter_3.prm
[INFO]:[19:06:59] Creating configurations for parameter: CPXPARAM_Simplex_DGradient
[DEBUG]:[19:06:59] Parameter CPXPARAM_Simplex_DGradient will be evaluated on 5 alternative value(s) after excluding the current base configuration value.
[DEBUG]:[19:06:59] Created configuration file for parameter CPXPARAM_Simplex_DGradient with value 1 at /scratch/yorig/mpils-results-grid-ticks-10000-7may/medium-1/16proc-16pils/seed-8/9_neos-3024952-loue_seed-8_20260510_190554/expansion/config_param_CPXPARAM_Simplex_DGradient_1_iter_3.prm
[DEBUG]:[19:06:59] Created configuration file for parameter CPXPARAM_Simplex_DGradient with value 2 at /scratch/yorig/mpils-results-grid-ticks-10000-7may/medium-1/16proc-16pils/seed-8/9_neos-3024952-loue_seed-8_20260510_190554/expansion/config_param_CPXPARAM_Simplex_DGradient_2_iter_3.prm
[DEBUG]:[19:06:59] Created configuration file for parameter CPXPARAM_Simplex_DGradient with value 3 at /scratch/yorig/mpils-results-grid-ticks-10000-7may/medium-1/16proc-16pils/seed-8/9_neos-3024952-loue_seed-8_20260510_190554/expansion/config_param_CPXPARAM_Simplex_DGradient_3_iter_3.prm
[DEBUG]:[19:06:59] Created configuration file for parameter CPXPARAM_Simplex_DGradient with value 4 at /scratch/yorig/mpils-results-grid-ticks-10000-7may/medium-1/16proc-16pils/seed-8/9_neos-3024952-loue_seed-8_20260510_190554/expansion/config_param_CPXPARAM_Simplex_DGradient_4_iter_3.prm
[DEBUG]:[19:06:59] Created configuration file for parameter CPXPARAM_Simplex_DGradient with value 5 at /scratch/yorig/mpils-results-grid-ticks-10000-7may/medium-1/16proc-16pils/seed-8/9_neos-3024952-loue_seed-8_20260510_190554/expansion/config_param_CPXPARAM_Simplex_DGradient_5_iter_3.prm
[INFO]:[19:06:59] Creating configurations for parameter: CPXPARAM_Simplex_PGradient
[DEBUG]:[19:06:59] Parameter CPXPARAM_Simplex_PGradient will be evaluated on 5 alternative value(s) after excluding the current base configuration value.
[DEBUG]:[19:06:59] Created configuration file for parameter CPXPARAM_Simplex_PGradient with value -1 at /scratch/yorig/mpils-results-grid-ticks-10000-7may/medium-1/16proc-16pils/seed-8/9_neos-3024952-loue_seed-8_20260510_190554/expansion/config_param_CPXPARAM_Simplex_PGradient_-1_iter_3.prm
[DEBUG]:[19:06:59] Created configuration file for parameter CPXPARAM_Simplex_PGradient with value 1 at /scratch/yorig/mpils-results-grid-ticks-10000-7may/medium-1/16proc-16pils/seed-8/9_neos-3024952-loue_seed-8_20260510_190554/expansion/config_param_CPXPARAM_Simplex_PGradient_1_iter_3.prm
[DEBUG]:[19:06:59] Created configuration file for parameter CPXPARAM_Simplex_PGradient with value 2 at /scratch/yorig/mpils-results-grid-ticks-10000-7may/medium-1/16proc-16pils/seed-8/9_neos-3024952-loue_seed-8_20260510_190554/expansion/config_param_CPXPARAM_Simplex_PGradient_2_iter_3.prm
[DEBUG]:[19:06:59] Created configuration file for parameter CPXPARAM_Simplex_PGradient with value 3 at /scratch/yorig/mpils-results-grid-ticks-10000-7may/medium-1/16proc-16pils/seed-8/9_neos-3024952-loue_seed-8_20260510_190554/expansion/config_param_CPXPARAM_Simplex_PGradient_3_iter_3.prm
[DEBUG]:[19:06:59] Created configuration file for parameter CPXPARAM_Simplex_PGradient with value 4 at /scratch/yorig/mpils-results-grid-ticks-10000-7may/medium-1/16proc-16pils/seed-8/9_neos-3024952-loue_seed-8_20260510_190554/expansion/config_param_CPXPARAM_Simplex_PGradient_4_iter_3.prm
[INFO]:[19:06:59] Creating configurations for parameter: CPXPARAM_Advance
[DEBUG]:[19:06:59] Parameter CPXPARAM_Advance will be evaluated on 2 alternative value(s) after excluding the current base configuration value.
[DEBUG]:[19:06:59] Created configuration file for parameter CPXPARAM_Advance with value 0 at /scratch/yorig/mpils-results-grid-ticks-10000-7may/medium-1/16proc-16pils/seed-8/9_neos-3024952-loue_seed-8_20260510_190554/expansion/config_param_CPXPARAM_Advance_0_iter_3.prm
[DEBUG]:[19:06:59] Created configuration file for parameter CPXPARAM_Advance with value 2 at /scratch/yorig/mpils-results-grid-ticks-10000-7may/medium-1/16proc-16pils/seed-8/9_neos-3024952-loue_seed-8_20260510_190554/expansion/config_param_CPXPARAM_Advance_2_iter_3.prm
[INFO]:[19:06:59] Creating configurations for parameter: CPXPARAM_MIP_Limits_AggForCut
[DEBUG]:[19:06:59] Parameter CPXPARAM_MIP_Limits_AggForCut will be evaluated on 5 alternative value(s) after excluding the current base configuration value.
[DEBUG]:[19:06:59] Created configuration file for parameter CPXPARAM_MIP_Limits_AggForCut with value 0 at /scratch/yorig/mpils-results-grid-ticks-10000-7may/medium-1/16proc-16pils/seed-8/9_neos-3024952-loue_seed-8_20260510_190554/expansion/config_param_CPXPARAM_MIP_Limits_AggForCut_0_iter_3.prm
[DEBUG]:[19:06:59] Created configuration file for parameter CPXPARAM_MIP_Limits_AggForCut with value 1 at /scratch/yorig/mpils-results-grid-ticks-10000-7may/medium-1/16proc-16pils/seed-8/9_neos-3024952-loue_seed-8_20260510_190554/expansion/config_param_CPXPARAM_MIP_Limits_AggForCut_1_iter_3.prm
[DEBUG]:[19:06:59] Created configuration file for parameter CPXPARAM_MIP_Limits_AggForCut with value 2 at /scratch/yorig/mpils-results-grid-ticks-10000-7may/medium-1/16proc-16pils/seed-8/9_neos-3024952-loue_seed-8_20260510_190554/expansion/config_param_CPXPARAM_MIP_Limits_AggForCut_2_iter_3.prm
[DEBUG]:[19:06:59] Created configuration file for parameter CPXPARAM_MIP_Limits_AggForCut with value 5 at /scratch/yorig/mpils-results-grid-ticks-10000-7may/medium-1/16proc-16pils/seed-8/9_neos-3024952-loue_seed-8_20260510_190554/expansion/config_param_CPXPARAM_MIP_Limits_AggForCut_5_iter_3.prm
[DEBUG]:[19:06:59] Created configuration file for parameter CPXPARAM_MIP_Limits_AggForCut with value 10 at /scratch/yorig/mpils-results-grid-ticks-10000-7may/medium-1/16proc-16pils/seed-8/9_neos-3024952-loue_seed-8_20260510_190554/expansion/config_param_CPXPARAM_MIP_Limits_AggForCut_10_iter_3.prm
[INFO]:[19:06:59] Created 43 configuration files for expansion phase at iteration 3.
[INFO]:[19:06:59] Skipped 0 expansion parameter(s) with no alternative value to evaluate.
[INFO]:[19:06:59] Launching Expansion Workers via MPI...
[INFO]:[19:06:59] Expansion Workers launched.
[INFO]:[19:06:59] Evaluating expansion parameters...
[INFO]:[19:06:59] Starting CPLEX solver on instance: /home/yorig/tuner/mpils-tests/instances/miplib/medium-1/neos-3024952-loue.mps with config: /scratch/yorig/mpils-results-grid-ticks-10000-7may/medium-1/16proc-16pils/seed-8/9_neos-3024952-loue_seed-8_20260510_190554/expansion/config_param_CPXPARAM_Preprocessing_Symmetry_0_iter_3.prm
[INFO]:[19:07:06] CPLEX results. Gap: 5.550000, upper bound: 27690.000000, lower bound: 26152.595910
[INFO]:[19:07:06] CPLEX solver finished. Gap: 5.550000
[INFO]:[19:07:06] Expansion early stop activated in MPI after 1 master-side evaluation(s). Remaining not-yet-evaluated parameters stay residual.
[INFO]:[19:07:06] Strict sequential expansion early stop ignored 6 already-computed result(s) after first improving config id 9.
[INFO]:[19:07:06] recordEvaluation produced_mip_start=0 mip_start_file=''
[DEBUG]:[19:07:06] Added evaluation to memory with objective: 5.55, ConfigId: 8496964428928843392, EvalId: 125. Total evaluations stored: 125
[INFO]:[19:07:06] recordEvaluation produced_mip_start=0 mip_start_file=''
[DEBUG]:[19:07:06] Added evaluation to memory with objective: 5.55, ConfigId: 15258577324836603447, EvalId: 126. Total evaluations stored: 126
[INFO]:[19:07:06] recordEvaluation produced_mip_start=0 mip_start_file=''
[DEBUG]:[19:07:06] Added evaluation to memory with objective: 5.55, ConfigId: 9306281209775523950, EvalId: 127. Total evaluations stored: 127
[INFO]:[19:07:06] recordEvaluation produced_mip_start=0 mip_start_file=''
[DEBUG]:[19:07:06] Added evaluation to memory with objective: 5.55, ConfigId: 11132963453477419429, EvalId: 128. Total evaluations stored: 128
[INFO]:[19:07:06] recordEvaluation produced_mip_start=0 mip_start_file=''
[DEBUG]:[19:07:06] Added evaluation to memory with objective: 5.55, ConfigId: 13767358935826443718, EvalId: 129. Total evaluations stored: 129
[INFO]:[19:07:06] recordEvaluation produced_mip_start=0 mip_start_file=''
[DEBUG]:[19:07:06] Added evaluation to memory with objective: 5.55, ConfigId: 57774234605468925, EvalId: 130. Total evaluations stored: 130
[INFO]:[19:07:06] recordEvaluation produced_mip_start=0 mip_start_file=''
[DEBUG]:[19:07:06] Added evaluation to memory with objective: 5.55, ConfigId: 1184717644950827412, EvalId: 131. Total evaluations stored: 131
[INFO]:[19:07:06] recordEvaluation produced_mip_start=0 mip_start_file=''
[DEBUG]:[19:07:06] Added evaluation to memory with objective: 11.9, ConfigId: 119010145740404551, EvalId: 132. Total evaluations stored: 132
[INFO]:[19:07:06] recordEvaluation produced_mip_start=0 mip_start_file=''
[DEBUG]:[19:07:06] Added evaluation to memory with objective: 5.55, ConfigId: 4591332522785245095, EvalId: 133. Total evaluations stored: 133
[INFO]:[19:07:06] recordEvaluation produced_mip_start=0 mip_start_file=''
[INFO]:[19:07:06] ***************
[INFO]:[19:07:06] New best evaluation without MIP start found at time 71s, with objective 4.76 and configuration ID 8554484053179299181
[INFO]:[19:07:06] With config: 8554484053179299181 -> 
Configuration: CPXPARAM_Advance=1 CPXPARAM_Barrier_Algorithm=0 CPXPARAM_Barrier_ColNonzeros=0 CPXPARAM_Barrier_Crossover=0 CPXPARAM_Barrier_Limits_Corrections=-1 CPXPARAM_Barrier_Ordering=0 CPXPARAM_Barrier_StartAlg=1 CPXPARAM_Emphasis_MIP=2 CPXPARAM_Emphasis_Memory=0 CPXPARAM_Emphasis_Numerical=0 CPXPARAM_Feasopt_Mode=0 CPXPARAM_LPMethod=0 CPXPARAM_MIP_Cuts_Cliques=2 CPXPARAM_MIP_Cuts_Covers=0 CPXPARAM_MIP_Cuts_Disjunctive=0 CPXPARAM_MIP_Cuts_FlowCovers=1 CPXPARAM_MIP_Cuts_GUBCovers=-1 CPXPARAM_MIP_Cuts_Gomory=1 CPXPARAM_MIP_Cuts_Implied=1 CPXPARAM_MIP_Cuts_MIRCut=0 CPXPARAM_MIP_Cuts_PathCut=0 CPXPARAM_MIP_Limits_AggForCut=3 CPXPARAM_MIP_Limits_CutPasses=0 CPXPARAM_MIP_Limits_CutsFactor=-1 CPXPARAM_MIP_Limits_GomoryCand=100 CPXPARAM_MIP_Limits_GomoryPass=0 CPXPARAM_MIP_Limits_Nodes=9223372036800000000 CPXPARAM_MIP_Limits_ProbeTime=1e+75 CPXPARAM_MIP_Limits_RepairTries=0 CPXPARAM_MIP_Limits_StrongCand=10 CPXPARAM_MIP_Limits_StrongIt=0 CPXPARAM_MIP_OrderType=0 CPXPARAM_MIP_Strategy_BBInterval=7 CPXPARAM_MIP_Strategy_Branch=0 CPXPARAM_MIP_Strategy_Dive=0 CPXPARAM_MIP_Strategy_File=1 CPXPARAM_MIP_Strategy_HeuristicFreq=-1 CPXPARAM_MIP_Strategy_LBHeur=0 CPXPARAM_MIP_Strategy_NodeSelect=1 CPXPARAM_MIP_Strategy_Order=1 CPXPARAM_MIP_Strategy_PresolveNode=0 CPXPARAM_MIP_Strategy_Probe=0 CPXPARAM_MIP_Strategy_RINSHeur=0 CPXPARAM_MIP_Strategy_StartAlgorithm=0 CPXPARAM_MIP_Strategy_SubAlgorithm=0 CPXPARAM_MIP_Strategy_VariableSelect=4 CPXPARAM_Network_NetFind=2 CPXPARAM_Network_Pricing=0 CPXPARAM_Parallel=1 CPXPARAM_Preprocessing_Aggregator=-1 CPXPARAM_Preprocessing_BoundStrength=-1 CPXPARAM_Preprocessing_CoeffReduce=-1 CPXPARAM_Preprocessing_Dependency=-1 CPXPARAM_Preprocessing_Dual=0 CPXPARAM_Preprocessing_Fill=10 CPXPARAM_Preprocessing_NumPass=-1 CPXPARAM_Preprocessing_Presolve=1 CPXPARAM_Preprocessing_QPMakePSD=1 CPXPARAM_Preprocessing_Reduce=3 CPXPARAM_Preprocessing_Relax=-1 CPXPARAM_Preprocessing_RepeatPresolve=-1 CPXPARAM_Preprocessing_Symmetry=-1 CPXPARAM_Read_Scale=0 CPXPARAM_Sifting_Algorithm=0 CPXPARAM_Simplex_Crash=1 CPXPARAM_Simplex_DGradient=0 CPXPARAM_Simplex_Limits_Perturbation=0 CPXPARAM_Simplex_Limits_Singularity=10 CPXPARAM_Simplex_PGradient=0 CPXPARAM_Simplex_Pricing=0 CPXPARAM_Simplex_Refactor=0 | MIP Start: No 
[INFO]:[19:07:06] ***************
[DEBUG]:[19:07:06] Added evaluation to memory with objective: 4.76, ConfigId: 8554484053179299181, EvalId: 134. Total evaluations stored: 134
[INFO]:[19:07:06] Waiting for Expansion Workers via MPI...
[INFO]:[19:07:06] Expansion Workers have completed.
[INFO]:[19:07:06] Evaluated expansion parameters: 4
[INFO]:[19:07:06] Classifying expansion parameters...
[DEBUG]:[19:07:06] Parameter CPXPARAM_Preprocessing_Symmetry valid evaluations: 6, invalid evaluations: 0, c_p: 5.55, s_p: 0, selected_stage_1: No, discarded_by_threshold: No
[DEBUG]:[19:07:06] Parameter CPXPARAM_Preprocessing_Dual valid evaluations: 2, invalid evaluations: 0, c_p: 5.55, s_p: 6.35, selected_stage_1: No, discarded_by_threshold: No
[DEBUG]:[19:07:06] Parameter CPXPARAM_MIP_Strategy_LBHeur valid evaluations: 1, invalid evaluations: 0, c_p: 5.55, s_p: 0, selected_stage_1: No, discarded_by_threshold: No
[DEBUG]:[19:07:06] Parameter CPXPARAM_MIP_Strategy_HeuristicFreq valid evaluations: 1, invalid evaluations: 0, c_p: 4.76, s_p: 0, selected_stage_1: Yes, discarded_by_threshold: No
[DEBUG]:[19:07:06] Parameter CPXPARAM_Preprocessing_Symmetry is dominated by parameter CPXPARAM_Preprocessing_Dual.
[DEBUG]:[19:07:06] Parameter CPXPARAM_MIP_Strategy_LBHeur is dominated by parameter CPXPARAM_Preprocessing_Dual.
[DEBUG]:[19:07:06] Parameter CPXPARAM_Preprocessing_Symmetry metrics - c_p: 5.55, s_p: 0, selected_stage_1: No, discarded_by_threshold: No, dominated: Yes
[DEBUG]:[19:07:06] Parameter CPXPARAM_Preprocessing_Dual metrics - c_p: 5.55, s_p: 6.35, selected_stage_1: No, discarded_by_threshold: No, dominated: No
[DEBUG]:[19:07:06] Parameter CPXPARAM_MIP_Strategy_LBHeur metrics - c_p: 5.55, s_p: 0, selected_stage_1: No, discarded_by_threshold: No, dominated: Yes
[DEBUG]:[19:07:06] Parameter CPXPARAM_MIP_Strategy_HeuristicFreq metrics - c_p: 4.76, s_p: 0, selected_stage_1: Yes, discarded_by_threshold: No, dominated: No
[INFO]:[19:07:06] Updating parameter flags based on classification...
[INFO]:[19:07:06] Parameter CPXPARAM_Preprocessing_Symmetry discarded from tuning.
[INFO]:[19:07:06] Parameter CPXPARAM_Preprocessing_Dual selected for tuning.
[INFO]:[19:07:06] Parameter CPXPARAM_MIP_Strategy_LBHeur discarded from tuning.
[INFO]:[19:07:06] Parameter CPXPARAM_MIP_Strategy_HeuristicFreq selected for tuning.
[DEBUG]:[19:07:06] Classified parameters at iteration 3 - To Select: 2, To Discard: 2
[DEBUG]:[19:07:06] Parameter: CPXPARAM_Preprocessing_Symmetry, To Select: No, To Discard: Yes
[DEBUG]:[19:07:06] Parameter: CPXPARAM_Preprocessing_Dual, To Select: Yes, To Discard: No
[DEBUG]:[19:07:06] Parameter: CPXPARAM_MIP_Strategy_LBHeur, To Select: No, To Discard: Yes
[DEBUG]:[19:07:06] Parameter: CPXPARAM_MIP_Strategy_HeuristicFreq, To Select: Yes, To Discard: No
[INFO]:[19:07:06] Added 10 evaluations to memory from expansion phase at iteration 3
[INFO]:[19:07:06] Expansion phase completed.
[INFO]:[19:07:06] Starting pruning phase...
[INFO]:[19:07:06] Writing learner file for pruning phase: /scratch/yorig/mpils-results-grid-ticks-10000-7may/medium-1/16proc-16pils/seed-8/9_neos-3024952-loue_seed-8_20260510_190554/pruning/input/learner_file_3.txt
[INFO]:[19:07:06] Learner file written successfully: /scratch/yorig/mpils-results-grid-ticks-10000-7may/medium-1/16proc-16pils/seed-8/9_neos-3024952-loue_seed-8_20260510_190554/pruning/input/learner_file_3.txt
[INFO]:[19:07:06] Extracting forbidden tuples from memory...
[INFO]:[19:07:06] Redirecting learner stdout/stderr to: /scratch/yorig/mpils-results-grid-ticks-10000-7may/medium-1/16proc-16pils/seed-8/9_neos-3024952-loue_seed-8_20260510_190554/pruning/learner_iteration_3.log
[INFO]:[19:07:06] Forbidden tuples extracted: 47
[INFO]:[19:07:06] Applying pruning with 47 forbidden tuples...
[DEBUG]:[19:07:06] Adding forbidden value from single-element tuple: CPXPARAM_Emphasis_MIP=2
[DEBUG]:[19:07:06] Adding forbidden value from single-element tuple: CPXPARAM_Emphasis_MIP=4
[DEBUG]:[19:07:06] Adding forbidden value from single-element tuple: CPXPARAM_MIP_Cuts_Cliques=0
[DEBUG]:[19:07:06] Adding forbidden value from single-element tuple: CPXPARAM_MIP_Cuts_Covers=1
[DEBUG]:[19:07:06] Adding forbidden value from single-element tuple: CPXPARAM_MIP_Cuts_Covers=3
[DEBUG]:[19:07:06] Adding forbidden value from single-element tuple: CPXPARAM_MIP_Cuts_Disjunctive=0
[DEBUG]:[19:07:06] Adding forbidden value from single-element tuple: CPXPARAM_MIP_Cuts_FlowCovers=1
[DEBUG]:[19:07:06] Adding forbidden value from single-element tuple: CPXPARAM_MIP_Cuts_Gomory=2
[DEBUG]:[19:07:06] Adding forbidden value from single-element tuple: CPXPARAM_MIP_Cuts_MIRCut=1
[DEBUG]:[19:07:06] Adding forbidden value from single-element tuple: CPXPARAM_MIP_Cuts_MIRCut=2
[DEBUG]:[19:07:06] Adding forbidden value from single-element tuple: CPXPARAM_MIP_Limits_CutsFactor=2
[DEBUG]:[19:07:06] Adding forbidden value from single-element tuple: CPXPARAM_MIP_Limits_GomoryCand=150
[DEBUG]:[19:07:06] Adding forbidden value from single-element tuple: CPXPARAM_MIP_Limits_GomoryCand=800
[DEBUG]:[19:07:06] Adding forbidden value from single-element tuple: CPXPARAM_MIP_Strategy_Branch=1
[DEBUG]:[19:07:06] Adding forbidden value from single-element tuple: CPXPARAM_MIP_Strategy_Dive=3
[DEBUG]:[19:07:06] Adding forbidden value from single-element tuple: CPXPARAM_MIP_Strategy_LBHeur=1
[DEBUG]:[19:07:06] Adding forbidden value from single-element tuple: CPXPARAM_MIP_Strategy_NodeSelect=2
[DEBUG]:[19:07:06] Adding forbidden value from single-element tuple: CPXPARAM_MIP_Strategy_Order=1
[DEBUG]:[19:07:06] Adding forbidden value from single-element tuple: CPXPARAM_MIP_Strategy_PresolveNode=1
[DEBUG]:[19:07:06] Adding forbidden value from single-element tuple: CPXPARAM_MIP_Strategy_Probe=0
[DEBUG]:[19:07:06] Adding forbidden value from single-element tuple: CPXPARAM_MIP_Strategy_RINSHeur=20
[DEBUG]:[19:07:06] Adding forbidden value from single-element tuple: CPXPARAM_MIP_Strategy_RINSHeur=60
[DEBUG]:[19:07:06] Adding forbidden value from single-element tuple: CPXPARAM_MIP_Strategy_RINSHeur=100
[DEBUG]:[19:07:06] Adding forbidden value from single-element tuple: CPXPARAM_MIP_Strategy_RINSHeur=200
[DEBUG]:[19:07:06] Adding forbidden value from single-element tuple: CPXPARAM_MIP_Strategy_RINSHeur=500
[DEBUG]:[19:07:06] Adding forbidden value from single-element tuple: CPXPARAM_MIP_Strategy_RINSHeur=1000
[DEBUG]:[19:07:06] Adding forbidden value from single-element tuple: CPXPARAM_MIP_Strategy_VariableSelect=0
[DEBUG]:[19:07:06] Adding forbidden value from single-element tuple: CPXPARAM_MIP_Strategy_VariableSelect=1
[DEBUG]:[19:07:06] Adding forbidden value from single-element tuple: CPXPARAM_MIP_Strategy_VariableSelect=2
[DEBUG]:[19:07:06] Adding forbidden value from single-element tuple: CPXPARAM_MIP_Strategy_VariableSelect=3
[DEBUG]:[19:07:06] Adding forbidden value from single-element tuple: CPXPARAM_MIP_Strategy_VariableSelect=4
[DEBUG]:[19:07:06] Adding forbidden value from single-element tuple: CPXPARAM_Preprocessing_Dual=0
[DEBUG]:[19:07:06] Adding forbidden value from single-element tuple: CPXPARAM_Preprocessing_Presolve=1
[DEBUG]:[19:07:06] Adding forbidden value from single-element tuple: CPXPARAM_Preprocessing_Symmetry=0
[DEBUG]:[19:07:06] Adding forbidden tuple of size 2: 
[DEBUG]:[19:07:06]   CPXPARAM_Emphasis_MIP=1
[DEBUG]:[19:07:06]   CPXPARAM_MIP_Cuts_Cliques=0
[DEBUG]:[19:07:06] Adding forbidden tuple of size 2: 
[DEBUG]:[19:07:06]   CPXPARAM_Emphasis_MIP=1
[DEBUG]:[19:07:06]   CPXPARAM_MIP_Cuts_Cliques=3
[DEBUG]:[19:07:06] Adding forbidden tuple of size 2: 
[DEBUG]:[19:07:06]   CPXPARAM_Emphasis_MIP=1
[DEBUG]:[19:07:06]   CPXPARAM_MIP_Cuts_Covers=1
[DEBUG]:[19:07:06] Adding forbidden tuple of size 2: 
[DEBUG]:[19:07:06]   CPXPARAM_Emphasis_MIP=1
[DEBUG]:[19:07:06]   CPXPARAM_MIP_Cuts_Disjunctive=1
[DEBUG]:[19:07:06] Adding forbidden tuple of size 2: 
[DEBUG]:[19:07:06]   CPXPARAM_Emphasis_MIP=1
[DEBUG]:[19:07:06]   CPXPARAM_MIP_Cuts_FlowCovers=2
[DEBUG]:[19:07:06] Adding forbidden tuple of size 2: 
[DEBUG]:[19:07:06]   CPXPARAM_Emphasis_MIP=1
[DEBUG]:[19:07:06]   CPXPARAM_MIP_Cuts_GUBCovers=1
[DEBUG]:[19:07:06] Adding forbidden tuple of size 2: 
[DEBUG]:[19:07:06]   CPXPARAM_Emphasis_MIP=1
[DEBUG]:[19:07:06]   CPXPARAM_MIP_Cuts_Gomory=2
[DEBUG]:[19:07:06] Adding forbidden tuple of size 2: 
[DEBUG]:[19:07:06]   CPXPARAM_Emphasis_MIP=1
[DEBUG]:[19:07:06]   CPXPARAM_MIP_Cuts_Implied=0
[DEBUG]:[19:07:06] Adding forbidden tuple of size 2: 
[DEBUG]:[19:07:06]   CPXPARAM_Emphasis_MIP=1
[DEBUG]:[19:07:06]   CPXPARAM_MIP_Cuts_Implied=2
[DEBUG]:[19:07:06] Adding forbidden tuple of size 2: 
[DEBUG]:[19:07:06]   CPXPARAM_Emphasis_MIP=1
[DEBUG]:[19:07:06]   CPXPARAM_MIP_Cuts_MIRCut=0
[DEBUG]:[19:07:06] Adding forbidden tuple of size 2: 
[DEBUG]:[19:07:06]   CPXPARAM_Emphasis_MIP=1
[DEBUG]:[19:07:06]   CPXPARAM_MIP_Cuts_MIRCut=1
[DEBUG]:[19:07:06] Adding forbidden tuple of size 2: 
[DEBUG]:[19:07:06]   CPXPARAM_Emphasis_MIP=1
[DEBUG]:[19:07:06]   CPXPARAM_MIP_Cuts_MIRCut=2
[DEBUG]:[19:07:06] Adding forbidden tuple of size 2: 
[DEBUG]:[19:07:06]   CPXPARAM_Emphasis_MIP=1
[DEBUG]:[19:07:06]   CPXPARAM_MIP_Cuts_PathCut=1
[INFO]:[19:07:06] Pruning applied successfully.
[INFO]:[19:07:06] Pruning phase completed.
[INFO]:[19:07:06] Completed iteration 3
[INFO]:[19:07:06] Starting iteration 4
[INFO]:[19:07:06] Starting exploration phase...
[INFO]:[19:07:06] Selecting number of evaluations for tuning phase...
[INFO]:[19:07:06] Selecting initial configurations for tuning phase...
[INFO]:[19:07:06] Using worker 0 best exploration configuration without MIP start as master ILS initial configuration.
[INFO]:[19:07:06] Worker 1 global-best exploration initial configuration matches master; using a random diversified initial configuration.
[INFO]:[19:07:06] Number of evaluations for this tuning phase: 14
[INFO]:[19:07:06] ILS shared cache is disabled for this exploration phase.
[INFO]:[19:07:06] Local search backend for this exploration phase: iterated_local_search
[INFO]:[19:07:06] Running IteratedLocalSearch Engine...
[INFO]:[19:07:06] Mip start is disabled for this iteration.
[INFO]:[19:07:06] Writing ILS search space file for worker 0...
[INFO]:[19:07:06] Warning: Initial value for parameter CPXPARAM_Emphasis_MIP is forbidden. So unforbidden it for the ILS initial configuration at iteration 4.
[INFO]:[19:07:06] Warning: Initial value for parameter CPXPARAM_MIP_Cuts_Disjunctive is forbidden. So unforbidden it for the ILS initial configuration at iteration 4.
[INFO]:[19:07:06] Warning: Initial value for parameter CPXPARAM_MIP_Cuts_FlowCovers is forbidden. So unforbidden it for the ILS initial configuration at iteration 4.
[INFO]:[19:07:06] Warning: Initial value for parameter CPXPARAM_MIP_Cuts_Gomory is forbidden. So unforbidden it for the ILS initial configuration at iteration 4.
[INFO]:[19:07:06] Warning: Initial value for parameter CPXPARAM_MIP_Strategy_VariableSelect is forbidden. So unforbidden it for the ILS initial configuration at iteration 4.
[INFO]:[19:07:06] Warning: Initial value for parameter CPXPARAM_Preprocessing_Dual is forbidden. So unforbidden it for the ILS initial configuration at iteration 4.
[INFO]:[19:07:06] ILS search space file written: /scratch/yorig/mpils-results-grid-ticks-10000-7may/medium-1/16proc-16pils/seed-8/9_neos-3024952-loue_seed-8_20260510_190554/iterated_local_search/search_space/search_space_file_4.txt
[INFO]:[19:07:06] Writing ILS search space file for worker 1...
[INFO]:[19:07:06] Warning: Initial value for parameter CPXPARAM_MIP_Cuts_MIRCut is forbidden. So unforbidden it for the ILS initial configuration at iteration 4.
[INFO]:[19:07:06] ILS search space file written: /scratch/yorig/mpils-results-grid-ticks-10000-7may/medium-1/16proc-16pils/seed-8/9_neos-3024952-loue_seed-8_20260510_190554/iterated_local_search/search_space/search_space_file_4_worker_1.txt
[INFO]:[19:07:06] Writing ILS search space file for worker 2...
[INFO]:[19:07:06] Warning: Initial value for parameter CPXPARAM_MIP_Cuts_MIRCut is forbidden. So unforbidden it for the ILS initial configuration at iteration 4.
[INFO]:[19:07:06] Warning: Initial value for parameter CPXPARAM_MIP_Cuts_GUBCovers is forbidden. So unforbidden it for the ILS initial configuration at iteration 4.
[INFO]:[19:07:06] Warning: Initial value for parameter CPXPARAM_MIP_Limits_GomoryCand is forbidden. So unforbidden it for the ILS initial configuration at iteration 4.
[INFO]:[19:07:06] Warning: Initial value for parameter CPXPARAM_MIP_Strategy_VariableSelect is forbidden. So unforbidden it for the ILS initial configuration at iteration 4.
[INFO]:[19:07:06] Warning: Initial value for parameter CPXPARAM_MIP_Limits_CutsFactor is forbidden. So unforbidden it for the ILS initial configuration at iteration 4.
[INFO]:[19:07:06] ILS search space file written: /scratch/yorig/mpils-results-grid-ticks-10000-7may/medium-1/16proc-16pils/seed-8/9_neos-3024952-loue_seed-8_20260510_190554/iterated_local_search/search_space/search_space_file_4_worker_2.txt
[INFO]:[19:07:06] Writing ILS search space file for worker 3...
[INFO]:[19:07:06] Warning: Initial value for parameter CPXPARAM_MIP_Cuts_MIRCut is forbidden. So unforbidden it for the ILS initial configuration at iteration 4.
[INFO]:[19:07:06] Warning: Initial value for parameter CPXPARAM_MIP_Cuts_GUBCovers is forbidden. So unforbidden it for the ILS initial configuration at iteration 4.
[INFO]:[19:07:06] Warning: Initial value for parameter CPXPARAM_MIP_Cuts_Gomory is forbidden. So unforbidden it for the ILS initial configuration at iteration 4.
[INFO]:[19:07:06] Warning: Initial value for parameter CPXPARAM_MIP_Cuts_Covers is forbidden. So unforbidden it for the ILS initial configuration at iteration 4.
[INFO]:[19:07:06] Warning: Initial value for parameter CPXPARAM_MIP_Strategy_VariableSelect is forbidden. So unforbidden it for the ILS initial configuration at iteration 4.
[INFO]:[19:07:06] ILS search space file written: /scratch/yorig/mpils-results-grid-ticks-10000-7may/medium-1/16proc-16pils/seed-8/9_neos-3024952-loue_seed-8_20260510_190554/iterated_local_search/search_space/search_space_file_4_worker_3.txt
[INFO]:[19:07:06] Writing ILS search space file for worker 4...
[INFO]:[19:07:06] Warning: Initial value for parameter CPXPARAM_MIP_Cuts_Gomory is forbidden. So unforbidden it for the ILS initial configuration at iteration 4.
[INFO]:[19:07:06] Warning: Initial value for parameter CPXPARAM_MIP_Cuts_Covers is forbidden. So unforbidden it for the ILS initial configuration at iteration 4.
[INFO]:[19:07:06] Warning: Initial value for parameter CPXPARAM_MIP_Strategy_VariableSelect is forbidden. So unforbidden it for the ILS initial configuration at iteration 4.
[INFO]:[19:07:06] Warning: Initial value for parameter CPXPARAM_Preprocessing_Dual is forbidden. So unforbidden it for the ILS initial configuration at iteration 4.
[INFO]:[19:07:06] Warning: Initial configuration contains a forbidden tuple. So unforbidden it for ILS at iteration 4.
[INFO]:[19:07:06] Warning: Initial configuration contains a forbidden tuple. So unforbidden it for ILS at iteration 4.
[INFO]:[19:07:06] Warning: Initial configuration contains a forbidden tuple. So unforbidden it for ILS at iteration 4.
[INFO]:[19:07:06] Warning: Initial configuration contains a forbidden tuple. So unforbidden it for ILS at iteration 4.
[INFO]:[19:07:06] Warning: Initial configuration contains a forbidden tuple. So unforbidden it for ILS at iteration 4.
[INFO]:[19:07:06] Warning: Initial configuration contains a forbidden tuple. So unforbidden it for ILS at iteration 4.
[INFO]:[19:07:06] Warning: Initial configuration contains a forbidden tuple. So unforbidden it for ILS at iteration 4.
[INFO]:[19:07:06] Warning: Initial configuration contains a forbidden tuple. So unforbidden it for ILS at iteration 4.
[INFO]:[19:07:06] Warning: Initial configuration contains a forbidden tuple. So unforbidden it for ILS at iteration 4.
[INFO]:[19:07:06] Warning: Initial configuration contains a forbidden tuple. So unforbidden it for ILS at iteration 4.
[INFO]:[19:07:06] Warning: Initial configuration contains a forbidden tuple. So unforbidden it for ILS at iteration 4.
[INFO]:[19:07:06] Warning: Initial configuration contains a forbidden tuple. So unforbidden it for ILS at iteration 4.
[INFO]:[19:07:06] Warning: Initial configuration contains a forbidden tuple. So unforbidden it for ILS at iteration 4.
[INFO]:[19:07:06] Warning: Initial configuration contains a forbidden tuple. So unforbidden it for ILS at iteration 4.
[INFO]:[19:07:06] Warning: Initial configuration contains a forbidden tuple. So unforbidden it for ILS at iteration 4.
[INFO]:[19:07:06] ILS search space file written: /scratch/yorig/mpils-results-grid-ticks-10000-7may/medium-1/16proc-16pils/seed-8/9_neos-3024952-loue_seed-8_20260510_190554/iterated_local_search/search_space/search_space_file_4_worker_4.txt
[INFO]:[19:07:06] Writing ILS search space file for worker 5...
[INFO]:[19:07:06] Warning: Initial value for parameter CPXPARAM_Emphasis_MIP is forbidden. So unforbidden it for the ILS initial configuration at iteration 4.
[INFO]:[19:07:06] Warning: Initial value for parameter CPXPARAM_MIP_Cuts_Cliques is forbidden. So unforbidden it for the ILS initial configuration at iteration 4.
[INFO]:[19:07:06] Warning: Initial value for parameter CPXPARAM_MIP_Cuts_FlowCovers is forbidden. So unforbidden it for the ILS initial configuration at iteration 4.
[INFO]:[19:07:06] Warning: Initial value for parameter CPXPARAM_MIP_Cuts_GUBCovers is forbidden. So unforbidden it for the ILS initial configuration at iteration 4.
[INFO]:[19:07:06] Warning: Initial value for parameter CPXPARAM_MIP_Cuts_Covers is forbidden. So unforbidden it for the ILS initial configuration at iteration 4.
[INFO]:[19:07:06] Warning: Initial value for parameter CPXPARAM_MIP_Strategy_VariableSelect is forbidden. So unforbidden it for the ILS initial configuration at iteration 4.
[INFO]:[19:07:06] Warning: Initial value for parameter CPXPARAM_Preprocessing_Dual is forbidden. So unforbidden it for the ILS initial configuration at iteration 4.
[INFO]:[19:07:06] ILS search space file written: /scratch/yorig/mpils-results-grid-ticks-10000-7may/medium-1/16proc-16pils/seed-8/9_neos-3024952-loue_seed-8_20260510_190554/iterated_local_search/search_space/search_space_file_4_worker_5.txt
[INFO]:[19:07:06] Writing ILS search space file for worker 6...
[INFO]:[19:07:06] Warning: Initial value for parameter CPXPARAM_Emphasis_MIP is forbidden. So unforbidden it for the ILS initial configuration at iteration 4.
[INFO]:[19:07:06] Warning: Initial value for parameter CPXPARAM_MIP_Cuts_Gomory is forbidden. So unforbidden it for the ILS initial configuration at iteration 4.
[INFO]:[19:07:06] Warning: Initial value for parameter CPXPARAM_MIP_Strategy_VariableSelect is forbidden. So unforbidden it for the ILS initial configuration at iteration 4.
[INFO]:[19:07:06] ILS search space file written: /scratch/yorig/mpils-results-grid-ticks-10000-7may/medium-1/16proc-16pils/seed-8/9_neos-3024952-loue_seed-8_20260510_190554/iterated_local_search/search_space/search_space_file_4_worker_6.txt
[INFO]:[19:07:06] Writing ILS search space file for worker 7...
[INFO]:[19:07:06] Warning: Initial value for parameter CPXPARAM_MIP_Cuts_MIRCut is forbidden. So unforbidden it for the ILS initial configuration at iteration 4.
[INFO]:[19:07:06] Warning: Initial value for parameter CPXPARAM_MIP_Cuts_Disjunctive is forbidden. So unforbidden it for the ILS initial configuration at iteration 4.
[INFO]:[19:07:06] Warning: Initial value for parameter CPXPARAM_MIP_Limits_CutsFactor is forbidden. So unforbidden it for the ILS initial configuration at iteration 4.
[INFO]:[19:07:06] Warning: Initial value for parameter CPXPARAM_Preprocessing_Dual is forbidden. So unforbidden it for the ILS initial configuration at iteration 4.
[INFO]:[19:07:06] Warning: Initial configuration contains a forbidden tuple. So unforbidden it for ILS at iteration 4.
[INFO]:[19:07:06] Warning: Initial configuration contains a forbidden tuple. So unforbidden it for ILS at iteration 4.
[INFO]:[19:07:06] Warning: Initial configuration contains a forbidden tuple. So unforbidden it for ILS at iteration 4.
[INFO]:[19:07:06] Warning: Initial configuration contains a forbidden tuple. So unforbidden it for ILS at iteration 4.
[INFO]:[19:07:06] Warning: Initial configuration contains a forbidden tuple. So unforbidden it for ILS at iteration 4.
[INFO]:[19:07:06] Warning: Initial configuration contains a forbidden tuple. So unforbidden it for ILS at iteration 4.
[INFO]:[19:07:06] ILS search space file written: /scratch/yorig/mpils-results-grid-ticks-10000-7may/medium-1/16proc-16pils/seed-8/9_neos-3024952-loue_seed-8_20260510_190554/iterated_local_search/search_space/search_space_file_4_worker_7.txt
[INFO]:[19:07:06] Writing ILS search space file for worker 8...
[INFO]:[19:07:06] Warning: Initial value for parameter CPXPARAM_MIP_Cuts_FlowCovers is forbidden. So unforbidden it for the ILS initial configuration at iteration 4.
[INFO]:[19:07:06] Warning: Initial value for parameter CPXPARAM_MIP_Cuts_Gomory is forbidden. So unforbidden it for the ILS initial configuration at iteration 4.
[INFO]:[19:07:06] Warning: Initial value for parameter CPXPARAM_MIP_Strategy_VariableSelect is forbidden. So unforbidden it for the ILS initial configuration at iteration 4.
[INFO]:[19:07:06] ILS search space file written: /scratch/yorig/mpils-results-grid-ticks-10000-7may/medium-1/16proc-16pils/seed-8/9_neos-3024952-loue_seed-8_20260510_190554/iterated_local_search/search_space/search_space_file_4_worker_8.txt
[INFO]:[19:07:06] Writing ILS search space file for worker 9...
[INFO]:[19:07:06] Warning: Initial value for parameter CPXPARAM_MIP_Cuts_MIRCut is forbidden. So unforbidden it for the ILS initial configuration at iteration 4.
[INFO]:[19:07:06] Warning: Initial value for parameter CPXPARAM_MIP_Cuts_Disjunctive is forbidden. So unforbidden it for the ILS initial configuration at iteration 4.
[INFO]:[19:07:06] Warning: Initial value for parameter CPXPARAM_MIP_Cuts_FlowCovers is forbidden. So unforbidden it for the ILS initial configuration at iteration 4.
[INFO]:[19:07:06] Warning: Initial value for parameter CPXPARAM_MIP_Cuts_GUBCovers is forbidden. So unforbidden it for the ILS initial configuration at iteration 4.
[INFO]:[19:07:06] Warning: Initial value for parameter CPXPARAM_MIP_Limits_GomoryCand is forbidden. So unforbidden it for the ILS initial configuration at iteration 4.
[INFO]:[19:07:06] Warning: Initial value for parameter CPXPARAM_MIP_Cuts_Covers is forbidden. So unforbidden it for the ILS initial configuration at iteration 4.
[INFO]:[19:07:06] Warning: Initial value for parameter CPXPARAM_MIP_Strategy_VariableSelect is forbidden. So unforbidden it for the ILS initial configuration at iteration 4.
[INFO]:[19:07:06] Warning: Initial value for parameter CPXPARAM_Preprocessing_Dual is forbidden. So unforbidden it for the ILS initial configuration at iteration 4.
[INFO]:[19:07:06] ILS search space file written: /scratch/yorig/mpils-results-grid-ticks-10000-7may/medium-1/16proc-16pils/seed-8/9_neos-3024952-loue_seed-8_20260510_190554/iterated_local_search/search_space/search_space_file_4_worker_9.txt
[INFO]:[19:07:06] Writing ILS search space file for worker 10...
[INFO]:[19:07:06] Warning: Initial value for parameter CPXPARAM_MIP_Cuts_Disjunctive is forbidden. So unforbidden it for the ILS initial configuration at iteration 4.
[INFO]:[19:07:06] Warning: Initial value for parameter CPXPARAM_MIP_Cuts_FlowCovers is forbidden. So unforbidden it for the ILS initial configuration at iteration 4.
[INFO]:[19:07:06] Warning: Initial value for parameter CPXPARAM_MIP_Strategy_VariableSelect is forbidden. So unforbidden it for the ILS initial configuration at iteration 4.
[INFO]:[19:07:06] Warning: Initial configuration contains a forbidden tuple. So unforbidden it for ILS at iteration 4.
[INFO]:[19:07:06] Warning: Initial configuration contains a forbidden tuple. So unforbidden it for ILS at iteration 4.
[INFO]:[19:07:06] Warning: Initial configuration contains a forbidden tuple. So unforbidden it for ILS at iteration 4.
[INFO]:[19:07:06] Warning: Initial configuration contains a forbidden tuple. So unforbidden it for ILS at iteration 4.
[INFO]:[19:07:06] Warning: Initial configuration contains a forbidden tuple. So unforbidden it for ILS at iteration 4.
[INFO]:[19:07:06] Warning: Initial configuration contains a forbidden tuple. So unforbidden it for ILS at iteration 4.
[INFO]:[19:07:06] Warning: Initial configuration contains a forbidden tuple. So unforbidden it for ILS at iteration 4.
[INFO]:[19:07:06] Warning: Initial configuration contains a forbidden tuple. So unforbidden it for ILS at iteration 4.
[INFO]:[19:07:06] Warning: Initial configuration contains a forbidden tuple. So unforbidden it for ILS at iteration 4.
[INFO]:[19:07:06] ILS search space file written: /scratch/yorig/mpils-results-grid-ticks-10000-7may/medium-1/16proc-16pils/seed-8/9_neos-3024952-loue_seed-8_20260510_190554/iterated_local_search/search_space/search_space_file_4_worker_10.txt
[INFO]:[19:07:06] Writing ILS search space file for worker 11...
[INFO]:[19:07:06] Warning: Initial value for parameter CPXPARAM_Emphasis_MIP is forbidden. So unforbidden it for the ILS initial configuration at iteration 4.
[INFO]:[19:07:06] Warning: Initial value for parameter CPXPARAM_MIP_Cuts_FlowCovers is forbidden. So unforbidden it for the ILS initial configuration at iteration 4.
[INFO]:[19:07:06] Warning: Initial value for parameter CPXPARAM_MIP_Cuts_Covers is forbidden. So unforbidden it for the ILS initial configuration at iteration 4.
[INFO]:[19:07:06] Warning: Initial value for parameter CPXPARAM_MIP_Strategy_VariableSelect is forbidden. So unforbidden it for the ILS initial configuration at iteration 4.
[INFO]:[19:07:06] Warning: Initial value for parameter CPXPARAM_Preprocessing_Dual is forbidden. So unforbidden it for the ILS initial configuration at iteration 4.
[INFO]:[19:07:06] ILS search space file written: /scratch/yorig/mpils-results-grid-ticks-10000-7may/medium-1/16proc-16pils/seed-8/9_neos-3024952-loue_seed-8_20260510_190554/iterated_local_search/search_space/search_space_file_4_worker_11.txt
[INFO]:[19:07:06] Writing ILS search space file for worker 12...
[INFO]:[19:07:06] Warning: Initial value for parameter CPXPARAM_Emphasis_MIP is forbidden. So unforbidden it for the ILS initial configuration at iteration 4.
[INFO]:[19:07:06] Warning: Initial value for parameter CPXPARAM_MIP_Cuts_Cliques is forbidden. So unforbidden it for the ILS initial configuration at iteration 4.
[INFO]:[19:07:06] Warning: Initial value for parameter CPXPARAM_MIP_Cuts_GUBCovers is forbidden. So unforbidden it for the ILS initial configuration at iteration 4.
[INFO]:[19:07:06] Warning: Initial value for parameter CPXPARAM_MIP_Limits_GomoryCand is forbidden. So unforbidden it for the ILS initial configuration at iteration 4.
[INFO]:[19:07:06] ILS search space file written: /scratch/yorig/mpils-results-grid-ticks-10000-7may/medium-1/16proc-16pils/seed-8/9_neos-3024952-loue_seed-8_20260510_190554/iterated_local_search/search_space/search_space_file_4_worker_12.txt
[INFO]:[19:07:06] Writing ILS search space file for worker 13...
[INFO]:[19:07:06] Warning: Initial value for parameter CPXPARAM_MIP_Cuts_Covers is forbidden. So unforbidden it for the ILS initial configuration at iteration 4.
[INFO]:[19:07:06] Warning: Initial value for parameter CPXPARAM_MIP_Strategy_VariableSelect is forbidden. So unforbidden it for the ILS initial configuration at iteration 4.
[INFO]:[19:07:06] Warning: Initial value for parameter CPXPARAM_MIP_Limits_CutsFactor is forbidden. So unforbidden it for the ILS initial configuration at iteration 4.
[INFO]:[19:07:06] Warning: Initial value for parameter CPXPARAM_Preprocessing_Dual is forbidden. So unforbidden it for the ILS initial configuration at iteration 4.
[INFO]:[19:07:06] ILS search space file written: /scratch/yorig/mpils-results-grid-ticks-10000-7may/medium-1/16proc-16pils/seed-8/9_neos-3024952-loue_seed-8_20260510_190554/iterated_local_search/search_space/search_space_file_4_worker_13.txt
[INFO]:[19:07:06] Writing ILS search space file for worker 14...
[INFO]:[19:07:06] Warning: Initial value for parameter CPXPARAM_Emphasis_MIP is forbidden. So unforbidden it for the ILS initial configuration at iteration 4.
[INFO]:[19:07:06] Warning: Initial value for parameter CPXPARAM_MIP_Cuts_GUBCovers is forbidden. So unforbidden it for the ILS initial configuration at iteration 4.
[INFO]:[19:07:06] Warning: Initial value for parameter CPXPARAM_MIP_Cuts_Gomory is forbidden. So unforbidden it for the ILS initial configuration at iteration 4.
[INFO]:[19:07:06] Warning: Initial value for parameter CPXPARAM_MIP_Strategy_VariableSelect is forbidden. So unforbidden it for the ILS initial configuration at iteration 4.
[INFO]:[19:07:06] ILS search space file written: /scratch/yorig/mpils-results-grid-ticks-10000-7may/medium-1/16proc-16pils/seed-8/9_neos-3024952-loue_seed-8_20260510_190554/iterated_local_search/search_space/search_space_file_4_worker_14.txt
[INFO]:[19:07:06] Writing ILS search space file for worker 15...
[INFO]:[19:07:06] Warning: Initial value for parameter CPXPARAM_MIP_Strategy_VariableSelect is forbidden. So unforbidden it for the ILS initial configuration at iteration 4.
[INFO]:[19:07:06] Warning: Initial configuration contains a forbidden tuple. So unforbidden it for ILS at iteration 4.
[INFO]:[19:07:06] Warning: Initial configuration contains a forbidden tuple. So unforbidden it for ILS at iteration 4.
[INFO]:[19:07:06] Warning: Initial configuration contains a forbidden tuple. So unforbidden it for ILS at iteration 4.
[INFO]:[19:07:06] ILS search space file written: /scratch/yorig/mpils-results-grid-ticks-10000-7may/medium-1/16proc-16pils/seed-8/9_neos-3024952-loue_seed-8_20260510_190554/iterated_local_search/search_space/search_space_file_4_worker_15.txt
[INFO]:[19:07:06] Launching Local Search Workers via MPI...
[INFO]:[19:07:06] Local Search Workers launched.
[INFO]:[19:07:06] Starting local search phase...
[INFO]:[19:07:06] Creating local search space from parameter space file: /scratch/yorig/mpils-results-grid-ticks-10000-7may/medium-1/16proc-16pils/seed-8/9_neos-3024952-loue_seed-8_20260510_190554/iterated_local_search/search_space/search_space_file_4.txt
[INFO]:[19:07:06] Local search space loaded from file: /scratch/yorig/mpils-results-grid-ticks-10000-7may/medium-1/16proc-16pils/seed-8/9_neos-3024952-loue_seed-8_20260510_190554/iterated_local_search/search_space/search_space_file_4.txt
[INFO]:[19:07:06] Number of parameters in local search space: 71
[INFO]:[19:07:06] Number of forbidden tuples in local search space: 39
[INFO]:[19:07:06] Number of conditionals in local search space: 6
[INFO]:[19:07:06] MIP start option not enabled. Local search will proceed without MIP start.
[INFO]:[19:07:06] Seeded initial configuration into local search cache with known objective value: 8.17
[INFO]:[19:07:06] Starting CPLEX solver on instance: /home/yorig/tuner/mpils-tests/instances/miplib/medium-1/neos-3024952-loue.mps with config: /scratch/yorig/mpils-results-grid-ticks-10000-7may/medium-1/16proc-16pils/seed-8/9_neos-3024952-loue_seed-8_20260510_190554/iterated_local_search/run_4_worker_0/ils_config_15766071412438499029.prm
[INFO]:[19:07:06] Starting CPLEX solver on instance: /home/yorig/tuner/mpils-tests/instances/miplib/medium-1/neos-3024952-loue.mps with config: /scratch/yorig/mpils-results-grid-ticks-10000-7may/medium-1/16proc-16pils/seed-8/9_neos-3024952-loue_seed-8_20260510_190554/iterated_local_search/run_4_worker_0/ils_config_15766071412438499029.prm
[INFO]:[19:07:14] CPLEX results. Gap: 8.170000, upper bound: 28506.000000, lower bound: 26177.703015
[INFO]:[19:07:14] CPLEX solver finished. Gap: 8.170000
[INFO]:[19:07:14] Local search phase completed.
[INFO]:[19:07:14] Total number of new local-search evaluations: 16
[INFO]:[19:07:14] Final incumbent objective value: 8.17
[INFO]:[19:07:14] recordEvaluation produced_mip_start=0 mip_start_file=''
[DEBUG]:[19:07:14] Added evaluation to memory with objective: 8.17, ConfigId: 15766071412438499029, EvalId: 135. Total evaluations stored: 135
[INFO]:[19:07:14] recordEvaluation produced_mip_start=0 mip_start_file=''
[DEBUG]:[19:07:14] Added evaluation to memory with objective: 8.17, ConfigId: 11893528845819202082, EvalId: 136. Total evaluations stored: 136
[INFO]:[19:07:14] recordEvaluation produced_mip_start=0 mip_start_file=''
[DEBUG]:[19:07:14] Added evaluation to memory with objective: 8.17, ConfigId: 3647418935473988945, EvalId: 137. Total evaluations stored: 137
[INFO]:[19:07:14] recordEvaluation produced_mip_start=0 mip_start_file=''
[DEBUG]:[19:07:14] Added evaluation to memory with objective: 8.17, ConfigId: 7389027337917932567, EvalId: 138. Total evaluations stored: 138
[INFO]:[19:07:14] recordEvaluation produced_mip_start=0 mip_start_file=''
[DEBUG]:[19:07:14] Added evaluation to memory with objective: 10.48, ConfigId: 6671966950395026239, EvalId: 139. Total evaluations stored: 139
[INFO]:[19:07:14] recordEvaluation produced_mip_start=0 mip_start_file=''
[DEBUG]:[19:07:14] Added evaluation to memory with objective: 8.17, ConfigId: 11665338325936136269, EvalId: 140. Total evaluations stored: 140
[INFO]:[19:07:14] recordEvaluation produced_mip_start=0 mip_start_file=''
[DEBUG]:[19:07:14] Added evaluation to memory with objective: 13.16, ConfigId: 7243720736426560610, EvalId: 141. Total evaluations stored: 141
[INFO]:[19:07:14] recordEvaluation produced_mip_start=0 mip_start_file=''
[DEBUG]:[19:07:14] Added evaluation to memory with objective: 8.17, ConfigId: 11935172780792690046, EvalId: 142. Total evaluations stored: 142
[INFO]:[19:07:14] recordEvaluation produced_mip_start=0 mip_start_file=''
[DEBUG]:[19:07:14] Added evaluation to memory with objective: 8.17, ConfigId: 16416093374608619049, EvalId: 143. Total evaluations stored: 143
[INFO]:[19:07:14] recordEvaluation produced_mip_start=0 mip_start_file=''
[DEBUG]:[19:07:14] Added evaluation to memory with objective: 8.17, ConfigId: 6351755325122564624, EvalId: 144. Total evaluations stored: 144
[INFO]:[19:07:14] recordEvaluation produced_mip_start=0 mip_start_file=''
[DEBUG]:[19:07:14] Added evaluation to memory with objective: 8.17, ConfigId: 15690357224397215258, EvalId: 145. Total evaluations stored: 145
[INFO]:[19:07:14] recordEvaluation produced_mip_start=0 mip_start_file=''
[DEBUG]:[19:07:14] Added evaluation to memory with objective: 10.75, ConfigId: 17409666870743515239, EvalId: 146. Total evaluations stored: 146
[INFO]:[19:07:14] recordEvaluation produced_mip_start=0 mip_start_file=''
[DEBUG]:[19:07:14] Added evaluation to memory with objective: 11.13, ConfigId: 15643286023152726508, EvalId: 147. Total evaluations stored: 147
[INFO]:[19:07:14] recordEvaluation produced_mip_start=0 mip_start_file=''
[DEBUG]:[19:07:14] Added evaluation to memory with objective: 22.19, ConfigId: 11504981590859747575, EvalId: 148. Total evaluations stored: 148
[INFO]:[19:07:14] recordEvaluation produced_mip_start=0 mip_start_file=''
[DEBUG]:[19:07:14] Added evaluation to memory with objective: 10.59, ConfigId: 1064433492038666223, EvalId: 149. Total evaluations stored: 149
[INFO]:[19:07:14] recordEvaluation produced_mip_start=0 mip_start_file=''
[DEBUG]:[19:07:14] Added evaluation to memory with objective: 8.17, ConfigId: 9156514515167800436, EvalId: 150. Total evaluations stored: 150
[INFO]:[19:07:14] Waiting for Local Search Workers via MPI...
[INFO]:[19:07:14] Local Search Workers have completed.
[INFO]:[19:07:14] IteratedLocalSearch Engine completed.
[INFO]:[19:07:14] Added16 evaluations to memory from exploration phase at iteration 4
[INFO]:[19:07:14] Exploration phase completed.
[INFO]:[19:07:14] Starting expansion phase...
[INFO]:[19:07:14] Selecting parameters for expansion phase...
[INFO]:[19:07:14] Selected expansion parameters: 10
[INFO]:[19:07:14] Creating configuration files for expansion parameters...
[INFO]:[19:07:14] Creating configurations for parameter: CPXPARAM_MIP_Strategy_StartAlgorithm
[DEBUG]:[19:07:14] Parameter CPXPARAM_MIP_Strategy_StartAlgorithm will be evaluated on 6 alternative value(s) after excluding the current base configuration value.
[DEBUG]:[19:07:14] Created configuration file for parameter CPXPARAM_MIP_Strategy_StartAlgorithm with value 1 at /scratch/yorig/mpils-results-grid-ticks-10000-7may/medium-1/16proc-16pils/seed-8/9_neos-3024952-loue_seed-8_20260510_190554/expansion/config_param_CPXPARAM_MIP_Strategy_StartAlgorithm_1_iter_4.prm
[DEBUG]:[19:07:14] Created configuration file for parameter CPXPARAM_MIP_Strategy_StartAlgorithm with value 2 at /scratch/yorig/mpils-results-grid-ticks-10000-7may/medium-1/16proc-16pils/seed-8/9_neos-3024952-loue_seed-8_20260510_190554/expansion/config_param_CPXPARAM_MIP_Strategy_StartAlgorithm_2_iter_4.prm
[DEBUG]:[19:07:14] Created configuration file for parameter CPXPARAM_MIP_Strategy_StartAlgorithm with value 3 at /scratch/yorig/mpils-results-grid-ticks-10000-7may/medium-1/16proc-16pils/seed-8/9_neos-3024952-loue_seed-8_20260510_190554/expansion/config_param_CPXPARAM_MIP_Strategy_StartAlgorithm_3_iter_4.prm
[DEBUG]:[19:07:14] Created configuration file for parameter CPXPARAM_MIP_Strategy_StartAlgorithm with value 4 at /scratch/yorig/mpils-results-grid-ticks-10000-7may/medium-1/16proc-16pils/seed-8/9_neos-3024952-loue_seed-8_20260510_190554/expansion/config_param_CPXPARAM_MIP_Strategy_StartAlgorithm_4_iter_4.prm
[DEBUG]:[19:07:14] Created configuration file for parameter CPXPARAM_MIP_Strategy_StartAlgorithm with value 5 at /scratch/yorig/mpils-results-grid-ticks-10000-7may/medium-1/16proc-16pils/seed-8/9_neos-3024952-loue_seed-8_20260510_190554/expansion/config_param_CPXPARAM_MIP_Strategy_StartAlgorithm_5_iter_4.prm
[DEBUG]:[19:07:14] Created configuration file for parameter CPXPARAM_MIP_Strategy_StartAlgorithm with value 6 at /scratch/yorig/mpils-results-grid-ticks-10000-7may/medium-1/16proc-16pils/seed-8/9_neos-3024952-loue_seed-8_20260510_190554/expansion/config_param_CPXPARAM_MIP_Strategy_StartAlgorithm_6_iter_4.prm
[INFO]:[19:07:14] Creating configurations for parameter: CPXPARAM_MIP_Strategy_SubAlgorithm
[DEBUG]:[19:07:14] Parameter CPXPARAM_MIP_Strategy_SubAlgorithm will be evaluated on 5 alternative value(s) after excluding the current base configuration value.
[DEBUG]:[19:07:14] Created configuration file for parameter CPXPARAM_MIP_Strategy_SubAlgorithm with value 1 at /scratch/yorig/mpils-results-grid-ticks-10000-7may/medium-1/16proc-16pils/seed-8/9_neos-3024952-loue_seed-8_20260510_190554/expansion/config_param_CPXPARAM_MIP_Strategy_SubAlgorithm_1_iter_4.prm
[DEBUG]:[19:07:14] Created configuration file for parameter CPXPARAM_MIP_Strategy_SubAlgorithm with value 2 at /scratch/yorig/mpils-results-grid-ticks-10000-7may/medium-1/16proc-16pils/seed-8/9_neos-3024952-loue_seed-8_20260510_190554/expansion/config_param_CPXPARAM_MIP_Strategy_SubAlgorithm_2_iter_4.prm
[DEBUG]:[19:07:14] Created configuration file for parameter CPXPARAM_MIP_Strategy_SubAlgorithm with value 3 at /scratch/yorig/mpils-results-grid-ticks-10000-7may/medium-1/16proc-16pils/seed-8/9_neos-3024952-loue_seed-8_20260510_190554/expansion/config_param_CPXPARAM_MIP_Strategy_SubAlgorithm_3_iter_4.prm
[DEBUG]:[19:07:14] Created configuration file for parameter CPXPARAM_MIP_Strategy_SubAlgorithm with value 4 at /scratch/yorig/mpils-results-grid-ticks-10000-7may/medium-1/16proc-16pils/seed-8/9_neos-3024952-loue_seed-8_20260510_190554/expansion/config_param_CPXPARAM_MIP_Strategy_SubAlgorithm_4_iter_4.prm
[DEBUG]:[19:07:14] Created configuration file for parameter CPXPARAM_MIP_Strategy_SubAlgorithm with value 5 at /scratch/yorig/mpils-results-grid-ticks-10000-7may/medium-1/16proc-16pils/seed-8/9_neos-3024952-loue_seed-8_20260510_190554/expansion/config_param_CPXPARAM_MIP_Strategy_SubAlgorithm_5_iter_4.prm
[INFO]:[19:07:14] Creating configurations for parameter: CPXPARAM_Simplex_DGradient
[DEBUG]:[19:07:14] Parameter CPXPARAM_Simplex_DGradient will be evaluated on 5 alternative value(s) after excluding the current base configuration value.
[DEBUG]:[19:07:14] Created configuration file for parameter CPXPARAM_Simplex_DGradient with value 1 at /scratch/yorig/mpils-results-grid-ticks-10000-7may/medium-1/16proc-16pils/seed-8/9_neos-3024952-loue_seed-8_20260510_190554/expansion/config_param_CPXPARAM_Simplex_DGradient_1_iter_4.prm
[DEBUG]:[19:07:14] Created configuration file for parameter CPXPARAM_Simplex_DGradient with value 2 at /scratch/yorig/mpils-results-grid-ticks-10000-7may/medium-1/16proc-16pils/seed-8/9_neos-3024952-loue_seed-8_20260510_190554/expansion/config_param_CPXPARAM_Simplex_DGradient_2_iter_4.prm
[DEBUG]:[19:07:14] Created configuration file for parameter CPXPARAM_Simplex_DGradient with value 3 at /scratch/yorig/mpils-results-grid-ticks-10000-7may/medium-1/16proc-16pils/seed-8/9_neos-3024952-loue_seed-8_20260510_190554/expansion/config_param_CPXPARAM_Simplex_DGradient_3_iter_4.prm
[DEBUG]:[19:07:14] Created configuration file for parameter CPXPARAM_Simplex_DGradient with value 4 at /scratch/yorig/mpils-results-grid-ticks-10000-7may/medium-1/16proc-16pils/seed-8/9_neos-3024952-loue_seed-8_20260510_190554/expansion/config_param_CPXPARAM_Simplex_DGradient_4_iter_4.prm
[DEBUG]:[19:07:14] Created configuration file for parameter CPXPARAM_Simplex_DGradient with value 5 at /scratch/yorig/mpils-results-grid-ticks-10000-7may/medium-1/16proc-16pils/seed-8/9_neos-3024952-loue_seed-8_20260510_190554/expansion/config_param_CPXPARAM_Simplex_DGradient_5_iter_4.prm
[INFO]:[19:07:14] Creating configurations for parameter: CPXPARAM_Simplex_PGradient
[DEBUG]:[19:07:14] Parameter CPXPARAM_Simplex_PGradient will be evaluated on 5 alternative value(s) after excluding the current base configuration value.
[DEBUG]:[19:07:14] Created configuration file for parameter CPXPARAM_Simplex_PGradient with value -1 at /scratch/yorig/mpils-results-grid-ticks-10000-7may/medium-1/16proc-16pils/seed-8/9_neos-3024952-loue_seed-8_20260510_190554/expansion/config_param_CPXPARAM_Simplex_PGradient_-1_iter_4.prm
[DEBUG]:[19:07:14] Created configuration file for parameter CPXPARAM_Simplex_PGradient with value 1 at /scratch/yorig/mpils-results-grid-ticks-10000-7may/medium-1/16proc-16pils/seed-8/9_neos-3024952-loue_seed-8_20260510_190554/expansion/config_param_CPXPARAM_Simplex_PGradient_1_iter_4.prm
[DEBUG]:[19:07:14] Created configuration file for parameter CPXPARAM_Simplex_PGradient with value 2 at /scratch/yorig/mpils-results-grid-ticks-10000-7may/medium-1/16proc-16pils/seed-8/9_neos-3024952-loue_seed-8_20260510_190554/expansion/config_param_CPXPARAM_Simplex_PGradient_2_iter_4.prm
[DEBUG]:[19:07:14] Created configuration file for parameter CPXPARAM_Simplex_PGradient with value 3 at /scratch/yorig/mpils-results-grid-ticks-10000-7may/medium-1/16proc-16pils/seed-8/9_neos-3024952-loue_seed-8_20260510_190554/expansion/config_param_CPXPARAM_Simplex_PGradient_3_iter_4.prm
[DEBUG]:[19:07:14] Created configuration file for parameter CPXPARAM_Simplex_PGradient with value 4 at /scratch/yorig/mpils-results-grid-ticks-10000-7may/medium-1/16proc-16pils/seed-8/9_neos-3024952-loue_seed-8_20260510_190554/expansion/config_param_CPXPARAM_Simplex_PGradient_4_iter_4.prm
[INFO]:[19:07:14] Creating configurations for parameter: CPXPARAM_Advance
[DEBUG]:[19:07:14] Parameter CPXPARAM_Advance will be evaluated on 2 alternative value(s) after excluding the current base configuration value.
[DEBUG]:[19:07:14] Created configuration file for parameter CPXPARAM_Advance with value 0 at /scratch/yorig/mpils-results-grid-ticks-10000-7may/medium-1/16proc-16pils/seed-8/9_neos-3024952-loue_seed-8_20260510_190554/expansion/config_param_CPXPARAM_Advance_0_iter_4.prm
[DEBUG]:[19:07:14] Created configuration file for parameter CPXPARAM_Advance with value 2 at /scratch/yorig/mpils-results-grid-ticks-10000-7may/medium-1/16proc-16pils/seed-8/9_neos-3024952-loue_seed-8_20260510_190554/expansion/config_param_CPXPARAM_Advance_2_iter_4.prm
[INFO]:[19:07:14] Creating configurations for parameter: CPXPARAM_MIP_Limits_AggForCut
[DEBUG]:[19:07:14] Parameter CPXPARAM_MIP_Limits_AggForCut will be evaluated on 5 alternative value(s) after excluding the current base configuration value.
[DEBUG]:[19:07:14] Created configuration file for parameter CPXPARAM_MIP_Limits_AggForCut with value 0 at /scratch/yorig/mpils-results-grid-ticks-10000-7may/medium-1/16proc-16pils/seed-8/9_neos-3024952-loue_seed-8_20260510_190554/expansion/config_param_CPXPARAM_MIP_Limits_AggForCut_0_iter_4.prm
[DEBUG]:[19:07:14] Created configuration file for parameter CPXPARAM_MIP_Limits_AggForCut with value 1 at /scratch/yorig/mpils-results-grid-ticks-10000-7may/medium-1/16proc-16pils/seed-8/9_neos-3024952-loue_seed-8_20260510_190554/expansion/config_param_CPXPARAM_MIP_Limits_AggForCut_1_iter_4.prm
[DEBUG]:[19:07:14] Created configuration file for parameter CPXPARAM_MIP_Limits_AggForCut with value 2 at /scratch/yorig/mpils-results-grid-ticks-10000-7may/medium-1/16proc-16pils/seed-8/9_neos-3024952-loue_seed-8_20260510_190554/expansion/config_param_CPXPARAM_MIP_Limits_AggForCut_2_iter_4.prm
[DEBUG]:[19:07:14] Created configuration file for parameter CPXPARAM_MIP_Limits_AggForCut with value 5 at /scratch/yorig/mpils-results-grid-ticks-10000-7may/medium-1/16proc-16pils/seed-8/9_neos-3024952-loue_seed-8_20260510_190554/expansion/config_param_CPXPARAM_MIP_Limits_AggForCut_5_iter_4.prm
[DEBUG]:[19:07:14] Created configuration file for parameter CPXPARAM_MIP_Limits_AggForCut with value 10 at /scratch/yorig/mpils-results-grid-ticks-10000-7may/medium-1/16proc-16pils/seed-8/9_neos-3024952-loue_seed-8_20260510_190554/expansion/config_param_CPXPARAM_MIP_Limits_AggForCut_10_iter_4.prm
[INFO]:[19:07:14] Creating configurations for parameter: CPXPARAM_Preprocessing_Fill
[DEBUG]:[19:07:14] Parameter CPXPARAM_Preprocessing_Fill will be evaluated on 4 alternative value(s) after excluding the current base configuration value.
[DEBUG]:[19:07:14] Created configuration file for parameter CPXPARAM_Preprocessing_Fill with value 2 at /scratch/yorig/mpils-results-grid-ticks-10000-7may/medium-1/16proc-16pils/seed-8/9_neos-3024952-loue_seed-8_20260510_190554/expansion/config_param_CPXPARAM_Preprocessing_Fill_2_iter_4.prm
[DEBUG]:[19:07:14] Created configuration file for parameter CPXPARAM_Preprocessing_Fill with value 5 at /scratch/yorig/mpils-results-grid-ticks-10000-7may/medium-1/16proc-16pils/seed-8/9_neos-3024952-loue_seed-8_20260510_190554/expansion/config_param_CPXPARAM_Preprocessing_Fill_5_iter_4.prm
[DEBUG]:[19:07:14] Created configuration file for parameter CPXPARAM_Preprocessing_Fill with value 20 at /scratch/yorig/mpils-results-grid-ticks-10000-7may/medium-1/16proc-16pils/seed-8/9_neos-3024952-loue_seed-8_20260510_190554/expansion/config_param_CPXPARAM_Preprocessing_Fill_20_iter_4.prm
[DEBUG]:[19:07:14] Created configuration file for parameter CPXPARAM_Preprocessing_Fill with value 40 at /scratch/yorig/mpils-results-grid-ticks-10000-7may/medium-1/16proc-16pils/seed-8/9_neos-3024952-loue_seed-8_20260510_190554/expansion/config_param_CPXPARAM_Preprocessing_Fill_40_iter_4.prm
[INFO]:[19:07:14] Creating configurations for parameter: CPXPARAM_Barrier_Crossover
[DEBUG]:[19:07:14] Parameter CPXPARAM_Barrier_Crossover will be evaluated on 2 alternative value(s) after excluding the current base configuration value.
[DEBUG]:[19:07:14] Created configuration file for parameter CPXPARAM_Barrier_Crossover with value 1 at /scratch/yorig/mpils-results-grid-ticks-10000-7may/medium-1/16proc-16pils/seed-8/9_neos-3024952-loue_seed-8_20260510_190554/expansion/config_param_CPXPARAM_Barrier_Crossover_1_iter_4.prm
[DEBUG]:[19:07:14] Created configuration file for parameter CPXPARAM_Barrier_Crossover with value 2 at /scratch/yorig/mpils-results-grid-ticks-10000-7may/medium-1/16proc-16pils/seed-8/9_neos-3024952-loue_seed-8_20260510_190554/expansion/config_param_CPXPARAM_Barrier_Crossover_2_iter_4.prm
[INFO]:[19:07:14] Creating configurations for parameter: CPXPARAM_Barrier_Ordering
[DEBUG]:[19:07:14] Parameter CPXPARAM_Barrier_Ordering will be evaluated on 3 alternative value(s) after excluding the current base configuration value.
[DEBUG]:[19:07:14] Created configuration file for parameter CPXPARAM_Barrier_Ordering with value 1 at /scratch/yorig/mpils-results-grid-ticks-10000-7may/medium-1/16proc-16pils/seed-8/9_neos-3024952-loue_seed-8_20260510_190554/expansion/config_param_CPXPARAM_Barrier_Ordering_1_iter_4.prm
[DEBUG]:[19:07:14] Created configuration file for parameter CPXPARAM_Barrier_Ordering with value 2 at /scratch/yorig/mpils-results-grid-ticks-10000-7may/medium-1/16proc-16pils/seed-8/9_neos-3024952-loue_seed-8_20260510_190554/expansion/config_param_CPXPARAM_Barrier_Ordering_2_iter_4.prm
[DEBUG]:[19:07:14] Created configuration file for parameter CPXPARAM_Barrier_Ordering with value 3 at /scratch/yorig/mpils-results-grid-ticks-10000-7may/medium-1/16proc-16pils/seed-8/9_neos-3024952-loue_seed-8_20260510_190554/expansion/config_param_CPXPARAM_Barrier_Ordering_3_iter_4.prm
[INFO]:[19:07:14] Creating configurations for parameter: CPXPARAM_Barrier_StartAlg
[DEBUG]:[19:07:14] Parameter CPXPARAM_Barrier_StartAlg will be evaluated on 3 alternative value(s) after excluding the current base configuration value.
[DEBUG]:[19:07:14] Created configuration file for parameter CPXPARAM_Barrier_StartAlg with value 2 at /scratch/yorig/mpils-results-grid-ticks-10000-7may/medium-1/16proc-16pils/seed-8/9_neos-3024952-loue_seed-8_20260510_190554/expansion/config_param_CPXPARAM_Barrier_StartAlg_2_iter_4.prm
[DEBUG]:[19:07:14] Created configuration file for parameter CPXPARAM_Barrier_StartAlg with value 3 at /scratch/yorig/mpils-results-grid-ticks-10000-7may/medium-1/16proc-16pils/seed-8/9_neos-3024952-loue_seed-8_20260510_190554/expansion/config_param_CPXPARAM_Barrier_StartAlg_3_iter_4.prm
[DEBUG]:[19:07:14] Created configuration file for parameter CPXPARAM_Barrier_StartAlg with value 4 at /scratch/yorig/mpils-results-grid-ticks-10000-7may/medium-1/16proc-16pils/seed-8/9_neos-3024952-loue_seed-8_20260510_190554/expansion/config_param_CPXPARAM_Barrier_StartAlg_4_iter_4.prm
[INFO]:[19:07:14] Created 40 configuration files for expansion phase at iteration 4.
[INFO]:[19:07:14] Skipped 0 expansion parameter(s) with no alternative value to evaluate.
[INFO]:[19:07:14] Launching Expansion Workers via MPI...
[INFO]:[19:07:14] Expansion Workers launched.
[INFO]:[19:07:14] Evaluating expansion parameters...
[INFO]:[19:07:14] Starting CPLEX solver on instance: /home/yorig/tuner/mpils-tests/instances/miplib/medium-1/neos-3024952-loue.mps with config: /scratch/yorig/mpils-results-grid-ticks-10000-7may/medium-1/16proc-16pils/seed-8/9_neos-3024952-loue_seed-8_20260510_190554/expansion/config_param_CPXPARAM_MIP_Strategy_StartAlgorithm_1_iter_4.prm
[INFO]:[19:07:21] CPLEX results. Gap: 5.310000, upper bound: 27592.000000, lower bound: 26127.545949
[INFO]:[19:07:21] CPLEX solver finished. Gap: 5.310000
[INFO]:[19:07:24] Expansion early stop activated in MPI after 1 master-side evaluation(s). Remaining not-yet-evaluated parameters stay residual.
[INFO]:[19:07:24] Strict sequential expansion early stop ignored 1 already-computed result(s) after first improving config id 14.
[INFO]:[19:07:24] recordEvaluation produced_mip_start=0 mip_start_file=''
[DEBUG]:[19:07:24] Added evaluation to memory with objective: 5.31, ConfigId: 13844204921846040952, EvalId: 151. Total evaluations stored: 151
[INFO]:[19:07:24] recordEvaluation produced_mip_start=0 mip_start_file=''
[DEBUG]:[19:07:24] Added evaluation to memory with objective: 5.41, ConfigId: 11758143965574751644, EvalId: 152. Total evaluations stored: 152
[INFO]:[19:07:24] recordEvaluation produced_mip_start=0 mip_start_file=''
[DEBUG]:[19:07:24] Added evaluation to memory with objective: 5.26, ConfigId: 12360505089809672613, EvalId: 153. Total evaluations stored: 153
[INFO]:[19:07:24] recordEvaluation produced_mip_start=0 mip_start_file=''
[DEBUG]:[19:07:24] Added evaluation to memory with objective: 4.84, ConfigId: 997355180449325833, EvalId: 154. Total evaluations stored: 154
[INFO]:[19:07:24] recordEvaluation produced_mip_start=0 mip_start_file=''
[DEBUG]:[19:07:24] Added evaluation to memory with objective: 7.64, ConfigId: 14226276646599818406, EvalId: 155. Total evaluations stored: 155
[INFO]:[19:07:24] recordEvaluation produced_mip_start=0 mip_start_file=''
[DEBUG]:[19:07:24] Added evaluation to memory with objective: 5.33, ConfigId: 9030957488512572726, EvalId: 156. Total evaluations stored: 156
[INFO]:[19:07:24] recordEvaluation produced_mip_start=0 mip_start_file=''
[DEBUG]:[19:07:24] Added evaluation to memory with objective: 20.57, ConfigId: 8208922506590272832, EvalId: 157. Total evaluations stored: 157
[INFO]:[19:07:24] recordEvaluation produced_mip_start=0 mip_start_file=''
[DEBUG]:[19:07:24] Added evaluation to memory with objective: 4.76, ConfigId: 13591632821658291929, EvalId: 158. Total evaluations stored: 158
[INFO]:[19:07:24] recordEvaluation produced_mip_start=0 mip_start_file=''
[DEBUG]:[19:07:24] Added evaluation to memory with objective: 1.79769e+308, ConfigId: 14668919718912131719, EvalId: 159. Total evaluations stored: 159
[INFO]:[19:07:24] recordEvaluation produced_mip_start=0 mip_start_file=''
[DEBUG]:[19:07:24] Added evaluation to memory with objective: 1.79769e+308, ConfigId: 10290280227230503462, EvalId: 160. Total evaluations stored: 160
[INFO]:[19:07:24] recordEvaluation produced_mip_start=0 mip_start_file=''
[DEBUG]:[19:07:24] Added evaluation to memory with objective: 1.79769e+308, ConfigId: 3046419025644503331, EvalId: 161. Total evaluations stored: 161
[INFO]:[19:07:24] recordEvaluation produced_mip_start=0 mip_start_file=''
[DEBUG]:[19:07:24] Added evaluation to memory with objective: 5.91, ConfigId: 5009531549008994424, EvalId: 162. Total evaluations stored: 162
[INFO]:[19:07:24] recordEvaluation produced_mip_start=0 mip_start_file=''
[DEBUG]:[19:07:24] Added evaluation to memory with objective: 6.6, ConfigId: 13982077016309556333, EvalId: 163. Total evaluations stored: 163
[INFO]:[19:07:24] recordEvaluation produced_mip_start=0 mip_start_file=''
[DEBUG]:[19:07:24] Added evaluation to memory with objective: 5.78, ConfigId: 5770274424176423026, EvalId: 164. Total evaluations stored: 164
[INFO]:[19:07:24] recordEvaluation produced_mip_start=0 mip_start_file=''
[INFO]:[19:07:24] ***************
[INFO]:[19:07:24] New best evaluation without MIP start found at time 86s, with objective 4.61 and configuration ID 8060166569526679741
[INFO]:[19:07:24] With config: 8060166569526679741 -> 
Configuration: CPXPARAM_Advance=1 CPXPARAM_Barrier_Algorithm=0 CPXPARAM_Barrier_ColNonzeros=0 CPXPARAM_Barrier_Crossover=0 CPXPARAM_Barrier_Limits_Corrections=-1 CPXPARAM_Barrier_Ordering=0 CPXPARAM_Barrier_StartAlg=1 CPXPARAM_Emphasis_MIP=2 CPXPARAM_Emphasis_Memory=0 CPXPARAM_Emphasis_Numerical=0 CPXPARAM_Feasopt_Mode=0 CPXPARAM_LPMethod=0 CPXPARAM_MIP_Cuts_Cliques=2 CPXPARAM_MIP_Cuts_Covers=0 CPXPARAM_MIP_Cuts_Disjunctive=0 CPXPARAM_MIP_Cuts_FlowCovers=1 CPXPARAM_MIP_Cuts_GUBCovers=-1 CPXPARAM_MIP_Cuts_Gomory=1 CPXPARAM_MIP_Cuts_Implied=1 CPXPARAM_MIP_Cuts_MIRCut=0 CPXPARAM_MIP_Cuts_PathCut=0 CPXPARAM_MIP_Limits_AggForCut=3 CPXPARAM_MIP_Limits_CutPasses=0 CPXPARAM_MIP_Limits_CutsFactor=-1 CPXPARAM_MIP_Limits_GomoryCand=100 CPXPARAM_MIP_Limits_GomoryPass=0 CPXPARAM_MIP_Limits_Nodes=9223372036800000000 CPXPARAM_MIP_Limits_ProbeTime=1e+75 CPXPARAM_MIP_Limits_RepairTries=0 CPXPARAM_MIP_Limits_StrongCand=10 CPXPARAM_MIP_Limits_StrongIt=0 CPXPARAM_MIP_OrderType=0 CPXPARAM_MIP_Strategy_BBInterval=7 CPXPARAM_MIP_Strategy_Branch=0 CPXPARAM_MIP_Strategy_Dive=0 CPXPARAM_MIP_Strategy_File=1 CPXPARAM_MIP_Strategy_HeuristicFreq=-1 CPXPARAM_MIP_Strategy_LBHeur=0 CPXPARAM_MIP_Strategy_NodeSelect=1 CPXPARAM_MIP_Strategy_Order=1 CPXPARAM_MIP_Strategy_PresolveNode=0 CPXPARAM_MIP_Strategy_Probe=0 CPXPARAM_MIP_Strategy_RINSHeur=0 CPXPARAM_MIP_Strategy_StartAlgorithm=0 CPXPARAM_MIP_Strategy_SubAlgorithm=0 CPXPARAM_MIP_Strategy_VariableSelect=4 CPXPARAM_Network_NetFind=2 CPXPARAM_Network_Pricing=0 CPXPARAM_Parallel=1 CPXPARAM_Preprocessing_Aggregator=-1 CPXPARAM_Preprocessing_BoundStrength=-1 CPXPARAM_Preprocessing_CoeffReduce=-1 CPXPARAM_Preprocessing_Dependency=-1 CPXPARAM_Preprocessing_Dual=0 CPXPARAM_Preprocessing_Fill=10 CPXPARAM_Preprocessing_NumPass=-1 CPXPARAM_Preprocessing_Presolve=1 CPXPARAM_Preprocessing_QPMakePSD=1 CPXPARAM_Preprocessing_Reduce=3 CPXPARAM_Preprocessing_Relax=-1 CPXPARAM_Preprocessing_RepeatPresolve=-1 CPXPARAM_Preprocessing_Symmetry=-1 CPXPARAM_Read_Scale=0 CPXPARAM_Sifting_Algorithm=0 CPXPARAM_Simplex_Crash=1 CPXPARAM_Simplex_DGradient=4 CPXPARAM_Simplex_Limits_Perturbation=0 CPXPARAM_Simplex_Limits_Singularity=10 CPXPARAM_Simplex_PGradient=0 CPXPARAM_Simplex_Pricing=0 CPXPARAM_Simplex_Refactor=0 | MIP Start: No 
[INFO]:[19:07:24] ***************
[DEBUG]:[19:07:24] Added evaluation to memory with objective: 4.61, ConfigId: 8060166569526679741, EvalId: 165. Total evaluations stored: 165
[INFO]:[19:07:24] Waiting for Expansion Workers via MPI...
[INFO]:[19:07:24] Expansion Workers have completed.
[INFO]:[19:07:24] Evaluated expansion parameters: 3
[INFO]:[19:07:24] Classifying expansion parameters...
[DEBUG]:[19:07:24] Parameter CPXPARAM_MIP_Strategy_StartAlgorithm valid evaluations: 6, invalid evaluations: 0, c_p: 4.84, s_p: 1.38569, selected_stage_1: No, discarded_by_threshold: No
[DEBUG]:[19:07:24] Parameter CPXPARAM_MIP_Strategy_SubAlgorithm valid evaluations: 2, invalid evaluations: 3, c_p: 4.76, s_p: 15.81, selected_stage_1: No, discarded_by_threshold: No
[DEBUG]:[19:07:24] Parameter CPXPARAM_Simplex_DGradient valid evaluations: 4, invalid evaluations: 0, c_p: 4.61, s_p: 1.38696, selected_stage_1: Yes, discarded_by_threshold: No
[DEBUG]:[19:07:24] Parameter CPXPARAM_MIP_Strategy_StartAlgorithm is dominated by parameter CPXPARAM_MIP_Strategy_SubAlgorithm.
[DEBUG]:[19:07:24] Parameter CPXPARAM_MIP_Strategy_StartAlgorithm metrics - c_p: 4.84, s_p: 1.38569, selected_stage_1: No, discarded_by_threshold: No, dominated: Yes
[DEBUG]:[19:07:24] Parameter CPXPARAM_MIP_Strategy_SubAlgorithm metrics - c_p: 4.76, s_p: 15.81, selected_stage_1: No, discarded_by_threshold: No, dominated: No
[DEBUG]:[19:07:24] Parameter CPXPARAM_Simplex_DGradient metrics - c_p: 4.61, s_p: 1.38696, selected_stage_1: Yes, discarded_by_threshold: No, dominated: No
[INFO]:[19:07:24] Updating parameter flags based on classification...
[INFO]:[19:07:24] Parameter CPXPARAM_MIP_Strategy_StartAlgorithm discarded from tuning.
[INFO]:[19:07:24] Parameter CPXPARAM_MIP_Strategy_SubAlgorithm selected for tuning.
[INFO]:[19:07:24] Parameter CPXPARAM_Simplex_DGradient selected for tuning.
[DEBUG]:[19:07:24] Classified parameters at iteration 4 - To Select: 2, To Discard: 1
[DEBUG]:[19:07:24] Parameter: CPXPARAM_MIP_Strategy_StartAlgorithm, To Select: No, To Discard: Yes
[DEBUG]:[19:07:24] Parameter: CPXPARAM_MIP_Strategy_SubAlgorithm, To Select: Yes, To Discard: No
[DEBUG]:[19:07:24] Parameter: CPXPARAM_Simplex_DGradient, To Select: Yes, To Discard: No
[INFO]:[19:07:24] Added 15 evaluations to memory from expansion phase at iteration 4
[INFO]:[19:07:24] Expansion phase completed.
[INFO]:[19:07:24] Starting pruning phase...
[INFO]:[19:07:24] Writing learner file for pruning phase: /scratch/yorig/mpils-results-grid-ticks-10000-7may/medium-1/16proc-16pils/seed-8/9_neos-3024952-loue_seed-8_20260510_190554/pruning/input/learner_file_4.txt
[INFO]:[19:07:24] Learner file written successfully: /scratch/yorig/mpils-results-grid-ticks-10000-7may/medium-1/16proc-16pils/seed-8/9_neos-3024952-loue_seed-8_20260510_190554/pruning/input/learner_file_4.txt
[INFO]:[19:07:24] Extracting forbidden tuples from memory...
[INFO]:[19:07:24] Redirecting learner stdout/stderr to: /scratch/yorig/mpils-results-grid-ticks-10000-7may/medium-1/16proc-16pils/seed-8/9_neos-3024952-loue_seed-8_20260510_190554/pruning/learner_iteration_4.log
[INFO]:[19:07:24] Forbidden tuples extracted: 58
[INFO]:[19:07:24] Applying pruning with 58 forbidden tuples...
[DEBUG]:[19:07:24] Adding forbidden value from single-element tuple: CPXPARAM_Emphasis_MIP=2
[DEBUG]:[19:07:24] Adding forbidden value from single-element tuple: CPXPARAM_Emphasis_MIP=4
[DEBUG]:[19:07:24] Adding forbidden value from single-element tuple: CPXPARAM_Emphasis_MIP=5
[DEBUG]:[19:07:24] Adding forbidden value from single-element tuple: CPXPARAM_MIP_Cuts_Cliques=0
[DEBUG]:[19:07:24] Adding forbidden value from single-element tuple: CPXPARAM_MIP_Cuts_Covers=1
[DEBUG]:[19:07:24] Adding forbidden value from single-element tuple: CPXPARAM_MIP_Cuts_Covers=3
[DEBUG]:[19:07:24] Adding forbidden value from single-element tuple: CPXPARAM_MIP_Cuts_Disjunctive=0
[DEBUG]:[19:07:24] Adding forbidden value from single-element tuple: CPXPARAM_MIP_Cuts_GUBCovers=0
[DEBUG]:[19:07:24] Adding forbidden value from single-element tuple: CPXPARAM_MIP_Cuts_Gomory=2
[DEBUG]:[19:07:24] Adding forbidden value from single-element tuple: CPXPARAM_MIP_Cuts_MIRCut=1
[DEBUG]:[19:07:24] Adding forbidden value from single-element tuple: CPXPARAM_MIP_Cuts_MIRCut=2
[DEBUG]:[19:07:24] Adding forbidden value from single-element tuple: CPXPARAM_MIP_Limits_CutsFactor=2
[DEBUG]:[19:07:24] Adding forbidden value from single-element tuple: CPXPARAM_MIP_Limits_GomoryCand=150
[DEBUG]:[19:07:24] Adding forbidden value from single-element tuple: CPXPARAM_MIP_Strategy_BBInterval=2
[DEBUG]:[19:07:24] Adding forbidden value from single-element tuple: CPXPARAM_MIP_Strategy_Branch=1
[DEBUG]:[19:07:24] Adding forbidden value from single-element tuple: CPXPARAM_MIP_Strategy_Dive=3
[DEBUG]:[19:07:24] Adding forbidden value from single-element tuple: CPXPARAM_MIP_Strategy_HeuristicFreq=20
[DEBUG]:[19:07:24] Adding forbidden value from single-element tuple: CPXPARAM_MIP_Strategy_HeuristicFreq=40
[DEBUG]:[19:07:24] Adding forbidden value from single-element tuple: CPXPARAM_MIP_Strategy_LBHeur=1
[DEBUG]:[19:07:24] Adding forbidden value from single-element tuple: CPXPARAM_MIP_Strategy_NodeSelect=2
[DEBUG]:[19:07:24] Adding forbidden value from single-element tuple: CPXPARAM_MIP_Strategy_Order=1
[DEBUG]:[19:07:24] Adding forbidden value from single-element tuple: CPXPARAM_MIP_Strategy_PresolveNode=1
[DEBUG]:[19:07:24] Adding forbidden value from single-element tuple: CPXPARAM_MIP_Strategy_Probe=0
[DEBUG]:[19:07:24] Adding forbidden value from single-element tuple: CPXPARAM_MIP_Strategy_RINSHeur=20
[DEBUG]:[19:07:24] Adding forbidden value from single-element tuple: CPXPARAM_MIP_Strategy_RINSHeur=60
[DEBUG]:[19:07:24] Adding forbidden value from single-element tuple: CPXPARAM_MIP_Strategy_RINSHeur=100
[DEBUG]:[19:07:24] Adding forbidden value from single-element tuple: CPXPARAM_MIP_Strategy_RINSHeur=200
[DEBUG]:[19:07:24] Adding forbidden value from single-element tuple: CPXPARAM_MIP_Strategy_RINSHeur=500
[DEBUG]:[19:07:24] Adding forbidden value from single-element tuple: CPXPARAM_MIP_Strategy_RINSHeur=1000
[DEBUG]:[19:07:24] Adding forbidden value from single-element tuple: CPXPARAM_MIP_Strategy_StartAlgorithm=1
[DEBUG]:[19:07:24] Adding forbidden value from single-element tuple: CPXPARAM_MIP_Strategy_StartAlgorithm=6
[DEBUG]:[19:07:24] Adding forbidden value from single-element tuple: CPXPARAM_MIP_Strategy_SubAlgorithm=2
[DEBUG]:[19:07:24] Adding forbidden value from single-element tuple: CPXPARAM_MIP_Strategy_SubAlgorithm=4
[DEBUG]:[19:07:24] Adding forbidden value from single-element tuple: CPXPARAM_MIP_Strategy_SubAlgorithm=5
[DEBUG]:[19:07:24] Adding forbidden value from single-element tuple: CPXPARAM_MIP_Strategy_VariableSelect=0
[DEBUG]:[19:07:24] Adding forbidden value from single-element tuple: CPXPARAM_MIP_Strategy_VariableSelect=1
[DEBUG]:[19:07:24] Adding forbidden value from single-element tuple: CPXPARAM_MIP_Strategy_VariableSelect=2
[DEBUG]:[19:07:24] Adding forbidden value from single-element tuple: CPXPARAM_MIP_Strategy_VariableSelect=3
[DEBUG]:[19:07:24] Adding forbidden value from single-element tuple: CPXPARAM_MIP_Strategy_VariableSelect=4
[DEBUG]:[19:07:24] Adding forbidden value from single-element tuple: CPXPARAM_Preprocessing_Dual=0
[DEBUG]:[19:07:24] Adding forbidden value from single-element tuple: CPXPARAM_Preprocessing_Presolve=1
[DEBUG]:[19:07:24] Adding forbidden value from single-element tuple: CPXPARAM_Preprocessing_Symmetry=0
[DEBUG]:[19:07:24] Adding forbidden value from single-element tuple: CPXPARAM_Simplex_DGradient=2
[DEBUG]:[19:07:24] Adding forbidden value from single-element tuple: CPXPARAM_Simplex_DGradient=3
[DEBUG]:[19:07:24] Adding forbidden value from single-element tuple: CPXPARAM_Simplex_DGradient=4
[DEBUG]:[19:07:24] Adding forbidden tuple of size 2: 
[DEBUG]:[19:07:24]   CPXPARAM_Emphasis_MIP=1
[DEBUG]:[19:07:24]   CPXPARAM_MIP_Cuts_Cliques=0
[DEBUG]:[19:07:24] Adding forbidden tuple of size 2: 
[DEBUG]:[19:07:24]   CPXPARAM_Emphasis_MIP=1
[DEBUG]:[19:07:24]   CPXPARAM_MIP_Cuts_Cliques=3
[DEBUG]:[19:07:24] Adding forbidden tuple of size 2: 
[DEBUG]:[19:07:24]   CPXPARAM_Emphasis_MIP=1
[DEBUG]:[19:07:24]   CPXPARAM_MIP_Cuts_Covers=1
[DEBUG]:[19:07:24] Adding forbidden tuple of size 2: 
[DEBUG]:[19:07:24]   CPXPARAM_Emphasis_MIP=1
[DEBUG]:[19:07:24]   CPXPARAM_MIP_Cuts_Disjunctive=1
[DEBUG]:[19:07:24] Adding forbidden tuple of size 2: 
[DEBUG]:[19:07:24]   CPXPARAM_Emphasis_MIP=1
[DEBUG]:[19:07:24]   CPXPARAM_MIP_Cuts_FlowCovers=2
[DEBUG]:[19:07:24] Adding forbidden tuple of size 2: 
[DEBUG]:[19:07:24]   CPXPARAM_Emphasis_MIP=1
[DEBUG]:[19:07:24]   CPXPARAM_MIP_Cuts_GUBCovers=1
[DEBUG]:[19:07:24] Adding forbidden tuple of size 2: 
[DEBUG]:[19:07:24]   CPXPARAM_Emphasis_MIP=1
[DEBUG]:[19:07:24]   CPXPARAM_MIP_Cuts_Gomory=2
[DEBUG]:[19:07:24] Adding forbidden tuple of size 2: 
[DEBUG]:[19:07:24]   CPXPARAM_Emphasis_MIP=1
[DEBUG]:[19:07:24]   CPXPARAM_MIP_Cuts_Implied=0
[DEBUG]:[19:07:24] Adding forbidden tuple of size 2: 
[DEBUG]:[19:07:24]   CPXPARAM_Emphasis_MIP=1
[DEBUG]:[19:07:24]   CPXPARAM_MIP_Cuts_Implied=2
[DEBUG]:[19:07:24] Adding forbidden tuple of size 2: 
[DEBUG]:[19:07:24]   CPXPARAM_Emphasis_MIP=1
[DEBUG]:[19:07:24]   CPXPARAM_MIP_Cuts_MIRCut=0
[DEBUG]:[19:07:24] Adding forbidden tuple of size 2: 
[DEBUG]:[19:07:24]   CPXPARAM_Emphasis_MIP=1
[DEBUG]:[19:07:24]   CPXPARAM_MIP_Cuts_MIRCut=1
[DEBUG]:[19:07:24] Adding forbidden tuple of size 2: 
[DEBUG]:[19:07:24]   CPXPARAM_Emphasis_MIP=1
[DEBUG]:[19:07:24]   CPXPARAM_MIP_Cuts_MIRCut=2
[DEBUG]:[19:07:24] Adding forbidden tuple of size 2: 
[DEBUG]:[19:07:24]   CPXPARAM_Emphasis_MIP=1
[DEBUG]:[19:07:24]   CPXPARAM_MIP_Cuts_PathCut=1
[INFO]:[19:07:24] Pruning applied successfully.
[INFO]:[19:07:24] Pruning phase completed.
[INFO]:[19:07:24] Completed iteration 4
[INFO]:[19:07:24] Starting iteration 5
[INFO]:[19:07:24] Starting exploration phase...
[INFO]:[19:07:24] Selecting number of evaluations for tuning phase...
[INFO]:[19:07:24] Selecting initial configurations for tuning phase...
[INFO]:[19:07:24] Using worker 0 best exploration configuration without MIP start as master ILS initial configuration.
[INFO]:[19:07:24] Worker 1 global-best exploration initial configuration matches master; using a random diversified initial configuration.
[INFO]:[19:07:24] Number of evaluations for this tuning phase: 18
[INFO]:[19:07:24] ILS shared cache is disabled for this exploration phase.
[INFO]:[19:07:24] Local search backend for this exploration phase: iterated_local_search
[INFO]:[19:07:24] Running IteratedLocalSearch Engine...
[INFO]:[19:07:24] Mip start is disabled for this iteration.
[INFO]:[19:07:24] Writing ILS search space file for worker 0...
[INFO]:[19:07:24] Warning: Initial value for parameter CPXPARAM_Emphasis_MIP is forbidden. So unforbidden it for the ILS initial configuration at iteration 5.
[INFO]:[19:07:24] Warning: Initial value for parameter CPXPARAM_MIP_Cuts_Disjunctive is forbidden. So unforbidden it for the ILS initial configuration at iteration 5.
[INFO]:[19:07:24] Warning: Initial value for parameter CPXPARAM_MIP_Cuts_FlowCovers is forbidden. So unforbidden it for the ILS initial configuration at iteration 5.
[INFO]:[19:07:24] Warning: Initial value for parameter CPXPARAM_MIP_Cuts_Gomory is forbidden. So unforbidden it for the ILS initial configuration at iteration 5.
[INFO]:[19:07:24] Warning: Initial value for parameter CPXPARAM_MIP_Strategy_VariableSelect is forbidden. So unforbidden it for the ILS initial configuration at iteration 5.
[INFO]:[19:07:24] Warning: Initial value for parameter CPXPARAM_Preprocessing_Dual is forbidden. So unforbidden it for the ILS initial configuration at iteration 5.
[INFO]:[19:07:24] ILS search space file written: /scratch/yorig/mpils-results-grid-ticks-10000-7may/medium-1/16proc-16pils/seed-8/9_neos-3024952-loue_seed-8_20260510_190554/iterated_local_search/search_space/search_space_file_5.txt
[INFO]:[19:07:24] Writing ILS search space file for worker 1...
[INFO]:[19:07:24] Warning: Initial value for parameter CPXPARAM_Emphasis_MIP is forbidden. So unforbidden it for the ILS initial configuration at iteration 5.
[INFO]:[19:07:24] Warning: Initial value for parameter CPXPARAM_MIP_Strategy_VariableSelect is forbidden. So unforbidden it for the ILS initial configuration at iteration 5.
[INFO]:[19:07:24] Warning: Initial value for parameter CPXPARAM_Preprocessing_Dual is forbidden. So unforbidden it for the ILS initial configuration at iteration 5.
[INFO]:[19:07:24] Warning: Initial value for parameter CPXPARAM_Simplex_DGradient is forbidden. So unforbidden it for the ILS initial configuration at iteration 5.
[INFO]:[19:07:24] ILS search space file written: /scratch/yorig/mpils-results-grid-ticks-10000-7may/medium-1/16proc-16pils/seed-8/9_neos-3024952-loue_seed-8_20260510_190554/iterated_local_search/search_space/search_space_file_5_worker_1.txt
[INFO]:[19:07:24] Writing ILS search space file for worker 2...
[INFO]:[19:07:24] Warning: Initial value for parameter CPXPARAM_MIP_Cuts_Disjunctive is forbidden. So unforbidden it for the ILS initial configuration at iteration 5.
[INFO]:[19:07:24] Warning: Initial value for parameter CPXPARAM_MIP_Cuts_GUBCovers is forbidden. So unforbidden it for the ILS initial configuration at iteration 5.
[INFO]:[19:07:24] Warning: Initial value for parameter CPXPARAM_MIP_Cuts_Gomory is forbidden. So unforbidden it for the ILS initial configuration at iteration 5.
[INFO]:[19:07:24] Warning: Initial value for parameter CPXPARAM_MIP_Cuts_Covers is forbidden. So unforbidden it for the ILS initial configuration at iteration 5.
[INFO]:[19:07:24] Warning: Initial value for parameter CPXPARAM_MIP_Strategy_VariableSelect is forbidden. So unforbidden it for the ILS initial configuration at iteration 5.
[INFO]:[19:07:24] Warning: Initial value for parameter CPXPARAM_MIP_Strategy_SubAlgorithm is forbidden. So unforbidden it for the ILS initial configuration at iteration 5.
[INFO]:[19:07:24] Warning: Initial value for parameter CPXPARAM_Simplex_DGradient is forbidden. So unforbidden it for the ILS initial configuration at iteration 5.
[INFO]:[19:07:24] ILS search space file written: /scratch/yorig/mpils-results-grid-ticks-10000-7may/medium-1/16proc-16pils/seed-8/9_neos-3024952-loue_seed-8_20260510_190554/iterated_local_search/search_space/search_space_file_5_worker_2.txt
[INFO]:[19:07:24] Writing ILS search space file for worker 3...
[INFO]:[19:07:24] Warning: Initial value for parameter CPXPARAM_MIP_Cuts_MIRCut is forbidden. So unforbidden it for the ILS initial configuration at iteration 5.
[INFO]:[19:07:24] Warning: Initial value for parameter CPXPARAM_MIP_Cuts_GUBCovers is forbidden. So unforbidden it for the ILS initial configuration at iteration 5.
[INFO]:[19:07:24] Warning: Initial value for parameter CPXPARAM_MIP_Cuts_Gomory is forbidden. So unforbidden it for the ILS initial configuration at iteration 5.
[INFO]:[19:07:24] ILS search space file written: /scratch/yorig/mpils-results-grid-ticks-10000-7may/medium-1/16proc-16pils/seed-8/9_neos-3024952-loue_seed-8_20260510_190554/iterated_local_search/search_space/search_space_file_5_worker_3.txt
[INFO]:[19:07:24] Writing ILS search space file for worker 4...
[INFO]:[19:07:24] Warning: Initial value for parameter CPXPARAM_Emphasis_MIP is forbidden. So unforbidden it for the ILS initial configuration at iteration 5.
[INFO]:[19:07:24] Warning: Initial value for parameter CPXPARAM_MIP_Cuts_MIRCut is forbidden. So unforbidden it for the ILS initial configuration at iteration 5.
[INFO]:[19:07:24] Warning: Initial value for parameter CPXPARAM_MIP_Cuts_GUBCovers is forbidden. So unforbidden it for the ILS initial configuration at iteration 5.
[INFO]:[19:07:24] Warning: Initial value for parameter CPXPARAM_MIP_Cuts_Gomory is forbidden. So unforbidden it for the ILS initial configuration at iteration 5.
[INFO]:[19:07:24] Warning: Initial value for parameter CPXPARAM_MIP_Cuts_Covers is forbidden. So unforbidden it for the ILS initial configuration at iteration 5.
[INFO]:[19:07:24] Warning: Initial value for parameter CPXPARAM_MIP_Strategy_VariableSelect is forbidden. So unforbidden it for the ILS initial configuration at iteration 5.
[INFO]:[19:07:24] Warning: Initial value for parameter CPXPARAM_MIP_Limits_CutsFactor is forbidden. So unforbidden it for the ILS initial configuration at iteration 5.
[INFO]:[19:07:24] Warning: Initial value for parameter CPXPARAM_Simplex_DGradient is forbidden. So unforbidden it for the ILS initial configuration at iteration 5.
[INFO]:[19:07:24] ILS search space file written: /scratch/yorig/mpils-results-grid-ticks-10000-7may/medium-1/16proc-16pils/seed-8/9_neos-3024952-loue_seed-8_20260510_190554/iterated_local_search/search_space/search_space_file_5_worker_4.txt
[INFO]:[19:07:24] Writing ILS search space file for worker 5...
[INFO]:[19:07:24] Warning: Initial value for parameter CPXPARAM_Emphasis_MIP is forbidden. So unforbidden it for the ILS initial configuration at iteration 5.
[INFO]:[19:07:24] Warning: Initial value for parameter CPXPARAM_MIP_Cuts_GUBCovers is forbidden. So unforbidden it for the ILS initial configuration at iteration 5.
[INFO]:[19:07:24] Warning: Initial value for parameter CPXPARAM_MIP_Strategy_VariableSelect is forbidden. So unforbidden it for the ILS initial configuration at iteration 5.
[INFO]:[19:07:24] Warning: Initial value for parameter CPXPARAM_Preprocessing_Dual is forbidden. So unforbidden it for the ILS initial configuration at iteration 5.
[INFO]:[19:07:24] Warning: Initial value for parameter CPXPARAM_MIP_Strategy_SubAlgorithm is forbidden. So unforbidden it for the ILS initial configuration at iteration 5.
[INFO]:[19:07:24] Warning: Initial value for parameter CPXPARAM_Simplex_DGradient is forbidden. So unforbidden it for the ILS initial configuration at iteration 5.
[INFO]:[19:07:24] ILS search space file written: /scratch/yorig/mpils-results-grid-ticks-10000-7may/medium-1/16proc-16pils/seed-8/9_neos-3024952-loue_seed-8_20260510_190554/iterated_local_search/search_space/search_space_file_5_worker_5.txt
[INFO]:[19:07:24] Writing ILS search space file for worker 6...
[INFO]:[19:07:24] Warning: Initial value for parameter CPXPARAM_Emphasis_MIP is forbidden. So unforbidden it for the ILS initial configuration at iteration 5.
[INFO]:[19:07:24] Warning: Initial value for parameter CPXPARAM_MIP_Cuts_GUBCovers is forbidden. So unforbidden it for the ILS initial configuration at iteration 5.
[INFO]:[19:07:24] Warning: Initial value for parameter CPXPARAM_MIP_Limits_GomoryCand is forbidden. So unforbidden it for the ILS initial configuration at iteration 5.
[INFO]:[19:07:24] Warning: Initial value for parameter CPXPARAM_MIP_Cuts_Covers is forbidden. So unforbidden it for the ILS initial configuration at iteration 5.
[INFO]:[19:07:24] Warning: Initial value for parameter CPXPARAM_MIP_Strategy_SubAlgorithm is forbidden. So unforbidden it for the ILS initial configuration at iteration 5.
[INFO]:[19:07:24] Warning: Initial value for parameter CPXPARAM_Simplex_DGradient is forbidden. So unforbidden it for the ILS initial configuration at iteration 5.
[INFO]:[19:07:24] ILS search space file written: /scratch/yorig/mpils-results-grid-ticks-10000-7may/medium-1/16proc-16pils/seed-8/9_neos-3024952-loue_seed-8_20260510_190554/iterated_local_search/search_space/search_space_file_5_worker_6.txt
[INFO]:[19:07:24] Writing ILS search space file for worker 7...
[INFO]:[19:07:24] Warning: Initial value for parameter CPXPARAM_Emphasis_MIP is forbidden. So unforbidden it for the ILS initial configuration at iteration 5.
[INFO]:[19:07:24] Warning: Initial value for parameter CPXPARAM_MIP_Cuts_Covers is forbidden. So unforbidden it for the ILS initial configuration at iteration 5.
[INFO]:[19:07:24] Warning: Initial value for parameter CPXPARAM_MIP_Strategy_VariableSelect is forbidden. So unforbidden it for the ILS initial configuration at iteration 5.
[INFO]:[19:07:24] Warning: Initial value for parameter CPXPARAM_Simplex_DGradient is forbidden. So unforbidden it for the ILS initial configuration at iteration 5.
[INFO]:[19:07:24] ILS search space file written: /scratch/yorig/mpils-results-grid-ticks-10000-7may/medium-1/16proc-16pils/seed-8/9_neos-3024952-loue_seed-8_20260510_190554/iterated_local_search/search_space/search_space_file_5_worker_7.txt
[INFO]:[19:07:24] Writing ILS search space file for worker 8...
[INFO]:[19:07:24] Warning: Initial value for parameter CPXPARAM_MIP_Cuts_MIRCut is forbidden. So unforbidden it for the ILS initial configuration at iteration 5.
[INFO]:[19:07:24] Warning: Initial value for parameter CPXPARAM_MIP_Cuts_GUBCovers is forbidden. So unforbidden it for the ILS initial configuration at iteration 5.
[INFO]:[19:07:24] Warning: Initial value for parameter CPXPARAM_MIP_Limits_GomoryCand is forbidden. So unforbidden it for the ILS initial configuration at iteration 5.
[INFO]:[19:07:24] Warning: Initial value for parameter CPXPARAM_MIP_Strategy_VariableSelect is forbidden. So unforbidden it for the ILS initial configuration at iteration 5.
[INFO]:[19:07:24] Warning: Initial value for parameter CPXPARAM_MIP_Strategy_SubAlgorithm is forbidden. So unforbidden it for the ILS initial configuration at iteration 5.
[INFO]:[19:07:24] Warning: Initial value for parameter CPXPARAM_Simplex_DGradient is forbidden. So unforbidden it for the ILS initial configuration at iteration 5.
[INFO]:[19:07:24] Warning: Initial configuration contains a forbidden tuple. So unforbidden it for ILS at iteration 5.
[INFO]:[19:07:24] Warning: Initial configuration contains a forbidden tuple. So unforbidden it for ILS at iteration 5.
[INFO]:[19:07:24] Warning: Initial configuration contains a forbidden tuple. So unforbidden it for ILS at iteration 5.
[INFO]:[19:07:24] Warning: Initial configuration contains a forbidden tuple. So unforbidden it for ILS at iteration 5.
[INFO]:[19:07:24] Warning: Initial configuration contains a forbidden tuple. So unforbidden it for ILS at iteration 5.
[INFO]:[19:07:24] Warning: Initial configuration contains a forbidden tuple. So unforbidden it for ILS at iteration 5.
[INFO]:[19:07:24] Warning: Initial configuration contains a forbidden tuple. So unforbidden it for ILS at iteration 5.
[INFO]:[19:07:24] Warning: Initial configuration contains a forbidden tuple. So unforbidden it for ILS at iteration 5.
[INFO]:[19:07:24] ILS search space file written: /scratch/yorig/mpils-results-grid-ticks-10000-7may/medium-1/16proc-16pils/seed-8/9_neos-3024952-loue_seed-8_20260510_190554/iterated_local_search/search_space/search_space_file_5_worker_8.txt
[INFO]:[19:07:24] Writing ILS search space file for worker 9...
[INFO]:[19:07:24] Warning: Initial value for parameter CPXPARAM_MIP_Cuts_Disjunctive is forbidden. So unforbidden it for the ILS initial configuration at iteration 5.
[INFO]:[19:07:24] Warning: Initial value for parameter CPXPARAM_MIP_Cuts_GUBCovers is forbidden. So unforbidden it for the ILS initial configuration at iteration 5.
[INFO]:[19:07:24] Warning: Initial value for parameter CPXPARAM_MIP_Strategy_HeuristicFreq is forbidden. So unforbidden it for the ILS initial configuration at iteration 5.
[INFO]:[19:07:24] ILS search space file written: /scratch/yorig/mpils-results-grid-ticks-10000-7may/medium-1/16proc-16pils/seed-8/9_neos-3024952-loue_seed-8_20260510_190554/iterated_local_search/search_space/search_space_file_5_worker_9.txt
[INFO]:[19:07:24] Writing ILS search space file for worker 10...
[INFO]:[19:07:24] Warning: Initial value for parameter CPXPARAM_MIP_Cuts_MIRCut is forbidden. So unforbidden it for the ILS initial configuration at iteration 5.
[INFO]:[19:07:24] Warning: Initial value for parameter CPXPARAM_MIP_Cuts_Covers is forbidden. So unforbidden it for the ILS initial configuration at iteration 5.
[INFO]:[19:07:24] Warning: Initial value for parameter CPXPARAM_MIP_Strategy_VariableSelect is forbidden. So unforbidden it for the ILS initial configuration at iteration 5.
[INFO]:[19:07:24] Warning: Initial configuration contains a forbidden tuple. So unforbidden it for ILS at iteration 5.
[INFO]:[19:07:24] Warning: Initial configuration contains a forbidden tuple. So unforbidden it for ILS at iteration 5.
[INFO]:[19:07:24] Warning: Initial configuration contains a forbidden tuple. So unforbidden it for ILS at iteration 5.
[INFO]:[19:07:24] Warning: Initial configuration contains a forbidden tuple. So unforbidden it for ILS at iteration 5.
[INFO]:[19:07:24] Warning: Initial configuration contains a forbidden tuple. So unforbidden it for ILS at iteration 5.
[INFO]:[19:07:24] Warning: Initial configuration contains a forbidden tuple. So unforbidden it for ILS at iteration 5.
[INFO]:[19:07:24] Warning: Initial configuration contains a forbidden tuple. So unforbidden it for ILS at iteration 5.
[INFO]:[19:07:24] Warning: Initial configuration contains a forbidden tuple. So unforbidden it for ILS at iteration 5.
[INFO]:[19:07:24] Warning: Initial configuration contains a forbidden tuple. So unforbidden it for ILS at iteration 5.
[INFO]:[19:07:24] Warning: Initial configuration contains a forbidden tuple. So unforbidden it for ILS at iteration 5.
[INFO]:[19:07:24] Warning: Initial configuration contains a forbidden tuple. So unforbidden it for ILS at iteration 5.
[INFO]:[19:07:24] Warning: Initial configuration contains a forbidden tuple. So unforbidden it for ILS at iteration 5.
[INFO]:[19:07:24] ILS search space file written: /scratch/yorig/mpils-results-grid-ticks-10000-7may/medium-1/16proc-16pils/seed-8/9_neos-3024952-loue_seed-8_20260510_190554/iterated_local_search/search_space/search_space_file_5_worker_10.txt
[INFO]:[19:07:24] Writing ILS search space file for worker 11...
[INFO]:[19:07:24] Warning: Initial value for parameter CPXPARAM_Emphasis_MIP is forbidden. So unforbidden it for the ILS initial configuration at iteration 5.
[INFO]:[19:07:24] Warning: Initial value for parameter CPXPARAM_MIP_Cuts_MIRCut is forbidden. So unforbidden it for the ILS initial configuration at iteration 5.
[INFO]:[19:07:24] Warning: Initial value for parameter CPXPARAM_MIP_Cuts_Disjunctive is forbidden. So unforbidden it for the ILS initial configuration at iteration 5.
[INFO]:[19:07:24] Warning: Initial value for parameter CPXPARAM_MIP_Cuts_FlowCovers is forbidden. So unforbidden it for the ILS initial configuration at iteration 5.
[INFO]:[19:07:24] Warning: Initial value for parameter CPXPARAM_MIP_Cuts_GUBCovers is forbidden. So unforbidden it for the ILS initial configuration at iteration 5.
[INFO]:[19:07:24] Warning: Initial value for parameter CPXPARAM_MIP_Cuts_Gomory is forbidden. So unforbidden it for the ILS initial configuration at iteration 5.
[INFO]:[19:07:24] Warning: Initial value for parameter CPXPARAM_MIP_Cuts_Covers is forbidden. So unforbidden it for the ILS initial configuration at iteration 5.
[INFO]:[19:07:24] Warning: Initial value for parameter CPXPARAM_MIP_Strategy_VariableSelect is forbidden. So unforbidden it for the ILS initial configuration at iteration 5.
[INFO]:[19:07:24] Warning: Initial value for parameter CPXPARAM_Preprocessing_Dual is forbidden. So unforbidden it for the ILS initial configuration at iteration 5.
[INFO]:[19:07:24] Warning: Initial value for parameter CPXPARAM_MIP_Strategy_SubAlgorithm is forbidden. So unforbidden it for the ILS initial configuration at iteration 5.
[INFO]:[19:07:24] ILS search space file written: /scratch/yorig/mpils-results-grid-ticks-10000-7may/medium-1/16proc-16pils/seed-8/9_neos-3024952-loue_seed-8_20260510_190554/iterated_local_search/search_space/search_space_file_5_worker_11.txt
[INFO]:[19:07:24] Writing ILS search space file for worker 12...
[INFO]:[19:07:24] Warning: Initial value for parameter CPXPARAM_MIP_Cuts_Disjunctive is forbidden. So unforbidden it for the ILS initial configuration at iteration 5.
[INFO]:[19:07:24] Warning: Initial value for parameter CPXPARAM_MIP_Cuts_GUBCovers is forbidden. So unforbidden it for the ILS initial configuration at iteration 5.
[INFO]:[19:07:24] Warning: Initial value for parameter CPXPARAM_MIP_Cuts_Gomory is forbidden. So unforbidden it for the ILS initial configuration at iteration 5.
[INFO]:[19:07:24] Warning: Initial value for parameter CPXPARAM_MIP_Strategy_VariableSelect is forbidden. So unforbidden it for the ILS initial configuration at iteration 5.
[INFO]:[19:07:24] ILS search space file written: /scratch/yorig/mpils-results-grid-ticks-10000-7may/medium-1/16proc-16pils/seed-8/9_neos-3024952-loue_seed-8_20260510_190554/iterated_local_search/search_space/search_space_file_5_worker_12.txt
[INFO]:[19:07:24] Writing ILS search space file for worker 13...
[INFO]:[19:07:24] Warning: Initial value for parameter CPXPARAM_Emphasis_MIP is forbidden. So unforbidden it for the ILS initial configuration at iteration 5.
[INFO]:[19:07:24] Warning: Initial value for parameter CPXPARAM_MIP_Cuts_Disjunctive is forbidden. So unforbidden it for the ILS initial configuration at iteration 5.
[INFO]:[19:07:24] Warning: Initial value for parameter CPXPARAM_MIP_Cuts_GUBCovers is forbidden. So unforbidden it for the ILS initial configuration at iteration 5.
[INFO]:[19:07:24] Warning: Initial value for parameter CPXPARAM_MIP_Cuts_Gomory is forbidden. So unforbidden it for the ILS initial configuration at iteration 5.
[INFO]:[19:07:24] Warning: Initial value for parameter CPXPARAM_MIP_Strategy_VariableSelect is forbidden. So unforbidden it for the ILS initial configuration at iteration 5.
[INFO]:[19:07:24] Warning: Initial value for parameter CPXPARAM_MIP_Limits_CutsFactor is forbidden. So unforbidden it for the ILS initial configuration at iteration 5.
[INFO]:[19:07:24] Warning: Initial value for parameter CPXPARAM_MIP_Strategy_SubAlgorithm is forbidden. So unforbidden it for the ILS initial configuration at iteration 5.
[INFO]:[19:07:24] Warning: Initial value for parameter CPXPARAM_Simplex_DGradient is forbidden. So unforbidden it for the ILS initial configuration at iteration 5.
[INFO]:[19:07:24] ILS search space file written: /scratch/yorig/mpils-results-grid-ticks-10000-7may/medium-1/16proc-16pils/seed-8/9_neos-3024952-loue_seed-8_20260510_190554/iterated_local_search/search_space/search_space_file_5_worker_13.txt
[INFO]:[19:07:24] Writing ILS search space file for worker 14...
[INFO]:[19:07:24] Warning: Initial value for parameter CPXPARAM_Emphasis_MIP is forbidden. So unforbidden it for the ILS initial configuration at iteration 5.
[INFO]:[19:07:24] Warning: Initial value for parameter CPXPARAM_MIP_Cuts_MIRCut is forbidden. So unforbidden it for the ILS initial configuration at iteration 5.
[INFO]:[19:07:24] Warning: Initial value for parameter CPXPARAM_MIP_Cuts_GUBCovers is forbidden. So unforbidden it for the ILS initial configuration at iteration 5.
[INFO]:[19:07:24] Warning: Initial value for parameter CPXPARAM_MIP_Cuts_Gomory is forbidden. So unforbidden it for the ILS initial configuration at iteration 5.
[INFO]:[19:07:24] Warning: Initial value for parameter CPXPARAM_MIP_Strategy_VariableSelect is forbidden. So unforbidden it for the ILS initial configuration at iteration 5.
[INFO]:[19:07:24] Warning: Initial value for parameter CPXPARAM_MIP_Strategy_HeuristicFreq is forbidden. So unforbidden it for the ILS initial configuration at iteration 5.
[INFO]:[19:07:24] Warning: Initial value for parameter CPXPARAM_Simplex_DGradient is forbidden. So unforbidden it for the ILS initial configuration at iteration 5.
[INFO]:[19:07:24] ILS search space file written: /scratch/yorig/mpils-results-grid-ticks-10000-7may/medium-1/16proc-16pils/seed-8/9_neos-3024952-loue_seed-8_20260510_190554/iterated_local_search/search_space/search_space_file_5_worker_14.txt
[INFO]:[19:07:24] Writing ILS search space file for worker 15...
[INFO]:[19:07:24] Warning: Initial value for parameter CPXPARAM_MIP_Strategy_VariableSelect is forbidden. So unforbidden it for the ILS initial configuration at iteration 5.
[INFO]:[19:07:24] Warning: Initial value for parameter CPXPARAM_MIP_Strategy_SubAlgorithm is forbidden. So unforbidden it for the ILS initial configuration at iteration 5.
[INFO]:[19:07:24] Warning: Initial configuration contains a forbidden tuple. So unforbidden it for ILS at iteration 5.
[INFO]:[19:07:24] Warning: Initial configuration contains a forbidden tuple. So unforbidden it for ILS at iteration 5.
[INFO]:[19:07:24] Warning: Initial configuration contains a forbidden tuple. So unforbidden it for ILS at iteration 5.
[INFO]:[19:07:24] Warning: Initial configuration contains a forbidden tuple. So unforbidden it for ILS at iteration 5.
[INFO]:[19:07:24] Warning: Initial configuration contains a forbidden tuple. So unforbidden it for ILS at iteration 5.
[INFO]:[19:07:24] Warning: Initial configuration contains a forbidden tuple. So unforbidden it for ILS at iteration 5.
[INFO]:[19:07:24] Warning: Initial configuration contains a forbidden tuple. So unforbidden it for ILS at iteration 5.
[INFO]:[19:07:24] Warning: Initial configuration contains a forbidden tuple. So unforbidden it for ILS at iteration 5.
[INFO]:[19:07:24] Warning: Initial configuration contains a forbidden tuple. So unforbidden it for ILS at iteration 5.
[INFO]:[19:07:24] Warning: Initial configuration contains a forbidden tuple. So unforbidden it for ILS at iteration 5.
[INFO]:[19:07:24] Warning: Initial configuration contains a forbidden tuple. So unforbidden it for ILS at iteration 5.
[INFO]:[19:07:24] Warning: Initial configuration contains a forbidden tuple. So unforbidden it for ILS at iteration 5.
[INFO]:[19:07:24] Warning: Initial configuration contains a forbidden tuple. So unforbidden it for ILS at iteration 5.
[INFO]:[19:07:24] Warning: Initial configuration contains a forbidden tuple. So unforbidden it for ILS at iteration 5.
[INFO]:[19:07:24] Warning: Initial configuration contains a forbidden tuple. So unforbidden it for ILS at iteration 5.
[INFO]:[19:07:24] Warning: Initial configuration contains a forbidden tuple. So unforbidden it for ILS at iteration 5.
[INFO]:[19:07:24] ILS search space file written: /scratch/yorig/mpils-results-grid-ticks-10000-7may/medium-1/16proc-16pils/seed-8/9_neos-3024952-loue_seed-8_20260510_190554/iterated_local_search/search_space/search_space_file_5_worker_15.txt
[INFO]:[19:07:24] Launching Local Search Workers via MPI...
[INFO]:[19:07:24] Local Search Workers launched.
[INFO]:[19:07:24] Starting local search phase...
[INFO]:[19:07:24] Creating local search space from parameter space file: /scratch/yorig/mpils-results-grid-ticks-10000-7may/medium-1/16proc-16pils/seed-8/9_neos-3024952-loue_seed-8_20260510_190554/iterated_local_search/search_space/search_space_file_5.txt
[INFO]:[19:07:24] Local search space loaded from file: /scratch/yorig/mpils-results-grid-ticks-10000-7may/medium-1/16proc-16pils/seed-8/9_neos-3024952-loue_seed-8_20260510_190554/iterated_local_search/search_space/search_space_file_5.txt
[INFO]:[19:07:24] Number of parameters in local search space: 71
[INFO]:[19:07:24] Number of forbidden tuples in local search space: 52
[INFO]:[19:07:24] Number of conditionals in local search space: 6
[INFO]:[19:07:24] MIP start option not enabled. Local search will proceed without MIP start.
[INFO]:[19:07:24] Seeded initial configuration into local search cache with known objective value: 8.17
[INFO]:[19:07:24] Starting CPLEX solver on instance: /home/yorig/tuner/mpils-tests/instances/miplib/medium-1/neos-3024952-loue.mps with config: /scratch/yorig/mpils-results-grid-ticks-10000-7may/medium-1/16proc-16pils/seed-8/9_neos-3024952-loue_seed-8_20260510_190554/iterated_local_search/run_5_worker_0/ils_config_16871911006069099870.prm
[INFO]:[19:07:24] Starting CPLEX solver on instance: /home/yorig/tuner/mpils-tests/instances/miplib/medium-1/neos-3024952-loue.mps with config: /scratch/yorig/mpils-results-grid-ticks-10000-7may/medium-1/16proc-16pils/seed-8/9_neos-3024952-loue_seed-8_20260510_190554/iterated_local_search/run_5_worker_0/ils_config_16871911006069099870.prm
[INFO]:[19:07:31] CPLEX results. Gap: 12.870000, upper bound: 29892.000000, lower bound: 26044.981693
[INFO]:[19:07:31] CPLEX solver finished. Gap: 12.870000
[INFO]:[19:07:32] Starting CPLEX solver on instance: /home/yorig/tuner/mpils-tests/instances/miplib/medium-1/neos-3024952-loue.mps with config: /scratch/yorig/mpils-results-grid-ticks-10000-7may/medium-1/16proc-16pils/seed-8/9_neos-3024952-loue_seed-8_20260510_190554/iterated_local_search/run_5_worker_0/ils_config_12847873456940603149.prm
[INFO]:[19:07:32] Starting CPLEX solver on instance: /home/yorig/tuner/mpils-tests/instances/miplib/medium-1/neos-3024952-loue.mps with config: /scratch/yorig/mpils-results-grid-ticks-10000-7may/medium-1/16proc-16pils/seed-8/9_neos-3024952-loue_seed-8_20260510_190554/iterated_local_search/run_5_worker_0/ils_config_12847873456940603149.prm
[INFO]:[19:07:39] CPLEX results. Gap: 12.080000, upper bound: 29704.000000, lower bound: 26116.850564
[INFO]:[19:07:39] CPLEX solver finished. Gap: 12.080000
[INFO]:[19:07:40] Local search phase completed.
[INFO]:[19:07:40] Total number of new local-search evaluations: 32
[INFO]:[19:07:40] Final incumbent objective value: 8.17
[INFO]:[19:07:40] recordEvaluation produced_mip_start=0 mip_start_file=''
[DEBUG]:[19:07:40] Added evaluation to memory with objective: 12.87, ConfigId: 16871911006069099870, EvalId: 166. Total evaluations stored: 166
[INFO]:[19:07:40] recordEvaluation produced_mip_start=0 mip_start_file=''
[DEBUG]:[19:07:40] Added evaluation to memory with objective: 1.79769e+308, ConfigId: 6425842522557285654, EvalId: 167. Total evaluations stored: 167
[INFO]:[19:07:40] recordEvaluation produced_mip_start=0 mip_start_file=''
[DEBUG]:[19:07:40] Added evaluation to memory with objective: 12.73, ConfigId: 16673657975560381051, EvalId: 168. Total evaluations stored: 168
[INFO]:[19:07:40] recordEvaluation produced_mip_start=0 mip_start_file=''
[DEBUG]:[19:07:40] Added evaluation to memory with objective: 10.48, ConfigId: 6671966950395026239, EvalId: 169. Total evaluations stored: 169
[INFO]:[19:07:40] recordEvaluation produced_mip_start=0 mip_start_file=''
[DEBUG]:[19:07:40] Added evaluation to memory with objective: 8.17, ConfigId: 15766071412438499029, EvalId: 170. Total evaluations stored: 170
[INFO]:[19:07:40] recordEvaluation produced_mip_start=0 mip_start_file=''
[DEBUG]:[19:07:40] Added evaluation to memory with objective: 8.17, ConfigId: 7389027337917932567, EvalId: 171. Total evaluations stored: 171
[INFO]:[19:07:40] recordEvaluation produced_mip_start=0 mip_start_file=''
[DEBUG]:[19:07:40] Added evaluation to memory with objective: 8.17, ConfigId: 3647418935473988945, EvalId: 172. Total evaluations stored: 172
[INFO]:[19:07:40] recordEvaluation produced_mip_start=0 mip_start_file=''
[DEBUG]:[19:07:40] Added evaluation to memory with objective: 10.62, ConfigId: 1195613893921609664, EvalId: 173. Total evaluations stored: 173
[INFO]:[19:07:40] recordEvaluation produced_mip_start=0 mip_start_file=''
[DEBUG]:[19:07:40] Added evaluation to memory with objective: 12.66, ConfigId: 8222270479331594125, EvalId: 174. Total evaluations stored: 174
[INFO]:[19:07:40] recordEvaluation produced_mip_start=0 mip_start_file=''
[DEBUG]:[19:07:40] Added evaluation to memory with objective: 8.8, ConfigId: 16186827552075757697, EvalId: 175. Total evaluations stored: 175
[INFO]:[19:07:40] recordEvaluation produced_mip_start=0 mip_start_file=''
[DEBUG]:[19:07:40] Added evaluation to memory with objective: 14.4, ConfigId: 6600528987281186506, EvalId: 176. Total evaluations stored: 176
[INFO]:[19:07:40] recordEvaluation produced_mip_start=0 mip_start_file=''
[DEBUG]:[19:07:40] Added evaluation to memory with objective: 8.19, ConfigId: 1809290910717196598, EvalId: 177. Total evaluations stored: 177
[INFO]:[19:07:40] recordEvaluation produced_mip_start=0 mip_start_file=''
[DEBUG]:[19:07:40] Added evaluation to memory with objective: 11, ConfigId: 3661082503257010221, EvalId: 178. Total evaluations stored: 178
[INFO]:[19:07:40] recordEvaluation produced_mip_start=0 mip_start_file=''
[DEBUG]:[19:07:40] Added evaluation to memory with objective: 8.17, ConfigId: 3357844154462203258, EvalId: 179. Total evaluations stored: 179
[INFO]:[19:07:40] recordEvaluation produced_mip_start=0 mip_start_file=''
[DEBUG]:[19:07:40] Added evaluation to memory with objective: 8.17, ConfigId: 14844562132096253982, EvalId: 180. Total evaluations stored: 180
[INFO]:[19:07:40] recordEvaluation produced_mip_start=0 mip_start_file=''
[DEBUG]:[19:07:40] Added evaluation to memory with objective: 13.16, ConfigId: 7243720736426560610, EvalId: 181. Total evaluations stored: 181
[INFO]:[19:07:40] recordEvaluation produced_mip_start=0 mip_start_file=''
[DEBUG]:[19:07:40] Added evaluation to memory with objective: 12.08, ConfigId: 12847873456940603149, EvalId: 182. Total evaluations stored: 182
[INFO]:[19:07:40] recordEvaluation produced_mip_start=0 mip_start_file=''
[DEBUG]:[19:07:40] Added evaluation to memory with objective: 8.17, ConfigId: 11893528845819202082, EvalId: 183. Total evaluations stored: 183
[INFO]:[19:07:40] recordEvaluation produced_mip_start=0 mip_start_file=''
[DEBUG]:[19:07:40] Added evaluation to memory with objective: 8.17, ConfigId: 14801727225211217615, EvalId: 184. Total evaluations stored: 184
[INFO]:[19:07:40] recordEvaluation produced_mip_start=0 mip_start_file=''
[DEBUG]:[19:07:40] Added evaluation to memory with objective: 1.79769e+308, ConfigId: 9752702868819357834, EvalId: 185. Total evaluations stored: 185
[INFO]:[19:07:40] recordEvaluation produced_mip_start=0 mip_start_file=''
[DEBUG]:[19:07:40] Added evaluation to memory with objective: 12.1, ConfigId: 16472849496794975364, EvalId: 186. Total evaluations stored: 186
[INFO]:[19:07:40] recordEvaluation produced_mip_start=0 mip_start_file=''
[DEBUG]:[19:07:40] Added evaluation to memory with objective: 10.27, ConfigId: 9690742388325955808, EvalId: 187. Total evaluations stored: 187
[INFO]:[19:07:40] recordEvaluation produced_mip_start=0 mip_start_file=''
[DEBUG]:[19:07:40] Added evaluation to memory with objective: 8.17, ConfigId: 9156514515167800436, EvalId: 188. Total evaluations stored: 188
[INFO]:[19:07:40] recordEvaluation produced_mip_start=0 mip_start_file=''
[DEBUG]:[19:07:40] Added evaluation to memory with objective: 8.17, ConfigId: 11665338325936136269, EvalId: 189. Total evaluations stored: 189
[INFO]:[19:07:40] recordEvaluation produced_mip_start=0 mip_start_file=''
[DEBUG]:[19:07:40] Added evaluation to memory with objective: 8.17, ConfigId: 15690357224397215258, EvalId: 190. Total evaluations stored: 190
[INFO]:[19:07:40] recordEvaluation produced_mip_start=0 mip_start_file=''
[DEBUG]:[19:07:40] Added evaluation to memory with objective: 9.1, ConfigId: 10302718557201379238, EvalId: 191. Total evaluations stored: 191
[INFO]:[19:07:40] recordEvaluation produced_mip_start=0 mip_start_file=''
[DEBUG]:[19:07:40] Added evaluation to memory with objective: 22.19, ConfigId: 11504981590859747575, EvalId: 192. Total evaluations stored: 192
[INFO]:[19:07:40] recordEvaluation produced_mip_start=0 mip_start_file=''
[DEBUG]:[19:07:40] Added evaluation to memory with objective: 11.84, ConfigId: 4450262293985816182, EvalId: 193. Total evaluations stored: 193
[INFO]:[19:07:40] recordEvaluation produced_mip_start=0 mip_start_file=''
[DEBUG]:[19:07:40] Added evaluation to memory with objective: 8.17, ConfigId: 16416093374608619049, EvalId: 194. Total evaluations stored: 194
[INFO]:[19:07:40] recordEvaluation produced_mip_start=0 mip_start_file=''
[DEBUG]:[19:07:40] Added evaluation to memory with objective: 11.79, ConfigId: 16108519588549221858, EvalId: 195. Total evaluations stored: 195
[INFO]:[19:07:40] recordEvaluation produced_mip_start=0 mip_start_file=''
[DEBUG]:[19:07:40] Added evaluation to memory with objective: 8.17, ConfigId: 11935172780792690046, EvalId: 196. Total evaluations stored: 196
[INFO]:[19:07:40] recordEvaluation produced_mip_start=0 mip_start_file=''
[DEBUG]:[19:07:40] Added evaluation to memory with objective: 8.17, ConfigId: 13218016719477360696, EvalId: 197. Total evaluations stored: 197
[INFO]:[19:07:40] Waiting for Local Search Workers via MPI...
[INFO]:[19:07:40] Local Search Workers have completed.
[INFO]:[19:07:40] IteratedLocalSearch Engine completed.
[INFO]:[19:07:40] Added32 evaluations to memory from exploration phase at iteration 5
[INFO]:[19:07:40] Exploration phase completed.
[INFO]:[19:07:40] Starting expansion phase...
[INFO]:[19:07:40] Selecting parameters for expansion phase...
[INFO]:[19:07:40] Selected expansion parameters: 10
[INFO]:[19:07:40] Creating configuration files for expansion parameters...
[INFO]:[19:07:40] Creating configurations for parameter: CPXPARAM_Simplex_PGradient
[DEBUG]:[19:07:40] Parameter CPXPARAM_Simplex_PGradient will be evaluated on 5 alternative value(s) after excluding the current base configuration value.
[DEBUG]:[19:07:40] Created configuration file for parameter CPXPARAM_Simplex_PGradient with value -1 at /scratch/yorig/mpils-results-grid-ticks-10000-7may/medium-1/16proc-16pils/seed-8/9_neos-3024952-loue_seed-8_20260510_190554/expansion/config_param_CPXPARAM_Simplex_PGradient_-1_iter_5.prm
[DEBUG]:[19:07:40] Created configuration file for parameter CPXPARAM_Simplex_PGradient with value 1 at /scratch/yorig/mpils-results-grid-ticks-10000-7may/medium-1/16proc-16pils/seed-8/9_neos-3024952-loue_seed-8_20260510_190554/expansion/config_param_CPXPARAM_Simplex_PGradient_1_iter_5.prm
[DEBUG]:[19:07:40] Created configuration file for parameter CPXPARAM_Simplex_PGradient with value 2 at /scratch/yorig/mpils-results-grid-ticks-10000-7may/medium-1/16proc-16pils/seed-8/9_neos-3024952-loue_seed-8_20260510_190554/expansion/config_param_CPXPARAM_Simplex_PGradient_2_iter_5.prm
[DEBUG]:[19:07:40] Created configuration file for parameter CPXPARAM_Simplex_PGradient with value 3 at /scratch/yorig/mpils-results-grid-ticks-10000-7may/medium-1/16proc-16pils/seed-8/9_neos-3024952-loue_seed-8_20260510_190554/expansion/config_param_CPXPARAM_Simplex_PGradient_3_iter_5.prm
[DEBUG]:[19:07:40] Created configuration file for parameter CPXPARAM_Simplex_PGradient with value 4 at /scratch/yorig/mpils-results-grid-ticks-10000-7may/medium-1/16proc-16pils/seed-8/9_neos-3024952-loue_seed-8_20260510_190554/expansion/config_param_CPXPARAM_Simplex_PGradient_4_iter_5.prm
[INFO]:[19:07:40] Creating configurations for parameter: CPXPARAM_Advance
[DEBUG]:[19:07:40] Parameter CPXPARAM_Advance will be evaluated on 2 alternative value(s) after excluding the current base configuration value.
[DEBUG]:[19:07:40] Created configuration file for parameter CPXPARAM_Advance with value 0 at /scratch/yorig/mpils-results-grid-ticks-10000-7may/medium-1/16proc-16pils/seed-8/9_neos-3024952-loue_seed-8_20260510_190554/expansion/config_param_CPXPARAM_Advance_0_iter_5.prm
[DEBUG]:[19:07:40] Created configuration file for parameter CPXPARAM_Advance with value 2 at /scratch/yorig/mpils-results-grid-ticks-10000-7may/medium-1/16proc-16pils/seed-8/9_neos-3024952-loue_seed-8_20260510_190554/expansion/config_param_CPXPARAM_Advance_2_iter_5.prm
[INFO]:[19:07:40] Creating configurations for parameter: CPXPARAM_MIP_Limits_AggForCut
[DEBUG]:[19:07:40] Parameter CPXPARAM_MIP_Limits_AggForCut will be evaluated on 5 alternative value(s) after excluding the current base configuration value.
[DEBUG]:[19:07:40] Created configuration file for parameter CPXPARAM_MIP_Limits_AggForCut with value 0 at /scratch/yorig/mpils-results-grid-ticks-10000-7may/medium-1/16proc-16pils/seed-8/9_neos-3024952-loue_seed-8_20260510_190554/expansion/config_param_CPXPARAM_MIP_Limits_AggForCut_0_iter_5.prm
[DEBUG]:[19:07:40] Created configuration file for parameter CPXPARAM_MIP_Limits_AggForCut with value 1 at /scratch/yorig/mpils-results-grid-ticks-10000-7may/medium-1/16proc-16pils/seed-8/9_neos-3024952-loue_seed-8_20260510_190554/expansion/config_param_CPXPARAM_MIP_Limits_AggForCut_1_iter_5.prm
[DEBUG]:[19:07:40] Created configuration file for parameter CPXPARAM_MIP_Limits_AggForCut with value 2 at /scratch/yorig/mpils-results-grid-ticks-10000-7may/medium-1/16proc-16pils/seed-8/9_neos-3024952-loue_seed-8_20260510_190554/expansion/config_param_CPXPARAM_MIP_Limits_AggForCut_2_iter_5.prm
[DEBUG]:[19:07:40] Created configuration file for parameter CPXPARAM_MIP_Limits_AggForCut with value 5 at /scratch/yorig/mpils-results-grid-ticks-10000-7may/medium-1/16proc-16pils/seed-8/9_neos-3024952-loue_seed-8_20260510_190554/expansion/config_param_CPXPARAM_MIP_Limits_AggForCut_5_iter_5.prm
[DEBUG]:[19:07:40] Created configuration file for parameter CPXPARAM_MIP_Limits_AggForCut with value 10 at /scratch/yorig/mpils-results-grid-ticks-10000-7may/medium-1/16proc-16pils/seed-8/9_neos-3024952-loue_seed-8_20260510_190554/expansion/config_param_CPXPARAM_MIP_Limits_AggForCut_10_iter_5.prm
[INFO]:[19:07:40] Creating configurations for parameter: CPXPARAM_Preprocessing_Fill
[DEBUG]:[19:07:40] Parameter CPXPARAM_Preprocessing_Fill will be evaluated on 4 alternative value(s) after excluding the current base configuration value.
[DEBUG]:[19:07:40] Created configuration file for parameter CPXPARAM_Preprocessing_Fill with value 2 at /scratch/yorig/mpils-results-grid-ticks-10000-7may/medium-1/16proc-16pils/seed-8/9_neos-3024952-loue_seed-8_20260510_190554/expansion/config_param_CPXPARAM_Preprocessing_Fill_2_iter_5.prm
[DEBUG]:[19:07:40] Created configuration file for parameter CPXPARAM_Preprocessing_Fill with value 5 at /scratch/yorig/mpils-results-grid-ticks-10000-7may/medium-1/16proc-16pils/seed-8/9_neos-3024952-loue_seed-8_20260510_190554/expansion/config_param_CPXPARAM_Preprocessing_Fill_5_iter_5.prm
[DEBUG]:[19:07:40] Created configuration file for parameter CPXPARAM_Preprocessing_Fill with value 20 at /scratch/yorig/mpils-results-grid-ticks-10000-7may/medium-1/16proc-16pils/seed-8/9_neos-3024952-loue_seed-8_20260510_190554/expansion/config_param_CPXPARAM_Preprocessing_Fill_20_iter_5.prm
[DEBUG]:[19:07:40] Created configuration file for parameter CPXPARAM_Preprocessing_Fill with value 40 at /scratch/yorig/mpils-results-grid-ticks-10000-7may/medium-1/16proc-16pils/seed-8/9_neos-3024952-loue_seed-8_20260510_190554/expansion/config_param_CPXPARAM_Preprocessing_Fill_40_iter_5.prm
[INFO]:[19:07:40] Creating configurations for parameter: CPXPARAM_Barrier_Crossover
[DEBUG]:[19:07:40] Parameter CPXPARAM_Barrier_Crossover will be evaluated on 2 alternative value(s) after excluding the current base configuration value.
[DEBUG]:[19:07:40] Created configuration file for parameter CPXPARAM_Barrier_Crossover with value 1 at /scratch/yorig/mpils-results-grid-ticks-10000-7may/medium-1/16proc-16pils/seed-8/9_neos-3024952-loue_seed-8_20260510_190554/expansion/config_param_CPXPARAM_Barrier_Crossover_1_iter_5.prm
[DEBUG]:[19:07:40] Created configuration file for parameter CPXPARAM_Barrier_Crossover with value 2 at /scratch/yorig/mpils-results-grid-ticks-10000-7may/medium-1/16proc-16pils/seed-8/9_neos-3024952-loue_seed-8_20260510_190554/expansion/config_param_CPXPARAM_Barrier_Crossover_2_iter_5.prm
[INFO]:[19:07:40] Creating configurations for parameter: CPXPARAM_Barrier_Ordering
[DEBUG]:[19:07:40] Parameter CPXPARAM_Barrier_Ordering will be evaluated on 3 alternative value(s) after excluding the current base configuration value.
[DEBUG]:[19:07:40] Created configuration file for parameter CPXPARAM_Barrier_Ordering with value 1 at /scratch/yorig/mpils-results-grid-ticks-10000-7may/medium-1/16proc-16pils/seed-8/9_neos-3024952-loue_seed-8_20260510_190554/expansion/config_param_CPXPARAM_Barrier_Ordering_1_iter_5.prm
[DEBUG]:[19:07:40] Created configuration file for parameter CPXPARAM_Barrier_Ordering with value 2 at /scratch/yorig/mpils-results-grid-ticks-10000-7may/medium-1/16proc-16pils/seed-8/9_neos-3024952-loue_seed-8_20260510_190554/expansion/config_param_CPXPARAM_Barrier_Ordering_2_iter_5.prm
[DEBUG]:[19:07:40] Created configuration file for parameter CPXPARAM_Barrier_Ordering with value 3 at /scratch/yorig/mpils-results-grid-ticks-10000-7may/medium-1/16proc-16pils/seed-8/9_neos-3024952-loue_seed-8_20260510_190554/expansion/config_param_CPXPARAM_Barrier_Ordering_3_iter_5.prm
[INFO]:[19:07:40] Creating configurations for parameter: CPXPARAM_Barrier_StartAlg
[DEBUG]:[19:07:40] Parameter CPXPARAM_Barrier_StartAlg will be evaluated on 3 alternative value(s) after excluding the current base configuration value.
[DEBUG]:[19:07:40] Created configuration file for parameter CPXPARAM_Barrier_StartAlg with value 2 at /scratch/yorig/mpils-results-grid-ticks-10000-7may/medium-1/16proc-16pils/seed-8/9_neos-3024952-loue_seed-8_20260510_190554/expansion/config_param_CPXPARAM_Barrier_StartAlg_2_iter_5.prm
[DEBUG]:[19:07:40] Created configuration file for parameter CPXPARAM_Barrier_StartAlg with value 3 at /scratch/yorig/mpils-results-grid-ticks-10000-7may/medium-1/16proc-16pils/seed-8/9_neos-3024952-loue_seed-8_20260510_190554/expansion/config_param_CPXPARAM_Barrier_StartAlg_3_iter_5.prm
[DEBUG]:[19:07:40] Created configuration file for parameter CPXPARAM_Barrier_StartAlg with value 4 at /scratch/yorig/mpils-results-grid-ticks-10000-7may/medium-1/16proc-16pils/seed-8/9_neos-3024952-loue_seed-8_20260510_190554/expansion/config_param_CPXPARAM_Barrier_StartAlg_4_iter_5.prm
[INFO]:[19:07:40] Creating configurations for parameter: CPXPARAM_Preprocessing_BoundStrength
[DEBUG]:[19:07:40] Parameter CPXPARAM_Preprocessing_BoundStrength will be evaluated on 2 alternative value(s) after excluding the current base configuration value.
[DEBUG]:[19:07:40] Created configuration file for parameter CPXPARAM_Preprocessing_BoundStrength with value 0 at /scratch/yorig/mpils-results-grid-ticks-10000-7may/medium-1/16proc-16pils/seed-8/9_neos-3024952-loue_seed-8_20260510_190554/expansion/config_param_CPXPARAM_Preprocessing_BoundStrength_0_iter_5.prm
[DEBUG]:[19:07:40] Created configuration file for parameter CPXPARAM_Preprocessing_BoundStrength with value 1 at /scratch/yorig/mpils-results-grid-ticks-10000-7may/medium-1/16proc-16pils/seed-8/9_neos-3024952-loue_seed-8_20260510_190554/expansion/config_param_CPXPARAM_Preprocessing_BoundStrength_1_iter_5.prm
[INFO]:[19:07:40] Creating configurations for parameter: CPXPARAM_Preprocessing_CoeffReduce
[DEBUG]:[19:07:40] Parameter CPXPARAM_Preprocessing_CoeffReduce will be evaluated on 4 alternative value(s) after excluding the current base configuration value.
[DEBUG]:[19:07:40] Created configuration file for parameter CPXPARAM_Preprocessing_CoeffReduce with value 0 at /scratch/yorig/mpils-results-grid-ticks-10000-7may/medium-1/16proc-16pils/seed-8/9_neos-3024952-loue_seed-8_20260510_190554/expansion/config_param_CPXPARAM_Preprocessing_CoeffReduce_0_iter_5.prm
[DEBUG]:[19:07:40] Created configuration file for parameter CPXPARAM_Preprocessing_CoeffReduce with value 1 at /scratch/yorig/mpils-results-grid-ticks-10000-7may/medium-1/16proc-16pils/seed-8/9_neos-3024952-loue_seed-8_20260510_190554/expansion/config_param_CPXPARAM_Preprocessing_CoeffReduce_1_iter_5.prm
[DEBUG]:[19:07:40] Created configuration file for parameter CPXPARAM_Preprocessing_CoeffReduce with value 2 at /scratch/yorig/mpils-results-grid-ticks-10000-7may/medium-1/16proc-16pils/seed-8/9_neos-3024952-loue_seed-8_20260510_190554/expansion/config_param_CPXPARAM_Preprocessing_CoeffReduce_2_iter_5.prm
[DEBUG]:[19:07:40] Created configuration file for parameter CPXPARAM_Preprocessing_CoeffReduce with value 3 at /scratch/yorig/mpils-results-grid-ticks-10000-7may/medium-1/16proc-16pils/seed-8/9_neos-3024952-loue_seed-8_20260510_190554/expansion/config_param_CPXPARAM_Preprocessing_CoeffReduce_3_iter_5.prm
[INFO]:[19:07:40] Creating configurations for parameter: CPXPARAM_Simplex_Crash
[DEBUG]:[19:07:40] Parameter CPXPARAM_Simplex_Crash will be evaluated on 2 alternative value(s) after excluding the current base configuration value.
[DEBUG]:[19:07:40] Created configuration file for parameter CPXPARAM_Simplex_Crash with value -1 at /scratch/yorig/mpils-results-grid-ticks-10000-7may/medium-1/16proc-16pils/seed-8/9_neos-3024952-loue_seed-8_20260510_190554/expansion/config_param_CPXPARAM_Simplex_Crash_-1_iter_5.prm
[DEBUG]:[19:07:40] Created configuration file for parameter CPXPARAM_Simplex_Crash with value 0 at /scratch/yorig/mpils-results-grid-ticks-10000-7may/medium-1/16proc-16pils/seed-8/9_neos-3024952-loue_seed-8_20260510_190554/expansion/config_param_CPXPARAM_Simplex_Crash_0_iter_5.prm
[INFO]:[19:07:40] Created 32 configuration files for expansion phase at iteration 5.
[INFO]:[19:07:40] Skipped 0 expansion parameter(s) with no alternative value to evaluate.
[INFO]:[19:07:40] Launching Expansion Workers via MPI...
[INFO]:[19:07:40] Expansion Workers launched.
[INFO]:[19:07:40] Evaluating expansion parameters...
[INFO]:[19:07:40] Starting CPLEX solver on instance: /home/yorig/tuner/mpils-tests/instances/miplib/medium-1/neos-3024952-loue.mps with config: /scratch/yorig/mpils-results-grid-ticks-10000-7may/medium-1/16proc-16pils/seed-8/9_neos-3024952-loue_seed-8_20260510_190554/expansion/config_param_CPXPARAM_Simplex_PGradient_-1_iter_5.prm
[INFO]:[19:07:47] CPLEX results. Gap: 5.500000, upper bound: 27614.000000, lower bound: 26094.569508
[INFO]:[19:07:47] CPLEX solver finished. Gap: 5.500000
[INFO]:[19:07:47] Starting CPLEX solver on instance: /home/yorig/tuner/mpils-tests/instances/miplib/medium-1/neos-3024952-loue.mps with config: /scratch/yorig/mpils-results-grid-ticks-10000-7may/medium-1/16proc-16pils/seed-8/9_neos-3024952-loue_seed-8_20260510_190554/expansion/config_param_CPXPARAM_Barrier_Crossover_1_iter_5.prm
[INFO]:[19:07:54] CPLEX results. Gap: 4.610000, upper bound: 27404.000000, lower bound: 26140.297001
[INFO]:[19:07:54] CPLEX solver finished. Gap: 4.610000
[INFO]:[19:07:54] recordEvaluation produced_mip_start=0 mip_start_file=''
[DEBUG]:[19:07:54] Added evaluation to memory with objective: 5.5, ConfigId: 7261018067292862586, EvalId: 198. Total evaluations stored: 198
[INFO]:[19:07:54] recordEvaluation produced_mip_start=0 mip_start_file=''
[DEBUG]:[19:07:54] Added evaluation to memory with objective: 7.04, ConfigId: 1271076788534265431, EvalId: 199. Total evaluations stored: 199
[INFO]:[19:07:54] recordEvaluation produced_mip_start=0 mip_start_file=''
[DEBUG]:[19:07:54] Added evaluation to memory with objective: 5.9, ConfigId: 4933657828064913566, EvalId: 200. Total evaluations stored: 200
[INFO]:[19:07:54] recordEvaluation produced_mip_start=0 mip_start_file=''
[DEBUG]:[19:07:54] Added evaluation to memory with objective: 5.9, ConfigId: 14260582069267732646, EvalId: 201. Total evaluations stored: 201
[INFO]:[19:07:54] recordEvaluation produced_mip_start=0 mip_start_file=''
[DEBUG]:[19:07:54] Added evaluation to memory with objective: 5.27, ConfigId: 6131504828669053568, EvalId: 202. Total evaluations stored: 202
[INFO]:[19:07:54] recordEvaluation produced_mip_start=0 mip_start_file=''
[DEBUG]:[19:07:54] Added evaluation to memory with objective: 4.61, ConfigId: 11080424693025116378, EvalId: 203. Total evaluations stored: 203
[INFO]:[19:07:54] recordEvaluation produced_mip_start=0 mip_start_file=''
[DEBUG]:[19:07:54] Added evaluation to memory with objective: 4.61, ConfigId: 17108719640468128746, EvalId: 204. Total evaluations stored: 204
[INFO]:[19:07:54] recordEvaluation produced_mip_start=0 mip_start_file=''
[DEBUG]:[19:07:54] Added evaluation to memory with objective: 16.29, ConfigId: 9161229332358586599, EvalId: 205. Total evaluations stored: 205
[INFO]:[19:07:54] recordEvaluation produced_mip_start=0 mip_start_file=''
[DEBUG]:[19:07:54] Added evaluation to memory with objective: 18.05, ConfigId: 17465012046398825382, EvalId: 206. Total evaluations stored: 206
[INFO]:[19:07:54] recordEvaluation produced_mip_start=0 mip_start_file=''
[DEBUG]:[19:07:54] Added evaluation to memory with objective: 17.85, ConfigId: 3551887477075813239, EvalId: 207. Total evaluations stored: 207
[INFO]:[19:07:54] recordEvaluation produced_mip_start=0 mip_start_file=''
[DEBUG]:[19:07:54] Added evaluation to memory with objective: 12.06, ConfigId: 4276705452957242185, EvalId: 208. Total evaluations stored: 208
[INFO]:[19:07:54] recordEvaluation produced_mip_start=0 mip_start_file=''
[DEBUG]:[19:07:54] Added evaluation to memory with objective: 4.61, ConfigId: 11840929689572221406, EvalId: 209. Total evaluations stored: 209
[INFO]:[19:07:54] recordEvaluation produced_mip_start=0 mip_start_file=''
[DEBUG]:[19:07:54] Added evaluation to memory with objective: 4.61, ConfigId: 12829871780173144413, EvalId: 210. Total evaluations stored: 210
[INFO]:[19:07:54] recordEvaluation produced_mip_start=0 mip_start_file=''
[DEBUG]:[19:07:54] Added evaluation to memory with objective: 4.61, ConfigId: 8972725270973199307, EvalId: 211. Total evaluations stored: 211
[INFO]:[19:07:54] recordEvaluation produced_mip_start=0 mip_start_file=''
[DEBUG]:[19:07:54] Added evaluation to memory with objective: 7.12, ConfigId: 9991484668443119920, EvalId: 212. Total evaluations stored: 212
[INFO]:[19:07:54] recordEvaluation produced_mip_start=0 mip_start_file=''
[DEBUG]:[19:07:54] Added evaluation to memory with objective: 7.12, ConfigId: 16206191012481130593, EvalId: 213. Total evaluations stored: 213
[INFO]:[19:07:54] recordEvaluation produced_mip_start=0 mip_start_file=''
[DEBUG]:[19:07:54] Added evaluation to memory with objective: 4.61, ConfigId: 12376229866794309685, EvalId: 214. Total evaluations stored: 214
[INFO]:[19:07:54] recordEvaluation produced_mip_start=0 mip_start_file=''
[DEBUG]:[19:07:54] Added evaluation to memory with objective: 4.61, ConfigId: 6024625131338424014, EvalId: 215. Total evaluations stored: 215
[INFO]:[19:07:54] recordEvaluation produced_mip_start=0 mip_start_file=''
[DEBUG]:[19:07:54] Added evaluation to memory with objective: 4.61, ConfigId: 13925793726481217770, EvalId: 216. Total evaluations stored: 216
[INFO]:[19:07:54] recordEvaluation produced_mip_start=0 mip_start_file=''
[DEBUG]:[19:07:54] Added evaluation to memory with objective: 4.61, ConfigId: 11022048871693104032, EvalId: 217. Total evaluations stored: 217
[INFO]:[19:07:54] recordEvaluation produced_mip_start=0 mip_start_file=''
[DEBUG]:[19:07:54] Added evaluation to memory with objective: 4.61, ConfigId: 328601352413690128, EvalId: 218. Total evaluations stored: 218
[INFO]:[19:07:54] recordEvaluation produced_mip_start=0 mip_start_file=''
[DEBUG]:[19:07:54] Added evaluation to memory with objective: 4.61, ConfigId: 14926864684164924975, EvalId: 219. Total evaluations stored: 219
[INFO]:[19:07:54] recordEvaluation produced_mip_start=0 mip_start_file=''
[DEBUG]:[19:07:54] Added evaluation to memory with objective: 4.61, ConfigId: 6436587711521734976, EvalId: 220. Total evaluations stored: 220
[INFO]:[19:07:54] recordEvaluation produced_mip_start=0 mip_start_file=''
[DEBUG]:[19:07:54] Added evaluation to memory with objective: 4.61, ConfigId: 6753161233128600614, EvalId: 221. Total evaluations stored: 221
[INFO]:[19:07:54] recordEvaluation produced_mip_start=0 mip_start_file=''
[DEBUG]:[19:07:54] Added evaluation to memory with objective: 5.86, ConfigId: 18401771037437276441, EvalId: 222. Total evaluations stored: 222
[INFO]:[19:07:54] recordEvaluation produced_mip_start=0 mip_start_file=''
[DEBUG]:[19:07:54] Added evaluation to memory with objective: 5.87, ConfigId: 15095185302682302989, EvalId: 223. Total evaluations stored: 223
[INFO]:[19:07:54] recordEvaluation produced_mip_start=0 mip_start_file=''
[DEBUG]:[19:07:54] Added evaluation to memory with objective: 4.61, ConfigId: 13312722943210284581, EvalId: 224. Total evaluations stored: 224
[INFO]:[19:07:54] recordEvaluation produced_mip_start=0 mip_start_file=''
[DEBUG]:[19:07:54] Added evaluation to memory with objective: 4.61, ConfigId: 10199356095417641631, EvalId: 225. Total evaluations stored: 225
[INFO]:[19:07:54] recordEvaluation produced_mip_start=0 mip_start_file=''
[DEBUG]:[19:07:54] Added evaluation to memory with objective: 4.61, ConfigId: 12248742524628930332, EvalId: 226. Total evaluations stored: 226
[INFO]:[19:07:54] recordEvaluation produced_mip_start=0 mip_start_file=''
[DEBUG]:[19:07:54] Added evaluation to memory with objective: 4.61, ConfigId: 16793128986937498642, EvalId: 227. Total evaluations stored: 227
[INFO]:[19:07:54] recordEvaluation produced_mip_start=0 mip_start_file=''
[DEBUG]:[19:07:54] Added evaluation to memory with objective: 4.93, ConfigId: 15285639595854268606, EvalId: 228. Total evaluations stored: 228
[INFO]:[19:07:54] recordEvaluation produced_mip_start=0 mip_start_file=''
[DEBUG]:[19:07:54] Added evaluation to memory with objective: 6.83, ConfigId: 2128953732157554358, EvalId: 229. Total evaluations stored: 229
[INFO]:[19:07:54] Waiting for Expansion Workers via MPI...
[INFO]:[19:07:54] Expansion Workers have completed.
[INFO]:[19:07:54] Evaluated expansion parameters: 10
[INFO]:[19:07:54] Classifying expansion parameters...
[DEBUG]:[19:07:54] Parameter CPXPARAM_Simplex_PGradient valid evaluations: 5, invalid evaluations: 0, c_p: 5.27, s_p: 1.61716, selected_stage_1: No, discarded_by_threshold: No
[DEBUG]:[19:07:54] Parameter CPXPARAM_Advance valid evaluations: 2, invalid evaluations: 0, c_p: 4.61, s_p: 0, selected_stage_1: No, discarded_by_threshold: No
[DEBUG]:[19:07:54] Parameter CPXPARAM_MIP_Limits_AggForCut valid evaluations: 5, invalid evaluations: 0, c_p: 4.61, s_p: 11.7032, selected_stage_1: No, discarded_by_threshold: No
[DEBUG]:[19:07:54] Parameter CPXPARAM_Preprocessing_Fill valid evaluations: 4, invalid evaluations: 0, c_p: 4.61, s_p: 2.04941, selected_stage_1: No, discarded_by_threshold: No
[DEBUG]:[19:07:54] Parameter CPXPARAM_Barrier_Crossover valid evaluations: 2, invalid evaluations: 0, c_p: 4.61, s_p: 0, selected_stage_1: No, discarded_by_threshold: No
[DEBUG]:[19:07:54] Parameter CPXPARAM_Barrier_Ordering valid evaluations: 3, invalid evaluations: 0, c_p: 4.61, s_p: 0, selected_stage_1: No, discarded_by_threshold: No
[DEBUG]:[19:07:54] Parameter CPXPARAM_Barrier_StartAlg valid evaluations: 3, invalid evaluations: 0, c_p: 4.61, s_p: 0, selected_stage_1: No, discarded_by_threshold: No
[DEBUG]:[19:07:54] Parameter CPXPARAM_Preprocessing_BoundStrength valid evaluations: 2, invalid evaluations: 0, c_p: 5.86, s_p: 1.77485, selected_stage_1: No, discarded_by_threshold: No
[DEBUG]:[19:07:54] Parameter CPXPARAM_Preprocessing_CoeffReduce valid evaluations: 4, invalid evaluations: 0, c_p: 4.61, s_p: 0, selected_stage_1: No, discarded_by_threshold: No
[DEBUG]:[19:07:54] Parameter CPXPARAM_Simplex_Crash valid evaluations: 2, invalid evaluations: 0, c_p: 4.93, s_p: 2.24294, selected_stage_1: No, discarded_by_threshold: No
[DEBUG]:[19:07:54] Parameter CPXPARAM_Simplex_PGradient is dominated by parameter CPXPARAM_MIP_Limits_AggForCut.
[DEBUG]:[19:07:54] Parameter CPXPARAM_Advance is dominated by parameter CPXPARAM_MIP_Limits_AggForCut.
[DEBUG]:[19:07:54] Parameter CPXPARAM_Preprocessing_Fill is dominated by parameter CPXPARAM_MIP_Limits_AggForCut.
[DEBUG]:[19:07:54] Parameter CPXPARAM_Barrier_Crossover is dominated by parameter CPXPARAM_MIP_Limits_AggForCut.
[DEBUG]:[19:07:54] Parameter CPXPARAM_Barrier_Ordering is dominated by parameter CPXPARAM_MIP_Limits_AggForCut.
[DEBUG]:[19:07:54] Parameter CPXPARAM_Barrier_StartAlg is dominated by parameter CPXPARAM_MIP_Limits_AggForCut.
[DEBUG]:[19:07:54] Parameter CPXPARAM_Preprocessing_BoundStrength is dominated by parameter CPXPARAM_MIP_Limits_AggForCut.
[DEBUG]:[19:07:54] Parameter CPXPARAM_Preprocessing_CoeffReduce is dominated by parameter CPXPARAM_MIP_Limits_AggForCut.
[DEBUG]:[19:07:54] Parameter CPXPARAM_Simplex_Crash is dominated by parameter CPXPARAM_MIP_Limits_AggForCut.
[DEBUG]:[19:07:54] Parameter CPXPARAM_Simplex_PGradient metrics - c_p: 5.27, s_p: 1.61716, selected_stage_1: No, discarded_by_threshold: No, dominated: Yes
[DEBUG]:[19:07:54] Parameter CPXPARAM_Advance metrics - c_p: 4.61, s_p: 0, selected_stage_1: No, discarded_by_threshold: No, dominated: Yes
[DEBUG]:[19:07:54] Parameter CPXPARAM_MIP_Limits_AggForCut metrics - c_p: 4.61, s_p: 11.7032, selected_stage_1: No, discarded_by_threshold: No, dominated: No
[DEBUG]:[19:07:54] Parameter CPXPARAM_Preprocessing_Fill metrics - c_p: 4.61, s_p: 2.04941, selected_stage_1: No, discarded_by_threshold: No, dominated: Yes
[DEBUG]:[19:07:54] Parameter CPXPARAM_Barrier_Crossover metrics - c_p: 4.61, s_p: 0, selected_stage_1: No, discarded_by_threshold: No, dominated: Yes
[DEBUG]:[19:07:54] Parameter CPXPARAM_Barrier_Ordering metrics - c_p: 4.61, s_p: 0, selected_stage_1: No, discarded_by_threshold: No, dominated: Yes
[DEBUG]:[19:07:54] Parameter CPXPARAM_Barrier_StartAlg metrics - c_p: 4.61, s_p: 0, selected_stage_1: No, discarded_by_threshold: No, dominated: Yes
[DEBUG]:[19:07:54] Parameter CPXPARAM_Preprocessing_BoundStrength metrics - c_p: 5.86, s_p: 1.77485, selected_stage_1: No, discarded_by_threshold: No, dominated: Yes
[DEBUG]:[19:07:54] Parameter CPXPARAM_Preprocessing_CoeffReduce metrics - c_p: 4.61, s_p: 0, selected_stage_1: No, discarded_by_threshold: No, dominated: Yes
[DEBUG]:[19:07:54] Parameter CPXPARAM_Simplex_Crash metrics - c_p: 4.93, s_p: 2.24294, selected_stage_1: No, discarded_by_threshold: No, dominated: Yes
[INFO]:[19:07:54] Updating parameter flags based on classification...
[INFO]:[19:07:54] Parameter CPXPARAM_Simplex_PGradient discarded from tuning.
[INFO]:[19:07:54] Parameter CPXPARAM_Advance discarded from tuning.
[INFO]:[19:07:54] Parameter CPXPARAM_MIP_Limits_AggForCut selected for tuning.
[INFO]:[19:07:54] Parameter CPXPARAM_Preprocessing_Fill discarded from tuning.
[INFO]:[19:07:54] Parameter CPXPARAM_Barrier_Crossover discarded from tuning.
[INFO]:[19:07:54] Parameter CPXPARAM_Barrier_Ordering discarded from tuning.
[INFO]:[19:07:54] Parameter CPXPARAM_Barrier_StartAlg discarded from tuning.
[INFO]:[19:07:54] Parameter CPXPARAM_Preprocessing_BoundStrength discarded from tuning.
[INFO]:[19:07:54] Parameter CPXPARAM_Preprocessing_CoeffReduce discarded from tuning.
[INFO]:[19:07:54] Parameter CPXPARAM_Simplex_Crash discarded from tuning.
[DEBUG]:[19:07:54] Classified parameters at iteration 5 - To Select: 1, To Discard: 9
[DEBUG]:[19:07:54] Parameter: CPXPARAM_Simplex_PGradient, To Select: No, To Discard: Yes
[DEBUG]:[19:07:54] Parameter: CPXPARAM_Advance, To Select: No, To Discard: Yes
[DEBUG]:[19:07:54] Parameter: CPXPARAM_MIP_Limits_AggForCut, To Select: Yes, To Discard: No
[DEBUG]:[19:07:54] Parameter: CPXPARAM_Preprocessing_Fill, To Select: No, To Discard: Yes
[DEBUG]:[19:07:54] Parameter: CPXPARAM_Barrier_Crossover, To Select: No, To Discard: Yes
[DEBUG]:[19:07:54] Parameter: CPXPARAM_Barrier_Ordering, To Select: No, To Discard: Yes
[DEBUG]:[19:07:54] Parameter: CPXPARAM_Barrier_StartAlg, To Select: No, To Discard: Yes
[DEBUG]:[19:07:54] Parameter: CPXPARAM_Preprocessing_BoundStrength, To Select: No, To Discard: Yes
[DEBUG]:[19:07:54] Parameter: CPXPARAM_Preprocessing_CoeffReduce, To Select: No, To Discard: Yes
[DEBUG]:[19:07:54] Parameter: CPXPARAM_Simplex_Crash, To Select: No, To Discard: Yes
[INFO]:[19:07:54] Added 32 evaluations to memory from expansion phase at iteration 5
[INFO]:[19:07:54] Expansion phase completed.
[INFO]:[19:07:54] Starting pruning phase...
[INFO]:[19:07:54] Writing learner file for pruning phase: /scratch/yorig/mpils-results-grid-ticks-10000-7may/medium-1/16proc-16pils/seed-8/9_neos-3024952-loue_seed-8_20260510_190554/pruning/input/learner_file_5.txt
[INFO]:[19:07:54] Learner file written successfully: /scratch/yorig/mpils-results-grid-ticks-10000-7may/medium-1/16proc-16pils/seed-8/9_neos-3024952-loue_seed-8_20260510_190554/pruning/input/learner_file_5.txt
[INFO]:[19:07:54] Extracting forbidden tuples from memory...
[INFO]:[19:07:54] Redirecting learner stdout/stderr to: /scratch/yorig/mpils-results-grid-ticks-10000-7may/medium-1/16proc-16pils/seed-8/9_neos-3024952-loue_seed-8_20260510_190554/pruning/learner_iteration_5.log
[INFO]:[19:07:55] Forbidden tuples extracted: 70
[INFO]:[19:07:55] Applying pruning with 70 forbidden tuples...
[DEBUG]:[19:07:55] Adding forbidden value from single-element tuple: CPXPARAM_Emphasis_MIP=4
[DEBUG]:[19:07:55] Adding forbidden value from single-element tuple: CPXPARAM_Emphasis_MIP=5
[DEBUG]:[19:07:55] Adding forbidden value from single-element tuple: CPXPARAM_MIP_Cuts_Cliques=0
[DEBUG]:[19:07:55] Adding forbidden value from single-element tuple: CPXPARAM_MIP_Cuts_MIRCut=1
[DEBUG]:[19:07:55] Adding forbidden value from single-element tuple: CPXPARAM_MIP_Cuts_MIRCut=2
[DEBUG]:[19:07:55] Adding forbidden value from single-element tuple: CPXPARAM_MIP_Limits_AggForCut=5
[DEBUG]:[19:07:55] Adding forbidden value from single-element tuple: CPXPARAM_MIP_Limits_AggForCut=10
[DEBUG]:[19:07:55] Adding forbidden value from single-element tuple: CPXPARAM_MIP_Limits_CutsFactor=1
[DEBUG]:[19:07:55] Adding forbidden value from single-element tuple: CPXPARAM_MIP_Limits_CutsFactor=2
[DEBUG]:[19:07:55] Adding forbidden value from single-element tuple: CPXPARAM_MIP_Limits_GomoryCand=150
[DEBUG]:[19:07:55] Adding forbidden value from single-element tuple: CPXPARAM_MIP_Strategy_Branch=1
[DEBUG]:[19:07:55] Adding forbidden value from single-element tuple: CPXPARAM_MIP_Strategy_Dive=2
[DEBUG]:[19:07:55] Adding forbidden value from single-element tuple: CPXPARAM_MIP_Strategy_Dive=3
[DEBUG]:[19:07:55] Adding forbidden value from single-element tuple: CPXPARAM_MIP_Strategy_HeuristicFreq=20
[DEBUG]:[19:07:55] Adding forbidden value from single-element tuple: CPXPARAM_MIP_Strategy_NodeSelect=2
[DEBUG]:[19:07:55] Adding forbidden value from single-element tuple: CPXPARAM_MIP_Strategy_Order=1
[DEBUG]:[19:07:55] Adding forbidden value from single-element tuple: CPXPARAM_MIP_Strategy_PresolveNode=1
[DEBUG]:[19:07:55] Adding forbidden value from single-element tuple: CPXPARAM_MIP_Strategy_Probe=0
[DEBUG]:[19:07:55] Adding forbidden value from single-element tuple: CPXPARAM_MIP_Strategy_RINSHeur=40
[DEBUG]:[19:07:55] Adding forbidden value from single-element tuple: CPXPARAM_MIP_Strategy_RINSHeur=60
[DEBUG]:[19:07:55] Adding forbidden value from single-element tuple: CPXPARAM_MIP_Strategy_StartAlgorithm=6
[DEBUG]:[19:07:55] Adding forbidden value from single-element tuple: CPXPARAM_MIP_Strategy_SubAlgorithm=2
[DEBUG]:[19:07:55] Adding forbidden value from single-element tuple: CPXPARAM_MIP_Strategy_SubAlgorithm=4
[DEBUG]:[19:07:55] Adding forbidden value from single-element tuple: CPXPARAM_MIP_Strategy_SubAlgorithm=5
[DEBUG]:[19:07:55] Adding forbidden value from single-element tuple: CPXPARAM_MIP_Strategy_VariableSelect=0
[DEBUG]:[19:07:55] Adding forbidden value from single-element tuple: CPXPARAM_MIP_Strategy_VariableSelect=1
[DEBUG]:[19:07:55] Adding forbidden value from single-element tuple: CPXPARAM_Preprocessing_BoundStrength=0
[DEBUG]:[19:07:55] Adding forbidden value from single-element tuple: CPXPARAM_Preprocessing_BoundStrength=1
[DEBUG]:[19:07:55] Adding forbidden value from single-element tuple: CPXPARAM_Preprocessing_CoeffReduce=0
[DEBUG]:[19:07:55] Adding forbidden value from single-element tuple: CPXPARAM_Preprocessing_Fill=5
[DEBUG]:[19:07:55] Adding forbidden value from single-element tuple: CPXPARAM_Preprocessing_Fill=40
[DEBUG]:[19:07:55] Adding forbidden value from single-element tuple: CPXPARAM_Preprocessing_Presolve=1
[DEBUG]:[19:07:55] Adding forbidden value from single-element tuple: CPXPARAM_Preprocessing_Symmetry=0
[DEBUG]:[19:07:55] Adding forbidden value from single-element tuple: CPXPARAM_Simplex_Crash=1
[DEBUG]:[19:07:55] Adding forbidden value from single-element tuple: CPXPARAM_Simplex_DGradient=2
[DEBUG]:[19:07:55] Adding forbidden value from single-element tuple: CPXPARAM_Simplex_DGradient=3
[DEBUG]:[19:07:55] Adding forbidden value from single-element tuple: CPXPARAM_Simplex_DGradient=4
[DEBUG]:[19:07:55] Adding forbidden value from single-element tuple: CPXPARAM_Simplex_PGradient=2
[DEBUG]:[19:07:55] Adding forbidden value from single-element tuple: CPXPARAM_Simplex_PGradient=3
[DEBUG]:[19:07:55] Adding forbidden value from single-element tuple: CPXPARAM_Simplex_PGradient=4
[DEBUG]:[19:07:55] Adding forbidden tuple of size 2: 
[DEBUG]:[19:07:55]   CPXPARAM_Advance=1
[DEBUG]:[19:07:55]   CPXPARAM_Barrier_Crossover=1
[DEBUG]:[19:07:55] Adding forbidden tuple of size 2: 
[DEBUG]:[19:07:55]   CPXPARAM_Advance=1
[DEBUG]:[19:07:55]   CPXPARAM_Barrier_Crossover=2
[DEBUG]:[19:07:55] Adding forbidden tuple of size 2: 
[DEBUG]:[19:07:55]   CPXPARAM_Advance=1
[DEBUG]:[19:07:55]   CPXPARAM_Barrier_Ordering=1
[DEBUG]:[19:07:55] Adding forbidden tuple of size 2: 
[DEBUG]:[19:07:55]   CPXPARAM_Advance=1
[DEBUG]:[19:07:55]   CPXPARAM_Barrier_Ordering=2
[DEBUG]:[19:07:55] Adding forbidden tuple of size 2: 
[DEBUG]:[19:07:55]   CPXPARAM_Advance=1
[DEBUG]:[19:07:55]   CPXPARAM_Barrier_Ordering=3
[DEBUG]:[19:07:55] Adding forbidden tuple of size 2: 
[DEBUG]:[19:07:55]   CPXPARAM_Advance=1
[DEBUG]:[19:07:55]   CPXPARAM_Barrier_StartAlg=2
[DEBUG]:[19:07:55] Adding forbidden tuple of size 2: 
[DEBUG]:[19:07:55]   CPXPARAM_Advance=1
[DEBUG]:[19:07:55]   CPXPARAM_Barrier_StartAlg=3
[DEBUG]:[19:07:55] Adding forbidden tuple of size 2: 
[DEBUG]:[19:07:55]   CPXPARAM_Advance=1
[DEBUG]:[19:07:55]   CPXPARAM_Barrier_StartAlg=4
[DEBUG]:[19:07:55] Adding forbidden tuple of size 2: 
[DEBUG]:[19:07:55]   CPXPARAM_Advance=1
[DEBUG]:[19:07:55]   CPXPARAM_Emphasis_MIP=1
[DEBUG]:[19:07:55] Adding forbidden tuple of size 2: 
[DEBUG]:[19:07:55]   CPXPARAM_Advance=1
[DEBUG]:[19:07:55]   CPXPARAM_Emphasis_MIP=2
[DEBUG]:[19:07:55] Adding forbidden tuple of size 2: 
[DEBUG]:[19:07:55]   CPXPARAM_Advance=1
[DEBUG]:[19:07:55]   CPXPARAM_Emphasis_MIP=3
[DEBUG]:[19:07:55] Adding forbidden tuple of size 2: 
[DEBUG]:[19:07:55]   CPXPARAM_Advance=1
[DEBUG]:[19:07:55]   CPXPARAM_Emphasis_MIP=4
[DEBUG]:[19:07:55] Adding forbidden tuple of size 2: 
[DEBUG]:[19:07:55]   CPXPARAM_Advance=1
[DEBUG]:[19:07:55]   CPXPARAM_Emphasis_MIP=5
[DEBUG]:[19:07:55] Adding forbidden tuple of size 2: 
[DEBUG]:[19:07:55]   CPXPARAM_Advance=1
[DEBUG]:[19:07:55]   CPXPARAM_MIP_Cuts_Cliques=0
[DEBUG]:[19:07:55] Adding forbidden tuple of size 2: 
[DEBUG]:[19:07:55]   CPXPARAM_Advance=1
[DEBUG]:[19:07:55]   CPXPARAM_MIP_Cuts_Cliques=1
[DEBUG]:[19:07:55] Adding forbidden tuple of size 2: 
[DEBUG]:[19:07:55]   CPXPARAM_Advance=1
[DEBUG]:[19:07:55]   CPXPARAM_MIP_Cuts_Cliques=2
[DEBUG]:[19:07:55] Adding forbidden tuple of size 2: 
[DEBUG]:[19:07:55]   CPXPARAM_Advance=1
[DEBUG]:[19:07:55]   CPXPARAM_MIP_Cuts_Cliques=3
[DEBUG]:[19:07:55] Adding forbidden tuple of size 2: 
[DEBUG]:[19:07:55]   CPXPARAM_Advance=1
[DEBUG]:[19:07:55]   CPXPARAM_MIP_Cuts_Covers=0
[DEBUG]:[19:07:55] Adding forbidden tuple of size 2: 
[DEBUG]:[19:07:55]   CPXPARAM_Advance=1
[DEBUG]:[19:07:55]   CPXPARAM_MIP_Cuts_Covers=1
[DEBUG]:[19:07:55] Adding forbidden tuple of size 2: 
[DEBUG]:[19:07:55]   CPXPARAM_Advance=1
[DEBUG]:[19:07:55]   CPXPARAM_MIP_Cuts_Covers=2
[DEBUG]:[19:07:55] Adding forbidden tuple of size 2: 
[DEBUG]:[19:07:55]   CPXPARAM_Advance=1
[DEBUG]:[19:07:55]   CPXPARAM_MIP_Cuts_Covers=3
[DEBUG]:[19:07:55] Adding forbidden tuple of size 2: 
[DEBUG]:[19:07:55]   CPXPARAM_Advance=1
[DEBUG]:[19:07:55]   CPXPARAM_MIP_Cuts_Disjunctive=0
[DEBUG]:[19:07:55] Adding forbidden tuple of size 2: 
[DEBUG]:[19:07:55]   CPXPARAM_Advance=1
[DEBUG]:[19:07:55]   CPXPARAM_MIP_Cuts_Disjunctive=1
[DEBUG]:[19:07:55] Adding forbidden tuple of size 2: 
[DEBUG]:[19:07:55]   CPXPARAM_Advance=1
[DEBUG]:[19:07:55]   CPXPARAM_MIP_Cuts_FlowCovers=0
[DEBUG]:[19:07:55] Adding forbidden tuple of size 2: 
[DEBUG]:[19:07:55]   CPXPARAM_Advance=1
[DEBUG]:[19:07:55]   CPXPARAM_MIP_Cuts_FlowCovers=1
[DEBUG]:[19:07:55] Adding forbidden tuple of size 2: 
[DEBUG]:[19:07:55]   CPXPARAM_Advance=1
[DEBUG]:[19:07:55]   CPXPARAM_MIP_Cuts_FlowCovers=2
[DEBUG]:[19:07:55] Adding forbidden tuple of size 2: 
[DEBUG]:[19:07:55]   CPXPARAM_Advance=1
[DEBUG]:[19:07:55]   CPXPARAM_MIP_Cuts_GUBCovers=0
[DEBUG]:[19:07:55] Adding forbidden tuple of size 2: 
[DEBUG]:[19:07:55]   CPXPARAM_Advance=1
[DEBUG]:[19:07:55]   CPXPARAM_MIP_Cuts_GUBCovers=1
[DEBUG]:[19:07:55] Adding forbidden tuple of size 2: 
[DEBUG]:[19:07:55]   CPXPARAM_Advance=1
[DEBUG]:[19:07:55]   CPXPARAM_MIP_Cuts_GUBCovers=2
[DEBUG]:[19:07:55] Adding forbidden tuple of size 2: 
[DEBUG]:[19:07:55]   CPXPARAM_Advance=1
[DEBUG]:[19:07:55]   CPXPARAM_MIP_Cuts_Gomory=0
[INFO]:[19:07:55] Pruning applied successfully.
[INFO]:[19:07:55] Pruning phase completed.
[INFO]:[19:07:55] Completed iteration 5
[INFO]:[19:07:55] Starting iteration 6
[INFO]:[19:07:55] Starting exploration phase...
[INFO]:[19:07:55] Selecting number of evaluations for tuning phase...
[INFO]:[19:07:55] Selecting initial configurations for tuning phase...
[INFO]:[19:07:55] Using worker 0 best exploration configuration without MIP start as master ILS initial configuration.
[INFO]:[19:07:55] Worker 1 global-best exploration initial configuration matches master; using a random diversified initial configuration.
[INFO]:[19:07:55] Number of evaluations for this tuning phase: 9
[INFO]:[19:07:55] ILS shared cache is disabled for this exploration phase.
[INFO]:[19:07:55] Local search backend for this exploration phase: iterated_local_search
[INFO]:[19:07:55] Running IteratedLocalSearch Engine...
[INFO]:[19:07:55] Mip start is disabled for this iteration.
[INFO]:[19:07:55] Writing ILS search space file for worker 0...
[INFO]:[19:07:55] Warning: Initial value for parameter CPXPARAM_Emphasis_MIP is forbidden. So unforbidden it for the ILS initial configuration at iteration 6.
[INFO]:[19:07:55] Warning: Initial value for parameter CPXPARAM_MIP_Cuts_Disjunctive is forbidden. So unforbidden it for the ILS initial configuration at iteration 6.
[INFO]:[19:07:55] Warning: Initial value for parameter CPXPARAM_MIP_Cuts_FlowCovers is forbidden. So unforbidden it for the ILS initial configuration at iteration 6.
[INFO]:[19:07:55] Warning: Initial value for parameter CPXPARAM_MIP_Cuts_Gomory is forbidden. So unforbidden it for the ILS initial configuration at iteration 6.
[INFO]:[19:07:55] Warning: Initial value for parameter CPXPARAM_MIP_Strategy_VariableSelect is forbidden. So unforbidden it for the ILS initial configuration at iteration 6.
[INFO]:[19:07:55] Warning: Initial value for parameter CPXPARAM_Preprocessing_Dual is forbidden. So unforbidden it for the ILS initial configuration at iteration 6.
[INFO]:[19:07:55] Warning: Initial configuration contains a forbidden tuple. So unforbidden it for ILS at iteration 6.
[INFO]:[19:07:55] Warning: Initial configuration contains a forbidden tuple. So unforbidden it for ILS at iteration 6.
[INFO]:[19:07:55] Warning: Initial configuration contains a forbidden tuple. So unforbidden it for ILS at iteration 6.
[INFO]:[19:07:55] Warning: Initial configuration contains a forbidden tuple. So unforbidden it for ILS at iteration 6.
[INFO]:[19:07:55] Warning: Initial configuration contains a forbidden tuple. So unforbidden it for ILS at iteration 6.
[INFO]:[19:07:55] ILS search space file written: /scratch/yorig/mpils-results-grid-ticks-10000-7may/medium-1/16proc-16pils/seed-8/9_neos-3024952-loue_seed-8_20260510_190554/iterated_local_search/search_space/search_space_file_6.txt
[INFO]:[19:07:55] Writing ILS search space file for worker 1...
[INFO]:[19:07:55] Warning: Initial value for parameter CPXPARAM_MIP_Cuts_Cliques is forbidden. So unforbidden it for the ILS initial configuration at iteration 6.
[INFO]:[19:07:55] Warning: Initial value for parameter CPXPARAM_MIP_Cuts_MIRCut is forbidden. So unforbidden it for the ILS initial configuration at iteration 6.
[INFO]:[19:07:55] Warning: Initial value for parameter CPXPARAM_MIP_Cuts_Gomory is forbidden. So unforbidden it for the ILS initial configuration at iteration 6.
[INFO]:[19:07:55] Warning: Initial value for parameter CPXPARAM_MIP_Limits_GomoryCand is forbidden. So unforbidden it for the ILS initial configuration at iteration 6.
[INFO]:[19:07:55] Warning: Initial value for parameter CPXPARAM_MIP_Strategy_SubAlgorithm is forbidden. So unforbidden it for the ILS initial configuration at iteration 6.
[INFO]:[19:07:55] Warning: Initial value for parameter CPXPARAM_MIP_Limits_AggForCut is forbidden. So unforbidden it for the ILS initial configuration at iteration 6.
[INFO]:[19:07:55] Warning: Initial configuration contains a forbidden tuple. So unforbidden it for ILS at iteration 6.
[INFO]:[19:07:55] Warning: Initial configuration contains a forbidden tuple. So unforbidden it for ILS at iteration 6.
[INFO]:[19:07:55] Warning: Initial configuration contains a forbidden tuple. So unforbidden it for ILS at iteration 6.
[INFO]:[19:07:55] ILS search space file written: /scratch/yorig/mpils-results-grid-ticks-10000-7may/medium-1/16proc-16pils/seed-8/9_neos-3024952-loue_seed-8_20260510_190554/iterated_local_search/search_space/search_space_file_6_worker_1.txt
[INFO]:[19:07:55] Writing ILS search space file for worker 2...
[INFO]:[19:07:55] Warning: Initial value for parameter CPXPARAM_MIP_Cuts_Disjunctive is forbidden. So unforbidden it for the ILS initial configuration at iteration 6.
[INFO]:[19:07:55] Warning: Initial value for parameter CPXPARAM_MIP_Strategy_VariableSelect is forbidden. So unforbidden it for the ILS initial configuration at iteration 6.
[INFO]:[19:07:55] Warning: Initial value for parameter CPXPARAM_Preprocessing_Dual is forbidden. So unforbidden it for the ILS initial configuration at iteration 6.
[INFO]:[19:07:55] Warning: Initial value for parameter CPXPARAM_MIP_Strategy_HeuristicFreq is forbidden. So unforbidden it for the ILS initial configuration at iteration 6.
[INFO]:[19:07:55] Warning: Initial value for parameter CPXPARAM_MIP_Strategy_SubAlgorithm is forbidden. So unforbidden it for the ILS initial configuration at iteration 6.
[INFO]:[19:07:55] Warning: Initial value for parameter CPXPARAM_Simplex_DGradient is forbidden. So unforbidden it for the ILS initial configuration at iteration 6.
[INFO]:[19:07:55] Warning: Initial configuration contains a forbidden tuple. So unforbidden it for ILS at iteration 6.
[INFO]:[19:07:55] Warning: Initial configuration contains a forbidden tuple. So unforbidden it for ILS at iteration 6.
[INFO]:[19:07:55] Warning: Initial configuration contains a forbidden tuple. So unforbidden it for ILS at iteration 6.
[INFO]:[19:07:55] Warning: Initial configuration contains a forbidden tuple. So unforbidden it for ILS at iteration 6.
[INFO]:[19:07:55] Warning: Initial configuration contains a forbidden tuple. So unforbidden it for ILS at iteration 6.
[INFO]:[19:07:55] Warning: Initial configuration contains a forbidden tuple. So unforbidden it for ILS at iteration 6.
[INFO]:[19:07:55] Warning: Initial configuration contains a forbidden tuple. So unforbidden it for ILS at iteration 6.
[INFO]:[19:07:55] Warning: Initial configuration contains a forbidden tuple. So unforbidden it for ILS at iteration 6.
[INFO]:[19:07:55] Warning: Initial configuration contains a forbidden tuple. So unforbidden it for ILS at iteration 6.
[INFO]:[19:07:55] Warning: Initial configuration contains a forbidden tuple. So unforbidden it for ILS at iteration 6.
[INFO]:[19:07:55] Warning: Initial configuration contains a forbidden tuple. So unforbidden it for ILS at iteration 6.
[INFO]:[19:07:55] Warning: Initial configuration contains a forbidden tuple. So unforbidden it for ILS at iteration 6.
[INFO]:[19:07:55] Warning: Initial configuration contains a forbidden tuple. So unforbidden it for ILS at iteration 6.
[INFO]:[19:07:55] Warning: Initial configuration contains a forbidden tuple. So unforbidden it for ILS at iteration 6.
[INFO]:[19:07:55] Warning: Initial configuration contains a forbidden tuple. So unforbidden it for ILS at iteration 6.
[INFO]:[19:07:55] Warning: Initial configuration contains a forbidden tuple. So unforbidden it for ILS at iteration 6.
[INFO]:[19:07:55] Warning: Initial configuration contains a forbidden tuple. So unforbidden it for ILS at iteration 6.
[INFO]:[19:07:55] Warning: Initial configuration contains a forbidden tuple. So unforbidden it for ILS at iteration 6.
[INFO]:[19:07:55] Warning: Initial configuration contains a forbidden tuple. So unforbidden it for ILS at iteration 6.
[INFO]:[19:07:55] Warning: Initial configuration contains a forbidden tuple. So unforbidden it for ILS at iteration 6.
[INFO]:[19:07:55] Warning: Initial configuration contains a forbidden tuple. So unforbidden it for ILS at iteration 6.
[INFO]:[19:07:55] Warning: Initial configuration contains a forbidden tuple. So unforbidden it for ILS at iteration 6.
[INFO]:[19:07:55] Warning: Initial configuration contains a forbidden tuple. So unforbidden it for ILS at iteration 6.
[INFO]:[19:07:55] ILS search space file written: /scratch/yorig/mpils-results-grid-ticks-10000-7may/medium-1/16proc-16pils/seed-8/9_neos-3024952-loue_seed-8_20260510_190554/iterated_local_search/search_space/search_space_file_6_worker_2.txt
[INFO]:[19:07:55] Writing ILS search space file for worker 3...
[INFO]:[19:07:55] Warning: Initial value for parameter CPXPARAM_Emphasis_MIP is forbidden. So unforbidden it for the ILS initial configuration at iteration 6.
[INFO]:[19:07:55] Warning: Initial value for parameter CPXPARAM_MIP_Cuts_Disjunctive is forbidden. So unforbidden it for the ILS initial configuration at iteration 6.
[INFO]:[19:07:55] Warning: Initial value for parameter CPXPARAM_MIP_Cuts_FlowCovers is forbidden. So unforbidden it for the ILS initial configuration at iteration 6.
[INFO]:[19:07:55] Warning: Initial value for parameter CPXPARAM_MIP_Cuts_GUBCovers is forbidden. So unforbidden it for the ILS initial configuration at iteration 6.
[INFO]:[19:07:55] Warning: Initial value for parameter CPXPARAM_MIP_Strategy_VariableSelect is forbidden. So unforbidden it for the ILS initial configuration at iteration 6.
[INFO]:[19:07:55] Warning: Initial value for parameter CPXPARAM_MIP_Limits_CutsFactor is forbidden. So unforbidden it for the ILS initial configuration at iteration 6.
[INFO]:[19:07:55] Warning: Initial value for parameter CPXPARAM_MIP_Strategy_SubAlgorithm is forbidden. So unforbidden it for the ILS initial configuration at iteration 6.
[INFO]:[19:07:55] Warning: Initial value for parameter CPXPARAM_Simplex_DGradient is forbidden. So unforbidden it for the ILS initial configuration at iteration 6.
[INFO]:[19:07:55] Warning: Initial configuration contains a forbidden tuple. So unforbidden it for ILS at iteration 6.
[INFO]:[19:07:55] Warning: Initial configuration contains a forbidden tuple. So unforbidden it for ILS at iteration 6.
[INFO]:[19:07:55] Warning: Initial configuration contains a forbidden tuple. So unforbidden it for ILS at iteration 6.
[INFO]:[19:07:55] Warning: Initial configuration contains a forbidden tuple. So unforbidden it for ILS at iteration 6.
[INFO]:[19:07:55] Warning: Initial configuration contains a forbidden tuple. So unforbidden it for ILS at iteration 6.
[INFO]:[19:07:55] ILS search space file written: /scratch/yorig/mpils-results-grid-ticks-10000-7may/medium-1/16proc-16pils/seed-8/9_neos-3024952-loue_seed-8_20260510_190554/iterated_local_search/search_space/search_space_file_6_worker_3.txt
[INFO]:[19:07:55] Writing ILS search space file for worker 4...
[INFO]:[19:07:55] Warning: Initial value for parameter CPXPARAM_Emphasis_MIP is forbidden. So unforbidden it for the ILS initial configuration at iteration 6.
[INFO]:[19:07:55] Warning: Initial value for parameter CPXPARAM_MIP_Cuts_Gomory is forbidden. So unforbidden it for the ILS initial configuration at iteration 6.
[INFO]:[19:07:55] Warning: Initial value for parameter CPXPARAM_MIP_Limits_GomoryCand is forbidden. So unforbidden it for the ILS initial configuration at iteration 6.
[INFO]:[19:07:55] Warning: Initial value for parameter CPXPARAM_MIP_Cuts_Covers is forbidden. So unforbidden it for the ILS initial configuration at iteration 6.
[INFO]:[19:07:55] Warning: Initial value for parameter CPXPARAM_MIP_Strategy_VariableSelect is forbidden. So unforbidden it for the ILS initial configuration at iteration 6.
[INFO]:[19:07:55] Warning: Initial value for parameter CPXPARAM_MIP_Strategy_HeuristicFreq is forbidden. So unforbidden it for the ILS initial configuration at iteration 6.
[INFO]:[19:07:55] Warning: Initial value for parameter CPXPARAM_MIP_Limits_AggForCut is forbidden. So unforbidden it for the ILS initial configuration at iteration 6.
[INFO]:[19:07:55] Warning: Initial configuration contains a forbidden tuple. So unforbidden it for ILS at iteration 6.
[INFO]:[19:07:55] Warning: Initial configuration contains a forbidden tuple. So unforbidden it for ILS at iteration 6.
[INFO]:[19:07:55] Warning: Initial configuration contains a forbidden tuple. So unforbidden it for ILS at iteration 6.
[INFO]:[19:07:55] Warning: Initial configuration contains a forbidden tuple. So unforbidden it for ILS at iteration 6.
[INFO]:[19:07:55] ILS search space file written: /scratch/yorig/mpils-results-grid-ticks-10000-7may/medium-1/16proc-16pils/seed-8/9_neos-3024952-loue_seed-8_20260510_190554/iterated_local_search/search_space/search_space_file_6_worker_4.txt
[INFO]:[19:07:55] Writing ILS search space file for worker 5...
[INFO]:[19:07:55] Warning: Initial value for parameter CPXPARAM_MIP_Cuts_MIRCut is forbidden. So unforbidden it for the ILS initial configuration at iteration 6.
[INFO]:[19:07:55] Warning: Initial value for parameter CPXPARAM_MIP_Cuts_Disjunctive is forbidden. So unforbidden it for the ILS initial configuration at iteration 6.
[INFO]:[19:07:55] Warning: Initial value for parameter CPXPARAM_MIP_Strategy_VariableSelect is forbidden. So unforbidden it for the ILS initial configuration at iteration 6.
[INFO]:[19:07:55] Warning: Initial value for parameter CPXPARAM_MIP_Strategy_HeuristicFreq is forbidden. So unforbidden it for the ILS initial configuration at iteration 6.
[INFO]:[19:07:55] Warning: Initial value for parameter CPXPARAM_MIP_Strategy_SubAlgorithm is forbidden. So unforbidden it for the ILS initial configuration at iteration 6.
[INFO]:[19:07:55] Warning: Initial configuration contains a forbidden tuple. So unforbidden it for ILS at iteration 6.
[INFO]:[19:07:55] Warning: Initial configuration contains a forbidden tuple. So unforbidden it for ILS at iteration 6.
[INFO]:[19:07:55] Warning: Initial configuration contains a forbidden tuple. So unforbidden it for ILS at iteration 6.
[INFO]:[19:07:55] Warning: Initial configuration contains a forbidden tuple. So unforbidden it for ILS at iteration 6.
[INFO]:[19:07:55] Warning: Initial configuration contains a forbidden tuple. So unforbidden it for ILS at iteration 6.
[INFO]:[19:07:55] Warning: Initial configuration contains a forbidden tuple. So unforbidden it for ILS at iteration 6.
[INFO]:[19:07:55] Warning: Initial configuration contains a forbidden tuple. So unforbidden it for ILS at iteration 6.
[INFO]:[19:07:55] Warning: Initial configuration contains a forbidden tuple. So unforbidden it for ILS at iteration 6.
[INFO]:[19:07:55] Warning: Initial configuration contains a forbidden tuple. So unforbidden it for ILS at iteration 6.
[INFO]:[19:07:55] Warning: Initial configuration contains a forbidden tuple. So unforbidden it for ILS at iteration 6.
[INFO]:[19:07:55] ILS search space file written: /scratch/yorig/mpils-results-grid-ticks-10000-7may/medium-1/16proc-16pils/seed-8/9_neos-3024952-loue_seed-8_20260510_190554/iterated_local_search/search_space/search_space_file_6_worker_5.txt
[INFO]:[19:07:55] Writing ILS search space file for worker 6...
[INFO]:[19:07:55] Warning: Initial value for parameter CPXPARAM_MIP_Cuts_GUBCovers is forbidden. So unforbidden it for the ILS initial configuration at iteration 6.
[INFO]:[19:07:55] Warning: Initial value for parameter CPXPARAM_MIP_Cuts_Covers is forbidden. So unforbidden it for the ILS initial configuration at iteration 6.
[INFO]:[19:07:55] Warning: Initial value for parameter CPXPARAM_Simplex_DGradient is forbidden. So unforbidden it for the ILS initial configuration at iteration 6.
[INFO]:[19:07:55] Warning: Initial value for parameter CPXPARAM_MIP_Limits_AggForCut is forbidden. So unforbidden it for the ILS initial configuration at iteration 6.
[INFO]:[19:07:55] Warning: Initial configuration contains a forbidden tuple. So unforbidden it for ILS at iteration 6.
[INFO]:[19:07:55] Warning: Initial configuration contains a forbidden tuple. So unforbidden it for ILS at iteration 6.
[INFO]:[19:07:55] Warning: Initial configuration contains a forbidden tuple. So unforbidden it for ILS at iteration 6.
[INFO]:[19:07:55] Warning: Initial configuration contains a forbidden tuple. So unforbidden it for ILS at iteration 6.
[INFO]:[19:07:55] Warning: Initial configuration contains a forbidden tuple. So unforbidden it for ILS at iteration 6.
[INFO]:[19:07:55] ILS search space file written: /scratch/yorig/mpils-results-grid-ticks-10000-7may/medium-1/16proc-16pils/seed-8/9_neos-3024952-loue_seed-8_20260510_190554/iterated_local_search/search_space/search_space_file_6_worker_6.txt
[INFO]:[19:07:55] Writing ILS search space file for worker 7...
[INFO]:[19:07:55] Warning: Initial value for parameter CPXPARAM_Emphasis_MIP is forbidden. So unforbidden it for the ILS initial configuration at iteration 6.
[INFO]:[19:07:55] Warning: Initial value for parameter CPXPARAM_MIP_Cuts_MIRCut is forbidden. So unforbidden it for the ILS initial configuration at iteration 6.
[INFO]:[19:07:55] Warning: Initial value for parameter CPXPARAM_MIP_Cuts_Gomory is forbidden. So unforbidden it for the ILS initial configuration at iteration 6.
[INFO]:[19:07:55] Warning: Initial value for parameter CPXPARAM_MIP_Strategy_VariableSelect is forbidden. So unforbidden it for the ILS initial configuration at iteration 6.
[INFO]:[19:07:55] Warning: Initial value for parameter CPXPARAM_MIP_Limits_CutsFactor is forbidden. So unforbidden it for the ILS initial configuration at iteration 6.
[INFO]:[19:07:55] Warning: Initial value for parameter CPXPARAM_MIP_Strategy_SubAlgorithm is forbidden. So unforbidden it for the ILS initial configuration at iteration 6.
[INFO]:[19:07:55] Warning: Initial value for parameter CPXPARAM_MIP_Limits_AggForCut is forbidden. So unforbidden it for the ILS initial configuration at iteration 6.
[INFO]:[19:07:55] Warning: Initial configuration contains a forbidden tuple. So unforbidden it for ILS at iteration 6.
[INFO]:[19:07:55] Warning: Initial configuration contains a forbidden tuple. So unforbidden it for ILS at iteration 6.
[INFO]:[19:07:55] Warning: Initial configuration contains a forbidden tuple. So unforbidden it for ILS at iteration 6.
[INFO]:[19:07:55] Warning: Initial configuration contains a forbidden tuple. So unforbidden it for ILS at iteration 6.
[INFO]:[19:07:55] ILS search space file written: /scratch/yorig/mpils-results-grid-ticks-10000-7may/medium-1/16proc-16pils/seed-8/9_neos-3024952-loue_seed-8_20260510_190554/iterated_local_search/search_space/search_space_file_6_worker_7.txt
[INFO]:[19:07:55] Writing ILS search space file for worker 8...
[INFO]:[19:07:55] Warning: Initial value for parameter CPXPARAM_Emphasis_MIP is forbidden. So unforbidden it for the ILS initial configuration at iteration 6.
[INFO]:[19:07:55] Warning: Initial value for parameter CPXPARAM_MIP_Cuts_Disjunctive is forbidden. So unforbidden it for the ILS initial configuration at iteration 6.
[INFO]:[19:07:55] Warning: Initial value for parameter CPXPARAM_MIP_Cuts_GUBCovers is forbidden. So unforbidden it for the ILS initial configuration at iteration 6.
[INFO]:[19:07:55] Warning: Initial value for parameter CPXPARAM_MIP_Cuts_Gomory is forbidden. So unforbidden it for the ILS initial configuration at iteration 6.
[INFO]:[19:07:55] Warning: Initial value for parameter CPXPARAM_MIP_Strategy_VariableSelect is forbidden. So unforbidden it for the ILS initial configuration at iteration 6.
[INFO]:[19:07:55] Warning: Initial value for parameter CPXPARAM_MIP_Limits_CutsFactor is forbidden. So unforbidden it for the ILS initial configuration at iteration 6.
[INFO]:[19:07:55] Warning: Initial value for parameter CPXPARAM_MIP_Strategy_SubAlgorithm is forbidden. So unforbidden it for the ILS initial configuration at iteration 6.
[INFO]:[19:07:55] Warning: Initial value for parameter CPXPARAM_Simplex_DGradient is forbidden. So unforbidden it for the ILS initial configuration at iteration 6.
[INFO]:[19:07:55] Warning: Initial configuration contains a forbidden tuple. So unforbidden it for ILS at iteration 6.
[INFO]:[19:07:55] Warning: Initial configuration contains a forbidden tuple. So unforbidden it for ILS at iteration 6.
[INFO]:[19:07:55] Warning: Initial configuration contains a forbidden tuple. So unforbidden it for ILS at iteration 6.
[INFO]:[19:07:55] Warning: Initial configuration contains a forbidden tuple. So unforbidden it for ILS at iteration 6.
[INFO]:[19:07:55] Warning: Initial configuration contains a forbidden tuple. So unforbidden it for ILS at iteration 6.
[INFO]:[19:07:55] Warning: Initial configuration contains a forbidden tuple. So unforbidden it for ILS at iteration 6.
[INFO]:[19:07:55] ILS search space file written: /scratch/yorig/mpils-results-grid-ticks-10000-7may/medium-1/16proc-16pils/seed-8/9_neos-3024952-loue_seed-8_20260510_190554/iterated_local_search/search_space/search_space_file_6_worker_8.txt
[INFO]:[19:07:55] Writing ILS search space file for worker 9...
[INFO]:[19:07:55] Warning: Initial value for parameter CPXPARAM_MIP_Cuts_MIRCut is forbidden. So unforbidden it for the ILS initial configuration at iteration 6.
[INFO]:[19:07:55] Warning: Initial value for parameter CPXPARAM_MIP_Cuts_Gomory is forbidden. So unforbidden it for the ILS initial configuration at iteration 6.
[INFO]:[19:07:55] Warning: Initial value for parameter CPXPARAM_MIP_Cuts_Covers is forbidden. So unforbidden it for the ILS initial configuration at iteration 6.
[INFO]:[19:07:55] Warning: Initial value for parameter CPXPARAM_MIP_Strategy_VariableSelect is forbidden. So unforbidden it for the ILS initial configuration at iteration 6.
[INFO]:[19:07:55] Warning: Initial value for parameter CPXPARAM_Preprocessing_Dual is forbidden. So unforbidden it for the ILS initial configuration at iteration 6.
[INFO]:[19:07:55] Warning: Initial value for parameter CPXPARAM_MIP_Strategy_SubAlgorithm is forbidden. So unforbidden it for the ILS initial configuration at iteration 6.
[INFO]:[19:07:55] Warning: Initial value for parameter CPXPARAM_Simplex_DGradient is forbidden. So unforbidden it for the ILS initial configuration at iteration 6.
[INFO]:[19:07:55] Warning: Initial configuration contains a forbidden tuple. So unforbidden it for ILS at iteration 6.
[INFO]:[19:07:55] Warning: Initial configuration contains a forbidden tuple. So unforbidden it for ILS at iteration 6.
[INFO]:[19:07:55] Warning: Initial configuration contains a forbidden tuple. So unforbidden it for ILS at iteration 6.
[INFO]:[19:07:55] Warning: Initial configuration contains a forbidden tuple. So unforbidden it for ILS at iteration 6.
[INFO]:[19:07:55] Warning: Initial configuration contains a forbidden tuple. So unforbidden it for ILS at iteration 6.
[INFO]:[19:07:55] Warning: Initial configuration contains a forbidden tuple. So unforbidden it for ILS at iteration 6.
[INFO]:[19:07:55] Warning: Initial configuration contains a forbidden tuple. So unforbidden it for ILS at iteration 6.
[INFO]:[19:07:55] Warning: Initial configuration contains a forbidden tuple. So unforbidden it for ILS at iteration 6.
[INFO]:[19:07:55] Warning: Initial configuration contains a forbidden tuple. So unforbidden it for ILS at iteration 6.
[INFO]:[19:07:55] Warning: Initial configuration contains a forbidden tuple. So unforbidden it for ILS at iteration 6.
[INFO]:[19:07:55] Warning: Initial configuration contains a forbidden tuple. So unforbidden it for ILS at iteration 6.
[INFO]:[19:07:55] Warning: Initial configuration contains a forbidden tuple. So unforbidden it for ILS at iteration 6.
[INFO]:[19:07:55] Warning: Initial configuration contains a forbidden tuple. So unforbidden it for ILS at iteration 6.
[INFO]:[19:07:55] Warning: Initial configuration contains a forbidden tuple. So unforbidden it for ILS at iteration 6.
[INFO]:[19:07:55] Warning: Initial configuration contains a forbidden tuple. So unforbidden it for ILS at iteration 6.
[INFO]:[19:07:55] Warning: Initial configuration contains a forbidden tuple. So unforbidden it for ILS at iteration 6.
[INFO]:[19:07:55] Warning: Initial configuration contains a forbidden tuple. So unforbidden it for ILS at iteration 6.
[INFO]:[19:07:55] Warning: Initial configuration contains a forbidden tuple. So unforbidden it for ILS at iteration 6.
[INFO]:[19:07:55] Warning: Initial configuration contains a forbidden tuple. So unforbidden it for ILS at iteration 6.
[INFO]:[19:07:55] Warning: Initial configuration contains a forbidden tuple. So unforbidden it for ILS at iteration 6.
[INFO]:[19:07:55] Warning: Initial configuration contains a forbidden tuple. So unforbidden it for ILS at iteration 6.
[INFO]:[19:07:55] Warning: Initial configuration contains a forbidden tuple. So unforbidden it for ILS at iteration 6.
[INFO]:[19:07:55] Warning: Initial configuration contains a forbidden tuple. So unforbidden it for ILS at iteration 6.
[INFO]:[19:07:55] Warning: Initial configuration contains a forbidden tuple. So unforbidden it for ILS at iteration 6.
[INFO]:[19:07:55] ILS search space file written: /scratch/yorig/mpils-results-grid-ticks-10000-7may/medium-1/16proc-16pils/seed-8/9_neos-3024952-loue_seed-8_20260510_190554/iterated_local_search/search_space/search_space_file_6_worker_9.txt
[INFO]:[19:07:55] Writing ILS search space file for worker 10...
[INFO]:[19:07:55] Warning: Initial value for parameter CPXPARAM_MIP_Cuts_MIRCut is forbidden. So unforbidden it for the ILS initial configuration at iteration 6.
[INFO]:[19:07:55] Warning: Initial value for parameter CPXPARAM_MIP_Cuts_Gomory is forbidden. So unforbidden it for the ILS initial configuration at iteration 6.
[INFO]:[19:07:55] Warning: Initial value for parameter CPXPARAM_Preprocessing_Dual is forbidden. So unforbidden it for the ILS initial configuration at iteration 6.
[INFO]:[19:07:55] Warning: Initial value for parameter CPXPARAM_MIP_Strategy_HeuristicFreq is forbidden. So unforbidden it for the ILS initial configuration at iteration 6.
[INFO]:[19:07:55] Warning: Initial value for parameter CPXPARAM_MIP_Limits_AggForCut is forbidden. So unforbidden it for the ILS initial configuration at iteration 6.
[INFO]:[19:07:55] Warning: Initial configuration contains a forbidden tuple. So unforbidden it for ILS at iteration 6.
[INFO]:[19:07:55] Warning: Initial configuration contains a forbidden tuple. So unforbidden it for ILS at iteration 6.
[INFO]:[19:07:55] Warning: Initial configuration contains a forbidden tuple. So unforbidden it for ILS at iteration 6.
[INFO]:[19:07:55] Warning: Initial configuration contains a forbidden tuple. So unforbidden it for ILS at iteration 6.
[INFO]:[19:07:55] Warning: Initial configuration contains a forbidden tuple. So unforbidden it for ILS at iteration 6.
[INFO]:[19:07:55] Warning: Initial configuration contains a forbidden tuple. So unforbidden it for ILS at iteration 6.
[INFO]:[19:07:55] Warning: Initial configuration contains a forbidden tuple. So unforbidden it for ILS at iteration 6.
[INFO]:[19:07:55] Warning: Initial configuration contains a forbidden tuple. So unforbidden it for ILS at iteration 6.
[INFO]:[19:07:55] Warning: Initial configuration contains a forbidden tuple. So unforbidden it for ILS at iteration 6.
[INFO]:[19:07:55] Warning: Initial configuration contains a forbidden tuple. So unforbidden it for ILS at iteration 6.
[INFO]:[19:07:55] Warning: Initial configuration contains a forbidden tuple. So unforbidden it for ILS at iteration 6.
[INFO]:[19:07:55] Warning: Initial configuration contains a forbidden tuple. So unforbidden it for ILS at iteration 6.
[INFO]:[19:07:55] Warning: Initial configuration contains a forbidden tuple. So unforbidden it for ILS at iteration 6.
[INFO]:[19:07:55] Warning: Initial configuration contains a forbidden tuple. So unforbidden it for ILS at iteration 6.
[INFO]:[19:07:55] Warning: Initial configuration contains a forbidden tuple. So unforbidden it for ILS at iteration 6.
[INFO]:[19:07:55] Warning: Initial configuration contains a forbidden tuple. So unforbidden it for ILS at iteration 6.
[INFO]:[19:07:55] Warning: Initial configuration contains a forbidden tuple. So unforbidden it for ILS at iteration 6.
[INFO]:[19:07:55] Warning: Initial configuration contains a forbidden tuple. So unforbidden it for ILS at iteration 6.
[INFO]:[19:07:55] Warning: Initial configuration contains a forbidden tuple. So unforbidden it for ILS at iteration 6.
[INFO]:[19:07:55] Warning: Initial configuration contains a forbidden tuple. So unforbidden it for ILS at iteration 6.
[INFO]:[19:07:55] Warning: Initial configuration contains a forbidden tuple. So unforbidden it for ILS at iteration 6.
[INFO]:[19:07:55] Warning: Initial configuration contains a forbidden tuple. So unforbidden it for ILS at iteration 6.
[INFO]:[19:07:55] Warning: Initial configuration contains a forbidden tuple. So unforbidden it for ILS at iteration 6.
[INFO]:[19:07:55] Warning: Initial configuration contains a forbidden tuple. So unforbidden it for ILS at iteration 6.
[INFO]:[19:07:55] Warning: Initial configuration contains a forbidden tuple. So unforbidden it for ILS at iteration 6.
[INFO]:[19:07:55] Warning: Initial configuration contains a forbidden tuple. So unforbidden it for ILS at iteration 6.
[INFO]:[19:07:55] Warning: Initial configuration contains a forbidden tuple. So unforbidden it for ILS at iteration 6.
[INFO]:[19:07:55] Warning: Initial configuration contains a forbidden tuple. So unforbidden it for ILS at iteration 6.
[INFO]:[19:07:55] Warning: Initial configuration contains a forbidden tuple. So unforbidden it for ILS at iteration 6.
[INFO]:[19:07:55] ILS search space file written: /scratch/yorig/mpils-results-grid-ticks-10000-7may/medium-1/16proc-16pils/seed-8/9_neos-3024952-loue_seed-8_20260510_190554/iterated_local_search/search_space/search_space_file_6_worker_10.txt
[INFO]:[19:07:55] Writing ILS search space file for worker 11...
[INFO]:[19:07:55] Warning: Initial value for parameter CPXPARAM_Emphasis_MIP is forbidden. So unforbidden it for the ILS initial configuration at iteration 6.
[INFO]:[19:07:55] Warning: Initial value for parameter CPXPARAM_MIP_Cuts_Covers is forbidden. So unforbidden it for the ILS initial configuration at iteration 6.
[INFO]:[19:07:55] Warning: Initial value for parameter CPXPARAM_MIP_Strategy_VariableSelect is forbidden. So unforbidden it for the ILS initial configuration at iteration 6.
[INFO]:[19:07:55] Warning: Initial value for parameter CPXPARAM_MIP_Limits_CutsFactor is forbidden. So unforbidden it for the ILS initial configuration at iteration 6.
[INFO]:[19:07:55] Warning: Initial value for parameter CPXPARAM_Preprocessing_Dual is forbidden. So unforbidden it for the ILS initial configuration at iteration 6.
[INFO]:[19:07:55] Warning: Initial value for parameter CPXPARAM_MIP_Limits_AggForCut is forbidden. So unforbidden it for the ILS initial configuration at iteration 6.
[INFO]:[19:07:55] Warning: Initial configuration contains a forbidden tuple. So unforbidden it for ILS at iteration 6.
[INFO]:[19:07:55] Warning: Initial configuration contains a forbidden tuple. So unforbidden it for ILS at iteration 6.
[INFO]:[19:07:55] Warning: Initial configuration contains a forbidden tuple. So unforbidden it for ILS at iteration 6.
[INFO]:[19:07:55] Warning: Initial configuration contains a forbidden tuple. So unforbidden it for ILS at iteration 6.
[INFO]:[19:07:55] Warning: Initial configuration contains a forbidden tuple. So unforbidden it for ILS at iteration 6.
[INFO]:[19:07:55] Warning: Initial configuration contains a forbidden tuple. So unforbidden it for ILS at iteration 6.
[INFO]:[19:07:55] ILS search space file written: /scratch/yorig/mpils-results-grid-ticks-10000-7may/medium-1/16proc-16pils/seed-8/9_neos-3024952-loue_seed-8_20260510_190554/iterated_local_search/search_space/search_space_file_6_worker_11.txt
[INFO]:[19:07:55] Writing ILS search space file for worker 12...
[INFO]:[19:07:55] Warning: Initial value for parameter CPXPARAM_Emphasis_MIP is forbidden. So unforbidden it for the ILS initial configuration at iteration 6.
[INFO]:[19:07:55] Warning: Initial value for parameter CPXPARAM_MIP_Cuts_Disjunctive is forbidden. So unforbidden it for the ILS initial configuration at iteration 6.
[INFO]:[19:07:55] Warning: Initial value for parameter CPXPARAM_MIP_Strategy_VariableSelect is forbidden. So unforbidden it for the ILS initial configuration at iteration 6.
[INFO]:[19:07:55] Warning: Initial configuration contains a forbidden tuple. So unforbidden it for ILS at iteration 6.
[INFO]:[19:07:55] Warning: Initial configuration contains a forbidden tuple. So unforbidden it for ILS at iteration 6.
[INFO]:[19:07:55] Warning: Initial configuration contains a forbidden tuple. So unforbidden it for ILS at iteration 6.
[INFO]:[19:07:55] Warning: Initial configuration contains a forbidden tuple. So unforbidden it for ILS at iteration 6.
[INFO]:[19:07:55] Warning: Initial configuration contains a forbidden tuple. So unforbidden it for ILS at iteration 6.
[INFO]:[19:07:55] Warning: Initial configuration contains a forbidden tuple. So unforbidden it for ILS at iteration 6.
[INFO]:[19:07:55] ILS search space file written: /scratch/yorig/mpils-results-grid-ticks-10000-7may/medium-1/16proc-16pils/seed-8/9_neos-3024952-loue_seed-8_20260510_190554/iterated_local_search/search_space/search_space_file_6_worker_12.txt
[INFO]:[19:07:55] Writing ILS search space file for worker 13...
[INFO]:[19:07:55] Warning: Initial value for parameter CPXPARAM_Emphasis_MIP is forbidden. So unforbidden it for the ILS initial configuration at iteration 6.
[INFO]:[19:07:55] Warning: Initial value for parameter CPXPARAM_MIP_Cuts_MIRCut is forbidden. So unforbidden it for the ILS initial configuration at iteration 6.
[INFO]:[19:07:55] Warning: Initial value for parameter CPXPARAM_MIP_Cuts_Disjunctive is forbidden. So unforbidden it for the ILS initial configuration at iteration 6.
[INFO]:[19:07:55] Warning: Initial value for parameter CPXPARAM_MIP_Strategy_SubAlgorithm is forbidden. So unforbidden it for the ILS initial configuration at iteration 6.
[INFO]:[19:07:55] Warning: Initial configuration contains a forbidden tuple. So unforbidden it for ILS at iteration 6.
[INFO]:[19:07:55] Warning: Initial configuration contains a forbidden tuple. So unforbidden it for ILS at iteration 6.
[INFO]:[19:07:55] Warning: Initial configuration contains a forbidden tuple. So unforbidden it for ILS at iteration 6.
[INFO]:[19:07:55] Warning: Initial configuration contains a forbidden tuple. So unforbidden it for ILS at iteration 6.
[INFO]:[19:07:55] Warning: Initial configuration contains a forbidden tuple. So unforbidden it for ILS at iteration 6.
[INFO]:[19:07:55] Warning: Initial configuration contains a forbidden tuple. So unforbidden it for ILS at iteration 6.
[INFO]:[19:07:55] ILS search space file written: /scratch/yorig/mpils-results-grid-ticks-10000-7may/medium-1/16proc-16pils/seed-8/9_neos-3024952-loue_seed-8_20260510_190554/iterated_local_search/search_space/search_space_file_6_worker_13.txt
[INFO]:[19:07:55] Writing ILS search space file for worker 14...
[INFO]:[19:07:55] Warning: Initial value for parameter CPXPARAM_Emphasis_MIP is forbidden. So unforbidden it for the ILS initial configuration at iteration 6.
[INFO]:[19:07:55] Warning: Initial value for parameter CPXPARAM_MIP_Cuts_MIRCut is forbidden. So unforbidden it for the ILS initial configuration at iteration 6.
[INFO]:[19:07:55] Warning: Initial value for parameter CPXPARAM_MIP_Cuts_Disjunctive is forbidden. So unforbidden it for the ILS initial configuration at iteration 6.
[INFO]:[19:07:55] Warning: Initial value for parameter CPXPARAM_MIP_Cuts_Gomory is forbidden. So unforbidden it for the ILS initial configuration at iteration 6.
[INFO]:[19:07:55] Warning: Initial value for parameter CPXPARAM_MIP_Cuts_Covers is forbidden. So unforbidden it for the ILS initial configuration at iteration 6.
[INFO]:[19:07:55] Warning: Initial value for parameter CPXPARAM_MIP_Strategy_VariableSelect is forbidden. So unforbidden it for the ILS initial configuration at iteration 6.
[INFO]:[19:07:55] Warning: Initial value for parameter CPXPARAM_MIP_Limits_CutsFactor is forbidden. So unforbidden it for the ILS initial configuration at iteration 6.
[INFO]:[19:07:55] Warning: Initial value for parameter CPXPARAM_MIP_Strategy_HeuristicFreq is forbidden. So unforbidden it for the ILS initial configuration at iteration 6.
[INFO]:[19:07:55] Warning: Initial value for parameter CPXPARAM_MIP_Strategy_SubAlgorithm is forbidden. So unforbidden it for the ILS initial configuration at iteration 6.
[INFO]:[19:07:55] Warning: Initial configuration contains a forbidden tuple. So unforbidden it for ILS at iteration 6.
[INFO]:[19:07:55] Warning: Initial configuration contains a forbidden tuple. So unforbidden it for ILS at iteration 6.
[INFO]:[19:07:55] Warning: Initial configuration contains a forbidden tuple. So unforbidden it for ILS at iteration 6.
[INFO]:[19:07:55] Warning: Initial configuration contains a forbidden tuple. So unforbidden it for ILS at iteration 6.
[INFO]:[19:07:55] Warning: Initial configuration contains a forbidden tuple. So unforbidden it for ILS at iteration 6.
[INFO]:[19:07:55] ILS search space file written: /scratch/yorig/mpils-results-grid-ticks-10000-7may/medium-1/16proc-16pils/seed-8/9_neos-3024952-loue_seed-8_20260510_190554/iterated_local_search/search_space/search_space_file_6_worker_14.txt
[INFO]:[19:07:55] Writing ILS search space file for worker 15...
[INFO]:[19:07:55] Warning: Initial value for parameter CPXPARAM_MIP_Cuts_Cliques is forbidden. So unforbidden it for the ILS initial configuration at iteration 6.
[INFO]:[19:07:55] Warning: Initial value for parameter CPXPARAM_MIP_Cuts_Disjunctive is forbidden. So unforbidden it for the ILS initial configuration at iteration 6.
[INFO]:[19:07:55] Warning: Initial value for parameter CPXPARAM_MIP_Cuts_GUBCovers is forbidden. So unforbidden it for the ILS initial configuration at iteration 6.
[INFO]:[19:07:55] Warning: Initial value for parameter CPXPARAM_MIP_Strategy_HeuristicFreq is forbidden. So unforbidden it for the ILS initial configuration at iteration 6.
[INFO]:[19:07:55] Warning: Initial value for parameter CPXPARAM_MIP_Strategy_SubAlgorithm is forbidden. So unforbidden it for the ILS initial configuration at iteration 6.
[INFO]:[19:07:55] Warning: Initial value for parameter CPXPARAM_MIP_Limits_AggForCut is forbidden. So unforbidden it for the ILS initial configuration at iteration 6.
[INFO]:[19:07:55] Warning: Initial configuration contains a forbidden tuple. So unforbidden it for ILS at iteration 6.
[INFO]:[19:07:55] Warning: Initial configuration contains a forbidden tuple. So unforbidden it for ILS at iteration 6.
[INFO]:[19:07:55] Warning: Initial configuration contains a forbidden tuple. So unforbidden it for ILS at iteration 6.
[INFO]:[19:07:55] Warning: Initial configuration contains a forbidden tuple. So unforbidden it for ILS at iteration 6.
[INFO]:[19:07:55] Warning: Initial configuration contains a forbidden tuple. So unforbidden it for ILS at iteration 6.
[INFO]:[19:07:55] Warning: Initial configuration contains a forbidden tuple. So unforbidden it for ILS at iteration 6.
[INFO]:[19:07:55] Warning: Initial configuration contains a forbidden tuple. So unforbidden it for ILS at iteration 6.
[INFO]:[19:07:55] Warning: Initial configuration contains a forbidden tuple. So unforbidden it for ILS at iteration 6.
[INFO]:[19:07:55] Warning: Initial configuration contains a forbidden tuple. So unforbidden it for ILS at iteration 6.
[INFO]:[19:07:55] Warning: Initial configuration contains a forbidden tuple. So unforbidden it for ILS at iteration 6.
[INFO]:[19:07:55] Warning: Initial configuration contains a forbidden tuple. So unforbidden it for ILS at iteration 6.
[INFO]:[19:07:55] Warning: Initial configuration contains a forbidden tuple. So unforbidden it for ILS at iteration 6.
[INFO]:[19:07:55] Warning: Initial configuration contains a forbidden tuple. So unforbidden it for ILS at iteration 6.
[INFO]:[19:07:55] ILS search space file written: /scratch/yorig/mpils-results-grid-ticks-10000-7may/medium-1/16proc-16pils/seed-8/9_neos-3024952-loue_seed-8_20260510_190554/iterated_local_search/search_space/search_space_file_6_worker_15.txt
[INFO]:[19:07:55] Launching Local Search Workers via MPI...
[INFO]:[19:07:55] Local Search Workers launched.
[INFO]:[19:07:55] Starting local search phase...
[INFO]:[19:07:55] Creating local search space from parameter space file: /scratch/yorig/mpils-results-grid-ticks-10000-7may/medium-1/16proc-16pils/seed-8/9_neos-3024952-loue_seed-8_20260510_190554/iterated_local_search/search_space/search_space_file_6.txt
[INFO]:[19:07:55] Local search space loaded from file: /scratch/yorig/mpils-results-grid-ticks-10000-7may/medium-1/16proc-16pils/seed-8/9_neos-3024952-loue_seed-8_20260510_190554/iterated_local_search/search_space/search_space_file_6.txt
[INFO]:[19:07:55] Number of parameters in local search space: 71
[INFO]:[19:07:55] Number of forbidden tuples in local search space: 77
[INFO]:[19:07:55] Number of conditionals in local search space: 6
[INFO]:[19:07:55] MIP start option not enabled. Local search will proceed without MIP start.
[INFO]:[19:07:55] Seeded initial configuration into local search cache with known objective value: 8.17
[INFO]:[19:07:55] Starting CPLEX solver on instance: /home/yorig/tuner/mpils-tests/instances/miplib/medium-1/neos-3024952-loue.mps with config: /scratch/yorig/mpils-results-grid-ticks-10000-7may/medium-1/16proc-16pils/seed-8/9_neos-3024952-loue_seed-8_20260510_190554/iterated_local_search/run_6_worker_0/ils_config_14844562132096253982.prm
[INFO]:[19:07:55] Starting CPLEX solver on instance: /home/yorig/tuner/mpils-tests/instances/miplib/medium-1/neos-3024952-loue.mps with config: /scratch/yorig/mpils-results-grid-ticks-10000-7may/medium-1/16proc-16pils/seed-8/9_neos-3024952-loue_seed-8_20260510_190554/iterated_local_search/run_6_worker_0/ils_config_14844562132096253982.prm
[INFO]:[19:08:02] CPLEX results. Gap: 8.170000, upper bound: 28506.000000, lower bound: 26177.703015
[INFO]:[19:08:02] CPLEX solver finished. Gap: 8.170000
[INFO]:[19:08:02] Local search phase completed.
[INFO]:[19:08:02] Total number of new local-search evaluations: 16
[INFO]:[19:08:02] Final incumbent objective value: 8.17
[INFO]:[19:08:02] recordEvaluation produced_mip_start=0 mip_start_file=''
[DEBUG]:[19:08:02] Added evaluation to memory with objective: 8.17, ConfigId: 14844562132096253982, EvalId: 230. Total evaluations stored: 230
[INFO]:[19:08:02] recordEvaluation produced_mip_start=0 mip_start_file=''
[DEBUG]:[19:08:02] Added evaluation to memory with objective: 8.17, ConfigId: 2067298293506924291, EvalId: 231. Total evaluations stored: 231
[INFO]:[19:08:02] recordEvaluation produced_mip_start=0 mip_start_file=''
[DEBUG]:[19:08:02] Added evaluation to memory with objective: 8.17, ConfigId: 11244227934941530854, EvalId: 232. Total evaluations stored: 232
[INFO]:[19:08:02] recordEvaluation produced_mip_start=0 mip_start_file=''
[DEBUG]:[19:08:02] Added evaluation to memory with objective: 12.73, ConfigId: 16673657975560381051, EvalId: 233. Total evaluations stored: 233
[INFO]:[19:08:02] recordEvaluation produced_mip_start=0 mip_start_file=''
[DEBUG]:[19:08:02] Added evaluation to memory with objective: 8.17, ConfigId: 3357844154462203258, EvalId: 234. Total evaluations stored: 234
[INFO]:[19:08:02] recordEvaluation produced_mip_start=0 mip_start_file=''
[DEBUG]:[19:08:02] Added evaluation to memory with objective: 17.38, ConfigId: 13083474882612778755, EvalId: 235. Total evaluations stored: 235
[INFO]:[19:08:02] recordEvaluation produced_mip_start=0 mip_start_file=''
[DEBUG]:[19:08:02] Added evaluation to memory with objective: 1.79769e+308, ConfigId: 6425842522557285654, EvalId: 236. Total evaluations stored: 236
[INFO]:[19:08:02] recordEvaluation produced_mip_start=0 mip_start_file=''
[DEBUG]:[19:08:02] Added evaluation to memory with objective: 10.62, ConfigId: 1195613893921609664, EvalId: 237. Total evaluations stored: 237
[INFO]:[19:08:02] recordEvaluation produced_mip_start=0 mip_start_file=''
[DEBUG]:[19:08:02] Added evaluation to memory with objective: 11, ConfigId: 3661082503257010221, EvalId: 238. Total evaluations stored: 238
[INFO]:[19:08:02] recordEvaluation produced_mip_start=0 mip_start_file=''
[DEBUG]:[19:08:02] Added evaluation to memory with objective: 13.16, ConfigId: 7243720736426560610, EvalId: 239. Total evaluations stored: 239
[INFO]:[19:08:02] recordEvaluation produced_mip_start=0 mip_start_file=''
[DEBUG]:[19:08:02] Added evaluation to memory with objective: 12.87, ConfigId: 16871911006069099870, EvalId: 240. Total evaluations stored: 240
[INFO]:[19:08:02] recordEvaluation produced_mip_start=0 mip_start_file=''
[DEBUG]:[19:08:02] Added evaluation to memory with objective: 12.08, ConfigId: 12847873456940603149, EvalId: 241. Total evaluations stored: 241
[INFO]:[19:08:02] recordEvaluation produced_mip_start=0 mip_start_file=''
[DEBUG]:[19:08:02] Added evaluation to memory with objective: 14.4, ConfigId: 6600528987281186506, EvalId: 242. Total evaluations stored: 242
[INFO]:[19:08:02] recordEvaluation produced_mip_start=0 mip_start_file=''
[DEBUG]:[19:08:02] Added evaluation to memory with objective: 8.17, ConfigId: 7389027337917932567, EvalId: 243. Total evaluations stored: 243
[INFO]:[19:08:02] recordEvaluation produced_mip_start=0 mip_start_file=''
[DEBUG]:[19:08:02] Added evaluation to memory with objective: 8.17, ConfigId: 9156514515167800436, EvalId: 244. Total evaluations stored: 244
[INFO]:[19:08:02] recordEvaluation produced_mip_start=0 mip_start_file=''
[DEBUG]:[19:08:02] Added evaluation to memory with objective: 8.17, ConfigId: 3647418935473988945, EvalId: 245. Total evaluations stored: 245
[INFO]:[19:08:02] Waiting for Local Search Workers via MPI...
[INFO]:[19:08:02] Local Search Workers have completed.
[INFO]:[19:08:02] IteratedLocalSearch Engine completed.
[INFO]:[19:08:02] Added16 evaluations to memory from exploration phase at iteration 6
[INFO]:[19:08:02] Exploration phase completed.
[INFO]:[19:08:02] Starting expansion phase...
[INFO]:[19:08:02] Selecting parameters for expansion phase...
[INFO]:[19:08:02] Selected expansion parameters: 10
[INFO]:[19:08:02] Creating configuration files for expansion parameters...
[INFO]:[19:08:02] Creating configurations for parameter: CPXPARAM_Preprocessing_Dependency
[DEBUG]:[19:08:02] Parameter CPXPARAM_Preprocessing_Dependency will be evaluated on 4 alternative value(s) after excluding the current base configuration value.
[DEBUG]:[19:08:02] Created configuration file for parameter CPXPARAM_Preprocessing_Dependency with value 0 at /scratch/yorig/mpils-results-grid-ticks-10000-7may/medium-1/16proc-16pils/seed-8/9_neos-3024952-loue_seed-8_20260510_190554/expansion/config_param_CPXPARAM_Preprocessing_Dependency_0_iter_6.prm
[DEBUG]:[19:08:02] Created configuration file for parameter CPXPARAM_Preprocessing_Dependency with value 1 at /scratch/yorig/mpils-results-grid-ticks-10000-7may/medium-1/16proc-16pils/seed-8/9_neos-3024952-loue_seed-8_20260510_190554/expansion/config_param_CPXPARAM_Preprocessing_Dependency_1_iter_6.prm
[DEBUG]:[19:08:02] Created configuration file for parameter CPXPARAM_Preprocessing_Dependency with value 2 at /scratch/yorig/mpils-results-grid-ticks-10000-7may/medium-1/16proc-16pils/seed-8/9_neos-3024952-loue_seed-8_20260510_190554/expansion/config_param_CPXPARAM_Preprocessing_Dependency_2_iter_6.prm
[DEBUG]:[19:08:02] Created configuration file for parameter CPXPARAM_Preprocessing_Dependency with value 3 at /scratch/yorig/mpils-results-grid-ticks-10000-7may/medium-1/16proc-16pils/seed-8/9_neos-3024952-loue_seed-8_20260510_190554/expansion/config_param_CPXPARAM_Preprocessing_Dependency_3_iter_6.prm
[INFO]:[19:08:02] Creating configurations for parameter: CPXPARAM_Feasopt_Mode
[DEBUG]:[19:08:02] Parameter CPXPARAM_Feasopt_Mode will be evaluated on 5 alternative value(s) after excluding the current base configuration value.
[DEBUG]:[19:08:02] Created configuration file for parameter CPXPARAM_Feasopt_Mode with value 1 at /scratch/yorig/mpils-results-grid-ticks-10000-7may/medium-1/16proc-16pils/seed-8/9_neos-3024952-loue_seed-8_20260510_190554/expansion/config_param_CPXPARAM_Feasopt_Mode_1_iter_6.prm
[DEBUG]:[19:08:02] Created configuration file for parameter CPXPARAM_Feasopt_Mode with value 2 at /scratch/yorig/mpils-results-grid-ticks-10000-7may/medium-1/16proc-16pils/seed-8/9_neos-3024952-loue_seed-8_20260510_190554/expansion/config_param_CPXPARAM_Feasopt_Mode_2_iter_6.prm
[DEBUG]:[19:08:02] Created configuration file for parameter CPXPARAM_Feasopt_Mode with value 3 at /scratch/yorig/mpils-results-grid-ticks-10000-7may/medium-1/16proc-16pils/seed-8/9_neos-3024952-loue_seed-8_20260510_190554/expansion/config_param_CPXPARAM_Feasopt_Mode_3_iter_6.prm
[DEBUG]:[19:08:02] Created configuration file for parameter CPXPARAM_Feasopt_Mode with value 4 at /scratch/yorig/mpils-results-grid-ticks-10000-7may/medium-1/16proc-16pils/seed-8/9_neos-3024952-loue_seed-8_20260510_190554/expansion/config_param_CPXPARAM_Feasopt_Mode_4_iter_6.prm
[DEBUG]:[19:08:02] Created configuration file for parameter CPXPARAM_Feasopt_Mode with value 5 at /scratch/yorig/mpils-results-grid-ticks-10000-7may/medium-1/16proc-16pils/seed-8/9_neos-3024952-loue_seed-8_20260510_190554/expansion/config_param_CPXPARAM_Feasopt_Mode_5_iter_6.prm
[INFO]:[19:08:02] Creating configurations for parameter: CPXPARAM_Emphasis_Memory
[DEBUG]:[19:08:02] Parameter CPXPARAM_Emphasis_Memory will be evaluated on 1 alternative value(s) after excluding the current base configuration value.
[DEBUG]:[19:08:02] Created configuration file for parameter CPXPARAM_Emphasis_Memory with value 1 at /scratch/yorig/mpils-results-grid-ticks-10000-7may/medium-1/16proc-16pils/seed-8/9_neos-3024952-loue_seed-8_20260510_190554/expansion/config_param_CPXPARAM_Emphasis_Memory_1_iter_6.prm
[INFO]:[19:08:02] Creating configurations for parameter: CPXPARAM_MIP_OrderType
[DEBUG]:[19:08:02] Parameter CPXPARAM_MIP_OrderType will be evaluated on 3 alternative value(s) after excluding the current base configuration value.
[DEBUG]:[19:08:02] Created configuration file for parameter CPXPARAM_MIP_OrderType with value 1 at /scratch/yorig/mpils-results-grid-ticks-10000-7may/medium-1/16proc-16pils/seed-8/9_neos-3024952-loue_seed-8_20260510_190554/expansion/config_param_CPXPARAM_MIP_OrderType_1_iter_6.prm
[DEBUG]:[19:08:02] Created configuration file for parameter CPXPARAM_MIP_OrderType with value 2 at /scratch/yorig/mpils-results-grid-ticks-10000-7may/medium-1/16proc-16pils/seed-8/9_neos-3024952-loue_seed-8_20260510_190554/expansion/config_param_CPXPARAM_MIP_OrderType_2_iter_6.prm
[DEBUG]:[19:08:02] Created configuration file for parameter CPXPARAM_MIP_OrderType with value 3 at /scratch/yorig/mpils-results-grid-ticks-10000-7may/medium-1/16proc-16pils/seed-8/9_neos-3024952-loue_seed-8_20260510_190554/expansion/config_param_CPXPARAM_MIP_OrderType_3_iter_6.prm
[INFO]:[19:08:02] Creating configurations for parameter: CPXPARAM_Network_NetFind
[DEBUG]:[19:08:02] Parameter CPXPARAM_Network_NetFind will be evaluated on 2 alternative value(s) after excluding the current base configuration value.
[DEBUG]:[19:08:02] Created configuration file for parameter CPXPARAM_Network_NetFind with value 1 at /scratch/yorig/mpils-results-grid-ticks-10000-7may/medium-1/16proc-16pils/seed-8/9_neos-3024952-loue_seed-8_20260510_190554/expansion/config_param_CPXPARAM_Network_NetFind_1_iter_6.prm
[DEBUG]:[19:08:02] Created configuration file for parameter CPXPARAM_Network_NetFind with value 3 at /scratch/yorig/mpils-results-grid-ticks-10000-7may/medium-1/16proc-16pils/seed-8/9_neos-3024952-loue_seed-8_20260510_190554/expansion/config_param_CPXPARAM_Network_NetFind_3_iter_6.prm
[INFO]:[19:08:02] Creating configurations for parameter: CPXPARAM_Network_Pricing
[DEBUG]:[19:08:02] Parameter CPXPARAM_Network_Pricing will be evaluated on 3 alternative value(s) after excluding the current base configuration value.
[DEBUG]:[19:08:02] Created configuration file for parameter CPXPARAM_Network_Pricing with value 1 at /scratch/yorig/mpils-results-grid-ticks-10000-7may/medium-1/16proc-16pils/seed-8/9_neos-3024952-loue_seed-8_20260510_190554/expansion/config_param_CPXPARAM_Network_Pricing_1_iter_6.prm
[DEBUG]:[19:08:02] Created configuration file for parameter CPXPARAM_Network_Pricing with value 2 at /scratch/yorig/mpils-results-grid-ticks-10000-7may/medium-1/16proc-16pils/seed-8/9_neos-3024952-loue_seed-8_20260510_190554/expansion/config_param_CPXPARAM_Network_Pricing_2_iter_6.prm
[DEBUG]:[19:08:02] Created configuration file for parameter CPXPARAM_Network_Pricing with value 3 at /scratch/yorig/mpils-results-grid-ticks-10000-7may/medium-1/16proc-16pils/seed-8/9_neos-3024952-loue_seed-8_20260510_190554/expansion/config_param_CPXPARAM_Network_Pricing_3_iter_6.prm
[INFO]:[19:08:02] Creating configurations for parameter: CPXPARAM_MIP_Strategy_File
[DEBUG]:[19:08:02] Parameter CPXPARAM_MIP_Strategy_File will be evaluated on 3 alternative value(s) after excluding the current base configuration value.
[DEBUG]:[19:08:02] Created configuration file for parameter CPXPARAM_MIP_Strategy_File with value 0 at /scratch/yorig/mpils-results-grid-ticks-10000-7may/medium-1/16proc-16pils/seed-8/9_neos-3024952-loue_seed-8_20260510_190554/expansion/config_param_CPXPARAM_MIP_Strategy_File_0_iter_6.prm
[DEBUG]:[19:08:02] Created configuration file for parameter CPXPARAM_MIP_Strategy_File with value 2 at /scratch/yorig/mpils-results-grid-ticks-10000-7may/medium-1/16proc-16pils/seed-8/9_neos-3024952-loue_seed-8_20260510_190554/expansion/config_param_CPXPARAM_MIP_Strategy_File_2_iter_6.prm
[DEBUG]:[19:08:02] Created configuration file for parameter CPXPARAM_MIP_Strategy_File with value 3 at /scratch/yorig/mpils-results-grid-ticks-10000-7may/medium-1/16proc-16pils/seed-8/9_neos-3024952-loue_seed-8_20260510_190554/expansion/config_param_CPXPARAM_MIP_Strategy_File_3_iter_6.prm
[INFO]:[19:08:02] Creating configurations for parameter: CPXPARAM_Emphasis_Numerical
[DEBUG]:[19:08:02] Parameter CPXPARAM_Emphasis_Numerical will be evaluated on 1 alternative value(s) after excluding the current base configuration value.
[DEBUG]:[19:08:02] Created configuration file for parameter CPXPARAM_Emphasis_Numerical with value 1 at /scratch/yorig/mpils-results-grid-ticks-10000-7may/medium-1/16proc-16pils/seed-8/9_neos-3024952-loue_seed-8_20260510_190554/expansion/config_param_CPXPARAM_Emphasis_Numerical_1_iter_6.prm
[INFO]:[19:08:02] Creating configurations for parameter: CPXPARAM_Preprocessing_Reduce
[DEBUG]:[19:08:02] Parameter CPXPARAM_Preprocessing_Reduce will be evaluated on 3 alternative value(s) after excluding the current base configuration value.
[DEBUG]:[19:08:02] Created configuration file for parameter CPXPARAM_Preprocessing_Reduce with value 0 at /scratch/yorig/mpils-results-grid-ticks-10000-7may/medium-1/16proc-16pils/seed-8/9_neos-3024952-loue_seed-8_20260510_190554/expansion/config_param_CPXPARAM_Preprocessing_Reduce_0_iter_6.prm
[DEBUG]:[19:08:02] Created configuration file for parameter CPXPARAM_Preprocessing_Reduce with value 1 at /scratch/yorig/mpils-results-grid-ticks-10000-7may/medium-1/16proc-16pils/seed-8/9_neos-3024952-loue_seed-8_20260510_190554/expansion/config_param_CPXPARAM_Preprocessing_Reduce_1_iter_6.prm
[DEBUG]:[19:08:02] Created configuration file for parameter CPXPARAM_Preprocessing_Reduce with value 2 at /scratch/yorig/mpils-results-grid-ticks-10000-7may/medium-1/16proc-16pils/seed-8/9_neos-3024952-loue_seed-8_20260510_190554/expansion/config_param_CPXPARAM_Preprocessing_Reduce_2_iter_6.prm
[INFO]:[19:08:02] Creating configurations for parameter: CPXPARAM_Preprocessing_Relax
[DEBUG]:[19:08:02] Parameter CPXPARAM_Preprocessing_Relax will be evaluated on 2 alternative value(s) after excluding the current base configuration value.
[DEBUG]:[19:08:02] Created configuration file for parameter CPXPARAM_Preprocessing_Relax with value 0 at /scratch/yorig/mpils-results-grid-ticks-10000-7may/medium-1/16proc-16pils/seed-8/9_neos-3024952-loue_seed-8_20260510_190554/expansion/config_param_CPXPARAM_Preprocessing_Relax_0_iter_6.prm
[DEBUG]:[19:08:02] Created configuration file for parameter CPXPARAM_Preprocessing_Relax with value 1 at /scratch/yorig/mpils-results-grid-ticks-10000-7may/medium-1/16proc-16pils/seed-8/9_neos-3024952-loue_seed-8_20260510_190554/expansion/config_param_CPXPARAM_Preprocessing_Relax_1_iter_6.prm
[INFO]:[19:08:02] Created 27 configuration files for expansion phase at iteration 6.
[INFO]:[19:08:02] Skipped 0 expansion parameter(s) with no alternative value to evaluate.
[INFO]:[19:08:02] Launching Expansion Workers via MPI...
[INFO]:[19:08:02] Expansion Workers launched.
[INFO]:[19:08:02] Evaluating expansion parameters...
[INFO]:[19:08:02] Starting CPLEX solver on instance: /home/yorig/tuner/mpils-tests/instances/miplib/medium-1/neos-3024952-loue.mps with config: /scratch/yorig/mpils-results-grid-ticks-10000-7may/medium-1/16proc-16pils/seed-8/9_neos-3024952-loue_seed-8_20260510_190554/expansion/config_param_CPXPARAM_Preprocessing_Dependency_0_iter_6.prm
[INFO]:[19:08:09] CPLEX results. Gap: 4.610000, upper bound: 27404.000000, lower bound: 26140.297001
[INFO]:[19:08:09] CPLEX solver finished. Gap: 4.610000
[INFO]:[19:08:10] Starting CPLEX solver on instance: /home/yorig/tuner/mpils-tests/instances/miplib/medium-1/neos-3024952-loue.mps with config: /scratch/yorig/mpils-results-grid-ticks-10000-7may/medium-1/16proc-16pils/seed-8/9_neos-3024952-loue_seed-8_20260510_190554/expansion/config_param_CPXPARAM_Network_Pricing_2_iter_6.prm
[INFO]:[19:08:17] CPLEX results. Gap: 4.610000, upper bound: 27404.000000, lower bound: 26140.297001
[INFO]:[19:08:17] CPLEX solver finished. Gap: 4.610000
[INFO]:[19:08:17] recordEvaluation produced_mip_start=0 mip_start_file=''
[DEBUG]:[19:08:17] Added evaluation to memory with objective: 4.61, ConfigId: 17520739157684483961, EvalId: 246. Total evaluations stored: 246
[INFO]:[19:08:17] recordEvaluation produced_mip_start=0 mip_start_file=''
[DEBUG]:[19:08:17] Added evaluation to memory with objective: 4.61, ConfigId: 11809588191731467844, EvalId: 247. Total evaluations stored: 247
[INFO]:[19:08:17] recordEvaluation produced_mip_start=0 mip_start_file=''
[DEBUG]:[19:08:17] Added evaluation to memory with objective: 4.61, ConfigId: 3373570595242905290, EvalId: 248. Total evaluations stored: 248
[INFO]:[19:08:17] recordEvaluation produced_mip_start=0 mip_start_file=''
[DEBUG]:[19:08:17] Added evaluation to memory with objective: 5.08, ConfigId: 1178845412718597642, EvalId: 249. Total evaluations stored: 249
[INFO]:[19:08:17] recordEvaluation produced_mip_start=0 mip_start_file=''
[DEBUG]:[19:08:17] Added evaluation to memory with objective: 4.61, ConfigId: 17969762515778594092, EvalId: 250. Total evaluations stored: 250
[INFO]:[19:08:17] recordEvaluation produced_mip_start=0 mip_start_file=''
[DEBUG]:[19:08:17] Added evaluation to memory with objective: 4.61, ConfigId: 9677374000828244371, EvalId: 251. Total evaluations stored: 251
[INFO]:[19:08:17] recordEvaluation produced_mip_start=0 mip_start_file=''
[DEBUG]:[19:08:17] Added evaluation to memory with objective: 4.61, ConfigId: 3767866633775586609, EvalId: 252. Total evaluations stored: 252
[INFO]:[19:08:17] recordEvaluation produced_mip_start=0 mip_start_file=''
[DEBUG]:[19:08:17] Added evaluation to memory with objective: 4.61, ConfigId: 8878985333606619237, EvalId: 253. Total evaluations stored: 253
[INFO]:[19:08:17] recordEvaluation produced_mip_start=0 mip_start_file=''
[DEBUG]:[19:08:17] Added evaluation to memory with objective: 4.61, ConfigId: 10077157750241092688, EvalId: 254. Total evaluations stored: 254
[INFO]:[19:08:17] recordEvaluation produced_mip_start=0 mip_start_file=''
[DEBUG]:[19:08:17] Added evaluation to memory with objective: 7.41, ConfigId: 5675408210470489896, EvalId: 255. Total evaluations stored: 255
[INFO]:[19:08:17] recordEvaluation produced_mip_start=0 mip_start_file=''
[DEBUG]:[19:08:17] Added evaluation to memory with objective: 1.79769e+308, ConfigId: 8904286428002696926, EvalId: 256. Total evaluations stored: 256
[INFO]:[19:08:17] recordEvaluation produced_mip_start=0 mip_start_file=''
[DEBUG]:[19:08:17] Added evaluation to memory with objective: 5.83, ConfigId: 16803840506659474502, EvalId: 257. Total evaluations stored: 257
[INFO]:[19:08:17] recordEvaluation produced_mip_start=0 mip_start_file=''
[DEBUG]:[19:08:17] Added evaluation to memory with objective: 22.84, ConfigId: 405562634570844522, EvalId: 258. Total evaluations stored: 258
[INFO]:[19:08:17] recordEvaluation produced_mip_start=0 mip_start_file=''
[DEBUG]:[19:08:17] Added evaluation to memory with objective: 4.61, ConfigId: 14832491168068506540, EvalId: 259. Total evaluations stored: 259
[INFO]:[19:08:17] recordEvaluation produced_mip_start=0 mip_start_file=''
[DEBUG]:[19:08:17] Added evaluation to memory with objective: 4.61, ConfigId: 7735509415338970557, EvalId: 260. Total evaluations stored: 260
[INFO]:[19:08:17] recordEvaluation produced_mip_start=0 mip_start_file=''
[DEBUG]:[19:08:17] Added evaluation to memory with objective: 4.61, ConfigId: 14089503767929479971, EvalId: 261. Total evaluations stored: 261
[INFO]:[19:08:17] recordEvaluation produced_mip_start=0 mip_start_file=''
[DEBUG]:[19:08:17] Added evaluation to memory with objective: 4.61, ConfigId: 8994165239445636086, EvalId: 262. Total evaluations stored: 262
[INFO]:[19:08:17] recordEvaluation produced_mip_start=0 mip_start_file=''
[DEBUG]:[19:08:17] Added evaluation to memory with objective: 4.61, ConfigId: 6623815267988723192, EvalId: 263. Total evaluations stored: 263
[INFO]:[19:08:17] recordEvaluation produced_mip_start=0 mip_start_file=''
[DEBUG]:[19:08:17] Added evaluation to memory with objective: 4.61, ConfigId: 8374562510193336137, EvalId: 264. Total evaluations stored: 264
[INFO]:[19:08:17] recordEvaluation produced_mip_start=0 mip_start_file=''
[DEBUG]:[19:08:17] Added evaluation to memory with objective: 4.61, ConfigId: 362293227485039203, EvalId: 265. Total evaluations stored: 265
[INFO]:[19:08:17] recordEvaluation produced_mip_start=0 mip_start_file=''
[DEBUG]:[19:08:17] Added evaluation to memory with objective: 4.61, ConfigId: 10238898202816996192, EvalId: 266. Total evaluations stored: 266
[INFO]:[19:08:17] recordEvaluation produced_mip_start=0 mip_start_file=''
[DEBUG]:[19:08:17] Added evaluation to memory with objective: 12.94, ConfigId: 16448263728910883455, EvalId: 267. Total evaluations stored: 267
[INFO]:[19:08:17] recordEvaluation produced_mip_start=0 mip_start_file=''
[DEBUG]:[19:08:17] Added evaluation to memory with objective: 18.23, ConfigId: 8801744956066685671, EvalId: 268. Total evaluations stored: 268
[INFO]:[19:08:17] recordEvaluation produced_mip_start=0 mip_start_file=''
[DEBUG]:[19:08:17] Added evaluation to memory with objective: 5.45, ConfigId: 17436365252863061242, EvalId: 269. Total evaluations stored: 269
[INFO]:[19:08:17] recordEvaluation produced_mip_start=0 mip_start_file=''
[DEBUG]:[19:08:17] Added evaluation to memory with objective: 16.26, ConfigId: 17254128317141345064, EvalId: 270. Total evaluations stored: 270
[INFO]:[19:08:17] recordEvaluation produced_mip_start=0 mip_start_file=''
[DEBUG]:[19:08:17] Added evaluation to memory with objective: 5.01, ConfigId: 7605806531350749632, EvalId: 271. Total evaluations stored: 271
[INFO]:[19:08:17] recordEvaluation produced_mip_start=0 mip_start_file=''
[DEBUG]:[19:08:17] Added evaluation to memory with objective: 4.61, ConfigId: 9499786553026932899, EvalId: 272. Total evaluations stored: 272
[INFO]:[19:08:17] Waiting for Expansion Workers via MPI...
[INFO]:[19:08:17] Expansion Workers have completed.
[INFO]:[19:08:17] Evaluated expansion parameters: 10
[INFO]:[19:08:17] Classifying expansion parameters...
[DEBUG]:[19:08:17] Parameter CPXPARAM_Preprocessing_Dependency valid evaluations: 4, invalid evaluations: 0, c_p: 4.61, s_p: 0.271355, selected_stage_1: No, discarded_by_threshold: No
[DEBUG]:[19:08:17] Parameter CPXPARAM_Feasopt_Mode valid evaluations: 5, invalid evaluations: 0, c_p: 4.61, s_p: 0, selected_stage_1: No, discarded_by_threshold: No
[DEBUG]:[19:08:17] Parameter CPXPARAM_Emphasis_Memory valid evaluations: 1, invalid evaluations: 0, c_p: 7.41, s_p: 0, selected_stage_1: No, discarded_by_threshold: No
[DEBUG]:[19:08:17] Parameter CPXPARAM_MIP_OrderType valid evaluations: 2, invalid evaluations: 1, c_p: 5.83, s_p: 18.2708, selected_stage_1: No, discarded_by_threshold: No
[DEBUG]:[19:08:17] Parameter CPXPARAM_Network_NetFind valid evaluations: 2, invalid evaluations: 0, c_p: 4.61, s_p: 0, selected_stage_1: No, discarded_by_threshold: No
[DEBUG]:[19:08:17] Parameter CPXPARAM_Network_Pricing valid evaluations: 3, invalid evaluations: 0, c_p: 4.61, s_p: 0, selected_stage_1: No, discarded_by_threshold: No
[DEBUG]:[19:08:17] Parameter CPXPARAM_MIP_Strategy_File valid evaluations: 3, invalid evaluations: 0, c_p: 4.61, s_p: 0, selected_stage_1: No, discarded_by_threshold: No
[DEBUG]:[19:08:17] Parameter CPXPARAM_Emphasis_Numerical valid evaluations: 1, invalid evaluations: 0, c_p: 12.94, s_p: 0, selected_stage_1: No, discarded_by_threshold: No
[DEBUG]:[19:08:17] Parameter CPXPARAM_Preprocessing_Reduce valid evaluations: 3, invalid evaluations: 0, c_p: 5.45, s_p: 12.6872, selected_stage_1: No, discarded_by_threshold: No
[DEBUG]:[19:08:17] Parameter CPXPARAM_Preprocessing_Relax valid evaluations: 2, invalid evaluations: 0, c_p: 4.61, s_p: 0.4, selected_stage_1: No, discarded_by_threshold: No
[DEBUG]:[19:08:17] Parameter CPXPARAM_Preprocessing_Dependency is dominated by parameter CPXPARAM_Preprocessing_Relax.
[DEBUG]:[19:08:17] Parameter CPXPARAM_Feasopt_Mode is dominated by parameter CPXPARAM_Preprocessing_Dependency.
[DEBUG]:[19:08:17] Parameter CPXPARAM_Emphasis_Memory is dominated by parameter CPXPARAM_Preprocessing_Dependency.
[DEBUG]:[19:08:17] Parameter CPXPARAM_Network_NetFind is dominated by parameter CPXPARAM_Preprocessing_Dependency.
[DEBUG]:[19:08:17] Parameter CPXPARAM_Network_Pricing is dominated by parameter CPXPARAM_Preprocessing_Dependency.
[DEBUG]:[19:08:17] Parameter CPXPARAM_MIP_Strategy_File is dominated by parameter CPXPARAM_Preprocessing_Dependency.
[DEBUG]:[19:08:17] Parameter CPXPARAM_Emphasis_Numerical is dominated by parameter CPXPARAM_Preprocessing_Dependency.
[DEBUG]:[19:08:17] Parameter CPXPARAM_Preprocessing_Dependency metrics - c_p: 4.61, s_p: 0.271355, selected_stage_1: No, discarded_by_threshold: No, dominated: Yes
[DEBUG]:[19:08:17] Parameter CPXPARAM_Feasopt_Mode metrics - c_p: 4.61, s_p: 0, selected_stage_1: No, discarded_by_threshold: No, dominated: Yes
[DEBUG]:[19:08:17] Parameter CPXPARAM_Emphasis_Memory metrics - c_p: 7.41, s_p: 0, selected_stage_1: No, discarded_by_threshold: No, dominated: Yes
[DEBUG]:[19:08:17] Parameter CPXPARAM_MIP_OrderType metrics - c_p: 5.83, s_p: 18.2708, selected_stage_1: No, discarded_by_threshold: No, dominated: No
[DEBUG]:[19:08:17] Parameter CPXPARAM_Network_NetFind metrics - c_p: 4.61, s_p: 0, selected_stage_1: No, discarded_by_threshold: No, dominated: Yes
[DEBUG]:[19:08:17] Parameter CPXPARAM_Network_Pricing metrics - c_p: 4.61, s_p: 0, selected_stage_1: No, discarded_by_threshold: No, dominated: Yes
[DEBUG]:[19:08:17] Parameter CPXPARAM_MIP_Strategy_File metrics - c_p: 4.61, s_p: 0, selected_stage_1: No, discarded_by_threshold: No, dominated: Yes
[DEBUG]:[19:08:17] Parameter CPXPARAM_Emphasis_Numerical metrics - c_p: 12.94, s_p: 0, selected_stage_1: No, discarded_by_threshold: No, dominated: Yes
[DEBUG]:[19:08:17] Parameter CPXPARAM_Preprocessing_Reduce metrics - c_p: 5.45, s_p: 12.6872, selected_stage_1: No, discarded_by_threshold: No, dominated: No
[DEBUG]:[19:08:17] Parameter CPXPARAM_Preprocessing_Relax metrics - c_p: 4.61, s_p: 0.4, selected_stage_1: No, discarded_by_threshold: No, dominated: No
[INFO]:[19:08:17] Updating parameter flags based on classification...
[INFO]:[19:08:17] Parameter CPXPARAM_Preprocessing_Dependency discarded from tuning.
[INFO]:[19:08:17] Parameter CPXPARAM_Feasopt_Mode discarded from tuning.
[INFO]:[19:08:17] Parameter CPXPARAM_Emphasis_Memory discarded from tuning.
[INFO]:[19:08:17] Parameter CPXPARAM_MIP_OrderType selected for tuning.
[INFO]:[19:08:17] Parameter CPXPARAM_Network_NetFind discarded from tuning.
[INFO]:[19:08:17] Parameter CPXPARAM_Network_Pricing discarded from tuning.
[INFO]:[19:08:17] Parameter CPXPARAM_MIP_Strategy_File discarded from tuning.
[INFO]:[19:08:17] Parameter CPXPARAM_Emphasis_Numerical discarded from tuning.
[INFO]:[19:08:17] Parameter CPXPARAM_Preprocessing_Reduce selected for tuning.
[INFO]:[19:08:17] Parameter CPXPARAM_Preprocessing_Relax selected for tuning.
[DEBUG]:[19:08:17] Classified parameters at iteration 6 - To Select: 3, To Discard: 7
[DEBUG]:[19:08:17] Parameter: CPXPARAM_Preprocessing_Dependency, To Select: No, To Discard: Yes
[DEBUG]:[19:08:17] Parameter: CPXPARAM_Feasopt_Mode, To Select: No, To Discard: Yes
[DEBUG]:[19:08:17] Parameter: CPXPARAM_Emphasis_Memory, To Select: No, To Discard: Yes
[DEBUG]:[19:08:17] Parameter: CPXPARAM_MIP_OrderType, To Select: Yes, To Discard: No
[DEBUG]:[19:08:17] Parameter: CPXPARAM_Network_NetFind, To Select: No, To Discard: Yes
[DEBUG]:[19:08:17] Parameter: CPXPARAM_Network_Pricing, To Select: No, To Discard: Yes
[DEBUG]:[19:08:17] Parameter: CPXPARAM_MIP_Strategy_File, To Select: No, To Discard: Yes
[DEBUG]:[19:08:17] Parameter: CPXPARAM_Emphasis_Numerical, To Select: No, To Discard: Yes
[DEBUG]:[19:08:17] Parameter: CPXPARAM_Preprocessing_Reduce, To Select: Yes, To Discard: No
[DEBUG]:[19:08:17] Parameter: CPXPARAM_Preprocessing_Relax, To Select: Yes, To Discard: No
[INFO]:[19:08:17] Added 27 evaluations to memory from expansion phase at iteration 6
[INFO]:[19:08:17] Expansion phase completed.
[INFO]:[19:08:17] Starting pruning phase...
[INFO]:[19:08:17] Writing learner file for pruning phase: /scratch/yorig/mpils-results-grid-ticks-10000-7may/medium-1/16proc-16pils/seed-8/9_neos-3024952-loue_seed-8_20260510_190554/pruning/input/learner_file_6.txt
[INFO]:[19:08:17] Learner file written successfully: /scratch/yorig/mpils-results-grid-ticks-10000-7may/medium-1/16proc-16pils/seed-8/9_neos-3024952-loue_seed-8_20260510_190554/pruning/input/learner_file_6.txt
[INFO]:[19:08:17] Extracting forbidden tuples from memory...
[INFO]:[19:08:17] Redirecting learner stdout/stderr to: /scratch/yorig/mpils-results-grid-ticks-10000-7may/medium-1/16proc-16pils/seed-8/9_neos-3024952-loue_seed-8_20260510_190554/pruning/learner_iteration_6.log
[INFO]:[19:08:17] Forbidden tuples extracted: 98
[INFO]:[19:08:17] Applying pruning with 98 forbidden tuples...
[DEBUG]:[19:08:17] Adding forbidden value from single-element tuple: CPXPARAM_Emphasis_MIP=2
[DEBUG]:[19:08:17] Adding forbidden value from single-element tuple: CPXPARAM_Emphasis_MIP=4
[DEBUG]:[19:08:17] Adding forbidden value from single-element tuple: CPXPARAM_Emphasis_Memory=1
[DEBUG]:[19:08:17] Adding forbidden value from single-element tuple: CPXPARAM_Emphasis_Numerical=1
[DEBUG]:[19:08:17] Adding forbidden value from single-element tuple: CPXPARAM_Feasopt_Mode=1
[DEBUG]:[19:08:17] Adding forbidden value from single-element tuple: CPXPARAM_MIP_Cuts_Covers=1
[DEBUG]:[19:08:17] Adding forbidden value from single-element tuple: CPXPARAM_MIP_Cuts_Covers=3
[DEBUG]:[19:08:17] Adding forbidden value from single-element tuple: CPXPARAM_MIP_Cuts_Disjunctive=0
[DEBUG]:[19:08:17] Adding forbidden value from single-element tuple: CPXPARAM_MIP_Cuts_MIRCut=1
[DEBUG]:[19:08:17] Adding forbidden value from single-element tuple: CPXPARAM_MIP_Cuts_MIRCut=2
[DEBUG]:[19:08:17] Adding forbidden value from single-element tuple: CPXPARAM_MIP_Limits_AggForCut=2
[DEBUG]:[19:08:17] Adding forbidden value from single-element tuple: CPXPARAM_MIP_Limits_AggForCut=5
[DEBUG]:[19:08:17] Adding forbidden value from single-element tuple: CPXPARAM_MIP_Limits_AggForCut=10
[DEBUG]:[19:08:17] Adding forbidden value from single-element tuple: CPXPARAM_MIP_Limits_CutsFactor=1
[DEBUG]:[19:08:17] Adding forbidden value from single-element tuple: CPXPARAM_MIP_Limits_CutsFactor=2
[DEBUG]:[19:08:17] Adding forbidden value from single-element tuple: CPXPARAM_MIP_Limits_GomoryCand=150
[DEBUG]:[19:08:17] Adding forbidden value from single-element tuple: CPXPARAM_MIP_Limits_GomoryCand=200
[DEBUG]:[19:08:17] Adding forbidden value from single-element tuple: CPXPARAM_MIP_Limits_GomoryCand=400
[DEBUG]:[19:08:17] Adding forbidden value from single-element tuple: CPXPARAM_MIP_OrderType=1
[DEBUG]:[19:08:17] Adding forbidden value from single-element tuple: CPXPARAM_MIP_OrderType=2
[DEBUG]:[19:08:17] Adding forbidden value from single-element tuple: CPXPARAM_MIP_OrderType=3
[DEBUG]:[19:08:17] Adding forbidden value from single-element tuple: CPXPARAM_MIP_Strategy_BBInterval=2
[DEBUG]:[19:08:17] Adding forbidden value from single-element tuple: CPXPARAM_MIP_Strategy_BBInterval=10
[DEBUG]:[19:08:17] Adding forbidden value from single-element tuple: CPXPARAM_MIP_Strategy_Branch=1
[DEBUG]:[19:08:17] Adding forbidden value from single-element tuple: CPXPARAM_MIP_Strategy_Dive=2
[DEBUG]:[19:08:17] Adding forbidden value from single-element tuple: CPXPARAM_MIP_Strategy_Dive=3
[DEBUG]:[19:08:17] Adding forbidden value from single-element tuple: CPXPARAM_MIP_Strategy_File=1
[DEBUG]:[19:08:17] Adding forbidden value from single-element tuple: CPXPARAM_MIP_Strategy_HeuristicFreq=20
[DEBUG]:[19:08:17] Adding forbidden value from single-element tuple: CPXPARAM_MIP_Strategy_NodeSelect=2
[DEBUG]:[19:08:17] Adding forbidden value from single-element tuple: CPXPARAM_MIP_Strategy_PresolveNode=1
[DEBUG]:[19:08:17] Adding forbidden value from single-element tuple: CPXPARAM_MIP_Strategy_Probe=0
[DEBUG]:[19:08:17] Adding forbidden value from single-element tuple: CPXPARAM_MIP_Strategy_RINSHeur=20
[DEBUG]:[19:08:17] Adding forbidden value from single-element tuple: CPXPARAM_MIP_Strategy_RINSHeur=60
[DEBUG]:[19:08:17] Adding forbidden value from single-element tuple: CPXPARAM_MIP_Strategy_RINSHeur=100
[DEBUG]:[19:08:17] Adding forbidden value from single-element tuple: CPXPARAM_MIP_Strategy_RINSHeur=200
[DEBUG]:[19:08:17] Adding forbidden value from single-element tuple: CPXPARAM_MIP_Strategy_RINSHeur=500
[DEBUG]:[19:08:17] Adding forbidden value from single-element tuple: CPXPARAM_MIP_Strategy_RINSHeur=1000
[DEBUG]:[19:08:17] Adding forbidden value from single-element tuple: CPXPARAM_MIP_Strategy_StartAlgorithm=1
[DEBUG]:[19:08:17] Adding forbidden value from single-element tuple: CPXPARAM_MIP_Strategy_StartAlgorithm=2
[DEBUG]:[19:08:17] Adding forbidden value from single-element tuple: CPXPARAM_MIP_Strategy_StartAlgorithm=3
[DEBUG]:[19:08:17] Adding forbidden value from single-element tuple: CPXPARAM_MIP_Strategy_StartAlgorithm=4
[DEBUG]:[19:08:17] Adding forbidden value from single-element tuple: CPXPARAM_MIP_Strategy_StartAlgorithm=6
[DEBUG]:[19:08:17] Adding forbidden value from single-element tuple: CPXPARAM_MIP_Strategy_SubAlgorithm=1
[DEBUG]:[19:08:17] Adding forbidden value from single-element tuple: CPXPARAM_MIP_Strategy_SubAlgorithm=2
[DEBUG]:[19:08:17] Adding forbidden value from single-element tuple: CPXPARAM_MIP_Strategy_SubAlgorithm=4
[DEBUG]:[19:08:17] Adding forbidden value from single-element tuple: CPXPARAM_MIP_Strategy_SubAlgorithm=5
[DEBUG]:[19:08:17] Adding forbidden value from single-element tuple: CPXPARAM_MIP_Strategy_VariableSelect=0
[DEBUG]:[19:08:17] Adding forbidden value from single-element tuple: CPXPARAM_MIP_Strategy_VariableSelect=1
[DEBUG]:[19:08:17] Adding forbidden value from single-element tuple: CPXPARAM_MIP_Strategy_VariableSelect=2
[DEBUG]:[19:08:17] Adding forbidden value from single-element tuple: CPXPARAM_MIP_Strategy_VariableSelect=3
[DEBUG]:[19:08:17] Adding forbidden value from single-element tuple: CPXPARAM_MIP_Strategy_VariableSelect=4
[DEBUG]:[19:08:17] Adding forbidden value from single-element tuple: CPXPARAM_Network_NetFind=2
[DEBUG]:[19:08:17] Adding forbidden value from single-element tuple: CPXPARAM_Preprocessing_BoundStrength=1
[DEBUG]:[19:08:17] Adding forbidden value from single-element tuple: CPXPARAM_Preprocessing_CoeffReduce=0
[DEBUG]:[19:08:17] Adding forbidden value from single-element tuple: CPXPARAM_Preprocessing_Fill=5
[DEBUG]:[19:08:17] Adding forbidden value from single-element tuple: CPXPARAM_Preprocessing_Fill=40
[DEBUG]:[19:08:17] Adding forbidden value from single-element tuple: CPXPARAM_Preprocessing_Presolve=1
[DEBUG]:[19:08:17] Adding forbidden value from single-element tuple: CPXPARAM_Preprocessing_Reduce=1
[DEBUG]:[19:08:17] Adding forbidden value from single-element tuple: CPXPARAM_Preprocessing_Reduce=2
[DEBUG]:[19:08:17] Adding forbidden value from single-element tuple: CPXPARAM_Preprocessing_Relax=0
[DEBUG]:[19:08:17] Adding forbidden value from single-element tuple: CPXPARAM_Simplex_Crash=1
[DEBUG]:[19:08:17] Adding forbidden value from single-element tuple: CPXPARAM_Simplex_DGradient=2
[DEBUG]:[19:08:17] Adding forbidden value from single-element tuple: CPXPARAM_Simplex_DGradient=3
[DEBUG]:[19:08:17] Adding forbidden value from single-element tuple: CPXPARAM_Simplex_DGradient=4
[DEBUG]:[19:08:17] Adding forbidden value from single-element tuple: CPXPARAM_Simplex_PGradient=1
[DEBUG]:[19:08:17] Adding forbidden value from single-element tuple: CPXPARAM_Simplex_PGradient=2
[DEBUG]:[19:08:17] Adding forbidden value from single-element tuple: CPXPARAM_Simplex_PGradient=3
[DEBUG]:[19:08:17] Adding forbidden value from single-element tuple: CPXPARAM_Simplex_PGradient=4
[DEBUG]:[19:08:17] Adding forbidden tuple of size 2: 
[DEBUG]:[19:08:17]   CPXPARAM_Advance=1
[DEBUG]:[19:08:17]   CPXPARAM_Barrier_Crossover=1
[DEBUG]:[19:08:17] Adding forbidden tuple of size 2: 
[DEBUG]:[19:08:17]   CPXPARAM_Advance=1
[DEBUG]:[19:08:17]   CPXPARAM_Barrier_Crossover=2
[DEBUG]:[19:08:17] Adding forbidden tuple of size 2: 
[DEBUG]:[19:08:17]   CPXPARAM_Advance=1
[DEBUG]:[19:08:17]   CPXPARAM_Barrier_Ordering=1
[DEBUG]:[19:08:17] Adding forbidden tuple of size 2: 
[DEBUG]:[19:08:17]   CPXPARAM_Advance=1
[DEBUG]:[19:08:17]   CPXPARAM_Barrier_Ordering=2
[DEBUG]:[19:08:17] Adding forbidden tuple of size 2: 
[DEBUG]:[19:08:17]   CPXPARAM_Advance=1
[DEBUG]:[19:08:17]   CPXPARAM_Barrier_Ordering=3
[DEBUG]:[19:08:17] Adding forbidden tuple of size 2: 
[DEBUG]:[19:08:17]   CPXPARAM_Advance=1
[DEBUG]:[19:08:17]   CPXPARAM_Barrier_StartAlg=2
[DEBUG]:[19:08:17] Adding forbidden tuple of size 2: 
[DEBUG]:[19:08:17]   CPXPARAM_Advance=1
[DEBUG]:[19:08:17]   CPXPARAM_Barrier_StartAlg=3
[DEBUG]:[19:08:17] Adding forbidden tuple of size 2: 
[DEBUG]:[19:08:17]   CPXPARAM_Advance=1
[DEBUG]:[19:08:17]   CPXPARAM_Barrier_StartAlg=4
[DEBUG]:[19:08:17] Adding forbidden tuple of size 2: 
[DEBUG]:[19:08:17]   CPXPARAM_Advance=1
[DEBUG]:[19:08:17]   CPXPARAM_Emphasis_MIP=1
[DEBUG]:[19:08:17] Adding forbidden tuple of size 2: 
[DEBUG]:[19:08:17]   CPXPARAM_Advance=1
[DEBUG]:[19:08:17]   CPXPARAM_Emphasis_MIP=2
[DEBUG]:[19:08:17] Adding forbidden tuple of size 2: 
[DEBUG]:[19:08:17]   CPXPARAM_Advance=1
[DEBUG]:[19:08:17]   CPXPARAM_Emphasis_MIP=3
[DEBUG]:[19:08:17] Adding forbidden tuple of size 2: 
[DEBUG]:[19:08:17]   CPXPARAM_Advance=1
[DEBUG]:[19:08:17]   CPXPARAM_Emphasis_MIP=4
[DEBUG]:[19:08:17] Adding forbidden tuple of size 2: 
[DEBUG]:[19:08:17]   CPXPARAM_Advance=1
[DEBUG]:[19:08:17]   CPXPARAM_Emphasis_MIP=5
[DEBUG]:[19:08:17] Adding forbidden tuple of size 2: 
[DEBUG]:[19:08:17]   CPXPARAM_Advance=1
[DEBUG]:[19:08:17]   CPXPARAM_Emphasis_Memory=1
[DEBUG]:[19:08:17] Adding forbidden tuple of size 2: 
[DEBUG]:[19:08:17]   CPXPARAM_Advance=1
[DEBUG]:[19:08:17]   CPXPARAM_Emphasis_Numerical=1
[DEBUG]:[19:08:17] Adding forbidden tuple of size 2: 
[DEBUG]:[19:08:17]   CPXPARAM_Advance=1
[DEBUG]:[19:08:17]   CPXPARAM_Feasopt_Mode=1
[DEBUG]:[19:08:17] Adding forbidden tuple of size 2: 
[DEBUG]:[19:08:17]   CPXPARAM_Advance=1
[DEBUG]:[19:08:17]   CPXPARAM_Feasopt_Mode=2
[DEBUG]:[19:08:17] Adding forbidden tuple of size 2: 
[DEBUG]:[19:08:17]   CPXPARAM_Advance=1
[DEBUG]:[19:08:17]   CPXPARAM_Feasopt_Mode=3
[DEBUG]:[19:08:17] Adding forbidden tuple of size 2: 
[DEBUG]:[19:08:17]   CPXPARAM_Advance=1
[DEBUG]:[19:08:17]   CPXPARAM_Feasopt_Mode=4
[DEBUG]:[19:08:17] Adding forbidden tuple of size 2: 
[DEBUG]:[19:08:17]   CPXPARAM_Advance=1
[DEBUG]:[19:08:17]   CPXPARAM_Feasopt_Mode=5
[DEBUG]:[19:08:17] Adding forbidden tuple of size 2: 
[DEBUG]:[19:08:17]   CPXPARAM_Advance=1
[DEBUG]:[19:08:17]   CPXPARAM_MIP_Cuts_Cliques=0
[DEBUG]:[19:08:17] Adding forbidden tuple of size 2: 
[DEBUG]:[19:08:17]   CPXPARAM_Advance=1
[DEBUG]:[19:08:17]   CPXPARAM_MIP_Cuts_Cliques=1
[DEBUG]:[19:08:17] Adding forbidden tuple of size 2: 
[DEBUG]:[19:08:17]   CPXPARAM_Advance=1
[DEBUG]:[19:08:17]   CPXPARAM_MIP_Cuts_Cliques=2
[DEBUG]:[19:08:17] Adding forbidden tuple of size 2: 
[DEBUG]:[19:08:17]   CPXPARAM_Advance=1
[DEBUG]:[19:08:17]   CPXPARAM_MIP_Cuts_Cliques=3
[DEBUG]:[19:08:17] Adding forbidden tuple of size 2: 
[DEBUG]:[19:08:17]   CPXPARAM_Advance=1
[DEBUG]:[19:08:17]   CPXPARAM_MIP_Cuts_Covers=0
[DEBUG]:[19:08:17] Adding forbidden tuple of size 2: 
[DEBUG]:[19:08:17]   CPXPARAM_Advance=1
[DEBUG]:[19:08:17]   CPXPARAM_MIP_Cuts_Covers=1
[DEBUG]:[19:08:17] Adding forbidden tuple of size 2: 
[DEBUG]:[19:08:17]   CPXPARAM_Advance=1
[DEBUG]:[19:08:17]   CPXPARAM_MIP_Cuts_Covers=2
[DEBUG]:[19:08:17] Adding forbidden tuple of size 2: 
[DEBUG]:[19:08:17]   CPXPARAM_Advance=1
[DEBUG]:[19:08:17]   CPXPARAM_MIP_Cuts_Covers=3
[DEBUG]:[19:08:17] Adding forbidden tuple of size 2: 
[DEBUG]:[19:08:17]   CPXPARAM_Advance=1
[DEBUG]:[19:08:17]   CPXPARAM_MIP_Cuts_Disjunctive=0
[DEBUG]:[19:08:17] Adding forbidden tuple of size 2: 
[DEBUG]:[19:08:17]   CPXPARAM_Advance=1
[DEBUG]:[19:08:17]   CPXPARAM_MIP_Cuts_Disjunctive=1
[INFO]:[19:08:17] Pruning applied successfully.
[INFO]:[19:08:17] Pruning phase completed.
[INFO]:[19:08:17] Completed iteration 6
[INFO]:[19:08:17] Starting iteration 7
[INFO]:[19:08:17] Starting exploration phase...
[INFO]:[19:08:17] Selecting number of evaluations for tuning phase...
[INFO]:[19:08:17] Selecting initial configurations for tuning phase...
[INFO]:[19:08:17] Using worker 0 best exploration configuration without MIP start as master ILS initial configuration.
[INFO]:[19:08:17] Worker 1 global-best exploration initial configuration matches master; using a random diversified initial configuration.
[INFO]:[19:08:17] Number of evaluations for this tuning phase: 27
[INFO]:[19:08:17] ILS shared cache is disabled for this exploration phase.
[INFO]:[19:08:17] Local search backend for this exploration phase: iterated_local_search
[INFO]:[19:08:17] Running IteratedLocalSearch Engine...
[INFO]:[19:08:17] Mip start is disabled for this iteration.
[INFO]:[19:08:17] Writing ILS search space file for worker 0...
[INFO]:[19:08:17] Warning: Initial value for parameter CPXPARAM_Emphasis_MIP is forbidden. So unforbidden it for the ILS initial configuration at iteration 7.
[INFO]:[19:08:17] Warning: Initial value for parameter CPXPARAM_MIP_Cuts_Disjunctive is forbidden. So unforbidden it for the ILS initial configuration at iteration 7.
[INFO]:[19:08:17] Warning: Initial value for parameter CPXPARAM_MIP_Cuts_FlowCovers is forbidden. So unforbidden it for the ILS initial configuration at iteration 7.
[INFO]:[19:08:17] Warning: Initial value for parameter CPXPARAM_MIP_Cuts_Gomory is forbidden. So unforbidden it for the ILS initial configuration at iteration 7.
[INFO]:[19:08:17] Warning: Initial value for parameter CPXPARAM_MIP_Strategy_VariableSelect is forbidden. So unforbidden it for the ILS initial configuration at iteration 7.
[INFO]:[19:08:17] Warning: Initial value for parameter CPXPARAM_Preprocessing_Dual is forbidden. So unforbidden it for the ILS initial configuration at iteration 7.
[INFO]:[19:08:17] Warning: Initial configuration contains a forbidden tuple. So unforbidden it for ILS at iteration 7.
[INFO]:[19:08:17] Warning: Initial configuration contains a forbidden tuple. So unforbidden it for ILS at iteration 7.
[INFO]:[19:08:17] Warning: Initial configuration contains a forbidden tuple. So unforbidden it for ILS at iteration 7.
[INFO]:[19:08:17] Warning: Initial configuration contains a forbidden tuple. So unforbidden it for ILS at iteration 7.
[INFO]:[19:08:17] Warning: Initial configuration contains a forbidden tuple. So unforbidden it for ILS at iteration 7.
[INFO]:[19:08:17] Warning: Initial configuration contains a forbidden tuple. So unforbidden it for ILS at iteration 7.
[INFO]:[19:08:17] Warning: Initial configuration contains a forbidden tuple. So unforbidden it for ILS at iteration 7.
[INFO]:[19:08:17] Warning: Initial configuration contains a forbidden tuple. So unforbidden it for ILS at iteration 7.
[INFO]:[19:08:17] Warning: Initial configuration contains a forbidden tuple. So unforbidden it for ILS at iteration 7.
[INFO]:[19:08:17] ILS search space file written: /scratch/yorig/mpils-results-grid-ticks-10000-7may/medium-1/16proc-16pils/seed-8/9_neos-3024952-loue_seed-8_20260510_190554/iterated_local_search/search_space/search_space_file_7.txt
[INFO]:[19:08:17] Writing ILS search space file for worker 1...
[INFO]:[19:08:17] Warning: Initial value for parameter CPXPARAM_Emphasis_MIP is forbidden. So unforbidden it for the ILS initial configuration at iteration 7.
[INFO]:[19:08:17] Warning: Initial value for parameter CPXPARAM_MIP_Cuts_Disjunctive is forbidden. So unforbidden it for the ILS initial configuration at iteration 7.
[INFO]:[19:08:17] Warning: Initial value for parameter CPXPARAM_MIP_Cuts_GUBCovers is forbidden. So unforbidden it for the ILS initial configuration at iteration 7.
[INFO]:[19:08:17] Warning: Initial value for parameter CPXPARAM_MIP_Strategy_VariableSelect is forbidden. So unforbidden it for the ILS initial configuration at iteration 7.
[INFO]:[19:08:17] Warning: Initial value for parameter CPXPARAM_Simplex_DGradient is forbidden. So unforbidden it for the ILS initial configuration at iteration 7.
[INFO]:[19:08:17] Warning: Initial value for parameter CPXPARAM_MIP_OrderType is forbidden. So unforbidden it for the ILS initial configuration at iteration 7.
[INFO]:[19:08:17] Warning: Initial value for parameter CPXPARAM_Preprocessing_Relax is forbidden. So unforbidden it for the ILS initial configuration at iteration 7.
[INFO]:[19:08:17] Warning: Initial configuration contains a forbidden tuple. So unforbidden it for ILS at iteration 7.
[INFO]:[19:08:17] Warning: Initial configuration contains a forbidden tuple. So unforbidden it for ILS at iteration 7.
[INFO]:[19:08:17] Warning: Initial configuration contains a forbidden tuple. So unforbidden it for ILS at iteration 7.
[INFO]:[19:08:17] Warning: Initial configuration contains a forbidden tuple. So unforbidden it for ILS at iteration 7.
[INFO]:[19:08:17] Warning: Initial configuration contains a forbidden tuple. So unforbidden it for ILS at iteration 7.
[INFO]:[19:08:17] Warning: Initial configuration contains a forbidden tuple. So unforbidden it for ILS at iteration 7.
[INFO]:[19:08:17] Warning: Initial configuration contains a forbidden tuple. So unforbidden it for ILS at iteration 7.
[INFO]:[19:08:17] Warning: Initial configuration contains a forbidden tuple. So unforbidden it for ILS at iteration 7.
[INFO]:[19:08:17] Warning: Initial configuration contains a forbidden tuple. So unforbidden it for ILS at iteration 7.
[INFO]:[19:08:17] ILS search space file written: /scratch/yorig/mpils-results-grid-ticks-10000-7may/medium-1/16proc-16pils/seed-8/9_neos-3024952-loue_seed-8_20260510_190554/iterated_local_search/search_space/search_space_file_7_worker_1.txt
[INFO]:[19:08:17] Writing ILS search space file for worker 2...
[INFO]:[19:08:17] Warning: Initial value for parameter CPXPARAM_Emphasis_MIP is forbidden. So unforbidden it for the ILS initial configuration at iteration 7.
[INFO]:[19:08:17] Warning: Initial value for parameter CPXPARAM_MIP_Cuts_MIRCut is forbidden. So unforbidden it for the ILS initial configuration at iteration 7.
[INFO]:[19:08:17] Warning: Initial value for parameter CPXPARAM_MIP_Cuts_GUBCovers is forbidden. So unforbidden it for the ILS initial configuration at iteration 7.
[INFO]:[19:08:17] Warning: Initial value for parameter CPXPARAM_MIP_Cuts_Gomory is forbidden. So unforbidden it for the ILS initial configuration at iteration 7.
[INFO]:[19:08:17] Warning: Initial value for parameter CPXPARAM_MIP_Limits_GomoryCand is forbidden. So unforbidden it for the ILS initial configuration at iteration 7.
[INFO]:[19:08:17] Warning: Initial value for parameter CPXPARAM_MIP_Strategy_VariableSelect is forbidden. So unforbidden it for the ILS initial configuration at iteration 7.
[INFO]:[19:08:17] Warning: Initial value for parameter CPXPARAM_MIP_Limits_CutsFactor is forbidden. So unforbidden it for the ILS initial configuration at iteration 7.
[INFO]:[19:08:17] Warning: Initial value for parameter CPXPARAM_MIP_Strategy_SubAlgorithm is forbidden. So unforbidden it for the ILS initial configuration at iteration 7.
[INFO]:[19:08:17] Warning: Initial value for parameter CPXPARAM_Simplex_DGradient is forbidden. So unforbidden it for the ILS initial configuration at iteration 7.
[INFO]:[19:08:17] Warning: Initial value for parameter CPXPARAM_MIP_Limits_AggForCut is forbidden. So unforbidden it for the ILS initial configuration at iteration 7.
[INFO]:[19:08:17] Warning: Initial value for parameter CPXPARAM_MIP_OrderType is forbidden. So unforbidden it for the ILS initial configuration at iteration 7.
[INFO]:[19:08:17] Warning: Initial configuration contains a forbidden tuple. So unforbidden it for ILS at iteration 7.
[INFO]:[19:08:17] Warning: Initial configuration contains a forbidden tuple. So unforbidden it for ILS at iteration 7.
[INFO]:[19:08:17] Warning: Initial configuration contains a forbidden tuple. So unforbidden it for ILS at iteration 7.
[INFO]:[19:08:17] Warning: Initial configuration contains a forbidden tuple. So unforbidden it for ILS at iteration 7.
[INFO]:[19:08:17] Warning: Initial configuration contains a forbidden tuple. So unforbidden it for ILS at iteration 7.
[INFO]:[19:08:17] Warning: Initial configuration contains a forbidden tuple. So unforbidden it for ILS at iteration 7.
[INFO]:[19:08:17] Warning: Initial configuration contains a forbidden tuple. So unforbidden it for ILS at iteration 7.
[INFO]:[19:08:17] Warning: Initial configuration contains a forbidden tuple. So unforbidden it for ILS at iteration 7.
[INFO]:[19:08:17] ILS search space file written: /scratch/yorig/mpils-results-grid-ticks-10000-7may/medium-1/16proc-16pils/seed-8/9_neos-3024952-loue_seed-8_20260510_190554/iterated_local_search/search_space/search_space_file_7_worker_2.txt
[INFO]:[19:08:17] Writing ILS search space file for worker 3...
[INFO]:[19:08:17] Warning: Initial value for parameter CPXPARAM_Emphasis_MIP is forbidden. So unforbidden it for the ILS initial configuration at iteration 7.
[INFO]:[19:08:17] Warning: Initial value for parameter CPXPARAM_MIP_Cuts_Disjunctive is forbidden. So unforbidden it for the ILS initial configuration at iteration 7.
[INFO]:[19:08:17] Warning: Initial value for parameter CPXPARAM_MIP_Cuts_FlowCovers is forbidden. So unforbidden it for the ILS initial configuration at iteration 7.
[INFO]:[19:08:17] Warning: Initial value for parameter CPXPARAM_MIP_Cuts_Gomory is forbidden. So unforbidden it for the ILS initial configuration at iteration 7.
[INFO]:[19:08:17] Warning: Initial value for parameter CPXPARAM_MIP_Limits_GomoryCand is forbidden. So unforbidden it for the ILS initial configuration at iteration 7.
[INFO]:[19:08:17] Warning: Initial value for parameter CPXPARAM_MIP_Strategy_VariableSelect is forbidden. So unforbidden it for the ILS initial configuration at iteration 7.
[INFO]:[19:08:17] Warning: Initial value for parameter CPXPARAM_Preprocessing_Dual is forbidden. So unforbidden it for the ILS initial configuration at iteration 7.
[INFO]:[19:08:17] Warning: Initial value for parameter CPXPARAM_MIP_Strategy_HeuristicFreq is forbidden. So unforbidden it for the ILS initial configuration at iteration 7.
[INFO]:[19:08:17] Warning: Initial value for parameter CPXPARAM_MIP_Limits_AggForCut is forbidden. So unforbidden it for the ILS initial configuration at iteration 7.
[INFO]:[19:08:17] Warning: Initial value for parameter CPXPARAM_MIP_OrderType is forbidden. So unforbidden it for the ILS initial configuration at iteration 7.
[INFO]:[19:08:17] Warning: Initial value for parameter CPXPARAM_Preprocessing_Reduce is forbidden. So unforbidden it for the ILS initial configuration at iteration 7.
[INFO]:[19:08:17] Warning: Initial configuration contains a forbidden tuple. So unforbidden it for ILS at iteration 7.
[INFO]:[19:08:17] Warning: Initial configuration contains a forbidden tuple. So unforbidden it for ILS at iteration 7.
[INFO]:[19:08:17] Warning: Initial configuration contains a forbidden tuple. So unforbidden it for ILS at iteration 7.
[INFO]:[19:08:17] Warning: Initial configuration contains a forbidden tuple. So unforbidden it for ILS at iteration 7.
[INFO]:[19:08:17] Warning: Initial configuration contains a forbidden tuple. So unforbidden it for ILS at iteration 7.
[INFO]:[19:08:17] Warning: Initial configuration contains a forbidden tuple. So unforbidden it for ILS at iteration 7.
[INFO]:[19:08:17] Warning: Initial configuration contains a forbidden tuple. So unforbidden it for ILS at iteration 7.
[INFO]:[19:08:17] Warning: Initial configuration contains a forbidden tuple. So unforbidden it for ILS at iteration 7.
[INFO]:[19:08:17] Warning: Initial configuration contains a forbidden tuple. So unforbidden it for ILS at iteration 7.
[INFO]:[19:08:17] ILS search space file written: /scratch/yorig/mpils-results-grid-ticks-10000-7may/medium-1/16proc-16pils/seed-8/9_neos-3024952-loue_seed-8_20260510_190554/iterated_local_search/search_space/search_space_file_7_worker_3.txt
[INFO]:[19:08:17] Writing ILS search space file for worker 4...
[INFO]:[19:08:17] Warning: Initial value for parameter CPXPARAM_Emphasis_MIP is forbidden. So unforbidden it for the ILS initial configuration at iteration 7.
[INFO]:[19:08:17] Warning: Initial value for parameter CPXPARAM_MIP_Cuts_MIRCut is forbidden. So unforbidden it for the ILS initial configuration at iteration 7.
[INFO]:[19:08:17] Warning: Initial value for parameter CPXPARAM_MIP_Cuts_Covers is forbidden. So unforbidden it for the ILS initial configuration at iteration 7.
[INFO]:[19:08:17] Warning: Initial value for parameter CPXPARAM_MIP_Strategy_VariableSelect is forbidden. So unforbidden it for the ILS initial configuration at iteration 7.
[INFO]:[19:08:17] Warning: Initial value for parameter CPXPARAM_MIP_Limits_CutsFactor is forbidden. So unforbidden it for the ILS initial configuration at iteration 7.
[INFO]:[19:08:17] Warning: Initial value for parameter CPXPARAM_Preprocessing_Dual is forbidden. So unforbidden it for the ILS initial configuration at iteration 7.
[INFO]:[19:08:17] Warning: Initial value for parameter CPXPARAM_MIP_Strategy_HeuristicFreq is forbidden. So unforbidden it for the ILS initial configuration at iteration 7.
[INFO]:[19:08:17] Warning: Initial value for parameter CPXPARAM_MIP_Strategy_SubAlgorithm is forbidden. So unforbidden it for the ILS initial configuration at iteration 7.
[INFO]:[19:08:17] Warning: Initial value for parameter CPXPARAM_MIP_Limits_AggForCut is forbidden. So unforbidden it for the ILS initial configuration at iteration 7.
[INFO]:[19:08:17] Warning: Initial value for parameter CPXPARAM_MIP_OrderType is forbidden. So unforbidden it for the ILS initial configuration at iteration 7.
[INFO]:[19:08:17] Warning: Initial value for parameter CPXPARAM_Preprocessing_Reduce is forbidden. So unforbidden it for the ILS initial configuration at iteration 7.
[INFO]:[19:08:17] Warning: Initial configuration contains a forbidden tuple. So unforbidden it for ILS at iteration 7.
[INFO]:[19:08:17] Warning: Initial configuration contains a forbidden tuple. So unforbidden it for ILS at iteration 7.
[INFO]:[19:08:17] Warning: Initial configuration contains a forbidden tuple. So unforbidden it for ILS at iteration 7.
[INFO]:[19:08:17] Warning: Initial configuration contains a forbidden tuple. So unforbidden it for ILS at iteration 7.
[INFO]:[19:08:17] Warning: Initial configuration contains a forbidden tuple. So unforbidden it for ILS at iteration 7.
[INFO]:[19:08:17] Warning: Initial configuration contains a forbidden tuple. So unforbidden it for ILS at iteration 7.
[INFO]:[19:08:17] Warning: Initial configuration contains a forbidden tuple. So unforbidden it for ILS at iteration 7.
[INFO]:[19:08:17] ILS search space file written: /scratch/yorig/mpils-results-grid-ticks-10000-7may/medium-1/16proc-16pils/seed-8/9_neos-3024952-loue_seed-8_20260510_190554/iterated_local_search/search_space/search_space_file_7_worker_4.txt
[INFO]:[19:08:17] Writing ILS search space file for worker 5...
[INFO]:[19:08:17] Warning: Initial value for parameter CPXPARAM_Emphasis_MIP is forbidden. So unforbidden it for the ILS initial configuration at iteration 7.
[INFO]:[19:08:17] Warning: Initial value for parameter CPXPARAM_MIP_Cuts_GUBCovers is forbidden. So unforbidden it for the ILS initial configuration at iteration 7.
[INFO]:[19:08:17] Warning: Initial value for parameter CPXPARAM_MIP_Limits_GomoryCand is forbidden. So unforbidden it for the ILS initial configuration at iteration 7.
[INFO]:[19:08:17] Warning: Initial value for parameter CPXPARAM_MIP_Cuts_Covers is forbidden. So unforbidden it for the ILS initial configuration at iteration 7.
[INFO]:[19:08:17] Warning: Initial value for parameter CPXPARAM_MIP_Strategy_VariableSelect is forbidden. So unforbidden it for the ILS initial configuration at iteration 7.
[INFO]:[19:08:17] Warning: Initial value for parameter CPXPARAM_MIP_Strategy_SubAlgorithm is forbidden. So unforbidden it for the ILS initial configuration at iteration 7.
[INFO]:[19:08:17] Warning: Initial value for parameter CPXPARAM_Simplex_DGradient is forbidden. So unforbidden it for the ILS initial configuration at iteration 7.
[INFO]:[19:08:17] Warning: Initial value for parameter CPXPARAM_MIP_Limits_AggForCut is forbidden. So unforbidden it for the ILS initial configuration at iteration 7.
[INFO]:[19:08:17] Warning: Initial value for parameter CPXPARAM_MIP_OrderType is forbidden. So unforbidden it for the ILS initial configuration at iteration 7.
[INFO]:[19:08:17] Warning: Initial value for parameter CPXPARAM_Preprocessing_Reduce is forbidden. So unforbidden it for the ILS initial configuration at iteration 7.
[INFO]:[19:08:17] Warning: Initial configuration contains a forbidden tuple. So unforbidden it for ILS at iteration 7.
[INFO]:[19:08:17] Warning: Initial configuration contains a forbidden tuple. So unforbidden it for ILS at iteration 7.
[INFO]:[19:08:17] Warning: Initial configuration contains a forbidden tuple. So unforbidden it for ILS at iteration 7.
[INFO]:[19:08:17] Warning: Initial configuration contains a forbidden tuple. So unforbidden it for ILS at iteration 7.
[INFO]:[19:08:17] Warning: Initial configuration contains a forbidden tuple. So unforbidden it for ILS at iteration 7.
[INFO]:[19:08:17] Warning: Initial configuration contains a forbidden tuple. So unforbidden it for ILS at iteration 7.
[INFO]:[19:08:17] Warning: Initial configuration contains a forbidden tuple. So unforbidden it for ILS at iteration 7.
[INFO]:[19:08:17] Warning: Initial configuration contains a forbidden tuple. So unforbidden it for ILS at iteration 7.
[INFO]:[19:08:17] Warning: Initial configuration contains a forbidden tuple. So unforbidden it for ILS at iteration 7.
[INFO]:[19:08:17] ILS search space file written: /scratch/yorig/mpils-results-grid-ticks-10000-7may/medium-1/16proc-16pils/seed-8/9_neos-3024952-loue_seed-8_20260510_190554/iterated_local_search/search_space/search_space_file_7_worker_5.txt
[INFO]:[19:08:17] Writing ILS search space file for worker 6...
[INFO]:[19:08:17] Warning: Initial value for parameter CPXPARAM_Emphasis_MIP is forbidden. So unforbidden it for the ILS initial configuration at iteration 7.
[INFO]:[19:08:17] Warning: Initial value for parameter CPXPARAM_MIP_Cuts_FlowCovers is forbidden. So unforbidden it for the ILS initial configuration at iteration 7.
[INFO]:[19:08:17] Warning: Initial value for parameter CPXPARAM_MIP_Limits_GomoryCand is forbidden. So unforbidden it for the ILS initial configuration at iteration 7.
[INFO]:[19:08:17] Warning: Initial value for parameter CPXPARAM_MIP_Strategy_VariableSelect is forbidden. So unforbidden it for the ILS initial configuration at iteration 7.
[INFO]:[19:08:17] Warning: Initial value for parameter CPXPARAM_MIP_Limits_AggForCut is forbidden. So unforbidden it for the ILS initial configuration at iteration 7.
[INFO]:[19:08:17] Warning: Initial value for parameter CPXPARAM_MIP_OrderType is forbidden. So unforbidden it for the ILS initial configuration at iteration 7.
[INFO]:[19:08:17] Warning: Initial value for parameter CPXPARAM_Preprocessing_Reduce is forbidden. So unforbidden it for the ILS initial configuration at iteration 7.
[INFO]:[19:08:17] Warning: Initial configuration contains a forbidden tuple. So unforbidden it for ILS at iteration 7.
[INFO]:[19:08:17] Warning: Initial configuration contains a forbidden tuple. So unforbidden it for ILS at iteration 7.
[INFO]:[19:08:17] Warning: Initial configuration contains a forbidden tuple. So unforbidden it for ILS at iteration 7.
[INFO]:[19:08:17] Warning: Initial configuration contains a forbidden tuple. So unforbidden it for ILS at iteration 7.
[INFO]:[19:08:17] Warning: Initial configuration contains a forbidden tuple. So unforbidden it for ILS at iteration 7.
[INFO]:[19:08:17] Warning: Initial configuration contains a forbidden tuple. So unforbidden it for ILS at iteration 7.
[INFO]:[19:08:17] Warning: Initial configuration contains a forbidden tuple. So unforbidden it for ILS at iteration 7.
[INFO]:[19:08:17] Warning: Initial configuration contains a forbidden tuple. So unforbidden it for ILS at iteration 7.
[INFO]:[19:08:17] ILS search space file written: /scratch/yorig/mpils-results-grid-ticks-10000-7may/medium-1/16proc-16pils/seed-8/9_neos-3024952-loue_seed-8_20260510_190554/iterated_local_search/search_space/search_space_file_7_worker_6.txt
[INFO]:[19:08:17] Writing ILS search space file for worker 7...
[INFO]:[19:08:17] Warning: Initial value for parameter CPXPARAM_MIP_Strategy_VariableSelect is forbidden. So unforbidden it for the ILS initial configuration at iteration 7.
[INFO]:[19:08:17] Warning: Initial value for parameter CPXPARAM_MIP_Limits_CutsFactor is forbidden. So unforbidden it for the ILS initial configuration at iteration 7.
[INFO]:[19:08:17] Warning: Initial value for parameter CPXPARAM_Preprocessing_Dual is forbidden. So unforbidden it for the ILS initial configuration at iteration 7.
[INFO]:[19:08:17] Warning: Initial value for parameter CPXPARAM_MIP_Strategy_HeuristicFreq is forbidden. So unforbidden it for the ILS initial configuration at iteration 7.
[INFO]:[19:08:17] Warning: Initial value for parameter CPXPARAM_Simplex_DGradient is forbidden. So unforbidden it for the ILS initial configuration at iteration 7.
[INFO]:[19:08:17] Warning: Initial value for parameter CPXPARAM_MIP_Limits_AggForCut is forbidden. So unforbidden it for the ILS initial configuration at iteration 7.
[INFO]:[19:08:17] Warning: Initial value for parameter CPXPARAM_MIP_OrderType is forbidden. So unforbidden it for the ILS initial configuration at iteration 7.
[INFO]:[19:08:17] Warning: Initial value for parameter CPXPARAM_Preprocessing_Reduce is forbidden. So unforbidden it for the ILS initial configuration at iteration 7.
[INFO]:[19:08:17] Warning: Initial configuration contains a forbidden tuple. So unforbidden it for ILS at iteration 7.
[INFO]:[19:08:17] Warning: Initial configuration contains a forbidden tuple. So unforbidden it for ILS at iteration 7.
[INFO]:[19:08:17] Warning: Initial configuration contains a forbidden tuple. So unforbidden it for ILS at iteration 7.
[INFO]:[19:08:17] Warning: Initial configuration contains a forbidden tuple. So unforbidden it for ILS at iteration 7.
[INFO]:[19:08:17] Warning: Initial configuration contains a forbidden tuple. So unforbidden it for ILS at iteration 7.
[INFO]:[19:08:17] Warning: Initial configuration contains a forbidden tuple. So unforbidden it for ILS at iteration 7.
[INFO]:[19:08:17] Warning: Initial configuration contains a forbidden tuple. So unforbidden it for ILS at iteration 7.
[INFO]:[19:08:17] Warning: Initial configuration contains a forbidden tuple. So unforbidden it for ILS at iteration 7.
[INFO]:[19:08:17] Warning: Initial configuration contains a forbidden tuple. So unforbidden it for ILS at iteration 7.
[INFO]:[19:08:17] Warning: Initial configuration contains a forbidden tuple. So unforbidden it for ILS at iteration 7.
[INFO]:[19:08:17] Warning: Initial configuration contains a forbidden tuple. So unforbidden it for ILS at iteration 7.
[INFO]:[19:08:17] Warning: Initial configuration contains a forbidden tuple. So unforbidden it for ILS at iteration 7.
[INFO]:[19:08:17] Warning: Initial configuration contains a forbidden tuple. So unforbidden it for ILS at iteration 7.
[INFO]:[19:08:17] Warning: Initial configuration contains a forbidden tuple. So unforbidden it for ILS at iteration 7.
[INFO]:[19:08:17] Warning: Initial configuration contains a forbidden tuple. So unforbidden it for ILS at iteration 7.
[INFO]:[19:08:17] ILS search space file written: /scratch/yorig/mpils-results-grid-ticks-10000-7may/medium-1/16proc-16pils/seed-8/9_neos-3024952-loue_seed-8_20260510_190554/iterated_local_search/search_space/search_space_file_7_worker_7.txt
[INFO]:[19:08:17] Writing ILS search space file for worker 8...
[INFO]:[19:08:17] Warning: Initial value for parameter CPXPARAM_Emphasis_MIP is forbidden. So unforbidden it for the ILS initial configuration at iteration 7.
[INFO]:[19:08:17] Warning: Initial value for parameter CPXPARAM_MIP_Cuts_FlowCovers is forbidden. So unforbidden it for the ILS initial configuration at iteration 7.
[INFO]:[19:08:17] Warning: Initial value for parameter CPXPARAM_MIP_Cuts_GUBCovers is forbidden. So unforbidden it for the ILS initial configuration at iteration 7.
[INFO]:[19:08:17] Warning: Initial value for parameter CPXPARAM_MIP_Limits_GomoryCand is forbidden. So unforbidden it for the ILS initial configuration at iteration 7.
[INFO]:[19:08:17] Warning: Initial value for parameter CPXPARAM_MIP_Cuts_Covers is forbidden. So unforbidden it for the ILS initial configuration at iteration 7.
[INFO]:[19:08:17] Warning: Initial value for parameter CPXPARAM_MIP_Strategy_VariableSelect is forbidden. So unforbidden it for the ILS initial configuration at iteration 7.
[INFO]:[19:08:17] Warning: Initial value for parameter CPXPARAM_MIP_Strategy_SubAlgorithm is forbidden. So unforbidden it for the ILS initial configuration at iteration 7.
[INFO]:[19:08:17] Warning: Initial configuration contains a forbidden tuple. So unforbidden it for ILS at iteration 7.
[INFO]:[19:08:17] Warning: Initial configuration contains a forbidden tuple. So unforbidden it for ILS at iteration 7.
[INFO]:[19:08:17] Warning: Initial configuration contains a forbidden tuple. So unforbidden it for ILS at iteration 7.
[INFO]:[19:08:17] Warning: Initial configuration contains a forbidden tuple. So unforbidden it for ILS at iteration 7.
[INFO]:[19:08:17] Warning: Initial configuration contains a forbidden tuple. So unforbidden it for ILS at iteration 7.
[INFO]:[19:08:17] Warning: Initial configuration contains a forbidden tuple. So unforbidden it for ILS at iteration 7.
[INFO]:[19:08:17] Warning: Initial configuration contains a forbidden tuple. So unforbidden it for ILS at iteration 7.
[INFO]:[19:08:17] Warning: Initial configuration contains a forbidden tuple. So unforbidden it for ILS at iteration 7.
[INFO]:[19:08:17] Warning: Initial configuration contains a forbidden tuple. So unforbidden it for ILS at iteration 7.
[INFO]:[19:08:17] Warning: Initial configuration contains a forbidden tuple. So unforbidden it for ILS at iteration 7.
[INFO]:[19:08:17] ILS search space file written: /scratch/yorig/mpils-results-grid-ticks-10000-7may/medium-1/16proc-16pils/seed-8/9_neos-3024952-loue_seed-8_20260510_190554/iterated_local_search/search_space/search_space_file_7_worker_8.txt
[INFO]:[19:08:17] Writing ILS search space file for worker 9...
[INFO]:[19:08:17] Warning: Initial value for parameter CPXPARAM_MIP_Cuts_Cliques is forbidden. So unforbidden it for the ILS initial configuration at iteration 7.
[INFO]:[19:08:17] Warning: Initial value for parameter CPXPARAM_MIP_Cuts_FlowCovers is forbidden. So unforbidden it for the ILS initial configuration at iteration 7.
[INFO]:[19:08:17] Warning: Initial value for parameter CPXPARAM_MIP_Cuts_GUBCovers is forbidden. So unforbidden it for the ILS initial configuration at iteration 7.
[INFO]:[19:08:17] Warning: Initial value for parameter CPXPARAM_MIP_Cuts_Covers is forbidden. So unforbidden it for the ILS initial configuration at iteration 7.
[INFO]:[19:08:17] Warning: Initial value for parameter CPXPARAM_MIP_Strategy_VariableSelect is forbidden. So unforbidden it for the ILS initial configuration at iteration 7.
[INFO]:[19:08:17] Warning: Initial value for parameter CPXPARAM_MIP_Strategy_SubAlgorithm is forbidden. So unforbidden it for the ILS initial configuration at iteration 7.
[INFO]:[19:08:17] Warning: Initial value for parameter CPXPARAM_Simplex_DGradient is forbidden. So unforbidden it for the ILS initial configuration at iteration 7.
[INFO]:[19:08:17] Warning: Initial value for parameter CPXPARAM_Preprocessing_Reduce is forbidden. So unforbidden it for the ILS initial configuration at iteration 7.
[INFO]:[19:08:17] Warning: Initial configuration contains a forbidden tuple. So unforbidden it for ILS at iteration 7.
[INFO]:[19:08:17] Warning: Initial configuration contains a forbidden tuple. So unforbidden it for ILS at iteration 7.
[INFO]:[19:08:17] Warning: Initial configuration contains a forbidden tuple. So unforbidden it for ILS at iteration 7.
[INFO]:[19:08:17] Warning: Initial configuration contains a forbidden tuple. So unforbidden it for ILS at iteration 7.
[INFO]:[19:08:17] Warning: Initial configuration contains a forbidden tuple. So unforbidden it for ILS at iteration 7.
[INFO]:[19:08:17] Warning: Initial configuration contains a forbidden tuple. So unforbidden it for ILS at iteration 7.
[INFO]:[19:08:17] Warning: Initial configuration contains a forbidden tuple. So unforbidden it for ILS at iteration 7.
[INFO]:[19:08:17] Warning: Initial configuration contains a forbidden tuple. So unforbidden it for ILS at iteration 7.
[INFO]:[19:08:17] ILS search space file written: /scratch/yorig/mpils-results-grid-ticks-10000-7may/medium-1/16proc-16pils/seed-8/9_neos-3024952-loue_seed-8_20260510_190554/iterated_local_search/search_space/search_space_file_7_worker_9.txt
[INFO]:[19:08:17] Writing ILS search space file for worker 10...
[INFO]:[19:08:17] Warning: Initial value for parameter CPXPARAM_Emphasis_MIP is forbidden. So unforbidden it for the ILS initial configuration at iteration 7.
[INFO]:[19:08:17] Warning: Initial value for parameter CPXPARAM_MIP_Cuts_Covers is forbidden. So unforbidden it for the ILS initial configuration at iteration 7.
[INFO]:[19:08:17] Warning: Initial value for parameter CPXPARAM_MIP_Strategy_VariableSelect is forbidden. So unforbidden it for the ILS initial configuration at iteration 7.
[INFO]:[19:08:17] Warning: Initial value for parameter CPXPARAM_MIP_Limits_CutsFactor is forbidden. So unforbidden it for the ILS initial configuration at iteration 7.
[INFO]:[19:08:17] Warning: Initial value for parameter CPXPARAM_Preprocessing_Dual is forbidden. So unforbidden it for the ILS initial configuration at iteration 7.
[INFO]:[19:08:17] Warning: Initial value for parameter CPXPARAM_MIP_Strategy_SubAlgorithm is forbidden. So unforbidden it for the ILS initial configuration at iteration 7.
[INFO]:[19:08:17] Warning: Initial value for parameter CPXPARAM_MIP_Limits_AggForCut is forbidden. So unforbidden it for the ILS initial configuration at iteration 7.
[INFO]:[19:08:17] Warning: Initial value for parameter CPXPARAM_MIP_OrderType is forbidden. So unforbidden it for the ILS initial configuration at iteration 7.
[INFO]:[19:08:17] Warning: Initial configuration contains a forbidden tuple. So unforbidden it for ILS at iteration 7.
[INFO]:[19:08:17] Warning: Initial configuration contains a forbidden tuple. So unforbidden it for ILS at iteration 7.
[INFO]:[19:08:17] Warning: Initial configuration contains a forbidden tuple. So unforbidden it for ILS at iteration 7.
[INFO]:[19:08:17] Warning: Initial configuration contains a forbidden tuple. So unforbidden it for ILS at iteration 7.
[INFO]:[19:08:17] Warning: Initial configuration contains a forbidden tuple. So unforbidden it for ILS at iteration 7.
[INFO]:[19:08:17] Warning: Initial configuration contains a forbidden tuple. So unforbidden it for ILS at iteration 7.
[INFO]:[19:08:17] Warning: Initial configuration contains a forbidden tuple. So unforbidden it for ILS at iteration 7.
[INFO]:[19:08:17] Warning: Initial configuration contains a forbidden tuple. So unforbidden it for ILS at iteration 7.
[INFO]:[19:08:17] ILS search space file written: /scratch/yorig/mpils-results-grid-ticks-10000-7may/medium-1/16proc-16pils/seed-8/9_neos-3024952-loue_seed-8_20260510_190554/iterated_local_search/search_space/search_space_file_7_worker_10.txt
[INFO]:[19:08:17] Writing ILS search space file for worker 11...
[INFO]:[19:08:17] Warning: Initial value for parameter CPXPARAM_Emphasis_MIP is forbidden. So unforbidden it for the ILS initial configuration at iteration 7.
[INFO]:[19:08:17] Warning: Initial value for parameter CPXPARAM_MIP_Cuts_Disjunctive is forbidden. So unforbidden it for the ILS initial configuration at iteration 7.
[INFO]:[19:08:17] Warning: Initial value for parameter CPXPARAM_MIP_Cuts_FlowCovers is forbidden. So unforbidden it for the ILS initial configuration at iteration 7.
[INFO]:[19:08:17] Warning: Initial value for parameter CPXPARAM_MIP_Cuts_GUBCovers is forbidden. So unforbidden it for the ILS initial configuration at iteration 7.
[INFO]:[19:08:17] Warning: Initial value for parameter CPXPARAM_MIP_Cuts_Gomory is forbidden. So unforbidden it for the ILS initial configuration at iteration 7.
[INFO]:[19:08:17] Warning: Initial value for parameter CPXPARAM_MIP_Limits_GomoryCand is forbidden. So unforbidden it for the ILS initial configuration at iteration 7.
[INFO]:[19:08:17] Warning: Initial value for parameter CPXPARAM_MIP_Cuts_Covers is forbidden. So unforbidden it for the ILS initial configuration at iteration 7.
[INFO]:[19:08:17] Warning: Initial value for parameter CPXPARAM_MIP_Strategy_VariableSelect is forbidden. So unforbidden it for the ILS initial configuration at iteration 7.
[INFO]:[19:08:17] Warning: Initial value for parameter CPXPARAM_MIP_Limits_CutsFactor is forbidden. So unforbidden it for the ILS initial configuration at iteration 7.
[INFO]:[19:08:17] Warning: Initial value for parameter CPXPARAM_MIP_Strategy_SubAlgorithm is forbidden. So unforbidden it for the ILS initial configuration at iteration 7.
[INFO]:[19:08:17] Warning: Initial value for parameter CPXPARAM_Preprocessing_Reduce is forbidden. So unforbidden it for the ILS initial configuration at iteration 7.
[INFO]:[19:08:17] Warning: Initial configuration contains a forbidden tuple. So unforbidden it for ILS at iteration 7.
[INFO]:[19:08:17] Warning: Initial configuration contains a forbidden tuple. So unforbidden it for ILS at iteration 7.
[INFO]:[19:08:17] Warning: Initial configuration contains a forbidden tuple. So unforbidden it for ILS at iteration 7.
[INFO]:[19:08:17] Warning: Initial configuration contains a forbidden tuple. So unforbidden it for ILS at iteration 7.
[INFO]:[19:08:17] Warning: Initial configuration contains a forbidden tuple. So unforbidden it for ILS at iteration 7.
[INFO]:[19:08:17] Warning: Initial configuration contains a forbidden tuple. So unforbidden it for ILS at iteration 7.
[INFO]:[19:08:17] Warning: Initial configuration contains a forbidden tuple. So unforbidden it for ILS at iteration 7.
[INFO]:[19:08:17] Warning: Initial configuration contains a forbidden tuple. So unforbidden it for ILS at iteration 7.
[INFO]:[19:08:17] Warning: Initial configuration contains a forbidden tuple. So unforbidden it for ILS at iteration 7.
[INFO]:[19:08:17] Warning: Initial configuration contains a forbidden tuple. So unforbidden it for ILS at iteration 7.
[INFO]:[19:08:17] ILS search space file written: /scratch/yorig/mpils-results-grid-ticks-10000-7may/medium-1/16proc-16pils/seed-8/9_neos-3024952-loue_seed-8_20260510_190554/iterated_local_search/search_space/search_space_file_7_worker_11.txt
[INFO]:[19:08:17] Writing ILS search space file for worker 12...
[INFO]:[19:08:17] Warning: Initial value for parameter CPXPARAM_Emphasis_MIP is forbidden. So unforbidden it for the ILS initial configuration at iteration 7.
[INFO]:[19:08:17] Warning: Initial value for parameter CPXPARAM_MIP_Cuts_MIRCut is forbidden. So unforbidden it for the ILS initial configuration at iteration 7.
[INFO]:[19:08:17] Warning: Initial value for parameter CPXPARAM_MIP_Cuts_GUBCovers is forbidden. So unforbidden it for the ILS initial configuration at iteration 7.
[INFO]:[19:08:17] Warning: Initial value for parameter CPXPARAM_MIP_Strategy_VariableSelect is forbidden. So unforbidden it for the ILS initial configuration at iteration 7.
[INFO]:[19:08:17] Warning: Initial value for parameter CPXPARAM_MIP_Limits_CutsFactor is forbidden. So unforbidden it for the ILS initial configuration at iteration 7.
[INFO]:[19:08:17] Warning: Initial value for parameter CPXPARAM_Preprocessing_Dual is forbidden. So unforbidden it for the ILS initial configuration at iteration 7.
[INFO]:[19:08:17] Warning: Initial value for parameter CPXPARAM_MIP_Strategy_SubAlgorithm is forbidden. So unforbidden it for the ILS initial configuration at iteration 7.
[INFO]:[19:08:17] Warning: Initial value for parameter CPXPARAM_MIP_Limits_AggForCut is forbidden. So unforbidden it for the ILS initial configuration at iteration 7.
[INFO]:[19:08:17] Warning: Initial value for parameter CPXPARAM_MIP_OrderType is forbidden. So unforbidden it for the ILS initial configuration at iteration 7.
[INFO]:[19:08:17] Warning: Initial configuration contains a forbidden tuple. So unforbidden it for ILS at iteration 7.
[INFO]:[19:08:17] Warning: Initial configuration contains a forbidden tuple. So unforbidden it for ILS at iteration 7.
[INFO]:[19:08:17] Warning: Initial configuration contains a forbidden tuple. So unforbidden it for ILS at iteration 7.
[INFO]:[19:08:17] Warning: Initial configuration contains a forbidden tuple. So unforbidden it for ILS at iteration 7.
[INFO]:[19:08:17] Warning: Initial configuration contains a forbidden tuple. So unforbidden it for ILS at iteration 7.
[INFO]:[19:08:17] Warning: Initial configuration contains a forbidden tuple. So unforbidden it for ILS at iteration 7.
[INFO]:[19:08:17] Warning: Initial configuration contains a forbidden tuple. So unforbidden it for ILS at iteration 7.
[INFO]:[19:08:17] Warning: Initial configuration contains a forbidden tuple. So unforbidden it for ILS at iteration 7.
[INFO]:[19:08:17] ILS search space file written: /scratch/yorig/mpils-results-grid-ticks-10000-7may/medium-1/16proc-16pils/seed-8/9_neos-3024952-loue_seed-8_20260510_190554/iterated_local_search/search_space/search_space_file_7_worker_12.txt
[INFO]:[19:08:17] Writing ILS search space file for worker 13...
[INFO]:[19:08:17] Warning: Initial value for parameter CPXPARAM_Emphasis_MIP is forbidden. So unforbidden it for the ILS initial configuration at iteration 7.
[INFO]:[19:08:17] Warning: Initial value for parameter CPXPARAM_MIP_Cuts_MIRCut is forbidden. So unforbidden it for the ILS initial configuration at iteration 7.
[INFO]:[19:08:17] Warning: Initial value for parameter CPXPARAM_MIP_Cuts_GUBCovers is forbidden. So unforbidden it for the ILS initial configuration at iteration 7.
[INFO]:[19:08:17] Warning: Initial value for parameter CPXPARAM_MIP_Limits_GomoryCand is forbidden. So unforbidden it for the ILS initial configuration at iteration 7.
[INFO]:[19:08:17] Warning: Initial value for parameter CPXPARAM_MIP_Strategy_VariableSelect is forbidden. So unforbidden it for the ILS initial configuration at iteration 7.
[INFO]:[19:08:17] Warning: Initial value for parameter CPXPARAM_MIP_Limits_CutsFactor is forbidden. So unforbidden it for the ILS initial configuration at iteration 7.
[INFO]:[19:08:17] Warning: Initial value for parameter CPXPARAM_Preprocessing_Dual is forbidden. So unforbidden it for the ILS initial configuration at iteration 7.
[INFO]:[19:08:17] Warning: Initial value for parameter CPXPARAM_Simplex_DGradient is forbidden. So unforbidden it for the ILS initial configuration at iteration 7.
[INFO]:[19:08:17] Warning: Initial value for parameter CPXPARAM_MIP_OrderType is forbidden. So unforbidden it for the ILS initial configuration at iteration 7.
[INFO]:[19:08:17] Warning: Initial configuration contains a forbidden tuple. So unforbidden it for ILS at iteration 7.
[INFO]:[19:08:17] Warning: Initial configuration contains a forbidden tuple. So unforbidden it for ILS at iteration 7.
[INFO]:[19:08:17] Warning: Initial configuration contains a forbidden tuple. So unforbidden it for ILS at iteration 7.
[INFO]:[19:08:17] Warning: Initial configuration contains a forbidden tuple. So unforbidden it for ILS at iteration 7.
[INFO]:[19:08:17] Warning: Initial configuration contains a forbidden tuple. So unforbidden it for ILS at iteration 7.
[INFO]:[19:08:17] Warning: Initial configuration contains a forbidden tuple. So unforbidden it for ILS at iteration 7.
[INFO]:[19:08:17] Warning: Initial configuration contains a forbidden tuple. So unforbidden it for ILS at iteration 7.
[INFO]:[19:08:17] ILS search space file written: /scratch/yorig/mpils-results-grid-ticks-10000-7may/medium-1/16proc-16pils/seed-8/9_neos-3024952-loue_seed-8_20260510_190554/iterated_local_search/search_space/search_space_file_7_worker_13.txt
[INFO]:[19:08:17] Writing ILS search space file for worker 14...
[INFO]:[19:08:17] Warning: Initial value for parameter CPXPARAM_Emphasis_MIP is forbidden. So unforbidden it for the ILS initial configuration at iteration 7.
[INFO]:[19:08:17] Warning: Initial value for parameter CPXPARAM_MIP_Cuts_FlowCovers is forbidden. So unforbidden it for the ILS initial configuration at iteration 7.
[INFO]:[19:08:17] Warning: Initial value for parameter CPXPARAM_MIP_Cuts_GUBCovers is forbidden. So unforbidden it for the ILS initial configuration at iteration 7.
[INFO]:[19:08:17] Warning: Initial value for parameter CPXPARAM_MIP_Cuts_Gomory is forbidden. So unforbidden it for the ILS initial configuration at iteration 7.
[INFO]:[19:08:17] Warning: Initial value for parameter CPXPARAM_MIP_Cuts_Covers is forbidden. So unforbidden it for the ILS initial configuration at iteration 7.
[INFO]:[19:08:17] Warning: Initial value for parameter CPXPARAM_MIP_Strategy_VariableSelect is forbidden. So unforbidden it for the ILS initial configuration at iteration 7.
[INFO]:[19:08:17] Warning: Initial value for parameter CPXPARAM_Preprocessing_Dual is forbidden. So unforbidden it for the ILS initial configuration at iteration 7.
[INFO]:[19:08:17] Warning: Initial configuration contains a forbidden tuple. So unforbidden it for ILS at iteration 7.
[INFO]:[19:08:17] Warning: Initial configuration contains a forbidden tuple. So unforbidden it for ILS at iteration 7.
[INFO]:[19:08:17] Warning: Initial configuration contains a forbidden tuple. So unforbidden it for ILS at iteration 7.
[INFO]:[19:08:17] Warning: Initial configuration contains a forbidden tuple. So unforbidden it for ILS at iteration 7.
[INFO]:[19:08:17] Warning: Initial configuration contains a forbidden tuple. So unforbidden it for ILS at iteration 7.
[INFO]:[19:08:17] Warning: Initial configuration contains a forbidden tuple. So unforbidden it for ILS at iteration 7.
[INFO]:[19:08:17] Warning: Initial configuration contains a forbidden tuple. So unforbidden it for ILS at iteration 7.
[INFO]:[19:08:17] Warning: Initial configuration contains a forbidden tuple. So unforbidden it for ILS at iteration 7.
[INFO]:[19:08:17] ILS search space file written: /scratch/yorig/mpils-results-grid-ticks-10000-7may/medium-1/16proc-16pils/seed-8/9_neos-3024952-loue_seed-8_20260510_190554/iterated_local_search/search_space/search_space_file_7_worker_14.txt
[INFO]:[19:08:17] Writing ILS search space file for worker 15...
[INFO]:[19:08:17] Warning: Initial value for parameter CPXPARAM_Emphasis_MIP is forbidden. So unforbidden it for the ILS initial configuration at iteration 7.
[INFO]:[19:08:17] Warning: Initial value for parameter CPXPARAM_MIP_Cuts_MIRCut is forbidden. So unforbidden it for the ILS initial configuration at iteration 7.
[INFO]:[19:08:17] Warning: Initial value for parameter CPXPARAM_MIP_Strategy_VariableSelect is forbidden. So unforbidden it for the ILS initial configuration at iteration 7.
[INFO]:[19:08:17] Warning: Initial value for parameter CPXPARAM_MIP_Limits_CutsFactor is forbidden. So unforbidden it for the ILS initial configuration at iteration 7.
[INFO]:[19:08:17] Warning: Initial value for parameter CPXPARAM_MIP_Limits_AggForCut is forbidden. So unforbidden it for the ILS initial configuration at iteration 7.
[INFO]:[19:08:17] Warning: Initial value for parameter CPXPARAM_MIP_OrderType is forbidden. So unforbidden it for the ILS initial configuration at iteration 7.
[INFO]:[19:08:17] Warning: Initial value for parameter CPXPARAM_Preprocessing_Reduce is forbidden. So unforbidden it for the ILS initial configuration at iteration 7.
[INFO]:[19:08:17] Warning: Initial configuration contains a forbidden tuple. So unforbidden it for ILS at iteration 7.
[INFO]:[19:08:17] Warning: Initial configuration contains a forbidden tuple. So unforbidden it for ILS at iteration 7.
[INFO]:[19:08:17] Warning: Initial configuration contains a forbidden tuple. So unforbidden it for ILS at iteration 7.
[INFO]:[19:08:17] Warning: Initial configuration contains a forbidden tuple. So unforbidden it for ILS at iteration 7.
[INFO]:[19:08:17] Warning: Initial configuration contains a forbidden tuple. So unforbidden it for ILS at iteration 7.
[INFO]:[19:08:17] Warning: Initial configuration contains a forbidden tuple. So unforbidden it for ILS at iteration 7.
[INFO]:[19:08:17] Warning: Initial configuration contains a forbidden tuple. So unforbidden it for ILS at iteration 7.
[INFO]:[19:08:17] Warning: Initial configuration contains a forbidden tuple. So unforbidden it for ILS at iteration 7.
[INFO]:[19:08:17] Warning: Initial configuration contains a forbidden tuple. So unforbidden it for ILS at iteration 7.
[INFO]:[19:08:17] ILS search space file written: /scratch/yorig/mpils-results-grid-ticks-10000-7may/medium-1/16proc-16pils/seed-8/9_neos-3024952-loue_seed-8_20260510_190554/iterated_local_search/search_space/search_space_file_7_worker_15.txt
[INFO]:[19:08:17] Launching Local Search Workers via MPI...
[INFO]:[19:08:17] Local Search Workers launched.
[INFO]:[19:08:17] Starting local search phase...
[INFO]:[19:08:17] Creating local search space from parameter space file: /scratch/yorig/mpils-results-grid-ticks-10000-7may/medium-1/16proc-16pils/seed-8/9_neos-3024952-loue_seed-8_20260510_190554/iterated_local_search/search_space/search_space_file_7.txt
[INFO]:[19:08:17] Local search space loaded from file: /scratch/yorig/mpils-results-grid-ticks-10000-7may/medium-1/16proc-16pils/seed-8/9_neos-3024952-loue_seed-8_20260510_190554/iterated_local_search/search_space/search_space_file_7.txt
[INFO]:[19:08:17] Number of parameters in local search space: 71
[INFO]:[19:08:17] Number of forbidden tuples in local search space: 103
[INFO]:[19:08:17] Number of conditionals in local search space: 6
[INFO]:[19:08:17] MIP start option not enabled. Local search will proceed without MIP start.
[INFO]:[19:08:17] Seeded initial configuration into local search cache with known objective value: 8.17
[INFO]:[19:08:17] Starting CPLEX solver on instance: /home/yorig/tuner/mpils-tests/instances/miplib/medium-1/neos-3024952-loue.mps with config: /scratch/yorig/mpils-results-grid-ticks-10000-7may/medium-1/16proc-16pils/seed-8/9_neos-3024952-loue_seed-8_20260510_190554/iterated_local_search/run_7_worker_0/ils_config_15690357224397215258.prm
[INFO]:[19:08:17] Starting CPLEX solver on instance: /home/yorig/tuner/mpils-tests/instances/miplib/medium-1/neos-3024952-loue.mps with config: /scratch/yorig/mpils-results-grid-ticks-10000-7may/medium-1/16proc-16pils/seed-8/9_neos-3024952-loue_seed-8_20260510_190554/iterated_local_search/run_7_worker_0/ils_config_15690357224397215258.prm
[INFO]:[19:08:24] CPLEX results. Gap: 8.170000, upper bound: 28506.000000, lower bound: 26177.703015
[INFO]:[19:08:24] CPLEX solver finished. Gap: 8.170000
[INFO]:[19:08:24] Starting CPLEX solver on instance: /home/yorig/tuner/mpils-tests/instances/miplib/medium-1/neos-3024952-loue.mps with config: /scratch/yorig/mpils-results-grid-ticks-10000-7may/medium-1/16proc-16pils/seed-8/9_neos-3024952-loue_seed-8_20260510_190554/iterated_local_search/run_7_worker_0/ils_config_16108519588549221858.prm
[INFO]:[19:08:24] Starting CPLEX solver on instance: /home/yorig/tuner/mpils-tests/instances/miplib/medium-1/neos-3024952-loue.mps with config: /scratch/yorig/mpils-results-grid-ticks-10000-7may/medium-1/16proc-16pils/seed-8/9_neos-3024952-loue_seed-8_20260510_190554/iterated_local_search/run_7_worker_0/ils_config_16108519588549221858.prm
[INFO]:[19:08:32] CPLEX results. Gap: 11.790000, upper bound: 29607.000000, lower bound: 26115.124357
[INFO]:[19:08:32] CPLEX solver finished. Gap: 11.790000
[INFO]:[19:08:32] Local search phase completed.
[INFO]:[19:08:32] Total number of new local-search evaluations: 32
[INFO]:[19:08:32] Final incumbent objective value: 8.17
[INFO]:[19:08:32] recordEvaluation produced_mip_start=0 mip_start_file=''
[DEBUG]:[19:08:32] Added evaluation to memory with objective: 8.17, ConfigId: 15690357224397215258, EvalId: 273. Total evaluations stored: 273
[INFO]:[19:08:32] recordEvaluation produced_mip_start=0 mip_start_file=''
[DEBUG]:[19:08:32] Added evaluation to memory with objective: 12.87, ConfigId: 16871911006069099870, EvalId: 274. Total evaluations stored: 274
[INFO]:[19:08:32] recordEvaluation produced_mip_start=0 mip_start_file=''
[DEBUG]:[19:08:32] Added evaluation to memory with objective: 8.8, ConfigId: 16186827552075757697, EvalId: 275. Total evaluations stored: 275
[INFO]:[19:08:32] recordEvaluation produced_mip_start=0 mip_start_file=''
[DEBUG]:[19:08:32] Added evaluation to memory with objective: 8.17, ConfigId: 3357844154462203258, EvalId: 276. Total evaluations stored: 276
[INFO]:[19:08:32] recordEvaluation produced_mip_start=0 mip_start_file=''
[DEBUG]:[19:08:32] Added evaluation to memory with objective: 12.66, ConfigId: 8222270479331594125, EvalId: 277. Total evaluations stored: 277
[INFO]:[19:08:32] recordEvaluation produced_mip_start=0 mip_start_file=''
[DEBUG]:[19:08:32] Added evaluation to memory with objective: 12.64, ConfigId: 5684444548718096835, EvalId: 278. Total evaluations stored: 278
[INFO]:[19:08:32] recordEvaluation produced_mip_start=0 mip_start_file=''
[DEBUG]:[19:08:32] Added evaluation to memory with objective: 8.17, ConfigId: 7389027337917932567, EvalId: 279. Total evaluations stored: 279
[INFO]:[19:08:32] recordEvaluation produced_mip_start=0 mip_start_file=''
[DEBUG]:[19:08:32] Added evaluation to memory with objective: 8.17, ConfigId: 9156514515167800436, EvalId: 280. Total evaluations stored: 280
[INFO]:[19:08:32] recordEvaluation produced_mip_start=0 mip_start_file=''
[DEBUG]:[19:08:32] Added evaluation to memory with objective: 8.17, ConfigId: 6351755325122564624, EvalId: 281. Total evaluations stored: 281
[INFO]:[19:08:32] recordEvaluation produced_mip_start=0 mip_start_file=''
[DEBUG]:[19:08:32] Added evaluation to memory with objective: 8.17, ConfigId: 14844562132096253982, EvalId: 282. Total evaluations stored: 282
[INFO]:[19:08:32] recordEvaluation produced_mip_start=0 mip_start_file=''
[DEBUG]:[19:08:32] Added evaluation to memory with objective: 9.1, ConfigId: 10302718557201379238, EvalId: 283. Total evaluations stored: 283
[INFO]:[19:08:32] recordEvaluation produced_mip_start=0 mip_start_file=''
[DEBUG]:[19:08:32] Added evaluation to memory with objective: 8.2, ConfigId: 9997477702892008471, EvalId: 284. Total evaluations stored: 284
[INFO]:[19:08:32] recordEvaluation produced_mip_start=0 mip_start_file=''
[DEBUG]:[19:08:32] Added evaluation to memory with objective: 22.71, ConfigId: 10095322600067498602, EvalId: 285. Total evaluations stored: 285
[INFO]:[19:08:32] recordEvaluation produced_mip_start=0 mip_start_file=''
[DEBUG]:[19:08:32] Added evaluation to memory with objective: 8.17, ConfigId: 2067298293506924291, EvalId: 286. Total evaluations stored: 286
[INFO]:[19:08:32] recordEvaluation produced_mip_start=0 mip_start_file=''
[DEBUG]:[19:08:32] Added evaluation to memory with objective: 1.79769e+308, ConfigId: 6425842522557285654, EvalId: 287. Total evaluations stored: 287
[INFO]:[19:08:32] recordEvaluation produced_mip_start=0 mip_start_file=''
[DEBUG]:[19:08:32] Added evaluation to memory with objective: 10.48, ConfigId: 6671966950395026239, EvalId: 288. Total evaluations stored: 288
[INFO]:[19:08:32] recordEvaluation produced_mip_start=0 mip_start_file=''
[DEBUG]:[19:08:32] Added evaluation to memory with objective: 11.79, ConfigId: 16108519588549221858, EvalId: 289. Total evaluations stored: 289
[INFO]:[19:08:32] recordEvaluation produced_mip_start=0 mip_start_file=''
[DEBUG]:[19:08:32] Added evaluation to memory with objective: 14.56, ConfigId: 10770681676174212411, EvalId: 290. Total evaluations stored: 290
[INFO]:[19:08:32] recordEvaluation produced_mip_start=0 mip_start_file=''
[DEBUG]:[19:08:32] Added evaluation to memory with objective: 14.4, ConfigId: 6600528987281186506, EvalId: 291. Total evaluations stored: 291
[INFO]:[19:08:32] recordEvaluation produced_mip_start=0 mip_start_file=''
[DEBUG]:[19:08:32] Added evaluation to memory with objective: 9.17, ConfigId: 11837495642959682978, EvalId: 292. Total evaluations stored: 292
[INFO]:[19:08:32] recordEvaluation produced_mip_start=0 mip_start_file=''
[DEBUG]:[19:08:32] Added evaluation to memory with objective: 8.17, ConfigId: 11154251072294290167, EvalId: 293. Total evaluations stored: 293
[INFO]:[19:08:32] recordEvaluation produced_mip_start=0 mip_start_file=''
[DEBUG]:[19:08:32] Added evaluation to memory with objective: 8.17, ConfigId: 7173009063854393749, EvalId: 294. Total evaluations stored: 294
[INFO]:[19:08:32] recordEvaluation produced_mip_start=0 mip_start_file=''
[DEBUG]:[19:08:32] Added evaluation to memory with objective: 12.73, ConfigId: 16673657975560381051, EvalId: 295. Total evaluations stored: 295
[INFO]:[19:08:32] recordEvaluation produced_mip_start=0 mip_start_file=''
[DEBUG]:[19:08:32] Added evaluation to memory with objective: 11, ConfigId: 3661082503257010221, EvalId: 296. Total evaluations stored: 296
[INFO]:[19:08:32] recordEvaluation produced_mip_start=0 mip_start_file=''
[DEBUG]:[19:08:32] Added evaluation to memory with objective: 12.08, ConfigId: 12847873456940603149, EvalId: 297. Total evaluations stored: 297
[INFO]:[19:08:32] recordEvaluation produced_mip_start=0 mip_start_file=''
[DEBUG]:[19:08:32] Added evaluation to memory with objective: 8.17, ConfigId: 15766071412438499029, EvalId: 298. Total evaluations stored: 298
[INFO]:[19:08:32] recordEvaluation produced_mip_start=0 mip_start_file=''
[DEBUG]:[19:08:32] Added evaluation to memory with objective: 8.17, ConfigId: 11244227934941530854, EvalId: 299. Total evaluations stored: 299
[INFO]:[19:08:32] recordEvaluation produced_mip_start=0 mip_start_file=''
[DEBUG]:[19:08:32] Added evaluation to memory with objective: 17.38, ConfigId: 13083474882612778755, EvalId: 300. Total evaluations stored: 300
[INFO]:[19:08:32] recordEvaluation produced_mip_start=0 mip_start_file=''
[DEBUG]:[19:08:32] Added evaluation to memory with objective: 8.17, ConfigId: 3647418935473988945, EvalId: 301. Total evaluations stored: 301
[INFO]:[19:08:32] recordEvaluation produced_mip_start=0 mip_start_file=''
[DEBUG]:[19:08:32] Added evaluation to memory with objective: 15.41, ConfigId: 8689964155494498804, EvalId: 302. Total evaluations stored: 302
[INFO]:[19:08:32] recordEvaluation produced_mip_start=0 mip_start_file=''
[DEBUG]:[19:08:32] Added evaluation to memory with objective: 11.84, ConfigId: 4450262293985816182, EvalId: 303. Total evaluations stored: 303
[INFO]:[19:08:32] recordEvaluation produced_mip_start=0 mip_start_file=''
[DEBUG]:[19:08:32] Added evaluation to memory with objective: 8.17, ConfigId: 11665338325936136269, EvalId: 304. Total evaluations stored: 304
[INFO]:[19:08:32] Waiting for Local Search Workers via MPI...
[INFO]:[19:08:32] Local Search Workers have completed.
[INFO]:[19:08:32] IteratedLocalSearch Engine completed.
[INFO]:[19:08:32] Added32 evaluations to memory from exploration phase at iteration 7
[INFO]:[19:08:32] Exploration phase completed.
[INFO]:[19:08:32] Starting expansion phase...
[INFO]:[19:08:32] Selecting parameters for expansion phase...
[INFO]:[19:08:32] Selected expansion parameters: 9
[INFO]:[19:08:32] Creating configuration files for expansion parameters...
[INFO]:[19:08:32] Creating configurations for parameter: CPXPARAM_Preprocessing_RepeatPresolve
[DEBUG]:[19:08:32] Parameter CPXPARAM_Preprocessing_RepeatPresolve will be evaluated on 4 alternative value(s) after excluding the current base configuration value.
[DEBUG]:[19:08:32] Created configuration file for parameter CPXPARAM_Preprocessing_RepeatPresolve with value 0 at /scratch/yorig/mpils-results-grid-ticks-10000-7may/medium-1/16proc-16pils/seed-8/9_neos-3024952-loue_seed-8_20260510_190554/expansion/config_param_CPXPARAM_Preprocessing_RepeatPresolve_0_iter_7.prm
[DEBUG]:[19:08:32] Created configuration file for parameter CPXPARAM_Preprocessing_RepeatPresolve with value 1 at /scratch/yorig/mpils-results-grid-ticks-10000-7may/medium-1/16proc-16pils/seed-8/9_neos-3024952-loue_seed-8_20260510_190554/expansion/config_param_CPXPARAM_Preprocessing_RepeatPresolve_1_iter_7.prm
[DEBUG]:[19:08:32] Created configuration file for parameter CPXPARAM_Preprocessing_RepeatPresolve with value 2 at /scratch/yorig/mpils-results-grid-ticks-10000-7may/medium-1/16proc-16pils/seed-8/9_neos-3024952-loue_seed-8_20260510_190554/expansion/config_param_CPXPARAM_Preprocessing_RepeatPresolve_2_iter_7.prm
[DEBUG]:[19:08:32] Created configuration file for parameter CPXPARAM_Preprocessing_RepeatPresolve with value 3 at /scratch/yorig/mpils-results-grid-ticks-10000-7may/medium-1/16proc-16pils/seed-8/9_neos-3024952-loue_seed-8_20260510_190554/expansion/config_param_CPXPARAM_Preprocessing_RepeatPresolve_3_iter_7.prm
[INFO]:[19:08:32] Creating configurations for parameter: CPXPARAM_LPMethod
[DEBUG]:[19:08:32] Parameter CPXPARAM_LPMethod will be evaluated on 6 alternative value(s) after excluding the current base configuration value.
[DEBUG]:[19:08:32] Created configuration file for parameter CPXPARAM_LPMethod with value 1 at /scratch/yorig/mpils-results-grid-ticks-10000-7may/medium-1/16proc-16pils/seed-8/9_neos-3024952-loue_seed-8_20260510_190554/expansion/config_param_CPXPARAM_LPMethod_1_iter_7.prm
[DEBUG]:[19:08:32] Created configuration file for parameter CPXPARAM_LPMethod with value 2 at /scratch/yorig/mpils-results-grid-ticks-10000-7may/medium-1/16proc-16pils/seed-8/9_neos-3024952-loue_seed-8_20260510_190554/expansion/config_param_CPXPARAM_LPMethod_2_iter_7.prm
[DEBUG]:[19:08:32] Created configuration file for parameter CPXPARAM_LPMethod with value 3 at /scratch/yorig/mpils-results-grid-ticks-10000-7may/medium-1/16proc-16pils/seed-8/9_neos-3024952-loue_seed-8_20260510_190554/expansion/config_param_CPXPARAM_LPMethod_3_iter_7.prm
[DEBUG]:[19:08:32] Created configuration file for parameter CPXPARAM_LPMethod with value 4 at /scratch/yorig/mpils-results-grid-ticks-10000-7may/medium-1/16proc-16pils/seed-8/9_neos-3024952-loue_seed-8_20260510_190554/expansion/config_param_CPXPARAM_LPMethod_4_iter_7.prm
[DEBUG]:[19:08:32] Created configuration file for parameter CPXPARAM_LPMethod with value 5 at /scratch/yorig/mpils-results-grid-ticks-10000-7may/medium-1/16proc-16pils/seed-8/9_neos-3024952-loue_seed-8_20260510_190554/expansion/config_param_CPXPARAM_LPMethod_5_iter_7.prm
[DEBUG]:[19:08:32] Created configuration file for parameter CPXPARAM_LPMethod with value 6 at /scratch/yorig/mpils-results-grid-ticks-10000-7may/medium-1/16proc-16pils/seed-8/9_neos-3024952-loue_seed-8_20260510_190554/expansion/config_param_CPXPARAM_LPMethod_6_iter_7.prm
[INFO]:[19:08:32] Creating configurations for parameter: CPXPARAM_Read_Scale
[DEBUG]:[19:08:32] Parameter CPXPARAM_Read_Scale will be evaluated on 2 alternative value(s) after excluding the current base configuration value.
[DEBUG]:[19:08:32] Created configuration file for parameter CPXPARAM_Read_Scale with value -1 at /scratch/yorig/mpils-results-grid-ticks-10000-7may/medium-1/16proc-16pils/seed-8/9_neos-3024952-loue_seed-8_20260510_190554/expansion/config_param_CPXPARAM_Read_Scale_-1_iter_7.prm
[DEBUG]:[19:08:32] Created configuration file for parameter CPXPARAM_Read_Scale with value 1 at /scratch/yorig/mpils-results-grid-ticks-10000-7may/medium-1/16proc-16pils/seed-8/9_neos-3024952-loue_seed-8_20260510_190554/expansion/config_param_CPXPARAM_Read_Scale_1_iter_7.prm
[INFO]:[19:08:32] Creating configurations for parameter: CPXPARAM_Sifting_Algorithm
[DEBUG]:[19:08:32] Parameter CPXPARAM_Sifting_Algorithm will be evaluated on 4 alternative value(s) after excluding the current base configuration value.
[DEBUG]:[19:08:32] Created configuration file for parameter CPXPARAM_Sifting_Algorithm with value 1 at /scratch/yorig/mpils-results-grid-ticks-10000-7may/medium-1/16proc-16pils/seed-8/9_neos-3024952-loue_seed-8_20260510_190554/expansion/config_param_CPXPARAM_Sifting_Algorithm_1_iter_7.prm
[DEBUG]:[19:08:32] Created configuration file for parameter CPXPARAM_Sifting_Algorithm with value 2 at /scratch/yorig/mpils-results-grid-ticks-10000-7may/medium-1/16proc-16pils/seed-8/9_neos-3024952-loue_seed-8_20260510_190554/expansion/config_param_CPXPARAM_Sifting_Algorithm_2_iter_7.prm
[DEBUG]:[19:08:32] Created configuration file for parameter CPXPARAM_Sifting_Algorithm with value 3 at /scratch/yorig/mpils-results-grid-ticks-10000-7may/medium-1/16proc-16pils/seed-8/9_neos-3024952-loue_seed-8_20260510_190554/expansion/config_param_CPXPARAM_Sifting_Algorithm_3_iter_7.prm
[DEBUG]:[19:08:32] Created configuration file for parameter CPXPARAM_Sifting_Algorithm with value 4 at /scratch/yorig/mpils-results-grid-ticks-10000-7may/medium-1/16proc-16pils/seed-8/9_neos-3024952-loue_seed-8_20260510_190554/expansion/config_param_CPXPARAM_Sifting_Algorithm_4_iter_7.prm
[INFO]:[19:08:32] Creating configurations for parameter: CPXPARAM_Simplex_Limits_Singularity
[DEBUG]:[19:08:32] Parameter CPXPARAM_Simplex_Limits_Singularity will be evaluated on 5 alternative value(s) after excluding the current base configuration value.
[DEBUG]:[19:08:32] Created configuration file for parameter CPXPARAM_Simplex_Limits_Singularity with value 0 at /scratch/yorig/mpils-results-grid-ticks-10000-7may/medium-1/16proc-16pils/seed-8/9_neos-3024952-loue_seed-8_20260510_190554/expansion/config_param_CPXPARAM_Simplex_Limits_Singularity_0_iter_7.prm
[DEBUG]:[19:08:32] Created configuration file for parameter CPXPARAM_Simplex_Limits_Singularity with value 2 at /scratch/yorig/mpils-results-grid-ticks-10000-7may/medium-1/16proc-16pils/seed-8/9_neos-3024952-loue_seed-8_20260510_190554/expansion/config_param_CPXPARAM_Simplex_Limits_Singularity_2_iter_7.prm
[DEBUG]:[19:08:32] Created configuration file for parameter CPXPARAM_Simplex_Limits_Singularity with value 5 at /scratch/yorig/mpils-results-grid-ticks-10000-7may/medium-1/16proc-16pils/seed-8/9_neos-3024952-loue_seed-8_20260510_190554/expansion/config_param_CPXPARAM_Simplex_Limits_Singularity_5_iter_7.prm
[DEBUG]:[19:08:32] Created configuration file for parameter CPXPARAM_Simplex_Limits_Singularity with value 20 at /scratch/yorig/mpils-results-grid-ticks-10000-7may/medium-1/16proc-16pils/seed-8/9_neos-3024952-loue_seed-8_20260510_190554/expansion/config_param_CPXPARAM_Simplex_Limits_Singularity_20_iter_7.prm
[DEBUG]:[19:08:32] Created configuration file for parameter CPXPARAM_Simplex_Limits_Singularity with value 40 at /scratch/yorig/mpils-results-grid-ticks-10000-7may/medium-1/16proc-16pils/seed-8/9_neos-3024952-loue_seed-8_20260510_190554/expansion/config_param_CPXPARAM_Simplex_Limits_Singularity_40_iter_7.prm
[INFO]:[19:08:32] Creating configurations for parameter: CPXPARAM_Barrier_Algorithm
[DEBUG]:[19:08:32] Parameter CPXPARAM_Barrier_Algorithm will be evaluated on 3 alternative value(s) after excluding the current base configuration value.
[DEBUG]:[19:08:32] Created configuration file for parameter CPXPARAM_Barrier_Algorithm with value 1 at /scratch/yorig/mpils-results-grid-ticks-10000-7may/medium-1/16proc-16pils/seed-8/9_neos-3024952-loue_seed-8_20260510_190554/expansion/config_param_CPXPARAM_Barrier_Algorithm_1_iter_7.prm
[DEBUG]:[19:08:32] Created configuration file for parameter CPXPARAM_Barrier_Algorithm with value 2 at /scratch/yorig/mpils-results-grid-ticks-10000-7may/medium-1/16proc-16pils/seed-8/9_neos-3024952-loue_seed-8_20260510_190554/expansion/config_param_CPXPARAM_Barrier_Algorithm_2_iter_7.prm
[DEBUG]:[19:08:32] Created configuration file for parameter CPXPARAM_Barrier_Algorithm with value 3 at /scratch/yorig/mpils-results-grid-ticks-10000-7may/medium-1/16proc-16pils/seed-8/9_neos-3024952-loue_seed-8_20260510_190554/expansion/config_param_CPXPARAM_Barrier_Algorithm_3_iter_7.prm
[INFO]:[19:08:32] Creating configurations for parameter: CPXPARAM_MIP_Limits_StrongCand
[DEBUG]:[19:08:32] Parameter CPXPARAM_MIP_Limits_StrongCand will be evaluated on 4 alternative value(s) after excluding the current base configuration value.
[DEBUG]:[19:08:32] Created configuration file for parameter CPXPARAM_MIP_Limits_StrongCand with value 2 at /scratch/yorig/mpils-results-grid-ticks-10000-7may/medium-1/16proc-16pils/seed-8/9_neos-3024952-loue_seed-8_20260510_190554/expansion/config_param_CPXPARAM_MIP_Limits_StrongCand_2_iter_7.prm
[DEBUG]:[19:08:32] Created configuration file for parameter CPXPARAM_MIP_Limits_StrongCand with value 5 at /scratch/yorig/mpils-results-grid-ticks-10000-7may/medium-1/16proc-16pils/seed-8/9_neos-3024952-loue_seed-8_20260510_190554/expansion/config_param_CPXPARAM_MIP_Limits_StrongCand_5_iter_7.prm
[DEBUG]:[19:08:32] Created configuration file for parameter CPXPARAM_MIP_Limits_StrongCand with value 20 at /scratch/yorig/mpils-results-grid-ticks-10000-7may/medium-1/16proc-16pils/seed-8/9_neos-3024952-loue_seed-8_20260510_190554/expansion/config_param_CPXPARAM_MIP_Limits_StrongCand_20_iter_7.prm
[DEBUG]:[19:08:32] Created configuration file for parameter CPXPARAM_MIP_Limits_StrongCand with value 40 at /scratch/yorig/mpils-results-grid-ticks-10000-7may/medium-1/16proc-16pils/seed-8/9_neos-3024952-loue_seed-8_20260510_190554/expansion/config_param_CPXPARAM_MIP_Limits_StrongCand_40_iter_7.prm
[INFO]:[19:08:32] Creating configurations for parameter: CPXPARAM_Preprocessing_QPMakePSD
[DEBUG]:[19:08:32] Parameter CPXPARAM_Preprocessing_QPMakePSD will be evaluated on 1 alternative value(s) after excluding the current base configuration value.
[DEBUG]:[19:08:32] Created configuration file for parameter CPXPARAM_Preprocessing_QPMakePSD with value 0 at /scratch/yorig/mpils-results-grid-ticks-10000-7may/medium-1/16proc-16pils/seed-8/9_neos-3024952-loue_seed-8_20260510_190554/expansion/config_param_CPXPARAM_Preprocessing_QPMakePSD_0_iter_7.prm
[INFO]:[19:08:32] Creating configurations for parameter: CPXPARAM_MIP_Limits_Nodes
[DEBUG]:[19:08:32] Parameter CPXPARAM_MIP_Limits_Nodes will be evaluated on 1 alternative value(s) after excluding the current base configuration value.
[DEBUG]:[19:08:32] Created configuration file for parameter CPXPARAM_MIP_Limits_Nodes with value 0 at /scratch/yorig/mpils-results-grid-ticks-10000-7may/medium-1/16proc-16pils/seed-8/9_neos-3024952-loue_seed-8_20260510_190554/expansion/config_param_CPXPARAM_MIP_Limits_Nodes_0_iter_7.prm
[INFO]:[19:08:32] Created 30 configuration files for expansion phase at iteration 7.
[INFO]:[19:08:32] Skipped 0 expansion parameter(s) with no alternative value to evaluate.
[INFO]:[19:08:32] Launching Expansion Workers via MPI...
[INFO]:[19:08:32] Expansion Workers launched.
[INFO]:[19:08:32] Evaluating expansion parameters...
[INFO]:[19:08:32] Starting CPLEX solver on instance: /home/yorig/tuner/mpils-tests/instances/miplib/medium-1/neos-3024952-loue.mps with config: /scratch/yorig/mpils-results-grid-ticks-10000-7may/medium-1/16proc-16pils/seed-8/9_neos-3024952-loue_seed-8_20260510_190554/expansion/config_param_CPXPARAM_Preprocessing_RepeatPresolve_0_iter_7.prm
[INFO]:[19:08:40] CPLEX results. Gap: 14.500000, upper bound: 30620.000000, lower bound: 26180.459456
[INFO]:[19:08:40] CPLEX solver finished. Gap: 14.500000
[INFO]:[19:08:40] Starting CPLEX solver on instance: /home/yorig/tuner/mpils-tests/instances/miplib/medium-1/neos-3024952-loue.mps with config: /scratch/yorig/mpils-results-grid-ticks-10000-7may/medium-1/16proc-16pils/seed-8/9_neos-3024952-loue_seed-8_20260510_190554/expansion/config_param_CPXPARAM_Simplex_Limits_Singularity_0_iter_7.prm
[INFO]:[19:08:47] CPLEX results. Gap: 4.610000, upper bound: 27404.000000, lower bound: 26140.297001
[INFO]:[19:08:47] CPLEX solver finished. Gap: 4.610000
[INFO]:[19:08:47] recordEvaluation produced_mip_start=0 mip_start_file=''
[DEBUG]:[19:08:47] Added evaluation to memory with objective: 14.5, ConfigId: 13927601102580231582, EvalId: 305. Total evaluations stored: 305
[INFO]:[19:08:47] recordEvaluation produced_mip_start=0 mip_start_file=''
[DEBUG]:[19:08:47] Added evaluation to memory with objective: 15.26, ConfigId: 14287106498400720966, EvalId: 306. Total evaluations stored: 306
[INFO]:[19:08:47] recordEvaluation produced_mip_start=0 mip_start_file=''
[DEBUG]:[19:08:47] Added evaluation to memory with objective: 14.23, ConfigId: 6115800178252224925, EvalId: 307. Total evaluations stored: 307
[INFO]:[19:08:47] recordEvaluation produced_mip_start=0 mip_start_file=''
[DEBUG]:[19:08:47] Added evaluation to memory with objective: 13.02, ConfigId: 15395986260411554579, EvalId: 308. Total evaluations stored: 308
[INFO]:[19:08:47] recordEvaluation produced_mip_start=0 mip_start_file=''
[DEBUG]:[19:08:47] Added evaluation to memory with objective: 4.61, ConfigId: 5581918062543136333, EvalId: 309. Total evaluations stored: 309
[INFO]:[19:08:47] recordEvaluation produced_mip_start=0 mip_start_file=''
[DEBUG]:[19:08:47] Added evaluation to memory with objective: 4.61, ConfigId: 8048425756487817958, EvalId: 310. Total evaluations stored: 310
[INFO]:[19:08:47] recordEvaluation produced_mip_start=0 mip_start_file=''
[DEBUG]:[19:08:47] Added evaluation to memory with objective: 4.61, ConfigId: 1179873638814521905, EvalId: 311. Total evaluations stored: 311
[INFO]:[19:08:47] recordEvaluation produced_mip_start=0 mip_start_file=''
[DEBUG]:[19:08:47] Added evaluation to memory with objective: 4.61, ConfigId: 17551718860583538632, EvalId: 312. Total evaluations stored: 312
[INFO]:[19:08:47] recordEvaluation produced_mip_start=0 mip_start_file=''
[DEBUG]:[19:08:47] Added evaluation to memory with objective: 4.61, ConfigId: 15628674440375602777, EvalId: 313. Total evaluations stored: 313
[INFO]:[19:08:47] recordEvaluation produced_mip_start=0 mip_start_file=''
[DEBUG]:[19:08:47] Added evaluation to memory with objective: 4.61, ConfigId: 17806536514787822397, EvalId: 314. Total evaluations stored: 314
[INFO]:[19:08:47] recordEvaluation produced_mip_start=0 mip_start_file=''
[DEBUG]:[19:08:47] Added evaluation to memory with objective: 6.09, ConfigId: 3801341941260381216, EvalId: 315. Total evaluations stored: 315
[INFO]:[19:08:47] recordEvaluation produced_mip_start=0 mip_start_file=''
[DEBUG]:[19:08:47] Added evaluation to memory with objective: 12.27, ConfigId: 2817825752938526568, EvalId: 316. Total evaluations stored: 316
[INFO]:[19:08:47] recordEvaluation produced_mip_start=0 mip_start_file=''
[DEBUG]:[19:08:47] Added evaluation to memory with objective: 4.61, ConfigId: 2046943628845949478, EvalId: 317. Total evaluations stored: 317
[INFO]:[19:08:47] recordEvaluation produced_mip_start=0 mip_start_file=''
[DEBUG]:[19:08:47] Added evaluation to memory with objective: 4.61, ConfigId: 4829245616825428714, EvalId: 318. Total evaluations stored: 318
[INFO]:[19:08:47] recordEvaluation produced_mip_start=0 mip_start_file=''
[DEBUG]:[19:08:47] Added evaluation to memory with objective: 4.61, ConfigId: 1907986627245137341, EvalId: 319. Total evaluations stored: 319
[INFO]:[19:08:47] recordEvaluation produced_mip_start=0 mip_start_file=''
[DEBUG]:[19:08:47] Added evaluation to memory with objective: 4.61, ConfigId: 16467690163315376731, EvalId: 320. Total evaluations stored: 320
[INFO]:[19:08:47] recordEvaluation produced_mip_start=0 mip_start_file=''
[DEBUG]:[19:08:47] Added evaluation to memory with objective: 4.61, ConfigId: 7511797281602245424, EvalId: 321. Total evaluations stored: 321
[INFO]:[19:08:47] recordEvaluation produced_mip_start=0 mip_start_file=''
[DEBUG]:[19:08:47] Added evaluation to memory with objective: 4.61, ConfigId: 4442870883193420801, EvalId: 322. Total evaluations stored: 322
[INFO]:[19:08:47] recordEvaluation produced_mip_start=0 mip_start_file=''
[DEBUG]:[19:08:47] Added evaluation to memory with objective: 4.61, ConfigId: 5810670655423936243, EvalId: 323. Total evaluations stored: 323
[INFO]:[19:08:47] recordEvaluation produced_mip_start=0 mip_start_file=''
[DEBUG]:[19:08:47] Added evaluation to memory with objective: 4.61, ConfigId: 14709083801790924751, EvalId: 324. Total evaluations stored: 324
[INFO]:[19:08:47] recordEvaluation produced_mip_start=0 mip_start_file=''
[DEBUG]:[19:08:47] Added evaluation to memory with objective: 4.61, ConfigId: 3253725635132841242, EvalId: 325. Total evaluations stored: 325
[INFO]:[19:08:47] recordEvaluation produced_mip_start=0 mip_start_file=''
[DEBUG]:[19:08:47] Added evaluation to memory with objective: 4.61, ConfigId: 11349901976109986266, EvalId: 326. Total evaluations stored: 326
[INFO]:[19:08:47] recordEvaluation produced_mip_start=0 mip_start_file=''
[DEBUG]:[19:08:47] Added evaluation to memory with objective: 4.61, ConfigId: 18347780288441804781, EvalId: 327. Total evaluations stored: 327
[INFO]:[19:08:47] recordEvaluation produced_mip_start=0 mip_start_file=''
[DEBUG]:[19:08:47] Added evaluation to memory with objective: 4.61, ConfigId: 14114026650481058628, EvalId: 328. Total evaluations stored: 328
[INFO]:[19:08:47] recordEvaluation produced_mip_start=0 mip_start_file=''
[DEBUG]:[19:08:47] Added evaluation to memory with objective: 4.61, ConfigId: 14410709131814706050, EvalId: 329. Total evaluations stored: 329
[INFO]:[19:08:47] recordEvaluation produced_mip_start=0 mip_start_file=''
[DEBUG]:[19:08:47] Added evaluation to memory with objective: 4.61, ConfigId: 3989049502663715996, EvalId: 330. Total evaluations stored: 330
[INFO]:[19:08:47] recordEvaluation produced_mip_start=0 mip_start_file=''
[DEBUG]:[19:08:47] Added evaluation to memory with objective: 4.61, ConfigId: 1777932717385993790, EvalId: 331. Total evaluations stored: 331
[INFO]:[19:08:47] recordEvaluation produced_mip_start=0 mip_start_file=''
[DEBUG]:[19:08:47] Added evaluation to memory with objective: 4.61, ConfigId: 16308629976844172773, EvalId: 332. Total evaluations stored: 332
[INFO]:[19:08:47] recordEvaluation produced_mip_start=0 mip_start_file=''
[DEBUG]:[19:08:47] Added evaluation to memory with objective: 4.61, ConfigId: 5195959131520234161, EvalId: 333. Total evaluations stored: 333
[INFO]:[19:08:47] recordEvaluation produced_mip_start=0 mip_start_file=''
[DEBUG]:[19:08:47] Added evaluation to memory with objective: 1.79769e+308, ConfigId: 12385174852125737742, EvalId: 334. Total evaluations stored: 334
[INFO]:[19:08:47] Waiting for Expansion Workers via MPI...
[INFO]:[19:08:47] Expansion Workers have completed.
[INFO]:[19:08:47] Evaluated expansion parameters: 9
[INFO]:[19:08:47] Classifying expansion parameters...
[DEBUG]:[19:08:47] Parameter CPXPARAM_Preprocessing_RepeatPresolve valid evaluations: 4, invalid evaluations: 0, c_p: 13.02, s_p: 11.173, selected_stage_1: No, discarded_by_threshold: No
[DEBUG]:[19:08:47] Parameter CPXPARAM_LPMethod valid evaluations: 6, invalid evaluations: 0, c_p: 4.61, s_p: 0, selected_stage_1: No, discarded_by_threshold: No
[DEBUG]:[19:08:47] Parameter CPXPARAM_Read_Scale valid evaluations: 2, invalid evaluations: 0, c_p: 6.09, s_p: 7.80167, selected_stage_1: No, discarded_by_threshold: No
[DEBUG]:[19:08:47] Parameter CPXPARAM_Sifting_Algorithm valid evaluations: 4, invalid evaluations: 0, c_p: 4.61, s_p: 0, selected_stage_1: No, discarded_by_threshold: No
[DEBUG]:[19:08:47] Parameter CPXPARAM_Simplex_Limits_Singularity valid evaluations: 5, invalid evaluations: 0, c_p: 4.61, s_p: 0, selected_stage_1: No, discarded_by_threshold: No
[DEBUG]:[19:08:47] Parameter CPXPARAM_Barrier_Algorithm valid evaluations: 3, invalid evaluations: 0, c_p: 4.61, s_p: 0, selected_stage_1: No, discarded_by_threshold: No
[DEBUG]:[19:08:47] Parameter CPXPARAM_MIP_Limits_StrongCand valid evaluations: 4, invalid evaluations: 0, c_p: 4.61, s_p: 0, selected_stage_1: No, discarded_by_threshold: No
[DEBUG]:[19:08:47] Parameter CPXPARAM_Preprocessing_QPMakePSD valid evaluations: 1, invalid evaluations: 0, c_p: 4.61, s_p: 0, selected_stage_1: No, discarded_by_threshold: No
[DEBUG]:[19:08:47] Parameter CPXPARAM_MIP_Limits_Nodes discarded before classification because all evaluations were invalid.
[DEBUG]:[19:08:47] Parameter CPXPARAM_Preprocessing_RepeatPresolve metrics - c_p: 13.02, s_p: 11.173, selected_stage_1: No, discarded_by_threshold: No, dominated: No
[DEBUG]:[19:08:47] Parameter CPXPARAM_LPMethod metrics - c_p: 4.61, s_p: 0, selected_stage_1: No, discarded_by_threshold: No, dominated: No
[DEBUG]:[19:08:47] Parameter CPXPARAM_Read_Scale metrics - c_p: 6.09, s_p: 7.80167, selected_stage_1: No, discarded_by_threshold: No, dominated: No
[DEBUG]:[19:08:47] Parameter CPXPARAM_Sifting_Algorithm metrics - c_p: 4.61, s_p: 0, selected_stage_1: No, discarded_by_threshold: No, dominated: No
[DEBUG]:[19:08:47] Parameter CPXPARAM_Simplex_Limits_Singularity metrics - c_p: 4.61, s_p: 0, selected_stage_1: No, discarded_by_threshold: No, dominated: No
[DEBUG]:[19:08:47] Parameter CPXPARAM_Barrier_Algorithm metrics - c_p: 4.61, s_p: 0, selected_stage_1: No, discarded_by_threshold: No, dominated: No
[DEBUG]:[19:08:47] Parameter CPXPARAM_MIP_Limits_StrongCand metrics - c_p: 4.61, s_p: 0, selected_stage_1: No, discarded_by_threshold: No, dominated: No
[DEBUG]:[19:08:47] Parameter CPXPARAM_Preprocessing_QPMakePSD metrics - c_p: 4.61, s_p: 0, selected_stage_1: No, discarded_by_threshold: No, dominated: No
[INFO]:[19:08:47] Updating parameter flags based on classification...
[INFO]:[19:08:47] Parameter CPXPARAM_MIP_Limits_Nodes discarded from tuning.
[INFO]:[19:08:47] Parameter CPXPARAM_Preprocessing_RepeatPresolve selected for tuning.
[INFO]:[19:08:47] Parameter CPXPARAM_LPMethod selected for tuning.
[INFO]:[19:08:47] Parameter CPXPARAM_Read_Scale selected for tuning.
[INFO]:[19:08:47] Parameter CPXPARAM_Sifting_Algorithm selected for tuning.
[INFO]:[19:08:47] Parameter CPXPARAM_Simplex_Limits_Singularity selected for tuning.
[INFO]:[19:08:47] Parameter CPXPARAM_Barrier_Algorithm selected for tuning.
[INFO]:[19:08:47] Parameter CPXPARAM_MIP_Limits_StrongCand selected for tuning.
[INFO]:[19:08:47] Parameter CPXPARAM_Preprocessing_QPMakePSD selected for tuning.
[DEBUG]:[19:08:47] Classified parameters at iteration 7 - To Select: 8, To Discard: 1
[DEBUG]:[19:08:47] Parameter: CPXPARAM_MIP_Limits_Nodes, To Select: No, To Discard: Yes
[DEBUG]:[19:08:47] Parameter: CPXPARAM_Preprocessing_RepeatPresolve, To Select: Yes, To Discard: No
[DEBUG]:[19:08:47] Parameter: CPXPARAM_LPMethod, To Select: Yes, To Discard: No
[DEBUG]:[19:08:47] Parameter: CPXPARAM_Read_Scale, To Select: Yes, To Discard: No
[DEBUG]:[19:08:47] Parameter: CPXPARAM_Sifting_Algorithm, To Select: Yes, To Discard: No
[DEBUG]:[19:08:47] Parameter: CPXPARAM_Simplex_Limits_Singularity, To Select: Yes, To Discard: No
[DEBUG]:[19:08:47] Parameter: CPXPARAM_Barrier_Algorithm, To Select: Yes, To Discard: No
[DEBUG]:[19:08:47] Parameter: CPXPARAM_MIP_Limits_StrongCand, To Select: Yes, To Discard: No
[DEBUG]:[19:08:47] Parameter: CPXPARAM_Preprocessing_QPMakePSD, To Select: Yes, To Discard: No
[INFO]:[19:08:47] Added 30 evaluations to memory from expansion phase at iteration 7
[INFO]:[19:08:47] Expansion phase completed.
[INFO]:[19:08:47] Starting pruning phase...
[INFO]:[19:08:47] Writing learner file for pruning phase: /scratch/yorig/mpils-results-grid-ticks-10000-7may/medium-1/16proc-16pils/seed-8/9_neos-3024952-loue_seed-8_20260510_190554/pruning/input/learner_file_7.txt
[INFO]:[19:08:47] Learner file written successfully: /scratch/yorig/mpils-results-grid-ticks-10000-7may/medium-1/16proc-16pils/seed-8/9_neos-3024952-loue_seed-8_20260510_190554/pruning/input/learner_file_7.txt
[INFO]:[19:08:47] Extracting forbidden tuples from memory...
[INFO]:[19:08:47] Redirecting learner stdout/stderr to: /scratch/yorig/mpils-results-grid-ticks-10000-7may/medium-1/16proc-16pils/seed-8/9_neos-3024952-loue_seed-8_20260510_190554/pruning/learner_iteration_7.log
[INFO]:[19:08:47] Forbidden tuples extracted: 62
[INFO]:[19:08:47] Applying pruning with 62 forbidden tuples...
[DEBUG]:[19:08:47] Adding forbidden value from single-element tuple: CPXPARAM_Emphasis_MIP=4
[DEBUG]:[19:08:47] Adding forbidden value from single-element tuple: CPXPARAM_Emphasis_Numerical=1
[DEBUG]:[19:08:47] Adding forbidden value from single-element tuple: CPXPARAM_Feasopt_Mode=1
[DEBUG]:[19:08:47] Adding forbidden value from single-element tuple: CPXPARAM_MIP_Cuts_MIRCut=1
[DEBUG]:[19:08:47] Adding forbidden value from single-element tuple: CPXPARAM_MIP_Limits_AggForCut=5
[DEBUG]:[19:08:47] Adding forbidden value from single-element tuple: CPXPARAM_MIP_Limits_AggForCut=10
[DEBUG]:[19:08:47] Adding forbidden value from single-element tuple: CPXPARAM_MIP_Limits_CutsFactor=2
[DEBUG]:[19:08:47] Adding forbidden value from single-element tuple: CPXPARAM_MIP_Limits_ProbeTime=1
[DEBUG]:[19:08:47] Adding forbidden value from single-element tuple: CPXPARAM_MIP_OrderType=2
[DEBUG]:[19:08:47] Adding forbidden value from single-element tuple: CPXPARAM_MIP_OrderType=3
[DEBUG]:[19:08:47] Adding forbidden value from single-element tuple: CPXPARAM_MIP_Strategy_BBInterval=2
[DEBUG]:[19:08:47] Adding forbidden value from single-element tuple: CPXPARAM_MIP_Strategy_Branch=1
[DEBUG]:[19:08:47] Adding forbidden value from single-element tuple: CPXPARAM_MIP_Strategy_Dive=3
[DEBUG]:[19:08:47] Adding forbidden value from single-element tuple: CPXPARAM_MIP_Strategy_HeuristicFreq=20
[DEBUG]:[19:08:47] Adding forbidden value from single-element tuple: CPXPARAM_MIP_Strategy_NodeSelect=2
[DEBUG]:[19:08:47] Adding forbidden value from single-element tuple: CPXPARAM_MIP_Strategy_PresolveNode=1
[DEBUG]:[19:08:47] Adding forbidden value from single-element tuple: CPXPARAM_MIP_Strategy_SubAlgorithm=2
[DEBUG]:[19:08:47] Adding forbidden value from single-element tuple: CPXPARAM_MIP_Strategy_SubAlgorithm=4
[DEBUG]:[19:08:47] Adding forbidden value from single-element tuple: CPXPARAM_MIP_Strategy_SubAlgorithm=5
[DEBUG]:[19:08:47] Adding forbidden value from single-element tuple: CPXPARAM_MIP_Strategy_VariableSelect=0
[DEBUG]:[19:08:47] Adding forbidden value from single-element tuple: CPXPARAM_Network_NetFind=2
[DEBUG]:[19:08:47] Adding forbidden value from single-element tuple: CPXPARAM_Preprocessing_BoundStrength=1
[DEBUG]:[19:08:47] Adding forbidden value from single-element tuple: CPXPARAM_Preprocessing_CoeffReduce=0
[DEBUG]:[19:08:47] Adding forbidden value from single-element tuple: CPXPARAM_Preprocessing_QPMakePSD=1
[DEBUG]:[19:08:47] Adding forbidden value from single-element tuple: CPXPARAM_Preprocessing_Relax=0
[DEBUG]:[19:08:47] Adding forbidden value from single-element tuple: CPXPARAM_Preprocessing_RepeatPresolve=1
[DEBUG]:[19:08:47] Adding forbidden value from single-element tuple: CPXPARAM_Preprocessing_RepeatPresolve=2
[DEBUG]:[19:08:47] Adding forbidden value from single-element tuple: CPXPARAM_Preprocessing_RepeatPresolve=3
[DEBUG]:[19:08:47] Adding forbidden value from single-element tuple: CPXPARAM_Preprocessing_Symmetry=0
[DEBUG]:[19:08:47] Adding forbidden value from single-element tuple: CPXPARAM_Read_Scale=1
[DEBUG]:[19:08:47] Adding forbidden value from single-element tuple: CPXPARAM_Sifting_Algorithm=1
[DEBUG]:[19:08:47] Adding forbidden value from single-element tuple: CPXPARAM_Simplex_Crash=1
[DEBUG]:[19:08:47] Adding forbidden tuple of size 2: 
[DEBUG]:[19:08:47]   CPXPARAM_Advance=1
[DEBUG]:[19:08:47]   CPXPARAM_Barrier_Algorithm=1
[DEBUG]:[19:08:47] Adding forbidden tuple of size 2: 
[DEBUG]:[19:08:47]   CPXPARAM_Advance=1
[DEBUG]:[19:08:47]   CPXPARAM_Barrier_Algorithm=2
[DEBUG]:[19:08:47] Adding forbidden tuple of size 2: 
[DEBUG]:[19:08:47]   CPXPARAM_Advance=1
[DEBUG]:[19:08:47]   CPXPARAM_Barrier_Algorithm=3
[DEBUG]:[19:08:47] Adding forbidden tuple of size 2: 
[DEBUG]:[19:08:47]   CPXPARAM_Advance=1
[DEBUG]:[19:08:47]   CPXPARAM_Barrier_Crossover=1
[DEBUG]:[19:08:47] Adding forbidden tuple of size 2: 
[DEBUG]:[19:08:47]   CPXPARAM_Advance=1
[DEBUG]:[19:08:47]   CPXPARAM_Barrier_Crossover=2
[DEBUG]:[19:08:47] Adding forbidden tuple of size 2: 
[DEBUG]:[19:08:47]   CPXPARAM_Advance=1
[DEBUG]:[19:08:47]   CPXPARAM_Barrier_Ordering=1
[DEBUG]:[19:08:47] Adding forbidden tuple of size 2: 
[DEBUG]:[19:08:47]   CPXPARAM_Advance=1
[DEBUG]:[19:08:47]   CPXPARAM_Barrier_Ordering=2
[DEBUG]:[19:08:47] Adding forbidden tuple of size 2: 
[DEBUG]:[19:08:47]   CPXPARAM_Advance=1
[DEBUG]:[19:08:47]   CPXPARAM_Barrier_Ordering=3
[DEBUG]:[19:08:47] Adding forbidden tuple of size 2: 
[DEBUG]:[19:08:47]   CPXPARAM_Advance=1
[DEBUG]:[19:08:47]   CPXPARAM_Barrier_StartAlg=2
[DEBUG]:[19:08:47] Adding forbidden tuple of size 2: 
[DEBUG]:[19:08:47]   CPXPARAM_Advance=1
[DEBUG]:[19:08:47]   CPXPARAM_Barrier_StartAlg=3
[DEBUG]:[19:08:47] Adding forbidden tuple of size 2: 
[DEBUG]:[19:08:47]   CPXPARAM_Advance=1
[DEBUG]:[19:08:47]   CPXPARAM_Barrier_StartAlg=4
[DEBUG]:[19:08:47] Adding forbidden tuple of size 2: 
[DEBUG]:[19:08:47]   CPXPARAM_Advance=1
[DEBUG]:[19:08:47]   CPXPARAM_Emphasis_MIP=1
[DEBUG]:[19:08:47] Adding forbidden tuple of size 2: 
[DEBUG]:[19:08:47]   CPXPARAM_Advance=1
[DEBUG]:[19:08:47]   CPXPARAM_Emphasis_MIP=2
[DEBUG]:[19:08:47] Adding forbidden tuple of size 2: 
[DEBUG]:[19:08:47]   CPXPARAM_Advance=1
[DEBUG]:[19:08:47]   CPXPARAM_Emphasis_MIP=3
[DEBUG]:[19:08:47] Adding forbidden tuple of size 2: 
[DEBUG]:[19:08:47]   CPXPARAM_Advance=1
[DEBUG]:[19:08:47]   CPXPARAM_Emphasis_MIP=4
[DEBUG]:[19:08:47] Adding forbidden tuple of size 2: 
[DEBUG]:[19:08:47]   CPXPARAM_Advance=1
[DEBUG]:[19:08:47]   CPXPARAM_Emphasis_MIP=5
[DEBUG]:[19:08:47] Adding forbidden tuple of size 2: 
[DEBUG]:[19:08:47]   CPXPARAM_Advance=1
[DEBUG]:[19:08:47]   CPXPARAM_Emphasis_Memory=1
[DEBUG]:[19:08:47] Adding forbidden tuple of size 2: 
[DEBUG]:[19:08:47]   CPXPARAM_Advance=1
[DEBUG]:[19:08:47]   CPXPARAM_Emphasis_Numerical=1
[DEBUG]:[19:08:47] Adding forbidden tuple of size 2: 
[DEBUG]:[19:08:47]   CPXPARAM_Advance=1
[DEBUG]:[19:08:47]   CPXPARAM_Feasopt_Mode=1
[DEBUG]:[19:08:47] Adding forbidden tuple of size 2: 
[DEBUG]:[19:08:47]   CPXPARAM_Advance=1
[DEBUG]:[19:08:47]   CPXPARAM_Feasopt_Mode=2
[DEBUG]:[19:08:47] Adding forbidden tuple of size 2: 
[DEBUG]:[19:08:47]   CPXPARAM_Advance=1
[DEBUG]:[19:08:47]   CPXPARAM_Feasopt_Mode=3
[DEBUG]:[19:08:47] Adding forbidden tuple of size 2: 
[DEBUG]:[19:08:47]   CPXPARAM_Advance=1
[DEBUG]:[19:08:47]   CPXPARAM_Feasopt_Mode=4
[DEBUG]:[19:08:47] Adding forbidden tuple of size 2: 
[DEBUG]:[19:08:47]   CPXPARAM_Advance=1
[DEBUG]:[19:08:47]   CPXPARAM_Feasopt_Mode=5
[DEBUG]:[19:08:47] Adding forbidden tuple of size 2: 
[DEBUG]:[19:08:47]   CPXPARAM_Advance=1
[DEBUG]:[19:08:47]   CPXPARAM_LPMethod=1
[DEBUG]:[19:08:47] Adding forbidden tuple of size 2: 
[DEBUG]:[19:08:47]   CPXPARAM_Advance=1
[DEBUG]:[19:08:47]   CPXPARAM_LPMethod=2
[DEBUG]:[19:08:47] Adding forbidden tuple of size 2: 
[DEBUG]:[19:08:47]   CPXPARAM_Advance=1
[DEBUG]:[19:08:47]   CPXPARAM_LPMethod=3
[DEBUG]:[19:08:47] Adding forbidden tuple of size 2: 
[DEBUG]:[19:08:47]   CPXPARAM_Advance=1
[DEBUG]:[19:08:47]   CPXPARAM_LPMethod=4
[DEBUG]:[19:08:47] Adding forbidden tuple of size 2: 
[DEBUG]:[19:08:47]   CPXPARAM_Advance=1
[DEBUG]:[19:08:47]   CPXPARAM_LPMethod=5
[DEBUG]:[19:08:47] Adding forbidden tuple of size 2: 
[DEBUG]:[19:08:47]   CPXPARAM_Advance=1
[DEBUG]:[19:08:47]   CPXPARAM_LPMethod=6
[DEBUG]:[19:08:47] Adding forbidden tuple of size 2: 
[DEBUG]:[19:08:47]   CPXPARAM_Advance=1
[DEBUG]:[19:08:47]   CPXPARAM_MIP_Cuts_Cliques=0
[INFO]:[19:08:47] Pruning applied successfully.
[INFO]:[19:08:47] Pruning phase completed.
[INFO]:[19:08:47] Completed iteration 7
[INFO]:[19:08:47] Starting iteration 8
[INFO]:[19:08:47] Starting exploration phase...
[INFO]:[19:08:47] Selecting number of evaluations for tuning phase...
[INFO]:[19:08:47] Selecting initial configurations for tuning phase...
[INFO]:[19:08:47] Using worker 0 best exploration configuration without MIP start as master ILS initial configuration.
[INFO]:[19:08:47] Worker 1 global-best exploration initial configuration matches master; using a random diversified initial configuration.
[INFO]:[19:08:47] Number of evaluations for this tuning phase: 30
[INFO]:[19:08:47] ILS shared cache is disabled for this exploration phase.
[INFO]:[19:08:47] Local search backend for this exploration phase: iterated_local_search
[INFO]:[19:08:47] Running IteratedLocalSearch Engine...
[INFO]:[19:08:47] Mip start is disabled for this iteration.
[INFO]:[19:08:47] Writing ILS search space file for worker 0...
[INFO]:[19:08:47] Warning: Initial value for parameter CPXPARAM_Emphasis_MIP is forbidden. So unforbidden it for the ILS initial configuration at iteration 8.
[INFO]:[19:08:47] Warning: Initial value for parameter CPXPARAM_MIP_Cuts_Disjunctive is forbidden. So unforbidden it for the ILS initial configuration at iteration 8.
[INFO]:[19:08:47] Warning: Initial value for parameter CPXPARAM_MIP_Cuts_FlowCovers is forbidden. So unforbidden it for the ILS initial configuration at iteration 8.
[INFO]:[19:08:47] Warning: Initial value for parameter CPXPARAM_MIP_Cuts_Gomory is forbidden. So unforbidden it for the ILS initial configuration at iteration 8.
[INFO]:[19:08:47] Warning: Initial value for parameter CPXPARAM_MIP_Strategy_VariableSelect is forbidden. So unforbidden it for the ILS initial configuration at iteration 8.
[INFO]:[19:08:47] Warning: Initial value for parameter CPXPARAM_Preprocessing_Dual is forbidden. So unforbidden it for the ILS initial configuration at iteration 8.
[INFO]:[19:08:47] Warning: Initial value for parameter CPXPARAM_Preprocessing_QPMakePSD is forbidden. So unforbidden it for the ILS initial configuration at iteration 8.
[INFO]:[19:08:47] Warning: Initial configuration contains a forbidden tuple. So unforbidden it for ILS at iteration 8.
[INFO]:[19:08:47] Warning: Initial configuration contains a forbidden tuple. So unforbidden it for ILS at iteration 8.
[INFO]:[19:08:47] Warning: Initial configuration contains a forbidden tuple. So unforbidden it for ILS at iteration 8.
[INFO]:[19:08:47] Warning: Initial configuration contains a forbidden tuple. So unforbidden it for ILS at iteration 8.
[INFO]:[19:08:47] Warning: Initial configuration contains a forbidden tuple. So unforbidden it for ILS at iteration 8.
[INFO]:[19:08:47] Warning: Initial configuration contains a forbidden tuple. So unforbidden it for ILS at iteration 8.
[INFO]:[19:08:47] Warning: Initial configuration contains a forbidden tuple. So unforbidden it for ILS at iteration 8.
[INFO]:[19:08:47] Warning: Initial configuration contains a forbidden tuple. So unforbidden it for ILS at iteration 8.
[INFO]:[19:08:47] Warning: Initial configuration contains a forbidden tuple. So unforbidden it for ILS at iteration 8.
[INFO]:[19:08:47] Warning: Initial configuration contains a forbidden tuple. So unforbidden it for ILS at iteration 8.
[INFO]:[19:08:47] ILS search space file written: /scratch/yorig/mpils-results-grid-ticks-10000-7may/medium-1/16proc-16pils/seed-8/9_neos-3024952-loue_seed-8_20260510_190554/iterated_local_search/search_space/search_space_file_8.txt
[INFO]:[19:08:47] Writing ILS search space file for worker 1...
[INFO]:[19:08:47] Warning: Initial value for parameter CPXPARAM_Emphasis_MIP is forbidden. So unforbidden it for the ILS initial configuration at iteration 8.
[INFO]:[19:08:47] Warning: Initial value for parameter CPXPARAM_MIP_Cuts_MIRCut is forbidden. So unforbidden it for the ILS initial configuration at iteration 8.
[INFO]:[19:08:47] Warning: Initial value for parameter CPXPARAM_MIP_Cuts_Disjunctive is forbidden. So unforbidden it for the ILS initial configuration at iteration 8.
[INFO]:[19:08:47] Warning: Initial value for parameter CPXPARAM_MIP_Limits_GomoryCand is forbidden. So unforbidden it for the ILS initial configuration at iteration 8.
[INFO]:[19:08:47] Warning: Initial value for parameter CPXPARAM_MIP_Strategy_VariableSelect is forbidden. So unforbidden it for the ILS initial configuration at iteration 8.
[INFO]:[19:08:47] Warning: Initial value for parameter CPXPARAM_MIP_Limits_CutsFactor is forbidden. So unforbidden it for the ILS initial configuration at iteration 8.
[INFO]:[19:08:47] Warning: Initial value for parameter CPXPARAM_Preprocessing_Dual is forbidden. So unforbidden it for the ILS initial configuration at iteration 8.
[INFO]:[19:08:47] Warning: Initial value for parameter CPXPARAM_MIP_Strategy_SubAlgorithm is forbidden. So unforbidden it for the ILS initial configuration at iteration 8.
[INFO]:[19:08:47] Warning: Initial value for parameter CPXPARAM_MIP_Limits_AggForCut is forbidden. So unforbidden it for the ILS initial configuration at iteration 8.
[INFO]:[19:08:47] Warning: Initial value for parameter CPXPARAM_MIP_OrderType is forbidden. So unforbidden it for the ILS initial configuration at iteration 8.
[INFO]:[19:08:47] Warning: Initial value for parameter CPXPARAM_Preprocessing_Reduce is forbidden. So unforbidden it for the ILS initial configuration at iteration 8.
[INFO]:[19:08:47] Warning: Initial value for parameter CPXPARAM_Preprocessing_RepeatPresolve is forbidden. So unforbidden it for the ILS initial configuration at iteration 8.
[INFO]:[19:08:47] Warning: Initial configuration contains a forbidden tuple. So unforbidden it for ILS at iteration 8.
[INFO]:[19:08:47] Warning: Initial configuration contains a forbidden tuple. So unforbidden it for ILS at iteration 8.
[INFO]:[19:08:47] Warning: Initial configuration contains a forbidden tuple. So unforbidden it for ILS at iteration 8.
[INFO]:[19:08:47] Warning: Initial configuration contains a forbidden tuple. So unforbidden it for ILS at iteration 8.
[INFO]:[19:08:47] Warning: Initial configuration contains a forbidden tuple. So unforbidden it for ILS at iteration 8.
[INFO]:[19:08:47] Warning: Initial configuration contains a forbidden tuple. So unforbidden it for ILS at iteration 8.
[INFO]:[19:08:47] Warning: Initial configuration contains a forbidden tuple. So unforbidden it for ILS at iteration 8.
[INFO]:[19:08:47] Warning: Initial configuration contains a forbidden tuple. So unforbidden it for ILS at iteration 8.
[INFO]:[19:08:47] Warning: Initial configuration contains a forbidden tuple. So unforbidden it for ILS at iteration 8.
[INFO]:[19:08:47] Warning: Initial configuration contains a forbidden tuple. So unforbidden it for ILS at iteration 8.
[INFO]:[19:08:47] Warning: Initial configuration contains a forbidden tuple. So unforbidden it for ILS at iteration 8.
[INFO]:[19:08:47] ILS search space file written: /scratch/yorig/mpils-results-grid-ticks-10000-7may/medium-1/16proc-16pils/seed-8/9_neos-3024952-loue_seed-8_20260510_190554/iterated_local_search/search_space/search_space_file_8_worker_1.txt
[INFO]:[19:08:47] Writing ILS search space file for worker 2...
[INFO]:[19:08:47] Warning: Initial value for parameter CPXPARAM_Emphasis_MIP is forbidden. So unforbidden it for the ILS initial configuration at iteration 8.
[INFO]:[19:08:47] Warning: Initial value for parameter CPXPARAM_MIP_Cuts_MIRCut is forbidden. So unforbidden it for the ILS initial configuration at iteration 8.
[INFO]:[19:08:47] Warning: Initial value for parameter CPXPARAM_MIP_Cuts_GUBCovers is forbidden. So unforbidden it for the ILS initial configuration at iteration 8.
[INFO]:[19:08:47] Warning: Initial value for parameter CPXPARAM_MIP_Cuts_Gomory is forbidden. So unforbidden it for the ILS initial configuration at iteration 8.
[INFO]:[19:08:47] Warning: Initial value for parameter CPXPARAM_MIP_Strategy_VariableSelect is forbidden. So unforbidden it for the ILS initial configuration at iteration 8.
[INFO]:[19:08:47] Warning: Initial value for parameter CPXPARAM_MIP_Limits_CutsFactor is forbidden. So unforbidden it for the ILS initial configuration at iteration 8.
[INFO]:[19:08:47] Warning: Initial value for parameter CPXPARAM_MIP_Strategy_SubAlgorithm is forbidden. So unforbidden it for the ILS initial configuration at iteration 8.
[INFO]:[19:08:47] Warning: Initial value for parameter CPXPARAM_MIP_Limits_AggForCut is forbidden. So unforbidden it for the ILS initial configuration at iteration 8.
[INFO]:[19:08:47] Warning: Initial value for parameter CPXPARAM_MIP_OrderType is forbidden. So unforbidden it for the ILS initial configuration at iteration 8.
[INFO]:[19:08:47] Warning: Initial value for parameter CPXPARAM_Preprocessing_RepeatPresolve is forbidden. So unforbidden it for the ILS initial configuration at iteration 8.
[INFO]:[19:08:47] Warning: Initial configuration contains a forbidden tuple. So unforbidden it for ILS at iteration 8.
[INFO]:[19:08:47] Warning: Initial configuration contains a forbidden tuple. So unforbidden it for ILS at iteration 8.
[INFO]:[19:08:47] Warning: Initial configuration contains a forbidden tuple. So unforbidden it for ILS at iteration 8.
[INFO]:[19:08:47] Warning: Initial configuration contains a forbidden tuple. So unforbidden it for ILS at iteration 8.
[INFO]:[19:08:47] Warning: Initial configuration contains a forbidden tuple. So unforbidden it for ILS at iteration 8.
[INFO]:[19:08:47] Warning: Initial configuration contains a forbidden tuple. So unforbidden it for ILS at iteration 8.
[INFO]:[19:08:47] Warning: Initial configuration contains a forbidden tuple. So unforbidden it for ILS at iteration 8.
[INFO]:[19:08:47] Warning: Initial configuration contains a forbidden tuple. So unforbidden it for ILS at iteration 8.
[INFO]:[19:08:47] Warning: Initial configuration contains a forbidden tuple. So unforbidden it for ILS at iteration 8.
[INFO]:[19:08:47] Warning: Initial configuration contains a forbidden tuple. So unforbidden it for ILS at iteration 8.
[INFO]:[19:08:47] Warning: Initial configuration contains a forbidden tuple. So unforbidden it for ILS at iteration 8.
[INFO]:[19:08:47] Warning: Initial configuration contains a forbidden tuple. So unforbidden it for ILS at iteration 8.
[INFO]:[19:08:47] ILS search space file written: /scratch/yorig/mpils-results-grid-ticks-10000-7may/medium-1/16proc-16pils/seed-8/9_neos-3024952-loue_seed-8_20260510_190554/iterated_local_search/search_space/search_space_file_8_worker_2.txt
[INFO]:[19:08:47] Writing ILS search space file for worker 3...
[INFO]:[19:08:47] Warning: Initial value for parameter CPXPARAM_Emphasis_MIP is forbidden. So unforbidden it for the ILS initial configuration at iteration 8.
[INFO]:[19:08:47] Warning: Initial value for parameter CPXPARAM_MIP_Cuts_Cliques is forbidden. So unforbidden it for the ILS initial configuration at iteration 8.
[INFO]:[19:08:47] Warning: Initial value for parameter CPXPARAM_MIP_Cuts_MIRCut is forbidden. So unforbidden it for the ILS initial configuration at iteration 8.
[INFO]:[19:08:47] Warning: Initial value for parameter CPXPARAM_MIP_Cuts_GUBCovers is forbidden. So unforbidden it for the ILS initial configuration at iteration 8.
[INFO]:[19:08:47] Warning: Initial value for parameter CPXPARAM_MIP_Cuts_Gomory is forbidden. So unforbidden it for the ILS initial configuration at iteration 8.
[INFO]:[19:08:47] Warning: Initial value for parameter CPXPARAM_MIP_Limits_GomoryCand is forbidden. So unforbidden it for the ILS initial configuration at iteration 8.
[INFO]:[19:08:47] Warning: Initial value for parameter CPXPARAM_MIP_Cuts_Covers is forbidden. So unforbidden it for the ILS initial configuration at iteration 8.
[INFO]:[19:08:47] Warning: Initial value for parameter CPXPARAM_MIP_Strategy_VariableSelect is forbidden. So unforbidden it for the ILS initial configuration at iteration 8.
[INFO]:[19:08:47] Warning: Initial value for parameter CPXPARAM_MIP_Limits_AggForCut is forbidden. So unforbidden it for the ILS initial configuration at iteration 8.
[INFO]:[19:08:47] Warning: Initial value for parameter CPXPARAM_MIP_OrderType is forbidden. So unforbidden it for the ILS initial configuration at iteration 8.
[INFO]:[19:08:47] Warning: Initial value for parameter CPXPARAM_Preprocessing_Relax is forbidden. So unforbidden it for the ILS initial configuration at iteration 8.
[INFO]:[19:08:47] Warning: Initial value for parameter CPXPARAM_Preprocessing_QPMakePSD is forbidden. So unforbidden it for the ILS initial configuration at iteration 8.
[INFO]:[19:08:47] Warning: Initial configuration contains a forbidden tuple. So unforbidden it for ILS at iteration 8.
[INFO]:[19:08:47] Warning: Initial configuration contains a forbidden tuple. So unforbidden it for ILS at iteration 8.
[INFO]:[19:08:47] Warning: Initial configuration contains a forbidden tuple. So unforbidden it for ILS at iteration 8.
[INFO]:[19:08:47] Warning: Initial configuration contains a forbidden tuple. So unforbidden it for ILS at iteration 8.
[INFO]:[19:08:47] Warning: Initial configuration contains a forbidden tuple. So unforbidden it for ILS at iteration 8.
[INFO]:[19:08:47] Warning: Initial configuration contains a forbidden tuple. So unforbidden it for ILS at iteration 8.
[INFO]:[19:08:47] Warning: Initial configuration contains a forbidden tuple. So unforbidden it for ILS at iteration 8.
[INFO]:[19:08:47] Warning: Initial configuration contains a forbidden tuple. So unforbidden it for ILS at iteration 8.
[INFO]:[19:08:47] Warning: Initial configuration contains a forbidden tuple. So unforbidden it for ILS at iteration 8.
[INFO]:[19:08:47] Warning: Initial configuration contains a forbidden tuple. So unforbidden it for ILS at iteration 8.
[INFO]:[19:08:47] Warning: Initial configuration contains a forbidden tuple. So unforbidden it for ILS at iteration 8.
[INFO]:[19:08:47] Warning: Initial configuration contains a forbidden tuple. So unforbidden it for ILS at iteration 8.
[INFO]:[19:08:47] Warning: Initial configuration contains a forbidden tuple. So unforbidden it for ILS at iteration 8.
[INFO]:[19:08:47] ILS search space file written: /scratch/yorig/mpils-results-grid-ticks-10000-7may/medium-1/16proc-16pils/seed-8/9_neos-3024952-loue_seed-8_20260510_190554/iterated_local_search/search_space/search_space_file_8_worker_3.txt
[INFO]:[19:08:47] Writing ILS search space file for worker 4...
[INFO]:[19:08:47] Warning: Initial value for parameter CPXPARAM_Emphasis_MIP is forbidden. So unforbidden it for the ILS initial configuration at iteration 8.
[INFO]:[19:08:47] Warning: Initial value for parameter CPXPARAM_MIP_Cuts_Covers is forbidden. So unforbidden it for the ILS initial configuration at iteration 8.
[INFO]:[19:08:47] Warning: Initial value for parameter CPXPARAM_MIP_Strategy_VariableSelect is forbidden. So unforbidden it for the ILS initial configuration at iteration 8.
[INFO]:[19:08:47] Warning: Initial value for parameter CPXPARAM_MIP_Limits_CutsFactor is forbidden. So unforbidden it for the ILS initial configuration at iteration 8.
[INFO]:[19:08:47] Warning: Initial value for parameter CPXPARAM_MIP_Strategy_SubAlgorithm is forbidden. So unforbidden it for the ILS initial configuration at iteration 8.
[INFO]:[19:08:47] Warning: Initial value for parameter CPXPARAM_Simplex_DGradient is forbidden. So unforbidden it for the ILS initial configuration at iteration 8.
[INFO]:[19:08:47] Warning: Initial value for parameter CPXPARAM_MIP_Limits_AggForCut is forbidden. So unforbidden it for the ILS initial configuration at iteration 8.
[INFO]:[19:08:47] Warning: Initial value for parameter CPXPARAM_MIP_OrderType is forbidden. So unforbidden it for the ILS initial configuration at iteration 8.
[INFO]:[19:08:47] Warning: Initial value for parameter CPXPARAM_Preprocessing_Reduce is forbidden. So unforbidden it for the ILS initial configuration at iteration 8.
[INFO]:[19:08:47] Warning: Initial value for parameter CPXPARAM_Preprocessing_Relax is forbidden. So unforbidden it for the ILS initial configuration at iteration 8.
[INFO]:[19:08:47] Warning: Initial value for parameter CPXPARAM_Preprocessing_RepeatPresolve is forbidden. So unforbidden it for the ILS initial configuration at iteration 8.
[INFO]:[19:08:47] Warning: Initial value for parameter CPXPARAM_Read_Scale is forbidden. So unforbidden it for the ILS initial configuration at iteration 8.
[INFO]:[19:08:47] Warning: Initial value for parameter CPXPARAM_Sifting_Algorithm is forbidden. So unforbidden it for the ILS initial configuration at iteration 8.
[INFO]:[19:08:47] Warning: Initial value for parameter CPXPARAM_Preprocessing_QPMakePSD is forbidden. So unforbidden it for the ILS initial configuration at iteration 8.
[INFO]:[19:08:47] Warning: Initial configuration contains a forbidden tuple. So unforbidden it for ILS at iteration 8.
[INFO]:[19:08:47] Warning: Initial configuration contains a forbidden tuple. So unforbidden it for ILS at iteration 8.
[INFO]:[19:08:47] Warning: Initial configuration contains a forbidden tuple. So unforbidden it for ILS at iteration 8.
[INFO]:[19:08:47] Warning: Initial configuration contains a forbidden tuple. So unforbidden it for ILS at iteration 8.
[INFO]:[19:08:47] Warning: Initial configuration contains a forbidden tuple. So unforbidden it for ILS at iteration 8.
[INFO]:[19:08:47] Warning: Initial configuration contains a forbidden tuple. So unforbidden it for ILS at iteration 8.
[INFO]:[19:08:47] Warning: Initial configuration contains a forbidden tuple. So unforbidden it for ILS at iteration 8.
[INFO]:[19:08:47] Warning: Initial configuration contains a forbidden tuple. So unforbidden it for ILS at iteration 8.
[INFO]:[19:08:47] Warning: Initial configuration contains a forbidden tuple. So unforbidden it for ILS at iteration 8.
[INFO]:[19:08:47] Warning: Initial configuration contains a forbidden tuple. So unforbidden it for ILS at iteration 8.
[INFO]:[19:08:47] ILS search space file written: /scratch/yorig/mpils-results-grid-ticks-10000-7may/medium-1/16proc-16pils/seed-8/9_neos-3024952-loue_seed-8_20260510_190554/iterated_local_search/search_space/search_space_file_8_worker_4.txt
[INFO]:[19:08:47] Writing ILS search space file for worker 5...
[INFO]:[19:08:47] Warning: Initial value for parameter CPXPARAM_Emphasis_MIP is forbidden. So unforbidden it for the ILS initial configuration at iteration 8.
[INFO]:[19:08:47] Warning: Initial value for parameter CPXPARAM_MIP_Cuts_MIRCut is forbidden. So unforbidden it for the ILS initial configuration at iteration 8.
[INFO]:[19:08:47] Warning: Initial value for parameter CPXPARAM_MIP_Limits_AggForCut is forbidden. So unforbidden it for the ILS initial configuration at iteration 8.
[INFO]:[19:08:47] Warning: Initial value for parameter CPXPARAM_MIP_OrderType is forbidden. So unforbidden it for the ILS initial configuration at iteration 8.
[INFO]:[19:08:47] Warning: Initial value for parameter CPXPARAM_Preprocessing_Reduce is forbidden. So unforbidden it for the ILS initial configuration at iteration 8.
[INFO]:[19:08:47] Warning: Initial value for parameter CPXPARAM_Sifting_Algorithm is forbidden. So unforbidden it for the ILS initial configuration at iteration 8.
[INFO]:[19:08:47] Warning: Initial value for parameter CPXPARAM_Preprocessing_QPMakePSD is forbidden. So unforbidden it for the ILS initial configuration at iteration 8.
[INFO]:[19:08:47] Warning: Initial configuration contains a forbidden tuple. So unforbidden it for ILS at iteration 8.
[INFO]:[19:08:47] Warning: Initial configuration contains a forbidden tuple. So unforbidden it for ILS at iteration 8.
[INFO]:[19:08:47] Warning: Initial configuration contains a forbidden tuple. So unforbidden it for ILS at iteration 8.
[INFO]:[19:08:47] Warning: Initial configuration contains a forbidden tuple. So unforbidden it for ILS at iteration 8.
[INFO]:[19:08:47] Warning: Initial configuration contains a forbidden tuple. So unforbidden it for ILS at iteration 8.
[INFO]:[19:08:47] Warning: Initial configuration contains a forbidden tuple. So unforbidden it for ILS at iteration 8.
[INFO]:[19:08:47] Warning: Initial configuration contains a forbidden tuple. So unforbidden it for ILS at iteration 8.
[INFO]:[19:08:47] Warning: Initial configuration contains a forbidden tuple. So unforbidden it for ILS at iteration 8.
[INFO]:[19:08:47] Warning: Initial configuration contains a forbidden tuple. So unforbidden it for ILS at iteration 8.
[INFO]:[19:08:47] Warning: Initial configuration contains a forbidden tuple. So unforbidden it for ILS at iteration 8.
[INFO]:[19:08:47] Warning: Initial configuration contains a forbidden tuple. So unforbidden it for ILS at iteration 8.
[INFO]:[19:08:47] ILS search space file written: /scratch/yorig/mpils-results-grid-ticks-10000-7may/medium-1/16proc-16pils/seed-8/9_neos-3024952-loue_seed-8_20260510_190554/iterated_local_search/search_space/search_space_file_8_worker_5.txt
[INFO]:[19:08:47] Writing ILS search space file for worker 6...
[INFO]:[19:08:47] Warning: Initial value for parameter CPXPARAM_Emphasis_MIP is forbidden. So unforbidden it for the ILS initial configuration at iteration 8.
[INFO]:[19:08:47] Warning: Initial value for parameter CPXPARAM_MIP_Cuts_Cliques is forbidden. So unforbidden it for the ILS initial configuration at iteration 8.
[INFO]:[19:08:47] Warning: Initial value for parameter CPXPARAM_MIP_Cuts_MIRCut is forbidden. So unforbidden it for the ILS initial configuration at iteration 8.
[INFO]:[19:08:47] Warning: Initial value for parameter CPXPARAM_MIP_Cuts_GUBCovers is forbidden. So unforbidden it for the ILS initial configuration at iteration 8.
[INFO]:[19:08:47] Warning: Initial value for parameter CPXPARAM_MIP_Cuts_Gomory is forbidden. So unforbidden it for the ILS initial configuration at iteration 8.
[INFO]:[19:08:47] Warning: Initial value for parameter CPXPARAM_MIP_Limits_GomoryCand is forbidden. So unforbidden it for the ILS initial configuration at iteration 8.
[INFO]:[19:08:47] Warning: Initial value for parameter CPXPARAM_MIP_Strategy_VariableSelect is forbidden. So unforbidden it for the ILS initial configuration at iteration 8.
[INFO]:[19:08:47] Warning: Initial value for parameter CPXPARAM_MIP_Strategy_HeuristicFreq is forbidden. So unforbidden it for the ILS initial configuration at iteration 8.
[INFO]:[19:08:47] Warning: Initial value for parameter CPXPARAM_MIP_Strategy_SubAlgorithm is forbidden. So unforbidden it for the ILS initial configuration at iteration 8.
[INFO]:[19:08:47] Warning: Initial value for parameter CPXPARAM_MIP_Limits_AggForCut is forbidden. So unforbidden it for the ILS initial configuration at iteration 8.
[INFO]:[19:08:47] Warning: Initial value for parameter CPXPARAM_Preprocessing_RepeatPresolve is forbidden. So unforbidden it for the ILS initial configuration at iteration 8.
[INFO]:[19:08:47] Warning: Initial value for parameter CPXPARAM_Preprocessing_QPMakePSD is forbidden. So unforbidden it for the ILS initial configuration at iteration 8.
[INFO]:[19:08:47] Warning: Initial configuration contains a forbidden tuple. So unforbidden it for ILS at iteration 8.
[INFO]:[19:08:47] Warning: Initial configuration contains a forbidden tuple. So unforbidden it for ILS at iteration 8.
[INFO]:[19:08:47] Warning: Initial configuration contains a forbidden tuple. So unforbidden it for ILS at iteration 8.
[INFO]:[19:08:47] Warning: Initial configuration contains a forbidden tuple. So unforbidden it for ILS at iteration 8.
[INFO]:[19:08:47] Warning: Initial configuration contains a forbidden tuple. So unforbidden it for ILS at iteration 8.
[INFO]:[19:08:47] Warning: Initial configuration contains a forbidden tuple. So unforbidden it for ILS at iteration 8.
[INFO]:[19:08:47] Warning: Initial configuration contains a forbidden tuple. So unforbidden it for ILS at iteration 8.
[INFO]:[19:08:47] Warning: Initial configuration contains a forbidden tuple. So unforbidden it for ILS at iteration 8.
[INFO]:[19:08:47] Warning: Initial configuration contains a forbidden tuple. So unforbidden it for ILS at iteration 8.
[INFO]:[19:08:47] Warning: Initial configuration contains a forbidden tuple. So unforbidden it for ILS at iteration 8.
[INFO]:[19:08:47] Warning: Initial configuration contains a forbidden tuple. So unforbidden it for ILS at iteration 8.
[INFO]:[19:08:47] ILS search space file written: /scratch/yorig/mpils-results-grid-ticks-10000-7may/medium-1/16proc-16pils/seed-8/9_neos-3024952-loue_seed-8_20260510_190554/iterated_local_search/search_space/search_space_file_8_worker_6.txt
[INFO]:[19:08:47] Writing ILS search space file for worker 7...
[INFO]:[19:08:47] Warning: Initial value for parameter CPXPARAM_Emphasis_MIP is forbidden. So unforbidden it for the ILS initial configuration at iteration 8.
[INFO]:[19:08:47] Warning: Initial value for parameter CPXPARAM_MIP_Cuts_MIRCut is forbidden. So unforbidden it for the ILS initial configuration at iteration 8.
[INFO]:[19:08:47] Warning: Initial value for parameter CPXPARAM_MIP_Cuts_Disjunctive is forbidden. So unforbidden it for the ILS initial configuration at iteration 8.
[INFO]:[19:08:47] Warning: Initial value for parameter CPXPARAM_MIP_Cuts_Gomory is forbidden. So unforbidden it for the ILS initial configuration at iteration 8.
[INFO]:[19:08:47] Warning: Initial value for parameter CPXPARAM_MIP_Limits_GomoryCand is forbidden. So unforbidden it for the ILS initial configuration at iteration 8.
[INFO]:[19:08:47] Warning: Initial value for parameter CPXPARAM_MIP_Strategy_VariableSelect is forbidden. So unforbidden it for the ILS initial configuration at iteration 8.
[INFO]:[19:08:47] Warning: Initial value for parameter CPXPARAM_MIP_Limits_CutsFactor is forbidden. So unforbidden it for the ILS initial configuration at iteration 8.
[INFO]:[19:08:47] Warning: Initial value for parameter CPXPARAM_MIP_Strategy_SubAlgorithm is forbidden. So unforbidden it for the ILS initial configuration at iteration 8.
[INFO]:[19:08:47] Warning: Initial value for parameter CPXPARAM_MIP_OrderType is forbidden. So unforbidden it for the ILS initial configuration at iteration 8.
[INFO]:[19:08:47] Warning: Initial value for parameter CPXPARAM_Preprocessing_Relax is forbidden. So unforbidden it for the ILS initial configuration at iteration 8.
[INFO]:[19:08:47] Warning: Initial value for parameter CPXPARAM_Sifting_Algorithm is forbidden. So unforbidden it for the ILS initial configuration at iteration 8.
[INFO]:[19:08:47] Warning: Initial value for parameter CPXPARAM_Preprocessing_QPMakePSD is forbidden. So unforbidden it for the ILS initial configuration at iteration 8.
[INFO]:[19:08:47] Warning: Initial configuration contains a forbidden tuple. So unforbidden it for ILS at iteration 8.
[INFO]:[19:08:47] Warning: Initial configuration contains a forbidden tuple. So unforbidden it for ILS at iteration 8.
[INFO]:[19:08:47] Warning: Initial configuration contains a forbidden tuple. So unforbidden it for ILS at iteration 8.
[INFO]:[19:08:47] Warning: Initial configuration contains a forbidden tuple. So unforbidden it for ILS at iteration 8.
[INFO]:[19:08:47] Warning: Initial configuration contains a forbidden tuple. So unforbidden it for ILS at iteration 8.
[INFO]:[19:08:47] Warning: Initial configuration contains a forbidden tuple. So unforbidden it for ILS at iteration 8.
[INFO]:[19:08:47] Warning: Initial configuration contains a forbidden tuple. So unforbidden it for ILS at iteration 8.
[INFO]:[19:08:47] Warning: Initial configuration contains a forbidden tuple. So unforbidden it for ILS at iteration 8.
[INFO]:[19:08:47] Warning: Initial configuration contains a forbidden tuple. So unforbidden it for ILS at iteration 8.
[INFO]:[19:08:47] Warning: Initial configuration contains a forbidden tuple. So unforbidden it for ILS at iteration 8.
[INFO]:[19:08:47] Warning: Initial configuration contains a forbidden tuple. So unforbidden it for ILS at iteration 8.
[INFO]:[19:08:47] ILS search space file written: /scratch/yorig/mpils-results-grid-ticks-10000-7may/medium-1/16proc-16pils/seed-8/9_neos-3024952-loue_seed-8_20260510_190554/iterated_local_search/search_space/search_space_file_8_worker_7.txt
[INFO]:[19:08:47] Writing ILS search space file for worker 8...
[INFO]:[19:08:47] Warning: Initial value for parameter CPXPARAM_Emphasis_MIP is forbidden. So unforbidden it for the ILS initial configuration at iteration 8.
[INFO]:[19:08:47] Warning: Initial value for parameter CPXPARAM_MIP_Cuts_GUBCovers is forbidden. So unforbidden it for the ILS initial configuration at iteration 8.
[INFO]:[19:08:47] Warning: Initial value for parameter CPXPARAM_MIP_Cuts_Gomory is forbidden. So unforbidden it for the ILS initial configuration at iteration 8.
[INFO]:[19:08:47] Warning: Initial value for parameter CPXPARAM_MIP_Limits_CutsFactor is forbidden. So unforbidden it for the ILS initial configuration at iteration 8.
[INFO]:[19:08:47] Warning: Initial value for parameter CPXPARAM_MIP_OrderType is forbidden. So unforbidden it for the ILS initial configuration at iteration 8.
[INFO]:[19:08:47] Warning: Initial value for parameter CPXPARAM_Preprocessing_Reduce is forbidden. So unforbidden it for the ILS initial configuration at iteration 8.
[INFO]:[19:08:47] Warning: Initial value for parameter CPXPARAM_Preprocessing_Relax is forbidden. So unforbidden it for the ILS initial configuration at iteration 8.
[INFO]:[19:08:47] Warning: Initial value for parameter CPXPARAM_Sifting_Algorithm is forbidden. So unforbidden it for the ILS initial configuration at iteration 8.
[INFO]:[19:08:47] Warning: Initial configuration contains a forbidden tuple. So unforbidden it for ILS at iteration 8.
[INFO]:[19:08:47] Warning: Initial configuration contains a forbidden tuple. So unforbidden it for ILS at iteration 8.
[INFO]:[19:08:47] Warning: Initial configuration contains a forbidden tuple. So unforbidden it for ILS at iteration 8.
[INFO]:[19:08:47] Warning: Initial configuration contains a forbidden tuple. So unforbidden it for ILS at iteration 8.
[INFO]:[19:08:47] Warning: Initial configuration contains a forbidden tuple. So unforbidden it for ILS at iteration 8.
[INFO]:[19:08:47] Warning: Initial configuration contains a forbidden tuple. So unforbidden it for ILS at iteration 8.
[INFO]:[19:08:47] Warning: Initial configuration contains a forbidden tuple. So unforbidden it for ILS at iteration 8.
[INFO]:[19:08:47] Warning: Initial configuration contains a forbidden tuple. So unforbidden it for ILS at iteration 8.
[INFO]:[19:08:47] Warning: Initial configuration contains a forbidden tuple. So unforbidden it for ILS at iteration 8.
[INFO]:[19:08:47] Warning: Initial configuration contains a forbidden tuple. So unforbidden it for ILS at iteration 8.
[INFO]:[19:08:47] Warning: Initial configuration contains a forbidden tuple. So unforbidden it for ILS at iteration 8.
[INFO]:[19:08:47] Warning: Initial configuration contains a forbidden tuple. So unforbidden it for ILS at iteration 8.
[INFO]:[19:08:47] Warning: Initial configuration contains a forbidden tuple. So unforbidden it for ILS at iteration 8.
[INFO]:[19:08:47] ILS search space file written: /scratch/yorig/mpils-results-grid-ticks-10000-7may/medium-1/16proc-16pils/seed-8/9_neos-3024952-loue_seed-8_20260510_190554/iterated_local_search/search_space/search_space_file_8_worker_8.txt
[INFO]:[19:08:47] Writing ILS search space file for worker 9...
[INFO]:[19:08:47] Warning: Initial value for parameter CPXPARAM_MIP_Cuts_Disjunctive is forbidden. So unforbidden it for the ILS initial configuration at iteration 8.
[INFO]:[19:08:47] Warning: Initial value for parameter CPXPARAM_MIP_Cuts_GUBCovers is forbidden. So unforbidden it for the ILS initial configuration at iteration 8.
[INFO]:[19:08:47] Warning: Initial value for parameter CPXPARAM_MIP_Cuts_Gomory is forbidden. So unforbidden it for the ILS initial configuration at iteration 8.
[INFO]:[19:08:47] Warning: Initial value for parameter CPXPARAM_MIP_Cuts_Covers is forbidden. So unforbidden it for the ILS initial configuration at iteration 8.
[INFO]:[19:08:47] Warning: Initial value for parameter CPXPARAM_MIP_Strategy_VariableSelect is forbidden. So unforbidden it for the ILS initial configuration at iteration 8.
[INFO]:[19:08:47] Warning: Initial value for parameter CPXPARAM_Preprocessing_Dual is forbidden. So unforbidden it for the ILS initial configuration at iteration 8.
[INFO]:[19:08:47] Warning: Initial value for parameter CPXPARAM_MIP_Strategy_SubAlgorithm is forbidden. So unforbidden it for the ILS initial configuration at iteration 8.
[INFO]:[19:08:47] Warning: Initial value for parameter CPXPARAM_MIP_OrderType is forbidden. So unforbidden it for the ILS initial configuration at iteration 8.
[INFO]:[19:08:47] Warning: Initial value for parameter CPXPARAM_Preprocessing_Reduce is forbidden. So unforbidden it for the ILS initial configuration at iteration 8.
[INFO]:[19:08:47] Warning: Initial value for parameter CPXPARAM_Read_Scale is forbidden. So unforbidden it for the ILS initial configuration at iteration 8.
[INFO]:[19:08:47] Warning: Initial value for parameter CPXPARAM_Preprocessing_QPMakePSD is forbidden. So unforbidden it for the ILS initial configuration at iteration 8.
[INFO]:[19:08:47] Warning: Initial configuration contains a forbidden tuple. So unforbidden it for ILS at iteration 8.
[INFO]:[19:08:47] Warning: Initial configuration contains a forbidden tuple. So unforbidden it for ILS at iteration 8.
[INFO]:[19:08:47] Warning: Initial configuration contains a forbidden tuple. So unforbidden it for ILS at iteration 8.
[INFO]:[19:08:47] Warning: Initial configuration contains a forbidden tuple. So unforbidden it for ILS at iteration 8.
[INFO]:[19:08:47] Warning: Initial configuration contains a forbidden tuple. So unforbidden it for ILS at iteration 8.
[INFO]:[19:08:47] Warning: Initial configuration contains a forbidden tuple. So unforbidden it for ILS at iteration 8.
[INFO]:[19:08:47] Warning: Initial configuration contains a forbidden tuple. So unforbidden it for ILS at iteration 8.
[INFO]:[19:08:47] Warning: Initial configuration contains a forbidden tuple. So unforbidden it for ILS at iteration 8.
[INFO]:[19:08:47] Warning: Initial configuration contains a forbidden tuple. So unforbidden it for ILS at iteration 8.
[INFO]:[19:08:47] Warning: Initial configuration contains a forbidden tuple. So unforbidden it for ILS at iteration 8.
[INFO]:[19:08:47] Warning: Initial configuration contains a forbidden tuple. So unforbidden it for ILS at iteration 8.
[INFO]:[19:08:47] Warning: Initial configuration contains a forbidden tuple. So unforbidden it for ILS at iteration 8.
[INFO]:[19:08:47] Warning: Initial configuration contains a forbidden tuple. So unforbidden it for ILS at iteration 8.
[INFO]:[19:08:47] Warning: Initial configuration contains a forbidden tuple. So unforbidden it for ILS at iteration 8.
[INFO]:[19:08:47] Warning: Initial configuration contains a forbidden tuple. So unforbidden it for ILS at iteration 8.
[INFO]:[19:08:47] Warning: Initial configuration contains a forbidden tuple. So unforbidden it for ILS at iteration 8.
[INFO]:[19:08:47] Warning: Initial configuration contains a forbidden tuple. So unforbidden it for ILS at iteration 8.
[INFO]:[19:08:47] Warning: Initial configuration contains a forbidden tuple. So unforbidden it for ILS at iteration 8.
[INFO]:[19:08:47] Warning: Initial configuration contains a forbidden tuple. So unforbidden it for ILS at iteration 8.
[INFO]:[19:08:47] Warning: Initial configuration contains a forbidden tuple. So unforbidden it for ILS at iteration 8.
[INFO]:[19:08:47] Warning: Initial configuration contains a forbidden tuple. So unforbidden it for ILS at iteration 8.
[INFO]:[19:08:47] Warning: Initial configuration contains a forbidden tuple. So unforbidden it for ILS at iteration 8.
[INFO]:[19:08:47] Warning: Initial configuration contains a forbidden tuple. So unforbidden it for ILS at iteration 8.
[INFO]:[19:08:47] ILS search space file written: /scratch/yorig/mpils-results-grid-ticks-10000-7may/medium-1/16proc-16pils/seed-8/9_neos-3024952-loue_seed-8_20260510_190554/iterated_local_search/search_space/search_space_file_8_worker_9.txt
[INFO]:[19:08:47] Writing ILS search space file for worker 10...
[INFO]:[19:08:47] Warning: Initial value for parameter CPXPARAM_Emphasis_MIP is forbidden. So unforbidden it for the ILS initial configuration at iteration 8.
[INFO]:[19:08:47] Warning: Initial value for parameter CPXPARAM_MIP_Cuts_GUBCovers is forbidden. So unforbidden it for the ILS initial configuration at iteration 8.
[INFO]:[19:08:47] Warning: Initial value for parameter CPXPARAM_MIP_Limits_GomoryCand is forbidden. So unforbidden it for the ILS initial configuration at iteration 8.
[INFO]:[19:08:47] Warning: Initial value for parameter CPXPARAM_MIP_Cuts_Covers is forbidden. So unforbidden it for the ILS initial configuration at iteration 8.
[INFO]:[19:08:47] Warning: Initial value for parameter CPXPARAM_MIP_Strategy_VariableSelect is forbidden. So unforbidden it for the ILS initial configuration at iteration 8.
[INFO]:[19:08:47] Warning: Initial value for parameter CPXPARAM_MIP_Strategy_HeuristicFreq is forbidden. So unforbidden it for the ILS initial configuration at iteration 8.
[INFO]:[19:08:47] Warning: Initial value for parameter CPXPARAM_MIP_Strategy_SubAlgorithm is forbidden. So unforbidden it for the ILS initial configuration at iteration 8.
[INFO]:[19:08:47] Warning: Initial value for parameter CPXPARAM_MIP_Limits_AggForCut is forbidden. So unforbidden it for the ILS initial configuration at iteration 8.
[INFO]:[19:08:47] Warning: Initial value for parameter CPXPARAM_MIP_OrderType is forbidden. So unforbidden it for the ILS initial configuration at iteration 8.
[INFO]:[19:08:47] Warning: Initial value for parameter CPXPARAM_Preprocessing_RepeatPresolve is forbidden. So unforbidden it for the ILS initial configuration at iteration 8.
[INFO]:[19:08:47] Warning: Initial value for parameter CPXPARAM_Read_Scale is forbidden. So unforbidden it for the ILS initial configuration at iteration 8.
[INFO]:[19:08:47] Warning: Initial value for parameter CPXPARAM_Sifting_Algorithm is forbidden. So unforbidden it for the ILS initial configuration at iteration 8.
[INFO]:[19:08:47] Warning: Initial value for parameter CPXPARAM_Preprocessing_QPMakePSD is forbidden. So unforbidden it for the ILS initial configuration at iteration 8.
[INFO]:[19:08:47] Warning: Initial configuration contains a forbidden tuple. So unforbidden it for ILS at iteration 8.
[INFO]:[19:08:47] Warning: Initial configuration contains a forbidden tuple. So unforbidden it for ILS at iteration 8.
[INFO]:[19:08:47] Warning: Initial configuration contains a forbidden tuple. So unforbidden it for ILS at iteration 8.
[INFO]:[19:08:47] Warning: Initial configuration contains a forbidden tuple. So unforbidden it for ILS at iteration 8.
[INFO]:[19:08:47] Warning: Initial configuration contains a forbidden tuple. So unforbidden it for ILS at iteration 8.
[INFO]:[19:08:47] Warning: Initial configuration contains a forbidden tuple. So unforbidden it for ILS at iteration 8.
[INFO]:[19:08:47] Warning: Initial configuration contains a forbidden tuple. So unforbidden it for ILS at iteration 8.
[INFO]:[19:08:47] Warning: Initial configuration contains a forbidden tuple. So unforbidden it for ILS at iteration 8.
[INFO]:[19:08:47] Warning: Initial configuration contains a forbidden tuple. So unforbidden it for ILS at iteration 8.
[INFO]:[19:08:47] Warning: Initial configuration contains a forbidden tuple. So unforbidden it for ILS at iteration 8.
[INFO]:[19:08:47] Warning: Initial configuration contains a forbidden tuple. So unforbidden it for ILS at iteration 8.
[INFO]:[19:08:47] ILS search space file written: /scratch/yorig/mpils-results-grid-ticks-10000-7may/medium-1/16proc-16pils/seed-8/9_neos-3024952-loue_seed-8_20260510_190554/iterated_local_search/search_space/search_space_file_8_worker_10.txt
[INFO]:[19:08:47] Writing ILS search space file for worker 11...
[INFO]:[19:08:47] Warning: Initial value for parameter CPXPARAM_Emphasis_MIP is forbidden. So unforbidden it for the ILS initial configuration at iteration 8.
[INFO]:[19:08:47] Warning: Initial value for parameter CPXPARAM_MIP_Cuts_MIRCut is forbidden. So unforbidden it for the ILS initial configuration at iteration 8.
[INFO]:[19:08:47] Warning: Initial value for parameter CPXPARAM_MIP_Cuts_Gomory is forbidden. So unforbidden it for the ILS initial configuration at iteration 8.
[INFO]:[19:08:47] Warning: Initial value for parameter CPXPARAM_MIP_Strategy_VariableSelect is forbidden. So unforbidden it for the ILS initial configuration at iteration 8.
[INFO]:[19:08:47] Warning: Initial value for parameter CPXPARAM_MIP_Strategy_SubAlgorithm is forbidden. So unforbidden it for the ILS initial configuration at iteration 8.
[INFO]:[19:08:47] Warning: Initial value for parameter CPXPARAM_Simplex_DGradient is forbidden. So unforbidden it for the ILS initial configuration at iteration 8.
[INFO]:[19:08:47] Warning: Initial value for parameter CPXPARAM_MIP_Limits_AggForCut is forbidden. So unforbidden it for the ILS initial configuration at iteration 8.
[INFO]:[19:08:47] Warning: Initial value for parameter CPXPARAM_MIP_OrderType is forbidden. So unforbidden it for the ILS initial configuration at iteration 8.
[INFO]:[19:08:47] Warning: Initial value for parameter CPXPARAM_Preprocessing_Reduce is forbidden. So unforbidden it for the ILS initial configuration at iteration 8.
[INFO]:[19:08:47] Warning: Initial value for parameter CPXPARAM_Read_Scale is forbidden. So unforbidden it for the ILS initial configuration at iteration 8.
[INFO]:[19:08:47] Warning: Initial configuration contains a forbidden tuple. So unforbidden it for ILS at iteration 8.
[INFO]:[19:08:47] Warning: Initial configuration contains a forbidden tuple. So unforbidden it for ILS at iteration 8.
[INFO]:[19:08:47] Warning: Initial configuration contains a forbidden tuple. So unforbidden it for ILS at iteration 8.
[INFO]:[19:08:47] Warning: Initial configuration contains a forbidden tuple. So unforbidden it for ILS at iteration 8.
[INFO]:[19:08:47] Warning: Initial configuration contains a forbidden tuple. So unforbidden it for ILS at iteration 8.
[INFO]:[19:08:47] Warning: Initial configuration contains a forbidden tuple. So unforbidden it for ILS at iteration 8.
[INFO]:[19:08:47] Warning: Initial configuration contains a forbidden tuple. So unforbidden it for ILS at iteration 8.
[INFO]:[19:08:47] Warning: Initial configuration contains a forbidden tuple. So unforbidden it for ILS at iteration 8.
[INFO]:[19:08:47] Warning: Initial configuration contains a forbidden tuple. So unforbidden it for ILS at iteration 8.
[INFO]:[19:08:47] Warning: Initial configuration contains a forbidden tuple. So unforbidden it for ILS at iteration 8.
[INFO]:[19:08:47] ILS search space file written: /scratch/yorig/mpils-results-grid-ticks-10000-7may/medium-1/16proc-16pils/seed-8/9_neos-3024952-loue_seed-8_20260510_190554/iterated_local_search/search_space/search_space_file_8_worker_11.txt
[INFO]:[19:08:47] Writing ILS search space file for worker 12...
[INFO]:[19:08:47] Warning: Initial value for parameter CPXPARAM_MIP_Cuts_Cliques is forbidden. So unforbidden it for the ILS initial configuration at iteration 8.
[INFO]:[19:08:47] Warning: Initial value for parameter CPXPARAM_MIP_Cuts_Disjunctive is forbidden. So unforbidden it for the ILS initial configuration at iteration 8.
[INFO]:[19:08:47] Warning: Initial value for parameter CPXPARAM_MIP_Cuts_FlowCovers is forbidden. So unforbidden it for the ILS initial configuration at iteration 8.
[INFO]:[19:08:47] Warning: Initial value for parameter CPXPARAM_MIP_Limits_GomoryCand is forbidden. So unforbidden it for the ILS initial configuration at iteration 8.
[INFO]:[19:08:47] Warning: Initial value for parameter CPXPARAM_MIP_Cuts_Covers is forbidden. So unforbidden it for the ILS initial configuration at iteration 8.
[INFO]:[19:08:47] Warning: Initial value for parameter CPXPARAM_MIP_Strategy_VariableSelect is forbidden. So unforbidden it for the ILS initial configuration at iteration 8.
[INFO]:[19:08:47] Warning: Initial value for parameter CPXPARAM_Preprocessing_Dual is forbidden. So unforbidden it for the ILS initial configuration at iteration 8.
[INFO]:[19:08:47] Warning: Initial value for parameter CPXPARAM_MIP_Strategy_SubAlgorithm is forbidden. So unforbidden it for the ILS initial configuration at iteration 8.
[INFO]:[19:08:47] Warning: Initial value for parameter CPXPARAM_Simplex_DGradient is forbidden. So unforbidden it for the ILS initial configuration at iteration 8.
[INFO]:[19:08:47] Warning: Initial value for parameter CPXPARAM_MIP_Limits_AggForCut is forbidden. So unforbidden it for the ILS initial configuration at iteration 8.
[INFO]:[19:08:47] Warning: Initial value for parameter CPXPARAM_MIP_OrderType is forbidden. So unforbidden it for the ILS initial configuration at iteration 8.
[INFO]:[19:08:47] Warning: Initial value for parameter CPXPARAM_Preprocessing_RepeatPresolve is forbidden. So unforbidden it for the ILS initial configuration at iteration 8.
[INFO]:[19:08:47] Warning: Initial configuration contains a forbidden tuple. So unforbidden it for ILS at iteration 8.
[INFO]:[19:08:47] Warning: Initial configuration contains a forbidden tuple. So unforbidden it for ILS at iteration 8.
[INFO]:[19:08:47] Warning: Initial configuration contains a forbidden tuple. So unforbidden it for ILS at iteration 8.
[INFO]:[19:08:47] Warning: Initial configuration contains a forbidden tuple. So unforbidden it for ILS at iteration 8.
[INFO]:[19:08:47] Warning: Initial configuration contains a forbidden tuple. So unforbidden it for ILS at iteration 8.
[INFO]:[19:08:47] Warning: Initial configuration contains a forbidden tuple. So unforbidden it for ILS at iteration 8.
[INFO]:[19:08:47] Warning: Initial configuration contains a forbidden tuple. So unforbidden it for ILS at iteration 8.
[INFO]:[19:08:47] Warning: Initial configuration contains a forbidden tuple. So unforbidden it for ILS at iteration 8.
[INFO]:[19:08:47] ILS search space file written: /scratch/yorig/mpils-results-grid-ticks-10000-7may/medium-1/16proc-16pils/seed-8/9_neos-3024952-loue_seed-8_20260510_190554/iterated_local_search/search_space/search_space_file_8_worker_12.txt
[INFO]:[19:08:47] Writing ILS search space file for worker 13...
[INFO]:[19:08:47] Warning: Initial value for parameter CPXPARAM_Emphasis_MIP is forbidden. So unforbidden it for the ILS initial configuration at iteration 8.
[INFO]:[19:08:47] Warning: Initial value for parameter CPXPARAM_MIP_Cuts_MIRCut is forbidden. So unforbidden it for the ILS initial configuration at iteration 8.
[INFO]:[19:08:47] Warning: Initial value for parameter CPXPARAM_MIP_Cuts_Disjunctive is forbidden. So unforbidden it for the ILS initial configuration at iteration 8.
[INFO]:[19:08:47] Warning: Initial value for parameter CPXPARAM_MIP_Cuts_GUBCovers is forbidden. So unforbidden it for the ILS initial configuration at iteration 8.
[INFO]:[19:08:47] Warning: Initial value for parameter CPXPARAM_MIP_Cuts_Gomory is forbidden. So unforbidden it for the ILS initial configuration at iteration 8.
[INFO]:[19:08:47] Warning: Initial value for parameter CPXPARAM_MIP_Strategy_VariableSelect is forbidden. So unforbidden it for the ILS initial configuration at iteration 8.
[INFO]:[19:08:47] Warning: Initial value for parameter CPXPARAM_MIP_Limits_CutsFactor is forbidden. So unforbidden it for the ILS initial configuration at iteration 8.
[INFO]:[19:08:47] Warning: Initial value for parameter CPXPARAM_Preprocessing_Dual is forbidden. So unforbidden it for the ILS initial configuration at iteration 8.
[INFO]:[19:08:47] Warning: Initial value for parameter CPXPARAM_MIP_Strategy_HeuristicFreq is forbidden. So unforbidden it for the ILS initial configuration at iteration 8.
[INFO]:[19:08:47] Warning: Initial value for parameter CPXPARAM_MIP_Strategy_SubAlgorithm is forbidden. So unforbidden it for the ILS initial configuration at iteration 8.
[INFO]:[19:08:47] Warning: Initial value for parameter CPXPARAM_MIP_OrderType is forbidden. So unforbidden it for the ILS initial configuration at iteration 8.
[INFO]:[19:08:47] Warning: Initial value for parameter CPXPARAM_Preprocessing_RepeatPresolve is forbidden. So unforbidden it for the ILS initial configuration at iteration 8.
[INFO]:[19:08:47] Warning: Initial configuration contains a forbidden tuple. So unforbidden it for ILS at iteration 8.
[INFO]:[19:08:47] Warning: Initial configuration contains a forbidden tuple. So unforbidden it for ILS at iteration 8.
[INFO]:[19:08:47] Warning: Initial configuration contains a forbidden tuple. So unforbidden it for ILS at iteration 8.
[INFO]:[19:08:47] Warning: Initial configuration contains a forbidden tuple. So unforbidden it for ILS at iteration 8.
[INFO]:[19:08:47] Warning: Initial configuration contains a forbidden tuple. So unforbidden it for ILS at iteration 8.
[INFO]:[19:08:47] Warning: Initial configuration contains a forbidden tuple. So unforbidden it for ILS at iteration 8.
[INFO]:[19:08:47] Warning: Initial configuration contains a forbidden tuple. So unforbidden it for ILS at iteration 8.
[INFO]:[19:08:47] Warning: Initial configuration contains a forbidden tuple. So unforbidden it for ILS at iteration 8.
[INFO]:[19:08:47] Warning: Initial configuration contains a forbidden tuple. So unforbidden it for ILS at iteration 8.
[INFO]:[19:08:47] Warning: Initial configuration contains a forbidden tuple. So unforbidden it for ILS at iteration 8.
[INFO]:[19:08:47] Warning: Initial configuration contains a forbidden tuple. So unforbidden it for ILS at iteration 8.
[INFO]:[19:08:47] Warning: Initial configuration contains a forbidden tuple. So unforbidden it for ILS at iteration 8.
[INFO]:[19:08:47] Warning: Initial configuration contains a forbidden tuple. So unforbidden it for ILS at iteration 8.
[INFO]:[19:08:47] ILS search space file written: /scratch/yorig/mpils-results-grid-ticks-10000-7may/medium-1/16proc-16pils/seed-8/9_neos-3024952-loue_seed-8_20260510_190554/iterated_local_search/search_space/search_space_file_8_worker_13.txt
[INFO]:[19:08:47] Writing ILS search space file for worker 14...
[INFO]:[19:08:47] Warning: Initial value for parameter CPXPARAM_Emphasis_MIP is forbidden. So unforbidden it for the ILS initial configuration at iteration 8.
[INFO]:[19:08:47] Warning: Initial value for parameter CPXPARAM_MIP_Cuts_Disjunctive is forbidden. So unforbidden it for the ILS initial configuration at iteration 8.
[INFO]:[19:08:47] Warning: Initial value for parameter CPXPARAM_MIP_Cuts_GUBCovers is forbidden. So unforbidden it for the ILS initial configuration at iteration 8.
[INFO]:[19:08:47] Warning: Initial value for parameter CPXPARAM_MIP_Cuts_Gomory is forbidden. So unforbidden it for the ILS initial configuration at iteration 8.
[INFO]:[19:08:47] Warning: Initial value for parameter CPXPARAM_MIP_Limits_GomoryCand is forbidden. So unforbidden it for the ILS initial configuration at iteration 8.
[INFO]:[19:08:47] Warning: Initial value for parameter CPXPARAM_MIP_Cuts_Covers is forbidden. So unforbidden it for the ILS initial configuration at iteration 8.
[INFO]:[19:08:47] Warning: Initial value for parameter CPXPARAM_MIP_Strategy_VariableSelect is forbidden. So unforbidden it for the ILS initial configuration at iteration 8.
[INFO]:[19:08:47] Warning: Initial value for parameter CPXPARAM_Preprocessing_Dual is forbidden. So unforbidden it for the ILS initial configuration at iteration 8.
[INFO]:[19:08:47] Warning: Initial value for parameter CPXPARAM_MIP_Limits_AggForCut is forbidden. So unforbidden it for the ILS initial configuration at iteration 8.
[INFO]:[19:08:47] Warning: Initial value for parameter CPXPARAM_MIP_OrderType is forbidden. So unforbidden it for the ILS initial configuration at iteration 8.
[INFO]:[19:08:47] Warning: Initial value for parameter CPXPARAM_Preprocessing_Reduce is forbidden. So unforbidden it for the ILS initial configuration at iteration 8.
[INFO]:[19:08:47] Warning: Initial value for parameter CPXPARAM_Preprocessing_RepeatPresolve is forbidden. So unforbidden it for the ILS initial configuration at iteration 8.
[INFO]:[19:08:47] Warning: Initial value for parameter CPXPARAM_Preprocessing_QPMakePSD is forbidden. So unforbidden it for the ILS initial configuration at iteration 8.
[INFO]:[19:08:47] Warning: Initial configuration contains a forbidden tuple. So unforbidden it for ILS at iteration 8.
[INFO]:[19:08:47] Warning: Initial configuration contains a forbidden tuple. So unforbidden it for ILS at iteration 8.
[INFO]:[19:08:47] Warning: Initial configuration contains a forbidden tuple. So unforbidden it for ILS at iteration 8.
[INFO]:[19:08:47] Warning: Initial configuration contains a forbidden tuple. So unforbidden it for ILS at iteration 8.
[INFO]:[19:08:47] Warning: Initial configuration contains a forbidden tuple. So unforbidden it for ILS at iteration 8.
[INFO]:[19:08:47] Warning: Initial configuration contains a forbidden tuple. So unforbidden it for ILS at iteration 8.
[INFO]:[19:08:47] Warning: Initial configuration contains a forbidden tuple. So unforbidden it for ILS at iteration 8.
[INFO]:[19:08:47] Warning: Initial configuration contains a forbidden tuple. So unforbidden it for ILS at iteration 8.
[INFO]:[19:08:47] Warning: Initial configuration contains a forbidden tuple. So unforbidden it for ILS at iteration 8.
[INFO]:[19:08:47] Warning: Initial configuration contains a forbidden tuple. So unforbidden it for ILS at iteration 8.
[INFO]:[19:08:47] ILS search space file written: /scratch/yorig/mpils-results-grid-ticks-10000-7may/medium-1/16proc-16pils/seed-8/9_neos-3024952-loue_seed-8_20260510_190554/iterated_local_search/search_space/search_space_file_8_worker_14.txt
[INFO]:[19:08:47] Writing ILS search space file for worker 15...
[INFO]:[19:08:47] Warning: Initial value for parameter CPXPARAM_Emphasis_MIP is forbidden. So unforbidden it for the ILS initial configuration at iteration 8.
[INFO]:[19:08:47] Warning: Initial value for parameter CPXPARAM_MIP_Strategy_VariableSelect is forbidden. So unforbidden it for the ILS initial configuration at iteration 8.
[INFO]:[19:08:47] Warning: Initial value for parameter CPXPARAM_MIP_Strategy_SubAlgorithm is forbidden. So unforbidden it for the ILS initial configuration at iteration 8.
[INFO]:[19:08:47] Warning: Initial value for parameter CPXPARAM_MIP_OrderType is forbidden. So unforbidden it for the ILS initial configuration at iteration 8.
[INFO]:[19:08:47] Warning: Initial value for parameter CPXPARAM_Preprocessing_Reduce is forbidden. So unforbidden it for the ILS initial configuration at iteration 8.
[INFO]:[19:08:47] Warning: Initial value for parameter CPXPARAM_Preprocessing_RepeatPresolve is forbidden. So unforbidden it for the ILS initial configuration at iteration 8.
[INFO]:[19:08:47] Warning: Initial value for parameter CPXPARAM_Read_Scale is forbidden. So unforbidden it for the ILS initial configuration at iteration 8.
[INFO]:[19:08:47] Warning: Initial configuration contains a forbidden tuple. So unforbidden it for ILS at iteration 8.
[INFO]:[19:08:47] Warning: Initial configuration contains a forbidden tuple. So unforbidden it for ILS at iteration 8.
[INFO]:[19:08:47] Warning: Initial configuration contains a forbidden tuple. So unforbidden it for ILS at iteration 8.
[INFO]:[19:08:47] Warning: Initial configuration contains a forbidden tuple. So unforbidden it for ILS at iteration 8.
[INFO]:[19:08:47] Warning: Initial configuration contains a forbidden tuple. So unforbidden it for ILS at iteration 8.
[INFO]:[19:08:47] Warning: Initial configuration contains a forbidden tuple. So unforbidden it for ILS at iteration 8.
[INFO]:[19:08:47] Warning: Initial configuration contains a forbidden tuple. So unforbidden it for ILS at iteration 8.
[INFO]:[19:08:47] Warning: Initial configuration contains a forbidden tuple. So unforbidden it for ILS at iteration 8.
[INFO]:[19:08:47] ILS search space file written: /scratch/yorig/mpils-results-grid-ticks-10000-7may/medium-1/16proc-16pils/seed-8/9_neos-3024952-loue_seed-8_20260510_190554/iterated_local_search/search_space/search_space_file_8_worker_15.txt
[INFO]:[19:08:47] Launching Local Search Workers via MPI...
[INFO]:[19:08:47] Local Search Workers launched.
[INFO]:[19:08:47] Starting local search phase...
[INFO]:[19:08:47] Creating local search space from parameter space file: /scratch/yorig/mpils-results-grid-ticks-10000-7may/medium-1/16proc-16pils/seed-8/9_neos-3024952-loue_seed-8_20260510_190554/iterated_local_search/search_space/search_space_file_8.txt
[INFO]:[19:08:47] Local search space loaded from file: /scratch/yorig/mpils-results-grid-ticks-10000-7may/medium-1/16proc-16pils/seed-8/9_neos-3024952-loue_seed-8_20260510_190554/iterated_local_search/search_space/search_space_file_8.txt
[INFO]:[19:08:47] Number of parameters in local search space: 71
[INFO]:[19:08:47] Number of forbidden tuples in local search space: 132
[INFO]:[19:08:47] Number of conditionals in local search space: 6
[INFO]:[19:08:47] MIP start option not enabled. Local search will proceed without MIP start.
[INFO]:[19:08:47] Seeded initial configuration into local search cache with known objective value: 8.17
[INFO]:[19:08:47] Starting CPLEX solver on instance: /home/yorig/tuner/mpils-tests/instances/miplib/medium-1/neos-3024952-loue.mps with config: /scratch/yorig/mpils-results-grid-ticks-10000-7may/medium-1/16proc-16pils/seed-8/9_neos-3024952-loue_seed-8_20260510_190554/iterated_local_search/run_8_worker_0/ils_config_15766071412438499029.prm
[INFO]:[19:08:47] Starting CPLEX solver on instance: /home/yorig/tuner/mpils-tests/instances/miplib/medium-1/neos-3024952-loue.mps with config: /scratch/yorig/mpils-results-grid-ticks-10000-7may/medium-1/16proc-16pils/seed-8/9_neos-3024952-loue_seed-8_20260510_190554/iterated_local_search/run_8_worker_0/ils_config_15766071412438499029.prm
[INFO]:[19:08:55] CPLEX results. Gap: 8.170000, upper bound: 28506.000000, lower bound: 26177.703015
[INFO]:[19:08:55] CPLEX solver finished. Gap: 8.170000
[INFO]:[19:08:55] Starting CPLEX solver on instance: /home/yorig/tuner/mpils-tests/instances/miplib/medium-1/neos-3024952-loue.mps with config: /scratch/yorig/mpils-results-grid-ticks-10000-7may/medium-1/16proc-16pils/seed-8/9_neos-3024952-loue_seed-8_20260510_190554/iterated_local_search/run_8_worker_0/ils_config_6671966950395026239.prm
[INFO]:[19:08:55] Starting CPLEX solver on instance: /home/yorig/tuner/mpils-tests/instances/miplib/medium-1/neos-3024952-loue.mps with config: /scratch/yorig/mpils-results-grid-ticks-10000-7may/medium-1/16proc-16pils/seed-8/9_neos-3024952-loue_seed-8_20260510_190554/iterated_local_search/run_8_worker_0/ils_config_6671966950395026239.prm
[INFO]:[19:09:02] CPLEX results. Gap: 10.480000, upper bound: 29102.000000, lower bound: 26051.032987
[INFO]:[19:09:02] CPLEX solver finished. Gap: 10.480000
[INFO]:[19:09:03] Local search phase completed.
[INFO]:[19:09:03] Total number of new local-search evaluations: 32
[INFO]:[19:09:03] Final incumbent objective value: 8.17
[INFO]:[19:09:03] recordEvaluation produced_mip_start=0 mip_start_file=''
[DEBUG]:[19:09:03] Added evaluation to memory with objective: 8.17, ConfigId: 15766071412438499029, EvalId: 335. Total evaluations stored: 335
[INFO]:[19:09:03] recordEvaluation produced_mip_start=0 mip_start_file=''
[DEBUG]:[19:09:03] Added evaluation to memory with objective: 8.8, ConfigId: 16186827552075757697, EvalId: 336. Total evaluations stored: 336
[INFO]:[19:09:03] recordEvaluation produced_mip_start=0 mip_start_file=''
[DEBUG]:[19:09:03] Added evaluation to memory with objective: 8.17, ConfigId: 3647418935473988945, EvalId: 337. Total evaluations stored: 337
[INFO]:[19:09:03] recordEvaluation produced_mip_start=0 mip_start_file=''
[DEBUG]:[19:09:03] Added evaluation to memory with objective: 8.17, ConfigId: 11665338325936136269, EvalId: 338. Total evaluations stored: 338
[INFO]:[19:09:03] recordEvaluation produced_mip_start=0 mip_start_file=''
[DEBUG]:[19:09:03] Added evaluation to memory with objective: 8.17, ConfigId: 2067298293506924291, EvalId: 339. Total evaluations stored: 339
[INFO]:[19:09:03] recordEvaluation produced_mip_start=0 mip_start_file=''
[DEBUG]:[19:09:03] Added evaluation to memory with objective: 9.88, ConfigId: 12917197474561647496, EvalId: 340. Total evaluations stored: 340
[INFO]:[19:09:03] recordEvaluation produced_mip_start=0 mip_start_file=''
[DEBUG]:[19:09:03] Added evaluation to memory with objective: 12.87, ConfigId: 16871911006069099870, EvalId: 341. Total evaluations stored: 341
[INFO]:[19:09:03] recordEvaluation produced_mip_start=0 mip_start_file=''
[DEBUG]:[19:09:03] Added evaluation to memory with objective: 8.17, ConfigId: 2649670714194295259, EvalId: 342. Total evaluations stored: 342
[INFO]:[19:09:03] recordEvaluation produced_mip_start=0 mip_start_file=''
[DEBUG]:[19:09:03] Added evaluation to memory with objective: 11, ConfigId: 3661082503257010221, EvalId: 343. Total evaluations stored: 343
[INFO]:[19:09:03] recordEvaluation produced_mip_start=0 mip_start_file=''
[DEBUG]:[19:09:03] Added evaluation to memory with objective: 8.17, ConfigId: 14844562132096253982, EvalId: 344. Total evaluations stored: 344
[INFO]:[19:09:03] recordEvaluation produced_mip_start=0 mip_start_file=''
[DEBUG]:[19:09:03] Added evaluation to memory with objective: 8.17, ConfigId: 9495626219140072966, EvalId: 345. Total evaluations stored: 345
[INFO]:[19:09:03] recordEvaluation produced_mip_start=0 mip_start_file=''
[DEBUG]:[19:09:03] Added evaluation to memory with objective: 8.17, ConfigId: 9156514515167800436, EvalId: 346. Total evaluations stored: 346
[INFO]:[19:09:03] recordEvaluation produced_mip_start=0 mip_start_file=''
[DEBUG]:[19:09:03] Added evaluation to memory with objective: 8.17, ConfigId: 15690357224397215258, EvalId: 347. Total evaluations stored: 347
[INFO]:[19:09:03] recordEvaluation produced_mip_start=0 mip_start_file=''
[DEBUG]:[19:09:03] Added evaluation to memory with objective: 8.17, ConfigId: 417527360351852784, EvalId: 348. Total evaluations stored: 348
[INFO]:[19:09:03] recordEvaluation produced_mip_start=0 mip_start_file=''
[DEBUG]:[19:09:03] Added evaluation to memory with objective: 8.17, ConfigId: 3357844154462203258, EvalId: 349. Total evaluations stored: 349
[INFO]:[19:09:03] recordEvaluation produced_mip_start=0 mip_start_file=''
[DEBUG]:[19:09:03] Added evaluation to memory with objective: 9.1, ConfigId: 10302718557201379238, EvalId: 350. Total evaluations stored: 350
[INFO]:[19:09:03] recordEvaluation produced_mip_start=0 mip_start_file=''
[DEBUG]:[19:09:03] Added evaluation to memory with objective: 10.48, ConfigId: 6671966950395026239, EvalId: 351. Total evaluations stored: 351
[INFO]:[19:09:03] recordEvaluation produced_mip_start=0 mip_start_file=''
[DEBUG]:[19:09:03] Added evaluation to memory with objective: 8.31, ConfigId: 112305191480170218, EvalId: 352. Total evaluations stored: 352
[INFO]:[19:09:03] recordEvaluation produced_mip_start=0 mip_start_file=''
[DEBUG]:[19:09:03] Added evaluation to memory with objective: 8.17, ConfigId: 6351755325122564624, EvalId: 353. Total evaluations stored: 353
[INFO]:[19:09:03] recordEvaluation produced_mip_start=0 mip_start_file=''
[DEBUG]:[19:09:03] Added evaluation to memory with objective: 8.17, ConfigId: 13135454389799369730, EvalId: 354. Total evaluations stored: 354
[INFO]:[19:09:03] recordEvaluation produced_mip_start=0 mip_start_file=''
[DEBUG]:[19:09:03] Added evaluation to memory with objective: 8.17, ConfigId: 4004858332541746464, EvalId: 355. Total evaluations stored: 355
[INFO]:[19:09:03] recordEvaluation produced_mip_start=0 mip_start_file=''
[DEBUG]:[19:09:03] Added evaluation to memory with objective: 11.84, ConfigId: 4450262293985816182, EvalId: 356. Total evaluations stored: 356
[INFO]:[19:09:03] recordEvaluation produced_mip_start=0 mip_start_file=''
[DEBUG]:[19:09:03] Added evaluation to memory with objective: 22.71, ConfigId: 10095322600067498602, EvalId: 357. Total evaluations stored: 357
[INFO]:[19:09:03] recordEvaluation produced_mip_start=0 mip_start_file=''
[DEBUG]:[19:09:03] Added evaluation to memory with objective: 15.41, ConfigId: 8689964155494498804, EvalId: 358. Total evaluations stored: 358
[INFO]:[19:09:03] recordEvaluation produced_mip_start=0 mip_start_file=''
[DEBUG]:[19:09:03] Added evaluation to memory with objective: 9.17, ConfigId: 11837495642959682978, EvalId: 359. Total evaluations stored: 359
[INFO]:[19:09:03] recordEvaluation produced_mip_start=0 mip_start_file=''
[DEBUG]:[19:09:03] Added evaluation to memory with objective: 1.79769e+308, ConfigId: 6425842522557285654, EvalId: 360. Total evaluations stored: 360
[INFO]:[19:09:03] recordEvaluation produced_mip_start=0 mip_start_file=''
[DEBUG]:[19:09:03] Added evaluation to memory with objective: 17.38, ConfigId: 13083474882612778755, EvalId: 361. Total evaluations stored: 361
[INFO]:[19:09:03] recordEvaluation produced_mip_start=0 mip_start_file=''
[DEBUG]:[19:09:03] Added evaluation to memory with objective: 12.66, ConfigId: 8222270479331594125, EvalId: 362. Total evaluations stored: 362
[INFO]:[19:09:03] recordEvaluation produced_mip_start=0 mip_start_file=''
[DEBUG]:[19:09:03] Added evaluation to memory with objective: 12.64, ConfigId: 5684444548718096835, EvalId: 363. Total evaluations stored: 363
[INFO]:[19:09:03] recordEvaluation produced_mip_start=0 mip_start_file=''
[DEBUG]:[19:09:03] Added evaluation to memory with objective: 14.56, ConfigId: 10770681676174212411, EvalId: 364. Total evaluations stored: 364
[INFO]:[19:09:03] recordEvaluation produced_mip_start=0 mip_start_file=''
[DEBUG]:[19:09:03] Added evaluation to memory with objective: 10.62, ConfigId: 1195613893921609664, EvalId: 365. Total evaluations stored: 365
[INFO]:[19:09:03] recordEvaluation produced_mip_start=0 mip_start_file=''
[DEBUG]:[19:09:03] Added evaluation to memory with objective: 8.17, ConfigId: 8332953901415223884, EvalId: 366. Total evaluations stored: 366
[INFO]:[19:09:03] Waiting for Local Search Workers via MPI...
[INFO]:[19:09:03] Local Search Workers have completed.
[INFO]:[19:09:03] IteratedLocalSearch Engine completed.
[INFO]:[19:09:03] Added32 evaluations to memory from exploration phase at iteration 8
[INFO]:[19:09:03] Exploration phase completed.
[INFO]:[19:09:03] Stopping condition met: no more residual parameters to evaluate.
[INFO]:[19:09:03] Sending stop order to all worker processes.
[INFO]:[19:09:03] Stop order sent to all worker processes.
[INFO]:[19:09:03] Tuner run complete.
Objective: 4.61
Total tuning time: 188 seconds.
