[INFO]:[01:21:59] Worker 3 starting.
[INFO]:[01:21:59] Worker 3 received order for step 1.
[INFO]:[01:21:59] Worker 3 running exploration phase for iteration 1.
[INFO]:[01:21:59] Worker 3 at iteration 1 will not use a MIP start file. Current best MIP-start upper bound threshold is 1.79769e+308.
[INFO]:[01:21:59] Starting local search phase...
[INFO]:[01:21:59] Creating local search space from parameter space file: /scratch/yorig/mpils-results-grid-seconds-5-4may/easy/4proc/seed-2/10_supportcase33_seed-2_20260505_012158/iterated_local_search/search_space/search_space_file_1_worker_3.txt
[INFO]:[01:21:59] Local search space loaded from file: /scratch/yorig/mpils-results-grid-seconds-5-4may/easy/4proc/seed-2/10_supportcase33_seed-2_20260505_012158/iterated_local_search/search_space/search_space_file_1_worker_3.txt
[INFO]:[01:21:59] Number of parameters in local search space: 71
[INFO]:[01:21:59] Number of forbidden tuples in local search space: 0
[INFO]:[01:21:59] Number of conditionals in local search space: 6
[INFO]:[01:21:59] MIP start option not enabled. Local search will proceed without MIP start.
[INFO]:[01:21:59] Evaluating initial configuration for local search phase...
[INFO]:[01:21:59] Starting CPLEX solver on instance: /home/yorig/tuner/mpils-tests/instances/miplib/easy/supportcase33.mps with config: /scratch/yorig/mpils-results-grid-seconds-5-4may/easy/4proc/seed-2/10_supportcase33_seed-2_20260505_012158/iterated_local_search/run_1_worker_3/ils_config_15837001027272843000.prm
[INFO]:[01:21:59] Starting CPLEX solver on instance: /home/yorig/tuner/mpils-tests/instances/miplib/easy/supportcase33.mps with config: /scratch/yorig/mpils-results-grid-seconds-5-4may/easy/4proc/seed-2/10_supportcase33_seed-2_20260505_012158/iterated_local_search/run_1_worker_3/ils_config_15837001027272843000.prm
[INFO]:[01:22:04] CPLEX results. Gap: 41.670000, upper bound: -300.000000, lower bound: -425.000000
[INFO]:[01:22:04] CPLEX solver finished. Gap: 41.670000
[INFO]:[01:22:04] Initial configuration evaluated with objective value: 41.67
[INFO]:[01:22:04] Starting CPLEX solver on instance: /home/yorig/tuner/mpils-tests/instances/miplib/easy/supportcase33.mps with config: /scratch/yorig/mpils-results-grid-seconds-5-4may/easy/4proc/seed-2/10_supportcase33_seed-2_20260505_012158/iterated_local_search/run_1_worker_3/ils_config_625404552481149274.prm
[INFO]:[01:22:04] Starting CPLEX solver on instance: /home/yorig/tuner/mpils-tests/instances/miplib/easy/supportcase33.mps with config: /scratch/yorig/mpils-results-grid-seconds-5-4may/easy/4proc/seed-2/10_supportcase33_seed-2_20260505_012158/iterated_local_search/run_1_worker_3/ils_config_625404552481149274.prm
[INFO]:[01:22:09] CPLEX results. Gap: 54.110000, upper bound: -275.000000, lower bound: -423.798978
[INFO]:[01:22:09] CPLEX solver finished. Gap: 54.110000
[INFO]:[01:22:09] Starting CPLEX solver on instance: /home/yorig/tuner/mpils-tests/instances/miplib/easy/supportcase33.mps with config: /scratch/yorig/mpils-results-grid-seconds-5-4may/easy/4proc/seed-2/10_supportcase33_seed-2_20260505_012158/iterated_local_search/run_1_worker_3/ils_config_14603976861506230532.prm
[INFO]:[01:22:09] Starting CPLEX solver on instance: /home/yorig/tuner/mpils-tests/instances/miplib/easy/supportcase33.mps with config: /scratch/yorig/mpils-results-grid-seconds-5-4may/easy/4proc/seed-2/10_supportcase33_seed-2_20260505_012158/iterated_local_search/run_1_worker_3/ils_config_14603976861506230532.prm
[INFO]:[01:22:14] CPLEX results. Gap: 48.030000, upper bound: -280.000000, lower bound: -414.486794
[INFO]:[01:22:14] CPLEX solver finished. Gap: 48.030000
[INFO]:[01:22:14] Starting CPLEX solver on instance: /home/yorig/tuner/mpils-tests/instances/miplib/easy/supportcase33.mps with config: /scratch/yorig/mpils-results-grid-seconds-5-4may/easy/4proc/seed-2/10_supportcase33_seed-2_20260505_012158/iterated_local_search/run_1_worker_3/ils_config_9305197612691595533.prm
[INFO]:[01:22:14] Starting CPLEX solver on instance: /home/yorig/tuner/mpils-tests/instances/miplib/easy/supportcase33.mps with config: /scratch/yorig/mpils-results-grid-seconds-5-4may/easy/4proc/seed-2/10_supportcase33_seed-2_20260505_012158/iterated_local_search/run_1_worker_3/ils_config_9305197612691595533.prm
[INFO]:[01:22:19] CPLEX results. Gap: 35.000000, upper bound: -300.000000, lower bound: -405.000000
[INFO]:[01:22:19] CPLEX solver finished. Gap: 35.000000
[INFO]:[01:22:19] New incumbent found with objective value: 35
[INFO]:[01:22:19] Starting CPLEX solver on instance: /home/yorig/tuner/mpils-tests/instances/miplib/easy/supportcase33.mps with config: /scratch/yorig/mpils-results-grid-seconds-5-4may/easy/4proc/seed-2/10_supportcase33_seed-2_20260505_012158/iterated_local_search/run_1_worker_3/ils_config_8219481675463887433.prm
[INFO]:[01:22:19] Starting CPLEX solver on instance: /home/yorig/tuner/mpils-tests/instances/miplib/easy/supportcase33.mps with config: /scratch/yorig/mpils-results-grid-seconds-5-4may/easy/4proc/seed-2/10_supportcase33_seed-2_20260505_012158/iterated_local_search/run_1_worker_3/ils_config_8219481675463887433.prm
[INFO]:[01:22:24] CPLEX results. Gap: 41.670000, upper bound: -300.000000, lower bound: -425.000000
[INFO]:[01:22:24] CPLEX solver finished. Gap: 41.670000
[INFO]:[01:22:24] Starting CPLEX solver on instance: /home/yorig/tuner/mpils-tests/instances/miplib/easy/supportcase33.mps with config: /scratch/yorig/mpils-results-grid-seconds-5-4may/easy/4proc/seed-2/10_supportcase33_seed-2_20260505_012158/iterated_local_search/run_1_worker_3/ils_config_13213542556970852047.prm
[INFO]:[01:22:24] Starting CPLEX solver on instance: /home/yorig/tuner/mpils-tests/instances/miplib/easy/supportcase33.mps with config: /scratch/yorig/mpils-results-grid-seconds-5-4may/easy/4proc/seed-2/10_supportcase33_seed-2_20260505_012158/iterated_local_search/run_1_worker_3/ils_config_13213542556970852047.prm
[INFO]:[01:22:29] CPLEX results. Gap: 35.000000, upper bound: -300.000000, lower bound: -405.000000
[INFO]:[01:22:29] CPLEX solver finished. Gap: 35.000000
[INFO]:[01:22:29] Starting CPLEX solver on instance: /home/yorig/tuner/mpils-tests/instances/miplib/easy/supportcase33.mps with config: /scratch/yorig/mpils-results-grid-seconds-5-4may/easy/4proc/seed-2/10_supportcase33_seed-2_20260505_012158/iterated_local_search/run_1_worker_3/ils_config_10468944639940944153.prm
[INFO]:[01:22:29] Starting CPLEX solver on instance: /home/yorig/tuner/mpils-tests/instances/miplib/easy/supportcase33.mps with config: /scratch/yorig/mpils-results-grid-seconds-5-4may/easy/4proc/seed-2/10_supportcase33_seed-2_20260505_012158/iterated_local_search/run_1_worker_3/ils_config_10468944639940944153.prm
[INFO]:[01:22:34] CPLEX results. Gap: 35.000000, upper bound: -300.000000, lower bound: -405.000000
[INFO]:[01:22:34] CPLEX solver finished. Gap: 35.000000
[INFO]:[01:22:34] Starting CPLEX solver on instance: /home/yorig/tuner/mpils-tests/instances/miplib/easy/supportcase33.mps with config: /scratch/yorig/mpils-results-grid-seconds-5-4may/easy/4proc/seed-2/10_supportcase33_seed-2_20260505_012158/iterated_local_search/run_1_worker_3/ils_config_10169890500029812705.prm
[INFO]:[01:22:34] Starting CPLEX solver on instance: /home/yorig/tuner/mpils-tests/instances/miplib/easy/supportcase33.mps with config: /scratch/yorig/mpils-results-grid-seconds-5-4may/easy/4proc/seed-2/10_supportcase33_seed-2_20260505_012158/iterated_local_search/run_1_worker_3/ils_config_10169890500029812705.prm
[INFO]:[01:22:40] CPLEX results. Gap: 40.350000, upper bound: -285.000000, lower bound: -400.000000
[INFO]:[01:22:40] CPLEX solver finished. Gap: 40.350000
[INFO]:[01:22:40] Starting CPLEX solver on instance: /home/yorig/tuner/mpils-tests/instances/miplib/easy/supportcase33.mps with config: /scratch/yorig/mpils-results-grid-seconds-5-4may/easy/4proc/seed-2/10_supportcase33_seed-2_20260505_012158/iterated_local_search/run_1_worker_3/ils_config_4192889341698924994.prm
[INFO]:[01:22:40] Starting CPLEX solver on instance: /home/yorig/tuner/mpils-tests/instances/miplib/easy/supportcase33.mps with config: /scratch/yorig/mpils-results-grid-seconds-5-4may/easy/4proc/seed-2/10_supportcase33_seed-2_20260505_012158/iterated_local_search/run_1_worker_3/ils_config_4192889341698924994.prm
[INFO]:[01:22:45] CPLEX results. Gap: 71.430000, upper bound: -245.000000, lower bound: -420.000000
[INFO]:[01:22:45] CPLEX solver finished. Gap: 71.430000
[INFO]:[01:22:45] Starting CPLEX solver on instance: /home/yorig/tuner/mpils-tests/instances/miplib/easy/supportcase33.mps with config: /scratch/yorig/mpils-results-grid-seconds-5-4may/easy/4proc/seed-2/10_supportcase33_seed-2_20260505_012158/iterated_local_search/run_1_worker_3/ils_config_3140241278979013305.prm
[INFO]:[01:22:45] Starting CPLEX solver on instance: /home/yorig/tuner/mpils-tests/instances/miplib/easy/supportcase33.mps with config: /scratch/yorig/mpils-results-grid-seconds-5-4may/easy/4proc/seed-2/10_supportcase33_seed-2_20260505_012158/iterated_local_search/run_1_worker_3/ils_config_3140241278979013305.prm
[INFO]:[01:22:50] CPLEX results. Gap: 37.290000, upper bound: -295.000000, lower bound: -405.000000
[INFO]:[01:22:50] CPLEX solver finished. Gap: 37.290000
[INFO]:[01:22:50] Starting CPLEX solver on instance: /home/yorig/tuner/mpils-tests/instances/miplib/easy/supportcase33.mps with config: /scratch/yorig/mpils-results-grid-seconds-5-4may/easy/4proc/seed-2/10_supportcase33_seed-2_20260505_012158/iterated_local_search/run_1_worker_3/ils_config_416682152089676784.prm
[INFO]:[01:22:50] Starting CPLEX solver on instance: /home/yorig/tuner/mpils-tests/instances/miplib/easy/supportcase33.mps with config: /scratch/yorig/mpils-results-grid-seconds-5-4may/easy/4proc/seed-2/10_supportcase33_seed-2_20260505_012158/iterated_local_search/run_1_worker_3/ils_config_416682152089676784.prm
[INFO]:[01:22:55] CPLEX results. Gap: 35.000000, upper bound: -300.000000, lower bound: -405.000000
[INFO]:[01:22:55] CPLEX solver finished. Gap: 35.000000
[INFO]:[01:22:55] Starting CPLEX solver on instance: /home/yorig/tuner/mpils-tests/instances/miplib/easy/supportcase33.mps with config: /scratch/yorig/mpils-results-grid-seconds-5-4may/easy/4proc/seed-2/10_supportcase33_seed-2_20260505_012158/iterated_local_search/run_1_worker_3/ils_config_5914833043783877612.prm
[INFO]:[01:22:55] Starting CPLEX solver on instance: /home/yorig/tuner/mpils-tests/instances/miplib/easy/supportcase33.mps with config: /scratch/yorig/mpils-results-grid-seconds-5-4may/easy/4proc/seed-2/10_supportcase33_seed-2_20260505_012158/iterated_local_search/run_1_worker_3/ils_config_5914833043783877612.prm
[INFO]:[01:23:00] CPLEX results. Gap: 35.000000, upper bound: -300.000000, lower bound: -405.000000
[INFO]:[01:23:00] CPLEX solver finished. Gap: 35.000000
[INFO]:[01:23:00] Starting CPLEX solver on instance: /home/yorig/tuner/mpils-tests/instances/miplib/easy/supportcase33.mps with config: /scratch/yorig/mpils-results-grid-seconds-5-4may/easy/4proc/seed-2/10_supportcase33_seed-2_20260505_012158/iterated_local_search/run_1_worker_3/ils_config_3567883645502565741.prm
[INFO]:[01:23:00] Starting CPLEX solver on instance: /home/yorig/tuner/mpils-tests/instances/miplib/easy/supportcase33.mps with config: /scratch/yorig/mpils-results-grid-seconds-5-4may/easy/4proc/seed-2/10_supportcase33_seed-2_20260505_012158/iterated_local_search/run_1_worker_3/ils_config_3567883645502565741.prm
[INFO]:[01:23:05] CPLEX results. Gap: 62.000000, upper bound: -250.000000, lower bound: -405.000000
[INFO]:[01:23:05] CPLEX solver finished. Gap: 62.000000
[INFO]:[01:23:05] Starting CPLEX solver on instance: /home/yorig/tuner/mpils-tests/instances/miplib/easy/supportcase33.mps with config: /scratch/yorig/mpils-results-grid-seconds-5-4may/easy/4proc/seed-2/10_supportcase33_seed-2_20260505_012158/iterated_local_search/run_1_worker_3/ils_config_2185567125813062019.prm
[INFO]:[01:23:05] Starting CPLEX solver on instance: /home/yorig/tuner/mpils-tests/instances/miplib/easy/supportcase33.mps with config: /scratch/yorig/mpils-results-grid-seconds-5-4may/easy/4proc/seed-2/10_supportcase33_seed-2_20260505_012158/iterated_local_search/run_1_worker_3/ils_config_2185567125813062019.prm
[INFO]:[01:23:10] CPLEX results. Gap: 42.110000, upper bound: -285.000000, lower bound: -405.000000
[INFO]:[01:23:10] CPLEX solver finished. Gap: 42.110000
[INFO]:[01:23:10] Starting CPLEX solver on instance: /home/yorig/tuner/mpils-tests/instances/miplib/easy/supportcase33.mps with config: /scratch/yorig/mpils-results-grid-seconds-5-4may/easy/4proc/seed-2/10_supportcase33_seed-2_20260505_012158/iterated_local_search/run_1_worker_3/ils_config_8952066237404114582.prm
[INFO]:[01:23:10] Starting CPLEX solver on instance: /home/yorig/tuner/mpils-tests/instances/miplib/easy/supportcase33.mps with config: /scratch/yorig/mpils-results-grid-seconds-5-4may/easy/4proc/seed-2/10_supportcase33_seed-2_20260505_012158/iterated_local_search/run_1_worker_3/ils_config_8952066237404114582.prm
[INFO]:[01:23:15] CPLEX results. Gap: 71.430000, upper bound: -245.000000, lower bound: -420.000000
[INFO]:[01:23:15] CPLEX solver finished. Gap: 71.430000
[INFO]:[01:23:15] Starting CPLEX solver on instance: /home/yorig/tuner/mpils-tests/instances/miplib/easy/supportcase33.mps with config: /scratch/yorig/mpils-results-grid-seconds-5-4may/easy/4proc/seed-2/10_supportcase33_seed-2_20260505_012158/iterated_local_search/run_1_worker_3/ils_config_9882895585375985949.prm
[INFO]:[01:23:15] Starting CPLEX solver on instance: /home/yorig/tuner/mpils-tests/instances/miplib/easy/supportcase33.mps with config: /scratch/yorig/mpils-results-grid-seconds-5-4may/easy/4proc/seed-2/10_supportcase33_seed-2_20260505_012158/iterated_local_search/run_1_worker_3/ils_config_9882895585375985949.prm
[INFO]:[01:23:20] CPLEX results. Gap: 44.550000, upper bound: -290.000000, lower bound: -419.192825
[INFO]:[01:23:20] CPLEX solver finished. Gap: 44.550000
[INFO]:[01:23:20] Starting CPLEX solver on instance: /home/yorig/tuner/mpils-tests/instances/miplib/easy/supportcase33.mps with config: /scratch/yorig/mpils-results-grid-seconds-5-4may/easy/4proc/seed-2/10_supportcase33_seed-2_20260505_012158/iterated_local_search/run_1_worker_3/ils_config_11170254515055647691.prm
[INFO]:[01:23:20] Starting CPLEX solver on instance: /home/yorig/tuner/mpils-tests/instances/miplib/easy/supportcase33.mps with config: /scratch/yorig/mpils-results-grid-seconds-5-4may/easy/4proc/seed-2/10_supportcase33_seed-2_20260505_012158/iterated_local_search/run_1_worker_3/ils_config_11170254515055647691.prm
[INFO]:[01:23:25] CPLEX results. Gap: 35.000000, upper bound: -300.000000, lower bound: -405.000000
[INFO]:[01:23:25] CPLEX solver finished. Gap: 35.000000
[INFO]:[01:23:25] Starting CPLEX solver on instance: /home/yorig/tuner/mpils-tests/instances/miplib/easy/supportcase33.mps with config: /scratch/yorig/mpils-results-grid-seconds-5-4may/easy/4proc/seed-2/10_supportcase33_seed-2_20260505_012158/iterated_local_search/run_1_worker_3/ils_config_4753399026579163605.prm
[INFO]:[01:23:25] Starting CPLEX solver on instance: /home/yorig/tuner/mpils-tests/instances/miplib/easy/supportcase33.mps with config: /scratch/yorig/mpils-results-grid-seconds-5-4may/easy/4proc/seed-2/10_supportcase33_seed-2_20260505_012158/iterated_local_search/run_1_worker_3/ils_config_4753399026579163605.prm
[INFO]:[01:23:31] CPLEX results. Gap: 39.660000, upper bound: -290.000000, lower bound: -405.000000
[INFO]:[01:23:31] CPLEX solver finished. Gap: 39.660000
[INFO]:[01:23:31] Starting CPLEX solver on instance: /home/yorig/tuner/mpils-tests/instances/miplib/easy/supportcase33.mps with config: /scratch/yorig/mpils-results-grid-seconds-5-4may/easy/4proc/seed-2/10_supportcase33_seed-2_20260505_012158/iterated_local_search/run_1_worker_3/ils_config_17213627544474666668.prm
[INFO]:[01:23:31] Starting CPLEX solver on instance: /home/yorig/tuner/mpils-tests/instances/miplib/easy/supportcase33.mps with config: /scratch/yorig/mpils-results-grid-seconds-5-4may/easy/4proc/seed-2/10_supportcase33_seed-2_20260505_012158/iterated_local_search/run_1_worker_3/ils_config_17213627544474666668.prm
[INFO]:[01:23:36] CPLEX results. Gap: 41.670000, upper bound: -300.000000, lower bound: -425.000000
[INFO]:[01:23:36] CPLEX solver finished. Gap: 41.670000
[INFO]:[01:23:36] Starting CPLEX solver on instance: /home/yorig/tuner/mpils-tests/instances/miplib/easy/supportcase33.mps with config: /scratch/yorig/mpils-results-grid-seconds-5-4may/easy/4proc/seed-2/10_supportcase33_seed-2_20260505_012158/iterated_local_search/run_1_worker_3/ils_config_3745183237966311772.prm
[INFO]:[01:23:36] Starting CPLEX solver on instance: /home/yorig/tuner/mpils-tests/instances/miplib/easy/supportcase33.mps with config: /scratch/yorig/mpils-results-grid-seconds-5-4may/easy/4proc/seed-2/10_supportcase33_seed-2_20260505_012158/iterated_local_search/run_1_worker_3/ils_config_3745183237966311772.prm
[INFO]:[01:23:41] CPLEX results. Gap: 35.000000, upper bound: -300.000000, lower bound: -405.000000
[INFO]:[01:23:41] CPLEX solver finished. Gap: 35.000000
[INFO]:[01:23:41] Local search phase completed.
[INFO]:[01:23:41] Total number of new local-search evaluations: 20
[INFO]:[01:23:41] Final incumbent objective value: 35
[INFO]:[01:23:41] Worker 3 completed exploration phase.
[INFO]:[01:23:41] Worker 3 received order for step 2.
[INFO]:[01:23:41] Worker 3 running expansion phase for iteration 1.
[INFO]:[01:23:41] Worker 3 will use solver log file: /scratch/yorig/mpils-results-grid-seconds-5-4may/easy/4proc/seed-2/10_supportcase33_seed-2_20260505_012158/solver/cplex.log_iteration_expansion_1_worker_3
[INFO]:[01:23:41] Expansion Worker 3 starting expansion for iteration 1.
[INFO]:[01:23:41] Starting CPLEX solver on instance: /home/yorig/tuner/mpils-tests/instances/miplib/easy/supportcase33.mps with config: /scratch/yorig/mpils-results-grid-seconds-5-4may/easy/4proc/seed-2/10_supportcase33_seed-2_20260505_012158/expansion/config_param_CPXPARAM_MIP_Strategy_Probe_3_iter_1.prm
[INFO]:[01:23:46] CPLEX results. Gap: 1075000000000000.000000, upper bound: 0.000000, lower bound: -1075.000000
[INFO]:[01:23:46] CPLEX solver finished. Gap: 1075000000000000.000000
[INFO]:[01:23:46] Starting CPLEX solver on instance: /home/yorig/tuner/mpils-tests/instances/miplib/easy/supportcase33.mps with config: /scratch/yorig/mpils-results-grid-seconds-5-4may/easy/4proc/seed-2/10_supportcase33_seed-2_20260505_012158/expansion/config_param_CPXPARAM_MIP_Cuts_Covers_3_iter_1.prm
[INFO]:[01:23:51] CPLEX results. Gap: 30.650000, upper bound: -310.000000, lower bound: -405.000000
[INFO]:[01:23:51] CPLEX solver finished. Gap: 30.650000
[INFO]:[01:23:51] Expansion Worker 3 stopping early after global MPI expansion stop was activated.
[INFO]:[01:23:51] Expansion Worker 3 completed expansion.
[INFO]:[01:23:51] Worker 3 completed expansion phase.
[INFO]:[01:23:51] Worker 3 received order for step 1.
[INFO]:[01:23:51] Worker 3 running exploration phase for iteration 2.
[INFO]:[01:23:51] Worker 3 at iteration 2 will not use a MIP start file. Current best MIP-start upper bound threshold is 1.79769e+308.
[INFO]:[01:23:51] Starting local search phase...
[INFO]:[01:23:51] Creating local search space from parameter space file: /scratch/yorig/mpils-results-grid-seconds-5-4may/easy/4proc/seed-2/10_supportcase33_seed-2_20260505_012158/iterated_local_search/search_space/search_space_file_2_worker_3.txt
[INFO]:[01:23:51] Local search space loaded from file: /scratch/yorig/mpils-results-grid-seconds-5-4may/easy/4proc/seed-2/10_supportcase33_seed-2_20260505_012158/iterated_local_search/search_space/search_space_file_2_worker_3.txt
[INFO]:[01:23:51] Number of parameters in local search space: 71
[INFO]:[01:23:51] Number of forbidden tuples in local search space: 8
[INFO]:[01:23:51] Number of conditionals in local search space: 6
[INFO]:[01:23:51] MIP start option not enabled. Local search will proceed without MIP start.
[INFO]:[01:23:51] Evaluating initial configuration for local search phase...
[INFO]:[01:23:51] Starting CPLEX solver on instance: /home/yorig/tuner/mpils-tests/instances/miplib/easy/supportcase33.mps with config: /scratch/yorig/mpils-results-grid-seconds-5-4may/easy/4proc/seed-2/10_supportcase33_seed-2_20260505_012158/iterated_local_search/run_2_worker_3/ils_config_8592537125339338537.prm
[INFO]:[01:23:51] Starting CPLEX solver on instance: /home/yorig/tuner/mpils-tests/instances/miplib/easy/supportcase33.mps with config: /scratch/yorig/mpils-results-grid-seconds-5-4may/easy/4proc/seed-2/10_supportcase33_seed-2_20260505_012158/iterated_local_search/run_2_worker_3/ils_config_8592537125339338537.prm
[INFO]:[01:23:56] CPLEX results. Gap: 1075000000000000.000000, upper bound: 0.000000, lower bound: -1075.000000
[INFO]:[01:23:56] CPLEX solver finished. Gap: 1075000000000000.000000
[INFO]:[01:23:56] Initial configuration evaluated with objective value: 1.075e+15
[INFO]:[01:23:56] Starting CPLEX solver on instance: /home/yorig/tuner/mpils-tests/instances/miplib/easy/supportcase33.mps with config: /scratch/yorig/mpils-results-grid-seconds-5-4may/easy/4proc/seed-2/10_supportcase33_seed-2_20260505_012158/iterated_local_search/run_2_worker_3/ils_config_8681603737463465994.prm
[INFO]:[01:23:56] Starting CPLEX solver on instance: /home/yorig/tuner/mpils-tests/instances/miplib/easy/supportcase33.mps with config: /scratch/yorig/mpils-results-grid-seconds-5-4may/easy/4proc/seed-2/10_supportcase33_seed-2_20260505_012158/iterated_local_search/run_2_worker_3/ils_config_8681603737463465994.prm
[INFO]:[01:24:01] CPLEX results. Gap: 1075000000000000.000000, upper bound: 0.000000, lower bound: -1075.000000
[INFO]:[01:24:01] CPLEX solver finished. Gap: 1075000000000000.000000
[INFO]:[01:24:01] Starting CPLEX solver on instance: /home/yorig/tuner/mpils-tests/instances/miplib/easy/supportcase33.mps with config: /scratch/yorig/mpils-results-grid-seconds-5-4may/easy/4proc/seed-2/10_supportcase33_seed-2_20260505_012158/iterated_local_search/run_2_worker_3/ils_config_18355589013666457903.prm
[INFO]:[01:24:01] Starting CPLEX solver on instance: /home/yorig/tuner/mpils-tests/instances/miplib/easy/supportcase33.mps with config: /scratch/yorig/mpils-results-grid-seconds-5-4may/easy/4proc/seed-2/10_supportcase33_seed-2_20260505_012158/iterated_local_search/run_2_worker_3/ils_config_18355589013666457903.prm
[INFO]:[01:24:06] CPLEX results. Gap: 1075000000000000.000000, upper bound: 0.000000, lower bound: -1075.000000
[INFO]:[01:24:06] CPLEX solver finished. Gap: 1075000000000000.000000
[INFO]:[01:24:06] Starting CPLEX solver on instance: /home/yorig/tuner/mpils-tests/instances/miplib/easy/supportcase33.mps with config: /scratch/yorig/mpils-results-grid-seconds-5-4may/easy/4proc/seed-2/10_supportcase33_seed-2_20260505_012158/iterated_local_search/run_2_worker_3/ils_config_18279513319249184345.prm
[INFO]:[01:24:06] Starting CPLEX solver on instance: /home/yorig/tuner/mpils-tests/instances/miplib/easy/supportcase33.mps with config: /scratch/yorig/mpils-results-grid-seconds-5-4may/easy/4proc/seed-2/10_supportcase33_seed-2_20260505_012158/iterated_local_search/run_2_worker_3/ils_config_18279513319249184345.prm
[INFO]:[01:24:11] CPLEX results. Gap: 1075000000000000.000000, upper bound: 0.000000, lower bound: -1075.000000
[INFO]:[01:24:11] CPLEX solver finished. Gap: 1075000000000000.000000
[INFO]:[01:24:11] Starting CPLEX solver on instance: /home/yorig/tuner/mpils-tests/instances/miplib/easy/supportcase33.mps with config: /scratch/yorig/mpils-results-grid-seconds-5-4may/easy/4proc/seed-2/10_supportcase33_seed-2_20260505_012158/iterated_local_search/run_2_worker_3/ils_config_1680656352270139579.prm
[INFO]:[01:24:11] Starting CPLEX solver on instance: /home/yorig/tuner/mpils-tests/instances/miplib/easy/supportcase33.mps with config: /scratch/yorig/mpils-results-grid-seconds-5-4may/easy/4proc/seed-2/10_supportcase33_seed-2_20260505_012158/iterated_local_search/run_2_worker_3/ils_config_1680656352270139579.prm
[INFO]:[01:24:17] CPLEX results. Gap: 1075000000000000.000000, upper bound: 0.000000, lower bound: -1075.000000
[INFO]:[01:24:17] CPLEX solver finished. Gap: 1075000000000000.000000
[INFO]:[01:24:17] Starting CPLEX solver on instance: /home/yorig/tuner/mpils-tests/instances/miplib/easy/supportcase33.mps with config: /scratch/yorig/mpils-results-grid-seconds-5-4may/easy/4proc/seed-2/10_supportcase33_seed-2_20260505_012158/iterated_local_search/run_2_worker_3/ils_config_3984700035662658244.prm
[INFO]:[01:24:17] Starting CPLEX solver on instance: /home/yorig/tuner/mpils-tests/instances/miplib/easy/supportcase33.mps with config: /scratch/yorig/mpils-results-grid-seconds-5-4may/easy/4proc/seed-2/10_supportcase33_seed-2_20260505_012158/iterated_local_search/run_2_worker_3/ils_config_3984700035662658244.prm
[INFO]:[01:24:22] CPLEX results. Gap: 1075000000000000.000000, upper bound: 0.000000, lower bound: -1075.000000
[INFO]:[01:24:22] CPLEX solver finished. Gap: 1075000000000000.000000
[INFO]:[01:24:22] Local search phase completed.
[INFO]:[01:24:22] Total number of new local-search evaluations: 6
[INFO]:[01:24:22] Final incumbent objective value: 1.075e+15
[INFO]:[01:24:22] Worker 3 completed exploration phase.
[INFO]:[01:24:22] Worker 3 received order for step 2.
[INFO]:[01:24:22] Worker 3 running expansion phase for iteration 2.
[INFO]:[01:24:22] Worker 3 will use solver log file: /scratch/yorig/mpils-results-grid-seconds-5-4may/easy/4proc/seed-2/10_supportcase33_seed-2_20260505_012158/solver/cplex.log_iteration_expansion_2_worker_3
[INFO]:[01:24:22] Expansion Worker 3 starting expansion for iteration 2.
[INFO]:[01:24:22] Starting CPLEX solver on instance: /home/yorig/tuner/mpils-tests/instances/miplib/easy/supportcase33.mps with config: /scratch/yorig/mpils-results-grid-seconds-5-4may/easy/4proc/seed-2/10_supportcase33_seed-2_20260505_012158/expansion/config_param_CPXPARAM_MIP_Strategy_VariableSelect_3_iter_2.prm
[INFO]:[01:24:27] CPLEX results. Gap: 55.770000, upper bound: -260.000000, lower bound: -405.000000
[INFO]:[01:24:27] CPLEX solver finished. Gap: 55.770000
[INFO]:[01:24:27] Starting CPLEX solver on instance: /home/yorig/tuner/mpils-tests/instances/miplib/easy/supportcase33.mps with config: /scratch/yorig/mpils-results-grid-seconds-5-4may/easy/4proc/seed-2/10_supportcase33_seed-2_20260505_012158/expansion/config_param_CPXPARAM_MIP_Strategy_NodeSelect_3_iter_2.prm
[INFO]:[01:24:32] CPLEX results. Gap: 54.750000, upper bound: -270.000000, lower bound: -417.828947
[INFO]:[01:24:32] CPLEX solver finished. Gap: 54.750000
[INFO]:[01:24:32] Starting CPLEX solver on instance: /home/yorig/tuner/mpils-tests/instances/miplib/easy/supportcase33.mps with config: /scratch/yorig/mpils-results-grid-seconds-5-4may/easy/4proc/seed-2/10_supportcase33_seed-2_20260505_012158/expansion/config_param_CPXPARAM_MIP_Limits_ProbeTime_0_iter_2.prm
[INFO]:[01:24:37] CPLEX results. Gap: 61.600000, upper bound: -255.000000, lower bound: -412.078704
[INFO]:[01:24:37] CPLEX solver finished. Gap: 61.600000
[INFO]:[01:24:37] Expansion Worker 3 stopping early after global MPI expansion stop was activated.
[INFO]:[01:24:37] Expansion Worker 3 completed expansion.
[INFO]:[01:24:37] Worker 3 completed expansion phase.
[INFO]:[01:24:37] Worker 3 received order for step 1.
[INFO]:[01:24:37] Worker 3 running exploration phase for iteration 3.
[INFO]:[01:24:37] Worker 3 at iteration 3 will not use a MIP start file. Current best MIP-start upper bound threshold is 1.79769e+308.
[INFO]:[01:24:37] Starting local search phase...
[INFO]:[01:24:37] Creating local search space from parameter space file: /scratch/yorig/mpils-results-grid-seconds-5-4may/easy/4proc/seed-2/10_supportcase33_seed-2_20260505_012158/iterated_local_search/search_space/search_space_file_3_worker_3.txt
[INFO]:[01:24:37] Local search space loaded from file: /scratch/yorig/mpils-results-grid-seconds-5-4may/easy/4proc/seed-2/10_supportcase33_seed-2_20260505_012158/iterated_local_search/search_space/search_space_file_3_worker_3.txt
[INFO]:[01:24:37] Number of parameters in local search space: 71
[INFO]:[01:24:37] Number of forbidden tuples in local search space: 28
[INFO]:[01:24:37] Number of conditionals in local search space: 6
[INFO]:[01:24:37] MIP start option not enabled. Local search will proceed without MIP start.
[INFO]:[01:24:37] Evaluating initial configuration for local search phase...
[INFO]:[01:24:37] Starting CPLEX solver on instance: /home/yorig/tuner/mpils-tests/instances/miplib/easy/supportcase33.mps with config: /scratch/yorig/mpils-results-grid-seconds-5-4may/easy/4proc/seed-2/10_supportcase33_seed-2_20260505_012158/iterated_local_search/run_3_worker_3/ils_config_1046994669162448503.prm
[INFO]:[01:24:37] Starting CPLEX solver on instance: /home/yorig/tuner/mpils-tests/instances/miplib/easy/supportcase33.mps with config: /scratch/yorig/mpils-results-grid-seconds-5-4may/easy/4proc/seed-2/10_supportcase33_seed-2_20260505_012158/iterated_local_search/run_3_worker_3/ils_config_1046994669162448503.prm
[INFO]:[01:24:42] CPLEX results. Gap: 1075000000000000.000000, upper bound: 0.000000, lower bound: -1075.000000
[INFO]:[01:24:42] CPLEX solver finished. Gap: 1075000000000000.000000
[INFO]:[01:24:42] Initial configuration evaluated with objective value: 1.075e+15
[INFO]:[01:24:42] Starting CPLEX solver on instance: /home/yorig/tuner/mpils-tests/instances/miplib/easy/supportcase33.mps with config: /scratch/yorig/mpils-results-grid-seconds-5-4may/easy/4proc/seed-2/10_supportcase33_seed-2_20260505_012158/iterated_local_search/run_3_worker_3/ils_config_3232597371097056844.prm
[INFO]:[01:24:42] Starting CPLEX solver on instance: /home/yorig/tuner/mpils-tests/instances/miplib/easy/supportcase33.mps with config: /scratch/yorig/mpils-results-grid-seconds-5-4may/easy/4proc/seed-2/10_supportcase33_seed-2_20260505_012158/iterated_local_search/run_3_worker_3/ils_config_3232597371097056844.prm
[INFO]:[01:24:47] CPLEX results. Gap: 1075000000000000.000000, upper bound: 0.000000, lower bound: -1075.000000
[INFO]:[01:24:47] CPLEX solver finished. Gap: 1075000000000000.000000
[INFO]:[01:24:47] Starting CPLEX solver on instance: /home/yorig/tuner/mpils-tests/instances/miplib/easy/supportcase33.mps with config: /scratch/yorig/mpils-results-grid-seconds-5-4may/easy/4proc/seed-2/10_supportcase33_seed-2_20260505_012158/iterated_local_search/run_3_worker_3/ils_config_8630425949439804172.prm
[INFO]:[01:24:47] Starting CPLEX solver on instance: /home/yorig/tuner/mpils-tests/instances/miplib/easy/supportcase33.mps with config: /scratch/yorig/mpils-results-grid-seconds-5-4may/easy/4proc/seed-2/10_supportcase33_seed-2_20260505_012158/iterated_local_search/run_3_worker_3/ils_config_8630425949439804172.prm
[INFO]:[01:24:52] CPLEX results. Gap: 1075000000000000.000000, upper bound: 0.000000, lower bound: -1075.000000
[INFO]:[01:24:52] CPLEX solver finished. Gap: 1075000000000000.000000
[INFO]:[01:24:52] Starting CPLEX solver on instance: /home/yorig/tuner/mpils-tests/instances/miplib/easy/supportcase33.mps with config: /scratch/yorig/mpils-results-grid-seconds-5-4may/easy/4proc/seed-2/10_supportcase33_seed-2_20260505_012158/iterated_local_search/run_3_worker_3/ils_config_17547247781934497642.prm
[INFO]:[01:24:52] Starting CPLEX solver on instance: /home/yorig/tuner/mpils-tests/instances/miplib/easy/supportcase33.mps with config: /scratch/yorig/mpils-results-grid-seconds-5-4may/easy/4proc/seed-2/10_supportcase33_seed-2_20260505_012158/iterated_local_search/run_3_worker_3/ils_config_17547247781934497642.prm
[INFO]:[01:24:58] CPLEX results. Gap: 1075000000000000.000000, upper bound: 0.000000, lower bound: -1075.000000
[INFO]:[01:24:58] CPLEX solver finished. Gap: 1075000000000000.000000
[INFO]:[01:24:58] Starting CPLEX solver on instance: /home/yorig/tuner/mpils-tests/instances/miplib/easy/supportcase33.mps with config: /scratch/yorig/mpils-results-grid-seconds-5-4may/easy/4proc/seed-2/10_supportcase33_seed-2_20260505_012158/iterated_local_search/run_3_worker_3/ils_config_16881278961667031480.prm
[INFO]:[01:24:58] Starting CPLEX solver on instance: /home/yorig/tuner/mpils-tests/instances/miplib/easy/supportcase33.mps with config: /scratch/yorig/mpils-results-grid-seconds-5-4may/easy/4proc/seed-2/10_supportcase33_seed-2_20260505_012158/iterated_local_search/run_3_worker_3/ils_config_16881278961667031480.prm
[INFO]:[01:25:03] CPLEX results. Gap: 1075000000000000.000000, upper bound: 0.000000, lower bound: -1075.000000
[INFO]:[01:25:03] CPLEX solver finished. Gap: 1075000000000000.000000
[INFO]:[01:25:03] Starting CPLEX solver on instance: /home/yorig/tuner/mpils-tests/instances/miplib/easy/supportcase33.mps with config: /scratch/yorig/mpils-results-grid-seconds-5-4may/easy/4proc/seed-2/10_supportcase33_seed-2_20260505_012158/iterated_local_search/run_3_worker_3/ils_config_7226569582176783434.prm
[INFO]:[01:25:03] Starting CPLEX solver on instance: /home/yorig/tuner/mpils-tests/instances/miplib/easy/supportcase33.mps with config: /scratch/yorig/mpils-results-grid-seconds-5-4may/easy/4proc/seed-2/10_supportcase33_seed-2_20260505_012158/iterated_local_search/run_3_worker_3/ils_config_7226569582176783434.prm
[INFO]:[01:25:08] CPLEX results. Gap: 1075000000000000.000000, upper bound: 0.000000, lower bound: -1075.000000
[INFO]:[01:25:08] CPLEX solver finished. Gap: 1075000000000000.000000
[INFO]:[01:25:08] Starting CPLEX solver on instance: /home/yorig/tuner/mpils-tests/instances/miplib/easy/supportcase33.mps with config: /scratch/yorig/mpils-results-grid-seconds-5-4may/easy/4proc/seed-2/10_supportcase33_seed-2_20260505_012158/iterated_local_search/run_3_worker_3/ils_config_5705464176523122980.prm
[INFO]:[01:25:08] Starting CPLEX solver on instance: /home/yorig/tuner/mpils-tests/instances/miplib/easy/supportcase33.mps with config: /scratch/yorig/mpils-results-grid-seconds-5-4may/easy/4proc/seed-2/10_supportcase33_seed-2_20260505_012158/iterated_local_search/run_3_worker_3/ils_config_5705464176523122980.prm
[INFO]:[01:25:13] CPLEX results. Gap: 1075000000000000.000000, upper bound: 0.000000, lower bound: -1075.000000
[INFO]:[01:25:13] CPLEX solver finished. Gap: 1075000000000000.000000
[INFO]:[01:25:13] Starting CPLEX solver on instance: /home/yorig/tuner/mpils-tests/instances/miplib/easy/supportcase33.mps with config: /scratch/yorig/mpils-results-grid-seconds-5-4may/easy/4proc/seed-2/10_supportcase33_seed-2_20260505_012158/iterated_local_search/run_3_worker_3/ils_config_14954869686136226590.prm
[INFO]:[01:25:13] Starting CPLEX solver on instance: /home/yorig/tuner/mpils-tests/instances/miplib/easy/supportcase33.mps with config: /scratch/yorig/mpils-results-grid-seconds-5-4may/easy/4proc/seed-2/10_supportcase33_seed-2_20260505_012158/iterated_local_search/run_3_worker_3/ils_config_14954869686136226590.prm
[INFO]:[01:25:18] CPLEX results. Gap: 1075000000000000.000000, upper bound: 0.000000, lower bound: -1075.000000
[INFO]:[01:25:18] CPLEX solver finished. Gap: 1075000000000000.000000
[INFO]:[01:25:18] Starting CPLEX solver on instance: /home/yorig/tuner/mpils-tests/instances/miplib/easy/supportcase33.mps with config: /scratch/yorig/mpils-results-grid-seconds-5-4may/easy/4proc/seed-2/10_supportcase33_seed-2_20260505_012158/iterated_local_search/run_3_worker_3/ils_config_11515458051511385416.prm
[INFO]:[01:25:18] Starting CPLEX solver on instance: /home/yorig/tuner/mpils-tests/instances/miplib/easy/supportcase33.mps with config: /scratch/yorig/mpils-results-grid-seconds-5-4may/easy/4proc/seed-2/10_supportcase33_seed-2_20260505_012158/iterated_local_search/run_3_worker_3/ils_config_11515458051511385416.prm
[INFO]:[01:25:23] CPLEX results. Gap: 1075000000000000.000000, upper bound: 0.000000, lower bound: -1075.000000
[INFO]:[01:25:23] CPLEX solver finished. Gap: 1075000000000000.000000
[INFO]:[01:25:23] Starting CPLEX solver on instance: /home/yorig/tuner/mpils-tests/instances/miplib/easy/supportcase33.mps with config: /scratch/yorig/mpils-results-grid-seconds-5-4may/easy/4proc/seed-2/10_supportcase33_seed-2_20260505_012158/iterated_local_search/run_3_worker_3/ils_config_5705125786664612120.prm
[INFO]:[01:25:23] Starting CPLEX solver on instance: /home/yorig/tuner/mpils-tests/instances/miplib/easy/supportcase33.mps with config: /scratch/yorig/mpils-results-grid-seconds-5-4may/easy/4proc/seed-2/10_supportcase33_seed-2_20260505_012158/iterated_local_search/run_3_worker_3/ils_config_5705125786664612120.prm
[INFO]:[01:25:28] CPLEX results. Gap: 1075000000000000.000000, upper bound: 0.000000, lower bound: -1075.000000
[INFO]:[01:25:28] CPLEX solver finished. Gap: 1075000000000000.000000
[INFO]:[01:25:28] Starting CPLEX solver on instance: /home/yorig/tuner/mpils-tests/instances/miplib/easy/supportcase33.mps with config: /scratch/yorig/mpils-results-grid-seconds-5-4may/easy/4proc/seed-2/10_supportcase33_seed-2_20260505_012158/iterated_local_search/run_3_worker_3/ils_config_14981817738131882108.prm
[INFO]:[01:25:28] Starting CPLEX solver on instance: /home/yorig/tuner/mpils-tests/instances/miplib/easy/supportcase33.mps with config: /scratch/yorig/mpils-results-grid-seconds-5-4may/easy/4proc/seed-2/10_supportcase33_seed-2_20260505_012158/iterated_local_search/run_3_worker_3/ils_config_14981817738131882108.prm
[INFO]:[01:25:33] CPLEX results. Gap: 1075000000000000.000000, upper bound: 0.000000, lower bound: -1075.000000
[INFO]:[01:25:33] CPLEX solver finished. Gap: 1075000000000000.000000
[INFO]:[01:25:33] Starting CPLEX solver on instance: /home/yorig/tuner/mpils-tests/instances/miplib/easy/supportcase33.mps with config: /scratch/yorig/mpils-results-grid-seconds-5-4may/easy/4proc/seed-2/10_supportcase33_seed-2_20260505_012158/iterated_local_search/run_3_worker_3/ils_config_7156446180194588956.prm
[INFO]:[01:25:33] Starting CPLEX solver on instance: /home/yorig/tuner/mpils-tests/instances/miplib/easy/supportcase33.mps with config: /scratch/yorig/mpils-results-grid-seconds-5-4may/easy/4proc/seed-2/10_supportcase33_seed-2_20260505_012158/iterated_local_search/run_3_worker_3/ils_config_7156446180194588956.prm
[INFO]:[01:25:38] CPLEX results. Gap: 1075000000000000.000000, upper bound: 0.000000, lower bound: -1075.000000
[INFO]:[01:25:38] CPLEX solver finished. Gap: 1075000000000000.000000
[INFO]:[01:25:38] Starting CPLEX solver on instance: /home/yorig/tuner/mpils-tests/instances/miplib/easy/supportcase33.mps with config: /scratch/yorig/mpils-results-grid-seconds-5-4may/easy/4proc/seed-2/10_supportcase33_seed-2_20260505_012158/iterated_local_search/run_3_worker_3/ils_config_4731754621045734652.prm
[INFO]:[01:25:38] Starting CPLEX solver on instance: /home/yorig/tuner/mpils-tests/instances/miplib/easy/supportcase33.mps with config: /scratch/yorig/mpils-results-grid-seconds-5-4may/easy/4proc/seed-2/10_supportcase33_seed-2_20260505_012158/iterated_local_search/run_3_worker_3/ils_config_4731754621045734652.prm
[INFO]:[01:25:43] CPLEX results. Gap: 1075000000000000.000000, upper bound: 0.000000, lower bound: -1075.000000
[INFO]:[01:25:43] CPLEX solver finished. Gap: 1075000000000000.000000
[INFO]:[01:25:43] Starting CPLEX solver on instance: /home/yorig/tuner/mpils-tests/instances/miplib/easy/supportcase33.mps with config: /scratch/yorig/mpils-results-grid-seconds-5-4may/easy/4proc/seed-2/10_supportcase33_seed-2_20260505_012158/iterated_local_search/run_3_worker_3/ils_config_705287538640512830.prm
[INFO]:[01:25:43] Starting CPLEX solver on instance: /home/yorig/tuner/mpils-tests/instances/miplib/easy/supportcase33.mps with config: /scratch/yorig/mpils-results-grid-seconds-5-4may/easy/4proc/seed-2/10_supportcase33_seed-2_20260505_012158/iterated_local_search/run_3_worker_3/ils_config_705287538640512830.prm
[INFO]:[01:25:48] CPLEX results. Gap: 1075000000000000.000000, upper bound: 0.000000, lower bound: -1075.000000
[INFO]:[01:25:48] CPLEX solver finished. Gap: 1075000000000000.000000
[INFO]:[01:25:48] Starting CPLEX solver on instance: /home/yorig/tuner/mpils-tests/instances/miplib/easy/supportcase33.mps with config: /scratch/yorig/mpils-results-grid-seconds-5-4may/easy/4proc/seed-2/10_supportcase33_seed-2_20260505_012158/iterated_local_search/run_3_worker_3/ils_config_11548437847006066743.prm
[INFO]:[01:25:48] Starting CPLEX solver on instance: /home/yorig/tuner/mpils-tests/instances/miplib/easy/supportcase33.mps with config: /scratch/yorig/mpils-results-grid-seconds-5-4may/easy/4proc/seed-2/10_supportcase33_seed-2_20260505_012158/iterated_local_search/run_3_worker_3/ils_config_11548437847006066743.prm
[INFO]:[01:25:54] CPLEX results. Gap: 1075000000000000.000000, upper bound: 0.000000, lower bound: -1075.000000
[INFO]:[01:25:54] CPLEX solver finished. Gap: 1075000000000000.000000
[INFO]:[01:25:54] Local search phase completed.
[INFO]:[01:25:54] Total number of new local-search evaluations: 15
[INFO]:[01:25:54] Final incumbent objective value: 1.075e+15
[INFO]:[01:25:54] Worker 3 completed exploration phase.
[INFO]:[01:25:54] Worker 3 received order for step 2.
[INFO]:[01:25:54] Worker 3 running expansion phase for iteration 3.
[INFO]:[01:25:54] Worker 3 will use solver log file: /scratch/yorig/mpils-results-grid-seconds-5-4may/easy/4proc/seed-2/10_supportcase33_seed-2_20260505_012158/solver/cplex.log_iteration_expansion_3_worker_3
[INFO]:[01:25:54] Expansion Worker 3 starting expansion for iteration 3.
[INFO]:[01:25:54] Starting CPLEX solver on instance: /home/yorig/tuner/mpils-tests/instances/miplib/easy/supportcase33.mps with config: /scratch/yorig/mpils-results-grid-seconds-5-4may/easy/4proc/seed-2/10_supportcase33_seed-2_20260505_012158/expansion/config_param_CPXPARAM_MIP_Limits_ProbeTime_5_iter_3.prm
[INFO]:[01:25:59] CPLEX results. Gap: 68.910000, upper bound: -250.000000, lower bound: -422.279306
[INFO]:[01:25:59] CPLEX solver finished. Gap: 68.910000
[INFO]:[01:25:59] Starting CPLEX solver on instance: /home/yorig/tuner/mpils-tests/instances/miplib/easy/supportcase33.mps with config: /scratch/yorig/mpils-results-grid-seconds-5-4may/easy/4proc/seed-2/10_supportcase33_seed-2_20260505_012158/expansion/config_param_CPXPARAM_MIP_Limits_ProbeTime_40_iter_3.prm
[INFO]:[01:26:04] CPLEX results. Gap: 67.880000, upper bound: -250.000000, lower bound: -419.700704
[INFO]:[01:26:04] CPLEX solver finished. Gap: 67.880000
[INFO]:[01:26:04] Starting CPLEX solver on instance: /home/yorig/tuner/mpils-tests/instances/miplib/easy/supportcase33.mps with config: /scratch/yorig/mpils-results-grid-seconds-5-4may/easy/4proc/seed-2/10_supportcase33_seed-2_20260505_012158/expansion/config_param_CPXPARAM_MIP_Limits_ProbeTime_240_iter_3.prm
[INFO]:[01:26:09] CPLEX results. Gap: 67.880000, upper bound: -250.000000, lower bound: -419.700704
[INFO]:[01:26:09] CPLEX solver finished. Gap: 67.880000
[INFO]:[01:26:09] Starting CPLEX solver on instance: /home/yorig/tuner/mpils-tests/instances/miplib/easy/supportcase33.mps with config: /scratch/yorig/mpils-results-grid-seconds-5-4may/easy/4proc/seed-2/10_supportcase33_seed-2_20260505_012158/expansion/config_param_CPXPARAM_MIP_Strategy_RINSHeur_60_iter_3.prm
[INFO]:[01:26:14] CPLEX results. Gap: 24.620000, upper bound: -325.000000, lower bound: -405.000000
[INFO]:[01:26:14] CPLEX solver finished. Gap: 24.620000
[INFO]:[01:26:14] Starting CPLEX solver on instance: /home/yorig/tuner/mpils-tests/instances/miplib/easy/supportcase33.mps with config: /scratch/yorig/mpils-results-grid-seconds-5-4may/easy/4proc/seed-2/10_supportcase33_seed-2_20260505_012158/expansion/config_param_CPXPARAM_MIP_Strategy_RINSHeur_1000_iter_3.prm
[INFO]:[01:26:19] CPLEX results. Gap: 24.620000, upper bound: -325.000000, lower bound: -405.000000
[INFO]:[01:26:19] CPLEX solver finished. Gap: 24.620000
[INFO]:[01:26:19] Starting CPLEX solver on instance: /home/yorig/tuner/mpils-tests/instances/miplib/easy/supportcase33.mps with config: /scratch/yorig/mpils-results-grid-seconds-5-4may/easy/4proc/seed-2/10_supportcase33_seed-2_20260505_012158/expansion/config_param_CPXPARAM_MIP_Strategy_BBInterval_4_iter_3.prm
[INFO]:[01:26:24] CPLEX results. Gap: 69.900000, upper bound: -245.000000, lower bound: -416.250000
[INFO]:[01:26:24] CPLEX solver finished. Gap: 69.900000
[INFO]:[01:26:24] Starting CPLEX solver on instance: /home/yorig/tuner/mpils-tests/instances/miplib/easy/supportcase33.mps with config: /scratch/yorig/mpils-results-grid-seconds-5-4may/easy/4proc/seed-2/10_supportcase33_seed-2_20260505_012158/expansion/config_param_CPXPARAM_MIP_Strategy_BBInterval_30_iter_3.prm
[INFO]:[01:26:29] CPLEX results. Gap: 69.900000, upper bound: -245.000000, lower bound: -416.250000
[INFO]:[01:26:29] CPLEX solver finished. Gap: 69.900000
[INFO]:[01:26:29] Starting CPLEX solver on instance: /home/yorig/tuner/mpils-tests/instances/miplib/easy/supportcase33.mps with config: /scratch/yorig/mpils-results-grid-seconds-5-4may/easy/4proc/seed-2/10_supportcase33_seed-2_20260505_012158/expansion/config_param_CPXPARAM_MIP_Limits_CutsFactor_2_iter_3.prm
[INFO]:[01:26:35] CPLEX results. Gap: 69.900000, upper bound: -245.000000, lower bound: -416.250000
[INFO]:[01:26:35] CPLEX solver finished. Gap: 69.900000
[INFO]:[01:26:35] Expansion Worker 3 stopping early after global MPI expansion stop was activated.
[INFO]:[01:26:35] Expansion Worker 3 completed expansion.
[INFO]:[01:26:35] Worker 3 completed expansion phase.
[INFO]:[01:26:35] Worker 3 received order for step 1.
[INFO]:[01:26:35] Worker 3 running exploration phase for iteration 4.
[INFO]:[01:26:35] Worker 3 at iteration 4 will not use a MIP start file. Current best MIP-start upper bound threshold is 1.79769e+308.
[INFO]:[01:26:35] Starting local search phase...
[INFO]:[01:26:35] Creating local search space from parameter space file: /scratch/yorig/mpils-results-grid-seconds-5-4may/easy/4proc/seed-2/10_supportcase33_seed-2_20260505_012158/iterated_local_search/search_space/search_space_file_4_worker_3.txt
[INFO]:[01:26:35] Local search space loaded from file: /scratch/yorig/mpils-results-grid-seconds-5-4may/easy/4proc/seed-2/10_supportcase33_seed-2_20260505_012158/iterated_local_search/search_space/search_space_file_4_worker_3.txt
[INFO]:[01:26:35] Number of parameters in local search space: 71
[INFO]:[01:26:35] Number of forbidden tuples in local search space: 52
[INFO]:[01:26:35] Number of conditionals in local search space: 6
[INFO]:[01:26:35] MIP start option not enabled. Local search will proceed without MIP start.
[INFO]:[01:26:35] Evaluating initial configuration for local search phase...
[INFO]:[01:26:35] Starting CPLEX solver on instance: /home/yorig/tuner/mpils-tests/instances/miplib/easy/supportcase33.mps with config: /scratch/yorig/mpils-results-grid-seconds-5-4may/easy/4proc/seed-2/10_supportcase33_seed-2_20260505_012158/iterated_local_search/run_4_worker_3/ils_config_8899680205217238686.prm
[INFO]:[01:26:35] Starting CPLEX solver on instance: /home/yorig/tuner/mpils-tests/instances/miplib/easy/supportcase33.mps with config: /scratch/yorig/mpils-results-grid-seconds-5-4may/easy/4proc/seed-2/10_supportcase33_seed-2_20260505_012158/iterated_local_search/run_4_worker_3/ils_config_8899680205217238686.prm
[INFO]:[01:26:40] CPLEX results. Gap: 56.660000, upper bound: -295.000000, lower bound: -462.142857
[INFO]:[01:26:40] CPLEX solver finished. Gap: 56.660000
[INFO]:[01:26:40] Initial configuration evaluated with objective value: 56.66
[INFO]:[01:26:40] Starting CPLEX solver on instance: /home/yorig/tuner/mpils-tests/instances/miplib/easy/supportcase33.mps with config: /scratch/yorig/mpils-results-grid-seconds-5-4may/easy/4proc/seed-2/10_supportcase33_seed-2_20260505_012158/iterated_local_search/run_4_worker_3/ils_config_6606684919554772508.prm
[INFO]:[01:26:40] Starting CPLEX solver on instance: /home/yorig/tuner/mpils-tests/instances/miplib/easy/supportcase33.mps with config: /scratch/yorig/mpils-results-grid-seconds-5-4may/easy/4proc/seed-2/10_supportcase33_seed-2_20260505_012158/iterated_local_search/run_4_worker_3/ils_config_6606684919554772508.prm
[INFO]:[01:26:45] CPLEX results. Gap: 77.880000, upper bound: -260.000000, lower bound: -462.500000
[INFO]:[01:26:45] CPLEX solver finished. Gap: 77.880000
[INFO]:[01:26:45] Starting CPLEX solver on instance: /home/yorig/tuner/mpils-tests/instances/miplib/easy/supportcase33.mps with config: /scratch/yorig/mpils-results-grid-seconds-5-4may/easy/4proc/seed-2/10_supportcase33_seed-2_20260505_012158/iterated_local_search/run_4_worker_3/ils_config_13407478442087518550.prm
[INFO]:[01:26:45] Starting CPLEX solver on instance: /home/yorig/tuner/mpils-tests/instances/miplib/easy/supportcase33.mps with config: /scratch/yorig/mpils-results-grid-seconds-5-4may/easy/4proc/seed-2/10_supportcase33_seed-2_20260505_012158/iterated_local_search/run_4_worker_3/ils_config_13407478442087518550.prm
[INFO]:[01:26:50] CPLEX results. Gap: 64.640000, upper bound: -280.000000, lower bound: -461.000000
[INFO]:[01:26:50] CPLEX solver finished. Gap: 64.640000
[INFO]:[01:26:50] Starting CPLEX solver on instance: /home/yorig/tuner/mpils-tests/instances/miplib/easy/supportcase33.mps with config: /scratch/yorig/mpils-results-grid-seconds-5-4may/easy/4proc/seed-2/10_supportcase33_seed-2_20260505_012158/iterated_local_search/run_4_worker_3/ils_config_14524106851053369251.prm
[INFO]:[01:26:50] Starting CPLEX solver on instance: /home/yorig/tuner/mpils-tests/instances/miplib/easy/supportcase33.mps with config: /scratch/yorig/mpils-results-grid-seconds-5-4may/easy/4proc/seed-2/10_supportcase33_seed-2_20260505_012158/iterated_local_search/run_4_worker_3/ils_config_14524106851053369251.prm
[INFO]:[01:26:55] CPLEX results. Gap: 57.210000, upper bound: -295.000000, lower bound: -463.770492
[INFO]:[01:26:55] CPLEX solver finished. Gap: 57.210000
[INFO]:[01:26:55] Starting CPLEX solver on instance: /home/yorig/tuner/mpils-tests/instances/miplib/easy/supportcase33.mps with config: /scratch/yorig/mpils-results-grid-seconds-5-4may/easy/4proc/seed-2/10_supportcase33_seed-2_20260505_012158/iterated_local_search/run_4_worker_3/ils_config_15980661290292801207.prm
[INFO]:[01:26:55] Starting CPLEX solver on instance: /home/yorig/tuner/mpils-tests/instances/miplib/easy/supportcase33.mps with config: /scratch/yorig/mpils-results-grid-seconds-5-4may/easy/4proc/seed-2/10_supportcase33_seed-2_20260505_012158/iterated_local_search/run_4_worker_3/ils_config_15980661290292801207.prm
[INFO]:[01:27:00] CPLEX results. Gap: 57.200000, upper bound: -295.000000, lower bound: -463.750000
[INFO]:[01:27:00] CPLEX solver finished. Gap: 57.200000
[INFO]:[01:27:00] Starting CPLEX solver on instance: /home/yorig/tuner/mpils-tests/instances/miplib/easy/supportcase33.mps with config: /scratch/yorig/mpils-results-grid-seconds-5-4may/easy/4proc/seed-2/10_supportcase33_seed-2_20260505_012158/iterated_local_search/run_4_worker_3/ils_config_4837300217619429672.prm
[INFO]:[01:27:00] Starting CPLEX solver on instance: /home/yorig/tuner/mpils-tests/instances/miplib/easy/supportcase33.mps with config: /scratch/yorig/mpils-results-grid-seconds-5-4may/easy/4proc/seed-2/10_supportcase33_seed-2_20260505_012158/iterated_local_search/run_4_worker_3/ils_config_4837300217619429672.prm
[INFO]:[01:27:05] CPLEX results. Gap: 50.000000, upper bound: -300.000000, lower bound: -450.000000
[INFO]:[01:27:05] CPLEX solver finished. Gap: 50.000000
[INFO]:[01:27:05] New incumbent found with objective value: 50
[INFO]:[01:27:05] Starting CPLEX solver on instance: /home/yorig/tuner/mpils-tests/instances/miplib/easy/supportcase33.mps with config: /scratch/yorig/mpils-results-grid-seconds-5-4may/easy/4proc/seed-2/10_supportcase33_seed-2_20260505_012158/iterated_local_search/run_4_worker_3/ils_config_14592432476522058316.prm
[INFO]:[01:27:05] Starting CPLEX solver on instance: /home/yorig/tuner/mpils-tests/instances/miplib/easy/supportcase33.mps with config: /scratch/yorig/mpils-results-grid-seconds-5-4may/easy/4proc/seed-2/10_supportcase33_seed-2_20260505_012158/iterated_local_search/run_4_worker_3/ils_config_14592432476522058316.prm
[INFO]:[01:27:10] CPLEX results. Gap: 50.000000, upper bound: -300.000000, lower bound: -450.000000
[INFO]:[01:27:10] CPLEX solver finished. Gap: 50.000000
[INFO]:[01:27:10] Starting CPLEX solver on instance: /home/yorig/tuner/mpils-tests/instances/miplib/easy/supportcase33.mps with config: /scratch/yorig/mpils-results-grid-seconds-5-4may/easy/4proc/seed-2/10_supportcase33_seed-2_20260505_012158/iterated_local_search/run_4_worker_3/ils_config_17637086999537951998.prm
[INFO]:[01:27:10] Starting CPLEX solver on instance: /home/yorig/tuner/mpils-tests/instances/miplib/easy/supportcase33.mps with config: /scratch/yorig/mpils-results-grid-seconds-5-4may/easy/4proc/seed-2/10_supportcase33_seed-2_20260505_012158/iterated_local_search/run_4_worker_3/ils_config_17637086999537951998.prm
[INFO]:[01:27:16] CPLEX results. Gap: 66.670000, upper bound: -270.000000, lower bound: -450.000000
[INFO]:[01:27:16] CPLEX solver finished. Gap: 66.670000
[INFO]:[01:27:16] Starting CPLEX solver on instance: /home/yorig/tuner/mpils-tests/instances/miplib/easy/supportcase33.mps with config: /scratch/yorig/mpils-results-grid-seconds-5-4may/easy/4proc/seed-2/10_supportcase33_seed-2_20260505_012158/iterated_local_search/run_4_worker_3/ils_config_4603619784830295772.prm
[INFO]:[01:27:16] Starting CPLEX solver on instance: /home/yorig/tuner/mpils-tests/instances/miplib/easy/supportcase33.mps with config: /scratch/yorig/mpils-results-grid-seconds-5-4may/easy/4proc/seed-2/10_supportcase33_seed-2_20260505_012158/iterated_local_search/run_4_worker_3/ils_config_4603619784830295772.prm
[INFO]:[01:27:21] CPLEX results. Gap: 50.000000, upper bound: -300.000000, lower bound: -450.000000
[INFO]:[01:27:21] CPLEX solver finished. Gap: 50.000000
[INFO]:[01:27:21] Starting CPLEX solver on instance: /home/yorig/tuner/mpils-tests/instances/miplib/easy/supportcase33.mps with config: /scratch/yorig/mpils-results-grid-seconds-5-4may/easy/4proc/seed-2/10_supportcase33_seed-2_20260505_012158/iterated_local_search/run_4_worker_3/ils_config_18387154296750703264.prm
[INFO]:[01:27:21] Starting CPLEX solver on instance: /home/yorig/tuner/mpils-tests/instances/miplib/easy/supportcase33.mps with config: /scratch/yorig/mpils-results-grid-seconds-5-4may/easy/4proc/seed-2/10_supportcase33_seed-2_20260505_012158/iterated_local_search/run_4_worker_3/ils_config_18387154296750703264.prm
[INFO]:[01:27:26] CPLEX results. Gap: 45.160000, upper bound: -310.000000, lower bound: -450.000000
[INFO]:[01:27:26] CPLEX solver finished. Gap: 45.160000
[INFO]:[01:27:26] New incumbent found with objective value: 45.16
[INFO]:[01:27:26] Starting CPLEX solver on instance: /home/yorig/tuner/mpils-tests/instances/miplib/easy/supportcase33.mps with config: /scratch/yorig/mpils-results-grid-seconds-5-4may/easy/4proc/seed-2/10_supportcase33_seed-2_20260505_012158/iterated_local_search/run_4_worker_3/ils_config_5932146930917918745.prm
[INFO]:[01:27:26] Starting CPLEX solver on instance: /home/yorig/tuner/mpils-tests/instances/miplib/easy/supportcase33.mps with config: /scratch/yorig/mpils-results-grid-seconds-5-4may/easy/4proc/seed-2/10_supportcase33_seed-2_20260505_012158/iterated_local_search/run_4_worker_3/ils_config_5932146930917918745.prm
[INFO]:[01:27:31] CPLEX results. Gap: 45.160000, upper bound: -310.000000, lower bound: -450.000000
[INFO]:[01:27:31] CPLEX solver finished. Gap: 45.160000
[INFO]:[01:27:31] Starting CPLEX solver on instance: /home/yorig/tuner/mpils-tests/instances/miplib/easy/supportcase33.mps with config: /scratch/yorig/mpils-results-grid-seconds-5-4may/easy/4proc/seed-2/10_supportcase33_seed-2_20260505_012158/iterated_local_search/run_4_worker_3/ils_config_12679673570603193633.prm
[INFO]:[01:27:31] Starting CPLEX solver on instance: /home/yorig/tuner/mpils-tests/instances/miplib/easy/supportcase33.mps with config: /scratch/yorig/mpils-results-grid-seconds-5-4may/easy/4proc/seed-2/10_supportcase33_seed-2_20260505_012158/iterated_local_search/run_4_worker_3/ils_config_12679673570603193633.prm
[INFO]:[01:27:36] CPLEX results. Gap: 49.150000, upper bound: -295.000000, lower bound: -440.000000
[INFO]:[01:27:36] CPLEX solver finished. Gap: 49.150000
[INFO]:[01:27:36] Starting CPLEX solver on instance: /home/yorig/tuner/mpils-tests/instances/miplib/easy/supportcase33.mps with config: /scratch/yorig/mpils-results-grid-seconds-5-4may/easy/4proc/seed-2/10_supportcase33_seed-2_20260505_012158/iterated_local_search/run_4_worker_3/ils_config_9929947382987886928.prm
[INFO]:[01:27:36] Starting CPLEX solver on instance: /home/yorig/tuner/mpils-tests/instances/miplib/easy/supportcase33.mps with config: /scratch/yorig/mpils-results-grid-seconds-5-4may/easy/4proc/seed-2/10_supportcase33_seed-2_20260505_012158/iterated_local_search/run_4_worker_3/ils_config_9929947382987886928.prm
[INFO]:[01:27:41] CPLEX results. Gap: 45.160000, upper bound: -310.000000, lower bound: -450.000000
[INFO]:[01:27:41] CPLEX solver finished. Gap: 45.160000
[INFO]:[01:27:41] Starting CPLEX solver on instance: /home/yorig/tuner/mpils-tests/instances/miplib/easy/supportcase33.mps with config: /scratch/yorig/mpils-results-grid-seconds-5-4may/easy/4proc/seed-2/10_supportcase33_seed-2_20260505_012158/iterated_local_search/run_4_worker_3/ils_config_9697025267725177783.prm
[INFO]:[01:27:41] Starting CPLEX solver on instance: /home/yorig/tuner/mpils-tests/instances/miplib/easy/supportcase33.mps with config: /scratch/yorig/mpils-results-grid-seconds-5-4may/easy/4proc/seed-2/10_supportcase33_seed-2_20260505_012158/iterated_local_search/run_4_worker_3/ils_config_9697025267725177783.prm
[INFO]:[01:27:46] CPLEX results. Gap: 45.160000, upper bound: -310.000000, lower bound: -450.000000
[INFO]:[01:27:46] CPLEX solver finished. Gap: 45.160000
[INFO]:[01:27:46] Starting CPLEX solver on instance: /home/yorig/tuner/mpils-tests/instances/miplib/easy/supportcase33.mps with config: /scratch/yorig/mpils-results-grid-seconds-5-4may/easy/4proc/seed-2/10_supportcase33_seed-2_20260505_012158/iterated_local_search/run_4_worker_3/ils_config_14530115980554034303.prm
[INFO]:[01:27:46] Starting CPLEX solver on instance: /home/yorig/tuner/mpils-tests/instances/miplib/easy/supportcase33.mps with config: /scratch/yorig/mpils-results-grid-seconds-5-4may/easy/4proc/seed-2/10_supportcase33_seed-2_20260505_012158/iterated_local_search/run_4_worker_3/ils_config_14530115980554034303.prm
[INFO]:[01:27:51] CPLEX results. Gap: 45.160000, upper bound: -310.000000, lower bound: -450.000000
[INFO]:[01:27:51] CPLEX solver finished. Gap: 45.160000
[INFO]:[01:27:51] Starting CPLEX solver on instance: /home/yorig/tuner/mpils-tests/instances/miplib/easy/supportcase33.mps with config: /scratch/yorig/mpils-results-grid-seconds-5-4may/easy/4proc/seed-2/10_supportcase33_seed-2_20260505_012158/iterated_local_search/run_4_worker_3/ils_config_6713405863505957737.prm
[INFO]:[01:27:51] Starting CPLEX solver on instance: /home/yorig/tuner/mpils-tests/instances/miplib/easy/supportcase33.mps with config: /scratch/yorig/mpils-results-grid-seconds-5-4may/easy/4proc/seed-2/10_supportcase33_seed-2_20260505_012158/iterated_local_search/run_4_worker_3/ils_config_6713405863505957737.prm
[INFO]:[01:27:56] CPLEX results. Gap: 81.630000, upper bound: -245.000000, lower bound: -445.000000
[INFO]:[01:27:56] CPLEX solver finished. Gap: 81.630000
[INFO]:[01:27:56] Starting CPLEX solver on instance: /home/yorig/tuner/mpils-tests/instances/miplib/easy/supportcase33.mps with config: /scratch/yorig/mpils-results-grid-seconds-5-4may/easy/4proc/seed-2/10_supportcase33_seed-2_20260505_012158/iterated_local_search/run_4_worker_3/ils_config_15858564385863106851.prm
[INFO]:[01:27:56] Starting CPLEX solver on instance: /home/yorig/tuner/mpils-tests/instances/miplib/easy/supportcase33.mps with config: /scratch/yorig/mpils-results-grid-seconds-5-4may/easy/4proc/seed-2/10_supportcase33_seed-2_20260505_012158/iterated_local_search/run_4_worker_3/ils_config_15858564385863106851.prm
[INFO]:[01:28:01] CPLEX results. Gap: 45.160000, upper bound: -310.000000, lower bound: -450.000000
[INFO]:[01:28:02] CPLEX solver finished. Gap: 45.160000
[INFO]:[01:28:02] Starting CPLEX solver on instance: /home/yorig/tuner/mpils-tests/instances/miplib/easy/supportcase33.mps with config: /scratch/yorig/mpils-results-grid-seconds-5-4may/easy/4proc/seed-2/10_supportcase33_seed-2_20260505_012158/iterated_local_search/run_4_worker_3/ils_config_9286191398548690580.prm
[INFO]:[01:28:02] Starting CPLEX solver on instance: /home/yorig/tuner/mpils-tests/instances/miplib/easy/supportcase33.mps with config: /scratch/yorig/mpils-results-grid-seconds-5-4may/easy/4proc/seed-2/10_supportcase33_seed-2_20260505_012158/iterated_local_search/run_4_worker_3/ils_config_9286191398548690580.prm
[INFO]:[01:28:07] CPLEX results. Gap: 50.000000, upper bound: -300.000000, lower bound: -450.000000
[INFO]:[01:28:07] CPLEX solver finished. Gap: 50.000000
[INFO]:[01:28:07] Starting CPLEX solver on instance: /home/yorig/tuner/mpils-tests/instances/miplib/easy/supportcase33.mps with config: /scratch/yorig/mpils-results-grid-seconds-5-4may/easy/4proc/seed-2/10_supportcase33_seed-2_20260505_012158/iterated_local_search/run_4_worker_3/ils_config_17781547771794489986.prm
[INFO]:[01:28:07] Starting CPLEX solver on instance: /home/yorig/tuner/mpils-tests/instances/miplib/easy/supportcase33.mps with config: /scratch/yorig/mpils-results-grid-seconds-5-4may/easy/4proc/seed-2/10_supportcase33_seed-2_20260505_012158/iterated_local_search/run_4_worker_3/ils_config_17781547771794489986.prm
[INFO]:[01:28:12] CPLEX results. Gap: 45.160000, upper bound: -310.000000, lower bound: -450.000000
[INFO]:[01:28:12] CPLEX solver finished. Gap: 45.160000
[INFO]:[01:28:12] Starting CPLEX solver on instance: /home/yorig/tuner/mpils-tests/instances/miplib/easy/supportcase33.mps with config: /scratch/yorig/mpils-results-grid-seconds-5-4may/easy/4proc/seed-2/10_supportcase33_seed-2_20260505_012158/iterated_local_search/run_4_worker_3/ils_config_3656050793089064497.prm
[INFO]:[01:28:12] Starting CPLEX solver on instance: /home/yorig/tuner/mpils-tests/instances/miplib/easy/supportcase33.mps with config: /scratch/yorig/mpils-results-grid-seconds-5-4may/easy/4proc/seed-2/10_supportcase33_seed-2_20260505_012158/iterated_local_search/run_4_worker_3/ils_config_3656050793089064497.prm
[INFO]:[01:28:17] CPLEX results. Gap: 45.160000, upper bound: -310.000000, lower bound: -450.000000
[INFO]:[01:28:17] CPLEX solver finished. Gap: 45.160000
[INFO]:[01:28:17] Starting CPLEX solver on instance: /home/yorig/tuner/mpils-tests/instances/miplib/easy/supportcase33.mps with config: /scratch/yorig/mpils-results-grid-seconds-5-4may/easy/4proc/seed-2/10_supportcase33_seed-2_20260505_012158/iterated_local_search/run_4_worker_3/ils_config_7566923952991755548.prm
[INFO]:[01:28:17] Starting CPLEX solver on instance: /home/yorig/tuner/mpils-tests/instances/miplib/easy/supportcase33.mps with config: /scratch/yorig/mpils-results-grid-seconds-5-4may/easy/4proc/seed-2/10_supportcase33_seed-2_20260505_012158/iterated_local_search/run_4_worker_3/ils_config_7566923952991755548.prm
[INFO]:[01:28:22] CPLEX results. Gap: 61.820000, upper bound: -275.000000, lower bound: -445.000000
[INFO]:[01:28:22] CPLEX solver finished. Gap: 61.820000
[INFO]:[01:28:22] Local search phase completed.
[INFO]:[01:28:22] Total number of new local-search evaluations: 21
[INFO]:[01:28:22] Final incumbent objective value: 45.16
[INFO]:[01:28:22] Worker 3 completed exploration phase.
[INFO]:[01:28:22] Worker 3 received order for step 2.
[INFO]:[01:28:22] Worker 3 running expansion phase for iteration 4.
[INFO]:[01:28:22] Worker 3 will use solver log file: /scratch/yorig/mpils-results-grid-seconds-5-4may/easy/4proc/seed-2/10_supportcase33_seed-2_20260505_012158/solver/cplex.log_iteration_expansion_4_worker_3
[INFO]:[01:28:22] Expansion Worker 3 starting expansion for iteration 4.
[INFO]:[01:28:22] Starting CPLEX solver on instance: /home/yorig/tuner/mpils-tests/instances/miplib/easy/supportcase33.mps with config: /scratch/yorig/mpils-results-grid-seconds-5-4may/easy/4proc/seed-2/10_supportcase33_seed-2_20260505_012158/expansion/config_param_CPXPARAM_MIP_Limits_CutsFactor_8_iter_4.prm
[INFO]:[01:28:27] CPLEX results. Gap: 65.310000, upper bound: -245.000000, lower bound: -405.000000
[INFO]:[01:28:27] CPLEX solver finished. Gap: 65.310000
[INFO]:[01:28:27] Expansion Worker 3 stopping early after global MPI expansion stop was activated.
[INFO]:[01:28:27] Expansion Worker 3 completed expansion.
[INFO]:[01:28:27] Worker 3 completed expansion phase.
[INFO]:[01:28:27] Worker 3 received order for step 1.
[INFO]:[01:28:27] Worker 3 running exploration phase for iteration 5.
[INFO]:[01:28:27] Worker 3 at iteration 5 will not use a MIP start file. Current best MIP-start upper bound threshold is 1.79769e+308.
[INFO]:[01:28:27] Starting local search phase...
[INFO]:[01:28:27] Creating local search space from parameter space file: /scratch/yorig/mpils-results-grid-seconds-5-4may/easy/4proc/seed-2/10_supportcase33_seed-2_20260505_012158/iterated_local_search/search_space/search_space_file_5_worker_3.txt
[INFO]:[01:28:27] Local search space loaded from file: /scratch/yorig/mpils-results-grid-seconds-5-4may/easy/4proc/seed-2/10_supportcase33_seed-2_20260505_012158/iterated_local_search/search_space/search_space_file_5_worker_3.txt
[INFO]:[01:28:27] Number of parameters in local search space: 71
[INFO]:[01:28:27] Number of forbidden tuples in local search space: 72
[INFO]:[01:28:27] Number of conditionals in local search space: 6
[INFO]:[01:28:27] MIP start option not enabled. Local search will proceed without MIP start.
[INFO]:[01:28:27] Evaluating initial configuration for local search phase...
[INFO]:[01:28:27] Starting CPLEX solver on instance: /home/yorig/tuner/mpils-tests/instances/miplib/easy/supportcase33.mps with config: /scratch/yorig/mpils-results-grid-seconds-5-4may/easy/4proc/seed-2/10_supportcase33_seed-2_20260505_012158/iterated_local_search/run_5_worker_3/ils_config_1266335488228460563.prm
[INFO]:[01:28:27] Starting CPLEX solver on instance: /home/yorig/tuner/mpils-tests/instances/miplib/easy/supportcase33.mps with config: /scratch/yorig/mpils-results-grid-seconds-5-4may/easy/4proc/seed-2/10_supportcase33_seed-2_20260505_012158/iterated_local_search/run_5_worker_3/ils_config_1266335488228460563.prm
[INFO]:[01:28:32] CPLEX results. Gap: 40.270000, upper bound: -310.000000, lower bound: -434.830202
[INFO]:[01:28:32] CPLEX solver finished. Gap: 40.270000
[INFO]:[01:28:32] Initial configuration evaluated with objective value: 40.27
[INFO]:[01:28:32] Starting CPLEX solver on instance: /home/yorig/tuner/mpils-tests/instances/miplib/easy/supportcase33.mps with config: /scratch/yorig/mpils-results-grid-seconds-5-4may/easy/4proc/seed-2/10_supportcase33_seed-2_20260505_012158/iterated_local_search/run_5_worker_3/ils_config_3623694344484619083.prm
[INFO]:[01:28:32] Starting CPLEX solver on instance: /home/yorig/tuner/mpils-tests/instances/miplib/easy/supportcase33.mps with config: /scratch/yorig/mpils-results-grid-seconds-5-4may/easy/4proc/seed-2/10_supportcase33_seed-2_20260505_012158/iterated_local_search/run_5_worker_3/ils_config_3623694344484619083.prm
[INFO]:[01:28:37] CPLEX results. Gap: 32.800000, upper bound: -330.000000, lower bound: -438.238994
[INFO]:[01:28:37] CPLEX solver finished. Gap: 32.800000
[INFO]:[01:28:37] New incumbent found with objective value: 32.8
[INFO]:[01:28:37] Starting CPLEX solver on instance: /home/yorig/tuner/mpils-tests/instances/miplib/easy/supportcase33.mps with config: /scratch/yorig/mpils-results-grid-seconds-5-4may/easy/4proc/seed-2/10_supportcase33_seed-2_20260505_012158/iterated_local_search/run_5_worker_3/ils_config_14832669083722780221.prm
[INFO]:[01:28:37] Starting CPLEX solver on instance: /home/yorig/tuner/mpils-tests/instances/miplib/easy/supportcase33.mps with config: /scratch/yorig/mpils-results-grid-seconds-5-4may/easy/4proc/seed-2/10_supportcase33_seed-2_20260505_012158/iterated_local_search/run_5_worker_3/ils_config_14832669083722780221.prm
[INFO]:[01:28:43] CPLEX results. Gap: 39.120000, upper bound: -315.000000, lower bound: -438.238994
[INFO]:[01:28:43] CPLEX solver finished. Gap: 39.120000
[INFO]:[01:28:43] Starting CPLEX solver on instance: /home/yorig/tuner/mpils-tests/instances/miplib/easy/supportcase33.mps with config: /scratch/yorig/mpils-results-grid-seconds-5-4may/easy/4proc/seed-2/10_supportcase33_seed-2_20260505_012158/iterated_local_search/run_5_worker_3/ils_config_10836268223058243157.prm
[INFO]:[01:28:43] Starting CPLEX solver on instance: /home/yorig/tuner/mpils-tests/instances/miplib/easy/supportcase33.mps with config: /scratch/yorig/mpils-results-grid-seconds-5-4may/easy/4proc/seed-2/10_supportcase33_seed-2_20260505_012158/iterated_local_search/run_5_worker_3/ils_config_10836268223058243157.prm
[INFO]:[01:28:48] CPLEX results. Gap: 48.250000, upper bound: -285.000000, lower bound: -422.500000
[INFO]:[01:28:48] CPLEX solver finished. Gap: 48.250000
[INFO]:[01:28:48] Starting CPLEX solver on instance: /home/yorig/tuner/mpils-tests/instances/miplib/easy/supportcase33.mps with config: /scratch/yorig/mpils-results-grid-seconds-5-4may/easy/4proc/seed-2/10_supportcase33_seed-2_20260505_012158/iterated_local_search/run_5_worker_3/ils_config_7440618808301710870.prm
[INFO]:[01:28:48] Starting CPLEX solver on instance: /home/yorig/tuner/mpils-tests/instances/miplib/easy/supportcase33.mps with config: /scratch/yorig/mpils-results-grid-seconds-5-4may/easy/4proc/seed-2/10_supportcase33_seed-2_20260505_012158/iterated_local_search/run_5_worker_3/ils_config_7440618808301710870.prm
[INFO]:[01:28:53] CPLEX results. Gap: 32.800000, upper bound: -330.000000, lower bound: -438.238994
[INFO]:[01:28:53] CPLEX solver finished. Gap: 32.800000
[INFO]:[01:28:53] Starting CPLEX solver on instance: /home/yorig/tuner/mpils-tests/instances/miplib/easy/supportcase33.mps with config: /scratch/yorig/mpils-results-grid-seconds-5-4may/easy/4proc/seed-2/10_supportcase33_seed-2_20260505_012158/iterated_local_search/run_5_worker_3/ils_config_3659348446040145001.prm
[INFO]:[01:28:53] Starting CPLEX solver on instance: /home/yorig/tuner/mpils-tests/instances/miplib/easy/supportcase33.mps with config: /scratch/yorig/mpils-results-grid-seconds-5-4may/easy/4proc/seed-2/10_supportcase33_seed-2_20260505_012158/iterated_local_search/run_5_worker_3/ils_config_3659348446040145001.prm
[INFO]:[01:28:58] CPLEX results. Gap: 32.800000, upper bound: -330.000000, lower bound: -438.238994
[INFO]:[01:28:58] CPLEX solver finished. Gap: 32.800000
[INFO]:[01:28:58] Starting CPLEX solver on instance: /home/yorig/tuner/mpils-tests/instances/miplib/easy/supportcase33.mps with config: /scratch/yorig/mpils-results-grid-seconds-5-4may/easy/4proc/seed-2/10_supportcase33_seed-2_20260505_012158/iterated_local_search/run_5_worker_3/ils_config_3426219904118713689.prm
[INFO]:[01:28:58] Starting CPLEX solver on instance: /home/yorig/tuner/mpils-tests/instances/miplib/easy/supportcase33.mps with config: /scratch/yorig/mpils-results-grid-seconds-5-4may/easy/4proc/seed-2/10_supportcase33_seed-2_20260505_012158/iterated_local_search/run_5_worker_3/ils_config_3426219904118713689.prm
[INFO]:[01:29:03] CPLEX results. Gap: 50.870000, upper bound: -290.000000, lower bound: -437.511936
[INFO]:[01:29:03] CPLEX solver finished. Gap: 50.870000
[INFO]:[01:29:03] Starting CPLEX solver on instance: /home/yorig/tuner/mpils-tests/instances/miplib/easy/supportcase33.mps with config: /scratch/yorig/mpils-results-grid-seconds-5-4may/easy/4proc/seed-2/10_supportcase33_seed-2_20260505_012158/iterated_local_search/run_5_worker_3/ils_config_9911929394036083685.prm
[INFO]:[01:29:03] Starting CPLEX solver on instance: /home/yorig/tuner/mpils-tests/instances/miplib/easy/supportcase33.mps with config: /scratch/yorig/mpils-results-grid-seconds-5-4may/easy/4proc/seed-2/10_supportcase33_seed-2_20260505_012158/iterated_local_search/run_5_worker_3/ils_config_9911929394036083685.prm
[INFO]:[01:29:08] CPLEX results. Gap: 60.000000, upper bound: -275.000000, lower bound: -440.000000
[INFO]:[01:29:08] CPLEX solver finished. Gap: 60.000000
[INFO]:[01:29:08] Starting CPLEX solver on instance: /home/yorig/tuner/mpils-tests/instances/miplib/easy/supportcase33.mps with config: /scratch/yorig/mpils-results-grid-seconds-5-4may/easy/4proc/seed-2/10_supportcase33_seed-2_20260505_012158/iterated_local_search/run_5_worker_3/ils_config_719317029926883756.prm
[INFO]:[01:29:08] Starting CPLEX solver on instance: /home/yorig/tuner/mpils-tests/instances/miplib/easy/supportcase33.mps with config: /scratch/yorig/mpils-results-grid-seconds-5-4may/easy/4proc/seed-2/10_supportcase33_seed-2_20260505_012158/iterated_local_search/run_5_worker_3/ils_config_719317029926883756.prm
[INFO]:[01:29:13] CPLEX results. Gap: 49.410000, upper bound: -290.000000, lower bound: -433.290598
[INFO]:[01:29:13] CPLEX solver finished. Gap: 49.410000
[INFO]:[01:29:13] Local search phase completed.
[INFO]:[01:29:13] Total number of new local-search evaluations: 9
[INFO]:[01:29:13] Final incumbent objective value: 32.8
[INFO]:[01:29:13] Worker 3 completed exploration phase.
[INFO]:[01:29:13] Worker 3 received order for step 2.
[INFO]:[01:29:13] Worker 3 running expansion phase for iteration 5.
[INFO]:[01:29:13] Worker 3 will use solver log file: /scratch/yorig/mpils-results-grid-seconds-5-4may/easy/4proc/seed-2/10_supportcase33_seed-2_20260505_012158/solver/cplex.log_iteration_expansion_5_worker_3
[INFO]:[01:29:13] Expansion Worker 3 starting expansion for iteration 5.
[INFO]:[01:29:13] Starting CPLEX solver on instance: /home/yorig/tuner/mpils-tests/instances/miplib/easy/supportcase33.mps with config: /scratch/yorig/mpils-results-grid-seconds-5-4may/easy/4proc/seed-2/10_supportcase33_seed-2_20260505_012158/expansion/config_param_CPXPARAM_MIP_Strategy_PresolveNode_3_iter_5.prm
[INFO]:[01:29:18] CPLEX results. Gap: 72.750000, upper bound: -245.000000, lower bound: -423.225771
[INFO]:[01:29:18] CPLEX solver finished. Gap: 72.750000
[INFO]:[01:29:18] Expansion Worker 3 stopping early after global MPI expansion stop was activated.
[INFO]:[01:29:18] Expansion Worker 3 completed expansion.
[INFO]:[01:29:18] Worker 3 completed expansion phase.
[INFO]:[01:29:19] Worker 3 received order for step 1.
[INFO]:[01:29:19] Worker 3 running exploration phase for iteration 6.
[INFO]:[01:29:19] Worker 3 at iteration 6 will not use a MIP start file. Current best MIP-start upper bound threshold is 1.79769e+308.
[INFO]:[01:29:19] Starting local search phase...
[INFO]:[01:29:19] Creating local search space from parameter space file: /scratch/yorig/mpils-results-grid-seconds-5-4may/easy/4proc/seed-2/10_supportcase33_seed-2_20260505_012158/iterated_local_search/search_space/search_space_file_6_worker_3.txt
[INFO]:[01:29:19] Local search space loaded from file: /scratch/yorig/mpils-results-grid-seconds-5-4may/easy/4proc/seed-2/10_supportcase33_seed-2_20260505_012158/iterated_local_search/search_space/search_space_file_6_worker_3.txt
[INFO]:[01:29:19] Number of parameters in local search space: 71
[INFO]:[01:29:19] Number of forbidden tuples in local search space: 78
[INFO]:[01:29:19] Number of conditionals in local search space: 6
[INFO]:[01:29:19] MIP start option not enabled. Local search will proceed without MIP start.
[INFO]:[01:29:19] Evaluating initial configuration for local search phase...
[INFO]:[01:29:19] Starting CPLEX solver on instance: /home/yorig/tuner/mpils-tests/instances/miplib/easy/supportcase33.mps with config: /scratch/yorig/mpils-results-grid-seconds-5-4may/easy/4proc/seed-2/10_supportcase33_seed-2_20260505_012158/iterated_local_search/run_6_worker_3/ils_config_18122987050805074168.prm
[INFO]:[01:29:19] Starting CPLEX solver on instance: /home/yorig/tuner/mpils-tests/instances/miplib/easy/supportcase33.mps with config: /scratch/yorig/mpils-results-grid-seconds-5-4may/easy/4proc/seed-2/10_supportcase33_seed-2_20260505_012158/iterated_local_search/run_6_worker_3/ils_config_18122987050805074168.prm
[INFO]:[01:29:24] CPLEX results. Gap: 1075000000000000.000000, upper bound: 0.000000, lower bound: -1075.000000
[INFO]:[01:29:24] CPLEX solver finished. Gap: 1075000000000000.000000
[INFO]:[01:29:24] Initial configuration evaluated with objective value: 1.075e+15
[INFO]:[01:29:24] Starting CPLEX solver on instance: /home/yorig/tuner/mpils-tests/instances/miplib/easy/supportcase33.mps with config: /scratch/yorig/mpils-results-grid-seconds-5-4may/easy/4proc/seed-2/10_supportcase33_seed-2_20260505_012158/iterated_local_search/run_6_worker_3/ils_config_9196792268078658461.prm
[INFO]:[01:29:24] Starting CPLEX solver on instance: /home/yorig/tuner/mpils-tests/instances/miplib/easy/supportcase33.mps with config: /scratch/yorig/mpils-results-grid-seconds-5-4may/easy/4proc/seed-2/10_supportcase33_seed-2_20260505_012158/iterated_local_search/run_6_worker_3/ils_config_9196792268078658461.prm
[INFO]:[01:29:29] CPLEX results. Gap: 1075000000000000.000000, upper bound: 0.000000, lower bound: -1075.000000
[INFO]:[01:29:29] CPLEX solver finished. Gap: 1075000000000000.000000
[INFO]:[01:29:29] Starting CPLEX solver on instance: /home/yorig/tuner/mpils-tests/instances/miplib/easy/supportcase33.mps with config: /scratch/yorig/mpils-results-grid-seconds-5-4may/easy/4proc/seed-2/10_supportcase33_seed-2_20260505_012158/iterated_local_search/run_6_worker_3/ils_config_6464951293382628915.prm
[INFO]:[01:29:29] Starting CPLEX solver on instance: /home/yorig/tuner/mpils-tests/instances/miplib/easy/supportcase33.mps with config: /scratch/yorig/mpils-results-grid-seconds-5-4may/easy/4proc/seed-2/10_supportcase33_seed-2_20260505_012158/iterated_local_search/run_6_worker_3/ils_config_6464951293382628915.prm
[INFO]:[01:29:34] CPLEX results. Gap: 1075000000000000.000000, upper bound: 0.000000, lower bound: -1075.000000
[INFO]:[01:29:34] CPLEX solver finished. Gap: 1075000000000000.000000
[INFO]:[01:29:34] Starting CPLEX solver on instance: /home/yorig/tuner/mpils-tests/instances/miplib/easy/supportcase33.mps with config: /scratch/yorig/mpils-results-grid-seconds-5-4may/easy/4proc/seed-2/10_supportcase33_seed-2_20260505_012158/iterated_local_search/run_6_worker_3/ils_config_14139144664713150328.prm
[INFO]:[01:29:34] Starting CPLEX solver on instance: /home/yorig/tuner/mpils-tests/instances/miplib/easy/supportcase33.mps with config: /scratch/yorig/mpils-results-grid-seconds-5-4may/easy/4proc/seed-2/10_supportcase33_seed-2_20260505_012158/iterated_local_search/run_6_worker_3/ils_config_14139144664713150328.prm
[INFO]:[01:29:39] CPLEX results. Gap: 1075000000000000.000000, upper bound: 0.000000, lower bound: -1075.000000
[INFO]:[01:29:39] CPLEX solver finished. Gap: 1075000000000000.000000
[INFO]:[01:29:39] Starting CPLEX solver on instance: /home/yorig/tuner/mpils-tests/instances/miplib/easy/supportcase33.mps with config: /scratch/yorig/mpils-results-grid-seconds-5-4may/easy/4proc/seed-2/10_supportcase33_seed-2_20260505_012158/iterated_local_search/run_6_worker_3/ils_config_4854559260785513086.prm
[INFO]:[01:29:39] Starting CPLEX solver on instance: /home/yorig/tuner/mpils-tests/instances/miplib/easy/supportcase33.mps with config: /scratch/yorig/mpils-results-grid-seconds-5-4may/easy/4proc/seed-2/10_supportcase33_seed-2_20260505_012158/iterated_local_search/run_6_worker_3/ils_config_4854559260785513086.prm
[INFO]:[01:29:44] CPLEX results. Gap: 57.140000, upper bound: -280.000000, lower bound: -440.000000
[INFO]:[01:29:44] CPLEX solver finished. Gap: 57.140000
[INFO]:[01:29:44] New incumbent found with objective value: 57.14
[INFO]:[01:29:44] Starting CPLEX solver on instance: /home/yorig/tuner/mpils-tests/instances/miplib/easy/supportcase33.mps with config: /scratch/yorig/mpils-results-grid-seconds-5-4may/easy/4proc/seed-2/10_supportcase33_seed-2_20260505_012158/iterated_local_search/run_6_worker_3/ils_config_9652506587124513042.prm
[INFO]:[01:29:44] Starting CPLEX solver on instance: /home/yorig/tuner/mpils-tests/instances/miplib/easy/supportcase33.mps with config: /scratch/yorig/mpils-results-grid-seconds-5-4may/easy/4proc/seed-2/10_supportcase33_seed-2_20260505_012158/iterated_local_search/run_6_worker_3/ils_config_9652506587124513042.prm
[INFO]:[01:29:49] CPLEX results. Gap: 72.600000, upper bound: -255.000000, lower bound: -440.131579
[INFO]:[01:29:49] CPLEX solver finished. Gap: 72.600000
[INFO]:[01:29:49] Starting CPLEX solver on instance: /home/yorig/tuner/mpils-tests/instances/miplib/easy/supportcase33.mps with config: /scratch/yorig/mpils-results-grid-seconds-5-4may/easy/4proc/seed-2/10_supportcase33_seed-2_20260505_012158/iterated_local_search/run_6_worker_3/ils_config_12471377471945052054.prm
[INFO]:[01:29:49] Starting CPLEX solver on instance: /home/yorig/tuner/mpils-tests/instances/miplib/easy/supportcase33.mps with config: /scratch/yorig/mpils-results-grid-seconds-5-4may/easy/4proc/seed-2/10_supportcase33_seed-2_20260505_012158/iterated_local_search/run_6_worker_3/ils_config_12471377471945052054.prm
[INFO]:[01:29:54] CPLEX results. Gap: 51.720000, upper bound: -290.000000, lower bound: -440.000000
[INFO]:[01:29:54] CPLEX solver finished. Gap: 51.720000
[INFO]:[01:29:54] New incumbent found with objective value: 51.72
[INFO]:[01:29:54] Starting CPLEX solver on instance: /home/yorig/tuner/mpils-tests/instances/miplib/easy/supportcase33.mps with config: /scratch/yorig/mpils-results-grid-seconds-5-4may/easy/4proc/seed-2/10_supportcase33_seed-2_20260505_012158/iterated_local_search/run_6_worker_3/ils_config_3537801177188598682.prm
[INFO]:[01:29:54] Starting CPLEX solver on instance: /home/yorig/tuner/mpils-tests/instances/miplib/easy/supportcase33.mps with config: /scratch/yorig/mpils-results-grid-seconds-5-4may/easy/4proc/seed-2/10_supportcase33_seed-2_20260505_012158/iterated_local_search/run_6_worker_3/ils_config_3537801177188598682.prm
[INFO]:[01:29:59] CPLEX results. Gap: 49.150000, upper bound: -295.000000, lower bound: -440.000000
[INFO]:[01:29:59] CPLEX solver finished. Gap: 49.150000
[INFO]:[01:29:59] New incumbent found with objective value: 49.15
[INFO]:[01:30:00] Starting CPLEX solver on instance: /home/yorig/tuner/mpils-tests/instances/miplib/easy/supportcase33.mps with config: /scratch/yorig/mpils-results-grid-seconds-5-4may/easy/4proc/seed-2/10_supportcase33_seed-2_20260505_012158/iterated_local_search/run_6_worker_3/ils_config_4860864430005989622.prm
[INFO]:[01:30:00] Starting CPLEX solver on instance: /home/yorig/tuner/mpils-tests/instances/miplib/easy/supportcase33.mps with config: /scratch/yorig/mpils-results-grid-seconds-5-4may/easy/4proc/seed-2/10_supportcase33_seed-2_20260505_012158/iterated_local_search/run_6_worker_3/ils_config_4860864430005989622.prm
[INFO]:[01:30:05] CPLEX results. Gap: 49.150000, upper bound: -295.000000, lower bound: -440.000000
[INFO]:[01:30:05] CPLEX solver finished. Gap: 49.150000
[INFO]:[01:30:05] Local search phase completed.
[INFO]:[01:30:05] Total number of new local-search evaluations: 9
[INFO]:[01:30:05] Final incumbent objective value: 49.15
[INFO]:[01:30:05] Worker 3 completed exploration phase.
[INFO]:[01:30:05] Worker 3 received order for step 2.
[INFO]:[01:30:05] Worker 3 running expansion phase for iteration 6.
[INFO]:[01:30:05] Worker 3 will use solver log file: /scratch/yorig/mpils-results-grid-seconds-5-4may/easy/4proc/seed-2/10_supportcase33_seed-2_20260505_012158/solver/cplex.log_iteration_expansion_6_worker_3
[INFO]:[01:30:05] Expansion Worker 3 starting expansion for iteration 6.
[INFO]:[01:30:05] Starting CPLEX solver on instance: /home/yorig/tuner/mpils-tests/instances/miplib/easy/supportcase33.mps with config: /scratch/yorig/mpils-results-grid-seconds-5-4may/easy/4proc/seed-2/10_supportcase33_seed-2_20260505_012158/expansion/config_param_CPXPARAM_Preprocessing_Symmetry_1_iter_6.prm
[INFO]:[01:30:10] CPLEX results. Gap: 65.310000, upper bound: -245.000000, lower bound: -405.000000
[INFO]:[01:30:10] CPLEX solver finished. Gap: 65.310000
[INFO]:[01:30:10] Expansion Worker 3 stopping early after global MPI expansion stop was activated.
[INFO]:[01:30:10] Expansion Worker 3 completed expansion.
[INFO]:[01:30:10] Worker 3 completed expansion phase.
[INFO]:[01:30:10] Worker 3 received order for step 1.
[INFO]:[01:30:10] Worker 3 running exploration phase for iteration 7.
[INFO]:[01:30:10] Worker 3 at iteration 7 will not use a MIP start file. Current best MIP-start upper bound threshold is 1.79769e+308.
[INFO]:[01:30:10] Starting local search phase...
[INFO]:[01:30:10] Creating local search space from parameter space file: /scratch/yorig/mpils-results-grid-seconds-5-4may/easy/4proc/seed-2/10_supportcase33_seed-2_20260505_012158/iterated_local_search/search_space/search_space_file_7_worker_3.txt
[INFO]:[01:30:10] Local search space loaded from file: /scratch/yorig/mpils-results-grid-seconds-5-4may/easy/4proc/seed-2/10_supportcase33_seed-2_20260505_012158/iterated_local_search/search_space/search_space_file_7_worker_3.txt
[INFO]:[01:30:10] Number of parameters in local search space: 71
[INFO]:[01:30:10] Number of forbidden tuples in local search space: 122
[INFO]:[01:30:10] Number of conditionals in local search space: 6
[INFO]:[01:30:10] MIP start option not enabled. Local search will proceed without MIP start.
[INFO]:[01:30:10] Evaluating initial configuration for local search phase...
[INFO]:[01:30:10] Starting CPLEX solver on instance: /home/yorig/tuner/mpils-tests/instances/miplib/easy/supportcase33.mps with config: /scratch/yorig/mpils-results-grid-seconds-5-4may/easy/4proc/seed-2/10_supportcase33_seed-2_20260505_012158/iterated_local_search/run_7_worker_3/ils_config_13191800941949372147.prm
[INFO]:[01:30:10] Starting CPLEX solver on instance: /home/yorig/tuner/mpils-tests/instances/miplib/easy/supportcase33.mps with config: /scratch/yorig/mpils-results-grid-seconds-5-4may/easy/4proc/seed-2/10_supportcase33_seed-2_20260505_012158/iterated_local_search/run_7_worker_3/ils_config_13191800941949372147.prm
[INFO]:[01:30:15] CPLEX results. Gap: 114.610000, upper bound: -220.000000, lower bound: -472.142857
[INFO]:[01:30:15] CPLEX solver finished. Gap: 114.610000
[INFO]:[01:30:15] Initial configuration evaluated with objective value: 114.61
[INFO]:[01:30:15] Starting CPLEX solver on instance: /home/yorig/tuner/mpils-tests/instances/miplib/easy/supportcase33.mps with config: /scratch/yorig/mpils-results-grid-seconds-5-4may/easy/4proc/seed-2/10_supportcase33_seed-2_20260505_012158/iterated_local_search/run_7_worker_3/ils_config_16967685057116247065.prm
[INFO]:[01:30:15] Starting CPLEX solver on instance: /home/yorig/tuner/mpils-tests/instances/miplib/easy/supportcase33.mps with config: /scratch/yorig/mpils-results-grid-seconds-5-4may/easy/4proc/seed-2/10_supportcase33_seed-2_20260505_012158/iterated_local_search/run_7_worker_3/ils_config_16967685057116247065.prm
[INFO]:[01:30:20] CPLEX results. Gap: 114.610000, upper bound: -220.000000, lower bound: -472.142857
[INFO]:[01:30:20] CPLEX solver finished. Gap: 114.610000
[INFO]:[01:30:20] Starting CPLEX solver on instance: /home/yorig/tuner/mpils-tests/instances/miplib/easy/supportcase33.mps with config: /scratch/yorig/mpils-results-grid-seconds-5-4may/easy/4proc/seed-2/10_supportcase33_seed-2_20260505_012158/iterated_local_search/run_7_worker_3/ils_config_7673080263270368322.prm
[INFO]:[01:30:20] Starting CPLEX solver on instance: /home/yorig/tuner/mpils-tests/instances/miplib/easy/supportcase33.mps with config: /scratch/yorig/mpils-results-grid-seconds-5-4may/easy/4proc/seed-2/10_supportcase33_seed-2_20260505_012158/iterated_local_search/run_7_worker_3/ils_config_7673080263270368322.prm
[INFO]:[01:30:25] CPLEX results. Gap: 114.610000, upper bound: -220.000000, lower bound: -472.142857
[INFO]:[01:30:25] CPLEX solver finished. Gap: 114.610000
[INFO]:[01:30:25] Starting CPLEX solver on instance: /home/yorig/tuner/mpils-tests/instances/miplib/easy/supportcase33.mps with config: /scratch/yorig/mpils-results-grid-seconds-5-4may/easy/4proc/seed-2/10_supportcase33_seed-2_20260505_012158/iterated_local_search/run_7_worker_3/ils_config_10080985761064741520.prm
[INFO]:[01:30:25] Starting CPLEX solver on instance: /home/yorig/tuner/mpils-tests/instances/miplib/easy/supportcase33.mps with config: /scratch/yorig/mpils-results-grid-seconds-5-4may/easy/4proc/seed-2/10_supportcase33_seed-2_20260505_012158/iterated_local_search/run_7_worker_3/ils_config_10080985761064741520.prm
[INFO]:[01:30:31] CPLEX results. Gap: 114.610000, upper bound: -220.000000, lower bound: -472.142857
[INFO]:[01:30:31] CPLEX solver finished. Gap: 114.610000
[INFO]:[01:30:31] Starting CPLEX solver on instance: /home/yorig/tuner/mpils-tests/instances/miplib/easy/supportcase33.mps with config: /scratch/yorig/mpils-results-grid-seconds-5-4may/easy/4proc/seed-2/10_supportcase33_seed-2_20260505_012158/iterated_local_search/run_7_worker_3/ils_config_6958277105520277218.prm
[INFO]:[01:30:31] Starting CPLEX solver on instance: /home/yorig/tuner/mpils-tests/instances/miplib/easy/supportcase33.mps with config: /scratch/yorig/mpils-results-grid-seconds-5-4may/easy/4proc/seed-2/10_supportcase33_seed-2_20260505_012158/iterated_local_search/run_7_worker_3/ils_config_6958277105520277218.prm
[INFO]:[01:30:36] CPLEX results. Gap: 78.820000, upper bound: -255.000000, lower bound: -455.999978
[INFO]:[01:30:36] CPLEX solver finished. Gap: 78.820000
[INFO]:[01:30:36] New incumbent found with objective value: 78.82
[INFO]:[01:30:36] Starting CPLEX solver on instance: /home/yorig/tuner/mpils-tests/instances/miplib/easy/supportcase33.mps with config: /scratch/yorig/mpils-results-grid-seconds-5-4may/easy/4proc/seed-2/10_supportcase33_seed-2_20260505_012158/iterated_local_search/run_7_worker_3/ils_config_17896228452680333832.prm
[INFO]:[01:30:36] Starting CPLEX solver on instance: /home/yorig/tuner/mpils-tests/instances/miplib/easy/supportcase33.mps with config: /scratch/yorig/mpils-results-grid-seconds-5-4may/easy/4proc/seed-2/10_supportcase33_seed-2_20260505_012158/iterated_local_search/run_7_worker_3/ils_config_17896228452680333832.prm
[INFO]:[01:30:41] CPLEX results. Gap: 78.820000, upper bound: -255.000000, lower bound: -455.999978
[INFO]:[01:30:41] CPLEX solver finished. Gap: 78.820000
[INFO]:[01:30:41] Starting CPLEX solver on instance: /home/yorig/tuner/mpils-tests/instances/miplib/easy/supportcase33.mps with config: /scratch/yorig/mpils-results-grid-seconds-5-4may/easy/4proc/seed-2/10_supportcase33_seed-2_20260505_012158/iterated_local_search/run_7_worker_3/ils_config_4797424682604129917.prm
[INFO]:[01:30:41] Starting CPLEX solver on instance: /home/yorig/tuner/mpils-tests/instances/miplib/easy/supportcase33.mps with config: /scratch/yorig/mpils-results-grid-seconds-5-4may/easy/4proc/seed-2/10_supportcase33_seed-2_20260505_012158/iterated_local_search/run_7_worker_3/ils_config_4797424682604129917.prm
[INFO]:[01:30:46] CPLEX results. Gap: 78.820000, upper bound: -255.000000, lower bound: -455.999978
[INFO]:[01:30:46] CPLEX solver finished. Gap: 78.820000
[INFO]:[01:30:46] Starting CPLEX solver on instance: /home/yorig/tuner/mpils-tests/instances/miplib/easy/supportcase33.mps with config: /scratch/yorig/mpils-results-grid-seconds-5-4may/easy/4proc/seed-2/10_supportcase33_seed-2_20260505_012158/iterated_local_search/run_7_worker_3/ils_config_5574615828139781742.prm
[INFO]:[01:30:46] Starting CPLEX solver on instance: /home/yorig/tuner/mpils-tests/instances/miplib/easy/supportcase33.mps with config: /scratch/yorig/mpils-results-grid-seconds-5-4may/easy/4proc/seed-2/10_supportcase33_seed-2_20260505_012158/iterated_local_search/run_7_worker_3/ils_config_5574615828139781742.prm
[INFO]:[01:30:51] CPLEX results. Gap: 78.330000, upper bound: -255.000000, lower bound: -454.750000
[INFO]:[01:30:51] CPLEX solver finished. Gap: 78.330000
[INFO]:[01:30:51] New incumbent found with objective value: 78.33
[INFO]:[01:30:51] Starting CPLEX solver on instance: /home/yorig/tuner/mpils-tests/instances/miplib/easy/supportcase33.mps with config: /scratch/yorig/mpils-results-grid-seconds-5-4may/easy/4proc/seed-2/10_supportcase33_seed-2_20260505_012158/iterated_local_search/run_7_worker_3/ils_config_17827264948226847972.prm
[INFO]:[01:30:51] Starting CPLEX solver on instance: /home/yorig/tuner/mpils-tests/instances/miplib/easy/supportcase33.mps with config: /scratch/yorig/mpils-results-grid-seconds-5-4may/easy/4proc/seed-2/10_supportcase33_seed-2_20260505_012158/iterated_local_search/run_7_worker_3/ils_config_17827264948226847972.prm
[INFO]:[01:30:56] CPLEX results. Gap: 114.630000, upper bound: -205.000000, lower bound: -440.000000
[INFO]:[01:30:56] CPLEX solver finished. Gap: 114.630000
[INFO]:[01:30:56] Starting CPLEX solver on instance: /home/yorig/tuner/mpils-tests/instances/miplib/easy/supportcase33.mps with config: /scratch/yorig/mpils-results-grid-seconds-5-4may/easy/4proc/seed-2/10_supportcase33_seed-2_20260505_012158/iterated_local_search/run_7_worker_3/ils_config_7593954449229697367.prm
[INFO]:[01:30:56] Starting CPLEX solver on instance: /home/yorig/tuner/mpils-tests/instances/miplib/easy/supportcase33.mps with config: /scratch/yorig/mpils-results-grid-seconds-5-4may/easy/4proc/seed-2/10_supportcase33_seed-2_20260505_012158/iterated_local_search/run_7_worker_3/ils_config_7593954449229697367.prm
[INFO]:[01:31:01] CPLEX results. Gap: 78.820000, upper bound: -255.000000, lower bound: -455.999978
[INFO]:[01:31:01] CPLEX solver finished. Gap: 78.820000
[INFO]:[01:31:01] Starting CPLEX solver on instance: /home/yorig/tuner/mpils-tests/instances/miplib/easy/supportcase33.mps with config: /scratch/yorig/mpils-results-grid-seconds-5-4may/easy/4proc/seed-2/10_supportcase33_seed-2_20260505_012158/iterated_local_search/run_7_worker_3/ils_config_12196980951256722922.prm
[INFO]:[01:31:01] Starting CPLEX solver on instance: /home/yorig/tuner/mpils-tests/instances/miplib/easy/supportcase33.mps with config: /scratch/yorig/mpils-results-grid-seconds-5-4may/easy/4proc/seed-2/10_supportcase33_seed-2_20260505_012158/iterated_local_search/run_7_worker_3/ils_config_12196980951256722922.prm
[INFO]:[01:31:06] CPLEX results. Gap: 78.820000, upper bound: -255.000000, lower bound: -455.999978
[INFO]:[01:31:06] CPLEX solver finished. Gap: 78.820000
[INFO]:[01:31:06] Starting CPLEX solver on instance: /home/yorig/tuner/mpils-tests/instances/miplib/easy/supportcase33.mps with config: /scratch/yorig/mpils-results-grid-seconds-5-4may/easy/4proc/seed-2/10_supportcase33_seed-2_20260505_012158/iterated_local_search/run_7_worker_3/ils_config_9440547501021657090.prm
[INFO]:[01:31:06] Starting CPLEX solver on instance: /home/yorig/tuner/mpils-tests/instances/miplib/easy/supportcase33.mps with config: /scratch/yorig/mpils-results-grid-seconds-5-4may/easy/4proc/seed-2/10_supportcase33_seed-2_20260505_012158/iterated_local_search/run_7_worker_3/ils_config_9440547501021657090.prm
[INFO]:[01:31:12] CPLEX results. Gap: 78.820000, upper bound: -255.000000, lower bound: -455.999978
[INFO]:[01:31:12] CPLEX solver finished. Gap: 78.820000
[INFO]:[01:31:12] Starting CPLEX solver on instance: /home/yorig/tuner/mpils-tests/instances/miplib/easy/supportcase33.mps with config: /scratch/yorig/mpils-results-grid-seconds-5-4may/easy/4proc/seed-2/10_supportcase33_seed-2_20260505_012158/iterated_local_search/run_7_worker_3/ils_config_14405458860899603634.prm
[INFO]:[01:31:12] Starting CPLEX solver on instance: /home/yorig/tuner/mpils-tests/instances/miplib/easy/supportcase33.mps with config: /scratch/yorig/mpils-results-grid-seconds-5-4may/easy/4proc/seed-2/10_supportcase33_seed-2_20260505_012158/iterated_local_search/run_7_worker_3/ils_config_14405458860899603634.prm
[INFO]:[01:31:17] CPLEX results. Gap: 78.820000, upper bound: -255.000000, lower bound: -455.999978
[INFO]:[01:31:17] CPLEX solver finished. Gap: 78.820000
[INFO]:[01:31:17] Starting CPLEX solver on instance: /home/yorig/tuner/mpils-tests/instances/miplib/easy/supportcase33.mps with config: /scratch/yorig/mpils-results-grid-seconds-5-4may/easy/4proc/seed-2/10_supportcase33_seed-2_20260505_012158/iterated_local_search/run_7_worker_3/ils_config_4798232551182665337.prm
[INFO]:[01:31:17] Starting CPLEX solver on instance: /home/yorig/tuner/mpils-tests/instances/miplib/easy/supportcase33.mps with config: /scratch/yorig/mpils-results-grid-seconds-5-4may/easy/4proc/seed-2/10_supportcase33_seed-2_20260505_012158/iterated_local_search/run_7_worker_3/ils_config_4798232551182665337.prm
[INFO]:[01:31:22] CPLEX results. Gap: 106.820000, upper bound: -220.000000, lower bound: -455.000000
[INFO]:[01:31:22] CPLEX solver finished. Gap: 106.820000
[INFO]:[01:31:22] Starting CPLEX solver on instance: /home/yorig/tuner/mpils-tests/instances/miplib/easy/supportcase33.mps with config: /scratch/yorig/mpils-results-grid-seconds-5-4may/easy/4proc/seed-2/10_supportcase33_seed-2_20260505_012158/iterated_local_search/run_7_worker_3/ils_config_9489153042418206740.prm
[INFO]:[01:31:22] Starting CPLEX solver on instance: /home/yorig/tuner/mpils-tests/instances/miplib/easy/supportcase33.mps with config: /scratch/yorig/mpils-results-grid-seconds-5-4may/easy/4proc/seed-2/10_supportcase33_seed-2_20260505_012158/iterated_local_search/run_7_worker_3/ils_config_9489153042418206740.prm
[INFO]:[01:31:27] CPLEX results. Gap: 78.820000, upper bound: -255.000000, lower bound: -455.999978
[INFO]:[01:31:27] CPLEX solver finished. Gap: 78.820000
[INFO]:[01:31:27] Starting CPLEX solver on instance: /home/yorig/tuner/mpils-tests/instances/miplib/easy/supportcase33.mps with config: /scratch/yorig/mpils-results-grid-seconds-5-4may/easy/4proc/seed-2/10_supportcase33_seed-2_20260505_012158/iterated_local_search/run_7_worker_3/ils_config_4047262395680444217.prm
[INFO]:[01:31:27] Starting CPLEX solver on instance: /home/yorig/tuner/mpils-tests/instances/miplib/easy/supportcase33.mps with config: /scratch/yorig/mpils-results-grid-seconds-5-4may/easy/4proc/seed-2/10_supportcase33_seed-2_20260505_012158/iterated_local_search/run_7_worker_3/ils_config_4047262395680444217.prm
[INFO]:[01:31:32] CPLEX results. Gap: 89.170000, upper bound: -240.000000, lower bound: -454.000000
[INFO]:[01:31:32] CPLEX solver finished. Gap: 89.170000
[INFO]:[01:31:32] Starting CPLEX solver on instance: /home/yorig/tuner/mpils-tests/instances/miplib/easy/supportcase33.mps with config: /scratch/yorig/mpils-results-grid-seconds-5-4may/easy/4proc/seed-2/10_supportcase33_seed-2_20260505_012158/iterated_local_search/run_7_worker_3/ils_config_9334976024393961439.prm
[INFO]:[01:31:32] Starting CPLEX solver on instance: /home/yorig/tuner/mpils-tests/instances/miplib/easy/supportcase33.mps with config: /scratch/yorig/mpils-results-grid-seconds-5-4may/easy/4proc/seed-2/10_supportcase33_seed-2_20260505_012158/iterated_local_search/run_7_worker_3/ils_config_9334976024393961439.prm
[INFO]:[01:31:37] CPLEX results. Gap: 114.610000, upper bound: -220.000000, lower bound: -472.142857
[INFO]:[01:31:37] CPLEX solver finished. Gap: 114.610000
[INFO]:[01:31:37] Starting CPLEX solver on instance: /home/yorig/tuner/mpils-tests/instances/miplib/easy/supportcase33.mps with config: /scratch/yorig/mpils-results-grid-seconds-5-4may/easy/4proc/seed-2/10_supportcase33_seed-2_20260505_012158/iterated_local_search/run_7_worker_3/ils_config_3866888384584658185.prm
[INFO]:[01:31:37] Starting CPLEX solver on instance: /home/yorig/tuner/mpils-tests/instances/miplib/easy/supportcase33.mps with config: /scratch/yorig/mpils-results-grid-seconds-5-4may/easy/4proc/seed-2/10_supportcase33_seed-2_20260505_012158/iterated_local_search/run_7_worker_3/ils_config_3866888384584658185.prm
[INFO]:[01:31:42] CPLEX results. Gap: 78.820000, upper bound: -255.000000, lower bound: -455.999978
[INFO]:[01:31:42] CPLEX solver finished. Gap: 78.820000
[INFO]:[01:31:42] Local search phase completed.
[INFO]:[01:31:42] Total number of new local-search evaluations: 18
[INFO]:[01:31:42] Final incumbent objective value: 78.33
[INFO]:[01:31:42] Worker 3 completed exploration phase.
[INFO]:[01:31:42] Worker 3 received order for step 2.
[INFO]:[01:31:42] Worker 3 running expansion phase for iteration 7.
[INFO]:[01:31:42] Worker 3 will use solver log file: /scratch/yorig/mpils-results-grid-seconds-5-4may/easy/4proc/seed-2/10_supportcase33_seed-2_20260505_012158/solver/cplex.log_iteration_expansion_7_worker_3
[INFO]:[01:31:42] Expansion Worker 3 starting expansion for iteration 7.
[INFO]:[01:31:42] Starting CPLEX solver on instance: /home/yorig/tuner/mpils-tests/instances/miplib/easy/supportcase33.mps with config: /scratch/yorig/mpils-results-grid-seconds-5-4may/easy/4proc/seed-2/10_supportcase33_seed-2_20260505_012158/expansion/config_param_CPXPARAM_MIP_Strategy_HeuristicFreq_-1_iter_7.prm
[INFO]:[01:31:48] CPLEX results. Gap: 30.160000, upper bound: -295.000000, lower bound: -383.965534
[INFO]:[01:31:48] CPLEX solver finished. Gap: 30.160000
[INFO]:[01:31:48] Starting CPLEX solver on instance: /home/yorig/tuner/mpils-tests/instances/miplib/easy/supportcase33.mps with config: /scratch/yorig/mpils-results-grid-seconds-5-4may/easy/4proc/seed-2/10_supportcase33_seed-2_20260505_012158/expansion/config_param_CPXPARAM_MIP_Strategy_HeuristicFreq_500_iter_7.prm
[INFO]:[01:31:53] CPLEX results. Gap: 65.310000, upper bound: -245.000000, lower bound: -405.000000
[INFO]:[01:31:53] CPLEX solver finished. Gap: 65.310000
[INFO]:[01:31:53] Starting CPLEX solver on instance: /home/yorig/tuner/mpils-tests/instances/miplib/easy/supportcase33.mps with config: /scratch/yorig/mpils-results-grid-seconds-5-4may/easy/4proc/seed-2/10_supportcase33_seed-2_20260505_012158/expansion/config_param_CPXPARAM_MIP_Strategy_StartAlgorithm_3_iter_7.prm
[INFO]:[01:31:58] CPLEX results. Gap: 47.270000, upper bound: -275.000000, lower bound: -405.000000
[INFO]:[01:31:58] CPLEX solver finished. Gap: 47.270000
[INFO]:[01:31:58] Starting CPLEX solver on instance: /home/yorig/tuner/mpils-tests/instances/miplib/easy/supportcase33.mps with config: /scratch/yorig/mpils-results-grid-seconds-5-4may/easy/4proc/seed-2/10_supportcase33_seed-2_20260505_012158/expansion/config_param_CPXPARAM_MIP_Strategy_SubAlgorithm_1_iter_7.prm
[INFO]:[01:32:03] CPLEX results. Gap: 73.140000, upper bound: -255.000000, lower bound: -441.509186
[INFO]:[01:32:03] CPLEX solver finished. Gap: 73.140000
[INFO]:[01:32:03] Starting CPLEX solver on instance: /home/yorig/tuner/mpils-tests/instances/miplib/easy/supportcase33.mps with config: /scratch/yorig/mpils-results-grid-seconds-5-4may/easy/4proc/seed-2/10_supportcase33_seed-2_20260505_012158/expansion/config_param_CPXPARAM_MIP_Strategy_SubAlgorithm_5_iter_7.prm
[INFO]:[01:32:08] CPLEX results. Gap: 712.730000, upper bound: -55.000000, lower bound: -447.000000
[INFO]:[01:32:08] CPLEX solver finished. Gap: 712.730000
[INFO]:[01:32:08] Starting CPLEX solver on instance: /home/yorig/tuner/mpils-tests/instances/miplib/easy/supportcase33.mps with config: /scratch/yorig/mpils-results-grid-seconds-5-4may/easy/4proc/seed-2/10_supportcase33_seed-2_20260505_012158/expansion/config_param_CPXPARAM_Simplex_DGradient_4_iter_7.prm
[INFO]:[01:32:13] CPLEX results. Gap: 68.000000, upper bound: -250.000000, lower bound: -420.000000
[INFO]:[01:32:13] CPLEX solver finished. Gap: 68.000000
[INFO]:[01:32:13] Starting CPLEX solver on instance: /home/yorig/tuner/mpils-tests/instances/miplib/easy/supportcase33.mps with config: /scratch/yorig/mpils-results-grid-seconds-5-4may/easy/4proc/seed-2/10_supportcase33_seed-2_20260505_012158/expansion/config_param_CPXPARAM_Simplex_PGradient_2_iter_7.prm
[INFO]:[01:32:18] CPLEX results. Gap: 44.640000, upper bound: -280.000000, lower bound: -405.000000
[INFO]:[01:32:18] CPLEX solver finished. Gap: 44.640000
[INFO]:[01:32:18] Starting CPLEX solver on instance: /home/yorig/tuner/mpils-tests/instances/miplib/easy/supportcase33.mps with config: /scratch/yorig/mpils-results-grid-seconds-5-4may/easy/4proc/seed-2/10_supportcase33_seed-2_20260505_012158/expansion/config_param_CPXPARAM_Advance_2_iter_7.prm
[INFO]:[01:32:23] CPLEX results. Gap: 65.310000, upper bound: -245.000000, lower bound: -405.000000
[INFO]:[01:32:23] CPLEX solver finished. Gap: 65.310000
[INFO]:[01:32:23] Starting CPLEX solver on instance: /home/yorig/tuner/mpils-tests/instances/miplib/easy/supportcase33.mps with config: /scratch/yorig/mpils-results-grid-seconds-5-4may/easy/4proc/seed-2/10_supportcase33_seed-2_20260505_012158/expansion/config_param_CPXPARAM_MIP_Limits_AggForCut_5_iter_7.prm
[INFO]:[01:32:28] CPLEX results. Gap: 35.000000, upper bound: -300.000000, lower bound: -405.000000
[INFO]:[01:32:28] CPLEX solver finished. Gap: 35.000000
[INFO]:[01:32:28] Starting CPLEX solver on instance: /home/yorig/tuner/mpils-tests/instances/miplib/easy/supportcase33.mps with config: /scratch/yorig/mpils-results-grid-seconds-5-4may/easy/4proc/seed-2/10_supportcase33_seed-2_20260505_012158/expansion/config_param_CPXPARAM_Preprocessing_Fill_20_iter_7.prm
[INFO]:[01:32:33] CPLEX results. Gap: 39.270000, upper bound: -295.000000, lower bound: -410.833333
[INFO]:[01:32:33] CPLEX solver finished. Gap: 39.270000
[INFO]:[01:32:39] Expansion Worker 3 completed expansion.
[INFO]:[01:32:39] Worker 3 completed expansion phase.
[INFO]:[01:32:39] Worker 3 received order for step 1.
[INFO]:[01:32:39] Worker 3 running exploration phase for iteration 8.
[INFO]:[01:32:39] Worker 3 at iteration 8 will not use a MIP start file. Current best MIP-start upper bound threshold is 1.79769e+308.
[INFO]:[01:32:39] Starting local search phase...
[INFO]:[01:32:39] Creating local search space from parameter space file: /scratch/yorig/mpils-results-grid-seconds-5-4may/easy/4proc/seed-2/10_supportcase33_seed-2_20260505_012158/iterated_local_search/search_space/search_space_file_8_worker_3.txt
[INFO]:[01:32:39] Local search space loaded from file: /scratch/yorig/mpils-results-grid-seconds-5-4may/easy/4proc/seed-2/10_supportcase33_seed-2_20260505_012158/iterated_local_search/search_space/search_space_file_8_worker_3.txt
[INFO]:[01:32:39] Number of parameters in local search space: 71
[INFO]:[01:32:39] Number of forbidden tuples in local search space: 106
[INFO]:[01:32:39] Number of conditionals in local search space: 6
[INFO]:[01:32:39] MIP start option not enabled. Local search will proceed without MIP start.
[INFO]:[01:32:39] Evaluating initial configuration for local search phase...
[INFO]:[01:32:39] Starting CPLEX solver on instance: /home/yorig/tuner/mpils-tests/instances/miplib/easy/supportcase33.mps with config: /scratch/yorig/mpils-results-grid-seconds-5-4may/easy/4proc/seed-2/10_supportcase33_seed-2_20260505_012158/iterated_local_search/run_8_worker_3/ils_config_12786006750695979001.prm
[INFO]:[01:32:39] Starting CPLEX solver on instance: /home/yorig/tuner/mpils-tests/instances/miplib/easy/supportcase33.mps with config: /scratch/yorig/mpils-results-grid-seconds-5-4may/easy/4proc/seed-2/10_supportcase33_seed-2_20260505_012158/iterated_local_search/run_8_worker_3/ils_config_12786006750695979001.prm
[INFO]:[01:32:44] CPLEX results. Gap: 445833333333333.250000, upper bound: 0.000000, lower bound: -445.833333
[INFO]:[01:32:44] CPLEX solver finished. Gap: 445833333333333.250000
[INFO]:[01:32:44] Initial configuration evaluated with objective value: 4.45833e+14
[INFO]:[01:32:44] Starting CPLEX solver on instance: /home/yorig/tuner/mpils-tests/instances/miplib/easy/supportcase33.mps with config: /scratch/yorig/mpils-results-grid-seconds-5-4may/easy/4proc/seed-2/10_supportcase33_seed-2_20260505_012158/iterated_local_search/run_8_worker_3/ils_config_2216855477280774586.prm
[INFO]:[01:32:44] Starting CPLEX solver on instance: /home/yorig/tuner/mpils-tests/instances/miplib/easy/supportcase33.mps with config: /scratch/yorig/mpils-results-grid-seconds-5-4may/easy/4proc/seed-2/10_supportcase33_seed-2_20260505_012158/iterated_local_search/run_8_worker_3/ils_config_2216855477280774586.prm
[INFO]:[01:32:49] CPLEX results. Gap: 445833333333333.250000, upper bound: 0.000000, lower bound: -445.833333
[INFO]:[01:32:49] CPLEX solver finished. Gap: 445833333333333.250000
[INFO]:[01:32:49] Starting CPLEX solver on instance: /home/yorig/tuner/mpils-tests/instances/miplib/easy/supportcase33.mps with config: /scratch/yorig/mpils-results-grid-seconds-5-4may/easy/4proc/seed-2/10_supportcase33_seed-2_20260505_012158/iterated_local_search/run_8_worker_3/ils_config_11260463363205266536.prm
[INFO]:[01:32:49] Starting CPLEX solver on instance: /home/yorig/tuner/mpils-tests/instances/miplib/easy/supportcase33.mps with config: /scratch/yorig/mpils-results-grid-seconds-5-4may/easy/4proc/seed-2/10_supportcase33_seed-2_20260505_012158/iterated_local_search/run_8_worker_3/ils_config_11260463363205266536.prm
[INFO]:[01:32:54] CPLEX results. Gap: 445833333333333.250000, upper bound: 0.000000, lower bound: -445.833333
[INFO]:[01:32:54] CPLEX solver finished. Gap: 445833333333333.250000
[INFO]:[01:32:54] Starting CPLEX solver on instance: /home/yorig/tuner/mpils-tests/instances/miplib/easy/supportcase33.mps with config: /scratch/yorig/mpils-results-grid-seconds-5-4may/easy/4proc/seed-2/10_supportcase33_seed-2_20260505_012158/iterated_local_search/run_8_worker_3/ils_config_6710557243276007982.prm
[INFO]:[01:32:54] Starting CPLEX solver on instance: /home/yorig/tuner/mpils-tests/instances/miplib/easy/supportcase33.mps with config: /scratch/yorig/mpils-results-grid-seconds-5-4may/easy/4proc/seed-2/10_supportcase33_seed-2_20260505_012158/iterated_local_search/run_8_worker_3/ils_config_6710557243276007982.prm
[INFO]:[01:32:59] CPLEX results. Gap: 461784965728204.812500, upper bound: 0.000000, lower bound: -461.784966
[INFO]:[01:32:59] CPLEX solver finished. Gap: 461784965728204.812500
[INFO]:[01:32:59] Starting CPLEX solver on instance: /home/yorig/tuner/mpils-tests/instances/miplib/easy/supportcase33.mps with config: /scratch/yorig/mpils-results-grid-seconds-5-4may/easy/4proc/seed-2/10_supportcase33_seed-2_20260505_012158/iterated_local_search/run_8_worker_3/ils_config_12443582239437883852.prm
[INFO]:[01:32:59] Starting CPLEX solver on instance: /home/yorig/tuner/mpils-tests/instances/miplib/easy/supportcase33.mps with config: /scratch/yorig/mpils-results-grid-seconds-5-4may/easy/4proc/seed-2/10_supportcase33_seed-2_20260505_012158/iterated_local_search/run_8_worker_3/ils_config_12443582239437883852.prm
[INFO]:[01:33:04] CPLEX results. Gap: 445833333333333.250000, upper bound: 0.000000, lower bound: -445.833333
[INFO]:[01:33:04] CPLEX solver finished. Gap: 445833333333333.250000
[INFO]:[01:33:04] Starting CPLEX solver on instance: /home/yorig/tuner/mpils-tests/instances/miplib/easy/supportcase33.mps with config: /scratch/yorig/mpils-results-grid-seconds-5-4may/easy/4proc/seed-2/10_supportcase33_seed-2_20260505_012158/iterated_local_search/run_8_worker_3/ils_config_9259856065703394620.prm
[INFO]:[01:33:04] Starting CPLEX solver on instance: /home/yorig/tuner/mpils-tests/instances/miplib/easy/supportcase33.mps with config: /scratch/yorig/mpils-results-grid-seconds-5-4may/easy/4proc/seed-2/10_supportcase33_seed-2_20260505_012158/iterated_local_search/run_8_worker_3/ils_config_9259856065703394620.prm
[INFO]:[01:33:10] CPLEX results. Gap: 4517.850000, upper bound: -10.000000, lower bound: -461.784966
[INFO]:[01:33:10] CPLEX solver finished. Gap: 4517.850000
[INFO]:[01:33:10] New incumbent found with objective value: 4517.85
[INFO]:[01:33:10] Starting CPLEX solver on instance: /home/yorig/tuner/mpils-tests/instances/miplib/easy/supportcase33.mps with config: /scratch/yorig/mpils-results-grid-seconds-5-4may/easy/4proc/seed-2/10_supportcase33_seed-2_20260505_012158/iterated_local_search/run_8_worker_3/ils_config_4180599361788931310.prm
[INFO]:[01:33:10] Starting CPLEX solver on instance: /home/yorig/tuner/mpils-tests/instances/miplib/easy/supportcase33.mps with config: /scratch/yorig/mpils-results-grid-seconds-5-4may/easy/4proc/seed-2/10_supportcase33_seed-2_20260505_012158/iterated_local_search/run_8_worker_3/ils_config_4180599361788931310.prm
[INFO]:[01:33:15] CPLEX results. Gap: 229.850000, upper bound: -140.000000, lower bound: -461.784966
[INFO]:[01:33:15] CPLEX solver finished. Gap: 229.850000
[INFO]:[01:33:15] New incumbent found with objective value: 229.85
[INFO]:[01:33:15] Starting CPLEX solver on instance: /home/yorig/tuner/mpils-tests/instances/miplib/easy/supportcase33.mps with config: /scratch/yorig/mpils-results-grid-seconds-5-4may/easy/4proc/seed-2/10_supportcase33_seed-2_20260505_012158/iterated_local_search/run_8_worker_3/ils_config_11632640069057281292.prm
[INFO]:[01:33:15] Starting CPLEX solver on instance: /home/yorig/tuner/mpils-tests/instances/miplib/easy/supportcase33.mps with config: /scratch/yorig/mpils-results-grid-seconds-5-4may/easy/4proc/seed-2/10_supportcase33_seed-2_20260505_012158/iterated_local_search/run_8_worker_3/ils_config_11632640069057281292.prm
[INFO]:[01:33:20] CPLEX results. Gap: 229.850000, upper bound: -140.000000, lower bound: -461.784966
[INFO]:[01:33:20] CPLEX solver finished. Gap: 229.850000
[INFO]:[01:33:20] Starting CPLEX solver on instance: /home/yorig/tuner/mpils-tests/instances/miplib/easy/supportcase33.mps with config: /scratch/yorig/mpils-results-grid-seconds-5-4may/easy/4proc/seed-2/10_supportcase33_seed-2_20260505_012158/iterated_local_search/run_8_worker_3/ils_config_8857291520591822575.prm
[INFO]:[01:33:20] Starting CPLEX solver on instance: /home/yorig/tuner/mpils-tests/instances/miplib/easy/supportcase33.mps with config: /scratch/yorig/mpils-results-grid-seconds-5-4may/easy/4proc/seed-2/10_supportcase33_seed-2_20260505_012158/iterated_local_search/run_8_worker_3/ils_config_8857291520591822575.prm
[INFO]:[01:33:25] CPLEX results. Gap: 229.850000, upper bound: -140.000000, lower bound: -461.784966
[INFO]:[01:33:25] CPLEX solver finished. Gap: 229.850000
[INFO]:[01:33:25] Starting CPLEX solver on instance: /home/yorig/tuner/mpils-tests/instances/miplib/easy/supportcase33.mps with config: /scratch/yorig/mpils-results-grid-seconds-5-4may/easy/4proc/seed-2/10_supportcase33_seed-2_20260505_012158/iterated_local_search/run_8_worker_3/ils_config_11889402366270155400.prm
[INFO]:[01:33:25] Starting CPLEX solver on instance: /home/yorig/tuner/mpils-tests/instances/miplib/easy/supportcase33.mps with config: /scratch/yorig/mpils-results-grid-seconds-5-4may/easy/4proc/seed-2/10_supportcase33_seed-2_20260505_012158/iterated_local_search/run_8_worker_3/ils_config_11889402366270155400.prm
[INFO]:[01:33:30] CPLEX results. Gap: 229.850000, upper bound: -140.000000, lower bound: -461.784966
[INFO]:[01:33:30] CPLEX solver finished. Gap: 229.850000
[INFO]:[01:33:30] Starting CPLEX solver on instance: /home/yorig/tuner/mpils-tests/instances/miplib/easy/supportcase33.mps with config: /scratch/yorig/mpils-results-grid-seconds-5-4may/easy/4proc/seed-2/10_supportcase33_seed-2_20260505_012158/iterated_local_search/run_8_worker_3/ils_config_11312964131837747951.prm
[INFO]:[01:33:30] Starting CPLEX solver on instance: /home/yorig/tuner/mpils-tests/instances/miplib/easy/supportcase33.mps with config: /scratch/yorig/mpils-results-grid-seconds-5-4may/easy/4proc/seed-2/10_supportcase33_seed-2_20260505_012158/iterated_local_search/run_8_worker_3/ils_config_11312964131837747951.prm
[INFO]:[01:33:35] CPLEX results. Gap: 443.280000, upper bound: -85.000000, lower bound: -461.784966
[INFO]:[01:33:35] CPLEX solver finished. Gap: 443.280000
[INFO]:[01:33:35] Starting CPLEX solver on instance: /home/yorig/tuner/mpils-tests/instances/miplib/easy/supportcase33.mps with config: /scratch/yorig/mpils-results-grid-seconds-5-4may/easy/4proc/seed-2/10_supportcase33_seed-2_20260505_012158/iterated_local_search/run_8_worker_3/ils_config_8643931447526028256.prm
[INFO]:[01:33:35] Starting CPLEX solver on instance: /home/yorig/tuner/mpils-tests/instances/miplib/easy/supportcase33.mps with config: /scratch/yorig/mpils-results-grid-seconds-5-4may/easy/4proc/seed-2/10_supportcase33_seed-2_20260505_012158/iterated_local_search/run_8_worker_3/ils_config_8643931447526028256.prm
[INFO]:[01:33:40] CPLEX results. Gap: 229.850000, upper bound: -140.000000, lower bound: -461.784966
[INFO]:[01:33:40] CPLEX solver finished. Gap: 229.850000
[INFO]:[01:33:40] Starting CPLEX solver on instance: /home/yorig/tuner/mpils-tests/instances/miplib/easy/supportcase33.mps with config: /scratch/yorig/mpils-results-grid-seconds-5-4may/easy/4proc/seed-2/10_supportcase33_seed-2_20260505_012158/iterated_local_search/run_8_worker_3/ils_config_13422797027308782101.prm
[INFO]:[01:33:40] Starting CPLEX solver on instance: /home/yorig/tuner/mpils-tests/instances/miplib/easy/supportcase33.mps with config: /scratch/yorig/mpils-results-grid-seconds-5-4may/easy/4proc/seed-2/10_supportcase33_seed-2_20260505_012158/iterated_local_search/run_8_worker_3/ils_config_13422797027308782101.prm
[INFO]:[01:33:45] CPLEX results. Gap: 229.850000, upper bound: -140.000000, lower bound: -461.784966
[INFO]:[01:33:45] CPLEX solver finished. Gap: 229.850000
[INFO]:[01:33:45] Starting CPLEX solver on instance: /home/yorig/tuner/mpils-tests/instances/miplib/easy/supportcase33.mps with config: /scratch/yorig/mpils-results-grid-seconds-5-4may/easy/4proc/seed-2/10_supportcase33_seed-2_20260505_012158/iterated_local_search/run_8_worker_3/ils_config_9555708511377491353.prm
[INFO]:[01:33:45] Starting CPLEX solver on instance: /home/yorig/tuner/mpils-tests/instances/miplib/easy/supportcase33.mps with config: /scratch/yorig/mpils-results-grid-seconds-5-4may/easy/4proc/seed-2/10_supportcase33_seed-2_20260505_012158/iterated_local_search/run_8_worker_3/ils_config_9555708511377491353.prm
[INFO]:[01:33:51] CPLEX results. Gap: 179.870000, upper bound: -165.000000, lower bound: -461.784966
[INFO]:[01:33:51] CPLEX solver finished. Gap: 179.870000
[INFO]:[01:33:51] New incumbent found with objective value: 179.87
[INFO]:[01:33:51] Starting CPLEX solver on instance: /home/yorig/tuner/mpils-tests/instances/miplib/easy/supportcase33.mps with config: /scratch/yorig/mpils-results-grid-seconds-5-4may/easy/4proc/seed-2/10_supportcase33_seed-2_20260505_012158/iterated_local_search/run_8_worker_3/ils_config_17692479847546033581.prm
[INFO]:[01:33:51] Starting CPLEX solver on instance: /home/yorig/tuner/mpils-tests/instances/miplib/easy/supportcase33.mps with config: /scratch/yorig/mpils-results-grid-seconds-5-4may/easy/4proc/seed-2/10_supportcase33_seed-2_20260505_012158/iterated_local_search/run_8_worker_3/ils_config_17692479847546033581.prm
[INFO]:[01:33:56] CPLEX results. Gap: 88.060000, upper bound: -235.000000, lower bound: -441.933429
[INFO]:[01:33:56] CPLEX solver finished. Gap: 88.060000
[INFO]:[01:33:56] New incumbent found with objective value: 88.06
[INFO]:[01:33:56] Starting CPLEX solver on instance: /home/yorig/tuner/mpils-tests/instances/miplib/easy/supportcase33.mps with config: /scratch/yorig/mpils-results-grid-seconds-5-4may/easy/4proc/seed-2/10_supportcase33_seed-2_20260505_012158/iterated_local_search/run_8_worker_3/ils_config_8380761188605426739.prm
[INFO]:[01:33:56] Starting CPLEX solver on instance: /home/yorig/tuner/mpils-tests/instances/miplib/easy/supportcase33.mps with config: /scratch/yorig/mpils-results-grid-seconds-5-4may/easy/4proc/seed-2/10_supportcase33_seed-2_20260505_012158/iterated_local_search/run_8_worker_3/ils_config_8380761188605426739.prm
[INFO]:[01:34:01] CPLEX results. Gap: 78.660000, upper bound: -245.000000, lower bound: -437.708191
[INFO]:[01:34:01] CPLEX solver finished. Gap: 78.660000
[INFO]:[01:34:01] New incumbent found with objective value: 78.66
[INFO]:[01:34:01] Starting CPLEX solver on instance: /home/yorig/tuner/mpils-tests/instances/miplib/easy/supportcase33.mps with config: /scratch/yorig/mpils-results-grid-seconds-5-4may/easy/4proc/seed-2/10_supportcase33_seed-2_20260505_012158/iterated_local_search/run_8_worker_3/ils_config_13537813770229824174.prm
[INFO]:[01:34:01] Starting CPLEX solver on instance: /home/yorig/tuner/mpils-tests/instances/miplib/easy/supportcase33.mps with config: /scratch/yorig/mpils-results-grid-seconds-5-4may/easy/4proc/seed-2/10_supportcase33_seed-2_20260505_012158/iterated_local_search/run_8_worker_3/ils_config_13537813770229824174.prm
[INFO]:[01:34:06] CPLEX results. Gap: 143.040000, upper bound: -190.000000, lower bound: -461.784966
[INFO]:[01:34:06] CPLEX solver finished. Gap: 143.040000
[INFO]:[01:34:06] Starting CPLEX solver on instance: /home/yorig/tuner/mpils-tests/instances/miplib/easy/supportcase33.mps with config: /scratch/yorig/mpils-results-grid-seconds-5-4may/easy/4proc/seed-2/10_supportcase33_seed-2_20260505_012158/iterated_local_search/run_8_worker_3/ils_config_6468396614682917447.prm
[INFO]:[01:34:06] Starting CPLEX solver on instance: /home/yorig/tuner/mpils-tests/instances/miplib/easy/supportcase33.mps with config: /scratch/yorig/mpils-results-grid-seconds-5-4may/easy/4proc/seed-2/10_supportcase33_seed-2_20260505_012158/iterated_local_search/run_8_worker_3/ils_config_6468396614682917447.prm
[INFO]:[01:34:11] CPLEX results. Gap: 80.160000, upper bound: -245.000000, lower bound: -441.385928
[INFO]:[01:34:11] CPLEX solver finished. Gap: 80.160000
[INFO]:[01:34:11] Starting CPLEX solver on instance: /home/yorig/tuner/mpils-tests/instances/miplib/easy/supportcase33.mps with config: /scratch/yorig/mpils-results-grid-seconds-5-4may/easy/4proc/seed-2/10_supportcase33_seed-2_20260505_012158/iterated_local_search/run_8_worker_3/ils_config_5089767313363785931.prm
[INFO]:[01:34:11] Starting CPLEX solver on instance: /home/yorig/tuner/mpils-tests/instances/miplib/easy/supportcase33.mps with config: /scratch/yorig/mpils-results-grid-seconds-5-4may/easy/4proc/seed-2/10_supportcase33_seed-2_20260505_012158/iterated_local_search/run_8_worker_3/ils_config_5089767313363785931.prm
[INFO]:[01:34:16] CPLEX results. Gap: 78.660000, upper bound: -245.000000, lower bound: -437.708191
[INFO]:[01:34:16] CPLEX solver finished. Gap: 78.660000
[INFO]:[01:34:16] Starting CPLEX solver on instance: /home/yorig/tuner/mpils-tests/instances/miplib/easy/supportcase33.mps with config: /scratch/yorig/mpils-results-grid-seconds-5-4may/easy/4proc/seed-2/10_supportcase33_seed-2_20260505_012158/iterated_local_search/run_8_worker_3/ils_config_14618094961395823546.prm
[INFO]:[01:34:16] Starting CPLEX solver on instance: /home/yorig/tuner/mpils-tests/instances/miplib/easy/supportcase33.mps with config: /scratch/yorig/mpils-results-grid-seconds-5-4may/easy/4proc/seed-2/10_supportcase33_seed-2_20260505_012158/iterated_local_search/run_8_worker_3/ils_config_14618094961395823546.prm
[INFO]:[01:34:21] CPLEX results. Gap: 100.780000, upper bound: -230.000000, lower bound: -461.784966
[INFO]:[01:34:21] CPLEX solver finished. Gap: 100.780000
[INFO]:[01:34:21] Starting CPLEX solver on instance: /home/yorig/tuner/mpils-tests/instances/miplib/easy/supportcase33.mps with config: /scratch/yorig/mpils-results-grid-seconds-5-4may/easy/4proc/seed-2/10_supportcase33_seed-2_20260505_012158/iterated_local_search/run_8_worker_3/ils_config_10041372814857419283.prm
[INFO]:[01:34:21] Starting CPLEX solver on instance: /home/yorig/tuner/mpils-tests/instances/miplib/easy/supportcase33.mps with config: /scratch/yorig/mpils-results-grid-seconds-5-4may/easy/4proc/seed-2/10_supportcase33_seed-2_20260505_012158/iterated_local_search/run_8_worker_3/ils_config_10041372814857419283.prm
[INFO]:[01:34:26] CPLEX results. Gap: 78.660000, upper bound: -245.000000, lower bound: -437.708191
[INFO]:[01:34:26] CPLEX solver finished. Gap: 78.660000
[INFO]:[01:34:26] Starting CPLEX solver on instance: /home/yorig/tuner/mpils-tests/instances/miplib/easy/supportcase33.mps with config: /scratch/yorig/mpils-results-grid-seconds-5-4may/easy/4proc/seed-2/10_supportcase33_seed-2_20260505_012158/iterated_local_search/run_8_worker_3/ils_config_1907142489044956677.prm
[INFO]:[01:34:26] Starting CPLEX solver on instance: /home/yorig/tuner/mpils-tests/instances/miplib/easy/supportcase33.mps with config: /scratch/yorig/mpils-results-grid-seconds-5-4may/easy/4proc/seed-2/10_supportcase33_seed-2_20260505_012158/iterated_local_search/run_8_worker_3/ils_config_1907142489044956677.prm
[INFO]:[01:34:32] CPLEX results. Gap: 88.250000, upper bound: -235.000000, lower bound: -442.385928
[INFO]:[01:34:32] CPLEX solver finished. Gap: 88.250000
[INFO]:[01:34:32] Starting CPLEX solver on instance: /home/yorig/tuner/mpils-tests/instances/miplib/easy/supportcase33.mps with config: /scratch/yorig/mpils-results-grid-seconds-5-4may/easy/4proc/seed-2/10_supportcase33_seed-2_20260505_012158/iterated_local_search/run_8_worker_3/ils_config_1582448117467076419.prm
[INFO]:[01:34:32] Starting CPLEX solver on instance: /home/yorig/tuner/mpils-tests/instances/miplib/easy/supportcase33.mps with config: /scratch/yorig/mpils-results-grid-seconds-5-4may/easy/4proc/seed-2/10_supportcase33_seed-2_20260505_012158/iterated_local_search/run_8_worker_3/ils_config_1582448117467076419.prm
[INFO]:[01:34:37] CPLEX results. Gap: 112.310000, upper bound: -210.000000, lower bound: -445.842520
[INFO]:[01:34:37] CPLEX solver finished. Gap: 112.310000
[INFO]:[01:34:37] Starting CPLEX solver on instance: /home/yorig/tuner/mpils-tests/instances/miplib/easy/supportcase33.mps with config: /scratch/yorig/mpils-results-grid-seconds-5-4may/easy/4proc/seed-2/10_supportcase33_seed-2_20260505_012158/iterated_local_search/run_8_worker_3/ils_config_18129458180156312942.prm
[INFO]:[01:34:37] Starting CPLEX solver on instance: /home/yorig/tuner/mpils-tests/instances/miplib/easy/supportcase33.mps with config: /scratch/yorig/mpils-results-grid-seconds-5-4may/easy/4proc/seed-2/10_supportcase33_seed-2_20260505_012158/iterated_local_search/run_8_worker_3/ils_config_18129458180156312942.prm
[INFO]:[01:34:42] CPLEX results. Gap: 138.740000, upper bound: -185.000000, lower bound: -441.666667
[INFO]:[01:34:42] CPLEX solver finished. Gap: 138.740000
[INFO]:[01:34:42] Starting CPLEX solver on instance: /home/yorig/tuner/mpils-tests/instances/miplib/easy/supportcase33.mps with config: /scratch/yorig/mpils-results-grid-seconds-5-4may/easy/4proc/seed-2/10_supportcase33_seed-2_20260505_012158/iterated_local_search/run_8_worker_3/ils_config_14707420642014693370.prm
[INFO]:[01:34:42] Starting CPLEX solver on instance: /home/yorig/tuner/mpils-tests/instances/miplib/easy/supportcase33.mps with config: /scratch/yorig/mpils-results-grid-seconds-5-4may/easy/4proc/seed-2/10_supportcase33_seed-2_20260505_012158/iterated_local_search/run_8_worker_3/ils_config_14707420642014693370.prm
[INFO]:[01:34:47] CPLEX results. Gap: 109.900000, upper bound: -220.000000, lower bound: -461.784966
[INFO]:[01:34:47] CPLEX solver finished. Gap: 109.900000
[INFO]:[01:34:47] Starting CPLEX solver on instance: /home/yorig/tuner/mpils-tests/instances/miplib/easy/supportcase33.mps with config: /scratch/yorig/mpils-results-grid-seconds-5-4may/easy/4proc/seed-2/10_supportcase33_seed-2_20260505_012158/iterated_local_search/run_8_worker_3/ils_config_7952071022552003841.prm
[INFO]:[01:34:47] Starting CPLEX solver on instance: /home/yorig/tuner/mpils-tests/instances/miplib/easy/supportcase33.mps with config: /scratch/yorig/mpils-results-grid-seconds-5-4may/easy/4proc/seed-2/10_supportcase33_seed-2_20260505_012158/iterated_local_search/run_8_worker_3/ils_config_7952071022552003841.prm
[INFO]:[01:34:52] CPLEX results. Gap: 78.860000, upper bound: -245.000000, lower bound: -438.209867
[INFO]:[01:34:52] CPLEX solver finished. Gap: 78.860000
[INFO]:[01:34:52] Starting CPLEX solver on instance: /home/yorig/tuner/mpils-tests/instances/miplib/easy/supportcase33.mps with config: /scratch/yorig/mpils-results-grid-seconds-5-4may/easy/4proc/seed-2/10_supportcase33_seed-2_20260505_012158/iterated_local_search/run_8_worker_3/ils_config_11737244546305325125.prm
[INFO]:[01:34:52] Starting CPLEX solver on instance: /home/yorig/tuner/mpils-tests/instances/miplib/easy/supportcase33.mps with config: /scratch/yorig/mpils-results-grid-seconds-5-4may/easy/4proc/seed-2/10_supportcase33_seed-2_20260505_012158/iterated_local_search/run_8_worker_3/ils_config_11737244546305325125.prm
[INFO]:[01:34:57] CPLEX results. Gap: 109.900000, upper bound: -220.000000, lower bound: -461.784966
[INFO]:[01:34:57] CPLEX solver finished. Gap: 109.900000
[INFO]:[01:34:57] Starting CPLEX solver on instance: /home/yorig/tuner/mpils-tests/instances/miplib/easy/supportcase33.mps with config: /scratch/yorig/mpils-results-grid-seconds-5-4may/easy/4proc/seed-2/10_supportcase33_seed-2_20260505_012158/iterated_local_search/run_8_worker_3/ils_config_4179115949508491872.prm
[INFO]:[01:34:57] Starting CPLEX solver on instance: /home/yorig/tuner/mpils-tests/instances/miplib/easy/supportcase33.mps with config: /scratch/yorig/mpils-results-grid-seconds-5-4may/easy/4proc/seed-2/10_supportcase33_seed-2_20260505_012158/iterated_local_search/run_8_worker_3/ils_config_4179115949508491872.prm
[INFO]:[01:35:02] CPLEX results. Gap: 119.900000, upper bound: -210.000000, lower bound: -461.784966
[INFO]:[01:35:02] CPLEX solver finished. Gap: 119.900000
[INFO]:[01:35:02] Starting CPLEX solver on instance: /home/yorig/tuner/mpils-tests/instances/miplib/easy/supportcase33.mps with config: /scratch/yorig/mpils-results-grid-seconds-5-4may/easy/4proc/seed-2/10_supportcase33_seed-2_20260505_012158/iterated_local_search/run_8_worker_3/ils_config_1650626449990127226.prm
[INFO]:[01:35:02] Starting CPLEX solver on instance: /home/yorig/tuner/mpils-tests/instances/miplib/easy/supportcase33.mps with config: /scratch/yorig/mpils-results-grid-seconds-5-4may/easy/4proc/seed-2/10_supportcase33_seed-2_20260505_012158/iterated_local_search/run_8_worker_3/ils_config_1650626449990127226.prm
[INFO]:[01:35:07] CPLEX results. Gap: 78.660000, upper bound: -245.000000, lower bound: -437.708191
[INFO]:[01:35:07] CPLEX solver finished. Gap: 78.660000
[INFO]:[01:35:07] Starting CPLEX solver on instance: /home/yorig/tuner/mpils-tests/instances/miplib/easy/supportcase33.mps with config: /scratch/yorig/mpils-results-grid-seconds-5-4may/easy/4proc/seed-2/10_supportcase33_seed-2_20260505_012158/iterated_local_search/run_8_worker_3/ils_config_2811400421565068648.prm
[INFO]:[01:35:07] Starting CPLEX solver on instance: /home/yorig/tuner/mpils-tests/instances/miplib/easy/supportcase33.mps with config: /scratch/yorig/mpils-results-grid-seconds-5-4may/easy/4proc/seed-2/10_supportcase33_seed-2_20260505_012158/iterated_local_search/run_8_worker_3/ils_config_2811400421565068648.prm
[INFO]:[01:35:12] CPLEX results. Gap: 70.340000, upper bound: -260.000000, lower bound: -442.872127
[INFO]:[01:35:12] CPLEX solver finished. Gap: 70.340000
[INFO]:[01:35:12] New incumbent found with objective value: 70.34
[INFO]:[01:35:12] Local search phase completed.
[INFO]:[01:35:12] Total number of new local-search evaluations: 30
[INFO]:[01:35:12] Final incumbent objective value: 70.34
[INFO]:[01:35:12] Worker 3 completed exploration phase.
[INFO]:[01:35:13] Worker 3 received order for step 2.
[INFO]:[01:35:13] Worker 3 running expansion phase for iteration 8.
[INFO]:[01:35:13] Worker 3 will use solver log file: /scratch/yorig/mpils-results-grid-seconds-5-4may/easy/4proc/seed-2/10_supportcase33_seed-2_20260505_012158/solver/cplex.log_iteration_expansion_8_worker_3
[INFO]:[01:35:13] Expansion Worker 3 starting expansion for iteration 8.
[INFO]:[01:35:13] Starting CPLEX solver on instance: /home/yorig/tuner/mpils-tests/instances/miplib/easy/supportcase33.mps with config: /scratch/yorig/mpils-results-grid-seconds-5-4may/easy/4proc/seed-2/10_supportcase33_seed-2_20260505_012158/expansion/config_param_CPXPARAM_Barrier_Ordering_2_iter_8.prm
[INFO]:[01:35:18] CPLEX results. Gap: 65.310000, upper bound: -245.000000, lower bound: -405.000000
[INFO]:[01:35:18] CPLEX solver finished. Gap: 65.310000
[INFO]:[01:35:18] Starting CPLEX solver on instance: /home/yorig/tuner/mpils-tests/instances/miplib/easy/supportcase33.mps with config: /scratch/yorig/mpils-results-grid-seconds-5-4may/easy/4proc/seed-2/10_supportcase33_seed-2_20260505_012158/expansion/config_param_CPXPARAM_Barrier_StartAlg_4_iter_8.prm
[INFO]:[01:35:23] CPLEX results. Gap: 65.310000, upper bound: -245.000000, lower bound: -405.000000
[INFO]:[01:35:23] CPLEX solver finished. Gap: 65.310000
[INFO]:[01:35:23] Starting CPLEX solver on instance: /home/yorig/tuner/mpils-tests/instances/miplib/easy/supportcase33.mps with config: /scratch/yorig/mpils-results-grid-seconds-5-4may/easy/4proc/seed-2/10_supportcase33_seed-2_20260505_012158/expansion/config_param_CPXPARAM_Preprocessing_CoeffReduce_1_iter_8.prm
[INFO]:[01:35:28] CPLEX results. Gap: 54.550000, upper bound: -275.000000, lower bound: -425.000000
[INFO]:[01:35:28] CPLEX solver finished. Gap: 54.550000
[INFO]:[01:35:28] Starting CPLEX solver on instance: /home/yorig/tuner/mpils-tests/instances/miplib/easy/supportcase33.mps with config: /scratch/yorig/mpils-results-grid-seconds-5-4may/easy/4proc/seed-2/10_supportcase33_seed-2_20260505_012158/expansion/config_param_CPXPARAM_Simplex_Crash_0_iter_8.prm
[INFO]:[01:35:33] CPLEX results. Gap: 65.310000, upper bound: -245.000000, lower bound: -405.000000
[INFO]:[01:35:33] CPLEX solver finished. Gap: 65.310000
[INFO]:[01:35:33] Starting CPLEX solver on instance: /home/yorig/tuner/mpils-tests/instances/miplib/easy/supportcase33.mps with config: /scratch/yorig/mpils-results-grid-seconds-5-4may/easy/4proc/seed-2/10_supportcase33_seed-2_20260505_012158/expansion/config_param_CPXPARAM_Preprocessing_Dependency_3_iter_8.prm
[INFO]:[01:35:38] CPLEX results. Gap: 65.990000, upper bound: -245.000000, lower bound: -406.666667
[INFO]:[01:35:38] CPLEX solver finished. Gap: 65.990000
[INFO]:[01:35:38] Starting CPLEX solver on instance: /home/yorig/tuner/mpils-tests/instances/miplib/easy/supportcase33.mps with config: /scratch/yorig/mpils-results-grid-seconds-5-4may/easy/4proc/seed-2/10_supportcase33_seed-2_20260505_012158/expansion/config_param_CPXPARAM_Feasopt_Mode_4_iter_8.prm
[INFO]:[01:35:43] CPLEX results. Gap: 65.310000, upper bound: -245.000000, lower bound: -405.000000
[INFO]:[01:35:43] CPLEX solver finished. Gap: 65.310000
[INFO]:[01:35:43] Starting CPLEX solver on instance: /home/yorig/tuner/mpils-tests/instances/miplib/easy/supportcase33.mps with config: /scratch/yorig/mpils-results-grid-seconds-5-4may/easy/4proc/seed-2/10_supportcase33_seed-2_20260505_012158/expansion/config_param_CPXPARAM_MIP_OrderType_2_iter_8.prm
[INFO]:[01:35:48] CPLEX results. Gap: 65.310000, upper bound: -245.000000, lower bound: -405.000000
[INFO]:[01:35:48] CPLEX solver finished. Gap: 65.310000
[INFO]:[01:35:53] Expansion Worker 3 completed expansion.
[INFO]:[01:35:53] Worker 3 completed expansion phase.
[INFO]:[01:35:54] Worker 3 received order for step 1.
[INFO]:[01:35:54] Worker 3 running exploration phase for iteration 9.
[INFO]:[01:35:54] Worker 3 at iteration 9 will not use a MIP start file. Current best MIP-start upper bound threshold is 1.79769e+308.
[INFO]:[01:35:54] Starting local search phase...
[INFO]:[01:35:54] Creating local search space from parameter space file: /scratch/yorig/mpils-results-grid-seconds-5-4may/easy/4proc/seed-2/10_supportcase33_seed-2_20260505_012158/iterated_local_search/search_space/search_space_file_9_worker_3.txt
[INFO]:[01:35:54] Local search space loaded from file: /scratch/yorig/mpils-results-grid-seconds-5-4may/easy/4proc/seed-2/10_supportcase33_seed-2_20260505_012158/iterated_local_search/search_space/search_space_file_9_worker_3.txt
[INFO]:[01:35:54] Number of parameters in local search space: 71
[INFO]:[01:35:54] Number of forbidden tuples in local search space: 174
[INFO]:[01:35:54] Number of conditionals in local search space: 6
[INFO]:[01:35:54] MIP start option not enabled. Local search will proceed without MIP start.
[INFO]:[01:35:54] Evaluating initial configuration for local search phase...
[INFO]:[01:35:54] Starting CPLEX solver on instance: /home/yorig/tuner/mpils-tests/instances/miplib/easy/supportcase33.mps with config: /scratch/yorig/mpils-results-grid-seconds-5-4may/easy/4proc/seed-2/10_supportcase33_seed-2_20260505_012158/iterated_local_search/run_9_worker_3/ils_config_3820622882182414712.prm
[INFO]:[01:35:54] Starting CPLEX solver on instance: /home/yorig/tuner/mpils-tests/instances/miplib/easy/supportcase33.mps with config: /scratch/yorig/mpils-results-grid-seconds-5-4may/easy/4proc/seed-2/10_supportcase33_seed-2_20260505_012158/iterated_local_search/run_9_worker_3/ils_config_3820622882182414712.prm
[INFO]:[01:35:59] CPLEX results. Gap: 74.840000, upper bound: -265.000000, lower bound: -463.333333
[INFO]:[01:35:59] CPLEX solver finished. Gap: 74.840000
[INFO]:[01:35:59] Initial configuration evaluated with objective value: 74.84
[INFO]:[01:35:59] Starting CPLEX solver on instance: /home/yorig/tuner/mpils-tests/instances/miplib/easy/supportcase33.mps with config: /scratch/yorig/mpils-results-grid-seconds-5-4may/easy/4proc/seed-2/10_supportcase33_seed-2_20260505_012158/iterated_local_search/run_9_worker_3/ils_config_15891779909128854202.prm
[INFO]:[01:35:59] Starting CPLEX solver on instance: /home/yorig/tuner/mpils-tests/instances/miplib/easy/supportcase33.mps with config: /scratch/yorig/mpils-results-grid-seconds-5-4may/easy/4proc/seed-2/10_supportcase33_seed-2_20260505_012158/iterated_local_search/run_9_worker_3/ils_config_15891779909128854202.prm
[INFO]:[01:36:04] CPLEX results. Gap: 74.840000, upper bound: -265.000000, lower bound: -463.333333
[INFO]:[01:36:04] CPLEX solver finished. Gap: 74.840000
[INFO]:[01:36:04] Starting CPLEX solver on instance: /home/yorig/tuner/mpils-tests/instances/miplib/easy/supportcase33.mps with config: /scratch/yorig/mpils-results-grid-seconds-5-4may/easy/4proc/seed-2/10_supportcase33_seed-2_20260505_012158/iterated_local_search/run_9_worker_3/ils_config_15851760060844804143.prm
[INFO]:[01:36:04] Starting CPLEX solver on instance: /home/yorig/tuner/mpils-tests/instances/miplib/easy/supportcase33.mps with config: /scratch/yorig/mpils-results-grid-seconds-5-4may/easy/4proc/seed-2/10_supportcase33_seed-2_20260505_012158/iterated_local_search/run_9_worker_3/ils_config_15851760060844804143.prm
[INFO]:[01:36:09] CPLEX results. Gap: 54.310000, upper bound: -300.000000, lower bound: -462.924528
[INFO]:[01:36:09] CPLEX solver finished. Gap: 54.310000
[INFO]:[01:36:09] New incumbent found with objective value: 54.31
[INFO]:[01:36:09] Starting CPLEX solver on instance: /home/yorig/tuner/mpils-tests/instances/miplib/easy/supportcase33.mps with config: /scratch/yorig/mpils-results-grid-seconds-5-4may/easy/4proc/seed-2/10_supportcase33_seed-2_20260505_012158/iterated_local_search/run_9_worker_3/ils_config_11481049670152229074.prm
[INFO]:[01:36:09] Starting CPLEX solver on instance: /home/yorig/tuner/mpils-tests/instances/miplib/easy/supportcase33.mps with config: /scratch/yorig/mpils-results-grid-seconds-5-4may/easy/4proc/seed-2/10_supportcase33_seed-2_20260505_012158/iterated_local_search/run_9_worker_3/ils_config_11481049670152229074.prm
[INFO]:[01:36:14] CPLEX results. Gap: 49.330000, upper bound: -310.000000, lower bound: -462.924528
[INFO]:[01:36:14] CPLEX solver finished. Gap: 49.330000
[INFO]:[01:36:14] New incumbent found with objective value: 49.33
[INFO]:[01:36:14] Starting CPLEX solver on instance: /home/yorig/tuner/mpils-tests/instances/miplib/easy/supportcase33.mps with config: /scratch/yorig/mpils-results-grid-seconds-5-4may/easy/4proc/seed-2/10_supportcase33_seed-2_20260505_012158/iterated_local_search/run_9_worker_3/ils_config_349883861898138268.prm
[INFO]:[01:36:14] Starting CPLEX solver on instance: /home/yorig/tuner/mpils-tests/instances/miplib/easy/supportcase33.mps with config: /scratch/yorig/mpils-results-grid-seconds-5-4may/easy/4proc/seed-2/10_supportcase33_seed-2_20260505_012158/iterated_local_search/run_9_worker_3/ils_config_349883861898138268.prm
[INFO]:[01:36:19] CPLEX results. Gap: 50.570000, upper bound: -305.000000, lower bound: -459.230769
[INFO]:[01:36:19] CPLEX solver finished. Gap: 50.570000
[INFO]:[01:36:19] Starting CPLEX solver on instance: /home/yorig/tuner/mpils-tests/instances/miplib/easy/supportcase33.mps with config: /scratch/yorig/mpils-results-grid-seconds-5-4may/easy/4proc/seed-2/10_supportcase33_seed-2_20260505_012158/iterated_local_search/run_9_worker_3/ils_config_9518071935239673843.prm
[INFO]:[01:36:19] Starting CPLEX solver on instance: /home/yorig/tuner/mpils-tests/instances/miplib/easy/supportcase33.mps with config: /scratch/yorig/mpils-results-grid-seconds-5-4may/easy/4proc/seed-2/10_supportcase33_seed-2_20260505_012158/iterated_local_search/run_9_worker_3/ils_config_9518071935239673843.prm
[INFO]:[01:36:24] CPLEX results. Gap: 59.220000, upper bound: -290.000000, lower bound: -461.739130
[INFO]:[01:36:24] CPLEX solver finished. Gap: 59.220000
[INFO]:[01:36:24] Starting CPLEX solver on instance: /home/yorig/tuner/mpils-tests/instances/miplib/easy/supportcase33.mps with config: /scratch/yorig/mpils-results-grid-seconds-5-4may/easy/4proc/seed-2/10_supportcase33_seed-2_20260505_012158/iterated_local_search/run_9_worker_3/ils_config_2866325302625604024.prm
[INFO]:[01:36:24] Starting CPLEX solver on instance: /home/yorig/tuner/mpils-tests/instances/miplib/easy/supportcase33.mps with config: /scratch/yorig/mpils-results-grid-seconds-5-4may/easy/4proc/seed-2/10_supportcase33_seed-2_20260505_012158/iterated_local_search/run_9_worker_3/ils_config_2866325302625604024.prm
[INFO]:[01:36:29] CPLEX results. Gap: 49.320000, upper bound: -310.000000, lower bound: -462.894737
[INFO]:[01:36:29] CPLEX solver finished. Gap: 49.320000
[INFO]:[01:36:29] New incumbent found with objective value: 49.32
[INFO]:[01:36:30] Starting CPLEX solver on instance: /home/yorig/tuner/mpils-tests/instances/miplib/easy/supportcase33.mps with config: /scratch/yorig/mpils-results-grid-seconds-5-4may/easy/4proc/seed-2/10_supportcase33_seed-2_20260505_012158/iterated_local_search/run_9_worker_3/ils_config_13910916306970652451.prm
[INFO]:[01:36:30] Starting CPLEX solver on instance: /home/yorig/tuner/mpils-tests/instances/miplib/easy/supportcase33.mps with config: /scratch/yorig/mpils-results-grid-seconds-5-4may/easy/4proc/seed-2/10_supportcase33_seed-2_20260505_012158/iterated_local_search/run_9_worker_3/ils_config_13910916306970652451.prm
[INFO]:[01:36:35] CPLEX results. Gap: 62.570000, upper bound: -285.000000, lower bound: -463.333333
[INFO]:[01:36:35] CPLEX solver finished. Gap: 62.570000
[INFO]:[01:36:35] Starting CPLEX solver on instance: /home/yorig/tuner/mpils-tests/instances/miplib/easy/supportcase33.mps with config: /scratch/yorig/mpils-results-grid-seconds-5-4may/easy/4proc/seed-2/10_supportcase33_seed-2_20260505_012158/iterated_local_search/run_9_worker_3/ils_config_5185436976485408763.prm
[INFO]:[01:36:35] Starting CPLEX solver on instance: /home/yorig/tuner/mpils-tests/instances/miplib/easy/supportcase33.mps with config: /scratch/yorig/mpils-results-grid-seconds-5-4may/easy/4proc/seed-2/10_supportcase33_seed-2_20260505_012158/iterated_local_search/run_9_worker_3/ils_config_5185436976485408763.prm
[INFO]:[01:36:40] CPLEX results. Gap: 51.770000, upper bound: -305.000000, lower bound: -462.894737
[INFO]:[01:36:40] CPLEX solver finished. Gap: 51.770000
[INFO]:[01:36:40] Starting CPLEX solver on instance: /home/yorig/tuner/mpils-tests/instances/miplib/easy/supportcase33.mps with config: /scratch/yorig/mpils-results-grid-seconds-5-4may/easy/4proc/seed-2/10_supportcase33_seed-2_20260505_012158/iterated_local_search/run_9_worker_3/ils_config_12115981935077624167.prm
[INFO]:[01:36:40] Starting CPLEX solver on instance: /home/yorig/tuner/mpils-tests/instances/miplib/easy/supportcase33.mps with config: /scratch/yorig/mpils-results-grid-seconds-5-4may/easy/4proc/seed-2/10_supportcase33_seed-2_20260505_012158/iterated_local_search/run_9_worker_3/ils_config_12115981935077624167.prm
[INFO]:[01:36:45] CPLEX results. Gap: 74.690000, upper bound: -265.000000, lower bound: -462.924528
[INFO]:[01:36:45] CPLEX solver finished. Gap: 74.690000
[INFO]:[01:36:45] Starting CPLEX solver on instance: /home/yorig/tuner/mpils-tests/instances/miplib/easy/supportcase33.mps with config: /scratch/yorig/mpils-results-grid-seconds-5-4may/easy/4proc/seed-2/10_supportcase33_seed-2_20260505_012158/iterated_local_search/run_9_worker_3/ils_config_14238287695976952465.prm
[INFO]:[01:36:45] Starting CPLEX solver on instance: /home/yorig/tuner/mpils-tests/instances/miplib/easy/supportcase33.mps with config: /scratch/yorig/mpils-results-grid-seconds-5-4may/easy/4proc/seed-2/10_supportcase33_seed-2_20260505_012158/iterated_local_search/run_9_worker_3/ils_config_14238287695976952465.prm
[INFO]:[01:36:50] CPLEX results. Gap: 59.630000, upper bound: -290.000000, lower bound: -462.924528
[INFO]:[01:36:50] CPLEX solver finished. Gap: 59.630000
[INFO]:[01:36:50] Starting CPLEX solver on instance: /home/yorig/tuner/mpils-tests/instances/miplib/easy/supportcase33.mps with config: /scratch/yorig/mpils-results-grid-seconds-5-4may/easy/4proc/seed-2/10_supportcase33_seed-2_20260505_012158/iterated_local_search/run_9_worker_3/ils_config_8887750852341524257.prm
[INFO]:[01:36:50] Starting CPLEX solver on instance: /home/yorig/tuner/mpils-tests/instances/miplib/easy/supportcase33.mps with config: /scratch/yorig/mpils-results-grid-seconds-5-4may/easy/4proc/seed-2/10_supportcase33_seed-2_20260505_012158/iterated_local_search/run_9_worker_3/ils_config_8887750852341524257.prm
[INFO]:[01:36:55] CPLEX results. Gap: 49.330000, upper bound: -310.000000, lower bound: -462.924528
[INFO]:[01:36:55] CPLEX solver finished. Gap: 49.330000
[INFO]:[01:36:55] Starting CPLEX solver on instance: /home/yorig/tuner/mpils-tests/instances/miplib/easy/supportcase33.mps with config: /scratch/yorig/mpils-results-grid-seconds-5-4may/easy/4proc/seed-2/10_supportcase33_seed-2_20260505_012158/iterated_local_search/run_9_worker_3/ils_config_10967382958375214774.prm
[INFO]:[01:36:55] Starting CPLEX solver on instance: /home/yorig/tuner/mpils-tests/instances/miplib/easy/supportcase33.mps with config: /scratch/yorig/mpils-results-grid-seconds-5-4may/easy/4proc/seed-2/10_supportcase33_seed-2_20260505_012158/iterated_local_search/run_9_worker_3/ils_config_10967382958375214774.prm
[INFO]:[01:37:00] CPLEX results. Gap: 49.330000, upper bound: -310.000000, lower bound: -462.924528
[INFO]:[01:37:00] CPLEX solver finished. Gap: 49.330000
[INFO]:[01:37:00] Starting CPLEX solver on instance: /home/yorig/tuner/mpils-tests/instances/miplib/easy/supportcase33.mps with config: /scratch/yorig/mpils-results-grid-seconds-5-4may/easy/4proc/seed-2/10_supportcase33_seed-2_20260505_012158/iterated_local_search/run_9_worker_3/ils_config_5616144142673833402.prm
[INFO]:[01:37:00] Starting CPLEX solver on instance: /home/yorig/tuner/mpils-tests/instances/miplib/easy/supportcase33.mps with config: /scratch/yorig/mpils-results-grid-seconds-5-4may/easy/4proc/seed-2/10_supportcase33_seed-2_20260505_012158/iterated_local_search/run_9_worker_3/ils_config_5616144142673833402.prm
[INFO]:[01:37:05] CPLEX results. Gap: 49.320000, upper bound: -310.000000, lower bound: -462.894737
[INFO]:[01:37:05] CPLEX solver finished. Gap: 49.320000
[INFO]:[01:37:05] Starting CPLEX solver on instance: /home/yorig/tuner/mpils-tests/instances/miplib/easy/supportcase33.mps with config: /scratch/yorig/mpils-results-grid-seconds-5-4may/easy/4proc/seed-2/10_supportcase33_seed-2_20260505_012158/iterated_local_search/run_9_worker_3/ils_config_7557408927909636988.prm
[INFO]:[01:37:05] Starting CPLEX solver on instance: /home/yorig/tuner/mpils-tests/instances/miplib/easy/supportcase33.mps with config: /scratch/yorig/mpils-results-grid-seconds-5-4may/easy/4proc/seed-2/10_supportcase33_seed-2_20260505_012158/iterated_local_search/run_9_worker_3/ils_config_7557408927909636988.prm
[INFO]:[01:37:10] CPLEX results. Gap: 49.330000, upper bound: -310.000000, lower bound: -462.924528
[INFO]:[01:37:10] CPLEX solver finished. Gap: 49.330000
[INFO]:[01:37:10] Starting CPLEX solver on instance: /home/yorig/tuner/mpils-tests/instances/miplib/easy/supportcase33.mps with config: /scratch/yorig/mpils-results-grid-seconds-5-4may/easy/4proc/seed-2/10_supportcase33_seed-2_20260505_012158/iterated_local_search/run_9_worker_3/ils_config_8194437836451070848.prm
[INFO]:[01:37:10] Starting CPLEX solver on instance: /home/yorig/tuner/mpils-tests/instances/miplib/easy/supportcase33.mps with config: /scratch/yorig/mpils-results-grid-seconds-5-4may/easy/4proc/seed-2/10_supportcase33_seed-2_20260505_012158/iterated_local_search/run_9_worker_3/ils_config_8194437836451070848.prm
[INFO]:[01:37:15] CPLEX results. Gap: 74.660000, upper bound: -265.000000, lower bound: -462.842520
[INFO]:[01:37:15] CPLEX solver finished. Gap: 74.660000
[INFO]:[01:37:15] Starting CPLEX solver on instance: /home/yorig/tuner/mpils-tests/instances/miplib/easy/supportcase33.mps with config: /scratch/yorig/mpils-results-grid-seconds-5-4may/easy/4proc/seed-2/10_supportcase33_seed-2_20260505_012158/iterated_local_search/run_9_worker_3/ils_config_12098763509845112871.prm
[INFO]:[01:37:15] Starting CPLEX solver on instance: /home/yorig/tuner/mpils-tests/instances/miplib/easy/supportcase33.mps with config: /scratch/yorig/mpils-results-grid-seconds-5-4may/easy/4proc/seed-2/10_supportcase33_seed-2_20260505_012158/iterated_local_search/run_9_worker_3/ils_config_12098763509845112871.prm
[INFO]:[01:37:20] CPLEX results. Gap: 49.330000, upper bound: -310.000000, lower bound: -462.924528
[INFO]:[01:37:20] CPLEX solver finished. Gap: 49.330000
[INFO]:[01:37:20] Starting CPLEX solver on instance: /home/yorig/tuner/mpils-tests/instances/miplib/easy/supportcase33.mps with config: /scratch/yorig/mpils-results-grid-seconds-5-4may/easy/4proc/seed-2/10_supportcase33_seed-2_20260505_012158/iterated_local_search/run_9_worker_3/ils_config_12045633088948486275.prm
[INFO]:[01:37:20] Starting CPLEX solver on instance: /home/yorig/tuner/mpils-tests/instances/miplib/easy/supportcase33.mps with config: /scratch/yorig/mpils-results-grid-seconds-5-4may/easy/4proc/seed-2/10_supportcase33_seed-2_20260505_012158/iterated_local_search/run_9_worker_3/ils_config_12045633088948486275.prm
[INFO]:[01:37:26] CPLEX results. Gap: 59.610000, upper bound: -285.000000, lower bound: -454.891304
[INFO]:[01:37:26] CPLEX solver finished. Gap: 59.610000
[INFO]:[01:37:26] Local search phase completed.
[INFO]:[01:37:26] Total number of new local-search evaluations: 18
[INFO]:[01:37:26] Final incumbent objective value: 49.32
[INFO]:[01:37:26] Worker 3 completed exploration phase.
[INFO]:[01:37:26] Worker 3 received order for step 2.
[INFO]:[01:37:26] Worker 3 running expansion phase for iteration 9.
[INFO]:[01:37:26] Worker 3 will use solver log file: /scratch/yorig/mpils-results-grid-seconds-5-4may/easy/4proc/seed-2/10_supportcase33_seed-2_20260505_012158/solver/cplex.log_iteration_expansion_9_worker_3
[INFO]:[01:37:26] Expansion Worker 3 starting expansion for iteration 9.
[INFO]:[01:37:26] Starting CPLEX solver on instance: /home/yorig/tuner/mpils-tests/instances/miplib/easy/supportcase33.mps with config: /scratch/yorig/mpils-results-grid-seconds-5-4may/easy/4proc/seed-2/10_supportcase33_seed-2_20260505_012158/expansion/config_param_CPXPARAM_Network_Pricing_2_iter_9.prm
[INFO]:[01:37:31] CPLEX results. Gap: 65.310000, upper bound: -245.000000, lower bound: -405.000000
[INFO]:[01:37:31] CPLEX solver finished. Gap: 65.310000
[INFO]:[01:37:31] Starting CPLEX solver on instance: /home/yorig/tuner/mpils-tests/instances/miplib/easy/supportcase33.mps with config: /scratch/yorig/mpils-results-grid-seconds-5-4may/easy/4proc/seed-2/10_supportcase33_seed-2_20260505_012158/expansion/config_param_CPXPARAM_MIP_Strategy_File_3_iter_9.prm
[INFO]:[01:37:36] CPLEX results. Gap: 65.310000, upper bound: -245.000000, lower bound: -405.000000
[INFO]:[01:37:36] CPLEX solver finished. Gap: 65.310000
[INFO]:[01:37:36] Starting CPLEX solver on instance: /home/yorig/tuner/mpils-tests/instances/miplib/easy/supportcase33.mps with config: /scratch/yorig/mpils-results-grid-seconds-5-4may/easy/4proc/seed-2/10_supportcase33_seed-2_20260505_012158/expansion/config_param_CPXPARAM_Preprocessing_Reduce_2_iter_9.prm
[INFO]:[01:37:41] CPLEX results. Gap: 64.810000, upper bound: -270.000000, lower bound: -445.000000
[INFO]:[01:37:41] CPLEX solver finished. Gap: 64.810000
[INFO]:[01:37:41] Expansion Worker 3 stopping early after global MPI expansion stop was activated.
[INFO]:[01:37:41] Expansion Worker 3 completed expansion.
[INFO]:[01:37:41] Worker 3 completed expansion phase.
[INFO]:[01:37:41] Worker 3 received order for step 1.
[INFO]:[01:37:41] Worker 3 running exploration phase for iteration 10.
[INFO]:[01:37:41] Worker 3 at iteration 10 will not use a MIP start file. Current best MIP-start upper bound threshold is 1.79769e+308.
[INFO]:[01:37:41] Starting local search phase...
[INFO]:[01:37:41] Creating local search space from parameter space file: /scratch/yorig/mpils-results-grid-seconds-5-4may/easy/4proc/seed-2/10_supportcase33_seed-2_20260505_012158/iterated_local_search/search_space/search_space_file_10_worker_3.txt
[INFO]:[01:37:41] Local search space loaded from file: /scratch/yorig/mpils-results-grid-seconds-5-4may/easy/4proc/seed-2/10_supportcase33_seed-2_20260505_012158/iterated_local_search/search_space/search_space_file_10_worker_3.txt
[INFO]:[01:37:41] Number of parameters in local search space: 71
[INFO]:[01:37:41] Number of forbidden tuples in local search space: 199
[INFO]:[01:37:41] Number of conditionals in local search space: 6
[INFO]:[01:37:41] MIP start option not enabled. Local search will proceed without MIP start.
[INFO]:[01:37:41] Evaluating initial configuration for local search phase...
[INFO]:[01:37:41] Starting CPLEX solver on instance: /home/yorig/tuner/mpils-tests/instances/miplib/easy/supportcase33.mps with config: /scratch/yorig/mpils-results-grid-seconds-5-4may/easy/4proc/seed-2/10_supportcase33_seed-2_20260505_012158/iterated_local_search/run_10_worker_3/ils_config_4728186056882679774.prm
[INFO]:[01:37:41] Starting CPLEX solver on instance: /home/yorig/tuner/mpils-tests/instances/miplib/easy/supportcase33.mps with config: /scratch/yorig/mpils-results-grid-seconds-5-4may/easy/4proc/seed-2/10_supportcase33_seed-2_20260505_012158/iterated_local_search/run_10_worker_3/ils_config_4728186056882679774.prm
[INFO]:[01:37:46] CPLEX results. Gap: 69.820000, upper bound: -260.000000, lower bound: -441.539989
[INFO]:[01:37:46] CPLEX solver finished. Gap: 69.820000
[INFO]:[01:37:46] Initial configuration evaluated with objective value: 69.82
[INFO]:[01:37:46] Starting CPLEX solver on instance: /home/yorig/tuner/mpils-tests/instances/miplib/easy/supportcase33.mps with config: /scratch/yorig/mpils-results-grid-seconds-5-4may/easy/4proc/seed-2/10_supportcase33_seed-2_20260505_012158/iterated_local_search/run_10_worker_3/ils_config_5476034143486417591.prm
[INFO]:[01:37:46] Starting CPLEX solver on instance: /home/yorig/tuner/mpils-tests/instances/miplib/easy/supportcase33.mps with config: /scratch/yorig/mpils-results-grid-seconds-5-4may/easy/4proc/seed-2/10_supportcase33_seed-2_20260505_012158/iterated_local_search/run_10_worker_3/ils_config_5476034143486417591.prm
[INFO]:[01:37:52] CPLEX results. Gap: 91.970000, upper bound: -230.000000, lower bound: -441.539989
[INFO]:[01:37:52] CPLEX solver finished. Gap: 91.970000
[INFO]:[01:37:52] Starting CPLEX solver on instance: /home/yorig/tuner/mpils-tests/instances/miplib/easy/supportcase33.mps with config: /scratch/yorig/mpils-results-grid-seconds-5-4may/easy/4proc/seed-2/10_supportcase33_seed-2_20260505_012158/iterated_local_search/run_10_worker_3/ils_config_12348369445409080001.prm
[INFO]:[01:37:52] Starting CPLEX solver on instance: /home/yorig/tuner/mpils-tests/instances/miplib/easy/supportcase33.mps with config: /scratch/yorig/mpils-results-grid-seconds-5-4may/easy/4proc/seed-2/10_supportcase33_seed-2_20260505_012158/iterated_local_search/run_10_worker_3/ils_config_12348369445409080001.prm
[INFO]:[01:37:57] CPLEX results. Gap: 63.890000, upper bound: -270.000000, lower bound: -442.500000
[INFO]:[01:37:57] CPLEX solver finished. Gap: 63.890000
[INFO]:[01:37:57] New incumbent found with objective value: 63.89
[INFO]:[01:37:57] Starting CPLEX solver on instance: /home/yorig/tuner/mpils-tests/instances/miplib/easy/supportcase33.mps with config: /scratch/yorig/mpils-results-grid-seconds-5-4may/easy/4proc/seed-2/10_supportcase33_seed-2_20260505_012158/iterated_local_search/run_10_worker_3/ils_config_15417421176254198030.prm
[INFO]:[01:37:57] Starting CPLEX solver on instance: /home/yorig/tuner/mpils-tests/instances/miplib/easy/supportcase33.mps with config: /scratch/yorig/mpils-results-grid-seconds-5-4may/easy/4proc/seed-2/10_supportcase33_seed-2_20260505_012158/iterated_local_search/run_10_worker_3/ils_config_15417421176254198030.prm
[INFO]:[01:38:02] CPLEX results. Gap: 58.040000, upper bound: -280.000000, lower bound: -442.500000
[INFO]:[01:38:02] CPLEX solver finished. Gap: 58.040000
[INFO]:[01:38:02] New incumbent found with objective value: 58.04
[INFO]:[01:38:02] Starting CPLEX solver on instance: /home/yorig/tuner/mpils-tests/instances/miplib/easy/supportcase33.mps with config: /scratch/yorig/mpils-results-grid-seconds-5-4may/easy/4proc/seed-2/10_supportcase33_seed-2_20260505_012158/iterated_local_search/run_10_worker_3/ils_config_13384789486989613827.prm
[INFO]:[01:38:02] Starting CPLEX solver on instance: /home/yorig/tuner/mpils-tests/instances/miplib/easy/supportcase33.mps with config: /scratch/yorig/mpils-results-grid-seconds-5-4may/easy/4proc/seed-2/10_supportcase33_seed-2_20260505_012158/iterated_local_search/run_10_worker_3/ils_config_13384789486989613827.prm
[INFO]:[01:38:07] CPLEX results. Gap: 66.980000, upper bound: -265.000000, lower bound: -442.500000
[INFO]:[01:38:07] CPLEX solver finished. Gap: 66.980000
[INFO]:[01:38:07] Starting CPLEX solver on instance: /home/yorig/tuner/mpils-tests/instances/miplib/easy/supportcase33.mps with config: /scratch/yorig/mpils-results-grid-seconds-5-4may/easy/4proc/seed-2/10_supportcase33_seed-2_20260505_012158/iterated_local_search/run_10_worker_3/ils_config_6580097407427921488.prm
[INFO]:[01:38:07] Starting CPLEX solver on instance: /home/yorig/tuner/mpils-tests/instances/miplib/easy/supportcase33.mps with config: /scratch/yorig/mpils-results-grid-seconds-5-4may/easy/4proc/seed-2/10_supportcase33_seed-2_20260505_012158/iterated_local_search/run_10_worker_3/ils_config_6580097407427921488.prm
[INFO]:[01:38:12] CPLEX results. Gap: 322.080000, upper bound: -105.000000, lower bound: -443.188976
[INFO]:[01:38:12] CPLEX solver finished. Gap: 322.080000
[INFO]:[01:38:12] Starting CPLEX solver on instance: /home/yorig/tuner/mpils-tests/instances/miplib/easy/supportcase33.mps with config: /scratch/yorig/mpils-results-grid-seconds-5-4may/easy/4proc/seed-2/10_supportcase33_seed-2_20260505_012158/iterated_local_search/run_10_worker_3/ils_config_17984334203858921917.prm
[INFO]:[01:38:12] Starting CPLEX solver on instance: /home/yorig/tuner/mpils-tests/instances/miplib/easy/supportcase33.mps with config: /scratch/yorig/mpils-results-grid-seconds-5-4may/easy/4proc/seed-2/10_supportcase33_seed-2_20260505_012158/iterated_local_search/run_10_worker_3/ils_config_17984334203858921917.prm
[INFO]:[01:38:17] CPLEX results. Gap: 58.040000, upper bound: -280.000000, lower bound: -442.500000
[INFO]:[01:38:17] CPLEX solver finished. Gap: 58.040000
[INFO]:[01:38:17] Starting CPLEX solver on instance: /home/yorig/tuner/mpils-tests/instances/miplib/easy/supportcase33.mps with config: /scratch/yorig/mpils-results-grid-seconds-5-4may/easy/4proc/seed-2/10_supportcase33_seed-2_20260505_012158/iterated_local_search/run_10_worker_3/ils_config_9641454892259758513.prm
[INFO]:[01:38:17] Starting CPLEX solver on instance: /home/yorig/tuner/mpils-tests/instances/miplib/easy/supportcase33.mps with config: /scratch/yorig/mpils-results-grid-seconds-5-4may/easy/4proc/seed-2/10_supportcase33_seed-2_20260505_012158/iterated_local_search/run_10_worker_3/ils_config_9641454892259758513.prm
[INFO]:[01:38:22] CPLEX results. Gap: 45.080000, upper bound: -305.000000, lower bound: -442.500000
[INFO]:[01:38:22] CPLEX solver finished. Gap: 45.080000
[INFO]:[01:38:22] New incumbent found with objective value: 45.08
[INFO]:[01:38:22] Starting CPLEX solver on instance: /home/yorig/tuner/mpils-tests/instances/miplib/easy/supportcase33.mps with config: /scratch/yorig/mpils-results-grid-seconds-5-4may/easy/4proc/seed-2/10_supportcase33_seed-2_20260505_012158/iterated_local_search/run_10_worker_3/ils_config_17838227664358711681.prm
[INFO]:[01:38:22] Starting CPLEX solver on instance: /home/yorig/tuner/mpils-tests/instances/miplib/easy/supportcase33.mps with config: /scratch/yorig/mpils-results-grid-seconds-5-4may/easy/4proc/seed-2/10_supportcase33_seed-2_20260505_012158/iterated_local_search/run_10_worker_3/ils_config_17838227664358711681.prm
[INFO]:[01:38:27] CPLEX results. Gap: 45.080000, upper bound: -305.000000, lower bound: -442.500000
[INFO]:[01:38:27] CPLEX solver finished. Gap: 45.080000
[INFO]:[01:38:27] Starting CPLEX solver on instance: /home/yorig/tuner/mpils-tests/instances/miplib/easy/supportcase33.mps with config: /scratch/yorig/mpils-results-grid-seconds-5-4may/easy/4proc/seed-2/10_supportcase33_seed-2_20260505_012158/iterated_local_search/run_10_worker_3/ils_config_11341481093946883295.prm
[INFO]:[01:38:27] Starting CPLEX solver on instance: /home/yorig/tuner/mpils-tests/instances/miplib/easy/supportcase33.mps with config: /scratch/yorig/mpils-results-grid-seconds-5-4may/easy/4proc/seed-2/10_supportcase33_seed-2_20260505_012158/iterated_local_search/run_10_worker_3/ils_config_11341481093946883295.prm
[INFO]:[01:38:33] CPLEX results. Gap: 58.040000, upper bound: -280.000000, lower bound: -442.500000
[INFO]:[01:38:33] CPLEX solver finished. Gap: 58.040000
[INFO]:[01:38:33] Starting CPLEX solver on instance: /home/yorig/tuner/mpils-tests/instances/miplib/easy/supportcase33.mps with config: /scratch/yorig/mpils-results-grid-seconds-5-4may/easy/4proc/seed-2/10_supportcase33_seed-2_20260505_012158/iterated_local_search/run_10_worker_3/ils_config_14439983996833712008.prm
[INFO]:[01:38:33] Starting CPLEX solver on instance: /home/yorig/tuner/mpils-tests/instances/miplib/easy/supportcase33.mps with config: /scratch/yorig/mpils-results-grid-seconds-5-4may/easy/4proc/seed-2/10_supportcase33_seed-2_20260505_012158/iterated_local_search/run_10_worker_3/ils_config_14439983996833712008.prm
[INFO]:[01:38:38] CPLEX results. Gap: 58.040000, upper bound: -280.000000, lower bound: -442.500000
[INFO]:[01:38:38] CPLEX solver finished. Gap: 58.040000
[INFO]:[01:38:38] Starting CPLEX solver on instance: /home/yorig/tuner/mpils-tests/instances/miplib/easy/supportcase33.mps with config: /scratch/yorig/mpils-results-grid-seconds-5-4may/easy/4proc/seed-2/10_supportcase33_seed-2_20260505_012158/iterated_local_search/run_10_worker_3/ils_config_11064577425848903047.prm
[INFO]:[01:38:38] Starting CPLEX solver on instance: /home/yorig/tuner/mpils-tests/instances/miplib/easy/supportcase33.mps with config: /scratch/yorig/mpils-results-grid-seconds-5-4may/easy/4proc/seed-2/10_supportcase33_seed-2_20260505_012158/iterated_local_search/run_10_worker_3/ils_config_11064577425848903047.prm
[INFO]:[01:38:43] CPLEX results. Gap: 70.190000, upper bound: -260.000000, lower bound: -442.500000
[INFO]:[01:38:43] CPLEX solver finished. Gap: 70.190000
[INFO]:[01:38:43] Starting CPLEX solver on instance: /home/yorig/tuner/mpils-tests/instances/miplib/easy/supportcase33.mps with config: /scratch/yorig/mpils-results-grid-seconds-5-4may/easy/4proc/seed-2/10_supportcase33_seed-2_20260505_012158/iterated_local_search/run_10_worker_3/ils_config_12079099699928413278.prm
[INFO]:[01:38:43] Starting CPLEX solver on instance: /home/yorig/tuner/mpils-tests/instances/miplib/easy/supportcase33.mps with config: /scratch/yorig/mpils-results-grid-seconds-5-4may/easy/4proc/seed-2/10_supportcase33_seed-2_20260505_012158/iterated_local_search/run_10_worker_3/ils_config_12079099699928413278.prm
[INFO]:[01:38:48] CPLEX results. Gap: 58.040000, upper bound: -280.000000, lower bound: -442.500000
[INFO]:[01:38:48] CPLEX solver finished. Gap: 58.040000
[INFO]:[01:38:48] Starting CPLEX solver on instance: /home/yorig/tuner/mpils-tests/instances/miplib/easy/supportcase33.mps with config: /scratch/yorig/mpils-results-grid-seconds-5-4may/easy/4proc/seed-2/10_supportcase33_seed-2_20260505_012158/iterated_local_search/run_10_worker_3/ils_config_3671362565933373449.prm
[INFO]:[01:38:48] Starting CPLEX solver on instance: /home/yorig/tuner/mpils-tests/instances/miplib/easy/supportcase33.mps with config: /scratch/yorig/mpils-results-grid-seconds-5-4may/easy/4proc/seed-2/10_supportcase33_seed-2_20260505_012158/iterated_local_search/run_10_worker_3/ils_config_3671362565933373449.prm
[INFO]:[01:38:53] CPLEX results. Gap: 58.040000, upper bound: -280.000000, lower bound: -442.500000
[INFO]:[01:38:53] CPLEX solver finished. Gap: 58.040000
[INFO]:[01:38:53] Starting CPLEX solver on instance: /home/yorig/tuner/mpils-tests/instances/miplib/easy/supportcase33.mps with config: /scratch/yorig/mpils-results-grid-seconds-5-4may/easy/4proc/seed-2/10_supportcase33_seed-2_20260505_012158/iterated_local_search/run_10_worker_3/ils_config_3705789441634680783.prm
[INFO]:[01:38:53] Starting CPLEX solver on instance: /home/yorig/tuner/mpils-tests/instances/miplib/easy/supportcase33.mps with config: /scratch/yorig/mpils-results-grid-seconds-5-4may/easy/4proc/seed-2/10_supportcase33_seed-2_20260505_012158/iterated_local_search/run_10_worker_3/ils_config_3705789441634680783.prm
[INFO]:[01:38:58] CPLEX results. Gap: 71.150000, upper bound: -260.000000, lower bound: -445.000000
[INFO]:[01:38:58] CPLEX solver finished. Gap: 71.150000
[INFO]:[01:38:58] Starting CPLEX solver on instance: /home/yorig/tuner/mpils-tests/instances/miplib/easy/supportcase33.mps with config: /scratch/yorig/mpils-results-grid-seconds-5-4may/easy/4proc/seed-2/10_supportcase33_seed-2_20260505_012158/iterated_local_search/run_10_worker_3/ils_config_12458142404389972550.prm
[INFO]:[01:38:58] Starting CPLEX solver on instance: /home/yorig/tuner/mpils-tests/instances/miplib/easy/supportcase33.mps with config: /scratch/yorig/mpils-results-grid-seconds-5-4may/easy/4proc/seed-2/10_supportcase33_seed-2_20260505_012158/iterated_local_search/run_10_worker_3/ils_config_12458142404389972550.prm
[INFO]:[01:39:03] CPLEX results. Gap: 45.080000, upper bound: -305.000000, lower bound: -442.500000
[INFO]:[01:39:03] CPLEX solver finished. Gap: 45.080000
[INFO]:[01:39:03] Starting CPLEX solver on instance: /home/yorig/tuner/mpils-tests/instances/miplib/easy/supportcase33.mps with config: /scratch/yorig/mpils-results-grid-seconds-5-4may/easy/4proc/seed-2/10_supportcase33_seed-2_20260505_012158/iterated_local_search/run_10_worker_3/ils_config_11308487430788949828.prm
[INFO]:[01:39:03] Starting CPLEX solver on instance: /home/yorig/tuner/mpils-tests/instances/miplib/easy/supportcase33.mps with config: /scratch/yorig/mpils-results-grid-seconds-5-4may/easy/4proc/seed-2/10_supportcase33_seed-2_20260505_012158/iterated_local_search/run_10_worker_3/ils_config_11308487430788949828.prm
[INFO]:[01:39:08] CPLEX results. Gap: 45.080000, upper bound: -305.000000, lower bound: -442.500000
[INFO]:[01:39:08] CPLEX solver finished. Gap: 45.080000
[INFO]:[01:39:08] Starting CPLEX solver on instance: /home/yorig/tuner/mpils-tests/instances/miplib/easy/supportcase33.mps with config: /scratch/yorig/mpils-results-grid-seconds-5-4may/easy/4proc/seed-2/10_supportcase33_seed-2_20260505_012158/iterated_local_search/run_10_worker_3/ils_config_8767785518724062307.prm
[INFO]:[01:39:08] Starting CPLEX solver on instance: /home/yorig/tuner/mpils-tests/instances/miplib/easy/supportcase33.mps with config: /scratch/yorig/mpils-results-grid-seconds-5-4may/easy/4proc/seed-2/10_supportcase33_seed-2_20260505_012158/iterated_local_search/run_10_worker_3/ils_config_8767785518724062307.prm
[INFO]:[01:39:13] CPLEX results. Gap: 71.150000, upper bound: -260.000000, lower bound: -445.000000
[INFO]:[01:39:13] CPLEX solver finished. Gap: 71.150000
[INFO]:[01:39:13] Starting CPLEX solver on instance: /home/yorig/tuner/mpils-tests/instances/miplib/easy/supportcase33.mps with config: /scratch/yorig/mpils-results-grid-seconds-5-4may/easy/4proc/seed-2/10_supportcase33_seed-2_20260505_012158/iterated_local_search/run_10_worker_3/ils_config_2242403471291320530.prm
[INFO]:[01:39:13] Starting CPLEX solver on instance: /home/yorig/tuner/mpils-tests/instances/miplib/easy/supportcase33.mps with config: /scratch/yorig/mpils-results-grid-seconds-5-4may/easy/4proc/seed-2/10_supportcase33_seed-2_20260505_012158/iterated_local_search/run_10_worker_3/ils_config_2242403471291320530.prm
[INFO]:[01:39:19] CPLEX results. Gap: 58.040000, upper bound: -280.000000, lower bound: -442.500000
[INFO]:[01:39:19] CPLEX solver finished. Gap: 58.040000
[INFO]:[01:39:19] Starting CPLEX solver on instance: /home/yorig/tuner/mpils-tests/instances/miplib/easy/supportcase33.mps with config: /scratch/yorig/mpils-results-grid-seconds-5-4may/easy/4proc/seed-2/10_supportcase33_seed-2_20260505_012158/iterated_local_search/run_10_worker_3/ils_config_9274038999584410963.prm
[INFO]:[01:39:19] Starting CPLEX solver on instance: /home/yorig/tuner/mpils-tests/instances/miplib/easy/supportcase33.mps with config: /scratch/yorig/mpils-results-grid-seconds-5-4may/easy/4proc/seed-2/10_supportcase33_seed-2_20260505_012158/iterated_local_search/run_10_worker_3/ils_config_9274038999584410963.prm
[INFO]:[01:39:24] CPLEX results. Gap: 58.040000, upper bound: -280.000000, lower bound: -442.500000
[INFO]:[01:39:24] CPLEX solver finished. Gap: 58.040000
[INFO]:[01:39:24] Starting CPLEX solver on instance: /home/yorig/tuner/mpils-tests/instances/miplib/easy/supportcase33.mps with config: /scratch/yorig/mpils-results-grid-seconds-5-4may/easy/4proc/seed-2/10_supportcase33_seed-2_20260505_012158/iterated_local_search/run_10_worker_3/ils_config_10567077325238727620.prm
[INFO]:[01:39:24] Starting CPLEX solver on instance: /home/yorig/tuner/mpils-tests/instances/miplib/easy/supportcase33.mps with config: /scratch/yorig/mpils-results-grid-seconds-5-4may/easy/4proc/seed-2/10_supportcase33_seed-2_20260505_012158/iterated_local_search/run_10_worker_3/ils_config_10567077325238727620.prm
[INFO]:[01:39:29] CPLEX results. Gap: 63.890000, upper bound: -270.000000, lower bound: -442.500000
[INFO]:[01:39:29] CPLEX solver finished. Gap: 63.890000
[INFO]:[01:39:29] Starting CPLEX solver on instance: /home/yorig/tuner/mpils-tests/instances/miplib/easy/supportcase33.mps with config: /scratch/yorig/mpils-results-grid-seconds-5-4may/easy/4proc/seed-2/10_supportcase33_seed-2_20260505_012158/iterated_local_search/run_10_worker_3/ils_config_16836773289616952457.prm
[INFO]:[01:39:29] Starting CPLEX solver on instance: /home/yorig/tuner/mpils-tests/instances/miplib/easy/supportcase33.mps with config: /scratch/yorig/mpils-results-grid-seconds-5-4may/easy/4proc/seed-2/10_supportcase33_seed-2_20260505_012158/iterated_local_search/run_10_worker_3/ils_config_16836773289616952457.prm
[INFO]:[01:39:34] CPLEX results. Gap: 58.040000, upper bound: -280.000000, lower bound: -442.500000
[INFO]:[01:39:34] CPLEX solver finished. Gap: 58.040000
[INFO]:[01:39:34] Starting CPLEX solver on instance: /home/yorig/tuner/mpils-tests/instances/miplib/easy/supportcase33.mps with config: /scratch/yorig/mpils-results-grid-seconds-5-4may/easy/4proc/seed-2/10_supportcase33_seed-2_20260505_012158/iterated_local_search/run_10_worker_3/ils_config_9446750683448157184.prm
[INFO]:[01:39:34] Starting CPLEX solver on instance: /home/yorig/tuner/mpils-tests/instances/miplib/easy/supportcase33.mps with config: /scratch/yorig/mpils-results-grid-seconds-5-4may/easy/4proc/seed-2/10_supportcase33_seed-2_20260505_012158/iterated_local_search/run_10_worker_3/ils_config_9446750683448157184.prm
[INFO]:[01:39:39] CPLEX results. Gap: 63.890000, upper bound: -270.000000, lower bound: -442.500000
[INFO]:[01:39:39] CPLEX solver finished. Gap: 63.890000
[INFO]:[01:39:39] Starting CPLEX solver on instance: /home/yorig/tuner/mpils-tests/instances/miplib/easy/supportcase33.mps with config: /scratch/yorig/mpils-results-grid-seconds-5-4may/easy/4proc/seed-2/10_supportcase33_seed-2_20260505_012158/iterated_local_search/run_10_worker_3/ils_config_4574463153065371747.prm
[INFO]:[01:39:39] Starting CPLEX solver on instance: /home/yorig/tuner/mpils-tests/instances/miplib/easy/supportcase33.mps with config: /scratch/yorig/mpils-results-grid-seconds-5-4may/easy/4proc/seed-2/10_supportcase33_seed-2_20260505_012158/iterated_local_search/run_10_worker_3/ils_config_4574463153065371747.prm
[INFO]:[01:39:44] CPLEX results. Gap: 95.560000, upper bound: -225.000000, lower bound: -440.000000
[INFO]:[01:39:44] CPLEX solver finished. Gap: 95.560000
[INFO]:[01:39:44] Starting CPLEX solver on instance: /home/yorig/tuner/mpils-tests/instances/miplib/easy/supportcase33.mps with config: /scratch/yorig/mpils-results-grid-seconds-5-4may/easy/4proc/seed-2/10_supportcase33_seed-2_20260505_012158/iterated_local_search/run_10_worker_3/ils_config_16668865325564768860.prm
[INFO]:[01:39:44] Starting CPLEX solver on instance: /home/yorig/tuner/mpils-tests/instances/miplib/easy/supportcase33.mps with config: /scratch/yorig/mpils-results-grid-seconds-5-4may/easy/4proc/seed-2/10_supportcase33_seed-2_20260505_012158/iterated_local_search/run_10_worker_3/ils_config_16668865325564768860.prm
[INFO]:[01:39:49] CPLEX results. Gap: 45.080000, upper bound: -305.000000, lower bound: -442.500000
[INFO]:[01:39:49] CPLEX solver finished. Gap: 45.080000
[INFO]:[01:39:49] Starting CPLEX solver on instance: /home/yorig/tuner/mpils-tests/instances/miplib/easy/supportcase33.mps with config: /scratch/yorig/mpils-results-grid-seconds-5-4may/easy/4proc/seed-2/10_supportcase33_seed-2_20260505_012158/iterated_local_search/run_10_worker_3/ils_config_12748104352934552371.prm
[INFO]:[01:39:49] Starting CPLEX solver on instance: /home/yorig/tuner/mpils-tests/instances/miplib/easy/supportcase33.mps with config: /scratch/yorig/mpils-results-grid-seconds-5-4may/easy/4proc/seed-2/10_supportcase33_seed-2_20260505_012158/iterated_local_search/run_10_worker_3/ils_config_12748104352934552371.prm
[INFO]:[01:39:54] CPLEX results. Gap: 58.040000, upper bound: -280.000000, lower bound: -442.500000
[INFO]:[01:39:54] CPLEX solver finished. Gap: 58.040000
[INFO]:[01:39:54] Starting CPLEX solver on instance: /home/yorig/tuner/mpils-tests/instances/miplib/easy/supportcase33.mps with config: /scratch/yorig/mpils-results-grid-seconds-5-4may/easy/4proc/seed-2/10_supportcase33_seed-2_20260505_012158/iterated_local_search/run_10_worker_3/ils_config_14241107738380901762.prm
[INFO]:[01:39:54] Starting CPLEX solver on instance: /home/yorig/tuner/mpils-tests/instances/miplib/easy/supportcase33.mps with config: /scratch/yorig/mpils-results-grid-seconds-5-4may/easy/4proc/seed-2/10_supportcase33_seed-2_20260505_012158/iterated_local_search/run_10_worker_3/ils_config_14241107738380901762.prm
[INFO]:[01:39:59] CPLEX results. Gap: 55.260000, upper bound: -285.000000, lower bound: -442.500000
[INFO]:[01:39:59] CPLEX solver finished. Gap: 55.260000
[INFO]:[01:39:59] Local search phase completed.
[INFO]:[01:39:59] Total number of new local-search evaluations: 27
[INFO]:[01:39:59] Final incumbent objective value: 45.08
[INFO]:[01:39:59] Worker 3 completed exploration phase.
[INFO]:[01:39:59] Worker 3 received order for step 2.
[INFO]:[01:39:59] Worker 3 running expansion phase for iteration 10.
[INFO]:[01:39:59] Worker 3 will use solver log file: /scratch/yorig/mpils-results-grid-seconds-5-4may/easy/4proc/seed-2/10_supportcase33_seed-2_20260505_012158/solver/cplex.log_iteration_expansion_10_worker_3
[INFO]:[01:39:59] Expansion Worker 3 starting expansion for iteration 10.
[INFO]:[01:39:59] Starting CPLEX solver on instance: /home/yorig/tuner/mpils-tests/instances/miplib/easy/supportcase33.mps with config: /scratch/yorig/mpils-results-grid-seconds-5-4may/easy/4proc/seed-2/10_supportcase33_seed-2_20260505_012158/expansion/config_param_CPXPARAM_Preprocessing_RepeatPresolve_1_iter_10.prm
[INFO]:[01:40:05] CPLEX results. Gap: 60.380000, upper bound: -265.000000, lower bound: -425.000000
[INFO]:[01:40:05] CPLEX solver finished. Gap: 60.380000
[INFO]:[01:40:05] Starting CPLEX solver on instance: /home/yorig/tuner/mpils-tests/instances/miplib/easy/supportcase33.mps with config: /scratch/yorig/mpils-results-grid-seconds-5-4may/easy/4proc/seed-2/10_supportcase33_seed-2_20260505_012158/expansion/config_param_CPXPARAM_LPMethod_2_iter_10.prm
[INFO]:[01:40:10] CPLEX results. Gap: 38.980000, upper bound: -295.000000, lower bound: -410.000000
[INFO]:[01:40:10] CPLEX solver finished. Gap: 38.980000
[INFO]:[01:40:10] Starting CPLEX solver on instance: /home/yorig/tuner/mpils-tests/instances/miplib/easy/supportcase33.mps with config: /scratch/yorig/mpils-results-grid-seconds-5-4may/easy/4proc/seed-2/10_supportcase33_seed-2_20260505_012158/expansion/config_param_CPXPARAM_LPMethod_6_iter_10.prm
[INFO]:[01:40:15] CPLEX results. Gap: 39.830000, upper bound: -295.000000, lower bound: -412.500000
[INFO]:[01:40:15] CPLEX solver finished. Gap: 39.830000
[INFO]:[01:40:15] Starting CPLEX solver on instance: /home/yorig/tuner/mpils-tests/instances/miplib/easy/supportcase33.mps with config: /scratch/yorig/mpils-results-grid-seconds-5-4may/easy/4proc/seed-2/10_supportcase33_seed-2_20260505_012158/expansion/config_param_CPXPARAM_Sifting_Algorithm_2_iter_10.prm
[INFO]:[01:40:20] CPLEX results. Gap: 39.830000, upper bound: -295.000000, lower bound: -412.500000
[INFO]:[01:40:20] CPLEX solver finished. Gap: 39.830000
[INFO]:[01:40:20] Starting CPLEX solver on instance: /home/yorig/tuner/mpils-tests/instances/miplib/easy/supportcase33.mps with config: /scratch/yorig/mpils-results-grid-seconds-5-4may/easy/4proc/seed-2/10_supportcase33_seed-2_20260505_012158/expansion/config_param_CPXPARAM_Simplex_Limits_Singularity_2_iter_10.prm
[INFO]:[01:40:25] CPLEX results. Gap: 39.830000, upper bound: -295.000000, lower bound: -412.500000
[INFO]:[01:40:25] CPLEX solver finished. Gap: 39.830000
[INFO]:[01:40:25] Starting CPLEX solver on instance: /home/yorig/tuner/mpils-tests/instances/miplib/easy/supportcase33.mps with config: /scratch/yorig/mpils-results-grid-seconds-5-4may/easy/4proc/seed-2/10_supportcase33_seed-2_20260505_012158/expansion/config_param_CPXPARAM_Barrier_Algorithm_1_iter_10.prm
[INFO]:[01:40:30] CPLEX results. Gap: 39.830000, upper bound: -295.000000, lower bound: -412.500000
[INFO]:[01:40:30] CPLEX solver finished. Gap: 39.830000
[INFO]:[01:40:30] Starting CPLEX solver on instance: /home/yorig/tuner/mpils-tests/instances/miplib/easy/supportcase33.mps with config: /scratch/yorig/mpils-results-grid-seconds-5-4may/easy/4proc/seed-2/10_supportcase33_seed-2_20260505_012158/expansion/config_param_CPXPARAM_MIP_Limits_StrongCand_5_iter_10.prm
[INFO]:[01:40:35] CPLEX results. Gap: 39.830000, upper bound: -295.000000, lower bound: -412.500000
[INFO]:[01:40:35] CPLEX solver finished. Gap: 39.830000
[INFO]:[01:40:35] Starting CPLEX solver on instance: /home/yorig/tuner/mpils-tests/instances/miplib/easy/supportcase33.mps with config: /scratch/yorig/mpils-results-grid-seconds-5-4may/easy/4proc/seed-2/10_supportcase33_seed-2_20260505_012158/expansion/config_param_CPXPARAM_MIP_Limits_Nodes_0_iter_10.prm
[INFO]:[01:40:39] CPLEX results. Gap: 73.470000, upper bound: -245.000000, lower bound: -425.000000
[INFO]:[01:40:39] CPLEX solver finished. Gap: 73.470000
[INFO]:[01:40:40] Expansion Worker 3 completed expansion.
[INFO]:[01:40:40] Worker 3 completed expansion phase.
[INFO]:[01:40:41] Worker 3 received order for step 1.
[INFO]:[01:40:41] Worker 3 running exploration phase for iteration 11.
[INFO]:[01:40:41] Worker 3 at iteration 11 will not use a MIP start file. Current best MIP-start upper bound threshold is 1.79769e+308.
[INFO]:[01:40:41] Starting local search phase...
[INFO]:[01:40:41] Creating local search space from parameter space file: /scratch/yorig/mpils-results-grid-seconds-5-4may/easy/4proc/seed-2/10_supportcase33_seed-2_20260505_012158/iterated_local_search/search_space/search_space_file_11_worker_3.txt
[INFO]:[01:40:41] Local search space loaded from file: /scratch/yorig/mpils-results-grid-seconds-5-4may/easy/4proc/seed-2/10_supportcase33_seed-2_20260505_012158/iterated_local_search/search_space/search_space_file_11_worker_3.txt
[INFO]:[01:40:41] Number of parameters in local search space: 71
[INFO]:[01:40:41] Number of forbidden tuples in local search space: 224
[INFO]:[01:40:41] Number of conditionals in local search space: 6
[INFO]:[01:40:41] MIP start option not enabled. Local search will proceed without MIP start.
[INFO]:[01:40:41] Evaluating initial configuration for local search phase...
[INFO]:[01:40:41] Starting CPLEX solver on instance: /home/yorig/tuner/mpils-tests/instances/miplib/easy/supportcase33.mps with config: /scratch/yorig/mpils-results-grid-seconds-5-4may/easy/4proc/seed-2/10_supportcase33_seed-2_20260505_012158/iterated_local_search/run_11_worker_3/ils_config_14437667263485490356.prm
[INFO]:[01:40:41] Starting CPLEX solver on instance: /home/yorig/tuner/mpils-tests/instances/miplib/easy/supportcase33.mps with config: /scratch/yorig/mpils-results-grid-seconds-5-4may/easy/4proc/seed-2/10_supportcase33_seed-2_20260505_012158/iterated_local_search/run_11_worker_3/ils_config_14437667263485490356.prm
[INFO]:[01:40:46] CPLEX results. Gap: 5425.000000, upper bound: -10.000000, lower bound: -552.500000
[INFO]:[01:40:46] CPLEX solver finished. Gap: 5425.000000
[INFO]:[01:40:46] Initial configuration evaluated with objective value: 5425
[INFO]:[01:40:46] Starting CPLEX solver on instance: /home/yorig/tuner/mpils-tests/instances/miplib/easy/supportcase33.mps with config: /scratch/yorig/mpils-results-grid-seconds-5-4may/easy/4proc/seed-2/10_supportcase33_seed-2_20260505_012158/iterated_local_search/run_11_worker_3/ils_config_11551978557137395580.prm
[INFO]:[01:40:46] Starting CPLEX solver on instance: /home/yorig/tuner/mpils-tests/instances/miplib/easy/supportcase33.mps with config: /scratch/yorig/mpils-results-grid-seconds-5-4may/easy/4proc/seed-2/10_supportcase33_seed-2_20260505_012158/iterated_local_search/run_11_worker_3/ils_config_11551978557137395580.prm
[INFO]:[01:40:51] CPLEX results. Gap: 126.830000, upper bound: -205.000000, lower bound: -465.000000
[INFO]:[01:40:51] CPLEX solver finished. Gap: 126.830000
[INFO]:[01:40:51] New incumbent found with objective value: 126.83
[INFO]:[01:40:51] Starting CPLEX solver on instance: /home/yorig/tuner/mpils-tests/instances/miplib/easy/supportcase33.mps with config: /scratch/yorig/mpils-results-grid-seconds-5-4may/easy/4proc/seed-2/10_supportcase33_seed-2_20260505_012158/iterated_local_search/run_11_worker_3/ils_config_15001685941736950830.prm
[INFO]:[01:40:51] Starting CPLEX solver on instance: /home/yorig/tuner/mpils-tests/instances/miplib/easy/supportcase33.mps with config: /scratch/yorig/mpils-results-grid-seconds-5-4may/easy/4proc/seed-2/10_supportcase33_seed-2_20260505_012158/iterated_local_search/run_11_worker_3/ils_config_15001685941736950830.prm
[INFO]:[01:40:56] CPLEX results. Gap: 232.140000, upper bound: -140.000000, lower bound: -465.000000
[INFO]:[01:40:56] CPLEX solver finished. Gap: 232.140000
[INFO]:[01:40:56] Starting CPLEX solver on instance: /home/yorig/tuner/mpils-tests/instances/miplib/easy/supportcase33.mps with config: /scratch/yorig/mpils-results-grid-seconds-5-4may/easy/4proc/seed-2/10_supportcase33_seed-2_20260505_012158/iterated_local_search/run_11_worker_3/ils_config_6043318068003422078.prm
[INFO]:[01:40:56] Starting CPLEX solver on instance: /home/yorig/tuner/mpils-tests/instances/miplib/easy/supportcase33.mps with config: /scratch/yorig/mpils-results-grid-seconds-5-4may/easy/4proc/seed-2/10_supportcase33_seed-2_20260505_012158/iterated_local_search/run_11_worker_3/ils_config_6043318068003422078.prm
[INFO]:[01:41:01] CPLEX results. Gap: 126.830000, upper bound: -205.000000, lower bound: -465.000000
[INFO]:[01:41:01] CPLEX solver finished. Gap: 126.830000
[INFO]:[01:41:01] Starting CPLEX solver on instance: /home/yorig/tuner/mpils-tests/instances/miplib/easy/supportcase33.mps with config: /scratch/yorig/mpils-results-grid-seconds-5-4may/easy/4proc/seed-2/10_supportcase33_seed-2_20260505_012158/iterated_local_search/run_11_worker_3/ils_config_17331231073405475537.prm
[INFO]:[01:41:01] Starting CPLEX solver on instance: /home/yorig/tuner/mpils-tests/instances/miplib/easy/supportcase33.mps with config: /scratch/yorig/mpils-results-grid-seconds-5-4may/easy/4proc/seed-2/10_supportcase33_seed-2_20260505_012158/iterated_local_search/run_11_worker_3/ils_config_17331231073405475537.prm
[INFO]:[01:41:07] CPLEX results. Gap: 126.830000, upper bound: -205.000000, lower bound: -465.000000
[INFO]:[01:41:07] CPLEX solver finished. Gap: 126.830000
[INFO]:[01:41:07] Starting CPLEX solver on instance: /home/yorig/tuner/mpils-tests/instances/miplib/easy/supportcase33.mps with config: /scratch/yorig/mpils-results-grid-seconds-5-4may/easy/4proc/seed-2/10_supportcase33_seed-2_20260505_012158/iterated_local_search/run_11_worker_3/ils_config_7749371851576098993.prm
[INFO]:[01:41:07] Starting CPLEX solver on instance: /home/yorig/tuner/mpils-tests/instances/miplib/easy/supportcase33.mps with config: /scratch/yorig/mpils-results-grid-seconds-5-4may/easy/4proc/seed-2/10_supportcase33_seed-2_20260505_012158/iterated_local_search/run_11_worker_3/ils_config_7749371851576098993.prm
[INFO]:[01:41:12] CPLEX results. Gap: 138.460000, upper bound: -195.000000, lower bound: -465.000000
[INFO]:[01:41:12] CPLEX solver finished. Gap: 138.460000
[INFO]:[01:41:12] Starting CPLEX solver on instance: /home/yorig/tuner/mpils-tests/instances/miplib/easy/supportcase33.mps with config: /scratch/yorig/mpils-results-grid-seconds-5-4may/easy/4proc/seed-2/10_supportcase33_seed-2_20260505_012158/iterated_local_search/run_11_worker_3/ils_config_1995844742436646853.prm
[INFO]:[01:41:12] Starting CPLEX solver on instance: /home/yorig/tuner/mpils-tests/instances/miplib/easy/supportcase33.mps with config: /scratch/yorig/mpils-results-grid-seconds-5-4may/easy/4proc/seed-2/10_supportcase33_seed-2_20260505_012158/iterated_local_search/run_11_worker_3/ils_config_1995844742436646853.prm
[INFO]:[01:41:17] CPLEX results. Gap: 126.830000, upper bound: -205.000000, lower bound: -465.000000
[INFO]:[01:41:17] CPLEX solver finished. Gap: 126.830000
[INFO]:[01:41:17] Starting CPLEX solver on instance: /home/yorig/tuner/mpils-tests/instances/miplib/easy/supportcase33.mps with config: /scratch/yorig/mpils-results-grid-seconds-5-4may/easy/4proc/seed-2/10_supportcase33_seed-2_20260505_012158/iterated_local_search/run_11_worker_3/ils_config_11554769454139362091.prm
[INFO]:[01:41:17] Starting CPLEX solver on instance: /home/yorig/tuner/mpils-tests/instances/miplib/easy/supportcase33.mps with config: /scratch/yorig/mpils-results-grid-seconds-5-4may/easy/4proc/seed-2/10_supportcase33_seed-2_20260505_012158/iterated_local_search/run_11_worker_3/ils_config_11554769454139362091.prm
[INFO]:[01:41:22] CPLEX results. Gap: 126.830000, upper bound: -205.000000, lower bound: -465.000000
[INFO]:[01:41:22] CPLEX solver finished. Gap: 126.830000
[INFO]:[01:41:22] Starting CPLEX solver on instance: /home/yorig/tuner/mpils-tests/instances/miplib/easy/supportcase33.mps with config: /scratch/yorig/mpils-results-grid-seconds-5-4may/easy/4proc/seed-2/10_supportcase33_seed-2_20260505_012158/iterated_local_search/run_11_worker_3/ils_config_1487866985759353794.prm
[INFO]:[01:41:22] Starting CPLEX solver on instance: /home/yorig/tuner/mpils-tests/instances/miplib/easy/supportcase33.mps with config: /scratch/yorig/mpils-results-grid-seconds-5-4may/easy/4proc/seed-2/10_supportcase33_seed-2_20260505_012158/iterated_local_search/run_11_worker_3/ils_config_1487866985759353794.prm
[INFO]:[01:41:27] CPLEX results. Gap: 60.530000, upper bound: -285.000000, lower bound: -457.500000
[INFO]:[01:41:27] CPLEX solver finished. Gap: 60.530000
[INFO]:[01:41:27] New incumbent found with objective value: 60.53
[INFO]:[01:41:27] Starting CPLEX solver on instance: /home/yorig/tuner/mpils-tests/instances/miplib/easy/supportcase33.mps with config: /scratch/yorig/mpils-results-grid-seconds-5-4may/easy/4proc/seed-2/10_supportcase33_seed-2_20260505_012158/iterated_local_search/run_11_worker_3/ils_config_10504612701284695685.prm
[INFO]:[01:41:27] Starting CPLEX solver on instance: /home/yorig/tuner/mpils-tests/instances/miplib/easy/supportcase33.mps with config: /scratch/yorig/mpils-results-grid-seconds-5-4may/easy/4proc/seed-2/10_supportcase33_seed-2_20260505_012158/iterated_local_search/run_11_worker_3/ils_config_10504612701284695685.prm
[INFO]:[01:41:32] CPLEX results. Gap: 60.530000, upper bound: -285.000000, lower bound: -457.500000
[INFO]:[01:41:32] CPLEX solver finished. Gap: 60.530000
[INFO]:[01:41:32] Starting CPLEX solver on instance: /home/yorig/tuner/mpils-tests/instances/miplib/easy/supportcase33.mps with config: /scratch/yorig/mpils-results-grid-seconds-5-4may/easy/4proc/seed-2/10_supportcase33_seed-2_20260505_012158/iterated_local_search/run_11_worker_3/ils_config_17872480836951694830.prm
[INFO]:[01:41:32] Starting CPLEX solver on instance: /home/yorig/tuner/mpils-tests/instances/miplib/easy/supportcase33.mps with config: /scratch/yorig/mpils-results-grid-seconds-5-4may/easy/4proc/seed-2/10_supportcase33_seed-2_20260505_012158/iterated_local_search/run_11_worker_3/ils_config_17872480836951694830.prm
[INFO]:[01:41:38] CPLEX results. Gap: 111.360000, upper bound: -220.000000, lower bound: -465.000000
[INFO]:[01:41:38] CPLEX solver finished. Gap: 111.360000
[INFO]:[01:41:38] Starting CPLEX solver on instance: /home/yorig/tuner/mpils-tests/instances/miplib/easy/supportcase33.mps with config: /scratch/yorig/mpils-results-grid-seconds-5-4may/easy/4proc/seed-2/10_supportcase33_seed-2_20260505_012158/iterated_local_search/run_11_worker_3/ils_config_5002818818865422370.prm
[INFO]:[01:41:38] Starting CPLEX solver on instance: /home/yorig/tuner/mpils-tests/instances/miplib/easy/supportcase33.mps with config: /scratch/yorig/mpils-results-grid-seconds-5-4may/easy/4proc/seed-2/10_supportcase33_seed-2_20260505_012158/iterated_local_search/run_11_worker_3/ils_config_5002818818865422370.prm
[INFO]:[01:41:43] CPLEX results. Gap: 60.530000, upper bound: -285.000000, lower bound: -457.500000
[INFO]:[01:41:43] CPLEX solver finished. Gap: 60.530000
[INFO]:[01:41:43] Starting CPLEX solver on instance: /home/yorig/tuner/mpils-tests/instances/miplib/easy/supportcase33.mps with config: /scratch/yorig/mpils-results-grid-seconds-5-4may/easy/4proc/seed-2/10_supportcase33_seed-2_20260505_012158/iterated_local_search/run_11_worker_3/ils_config_17481851033599685765.prm
[INFO]:[01:41:43] Starting CPLEX solver on instance: /home/yorig/tuner/mpils-tests/instances/miplib/easy/supportcase33.mps with config: /scratch/yorig/mpils-results-grid-seconds-5-4may/easy/4proc/seed-2/10_supportcase33_seed-2_20260505_012158/iterated_local_search/run_11_worker_3/ils_config_17481851033599685765.prm
[INFO]:[01:41:48] CPLEX results. Gap: 82.400000, upper bound: -250.000000, lower bound: -456.000000
[INFO]:[01:41:48] CPLEX solver finished. Gap: 82.400000
[INFO]:[01:41:48] Starting CPLEX solver on instance: /home/yorig/tuner/mpils-tests/instances/miplib/easy/supportcase33.mps with config: /scratch/yorig/mpils-results-grid-seconds-5-4may/easy/4proc/seed-2/10_supportcase33_seed-2_20260505_012158/iterated_local_search/run_11_worker_3/ils_config_8399145066015461871.prm
[INFO]:[01:41:48] Starting CPLEX solver on instance: /home/yorig/tuner/mpils-tests/instances/miplib/easy/supportcase33.mps with config: /scratch/yorig/mpils-results-grid-seconds-5-4may/easy/4proc/seed-2/10_supportcase33_seed-2_20260505_012158/iterated_local_search/run_11_worker_3/ils_config_8399145066015461871.prm
[INFO]:[01:41:53] CPLEX results. Gap: 60.530000, upper bound: -285.000000, lower bound: -457.500000
[INFO]:[01:41:53] CPLEX solver finished. Gap: 60.530000
[INFO]:[01:41:53] Starting CPLEX solver on instance: /home/yorig/tuner/mpils-tests/instances/miplib/easy/supportcase33.mps with config: /scratch/yorig/mpils-results-grid-seconds-5-4may/easy/4proc/seed-2/10_supportcase33_seed-2_20260505_012158/iterated_local_search/run_11_worker_3/ils_config_13712048524629281889.prm
[INFO]:[01:41:53] Starting CPLEX solver on instance: /home/yorig/tuner/mpils-tests/instances/miplib/easy/supportcase33.mps with config: /scratch/yorig/mpils-results-grid-seconds-5-4may/easy/4proc/seed-2/10_supportcase33_seed-2_20260505_012158/iterated_local_search/run_11_worker_3/ils_config_13712048524629281889.prm
[INFO]:[01:41:58] CPLEX results. Gap: 52.500000, upper bound: -300.000000, lower bound: -457.500000
[INFO]:[01:41:58] CPLEX solver finished. Gap: 52.500000
[INFO]:[01:41:58] New incumbent found with objective value: 52.5
[INFO]:[01:41:58] Starting CPLEX solver on instance: /home/yorig/tuner/mpils-tests/instances/miplib/easy/supportcase33.mps with config: /scratch/yorig/mpils-results-grid-seconds-5-4may/easy/4proc/seed-2/10_supportcase33_seed-2_20260505_012158/iterated_local_search/run_11_worker_3/ils_config_11251768622331443115.prm
[INFO]:[01:41:58] Starting CPLEX solver on instance: /home/yorig/tuner/mpils-tests/instances/miplib/easy/supportcase33.mps with config: /scratch/yorig/mpils-results-grid-seconds-5-4may/easy/4proc/seed-2/10_supportcase33_seed-2_20260505_012158/iterated_local_search/run_11_worker_3/ils_config_11251768622331443115.prm
[INFO]:[01:42:03] CPLEX results. Gap: 82.260000, upper bound: -255.000000, lower bound: -464.756098
[INFO]:[01:42:03] CPLEX solver finished. Gap: 82.260000
[INFO]:[01:42:03] Starting CPLEX solver on instance: /home/yorig/tuner/mpils-tests/instances/miplib/easy/supportcase33.mps with config: /scratch/yorig/mpils-results-grid-seconds-5-4may/easy/4proc/seed-2/10_supportcase33_seed-2_20260505_012158/iterated_local_search/run_11_worker_3/ils_config_3027749806156798177.prm
[INFO]:[01:42:03] Starting CPLEX solver on instance: /home/yorig/tuner/mpils-tests/instances/miplib/easy/supportcase33.mps with config: /scratch/yorig/mpils-results-grid-seconds-5-4may/easy/4proc/seed-2/10_supportcase33_seed-2_20260505_012158/iterated_local_search/run_11_worker_3/ils_config_3027749806156798177.prm
[INFO]:[01:42:08] CPLEX results. Gap: 63.390000, upper bound: -280.000000, lower bound: -457.500000
[INFO]:[01:42:08] CPLEX solver finished. Gap: 63.390000
[INFO]:[01:42:08] Starting CPLEX solver on instance: /home/yorig/tuner/mpils-tests/instances/miplib/easy/supportcase33.mps with config: /scratch/yorig/mpils-results-grid-seconds-5-4may/easy/4proc/seed-2/10_supportcase33_seed-2_20260505_012158/iterated_local_search/run_11_worker_3/ils_config_6313231375704850597.prm
[INFO]:[01:42:08] Starting CPLEX solver on instance: /home/yorig/tuner/mpils-tests/instances/miplib/easy/supportcase33.mps with config: /scratch/yorig/mpils-results-grid-seconds-5-4may/easy/4proc/seed-2/10_supportcase33_seed-2_20260505_012158/iterated_local_search/run_11_worker_3/ils_config_6313231375704850597.prm
[INFO]:[01:42:13] CPLEX results. Gap: 52.500000, upper bound: -300.000000, lower bound: -457.500000
[INFO]:[01:42:13] CPLEX solver finished. Gap: 52.500000
[INFO]:[01:42:13] Starting CPLEX solver on instance: /home/yorig/tuner/mpils-tests/instances/miplib/easy/supportcase33.mps with config: /scratch/yorig/mpils-results-grid-seconds-5-4may/easy/4proc/seed-2/10_supportcase33_seed-2_20260505_012158/iterated_local_search/run_11_worker_3/ils_config_3018149564923947278.prm
[INFO]:[01:42:13] Starting CPLEX solver on instance: /home/yorig/tuner/mpils-tests/instances/miplib/easy/supportcase33.mps with config: /scratch/yorig/mpils-results-grid-seconds-5-4may/easy/4proc/seed-2/10_supportcase33_seed-2_20260505_012158/iterated_local_search/run_11_worker_3/ils_config_3018149564923947278.prm
[INFO]:[01:42:18] CPLEX results. Gap: 63.390000, upper bound: -280.000000, lower bound: -457.500000
[INFO]:[01:42:18] CPLEX solver finished. Gap: 63.390000
[INFO]:[01:42:18] Starting CPLEX solver on instance: /home/yorig/tuner/mpils-tests/instances/miplib/easy/supportcase33.mps with config: /scratch/yorig/mpils-results-grid-seconds-5-4may/easy/4proc/seed-2/10_supportcase33_seed-2_20260505_012158/iterated_local_search/run_11_worker_3/ils_config_477836725893889535.prm
[INFO]:[01:42:18] Starting CPLEX solver on instance: /home/yorig/tuner/mpils-tests/instances/miplib/easy/supportcase33.mps with config: /scratch/yorig/mpils-results-grid-seconds-5-4may/easy/4proc/seed-2/10_supportcase33_seed-2_20260505_012158/iterated_local_search/run_11_worker_3/ils_config_477836725893889535.prm
[INFO]:[01:42:24] CPLEX results. Gap: 52.500000, upper bound: -300.000000, lower bound: -457.500000
[INFO]:[01:42:24] CPLEX solver finished. Gap: 52.500000
[INFO]:[01:42:24] Starting CPLEX solver on instance: /home/yorig/tuner/mpils-tests/instances/miplib/easy/supportcase33.mps with config: /scratch/yorig/mpils-results-grid-seconds-5-4may/easy/4proc/seed-2/10_supportcase33_seed-2_20260505_012158/iterated_local_search/run_11_worker_3/ils_config_16701703931730325809.prm
[INFO]:[01:42:24] Starting CPLEX solver on instance: /home/yorig/tuner/mpils-tests/instances/miplib/easy/supportcase33.mps with config: /scratch/yorig/mpils-results-grid-seconds-5-4may/easy/4proc/seed-2/10_supportcase33_seed-2_20260505_012158/iterated_local_search/run_11_worker_3/ils_config_16701703931730325809.prm
[INFO]:[01:42:29] CPLEX results. Gap: 52.500000, upper bound: -300.000000, lower bound: -457.500000
[INFO]:[01:42:29] CPLEX solver finished. Gap: 52.500000
[INFO]:[01:42:29] Starting CPLEX solver on instance: /home/yorig/tuner/mpils-tests/instances/miplib/easy/supportcase33.mps with config: /scratch/yorig/mpils-results-grid-seconds-5-4may/easy/4proc/seed-2/10_supportcase33_seed-2_20260505_012158/iterated_local_search/run_11_worker_3/ils_config_1548878723251465996.prm
[INFO]:[01:42:29] Starting CPLEX solver on instance: /home/yorig/tuner/mpils-tests/instances/miplib/easy/supportcase33.mps with config: /scratch/yorig/mpils-results-grid-seconds-5-4may/easy/4proc/seed-2/10_supportcase33_seed-2_20260505_012158/iterated_local_search/run_11_worker_3/ils_config_1548878723251465996.prm
[INFO]:[01:42:34] CPLEX results. Gap: 52.500000, upper bound: -300.000000, lower bound: -457.500000
[INFO]:[01:42:34] CPLEX solver finished. Gap: 52.500000
[INFO]:[01:42:34] Starting CPLEX solver on instance: /home/yorig/tuner/mpils-tests/instances/miplib/easy/supportcase33.mps with config: /scratch/yorig/mpils-results-grid-seconds-5-4may/easy/4proc/seed-2/10_supportcase33_seed-2_20260505_012158/iterated_local_search/run_11_worker_3/ils_config_10338436521955646521.prm
[INFO]:[01:42:34] Starting CPLEX solver on instance: /home/yorig/tuner/mpils-tests/instances/miplib/easy/supportcase33.mps with config: /scratch/yorig/mpils-results-grid-seconds-5-4may/easy/4proc/seed-2/10_supportcase33_seed-2_20260505_012158/iterated_local_search/run_11_worker_3/ils_config_10338436521955646521.prm
[INFO]:[01:42:39] CPLEX results. Gap: 52.500000, upper bound: -300.000000, lower bound: -457.500000
[INFO]:[01:42:39] CPLEX solver finished. Gap: 52.500000
[INFO]:[01:42:39] Starting CPLEX solver on instance: /home/yorig/tuner/mpils-tests/instances/miplib/easy/supportcase33.mps with config: /scratch/yorig/mpils-results-grid-seconds-5-4may/easy/4proc/seed-2/10_supportcase33_seed-2_20260505_012158/iterated_local_search/run_11_worker_3/ils_config_9533907761344947460.prm
[INFO]:[01:42:39] Starting CPLEX solver on instance: /home/yorig/tuner/mpils-tests/instances/miplib/easy/supportcase33.mps with config: /scratch/yorig/mpils-results-grid-seconds-5-4may/easy/4proc/seed-2/10_supportcase33_seed-2_20260505_012158/iterated_local_search/run_11_worker_3/ils_config_9533907761344947460.prm
[INFO]:[01:42:44] CPLEX results. Gap: 52.500000, upper bound: -300.000000, lower bound: -457.500000
[INFO]:[01:42:44] CPLEX solver finished. Gap: 52.500000
[INFO]:[01:42:44] Starting CPLEX solver on instance: /home/yorig/tuner/mpils-tests/instances/miplib/easy/supportcase33.mps with config: /scratch/yorig/mpils-results-grid-seconds-5-4may/easy/4proc/seed-2/10_supportcase33_seed-2_20260505_012158/iterated_local_search/run_11_worker_3/ils_config_16809497651248034767.prm
[INFO]:[01:42:44] Starting CPLEX solver on instance: /home/yorig/tuner/mpils-tests/instances/miplib/easy/supportcase33.mps with config: /scratch/yorig/mpils-results-grid-seconds-5-4may/easy/4proc/seed-2/10_supportcase33_seed-2_20260505_012158/iterated_local_search/run_11_worker_3/ils_config_16809497651248034767.prm
[INFO]:[01:42:49] CPLEX results. Gap: 69.440000, upper bound: -270.000000, lower bound: -457.500000
[INFO]:[01:42:49] CPLEX solver finished. Gap: 69.440000
[INFO]:[01:42:49] Starting CPLEX solver on instance: /home/yorig/tuner/mpils-tests/instances/miplib/easy/supportcase33.mps with config: /scratch/yorig/mpils-results-grid-seconds-5-4may/easy/4proc/seed-2/10_supportcase33_seed-2_20260505_012158/iterated_local_search/run_11_worker_3/ils_config_10849863263004732940.prm
[INFO]:[01:42:49] Starting CPLEX solver on instance: /home/yorig/tuner/mpils-tests/instances/miplib/easy/supportcase33.mps with config: /scratch/yorig/mpils-results-grid-seconds-5-4may/easy/4proc/seed-2/10_supportcase33_seed-2_20260505_012158/iterated_local_search/run_11_worker_3/ils_config_10849863263004732940.prm
[INFO]:[01:42:54] CPLEX results. Gap: 63.390000, upper bound: -280.000000, lower bound: -457.500000
[INFO]:[01:42:54] CPLEX solver finished. Gap: 63.390000
[INFO]:[01:42:54] Starting CPLEX solver on instance: /home/yorig/tuner/mpils-tests/instances/miplib/easy/supportcase33.mps with config: /scratch/yorig/mpils-results-grid-seconds-5-4may/easy/4proc/seed-2/10_supportcase33_seed-2_20260505_012158/iterated_local_search/run_11_worker_3/ils_config_5036549803685017985.prm
[INFO]:[01:42:54] Starting CPLEX solver on instance: /home/yorig/tuner/mpils-tests/instances/miplib/easy/supportcase33.mps with config: /scratch/yorig/mpils-results-grid-seconds-5-4may/easy/4proc/seed-2/10_supportcase33_seed-2_20260505_012158/iterated_local_search/run_11_worker_3/ils_config_5036549803685017985.prm
[INFO]:[01:42:59] CPLEX results. Gap: 465000000000000.000000, upper bound: 0.000000, lower bound: -465.000000
[INFO]:[01:42:59] CPLEX solver finished. Gap: 465000000000000.000000
[INFO]:[01:42:59] Starting CPLEX solver on instance: /home/yorig/tuner/mpils-tests/instances/miplib/easy/supportcase33.mps with config: /scratch/yorig/mpils-results-grid-seconds-5-4may/easy/4proc/seed-2/10_supportcase33_seed-2_20260505_012158/iterated_local_search/run_11_worker_3/ils_config_11410607604450831243.prm
[INFO]:[01:42:59] Starting CPLEX solver on instance: /home/yorig/tuner/mpils-tests/instances/miplib/easy/supportcase33.mps with config: /scratch/yorig/mpils-results-grid-seconds-5-4may/easy/4proc/seed-2/10_supportcase33_seed-2_20260505_012158/iterated_local_search/run_11_worker_3/ils_config_11410607604450831243.prm
[INFO]:[01:43:04] CPLEX results. Gap: 52.500000, upper bound: -300.000000, lower bound: -457.500000
[INFO]:[01:43:04] CPLEX solver finished. Gap: 52.500000
[INFO]:[01:43:04] Starting CPLEX solver on instance: /home/yorig/tuner/mpils-tests/instances/miplib/easy/supportcase33.mps with config: /scratch/yorig/mpils-results-grid-seconds-5-4may/easy/4proc/seed-2/10_supportcase33_seed-2_20260505_012158/iterated_local_search/run_11_worker_3/ils_config_15875820606657317561.prm
[INFO]:[01:43:04] Starting CPLEX solver on instance: /home/yorig/tuner/mpils-tests/instances/miplib/easy/supportcase33.mps with config: /scratch/yorig/mpils-results-grid-seconds-5-4may/easy/4proc/seed-2/10_supportcase33_seed-2_20260505_012158/iterated_local_search/run_11_worker_3/ils_config_15875820606657317561.prm
[INFO]:[01:43:09] CPLEX results. Gap: 52.500000, upper bound: -300.000000, lower bound: -457.500000
[INFO]:[01:43:09] CPLEX solver finished. Gap: 52.500000
[INFO]:[01:43:09] Starting CPLEX solver on instance: /home/yorig/tuner/mpils-tests/instances/miplib/easy/supportcase33.mps with config: /scratch/yorig/mpils-results-grid-seconds-5-4may/easy/4proc/seed-2/10_supportcase33_seed-2_20260505_012158/iterated_local_search/run_11_worker_3/ils_config_18385862576287697293.prm
[INFO]:[01:43:09] Starting CPLEX solver on instance: /home/yorig/tuner/mpils-tests/instances/miplib/easy/supportcase33.mps with config: /scratch/yorig/mpils-results-grid-seconds-5-4may/easy/4proc/seed-2/10_supportcase33_seed-2_20260505_012158/iterated_local_search/run_11_worker_3/ils_config_18385862576287697293.prm
[INFO]:[01:43:14] CPLEX results. Gap: 69.440000, upper bound: -270.000000, lower bound: -457.500000
[INFO]:[01:43:14] CPLEX solver finished. Gap: 69.440000
[INFO]:[01:43:14] Local search phase completed.
[INFO]:[01:43:14] Total number of new local-search evaluations: 30
[INFO]:[01:43:14] Final incumbent objective value: 52.5
[INFO]:[01:43:15] Worker 3 completed exploration phase.
[INFO]:[01:43:15] Worker 3 received order for step 3.
[INFO]:[01:43:15] Worker 3 finished.
