EvalID,TimeEvaluated,SolverRuntimeSeconds,ObjectiveValue,Gap,UpperBound,LowerBound,ConfigID,MipStartID,WorkerID,Iteration,Phase
1,10,10.015779,5.63,5.630000,50.000000,47.186667,14921508010286178949,null,0,1,0
2,9,9.788150,0,0.000000,48.000000,48.000000,8723278136865304665,null,1,1,0
3,10,10.021200,3.7,3.700000,49.000000,47.186700,15446065792237984030,null,2,1,0
4,10,10.011500,5.63,5.630000,50.000000,47.186700,14075347302301588864,null,3,1,0
