1,0,0,0,-1,0,1,2,0,0,0,0,3,0,1,1,-1,0,-1,0,2,3,0,8,10,0,9223372036800000000,1e+75,0,10,0,0,7,0,0,1,0,0,1,1,0,1,0,0,0,0,2,0,1,-1,-1,-1,-1,0,10,-1,1,1,3,1,-1,-1,0,0,1,0,0,10,0,0,0,12.29
1,0,0,0,-1,0,1,2,0,0,0,0,3,0,1,1,-1,0,-1,0,2,3,0,8,10,0,9223372036800000000,1e+75,0,10,0,0,7,0,0,1,0,0,1,1,0,1,0,0,0,0,2,0,1,-1,-1,-1,-1,0,10,-1,1,1,0,-1,-1,-1,0,0,1,0,0,10,0,0,0,28.96
1,0,0,0,-1,0,1,2,0,0,0,0,3,0,1,1,-1,0,-1,0,2,3,0,8,10,0,9223372036800000000,1e+75,0,10,0,0,7,0,0,3,0,0,1,1,0,1,0,0,0,0,2,0,1,-1,-1,-1,-1,0,10,-1,1,1,3,-1,-1,-1,0,0,1,0,0,10,0,0,0,12.45
1,0,0,0,-1,0,1,2,0,0,0,0,3,0,1,1,-1,0,-1,0,2,3,0,8,10,0,9223372036800000000,1e+75,0,10,0,0,7,0,0,2,0,0,1,1,0,1,0,0,0,0,2,0,1,-1,-1,-1,-1,0,10,-1,1,1,3,-1,-1,-1,0,0,1,0,0,10,0,0,0,12.45
1,0,0,0,-1,0,1,2,0,0,0,0,3,0,1,1,-1,0,-1,0,2,3,0,8,10,0,9223372036800000000,1e+75,0,10,0,0,7,0,0,0,0,0,1,1,0,1,0,0,0,0,2,0,1,-1,-1,-1,-1,0,10,-1,1,1,3,-1,-1,-1,0,0,1,0,0,10,0,0,0,12.45
1,0,0,0,-1,0,1,2,0,0,0,0,3,0,1,1,-1,0,-1,0,2,3,0,8,10,0,9223372036800000000,1e+75,0,10,0,0,7,0,0,1,0,0,1,1,0,1,0,0,0,0,2,3,1,-1,-1,-1,-1,0,10,-1,1,1,3,-1,-1,-1,0,0,1,0,0,10,0,0,0,12.45
1,0,0,0,-1,0,1,2,0,0,0,0,3,0,1,1,-1,0,-1,0,2,3,0,8,10,0,9223372036800000000,1e+75,0,10,0,0,7,0,0,1,0,0,1,1,0,1,0,0,0,0,2,2,1,-1,-1,-1,-1,0,10,-1,1,1,3,-1,-1,-1,0,0,1,0,0,10,0,0,0,12.45
1,0,0,0,-1,0,1,2,0,0,0,0,3,0,1,1,-1,0,-1,0,2,3,0,8,10,0,9223372036800000000,1e+75,0,10,0,0,7,0,0,1,0,0,1,1,0,1,0,0,0,0,2,1,1,-1,-1,-1,-1,0,10,-1,1,1,3,-1,-1,-1,0,0,1,0,0,10,0,0,0,12.45
1,0,0,0,-1,0,1,2,0,0,0,0,3,0,1,1,-1,0,-1,0,2,3,0,8,10,0,9223372036800000000,1e+75,0,10,0,0,7,0,0,1,0,0,1,1,0,1,0,0,0,0,3,0,1,-1,-1,-1,-1,0,10,-1,1,1,3,-1,-1,-1,0,0,1,0,0,10,0,0,0,12.45
1,0,0,0,-1,0,1,2,0,0,0,0,3,0,1,1,-1,0,-1,0,2,3,0,8,10,0,9223372036800000000,1e+75,0,10,0,0,7,0,0,1,0,0,1,1,0,1,0,0,0,0,1,0,1,-1,-1,-1,-1,0,10,-1,1,1,3,-1,-1,-1,0,0,1,0,0,10,0,0,0,12.45
1,0,0,0,-1,0,1,2,0,0,0,0,3,0,1,1,-1,0,-1,0,2,3,0,8,10,0,9223372036800000000,1e+75,0,10,0,2,7,0,0,1,0,0,1,1,0,1,0,0,0,0,2,0,1,-1,-1,-1,-1,0,10,-1,1,1,3,-1,-1,-1,0,0,1,0,0,10,0,0,0,16.33
1,0,0,0,-1,0,1,2,1,0,0,0,3,0,1,1,-1,0,-1,0,2,3,0,8,10,0,9223372036800000000,1e+75,0,10,0,0,7,0,0,1,0,0,1,1,0,1,0,0,0,0,2,0,1,-1,-1,-1,-1,0,10,-1,1,1,3,-1,-1,-1,0,0,1,0,0,10,0,0,0,17.07
1,0,0,0,-1,0,1,2,0,0,5,0,3,0,1,1,-1,0,-1,0,2,3,0,8,10,0,9223372036800000000,1e+75,0,10,0,0,7,0,0,1,0,0,1,1,0,1,0,0,0,0,2,0,1,-1,-1,-1,-1,0,10,-1,1,1,3,-1,-1,-1,0,0,1,0,0,10,0,0,0,12.45
1,0,0,0,-1,0,1,2,0,0,4,0,3,0,1,1,-1,0,-1,0,2,3,0,8,10,0,9223372036800000000,1e+75,0,10,0,0,7,0,0,1,0,0,1,1,0,1,0,0,0,0,2,0,1,-1,-1,-1,-1,0,10,-1,1,1,3,-1,-1,-1,0,0,1,0,0,10,0,0,0,12.46
1,0,0,0,-1,0,1,2,0,0,3,0,3,0,1,1,-1,0,-1,0,2,3,0,8,10,0,9223372036800000000,1e+75,0,10,0,0,7,0,0,1,0,0,1,1,0,1,0,0,0,0,2,0,1,-1,-1,-1,-1,0,10,-1,1,1,3,-1,-1,-1,0,0,1,0,0,10,0,0,0,12.46
1,0,0,0,-1,0,1,2,0,0,2,0,3,0,1,1,-1,0,-1,0,2,3,0,8,10,0,9223372036800000000,1e+75,0,10,0,0,7,0,0,1,0,0,1,1,0,1,0,0,0,0,2,0,1,-1,-1,-1,-1,0,10,-1,1,1,3,-1,-1,-1,0,0,1,0,0,10,0,0,0,12.46
1,0,0,0,-1,0,1,2,0,0,0,0,3,0,1,1,-1,0,-1,0,2,3,0,8,10,0,9223372036800000000,1e+75,0,10,0,0,7,0,0,1,0,0,1,1,0,1,0,0,0,0,2,0,1,-1,-1,-1,2,0,10,-1,1,1,3,-1,-1,-1,0,0,1,0,0,10,0,0,0,12.46
1,0,0,0,-1,0,1,2,0,0,0,0,3,0,1,1,-1,0,-1,0,2,3,0,8,10,0,9223372036800000000,1e+75,0,10,0,0,7,0,0,1,0,0,1,1,0,1,0,0,0,0,2,0,1,-1,-1,-1,0,0,10,-1,1,1,3,-1,-1,-1,0,0,1,0,0,10,0,0,0,12.46
1,0,0,0,-1,0,1,3,0,0,0,0,-1,3,-1,2,0,2,-1,-1,-1,10,0,16,400,0,9223372036800000000,240,0,10,0,0,7,0,0,1,0,0,1,1,2,3,0,0,2,4,2,0,1,-1,-1,0,-1,1,10,-1,1,1,3,-1,-1,-1,0,0,1,0,0,10,4,0,0,15.78
1,0,0,0,-1,0,1,3,0,0,0,0,-1,3,-1,2,0,2,-1,-1,-1,10,0,16,400,0,9223372036800000000,240,0,10,0,0,7,0,0,1,0,0,1,1,2,-1,0,0,2,4,2,0,1,-1,1,0,-1,1,10,-1,1,1,3,-1,-1,-1,0,0,1,0,0,10,4,0,0,16.9
1,0,0,0,-1,0,1,3,0,0,0,0,-1,3,-1,2,0,2,-1,-1,-1,0,0,16,400,0,9223372036800000000,240,0,10,0,0,7,0,0,1,0,0,1,1,2,3,0,0,2,4,2,0,1,-1,1,0,-1,1,10,-1,1,1,3,-1,-1,-1,0,0,1,0,0,10,4,0,0,20.03
1,0,0,0,-1,0,1,3,0,0,0,0,-1,3,-1,2,0,2,-1,-1,-1,10,0,16,400,0,9223372036800000000,240,0,10,0,0,7,0,0,1,0,0,1,1,2,3,0,0,2,4,2,0,1,-1,1,1,-1,1,10,-1,1,1,3,-1,-1,-1,0,0,1,0,0,10,4,0,0,17.26
1,0,0,0,-1,0,1,3,0,0,0,0,-1,3,-1,2,0,2,-1,-1,-1,10,0,16,400,0,9223372036800000000,60,0,10,0,0,7,0,0,1,0,0,1,1,2,3,0,0,2,4,2,0,1,-1,1,0,-1,1,10,-1,1,1,3,-1,-1,-1,0,0,1,0,0,10,4,0,0,15.78
1,0,0,0,-1,0,1,3,0,0,0,0,-1,3,-1,2,0,2,-1,-1,-1,10,0,16,400,0,9223372036800000000,240,0,10,0,0,7,0,0,1,0,0,1,1,2,3,0,0,2,4,2,0,1,-1,1,0,-1,1,10,-1,1,1,3,-1,-1,-1,0,0,1,0,0,10,4,0,0,15.78
1,0,0,0,-1,0,1,3,0,0,0,0,-1,3,-1,2,1,2,-1,-1,-1,10,0,16,400,0,9223372036800000000,240,0,10,0,0,7,0,0,1,0,0,2,1,2,3,0,0,2,4,2,0,1,-1,1,0,-1,1,10,-1,1,1,3,-1,-1,-1,0,0,1,0,0,10,4,0,0,18.84
1,0,0,0,-1,0,1,3,0,0,0,0,-1,3,3,2,0,2,-1,-1,-1,10,0,16,400,0,9223372036800000000,240,0,10,0,0,7,0,0,1,0,0,2,1,2,3,0,0,2,4,2,0,1,-1,1,0,-1,1,10,-1,1,1,3,-1,-1,-1,0,0,1,0,0,10,4,0,0,23.58
1,0,0,0,-1,0,1,3,0,0,0,0,-1,3,-1,2,0,2,-1,-1,-1,10,0,16,400,0,9223372036800000000,120,0,10,0,0,7,0,0,1,0,0,2,1,2,3,0,0,2,4,2,0,1,-1,1,0,-1,1,10,-1,1,1,3,-1,-1,-1,0,0,1,0,0,10,4,0,0,18.84
1,0,0,0,-1,0,1,3,0,0,0,0,-1,3,-1,2,0,0,-1,-1,-1,10,0,16,400,0,9223372036800000000,240,0,10,0,0,7,0,0,1,0,0,2,1,2,3,0,0,2,4,2,0,1,-1,1,0,-1,1,10,-1,1,1,3,-1,-1,-1,0,0,1,0,0,10,4,0,0,22.01
1,0,0,0,-1,0,1,3,0,0,0,0,-1,3,-1,2,-1,2,-1,-1,-1,10,0,16,400,0,9223372036800000000,240,0,10,0,0,7,0,0,1,0,0,2,1,2,3,0,0,2,4,2,0,1,-1,1,0,-1,1,10,-1,1,1,3,-1,-1,-1,0,0,1,0,0,10,4,0,0,19.62
1,0,0,0,-1,0,1,3,0,0,0,0,3,3,-1,2,0,2,-1,-1,-1,10,0,16,400,0,9223372036800000000,240,0,10,0,0,7,0,0,1,0,0,2,1,2,3,0,0,2,4,2,0,1,-1,1,0,-1,1,10,-1,1,1,3,-1,-1,-1,0,0,1,0,0,10,4,0,0,19.33
1,0,0,0,-1,0,1,3,0,0,0,0,-1,3,-1,2,0,2,-1,-1,-1,5,0,16,400,0,9223372036800000000,240,0,10,0,0,7,0,0,1,0,0,2,1,2,3,0,0,2,4,2,0,1,-1,1,0,-1,1,10,-1,1,1,3,-1,-1,-1,0,0,1,0,0,10,4,0,0,20.79
1,0,0,0,-1,0,1,3,0,0,0,0,-1,-1,-1,2,0,2,-1,-1,-1,10,0,16,400,0,9223372036800000000,240,0,10,0,0,7,0,0,1,0,0,2,1,2,3,0,0,2,4,2,0,1,-1,1,0,-1,1,10,-1,1,1,3,-1,-1,-1,0,0,1,0,0,10,4,0,0,19.22
1,0,0,0,-1,0,1,3,0,0,0,0,-1,3,-1,2,0,2,-1,-1,-1,10,0,16,400,0,9223372036800000000,240,0,10,0,0,7,0,0,1,0,0,2,1,2,3,0,0,2,1,2,0,1,-1,1,0,-1,1,10,-1,1,1,3,-1,-1,-1,0,0,1,0,0,10,4,0,0,21.55
1,0,0,0,-1,0,1,3,0,0,0,0,-1,3,-1,2,0,2,-1,-1,-1,10,0,16,400,0,9223372036800000000,240,0,10,0,0,7,0,0,1,0,0,0,1,2,3,0,0,2,4,2,0,1,-1,1,0,-1,1,10,-1,1,1,3,-1,-1,-1,0,0,1,0,0,10,4,0,0,21.98
1,0,0,0,-1,0,1,3,0,0,0,0,-1,3,-1,2,0,2,-1,-1,-1,10,0,16,400,0,9223372036800000000,240,0,10,0,0,7,0,0,1,0,0,2,1,2,3,0,0,1,4,2,0,1,-1,1,0,-1,1,10,-1,1,1,3,-1,-1,-1,0,0,1,0,0,10,4,0,0,21.51
1,0,0,0,-1,0,1,3,0,0,0,0,-1,3,-1,2,0,2,-1,-1,-1,10,0,16,400,0,9223372036800000000,240,0,10,0,0,7,0,0,1,0,0,2,1,2,3,0,0,2,4,2,0,1,-1,1,0,-1,1,10,-1,1,1,3,-1,-1,-1,0,0,1,0,0,10,4,0,0,18.69
1,0,0,0,-1,0,1,3,0,0,0,0,-1,3,-1,2,0,2,2,-1,-1,10,0,16,400,0,9223372036800000000,240,0,10,0,0,7,0,0,1,0,0,2,1,2,3,0,0,2,4,2,0,1,-1,1,0,-1,1,10,-1,1,1,3,-1,-1,-1,0,0,1,0,0,10,-1,0,0,23.31
1,0,0,0,-1,0,1,3,0,0,0,0,-1,3,-1,2,0,2,-1,-1,-1,10,0,16,400,0,9223372036800000000,240,0,10,0,0,7,0,0,1,0,0,2,1,2,3,0,0,2,4,2,0,1,-1,1,0,-1,1,10,-1,1,1,3,-1,-1,-1,0,0,1,0,0,10,-1,0,0,18.82
1,0,0,0,-1,0,1,3,0,0,0,0,-1,3,-1,2,0,2,-1,-1,-1,10,0,16,400,0,9223372036800000000,240,0,10,0,0,7,0,0,1,0,0,2,1,0,3,0,0,2,4,2,0,1,-1,1,0,-1,1,10,-1,1,1,3,-1,-1,-1,0,0,1,0,0,10,-1,0,0,19.16
1,0,0,0,-1,0,1,3,0,0,0,0,-1,3,-1,2,0,2,-1,-1,-1,5,0,16,400,0,9223372036800000000,240,0,10,0,0,7,0,0,1,0,0,2,1,0,3,0,0,2,4,2,0,1,-1,1,0,-1,1,10,-1,1,1,3,-1,-1,-1,0,0,1,0,0,10,-1,0,0,23
1,0,0,0,-1,0,1,3,0,0,0,0,2,3,0,2,0,2,-1,-1,-1,5,0,16,400,0,9223372036800000000,240,0,10,0,0,7,0,0,1,0,0,2,1,0,3,0,0,2,4,2,0,1,-1,1,0,-1,1,10,-1,1,1,3,-1,-1,-1,0,0,1,0,0,10,-1,0,0,23.67
1,0,0,0,-1,0,1,3,0,0,0,0,-1,3,0,2,0,2,-1,-1,-1,5,0,16,400,0,9223372036800000000,240,0,10,0,0,7,0,0,1,0,0,2,1,0,3,0,0,2,4,2,0,1,-1,1,0,-1,1,10,-1,1,1,3,-1,-1,-1,0,0,1,0,0,10,-1,0,0,23.59
1,0,0,0,-1,0,1,0,0,0,0,0,1,0,1,2,0,0,1,0,-1,0,0,-1,400,0,9223372036800000000,20,0,10,0,0,7,0,0,1,0,0,2,1,2,1,0,0,2,2,2,0,1,-1,1,-1,-1,-1,10,-1,1,1,3,-1,-1,-1,0,0,1,0,0,10,1,0,0,21.13
1,0,0,0,-1,0,1,0,0,0,0,0,1,0,1,2,0,0,1,0,2,0,0,-1,400,0,9223372036800000000,20,0,10,0,0,7,0,0,1,0,0,2,1,2,1,0,0,1,2,2,0,1,-1,1,-1,-1,-1,10,-1,1,1,3,-1,-1,-1,0,0,1,0,0,10,1,0,0,23.92
1,0,0,0,-1,0,1,0,0,0,0,0,3,0,1,2,0,0,1,0,-1,0,0,-1,400,0,9223372036800000000,20,0,10,0,0,7,0,0,1,0,0,2,1,2,1,0,0,1,2,2,0,1,-1,1,-1,-1,-1,10,-1,1,1,3,-1,-1,-1,0,0,1,0,0,10,1,0,0,23.12
1,0,0,0,-1,0,1,0,0,0,0,0,1,0,1,2,0,0,1,0,-1,0,0,1,400,0,9223372036800000000,20,0,10,0,0,7,0,0,1,0,0,2,1,2,1,0,0,1,2,2,0,1,-1,1,-1,-1,-1,10,-1,1,1,3,-1,-1,-1,0,0,1,0,0,10,1,0,0,48.43
1,0,0,0,-1,0,1,0,0,0,0,0,1,0,1,2,0,0,1,0,-1,0,0,-1,400,0,9223372036800000000,20,0,10,0,0,7,0,0,1,0,0,2,1,2,1,0,0,1,-1,2,0,1,-1,1,-1,-1,-1,10,-1,1,1,3,-1,-1,-1,0,0,1,0,0,10,1,0,0,25.34
1,0,0,0,-1,0,1,0,0,0,0,0,1,0,1,2,0,0,1,0,-1,0,0,-1,400,0,9223372036800000000,20,0,10,0,0,7,0,0,1,0,0,2,1,2,3,0,0,1,2,2,0,1,-1,1,-1,-1,-1,10,-1,1,1,3,-1,-1,-1,0,0,1,0,0,10,1,0,0,22.85
1,0,0,0,-1,0,1,0,0,0,0,0,1,0,1,2,0,0,1,0,-1,0,0,4,400,0,9223372036800000000,20,0,10,0,0,7,0,0,1,0,0,2,1,2,1,0,0,1,2,2,0,1,-1,1,-1,-1,-1,10,-1,1,1,3,-1,-1,-1,0,0,1,0,0,10,1,0,0,22.73
1,0,0,0,-1,0,1,0,0,0,0,0,1,0,1,2,0,0,1,0,-1,0,0,-1,400,0,9223372036800000000,120,0,10,0,0,7,0,0,1,0,0,2,1,2,1,0,0,1,2,2,0,1,-1,1,-1,-1,-1,10,-1,1,1,3,-1,-1,-1,0,0,1,0,0,10,1,0,0,22.5
1,0,0,0,-1,0,1,0,0,0,0,0,1,0,1,2,0,0,1,-1,-1,0,0,-1,400,0,9223372036800000000,20,0,10,0,0,7,0,0,1,0,0,2,1,2,1,0,0,1,2,2,0,1,-1,1,-1,-1,-1,10,-1,1,1,3,-1,-1,-1,0,0,1,0,0,10,1,0,0,23.92
1,0,0,0,-1,0,1,0,0,0,0,0,1,0,1,2,0,0,1,0,-1,0,0,-1,400,0,9223372036800000000,20,0,10,0,0,7,0,0,1,0,0,2,1,2,-1,0,0,1,2,2,0,1,-1,1,-1,-1,-1,10,-1,1,1,3,-1,-1,-1,0,0,1,0,0,10,1,0,0,23.37
1,0,0,0,-1,0,1,0,0,0,0,0,1,0,1,2,0,0,0,0,-1,0,0,-1,400,0,9223372036800000000,20,0,10,0,0,7,0,0,1,0,0,2,1,2,1,0,0,1,2,2,0,1,-1,1,-1,-1,-1,10,-1,1,1,3,-1,-1,-1,0,0,1,0,0,10,1,0,0,23
1,0,0,0,-1,0,1,0,0,0,0,0,1,0,1,2,0,0,1,0,-1,0,0,-1,400,0,9223372036800000000,20,0,10,0,0,7,0,0,1,0,0,2,1,2,1,0,0,1,2,2,0,1,-1,1,-1,-1,-1,10,-1,1,1,3,-1,-1,-1,0,0,1,0,0,10,3,0,0,23.62
1,0,0,0,-1,0,1,0,0,0,0,0,1,0,1,2,0,0,1,0,-1,0,0,-1,400,0,9223372036800000000,20,0,10,0,0,7,0,0,1,0,0,2,1,1,1,0,0,1,2,2,0,1,-1,1,3,-1,-1,10,-1,1,1,3,-1,-1,-1,0,0,1,0,0,10,1,0,0,22.83
1,0,0,0,-1,0,1,0,0,0,0,0,1,0,1,2,0,0,1,0,0,0,0,-1,400,0,9223372036800000000,20,0,10,0,0,7,0,0,1,0,0,2,1,2,1,0,0,1,2,2,0,1,-1,1,3,-1,-1,10,-1,1,1,3,-1,-1,-1,0,0,1,0,0,10,1,0,0,22.76
1,0,0,0,-1,0,1,0,0,0,0,0,1,0,1,2,0,0,1,0,-1,0,0,-1,400,0,9223372036800000000,20,0,10,0,0,7,0,0,1,0,0,2,1,2,1,0,0,1,2,2,0,1,-1,1,3,-1,-1,10,-1,1,1,3,-1,-1,-1,0,0,1,0,0,10,1,0,0,22.74
1,0,0,0,-1,0,1,0,0,0,0,0,1,0,1,2,0,0,1,0,-1,0,0,-1,400,0,9223372036800000000,20,0,10,0,0,7,0,0,1,0,0,2,1,2,1,0,0,1,1,2,0,1,-1,1,3,-1,-1,10,-1,1,1,3,-1,-1,-1,0,0,1,0,0,10,1,0,0,25.15
1,0,0,0,-1,0,1,0,0,0,0,0,1,0,1,2,-1,0,1,0,2,0,0,-1,400,0,9223372036800000000,20,0,10,0,0,7,0,0,1,0,0,2,1,2,1,0,0,1,1,2,0,1,-1,1,3,-1,-1,10,-1,1,1,3,-1,-1,-1,0,0,1,0,0,10,1,0,0,25.23
1,0,0,0,-1,0,1,0,0,0,0,0,1,2,1,2,0,0,1,0,2,0,0,-1,400,0,9223372036800000000,20,0,10,0,0,7,0,0,1,0,0,2,1,2,1,0,0,1,1,2,0,1,-1,1,3,-1,-1,10,-1,1,1,3,-1,-1,-1,0,0,1,0,0,10,1,0,0,25.23
1,0,0,0,-1,0,1,0,0,0,0,0,1,0,1,2,0,0,1,-1,2,0,0,-1,400,0,9223372036800000000,20,0,10,0,0,7,0,0,1,0,0,2,1,2,1,0,0,1,1,2,0,1,-1,1,3,-1,-1,10,-1,1,1,3,-1,-1,-1,0,0,1,0,0,10,1,0,0,25.75
1,0,0,0,-1,0,1,0,0,0,0,0,1,0,1,2,0,0,1,0,2,0,0,-1,400,0,9223372036800000000,20,0,10,0,0,7,0,0,1,0,0,2,1,2,1,0,0,1,1,2,0,1,-1,1,3,-1,-1,10,-1,1,1,3,-1,-1,-1,0,0,1,0,0,10,1,0,0,25.23
1,0,0,0,-1,0,1,0,0,0,0,0,1,0,1,2,0,0,0,0,2,0,0,-1,400,0,9223372036800000000,20,0,10,0,0,7,0,0,1,0,0,2,1,2,1,0,0,1,1,2,0,1,-1,1,3,-1,-1,10,-1,1,1,3,-1,-1,-1,0,0,1,0,0,10,1,0,0,25.42
1,0,0,0,-1,0,1,1,0,0,0,0,3,3,3,2,0,1,-1,-1,-1,2,0,16,800,0,9223372036800000000,50,0,10,0,0,7,0,0,1,0,0,1,1,3,-1,0,0,3,1,2,0,1,-1,0,2,-1,1,10,-1,1,1,3,-1,-1,-1,0,0,1,0,0,10,2,0,0,25.62
1,0,0,0,-1,0,1,1,0,0,0,0,3,3,3,2,0,1,-1,-1,-1,2,0,16,800,0,9223372036800000000,1e+75,0,10,0,0,7,0,0,1,0,0,1,1,3,-1,0,0,3,1,2,0,1,-1,0,2,-1,1,10,-1,1,1,3,-1,-1,-1,0,0,1,0,0,10,2,0,0,25.62
1,0,0,0,-1,0,1,1,0,0,0,0,3,3,3,2,0,1,-1,-1,-1,2,0,16,800,0,9223372036800000000,5,0,10,0,0,7,0,0,1,0,0,1,1,3,-1,0,0,3,1,2,0,1,-1,1,2,-1,1,10,-1,1,1,3,-1,-1,-1,0,0,1,0,0,10,2,0,0,27.22
1,0,0,0,-1,0,1,1,0,0,0,0,3,3,3,2,0,1,-1,-1,-1,2,0,16,800,0,9223372036800000000,5,0,10,0,0,7,0,0,1,0,0,1,1,2,-1,0,0,3,1,2,0,1,-1,0,2,-1,1,10,-1,1,1,3,-1,-1,-1,0,0,1,0,0,10,2,0,0,27.7
1,0,0,0,-1,0,1,1,0,0,0,0,3,3,3,2,0,1,-1,-1,-1,2,0,-1,800,0,9223372036800000000,5,0,10,0,0,7,0,0,1,0,0,1,1,3,-1,0,0,3,1,2,0,1,-1,0,2,-1,1,10,-1,1,1,3,-1,-1,-1,0,0,1,0,0,10,2,0,0,25.62
1,0,0,0,-1,0,1,1,0,0,0,0,3,3,3,2,0,1,-1,-1,-1,2,0,16,10,0,9223372036800000000,5,0,10,0,0,7,0,0,1,0,0,1,1,3,-1,0,0,3,1,2,0,1,-1,0,2,-1,1,10,-1,1,1,3,-1,-1,-1,0,0,1,0,0,10,2,0,0,26.74
1,0,0,0,-1,0,1,1,0,0,0,0,3,3,3,2,0,1,-1,-1,-1,2,0,16,800,0,9223372036800000000,5,0,10,0,0,7,0,0,1,0,0,1,1,3,1,0,0,3,1,2,0,1,-1,0,2,-1,1,10,-1,1,1,3,-1,-1,-1,0,0,1,0,0,10,2,0,0,25.8
1,0,0,0,-1,0,1,1,0,0,0,0,3,3,3,2,0,1,-1,-1,-1,2,0,16,800,0,9223372036800000000,5,0,10,0,0,7,0,0,1,0,0,1,1,3,-1,0,0,3,2,2,0,1,-1,0,2,-1,1,10,-1,1,1,3,-1,-1,-1,0,0,1,0,0,10,2,0,0,27.67
1,0,0,0,-1,0,1,1,0,0,0,0,3,3,3,2,0,1,-1,-1,-1,2,0,16,800,0,9223372036800000000,5,0,10,0,0,7,0,0,1,0,0,1,1,-1,-1,0,0,3,1,2,0,1,-1,0,2,-1,1,10,-1,1,1,3,-1,-1,-1,0,0,1,0,0,10,2,0,0,26.56
1,0,0,0,-1,0,1,1,0,0,0,0,3,3,3,2,0,1,-1,-1,-1,2,0,16,800,0,9223372036800000000,5,0,10,0,0,7,0,0,1,0,0,1,1,3,-1,0,0,3,1,2,0,1,-1,0,2,-1,1,10,-1,1,1,3,-1,-1,-1,0,0,1,0,0,10,-1,0,0,26.36
1,0,0,0,-1,0,1,1,0,0,0,0,3,3,3,2,0,1,-1,-1,-1,2,0,16,800,0,9223372036800000000,40,0,10,0,0,7,0,0,1,0,0,1,1,3,-1,0,0,3,1,2,0,1,-1,0,2,-1,1,10,-1,1,1,3,-1,-1,-1,0,0,1,0,0,10,2,0,0,25.62
1,0,0,0,-1,0,1,1,0,0,0,0,3,3,3,2,0,1,-1,-1,-1,2,0,16,800,0,9223372036800000000,5,0,10,0,0,7,0,0,1,0,0,1,1,3,-1,0,0,3,1,2,0,1,-1,0,2,-1,0,10,-1,1,1,3,-1,-1,-1,0,0,1,0,0,10,2,0,0,27.6
1,0,0,0,-1,0,1,1,0,0,0,0,3,3,3,2,0,1,-1,-1,-1,1,0,16,800,0,9223372036800000000,5,0,10,0,0,7,0,0,1,0,0,1,1,3,0,0,0,3,1,2,0,1,-1,0,2,-1,1,10,-1,1,1,3,-1,-1,-1,0,0,1,0,0,10,2,0,0,29.11
1,0,0,0,-1,0,1,1,0,0,0,0,3,3,3,2,0,1,-1,-1,-1,2,0,16,800,0,9223372036800000000,5,0,10,0,0,7,0,0,1,0,0,1,1,3,0,0,0,3,1,2,0,1,-1,0,3,-1,1,10,-1,1,1,3,-1,-1,-1,0,0,1,0,0,10,2,0,0,25.84
1,0,0,0,-1,0,1,1,0,0,0,0,3,3,3,2,0,1,-1,-1,-1,2,0,16,800,0,9223372036800000000,5,0,10,0,0,7,0,0,1,0,0,1,1,3,0,0,0,3,1,2,0,1,-1,0,2,-1,1,10,-1,1,1,3,-1,-1,-1,0,0,1,0,0,10,2,0,0,25.84
1,0,0,0,-1,0,1,1,0,0,0,0,3,3,3,2,0,1,-1,-1,-1,2,0,16,800,0,9223372036800000000,5,0,10,0,0,7,0,0,1,0,0,1,1,3,0,0,0,3,1,2,0,1,-1,0,2,-1,1,10,-1,1,1,3,-1,-1,-1,0,0,1,0,0,10,4,0,0,26.74
1,0,0,0,-1,0,1,2,0,0,0,0,2,-1,-1,-1,1,1,-1,2,-1,3,0,16,200,0,9223372036800000000,40,0,10,0,0,7,0,0,1,0,0,1,1,0,3,0,0,0,1,2,0,1,-1,-1,1,-1,-1,10,-1,1,1,3,-1,-1,-1,0,0,1,0,0,10,3,0,0,22.15
1,0,0,0,-1,0,1,2,0,0,0,0,2,-1,-1,-1,1,2,-1,2,-1,3,0,16,200,0,9223372036800000000,60,0,10,0,0,7,0,0,1,0,0,1,1,0,3,0,0,0,1,2,0,1,-1,-1,1,-1,-1,10,-1,1,1,3,-1,-1,-1,0,0,1,0,0,10,3,0,0,24.32
1,0,0,0,-1,0,1,2,0,0,0,0,2,-1,-1,-1,1,1,-1,2,-1,3,0,16,400,0,9223372036800000000,60,0,10,0,0,7,0,0,1,0,0,1,1,0,3,0,0,0,1,2,0,1,-1,-1,1,-1,-1,10,-1,1,1,3,-1,-1,-1,0,0,1,0,0,10,3,0,0,22.15
1,0,0,0,-1,0,1,2,0,0,0,0,2,-1,-1,-1,1,1,-1,2,-1,3,0,16,200,0,9223372036800000000,60,0,10,0,0,7,0,0,1,0,0,0,1,0,3,0,0,0,1,2,0,1,-1,-1,1,-1,-1,10,-1,1,1,3,-1,-1,-1,0,0,1,0,0,10,3,0,0,22.21
1,0,0,0,-1,0,1,2,0,0,0,0,2,-1,-1,-1,1,1,-1,2,-1,3,0,16,200,0,9223372036800000000,60,0,10,0,0,7,0,0,1,0,0,1,1,0,3,0,0,0,1,2,0,1,-1,-1,1,-1,-1,10,-1,1,1,3,-1,-1,-1,0,0,1,0,0,10,2,0,0,22.2
1,0,0,0,-1,0,1,2,0,0,0,0,2,-1,-1,-1,-1,1,-1,2,-1,3,0,16,200,0,9223372036800000000,60,0,10,0,0,7,0,0,1,0,0,1,1,0,3,0,0,0,1,2,0,1,-1,-1,1,-1,-1,10,-1,1,1,3,-1,-1,-1,0,0,1,0,0,10,3,0,0,22.22
1,0,0,0,-1,0,1,2,0,0,0,0,2,-1,-1,-1,1,1,-1,2,-1,3,0,16,200,0,9223372036800000000,30,0,10,0,0,7,0,0,1,0,0,1,1,0,3,0,0,0,1,2,0,1,-1,-1,1,-1,-1,10,-1,1,1,3,-1,-1,-1,0,0,1,0,0,10,3,0,0,22.15
1,0,0,0,-1,0,1,2,0,0,0,0,2,-1,-1,-1,1,1,-1,2,0,3,0,16,200,0,9223372036800000000,60,0,10,0,0,7,0,0,1,0,0,1,1,0,3,0,0,0,1,2,0,1,-1,-1,1,-1,-1,10,-1,1,1,3,-1,-1,-1,0,0,1,0,0,10,3,0,0,22.15
1,0,0,0,-1,0,1,2,0,0,0,0,2,-1,-1,-1,1,1,-1,2,1,3,0,16,200,0,9223372036800000000,60,0,10,0,0,7,0,0,1,0,0,1,1,0,3,0,0,0,1,2,0,1,-1,-1,1,-1,-1,10,-1,1,1,3,-1,-1,-1,0,0,1,0,0,10,3,0,0,22.15
1,0,0,0,-1,0,1,2,0,0,0,0,2,-1,1,-1,1,1,-1,2,-1,3,0,16,200,0,9223372036800000000,60,0,10,0,0,7,0,0,1,0,0,1,1,0,3,0,0,0,1,2,0,1,-1,-1,1,-1,-1,10,-1,1,1,3,-1,-1,-1,0,0,1,0,0,10,3,0,0,22.18
1,0,0,0,-1,0,1,2,0,0,0,0,2,-1,1,-1,1,1,-1,2,-1,3,0,16,200,0,9223372036800000000,60,0,10,0,0,7,0,0,1,0,0,2,1,0,3,0,0,0,1,2,0,1,-1,-1,1,-1,-1,10,-1,1,1,3,-1,-1,-1,0,0,1,0,0,10,3,0,0,23.22
1,0,0,0,-1,0,1,2,0,0,0,0,2,2,1,-1,1,1,-1,2,-1,3,0,16,200,0,9223372036800000000,60,0,10,0,0,7,0,0,1,0,0,2,1,0,3,0,0,0,1,2,0,1,-1,-1,1,-1,-1,10,-1,1,1,3,-1,-1,-1,0,0,1,0,0,10,3,0,0,23.3
1,0,0,0,-1,0,1,2,0,0,0,0,2,2,1,-1,1,1,-1,2,-1,0,0,16,200,0,9223372036800000000,60,0,10,0,0,7,0,0,1,0,0,2,1,0,3,0,0,5,1,2,0,1,-1,-1,1,-1,-1,10,-1,1,1,3,-1,-1,-1,0,0,1,0,0,10,3,0,0,36.71
1,0,0,0,-1,0,1,2,0,0,0,0,2,2,1,-1,1,0,-1,2,-1,3,0,16,200,0,9223372036800000000,5,0,10,0,0,7,0,0,1,0,0,2,1,0,3,0,0,5,1,2,0,1,-1,-1,1,-1,-1,10,-1,1,1,3,-1,-1,-1,0,0,1,0,0,10,3,0,0,31.11
1,0,0,0,-1,0,1,2,0,0,0,0,2,2,1,-1,1,0,-1,2,-1,3,0,16,200,0,9223372036800000000,40,0,10,0,0,7,0,0,1,0,0,2,1,0,3,0,0,5,1,2,0,1,-1,-1,1,-1,-1,10,-1,1,1,3,-1,-1,-1,0,0,1,0,0,10,3,0,0,31.11
1,0,0,0,-1,0,1,2,0,0,0,0,2,2,1,-1,1,0,-1,2,-1,3,0,16,200,0,9223372036800000000,240,0,10,0,0,7,0,0,1,0,0,2,1,0,3,0,0,5,1,2,0,1,-1,-1,1,-1,-1,10,-1,1,1,3,-1,-1,-1,0,0,1,0,0,10,3,0,0,31.11
1,0,0,0,-1,0,1,2,0,0,0,0,2,2,1,-1,1,0,-1,2,-1,3,0,16,200,0,9223372036800000000,60,0,10,0,0,7,0,0,1,0,0,2,1,0,3,0,0,5,1,2,0,1,-1,-1,1,-1,-1,10,-1,1,1,3,-1,-1,-1,0,0,1,0,0,10,3,0,0,31.11
1,0,0,0,-1,0,1,0,0,0,0,0,-1,0,2,0,0,2,1,-1,0,1,0,4,400,0,9223372036800000000,2,0,10,0,0,7,0,0,1,0,0,3,1,1,1,0,0,0,3,2,0,1,-1,-1,0,-1,1,10,-1,1,1,3,-1,-1,-1,0,0,1,0,0,10,3,0,0,23.95
1,0,0,0,-1,0,1,0,0,0,0,0,-1,0,2,0,0,2,1,-1,0,1,0,4,10,0,9223372036800000000,2,0,10,0,0,7,0,0,1,0,0,3,1,1,0,0,0,0,3,2,0,1,-1,-1,0,-1,1,10,-1,1,1,3,-1,-1,-1,0,0,1,0,0,10,3,0,0,22.86
1,0,0,0,-1,0,1,5,0,0,0,0,-1,0,2,0,0,2,1,-1,0,1,0,4,10,0,9223372036800000000,2,0,10,0,0,7,0,0,1,0,0,3,1,1,1,0,0,0,3,2,0,1,-1,-1,0,-1,1,10,-1,1,1,3,-1,-1,-1,0,0,1,0,0,10,3,0,0,26.47
1,0,0,0,-1,0,1,0,0,0,0,0,-1,0,2,0,0,2,1,-1,0,10,0,4,10,0,9223372036800000000,2,0,10,0,0,7,0,0,1,0,0,3,1,1,1,0,0,0,3,2,0,1,-1,-1,0,-1,1,10,-1,1,1,3,-1,-1,-1,0,0,1,0,0,10,3,0,0,23.6
1,0,0,0,-1,0,1,0,0,0,0,0,-1,0,2,0,0,2,1,-1,0,1,0,4,10,0,9223372036800000000,20,0,10,0,0,7,0,0,1,0,0,3,1,1,1,0,0,0,3,2,0,1,-1,-1,0,-1,1,10,-1,1,1,3,-1,-1,-1,0,0,1,0,0,10,3,0,0,22.09
1,0,0,0,-1,0,1,0,0,0,0,0,-1,0,2,0,0,2,1,-1,0,1,0,4,100,0,9223372036800000000,2,0,10,0,0,7,0,0,1,0,0,3,1,1,1,0,0,0,3,2,0,1,-1,-1,0,-1,1,10,-1,1,1,3,-1,-1,-1,0,0,1,0,0,10,3,0,0,23.95
1,0,0,0,-1,0,1,0,0,0,0,0,-1,0,2,0,0,2,1,-1,1,1,0,4,10,0,9223372036800000000,2,0,10,0,0,7,0,0,1,0,0,3,1,1,1,0,0,0,3,2,0,1,-1,-1,0,-1,1,10,-1,1,1,3,-1,-1,-1,0,0,1,0,0,10,3,0,0,22.53
1,0,0,0,-1,0,1,0,0,0,0,0,-1,0,2,0,0,0,1,-1,0,1,0,4,10,0,9223372036800000000,2,0,10,0,0,7,0,0,1,0,0,3,1,1,1,0,0,0,3,2,0,1,-1,-1,0,-1,1,10,-1,1,1,3,-1,-1,-1,0,0,1,0,0,10,3,0,0,24.18
1,0,0,0,-1,0,1,0,0,0,0,0,-1,0,2,0,2,2,1,-1,0,1,0,4,10,0,9223372036800000000,2,0,10,0,0,7,0,0,1,0,0,3,1,1,1,0,0,0,3,2,0,1,-1,-1,0,-1,1,10,-1,1,1,3,-1,-1,-1,0,0,1,0,0,10,3,0,0,22.49
1,0,0,0,-1,0,1,0,0,0,0,0,-1,0,2,0,0,2,1,-1,0,1,0,4,200,0,9223372036800000000,2,0,10,0,0,7,0,0,1,0,0,3,1,1,1,0,0,0,3,2,0,1,-1,-1,0,-1,1,10,-1,1,1,3,-1,-1,-1,0,0,1,0,0,10,3,0,0,23.95
1,0,0,0,-1,0,1,3,0,0,0,0,-1,0,2,0,0,2,1,-1,0,1,0,4,10,0,9223372036800000000,2,0,10,0,0,7,0,0,1,0,0,3,1,1,1,0,0,0,3,2,0,1,-1,-1,0,-1,1,10,-1,1,1,3,-1,-1,-1,0,0,1,0,0,10,3,0,0,26.88
1,0,0,0,-1,0,1,0,0,0,0,0,-1,0,2,0,0,2,1,-1,0,5,0,4,10,0,9223372036800000000,2,0,10,0,0,7,0,0,1,0,0,3,1,1,1,0,0,0,3,2,0,1,-1,-1,0,-1,1,10,-1,1,1,3,-1,-1,-1,0,0,1,0,0,10,3,0,0,23.49
1,0,0,0,-1,0,1,0,0,0,0,0,-1,0,-1,0,0,2,1,-1,0,1,0,4,10,0,9223372036800000000,2,0,10,0,0,7,0,0,1,0,0,3,1,1,1,0,0,0,3,2,0,1,-1,-1,0,-1,1,10,-1,1,1,3,-1,-1,-1,0,0,1,0,0,10,3,0,0,22.36
1,0,0,0,-1,0,1,0,0,0,0,0,-1,0,2,0,0,2,1,-1,0,1,0,4,10,0,9223372036800000000,30,0,10,0,0,7,0,0,1,0,0,3,1,1,1,0,0,0,3,2,0,1,-1,-1,0,-1,1,10,-1,1,1,3,-1,-1,-1,0,0,1,0,0,10,3,0,0,22.53
1,0,0,0,-1,0,1,0,0,0,0,0,-1,0,2,0,0,2,1,-1,0,1,0,4,10,0,9223372036800000000,1e+75,0,10,0,0,7,0,0,1,0,0,3,1,1,1,0,0,0,3,2,0,1,-1,-1,0,-1,1,10,-1,1,1,3,-1,-1,-1,0,0,1,0,0,10,3,0,0,22.53
1,0,0,0,-1,0,1,3,0,0,0,0,2,3,2,0,2,0,2,-1,1,5,0,4,10,0,9223372036800000000,50,0,10,0,0,7,0,0,1,0,0,3,1,0,-1,0,0,0,4,2,0,1,-1,0,2,-1,1,10,-1,1,1,3,-1,-1,-1,0,0,1,0,0,10,0,0,0,21.58
1,0,0,0,-1,0,1,3,0,0,0,0,2,1,3,0,2,0,2,-1,1,5,0,4,10,0,9223372036800000000,50,0,10,0,0,7,0,0,1,0,0,3,1,0,-1,0,0,0,4,2,0,1,-1,0,2,-1,1,10,-1,1,1,3,-1,-1,-1,0,0,1,0,0,10,0,0,0,22.05
1,0,0,0,-1,0,1,3,0,0,0,0,2,1,2,0,2,0,2,-1,1,5,0,4,10,0,9223372036800000000,50,0,10,0,0,7,0,0,1,0,0,3,1,0,-1,0,0,3,4,2,0,1,-1,0,2,-1,1,10,-1,1,1,3,-1,-1,-1,0,0,1,0,0,10,0,0,0,23.91
1,0,0,0,-1,0,1,3,0,0,0,0,2,1,2,0,2,0,2,-1,1,5,0,4,10,0,9223372036800000000,50,0,10,0,0,7,0,0,1,0,0,3,1,0,-1,0,0,0,4,2,0,1,-1,0,2,-1,1,10,-1,1,1,3,-1,-1,-1,0,0,1,0,0,10,0,0,0,21.54
1,0,0,0,-1,0,1,3,0,0,0,0,2,1,2,0,2,0,2,-1,-1,5,0,4,10,0,9223372036800000000,1e+75,0,10,0,0,7,0,0,1,0,0,3,1,0,-1,0,0,0,4,2,0,1,-1,0,2,-1,1,10,-1,1,1,3,-1,-1,-1,0,0,1,0,0,10,0,0,0,21.65
1,0,0,0,-1,0,1,2,0,0,0,0,1,-1,1,2,2,0,2,1,1,3,0,16,25,0,9223372036800000000,20,0,10,0,0,7,0,0,1,0,0,1,1,0,2,0,0,0,3,2,0,1,-1,-1,-1,-1,0,10,-1,1,1,3,-1,-1,-1,0,0,1,0,0,10,0,0,0,20.4
1,0,0,0,-1,0,1,0,0,0,0,0,1,3,-1,-1,-1,-1,-1,2,0,5,0,4,800,0,9223372036800000000,20,0,10,0,0,7,0,0,1,0,0,1,1,1,2,0,0,2,-1,2,0,1,-1,0,2,-1,0,10,-1,1,1,3,-1,-1,-1,0,0,1,0,0,10,-1,0,0,23.07
1,0,0,0,-1,0,1,4,0,0,0,0,0,-1,3,2,0,1,-1,-1,2,10,0,16,400,0,9223372036800000000,60,0,10,0,0,7,0,0,1,0,0,1,1,-1,2,0,0,3,2,2,0,1,-1,-1,3,-1,1,10,-1,1,1,3,-1,-1,-1,0,0,1,0,0,10,1,0,0,24.26
1,0,0,0,-1,0,1,2,0,0,0,0,1,1,1,2,2,0,2,1,1,3,0,16,25,0,9223372036800000000,20,0,10,0,0,7,0,0,1,0,0,1,1,0,2,0,0,0,2,2,0,1,-1,-1,-1,-1,0,10,-1,1,1,3,-1,-1,-1,0,0,1,0,0,10,0,0,0,14.11
1,0,0,0,-1,0,1,2,0,0,0,0,1,-1,1,2,0,0,2,1,1,3,0,16,100,0,9223372036800000000,20,0,10,0,0,7,0,0,1,0,0,1,1,0,2,0,0,0,2,2,0,1,-1,-1,-1,-1,0,10,-1,1,1,3,-1,-1,-1,0,0,1,0,0,10,0,0,0,14.15
1,0,0,0,-1,0,1,2,0,0,0,0,3,0,-1,1,-1,0,-1,0,2,3,0,8,10,0,9223372036800000000,1e+75,0,10,0,0,7,0,0,1,0,0,1,1,0,1,0,0,0,0,2,0,1,-1,-1,-1,-1,0,10,-1,1,1,3,-1,-1,-1,0,0,1,0,0,10,4,0,0,16
1,0,0,0,-1,0,1,1,0,0,0,0,3,0,-1,0,0,1,1,0,1,3,0,-1,25,0,9223372036800000000,1e+75,0,10,0,0,7,0,0,1,0,0,1,1,0,0,0,0,0,0,2,0,1,-1,-1,-1,-1,0,10,-1,1,1,3,-1,-1,-1,0,0,1,0,0,10,0,0,0,22.07
1,0,0,0,-1,0,1,2,0,0,0,0,1,-1,1,2,2,0,2,1,1,3,0,16,100,0,9223372036800000000,20,0,10,0,0,7,0,0,1,0,0,1,1,0,2,0,0,0,-1,2,0,1,-1,-1,-1,-1,0,10,-1,1,1,3,-1,-1,-1,0,0,1,0,0,10,0,0,0,23.1
1,0,0,0,-1,0,1,2,0,0,0,0,1,-1,1,2,2,0,2,1,1,3,0,16,100,0,9223372036800000000,120,0,10,0,0,7,0,0,1,0,0,1,1,0,2,0,0,0,2,2,0,1,-1,-1,-1,-1,0,10,-1,1,1,3,-1,-1,-1,0,0,1,0,0,10,0,0,0,14.15
1,0,0,0,-1,0,1,2,0,0,0,0,0,0,3,1,-1,2,0,2,0,3,0,-1,200,0,9223372036800000000,1e+75,0,10,0,0,7,0,0,1,0,0,1,1,0,0,0,0,0,0,2,0,1,-1,-1,-1,-1,0,10,-1,1,1,3,-1,-1,-1,0,0,1,0,0,10,0,0,0,20.31
1,0,0,0,-1,0,1,2,0,0,0,0,1,-1,1,2,2,0,2,1,1,3,0,8,100,0,9223372036800000000,20,0,10,0,0,7,0,0,1,0,0,1,1,0,2,0,0,0,2,2,0,1,-1,-1,-1,-1,0,10,-1,1,1,3,-1,-1,-1,0,0,1,0,0,10,0,0,0,14.15
1,0,0,0,-1,0,1,4,0,0,0,0,-1,0,3,1,2,-1,2,0,1,3,0,2,150,0,9223372036800000000,240,0,10,0,0,7,0,0,1,0,0,1,1,0,3,0,0,0,1,2,0,1,-1,-1,-1,-1,0,10,-1,1,1,3,-1,-1,-1,0,0,1,0,0,10,0,0,0,23.99
1,0,0,0,-1,0,1,1,0,0,0,0,-1,1,0,-1,2,1,2,0,0,3,0,4,150,0,9223372036800000000,10,0,10,0,0,7,0,0,1,0,0,1,1,0,0,0,0,0,2,2,0,1,-1,-1,-1,-1,0,10,-1,1,1,3,-1,-1,-1,0,0,1,0,0,10,0,0,0,21.34
1,0,0,0,-1,0,1,2,0,0,0,0,-1,3,2,0,0,0,-1,0,0,3,0,16,200,0,9223372036800000000,1,0,10,0,0,7,0,0,1,0,0,3,1,0,2,0,0,0,-1,2,0,1,-1,-1,-1,-1,-1,10,-1,1,1,3,-1,-1,-1,0,0,1,0,0,10,0,0,0,21.71
1,0,0,0,-1,0,1,1,0,0,0,0,-1,1,0,-1,2,1,2,0,0,3,0,4,150,0,9223372036800000000,240,0,10,0,0,7,0,0,1,0,0,1,1,0,0,0,0,0,2,2,0,1,-1,-1,-1,-1,0,10,-1,1,1,3,-1,-1,-1,0,0,1,0,0,10,0,0,0,21.34
1,0,0,0,-1,0,1,0,0,0,0,0,-1,-1,1,0,-1,0,2,0,0,3,0,-1,200,0,9223372036800000000,1e+75,0,10,0,0,7,0,0,1,0,0,1,1,-1,0,0,0,0,0,2,0,1,-1,-1,-1,-1,0,10,-1,1,1,3,-1,-1,-1,0,0,1,0,0,10,0,0,0,12.89
1,0,0,0,-1,0,1,1,0,0,0,0,-1,1,0,-1,2,1,2,0,0,3,0,2,150,0,9223372036800000000,50,0,10,0,0,7,0,0,1,0,0,1,1,0,0,0,0,0,4,2,0,1,-1,-1,-1,-1,0,10,-1,1,1,3,-1,-1,-1,0,0,1,0,0,10,0,0,0,26.3
1,0,0,0,-1,0,1,2,0,0,0,0,3,0,-1,1,-1,0,-1,0,2,3,0,8,10,0,9223372036800000000,2,0,10,0,0,7,0,0,1,0,0,1,1,0,1,0,0,0,0,2,0,1,-1,-1,-1,-1,0,10,-1,1,1,3,-1,-1,-1,0,0,1,0,0,10,0,0,0,12.39
1,0,0,0,-1,0,1,1,0,0,0,0,-1,1,0,-1,2,1,2,0,0,3,0,4,150,0,9223372036800000000,50,0,10,0,0,7,0,0,1,0,0,1,1,0,0,0,0,0,3,2,0,1,-1,-1,-1,-1,0,10,-1,1,1,3,-1,-1,-1,0,0,1,0,0,10,0,0,0,24.58
1,0,0,0,-1,0,1,5,0,0,0,0,3,0,2,-1,1,2,-1,2,0,3,0,16,150,0,9223372036800000000,10,0,10,0,0,7,0,0,1,0,0,3,1,0,1,0,0,0,4,2,0,1,-1,-1,-1,-1,0,10,-1,1,1,3,-1,-1,-1,0,0,1,0,0,10,0,0,0,21.4
1,0,0,0,-1,0,1,5,0,0,0,0,1,1,3,-1,-1,0,0,0,0,0,0,1,100,0,9223372036800000000,120,0,10,0,0,7,0,0,1,0,0,1,1,0,1,0,0,2,1,2,0,1,-1,0,1,-1,-1,10,-1,1,1,3,-1,-1,-1,0,0,1,0,0,10,-1,0,0,51.77
1,0,0,0,-1,0,1,5,0,0,0,0,3,0,-1,-1,1,2,-1,2,0,3,0,16,150,0,9223372036800000000,240,0,10,0,0,7,0,0,1,0,0,3,1,0,1,0,0,0,4,2,0,1,-1,-1,-1,-1,0,10,-1,1,1,3,-1,-1,-1,0,0,1,0,0,10,0,0,0,21.4
1,0,0,0,-1,0,1,4,0,0,0,0,-1,-1,3,1,2,-1,2,0,1,3,0,2,150,0,9223372036800000000,240,0,10,0,0,7,0,0,1,0,0,1,1,0,3,0,0,0,0,2,0,1,-1,-1,-1,-1,0,10,-1,1,1,3,-1,-1,-1,0,0,1,0,0,10,0,0,0,18.14
1,0,0,0,-1,0,1,0,0,0,0,0,2,3,3,-1,1,2,-1,2,1,1,0,16,400,0,9223372036800000000,120,0,10,0,0,7,0,0,1,0,0,0,1,2,0,0,0,1,4,2,0,1,-1,0,-1,-1,-1,10,-1,1,1,3,-1,-1,-1,0,0,1,0,0,10,-1,0,0,27.74
1,0,0,0,-1,0,1,5,0,0,0,0,3,0,-1,-1,1,2,-1,2,0,3,0,16,50,0,9223372036800000000,10,0,10,0,0,7,0,0,1,0,0,3,1,0,1,0,0,0,4,2,0,1,-1,-1,-1,-1,0,10,-1,1,1,3,-1,-1,-1,0,0,1,0,0,10,0,0,0,21.96
1,0,0,0,-1,0,1,5,0,0,0,0,2,2,1,-1,-1,0,2,1,1,3,0,8,150,0,9223372036800000000,1e+75,0,10,0,0,7,0,0,1,0,0,3,1,0,1,0,0,0,1,2,0,1,-1,-1,-1,-1,0,10,-1,1,1,3,-1,-1,-1,0,0,1,0,0,10,0,0,0,24.21
1,0,0,0,-1,0,1,5,0,0,0,0,3,0,-1,-1,1,2,-1,2,0,3,0,16,150,0,9223372036800000000,2,0,10,0,0,7,0,0,1,0,0,3,1,0,1,0,0,0,4,2,0,1,-1,-1,-1,-1,0,10,-1,1,1,3,-1,-1,-1,0,0,1,0,0,10,0,0,0,21.4
1,0,0,0,-1,0,1,5,0,0,0,0,3,1,-1,-1,1,2,-1,2,0,3,0,16,150,0,9223372036800000000,10,0,10,0,0,7,0,0,1,0,0,3,1,0,1,0,0,0,4,2,0,1,-1,-1,-1,-1,0,10,-1,1,1,3,-1,-1,-1,0,0,1,0,0,10,0,0,0,21.4
1,0,0,0,-1,0,1,2,0,0,0,0,3,0,3,0,-1,2,2,-1,0,3,0,16,25,0,9223372036800000000,30,0,10,0,0,7,0,0,1,0,0,3,1,3,2,0,0,2,3,2,0,1,-1,-1,-1,-1,1,10,-1,1,1,3,-1,-1,-1,0,0,1,0,0,10,0,0,0,23.95
1,0,0,0,-1,0,1,5,0,0,0,0,3,2,-1,-1,1,2,-1,2,0,3,0,16,150,0,9223372036800000000,10,0,10,0,0,7,0,0,1,0,0,3,1,0,1,0,0,0,4,2,0,1,-1,-1,-1,-1,0,10,-1,1,1,3,-1,-1,-1,0,0,1,0,0,10,0,0,0,21.4
1,0,0,0,-1,0,1,5,0,0,0,0,1,0,3,1,0,-1,2,0,-1,3,0,-1,150,0,9223372036800000000,60,0,10,0,0,7,0,0,1,0,0,1,1,0,0,0,0,0,0,2,0,1,-1,-1,-1,-1,0,10,-1,1,1,3,-1,-1,-1,0,0,1,0,0,10,0,0,0,22.43
1,0,0,0,-1,0,1,0,0,0,0,0,1,0,1,-1,-1,0,2,-1,0,3,0,-1,150,0,9223372036800000000,1e+75,0,10,0,0,7,0,0,1,0,0,1,1,0,0,0,0,0,0,2,0,1,-1,-1,-1,-1,0,10,-1,1,1,3,-1,-1,-1,0,0,1,0,0,10,0,0,0,26.78
1,0,0,0,-1,0,1,0,0,0,0,0,-1,0,0,0,-1,0,2,0,0,3,0,-1,800,0,9223372036800000000,1e+75,0,10,0,0,7,0,0,1,0,0,1,1,0,0,0,0,0,0,2,0,1,-1,-1,-1,-1,0,10,-1,1,1,3,-1,-1,-1,0,0,1,0,0,10,0,0,0,12.92
1,0,0,0,-1,0,1,5,0,0,0,0,3,0,-1,-1,1,2,-1,2,0,3,0,16,150,0,9223372036800000000,40,0,10,0,0,7,0,0,1,0,0,3,1,0,1,0,0,0,2,2,0,1,-1,-1,-1,-1,0,10,-1,1,1,3,-1,-1,-1,0,0,1,0,0,10,0,0,0,22.05
1,0,0,0,-1,0,1,5,0,0,0,0,3,0,-1,-1,1,2,-1,2,0,3,0,16,150,0,9223372036800000000,10,0,10,0,0,7,0,0,1,0,0,3,1,0,1,0,0,0,2,2,0,1,-1,-1,-1,-1,0,10,-1,1,1,3,-1,-1,-1,0,0,1,0,0,10,0,0,0,22.05
1,0,0,0,-1,0,1,3,0,0,0,0,3,-1,-1,-1,1,-1,0,2,0,3,0,4,800,0,9223372036800000000,60,0,10,0,0,7,0,0,1,0,0,1,1,0,0,0,0,0,0,2,0,1,-1,-1,-1,-1,0,10,-1,1,1,3,-1,-1,-1,0,0,1,0,0,10,0,0,0,19.69
1,0,0,0,-1,0,1,0,0,0,0,0,2,0,2,0,2,2,2,-1,0,3,0,-1,25,0,9223372036800000000,1e+75,0,10,0,0,7,0,0,1,0,0,1,1,0,0,0,0,0,0,2,0,1,-1,-1,-1,-1,0,10,-1,1,1,3,-1,-1,-1,0,0,1,0,0,10,0,0,0,16.19
1,0,0,0,-1,0,1,5,0,0,0,0,3,-1,-1,-1,1,-1,0,2,0,3,0,4,800,0,9223372036800000000,10,0,10,0,0,7,0,0,1,0,0,1,1,0,-1,0,0,0,0,2,0,1,-1,-1,-1,-1,0,10,-1,1,1,3,-1,-1,-1,0,0,1,0,0,10,0,0,0,19.26
1,0,0,0,-1,0,1,5,0,0,0,0,3,-1,-1,-1,1,-1,0,2,0,3,0,2,800,0,9223372036800000000,10,0,10,0,0,7,0,0,1,0,0,1,1,0,-1,0,0,0,0,2,0,1,-1,-1,-1,-1,0,10,-1,1,1,3,-1,-1,-1,0,0,1,0,0,10,0,0,0,21.55
1,0,0,0,-1,0,1,1,0,0,0,0,-1,1,0,-1,2,1,2,0,0,3,0,4,400,0,9223372036800000000,50,0,10,0,0,7,0,0,1,0,0,1,1,0,0,0,0,0,4,2,0,1,-1,-1,-1,-1,0,10,-1,1,1,3,-1,-1,-1,0,0,1,0,0,10,0,0,0,22.52
1,0,0,0,-1,0,1,2,0,0,0,0,3,0,0,1,0,2,2,1,0,3,0,8,800,0,9223372036800000000,50,0,10,0,0,7,0,0,1,0,0,1,1,3,-1,0,0,2,2,2,0,1,-1,-1,-1,-1,0,10,-1,1,1,3,-1,-1,-1,0,0,1,0,0,10,0,0,0,17.38
1,0,0,0,-1,0,1,2,0,0,0,0,-1,3,2,0,1,0,0,0,0,3,0,16,200,0,9223372036800000000,1,0,10,0,0,7,0,0,1,0,0,3,1,0,2,0,0,5,-1,2,0,1,-1,-1,-1,-1,-1,10,-1,1,1,3,-1,-1,-1,0,0,1,0,0,10,0,0,0,30.2
1,0,0,0,-1,0,1,5,0,0,0,0,3,-1,-1,-1,1,-1,0,2,0,3,0,1,800,0,9223372036800000000,10,0,10,0,0,7,0,0,1,0,0,3,1,0,-1,0,0,0,0,2,0,1,-1,-1,-1,-1,0,10,-1,1,1,3,-1,-1,-1,0,0,1,0,0,10,0,0,0,47.01
1,0,0,0,-1,0,1,0,0,0,0,0,2,0,2,0,2,2,2,-1,0,3,0,-1,100,0,9223372036800000000,1e+75,0,10,0,0,7,0,0,1,0,0,1,1,0,0,0,0,0,0,2,0,1,-1,-1,-1,-1,0,10,-1,1,1,3,-1,-1,-1,0,0,1,0,0,10,0,0,0,14.31
1,0,0,0,-1,0,1,5,0,0,0,0,3,-1,-1,-1,1,-1,0,-1,0,3,0,1,800,0,9223372036800000000,10,0,10,0,0,7,0,0,1,0,0,1,1,0,0,0,0,0,0,2,0,1,-1,-1,-1,-1,0,10,-1,1,1,3,-1,-1,-1,0,0,1,0,0,10,0,0,0,42.86
1,0,0,0,-1,0,1,3,0,0,0,0,3,-1,-1,-1,1,-1,0,-1,0,3,0,1,800,0,9223372036800000000,10,0,10,0,0,7,0,0,1,0,0,1,1,0,-1,0,0,0,0,2,0,1,-1,-1,-1,-1,0,10,-1,1,1,3,-1,-1,-1,0,0,1,0,0,10,0,0,0,42.97
1,0,0,0,-1,0,1,1,0,0,0,0,-1,0,-1,0,2,2,2,0,-1,1,0,16,10,0,9223372036800000000,5,0,10,0,0,7,0,0,1,0,0,0,1,-1,-1,0,0,5,2,2,0,1,-1,0,1,-1,-1,10,-1,1,1,3,-1,-1,-1,0,0,1,0,0,10,1,0,0,36.1
1,0,0,0,-1,0,1,0,0,0,0,0,2,3,-1,1,2,0,-1,2,0,3,0,8,25,0,9223372036800000000,20,0,10,0,0,7,0,0,1,0,0,0,1,0,2,0,0,0,2,2,0,1,-1,-1,-1,-1,0,10,-1,1,1,3,-1,-1,-1,0,0,1,0,0,10,0,0,0,20.94
1,0,0,0,-1,0,1,5,0,0,0,0,3,0,-1,-1,1,2,-1,2,0,3,0,2,150,0,9223372036800000000,10,0,10,0,0,7,0,0,1,0,0,3,1,0,1,0,0,0,4,2,0,1,-1,-1,-1,-1,0,10,-1,1,1,3,-1,-1,-1,0,0,1,0,0,10,0,0,0,25.04
1,0,0,0,-1,0,1,0,0,0,0,0,2,3,-1,1,2,2,2,2,0,3,0,8,25,0,9223372036800000000,20,0,10,0,0,7,0,0,1,0,0,0,1,0,2,0,0,0,2,2,0,1,-1,-1,-1,-1,0,10,-1,1,1,3,-1,-1,-1,0,0,1,0,0,10,0,0,0,20.59
1,0,0,0,-1,0,1,0,0,0,0,0,2,3,-1,1,2,2,-1,2,0,3,0,8,25,0,9223372036800000000,5,0,10,0,0,7,0,0,1,0,0,0,1,0,2,0,0,0,2,2,0,1,-1,-1,-1,-1,0,10,-1,1,1,3,-1,-1,-1,0,0,1,0,0,10,0,0,0,19.31
1,0,0,0,-1,0,1,0,0,0,0,0,2,3,-1,1,2,2,-1,2,0,3,0,8,400,0,9223372036800000000,20,0,10,0,0,7,0,0,1,0,0,0,1,0,3,0,0,0,2,2,0,1,-1,-1,-1,-1,0,10,-1,1,1,3,-1,-1,-1,0,0,1,0,0,10,0,0,0,19.81
1,0,0,0,-1,0,1,0,0,0,0,0,2,3,-1,1,2,2,-1,1,0,3,0,8,400,0,9223372036800000000,20,0,10,0,0,7,0,0,1,0,0,0,1,0,3,0,0,0,4,2,0,1,-1,-1,-1,-1,0,10,-1,1,1,3,-1,-1,-1,0,0,1,0,0,10,0,0,0,21.17
1,0,0,0,-1,0,1,0,0,0,0,0,2,3,-1,1,2,2,-1,1,0,3,0,8,400,0,9223372036800000000,1e+75,0,10,0,0,7,0,0,1,0,0,0,1,0,3,0,0,0,2,2,0,1,-1,-1,-1,-1,0,10,-1,1,1,3,-1,-1,-1,0,0,1,0,0,10,0,0,0,20.36
1,0,0,0,-1,0,1,4,0,0,0,0,-1,0,3,1,2,0,2,0,1,3,0,2,150,0,9223372036800000000,240,0,10,0,0,7,0,0,1,0,0,1,1,0,3,0,0,0,0,2,0,1,-1,-1,-1,-1,0,10,-1,1,1,3,-1,-1,-1,0,0,1,0,0,10,0,0,0,22.74
1,0,0,0,-1,0,1,4,0,0,0,0,-1,0,3,1,2,-1,2,0,1,3,0,16,150,0,9223372036800000000,240,0,10,0,0,7,0,0,1,0,0,1,1,0,3,0,0,0,0,2,0,1,-1,-1,-1,-1,0,10,-1,1,1,3,-1,-1,-1,0,0,1,0,0,10,0,0,0,22.13
1,0,0,0,-1,0,1,4,0,0,0,0,-1,0,3,1,2,-1,2,0,1,3,0,2,150,0,9223372036800000000,240,0,10,0,0,7,0,0,1,0,0,3,1,0,3,0,0,0,0,2,0,1,-1,-1,-1,-1,0,10,-1,1,1,3,-1,-1,-1,0,0,1,0,0,10,0,0,0,24.05
1,0,0,0,-1,0,1,4,0,0,0,0,-1,3,3,1,2,-1,2,0,1,3,0,2,150,0,9223372036800000000,240,0,10,0,0,7,0,0,1,0,0,1,1,0,3,0,0,0,0,2,0,1,-1,-1,-1,-1,0,10,-1,1,1,3,-1,-1,-1,0,0,1,0,0,10,0,0,0,18.2
1,0,0,0,-1,0,1,4,0,0,0,0,-1,0,3,1,2,-1,2,0,1,3,0,2,150,0,9223372036800000000,240,0,10,0,0,7,0,0,1,0,0,1,1,0,-1,0,0,0,0,2,0,1,-1,-1,-1,-1,0,10,-1,1,1,3,-1,-1,-1,0,0,1,0,0,10,0,0,0,18.38
1,0,0,0,-1,0,1,0,0,0,0,0,1,0,3,0,2,0,0,1,0,3,0,-1,800,0,9223372036800000000,1e+75,0,10,0,0,7,0,0,1,0,0,1,1,0,0,0,0,0,0,2,0,1,-1,-1,-1,-1,0,10,-1,1,1,3,-1,-1,-1,0,0,1,0,0,10,0,0,0,17.24
1,0,0,0,-1,0,1,4,0,0,0,0,-1,2,3,1,2,0,2,0,1,3,0,2,10,0,9223372036800000000,240,0,10,0,0,7,0,0,1,0,0,0,1,0,3,0,0,0,0,2,0,1,-1,-1,-1,-1,0,10,-1,1,1,3,-1,-1,-1,0,0,1,0,0,10,0,0,0,23.83
1,0,0,0,-1,0,1,1,0,0,0,0,1,0,1,2,-1,0,1,2,1,3,0,-1,800,0,9223372036800000000,1e+75,0,10,0,0,7,0,0,1,0,0,1,1,0,0,0,0,0,0,2,0,1,-1,-1,-1,-1,0,10,-1,1,1,3,-1,-1,-1,0,0,1,0,0,10,0,0,0,22.7
1,0,0,0,-1,0,1,4,0,0,0,0,-1,2,3,1,2,0,2,0,1,3,0,2,150,0,9223372036800000000,1e+75,0,10,0,0,7,0,0,1,0,0,0,1,0,3,0,0,0,0,2,0,1,-1,-1,-1,-1,0,10,-1,1,1,3,-1,-1,-1,0,0,1,0,0,10,0,0,0,23.91
1,0,0,0,-1,0,1,1,0,0,0,0,3,0,1,1,1,-1,0,0,0,3,0,-1,400,0,9223372036800000000,1e+75,0,10,0,0,7,0,0,1,0,0,1,1,0,3,0,0,0,0,2,0,1,-1,-1,-1,-1,0,10,-1,1,1,3,-1,-1,-1,0,0,1,0,0,10,0,0,0,24.03
1,0,0,0,-1,0,1,5,0,0,0,0,0,0,3,-1,1,0,1,-1,-1,3,0,2,200,0,9223372036800000000,240,0,10,0,0,7,0,0,1,0,0,1,1,-1,2,0,0,0,2,2,0,1,-1,-1,-1,-1,-1,10,-1,1,1,3,-1,-1,-1,0,0,1,0,0,10,0,0,0,29.83
1,0,0,0,-1,0,1,4,0,0,0,0,-1,0,3,1,2,0,2,0,1,3,0,2,150,0,9223372036800000000,1e+75,0,10,0,0,7,0,0,1,0,0,0,1,0,3,0,0,0,0,2,0,1,-1,-1,-1,-1,0,10,-1,1,1,3,-1,-1,-1,0,0,1,0,0,10,0,0,0,23.91
1,0,0,0,-1,0,1,0,0,0,0,0,-1,2,-1,0,0,-1,2,-1,-1,3,0,8,25,0,9223372036800000000,50,0,10,0,0,7,0,0,1,0,0,1,1,0,2,0,0,0,4,2,0,1,-1,-1,-1,-1,0,10,-1,1,1,3,-1,-1,-1,0,0,1,0,0,10,0,0,0,17.76
1,0,0,0,-1,0,1,5,0,0,0,0,3,0,0,-1,1,2,-1,2,0,3,0,16,150,0,9223372036800000000,10,0,10,0,0,7,0,0,1,0,0,3,1,0,1,0,0,0,4,2,0,1,-1,-1,-1,-1,0,10,-1,1,1,3,-1,-1,-1,0,0,1,0,0,10,0,0,0,21.4
1,0,0,0,-1,0,1,2,0,0,0,0,0,0,0,1,-1,2,0,0,-1,3,0,-1,800,0,9223372036800000000,1e+75,0,10,0,0,7,0,0,1,0,0,1,1,0,0,0,0,0,0,2,0,1,-1,-1,-1,-1,0,10,-1,1,1,3,-1,-1,-1,0,0,1,0,0,10,0,0,0,14.27
1,0,0,0,-1,0,1,5,0,0,0,0,2,2,1,-1,-1,0,2,1,0,3,0,8,150,0,9223372036800000000,1,0,10,0,0,7,0,0,1,0,0,0,1,0,-1,0,0,0,1,2,0,1,-1,-1,-1,-1,0,10,-1,1,1,3,-1,-1,-1,0,0,1,0,0,10,0,0,0,22.61
1,0,0,0,-1,0,1,3,0,0,0,0,1,0,1,0,0,0,-1,-1,1,3,0,-1,200,0,9223372036800000000,1e+75,0,10,0,0,7,0,0,1,0,0,1,1,0,0,0,0,0,0,2,0,1,-1,-1,-1,-1,0,10,-1,1,1,3,-1,-1,-1,0,0,1,0,0,10,0,0,0,16.14
1,0,0,0,-1,0,1,5,0,0,0,0,1,1,3,-1,-1,2,0,0,0,0,0,16,25,0,9223372036800000000,1e+75,0,10,0,0,7,0,0,1,0,0,1,1,0,1,0,0,2,1,2,0,1,-1,0,1,-1,-1,10,-1,1,1,3,-1,-1,-1,0,0,1,0,0,10,-1,0,0,27.79
1,0,0,0,-1,0,1,5,0,0,0,0,2,2,1,-1,-1,0,2,1,0,3,0,8,200,0,9223372036800000000,1,0,10,0,0,7,0,0,1,0,0,0,1,0,1,0,0,0,1,2,0,1,-1,-1,-1,-1,0,10,-1,1,1,3,-1,-1,-1,0,0,1,0,0,10,0,0,0,21.66
1,0,0,0,-1,0,1,5,0,0,0,0,2,2,1,-1,-1,0,2,1,0,3,0,8,150,0,9223372036800000000,30,0,10,0,0,7,0,0,1,0,0,0,1,0,1,0,0,0,1,2,0,1,-1,-1,-1,-1,0,10,-1,1,1,3,-1,-1,-1,0,0,1,0,0,10,0,0,0,21.53
1,0,0,0,-1,0,1,4,0,0,0,0,3,2,3,-1,2,1,1,0,0,3,0,16,10,0,9223372036800000000,0,0,10,0,0,7,0,0,1,0,0,3,1,3,0,0,0,2,1,2,0,1,-1,-1,-1,-1,-1,10,-1,1,1,3,-1,-1,-1,0,0,1,0,0,10,0,0,0,22.73
1,0,0,0,-1,0,1,5,0,0,0,0,-1,2,1,-1,-1,0,2,1,0,3,0,8,150,0,9223372036800000000,1,0,10,0,0,7,0,0,1,0,0,0,1,0,1,0,0,0,1,2,0,1,-1,-1,-1,-1,0,10,-1,1,1,3,-1,-1,-1,0,0,1,0,0,10,0,0,0,21.53
1,0,0,0,-1,0,1,5,0,0,0,0,2,2,1,-1,-1,0,2,1,0,3,0,-1,150,0,9223372036800000000,1,0,10,0,0,7,0,0,1,0,0,0,1,0,1,0,0,0,1,2,0,1,-1,-1,-1,-1,0,10,-1,1,1,3,-1,-1,-1,0,0,1,0,0,10,0,0,0,21.53
1,0,0,0,-1,0,1,5,0,0,0,0,2,2,1,-1,-1,0,2,1,0,3,0,8,150,0,9223372036800000000,1e+75,0,10,0,0,7,0,0,1,0,0,0,1,0,1,0,0,0,1,2,0,1,-1,-1,-1,-1,0,10,-1,1,1,3,-1,-1,-1,0,0,1,0,0,10,0,0,0,21.66
1,0,0,0,-1,0,1,0,0,0,0,0,1,0,-1,0,0,-1,0,-1,1,3,0,-1,25,0,9223372036800000000,1e+75,0,10,0,0,7,0,0,1,0,0,1,1,0,0,0,0,0,0,2,0,1,-1,-1,-1,-1,0,10,-1,1,1,3,-1,-1,-1,0,0,1,0,0,10,0,0,0,15.2
1,0,0,0,-1,0,1,1,0,0,0,0,3,0,2,-1,2,2,1,-1,-1,3,0,-1,100,0,9223372036800000000,1e+75,0,10,0,0,7,0,0,1,0,0,1,1,0,0,0,0,0,0,2,0,1,-1,-1,-1,-1,0,10,-1,1,1,3,-1,-1,-1,0,0,1,0,0,10,0,0,0,32.97
1,0,0,0,-1,0,1,2,0,0,0,0,3,0,1,1,-1,0,-1,0,2,3,0,8,10,0,9223372036800000000,1e+75,0,10,0,0,7,0,0,1,0,0,1,1,0,1,0,0,0,0,2,0,1,-1,-1,-1,-1,0,10,-1,1,1,2,-1,-1,-1,0,0,1,0,0,10,0,0,0,19.46
1,0,0,0,-1,0,1,5,0,0,0,0,2,2,1,-1,-1,0,-1,1,0,3,0,8,150,0,9223372036800000000,1e+75,0,10,0,0,7,0,0,1,0,0,3,1,0,1,0,0,0,1,2,0,1,-1,-1,-1,-1,0,10,-1,1,1,3,-1,-1,-1,0,0,1,0,0,10,0,0,0,24.38
1,0,0,0,-1,0,1,0,0,0,0,0,0,0,0,0,2,-1,0,0,1,3,0,-1,50,0,9223372036800000000,1e+75,0,10,0,0,7,0,0,1,0,0,1,1,0,0,0,0,0,0,2,0,1,-1,-1,-1,-1,0,10,-1,1,1,3,-1,-1,-1,0,0,1,0,0,10,0,0,0,14.09
1,0,0,0,-1,0,1,5,0,0,0,0,2,2,1,-1,-1,0,-1,1,0,3,0,2,150,0,9223372036800000000,1e+75,0,10,0,0,7,0,0,1,0,0,3,1,0,1,0,0,0,1,2,0,1,-1,-1,-1,-1,0,10,-1,1,1,3,-1,-1,-1,0,0,1,0,0,10,0,0,0,27.02
1,0,0,0,-1,0,1,4,0,0,0,0,-1,0,1,1,0,1,-1,0,2,3,0,-1,100,0,9223372036800000000,1e+75,0,10,0,0,7,0,0,1,0,0,1,1,0,0,0,0,0,0,2,0,1,-1,-1,-1,-1,0,10,-1,1,1,3,-1,-1,-1,0,0,1,0,0,10,0,0,0,15.81
1,0,0,0,-1,0,1,3,0,0,0,0,1,0,2,-1,0,0,1,1,0,3,0,4,100,0,9223372036800000000,1e+75,0,10,0,0,7,0,0,1,0,0,2,1,0,3,0,0,0,-1,2,0,1,-1,-1,-1,-1,0,10,-1,1,1,3,-1,-1,-1,0,0,1,0,0,10,0,0,0,21.92
1,0,0,0,-1,0,1,0,0,0,0,0,1,0,1,2,0,0,1,0,2,0,0,-1,400,0,9223372036800000000,5,0,10,0,0,7,0,0,1,0,0,2,1,2,1,0,0,1,1,2,0,1,-1,1,3,-1,-1,10,-1,1,1,3,-1,-1,-1,0,0,1,0,0,10,1,0,0,25.23
1,0,0,0,-1,0,1,2,0,0,0,0,3,0,1,1,-1,0,-1,0,2,3,0,-1,10,0,9223372036800000000,1e+75,0,10,0,0,7,0,0,1,0,0,1,1,0,0,0,0,0,0,2,0,1,-1,-1,-1,-1,0,10,-1,1,1,3,-1,-1,-1,0,0,1,0,0,10,0,0,0,13.01
1,0,0,0,-1,0,1,0,0,0,0,0,-1,1,2,1,2,-1,1,0,2,2,0,8,200,0,9223372036800000000,2,0,10,0,0,7,0,0,1,0,0,1,1,3,-1,0,0,0,2,2,0,1,-1,1,1,-1,-1,10,-1,1,1,3,-1,-1,-1,0,0,1,0,0,10,1,0,0,15.87
1,0,0,0,-1,0,1,0,0,0,0,0,1,0,0,2,0,1,2,-1,2,3,0,8,100,0,9223372036800000000,30,0,10,0,0,7,0,0,1,0,0,1,1,0,-1,0,0,0,3,2,0,1,-1,-1,-1,-1,0,10,-1,1,1,3,-1,-1,-1,0,0,1,0,0,10,0,0,0,20.68
1,0,0,0,-1,0,1,0,0,0,0,0,0,0,1,2,0,1,1,2,0,3,0,-1,400,0,9223372036800000000,1e+75,0,10,0,0,7,0,0,1,0,0,1,1,0,0,0,0,0,0,2,0,1,-1,-1,-1,-1,0,10,-1,1,1,3,-1,-1,-1,0,0,1,0,0,10,0,0,0,15.18
1,0,0,0,-1,0,1,0,0,0,0,0,1,0,0,2,0,1,1,-1,2,3,0,8,100,0,9223372036800000000,1e+75,0,10,0,0,7,0,0,1,0,0,1,1,0,-1,0,0,0,3,2,0,1,-1,-1,-1,-1,0,10,-1,1,1,3,-1,-1,-1,0,0,1,0,0,10,0,0,0,19.28
1,0,0,0,-1,0,1,0,0,0,0,0,1,3,0,2,0,1,1,-1,2,3,0,8,100,0,9223372036800000000,1e+75,0,10,0,0,7,0,0,1,0,0,1,1,0,0,0,0,0,3,2,0,1,-1,-1,-1,-1,0,10,-1,1,1,3,-1,-1,-1,0,0,1,0,0,10,0,0,0,19.81
1,0,0,0,-1,0,1,0,0,0,0,0,1,3,0,2,0,1,1,-1,2,3,0,8,100,0,9223372036800000000,30,0,10,0,0,7,0,0,1,0,0,1,1,0,0,0,0,0,3,2,0,1,-1,-1,-1,-1,0,10,-1,1,1,3,-1,-1,-1,0,0,1,0,0,10,0,0,0,19.71
1,0,0,0,-1,0,1,5,0,0,0,0,3,-1,3,1,0,0,2,1,2,3,0,-1,10,0,9223372036800000000,240,0,10,0,0,7,0,0,1,0,0,0,1,2,1,0,0,5,-1,2,0,1,-1,-1,-1,-1,-1,10,-1,1,1,3,-1,-1,-1,0,0,1,0,0,10,0,0,0,41.18
1,0,0,0,-1,0,4,2,0,0,0,0,3,0,1,1,-1,0,-1,0,2,3,0,8,10,0,9223372036800000000,1e+75,0,10,0,0,7,0,0,1,0,0,1,1,0,1,0,0,0,0,2,0,1,-1,-1,-1,-1,0,10,-1,1,1,3,-1,-1,-1,0,0,1,0,0,10,0,0,0,12.45
1,0,0,0,-1,0,1,2,0,0,0,0,1,3,0,2,0,1,1,-1,2,3,0,8,100,0,9223372036800000000,5,0,10,0,0,7,0,0,1,0,0,1,1,0,0,0,0,0,3,2,0,1,-1,-1,-1,-1,0,10,-1,1,1,3,-1,-1,-1,0,0,1,0,0,10,0,0,0,20.35
1,0,0,0,-1,0,1,2,0,0,0,0,1,3,0,2,0,1,1,1,2,3,0,2,100,0,9223372036800000000,5,0,10,0,0,7,0,0,1,0,0,1,1,0,3,0,0,0,3,2,0,1,-1,-1,-1,-1,0,10,-1,1,1,3,-1,-1,-1,0,0,1,0,0,10,0,0,0,22.54
1,0,0,0,-1,0,1,3,0,0,0,0,0,3,2,2,-1,1,0,-1,1,3,0,16,400,0,9223372036800000000,40,0,10,0,0,7,0,0,1,0,0,1,1,0,1,0,0,0,2,2,0,1,-1,-1,-1,-1,0,10,-1,1,1,3,-1,-1,-1,0,0,1,0,0,10,0,0,0,15.82
1,0,0,0,-1,0,1,3,0,0,0,0,0,3,2,-1,-1,1,0,-1,1,3,0,16,400,0,9223372036800000000,40,0,10,0,0,7,0,0,1,0,0,3,1,0,1,0,0,0,2,2,0,1,-1,-1,-1,-1,0,10,-1,1,1,3,-1,-1,-1,0,0,1,0,0,10,0,0,0,29.73
1,0,0,0,-1,0,1,3,0,0,0,0,0,3,2,2,-1,2,0,-1,1,3,0,16,400,0,9223372036800000000,40,0,10,0,0,7,0,0,1,0,0,3,1,0,1,0,0,0,2,2,0,1,-1,-1,-1,-1,0,10,-1,1,1,3,-1,-1,-1,0,0,1,0,0,10,0,0,0,19.15
1,0,0,0,-1,0,1,3,0,0,0,0,0,3,2,2,-1,1,0,-1,1,3,0,16,400,0,9223372036800000000,40,0,10,0,0,7,0,0,1,0,0,3,1,0,0,0,0,0,2,2,0,1,-1,-1,-1,-1,0,10,-1,1,1,3,-1,-1,-1,0,0,1,0,0,10,0,0,0,21.08
1,0,0,0,-1,0,1,3,0,0,0,0,0,3,2,2,-1,1,0,-1,1,3,0,16,400,0,9223372036800000000,5,0,10,0,0,7,0,0,1,0,0,3,1,0,1,0,0,0,2,2,0,1,-1,-1,-1,-1,0,10,-1,1,1,3,-1,-1,-1,0,0,1,0,0,10,0,0,0,18.65
1,0,0,0,-1,0,1,3,0,0,0,0,0,3,2,2,-1,1,0,-1,1,3,0,16,400,0,9223372036800000000,30,0,10,0,0,7,0,0,1,0,0,3,1,0,1,0,0,0,2,2,0,1,-1,-1,-1,-1,0,10,-1,1,1,3,-1,-1,-1,0,0,1,0,0,10,0,0,0,17.72
1,0,0,0,-1,0,1,3,0,0,0,0,-1,3,3,1,1,1,2,2,-1,3,0,1,400,0,9223372036800000000,50,0,10,0,0,7,0,0,1,0,0,2,1,0,0,0,0,1,4,2,0,1,-1,-1,-1,-1,1,10,-1,1,1,3,-1,-1,-1,0,0,1,0,0,10,0,0,0,45.52
1,0,0,0,-1,0,1,3,0,0,0,0,0,3,2,2,-1,1,0,-1,1,3,0,4,400,0,9223372036800000000,40,0,10,0,0,7,0,0,1,0,0,3,1,0,1,0,0,0,2,2,0,1,-1,-1,-1,-1,0,10,-1,1,1,3,-1,-1,-1,0,0,1,0,0,10,0,0,0,17.72
1,0,0,0,-1,0,1,5,0,0,0,0,3,3,2,2,0,-1,2,2,0,3,0,8,150,0,9223372036800000000,240,0,10,0,0,7,0,0,1,0,0,1,1,2,1,0,0,0,1,2,0,1,-1,-1,-1,-1,-1,10,-1,1,1,3,-1,-1,-1,0,0,1,0,0,10,0,0,0,24.04
1,0,0,0,-1,0,1,3,0,0,0,0,0,3,2,2,-1,1,0,-1,1,3,0,16,400,0,9223372036800000000,240,0,10,0,0,7,0,0,1,0,0,3,1,0,1,0,0,0,2,2,0,1,-1,-1,-1,-1,0,10,-1,1,1,3,-1,-1,-1,0,0,1,0,0,10,0,0,0,17.72
1,0,0,0,-1,0,1,2,0,0,0,0,1,-1,1,2,2,2,2,1,1,3,0,16,100,0,9223372036800000000,20,0,10,0,0,7,0,0,1,0,0,1,1,0,2,0,0,0,2,2,0,1,-1,-1,-1,-1,0,10,-1,1,1,3,-1,-1,-1,0,0,1,0,0,10,0,0,0,15.94
1,0,0,0,-1,0,1,1,0,0,0,0,3,0,0,1,1,-1,0,-1,0,3,0,-1,400,0,9223372036800000000,1e+75,0,10,0,0,7,0,0,1,0,0,1,1,0,3,0,0,0,0,2,0,1,-1,-1,-1,-1,0,10,-1,1,1,3,-1,-1,-1,0,0,1,0,0,10,0,0,0,24.24
1,0,0,0,-1,0,1,3,0,0,0,0,0,3,2,2,-1,1,0,-1,1,3,0,16,400,0,9223372036800000000,40,0,10,0,0,7,0,0,1,0,0,3,1,0,1,0,0,0,2,2,0,1,-1,-1,-1,-1,0,10,-1,1,1,3,-1,-1,-1,0,0,1,0,0,10,0,0,0,17.72
1,0,0,0,-1,0,1,0,0,0,0,0,3,0,1,-1,1,-1,1,0,0,2,0,4,25,0,9223372036800000000,30,0,10,0,0,7,0,0,1,0,0,1,1,1,1,0,0,2,4,2,0,1,-1,1,-1,-1,0,10,-1,1,1,3,-1,-1,-1,0,0,1,0,0,10,3,0,0,19.2
1,0,0,0,-1,0,1,3,0,0,0,0,0,3,2,2,-1,1,0,-1,0,3,0,16,400,0,9223372036800000000,40,0,10,0,0,7,0,0,1,0,0,3,1,0,1,0,0,0,4,2,0,1,-1,-1,-1,-1,0,10,-1,1,1,3,-1,-1,-1,0,0,1,0,0,10,0,0,0,22.47
1,0,0,0,-1,0,1,2,0,0,0,0,-1,-1,0,1,-1,2,0,-1,1,3,0,8,150,0,9223372036800000000,30,0,10,0,0,7,0,0,1,0,0,3,1,1,1,0,0,2,4,2,0,1,-1,-1,-1,-1,-1,10,-1,1,1,3,-1,-1,-1,0,0,1,0,0,10,0,0,0,20
1,0,0,0,-1,0,1,0,0,0,0,0,2,-1,3,2,-1,0,1,0,-1,3,0,4,150,0,9223372036800000000,0,0,10,0,0,7,0,0,1,0,0,1,1,0,2,0,0,0,4,2,0,1,-1,-1,-1,-1,0,10,-1,1,1,3,-1,-1,-1,0,0,1,0,0,10,0,0,0,21.43
1,0,0,0,-1,0,1,2,0,0,0,0,3,0,1,1,-1,0,-1,0,2,3,0,8,10,0,9223372036800000000,1e+75,0,10,0,0,7,0,0,1,500,0,1,1,0,1,0,0,0,0,2,0,1,-1,-1,-1,-1,0,10,-1,1,1,3,-1,-1,-1,0,0,1,0,0,10,0,0,0,15.08
1,0,0,0,-1,0,1,2,0,0,0,0,3,0,0,1,0,2,2,1,0,3,0,8,800,0,9223372036800000000,50,0,10,0,0,7,0,0,1,0,0,1,1,1,-1,0,0,2,2,2,0,1,-1,-1,-1,-1,0,10,-1,1,1,3,-1,-1,-1,0,0,1,0,0,10,0,0,0,17.61
1,0,0,0,-1,0,1,0,0,0,0,0,3,-1,1,-1,-1,-1,1,0,0,2,0,4,25,0,9223372036800000000,1,0,10,0,0,7,0,0,1,0,0,1,1,1,1,0,0,2,1,2,0,1,-1,1,-1,-1,0,10,-1,1,1,3,-1,-1,-1,0,0,1,0,0,10,3,0,0,22.21
1,0,0,0,-1,0,1,0,0,0,0,0,2,-1,0,2,-1,0,1,0,-1,3,0,4,200,0,9223372036800000000,0,0,10,0,0,7,0,0,1,0,0,1,1,0,2,0,0,0,4,2,0,1,-1,-1,-1,-1,0,10,-1,1,1,3,-1,-1,-1,0,0,1,0,0,10,0,0,0,16.75
1,0,0,0,-1,0,1,2,0,0,0,0,3,0,-1,1,-1,0,-1,0,2,3,0,8,10,0,9223372036800000000,0,0,10,0,0,7,0,0,1,0,0,1,1,0,1,0,0,0,0,2,0,1,-1,-1,-1,-1,0,10,-1,1,1,3,-1,-1,-1,0,0,1,0,0,10,0,0,0,16.18
1,0,0,0,-1,0,1,5,0,0,0,0,3,-1,-1,-1,1,-1,0,2,0,3,0,1,800,0,9223372036800000000,1e+75,0,10,0,0,7,0,0,1,0,0,1,1,0,-1,0,0,0,0,2,0,1,-1,-1,-1,-1,0,10,-1,1,1,3,-1,-1,-1,0,0,1,0,0,10,0,0,0,42.26
1,0,0,0,-1,0,1,5,0,0,0,0,2,-1,0,2,-1,0,1,0,0,3,0,4,150,0,9223372036800000000,240,0,10,0,0,7,0,0,1,0,0,1,1,0,2,0,0,0,4,2,0,1,-1,-1,-1,-1,0,10,-1,1,1,3,-1,-1,-1,0,0,1,0,0,10,0,0,0,20.3
1,0,0,0,-1,0,1,2,0,0,0,0,3,0,1,1,-1,0,-1,0,2,3,0,8,10,0,9223372036800000000,1e+75,0,10,0,0,7,0,0,1,0,0,1,1,0,1,0,4,0,0,2,0,1,-1,-1,-1,-1,0,10,-1,1,1,3,-1,-1,-1,0,0,1,0,0,10,0,0,0,14.07
1,0,0,0,-1,0,1,5,0,0,0,0,1,1,3,-1,-1,2,0,0,0,0,0,16,25,0,9223372036800000000,0,0,10,0,0,7,0,0,1,0,0,1,1,0,1,0,0,3,1,2,0,1,-1,0,1,-1,-1,10,-1,1,1,3,-1,-1,-1,0,0,1,0,0,10,-1,0,0,27.85
1,0,0,0,-1,0,1,5,0,0,0,0,2,-1,0,2,-1,0,-1,0,-1,3,0,4,150,0,9223372036800000000,1e+75,0,10,0,0,7,0,0,1,0,0,1,1,0,2,0,0,0,4,2,0,1,-1,-1,-1,-1,0,10,-1,1,1,3,-1,-1,-1,0,0,1,0,0,10,0,0,0,21.96
1,0,0,0,-1,0,1,0,0,0,0,0,1,1,-1,-1,0,0,-1,0,2,3,0,-1,200,0,9223372036800000000,50,0,10,0,0,7,0,0,1,0,0,2,1,0,2,0,0,0,-1,2,0,1,-1,-1,-1,-1,0,10,-1,1,1,3,-1,-1,-1,0,0,1,0,0,10,0,0,0,22.7
1,0,0,0,-1,0,1,0,0,0,0,0,-1,0,0,0,-1,0,0,0,0,3,0,-1,200,0,9223372036800000000,1e+75,0,10,0,0,7,0,0,1,0,0,1,1,0,0,0,0,0,0,2,0,1,-1,-1,-1,-1,0,10,-1,1,1,3,-1,-1,-1,0,0,1,0,0,10,0,0,0,13
1,0,0,0,-1,0,1,3,0,0,0,0,0,3,2,2,-1,1,0,-1,-1,3,0,16,400,0,9223372036800000000,40,0,10,0,0,7,0,0,1,0,0,3,1,0,1,0,0,0,2,2,0,1,-1,-1,-1,-1,0,10,-1,1,1,3,-1,-1,-1,0,0,1,0,0,10,0,0,0,17.72
1,0,0,0,-1,0,1,0,0,0,0,0,1,1,-1,-1,0,0,-1,0,1,3,0,-1,200,0,9223372036800000000,50,0,10,0,0,7,0,0,1,0,0,1,1,0,2,0,0,0,-1,2,0,1,-1,-1,-1,-1,0,10,-1,1,1,3,-1,-1,-1,0,0,1,0,0,10,0,0,0,22.88
1,0,0,0,-1,0,1,4,0,0,0,0,0,2,3,1,0,-1,2,0,1,3,0,2,25,0,9223372036800000000,2,0,10,0,0,7,0,0,1,0,0,1,1,-1,1,0,0,4,4,2,0,1,-1,-1,-1,-1,-1,10,-1,1,1,3,-1,-1,-1,0,0,1,0,0,10,0,0,0,26.72
1,0,0,0,-1,0,1,0,0,0,0,0,1,1,-1,-1,0,0,-1,0,1,3,0,-1,200,0,9223372036800000000,50,0,10,0,0,7,0,0,1,0,0,1,1,0,2,0,0,0,1,2,0,1,-1,-1,-1,-1,0,10,-1,1,1,3,-1,-1,-1,0,0,1,0,0,10,0,0,0,23.26
1,0,0,0,-1,0,1,3,0,0,0,0,1,1,-1,-1,0,0,-1,0,-1,3,0,-1,200,0,9223372036800000000,50,0,10,0,0,7,0,0,1,0,0,1,1,0,2,0,0,0,1,2,0,1,-1,-1,-1,-1,0,10,-1,1,1,3,-1,-1,-1,0,0,1,0,0,10,0,0,0,23.35
1,0,0,0,-1,0,1,3,0,0,0,0,1,1,-1,-1,0,0,-1,0,1,3,0,8,200,0,9223372036800000000,50,0,10,0,0,7,0,0,1,0,0,1,1,0,2,0,0,0,1,2,0,1,-1,-1,-1,-1,0,10,-1,1,1,3,-1,-1,-1,0,0,1,0,0,10,0,0,0,23.42
1,0,0,0,-1,0,1,3,0,0,0,0,1,1,-1,-1,0,1,-1,0,1,3,0,-1,200,0,9223372036800000000,50,0,10,0,0,7,0,0,1,0,0,1,1,0,2,0,0,0,1,2,0,1,-1,-1,-1,-1,0,10,-1,1,1,3,-1,-1,-1,0,0,1,0,0,10,0,0,0,23.86
1,0,0,0,-1,0,1,3,0,0,0,0,1,1,-1,-1,0,1,-1,0,1,3,0,8,150,0,9223372036800000000,50,0,10,0,0,7,0,0,1,0,0,1,1,0,2,0,0,0,1,2,0,1,-1,-1,-1,-1,0,10,-1,1,1,3,-1,-1,-1,0,0,1,0,0,10,0,0,0,23.76
1,0,0,0,-1,0,1,0,0,0,0,0,-1,1,2,1,2,-1,1,0,2,2,0,8,200,0,9223372036800000000,40,0,10,0,0,7,0,0,1,0,0,1,1,3,1,0,0,0,2,2,0,1,-1,1,1,-1,-1,10,-1,1,1,3,-1,-1,-1,0,0,1,0,0,10,1,0,0,16.74
1,0,0,0,-1,0,1,3,0,0,0,0,1,1,3,-1,0,1,-1,0,1,3,0,8,200,0,9223372036800000000,50,0,10,0,0,7,0,0,1,0,0,1,1,0,2,0,0,0,1,2,0,1,-1,-1,-1,-1,0,10,-1,1,1,3,-1,-1,-1,0,0,1,0,0,10,0,0,0,24.15
1,0,0,0,-1,0,1,3,0,0,0,0,1,1,-1,-1,0,1,-1,0,1,3,0,8,200,0,9223372036800000000,50,0,10,0,0,7,0,0,1,0,0,1,1,0,2,0,0,0,1,2,0,1,-1,-1,-1,-1,0,10,-1,1,1,3,-1,-1,-1,0,0,1,0,0,10,0,0,0,23.74
1,0,0,0,-1,0,1,2,0,0,0,0,1,3,0,2,0,1,1,-1,2,3,0,8,800,0,9223372036800000000,5,0,10,0,0,7,0,0,1,0,0,1,1,0,0,0,0,0,3,2,0,1,-1,-1,-1,-1,0,10,-1,1,1,3,-1,-1,-1,0,0,1,0,0,10,0,0,0,20.35
1,0,0,0,-1,0,1,0,0,0,0,0,1,0,-1,1,2,1,-1,0,-1,3,0,-1,150,0,9223372036800000000,1e+75,0,10,0,0,7,0,0,1,0,0,1,1,0,0,0,0,0,0,2,0,1,-1,-1,-1,-1,0,10,-1,1,1,3,-1,-1,-1,0,0,1,0,0,10,0,0,0,14.8
1,0,0,0,-1,0,1,5,0,0,0,0,1,-1,-1,0,1,2,1,0,-1,3,0,4,150,0,9223372036800000000,40,0,10,0,0,7,0,0,1,0,0,2,1,0,1,0,0,0,-1,2,0,1,-1,-1,-1,-1,0,10,-1,1,1,3,-1,-1,-1,0,0,1,0,0,10,0,0,0,21.56
1,0,0,0,-1,0,1,0,0,0,0,0,1,-1,-1,0,1,2,1,0,-1,3,0,4,25,0,9223372036800000000,40,0,10,0,0,7,0,0,1,0,0,2,1,0,1,0,0,0,-1,2,0,1,-1,-1,-1,-1,0,10,-1,1,1,3,-1,-1,-1,0,0,1,0,0,10,0,0,0,21.55
1,0,0,0,-1,0,1,5,0,0,0,0,0,0,1,2,2,-1,-1,0,2,3,0,-1,200,0,9223372036800000000,1e+75,0,10,0,0,7,0,0,1,0,0,1,1,0,0,0,0,0,0,2,0,1,-1,-1,-1,-1,0,10,-1,1,1,3,-1,-1,-1,0,0,1,0,0,10,0,0,0,22.01
1,0,0,0,-1,0,1,5,0,0,0,0,1,-1,3,1,0,1,2,0,-1,3,0,1,100,0,9223372036800000000,20,0,10,0,0,7,0,0,1,0,0,3,1,0,3,0,0,0,0,2,0,1,-1,-1,-1,-1,0,10,-1,1,1,3,-1,-1,-1,0,0,1,0,0,10,0,0,0,46.93
1,0,0,0,-1,0,1,5,0,0,0,0,3,0,2,2,-1,0,0,-1,-1,3,0,-1,200,0,9223372036800000000,1e+75,0,10,0,0,7,0,0,1,0,0,1,1,0,1,0,0,0,0,2,0,1,-1,-1,-1,-1,0,10,-1,1,1,3,-1,-1,-1,0,0,1,0,0,10,0,0,0,17.29
1,0,0,0,-1,0,1,0,0,0,0,0,1,-1,-1,0,1,2,2,0,-1,3,0,4,150,0,9223372036800000000,40,0,10,0,0,7,0,0,1,0,0,2,1,0,1,0,0,0,-1,2,0,1,-1,-1,-1,-1,0,10,-1,1,1,3,-1,-1,-1,0,0,1,0,0,10,0,0,0,21.83
1,0,0,0,-1,0,1,0,0,0,0,0,1,-1,-1,0,1,1,1,0,-1,3,0,4,150,0,9223372036800000000,40,0,10,0,0,7,0,0,1,0,0,2,1,0,1,0,0,0,-1,2,0,1,-1,-1,-1,-1,0,10,-1,1,1,3,-1,-1,-1,0,0,1,0,0,10,0,0,0,21.84
1,0,0,0,-1,0,1,0,0,0,0,0,1,-1,-1,0,1,2,1,0,-1,3,0,4,150,0,9223372036800000000,40,0,10,0,0,7,0,0,1,0,0,2,1,0,1,0,0,0,-1,2,0,1,-1,-1,-1,-1,0,10,-1,1,1,3,-1,-1,-1,0,0,1,0,0,10,0,0,0,20.78
1,0,0,0,-1,0,1,4,0,0,0,0,-1,2,3,-1,1,-1,2,0,1,3,0,2,25,0,9223372036800000000,60,0,10,0,0,7,0,0,1,0,0,1,1,-1,1,0,0,0,4,2,0,1,-1,-1,-1,-1,-1,10,-1,1,1,3,-1,-1,-1,0,0,1,0,0,10,0,0,0,19.61
1,0,0,0,-1,0,1,0,0,0,0,0,1,-1,-1,0,1,2,-1,0,-1,3,0,4,50,0,9223372036800000000,40,0,10,0,0,7,0,0,1,0,0,2,1,0,1,0,0,0,-1,2,0,1,-1,-1,-1,-1,0,10,-1,1,1,3,-1,-1,-1,0,0,1,0,0,10,0,0,0,21.73
1,0,0,0,-1,0,1,0,0,0,0,0,2,3,-1,1,0,2,-1,1,0,3,0,8,400,0,9223372036800000000,20,0,10,0,0,7,0,0,1,0,0,0,1,0,3,0,0,0,2,2,0,1,-1,-1,-1,-1,0,10,-1,1,1,3,-1,-1,-1,0,0,1,0,0,10,0,0,0,20.36
1,0,0,0,-1,0,1,0,0,0,0,0,1,-1,-1,0,2,2,-1,0,-1,3,0,4,150,0,9223372036800000000,40,0,10,0,0,7,0,0,1,0,0,2,1,0,1,0,0,0,-1,2,0,1,-1,-1,-1,-1,0,10,-1,1,1,3,-1,-1,-1,0,0,1,0,0,10,0,0,0,21.23
1,0,0,0,-1,0,1,3,0,0,0,0,2,1,2,0,2,0,1,-1,2,10,0,4,10,0,9223372036800000000,1e+75,0,10,0,0,7,0,0,1,0,0,3,1,0,-1,0,0,0,4,2,0,1,-1,0,2,-1,1,10,-1,1,1,3,-1,-1,-1,0,0,1,0,0,10,-1,0,0,22.73
1,0,0,0,-1,0,1,0,0,0,0,0,1,0,-1,0,1,2,-1,0,-1,3,0,4,150,0,9223372036800000000,40,0,10,0,0,7,0,0,1,0,0,2,1,0,1,0,0,0,-1,2,0,1,-1,-1,-1,-1,0,10,-1,1,1,3,-1,-1,-1,0,0,1,0,0,10,0,0,0,21.72
1,0,0,0,-1,0,1,0,0,0,0,0,1,0,-1,-1,1,1,-1,2,-1,3,0,-1,10,0,9223372036800000000,1e+75,0,10,0,0,7,0,0,1,0,0,1,1,0,0,0,0,0,0,2,0,1,-1,-1,-1,-1,0,10,-1,1,1,3,-1,-1,-1,0,0,1,0,0,10,0,0,0,20.01
1,0,0,0,-1,0,1,0,0,0,0,0,2,-1,-1,1,0,2,0,0,0,3,0,-1,800,0,9223372036800000000,30,0,10,0,0,7,0,0,1,0,0,1,1,3,0,0,0,3,3,2,0,1,-1,-1,-1,-1,-1,10,-1,1,1,3,-1,-1,-1,0,0,1,0,0,10,0,0,0,25.46
1,0,0,0,-1,0,1,0,0,0,0,0,1,1,3,0,2,1,-1,-1,-1,3,0,-1,200,0,9223372036800000000,2,0,10,0,0,7,0,0,1,0,0,3,1,0,3,0,0,0,0,2,0,1,-1,-1,-1,-1,0,10,-1,1,1,3,-1,-1,-1,0,0,1,0,0,10,0,0,0,22.4
1,0,0,0,-1,0,1,0,0,0,0,0,2,1,3,0,2,1,-1,-1,-1,3,0,1,200,0,9223372036800000000,2,0,10,0,0,7,0,0,1,0,0,3,1,0,3,0,0,0,0,2,0,1,-1,-1,-1,-1,0,10,-1,1,1,3,-1,-1,-1,0,0,1,0,0,10,0,0,0,46.69
1,0,0,0,-1,0,1,5,0,0,0,0,-1,0,-1,0,2,-1,-1,0,-1,2,0,16,10,0,9223372036800000000,60,0,10,0,0,7,0,0,1,0,0,0,1,3,3,0,0,2,2,2,0,1,-1,0,2,-1,-1,10,-1,1,1,3,-1,-1,-1,0,0,1,0,0,10,-1,0,0,21.66
1,0,0,0,-1,0,1,0,0,0,0,0,2,1,3,0,2,1,-1,-1,-1,3,0,-1,200,0,9223372036800000000,2,0,10,0,0,7,0,0,1,0,0,3,1,0,2,0,0,0,0,2,0,1,-1,-1,-1,-1,0,10,-1,1,1,3,-1,-1,-1,0,0,1,0,0,10,0,0,0,21.37
1,0,0,0,-1,0,1,0,0,0,0,0,2,1,3,0,2,1,-1,-1,-1,3,0,-1,200,0,9223372036800000000,1e+75,0,10,0,0,7,0,0,1,0,0,3,1,0,3,0,0,0,0,2,0,1,-1,-1,-1,-1,0,10,-1,1,1,3,-1,-1,-1,0,0,1,0,0,10,0,0,0,21.46
1,0,0,0,-1,0,1,0,0,0,0,0,2,-1,3,1,0,2,0,0,0,3,0,-1,800,0,9223372036800000000,30,0,10,0,0,7,0,0,1,0,0,1,1,3,2,0,0,3,3,2,0,1,-1,-1,-1,-1,-1,10,-1,1,1,3,-1,-1,-1,0,0,1,0,0,10,0,0,0,25.46
1,0,0,0,-1,0,1,0,0,0,0,0,3,1,3,0,2,1,-1,-1,-1,3,0,-1,200,0,9223372036800000000,2,0,10,0,0,7,0,0,1,0,0,3,1,0,3,0,0,0,0,2,0,1,-1,-1,-1,-1,0,10,-1,1,1,3,-1,-1,-1,0,0,1,0,0,10,0,0,0,21.37
1,0,0,0,-1,0,1,0,0,0,0,0,1,0,2,0,1,1,1,-1,0,3,0,-1,10,0,9223372036800000000,1e+75,0,10,0,0,7,0,0,1,0,0,1,1,0,0,0,0,0,0,2,0,1,-1,-1,-1,-1,0,10,-1,1,1,3,-1,-1,-1,0,0,1,0,0,10,0,0,0,17.23
1,0,0,0,-1,0,1,0,0,0,0,0,2,1,3,0,2,1,-1,-1,-1,3,0,-1,200,0,9223372036800000000,60,0,10,0,0,7,0,0,1,0,0,3,1,0,3,0,0,0,0,2,0,1,-1,-1,-1,-1,0,10,-1,1,1,3,-1,-1,-1,0,0,1,0,0,10,0,0,0,21.46
1,0,0,0,-1,0,1,5,0,0,0,0,2,2,1,-1,-1,0,2,1,0,3,0,8,150,0,9223372036800000000,1e+75,0,10,0,0,7,0,0,1,0,0,3,1,0,1,0,0,0,1,2,0,1,-1,-1,-1,-1,0,10,-1,1,1,3,-1,-1,-1,0,0,1,0,0,10,0,0,0,24.21
1,0,0,0,-1,0,1,3,0,0,0,0,1,0,1,2,1,0,0,0,1,3,0,-1,50,0,9223372036800000000,1e+75,0,10,0,0,7,0,0,1,0,0,1,1,0,0,0,0,0,0,2,0,1,-1,-1,-1,-1,0,10,-1,1,1,3,-1,-1,-1,0,0,1,0,0,10,0,0,0,16.09
1,0,0,0,-1,0,1,3,0,0,0,0,0,3,2,2,-1,1,0,-1,1,3,0,16,400,0,9223372036800000000,40,0,10,0,0,7,0,0,1,0,0,3,1,0,1,0,0,0,3,2,0,1,-1,-1,-1,-1,0,10,-1,1,1,3,-1,-1,-1,0,0,1,0,0,10,0,0,0,21.87
1,0,0,0,-1,0,1,0,0,0,0,0,2,1,3,0,2,1,-1,-1,-1,3,0,-1,200,0,9223372036800000000,120,0,10,0,0,7,0,0,1,0,0,3,1,0,3,0,0,0,2,2,0,1,-1,-1,-1,-1,0,10,-1,1,1,3,-1,-1,-1,0,0,1,0,0,10,0,0,0,21.84
1,0,0,0,-1,0,1,0,0,0,0,0,2,1,1,0,2,1,-1,-1,-1,3,0,-1,200,0,9223372036800000000,120,0,10,0,0,7,0,0,1,0,0,3,1,0,3,0,0,0,0,2,0,1,-1,-1,-1,-1,0,10,-1,1,1,3,-1,-1,-1,0,0,1,0,0,10,0,0,0,22.47
1,0,0,0,-1,0,1,1,0,0,0,0,-1,1,0,-1,2,1,2,0,0,3,0,16,150,0,9223372036800000000,50,0,10,0,0,7,0,0,1,0,0,1,1,0,0,0,0,0,2,2,0,1,-1,-1,-1,-1,0,10,-1,1,1,3,-1,-1,-1,0,0,1,0,0,10,0,0,0,22.68
1,0,0,0,-1,0,1,2,0,0,0,0,3,0,1,1,-1,0,-1,0,2,3,0,-1,10,0,9223372036800000000,1e+75,0,10,0,0,7,0,0,1,0,0,1,1,0,1,200,0,0,0,2,0,1,-1,-1,-1,-1,0,10,-1,1,1,3,-1,-1,-1,0,0,1,0,0,10,0,0,0,14
1,0,0,0,-1,0,1,3,0,0,0,0,3,3,-1,1,2,2,-1,0,-1,3,0,8,200,0,9223372036800000000,30,0,10,0,0,7,0,0,1,0,0,1,1,0,-1,0,0,0,4,2,0,1,-1,-1,-1,-1,0,10,-1,1,1,3,-1,-1,-1,0,0,1,0,0,10,0,0,0,18.14
1,0,0,0,-1,0,1,0,0,0,0,0,1,1,1,0,2,1,-1,-1,-1,3,0,-1,200,0,9223372036800000000,120,0,10,0,0,7,0,0,1,0,0,3,1,0,3,0,0,0,0,2,0,1,-1,-1,-1,-1,0,10,-1,1,1,3,-1,-1,-1,0,0,1,0,0,10,0,0,0,23.13
1,0,0,0,-1,0,1,2,0,0,0,0,-1,3,2,0,0,0,-1,0,0,3,0,16,200,0,9223372036800000000,40,0,10,0,0,7,0,0,1,0,0,3,1,0,2,0,0,0,1,2,0,1,-1,-1,-1,-1,-1,10,-1,1,1,3,-1,-1,-1,0,0,1,0,0,10,0,0,0,21.42
1,0,0,0,-1,0,1,5,0,0,0,0,3,-1,-1,-1,1,-1,0,2,0,3,0,4,800,0,9223372036800000000,60,0,10,0,0,7,0,0,1,0,0,1,1,0,-1,0,0,0,0,2,0,1,-1,-1,-1,-1,0,10,-1,1,1,3,-1,-1,-1,0,0,1,0,0,10,0,0,0,19.19
1,0,0,0,-1,0,1,4,0,0,0,0,2,0,2,0,2,2,2,2,0,3,0,8,800,0,9223372036800000000,5,0,10,0,0,7,0,0,1,0,0,1,1,3,0,0,0,3,4,2,0,1,-1,-1,-1,-1,-1,10,-1,1,1,3,-1,-1,-1,0,0,1,0,0,10,0,0,0,23.47
1,0,0,0,-1,0,1,3,0,0,0,0,3,0,2,0,-1,0,2,2,0,0,0,-1,150,0,9223372036800000000,120,0,10,0,0,7,0,0,1,0,0,2,1,2,3,0,0,3,3,2,0,1,-1,0,-1,-1,0,10,-1,1,1,3,-1,-1,-1,0,0,1,0,0,10,3,0,0,24.43
1,0,0,0,-1,0,1,0,0,0,0,0,1,1,1,0,2,1,-1,-1,-1,3,0,-1,200,0,9223372036800000000,240,0,10,0,0,7,0,0,1,0,0,3,1,0,3,0,0,0,4,2,0,1,-1,-1,-1,-1,0,10,-1,1,1,3,-1,-1,-1,0,0,1,0,0,10,0,0,0,23.4
1,0,0,0,-1,0,1,3,0,0,0,0,2,0,2,2,-1,1,0,-1,1,3,0,16,400,0,9223372036800000000,40,0,10,0,0,7,0,0,1,0,0,1,1,0,1,0,0,0,2,2,0,1,-1,-1,-1,-1,0,10,-1,1,1,3,-1,-1,-1,0,0,1,0,0,10,0,0,0,15.82
1,0,0,0,-1,0,1,5,0,0,0,0,1,0,2,0,0,0,-1,2,1,2,0,-1,200,0,9223372036800000000,2,0,10,0,0,7,0,0,1,0,0,2,1,1,0,0,0,1,3,2,0,1,-1,0,2,-1,-1,10,-1,1,1,3,-1,-1,-1,0,0,1,0,0,10,3,0,0,23.16
1,0,0,0,-1,0,1,0,0,0,0,0,1,0,3,0,1,-1,-1,-1,1,3,0,4,10,0,9223372036800000000,0,0,10,0,0,7,0,0,1,0,0,2,1,0,0,0,0,0,3,2,0,1,-1,-1,-1,-1,0,10,-1,1,1,3,-1,-1,-1,0,0,1,0,0,10,0,0,0,21.9
1,0,0,0,-1,0,1,0,0,0,0,0,1,0,1,0,1,-1,-1,-1,1,3,0,4,10,0,9223372036800000000,0,0,10,0,0,7,0,0,1,0,0,0,1,0,0,0,0,0,3,2,0,1,-1,-1,-1,-1,0,10,-1,1,1,3,-1,-1,-1,0,0,1,0,0,10,0,0,0,23.35
1,0,0,0,-1,0,1,3,0,0,0,0,1,0,3,0,1,-1,-1,-1,1,3,0,4,10,0,9223372036800000000,0,0,10,0,0,7,0,0,1,0,0,0,1,0,0,0,0,0,3,2,0,1,-1,-1,-1,-1,0,10,-1,1,1,3,-1,-1,-1,0,0,1,0,0,10,0,0,0,28.57
1,0,0,0,-1,0,1,0,0,0,0,0,2,2,0,2,-1,0,0,1,0,10,0,16,100,0,9223372036800000000,1e+75,0,10,0,0,7,0,0,1,0,0,0,1,0,3,0,0,1,0,2,0,1,-1,-1,1,-1,0,10,-1,1,1,3,-1,-1,-1,0,0,1,0,0,10,-1,0,0,20.86
1,0,0,0,-1,0,1,1,0,0,0,0,-1,1,0,-1,2,1,2,0,0,3,0,4,150,0,9223372036800000000,50,0,10,0,0,7,0,0,1,0,0,1,1,0,0,0,0,0,4,2,0,1,-1,-1,-1,-1,0,10,-1,1,1,3,-1,-1,-1,0,0,1,0,0,10,0,0,0,22.52
1,0,0,0,-1,0,1,5,0,0,0,0,3,3,1,2,1,-1,2,-1,0,5,0,8,25,0,9223372036800000000,20,0,10,0,0,7,0,0,1,0,0,1,1,2,3,0,0,3,0,2,0,1,-1,-1,3,-1,-1,10,-1,1,1,3,-1,-1,-1,0,0,1,0,0,10,1,0,0,26.63
1,0,0,0,-1,0,1,0,0,0,0,0,1,0,2,0,1,-1,-1,-1,1,3,0,4,10,0,9223372036800000000,0,0,10,0,0,7,0,0,1,0,0,0,1,0,0,0,0,0,3,2,0,1,-1,-1,-1,-1,0,10,-1,1,1,3,-1,-1,-1,0,0,1,0,0,10,0,0,0,23.4
1,0,0,0,-1,0,1,0,0,0,0,0,1,0,0,0,1,-1,-1,-1,1,3,0,4,10,0,9223372036800000000,0,0,10,0,0,7,0,0,1,0,0,0,1,0,0,0,0,0,3,2,0,1,-1,-1,-1,-1,0,10,-1,1,1,3,-1,-1,-1,0,0,1,0,0,10,0,0,0,23.35
1,0,0,0,-1,0,1,0,0,0,0,0,1,0,3,-1,1,-1,-1,-1,1,3,0,4,10,0,9223372036800000000,0,0,10,0,0,7,0,0,1,0,0,0,1,0,0,0,0,0,3,2,0,1,-1,-1,-1,-1,0,10,-1,1,1,3,-1,-1,-1,0,0,1,0,0,10,0,0,0,36.72
1,0,0,0,-1,0,1,0,0,0,0,0,-1,2,3,0,0,-1,1,-1,-1,3,0,8,25,0,9223372036800000000,1e+75,0,10,0,0,7,0,0,1,0,0,1,1,0,2,0,0,0,4,2,0,1,-1,-1,-1,-1,0,10,-1,1,1,3,-1,-1,-1,0,0,1,0,0,10,0,0,0,20.43
1,0,0,0,-1,0,1,1,0,0,0,0,-1,0,-1,0,2,-1,2,0,-1,1,0,16,10,0,9223372036800000000,5,0,10,0,0,7,0,0,1,0,0,0,1,-1,-1,0,0,5,2,2,0,1,-1,0,1,-1,-1,10,-1,1,1,3,-1,-1,-1,0,0,1,0,0,10,-1,0,0,35.15
1,0,0,0,-1,0,1,0,0,0,0,0,1,0,3,0,1,-1,-1,-1,1,3,0,4,10,0,9223372036800000000,0,0,10,0,0,7,0,0,1,0,0,0,1,0,0,0,0,0,2,2,0,1,-1,-1,-1,-1,0,10,-1,1,1,3,-1,-1,-1,0,0,1,0,0,10,0,0,0,20.98
1,0,0,0,-1,0,1,0,0,0,0,0,1,3,-1,-1,-1,-1,1,2,0,5,0,8,800,0,9223372036800000000,60,0,10,0,0,7,0,0,1,0,0,1,1,1,2,0,0,2,-1,2,0,1,-1,0,2,-1,0,10,-1,1,1,3,-1,-1,-1,0,0,1,0,0,10,-1,0,0,21.44
1,0,0,0,-1,0,1,0,0,0,0,0,1,0,3,0,1,-1,-1,-1,1,3,0,1,10,0,9223372036800000000,0,0,10,0,0,7,0,0,1,0,0,0,1,0,0,0,0,0,3,2,0,1,-1,-1,-1,-1,0,10,-1,1,1,3,-1,-1,-1,0,0,1,0,0,10,0,0,0,48.45
1,0,0,0,-1,0,1,3,0,0,0,0,1,2,-1,-1,0,0,-1,0,1,3,0,-1,200,0,9223372036800000000,50,0,10,0,0,7,0,0,1,0,0,1,1,0,2,0,0,0,1,2,0,1,-1,-1,-1,-1,0,10,-1,1,1,3,-1,-1,-1,0,0,1,0,0,10,0,0,0,23.35
1,0,0,0,-1,0,1,5,0,0,0,0,0,0,1,2,2,-1,-1,0,-1,3,0,-1,200,0,9223372036800000000,1e+75,0,10,0,0,7,0,0,1,0,0,1,1,0,0,0,0,0,0,2,0,1,-1,-1,-1,-1,0,10,-1,1,1,3,-1,-1,-1,0,0,1,0,0,10,0,0,0,18.99
1,0,0,0,-1,0,1,0,0,0,0,0,1,0,3,0,1,-1,-1,-1,1,3,0,4,10,0,9223372036800000000,0,0,10,0,0,7,0,0,1,0,0,0,1,0,0,0,0,0,-1,2,0,1,-1,-1,-1,-1,0,10,-1,1,1,3,-1,-1,-1,0,0,1,0,0,10,0,0,0,21.57
1,0,0,0,-1,0,1,0,0,0,0,0,2,-1,-1,1,0,-1,0,0,0,3,0,-1,800,0,9223372036800000000,30,0,10,0,0,7,0,0,1,0,0,1,1,3,2,0,0,3,3,2,0,1,-1,-1,-1,-1,-1,10,-1,1,1,3,-1,-1,-1,0,0,1,0,0,10,0,0,0,23.57
1,0,0,0,-1,0,1,5,0,0,0,0,2,0,3,1,1,0,1,-1,-1,3,0,1,50,0,9223372036800000000,5,0,10,0,0,7,0,0,1,0,0,2,1,1,3,0,0,0,-1,2,0,1,-1,-1,-1,-1,-1,10,-1,1,1,3,-1,-1,-1,0,0,1,0,0,10,0,0,0,48.83
1,0,0,0,-1,0,1,0,0,0,0,0,1,0,3,0,1,-1,-1,-1,1,3,0,4,10,0,9223372036800000000,60,0,10,0,0,7,0,0,1,0,0,0,1,0,0,0,0,0,3,2,0,1,-1,-1,-1,-1,0,10,-1,1,1,3,-1,-1,-1,0,0,1,0,0,10,0,0,0,22.63
1,0,0,0,-1,0,1,0,0,0,0,0,2,1,3,0,2,2,-1,-1,-1,3,0,-1,200,0,9223372036800000000,2,0,10,0,0,7,0,0,1,0,0,3,1,0,3,0,0,0,0,2,0,1,-1,-1,-1,-1,0,10,-1,1,1,3,-1,-1,-1,0,0,1,0,0,10,0,0,0,20.88
1,0,0,0,-1,0,1,0,0,0,0,0,1,0,3,0,1,-1,-1,-1,1,3,0,4,10,0,9223372036800000000,20,0,10,0,0,7,0,0,1,0,0,0,1,0,0,0,0,0,3,2,0,1,-1,-1,-1,-1,0,10,-1,1,1,3,-1,-1,-1,0,0,1,0,0,10,0,0,0,22.63
1,0,0,0,-1,0,1,0,0,0,0,0,2,0,1,0,-1,0,-1,1,2,3,0,16,10,0,9223372036800000000,60,0,10,0,0,7,0,0,1,0,0,0,1,1,2,0,0,4,3,2,0,1,-1,-1,-1,-1,-1,10,-1,1,1,3,-1,-1,-1,0,0,1,0,0,10,0,0,0,22.75
1,0,0,0,-1,0,1,0,0,0,0,0,-1,2,-1,1,2,0,0,2,2,3,0,8,100,0,9223372036800000000,240,0,10,0,0,7,0,0,1,0,0,2,1,0,2,0,0,0,2,2,0,1,-1,-1,-1,-1,0,10,-1,1,1,3,-1,-1,-1,0,0,1,0,0,10,0,0,0,18.67
1,0,0,0,-1,0,1,0,0,0,0,0,1,0,3,0,1,-1,-1,-1,2,3,0,4,10,0,9223372036800000000,0,0,10,0,0,7,0,0,1,0,0,0,1,0,0,0,0,0,3,2,0,1,-1,-1,-1,-1,0,10,-1,1,1,3,-1,-1,-1,0,0,1,0,0,10,0,0,0,20.22
1,0,0,0,-1,0,1,2,0,0,0,0,1,-1,1,2,2,0,2,1,1,3,0,16,100,0,9223372036800000000,240,0,10,0,0,7,0,0,1,0,0,1,1,0,2,0,0,0,2,2,0,1,-1,-1,-1,-1,0,10,-1,1,1,3,-1,-1,-1,0,0,1,0,0,10,0,0,0,14.15
1,0,0,0,-1,0,1,1,0,0,0,0,0,3,1,0,0,-1,0,-1,1,3,0,2,50,0,9223372036800000000,30,0,10,0,0,7,0,0,1,0,0,1,1,1,-1,0,0,0,3,2,0,1,-1,1,1,-1,0,10,-1,1,1,3,-1,-1,-1,0,0,1,0,0,10,-1,0,0,24.68
1,0,0,0,-1,0,1,3,0,0,0,0,2,0,3,0,0,0,2,2,0,3,0,8,10,0,9223372036800000000,1e+75,0,10,0,0,7,0,0,1,0,0,1,1,0,-1,0,0,0,4,2,0,1,-1,-1,-1,-1,0,10,-1,1,1,3,-1,-1,-1,0,0,1,0,0,10,0,0,0,15.82
1,0,0,0,-1,0,1,1,0,0,0,0,3,0,1,1,-1,2,2,2,0,3,0,-1,25,0,9223372036800000000,1e+75,0,10,0,0,7,0,0,1,0,0,1,1,0,0,0,0,0,0,2,0,1,-1,-1,-1,-1,0,10,-1,1,1,3,-1,-1,-1,0,0,1,0,0,10,0,0,0,22.55
1,0,0,0,-1,0,1,4,0,0,0,0,1,0,-1,-1,0,0,2,1,0,3,0,-1,100,0,9223372036800000000,1e+75,0,10,0,0,7,0,0,1,0,0,1,1,0,1,0,0,0,0,2,0,1,-1,-1,-1,-1,0,10,-1,1,1,3,-1,-1,-1,0,0,1,0,0,10,0,0,0,17.17
1,0,0,0,-1,0,1,3,0,0,0,0,0,-1,2,2,1,1,2,1,1,3,0,8,400,0,9223372036800000000,30,0,10,0,0,7,0,0,1,0,0,2,1,1,-1,0,0,2,4,2,0,1,-1,-1,-1,-1,-1,10,-1,1,1,3,-1,-1,-1,0,0,1,0,0,10,0,0,0,17.41
1,0,0,0,-1,0,1,5,0,0,0,0,2,2,2,0,-1,2,1,-1,-1,5,0,-1,100,0,9223372036800000000,1e+75,0,10,0,0,7,0,0,1,0,0,2,1,-1,-1,0,0,2,1,2,0,1,-1,-1,-1,-1,0,10,-1,1,1,3,-1,-1,-1,0,0,1,0,0,10,0,0,0,21.21
1,0,0,0,-1,0,1,0,0,0,0,0,2,3,-1,1,2,2,-1,2,0,3,0,8,25,0,9223372036800000000,20,0,10,0,0,7,0,0,1,0,0,0,1,0,2,0,0,0,3,2,0,1,-1,-1,-1,-1,0,10,-1,1,1,3,-1,-1,-1,0,0,1,0,0,10,0,0,0,22.37
1,0,0,0,-1,0,1,3,0,0,0,0,3,-1,-1,-1,1,-1,0,2,0,3,0,4,800,0,9223372036800000000,60,0,10,0,0,7,0,0,1,0,0,1,1,0,-1,0,0,0,0,2,0,1,-1,-1,-1,-1,0,10,-1,1,1,3,-1,-1,-1,0,0,1,0,0,10,0,0,0,17.29
1,0,0,0,-1,0,1,3,0,0,0,0,2,0,3,0,1,0,2,2,0,3,0,8,10,0,9223372036800000000,40,0,10,0,0,7,0,0,1,0,0,1,1,0,-1,0,0,0,4,2,0,1,-1,-1,-1,-1,0,10,-1,1,1,3,-1,-1,-1,0,0,1,0,0,10,0,0,0,15.82
1,0,0,0,-1,0,1,3,0,0,0,0,2,1,0,0,1,0,2,2,0,3,0,8,10,0,9223372036800000000,40,0,10,0,0,7,0,0,1,0,0,1,1,0,-1,0,0,0,4,2,0,1,-1,-1,-1,-1,0,10,-1,1,1,3,-1,-1,-1,0,0,1,0,0,10,0,0,0,17.17
1,0,0,0,-1,0,1,3,0,0,0,0,2,1,3,0,1,0,2,2,0,3,0,8,10,0,9223372036800000000,40,0,10,0,0,7,0,0,1,0,0,1,1,0,2,0,0,0,4,2,0,1,-1,-1,-1,-1,0,10,-1,1,1,3,-1,-1,-1,0,0,1,0,0,10,0,0,0,18.32
1,0,0,0,-1,0,1,0,0,0,0,0,1,0,3,1,-1,-1,-1,1,1,3,0,-1,10,0,9223372036800000000,1e+75,0,10,0,0,7,0,0,1,0,0,1,1,0,0,0,0,0,0,2,0,1,-1,-1,-1,-1,0,10,-1,1,1,3,-1,-1,-1,0,0,1,0,0,10,0,0,0,20.69
1,0,0,0,-1,0,1,5,0,0,0,0,0,2,3,-1,1,0,1,-1,-1,3,0,2,200,0,9223372036800000000,30,0,10,0,0,7,0,0,1,0,0,1,1,-1,2,0,0,0,2,2,0,1,-1,-1,-1,-1,-1,10,-1,1,1,3,-1,-1,-1,0,0,1,0,0,10,0,0,0,29.3
1,0,0,0,-1,0,1,3,0,0,0,0,2,1,3,0,1,0,2,2,0,3,0,8,10,0,9223372036800000000,50,0,10,0,0,7,0,0,1,0,0,1,1,0,-1,0,0,0,4,2,0,1,-1,-1,-1,-1,0,10,-1,1,1,3,-1,-1,-1,0,0,1,0,0,10,0,0,0,16.58
1,0,0,0,-1,0,1,4,0,0,0,0,-1,0,3,1,2,0,2,0,-1,3,0,2,150,0,9223372036800000000,240,0,10,0,0,7,0,0,1,0,0,1,1,0,3,0,0,0,0,2,0,1,-1,-1,-1,-1,0,10,-1,1,1,3,-1,-1,-1,0,0,1,0,0,10,0,0,0,22.74
1,0,0,0,-1,0,1,5,0,0,0,0,2,1,1,2,-1,0,1,0,2,3,0,16,150,0,9223372036800000000,30,0,10,0,0,7,0,0,1,0,0,2,1,0,3,0,0,0,1,2,0,1,-1,-1,-1,-1,0,10,-1,1,1,3,-1,-1,-1,0,0,1,0,0,10,0,0,0,22.65
1,0,0,0,-1,0,1,2,0,0,0,0,-1,-1,0,1,0,2,0,-1,1,3,0,8,25,0,9223372036800000000,30,0,10,0,0,7,0,0,1,0,0,3,1,2,1,0,0,2,4,2,0,1,-1,-1,-1,-1,-1,10,-1,1,1,3,-1,-1,-1,0,0,1,0,0,10,0,0,0,23.2
1,0,0,0,-1,0,1,1,0,0,0,0,-1,0,-1,0,2,-1,2,0,-1,5,0,16,10,0,9223372036800000000,5,0,10,0,0,7,0,0,1,0,0,0,1,3,1,0,0,3,2,2,0,1,-1,0,1,-1,-1,10,-1,1,1,3,-1,-1,-1,0,0,1,0,0,10,-1,0,0,28.08
1,0,0,0,-1,0,1,1,0,0,0,0,-1,1,0,-1,2,1,2,0,0,3,0,4,150,0,9223372036800000000,0,0,10,0,0,7,0,0,1,0,0,1,1,0,0,0,0,0,4,2,0,1,-1,-1,-1,-1,0,10,-1,1,1,3,-1,-1,-1,0,0,1,0,0,10,0,0,0,23.1
1,0,0,0,-1,0,1,4,0,0,0,0,-1,0,3,1,2,-1,2,0,1,3,0,2,150,0,9223372036800000000,30,0,10,0,0,7,0,0,1,0,0,1,1,0,3,0,0,0,0,2,0,1,-1,-1,-1,-1,0,10,-1,1,1,3,-1,-1,-1,0,0,1,0,0,10,0,0,0,18.1
1,0,0,0,-1,0,1,3,0,0,0,0,2,1,3,0,1,0,2,2,0,3,0,8,10,0,9223372036800000000,30,0,10,0,0,7,0,0,1,0,0,1,1,0,-1,0,0,0,4,2,0,1,-1,-1,-1,-1,0,10,-1,1,1,3,-1,-1,-1,0,0,1,0,0,10,0,0,0,16.58
1,0,0,0,-1,0,1,2,0,0,0,0,3,0,1,1,-1,0,-1,0,2,3,0,8,10,0,9223372036800000000,1e+75,0,10,0,0,7,0,0,1,0,0,1,1,0,1,0,0,0,0,2,0,1,-1,-1,-1,-1,0,10,-1,1,1,3,-1,-1,4,0,0,1,0,0,10,0,0,0,12.47
1,0,0,0,-1,0,1,1,0,0,0,0,-1,0,-1,0,2,2,2,0,-1,1,0,16,50,0,9223372036800000000,5,0,10,0,0,7,0,0,1,0,0,0,1,3,-1,0,0,5,2,2,0,1,-1,0,1,-1,-1,10,-1,1,1,3,-1,-1,-1,0,0,1,0,0,10,1,0,0,35.31
1,0,0,0,-1,0,1,3,0,0,0,0,2,1,3,0,1,0,2,2,0,3,0,8,10,0,9223372036800000000,0,0,10,0,0,7,0,0,1,0,0,1,1,0,-1,0,0,0,4,2,0,1,-1,-1,-1,-1,0,10,-1,1,1,3,-1,-1,-1,0,0,1,0,0,10,0,0,0,16.58
1,0,0,0,-1,0,1,2,0,0,0,0,-1,3,2,0,0,0,2,0,0,3,0,2,200,0,9223372036800000000,1,0,10,0,0,7,0,0,1,0,0,3,1,0,1,0,0,5,-1,2,0,1,-1,-1,-1,-1,-1,10,-1,1,1,3,-1,-1,-1,0,0,1,0,0,10,0,0,0,34.82
1,0,0,0,-1,0,1,0,0,0,0,0,2,3,3,-1,1,2,-1,2,1,10,0,8,400,0,9223372036800000000,120,0,10,0,0,7,0,0,1,0,0,0,1,2,0,0,0,1,4,2,0,1,-1,0,-1,-1,-1,10,-1,1,1,3,-1,-1,-1,0,0,1,0,0,10,-1,0,0,22.19
1,0,0,0,-1,0,1,0,0,0,0,0,2,3,1,1,2,2,-1,2,0,3,0,8,25,0,9223372036800000000,20,0,10,0,0,7,0,0,1,0,0,0,1,0,2,0,0,0,2,2,0,1,-1,-1,-1,-1,0,10,-1,1,1,3,-1,-1,-1,0,0,1,0,0,10,0,0,0,19.31
1,0,0,0,-1,0,1,3,0,0,0,0,2,1,3,0,1,0,2,2,0,3,0,-1,10,0,9223372036800000000,40,0,10,0,0,7,0,0,1,0,0,1,1,0,-1,0,0,0,4,2,0,1,-1,-1,-1,-1,0,10,-1,1,1,3,-1,-1,-1,0,0,1,0,0,10,0,0,0,17.28
1,0,0,0,-1,0,1,2,0,0,0,0,3,0,1,1,-1,0,-1,0,2,3,0,8,10,0,9223372036800000000,1e+75,0,10,0,0,7,0,0,1,0,0,1,1,1,1,0,0,0,0,2,0,1,-1,-1,-1,-1,0,10,-1,1,1,3,-1,-1,-1,0,0,1,0,0,10,0,0,0,12.39
1,0,0,0,-1,0,1,3,0,0,0,0,2,1,3,0,1,0,2,2,0,3,0,1,10,0,9223372036800000000,40,0,10,0,0,7,0,0,1,0,0,1,1,0,-1,0,0,0,4,2,0,1,-1,-1,-1,-1,0,10,-1,1,1,3,-1,-1,-1,0,0,1,0,0,10,0,0,0,41.48
1,0,0,0,-1,0,1,1,0,0,0,0,0,3,1,0,0,-1,0,-1,1,3,0,2,50,0,9223372036800000000,30,0,10,0,0,7,0,0,1,0,0,1,1,1,-1,0,0,0,3,2,0,1,-1,-1,1,-1,0,10,-1,1,1,3,-1,-1,-1,0,0,1,0,0,10,1,0,0,24.26
1,0,0,0,-1,0,1,3,0,0,0,0,2,1,3,0,1,0,2,2,0,3,0,8,10,0,9223372036800000000,240,0,10,0,0,7,0,0,1,0,0,1,1,0,-1,0,0,0,4,2,0,1,-1,-1,-1,-1,0,10,-1,1,1,3,-1,-1,-1,0,0,1,0,0,10,0,0,0,16.58
1,0,0,0,-1,0,1,2,0,0,0,0,1,-1,1,2,2,0,2,1,1,3,0,16,100,0,9223372036800000000,10,0,10,0,0,7,0,0,1,0,0,1,1,0,2,0,0,0,2,2,0,1,-1,-1,-1,-1,0,10,-1,1,1,3,-1,-1,-1,0,0,1,0,0,10,0,0,0,14.15
1,0,0,0,-1,0,1,0,0,0,0,0,3,3,1,2,0,-1,2,2,0,3,0,8,150,0,9223372036800000000,0,0,10,0,0,7,0,0,1,0,0,1,1,2,1,0,0,0,0,2,0,1,-1,-1,-1,-1,-1,10,-1,1,1,3,-1,-1,-1,0,0,1,0,0,10,0,0,0,14.83
1,0,0,0,-1,0,1,3,0,0,0,0,-1,3,0,0,0,2,-1,0,0,3,0,-1,150,0,9223372036800000000,10,0,10,0,0,7,0,0,1,0,0,3,1,2,0,0,0,1,1,2,0,1,-1,0,0,-1,0,10,-1,1,1,3,-1,-1,-1,0,0,1,0,0,10,0,0,0,20.71
1,0,0,0,-1,0,1,3,0,0,0,0,2,1,3,0,1,0,2,2,0,3,0,8,10,0,9223372036800000000,120,0,10,0,0,7,0,0,1,0,0,1,1,0,-1,0,0,0,4,2,0,1,-1,-1,-1,-1,0,10,-1,1,1,3,-1,-1,-1,0,0,1,0,0,10,0,0,0,16.58
1,0,0,0,-1,0,1,4,0,0,0,0,-1,0,3,1,2,0,2,0,1,3,0,2,10,0,9223372036800000000,240,0,10,0,0,7,0,0,1,0,0,1,1,0,3,0,0,0,0,2,0,1,-1,-1,-1,-1,0,10,-1,1,1,3,-1,-1,-1,0,0,1,0,0,10,0,0,0,18.61
1,0,0,0,-1,0,1,0,0,0,0,0,2,3,-1,1,2,2,-1,1,0,3,0,8,400,0,9223372036800000000,2,0,10,0,0,7,0,0,1,0,0,0,1,0,3,0,0,0,2,2,0,1,-1,-1,-1,-1,0,10,-1,1,1,3,-1,-1,-1,0,0,1,0,0,10,0,0,0,20.36
1,0,0,0,-1,0,1,4,0,0,0,0,2,3,2,0,2,2,2,2,0,3,0,8,800,0,9223372036800000000,5,0,10,0,0,7,0,0,1,0,0,1,1,3,0,0,0,3,4,2,0,1,-1,-1,-1,-1,-1,10,-1,1,1,3,-1,-1,-1,0,0,1,0,0,10,0,0,0,23.47
1,0,0,0,-1,0,1,3,0,0,0,0,2,1,3,0,1,0,2,2,0,3,0,8,10,0,9223372036800000000,40,0,10,0,0,7,0,0,1,0,0,1,1,0,-1,0,0,0,4,2,0,1,-1,-1,-1,-1,0,10,-1,1,1,3,-1,-1,-1,0,0,1,0,0,10,0,0,0,16.54
1,0,0,0,-1,0,1,0,0,0,0,0,1,3,0,2,0,1,2,-1,2,3,0,8,100,0,9223372036800000000,30,0,10,0,0,7,0,0,1,0,0,1,1,0,0,0,0,0,3,2,0,1,-1,-1,-1,-1,0,10,-1,1,1,3,-1,-1,-1,0,0,1,0,0,10,0,0,0,20.99
1,0,0,0,-1,0,1,3,0,0,0,0,-1,0,2,0,2,1,2,-1,1,3,0,-1,100,0,9223372036800000000,1e+75,0,10,0,0,7,0,0,1,0,0,1,1,0,0,0,0,0,0,2,0,1,-1,-1,-1,-1,0,10,-1,1,1,3,-1,-1,-1,0,0,1,0,0,10,0,0,0,15.62
1,0,0,0,-1,0,1,2,0,0,0,0,1,-1,1,2,-1,0,2,1,1,3,0,16,100,0,9223372036800000000,20,0,10,0,0,7,0,0,1,0,0,1,1,0,2,0,0,0,2,2,0,1,-1,-1,-1,-1,0,10,-1,1,1,3,-1,-1,-1,0,0,1,0,0,10,0,0,0,14.43
1,0,0,0,-1,0,1,5,0,0,0,0,2,-1,0,2,-1,0,-1,0,-1,3,0,1,25,0,9223372036800000000,5,0,10,0,0,7,0,0,1,0,0,1,1,0,2,0,0,0,4,2,0,1,-1,-1,-1,-1,0,10,-1,1,1,3,-1,-1,-1,0,0,1,0,0,10,0,0,0,44.75
1,0,0,0,-1,0,1,5,0,0,0,0,1,1,3,-1,-1,2,0,0,0,0,0,1,50,0,9223372036800000000,120,0,10,0,0,7,0,0,1,0,0,1,1,0,1,0,0,2,1,2,0,1,-1,0,-1,-1,-1,10,-1,1,1,3,-1,-1,-1,0,0,1,0,0,10,-1,0,0,51.77
1,0,0,0,-1,0,1,3,0,0,0,0,-1,2,-1,0,0,-1,1,1,-1,3,0,8,25,0,9223372036800000000,40,0,10,0,0,7,0,0,1,0,0,1,1,0,-1,0,0,0,4,2,0,1,-1,-1,-1,-1,0,10,-1,1,1,3,-1,-1,-1,0,0,1,0,0,10,0,0,0,15.37
1,0,0,0,-1,0,1,0,0,0,0,0,-1,0,0,0,-1,-1,2,0,0,3,0,-1,200,0,9223372036800000000,1e+75,0,10,0,0,7,0,0,1,0,0,1,1,0,0,0,0,0,0,2,0,1,-1,-1,-1,-1,0,10,-1,1,1,3,-1,-1,-1,0,0,1,0,0,10,0,0,0,14.04
1,0,0,0,-1,0,1,3,0,0,0,0,-1,2,-1,0,0,-1,1,1,1,3,0,8,25,0,9223372036800000000,40,0,10,0,0,7,0,0,1,0,0,1,1,0,2,0,0,0,4,2,0,1,-1,-1,-1,-1,0,10,-1,1,1,3,-1,-1,-1,0,0,1,0,0,10,0,0,0,15.55
1,0,0,0,-1,0,1,0,0,0,0,0,-1,-1,-1,0,0,-1,2,-1,-1,3,0,8,25,0,9223372036800000000,50,0,10,0,0,7,0,0,1,0,0,1,1,0,2,0,0,0,4,2,0,1,-1,-1,-1,-1,0,10,-1,1,1,3,-1,-1,-1,0,0,1,0,0,10,0,0,0,18.1
1,0,0,0,-1,0,1,5,0,0,0,0,1,0,2,0,0,0,-1,2,0,2,0,-1,200,0,9223372036800000000,2,0,10,0,0,7,0,0,1,0,0,2,1,1,0,0,0,3,3,2,0,1,-1,0,2,-1,-1,10,-1,1,1,3,-1,-1,-1,0,0,1,0,0,10,3,0,0,27.03
1,0,0,0,-1,0,1,0,0,0,0,0,-1,3,3,1,1,1,2,2,0,3,0,1,400,0,9223372036800000000,50,0,10,0,0,7,0,0,1,0,0,2,1,0,2,0,0,1,4,2,0,1,-1,-1,-1,-1,1,10,-1,1,1,3,-1,-1,-1,0,0,1,0,0,10,0,0,0,48.69
1,0,0,0,-1,0,1,0,0,0,0,0,1,3,0,2,0,1,1,-1,2,3,0,8,10,0,9223372036800000000,30,0,10,0,0,7,0,0,1,0,0,1,1,0,0,0,0,0,3,2,0,1,-1,-1,-1,-1,0,10,-1,1,1,3,-1,-1,-1,0,0,1,0,0,10,0,0,0,21.36
1,0,0,0,-1,0,1,2,0,0,0,0,1,-1,1,2,2,0,-1,1,-1,3,0,16,100,0,9223372036800000000,20,0,10,0,0,7,0,0,1,0,0,1,1,0,-1,0,0,0,2,2,0,1,-1,-1,-1,-1,0,10,-1,1,1,3,-1,-1,-1,0,0,1,0,0,10,0,0,0,17.27
1,0,0,0,-1,0,1,3,0,0,0,0,3,0,2,0,-1,0,2,2,0,0,0,16,25,0,9223372036800000000,120,0,10,0,0,7,0,0,1,0,0,2,1,2,3,0,0,3,3,2,0,1,-1,0,-1,-1,0,10,-1,1,1,3,-1,-1,-1,0,0,1,0,0,10,3,0,0,31.94
1,0,0,0,-1,0,1,5,0,0,0,0,3,0,-1,-1,1,2,-1,2,0,3,0,16,150,0,9223372036800000000,5,0,10,0,0,7,0,0,1,0,0,3,1,0,1,0,0,0,4,2,0,1,-1,-1,-1,-1,0,10,-1,1,1,3,-1,-1,-1,0,0,1,0,0,10,0,0,0,21.4
1,0,0,0,-1,0,1,0,0,0,0,0,2,3,3,-1,1,2,-1,2,1,1,0,16,400,0,9223372036800000000,120,0,10,0,0,7,0,0,1,0,0,0,1,2,0,0,0,1,4,2,0,1,-1,1,-1,-1,-1,10,-1,1,1,3,-1,-1,-1,0,0,1,0,0,10,-1,0,0,27.93
1,0,0,0,-1,0,1,0,0,0,0,0,-1,2,-1,0,0,-1,2,-1,-1,3,0,8,25,0,9223372036800000000,1e+75,0,10,0,0,7,0,0,1,0,0,1,1,0,2,0,0,0,4,2,0,1,-1,-1,-1,-1,0,10,-1,1,1,3,-1,-1,-1,0,0,1,0,0,10,0,0,0,17.8
1,0,0,0,-1,0,1,0,0,0,0,0,1,3,0,2,0,1,1,-1,2,3,0,1,100,0,9223372036800000000,30,0,10,0,0,7,0,0,1,0,0,1,1,0,-1,0,0,0,3,2,0,1,-1,-1,-1,-1,0,10,-1,1,1,3,-1,-1,-1,0,0,1,0,0,10,0,0,0,46.61
1,0,0,0,-1,0,1,3,0,0,0,0,1,1,-1,-1,0,0,-1,0,1,3,0,-1,200,0,9223372036800000000,50,0,10,0,0,7,0,0,1,0,0,1,1,0,2,0,0,0,1,2,0,1,-1,-1,-1,-1,0,10,-1,1,1,3,-1,-1,-1,0,0,1,0,0,10,0,0,0,23.35
1,0,0,0,-1,0,1,0,0,0,0,0,-1,2,0,0,0,-1,1,-1,-1,3,0,8,25,0,9223372036800000000,1e+75,0,10,0,0,7,0,0,1,0,0,1,1,0,2,0,0,0,4,2,0,1,-1,-1,-1,-1,0,10,-1,1,1,3,-1,-1,-1,0,0,1,0,0,10,0,0,0,18.89
1,0,0,0,-1,0,1,0,0,0,0,0,-1,2,-1,0,0,-1,1,-1,-1,3,0,8,25,0,9223372036800000000,1e+75,0,10,0,0,7,0,0,1,0,0,1,1,0,3,0,0,0,4,2,0,1,-1,-1,-1,-1,0,10,-1,1,1,3,-1,-1,-1,0,0,1,0,0,10,0,0,0,18.89
1,0,0,0,-1,0,1,2,0,0,0,0,3,0,1,1,-1,0,-1,0,2,3,0,-1,10,0,9223372036800000000,1e+75,0,10,0,0,7,1,0,1,0,0,1,1,0,1,0,0,0,0,2,0,1,-1,-1,-1,-1,0,10,-1,1,1,3,-1,-1,-1,0,0,1,0,0,10,0,0,0,15.59
1,0,0,0,-1,0,1,5,0,0,0,0,2,-1,0,2,-1,0,-1,0,-1,3,0,4,150,0,9223372036800000000,240,0,10,0,0,7,0,0,1,0,0,1,1,0,2,0,0,0,4,2,0,1,-1,-1,-1,-1,0,10,-1,1,1,3,-1,-1,-1,0,0,1,0,0,10,0,0,0,21.96
1,0,0,0,-1,0,1,2,0,0,0,0,-1,0,2,2,0,1,0,2,1,3,0,-1,25,0,9223372036800000000,1e+75,0,10,0,0,7,0,0,1,0,0,1,1,0,0,0,0,0,0,2,0,1,-1,-1,-1,-1,0,10,-1,1,1,3,-1,-1,-1,0,0,1,0,0,10,0,0,0,14.73
1,0,0,0,-1,0,1,5,0,0,0,0,2,1,1,0,2,-1,1,1,-1,2,0,16,200,0,9223372036800000000,50,0,10,0,0,7,0,0,1,0,0,0,1,0,3,0,0,2,2,2,0,1,-1,1,-1,-1,0,10,-1,1,1,3,-1,-1,-1,0,0,1,0,0,10,1,0,0,21.91
1,0,0,0,-1,0,1,4,0,0,0,0,-1,2,-1,0,0,-1,1,-1,-1,3,0,1,25,0,9223372036800000000,1e+75,0,10,0,0,7,0,0,1,0,0,0,1,0,2,0,0,0,4,2,0,1,-1,-1,-1,-1,0,10,-1,1,1,3,-1,-1,-1,0,0,1,0,0,10,0,0,0,48.46
1,0,0,0,-1,0,1,5,0,0,0,0,1,-1,3,1,0,1,2,0,-1,3,0,-1,10,0,9223372036800000000,60,0,10,0,0,7,0,0,1,0,0,1,1,0,0,0,0,0,0,2,0,1,-1,-1,-1,-1,0,10,-1,1,1,3,-1,-1,-1,0,0,1,0,0,10,0,0,0,22.79
1,0,0,0,-1,0,1,3,0,0,0,0,-1,3,2,0,0,2,-1,0,0,3,0,-1,100,0,9223372036800000000,10,0,10,0,0,7,0,0,1,0,0,3,1,2,0,0,0,1,1,2,0,1,-1,0,0,-1,0,10,-1,1,1,3,-1,-1,-1,0,0,1,0,0,10,0,0,0,20.71
1,0,0,0,-1,0,1,5,0,0,0,0,-1,-1,3,1,0,1,2,0,-1,3,0,-1,10,0,9223372036800000000,60,0,10,0,0,7,0,0,1,0,0,1,1,0,3,0,0,0,0,2,0,1,-1,-1,-1,-1,0,10,-1,1,1,3,-1,-1,-1,0,0,1,0,0,10,0,0,0,23.29
1,0,0,0,-1,0,1,2,0,0,0,0,3,2,3,2,2,0,2,-1,-1,3,0,-1,200,0,9223372036800000000,1,0,10,0,0,7,0,0,1,0,0,0,1,1,3,0,0,0,3,2,0,1,-1,-1,-1,-1,0,10,-1,1,1,3,-1,-1,-1,0,0,1,0,0,10,0,0,0,23.34
1,0,0,0,-1,0,1,5,0,0,0,0,1,-1,3,1,0,1,2,0,-1,3,0,-1,10,0,9223372036800000000,60,0,10,0,0,7,0,0,1,0,0,1,1,0,3,0,0,0,0,2,0,1,-1,-1,-1,-1,0,10,-1,1,1,3,-1,-1,-1,0,0,1,0,0,10,0,0,0,23.29
1,0,0,0,-1,0,1,5,0,0,0,0,1,-1,3,1,0,1,2,0,-1,3,0,1,25,0,9223372036800000000,20,0,10,0,0,7,0,0,1,0,0,3,1,0,3,0,0,0,0,2,0,1,-1,-1,-1,-1,0,10,-1,1,1,3,-1,-1,-1,0,0,1,0,0,10,0,0,0,46.93
1,0,0,0,-1,0,1,0,0,0,0,0,-1,0,2,0,0,2,1,2,0,1,0,4,10,0,9223372036800000000,2,0,10,0,0,7,0,0,1,0,0,3,1,1,1,0,0,0,3,2,0,1,-1,-1,0,-1,1,10,-1,1,1,3,-1,-1,-1,0,0,1,0,0,10,3,0,0,26.52
1,0,0,0,-1,0,1,2,0,0,0,0,3,0,1,1,-1,0,-1,0,2,3,0,-1,10,0,9223372036800000000,1e+75,0,10,0,0,0,0,0,1,0,0,1,1,0,1,0,0,0,0,2,0,1,-1,-1,-1,-1,0,10,-1,1,1,3,-1,-1,-1,0,0,1,0,0,10,0,0,0,12.46
1,0,0,0,-1,0,1,0,0,0,0,0,1,0,1,2,0,0,1,0,-1,0,0,-1,400,0,9223372036800000000,20,0,10,0,0,7,0,0,1,0,0,2,1,2,1,0,0,1,2,2,0,1,-1,1,-1,-1,-1,10,-1,1,1,3,-1,-1,-1,0,0,1,0,0,10,1,0,0,22.32
1,0,0,0,-1,0,1,5,0,0,0,0,0,2,3,-1,1,2,1,-1,-1,3,0,2,200,0,9223372036800000000,240,0,10,0,0,7,0,0,1,0,0,1,1,-1,2,0,0,0,2,2,0,1,-1,-1,-1,-1,-1,10,-1,1,1,3,-1,-1,-1,0,0,1,0,0,10,0,0,0,29.02
1,0,0,0,-1,0,1,5,0,0,0,0,1,-1,3,1,0,1,2,0,-1,3,0,1,200,0,9223372036800000000,20,0,10,0,0,7,0,0,1,0,0,3,1,0,3,0,0,0,1,2,0,1,-1,-1,-1,-1,0,10,-1,1,1,3,-1,-1,-1,0,0,1,0,0,10,0,0,0,47.37
1,0,0,0,-1,0,1,1,0,0,0,0,-1,1,0,-1,2,1,2,0,0,3,0,4,150,0,9223372036800000000,50,0,10,0,0,7,0,0,1,0,0,1,1,0,0,0,0,0,0,2,0,1,-1,-1,-1,-1,0,10,-1,1,1,3,-1,-1,-1,0,0,1,0,0,10,0,0,0,22.52
1,0,0,0,-1,0,1,2,0,0,0,0,3,0,-1,1,-1,0,-1,0,2,3,0,8,10,0,9223372036800000000,50,0,10,0,0,7,0,0,1,0,0,1,1,0,1,0,0,0,0,2,0,1,-1,-1,-1,-1,0,10,-1,1,1,3,-1,-1,-1,0,0,1,0,0,10,0,0,0,12.4
1,0,0,0,-1,0,1,5,0,0,0,0,1,-1,3,1,0,1,2,0,-1,3,0,1,150,0,9223372036800000000,20,0,10,0,0,7,0,0,1,0,0,3,1,0,3,0,0,0,1,2,0,1,-1,-1,-1,-1,0,10,-1,1,1,3,-1,-1,-1,0,0,1,0,0,10,0,0,0,47.34
1,0,0,0,-1,0,1,2,0,0,0,0,3,0,1,1,-1,0,-1,0,2,3,0,8,10,0,9223372036800000000,1e+75,0,10,0,0,7,0,0,1,0,0,1,1,0,1,0,0,0,-1,2,0,1,-1,-1,-1,-1,0,10,-1,1,1,3,-1,-1,-1,0,0,1,0,0,10,0,0,0,24.39
1,0,0,0,-1,0,1,2,0,0,0,0,3,0,1,1,-1,0,-1,0,2,3,0,-1,100,0,9223372036800000000,1e+75,0,10,0,0,7,0,0,1,0,0,1,1,0,1,0,0,0,0,2,0,1,-1,-1,-1,-1,0,10,-1,1,1,3,-1,-1,-1,0,0,1,0,0,10,0,0,0,14.71
1,0,0,0,-1,0,1,2,0,0,0,0,-1,0,0,0,1,0,2,0,1,3,0,-1,200,0,9223372036800000000,1e+75,0,10,0,0,7,0,0,1,0,0,1,1,0,0,0,0,0,0,2,0,1,-1,-1,-1,-1,0,10,-1,1,1,3,-1,-1,-1,0,0,1,0,0,10,0,0,0,13.48
1,0,0,0,-1,0,1,2,0,0,0,0,3,0,1,1,-1,0,-1,0,1,3,0,-1,10,0,9223372036800000000,1e+75,0,10,0,0,7,0,0,1,0,0,1,1,0,1,0,0,0,0,2,0,1,-1,-1,-1,-1,0,10,-1,1,1,3,-1,-1,-1,0,0,1,0,0,10,0,0,0,15.76
1,0,0,0,-1,0,1,2,0,0,0,0,3,0,1,1,-1,0,2,0,2,3,0,-1,10,0,9223372036800000000,1e+75,0,10,0,0,7,0,0,1,0,0,1,1,0,1,0,0,0,0,2,0,1,-1,-1,-1,-1,0,10,-1,1,1,3,-1,-1,-1,0,0,1,0,0,10,0,0,0,14.3
1,0,0,0,-1,0,1,5,0,0,0,0,2,3,3,1,1,-1,1,-1,-1,3,0,4,50,0,9223372036800000000,5,0,10,0,0,7,0,0,1,0,0,2,1,1,3,0,0,0,-1,2,0,1,-1,-1,-1,-1,-1,10,-1,1,1,3,-1,-1,-1,0,0,1,0,0,10,0,0,0,25.93
1,0,0,0,-1,0,1,2,0,0,0,0,3,0,1,1,-1,1,-1,0,2,3,0,-1,10,0,9223372036800000000,1e+75,0,10,0,0,7,0,0,1,0,0,1,1,0,1,0,0,0,0,2,0,1,-1,-1,-1,-1,0,10,-1,1,1,3,-1,-1,-1,0,0,1,0,0,10,0,0,0,15.71
1,0,0,0,-1,0,1,0,0,0,0,0,-1,0,0,0,-1,0,0,0,0,3,0,-1,200,0,9223372036800000000,50,0,10,0,0,7,0,0,1,0,0,1,1,0,0,0,0,0,0,2,0,1,-1,-1,-1,-1,0,10,-1,1,1,3,-1,-1,-1,0,0,1,0,0,10,0,0,0,13.11
1,0,0,0,-1,0,1,1,0,0,0,0,-1,0,-1,0,0,0,1,0,1,3,0,-1,25,0,9223372036800000000,1e+75,0,10,0,0,7,0,0,1,0,0,1,1,0,0,0,0,0,0,2,0,1,-1,-1,-1,-1,0,10,-1,1,1,3,-1,-1,-1,0,0,1,0,0,10,0,0,0,23.03
1,0,0,0,-1,0,1,1,0,0,0,0,0,-1,2,2,1,1,2,1,1,3,0,8,400,0,9223372036800000000,30,0,10,0,0,7,0,0,1,0,0,2,1,1,1,0,0,3,4,2,0,1,-1,-1,-1,-1,-1,10,-1,1,1,3,-1,-1,-1,0,0,1,0,0,10,0,0,0,27.69
1,0,0,0,-1,0,1,2,0,0,0,0,3,0,1,1,-1,0,-1,0,2,0,0,8,10,0,9223372036800000000,1e+75,0,10,0,0,7,0,0,1,0,0,1,1,0,1,0,0,0,0,2,0,1,-1,-1,-1,-1,0,10,-1,1,1,3,-1,-1,-1,0,0,1,0,0,10,0,0,0,20.16
1,0,0,0,-1,0,1,0,0,0,0,0,-1,0,0,0,-1,0,0,0,0,3,0,-1,25,0,9223372036800000000,1e+75,0,10,0,0,7,0,0,1,0,0,1,1,0,0,0,0,0,0,2,0,1,-1,-1,-1,-1,0,10,-1,1,1,3,-1,-1,-1,0,0,1,0,0,10,0,0,0,13.95
1,0,0,0,-1,0,1,0,0,0,0,0,-1,0,0,0,-1,2,0,0,0,3,0,-1,200,0,9223372036800000000,1e+75,0,10,0,0,7,0,0,1,0,0,1,1,0,0,0,0,0,0,2,0,1,-1,-1,-1,-1,0,10,-1,1,1,3,-1,-1,-1,0,0,1,0,0,10,0,0,0,15.24
1,0,0,0,-1,0,1,0,0,0,0,0,-1,0,0,0,-1,0,0,0,0,3,0,-1,200,0,9223372036800000000,1e+75,0,10,0,0,7,0,0,1,0,0,1,1,0,3,0,0,0,0,2,0,1,-1,-1,-1,-1,0,10,-1,1,1,3,-1,-1,-1,0,0,1,0,0,10,0,0,0,16.2
1,0,0,0,-1,0,1,0,0,0,0,0,1,0,3,0,1,-1,-1,-1,1,3,0,4,10,0,9223372036800000000,0,0,10,0,0,7,0,0,1,0,0,0,1,0,0,0,0,0,3,2,0,1,-1,-1,-1,-1,0,10,-1,1,1,3,-1,-1,-1,0,0,1,0,0,10,0,0,0,20.22
1,0,0,0,-1,0,1,0,0,0,0,0,-1,0,0,0,-1,0,0,0,1,3,0,-1,200,0,9223372036800000000,1e+75,0,10,0,0,7,0,0,1,0,0,1,1,0,0,0,0,0,0,2,0,1,-1,-1,-1,-1,0,10,-1,1,1,3,-1,-1,-1,0,0,1,0,0,10,0,0,0,13.21
1,0,0,0,-1,0,1,2,0,0,0,0,3,0,1,1,-1,0,-1,0,2,3,0,-1,10,0,9223372036800000000,40,0,10,0,0,7,0,0,1,0,0,1,1,0,1,0,0,0,0,2,0,1,-1,-1,-1,-1,0,10,-1,1,1,3,-1,-1,-1,0,0,1,0,0,10,0,0,0,12.45
1,0,0,0,-1,0,1,0,0,0,0,0,-1,0,0,0,-1,0,0,0,0,3,0,-1,200,0,9223372036800000000,5,0,10,0,0,7,0,0,1,0,0,1,1,0,0,0,0,0,0,2,0,1,-1,-1,-1,-1,0,10,-1,1,1,3,-1,-1,-1,0,0,1,0,0,10,0,0,0,13
1,0,0,0,-1,0,1,5,0,0,0,0,1,0,2,0,0,2,-1,2,0,2,0,-1,200,0,9223372036800000000,2,0,10,0,0,7,0,0,1,0,0,2,1,1,0,0,0,1,3,2,0,1,-1,0,2,-1,-1,10,-1,1,1,3,-1,-1,-1,0,0,1,0,0,10,3,0,0,23.07
1,0,0,0,-1,0,1,5,0,0,0,0,3,0,-1,-1,1,2,-1,1,0,3,0,16,150,0,9223372036800000000,10,0,10,0,0,7,0,0,1,0,0,3,1,0,1,0,0,0,4,2,0,1,-1,-1,-1,-1,0,10,-1,1,1,3,-1,-1,-1,0,0,1,0,0,10,0,0,0,21.4
1,0,0,0,-1,0,1,1,0,0,0,0,-1,1,0,-1,2,1,2,0,0,3,0,4,150,0,9223372036800000000,50,0,10,0,0,7,0,0,1,0,0,1,1,0,0,0,0,0,1,2,0,1,-1,-1,-1,-1,0,10,-1,1,1,3,-1,-1,-1,0,0,1,0,0,10,0,0,0,23.48
1,0,0,0,-1,0,1,0,0,0,0,0,-1,0,0,0,-1,0,0,0,0,3,0,-1,200,0,9223372036800000000,2,0,10,0,0,7,0,0,1,0,0,1,1,0,0,0,0,0,0,2,0,1,-1,-1,-1,-1,0,10,-1,1,1,3,-1,-1,-1,0,0,1,0,0,10,0,0,0,13.23
1,0,0,0,-1,0,1,2,0,0,0,0,1,3,0,2,0,1,1,-1,2,3,0,2,100,0,9223372036800000000,5,0,10,0,0,7,0,0,1,0,0,1,1,0,3,0,0,0,3,2,0,1,-1,-1,-1,-1,0,10,-1,1,1,3,-1,-1,-1,0,0,1,0,0,10,0,0,0,22.02
1,0,0,0,-1,0,1,0,0,0,0,0,-1,0,0,0,-1,0,0,0,0,3,0,-1,150,0,9223372036800000000,1e+75,0,10,0,0,7,0,0,1,0,0,1,1,0,0,0,0,0,0,2,0,1,-1,-1,-1,-1,0,10,-1,1,1,3,-1,-1,-1,0,0,1,0,0,10,0,0,0,13.01
1,0,0,0,-1,0,1,0,0,0,0,0,0,3,0,0,-1,0,0,0,0,3,0,-1,150,0,9223372036800000000,1e+75,0,10,0,0,7,0,0,1,0,0,1,1,0,0,0,0,0,0,2,0,1,-1,-1,-1,-1,0,10,-1,1,1,3,-1,-1,-1,0,0,1,0,0,10,0,0,0,13.31
1,0,0,0,-1,0,1,4,0,0,0,0,3,2,2,-1,2,1,1,0,0,3,0,16,10,0,9223372036800000000,60,0,10,0,0,7,0,0,1,0,0,3,1,2,0,0,0,2,1,2,0,1,-1,-1,-1,-1,-1,10,-1,1,1,3,-1,-1,-1,0,0,1,0,0,10,0,0,0,22.88
1,0,0,0,-1,0,1,3,0,0,0,0,2,3,-1,0,0,0,1,2,0,3,0,8,10,0,9223372036800000000,40,0,10,0,0,7,0,0,1,0,0,1,1,0,-1,0,0,0,4,2,0,1,-1,-1,-1,-1,0,10,-1,1,1,3,-1,-1,-1,0,0,1,0,0,10,0,0,0,15.5
1,0,0,0,-1,0,1,3,0,0,0,0,1,1,0,2,0,2,2,2,1,3,0,1,10,0,9223372036800000000,60,0,10,0,0,7,0,0,1,0,0,1,1,3,0,0,0,5,-1,2,0,1,-1,-1,-1,-1,0,10,-1,1,1,3,-1,-1,-1,0,0,1,0,0,10,0,0,0,49.86
1,0,0,0,-1,0,1,5,0,0,0,0,3,3,2,2,0,-1,2,2,0,3,0,8,150,0,9223372036800000000,240,0,10,0,0,7,0,0,1,0,0,1,1,0,1,0,0,0,0,2,0,1,-1,-1,-1,-1,-1,10,-1,1,1,3,-1,-1,-1,0,0,1,0,0,10,0,0,0,20.16
1,0,0,0,-1,0,1,0,0,0,0,0,0,0,0,0,-1,0,0,0,0,3,0,-1,150,0,9223372036800000000,1e+75,0,10,0,0,7,0,0,1,0,0,3,1,0,0,0,0,0,0,2,0,1,-1,-1,-1,-1,0,10,-1,1,1,3,-1,-1,-1,0,0,1,0,0,10,0,0,0,19.21
1,0,0,0,-1,0,1,2,0,0,0,0,3,0,1,1,-1,0,-1,0,2,3,0,4,10,0,9223372036800000000,1e+75,0,10,0,0,7,0,0,1,0,0,1,1,0,1,0,0,0,0,2,0,1,-1,-1,-1,-1,0,10,-1,1,1,3,-1,-1,-1,0,0,1,0,0,10,0,0,0,12.43
1,0,0,0,-1,0,1,5,0,0,0,0,3,0,-1,-1,1,0,-1,2,0,3,0,16,150,0,9223372036800000000,10,0,10,0,0,7,0,0,1,0,0,3,1,0,1,0,0,0,4,2,0,1,-1,-1,-1,-1,0,10,-1,1,1,3,-1,-1,-1,0,0,1,0,0,10,0,0,0,21.66
1,0,0,0,-1,0,1,2,0,0,0,0,3,0,1,1,-1,0,-1,0,2,3,0,8,10,0,9223372036800000000,1e+75,0,10,0,3,7,0,0,1,0,0,1,1,0,1,0,0,0,0,2,0,1,-1,-1,-1,-1,0,10,-1,1,1,3,-1,-1,-1,0,0,1,0,0,10,0,0,0,15.9
1,0,0,0,-1,0,1,2,0,0,0,0,3,0,1,1,-1,0,-1,0,2,3,0,2,10,0,9223372036800000000,1e+75,0,10,0,0,7,0,0,1,0,0,1,1,0,1,0,0,0,0,2,0,1,-1,-1,-1,-1,0,10,-1,1,1,3,-1,-1,-1,0,0,1,0,0,10,0,0,0,18.84
1,0,0,0,-1,0,1,2,0,0,0,0,3,0,1,1,-1,0,-1,0,2,3,0,1,10,0,9223372036800000000,1e+75,0,10,0,0,7,0,0,1,0,0,1,1,0,1,0,0,0,0,2,0,1,-1,-1,-1,-1,0,10,-1,1,1,3,-1,-1,-1,0,0,1,0,0,10,0,0,0,38.42
1,0,0,0,-1,0,1,3,0,0,0,0,1,0,2,-1,0,1,1,1,0,3,0,1,100,0,9223372036800000000,1e+75,0,10,0,0,7,0,0,1,0,0,2,1,0,1,0,0,0,2,2,0,1,-1,-1,-1,-1,0,10,-1,1,1,3,-1,-1,-1,0,0,1,0,0,10,0,0,0,44.57
1,0,0,0,-1,0,1,2,0,0,0,0,3,0,1,1,-1,0,-1,0,2,3,0,-1,10,0,9223372036800000000,1e+75,0,10,0,0,30,0,0,1,0,0,1,1,0,1,0,0,0,0,2,0,1,-1,-1,-1,-1,0,10,-1,1,1,3,-1,-1,-1,0,0,1,0,0,10,0,0,0,12.45
1,0,0,0,-1,0,1,0,0,0,0,0,-1,0,0,0,-1,0,2,0,0,3,0,-1,200,0,9223372036800000000,1e+75,0,10,0,0,7,0,0,1,0,0,1,1,0,1,0,0,0,0,2,0,1,-1,-1,-1,-1,0,10,-1,1,1,3,-1,-1,-1,0,0,1,0,0,10,0,0,0,13.7
1,0,0,0,-1,0,1,4,0,0,0,0,-1,2,-1,1,2,1,0,2,2,3,0,8,100,0,9223372036800000000,20,0,10,0,0,7,0,0,1,0,0,2,1,0,2,0,0,0,2,2,0,1,-1,-1,-1,-1,0,10,-1,1,1,3,-1,-1,-1,0,0,1,0,0,10,0,0,0,19.49
1,0,0,0,-1,0,1,5,0,0,0,0,3,3,0,1,2,-1,2,1,-1,3,0,8,50,0,9223372036800000000,240,0,10,0,0,7,0,0,1,0,0,3,1,-1,-1,0,0,0,0,2,0,1,-1,-1,-1,-1,1,10,-1,1,1,3,-1,-1,-1,0,0,1,0,0,10,0,0,0,22.1
1,0,0,0,-1,0,1,2,0,0,0,0,3,0,1,1,-1,0,-1,0,2,3,0,-1,10,0,9223372036800000000,1e+75,0,10,0,0,15,0,0,1,0,0,1,1,0,1,0,0,0,0,2,0,1,-1,-1,-1,-1,0,10,-1,1,1,3,-1,-1,-1,0,0,1,0,0,10,0,0,0,12.45
1,0,0,0,-1,0,1,2,0,0,0,0,3,0,1,1,-1,0,-1,0,2,3,0,-1,10,0,9223372036800000000,1e+75,0,10,0,0,5,0,0,1,0,0,1,1,0,1,0,0,0,0,2,0,1,-1,-1,-1,-1,0,10,-1,1,1,3,-1,-1,-1,0,0,1,0,0,10,0,0,0,12.45
1,0,0,0,-1,0,1,0,0,0,0,0,2,1,0,2,-1,0,0,1,0,10,0,16,100,0,9223372036800000000,1e+75,0,10,0,0,7,0,0,1,0,0,0,1,0,3,0,0,1,0,2,0,1,-1,-1,1,-1,0,10,-1,1,1,3,-1,-1,-1,0,0,1,0,0,10,0,0,0,19.94
1,0,0,0,-1,0,1,2,0,0,0,0,3,0,1,1,-1,0,-1,0,2,3,0,-1,10,0,9223372036800000000,1e+75,0,10,0,0,4,0,0,1,0,0,1,1,0,1,0,0,0,0,2,0,1,-1,-1,-1,-1,0,10,-1,1,1,3,-1,-1,-1,0,0,1,0,0,10,0,0,0,12.45
1,0,0,0,-1,0,1,0,0,0,0,0,2,1,3,0,2,1,-1,-1,-1,3,0,-1,200,0,9223372036800000000,2,0,10,0,0,7,0,0,1,0,0,3,1,0,3,0,0,0,0,2,0,1,-1,-1,-1,-1,0,10,-1,1,1,3,-1,-1,-1,0,0,1,0,0,10,0,0,0,21.37
1,0,0,0,-1,0,1,2,0,0,0,0,3,0,1,1,-1,0,-1,0,2,3,0,-1,10,0,9223372036800000000,1e+75,0,10,0,0,3,0,0,1,0,0,1,1,0,1,0,0,0,0,2,0,1,-1,-1,-1,-1,0,10,-1,1,1,3,-1,-1,-1,0,0,1,0,0,10,0,0,0,12.45
1,0,0,0,-1,0,1,1,0,0,0,0,1,0,-1,1,0,1,-1,0,-1,3,0,-1,150,0,9223372036800000000,1e+75,0,10,0,0,7,0,0,1,0,0,1,1,0,0,0,0,0,0,2,0,1,-1,-1,-1,-1,0,10,-1,1,1,3,-1,-1,-1,0,0,1,0,0,10,0,0,0,23.04
1,0,0,0,-1,0,1,5,0,0,0,0,2,3,3,-1,1,2,-1,2,1,10,0,16,400,0,9223372036800000000,120,0,10,0,0,7,0,0,1,0,0,0,1,2,0,0,0,1,4,2,0,1,-1,0,-1,-1,-1,10,-1,1,1,3,-1,-1,-1,0,0,1,0,0,10,-1,0,0,23.63
1,0,0,0,-1,0,1,4,0,0,0,0,0,0,1,2,0,1,-1,0,2,3,0,-1,100,0,9223372036800000000,1e+75,0,10,0,0,7,0,0,1,0,0,1,1,0,0,0,0,0,0,2,0,1,-1,-1,-1,-1,0,10,-1,1,1,3,-1,-1,-1,0,0,1,0,0,10,0,0,0,15.48
1,0,0,0,-1,0,1,0,0,0,0,0,1,1,0,2,-1,0,0,1,0,10,0,16,100,0,9223372036800000000,1e+75,0,10,0,0,7,0,0,1,0,0,0,1,0,3,0,0,1,1,2,0,1,-1,-1,1,-1,0,10,-1,1,1,3,-1,-1,-1,0,0,1,0,0,10,-1,0,0,22.09
1,0,0,0,-1,0,1,2,0,0,0,0,3,0,1,1,-1,0,-1,0,2,3,0,-1,10,0,9223372036800000000,1e+75,0,10,0,0,7,0,0,1,0,0,1,1,0,1,100,0,0,0,2,0,1,-1,-1,-1,-1,0,10,-1,1,1,3,-1,-1,-1,0,0,1,0,0,10,0,0,0,13.99
1,0,0,0,-1,0,1,0,0,0,0,0,2,3,-1,1,2,2,-1,2,2,3,0,8,25,0,9223372036800000000,20,0,10,0,0,7,0,0,1,0,0,0,1,0,2,0,0,0,2,2,0,1,-1,-1,-1,-1,0,10,-1,1,1,3,-1,-1,-1,0,0,1,0,0,10,0,0,0,19.72
1,0,0,0,-1,0,1,2,0,0,0,0,3,0,1,1,-1,0,-1,0,2,3,0,-1,10,0,9223372036800000000,1e+75,0,10,0,0,7,0,0,1,0,0,1,1,0,1,60,0,0,0,2,0,1,-1,-1,-1,-1,0,10,-1,1,1,3,-1,-1,-1,0,0,1,0,0,10,0,0,0,13.99
1,0,0,0,-1,0,1,1,0,0,0,0,-1,0,0,-1,2,1,2,-1,0,3,0,4,150,0,9223372036800000000,50,0,10,0,0,7,0,0,1,0,0,1,1,0,0,0,0,0,2,2,0,1,-1,-1,-1,-1,0,10,-1,1,1,3,-1,-1,-1,0,0,1,0,0,10,0,0,0,30.87
1,0,0,0,-1,0,1,0,0,0,0,0,3,-1,-1,1,0,2,0,0,0,3,0,-1,800,0,9223372036800000000,30,0,10,0,0,7,0,0,1,0,0,1,1,3,2,0,0,3,3,2,0,1,-1,-1,-1,-1,-1,10,-1,1,1,3,-1,-1,-1,0,0,1,0,0,10,0,0,0,23.51
1,0,0,0,-1,0,1,2,0,0,0,0,3,0,1,1,-1,0,-1,0,2,3,0,-1,10,0,9223372036800000000,1e+75,0,10,0,0,7,0,0,1,0,0,1,1,0,1,-1,0,0,0,2,0,1,-1,-1,-1,-1,0,10,-1,1,1,3,-1,-1,-1,0,0,1,0,0,10,0,0,0,15.28
1,0,0,0,-1,0,1,3,0,0,0,0,-1,0,1,2,1,0,1,2,-1,3,0,-1,50,0,9223372036800000000,1e+75,0,10,0,0,7,0,0,1,0,0,1,1,0,0,0,0,0,0,2,0,1,-1,-1,-1,-1,0,10,-1,1,1,3,-1,-1,-1,0,0,1,0,0,10,0,0,0,15.17
1,0,0,0,-1,0,1,0,0,0,0,0,-1,-1,0,2,-1,0,1,0,-1,3,0,4,150,0,9223372036800000000,0,0,10,0,0,7,0,0,1,0,0,1,1,0,2,0,0,0,4,2,0,1,-1,-1,-1,-1,0,10,-1,1,1,3,-1,-1,-1,0,0,1,0,0,10,0,0,0,17.42
1,0,0,0,-1,0,1,2,0,0,0,0,-1,-1,0,1,0,2,0,-1,1,3,0,8,150,0,9223372036800000000,30,0,10,0,0,7,0,0,1,0,0,3,1,1,1,0,0,2,4,2,0,1,-1,-1,-1,-1,-1,10,-1,1,1,3,-1,-1,-1,0,0,1,0,0,10,0,0,0,20
1,0,0,0,-1,0,1,2,0,0,0,0,1,-1,1,2,2,0,2,1,1,3,0,16,100,0,9223372036800000000,20,0,10,0,0,7,0,0,1,0,0,1,1,0,2,0,0,0,2,2,0,1,-1,-1,-1,-1,0,10,-1,1,1,3,-1,-1,-1,0,0,1,0,0,10,0,0,0,14.15
1,0,0,0,-1,0,1,2,0,0,0,0,3,0,1,1,-1,0,-1,0,2,3,0,-1,10,0,9223372036800000000,120,0,10,0,0,7,0,0,1,0,0,1,1,0,1,0,0,0,0,2,0,1,-1,-1,-1,-1,0,10,-1,1,1,3,-1,-1,-1,0,0,1,0,0,10,0,0,0,12.44
1,0,0,0,-1,0,1,0,0,0,0,0,0,0,0,0,1,0,2,2,-1,3,0,-1,25,0,9223372036800000000,1e+75,0,10,0,0,7,0,0,1,0,0,1,1,0,0,0,0,0,0,2,0,1,-1,-1,-1,-1,0,10,-1,1,1,3,-1,-1,-1,0,0,1,0,0,10,0,0,0,15.99
1,0,0,0,-1,0,1,5,0,0,0,0,2,3,1,0,0,-1,0,-1,1,3,0,2,50,0,9223372036800000000,30,0,10,0,0,7,0,0,1,0,0,1,1,1,-1,0,0,0,3,2,0,1,-1,-1,1,-1,0,10,-1,1,1,3,-1,-1,-1,0,0,1,0,0,10,-1,0,0,21.81
1,0,0,0,-1,0,1,0,0,0,0,0,2,1,0,2,-1,0,-1,1,0,10,0,16,100,0,9223372036800000000,1e+75,0,10,0,0,7,0,0,1,0,0,0,1,0,3,0,0,1,0,2,0,1,-1,-1,1,-1,0,10,-1,1,1,3,-1,-1,-1,0,0,1,0,0,10,-1,0,0,22.31
1,0,0,0,-1,0,1,3,0,0,0,0,-1,2,-1,0,0,-1,2,-1,-1,3,0,8,25,0,9223372036800000000,50,0,10,0,0,7,0,0,1,0,0,1,1,0,2,0,0,0,4,2,0,1,-1,-1,-1,-1,0,10,-1,1,1,3,-1,-1,-1,0,0,1,0,0,10,0,0,0,16.32
1,0,0,0,-1,0,1,0,0,0,0,0,1,0,1,2,-1,0,1,2,0,3,0,-1,800,0,9223372036800000000,1e+75,0,10,0,0,7,0,0,1,0,0,1,1,0,0,0,0,0,0,2,0,1,-1,-1,-1,-1,0,10,-1,1,1,3,-1,-1,-1,0,0,1,0,0,10,0,0,0,15.17
1,0,0,0,-1,0,1,2,0,0,0,0,3,0,1,1,-1,0,-1,0,2,3,0,-1,10,0,9223372036800000000,20,0,10,0,0,7,0,0,1,0,0,1,1,0,1,0,0,0,0,2,0,1,-1,-1,-1,-1,0,10,-1,1,1,3,-1,-1,-1,0,0,1,0,0,10,0,0,0,12.42
1,0,0,0,-1,0,1,2,0,0,0,0,3,0,1,1,-1,0,-1,0,2,3,0,-1,10,0,9223372036800000000,1,0,10,0,0,7,0,0,1,0,0,1,1,0,1,0,0,0,0,2,0,1,-1,-1,-1,-1,0,10,-1,1,1,3,-1,-1,-1,0,0,1,0,0,10,0,0,0,12.42
1,0,0,0,-1,0,1,2,0,0,0,0,3,0,1,1,-1,0,-1,0,2,3,0,-1,10,0,9223372036800000000,1e+75,0,10,0,0,2,0,0,1,0,0,1,1,0,1,0,0,0,0,2,0,1,-1,-1,-1,-1,0,10,-1,1,1,3,-1,-1,-1,0,0,1,0,0,10,0,0,0,12.45
1,0,0,0,-1,0,1,0,0,0,0,0,-1,0,1,0,1,0,2,0,0,3,0,-1,100,0,9223372036800000000,1e+75,0,10,0,0,7,0,0,1,0,0,1,1,-1,0,0,0,0,0,2,0,1,-1,-1,-1,-1,0,10,-1,1,1,3,-1,-1,-1,0,0,1,0,0,10,0,0,0,13.03
1,0,0,0,-1,0,1,2,0,0,0,0,3,0,1,1,-1,0,-1,0,2,3,0,-1,10,0,9223372036800000000,1e+75,0,10,0,0,7,0,3,1,0,0,1,1,0,1,0,0,0,0,2,0,1,-1,-1,-1,-1,0,10,-1,1,1,3,-1,-1,-1,0,0,1,0,0,10,0,0,0,15.58
1,0,0,0,-1,0,1,2,0,0,0,0,3,0,1,1,-1,0,-1,0,2,3,0,-1,10,0,9223372036800000000,1e+75,0,10,0,0,7,0,1,1,0,0,1,1,0,1,0,0,0,0,2,0,1,-1,-1,-1,-1,0,10,-1,1,1,3,-1,-1,-1,0,0,1,0,0,10,0,0,0,14.95
1,0,0,0,-1,0,1,3,0,0,0,0,-1,0,1,2,1,-1,1,2,-1,3,0,-1,50,0,9223372036800000000,1e+75,0,10,0,0,7,0,0,1,0,0,1,1,0,0,0,0,0,0,2,0,1,-1,-1,-1,-1,0,10,-1,1,1,3,-1,-1,-1,0,0,1,0,0,10,0,0,0,15.84
1,0,0,0,-1,0,1,3,0,0,0,0,0,-1,2,2,1,1,2,1,1,3,0,8,400,0,9223372036800000000,240,0,10,0,0,7,0,0,1,0,0,2,1,1,1,0,0,2,4,2,0,1,-1,-1,-1,-1,-1,10,-1,1,1,3,-1,-1,-1,0,0,1,0,0,10,0,0,0,18.26
1,0,0,0,-1,0,1,3,0,0,0,0,2,1,2,0,2,0,1,-1,2,5,0,4,10,0,9223372036800000000,1e+75,0,10,0,0,7,0,0,1,0,0,3,1,0,-1,0,0,0,4,2,0,1,-1,0,2,-1,0,10,-1,1,1,3,-1,-1,-1,0,0,1,0,0,10,-1,0,0,23.68
1,0,0,0,-1,0,1,2,0,0,0,0,3,0,1,1,-1,0,-1,0,2,3,0,-1,10,0,9223372036800000000,1e+75,0,10,0,0,7,0,0,1,0,0,1,1,0,1,0,0,0,3,2,0,1,-1,-1,-1,-1,0,10,-1,1,1,3,-1,-1,-1,0,0,1,0,0,10,0,0,0,21.87
1,0,0,0,-1,0,1,2,0,0,0,0,3,0,1,1,-1,0,-1,0,2,3,0,-1,10,0,9223372036800000000,1e+75,0,10,0,0,7,0,0,1,0,0,1,1,0,1,0,0,0,1,2,0,1,-1,-1,-1,-1,0,10,-1,1,1,3,-1,-1,-1,0,0,1,0,0,10,0,0,0,21.87
1,0,0,0,-1,0,1,5,0,0,0,0,2,2,1,-1,-1,0,2,1,0,3,0,8,150,0,9223372036800000000,120,0,10,0,0,7,0,0,1,0,0,0,1,0,1,0,0,0,1,2,0,1,-1,-1,-1,-1,0,10,-1,1,1,3,-1,-1,-1,0,0,1,0,0,10,0,0,0,21.66
1,0,0,0,-1,0,1,2,0,0,0,0,3,0,1,1,-1,0,-1,0,2,3,0,-1,10,0,9223372036800000000,1e+75,0,10,0,0,7,0,0,1,0,0,1,1,0,1,0,0,0,-1,2,0,1,-1,-1,-1,-1,0,10,-1,1,1,3,-1,-1,-1,0,0,1,0,0,10,0,0,0,24.4
1,0,0,0,-1,0,1,2,0,0,0,0,3,3,1,1,-1,0,-1,0,2,3,0,-1,10,0,9223372036800000000,1e+75,0,10,0,0,7,0,0,1,0,0,1,1,0,1,0,0,0,0,2,0,1,-1,-1,-1,-1,0,10,-1,1,1,3,-1,-1,-1,0,0,1,0,0,10,0,0,0,12.45
1,0,0,0,-1,0,1,0,0,0,0,0,1,-1,-1,0,1,2,-1,0,1,3,0,4,200,0,9223372036800000000,40,0,10,0,0,7,0,0,1,0,0,2,1,0,1,0,0,0,-1,2,0,1,-1,-1,-1,-1,0,10,-1,1,1,3,-1,-1,-1,0,0,1,0,0,10,0,0,0,22.32
1,0,0,0,-1,0,1,3,0,0,0,0,3,3,-1,1,0,2,-1,0,-1,3,0,8,200,0,9223372036800000000,30,0,10,0,0,7,0,0,1,0,0,1,1,0,-1,0,0,0,4,2,0,1,-1,-1,-1,-1,0,10,-1,1,1,3,-1,-1,-1,0,0,1,0,0,10,0,0,0,18.14
1,0,0,0,-1,0,1,3,0,0,0,0,-1,1,2,0,2,0,1,-1,2,5,0,4,10,0,9223372036800000000,1e+75,0,10,0,0,7,0,0,1,0,0,3,1,0,-1,0,0,3,4,2,0,1,-1,0,2,-1,1,10,-1,1,1,3,-1,-1,-1,0,0,1,0,0,10,-1,0,0,26.49
1,0,0,0,-1,0,1,0,0,0,0,0,1,0,0,2,0,1,1,-1,2,3,0,8,100,0,9223372036800000000,30,0,10,0,0,7,0,0,1,0,0,1,1,0,-1,0,0,0,-1,2,0,1,-1,-1,-1,-1,0,10,-1,1,1,3,-1,-1,-1,0,0,1,0,0,10,0,0,0,24.68
1,0,0,0,-1,0,1,2,0,0,0,0,3,2,1,1,-1,0,-1,0,2,3,0,-1,10,0,9223372036800000000,1e+75,0,10,0,0,7,0,0,1,0,0,1,1,0,1,0,0,0,0,2,0,1,-1,-1,-1,-1,0,10,-1,1,1,3,-1,-1,-1,0,0,1,0,0,10,0,0,0,12.47
1,0,0,0,-1,0,1,2,0,0,0,0,3,-1,1,1,-1,0,-1,0,2,3,0,-1,10,0,9223372036800000000,1e+75,0,10,0,0,7,0,0,1,0,0,1,1,0,1,0,0,0,0,2,0,1,-1,-1,-1,-1,0,10,-1,1,1,3,-1,-1,-1,0,0,1,0,0,10,0,0,0,15.75
1,0,0,0,-1,0,1,2,0,0,0,0,3,0,1,1,-1,0,-1,0,2,3,0,8,10,0,9223372036800000000,1e+75,0,10,0,0,7,0,0,1,0,0,1,1,0,1,0,0,0,0,2,0,1,-1,-1,-1,-1,0,10,-1,1,1,3,-1,-1,-1,0,0,1,1,0,10,0,0,0,17.73
1,0,0,0,-1,0,1,4,0,0,0,0,-1,0,1,2,0,1,-1,2,2,3,0,-1,100,0,9223372036800000000,1e+75,0,10,0,0,7,0,0,1,0,0,1,1,0,0,0,0,0,0,2,0,1,-1,-1,-1,-1,0,10,-1,1,1,3,-1,-1,-1,0,0,1,0,0,10,0,0,0,16.8
1,0,0,0,-1,0,1,1,0,0,0,0,3,3,3,2,0,1,-1,-1,-1,2,0,16,100,0,9223372036800000000,5,0,10,0,0,7,0,0,1,0,0,1,1,3,-1,0,0,3,1,2,0,1,-1,0,2,-1,1,10,-1,1,1,3,-1,-1,-1,0,0,1,0,0,10,2,0,0,25.62
1,0,0,0,-1,0,1,5,0,0,0,0,2,-1,0,2,-1,0,-1,0,-1,3,0,4,25,0,9223372036800000000,240,0,10,0,0,7,0,0,1,0,0,1,1,0,2,0,0,0,4,2,0,1,-1,-1,-1,-1,0,10,-1,1,1,3,-1,-1,-1,0,0,1,0,0,10,0,0,0,22.18
1,0,0,0,-1,0,1,0,0,0,0,0,2,-1,-1,1,0,2,0,0,0,3,0,-1,800,0,9223372036800000000,30,0,10,0,0,7,0,0,1,0,0,1,1,3,2,0,0,2,3,2,0,1,-1,-1,-1,-1,-1,10,-1,1,1,3,-1,-1,-1,0,0,1,0,0,10,0,0,0,18.15
1,0,0,0,-1,0,1,2,0,0,0,0,3,2,3,2,2,0,2,-1,-1,3,0,-1,10,0,9223372036800000000,1,0,10,0,0,7,0,0,1,0,0,0,1,0,3,0,0,0,3,2,0,1,-1,-1,-1,-1,0,10,-1,1,1,3,-1,-1,-1,0,0,1,0,0,10,0,0,0,24.16
1,0,0,0,-1,0,1,3,0,0,0,0,-1,3,2,0,0,2,-1,0,0,3,0,-1,150,0,9223372036800000000,10,0,10,0,0,7,0,0,1,0,0,3,1,2,0,0,0,1,-1,2,0,1,-1,0,0,-1,0,10,-1,1,1,3,-1,-1,-1,0,0,1,0,0,10,0,0,0,23.42
1,0,0,0,-1,0,1,0,0,0,0,0,1,3,3,2,0,1,1,-1,2,3,0,8,100,0,9223372036800000000,30,0,10,0,0,7,0,0,1,0,0,1,1,0,0,0,0,0,3,2,0,1,-1,-1,-1,-1,0,10,-1,1,1,3,-1,-1,-1,0,0,1,0,0,10,0,0,0,23.78
1,0,0,0,-1,0,1,3,0,0,0,0,1,0,2,0,0,0,-1,-1,1,3,0,-1,200,0,9223372036800000000,1e+75,0,10,0,0,7,0,0,1,0,0,1,1,0,0,0,0,0,0,2,0,1,-1,-1,-1,-1,0,10,-1,1,1,3,-1,-1,-1,0,0,1,0,0,10,0,0,0,16.63
1,0,0,0,-1,0,1,0,0,0,0,0,0,0,1,2,0,1,1,2,0,3,0,-1,800,0,9223372036800000000,1e+75,0,10,0,0,7,0,0,1,0,0,1,1,0,0,0,0,0,0,2,0,1,-1,-1,-1,-1,0,10,-1,1,1,3,-1,-1,-1,0,0,1,0,0,10,0,0,0,15.33
1,0,0,0,-1,0,1,0,0,0,0,0,0,0,1,2,0,1,1,2,0,3,0,-1,150,0,9223372036800000000,1e+75,0,10,0,0,7,0,0,1,0,0,1,1,0,0,0,0,0,0,2,0,1,-1,-1,-1,-1,0,10,-1,1,1,3,-1,-1,-1,0,0,1,0,0,10,0,0,0,15.18
1,0,0,0,-1,0,1,2,0,0,0,0,1,-1,1,2,2,0,2,1,-1,3,0,16,100,0,9223372036800000000,20,0,10,0,0,7,0,0,1,0,0,1,1,0,2,0,0,0,0,2,0,1,-1,-1,-1,-1,0,10,-1,1,1,3,-1,-1,-1,0,0,1,0,0,10,0,0,0,15.2
1,0,0,0,-1,0,1,0,0,0,0,0,-1,2,-1,0,0,-1,1,-1,-1,3,0,-1,25,0,9223372036800000000,1e+75,0,10,0,0,7,0,0,1,0,0,1,1,0,2,0,0,0,4,2,0,1,-1,-1,-1,-1,0,10,-1,1,1,3,-1,-1,-1,0,0,1,0,0,10,0,0,0,18.89
1,0,0,0,-1,0,1,2,0,0,0,0,3,0,0,1,1,-1,2,1,0,3,0,8,800,0,9223372036800000000,50,0,10,0,0,7,0,0,1,0,0,1,1,1,-1,0,0,2,-1,2,0,1,-1,-1,-1,-1,0,10,-1,1,1,3,-1,-1,-1,0,0,1,0,0,10,0,0,0,23.97
1,0,0,0,-1,0,1,5,0,0,0,0,2,0,0,1,1,2,1,-1,-1,3,0,4,50,0,9223372036800000000,5,0,10,0,0,7,0,0,1,0,0,1,1,1,3,0,0,1,-1,2,0,1,-1,-1,-1,-1,-1,10,-1,1,1,3,-1,-1,-1,0,0,1,0,0,10,0,0,0,23.61
1,0,0,0,-1,0,1,3,0,0,0,0,2,0,-1,1,1,1,1,1,1,3,0,-1,100,0,9223372036800000000,1e+75,0,10,0,0,7,0,0,1,0,0,1,1,0,3,0,0,0,0,2,0,1,-1,-1,-1,-1,0,10,-1,1,1,3,-1,-1,-1,0,0,1,0,0,10,0,0,0,17.2
1,0,0,0,-1,0,1,0,0,0,0,0,1,0,0,-1,0,-1,2,0,2,3,0,16,800,0,9223372036800000000,5,0,10,0,0,7,0,0,1,0,0,0,1,2,-1,0,0,2,3,2,0,1,-1,-1,-1,-1,-1,10,-1,1,1,3,-1,-1,-1,0,0,1,0,0,10,0,0,0,21.87
1,0,0,0,-1,0,1,3,0,0,0,0,2,0,-1,1,1,1,1,0,1,3,0,-1,150,0,9223372036800000000,1e+75,0,10,0,0,7,0,0,1,0,0,1,1,0,3,0,0,0,0,2,0,1,-1,-1,-1,-1,0,10,-1,1,1,3,-1,-1,-1,0,0,1,0,0,10,0,0,0,21.58
1,0,0,0,-1,0,1,5,0,0,0,0,3,0,-1,-1,1,2,-1,2,0,3,0,16,150,0,9223372036800000000,30,0,10,0,0,7,0,0,1,0,0,3,1,0,1,0,0,0,4,2,0,1,-1,-1,-1,-1,0,10,-1,1,1,3,-1,-1,-1,0,0,1,0,0,10,0,0,0,21.4
1,0,0,0,-1,0,1,4,0,0,0,0,-1,0,3,2,2,1,-1,0,2,3,0,-1,25,0,9223372036800000000,1e+75,0,10,0,0,7,0,0,1,0,0,1,1,0,0,0,0,0,0,2,0,1,-1,-1,-1,-1,0,10,-1,1,1,3,-1,-1,-1,0,0,1,0,0,10,0,0,0,22.44
1,0,0,0,-1,0,1,2,0,0,0,0,-1,3,2,0,0,0,0,0,0,3,0,2,200,0,9223372036800000000,1,0,10,0,0,7,0,0,1,0,0,3,1,0,2,0,0,5,-1,2,0,1,-1,-1,-1,-1,-1,10,-1,1,1,3,-1,-1,-1,0,0,1,0,0,10,0,0,0,30.6
1,0,0,0,-1,0,1,0,0,0,0,0,1,1,1,0,2,1,2,-1,-1,3,0,-1,200,0,9223372036800000000,120,0,10,0,0,7,0,0,1,0,0,3,1,0,3,0,0,0,4,2,0,1,-1,-1,-1,-1,0,10,-1,1,1,3,-1,-1,-1,0,0,1,0,0,10,0,0,0,24.05
1,0,0,0,-1,0,1,4,0,0,0,0,0,-1,3,2,0,1,-1,-1,-1,10,0,16,400,0,9223372036800000000,60,0,10,0,0,7,0,0,1,0,0,1,1,-1,2,0,0,3,2,2,0,1,-1,-1,3,-1,1,10,-1,1,1,3,-1,-1,-1,0,0,1,0,0,10,0,0,0,26.05
1,0,0,0,-1,0,1,3,0,0,0,0,2,0,-1,1,1,1,1,1,1,3,0,-1,150,0,9223372036800000000,1e+75,0,10,0,0,7,0,0,1,0,0,1,1,0,3,0,0,0,0,2,0,1,-1,-1,-1,-1,0,10,-1,1,1,3,-1,-1,-1,0,0,1,0,0,10,0,0,0,16.49
1,0,0,0,-1,0,1,3,0,0,0,0,2,0,-1,-1,1,1,1,-1,1,3,0,-1,150,0,9223372036800000000,1e+75,0,10,0,0,7,0,0,1,0,0,1,1,0,3,0,0,0,0,2,0,1,-1,-1,-1,-1,0,10,-1,1,1,3,-1,-1,-1,0,0,1,0,0,10,0,0,0,26.75
1,0,0,0,-1,0,1,5,0,0,0,0,3,3,0,1,2,-1,2,1,-1,3,0,8,50,0,9223372036800000000,240,0,10,0,0,7,0,0,1,0,0,3,1,-1,-1,0,0,0,4,2,0,1,-1,-1,-1,-1,1,10,-1,1,1,3,-1,-1,-1,0,0,1,0,0,10,0,0,0,22.1
1,0,0,0,-1,0,1,3,0,0,0,0,2,0,-1,1,1,1,1,-1,1,3,0,-1,150,0,9223372036800000000,1e+75,0,10,0,0,7,0,0,1,0,0,1,1,0,3,0,0,0,0,2,0,1,-1,-1,-1,-1,0,10,-1,1,1,3,-1,-1,-1,0,0,1,0,0,10,0,0,0,17.18
1,0,0,0,-1,0,1,4,0,0,0,0,0,1,0,2,0,1,1,0,2,5,0,-1,100,0,9223372036800000000,120,0,10,0,0,7,0,0,1,0,0,0,1,2,-1,0,0,2,0,2,0,1,-1,-1,1,-1,-1,10,-1,1,1,3,-1,-1,-1,0,0,1,0,0,10,2,0,0,20.94
1,0,0,0,-1,0,1,0,0,0,0,0,-1,0,0,0,-1,0,0,0,0,3,0,-1,100,0,9223372036800000000,1e+75,0,10,0,0,7,0,0,1,0,0,1,1,0,0,0,0,0,0,2,0,1,-1,-1,-1,-1,0,10,-1,1,1,3,-1,-1,-1,0,0,1,0,0,10,0,0,0,13.23
1,0,0,0,-1,0,1,1,0,0,0,0,3,0,1,1,-1,2,2,2,-1,3,0,-1,50,0,9223372036800000000,1e+75,0,10,0,0,7,0,0,1,0,0,1,1,0,0,0,0,0,0,2,0,1,-1,-1,-1,-1,0,10,-1,1,1,3,-1,-1,-1,0,0,1,0,0,10,0,0,0,22.46
1,0,0,0,-1,0,1,2,0,0,0,0,3,0,1,1,-1,0,-1,0,2,3,0,8,10,0,9223372036800000000,1e+75,0,10,0,0,7,0,0,1,0,0,1,1,0,1,0,0,0,0,2,0,1,-1,-1,-1,-1,-1,10,-1,1,1,3,-1,-1,-1,0,0,1,0,0,10,0,0,0,12.45
1,0,0,0,-1,0,1,1,0,0,0,0,-1,3,2,0,0,2,-1,0,0,2,0,-1,400,0,9223372036800000000,10,0,10,0,0,7,0,0,1,0,0,3,1,2,0,0,0,1,1,2,0,1,-1,0,0,-1,0,10,-1,1,1,3,-1,-1,-1,0,0,1,0,0,10,0,0,0,23.96
1,0,0,0,-1,0,1,0,0,0,0,0,-1,2,3,0,0,-1,2,-1,-1,3,0,8,25,0,9223372036800000000,1e+75,0,10,0,0,7,0,0,1,0,0,1,1,0,2,0,0,0,4,2,0,1,-1,-1,-1,-1,0,10,-1,1,1,3,-1,-1,-1,0,0,1,0,0,10,0,0,0,21.25
1,0,0,0,-1,0,1,1,0,0,0,0,3,0,1,1,-1,2,2,-1,0,3,0,-1,50,0,9223372036800000000,1e+75,0,10,0,0,7,0,0,1,0,0,1,1,0,0,0,0,0,0,2,0,1,-1,-1,-1,-1,0,10,-1,1,1,3,-1,-1,-1,0,0,1,0,0,10,0,0,0,23.64
1,0,0,0,-1,0,1,2,0,0,0,0,1,-1,1,2,2,0,2,1,1,3,0,-1,25,0,9223372036800000000,20,0,10,0,0,7,0,0,1,0,0,1,1,0,2,0,0,0,2,2,0,1,-1,-1,-1,-1,0,10,-1,1,1,3,-1,-1,-1,0,0,1,0,0,10,0,0,0,13.93
1,0,0,0,-1,0,1,2,0,0,0,0,-1,0,1,0,1,1,1,2,0,3,0,-1,10,0,9223372036800000000,1e+75,0,10,0,0,7,0,0,1,0,0,1,1,0,-1,0,0,0,0,2,0,1,-1,-1,-1,-1,0,10,-1,1,1,3,-1,-1,-1,0,0,1,0,0,10,0,0,0,14.45
1,0,0,0,-1,0,1,3,0,0,0,0,0,0,1,2,1,0,0,0,1,3,0,-1,50,0,9223372036800000000,1e+75,0,10,0,0,7,0,0,1,0,0,1,1,0,0,0,0,0,0,2,0,1,-1,-1,-1,-1,0,10,-1,1,1,3,-1,-1,-1,0,0,1,0,0,10,0,0,0,16.84
1,0,0,0,-1,0,1,1,0,0,0,0,0,3,1,0,0,-1,0,-1,1,3,0,2,50,0,9223372036800000000,30,0,10,0,0,7,0,0,1,0,0,1,1,1,-1,0,0,0,3,2,0,1,-1,-1,1,-1,-1,10,-1,1,1,3,-1,-1,-1,0,0,1,0,0,10,-1,0,0,22.89
1,0,0,0,-1,0,1,0,0,0,0,0,-1,0,-1,1,1,1,1,2,2,3,0,-1,25,0,9223372036800000000,1e+75,0,10,0,0,7,0,0,1,0,0,1,1,0,-1,0,0,0,0,2,0,1,-1,-1,-1,-1,0,10,-1,1,1,3,-1,-1,-1,0,0,1,0,0,10,0,0,0,16.86
1,0,0,0,-1,0,1,1,0,0,0,0,-1,0,-1,1,1,2,1,0,2,3,0,-1,25,0,9223372036800000000,1e+75,0,10,0,0,7,0,0,1,0,0,1,1,0,-1,0,0,0,0,2,0,1,-1,-1,-1,-1,0,10,-1,1,1,3,-1,-1,-1,0,0,1,0,0,10,0,0,0,23.28
1,0,0,0,-1,0,1,5,0,0,0,0,0,1,1,0,0,-1,0,-1,1,3,0,2,50,0,9223372036800000000,1,0,10,0,0,7,0,0,1,0,0,1,1,1,-1,0,0,0,3,2,0,1,-1,-1,1,-1,0,10,-1,1,1,3,-1,-1,-1,0,0,1,0,0,10,-1,0,0,21.79
1,0,0,0,-1,0,1,1,0,0,0,0,-1,0,-1,1,1,-1,1,0,2,3,0,-1,25,0,9223372036800000000,1e+75,0,10,0,0,7,0,0,1,0,0,1,1,0,-1,0,0,0,0,2,0,1,-1,-1,-1,-1,0,10,-1,1,1,3,-1,-1,-1,0,0,1,0,0,10,0,0,0,22.95
1,0,0,0,-1,0,1,5,0,0,0,0,2,0,0,1,1,2,1,-1,-1,3,0,16,50,0,9223372036800000000,5,0,10,0,0,7,0,0,1,0,0,1,1,1,3,0,0,0,-1,2,0,1,-1,-1,-1,-1,-1,10,-1,1,1,3,-1,-1,-1,0,0,1,0,0,10,0,0,0,21.24
1,0,0,0,-1,0,1,4,0,0,0,0,1,0,3,0,2,1,-1,-1,1,3,0,-1,50,0,9223372036800000000,1e+75,0,10,0,0,7,0,0,1,0,0,1,1,0,1,0,0,0,0,2,0,1,-1,-1,-1,-1,0,10,-1,1,1,3,-1,-1,-1,0,0,1,0,0,10,0,0,0,21.02
1,0,0,0,-1,0,1,0,0,0,0,0,1,3,-1,-1,-1,-1,-1,2,2,5,0,8,800,0,9223372036800000000,20,0,10,0,0,7,0,0,1,0,0,1,1,1,2,0,0,2,-1,2,0,1,-1,0,2,-1,0,10,-1,1,1,3,-1,-1,-1,0,0,1,0,0,10,-1,0,0,22.65
1,0,0,0,-1,0,1,5,0,0,0,0,2,2,1,-1,-1,0,2,1,0,3,0,8,150,0,9223372036800000000,60,0,10,0,0,7,0,0,1,0,0,0,1,0,1,0,0,0,1,2,0,1,-1,-1,-1,-1,0,10,-1,1,1,3,-1,-1,-1,0,0,1,0,0,10,0,0,0,21.53
1,0,0,0,-1,0,1,5,0,0,0,0,1,0,3,0,2,1,-1,-1,1,3,0,-1,10,0,9223372036800000000,1e+75,0,10,0,0,7,0,0,1,0,0,1,1,0,1,0,0,0,0,2,0,1,-1,-1,-1,-1,0,10,-1,1,1,3,-1,-1,-1,0,0,1,0,0,10,0,0,0,22.4
1,0,0,0,-1,0,1,4,0,0,0,0,1,0,3,0,2,1,-1,-1,1,3,0,-1,10,0,9223372036800000000,1e+75,0,10,0,0,7,0,0,1,0,0,1,1,0,1,0,0,0,0,2,0,1,-1,-1,-1,-1,0,10,-1,1,1,3,-1,-1,-1,0,0,1,0,0,10,0,0,0,20.49
1,0,0,0,-1,0,1,3,0,0,0,0,-1,1,2,-1,0,0,1,1,0,3,0,4,100,0,9223372036800000000,1e+75,0,10,0,0,7,0,0,1,0,0,2,1,0,3,0,0,0,2,2,0,1,-1,-1,-1,-1,0,10,-1,1,1,3,-1,-1,-1,0,0,1,0,0,10,0,0,0,19.35
1,0,0,0,-1,0,1,2,0,0,0,0,3,0,3,0,-1,2,2,2,0,3,0,16,800,0,9223372036800000000,30,0,10,0,0,7,0,0,1,0,0,3,1,3,3,0,0,2,2,2,0,1,-1,-1,-1,-1,1,10,-1,1,1,3,-1,-1,-1,0,0,1,0,0,10,0,0,0,23.77
1,0,0,0,-1,0,1,0,0,0,0,0,1,0,0,0,-1,1,-1,1,0,3,0,-1,400,0,9223372036800000000,1e+75,0,10,0,0,7,0,0,1,0,0,1,1,0,2,0,0,0,0,2,0,1,-1,-1,-1,-1,0,10,-1,1,1,3,-1,-1,-1,0,0,1,0,0,10,0,0,0,20.1
1,0,0,0,-1,0,1,3,0,0,0,0,2,1,2,0,2,1,2,-1,1,5,0,4,10,0,9223372036800000000,50,0,10,0,0,7,0,0,1,0,0,3,1,0,-1,0,0,0,4,2,0,1,-1,0,2,-1,1,10,-1,1,1,3,-1,-1,-1,0,0,1,0,0,10,0,0,0,21.82
1,0,0,0,-1,0,1,0,0,0,0,0,1,0,0,0,-1,1,-1,0,0,3,0,-1,400,0,9223372036800000000,1e+75,0,10,0,0,7,0,0,1,0,0,1,1,0,2,0,0,0,0,2,0,1,-1,-1,-1,-1,0,10,-1,1,1,3,-1,-1,-1,0,0,1,0,0,10,0,0,0,16.5
1,0,0,0,-1,0,1,0,0,0,0,0,-1,2,-1,1,2,0,2,2,2,3,0,8,100,0,9223372036800000000,20,0,10,0,0,7,0,0,1,0,0,2,1,0,2,0,0,0,2,2,0,1,-1,-1,-1,-1,0,10,-1,1,1,3,-1,-1,-1,0,0,1,0,0,10,0,0,0,18.8
1,0,0,0,-1,0,1,0,0,0,0,0,-1,0,0,0,-1,0,2,0,0,3,0,-1,100,0,9223372036800000000,1e+75,0,10,0,0,7,0,0,1,0,0,0,1,0,0,0,0,0,0,2,0,1,-1,-1,-1,-1,0,10,-1,1,1,3,-1,-1,-1,0,0,1,0,0,10,0,0,0,19.13
1,0,0,0,-1,0,1,1,0,0,0,0,3,0,0,0,2,-1,-1,2,0,3,0,-1,50,0,9223372036800000000,1e+75,0,10,0,0,7,0,0,1,0,0,1,1,0,0,0,0,0,0,2,0,1,-1,-1,-1,-1,0,10,-1,1,1,3,-1,-1,-1,0,0,1,0,0,10,0,0,0,23.39
1,0,0,0,-1,0,1,3,0,0,0,0,2,3,2,0,0,0,1,2,0,3,0,8,10,0,9223372036800000000,40,0,10,0,0,7,0,0,1,0,0,1,1,0,-1,0,0,0,4,2,0,1,-1,-1,-1,-1,0,10,-1,1,1,3,-1,-1,-1,0,0,1,0,0,10,0,0,0,15.47
1,0,0,0,-1,0,1,3,0,0,0,0,3,3,3,1,2,2,2,0,-1,3,0,8,200,0,9223372036800000000,20,0,10,0,0,7,0,0,1,0,0,1,1,0,-1,0,0,0,4,2,0,1,-1,-1,-1,-1,0,10,-1,1,1,3,-1,-1,-1,0,0,1,0,0,10,0,0,0,18.7
1,0,0,0,-1,0,1,5,0,0,0,0,-1,0,0,0,-1,0,2,0,0,3,0,-1,100,0,9223372036800000000,1e+75,0,10,0,0,7,0,0,1,0,0,1,1,0,0,0,0,0,0,2,0,1,-1,-1,-1,-1,0,10,-1,1,1,3,-1,-1,-1,0,0,1,0,0,10,0,0,0,20.11
1,0,0,0,-1,0,1,5,0,0,0,0,1,-1,3,1,0,1,2,0,-1,3,0,-1,10,0,9223372036800000000,60,0,10,0,0,7,0,0,1,0,0,3,1,0,3,0,0,0,0,2,0,1,-1,-1,-1,-1,0,10,-1,1,1,3,-1,-1,-1,0,0,1,0,0,10,0,0,0,23.7
1,0,0,0,-1,0,1,0,0,0,0,0,1,3,-1,-1,-1,2,1,2,0,5,0,8,800,0,9223372036800000000,20,0,10,0,0,7,0,0,1,0,0,1,1,1,2,0,0,2,-1,2,0,1,-1,0,2,-1,0,10,-1,1,1,3,-1,-1,-1,0,0,1,0,0,10,-1,0,0,22.64
1,0,0,0,-1,0,1,5,0,0,0,0,3,-1,3,1,0,0,2,1,2,3,0,-1,100,0,9223372036800000000,240,0,10,0,0,7,0,0,1,0,0,0,1,2,1,0,0,4,-1,2,0,1,-1,-1,-1,-1,-1,10,-1,1,1,3,-1,-1,-1,0,0,1,0,0,10,0,0,0,28.98
1,0,0,0,-1,0,1,3,0,0,0,0,3,0,0,0,2,1,-1,2,0,3,0,-1,50,0,9223372036800000000,1e+75,0,10,0,0,7,0,0,1,0,0,1,1,0,0,0,0,0,0,2,0,1,-1,-1,-1,-1,0,10,-1,1,1,3,-1,-1,-1,0,0,1,0,0,10,0,0,0,17.21
1,0,0,0,-1,0,1,5,0,0,0,0,3,3,3,2,1,2,2,2,0,5,0,1,25,0,9223372036800000000,60,0,10,0,0,7,0,0,1,0,0,2,1,2,3,0,0,3,0,2,0,1,-1,-1,3,-1,-1,10,-1,1,1,3,-1,-1,-1,0,0,1,0,0,10,1,0,0,49.65
1,0,0,0,-1,0,1,1,0,0,0,0,3,0,0,0,2,1,-1,2,0,3,0,-1,50,0,9223372036800000000,1e+75,0,10,0,0,7,0,0,1,0,0,1,1,0,0,0,0,0,0,2,0,1,-1,-1,-1,-1,0,10,-1,1,1,3,-1,-1,-1,0,0,1,0,0,10,0,0,0,23.51
1,0,0,0,-1,0,1,0,0,0,0,0,2,0,2,0,1,2,2,-1,0,3,0,-1,10,0,9223372036800000000,1e+75,0,10,0,0,7,0,0,1,0,0,1,1,0,0,0,0,0,0,2,0,1,-1,-1,-1,-1,0,10,-1,1,1,3,-1,-1,-1,0,0,1,0,0,10,0,0,0,15.52
1,0,0,0,-1,0,1,4,0,0,0,0,1,0,-1,-1,0,0,-1,1,0,3,0,-1,100,0,9223372036800000000,1e+75,0,10,0,0,7,0,0,1,0,0,1,1,0,1,0,0,0,0,2,0,1,-1,-1,-1,-1,0,10,-1,1,1,3,-1,-1,-1,0,0,1,0,0,10,0,0,0,19.93
1,0,0,0,-1,0,1,4,0,0,0,0,0,0,1,0,0,2,-1,-1,0,3,0,-1,10,0,9223372036800000000,1e+75,0,10,0,0,7,0,0,1,0,0,1,1,0,2,0,0,0,0,2,0,1,-1,-1,-1,-1,0,10,-1,1,1,3,-1,-1,-1,0,0,1,0,0,10,0,0,0,17.03
1,0,0,0,-1,0,1,4,0,0,0,0,1,0,-1,-1,1,0,2,1,0,3,0,-1,100,0,9223372036800000000,1e+75,0,10,0,0,7,0,0,1,0,0,1,1,0,1,0,0,0,0,2,0,1,-1,-1,-1,-1,0,10,-1,1,1,3,-1,-1,-1,0,0,1,0,0,10,0,0,0,17.2
1,0,0,0,-1,0,1,4,0,0,0,0,3,0,0,0,2,2,2,-1,0,3,0,-1,100,0,9223372036800000000,1e+75,0,10,0,0,7,0,0,1,0,0,1,1,0,0,0,0,0,0,2,0,1,-1,-1,-1,-1,0,10,-1,1,1,3,-1,-1,-1,0,0,1,0,0,10,0,0,0,14.14
1,0,0,0,-1,0,1,3,0,0,0,0,0,0,1,1,-1,1,1,2,-1,3,0,-1,200,0,9223372036800000000,1e+75,0,10,0,0,7,0,0,1,0,0,1,1,0,1,0,0,0,0,2,0,1,-1,-1,-1,-1,0,10,-1,1,1,3,-1,-1,-1,0,0,1,0,0,10,0,0,0,18.22
1,0,0,0,-1,0,1,0,0,0,0,0,-1,0,0,-1,-1,0,0,0,0,3,0,-1,200,0,9223372036800000000,1e+75,0,10,0,0,7,0,0,1,0,0,1,1,0,0,0,0,0,0,2,0,1,-1,-1,-1,-1,0,10,-1,1,1,3,-1,-1,-1,0,0,1,0,0,10,0,0,0,15.01
1,0,0,0,-1,0,1,3,0,0,0,0,0,-1,2,2,2,1,2,1,1,3,0,8,400,0,9223372036800000000,30,0,10,0,0,7,0,0,1,0,0,2,1,1,-1,0,0,2,4,2,0,1,-1,-1,-1,-1,-1,10,-1,1,1,3,-1,-1,-1,0,0,1,0,0,10,0,0,0,17.28
1,0,0,0,-1,0,1,2,0,0,0,0,3,0,1,1,-1,0,-1,0,2,3,0,-1,10,0,9223372036800000000,240,0,10,0,0,7,0,0,1,0,0,1,1,0,1,0,0,0,0,2,0,1,-1,-1,-1,-1,0,10,-1,1,1,3,-1,-1,-1,0,0,1,0,0,10,0,0,0,12.46
1,0,0,0,-1,0,1,4,0,0,0,0,3,2,2,-1,2,1,1,0,0,3,0,16,25,0,9223372036800000000,0,0,10,0,0,7,0,0,1,0,0,3,1,2,0,0,0,2,1,2,0,1,-1,-1,-1,-1,-1,10,-1,1,1,3,-1,-1,-1,0,0,1,0,0,10,0,0,0,23.06
1,0,0,0,-1,0,1,0,0,0,0,0,1,0,-1,1,0,1,0,0,0,3,0,-1,150,0,9223372036800000000,1e+75,0,10,0,0,7,0,0,1,0,0,1,1,0,0,0,0,0,0,2,0,1,-1,-1,-1,-1,0,10,-1,1,1,3,-1,-1,-1,0,0,1,0,0,10,0,0,0,14.06
1,0,0,0,-1,0,1,3,0,0,0,0,0,0,-1,1,-1,1,1,2,-1,3,0,-1,400,0,9223372036800000000,1e+75,0,10,0,0,7,0,0,1,0,0,1,1,0,1,0,0,0,0,2,0,1,-1,-1,-1,-1,0,10,-1,1,1,3,-1,-1,-1,0,0,1,0,0,10,0,0,0,18.22
1,0,0,0,-1,0,1,0,0,0,0,0,1,0,-1,0,-1,1,-1,0,0,3,0,-1,400,0,9223372036800000000,1e+75,0,10,0,0,7,0,0,1,0,0,1,1,0,2,0,0,0,0,2,0,1,-1,-1,-1,-1,0,10,-1,1,1,3,-1,-1,-1,0,0,1,0,0,10,0,0,0,16.75
1,0,0,0,-1,0,1,3,0,0,0,0,0,0,1,1,-1,1,1,2,-1,3,0,-1,400,0,9223372036800000000,1e+75,0,10,0,0,7,0,0,1,0,0,1,1,0,1,0,0,0,0,2,0,1,-1,-1,-1,-1,0,10,-1,1,1,3,-1,-1,-1,0,0,1,0,0,10,0,0,0,18.22
1,0,0,0,-1,0,1,5,0,0,0,0,2,1,1,0,2,-1,1,1,-1,10,0,16,200,0,9223372036800000000,50,0,10,0,0,7,0,0,1,0,0,0,1,0,3,0,0,2,2,2,0,1,-1,1,-1,-1,0,10,-1,1,1,3,-1,-1,-1,0,0,1,0,0,10,1,0,0,21.57
1,0,0,0,-1,0,1,0,0,0,0,0,1,0,3,0,-1,-1,-1,1,-1,3,0,-1,10,0,9223372036800000000,1e+75,0,10,0,0,7,0,0,1,0,0,1,1,0,0,0,0,0,0,2,0,1,-1,-1,-1,-1,0,10,-1,1,1,3,-1,-1,-1,0,0,1,0,0,10,0,0,0,22.45
1,0,0,0,-1,0,1,3,0,0,0,0,0,3,2,2,-1,1,0,-1,1,3,0,-1,400,0,9223372036800000000,40,0,10,0,0,7,0,0,1,0,0,3,1,0,1,0,0,0,4,2,0,1,-1,-1,-1,-1,0,10,-1,1,1,3,-1,-1,-1,0,0,1,0,0,10,0,0,0,21.99
1,0,0,1,-1,0,1,2,0,0,0,0,3,0,1,1,-1,0,-1,0,2,3,0,8,10,0,9223372036800000000,1e+75,0,10,0,0,7,0,0,1,0,0,1,1,0,1,0,0,0,0,2,0,1,-1,-1,-1,-1,0,10,-1,1,1,3,-1,-1,-1,0,0,1,0,0,10,0,0,0,12.45
1,0,0,0,-1,0,1,0,0,0,0,0,1,0,-1,1,2,1,0,-1,0,3,0,-1,150,0,9223372036800000000,1e+75,0,10,0,0,7,0,0,1,0,0,1,1,0,0,0,0,0,0,2,0,1,-1,-1,-1,-1,0,10,-1,1,1,3,-1,-1,-1,0,0,1,0,0,10,0,0,0,16.28
1,0,0,0,-1,0,1,3,0,0,0,0,1,3,2,2,-1,1,0,-1,1,3,0,16,400,0,9223372036800000000,40,0,10,0,0,7,0,0,1,0,0,3,1,0,1,0,0,0,2,2,0,1,-1,-1,-1,-1,0,10,-1,1,1,3,-1,-1,-1,0,0,1,0,0,10,0,0,0,19.28
1,0,0,0,-1,0,1,0,0,0,0,0,1,0,1,0,2,-1,0,0,1,3,0,-1,50,0,9223372036800000000,1e+75,0,10,0,0,7,0,0,1,0,0,1,1,0,0,0,0,0,0,2,0,1,-1,-1,-1,-1,0,10,-1,1,1,3,-1,-1,-1,0,0,1,0,0,10,0,0,0,14.13
1,0,0,0,-1,0,1,2,0,0,0,0,3,0,1,1,-1,0,-1,0,2,3,0,-1,10,0,9223372036800000000,1e+75,0,10,0,0,7,0,0,1,0,0,1,1,0,1,0,0,0,2,2,0,1,-1,-1,-1,-1,0,10,-1,1,1,3,-1,-1,-1,0,0,1,0,0,10,0,0,0,16.49
1,0,0,0,-1,0,1,4,0,0,0,0,0,2,1,1,0,1,2,0,1,3,0,2,25,0,9223372036800000000,2,0,10,0,0,7,0,0,1,0,0,1,1,-1,1,0,0,0,4,2,0,1,-1,-1,-1,-1,-1,10,-1,1,1,3,-1,-1,-1,0,0,1,0,0,10,0,0,0,21.07
1,0,0,0,-1,0,1,4,0,0,0,0,-1,0,0,0,2,2,2,2,0,3,0,-1,50,0,9223372036800000000,1e+75,0,10,0,0,7,0,0,1,0,0,1,1,0,0,0,0,0,0,2,0,1,-1,-1,-1,-1,0,10,-1,1,1,3,-1,-1,-1,0,0,1,0,0,10,0,0,0,16.07
1,0,0,0,-1,0,1,2,0,0,0,0,3,0,1,1,-1,0,-1,0,2,3,0,-1,800,0,9223372036800000000,1e+75,0,10,0,0,7,0,0,1,0,0,1,1,0,0,0,0,0,0,2,0,1,-1,-1,-1,-1,0,10,-1,1,1,3,-1,-1,-1,0,0,1,0,0,10,0,0,0,15.64
1,0,0,0,-1,0,1,0,0,0,0,0,1,0,1,0,-1,0,1,2,0,3,0,-1,800,0,9223372036800000000,1e+75,0,10,0,0,7,0,0,1,0,0,1,1,0,0,0,0,0,0,2,0,1,-1,-1,-1,-1,0,10,-1,1,1,3,-1,-1,-1,0,0,1,0,0,10,0,0,0,17.2
1,0,0,0,-1,0,1,1,0,0,0,0,0,0,-1,0,0,-1,0,-1,1,3,0,-1,25,0,9223372036800000000,1e+75,0,10,0,0,7,0,0,1,0,0,1,1,0,0,0,0,0,0,2,0,1,-1,-1,-1,-1,0,10,-1,1,1,3,-1,-1,-1,0,0,1,0,0,10,0,0,0,22.65
1,0,0,0,-1,0,1,1,0,0,0,0,-1,0,3,0,0,-1,0,-1,1,3,0,-1,25,0,9223372036800000000,1e+75,0,10,0,0,7,0,0,1,0,0,1,1,0,0,0,0,0,0,2,0,1,-1,-1,-1,-1,0,10,-1,1,1,3,-1,-1,-1,0,0,1,0,0,10,0,0,0,22.92
1,0,0,0,-1,0,1,3,0,0,0,0,3,0,2,0,-1,0,-1,2,0,0,0,16,200,0,9223372036800000000,120,0,10,0,0,7,0,0,1,0,0,2,1,2,3,0,0,3,3,2,0,1,-1,-1,1,-1,0,10,-1,1,1,3,-1,-1,-1,0,0,1,0,0,10,3,0,0,29.82
1,0,0,0,-1,0,1,3,0,0,0,0,0,3,2,2,-1,1,0,1,1,3,0,16,400,0,9223372036800000000,40,0,10,0,0,7,0,0,1,0,0,3,1,0,1,0,0,0,2,2,0,1,-1,-1,-1,-1,0,10,-1,1,1,3,-1,-1,-1,0,0,1,0,0,10,0,0,0,19.98
1,0,0,0,-1,0,1,3,0,0,0,0,1,1,-1,-1,-1,1,-1,0,1,3,0,8,200,0,9223372036800000000,50,0,10,0,0,7,0,0,1,0,0,1,1,0,2,0,0,0,1,2,0,1,-1,-1,-1,-1,0,10,-1,1,1,3,-1,-1,-1,0,0,1,0,0,10,0,0,0,23.74
1,0,0,0,-1,0,1,2,0,0,0,0,0,0,0,1,-1,0,-1,2,0,3,0,-1,200,0,9223372036800000000,1e+75,0,10,0,0,7,0,0,1,0,0,1,1,0,0,0,0,0,0,2,0,1,-1,-1,-1,-1,0,10,-1,1,1,3,-1,-1,-1,0,0,1,0,0,10,0,0,0,18.91
1,0,0,0,-1,0,1,2,0,0,0,0,2,0,2,2,1,0,0,0,1,3,0,-1,50,0,9223372036800000000,1e+75,0,10,0,0,7,0,0,1,0,0,1,1,0,0,0,0,0,0,2,0,1,-1,-1,-1,-1,0,10,-1,1,1,3,-1,-1,-1,0,0,1,0,0,10,0,0,0,14.01
1,0,0,0,-1,0,1,0,0,0,0,0,2,0,2,0,1,2,2,-1,0,3,0,-1,800,0,9223372036800000000,1e+75,0,10,0,0,7,0,0,1,0,0,1,1,0,0,0,0,0,0,2,0,1,-1,-1,-1,-1,0,10,-1,1,1,3,-1,-1,-1,0,0,1,0,0,10,0,0,0,14.31
1,0,0,0,-1,0,1,0,0,0,0,0,2,-1,-1,1,0,2,0,1,0,3,0,-1,800,0,9223372036800000000,30,0,10,0,0,7,0,0,1,0,0,1,1,3,2,0,0,2,3,2,0,1,-1,-1,-1,-1,-1,10,-1,1,1,3,-1,-1,-1,0,0,1,0,0,10,0,0,0,20.21
1,0,0,0,-1,0,1,1,0,0,0,0,0,3,1,0,0,-1,0,-1,1,3,0,2,50,0,9223372036800000000,30,0,10,0,0,7,0,0,1,0,0,1,1,2,0,0,0,0,3,2,0,1,-1,-1,1,-1,-1,10,-1,1,1,3,-1,-1,-1,0,0,1,0,0,10,-1,0,0,24.14
1,0,0,0,-1,0,1,2,0,0,0,0,1,0,2,2,1,0,0,0,1,3,0,-1,800,0,9223372036800000000,1e+75,0,10,0,0,7,0,0,1,0,0,1,1,0,0,0,0,0,0,2,0,1,-1,-1,-1,-1,0,10,-1,1,1,3,-1,-1,-1,0,0,1,0,0,10,0,0,0,15.01
1,0,0,0,-1,0,1,2,0,0,0,0,1,0,2,2,1,0,0,0,1,3,0,-1,50,0,9223372036800000000,1e+75,0,10,0,0,7,0,0,1,0,0,1,1,0,0,0,0,0,0,2,0,1,-1,-1,-1,-1,0,10,-1,1,1,3,-1,-1,-1,0,0,1,0,0,10,0,0,0,14
1,0,0,0,-1,0,1,4,0,0,0,0,2,0,2,0,2,2,2,2,0,3,0,8,800,0,9223372036800000000,5,0,10,0,0,7,0,0,1,0,0,1,1,3,0,0,0,4,4,2,0,1,-1,-1,-1,-1,-1,10,-1,1,1,3,-1,-1,-1,0,0,1,0,0,10,0,0,0,25.49
1,0,0,0,-1,0,1,2,0,0,0,0,0,0,0,0,-1,0,0,0,1,3,0,-1,200,0,9223372036800000000,1e+75,0,10,0,0,7,0,0,1,0,0,1,1,0,0,0,0,0,0,2,0,1,-1,-1,-1,-1,0,10,-1,1,1,3,-1,-1,-1,0,0,1,0,0,10,0,0,0,13.5
1,0,0,0,-1,0,1,0,0,0,0,0,2,1,3,0,2,1,-1,-1,-1,3,0,-1,200,0,9223372036800000000,30,0,10,0,0,7,0,0,1,0,0,3,1,0,3,0,0,0,0,2,0,1,-1,-1,-1,-1,0,10,-1,1,1,3,-1,-1,-1,0,0,1,0,0,10,0,0,0,21.37
1,0,0,0,-1,0,1,0,0,0,0,0,0,0,3,1,-1,-1,-1,1,-1,3,0,-1,10,0,9223372036800000000,1e+75,0,10,0,0,7,0,0,1,0,0,1,1,0,0,0,0,0,0,2,0,1,-1,-1,-1,-1,0,10,-1,1,1,3,-1,-1,-1,0,0,1,0,0,10,0,0,0,20.97
1,0,0,0,-1,0,1,0,0,0,0,0,1,-1,-1,0,1,2,1,0,-1,3,0,4,800,0,9223372036800000000,40,0,10,0,0,7,0,0,1,0,0,2,1,0,1,0,0,0,-1,2,0,1,-1,-1,-1,-1,0,10,-1,1,1,3,-1,-1,-1,0,0,1,0,0,10,0,0,0,20.78
1,0,0,0,-1,0,1,0,0,0,0,0,2,3,-1,1,2,2,-1,1,1,3,0,8,400,0,9223372036800000000,20,0,10,0,0,7,0,0,1,0,0,0,1,0,3,0,0,0,2,2,0,1,-1,-1,-1,-1,0,10,-1,1,1,3,-1,-1,-1,0,0,1,0,0,10,0,0,0,20.36
1,0,0,0,-1,0,1,4,0,0,0,0,0,1,0,2,0,2,2,0,2,5,0,-1,800,0,9223372036800000000,120,0,10,0,0,7,0,0,1,0,0,1,1,2,3,0,0,2,0,2,0,1,-1,-1,1,-1,-1,10,-1,1,1,3,-1,-1,-1,0,0,1,0,0,10,1,0,0,15.17
1,0,0,0,-1,0,1,4,0,0,0,0,-1,0,1,2,2,-1,-1,0,0,3,0,-1,200,0,9223372036800000000,1e+75,0,10,0,0,7,0,0,1,0,0,1,1,0,0,0,0,0,0,2,0,1,-1,-1,-1,-1,0,10,-1,1,1,3,-1,-1,-1,0,0,1,0,0,10,0,0,0,17.2
1,0,0,0,-1,0,1,0,0,0,0,0,-1,3,-1,2,2,0,2,1,1,3,0,8,800,0,9223372036800000000,240,0,10,0,0,7,0,0,1,0,0,1,1,0,3,0,0,0,0,2,0,1,-1,-1,-1,-1,0,10,-1,1,1,3,-1,-1,-1,0,0,1,0,0,10,0,0,0,15.68
1,0,0,0,-1,0,1,5,0,0,0,0,1,-1,3,1,0,1,2,0,-1,3,0,-1,10,0,9223372036800000000,60,0,10,0,0,7,0,0,1,0,0,3,1,0,3,0,0,0,3,2,0,1,-1,-1,-1,-1,0,10,-1,1,1,3,-1,-1,-1,0,0,1,0,0,10,0,0,0,24.21
1,0,0,0,-1,0,1,5,0,0,0,0,3,0,-1,-1,1,2,-1,2,0,3,0,16,150,0,9223372036800000000,10,0,10,0,0,7,0,0,1,0,0,3,1,0,0,0,0,0,4,2,0,1,-1,-1,-1,-1,0,10,-1,1,1,3,-1,-1,-1,0,0,1,0,0,10,0,0,0,21.4
1,0,0,0,-1,0,1,2,0,0,0,0,3,0,1,1,-1,0,-1,0,2,3,0,-1,10,0,9223372036800000000,1e+75,0,10,0,0,7,0,0,1,0,0,1,1,0,1,0,0,0,0,2,0,1,-1,-1,-1,-1,0,10,-1,1,1,3,-1,-1,-1,0,0,1,0,0,10,0,0,0,12.39
1,0,0,0,-1,0,1,2,0,0,0,0,3,0,1,1,-1,0,-1,0,2,3,0,-1,25,0,9223372036800000000,1e+75,0,10,0,0,7,0,0,1,0,0,1,1,0,0,0,0,0,0,2,0,1,-1,-1,-1,-1,0,10,-1,1,1,3,-1,-1,-1,0,0,1,0,0,10,0,0,0,15.99
1,0,0,0,-1,0,1,5,0,0,0,0,3,0,-1,2,0,1,2,1,2,3,0,-1,50,0,9223372036800000000,1e+75,0,10,0,0,7,0,0,1,0,0,1,1,0,0,0,0,0,0,2,0,1,-1,-1,-1,-1,0,10,-1,1,1,3,-1,-1,-1,0,0,1,0,0,10,0,0,0,20.27
1,0,0,0,-1,0,1,2,0,0,0,0,0,0,3,0,2,-1,0,-1,1,3,0,-1,150,0,9223372036800000000,1e+75,0,10,0,0,7,0,0,1,0,0,1,1,0,0,0,0,0,0,2,0,1,-1,-1,-1,-1,0,10,-1,1,1,3,-1,-1,-1,0,0,1,0,0,10,0,0,0,17.18
1,0,0,0,-1,0,1,0,0,0,0,0,1,0,-1,0,1,2,1,0,-1,3,0,4,150,0,9223372036800000000,40,0,10,0,0,7,0,0,1,0,0,2,1,0,1,0,0,0,-1,2,0,1,-1,-1,-1,-1,0,10,-1,1,1,3,-1,-1,-1,0,0,1,0,0,10,0,0,0,20.96
1,0,0,0,-1,0,1,4,0,0,0,0,2,-1,3,1,0,1,2,1,1,3,0,8,150,0,9223372036800000000,10,0,10,0,0,7,0,0,1,0,0,2,1,-1,2,0,0,5,4,2,0,1,-1,-1,-1,-1,0,10,-1,1,1,3,-1,-1,-1,0,0,1,0,0,10,0,0,0,29.78
1,0,0,0,-1,0,1,0,0,0,0,0,1,1,1,0,2,1,-1,-1,-1,3,0,-1,200,0,9223372036800000000,120,0,10,0,0,7,0,0,1,0,0,3,1,0,3,0,0,0,4,2,0,1,-1,-1,-1,-1,0,10,-1,1,1,3,-1,-1,-1,0,0,1,0,0,10,0,0,0,23.4
1,0,0,0,-1,0,1,0,0,0,0,0,2,3,2,1,2,2,-1,1,0,3,0,8,400,0,9223372036800000000,20,0,10,0,0,7,0,0,1,0,0,0,1,0,3,0,0,0,2,2,0,1,-1,-1,-1,-1,0,10,-1,1,1,3,-1,-1,-1,0,0,1,0,0,10,0,0,0,20.36
1,0,0,0,-1,0,1,3,0,0,0,0,1,2,-1,-1,0,1,-1,0,1,3,0,8,200,0,9223372036800000000,50,0,10,0,0,7,0,0,1,0,0,1,1,0,2,0,0,0,1,2,0,1,-1,-1,-1,-1,0,10,-1,1,1,3,-1,-1,-1,0,0,1,0,0,10,0,0,0,24.09
1,0,0,0,-1,0,1,4,0,0,0,0,1,0,-1,-1,1,-1,2,1,0,3,0,-1,100,0,9223372036800000000,1e+75,0,10,0,0,7,0,0,1,0,0,1,1,0,1,0,0,0,0,2,0,1,-1,-1,-1,-1,0,10,-1,1,1,3,-1,-1,-1,0,0,1,0,0,10,0,0,0,17.83
1,0,0,0,-1,0,1,0,0,0,0,0,-1,0,0,0,-1,0,2,0,0,3,0,16,100,0,9223372036800000000,1e+75,0,10,0,0,7,0,0,1,0,0,1,1,0,0,0,0,0,0,2,0,1,-1,-1,-1,-1,0,10,-1,1,1,3,-1,-1,-1,0,0,1,0,0,10,0,0,0,12.91
1,0,0,0,-1,0,1,5,0,0,0,0,1,-1,3,1,0,-1,2,0,-1,3,0,-1,150,0,9223372036800000000,120,0,10,0,0,7,0,0,1,0,0,1,1,0,0,0,0,0,0,2,0,1,-1,-1,-1,-1,0,10,-1,1,1,3,-1,-1,-1,0,0,1,0,0,10,0,0,0,22.43
1,0,0,0,-1,0,1,0,0,0,0,0,3,-1,1,-1,-1,-1,1,0,0,2,0,4,25,0,9223372036800000000,1e+75,0,10,0,0,7,0,0,1,0,0,1,1,-1,1,0,0,2,1,2,0,1,-1,1,-1,-1,0,10,-1,1,1,3,-1,-1,-1,0,0,1,0,0,10,3,0,0,22.97
1,0,0,0,-1,0,1,2,0,0,0,0,-1,0,1,0,1,1,1,1,0,3,0,-1,10,0,9223372036800000000,1e+75,0,10,0,0,7,0,0,1,0,0,1,1,0,-1,0,0,0,0,2,0,1,-1,-1,-1,-1,0,10,-1,1,1,3,-1,-1,-1,0,0,1,0,0,10,0,0,0,15.22
1,0,0,0,-1,0,1,0,0,0,0,0,1,0,0,2,2,-1,0,0,1,3,0,-1,50,0,9223372036800000000,1e+75,0,10,0,0,7,0,0,1,0,0,1,1,0,0,0,0,0,0,2,0,1,-1,-1,-1,-1,0,10,-1,1,1,3,-1,-1,-1,0,0,1,0,0,10,0,0,0,14.98
1,0,0,0,-1,0,1,2,0,0,0,0,2,0,-1,2,0,1,1,1,2,3,0,-1,150,0,9223372036800000000,1e+75,0,10,0,0,7,0,0,1,0,0,1,1,0,0,0,0,0,0,2,0,1,-1,-1,-1,-1,0,10,-1,1,1,3,-1,-1,-1,0,0,1,0,0,10,0,0,0,15.17
1,0,0,0,-1,0,1,5,0,0,0,0,1,0,2,0,0,0,-1,2,0,2,0,-1,200,0,9223372036800000000,2,0,10,0,0,7,0,0,1,0,0,2,1,1,0,0,0,0,3,2,0,1,-1,0,2,-1,-1,10,-1,1,1,3,-1,-1,-1,0,0,1,0,0,10,3,0,0,24.3
1,0,0,0,-1,0,1,4,0,0,0,0,-1,2,3,1,2,-1,2,0,1,3,0,2,150,0,9223372036800000000,1e+75,0,10,0,0,7,0,0,1,0,0,1,1,0,3,0,0,0,0,2,0,1,-1,-1,-1,-1,0,10,-1,1,1,3,-1,-1,-1,0,0,1,0,0,10,0,0,0,18.2
1,0,0,0,-1,0,1,3,0,0,0,0,-1,0,1,0,1,-1,-1,2,-1,3,0,-1,50,0,9223372036800000000,1e+75,0,10,0,0,7,0,0,1,0,0,1,1,0,0,0,0,0,0,2,0,1,-1,-1,-1,-1,0,10,-1,1,1,3,-1,-1,-1,0,0,1,0,0,10,0,0,0,16.87
1,0,0,0,-1,0,1,5,0,0,0,0,3,3,-1,-1,1,2,-1,2,0,3,0,16,150,0,9223372036800000000,10,0,10,0,0,7,0,0,1,0,0,3,1,0,1,0,0,0,4,2,0,1,-1,-1,-1,-1,0,10,-1,1,1,3,-1,-1,-1,0,0,1,0,0,10,0,0,0,21.4
1,0,0,0,-1,0,1,3,0,0,0,0,-1,0,1,0,2,0,-1,-1,-1,3,0,-1,50,0,9223372036800000000,1e+75,0,10,0,0,7,0,0,1,0,0,1,1,0,0,0,0,0,0,2,0,1,-1,-1,-1,-1,0,10,-1,1,1,3,-1,-1,-1,0,0,1,0,0,10,0,0,0,18.36
1,0,0,0,-1,0,1,3,0,0,0,0,-1,0,1,0,1,0,-1,-1,-1,3,0,-1,50,0,9223372036800000000,1e+75,0,10,0,0,7,0,0,1,0,0,1,1,0,0,0,0,0,0,2,0,1,-1,-1,-1,-1,0,10,-1,1,1,3,-1,-1,-1,0,0,1,0,0,10,0,0,0,18.34
1,0,0,0,-1,0,1,5,0,0,0,0,2,1,2,2,2,0,1,1,2,3,0,16,150,0,9223372036800000000,30,0,10,0,0,7,0,0,1,0,0,1,1,0,3,0,0,0,1,2,0,1,-1,-1,-1,-1,0,10,-1,1,1,3,-1,-1,-1,0,0,1,0,0,10,0,0,0,20.53
1,0,0,0,-1,0,1,5,0,0,0,0,0,3,3,-1,1,0,1,-1,2,3,0,2,200,0,9223372036800000000,240,0,10,0,0,7,0,0,1,0,0,1,1,-1,2,0,0,0,2,2,0,1,-1,-1,-1,-1,-1,10,-1,1,1,3,-1,-1,-1,0,0,1,0,0,10,0,0,0,29.84
1,0,0,0,-1,0,1,0,0,0,0,0,2,0,1,0,-1,0,-1,1,0,3,0,16,10,0,9223372036800000000,1,0,10,0,0,7,0,0,1,0,0,0,1,1,2,0,0,5,3,2,0,1,-1,-1,-1,-1,-1,10,-1,1,1,3,-1,-1,-1,0,0,1,0,0,10,0,0,0,30.11
1,0,0,0,-1,0,1,3,0,0,0,0,-1,0,3,0,1,0,-1,-1,-1,3,0,-1,50,0,9223372036800000000,1e+75,0,10,0,0,7,0,0,1,0,0,1,1,0,0,0,0,0,0,2,0,1,-1,-1,-1,-1,0,10,-1,1,1,3,-1,-1,-1,0,0,1,0,0,10,0,0,0,21.33
1,0,0,0,-1,0,1,0,0,0,0,0,-1,1,2,1,2,-1,1,0,2,2,0,8,200,0,9223372036800000000,40,0,10,0,0,7,0,0,1,0,0,1,1,-1,1,0,0,0,-1,2,0,1,-1,1,1,-1,1,10,-1,1,1,3,-1,-1,-1,0,0,1,0,0,10,1,0,0,22.88
1,0,0,0,-1,0,1,0,0,0,0,0,1,0,-1,-1,1,1,-1,0,-1,3,0,-1,10,0,9223372036800000000,1e+75,0,10,0,0,7,0,0,1,0,0,1,1,0,0,0,0,0,0,2,0,1,-1,-1,-1,-1,0,10,-1,1,1,3,-1,-1,-1,0,0,1,0,0,10,0,0,0,20.06
1,0,0,0,-1,0,1,3,0,0,0,0,0,-1,2,2,1,1,2,1,2,3,0,8,400,0,9223372036800000000,30,0,10,0,0,7,0,0,1,0,0,2,1,1,1,0,0,2,4,2,0,1,-1,-1,-1,-1,-1,10,-1,1,1,3,-1,-1,-1,0,0,1,0,0,10,0,0,0,18.62
1,0,0,0,-1,0,1,0,0,0,0,0,2,3,3,-1,1,2,-1,2,1,10,0,16,400,0,9223372036800000000,120,0,10,0,0,7,0,0,1,0,0,0,1,2,0,0,0,1,4,2,0,1,-1,0,3,-1,-1,10,-1,1,1,3,-1,-1,-1,0,0,1,0,0,10,-1,0,0,22.48
1,0,0,0,-1,0,1,0,0,0,0,0,-1,0,1,0,-1,0,2,0,0,2,0,-1,100,0,9223372036800000000,1e+75,0,10,0,0,7,0,0,1,0,0,1,1,-1,0,0,0,0,0,2,0,1,-1,-1,-1,-1,0,10,-1,1,1,3,-1,-1,-1,0,0,1,0,0,10,0,0,0,13.2
1,0,0,0,-1,0,1,1,0,0,0,0,3,0,1,0,2,2,1,-1,-1,3,0,-1,100,0,9223372036800000000,1e+75,0,10,0,0,7,0,0,1,0,0,1,1,0,0,0,0,0,0,2,0,1,-1,-1,-1,-1,0,10,-1,1,1,3,-1,-1,-1,0,0,1,0,0,10,0,0,0,23.05
1,0,0,0,-1,0,1,4,0,0,0,0,2,0,-1,2,0,1,1,1,2,3,0,-1,50,0,9223372036800000000,1e+75,0,10,0,0,7,0,0,1,0,0,1,1,0,0,0,0,0,0,2,0,1,-1,-1,-1,-1,0,10,-1,1,1,3,-1,-1,-1,0,0,1,0,0,10,0,0,0,16.61
1,0,0,0,-1,0,1,2,0,0,0,0,3,0,1,1,-1,0,-1,0,2,3,0,8,10,0,9223372036800000000,1e+75,0,10,0,0,7,0,0,1,-1,0,1,1,0,1,0,0,0,0,2,0,1,-1,-1,-1,-1,0,10,-1,1,1,3,-1,-1,-1,0,0,1,0,0,10,0,0,0,19.03
1,0,0,0,-1,0,1,2,0,0,0,0,1,0,2,2,1,0,0,0,-1,3,0,-1,800,0,9223372036800000000,1e+75,0,10,0,0,7,0,0,1,0,0,1,1,0,0,0,0,0,0,2,0,1,-1,-1,-1,-1,0,10,-1,1,1,3,-1,-1,-1,0,0,1,0,0,10,0,0,0,15.03
1,0,0,0,-1,0,1,0,0,0,0,0,3,0,-1,0,0,-1,0,-1,1,3,0,-1,25,0,9223372036800000000,1e+75,0,10,0,0,7,0,0,1,0,0,1,1,0,0,0,0,0,0,2,0,1,-1,-1,-1,-1,0,10,-1,1,1,3,-1,-1,-1,0,0,1,0,0,10,0,0,0,15.59
1,0,0,0,-1,0,1,0,0,0,0,0,2,-1,0,2,-1,2,1,0,-1,3,0,4,150,0,9223372036800000000,0,0,10,0,0,7,0,0,1,0,0,1,1,0,2,0,0,0,4,2,0,1,-1,-1,-1,-1,0,10,-1,1,1,3,-1,-1,-1,0,0,1,0,0,10,0,0,0,16.4
1,0,0,0,-1,0,1,2,0,0,0,0,1,3,0,2,0,2,1,-1,2,3,0,8,100,0,9223372036800000000,5,0,10,0,0,7,0,0,1,0,0,1,1,0,0,0,0,0,3,2,0,1,-1,-1,-1,-1,0,10,-1,1,1,3,-1,-1,-1,0,0,1,0,0,10,0,0,0,20.86
1,0,0,0,-1,0,1,3,0,0,0,0,2,1,3,0,1,0,2,2,0,3,0,8,10,0,9223372036800000000,40,0,10,0,0,7,0,0,1,0,0,1,1,0,-1,0,0,0,2,2,0,1,-1,-1,-1,-1,0,10,-1,1,1,3,-1,-1,-1,0,0,1,0,0,10,0,0,0,18.46
1,0,0,0,-1,0,1,4,0,0,0,0,0,1,0,2,0,2,1,0,2,5,0,-1,100,0,9223372036800000000,20,0,10,0,0,7,0,0,1,0,0,0,1,2,-1,0,0,2,0,2,0,1,-1,-1,1,-1,-1,10,-1,1,1,3,-1,-1,-1,0,0,1,0,0,10,1,0,0,19.62
1,0,0,0,-1,0,1,2,0,0,0,0,1,0,3,1,1,-1,-1,1,-1,3,0,-1,10,0,9223372036800000000,1e+75,0,10,0,0,7,0,0,1,0,0,1,1,0,0,0,0,0,0,2,0,1,-1,-1,-1,-1,0,10,-1,1,1,3,-1,-1,-1,0,0,1,0,0,10,0,0,0,20.57
1,0,0,0,-1,0,1,3,0,0,0,0,1,3,-1,-1,-1,-1,-1,2,2,5,0,8,800,0,9223372036800000000,20,0,10,0,0,7,0,0,1,0,0,1,1,1,3,0,0,5,-1,2,0,1,-1,0,3,-1,1,10,-1,1,1,3,-1,-1,-1,0,0,1,0,0,10,-1,0,0,27.08
1,0,0,0,-1,0,1,5,0,0,0,0,1,-1,0,1,0,1,2,0,-1,3,0,1,100,0,9223372036800000000,20,0,10,0,0,7,0,0,1,0,0,3,1,0,3,0,0,0,0,2,0,1,-1,-1,-1,-1,0,10,-1,1,1,3,-1,-1,-1,0,0,1,0,0,10,0,0,0,47.05
1,0,0,0,-1,0,1,0,0,0,0,0,2,0,-1,0,0,-1,2,-1,1,3,0,-1,25,0,9223372036800000000,1e+75,0,10,0,0,7,0,0,1,0,0,1,1,0,0,0,0,0,0,2,0,1,-1,-1,-1,-1,0,10,-1,1,1,3,-1,-1,-1,0,0,1,0,0,10,0,0,0,16.23
1,0,0,0,-1,0,1,0,0,0,0,0,-1,3,2,1,2,-1,1,0,2,2,0,8,200,0,9223372036800000000,40,0,10,0,0,7,0,0,1,0,0,1,1,3,1,0,0,0,-1,2,0,1,-1,1,1,-1,1,10,-1,1,1,3,-1,-1,-1,0,0,1,0,0,10,1,0,0,22.09
1,0,0,0,-1,0,1,0,0,0,0,0,2,0,-1,0,0,-1,1,-1,1,3,0,-1,25,0,9223372036800000000,1e+75,0,10,0,0,7,0,0,1,0,0,1,1,0,0,0,0,0,0,2,0,1,-1,-1,-1,-1,0,10,-1,1,1,3,-1,-1,-1,0,0,1,0,0,10,0,0,0,16.9
1,0,0,0,-1,0,1,2,0,0,0,0,3,0,1,1,-1,0,1,0,2,3,0,-1,10,0,9223372036800000000,1e+75,0,10,0,0,7,0,0,1,0,0,1,1,0,0,0,0,0,0,2,0,1,-1,-1,-1,-1,0,10,-1,1,1,3,-1,-1,-1,0,0,1,0,0,10,0,0,0,14.95
1,0,0,0,-1,0,1,0,0,0,0,0,1,-1,-1,0,1,2,1,0,-1,3,0,16,150,0,9223372036800000000,40,0,10,0,0,7,0,0,1,0,0,2,1,0,1,0,0,0,-1,2,0,1,-1,-1,-1,-1,0,10,-1,1,1,3,-1,-1,-1,0,0,1,0,0,10,0,0,0,20.83
1,0,0,0,-1,0,1,0,0,0,0,0,1,0,3,0,1,-1,-1,-1,1,3,0,4,10,0,9223372036800000000,40,0,10,0,0,7,0,0,1,0,0,0,1,0,0,0,0,0,3,2,0,1,-1,-1,-1,-1,0,10,-1,1,1,3,-1,-1,-1,0,0,1,0,0,10,0,0,0,22.63
1,0,0,0,-1,0,1,0,0,0,0,0,1,0,0,0,0,0,2,-1,-1,3,0,-1,25,0,9223372036800000000,1e+75,0,10,0,0,7,0,0,1,0,0,1,1,0,0,0,0,0,0,2,0,1,-1,-1,-1,-1,0,10,-1,1,1,3,-1,-1,-1,0,0,1,0,0,10,0,0,0,13.21
1,0,0,0,-1,0,1,1,0,0,0,0,2,0,-1,0,1,-1,0,-1,1,3,0,-1,25,0,9223372036800000000,1e+75,0,10,0,0,7,0,0,1,0,0,1,1,0,0,0,0,0,0,2,0,1,-1,-1,-1,-1,0,10,-1,1,1,3,-1,-1,-1,0,0,1,0,0,10,0,0,0,22.65
1,0,0,0,-1,0,1,5,0,0,0,0,1,-1,3,1,0,1,2,0,-1,3,0,1,150,0,9223372036800000000,20,0,10,0,0,7,0,0,1,0,0,3,1,0,3,0,0,0,0,2,0,1,-1,-1,-1,-1,0,10,-1,1,1,3,-1,-1,-1,0,0,1,0,0,10,0,0,0,47.1
1,0,0,0,-1,0,1,3,0,0,0,0,2,1,2,0,2,0,2,-1,1,5,0,4,10,0,9223372036800000000,5,0,10,0,0,7,0,0,1,0,0,3,1,0,-1,0,0,0,4,2,0,1,-1,0,2,-1,1,10,-1,1,1,3,-1,-1,-1,0,0,1,0,0,10,0,0,0,21.65
1,0,0,0,-1,0,1,3,0,0,0,0,-1,0,3,0,1,2,1,-1,-1,3,0,-1,50,0,9223372036800000000,1e+75,0,10,0,0,7,0,0,1,0,0,1,1,0,0,0,0,0,0,2,0,1,-1,-1,-1,-1,0,10,-1,1,1,3,-1,-1,-1,0,0,1,0,0,10,0,0,0,22.27
1,0,0,0,-1,0,1,0,0,0,0,0,0,0,0,0,1,0,2,-1,-1,3,0,-1,10,0,9223372036800000000,1e+75,0,10,0,0,7,0,0,1,0,0,1,1,0,0,0,0,0,0,2,0,1,-1,-1,-1,-1,0,10,-1,1,1,3,-1,-1,-1,0,0,1,0,0,10,0,0,0,15.93
1,0,0,0,-1,0,1,2,0,0,0,0,1,3,3,2,1,2,0,-1,-1,3,0,8,200,0,9223372036800000000,40,0,10,0,0,7,0,0,1,0,0,3,1,0,0,0,0,0,4,2,0,1,-1,-1,-1,-1,-1,10,-1,1,1,3,-1,-1,-1,0,0,1,0,0,10,0,0,0,21.45
1,0,0,0,-1,0,1,0,0,0,0,0,0,0,0,0,2,0,0,0,0,3,0,-1,150,0,9223372036800000000,1e+75,0,10,0,0,7,0,0,1,0,0,1,1,0,0,0,0,0,0,2,0,1,-1,-1,-1,-1,0,10,-1,1,1,3,-1,-1,-1,0,0,1,0,0,10,0,0,0,13.26
1,0,0,0,-1,0,1,5,0,0,0,0,1,1,3,-1,-1,2,0,0,0,0,0,1,100,0,9223372036800000000,120,0,10,0,0,7,0,0,1,0,0,1,1,0,1,0,0,2,1,2,0,1,-1,0,0,-1,-1,10,-1,1,1,3,-1,-1,-1,0,0,1,0,0,10,-1,0,0,51.94
1,0,0,0,-1,0,1,0,0,0,0,0,1,-1,-1,0,1,2,1,0,-1,3,0,4,150,0,9223372036800000000,10,0,10,0,0,7,0,0,1,0,0,2,1,0,1,0,0,0,-1,2,0,1,-1,-1,-1,-1,0,10,-1,1,1,3,-1,-1,-1,0,0,1,0,0,10,0,0,0,20.83
1,0,0,0,-1,0,1,3,0,0,0,0,3,0,3,0,1,0,-1,-1,-1,3,0,-1,50,0,9223372036800000000,1e+75,0,10,0,0,7,0,0,1,0,0,1,1,0,0,0,0,0,0,2,0,1,-1,-1,-1,-1,0,10,-1,1,1,3,-1,-1,-1,0,0,1,0,0,10,0,0,0,21.33
1,0,0,0,-1,0,1,3,0,0,0,0,1,0,1,1,-1,2,1,0,0,3,0,-1,800,0,9223372036800000000,1e+75,0,10,0,0,7,0,0,1,0,0,1,1,0,0,0,0,0,0,2,0,1,-1,-1,-1,-1,0,10,-1,1,1,3,-1,-1,-1,0,0,1,0,0,10,0,0,0,19.22
1,0,0,0,-1,0,1,3,0,0,0,0,3,3,3,1,2,2,-1,0,-1,3,0,8,200,0,9223372036800000000,30,0,10,0,0,7,0,0,1,0,0,1,1,0,-1,0,0,0,4,2,0,1,-1,-1,-1,-1,0,10,-1,1,1,3,-1,-1,-1,0,0,1,0,0,10,0,0,0,18.19
1,0,0,0,-1,0,1,2,0,0,0,0,1,3,3,2,1,2,0,-1,-1,3,0,4,200,0,9223372036800000000,50,0,10,0,0,7,0,0,1,0,0,1,1,0,0,0,0,0,1,2,0,1,-1,-1,-1,-1,-1,10,-1,1,1,3,-1,-1,-1,0,0,1,0,0,10,0,0,0,22.9
1,0,0,0,-1,0,1,1,0,0,0,0,3,0,-1,0,0,-1,0,-1,1,3,0,-1,25,0,9223372036800000000,1e+75,0,10,0,0,7,0,0,1,0,0,1,1,0,0,0,0,0,0,2,0,1,-1,-1,-1,-1,0,10,-1,1,1,3,-1,-1,-1,0,0,1,0,0,10,0,0,0,22.65
1,0,0,0,-1,0,1,3,0,0,0,0,2,0,3,0,0,0,2,2,0,3,0,8,10,0,9223372036800000000,40,0,10,0,0,7,0,0,1,0,0,1,1,0,-1,0,0,0,4,2,0,1,-1,-1,-1,-1,0,10,-1,1,1,3,-1,-1,-1,0,0,1,0,0,10,0,0,0,15.79
1,0,0,0,-1,0,1,5,0,0,0,0,3,0,-1,0,-1,1,-1,2,2,3,0,-1,50,0,9223372036800000000,1e+75,0,10,0,0,7,0,0,1,0,0,1,1,0,0,0,0,0,0,2,0,1,-1,-1,-1,-1,0,10,-1,1,1,3,-1,-1,-1,0,0,1,0,0,10,0,0,0,21.41
1,0,0,0,-1,0,1,2,0,0,0,0,0,0,2,1,-1,2,-1,2,0,3,0,-1,200,0,9223372036800000000,1e+75,0,10,0,0,7,0,0,1,0,0,1,1,0,0,0,0,0,0,2,0,1,-1,-1,-1,-1,0,10,-1,1,1,3,-1,-1,-1,0,0,1,0,0,10,0,0,0,16.34
1,0,0,0,-1,0,1,0,0,0,0,0,0,0,0,0,0,0,2,-1,-1,3,0,-1,25,0,9223372036800000000,1e+75,0,10,0,0,7,0,0,1,0,0,1,1,0,0,0,0,0,0,2,0,1,-1,-1,-1,-1,0,10,-1,1,1,3,-1,-1,-1,0,0,1,0,0,10,0,0,0,13.24
1,0,0,0,-1,0,1,2,0,0,0,0,1,0,0,0,2,2,-1,-1,-1,3,0,-1,100,0,9223372036800000000,1e+75,0,10,0,0,7,0,0,1,0,0,1,1,0,0,0,0,0,0,2,0,1,-1,-1,-1,-1,0,10,-1,1,1,3,-1,-1,-1,0,0,1,0,0,10,0,0,0,16.04
1,0,0,0,-1,0,1,5,0,0,0,0,1,-1,3,1,0,1,2,0,-1,3,0,-1,100,0,9223372036800000000,20,0,10,0,0,7,0,0,1,0,0,3,1,0,3,0,0,0,0,2,0,1,-1,-1,-1,-1,0,10,-1,1,1,3,-1,-1,-1,0,0,1,0,0,10,0,0,0,24.72
1,0,0,0,-1,0,1,5,0,0,0,0,1,1,3,-1,-1,2,0,0,0,0,0,1,100,0,9223372036800000000,120,0,10,0,0,7,0,0,1,0,0,1,1,0,1,0,0,2,1,2,0,1,-1,0,-1,-1,-1,10,-1,1,1,3,-1,-1,-1,0,0,1,0,0,10,-1,0,0,51.77
1,0,0,0,-1,0,1,0,0,0,0,0,1,0,0,1,2,-1,0,0,1,3,0,-1,50,0,9223372036800000000,1e+75,0,10,0,0,7,0,0,1,0,0,1,1,0,0,0,0,0,0,2,0,1,-1,-1,-1,-1,0,10,-1,1,1,3,-1,-1,-1,0,0,1,0,0,10,0,0,0,16.17
1,0,0,0,-1,0,1,4,0,0,0,0,2,1,0,2,0,2,2,0,2,5,0,-1,800,0,9223372036800000000,120,0,10,0,0,7,0,0,1,0,0,1,1,2,2,0,0,2,0,2,0,1,-1,-1,1,-1,-1,10,-1,1,1,3,-1,-1,-1,0,0,1,0,0,10,1,0,0,15.12
1,0,0,0,-1,0,1,2,0,0,0,0,3,0,1,1,-1,0,-1,0,2,3,0,-1,10,0,9223372036800000000,1e+75,0,10,0,0,7,0,0,1,0,0,1,1,0,1,1000,0,0,0,2,0,1,-1,-1,-1,-1,0,10,-1,1,1,3,-1,-1,-1,0,0,1,0,0,10,0,0,0,13.99
1,0,0,0,-1,0,1,5,0,0,0,0,-1,0,-1,0,2,-1,-1,0,-1,2,0,16,10,0,9223372036800000000,60,0,10,0,0,7,0,0,1,0,0,0,1,3,3,0,0,2,2,2,0,1,-1,0,3,-1,-1,10,-1,1,1,3,-1,-1,-1,0,0,1,0,0,10,-1,0,0,21.66
1,0,0,0,-1,0,1,0,0,0,0,0,-1,0,0,0,-1,-1,0,0,0,3,0,-1,150,0,9223372036800000000,1e+75,0,10,0,0,7,0,0,1,0,0,1,1,0,0,0,0,0,0,2,0,1,-1,-1,-1,-1,0,10,-1,1,1,3,-1,-1,-1,0,0,1,0,0,10,0,0,0,14.23
1,0,0,0,-1,0,1,3,0,0,0,0,-1,0,2,0,2,1,2,2,2,3,0,-1,100,0,9223372036800000000,1e+75,0,10,0,0,7,0,0,1,0,0,1,1,0,0,0,0,0,0,2,0,1,-1,-1,-1,-1,0,10,-1,1,1,3,-1,-1,-1,0,0,1,0,0,10,0,0,0,19.06
1,0,0,0,-1,0,1,3,0,0,0,0,-1,0,1,0,1,-1,-1,-1,-1,3,0,-1,50,0,9223372036800000000,1e+75,0,10,0,0,7,0,0,1,0,0,1,1,0,0,0,0,0,0,2,0,1,-1,-1,-1,-1,0,10,-1,1,1,3,-1,-1,-1,0,0,1,0,0,10,0,0,0,17.14
1,0,0,0,-1,0,1,3,0,0,0,0,2,3,2,2,-1,1,0,-1,1,3,0,16,400,0,9223372036800000000,20,0,10,0,0,7,0,0,1,0,0,1,1,0,1,0,0,0,2,2,0,1,-1,-1,-1,-1,0,10,-1,1,1,3,-1,-1,-1,0,0,1,0,0,10,0,0,0,15.82
1,0,0,0,-1,0,1,1,0,0,0,0,-1,0,2,0,2,1,2,-1,2,3,0,-1,100,0,9223372036800000000,1e+75,0,10,0,0,7,0,0,1,0,0,1,1,0,0,0,0,0,0,2,0,1,-1,-1,-1,-1,0,10,-1,1,1,3,-1,-1,-1,0,0,1,0,0,10,0,0,0,22.96
1,0,0,0,-1,0,1,0,0,0,0,0,1,-1,-1,0,1,2,1,2,-1,3,0,4,150,0,9223372036800000000,40,0,10,0,0,7,0,0,1,0,0,2,1,0,1,0,0,0,-1,2,0,1,-1,-1,-1,-1,0,10,-1,1,1,3,-1,-1,-1,0,0,1,0,0,10,0,0,0,21.46
1,0,0,0,-1,0,1,1,0,0,0,0,3,0,0,1,1,-1,0,0,0,3,0,-1,400,0,9223372036800000000,1e+75,0,10,0,0,7,0,0,1,0,0,1,1,0,1,0,0,0,0,2,0,1,-1,-1,-1,-1,0,10,-1,1,1,3,-1,-1,-1,0,0,1,0,0,10,0,0,0,24.13
1,0,0,0,-1,0,1,0,0,0,0,0,0,0,0,0,-1,0,2,0,0,3,0,-1,150,0,9223372036800000000,1e+75,0,10,0,0,7,0,0,1,0,0,1,1,0,0,0,0,0,0,2,0,1,-1,-1,-1,-1,0,10,-1,1,1,3,-1,-1,-1,0,0,1,0,0,10,0,0,0,13.13
1,0,0,0,-1,0,1,2,0,0,0,0,-1,3,3,2,1,2,0,-1,-1,3,0,8,200,0,9223372036800000000,50,0,10,0,0,7,0,0,1,0,0,1,1,0,0,0,0,0,1,2,0,1,-1,-1,-1,-1,-1,10,-1,1,1,3,-1,-1,-1,0,0,1,0,0,10,0,0,0,22.87
1,0,0,0,-1,0,1,0,0,0,0,0,1,3,-1,-1,-1,2,-1,2,0,5,0,8,800,0,9223372036800000000,20,0,10,0,0,7,0,0,1,0,0,1,1,1,2,0,0,2,-1,2,0,1,-1,0,2,-1,0,10,-1,1,1,3,-1,-1,-1,0,0,1,0,0,10,-1,0,0,22.56
1,0,0,0,-1,0,1,0,0,0,0,0,1,0,0,1,2,-1,0,-1,1,3,0,-1,50,0,9223372036800000000,1e+75,0,10,0,0,7,0,0,1,0,0,1,1,0,0,0,0,0,0,2,0,1,-1,-1,-1,-1,0,10,-1,1,1,3,-1,-1,-1,0,0,1,0,0,10,0,0,0,16.5
1,0,0,0,-1,0,1,5,0,0,0,0,2,2,2,0,-1,2,1,-1,-1,5,0,-1,150,0,9223372036800000000,120,0,10,0,0,7,0,0,1,0,0,2,1,-1,-1,0,0,2,1,2,0,1,-1,-1,-1,-1,0,10,-1,1,1,3,-1,-1,-1,0,0,1,0,0,10,0,0,0,21.21
1,0,0,0,-1,0,1,1,0,0,0,0,-1,0,0,-1,2,1,2,0,0,3,0,4,150,0,9223372036800000000,2,0,10,0,0,7,0,0,1,0,0,1,1,0,0,0,0,0,2,2,0,1,-1,-1,-1,-1,0,10,-1,1,1,3,-1,-1,-1,0,0,1,0,0,10,0,0,0,21.11
1,0,0,0,-1,0,1,0,0,0,0,0,-1,1,3,0,2,1,-1,-1,-1,3,0,-1,200,0,9223372036800000000,2,0,10,0,0,7,0,0,1,0,0,3,1,0,3,0,0,0,0,2,0,1,-1,-1,-1,-1,0,10,-1,1,1,3,-1,-1,-1,0,0,1,0,0,10,0,0,0,21.92
1,0,0,0,-1,0,1,0,0,0,0,0,1,0,1,-1,-1,0,2,-1,-1,3,0,-1,400,0,9223372036800000000,1e+75,0,10,0,0,7,0,0,1,0,0,1,1,0,0,0,0,0,0,2,0,1,-1,-1,-1,-1,0,10,-1,1,1,3,-1,-1,-1,0,0,1,0,0,10,0,0,0,26.18
1,0,0,0,-1,0,1,2,0,0,0,0,-1,0,0,0,-1,0,0,0,1,3,0,-1,200,0,9223372036800000000,1e+75,0,10,0,0,7,0,0,1,0,0,1,1,0,0,0,0,0,0,2,0,1,-1,-1,-1,-1,0,10,-1,1,1,3,-1,-1,-1,0,0,1,0,0,10,0,0,0,13.5
1,0,0,0,-1,0,1,2,0,0,0,0,-1,-1,0,1,0,0,0,-1,1,3,0,8,25,0,9223372036800000000,30,0,10,0,0,7,0,0,1,0,0,3,1,1,1,0,0,2,4,2,0,1,-1,-1,-1,-1,-1,10,-1,1,1,3,-1,-1,-1,0,0,1,0,0,10,0,0,0,23.3
1,0,0,0,-1,0,1,4,0,0,0,0,2,0,0,0,2,2,2,2,0,3,0,-1,50,0,9223372036800000000,1e+75,0,10,0,0,7,0,0,1,0,0,1,1,0,0,0,0,0,0,2,0,1,-1,-1,-1,-1,0,10,-1,1,1,3,-1,-1,-1,0,0,1,0,0,10,0,0,0,16.01
1,0,0,0,-1,0,1,4,0,0,0,0,0,0,2,1,2,-1,1,2,1,3,0,-1,100,0,9223372036800000000,1e+75,0,10,0,0,7,0,0,1,0,0,1,1,0,2,0,0,0,0,2,0,1,-1,-1,-1,-1,0,10,-1,1,1,3,-1,-1,-1,0,0,1,0,0,10,0,0,0,18.88
1,0,0,0,-1,0,1,3,0,0,0,0,-1,0,2,0,2,1,2,-1,2,3,0,-1,100,0,9223372036800000000,1e+75,0,10,0,0,7,0,0,1,0,0,1,1,0,0,0,0,0,0,2,0,1,-1,-1,-1,-1,0,10,-1,1,1,3,-1,-1,-1,0,0,1,0,0,10,0,0,0,15.1
1,0,0,0,-1,0,1,1,0,0,0,0,-1,1,0,-1,2,1,2,0,1,3,0,4,150,0,9223372036800000000,50,0,10,0,0,7,0,0,1,0,0,1,1,0,0,0,0,0,2,2,0,1,-1,-1,-1,-1,0,10,-1,1,1,3,-1,-1,-1,0,0,1,0,0,10,0,0,0,21.34
1,0,0,0,-1,0,1,4,0,0,0,0,2,0,2,0,2,2,2,2,0,3,0,8,800,0,9223372036800000000,5,0,10,0,0,7,0,0,1,0,0,2,1,1,0,0,0,3,4,2,0,1,-1,-1,-1,-1,-1,10,-1,1,1,3,-1,-1,-1,0,0,1,0,0,10,0,0,0,23.21
1,0,0,0,-1,0,1,5,0,0,0,0,3,-1,-1,-1,1,-1,0,2,0,3,0,2,800,0,9223372036800000000,1,0,10,0,0,7,0,0,1,0,0,1,1,0,-1,0,0,0,0,2,0,1,-1,-1,-1,-1,0,10,-1,1,1,3,-1,-1,-1,0,0,1,0,0,10,0,0,0,21.58
1,0,0,0,-1,0,1,2,0,0,0,0,-1,0,2,2,1,0,0,0,-1,3,0,-1,50,0,9223372036800000000,1e+75,0,10,0,0,7,0,0,1,0,0,1,1,0,0,0,0,0,0,2,0,1,-1,-1,-1,-1,0,10,-1,1,1,3,-1,-1,-1,0,0,1,0,0,10,0,0,0,13.94
1,0,0,0,-1,0,1,5,0,0,0,0,3,3,2,2,0,-1,2,2,0,3,0,8,150,0,9223372036800000000,240,0,10,0,0,7,0,0,1,0,0,1,1,2,1,0,0,0,0,2,0,1,-1,-1,-1,-1,1,10,-1,1,1,3,-1,-1,-1,0,0,1,0,0,10,0,0,0,19.92
1,0,0,0,-1,0,1,0,0,0,0,0,-1,0,1,0,-1,0,2,0,0,3,0,-1,100,0,9223372036800000000,1e+75,0,10,0,0,7,0,0,1,0,0,1,1,-1,0,0,0,0,0,2,0,1,-1,-1,-1,-1,0,10,-1,1,1,3,-1,-1,-1,0,0,1,0,0,10,1,0,0,14.73
1,0,0,0,-1,0,1,3,0,0,0,0,-1,0,-1,0,2,1,2,-1,2,3,0,-1,100,0,9223372036800000000,1e+75,0,10,0,0,7,0,0,1,0,0,1,1,0,0,0,0,0,0,2,0,1,-1,-1,-1,-1,0,10,-1,1,1,3,-1,-1,-1,0,0,1,0,0,10,0,0,0,15.34
1,0,0,0,-1,0,1,0,0,0,0,0,1,0,3,2,1,1,2,0,0,3,0,-1,50,0,9223372036800000000,1e+75,0,10,0,0,7,0,0,1,0,0,1,1,0,2,0,0,0,0,2,0,1,-1,-1,-1,-1,0,10,-1,1,1,3,-1,-1,-1,0,0,1,0,0,10,0,0,0,19.68
1,0,0,0,-1,0,1,5,0,0,0,0,1,1,3,-1,-1,2,0,0,0,5,0,1,100,0,9223372036800000000,120,0,10,0,0,7,0,0,1,0,0,1,1,0,1,0,0,2,1,2,0,1,-1,0,1,-1,-1,10,-1,1,1,3,-1,-1,-1,0,0,1,0,0,10,-1,0,0,51.77
1,0,0,0,-1,0,1,3,0,0,0,0,-1,0,0,0,2,1,2,0,2,3,0,-1,100,0,9223372036800000000,1e+75,0,10,0,0,7,0,0,1,0,0,1,1,0,0,0,0,0,0,2,0,1,-1,-1,-1,-1,0,10,-1,1,1,3,-1,-1,-1,0,0,1,0,0,10,0,0,0,17.85
1,0,0,0,-1,0,1,1,0,0,0,0,-1,0,-1,0,0,1,1,0,0,3,0,-1,25,0,9223372036800000000,1e+75,0,10,0,0,7,0,0,1,0,0,1,1,0,0,0,0,0,0,2,0,1,-1,-1,-1,-1,0,10,-1,1,1,3,-1,-1,-1,0,0,1,0,0,10,0,0,0,22.07
1,0,0,0,-1,0,1,0,0,0,0,0,2,1,2,1,2,-1,1,0,0,2,0,8,200,0,9223372036800000000,2,0,10,0,0,7,0,0,1,0,0,1,1,3,-1,0,0,0,2,2,0,1,-1,1,1,-1,-1,10,-1,1,1,3,-1,-1,-1,0,0,1,0,0,10,1,0,0,15.68
1,0,0,0,-1,0,1,3,0,0,0,0,2,1,2,0,2,0,2,-1,1,5,0,4,10,0,9223372036800000000,50,0,10,0,0,7,0,0,1,0,0,3,1,2,-1,0,0,0,4,2,0,1,-1,0,2,-1,1,10,-1,1,1,3,-1,-1,-1,0,0,1,0,0,10,0,0,0,22.92
1,0,0,0,-1,0,1,0,0,0,0,0,-1,0,-1,1,1,1,1,0,2,3,0,-1,25,0,9223372036800000000,1e+75,0,10,0,0,7,0,0,1,0,0,1,1,0,-1,0,0,0,0,2,0,1,-1,-1,-1,-1,0,10,-1,1,1,3,-1,-1,-1,0,0,1,0,0,10,0,0,0,15.28
1,0,0,0,-1,0,1,2,0,0,0,0,3,0,0,0,-1,0,0,0,1,3,0,-1,200,0,9223372036800000000,1e+75,0,10,0,0,7,0,0,1,0,0,1,1,0,0,0,0,0,0,2,0,1,-1,-1,-1,-1,0,10,-1,1,1,3,-1,-1,-1,0,0,1,0,0,10,0,0,0,13.5
1,0,0,0,-1,0,1,2,0,0,0,0,3,0,3,0,-1,2,2,-1,0,3,0,16,25,0,9223372036800000000,30,0,10,0,0,7,0,0,1,0,0,3,1,3,2,0,0,2,0,2,0,1,-1,-1,-1,-1,1,10,-1,1,1,3,-1,-1,-1,0,0,1,0,0,10,0,0,0,22.1
1,0,0,0,-1,0,1,2,0,0,0,0,3,0,1,1,-1,0,-1,0,2,3,0,-1,10,0,9223372036800000000,50,0,10,0,0,7,0,0,1,0,0,1,1,0,1,0,0,0,0,2,0,1,-1,-1,-1,-1,0,10,-1,1,1,3,-1,-1,-1,0,0,1,0,0,10,0,0,0,12.45
1,0,0,0,-1,0,1,5,0,0,0,0,3,0,0,0,2,2,2,1,-1,3,0,-1,25,0,9223372036800000000,1e+75,0,10,0,0,7,0,0,1,0,0,1,1,0,-1,0,0,0,0,2,0,1,-1,-1,-1,-1,0,10,-1,1,1,3,-1,-1,-1,0,0,1,0,0,10,0,0,0,18.05
1,0,0,0,-1,0,1,0,0,0,0,0,2,1,3,0,2,1,-1,-1,-1,3,0,-1,150,0,9223372036800000000,2,0,10,0,0,7,0,0,1,0,0,3,1,0,3,0,0,0,0,2,0,1,-1,-1,-1,-1,0,10,-1,1,1,3,-1,-1,-1,0,0,1,0,0,10,0,0,0,21.37
1,0,0,0,-1,0,1,1,0,0,0,0,2,0,-1,0,2,-1,0,-1,1,3,0,-1,25,0,9223372036800000000,1e+75,0,10,0,0,7,0,0,1,0,0,1,1,0,0,0,0,0,0,2,0,1,-1,-1,-1,-1,0,10,-1,1,1,3,-1,-1,-1,0,0,1,0,0,10,0,0,0,22.65
1,0,0,0,-1,0,1,0,0,0,0,0,0,0,0,0,-1,0,0,0,0,3,0,-1,400,0,9223372036800000000,1e+75,0,10,0,0,7,0,0,1,0,0,1,1,0,0,0,0,0,0,2,0,1,-1,-1,-1,-1,0,10,-1,1,1,3,-1,-1,-1,0,0,1,0,0,10,0,0,0,13.13
1,0,0,0,-1,0,1,1,0,0,0,0,-1,0,1,2,0,1,-1,0,2,3,0,-1,100,0,9223372036800000000,1e+75,0,10,0,0,7,0,0,1,0,0,1,1,0,0,0,0,0,0,2,0,1,-1,-1,-1,-1,0,10,-1,1,1,3,-1,-1,-1,0,0,1,0,0,10,0,0,0,22.93
1,0,0,0,-1,0,1,4,0,0,0,0,1,0,2,0,2,2,2,2,0,3,0,8,10,0,9223372036800000000,5,0,10,0,0,7,0,0,1,0,0,0,1,3,0,0,0,3,1,2,0,1,-1,-1,-1,-1,-1,10,-1,1,1,3,-1,-1,-1,0,0,1,0,0,10,0,0,0,26.67
1,0,0,0,-1,0,1,3,0,0,0,0,1,0,1,2,-1,0,1,2,2,3,0,-1,800,0,9223372036800000000,1e+75,0,10,0,0,7,0,0,1,0,0,1,1,0,0,0,0,0,0,2,0,1,-1,-1,-1,-1,0,10,-1,1,1,3,-1,-1,-1,0,0,1,0,0,10,0,0,0,16.95
1,0,0,0,-1,0,1,4,0,0,0,0,2,0,2,0,2,2,2,2,0,3,0,8,10,0,9223372036800000000,5,0,10,0,0,7,0,0,1,0,0,0,1,3,0,0,0,3,1,2,0,1,-1,-1,-1,-1,-1,10,-1,1,1,3,-1,-1,-1,0,0,1,0,0,10,0,0,0,26.67
1,0,0,0,-1,0,1,1,0,0,0,0,1,0,-1,1,1,1,-1,0,-1,3,0,-1,150,0,9223372036800000000,1e+75,0,10,0,0,7,0,0,1,0,0,1,1,0,0,0,0,0,0,2,0,1,-1,-1,-1,-1,0,10,-1,1,1,3,-1,-1,-1,0,0,1,0,0,10,0,0,0,23.04
1,0,0,0,-1,0,1,0,0,0,0,0,0,0,0,0,1,0,2,-1,-1,3,0,-1,50,0,9223372036800000000,1e+75,0,10,0,0,7,0,0,1,0,0,1,1,0,0,0,0,0,0,2,0,1,-1,-1,-1,-1,0,10,-1,1,1,3,-1,-1,-1,0,0,1,0,0,10,0,0,0,14.17
1,0,0,0,-1,0,1,0,0,0,0,0,1,0,1,-1,2,0,2,-1,2,3,0,-1,150,0,9223372036800000000,1e+75,0,10,0,0,7,0,0,1,0,0,1,1,0,0,0,0,0,0,2,0,1,-1,-1,-1,-1,0,10,-1,1,1,3,-1,-1,-1,0,0,1,0,0,10,0,0,0,26.12
1,0,0,0,-1,0,1,2,0,0,0,0,3,0,1,1,-1,0,-1,0,2,3,0,-1,10,0,9223372036800000000,0,0,10,0,0,7,0,0,1,0,0,1,1,0,1,0,0,0,0,2,0,1,-1,-1,-1,-1,0,10,-1,1,1,3,-1,-1,-1,0,0,1,0,0,10,0,0,0,16.21
1,0,0,0,-1,0,1,5,0,0,0,0,3,3,1,2,1,-1,2,2,0,5,0,8,25,0,9223372036800000000,20,0,10,0,0,7,0,0,1,0,0,1,1,2,3,0,0,3,0,2,0,1,-1,-1,3,-1,-1,10,-1,1,1,3,-1,-1,-1,0,0,1,0,0,10,1,0,0,23.29
1,0,0,0,-1,0,1,1,0,0,0,0,2,0,0,0,0,-1,0,-1,1,3,0,-1,25,0,9223372036800000000,1e+75,0,10,0,0,7,0,0,1,0,0,1,1,0,0,0,0,0,0,2,0,1,-1,-1,-1,-1,0,10,-1,1,1,3,-1,-1,-1,0,0,1,0,0,10,0,0,0,22.65
1,0,0,0,-1,0,1,4,0,0,0,0,2,0,0,0,2,2,2,-1,0,3,0,-1,100,0,9223372036800000000,1e+75,0,10,0,0,7,0,0,1,0,0,1,1,0,0,0,0,0,0,2,0,1,-1,-1,-1,-1,0,10,-1,1,1,3,-1,-1,-1,0,0,1,0,0,10,0,0,0,14.43
1,0,0,0,-1,0,1,0,0,0,0,0,0,0,0,0,0,0,2,-1,-1,3,0,-1,800,0,9223372036800000000,1e+75,0,10,0,0,7,0,0,1,0,0,1,1,0,0,0,0,0,0,2,0,1,-1,-1,-1,-1,0,10,-1,1,1,3,-1,-1,-1,0,0,1,0,0,10,0,0,0,15.37
1,0,0,0,-1,0,1,4,0,0,0,0,-1,2,3,1,2,-1,2,0,1,3,0,2,150,0,9223372036800000000,240,0,10,0,0,7,0,0,1,0,0,1,1,0,3,0,0,0,0,2,0,1,-1,-1,-1,-1,0,10,-1,1,1,3,-1,-1,-1,0,0,1,0,0,10,0,0,0,18.2
1,0,0,0,-1,0,1,5,0,0,0,0,1,0,2,0,0,0,-1,2,0,2,0,-1,10,0,9223372036800000000,2,0,10,0,0,7,0,0,1,0,0,2,1,1,0,0,0,1,3,2,0,1,-1,0,2,-1,-1,10,-1,1,1,3,-1,-1,-1,0,0,1,0,0,10,3,0,0,24.14
1,0,0,0,-1,0,1,4,0,0,0,0,-1,0,1,2,1,1,-1,0,2,3,0,-1,100,0,9223372036800000000,1e+75,0,10,0,0,7,0,0,1,0,0,1,1,0,0,0,0,0,0,2,0,1,-1,-1,-1,-1,0,10,-1,1,1,3,-1,-1,-1,0,0,1,0,0,10,0,0,0,15.48
1,0,0,0,-1,0,1,2,0,0,0,0,1,3,3,2,1,2,0,-1,-1,3,0,8,50,0,9223372036800000000,40,0,10,0,0,7,0,0,1,0,0,1,1,0,0,0,0,0,1,2,0,1,-1,-1,-1,-1,-1,10,-1,1,1,3,-1,-1,-1,0,0,1,0,0,10,0,0,0,23
1,0,0,0,-1,0,1,0,0,0,0,0,2,3,-1,1,2,2,-1,1,0,3,0,8,400,0,9223372036800000000,20,0,10,0,0,7,0,0,1,0,0,0,1,0,3,0,0,0,2,2,0,1,-1,-1,-1,-1,0,10,-1,1,1,3,-1,-1,-1,0,0,1,0,0,10,0,0,0,20.36
1,0,0,0,-1,0,1,0,0,0,0,0,1,0,0,2,0,1,1,2,2,3,0,8,100,0,9223372036800000000,30,0,10,0,0,7,0,0,1,0,0,1,1,0,-1,0,0,0,3,2,0,1,-1,-1,-1,-1,0,10,-1,1,1,3,-1,-1,-1,0,0,1,0,0,10,0,0,0,21.99
1,0,0,0,-1,0,1,3,0,0,0,0,1,0,3,-1,0,0,-1,-1,1,3,0,-1,10,0,9223372036800000000,1e+75,0,10,0,0,7,0,0,1,0,0,1,1,0,0,0,0,0,0,2,0,1,-1,-1,-1,-1,0,10,-1,1,1,3,-1,-1,-1,0,0,1,0,0,10,0,0,0,30.65
1,0,0,0,-1,0,1,3,0,0,0,0,1,0,-1,0,0,0,-1,-1,1,3,0,-1,200,0,9223372036800000000,1e+75,0,10,0,0,7,0,0,1,0,0,1,1,0,0,0,0,0,0,2,0,1,-1,-1,-1,-1,0,10,-1,1,1,3,-1,-1,-1,0,0,1,0,0,10,0,0,0,16.21
1,0,0,0,-1,0,1,0,0,0,0,0,3,3,1,2,0,-1,2,2,1,3,0,8,150,0,9223372036800000000,0,0,10,0,0,7,0,0,1,0,0,1,1,2,1,0,0,0,0,2,0,1,-1,-1,-1,-1,-1,10,-1,1,1,3,-1,-1,-1,0,0,1,0,0,10,0,0,0,14.4
1,0,0,0,-1,0,1,0,0,0,0,0,1,0,3,2,1,0,2,0,0,3,0,-1,25,0,9223372036800000000,1e+75,0,10,0,0,7,0,0,1,0,0,1,1,0,2,0,0,0,0,2,0,1,-1,-1,-1,-1,0,10,-1,1,1,3,-1,-1,-1,0,0,1,0,0,10,0,0,0,22.51
1,0,0,0,-1,0,1,2,0,0,0,0,-1,0,2,2,0,1,0,0,1,3,0,-1,25,0,9223372036800000000,1e+75,0,10,0,0,7,0,0,1,0,0,1,1,0,0,0,0,0,0,2,0,1,-1,-1,-1,-1,0,10,-1,1,1,3,-1,-1,-1,0,0,1,0,0,10,0,0,0,13.04
1,0,0,0,-1,0,1,3,0,0,0,0,-1,2,-1,0,0,-1,2,1,-1,3,0,8,25,0,9223372036800000000,50,0,10,0,0,7,0,0,1,0,0,1,1,0,2,0,0,0,4,2,0,1,-1,-1,-1,-1,0,10,-1,1,1,3,-1,-1,-1,0,0,1,0,0,10,0,0,0,15.63
1,0,0,0,-1,0,1,3,0,0,0,0,-1,0,0,0,2,-1,2,-1,2,3,0,-1,100,0,9223372036800000000,1e+75,0,10,0,0,7,0,0,1,0,0,1,1,0,0,0,0,0,0,2,0,1,-1,-1,-1,-1,0,10,-1,1,1,3,-1,-1,-1,0,0,1,0,0,10,0,0,0,16.76
1,0,0,0,-1,0,1,0,0,0,0,0,-1,0,2,0,0,2,1,-1,0,1,0,4,10,0,9223372036800000000,2,0,10,0,0,7,0,0,1,0,0,3,1,1,2,0,0,0,3,2,0,1,-1,-1,0,-1,1,10,-1,1,1,3,-1,-1,-1,0,0,1,0,0,10,3,0,0,24.15
1,0,0,0,-1,0,1,0,0,0,0,0,0,0,0,0,-1,0,0,0,0,3,0,-1,150,0,9223372036800000000,1e+75,0,10,0,0,7,0,0,1,0,0,1,1,0,1,0,0,0,0,2,0,1,-1,-1,-1,-1,0,10,-1,1,1,3,-1,-1,-1,0,0,1,0,0,10,0,0,0,13.46
1,0,0,0,-1,0,1,0,0,0,0,0,3,0,1,-1,-1,-1,1,0,0,3,0,4,25,0,9223372036800000000,30,0,10,0,0,7,0,0,1,0,0,1,1,1,1,0,0,2,1,2,0,1,-1,1,-1,-1,0,10,-1,1,1,3,-1,-1,-1,0,0,1,0,0,10,3,0,0,21.95
1,0,0,0,-1,0,1,0,0,0,0,0,1,0,-1,-1,1,2,-1,2,-1,3,0,-1,10,0,9223372036800000000,1e+75,0,10,0,0,7,0,0,1,0,0,1,1,0,0,0,0,0,0,2,0,1,-1,-1,-1,-1,0,10,-1,1,1,3,-1,-1,-1,0,0,1,0,0,10,0,0,0,19.74
1,0,0,0,-1,0,1,5,0,0,0,0,2,0,1,-1,-1,0,2,1,0,3,0,8,150,0,9223372036800000000,1,0,10,0,0,7,0,0,1,0,0,0,1,0,1,0,0,0,1,2,0,1,-1,-1,-1,-1,0,10,-1,1,1,3,-1,-1,-1,0,0,1,0,0,10,0,0,0,21.66
1,0,0,0,-1,0,1,0,0,0,0,0,0,0,2,-1,0,0,-1,1,-1,3,0,-1,400,0,9223372036800000000,1e+75,0,10,0,0,7,0,0,1,0,0,1,1,0,-1,0,0,0,0,2,0,1,-1,-1,-1,-1,0,10,-1,1,1,3,-1,-1,-1,0,0,1,0,0,10,0,0,0,19.25
1,0,0,0,-1,0,1,5,0,0,0,0,2,1,0,2,-1,0,-1,0,-1,3,0,4,150,0,9223372036800000000,240,0,10,0,0,7,0,0,1,0,0,1,1,0,2,0,0,0,4,2,0,1,-1,-1,-1,-1,0,10,-1,1,1,3,-1,-1,-1,0,0,1,0,0,10,0,0,0,23.27
1,0,0,0,-1,0,1,2,0,0,0,0,3,1,1,1,-1,0,-1,0,2,3,0,-1,10,0,9223372036800000000,1e+75,0,10,0,0,7,0,0,1,0,0,1,1,0,1,0,0,0,0,2,0,1,-1,-1,-1,-1,0,10,-1,1,1,3,-1,-1,-1,0,0,1,0,0,10,0,0,0,15.74
1,0,0,0,-1,0,1,0,0,0,0,0,0,0,0,0,0,0,2,-1,2,3,0,-1,25,0,9223372036800000000,1e+75,0,10,0,0,7,0,0,1,0,0,1,1,0,0,0,0,0,0,2,0,1,-1,-1,-1,-1,0,10,-1,1,1,3,-1,-1,-1,0,0,1,0,0,10,0,0,0,13.83
1,0,0,0,-1,0,1,3,0,0,0,0,-1,0,1,2,2,2,-1,0,-1,3,0,-1,200,0,9223372036800000000,1e+75,0,10,0,0,7,0,0,1,0,0,1,1,0,0,0,0,0,0,2,0,1,-1,-1,-1,-1,0,10,-1,1,1,3,-1,-1,-1,0,0,1,0,0,10,0,0,0,16.87
1,0,0,0,-1,0,1,5,0,0,0,0,3,0,-1,2,0,1,1,1,2,3,0,-1,50,0,9223372036800000000,1e+75,0,10,0,0,7,0,0,1,0,0,1,1,0,0,0,0,0,0,2,0,1,-1,-1,-1,-1,0,10,-1,1,1,3,-1,-1,-1,0,0,1,0,0,10,0,0,0,17.14
1,0,0,0,-1,0,1,1,0,0,0,0,1,0,-1,-1,1,1,-1,2,-1,3,0,-1,10,0,9223372036800000000,1e+75,0,10,0,0,7,0,0,1,0,0,1,1,0,0,0,0,0,0,2,0,1,-1,-1,-1,-1,0,10,-1,1,1,3,-1,-1,-1,0,0,1,0,0,10,0,0,0,23.39
1,0,0,0,-1,0,1,2,0,0,0,0,1,0,3,1,1,-1,0,1,0,3,0,-1,10,0,9223372036800000000,1e+75,0,10,0,0,7,0,0,1,0,0,1,1,0,0,0,0,0,0,2,0,1,-1,-1,-1,-1,0,10,-1,1,1,3,-1,-1,-1,0,0,1,0,0,10,0,0,0,18.38
1,0,0,0,-1,0,1,0,0,0,0,0,1,0,-1,1,2,1,1,0,0,3,0,-1,150,0,9223372036800000000,1e+75,0,10,0,0,7,0,0,1,0,0,1,1,0,0,0,0,0,0,2,0,1,-1,-1,-1,-1,0,10,-1,1,1,3,-1,-1,-1,0,0,1,0,0,10,0,0,0,15.16
1,0,0,0,-1,0,1,0,0,0,0,0,-1,0,2,0,0,2,1,-1,0,1,0,4,10,0,9223372036800000000,2,0,10,0,0,7,0,0,1,0,0,3,1,1,1,0,0,0,3,2,0,1,-1,1,0,-1,1,10,-1,1,1,3,-1,-1,-1,0,0,1,0,0,10,3,0,0,22.09
1,0,0,0,-1,0,1,5,0,0,0,0,2,1,1,-1,-1,0,-1,1,0,3,0,2,150,0,9223372036800000000,1e+75,0,10,0,0,7,0,0,1,0,0,3,1,0,1,0,0,0,1,2,0,1,-1,-1,-1,-1,0,10,-1,1,1,3,-1,-1,-1,0,0,1,0,0,10,0,0,0,27.09
1,0,0,0,-1,0,1,0,0,0,0,0,1,0,0,-1,0,-1,1,0,2,3,0,16,800,0,9223372036800000000,50,0,10,0,0,7,0,0,1,0,0,0,1,2,-1,0,0,2,3,2,0,1,-1,-1,-1,-1,-1,10,-1,1,1,3,-1,-1,-1,0,0,1,0,0,10,0,0,0,23.01
1,0,0,0,-1,0,1,0,0,0,0,0,2,0,1,0,-1,2,-1,1,2,3,0,16,10,0,9223372036800000000,1,0,10,0,0,7,0,0,1,0,0,0,1,1,2,0,0,3,3,2,0,1,-1,-1,-1,-1,-1,10,-1,1,1,3,-1,-1,-1,0,0,1,0,0,10,0,0,0,29.33
1,0,0,0,-1,0,1,5,0,0,0,0,3,3,3,2,1,2,-1,2,0,5,0,1,25,0,9223372036800000000,20,0,10,0,0,7,0,0,1,0,0,1,1,2,3,0,0,3,0,2,0,1,-1,-1,3,-1,-1,10,-1,1,1,3,-1,-1,-1,0,0,1,0,0,10,1,0,0,46.82
1,0,0,0,-1,0,1,3,0,0,0,0,-1,0,1,2,1,-1,-1,-1,-1,3,0,-1,50,0,9223372036800000000,1e+75,0,10,0,0,7,0,0,1,0,0,1,1,0,0,0,0,0,0,2,0,1,-1,-1,-1,-1,0,10,-1,1,1,3,-1,-1,-1,0,0,1,0,0,10,0,0,0,17.57
1,0,0,0,-1,0,1,2,0,0,0,0,-1,0,-1,0,0,1,1,0,1,3,0,-1,10,0,9223372036800000000,1e+75,0,10,0,0,7,0,0,1,0,0,1,1,0,0,0,0,0,0,2,0,1,-1,-1,-1,-1,0,10,-1,1,1,3,-1,-1,-1,0,0,1,0,0,10,0,0,0,16.24
1,0,0,0,-1,0,1,4,0,0,0,0,2,0,0,0,2,2,-1,2,0,3,0,-1,100,0,9223372036800000000,1e+75,0,10,0,0,7,0,0,1,0,0,1,1,0,0,0,0,0,0,2,0,1,-1,-1,-1,-1,0,10,-1,1,1,3,-1,-1,-1,0,0,1,0,0,10,0,0,0,21.2
1,0,0,0,-1,0,1,5,0,0,0,0,1,-1,3,1,0,1,2,0,-1,3,0,1,100,0,9223372036800000000,40,0,10,0,0,7,0,0,1,0,0,3,1,0,3,0,0,0,0,2,0,1,-1,-1,-1,-1,0,10,-1,1,1,3,-1,-1,-1,0,0,1,0,0,10,0,0,0,47.13
1,0,0,0,-1,0,1,3,0,0,0,0,-1,0,0,0,-1,0,0,0,-1,3,0,-1,50,0,9223372036800000000,1e+75,0,10,0,0,7,0,0,1,0,0,1,1,0,0,0,0,0,0,2,0,1,-1,-1,-1,-1,0,10,-1,1,1,3,-1,-1,-1,0,0,1,0,0,10,0,0,0,15.96
1,0,0,0,-1,0,1,1,0,0,0,0,-1,0,-1,0,0,1,1,0,1,3,0,-1,150,0,9223372036800000000,1e+75,0,10,0,0,7,0,0,1,0,0,1,1,0,0,0,0,0,0,2,0,1,-1,-1,-1,-1,0,10,-1,1,1,3,-1,-1,-1,0,0,1,0,0,10,0,0,0,22.45
1,0,0,0,-1,0,1,2,0,0,0,0,1,0,3,1,-1,-1,0,1,2,3,0,-1,10,0,9223372036800000000,1e+75,0,10,0,0,7,0,0,1,0,0,1,1,0,0,0,0,0,0,2,0,1,-1,-1,-1,-1,0,10,-1,1,1,3,-1,-1,-1,0,0,1,0,0,10,0,0,0,18.22
1,0,0,0,-1,0,1,5,0,0,0,0,1,2,-1,1,0,0,2,1,2,3,0,-1,800,0,9223372036800000000,240,0,10,0,0,7,0,0,1,0,0,0,1,2,1,0,0,4,-1,2,0,1,-1,-1,-1,-1,-1,10,-1,1,1,3,-1,-1,-1,0,0,1,0,0,10,0,0,0,31.42
1,0,0,0,-1,0,1,3,0,0,0,0,2,3,-1,1,2,2,-1,1,0,3,0,8,400,0,9223372036800000000,60,0,10,0,0,7,0,0,1,0,0,0,1,0,3,0,0,0,2,2,0,1,-1,-1,-1,-1,0,10,-1,1,1,3,-1,-1,-1,0,0,1,0,0,10,0,0,0,20.77
1,0,0,0,-1,0,1,4,0,0,0,0,2,0,1,2,0,1,-1,0,2,3,0,-1,100,0,9223372036800000000,1e+75,0,10,0,0,7,0,0,1,0,0,1,1,0,0,0,0,0,0,2,0,1,-1,-1,-1,-1,0,10,-1,1,1,3,-1,-1,-1,0,0,1,0,0,10,0,0,0,15.48
1,0,0,0,-1,0,1,1,0,0,0,0,-1,0,-1,0,2,-1,2,0,-1,5,0,16,10,0,9223372036800000000,60,0,10,0,0,7,0,0,1,0,0,0,1,3,1,0,0,3,2,2,0,1,-1,0,1,-1,-1,10,-1,1,1,3,-1,-1,-1,0,0,1,0,0,10,1,0,0,28.03
1,0,0,0,-1,0,1,0,0,0,0,0,1,0,0,2,0,1,1,-1,2,3,0,4,100,0,9223372036800000000,30,0,10,0,0,7,0,0,1,0,0,1,1,0,-1,0,0,0,3,2,0,1,-1,-1,-1,-1,0,10,-1,1,1,3,-1,-1,-1,0,0,1,0,0,10,0,0,0,19.28
1,0,0,0,-1,0,1,3,0,0,0,0,2,0,2,0,2,2,2,-1,0,3,0,-1,800,0,9223372036800000000,1e+75,0,10,0,0,7,0,0,1,0,0,1,1,0,0,0,0,0,0,2,0,1,-1,-1,-1,-1,0,10,-1,1,1,3,-1,-1,-1,0,0,1,0,0,10,0,0,0,14.48
1,0,0,0,-1,0,1,3,0,0,0,0,1,0,1,2,-1,0,1,2,0,3,0,-1,200,0,9223372036800000000,1e+75,0,10,0,0,7,0,0,1,0,0,1,1,0,0,0,0,0,0,2,0,1,-1,-1,-1,-1,0,10,-1,1,1,3,-1,-1,-1,0,0,1,0,0,10,0,0,0,16.95
1,0,0,0,-1,0,1,3,0,0,0,0,-1,0,2,0,2,1,2,-1,2,3,0,-1,10,0,9223372036800000000,1e+75,0,10,0,0,7,0,0,1,0,0,1,1,0,0,0,0,0,0,2,0,1,-1,-1,-1,-1,0,10,-1,1,1,3,-1,-1,-1,0,0,1,0,0,10,0,0,0,18.6
1,0,0,0,-1,0,1,2,0,0,0,0,3,0,0,1,1,-1,2,1,0,3,0,8,800,0,9223372036800000000,50,0,10,0,0,7,0,0,1,0,0,1,1,0,-1,0,0,2,2,2,0,1,-1,-1,-1,-1,0,10,-1,1,1,3,-1,-1,-1,0,0,1,0,0,10,0,0,0,17.7
1,0,0,0,-1,0,1,5,0,0,0,0,3,-1,3,1,0,0,2,1,2,3,0,-1,10,0,9223372036800000000,240,0,10,0,0,7,0,0,1,0,0,0,1,2,1,0,0,4,-1,2,0,1,-1,-1,-1,-1,-1,10,-1,1,1,3,-1,-1,-1,0,0,1,0,0,10,0,0,0,28.56
1,0,0,0,-1,0,1,4,0,0,0,0,0,0,2,1,2,-1,-1,2,1,3,0,-1,100,0,9223372036800000000,1e+75,0,10,0,0,7,0,0,1,0,0,1,1,0,-1,0,0,0,0,2,0,1,-1,-1,-1,-1,0,10,-1,1,1,3,-1,-1,-1,0,0,1,0,0,10,0,0,0,18.85
1,0,0,0,-1,0,1,2,0,0,0,0,3,0,0,0,2,2,1,-1,-1,3,0,-1,50,0,9223372036800000000,1e+75,0,10,0,0,7,0,0,1,0,0,1,1,0,0,0,0,0,0,2,0,1,-1,-1,-1,-1,0,10,-1,1,1,3,-1,-1,-1,0,0,1,0,0,10,0,0,0,15.73
1,0,0,0,-1,0,1,0,0,0,0,0,1,-1,3,0,1,-1,-1,-1,1,3,0,2,10,0,9223372036800000000,0,0,10,0,0,7,0,0,1,0,0,0,1,0,0,0,0,0,3,2,0,1,-1,-1,-1,-1,0,10,-1,1,1,3,-1,-1,-1,0,0,1,0,0,10,0,0,0,24.29
1,0,0,0,-1,0,1,0,0,0,0,0,-1,0,0,2,-1,2,-1,1,-1,3,0,-1,25,0,9223372036800000000,1e+75,0,10,0,0,7,0,0,1,0,0,1,1,0,0,0,0,0,0,2,0,1,-1,-1,-1,-1,0,10,-1,1,1,3,-1,-1,-1,0,0,1,0,0,10,0,0,0,15.42
1,0,0,0,-1,0,1,5,0,0,0,0,1,1,2,2,-1,0,1,1,2,3,0,16,150,0,9223372036800000000,30,0,10,0,0,7,0,0,1,0,0,1,1,0,3,0,0,0,1,2,0,1,-1,-1,-1,-1,0,10,-1,1,1,3,-1,-1,-1,0,0,1,0,0,10,0,0,0,20.53
1,0,0,0,-1,0,1,0,0,0,0,0,2,1,-1,1,0,2,0,0,0,3,0,-1,800,0,9223372036800000000,30,0,10,0,0,7,0,0,1,0,0,1,1,3,2,0,0,2,3,2,0,1,-1,-1,-1,-1,-1,10,-1,1,1,3,-1,-1,-1,0,0,1,0,0,10,0,0,0,18.99
1,0,0,0,-1,0,1,3,0,0,0,0,1,0,1,0,0,0,-1,-1,1,3,0,-1,25,0,9223372036800000000,1e+75,0,10,0,0,7,0,0,1,0,0,1,1,0,0,0,0,0,0,2,0,1,-1,-1,-1,-1,0,10,-1,1,1,3,-1,-1,-1,0,0,1,0,0,10,0,0,0,16.72
1,0,0,0,-1,0,1,0,0,0,0,0,1,0,0,1,2,-1,1,-1,1,3,0,-1,50,0,9223372036800000000,1e+75,0,10,0,0,7,0,0,1,0,0,1,1,0,0,0,0,0,0,2,0,1,-1,-1,-1,-1,0,10,-1,1,1,3,-1,-1,-1,0,0,1,0,0,10,0,0,0,17.25
1,0,0,0,-1,0,1,4,0,0,0,0,0,-1,0,2,0,1,-1,-1,-1,10,0,16,400,0,9223372036800000000,60,0,10,0,0,7,0,0,1,0,0,1,1,-1,2,0,0,3,2,2,0,1,-1,-1,3,-1,1,10,-1,1,1,3,-1,-1,-1,0,0,1,0,0,10,1,0,0,24.9
1,0,0,0,-1,0,1,4,0,0,0,0,3,-1,3,1,2,1,1,0,0,3,0,16,10,0,9223372036800000000,5,0,10,0,0,7,0,0,1,0,0,3,1,1,-1,0,0,2,1,2,0,1,-1,-1,-1,-1,-1,10,-1,1,1,3,-1,-1,-1,0,0,1,0,0,10,0,0,0,24.21
1,0,0,0,-1,0,1,4,0,0,0,0,1,0,1,2,0,1,-1,0,2,3,0,-1,100,0,9223372036800000000,1e+75,0,10,0,0,7,0,0,1,0,0,1,1,0,0,0,0,0,0,2,0,1,-1,-1,-1,-1,0,10,-1,1,1,3,-1,-1,-1,0,0,1,0,0,10,0,0,0,15.48
1,0,0,0,-1,0,1,5,0,0,0,0,3,0,-1,2,0,1,0,1,2,3,0,-1,50,0,9223372036800000000,1e+75,0,10,0,0,7,0,0,1,0,0,1,1,0,0,0,0,0,0,2,0,1,-1,-1,-1,-1,0,10,-1,1,1,3,-1,-1,-1,0,0,1,0,0,10,0,0,0,20.27
1,0,0,0,-1,0,1,3,0,0,0,0,1,-1,1,2,2,0,2,1,1,3,0,16,100,0,9223372036800000000,20,0,10,0,0,7,0,0,1,0,0,1,1,0,2,0,0,0,2,2,0,1,-1,-1,-1,-1,0,10,-1,1,1,3,-1,-1,-1,0,0,1,0,0,10,0,0,0,15.13
1,0,0,0,-1,0,1,0,0,0,0,0,-1,3,-1,2,2,0,1,1,1,3,0,8,100,0,9223372036800000000,240,0,10,0,0,7,0,0,1,0,0,0,1,0,3,0,0,0,0,2,0,1,-1,-1,-1,-1,0,10,-1,1,1,3,-1,-1,-1,0,0,1,0,0,10,0,0,0,20.96
1,0,0,0,-1,0,1,5,0,0,0,0,1,-1,3,1,0,1,2,0,-1,3,0,-1,10,0,9223372036800000000,5,0,10,0,0,7,0,0,1,0,0,1,1,0,3,0,0,0,0,2,0,1,-1,-1,-1,-1,0,10,-1,1,1,3,-1,-1,-1,0,0,1,0,0,10,0,0,0,23.29
1,0,0,0,-1,0,1,0,0,0,0,0,-1,0,2,0,0,2,1,-1,0,1,0,4,10,0,9223372036800000000,2,0,10,0,0,7,0,0,1,0,0,3,1,1,1,0,0,3,3,2,0,1,-1,-1,0,-1,1,10,-1,1,1,3,-1,-1,-1,0,0,1,0,0,10,3,0,0,29.33
1,0,0,0,-1,0,1,0,0,0,0,0,1,0,1,1,2,0,2,-1,1,3,0,-1,150,0,9223372036800000000,1e+75,0,10,0,0,7,0,0,1,0,0,1,1,0,0,0,0,0,0,2,0,1,-1,-1,-1,-1,0,10,-1,1,1,3,-1,-1,-1,0,0,1,0,0,10,0,0,0,14.58
1,0,0,0,-1,0,1,0,0,0,0,0,2,0,2,0,1,2,-1,-1,0,3,0,-1,800,0,9223372036800000000,1e+75,0,10,0,0,7,0,0,1,0,0,1,1,0,0,0,0,0,0,2,0,1,-1,-1,-1,-1,0,10,-1,1,1,3,-1,-1,-1,0,0,1,0,0,10,0,0,0,15.09
1,0,0,0,-1,0,1,0,0,0,0,0,2,1,3,0,1,1,-1,-1,-1,3,0,-1,200,0,9223372036800000000,2,0,10,0,0,7,0,0,1,0,0,3,1,0,3,0,0,0,0,2,0,1,-1,-1,-1,-1,0,10,-1,1,1,3,-1,-1,-1,0,0,1,0,0,10,0,0,0,21.37
1,0,0,0,-1,1,1,2,0,0,0,0,3,0,1,1,-1,0,-1,0,2,3,0,8,10,0,9223372036800000000,1e+75,0,10,0,0,7,0,0,1,0,0,1,1,0,1,0,0,0,0,2,0,1,-1,-1,-1,-1,0,10,-1,1,1,3,-1,-1,-1,0,0,1,0,0,10,0,0,0,12.45
1,0,0,0,-1,0,1,2,0,0,0,0,0,0,2,1,-1,2,1,2,0,3,0,-1,200,0,9223372036800000000,1e+75,0,10,0,0,7,0,0,1,0,0,1,1,0,0,0,0,0,0,2,0,1,-1,-1,-1,-1,0,10,-1,1,1,3,-1,-1,-1,0,0,1,0,0,10,0,0,0,15.4
1,0,0,0,-1,0,1,5,0,0,0,0,3,-1,-1,-1,1,0,0,2,0,3,0,4,800,0,9223372036800000000,60,0,10,0,0,7,0,0,1,0,0,1,1,0,-1,0,0,0,0,2,0,1,-1,-1,-1,-1,0,10,-1,1,1,3,-1,-1,-1,0,0,1,0,0,10,0,0,0,20.43
1,0,0,0,-1,0,1,5,0,0,0,0,1,-1,3,1,0,1,2,0,-1,3,0,1,10,0,9223372036800000000,60,0,10,0,0,7,0,0,1,0,0,1,1,0,0,0,0,0,0,2,0,1,-1,-1,-1,-1,0,10,-1,1,1,3,-1,-1,-1,0,0,1,0,0,10,0,0,0,42.9
1,0,0,0,-1,0,1,1,0,0,0,0,3,0,1,1,-1,2,2,2,0,3,0,-1,50,0,9223372036800000000,1e+75,0,10,0,0,7,0,0,1,0,0,1,1,0,0,0,0,0,0,2,0,1,-1,-1,-1,-1,0,10,-1,1,1,3,-1,-1,-1,0,0,1,0,0,10,0,0,0,22.46
1,0,0,0,-1,0,1,0,0,0,0,0,1,0,1,-1,-1,0,2,-1,-1,3,0,-1,800,0,9223372036800000000,1e+75,0,10,0,0,7,0,0,1,0,0,1,1,0,0,0,0,0,0,2,0,1,-1,-1,-1,-1,0,10,-1,1,1,3,-1,-1,-1,0,0,1,0,0,10,0,0,0,26.18
1,0,0,0,-1,0,1,0,0,0,0,0,2,3,-1,1,2,2,-1,1,0,3,0,8,400,0,9223372036800000000,20,0,10,0,0,7,0,0,1,0,0,0,1,0,-1,0,0,0,2,2,0,1,-1,-1,-1,-1,0,10,-1,1,1,3,-1,-1,-1,0,0,1,0,0,10,0,0,0,20.78
1,0,0,0,-1,0,1,4,0,0,0,0,-1,0,1,2,0,1,-1,1,2,3,0,-1,100,0,9223372036800000000,1e+75,0,10,0,0,7,0,0,1,0,0,1,1,0,0,0,0,0,0,2,0,1,-1,-1,-1,-1,0,10,-1,1,1,3,-1,-1,-1,0,0,1,0,0,10,0,0,0,20.84
1,0,0,0,-1,0,1,1,0,0,0,0,-1,0,0,-1,2,1,2,0,2,3,0,4,150,0,9223372036800000000,50,0,10,0,0,7,0,0,1,0,0,1,1,0,0,0,0,0,1,2,0,1,-1,-1,-1,-1,0,10,-1,1,1,3,-1,-1,-1,0,0,1,0,0,10,0,0,0,23.54
1,0,0,0,-1,0,1,3,0,0,0,0,3,3,-1,1,2,2,-1,2,-1,3,0,8,200,0,9223372036800000000,30,0,10,0,0,7,0,0,1,0,0,1,1,0,-1,0,0,0,4,2,0,1,-1,-1,-1,-1,0,10,-1,1,1,3,-1,-1,-1,0,0,1,0,0,10,0,0,0,18.74
1,0,0,0,-1,0,1,2,0,0,0,0,2,1,-1,-1,1,1,-1,2,-1,3,0,16,200,0,9223372036800000000,60,0,10,0,0,7,0,0,1,0,0,1,1,0,3,0,0,0,1,2,0,1,-1,-1,1,-1,-1,10,-1,1,1,3,-1,-1,-1,0,0,1,0,0,10,3,0,0,22.17
1,0,0,0,-1,0,1,5,0,0,0,0,0,0,-1,2,0,1,1,1,2,3,0,-1,50,0,9223372036800000000,1e+75,0,10,0,0,7,0,0,1,0,0,1,1,0,0,0,0,0,0,2,0,1,-1,-1,-1,-1,0,10,-1,1,1,3,-1,-1,-1,0,0,1,0,0,10,0,0,0,17.32
1,0,0,0,-1,0,1,0,0,0,0,0,-1,0,0,0,-1,0,2,0,0,3,0,-1,200,0,9223372036800000000,40,0,10,0,0,7,0,0,1,0,0,1,1,0,0,0,0,0,0,2,0,1,-1,-1,-1,-1,0,10,-1,1,1,3,-1,-1,-1,0,0,1,0,0,10,0,0,0,12.92
1,0,0,0,-1,0,1,0,0,0,0,0,0,0,0,0,-1,-1,0,0,0,3,0,-1,200,0,9223372036800000000,1e+75,0,10,0,0,7,0,0,1,0,0,1,1,0,0,0,0,0,0,2,0,1,-1,-1,-1,-1,0,10,-1,1,1,3,-1,-1,-1,0,0,1,0,0,10,0,0,0,14.51
1,0,0,0,-1,0,1,2,0,0,0,0,3,0,0,0,2,2,1,-1,-1,3,0,-1,400,0,9223372036800000000,1e+75,0,10,0,0,7,0,0,1,0,0,1,1,0,0,0,0,0,0,2,0,1,-1,-1,-1,-1,0,10,-1,1,1,3,-1,-1,-1,0,0,1,0,0,10,0,0,0,16.6
1,0,0,0,-1,0,1,0,0,0,0,0,1,0,3,0,1,-1,-1,-1,1,3,0,4,10,0,9223372036800000000,30,0,10,0,0,7,0,0,1,0,0,0,1,0,0,0,0,0,3,2,0,1,-1,-1,-1,-1,0,10,-1,1,1,3,-1,-1,-1,0,0,1,0,0,10,0,0,0,22.63
1,0,0,0,-1,0,1,1,0,0,0,0,3,0,0,1,1,-1,0,0,0,3,0,-1,400,0,9223372036800000000,1e+75,0,10,0,0,7,0,0,1,0,0,1,1,0,2,0,0,0,0,2,0,1,-1,-1,-1,-1,0,10,-1,1,1,3,-1,-1,-1,0,0,1,0,0,10,0,0,0,24.03
1,0,0,0,-1,0,1,1,0,0,0,0,2,0,-1,-1,0,-1,0,-1,1,3,0,-1,25,0,9223372036800000000,1e+75,0,10,0,0,7,0,0,1,0,0,1,1,0,0,0,0,0,0,2,0,1,-1,-1,-1,-1,0,10,-1,1,1,3,-1,-1,-1,0,0,1,0,0,10,0,0,0,37.9
1,0,0,0,-1,0,1,5,0,0,0,0,1,-1,3,1,0,1,2,0,-1,3,0,-1,100,0,9223372036800000000,60,0,10,0,0,7,0,0,1,0,0,3,1,0,3,0,0,0,0,2,0,1,-1,-1,-1,-1,0,10,-1,1,1,3,-1,-1,-1,0,0,1,0,0,10,0,0,0,23.9
1,0,0,0,-1,0,1,3,0,0,0,0,-1,0,0,0,1,0,0,0,1,3,0,-1,200,0,9223372036800000000,1e+75,0,10,0,0,7,0,0,1,0,0,1,1,0,0,0,0,0,0,2,0,1,-1,-1,-1,-1,0,10,-1,1,1,3,-1,-1,-1,0,0,1,0,0,10,0,0,0,17.68
1,0,0,0,-1,0,1,2,0,0,0,0,3,0,-1,1,-1,0,-1,0,2,3,0,8,10,0,9223372036800000000,1e+75,0,10,0,0,7,0,0,1,0,0,1,1,0,1,0,0,3,0,2,0,1,-1,-1,-1,-1,0,10,-1,1,1,3,-1,-1,-1,0,0,1,0,0,10,0,0,0,24.42
1,0,0,0,-1,0,1,2,0,0,0,0,-1,-1,0,1,0,2,0,-1,1,3,0,8,150,0,9223372036800000000,30,0,10,0,0,7,0,0,1,0,0,3,1,1,1,0,0,5,4,2,0,1,-1,-1,-1,-1,-1,10,-1,1,1,3,-1,-1,-1,0,0,1,0,0,10,0,0,0,31.66
1,0,0,0,-1,0,1,4,0,0,0,0,-1,0,3,2,0,1,-1,0,2,3,0,-1,100,0,9223372036800000000,1e+75,0,10,0,0,7,0,0,1,0,0,1,1,0,0,0,0,0,0,2,0,1,-1,-1,-1,-1,0,10,-1,1,1,3,-1,-1,-1,0,0,1,0,0,10,0,0,0,23.56
1,0,0,0,-1,0,1,4,0,0,0,0,2,1,-1,0,2,-1,2,1,-1,10,0,2,200,0,9223372036800000000,50,0,10,0,0,7,0,0,1,0,0,0,1,0,3,0,0,2,4,2,0,1,-1,1,-1,-1,-1,10,-1,1,1,3,-1,-1,-1,0,0,1,0,0,10,1,0,0,25.06
1,0,0,0,-1,0,1,0,0,0,0,0,-1,2,-1,1,2,0,-1,2,2,3,0,8,100,0,9223372036800000000,20,0,10,0,0,7,0,0,1,0,0,2,1,0,0,0,0,0,2,2,0,1,-1,-1,-1,-1,0,10,-1,1,1,3,-1,-1,-1,0,0,1,0,0,10,0,0,0,18.54
1,0,0,0,-1,0,1,0,0,0,0,0,1,0,2,0,1,2,0,-1,0,3,0,-1,10,0,9223372036800000000,1e+75,0,10,0,0,7,0,0,1,0,0,1,1,0,0,0,0,0,0,2,0,1,-1,-1,-1,-1,0,10,-1,1,1,3,-1,-1,-1,0,0,1,0,0,10,0,0,0,15.71
1,0,0,0,-1,0,1,1,0,0,0,0,-1,0,-1,0,2,-1,2,0,-1,5,0,16,10,0,9223372036800000000,60,0,10,0,0,7,0,0,1,0,0,0,1,3,1,0,0,3,2,2,0,1,-1,0,2,-1,-1,10,-1,1,1,3,-1,-1,-1,0,0,1,0,0,10,4,0,0,27.97
1,0,0,0,-1,0,1,5,0,0,0,0,3,0,0,1,2,-1,-1,0,-1,3,0,-1,200,0,9223372036800000000,1e+75,0,10,0,0,7,0,0,1,0,0,1,1,0,0,0,0,0,0,2,0,1,-1,-1,-1,-1,0,10,-1,1,1,3,-1,-1,-1,0,0,1,0,0,10,0,0,0,19.16
1,0,0,0,-1,0,1,2,0,0,0,0,3,0,1,1,-1,0,-1,0,2,3,0,8,10,0,9223372036800000000,1e+75,0,10,0,1,7,0,0,1,0,0,1,1,0,1,0,0,0,0,2,0,1,-1,-1,-1,-1,0,10,-1,1,1,3,-1,-1,-1,0,0,1,0,0,10,0,0,0,19.38
1,0,0,0,-1,0,1,2,0,0,0,0,3,0,1,1,-1,0,-1,0,2,3,0,-1,10,0,9223372036800000000,1e+75,0,10,0,0,7,0,0,1,0,0,2,1,0,1,0,0,0,0,2,0,1,-1,-1,-1,-1,0,10,-1,1,1,3,-1,-1,-1,0,0,1,0,0,10,0,0,0,20.05
1,0,0,0,-1,0,1,0,0,0,0,0,-1,0,0,0,-1,0,2,0,0,3,0,-1,100,0,9223372036800000000,1e+75,0,10,0,0,7,0,0,1,0,0,1,1,3,0,0,0,0,0,2,0,1,-1,-1,-1,-1,0,10,-1,1,1,3,-1,-1,-1,0,0,1,0,0,10,0,0,0,13.6
1,0,0,0,-1,0,1,0,0,0,0,0,1,3,0,2,0,1,1,-1,2,3,0,8,100,0,9223372036800000000,30,0,10,0,0,7,0,0,1,0,0,1,1,0,3,0,0,0,3,2,0,1,-1,-1,-1,-1,0,10,-1,1,1,3,-1,-1,-1,0,0,1,0,0,10,0,0,0,21.97
1,0,0,0,-1,0,1,5,0,0,0,0,3,-1,-1,-1,1,-1,0,2,0,3,0,2,800,0,9223372036800000000,50,0,10,0,0,7,0,0,1,0,0,1,1,0,-1,0,0,0,0,2,0,1,-1,-1,-1,-1,0,10,-1,1,1,3,-1,-1,-1,0,0,1,0,0,10,0,0,0,21.77
1,0,0,0,-1,0,1,2,0,0,0,0,1,3,3,2,1,2,0,-1,-1,3,0,8,200,0,9223372036800000000,2,0,10,0,0,7,0,0,1,0,0,3,1,0,0,0,0,1,1,2,0,1,-1,-1,-1,-1,0,10,-1,1,1,3,-1,-1,-1,0,0,1,0,0,10,0,0,0,25
1,0,0,0,-1,0,1,4,0,0,0,0,1,0,3,-1,1,0,2,-1,2,3,0,-1,25,0,9223372036800000000,1e+75,0,10,0,0,7,0,0,1,0,0,1,1,0,0,0,0,0,0,2,0,1,-1,-1,-1,-1,0,10,-1,1,1,3,-1,-1,-1,0,0,1,0,0,10,0,0,0,27.95
1,0,0,0,-1,0,1,2,0,0,0,0,1,-1,1,2,2,0,2,1,1,3,0,16,100,0,9223372036800000000,20,0,10,0,0,7,0,0,1,0,0,1,1,0,2,0,0,0,4,2,0,1,-1,-1,-1,-1,0,10,-1,1,1,3,-1,-1,-1,0,0,1,0,0,10,0,0,0,16.36
1,0,0,0,-1,0,1,2,0,0,0,0,3,0,1,1,-1,0,-1,0,-1,3,0,-1,10,0,9223372036800000000,1e+75,0,10,0,0,7,0,0,1,0,0,1,1,0,0,0,0,0,0,2,0,1,-1,-1,-1,-1,0,10,-1,1,1,3,-1,-1,-1,0,0,1,0,0,10,0,0,0,15.67
1,0,0,0,-1,0,1,2,0,0,0,0,3,0,1,1,-1,0,-1,0,2,3,0,8,10,0,9223372036800000000,1e+75,0,10,0,0,7,0,0,1,0,0,1,1,0,1,0,0,0,0,2,0,1,-1,-1,-1,-1,0,20,-1,1,1,3,-1,-1,-1,0,0,1,0,0,10,0,0,0,12.46
1,0,0,0,-1,0,1,5,0,0,0,0,3,0,-1,-1,1,2,-1,2,0,3,0,4,150,0,9223372036800000000,10,0,10,0,0,7,0,0,1,0,0,3,1,0,1,0,0,0,4,2,0,1,-1,-1,-1,-1,0,10,-1,1,1,3,-1,-1,-1,0,0,1,0,0,10,0,0,0,21.4
1,0,0,0,-1,0,1,5,0,0,0,0,3,-1,1,-1,1,-1,0,2,0,3,0,2,800,0,9223372036800000000,10,0,10,0,0,7,0,0,1,0,0,1,1,0,-1,0,0,0,0,2,0,1,-1,-1,-1,-1,0,10,-1,1,1,3,-1,-1,-1,0,0,1,0,0,10,0,0,0,21.55
1,0,0,0,-1,0,1,1,0,0,0,0,-1,3,2,0,0,2,2,0,0,2,0,-1,150,0,9223372036800000000,2,0,10,0,0,7,0,0,1,0,0,3,1,2,0,0,0,1,1,2,0,1,-1,0,0,-1,0,10,-1,1,1,3,-1,-1,-1,0,0,1,0,0,10,2,0,0,24.76
1,0,0,0,-1,0,1,3,0,0,0,0,1,1,-1,-1,0,0,-1,0,0,3,0,8,200,0,9223372036800000000,50,0,10,0,0,7,0,0,1,0,0,1,1,0,2,0,0,0,1,2,0,1,-1,-1,-1,-1,0,10,-1,1,1,3,-1,-1,-1,0,0,1,0,0,10,0,0,0,23.43
1,0,0,0,-1,0,1,5,0,0,0,0,3,3,0,1,2,-1,2,1,0,3,0,8,50,0,9223372036800000000,1,0,10,0,0,7,0,0,1,0,0,3,1,3,-1,0,0,0,0,2,0,1,-1,-1,-1,-1,1,10,-1,1,1,3,-1,-1,-1,0,0,1,0,0,10,0,0,0,22.37
1,0,0,0,-1,0,1,2,0,0,0,0,1,-1,1,2,2,0,2,1,1,3,0,16,100,0,9223372036800000000,20,0,10,0,0,7,0,0,1,0,0,1,1,0,-1,0,0,0,2,2,0,1,-1,-1,-1,-1,0,10,-1,1,1,3,-1,-1,-1,0,0,1,0,0,10,0,0,0,16.02
1,0,0,0,-1,0,1,0,0,0,0,0,2,0,2,0,2,2,2,-1,0,3,0,-1,800,0,9223372036800000000,1e+75,0,10,0,0,7,0,0,1,0,0,1,1,0,0,0,0,0,0,2,0,1,-1,-1,-1,-1,0,10,-1,1,1,3,-1,-1,-1,0,0,1,0,0,10,0,0,0,14.3
1,0,0,0,-1,0,1,2,0,0,0,0,3,0,1,1,-1,0,-1,0,2,3,0,8,10,0,9223372036800000000,1e+75,0,10,0,0,7,0,0,1,0,0,1,1,0,1,0,0,0,0,2,0,1,-1,-1,-1,-1,0,10,-1,1,1,3,-1,-1,1,0,0,1,0,0,10,0,0,0,12.61
1,0,0,0,-1,0,1,0,0,0,0,0,1,0,3,0,1,-1,-1,-1,1,3,0,4,10,0,9223372036800000000,10,0,10,0,0,7,0,0,1,0,0,0,1,0,0,0,0,0,3,2,0,1,-1,-1,-1,-1,0,10,-1,1,1,3,-1,-1,-1,0,0,1,0,0,10,0,0,0,22.63
1,0,0,0,-1,0,1,0,0,0,0,0,1,0,-1,1,2,1,0,0,-1,3,0,-1,150,0,9223372036800000000,1e+75,0,10,0,0,7,0,0,1,0,0,1,1,0,0,0,0,0,0,2,0,1,-1,-1,-1,-1,0,10,-1,1,1,3,-1,-1,-1,0,0,1,0,0,10,0,0,0,14.24
1,0,0,0,-1,0,1,2,0,0,0,0,-1,3,2,0,0,0,-1,0,0,3,0,16,200,0,9223372036800000000,20,0,10,0,0,7,0,0,1,0,0,3,1,0,2,0,0,0,1,2,0,1,-1,-1,-1,-1,-1,10,-1,1,1,3,-1,-1,-1,0,0,1,0,0,10,0,0,0,21.42
1,0,0,0,-1,0,1,0,0,0,0,0,2,1,3,-1,1,2,-1,2,1,10,0,16,400,0,9223372036800000000,120,0,10,0,0,7,0,0,1,0,0,0,1,2,0,0,0,1,4,2,0,1,-1,1,-1,-1,-1,10,-1,1,1,3,-1,-1,-1,0,0,1,0,0,10,-1,0,0,24.49
1,0,0,0,-1,0,1,2,0,0,0,0,-1,0,1,0,1,0,0,0,1,3,0,-1,200,0,9223372036800000000,1e+75,0,10,0,0,7,0,0,1,0,0,1,1,0,0,0,0,0,0,2,0,1,-1,-1,-1,-1,0,10,-1,1,1,3,-1,-1,-1,0,0,1,0,0,10,0,0,0,13.38
1,0,0,0,-1,0,1,4,0,0,0,0,0,0,0,0,-1,0,0,0,0,3,0,-1,150,0,9223372036800000000,1e+75,0,10,0,0,7,0,0,1,0,0,1,1,0,0,0,0,0,0,2,0,1,-1,-1,-1,-1,0,10,-1,1,1,3,-1,-1,-1,0,0,1,0,0,10,0,0,0,14.5
1,0,0,0,-1,0,1,3,0,0,0,0,-1,0,0,0,2,1,2,-1,2,3,0,-1,800,0,9223372036800000000,1e+75,0,10,0,0,7,0,0,1,0,0,1,1,0,0,0,0,0,0,2,0,1,-1,-1,-1,-1,0,10,-1,1,1,3,-1,-1,-1,0,0,1,0,0,10,0,0,0,15.73
1,0,0,0,-1,0,1,1,0,0,0,0,3,3,3,2,0,1,-1,-1,-1,1,0,16,800,0,9223372036800000000,5,0,10,0,0,7,0,0,1,0,0,1,1,3,0,0,0,3,1,2,0,1,-1,0,2,-1,0,10,-1,1,1,3,-1,-1,-1,0,0,1,0,0,10,4,0,0,28.05
1,0,0,0,-1,0,1,5,0,0,0,0,3,0,2,1,1,-1,2,0,1,3,0,-1,10,0,9223372036800000000,1e+75,0,10,0,0,7,0,0,1,0,0,1,1,0,1,0,0,0,0,2,0,1,-1,-1,-1,-1,0,10,-1,1,1,3,-1,-1,-1,0,0,1,0,0,10,0,0,0,19.97
1,0,0,0,-1,0,1,5,0,0,0,0,2,2,1,-1,-1,0,2,1,1,3,0,8,150,0,9223372036800000000,1,0,10,0,0,7,0,0,1,0,0,0,1,0,1,0,0,0,1,2,0,1,-1,-1,-1,-1,0,10,-1,1,1,3,-1,-1,-1,0,0,1,0,0,10,0,0,0,21.53
1,0,0,0,-1,0,1,0,0,0,0,0,2,0,0,0,-1,0,0,0,0,3,0,-1,150,0,9223372036800000000,1e+75,0,10,0,0,7,0,0,1,0,0,1,1,0,0,0,0,0,0,2,0,1,-1,-1,-1,-1,0,10,-1,1,1,3,-1,-1,-1,0,0,1,0,0,10,0,0,0,13.35
1,0,0,0,-1,0,1,1,0,0,0,0,-1,0,0,0,-1,0,0,0,1,3,0,-1,200,0,9223372036800000000,1e+75,0,10,0,0,7,0,0,1,0,0,1,1,0,0,0,0,0,0,2,0,1,-1,-1,-1,-1,0,10,-1,1,1,3,-1,-1,-1,0,0,1,0,0,10,0,0,0,23.47
1,0,0,0,-1,0,1,4,0,0,0,0,-1,0,1,2,0,1,-1,0,2,3,0,-1,800,0,9223372036800000000,1e+75,0,10,0,0,7,0,0,1,0,0,1,1,0,0,0,0,0,0,2,0,1,-1,-1,-1,-1,0,10,-1,1,1,3,-1,-1,-1,0,0,1,0,0,10,0,0,0,15.48
1,0,0,0,-1,0,1,5,0,0,0,0,3,3,1,2,1,0,2,2,0,5,0,1,50,0,9223372036800000000,20,0,10,0,0,7,0,0,1,0,0,1,1,2,3,0,0,3,0,2,0,1,-1,-1,3,-1,-1,10,-1,1,1,3,-1,-1,-1,0,0,1,0,0,10,1,0,0,46.82
1,0,0,0,-1,0,1,2,0,0,0,0,1,0,3,1,-1,-1,-1,0,2,3,0,-1,10,0,9223372036800000000,1e+75,0,10,0,0,7,0,0,1,0,0,1,1,0,0,0,0,0,0,2,0,1,-1,-1,-1,-1,0,10,-1,1,1,3,-1,-1,-1,0,0,1,0,0,10,0,0,0,21.71
1,0,0,0,-1,0,1,5,0,0,0,0,2,2,1,-1,2,0,2,1,0,3,0,8,150,0,9223372036800000000,1,0,10,0,0,7,0,0,1,0,0,0,1,0,1,0,0,0,1,2,0,1,-1,-1,-1,-1,0,10,-1,1,1,3,-1,-1,-1,0,0,1,0,0,10,0,0,0,21.73
1,0,0,0,-1,0,1,5,0,0,0,0,2,2,2,0,-1,2,1,-1,1,1,0,-1,150,0,9223372036800000000,1e+75,0,10,0,0,7,0,0,1,0,0,2,1,-1,-1,0,0,2,1,2,0,1,-1,-1,-1,-1,0,10,-1,1,1,3,-1,-1,-1,0,0,1,0,0,10,0,0,0,24.76
1,0,0,0,-1,0,1,1,0,0,0,0,1,0,2,-1,2,2,1,-1,-1,3,0,-1,100,0,9223372036800000000,1e+75,0,10,0,0,7,0,0,1,0,0,1,1,0,0,0,0,0,0,2,0,1,-1,-1,-1,-1,0,10,-1,1,1,3,-1,-1,-1,0,0,1,0,0,10,0,0,0,32.97
1,0,0,0,-1,0,1,4,0,0,0,0,0,1,0,2,2,2,1,0,2,5,0,-1,100,0,9223372036800000000,120,0,10,0,0,7,0,0,1,0,0,0,1,2,-1,0,0,2,0,2,0,1,-1,-1,1,-1,-1,10,-1,1,1,3,-1,-1,-1,0,0,1,0,0,10,1,0,0,19.62
1,0,0,0,-1,0,1,0,0,0,0,0,3,-1,1,-1,-1,-1,1,0,0,2,0,4,25,0,9223372036800000000,1e+75,0,10,0,0,7,0,0,1,0,0,1,1,1,1,0,0,2,1,2,0,1,-1,1,-1,-1,0,10,-1,1,1,3,-1,-1,-1,0,0,1,0,0,10,3,0,0,21.76
1,0,0,0,-1,0,1,0,0,0,0,0,1,0,1,2,-1,0,1,2,1,3,0,-1,25,0,9223372036800000000,1e+75,0,10,0,0,7,0,0,1,0,0,1,1,0,0,0,0,0,0,2,0,1,-1,-1,-1,-1,0,10,-1,1,1,3,-1,-1,-1,0,0,1,0,0,10,0,0,0,16.26
1,0,0,0,-1,0,1,5,0,0,0,0,1,0,0,0,2,-1,0,0,1,3,0,-1,50,0,9223372036800000000,1e+75,0,10,0,0,7,0,0,1,0,0,1,1,0,0,0,0,0,0,2,0,1,-1,-1,-1,-1,0,10,-1,1,1,3,-1,-1,-1,0,0,1,0,0,10,0,0,0,20.53
1,0,0,0,-1,0,1,5,0,0,0,0,2,2,2,0,-1,-1,1,-1,1,5,0,-1,150,0,9223372036800000000,1e+75,0,10,0,0,7,0,0,1,0,0,2,1,-1,-1,0,0,2,1,2,0,1,-1,-1,-1,-1,0,10,-1,1,1,3,-1,-1,-1,0,0,1,0,0,10,0,0,0,24.23
1,0,0,0,-1,0,1,0,0,0,0,0,0,3,0,1,0,2,-1,-1,2,3,0,8,800,0,9223372036800000000,10,0,10,0,0,7,0,0,1,0,0,1,1,0,-1,0,0,5,3,2,0,1,-1,-1,-1,-1,0,10,-1,1,1,3,-1,-1,-1,0,0,1,0,0,10,0,0,0,35.14
1,0,0,0,-1,0,1,0,0,0,0,0,3,0,2,0,2,2,2,-1,0,3,0,-1,800,0,9223372036800000000,1e+75,0,10,0,0,7,0,0,1,0,0,1,1,0,0,0,0,0,0,2,0,1,-1,-1,-1,-1,0,10,-1,1,1,3,-1,-1,-1,0,0,1,0,0,10,0,0,0,14.31
1,0,0,0,-1,0,1,0,0,0,0,0,1,0,2,0,1,2,2,-1,0,3,0,-1,25,0,9223372036800000000,1e+75,0,10,0,0,7,0,0,1,0,0,1,1,0,0,0,0,0,0,2,0,1,-1,-1,-1,-1,0,10,-1,1,1,3,-1,-1,-1,0,0,1,0,0,10,0,0,0,16.2
1,0,0,0,-1,0,1,2,0,0,0,0,3,0,1,1,-1,0,-1,0,2,3,0,-1,10,0,9223372036800000000,1e+75,0,10,0,0,7,0,2,1,0,0,1,1,0,1,0,0,0,0,2,0,1,-1,-1,-1,-1,0,10,-1,1,1,3,-1,-1,-1,0,0,1,0,0,10,0,0,0,15.35
1,0,0,0,-1,0,1,5,0,0,0,0,-1,0,2,2,0,1,0,0,1,3,0,-1,25,0,9223372036800000000,1e+75,0,10,0,0,7,0,0,1,0,0,1,1,0,0,0,0,0,0,2,0,1,-1,-1,-1,-1,0,10,-1,1,1,3,-1,-1,-1,0,0,1,0,0,10,0,0,0,22.24
1,0,0,0,-1,0,1,5,0,0,0,0,2,2,2,0,-1,2,1,-1,-1,5,0,-1,150,0,9223372036800000000,1e+75,0,10,0,0,7,0,0,1,0,0,2,1,0,-1,0,0,2,1,2,0,1,-1,-1,-1,-1,0,10,-1,1,1,3,-1,-1,-1,0,0,1,0,0,10,0,0,0,21.21
1,0,0,0,-1,0,1,0,0,0,0,0,0,0,0,1,-1,0,0,0,0,3,0,-1,150,0,9223372036800000000,1e+75,0,10,0,0,7,0,0,1,0,0,1,1,0,0,0,0,0,0,2,0,1,-1,-1,-1,-1,0,10,-1,1,1,3,-1,-1,-1,0,0,1,0,0,10,0,0,0,15.25
1,0,0,0,-1,0,1,5,0,0,0,0,2,2,1,-1,-1,0,2,1,0,3,0,8,150,0,9223372036800000000,1,0,10,0,0,7,0,0,1,0,0,2,1,0,1,0,0,0,1,2,0,1,-1,-1,-1,-1,0,10,-1,1,1,3,-1,-1,-1,0,0,1,0,0,10,0,0,0,23.85
1,0,0,0,-1,0,1,2,0,0,0,0,-1,-1,0,1,0,2,0,-1,1,3,0,8,25,0,9223372036800000000,2,0,10,0,0,7,0,0,1,0,0,3,1,1,1,0,0,2,4,2,0,1,-1,-1,-1,-1,-1,10,-1,1,1,3,-1,-1,-1,0,0,1,0,0,10,0,0,0,18.27
1,0,0,0,-1,0,1,0,0,0,0,0,1,-1,3,0,1,1,-1,-1,1,3,0,4,10,0,9223372036800000000,0,0,10,0,0,7,0,0,1,0,0,0,1,0,0,0,0,0,3,2,0,1,-1,-1,-1,-1,0,10,-1,1,1,3,-1,-1,-1,0,0,1,0,0,10,0,0,0,24.93
1,0,0,0,-1,0,1,2,0,0,0,0,3,0,1,1,-1,0,-1,0,2,3,0,8,10,0,9223372036800000000,1e+75,0,10,0,0,7,0,0,1,0,0,1,1,0,1,0,0,0,0,2,0,1,-1,-1,2,-1,0,10,-1,1,1,3,-1,-1,-1,0,0,1,0,0,10,0,0,0,12.31
1,0,0,0,-1,0,1,2,0,0,0,0,3,0,1,1,-1,0,-1,0,1,3,0,-1,10,0,9223372036800000000,1e+75,0,10,0,0,7,0,0,1,0,0,1,1,0,0,0,0,0,0,2,0,1,-1,-1,-1,-1,0,10,-1,1,1,3,-1,-1,-1,0,0,1,0,0,10,0,0,0,15.67
1,0,0,0,-1,0,1,5,0,0,0,0,1,-1,-1,-1,1,-1,0,2,0,3,0,2,800,0,9223372036800000000,10,0,10,0,0,7,0,0,1,0,0,1,1,0,-1,0,0,0,0,2,0,1,-1,-1,-1,-1,0,10,-1,1,1,3,-1,-1,-1,0,0,1,0,0,10,0,0,0,21.62
1,0,0,0,-1,0,1,5,0,0,0,0,2,-1,0,2,-1,0,1,0,-1,3,0,4,150,0,9223372036800000000,1e+75,0,10,0,0,7,0,0,1,0,0,1,1,0,2,0,0,0,4,2,0,1,-1,-1,-1,-1,0,10,-1,1,1,3,-1,-1,-1,0,0,1,0,0,10,0,0,0,20.3
1,0,0,0,-1,0,1,1,0,0,0,0,-1,0,-1,0,2,-1,2,0,-1,1,0,16,10,0,9223372036800000000,5,0,10,0,0,7,0,0,1,0,0,0,1,3,-1,0,0,5,2,2,0,1,-1,0,-1,-1,-1,10,-1,1,1,3,-1,-1,-1,0,0,1,0,0,10,1,0,0,34.17
1,0,0,0,-1,0,1,4,0,0,0,0,-1,0,1,2,0,1,-1,0,2,3,0,-1,100,0,9223372036800000000,1e+75,0,10,0,0,7,0,0,1,0,0,1,1,0,0,0,0,0,0,2,0,1,-1,-1,-1,-1,0,10,-1,1,1,3,-1,-1,-1,0,0,1,0,0,10,0,0,0,15.46
1,0,0,0,-1,0,1,2,0,0,0,0,0,0,2,1,-1,2,1,2,0,3,0,-1,800,0,9223372036800000000,1e+75,0,10,0,0,7,0,0,1,0,0,1,1,0,0,0,0,0,0,2,0,1,-1,-1,-1,-1,0,10,-1,1,1,3,-1,-1,-1,0,0,1,0,0,10,0,0,0,15.45
1,0,0,0,-1,0,1,2,0,0,0,0,-1,3,2,0,0,0,0,0,0,3,0,16,200,0,9223372036800000000,1,0,10,0,0,7,0,0,1,0,0,0,1,0,2,0,0,5,-1,2,0,1,-1,-1,-1,-1,-1,10,-1,1,1,3,-1,-1,-1,0,0,1,0,0,10,0,0,0,37.64
1,0,0,0,-1,0,1,1,0,0,0,0,-1,0,-1,0,0,-1,0,-1,1,3,0,-1,25,0,9223372036800000000,1e+75,0,10,0,0,7,0,0,1,0,0,1,1,0,0,0,0,0,0,2,0,1,-1,-1,-1,-1,0,10,-1,1,1,3,-1,-1,-1,0,0,1,0,0,10,0,0,0,22.65
1,0,0,0,-1,0,1,1,0,0,0,0,0,3,1,0,0,-1,0,-1,1,3,0,2,50,0,9223372036800000000,30,0,10,0,0,7,0,0,1,0,0,1,1,1,-1,0,0,0,3,2,0,1,-1,-1,1,-1,0,10,-1,1,1,3,-1,-1,-1,0,0,1,0,0,10,-1,0,0,22.86
1,0,0,0,-1,0,1,0,0,0,0,0,1,-1,-1,0,1,2,1,0,-1,3,0,4,150,0,9223372036800000000,40,0,10,0,0,7,0,0,1,0,0,2,1,0,2,0,0,0,-1,2,0,1,-1,-1,-1,-1,0,10,-1,1,1,3,-1,-1,-1,0,0,1,0,0,10,0,0,0,21.72
1,0,0,0,-1,0,1,0,0,0,0,0,3,0,1,-1,-1,-1,1,0,0,2,0,4,25,0,9223372036800000000,30,0,10,0,0,7,0,0,1,0,0,1,1,1,1,0,0,2,2,2,0,1,-1,1,-1,-1,0,10,-1,1,1,3,-1,-1,-1,0,0,1,0,0,10,3,0,0,18.21
1,0,0,0,-1,0,1,0,0,0,0,0,1,0,0,-1,-1,2,-1,1,-1,3,0,-1,25,0,9223372036800000000,1e+75,0,10,0,0,7,0,0,1,0,0,1,1,0,0,0,0,0,0,2,0,1,-1,-1,-1,-1,0,10,-1,1,1,3,-1,-1,-1,0,0,1,0,0,10,0,0,0,19.02
1,0,0,0,-1,0,1,5,0,0,0,0,0,0,1,1,2,-1,-1,0,-1,3,0,-1,200,0,9223372036800000000,1e+75,0,10,0,0,7,0,0,1,0,0,1,1,0,0,0,0,0,0,2,0,1,-1,-1,-1,-1,0,10,-1,1,1,3,-1,-1,-1,0,0,1,0,0,10,0,0,0,20.87
1,0,0,0,-1,0,1,3,0,0,0,0,0,0,1,-1,-1,1,1,2,2,3,0,-1,400,0,9223372036800000000,1e+75,0,10,0,0,7,0,0,1,0,0,1,1,0,1,0,0,0,0,2,0,1,-1,-1,-1,-1,0,10,-1,1,1,3,-1,-1,-1,0,0,1,0,0,10,0,0,0,19.44
1,0,0,0,-1,0,1,3,0,0,0,0,2,3,3,0,0,0,2,2,0,3,0,8,10,0,9223372036800000000,40,0,10,0,0,7,0,0,1,0,0,1,1,0,-1,0,0,0,4,2,0,1,-1,-1,-1,-1,0,10,-1,1,1,3,-1,-1,-1,0,0,1,0,0,10,0,0,0,15.78
1,0,0,0,-1,0,1,2,0,0,0,0,3,0,1,1,-1,0,-1,0,2,3,0,8,10,0,9223372036800000000,1e+75,0,10,0,0,7,0,0,1,0,0,1,1,0,1,0,0,3,0,2,0,1,-1,-1,-1,-1,0,10,-1,1,1,3,-1,-1,-1,0,0,1,0,0,10,0,0,0,24.59
1,0,0,0,-1,0,1,2,0,0,0,0,3,0,1,1,-1,0,-1,0,2,3,0,-1,200,0,9223372036800000000,1e+75,0,10,0,0,7,0,0,1,0,0,1,1,0,1,0,0,0,0,2,0,1,-1,-1,-1,-1,0,10,-1,1,1,3,-1,-1,-1,0,0,1,0,0,10,0,0,0,14.7
1,0,0,0,-1,0,1,2,0,0,0,0,1,-1,1,2,2,0,2,1,1,3,0,16,100,0,9223372036800000000,20,0,10,0,0,7,0,0,1,0,0,3,1,0,2,0,0,0,2,2,0,1,-1,-1,-1,-1,0,10,-1,1,1,3,-1,-1,-1,0,0,1,0,0,10,0,0,0,20.86
1,0,0,0,-1,0,1,5,0,0,0,0,2,3,0,2,-1,0,-1,0,-1,3,0,1,25,0,9223372036800000000,5,0,10,0,0,7,0,0,1,0,0,1,1,0,2,0,0,0,4,2,0,1,-1,-1,-1,-1,0,10,-1,1,1,3,-1,-1,-1,0,0,1,0,0,10,0,0,0,44.85
1,0,0,0,-1,0,1,2,0,0,0,0,1,0,-1,0,2,-1,0,0,1,3,0,-1,50,0,9223372036800000000,1e+75,0,10,0,0,7,0,0,1,0,0,1,1,0,0,0,0,0,0,2,0,1,-1,-1,-1,-1,0,10,-1,1,1,3,-1,-1,-1,0,0,1,0,0,10,0,0,0,13.63
1,0,0,0,-1,0,1,0,0,0,0,0,2,1,3,0,2,0,-1,-1,-1,3,0,-1,200,0,9223372036800000000,2,0,10,0,0,7,0,0,1,0,0,3,1,0,3,0,0,0,0,2,0,1,-1,-1,-1,-1,0,10,-1,1,1,3,-1,-1,-1,0,0,1,0,0,10,0,0,0,25.28
1,0,0,0,-1,0,1,5,0,0,0,0,1,0,0,0,2,2,2,1,-1,3,0,-1,25,0,9223372036800000000,1e+75,0,10,0,0,7,0,0,1,0,0,1,1,0,-1,0,0,0,0,2,0,1,-1,-1,-1,-1,0,10,-1,1,1,3,-1,-1,-1,0,0,1,0,0,10,0,0,0,18.05
1,0,0,0,-1,0,1,0,0,0,0,0,1,-1,-1,0,2,2,1,0,-1,3,0,4,150,0,9223372036800000000,40,0,10,0,0,7,0,0,1,0,0,2,1,0,1,0,0,0,-1,2,0,1,-1,-1,-1,-1,0,10,-1,1,1,3,-1,-1,-1,0,0,1,0,0,10,0,0,0,20.83
1,0,0,0,-1,0,1,2,0,0,0,0,1,0,3,1,2,-1,0,1,2,3,0,-1,10,0,9223372036800000000,1e+75,0,10,0,0,7,0,0,1,0,0,1,1,0,0,0,0,0,0,2,0,1,-1,-1,-1,-1,0,10,-1,1,1,3,-1,-1,-1,0,0,1,0,0,10,0,0,0,18.22
1,0,0,0,-1,0,1,4,0,0,0,0,-1,2,-1,0,0,-1,1,-1,-1,3,0,1,25,0,9223372036800000000,40,0,10,0,0,7,0,0,1,0,0,0,1,0,2,0,0,0,4,2,0,1,-1,-1,-1,-1,0,10,-1,1,1,3,-1,-1,-1,0,0,1,0,0,10,0,0,0,48.46
1,0,0,0,-1,0,1,2,0,0,0,0,3,0,1,1,-1,0,-1,0,2,3,0,-1,10,0,9223372036800000000,1e+75,0,10,0,0,7,0,0,1,0,0,1,1,0,1,0,0,0,4,2,0,1,-1,-1,-1,-1,0,10,-1,1,1,3,-1,-1,-1,0,0,1,0,0,10,0,0,0,14.45
1,0,0,0,-1,0,1,0,0,0,0,0,0,0,0,0,-1,0,0,1,0,3,0,-1,150,0,9223372036800000000,1e+75,0,10,0,0,7,0,0,1,0,0,1,1,0,0,0,0,0,0,2,0,1,-1,-1,-1,-1,0,10,-1,1,1,3,-1,-1,-1,0,0,1,0,0,10,0,0,0,13.82
1,0,0,0,-1,0,1,0,0,0,0,0,1,0,0,-1,2,-1,2,0,2,3,0,16,800,0,9223372036800000000,5,0,10,0,0,7,0,0,1,0,0,3,1,2,-1,0,0,2,3,2,0,1,-1,-1,-1,-1,-1,10,-1,1,1,3,-1,-1,-1,0,0,1,0,0,10,0,0,0,22.87
1,0,0,0,-1,0,1,0,0,0,0,0,1,0,1,2,-1,0,1,0,1,3,0,-1,800,0,9223372036800000000,1e+75,0,10,0,0,7,0,0,1,0,0,1,1,0,0,0,0,0,0,2,0,1,-1,-1,-1,-1,0,10,-1,1,1,3,-1,-1,-1,0,0,1,0,0,10,0,0,0,16.21
1,0,0,0,-1,0,1,2,0,0,0,0,-1,0,1,1,-1,0,-1,0,2,3,0,-1,10,0,9223372036800000000,1e+75,0,10,0,0,7,0,0,1,0,0,1,1,0,0,0,0,0,0,2,0,1,-1,-1,-1,-1,0,10,-1,1,1,3,-1,-1,-1,0,0,1,0,0,10,0,0,0,13.05
1,0,0,0,-1,0,1,2,0,0,0,0,1,0,2,-1,1,0,0,0,1,3,0,-1,50,0,9223372036800000000,1e+75,0,10,0,0,7,0,0,1,0,0,1,1,0,0,0,0,0,0,2,0,1,-1,-1,-1,-1,0,10,-1,1,1,3,-1,-1,-1,0,0,1,0,0,10,0,0,0,16.51
1,0,0,0,-1,0,1,5,0,0,0,0,3,-1,-1,-1,1,-1,0,2,0,3,0,4,800,0,9223372036800000000,10,0,10,0,0,7,0,0,1,0,0,1,1,0,-1,0,0,0,3,2,0,1,-1,-1,-1,-1,0,10,-1,1,1,3,-1,-1,-1,0,0,1,0,0,10,0,0,0,21.43
1,0,0,0,-1,0,1,3,0,0,0,0,1,0,0,0,2,-1,0,0,1,3,0,-1,50,0,9223372036800000000,1e+75,0,10,0,0,7,0,0,1,0,0,1,1,0,0,0,0,0,0,2,0,1,-1,-1,-1,-1,0,10,-1,1,1,3,-1,-1,-1,0,0,1,0,0,10,0,0,0,16.4
1,0,0,0,-1,0,1,0,0,0,0,0,1,2,-1,0,1,2,1,0,-1,3,0,4,150,0,9223372036800000000,40,0,10,0,0,7,0,0,1,0,0,2,1,0,1,0,0,0,-1,2,0,1,-1,-1,-1,-1,0,10,-1,1,1,3,-1,-1,-1,0,0,1,0,0,10,0,0,0,20.96
1,0,0,0,-1,0,1,0,0,0,0,0,0,3,0,1,0,2,-1,2,2,3,0,8,800,0,9223372036800000000,10,0,10,0,0,7,0,0,1,0,0,3,1,0,-1,0,0,4,3,2,0,1,-1,-1,-1,-1,0,10,-1,1,1,3,-1,-1,-1,0,0,1,0,0,10,0,0,0,26.02
1,0,0,0,-1,0,1,1,0,0,0,0,-1,0,0,-1,2,1,2,0,2,3,0,4,150,0,9223372036800000000,50,0,10,0,0,7,0,0,1,0,0,1,1,0,0,0,0,0,2,2,0,1,-1,-1,-1,-1,0,10,-1,1,1,3,-1,-1,-1,0,0,1,0,0,10,0,0,0,20.84
1,0,0,0,-1,0,1,4,0,0,0,0,-1,0,1,2,0,1,-1,0,2,3,0,-1,10,0,9223372036800000000,1e+75,0,10,0,0,7,0,0,1,0,0,1,1,0,0,0,0,0,0,2,0,1,-1,-1,-1,-1,0,10,-1,1,1,3,-1,-1,-1,0,0,1,0,0,10,0,0,0,16.94
1,0,0,0,-1,0,1,3,0,0,0,0,-1,0,0,0,-1,0,0,0,-1,3,0,-1,10,0,9223372036800000000,1e+75,0,10,0,0,7,0,0,1,0,0,1,1,0,0,0,0,0,0,2,0,1,-1,-1,-1,-1,0,10,-1,1,1,3,-1,-1,-1,0,0,1,0,0,10,0,0,0,17.81
1,0,0,0,-1,0,1,2,0,0,0,0,3,0,1,1,-1,-1,1,0,2,3,0,-1,10,0,9223372036800000000,1e+75,0,10,0,0,7,0,0,1,0,0,1,1,0,0,0,0,0,0,2,0,1,-1,-1,-1,-1,0,10,-1,1,1,3,-1,-1,-1,0,0,1,0,0,10,0,0,0,15.75
1,0,0,0,-1,0,1,0,0,0,0,0,1,0,-1,-1,1,2,-1,2,-1,3,0,-1,25,0,9223372036800000000,1e+75,0,10,0,0,7,0,0,1,0,0,1,1,0,0,0,0,0,0,2,0,1,-1,-1,-1,-1,0,10,-1,1,1,3,-1,-1,-1,0,0,1,0,0,10,0,0,0,19.46
1,0,0,0,-1,0,1,1,0,0,0,0,2,0,3,0,0,0,0,-1,1,3,0,-1,25,0,9223372036800000000,1e+75,0,10,0,0,7,0,0,1,0,0,1,1,0,0,0,0,0,0,2,0,1,-1,-1,-1,-1,0,10,-1,1,1,3,-1,-1,-1,0,0,1,0,0,10,0,0,0,22.96
1,0,0,0,-1,0,1,2,0,0,0,0,3,0,1,1,-1,0,-1,0,2,3,0,8,10,0,9223372036800000000,1e+75,0,10,0,0,7,0,0,1,0,0,1,1,0,1,0,0,0,0,2,0,1,-1,-1,-1,-1,0,10,-1,0,1,3,-1,-1,-1,0,0,1,0,0,10,0,0,0,26.85
1,0,0,0,-1,0,1,3,0,0,0,0,0,-1,2,2,1,1,2,1,1,3,0,8,400,0,9223372036800000000,30,0,10,0,0,7,0,0,1,0,0,2,1,3,-1,0,0,2,4,2,0,1,-1,-1,-1,-1,-1,10,-1,1,1,3,-1,-1,-1,0,0,1,0,0,10,0,0,0,19.58
1,0,0,0,-1,0,1,3,0,0,0,0,1,0,1,2,1,0,-1,0,1,3,0,-1,50,0,9223372036800000000,1e+75,0,10,0,0,7,0,0,1,0,0,1,1,0,0,0,0,0,0,2,0,1,-1,-1,-1,-1,0,10,-1,1,1,3,-1,-1,-1,0,0,1,0,0,10,0,0,0,17.48
1,0,0,0,-1,0,1,5,0,0,0,0,3,0,2,2,-1,0,2,-1,-1,3,0,-1,200,0,9223372036800000000,1e+75,0,10,0,0,7,0,0,1,0,0,1,1,0,1,0,0,0,0,2,0,1,-1,-1,-1,-1,0,10,-1,1,1,3,-1,-1,-1,0,0,1,0,0,10,0,0,0,17.29
1,0,0,0,-1,0,1,5,0,0,0,0,1,2,1,-1,-1,0,2,1,0,3,0,8,150,0,9223372036800000000,1,0,10,0,0,7,0,0,1,0,0,0,1,0,1,0,0,0,1,2,0,1,-1,-1,-1,-1,0,10,-1,1,1,3,-1,-1,-1,0,0,1,0,0,10,0,0,0,21.66
1,0,0,0,-1,0,1,0,0,0,0,0,-1,0,2,0,1,2,2,-1,0,3,0,-1,10,0,9223372036800000000,1e+75,0,10,0,0,7,0,0,1,0,0,1,1,0,0,0,0,0,0,2,0,1,-1,-1,-1,-1,0,10,-1,1,1,3,-1,-1,-1,0,0,1,0,0,10,0,0,0,15.53
1,0,0,0,-1,0,1,0,0,0,0,0,2,1,3,0,2,1,-1,-1,-1,3,0,-1,200,0,9223372036800000000,0,0,10,0,0,7,0,0,1,0,0,3,1,0,3,0,0,0,0,2,0,1,-1,-1,-1,-1,0,10,-1,1,1,3,-1,-1,-1,0,0,1,0,0,10,0,0,0,21.4
1,0,0,0,-1,0,1,1,0,0,0,0,1,0,-1,1,2,2,-1,0,-1,3,0,-1,150,0,9223372036800000000,1e+75,0,10,0,0,7,0,0,1,0,0,1,1,0,0,0,0,0,0,2,0,1,-1,-1,-1,-1,0,10,-1,1,1,3,-1,-1,-1,0,0,1,0,0,10,0,0,0,23.91
1,0,0,0,-1,0,1,0,0,0,0,0,-1,0,1,0,-1,2,2,0,0,3,0,-1,100,0,9223372036800000000,1e+75,0,10,0,0,7,0,0,1,0,0,1,1,-1,0,0,0,0,0,2,0,1,-1,-1,-1,-1,0,10,-1,1,1,3,-1,-1,-1,0,0,1,0,0,10,0,0,0,14.1
1,0,0,0,-1,0,1,0,0,0,0,0,1,0,1,2,0,-1,1,0,2,0,0,-1,400,0,9223372036800000000,20,0,10,0,0,7,0,0,1,0,0,2,1,2,1,0,0,1,1,2,0,1,-1,1,3,-1,-1,10,-1,1,1,3,-1,-1,-1,0,0,1,0,0,10,1,0,0,26.51
1,0,0,0,-1,0,1,2,0,0,0,0,3,0,1,1,2,0,-1,0,2,3,0,-1,10,0,9223372036800000000,1e+75,0,10,0,0,7,0,0,1,0,0,1,1,0,0,0,0,0,0,2,0,1,-1,-1,-1,-1,0,10,-1,1,1,3,-1,-1,-1,0,0,1,0,0,10,0,0,0,13.14
1,0,0,0,-1,0,1,0,0,0,0,0,-1,0,0,0,-1,0,2,0,0,3,0,-1,100,0,9223372036800000000,1e+75,0,10,0,0,7,0,0,1,0,0,1,1,0,0,0,0,0,3,2,0,1,-1,-1,-1,-1,0,10,-1,1,1,3,-1,-1,-1,0,0,1,0,0,10,0,0,0,20.69
1,0,0,0,-1,0,1,2,0,0,0,0,3,0,1,1,-1,2,-1,0,2,3,0,-1,10,0,9223372036800000000,1e+75,0,10,0,0,7,0,0,1,0,0,1,1,0,1,0,0,0,0,2,0,1,-1,-1,-1,-1,0,10,-1,1,1,3,-1,-1,-1,0,0,1,0,0,10,0,0,0,15.95
1,0,0,0,-1,0,1,5,0,0,0,0,3,0,0,2,2,-1,-1,0,-1,3,0,-1,200,0,9223372036800000000,1e+75,0,10,0,0,7,0,0,1,0,0,1,1,0,0,0,0,0,0,2,0,1,-1,-1,-1,-1,0,10,-1,1,1,3,-1,-1,-1,0,0,1,0,0,10,0,0,0,19.11
1,0,0,0,-1,0,1,3,0,0,0,0,-1,3,-1,2,0,2,-1,-1,-1,10,0,16,50,0,9223372036800000000,240,0,10,0,0,7,0,0,1,0,0,2,1,2,3,0,0,2,4,2,0,1,-1,1,0,-1,1,10,-1,1,1,3,-1,-1,-1,0,0,1,0,0,10,4,0,0,21.43
1,0,0,0,-1,0,1,2,0,0,0,0,3,0,-1,1,-1,0,-1,0,2,3,0,1,10,0,9223372036800000000,1e+75,0,10,0,0,7,0,0,1,0,0,1,1,0,1,0,0,0,0,2,0,1,-1,-1,-1,-1,0,10,-1,1,1,3,-1,-1,-1,0,0,1,0,0,10,0,0,0,38.42
1,0,0,0,-1,0,1,0,0,0,0,0,1,0,1,-1,2,0,2,-1,1,3,0,-1,150,0,9223372036800000000,1e+75,0,10,0,0,7,0,0,1,0,0,1,1,0,0,0,0,0,0,2,0,1,-1,-1,-1,-1,0,10,-1,1,1,3,-1,-1,-1,0,0,1,0,0,10,0,0,0,26.77
1,0,0,0,-1,0,1,4,0,0,0,0,2,1,2,0,2,2,2,2,0,3,0,8,800,0,9223372036800000000,5,0,10,0,0,7,0,0,1,0,0,1,1,3,0,0,0,3,4,2,0,1,-1,-1,-1,-1,-1,10,-1,1,1,3,-1,-1,-1,0,0,1,0,0,10,0,0,0,23.47
1,0,0,0,-1,0,1,2,0,0,0,0,3,0,1,1,-1,0,-1,1,2,3,0,-1,10,0,9223372036800000000,1e+75,0,10,0,0,7,0,0,1,0,0,1,1,0,1,0,0,0,0,2,0,1,-1,-1,-1,-1,0,10,-1,1,1,3,-1,-1,-1,0,0,1,0,0,10,0,0,0,15.13
1,0,0,0,-1,0,1,5,0,0,0,0,2,0,-1,2,0,1,1,1,2,3,0,-1,50,0,9223372036800000000,1e+75,0,10,0,0,7,0,0,1,0,0,1,1,0,0,0,0,0,0,2,0,1,-1,-1,-1,-1,0,10,-1,1,1,3,-1,-1,-1,0,0,1,0,0,10,0,0,0,17.24
1,0,0,0,-1,0,1,5,0,0,0,0,2,-1,0,2,-1,0,-1,0,-1,3,0,4,25,0,9223372036800000000,5,0,10,0,0,7,0,0,1,0,0,1,1,0,2,0,0,0,4,2,0,1,-1,-1,-1,-1,0,10,-1,1,1,3,-1,-1,-1,0,0,1,0,0,10,0,0,0,22.38
1,0,0,0,-1,0,1,0,0,0,0,0,1,-1,-1,0,1,2,1,0,-1,3,0,4,150,0,9223372036800000000,40,0,10,0,0,7,0,0,1,0,0,2,1,0,0,0,0,0,-1,2,0,1,-1,-1,-1,-1,0,10,-1,1,1,3,-1,-1,-1,0,0,1,0,0,10,0,0,0,21.26
1,0,0,0,-1,0,1,2,0,0,0,0,3,0,1,1,-1,0,-1,0,2,3,0,-1,10,0,9223372036800000000,1e+75,0,10,0,0,7,0,0,1,0,0,0,1,0,1,0,0,0,0,2,0,1,-1,-1,-1,-1,0,10,-1,1,1,3,-1,-1,-1,0,0,1,0,0,10,0,0,0,20.77
1,0,0,0,-1,0,1,0,0,0,0,0,-1,0,1,2,0,1,-1,0,2,3,0,-1,100,0,9223372036800000000,1e+75,0,10,0,0,7,0,0,1,0,0,1,1,0,0,0,0,0,0,2,0,1,-1,-1,-1,-1,0,10,-1,1,1,3,-1,-1,-1,0,0,1,0,0,10,0,0,0,16.37
1,0,0,0,-1,0,1,2,0,0,0,0,1,0,-1,1,-1,-1,-1,1,2,3,0,-1,10,0,9223372036800000000,1e+75,0,10,0,0,7,0,0,1,0,0,1,1,0,0,0,0,0,0,2,0,1,-1,-1,-1,-1,0,10,-1,1,1,3,-1,-1,-1,0,0,1,0,0,10,0,0,0,16.63
1,0,0,0,-1,0,1,0,0,0,0,0,-1,0,0,0,-1,0,0,0,0,3,0,-1,50,0,9223372036800000000,1e+75,0,10,0,0,7,0,0,1,0,0,1,1,0,0,0,0,0,0,2,0,1,-1,-1,-1,-1,0,10,-1,1,1,3,-1,-1,-1,0,0,1,0,0,10,0,0,0,13.32
1,0,0,0,-1,0,1,5,0,0,0,0,1,-1,3,1,0,-1,2,0,-1,3,0,-1,150,0,9223372036800000000,60,0,10,0,0,7,0,0,1,0,0,1,1,0,0,0,0,0,0,2,0,1,-1,-1,-1,-1,0,10,-1,1,1,3,-1,-1,-1,0,0,1,0,0,10,0,0,0,20.87
1,0,0,0,-1,0,1,1,0,0,0,0,-1,1,0,-1,2,1,2,0,0,3,0,4,800,0,9223372036800000000,50,0,10,0,0,7,0,0,1,0,0,1,1,0,0,0,0,0,4,2,0,1,-1,-1,-1,-1,0,10,-1,1,1,3,-1,-1,-1,0,0,1,0,0,10,0,0,0,22.52
1,0,0,0,-1,0,1,5,0,0,0,0,0,2,3,-1,1,0,1,-1,-1,3,0,16,200,0,9223372036800000000,240,0,10,0,0,7,0,0,1,0,0,1,1,-1,2,0,0,0,2,2,0,1,-1,-1,-1,-1,-1,10,-1,1,1,3,-1,-1,-1,0,0,1,0,0,10,0,0,0,29.31
1,0,0,0,-1,0,1,3,0,0,0,0,1,0,1,0,0,2,-1,-1,1,3,0,-1,100,0,9223372036800000000,1e+75,0,10,0,0,7,0,0,1,0,0,1,1,0,0,0,0,0,0,2,0,1,-1,-1,-1,-1,0,10,-1,1,1,3,-1,-1,-1,0,0,1,0,0,10,0,0,0,15.43
1,0,0,0,-1,0,1,1,0,0,0,0,-1,1,0,-1,2,1,2,0,0,3,0,4,150,0,9223372036800000000,50,0,10,0,0,7,0,0,1,0,0,1,1,0,-1,0,0,0,4,2,0,1,-1,-1,-1,-1,0,10,-1,1,1,3,-1,-1,-1,0,0,1,0,0,10,0,0,0,23.3
1,0,0,0,-1,0,1,5,0,0,0,0,2,2,2,0,-1,2,1,-1,-1,5,0,-1,150,0,9223372036800000000,240,0,10,0,0,7,0,0,1,0,0,2,1,-1,-1,0,0,2,1,2,0,1,-1,-1,-1,-1,0,10,-1,1,1,3,-1,-1,-1,0,0,1,0,0,10,0,0,0,21.21
1,0,0,0,-1,0,1,5,0,0,0,0,2,2,1,-1,-1,0,2,1,0,3,0,8,150,0,9223372036800000000,1,0,10,0,0,7,0,0,1,0,0,0,1,0,1,0,0,0,1,2,0,1,-1,-1,-1,-1,0,10,-1,1,1,3,-1,-1,-1,0,0,1,0,0,10,0,0,0,21.53
1,0,0,0,-1,0,1,1,0,0,0,0,0,0,0,0,-1,0,0,0,0,3,0,-1,150,0,9223372036800000000,1e+75,0,10,0,0,7,0,0,1,0,0,1,1,0,0,0,0,0,0,2,0,1,-1,-1,-1,-1,0,10,-1,1,1,3,-1,-1,-1,0,0,1,0,0,10,0,0,0,23.47
1,0,0,0,-1,0,1,5,0,0,0,0,-1,0,3,0,2,0,0,1,0,3,0,-1,800,0,9223372036800000000,1e+75,0,10,0,0,7,0,0,1,0,0,1,1,0,0,0,0,0,0,2,0,1,-1,-1,-1,-1,0,10,-1,1,1,3,-1,-1,-1,0,0,1,0,0,10,0,0,0,20.65
1,0,0,0,-1,0,1,5,0,0,0,0,3,3,1,2,1,0,2,2,0,5,0,8,100,0,9223372036800000000,20,0,10,0,0,7,0,0,1,0,0,1,1,2,3,0,0,3,0,2,0,1,-1,-1,3,-1,-1,10,-1,1,1,3,-1,-1,-1,0,0,1,0,0,10,1,0,0,25.14
1,0,0,0,-1,0,1,2,0,0,0,0,1,0,1,0,2,-1,0,0,1,3,0,-1,50,0,9223372036800000000,1e+75,0,10,0,0,7,0,0,1,0,0,1,1,0,0,0,0,0,0,2,0,1,-1,-1,-1,-1,0,10,-1,1,1,3,-1,-1,-1,0,0,1,0,0,10,0,0,0,13.68
1,0,0,0,-1,0,1,4,0,0,0,0,-1,0,3,1,2,-1,2,0,1,3,0,2,150,0,9223372036800000000,240,0,10,0,0,7,0,0,1,0,0,2,1,0,3,0,0,0,0,2,0,1,-1,-1,-1,-1,0,10,-1,1,1,3,-1,-1,-1,0,0,1,0,0,10,0,0,0,22.2
1,0,0,0,-1,0,1,0,0,0,0,0,-1,3,-1,2,2,0,1,1,1,3,0,8,800,0,9223372036800000000,240,0,10,0,0,7,0,0,1,0,0,1,1,0,2,0,0,0,0,2,0,1,-1,-1,-1,-1,0,10,-1,1,1,3,-1,-1,-1,0,0,1,0,0,10,0,0,0,15.05
1,0,0,0,-1,0,1,1,0,0,0,0,2,0,3,0,0,-1,0,-1,1,3,0,-1,25,0,9223372036800000000,1e+75,0,10,0,0,7,0,0,1,0,0,1,1,0,0,0,0,0,0,2,0,1,-1,-1,-1,-1,0,10,-1,1,1,3,-1,-1,-1,0,0,1,0,0,10,0,0,0,22.92
1,0,0,0,-1,0,1,5,0,0,0,0,2,1,2,2,-1,0,1,0,2,3,0,16,150,0,9223372036800000000,1e+75,0,10,0,0,7,0,0,1,0,0,2,1,0,3,0,0,0,1,2,0,1,-1,-1,-1,-1,0,10,-1,1,1,3,-1,-1,-1,0,0,1,0,0,10,0,0,0,22.65
1,0,0,0,-1,0,1,2,0,0,0,0,-1,3,2,0,0,0,-1,0,0,3,0,8,200,0,9223372036800000000,1,0,10,0,0,7,0,0,1,0,0,3,1,0,2,0,0,0,1,2,0,1,-1,-1,-1,-1,-1,10,-1,1,1,3,-1,-1,-1,0,0,1,0,0,10,0,0,0,21.42
1,0,0,0,-1,0,1,4,0,0,0,0,2,-1,3,1,0,1,2,1,1,3,0,8,150,0,9223372036800000000,10,0,10,0,0,7,0,0,1,0,0,0,1,2,2,0,0,5,4,2,0,1,-1,-1,-1,-1,0,10,-1,1,1,3,-1,-1,-1,0,0,1,0,0,10,0,0,0,38.05
1,0,0,0,-1,0,1,0,0,0,0,0,1,0,-1,-1,-1,2,-1,2,-1,3,0,-1,10,0,9223372036800000000,1e+75,0,10,0,0,7,0,0,1,0,0,1,1,0,0,0,0,0,0,2,0,1,-1,-1,-1,-1,0,10,-1,1,1,3,-1,-1,-1,0,0,1,0,0,10,0,0,0,19.85
1,0,0,0,-1,0,1,0,0,0,0,0,-1,-1,0,2,-1,0,1,0,-1,3,0,4,150,0,9223372036800000000,240,0,10,0,0,7,0,0,1,0,0,1,1,0,2,0,0,0,4,2,0,1,-1,-1,-1,-1,0,10,-1,1,1,3,-1,-1,-1,0,0,1,0,0,10,0,0,0,18.85
1,0,0,0,-1,0,1,2,0,0,0,0,1,0,2,2,1,0,0,0,1,3,0,-1,200,0,9223372036800000000,1e+75,0,10,0,0,7,0,0,1,0,0,1,1,0,0,0,0,0,0,2,0,1,-1,-1,-1,-1,0,10,-1,1,1,3,-1,-1,-1,0,0,1,0,0,10,0,0,0,15.03
1,0,0,0,-1,0,1,3,0,0,0,0,1,0,1,1,-1,2,1,2,0,3,0,-1,800,0,9223372036800000000,1e+75,0,10,0,0,7,0,0,1,0,0,1,1,0,0,0,0,0,0,2,0,1,-1,-1,-1,-1,0,10,-1,1,1,3,-1,-1,-1,0,0,1,0,0,10,0,0,0,20.95
1,0,0,0,-1,0,1,4,0,0,0,0,0,2,3,1,0,-1,2,0,1,3,0,2,25,0,9223372036800000000,5,0,10,0,0,7,0,0,1,0,0,1,1,-1,1,0,0,0,4,2,0,1,-1,-1,-1,-1,-1,10,-1,1,1,3,-1,-1,-1,0,0,1,0,0,10,0,0,0,20.61
1,0,0,0,-1,0,1,4,0,0,0,0,-1,0,1,-1,2,2,-1,0,-1,3,0,-1,200,0,9223372036800000000,1e+75,0,10,0,0,7,0,0,1,0,0,1,1,0,0,0,0,0,0,2,0,1,-1,-1,-1,-1,0,10,-1,1,1,3,-1,-1,-1,0,0,1,0,0,10,0,0,0,19.15
1,0,0,0,-1,0,1,2,0,0,0,0,1,0,1,1,-1,0,-1,0,2,3,0,-1,10,0,9223372036800000000,1e+75,0,10,0,0,7,0,0,1,0,0,1,1,0,0,0,0,0,0,2,0,1,-1,-1,-1,-1,0,10,-1,1,1,3,-1,-1,-1,0,0,1,0,0,10,0,0,0,13.05
1,0,0,0,-1,0,1,2,0,1,0,0,3,0,1,1,-1,0,-1,0,2,3,0,8,10,0,9223372036800000000,1e+75,0,10,0,0,7,0,0,1,0,0,1,1,0,1,0,0,0,0,2,0,1,-1,-1,-1,-1,0,10,-1,1,1,3,-1,-1,-1,0,0,1,0,0,10,0,0,0,14.58
1,0,0,0,-1,0,1,2,0,0,0,0,3,0,1,1,-1,0,-1,0,2,3,0,8,10,0,9223372036800000000,1e+75,0,10,0,0,7,0,0,1,0,0,1,1,0,1,0,0,0,0,2,0,1,-1,-1,-1,-1,0,10,-1,1,1,3,-1,-1,-1,0,0,1,0,0,10,3,0,0,12.45
1,0,0,0,-1,0,1,2,0,0,0,0,3,0,-1,1,-1,0,-1,0,2,3,0,-1,10,0,9223372036800000000,1e+75,0,10,0,0,7,0,0,1,0,0,1,1,0,1,0,0,0,0,2,0,1,-1,-1,-1,-1,0,10,-1,1,1,3,-1,-1,-1,0,0,1,0,0,10,0,0,0,12.42
1,0,0,0,-1,0,1,0,0,0,0,0,0,0,2,0,1,0,2,-1,-1,3,0,-1,25,0,9223372036800000000,1e+75,0,10,0,0,7,0,0,1,0,0,1,1,0,0,0,0,0,0,2,0,1,-1,-1,-1,-1,0,10,-1,1,1,3,-1,-1,-1,0,0,1,0,0,10,0,0,0,13.26
1,0,0,0,-1,0,1,0,0,0,0,0,2,1,0,2,0,2,2,0,2,5,0,-1,800,0,9223372036800000000,120,0,10,0,0,7,0,0,1,0,0,1,1,2,2,0,0,2,0,2,0,1,-1,-1,1,-1,-1,10,-1,1,1,3,-1,-1,-1,0,0,1,0,0,10,1,0,0,15.92
1,0,0,0,-1,0,1,3,0,0,0,0,1,1,0,2,0,2,2,2,1,3,0,1,10,0,9223372036800000000,2,0,10,0,0,7,0,0,1,0,0,1,1,3,0,0,0,5,-1,2,0,1,-1,-1,-1,-1,0,10,-1,1,1,3,-1,-1,-1,0,0,1,0,0,10,0,0,0,49.86
1,0,0,0,-1,0,1,3,0,0,0,0,2,0,1,2,1,0,1,2,-1,3,0,-1,50,0,9223372036800000000,1e+75,0,10,0,0,7,0,0,1,0,0,1,1,0,0,0,0,0,0,2,0,1,-1,-1,-1,-1,0,10,-1,1,1,3,-1,-1,-1,0,0,1,0,0,10,0,0,0,15.17
1,0,0,0,-1,0,1,0,0,0,0,0,1,0,-1,1,2,1,0,0,0,3,0,-1,100,0,9223372036800000000,1e+75,0,10,0,0,7,0,0,1,0,0,1,1,0,0,0,0,0,0,2,0,1,-1,-1,-1,-1,0,10,-1,1,1,3,-1,-1,-1,0,0,1,0,0,10,0,0,0,14.59
1,0,0,0,-1,0,1,2,0,0,0,0,3,0,-1,1,-1,0,-1,0,2,3,0,8,10,0,9223372036800000000,40,0,10,0,0,7,0,0,1,0,0,1,1,0,1,0,0,0,0,2,0,1,-1,-1,-1,-1,0,10,-1,1,1,3,-1,-1,-1,0,0,1,0,0,10,0,0,0,12.39
1,0,0,0,-1,0,1,3,0,0,0,0,0,3,1,2,-1,1,0,-1,1,3,0,16,400,0,9223372036800000000,40,0,10,0,0,7,0,0,1,0,0,3,1,0,1,0,0,0,2,2,0,1,-1,-1,-1,-1,0,10,-1,1,1,3,-1,-1,-1,0,0,1,0,0,10,0,0,0,18.65
1,0,0,0,-1,0,1,0,0,0,0,0,-1,3,-1,2,2,0,2,1,1,3,0,8,400,0,9223372036800000000,240,0,10,0,0,7,0,0,1,0,0,0,1,0,3,0,0,0,0,2,0,1,-1,-1,-1,-1,0,10,-1,1,1,3,-1,-1,-1,0,0,1,0,0,10,0,0,0,20.78
1,0,0,0,-1,0,1,5,0,0,0,0,0,-1,3,2,0,1,-1,-1,-1,10,0,16,400,0,9223372036800000000,60,0,10,0,0,7,0,0,1,0,0,1,1,-1,2,0,0,3,2,2,0,1,-1,-1,3,-1,1,10,-1,1,1,3,-1,-1,-1,0,0,1,0,0,10,1,0,0,24.03
1,0,0,0,-1,0,1,0,0,0,0,0,0,0,0,0,-1,0,0,0,0,3,0,-1,200,0,9223372036800000000,1e+75,0,10,0,0,7,0,0,1,0,0,1,1,0,0,0,0,0,0,2,0,1,-1,-1,-1,-1,0,10,-1,1,1,3,-1,-1,-1,0,0,1,0,0,10,0,0,0,13.13
1,0,0,0,-1,0,1,2,0,0,0,0,1,0,2,2,1,0,0,1,1,3,0,-1,50,0,9223372036800000000,1e+75,0,10,0,0,7,0,0,1,0,0,1,1,0,0,0,0,0,0,2,0,1,-1,-1,-1,-1,0,10,-1,1,1,3,-1,-1,-1,0,0,1,0,0,10,0,0,0,14.45
1,0,0,0,-1,0,1,2,0,0,0,0,3,0,1,1,-1,0,-1,0,2,3,0,-1,10,0,9223372036800000000,1e+75,0,10,0,0,7,0,0,1,0,0,1,1,0,1,0,0,3,0,2,0,1,-1,-1,-1,-1,0,10,-1,1,1,3,-1,-1,-1,0,0,1,0,0,10,0,0,0,24.46
1,0,0,0,-1,0,1,0,0,0,0,0,1,0,3,0,1,-1,-1,-1,1,3,0,4,10,0,9223372036800000000,0,0,10,0,0,7,0,0,1,0,0,0,1,0,0,0,0,0,4,2,0,1,-1,-1,-1,-1,0,10,-1,1,1,3,-1,-1,-1,0,0,1,0,0,10,0,0,0,22.78
1,0,0,0,-1,0,1,5,0,0,0,0,3,0,-1,2,0,1,1,2,2,3,0,-1,50,0,9223372036800000000,1e+75,0,10,0,0,7,0,0,1,0,0,1,1,0,0,0,0,0,0,2,0,1,-1,-1,-1,-1,0,10,-1,1,1,3,-1,-1,-1,0,0,1,0,0,10,0,0,0,19.84
1,0,0,0,-1,0,1,0,0,0,0,0,1,3,-1,-1,-1,-1,-1,2,2,5,0,8,800,0,9223372036800000000,20,0,10,0,0,7,0,0,1,0,0,1,1,1,3,0,0,2,-1,2,0,1,-1,0,2,-1,0,10,-1,1,1,3,-1,-1,-1,0,0,1,0,0,10,-1,0,0,22.93
1,0,0,0,-1,0,1,1,0,0,0,0,-1,1,0,-1,2,1,2,0,0,3,0,4,150,0,9223372036800000000,60,0,10,0,0,7,0,0,1,0,0,1,1,0,0,0,0,0,4,2,0,1,-1,-1,-1,-1,0,10,-1,1,1,3,-1,-1,-1,0,0,1,0,0,10,0,0,0,22.52
1,0,0,0,-1,0,1,0,0,0,0,0,1,0,0,0,2,-1,0,-1,1,3,0,-1,50,0,9223372036800000000,1e+75,0,10,0,0,7,0,0,1,0,0,1,1,0,0,0,0,0,0,2,0,1,-1,-1,-1,-1,0,10,-1,1,1,3,-1,-1,-1,0,0,1,0,0,10,0,0,0,17.61
1,0,0,0,-1,0,1,0,0,0,0,0,1,0,1,1,2,0,-1,-1,2,3,0,-1,150,0,9223372036800000000,1e+75,0,10,0,0,7,0,0,1,0,0,1,1,0,0,0,0,0,0,2,0,1,-1,-1,-1,-1,0,10,-1,1,1,3,-1,-1,-1,0,0,1,0,0,10,0,0,0,15.67
1,0,0,0,-1,0,1,4,0,0,0,0,0,0,1,2,2,-1,-1,0,-1,3,0,-1,200,0,9223372036800000000,1e+75,0,10,0,0,7,0,0,1,0,0,1,1,0,0,0,0,0,0,2,0,1,-1,-1,-1,-1,0,10,-1,1,1,3,-1,-1,-1,0,0,1,0,0,10,0,0,0,17.42
1,0,0,0,-1,0,1,2,0,0,0,0,3,0,0,0,2,2,1,-1,-1,3,0,-1,100,0,9223372036800000000,1e+75,0,10,0,0,7,0,0,1,0,0,1,1,0,0,0,0,0,0,2,0,1,-1,-1,-1,-1,0,10,-1,1,1,3,-1,-1,-1,0,0,1,0,0,10,0,0,0,16.6
1,0,0,0,-1,0,1,3,0,0,0,0,-1,0,0,0,-1,0,0,0,2,3,0,-1,50,0,9223372036800000000,1e+75,0,10,0,0,7,0,0,1,0,0,1,1,0,0,0,0,0,0,2,0,1,-1,-1,-1,-1,0,10,-1,1,1,3,-1,-1,-1,0,0,1,0,0,10,0,0,0,16.01
1,0,0,0,-1,0,1,4,0,0,0,0,0,0,3,2,2,-1,-1,0,-1,3,0,-1,200,0,9223372036800000000,1e+75,0,10,0,0,7,0,0,1,0,0,1,1,0,0,0,0,0,0,2,0,1,-1,-1,-1,-1,0,10,-1,1,1,3,-1,-1,-1,0,0,1,0,0,10,0,0,0,22.94
1,0,0,0,-1,0,1,5,0,0,0,0,3,3,1,2,1,-1,2,2,0,5,0,8,25,0,9223372036800000000,40,0,10,0,0,7,0,0,1,0,0,1,1,2,3,0,0,3,0,2,0,1,-1,-1,3,-1,-1,10,-1,1,1,3,-1,-1,-1,0,0,1,0,0,10,1,0,0,23.29
1,0,0,0,-1,0,1,0,0,0,0,0,-1,0,2,0,0,2,1,-1,0,1,0,4,10,0,9223372036800000000,240,0,10,0,0,7,0,0,1,0,0,3,1,1,1,0,0,0,3,2,0,1,-1,-1,0,-1,1,10,-1,1,1,3,-1,-1,-1,0,0,1,0,0,10,3,0,0,22.53
1,0,0,0,-1,0,1,4,0,0,0,0,3,0,2,0,2,2,2,-1,0,3,0,-1,100,0,9223372036800000000,1e+75,0,10,0,0,7,0,0,1,0,0,1,1,0,0,0,0,0,0,2,0,1,-1,-1,-1,-1,0,10,-1,1,1,3,-1,-1,-1,0,0,1,0,0,10,0,0,0,14.43
1,0,0,0,-1,0,1,2,0,0,0,0,1,0,2,2,1,0,0,0,-1,3,0,-1,50,0,9223372036800000000,1e+75,0,10,0,0,7,0,0,1,0,0,1,1,0,0,0,0,0,0,2,0,1,-1,-1,-1,-1,0,10,-1,1,1,3,-1,-1,-1,0,0,1,0,0,10,0,0,0,13.94
1,0,0,0,-1,0,1,2,0,0,0,0,3,0,1,1,-1,0,2,0,2,3,0,-1,10,0,9223372036800000000,1e+75,0,10,0,0,7,0,0,1,0,0,1,1,0,0,0,0,0,0,2,0,1,-1,-1,-1,-1,0,10,-1,1,1,3,-1,-1,-1,0,0,1,0,0,10,0,0,0,14.78
1,0,0,0,-1,0,1,5,0,0,0,0,-1,0,2,0,2,1,2,-1,2,3,0,-1,100,0,9223372036800000000,1e+75,0,10,0,0,7,0,0,1,0,0,1,1,0,0,0,0,0,0,2,0,1,-1,-1,-1,-1,0,10,-1,1,1,3,-1,-1,-1,0,0,1,0,0,10,0,0,0,18.69
1,0,0,0,-1,0,1,2,0,0,0,0,1,3,3,2,1,2,0,-1,-1,3,0,8,200,0,9223372036800000000,40,0,10,0,0,7,0,0,1,0,0,1,1,0,0,0,0,0,1,2,0,1,-1,-1,-1,-1,-1,10,-1,1,1,3,-1,-1,-1,0,0,1,0,0,10,0,0,0,22.8
1,0,0,0,-1,0,1,2,0,0,0,0,-1,0,0,0,-1,0,0,0,1,3,0,-1,50,0,9223372036800000000,1e+75,0,10,0,0,7,0,0,1,0,0,1,1,0,0,0,0,0,0,2,0,1,-1,-1,-1,-1,0,10,-1,1,1,3,-1,-1,-1,0,0,1,0,0,10,0,0,0,14.24
1,0,0,0,-1,0,1,2,0,0,0,0,0,0,2,1,0,-1,2,-1,0,3,0,-1,800,0,9223372036800000000,1e+75,0,10,0,0,7,0,0,1,0,0,1,1,0,3,0,0,0,0,2,0,1,-1,-1,-1,-1,0,10,-1,1,1,3,-1,-1,-1,0,0,1,0,0,10,0,0,0,14.54
1,0,0,0,-1,0,1,4,0,0,0,0,2,-1,3,1,-1,1,2,1,1,3,0,8,150,0,9223372036800000000,10,0,10,0,0,7,0,0,1,0,0,2,1,2,2,0,0,5,4,2,0,1,-1,-1,-1,-1,0,10,-1,1,1,3,-1,-1,-1,0,0,1,0,0,10,0,0,0,29.78
1,0,0,0,-1,0,1,4,0,0,0,0,3,0,1,2,2,-1,-1,0,-1,3,0,-1,200,0,9223372036800000000,1e+75,0,10,0,0,7,0,0,1,0,0,1,1,0,0,0,0,0,0,2,0,1,-1,-1,-1,-1,0,10,-1,1,1,3,-1,-1,-1,0,0,1,0,0,10,0,0,0,17.36
1,0,0,0,-1,0,1,2,0,0,0,0,1,-1,1,2,2,0,2,1,1,3,0,16,100,0,9223372036800000000,20,0,10,0,0,7,0,0,1,0,0,1,1,0,2,0,0,0,3,2,0,1,-1,-1,-1,-1,0,10,-1,1,1,3,-1,-1,-1,0,0,1,0,0,10,0,0,0,18.75
1,0,0,0,-1,0,1,0,0,0,0,0,3,0,1,-1,-1,-1,1,0,0,2,0,4,25,0,9223372036800000000,30,0,10,0,0,7,0,0,1,0,0,1,1,1,1,0,0,2,1,2,0,1,-1,1,1,-1,0,10,-1,1,1,3,-1,-1,-1,0,0,1,0,0,10,3,0,0,21.38
1,0,0,0,-1,0,1,0,0,0,0,0,1,0,0,-1,2,2,-1,2,-1,3,0,-1,25,0,9223372036800000000,1e+75,0,10,0,0,7,0,0,1,0,0,1,1,0,0,0,0,0,0,2,0,1,-1,-1,-1,-1,0,10,-1,1,1,3,-1,-1,-1,0,0,1,0,0,10,0,0,0,19.41
1,0,0,0,-1,0,1,5,0,0,0,0,0,0,0,0,-1,0,0,0,0,3,0,-1,150,0,9223372036800000000,1e+75,0,10,0,0,7,0,0,1,0,0,1,1,0,0,0,0,0,0,2,0,1,-1,-1,-1,-1,0,10,-1,1,1,3,-1,-1,-1,0,0,1,0,0,10,0,0,0,20.11
1,0,0,0,-1,0,1,5,0,0,0,0,0,3,1,0,0,-1,0,-1,1,3,0,2,50,0,9223372036800000000,30,0,10,0,0,7,0,0,1,0,0,1,1,1,-1,0,0,0,3,2,0,1,-1,-1,1,-1,1,10,-1,1,1,3,-1,-1,-1,0,0,1,0,0,10,-1,0,0,22.25
1,0,0,0,-1,0,1,3,0,0,0,0,0,3,2,2,-1,1,0,-1,1,3,0,16,400,0,9223372036800000000,240,0,10,0,0,7,0,0,1,0,0,3,1,0,1,0,0,0,4,2,0,1,-1,-1,-1,-1,0,10,-1,1,1,3,-1,-1,-1,0,0,1,0,0,10,0,0,0,21.99
1,0,0,0,-1,0,1,5,0,0,0,0,2,-1,-1,-1,1,1,-1,2,-1,3,0,16,200,0,9223372036800000000,60,0,10,0,0,7,0,0,1,0,0,1,1,0,3,0,0,0,1,2,0,1,-1,-1,1,-1,-1,10,-1,1,1,3,-1,-1,-1,0,0,1,0,0,10,3,0,0,22.31
1,0,0,0,-1,0,1,0,0,0,0,0,0,0,2,-1,2,0,-1,1,-1,3,0,-1,400,0,9223372036800000000,1e+75,0,10,0,0,7,0,0,1,0,0,1,1,0,-1,0,0,0,0,2,0,1,-1,-1,-1,-1,0,10,-1,1,1,3,-1,-1,-1,0,0,1,0,0,10,0,0,0,18.96
1,0,0,0,-1,0,1,3,0,0,0,0,-1,2,-1,0,0,-1,1,1,-1,3,0,8,25,0,9223372036800000000,0,0,10,0,0,7,0,0,1,0,0,1,1,0,-1,0,0,0,4,2,0,1,-1,-1,-1,-1,0,10,-1,1,1,3,-1,-1,-1,0,0,1,0,0,10,0,0,0,15.37
1,0,0,0,-1,0,1,1,0,0,0,0,3,0,1,1,-1,2,2,2,0,3,0,-1,100,0,9223372036800000000,1e+75,0,10,0,0,7,0,0,1,0,0,1,1,0,0,0,0,0,0,2,0,1,-1,-1,-1,-1,0,10,-1,1,1,3,-1,-1,-1,0,0,1,0,0,10,0,0,0,23.06
1,0,0,0,-1,0,1,0,0,0,0,0,1,0,2,0,1,1,2,-1,0,3,0,-1,150,0,9223372036800000000,1e+75,0,10,0,0,7,0,0,1,0,0,1,1,0,0,0,0,0,0,2,0,1,-1,-1,-1,-1,0,10,-1,1,1,3,-1,-1,-1,0,0,1,0,0,10,0,0,0,16.31
1,0,0,0,-1,0,1,4,0,0,0,0,-1,0,1,2,2,1,-1,0,1,3,0,-1,25,0,9223372036800000000,1e+75,0,10,0,0,7,0,0,1,0,0,1,1,0,0,0,0,0,0,2,0,1,-1,-1,-1,-1,0,10,-1,1,1,3,-1,-1,-1,0,0,1,0,0,10,0,0,0,16.95
1,0,0,0,-1,0,1,0,0,0,0,0,-1,3,2,0,0,0,-1,0,0,3,0,16,200,0,9223372036800000000,1,0,10,0,0,7,0,0,1,0,0,3,1,0,2,0,0,0,1,2,0,1,-1,-1,-1,-1,-1,10,-1,1,1,3,-1,-1,-1,0,0,1,0,0,10,0,0,0,20.39
1,0,0,0,-1,0,1,0,0,0,0,0,0,0,0,0,-1,0,0,-1,0,3,0,-1,150,0,9223372036800000000,1e+75,0,10,0,0,7,0,0,1,0,0,1,1,0,0,0,0,0,0,2,0,1,-1,-1,-1,-1,0,10,-1,1,1,3,-1,-1,-1,0,0,1,0,0,10,0,0,0,15.2
1,0,0,0,-1,0,1,0,0,0,0,0,-1,0,3,-1,2,0,0,1,0,3,0,-1,800,0,9223372036800000000,1e+75,0,10,0,0,7,0,0,1,0,0,1,1,0,0,0,0,0,0,2,0,1,-1,-1,-1,-1,0,10,-1,1,1,3,-1,-1,-1,0,0,1,0,0,10,0,0,0,18.03
1,0,0,0,-1,0,1,3,0,0,0,0,-1,0,1,0,2,-1,-1,2,-1,3,0,-1,50,0,9223372036800000000,1e+75,0,10,0,0,7,0,0,1,0,0,1,1,0,0,0,0,0,0,2,0,1,-1,-1,-1,-1,0,10,-1,1,1,3,-1,-1,-1,0,0,1,0,0,10,0,0,0,16.87
1,0,0,0,-1,0,1,0,0,0,0,0,1,0,0,2,0,1,1,-1,2,3,0,8,100,0,9223372036800000000,40,0,10,0,0,7,0,0,1,0,0,1,1,0,-1,0,0,0,3,2,0,1,-1,-1,-1,-1,0,10,-1,1,1,3,-1,-1,-1,0,0,1,0,0,10,0,0,0,19.28
1,0,0,0,-1,0,1,0,0,0,0,0,0,0,0,0,0,0,0,0,0,3,0,-1,10,0,9223372036800000000,1e+75,0,10,0,0,7,0,0,1,0,0,1,1,0,0,0,0,0,0,2,0,1,-1,-1,-1,-1,0,10,-1,1,1,3,-1,-1,-1,0,0,1,0,0,10,0,0,0,14.53
1,0,0,0,-1,0,1,3,0,0,0,0,2,1,2,0,2,0,1,-1,2,5,0,4,10,0,9223372036800000000,1e+75,0,10,0,0,7,0,0,1,0,0,3,1,2,-1,0,0,0,4,2,0,1,-1,0,2,-1,1,10,-1,1,1,3,-1,-1,-1,0,0,1,0,0,10,-1,0,0,22.24
1,0,0,0,-1,0,1,4,0,0,0,0,1,0,3,-1,1,0,2,-1,2,3,0,-1,400,0,9223372036800000000,1e+75,0,10,0,0,7,0,0,1,0,0,1,1,0,0,0,0,0,0,2,0,1,-1,-1,-1,-1,0,10,-1,1,1,3,-1,-1,-1,0,0,1,0,0,10,0,0,0,28.48
1,0,0,0,-1,0,1,3,0,0,0,0,-1,3,-1,2,0,2,-1,-1,-1,10,0,16,400,0,9223372036800000000,5,0,10,0,0,7,0,0,1,0,0,1,1,2,3,0,0,2,4,2,0,1,-1,1,0,-1,1,10,-1,1,1,3,-1,-1,-1,0,0,1,0,0,10,4,0,0,15.91
1,0,0,0,-1,0,1,3,0,0,0,0,1,3,-1,-1,-1,-1,2,2,2,5,0,8,800,0,9223372036800000000,20,0,10,0,0,7,0,0,1,0,0,1,1,1,3,0,0,2,-1,2,0,1,-1,0,2,-1,0,10,-1,1,1,3,-1,-1,-1,0,0,1,0,0,10,-1,0,0,25.52
1,0,0,0,-1,0,1,5,0,0,0,0,3,0,2,2,-1,0,0,-1,-1,3,0,-1,25,0,9223372036800000000,1e+75,0,10,0,0,7,0,0,1,0,0,1,1,0,1,0,0,0,0,2,0,1,-1,-1,-1,-1,0,10,-1,1,1,3,-1,-1,-1,0,0,1,0,0,10,0,0,0,17.88
1,0,0,0,-1,0,1,2,0,0,0,0,-1,0,-1,0,0,1,1,0,1,3,0,-1,25,0,9223372036800000000,1e+75,0,10,0,0,7,0,0,1,0,0,1,1,0,0,0,0,0,0,2,0,1,-1,-1,-1,-1,0,10,-1,1,1,3,-1,-1,-1,0,0,1,0,0,10,0,0,0,15.41
1,0,0,0,-1,0,1,5,0,0,0,0,3,-1,3,1,0,0,2,1,2,3,0,-1,10,0,9223372036800000000,0,0,10,0,0,7,0,0,1,0,0,0,1,2,1,0,0,4,-1,2,0,1,-1,-1,-1,-1,-1,10,-1,1,1,3,-1,-1,-1,0,0,1,0,0,10,0,0,0,28.81
1,0,0,0,-1,0,1,3,0,0,0,0,2,1,2,0,1,0,1,-1,2,5,0,4,10,0,9223372036800000000,1e+75,0,10,0,0,7,0,0,1,0,0,3,1,0,-1,0,0,0,4,2,0,1,-1,0,2,-1,1,10,-1,1,1,3,-1,-1,-1,0,0,1,0,0,10,-1,0,0,22.01
1,0,0,0,-1,0,1,2,0,0,0,0,1,-1,1,2,2,0,2,1,-1,3,0,16,100,0,9223372036800000000,20,0,10,0,0,7,0,0,1,0,0,1,1,0,-1,0,0,0,2,2,0,1,-1,-1,-1,-1,0,10,-1,1,1,3,-1,-1,-1,0,0,1,0,0,10,0,0,0,16
1,0,0,0,-1,0,1,2,0,0,0,0,0,0,0,1,-1,2,0,2,2,3,0,-1,800,0,9223372036800000000,1e+75,0,10,0,0,7,0,0,1,0,0,1,1,0,0,0,0,0,0,2,0,1,-1,-1,-1,-1,0,10,-1,1,1,3,-1,-1,-1,0,0,1,0,0,10,0,0,0,14.36
1,0,0,0,-1,0,1,5,0,0,0,0,3,0,1,2,2,-1,-1,0,-1,3,0,-1,200,0,9223372036800000000,1e+75,0,10,0,0,7,0,0,1,0,0,1,1,0,0,0,0,0,0,2,0,1,-1,-1,-1,-1,0,10,-1,1,1,3,-1,-1,-1,0,0,1,0,0,10,0,0,0,19.1
1,0,0,0,-1,0,1,4,0,0,0,0,-1,0,1,2,2,2,-1,0,-1,3,0,-1,200,0,9223372036800000000,1e+75,0,10,0,0,7,0,0,1,0,0,1,1,0,0,0,0,0,0,2,0,1,-1,-1,-1,-1,0,10,-1,1,1,3,-1,-1,-1,0,0,1,0,0,10,0,0,0,15.58
1,0,0,0,-1,0,1,1,0,0,0,0,-1,0,-1,0,2,-1,-1,0,-1,2,0,16,10,0,9223372036800000000,60,0,10,0,0,7,0,0,1,0,0,0,1,3,3,0,0,2,2,2,0,1,-1,0,2,-1,-1,10,-1,1,1,3,-1,-1,-1,0,0,1,0,0,10,-1,0,0,22.48
1,0,0,0,-1,0,1,0,0,0,0,0,3,0,1,1,-1,0,-1,0,2,3,0,-1,10,0,9223372036800000000,1e+75,0,10,0,0,7,0,0,1,0,0,1,1,0,1,0,0,0,0,2,0,1,-1,-1,-1,-1,0,10,-1,1,1,3,-1,-1,-1,0,0,1,0,0,10,0,0,0,14.36
1,0,0,0,-1,0,1,4,0,0,0,0,0,1,0,2,0,2,1,0,2,5,0,-1,800,0,9223372036800000000,0,0,10,0,0,7,0,0,1,0,0,1,1,2,2,0,0,2,0,2,0,1,-1,-1,1,-1,-1,10,-1,1,1,3,-1,-1,-1,0,0,1,0,0,10,1,0,0,16.02
1,0,0,0,-1,0,1,5,0,0,0,0,1,1,3,-1,-1,2,0,0,0,0,0,1,100,0,9223372036800000000,120,0,10,0,0,7,0,0,1,0,0,1,1,0,1,0,0,2,1,2,0,1,-1,0,2,-1,-1,10,-1,1,1,3,-1,-1,-1,0,0,1,0,0,10,-1,0,0,51.77
1,0,0,0,-1,0,1,0,0,0,0,0,1,0,3,0,1,1,1,-1,0,3,0,-1,10,0,9223372036800000000,1e+75,0,10,0,0,7,0,0,1,0,0,1,1,0,0,0,0,0,0,2,0,1,-1,-1,-1,-1,0,10,-1,1,1,3,-1,-1,-1,0,0,1,0,0,10,0,0,0,19.61
1,0,0,0,-1,0,1,0,0,0,0,0,0,0,2,-1,2,0,-1,1,-1,3,0,-1,150,0,9223372036800000000,1e+75,0,10,0,0,7,0,0,1,0,0,1,1,0,-1,0,0,0,0,2,0,1,-1,-1,-1,-1,0,10,-1,1,1,3,-1,-1,-1,0,0,1,0,0,10,0,0,0,18.96
1,0,0,0,-1,0,1,2,0,0,0,0,1,0,2,2,1,0,0,2,1,3,0,-1,50,0,9223372036800000000,1e+75,0,10,0,0,7,0,0,1,0,0,1,1,0,0,0,0,0,0,2,0,1,-1,-1,-1,-1,0,10,-1,1,1,3,-1,-1,-1,0,0,1,0,0,10,0,0,0,14.34
1,0,0,0,-1,0,1,5,0,0,0,0,0,-1,3,2,0,1,-1,-1,2,10,0,16,400,0,9223372036800000000,60,0,10,0,0,7,0,0,1,0,0,1,1,-1,2,0,0,3,2,2,0,1,-1,-1,3,-1,1,10,-1,1,1,3,-1,-1,-1,0,0,1,0,0,10,1,0,0,24.03
1,0,0,0,-1,0,1,3,0,0,0,0,1,3,3,1,1,1,2,2,0,3,0,1,200,0,9223372036800000000,50,0,10,0,0,7,0,0,1,0,0,2,1,0,2,0,0,1,4,2,0,1,-1,-1,-1,-1,1,10,-1,1,1,3,-1,-1,-1,0,0,1,0,0,10,0,0,0,45.43
1,0,0,0,-1,0,1,5,0,0,0,0,3,0,-1,-1,1,2,-1,2,0,3,0,16,150,0,9223372036800000000,1,0,10,0,0,7,0,0,1,0,0,3,1,0,1,0,0,0,4,2,0,1,-1,-1,-1,-1,0,10,-1,1,1,3,-1,-1,-1,0,0,1,0,0,10,0,0,0,21.4
1,0,0,0,-1,0,1,2,0,0,0,0,0,0,2,1,-1,2,0,2,-1,3,0,-1,25,0,9223372036800000000,1e+75,0,10,0,0,7,0,0,1,0,0,1,1,0,0,0,0,0,0,2,0,1,-1,-1,-1,-1,0,10,-1,1,1,3,-1,-1,-1,0,0,1,0,0,10,0,0,0,14.28
1,0,0,0,-1,0,1,2,0,0,0,0,1,0,2,1,-1,2,1,2,0,3,0,-1,200,0,9223372036800000000,1e+75,0,10,0,0,7,0,0,1,0,0,1,1,0,0,0,0,0,0,2,0,1,-1,-1,-1,-1,0,10,-1,1,1,3,-1,-1,-1,0,0,1,0,0,10,0,0,0,15.45
1,0,0,0,-1,0,1,4,0,0,0,0,-1,2,3,1,2,0,2,0,0,3,0,2,10,0,9223372036800000000,240,0,10,0,0,7,0,0,1,0,0,1,1,0,3,0,0,0,0,2,0,1,-1,-1,-1,-1,0,10,-1,1,1,3,-1,-1,-1,0,0,1,0,0,10,0,0,0,18.57
1,0,0,0,-1,0,1,5,0,0,0,0,1,0,2,0,1,1,2,-1,0,3,0,-1,10,0,9223372036800000000,1e+75,0,10,0,0,7,0,0,1,0,0,1,1,0,0,0,0,0,0,2,0,1,-1,-1,-1,-1,0,10,-1,1,1,3,-1,-1,-1,0,0,1,0,0,10,0,0,0,22.1
1,0,0,0,-1,0,1,2,0,0,0,0,3,0,1,1,-1,0,-1,0,2,3,0,8,150,0,9223372036800000000,1e+75,0,10,0,0,7,0,0,1,0,0,1,1,0,1,0,0,0,0,2,0,1,-1,-1,-1,-1,0,10,-1,1,1,3,-1,-1,-1,0,0,1,0,0,10,0,0,0,14.67
1,0,0,0,-1,0,1,0,0,0,0,0,0,3,0,1,0,0,-1,2,2,3,0,8,800,0,9223372036800000000,10,0,10,0,0,7,0,0,1,0,0,1,1,0,-1,0,0,4,3,2,0,1,-1,-1,-1,-1,0,10,-1,1,1,3,-1,-1,-1,0,0,1,0,0,10,0,0,0,28.52
1,0,0,0,-1,0,1,4,0,0,0,0,0,2,3,1,0,-1,2,0,1,3,0,2,25,0,9223372036800000000,2,0,10,0,0,7,0,0,1,0,0,1,1,-1,2,0,0,0,4,2,0,1,-1,-1,-1,-1,-1,10,-1,1,1,3,-1,-1,-1,0,0,1,0,0,10,0,0,0,22.81
1,0,0,0,-1,0,1,4,0,0,0,0,0,2,3,1,0,1,2,0,1,3,0,2,25,0,9223372036800000000,2,0,10,0,0,7,0,0,1,0,0,1,1,-1,1,0,0,0,4,2,0,1,-1,-1,-1,-1,-1,10,-1,1,1,3,-1,-1,-1,0,0,1,0,0,10,0,0,0,20.63
1,0,0,0,-1,0,1,5,0,0,0,0,2,-1,0,2,-1,0,-1,0,-1,3,0,1,25,0,9223372036800000000,5,0,10,0,0,7,0,0,1,0,0,0,1,0,2,0,0,0,4,2,0,1,-1,-1,-1,-1,0,10,-1,1,1,3,-1,-1,-1,0,0,1,0,0,10,0,0,0,48.76
1,0,0,0,-1,0,1,0,0,0,0,0,-1,0,0,0,-1,0,0,0,0,3,0,-1,200,0,9223372036800000000,1e+75,0,10,0,0,7,0,0,1,0,0,3,1,0,0,0,0,0,0,2,0,1,-1,-1,-1,-1,0,10,-1,1,1,3,-1,-1,-1,0,0,1,0,0,10,0,0,0,19.21
1,0,0,0,-1,0,1,0,0,0,0,0,1,0,2,0,1,2,2,-1,0,3,0,-1,10,0,9223372036800000000,1e+75,0,10,0,0,7,0,0,1,0,0,1,1,0,0,0,0,0,0,2,0,1,-1,-1,-1,-1,0,10,-1,1,1,3,-1,-1,-1,0,0,1,0,0,10,0,0,0,15.53
1,0,0,0,-1,0,1,3,0,0,0,0,3,0,1,0,-1,0,2,2,0,0,0,16,150,0,9223372036800000000,120,0,10,0,0,7,0,0,1,0,0,2,1,2,3,0,0,3,3,2,0,1,-1,0,-1,-1,0,10,-1,1,1,3,-1,-1,-1,0,0,1,0,0,10,3,0,0,25.97
1,0,0,0,-1,0,1,2,0,0,0,0,3,0,1,1,-1,0,-1,0,2,3,0,-1,400,0,9223372036800000000,1e+75,0,10,0,0,7,0,0,1,0,0,1,1,0,0,0,0,0,0,2,0,1,-1,-1,-1,-1,0,10,-1,1,1,3,-1,-1,-1,0,0,1,0,0,10,0,0,0,15.64
1,0,0,0,-1,0,1,0,0,0,0,0,1,0,0,-1,-1,2,-1,1,0,3,0,-1,25,0,9223372036800000000,1e+75,0,10,0,0,7,0,0,1,0,0,1,1,0,0,0,0,0,0,2,0,1,-1,-1,-1,-1,0,10,-1,1,1,3,-1,-1,-1,0,0,1,0,0,10,0,0,0,19.02
1,0,0,0,-1,0,1,1,0,0,0,0,-1,1,0,-1,2,1,2,0,0,3,0,4,200,0,9223372036800000000,50,0,10,0,0,7,0,0,1,0,0,1,1,0,0,0,0,0,4,2,0,1,-1,-1,-1,-1,0,10,-1,1,1,3,-1,-1,-1,0,0,1,0,0,10,0,0,0,22.52
1,0,0,0,-1,0,1,5,0,0,0,0,0,2,3,-1,1,0,1,-1,-1,3,0,2,400,0,9223372036800000000,240,0,10,0,0,7,0,0,1,0,0,1,1,-1,2,0,0,0,2,2,0,1,-1,-1,-1,-1,-1,10,-1,1,1,3,-1,-1,-1,0,0,1,0,0,10,0,0,0,29.33
1,0,0,0,-1,0,1,4,0,0,0,0,0,1,0,2,0,1,1,0,2,5,0,-1,100,0,9223372036800000000,120,0,10,0,0,7,0,0,1,0,0,0,1,2,1,0,0,2,0,2,0,1,-1,-1,1,-1,-1,10,-1,1,1,3,-1,-1,-1,0,0,1,0,0,10,2,0,0,21.81
1,0,0,0,-1,0,1,0,0,0,0,0,0,0,0,0,1,0,2,-1,-1,3,0,-1,100,0,9223372036800000000,1e+75,0,10,0,0,7,0,0,1,0,0,1,1,0,0,0,0,0,0,2,0,1,-1,-1,-1,-1,0,10,-1,1,1,3,-1,-1,-1,0,0,1,0,0,10,0,0,0,15.37
1,0,0,0,-1,0,1,2,0,0,0,0,-1,0,2,0,-1,0,0,0,1,3,0,-1,200,0,9223372036800000000,1e+75,0,10,0,0,7,0,0,1,0,0,1,1,0,0,0,0,0,0,2,0,1,-1,-1,-1,-1,0,10,-1,1,1,3,-1,-1,-1,0,0,1,0,0,10,0,0,0,13.5
1,0,0,0,-1,0,1,2,0,0,0,0,3,0,3,0,-1,2,2,-1,0,3,0,-1,25,0,9223372036800000000,30,0,10,0,0,7,0,0,1,0,0,3,1,3,2,0,0,2,0,2,0,1,-1,-1,-1,-1,1,10,-1,1,1,3,-1,-1,-1,0,0,1,0,0,10,0,0,0,22.1
1,0,0,0,-1,0,1,4,0,0,0,0,2,0,-1,0,2,2,2,-1,0,3,0,-1,100,0,9223372036800000000,1e+75,0,10,0,0,7,0,0,1,0,0,1,1,0,0,0,0,0,0,2,0,1,-1,-1,-1,-1,0,10,-1,1,1,3,-1,-1,-1,0,0,1,0,0,10,0,0,0,14.43
1,0,0,0,-1,0,1,0,0,0,0,0,0,0,2,1,0,-1,2,-1,0,3,0,-1,800,0,9223372036800000000,1e+75,0,10,0,0,7,0,0,1,0,0,1,1,0,3,0,0,0,0,2,0,1,-1,-1,-1,-1,0,10,-1,1,1,3,-1,-1,-1,0,0,1,0,0,10,0,0,0,14.82
1,0,0,0,-1,0,1,4,0,0,0,0,-1,0,1,2,2,1,-1,0,2,3,0,-1,25,0,9223372036800000000,1e+75,0,10,0,0,7,0,0,1,0,0,1,1,0,0,0,0,0,0,2,0,1,-1,-1,-1,-1,0,10,-1,1,1,3,-1,-1,-1,0,0,1,0,0,10,0,0,0,16.87
1,0,0,0,-1,0,1,0,0,0,0,0,0,3,2,1,0,2,-1,2,2,3,0,8,800,0,9223372036800000000,10,0,10,0,0,7,0,0,1,0,0,1,1,0,-1,0,0,4,3,2,0,1,-1,-1,-1,-1,0,10,-1,1,1,3,-1,-1,-1,0,0,1,0,0,10,0,0,0,26.02
1,0,0,0,-1,0,1,0,0,0,0,0,1,3,-1,-1,-1,1,-1,2,0,5,0,8,800,0,9223372036800000000,20,0,10,0,0,7,0,0,1,0,0,1,1,1,2,0,0,2,-1,2,0,1,-1,0,2,-1,0,10,-1,1,1,3,-1,-1,-1,0,0,1,0,0,10,-1,0,0,23.05
1,0,0,0,-1,0,1,0,0,0,0,0,0,2,3,-1,1,0,1,-1,-1,3,0,2,200,0,9223372036800000000,240,0,10,0,0,7,0,0,1,0,0,1,1,-1,2,0,0,0,2,2,0,1,-1,-1,-1,-1,-1,10,-1,1,1,3,-1,-1,-1,0,0,1,0,0,10,0,0,0,29.59
1,0,0,0,-1,0,1,2,0,0,0,0,3,0,-1,1,-1,0,-1,2,2,3,0,8,10,0,9223372036800000000,1e+75,0,10,0,0,7,0,0,1,0,0,1,1,0,1,0,0,0,0,2,0,1,-1,-1,-1,-1,0,10,-1,1,1,3,-1,-1,-1,0,0,1,0,0,10,0,0,0,17.58
1,0,0,0,-1,0,1,0,0,0,0,0,1,0,0,0,1,-1,0,0,1,3,0,-1,50,0,9223372036800000000,1e+75,0,10,0,0,7,0,0,1,0,0,1,1,0,0,0,0,0,0,2,0,1,-1,-1,-1,-1,0,10,-1,1,1,3,-1,-1,-1,0,0,1,0,0,10,0,0,0,13.98
1,0,0,0,-1,0,1,2,0,0,0,0,3,0,-1,1,-1,1,-1,0,2,3,0,8,10,0,9223372036800000000,1e+75,0,10,0,0,7,0,0,1,0,0,1,1,0,1,0,0,0,0,2,0,1,-1,-1,-1,-1,0,10,-1,1,1,3,-1,-1,-1,0,0,1,0,0,10,0,0,0,15.71
1,0,0,0,-1,0,1,2,0,0,0,0,-1,0,2,2,0,1,0,0,0,3,0,-1,25,0,9223372036800000000,1e+75,0,10,0,0,7,0,0,1,0,0,1,1,0,0,0,0,0,0,2,0,1,-1,-1,-1,-1,0,10,-1,1,1,3,-1,-1,-1,0,0,1,0,0,10,0,0,0,13.05
1,0,0,0,-1,0,1,3,0,0,0,0,3,1,3,1,2,2,1,0,-1,3,0,8,200,0,9223372036800000000,30,0,10,0,0,7,0,0,1,0,0,1,1,0,-1,0,0,0,4,2,0,1,-1,-1,-1,-1,0,10,-1,1,1,3,-1,-1,-1,0,0,1,0,0,10,0,0,0,18.57
1,0,0,0,-1,0,1,0,0,0,0,0,1,3,-1,-1,-1,-1,1,2,0,5,0,8,800,0,9223372036800000000,20,0,10,0,0,7,0,0,1,0,0,1,1,1,2,0,0,2,-1,2,0,1,-1,0,2,-1,0,10,-1,1,1,3,-1,-1,-1,0,0,1,0,0,10,-1,0,0,21.75
1,0,0,0,-1,0,1,0,0,0,0,0,2,0,2,0,2,2,0,-1,0,3,0,-1,800,0,9223372036800000000,1e+75,0,10,0,0,7,0,0,1,0,0,1,1,0,0,0,0,0,0,2,0,1,-1,-1,-1,-1,0,10,-1,1,1,3,-1,-1,-1,0,0,1,0,0,10,0,0,0,15.07
1,0,0,0,-1,0,1,5,0,0,0,0,2,2,1,-1,-1,-1,2,1,0,3,0,8,150,0,9223372036800000000,1,0,10,0,0,7,0,0,1,0,0,0,1,0,1,0,0,0,1,2,0,1,-1,-1,-1,-1,0,10,-1,1,1,3,-1,-1,-1,0,0,1,0,0,10,0,0,0,23.56
1,0,0,0,-1,0,1,2,0,0,0,0,1,2,1,2,2,0,2,1,1,3,0,16,25,0,9223372036800000000,20,0,10,0,0,7,0,0,1,0,0,1,1,0,2,0,0,0,2,2,0,1,-1,-1,-1,-1,0,10,-1,1,1,3,-1,-1,-1,0,0,1,0,0,10,0,0,0,14.09
1,0,0,0,-1,0,1,0,0,0,0,0,1,-1,-1,0,1,2,1,0,-1,3,0,4,150,0,9223372036800000000,40,0,10,0,0,7,0,0,1,0,0,1,1,0,1,0,0,0,-1,2,0,1,-1,-1,-1,-1,0,10,-1,1,1,3,-1,-1,-1,0,0,1,0,0,10,0,0,0,20.78
1,0,0,0,-1,0,1,3,0,0,0,0,0,-1,2,2,1,1,2,1,1,3,0,8,400,0,9223372036800000000,5,0,10,0,0,7,0,0,1,0,0,2,1,1,1,0,0,2,4,2,0,1,-1,-1,-1,-1,-1,10,-1,1,1,3,-1,-1,-1,0,0,1,0,0,10,0,0,0,18.69
1,0,0,0,-1,0,1,3,0,0,0,0,-1,0,0,0,-1,0,0,0,-1,3,0,-1,800,0,9223372036800000000,1e+75,0,10,0,0,7,0,0,1,0,0,1,1,0,0,0,0,0,0,2,0,1,-1,-1,-1,-1,0,10,-1,1,1,3,-1,-1,-1,0,0,1,0,0,10,0,0,0,16.76
1,0,0,0,-1,0,1,3,0,0,0,0,1,1,-1,-1,1,1,-1,0,1,3,0,8,200,0,9223372036800000000,50,0,10,0,0,7,0,0,1,0,0,1,1,0,2,0,0,0,1,2,0,1,-1,-1,-1,-1,0,10,-1,1,1,3,-1,-1,-1,0,0,1,0,0,10,0,0,0,23.76
1,0,0,0,-1,0,1,0,0,0,0,0,1,0,1,-1,-1,0,2,-1,2,3,0,-1,800,0,9223372036800000000,1e+75,0,10,0,0,7,0,0,1,0,0,1,1,0,0,0,0,0,0,2,0,1,-1,-1,-1,-1,0,10,-1,1,1,3,-1,-1,-1,0,0,1,0,0,10,0,0,0,26.15
1,0,0,0,-1,0,1,5,0,0,0,0,3,3,0,1,2,-1,2,1,-1,3,0,8,50,0,9223372036800000000,120,0,10,0,0,7,0,0,1,0,0,3,1,-1,-1,0,0,0,0,2,0,1,-1,-1,-1,-1,1,10,-1,1,1,3,-1,-1,-1,0,0,1,0,0,10,0,0,0,22.1
1,0,0,0,-1,0,1,0,0,0,0,0,2,0,2,0,0,2,1,-1,0,1,0,4,10,0,9223372036800000000,1e+75,0,10,0,0,7,0,0,1,0,0,3,1,1,1,0,0,0,3,2,0,1,-1,-1,0,-1,1,10,-1,1,1,3,-1,-1,-1,0,0,1,0,0,10,3,0,0,22.53
1,0,0,0,-1,0,1,0,0,0,0,0,-1,1,2,1,2,-1,1,0,2,2,0,8,200,0,9223372036800000000,40,0,10,0,0,7,0,0,1,0,0,1,1,3,1,0,0,0,1,2,0,1,-1,1,1,-1,1,10,-1,1,1,3,-1,-1,-1,0,0,1,0,0,10,1,0,0,21
1,0,0,0,-1,0,1,5,0,0,0,0,2,1,2,2,-1,0,1,1,2,3,0,-1,150,0,9223372036800000000,30,0,10,0,0,7,0,0,1,0,0,1,1,0,3,0,0,0,1,2,0,1,-1,-1,-1,-1,0,10,-1,1,1,3,-1,-1,-1,0,0,1,0,0,10,0,0,0,20.53
1,0,0,0,-1,0,1,3,0,0,0,0,0,0,2,0,2,1,2,-1,2,3,0,-1,100,0,9223372036800000000,1e+75,0,10,0,0,7,0,0,1,0,0,1,1,0,0,0,0,0,0,2,0,1,-1,-1,-1,-1,0,10,-1,1,1,3,-1,-1,-1,0,0,1,0,0,10,0,0,0,18.61
1,0,0,0,-1,0,1,2,0,0,0,0,3,0,1,1,-1,0,-1,0,2,3,0,8,10,0,9223372036800000000,1e+75,0,10,0,0,7,0,0,1,0,0,1,1,0,1,0,0,0,0,2,0,1,-1,-1,-1,1,0,10,-1,1,1,3,-1,-1,-1,0,0,1,0,0,10,0,0,0,12.45
1,0,0,0,-1,0,1,5,0,0,0,0,1,3,0,2,0,1,1,-1,2,3,0,8,100,0,9223372036800000000,5,0,10,0,0,7,0,0,1,0,0,1,1,0,0,0,0,0,3,2,0,1,-1,-1,-1,-1,0,10,-1,1,1,3,-1,-1,-1,0,0,1,0,0,10,0,0,0,22.48
1,0,0,0,-1,0,1,0,0,0,0,0,1,0,1,2,1,0,1,0,2,0,0,-1,400,0,9223372036800000000,20,0,10,0,0,7,0,0,1,0,0,2,1,2,1,0,0,1,1,2,0,1,-1,1,3,-1,-1,10,-1,1,1,3,-1,-1,-1,0,0,1,0,0,10,1,0,0,25.23
1,0,0,0,-1,0,1,5,0,0,0,0,2,1,1,0,2,-1,1,1,-1,3,0,16,200,0,9223372036800000000,50,0,10,0,0,7,0,0,1,0,0,0,1,0,3,0,0,2,2,2,0,1,-1,1,-1,-1,0,10,-1,1,1,3,-1,-1,-1,0,0,1,0,0,10,1,0,0,21.8
1,0,0,0,-1,0,1,5,0,0,0,0,3,-1,0,2,-1,0,-1,0,-1,3,0,4,25,0,9223372036800000000,240,0,10,0,0,7,0,0,1,0,0,1,1,0,2,0,0,0,4,2,0,1,-1,-1,-1,-1,0,10,-1,1,1,3,-1,-1,-1,0,0,1,0,0,10,0,0,0,22.18
1,0,0,0,-1,0,1,3,0,0,0,0,3,3,3,2,0,1,-1,-1,-1,2,0,16,800,0,9223372036800000000,5,0,10,0,0,7,0,0,1,0,0,1,1,3,-1,0,0,3,1,2,0,1,-1,0,2,-1,1,10,-1,1,1,3,-1,-1,-1,0,0,1,0,0,10,2,0,0,26.49
1,0,0,0,-1,0,1,3,0,0,0,0,2,0,1,-1,1,-1,0,-1,0,3,0,-1,10,0,9223372036800000000,1e+75,0,10,0,0,7,0,0,1,0,0,1,1,0,3,0,0,0,0,2,0,1,-1,-1,-1,-1,0,10,-1,1,1,3,-1,-1,-1,0,0,1,0,0,10,0,0,0,27.42
1,0,0,0,-1,0,1,2,0,0,0,0,-1,0,0,0,1,0,0,0,1,3,0,-1,200,0,9223372036800000000,1e+75,0,10,0,0,7,0,0,1,0,0,1,1,0,0,0,0,0,0,2,0,1,-1,-1,-1,-1,0,10,-1,1,1,3,-1,-1,-1,0,0,1,0,0,10,0,0,0,13.36
1,0,0,0,-1,0,1,5,0,0,0,0,-1,0,-1,2,0,1,0,0,1,3,0,-1,25,0,9223372036800000000,1e+75,0,10,0,0,7,0,0,1,0,0,1,1,0,0,0,0,0,0,2,0,1,-1,-1,-1,-1,0,10,-1,1,1,3,-1,-1,-1,0,0,1,0,0,10,0,0,0,22.24
1,0,0,0,-1,0,1,3,0,0,0,0,0,0,1,0,0,2,-1,-1,0,3,0,-1,400,0,9223372036800000000,1e+75,0,10,0,0,7,0,0,1,0,0,1,1,0,2,0,0,0,0,2,0,1,-1,-1,-1,-1,0,10,-1,1,1,3,-1,-1,-1,0,0,1,0,0,10,0,0,0,16.98
1,0,0,0,-1,0,1,5,0,0,0,0,1,0,1,2,-1,0,1,2,0,3,0,-1,800,0,9223372036800000000,1e+75,0,10,0,0,7,0,0,1,0,0,1,1,0,0,0,0,0,0,2,0,1,-1,-1,-1,-1,0,10,-1,1,1,3,-1,-1,-1,0,0,1,0,0,10,0,0,0,19.52
1,0,0,0,-1,0,1,0,0,0,0,0,-1,0,2,0,0,2,1,-1,0,1,0,4,50,0,9223372036800000000,2,0,10,0,0,7,0,0,1,0,0,3,1,1,1,0,0,0,3,2,0,1,-1,-1,0,-1,1,10,-1,1,1,3,-1,-1,-1,0,0,1,0,0,10,3,0,0,24.82
1,0,0,0,-1,0,1,0,0,0,0,0,1,3,-1,-1,-1,-1,-1,2,0,5,0,8,800,0,9223372036800000000,20,0,10,0,0,7,0,0,1,0,0,1,1,1,2,0,0,2,-1,2,0,1,-1,1,2,-1,0,10,-1,1,1,3,-1,-1,-1,0,0,1,0,0,10,-1,0,0,23.87
1,0,0,0,-1,0,1,1,0,0,0,0,1,0,-1,-1,1,1,1,2,-1,3,0,-1,10,0,9223372036800000000,1e+75,0,10,0,0,7,0,0,1,0,0,1,1,0,0,0,0,0,0,2,0,1,-1,-1,-1,-1,0,10,-1,1,1,3,-1,-1,-1,0,0,1,0,0,10,0,0,0,25.48
1,0,0,0,-1,0,1,3,0,0,0,0,3,-1,-1,-1,1,-1,0,-1,0,3,0,4,800,0,9223372036800000000,60,0,10,0,0,7,0,0,1,0,0,1,1,0,-1,0,0,0,0,2,0,1,-1,-1,-1,-1,0,10,-1,1,1,3,-1,-1,-1,0,0,1,0,0,10,0,0,0,27.46
1,0,0,0,-1,0,1,2,0,0,0,0,0,0,3,0,2,-1,0,0,1,3,0,-1,150,0,9223372036800000000,1e+75,0,10,0,0,7,0,0,1,0,0,1,1,0,0,0,0,0,0,2,0,1,-1,-1,-1,-1,0,10,-1,1,1,3,-1,-1,-1,0,0,1,0,0,10,0,0,0,18.42
1,0,0,0,-1,0,1,2,0,0,0,0,3,0,1,1,-1,0,-1,0,1,3,0,8,10,0,9223372036800000000,1e+75,0,10,0,0,7,0,0,1,0,0,1,1,0,1,0,0,0,0,2,0,1,-1,-1,-1,-1,0,10,-1,1,1,3,-1,-1,-1,0,0,1,0,0,10,0,0,0,15.72
1,0,0,0,-1,0,1,0,0,0,0,0,-1,0,3,0,2,0,-1,1,0,3,0,-1,800,0,9223372036800000000,1e+75,0,10,0,0,7,0,0,1,0,0,1,1,0,0,0,0,0,0,2,0,1,-1,-1,-1,-1,0,10,-1,1,1,3,-1,-1,-1,0,0,1,0,0,10,0,0,0,21.52
1,0,0,0,-1,0,1,1,0,0,0,0,2,0,-1,0,0,-1,1,-1,1,3,0,-1,25,0,9223372036800000000,1e+75,0,10,0,0,7,0,0,1,0,0,1,1,0,0,0,0,0,0,2,0,1,-1,-1,-1,-1,0,10,-1,1,1,3,-1,-1,-1,0,0,1,0,0,10,0,0,0,23.56
1,0,0,0,-1,0,1,0,0,0,0,0,1,0,0,0,2,-1,0,0,1,3,0,-1,50,0,9223372036800000000,1e+75,0,10,0,0,7,0,0,1,0,0,1,1,0,0,0,0,0,0,2,0,1,-1,-1,-1,-1,0,10,-1,1,1,3,-1,-1,-1,0,0,1,0,0,10,0,0,0,13.88
1,0,0,0,-1,0,1,3,0,0,0,0,1,1,-1,-1,0,0,-1,0,1,3,0,-1,200,0,9223372036800000000,20,0,10,0,0,7,0,0,1,0,0,1,1,0,2,0,0,0,1,2,0,1,-1,-1,-1,-1,0,10,-1,1,1,3,-1,-1,-1,0,0,1,0,0,10,0,0,0,23.35
1,0,0,0,-1,0,1,4,0,0,0,0,-1,0,1,2,2,1,-1,0,2,3,0,-1,100,0,9223372036800000000,1e+75,0,10,0,0,7,0,0,1,0,0,1,1,0,0,0,0,0,0,2,0,1,-1,-1,-1,-1,0,10,-1,1,1,3,-1,-1,-1,0,0,1,0,0,10,0,0,0,15.48
1,0,0,0,-1,0,1,1,0,0,0,0,-1,0,0,-1,2,1,2,0,0,3,0,4,150,0,9223372036800000000,40,0,10,0,0,7,0,0,1,0,0,1,1,0,0,0,0,0,2,2,0,1,-1,-1,-1,-1,0,10,-1,1,1,3,-1,-1,-1,0,0,1,0,0,10,0,0,0,21.11
1,0,0,0,-1,0,1,2,0,0,0,0,1,0,0,0,2,-1,0,0,1,3,0,-1,50,0,9223372036800000000,1e+75,0,10,0,0,7,0,0,1,0,0,1,1,0,0,0,0,0,0,2,0,1,-1,-1,-1,-1,0,10,-1,1,1,3,-1,-1,-1,0,0,1,0,0,10,0,0,0,13.65
1,0,0,0,-1,0,1,5,0,0,0,0,1,3,3,1,1,1,2,2,0,3,0,1,200,0,9223372036800000000,50,0,10,0,0,7,0,0,1,0,0,2,1,0,2,0,0,1,4,2,0,1,-1,-1,-1,-1,1,10,-1,1,1,3,-1,-1,-1,0,0,1,0,0,10,0,0,0,48.22
1,0,0,0,-1,0,1,0,0,0,0,0,1,0,3,0,-1,-1,-1,1,1,3,0,-1,10,0,9223372036800000000,1e+75,0,10,0,0,7,0,0,1,0,0,1,1,0,0,0,0,0,0,2,0,1,-1,-1,-1,-1,0,10,-1,1,1,3,-1,-1,-1,0,0,1,0,0,10,0,0,0,22.45
1,0,0,0,-1,0,1,0,0,0,0,0,3,3,1,2,0,-1,2,2,0,3,0,8,150,0,9223372036800000000,60,0,10,0,0,7,0,0,1,0,0,1,1,2,1,0,0,0,0,2,0,1,-1,-1,-1,-1,-1,10,-1,1,1,3,-1,-1,-1,0,0,1,0,0,10,0,0,0,15.19
1,0,0,0,-1,0,1,0,0,0,0,0,0,0,0,0,-1,0,0,0,0,3,0,-1,150,0,9223372036800000000,1e+75,0,10,0,0,7,0,0,1,0,0,1,1,0,0,0,0,0,2,2,0,1,-1,-1,-1,-1,0,10,-1,1,1,3,-1,-1,-1,0,0,1,0,0,10,0,0,0,14.31
1,0,0,0,-1,0,1,0,0,0,0,0,-1,1,2,1,2,-1,1,0,2,2,0,8,200,0,9223372036800000000,40,0,10,0,0,7,0,0,1,0,0,1,1,3,1,0,0,0,2,2,0,1,-1,-1,1,-1,1,10,-1,1,1,3,-1,-1,-1,0,0,1,0,0,10,1,0,0,17.19
1,0,0,0,-1,0,1,5,0,0,0,0,3,3,3,2,1,2,2,2,0,5,0,8,25,0,9223372036800000000,20,0,10,0,0,7,0,0,1,0,0,1,1,2,3,0,0,3,0,2,0,1,-1,-1,3,-1,-1,10,-1,1,1,3,-1,-1,-1,0,0,1,0,0,10,1,0,0,25.66
1,0,0,0,-1,0,1,3,0,0,0,0,-1,3,-1,2,0,2,-1,-1,-1,10,0,16,400,0,9223372036800000000,240,0,10,0,0,7,0,0,1,0,0,2,1,2,3,0,0,2,4,2,0,1,-1,-1,0,-1,1,10,-1,1,1,3,-1,-1,-1,0,0,1,0,0,10,4,0,0,19.77
1,0,0,0,-1,0,1,3,0,0,0,0,2,1,3,0,1,0,2,2,0,3,0,8,10,0,9223372036800000000,40,0,10,0,0,7,0,0,1,0,0,0,1,0,-1,0,0,0,4,2,0,1,-1,-1,-1,-1,0,10,-1,1,1,3,-1,-1,-1,0,0,1,0,0,10,0,0,0,21.63
1,0,0,0,-1,0,1,2,0,0,0,0,3,0,3,0,-1,2,2,-1,0,3,0,16,800,0,9223372036800000000,50,0,10,0,0,7,0,0,1,0,0,3,1,3,3,0,0,2,2,2,0,1,-1,-1,-1,-1,1,10,-1,1,1,3,-1,-1,-1,0,0,1,0,0,10,0,0,0,19.76
1,0,0,0,-1,0,1,0,0,0,0,0,2,-1,0,2,-1,0,1,0,-1,3,0,4,150,0,9223372036800000000,2,0,10,0,0,7,0,0,1,0,0,1,1,0,2,0,0,0,4,2,0,1,-1,-1,-1,-1,0,10,-1,1,1,3,-1,-1,-1,0,0,1,0,0,10,0,0,0,18.41
1,0,0,0,-1,0,1,0,0,0,0,0,-1,0,0,0,-1,0,2,0,0,3,0,-1,200,0,9223372036800000000,1e+75,0,10,0,0,7,0,0,1,0,0,1,1,1,0,0,0,0,0,2,0,1,-1,-1,-1,-1,0,10,-1,1,1,3,-1,-1,-1,0,0,1,0,0,10,0,0,0,13.63
1,0,0,0,-1,0,1,0,0,0,0,0,3,0,1,-1,-1,-1,1,0,0,2,0,4,25,0,9223372036800000000,0,0,10,0,0,7,0,0,1,0,0,1,1,1,1,0,0,2,1,2,0,1,-1,1,-1,-1,0,10,-1,1,1,3,-1,-1,-1,0,0,1,0,0,10,3,0,0,21.81
1,0,0,0,-1,0,1,2,0,0,0,0,0,0,3,0,2,-1,0,-1,-1,3,0,-1,150,0,9223372036800000000,1e+75,0,10,0,0,7,0,0,1,0,0,1,1,0,0,0,0,0,0,2,0,1,-1,-1,-1,-1,0,10,-1,1,1,3,-1,-1,-1,0,0,1,0,0,10,0,0,0,17.16
1,0,0,0,-1,0,1,5,0,0,0,0,3,-1,-1,-1,1,-1,0,2,0,3,0,2,800,0,9223372036800000000,120,0,10,0,0,7,0,0,1,0,0,1,1,0,-1,0,0,0,0,2,0,1,-1,-1,-1,-1,0,10,-1,1,1,3,-1,-1,-1,0,0,1,0,0,10,0,0,0,21.55
1,0,0,0,-1,0,1,4,0,0,0,0,3,-1,3,-1,2,1,1,0,0,3,0,16,10,0,9223372036800000000,0,0,10,0,0,7,0,0,1,0,0,3,1,1,0,0,0,2,1,2,0,1,-1,-1,-1,-1,-1,10,-1,1,1,3,-1,-1,-1,0,0,1,0,0,10,0,0,0,22.91
1,0,0,0,-1,0,1,0,0,0,0,0,0,0,0,0,-1,0,-1,0,0,3,0,-1,150,0,9223372036800000000,1e+75,0,10,0,0,7,0,0,1,0,0,1,1,0,0,0,0,0,0,2,0,1,-1,-1,-1,-1,0,10,-1,1,1,3,-1,-1,-1,0,0,1,0,0,10,0,0,0,16.22
1,0,0,0,-1,0,1,0,0,0,0,0,0,0,-1,1,2,1,0,0,0,3,0,-1,150,0,9223372036800000000,1e+75,0,10,0,0,7,0,0,1,0,0,1,1,0,0,0,0,0,0,2,0,1,-1,-1,-1,-1,0,10,-1,1,1,3,-1,-1,-1,0,0,1,0,0,10,0,0,0,14.04
1,0,0,0,-1,0,1,5,0,0,0,0,3,-1,3,-1,1,-1,0,2,0,3,0,4,800,0,9223372036800000000,10,0,10,0,0,7,0,0,1,0,0,1,1,0,-1,0,0,0,0,2,0,1,-1,-1,-1,-1,0,10,-1,1,1,3,-1,-1,-1,0,0,1,0,0,10,0,0,0,21.47
1,0,0,0,-1,0,1,0,0,0,0,0,-1,2,-1,1,2,0,0,2,2,3,0,8,100,0,9223372036800000000,20,0,10,0,0,7,0,0,1,0,0,2,1,0,2,0,0,0,2,2,0,1,-1,-1,-1,-1,0,10,-1,1,1,3,-1,-1,-1,0,0,1,0,0,10,0,0,0,18.67
1,0,0,0,-1,0,1,2,0,0,0,0,1,0,3,1,-1,-1,-1,1,-1,3,0,-1,10,0,9223372036800000000,1e+75,0,10,0,0,7,0,0,1,0,0,1,1,0,0,0,0,0,0,2,0,1,-1,-1,-1,-1,0,10,-1,1,1,3,-1,-1,-1,0,0,1,0,0,10,0,0,0,20.57
1,0,0,0,-1,0,1,5,0,0,0,0,-1,1,2,1,2,-1,1,0,0,2,0,8,200,0,9223372036800000000,2,0,10,0,0,7,0,0,1,0,0,1,1,3,-1,0,0,0,2,2,0,1,-1,1,1,-1,-1,10,-1,1,1,3,-1,-1,-1,0,0,1,0,0,10,1,0,0,22.55
1,0,0,0,-1,0,1,2,0,0,0,0,1,0,3,1,-1,-1,0,1,0,3,0,-1,10,0,9223372036800000000,1e+75,0,10,0,0,7,0,0,1,0,0,1,1,0,0,0,0,0,0,2,0,1,-1,-1,-1,-1,0,10,-1,1,1,3,-1,-1,-1,0,0,1,0,0,10,0,0,0,18.01
1,0,0,0,-1,0,1,0,0,0,0,0,1,-1,3,0,1,-1,-1,-1,1,3,0,4,10,0,9223372036800000000,0,0,10,0,0,7,0,0,1,0,0,0,1,0,0,0,0,0,3,2,0,1,-1,-1,-1,-1,0,10,-1,1,1,3,-1,-1,-1,0,0,1,0,0,10,0,0,0,22.3
1,0,0,0,-1,0,1,2,0,0,0,0,3,0,1,1,-1,0,-1,0,2,3,0,-1,10,0,9223372036800000000,2,0,10,0,0,7,0,0,1,0,0,1,1,0,1,0,0,0,0,2,0,1,-1,-1,-1,-1,0,10,-1,1,1,3,-1,-1,-1,0,0,1,0,0,10,0,0,0,12.46
1,0,0,0,-1,0,1,2,0,0,0,0,-1,3,2,0,0,0,0,0,0,3,0,2,200,0,9223372036800000000,1,0,10,0,0,7,0,0,1,0,0,3,1,0,2,0,0,5,1,2,0,1,-1,-1,-1,-1,-1,10,-1,1,1,3,-1,-1,-1,0,0,1,0,0,10,0,0,0,31.02
1,0,0,0,-1,0,1,0,0,0,0,0,0,0,1,2,0,1,1,2,0,3,0,-1,150,0,9223372036800000000,1e+75,0,10,0,0,7,0,0,1,0,0,1,1,0,2,0,0,0,0,2,0,1,-1,-1,-1,-1,0,10,-1,1,1,3,-1,-1,-1,0,0,1,0,0,10,0,0,0,15.35
1,0,0,0,-1,0,1,0,0,0,0,0,-1,0,-1,1,1,-1,1,0,2,3,0,-1,25,0,9223372036800000000,1e+75,0,10,0,0,7,0,0,1,0,0,1,1,0,-1,0,0,0,0,2,0,1,-1,-1,-1,-1,0,10,-1,1,1,3,-1,-1,-1,0,0,1,0,0,10,0,0,0,16.88
1,0,0,0,-1,0,1,2,0,0,0,0,1,0,-1,1,-1,-1,0,2,0,3,0,-1,10,0,9223372036800000000,1e+75,0,10,0,0,7,0,0,1,0,0,1,1,0,0,0,0,0,0,2,0,1,-1,-1,-1,-1,0,10,-1,1,1,3,-1,-1,-1,0,0,1,0,0,10,0,0,0,17.09
1,0,0,0,-1,0,1,2,0,0,0,0,1,0,-1,1,-1,-1,-1,1,0,3,0,-1,10,0,9223372036800000000,1e+75,0,10,0,0,7,0,0,1,0,0,1,1,0,0,0,0,0,0,2,0,1,-1,-1,-1,-1,0,10,-1,1,1,3,-1,-1,-1,0,0,1,0,0,10,0,0,0,15.62
1,0,0,0,-1,0,1,2,0,0,0,0,0,0,2,1,0,2,2,-1,0,3,0,-1,800,0,9223372036800000000,1e+75,0,10,0,0,7,0,0,1,0,0,1,1,0,3,0,0,0,0,2,0,1,-1,-1,-1,-1,0,10,-1,1,1,3,-1,-1,-1,0,0,1,0,0,10,0,0,0,15.75
1,0,0,0,-1,0,1,2,0,0,0,0,0,0,2,2,0,1,0,0,1,3,0,-1,25,0,9223372036800000000,1e+75,0,10,0,0,7,0,0,1,0,0,1,1,0,0,0,0,0,0,2,0,1,-1,-1,-1,-1,0,10,-1,1,1,3,-1,-1,-1,0,0,1,0,0,10,0,0,0,13.05
1,0,0,0,-1,0,1,2,0,0,0,0,3,0,0,1,0,-1,2,1,0,3,0,8,800,0,9223372036800000000,50,0,10,0,0,7,0,0,1,0,0,1,1,1,-1,0,0,1,2,2,0,1,-1,-1,-1,-1,0,10,-1,1,1,3,-1,-1,-1,0,0,1,0,0,10,0,0,0,18.87
1,0,0,0,-1,0,1,3,0,0,0,0,-1,3,3,1,1,1,2,2,-1,3,0,1,400,0,9223372036800000000,50,0,10,0,0,7,0,0,1,0,0,2,1,0,-1,0,0,1,4,2,0,1,-1,-1,-1,-1,1,10,-1,1,1,3,-1,-1,-1,0,0,1,0,0,10,0,0,0,45.62
1,0,0,0,-1,0,1,1,0,0,0,0,1,0,-1,1,2,1,-1,0,-1,3,0,-1,150,0,9223372036800000000,1e+75,0,10,0,0,7,0,0,1,0,0,1,1,0,0,0,0,0,0,2,0,1,-1,-1,-1,-1,0,10,-1,1,1,3,-1,-1,-1,0,0,1,0,0,10,0,0,0,23.04
1,0,0,0,-1,0,1,2,0,0,0,0,-1,3,2,0,0,0,0,0,0,3,0,16,200,0,9223372036800000000,40,0,10,0,0,7,0,0,1,0,0,3,1,0,2,0,0,0,-1,2,0,1,-1,-1,-1,-1,-1,10,-1,1,1,3,-1,-1,-1,0,0,1,0,0,10,0,0,0,21.88
1,0,0,0,-1,0,1,0,0,0,0,0,0,0,0,0,0,0,-1,-1,-1,3,0,-1,25,0,9223372036800000000,1e+75,0,10,0,0,7,0,0,1,0,0,1,1,0,0,0,0,0,0,2,0,1,-1,-1,-1,-1,0,10,-1,1,1,3,-1,-1,-1,0,0,1,0,0,10,0,0,0,17.18
1,0,0,0,-1,0,1,1,0,0,0,0,1,0,-1,0,2,1,-1,0,-1,3,0,-1,150,0,9223372036800000000,1e+75,0,10,0,0,7,0,0,1,0,0,1,1,0,0,0,0,0,0,2,0,1,-1,-1,-1,-1,0,10,-1,1,1,3,-1,-1,-1,0,0,1,0,0,10,0,0,0,24.1
1,0,0,0,-1,0,1,0,0,0,0,0,2,1,3,0,2,1,-1,-1,-1,3,0,-1,200,0,9223372036800000000,2,0,10,0,0,7,0,0,1,0,0,3,1,0,3,0,0,0,1,2,0,1,-1,-1,-1,-1,0,10,-1,1,1,3,-1,-1,-1,0,0,1,0,0,10,0,0,0,22.67
1,0,0,0,-1,0,1,5,0,0,0,0,3,3,3,2,1,2,2,2,0,5,0,1,25,0,9223372036800000000,20,0,10,0,0,7,0,0,1,0,0,1,1,2,3,0,0,3,0,2,0,1,-1,-1,3,-1,-1,10,-1,1,1,3,-1,-1,-1,0,0,1,0,0,10,1,0,0,46.82
1,0,0,0,-1,0,1,2,0,0,0,0,3,0,1,1,-1,0,-1,0,2,3,0,-1,10,0,9223372036800000000,1e+75,0,10,0,0,7,0,0,1,0,0,3,1,0,1,0,0,0,0,2,0,1,-1,-1,-1,-1,0,10,-1,1,1,3,-1,-1,-1,0,0,1,0,0,10,0,0,0,20.8
1,0,0,0,-1,0,1,1,0,0,0,0,1,0,-1,1,2,1,-1,-1,-1,3,0,-1,150,0,9223372036800000000,1e+75,0,10,0,0,7,0,0,1,0,0,1,1,0,0,0,0,0,0,2,0,1,-1,-1,-1,-1,0,10,-1,1,1,3,-1,-1,-1,0,0,1,0,0,10,0,0,0,24.06
1,0,0,0,-1,0,1,5,0,0,0,0,1,0,-1,-1,1,1,-1,2,-1,3,0,-1,10,0,9223372036800000000,1e+75,0,10,0,0,7,0,0,1,0,0,1,1,0,0,0,0,0,0,2,0,1,-1,-1,-1,-1,0,10,-1,1,1,3,-1,-1,-1,0,0,1,0,0,10,0,0,0,21.68
1,0,0,0,-1,0,1,1,0,0,0,0,1,0,1,1,2,1,-1,0,-1,3,0,-1,150,0,9223372036800000000,1e+75,0,10,0,0,7,0,0,1,0,0,1,1,0,0,0,0,0,0,2,0,1,-1,-1,-1,-1,0,10,-1,1,1,3,-1,-1,-1,0,0,1,0,0,10,0,0,0,23.04
1,0,0,0,-1,0,1,5,0,0,0,0,2,0,2,0,-1,2,1,-1,1,5,0,-1,150,0,9223372036800000000,1e+75,0,10,0,0,7,0,0,1,0,0,2,1,-1,-1,0,0,2,1,2,0,1,-1,-1,-1,-1,0,10,-1,1,1,3,-1,-1,-1,0,0,1,0,0,10,0,0,0,20.53
1,0,0,0,-1,0,1,3,0,0,0,0,-1,2,-1,0,0,-1,1,1,-1,3,0,8,25,0,9223372036800000000,40,0,10,0,0,7,0,0,1,0,0,1,1,0,2,0,0,0,4,2,0,1,-1,-1,-1,-1,0,10,-1,1,1,3,-1,-1,-1,0,0,1,0,0,10,0,0,0,15.52
1,0,0,0,-1,0,1,0,0,0,0,0,0,0,0,0,-1,0,1,0,0,3,0,-1,150,0,9223372036800000000,1e+75,0,10,0,0,7,0,0,1,0,0,1,1,0,0,0,0,0,0,2,0,1,-1,-1,-1,-1,0,10,-1,1,1,3,-1,-1,-1,0,0,1,0,0,10,0,0,0,14.24
1,0,0,0,-1,0,1,3,0,0,0,0,0,3,0,1,0,2,-1,2,2,3,0,8,800,0,9223372036800000000,10,0,10,0,0,7,0,0,1,0,0,1,1,0,-1,0,0,5,3,2,0,1,-1,-1,-1,-1,0,10,-1,1,1,3,-1,-1,-1,0,0,1,0,0,10,0,0,0,34.26
1,0,0,0,-1,0,1,0,0,0,0,0,0,0,0,0,-1,0,0,0,0,3,0,-1,150,0,9223372036800000000,1e+75,0,10,0,0,7,0,0,1,0,0,1,1,0,0,0,0,0,0,2,0,1,-1,-1,-1,-1,0,10,-1,1,1,3,-1,-1,-1,0,0,1,0,0,10,0,0,0,13.03
1,0,0,0,-1,0,1,4,0,0,0,0,-1,0,0,0,2,1,2,-1,2,3,0,-1,100,0,9223372036800000000,1e+75,0,10,0,0,7,0,0,1,0,0,1,1,0,0,0,0,0,0,2,0,1,-1,-1,-1,-1,0,10,-1,1,1,3,-1,-1,-1,0,0,1,0,0,10,0,0,0,16.6
1,0,0,0,-1,0,1,2,0,0,0,0,-1,-1,0,1,0,2,0,-1,1,3,0,8,150,0,9223372036800000000,30,0,10,0,0,7,0,0,1,0,0,3,1,1,1,0,0,5,3,2,0,1,-1,-1,-1,-1,-1,10,-1,1,1,3,-1,-1,-1,0,0,1,0,0,10,0,0,0,32.25
1,0,0,0,-1,0,1,3,0,0,0,0,-1,0,2,0,2,1,2,-1,-1,3,0,-1,100,0,9223372036800000000,1e+75,0,10,0,0,7,0,0,1,0,0,1,1,0,0,0,0,0,0,2,0,1,-1,-1,-1,-1,0,10,-1,1,1,3,-1,-1,-1,0,0,1,0,0,10,0,0,0,15.67
1,0,0,0,-1,0,1,0,0,0,0,0,2,0,-1,1,2,1,0,0,0,3,0,-1,150,0,9223372036800000000,1e+75,0,10,0,0,7,0,0,1,0,0,1,1,0,0,0,0,0,0,2,0,1,-1,-1,-1,-1,0,10,-1,1,1,3,-1,-1,-1,0,0,1,0,0,10,0,0,0,14.24
1,0,0,0,-1,0,1,4,0,0,0,0,-1,2,-1,0,0,-1,1,-1,-1,3,0,8,25,0,9223372036800000000,1e+75,0,10,0,0,7,0,0,1,0,0,1,1,0,2,0,0,0,4,2,0,1,-1,-1,-1,-1,0,10,-1,1,1,3,-1,-1,-1,0,0,1,0,0,10,0,0,0,21.77
1,0,0,0,-1,0,1,1,0,0,0,0,1,0,2,0,1,1,2,-1,0,3,0,-1,10,0,9223372036800000000,1e+75,0,10,0,0,7,0,0,1,0,0,1,1,0,0,0,0,0,0,2,0,1,-1,-1,-1,-1,0,10,-1,1,1,3,-1,-1,-1,0,0,1,0,0,10,0,0,0,22.33
1,0,0,0,-1,0,1,5,0,0,0,0,2,3,1,2,1,0,2,2,0,5,0,8,50,0,9223372036800000000,20,0,10,0,0,7,0,0,1,0,0,1,1,2,3,0,0,3,0,2,0,1,-1,-1,3,-1,-1,10,-1,1,1,3,-1,-1,-1,0,0,1,0,0,10,1,0,0,23.43
1,0,0,0,-1,0,1,5,0,0,0,0,2,2,1,-1,-1,0,2,1,0,3,0,8,150,0,9223372036800000000,1,0,10,0,0,7,0,0,1,0,0,1,1,0,1,0,0,0,1,2,0,1,-1,-1,-1,-1,0,10,-1,1,1,3,-1,-1,-1,0,0,1,0,0,10,0,0,0,22.57
1,0,0,0,-1,0,1,0,0,0,0,0,3,0,-1,-1,1,2,-1,2,0,3,0,16,150,0,9223372036800000000,10,0,10,0,0,7,0,0,1,0,0,3,1,0,1,0,0,0,4,2,0,1,-1,-1,-1,-1,0,10,-1,1,1,3,-1,-1,-1,0,0,1,0,0,10,0,0,0,22.52
1,0,0,0,-1,0,1,2,0,0,0,0,1,0,-1,1,-1,-1,0,1,0,3,0,-1,10,0,9223372036800000000,1e+75,0,10,0,0,7,0,0,1,0,0,1,1,0,0,0,0,0,0,2,0,1,-1,-1,-1,-1,0,10,-1,1,1,3,-1,-1,-1,0,0,1,0,0,10,0,0,0,15.82
1,0,0,0,-1,0,1,4,0,0,0,0,1,0,-1,1,2,1,0,0,0,3,0,-1,150,0,9223372036800000000,1e+75,0,10,0,0,7,0,0,1,0,0,1,1,0,0,0,0,0,0,2,0,1,-1,-1,-1,-1,0,10,-1,1,1,3,-1,-1,-1,0,0,1,0,0,10,0,0,0,16.06
1,0,0,0,-1,0,1,2,0,0,0,0,0,0,2,1,-1,0,-1,2,0,3,0,-1,200,0,9223372036800000000,1e+75,0,10,0,0,7,0,0,1,0,0,1,1,0,0,0,0,0,0,2,0,1,-1,-1,-1,-1,0,10,-1,1,1,3,-1,-1,-1,0,0,1,0,0,10,0,0,0,18.91
1,0,0,0,-1,0,1,2,0,0,0,0,0,0,1,1,-1,2,1,2,0,3,0,-1,200,0,9223372036800000000,1e+75,0,10,0,0,7,0,0,1,0,0,1,1,0,0,0,0,0,0,2,0,1,-1,-1,-1,-1,0,10,-1,1,1,3,-1,-1,-1,0,0,1,0,0,10,0,0,0,15.45
1,0,0,0,-1,0,1,0,0,0,0,0,0,3,0,1,2,2,-1,2,2,3,0,8,800,0,9223372036800000000,10,0,10,0,0,7,0,0,1,0,0,1,1,0,-1,0,0,4,3,2,0,1,-1,-1,-1,-1,0,10,-1,1,1,3,-1,-1,-1,0,0,1,0,0,10,0,0,0,26.02
1,0,0,0,-1,0,1,0,0,0,0,0,2,1,0,2,-1,0,0,1,0,10,0,16,100,0,9223372036800000000,1e+75,0,10,0,0,7,0,0,1,0,0,0,1,0,3,0,0,1,0,2,0,1,-1,-1,1,-1,1,10,-1,1,1,3,-1,-1,-1,0,0,1,0,0,10,-1,0,0,22.49
1,0,0,0,-1,0,1,5,0,0,0,0,2,1,1,0,2,-1,1,1,-1,10,0,16,200,0,9223372036800000000,50,0,10,0,0,7,0,0,1,0,0,0,1,0,3,0,0,2,-1,2,0,1,-1,1,-1,-1,0,10,-1,1,1,3,-1,-1,-1,0,0,1,0,0,10,1,0,0,22.93
1,0,0,0,-1,0,1,5,0,0,0,0,1,-1,-1,-1,1,-1,0,2,0,3,0,1,800,0,9223372036800000000,10,0,10,0,0,7,0,0,1,0,0,1,1,0,-1,0,0,0,0,2,0,1,-1,-1,-1,-1,0,10,-1,1,1,3,-1,-1,-1,0,0,1,0,0,10,0,0,0,42.26
1,0,0,0,-1,0,1,0,0,0,0,0,-1,0,3,0,2,0,1,1,0,3,0,-1,200,0,9223372036800000000,1e+75,0,10,0,0,7,0,0,1,0,0,1,1,0,0,0,0,0,0,2,0,1,-1,-1,-1,-1,0,10,-1,1,1,3,-1,-1,-1,0,0,1,0,0,10,0,0,0,20.58
1,0,0,0,-1,0,1,5,0,0,0,0,1,-1,3,1,0,-1,2,0,-1,3,0,-1,150,0,9223372036800000000,60,0,10,0,0,7,0,0,1,0,0,1,1,0,-1,0,0,0,0,2,0,1,-1,-1,-1,-1,0,10,-1,1,1,3,-1,-1,-1,0,0,1,0,0,10,0,0,0,21.83
1,0,0,0,-1,0,1,4,0,0,0,0,0,-1,3,2,0,1,-1,-1,2,5,0,16,400,0,9223372036800000000,60,0,10,0,0,7,0,0,1,0,0,1,1,0,2,0,0,3,2,2,0,1,-1,-1,3,-1,1,10,-1,1,1,3,-1,-1,-1,0,0,1,0,0,10,1,0,0,24.81
1,0,0,0,-1,0,1,4,0,0,0,0,-1,0,3,1,2,0,2,0,1,3,0,2,150,0,9223372036800000000,240,0,10,0,0,7,0,0,1,0,0,0,1,0,3,0,0,0,0,2,0,1,-1,-1,-1,-1,0,10,-1,1,1,3,-1,-1,-1,0,0,1,0,0,10,0,0,0,23.84
1,0,0,0,-1,0,1,3,0,0,0,0,1,0,3,1,-1,-1,-1,1,-1,3,0,-1,10,0,9223372036800000000,1e+75,0,10,0,0,7,0,0,1,0,0,1,1,0,0,0,0,0,0,2,0,1,-1,-1,-1,-1,0,10,-1,1,1,3,-1,-1,-1,0,0,1,0,0,10,0,0,0,20.92
1,0,0,0,-1,0,1,0,0,0,0,0,-1,0,2,0,0,2,1,-1,0,1,0,4,10,0,9223372036800000000,2,0,10,0,0,7,0,0,1,0,0,3,1,1,1,0,0,0,3,2,0,1,-1,-1,0,-1,1,10,-1,1,1,3,-1,-1,-1,0,0,1,0,0,10,3,0,0,22.09
1,0,0,0,-1,0,1,0,0,0,0,0,1,1,-1,-1,0,0,-1,0,1,3,0,-1,200,0,9223372036800000000,1e+75,0,10,0,0,7,0,0,1,0,0,2,1,0,2,0,0,0,-1,2,0,1,-1,-1,-1,-1,0,10,-1,1,1,3,-1,-1,-1,0,0,1,0,0,10,0,0,0,22.8
1,0,0,0,-1,0,1,5,0,0,0,0,0,2,2,-1,1,0,1,-1,-1,3,0,2,200,0,9223372036800000000,240,0,10,0,0,7,0,0,1,0,0,1,1,-1,2,0,0,0,2,2,0,1,-1,-1,-1,-1,-1,10,-1,1,1,3,-1,-1,-1,0,0,1,0,0,10,0,0,0,29.21
1,0,0,0,-1,0,1,3,0,0,0,0,0,3,2,2,-1,1,0,-1,1,3,0,16,400,0,9223372036800000000,40,0,10,0,0,7,0,0,1,0,0,3,1,0,1,0,0,0,4,2,0,1,-1,-1,-1,-1,0,10,-1,1,1,3,-1,-1,-1,0,0,1,0,0,10,0,0,0,21.99
1,0,0,0,-1,0,1,3,0,0,0,0,1,0,3,-1,-1,0,-1,-1,1,3,0,-1,25,0,9223372036800000000,1e+75,0,10,0,0,7,0,0,1,0,0,1,1,0,0,0,0,0,0,2,0,1,-1,-1,-1,-1,0,10,-1,1,1,3,-1,-1,-1,0,0,1,0,0,10,0,0,0,29.48
1,0,0,0,-1,0,1,4,0,0,0,0,3,0,1,2,2,2,-1,0,-1,3,0,-1,200,0,9223372036800000000,1e+75,0,10,0,0,7,0,0,1,0,0,1,1,0,0,0,0,0,0,2,0,1,-1,-1,-1,-1,0,10,-1,1,1,3,-1,-1,-1,0,0,1,0,0,10,0,0,0,15.61
1,0,0,0,-1,0,1,4,0,0,0,0,-1,2,-1,1,2,1,0,1,2,3,0,8,100,0,9223372036800000000,20,0,10,0,0,7,0,0,1,0,0,2,1,0,2,0,0,0,2,2,0,1,-1,-1,-1,-1,0,10,-1,1,1,3,-1,-1,-1,0,0,1,0,0,10,0,0,0,20.38
1,0,0,0,-1,0,1,5,0,0,0,0,2,2,1,-1,-1,0,2,1,0,3,0,8,150,0,9223372036800000000,1,0,10,0,0,7,0,0,1,0,0,0,1,0,1,0,0,0,3,2,0,1,-1,-1,-1,-1,0,10,-1,1,1,3,-1,-1,-1,0,0,1,0,0,10,0,0,0,21.69
1,0,0,0,-1,0,1,2,0,0,0,0,0,0,2,2,-1,2,1,2,0,3,0,-1,200,0,9223372036800000000,1e+75,0,10,0,0,7,0,0,1,0,0,1,1,0,0,0,0,0,0,2,0,1,-1,-1,-1,-1,0,10,-1,1,1,3,-1,-1,-1,0,0,1,0,0,10,0,0,0,15.44
1,0,0,0,-1,0,1,4,0,0,0,0,0,-1,3,2,0,1,-1,-1,-1,5,0,16,400,0,9223372036800000000,60,0,10,0,0,7,0,0,1,0,0,1,1,0,2,0,0,3,2,2,0,1,-1,-1,1,-1,1,10,-1,1,1,3,-1,-1,-1,0,0,1,0,0,10,1,0,0,24.81
1,0,0,0,-1,0,1,2,0,0,0,0,0,0,2,1,-1,2,0,2,0,3,0,-1,200,0,9223372036800000000,1e+75,0,10,0,0,7,0,0,1,0,0,1,1,0,0,0,0,0,0,2,0,1,-1,-1,-1,-1,0,10,-1,1,1,3,-1,-1,-1,0,0,1,0,0,10,0,0,0,14.35
1,0,0,0,-1,0,1,5,0,0,0,0,2,0,0,1,1,2,1,-1,-1,3,0,4,200,0,9223372036800000000,5,0,10,0,0,7,0,0,1,0,0,1,1,1,3,0,0,0,-1,2,0,1,-1,-1,-1,-1,-1,10,-1,1,1,3,-1,-1,-1,0,0,1,0,0,10,0,0,0,22.63
1,0,0,0,-1,0,1,2,0,0,0,0,3,0,1,1,-1,0,-1,0,2,3,0,8,10,0,9223372036800000000,1e+75,0,10,0,0,7,0,0,1,0,0,1,1,0,1,0,0,0,0,2,0,1,-1,-1,-1,-1,0,10,-1,1,1,1,-1,-1,-1,0,0,1,0,0,10,0,0,0,20.87
1,0,0,0,-1,0,1,3,0,0,0,0,2,0,1,-1,1,-1,0,-1,0,3,0,-1,10,0,9223372036800000000,1e+75,0,10,0,0,7,0,0,1,0,0,1,1,0,0,0,0,0,0,2,0,1,-1,-1,-1,-1,0,10,-1,1,1,3,-1,-1,-1,0,0,1,0,0,10,0,0,0,27.53
1,0,0,0,-1,0,1,2,0,0,0,0,3,2,3,2,2,0,2,-1,-1,3,0,-1,200,0,9223372036800000000,1,0,10,0,0,7,0,0,1,0,0,0,1,0,3,0,0,0,3,2,0,1,-1,-1,-1,-1,0,10,-1,1,1,3,-1,-1,-1,0,0,1,0,0,10,0,0,0,22.25
1,0,0,0,-1,0,1,2,0,0,0,0,0,0,2,1,-1,2,0,2,0,3,0,-1,25,0,9223372036800000000,1e+75,0,10,0,0,7,0,0,1,0,0,1,1,0,0,0,0,0,0,2,0,1,-1,-1,-1,-1,0,10,-1,1,1,3,-1,-1,-1,0,0,1,0,0,10,0,0,0,14.29
1,0,0,0,-1,0,1,3,0,0,0,0,-1,0,2,0,2,1,2,1,2,3,0,-1,100,0,9223372036800000000,1e+75,0,10,0,0,7,0,0,1,0,0,1,1,0,0,0,0,0,0,2,0,1,-1,-1,-1,-1,0,10,-1,1,1,3,-1,-1,-1,0,0,1,0,0,10,0,0,0,16.59
1,0,0,0,-1,0,1,0,0,0,0,0,1,0,0,-1,1,2,-1,2,-1,3,0,-1,25,0,9223372036800000000,1e+75,0,10,0,0,7,0,0,1,0,0,1,1,0,0,0,0,0,0,2,0,1,-1,-1,-1,-1,0,10,-1,1,1,3,-1,-1,-1,0,0,1,0,0,10,0,0,0,19.41
1,0,0,0,-1,0,1,2,0,0,0,0,0,0,0,1,-1,2,0,2,-1,3,0,-1,25,0,9223372036800000000,1e+75,0,10,0,0,7,0,0,1,0,0,1,1,0,0,0,0,0,0,2,0,1,-1,-1,-1,-1,0,10,-1,1,1,3,-1,-1,-1,0,0,1,0,0,10,0,0,0,14.26
1,0,0,0,-1,0,1,2,0,0,0,0,0,0,1,1,-1,2,0,2,-1,3,0,-1,25,0,9223372036800000000,1e+75,0,10,0,0,7,0,0,1,0,0,1,1,0,0,0,0,0,0,2,0,1,-1,-1,-1,-1,0,10,-1,1,1,3,-1,-1,-1,0,0,1,0,0,10,0,0,0,14.31
1,0,0,0,-1,0,1,0,0,0,0,0,-1,0,3,0,2,1,0,1,0,3,0,-1,800,0,9223372036800000000,1e+75,0,10,0,0,7,0,0,1,0,0,1,1,0,0,0,0,0,0,2,0,1,-1,-1,-1,-1,0,10,-1,1,1,3,-1,-1,-1,0,0,1,0,0,10,0,0,0,18.41
1,0,0,0,-1,0,1,4,0,0,0,0,2,-1,3,-1,0,1,2,1,1,3,0,8,150,0,9223372036800000000,10,0,10,0,0,7,0,0,1,0,0,2,1,2,2,0,0,4,4,2,0,1,-1,-1,-1,-1,0,10,-1,1,1,3,-1,-1,-1,0,0,1,0,0,10,0,0,0,24.14
1,0,0,0,-1,0,1,5,0,0,0,0,3,-1,-1,-1,1,-1,0,2,0,3,0,4,800,0,9223372036800000000,120,0,10,0,0,7,0,0,1,0,0,1,1,0,-1,0,0,0,0,2,0,1,-1,-1,-1,-1,0,10,-1,1,1,3,-1,-1,-1,0,0,1,0,0,10,0,0,0,19.29
1,0,0,0,-1,0,1,0,0,0,0,0,3,0,0,0,-1,0,0,0,0,3,0,-1,200,0,9223372036800000000,1e+75,0,10,0,0,7,0,0,1,0,0,1,1,0,0,0,0,0,0,2,0,1,-1,-1,-1,-1,0,10,-1,1,1,3,-1,-1,-1,0,0,1,0,0,10,0,0,0,13.35
1,0,0,0,-1,0,1,0,0,0,0,0,3,0,0,0,2,-1,0,0,1,3,0,-1,50,0,9223372036800000000,1e+75,0,10,0,0,7,0,0,1,0,0,1,1,0,0,0,0,0,0,2,0,1,-1,-1,-1,-1,0,10,-1,1,1,3,-1,-1,-1,0,0,1,0,0,10,0,0,0,14.28
1,0,0,0,-1,0,1,2,0,0,0,0,0,0,0,-1,-1,2,0,2,-1,3,0,-1,25,0,9223372036800000000,1e+75,0,10,0,0,7,0,0,1,0,0,1,1,0,0,0,0,0,0,2,0,1,-1,-1,-1,-1,0,10,-1,1,1,3,-1,-1,-1,0,0,1,0,0,10,0,0,0,15.8
1,0,0,0,-1,0,1,3,0,0,0,0,2,0,1,-1,1,-1,0,-1,0,3,0,-1,10,0,9223372036800000000,1e+75,0,10,0,0,7,0,0,1,0,0,1,1,0,-1,0,0,0,0,2,0,1,-1,-1,-1,-1,0,10,-1,1,1,3,-1,-1,-1,0,0,1,0,0,10,0,0,0,29.74
1,0,0,0,-1,0,1,5,0,0,0,0,2,1,2,2,-1,0,1,0,2,3,0,16,150,0,9223372036800000000,30,0,10,0,0,7,0,0,1,0,0,1,1,0,3,0,0,0,1,2,0,1,-1,-1,-1,-1,0,10,-1,1,1,3,-1,-1,-1,0,0,1,0,0,10,0,0,0,20.57
1,0,0,0,-1,0,1,5,0,0,0,0,1,-1,3,1,0,1,2,0,-1,3,0,1,150,0,9223372036800000000,1,0,10,0,0,7,0,0,1,0,0,3,1,0,3,0,0,0,1,2,0,1,-1,-1,-1,-1,0,10,-1,1,1,3,-1,-1,-1,0,0,1,0,0,10,0,0,0,47.34
1,0,0,0,-1,0,1,2,0,0,0,0,1,0,2,2,1,0,1,0,1,3,0,-1,50,0,9223372036800000000,1e+75,0,10,0,0,7,0,0,1,0,0,1,1,0,0,0,0,0,0,2,0,1,-1,-1,-1,-1,0,10,-1,1,1,3,-1,-1,-1,0,0,1,0,0,10,0,0,0,15
1,0,0,0,-1,0,1,2,0,0,0,0,0,0,0,1,-1,2,0,2,-1,3,0,-1,800,0,9223372036800000000,1e+75,0,10,0,0,7,0,0,1,0,0,1,1,0,0,0,0,0,0,2,0,1,-1,-1,-1,-1,0,10,-1,1,1,3,-1,-1,-1,0,0,1,0,0,10,0,0,0,13.82
1,0,0,0,-1,0,1,4,0,0,0,0,-1,2,3,1,2,0,2,0,1,3,0,2,10,0,9223372036800000000,240,0,10,0,0,7,0,0,1,0,0,1,1,0,3,0,0,0,-1,2,0,1,-1,-1,-1,-1,0,10,-1,1,1,3,-1,-1,-1,0,0,1,0,0,10,0,0,0,24.24
1,0,0,0,-1,0,1,2,0,0,0,0,3,0,1,1,-1,0,-1,0,2,3,0,8,10,0,9223372036800000000,1e+75,0,10,0,0,7,0,0,1,0,1,1,1,0,1,0,0,0,0,2,0,1,-1,-1,-1,-1,0,10,-1,1,1,3,-1,-1,-1,0,0,1,0,0,10,0,0,0,15.84
1,0,0,0,-1,0,1,5,0,0,0,0,3,0,-1,0,-1,1,0,2,2,3,0,-1,50,0,9223372036800000000,1e+75,0,10,0,0,7,0,0,1,0,0,1,1,0,0,0,0,0,0,2,0,1,-1,-1,-1,-1,0,10,-1,1,1,3,-1,-1,-1,0,0,1,0,0,10,0,0,0,20.42
1,0,0,0,-1,0,1,0,0,0,0,0,-1,2,-1,1,2,0,0,2,2,3,0,8,100,0,9223372036800000000,20,0,10,0,0,7,0,0,1,0,0,0,1,0,2,0,0,0,2,2,0,1,-1,-1,-1,-1,0,10,-1,1,1,3,-1,-1,-1,0,0,1,0,0,10,0,0,0,21.56
1,0,0,0,-1,0,1,4,0,0,0,0,3,2,2,-1,2,1,1,0,0,3,0,16,10,0,9223372036800000000,0,0,10,0,0,7,0,0,1,0,0,3,1,2,0,0,0,2,1,2,0,1,-1,-1,-1,-1,-1,10,-1,1,1,3,-1,-1,-1,0,0,1,0,0,10,0,0,0,21.94
1,0,0,0,-1,0,1,0,0,0,0,0,2,3,-1,1,2,2,-1,2,0,3,0,8,25,0,9223372036800000000,20,0,10,0,0,7,0,0,1,0,0,0,1,0,2,0,0,0,2,2,0,1,-1,-1,-1,-1,0,10,-1,1,1,3,-1,-1,-1,0,0,1,0,0,10,0,0,0,19.08
1,0,0,0,-1,0,1,3,0,0,0,0,2,3,2,2,-1,1,0,-1,1,3,0,16,400,0,9223372036800000000,40,0,10,0,0,7,0,0,1,0,0,1,1,0,1,0,0,0,2,2,0,1,-1,-1,-1,-1,0,10,-1,1,1,3,-1,-1,-1,0,0,1,0,0,10,0,0,0,15.62
1,0,0,0,-1,0,1,3,0,0,0,0,1,0,3,-1,0,2,-1,-1,1,3,0,-1,25,0,9223372036800000000,1e+75,0,10,0,0,7,0,0,1,0,0,1,1,0,0,0,0,0,0,2,0,1,-1,-1,-1,-1,0,10,-1,1,1,3,-1,-1,-1,0,0,1,0,0,10,0,0,0,30.75
1,0,0,0,-1,0,1,0,0,0,0,0,1,0,0,0,2,-1,1,0,1,3,0,-1,50,0,9223372036800000000,1e+75,0,10,0,0,7,0,0,1,0,0,1,1,0,0,0,0,0,0,2,0,1,-1,-1,-1,-1,0,10,-1,1,1,3,-1,-1,-1,0,0,1,0,0,10,0,0,0,16.48
1,0,0,0,-1,0,1,5,0,0,0,0,1,0,2,0,0,0,-1,2,0,2,0,-1,200,0,9223372036800000000,2,0,10,0,0,7,0,0,1,0,0,2,1,1,0,0,0,1,3,2,0,1,-1,0,2,-1,0,10,-1,1,1,3,-1,-1,-1,0,0,1,0,0,10,3,0,0,23.16
1,0,0,0,-1,0,1,5,0,0,0,0,3,0,-1,2,-1,1,1,2,2,3,0,-1,50,0,9223372036800000000,1e+75,0,10,0,0,7,0,0,1,0,0,1,1,0,0,0,0,0,0,2,0,1,-1,-1,-1,-1,0,10,-1,1,1,3,-1,-1,-1,0,0,1,0,0,10,0,0,0,19.85
1,0,0,0,-1,0,1,1,0,0,0,0,3,0,0,1,1,-1,0,0,0,3,0,-1,400,0,9223372036800000000,1e+75,0,10,0,0,7,0,0,1,0,0,1,1,0,3,0,0,0,0,2,0,1,-1,-1,-1,-1,0,10,-1,1,1,3,-1,-1,-1,0,0,1,0,0,10,0,0,0,24.03
1,0,0,0,-1,0,1,0,0,0,0,0,1,0,0,-1,0,-1,2,0,2,3,0,16,800,0,9223372036800000000,1,0,10,0,0,7,0,0,1,0,0,3,1,2,-1,0,0,2,3,2,0,1,-1,-1,-1,-1,-1,10,-1,1,1,3,-1,-1,-1,0,0,1,0,0,10,0,0,0,22.87
1,0,0,0,-1,0,1,5,0,0,0,0,3,3,3,2,1,2,2,2,0,5,0,1,25,0,9223372036800000000,5,0,10,0,0,7,0,0,1,0,0,2,1,2,3,0,0,3,0,2,0,1,-1,-1,3,-1,-1,10,-1,1,1,3,-1,-1,-1,0,0,1,0,0,10,1,0,0,48.23
1,0,0,0,-1,0,1,2,0,0,0,0,1,0,2,2,1,0,0,0,-1,3,0,-1,200,0,9223372036800000000,1e+75,0,10,0,0,7,0,0,1,0,0,1,1,0,0,0,0,0,0,2,0,1,-1,-1,-1,-1,0,10,-1,1,1,3,-1,-1,-1,0,0,1,0,0,10,0,0,0,15.03
1,0,0,0,-1,0,1,5,0,0,0,0,-1,0,-1,2,0,1,1,1,2,3,0,-1,50,0,9223372036800000000,1e+75,0,10,0,0,7,0,0,1,0,0,1,1,0,0,0,0,0,0,2,0,1,-1,-1,-1,-1,0,10,-1,1,1,3,-1,-1,-1,0,0,1,0,0,10,0,0,0,17.32
1,0,0,0,-1,0,1,3,0,0,0,0,3,0,-1,2,0,1,1,1,2,3,0,-1,50,0,9223372036800000000,1e+75,0,10,0,0,7,0,0,1,0,0,1,1,0,0,0,0,0,0,2,0,1,-1,-1,-1,-1,0,10,-1,1,1,3,-1,-1,-1,0,0,1,0,0,10,0,0,0,17.86
1,0,0,0,-1,0,1,0,0,0,0,0,-1,-1,-1,0,1,2,1,0,-1,3,0,4,150,0,9223372036800000000,40,0,10,0,0,7,0,0,1,0,0,2,1,0,1,0,0,0,-1,2,0,1,-1,-1,-1,-1,0,10,-1,1,1,3,-1,-1,-1,0,0,1,0,0,10,0,0,0,20.83
1,0,0,0,-1,0,1,4,0,0,0,0,1,0,0,-1,0,0,2,1,0,3,0,-1,100,0,9223372036800000000,1e+75,0,10,0,0,7,0,0,1,0,0,1,1,0,1,0,0,0,0,2,0,1,-1,-1,-1,-1,0,10,-1,1,1,3,-1,-1,-1,0,0,1,0,0,10,0,0,0,17.2
1,0,0,0,-1,0,1,3,0,0,0,0,3,0,0,0,2,-1,-1,2,0,3,0,-1,50,0,9223372036800000000,1e+75,0,10,0,0,7,0,0,1,0,0,1,1,0,0,0,0,0,0,2,0,1,-1,-1,-1,-1,0,10,-1,1,1,3,-1,-1,-1,0,0,1,0,0,10,0,0,0,16.87
1,0,0,0,-1,0,1,1,0,0,0,0,-1,1,0,-1,2,1,2,0,0,3,0,4,150,0,9223372036800000000,50,0,10,0,0,7,0,0,1,0,0,1,1,0,0,0,0,0,2,2,0,1,-1,-1,-1,-1,0,10,-1,1,1,3,-1,-1,-1,0,0,1,0,0,10,0,0,0,21.34
1,0,0,0,-1,0,1,4,0,0,0,0,-1,0,3,1,1,0,2,0,1,3,0,2,150,0,9223372036800000000,240,0,10,0,0,7,0,0,1,0,0,0,1,0,3,0,0,0,0,2,0,1,-1,-1,-1,-1,0,10,-1,1,1,3,-1,-1,-1,0,0,1,0,0,10,0,0,0,23.91
1,0,0,0,-1,0,1,1,0,0,0,0,1,0,1,0,0,0,-1,-1,1,3,0,-1,200,0,9223372036800000000,1e+75,0,10,0,0,7,0,0,1,0,0,1,1,0,0,0,0,0,0,2,0,1,-1,-1,-1,-1,0,10,-1,1,1,3,-1,-1,-1,0,0,1,0,0,10,0,0,0,23.57
1,0,0,0,-1,0,1,0,0,0,0,0,2,3,-1,1,0,2,0,0,0,3,0,-1,800,0,9223372036800000000,30,0,10,0,0,7,0,0,1,0,0,1,1,3,2,0,0,3,3,2,0,1,-1,-1,-1,-1,-1,10,-1,1,1,3,-1,-1,-1,0,0,1,0,0,10,0,0,0,23.51
1,0,0,0,-1,0,1,4,0,0,0,0,0,0,0,0,1,0,2,-1,-1,3,0,-1,25,0,9223372036800000000,1e+75,0,10,0,0,7,0,0,1,0,0,1,1,0,0,0,0,0,0,2,0,1,-1,-1,-1,-1,0,10,-1,1,1,3,-1,-1,-1,0,0,1,0,0,10,0,0,0,16.46
1,0,0,0,-1,0,1,4,0,0,0,0,0,0,-1,2,0,1,1,1,2,3,0,-1,50,0,9223372036800000000,1e+75,0,10,0,0,7,0,0,1,0,0,1,1,0,0,0,0,0,0,2,0,1,-1,-1,-1,-1,0,10,-1,1,1,3,-1,-1,-1,0,0,1,0,0,10,0,0,0,16.67
1,0,0,0,-1,0,1,0,0,0,0,0,0,3,0,1,0,2,-1,2,2,3,0,8,10,0,9223372036800000000,10,0,10,0,0,7,0,0,1,0,0,1,1,0,-1,0,0,5,3,2,0,1,-1,-1,-1,-1,0,10,-1,1,1,3,-1,-1,-1,0,0,1,0,0,10,0,0,0,34.3
1,0,0,0,-1,0,1,2,0,0,0,0,1,-1,1,2,2,0,2,1,-1,3,0,16,100,0,9223372036800000000,20,0,10,0,0,7,0,0,1,0,0,1,1,0,2,0,0,0,2,2,0,1,-1,-1,-1,-1,0,10,-1,1,1,3,-1,-1,-1,0,0,1,0,0,10,0,0,0,15.06
1,0,0,0,-1,0,1,2,0,0,0,0,3,0,-1,1,-1,0,-1,0,-1,3,0,8,10,0,9223372036800000000,1e+75,0,10,0,0,7,0,0,1,0,0,1,1,0,1,0,0,0,0,2,0,1,-1,-1,-1,-1,0,10,-1,1,1,3,-1,-1,-1,0,0,1,0,0,10,0,0,0,15.73
1,0,0,0,-1,0,1,3,0,0,0,0,1,1,-1,-1,0,1,-1,0,1,3,0,4,10,0,9223372036800000000,50,0,10,0,0,7,0,0,1,0,0,1,1,0,2,0,0,0,1,2,0,1,-1,-1,-1,-1,0,10,-1,1,1,3,-1,-1,-1,0,0,1,0,0,10,0,0,0,23.9
1,0,0,0,-1,0,1,2,0,0,0,0,2,-1,-1,-1,1,1,-1,2,-1,3,0,16,200,0,9223372036800000000,60,0,10,0,0,7,0,0,1,0,0,1,1,0,3,0,0,0,1,2,0,1,-1,-1,1,-1,-1,10,-1,1,1,3,-1,-1,-1,0,0,1,0,0,10,3,0,0,22.15
1,0,0,0,-1,0,1,2,0,0,0,0,3,0,1,1,-1,0,-1,0,2,3,0,8,10,0,9223372036800000000,1e+75,0,10,0,0,7,0,0,1,0,0,1,1,0,1,0,0,0,0,2,0,1,-1,-1,3,-1,0,10,-1,1,1,3,-1,-1,-1,0,0,1,0,0,10,0,0,0,12.31
1,0,0,0,-1,0,1,4,0,0,0,0,-1,2,3,1,2,0,2,0,1,3,0,2,10,0,9223372036800000000,240,0,10,0,0,7,0,0,1,0,0,1,1,0,3,0,0,0,0,2,0,1,-1,-1,-1,-1,0,10,-1,1,1,3,-1,-1,-1,0,0,1,0,0,10,0,0,0,18.43
1,0,0,0,-1,0,1,0,0,0,0,0,1,1,-1,-1,0,0,-1,0,1,3,0,-1,25,0,9223372036800000000,50,0,10,0,0,7,0,0,1,0,0,2,1,0,2,0,0,0,-1,2,0,1,-1,-1,-1,-1,0,10,-1,1,1,3,-1,-1,-1,0,0,1,0,0,10,0,0,0,23.29
1,0,0,0,-1,0,1,5,0,0,0,0,1,0,2,0,0,0,-1,2,0,2,0,-1,200,0,9223372036800000000,2,0,10,0,0,7,0,0,1,0,0,2,1,1,0,0,0,1,-1,2,0,1,-1,0,2,-1,-1,10,-1,1,1,3,-1,-1,-1,0,0,1,0,0,10,3,0,0,23.62
1,0,0,0,-1,0,1,5,0,0,0,0,2,1,1,0,2,-1,1,1,-1,10,0,16,200,0,9223372036800000000,50,0,10,0,0,7,0,0,1,0,0,0,1,-1,3,0,0,2,2,2,0,1,-1,1,-1,-1,0,10,-1,1,1,3,-1,-1,-1,0,0,1,0,0,10,1,0,0,21.57
1,0,0,0,-1,0,1,0,0,0,0,0,1,0,1,-1,-1,0,2,-1,-1,3,0,-1,50,0,9223372036800000000,1e+75,0,10,0,0,7,0,0,1,0,0,1,1,0,0,0,0,0,0,2,0,1,-1,-1,-1,-1,0,10,-1,1,1,3,-1,-1,-1,0,0,1,0,0,10,0,0,0,26.67
1,0,0,0,-1,0,1,2,0,0,0,0,3,0,-1,1,-1,0,-1,0,2,2,0,8,10,0,9223372036800000000,1e+75,0,10,0,0,7,0,0,1,0,0,1,1,0,1,0,0,0,0,2,0,1,-1,-1,-1,-1,0,10,-1,1,1,3,-1,-1,-1,0,0,1,0,0,10,0,0,0,14.7
1,0,0,0,-1,0,1,4,0,0,0,0,2,1,1,0,-1,-1,1,1,-1,10,0,2,200,0,9223372036800000000,50,0,10,0,0,7,0,0,1,0,0,0,1,0,3,0,0,2,4,2,0,1,-1,1,-1,-1,-1,10,-1,1,1,3,-1,-1,-1,0,0,1,0,0,10,1,0,0,25
1,0,0,0,-1,0,1,0,0,0,0,0,1,0,1,-1,-1,0,1,-1,2,3,0,-1,150,0,9223372036800000000,1e+75,0,10,0,0,7,0,0,1,0,0,1,1,0,0,0,0,0,0,2,0,1,-1,-1,-1,-1,0,10,-1,1,1,3,-1,-1,-1,0,0,1,0,0,10,0,0,0,27.37
1,0,0,0,-1,0,1,0,0,0,0,0,1,0,3,2,1,1,2,0,-1,3,0,-1,50,0,9223372036800000000,1e+75,0,10,0,0,7,0,0,1,0,0,1,1,0,2,0,0,0,0,2,0,1,-1,-1,-1,-1,0,10,-1,1,1,3,-1,-1,-1,0,0,1,0,0,10,0,0,0,19.68
1,0,0,0,-1,0,1,0,0,0,0,0,1,3,-1,-1,-1,-1,-1,2,0,5,0,8,800,0,9223372036800000000,20,0,10,0,0,7,0,0,1,0,0,1,1,1,2,0,0,2,-1,2,0,1,-1,0,2,-1,0,10,-1,1,1,3,-1,-1,-1,0,0,1,0,0,10,-1,0,0,22.4
1,0,0,0,-1,0,1,0,0,0,0,0,2,0,2,0,0,2,1,-1,0,1,0,4,10,0,9223372036800000000,2,0,10,0,0,7,0,0,1,0,0,3,1,1,1,0,0,0,3,2,0,1,-1,-1,0,-1,1,10,-1,1,1,3,-1,-1,-1,0,0,1,0,0,10,3,0,0,22.09
1,0,0,0,-1,0,1,0,0,0,0,0,1,0,1,-1,-1,2,2,-1,-1,3,0,-1,50,0,9223372036800000000,1e+75,0,10,0,0,7,0,0,1,0,0,1,1,0,0,0,0,0,0,2,0,1,-1,-1,-1,-1,0,10,-1,1,1,3,-1,-1,-1,0,0,1,0,0,10,0,0,0,27.11
1,0,0,0,-1,0,1,2,0,0,0,0,2,-1,-1,-1,1,1,-1,2,-1,3,0,1,200,0,9223372036800000000,60,0,10,0,0,7,0,0,1,0,0,1,1,0,3,0,0,0,1,2,0,1,-1,-1,1,-1,-1,10,-1,1,1,3,-1,-1,-1,0,0,1,0,0,10,3,0,0,44.71
1,0,0,0,-1,0,1,5,0,0,0,0,3,0,-1,2,-1,1,0,2,2,3,0,-1,50,0,9223372036800000000,1e+75,0,10,0,0,7,0,0,1,0,0,1,1,0,0,0,0,0,0,2,0,1,-1,-1,-1,-1,0,10,-1,1,1,3,-1,-1,-1,0,0,1,0,0,10,0,0,0,20.27
1,0,0,0,-1,0,1,0,0,0,0,0,0,3,0,1,0,2,-1,2,2,3,0,8,100,0,9223372036800000000,10,0,10,0,0,7,0,0,1,0,0,1,1,0,-1,0,0,4,3,2,0,1,-1,-1,-1,-1,0,10,-1,1,1,3,-1,-1,-1,0,0,1,0,0,10,0,0,0,26.02
1,0,0,0,-1,0,1,4,0,0,0,0,1,0,3,-1,0,0,-1,-1,1,3,0,-1,25,0,9223372036800000000,1e+75,0,10,0,0,7,0,0,1,0,0,1,1,0,0,0,0,0,0,2,0,1,-1,-1,-1,-1,0,10,-1,1,1,3,-1,-1,-1,0,0,1,0,0,10,0,0,0,30.67
1,0,0,0,-1,0,1,3,0,0,0,0,2,0,3,0,0,0,2,2,0,3,0,8,10,0,9223372036800000000,40,0,10,0,0,7,0,0,1,0,0,1,1,0,-1,0,0,0,3,2,0,1,-1,-1,-1,-1,0,10,-1,1,1,3,-1,-1,-1,0,0,1,0,0,10,0,0,0,23.35
1,0,0,0,-1,0,1,0,0,0,0,0,1,0,1,-1,-1,0,-1,-1,-1,3,0,-1,800,0,9223372036800000000,1e+75,0,10,0,0,7,0,0,1,0,0,1,1,0,0,0,0,0,0,2,0,1,-1,-1,-1,-1,0,10,-1,1,1,3,-1,-1,-1,0,0,1,0,0,10,0,0,0,30.72
1,0,0,0,-1,0,1,5,0,0,0,0,2,2,1,-1,0,0,2,1,0,3,0,8,150,0,9223372036800000000,1,0,10,0,0,7,0,0,1,0,0,0,1,0,1,0,0,0,1,2,0,1,-1,-1,-1,-1,0,10,-1,1,1,3,-1,-1,-1,0,0,1,0,0,10,0,0,0,21.73
1,0,0,0,-1,0,1,2,0,0,0,0,3,0,1,1,-1,0,-1,0,2,3,0,-1,150,0,9223372036800000000,1e+75,0,10,0,0,7,0,0,1,0,0,1,1,0,1,0,0,0,0,2,0,1,-1,-1,-1,-1,0,10,-1,1,1,3,-1,-1,-1,0,0,1,0,0,10,0,0,0,14.7
1,0,0,0,-1,0,1,0,0,0,0,0,1,0,1,-1,-1,0,2,-1,2,3,0,-1,150,0,9223372036800000000,1e+75,0,10,0,0,7,0,0,1,0,0,1,1,0,0,0,0,0,0,2,0,1,-1,-1,-1,-1,0,10,-1,1,1,3,-1,-1,-1,0,0,1,0,0,10,0,0,0,26.13
1,0,0,0,-1,0,1,5,0,0,0,0,3,-1,-1,-1,1,-1,0,2,0,3,0,1,800,0,9223372036800000000,10,0,10,0,0,7,0,0,1,0,0,1,1,0,-1,0,0,0,0,2,0,1,-1,-1,-1,-1,0,10,-1,1,1,3,-1,-1,-1,0,0,1,0,0,10,0,0,0,42.26
1,0,0,0,-1,0,1,2,0,0,0,0,3,0,1,1,-1,2,-1,0,2,3,0,-1,10,0,9223372036800000000,1e+75,0,10,0,0,7,0,0,1,0,0,1,1,0,0,0,0,0,0,2,0,1,-1,-1,-1,-1,0,10,-1,1,1,3,-1,-1,-1,0,0,1,0,0,10,0,0,0,16.07
1,0,0,0,-1,0,1,2,0,0,0,0,3,0,1,1,-1,0,-1,0,2,3,0,8,10,0,9223372036800000000,1e+75,0,10,0,0,7,0,0,1,0,0,1,1,0,1,0,0,0,0,2,0,1,-1,-1,-1,-1,0,10,-1,1,1,3,-1,-1,-1,0,0,1,0,0,10,0,0,0,12.31
1,0,0,0,-1,0,1,0,0,0,0,0,1,0,1,-1,-1,0,0,-1,2,3,0,-1,150,0,9223372036800000000,1e+75,0,10,0,0,7,0,0,1,0,0,1,1,0,0,0,0,0,0,2,0,1,-1,-1,-1,-1,0,10,-1,1,1,3,-1,-1,-1,0,0,1,0,0,10,0,0,0,26.61
1,0,0,0,-1,0,1,4,0,0,0,0,-1,0,2,1,2,-1,-1,2,1,3,0,-1,100,0,9223372036800000000,1e+75,0,10,0,0,7,0,0,1,0,0,1,1,0,0,0,0,0,0,2,0,1,-1,-1,-1,-1,0,10,-1,1,1,3,-1,-1,-1,0,0,1,0,0,10,0,0,0,20.29
1,0,0,0,-1,0,1,0,0,0,0,0,1,0,0,-1,-1,2,-1,1,-1,3,0,-1,100,0,9223372036800000000,1e+75,0,10,0,0,7,0,0,1,0,0,1,1,0,0,0,0,0,0,2,0,1,-1,-1,-1,-1,0,10,-1,1,1,3,-1,-1,-1,0,0,1,0,0,10,0,0,0,20.98
1,0,0,0,-1,0,1,0,0,0,0,0,2,-1,-1,1,2,2,-1,2,0,3,0,8,25,0,9223372036800000000,20,0,10,0,0,7,0,0,1,0,0,0,1,0,2,0,0,0,2,2,0,1,-1,-1,-1,-1,0,10,-1,1,1,3,-1,-1,-1,0,0,1,0,0,10,0,0,0,21.5
1,0,0,0,-1,0,1,0,0,0,0,0,1,0,1,-1,2,0,2,-1,2,3,0,-1,50,0,9223372036800000000,1e+75,0,10,0,0,7,0,0,1,0,0,1,1,0,0,0,0,0,0,2,0,1,-1,-1,-1,-1,0,10,-1,1,1,3,-1,-1,-1,0,0,1,0,0,10,0,0,0,26.64
1,0,0,0,-1,0,1,0,0,0,0,0,-1,2,-1,1,2,0,0,2,2,3,0,1,100,0,9223372036800000000,20,0,10,0,0,7,0,0,1,0,0,2,1,0,2,0,0,0,2,2,0,1,-1,-1,-1,-1,0,10,-1,1,1,3,-1,-1,-1,0,0,1,0,0,10,0,0,0,45.93
1,0,0,0,-1,0,1,5,0,0,0,0,0,1,1,0,0,-1,0,-1,1,3,0,2,50,0,9223372036800000000,30,0,10,0,0,7,0,0,1,0,0,1,1,1,-1,0,0,0,3,2,0,1,-1,-1,1,-1,0,10,-1,1,1,3,-1,-1,-1,0,0,1,0,0,10,-1,0,0,21.79
1,0,0,0,-1,0,1,3,0,0,0,0,1,0,3,-1,0,0,-1,-1,1,3,0,-1,25,0,9223372036800000000,1e+75,0,10,0,0,7,0,0,1,0,0,1,1,0,0,0,0,0,0,2,0,1,-1,-1,-1,-1,0,10,-1,1,1,3,-1,-1,-1,0,0,1,0,0,10,0,0,0,29.09
1,0,0,0,-1,0,1,0,0,0,0,0,3,0,1,-1,1,-1,1,0,0,2,0,4,25,0,9223372036800000000,30,0,10,0,0,7,0,0,1,0,0,3,1,1,1,0,0,2,2,2,0,1,-1,1,-1,-1,0,10,-1,1,1,3,-1,-1,-1,0,0,1,0,0,10,3,0,0,21.5
1,0,0,0,-1,0,1,3,0,0,0,0,1,0,3,-1,0,0,-1,-1,1,3,0,-1,100,0,9223372036800000000,1e+75,0,10,0,0,7,0,0,1,0,0,1,1,0,0,0,0,0,0,2,0,1,-1,-1,-1,-1,0,10,-1,1,1,3,-1,-1,-1,0,0,1,0,0,10,0,0,0,33.58
1,0,0,0,-1,0,1,0,0,0,0,0,0,0,0,0,0,0,0,0,0,3,0,-1,200,0,9223372036800000000,1e+75,0,10,0,0,7,0,0,1,0,0,1,1,0,0,0,0,0,0,2,0,1,-1,-1,-1,-1,0,10,-1,1,1,3,-1,-1,-1,0,0,1,0,0,10,0,0,0,13.36
1,0,0,0,-1,0,1,3,0,0,0,0,1,0,1,2,-1,0,1,0,0,3,0,-1,800,0,9223372036800000000,1e+75,0,10,0,0,7,0,0,1,0,0,1,1,0,0,0,0,0,0,2,0,1,-1,-1,-1,-1,0,10,-1,1,1,3,-1,-1,-1,0,0,1,0,0,10,0,0,0,17.12
1,0,0,0,-1,0,1,3,0,0,0,0,1,0,3,0,0,0,-1,-1,1,3,0,-1,25,0,9223372036800000000,1e+75,0,10,0,0,7,0,0,1,0,0,1,1,0,0,0,0,0,0,2,0,1,-1,-1,-1,-1,0,10,-1,1,1,3,-1,-1,-1,0,0,1,0,0,10,0,0,0,21.36
1,0,0,0,-1,0,1,5,0,0,0,0,2,2,1,-1,-1,0,2,1,0,3,0,1,150,0,9223372036800000000,1,0,10,0,0,7,0,0,1,0,0,0,1,0,1,0,0,0,1,2,0,1,-1,-1,-1,-1,0,10,-1,1,1,3,-1,-1,-1,0,0,1,0,0,10,0,0,0,47.93
1,0,0,0,-1,0,1,0,0,0,0,0,2,3,-1,1,1,2,-1,2,0,3,0,8,25,0,9223372036800000000,20,0,10,0,0,7,0,0,1,0,0,0,1,0,2,0,0,0,2,2,0,1,-1,-1,-1,-1,0,10,-1,1,1,3,-1,-1,-1,0,0,1,0,0,10,0,0,0,19.31
1,0,0,0,-1,0,1,3,0,0,0,0,2,0,3,0,0,0,2,2,0,3,0,8,10,0,9223372036800000000,240,0,10,0,0,7,0,0,1,0,0,1,1,0,-1,0,0,0,4,2,0,1,-1,-1,-1,-1,0,10,-1,1,1,3,-1,-1,-1,0,0,1,0,0,10,0,0,0,15.82
1,0,0,0,-1,0,1,2,0,0,0,0,3,0,1,1,-1,0,-1,0,2,3,0,-1,10,0,9223372036800000000,1e+75,0,10,0,0,7,0,0,1,0,0,1,1,0,1,40,0,0,0,2,0,1,-1,-1,-1,-1,0,10,-1,1,1,3,-1,-1,-1,0,0,1,0,0,10,0,0,0,13.99
1,0,0,0,-1,0,1,2,0,0,0,0,3,0,1,1,-1,0,-1,0,2,3,0,8,10,0,9223372036800000000,1e+75,0,10,0,0,7,0,0,1,0,0,1,1,0,1,0,0,0,0,2,0,1,-1,-1,-1,-1,0,10,-1,1,1,3,-1,-1,-1,0,0,1,0,0,10,1,0,0,16.2
1,0,0,0,-1,0,1,0,0,0,0,0,-1,0,3,0,2,0,0,1,0,3,0,-1,200,0,9223372036800000000,1e+75,0,10,0,0,7,0,0,1,0,0,1,1,0,0,0,0,0,0,2,0,1,-1,-1,-1,-1,0,10,-1,1,1,3,-1,-1,-1,0,0,1,0,0,10,0,0,0,17.14
1,0,0,0,-1,0,1,3,0,0,0,0,1,1,2,-1,0,0,1,1,0,3,0,4,100,0,9223372036800000000,1e+75,0,10,0,0,7,0,0,1,0,0,2,1,0,0,0,0,0,2,2,0,1,-1,-1,-1,-1,0,10,-1,1,1,3,-1,-1,-1,0,0,1,0,0,10,0,0,0,19.35
1,0,0,0,-1,0,1,3,0,0,0,0,1,0,0,0,0,0,-1,-1,1,3,0,-1,200,0,9223372036800000000,1e+75,0,10,0,0,7,0,0,1,0,0,1,1,0,0,0,0,0,0,2,0,1,-1,-1,-1,-1,0,10,-1,1,1,3,-1,-1,-1,0,0,1,0,0,10,0,0,0,16.47
1,0,0,0,-1,0,1,3,0,0,0,0,2,0,0,0,2,2,2,2,0,3,0,-1,100,0,9223372036800000000,1e+75,0,10,0,0,7,0,0,1,0,0,1,1,0,0,0,0,0,0,2,0,1,-1,-1,-1,-1,0,10,-1,1,1,3,-1,-1,-1,0,0,1,0,0,10,0,0,0,17.57
1,0,0,0,-1,0,1,0,0,0,0,0,-1,3,-1,-1,2,0,1,1,1,3,0,8,800,0,9223372036800000000,240,0,10,0,0,7,0,0,1,0,0,1,1,0,3,0,0,0,0,2,0,1,-1,-1,-1,-1,0,10,-1,1,1,3,-1,-1,-1,0,0,1,0,0,10,0,0,0,18.98
1,0,0,0,-1,0,1,3,0,0,0,0,1,0,0,0,0,0,-1,-1,2,3,0,-1,200,0,9223372036800000000,1e+75,0,10,0,0,7,0,0,1,0,0,1,1,0,0,0,0,0,0,2,0,1,-1,-1,-1,-1,0,10,-1,1,1,3,-1,-1,-1,0,0,1,0,0,10,0,0,0,16.6
1,0,0,0,-1,0,1,5,0,0,0,0,2,1,2,2,-1,0,1,0,2,3,0,16,150,0,9223372036800000000,30,0,10,0,0,7,0,0,1,0,0,2,1,0,3,0,0,0,1,2,0,1,-1,-1,-1,-1,0,10,-1,1,1,3,-1,-1,-1,0,0,1,0,0,10,0,0,0,22.08
1,0,0,0,-1,0,1,3,0,0,0,0,0,0,1,0,0,2,-1,-1,0,3,0,-1,800,0,9223372036800000000,1e+75,0,10,0,0,7,0,0,1,0,0,1,1,0,2,0,0,0,0,2,0,1,-1,-1,-1,-1,0,10,-1,1,1,3,-1,-1,-1,0,0,1,0,0,10,0,0,0,16.97
1,0,0,0,-1,0,1,0,0,0,0,0,0,0,0,0,-1,0,0,0,2,3,0,-1,150,0,9223372036800000000,1e+75,0,10,0,0,7,0,0,1,0,0,1,1,0,0,0,0,0,0,2,0,1,-1,-1,-1,-1,0,10,-1,1,1,3,-1,-1,-1,0,0,1,0,0,10,0,0,0,13.59
1,0,0,0,-1,0,1,0,0,0,0,0,1,0,0,-1,0,-1,2,0,2,3,0,16,800,0,9223372036800000000,5,0,10,0,0,7,0,0,1,0,0,3,1,-1,-1,0,0,2,3,2,0,1,-1,-1,-1,-1,-1,10,-1,1,1,3,-1,-1,-1,0,0,1,0,0,10,0,0,0,23.2
1,0,0,0,-1,0,1,2,0,0,0,0,1,-1,1,2,2,0,2,1,1,3,0,16,150,0,9223372036800000000,20,0,10,0,0,7,0,0,1,0,0,1,1,0,2,0,0,0,2,2,0,1,-1,-1,-1,-1,0,10,-1,1,1,3,-1,-1,-1,0,0,1,0,0,10,0,0,0,14.15
1,0,0,0,-1,0,1,0,0,0,0,0,1,0,3,2,2,1,2,0,0,3,0,-1,50,0,9223372036800000000,1e+75,0,10,0,0,7,0,0,1,0,0,1,1,0,2,0,0,0,0,2,0,1,-1,-1,-1,-1,0,10,-1,1,1,3,-1,-1,-1,0,0,1,0,0,10,0,0,0,19.68
1,0,0,0,-1,0,1,5,0,0,0,0,2,-1,3,2,-1,0,1,0,-1,3,0,4,150,0,9223372036800000000,240,0,10,0,0,7,0,0,1,0,0,1,1,0,2,0,0,0,4,2,0,1,-1,-1,-1,-1,0,10,-1,1,1,3,-1,-1,-1,0,0,1,0,0,10,0,0,0,23.65
1,0,0,0,-1,0,1,1,0,0,0,0,3,3,3,2,0,1,-1,-1,-1,1,0,16,800,0,9223372036800000000,5,0,10,0,0,7,0,0,1,0,0,1,1,3,0,0,0,3,1,2,0,1,-1,0,2,-1,1,10,-1,1,1,3,-1,-1,-1,0,0,1,0,0,10,4,0,0,27.36
1,0,0,0,-1,0,1,2,0,0,0,0,-1,0,-1,0,0,1,0,0,1,3,0,-1,25,0,9223372036800000000,1e+75,0,10,0,0,7,0,0,1,0,0,1,1,0,0,0,0,0,0,2,0,1,-1,-1,-1,-1,0,10,-1,1,1,3,-1,-1,-1,0,0,1,0,0,10,0,0,0,14.31
1,0,0,0,-1,0,1,0,0,0,0,0,1,-1,0,0,1,2,1,0,-1,3,0,4,150,0,9223372036800000000,40,0,10,0,0,7,0,0,1,0,0,2,1,0,1,0,0,0,-1,2,0,1,-1,-1,-1,-1,0,10,-1,1,1,3,-1,-1,-1,0,0,1,0,0,10,0,0,0,20.83
1,0,0,0,-1,0,1,5,0,0,0,0,1,-1,3,1,2,-1,2,0,-1,3,0,-1,150,0,9223372036800000000,60,0,10,0,0,7,0,0,1,0,0,1,1,0,0,0,0,0,0,2,0,1,-1,-1,-1,-1,0,10,-1,1,1,3,-1,-1,-1,0,0,1,0,0,10,0,0,0,22.43
1,0,0,0,-1,0,1,0,0,0,0,0,1,0,0,2,-1,-1,-1,1,-1,3,0,-1,10,0,9223372036800000000,1e+75,0,10,0,0,7,0,0,1,0,0,1,1,0,0,0,0,0,0,2,0,1,-1,-1,-1,-1,0,10,-1,1,1,3,-1,-1,-1,0,0,1,0,0,10,0,0,0,15.76
1,0,0,0,-1,0,1,0,0,0,0,0,-1,0,3,0,2,0,0,1,0,3,0,-1,50,0,9223372036800000000,1e+75,0,10,0,0,7,0,0,1,0,0,1,1,0,0,0,0,0,0,2,0,1,-1,-1,-1,-1,0,10,-1,1,1,3,-1,-1,-1,0,0,1,0,0,10,0,0,0,20.65
1,0,0,0,-1,0,1,3,0,0,0,0,0,-1,2,2,1,1,2,1,1,3,0,8,400,0,9223372036800000000,1e+75,0,10,0,0,7,0,0,1,0,0,2,1,1,1,0,0,2,4,2,0,1,-1,-1,-1,-1,-1,10,-1,1,1,3,-1,-1,-1,0,0,1,0,0,10,0,0,0,18.6
1,0,0,0,-1,0,1,0,0,0,0,0,1,3,-1,1,2,2,-1,1,0,3,0,8,400,0,9223372036800000000,20,0,10,0,0,7,0,0,1,0,0,0,1,0,3,0,0,0,2,2,0,1,-1,-1,-1,-1,0,10,-1,1,1,3,-1,-1,-1,0,0,1,0,0,10,0,0,0,20.36
1,0,0,0,-1,0,1,0,0,0,0,0,-1,0,0,2,0,1,1,-1,2,3,0,8,100,0,9223372036800000000,30,0,10,0,0,7,0,0,1,0,0,1,1,0,-1,0,0,0,3,2,0,1,-1,-1,-1,-1,0,10,-1,1,1,3,-1,-1,-1,0,0,1,0,0,10,0,0,0,18.19
1,0,0,0,-1,0,1,3,0,0,0,0,1,0,1,-1,0,0,-1,-1,1,3,0,-1,100,0,9223372036800000000,1e+75,0,10,0,0,7,0,0,1,0,0,1,1,0,0,0,0,0,0,2,0,1,-1,-1,-1,-1,0,10,-1,1,1,3,-1,-1,-1,0,0,1,0,0,10,0,0,0,27.75
1,0,0,0,-1,0,1,4,0,0,0,0,0,1,0,2,0,2,1,0,2,5,0,-1,100,0,9223372036800000000,120,0,10,0,0,7,0,0,1,0,0,0,1,2,2,0,0,2,0,2,0,1,-1,-1,1,-1,-1,10,-1,1,1,3,-1,-1,-1,0,0,1,0,0,10,1,0,0,18.98
1,0,0,0,-1,0,1,5,0,0,0,0,1,1,3,-1,-1,2,0,0,0,0,0,16,100,0,9223372036800000000,0,0,10,0,0,7,0,0,1,0,0,1,1,0,1,0,0,2,1,2,0,1,-1,0,1,-1,-1,10,-1,1,1,3,-1,-1,-1,0,0,1,0,0,10,-1,0,0,26.67
1,0,0,0,-1,0,1,3,0,0,0,0,0,3,2,2,-1,1,0,-1,1,3,0,16,400,0,9223372036800000000,50,0,10,0,0,7,0,0,1,0,0,3,1,0,1,0,0,0,2,2,0,1,-1,-1,-1,-1,0,10,-1,1,1,3,-1,-1,-1,0,0,1,0,0,10,0,0,0,17.72
1,0,0,0,-1,0,1,5,0,0,0,0,3,3,3,2,1,2,2,2,0,5,0,8,150,0,9223372036800000000,20,0,10,0,0,7,0,0,1,0,0,1,1,2,3,0,0,3,0,2,0,1,-1,-1,3,-1,-1,10,-1,1,1,3,-1,-1,-1,0,0,1,0,0,10,1,0,0,25.13
1,0,0,0,-1,0,1,0,0,0,0,0,-1,0,0,0,-1,0,0,0,0,3,0,-1,150,0,9223372036800000000,50,0,10,0,0,7,0,0,1,0,0,1,1,0,0,0,0,0,0,2,0,1,-1,-1,-1,-1,0,10,-1,1,1,3,-1,-1,-1,0,0,1,0,0,10,0,0,0,13.19
1,0,0,0,-1,0,1,5,0,0,0,0,2,2,1,-1,-1,0,2,1,0,3,0,8,50,0,9223372036800000000,1,0,10,0,0,7,0,0,1,0,0,0,1,0,1,0,0,0,1,2,0,1,-1,-1,-1,-1,0,10,-1,1,1,3,-1,-1,-1,0,0,1,0,0,10,0,0,0,22.15
1,0,0,0,-1,0,1,2,0,0,0,0,3,0,1,1,-1,0,-1,0,2,3,0,8,10,0,9223372036800000000,1e+75,0,10,0,0,7,0,0,1,0,0,1,1,0,1,0,0,0,0,2,0,1,-1,-1,-1,-1,0,10,-1,1,1,3,-1,-1,0,0,0,1,0,0,10,0,0,0,12.61
1,0,0,0,-1,0,1,3,0,0,0,0,1,0,1,0,0,0,2,-1,1,3,0,-1,100,0,9223372036800000000,1e+75,0,10,0,0,7,0,0,1,0,0,1,1,0,0,0,0,0,0,2,0,1,-1,-1,-1,-1,0,10,-1,1,1,3,-1,-1,-1,0,0,1,0,0,10,0,0,0,17.19
1,0,0,0,-1,0,1,0,0,0,0,0,0,3,0,1,0,2,-1,2,2,3,0,8,800,0,9223372036800000000,0,0,10,0,0,7,0,0,1,0,0,1,1,0,-1,0,0,4,3,2,0,1,-1,-1,-1,-1,0,10,-1,1,1,3,-1,-1,-1,0,0,1,0,0,10,0,0,0,26.02
1,0,0,0,-1,0,1,2,0,0,0,0,3,2,3,2,2,0,2,-1,-1,3,0,-1,200,0,9223372036800000000,1e+75,0,10,0,0,7,0,0,1,0,0,0,1,0,3,0,0,0,3,2,0,1,-1,-1,-1,-1,0,10,-1,1,1,3,-1,-1,-1,0,0,1,0,0,10,0,0,0,22.25
1,0,0,0,-1,0,1,0,0,0,0,0,-1,0,3,0,2,1,1,1,2,3,0,-1,800,0,9223372036800000000,1e+75,0,10,0,0,7,0,0,1,0,0,1,1,0,0,0,0,0,0,2,0,1,-1,-1,-1,-1,0,10,-1,1,1,3,-1,-1,-1,0,0,1,0,0,10,0,0,0,20.82
1,0,0,0,-1,0,1,0,0,0,0,0,1,0,3,0,2,1,1,1,2,3,0,-1,800,0,9223372036800000000,1e+75,0,10,0,0,7,0,0,1,0,0,1,1,0,0,0,0,0,0,2,0,1,-1,-1,-1,-1,0,10,-1,1,1,3,-1,-1,-1,0,0,1,0,0,10,0,0,0,20.82
1,0,0,0,-1,0,1,0,0,0,0,0,1,0,1,2,-1,0,1,2,1,3,0,-1,800,0,9223372036800000000,1e+75,0,10,0,0,7,0,0,1,0,0,1,1,0,0,0,0,0,0,2,0,1,-1,-1,-1,-1,0,10,-1,1,1,3,-1,-1,-1,0,0,1,0,0,10,0,0,0,15.16
1,0,0,0,-1,0,1,0,0,0,0,0,-1,2,-1,1,2,0,0,2,1,3,0,8,100,0,9223372036800000000,20,0,10,0,0,7,0,0,1,0,0,2,1,0,2,0,0,0,2,2,0,1,-1,-1,-1,-1,0,10,-1,1,1,3,-1,-1,-1,0,0,1,0,0,10,0,0,0,20.26
1,0,0,0,-1,0,1,2,0,0,0,0,3,0,1,1,-1,0,-1,0,2,3,0,-1,400,0,9223372036800000000,1e+75,0,10,0,0,7,0,0,1,0,0,1,1,0,1,0,0,0,0,2,0,1,-1,-1,-1,-1,0,10,-1,1,1,3,-1,-1,-1,0,0,1,0,0,10,0,0,0,14.7
1,0,0,0,-1,0,1,2,0,0,0,0,-1,0,3,0,2,1,1,1,2,3,0,-1,800,0,9223372036800000000,1e+75,0,10,0,0,7,0,0,1,0,0,1,1,0,0,0,0,0,0,2,0,1,-1,-1,-1,-1,0,10,-1,1,1,3,-1,-1,-1,0,0,1,0,0,10,0,0,0,21.41
1,0,0,0,-1,0,1,0,0,0,0,0,2,-1,-1,1,0,2,0,0,0,3,0,-1,800,0,9223372036800000000,30,0,10,0,0,7,0,0,1,0,0,1,1,0,2,0,0,2,3,2,0,1,-1,-1,-1,-1,-1,10,-1,1,1,3,-1,-1,-1,0,0,1,0,0,10,0,0,0,20.01
1,0,0,0,-1,0,1,1,0,0,0,0,-1,0,-1,0,2,-1,-1,0,-1,2,0,16,10,0,9223372036800000000,60,0,10,0,0,7,0,0,1,0,0,0,1,3,1,0,0,2,2,2,0,1,-1,0,2,-1,-1,10,-1,1,1,3,-1,-1,-1,0,0,1,0,0,10,-1,0,0,22.77
1,0,0,0,-1,0,1,0,0,0,0,0,0,0,3,0,2,1,1,1,0,3,0,-1,800,0,9223372036800000000,1e+75,0,10,0,0,7,0,0,1,0,0,1,1,0,0,0,0,0,0,2,0,1,-1,-1,-1,-1,0,10,-1,1,1,3,-1,-1,-1,0,0,1,0,0,10,0,0,0,20.65
1,0,0,0,-1,0,1,5,0,0,0,0,2,0,1,-1,1,-1,0,-1,0,3,0,-1,10,0,9223372036800000000,1e+75,0,10,0,0,7,0,0,1,0,0,1,1,0,-1,0,0,0,0,2,0,1,-1,-1,-1,-1,0,10,-1,1,1,3,-1,-1,-1,0,0,1,0,0,10,0,0,0,32.98
1,0,0,0,-1,0,1,0,0,0,0,0,2,-1,-1,1,0,0,0,0,0,3,0,-1,800,0,9223372036800000000,30,0,10,0,0,7,0,0,1,0,0,1,1,3,2,0,0,3,3,2,0,1,-1,-1,-1,-1,-1,10,-1,1,1,3,-1,-1,-1,0,0,1,0,0,10,0,0,0,23.59
0,0,0,0,-1,0,1,2,0,0,0,0,3,0,1,1,-1,0,-1,0,2,3,0,8,10,0,9223372036800000000,1e+75,0,10,0,0,7,0,0,1,0,0,1,1,0,1,0,0,0,0,2,0,1,-1,-1,-1,-1,0,10,-1,1,1,3,-1,-1,-1,0,0,1,0,0,10,0,0,0,12.45
1,0,0,0,-1,0,1,2,0,0,0,0,1,0,0,0,2,2,1,-1,-1,3,0,-1,50,0,9223372036800000000,1e+75,0,10,0,0,7,0,0,1,0,0,1,1,0,0,0,0,0,0,2,0,1,-1,-1,-1,-1,0,10,-1,1,1,3,-1,-1,-1,0,0,1,0,0,10,0,0,0,15.51
1,0,0,0,-1,0,1,4,0,0,0,0,2,0,1,2,2,-1,-1,0,-1,3,0,-1,200,0,9223372036800000000,1e+75,0,10,0,0,7,0,0,1,0,0,1,1,0,0,0,0,0,0,2,0,1,-1,-1,-1,-1,0,10,-1,1,1,3,-1,-1,-1,0,0,1,0,0,10,0,0,0,17.61
1,0,0,0,-1,0,1,5,0,0,0,0,-1,0,-1,0,2,2,2,1,-1,3,0,-1,25,0,9223372036800000000,1e+75,0,10,0,0,7,0,0,1,0,0,1,1,0,-1,0,0,0,0,2,0,1,-1,-1,-1,-1,0,10,-1,1,1,3,-1,-1,-1,0,0,1,0,0,10,0,0,0,18.05
1,0,0,0,-1,0,1,0,0,0,0,0,-1,0,3,1,2,0,0,1,0,3,0,-1,800,0,9223372036800000000,1e+75,0,10,0,0,7,0,0,1,0,0,1,1,0,0,0,0,0,0,2,0,1,-1,-1,-1,-1,0,10,-1,1,1,3,-1,-1,-1,0,0,1,0,0,10,0,0,0,19.47
1,0,0,0,-1,0,1,2,0,0,0,0,1,0,3,1,-1,-1,-1,1,2,3,0,-1,10,0,9223372036800000000,1e+75,0,10,0,0,7,0,0,1,0,0,1,1,0,0,0,0,0,0,2,0,1,-1,-1,-1,-1,0,10,-1,1,1,3,-1,-1,-1,0,0,1,0,0,10,0,0,0,19.66
1,0,0,0,-1,0,1,1,0,0,0,0,-1,0,3,0,2,0,0,1,0,3,0,-1,800,0,9223372036800000000,1e+75,0,10,0,0,7,0,0,1,0,0,1,1,0,0,0,0,0,0,2,0,1,-1,-1,-1,-1,0,10,-1,1,1,3,-1,-1,-1,0,0,1,0,0,10,0,0,0,22.28
1,0,0,0,-1,0,1,0,0,0,0,0,-1,0,3,-1,2,0,0,1,0,3,0,-1,200,0,9223372036800000000,1e+75,0,10,0,0,7,0,0,1,0,0,1,1,0,0,0,0,0,0,2,0,1,-1,-1,-1,-1,0,10,-1,1,1,3,-1,-1,-1,0,0,1,0,0,10,0,0,0,18.03
1,0,0,0,-1,0,1,0,0,0,0,0,1,0,0,0,2,2,0,0,1,3,0,-1,50,0,9223372036800000000,1e+75,0,10,0,0,7,0,0,1,0,0,1,1,0,0,0,0,0,0,2,0,1,-1,-1,-1,-1,0,10,-1,1,1,3,-1,-1,-1,0,0,1,0,0,10,0,0,0,14.21
1,0,0,0,-1,0,1,4,0,0,0,0,3,0,0,0,2,2,2,2,0,3,0,-1,50,0,9223372036800000000,1e+75,0,10,0,0,7,0,0,1,0,0,1,1,0,0,0,0,0,0,2,0,1,-1,-1,-1,-1,0,10,-1,1,1,3,-1,-1,-1,0,0,1,0,0,10,0,0,0,16.07
1,0,0,0,-1,0,1,3,0,0,0,0,-1,0,1,1,-1,2,1,0,0,3,0,-1,800,0,9223372036800000000,1e+75,0,10,0,0,7,0,0,1,0,0,1,1,0,0,0,0,0,0,2,0,1,-1,-1,-1,-1,0,10,-1,1,1,3,-1,-1,-1,0,0,1,0,0,10,0,0,0,19.22
1,0,0,0,-1,0,1,4,0,0,0,0,2,0,0,0,2,2,2,2,0,3,0,-1,200,0,9223372036800000000,1e+75,0,10,0,0,7,0,0,1,0,0,1,1,0,0,0,0,0,0,2,0,1,-1,-1,-1,-1,0,10,-1,1,1,3,-1,-1,-1,0,0,1,0,0,10,0,0,0,14.55
1,0,0,0,-1,0,1,2,0,0,0,0,3,0,1,1,-1,0,-1,0,2,3,0,-1,10,0,9223372036800000000,1e+75,0,10,0,0,7,-1,0,1,0,0,1,1,0,1,0,0,0,0,2,0,1,-1,-1,-1,-1,0,10,-1,1,1,3,-1,-1,-1,0,0,1,0,0,10,0,0,0,14.91
1,0,0,0,-1,0,1,5,0,0,0,0,3,0,0,0,2,2,1,-1,-1,3,0,-1,50,0,9223372036800000000,1e+75,0,10,0,0,7,0,0,1,0,0,1,1,0,0,0,0,0,0,2,0,1,-1,-1,-1,-1,0,10,-1,1,1,3,-1,-1,-1,0,0,1,0,0,10,0,0,0,18.77
1,0,0,0,-1,0,1,4,0,0,0,0,2,0,-1,0,2,2,2,2,0,3,0,-1,100,0,9223372036800000000,1e+75,0,10,0,0,7,0,0,1,0,0,1,1,0,0,0,0,0,0,2,0,1,-1,-1,-1,-1,0,10,-1,1,1,3,-1,-1,-1,0,0,1,0,0,10,0,0,0,14.55
1,0,0,0,-1,0,1,2,0,0,0,0,2,-1,-1,-1,1,1,-1,2,-1,3,0,16,200,0,9223372036800000000,60,0,10,0,0,7,0,0,1,0,0,1,1,2,3,0,0,0,1,2,0,1,-1,-1,1,-1,-1,10,-1,1,1,3,-1,-1,-1,0,0,1,0,0,10,3,0,0,22.26
1,0,0,0,-1,0,1,2,0,0,0,0,3,0,1,1,2,0,-1,0,2,3,0,-1,10,0,9223372036800000000,1e+75,0,10,0,0,7,0,0,1,0,0,1,1,0,1,0,0,0,0,2,0,1,-1,-1,-1,-1,0,10,-1,1,1,3,-1,-1,-1,0,0,1,0,0,10,0,0,0,12.48
1,0,0,0,-1,0,1,4,0,0,0,0,-1,0,1,2,2,2,-1,0,2,3,0,-1,200,0,9223372036800000000,1e+75,0,10,0,0,7,0,0,1,0,0,1,1,0,0,0,0,0,0,2,0,1,-1,-1,-1,-1,0,10,-1,1,1,3,-1,-1,-1,0,0,1,0,0,10,0,0,0,15.58
1,0,0,0,-1,0,1,2,0,0,0,0,3,0,1,1,-1,-1,-1,0,2,3,0,-1,10,0,9223372036800000000,1e+75,0,10,0,0,7,0,0,1,0,0,1,1,0,0,0,0,0,0,2,0,1,-1,-1,-1,-1,0,10,-1,1,1,3,-1,-1,-1,0,0,1,0,0,10,0,0,0,15.89
1,0,0,0,-1,0,1,0,0,0,0,0,1,-1,-1,0,1,2,-1,0,-1,3,0,4,150,0,9223372036800000000,40,0,10,0,0,7,0,0,1,0,0,2,1,0,1,0,0,0,-1,2,0,1,-1,-1,-1,-1,0,10,-1,1,1,3,-1,-1,-1,0,0,1,0,0,10,0,0,0,21.23
1,0,0,0,-1,0,1,5,0,0,0,0,2,1,2,2,-1,0,1,1,2,3,0,16,150,0,9223372036800000000,240,0,10,0,0,7,0,0,1,0,0,1,1,0,3,0,0,0,1,2,0,1,-1,-1,-1,-1,0,10,-1,1,1,3,-1,-1,-1,0,0,1,0,0,10,0,0,0,20.53
1,0,0,0,-1,0,1,2,0,0,0,0,3,0,0,1,0,-1,2,1,0,3,0,8,800,0,9223372036800000000,50,0,10,0,0,7,0,0,1,0,0,1,1,1,-1,0,0,2,-1,2,0,1,-1,-1,-1,-1,0,10,-1,1,1,3,-1,-1,-1,0,0,1,0,0,10,0,0,0,24
1,0,0,0,-1,0,1,4,0,0,0,0,-1,2,2,-1,2,1,1,0,0,3,0,16,10,0,9223372036800000000,0,0,10,0,0,7,0,0,1,0,0,3,1,2,0,0,0,2,1,2,0,1,-1,-1,-1,-1,-1,10,-1,1,1,3,-1,-1,-1,0,0,1,0,0,10,0,0,0,21.94
1,0,0,0,-1,0,1,5,0,0,0,0,2,0,0,0,2,2,2,2,0,3,0,-1,100,0,9223372036800000000,1e+75,0,10,0,0,7,0,0,1,0,0,1,1,0,0,0,0,0,0,2,0,1,-1,-1,-1,-1,0,10,-1,1,1,3,-1,-1,-1,0,0,1,0,0,10,0,0,0,20.1
1,0,0,0,-1,0,1,3,0,0,0,0,1,2,0,2,0,2,2,2,1,3,0,1,10,0,9223372036800000000,20,0,10,0,0,7,0,0,1,0,0,1,1,3,0,0,0,5,-1,2,0,1,-1,-1,-1,-1,0,10,-1,1,1,3,-1,-1,-1,0,0,1,0,0,10,0,0,0,49.86
1,0,0,0,-1,0,1,5,0,0,0,0,3,0,1,2,2,1,-1,0,-1,3,0,-1,200,0,9223372036800000000,1e+75,0,10,0,0,7,0,0,1,0,0,1,1,0,0,0,0,0,0,2,0,1,-1,-1,-1,-1,0,10,-1,1,1,3,-1,-1,-1,0,0,1,0,0,10,0,0,0,21.77
1,0,0,0,-1,0,1,4,0,0,0,0,-1,0,1,2,2,2,-1,0,-1,3,0,-1,800,0,9223372036800000000,1e+75,0,10,0,0,7,0,0,1,0,0,1,1,0,0,0,0,0,0,2,0,1,-1,-1,-1,-1,0,10,-1,1,1,3,-1,-1,-1,0,0,1,0,0,10,0,0,0,15.61
1,0,0,0,-1,0,1,5,0,0,0,0,0,2,3,-1,1,0,1,-1,-1,3,0,2,150,0,9223372036800000000,240,0,10,0,0,7,0,0,1,0,0,1,1,-1,2,0,0,0,2,2,0,1,-1,-1,-1,-1,-1,10,-1,1,1,3,-1,-1,-1,0,0,1,0,0,10,0,0,0,29.26
1,0,0,0,-1,0,1,4,0,0,0,0,2,3,3,-1,0,1,2,1,1,3,0,8,150,0,9223372036800000000,10,0,10,0,0,7,0,0,1,0,0,1,1,2,2,0,0,4,4,2,0,1,-1,-1,-1,-1,0,10,-1,1,1,3,-1,-1,-1,0,0,1,0,0,10,0,0,0,23.45
1,0,0,0,-1,0,1,2,0,0,0,0,1,0,2,2,2,0,0,0,-1,3,0,-1,50,0,9223372036800000000,1e+75,0,10,0,0,7,0,0,1,0,0,1,1,0,0,0,0,0,0,2,0,1,-1,-1,-1,-1,0,10,-1,1,1,3,-1,-1,-1,0,0,1,0,0,10,0,0,0,13.94
1,0,0,0,-1,0,1,2,0,0,0,0,1,-1,1,2,2,0,2,1,1,3,0,16,25,0,9223372036800000000,20,0,10,0,0,7,0,0,1,0,0,1,1,0,2,0,0,0,2,2,0,1,-1,-1,-1,-1,0,10,-1,1,1,3,-1,-1,-1,0,0,1,0,0,10,0,0,0,13.93
1,0,0,0,-1,0,1,3,0,0,0,0,1,0,2,1,1,-1,2,0,1,3,0,-1,10,0,9223372036800000000,1e+75,0,10,0,0,7,0,0,1,0,0,1,1,0,1,0,0,0,0,2,0,1,-1,-1,-1,-1,0,10,-1,1,1,3,-1,-1,-1,0,0,1,0,0,10,0,0,0,18.53
1,0,0,0,-1,0,1,2,0,0,0,0,3,0,1,1,-1,0,-1,0,2,3,0,8,10,0,9223372036800000000,1e+75,0,10,0,0,7,0,0,1,100,0,1,1,0,1,0,0,0,0,2,0,1,-1,-1,-1,-1,0,10,-1,1,1,3,-1,-1,-1,0,0,1,0,0,10,0,0,0,15.03
1,0,0,0,-1,0,1,1,0,0,0,0,2,0,-1,0,0,-1,0,-1,1,3,0,-1,25,0,9223372036800000000,1e+75,0,10,0,0,7,0,0,1,0,0,1,1,0,0,0,0,0,0,2,0,1,-1,-1,-1,-1,0,10,-1,1,1,3,-1,-1,-1,0,0,1,0,0,10,0,0,0,22.65
1,0,0,0,-1,0,1,0,0,0,0,0,-1,2,1,0,-1,0,2,0,0,3,0,-1,100,0,9223372036800000000,1e+75,0,10,0,0,7,0,0,1,0,0,1,1,-1,0,0,0,0,0,2,0,1,-1,-1,-1,-1,0,10,-1,1,1,3,-1,-1,-1,0,0,1,0,0,10,0,0,0,12.88
1,0,0,0,-1,0,1,4,0,0,0,0,3,0,0,2,2,2,2,-1,0,3,0,-1,100,0,9223372036800000000,1e+75,0,10,0,0,7,0,0,1,0,0,1,1,0,0,0,0,0,0,2,0,1,-1,-1,-1,-1,0,10,-1,1,1,3,-1,-1,-1,0,0,1,0,0,10,0,0,0,16.56
1,0,0,0,-1,0,1,1,0,0,0,0,-1,0,0,-1,2,1,2,0,0,3,0,4,150,0,9223372036800000000,50,0,10,0,0,7,0,0,1,0,0,1,1,0,0,0,0,0,2,2,0,1,-1,-1,-1,-1,0,10,-1,1,1,3,-1,-1,-1,0,0,1,0,0,10,0,0,0,21.11
1,0,0,0,-1,0,1,3,0,0,0,0,3,0,0,0,2,2,2,-1,0,3,0,-1,100,0,9223372036800000000,1e+75,0,10,0,0,7,0,0,1,0,0,1,1,0,0,0,0,0,0,2,0,1,-1,-1,-1,-1,0,10,-1,1,1,3,-1,-1,-1,0,0,1,0,0,10,0,0,0,15.03
1,0,0,0,-1,0,1,2,0,0,0,0,3,0,1,1,-1,0,-1,0,2,3,0,8,10,0,9223372036800000000,1e+75,0,10,0,0,7,0,0,1,0,0,1,1,0,1,0,0,0,0,2,0,1,-1,-1,-1,3,0,10,-1,1,1,3,-1,-1,-1,0,0,1,0,0,10,0,0,0,12.46
1,0,0,0,-1,0,1,5,0,0,0,0,3,0,-1,-1,1,2,-1,2,0,3,0,16,150,0,9223372036800000000,40,0,10,0,0,7,0,0,1,0,0,3,1,0,1,0,0,0,4,2,0,1,-1,-1,-1,-1,0,10,-1,1,1,3,-1,-1,-1,0,0,1,0,0,10,0,0,0,21.4
1,0,0,0,-1,0,1,4,0,0,0,0,3,0,0,0,2,2,2,-1,0,3,0,-1,150,0,9223372036800000000,1e+75,0,10,0,0,7,0,0,1,0,0,1,1,0,0,0,0,0,0,2,0,1,-1,-1,-1,-1,0,10,-1,1,1,3,-1,-1,-1,0,0,1,0,0,10,0,0,0,14.43
1,0,0,0,-1,0,1,3,0,0,0,0,1,0,1,2,-1,0,1,2,0,3,0,-1,800,0,9223372036800000000,1e+75,0,10,0,0,7,0,0,1,0,0,1,1,0,0,0,0,0,0,2,0,1,-1,-1,-1,-1,0,10,-1,1,1,3,-1,-1,-1,0,0,1,0,0,10,0,0,0,16.95
1,0,0,0,-1,0,1,3,0,0,0,0,0,3,2,2,-1,1,0,-1,1,3,0,16,400,0,9223372036800000000,40,0,10,0,0,7,0,0,1,0,0,3,1,0,1,0,0,0,0,2,0,1,-1,-1,-1,-1,0,10,-1,1,1,3,-1,-1,-1,0,0,1,0,0,10,0,0,0,19.12
1,0,0,0,-1,0,1,5,0,0,0,0,3,3,2,2,0,-1,2,2,0,3,0,8,150,0,9223372036800000000,240,0,10,0,0,7,0,0,1,0,0,1,1,2,1,0,0,5,0,2,0,1,-1,-1,-1,-1,-1,10,-1,1,1,3,-1,-1,-1,0,0,1,0,0,10,0,0,0,30.84
1,0,0,0,-1,0,1,0,0,0,0,0,0,0,0,2,-1,2,-1,1,-1,3,0,-1,25,0,9223372036800000000,1e+75,0,10,0,0,7,0,0,1,0,0,1,1,0,0,0,0,0,0,2,0,1,-1,-1,-1,-1,0,10,-1,1,1,3,-1,-1,-1,0,0,1,0,0,10,0,0,0,15.39
1,0,0,0,-1,0,1,4,0,0,0,0,-1,0,3,1,2,0,2,0,1,3,0,2,100,0,9223372036800000000,240,0,10,0,0,7,0,0,1,0,0,1,1,0,3,0,0,0,0,2,0,1,-1,-1,-1,-1,0,10,-1,1,1,3,-1,-1,-1,0,0,1,0,0,10,0,0,0,22.74
1,0,0,0,-1,0,1,5,0,0,0,0,3,0,0,1,2,-1,2,1,0,3,0,8,50,0,9223372036800000000,240,0,10,0,0,7,0,0,1,0,0,3,1,3,-1,0,0,0,0,2,0,1,-1,-1,-1,-1,1,10,-1,1,1,3,-1,-1,-1,0,0,1,0,0,10,0,0,0,22.37
1,0,0,0,-1,0,1,4,0,0,0,0,-1,0,3,1,2,0,2,0,1,3,0,2,150,0,9223372036800000000,1e+75,0,10,0,0,7,0,0,1,0,0,0,1,0,1,0,0,0,0,2,0,1,-1,-1,-1,-1,0,10,-1,1,1,3,-1,-1,-1,0,0,1,0,0,10,0,0,0,24.19
1,0,0,0,-1,0,1,2,0,0,0,0,3,0,1,1,-1,0,-1,0,2,3,0,-1,10,0,9223372036800000000,5,0,10,0,0,7,0,0,1,0,0,1,1,0,1,0,0,0,0,2,0,1,-1,-1,-1,-1,0,10,-1,1,1,3,-1,-1,-1,0,0,1,0,0,10,0,0,0,12.45
1,0,0,0,-1,0,1,1,0,0,0,0,3,0,0,0,2,2,2,-1,0,3,0,-1,100,0,9223372036800000000,1e+75,0,10,0,0,7,0,0,1,0,0,1,1,0,0,0,0,0,0,2,0,1,-1,-1,-1,-1,0,10,-1,1,1,3,-1,-1,-1,0,0,1,0,0,10,0,0,0,23.19
1,0,0,0,-1,0,1,3,0,0,0,0,-1,3,2,0,0,2,-1,0,0,3,0,-1,150,0,9223372036800000000,10,0,10,0,0,7,0,0,1,0,0,3,1,2,0,0,0,1,1,2,0,1,-1,0,0,-1,0,10,-1,1,1,3,-1,-1,-1,0,0,1,0,0,10,0,0,0,20.71
1,0,0,0,-1,0,1,3,0,0,0,0,-1,2,-1,0,0,-1,1,1,-1,3,0,8,25,0,9223372036800000000,50,0,10,0,0,7,0,0,1,0,0,1,1,0,2,0,0,0,4,2,0,1,-1,-1,-1,-1,0,10,-1,1,1,3,-1,-1,-1,0,0,1,0,0,10,0,0,0,15.55
1,0,0,0,-1,0,1,4,0,0,0,0,-1,0,-1,2,0,1,-1,0,2,3,0,-1,100,0,9223372036800000000,1e+75,0,10,0,0,7,0,0,1,0,0,1,1,0,0,0,0,0,0,2,0,1,-1,-1,-1,-1,0,10,-1,1,1,3,-1,-1,-1,0,0,1,0,0,10,0,0,0,15.58
1,0,0,0,-1,0,1,0,0,0,0,0,1,0,0,-1,0,-1,-1,0,2,3,0,16,800,0,9223372036800000000,5,0,10,0,0,7,0,0,1,0,0,0,1,2,-1,0,0,2,3,2,0,1,-1,-1,-1,-1,-1,10,-1,1,1,3,-1,-1,-1,0,0,1,0,0,10,0,0,0,21.58
1,0,0,0,-1,0,1,5,0,0,0,0,0,1,1,0,0,-1,0,-1,1,3,0,2,50,0,9223372036800000000,30,0,10,0,0,7,0,0,1,0,0,1,1,1,-1,0,0,3,3,2,0,1,-1,-1,1,-1,0,10,-1,1,1,3,-1,-1,-1,0,0,1,0,0,10,-1,0,0,24.66
1,0,0,0,-1,0,1,0,0,0,0,0,1,0,3,0,1,-1,-1,-1,1,3,0,4,10,0,9223372036800000000,0,0,10,0,0,7,0,0,1,0,0,0,1,0,3,0,0,0,3,2,0,1,-1,-1,-1,-1,0,10,-1,1,1,3,-1,-1,-1,0,0,1,0,0,10,0,0,0,21.31
1,0,0,0,-1,0,1,1,0,0,0,0,3,0,0,0,2,1,-1,0,0,3,0,-1,50,0,9223372036800000000,1e+75,0,10,0,0,7,0,0,1,0,0,1,1,0,0,0,0,0,0,2,0,1,-1,-1,-1,-1,0,10,-1,1,1,3,-1,-1,-1,0,0,1,0,0,10,0,0,0,23.97
1,0,0,0,-1,0,1,3,0,0,0,0,1,3,-1,-1,-1,-1,-1,2,0,5,0,8,800,0,9223372036800000000,20,0,10,0,0,7,0,0,1,0,0,1,1,1,3,0,0,5,-1,2,0,1,-1,0,2,-1,1,10,-1,1,1,3,-1,-1,-1,0,0,1,0,0,10,-1,0,0,27.08
1,0,0,0,-1,0,1,1,0,0,0,0,-1,0,-1,0,2,2,2,0,-1,1,0,16,10,0,9223372036800000000,5,0,10,0,0,7,0,0,1,0,0,0,1,3,-1,0,0,5,2,2,0,1,-1,0,1,-1,-1,10,-1,1,1,3,-1,-1,-1,0,0,1,0,0,10,1,0,0,34.8
1,0,0,0,-1,0,1,0,0,0,0,0,1,0,-1,1,2,1,0,0,0,3,0,-1,150,0,9223372036800000000,1e+75,0,10,0,0,7,0,0,1,0,0,1,1,0,0,0,0,0,0,2,0,1,-1,-1,-1,-1,0,10,-1,1,1,3,-1,-1,-1,0,0,1,0,0,10,0,0,0,14.04
1,0,0,0,-1,0,1,1,0,0,0,0,3,0,2,0,2,2,1,-1,-1,3,0,-1,100,0,9223372036800000000,1e+75,0,10,0,0,7,0,0,1,0,0,1,1,0,0,0,0,0,0,2,0,1,-1,-1,-1,-1,0,10,-1,1,1,3,-1,-1,-1,0,0,1,0,0,10,0,0,0,23.05
1,0,0,0,-1,0,1,4,0,0,0,0,2,1,3,1,0,1,2,1,1,3,0,8,150,0,9223372036800000000,10,0,10,0,0,7,0,0,1,0,0,2,1,2,2,0,0,4,4,2,0,1,-1,-1,-1,-1,0,10,-1,1,1,3,-1,-1,-1,0,0,1,0,0,10,0,0,0,24.4
1,0,0,0,-1,0,1,1,0,0,0,0,3,0,2,0,2,2,1,-1,-1,3,0,-1,25,0,9223372036800000000,1e+75,0,10,0,0,7,0,0,1,0,0,1,1,0,0,0,0,0,0,2,0,1,-1,-1,-1,-1,0,10,-1,1,1,3,-1,-1,-1,0,0,1,0,0,10,0,0,0,23.06
1,0,0,0,-1,0,1,2,0,0,0,0,3,0,2,0,2,2,1,-1,-1,3,0,-1,100,0,9223372036800000000,1e+75,0,10,0,0,7,0,0,1,0,0,1,1,0,0,0,0,0,0,2,0,1,-1,-1,-1,-1,0,10,-1,1,1,3,-1,-1,-1,0,0,1,0,0,10,0,0,0,16.63
1,0,0,0,-1,0,1,0,0,0,0,0,1,0,2,0,1,2,2,-1,0,3,0,-1,50,0,9223372036800000000,1e+75,0,10,0,0,7,0,0,1,0,0,1,1,0,0,0,0,0,0,2,0,1,-1,-1,-1,-1,0,10,-1,1,1,3,-1,-1,-1,0,0,1,0,0,10,0,0,0,16.78
1,0,0,0,-1,0,1,5,0,0,0,0,2,-1,0,2,-1,0,1,0,-1,3,0,4,150,0,9223372036800000000,240,0,10,0,0,7,0,0,1,0,0,1,1,0,2,0,0,0,4,2,0,1,-1,-1,-1,-1,0,10,-1,1,1,3,-1,-1,-1,0,0,1,0,0,10,0,0,0,20.3
1,0,0,0,-1,0,1,3,0,0,0,0,-1,3,0,1,1,1,2,2,-1,3,0,1,400,0,9223372036800000000,50,0,10,0,0,7,0,0,1,0,0,2,1,0,2,0,0,1,4,2,0,1,-1,-1,-1,-1,1,10,-1,1,1,3,-1,-1,-1,0,0,1,0,0,10,0,0,0,44.89
1,0,0,0,-1,0,1,3,0,0,0,0,-1,3,2,0,0,2,-1,0,0,3,0,-1,25,0,9223372036800000000,10,0,10,0,0,7,0,0,1,0,0,3,1,2,0,0,0,1,1,2,0,1,-1,0,0,-1,0,10,-1,1,1,3,-1,-1,-1,0,0,1,0,0,10,0,0,0,22.11
1,0,0,0,-1,0,1,0,0,0,0,0,1,0,1,-1,-1,0,1,-1,2,3,0,-1,800,0,9223372036800000000,1e+75,0,10,0,0,7,0,0,1,0,0,1,1,0,0,0,0,0,0,2,0,1,-1,-1,-1,-1,0,10,-1,1,1,3,-1,-1,-1,0,0,1,0,0,10,0,0,0,27.23
1,0,0,0,-1,0,1,4,0,0,0,0,3,0,2,0,2,2,1,-1,-1,3,0,-1,100,0,9223372036800000000,1e+75,0,10,0,0,7,0,0,1,0,0,1,1,0,0,0,0,0,0,2,0,1,-1,-1,-1,-1,0,10,-1,1,1,3,-1,-1,-1,0,0,1,0,0,10,0,0,0,16.66
1,0,0,0,-1,0,1,2,0,0,0,0,1,3,0,2,0,1,1,-1,2,3,0,8,100,0,9223372036800000000,5,0,10,0,0,7,0,0,1,0,0,1,1,0,3,0,0,0,3,2,0,1,-1,-1,-1,-1,0,10,-1,1,1,3,-1,-1,-1,0,0,1,0,0,10,0,0,0,20.55
1,0,0,0,-1,0,1,0,0,0,0,0,-1,0,1,0,-1,0,2,0,0,3,0,-1,100,0,9223372036800000000,5,0,10,0,0,7,0,0,1,0,0,1,1,-1,0,0,0,0,0,2,0,1,-1,-1,-1,-1,0,10,-1,1,1,3,-1,-1,-1,0,0,1,0,0,10,0,0,0,12.88
1,0,0,0,-1,0,1,0,0,0,0,0,-1,0,0,0,-1,1,-1,0,0,3,0,-1,400,0,9223372036800000000,1e+75,0,10,0,0,7,0,0,1,0,0,1,1,0,2,0,0,0,0,2,0,1,-1,-1,-1,-1,0,10,-1,1,1,3,-1,-1,-1,0,0,1,0,0,10,0,0,0,16.5
1,0,0,0,-1,0,1,2,0,0,0,0,3,0,2,0,2,2,1,2,-1,3,0,-1,100,0,9223372036800000000,1e+75,0,10,0,0,7,0,0,1,0,0,1,1,0,0,0,0,0,0,2,0,1,-1,-1,-1,-1,0,10,-1,1,1,3,-1,-1,-1,0,0,1,0,0,10,0,0,0,17.94
1,0,0,0,-1,0,1,1,0,0,0,0,-1,1,0,-1,2,1,2,0,0,3,0,4,150,0,9223372036800000000,50,0,10,0,0,7,0,0,1,0,0,2,1,0,0,0,0,0,2,2,0,1,-1,-1,-1,-1,0,10,-1,1,1,3,-1,-1,-1,0,0,1,0,0,10,0,0,0,21.34
1,0,0,0,-1,0,1,0,0,0,0,0,1,0,0,1,2,1,0,0,-1,3,0,-1,150,0,9223372036800000000,1e+75,0,10,0,0,7,0,0,1,0,0,1,1,0,0,0,0,0,0,2,0,1,-1,-1,-1,-1,0,10,-1,1,1,3,-1,-1,-1,0,0,1,0,0,10,0,0,0,14.24
1,0,0,0,-1,0,1,3,0,0,0,0,-1,3,3,1,1,1,2,2,0,3,0,1,400,0,9223372036800000000,50,0,10,0,0,7,0,0,1,0,0,2,1,0,2,0,0,1,2,2,0,1,-1,-1,-1,-1,1,10,-1,1,1,3,-1,-1,-1,0,0,1,0,0,10,0,0,0,45.9
1,0,0,0,-1,0,1,0,0,0,0,0,2,1,0,2,-1,0,0,1,0,10,0,8,100,0,9223372036800000000,1e+75,0,10,0,0,7,0,0,1,0,0,0,1,0,3,0,0,1,0,2,0,1,-1,-1,1,-1,0,10,-1,1,1,3,-1,-1,-1,0,0,1,0,0,10,0,0,0,20.01
1,0,0,0,-1,0,1,3,0,0,0,0,1,0,1,2,-1,0,1,2,0,3,0,-1,25,0,9223372036800000000,1e+75,0,10,0,0,7,0,0,1,0,0,1,1,0,0,0,0,0,0,2,0,1,-1,-1,-1,-1,0,10,-1,1,1,3,-1,-1,-1,0,0,1,0,0,10,0,0,0,17.01
1,0,0,0,-1,0,1,4,0,0,0,0,0,2,3,-1,2,-1,2,0,1,3,0,2,25,0,9223372036800000000,60,0,10,0,0,7,0,0,1,0,0,1,1,-1,1,0,0,0,1,2,0,1,-1,-1,-1,-1,-1,10,-1,1,1,3,-1,-1,-1,0,0,1,0,0,10,0,0,0,21.86
1,0,0,0,-1,0,1,4,0,0,0,0,3,0,0,0,2,2,1,-1,-1,3,0,-1,50,0,9223372036800000000,1e+75,0,10,0,0,7,0,0,1,0,0,1,1,0,0,0,0,0,0,2,0,1,-1,-1,-1,-1,0,10,-1,1,1,3,-1,-1,-1,0,0,1,0,0,10,0,0,0,17.25
1,0,0,0,-1,0,1,0,0,0,0,0,-1,2,-1,0,0,-1,1,-1,-1,3,0,8,25,0,9223372036800000000,1e+75,0,10,0,0,7,0,0,1,0,0,1,1,0,2,0,0,0,4,2,0,1,-1,-1,-1,-1,0,10,-1,1,1,3,-1,-1,-1,0,0,1,0,0,10,0,0,0,18.89
1,0,0,0,-1,0,1,5,0,0,0,0,0,0,1,2,0,1,1,2,0,3,0,-1,150,0,9223372036800000000,1e+75,0,10,0,0,7,0,0,1,0,0,1,1,0,0,0,0,0,0,2,0,1,-1,-1,-1,-1,0,10,-1,1,1,3,-1,-1,-1,0,0,1,0,0,10,0,0,0,18.4
1,0,0,0,-1,0,1,5,0,0,0,0,3,0,-1,2,1,1,1,1,2,3,0,-1,50,0,9223372036800000000,1e+75,0,10,0,0,7,0,0,1,0,0,1,1,0,0,0,0,0,0,2,0,1,-1,-1,-1,-1,0,10,-1,1,1,3,-1,-1,-1,0,0,1,0,0,10,0,0,0,17.86
1,0,0,0,-1,0,1,3,0,0,0,0,1,3,-1,-1,-1,-1,-1,2,2,5,0,8,800,0,9223372036800000000,20,0,10,0,0,7,0,0,1,0,0,1,1,2,3,0,0,5,-1,2,0,1,-1,0,2,-1,1,10,-1,1,1,3,-1,-1,-1,0,0,1,0,0,10,-1,0,0,27.08
1,0,0,0,-1,0,1,2,0,0,0,0,2,2,1,-1,1,1,-1,2,-1,3,0,16,200,0,9223372036800000000,60,0,10,0,0,7,0,0,1,0,0,2,1,0,3,0,0,5,1,2,0,1,-1,-1,1,-1,-1,10,-1,1,1,3,-1,-1,-1,0,0,1,0,0,10,3,0,0,26.73
1,0,0,0,-1,0,1,0,0,0,0,0,1,0,1,1,2,0,2,-1,2,3,0,-1,150,0,9223372036800000000,1e+75,0,10,0,0,7,0,0,1,0,0,1,1,0,0,0,0,0,0,2,0,1,-1,-1,-1,-1,0,10,-1,1,1,3,-1,-1,-1,0,0,1,0,0,10,0,0,0,14.31
1,0,0,0,-1,0,1,0,0,0,0,0,1,0,3,2,1,0,2,0,0,3,0,-1,50,0,9223372036800000000,1e+75,0,10,0,0,7,0,0,1,0,0,1,1,0,2,0,0,0,0,2,0,1,-1,-1,-1,-1,0,10,-1,1,1,3,-1,-1,-1,0,0,1,0,0,10,0,0,0,20.14
1,0,0,0,-1,0,1,0,0,0,0,0,3,3,1,2,0,-1,2,2,0,3,0,8,150,0,9223372036800000000,240,0,10,0,0,7,0,0,1,0,0,1,1,2,1,0,0,0,0,2,0,1,-1,-1,-1,-1,-1,10,-1,1,1,3,-1,-1,-1,0,0,1,0,0,10,0,0,0,15.68
1,0,0,0,-1,0,1,3,0,0,0,0,3,0,2,1,1,-1,2,0,1,3,0,-1,10,0,9223372036800000000,1e+75,0,10,0,0,7,0,0,1,0,0,1,1,0,1,0,0,0,0,2,0,1,-1,-1,-1,-1,0,10,-1,1,1,3,-1,-1,-1,0,0,1,0,0,10,0,0,0,19.28
1,0,0,0,-1,0,1,2,0,0,0,0,1,0,0,0,2,2,1,-1,-1,3,0,-1,100,0,9223372036800000000,1e+75,0,10,0,0,7,0,0,1,0,0,1,1,0,0,0,0,0,0,2,0,1,-1,-1,-1,-1,0,10,-1,1,1,3,-1,-1,-1,0,0,1,0,0,10,0,0,0,14.26
1,0,0,0,-1,0,1,5,0,0,0,0,1,0,0,0,2,2,1,-1,-1,3,0,-1,100,0,9223372036800000000,1e+75,0,10,0,0,7,0,0,1,0,0,1,1,0,0,0,0,0,0,2,0,1,-1,-1,-1,-1,0,10,-1,1,1,3,-1,-1,-1,0,0,1,0,0,10,0,0,0,19.78
1,0,0,0,-1,0,1,3,0,0,0,0,-1,0,2,0,2,0,2,-1,2,3,0,-1,100,0,9223372036800000000,1e+75,0,10,0,0,7,0,0,1,0,0,1,1,0,0,0,0,0,0,2,0,1,-1,-1,-1,-1,0,10,-1,1,1,3,-1,-1,-1,0,0,1,0,0,10,0,0,0,17.19
1,0,0,0,-1,0,1,2,0,0,0,0,1,0,0,1,2,2,1,-1,-1,3,0,-1,100,0,9223372036800000000,1e+75,0,10,0,0,7,0,0,1,0,0,1,1,0,0,0,0,0,0,2,0,1,-1,-1,-1,-1,0,10,-1,1,1,3,-1,-1,-1,0,0,1,0,0,10,0,0,0,18.91
1,0,0,0,-1,0,1,0,0,0,0,0,2,0,1,0,-1,0,-1,1,2,3,0,16,10,0,9223372036800000000,1,0,10,0,0,7,0,0,1,0,0,0,1,1,2,0,0,3,3,2,0,1,-1,-1,-1,-1,-1,10,-1,1,1,3,-1,-1,-1,0,0,1,0,0,10,0,0,0,25.38
1,0,0,0,-1,0,1,1,0,0,0,0,2,0,-1,1,0,-1,0,-1,1,3,0,-1,25,0,9223372036800000000,1e+75,0,10,0,0,7,0,0,1,0,0,1,1,0,0,0,0,0,0,2,0,1,-1,-1,-1,-1,0,10,-1,1,1,3,-1,-1,-1,0,0,1,0,0,10,0,0,0,23.69
1,0,0,0,-1,0,1,0,0,0,0,0,-1,2,-1,0,0,-1,1,-1,-1,3,0,8,25,0,9223372036800000000,30,0,10,0,0,7,0,0,1,0,0,1,1,0,2,0,0,0,4,2,0,1,-1,-1,-1,-1,0,10,-1,1,1,3,-1,-1,-1,0,0,1,0,0,10,0,0,0,18.9
1,0,0,0,-1,0,1,0,0,0,0,0,1,0,3,1,-1,-1,-1,1,-1,3,0,-1,10,0,9223372036800000000,1e+75,0,10,0,0,7,0,0,1,0,0,1,1,0,0,0,0,0,0,2,0,1,-1,-1,-1,-1,0,10,-1,1,1,3,-1,-1,-1,0,0,1,0,0,10,0,0,0,20.68
1,0,0,0,-1,0,1,0,0,0,0,0,1,0,0,0,-1,2,-1,1,-1,3,0,-1,25,0,9223372036800000000,1e+75,0,10,0,0,7,0,0,1,0,0,1,1,0,0,0,0,0,0,2,0,1,-1,-1,-1,-1,0,10,-1,1,1,3,-1,-1,-1,0,0,1,0,0,10,0,0,0,17.38
1,0,0,0,-1,0,1,5,0,0,0,0,0,1,3,-1,1,0,1,-1,-1,3,0,2,200,0,9223372036800000000,240,0,10,0,0,7,0,0,1,0,0,1,1,-1,2,0,0,0,2,2,0,1,-1,-1,-1,-1,-1,10,-1,1,1,3,-1,-1,-1,0,0,1,0,0,10,0,0,0,30.88
1,0,0,0,-1,0,1,2,0,0,0,0,3,0,0,1,-1,0,-1,0,2,3,0,-1,10,0,9223372036800000000,1e+75,0,10,0,0,7,0,0,1,0,0,1,1,0,0,0,0,0,0,2,0,1,-1,-1,-1,-1,0,10,-1,1,1,3,-1,-1,-1,0,0,1,0,0,10,0,0,0,13.05
1,0,0,0,-1,0,1,0,0,0,0,0,1,0,1,2,0,0,1,-1,-1,0,0,-1,400,0,9223372036800000000,20,0,10,0,0,7,0,0,1,0,0,2,1,2,1,0,0,1,1,2,0,1,-1,1,3,-1,-1,10,-1,1,1,3,-1,-1,-1,0,0,1,0,0,10,1,0,0,25.79
1,0,0,0,-1,0,1,5,0,0,0,0,2,1,2,2,-1,0,1,1,2,3,0,16,150,0,9223372036800000000,5,0,10,0,0,7,0,0,1,0,0,1,1,0,3,0,0,0,1,2,0,1,-1,-1,-1,-1,0,10,-1,1,1,3,-1,-1,-1,0,0,1,0,0,10,0,0,0,20.53
1,0,0,0,-1,0,1,0,0,0,0,0,-1,0,0,0,-1,0,2,0,0,3,0,-1,200,0,9223372036800000000,1e+75,0,10,0,0,7,0,0,1,0,0,1,1,0,0,0,0,0,0,2,0,1,-1,-1,-1,-1,0,10,-1,1,1,3,-1,-1,-1,0,0,1,0,0,10,0,0,0,12.9
1,0,0,0,-1,0,1,5,0,0,0,0,1,0,2,2,1,0,0,0,1,3,0,-1,50,0,9223372036800000000,1e+75,0,10,0,0,7,0,0,1,0,0,1,1,0,0,0,0,0,0,2,0,1,-1,-1,-1,-1,0,10,-1,1,1,3,-1,-1,-1,0,0,1,0,0,10,0,0,0,19.79
1,0,0,0,-1,0,1,4,0,0,0,0,-1,0,3,1,2,-1,2,0,1,3,0,2,150,0,9223372036800000000,240,0,10,0,0,7,0,0,1,0,0,1,1,0,3,0,0,0,0,2,0,1,-1,-1,-1,-1,0,10,-1,1,1,3,-1,-1,-1,0,0,1,0,0,10,0,0,0,18.1
1,0,0,0,-1,0,1,3,0,0,0,0,-1,0,2,-1,2,1,2,-1,2,3,0,-1,100,0,9223372036800000000,1e+75,0,10,0,0,7,0,0,1,0,0,1,1,0,0,0,0,0,0,2,0,1,-1,-1,-1,-1,0,10,-1,1,1,3,-1,-1,-1,0,0,1,0,0,10,0,0,0,26.14
1,0,0,0,-1,0,1,0,0,0,0,0,-1,3,-1,2,-1,1,1,1,1,3,0,8,800,0,9223372036800000000,240,0,10,0,0,7,0,0,1,0,0,1,1,0,3,0,0,0,0,2,0,1,-1,-1,-1,-1,0,10,-1,1,1,3,-1,-1,-1,0,0,1,0,0,10,0,0,0,15.08
1,0,0,0,-1,0,1,4,0,0,0,0,3,2,3,-1,2,1,1,0,0,3,0,1,10,0,9223372036800000000,0,0,10,0,0,7,0,0,1,0,0,3,1,2,0,0,0,2,1,2,0,1,-1,-1,-1,-1,-1,10,-1,1,1,3,-1,-1,-1,0,0,1,0,0,10,0,0,0,47.71
1,0,0,0,-1,0,1,4,0,0,0,0,2,0,2,0,2,2,2,2,0,3,0,8,100,0,9223372036800000000,5,0,10,0,0,7,0,0,1,0,0,0,1,3,0,0,0,3,1,2,0,1,-1,-1,-1,-1,-1,10,-1,1,1,3,-1,-1,-1,0,0,1,0,0,10,0,0,0,26.77
1,0,0,0,-1,0,1,0,0,0,0,0,1,0,1,2,-1,0,1,-1,1,3,0,-1,800,0,9223372036800000000,1e+75,0,10,0,0,7,0,0,1,0,0,1,1,0,0,0,0,0,0,2,0,1,-1,-1,-1,-1,0,10,-1,1,1,3,-1,-1,-1,0,0,1,0,0,10,0,0,0,15.52
1,0,0,0,-1,0,1,0,0,0,0,0,2,-1,-1,1,0,2,0,0,0,3,0,-1,800,0,9223372036800000000,30,0,10,0,0,7,0,0,1,0,0,3,1,3,2,0,0,3,3,2,0,1,-1,-1,-1,-1,-1,10,-1,1,1,3,-1,-1,-1,0,0,1,0,0,10,0,0,0,23.52
1,0,0,0,-1,0,1,0,0,0,0,0,0,0,0,0,1,0,-1,-1,2,3,0,-1,25,0,9223372036800000000,1e+75,0,10,0,0,7,0,0,1,0,0,1,1,0,0,0,0,0,0,2,0,1,-1,-1,-1,-1,0,10,-1,1,1,3,-1,-1,-1,0,0,1,0,0,10,0,0,0,17.41
1,0,0,0,-1,0,1,0,0,0,0,0,0,0,0,0,1,0,2,-1,-1,3,0,-1,25,0,9223372036800000000,1e+75,0,10,0,0,7,0,0,1,0,0,1,1,0,0,0,0,0,0,2,0,1,-1,-1,-1,-1,0,10,-1,1,1,3,-1,-1,-1,0,0,1,0,0,10,0,0,0,13.26
1,0,0,0,-1,0,1,5,0,0,0,0,3,3,0,1,2,-1,2,1,0,3,0,4,50,0,9223372036800000000,240,0,10,0,0,7,0,0,1,0,0,3,1,3,-1,0,0,0,4,2,0,1,-1,-1,-1,-1,1,10,-1,1,1,3,-1,-1,-1,0,0,1,0,0,10,0,0,0,22.64
1,0,0,0,-1,0,1,3,0,0,0,0,0,0,0,0,1,0,2,-1,-1,3,0,-1,25,0,9223372036800000000,1e+75,0,10,0,0,7,0,0,1,0,0,1,1,0,0,0,0,0,0,2,0,1,-1,-1,-1,-1,0,10,-1,1,1,3,-1,-1,-1,0,0,1,0,0,10,0,0,0,16.44
1,0,0,0,-1,0,1,3,0,0,0,0,2,0,3,0,0,0,2,2,0,3,0,8,10,0,9223372036800000000,5,0,10,0,0,7,0,0,1,0,0,1,1,0,-1,0,0,0,4,2,0,1,-1,-1,-1,-1,0,10,-1,1,1,3,-1,-1,-1,0,0,1,0,0,10,0,0,0,15.82
1,0,0,0,-1,0,1,5,0,0,0,0,2,2,2,0,-1,2,1,-1,1,5,0,-1,150,0,9223372036800000000,1e+75,0,10,0,0,7,0,0,1,0,0,2,1,-1,-1,0,0,2,-1,2,0,1,-1,-1,-1,-1,0,10,-1,1,1,3,-1,-1,-1,0,0,1,0,0,10,0,0,0,22.31
1,0,0,0,-1,0,1,0,0,0,0,0,2,-1,0,2,-1,0,1,0,-1,3,0,4,150,0,9223372036800000000,0,0,10,0,0,7,0,0,1,0,0,1,1,0,2,0,0,0,4,2,0,1,-1,-1,-1,-1,0,10,-1,1,1,3,-1,-1,-1,0,0,1,0,0,10,0,0,0,16.75
1,0,0,0,-1,0,1,2,0,0,0,0,2,0,-1,2,0,1,1,1,2,3,0,-1,50,0,9223372036800000000,1e+75,0,10,0,0,7,0,0,1,0,0,1,1,0,0,0,0,0,0,2,0,1,-1,-1,-1,-1,0,10,-1,1,1,3,-1,-1,-1,0,0,1,0,0,10,0,0,0,15.66
1,0,0,0,-1,0,1,0,0,0,0,0,0,0,0,0,1,0,2,-1,0,3,0,-1,25,0,9223372036800000000,1e+75,0,10,0,0,7,0,0,1,0,0,1,1,0,0,0,0,0,0,2,0,1,-1,-1,-1,-1,0,10,-1,1,1,3,-1,-1,-1,0,0,1,0,0,10,0,0,0,14.06
1,0,0,0,-1,0,1,5,0,0,0,0,0,-1,3,2,0,1,-1,-1,-1,10,0,16,100,0,9223372036800000000,60,0,10,0,0,7,0,0,1,0,0,1,1,-1,2,0,0,3,2,2,0,1,-1,-1,3,-1,1,10,-1,1,1,3,-1,-1,-1,0,0,1,0,0,10,1,0,0,24.03
1,0,0,0,-1,0,1,3,0,0,0,0,0,0,1,1,-1,1,1,2,2,3,0,-1,400,0,9223372036800000000,1e+75,0,10,0,0,7,0,0,1,0,0,1,1,0,1,0,0,0,0,2,0,1,-1,-1,-1,-1,0,10,-1,1,1,3,-1,-1,-1,0,0,1,0,0,10,0,0,0,18.44
1,0,0,0,-1,0,1,3,0,0,0,0,-1,3,2,0,0,2,-1,0,0,3,0,-1,150,0,9223372036800000000,10,0,10,0,0,7,0,0,1,0,0,3,1,2,0,0,0,1,1,2,0,1,-1,0,1,-1,0,10,-1,1,1,3,-1,-1,-1,0,0,1,0,0,10,0,0,0,22.71
1,0,0,0,-1,0,1,1,0,0,0,0,-1,1,0,-1,2,1,2,0,0,3,0,4,150,0,9223372036800000000,60,0,10,0,0,7,0,0,1,0,0,1,1,0,0,0,0,0,2,2,0,1,-1,-1,-1,-1,0,10,-1,1,1,3,-1,-1,-1,0,0,1,0,0,10,0,0,0,21.34
1,0,0,0,-1,0,1,0,0,0,0,0,0,0,0,0,1,0,2,0,-1,3,0,-1,25,0,9223372036800000000,1e+75,0,10,0,0,7,0,0,1,0,0,1,1,0,0,0,0,0,0,2,0,1,-1,-1,-1,-1,0,10,-1,1,1,3,-1,-1,-1,0,0,1,0,0,10,0,0,0,13.6
1,0,0,0,-1,0,1,0,0,0,0,0,0,0,0,0,1,-1,2,-1,-1,3,0,-1,25,0,9223372036800000000,1e+75,0,10,0,0,7,0,0,1,0,0,1,1,0,0,0,0,0,0,2,0,1,-1,-1,-1,-1,0,10,-1,1,1,3,-1,-1,-1,0,0,1,0,0,10,0,0,0,16.19
1,0,0,0,-1,0,1,0,0,0,0,0,1,-1,-1,0,1,2,-1,0,1,3,0,4,150,0,9223372036800000000,40,0,10,0,0,7,0,0,1,0,0,2,1,0,1,0,0,0,-1,2,0,1,-1,-1,-1,-1,0,10,-1,1,1,3,-1,-1,-1,0,0,1,0,0,10,0,0,0,22.32
1,0,0,0,-1,0,1,0,0,0,0,0,0,0,0,0,0,0,0,-1,-1,3,0,-1,25,0,9223372036800000000,1e+75,0,10,0,0,7,0,0,1,0,0,1,1,0,0,0,0,0,0,2,0,1,-1,-1,-1,-1,0,10,-1,1,1,3,-1,-1,-1,0,0,1,0,0,10,0,0,0,13.24
1,0,0,0,-1,0,1,0,0,0,0,0,-1,0,0,0,-1,0,2,0,0,3,0,-1,50,0,9223372036800000000,1e+75,0,10,0,0,7,0,0,1,0,0,1,1,0,0,0,0,0,0,2,0,1,-1,-1,-1,-1,0,10,-1,1,1,3,-1,-1,-1,0,0,1,0,0,10,0,0,0,13.34
1,0,0,0,-1,0,1,2,0,0,0,0,3,0,1,1,-1,0,-1,0,2,3,0,-1,10,0,9223372036800000000,1e+75,0,10,0,0,7,0,0,1,0,0,1,1,0,1,20,0,0,0,2,0,1,-1,-1,-1,-1,0,10,-1,1,1,3,-1,-1,-1,0,0,1,0,0,10,0,0,0,13.99
1,0,0,0,-1,0,1,0,0,0,0,0,-1,1,2,1,2,-1,1,0,2,2,0,8,200,0,9223372036800000000,40,0,10,0,0,7,0,0,1,0,0,1,1,3,1,0,0,0,-1,2,0,1,-1,1,1,-1,1,10,-1,1,1,3,-1,-1,-1,0,0,1,0,0,10,1,0,0,21.94
1,0,0,0,-1,0,1,4,0,0,0,0,0,-1,3,2,0,1,-1,-1,-1,10,0,16,400,0,9223372036800000000,60,0,10,0,0,7,0,0,1,0,0,0,1,-1,2,0,0,3,2,2,0,1,-1,-1,3,-1,1,10,-1,1,1,3,-1,-1,-1,0,0,1,0,0,10,1,0,0,26.33
1,0,0,0,-1,0,1,2,0,0,0,0,3,0,1,1,-1,0,-1,0,2,3,0,-1,10,0,9223372036800000000,1e+75,0,10,0,0,7,0,0,1,0,0,1,1,0,-1,0,0,0,0,2,0,1,-1,-1,-1,-1,0,10,-1,1,1,3,-1,-1,-1,0,0,1,0,0,10,0,0,0,16.26
1,0,0,0,-1,0,1,0,0,0,0,0,1,0,3,0,-1,-1,-1,1,0,3,0,-1,10,0,9223372036800000000,1e+75,0,10,0,0,7,0,0,1,0,0,1,1,0,0,0,0,0,0,2,0,1,-1,-1,-1,-1,0,10,-1,1,1,3,-1,-1,-1,0,0,1,0,0,10,0,0,0,22.45
1,0,0,0,-1,0,1,3,0,0,0,0,3,0,2,0,-1,0,2,2,0,0,0,16,150,0,9223372036800000000,0,0,10,0,0,7,0,0,1,0,0,2,1,2,3,0,0,3,3,2,0,1,-1,0,-1,-1,0,10,-1,1,1,3,-1,-1,-1,0,0,1,0,0,10,3,0,0,30.41
1,0,0,0,-1,0,1,4,0,0,0,0,0,1,3,2,0,2,1,0,2,5,0,-1,800,0,9223372036800000000,120,0,10,0,0,7,0,0,1,0,0,1,1,2,2,0,0,2,0,2,0,1,-1,-1,1,-1,-1,10,-1,1,1,3,-1,-1,-1,0,0,1,0,0,10,1,0,0,20.32
1,0,0,0,-1,0,1,0,0,0,0,0,3,-1,1,-1,-1,1,1,0,0,2,0,4,25,0,9223372036800000000,1e+75,0,10,0,0,7,0,0,1,0,0,1,1,1,1,0,0,2,1,2,0,1,-1,1,-1,-1,0,10,-1,1,1,3,-1,-1,-1,0,0,1,0,0,10,3,0,0,21.97
1,0,0,0,-1,0,1,3,0,0,0,0,1,0,1,0,0,0,-1,-1,1,3,0,-1,100,0,9223372036800000000,1e+75,0,10,0,0,7,0,0,1,0,0,1,1,0,0,0,0,0,0,2,0,1,-1,-1,-1,-1,0,10,-1,1,1,3,-1,-1,-1,0,0,1,0,0,10,0,0,0,16.13
1,0,0,0,-1,0,1,0,0,0,0,0,3,0,0,0,-1,0,0,0,0,3,0,-1,150,0,9223372036800000000,1e+75,0,10,0,0,7,0,0,1,0,0,1,1,0,0,0,0,0,0,2,0,1,-1,-1,-1,-1,0,10,-1,1,1,3,-1,-1,-1,0,0,1,0,0,10,0,0,0,13.31
1,0,0,0,-1,0,1,5,0,0,0,0,1,-1,3,1,0,0,2,0,-1,3,0,1,100,0,9223372036800000000,20,0,10,0,0,7,0,0,1,0,0,3,1,0,3,0,0,0,0,2,0,1,-1,-1,-1,-1,0,10,-1,1,1,3,-1,-1,-1,0,0,1,0,0,10,0,0,0,47.05
1,0,0,0,-1,0,1,4,0,0,0,0,0,0,2,1,2,-1,-1,2,1,3,0,-1,100,0,9223372036800000000,1e+75,0,10,0,0,7,0,0,1,0,0,1,1,0,0,0,0,0,0,2,0,1,-1,-1,-1,-1,0,10,-1,1,1,3,-1,-1,-1,0,0,1,0,0,10,0,0,0,20.29
1,0,0,0,-1,0,1,0,0,0,0,0,-1,1,2,1,2,-1,1,1,2,2,0,8,200,0,9223372036800000000,40,0,10,0,0,7,0,0,1,0,0,1,1,3,1,0,0,0,-1,2,0,1,-1,1,1,-1,1,10,-1,1,1,3,-1,-1,-1,0,0,1,0,0,10,1,0,0,22.97
1,0,0,0,-1,0,1,5,0,0,0,0,-1,0,1,2,0,1,-1,0,2,3,0,-1,100,0,9223372036800000000,1e+75,0,10,0,0,7,0,0,1,0,0,1,1,0,0,0,0,0,0,2,0,1,-1,-1,-1,-1,0,10,-1,1,1,3,-1,-1,-1,0,0,1,0,0,10,0,0,0,21.95
1,0,0,0,-1,0,1,2,0,0,0,0,3,2,3,2,2,0,2,-1,-1,3,0,-1,25,0,9223372036800000000,1,0,10,0,0,7,0,0,1,0,0,0,1,0,3,0,0,0,3,2,0,1,-1,-1,-1,-1,0,10,-1,1,1,3,-1,-1,-1,0,0,1,0,0,10,0,0,0,24.82
1,0,0,0,-1,0,1,1,0,0,0,0,2,0,0,0,2,2,2,2,0,3,0,-1,50,0,9223372036800000000,1e+75,0,10,0,0,7,0,0,1,0,0,1,1,0,0,0,0,0,0,2,0,1,-1,-1,-1,-1,0,10,-1,1,1,3,-1,-1,-1,0,0,1,0,0,10,0,0,0,22.63
1,0,0,0,-1,0,1,3,0,0,0,0,1,3,-1,-1,-1,-1,-1,2,2,5,0,8,800,0,9223372036800000000,20,0,10,0,0,7,0,0,1,0,0,1,1,1,3,0,0,5,3,2,0,1,-1,0,2,-1,1,10,-1,1,1,3,-1,-1,-1,0,0,1,0,0,10,-1,0,0,34.86
1,0,0,0,-1,0,1,1,0,0,0,0,3,0,2,0,2,2,-1,-1,-1,3,0,-1,100,0,9223372036800000000,1e+75,0,10,0,0,7,0,0,1,0,0,1,1,0,0,0,0,0,0,2,0,1,-1,-1,-1,-1,0,10,-1,1,1,3,-1,-1,-1,0,0,1,0,0,10,0,0,0,23.87
1,0,0,0,-1,0,1,0,0,0,0,0,1,0,0,-1,-1,2,-1,2,-1,3,0,-1,25,0,9223372036800000000,1e+75,0,10,0,0,7,0,0,1,0,0,1,1,0,0,0,0,0,0,2,0,1,-1,-1,-1,-1,0,10,-1,1,1,3,-1,-1,-1,0,0,1,0,0,10,0,0,0,19.37
1,0,0,0,-1,0,1,4,0,0,0,0,0,0,2,1,2,-1,-1,2,1,3,0,-1,100,0,9223372036800000000,1e+75,0,10,0,0,7,0,0,1,0,0,1,1,0,2,0,0,0,0,2,0,1,-1,-1,-1,-1,0,10,-1,1,1,3,-1,-1,-1,0,0,1,0,0,10,0,0,0,18.33
1,0,0,0,-1,0,1,4,0,0,0,0,1,0,3,-1,1,0,2,-1,0,3,0,-1,400,0,9223372036800000000,1e+75,0,10,0,0,7,0,0,1,0,0,1,1,0,0,0,0,0,0,2,0,1,-1,-1,-1,-1,0,10,-1,1,1,3,-1,-1,-1,0,0,1,0,0,10,0,0,0,29.1
1,0,0,0,-1,0,1,1,0,0,0,0,-1,0,-1,0,2,-1,2,0,-1,1,0,16,10,0,9223372036800000000,5,0,10,0,0,7,0,0,1,0,0,0,1,3,-1,0,0,5,2,2,0,1,-1,0,1,-1,-1,10,-1,1,1,3,-1,-1,-1,0,0,1,0,0,10,1,0,0,34.17
1,0,0,0,-1,0,1,3,0,0,0,0,-1,0,0,0,2,1,2,-1,2,3,0,-1,100,0,9223372036800000000,1e+75,0,10,0,0,7,0,0,1,0,0,1,1,0,0,0,0,0,0,2,0,1,-1,-1,-1,-1,0,10,-1,1,1,3,-1,-1,-1,0,0,1,0,0,10,0,0,0,15.34
1,0,0,0,-1,0,1,3,0,0,0,0,-1,0,1,2,1,-1,-1,2,0,3,0,-1,50,0,9223372036800000000,1e+75,0,10,0,0,7,0,0,1,0,0,1,1,0,0,0,0,0,0,2,0,1,-1,-1,-1,-1,0,10,-1,1,1,3,-1,-1,-1,0,0,1,0,0,10,0,0,0,16.15
1,0,0,0,-1,0,1,2,0,0,0,0,0,0,2,1,0,-1,2,-1,1,3,0,-1,800,0,9223372036800000000,1e+75,0,10,0,0,7,0,0,1,0,0,1,1,0,3,0,0,0,0,2,0,1,-1,-1,-1,-1,0,10,-1,1,1,3,-1,-1,-1,0,0,1,0,0,10,0,0,0,14.54
1,0,0,0,-1,0,1,2,0,0,0,0,3,0,1,1,-1,0,-1,0,2,3,0,8,10,0,9223372036800000000,1e+75,0,10,0,0,7,0,0,1,0,0,1,1,0,1,0,2,0,0,2,0,1,-1,-1,-1,-1,0,10,-1,1,1,3,-1,-1,-1,0,0,1,0,0,10,0,0,0,12.45
1,0,0,0,-1,0,1,2,0,0,0,0,0,0,2,1,0,-1,2,-1,2,3,0,-1,800,0,9223372036800000000,1e+75,0,10,0,0,7,0,0,1,0,0,1,1,0,3,0,0,0,0,2,0,1,-1,-1,-1,-1,0,10,-1,1,1,3,-1,-1,-1,0,0,1,0,0,10,0,0,0,14.56
1,0,0,0,-1,0,1,4,0,0,0,0,2,0,2,0,2,2,2,2,0,3,0,8,800,0,9223372036800000000,5,0,10,0,0,7,0,0,1,0,0,0,1,3,0,0,0,3,4,2,0,1,-1,-1,-1,-1,-1,10,-1,1,1,3,-1,-1,-1,0,0,1,0,0,10,0,0,0,24.42
1,0,0,0,-1,0,1,0,0,0,0,0,1,0,2,-1,1,2,-1,2,-1,3,0,-1,25,0,9223372036800000000,1e+75,0,10,0,0,7,0,0,1,0,0,1,1,0,0,0,0,0,0,2,0,1,-1,-1,-1,-1,0,10,-1,1,1,3,-1,-1,-1,0,0,1,0,0,10,0,0,0,19.46
1,0,0,0,-1,0,1,5,0,0,0,0,3,-1,3,1,0,0,2,1,2,3,0,-1,10,0,9223372036800000000,120,0,10,0,0,7,0,0,1,0,0,0,1,2,1,0,0,4,-1,2,0,1,-1,-1,-1,-1,-1,10,-1,1,1,3,-1,-1,-1,0,0,1,0,0,10,0,0,0,28.56
1,0,0,0,-1,0,1,5,0,0,0,0,3,0,-1,2,-1,0,0,-1,-1,3,0,-1,200,0,9223372036800000000,1e+75,0,10,0,0,7,0,0,1,0,0,1,1,0,1,0,0,0,0,2,0,1,-1,-1,-1,-1,0,10,-1,1,1,3,-1,-1,-1,0,0,1,0,0,10,0,0,0,17.29
1,0,0,0,-1,0,1,0,0,0,0,0,0,0,3,-1,2,0,-1,1,-1,3,0,-1,400,0,9223372036800000000,1e+75,0,10,0,0,7,0,0,1,0,0,1,1,0,-1,0,0,0,0,2,0,1,-1,-1,-1,-1,0,10,-1,1,1,3,-1,-1,-1,0,0,1,0,0,10,0,0,0,20.92
1,0,0,0,-1,0,1,0,0,0,0,0,3,0,1,1,-1,0,-1,0,2,3,0,-1,10,0,9223372036800000000,1e+75,0,10,0,0,7,0,0,1,0,0,1,1,0,0,0,0,0,0,2,0,1,-1,-1,-1,-1,0,10,-1,1,1,3,-1,-1,-1,0,0,1,0,0,10,0,0,0,14.49
1,0,0,0,-1,0,1,5,0,0,0,0,3,0,-1,-1,1,2,-1,2,0,3,0,16,150,0,9223372036800000000,10,0,10,0,0,7,0,0,1,0,0,3,1,0,1,0,0,0,4,2,0,1,-1,-1,-1,-1,0,10,-1,1,1,3,-1,-1,-1,0,0,1,0,0,10,0,0,0,21.4
1,0,0,0,-1,0,1,2,0,0,0,0,3,0,1,1,-1,0,-1,0,2,3,0,-1,100,0,9223372036800000000,1e+75,0,10,0,0,7,0,0,1,0,0,1,1,0,0,0,0,0,0,2,0,1,-1,-1,-1,-1,0,10,-1,1,1,3,-1,-1,-1,0,0,1,0,0,10,0,0,0,15.64
1,0,0,0,-1,0,1,5,0,0,0,0,0,-1,3,2,0,1,-1,-1,-1,10,0,16,400,0,9223372036800000000,0,0,10,0,0,7,0,0,1,0,0,1,1,-1,2,0,0,2,2,2,0,1,-1,-1,3,-1,1,10,-1,1,1,3,-1,-1,-1,0,0,1,0,0,10,1,0,0,24.59
1,0,0,0,-1,0,1,2,0,0,0,0,3,2,3,2,2,0,2,-1,-1,3,0,-1,200,0,9223372036800000000,1,0,10,0,0,7,0,0,1,0,0,0,1,0,3,0,0,1,3,2,0,1,-1,-1,-1,-1,0,10,-1,1,1,3,-1,-1,-1,0,0,1,0,0,10,0,0,0,28.4
1,0,0,0,-1,0,1,2,0,0,0,0,3,0,1,1,-1,0,-1,0,2,3,0,-1,10,0,9223372036800000000,1e+75,0,10,0,0,7,0,0,1,0,0,1,1,0,1,500,0,0,0,2,0,1,-1,-1,-1,-1,0,10,-1,1,1,3,-1,-1,-1,0,0,1,0,0,10,0,0,0,13.99
1,0,0,0,-1,0,1,5,0,0,0,0,3,-1,-1,-1,1,-1,0,-1,0,3,0,1,800,0,9223372036800000000,10,0,10,0,0,7,0,0,1,0,0,1,1,0,-1,0,0,0,0,2,0,1,-1,-1,-1,-1,0,10,-1,1,1,3,-1,-1,-1,0,0,1,0,0,10,0,0,0,42.48
1,0,0,0,-1,0,1,0,0,0,0,0,0,3,0,1,0,2,-1,2,2,3,0,8,800,0,9223372036800000000,40,0,10,0,0,7,0,0,1,0,0,1,1,0,-1,0,0,4,3,2,0,1,-1,-1,-1,-1,0,10,-1,1,1,3,-1,-1,-1,0,0,1,0,0,10,0,0,0,26.02
1,0,0,0,-1,0,1,2,0,0,0,0,0,0,3,0,2,-1,0,-1,1,3,0,-1,150,0,9223372036800000000,1e+75,0,10,0,0,7,0,0,1,0,0,1,1,0,2,0,0,0,0,2,0,1,-1,-1,-1,-1,0,10,-1,1,1,3,-1,-1,-1,0,0,1,0,0,10,0,0,0,17.94
1,0,0,0,-1,0,1,3,0,0,0,0,0,0,1,0,0,2,-1,-1,0,3,0,-1,10,0,9223372036800000000,1e+75,0,10,0,0,7,0,0,1,0,0,1,1,0,2,0,0,0,0,2,0,1,-1,-1,-1,-1,0,10,-1,1,1,3,-1,-1,-1,0,0,1,0,0,10,0,0,0,14.89
1,0,0,0,-1,0,1,0,0,0,0,0,1,0,3,0,1,-1,-1,-1,1,3,0,4,10,0,9223372036800000000,50,0,10,0,0,7,0,0,1,0,0,0,1,0,0,0,0,0,3,2,0,1,-1,-1,-1,-1,0,10,-1,1,1,3,-1,-1,-1,0,0,1,0,0,10,0,0,0,22.63
1,0,0,0,-1,0,1,1,0,0,0,0,1,0,1,2,-1,0,1,2,0,3,0,-1,800,0,9223372036800000000,1e+75,0,10,0,0,7,0,0,1,0,0,1,1,0,0,0,0,0,0,2,0,1,-1,-1,-1,-1,0,10,-1,1,1,3,-1,-1,-1,0,0,1,0,0,10,0,0,0,22.7
1,0,0,0,-1,0,1,3,0,0,0,0,3,3,-1,1,2,2,-1,0,-1,3,0,1,200,0,9223372036800000000,30,0,10,0,0,7,0,0,1,0,0,1,1,0,-1,0,0,0,4,2,0,1,-1,-1,-1,-1,0,10,-1,1,1,3,-1,-1,-1,0,0,1,0,0,10,0,0,0,41.47
1,0,0,0,-1,0,1,0,0,0,0,0,2,1,0,2,-1,0,0,1,0,10,0,16,100,0,9223372036800000000,1e+75,0,10,0,0,7,0,0,1,0,0,0,1,0,3,0,0,1,0,2,0,1,-1,-1,1,-1,0,10,-1,1,1,3,-1,-1,-1,0,0,1,0,0,10,-1,0,0,20.3
1,0,0,0,-1,0,1,0,0,0,0,0,1,0,0,2,-1,2,-1,1,-1,3,0,-1,25,0,9223372036800000000,1e+75,0,10,0,0,7,0,0,1,0,0,1,1,0,0,0,0,0,0,2,0,1,-1,-1,-1,-1,0,10,-1,1,1,3,-1,-1,-1,0,0,1,0,0,10,0,0,0,15.4
1,0,0,0,-1,0,1,3,0,0,0,0,1,0,2,-1,0,-1,1,1,0,3,0,1,100,0,9223372036800000000,1e+75,0,10,0,0,7,0,0,1,0,0,2,1,0,1,0,0,0,2,2,0,1,-1,-1,-1,-1,0,10,-1,1,1,3,-1,-1,-1,0,0,1,0,0,10,0,0,0,44.57
1,0,0,0,-1,0,1,5,0,0,0,0,-1,0,0,0,2,2,2,1,-1,3,0,-1,25,0,9223372036800000000,1e+75,0,10,0,0,7,0,0,1,0,0,1,1,0,-1,0,0,0,0,2,0,1,-1,-1,-1,-1,0,10,-1,1,1,3,-1,-1,-1,0,0,1,0,0,10,0,0,0,18.05
1,0,0,0,-1,0,1,4,0,0,0,0,3,2,3,-1,2,1,1,0,0,3,0,16,10,0,9223372036800000000,0,0,10,0,0,7,0,0,1,0,0,3,1,1,0,0,0,2,1,2,0,1,-1,-1,-1,-1,-1,10,-1,1,1,3,-1,-1,-1,0,0,1,0,0,10,0,0,0,22.87
1,0,0,0,-1,0,1,3,0,0,0,0,1,0,2,-1,0,0,1,1,0,3,0,1,100,0,9223372036800000000,1e+75,0,10,0,0,7,0,0,1,0,0,2,1,0,1,0,0,0,2,2,0,1,-1,-1,-1,-1,0,10,-1,1,1,3,-1,-1,-1,0,0,1,0,0,10,0,0,0,44.55
1,0,0,0,-1,0,1,3,0,0,0,0,1,0,2,-1,0,0,1,1,0,3,0,1,100,0,9223372036800000000,60,0,10,0,0,7,0,0,1,0,0,2,1,0,1,0,0,0,2,2,0,1,-1,-1,-1,-1,0,10,-1,1,1,3,-1,-1,-1,0,0,1,0,0,10,0,0,0,44.57
1,0,0,0,-1,0,1,4,0,0,0,0,1,0,2,0,2,1,-1,-1,1,3,0,-1,10,0,9223372036800000000,1e+75,0,10,0,0,7,0,0,1,0,0,1,1,0,1,0,0,0,0,2,0,1,-1,-1,-1,-1,0,10,-1,1,1,3,-1,-1,-1,0,0,1,0,0,10,0,0,0,17.64
1,0,0,0,-1,0,1,3,0,0,0,0,1,0,2,-1,0,0,1,1,0,3,0,4,100,0,9223372036800000000,1e+75,0,10,0,0,7,0,0,1,0,0,2,1,0,1,0,0,0,2,2,0,1,-1,-1,-1,-1,0,10,-1,1,1,3,-1,-1,-1,0,0,1,0,0,10,0,0,0,21.01
1,0,0,0,-1,0,1,5,0,0,0,0,3,0,-1,-1,1,2,-1,2,0,3,0,16,200,0,9223372036800000000,10,0,10,0,0,7,0,0,1,0,0,3,1,0,1,0,0,0,4,2,0,1,-1,-1,-1,-1,0,10,-1,1,1,3,-1,-1,-1,0,0,1,0,0,10,0,0,0,21.4
1,0,0,0,-1,0,1,5,0,0,0,0,3,-1,3,1,0,0,2,1,2,3,0,-1,800,0,9223372036800000000,1e+75,0,10,0,0,7,0,0,1,0,0,0,1,2,1,0,0,4,-1,2,0,1,-1,-1,-1,-1,-1,10,-1,1,1,3,-1,-1,-1,0,0,1,0,0,10,0,0,0,28.98
1,0,0,0,-1,0,1,3,0,0,0,0,1,0,2,-1,0,0,1,1,0,3,0,4,100,0,9223372036800000000,1e+75,0,10,0,0,7,0,0,1,0,0,2,1,0,3,0,0,0,2,2,0,1,-1,-1,-1,-1,0,10,-1,1,1,3,-1,-1,-1,0,0,1,0,0,10,0,0,0,20.12
1,0,0,0,-1,0,1,0,0,0,0,0,1,0,1,2,2,0,1,0,-1,0,0,-1,400,0,9223372036800000000,20,0,10,0,0,7,0,0,1,0,0,2,1,2,1,0,0,1,2,2,0,1,-1,1,-1,-1,-1,10,-1,1,1,3,-1,-1,-1,0,0,1,0,0,10,1,0,0,22.74
1,0,0,0,-1,0,1,3,0,0,0,0,3,0,2,0,-1,0,2,-1,0,0,0,16,150,0,9223372036800000000,120,0,10,0,0,7,0,0,1,0,0,2,1,2,3,0,0,3,3,2,0,1,-1,0,-1,-1,0,10,-1,1,1,3,-1,-1,-1,0,0,1,0,0,10,3,0,0,25.77
1,0,0,0,-1,0,1,0,0,0,0,0,1,0,1,2,0,0,1,0,-1,0,0,-1,400,0,9223372036800000000,0,0,10,0,0,7,0,0,1,0,0,2,1,2,1,0,0,1,1,2,0,1,-1,1,3,-1,-1,10,-1,1,1,3,-1,-1,-1,0,0,1,0,0,10,1,0,0,25.88
1,0,0,0,-1,0,1,3,0,0,0,0,1,1,2,-1,0,0,1,1,0,3,0,4,100,0,9223372036800000000,1e+75,0,10,0,0,7,0,0,1,0,0,2,1,0,3,0,0,0,2,2,0,1,-1,-1,-1,-1,0,10,-1,1,1,3,-1,-1,-1,0,0,1,0,0,10,0,0,0,19.35
1,0,0,0,-1,0,1,2,0,0,0,0,-1,0,1,0,1,1,1,2,0,3,0,-1,150,0,9223372036800000000,1e+75,0,10,0,0,7,0,0,1,0,0,1,1,0,-1,0,0,0,0,2,0,1,-1,-1,-1,-1,0,10,-1,1,1,3,-1,-1,-1,0,0,1,0,0,10,0,0,0,19.43
1,0,0,0,-1,0,1,0,0,0,0,0,3,-1,1,-1,-1,-1,1,-1,0,2,0,4,25,0,9223372036800000000,30,0,10,0,0,7,0,0,1,0,0,1,1,1,1,0,0,2,1,2,0,1,-1,1,-1,-1,0,10,-1,1,1,3,-1,-1,-1,0,0,1,0,0,10,3,0,0,35.58
1,0,0,0,-1,0,1,3,0,0,0,0,1,1,2,-1,0,0,1,1,0,3,0,4,100,0,9223372036800000000,1e+75,0,10,0,0,7,0,0,1,0,0,0,1,0,3,0,0,0,2,2,0,1,-1,-1,-1,-1,0,10,-1,1,1,3,-1,-1,-1,0,0,1,0,0,10,0,0,0,21.7
1,0,0,0,-1,0,1,0,0,0,0,0,1,-1,-1,0,1,2,1,0,-1,3,0,4,150,0,9223372036800000000,60,0,10,0,0,7,0,0,1,0,0,2,1,0,1,0,0,0,-1,2,0,1,-1,-1,-1,-1,0,10,-1,1,1,3,-1,-1,-1,0,0,1,0,0,10,0,0,0,20.78
1,0,0,0,-1,0,1,3,0,0,0,0,1,1,2,-1,0,0,1,1,0,3,0,4,100,0,9223372036800000000,2,0,10,0,0,7,0,0,1,0,0,2,1,0,3,0,0,0,2,2,0,1,-1,-1,-1,-1,0,10,-1,1,1,3,-1,-1,-1,0,0,1,0,0,10,0,0,0,19.35
1,0,0,0,-1,0,1,0,0,0,0,0,-1,0,2,0,0,2,1,-1,0,1,0,4,10,0,9223372036800000000,2,0,10,0,0,7,0,0,1,0,0,3,1,0,1,0,0,0,3,2,0,1,-1,-1,0,-1,1,10,-1,1,1,3,-1,-1,-1,0,0,1,0,0,10,3,0,0,22.84
1,0,0,0,-1,0,1,3,0,0,0,0,1,1,2,-1,0,0,1,1,-1,3,0,4,100,0,9223372036800000000,1e+75,0,10,0,0,7,0,0,1,0,0,2,1,0,3,0,0,0,2,2,0,1,-1,-1,-1,-1,0,10,-1,1,1,3,-1,-1,-1,0,0,1,0,0,10,0,0,0,19.82
1,0,0,0,-1,0,1,0,0,0,0,0,1,0,0,0,2,1,0,0,1,3,0,-1,50,0,9223372036800000000,1e+75,0,10,0,0,7,0,0,1,0,0,1,1,0,0,0,0,0,0,2,0,1,-1,-1,-1,-1,0,10,-1,1,1,3,-1,-1,-1,0,0,1,0,0,10,0,0,0,14.92
1,0,0,0,-1,0,1,3,0,0,0,0,2,1,2,-1,0,0,1,1,0,3,0,4,100,0,9223372036800000000,1e+75,0,10,0,0,7,0,0,1,0,0,2,1,0,3,0,0,0,2,2,0,1,-1,-1,-1,-1,0,10,-1,1,1,3,-1,-1,-1,0,0,1,0,0,10,0,0,0,19.56
1,0,0,0,-1,0,1,3,0,0,0,0,1,1,2,-1,0,0,1,1,0,3,0,4,100,0,9223372036800000000,1e+75,0,10,0,0,7,0,0,1,0,0,2,1,0,3,0,0,0,0,2,0,1,-1,-1,-1,-1,0,10,-1,1,1,3,-1,-1,-1,0,0,1,0,0,10,0,0,0,17.7
1,0,0,0,-1,0,1,2,0,0,0,0,3,-1,0,1,0,-1,2,1,0,3,0,8,800,0,9223372036800000000,50,0,10,0,0,7,0,0,1,0,0,1,1,3,-1,0,0,3,2,2,0,1,-1,-1,-1,-1,0,10,-1,1,1,3,-1,-1,-1,0,0,1,0,0,10,0,0,0,22.11
1,0,0,0,-1,0,1,3,0,0,0,0,1,1,2,-1,0,0,1,1,0,3,0,4,100,0,9223372036800000000,0,0,10,0,0,7,0,0,1,0,0,2,1,0,3,0,0,0,0,2,0,1,-1,-1,-1,-1,0,10,-1,1,1,3,-1,-1,-1,0,0,1,0,0,10,0,0,0,18.58
1,0,0,0,-1,0,1,3,0,0,0,0,1,1,2,-1,0,0,1,1,0,3,0,4,100,0,9223372036800000000,40,0,10,0,0,7,0,0,1,0,0,2,1,0,3,0,0,0,0,2,0,1,-1,-1,-1,-1,0,10,-1,1,1,3,-1,-1,-1,0,0,1,0,0,10,0,0,0,17.75
1,0,0,0,-1,0,1,2,0,0,0,0,2,2,1,-1,1,1,-1,2,-1,3,0,16,200,0,9223372036800000000,60,0,10,0,0,7,0,0,1,0,0,2,1,0,0,0,0,0,1,2,0,1,-1,-1,1,-1,-1,10,-1,1,1,3,-1,-1,-1,0,0,1,0,0,10,3,0,0,23.34
1,0,0,0,-1,0,1,5,0,0,0,0,3,2,-1,1,0,0,2,1,2,3,0,-1,800,0,9223372036800000000,2,0,10,0,0,7,0,0,1,0,0,0,1,2,1,0,0,4,-1,2,0,1,-1,-1,-1,-1,-1,10,-1,1,1,3,-1,-1,-1,0,0,1,0,0,10,0,0,0,31.42
1,0,0,0,-1,0,1,3,0,0,0,0,1,1,2,-1,1,0,1,1,0,3,0,4,100,0,9223372036800000000,1e+75,0,10,0,0,7,0,0,1,0,0,2,1,0,3,0,0,0,0,2,0,1,-1,-1,-1,-1,0,10,-1,1,1,3,-1,-1,-1,0,0,1,0,0,10,0,0,0,17.75
1,0,0,0,-1,0,1,3,0,0,0,0,1,1,2,-1,0,0,1,1,0,3,0,4,100,0,9223372036800000000,120,0,10,0,0,7,0,0,1,0,0,2,1,0,3,0,0,0,0,2,0,1,-1,-1,-1,-1,0,10,-1,1,1,3,-1,-1,-1,0,0,1,0,0,10,0,0,0,17.75
1,0,0,0,-1,0,1,1,0,0,0,0,-1,0,-1,0,2,-1,-1,0,-1,5,0,16,10,0,9223372036800000000,60,0,10,0,0,7,0,0,1,0,0,0,1,3,1,0,0,2,2,2,0,1,-1,0,2,-1,-1,10,-1,1,1,3,-1,-1,-1,0,0,1,0,0,10,-1,0,0,22.92
1,0,0,0,-1,0,1,0,0,0,0,0,2,-1,0,2,-1,0,1,0,-1,3,0,4,150,0,9223372036800000000,240,0,10,0,0,7,0,0,1,0,0,1,1,0,2,0,0,0,4,2,0,1,-1,-1,-1,-1,0,10,-1,1,1,3,-1,-1,-1,0,0,1,0,0,10,0,0,0,17.98
1,0,0,0,-1,0,1,3,0,0,0,0,1,1,2,-1,0,0,1,1,0,3,0,4,100,0,9223372036800000000,1e+75,0,10,0,0,7,0,0,1,0,0,2,1,0,0,0,0,0,0,2,0,1,-1,-1,-1,-1,0,10,-1,1,1,3,-1,-1,-1,0,0,1,0,0,10,0,0,0,17.7
1,0,0,0,-1,0,1,4,0,0,0,0,2,0,2,0,2,2,2,1,0,3,0,8,800,0,9223372036800000000,5,0,10,0,0,7,0,0,1,0,0,1,1,3,0,0,0,3,4,2,0,1,-1,-1,-1,-1,-1,10,-1,1,1,3,-1,-1,-1,0,0,1,0,0,10,0,0,0,23.47
1,0,0,0,-1,0,1,0,0,0,0,0,-1,1,2,1,2,-1,1,0,0,2,0,8,200,0,9223372036800000000,2,0,10,0,0,7,0,0,1,0,0,1,1,3,-1,0,0,0,2,2,0,1,-1,1,1,-1,-1,10,-1,1,1,3,-1,-1,-1,0,0,1,0,0,10,1,0,0,15.65
1,0,0,0,-1,0,1,5,0,0,0,0,1,1,3,-1,-1,2,0,2,0,0,0,1,100,0,9223372036800000000,120,0,10,0,0,7,0,0,1,0,0,1,1,0,1,0,0,2,1,2,0,1,-1,0,1,-1,-1,10,-1,1,1,3,-1,-1,-1,0,0,1,0,0,10,-1,0,0,51.77
1,0,0,0,-1,0,1,3,0,0,0,0,1,1,2,-1,0,0,1,-1,0,3,0,4,100,0,9223372036800000000,1e+75,0,10,0,0,7,0,0,1,0,0,2,1,0,3,0,0,0,0,2,0,1,-1,-1,-1,-1,0,10,-1,1,1,3,-1,-1,-1,0,0,1,0,0,10,0,0,0,28.54
1,0,0,0,-1,0,1,3,0,0,0,0,1,1,2,-1,0,0,1,1,0,3,0,4,100,0,9223372036800000000,20,0,10,0,0,7,0,0,1,0,0,2,1,0,3,0,0,0,0,2,0,1,-1,-1,-1,-1,0,10,-1,1,1,3,-1,-1,-1,0,0,1,0,0,10,0,0,0,17.75
1,0,0,0,-1,0,1,3,0,0,0,0,1,1,2,-1,0,0,1,1,0,3,0,4,100,0,9223372036800000000,1e+75,0,10,0,0,7,0,0,1,0,0,2,1,0,3,0,0,0,4,2,0,1,-1,-1,-1,-1,0,10,-1,1,1,3,-1,-1,-1,0,0,1,0,0,10,0,0,0,20.17
1,0,0,0,-1,0,1,0,0,0,0,0,1,0,2,0,1,1,2,-1,0,3,0,-1,10,0,9223372036800000000,1e+75,0,10,0,0,7,0,0,1,0,0,1,1,0,0,0,0,0,0,2,0,1,-1,-1,-1,-1,0,10,-1,1,1,3,-1,-1,-1,0,0,1,0,0,10,0,0,0,15.87
1,0,0,0,-1,0,1,0,0,0,0,0,1,0,3,1,-1,-1,-1,1,0,3,0,-1,10,0,9223372036800000000,1e+75,0,10,0,0,7,0,0,1,0,0,1,1,0,0,0,0,0,0,2,0,1,-1,-1,-1,-1,0,10,-1,1,1,3,-1,-1,-1,0,0,1,0,0,10,0,0,0,20.69
1,0,0,0,-1,0,1,5,0,0,0,0,2,1,2,2,-1,0,1,0,2,3,0,16,150,0,9223372036800000000,30,0,10,0,0,7,0,0,1,0,0,2,1,0,0,0,0,0,1,2,0,1,-1,-1,-1,-1,0,10,-1,1,1,3,-1,-1,-1,0,0,1,0,0,10,0,0,0,23.16
1,0,0,0,-1,0,1,5,0,0,0,0,2,1,2,2,0,0,1,0,2,3,0,16,150,0,9223372036800000000,30,0,10,0,0,7,0,0,1,0,0,2,1,0,3,0,0,0,1,2,0,1,-1,-1,-1,-1,0,10,-1,1,1,3,-1,-1,-1,0,0,1,0,0,10,0,0,0,22.65
1,0,0,0,-1,0,1,5,0,0,0,0,2,1,2,2,-1,0,1,0,2,3,0,16,150,0,9223372036800000000,5,0,10,0,0,7,0,0,1,0,0,2,1,0,3,0,0,0,1,2,0,1,-1,-1,-1,-1,0,10,-1,1,1,3,-1,-1,-1,0,0,1,0,0,10,0,0,0,22.65
1,0,0,0,-1,0,1,5,0,0,0,0,2,1,2,2,-1,0,1,1,2,3,0,16,150,0,9223372036800000000,10,0,10,0,0,7,0,0,1,0,0,1,1,0,3,0,0,0,1,2,0,1,-1,-1,-1,-1,0,10,-1,1,1,3,-1,-1,-1,0,0,1,0,0,10,0,0,0,20.53
1,0,0,0,-1,0,1,3,0,0,0,0,2,0,1,-1,-1,-1,0,-1,0,3,0,-1,10,0,9223372036800000000,1e+75,0,10,0,0,7,0,0,1,0,0,1,1,0,3,0,0,0,0,2,0,1,-1,-1,-1,-1,0,10,-1,1,1,3,-1,-1,-1,0,0,1,0,0,10,0,0,0,27.49
1,0,0,0,-1,0,1,5,0,0,0,0,2,1,2,2,-1,0,1,1,2,3,0,16,10,0,9223372036800000000,30,0,10,0,0,7,0,0,1,0,0,1,1,0,3,0,0,0,1,2,0,1,-1,-1,-1,-1,0,10,-1,1,1,3,-1,-1,-1,0,0,1,0,0,10,0,0,0,22.32
1,0,0,0,-1,0,1,5,0,0,0,0,2,1,2,2,-1,0,1,1,1,3,0,16,150,0,9223372036800000000,30,0,10,0,0,7,0,0,1,0,0,1,1,0,3,0,0,0,1,2,0,1,-1,-1,-1,-1,0,10,-1,1,1,3,-1,-1,-1,0,0,1,0,0,10,0,0,0,20.88
1,0,0,0,-1,0,1,4,0,0,0,0,0,-1,3,2,0,1,-1,-1,-1,10,0,16,400,0,9223372036800000000,60,0,10,0,0,7,0,0,1,0,0,3,1,-1,2,0,0,3,2,2,0,1,-1,-1,3,-1,1,10,-1,1,1,3,-1,-1,-1,0,0,1,0,0,10,1,0,0,25.66
1,0,0,0,-1,0,1,2,0,0,0,0,3,0,3,-1,-1,2,2,-1,0,3,0,16,800,0,9223372036800000000,30,0,10,0,0,7,0,0,1,0,0,3,1,3,3,0,0,2,2,2,0,1,-1,-1,-1,-1,1,10,-1,1,1,3,-1,-1,-1,0,0,1,0,0,10,0,0,0,30.11
1,0,0,0,-1,0,1,5,0,0,0,0,2,1,2,2,-1,0,1,1,2,3,0,16,150,0,9223372036800000000,50,0,10,0,0,7,0,0,1,0,0,1,1,0,3,0,0,0,1,2,0,1,-1,-1,-1,-1,0,10,-1,1,1,3,-1,-1,-1,0,0,1,0,0,10,0,0,0,20.53
1,0,0,0,-1,0,1,2,0,0,0,0,1,3,3,2,1,2,0,-1,-1,3,0,8,200,0,9223372036800000000,2,0,10,0,0,7,0,0,1,0,0,1,1,0,0,0,0,0,1,2,0,1,-1,-1,-1,-1,-1,10,-1,1,1,3,-1,-1,-1,0,0,1,0,0,10,0,0,0,22.92
1,0,0,0,-1,0,1,5,0,0,0,0,2,1,2,2,-1,0,1,1,2,3,0,16,150,0,9223372036800000000,60,0,10,0,0,7,0,0,1,0,0,1,1,0,3,0,0,0,1,2,0,1,-1,-1,-1,-1,0,10,-1,1,1,3,-1,-1,-1,0,0,1,0,0,10,0,0,0,20.53
1,0,0,0,-1,0,1,5,0,0,0,0,2,1,2,2,-1,0,1,1,2,3,0,1,150,0,9223372036800000000,30,0,10,0,0,7,0,0,1,0,0,1,1,0,3,0,0,0,1,2,0,1,-1,-1,-1,-1,0,10,-1,1,1,3,-1,-1,-1,0,0,1,0,0,10,0,0,0,45.96
1,0,0,0,-1,0,1,4,0,0,0,0,2,0,2,0,2,2,2,2,0,3,0,8,800,0,9223372036800000000,30,0,10,0,0,7,0,0,1,0,0,1,1,3,0,0,0,3,4,2,0,1,-1,-1,-1,-1,-1,10,-1,1,1,3,-1,-1,-1,0,0,1,0,0,10,0,0,0,23.47
1,0,0,0,-1,0,1,5,0,0,0,0,2,1,2,2,0,0,1,1,2,3,0,16,150,0,9223372036800000000,30,0,10,0,0,7,0,0,1,0,0,1,1,0,3,0,0,0,1,2,0,1,-1,-1,-1,-1,0,10,-1,1,1,3,-1,-1,-1,0,0,1,0,0,10,0,0,0,20.53
1,0,0,0,-1,0,1,0,0,0,0,0,1,0,2,0,0,2,1,-1,0,1,0,4,10,0,9223372036800000000,2,0,10,0,0,7,0,0,1,0,0,3,1,1,1,0,0,0,3,2,0,1,-1,-1,0,-1,1,10,-1,1,1,3,-1,-1,-1,0,0,1,0,0,10,3,0,0,22.79
1,0,0,0,-1,0,1,2,0,0,0,0,3,0,-1,1,0,-1,2,1,0,3,0,8,800,0,9223372036800000000,50,0,10,0,0,7,0,0,1,0,0,1,1,1,-1,0,0,2,2,2,0,1,-1,-1,-1,-1,0,10,-1,1,1,3,-1,-1,-1,0,0,1,0,0,10,0,0,0,16.87
1,0,0,0,-1,0,1,3,0,0,0,0,-1,0,1,0,1,-1,-1,2,2,3,0,-1,50,0,9223372036800000000,1e+75,0,10,0,0,7,0,0,1,0,0,1,1,0,0,0,0,0,0,2,0,1,-1,-1,-1,-1,0,10,-1,1,1,3,-1,-1,-1,0,0,1,0,0,10,0,0,0,16.87
1,0,0,0,-1,0,1,5,0,0,0,0,2,1,2,2,-1,0,1,1,2,3,0,16,150,0,9223372036800000000,40,0,10,0,0,7,0,0,1,0,0,1,1,0,3,0,0,0,1,2,0,1,-1,-1,-1,-1,0,10,-1,1,1,3,-1,-1,-1,0,0,1,0,0,10,0,0,0,20.53
1,0,0,0,-1,0,1,3,0,0,0,0,1,1,0,-1,0,2,2,2,1,3,0,1,10,0,9223372036800000000,2,0,10,0,0,7,0,0,1,0,0,1,1,3,0,0,0,5,2,2,0,1,-1,-1,-1,-1,0,10,-1,1,1,3,-1,-1,-1,0,0,1,0,0,10,0,0,0,50.46
1,0,0,0,-1,0,1,0,0,0,0,0,0,0,2,0,-1,0,0,0,0,3,0,-1,150,0,9223372036800000000,1e+75,0,10,0,0,7,0,0,1,0,0,1,1,0,0,0,0,0,0,2,0,1,-1,-1,-1,-1,0,10,-1,1,1,3,-1,-1,-1,0,0,1,0,0,10,0,0,0,13.11
1,0,0,0,-1,0,1,5,0,0,0,0,2,0,3,1,1,0,1,-1,-1,3,0,4,50,0,9223372036800000000,1,0,10,0,0,7,0,0,1,0,0,2,1,1,3,0,0,0,-1,2,0,1,-1,-1,-1,-1,-1,10,-1,1,1,3,-1,-1,-1,0,0,1,0,0,10,0,0,0,26.78
1,0,0,0,-1,0,1,4,0,0,0,0,2,0,0,-1,2,2,2,2,0,3,0,-1,50,0,9223372036800000000,1e+75,0,10,0,0,7,0,0,1,0,0,1,1,0,0,0,0,0,0,2,0,1,-1,-1,-1,-1,0,10,-1,1,1,3,-1,-1,-1,0,0,1,0,0,10,0,0,0,18.63
1,0,0,0,-1,0,1,5,0,0,0,0,2,1,2,2,-1,0,1,-1,2,3,0,16,150,0,9223372036800000000,30,0,10,0,0,7,0,0,1,0,0,1,1,0,3,0,0,0,1,2,0,1,-1,-1,-1,-1,0,10,-1,1,1,3,-1,-1,-1,0,0,1,0,0,10,0,0,0,22.56
1,0,0,0,-1,0,1,0,0,0,0,0,2,1,0,2,-1,0,0,1,0,10,0,-1,100,0,9223372036800000000,1e+75,0,10,0,0,7,0,0,1,0,0,0,1,0,3,0,0,1,0,2,0,1,-1,-1,1,-1,0,10,-1,1,1,3,-1,-1,-1,0,0,1,0,0,10,4,0,0,21.65
1,0,0,0,-1,0,1,3,0,0,0,0,-1,1,2,0,2,0,1,-1,2,5,0,4,10,0,9223372036800000000,1e+75,0,10,0,0,7,0,0,1,0,0,3,1,0,-1,0,0,0,4,2,0,1,-1,0,2,-1,1,10,-1,1,1,3,-1,-1,-1,0,0,1,0,0,10,-1,0,0,22.78
1,0,0,0,-1,0,1,5,0,0,0,0,1,1,3,-1,-1,2,0,0,0,0,0,1,200,0,9223372036800000000,120,0,10,0,0,7,0,0,1,0,0,1,1,0,1,0,0,2,1,2,0,1,-1,0,1,-1,-1,10,-1,1,1,3,-1,-1,-1,0,0,1,0,0,10,-1,0,0,51.77
1,0,0,0,-1,0,1,0,0,0,0,0,-1,2,-1,1,2,1,0,-1,2,3,0,8,100,0,9223372036800000000,20,0,10,0,0,7,0,0,1,0,0,2,1,0,2,0,0,0,2,2,0,1,-1,-1,-1,-1,0,10,-1,1,1,3,-1,-1,-1,0,0,1,0,0,10,0,0,0,21.4
1,0,0,0,-1,0,1,4,0,0,0,0,0,1,0,2,0,2,1,0,2,5,0,-1,100,0,9223372036800000000,120,0,10,0,0,7,0,0,1,0,0,1,1,2,2,0,0,2,0,2,0,1,-1,-1,1,-1,-1,10,-1,1,1,3,-1,-1,-1,0,0,1,0,0,10,1,0,0,16.24
1,0,0,0,-1,0,1,5,0,0,0,0,2,1,2,2,-1,0,1,1,2,3,0,16,200,0,9223372036800000000,30,0,10,0,0,7,0,0,1,0,0,1,1,0,3,0,0,0,1,2,0,1,-1,-1,-1,-1,0,10,-1,1,1,3,-1,-1,-1,0,0,1,0,0,10,0,0,0,20.53
1,0,0,0,-1,0,1,3,0,0,0,0,-1,3,-1,2,2,0,2,1,1,3,0,8,100,0,9223372036800000000,240,0,10,0,0,7,0,0,1,0,0,0,1,0,3,0,0,0,0,2,0,1,-1,-1,-1,-1,0,10,-1,1,1,3,-1,-1,-1,0,0,1,0,0,10,0,0,0,21.57
1,0,0,0,-1,0,1,3,0,0,0,0,-1,3,-1,2,2,0,2,1,1,3,0,4,100,0,9223372036800000000,240,0,10,0,0,7,0,0,1,0,0,0,1,0,3,0,0,0,0,2,0,1,-1,-1,-1,-1,0,10,-1,1,1,3,-1,-1,-1,0,0,1,0,0,10,0,0,0,21.85
1,0,0,0,-1,0,1,3,0,0,0,0,-1,3,-1,2,2,0,2,1,1,3,0,8,100,0,9223372036800000000,50,0,10,0,0,7,0,0,1,0,0,0,1,0,3,0,0,0,0,2,0,1,-1,-1,-1,-1,0,10,-1,1,1,3,-1,-1,-1,0,0,1,0,0,10,0,0,0,21.57
1,0,0,0,-1,0,1,5,0,0,0,0,2,0,3,1,1,0,2,-1,-1,3,0,4,50,0,9223372036800000000,5,0,10,0,0,7,0,0,1,0,0,2,1,1,3,0,0,0,-1,2,0,1,-1,-1,-1,-1,-1,10,-1,1,1,3,-1,-1,-1,0,0,1,0,0,10,0,0,0,26.75
1,0,0,0,-1,0,1,0,0,0,0,0,-1,3,-1,2,2,0,2,1,1,3,0,8,100,0,9223372036800000000,1,0,10,0,0,7,0,0,1,0,0,0,1,0,3,0,0,0,0,2,0,1,-1,-1,-1,-1,0,10,-1,1,1,3,-1,-1,-1,0,0,1,0,0,10,0,0,0,20.78
1,0,0,0,-1,0,1,0,0,0,0,0,2,3,-1,2,2,0,2,1,1,3,0,8,100,0,9223372036800000000,240,0,10,0,0,7,0,0,1,0,0,0,1,0,3,0,0,0,0,2,0,1,-1,-1,-1,-1,0,10,-1,1,1,3,-1,-1,-1,0,0,1,0,0,10,0,0,0,20.78
1,0,0,0,-1,0,1,0,0,0,0,0,-1,-1,-1,2,2,0,2,1,1,3,0,8,100,0,9223372036800000000,240,0,10,0,0,7,0,0,1,0,0,0,1,0,3,0,0,0,0,2,0,1,-1,-1,-1,-1,0,10,-1,1,1,3,-1,-1,-1,0,0,1,0,0,10,0,0,0,20.78
1,0,0,0,-1,0,1,0,0,0,0,0,-1,0,1,0,-1,0,2,0,0,3,0,-1,100,0,9223372036800000000,1e+75,0,10,0,0,7,0,0,1,0,0,1,1,3,0,0,0,0,0,2,0,1,-1,-1,-1,-1,0,10,-1,1,1,3,-1,-1,-1,0,0,1,0,0,10,0,0,0,13.49
1,0,0,0,-1,0,1,0,0,0,0,0,-1,3,-1,2,2,0,2,1,1,3,0,8,100,0,9223372036800000000,2,0,10,0,0,7,0,0,1,0,0,0,1,0,3,0,0,0,0,2,0,1,-1,-1,-1,-1,0,10,-1,1,1,3,-1,-1,-1,0,0,1,0,0,10,0,0,0,20.78
1,0,0,0,-1,0,1,2,0,0,0,0,2,-1,-1,-1,1,1,-1,2,-1,3,0,16,200,0,9223372036800000000,60,0,10,0,0,7,0,0,1,0,0,1,1,1,3,0,0,0,1,2,0,1,-1,-1,1,-1,-1,10,-1,1,1,3,-1,-1,-1,0,0,1,0,0,10,3,0,0,22.22
1,0,0,0,-1,0,1,0,0,0,0,0,-1,3,-1,2,0,0,2,1,1,3,0,8,100,0,9223372036800000000,240,0,10,0,0,7,0,0,1,0,0,0,1,0,3,0,0,0,0,2,0,1,-1,-1,-1,-1,0,10,-1,1,1,3,-1,-1,-1,0,0,1,0,0,10,0,0,0,20.78
1,0,0,0,-1,0,1,0,0,0,0,0,-1,3,-1,2,2,0,2,1,1,3,0,8,800,0,9223372036800000000,20,0,10,0,0,7,0,0,1,0,0,1,1,0,3,0,0,0,0,2,0,1,-1,-1,-1,-1,0,10,-1,1,1,3,-1,-1,-1,0,0,1,0,0,10,0,0,0,15.68
1,0,0,0,-1,0,1,0,0,0,0,0,-1,3,-1,2,2,0,1,1,1,3,0,8,800,0,9223372036800000000,240,0,10,0,0,7,0,0,1,0,0,1,1,0,3,0,0,0,0,2,0,1,-1,-1,-1,-1,0,10,-1,1,1,3,-1,-1,-1,0,0,1,0,0,10,0,0,0,14.96
1,0,0,0,-1,0,1,4,0,0,0,0,3,-1,3,1,2,1,1,0,0,3,0,16,10,0,9223372036800000000,0,0,10,0,0,7,0,0,1,0,0,3,1,1,-1,0,0,2,1,2,0,1,-1,-1,-1,-1,-1,10,-1,1,1,3,-1,-1,-1,0,0,1,0,0,10,0,0,0,23.8
1,0,0,0,-1,0,1,0,0,0,0,0,-1,3,-1,2,-1,0,1,1,1,3,0,8,800,0,9223372036800000000,240,0,10,0,0,7,0,0,1,0,0,1,1,0,3,0,0,0,0,2,0,1,-1,-1,-1,-1,0,10,-1,1,1,3,-1,-1,-1,0,0,1,0,0,10,0,0,0,14.76
1,0,0,0,-1,0,1,0,0,0,0,0,-1,3,-1,-1,-1,0,1,1,1,3,0,8,800,0,9223372036800000000,240,0,10,0,0,7,0,0,1,0,0,1,1,0,3,0,0,0,0,2,0,1,-1,-1,-1,-1,0,10,-1,1,1,3,-1,-1,-1,0,0,1,0,0,10,0,0,0,17.71
1,0,0,0,-1,0,1,0,0,0,0,0,-1,3,-1,2,-1,0,1,1,1,3,0,8,800,0,9223372036800000000,1e+75,0,10,0,0,7,0,0,1,0,0,1,1,0,3,0,0,0,0,2,0,1,-1,-1,-1,-1,0,10,-1,1,1,3,-1,-1,-1,0,0,1,0,0,10,0,0,0,14.76
1,0,0,0,-1,0,1,3,0,0,0,0,0,-1,2,2,1,1,2,1,1,3,0,8,400,0,9223372036800000000,10,0,10,0,0,7,0,0,1,0,0,2,1,1,1,0,0,2,4,2,0,1,-1,-1,-1,-1,-1,10,-1,1,1,3,-1,-1,-1,0,0,1,0,0,10,0,0,0,18.56
1,0,0,0,-1,0,1,0,0,0,0,0,-1,3,-1,2,-1,0,1,1,1,3,0,8,800,0,9223372036800000000,40,0,10,0,0,7,0,0,1,0,0,1,1,0,3,0,0,0,0,2,0,1,-1,-1,-1,-1,0,10,-1,1,1,3,-1,-1,-1,0,0,1,0,0,10,0,0,0,14.83
1,0,0,0,-1,0,1,0,0,0,0,0,-1,3,-1,2,-1,0,1,1,1,3,0,8,800,0,9223372036800000000,120,0,10,0,0,7,0,0,1,0,0,1,1,0,3,0,0,0,0,2,0,1,-1,-1,-1,-1,0,10,-1,1,1,3,-1,-1,-1,0,0,1,0,0,10,0,0,0,14.83
1,0,0,0,-1,0,1,2,0,0,0,0,3,0,-1,1,-1,0,-1,0,2,3,0,8,10,0,9223372036800000000,1e+75,0,10,0,0,7,0,0,1,0,0,1,1,0,1,0,0,1,0,2,0,1,-1,-1,-1,-1,0,10,-1,1,1,3,-1,-1,-1,0,0,1,0,0,10,0,0,0,17.92
1,0,0,0,-1,0,1,0,0,0,0,0,3,3,-1,2,-1,0,1,1,1,3,0,8,800,0,9223372036800000000,240,0,10,0,0,7,0,0,1,0,0,1,1,0,3,0,0,0,0,2,0,1,-1,-1,-1,-1,0,10,-1,1,1,3,-1,-1,-1,0,0,1,0,0,10,0,0,0,14.46
1,0,0,0,-1,0,1,3,0,0,0,0,-1,3,3,1,2,2,2,0,-1,3,0,8,200,0,9223372036800000000,20,0,10,0,0,7,0,0,1,0,0,1,1,0,-1,0,0,0,4,2,0,1,-1,-1,-1,-1,0,10,-1,1,1,3,-1,-1,-1,0,0,1,0,0,10,0,0,0,18.72
1,0,0,0,-1,0,1,3,0,0,0,0,3,3,3,1,2,-1,2,0,-1,3,0,8,200,0,9223372036800000000,20,0,10,0,0,7,0,0,1,0,0,1,1,0,-1,0,0,0,4,2,0,1,-1,-1,-1,-1,0,10,-1,1,1,3,-1,-1,-1,0,0,1,0,0,10,0,0,0,19.4
1,0,0,0,-1,0,1,2,0,0,0,0,-1,3,2,0,0,0,0,0,0,3,0,2,200,0,9223372036800000000,1,0,10,0,0,7,0,0,1,0,0,3,1,0,1,0,0,5,-1,2,0,1,-1,-1,-1,-1,-1,10,-1,1,1,3,-1,-1,-1,0,0,1,0,0,10,0,0,0,34.82
1,0,0,0,-1,0,1,3,0,0,0,0,3,3,3,-1,2,2,2,0,-1,3,0,8,200,0,9223372036800000000,20,0,10,0,0,7,0,0,1,0,0,1,1,0,-1,0,0,0,4,2,0,1,-1,-1,-1,-1,0,10,-1,1,1,3,-1,-1,-1,0,0,1,0,0,10,0,0,0,19.9
1,0,0,0,-1,0,1,3,0,0,0,0,3,3,3,1,2,2,2,0,-1,3,0,8,400,0,9223372036800000000,20,0,10,0,0,7,0,0,1,0,0,1,1,0,-1,0,0,0,4,2,0,1,-1,-1,-1,-1,0,10,-1,1,1,3,-1,-1,-1,0,0,1,0,0,10,0,0,0,18.72
1,0,0,0,-1,0,1,4,0,0,0,0,2,-1,3,1,0,1,2,1,1,3,0,1,150,0,9223372036800000000,10,0,10,0,0,7,0,0,1,0,0,2,1,2,2,0,0,5,4,2,0,1,-1,-1,-1,-1,0,10,-1,1,1,3,-1,-1,-1,0,0,1,0,0,10,0,0,0,51.11
1,0,0,0,-1,0,1,5,0,0,0,0,1,1,3,1,0,1,2,0,-1,3,0,-1,10,0,9223372036800000000,60,0,10,0,0,7,0,0,1,0,0,1,1,0,0,0,0,0,0,2,0,1,-1,-1,-1,-1,0,10,-1,1,1,3,-1,-1,-1,0,0,1,0,0,10,0,0,0,22.79
1,0,0,0,-1,0,1,3,0,0,0,0,3,3,3,1,2,2,2,0,-1,3,0,8,200,0,9223372036800000000,20,0,10,0,0,7,0,0,1,0,0,1,1,0,0,0,0,0,4,2,0,1,-1,-1,-1,-1,0,10,-1,1,1,3,-1,-1,-1,0,0,1,0,0,10,0,0,0,20.24
1,0,0,0,-1,0,1,3,0,0,0,0,3,3,3,1,2,2,2,0,-1,3,0,8,200,0,9223372036800000000,0,0,10,0,0,7,0,0,1,0,0,1,1,0,-1,0,0,0,4,2,0,1,-1,-1,-1,-1,0,10,-1,1,1,3,-1,-1,-1,0,0,1,0,0,10,0,0,0,18.72
1,0,0,0,-1,0,1,5,0,0,0,0,2,0,0,1,1,2,1,-1,-1,3,0,4,50,0,9223372036800000000,2,0,10,0,0,7,0,0,1,0,0,1,1,1,3,0,0,0,-1,2,0,1,-1,-1,-1,-1,-1,10,-1,1,1,3,-1,-1,-1,0,0,1,0,0,10,0,0,0,21.24
1,0,0,0,-1,0,1,3,0,0,0,0,3,3,3,1,2,2,2,0,-1,3,0,8,100,0,9223372036800000000,30,0,10,0,0,7,0,0,1,0,0,1,1,0,-1,0,0,0,4,2,0,1,-1,-1,-1,-1,0,10,-1,1,1,3,-1,-1,-1,0,0,1,0,0,10,0,0,0,18.72
1,0,0,0,-1,0,1,3,0,0,0,0,3,3,3,1,2,2,1,0,-1,3,0,8,200,0,9223372036800000000,30,0,10,0,0,7,0,0,1,0,0,1,1,0,-1,0,0,0,4,2,0,1,-1,-1,-1,-1,0,10,-1,1,1,3,-1,-1,-1,0,0,1,0,0,10,0,0,0,18.47
1,0,0,0,-1,0,1,3,0,0,0,0,3,3,-1,1,2,2,-1,0,-1,3,0,8,25,0,9223372036800000000,30,0,10,0,0,7,0,0,1,0,0,1,1,0,-1,0,0,0,4,2,0,1,-1,-1,-1,-1,0,10,-1,1,1,3,-1,-1,-1,0,0,1,0,0,10,0,0,0,19.27
1,0,0,0,-1,0,1,3,0,0,0,0,3,3,-1,1,2,1,-1,0,-1,3,0,8,200,0,9223372036800000000,30,0,10,0,0,7,0,0,1,0,0,1,1,0,-1,0,0,0,4,2,0,1,-1,-1,-1,-1,0,10,-1,1,1,3,-1,-1,-1,0,0,1,0,0,10,0,0,0,20.19
1,0,0,0,-1,0,1,5,0,0,0,0,2,0,3,1,1,0,1,-1,-1,3,0,4,50,0,9223372036800000000,5,0,10,0,0,7,0,0,1,0,0,1,1,1,3,0,0,0,-1,2,0,1,-1,-1,-1,-1,-1,10,-1,1,1,3,-1,-1,-1,0,0,1,0,0,10,0,0,0,23.93
1,0,0,0,-1,0,1,5,0,0,0,0,1,1,3,-1,2,2,0,0,0,0,0,1,100,0,9223372036800000000,120,0,10,0,0,7,0,0,1,0,0,1,1,0,1,0,0,2,1,2,0,1,-1,0,1,-1,-1,10,-1,1,1,3,-1,-1,-1,0,0,1,0,0,10,-1,0,0,51.77
1,0,0,0,-1,0,1,0,0,0,0,0,-1,0,1,0,-1,0,0,0,0,3,0,-1,200,0,9223372036800000000,1e+75,0,10,0,0,7,0,0,1,0,0,1,1,0,0,0,0,0,0,2,0,1,-1,-1,-1,-1,0,10,-1,1,1,3,-1,-1,-1,0,0,1,0,0,10,0,0,0,13.11
1,0,0,0,-1,0,1,1,0,0,0,0,1,0,-1,1,2,1,0,0,-1,3,0,-1,150,0,9223372036800000000,1e+75,0,10,0,0,7,0,0,1,0,0,1,1,0,0,0,0,0,0,2,0,1,-1,-1,-1,-1,0,10,-1,1,1,3,-1,-1,-1,0,0,1,0,0,10,0,0,0,22.6
1,0,0,0,-1,0,1,3,0,0,0,0,3,3,-1,1,2,2,-1,0,-1,3,0,8,200,0,9223372036800000000,5,0,10,0,0,7,0,0,1,0,0,1,1,0,-1,0,0,0,4,2,0,1,-1,-1,-1,-1,0,10,-1,1,1,3,-1,-1,-1,0,0,1,0,0,10,0,0,0,18.14
1,0,0,0,-1,0,1,2,0,0,1,0,3,0,1,1,-1,0,-1,0,2,3,0,8,10,0,9223372036800000000,1e+75,0,10,0,0,7,0,0,1,0,0,1,1,0,1,0,0,0,0,2,0,1,-1,-1,-1,-1,0,10,-1,1,1,3,-1,-1,-1,0,0,1,0,0,10,0,0,0,12.46
1,0,0,0,-1,0,1,3,0,0,0,0,3,3,-1,1,2,2,-1,0,-1,3,0,8,200,0,9223372036800000000,30,0,10,0,0,7,0,0,1,0,0,1,1,0,-1,0,0,0,1,2,0,1,-1,-1,-1,-1,0,10,-1,1,1,3,-1,-1,-1,0,0,1,0,0,10,0,0,0,22.04
1,0,0,0,-1,0,1,4,0,0,0,0,1,0,3,0,2,1,-1,-1,1,3,0,-1,10,0,9223372036800000000,1e+75,0,10,0,0,7,0,0,1,0,0,1,1,0,2,0,0,0,0,2,0,1,-1,-1,-1,-1,0,10,-1,1,1,3,-1,-1,-1,0,0,1,0,0,10,0,0,0,22.46
1,0,0,0,-1,0,1,3,0,0,0,0,3,3,-1,1,2,2,-1,0,-1,3,0,8,800,0,9223372036800000000,30,0,10,0,0,7,0,0,1,0,0,1,1,0,-1,0,0,0,4,2,0,1,-1,-1,-1,-1,0,10,-1,1,1,3,-1,-1,-1,0,0,1,0,0,10,0,0,0,18.14
1,0,0,0,-1,0,1,3,0,0,0,0,3,3,-1,1,2,2,-1,0,-1,3,0,8,10,0,9223372036800000000,30,0,10,0,0,7,0,0,1,0,0,1,1,0,-1,0,0,0,4,2,0,1,-1,-1,-1,-1,0,10,-1,1,1,3,-1,-1,-1,0,0,1,0,0,10,0,0,0,19.85
1,0,0,0,-1,0,1,4,0,0,0,0,-1,2,-1,1,2,1,0,-1,2,3,0,8,100,0,9223372036800000000,20,0,10,0,0,7,0,0,1,0,0,2,1,0,2,0,0,0,2,2,0,1,-1,-1,-1,-1,0,10,-1,1,1,3,-1,-1,-1,0,0,1,0,0,10,0,0,0,21.87
1,0,0,0,-1,0,1,3,0,0,0,0,-1,3,-1,2,0,2,-1,-1,-1,10,0,16,400,0,9223372036800000000,240,0,10,0,0,7,0,0,1,0,0,2,1,3,3,0,0,2,4,2,0,1,-1,1,0,-1,1,10,-1,1,1,3,-1,-1,-1,0,0,1,0,0,10,4,0,0,21.06
1,0,0,0,-1,0,1,4,0,0,0,0,0,2,3,-1,2,-1,2,0,1,3,0,2,25,0,9223372036800000000,2,0,10,0,0,7,0,0,1,0,0,1,1,-1,1,0,0,0,4,2,0,1,-1,-1,-1,-1,-1,10,-1,1,1,3,-1,-1,-1,0,0,1,0,0,10,0,0,0,19.56
1,0,0,0,-1,0,1,0,0,0,0,0,-1,2,-1,1,2,1,0,2,2,3,0,8,100,0,9223372036800000000,20,0,10,0,0,7,0,0,1,0,0,2,1,0,2,0,0,0,2,2,0,1,-1,-1,-1,-1,0,10,-1,1,1,3,-1,-1,-1,0,0,1,0,0,10,0,0,0,19.21
1,0,0,0,-1,0,1,0,0,0,0,0,2,-1,-1,1,0,2,0,0,0,3,0,-1,800,0,9223372036800000000,30,0,10,0,0,7,0,0,1,0,0,1,1,3,1,0,0,3,3,2,0,1,-1,-1,-1,-1,-1,10,-1,1,1,3,-1,-1,-1,0,0,1,0,0,10,0,0,0,25.46
1,0,0,0,-1,0,1,0,0,0,0,0,-1,2,-1,1,2,1,0,2,2,3,0,8,100,0,9223372036800000000,5,0,10,0,0,7,0,0,1,0,0,2,1,0,2,0,0,0,2,2,0,1,-1,-1,-1,-1,0,10,-1,1,1,3,-1,-1,-1,0,0,1,0,0,10,0,0,0,19.21
1,0,0,0,-1,0,1,5,0,0,0,0,2,1,3,0,2,1,-1,-1,-1,3,0,-1,200,0,9223372036800000000,2,0,10,0,0,7,0,0,1,0,0,3,1,0,3,0,0,0,0,2,0,1,-1,-1,-1,-1,0,10,-1,1,1,3,-1,-1,-1,0,0,1,0,0,10,0,0,0,24.54
1,0,0,0,-1,0,1,0,0,0,0,0,-1,2,-1,1,2,1,0,2,2,3,0,8,100,0,9223372036800000000,20,0,10,0,0,7,0,0,1,0,0,2,1,0,2,0,0,0,0,2,0,1,-1,-1,-1,-1,0,10,-1,1,1,3,-1,-1,-1,0,0,1,0,0,10,0,0,0,19.35
1,0,0,0,-1,0,1,1,0,0,0,0,3,-1,1,-1,-1,1,1,0,0,2,0,4,25,0,9223372036800000000,1e+75,0,10,0,0,7,0,0,1,0,0,1,1,1,1,0,0,2,1,2,0,1,-1,1,-1,-1,0,10,-1,1,1,3,-1,-1,-1,0,0,1,0,0,10,3,0,0,23.33
1,0,0,0,-1,0,1,4,0,0,0,0,-1,2,-1,1,2,0,0,2,2,3,0,8,100,0,9223372036800000000,20,0,10,0,0,7,0,0,1,0,0,2,1,0,2,0,0,0,2,2,0,1,-1,-1,-1,-1,0,10,-1,1,1,3,-1,-1,-1,0,0,1,0,0,10,0,0,0,19.37
1,0,0,0,-1,0,1,0,0,0,0,0,-1,2,-1,1,2,0,0,2,2,3,0,8,800,0,9223372036800000000,20,0,10,0,0,7,0,0,1,0,0,2,1,0,2,0,0,0,2,2,0,1,-1,-1,-1,-1,0,10,-1,1,1,3,-1,-1,-1,0,0,1,0,0,10,0,0,0,18.67
1,0,0,0,-1,0,1,0,0,0,0,0,-1,2,-1,1,2,0,0,2,2,3,0,8,100,0,9223372036800000000,20,0,10,0,0,7,0,0,1,0,0,2,1,0,2,0,0,0,1,2,0,1,-1,-1,-1,-1,0,10,-1,1,1,3,-1,-1,-1,0,0,1,0,0,10,0,0,0,21.07
1,0,0,0,-1,0,1,5,0,0,0,0,2,1,2,2,-1,0,1,1,2,3,0,16,150,0,9223372036800000000,30,0,10,0,0,7,0,0,1,0,0,1,1,0,3,0,0,0,1,2,0,1,-1,-1,-1,-1,0,10,-1,1,1,3,-1,-1,-1,0,0,1,0,0,10,0,0,0,20.53
1,0,0,0,-1,0,1,0,0,0,0,0,1,2,-1,1,2,0,0,2,2,3,0,8,100,0,9223372036800000000,20,0,10,0,0,7,0,0,1,0,0,2,1,0,2,0,0,0,2,2,0,1,-1,-1,-1,-1,0,10,-1,1,1,3,-1,-1,-1,0,0,1,0,0,10,0,0,0,18.67
1,0,0,0,-1,0,1,5,0,0,0,0,3,3,3,2,1,-1,2,2,0,5,0,8,25,0,9223372036800000000,20,0,10,0,0,7,0,0,1,0,0,1,1,2,3,0,0,3,0,2,0,1,-1,-1,3,-1,-1,10,-1,1,1,3,-1,-1,-1,0,0,1,0,0,10,1,0,0,25.11
1,0,0,0,-1,0,1,0,0,0,0,0,-1,2,-1,1,2,0,0,2,2,3,0,16,100,0,9223372036800000000,20,0,10,0,0,7,0,0,1,0,0,2,1,0,2,0,0,0,2,2,0,1,-1,-1,-1,-1,0,10,-1,1,1,3,-1,-1,-1,0,0,1,0,0,10,0,0,0,18.67
1,0,0,0,-1,0,1,0,0,0,0,0,-1,2,-1,1,2,0,1,2,2,3,0,8,100,0,9223372036800000000,20,0,10,0,0,7,0,0,1,0,0,2,1,0,2,0,0,0,2,2,0,1,-1,-1,-1,-1,0,10,-1,1,1,3,-1,-1,-1,0,0,1,0,0,10,0,0,0,19.65
1,0,0,0,-1,0,1,0,0,0,0,0,-1,2,-1,1,2,0,-1,2,2,3,0,8,100,0,9223372036800000000,20,0,10,0,0,7,0,0,1,0,0,2,1,0,2,0,0,0,2,2,0,1,-1,-1,-1,-1,0,10,-1,1,1,3,-1,-1,-1,0,0,1,0,0,10,0,0,0,17.97
1,0,0,0,-1,0,1,3,0,0,0,0,-1,3,3,1,1,1,2,2,-1,3,0,1,400,0,9223372036800000000,50,0,10,0,0,7,0,0,1,0,0,2,1,0,2,0,0,5,4,2,0,1,-1,-1,-1,-1,1,10,-1,1,1,3,-1,-1,-1,0,0,1,0,0,10,0,0,0,53.99
1,0,0,0,-1,0,1,2,0,0,0,0,3,0,1,1,-1,0,-1,0,2,3,0,-1,150,0,9223372036800000000,1e+75,0,10,0,0,7,0,0,1,0,0,1,1,0,0,0,0,0,0,2,0,1,-1,-1,-1,-1,0,10,-1,1,1,3,-1,-1,-1,0,0,1,0,0,10,0,0,0,15.67
1,0,0,0,-1,0,1,2,0,0,0,0,3,0,1,1,-1,0,-1,0,2,3,0,8,10,0,9223372036800000000,1e+75,0,10,0,0,7,0,0,1,0,0,1,1,-1,1,0,0,0,0,2,0,1,-1,-1,-1,-1,0,10,-1,1,1,3,-1,-1,-1,0,0,1,0,0,10,0,0,0,15.21
1,0,0,0,-1,0,1,2,0,0,0,0,3,0,1,1,-1,0,-1,0,2,3,0,8,10,0,9223372036800000000,1e+75,0,10,0,0,7,0,0,1,0,0,1,1,2,1,0,0,0,0,2,0,1,-1,-1,-1,-1,0,10,-1,1,1,3,-1,-1,-1,0,0,1,0,0,10,0,0,0,15.85
1,0,0,0,-1,0,1,5,0,0,0,0,1,0,2,0,0,0,-1,2,0,5,0,-1,200,0,9223372036800000000,2,0,10,0,0,7,0,0,1,0,0,2,1,1,0,0,0,1,3,2,0,1,-1,0,2,-1,-1,10,-1,1,1,3,-1,-1,-1,0,0,1,0,0,10,3,0,0,23.7
1,0,0,0,-1,0,1,0,0,0,0,0,2,0,1,-1,-1,-1,1,0,0,2,0,4,25,0,9223372036800000000,30,0,10,0,0,7,0,0,1,0,0,1,1,1,1,0,0,2,1,2,0,1,-1,1,-1,-1,0,10,-1,1,1,3,-1,-1,-1,0,0,1,0,0,10,3,0,0,21.51
1,0,0,0,-1,0,1,2,0,0,0,0,3,0,1,1,-1,0,-1,0,2,3,0,8,10,0,9223372036800000000,1e+75,0,10,0,0,7,0,0,1,0,0,1,1,0,1,0,0,0,0,2,0,1,-1,-1,-1,-1,0,10,-1,1,1,3,-1,-1,2,0,0,1,0,0,10,0,0,0,12.39
1,0,0,0,-1,0,1,2,0,0,0,0,3,0,1,1,-1,0,-1,0,2,3,0,8,10,0,9223372036800000000,1e+75,0,10,0,0,7,0,0,1,0,0,1,1,0,1,0,0,0,0,2,0,1,-1,-1,-1,-1,0,10,-1,1,1,3,-1,-1,3,0,0,1,0,0,10,0,0,0,12.47
1,0,0,0,-1,0,1,1,0,0,0,0,-1,0,-1,0,2,-1,2,0,-1,1,0,16,10,0,9223372036800000000,5,0,10,0,0,7,0,0,1,0,0,0,1,3,1,0,0,3,2,2,0,1,-1,0,1,-1,-1,10,-1,1,1,3,-1,-1,-1,0,0,1,0,0,10,-1,0,0,29.24
1,0,0,0,-1,0,1,5,0,0,0,0,1,1,3,-1,-1,2,0,0,0,0,0,1,100,0,9223372036800000000,50,0,10,0,0,7,0,0,1,0,0,1,1,0,1,0,0,2,1,2,0,1,-1,0,1,-1,-1,10,-1,1,1,3,-1,-1,-1,0,0,1,0,0,10,-1,0,0,51.76
1,0,0,0,-1,0,1,3,0,0,0,0,-1,0,1,0,1,-1,-1,-1,1,3,0,-1,50,0,9223372036800000000,1e+75,0,10,0,0,7,0,0,1,0,0,1,1,0,0,0,0,0,0,2,0,1,-1,-1,-1,-1,0,10,-1,1,1,3,-1,-1,-1,0,0,1,0,0,10,0,0,0,17.18
1,0,0,0,-1,0,1,5,0,0,0,0,1,1,3,-1,-1,2,0,0,0,0,0,16,25,0,9223372036800000000,0,0,10,0,0,7,0,0,1,0,0,1,1,0,1,0,0,2,-1,2,0,1,-1,0,1,-1,-1,10,-1,1,1,3,-1,-1,-1,0,0,1,0,0,10,-1,0,0,26.96
1,0,0,0,-1,0,1,2,0,0,0,0,3,0,1,1,-1,0,-1,0,2,3,0,8,10,0,9223372036800000000,1e+75,0,10,0,0,7,0,0,1,0,0,1,1,0,1,0,0,0,0,2,0,1,-1,-1,-1,-1,0,10,-1,1,1,3,-1,-1,5,0,0,1,0,0,10,0,0,0,12.47
1,0,0,0,-1,0,1,2,0,0,0,0,-1,3,2,0,0,0,0,0,0,3,0,2,100,0,9223372036800000000,1,0,10,0,0,7,0,0,1,0,0,3,1,0,1,0,0,5,-1,2,0,1,-1,-1,-1,-1,-1,10,-1,1,1,3,-1,-1,-1,0,0,1,0,0,10,0,0,0,34.82
1,0,0,0,-1,0,1,1,0,0,0,0,3,3,3,2,0,1,-1,-1,-1,10,0,16,800,0,9223372036800000000,5,0,10,0,0,7,0,0,1,0,0,1,1,3,-1,0,0,3,1,2,0,1,-1,0,2,-1,1,10,-1,1,1,3,-1,-1,-1,0,0,1,0,0,10,2,0,0,25.94
1,0,0,0,-1,0,1,0,0,0,0,0,-1,1,2,1,2,-1,1,0,2,2,0,8,200,0,9223372036800000000,40,0,10,0,0,7,0,0,1,0,0,1,1,3,1,0,0,1,-1,2,0,1,-1,1,1,-1,1,10,-1,1,1,3,-1,-1,-1,0,0,1,0,0,10,1,0,0,22.77
1,0,0,0,-1,0,1,2,0,0,0,0,3,0,1,1,-1,0,-1,0,2,3,0,8,10,0,9223372036800000000,1e+75,0,10,0,0,7,0,0,1,0,0,1,1,0,1,0,0,0,0,2,0,1,-1,-1,-1,-1,1,10,-1,1,1,3,-1,-1,-1,0,0,1,0,0,10,0,0,0,16.41
1,0,0,0,-1,0,1,2,0,0,0,0,-1,-1,0,1,0,1,0,-1,1,3,0,8,150,0,9223372036800000000,30,0,10,0,0,7,0,0,1,0,0,3,1,1,1,0,0,5,4,2,0,1,-1,-1,-1,-1,-1,10,-1,1,1,3,-1,-1,-1,0,0,1,0,0,10,0,0,0,32.28
1,0,0,0,-1,0,1,2,0,0,0,0,3,0,1,1,-1,0,-1,0,2,3,0,8,10,0,9223372036800000000,1e+75,0,10,0,0,7,0,0,1,20,0,1,1,0,1,0,0,0,0,2,0,1,-1,-1,-1,-1,0,10,-1,1,1,3,-1,-1,-1,0,0,1,0,0,10,0,0,0,15.48
1,0,0,0,-1,0,1,3,0,0,0,0,1,1,0,2,0,2,-1,2,1,3,0,1,10,0,9223372036800000000,2,0,10,0,0,7,0,0,1,0,0,1,1,3,0,0,0,5,2,2,0,1,-1,-1,-1,-1,0,10,-1,1,1,3,-1,-1,-1,0,0,1,0,0,10,0,0,0,50.46
1,0,0,0,-1,0,1,2,0,0,0,0,3,0,1,1,-1,0,-1,0,2,3,0,8,10,0,9223372036800000000,1e+75,0,10,0,0,7,0,0,1,40,0,1,1,0,1,0,0,0,0,2,0,1,-1,-1,-1,-1,0,10,-1,1,1,3,-1,-1,-1,0,0,1,0,0,10,0,0,0,16.77
1,0,0,0,-1,0,1,0,0,0,0,0,-1,0,0,0,-1,0,2,0,0,3,0,-1,200,0,9223372036800000000,60,0,10,0,0,7,0,0,1,0,0,1,1,0,0,0,0,0,0,2,0,1,-1,-1,-1,-1,0,10,-1,1,1,3,-1,-1,-1,0,0,1,0,0,10,0,0,0,12.91
1,0,0,0,-1,0,1,2,0,0,0,0,3,0,1,1,-1,0,-1,0,2,3,0,8,10,0,9223372036800000000,1e+75,0,10,0,0,7,0,0,1,0,0,1,1,0,1,0,3,0,0,2,0,1,-1,-1,-1,-1,0,10,-1,1,1,3,-1,-1,-1,0,0,1,0,0,10,0,0,0,15.54
1,0,0,0,-1,0,1,2,0,0,0,0,3,0,1,1,-1,0,-1,0,2,3,0,8,10,0,9223372036800000000,1e+75,0,10,0,0,7,0,0,1,0,0,1,1,0,1,0,5,0,0,2,0,1,-1,-1,-1,-1,0,10,-1,1,1,3,-1,-1,-1,0,0,1,0,0,10,0,0,0,17.14
1,0,0,0,-1,0,1,0,0,0,0,0,2,3,-1,1,2,2,2,2,0,3,0,8,25,0,9223372036800000000,20,0,10,0,0,7,0,0,1,0,0,0,1,0,3,0,0,0,2,2,0,1,-1,-1,-1,-1,0,10,-1,1,1,3,-1,-1,-1,0,0,1,0,0,10,0,0,0,20.59
1,0,0,0,-1,0,1,2,0,0,0,0,3,0,1,1,-1,0,-1,0,2,3,0,8,10,0,9223372036800000000,1e+75,0,10,0,0,7,0,0,1,0,0,1,1,0,1,0,6,0,0,2,0,1,-1,-1,-1,-1,0,10,-1,1,1,3,-1,-1,-1,0,0,1,0,0,10,0,0,0,12.47
1,0,0,0,-1,0,1,3,0,0,0,0,2,1,3,0,1,0,2,2,0,3,0,8,10,0,9223372036800000000,40,0,10,0,0,7,0,0,1,0,0,1,1,0,1,0,0,0,4,2,0,1,-1,-1,-1,-1,0,10,-1,1,1,3,-1,-1,-1,0,0,1,0,0,10,0,0,0,17.45
1,0,0,0,-1,0,1,2,0,0,0,0,3,0,1,1,-1,0,-1,0,2,3,0,8,10,0,9223372036800000000,1e+75,0,10,0,0,7,0,0,1,0,0,1,1,0,1,0,0,1,0,2,0,1,-1,-1,-1,-1,0,10,-1,1,1,3,-1,-1,-1,0,0,1,0,0,10,0,0,0,18.08
1,0,0,0,-1,0,1,3,0,0,0,0,3,-1,-1,-1,1,-1,0,0,0,3,0,1,800,0,9223372036800000000,10,0,10,0,0,7,0,0,1,0,0,1,1,0,-1,0,0,0,0,2,0,1,-1,-1,-1,-1,0,10,-1,1,1,3,-1,-1,-1,0,0,1,0,0,10,0,0,0,43.36
1,0,0,0,-1,0,1,3,0,0,0,0,1,1,-1,-1,0,1,-1,0,1,3,0,16,200,0,9223372036800000000,50,0,10,0,0,7,0,0,1,0,0,1,1,0,2,0,0,0,1,2,0,1,-1,-1,-1,-1,0,10,-1,1,1,3,-1,-1,-1,0,0,1,0,0,10,0,0,0,23.74
1,0,0,0,-1,0,1,2,0,0,0,0,3,0,1,1,-1,0,-1,0,2,3,0,8,10,0,9223372036800000000,1e+75,0,10,0,0,7,0,0,1,0,0,1,1,0,1,0,0,2,0,2,0,1,-1,-1,-1,-1,0,10,-1,1,1,3,-1,-1,-1,0,0,1,0,0,10,0,0,0,12.47
1,0,0,0,-1,0,1,4,0,0,0,0,0,2,3,1,0,-1,2,0,1,3,0,2,25,0,9223372036800000000,10,0,10,0,0,7,0,0,1,0,0,1,1,-1,1,0,0,0,4,2,0,1,-1,-1,-1,-1,-1,10,-1,1,1,3,-1,-1,-1,0,0,1,0,0,10,0,0,0,20.56
1,0,0,0,-1,0,1,5,0,0,0,0,1,1,3,-1,-1,2,0,0,0,0,0,16,100,0,9223372036800000000,0,0,10,0,0,7,0,0,1,0,0,1,1,0,1,0,0,2,1,2,0,1,-1,0,2,-1,-1,10,-1,1,1,3,-1,-1,-1,0,0,1,0,0,10,-1,0,0,27.03
1,0,0,0,-1,0,1,1,0,0,0,0,-1,0,-1,0,2,2,2,0,-1,1,0,16,10,0,9223372036800000000,5,0,10,0,0,7,0,0,1,0,0,0,1,3,-1,0,0,5,2,2,0,1,-1,0,1,-1,-1,10,-1,1,1,3,-1,-1,-1,0,0,1,0,0,10,4,0,0,36.09
1,0,0,0,-1,0,1,4,0,0,0,0,0,-1,3,2,0,1,-1,-1,-1,10,0,16,400,0,9223372036800000000,5,0,10,0,0,7,0,0,1,0,0,1,1,0,2,0,0,3,2,2,0,1,-1,-1,3,-1,1,10,-1,1,1,3,-1,-1,-1,0,0,1,0,0,10,1,0,0,24.44
1,0,0,0,-1,0,1,2,0,0,0,0,3,0,1,1,-1,0,-1,0,2,3,0,8,10,0,9223372036800000000,1e+75,0,10,0,0,7,0,0,1,0,0,1,1,0,1,0,0,4,0,2,0,1,-1,-1,-1,-1,0,10,-1,1,1,3,-1,-1,-1,0,0,1,0,0,10,0,0,0,28.53
1,0,0,0,-1,0,1,2,0,0,0,0,3,0,1,1,-1,0,-1,0,2,3,0,8,10,0,9223372036800000000,1e+75,0,10,0,0,7,0,0,1,0,0,1,1,0,1,0,0,5,0,2,0,1,-1,-1,-1,-1,0,10,-1,1,1,3,-1,-1,-1,0,0,1,0,0,10,0,0,0,31.96
1,0,0,0,-1,0,1,2,0,0,0,0,-1,0,-1,2,0,1,0,0,1,3,0,-1,25,0,9223372036800000000,1e+75,0,10,0,0,7,0,0,1,0,0,1,1,0,0,0,0,0,0,2,0,1,-1,-1,-1,-1,0,10,-1,1,1,3,-1,-1,-1,0,0,1,0,0,10,0,0,0,13.05
1,0,0,0,-1,0,1,5,0,0,0,0,2,1,-1,0,2,-1,1,1,-1,10,0,16,200,0,9223372036800000000,50,0,10,0,0,7,0,0,1,0,0,0,1,0,3,0,0,2,2,2,0,1,-1,1,-1,-1,0,10,-1,1,1,3,-1,-1,-1,0,0,1,0,0,10,1,0,0,21.57
1,0,0,0,-1,0,1,5,0,0,0,0,1,0,2,0,0,0,-1,2,0,2,0,-1,200,0,9223372036800000000,2,0,10,0,0,7,0,0,1,0,0,2,1,1,0,0,0,1,1,2,0,1,-1,0,2,-1,-1,10,-1,1,1,3,-1,-1,-1,0,0,1,0,0,10,3,0,0,24.69
1,0,0,0,-1,0,1,2,0,0,0,0,3,0,1,1,-1,0,-1,0,2,3,0,8,10,0,9223372036800000000,1e+75,0,10,0,0,7,0,0,1,0,0,1,1,0,1,0,0,0,0,2,0,1,-1,-1,-1,-1,0,10,-1,1,1,3,-1,-1,-1,0,0,1,3,0,10,0,0,0,16.37
1,0,0,0,-1,0,1,2,0,0,0,0,3,0,1,1,-1,0,-1,0,2,3,0,8,10,0,9223372036800000000,1e+75,0,10,0,0,7,0,0,1,0,0,1,1,0,1,0,0,0,0,2,0,1,-1,-1,-1,-1,0,10,-1,1,1,3,-1,-1,-1,0,0,1,4,0,10,0,0,0,15.99
1,0,0,0,-1,0,1,2,0,0,0,0,3,0,1,1,-1,0,-1,0,2,3,0,8,10,0,9223372036800000000,1e+75,0,10,0,0,7,0,0,1,0,0,1,1,0,1,0,0,0,0,2,0,1,-1,-1,-1,-1,0,10,-1,1,1,3,-1,-1,-1,0,0,1,5,0,10,0,0,0,16.57
1,0,0,0,-1,0,1,2,0,0,0,0,3,0,-1,1,-1,0,-1,0,2,3,0,8,10,0,9223372036800000000,1e+75,0,10,0,0,7,0,0,1,0,0,1,1,0,-1,0,0,0,0,2,0,1,-1,-1,-1,-1,0,10,-1,1,1,3,-1,-1,-1,0,0,1,0,0,10,0,0,0,16.15
1,0,0,0,-1,0,1,5,0,0,0,0,0,3,1,0,0,-1,0,-1,1,3,0,2,50,0,9223372036800000000,30,0,10,0,0,7,0,0,1,0,0,1,1,1,-1,0,0,0,3,2,0,1,-1,-1,1,-1,-1,10,-1,1,1,3,-1,-1,-1,0,0,1,0,0,10,-1,0,0,21.81
1,0,0,0,-1,0,1,0,0,0,0,0,-1,0,0,0,-1,0,2,1,0,3,0,-1,200,0,9223372036800000000,1e+75,0,10,0,0,7,0,0,1,0,0,1,1,0,0,0,0,0,0,2,0,1,-1,-1,-1,-1,0,10,-1,1,1,3,-1,-1,-1,0,0,1,0,0,10,0,0,0,13.93
1,0,0,0,-1,0,1,0,0,0,0,0,-1,-1,0,0,-1,0,2,0,0,3,0,-1,200,0,9223372036800000000,1e+75,0,10,0,0,7,0,0,1,0,0,1,1,0,0,0,0,0,0,2,0,1,-1,-1,-1,-1,0,10,-1,1,1,3,-1,-1,-1,0,0,1,0,0,10,0,0,0,13.15
1,0,0,0,-1,0,1,2,0,0,0,0,3,0,0,1,1,-1,2,1,0,3,0,8,800,0,9223372036800000000,50,0,10,0,0,7,0,0,1,0,0,1,1,1,-1,0,0,2,2,2,0,1,-1,-1,-1,-1,0,10,-1,1,1,3,-1,-1,-1,0,0,1,0,0,10,0,0,0,16.84
1,0,0,0,-1,0,1,0,0,0,0,0,-1,0,0,0,-1,0,2,0,0,3,0,-1,100,0,9223372036800000000,1e+75,0,10,0,0,7,0,0,1,0,0,1,1,0,0,0,0,0,0,2,0,1,-1,-1,-1,-1,0,10,-1,1,1,3,-1,-1,-1,0,0,1,0,0,10,0,0,0,12.89
1,0,0,0,-1,0,1,0,0,0,0,0,1,0,0,0,-1,0,2,0,0,3,0,-1,100,0,9223372036800000000,1e+75,0,10,0,0,7,0,0,1,0,0,1,1,0,0,0,0,0,0,2,0,1,-1,-1,-1,-1,0,10,-1,1,1,3,-1,-1,-1,0,0,1,0,0,10,0,0,0,12.89
1,0,0,0,-1,0,1,0,0,0,0,0,2,3,3,-1,1,2,-1,2,1,10,0,16,400,0,9223372036800000000,120,0,10,0,0,7,0,0,1,0,0,0,1,2,0,0,0,1,4,2,0,1,-1,1,0,-1,-1,10,-1,1,1,3,-1,-1,-1,0,0,1,0,0,10,-1,0,0,25.06
1,0,0,0,-1,0,1,3,0,0,0,0,2,1,1,0,2,0,2,-1,1,5,0,4,10,0,9223372036800000000,50,0,10,0,0,7,0,0,1,0,0,3,1,0,-1,0,0,0,4,2,0,1,-1,0,2,-1,1,10,-1,1,1,3,-1,-1,-1,0,0,1,0,0,10,0,0,0,21.65
1,0,0,0,-1,0,1,0,0,0,0,0,-1,0,0,0,-1,0,2,0,0,3,0,-1,10,0,9223372036800000000,1e+75,0,10,0,0,7,0,0,1,0,0,1,1,0,0,0,0,0,0,2,0,1,-1,-1,-1,-1,0,10,-1,1,1,3,-1,-1,-1,0,0,1,0,0,10,0,0,0,14.4
1,0,0,0,-1,0,1,3,0,0,0,0,-1,3,3,1,1,1,2,2,0,3,0,1,400,0,9223372036800000000,50,0,10,0,0,7,0,0,1,0,0,2,1,0,2,0,0,1,4,2,0,1,-1,-1,-1,-1,1,10,-1,1,1,3,-1,-1,-1,0,0,1,0,0,10,0,0,0,45.15
1,0,0,0,-1,0,1,5,0,0,0,0,3,3,3,2,1,2,2,2,0,5,0,1,25,0,9223372036800000000,5,0,10,0,0,7,0,0,1,0,0,1,1,2,3,0,0,3,0,2,0,1,-1,-1,3,-1,-1,10,-1,1,1,3,-1,-1,-1,0,0,1,0,0,10,1,0,0,46.84
1,0,0,0,-1,0,1,3,0,0,0,0,-1,3,-1,2,0,2,-1,-1,-1,10,0,16,150,0,9223372036800000000,240,0,10,0,0,7,0,0,1,0,0,2,1,2,3,0,0,2,4,2,0,1,-1,1,0,-1,1,10,-1,1,1,3,-1,-1,-1,0,0,1,0,0,10,4,0,0,18.69
1,0,0,0,-1,0,1,0,0,0,0,0,-1,0,0,0,-1,0,2,0,0,3,0,-1,100,0,9223372036800000000,1e+75,0,10,0,0,7,0,0,1,0,0,1,1,0,-1,0,0,0,0,2,0,1,-1,-1,-1,-1,0,10,-1,1,1,3,-1,-1,-1,0,0,1,0,0,10,0,0,0,14.11
1,0,0,0,-1,0,1,0,0,0,0,0,2,1,0,2,-1,0,0,1,0,10,0,16,100,0,9223372036800000000,1e+75,0,10,0,0,7,0,0,1,0,0,0,1,3,3,0,0,1,0,2,0,1,-1,-1,1,-1,0,10,-1,1,1,3,-1,-1,-1,0,0,1,0,0,10,-1,0,0,21.1
1,0,0,0,-1,0,1,2,0,0,0,0,3,0,-1,2,0,1,1,1,2,3,0,-1,50,0,9223372036800000000,1e+75,0,10,0,0,7,0,0,1,0,0,1,1,0,0,0,0,0,0,2,0,1,-1,-1,-1,-1,0,10,-1,1,1,3,-1,-1,-1,0,0,1,0,0,10,0,0,0,15.66
1,0,0,0,-1,0,1,0,0,0,0,0,1,0,0,-1,0,-1,-1,0,2,3,0,-1,800,0,9223372036800000000,5,0,10,0,0,7,0,0,1,0,0,0,1,2,-1,0,0,2,3,2,0,1,-1,-1,-1,-1,-1,10,-1,1,1,3,-1,-1,-1,0,0,1,0,0,10,0,0,0,21.58
1,0,0,0,-1,0,1,0,0,0,0,0,2,1,0,2,-1,0,0,1,0,10,0,16,100,0,9223372036800000000,120,0,10,0,0,7,0,0,1,0,0,0,1,0,3,0,0,1,0,2,0,1,-1,-1,1,-1,0,10,-1,1,1,3,-1,-1,-1,0,0,1,0,0,10,-1,0,0,21.06
1,0,0,0,-1,0,1,2,0,0,0,0,3,0,1,1,-1,0,-1,-1,2,3,0,-1,10,0,9223372036800000000,1e+75,0,10,0,0,7,0,0,1,0,0,1,1,0,1,0,0,0,0,2,0,1,-1,-1,-1,-1,0,10,-1,1,1,3,-1,-1,-1,0,0,1,0,0,10,0,0,0,14.8
1,0,0,0,-1,0,1,2,0,0,0,0,-1,0,1,2,0,1,0,0,1,3,0,-1,25,0,9223372036800000000,1e+75,0,10,0,0,7,0,0,1,0,0,1,1,0,0,0,0,0,0,2,0,1,-1,-1,-1,-1,0,10,-1,1,1,3,-1,-1,-1,0,0,1,0,0,10,0,0,0,13.05
1,0,0,0,-1,0,1,0,0,0,0,0,0,0,2,-1,2,0,-1,1,-1,3,0,-1,10,0,9223372036800000000,1e+75,0,10,0,0,7,0,0,1,0,0,1,1,0,-1,0,0,0,0,2,0,1,-1,-1,-1,-1,0,10,-1,1,1,3,-1,-1,-1,0,0,1,0,0,10,0,0,0,18.79
1,0,0,0,-1,0,1,1,0,0,0,0,-1,0,-1,0,2,-1,2,0,-1,1,0,16,10,0,9223372036800000000,5,0,10,0,0,7,0,0,1,0,0,0,1,3,-1,0,0,5,2,2,0,1,-1,0,1,-1,-1,10,-1,1,1,3,-1,-1,-1,0,0,1,0,0,10,-1,0,0,32.97
1,0,0,0,-1,0,1,2,0,0,0,0,3,0,1,1,1,0,-1,0,2,3,0,-1,10,0,9223372036800000000,1e+75,0,10,0,0,7,0,0,1,0,0,1,1,0,1,0,0,0,0,2,0,1,-1,-1,-1,-1,0,10,-1,1,1,3,-1,-1,-1,0,0,1,0,0,10,0,0,0,12.45
1,0,0,0,-1,0,1,0,0,0,0,0,2,3,3,-1,1,2,-1,2,1,10,0,16,400,0,9223372036800000000,120,0,10,0,0,7,0,0,1,0,0,0,1,3,0,0,0,1,4,2,0,1,-1,1,-1,-1,-1,10,-1,1,1,3,-1,-1,-1,0,0,1,0,0,10,-1,0,0,24.49
1,0,0,0,-1,0,1,2,0,0,0,0,3,0,1,1,-1,0,-1,0,2,3,0,-1,10,0,9223372036800000000,1e+75,0,10,0,0,7,0,0,1,0,0,1,1,0,3,0,0,0,0,2,0,1,-1,-1,-1,-1,0,10,-1,1,1,3,-1,-1,-1,0,0,1,0,0,10,0,0,0,15.6
1,0,0,0,-1,0,1,3,0,0,0,0,0,-1,1,2,1,1,2,1,1,3,0,8,400,0,9223372036800000000,30,0,10,0,0,7,0,0,1,0,0,2,1,1,1,0,0,2,4,2,0,1,-1,-1,-1,-1,-1,10,-1,1,1,3,-1,-1,-1,0,0,1,0,0,10,0,0,0,18.26
1,0,0,0,-1,0,1,5,0,0,0,0,3,3,0,1,-1,-1,2,1,-1,3,0,8,50,0,9223372036800000000,240,0,10,0,0,7,0,0,1,0,0,3,1,-1,-1,0,0,0,0,2,0,1,-1,-1,-1,-1,1,10,-1,1,1,3,-1,-1,-1,0,0,1,0,0,10,0,0,0,22.1
1,0,0,0,-1,0,1,1,0,0,0,0,-1,3,2,0,0,2,-1,0,0,2,0,-1,150,0,9223372036800000000,10,0,10,0,0,7,0,0,1,0,0,3,1,2,0,0,0,1,1,2,0,1,-1,0,0,-1,0,10,-1,1,1,3,-1,-1,-1,0,0,1,0,0,10,0,0,0,23.96
1,0,0,0,-1,0,1,2,0,0,0,0,3,0,1,1,-1,0,-1,0,2,3,0,-1,10,0,9223372036800000000,1e+75,0,10,0,0,7,0,0,1,0,0,1,1,0,1,0,0,1,0,2,0,1,-1,-1,-1,-1,0,10,-1,1,1,3,-1,-1,-1,0,0,1,0,0,10,0,0,0,17.9
1,0,0,0,-1,0,1,2,0,0,0,0,3,0,-1,1,-1,0,-1,0,2,3,0,8,10,0,9223372036800000000,1e+75,0,10,0,0,7,0,0,1,0,0,1,1,0,1,0,0,0,0,2,0,1,-1,-1,-1,-1,0,10,-1,1,1,3,-1,-1,-1,0,0,1,0,0,10,0,0,0,12.37
1,0,0,0,-1,0,1,5,0,0,0,0,2,2,2,0,-1,2,1,-1,-1,5,0,-1,150,0,9223372036800000000,1e+75,0,10,0,0,7,0,0,1,0,0,2,1,-1,-1,0,0,2,1,2,0,1,-1,-1,-1,-1,0,10,-1,1,1,3,-1,-1,-1,0,0,1,0,0,10,3,0,0,21.21
1,0,0,0,-1,0,1,3,0,0,0,0,-1,3,3,1,1,1,2,2,-1,3,0,1,400,0,9223372036800000000,50,0,10,0,0,7,0,0,1,0,0,3,1,0,2,0,0,1,4,2,0,1,-1,-1,-1,-1,1,10,-1,1,1,3,-1,-1,-1,0,0,1,0,0,10,0,0,0,47.71
1,0,0,0,-1,0,1,2,0,0,0,0,3,0,3,0,-1,2,2,-1,0,3,0,16,25,0,9223372036800000000,30,0,10,0,0,7,0,0,1,0,0,3,1,3,2,0,0,1,0,2,0,1,-1,-1,-1,-1,1,10,-1,1,1,3,-1,-1,-1,0,0,1,0,0,10,0,0,0,23.76
1,0,0,0,-1,0,1,3,0,0,0,0,1,0,2,1,1,-1,1,0,1,3,0,-1,10,0,9223372036800000000,1e+75,0,10,0,0,7,0,0,1,0,0,1,1,0,1,0,0,0,0,2,0,1,-1,-1,-1,-1,0,10,-1,1,1,3,-1,-1,-1,0,0,1,0,0,10,0,0,0,19.24
1,0,0,0,-1,0,1,2,0,0,0,0,-1,0,0,0,-1,0,0,0,0,3,0,-1,200,0,9223372036800000000,1e+75,0,10,0,0,7,0,0,1,0,0,1,1,0,0,0,0,0,0,2,0,1,-1,-1,-1,-1,0,10,-1,1,1,3,-1,-1,-1,0,0,1,0,0,10,0,0,0,13.51
1,0,0,0,-1,0,1,2,0,0,0,0,3,0,3,0,-1,2,2,-1,0,3,0,16,800,0,9223372036800000000,30,0,10,0,0,7,0,0,1,0,0,3,1,3,2,0,0,2,0,2,0,1,-1,-1,-1,-1,1,10,-1,1,1,3,-1,-1,-1,0,0,1,0,0,10,0,0,0,21.63
1,0,0,0,-1,0,1,2,0,0,0,0,3,0,3,0,2,2,2,-1,0,3,0,16,25,0,9223372036800000000,30,0,10,0,0,7,0,0,1,0,0,3,1,3,2,0,0,2,0,2,0,1,-1,-1,-1,-1,1,10,-1,1,1,3,-1,-1,-1,0,0,1,0,0,10,0,0,0,22.1
1,0,0,0,-1,0,1,2,0,0,0,0,3,0,3,0,-1,2,2,-1,0,3,0,16,800,0,9223372036800000000,30,0,10,0,0,7,0,0,1,0,0,3,1,3,3,0,0,2,0,2,0,1,-1,-1,-1,-1,1,10,-1,1,1,3,-1,-1,-1,0,0,1,0,0,10,0,0,0,20.9
1,0,0,0,-1,0,1,4,0,0,0,0,2,2,3,-1,2,1,1,0,0,3,0,16,10,0,9223372036800000000,0,0,10,0,0,7,0,0,1,0,0,3,1,2,0,0,0,2,1,2,0,1,-1,-1,-1,-1,-1,10,-1,1,1,3,-1,-1,-1,0,0,1,0,0,10,0,0,0,22.5
1,0,0,0,-1,0,1,2,0,0,0,0,3,0,3,0,-1,2,2,-1,0,3,0,16,800,0,9223372036800000000,30,0,10,0,0,7,0,0,1,0,0,3,1,3,3,0,0,2,0,2,0,1,-1,-1,-1,-1,0,10,-1,1,1,3,-1,-1,-1,0,0,1,0,0,10,0,0,0,22.43
1,0,0,0,-1,0,1,1,0,0,0,0,3,3,3,2,0,1,-1,-1,-1,5,0,16,800,0,9223372036800000000,5,0,10,0,0,7,0,0,1,0,0,1,1,3,0,0,0,3,1,2,0,1,-1,0,2,-1,1,10,-1,1,1,3,-1,-1,-1,0,0,1,0,0,10,4,0,0,28.69
1,0,0,0,-1,0,1,5,0,0,0,0,-1,0,0,0,2,2,2,1,-1,3,0,-1,100,0,9223372036800000000,1e+75,0,10,0,0,7,0,0,1,0,0,1,1,0,-1,0,0,0,0,2,0,1,-1,-1,-1,-1,0,10,-1,1,1,3,-1,-1,-1,0,0,1,0,0,10,0,0,0,20.87
1,0,0,0,-1,0,1,2,0,0,0,0,3,0,3,0,-1,2,2,-1,0,3,0,16,800,0,9223372036800000000,30,0,10,0,0,7,0,0,1,0,0,3,1,3,3,0,0,2,2,2,0,1,-1,-1,-1,-1,1,10,-1,1,1,3,-1,-1,-1,0,0,1,0,0,10,0,0,0,19.76
1,0,0,0,-1,0,1,2,0,0,0,0,3,0,0,1,1,-1,2,1,0,3,0,8,800,0,9223372036800000000,50,0,10,0,0,7,0,0,1,0,0,3,1,1,-1,0,0,2,2,2,0,1,-1,-1,-1,-1,0,10,-1,1,1,3,-1,-1,-1,0,0,1,0,0,10,0,0,0,19.68
1,0,0,0,-1,0,1,2,0,0,0,0,3,0,3,0,-1,2,2,-1,0,3,0,16,800,0,9223372036800000000,30,0,10,0,0,7,0,0,1,0,0,3,1,3,0,0,0,2,2,2,0,1,-1,-1,-1,-1,1,10,-1,1,1,3,-1,-1,-1,0,0,1,0,0,10,0,0,0,22.22
1,0,0,0,-1,0,1,4,0,0,0,0,2,-1,3,1,0,1,2,1,1,3,0,8,150,0,9223372036800000000,10,0,10,0,0,7,0,0,1,0,0,2,1,2,2,0,0,5,4,2,0,1,-1,-1,-1,-1,0,10,-1,1,1,3,-1,-1,-1,0,0,1,0,0,10,0,0,0,29.78
1,0,0,0,-1,0,1,3,0,0,0,0,0,-1,2,2,1,1,2,1,1,3,0,8,400,0,9223372036800000000,30,0,10,0,0,7,0,0,1,0,0,0,1,1,-1,0,0,2,4,2,0,1,-1,-1,-1,-1,-1,10,-1,1,1,3,-1,-1,-1,0,0,1,0,0,10,0,0,0,20.8
1,0,0,0,-1,0,1,2,0,0,0,0,3,0,3,0,-1,1,2,-1,0,3,0,16,800,0,9223372036800000000,30,0,10,0,0,7,0,0,1,0,0,3,1,3,3,0,0,2,2,2,0,1,-1,-1,-1,-1,1,10,-1,1,1,3,-1,-1,-1,0,0,1,0,0,10,0,0,0,23.55
1,0,0,0,-1,0,1,3,0,0,0,0,2,0,2,1,1,-1,2,0,1,3,0,-1,10,0,9223372036800000000,1e+75,0,10,0,0,7,0,0,1,0,0,1,1,0,1,0,0,0,0,2,0,1,-1,-1,-1,-1,0,10,-1,1,1,3,-1,-1,-1,0,0,1,0,0,10,0,0,0,18.51
1,0,0,0,-1,0,1,4,0,0,0,0,3,0,-1,2,0,1,1,1,2,3,0,-1,50,0,9223372036800000000,1e+75,0,10,0,0,7,0,0,1,0,0,1,1,0,0,0,0,0,0,2,0,1,-1,-1,-1,-1,0,10,-1,1,1,3,-1,-1,-1,0,0,1,0,0,10,0,0,0,16.63
1,0,0,0,-1,0,1,5,0,0,0,0,1,1,3,-1,-1,2,0,0,0,0,0,1,100,0,9223372036800000000,120,0,10,0,0,7,0,0,1,0,0,1,1,0,1,0,0,2,1,2,0,1,-1,0,1,-1,-1,10,-1,1,1,3,-1,-1,-1,0,0,1,0,0,10,-1,0,0,51.76
1,0,0,0,-1,0,1,2,0,0,0,0,3,0,3,0,-1,2,2,-1,0,3,0,16,50,0,9223372036800000000,30,0,10,0,0,7,0,0,1,0,0,3,1,3,3,0,0,2,2,2,0,1,-1,-1,-1,-1,1,10,-1,1,1,3,-1,-1,-1,0,0,1,0,0,10,0,0,0,21.31
1,0,0,0,-1,0,1,4,0,0,0,0,3,-1,3,-1,2,1,1,0,0,3,0,16,10,0,9223372036800000000,0,0,10,0,0,7,0,0,1,0,0,3,1,1,-1,0,0,2,1,2,0,1,-1,-1,-1,-1,-1,10,-1,1,1,3,-1,-1,-1,0,0,1,0,0,10,0,0,0,23.1
1,0,0,0,-1,0,1,2,0,0,0,0,3,0,3,0,-1,2,2,-1,0,3,0,16,800,0,9223372036800000000,30,0,10,0,0,7,0,0,1,0,0,3,1,0,3,0,0,2,2,2,0,1,-1,-1,-1,-1,1,10,-1,1,1,3,-1,-1,-1,0,0,1,0,0,10,0,0,0,23.3
1,0,0,0,-1,0,1,0,0,0,0,0,3,2,3,2,2,0,2,-1,-1,3,0,-1,200,0,9223372036800000000,1,0,10,0,0,7,0,0,1,0,0,0,1,0,3,0,0,0,3,2,0,1,-1,-1,-1,-1,0,10,-1,1,1,3,-1,-1,-1,0,0,1,0,0,10,0,0,0,24.43
1,0,0,0,-1,0,1,2,0,0,0,0,3,0,3,0,-1,2,2,-1,1,3,0,16,800,0,9223372036800000000,30,0,10,0,0,7,0,0,1,0,0,3,1,3,3,0,0,2,2,2,0,1,-1,-1,-1,-1,1,10,-1,1,1,3,-1,-1,-1,0,0,1,0,0,10,0,0,0,19.76
1,0,0,0,-1,0,1,4,0,0,0,0,0,2,3,1,0,-1,2,0,1,3,0,2,25,0,9223372036800000000,2,0,10,0,0,7,0,0,1,0,0,1,1,-1,1,0,0,0,4,2,0,1,-1,-1,-1,-1,-1,10,-1,1,1,3,-1,-1,-1,0,0,1,0,0,10,0,0,0,20.45
1,0,0,0,-1,0,1,5,0,0,0,0,0,1,1,0,0,-1,0,-1,1,3,0,2,50,0,9223372036800000000,30,0,10,0,0,7,0,0,1,0,0,1,1,1,-1,0,0,0,3,2,0,1,-1,-1,1,-1,0,10,-1,1,1,3,-1,-1,-1,0,0,1,0,0,10,4,0,0,21.43
1,0,0,0,-1,0,1,3,0,0,0,0,3,0,3,0,-1,2,2,-1,0,3,0,16,800,0,9223372036800000000,30,0,10,0,0,7,0,0,1,0,0,3,1,3,3,0,0,2,2,2,0,1,-1,-1,-1,-1,1,10,-1,1,1,3,-1,-1,-1,0,0,1,0,0,10,0,0,0,24.57
1,0,0,0,-1,0,1,2,0,0,0,0,3,0,3,0,-1,2,2,-1,0,3,0,16,100,0,9223372036800000000,30,0,10,0,0,7,0,0,1,0,0,3,1,3,3,0,0,2,2,2,0,1,-1,-1,-1,-1,1,10,-1,1,1,3,-1,-1,-1,0,0,1,0,0,10,0,0,0,19.76
1,0,0,0,-1,0,1,5,0,0,0,0,2,2,2,0,-1,2,1,-1,1,5,0,-1,150,0,9223372036800000000,1e+75,0,10,0,0,7,0,0,1,0,0,2,1,-1,-1,0,0,2,1,2,0,1,-1,-1,-1,-1,0,10,-1,1,1,3,-1,-1,-1,0,0,1,0,0,10,0,0,0,20.53
1,0,0,0,-1,0,1,0,0,0,0,0,2,-1,-1,1,0,2,0,0,0,3,0,-1,800,0,9223372036800000000,30,0,10,0,0,7,0,0,1,0,0,1,1,3,2,0,0,3,3,2,0,1,-1,-1,-1,-1,-1,10,-1,1,1,3,-1,-1,-1,0,0,1,0,0,10,0,0,0,23.51
1,0,0,0,-1,0,1,2,0,0,0,0,3,-1,3,0,-1,2,2,-1,0,3,0,16,800,0,9223372036800000000,30,0,10,0,0,7,0,0,1,0,0,3,1,3,3,0,0,2,2,2,0,1,-1,-1,-1,-1,1,10,-1,1,1,3,-1,-1,-1,0,0,1,0,0,10,0,0,0,19.63
1,0,0,0,-1,0,1,2,0,0,0,0,3,0,0,1,0,-1,2,1,0,3,0,8,800,0,9223372036800000000,50,0,10,0,0,7,0,0,1,0,0,1,1,3,-1,0,0,3,2,2,0,1,-1,-1,-1,-1,0,10,-1,1,1,3,-1,-1,-1,0,0,1,0,0,10,0,0,0,22.11
1,0,0,0,-1,0,1,5,0,0,0,0,3,0,0,1,0,-1,2,1,0,3,0,8,800,0,9223372036800000000,50,0,10,0,0,7,0,0,1,0,0,1,1,3,-1,0,0,3,2,2,0,1,-1,-1,-1,-1,0,10,-1,1,1,3,-1,-1,-1,0,0,1,0,0,10,0,0,0,23.59
1,0,0,0,-1,0,1,2,0,0,0,0,3,0,0,1,0,-1,2,1,0,3,0,8,800,0,9223372036800000000,50,0,10,0,0,7,0,0,1,0,0,1,1,3,-1,0,0,2,2,2,0,1,-1,-1,-1,-1,0,10,-1,1,1,3,-1,-1,-1,0,0,1,0,0,10,0,0,0,17.02
1,0,0,0,-1,0,1,2,0,0,0,0,3,0,0,1,0,-1,2,1,0,3,0,8,800,0,9223372036800000000,50,0,10,0,0,7,0,0,1,0,0,1,1,1,-1,0,0,2,2,2,0,1,-1,-1,-1,-1,0,10,-1,1,1,3,-1,-1,-1,0,0,1,0,0,10,0,0,0,16.85
1,0,0,0,-1,2,1,2,0,0,0,0,3,0,1,1,-1,0,-1,0,2,3,0,8,10,0,9223372036800000000,1e+75,0,10,0,0,7,0,0,1,0,0,1,1,0,1,0,0,0,0,2,0,1,-1,-1,-1,-1,0,10,-1,1,1,3,-1,-1,-1,0,0,1,0,0,10,0,0,0,12.45
1,0,0,0,-1,0,1,2,0,0,0,0,3,0,0,1,0,-1,2,1,0,3,0,16,800,0,9223372036800000000,50,0,10,0,0,7,0,0,1,0,0,1,1,1,-1,0,0,2,2,2,0,1,-1,-1,-1,-1,0,10,-1,1,1,3,-1,-1,-1,0,0,1,0,0,10,0,0,0,16.85
1,0,0,0,-1,0,1,3,0,0,0,0,3,0,0,1,0,-1,2,1,0,3,0,8,800,0,9223372036800000000,50,0,10,0,0,7,0,0,1,0,0,1,1,1,-1,0,0,2,2,2,0,1,-1,-1,-1,-1,0,10,-1,1,1,3,-1,-1,-1,0,0,1,0,0,10,0,0,0,19.2
1,0,0,0,-1,0,1,2,0,0,0,0,3,0,0,1,0,-1,2,1,0,3,0,8,800,0,9223372036800000000,120,0,10,0,0,7,0,0,1,0,0,1,1,1,-1,0,0,2,2,2,0,1,-1,-1,-1,-1,0,10,-1,1,1,3,-1,-1,-1,0,0,1,0,0,10,0,0,0,16.85
1,0,0,0,-1,0,1,2,0,0,0,0,3,0,0,1,1,-1,2,1,0,3,0,8,800,0,9223372036800000000,10,0,10,0,0,7,0,0,1,0,0,1,1,1,-1,0,0,2,2,2,0,1,-1,-1,-1,-1,0,10,-1,1,1,3,-1,-1,-1,0,0,1,0,0,10,0,0,0,16.85
1,0,0,0,-1,0,1,5,0,0,0,0,2,2,0,1,1,2,1,-1,-1,3,0,4,50,0,9223372036800000000,5,0,10,0,0,7,0,0,1,0,0,1,1,1,3,0,0,0,-1,2,0,1,-1,-1,-1,-1,-1,10,-1,1,1,3,-1,-1,-1,0,0,1,0,0,10,0,0,0,21.24
1,0,0,0,-1,0,1,5,0,0,0,0,3,0,-1,-1,1,2,-1,2,0,3,0,16,150,0,9223372036800000000,10,0,10,0,0,7,0,0,1,0,0,3,1,0,1,0,0,0,3,2,0,1,-1,-1,-1,-1,0,10,-1,1,1,3,-1,-1,-1,0,0,1,0,0,10,0,0,0,23.85
1,0,0,0,-1,0,1,2,0,0,0,0,3,0,0,1,1,-1,2,2,0,3,0,8,800,0,9223372036800000000,50,0,10,0,0,7,0,0,1,0,0,1,1,1,-1,0,0,2,2,2,0,1,-1,-1,-1,-1,0,10,-1,1,1,3,-1,-1,-1,0,0,1,0,0,10,0,0,0,17.91
1,0,0,0,-1,0,1,2,0,0,0,0,-1,-1,0,1,0,2,0,-1,1,3,0,8,150,0,9223372036800000000,0,0,10,0,0,7,0,0,1,0,0,3,1,1,1,0,0,2,4,2,0,1,-1,-1,-1,-1,-1,10,-1,1,1,3,-1,-1,-1,0,0,1,0,0,10,0,0,0,21.41
1,0,0,0,-1,0,1,2,0,0,0,0,3,0,0,1,1,-1,2,-1,0,3,0,8,800,0,9223372036800000000,50,0,10,0,0,7,0,0,1,0,0,1,1,1,-1,0,0,2,2,2,0,1,-1,-1,-1,-1,0,10,-1,1,1,3,-1,-1,-1,0,0,1,0,0,10,0,0,0,18.45
1,0,0,0,-1,0,1,0,0,0,0,0,2,0,1,0,-1,0,-1,1,2,3,0,16,10,0,9223372036800000000,1,0,10,0,0,7,0,0,1,0,0,0,1,1,2,0,0,5,0,2,0,1,-1,-1,-1,-1,-1,10,-1,1,1,3,-1,-1,-1,0,0,1,0,0,10,0,0,0,43.42
1,0,0,0,-1,0,1,3,0,0,0,0,2,0,2,-1,0,0,1,1,0,3,0,1,100,0,9223372036800000000,1e+75,0,10,0,0,7,0,0,1,0,0,2,1,0,1,0,0,0,2,2,0,1,-1,-1,-1,-1,0,10,-1,1,1,3,-1,-1,-1,0,0,1,0,0,10,0,0,0,44.66
1,0,0,0,-1,0,1,0,0,0,0,0,2,-1,-1,1,0,2,-1,0,0,3,0,-1,800,0,9223372036800000000,30,0,10,0,0,7,0,0,1,0,0,1,1,3,2,0,0,3,3,2,0,1,-1,-1,-1,-1,-1,10,-1,1,1,3,-1,-1,-1,0,0,1,0,0,10,0,0,0,24.33
1,0,0,0,-1,0,1,0,0,0,0,0,1,3,-1,-1,-1,-1,1,2,0,2,0,8,800,0,9223372036800000000,20,0,10,0,0,7,0,0,1,0,0,1,1,1,2,0,0,2,-1,2,0,1,-1,0,2,-1,0,10,-1,1,1,3,-1,-1,-1,0,0,1,0,0,10,-1,0,0,23.54
1,0,0,0,-1,0,1,4,0,0,0,0,2,-1,3,-1,0,1,2,1,1,3,0,8,150,0,9223372036800000000,10,0,10,0,0,7,0,0,1,0,0,2,1,2,2,0,0,4,1,2,0,1,-1,-1,-1,-1,0,10,-1,1,1,3,-1,-1,-1,0,0,1,0,0,10,0,0,0,27.5
1,0,0,0,-1,0,1,0,0,0,0,0,2,1,3,0,2,1,-1,-1,-1,3,0,-1,200,0,9223372036800000000,120,0,10,0,0,7,0,0,1,0,0,3,1,0,3,0,0,0,0,2,0,1,-1,-1,-1,-1,0,10,-1,1,1,3,-1,-1,-1,0,0,1,0,0,10,0,0,0,21.46
1,0,0,0,-1,0,1,1,0,0,0,0,0,3,1,0,0,-1,0,-1,1,3,0,2,50,0,9223372036800000000,30,0,10,0,0,7,0,0,1,0,0,1,1,1,-1,0,0,0,3,2,0,1,-1,-1,1,-1,1,10,-1,1,1,3,-1,-1,-1,0,0,1,0,0,10,-1,0,0,25.12
1,0,0,0,-1,0,1,0,0,0,0,0,2,-1,-1,1,0,2,0,0,0,3,0,-1,800,0,9223372036800000000,30,0,10,0,0,7,0,0,1,0,0,1,1,2,2,0,0,3,3,2,0,1,-1,-1,-1,-1,-1,10,-1,1,1,3,-1,-1,-1,0,0,1,0,0,10,0,0,0,23.51
1,0,0,0,-1,0,1,2,0,0,0,0,1,3,3,2,1,2,0,-1,-1,3,0,8,200,0,9223372036800000000,50,0,10,0,0,7,0,0,1,0,0,1,1,0,0,0,0,0,1,2,0,1,-1,-1,-1,-1,-1,10,-1,1,1,3,-1,-1,-1,0,0,1,0,0,10,0,0,0,22.82
1,0,0,0,-1,0,1,0,0,0,0,0,2,-1,-1,1,0,2,0,0,0,3,0,-1,800,0,9223372036800000000,30,0,10,0,0,7,0,0,1,0,0,1,1,0,2,0,0,3,3,2,0,1,-1,-1,-1,-1,-1,10,-1,1,1,3,-1,-1,-1,0,0,1,0,0,10,0,0,0,23.51
1,0,0,0,-1,0,1,2,0,0,0,0,3,3,-1,1,-1,0,-1,0,2,3,0,8,10,0,9223372036800000000,1e+75,0,10,0,0,7,0,0,1,0,0,1,1,0,1,0,0,0,0,2,0,1,-1,-1,-1,-1,0,10,-1,1,1,3,-1,-1,-1,0,0,1,0,0,10,0,0,0,12.4
1,0,0,0,-1,0,1,3,0,0,0,0,-1,0,1,2,1,-1,-1,2,-1,3,0,-1,50,0,9223372036800000000,1e+75,0,10,0,0,7,0,0,1,0,0,1,1,0,0,0,0,0,0,2,0,1,-1,-1,-1,-1,0,10,-1,1,1,3,-1,-1,-1,0,0,1,0,0,10,0,0,0,16.15
1,0,0,0,-1,0,1,0,0,0,0,0,2,-1,-1,1,0,2,0,0,0,3,0,-1,800,0,9223372036800000000,5,0,10,0,0,7,0,0,1,0,0,1,1,3,2,0,0,3,3,2,0,1,-1,-1,-1,-1,-1,10,-1,1,1,3,-1,-1,-1,0,0,1,0,0,10,0,0,0,23.51
1,0,0,0,-1,0,1,0,0,0,0,0,2,-1,-1,1,0,2,2,0,0,3,0,16,800,0,9223372036800000000,30,0,10,0,0,7,0,0,1,0,0,1,1,3,2,0,0,2,3,2,0,1,-1,-1,-1,-1,-1,10,-1,1,1,3,-1,-1,-1,0,0,1,0,0,10,0,0,0,18.15
1,0,0,0,-1,0,1,0,0,0,0,0,2,-1,-1,1,0,2,2,0,0,3,0,-1,800,0,9223372036800000000,30,0,10,0,0,7,0,0,1,0,0,1,1,3,2,0,0,2,3,2,0,1,-1,-1,-1,-1,1,10,-1,1,1,3,-1,-1,-1,0,0,1,0,0,10,0,0,0,18.32
1,0,0,0,-1,0,1,0,0,0,0,0,2,-1,-1,1,0,2,2,0,0,3,0,-1,800,0,9223372036800000000,30,0,10,0,0,7,0,0,1,0,0,1,1,3,3,0,0,2,3,2,0,1,-1,-1,-1,-1,-1,10,-1,1,1,3,-1,-1,-1,0,0,1,0,0,10,0,0,0,18.13
1,0,0,0,-1,0,1,1,0,0,0,0,-1,0,-1,0,2,-1,-1,0,-1,5,0,16,10,0,9223372036800000000,60,0,10,0,0,7,0,0,1,0,0,0,1,3,1,0,0,3,2,2,0,1,-1,0,2,-1,-1,10,-1,1,1,3,-1,-1,-1,0,0,1,0,0,10,-1,0,0,26.55
1,0,0,0,-1,0,1,0,0,0,0,0,2,1,0,2,-1,0,0,1,0,10,0,16,100,0,9223372036800000000,1e+75,0,10,0,0,7,0,0,1,0,0,0,1,0,3,0,0,1,2,2,0,1,-1,-1,1,-1,0,10,-1,1,1,3,-1,-1,-1,0,0,1,0,0,10,-1,0,0,22.79
1,0,0,0,-1,0,1,3,0,0,0,0,3,-1,-1,-1,1,-1,0,-1,0,3,0,1,800,0,9223372036800000000,10,0,10,0,0,7,0,0,1,0,0,1,1,0,-1,0,0,0,2,2,0,1,-1,-1,-1,-1,0,10,-1,1,1,3,-1,-1,-1,0,0,1,0,0,10,0,0,0,43.02
1,0,0,0,-1,0,1,5,0,0,0,0,3,3,-1,2,1,-1,2,2,0,5,0,8,25,0,9223372036800000000,20,0,10,0,0,7,0,0,1,0,0,1,1,2,3,0,0,3,0,2,0,1,-1,-1,3,-1,-1,10,-1,1,1,3,-1,-1,-1,0,0,1,0,0,10,1,0,0,23.29
1,0,0,0,-1,0,1,5,0,0,0,0,3,2,-1,1,0,0,2,1,2,3,0,-1,800,0,9223372036800000000,240,0,10,0,0,7,0,0,1,0,0,0,1,2,1,0,0,4,-1,2,0,1,-1,-1,-1,-1,-1,10,-1,1,1,3,-1,-1,-1,0,0,1,0,0,10,0,0,0,31.42
1,0,0,0,-1,0,1,5,0,0,0,0,3,2,-1,1,0,2,2,1,2,3,0,-1,800,0,9223372036800000000,240,0,10,0,0,7,0,0,1,0,0,0,1,2,1,0,0,4,-1,2,0,1,-1,-1,-1,-1,-1,10,-1,1,1,3,-1,-1,-1,0,0,1,0,0,10,0,0,0,36.51
1,0,0,0,-1,0,1,2,0,0,0,0,-1,0,0,0,1,0,0,0,-1,3,0,-1,200,0,9223372036800000000,1e+75,0,10,0,0,7,0,0,1,0,0,1,1,0,0,0,0,0,0,2,0,1,-1,-1,-1,-1,0,10,-1,1,1,3,-1,-1,-1,0,0,1,0,0,10,0,0,0,13.37
1,0,0,0,-1,0,1,5,0,0,0,0,3,2,-1,1,0,0,2,1,2,3,0,-1,800,0,9223372036800000000,240,0,10,0,0,7,0,0,1,0,0,0,1,2,1,0,0,4,0,2,0,1,-1,-1,-1,-1,-1,10,-1,1,1,3,-1,-1,-1,0,0,1,0,0,10,0,0,0,31.42
1,0,0,0,-1,0,1,0,0,0,0,0,-1,0,0,0,-1,0,2,0,-1,3,0,-1,100,0,9223372036800000000,1e+75,0,10,0,0,7,0,0,1,0,0,1,1,0,0,0,0,0,0,2,0,1,-1,-1,-1,-1,0,10,-1,1,1,3,-1,-1,-1,0,0,1,0,0,10,0,0,0,12.91
1,0,0,0,-1,0,1,5,0,0,0,0,3,2,3,1,0,0,2,1,2,3,0,-1,800,0,9223372036800000000,240,0,10,0,0,7,0,0,1,0,0,0,1,2,1,0,0,4,-1,2,0,1,-1,-1,-1,-1,-1,10,-1,1,1,3,-1,-1,-1,0,0,1,0,0,10,0,0,0,28.82
1,0,0,0,-1,0,1,5,0,0,0,0,3,-1,3,1,0,0,2,1,0,3,0,-1,800,0,9223372036800000000,240,0,10,0,0,7,0,0,1,0,0,0,1,2,1,0,0,4,-1,2,0,1,-1,-1,-1,-1,-1,10,-1,1,1,3,-1,-1,-1,0,0,1,0,0,10,0,0,0,28.77
1,0,0,0,-1,0,1,2,0,0,0,0,0,0,-1,1,-1,2,0,2,0,3,0,-1,200,0,9223372036800000000,1e+75,0,10,0,0,7,0,0,1,0,0,1,1,0,0,0,0,0,0,2,0,1,-1,-1,-1,-1,0,10,-1,1,1,3,-1,-1,-1,0,0,1,0,0,10,0,0,0,14.36
1,0,0,0,-1,0,1,5,0,0,0,0,3,-1,3,1,0,0,2,1,2,3,0,-1,10,0,9223372036800000000,240,0,10,0,0,7,0,0,1,0,0,0,1,0,1,0,0,4,-1,2,0,1,-1,-1,-1,-1,-1,10,-1,1,1,3,-1,-1,-1,0,0,1,0,0,10,0,0,0,28.56
1,0,0,0,-1,0,1,2,0,0,0,0,1,-1,1,2,2,0,2,1,1,3,0,1,25,0,9223372036800000000,20,0,10,0,0,7,0,0,1,0,0,1,1,0,2,0,0,0,2,2,0,1,-1,-1,-1,-1,0,10,-1,1,1,3,-1,-1,-1,0,0,1,0,0,10,0,0,0,38.51
1,0,0,0,-1,0,1,5,0,0,0,0,3,-1,3,1,0,0,2,1,2,3,0,-1,200,0,9223372036800000000,240,0,10,0,0,7,0,0,1,0,0,0,1,2,1,0,0,4,-1,2,0,1,-1,-1,-1,-1,-1,10,-1,1,1,3,-1,-1,-1,0,0,1,0,0,10,0,0,0,28.77
1,0,0,0,-1,0,1,5,0,0,0,0,3,-1,3,1,0,0,2,1,2,3,0,-1,10,0,9223372036800000000,240,0,10,0,0,7,0,0,1,0,0,0,1,-1,1,0,0,4,-1,2,0,1,-1,-1,-1,-1,-1,10,-1,1,1,3,-1,-1,-1,0,0,1,0,0,10,0,0,0,28.56
1,0,0,0,-1,0,1,5,0,0,0,0,3,-1,3,1,0,0,2,1,2,3,0,-1,400,0,9223372036800000000,240,0,10,0,0,7,0,0,1,0,0,0,1,2,1,0,0,4,-1,2,0,1,-1,-1,-1,-1,-1,10,-1,1,1,3,-1,-1,-1,0,0,1,0,0,10,0,0,0,28.77
1,0,0,0,-1,0,1,5,0,0,0,0,3,-1,3,1,0,0,2,1,2,3,0,-1,10,0,9223372036800000000,10,0,10,0,0,7,0,0,1,0,0,0,1,2,1,0,0,4,-1,2,0,1,-1,-1,-1,-1,-1,10,-1,1,1,3,-1,-1,-1,0,0,1,0,0,10,0,0,0,28.56
1,0,0,0,-1,0,1,5,0,0,0,0,3,-1,0,1,0,0,2,1,2,3,0,-1,10,0,9223372036800000000,240,0,10,0,0,7,0,0,1,0,0,0,1,2,1,0,0,4,-1,2,0,1,-1,-1,-1,-1,-1,10,-1,1,1,3,-1,-1,-1,0,0,1,0,0,10,0,0,0,29.88
1,0,0,0,-1,0,1,0,0,0,0,0,-1,0,2,0,1,2,1,-1,0,1,0,4,10,0,9223372036800000000,2,0,10,0,0,7,0,0,1,0,0,3,1,1,1,0,0,0,3,2,0,1,-1,-1,0,-1,1,10,-1,1,1,3,-1,-1,-1,0,0,1,0,0,10,3,0,0,22.09
1,0,0,0,-1,0,1,4,0,0,0,0,2,3,3,1,0,1,2,1,1,3,0,8,150,0,9223372036800000000,10,0,10,0,0,7,0,0,1,0,0,2,1,2,2,0,0,5,4,2,0,1,-1,-1,-1,-1,0,10,-1,1,1,3,-1,-1,-1,0,0,1,0,0,10,0,0,0,29.78
1,0,0,0,-1,0,1,4,0,0,0,0,1,-1,3,1,0,1,2,1,1,3,0,8,150,0,9223372036800000000,10,0,10,0,0,7,0,0,1,0,0,2,1,2,2,0,0,5,4,2,0,1,-1,-1,-1,-1,0,10,-1,1,1,3,-1,-1,-1,0,0,1,0,0,10,0,0,0,29.78
1,0,0,0,-1,0,1,4,0,0,0,0,2,-1,3,1,0,1,2,1,1,3,0,8,150,0,9223372036800000000,10,0,10,0,0,7,0,0,1,0,0,1,1,2,2,0,0,5,4,2,0,1,-1,-1,-1,-1,0,10,-1,1,1,3,-1,-1,-1,0,0,1,0,0,10,0,0,0,29.78
1,0,0,0,-1,0,1,4,0,0,0,0,2,-1,3,1,0,0,2,1,1,3,0,8,150,0,9223372036800000000,10,0,10,0,0,7,0,0,1,0,0,2,1,2,2,0,0,5,4,2,0,1,-1,-1,-1,-1,0,10,-1,1,1,3,-1,-1,-1,0,0,1,0,0,10,0,0,0,30.82
1,0,0,0,-1,0,1,2,0,0,0,0,3,0,1,1,-1,0,-1,0,2,3,0,-1,10,0,9223372036800000000,1e+75,0,10,0,0,10,0,0,1,0,0,1,1,0,1,0,0,0,0,2,0,1,-1,-1,-1,-1,0,10,-1,1,1,3,-1,-1,-1,0,0,1,0,0,10,0,0,0,12.45
1,0,0,0,-1,0,1,4,0,0,0,0,2,-1,3,1,0,1,2,1,1,3,0,8,150,0,9223372036800000000,10,0,10,0,0,7,0,0,1,0,0,2,1,2,0,0,0,5,4,2,0,1,-1,-1,-1,-1,0,10,-1,1,1,3,-1,-1,-1,0,0,1,0,0,10,0,0,0,30.64
1,0,0,0,-1,0,1,4,0,0,0,0,2,1,3,1,0,1,2,1,1,3,0,8,150,0,9223372036800000000,10,0,10,0,0,7,0,0,1,0,0,2,1,2,2,0,0,5,4,2,0,1,-1,-1,-1,-1,0,10,-1,1,1,3,-1,-1,-1,0,0,1,0,0,10,0,0,0,29.78
1,0,0,0,-1,0,1,4,0,0,0,0,-1,0,1,2,0,1,1,0,2,3,0,-1,100,0,9223372036800000000,1e+75,0,10,0,0,7,0,0,1,0,0,1,1,0,0,0,0,0,0,2,0,1,-1,-1,-1,-1,0,10,-1,1,1,3,-1,-1,-1,0,0,1,0,0,10,0,0,0,17.12
1,0,0,0,-1,0,1,3,0,0,0,0,-1,0,0,0,1,0,-1,-1,-1,3,0,-1,50,0,9223372036800000000,1e+75,0,10,0,0,7,0,0,1,0,0,1,1,0,0,0,0,0,0,2,0,1,-1,-1,-1,-1,0,10,-1,1,1,3,-1,-1,-1,0,0,1,0,0,10,0,0,0,18.36
1,0,0,0,-1,0,1,2,0,0,0,0,3,0,-1,1,-1,0,-1,0,2,3,0,8,50,0,9223372036800000000,1e+75,0,10,0,0,7,0,0,1,0,0,1,1,0,1,0,0,0,0,2,0,1,-1,-1,-1,-1,0,10,-1,1,1,3,-1,-1,-1,0,0,1,0,0,10,0,0,0,16.29
1,0,0,0,-1,0,1,4,0,0,0,0,2,-1,1,1,0,1,2,1,1,3,0,8,150,0,9223372036800000000,10,0,10,0,0,7,0,0,1,0,0,2,1,2,2,0,0,4,4,2,0,1,-1,-1,-1,-1,0,10,-1,1,1,3,-1,-1,-1,0,0,1,0,0,10,0,0,0,24.52
1,0,0,0,-1,0,1,4,0,0,0,0,2,-1,3,1,0,1,2,1,1,3,0,8,10,0,9223372036800000000,10,0,10,0,0,7,0,0,1,0,0,2,1,2,2,0,0,4,4,2,0,1,-1,-1,-1,-1,0,10,-1,1,1,3,-1,-1,-1,0,0,1,0,0,10,0,0,0,29.9
1,0,0,0,-1,0,1,2,0,0,0,0,3,0,1,1,-1,0,-1,0,2,3,0,8,10,0,9223372036800000000,1e+75,0,10,0,0,7,0,0,1,0,0,3,1,0,1,0,0,0,0,2,0,1,-1,-1,-1,-1,0,10,-1,1,1,3,-1,-1,-1,0,0,1,0,0,10,0,0,0,20.8
1,0,0,0,-1,0,1,4,0,0,0,0,2,-1,3,-1,0,1,2,1,1,3,0,8,150,0,9223372036800000000,10,0,10,0,0,7,0,0,1,0,0,1,1,2,2,0,0,4,4,2,0,1,-1,-1,-1,-1,0,10,-1,1,1,3,-1,-1,-1,0,0,1,0,0,10,0,0,0,23.45
1,0,0,0,-1,0,1,1,0,0,0,0,-1,1,0,-1,2,1,2,0,0,3,0,4,150,0,9223372036800000000,30,0,10,0,0,7,0,0,1,0,0,1,1,0,0,0,0,0,2,2,0,1,-1,-1,-1,-1,0,10,-1,1,1,3,-1,-1,-1,0,0,1,0,0,10,0,0,0,21.34
1,0,0,0,-1,0,1,4,0,0,0,0,2,-1,3,-1,0,1,2,1,1,3,0,8,150,0,9223372036800000000,10,0,10,0,0,7,0,0,1,0,0,3,1,2,2,0,0,4,4,2,0,1,-1,-1,-1,-1,0,10,-1,1,1,3,-1,-1,-1,0,0,1,0,0,10,0,0,0,24.29
1,0,0,0,-1,0,1,0,0,0,0,0,0,0,0,0,-1,0,0,0,0,3,0,-1,150,0,9223372036800000000,1,0,10,0,0,7,0,0,1,0,0,1,1,0,0,0,0,0,0,2,0,1,-1,-1,-1,-1,0,10,-1,1,1,3,-1,-1,-1,0,0,1,0,0,10,0,0,0,13.03
1,0,0,0,-1,0,1,3,0,0,0,0,3,3,3,2,0,-1,2,2,0,3,0,8,150,0,9223372036800000000,240,0,10,0,0,7,0,0,1,0,0,1,1,2,1,0,0,0,0,2,0,1,-1,-1,-1,-1,-1,10,-1,1,1,3,-1,-1,-1,0,0,1,0,0,10,0,0,0,18.99
1,0,0,0,-1,0,1,4,0,0,0,0,3,-1,3,1,2,1,1,0,0,3,0,16,10,0,9223372036800000000,60,0,10,0,0,7,0,0,1,0,0,3,1,1,-1,0,0,2,1,2,0,1,-1,-1,-1,-1,-1,10,-1,1,1,3,-1,-1,-1,0,0,1,0,0,10,0,0,0,24.21
1,0,0,0,-1,0,1,4,0,0,0,0,3,-1,3,1,2,1,1,0,0,3,0,16,10,0,9223372036800000000,1e+75,0,10,0,0,7,0,0,1,0,0,3,1,1,-1,0,0,2,1,2,0,1,-1,-1,-1,-1,-1,10,-1,1,1,3,-1,-1,-1,0,0,1,0,0,10,0,0,0,24.21
1,0,0,0,-1,0,1,4,0,0,0,0,3,-1,3,-1,2,1,1,0,0,3,0,16,10,0,9223372036800000000,0,0,10,0,0,7,0,0,1,0,0,3,1,1,0,0,0,1,1,2,0,1,-1,-1,-1,-1,-1,10,-1,1,1,3,-1,-1,-1,0,0,1,0,0,10,0,0,0,26.58
1,0,0,0,-1,0,1,2,0,0,0,0,3,2,3,2,2,0,2,-1,-1,3,0,-1,200,0,9223372036800000000,1,0,10,0,0,7,0,0,1,0,0,3,1,0,3,0,0,0,3,2,0,1,-1,-1,-1,-1,0,10,-1,1,1,3,-1,-1,-1,0,0,1,0,0,10,0,0,0,24.31
1,0,0,0,-1,0,1,0,0,0,0,0,1,-1,-1,0,1,2,-1,0,-1,3,0,4,150,0,9223372036800000000,50,0,10,0,0,7,0,0,1,0,0,2,1,0,1,0,0,0,-1,2,0,1,-1,-1,-1,-1,0,10,-1,1,1,3,-1,-1,-1,0,0,1,0,0,10,0,0,0,21.23
1,0,0,0,-1,0,1,4,0,0,0,0,3,2,3,-1,2,1,1,0,0,3,0,16,10,0,9223372036800000000,0,0,10,0,0,7,0,0,1,0,0,3,1,2,0,0,0,2,1,2,0,1,-1,-1,-1,-1,-1,10,-1,1,1,3,-1,-1,-1,0,0,1,0,0,10,0,0,0,22.5
1,0,0,0,-1,0,1,0,0,0,0,0,-1,1,2,1,2,-1,1,0,0,2,0,8,200,0,9223372036800000000,2,0,10,0,0,7,0,0,1,0,0,1,1,3,-1,0,0,3,2,2,0,1,-1,1,1,-1,-1,10,-1,1,1,3,-1,-1,-1,0,0,1,0,0,10,1,0,0,24.18
1,0,0,0,-1,0,1,1,0,0,0,0,-1,0,-1,0,-1,-1,2,0,-1,5,0,16,10,0,9223372036800000000,60,0,10,0,0,7,0,0,1,0,0,0,1,3,1,0,0,3,2,2,0,1,-1,0,2,-1,-1,10,-1,1,1,3,-1,-1,-1,0,0,1,0,0,10,-1,0,0,27.32
1,0,0,0,-1,0,1,4,0,0,0,0,3,-1,3,-1,2,1,1,0,0,3,0,16,10,0,9223372036800000000,0,0,10,0,0,7,0,0,1,0,0,3,1,2,0,0,0,2,1,2,0,1,-1,-1,-1,-1,-1,10,-1,1,1,3,-1,-1,-1,0,0,1,0,0,10,0,0,0,22.5
1,0,0,0,-1,0,1,4,0,0,0,0,3,2,3,-1,2,1,1,1,0,3,0,16,10,0,9223372036800000000,0,0,10,0,0,7,0,0,1,0,0,3,1,2,0,0,0,2,1,2,0,1,-1,-1,-1,-1,-1,10,-1,1,1,3,-1,-1,-1,0,0,1,0,0,10,0,0,0,22.93
1,0,0,0,-1,0,1,4,0,0,0,0,3,2,3,-1,2,1,1,0,0,3,0,16,10,0,9223372036800000000,40,0,10,0,0,7,0,0,1,0,0,3,1,2,0,0,0,2,1,2,0,1,-1,-1,-1,-1,-1,10,-1,1,1,3,-1,-1,-1,0,0,1,0,0,10,0,0,0,23.1
1,0,0,0,-1,0,1,4,0,0,0,0,3,2,2,-1,2,1,1,0,0,3,0,16,100,0,9223372036800000000,0,0,10,0,0,7,0,0,1,0,0,3,1,2,0,0,0,2,1,2,0,1,-1,-1,-1,-1,-1,10,-1,1,1,3,-1,-1,-1,0,0,1,0,0,10,0,0,0,22.58
1,0,0,0,-1,0,1,4,0,0,0,0,3,2,2,-1,2,1,1,0,0,3,0,16,10,0,9223372036800000000,0,0,10,0,0,7,0,0,1,0,0,3,1,2,0,0,0,0,1,2,0,1,-1,-1,-1,-1,-1,10,-1,1,1,3,-1,-1,-1,0,0,1,0,0,10,0,0,0,21.94
1,0,0,0,-1,0,1,2,0,0,0,0,1,3,3,2,1,2,0,-1,-1,3,0,8,200,0,9223372036800000000,2,0,10,0,0,7,0,0,1,0,0,3,1,0,0,0,0,1,1,2,0,1,-1,-1,-1,-1,-1,10,-1,1,1,3,-1,-1,-1,0,0,1,0,0,10,0,0,0,25
1,0,0,0,-1,0,1,2,0,0,0,0,1,3,3,2,1,2,0,-1,-1,3,0,8,25,0,9223372036800000000,2,0,10,0,0,7,0,0,1,0,0,3,1,0,0,0,0,1,1,2,0,1,-1,-1,-1,-1,-1,10,-1,1,1,3,-1,-1,-1,0,0,1,0,0,10,0,0,0,27.42
1,0,0,0,-1,0,1,2,0,0,0,0,1,3,3,2,1,2,0,-1,-1,3,0,8,200,0,9223372036800000000,2,0,10,0,0,7,0,0,1,0,0,3,1,0,0,0,0,5,1,2,0,1,-1,-1,-1,-1,-1,10,-1,1,1,3,-1,-1,-1,0,0,1,0,0,10,0,0,0,30.81
1,0,0,0,-1,0,1,2,0,0,0,0,-1,-1,0,1,0,2,0,-1,1,3,0,8,25,0,9223372036800000000,10,0,10,0,0,7,0,0,1,0,0,3,1,1,1,0,0,2,4,2,0,1,-1,-1,-1,-1,-1,10,-1,1,1,3,-1,-1,-1,0,0,1,0,0,10,0,0,0,18.27
1,0,0,0,-1,0,1,0,0,0,0,0,3,0,3,0,1,-1,-1,-1,1,3,0,4,10,0,9223372036800000000,0,0,10,0,0,7,0,0,1,0,0,0,1,0,0,0,0,0,3,2,0,1,-1,-1,-1,-1,0,10,-1,1,1,3,-1,-1,-1,0,0,1,0,0,10,0,0,0,20.22
1,0,0,0,-1,0,1,4,0,0,0,0,2,1,0,2,1,2,2,0,2,5,0,-1,800,0,9223372036800000000,120,0,10,0,0,7,0,0,1,0,0,1,1,2,2,0,0,2,0,2,0,1,-1,-1,1,-1,-1,10,-1,1,1,3,-1,-1,-1,0,0,1,0,0,10,1,0,0,15.17
1,0,0,0,-1,0,1,2,0,0,0,0,1,3,3,2,1,2,0,-1,-1,3,0,8,200,0,9223372036800000000,2,0,10,0,0,7,0,0,1,0,0,1,1,0,0,0,0,1,1,2,0,1,-1,-1,-1,-1,-1,10,-1,1,1,3,-1,-1,-1,0,0,1,0,0,10,0,0,0,23.18
1,0,0,0,-1,0,1,2,0,0,0,0,2,-1,-1,-1,1,1,-1,2,-1,3,0,16,200,0,9223372036800000000,2,0,10,0,0,7,0,0,1,0,0,1,1,0,3,0,0,0,1,2,0,1,-1,-1,1,-1,-1,10,-1,1,1,3,-1,-1,-1,0,0,1,0,0,10,3,0,0,22.15
1,0,0,0,-1,0,1,4,0,0,0,0,0,-1,3,2,0,-1,-1,-1,-1,10,0,16,400,0,9223372036800000000,60,0,10,0,0,7,0,0,1,0,0,1,1,-1,2,0,0,3,2,2,0,1,-1,-1,3,-1,1,10,-1,1,1,3,-1,-1,-1,0,0,1,0,0,10,1,0,0,25.9
1,0,0,0,-1,0,1,2,0,0,0,0,1,3,3,2,1,2,0,-1,-1,3,0,8,200,0,9223372036800000000,120,0,10,0,0,7,0,0,1,0,0,1,1,0,0,0,0,1,1,2,0,1,-1,-1,-1,-1,-1,10,-1,1,1,3,-1,-1,-1,0,0,1,0,0,10,0,0,0,23.69
1,0,0,0,-1,0,1,0,0,0,0,0,-1,0,0,0,-1,0,0,0,0,3,0,-1,200,0,9223372036800000000,1,0,10,0,0,7,0,0,1,0,0,1,1,0,0,0,0,0,0,2,0,1,-1,-1,-1,-1,0,10,-1,1,1,3,-1,-1,-1,0,0,1,0,0,10,0,0,0,13.11
1,0,0,0,-1,0,1,2,0,0,0,0,1,3,3,2,1,2,0,-1,-1,3,0,8,200,0,9223372036800000000,50,0,10,0,0,7,0,0,1,0,0,1,1,0,0,0,0,1,1,2,0,1,-1,-1,-1,-1,-1,10,-1,1,1,3,-1,-1,-1,0,0,1,0,0,10,0,0,0,23.18
1,0,0,0,-1,0,1,2,0,0,0,0,1,3,-1,2,1,2,0,-1,-1,3,0,8,200,0,9223372036800000000,50,0,10,0,0,7,0,0,1,0,0,1,1,0,0,0,0,0,1,2,0,1,-1,-1,-1,-1,-1,10,-1,1,1,3,-1,-1,-1,0,0,1,0,0,10,0,0,0,22.89
1,0,0,0,-1,0,1,3,0,0,0,0,2,1,3,0,1,-1,2,2,0,3,0,8,10,0,9223372036800000000,40,0,10,0,0,7,0,0,1,0,0,1,1,0,-1,0,0,0,4,2,0,1,-1,-1,-1,-1,0,10,-1,1,1,3,-1,-1,-1,0,0,1,0,0,10,0,0,0,17.91
1,0,0,0,-1,0,1,2,0,0,0,0,-1,0,0,0,-1,0,0,2,1,3,0,-1,200,0,9223372036800000000,1e+75,0,10,0,0,7,0,0,1,0,0,1,1,0,0,0,0,0,0,2,0,1,-1,-1,-1,-1,0,10,-1,1,1,3,-1,-1,-1,0,0,1,0,0,10,0,0,0,14.98
1,0,0,0,-1,0,1,3,0,0,0,0,3,3,-1,1,2,2,-1,0,-1,3,0,8,200,0,9223372036800000000,120,0,10,0,0,7,0,0,1,0,0,1,1,0,-1,0,0,0,4,2,0,1,-1,-1,-1,-1,0,10,-1,1,1,3,-1,-1,-1,0,0,1,0,0,10,0,0,0,18.14
1,0,0,0,-1,0,1,0,0,0,0,0,1,0,2,2,-1,0,1,2,1,3,0,-1,10,0,9223372036800000000,1e+75,0,10,0,0,7,0,0,1,0,0,1,1,0,0,0,0,0,0,2,0,1,-1,-1,-1,-1,0,10,-1,1,1,3,-1,-1,-1,0,0,1,0,0,10,0,0,0,15.22
1,0,0,0,-1,0,1,2,0,0,0,0,1,3,3,2,1,2,0,-1,-1,3,0,8,200,0,9223372036800000000,40,0,10,0,0,7,0,0,1,0,0,1,1,0,0,0,0,5,1,2,0,1,-1,-1,-1,-1,-1,10,-1,1,1,3,-1,-1,-1,0,0,1,0,0,10,0,0,0,30.24
1,0,0,0,-1,0,1,3,0,0,0,0,3,0,-1,0,-1,0,2,2,0,0,0,16,150,0,9223372036800000000,120,0,10,0,0,7,0,0,1,0,0,2,1,2,3,0,0,3,3,2,0,1,-1,0,1,-1,0,10,-1,1,1,3,-1,-1,-1,0,0,1,0,0,10,3,0,0,25.04
1,0,0,0,-1,0,1,2,0,0,0,0,1,3,3,2,1,2,0,1,-1,3,0,8,200,0,9223372036800000000,40,0,10,0,0,7,0,0,1,0,0,1,1,0,0,0,0,0,4,2,0,1,-1,-1,-1,-1,-1,10,-1,1,1,3,-1,-1,-1,0,0,1,0,0,10,0,0,0,18.55
1,0,0,0,-1,0,1,0,0,0,0,0,1,0,1,2,0,0,1,0,-1,0,0,-1,400,0,9223372036800000000,5,0,10,0,0,7,0,0,1,0,0,2,1,2,1,0,0,1,2,2,0,1,-1,1,-1,-1,-1,10,-1,1,1,3,-1,-1,-1,0,0,1,0,0,10,1,0,0,22.5
1,0,0,0,-1,0,1,2,0,0,0,0,1,3,3,2,1,2,0,-1,-1,3,0,8,200,0,9223372036800000000,40,0,10,0,0,7,0,0,1,0,0,0,1,0,0,0,0,0,4,2,0,1,-1,-1,-1,-1,-1,10,-1,1,1,3,-1,-1,-1,0,0,1,0,0,10,0,0,0,25.14
1,0,0,0,-1,0,1,0,0,0,0,0,1,0,3,0,1,-1,-1,-1,1,3,0,4,10,0,9223372036800000000,5,0,10,0,0,7,0,0,1,0,0,0,1,0,0,0,0,0,3,2,0,1,-1,-1,-1,-1,0,10,-1,1,1,3,-1,-1,-1,0,0,1,0,0,10,0,0,0,22.63
1,0,0,0,-1,0,1,2,0,0,0,0,-1,3,3,2,1,2,0,-1,-1,3,0,8,200,0,9223372036800000000,40,0,10,0,0,7,0,0,1,0,0,1,1,0,0,0,0,0,4,2,0,1,-1,-1,-1,-1,-1,10,-1,1,1,3,-1,-1,-1,0,0,1,0,0,10,0,0,0,17.69
1,0,0,0,-1,0,1,1,0,0,0,0,1,1,0,2,0,2,2,2,1,3,0,1,10,0,9223372036800000000,2,0,10,0,0,7,0,0,1,0,0,1,1,3,0,0,0,5,2,2,0,1,-1,-1,-1,-1,0,10,-1,1,1,3,-1,-1,-1,0,0,1,0,0,10,0,0,0,51.34
1,0,0,0,-1,0,1,0,0,0,0,0,2,1,0,2,-1,0,0,1,0,10,0,16,100,0,9223372036800000000,1e+75,0,10,0,0,7,0,0,1,0,0,0,1,0,3,0,0,1,0,2,0,1,-1,-1,1,-1,0,10,-1,1,1,3,-1,-1,-1,0,0,1,0,0,10,4,0,0,21.91
1,0,0,0,-1,0,1,3,0,0,0,0,1,1,0,2,0,2,2,2,1,3,0,1,10,0,9223372036800000000,2,0,10,0,0,7,0,0,1,0,0,1,1,3,0,0,0,5,2,2,0,1,-1,-1,-1,-1,0,10,-1,1,1,3,-1,-1,-1,0,0,1,0,0,10,0,0,0,50.46
1,0,0,0,-1,0,1,4,0,0,0,0,2,1,1,0,2,-1,2,1,-1,10,0,2,200,0,9223372036800000000,120,0,10,0,0,7,0,0,1,0,0,0,1,0,3,0,0,2,4,2,0,1,-1,1,-1,-1,-1,10,-1,1,1,3,-1,-1,-1,0,0,1,0,0,10,1,0,0,25.06
1,0,0,0,-1,0,1,3,0,0,0,0,1,1,0,2,0,-1,2,2,1,3,0,1,10,0,9223372036800000000,2,0,10,0,0,7,0,0,1,0,0,1,1,3,0,0,0,5,2,2,0,1,-1,-1,-1,-1,0,10,-1,1,1,3,-1,-1,-1,0,0,1,0,0,10,0,0,0,50.46
1,0,0,0,-1,0,1,3,0,0,0,0,1,1,0,2,0,2,2,2,1,3,0,1,10,0,9223372036800000000,30,0,10,0,0,7,0,0,1,0,0,1,1,3,0,0,0,5,2,2,0,1,-1,-1,-1,-1,0,10,-1,1,1,3,-1,-1,-1,0,0,1,0,0,10,0,0,0,50.46
1,0,0,0,-1,0,1,3,0,0,0,0,1,1,0,2,0,2,2,2,1,3,0,1,10,0,9223372036800000000,2,0,10,0,0,7,0,0,1,0,0,1,1,3,2,0,0,5,2,2,0,1,-1,-1,-1,-1,0,10,-1,1,1,3,-1,-1,-1,0,0,1,0,0,10,0,0,0,50.46
1,0,0,0,-1,0,1,1,0,0,0,0,-1,0,3,0,2,0,1,1,0,3,0,-1,800,0,9223372036800000000,1e+75,0,10,0,0,7,0,0,1,0,0,1,1,0,0,0,0,0,0,2,0,1,-1,-1,-1,-1,0,10,-1,1,1,3,-1,-1,-1,0,0,1,0,0,10,0,0,0,22.47
1,0,0,0,-1,0,1,2,0,0,0,0,-1,-1,0,1,0,2,-1,-1,1,3,0,8,25,0,9223372036800000000,30,0,10,0,0,7,0,0,1,0,0,3,1,1,1,0,0,2,4,2,0,1,-1,-1,-1,-1,-1,10,-1,1,1,3,-1,-1,-1,0,0,1,0,0,10,0,0,0,22.26
1,0,0,0,-1,0,1,1,0,0,0,0,2,0,-1,0,0,-1,0,2,1,3,0,-1,25,0,9223372036800000000,1e+75,0,10,0,0,7,0,0,1,0,0,1,1,0,0,0,0,0,0,2,0,1,-1,-1,-1,-1,0,10,-1,1,1,3,-1,-1,-1,0,0,1,0,0,10,0,0,0,22.75
1,0,0,0,-1,0,1,3,0,0,0,0,1,1,0,2,0,2,2,2,1,3,0,1,10,0,9223372036800000000,60,0,10,0,0,7,0,0,1,0,0,1,1,3,0,0,0,5,2,2,0,1,-1,-1,-1,-1,0,10,-1,1,1,3,-1,-1,-1,0,0,1,0,0,10,0,0,0,50.46
1,0,0,0,-1,0,1,5,0,0,0,0,3,-1,3,1,0,0,2,1,2,3,0,-1,800,0,9223372036800000000,240,0,10,0,0,7,0,0,1,0,0,0,1,2,1,0,0,4,-1,2,0,1,-1,-1,-1,-1,-1,10,-1,1,1,3,-1,-1,-1,0,0,1,0,0,10,0,0,0,28.77
1,0,0,0,-1,0,1,3,0,0,0,0,1,1,0,2,0,2,2,2,1,3,0,1,10,0,9223372036800000000,2,0,10,0,0,7,0,0,1,0,0,3,1,3,0,0,0,5,2,2,0,1,-1,-1,-1,-1,0,10,-1,1,1,3,-1,-1,-1,0,0,1,0,0,10,0,0,0,51.17
1,0,0,0,-1,0,1,4,0,0,0,0,0,1,0,2,0,2,1,0,2,5,0,-1,800,0,9223372036800000000,120,0,10,0,0,7,0,0,1,0,0,1,1,2,2,0,0,2,0,2,0,1,-1,-1,1,-1,-1,10,-1,1,1,3,-1,-1,-1,0,0,1,0,0,10,1,0,0,15.77
1,0,0,0,-1,0,1,2,0,0,0,0,2,-1,-1,-1,1,1,-1,2,-1,3,0,4,200,0,9223372036800000000,60,0,10,0,0,7,0,0,1,0,0,1,1,0,3,0,0,0,1,2,0,1,-1,-1,1,-1,-1,10,-1,1,1,3,-1,-1,-1,0,0,1,0,0,10,3,0,0,22.23
1,0,0,0,-1,0,1,3,0,0,0,0,1,1,0,2,0,-1,2,2,1,3,0,1,10,0,9223372036800000000,2,0,10,0,0,7,0,0,1,0,0,1,1,3,0,0,0,5,-1,2,0,1,-1,-1,-1,-1,0,10,-1,1,1,3,-1,-1,-1,0,0,1,0,0,10,0,0,0,49.86
1,0,0,0,-1,0,1,4,0,0,0,0,2,1,1,0,2,-1,1,1,-1,10,0,2,200,0,9223372036800000000,50,0,10,0,0,7,0,0,1,0,0,0,1,0,3,0,0,2,4,2,0,1,-1,1,-1,-1,-1,10,-1,1,1,3,-1,-1,-1,0,0,1,0,0,10,1,0,0,25
1,0,0,0,-1,0,1,3,0,0,0,0,3,1,0,2,0,2,2,2,1,3,0,1,10,0,9223372036800000000,2,0,10,0,0,7,0,0,1,0,0,1,1,3,0,0,0,5,-1,2,0,1,-1,-1,-1,-1,0,10,-1,1,1,3,-1,-1,-1,0,0,1,0,0,10,0,0,0,49.86
1,0,0,0,-1,0,1,3,0,0,0,0,1,2,0,2,0,2,2,2,1,3,0,1,10,0,9223372036800000000,2,0,10,0,0,7,0,0,1,0,0,1,1,3,0,0,0,5,-1,2,0,1,-1,-1,-1,-1,0,10,-1,1,1,3,-1,-1,-1,0,0,1,0,0,10,0,0,0,49.8
1,0,0,0,-1,0,1,3,0,0,0,0,1,2,0,2,1,2,2,2,1,3,0,1,10,0,9223372036800000000,2,0,10,0,0,7,0,0,1,0,0,1,1,3,0,0,0,5,-1,2,0,1,-1,-1,-1,-1,0,10,-1,1,1,3,-1,-1,-1,0,0,1,0,0,10,0,0,0,49.8
1,0,0,0,-1,0,1,3,0,0,0,0,1,2,0,2,0,1,2,2,1,3,0,1,10,0,9223372036800000000,2,0,10,0,0,7,0,0,1,0,0,1,1,3,0,0,0,5,-1,2,0,1,-1,-1,-1,-1,0,10,-1,1,1,3,-1,-1,-1,0,0,1,0,0,10,0,0,0,49.86
1,0,0,0,-1,0,1,2,0,0,0,0,3,0,1,1,-1,0,-1,0,2,5,0,8,10,0,9223372036800000000,1e+75,0,10,0,0,7,0,0,1,0,0,1,1,0,1,0,0,0,0,2,0,1,-1,-1,-1,-1,0,10,-1,1,1,3,-1,-1,-1,0,0,1,0,0,10,0,0,0,16.37
1,0,0,0,-1,0,1,3,0,0,0,0,1,2,0,2,0,2,2,2,1,3,0,1,10,0,9223372036800000000,0,0,10,0,0,7,0,0,1,0,0,1,1,3,0,0,0,5,-1,2,0,1,-1,-1,-1,-1,0,10,-1,1,1,3,-1,-1,-1,0,0,1,0,0,10,0,0,0,52.37
1,0,0,0,-1,0,1,3,0,0,0,0,1,2,0,2,0,2,2,2,1,3,0,-1,10,0,9223372036800000000,2,0,10,0,0,7,0,0,1,0,0,1,1,3,0,0,0,5,-1,2,0,1,-1,-1,-1,-1,0,10,-1,1,1,3,-1,-1,-1,0,0,1,0,0,10,0,0,0,29.26
1,0,0,0,-1,0,1,2,0,0,0,0,1,0,0,2,0,1,1,-1,2,3,0,8,100,0,9223372036800000000,30,0,10,0,0,7,0,0,1,0,0,1,1,0,-1,0,0,0,3,2,0,1,-1,-1,-1,-1,0,10,-1,1,1,3,-1,-1,-1,0,0,1,0,0,10,0,0,0,21.05
1,0,0,0,-1,0,1,3,0,0,0,0,1,-1,0,2,0,2,2,2,1,3,0,-1,10,0,9223372036800000000,2,0,10,0,0,7,0,0,1,0,0,1,1,3,0,0,0,5,-1,2,0,1,-1,-1,-1,-1,0,10,-1,1,1,3,-1,-1,-1,0,0,1,0,0,10,0,0,0,29.26
1,0,0,0,-1,0,1,4,0,0,0,0,0,-1,3,2,-1,1,-1,-1,-1,10,0,16,400,0,9223372036800000000,60,0,10,0,0,7,0,0,1,0,0,1,1,0,2,0,0,3,2,2,0,1,-1,-1,3,-1,1,10,-1,1,1,3,-1,-1,-1,0,0,1,0,0,10,1,0,0,24.44
1,0,0,0,-1,0,1,3,0,0,0,0,2,3,-1,1,2,2,-1,1,0,3,0,8,400,0,9223372036800000000,20,0,10,0,0,7,0,0,1,0,0,0,1,0,3,0,0,0,2,2,0,1,-1,-1,-1,-1,0,10,-1,1,1,3,-1,-1,-1,0,0,1,0,0,10,0,0,0,20.77
1,0,0,0,-1,0,1,0,0,0,0,0,0,3,0,1,0,2,-1,2,2,3,0,8,800,0,9223372036800000000,10,0,10,0,0,7,0,0,1,0,0,1,1,0,-1,0,0,5,3,2,0,1,-1,-1,-1,-1,0,10,-1,1,1,3,-1,-1,-1,0,0,1,0,0,10,0,0,0,29.25
1,0,0,0,-1,0,1,1,0,0,0,0,3,3,3,2,0,1,-1,-1,-1,2,0,16,800,0,9223372036800000000,5,0,10,0,0,7,0,0,1,0,0,1,1,3,-1,0,0,3,1,2,0,1,-1,0,2,-1,-1,10,-1,1,1,3,-1,-1,-1,0,0,1,0,0,10,2,0,0,27.6
1,0,0,0,-1,0,1,0,0,0,0,0,0,3,0,1,0,2,-1,2,2,3,0,8,800,0,9223372036800000000,5,0,10,0,0,7,0,0,1,0,0,1,1,0,-1,0,0,5,3,2,0,1,-1,-1,-1,-1,0,10,-1,1,1,3,-1,-1,-1,0,0,1,0,0,10,0,0,0,29.25
1,0,0,0,-1,0,1,2,0,0,0,0,3,2,3,2,2,0,2,-1,-1,3,0,-1,200,0,9223372036800000000,1,0,10,0,0,7,0,0,1,0,0,0,1,0,3,0,0,3,3,2,0,1,-1,-1,-1,-1,0,10,-1,1,1,3,-1,-1,-1,0,0,1,0,0,10,0,0,0,24.97
1,0,0,0,-1,0,1,5,0,0,0,0,0,2,3,-1,1,0,1,-1,-1,3,0,2,200,0,9223372036800000000,240,0,10,0,0,7,0,0,1,0,0,1,1,-1,2,0,0,0,-1,2,0,1,-1,-1,-1,-1,-1,10,-1,1,1,3,-1,-1,-1,0,0,1,0,0,10,0,0,0,32.84
1,0,0,0,-1,0,1,0,0,0,0,0,0,3,0,1,0,2,-1,2,2,3,0,8,800,0,9223372036800000000,10,0,10,0,0,7,0,0,1,0,0,1,1,0,-1,0,0,4,3,2,0,1,-1,-1,-1,-1,0,10,-1,1,1,3,-1,-1,-1,0,0,1,0,0,10,0,0,0,26.02
1,0,0,0,-1,0,1,0,0,0,0,0,2,3,-1,1,2,2,-1,1,0,3,0,2,400,0,9223372036800000000,20,0,10,0,0,7,0,0,1,0,0,0,1,0,3,0,0,0,2,2,0,1,-1,-1,-1,-1,0,10,-1,1,1,3,-1,-1,-1,0,0,1,0,0,10,0,0,0,23.77
1,0,0,0,-1,0,1,0,0,0,0,0,0,3,0,1,0,2,-1,2,2,3,0,1,800,0,9223372036800000000,10,0,10,0,0,7,0,0,1,0,0,1,1,0,-1,0,0,4,3,2,0,1,-1,-1,-1,-1,0,10,-1,1,1,3,-1,-1,-1,0,0,1,0,0,10,0,0,0,47.66
1,0,0,0,-1,0,1,1,0,0,0,0,0,3,1,0,0,-1,0,-1,1,3,0,2,50,0,9223372036800000000,30,0,10,0,0,7,0,0,1,0,0,1,1,1,0,0,0,0,3,2,0,1,-1,-1,1,-1,-1,10,-1,1,1,3,-1,-1,-1,0,0,1,0,0,10,-1,0,0,22.93
1,0,0,0,-1,0,1,2,0,0,0,0,3,0,1,1,-1,0,-1,0,2,3,0,-1,10,0,9223372036800000000,10,0,10,0,0,7,0,0,1,0,0,1,1,0,1,0,0,0,0,2,0,1,-1,-1,-1,-1,0,10,-1,1,1,3,-1,-1,-1,0,0,1,0,0,10,0,0,0,12.45
1,0,0,0,-1,0,1,0,0,0,0,0,2,3,0,1,0,2,-1,2,2,3,0,8,800,0,9223372036800000000,10,0,10,0,0,7,0,0,1,0,0,1,1,0,-1,0,0,4,3,2,0,1,-1,-1,-1,-1,0,10,-1,1,1,3,-1,-1,-1,0,0,1,0,0,10,0,0,0,26.02
1,0,0,0,-1,0,1,0,0,0,0,0,0,0,0,0,1,0,-1,-1,-1,3,0,-1,25,0,9223372036800000000,1e+75,0,10,0,0,7,0,0,1,0,0,1,1,0,0,0,0,0,0,2,0,1,-1,-1,-1,-1,0,10,-1,1,1,3,-1,-1,-1,0,0,1,0,0,10,0,0,0,17.18
1,0,0,0,-1,0,1,0,0,0,0,0,0,3,0,1,0,2,-1,2,2,3,0,8,800,0,9223372036800000000,50,0,10,0,0,7,0,0,1,0,0,1,1,0,-1,0,0,4,3,2,0,1,-1,-1,-1,-1,0,10,-1,1,1,3,-1,-1,-1,0,0,1,0,0,10,0,0,0,26.02
1,0,0,0,-1,0,1,0,0,0,0,0,0,0,0,0,0,0,0,2,0,3,0,-1,200,0,9223372036800000000,1e+75,0,10,0,0,7,0,0,1,0,0,1,1,0,0,0,0,0,0,2,0,1,-1,-1,-1,-1,0,10,-1,1,1,3,-1,-1,-1,0,0,1,0,0,10,0,0,0,14.46
1,0,0,0,-1,0,1,0,0,0,0,0,0,3,0,1,0,2,-1,2,2,3,0,8,150,0,9223372036800000000,10,0,10,0,0,7,0,0,1,0,0,1,1,0,-1,0,0,4,3,2,0,1,-1,-1,-1,-1,0,10,-1,1,1,3,-1,-1,-1,0,0,1,0,0,10,0,0,0,26.02
1,0,0,0,-1,0,1,0,0,0,0,0,0,3,0,1,0,2,-1,1,2,3,0,8,800,0,9223372036800000000,10,0,10,0,0,7,0,0,1,0,0,1,1,0,-1,0,0,4,3,2,0,1,-1,-1,-1,-1,0,10,-1,1,1,3,-1,-1,-1,0,0,1,0,0,10,0,0,0,27.73
1,0,0,0,-1,0,1,4,0,0,0,0,0,-1,3,2,0,1,-1,-1,-1,5,0,16,400,0,9223372036800000000,60,0,10,0,0,7,0,0,1,0,0,1,1,0,2,0,0,3,2,2,0,1,-1,-1,3,-1,1,10,-1,1,1,3,-1,-1,-1,0,0,1,0,0,10,1,0,0,24.81
1,0,0,0,-1,0,1,5,0,0,0,0,3,3,2,2,0,-1,2,2,0,3,0,8,150,0,9223372036800000000,60,0,10,0,0,7,0,0,1,0,0,1,1,2,1,0,0,0,0,2,0,1,-1,-1,-1,-1,-1,10,-1,1,1,3,-1,-1,-1,0,0,1,0,0,10,0,0,0,20.26
1,0,0,0,-1,0,1,0,0,0,0,0,0,3,0,1,0,2,-1,2,2,3,0,8,800,0,9223372036800000000,120,0,10,0,0,7,0,0,1,0,0,1,1,0,-1,0,0,4,3,2,0,1,-1,-1,-1,-1,0,10,-1,1,1,3,-1,-1,-1,0,0,1,0,0,10,0,0,0,26.02
1,0,0,0,-1,0,1,0,0,0,0,0,0,3,0,-1,0,2,-1,2,2,3,0,8,800,0,9223372036800000000,10,0,10,0,0,7,0,0,1,0,0,1,1,0,-1,0,0,4,3,2,0,1,-1,-1,-1,-1,0,10,-1,1,1,3,-1,-1,-1,0,0,1,0,0,10,0,0,0,35.52
1,0,0,0,-1,0,1,3,0,0,0,0,-1,3,3,1,1,1,1,2,-1,3,0,1,400,0,9223372036800000000,50,0,10,0,0,7,0,0,1,0,0,2,1,0,2,0,0,1,4,2,0,1,-1,-1,-1,-1,1,10,-1,1,1,3,-1,-1,-1,0,0,1,0,0,10,0,0,0,45.1
1,0,0,0,-1,0,1,1,0,0,0,0,0,-1,2,2,1,1,2,1,1,3,0,16,400,0,9223372036800000000,30,0,10,0,0,7,0,0,1,0,0,2,1,1,1,0,0,3,4,2,0,1,-1,-1,-1,-1,-1,10,-1,1,1,3,-1,-1,-1,0,0,1,0,0,10,0,0,0,27.69
1,0,0,0,-1,0,1,5,0,0,0,0,1,0,2,0,0,0,-1,2,0,2,0,-1,200,0,9223372036800000000,2,0,10,0,0,7,0,0,1,0,0,2,1,1,0,0,0,1,3,2,0,1,-1,-1,2,-1,-1,10,-1,1,1,3,-1,-1,-1,0,0,1,0,0,10,3,0,0,25.44
1,0,0,0,-1,0,1,3,0,0,0,0,0,0,2,2,1,1,2,1,1,3,0,8,400,0,9223372036800000000,30,0,10,0,0,7,0,0,1,0,0,2,1,1,1,0,0,3,4,2,0,1,-1,-1,-1,-1,-1,10,-1,1,1,3,-1,-1,-1,0,0,1,0,0,10,0,0,0,24.52
1,0,0,0,-1,0,1,0,0,0,0,0,-1,3,-1,2,2,0,2,1,1,3,0,8,100,0,9223372036800000000,240,0,10,0,0,7,0,0,1,0,0,0,1,0,3,0,0,0,0,2,0,1,-1,-1,-1,-1,0,10,-1,1,1,3,-1,-1,-1,0,0,1,0,0,10,0,0,0,20.78
1,0,0,0,-1,0,1,3,0,0,0,0,0,-1,2,2,1,1,2,1,1,3,0,8,400,0,9223372036800000000,30,0,10,0,0,7,0,0,1,0,0,2,1,1,1,0,0,2,4,2,0,1,-1,-1,-1,-1,-1,10,-1,1,1,3,-1,-1,-1,0,0,1,0,0,10,0,0,0,18.26
1,0,0,0,-1,0,1,3,0,0,0,0,0,-1,2,2,1,1,2,1,1,3,0,8,400,0,9223372036800000000,30,0,10,0,0,7,0,0,1,0,0,0,1,1,1,0,0,2,4,2,0,1,-1,-1,-1,-1,-1,10,-1,1,1,3,-1,-1,-1,0,0,1,0,0,10,0,0,0,22.63
1,0,0,0,-1,0,1,3,0,0,0,0,0,-1,2,2,2,1,2,1,1,3,0,8,400,0,9223372036800000000,30,0,10,0,0,7,0,0,1,0,0,2,1,1,1,0,0,2,4,2,0,1,-1,-1,-1,-1,-1,10,-1,1,1,3,-1,-1,-1,0,0,1,0,0,10,0,0,0,18.26
1,0,0,0,-1,0,1,3,0,0,0,0,0,-1,2,2,1,1,2,1,1,3,0,8,400,0,9223372036800000000,30,0,10,0,0,7,0,0,1,0,0,2,1,1,1,0,0,2,4,2,0,1,-1,-1,-1,-1,1,10,-1,1,1,3,-1,-1,-1,0,0,1,0,0,10,0,0,0,19.59
1,0,0,0,-1,0,1,3,0,0,0,0,0,-1,2,2,1,1,2,1,1,3,0,8,400,0,9223372036800000000,60,0,10,0,0,7,0,0,1,0,0,2,1,1,-1,0,0,2,4,2,0,1,-1,-1,-1,-1,-1,10,-1,1,1,3,-1,-1,-1,0,0,1,0,0,10,0,0,0,17.41
1,0,0,0,-1,0,1,3,0,0,0,0,2,2,2,0,-1,2,1,-1,-1,5,0,-1,150,0,9223372036800000000,1e+75,0,10,0,0,7,0,0,1,0,0,2,1,-1,-1,0,0,2,1,2,0,1,-1,-1,-1,-1,0,10,-1,1,1,3,-1,-1,-1,0,0,1,0,0,10,0,0,0,22.01
1,0,0,0,-1,0,1,1,0,0,0,0,3,3,3,2,0,1,-1,-1,-1,2,0,16,400,0,9223372036800000000,5,0,10,0,0,7,0,0,1,0,0,1,1,3,0,0,0,3,1,2,0,1,-1,0,2,-1,1,10,-1,1,1,3,-1,-1,-1,0,0,1,0,0,10,2,0,0,25.84
1,0,0,0,-1,0,1,3,0,0,0,0,0,-1,2,2,2,1,2,1,1,3,0,8,25,0,9223372036800000000,30,0,10,0,0,7,0,0,1,0,0,2,1,1,-1,0,0,2,4,2,0,1,-1,-1,-1,-1,-1,10,-1,1,1,3,-1,-1,-1,0,0,1,0,0,10,0,0,0,18.72
1,0,0,0,-1,0,1,5,0,0,0,0,1,0,2,0,0,0,-1,-1,0,2,0,-1,200,0,9223372036800000000,2,0,10,0,0,7,0,0,1,0,0,2,1,1,0,0,0,1,3,2,0,1,-1,0,2,-1,-1,10,-1,1,1,3,-1,-1,-1,0,0,1,0,0,10,3,0,0,25.14
1,0,0,0,-1,0,1,0,0,0,0,0,2,1,0,2,-1,0,0,1,0,10,0,16,100,0,9223372036800000000,1e+75,0,10,0,0,7,0,0,1,0,0,0,1,0,3,0,0,1,-1,2,0,1,-1,-1,1,-1,0,10,-1,1,1,3,-1,-1,-1,0,0,1,0,0,10,-1,0,0,22.76
1,0,0,0,-1,0,1,0,0,0,0,0,1,0,0,-1,0,-1,2,0,2,3,0,16,800,0,9223372036800000000,5,0,10,0,0,7,0,0,1,0,0,3,1,2,-1,0,0,5,3,2,0,1,-1,-1,-1,-1,-1,10,-1,1,1,3,-1,-1,-1,0,0,1,0,0,10,0,0,0,27.46
1,0,0,0,-1,0,1,4,0,0,0,0,2,1,0,2,0,2,2,0,2,5,0,4,800,0,9223372036800000000,120,0,10,0,0,7,0,0,1,0,0,1,1,2,2,0,0,2,0,2,0,1,-1,-1,1,-1,-1,10,-1,1,1,3,-1,-1,-1,0,0,1,0,0,10,1,0,0,15.31
1,0,0,0,-1,0,1,0,0,0,0,0,0,0,3,0,2,0,1,1,0,3,0,-1,800,0,9223372036800000000,1e+75,0,10,0,0,7,0,0,1,0,0,1,1,0,0,0,0,0,0,2,0,1,-1,-1,-1,-1,0,10,-1,1,1,3,-1,-1,-1,0,0,1,0,0,10,0,0,0,19.39
1,0,0,0,-1,0,1,0,0,0,0,0,1,0,0,-1,0,-1,2,0,2,3,0,16,800,0,9223372036800000000,5,0,10,0,0,7,0,0,1,0,0,3,1,2,-1,0,0,2,3,2,0,1,-1,-1,-1,-1,-1,10,-1,1,1,3,-1,-1,-1,0,0,1,0,0,10,0,0,0,22.51
1,0,0,0,-1,0,1,5,0,0,0,0,3,0,2,2,-1,0,0,-1,-1,3,0,-1,200,0,9223372036800000000,1e+75,0,10,0,0,7,0,0,1,0,0,1,1,0,2,0,0,0,0,2,0,1,-1,-1,-1,-1,0,10,-1,1,1,3,-1,-1,-1,0,0,1,0,0,10,0,0,0,18.44
1,0,0,0,-1,0,1,0,0,0,0,0,1,0,0,-1,0,-1,-1,0,2,3,0,16,800,0,9223372036800000000,5,0,10,0,0,7,0,0,1,0,0,0,1,2,-1,0,0,2,-1,2,0,1,-1,-1,-1,-1,-1,10,-1,1,1,3,-1,-1,-1,0,0,1,0,0,10,0,0,0,21.82
1,0,0,0,-1,0,1,0,0,0,0,0,1,0,0,-1,0,-1,2,-1,2,3,0,16,800,0,9223372036800000000,5,0,10,0,0,7,0,0,1,0,0,3,1,2,-1,0,0,2,3,2,0,1,-1,-1,-1,-1,-1,10,-1,1,1,3,-1,-1,-1,0,0,1,0,0,10,0,0,0,37.71
1,0,0,0,-1,0,1,0,0,0,0,0,1,0,0,-1,0,-1,2,0,2,3,0,16,800,0,9223372036800000000,2,0,10,0,0,7,0,0,1,0,0,3,1,2,-1,0,0,2,3,2,0,1,-1,-1,-1,-1,-1,10,-1,1,1,3,-1,-1,-1,0,0,1,0,0,10,0,0,0,22.59
1,0,0,0,-1,0,1,0,0,0,0,0,2,3,3,-1,1,2,-1,2,1,10,0,16,400,0,9223372036800000000,1e+75,0,10,0,0,7,0,0,1,0,0,0,1,2,0,0,0,1,4,2,0,1,-1,1,-1,-1,-1,10,-1,1,1,3,-1,-1,-1,0,0,1,0,0,10,-1,0,0,24.49
1,0,0,0,-1,0,1,0,0,0,0,0,1,0,0,-1,0,-1,2,0,2,3,0,16,800,0,9223372036800000000,5,0,10,0,0,7,0,0,1,0,0,3,1,2,-1,0,0,4,3,2,0,1,-1,-1,-1,-1,-1,10,-1,1,1,3,-1,-1,-1,0,0,1,0,0,10,0,0,0,24.28
1,0,0,0,-1,0,1,3,0,0,0,0,2,1,2,0,2,0,2,-1,1,5,0,4,10,0,9223372036800000000,1e+75,0,10,0,0,7,0,0,1,0,0,3,1,0,-1,0,0,0,4,2,0,1,-1,0,2,-1,1,10,-1,1,1,3,-1,-1,-1,0,0,1,0,0,10,0,0,0,21.65
1,0,0,0,-1,0,1,2,0,0,0,0,3,0,1,1,-1,0,-1,0,2,3,0,-1,10,0,9223372036800000000,60,0,10,0,0,7,0,0,1,0,0,1,1,0,1,0,0,0,0,2,0,1,-1,-1,-1,-1,0,10,-1,1,1,3,-1,-1,-1,0,0,1,0,0,10,0,0,0,12.46
1,0,0,0,-1,0,1,3,0,0,0,0,1,1,-1,-1,0,1,-1,0,1,3,0,4,200,0,9223372036800000000,50,0,10,0,0,7,0,0,1,0,0,1,1,0,2,0,0,0,1,2,0,1,-1,-1,-1,-1,0,10,-1,1,1,3,-1,-1,-1,0,0,1,0,0,10,0,0,0,23.86
1,0,0,0,-1,0,1,0,0,0,0,0,1,0,0,-1,0,-1,2,0,2,3,0,4,800,0,9223372036800000000,5,0,10,0,0,7,0,0,1,0,0,3,1,2,-1,0,0,2,3,2,0,1,-1,-1,-1,-1,-1,10,-1,1,1,3,-1,-1,-1,0,0,1,0,0,10,0,0,0,22.87
1,0,0,0,-1,0,1,0,0,0,0,0,-1,0,0,-1,0,-1,2,0,2,3,0,16,800,0,9223372036800000000,5,0,10,0,0,7,0,0,1,0,0,3,1,2,-1,0,0,2,3,2,0,1,-1,-1,-1,-1,-1,10,-1,1,1,3,-1,-1,-1,0,0,1,0,0,10,0,0,0,22.58
1,0,0,0,-1,0,1,0,0,0,0,0,1,0,0,-1,0,-1,-1,0,2,3,0,16,800,0,9223372036800000000,50,0,10,0,0,7,0,0,1,0,0,0,1,2,-1,0,0,2,3,2,0,1,-1,-1,-1,-1,-1,10,-1,1,1,3,-1,-1,-1,0,0,1,0,0,10,0,0,0,21.26
1,0,0,0,-1,0,1,0,0,0,0,0,-1,0,3,0,2,1,1,1,0,3,0,-1,800,0,9223372036800000000,1e+75,0,10,0,0,7,0,0,1,0,0,1,1,0,0,0,0,0,0,2,0,1,-1,-1,-1,-1,0,10,-1,1,1,3,-1,-1,-1,0,0,1,0,0,10,0,0,0,20.65
1,0,0,0,-1,0,1,0,0,0,0,0,1,0,0,-1,0,-1,-1,0,2,3,0,16,800,0,9223372036800000000,1,0,10,0,0,7,0,0,1,0,0,0,1,2,-1,0,0,2,3,2,0,1,-1,-1,-1,-1,-1,10,-1,1,1,3,-1,-1,-1,0,0,1,0,0,10,0,0,0,21.26
1,0,0,0,-1,0,1,4,0,0,0,0,0,-1,3,2,0,1,-1,-1,-1,10,0,16,400,0,9223372036800000000,20,0,10,0,0,7,0,0,1,0,0,1,1,-1,2,0,0,3,2,2,0,1,-1,-1,3,-1,1,10,-1,1,1,3,-1,-1,-1,0,0,1,0,0,10,1,0,0,24.26
1,0,0,0,-1,0,1,0,0,0,0,0,1,0,2,-1,0,-1,-1,0,2,3,0,16,800,0,9223372036800000000,50,0,10,0,0,7,0,0,1,0,0,0,1,2,-1,0,0,2,3,2,0,1,-1,-1,-1,-1,-1,10,-1,1,1,3,-1,-1,-1,0,0,1,0,0,10,0,0,0,21.26
1,0,0,0,-1,0,1,0,0,0,0,0,1,0,0,-1,0,-1,-1,0,2,3,0,16,800,0,9223372036800000000,50,0,10,0,0,7,0,0,1,0,0,0,1,2,-1,0,0,1,3,2,0,1,-1,-1,-1,-1,-1,10,-1,1,1,3,-1,-1,-1,0,0,1,0,0,10,0,0,0,25.62
1,0,0,0,-1,0,1,3,0,0,0,0,1,1,0,2,0,2,2,2,1,3,0,1,10,0,9223372036800000000,1e+75,0,10,0,0,7,0,0,1,0,0,1,1,3,0,0,0,5,2,2,0,1,-1,-1,-1,-1,0,10,-1,1,1,3,-1,-1,-1,0,0,1,0,0,10,0,0,0,50.46
1,0,0,0,-1,0,1,0,0,0,0,0,1,2,0,-1,0,-1,-1,0,2,3,0,16,800,0,9223372036800000000,50,0,10,0,0,7,0,0,1,0,0,0,1,2,-1,0,0,2,3,2,0,1,-1,-1,-1,-1,-1,10,-1,1,1,3,-1,-1,-1,0,0,1,0,0,10,0,0,0,21.18
1,0,0,0,-1,0,1,0,0,0,0,0,3,2,0,-1,0,-1,-1,0,2,3,0,16,800,0,9223372036800000000,50,0,10,0,0,7,0,0,1,0,0,0,1,2,-1,0,0,2,3,2,0,1,-1,-1,-1,-1,-1,10,-1,1,1,3,-1,-1,-1,0,0,1,0,0,10,0,0,0,21.58
1,0,0,0,-1,0,1,2,0,0,0,0,3,-1,3,2,2,0,2,-1,-1,3,0,-1,200,0,9223372036800000000,1,0,10,0,0,7,0,0,1,0,0,0,1,0,3,0,0,0,3,2,0,1,-1,-1,-1,-1,0,10,-1,1,1,3,-1,-1,-1,0,0,1,0,0,10,0,0,0,22.25
1,0,0,0,-1,0,1,0,0,0,0,0,2,0,-1,0,0,-1,0,-1,1,3,0,-1,25,0,9223372036800000000,1e+75,0,10,0,0,7,0,0,1,0,0,1,1,0,0,0,0,0,0,2,0,1,-1,-1,-1,-1,0,10,-1,1,1,3,-1,-1,-1,0,0,1,0,0,10,0,0,0,15.58
1,0,0,0,-1,0,1,0,0,0,0,0,2,1,0,2,-1,0,0,1,0,10,0,-1,100,0,9223372036800000000,1e+75,0,10,0,0,7,0,0,1,0,0,0,1,0,3,0,0,1,0,2,0,1,-1,-1,1,-1,0,10,-1,1,1,3,-1,-1,-1,0,0,1,0,0,10,0,0,0,19.85
1,0,0,0,-1,0,1,2,0,0,0,0,3,2,-1,2,2,0,2,-1,-1,3,0,-1,200,0,9223372036800000000,1,0,10,0,0,7,0,0,1,0,0,0,1,0,3,0,0,0,3,2,0,1,-1,-1,-1,-1,0,10,-1,1,1,3,-1,-1,-1,0,0,1,0,0,10,0,0,0,24.27
1,0,0,0,-1,0,1,3,0,0,0,0,1,0,2,0,0,0,-1,2,0,2,0,-1,200,0,9223372036800000000,2,0,10,0,0,7,0,0,1,0,0,2,1,1,0,0,0,1,3,2,0,1,-1,0,2,-1,-1,10,-1,1,1,3,-1,-1,-1,0,0,1,0,0,10,3,0,0,25.21
1,0,0,0,-1,0,1,2,0,0,0,0,3,2,3,2,2,2,2,-1,-1,3,0,-1,200,0,9223372036800000000,1,0,10,0,0,7,0,0,1,0,0,0,1,0,3,0,0,0,3,2,0,1,-1,-1,-1,-1,0,10,-1,1,1,3,-1,-1,-1,0,0,1,0,0,10,0,0,0,25.64
1,0,0,0,-1,0,1,4,0,0,0,0,0,-1,3,2,0,1,-1,1,-1,10,0,16,400,0,9223372036800000000,60,0,10,0,0,7,0,0,1,0,0,1,1,-1,2,0,0,3,2,2,0,1,-1,-1,3,-1,1,10,-1,1,1,3,-1,-1,-1,0,0,1,0,0,10,1,0,0,24.94
1,0,0,0,-1,0,1,2,0,0,0,0,3,1,3,2,2,0,2,-1,-1,3,0,-1,200,0,9223372036800000000,1,0,10,0,0,7,0,0,1,0,0,0,1,0,3,0,0,0,3,2,0,1,-1,-1,-1,-1,0,10,-1,1,1,3,-1,-1,-1,0,0,1,0,0,10,0,0,0,22.25
1,0,0,0,-1,0,1,0,0,0,0,0,2,0,1,0,-1,0,-1,1,2,3,0,16,10,0,9223372036800000000,60,0,10,0,0,7,0,0,1,0,0,0,1,1,2,0,0,3,3,2,0,1,-1,-1,-1,-1,-1,10,-1,1,1,3,-1,-1,-1,0,0,1,0,0,10,0,0,0,25.38
1,0,0,0,-1,0,1,2,0,0,0,0,3,0,1,1,-1,0,-1,0,2,10,0,8,10,0,9223372036800000000,1e+75,0,10,0,0,7,0,0,1,0,0,1,1,0,1,0,0,0,0,2,0,1,-1,-1,-1,-1,0,10,-1,1,1,3,-1,-1,-1,0,0,1,0,0,10,0,0,0,15.42
1,0,0,0,-1,0,1,2,0,0,0,0,3,3,3,2,2,0,2,-1,-1,3,0,-1,200,0,9223372036800000000,1,0,10,0,0,7,0,0,1,0,0,0,1,0,3,0,0,0,3,2,0,1,-1,-1,-1,-1,0,10,-1,1,1,3,-1,-1,-1,0,0,1,0,0,10,0,0,0,22.25
1,0,0,0,-1,0,1,2,0,0,0,0,3,2,3,2,2,0,2,-1,-1,3,0,4,200,0,9223372036800000000,1,0,10,0,0,7,0,0,1,0,0,0,1,0,3,0,0,0,3,2,0,1,-1,-1,-1,-1,0,10,-1,1,1,3,-1,-1,-1,0,0,1,0,0,10,0,0,0,22.25
1,0,0,0,-1,0,1,2,0,0,0,0,3,2,3,2,2,0,2,-1,-1,3,0,-1,200,0,9223372036800000000,20,0,10,0,0,7,0,0,1,0,0,0,1,0,3,0,0,0,3,2,0,1,-1,-1,-1,-1,0,10,-1,1,1,3,-1,-1,-1,0,0,1,0,0,10,0,0,0,22.25
1,0,0,0,-1,0,1,2,0,0,0,0,3,2,3,2,2,0,2,-1,-1,3,0,-1,200,0,9223372036800000000,5,0,10,0,0,7,0,0,1,0,0,0,1,0,3,0,0,0,3,2,0,1,-1,-1,-1,-1,0,10,-1,1,1,3,-1,-1,-1,0,0,1,0,0,10,0,0,0,22.25
1,0,0,0,-1,0,1,2,0,0,0,0,3,2,3,2,2,0,2,-1,2,3,0,-1,200,0,9223372036800000000,1,0,10,0,0,7,0,0,1,0,0,0,1,0,3,0,0,0,3,2,0,1,-1,-1,-1,-1,0,10,-1,1,1,3,-1,-1,-1,0,0,1,0,0,10,0,0,0,22.25
1,0,0,0,-1,0,1,2,0,0,0,0,3,2,3,2,2,0,2,-1,-1,3,0,-1,200,0,9223372036800000000,120,0,10,0,0,7,0,0,1,0,0,0,1,0,3,0,0,0,3,2,0,1,-1,-1,-1,-1,0,10,-1,1,1,3,-1,-1,-1,0,0,1,0,0,10,0,0,0,22.25
1,0,0,0,-1,0,1,2,0,0,0,0,3,2,3,2,2,0,2,-1,-1,3,0,-1,200,0,9223372036800000000,1,0,10,0,0,7,0,0,1,0,0,0,1,0,3,0,0,2,3,2,0,1,-1,-1,-1,-1,0,10,-1,1,1,3,-1,-1,-1,0,0,1,0,0,10,0,0,0,22.25
1,0,0,0,-1,0,1,3,0,0,0,0,1,3,3,1,1,1,2,2,0,3,0,1,200,0,9223372036800000000,50,0,10,0,0,7,0,0,1,0,0,2,1,0,2,0,0,1,2,2,0,1,-1,-1,-1,-1,1,10,-1,1,1,3,-1,-1,-1,0,0,1,0,0,10,0,0,0,45.97
1,0,0,0,-1,0,1,3,0,0,0,0,1,3,3,1,1,1,2,2,0,3,0,1,400,0,9223372036800000000,50,0,10,0,0,7,0,0,1,0,0,2,1,0,2,0,0,1,4,2,0,1,-1,-1,-1,-1,1,10,-1,1,1,3,-1,-1,-1,0,0,1,0,0,10,0,0,0,45.32
1,0,0,0,-1,0,1,3,0,0,0,0,-1,3,3,1,1,1,2,2,0,3,0,1,400,0,9223372036800000000,60,0,10,0,0,7,0,0,1,0,0,2,1,0,2,0,0,1,4,2,0,1,-1,-1,-1,-1,1,10,-1,1,1,3,-1,-1,-1,0,0,1,0,0,10,0,0,0,45.73
1,0,0,0,-1,0,1,2,0,0,0,0,-1,0,3,2,0,1,0,0,1,3,0,-1,25,0,9223372036800000000,1e+75,0,10,0,0,7,0,0,1,0,0,1,1,0,0,0,0,0,0,2,0,1,-1,-1,-1,-1,0,10,-1,1,1,3,-1,-1,-1,0,0,1,0,0,10,0,0,0,18.1
1,0,0,0,-1,0,1,2,0,0,0,0,3,0,-1,1,-1,0,-1,0,2,3,0,8,10,0,9223372036800000000,240,0,10,0,0,7,0,0,1,0,0,1,1,0,1,0,0,0,0,2,0,1,-1,-1,-1,-1,0,10,-1,1,1,3,-1,-1,-1,0,0,1,0,0,10,0,0,0,12.39
1,0,0,0,-1,0,1,3,0,0,0,0,-1,3,3,1,1,1,2,2,0,3,0,1,400,0,9223372036800000000,50,0,10,0,0,7,0,0,1,0,0,2,1,0,2,0,0,1,4,2,0,1,-1,-1,-1,-1,-1,10,-1,1,1,3,-1,-1,-1,0,0,1,0,0,10,0,0,0,45.41
1,0,0,0,-1,0,1,2,0,0,0,0,3,0,-1,1,-1,0,-1,0,2,3,0,8,400,0,9223372036800000000,1e+75,0,10,0,0,7,0,0,1,0,0,1,1,0,1,0,0,0,0,2,0,1,-1,-1,-1,-1,0,10,-1,1,1,3,-1,-1,-1,0,0,1,0,0,10,0,0,0,14.68
1,0,0,0,-1,0,1,3,0,0,0,0,-1,3,3,1,1,1,2,2,0,3,0,1,400,0,9223372036800000000,1,0,10,0,0,7,0,0,1,0,0,2,1,0,2,0,0,1,4,2,0,1,-1,-1,-1,-1,1,10,-1,1,1,3,-1,-1,-1,0,0,1,0,0,10,0,0,0,45.49
1,0,0,0,-1,0,1,3,0,0,0,0,-1,3,3,1,1,1,2,2,-1,3,0,1,400,0,9223372036800000000,50,0,10,0,0,7,0,0,1,0,0,2,1,0,2,0,0,1,4,2,0,1,-1,-1,-1,-1,1,10,-1,1,1,3,-1,-1,-1,0,0,1,0,0,10,0,0,0,44.89
1,0,0,0,-1,0,1,0,0,0,0,0,2,1,0,2,-1,0,0,1,0,10,0,16,100,0,9223372036800000000,1e+75,0,10,0,0,7,0,0,1,0,0,0,1,0,3,0,0,1,0,2,0,1,-1,-1,1,-1,-1,10,-1,1,1,3,-1,-1,-1,0,0,1,0,0,10,0,0,0,19.94
1,0,0,0,-1,0,1,2,0,0,0,0,3,0,1,1,-1,0,-1,0,2,3,0,8,800,0,9223372036800000000,1e+75,0,10,0,0,7,0,0,1,0,0,1,1,0,1,0,0,0,0,2,0,1,-1,-1,-1,-1,0,10,-1,1,1,3,-1,-1,-1,0,0,1,0,0,10,0,0,0,14.67
1,0,0,0,-1,0,1,3,0,0,0,0,-1,1,3,1,1,1,2,2,-1,3,0,1,400,0,9223372036800000000,50,0,10,0,0,7,0,0,1,0,0,2,1,0,2,0,0,1,4,2,0,1,-1,-1,-1,-1,1,10,-1,1,1,3,-1,-1,-1,0,0,1,0,0,10,0,0,0,45.53
1,0,0,0,-1,0,1,3,0,0,0,0,2,3,3,1,1,1,2,2,-1,3,0,1,400,0,9223372036800000000,50,0,10,0,0,7,0,0,1,0,0,2,1,0,2,0,0,1,4,2,0,1,-1,-1,-1,-1,1,10,-1,1,1,3,-1,-1,-1,0,0,1,0,0,10,0,0,0,45.19
1,0,0,0,-1,0,1,2,0,0,0,0,3,0,-1,1,-1,0,-1,0,2,3,0,8,10,0,9223372036800000000,1e+75,0,10,0,0,7,0,0,1,0,0,1,1,0,1,0,0,0,0,2,0,1,-1,-1,0,-1,0,10,-1,1,1,3,-1,-1,-1,0,0,1,0,0,10,0,0,0,15.83
1,0,0,0,-1,0,1,3,0,0,0,0,-1,3,3,1,1,1,2,2,-1,3,0,1,400,0,9223372036800000000,10,0,10,0,0,7,0,0,1,0,0,2,1,0,2,0,0,1,4,2,0,1,-1,-1,-1,-1,1,10,-1,1,1,3,-1,-1,-1,0,0,1,0,0,10,0,0,0,45.77
1,0,0,0,-1,0,1,3,0,0,0,0,-1,3,2,0,0,2,-1,0,0,3,0,-1,150,0,9223372036800000000,60,0,10,0,0,7,0,0,1,0,0,3,1,2,0,0,0,1,1,2,0,1,-1,0,0,-1,0,10,-1,1,1,3,-1,-1,-1,0,0,1,0,0,10,0,0,0,20.71
1,0,0,0,-1,0,1,3,0,0,0,0,-1,3,3,1,1,1,2,2,-1,3,0,1,400,0,9223372036800000000,5,0,10,0,0,7,0,0,1,0,0,2,1,0,2,0,0,1,4,2,0,1,-1,-1,-1,-1,1,10,-1,1,1,3,-1,-1,-1,0,0,1,0,0,10,0,0,0,45.92
1,0,0,0,-1,0,1,5,0,0,0,0,0,3,3,-1,1,0,1,-1,-1,3,0,2,200,0,9223372036800000000,240,0,10,0,0,7,0,0,1,0,0,1,1,-1,2,0,0,0,2,2,0,1,-1,-1,-1,-1,-1,10,-1,1,1,3,-1,-1,-1,0,0,1,0,0,10,0,0,0,29.33
1,0,0,0,-1,0,1,5,0,0,0,0,0,3,3,-1,1,-1,1,-1,-1,3,0,2,200,0,9223372036800000000,240,0,10,0,0,7,0,0,1,0,0,1,1,-1,2,0,0,0,2,2,0,1,-1,-1,-1,-1,-1,10,-1,1,1,3,-1,-1,-1,0,0,1,0,0,10,0,0,0,32.61
1,0,0,0,-1,0,1,3,0,0,0,0,2,1,2,0,2,0,2,-1,2,5,0,4,10,0,9223372036800000000,5,0,10,0,0,7,0,0,1,0,0,3,1,0,-1,0,0,0,4,2,0,1,-1,0,2,-1,1,10,-1,1,1,3,-1,-1,-1,0,0,1,0,0,10,0,0,0,21.73
1,0,0,0,-1,0,1,5,0,0,0,0,0,2,3,-1,1,0,1,-1,-1,3,0,2,200,0,9223372036800000000,240,0,10,0,0,7,0,0,1,0,0,1,1,-1,2,0,0,0,2,2,0,1,-1,-1,-1,-1,-1,10,-1,1,1,3,-1,-1,-1,0,0,1,0,0,10,0,0,0,28.61
1,0,0,0,-1,0,1,5,0,0,0,0,0,2,3,-1,1,0,1,-1,-1,3,0,2,200,0,9223372036800000000,10,0,10,0,0,7,0,0,1,0,0,1,1,-1,2,0,0,0,2,2,0,1,-1,-1,-1,-1,-1,10,-1,1,1,3,-1,-1,-1,0,0,1,0,0,10,0,0,0,28.81
1,0,0,0,-1,0,1,0,0,0,0,0,-1,1,-1,1,2,0,0,2,2,3,0,8,100,0,9223372036800000000,20,0,10,0,0,7,0,0,1,0,0,2,1,0,2,0,0,0,2,2,0,1,-1,-1,-1,-1,0,10,-1,1,1,3,-1,-1,-1,0,0,1,0,0,10,0,0,0,20.87
1,0,0,0,-1,0,1,5,0,0,0,0,0,2,3,-1,2,0,1,-1,-1,3,0,2,200,0,9223372036800000000,240,0,10,0,0,7,0,0,1,0,0,1,1,-1,2,0,0,0,2,2,0,1,-1,-1,-1,-1,-1,10,-1,1,1,3,-1,-1,-1,0,0,1,0,0,10,0,0,0,29.33
1,0,0,0,-1,0,1,5,0,0,0,0,0,2,3,-1,1,0,1,-1,-1,3,0,2,200,0,9223372036800000000,0,0,10,0,0,7,0,0,1,0,0,1,1,-1,2,0,0,0,2,2,0,1,-1,-1,-1,-1,-1,10,-1,1,1,3,-1,-1,-1,0,0,1,0,0,10,0,0,0,30.98
1,0,0,0,-1,0,1,5,0,0,0,0,-1,2,3,-1,1,0,1,-1,-1,3,0,2,200,0,9223372036800000000,240,0,10,0,0,7,0,0,1,0,0,1,1,-1,2,0,0,0,2,2,0,1,-1,-1,-1,-1,-1,10,-1,1,1,3,-1,-1,-1,0,0,1,0,0,10,0,0,0,29.83
1,0,0,0,-1,0,1,5,0,0,0,0,0,-1,3,-1,1,0,1,-1,-1,3,0,2,200,0,9223372036800000000,240,0,10,0,0,7,0,0,1,0,0,1,1,-1,2,0,0,0,2,2,0,1,-1,-1,-1,-1,-1,10,-1,1,1,3,-1,-1,-1,0,0,1,0,0,10,0,0,0,30.88
1,0,0,0,-1,0,1,5,0,0,0,0,0,2,3,-1,1,0,1,1,-1,3,0,2,200,0,9223372036800000000,240,0,10,0,0,7,0,0,1,0,0,1,1,-1,2,0,0,0,2,2,0,1,-1,-1,-1,-1,-1,10,-1,1,1,3,-1,-1,-1,0,0,1,0,0,10,0,0,0,21.01
1,0,0,0,-1,0,1,5,0,0,0,0,0,2,2,-1,1,0,1,1,-1,3,0,2,200,0,9223372036800000000,240,0,10,0,0,7,0,0,1,0,0,1,1,-1,2,0,0,0,2,2,0,1,-1,-1,-1,-1,-1,10,-1,1,1,3,-1,-1,-1,0,0,1,0,0,10,0,0,0,20.3
1,0,0,0,-1,0,1,4,0,0,0,0,0,2,1,1,0,1,2,0,1,3,0,2,25,0,9223372036800000000,2,0,10,0,0,7,0,0,1,0,0,1,1,2,1,0,0,0,4,2,0,1,-1,-1,-1,-1,-1,10,-1,1,1,3,-1,-1,-1,0,0,1,0,0,10,0,0,0,22
1,0,0,0,-1,0,1,4,0,0,0,0,0,2,3,1,0,1,2,0,1,3,0,8,25,0,9223372036800000000,2,0,10,0,0,7,0,0,1,0,0,1,1,-1,1,0,0,0,4,2,0,1,-1,-1,-1,-1,-1,10,-1,1,1,3,-1,-1,-1,0,0,1,0,0,10,0,0,0,22.72
1,0,0,0,-1,0,1,0,0,0,0,0,1,3,0,2,0,1,1,-1,2,3,0,8,100,0,9223372036800000000,30,0,10,0,0,7,0,0,1,0,0,1,1,0,-1,0,0,0,3,2,0,1,-1,-1,-1,-1,0,10,-1,1,1,3,-1,-1,-1,0,0,1,0,0,10,0,0,0,19.28
1,0,0,0,-1,0,1,0,0,0,0,0,-1,2,-1,0,0,-1,2,-1,-1,3,0,8,25,0,9223372036800000000,30,0,10,0,0,7,0,0,1,0,0,1,1,0,2,0,0,0,4,2,0,1,-1,-1,-1,-1,0,10,-1,1,1,3,-1,-1,-1,0,0,1,0,0,10,0,0,0,17.8
1,0,0,0,-1,0,1,4,0,0,0,0,0,2,3,1,0,-1,2,0,1,3,0,2,25,0,9223372036800000000,50,0,10,0,0,7,0,0,1,0,0,1,1,-1,1,0,0,0,4,2,0,1,-1,-1,-1,-1,-1,10,-1,1,1,3,-1,-1,-1,0,0,1,0,0,10,0,0,0,20.61
1,0,0,0,-1,0,1,1,0,0,0,0,3,3,3,-1,0,1,-1,-1,-1,2,0,16,800,0,9223372036800000000,5,0,10,0,0,7,0,0,1,0,0,1,1,3,0,0,0,3,1,2,0,1,-1,0,2,-1,1,10,-1,1,1,3,-1,-1,-1,0,0,1,0,0,10,4,0,0,33.75
1,0,0,0,-1,0,1,0,0,0,0,0,1,0,1,1,2,0,0,-1,2,3,0,-1,150,0,9223372036800000000,1e+75,0,10,0,0,7,0,0,1,0,0,1,1,0,0,0,0,0,0,2,0,1,-1,-1,-1,-1,0,10,-1,1,1,3,-1,-1,-1,0,0,1,0,0,10,0,0,0,14.6
1,0,0,0,-1,0,1,4,0,0,0,0,0,2,3,-1,0,-1,2,0,1,3,0,2,25,0,9223372036800000000,2,0,10,0,0,7,0,0,1,0,0,1,1,-1,1,0,0,0,4,2,0,1,-1,-1,-1,-1,-1,10,-1,1,1,3,-1,-1,-1,0,0,1,0,0,10,0,0,0,19.61
1,0,0,0,-1,0,1,4,0,0,0,0,0,2,3,1,0,-1,2,0,1,3,0,8,25,0,9223372036800000000,2,0,10,0,0,7,0,0,1,0,0,1,1,-1,1,0,0,0,4,2,0,1,-1,-1,-1,-1,-1,10,-1,1,1,3,-1,-1,-1,0,0,1,0,0,10,0,0,0,21.97
1,0,0,0,-1,0,1,4,0,0,0,0,0,2,3,-1,2,-1,2,0,1,3,0,2,25,0,9223372036800000000,60,0,10,0,0,7,0,0,1,0,0,1,1,-1,1,0,0,0,4,2,0,1,-1,-1,-1,-1,-1,10,-1,1,1,3,-1,-1,-1,0,0,1,0,0,10,0,0,0,19.54
1,0,0,0,-1,0,1,4,0,0,0,0,0,2,3,-1,2,-1,2,0,1,3,0,2,25,0,9223372036800000000,60,0,10,0,0,7,0,0,1,0,0,1,1,-1,1,0,0,2,4,2,0,1,-1,-1,-1,-1,-1,10,-1,1,1,3,-1,-1,-1,0,0,1,0,0,10,0,0,0,19.61
1,0,0,0,-1,0,1,2,0,0,0,0,-1,3,2,0,0,0,-1,0,-1,3,0,16,200,0,9223372036800000000,1,0,10,0,0,7,0,0,1,0,0,3,1,0,2,0,0,0,1,2,0,1,-1,-1,-1,-1,-1,10,-1,1,1,3,-1,-1,-1,0,0,1,0,0,10,0,0,0,22.48
1,0,0,0,-1,0,1,4,0,0,0,0,0,2,3,-1,2,-1,2,0,1,3,0,2,25,0,9223372036800000000,50,0,10,0,0,7,0,0,1,0,0,1,1,-1,1,0,0,0,4,2,0,1,-1,-1,-1,-1,-1,10,-1,1,1,3,-1,-1,-1,0,0,1,0,0,10,0,0,0,19.61
1,0,0,0,-1,0,1,4,0,0,0,0,0,-1,3,2,0,1,-1,-1,-1,5,0,16,400,0,9223372036800000000,60,0,10,0,0,7,0,0,1,0,0,1,1,-1,2,0,0,3,2,2,0,1,-1,-1,3,-1,1,10,-1,1,1,3,-1,-1,-1,0,0,1,0,0,10,1,0,0,25.43
1,0,0,0,-1,0,1,3,0,0,0,0,-1,0,0,0,-1,0,0,0,1,3,0,-1,50,0,9223372036800000000,1e+75,0,10,0,0,7,0,0,1,0,0,1,1,0,0,0,0,0,0,2,0,1,-1,-1,-1,-1,0,10,-1,1,1,3,-1,-1,-1,0,0,1,0,0,10,0,0,0,15.03
1,0,0,0,-1,0,1,4,0,0,0,0,0,2,3,-1,1,-1,2,0,1,3,0,2,25,0,9223372036800000000,60,0,10,0,0,7,0,0,1,0,0,1,1,-1,1,0,0,0,4,2,0,1,-1,-1,-1,-1,-1,10,-1,1,1,3,-1,-1,-1,0,0,1,0,0,10,0,0,0,19.53
1,0,0,0,-1,0,1,5,0,0,0,0,1,0,2,0,0,2,-1,2,0,2,0,-1,200,0,9223372036800000000,2,0,10,0,0,7,0,0,1,0,0,2,1,1,2,0,0,1,3,2,0,1,-1,0,2,-1,-1,10,-1,1,1,3,-1,-1,-1,0,0,1,0,0,10,3,0,0,23.53
1,0,0,0,-1,0,1,2,0,0,0,0,-1,3,2,0,0,0,0,0,0,3,0,16,200,0,9223372036800000000,1,0,10,0,0,7,0,0,1,0,0,3,1,0,2,0,0,5,-1,2,0,1,-1,-1,-1,-1,-1,10,-1,1,1,3,-1,-1,-1,0,0,1,0,0,10,0,0,0,30.2
1,0,0,0,-1,0,1,3,0,0,0,0,1,1,-1,-1,0,1,-1,0,1,3,0,4,200,0,9223372036800000000,60,0,10,0,0,7,0,0,1,0,0,1,1,0,2,0,0,0,1,2,0,1,-1,-1,-1,-1,0,10,-1,1,1,3,-1,-1,-1,0,0,1,0,0,10,0,0,0,23.86
1,0,0,0,-1,0,1,4,0,0,0,0,0,1,0,2,0,1,1,0,2,5,0,-1,100,0,9223372036800000000,120,0,10,0,0,7,0,0,1,0,0,0,1,2,-1,0,0,2,0,2,0,1,-1,-1,1,-1,-1,10,-1,1,1,3,-1,-1,-1,0,0,1,0,0,10,1,0,0,20.47
1,0,0,0,-1,0,1,2,0,0,0,0,3,0,1,1,-1,0,-1,0,2,3,0,8,10,0,9223372036800000000,1e+75,0,10,0,0,7,0,0,1,0,0,1,1,0,1,0,0,0,0,2,0,1,-1,-1,-1,-1,0,10,-1,1,1,3,0,-1,-1,0,0,1,0,0,10,0,0,0,16.98
1,0,0,0,-1,0,1,2,0,0,0,0,-1,3,2,0,0,0,0,0,0,3,0,16,200,0,9223372036800000000,10,0,10,0,0,7,0,0,1,0,0,3,1,0,2,0,0,0,-1,2,0,1,-1,-1,-1,-1,-1,10,-1,1,1,3,-1,-1,-1,0,0,1,0,0,10,0,0,0,21.88
1,0,0,0,-1,0,1,2,0,0,0,0,-1,3,2,0,0,0,0,0,0,3,0,16,200,0,9223372036800000000,5,0,10,0,0,7,0,0,1,0,0,3,1,0,2,0,0,0,-1,2,0,1,-1,-1,-1,-1,-1,10,-1,1,1,3,-1,-1,-1,0,0,1,0,0,10,0,0,0,21.88
1,0,0,0,-1,0,1,2,0,0,0,0,-1,3,2,0,0,0,-1,0,0,3,0,16,200,0,9223372036800000000,1,0,10,0,0,7,0,0,1,0,0,3,1,0,2,0,0,0,1,2,0,1,-1,-1,-1,-1,-1,10,-1,1,1,3,-1,-1,-1,0,0,1,0,0,10,0,0,0,21.42
1,0,0,0,-1,0,1,2,0,0,0,0,-1,3,2,0,2,0,-1,0,0,3,0,16,200,0,9223372036800000000,1,0,10,0,0,7,0,0,1,0,0,3,1,0,2,0,0,0,1,2,0,1,-1,-1,-1,-1,-1,10,-1,1,1,3,-1,-1,-1,0,0,1,0,0,10,0,0,0,21.84
1,0,0,0,-1,0,1,5,0,0,0,0,3,3,1,2,1,0,2,2,0,5,0,8,50,0,9223372036800000000,50,0,10,0,0,7,0,0,1,0,0,1,1,2,3,0,0,3,0,2,0,1,-1,-1,3,-1,-1,10,-1,1,1,3,-1,-1,-1,0,0,1,0,0,10,1,0,0,23.43
1,0,0,0,-1,0,1,2,0,0,0,0,-1,-1,0,1,0,2,0,-1,1,3,0,8,150,0,9223372036800000000,40,0,10,0,0,7,0,0,1,0,0,3,1,1,1,0,0,5,3,2,0,1,-1,-1,-1,-1,-1,10,-1,1,1,3,-1,-1,-1,0,0,1,0,0,10,0,0,0,32.25
1,0,0,0,-1,0,1,2,0,0,0,0,-1,-1,0,1,0,1,0,-1,1,3,0,8,150,0,9223372036800000000,30,0,10,0,0,7,0,0,1,0,0,3,1,1,1,0,0,5,3,2,0,1,-1,-1,-1,-1,-1,10,-1,1,1,3,-1,-1,-1,0,0,1,0,0,10,0,0,0,33.82
1,0,0,0,-1,0,1,2,0,0,0,0,-1,-1,0,1,0,2,0,-1,1,3,0,8,800,0,9223372036800000000,30,0,10,0,0,7,0,0,1,0,0,3,1,1,1,0,0,5,4,2,0,1,-1,-1,-1,-1,-1,10,-1,1,1,3,-1,-1,-1,0,0,1,0,0,10,0,0,0,31.66
1,0,0,0,-1,0,1,2,0,0,0,0,-1,-1,0,1,0,2,0,-1,1,3,0,8,150,0,9223372036800000000,30,0,10,0,0,7,0,0,1,0,0,0,1,1,1,0,0,2,4,2,0,1,-1,-1,-1,-1,-1,10,-1,1,1,3,-1,-1,-1,0,0,1,0,0,10,0,0,0,21.25
1,0,0,0,-1,0,1,2,0,0,0,0,-1,-1,0,1,0,2,0,-1,1,3,0,8,150,0,9223372036800000000,60,0,10,0,0,7,0,0,1,0,0,3,1,1,1,0,0,2,4,2,0,1,-1,-1,-1,-1,-1,10,-1,1,1,3,-1,-1,-1,0,0,1,0,0,10,0,0,0,20
1,0,0,0,-1,0,1,3,0,0,0,0,-1,3,2,0,0,-1,-1,0,0,3,0,-1,150,0,9223372036800000000,10,0,10,0,0,7,0,0,1,0,0,3,1,2,0,0,0,1,1,2,0,1,-1,0,0,-1,0,10,-1,1,1,3,-1,-1,-1,0,0,1,0,0,10,0,0,0,24.07
1,0,0,0,-1,0,1,2,0,0,0,0,-1,-1,0,1,0,2,0,-1,1,3,0,8,25,0,9223372036800000000,1,0,10,0,0,7,0,0,1,0,0,3,1,1,1,0,0,2,4,2,0,1,-1,-1,-1,-1,-1,10,-1,1,1,3,-1,-1,-1,0,0,1,0,0,10,0,0,0,18.27
1,0,0,0,-1,0,1,2,0,0,0,0,-1,-1,0,1,0,-1,0,-1,1,3,0,8,150,0,9223372036800000000,30,0,10,0,0,7,0,0,1,0,0,3,1,1,1,0,0,2,4,2,0,1,-1,-1,-1,-1,-1,10,-1,1,1,3,-1,-1,-1,0,0,1,0,0,10,0,0,0,24.07
1,0,0,0,-1,0,1,0,0,0,0,0,-1,0,1,0,-1,0,2,0,0,3,0,-1,100,0,9223372036800000000,1e+75,0,10,0,0,7,0,0,1,0,0,1,1,0,0,0,0,0,0,2,0,1,-1,-1,-1,-1,0,10,-1,1,1,3,-1,-1,-1,0,0,1,0,0,10,0,0,0,12.98
1,0,0,0,-1,0,1,0,0,0,0,0,3,0,1,-1,2,-1,1,0,0,2,0,4,25,0,9223372036800000000,30,0,10,0,0,7,0,0,1,0,0,1,1,1,1,0,0,2,2,2,0,1,-1,1,-1,-1,0,10,-1,1,1,3,-1,-1,-1,0,0,1,0,0,10,3,0,0,17.93
1,0,0,0,-1,0,1,0,0,0,0,0,-1,0,2,0,0,2,1,-1,0,1,0,4,10,0,9223372036800000000,2,0,10,0,0,7,0,0,1,0,0,3,1,1,1,0,0,0,3,2,0,1,-1,-1,0,-1,1,10,-1,1,1,3,-1,-1,-1,0,0,1,0,0,10,2,0,0,23.61
1,0,0,0,-1,0,1,2,0,0,0,0,0,0,2,1,-1,-1,-1,2,0,3,0,-1,200,0,9223372036800000000,1e+75,0,10,0,0,7,0,0,1,0,0,1,1,0,0,0,0,0,0,2,0,1,-1,-1,-1,-1,0,10,-1,1,1,3,-1,-1,-1,0,0,1,0,0,10,0,0,0,17.68
1,0,0,0,-1,0,1,2,0,0,0,0,-1,-1,0,1,0,2,0,-1,1,3,0,8,25,0,9223372036800000000,30,0,10,0,0,7,0,0,1,0,0,3,1,1,1,0,0,4,4,2,0,1,-1,-1,-1,-1,-1,10,-1,1,1,3,-1,-1,-1,0,0,1,0,0,10,0,0,0,24.83
1,0,0,0,-1,0,1,2,0,0,0,0,-1,-1,0,1,0,2,0,-1,1,3,0,8,25,0,9223372036800000000,30,0,10,0,0,7,0,0,1,0,0,3,1,1,-1,0,0,2,4,2,0,1,-1,-1,-1,-1,-1,10,-1,1,1,3,-1,-1,-1,0,0,1,0,0,10,0,0,0,22.96
1,0,0,0,-1,0,1,5,0,0,0,0,2,2,2,0,-1,2,1,-1,-1,5,0,-1,150,0,9223372036800000000,1e+75,0,10,0,0,7,0,0,1,0,0,2,1,-1,2,0,0,2,1,2,0,1,-1,-1,-1,-1,0,10,-1,1,1,3,-1,-1,-1,0,0,1,0,0,10,0,0,0,22.67
1,0,0,0,-1,0,1,5,0,0,0,0,3,3,2,2,0,-1,2,2,0,3,0,8,150,0,9223372036800000000,240,0,10,0,0,7,0,0,1,0,0,1,1,2,1,0,0,0,0,2,0,1,-1,-1,-1,-1,-1,10,-1,1,1,3,-1,-1,-1,0,0,1,0,0,10,0,0,0,19.81
1,0,0,0,-1,0,1,4,0,0,0,0,0,0,1,2,2,2,-1,0,-1,3,0,-1,200,0,9223372036800000000,1e+75,0,10,0,0,7,0,0,1,0,0,1,1,0,0,0,0,0,0,2,0,1,-1,-1,-1,-1,0,10,-1,1,1,3,-1,-1,-1,0,0,1,0,0,10,0,0,0,15.58
1,0,0,0,-1,0,1,5,0,0,0,0,3,3,2,2,0,-1,2,2,0,3,0,8,150,0,9223372036800000000,240,0,10,0,0,7,0,0,1,0,0,1,1,2,1,0,0,0,3,2,0,1,-1,-1,-1,-1,-1,10,-1,1,1,3,-1,-1,-1,0,0,1,0,0,10,0,0,0,21.26
1,0,0,0,-1,0,1,5,0,0,0,0,3,3,2,2,0,-1,2,2,0,3,0,8,150,0,9223372036800000000,1,0,10,0,0,7,0,0,1,0,0,1,1,2,1,0,0,0,0,2,0,1,-1,-1,-1,-1,-1,10,-1,1,1,3,-1,-1,-1,0,0,1,0,0,10,0,0,0,20.26
1,0,0,0,-1,0,1,5,0,0,0,0,3,3,1,2,0,-1,2,2,0,3,0,8,150,0,9223372036800000000,240,0,10,0,0,7,0,0,1,0,0,1,1,2,1,0,0,0,0,2,0,1,-1,-1,-1,-1,-1,10,-1,1,1,3,-1,-1,-1,0,0,1,0,0,10,0,0,0,20.26
1,0,0,0,-1,0,1,5,0,0,0,0,1,1,3,-1,-1,2,0,0,0,0,0,1,50,0,9223372036800000000,120,0,10,0,0,7,0,0,1,0,0,1,1,0,1,0,0,2,1,2,0,1,-1,0,1,-1,-1,10,-1,1,1,3,-1,-1,-1,0,0,1,0,0,10,-1,0,0,51.77
1,0,0,0,-1,0,1,5,0,0,0,0,3,3,2,2,0,-1,2,2,0,3,0,8,150,0,9223372036800000000,30,0,10,0,0,7,0,0,1,0,0,1,1,2,1,0,0,0,0,2,0,1,-1,-1,-1,-1,-1,10,-1,1,1,3,-1,-1,-1,0,0,1,0,0,10,0,0,0,20.26
1,0,0,0,-1,0,1,3,0,0,0,0,3,3,1,2,0,-1,2,2,0,3,0,8,150,0,9223372036800000000,240,0,10,0,0,7,0,0,1,0,0,1,1,2,1,0,0,0,0,2,0,1,-1,-1,-1,-1,-1,10,-1,1,1,3,-1,-1,-1,0,0,1,0,0,10,0,0,0,16.64
1,0,0,0,-1,0,1,0,0,0,0,0,3,3,1,2,1,-1,2,2,0,3,0,8,150,0,9223372036800000000,0,0,10,0,0,7,0,0,1,0,0,1,1,2,1,0,0,0,0,2,0,1,-1,-1,-1,-1,-1,10,-1,1,1,3,-1,-1,-1,0,0,1,0,0,10,0,0,0,14.83
1,0,0,0,-1,0,1,0,0,0,0,0,3,3,1,2,0,-1,2,2,1,3,0,8,150,0,9223372036800000000,0,0,10,0,0,7,0,0,1,0,0,1,1,2,1,0,0,1,0,2,0,1,-1,-1,-1,-1,-1,10,-1,1,1,3,-1,-1,-1,0,0,1,0,0,10,0,0,0,20.04
1,0,0,0,-1,0,1,3,0,0,0,0,0,0,0,0,-1,0,0,0,0,3,0,-1,150,0,9223372036800000000,1e+75,0,10,0,0,7,0,0,1,0,0,1,1,0,0,0,0,0,0,2,0,1,-1,-1,-1,-1,0,10,-1,1,1,3,-1,-1,-1,0,0,1,0,0,10,0,0,0,17.84
1,0,0,0,-1,0,1,0,0,0,0,0,2,3,3,-1,1,2,-1,2,1,10,0,16,400,0,9223372036800000000,120,0,10,0,0,7,0,0,1,0,0,0,1,2,0,0,0,1,4,2,0,1,-1,1,-1,-1,-1,10,-1,1,1,3,-1,-1,-1,0,0,1,0,0,10,-1,0,0,23.83
1,0,0,0,-1,0,1,5,0,0,0,0,3,3,0,1,2,-1,2,1,0,3,0,8,50,0,9223372036800000000,240,0,10,0,0,7,0,0,1,0,0,3,1,3,-1,0,0,4,4,2,0,1,-1,-1,-1,-1,1,10,-1,1,1,3,-1,-1,-1,0,0,1,0,0,10,0,0,0,26.94
1,0,0,0,-1,0,1,5,0,0,0,0,3,3,0,1,2,-1,2,1,0,3,0,8,50,0,9223372036800000000,50,0,10,0,0,7,0,0,1,0,0,3,1,3,-1,0,0,0,0,2,0,1,-1,-1,-1,-1,1,10,-1,1,1,3,-1,-1,-1,0,0,1,0,0,10,0,0,0,22.37
1,0,0,0,-1,0,1,0,0,0,0,0,2,1,3,0,0,1,-1,-1,-1,3,0,-1,200,0,9223372036800000000,2,0,10,0,0,7,0,0,1,0,0,3,1,0,3,0,0,0,0,2,0,1,-1,-1,-1,-1,0,10,-1,1,1,3,-1,-1,-1,0,0,1,0,0,10,0,0,0,21.37
1,0,0,0,-1,0,1,5,0,0,0,0,3,3,0,1,2,-1,2,1,-1,3,0,8,50,0,9223372036800000000,30,0,10,0,0,7,0,0,1,0,0,3,1,3,-1,0,0,0,0,2,0,1,-1,-1,-1,-1,1,10,-1,1,1,3,-1,-1,-1,0,0,1,0,0,10,0,0,0,22.35
1,0,0,0,-1,0,1,5,0,0,0,0,3,3,0,1,2,-1,2,1,-1,3,0,8,50,0,9223372036800000000,240,0,10,0,0,7,0,0,1,0,0,3,1,-1,-1,0,0,2,0,2,0,1,-1,-1,-1,-1,1,10,-1,1,1,3,-1,-1,-1,0,0,1,0,0,10,0,0,0,22.1
1,0,0,0,-1,0,1,5,0,0,0,0,3,3,0,1,2,-1,2,1,2,3,0,8,50,0,9223372036800000000,240,0,10,0,0,7,0,0,1,0,0,3,1,3,-1,0,0,0,0,2,0,1,-1,-1,-1,-1,1,10,-1,1,1,3,-1,-1,-1,0,0,1,0,0,10,0,0,0,22.37
1,0,0,0,-1,0,1,5,0,0,0,0,3,0,1,-1,1,2,-1,2,0,3,0,16,150,0,9223372036800000000,10,0,10,0,0,7,0,0,1,0,0,3,1,0,1,0,0,0,4,2,0,1,-1,-1,-1,-1,0,10,-1,1,1,3,-1,-1,-1,0,0,1,0,0,10,0,0,0,21.4
1,0,0,0,-1,0,1,5,0,0,0,0,3,3,-1,1,2,-1,2,1,-1,3,0,8,50,0,9223372036800000000,240,0,10,0,0,7,0,0,1,0,0,3,1,-1,-1,0,0,0,0,2,0,1,-1,-1,-1,-1,1,10,-1,1,1,3,-1,-1,-1,0,0,1,0,0,10,0,0,0,22.1
1,0,0,0,-1,0,1,5,0,0,0,0,-1,3,0,1,2,-1,2,1,-1,3,0,8,50,0,9223372036800000000,240,0,10,0,0,7,0,0,1,0,0,3,1,-1,-1,0,0,0,0,2,0,1,-1,-1,-1,-1,1,10,-1,1,1,3,-1,-1,-1,0,0,1,0,0,10,0,0,0,22.1
1,0,0,0,-1,0,1,0,0,0,0,0,3,3,1,2,0,-1,2,2,0,3,0,8,150,0,9223372036800000000,0,0,10,0,0,7,0,0,1,0,0,1,1,-1,1,0,0,0,0,2,0,1,-1,-1,-1,-1,-1,10,-1,1,1,3,-1,-1,-1,0,0,1,0,0,10,0,0,0,15.38
1,0,0,0,-1,0,1,0,0,0,0,0,-1,2,-1,0,0,0,1,-1,-1,3,0,8,25,0,9223372036800000000,1e+75,0,10,0,0,7,0,0,1,0,0,1,1,0,2,0,0,0,4,2,0,1,-1,-1,-1,-1,0,10,-1,1,1,3,-1,-1,-1,0,0,1,0,0,10,0,0,0,20.52
1,0,0,0,-1,0,1,0,0,0,0,0,3,0,1,0,-1,0,2,0,0,3,0,-1,100,0,9223372036800000000,1e+75,0,10,0,0,7,0,0,1,0,0,1,1,-1,0,0,0,0,0,2,0,1,-1,-1,-1,-1,0,10,-1,1,1,3,-1,-1,-1,0,0,1,0,0,10,0,0,0,12.88
1,0,0,0,-1,0,1,5,0,0,0,0,3,3,0,1,2,-1,2,1,-1,3,0,1,50,0,9223372036800000000,240,0,10,0,0,7,0,0,1,0,0,3,1,-1,-1,0,0,0,0,2,0,1,-1,-1,-1,-1,1,10,-1,1,1,3,-1,-1,-1,0,0,1,0,0,10,0,0,0,46.87
1,0,0,0,-1,0,1,5,0,0,0,0,3,3,0,1,2,-1,2,1,-1,3,0,8,50,0,9223372036800000000,240,0,10,0,0,7,0,0,1,0,0,3,1,-1,-1,0,0,3,0,2,0,1,-1,-1,-1,-1,1,10,-1,1,1,3,-1,-1,-1,0,0,1,0,0,10,0,0,0,24.3
1,0,0,0,-1,0,1,0,0,0,0,0,-1,0,2,0,0,2,1,-1,0,1,0,4,10,0,9223372036800000000,2,0,10,0,0,7,0,0,1,0,0,3,1,1,1,0,0,0,3,2,0,1,-1,-1,0,-1,-1,10,-1,1,1,3,-1,-1,-1,0,0,1,0,0,10,3,0,0,24.61
1,0,0,0,-1,0,1,5,0,0,0,0,3,3,0,1,2,-1,2,1,-1,3,0,-1,50,0,9223372036800000000,240,0,10,0,0,7,0,0,1,0,0,3,1,-1,-1,0,0,0,0,2,0,1,-1,-1,-1,-1,1,10,-1,1,1,3,-1,-1,-1,0,0,1,0,0,10,0,0,0,22.1
1,0,0,0,-1,0,1,5,0,0,0,0,2,1,2,2,-1,2,1,1,2,3,0,16,150,0,9223372036800000000,30,0,10,0,0,7,0,0,1,0,0,1,1,0,3,0,0,0,1,2,0,1,-1,-1,-1,-1,0,10,-1,1,1,3,-1,-1,-1,0,0,1,0,0,10,0,0,0,23.12
1,0,0,0,-1,0,1,5,0,0,0,0,3,3,0,1,2,-1,2,1,-1,3,0,8,50,0,9223372036800000000,240,0,10,0,0,7,0,0,1,0,0,3,1,0,-1,0,0,0,0,2,0,1,-1,-1,-1,-1,1,10,-1,1,1,3,-1,-1,-1,0,0,1,0,0,10,0,0,0,22.28
1,0,0,0,-1,0,1,3,0,0,0,0,2,1,2,0,2,0,1,-1,2,5,0,4,10,0,9223372036800000000,1e+75,0,10,0,0,7,0,0,1,0,0,3,1,0,-1,0,0,2,4,2,0,1,-1,0,2,-1,1,10,-1,1,1,3,-1,-1,-1,0,0,1,0,0,10,-1,0,0,22.9
1,0,0,0,-1,0,1,4,0,0,0,0,2,0,2,0,2,2,2,2,0,3,0,8,400,0,9223372036800000000,5,0,10,0,0,7,0,0,1,0,0,0,1,3,0,0,0,3,1,2,0,1,-1,-1,-1,-1,-1,10,-1,1,1,3,-1,-1,-1,0,0,1,0,0,10,0,0,0,26.77
1,0,0,0,-1,0,1,5,0,0,0,0,1,1,3,-1,-1,2,0,0,0,0,0,1,100,0,9223372036800000000,0,0,10,0,0,7,0,0,1,0,0,1,1,0,1,0,0,2,1,2,0,1,-1,0,1,-1,-1,10,-1,1,1,3,-1,-1,-1,0,0,1,0,0,10,-1,0,0,51.75
1,0,0,0,-1,0,1,5,0,0,0,0,3,0,-1,2,0,0,1,1,2,3,0,-1,50,0,9223372036800000000,1e+75,0,10,0,0,7,0,0,1,0,0,1,1,0,0,0,0,0,0,2,0,1,-1,-1,-1,-1,0,10,-1,1,1,3,-1,-1,-1,0,0,1,0,0,10,0,0,0,20.23
1,0,0,0,-1,0,1,3,0,0,0,0,3,3,2,2,0,-1,2,2,0,3,0,8,150,0,9223372036800000000,240,0,10,0,0,7,0,0,1,0,0,1,1,2,1,0,0,0,0,2,0,1,-1,-1,-1,-1,-1,10,-1,1,1,3,-1,-1,-1,0,0,1,0,0,10,0,0,0,17.82
1,0,0,0,-1,0,1,4,0,0,0,0,2,0,-1,0,2,2,2,2,0,3,0,8,400,0,9223372036800000000,5,0,10,0,0,7,0,0,1,0,0,0,1,3,0,0,0,3,1,2,0,1,-1,-1,-1,-1,-1,10,-1,1,1,3,-1,-1,-1,0,0,1,0,0,10,0,0,0,26.77
1,0,0,0,-1,0,1,0,0,0,0,0,-1,0,1,0,-1,0,2,0,0,3,0,-1,100,0,9223372036800000000,1e+75,0,10,0,0,7,0,0,1,0,0,1,1,-1,0,0,0,0,0,2,0,1,-1,-1,-1,-1,0,10,-1,1,1,3,-1,-1,-1,0,0,1,0,0,10,3,0,0,13.14
1,0,0,0,-1,0,1,4,0,0,0,0,2,0,2,0,2,2,2,2,0,3,0,8,10,0,9223372036800000000,5,0,10,0,0,7,0,0,1,0,0,0,1,3,0,0,0,3,4,2,0,1,-1,-1,-1,-1,-1,10,-1,1,1,3,-1,-1,-1,0,0,1,0,0,10,0,0,0,25.15
1,0,0,0,-1,0,1,4,0,0,0,0,2,0,2,0,2,2,2,2,0,3,0,8,800,0,9223372036800000000,5,0,10,0,0,7,0,0,1,0,0,1,1,3,0,0,0,3,4,2,0,1,-1,-1,-1,-1,0,10,-1,1,1,3,-1,-1,-1,0,0,1,0,0,10,0,0,0,23.47
1,0,0,0,-1,0,1,0,0,0,0,0,0,3,0,1,0,2,-1,2,2,3,0,8,800,0,9223372036800000000,1,0,10,0,0,7,0,0,1,0,0,1,1,0,-1,0,0,5,3,2,0,1,-1,-1,-1,-1,0,10,-1,1,1,3,-1,-1,-1,0,0,1,0,0,10,0,0,0,29.25
1,0,0,0,-1,0,1,4,0,0,0,0,2,0,-1,0,2,2,2,2,0,3,0,8,800,0,9223372036800000000,5,0,10,0,0,7,0,0,1,0,0,1,1,3,0,0,0,3,4,2,0,1,-1,-1,-1,-1,-1,10,-1,1,1,3,-1,-1,-1,0,0,1,0,0,10,0,0,0,23.47
1,0,0,0,-1,0,1,4,0,0,0,0,2,0,2,0,2,2,2,2,0,3,0,-1,800,0,9223372036800000000,5,0,10,0,0,7,0,0,1,0,0,1,1,3,0,0,0,3,4,2,0,1,-1,-1,-1,-1,-1,10,-1,1,1,3,-1,-1,-1,0,0,1,0,0,10,0,0,0,23.47
1,0,0,0,-1,0,1,0,0,0,0,0,1,1,0,2,-1,0,0,1,0,10,0,16,100,0,9223372036800000000,1e+75,0,10,0,0,7,0,0,1,0,0,0,1,0,3,0,0,1,0,2,0,1,-1,-1,1,-1,0,10,-1,1,1,3,-1,-1,-1,0,0,1,0,0,10,-1,0,0,21.06
1,0,0,0,-1,0,1,4,0,0,0,0,2,0,2,0,2,2,2,2,0,3,0,1,800,0,9223372036800000000,5,0,10,0,0,7,0,0,1,0,0,1,1,3,0,0,0,3,4,2,0,1,-1,-1,-1,-1,-1,10,-1,1,1,3,-1,-1,-1,0,0,1,0,0,10,0,0,0,50.69
1,0,0,0,-1,0,1,3,0,0,0,0,1,0,1,-1,0,0,1,1,0,3,0,4,100,0,9223372036800000000,1e+75,0,10,0,0,7,0,0,1,0,0,2,1,0,1,0,0,0,2,2,0,1,-1,-1,-1,-1,0,10,-1,1,1,3,-1,-1,-1,0,0,1,0,0,10,0,0,0,21.01
1,0,0,0,-1,0,1,4,0,0,0,0,2,0,2,0,2,2,2,2,0,3,0,8,800,0,9223372036800000000,5,0,10,0,0,7,0,0,1,0,0,1,1,1,0,0,0,3,4,2,0,1,-1,-1,-1,-1,-1,10,-1,1,1,3,-1,-1,-1,0,0,1,0,0,10,0,0,0,23.21
1,0,0,0,-1,0,1,2,0,0,0,0,1,0,1,2,1,0,0,0,1,3,0,-1,50,0,9223372036800000000,1e+75,0,10,0,0,7,0,0,1,0,0,1,1,0,0,0,0,0,0,2,0,1,-1,-1,-1,-1,0,10,-1,1,1,3,-1,-1,-1,0,0,1,0,0,10,0,0,0,14.01
1,0,0,0,-1,0,1,2,0,0,0,0,3,-1,3,0,-1,2,2,-1,0,3,0,16,800,0,9223372036800000000,30,0,10,0,0,7,0,0,1,0,0,3,1,3,3,0,0,0,2,2,0,1,-1,-1,-1,-1,1,10,-1,1,1,3,-1,-1,-1,0,0,1,0,0,10,0,0,0,19.76
1,0,0,0,-1,0,1,4,0,0,0,0,2,0,2,0,2,2,2,2,0,3,0,4,800,0,9223372036800000000,5,0,10,0,0,7,0,0,1,0,0,1,1,1,0,0,0,3,4,2,0,1,-1,-1,-1,-1,-1,10,-1,1,1,3,-1,-1,-1,0,0,1,0,0,10,0,0,0,23.21
1,0,0,0,-1,0,1,5,0,0,0,0,2,0,3,1,1,-1,1,-1,-1,3,0,4,50,0,9223372036800000000,5,0,10,0,0,7,0,0,1,0,0,2,1,1,3,0,0,0,-1,2,0,1,-1,-1,-1,-1,-1,10,-1,1,1,3,-1,-1,-1,0,0,1,0,0,10,0,0,0,25.09
1,0,0,0,-1,0,1,4,0,0,0,0,2,-1,3,1,0,1,2,2,1,3,0,8,150,0,9223372036800000000,10,0,10,0,0,7,0,0,1,0,0,2,1,2,2,0,0,5,4,2,0,1,-1,-1,-1,-1,0,10,-1,1,1,3,-1,-1,-1,0,0,1,0,0,10,0,0,0,29.78
1,0,0,0,-1,0,1,1,0,0,0,0,3,-1,1,-1,-1,1,1,0,0,2,0,4,25,0,9223372036800000000,1e+75,0,10,0,0,7,0,0,1,0,0,1,1,1,1,0,0,2,1,2,0,1,-1,1,-1,-1,0,10,-1,1,1,3,-1,-1,-1,0,0,1,0,0,10,-1,0,0,23.99
1,0,0,0,-1,0,1,3,0,0,0,0,0,-1,2,2,1,1,2,1,1,3,0,8,400,0,9223372036800000000,1e+75,0,10,0,0,7,0,0,1,0,0,2,1,1,-1,0,0,2,4,2,0,1,-1,-1,-1,-1,-1,10,-1,1,1,3,-1,-1,-1,0,0,1,0,0,10,0,0,0,17.41
1,0,0,0,-1,0,1,5,0,0,0,0,2,0,3,1,1,-1,1,-1,-1,3,0,4,50,0,9223372036800000000,5,0,10,0,0,7,0,0,1,0,0,3,1,1,3,0,0,0,-1,2,0,1,-1,-1,-1,-1,-1,10,-1,1,1,3,-1,-1,-1,0,0,1,0,0,10,0,0,0,25.92
1,0,0,0,-1,0,1,5,0,0,0,0,2,0,3,1,1,0,1,-1,-1,3,0,4,50,0,9223372036800000000,2,0,10,0,0,7,0,0,1,0,0,2,1,1,3,0,0,0,-1,2,0,1,-1,-1,-1,-1,-1,10,-1,1,1,3,-1,-1,-1,0,0,1,0,0,10,0,0,0,26.06
1,0,0,0,-1,0,1,5,0,0,0,0,1,0,2,0,0,0,-1,2,0,1,0,-1,200,0,9223372036800000000,2,0,10,0,0,7,0,0,1,0,0,2,1,1,0,0,0,1,3,2,0,1,-1,0,2,-1,-1,10,-1,1,1,3,-1,-1,-1,0,0,1,0,0,10,3,0,0,27.49
1,0,0,0,-1,0,1,3,0,0,0,0,3,0,2,0,-1,0,2,2,0,0,0,16,150,0,9223372036800000000,120,0,10,0,0,7,0,0,1,0,0,2,1,2,0,0,0,3,3,2,0,1,-1,0,1,-1,0,10,-1,1,1,3,-1,-1,-1,0,0,1,0,0,10,3,0,0,25.04
1,0,0,0,-1,0,1,5,0,0,0,0,2,0,3,1,1,0,1,-1,-1,3,0,4,400,0,9223372036800000000,5,0,10,0,0,7,0,0,1,0,0,2,1,1,3,0,0,0,-1,2,0,1,-1,-1,-1,-1,-1,10,-1,1,1,3,-1,-1,-1,0,0,1,0,0,10,0,0,0,25.01
1,0,0,0,-1,0,1,5,0,0,0,0,2,0,3,1,1,0,1,-1,-1,3,0,4,50,0,9223372036800000000,5,0,10,0,0,7,0,0,1,0,0,2,1,1,3,0,0,2,-1,2,0,1,-1,-1,-1,-1,-1,10,-1,1,1,3,-1,-1,-1,0,0,1,0,0,10,0,0,0,24.31
1,0,0,0,-1,0,1,5,0,0,0,0,2,0,0,1,1,2,1,-1,-1,3,0,4,50,0,9223372036800000000,5,0,10,0,0,7,0,0,1,0,0,1,1,1,3,0,0,0,-1,2,0,1,-1,-1,-1,-1,-1,10,-1,1,1,3,-1,-1,-1,0,0,1,0,0,10,0,0,0,21.24
1,0,0,0,-1,0,1,5,0,0,0,0,2,0,0,1,1,2,1,-1,-1,3,0,4,50,0,9223372036800000000,5,0,10,0,0,7,0,0,1,0,0,1,1,1,1,0,0,0,-1,2,0,1,-1,-1,-1,-1,-1,10,-1,1,1,3,-1,-1,-1,0,0,1,0,0,10,0,0,0,22.2
1,0,0,0,-1,0,1,0,0,0,0,0,2,0,1,0,-1,0,-1,1,2,3,0,16,10,0,9223372036800000000,1,0,10,0,0,7,0,0,1,0,0,0,1,1,2,0,0,5,3,2,0,1,-1,-1,-1,-1,-1,10,-1,1,1,3,-1,-1,-1,0,0,1,0,0,10,0,0,0,30.11
1,0,0,0,-1,0,1,0,0,0,0,0,2,0,1,0,-1,0,-1,1,2,3,0,16,10,0,9223372036800000000,120,0,10,0,0,7,0,0,1,0,0,0,1,1,2,0,0,5,3,2,0,1,-1,-1,-1,-1,-1,10,-1,1,1,3,-1,-1,-1,0,0,1,0,0,10,0,0,0,30.11
1,0,0,0,-1,0,1,1,0,0,0,0,0,3,1,0,0,-1,0,-1,1,3,0,2,50,0,9223372036800000000,30,0,10,0,0,7,0,0,1,0,0,1,1,1,-1,0,0,0,3,2,0,1,-1,-1,1,-1,0,10,-1,1,1,3,-1,-1,-1,0,0,1,0,0,10,3,0,0,26.07
1,0,0,0,-1,0,1,0,0,0,0,0,2,0,1,0,-1,0,-1,1,2,3,0,16,10,0,9223372036800000000,20,0,10,0,0,7,0,0,1,0,0,0,1,1,2,0,0,5,3,2,0,1,-1,-1,-1,-1,-1,10,-1,1,1,3,-1,-1,-1,0,0,1,0,0,10,0,0,0,30.11
1,0,0,0,-1,0,1,3,0,0,0,0,1,3,-1,-1,-1,-1,-1,2,2,5,0,4,800,0,9223372036800000000,20,0,10,0,0,7,0,0,1,0,0,1,1,1,3,0,0,2,-1,2,0,1,-1,0,2,-1,0,10,-1,1,1,3,-1,-1,-1,0,0,1,0,0,10,-1,0,0,25.8
1,0,0,0,-1,0,1,0,0,0,0,0,2,0,1,0,-1,0,-1,1,2,3,0,16,10,0,9223372036800000000,1,0,10,0,0,7,0,0,1,0,0,0,1,1,2,0,0,4,3,2,0,1,-1,-1,-1,-1,-1,10,-1,1,1,3,-1,-1,-1,0,0,1,0,0,10,0,0,0,22.75
1,0,0,0,-1,0,1,5,0,0,0,0,3,3,0,1,2,-1,2,1,0,3,0,8,50,0,9223372036800000000,240,0,10,0,0,7,0,0,1,0,0,3,1,3,-1,0,0,0,4,2,0,1,-1,-1,-1,-1,1,10,-1,1,1,3,-1,-1,-1,0,0,1,0,0,10,0,0,0,22.64
1,0,0,0,-1,0,1,0,0,0,0,0,2,0,1,0,-1,0,-1,1,2,3,0,16,10,0,9223372036800000000,1,0,10,0,0,7,0,0,1,0,0,0,1,1,2,0,0,4,3,2,0,1,-1,-1,-1,-1,1,10,-1,1,1,3,-1,-1,-1,0,0,1,0,0,10,0,0,0,26.2
1,0,0,0,-1,0,1,3,0,0,0,0,2,1,2,0,2,0,2,-1,2,5,0,4,10,0,9223372036800000000,1e+75,0,10,0,0,7,0,0,1,0,0,3,1,0,-1,0,0,0,4,2,0,1,-1,0,2,-1,1,10,-1,1,1,3,-1,-1,-1,0,0,1,0,0,10,0,0,0,21.73
1,0,0,0,-1,0,2,2,0,0,0,0,3,0,1,1,-1,0,-1,0,2,3,0,8,10,0,9223372036800000000,1e+75,0,10,0,0,7,0,0,1,0,0,1,1,0,1,0,0,0,0,2,0,1,-1,-1,-1,-1,0,10,-1,1,1,3,-1,-1,-1,0,0,1,0,0,10,0,0,0,12.45
1,0,0,0,-1,0,1,4,0,0,0,0,3,1,0,2,0,2,1,0,2,5,0,-1,800,0,9223372036800000000,120,0,10,0,0,7,0,0,1,0,0,1,1,2,2,0,0,2,0,2,0,1,-1,-1,1,-1,-1,10,-1,1,1,3,-1,-1,-1,0,0,1,0,0,10,1,0,0,16.24
1,0,0,0,-1,0,1,0,0,0,0,0,2,0,1,0,-1,0,-1,1,2,3,0,16,10,0,9223372036800000000,120,0,10,0,0,7,0,0,1,0,0,0,1,1,2,0,0,4,3,2,0,1,-1,-1,-1,-1,-1,10,-1,1,1,3,-1,-1,-1,0,0,1,0,0,10,0,0,0,22.75
1,0,0,0,-1,0,1,1,0,0,0,0,3,3,3,2,0,1,-1,-1,-1,2,0,16,800,0,9223372036800000000,5,0,10,0,0,7,0,0,1,0,0,1,1,3,3,0,0,3,1,2,0,1,-1,0,2,-1,1,10,-1,1,1,3,-1,-1,-1,0,0,1,0,0,10,2,0,0,27.15
1,0,0,0,-1,0,1,0,0,0,0,0,2,0,1,0,-1,0,-1,1,2,3,0,16,10,0,9223372036800000000,2,0,10,0,0,7,0,0,1,0,0,0,1,1,2,0,0,4,3,2,0,1,-1,-1,-1,-1,-1,10,-1,1,1,3,-1,-1,-1,0,0,1,0,0,10,0,0,0,22.75
1,0,0,0,-1,3,1,2,0,0,0,0,3,0,1,1,-1,0,-1,0,2,3,0,8,10,0,9223372036800000000,1e+75,0,10,0,0,7,0,0,1,0,0,1,1,0,1,0,0,0,0,2,0,1,-1,-1,-1,-1,0,10,-1,1,1,3,-1,-1,-1,0,0,1,0,0,10,0,0,0,12.45
1,0,0,0,-1,0,1,3,0,0,0,0,1,3,3,2,1,2,0,-1,-1,3,0,8,200,0,9223372036800000000,40,0,10,0,0,7,0,0,1,0,0,1,1,0,0,0,0,0,1,2,0,1,-1,-1,-1,-1,-1,10,-1,1,1,3,-1,-1,-1,0,0,1,0,0,10,0,0,0,24.38
1,0,0,0,-1,0,1,5,0,0,0,0,1,1,3,-1,-1,2,0,0,0,0,0,16,25,0,9223372036800000000,0,0,10,0,0,7,0,0,1,0,0,1,1,0,1,0,0,2,1,2,0,1,-1,0,1,-1,-1,10,-1,1,1,3,-1,-1,-1,0,0,1,0,0,10,-1,0,0,25.22
1,0,0,0,-1,0,1,0,0,0,0,0,2,0,1,0,-1,0,-1,1,2,3,0,16,50,0,9223372036800000000,1,0,10,0,0,7,0,0,1,0,0,0,1,1,2,0,0,4,3,2,0,1,-1,-1,-1,-1,-1,10,-1,1,1,3,-1,-1,-1,0,0,1,0,0,10,0,0,0,29.29
1,0,0,0,-1,0,1,5,0,0,0,0,2,1,1,0,2,-1,1,1,-1,10,0,16,200,0,9223372036800000000,50,0,10,0,0,7,0,0,1,0,0,0,1,0,3,0,0,2,3,2,0,1,-1,1,-1,-1,0,10,-1,1,1,3,-1,-1,-1,0,0,1,0,0,10,1,0,0,21.66
1,0,0,0,-1,0,1,5,0,0,0,0,2,1,1,0,2,-1,1,1,-1,10,0,16,200,0,9223372036800000000,50,0,10,0,0,7,0,0,1,0,0,0,1,0,3,0,0,3,2,2,0,1,-1,1,-1,-1,0,10,-1,1,1,3,-1,-1,-1,0,0,1,0,0,10,1,0,0,25.93
1,0,0,0,-1,0,1,0,0,0,0,0,2,0,1,0,-1,0,-1,1,2,3,0,4,10,0,9223372036800000000,1,0,10,0,0,7,0,0,1,0,0,0,1,1,2,0,0,4,3,2,0,1,-1,-1,-1,-1,-1,10,-1,1,1,3,-1,-1,-1,0,0,1,0,0,10,0,0,0,22.75
1,0,0,0,-1,0,1,0,0,0,0,0,2,0,1,0,-1,0,-1,1,2,3,0,16,10,0,9223372036800000000,1,0,10,0,0,7,0,0,1,0,0,0,1,1,2,0,0,4,-1,2,0,1,-1,-1,-1,-1,-1,10,-1,1,1,3,-1,-1,-1,0,0,1,0,0,10,0,0,0,27.54
1,0,0,0,-1,0,1,0,0,0,0,0,2,0,3,-1,1,2,-1,2,1,10,0,16,400,0,9223372036800000000,120,0,10,0,0,7,0,0,1,0,0,0,1,2,0,0,0,1,4,2,0,1,-1,1,-1,-1,-1,10,-1,1,1,3,-1,-1,-1,0,0,1,0,0,10,-1,0,0,24.49
1,0,0,0,-1,0,1,4,0,0,0,0,0,1,0,2,0,2,2,0,2,5,0,-1,800,0,9223372036800000000,120,0,10,0,0,7,0,0,1,0,0,1,1,2,2,0,0,2,0,2,0,1,-1,-1,1,-1,-1,10,-1,1,1,3,-1,-1,-1,0,0,1,0,0,10,1,0,0,15.17
1,0,0,0,-1,0,1,5,0,0,0,0,3,3,2,2,0,-1,2,1,0,3,0,8,150,0,9223372036800000000,240,0,10,0,0,7,0,0,1,0,0,1,1,2,1,0,0,0,0,2,0,1,-1,-1,-1,-1,-1,10,-1,1,1,3,-1,-1,-1,0,0,1,0,0,10,0,0,0,20.01
1,0,0,0,-1,0,1,0,0,0,0,0,2,0,1,0,-1,0,-1,1,2,3,0,16,10,0,9223372036800000000,1,0,10,0,0,7,0,0,1,0,0,0,1,1,3,0,0,4,3,2,0,1,-1,-1,-1,-1,-1,10,-1,1,1,3,-1,-1,-1,0,0,1,0,0,10,0,0,0,22.75
1,0,0,0,-1,0,1,0,0,0,0,0,2,0,1,0,-1,0,2,1,2,3,0,16,10,0,9223372036800000000,1,0,10,0,0,7,0,0,1,0,0,0,1,1,2,0,0,4,3,2,0,1,-1,-1,-1,-1,-1,10,-1,1,1,3,-1,-1,-1,0,0,1,0,0,10,0,0,0,23.61
1,0,0,0,-1,0,1,3,0,0,0,0,2,0,1,0,-1,0,-1,1,2,3,0,16,10,0,9223372036800000000,1,0,10,0,0,7,0,0,1,0,0,0,1,1,2,0,0,4,3,2,0,1,-1,-1,-1,-1,-1,10,-1,1,1,3,-1,-1,-1,0,0,1,0,0,10,0,0,0,35.22
1,0,0,0,-1,0,1,2,0,0,0,0,3,0,1,1,-1,0,-1,0,2,3,0,8,10,0,9223372036800000000,1e+75,0,10,0,0,7,0,0,1,0,0,1,1,0,1,0,0,0,0,2,0,1,-1,-1,-1,-1,0,10,-1,1,1,3,-1,-1,-1,0,0,1,0,0,10,-1,0,0,14.58
1,0,0,0,-1,0,1,5,0,0,0,0,3,-1,-1,-1,1,-1,0,-1,0,3,0,1,800,0,9223372036800000000,10,0,10,0,0,7,0,0,1,0,0,2,1,0,-1,0,0,0,0,2,0,1,-1,-1,-1,-1,0,10,-1,1,1,3,-1,-1,-1,0,0,1,0,0,10,0,0,0,45.96
1,0,0,0,-1,0,1,2,0,0,0,0,3,0,1,1,-1,0,-1,0,2,3,0,8,10,0,9223372036800000000,1e+75,0,10,0,0,7,0,0,1,0,0,1,1,0,1,0,0,0,0,2,0,1,-1,-1,-1,-1,0,10,-1,1,1,3,-1,-1,-1,0,0,1,0,0,10,2,0,0,14.84
1,0,0,0,-1,0,1,2,0,0,0,0,3,0,1,1,-1,0,-1,0,2,3,0,8,10,0,9223372036800000000,1e+75,0,10,0,0,7,0,0,1,0,0,1,1,0,1,0,0,0,0,2,0,1,-1,-1,-1,-1,0,10,-1,1,1,3,-1,-1,-1,0,0,1,0,0,10,4,0,0,16.09
2,0,0,0,-1,0,1,2,0,0,0,0,3,0,1,1,-1,0,-1,0,2,3,0,8,10,0,9223372036800000000,1e+75,0,10,0,0,7,0,0,1,0,0,1,1,0,1,0,0,0,0,2,0,1,-1,-1,-1,-1,0,10,-1,1,1,3,-1,-1,-1,0,0,1,0,0,10,0,0,0,12.45
1,0,0,0,-1,0,1,2,0,0,0,0,3,0,1,1,-1,0,-1,0,2,1,0,8,10,0,9223372036800000000,1e+75,0,10,0,0,7,0,0,1,0,0,1,1,0,1,0,0,0,0,2,0,1,-1,-1,-1,-1,0,10,-1,1,1,3,-1,-1,-1,0,0,1,0,0,10,0,0,0,17.85
1,0,0,0,-1,0,1,2,0,0,0,0,3,0,1,1,-1,0,-1,0,2,3,0,8,10,0,9223372036800000000,1e+75,0,10,0,0,7,0,0,1,0,0,1,1,0,1,0,0,0,0,2,0,1,-1,-1,-1,-1,0,2,-1,1,1,3,-1,-1,-1,0,0,1,0,0,10,0,0,0,13.3
1,0,0,0,-1,0,1,2,0,0,0,0,3,0,1,1,-1,0,-1,0,2,3,0,8,10,0,9223372036800000000,1e+75,0,10,0,0,7,0,0,1,0,0,1,1,0,1,0,0,0,0,2,0,1,-1,-1,-1,-1,0,5,-1,1,1,3,-1,-1,-1,0,0,1,0,0,10,0,0,0,13.33
1,0,0,0,-1,0,1,3,0,0,0,0,1,3,-1,-1,-1,-1,-1,2,2,5,0,8,800,0,9223372036800000000,20,0,10,0,0,7,0,0,1,0,0,1,1,1,3,0,0,5,-1,2,0,1,-1,0,2,-1,1,10,-1,1,1,3,-1,-1,-1,0,0,1,0,0,10,4,0,0,27.37
1,0,0,0,-1,0,1,2,0,0,0,0,3,0,1,1,-1,0,-1,0,2,3,0,8,10,0,9223372036800000000,1e+75,0,10,0,0,7,0,0,1,0,0,1,1,0,1,0,0,0,0,2,0,1,-1,-1,-1,-1,0,40,-1,1,1,3,-1,-1,-1,0,0,1,0,0,10,0,0,0,12.45
1,0,0,2,-1,0,1,2,0,0,0,0,3,0,1,1,-1,0,-1,0,2,3,0,8,10,0,9223372036800000000,1e+75,0,10,0,0,7,0,0,1,0,0,1,1,0,1,0,0,0,0,2,0,1,-1,-1,-1,-1,0,10,-1,1,1,3,-1,-1,-1,0,0,1,0,0,10,0,0,0,12.45
1,0,0,0,-1,0,1,5,0,0,0,0,2,0,0,1,1,2,2,-1,-1,3,0,4,50,0,9223372036800000000,5,0,10,0,0,7,0,0,1,0,0,1,1,1,3,0,0,0,-1,2,0,1,-1,-1,-1,-1,-1,10,-1,1,1,3,-1,-1,-1,0,0,1,0,0,10,0,0,0,21.57
1,0,0,0,-1,0,3,2,0,0,0,0,3,0,1,1,-1,0,-1,0,2,3,0,8,10,0,9223372036800000000,1e+75,0,10,0,0,7,0,0,1,0,0,1,1,0,1,0,0,0,0,2,0,1,-1,-1,-1,-1,0,10,-1,1,1,3,-1,-1,-1,0,0,1,0,0,10,0,0,0,12.45
1,0,0,0,-1,0,1,0,0,0,0,0,-1,2,-1,1,2,0,-1,2,2,3,0,8,10,0,9223372036800000000,20,0,10,0,0,7,0,0,1,0,0,2,1,0,2,0,0,0,2,2,0,1,-1,-1,-1,-1,0,10,-1,1,1,3,-1,-1,-1,0,0,1,0,0,10,0,0,0,20.34
1,0,0,0,-1,0,1,2,0,0,0,0,3,0,1,1,-1,0,-1,0,2,3,0,8,10,0,9223372036800000000,1e+75,0,10,0,0,7,0,0,1,0,0,1,1,0,1,0,0,0,0,2,0,1,-1,0,-1,-1,0,10,-1,1,1,3,-1,-1,-1,0,0,1,0,0,10,0,0,0,16.52
1,0,0,0,-1,0,1,2,0,0,0,0,3,0,1,1,-1,0,-1,0,2,3,0,8,10,0,9223372036800000000,1e+75,0,10,0,0,7,0,0,1,0,0,1,1,0,1,0,0,0,0,2,0,1,-1,1,-1,-1,0,10,-1,1,1,3,-1,-1,-1,0,0,1,0,0,10,0,0,0,14.43
1,0,0,0,-1,0,1,1,0,0,0,0,3,3,-1,2,0,1,-1,-1,-1,2,0,16,800,0,9223372036800000000,5,0,10,0,0,7,0,0,1,0,0,1,1,3,-1,0,0,3,1,2,0,1,-1,0,2,-1,1,10,-1,1,1,3,-1,-1,-1,0,0,1,0,0,10,2,0,0,26.28
1,0,0,0,-1,0,1,2,0,0,0,0,3,0,1,1,-1,0,-1,0,2,3,0,8,10,0,9223372036800000000,1e+75,0,10,0,0,7,0,0,1,0,0,1,1,0,1,0,0,0,0,2,0,1,-1,-1,0,-1,0,10,-1,1,1,3,-1,-1,-1,0,0,1,0,0,10,0,0,0,15.71
1,0,0,0,-1,0,1,2,0,0,0,0,3,0,1,1,-1,0,-1,0,2,3,0,8,10,0,9223372036800000000,1e+75,0,10,0,0,7,0,0,1,0,0,1,1,0,1,0,0,0,0,2,0,1,-1,-1,1,-1,0,10,-1,1,1,3,-1,-1,-1,0,0,1,0,0,10,0,0,0,12.31
1,0,0,0,-1,0,1,0,0,0,0,0,0,0,0,0,0,1,0,0,0,3,0,-1,200,0,9223372036800000000,1e+75,0,10,0,0,7,0,0,1,0,0,1,1,0,0,0,0,0,0,2,0,1,-1,-1,-1,-1,0,10,-1,1,1,3,-1,-1,-1,0,0,1,0,0,10,0,0,0,15.6
1,0,0,0,-1,0,1,2,0,0,0,0,3,0,1,1,-1,0,-1,0,2,3,0,8,10,0,9223372036800000000,1e+75,0,10,0,0,7,0,0,1,0,0,1,1,0,1,0,0,0,0,2,0,1,-1,-1,-1,-1,0,10,-1,1,1,3,-1,-1,-1,0,0,0,0,0,10,0,0,0,12.31
1,0,0,0,-1,0,1,0,0,0,0,0,-1,0,0,0,-1,0,2,0,0,3,0,-1,100,0,9223372036800000000,1e+75,0,10,0,0,7,0,0,1,0,0,1,1,0,0,0,0,0,0,2,0,1,-1,-1,3,-1,0,10,-1,1,1,3,-1,-1,-1,0,0,1,0,0,10,0,0,0,12.92
1,0,0,0,-1,0,1,0,0,0,0,0,-1,0,0,0,2,0,2,0,0,3,0,-1,100,0,9223372036800000000,1e+75,0,10,0,0,7,0,0,1,0,0,1,1,0,0,0,0,0,0,2,0,1,-1,-1,-1,-1,0,10,-1,1,1,3,-1,-1,-1,0,0,1,0,0,10,0,0,0,13.28
1,0,0,0,-1,0,1,0,0,0,0,0,1,0,3,0,1,-1,-1,-1,1,3,0,4,10,0,9223372036800000000,0,0,10,0,0,7,0,0,1,0,0,1,1,0,0,0,0,0,3,2,0,1,-1,-1,-1,-1,0,10,-1,1,1,3,-1,-1,-1,0,0,1,0,0,10,0,0,0,24.03
1,0,0,0,-1,0,1,0,0,0,0,0,1,0,1,2,-1,0,1,2,1,3,0,-1,10,0,9223372036800000000,1e+75,0,10,0,0,7,0,0,1,0,0,1,1,0,0,0,0,0,0,2,0,1,-1,-1,-1,-1,0,10,-1,1,1,3,-1,-1,-1,0,0,1,0,0,10,0,0,0,15.11
1,0,0,0,-1,0,1,0,0,0,0,0,-1,0,0,0,-1,0,2,0,0,3,0,-1,100,0,9223372036800000000,1e+75,0,10,0,0,7,0,0,1,0,0,1,1,0,0,0,0,0,4,2,0,1,-1,-1,-1,-1,0,10,-1,1,1,3,-1,-1,-1,0,0,1,0,0,10,0,0,0,14.31
1,0,0,0,-1,0,1,0,0,0,0,0,2,0,0,0,-1,0,2,0,0,3,0,-1,100,0,9223372036800000000,1e+75,0,10,0,0,7,0,0,1,0,0,1,1,0,0,0,0,0,0,2,0,1,-1,-1,-1,-1,0,10,-1,1,1,3,-1,-1,-1,0,0,1,0,0,10,0,0,0,13.21
1,0,0,0,-1,0,1,0,0,0,0,0,-1,0,0,0,-1,2,2,0,0,3,0,-1,100,0,9223372036800000000,1e+75,0,10,0,0,7,0,0,1,0,0,1,1,0,0,0,0,0,0,2,0,1,-1,-1,-1,-1,0,10,-1,1,1,3,-1,-1,-1,0,0,1,0,0,10,0,0,0,15.47
1,0,0,0,-1,0,1,0,0,0,0,0,-1,3,-1,2,2,0,2,1,1,3,0,8,800,0,9223372036800000000,240,0,10,0,0,7,0,0,1,0,0,0,1,0,3,0,0,0,0,2,0,1,-1,-1,-1,-1,0,10,-1,1,1,3,-1,-1,-1,0,0,1,0,0,10,0,0,0,20.77
1,0,0,0,-1,0,1,0,0,0,0,0,2,1,0,2,-1,0,0,1,0,10,0,-1,100,0,9223372036800000000,1e+75,0,10,0,0,7,0,0,1,0,0,0,1,0,3,0,0,1,0,2,0,1,-1,-1,3,-1,0,10,-1,1,1,3,-1,-1,-1,0,0,1,0,0,10,0,0,0,19.85
1,0,0,0,-1,0,1,0,0,0,0,0,-1,2,0,0,-1,0,2,0,0,3,0,-1,100,0,9223372036800000000,1e+75,0,10,0,0,7,0,0,1,0,0,1,1,0,0,0,0,0,0,2,0,1,-1,-1,-1,-1,0,10,-1,1,1,3,-1,-1,-1,0,0,1,0,0,10,0,0,0,13.05
1,0,0,0,-1,0,1,0,0,0,0,0,2,0,1,0,-1,0,-1,1,2,3,0,16,10,0,9223372036800000000,1,0,10,0,0,7,0,0,1,0,0,3,1,1,2,0,0,4,3,2,0,1,-1,-1,-1,-1,-1,10,-1,1,1,3,-1,-1,-1,0,0,1,0,0,10,0,0,0,30.74
1,0,0,0,-1,0,1,2,0,0,0,0,3,0,-1,1,-1,0,-1,0,2,3,0,8,10,0,9223372036800000000,1e+75,0,10,0,0,7,0,0,1,0,0,1,1,0,1,0,0,0,0,2,0,1,-1,-1,-1,-1,1,10,-1,1,1,3,-1,-1,-1,0,0,1,0,0,10,0,0,0,16.35
1,0,0,0,-1,0,1,0,0,0,0,0,-1,0,0,0,-1,0,2,0,0,3,0,-1,100,0,9223372036800000000,5,0,10,0,0,7,0,0,1,0,0,1,1,0,0,0,0,0,0,2,0,1,-1,-1,-1,-1,0,10,-1,1,1,3,-1,-1,-1,0,0,1,0,0,10,0,0,0,13.13
1,0,0,0,-1,0,1,0,0,0,0,0,-1,0,0,0,-1,0,2,0,0,3,0,-1,100,0,9223372036800000000,1e+75,0,10,0,0,7,0,0,1,0,0,1,1,-1,0,0,0,0,0,2,0,1,-1,-1,-1,-1,0,10,-1,1,1,3,-1,-1,-1,0,0,1,0,0,10,0,0,0,12.88
1,0,0,0,-1,0,1,5,0,0,0,0,2,1,1,0,2,-1,1,1,-1,10,0,16,200,0,9223372036800000000,50,0,10,0,0,7,0,0,1,0,0,0,1,0,3,0,0,2,2,2,0,1,-1,-1,-1,-1,0,10,-1,1,1,3,-1,-1,-1,0,0,1,0,0,10,1,0,0,22.16
1,0,0,0,-1,0,1,0,0,0,0,0,-1,0,1,0,-1,0,2,0,0,3,0,-1,100,0,9223372036800000000,1e+75,0,10,0,0,7,0,0,1,0,0,1,1,-1,0,0,0,0,0,2,0,1,-1,-1,-1,-1,0,10,-1,1,1,3,-1,-1,-1,0,0,1,0,0,10,0,0,0,12.86
1,0,0,0,-1,0,1,0,0,0,0,0,-1,0,1,0,-1,0,2,0,1,3,0,-1,100,0,9223372036800000000,1e+75,0,10,0,0,7,0,0,1,0,0,1,1,-1,0,0,0,0,0,2,0,1,-1,-1,-1,-1,0,10,-1,1,1,3,-1,-1,-1,0,0,1,0,0,10,0,0,0,12.86
1,0,0,0,-1,0,1,0,0,0,0,0,-1,0,1,0,-1,0,2,0,0,3,0,16,100,0,9223372036800000000,1e+75,0,10,0,0,7,0,0,1,0,0,1,1,-1,0,0,0,0,0,2,0,1,-1,-1,-1,-1,0,10,-1,1,1,3,-1,-1,-1,0,0,1,0,0,10,0,0,0,12.86
1,0,0,0,-1,0,1,0,0,0,0,0,-1,0,2,0,-1,0,2,0,0,3,0,-1,100,0,9223372036800000000,1e+75,0,10,0,0,7,0,0,1,0,0,1,1,-1,0,0,0,0,0,2,0,1,-1,-1,-1,-1,0,10,-1,1,1,3,-1,-1,-1,0,0,1,0,0,10,0,0,0,12.86
1,0,0,0,-1,0,1,5,0,0,0,0,3,3,0,1,2,-1,2,1,-1,3,0,8,50,0,9223372036800000000,240,0,10,0,0,7,0,0,1,0,0,3,1,3,-1,0,0,0,0,2,0,1,-1,-1,-1,-1,1,10,-1,1,1,3,-1,-1,-1,0,0,1,0,0,10,0,0,0,22.35
1,0,0,0,-1,0,1,0,0,0,0,0,3,0,1,-1,-1,-1,1,0,0,2,0,4,25,0,9223372036800000000,30,0,10,0,0,7,0,0,1,0,0,1,1,1,1,0,0,2,1,2,0,1,-1,1,-1,-1,0,10,-1,1,1,3,-1,-1,-1,0,0,1,0,0,10,2,0,0,22.07
1,0,0,0,-1,0,1,0,0,0,0,0,-1,-1,1,0,-1,0,2,0,0,3,0,-1,100,0,9223372036800000000,1e+75,0,10,0,0,7,0,0,1,0,0,1,1,-1,0,0,0,0,0,2,0,1,-1,-1,-1,-1,0,10,-1,1,1,3,-1,-1,-1,0,0,1,0,0,10,0,0,0,12.76
1,0,0,0,-1,0,1,0,0,0,0,0,-1,-1,1,0,-1,0,2,0,0,3,0,-1,100,0,9223372036800000000,1e+75,0,10,0,0,7,0,0,1,0,0,1,1,-1,0,0,0,3,0,2,0,1,-1,-1,-1,-1,0,10,-1,1,1,3,-1,-1,-1,0,0,1,0,0,10,0,0,0,23.42
1,0,0,0,-1,0,1,0,0,0,0,0,-1,-1,-1,0,-1,0,2,0,0,3,0,-1,100,0,9223372036800000000,1e+75,0,10,0,0,7,0,0,1,0,0,1,1,-1,0,0,0,0,0,2,0,1,-1,-1,-1,-1,0,10,-1,1,1,3,-1,-1,-1,0,0,1,0,0,10,0,0,0,13
1,0,0,0,-1,0,1,2,0,0,0,0,3,0,-1,-1,-1,0,-1,0,2,3,0,8,10,0,9223372036800000000,1e+75,0,10,0,0,7,0,0,1,0,0,1,1,0,1,0,0,0,0,2,0,1,-1,-1,-1,-1,0,10,-1,1,1,3,-1,-1,-1,0,0,1,0,0,10,0,0,0,20.49
1,0,0,0,-1,0,1,4,0,0,0,0,-1,0,1,2,2,-1,-1,0,-1,3,0,-1,200,0,9223372036800000000,1e+75,0,10,0,0,7,0,0,1,0,0,1,1,0,0,0,0,0,0,2,0,1,-1,-1,-1,-1,0,10,-1,1,1,3,-1,-1,-1,0,0,1,0,0,10,0,0,0,17.07
1,0,0,0,-1,0,1,2,0,0,0,0,3,0,-1,1,-1,0,-1,0,2,1,0,8,10,0,9223372036800000000,1e+75,0,10,0,0,7,0,0,1,0,0,1,1,0,1,0,0,0,0,2,0,1,-1,-1,-1,-1,0,10,-1,1,1,3,-1,-1,-1,0,0,1,0,0,10,0,0,0,17.79
1,0,0,0,-1,0,1,2,0,0,0,0,3,0,-1,1,-1,0,-1,0,2,3,0,8,10,0,9223372036800000000,1e+75,0,10,0,0,7,0,0,1,0,0,1,1,0,2,0,0,0,0,2,0,1,-1,-1,-1,-1,0,10,-1,1,1,3,-1,-1,-1,0,0,1,0,0,10,0,0,0,15.61
1,0,0,0,-1,0,1,0,0,0,0,0,2,1,3,0,2,2,-1,-1,-1,3,0,-1,100,0,9223372036800000000,2,0,10,0,0,7,0,0,1,0,0,3,1,0,3,0,0,0,0,2,0,1,-1,-1,-1,-1,0,10,-1,1,1,3,-1,-1,-1,0,0,1,0,0,10,0,0,0,20.88
1,0,0,0,-1,0,1,0,0,0,0,0,-1,-1,-1,1,2,1,0,2,2,3,0,8,100,0,9223372036800000000,20,0,10,0,0,7,0,0,1,0,0,2,1,0,2,0,0,0,2,2,0,1,-1,-1,-1,-1,0,10,-1,1,1,3,-1,-1,-1,0,0,1,0,0,10,0,0,0,20.46
1,0,0,0,-1,0,1,2,0,0,0,0,3,0,-1,1,-1,0,-1,0,2,3,0,16,10,0,9223372036800000000,1e+75,0,10,0,0,7,0,0,1,0,0,1,1,0,1,0,0,0,0,2,0,1,-1,-1,-1,-1,0,10,-1,1,1,3,-1,-1,-1,0,0,1,0,0,10,0,0,0,12.4
1,0,0,0,-1,0,1,2,0,0,0,0,-1,0,1,0,1,1,1,2,0,3,0,-1,50,0,9223372036800000000,1e+75,0,10,0,0,7,0,0,1,0,0,1,1,0,-1,0,0,0,0,2,0,1,-1,-1,-1,-1,0,10,-1,1,1,3,-1,-1,-1,0,0,1,0,0,10,0,0,0,17.2
1,0,0,0,-1,0,1,1,0,0,0,0,3,-1,1,-1,-1,1,1,0,0,2,0,4,25,0,9223372036800000000,1e+75,0,10,0,0,7,0,0,1,0,0,1,1,1,1,0,0,2,1,2,0,1,-1,1,2,-1,0,10,-1,1,1,3,-1,-1,-1,0,0,1,0,0,10,3,0,0,23.33
1,0,0,0,-1,0,1,2,0,0,0,0,3,0,-1,1,-1,0,-1,0,2,3,0,4,10,0,9223372036800000000,1e+75,0,10,0,0,7,0,0,1,0,0,1,1,0,1,0,0,0,0,2,0,1,-1,-1,-1,-1,0,10,-1,1,1,3,-1,-1,-1,0,0,1,0,0,10,0,0,0,12.4
1,0,0,0,-1,0,1,4,0,0,0,0,2,0,2,0,2,2,2,2,0,3,0,8,10,0,9223372036800000000,50,0,10,0,0,7,0,0,1,0,0,0,1,3,0,0,0,3,4,2,0,1,-1,-1,-1,-1,-1,10,-1,1,1,3,-1,-1,-1,0,0,1,0,0,10,0,0,0,25.15
1,0,0,0,-1,0,1,2,0,0,0,0,3,0,-1,1,-1,0,-1,0,2,3,0,8,10,0,9223372036800000000,1e+75,0,10,0,0,7,0,0,1,0,0,1,1,3,1,0,0,0,0,2,0,1,-1,-1,-1,-1,0,10,-1,1,1,3,-1,-1,-1,0,0,1,0,0,10,0,0,0,13.77
1,0,0,0,-1,0,1,5,0,0,0,0,-1,-1,3,1,0,0,2,1,2,3,0,-1,10,0,9223372036800000000,240,0,10,0,0,7,0,0,1,0,0,0,1,2,1,0,0,4,-1,2,0,1,-1,-1,-1,-1,-1,10,-1,1,1,3,-1,-1,-1,0,0,1,0,0,10,0,0,0,28.56
1,0,0,0,-1,0,1,2,0,0,0,0,3,0,-1,1,-1,0,-1,0,2,3,0,8,10,0,9223372036800000000,1e+75,0,10,0,0,7,0,0,1,0,0,1,1,2,1,0,0,0,0,2,0,1,-1,-1,-1,-1,0,10,-1,1,1,3,-1,-1,-1,0,0,1,0,0,10,0,0,0,15.71
1,0,0,0,-1,0,1,2,0,0,0,0,3,0,-1,1,-1,0,-1,0,2,3,0,8,10,0,9223372036800000000,1e+75,0,10,0,0,7,0,0,1,0,0,1,1,0,1,0,0,0,3,2,0,1,-1,-1,-1,-1,0,10,-1,1,1,3,-1,-1,-1,0,0,1,0,0,10,0,0,0,21.85
1,0,0,0,-1,0,1,2,0,0,0,0,3,0,0,1,0,-1,2,1,-1,3,0,8,800,0,9223372036800000000,50,0,10,0,0,7,0,0,1,0,0,1,1,3,-1,0,0,3,2,2,0,1,-1,-1,-1,-1,0,10,-1,1,1,3,-1,-1,-1,0,0,1,0,0,10,0,0,0,22.11
1,0,0,0,-1,0,1,2,0,0,0,0,3,2,-1,1,-1,0,-1,0,2,3,0,8,10,0,9223372036800000000,1e+75,0,10,0,0,7,0,0,1,0,0,1,1,0,1,0,0,0,0,2,0,1,-1,-1,-1,-1,0,10,-1,1,1,3,-1,-1,-1,0,0,1,0,0,10,0,0,0,12.4
1,0,0,0,-1,0,1,2,0,0,0,0,3,0,-1,1,-1,0,-1,0,2,3,0,8,150,0,9223372036800000000,1e+75,0,10,0,0,7,0,0,1,0,0,1,1,0,1,0,0,0,0,2,0,1,-1,-1,-1,-1,0,10,-1,1,1,3,-1,-1,-1,0,0,1,0,0,10,0,0,0,14.69
1,0,0,0,-1,0,1,4,0,0,0,0,2,0,0,0,2,-1,2,2,0,3,0,-1,50,0,9223372036800000000,1e+75,0,10,0,0,7,0,0,1,0,0,1,1,0,0,0,0,0,0,2,0,1,-1,-1,-1,-1,0,10,-1,1,1,3,-1,-1,-1,0,0,1,0,0,10,0,0,0,17.44
1,0,0,0,-1,0,1,2,0,0,0,0,3,0,-1,1,-1,0,-1,-1,2,3,0,8,10,0,9223372036800000000,1e+75,0,10,0,0,7,0,0,1,0,0,1,1,0,1,0,0,0,0,2,0,1,-1,-1,-1,-1,0,10,-1,1,1,3,-1,-1,-1,0,0,1,0,0,10,0,0,0,14.82
1,0,0,0,-1,0,1,0,0,0,0,0,2,-1,0,2,-1,2,1,0,-1,3,0,4,200,0,9223372036800000000,0,0,10,0,0,7,0,0,1,0,0,1,1,0,2,0,0,0,4,2,0,1,-1,-1,-1,-1,0,10,-1,1,1,3,-1,-1,-1,0,0,1,0,0,10,0,0,0,17.18
1,0,0,0,-1,0,1,5,0,0,0,0,3,3,3,2,1,2,2,2,0,5,0,1,25,0,9223372036800000000,60,0,10,0,0,7,0,0,1,0,0,2,1,2,3,0,0,4,0,2,0,1,-1,-1,3,-1,-1,10,-1,1,1,3,-1,-1,-1,0,0,1,0,0,10,1,0,0,51.57
1,0,0,0,-1,0,1,5,0,0,0,0,-1,3,3,2,1,2,2,2,0,5,0,1,25,0,9223372036800000000,5,0,10,0,0,7,0,0,1,0,0,2,1,2,3,0,0,3,0,2,0,1,-1,-1,3,-1,-1,10,-1,1,1,3,-1,-1,-1,0,0,1,0,0,10,1,0,0,48.23
1,0,0,0,-1,0,1,5,0,0,0,0,3,3,0,2,1,2,2,2,0,5,0,1,25,0,9223372036800000000,20,0,10,0,0,7,0,0,1,0,0,1,1,2,3,0,0,3,0,2,0,1,-1,-1,3,-1,-1,10,-1,1,1,3,-1,-1,-1,0,0,1,0,0,10,1,0,0,46.84
1,0,0,0,-1,0,1,3,0,0,0,0,3,0,2,0,-1,0,2,2,0,0,0,16,150,0,9223372036800000000,120,0,10,0,0,7,0,0,1,0,0,2,1,2,3,0,0,3,3,2,0,1,-1,0,-1,-1,-1,10,-1,1,1,3,-1,-1,-1,0,0,1,0,0,10,3,0,0,24.43
1,0,0,0,-1,0,1,2,0,0,0,0,-1,0,-1,0,-1,0,0,0,1,3,0,-1,200,0,9223372036800000000,1e+75,0,10,0,0,7,0,0,1,0,0,1,1,0,0,0,0,0,0,2,0,1,-1,-1,-1,-1,0,10,-1,1,1,3,-1,-1,-1,0,0,1,0,0,10,0,0,0,13.5
1,0,0,0,-1,0,1,5,0,0,0,0,3,-1,3,2,1,-1,2,2,0,5,0,8,25,0,9223372036800000000,20,0,10,0,0,7,0,0,1,0,0,1,1,2,3,0,0,3,0,2,0,1,-1,-1,3,-1,-1,10,-1,1,1,3,-1,-1,-1,0,0,1,0,0,10,1,0,0,25.11
1,0,0,0,-1,0,1,4,0,0,0,0,0,-1,3,2,0,2,-1,-1,-1,10,0,16,400,0,9223372036800000000,60,0,10,0,0,7,0,0,1,0,0,1,1,-1,2,0,0,3,2,2,0,1,-1,-1,3,-1,1,10,-1,1,1,3,-1,-1,-1,0,0,1,0,0,10,1,0,0,24.81
1,0,0,0,-1,0,1,5,0,0,0,0,3,3,3,2,1,0,2,2,0,5,0,8,25,0,9223372036800000000,20,0,10,0,0,7,0,0,1,0,0,1,1,2,3,0,0,3,0,2,0,1,-1,-1,3,-1,-1,10,-1,1,1,3,-1,-1,-1,0,0,1,0,0,10,1,0,0,24.85
1,0,0,0,-1,0,1,3,0,0,0,0,2,3,3,0,0,0,1,2,0,3,0,8,10,0,9223372036800000000,40,0,10,0,0,7,0,0,1,0,0,1,1,0,-1,0,0,0,4,2,0,1,-1,-1,-1,-1,0,10,-1,1,1,3,-1,-1,-1,0,0,1,0,0,10,0,0,0,15.21
1,0,0,0,-1,0,1,5,0,0,0,0,3,3,3,2,1,0,2,2,0,5,0,8,25,0,9223372036800000000,20,0,10,0,0,7,0,0,1,0,0,1,1,2,3,0,0,3,0,2,0,1,-1,-1,3,-1,-1,10,-1,1,1,3,-1,-1,-1,0,0,1,0,0,10,-1,0,0,24.85
1,0,0,0,-1,0,1,5,0,0,0,0,3,3,3,2,1,0,2,2,0,5,0,8,25,0,9223372036800000000,20,0,10,0,0,7,0,0,1,0,0,1,1,2,2,0,0,3,0,2,0,1,-1,-1,3,-1,-1,10,-1,1,1,3,-1,-1,-1,0,0,1,0,0,10,1,0,0,24.85
1,0,0,0,-1,0,1,5,0,0,0,0,0,-1,3,2,0,1,-1,-1,-1,10,0,16,400,0,9223372036800000000,60,0,10,0,0,7,0,0,1,0,0,1,1,-1,2,0,0,2,2,2,0,1,-1,1,3,-1,1,10,-1,1,1,3,-1,-1,-1,0,0,1,0,0,10,1,0,0,23.81
1,0,0,0,-1,0,1,5,0,0,0,0,3,3,3,2,1,0,2,2,1,5,0,8,25,0,9223372036800000000,20,0,10,0,0,7,0,0,1,0,0,1,1,2,3,0,0,3,0,2,0,1,-1,-1,3,-1,-1,10,-1,1,1,3,-1,-1,-1,0,0,1,0,0,10,1,0,0,24.85
1,0,0,0,-1,0,1,5,0,0,0,0,3,3,3,2,1,0,2,2,0,5,0,8,25,0,9223372036800000000,1e+75,0,10,0,0,7,0,0,1,0,0,1,1,2,3,0,0,3,0,2,0,1,-1,-1,3,-1,-1,10,-1,1,1,3,-1,-1,-1,0,0,1,0,0,10,1,0,0,24.85
1,0,0,0,-1,0,1,5,0,0,0,0,3,0,-1,-1,1,2,-1,2,0,3,0,16,100,0,9223372036800000000,10,0,10,0,0,7,0,0,1,0,0,3,1,0,1,0,0,0,4,2,0,1,-1,-1,-1,-1,0,10,-1,1,1,3,-1,-1,-1,0,0,1,0,0,10,0,0,0,21.4
1,0,0,0,-1,0,1,5,0,0,0,0,3,3,3,2,1,0,2,2,0,5,0,8,50,0,9223372036800000000,20,0,10,0,0,7,0,0,1,0,0,1,1,2,3,0,0,3,0,2,0,1,-1,-1,3,-1,-1,10,-1,1,1,3,-1,-1,-1,0,0,1,0,0,10,1,0,0,24.63
1,0,0,0,-1,0,1,5,0,0,0,0,3,3,1,2,1,0,2,2,0,5,0,8,50,0,9223372036800000000,20,0,10,0,0,7,0,0,1,0,0,1,1,2,3,0,0,3,0,2,0,1,-1,-1,3,-1,-1,10,-1,1,1,3,-1,-1,-1,0,0,1,0,0,10,1,0,0,23.43
1,0,0,0,-1,0,1,5,0,0,0,0,3,3,1,2,1,0,2,2,0,5,0,8,50,0,9223372036800000000,20,0,10,0,0,7,0,0,1,0,0,1,1,2,3,0,0,3,0,2,0,1,-1,-1,3,-1,-1,10,-1,1,1,3,-1,-1,-1,0,0,1,0,0,10,4,0,0,23.43
1,0,0,0,-1,0,1,5,0,0,0,0,3,3,1,2,1,1,2,2,0,5,0,8,50,0,9223372036800000000,20,0,10,0,0,7,0,0,1,0,0,1,1,2,3,0,0,3,0,2,0,1,-1,-1,3,-1,-1,10,-1,1,1,3,-1,-1,-1,0,0,1,0,0,10,1,0,0,25.7
1,0,0,0,-1,0,1,3,0,0,0,0,3,3,1,2,1,0,2,2,0,5,0,8,50,0,9223372036800000000,20,0,10,0,0,7,0,0,1,0,0,1,1,2,3,0,0,3,0,2,0,1,-1,-1,3,-1,-1,10,-1,1,1,3,-1,-1,-1,0,0,1,0,0,10,1,0,0,26.48
1,0,0,0,-1,0,1,0,0,0,0,0,-1,0,2,0,2,1,2,-1,2,3,0,-1,100,0,9223372036800000000,1e+75,0,10,0,0,7,0,0,1,0,0,1,1,0,0,0,0,0,0,2,0,1,-1,-1,-1,-1,0,10,-1,1,1,3,-1,-1,-1,0,0,1,0,0,10,0,0,0,16.67
1,0,0,0,-1,0,1,2,0,0,0,0,0,0,2,2,1,0,0,0,1,3,0,-1,50,0,9223372036800000000,1e+75,0,10,0,0,7,0,0,1,0,0,1,1,0,0,0,0,0,0,2,0,1,-1,-1,-1,-1,0,10,-1,1,1,3,-1,-1,-1,0,0,1,0,0,10,0,0,0,14.01
1,0,0,0,-1,0,1,3,0,0,0,0,3,0,2,0,-1,0,-1,2,0,0,0,1,200,0,9223372036800000000,120,0,10,0,0,7,0,0,1,0,0,2,1,2,3,0,0,3,3,2,0,1,-1,-1,1,-1,0,10,-1,1,1,3,-1,-1,-1,0,0,1,0,0,10,3,0,0,49.28
1,0,0,0,-1,0,1,3,0,0,0,0,3,0,2,0,-1,0,2,2,0,0,0,16,200,0,9223372036800000000,120,0,10,0,0,7,0,0,1,0,0,2,1,2,3,0,0,3,3,2,0,1,-1,-1,1,-1,0,10,-1,1,1,3,-1,-1,-1,0,0,1,0,0,10,3,0,0,28.92
1,0,0,0,-1,0,1,0,0,0,0,0,-1,1,0,0,-1,0,2,0,0,3,0,-1,100,0,9223372036800000000,1e+75,0,10,0,0,7,0,0,1,0,0,1,1,0,0,0,0,0,0,2,0,1,-1,-1,-1,-1,0,10,-1,1,1,3,-1,-1,-1,0,0,1,0,0,10,0,0,0,13.01
1,0,0,0,-1,0,1,3,0,0,0,0,3,0,2,0,2,0,2,2,0,0,0,16,150,0,9223372036800000000,120,0,10,0,0,7,0,0,1,0,0,2,1,2,3,0,0,3,3,2,0,1,-1,0,-1,-1,0,10,-1,1,1,3,-1,-1,-1,0,0,1,0,0,10,3,0,0,24.43
1,0,0,0,-1,0,1,3,0,0,0,0,3,0,2,0,-1,0,2,2,0,0,0,16,200,0,9223372036800000000,120,0,10,0,0,7,0,0,1,0,0,2,1,2,2,0,0,3,3,2,0,1,-1,-1,1,-1,0,10,-1,1,1,3,-1,-1,-1,0,0,1,0,0,10,3,0,0,28.92
1,0,0,0,-1,0,1,0,0,0,0,0,1,0,0,0,-1,0,0,0,0,3,0,-1,150,0,9223372036800000000,1e+75,0,10,0,0,7,0,0,1,0,0,1,1,0,0,0,0,0,0,2,0,1,-1,-1,-1,-1,0,10,-1,1,1,3,-1,-1,-1,0,0,1,0,0,10,0,0,0,13.19
1,0,0,0,-1,0,1,3,0,0,0,0,3,0,2,0,-1,0,2,2,0,0,0,16,200,0,9223372036800000000,120,0,10,0,0,7,0,0,1,0,0,2,1,2,3,0,0,3,3,2,0,1,-1,0,1,-1,0,10,-1,1,1,3,-1,-1,-1,0,0,1,0,0,10,3,0,0,25.87
1,0,0,0,-1,0,1,3,0,0,0,0,3,0,2,0,-1,0,2,2,0,0,0,16,150,0,9223372036800000000,120,0,10,0,0,7,0,0,1,0,0,2,1,2,3,0,0,3,3,2,0,1,-1,0,1,-1,0,10,-1,1,1,3,-1,-1,-1,0,0,1,0,0,10,3,0,0,25.04
1,0,0,0,-1,0,1,3,0,0,0,0,3,3,2,0,-1,0,2,2,0,0,0,16,150,0,9223372036800000000,120,0,10,0,0,7,0,0,1,0,0,2,1,2,3,0,0,3,3,2,0,1,-1,0,1,-1,0,10,-1,1,1,3,-1,-1,-1,0,0,1,0,0,10,3,0,0,25.87
1,0,0,0,-1,0,1,5,0,0,0,0,0,3,2,2,-1,1,0,-1,1,3,0,16,400,0,9223372036800000000,40,0,10,0,0,7,0,0,1,0,0,3,1,0,1,0,0,0,2,2,0,1,-1,-1,-1,-1,0,10,-1,1,1,3,-1,-1,-1,0,0,1,0,0,10,0,0,0,22.62
1,0,0,0,-1,0,1,1,0,0,0,0,-1,0,-1,0,2,2,2,0,-1,1,0,16,10,0,9223372036800000000,5,0,10,0,0,7,0,0,1,0,0,0,1,3,-1,0,0,5,1,2,0,1,-1,0,1,-1,-1,10,-1,1,1,3,-1,-1,-1,0,0,1,0,0,10,1,0,0,38.22
1,0,0,0,-1,0,1,3,0,0,0,0,3,0,2,0,-1,0,2,2,0,1,0,16,150,0,9223372036800000000,120,0,10,0,0,7,0,0,1,0,0,2,1,2,3,0,0,3,3,2,0,1,-1,0,1,-1,0,10,-1,1,1,3,-1,-1,-1,0,0,1,0,0,10,3,0,0,25.26
1,0,0,0,-1,0,1,3,0,0,0,0,3,0,2,0,-1,0,2,2,0,0,0,16,800,0,9223372036800000000,120,0,10,0,0,7,0,0,1,0,0,2,1,2,3,0,0,3,3,2,0,1,-1,0,1,-1,0,10,-1,1,1,3,-1,-1,-1,0,0,1,0,0,10,3,0,0,25.04
1,0,0,0,-1,0,1,3,0,0,0,0,3,0,2,0,-1,0,2,2,0,0,0,16,150,0,9223372036800000000,120,0,10,0,0,7,0,0,1,0,0,2,1,1,3,0,0,3,3,2,0,1,-1,0,1,-1,0,10,-1,1,1,3,-1,-1,-1,0,0,1,0,0,10,3,0,0,26.09
1,0,0,0,-1,0,1,3,0,0,0,0,3,2,2,0,-1,0,2,2,0,0,0,16,150,0,9223372036800000000,120,0,10,0,0,7,0,0,1,0,0,2,1,2,3,0,0,3,3,2,0,1,-1,0,-1,-1,0,10,-1,1,1,3,-1,-1,-1,0,0,1,0,0,10,3,0,0,24.43
1,0,0,0,-1,0,1,3,0,0,0,0,3,0,2,0,-1,0,2,2,0,0,0,16,150,0,9223372036800000000,120,0,10,0,0,7,0,0,1,0,0,2,1,2,3,0,0,3,3,2,0,1,-1,0,-1,-1,0,10,-1,1,1,3,-1,-1,-1,0,0,1,0,0,10,3,0,0,24.43
1,0,0,0,-1,0,1,3,0,0,0,0,3,-1,2,0,-1,0,2,2,0,0,0,16,150,0,9223372036800000000,120,0,10,0,0,7,0,0,1,0,0,2,1,2,3,0,0,3,3,2,0,1,-1,0,-1,-1,0,10,-1,1,1,3,-1,-1,-1,0,0,1,0,0,10,3,0,0,24.43
1,0,0,0,-1,0,1,0,0,0,0,0,1,0,-1,1,-1,1,0,0,-1,3,0,-1,150,0,9223372036800000000,1e+75,0,10,0,0,7,0,0,1,0,0,1,1,0,0,0,0,0,0,2,0,1,-1,-1,-1,-1,0,10,-1,1,1,3,-1,-1,-1,0,0,1,0,0,10,0,0,0,14.62
1,0,0,0,-1,0,1,3,0,0,0,0,3,0,2,0,-1,0,2,2,0,0,0,4,150,0,9223372036800000000,120,0,10,0,0,7,0,0,1,0,0,2,1,2,3,0,0,3,3,2,0,1,-1,0,-1,-1,0,10,-1,1,1,3,-1,-1,-1,0,0,1,0,0,10,3,0,0,24.43
1,0,0,0,-1,0,1,1,0,0,0,0,-1,3,2,-1,0,2,2,0,0,2,0,-1,150,0,9223372036800000000,10,0,10,0,0,7,0,0,1,0,0,3,1,2,0,0,0,1,1,2,0,1,-1,0,0,-1,0,10,-1,1,1,3,-1,-1,-1,0,0,1,0,0,10,2,0,0,25.36
1,0,0,0,-1,0,1,3,0,0,0,0,3,0,2,0,-1,0,2,2,0,0,0,16,150,0,9223372036800000000,120,0,10,0,0,7,0,0,1,0,0,1,1,2,3,0,0,3,3,2,0,1,-1,0,-1,-1,0,10,-1,1,1,3,-1,-1,-1,0,0,1,0,0,10,3,0,0,27.43
1,0,0,0,-1,0,1,3,0,0,0,0,3,0,2,0,-1,0,2,2,0,0,0,8,150,0,9223372036800000000,120,0,10,0,0,7,0,0,1,0,0,2,1,2,3,0,0,3,3,2,0,1,-1,0,-1,-1,0,10,-1,1,1,3,-1,-1,-1,0,0,1,0,0,10,3,0,0,25.97
1,0,0,0,-1,0,1,3,0,0,0,0,3,0,2,0,-1,0,-1,2,0,0,0,16,150,0,9223372036800000000,120,0,10,0,0,7,0,0,1,0,0,2,1,2,3,0,0,3,3,2,0,1,-1,0,-1,-1,0,10,-1,1,1,3,-1,-1,-1,0,0,1,0,0,10,3,0,0,28.41
1,0,0,0,-1,0,1,3,0,0,0,0,-1,3,2,0,0,2,-1,0,-1,3,0,-1,150,0,9223372036800000000,10,0,10,0,0,7,0,0,1,0,0,3,1,2,0,0,0,1,1,2,0,1,-1,0,0,-1,0,10,-1,1,1,3,-1,-1,-1,0,0,1,0,0,10,0,0,0,21.42
1,0,0,0,-1,0,1,3,0,0,0,0,3,1,2,0,-1,0,2,2,0,0,0,16,150,0,9223372036800000000,120,0,10,0,0,7,0,0,1,0,0,2,1,2,3,0,0,3,3,2,0,1,-1,0,-1,-1,0,10,-1,1,1,3,-1,-1,-1,0,0,1,0,0,10,3,0,0,24.43
1,0,0,0,-1,0,1,3,0,0,0,0,3,0,2,0,-1,0,2,2,0,0,0,16,150,0,9223372036800000000,120,0,10,0,0,7,0,0,1,0,0,2,1,2,3,0,0,3,2,2,0,1,-1,0,-1,-1,0,10,-1,1,1,3,-1,-1,-1,0,0,1,0,0,10,3,0,0,28.05
1,0,0,0,-1,0,1,2,0,0,0,0,2,0,-1,-1,1,1,-1,2,-1,3,0,16,200,0,9223372036800000000,60,0,10,0,0,7,0,0,1,0,0,1,1,0,3,0,0,0,1,2,0,1,-1,-1,1,-1,-1,10,-1,1,1,3,-1,-1,-1,0,0,1,0,0,10,3,0,0,22.17
1,0,0,0,-1,0,1,5,0,0,0,0,2,2,2,0,-1,2,1,-1,-1,5,0,-1,150,0,9223372036800000000,1e+75,0,10,0,0,7,0,0,1,0,0,2,1,-1,-1,0,0,2,1,2,0,1,-1,-1,-1,-1,0,10,-1,1,1,3,-1,-1,-1,0,0,1,0,0,10,0,0,0,21.21
1,0,0,0,-1,0,1,5,0,0,0,0,2,2,2,0,-1,2,1,-1,-1,5,0,-1,150,0,9223372036800000000,10,0,10,0,0,7,0,0,1,0,0,2,1,-1,-1,0,0,2,1,2,0,1,-1,-1,-1,-1,0,10,-1,1,1,3,-1,-1,-1,0,0,1,0,0,10,0,0,0,21.21
1,0,0,0,-1,0,1,5,0,0,0,0,2,2,2,0,-1,2,1,-1,-1,5,0,-1,10,0,9223372036800000000,1e+75,0,10,0,0,7,0,0,1,0,0,2,1,-1,-1,0,0,2,1,2,0,1,-1,-1,-1,-1,0,10,-1,1,1,3,-1,-1,-1,0,0,1,0,0,10,0,0,0,22.69
1,0,0,0,-1,0,1,0,0,0,0,0,0,0,0,0,-1,0,0,0,0,3,0,2,150,0,9223372036800000000,1e+75,0,10,0,0,7,0,0,1,0,0,1,1,0,0,0,0,0,0,2,0,1,-1,-1,-1,-1,0,10,-1,1,1,3,-1,-1,-1,0,0,1,0,0,10,0,0,0,18.26
1,0,0,0,-1,0,1,3,0,0,0,0,0,0,1,-1,0,2,-1,-1,0,3,0,-1,10,0,9223372036800000000,1e+75,0,10,0,0,7,0,0,1,0,0,1,1,0,2,0,0,0,0,2,0,1,-1,-1,-1,-1,0,10,-1,1,1,3,-1,-1,-1,0,0,1,0,0,10,0,0,0,29.86
1,0,0,0,-1,0,1,0,0,0,0,0,-1,0,0,0,-1,0,2,0,0,3,0,-1,200,0,9223372036800000000,1e+75,0,10,0,0,7,0,0,1,0,0,1,1,0,0,0,0,0,3,2,0,1,-1,-1,-1,-1,0,10,-1,1,1,3,-1,-1,-1,0,0,1,0,0,10,0,0,0,20.72
1,0,0,0,-1,0,1,5,0,0,0,0,2,2,2,0,-1,2,1,-1,-1,5,0,-1,150,0,9223372036800000000,1e+75,0,10,0,0,7,0,0,1,0,0,2,1,3,-1,0,0,2,1,2,0,1,-1,-1,-1,-1,0,10,-1,1,1,3,-1,-1,-1,0,0,1,0,0,10,0,0,0,21.21
1,0,0,0,-1,0,1,5,0,0,0,0,2,2,2,0,-1,2,1,-1,-1,5,0,8,150,0,9223372036800000000,1e+75,0,10,0,0,7,0,0,1,0,0,2,1,-1,-1,0,0,2,1,2,0,1,-1,-1,-1,-1,0,10,-1,1,1,3,-1,-1,-1,0,0,1,0,0,10,0,0,0,21.21
1,0,0,0,-1,0,1,0,0,0,0,0,-1,-1,0,2,-1,2,1,0,-1,3,0,4,150,0,9223372036800000000,0,0,10,0,0,7,0,0,1,0,0,1,1,0,2,0,0,0,4,2,0,1,-1,-1,-1,-1,0,10,-1,1,1,3,-1,-1,-1,0,0,1,0,0,10,0,0,0,16.4
1,0,0,0,-1,0,1,5,0,0,0,0,1,0,2,0,0,0,-1,2,0,2,0,-1,200,0,9223372036800000000,5,0,10,0,0,7,0,0,1,0,0,2,1,1,0,0,0,1,3,2,0,1,-1,0,2,-1,-1,10,-1,1,1,3,-1,-1,-1,0,0,1,0,0,10,3,0,0,23.16
1,0,0,0,-1,0,1,5,0,0,0,0,2,2,2,0,-1,2,1,-1,-1,5,0,-1,150,0,9223372036800000000,1e+75,0,10,0,0,7,0,0,1,0,0,2,1,-1,0,0,0,2,1,2,0,1,-1,-1,-1,-1,0,10,-1,1,1,3,-1,-1,-1,0,0,1,0,0,10,0,0,0,22.19
1,0,0,0,-1,0,1,5,0,0,0,0,2,2,2,0,-1,2,1,-1,-1,5,0,-1,800,0,9223372036800000000,1e+75,0,10,0,0,7,0,0,1,0,0,2,1,-1,-1,0,0,2,1,2,0,1,-1,-1,-1,-1,0,10,-1,1,1,3,-1,-1,-1,0,0,1,0,0,10,0,0,0,21.21
1,0,0,0,-1,0,1,5,0,0,0,0,2,2,2,0,-1,2,1,-1,-1,5,0,-1,150,0,9223372036800000000,1e+75,0,10,0,0,7,0,0,1,0,0,2,1,-1,-1,0,0,2,1,2,0,1,-1,-1,-1,-1,0,10,-1,1,1,3,-1,-1,-1,0,0,1,0,0,10,4,0,0,22.22
1,0,0,0,-1,0,1,5,0,0,0,0,2,2,2,0,-1,2,1,-1,-1,5,0,-1,150,0,9223372036800000000,1e+75,0,10,0,0,7,0,0,1,0,0,2,1,-1,-1,0,0,2,1,2,0,1,-1,-1,2,-1,0,10,-1,1,1,3,-1,-1,-1,0,0,1,0,0,10,0,0,0,21.21
1,0,0,0,-1,0,1,5,0,0,0,0,1,0,2,0,0,0,-1,2,0,2,0,-1,200,0,9223372036800000000,120,0,10,0,0,7,0,0,1,0,0,2,1,1,0,0,0,1,3,2,0,1,-1,0,2,-1,-1,10,-1,1,1,3,-1,-1,-1,0,0,1,0,0,10,3,0,0,23.16
1,0,0,0,-1,0,1,0,0,0,0,0,2,0,1,0,-1,0,-1,1,2,3,0,16,10,0,9223372036800000000,1,0,10,0,0,7,0,0,1,0,0,0,1,1,1,0,0,5,3,2,0,1,-1,-1,-1,-1,-1,10,-1,1,1,3,-1,-1,-1,0,0,1,0,0,10,0,0,0,36.12
1,0,0,0,-1,0,1,5,0,0,0,0,2,2,2,0,-1,2,1,-1,-1,5,0,-1,150,0,9223372036800000000,0,0,10,0,0,7,0,0,1,0,0,2,1,-1,-1,0,0,2,1,2,0,1,-1,-1,-1,-1,0,10,-1,1,1,3,-1,-1,-1,0,0,1,0,0,10,0,0,0,21.21
1,0,0,0,-1,0,1,5,0,0,0,0,2,1,2,0,-1,2,1,-1,-1,5,0,-1,150,0,9223372036800000000,1e+75,0,10,0,0,7,0,0,1,0,0,2,1,-1,-1,0,0,2,1,2,0,1,-1,-1,-1,-1,0,10,-1,1,1,3,-1,-1,-1,0,0,1,0,0,10,0,0,0,21.21
1,0,0,0,-1,0,1,1,0,0,0,0,3,3,3,2,0,1,-1,-1,-1,2,0,16,200,0,9223372036800000000,5,0,10,0,0,7,0,0,1,0,0,1,1,3,-1,0,0,3,1,2,0,1,-1,0,2,-1,1,10,-1,1,1,3,-1,-1,-1,0,0,1,0,0,10,2,0,0,25.62
1,0,0,0,-1,0,1,5,0,0,0,0,2,2,-1,0,-1,2,1,-1,1,5,0,-1,150,0,9223372036800000000,1e+75,0,10,0,0,7,0,0,1,0,0,2,1,-1,-1,0,0,2,1,2,0,1,-1,-1,-1,-1,0,10,-1,1,1,3,-1,-1,-1,0,0,1,0,0,10,0,0,0,20.53
1,0,0,0,-1,0,1,5,0,0,0,0,2,2,2,0,1,2,1,-1,-1,5,0,-1,150,0,9223372036800000000,1e+75,0,10,0,0,7,0,0,1,0,0,2,1,-1,-1,0,0,2,1,2,0,1,-1,-1,-1,-1,0,10,-1,1,1,3,-1,-1,-1,0,0,1,0,0,10,0,0,0,21.21
1,0,0,0,-1,0,1,0,0,0,0,0,3,3,-1,2,-1,1,1,1,1,3,0,8,800,0,9223372036800000000,240,0,10,0,0,7,0,0,1,0,0,1,1,0,3,0,0,0,0,2,0,1,-1,-1,-1,-1,0,10,-1,1,1,3,-1,-1,-1,0,0,1,0,0,10,0,0,0,15.73
1,0,0,0,-1,0,1,5,0,0,0,0,2,2,2,0,-1,2,1,-1,1,5,0,-1,150,0,9223372036800000000,1e+75,0,10,0,0,7,0,0,1,0,0,1,1,-1,-1,0,0,2,1,2,0,1,-1,-1,-1,-1,0,10,-1,1,1,3,-1,-1,-1,0,0,1,0,0,10,0,0,0,21.52
1,0,0,0,-1,0,1,5,0,0,0,0,2,2,2,0,-1,2,1,-1,1,5,0,-1,150,0,9223372036800000000,1e+75,0,10,0,0,7,0,0,1,0,0,2,1,-1,0,0,0,2,1,2,0,1,-1,-1,-1,-1,0,10,-1,1,1,3,-1,-1,-1,0,0,1,0,0,10,0,0,0,22.19
1,0,0,0,-1,0,1,5,0,0,0,0,2,2,2,0,-1,2,1,-1,1,5,0,-1,150,0,9223372036800000000,1e+75,0,10,0,0,7,0,0,1,0,0,2,1,-1,-1,0,0,2,1,2,0,1,-1,-1,-1,-1,-1,10,-1,1,1,3,-1,-1,-1,0,0,1,0,0,10,0,0,0,20.53
1,0,0,0,-1,0,1,5,0,0,0,0,2,2,2,0,-1,2,1,-1,1,5,0,-1,150,0,9223372036800000000,1e+75,0,10,0,0,7,0,0,1,0,0,2,1,-1,-1,0,0,2,1,2,0,1,-1,-1,-1,-1,0,10,-1,1,1,3,-1,-1,-1,0,0,1,0,0,10,2,0,0,22.19
1,0,0,0,-1,0,1,5,0,0,0,0,2,2,2,0,-1,2,1,-1,1,5,0,-1,150,0,9223372036800000000,1e+75,0,10,0,0,7,0,0,1,0,0,2,1,-1,3,0,0,2,1,2,0,1,-1,-1,-1,-1,0,10,-1,1,1,3,-1,-1,-1,0,0,1,0,0,10,0,0,0,22.67
1,0,0,0,-1,0,1,5,0,0,0,0,1,1,3,-1,-1,2,0,0,0,0,0,1,100,0,9223372036800000000,240,0,10,0,0,7,0,0,1,0,0,1,1,0,1,0,0,2,1,2,0,1,-1,0,1,-1,-1,10,-1,1,1,3,-1,-1,-1,0,0,1,0,0,10,-1,0,0,51.76
1,0,0,0,-1,0,1,0,0,0,0,0,-1,0,3,0,2,0,1,1,0,3,0,-1,800,0,9223372036800000000,1e+75,0,10,0,0,7,0,0,1,0,0,1,1,0,0,0,0,0,0,2,0,1,-1,-1,-1,-1,0,10,-1,1,1,3,-1,-1,-1,0,0,1,0,0,10,0,0,0,19.39
1,0,0,0,-1,0,1,1,0,0,0,0,0,0,1,0,0,-1,0,-1,1,3,0,2,50,0,9223372036800000000,20,0,10,0,0,7,0,0,1,0,0,1,1,1,0,0,0,0,3,2,0,1,-1,-1,1,-1,-1,10,-1,1,1,3,-1,-1,-1,0,0,1,0,0,10,-1,0,0,22.94
1,0,0,0,-1,0,1,1,0,0,0,0,0,3,1,-1,0,-1,0,-1,1,3,0,2,50,0,9223372036800000000,30,0,10,0,0,7,0,0,1,0,0,1,1,1,0,0,0,0,3,2,0,1,-1,-1,1,-1,-1,10,-1,1,1,3,-1,-1,-1,0,0,1,0,0,10,-1,0,0,37.95
1,0,0,0,-1,0,1,5,0,0,0,0,1,0,2,0,0,0,1,2,0,2,0,-1,200,0,9223372036800000000,2,0,10,0,0,7,0,0,1,0,0,2,1,1,0,0,0,1,3,2,0,1,-1,0,2,-1,-1,10,-1,1,1,3,-1,-1,-1,0,0,1,0,0,10,3,0,0,24.11
1,0,0,0,-1,0,1,1,0,0,0,0,0,3,1,0,0,-1,0,-1,1,3,0,2,50,0,9223372036800000000,30,0,10,0,0,7,0,0,1,0,0,1,1,1,-1,0,0,0,3,2,0,1,-1,-1,2,-1,0,10,-1,1,1,3,-1,-1,-1,0,0,1,0,0,10,-1,0,0,22.9
1,0,0,0,-1,0,1,5,0,0,0,0,0,1,1,0,0,1,0,-1,1,3,0,2,50,0,9223372036800000000,30,0,10,0,0,7,0,0,1,0,0,1,1,1,-1,0,0,0,3,2,0,1,-1,-1,1,-1,0,10,-1,1,1,3,-1,-1,-1,0,0,1,0,0,10,-1,0,0,22.9
1,0,0,0,-1,0,1,1,0,0,0,0,0,3,1,-1,0,-1,0,-1,1,3,0,2,50,0,9223372036800000000,30,0,10,0,0,7,0,0,1,0,0,1,1,1,-1,0,0,0,3,2,0,1,-1,-1,1,-1,0,10,-1,1,1,3,-1,-1,-1,0,0,1,0,0,10,-1,0,0,38.29
1,0,0,0,-1,0,1,1,0,0,0,0,-1,0,-1,0,2,-1,2,0,-1,1,0,16,10,0,9223372036800000000,5,0,10,0,0,7,0,0,1,0,0,0,1,3,-1,0,0,5,2,2,0,1,-1,0,0,-1,-1,10,-1,1,1,3,-1,-1,-1,0,0,1,0,0,10,1,0,0,34.9
1,0,0,0,-1,0,1,1,0,0,0,0,0,3,1,0,0,-1,0,-1,1,3,0,2,50,0,9223372036800000000,30,0,10,0,0,7,0,0,1,0,0,1,1,1,-1,0,0,0,1,2,0,1,-1,-1,1,-1,0,10,-1,1,1,3,-1,-1,-1,0,0,1,0,0,10,-1,0,0,24.56
1,0,0,0,-1,0,1,5,0,0,0,0,0,3,1,0,0,-1,0,-1,1,3,0,2,50,0,9223372036800000000,30,0,10,0,0,7,0,0,1,0,0,1,1,1,-1,0,0,0,3,2,0,1,-1,-1,1,-1,0,10,-1,1,1,3,-1,-1,-1,0,0,1,0,0,10,-1,0,0,21.81
1,0,0,0,-1,0,1,5,0,0,0,0,0,3,1,0,0,-1,0,-1,1,0,0,2,50,0,9223372036800000000,30,0,10,0,0,7,0,0,1,0,0,1,1,1,-1,0,0,0,3,2,0,1,-1,-1,1,-1,0,10,-1,1,1,3,-1,-1,-1,0,0,1,0,0,10,-1,0,0,25.4
1,0,0,0,-1,0,1,5,0,0,0,0,0,3,1,0,2,-1,0,-1,1,3,0,2,50,0,9223372036800000000,30,0,10,0,0,7,0,0,1,0,0,1,1,1,-1,0,0,0,3,2,0,1,-1,-1,1,-1,0,10,-1,1,1,3,-1,-1,-1,0,0,1,0,0,10,-1,0,0,21.81
1,0,0,0,-1,0,1,5,0,0,0,0,0,1,1,0,0,2,0,-1,1,3,0,2,50,0,9223372036800000000,30,0,10,0,0,7,0,0,1,0,0,1,1,1,-1,0,0,0,3,2,0,1,-1,-1,1,-1,0,10,-1,1,1,3,-1,-1,-1,0,0,1,0,0,10,-1,0,0,22.1
1,0,0,0,-1,0,1,0,0,0,0,0,1,0,-1,-1,-1,0,2,-1,-1,3,0,-1,800,0,9223372036800000000,1e+75,0,10,0,0,7,0,0,1,0,0,1,1,0,0,0,0,0,0,2,0,1,-1,-1,-1,-1,0,10,-1,1,1,3,-1,-1,-1,0,0,1,0,0,10,0,0,0,26.19
1,0,0,0,-1,0,1,5,0,0,0,0,0,1,1,0,0,-1,0,-1,1,3,0,2,50,0,9223372036800000000,30,0,10,0,0,7,0,0,1,0,0,1,1,1,-1,0,0,0,3,2,0,1,-1,-1,1,-1,-1,10,-1,1,1,3,-1,-1,-1,0,0,1,0,0,10,-1,0,0,21.81
1,0,0,0,-1,0,1,0,0,0,0,0,1,3,0,2,0,1,1,-1,2,3,0,8,100,0,9223372036800000000,5,0,10,0,0,7,0,0,1,0,0,1,1,0,0,0,0,0,3,2,0,1,-1,-1,-1,-1,0,10,-1,1,1,3,-1,-1,-1,0,0,1,0,0,10,0,0,0,19.77
1,0,0,0,-1,0,1,5,0,0,0,0,0,1,1,0,0,-1,0,-1,1,3,0,2,50,0,9223372036800000000,240,0,10,0,0,7,0,0,1,0,0,1,1,1,-1,0,0,0,3,2,0,1,-1,-1,1,-1,0,10,-1,1,1,3,-1,-1,-1,0,0,1,0,0,10,-1,0,0,21.81
1,0,0,0,-1,0,1,5,0,0,0,0,2,0,3,1,1,0,1,-1,-1,3,0,4,50,0,9223372036800000000,5,0,10,0,0,7,0,0,1,0,0,2,1,1,3,0,0,0,-1,2,0,1,-1,-1,-1,-1,-1,10,-1,1,1,3,-1,-1,-1,0,0,1,0,0,10,0,0,0,24.31
1,0,0,0,-1,0,1,5,0,0,0,0,0,1,1,0,0,-1,0,-1,1,3,0,2,50,0,9223372036800000000,30,0,10,0,0,7,0,0,1,0,0,1,1,1,3,0,0,0,3,2,0,1,-1,-1,1,-1,0,10,-1,1,1,3,-1,-1,-1,0,0,1,0,0,10,-1,0,0,22.76
1,0,0,0,-1,0,1,3,0,0,0,0,-1,0,2,0,2,1,-1,-1,2,3,0,-1,100,0,9223372036800000000,1e+75,0,10,0,0,7,0,0,1,0,0,1,1,0,0,0,0,0,0,2,0,1,-1,-1,-1,-1,0,10,-1,1,1,3,-1,-1,-1,0,0,1,0,0,10,0,0,0,15.3
1,0,0,0,-1,0,1,2,0,0,0,0,3,0,-1,1,-1,0,-1,0,2,3,0,8,800,0,9223372036800000000,1e+75,0,10,0,0,7,0,0,1,0,0,1,1,0,1,0,0,0,0,2,0,1,-1,-1,-1,-1,0,10,-1,1,1,3,-1,-1,-1,0,0,1,0,0,10,0,0,0,14.67
1,0,0,0,-1,0,1,5,0,0,0,0,0,1,1,0,0,-1,0,-1,1,3,0,2,50,0,9223372036800000000,30,0,10,0,0,7,0,0,1,0,0,1,1,1,-1,0,0,1,3,2,0,1,-1,-1,1,-1,0,10,-1,1,1,3,-1,-1,-1,0,0,1,0,0,10,-1,0,0,24.54
1,0,0,0,-1,0,1,3,0,0,0,0,1,0,0,0,0,0,-1,-1,1,3,0,-1,100,0,9223372036800000000,1e+75,0,10,0,0,7,0,0,1,0,0,1,1,0,0,0,0,0,0,2,0,1,-1,-1,-1,-1,0,10,-1,1,1,3,-1,-1,-1,0,0,1,0,0,10,0,0,0,16.14
1,0,0,0,-1,0,1,0,0,0,0,0,2,3,3,-1,1,2,-1,2,1,10,0,16,50,0,9223372036800000000,120,0,10,0,0,7,0,0,1,0,0,0,1,2,0,0,0,1,4,2,0,1,-1,1,-1,-1,-1,10,-1,1,1,3,-1,-1,-1,0,0,1,0,0,10,-1,0,0,24.69
1,0,0,0,-1,0,1,2,0,0,0,0,-1,0,1,-1,1,1,1,2,0,3,0,-1,10,0,9223372036800000000,1e+75,0,10,0,0,7,0,0,1,0,0,1,1,0,-1,0,0,0,0,2,0,1,-1,-1,-1,-1,0,10,-1,1,1,3,-1,-1,-1,0,0,1,0,0,10,0,0,0,18.03
1,0,0,0,-1,0,1,0,0,0,0,0,2,3,3,-1,1,2,-1,2,1,10,0,16,400,0,9223372036800000000,120,0,10,0,0,7,0,0,1,0,0,0,1,2,1,0,0,1,4,2,0,1,-1,1,-1,-1,-1,10,-1,1,1,3,-1,-1,-1,0,0,1,0,0,10,-1,0,0,24.49
1,0,0,0,-1,0,1,0,0,0,0,0,2,3,3,-1,1,2,-1,2,1,10,0,16,400,0,9223372036800000000,20,0,10,0,0,7,0,0,1,0,0,0,1,2,0,0,0,1,4,2,0,1,-1,1,-1,-1,-1,10,-1,1,1,3,-1,-1,-1,0,0,1,0,0,10,-1,0,0,24.49
1,0,0,0,-1,0,1,4,0,0,0,0,0,2,3,-1,2,-1,2,2,1,3,0,2,25,0,9223372036800000000,60,0,10,0,0,7,0,0,1,0,0,1,1,-1,1,0,0,0,4,2,0,1,-1,-1,-1,-1,-1,10,-1,1,1,3,-1,-1,-1,0,0,1,0,0,10,0,0,0,21.25
1,0,0,0,-1,0,1,0,0,0,0,0,2,3,3,-1,1,2,1,2,1,10,0,16,400,0,9223372036800000000,120,0,10,0,0,7,0,0,1,0,0,0,1,2,0,0,0,1,4,2,0,1,-1,1,-1,-1,-1,10,-1,1,1,3,-1,-1,-1,0,0,1,0,0,10,-1,0,0,24.3
1,0,0,0,-1,0,1,2,0,0,0,0,3,0,1,1,-1,0,-1,0,2,3,0,8,10,0,9223372036800000000,1e+75,0,10,0,0,7,0,0,1,1000,0,1,1,0,1,0,0,0,0,2,0,1,-1,-1,-1,-1,0,10,-1,1,1,3,-1,-1,-1,0,0,1,0,0,10,0,0,0,15.02
1,0,0,0,-1,0,1,0,0,0,0,0,2,3,3,-1,-1,2,-1,2,1,10,0,16,400,0,9223372036800000000,120,0,10,0,0,7,0,0,1,0,0,0,1,2,0,0,0,1,4,2,0,1,-1,1,-1,-1,-1,10,-1,1,1,3,-1,-1,-1,0,0,1,0,0,10,-1,0,0,23.83
1,0,0,0,-1,0,1,5,0,0,0,0,2,-1,2,2,-1,0,1,1,2,3,0,16,150,0,9223372036800000000,30,0,10,0,0,7,0,0,1,0,0,1,1,0,3,0,0,0,1,2,0,1,-1,-1,-1,-1,0,10,-1,1,1,3,-1,-1,-1,0,0,1,0,0,10,0,0,0,21.27
1,0,0,0,-1,0,1,5,0,0,0,0,2,1,1,0,1,-1,1,1,-1,10,0,16,200,0,9223372036800000000,50,0,10,0,0,7,0,0,1,0,0,0,1,0,3,0,0,2,2,2,0,1,-1,1,-1,-1,0,10,-1,1,1,3,-1,-1,-1,0,0,1,0,0,10,1,0,0,21.57
1,0,0,0,-1,0,1,0,0,0,0,0,2,3,3,-1,2,2,-1,2,1,10,0,16,400,0,9223372036800000000,120,0,10,0,0,7,0,0,1,0,0,0,1,2,0,0,0,1,4,2,0,1,-1,1,-1,-1,-1,10,-1,1,1,3,-1,-1,-1,0,0,1,0,0,10,-1,0,0,24.49
1,0,0,0,-1,0,1,0,0,0,0,0,-1,1,2,1,2,-1,1,0,2,2,0,8,200,0,9223372036800000000,40,0,10,0,0,7,0,0,1,0,0,1,1,3,1,0,0,0,2,2,0,1,-1,1,1,-1,1,10,-1,1,1,3,-1,-1,-1,0,0,1,0,0,10,1,0,0,17.01
1,0,0,0,-1,0,1,0,0,0,0,0,1,0,0,-1,2,-1,0,0,1,3,0,-1,50,0,9223372036800000000,1e+75,0,10,0,0,7,0,0,1,0,0,1,1,0,0,0,0,0,0,2,0,1,-1,-1,-1,-1,0,10,-1,1,1,3,-1,-1,-1,0,0,1,0,0,10,0,0,0,16.61
1,0,0,0,-1,0,1,0,0,0,0,0,2,3,3,-1,1,2,-1,2,1,10,0,16,400,0,9223372036800000000,120,0,10,0,0,7,0,0,1,0,0,0,1,2,0,0,0,1,4,2,0,1,-1,1,2,-1,-1,10,-1,1,1,3,-1,-1,-1,0,0,1,0,0,10,-1,0,0,24.49
1,0,0,0,-1,0,1,5,0,0,0,0,1,0,2,0,0,0,-1,2,0,2,0,-1,200,0,9223372036800000000,1e+75,0,10,0,0,7,0,0,1,0,0,2,1,1,0,0,0,1,3,2,0,1,-1,0,2,-1,-1,10,-1,1,1,3,-1,-1,-1,0,0,1,0,0,10,3,0,0,23.16
1,0,0,0,-1,0,1,4,0,0,0,0,1,0,3,-1,1,0,-1,-1,2,3,0,-1,25,0,9223372036800000000,1e+75,0,10,0,0,7,0,0,1,0,0,1,1,0,0,0,0,0,0,2,0,1,-1,-1,-1,-1,0,10,-1,1,1,3,-1,-1,-1,0,0,1,0,0,10,0,0,0,30.72
1,0,0,0,-1,0,1,0,0,0,0,0,2,3,3,-1,1,2,-1,2,1,10,0,16,400,0,9223372036800000000,120,0,10,0,0,7,0,0,1,0,0,0,1,2,3,0,0,1,4,2,0,1,-1,1,-1,-1,-1,10,-1,1,1,3,-1,-1,-1,0,0,1,0,0,10,-1,0,0,25.59
1,0,0,0,-1,0,1,0,0,0,0,0,2,3,3,-1,1,2,-1,2,1,10,0,16,400,0,9223372036800000000,10,0,10,0,0,7,0,0,1,0,0,0,1,2,0,0,0,1,4,2,0,1,-1,1,-1,-1,-1,10,-1,1,1,3,-1,-1,-1,0,0,1,0,0,10,-1,0,0,24.49
1,0,0,0,-1,0,1,1,0,0,0,0,-1,0,-1,0,2,-1,2,0,-1,1,0,16,10,0,9223372036800000000,5,0,10,0,0,7,0,0,1,0,0,0,1,3,-1,0,0,3,2,2,0,1,-1,0,1,-1,-1,10,-1,1,1,3,-1,-1,-1,0,0,1,0,0,10,-1,0,0,29.66
1,0,0,0,-1,0,1,5,0,0,0,0,1,0,2,0,0,0,-1,2,0,2,0,-1,200,0,9223372036800000000,2,0,10,0,0,7,0,0,1,0,0,2,1,1,0,0,0,2,3,2,0,1,-1,0,2,-1,-1,10,-1,1,1,3,-1,-1,-1,0,0,1,0,0,10,3,0,0,24.3
1,0,0,0,-1,0,1,0,0,0,0,0,2,3,3,-1,1,2,-1,2,1,10,0,16,400,0,9223372036800000000,120,0,10,0,0,7,0,0,1,0,0,0,1,2,0,0,0,1,4,2,0,1,-1,1,1,-1,-1,10,-1,1,1,3,-1,-1,-1,0,0,1,0,0,10,-1,0,0,24.49
1,0,0,0,-1,0,1,0,0,0,0,0,2,3,3,-1,1,2,-1,2,1,10,0,16,400,0,9223372036800000000,1,0,10,0,0,7,0,0,1,0,0,0,1,2,0,0,0,1,4,2,0,1,-1,1,-1,-1,-1,10,-1,1,1,3,-1,-1,-1,0,0,1,0,0,10,-1,0,0,24.49
1,0,0,0,-1,0,1,0,0,0,0,0,2,3,3,-1,1,2,-1,2,1,10,0,16,400,0,9223372036800000000,120,0,10,0,0,7,0,0,1,0,0,0,1,2,0,0,0,1,4,2,0,1,-1,0,-1,-1,-1,10,-1,1,1,3,-1,-1,-1,0,0,1,0,0,10,-1,0,0,22.19
1,0,0,0,-1,0,1,0,0,0,0,0,2,3,3,-1,1,2,-1,2,1,10,0,16,400,0,9223372036800000000,120,0,10,0,0,7,0,0,1,0,0,0,1,2,0,0,0,1,2,2,0,1,-1,0,-1,-1,-1,10,-1,1,1,3,-1,-1,-1,0,0,1,0,0,10,-1,0,0,26.34
1,0,0,0,-1,0,1,3,0,0,0,0,2,1,1,0,2,-1,1,1,-1,10,0,16,200,0,9223372036800000000,50,0,10,0,0,7,0,0,1,0,0,0,1,0,3,0,0,2,2,2,0,1,-1,1,-1,-1,0,10,-1,1,1,3,-1,-1,-1,0,0,1,0,0,10,1,0,0,22.74
1,0,0,0,-1,0,1,0,0,0,0,0,-1,0,0,0,-1,0,2,2,0,3,0,-1,100,0,9223372036800000000,1e+75,0,10,0,0,7,0,0,1,0,0,1,1,0,0,0,0,0,0,2,0,1,-1,-1,-1,-1,0,10,-1,1,1,3,-1,-1,-1,0,0,1,0,0,10,0,0,0,13.93
1,0,0,0,-1,0,1,0,0,0,0,0,2,3,3,-1,1,2,-1,-1,1,10,0,16,400,0,9223372036800000000,120,0,10,0,0,7,0,0,1,0,0,0,1,2,0,0,0,1,4,2,0,1,-1,0,-1,-1,-1,10,-1,1,1,3,-1,-1,-1,0,0,1,0,0,10,-1,0,0,32.57
1,0,0,0,-1,0,1,0,0,0,0,0,1,0,0,0,2,1,-1,0,0,3,0,-1,400,0,9223372036800000000,1e+75,0,10,0,0,7,0,0,1,0,0,1,1,0,2,0,0,0,0,2,0,1,-1,-1,-1,-1,0,10,-1,1,1,3,-1,-1,-1,0,0,1,0,0,10,0,0,0,16.79
1,0,0,0,-1,0,1,0,0,0,0,0,2,3,1,-1,1,2,-1,2,1,10,0,16,400,0,9223372036800000000,120,0,10,0,0,7,0,0,1,0,0,0,1,2,0,0,0,1,4,2,0,1,-1,0,-1,-1,-1,10,-1,1,1,3,-1,-1,-1,0,0,1,0,0,10,-1,0,0,23.07
1,0,0,0,-1,0,1,0,0,0,0,0,2,3,3,-1,1,2,-1,2,1,10,0,16,400,0,9223372036800000000,120,0,10,0,0,7,0,0,1,0,0,0,1,2,-1,0,0,1,4,2,0,1,-1,0,-1,-1,-1,10,-1,1,1,3,-1,-1,-1,0,0,1,0,0,10,-1,0,0,22.57
1,0,0,0,-1,0,1,2,0,0,0,0,1,3,3,2,1,2,0,-1,-1,3,0,8,200,0,9223372036800000000,40,0,10,0,0,7,0,0,1,0,0,1,1,0,0,0,0,0,4,2,0,1,-1,-1,-1,-1,-1,10,-1,1,1,3,-1,-1,-1,0,0,1,0,0,10,0,0,0,17.74
1,0,0,0,-1,0,1,5,0,0,0,0,1,1,3,-1,-1,2,0,0,0,0,0,1,100,0,9223372036800000000,120,0,10,0,0,7,0,0,1,0,0,1,1,1,1,0,0,2,1,2,0,1,-1,0,-1,-1,-1,10,-1,1,1,3,-1,-1,-1,0,0,1,0,0,10,-1,0,0,53.96
1,0,0,0,-1,0,1,0,0,0,0,0,2,3,3,-1,1,2,-1,2,1,10,0,16,150,0,9223372036800000000,120,0,10,0,0,7,0,0,1,0,0,0,1,2,0,0,0,1,4,2,0,1,-1,0,-1,-1,-1,10,-1,1,1,3,-1,-1,-1,0,0,1,0,0,10,-1,0,0,22.48
1,0,0,0,-1,0,1,0,0,0,0,0,2,3,3,-1,1,2,-1,2,1,10,0,16,50,0,9223372036800000000,120,0,10,0,0,7,0,0,1,0,0,0,1,2,0,0,0,1,4,2,0,1,-1,0,-1,-1,-1,10,-1,1,1,3,-1,-1,-1,0,0,1,0,0,10,-1,0,0,22.55
1,0,0,0,-1,0,1,4,0,0,0,0,0,1,0,2,0,1,1,0,2,5,0,-1,100,0,9223372036800000000,0,0,10,0,0,7,0,0,1,0,0,0,1,2,1,0,0,2,0,2,0,1,-1,-1,1,-1,-1,10,-1,1,1,3,-1,-1,-1,0,0,1,0,0,10,2,0,0,22.16
1,0,0,0,-1,0,1,5,0,0,0,0,1,-1,3,-1,0,1,2,0,-1,3,0,1,100,0,9223372036800000000,20,0,10,0,0,7,0,0,1,0,0,3,1,0,3,0,0,0,0,2,0,1,-1,-1,-1,-1,0,10,-1,1,1,3,-1,-1,-1,0,0,1,0,0,10,0,0,0,47.13
1,0,0,0,-1,0,1,4,0,0,0,0,0,1,0,2,0,1,1,0,2,5,0,16,100,0,9223372036800000000,0,0,10,0,0,7,0,0,1,0,0,0,1,2,1,0,0,2,0,2,0,1,-1,-1,1,-1,-1,10,-1,1,1,3,-1,-1,-1,0,0,1,0,0,10,2,0,0,22.16
1,0,0,0,-1,0,1,4,0,0,0,0,0,-1,0,2,0,1,1,0,2,5,0,-1,100,0,9223372036800000000,0,0,10,0,0,7,0,0,1,0,0,0,1,2,1,0,0,2,0,2,0,1,-1,-1,1,-1,-1,10,-1,1,1,3,-1,-1,-1,0,0,1,0,0,10,2,0,0,22.23
1,0,0,0,-1,0,1,2,0,0,0,0,-1,-1,0,1,0,2,0,-1,1,3,0,8,25,0,9223372036800000000,30,0,10,0,0,7,0,0,1,0,0,3,1,1,1,0,0,2,4,2,0,1,-1,-1,-1,-1,-1,10,-1,1,1,3,-1,-1,-1,0,0,1,0,0,10,0,0,0,18.27
1,0,0,0,-1,0,1,4,0,0,0,0,0,1,0,2,0,1,1,0,2,5,0,8,100,0,9223372036800000000,120,0,10,0,0,7,0,0,1,0,0,0,1,2,-1,0,0,2,0,2,0,1,-1,-1,1,-1,-1,10,-1,1,1,3,-1,-1,-1,0,0,1,0,0,10,2,0,0,21.25
1,0,0,0,-1,0,1,4,0,0,0,0,0,1,0,2,0,1,1,0,2,5,0,-1,50,0,9223372036800000000,120,0,10,0,0,7,0,0,1,0,0,0,1,2,-1,0,0,2,0,2,0,1,-1,-1,1,-1,-1,10,-1,1,1,3,-1,-1,-1,0,0,1,0,0,10,1,0,0,21.74
1,0,0,0,-1,0,1,4,0,0,0,0,0,1,0,2,0,2,1,0,2,5,0,-1,100,0,9223372036800000000,120,0,10,0,0,7,0,0,1,0,0,0,1,2,-1,0,0,2,0,2,0,1,-1,-1,1,-1,-1,10,-1,1,1,3,-1,-1,-1,0,0,1,0,0,10,1,0,0,19.62
1,0,0,0,-1,0,1,4,0,0,0,0,0,1,0,2,0,2,1,0,2,5,0,-1,100,0,9223372036800000000,5,0,10,0,0,7,0,0,1,0,0,0,1,2,-1,0,0,2,0,2,0,1,-1,-1,1,-1,-1,10,-1,1,1,3,-1,-1,-1,0,0,1,0,0,10,1,0,0,19.62
1,0,0,0,-1,0,1,4,0,0,0,0,0,1,0,2,0,2,1,0,2,5,0,-1,100,0,9223372036800000000,2,0,10,0,0,7,0,0,1,0,0,0,1,2,2,0,0,2,0,2,0,1,-1,-1,1,-1,-1,10,-1,1,1,3,-1,-1,-1,0,0,1,0,0,10,1,0,0,18.98
1,0,0,0,-1,0,1,4,0,0,0,0,0,1,0,2,0,2,1,0,2,5,0,-1,100,0,9223372036800000000,60,0,10,0,0,7,0,0,1,0,0,0,1,2,2,0,0,2,0,2,0,1,-1,-1,1,-1,-1,10,-1,1,1,3,-1,-1,-1,0,0,1,0,0,10,1,0,0,18.98
1,0,0,0,-1,0,1,3,0,0,0,0,1,1,-1,-1,0,0,-1,0,1,3,0,8,200,0,9223372036800000000,1,0,10,0,0,7,0,0,1,0,0,1,1,0,2,0,0,0,1,2,0,1,-1,-1,-1,-1,0,10,-1,1,1,3,-1,-1,-1,0,0,1,0,0,10,0,0,0,23.42
1,0,0,0,-1,0,1,5,0,0,0,0,2,1,1,0,2,-1,1,1,-1,10,0,16,200,0,9223372036800000000,20,0,10,0,0,7,0,0,1,0,0,0,1,0,3,0,0,2,2,2,0,1,-1,1,-1,-1,0,10,-1,1,1,3,-1,-1,-1,0,0,1,0,0,10,1,0,0,21.57
1,0,0,0,-1,0,1,4,0,0,0,0,0,1,1,2,0,2,1,0,2,5,0,-1,800,0,9223372036800000000,120,0,10,0,0,7,0,0,1,0,0,1,1,2,2,0,0,2,0,2,0,1,-1,-1,1,-1,-1,10,-1,1,1,3,-1,-1,-1,0,0,1,0,0,10,1,0,0,16.45
1,0,0,0,-1,0,1,4,0,0,0,0,0,1,0,2,0,2,1,0,2,5,0,-1,800,0,9223372036800000000,120,0,10,0,0,7,0,0,1,0,0,1,1,2,2,0,0,0,0,2,0,1,-1,-1,1,-1,-1,10,-1,1,1,3,-1,-1,-1,0,0,1,0,0,10,1,0,0,16.41
1,0,0,0,-1,0,1,4,0,0,0,0,0,1,0,2,0,2,2,0,2,5,0,-1,200,0,9223372036800000000,120,0,10,0,0,7,0,0,1,0,0,1,1,2,2,0,0,2,0,2,0,1,-1,-1,1,-1,-1,10,-1,1,1,3,-1,-1,-1,0,0,1,0,0,10,1,0,0,15.31
1,0,0,0,-1,0,1,4,0,0,0,0,2,1,0,2,0,2,2,0,2,5,0,-1,150,0,9223372036800000000,120,0,10,0,0,7,0,0,1,0,0,1,1,2,2,0,0,2,0,2,0,1,-1,-1,1,-1,-1,10,-1,1,1,3,-1,-1,-1,0,0,1,0,0,10,1,0,0,15.24
1,0,0,0,-1,0,1,0,0,0,0,0,-1,3,2,1,2,-1,1,0,2,2,0,8,200,0,9223372036800000000,20,0,10,0,0,7,0,0,1,0,0,1,1,3,1,0,0,0,-1,2,0,1,-1,1,1,-1,1,10,-1,1,1,3,-1,-1,-1,0,0,1,0,0,10,1,0,0,22.09
1,0,0,0,-1,0,1,0,0,0,0,0,-1,3,2,1,2,-1,1,0,2,2,0,8,200,0,9223372036800000000,40,0,10,0,0,7,0,0,1,0,0,1,1,3,1,0,0,0,-1,2,0,1,-1,1,2,-1,1,10,-1,1,1,3,-1,-1,-1,0,0,1,0,0,10,1,0,0,22.3
1,0,0,0,-1,0,1,0,0,0,0,0,-1,3,2,1,2,-1,1,0,2,2,0,8,200,0,9223372036800000000,5,0,10,0,0,7,0,0,1,0,0,1,1,3,1,0,0,0,-1,2,0,1,-1,1,1,-1,1,10,-1,1,1,3,-1,-1,-1,0,0,1,0,0,10,1,0,0,22.3
1,0,0,0,-1,0,1,0,0,0,0,0,-1,3,2,1,2,-1,1,0,2,2,0,8,200,0,9223372036800000000,40,0,10,0,0,7,0,0,1,0,0,1,1,0,1,0,0,0,-1,2,0,1,-1,1,1,-1,1,10,-1,1,1,3,-1,-1,-1,0,0,1,0,0,10,1,0,0,22.19
1,0,0,0,-1,0,1,0,0,0,0,0,-1,0,-1,2,0,1,0,0,1,3,0,-1,25,0,9223372036800000000,1e+75,0,10,0,0,7,0,0,1,0,0,1,1,0,0,0,0,0,0,2,0,1,-1,-1,-1,-1,0,10,-1,1,1,3,-1,-1,-1,0,0,1,0,0,10,0,0,0,14.41
1,0,0,0,-1,0,1,0,0,0,0,0,-1,3,2,1,2,-1,1,0,2,2,0,8,200,0,9223372036800000000,40,0,10,0,0,7,0,0,1,0,0,1,1,3,1,0,0,3,-1,2,0,1,-1,1,1,-1,1,10,-1,1,1,3,-1,-1,-1,0,0,1,0,0,10,1,0,0,23.85
1,0,0,0,-1,0,1,0,0,0,0,0,2,3,3,-1,1,2,-1,2,1,5,0,16,400,0,9223372036800000000,120,0,10,0,0,7,0,0,1,0,0,0,1,2,0,0,0,1,4,2,0,1,-1,0,-1,-1,-1,10,-1,1,1,3,-1,-1,-1,0,0,1,0,0,10,-1,0,0,22.91
1,0,0,0,-1,0,1,4,0,0,0,0,0,2,3,1,0,-1,2,0,1,3,0,2,25,0,9223372036800000000,40,0,10,0,0,7,0,0,1,0,0,1,1,-1,1,0,0,0,4,2,0,1,-1,-1,-1,-1,-1,10,-1,1,1,3,-1,-1,-1,0,0,1,0,0,10,0,0,0,20.61
1,0,0,0,-1,0,1,0,0,0,0,0,-1,1,2,1,2,-1,1,0,2,2,0,8,200,0,9223372036800000000,40,0,10,0,0,7,0,0,1,0,0,0,1,3,1,0,0,0,-1,2,0,1,-1,1,1,-1,1,10,-1,1,1,3,-1,-1,-1,0,0,1,0,0,10,1,0,0,22.72
1,0,0,0,-1,0,1,0,0,0,0,0,-1,1,1,1,2,-1,1,0,2,2,0,8,200,0,9223372036800000000,40,0,10,0,0,7,0,0,1,0,0,1,1,3,1,0,0,0,-1,2,0,1,-1,1,1,-1,1,10,-1,1,1,3,-1,-1,-1,0,0,1,0,0,10,1,0,0,21.94
1,0,0,0,-1,0,1,0,0,0,0,0,1,1,2,1,2,-1,1,0,2,2,0,8,200,0,9223372036800000000,40,0,10,0,0,7,0,0,1,0,0,1,1,3,1,0,0,0,-1,2,0,1,-1,1,1,-1,1,10,-1,1,1,3,-1,-1,-1,0,0,1,0,0,10,1,0,0,21.94
1,0,0,0,-1,0,1,0,0,0,0,0,-1,1,2,1,2,-1,1,0,1,2,0,8,200,0,9223372036800000000,40,0,10,0,0,7,0,0,1,0,0,1,1,3,1,0,0,0,-1,2,0,1,-1,1,1,-1,1,10,-1,1,1,3,-1,-1,-1,0,0,1,0,0,10,1,0,0,22.53
1,0,0,0,-1,0,1,0,0,0,0,0,-1,-1,2,1,2,-1,1,0,2,2,0,8,200,0,9223372036800000000,40,0,10,0,0,7,0,0,1,0,0,1,1,3,1,0,0,0,2,2,0,1,-1,1,1,-1,1,10,-1,1,1,3,-1,-1,-1,0,0,1,0,0,10,1,0,0,17.77
1,0,0,0,-1,0,1,2,0,0,0,0,3,0,1,1,-1,0,-1,0,2,3,0,8,10,0,9223372036800000000,1e+75,0,10,0,0,7,0,0,1,0,0,1,0,0,1,0,0,0,0,2,0,1,-1,-1,-1,-1,0,10,-1,1,1,3,-1,-1,-1,0,0,1,0,0,10,0,0,0,12.46
1,0,0,0,-1,0,1,0,0,0,0,0,-1,1,2,1,2,-1,1,0,2,2,0,8,200,0,9223372036800000000,1,0,10,0,0,7,0,0,1,0,0,1,1,3,1,0,0,0,2,2,0,1,-1,1,1,-1,1,10,-1,1,1,3,-1,-1,-1,0,0,1,0,0,10,1,0,0,17.01
1,0,0,0,-1,0,1,3,0,0,0,0,1,1,-1,-1,0,1,-1,0,1,3,0,4,200,0,9223372036800000000,50,0,10,0,0,7,0,0,1,0,0,1,1,0,-1,0,0,0,1,2,0,1,-1,-1,-1,-1,0,10,-1,1,1,3,-1,-1,-1,0,0,1,0,0,10,0,0,0,25.94
1,0,0,0,-1,0,1,0,0,0,0,0,0,0,3,0,1,0,2,-1,-1,3,0,-1,25,0,9223372036800000000,1e+75,0,10,0,0,7,0,0,1,0,0,1,1,0,0,0,0,0,0,2,0,1,-1,-1,-1,-1,0,10,-1,1,1,3,-1,-1,-1,0,0,1,0,0,10,0,0,0,18.05
1,0,0,0,-1,0,1,0,0,0,0,0,0,0,0,0,-1,0,0,0,1,3,0,-1,150,0,9223372036800000000,1e+75,0,10,0,0,7,0,0,1,0,0,1,1,0,0,0,0,0,0,2,0,1,-1,-1,-1,-1,0,10,-1,1,1,3,-1,-1,-1,0,0,1,0,0,10,0,0,0,13.19
1,0,0,0,-1,0,1,0,0,0,0,0,-1,1,2,1,2,-1,1,0,2,2,0,8,200,0,9223372036800000000,1e+75,0,10,0,0,7,0,0,1,0,0,1,1,3,1,0,0,0,2,2,0,1,-1,1,1,-1,1,10,-1,1,1,3,-1,-1,-1,0,0,1,0,0,10,1,0,0,17.06
1,0,0,0,-1,0,1,1,0,0,0,0,3,3,3,2,0,1,-1,-1,-1,2,0,16,800,0,9223372036800000000,5,0,10,0,0,7,0,0,1,0,0,1,1,3,-1,0,0,3,1,2,0,1,-1,0,2,-1,1,10,-1,1,1,3,-1,-1,-1,0,0,1,0,0,10,2,0,0,25.62
1,0,0,0,-1,0,1,0,0,0,0,0,-1,2,-1,0,0,-1,2,-1,-1,3,0,8,25,0,9223372036800000000,1e+75,0,10,0,0,7,0,0,1,0,0,2,1,0,2,0,0,0,4,2,0,1,-1,-1,-1,-1,0,10,-1,1,1,3,-1,-1,-1,0,0,1,0,0,10,0,0,0,23.49
1,0,0,0,-1,0,1,0,0,0,0,0,-1,1,2,1,2,-1,1,0,2,2,0,8,200,0,9223372036800000000,40,0,10,0,0,7,0,0,1,0,0,1,1,3,-1,0,0,0,2,2,0,1,-1,1,1,-1,-1,10,-1,1,1,3,-1,-1,-1,0,0,1,0,0,10,1,0,0,16.5
1,0,0,0,-1,0,1,3,0,0,0,0,-1,0,-1,2,0,2,-1,-1,-1,10,0,16,400,0,9223372036800000000,240,0,10,0,0,7,0,0,1,0,0,2,1,0,3,0,0,2,4,2,0,1,-1,1,0,-1,1,10,-1,1,1,3,-1,-1,-1,0,0,1,0,0,10,-1,0,0,22.04
1,0,0,0,-1,0,1,0,0,0,0,0,-1,1,2,1,2,-1,1,0,0,10,0,8,200,0,9223372036800000000,2,0,10,0,0,7,0,0,1,0,0,1,1,3,-1,0,0,0,2,2,0,1,-1,1,1,-1,-1,10,-1,1,1,3,-1,-1,-1,0,0,1,0,0,10,1,0,0,16.42
1,0,0,0,-1,0,1,5,0,0,0,0,0,0,3,0,2,-1,0,-1,1,3,0,-1,150,0,9223372036800000000,1e+75,0,10,0,0,7,0,0,1,0,0,1,1,0,0,0,0,0,0,2,0,1,-1,-1,-1,-1,0,10,-1,1,1,3,-1,-1,-1,0,0,1,0,0,10,0,0,0,21.04
1,0,0,0,-1,0,1,0,0,0,0,0,-1,1,2,1,2,-1,1,0,0,2,0,8,200,0,9223372036800000000,2,0,10,0,0,7,0,0,1,0,0,1,1,3,-1,0,0,0,1,2,0,1,-1,1,1,-1,-1,10,-1,1,1,3,-1,-1,-1,0,0,1,0,0,10,1,0,0,21.73
1,0,0,0,-1,0,1,0,0,0,0,0,-1,1,2,-1,2,-1,1,0,0,2,0,8,200,0,9223372036800000000,2,0,10,0,0,7,0,0,1,0,0,1,1,3,-1,0,0,0,2,2,0,1,-1,1,1,-1,-1,10,-1,1,1,3,-1,-1,-1,0,0,1,0,0,10,1,0,0,18.57
1,0,0,0,-1,0,1,2,0,0,0,0,2,-1,-1,-1,1,1,-1,2,-1,3,0,16,200,0,9223372036800000000,60,0,10,0,0,7,0,0,1,0,0,1,1,0,3,0,0,0,-1,2,0,1,-1,-1,1,-1,-1,10,-1,1,1,3,-1,-1,-1,0,0,1,0,0,10,3,0,0,25.5
1,0,0,0,-1,0,1,3,0,0,0,0,1,3,-1,-1,-1,-1,-1,2,2,5,0,8,800,0,9223372036800000000,20,0,10,0,0,7,0,0,1,0,0,1,1,1,3,0,0,5,-1,2,0,1,-1,0,2,-1,1,10,-1,1,1,3,-1,-1,-1,0,0,1,0,0,10,-1,0,0,27.08
1,0,0,0,-1,0,1,3,0,0,0,0,1,3,-1,-1,-1,-1,-1,2,2,1,0,8,800,0,9223372036800000000,20,0,10,0,0,7,0,0,1,0,0,1,1,1,3,0,0,5,-1,2,0,1,-1,0,2,-1,1,10,-1,1,1,3,-1,-1,-1,0,0,1,0,0,10,-1,0,0,34.95
1,0,0,0,-1,0,1,3,0,0,0,0,1,3,-1,-1,-1,-1,-1,2,2,5,0,8,800,0,9223372036800000000,2,0,10,0,0,7,0,0,1,0,0,1,1,1,3,0,0,5,-1,2,0,1,-1,0,2,-1,1,10,-1,1,1,3,-1,-1,-1,0,0,1,0,0,10,-1,0,0,27.08
1,0,0,0,-1,0,1,3,0,0,0,0,1,3,-1,-1,-1,-1,-1,2,2,5,0,4,800,0,9223372036800000000,20,0,10,0,0,7,0,0,1,0,0,1,1,1,3,0,0,5,-1,2,0,1,-1,0,2,-1,1,10,-1,1,1,3,-1,-1,-1,0,0,1,0,0,10,-1,0,0,30.99
1,0,0,0,-1,0,1,5,0,0,0,0,3,3,0,1,2,-1,2,1,0,3,0,8,50,0,9223372036800000000,240,0,10,0,0,7,0,0,1,0,0,3,1,3,-1,0,0,0,0,2,0,1,-1,-1,-1,-1,1,10,-1,1,1,3,-1,-1,-1,0,0,1,0,0,10,0,0,0,22.37
1,0,0,0,-1,0,1,0,0,0,0,0,-1,2,-1,0,0,-1,1,2,-1,3,0,8,25,0,9223372036800000000,1e+75,0,10,0,0,7,0,0,1,0,0,1,1,0,2,0,0,0,4,2,0,1,-1,-1,-1,-1,0,10,-1,1,1,3,-1,-1,-1,0,0,1,0,0,10,0,0,0,19.71
1,0,0,0,-1,0,1,3,0,0,0,0,1,0,1,1,-1,0,1,0,0,3,0,-1,800,0,9223372036800000000,1e+75,0,10,0,0,7,0,0,1,0,0,1,1,0,0,0,0,0,0,2,0,1,-1,-1,-1,-1,0,10,-1,1,1,3,-1,-1,-1,0,0,1,0,0,10,0,0,0,18.53
1,0,0,0,-1,0,1,5,0,0,0,0,1,3,-1,-1,-1,-1,-1,2,2,5,0,8,800,0,9223372036800000000,20,0,10,0,0,7,0,0,1,0,0,1,1,1,3,0,0,5,-1,2,0,1,-1,0,2,-1,1,10,-1,1,1,3,-1,-1,-1,0,0,1,0,0,10,-1,0,0,27.29
1,0,0,0,-1,0,1,3,0,0,0,0,1,3,-1,-1,-1,-1,-1,2,2,5,0,8,800,0,9223372036800000000,20,0,10,0,0,7,0,0,1,0,0,1,1,1,3,0,0,2,-1,2,0,1,-1,0,2,-1,1,10,-1,1,1,3,-1,-1,-1,0,0,1,0,0,10,-1,0,0,26.43
1,0,0,0,-1,0,1,5,0,0,0,0,2,0,3,1,1,-1,1,-1,-1,3,0,4,50,0,9223372036800000000,40,0,10,0,0,7,0,0,1,0,0,2,1,1,3,0,0,0,-1,2,0,1,-1,-1,-1,-1,-1,10,-1,1,1,3,-1,-1,-1,0,0,1,0,0,10,0,0,0,25.4
1,0,0,0,-1,0,1,3,0,0,0,0,1,3,-1,-1,-1,-1,-1,2,2,5,0,8,800,0,9223372036800000000,20,0,10,0,0,7,0,0,1,0,0,1,1,1,3,0,0,2,-1,2,0,1,-1,0,2,-1,0,10,-1,1,1,3,-1,-1,-1,0,0,1,0,0,10,-1,0,0,25.12
1,0,0,0,-1,0,1,0,0,0,0,0,1,3,-1,-1,-1,-1,-1,2,2,5,0,8,800,0,9223372036800000000,20,0,10,0,0,7,0,0,1,0,0,1,1,-1,3,0,0,2,-1,2,0,1,-1,0,2,-1,0,10,-1,1,1,3,-1,-1,-1,0,0,1,0,0,10,-1,0,0,23.87
1,0,0,0,-1,0,1,0,0,0,0,0,1,3,-1,-1,-1,-1,-1,2,2,5,0,8,800,0,9223372036800000000,20,0,10,0,0,7,0,0,1,0,0,1,1,1,2,0,0,2,-1,2,0,1,-1,0,-1,-1,0,10,-1,1,1,3,-1,-1,-1,0,0,1,0,0,10,-1,0,0,22.93
1,0,0,0,-1,0,1,0,0,0,0,0,1,3,-1,-1,-1,-1,-1,2,0,5,0,8,800,0,9223372036800000000,120,0,10,0,0,7,0,0,1,0,0,1,1,1,2,0,0,2,-1,2,0,1,-1,0,2,-1,0,10,-1,1,1,3,-1,-1,-1,0,0,1,0,0,10,-1,0,0,22.81
1,0,0,0,-1,0,1,0,0,0,0,0,1,3,-1,-1,-1,-1,-1,2,0,5,0,8,800,0,9223372036800000000,20,0,10,0,0,7,0,0,1,0,0,1,1,1,2,0,0,2,-1,2,0,1,-1,-1,2,-1,0,10,-1,1,1,3,-1,-1,-1,0,0,1,0,0,10,-1,0,0,22.95
1,0,0,0,-1,0,1,3,0,0,0,0,3,3,3,1,2,2,2,0,-1,3,0,8,200,0,9223372036800000000,30,0,10,0,0,7,0,0,1,0,0,1,1,0,-1,0,0,0,4,2,0,1,-1,-1,-1,-1,0,10,-1,1,1,3,-1,-1,-1,0,0,1,0,0,10,0,0,0,18.69
1,0,0,0,-1,0,1,0,0,0,0,0,1,3,-1,-1,-1,-1,1,2,0,5,0,8,800,0,9223372036800000000,20,0,10,0,0,7,0,0,1,0,0,1,1,1,1,0,0,2,-1,2,0,1,-1,0,2,-1,0,10,-1,1,1,3,-1,-1,-1,0,0,1,0,0,10,-1,0,0,22.4
1,0,0,0,-1,0,1,3,0,0,0,0,1,0,0,0,0,0,-1,-1,1,3,0,-1,25,0,9223372036800000000,1e+75,0,10,0,0,7,0,0,1,0,0,1,1,0,0,0,0,0,0,2,0,1,-1,-1,-1,-1,0,10,-1,1,1,3,-1,-1,-1,0,0,1,0,0,10,0,0,0,16.71
1,0,0,0,-1,0,1,4,0,0,0,0,0,-1,3,2,0,1,-1,-1,-1,5,0,16,400,0,9223372036800000000,60,0,10,0,0,7,0,0,1,0,0,1,1,2,2,0,0,3,2,2,0,1,-1,-1,3,-1,1,10,-1,1,1,3,-1,-1,-1,0,0,1,0,0,10,1,0,0,25.49
1,0,0,0,-1,0,1,4,0,0,0,0,0,-1,3,2,0,1,-1,-1,-1,10,0,16,400,0,9223372036800000000,60,0,10,0,0,7,0,0,1,0,0,1,1,0,2,0,0,3,2,2,0,1,-1,-1,3,-1,1,10,-1,1,1,3,-1,-1,-1,0,0,1,0,0,10,1,0,0,24.44
1,0,0,0,-1,0,1,4,0,0,0,0,0,-1,3,2,0,1,-1,-1,-1,10,0,16,400,0,9223372036800000000,60,0,10,0,0,7,0,0,1,0,0,3,1,0,2,0,0,3,2,2,0,1,-1,-1,3,-1,1,10,-1,1,1,3,-1,-1,-1,0,0,1,0,0,10,1,0,0,25.18
1,0,0,0,-1,0,1,4,0,0,0,0,0,-1,3,2,0,1,-1,-1,-1,10,0,8,400,0,9223372036800000000,60,0,10,0,0,7,0,0,1,0,0,1,1,0,2,0,0,3,2,2,0,1,-1,-1,3,-1,1,10,-1,1,1,3,-1,-1,-1,0,0,1,0,0,10,1,0,0,24.44
1,0,0,0,-1,0,1,4,0,0,0,0,0,-1,3,2,0,1,-1,-1,-1,10,0,16,400,0,9223372036800000000,60,0,10,0,0,7,0,0,1,0,0,1,1,-1,2,0,0,3,2,2,0,1,-1,-1,3,-1,1,10,-1,1,1,3,-1,-1,-1,0,0,1,0,0,10,1,0,0,24.26
1,0,0,0,-1,0,1,4,0,0,0,0,0,-1,3,2,0,1,-1,-1,-1,10,0,16,400,0,9223372036800000000,60,0,10,0,0,7,0,0,1,0,0,1,1,-1,2,0,0,3,2,2,0,1,-1,-1,3,-1,-1,10,-1,1,1,3,-1,-1,-1,0,0,1,0,0,10,1,0,0,26.25
1,0,0,0,-1,0,1,3,0,0,0,0,-1,0,1,0,1,-1,-1,2,0,3,0,-1,50,0,9223372036800000000,1e+75,0,10,0,0,7,0,0,1,0,0,1,1,0,0,0,0,0,0,2,0,1,-1,-1,-1,-1,0,10,-1,1,1,3,-1,-1,-1,0,0,1,0,0,10,0,0,0,16.87
1,0,0,0,-1,0,1,5,0,0,0,0,0,-1,3,2,2,1,-1,-1,-1,10,0,16,400,0,9223372036800000000,60,0,10,0,0,7,0,0,1,0,0,1,1,-1,2,0,0,3,2,2,0,1,-1,-1,3,-1,1,10,-1,1,1,3,-1,-1,-1,0,0,1,0,0,10,1,0,0,24.03
1,0,0,0,-1,0,1,5,0,0,0,0,0,-1,3,2,0,1,-1,-1,-1,10,0,16,400,0,9223372036800000000,60,0,10,0,0,7,0,0,1,0,0,1,1,-1,2,0,0,2,2,2,0,1,-1,-1,3,-1,1,10,-1,1,1,3,-1,-1,-1,0,0,1,0,0,10,1,0,0,23.81
1,0,0,0,-1,0,1,3,0,0,0,0,3,3,-1,1,2,0,-1,0,-1,3,0,8,200,0,9223372036800000000,30,0,10,0,0,7,0,0,1,0,0,1,1,0,-1,0,0,0,4,2,0,1,-1,-1,-1,-1,0,10,-1,1,1,3,-1,-1,-1,0,0,1,0,0,10,0,0,0,19.27
1,0,0,0,-1,0,1,5,0,0,0,0,0,-1,3,2,1,1,-1,-1,-1,10,0,16,400,0,9223372036800000000,60,0,10,0,0,7,0,0,1,0,0,1,1,-1,2,0,0,2,2,2,0,1,-1,-1,3,-1,1,10,-1,1,1,3,-1,-1,-1,0,0,1,0,0,10,1,0,0,23.81
1,0,0,0,-1,0,1,5,0,0,0,0,0,-1,3,2,0,1,-1,-1,-1,10,0,16,400,0,9223372036800000000,30,0,10,0,0,7,0,0,1,0,0,1,1,-1,2,0,0,2,2,2,0,1,-1,-1,3,-1,1,10,-1,1,1,3,-1,-1,-1,0,0,1,0,0,10,1,0,0,23.81
1,0,0,0,-1,0,1,2,0,0,0,0,-1,3,2,0,0,0,0,0,0,3,0,16,200,0,9223372036800000000,1,0,10,0,0,7,0,0,1,0,0,3,1,0,2,0,0,0,-1,2,0,1,-1,-1,-1,-1,-1,10,-1,1,1,3,-1,-1,-1,0,0,1,0,0,10,0,0,0,21.88
1,0,0,0,-1,0,1,5,0,0,0,0,1,1,0,-1,-1,2,0,0,0,0,0,1,100,0,9223372036800000000,120,0,10,0,0,7,0,0,1,0,0,1,1,0,1,0,0,2,1,2,0,1,-1,0,-1,-1,-1,10,-1,1,1,3,-1,-1,-1,0,0,1,0,0,10,-1,0,0,51.77
1,0,0,0,-1,0,1,0,0,0,0,0,1,0,0,2,0,1,1,-1,2,3,0,8,100,0,9223372036800000000,30,0,10,0,0,7,0,0,1,0,0,1,1,0,-1,0,0,0,3,2,0,1,-1,-1,-1,-1,0,10,-1,1,1,3,-1,-1,-1,0,0,1,0,0,10,0,0,0,18.19
1,0,0,0,-1,0,1,5,0,0,0,0,1,1,3,-1,-1,2,0,0,0,0,0,1,100,0,9223372036800000000,120,0,10,0,0,7,0,0,1,0,0,1,1,0,1,0,0,2,1,2,0,1,-1,0,1,-1,-1,10,-1,1,1,3,-1,-1,-1,0,0,1,0,0,10,2,0,0,51.77
1,0,0,0,-1,0,1,3,0,0,0,0,3,0,2,0,-1,0,2,2,0,0,0,16,150,0,9223372036800000000,120,0,10,0,0,7,0,0,1,0,0,2,1,2,3,0,0,3,2,2,0,1,-1,0,1,-1,0,10,-1,1,1,3,-1,-1,-1,0,0,1,0,0,10,3,0,0,28.05
1,0,0,0,-1,0,1,5,0,0,0,0,1,1,3,-1,-1,2,0,0,0,0,0,16,100,0,9223372036800000000,0,0,10,0,0,7,0,0,1,0,0,1,1,0,1,0,0,0,1,2,0,1,-1,0,1,-1,-1,10,-1,1,1,3,-1,-1,-1,0,0,1,0,0,10,-1,0,0,26.67
1,0,0,0,-1,0,1,5,0,0,0,0,1,1,3,-1,-1,2,0,0,0,0,0,16,100,0,9223372036800000000,0,0,10,0,0,7,0,0,1,0,0,1,1,0,1,0,0,2,1,2,0,1,-1,0,1,-1,1,10,-1,1,1,3,-1,-1,-1,0,0,1,0,0,10,-1,0,0,28.18
1,0,0,0,-1,0,1,5,0,0,0,0,1,1,3,-1,-1,-1,0,0,0,0,0,16,100,0,9223372036800000000,0,0,10,0,0,7,0,0,1,0,0,1,1,0,1,0,0,2,1,2,0,1,-1,0,1,-1,-1,10,-1,1,1,3,-1,-1,-1,0,0,1,0,0,10,-1,0,0,27.44
1,0,0,0,-1,0,1,5,0,0,0,0,1,1,3,-1,-1,2,2,0,0,0,0,16,25,0,9223372036800000000,0,0,10,0,0,7,0,0,1,0,0,1,1,0,1,0,0,2,1,2,0,1,-1,0,1,-1,-1,10,-1,1,1,3,-1,-1,-1,0,0,1,0,0,10,-1,0,0,25.82
1,0,0,0,-1,0,1,4,0,0,0,0,-1,0,3,-1,1,0,2,-1,2,3,0,-1,400,0,9223372036800000000,1e+75,0,10,0,0,7,0,0,1,0,0,1,1,0,0,0,0,0,0,2,0,1,-1,-1,-1,-1,0,10,-1,1,1,3,-1,-1,-1,0,0,1,0,0,10,0,0,0,28.48
1,0,0,0,-1,0,1,0,0,0,0,0,2,1,0,2,1,0,0,1,0,10,0,16,100,0,9223372036800000000,1e+75,0,10,0,0,7,0,0,1,0,0,0,1,0,3,0,0,1,0,2,0,1,-1,-1,1,-1,0,10,-1,1,1,3,-1,-1,-1,0,0,1,0,0,10,-1,0,0,20.92
1,0,0,0,-1,0,1,5,0,0,0,0,1,3,3,-1,-1,2,0,0,0,0,0,16,25,0,9223372036800000000,0,0,10,0,0,7,0,0,1,0,0,1,1,0,1,0,0,2,1,2,0,1,-1,0,1,-1,-1,10,-1,1,1,3,-1,-1,-1,0,0,1,0,0,10,-1,0,0,25.79
1,0,0,0,-1,0,1,5,0,0,0,0,1,1,3,-1,-1,2,0,0,0,0,0,16,25,0,9223372036800000000,0,0,10,0,0,7,0,0,1,0,0,0,1,0,1,0,0,2,1,2,0,1,-1,0,1,-1,-1,10,-1,1,1,3,-1,-1,-1,0,0,1,0,0,10,-1,0,0,28.38
1,0,0,0,-1,0,1,2,0,0,0,0,3,0,1,1,-1,0,-1,0,2,3,0,-1,10,0,9223372036800000000,30,0,10,0,0,7,0,0,1,0,0,1,1,0,1,0,0,0,0,2,0,1,-1,-1,-1,-1,0,10,-1,1,1,3,-1,-1,-1,0,0,1,0,0,10,0,0,0,12.45
1,0,0,0,-1,0,1,2,0,0,0,0,1,0,-1,0,0,1,0,0,1,3,0,-1,25,0,9223372036800000000,1e+75,0,10,0,0,7,0,0,1,0,0,1,1,0,0,0,0,0,0,2,0,1,-1,-1,-1,-1,0,10,-1,1,1,3,-1,-1,-1,0,0,1,0,0,10,0,0,0,14.31
1,0,0,0,-1,0,1,5,0,0,0,0,1,1,3,-1,-1,2,0,0,0,0,0,16,25,0,9223372036800000000,0,0,10,0,0,7,0,0,1,0,0,1,1,0,1,0,0,2,1,2,0,1,-1,0,1,-1,-1,10,-1,1,1,3,-1,-1,-1,0,0,1,0,0,10,3,0,0,25.8
1,0,0,0,-1,0,1,0,0,0,0,0,2,1,0,2,-1,0,0,1,0,10,0,16,100,0,9223372036800000000,1e+75,0,10,0,0,7,0,0,1,0,0,3,1,0,3,0,0,1,0,2,0,1,-1,-1,1,-1,0,10,-1,1,1,3,-1,-1,-1,0,0,1,0,0,10,-1,0,0,21.93
1,0,0,0,-1,0,1,0,0,0,0,0,2,1,0,2,-1,0,0,1,0,10,0,16,25,0,9223372036800000000,1e+75,0,10,0,0,7,0,0,1,0,0,0,1,0,3,0,0,1,0,2,0,1,-1,-1,1,-1,0,10,-1,1,1,3,-1,-1,-1,0,0,1,0,0,10,-1,0,0,23.97
1,0,0,0,-1,0,1,0,0,0,0,0,2,1,0,2,-1,0,0,1,0,10,0,16,100,0,9223372036800000000,5,0,10,0,0,7,0,0,1,0,0,0,1,0,3,0,0,1,0,2,0,1,-1,-1,1,-1,0,10,-1,1,1,3,-1,-1,-1,0,0,1,0,0,10,-1,0,0,21.06
1,0,0,0,-1,0,1,0,0,0,0,0,2,1,0,2,-1,0,0,1,0,10,0,16,100,0,9223372036800000000,1e+75,0,10,0,0,7,0,0,1,0,0,0,1,0,3,0,0,1,0,2,0,1,-1,-1,1,-1,1,10,-1,1,1,3,-1,-1,-1,0,0,1,0,0,10,0,0,0,20.7
1,0,0,0,-1,0,1,5,0,0,0,0,2,1,0,2,-1,0,0,1,0,10,0,16,100,0,9223372036800000000,1e+75,0,10,0,0,7,0,0,1,0,0,0,1,0,3,0,0,1,0,2,0,1,-1,-1,1,-1,0,10,-1,1,1,3,-1,-1,-1,0,0,1,0,0,10,0,0,0,23.03
1,0,0,0,-1,0,1,5,0,0,0,0,2,1,0,2,-1,0,0,1,0,10,0,-1,100,0,9223372036800000000,1e+75,0,10,0,0,7,0,0,1,0,0,0,1,0,3,0,0,1,0,2,0,1,-1,-1,1,-1,0,10,-1,1,1,3,-1,-1,-1,0,0,1,0,0,10,0,0,0,23
1,0,0,0,-1,0,1,0,0,0,0,0,2,1,0,2,-1,0,0,1,0,10,0,-1,100,0,9223372036800000000,1e+75,0,10,0,0,7,0,0,1,0,0,0,1,0,3,0,0,1,3,2,0,1,-1,-1,1,-1,0,10,-1,1,1,3,-1,-1,-1,0,0,1,0,0,10,0,0,0,21.15
1,0,0,0,-1,0,1,0,0,0,0,0,2,-1,-1,1,0,2,2,0,0,3,0,-1,800,0,9223372036800000000,30,0,10,0,0,7,0,0,1,0,0,1,1,3,2,0,0,2,3,2,0,1,-1,-1,-1,-1,-1,10,-1,1,1,3,-1,-1,-1,0,0,1,0,0,10,0,0,0,18.13
1,0,0,0,-1,0,1,0,0,0,0,0,2,1,0,2,-1,0,0,1,0,10,0,-1,100,0,9223372036800000000,1e+75,0,10,0,0,7,0,0,1,0,0,0,1,0,3,0,0,1,2,2,0,1,-1,-1,1,-1,0,10,-1,1,1,3,-1,-1,-1,0,0,1,0,0,10,0,0,0,20.07
1,0,0,0,-1,0,1,1,0,0,0,0,3,0,1,1,-1,0,-1,0,2,3,0,-1,10,0,9223372036800000000,1e+75,0,10,0,0,7,0,0,1,0,0,1,1,0,0,0,0,0,0,2,0,1,-1,-1,-1,-1,0,10,-1,1,1,3,-1,-1,-1,0,0,1,0,0,10,0,0,0,22.9
1,0,0,0,-1,0,1,0,0,0,0,0,2,1,0,2,-1,0,0,1,0,10,0,-1,50,0,9223372036800000000,1e+75,0,10,0,0,7,0,0,1,0,0,0,1,0,3,0,0,1,0,2,0,1,-1,-1,1,-1,0,10,-1,1,1,3,-1,-1,-1,0,0,1,0,0,10,0,0,0,22.49
1,0,0,0,-1,0,1,0,0,0,0,0,1,1,-1,-1,0,0,-1,0,1,3,0,-1,200,0,9223372036800000000,50,0,10,0,0,7,0,0,1,0,0,2,1,0,2,0,0,0,-1,2,0,1,-1,-1,-1,-1,0,10,-1,1,1,3,-1,-1,-1,0,0,1,0,0,10,0,0,0,22.68
1,0,0,0,-1,0,1,2,0,0,0,0,-1,0,-1,-1,0,1,0,0,1,3,0,-1,25,0,9223372036800000000,1e+75,0,10,0,0,7,0,0,1,0,0,1,1,0,0,0,0,0,0,2,0,1,-1,-1,-1,-1,0,10,-1,1,1,3,-1,-1,-1,0,0,1,0,0,10,0,0,0,15.29
1,0,0,0,-1,0,1,0,0,0,0,0,2,1,0,2,-1,0,0,1,0,10,0,-1,100,0,9223372036800000000,1e+75,0,10,0,0,7,0,0,1,0,0,0,1,0,3,0,0,1,0,2,0,1,-1,-1,-1,-1,0,10,-1,1,1,3,-1,-1,-1,0,0,1,0,0,10,0,0,0,19.94
1,0,0,0,-1,0,1,4,0,0,0,0,2,-1,3,1,0,1,2,1,1,3,0,8,150,0,9223372036800000000,10,0,10,0,0,7,0,0,1,0,0,2,1,2,2,0,0,4,4,2,0,1,-1,-1,-1,-1,0,10,-1,1,1,3,-1,-1,-1,0,0,1,0,0,10,0,0,0,24.4
1,0,0,0,-1,0,1,0,0,0,0,0,2,1,0,2,-1,0,0,1,0,10,0,-1,100,0,9223372036800000000,1e+75,0,10,0,0,7,0,0,1,0,0,0,1,0,1,0,0,1,0,2,0,1,-1,-1,1,-1,0,10,-1,1,1,3,-1,-1,-1,0,0,1,0,0,10,0,0,0,21.96
1,0,0,0,-1,0,1,2,0,0,0,0,3,0,1,1,-1,0,-1,0,2,3,0,-1,10,0,9223372036800000000,1e+75,0,10,0,0,7,0,0,1,0,0,1,1,0,2,0,0,0,0,2,0,1,-1,-1,-1,-1,0,10,-1,1,1,3,-1,-1,-1,0,0,1,0,0,10,0,0,0,15.6
1,0,0,0,-1,0,1,5,0,0,0,0,2,0,0,1,1,0,1,-1,-1,3,0,4,50,0,9223372036800000000,5,0,10,0,0,7,0,0,1,0,0,1,1,1,3,0,0,0,-1,2,0,1,-1,-1,-1,-1,-1,10,-1,1,1,3,-1,-1,-1,0,0,1,0,0,10,0,0,0,21.26
1,0,0,0,-1,0,1,0,0,0,0,0,-1,0,1,0,-1,0,2,0,0,3,0,-1,100,0,9223372036800000000,20,0,10,0,0,7,0,0,1,0,0,1,1,-1,0,0,0,0,0,2,0,1,-1,-1,-1,-1,0,10,-1,1,1,3,-1,-1,-1,0,0,1,0,0,10,0,0,0,12.88
1,0,0,0,-1,0,1,5,0,0,0,0,1,0,2,0,0,0,-1,2,0,2,0,-1,200,0,9223372036800000000,2,0,10,0,0,7,0,0,1,0,0,2,1,1,0,0,0,1,3,2,0,1,-1,0,2,-1,-1,10,-1,1,1,3,-1,-1,-1,0,0,1,0,0,10,3,0,0,23.16
1,0,0,0,-1,0,1,5,0,0,0,0,1,0,2,0,1,0,-1,2,0,2,0,-1,200,0,9223372036800000000,2,0,10,0,0,7,0,0,1,0,0,2,1,1,0,0,0,1,3,2,0,1,-1,0,2,-1,-1,10,-1,1,1,3,-1,-1,-1,0,0,1,0,0,10,3,0,0,23.16
1,0,0,0,-1,0,1,5,0,0,0,0,1,0,2,0,0,0,-1,2,0,2,0,-1,200,0,9223372036800000000,50,0,10,0,0,7,0,0,1,0,0,2,1,1,0,0,0,1,3,2,0,1,-1,0,2,-1,-1,10,-1,1,1,3,-1,-1,-1,0,0,1,0,0,10,3,0,0,23.16
1,0,0,0,-1,0,1,3,0,0,0,0,2,1,3,0,1,0,2,2,0,3,0,8,10,0,9223372036800000000,40,0,10,0,0,7,0,0,1,0,0,1,1,0,-1,0,0,0,3,2,0,1,-1,-1,-1,-1,0,10,-1,1,1,3,-1,-1,-1,0,0,1,0,0,10,0,0,0,23.35
1,0,0,0,-1,0,1,2,0,0,0,0,3,0,1,1,-1,0,-1,0,2,3,0,8,10,0,9223372036800000000,1e+75,0,10,0,0,7,0,0,1,0,0,1,1,0,1,0,1,0,0,2,0,1,-1,-1,-1,-1,0,10,-1,1,1,3,-1,-1,-1,0,0,1,0,0,10,0,0,0,14.11
1,0,0,0,-1,0,1,1,0,0,0,0,-1,3,2,0,0,2,-1,0,0,2,0,-1,150,0,9223372036800000000,1e+75,0,10,0,0,7,0,0,1,0,0,3,1,2,0,0,0,1,1,2,0,1,-1,0,0,-1,0,10,-1,1,1,3,-1,-1,-1,0,0,1,0,0,10,3,0,0,24.27
1,0,0,0,-1,0,1,2,0,0,0,0,3,0,1,1,-1,0,-1,0,2,3,0,8,10,0,9223372036800000000,1e+75,0,10,0,0,7,0,0,1,0,0,1,1,0,1,0,0,0,0,2,0,1,-1,-1,-1,-1,0,10,-1,1,1,3,-1,-1,-1,0,0,1,2,0,10,0,0,0,14.96
1,0,0,0,-1,0,1,5,0,0,0,0,1,0,3,0,0,0,-1,2,0,2,0,-1,200,0,9223372036800000000,2,0,10,0,0,7,0,0,1,0,0,2,1,1,0,0,0,1,3,2,0,1,-1,0,2,-1,-1,10,-1,1,1,3,-1,-1,-1,0,0,1,0,0,10,3,0,0,24.58
1,0,0,0,-1,0,1,1,0,0,0,0,-1,0,-1,0,0,1,1,0,1,3,0,-1,25,0,9223372036800000000,1e+75,0,10,0,0,7,0,0,1,0,0,1,1,0,0,0,0,0,0,2,0,1,-1,-1,-1,-1,0,10,-1,1,1,3,-1,-1,-1,0,0,1,0,0,10,0,0,0,22.07
1,0,0,0,-1,0,1,5,0,0,0,0,1,2,2,0,0,0,-1,2,0,2,0,-1,200,0,9223372036800000000,2,0,10,0,0,7,0,0,1,0,0,2,1,1,0,0,0,1,3,2,0,1,-1,0,2,-1,-1,10,-1,1,1,3,-1,-1,-1,0,0,1,0,0,10,3,0,0,23.16
1,0,0,0,-1,0,1,5,0,0,0,0,1,0,2,0,0,0,-1,2,0,2,0,-1,200,0,9223372036800000000,1,0,10,0,0,7,0,0,1,0,0,2,1,1,0,0,0,1,3,2,0,1,-1,0,2,-1,-1,10,-1,1,1,3,-1,-1,-1,0,0,1,0,0,10,3,0,0,23.16
1,0,0,0,-1,0,1,0,0,0,0,0,1,0,2,0,0,0,-1,2,0,2,0,-1,200,0,9223372036800000000,2,0,10,0,0,7,0,0,1,0,0,2,1,1,0,0,0,1,3,2,0,1,-1,0,2,-1,-1,10,-1,1,1,3,-1,-1,-1,0,0,1,0,0,10,3,0,0,23.82
1,0,0,0,-1,0,1,0,0,0,0,0,2,3,-1,1,2,2,-1,2,0,3,0,8,25,0,9223372036800000000,20,0,10,0,0,7,0,0,1,0,0,0,1,0,3,0,0,0,2,2,0,1,-1,-1,-1,-1,0,10,-1,1,1,3,-1,-1,-1,0,0,1,0,0,10,0,0,0,19.31
1,0,0,0,-1,0,1,1,0,0,0,0,0,0,1,0,0,-1,0,-1,1,3,0,2,50,0,9223372036800000000,30,0,10,0,0,7,0,0,1,0,0,1,1,1,0,0,0,0,3,2,0,1,-1,-1,1,-1,-1,10,-1,1,1,3,-1,-1,-1,0,0,1,0,0,10,-1,0,0,22.94
1,0,0,0,-1,0,1,5,0,0,0,0,1,0,2,0,0,0,-1,2,0,2,0,-1,200,0,9223372036800000000,2,0,10,0,0,7,0,0,1,0,0,2,1,1,0,0,0,1,3,2,0,1,-1,0,2,-1,-1,10,-1,1,1,3,-1,-1,-1,0,0,1,0,0,10,0,0,0,24.76
1,0,0,0,-1,0,1,5,0,0,0,0,1,-1,2,0,0,0,-1,2,0,2,0,-1,200,0,9223372036800000000,2,0,10,0,0,7,0,0,1,0,0,2,1,1,0,0,0,1,3,2,0,1,-1,0,2,-1,-1,10,-1,1,1,3,-1,-1,-1,0,0,1,0,0,10,3,0,0,23.16
1,0,0,0,-1,0,1,5,0,0,0,0,1,0,2,0,0,1,-1,2,0,2,0,-1,200,0,9223372036800000000,2,0,10,0,0,7,0,0,1,0,0,2,1,1,0,0,0,1,3,2,0,1,-1,0,2,-1,-1,10,-1,1,1,3,-1,-1,-1,0,0,1,0,0,10,3,0,0,23.44
1,0,0,0,-1,0,1,5,0,0,0,0,1,0,2,0,0,2,-1,2,0,5,0,-1,200,0,9223372036800000000,2,0,10,0,0,7,0,0,1,0,0,2,1,1,0,0,0,1,3,2,0,1,-1,0,2,-1,-1,10,-1,1,1,3,-1,-1,-1,0,0,1,0,0,10,3,0,0,23.35
1,0,0,0,-1,0,1,1,0,0,0,0,-1,0,-1,0,2,2,2,0,-1,1,0,16,10,0,9223372036800000000,2,0,10,0,0,7,0,0,1,0,0,0,1,3,-1,0,0,5,2,2,0,1,-1,0,1,-1,-1,10,-1,1,1,3,-1,-1,-1,0,0,1,0,0,10,1,0,0,34.8
1,0,0,0,-1,0,1,1,0,0,0,0,-1,0,-1,0,2,-1,2,0,-1,1,0,16,10,0,9223372036800000000,120,0,10,0,0,7,0,0,1,0,0,0,1,3,-1,0,0,5,2,2,0,1,-1,0,1,-1,-1,10,-1,1,1,3,-1,-1,-1,0,0,1,0,0,10,1,0,0,34.17
1,0,0,0,-1,0,1,1,0,0,0,0,-1,0,-1,0,2,-1,2,0,-1,1,0,16,10,0,9223372036800000000,5,0,10,0,0,7,0,0,1,0,0,0,1,3,-1,0,0,3,2,2,0,1,-1,0,1,-1,1,10,-1,1,1,3,-1,-1,-1,0,0,1,0,0,10,-1,0,0,29.69
1,0,0,0,-1,0,1,4,0,0,0,0,-1,2,-1,0,0,-1,1,-1,-1,3,0,8,25,0,9223372036800000000,1e+75,0,10,0,0,7,0,0,1,0,0,0,1,0,2,0,0,0,4,2,0,1,-1,-1,-1,-1,0,10,-1,1,1,3,-1,-1,-1,0,0,1,0,0,10,0,0,0,23.71
1,0,0,0,-1,0,1,1,0,0,0,0,-1,0,-1,0,2,-1,2,0,-1,5,0,16,10,0,9223372036800000000,60,0,10,0,0,7,0,0,1,0,0,0,1,3,1,0,0,3,2,2,0,1,-1,0,1,-1,-1,10,-1,1,1,3,-1,-1,-1,0,0,1,0,0,10,-1,0,0,27.41
1,0,0,0,-1,0,1,3,0,0,0,0,-1,0,3,0,1,2,-1,-1,-1,3,0,-1,50,0,9223372036800000000,1e+75,0,10,0,0,7,0,0,1,0,0,1,1,0,0,0,0,0,0,2,0,1,-1,-1,-1,-1,0,10,-1,1,1,3,-1,-1,-1,0,0,1,0,0,10,0,0,0,22.01
1,0,0,0,-1,0,1,1,0,0,0,0,-1,0,-1,0,2,-1,2,0,-1,5,0,16,10,0,9223372036800000000,60,0,10,0,0,7,0,0,1,0,0,0,1,3,1,0,0,3,2,2,0,1,-1,0,2,-1,-1,10,-1,1,1,3,-1,-1,-1,0,0,1,0,0,10,-1,0,0,27.32
1,0,0,0,-1,0,1,5,0,0,0,0,2,-1,0,2,-1,0,-1,-1,-1,3,0,4,150,0,9223372036800000000,240,0,10,0,0,7,0,0,1,0,0,1,1,0,2,0,0,0,4,2,0,1,-1,-1,-1,-1,0,10,-1,1,1,3,-1,-1,-1,0,0,1,0,0,10,0,0,0,22.39
1,0,0,0,-1,0,1,1,0,0,0,0,-1,0,-1,0,2,-1,-1,0,-1,2,0,16,10,0,9223372036800000000,60,0,10,0,0,7,0,0,1,0,0,0,1,3,1,0,0,2,-1,2,0,1,-1,0,2,-1,-1,10,-1,1,1,3,-1,-1,-1,0,0,1,0,0,10,-1,0,0,24.61
1,0,0,0,-1,0,1,0,0,0,0,0,1,0,1,1,2,0,2,0,2,3,0,-1,150,0,9223372036800000000,1e+75,0,10,0,0,7,0,0,1,0,0,1,1,0,0,0,0,0,0,2,0,1,-1,-1,-1,-1,0,10,-1,1,1,3,-1,-1,-1,0,0,1,0,0,10,0,0,0,15.58
1,0,0,0,-1,0,1,1,0,0,0,0,-1,3,-1,0,2,-1,-1,0,-1,2,0,16,10,0,9223372036800000000,60,0,10,0,0,7,0,0,1,0,0,0,1,3,1,0,0,2,2,2,0,1,-1,0,2,-1,-1,10,-1,1,1,3,-1,-1,-1,0,0,1,0,0,10,-1,0,0,22.77
1,0,0,0,-1,0,1,5,0,0,0,0,-1,0,-1,0,2,-1,-1,0,-1,2,0,16,10,0,9223372036800000000,60,0,10,0,0,7,0,0,1,0,0,0,1,1,3,0,0,2,2,2,0,1,-1,0,2,-1,-1,10,-1,1,1,3,-1,-1,-1,0,0,1,0,0,10,-1,0,0,21.66
1,0,0,0,-1,0,1,3,0,0,0,0,3,3,3,1,2,0,-1,0,-1,3,0,8,200,0,9223372036800000000,30,0,10,0,0,7,0,0,1,0,0,1,1,0,-1,0,0,0,4,2,0,1,-1,-1,-1,-1,0,10,-1,1,1,3,-1,-1,-1,0,0,1,0,0,10,0,0,0,18.88
1,0,0,0,-1,0,1,2,0,0,0,0,3,2,3,2,2,0,2,-1,-1,3,0,-1,200,0,9223372036800000000,0,0,10,0,0,7,0,0,1,0,0,0,1,0,3,0,0,0,3,2,0,1,-1,-1,-1,-1,0,10,-1,1,1,3,-1,-1,-1,0,0,1,0,0,10,0,0,0,24.54
1,0,0,0,-1,0,1,1,0,0,0,0,3,-1,1,-1,-1,1,1,0,0,2,0,4,25,0,9223372036800000000,1e+75,0,10,0,0,7,0,0,1,0,0,1,1,1,1,0,0,2,1,2,0,1,-1,1,-1,-1,1,10,-1,1,1,3,-1,-1,-1,0,0,1,0,0,10,3,0,0,23.99
1,0,0,0,-1,0,1,0,0,0,0,0,1,0,1,2,0,0,1,0,-1,0,0,-1,400,0,9223372036800000000,20,0,10,0,0,7,0,0,1,0,0,2,1,2,-1,0,0,1,2,2,0,1,-1,1,3,-1,-1,10,-1,1,1,3,-1,-1,-1,0,0,1,0,0,10,1,0,0,23.6
1,0,0,0,-1,0,1,0,0,0,0,0,-1,0,3,0,2,0,0,1,0,3,0,-1,800,0,9223372036800000000,1e+75,0,10,0,0,7,0,0,1,0,0,1,1,0,0,0,0,0,0,2,0,1,-1,-1,-1,-1,0,10,-1,1,1,3,-1,-1,-1,0,0,1,0,0,10,0,0,0,17.24
1,0,0,0,-1,0,1,1,0,0,0,0,3,-1,1,-1,-1,1,1,0,0,1,0,4,25,0,9223372036800000000,1e+75,0,10,0,0,7,0,0,1,0,0,1,1,1,1,0,0,2,1,2,0,1,-1,1,-1,-1,0,10,-1,1,1,3,-1,-1,-1,0,0,1,0,0,10,3,0,0,25.79
1,0,0,0,-1,0,1,0,0,0,0,0,3,-1,3,-1,-1,1,1,0,0,2,0,4,25,0,9223372036800000000,1e+75,0,10,0,0,7,0,0,1,0,0,1,1,1,1,0,0,2,1,2,0,1,-1,1,-1,-1,0,10,-1,1,1,3,-1,-1,-1,0,0,1,0,0,10,3,0,0,22.56
1,0,0,0,-1,0,1,3,0,0,0,0,2,2,-1,1,2,2,-1,1,0,3,0,8,400,0,9223372036800000000,20,0,10,0,0,7,0,0,1,0,0,0,1,0,3,0,0,0,2,2,0,1,-1,-1,-1,-1,0,10,-1,1,1,3,-1,-1,-1,0,0,1,0,0,10,0,0,0,20.77
1,0,0,0,-1,0,1,0,0,0,0,0,3,-1,1,-1,-1,-1,1,0,0,1,0,4,25,0,9223372036800000000,1e+75,0,10,0,0,7,0,0,1,0,0,1,1,1,1,0,0,2,1,2,0,1,-1,1,-1,-1,0,10,-1,1,1,3,-1,-1,-1,0,0,1,0,0,10,3,0,0,24.62
1,0,0,0,-1,0,1,2,0,0,0,0,3,0,1,1,-1,0,-1,0,2,2,0,8,10,0,9223372036800000000,1e+75,0,10,0,0,7,0,0,1,0,0,1,1,0,1,0,0,0,0,2,0,1,-1,-1,-1,-1,0,10,-1,1,1,3,-1,-1,-1,0,0,1,0,0,10,0,0,0,14.74
1,0,0,0,-1,0,1,0,0,0,0,0,3,-1,0,-1,-1,-1,1,0,0,2,0,4,25,0,9223372036800000000,1e+75,0,10,0,0,7,0,0,1,0,0,1,1,1,1,0,0,2,1,2,0,1,-1,1,-1,-1,0,10,-1,1,1,3,-1,-1,-1,0,0,1,0,0,10,3,0,0,21.76
1,0,0,0,-1,0,1,0,0,0,0,0,3,-1,1,-1,-1,-1,1,0,0,2,0,4,25,0,9223372036800000000,1e+75,0,10,0,0,7,0,0,1,0,0,0,1,1,1,0,0,2,1,2,0,1,-1,1,-1,-1,0,10,-1,1,1,3,-1,-1,-1,0,0,1,0,0,10,3,0,0,22.22
1,0,0,0,-1,0,1,0,0,0,0,0,-1,2,-1,1,2,0,0,2,2,3,0,8,10,0,9223372036800000000,20,0,10,0,0,7,0,0,1,0,0,2,1,0,2,0,0,0,2,2,0,1,-1,-1,-1,-1,0,10,-1,1,1,3,-1,-1,-1,0,0,1,0,0,10,0,0,0,19.01
1,0,0,0,-1,0,1,0,0,0,0,0,3,-1,1,-1,-1,-1,1,0,0,2,0,4,25,0,9223372036800000000,1e+75,0,10,0,0,7,0,0,1,0,0,1,1,1,1,0,0,1,1,2,0,1,-1,1,-1,-1,0,10,-1,1,1,3,-1,-1,-1,0,0,1,0,0,10,3,0,0,22
1,0,0,0,-1,0,1,0,0,0,0,0,-1,0,2,0,0,2,1,-1,0,1,0,4,10,0,9223372036800000000,2,0,10,0,0,7,0,0,1,0,0,3,1,3,1,0,0,0,3,2,0,1,-1,-1,0,-1,1,10,-1,1,1,3,-1,-1,-1,0,0,1,0,0,10,3,0,0,22.53
1,0,0,0,-1,0,1,3,0,0,0,0,2,1,2,0,2,0,1,-1,2,0,0,4,10,0,9223372036800000000,1e+75,0,10,0,0,7,0,0,1,0,0,3,1,0,-1,0,0,0,4,2,0,1,-1,0,2,-1,1,10,-1,1,1,3,-1,-1,-1,0,0,1,0,0,10,-1,0,0,24.14
1,0,0,0,-1,0,1,0,0,0,0,0,3,3,1,-1,-1,-1,1,0,0,2,0,4,25,0,9223372036800000000,1e+75,0,10,0,0,7,0,0,1,0,0,1,1,1,1,0,0,2,1,2,0,1,-1,1,-1,-1,0,10,-1,1,1,3,-1,-1,-1,0,0,1,0,0,10,3,0,0,21.81
1,0,0,0,-1,0,1,0,0,0,0,0,3,-1,1,-1,-1,-1,1,0,0,2,0,4,25,0,9223372036800000000,30,0,10,0,0,7,0,0,1,0,0,1,1,1,1,0,0,2,1,2,0,1,-1,1,-1,-1,0,10,-1,1,1,3,-1,-1,-1,0,0,1,0,0,10,3,0,0,21.52
1,0,0,0,-1,0,1,0,0,0,0,0,3,0,1,-1,-1,-1,1,0,0,2,0,4,25,0,9223372036800000000,30,0,10,0,0,7,0,0,1,0,0,1,1,1,1,0,0,2,1,2,0,1,-1,1,-1,-1,0,10,-1,1,1,3,-1,-1,-1,0,0,1,0,0,10,3,0,0,21.38
1,0,0,0,-1,0,1,0,0,0,0,0,3,0,1,-1,-1,-1,1,0,0,2,0,1,25,0,9223372036800000000,30,0,10,0,0,7,0,0,1,0,0,1,1,1,1,0,0,2,1,2,0,1,-1,1,-1,-1,0,10,-1,1,1,3,-1,-1,-1,0,0,1,0,0,10,3,0,0,45.16
1,0,0,0,-1,0,1,1,0,0,0,0,-1,3,2,0,0,2,-1,0,0,2,0,-1,150,0,9223372036800000000,10,0,10,0,0,7,0,0,1,0,0,3,1,2,0,0,0,1,1,2,0,1,-1,0,0,-1,0,10,-1,1,1,3,-1,-1,-1,0,0,1,0,0,10,3,0,0,24.27
1,0,0,0,-1,0,1,0,0,0,0,0,3,0,1,-1,-1,-1,1,0,0,2,0,4,25,0,9223372036800000000,30,0,10,0,0,7,0,0,1,0,0,1,1,1,1,0,0,2,1,2,0,1,-1,1,-1,-1,0,10,-1,1,1,3,-1,-1,-1,0,0,1,0,0,10,4,0,0,22.19
1,0,0,0,-1,0,1,2,0,0,0,0,3,0,1,1,-1,0,-1,0,2,3,0,8,10,0,9223372036800000000,1e+75,0,10,0,0,7,0,0,1,0,0,1,1,0,1,0,0,0,0,2,0,1,-1,-1,-1,-1,0,10,-1,1,1,3,-1,-1,-1,0,0,-1,0,0,10,0,0,0,12.31
1,0,0,0,-1,0,1,5,0,0,0,0,3,0,2,0,-1,0,2,2,0,0,0,16,150,0,9223372036800000000,120,0,10,0,0,7,0,0,1,0,0,2,1,2,3,0,0,3,3,2,0,1,-1,0,1,-1,0,10,-1,1,1,3,-1,-1,-1,0,0,1,0,0,10,3,0,0,26.62
1,0,0,0,-1,0,1,0,0,0,0,0,3,0,1,-1,1,-1,1,0,0,2,0,4,25,0,9223372036800000000,30,0,10,0,0,7,0,0,1,0,0,1,1,1,1,0,0,2,2,2,0,1,-1,1,-1,-1,0,10,-1,1,1,3,-1,-1,-1,0,0,1,0,0,10,3,0,0,17.9
1,0,0,0,-1,0,1,4,0,0,0,0,2,1,1,0,2,-1,2,1,0,10,0,2,200,0,9223372036800000000,50,0,10,0,0,7,0,0,1,0,0,0,1,0,3,0,0,2,4,2,0,1,-1,1,-1,-1,1,10,-1,1,1,3,-1,-1,-1,0,0,1,0,0,10,1,0,0,26.65
1,0,0,0,-1,0,1,3,0,0,0,0,2,3,2,2,-1,1,0,-1,2,3,0,16,400,0,9223372036800000000,40,0,10,0,0,7,0,0,1,0,0,1,1,0,1,0,0,0,2,2,0,1,-1,-1,-1,-1,0,10,-1,1,1,3,-1,-1,-1,0,0,1,0,0,10,0,0,0,16.74
1,0,0,0,-1,0,1,4,0,0,0,0,2,1,1,0,2,-1,2,1,-1,10,0,2,200,0,9223372036800000000,50,0,10,0,0,7,0,0,1,0,0,0,1,0,3,0,0,2,4,2,0,1,-1,1,-1,-1,1,10,-1,1,1,3,-1,-1,-1,0,0,1,0,0,10,1,0,0,25.82
1,0,0,0,-1,0,1,0,0,0,0,0,2,-1,0,2,-1,0,1,0,-1,3,0,4,150,0,9223372036800000000,20,0,10,0,0,7,0,0,1,0,0,1,1,0,2,0,0,0,4,2,0,1,-1,-1,-1,-1,0,10,-1,1,1,3,-1,-1,-1,0,0,1,0,0,10,0,0,0,17.95
1,0,0,0,-1,0,1,4,0,0,0,0,2,1,1,0,2,-1,2,1,-1,10,0,2,200,0,9223372036800000000,50,0,10,0,0,7,0,0,1,0,0,0,1,0,3,0,0,2,4,2,0,1,-1,1,-1,-1,-1,10,-1,1,1,3,-1,-1,-1,0,0,1,0,0,10,1,0,0,25.06
1,0,0,0,-1,0,1,4,0,0,0,0,2,1,1,0,2,-1,2,1,-1,10,0,1,200,0,9223372036800000000,50,0,10,0,0,7,0,0,1,0,0,0,1,0,3,0,0,2,4,2,0,1,-1,1,-1,-1,-1,10,-1,1,1,3,-1,-1,-1,0,0,1,0,0,10,1,0,0,48.17
1,0,0,0,-1,0,1,2,0,0,0,0,2,-1,-1,-1,1,1,-1,2,-1,3,0,16,200,0,9223372036800000000,60,0,10,0,0,7,0,0,1,0,0,1,1,3,3,0,0,0,1,2,0,1,-1,-1,1,-1,-1,10,-1,1,1,3,-1,-1,-1,0,0,1,0,0,10,3,0,0,22.38
1,0,0,0,-1,0,1,4,0,0,0,0,-1,0,3,1,1,-1,2,0,1,3,0,2,150,0,9223372036800000000,240,0,10,0,0,7,0,0,1,0,0,1,1,0,3,0,0,0,0,2,0,1,-1,-1,-1,-1,0,10,-1,1,1,3,-1,-1,-1,0,0,1,0,0,10,0,0,0,18.1
1,0,0,0,-1,0,1,2,0,0,0,0,1,0,2,1,1,0,0,0,1,3,0,-1,50,0,9223372036800000000,1e+75,0,10,0,0,7,0,0,1,0,0,1,1,0,0,0,0,0,0,2,0,1,-1,-1,-1,-1,0,10,-1,1,1,3,-1,-1,-1,0,0,1,0,0,10,0,0,0,14
1,0,0,0,-1,0,1,4,0,0,0,0,2,1,1,0,2,-1,1,1,-1,10,0,2,200,0,9223372036800000000,50,0,10,0,0,7,0,0,1,0,0,0,1,0,3,0,0,2,4,2,0,1,-1,1,-1,-1,0,10,-1,1,1,3,-1,-1,-1,0,0,1,0,0,10,1,0,0,24.63
1,0,0,0,-1,0,1,3,0,0,0,0,-1,3,2,0,0,2,-1,0,0,3,0,-1,150,0,9223372036800000000,30,0,10,0,0,7,0,0,1,0,0,3,1,2,0,0,0,1,1,2,0,1,-1,0,0,-1,0,10,-1,1,1,3,-1,-1,-1,0,0,1,0,0,10,0,0,0,20.71
1,0,0,0,-1,0,1,4,0,0,0,0,2,1,1,0,2,-1,1,1,-1,10,0,2,200,0,9223372036800000000,50,0,10,0,0,7,0,0,1,0,0,0,1,0,3,0,0,2,2,2,0,1,-1,1,-1,-1,0,10,-1,1,1,3,-1,-1,-1,0,0,1,0,0,10,1,0,0,23.79
1,0,0,0,-1,0,1,0,0,0,0,0,1,0,0,0,2,-1,0,1,1,3,0,-1,50,0,9223372036800000000,1e+75,0,10,0,0,7,0,0,1,0,0,1,1,0,0,0,0,0,0,2,0,1,-1,-1,-1,-1,0,10,-1,1,1,3,-1,-1,-1,0,0,1,0,0,10,0,0,0,14.63
1,0,0,0,-1,0,1,4,0,0,0,0,2,1,1,0,2,-1,1,1,-1,10,0,16,200,0,9223372036800000000,50,0,10,0,0,7,0,0,1,0,0,0,1,0,3,0,0,2,2,2,0,1,-1,1,-1,-1,0,10,-1,1,1,3,-1,-1,-1,0,0,1,0,0,10,1,0,0,21.77
1,0,0,0,-1,0,1,5,0,0,0,0,2,1,1,0,2,-1,1,1,-1,10,0,16,200,0,9223372036800000000,1,0,10,0,0,7,0,0,1,0,0,0,1,0,3,0,0,2,2,2,0,1,-1,1,-1,-1,0,10,-1,1,1,3,-1,-1,-1,0,0,1,0,0,10,1,0,0,21.57
1,0,0,0,-1,0,1,4,0,0,0,0,2,0,0,0,2,2,2,2,0,3,0,-1,100,0,9223372036800000000,1e+75,0,10,0,0,7,0,0,1,0,0,1,1,0,0,0,0,0,0,2,0,1,-1,-1,-1,-1,0,10,-1,1,1,3,-1,-1,-1,0,0,1,0,0,10,0,0,0,14.55
1,0,0,0,-1,0,1,5,0,0,0,0,2,1,1,-1,2,-1,1,1,-1,10,0,16,200,0,9223372036800000000,50,0,10,0,0,7,0,0,1,0,0,0,1,0,3,0,0,2,2,2,0,1,-1,1,-1,-1,0,10,-1,1,1,3,-1,-1,-1,0,0,1,0,0,10,1,0,0,21.61
1,0,0,0,-1,0,1,5,0,0,0,0,2,1,0,0,2,-1,1,1,-1,10,0,16,200,0,9223372036800000000,50,0,10,0,0,7,0,0,1,0,0,0,1,0,3,0,0,2,2,2,0,1,-1,1,-1,-1,0,10,-1,1,1,3,-1,-1,-1,0,0,1,0,0,10,1,0,0,21.57
1,0,0,0,-1,0,1,5,0,0,0,0,2,1,1,0,2,-1,1,1,-1,10,0,8,200,0,9223372036800000000,50,0,10,0,0,7,0,0,1,0,0,0,1,0,3,0,0,2,2,2,0,1,-1,1,-1,-1,0,10,-1,1,1,3,-1,-1,-1,0,0,1,0,0,10,1,0,0,21.57
1,0,0,0,-1,0,1,5,0,0,0,0,2,1,1,0,2,-1,1,1,-1,10,0,16,200,0,9223372036800000000,50,0,10,0,0,7,0,0,1,0,0,0,1,0,3,0,0,2,2,2,0,1,-1,0,-1,-1,0,10,-1,1,1,3,-1,-1,-1,0,0,1,0,0,10,1,0,0,21.67
1,0,0,0,-1,0,1,5,0,0,0,0,2,1,1,0,2,-1,1,1,-1,10,0,16,200,0,9223372036800000000,50,0,10,0,0,7,0,0,1,0,0,0,1,0,3,0,0,2,2,2,0,1,-1,1,-1,-1,0,10,-1,1,1,3,-1,-1,-1,0,0,1,0,0,10,4,0,0,22.78
1,0,0,0,-1,0,1,5,0,0,0,0,2,1,1,0,2,-1,1,1,-1,10,0,16,200,0,9223372036800000000,50,0,10,0,0,7,0,0,1,0,0,0,1,0,3,0,0,2,2,2,0,1,-1,1,-1,-1,-1,10,-1,1,1,3,-1,-1,-1,0,0,1,0,0,10,1,0,0,21.57
1,0,0,0,-1,0,1,1,0,0,0,0,3,3,3,2,0,1,-1,-1,-1,2,0,16,800,0,9223372036800000000,5,0,10,0,0,7,0,0,1,0,0,1,1,3,-1,0,0,3,1,2,0,1,-1,0,1,-1,1,10,-1,1,1,3,-1,-1,-1,0,0,1,0,0,10,2,0,0,25.86
1,0,0,0,-1,0,1,1,0,0,0,0,-1,3,2,0,0,2,2,0,0,2,0,-1,150,0,9223372036800000000,10,0,10,0,0,7,0,0,1,0,0,3,1,2,0,0,0,1,1,2,0,1,-1,0,0,-1,0,10,-1,1,1,3,-1,-1,-1,0,0,1,0,0,10,2,0,0,24.73
1,0,0,0,-1,0,1,1,0,0,0,0,-1,3,2,0,0,2,-1,0,0,2,0,-1,150,0,9223372036800000000,10,0,10,0,0,7,0,0,1,0,0,3,1,2,0,0,0,1,1,2,0,1,-1,0,0,-1,0,10,-1,1,1,3,-1,-1,-1,0,0,1,0,0,10,2,0,0,24.28
1,0,0,0,-1,0,1,1,0,0,0,0,-1,3,2,0,0,2,-1,0,0,2,0,-1,25,0,9223372036800000000,10,0,10,0,0,7,0,0,1,0,0,3,1,2,0,0,0,1,1,2,0,1,-1,0,0,-1,0,10,-1,1,1,3,-1,-1,-1,0,0,1,0,0,10,0,0,0,24.8
1,0,0,0,-1,0,1,0,0,0,0,0,2,0,-1,-1,0,-1,0,-1,1,3,0,-1,25,0,9223372036800000000,1e+75,0,10,0,0,7,0,0,1,0,0,1,1,0,0,0,0,0,0,2,0,1,-1,-1,-1,-1,0,10,-1,1,1,3,-1,-1,-1,0,0,1,0,0,10,0,0,0,30.56
1,0,0,0,-1,0,1,1,0,0,0,0,-1,3,2,0,0,2,-1,0,0,2,0,-1,150,0,9223372036800000000,20,0,10,0,0,7,0,0,1,0,0,3,1,2,0,0,0,1,1,2,0,1,-1,0,0,-1,0,10,-1,1,1,3,-1,-1,-1,0,0,1,0,0,10,0,0,0,23.96
1,0,0,0,-1,0,1,2,0,0,0,0,3,0,1,1,-1,0,-1,0,2,3,0,8,10,0,9223372036800000000,1e+75,0,10,0,0,7,0,0,1,0,0,1,1,3,1,0,0,0,0,2,0,1,-1,-1,-1,-1,0,10,-1,1,1,3,-1,-1,-1,0,0,1,0,0,10,0,0,0,13.83
1,0,0,0,-1,0,1,3,0,0,0,0,-1,3,2,0,0,2,-1,0,0,2,0,-1,150,0,9223372036800000000,10,0,10,0,0,7,0,0,1,0,0,3,1,2,0,0,0,1,1,2,0,1,-1,0,0,-1,0,10,-1,1,1,3,-1,-1,-1,0,0,1,0,0,10,0,0,0,21.21
1,0,0,0,-1,0,1,3,0,0,0,0,-1,0,0,0,1,-1,-1,2,-1,3,0,-1,50,0,9223372036800000000,1e+75,0,10,0,0,7,0,0,1,0,0,1,1,0,0,0,0,0,0,2,0,1,-1,-1,-1,-1,0,10,-1,1,1,3,-1,-1,-1,0,0,1,0,0,10,0,0,0,16.87
1,0,0,0,-1,0,1,3,0,0,0,0,-1,3,2,0,0,2,-1,0,0,3,0,-1,150,0,9223372036800000000,0,0,10,0,0,7,0,0,1,0,0,3,1,2,0,0,0,1,1,2,0,1,-1,0,0,-1,0,10,-1,1,1,3,-1,-1,-1,0,0,1,0,0,10,0,0,0,21.75
1,0,0,0,-1,0,1,3,0,0,0,0,0,-1,2,2,1,1,2,1,1,3,0,8,400,0,9223372036800000000,30,0,10,0,0,7,0,0,1,0,0,2,1,1,1,0,0,3,4,2,0,1,-1,-1,-1,-1,-1,10,-1,1,1,3,-1,-1,-1,0,0,1,0,0,10,0,0,0,24.52
1,0,0,0,-1,0,1,3,0,0,0,0,3,3,2,0,0,2,-1,0,0,3,0,-1,150,0,9223372036800000000,10,0,10,0,0,7,0,0,1,0,0,3,1,2,0,0,0,1,1,2,0,1,-1,0,0,-1,0,10,-1,1,1,3,-1,-1,-1,0,0,1,0,0,10,0,0,0,20.71
1,0,0,0,-1,0,1,3,0,0,0,0,-1,3,2,0,0,2,-1,0,0,3,0,-1,150,0,9223372036800000000,1e+75,0,10,0,0,7,0,0,1,0,0,3,1,2,0,0,0,1,1,2,0,1,-1,0,0,-1,0,10,-1,1,1,3,-1,-1,-1,0,0,1,0,0,10,0,0,0,20.71
1,0,0,0,-1,0,1,3,0,0,0,0,-1,3,2,0,0,2,-1,0,0,3,0,-1,150,0,9223372036800000000,10,0,10,0,0,7,0,0,1,0,0,3,1,2,0,0,0,1,1,2,0,1,-1,0,0,-1,0,10,-1,1,1,3,-1,-1,-1,0,0,1,0,0,10,-1,0,0,22.12
1,0,0,0,-1,0,1,2,0,0,0,0,-1,0,0,0,-1,0,2,0,1,3,0,-1,200,0,9223372036800000000,1e+75,0,10,0,0,7,0,0,1,0,0,1,1,0,0,0,0,0,0,2,0,1,-1,-1,-1,-1,0,10,-1,1,1,3,-1,-1,-1,0,0,1,0,0,10,0,0,0,13.5
1,0,0,0,-1,0,1,3,0,0,0,0,-1,3,2,0,0,2,-1,0,0,3,0,-1,150,0,9223372036800000000,10,0,10,0,0,7,0,0,1,0,0,3,1,2,0,0,0,1,1,2,0,1,-1,0,0,-1,0,10,-1,1,1,3,-1,-1,-1,0,0,1,0,0,10,3,0,0,22.66
1,0,0,0,-1,0,1,2,0,0,0,0,3,0,0,-1,2,2,1,-1,-1,3,0,-1,50,0,9223372036800000000,1e+75,0,10,0,0,7,0,0,1,0,0,1,1,0,0,0,0,0,0,2,0,1,-1,-1,-1,-1,0,10,-1,1,1,3,-1,-1,-1,0,0,1,0,0,10,0,0,0,27.57
1,0,0,0,-1,0,1,3,0,0,0,0,-1,3,2,0,0,1,-1,0,0,3,0,-1,150,0,9223372036800000000,10,0,10,0,0,7,0,0,1,0,0,3,1,2,0,0,0,1,1,2,0,1,-1,0,0,-1,0,10,-1,1,1,3,-1,-1,-1,0,0,1,0,0,10,0,0,0,22.9
1,0,0,0,-1,0,1,3,0,0,0,0,-1,3,2,0,0,2,-1,0,0,3,0,-1,150,0,9223372036800000000,10,0,10,0,0,7,0,0,1,0,0,3,1,2,0,0,0,1,1,2,0,1,-1,1,0,-1,0,10,-1,1,1,3,-1,-1,-1,0,0,1,0,0,10,0,0,0,22.61
1,0,0,0,-1,0,1,3,0,0,0,0,-1,3,2,0,0,2,1,0,0,3,0,-1,150,0,9223372036800000000,10,0,10,0,0,7,0,0,1,0,0,3,1,2,0,0,0,1,1,2,0,1,-1,0,0,-1,0,10,-1,1,1,3,-1,-1,-1,0,0,1,0,0,10,0,0,0,22.29
1,0,0,0,-1,0,1,2,0,0,0,0,3,0,-1,1,-1,0,-1,0,2,3,0,-1,10,0,9223372036800000000,1e+75,0,10,0,0,7,0,0,1,0,0,1,1,0,0,0,0,0,0,2,0,1,-1,-1,-1,-1,0,10,-1,1,1,3,-1,-1,-1,0,0,1,0,0,10,0,0,0,13.03
1,0,0,0,-1,0,1,3,0,0,0,0,-1,3,2,0,0,2,-1,0,0,3,0,-1,150,0,9223372036800000000,10,0,10,0,0,7,0,0,1,0,0,3,1,2,0,0,0,1,1,2,0,1,-1,0,-1,-1,0,10,-1,1,1,3,-1,-1,-1,0,0,1,0,0,10,0,0,0,23.13
1,0,0,0,-1,0,1,3,0,0,0,0,2,1,2,0,2,0,1,-1,2,5,0,4,10,0,9223372036800000000,1e+75,0,10,0,0,7,0,0,1,0,0,3,1,0,-1,0,0,0,4,2,0,1,-1,0,2,-1,1,10,-1,1,1,3,-1,-1,-1,0,0,1,0,0,10,-1,0,0,21.81
1,0,0,0,-1,0,1,3,0,0,0,0,2,1,2,0,2,0,1,-1,2,5,0,4,10,0,9223372036800000000,1e+75,0,10,0,0,7,0,0,1,0,0,3,1,3,-1,0,0,0,4,2,0,1,-1,0,2,-1,1,10,-1,1,1,3,-1,-1,-1,0,0,1,0,0,10,-1,0,0,22.78
1,0,0,0,-1,0,1,2,0,0,0,0,-1,3,2,0,0,0,0,-1,0,3,0,2,200,0,9223372036800000000,1,0,10,0,0,7,0,0,1,0,0,3,1,0,1,0,0,5,-1,2,0,1,-1,-1,-1,-1,-1,10,-1,1,1,3,-1,-1,-1,0,0,1,0,0,10,0,0,0,36.02
1,0,0,0,-1,0,1,3,0,0,0,0,2,1,2,0,2,0,1,-1,2,1,0,4,10,0,9223372036800000000,1e+75,0,10,0,0,7,0,0,1,0,0,3,1,0,-1,0,0,0,4,2,0,1,-1,0,2,-1,1,10,-1,1,1,3,-1,-1,-1,0,0,1,0,0,10,-1,0,0,24.77
1,0,0,0,-1,0,1,3,0,0,0,0,-1,0,2,0,2,1,2,0,2,3,0,-1,100,0,9223372036800000000,1e+75,0,10,0,0,7,0,0,1,0,0,1,1,0,0,0,0,0,0,2,0,1,-1,-1,-1,-1,0,10,-1,1,1,3,-1,-1,-1,0,0,1,0,0,10,0,0,0,17.87
1,0,0,0,-1,0,1,0,0,0,0,0,2,1,0,2,-1,0,0,1,0,10,0,16,100,0,9223372036800000000,1,0,10,0,0,7,0,0,1,0,0,0,1,0,3,0,0,1,0,2,0,1,-1,-1,1,-1,0,10,-1,1,1,3,-1,-1,-1,0,0,1,0,0,10,-1,0,0,20.3
1,0,0,0,-1,0,1,3,0,0,0,0,2,1,2,0,2,0,1,-1,2,5,0,4,150,0,9223372036800000000,1e+75,0,10,0,0,7,0,0,1,0,0,3,1,0,-1,0,0,0,4,2,0,1,-1,0,2,-1,1,10,-1,1,1,3,-1,-1,-1,0,0,1,0,0,10,-1,0,0,21.97
1,0,0,0,-1,0,1,3,0,0,0,0,2,1,2,0,2,0,1,-1,2,5,0,16,10,0,9223372036800000000,1e+75,0,10,0,0,7,0,0,1,0,0,3,1,0,-1,0,0,0,4,2,0,1,-1,0,2,-1,1,10,-1,1,1,3,-1,-1,-1,0,0,1,0,0,10,-1,0,0,21.9
1,0,0,0,-1,0,1,3,0,0,0,0,2,1,2,0,2,0,1,-1,2,5,0,8,10,0,9223372036800000000,1e+75,0,10,0,0,7,0,0,1,0,0,3,1,0,-1,0,0,0,4,2,0,1,-1,0,2,-1,1,10,-1,1,1,3,-1,-1,-1,0,0,1,0,0,10,-1,0,0,22.75
1,0,0,0,-1,0,1,3,0,0,0,0,2,1,2,0,2,0,1,-1,2,5,0,4,10,0,9223372036800000000,20,0,10,0,0,7,0,0,1,0,0,3,1,0,-1,0,0,0,4,2,0,1,-1,0,2,-1,1,10,-1,1,1,3,-1,-1,-1,0,0,1,0,0,10,-1,0,0,21.81
1,0,0,0,-1,0,1,3,0,0,0,0,2,1,2,0,2,0,2,-1,2,5,0,4,10,0,9223372036800000000,1e+75,0,10,0,0,7,0,0,1,0,0,3,1,0,-1,0,0,0,4,2,0,1,-1,0,2,-1,1,10,-1,1,1,3,-1,-1,-1,0,0,1,0,0,10,-1,0,0,21.75
1,0,0,0,-1,0,1,3,0,0,0,0,2,1,2,0,2,0,2,-1,2,5,0,4,10,0,9223372036800000000,1e+75,0,10,0,0,7,0,0,1,0,0,0,1,0,-1,0,0,0,4,2,0,1,-1,0,2,-1,1,10,-1,1,1,3,-1,-1,-1,0,0,1,0,0,10,0,0,0,23.97
1,0,0,0,-1,0,1,3,0,0,0,0,-1,1,2,0,2,0,2,-1,2,5,0,4,10,0,9223372036800000000,1e+75,0,10,0,0,7,0,0,1,0,0,3,1,0,-1,0,0,0,4,2,0,1,-1,0,2,-1,1,10,-1,1,1,3,-1,-1,-1,0,0,1,0,0,10,0,0,0,21.73
