EvalID,TimeEvaluated,ObjectiveValue,Gap,UpperBound,LowerBound,ConfigID,MipStartID,WorkerID,Iteration,Phase
1,4,8.04,8.040000,364.000000,334.748820,14921508010286178949,null,0,1,0
2,3,0,0.000000,340.000000,340.000000,10181412967155842157,null,1,1,0
3,3,0,0.000000,340.000000,340.000000,5328769442729544913,null,2,1,0
4,4,32.13,32.130000,490.000000,332.566000,18383153564454345739,null,3,1,0
5,4,8.04,8.040000,364.000000,334.749000,11452627603801817331,null,4,1,0
6,4,8.04,8.040000,364.000000,334.749000,5308573346948479679,null,5,1,0
7,3,0,0.000000,340.000000,340.000000,5028659353213866218,null,6,1,0
8,3,0,0.000000,340.000000,340.000000,16807451813999376799,null,7,1,0
