1,0,0,0,-1,0,4,0,0,0,0,0,0,0,2,0,-1,0,0,0,0,3,0,-1,100,0,9223372036800000000,2,0,10,0,0,7,0,0,1,0,0,1,1,0,0,0,0,0,0,2,0,1,-1,-1,-1,-1,0,10,-1,1,1,3,-1,-1,-1,0,0,1,2,0,10,0,0,0,12.46
1,0,0,0,-1,0,2,0,0,0,0,0,0,0,2,0,-1,0,0,0,0,3,0,-1,100,0,9223372036800000000,2,0,10,0,0,7,0,0,1,0,0,1,1,0,0,0,0,0,0,2,0,1,-1,-1,-1,-1,0,10,-1,1,1,3,-1,-1,-1,0,0,1,2,0,10,0,0,0,12.61
1,0,0,0,-1,2,1,0,0,0,0,0,0,0,2,0,-1,0,0,0,0,3,0,-1,100,0,9223372036800000000,2,0,10,0,0,7,0,0,1,0,0,1,1,0,0,0,0,0,0,2,0,1,-1,-1,-1,-1,0,10,-1,1,1,3,-1,-1,-1,0,0,1,2,0,10,0,0,0,12.61
1,0,0,1,-1,0,1,0,0,0,0,0,0,0,2,0,-1,0,0,0,0,3,0,-1,100,0,9223372036800000000,2,0,10,0,0,7,0,0,1,0,0,1,1,0,0,0,0,0,0,2,0,1,-1,-1,-1,-1,0,10,-1,1,1,3,-1,-1,-1,0,0,1,2,0,10,0,0,0,12.46
1,0,0,0,-1,0,1,0,0,0,0,0,0,0,2,0,-1,0,0,0,0,3,0,-1,100,0,9223372036800000000,2,0,10,0,0,7,0,0,1,0,0,1,1,0,0,0,0,0,0,2,0,1,-1,-1,-1,-1,0,40,-1,1,1,3,-1,-1,-1,0,0,1,2,0,10,0,0,0,12.61
1,0,0,0,-1,0,1,0,0,0,0,0,0,0,2,0,-1,0,0,0,0,3,0,-1,100,0,9223372036800000000,2,0,10,0,0,7,0,0,1,0,0,1,1,0,0,0,0,0,0,2,0,1,-1,-1,-1,-1,0,5,-1,1,1,3,-1,-1,-1,0,0,1,2,0,10,0,0,0,12.61
1,0,0,0,-1,0,1,0,0,0,0,0,0,0,2,0,-1,0,0,0,0,3,0,-1,100,0,9223372036800000000,2,0,10,0,0,7,0,0,1,0,0,1,1,0,0,0,0,0,0,2,0,1,-1,-1,-1,-1,0,2,-1,1,1,3,-1,-1,-1,0,0,1,2,0,10,0,0,0,12.55
1,0,0,0,-1,0,1,0,0,0,0,0,0,0,2,0,-1,0,0,0,0,10,0,-1,100,0,9223372036800000000,2,0,10,0,0,7,0,0,1,0,0,1,1,0,0,0,0,0,0,2,0,1,-1,-1,-1,-1,0,10,-1,1,1,3,-1,-1,-1,0,0,1,2,0,10,0,0,0,12.79
1,0,0,0,-1,0,1,0,0,0,0,0,0,0,2,0,-1,0,0,0,0,2,0,-1,100,0,9223372036800000000,2,0,10,0,0,7,0,0,1,0,0,1,1,0,0,0,0,0,0,2,0,1,-1,-1,-1,-1,0,10,-1,1,1,3,-1,-1,-1,0,0,1,2,0,10,0,0,0,13.02
1,0,0,0,-1,0,1,0,0,0,0,0,0,0,2,0,-1,0,0,0,0,1,0,-1,100,0,9223372036800000000,2,0,10,0,0,7,0,0,1,0,0,1,1,0,0,0,0,0,0,2,0,1,-1,-1,-1,-1,0,10,-1,1,1,3,-1,-1,-1,0,0,1,2,0,10,0,0,0,16.79
1,0,0,0,-1,0,1,0,0,0,0,0,0,0,2,0,-1,0,0,0,0,0,0,-1,100,0,9223372036800000000,2,0,10,0,0,7,0,0,1,0,0,1,1,0,0,0,0,0,0,2,0,1,-1,-1,-1,-1,0,10,-1,1,1,3,-1,-1,-1,0,0,1,2,0,10,0,0,0,17.42
0,0,0,0,-1,0,1,0,0,0,0,0,0,0,2,0,-1,0,0,0,0,3,0,-1,100,0,9223372036800000000,2,0,10,0,0,7,0,0,1,0,0,1,1,0,0,0,0,0,0,2,0,1,-1,-1,-1,-1,0,10,-1,1,1,3,-1,-1,-1,0,0,1,2,0,10,0,0,0,13.06
1,0,0,0,-1,0,1,0,0,0,0,0,0,0,2,0,-1,0,0,0,0,3,0,-1,100,0,9223372036800000000,2,0,10,0,0,7,0,0,1,0,0,1,1,0,0,0,0,0,0,2,0,1,-1,-1,-1,-1,0,10,-1,1,1,3,-1,-1,-1,0,0,1,2,0,10,2,0,0,12.74
1,0,0,0,-1,0,1,0,0,0,0,0,0,0,2,0,-1,0,0,0,0,3,0,-1,100,0,9223372036800000000,2,0,10,0,0,7,0,0,1,0,0,1,1,0,0,0,0,0,0,2,0,1,-1,-1,-1,-1,0,10,-1,1,1,3,-1,-1,-1,0,0,1,2,0,10,-1,0,0,12.91
1,0,0,0,-1,0,1,1,0,0,0,0,2,3,-1,1,-1,1,2,0,1,3,0,-1,150,0,9223372036800000000,0,0,10,0,0,7,0,0,1,0,0,0,1,0,1,0,0,3,2,2,0,1,-1,-1,-1,-1,0,10,-1,1,1,3,-1,-1,-1,0,0,1,1,0,10,0,0,0,26.68
1,0,0,0,-1,0,1,0,0,0,0,0,2,3,-1,1,-1,1,2,0,1,3,0,-1,150,0,9223372036800000000,0,0,10,0,0,7,0,0,1,0,0,3,1,0,1,0,0,3,2,2,0,1,-1,-1,-1,-1,0,10,-1,1,1,3,-1,-1,-1,0,0,1,1,0,10,0,0,0,25.97
1,0,0,0,-1,0,1,1,0,0,0,0,2,3,-1,1,-1,1,2,0,1,3,0,-1,150,0,9223372036800000000,0,0,10,0,0,7,0,0,1,0,0,3,1,0,2,0,0,3,2,2,0,1,-1,-1,-1,-1,0,10,-1,1,1,3,-1,-1,-1,0,0,1,1,0,10,0,0,0,24.53
1,0,0,0,-1,0,1,1,0,0,0,0,2,3,-1,1,-1,1,2,0,1,3,0,-1,150,0,9223372036800000000,0,0,10,0,0,7,0,0,1,0,0,3,1,0,1,0,0,3,2,2,0,1,-1,-1,-1,-1,0,10,-1,1,1,3,-1,-1,-1,0,0,1,1,0,10,0,0,0,24.53
1,0,0,0,-1,0,1,1,0,0,0,0,2,3,-1,1,-1,1,2,0,1,3,0,-1,150,0,9223372036800000000,60,0,10,0,0,7,0,0,1,0,0,3,1,0,1,0,0,3,2,2,0,1,-1,-1,-1,-1,0,10,-1,1,1,3,-1,-1,-1,0,0,1,1,0,10,0,0,0,25.97
1,0,0,0,-1,0,1,5,0,0,0,0,2,3,-1,1,-1,1,2,0,1,3,0,-1,150,0,9223372036800000000,60,0,10,0,0,7,0,0,1,0,0,3,1,0,1,0,0,3,2,2,0,1,-1,-1,-1,-1,0,10,-1,1,1,3,-1,-1,-1,0,0,1,3,0,10,0,0,0,27.1
1,0,0,0,-1,0,1,1,0,0,0,0,2,3,-1,1,-1,1,2,0,1,3,0,-1,10,0,9223372036800000000,60,0,10,0,0,7,0,0,1,0,0,3,1,0,1,0,0,3,2,2,0,1,-1,-1,-1,-1,0,10,-1,1,1,3,-1,-1,-1,0,0,1,3,0,10,0,0,0,28.1
1,0,0,0,-1,0,1,1,0,0,0,0,2,3,-1,1,-1,1,2,0,1,3,0,-1,800,0,9223372036800000000,60,0,10,0,0,7,0,0,1,0,0,3,1,0,1,0,0,3,2,2,0,1,-1,-1,-1,-1,0,10,-1,1,1,3,-1,-1,-1,0,0,1,3,0,10,0,0,0,27.05
1,0,0,0,-1,0,1,1,0,0,0,0,2,3,-1,1,-1,1,2,0,1,3,0,-1,150,0,9223372036800000000,120,0,10,0,0,7,0,0,1,0,0,3,1,0,1,0,0,3,2,2,0,1,-1,-1,-1,-1,0,10,-1,1,1,3,-1,-1,-1,0,0,1,3,0,10,0,0,0,27.05
1,0,0,0,-1,0,1,1,0,0,0,0,2,3,-1,1,-1,1,2,0,1,3,0,-1,150,0,9223372036800000000,60,0,10,0,0,7,0,0,1,0,0,3,1,0,1,0,0,3,2,2,0,1,-1,-1,-1,-1,0,10,-1,1,1,3,-1,-1,-1,0,0,1,3,0,10,0,0,0,27.05
1,0,0,0,-1,0,1,1,0,0,0,0,2,3,-1,1,-1,1,2,0,1,3,0,-1,150,0,9223372036800000000,0,0,10,0,0,7,0,0,1,0,0,3,1,0,1,0,0,3,2,2,0,1,-1,-1,-1,-1,0,10,-1,1,1,3,-1,-1,-1,0,0,1,3,0,10,0,0,0,29.34
1,0,0,0,-1,0,1,4,0,0,0,0,3,-1,1,2,-1,2,2,1,-1,3,0,16,50,0,9223372036800000000,5,0,10,0,0,7,0,0,1,0,0,0,1,3,2,0,0,1,1,2,0,1,-1,-1,-1,-1,0,10,-1,1,1,3,-1,-1,-1,0,0,1,3,0,10,0,0,0,22.12
1,0,0,0,-1,0,1,4,0,0,0,0,3,-1,1,2,-1,1,2,1,-1,3,0,16,50,0,9223372036800000000,5,0,10,0,0,7,0,0,1,0,0,0,1,3,2,0,0,1,1,2,0,1,-1,-1,-1,-1,0,10,-1,1,1,3,-1,-1,-1,0,0,1,3,0,10,0,0,0,22.63
1,0,0,0,-1,0,1,4,0,0,0,0,3,-1,3,2,-1,1,2,1,-1,3,0,16,50,0,9223372036800000000,5,0,10,0,0,7,0,0,1,0,0,0,1,3,2,0,0,1,1,2,0,1,-1,-1,-1,-1,0,10,-1,1,1,3,-1,-1,-1,0,0,1,5,0,10,0,0,0,25.25
1,0,0,0,-1,0,1,4,0,0,0,0,3,-1,1,2,-1,1,2,1,-1,3,0,16,50,0,9223372036800000000,5,0,10,0,0,7,0,0,1,0,0,0,1,2,2,0,0,1,1,2,0,1,-1,-1,-1,-1,0,10,-1,1,1,3,-1,-1,-1,0,0,1,5,0,10,0,0,0,23.25
1,0,0,0,-1,0,1,4,0,0,0,0,3,0,1,2,-1,1,2,1,-1,3,0,16,50,0,9223372036800000000,5,0,10,0,0,7,0,0,1,0,0,0,1,3,2,0,0,1,1,2,0,1,-1,-1,-1,-1,0,10,-1,1,1,3,-1,-1,-1,0,0,1,5,0,10,0,0,0,23.57
1,0,0,0,-1,0,1,3,0,0,0,0,-1,3,0,0,-1,1,0,0,0,3,0,2,25,0,9223372036800000000,1e+75,0,10,0,0,7,0,0,1,0,0,3,1,2,2,0,0,4,4,2,0,1,-1,-1,-1,-1,0,10,-1,1,1,3,-1,-1,-1,0,0,1,4,0,10,0,0,0,25.71
1,0,0,0,-1,0,1,3,0,0,0,0,-1,3,0,0,-1,1,0,0,0,3,0,2,25,0,9223372036800000000,20,0,10,0,0,7,0,0,1,0,0,2,1,2,2,0,0,4,4,2,0,1,-1,-1,-1,-1,0,10,-1,1,1,3,-1,-1,-1,0,0,1,4,0,10,0,0,0,26.38
1,0,0,0,-1,0,1,3,0,0,0,0,-1,3,0,0,-1,1,0,0,0,3,0,2,25,0,9223372036800000000,60,0,10,0,0,7,0,0,1,0,0,2,1,2,2,0,0,4,4,2,0,1,-1,-1,-1,-1,0,10,-1,1,1,3,-1,-1,-1,0,0,1,4,0,10,0,0,0,26.38
1,0,0,0,-1,0,1,3,0,0,0,0,-1,3,0,1,-1,1,0,0,0,3,0,2,25,0,9223372036800000000,10,0,10,0,0,7,0,0,1,0,0,2,1,2,2,0,0,4,4,2,0,1,-1,-1,-1,-1,0,10,-1,1,1,3,-1,-1,-1,0,0,1,4,0,10,0,0,0,27.16
1,0,0,0,-1,0,1,3,0,0,0,0,-1,3,0,0,1,1,0,0,0,3,0,2,25,0,9223372036800000000,10,0,10,0,0,7,0,0,1,0,0,2,1,2,2,0,0,4,4,2,0,1,-1,-1,-1,-1,0,10,-1,1,1,3,-1,-1,-1,0,0,1,4,0,10,0,0,0,26.38
1,0,0,0,-1,0,1,3,0,0,0,0,-1,3,0,0,-1,1,0,0,0,3,0,2,25,0,9223372036800000000,10,0,10,0,0,7,0,0,1,0,0,2,1,2,2,0,0,4,3,2,0,1,-1,-1,-1,-1,0,10,-1,1,1,3,-1,-1,-1,0,0,1,4,0,10,0,0,0,27.61
1,0,0,0,-1,0,1,3,0,0,0,0,-1,3,0,0,-1,1,0,0,0,3,0,2,25,0,9223372036800000000,40,0,10,0,0,7,0,0,1,0,0,2,1,2,2,0,0,4,3,2,0,1,-1,-1,-1,-1,0,10,-1,1,1,3,-1,-1,-1,0,0,1,4,0,10,0,0,0,28.41
1,0,0,0,-1,0,1,1,0,0,0,0,3,2,0,1,-1,0,1,-1,0,3,0,16,400,0,9223372036800000000,1e+75,0,10,0,0,7,0,0,1,0,0,1,1,0,-1,0,0,0,-1,2,0,1,-1,-1,-1,-1,0,10,-1,1,1,3,-1,-1,-1,0,0,1,2,0,10,0,0,0,24.19
1,0,0,0,-1,0,1,1,0,0,0,0,3,2,0,1,-1,0,1,0,0,3,0,16,400,0,9223372036800000000,1e+75,0,10,0,0,7,0,0,1,0,0,1,1,0,-1,0,0,0,-1,2,0,1,-1,-1,-1,-1,0,10,-1,1,1,3,-1,-1,-1,0,0,1,2,0,10,0,0,0,22.44
1,0,0,0,-1,0,1,1,0,0,0,0,3,2,0,1,-1,0,1,0,0,3,0,16,400,0,9223372036800000000,40,0,10,0,0,7,0,0,1,0,0,1,1,1,-1,0,0,0,-1,2,0,1,-1,-1,-1,-1,0,10,-1,1,1,3,-1,-1,-1,0,0,1,2,0,10,0,0,0,23.01
1,0,0,0,-1,0,1,1,0,0,0,0,3,2,0,1,-1,0,1,0,0,3,0,16,400,0,9223372036800000000,30,0,10,0,0,7,0,0,1,0,0,1,1,1,-1,0,0,0,-1,2,0,1,-1,-1,-1,-1,0,10,-1,1,1,3,-1,-1,-1,0,0,1,2,0,10,0,0,0,22.7
1,0,0,0,-1,0,1,1,0,0,0,0,3,2,0,1,-1,0,1,0,0,3,0,16,200,0,9223372036800000000,1e+75,0,10,0,0,7,0,0,1,0,0,1,1,1,-1,0,0,0,-1,2,0,1,-1,-1,-1,-1,0,10,-1,1,1,3,-1,-1,-1,0,0,1,2,0,10,0,0,0,23.01
1,0,0,0,-1,0,1,1,0,0,0,0,3,2,0,1,-1,0,1,0,0,3,0,16,400,0,9223372036800000000,1e+75,0,10,0,0,7,0,0,1,0,0,1,1,1,1,0,0,0,-1,2,0,1,-1,-1,-1,-1,0,10,-1,1,1,3,-1,-1,-1,0,0,1,2,0,10,0,0,0,23.19
1,0,0,0,-1,0,1,1,0,0,0,0,3,2,0,1,-1,0,1,0,0,3,0,16,400,0,9223372036800000000,20,0,10,0,0,7,0,0,1,0,0,1,1,1,1,0,0,1,-1,2,0,1,-1,-1,-1,-1,0,10,-1,1,1,3,-1,-1,-1,0,0,1,2,0,10,0,0,0,25.17
1,0,0,0,-1,0,1,1,0,0,0,0,3,2,0,1,-1,0,1,0,0,3,0,-1,400,0,9223372036800000000,1e+75,0,10,0,0,7,0,0,1,0,0,1,1,1,1,0,0,1,-1,2,0,1,-1,-1,-1,-1,0,10,-1,1,1,3,-1,-1,-1,0,0,1,2,0,10,0,0,0,25.17
1,0,0,0,-1,0,1,5,0,0,0,0,3,-1,2,1,1,0,2,1,1,3,0,1,200,0,9223372036800000000,50,0,10,0,0,7,0,0,1,0,0,3,1,3,3,0,0,4,0,2,0,1,-1,-1,-1,-1,0,10,-1,1,1,3,-1,-1,-1,0,0,1,4,0,10,0,0,0,49.84
1,0,0,0,-1,0,1,5,0,0,0,0,3,-1,2,1,1,0,0,1,1,3,0,1,400,0,9223372036800000000,50,0,10,0,0,7,0,0,1,0,0,3,1,3,3,0,0,4,0,2,0,1,-1,-1,-1,-1,0,10,-1,1,1,3,-1,-1,-1,0,0,1,4,0,10,0,0,0,49.84
1,0,0,0,-1,0,1,5,0,0,0,0,3,-1,2,1,1,0,0,1,1,3,0,1,200,0,9223372036800000000,50,0,10,0,0,7,0,0,1,0,0,3,1,3,3,0,0,4,0,2,0,1,-1,-1,-1,-1,0,10,-1,1,1,3,-1,-1,-1,0,0,1,4,0,10,0,0,0,49.84
1,0,0,0,-1,0,1,5,0,0,0,0,3,-1,2,1,2,0,0,1,1,3,0,1,200,0,9223372036800000000,50,0,10,0,0,7,0,0,1,0,0,0,1,3,3,0,0,4,0,2,0,1,-1,-1,-1,-1,0,10,-1,1,1,3,-1,-1,-1,0,0,1,4,0,10,0,0,0,50.08
1,0,0,0,-1,0,1,5,0,0,0,0,3,-1,3,1,1,0,0,1,1,3,0,1,200,0,9223372036800000000,50,0,10,0,0,7,0,0,1,0,0,0,1,3,3,0,0,4,0,2,0,1,-1,-1,-1,-1,0,10,-1,1,1,3,-1,-1,-1,0,0,1,4,0,10,0,0,0,50.08
1,0,0,0,-1,0,1,5,0,0,0,0,3,1,2,1,1,0,0,1,1,3,0,1,200,0,9223372036800000000,50,0,10,0,0,7,0,0,1,0,0,0,1,3,3,0,0,4,0,2,0,1,-1,-1,-1,-1,0,10,-1,1,1,3,-1,-1,-1,0,0,1,4,0,10,0,0,0,50.08
1,0,0,0,-1,0,1,5,0,0,0,0,3,-1,2,1,1,0,0,1,1,3,0,1,200,0,9223372036800000000,1,0,10,0,0,7,0,0,1,0,0,0,1,3,3,0,0,4,0,2,0,1,-1,-1,-1,-1,0,10,-1,1,1,3,-1,-1,-1,0,0,1,4,0,10,0,0,0,50.08
1,0,0,0,-1,0,1,5,0,0,0,0,3,-1,2,1,1,0,0,1,1,3,0,1,200,0,9223372036800000000,50,0,10,0,0,7,0,0,1,0,0,0,1,3,3,0,0,4,0,2,0,1,-1,-1,-1,-1,0,10,-1,1,1,3,-1,-1,-1,0,0,1,4,0,10,0,0,0,50.08
1,0,0,0,-1,0,1,4,0,0,0,0,3,1,3,2,-1,2,-1,1,1,3,0,-1,800,0,9223372036800000000,40,0,10,0,0,7,0,0,1,0,0,2,1,1,0,0,0,1,3,2,0,1,-1,-1,-1,-1,0,10,-1,1,1,3,-1,-1,-1,0,0,1,0,0,10,0,0,0,26.46
1,0,0,0,-1,0,1,4,0,0,0,0,3,1,3,2,-1,2,-1,1,1,3,0,-1,800,0,9223372036800000000,0,0,10,0,0,7,0,0,1,0,0,2,1,3,0,0,0,1,3,2,0,1,-1,-1,-1,-1,0,10,-1,1,1,3,-1,-1,-1,0,0,1,0,0,10,0,0,0,25.01
1,0,0,0,-1,0,1,4,0,0,0,0,3,1,3,2,-1,2,-1,1,1,3,0,-1,800,0,9223372036800000000,0,0,10,0,0,7,0,0,1,0,0,2,1,1,0,0,0,1,3,2,0,1,-1,-1,-1,-1,0,10,-1,1,1,3,-1,-1,-1,0,0,1,4,0,10,0,0,0,27.06
1,0,0,0,-1,0,1,4,0,0,0,0,3,1,3,2,-1,2,-1,1,1,3,0,-1,800,0,9223372036800000000,0,0,10,0,0,7,0,0,1,0,0,2,1,1,0,0,0,3,3,2,0,1,-1,-1,-1,-1,0,10,-1,1,1,3,-1,-1,-1,0,0,1,0,0,10,0,0,0,24.11
1,0,0,0,-1,0,1,4,0,0,0,0,3,1,3,2,-1,-1,-1,1,1,3,0,-1,800,0,9223372036800000000,0,0,10,0,0,7,0,0,1,0,0,2,1,1,0,0,0,1,3,2,0,1,-1,-1,-1,-1,0,10,-1,1,1,3,-1,-1,-1,0,0,1,0,0,10,0,0,0,25.37
1,0,0,0,-1,0,1,4,0,0,0,0,3,1,3,2,-1,2,-1,1,1,3,0,-1,800,0,9223372036800000000,0,0,10,0,0,7,0,0,1,0,0,2,1,1,0,0,0,5,3,2,0,1,-1,-1,-1,-1,0,10,-1,1,1,3,-1,-1,-1,0,0,1,3,0,10,0,0,0,33.57
1,0,0,0,-1,0,1,4,0,0,0,0,3,1,3,2,-1,2,-1,1,1,3,0,-1,800,0,9223372036800000000,0,0,10,0,0,7,0,0,1,0,0,2,1,1,0,0,0,1,3,2,0,1,-1,-1,-1,-1,0,10,-1,1,1,3,-1,-1,-1,0,0,1,3,0,10,0,0,0,24.05
1,0,0,0,-1,0,1,3,0,0,0,0,-1,3,-1,1,2,0,2,1,1,3,0,8,100,0,9223372036800000000,120,0,10,0,0,7,0,0,1,0,0,0,1,2,3,0,0,0,0,2,0,1,-1,-1,-1,-1,0,10,-1,1,1,3,-1,-1,-1,0,0,1,3,0,10,0,0,0,18.97
1,0,0,0,-1,0,1,3,0,0,0,0,-1,3,0,1,2,0,2,1,1,3,0,8,100,0,9223372036800000000,10,0,10,0,0,7,0,0,1,0,0,0,1,2,3,0,0,0,0,2,0,1,-1,-1,-1,-1,0,10,-1,1,1,3,-1,-1,-1,0,0,1,3,0,10,0,0,0,18.97
1,0,0,0,-1,0,1,3,0,0,0,0,-1,3,-1,1,1,0,2,1,1,3,0,8,100,0,9223372036800000000,240,0,10,0,0,7,0,0,1,0,0,0,1,2,3,0,0,0,0,2,0,1,-1,-1,-1,-1,0,10,-1,1,1,3,-1,-1,-1,0,0,1,2,0,10,0,0,0,20.09
1,0,0,0,-1,0,1,3,0,0,0,0,-1,3,-1,1,2,0,2,1,1,3,0,8,100,0,9223372036800000000,5,0,10,0,0,7,0,0,1,0,0,0,1,2,3,0,0,0,0,2,0,1,-1,-1,-1,-1,0,10,-1,1,1,3,-1,-1,-1,0,0,1,2,0,10,0,0,0,20.09
1,0,0,0,-1,0,1,3,0,0,0,0,-1,3,1,1,2,0,2,1,1,3,0,8,100,0,9223372036800000000,240,0,10,0,0,7,0,0,1,0,0,0,1,2,3,0,0,0,0,2,0,1,-1,-1,-1,-1,0,10,-1,1,1,3,-1,-1,-1,0,0,1,2,0,10,0,0,0,20.09
1,0,0,0,-1,0,1,3,0,0,0,0,-1,3,0,0,-1,1,0,0,0,3,0,8,25,0,9223372036800000000,40,0,10,0,0,7,0,0,1,0,0,2,1,2,2,0,0,4,3,2,0,1,-1,-1,-1,-1,0,10,-1,1,1,3,-1,-1,-1,0,0,1,4,0,10,0,0,0,31.97
1,0,0,0,-1,0,1,3,0,0,0,0,-1,3,-1,1,2,0,2,1,1,3,0,8,100,0,9223372036800000000,240,0,10,0,0,7,0,0,1,0,0,0,1,2,3,0,0,0,0,2,0,1,-1,-1,-1,-1,0,10,-1,1,1,3,-1,-1,-1,0,0,1,2,0,10,0,0,0,20.09
1,0,0,0,-1,0,1,3,0,0,0,0,2,1,2,2,1,2,2,-1,1,3,0,4,800,0,9223372036800000000,40,0,10,0,0,7,0,0,1,0,0,1,1,1,0,0,0,3,2,2,0,1,-1,-1,-1,-1,0,10,-1,1,1,3,-1,-1,-1,0,0,1,5,0,10,0,0,0,22.95
1,0,0,0,-1,0,1,3,0,0,0,0,3,1,2,2,1,2,2,-1,1,3,0,2,800,0,9223372036800000000,40,0,10,0,0,7,0,0,1,0,0,0,1,1,0,0,0,5,2,2,0,1,-1,-1,-1,-1,0,10,-1,1,1,3,-1,-1,-1,0,0,1,5,0,10,0,0,0,40.87
1,0,0,0,-1,0,1,3,0,0,0,0,3,1,2,2,1,2,2,-1,1,3,0,2,800,0,9223372036800000000,40,0,10,0,0,7,0,0,1,0,0,3,1,1,0,0,0,5,2,2,0,1,-1,-1,-1,-1,0,10,-1,1,1,3,-1,-1,-1,0,0,1,5,0,10,0,0,0,34.19
1,0,0,0,-1,0,1,3,0,0,0,0,3,1,2,0,1,2,2,-1,2,3,0,2,800,0,9223372036800000000,40,0,10,0,0,7,0,0,1,0,0,3,1,1,0,0,0,5,2,2,0,1,-1,-1,-1,-1,0,10,-1,1,1,3,-1,-1,-1,0,0,1,5,0,10,0,0,0,34.63
1,0,0,0,-1,0,1,3,0,0,0,0,3,1,2,0,1,2,2,-1,1,3,0,2,800,0,9223372036800000000,40,0,10,0,0,7,0,0,1,0,0,3,1,1,2,0,0,5,2,2,0,1,-1,-1,-1,-1,0,10,-1,1,1,3,-1,-1,-1,0,0,1,5,0,10,0,0,0,34.63
1,0,0,0,-1,0,1,0,0,0,0,0,-1,1,1,2,0,1,0,1,1,3,0,2,150,0,9223372036800000000,240,0,10,0,0,7,0,0,1,0,0,1,1,1,2,0,0,0,0,2,0,1,-1,-1,-1,-1,0,10,-1,1,1,3,-1,-1,-1,0,0,1,3,0,10,0,0,0,18.32
1,0,0,0,-1,0,1,0,0,0,0,0,-1,1,1,2,0,1,0,1,1,3,0,2,150,0,9223372036800000000,20,0,10,0,0,7,0,0,1,0,0,1,1,1,2,0,0,0,0,2,0,1,-1,-1,-1,-1,0,10,-1,1,1,3,-1,-1,-1,0,0,1,3,0,10,0,0,0,18.32
1,0,0,0,-1,0,1,0,0,0,0,0,-1,1,2,2,0,1,0,1,1,3,0,2,150,0,9223372036800000000,1,0,10,0,0,7,0,0,1,0,0,1,1,1,2,0,0,0,0,2,0,1,-1,-1,-1,-1,0,10,-1,1,1,3,-1,-1,-1,0,0,1,3,0,10,0,0,0,18.32
1,0,0,0,-1,0,1,0,0,0,0,0,-1,-1,1,-1,0,1,0,1,1,3,0,2,150,0,9223372036800000000,1,0,10,0,0,7,0,0,1,0,0,1,1,1,2,0,0,0,0,2,0,1,-1,-1,-1,-1,0,10,-1,1,1,3,-1,-1,-1,0,0,1,3,0,10,0,0,0,18.87
1,0,0,0,-1,0,1,0,0,0,0,0,-1,-1,1,2,0,1,0,1,1,3,0,2,150,0,9223372036800000000,1,0,10,0,0,7,0,0,1,0,0,1,1,1,2,0,0,0,0,2,0,1,-1,-1,-1,-1,0,10,-1,1,1,3,-1,-1,-1,0,0,1,3,0,10,0,0,0,18.61
1,0,0,0,-1,0,1,1,0,0,0,0,3,2,0,1,-1,0,1,0,0,3,0,16,400,0,9223372036800000000,120,0,10,0,0,7,0,0,1,0,0,1,1,1,1,0,0,1,-1,2,0,1,-1,-1,-1,-1,0,10,-1,1,1,3,-1,-1,-1,0,0,1,2,0,10,0,0,0,25.17
1,0,0,0,-1,0,1,0,0,0,0,0,-1,-1,2,2,0,1,0,1,1,3,0,2,150,0,9223372036800000000,1,0,10,0,0,7,0,0,1,0,0,1,1,1,2,0,0,1,0,2,0,1,-1,-1,-1,-1,0,10,-1,1,1,3,-1,-1,-1,0,0,1,3,0,10,0,0,0,20.12
1,0,0,0,-1,0,1,0,0,0,0,0,-1,-1,1,2,0,1,0,1,1,3,0,2,150,0,9223372036800000000,1,0,10,0,0,7,0,0,1,0,0,1,1,1,2,0,0,1,0,2,0,1,-1,-1,-1,-1,0,10,-1,1,1,3,-1,-1,-1,0,0,1,3,0,10,0,0,0,20.12
1,0,0,0,-1,0,1,5,0,0,0,0,1,2,1,2,1,0,0,1,0,3,0,-1,50,0,9223372036800000000,0,0,10,0,0,7,0,0,1,0,0,2,1,0,1,0,0,2,-1,2,0,1,-1,-1,-1,-1,0,10,-1,1,1,3,-1,-1,-1,0,0,1,5,0,10,0,0,0,21.32
1,0,0,0,-1,0,1,5,0,0,0,0,1,2,1,2,1,0,0,1,0,3,0,-1,50,0,9223372036800000000,0,0,10,0,0,7,0,0,1,0,0,2,1,2,-1,0,0,2,-1,2,0,1,-1,-1,-1,-1,0,10,-1,1,1,3,-1,-1,-1,0,0,1,5,0,10,0,0,0,22.06
1,0,0,0,-1,0,1,5,0,0,0,0,1,2,2,2,1,0,0,1,0,3,0,-1,50,0,9223372036800000000,0,0,10,0,0,7,0,0,1,0,0,2,1,2,1,0,0,2,-1,2,0,1,-1,-1,-1,-1,0,10,-1,1,1,3,-1,-1,-1,0,0,1,5,0,10,0,0,0,21.49
1,0,0,0,-1,0,1,5,0,0,0,0,1,2,1,2,1,0,0,1,0,3,0,-1,50,0,9223372036800000000,0,0,10,0,0,7,0,0,1,0,0,2,1,2,1,0,0,2,-1,2,0,1,-1,-1,-1,-1,0,10,-1,1,1,3,-1,-1,-1,0,0,1,5,0,10,0,0,0,21.49
1,0,0,0,-1,0,1,5,0,0,0,0,1,2,1,2,1,1,0,1,0,3,0,-1,50,0,9223372036800000000,1e+75,0,10,0,0,7,0,0,1,0,0,2,1,2,3,0,0,2,-1,2,0,1,-1,-1,-1,-1,0,10,-1,1,1,3,-1,-1,-1,0,0,1,5,0,10,0,0,0,22.82
1,0,0,0,-1,0,1,5,0,0,0,0,1,2,1,2,1,1,1,1,0,3,0,-1,50,0,9223372036800000000,1e+75,0,10,0,0,7,0,0,1,0,0,2,1,2,1,0,0,2,-1,2,0,1,-1,-1,-1,-1,0,10,-1,1,1,3,-1,-1,-1,0,0,1,5,0,10,0,0,0,21.99
1,0,0,0,-1,0,1,5,0,0,0,0,1,2,1,2,1,1,0,1,0,3,0,-1,50,0,9223372036800000000,1e+75,0,10,0,0,7,0,0,1,0,0,3,1,2,1,0,0,2,-1,2,0,1,-1,-1,-1,-1,0,10,-1,1,1,3,-1,-1,-1,0,0,1,5,0,10,0,0,0,23.28
1,0,0,0,-1,0,1,5,0,0,0,0,1,2,1,2,1,1,0,1,0,3,0,-1,10,0,9223372036800000000,1e+75,0,10,0,0,7,0,0,1,0,0,2,1,2,1,0,0,2,-1,2,0,1,-1,-1,-1,-1,0,10,-1,1,1,3,-1,-1,-1,0,0,1,5,0,10,0,0,0,22.64
1,0,0,0,-1,0,1,0,0,0,0,0,-1,3,1,1,0,0,2,0,0,3,0,16,800,0,9223372036800000000,10,0,10,0,0,7,0,0,1,0,0,3,1,0,0,0,0,0,0,2,0,1,-1,-1,-1,-1,0,10,-1,1,1,3,-1,-1,-1,0,0,1,0,0,10,0,0,0,20.89
1,0,0,0,-1,0,1,0,0,0,0,0,-1,3,1,1,0,0,2,0,0,3,0,16,800,0,9223372036800000000,10,0,10,0,0,7,0,0,1,0,0,0,1,0,0,0,0,0,0,2,0,1,-1,-1,-1,-1,0,10,-1,1,1,3,-1,-1,-1,0,0,1,0,0,10,0,0,0,18.43
1,0,0,0,-1,0,1,0,0,0,0,0,1,3,1,1,0,1,2,0,0,3,0,16,800,0,9223372036800000000,10,0,10,0,0,7,0,0,1,0,0,0,1,0,0,0,0,0,0,2,0,1,-1,-1,-1,-1,0,10,-1,1,1,3,-1,-1,-1,0,0,1,0,0,10,0,0,0,19.77
1,0,0,0,-1,0,1,0,0,0,0,0,2,3,1,1,0,1,2,0,0,3,0,16,800,0,9223372036800000000,10,0,10,0,0,7,0,0,1,0,0,0,1,0,0,0,0,0,0,2,0,1,-1,-1,-1,-1,0,10,-1,1,1,3,-1,-1,-1,0,0,1,0,0,10,0,0,0,19.77
1,0,0,0,-1,0,1,0,0,0,0,0,-1,3,3,1,0,1,2,0,0,3,0,16,800,0,9223372036800000000,10,0,10,0,0,7,0,0,1,0,0,0,1,0,0,0,0,0,0,2,0,1,-1,-1,-1,-1,0,10,-1,1,1,3,-1,-1,-1,0,0,1,0,0,10,0,0,0,21.23
1,0,0,0,-1,0,1,0,0,0,0,0,-1,3,1,1,0,1,2,0,0,3,0,16,800,0,9223372036800000000,10,0,10,0,0,7,0,0,1,0,0,0,1,0,0,0,0,0,0,2,0,1,-1,-1,-1,-1,0,10,-1,1,1,3,-1,-1,-1,0,0,1,0,0,10,0,0,0,19.77
1,0,0,0,-1,0,1,0,0,0,0,0,-1,3,1,1,0,1,1,0,0,3,0,16,800,0,9223372036800000000,10,0,10,0,0,7,0,0,1,0,0,0,1,0,0,0,0,0,0,2,0,1,-1,-1,-1,-1,0,10,-1,1,1,3,-1,-1,-1,0,0,1,0,0,10,0,0,0,20.83
1,0,0,0,-1,0,1,0,0,0,0,0,-1,3,3,1,1,1,1,0,0,3,0,16,800,0,9223372036800000000,10,0,10,0,0,7,0,0,1,0,0,0,1,0,0,0,0,0,0,2,0,1,-1,-1,-1,-1,0,10,-1,1,1,3,-1,-1,-1,0,0,1,2,0,10,0,0,0,22.03
1,0,0,0,-1,0,1,5,0,0,0,0,0,-1,-1,0,-1,2,-1,0,2,3,0,16,100,0,9223372036800000000,240,0,10,0,0,7,0,0,1,0,0,1,1,3,3,0,0,0,1,2,0,1,-1,-1,-1,-1,0,10,-1,1,1,3,-1,-1,-1,0,0,1,1,0,10,0,0,0,21.29
1,0,0,0,-1,0,1,5,0,0,0,0,0,-1,-1,0,-1,2,-1,0,1,3,0,16,100,0,9223372036800000000,40,0,10,0,0,7,0,0,1,0,0,1,1,3,3,0,0,0,1,2,0,1,-1,-1,-1,-1,0,10,-1,1,1,3,-1,-1,-1,0,0,1,0,0,10,0,0,0,21.44
1,0,0,0,-1,0,1,5,0,0,0,0,0,-1,-1,0,-1,2,-1,0,1,3,0,16,100,0,9223372036800000000,5,0,10,0,0,7,0,0,1,0,0,1,1,3,3,0,0,0,1,2,0,1,-1,-1,-1,-1,0,10,-1,1,1,3,-1,-1,-1,0,0,1,1,0,10,0,0,0,21.71
1,0,0,0,-1,0,1,5,0,0,0,0,0,-1,-1,0,-1,2,-1,0,1,3,0,16,100,0,9223372036800000000,5,0,10,0,0,7,0,0,1,0,0,1,1,3,-1,0,0,0,1,2,0,1,-1,-1,-1,-1,0,10,-1,1,1,3,-1,-1,-1,0,0,1,0,0,10,0,0,0,21.59
1,0,0,0,-1,0,1,5,0,0,0,0,0,0,-1,0,-1,2,-1,0,1,3,0,16,100,0,9223372036800000000,5,0,10,0,0,7,0,0,1,0,0,1,1,3,-1,0,0,0,1,2,0,1,-1,-1,-1,-1,0,10,-1,1,1,3,-1,-1,-1,0,0,1,0,0,10,0,0,0,22.56
1,0,0,0,-1,0,1,5,0,0,0,0,0,0,-1,0,-1,2,-1,0,1,3,0,16,10,0,9223372036800000000,5,0,10,0,0,7,0,0,1,0,0,1,1,3,-1,0,0,5,1,2,0,1,-1,-1,-1,-1,0,10,-1,1,1,3,-1,-1,-1,0,0,1,0,0,10,0,0,0,29.01
1,0,0,0,-1,0,1,5,0,0,0,0,1,1,2,-1,1,0,1,1,-1,3,0,-1,400,0,9223372036800000000,2,0,10,0,0,7,0,0,1,0,0,3,1,1,2,0,0,3,2,2,0,1,-1,-1,-1,-1,0,10,-1,1,1,3,-1,-1,-1,0,0,1,3,0,10,0,0,0,24.05
1,0,0,0,-1,0,1,5,0,0,0,0,1,2,2,-1,1,0,1,1,-1,3,0,-1,400,0,9223372036800000000,2,0,10,0,0,7,0,0,1,0,0,3,1,1,2,0,0,3,2,2,0,1,-1,-1,-1,-1,0,10,-1,1,1,3,-1,-1,-1,0,0,1,3,0,10,0,0,0,24.05
1,0,0,0,-1,0,1,5,0,0,0,0,1,2,2,-1,1,0,1,1,-1,3,0,-1,200,0,9223372036800000000,10,0,10,0,0,7,0,0,1,0,0,3,1,1,2,0,0,4,2,2,0,1,-1,-1,-1,-1,0,10,-1,1,1,3,-1,-1,-1,0,0,1,3,0,10,0,0,0,27.88
1,0,0,0,-1,0,1,5,0,0,0,0,1,2,2,-1,1,0,1,1,-1,3,0,-1,400,0,9223372036800000000,240,0,10,0,0,7,0,0,1,0,0,3,1,1,2,0,0,4,2,2,0,1,-1,-1,-1,-1,0,10,-1,1,1,3,-1,-1,-1,0,0,1,3,0,10,0,0,0,27.89
1,0,0,0,-1,0,1,5,0,0,0,0,1,2,2,-1,1,0,1,1,-1,3,0,-1,400,0,9223372036800000000,50,0,10,0,0,7,0,0,1,0,0,3,1,1,2,0,0,4,2,2,0,1,-1,-1,-1,-1,0,10,-1,1,1,3,-1,-1,-1,0,0,1,3,0,10,0,0,0,27.89
1,0,0,0,-1,0,1,5,0,0,0,0,1,2,2,-1,1,0,1,1,-1,3,0,-1,400,0,9223372036800000000,50,0,10,0,0,7,0,0,1,0,0,3,1,1,2,0,0,4,4,2,0,1,-1,-1,-1,-1,0,10,-1,1,1,3,-1,-1,-1,0,0,1,3,0,10,0,0,0,36.32
1,0,0,0,-1,0,1,4,0,0,0,0,3,1,3,2,-1,2,-1,0,1,3,0,-1,800,0,9223372036800000000,0,0,10,0,0,7,0,0,1,0,0,2,1,1,0,0,0,1,3,2,0,1,-1,-1,-1,-1,0,10,-1,1,1,3,-1,-1,-1,0,0,1,3,0,10,0,0,0,26.84
1,0,0,0,-1,0,1,4,0,0,0,0,1,2,0,2,0,2,2,2,-1,3,0,2,800,0,9223372036800000000,40,0,10,0,0,7,0,0,1,0,0,1,1,0,2,0,0,4,4,2,0,1,-1,-1,-1,-1,0,10,-1,1,1,3,-1,-1,-1,0,0,1,1,0,10,0,0,0,24.01
1,0,0,0,-1,0,1,3,0,0,0,0,2,1,2,2,1,2,2,-1,1,3,0,2,800,0,9223372036800000000,40,0,10,0,0,7,0,0,1,0,0,1,1,2,0,0,0,3,2,2,0,1,-1,-1,-1,-1,0,10,-1,1,1,3,-1,-1,-1,0,0,1,5,0,10,0,0,0,21.9
1,0,0,0,-1,0,1,4,0,0,0,0,1,2,0,2,0,2,2,2,-1,3,0,2,800,0,9223372036800000000,40,0,10,0,0,7,0,0,1,0,0,1,1,0,0,0,0,0,4,2,0,1,-1,-1,-1,-1,0,10,-1,1,1,3,-1,-1,-1,0,0,1,1,0,10,0,0,0,22.28
1,0,0,0,-1,0,1,4,0,0,0,0,1,2,1,2,0,2,2,2,-1,3,0,2,800,0,9223372036800000000,40,0,10,0,0,7,0,0,1,0,0,1,1,0,2,0,0,0,4,2,0,1,-1,-1,-1,-1,0,10,-1,1,1,3,-1,-1,-1,0,0,1,1,0,10,0,0,0,19.65
1,0,0,0,-1,0,1,4,0,0,0,0,1,2,0,2,0,2,2,2,0,3,0,2,800,0,9223372036800000000,40,0,10,0,0,7,0,0,1,0,0,1,1,0,2,0,0,0,4,2,0,1,-1,-1,-1,-1,0,10,-1,1,1,3,-1,-1,-1,0,0,1,1,0,10,0,0,0,19.73
1,0,0,0,-1,0,1,4,0,0,0,0,1,2,0,2,0,2,-1,2,-1,3,0,2,800,0,9223372036800000000,40,0,10,0,0,7,0,0,1,0,0,1,1,0,2,0,0,0,4,2,0,1,-1,-1,-1,-1,0,10,-1,1,1,3,-1,-1,-1,0,0,1,1,0,10,0,0,0,24.19
1,0,0,0,-1,0,1,0,0,0,0,0,1,2,0,2,0,2,2,2,-1,3,0,2,800,0,9223372036800000000,40,0,10,0,0,7,0,0,1,0,0,1,1,0,2,0,0,0,4,2,0,1,-1,-1,-1,-1,0,10,-1,1,1,3,-1,-1,-1,0,0,1,1,0,10,0,0,0,21.43
1,0,0,0,-1,0,1,4,0,0,0,0,1,2,0,2,0,2,2,2,-1,3,0,2,800,0,9223372036800000000,40,0,10,0,0,7,0,0,1,0,0,1,1,0,2,0,0,0,4,2,0,1,-1,-1,-1,-1,0,10,-1,1,1,3,-1,-1,-1,0,0,1,1,0,10,0,0,0,19.33
1,0,0,0,-1,0,1,4,0,0,0,0,1,2,0,2,0,2,2,2,-1,3,0,2,800,0,9223372036800000000,40,0,10,0,0,7,0,0,1,0,0,1,1,0,2,0,0,1,4,2,0,1,-1,-1,-1,-1,0,10,-1,1,1,3,-1,-1,-1,0,0,1,1,0,10,0,0,0,22.26
1,0,0,0,-1,0,1,3,0,0,0,0,1,-1,2,0,0,2,2,2,0,3,0,-1,200,0,9223372036800000000,60,0,10,0,0,7,0,0,1,0,0,0,1,0,2,0,0,3,1,2,0,1,-1,-1,-1,-1,0,10,-1,1,1,3,-1,-1,-1,0,0,1,2,0,10,0,0,0,24.06
1,0,0,0,-1,0,1,3,0,0,0,0,1,-1,2,0,0,2,2,2,0,3,0,-1,200,0,9223372036800000000,10,0,10,0,0,7,0,0,1,0,0,0,1,0,2,0,0,3,1,2,0,1,-1,-1,-1,-1,0,10,-1,1,1,3,-1,-1,-1,0,0,1,3,0,10,0,0,0,27.23
1,0,0,0,-1,0,1,1,0,0,0,0,2,3,-1,1,-1,1,2,0,1,3,0,-1,150,0,9223372036800000000,40,0,10,0,0,7,0,0,1,0,0,3,1,0,1,0,0,3,2,2,0,1,-1,-1,-1,-1,0,10,-1,1,1,3,-1,-1,-1,0,0,1,1,0,10,0,0,0,24.88
1,0,0,0,-1,0,1,3,0,0,0,0,1,-1,2,0,0,2,2,2,0,3,0,-1,200,0,9223372036800000000,10,0,10,0,0,7,0,0,1,0,0,0,1,0,2,0,0,3,2,2,0,1,-1,-1,-1,-1,0,10,-1,1,1,3,-1,-1,-1,0,0,1,2,0,10,0,0,0,29.3
1,0,0,0,-1,0,1,3,0,0,0,0,1,-1,2,0,0,2,2,2,0,3,0,-1,200,0,9223372036800000000,2,0,10,0,0,7,0,0,1,0,0,0,1,0,2,0,0,3,1,2,0,1,-1,-1,-1,-1,0,10,-1,1,1,3,-1,-1,-1,0,0,1,2,0,10,0,0,0,24.06
1,0,0,0,-1,0,1,3,0,0,0,0,1,-1,2,0,0,2,2,2,0,3,0,-1,200,0,9223372036800000000,240,0,10,0,0,7,0,0,1,0,0,0,1,0,2,0,0,3,1,2,0,1,-1,-1,-1,-1,0,10,-1,1,1,3,-1,-1,-1,0,0,1,2,0,10,0,0,0,24.06
1,0,0,0,-1,0,1,3,0,0,0,0,2,-1,2,0,0,2,2,2,0,3,0,-1,200,0,9223372036800000000,10,0,10,0,0,7,0,0,1,0,0,0,1,0,2,0,0,3,1,2,0,1,-1,-1,-1,-1,0,10,-1,1,1,3,-1,-1,-1,0,0,1,2,0,10,0,0,0,24.06
1,0,0,0,-1,0,1,3,0,0,0,0,1,-1,2,1,0,2,2,2,0,3,0,-1,200,0,9223372036800000000,10,0,10,0,0,7,0,0,1,0,0,0,1,0,2,0,0,3,1,2,0,1,-1,-1,-1,-1,0,10,-1,1,1,3,-1,-1,-1,0,0,1,2,0,10,0,0,0,24.61
1,0,0,0,-1,0,1,3,0,0,0,0,1,-1,2,0,0,2,2,2,0,3,0,-1,200,0,9223372036800000000,10,0,10,0,0,7,0,0,1,0,0,0,1,0,2,0,0,3,1,2,0,1,-1,-1,-1,-1,0,10,-1,1,1,3,-1,-1,-1,0,0,1,4,0,10,0,0,0,25.33
1,0,0,0,-1,0,1,3,0,0,0,0,1,-1,2,0,0,2,2,2,0,3,0,-1,200,0,9223372036800000000,10,0,10,0,0,7,0,0,1,0,0,0,1,0,2,0,0,3,1,2,0,1,-1,-1,-1,-1,0,10,-1,1,1,3,-1,-1,-1,0,0,1,2,0,10,0,0,0,24.06
1,0,0,0,-1,0,1,3,0,0,0,0,2,1,3,2,2,-1,1,-1,2,3,0,16,150,0,9223372036800000000,60,0,10,0,0,7,0,0,1,0,0,0,1,3,3,0,0,4,2,2,0,1,-1,-1,-1,-1,0,10,-1,1,1,3,-1,-1,-1,0,0,1,0,0,10,0,0,0,29.46
1,0,0,0,-1,0,1,4,0,0,0,0,2,1,3,2,2,-1,1,-1,2,3,0,16,150,0,9223372036800000000,60,0,10,0,0,7,0,0,1,0,0,0,1,3,3,0,0,4,2,2,0,1,-1,-1,-1,-1,0,10,-1,1,1,3,-1,-1,-1,0,0,1,0,0,10,0,0,0,28.41
1,0,0,0,-1,0,1,5,0,0,0,0,2,1,3,1,2,-1,1,-1,2,3,0,16,150,0,9223372036800000000,40,0,10,0,0,7,0,0,1,0,0,0,1,3,3,0,0,4,2,2,0,1,-1,-1,-1,-1,0,10,-1,1,1,3,-1,-1,-1,0,0,1,3,0,10,0,0,0,33.56
1,0,0,0,-1,0,1,5,0,0,0,0,2,1,3,1,2,-1,1,-1,2,3,0,16,150,0,9223372036800000000,60,0,10,0,0,7,0,0,1,0,0,0,1,3,3,0,0,4,2,2,0,1,-1,-1,-1,-1,0,10,-1,1,1,3,-1,-1,-1,0,0,1,3,0,10,0,0,0,33.56
1,0,0,0,-1,0,1,5,0,0,0,0,2,-1,3,1,2,2,1,-1,2,3,0,16,150,0,9223372036800000000,60,0,10,0,0,7,0,0,1,0,0,0,1,3,3,0,0,4,2,2,0,1,-1,-1,-1,-1,0,10,-1,1,1,3,-1,-1,-1,0,0,1,1,0,10,0,0,0,34.6
1,0,0,0,-1,0,1,5,0,0,0,0,2,1,3,1,2,2,1,-1,2,3,0,16,150,0,9223372036800000000,60,0,10,0,0,7,0,0,1,0,0,0,1,3,3,0,0,4,2,2,0,1,-1,-1,-1,-1,0,10,-1,1,1,3,-1,-1,-1,0,0,1,1,0,10,0,0,0,34.58
1,0,0,0,-1,0,1,5,0,0,0,0,1,1,3,1,2,2,1,-1,2,3,0,16,150,0,9223372036800000000,60,0,10,0,0,7,0,0,1,0,0,0,1,3,3,0,0,4,2,2,0,1,-1,-1,-1,-1,0,10,-1,1,1,3,-1,-1,-1,0,0,1,1,0,10,0,0,0,34.6
1,0,0,0,-1,0,1,2,0,0,0,0,-1,1,-1,-1,-1,1,2,0,0,3,0,1,10,0,9223372036800000000,40,0,10,0,0,7,0,0,1,0,0,1,1,-1,3,0,0,1,0,2,0,1,-1,-1,-1,-1,0,10,-1,1,1,3,-1,-1,-1,0,0,1,0,0,10,0,0,0,40.32
1,0,0,0,-1,0,1,2,0,0,0,0,-1,1,-1,-1,-1,1,2,0,0,3,0,1,10,0,9223372036800000000,40,0,10,0,0,7,0,0,1,0,0,1,1,-1,3,0,0,1,0,2,0,1,-1,-1,-1,-1,0,10,-1,1,1,3,-1,-1,-1,0,0,1,1,0,10,0,0,0,40.11
1,0,0,0,-1,0,1,2,0,0,0,0,-1,1,-1,-1,-1,1,2,0,0,3,0,1,10,0,9223372036800000000,40,0,10,0,0,7,0,0,1,0,0,1,1,-1,3,0,0,1,0,2,0,1,-1,-1,-1,-1,0,10,-1,1,1,3,-1,-1,-1,0,0,1,3,0,10,0,0,0,42.13
1,0,0,0,-1,0,1,2,0,0,0,0,-1,1,-1,-1,-1,1,2,0,0,3,0,1,50,0,9223372036800000000,60,0,10,0,0,7,0,0,1,0,0,1,1,-1,3,0,0,1,0,2,0,1,-1,-1,-1,-1,0,10,-1,1,1,3,-1,-1,-1,0,0,1,3,0,10,0,0,0,42.2
1,0,0,0,-1,0,1,2,0,0,0,0,-1,1,-1,-1,-1,1,2,0,0,3,0,1,400,0,9223372036800000000,60,0,10,0,0,7,0,0,1,0,0,1,1,-1,3,0,0,1,0,2,0,1,-1,-1,-1,-1,0,10,-1,1,1,3,-1,-1,-1,0,0,1,3,0,10,0,0,0,42.19
1,0,0,0,-1,0,1,2,0,0,0,0,-1,1,-1,-1,-1,1,2,0,0,3,0,1,10,0,9223372036800000000,60,0,10,0,0,7,0,0,1,0,0,1,1,1,3,0,0,1,0,2,0,1,-1,-1,-1,-1,0,10,-1,1,1,3,-1,-1,-1,0,0,1,3,0,10,0,0,0,42.56
1,0,0,0,-1,0,1,2,0,0,0,0,-1,1,-1,-1,-1,1,2,0,0,3,0,1,10,0,9223372036800000000,60,0,10,0,0,7,0,0,1,0,0,1,1,-1,3,0,0,1,0,2,0,1,-1,-1,-1,-1,0,10,-1,1,1,3,-1,-1,-1,0,0,1,3,0,10,0,0,0,42.16
1,0,0,0,-1,0,1,2,0,0,0,0,-1,1,-1,-1,-1,1,2,0,0,3,0,1,10,0,9223372036800000000,2,0,10,0,0,7,0,0,1,0,0,1,1,-1,3,0,0,1,0,2,0,1,-1,-1,-1,-1,0,10,-1,1,1,3,-1,-1,-1,0,0,1,3,0,10,0,0,0,42.21
1,0,0,0,-1,0,1,3,0,0,0,0,2,-1,3,-1,1,0,0,0,-1,3,0,8,150,0,9223372036800000000,10,0,10,0,0,7,0,0,1,0,0,1,1,2,2,0,0,1,1,2,0,1,-1,-1,-1,-1,0,10,-1,1,1,3,-1,-1,-1,0,0,1,3,0,10,0,0,0,23.83
1,0,0,0,-1,0,1,3,0,0,0,0,2,-1,-1,-1,1,0,0,0,1,3,0,8,150,0,9223372036800000000,10,0,10,0,0,7,0,0,1,0,0,1,1,2,2,0,0,1,1,2,0,1,-1,-1,-1,-1,0,10,-1,1,1,3,-1,-1,-1,0,0,1,3,0,10,0,0,0,24.07
1,0,0,0,-1,0,1,3,0,0,0,0,2,-1,-1,-1,1,0,0,0,-1,3,0,8,150,0,9223372036800000000,10,0,10,0,0,7,0,0,1,0,0,1,1,2,2,0,0,1,1,2,0,1,-1,-1,-1,-1,0,10,-1,1,1,3,-1,-1,-1,0,0,1,3,0,10,0,0,0,23.37
1,0,0,0,-1,0,1,3,0,0,0,0,2,1,2,2,1,2,2,0,1,3,0,2,800,0,9223372036800000000,40,0,10,0,0,7,0,0,1,0,0,1,1,1,0,0,0,5,2,2,0,1,-1,-1,-1,-1,0,10,-1,1,1,3,-1,-1,-1,0,0,1,5,0,10,0,0,0,34.31
1,0,0,0,-1,0,1,3,0,0,0,0,2,-1,-1,-1,1,0,0,0,-1,3,0,8,150,0,9223372036800000000,10,0,10,0,0,7,0,0,1,0,0,0,1,2,2,0,0,5,1,2,0,1,-1,-1,-1,-1,0,10,-1,1,1,3,-1,-1,-1,0,0,1,3,0,10,0,0,0,39.3
1,0,0,0,-1,0,1,3,0,0,0,0,2,-1,-1,-1,1,0,0,0,-1,3,0,8,100,0,9223372036800000000,10,0,10,0,0,7,0,0,1,0,0,1,1,2,2,0,0,5,1,2,0,1,-1,-1,-1,-1,0,10,-1,1,1,3,-1,-1,-1,0,0,1,3,0,10,0,0,0,29.39
1,0,0,0,-1,0,1,3,0,0,0,0,2,-1,-1,-1,1,0,0,0,-1,3,0,8,150,0,9223372036800000000,10,0,10,0,0,7,0,0,1,0,0,1,1,2,2,0,0,5,1,2,0,1,-1,-1,-1,-1,0,10,-1,1,1,3,-1,-1,-1,0,0,1,3,0,10,0,0,0,29.39
1,0,0,0,-1,0,1,3,0,0,0,0,2,3,-1,-1,1,0,0,0,-1,3,0,8,150,0,9223372036800000000,10,0,10,0,0,7,0,0,1,0,0,1,1,2,2,0,0,5,1,2,0,1,-1,-1,-1,-1,0,10,-1,1,1,3,-1,-1,-1,0,0,1,4,0,10,0,0,0,31.68
1,0,0,0,-1,0,1,3,0,0,0,0,2,-1,-1,-1,1,1,0,0,-1,3,0,8,150,0,9223372036800000000,10,0,10,0,0,7,0,0,1,0,0,1,1,2,2,0,0,5,1,2,0,1,-1,-1,-1,-1,0,10,-1,1,1,3,-1,-1,-1,0,0,1,4,0,10,0,0,0,32.85
1,0,0,0,-1,0,1,3,0,0,0,0,-1,-1,-1,-1,1,0,0,0,-1,3,0,8,150,0,9223372036800000000,10,0,10,0,0,7,0,0,1,0,0,1,1,2,2,0,0,5,1,2,0,1,-1,-1,-1,-1,0,10,-1,1,1,3,-1,-1,-1,0,0,1,4,0,10,0,0,0,31.68
1,0,0,0,-1,0,1,3,0,0,0,0,2,-1,-1,-1,1,0,0,0,-1,3,0,8,150,0,9223372036800000000,10,0,10,0,0,7,0,0,1,0,0,1,1,2,2,0,0,5,1,2,0,1,-1,-1,-1,-1,0,10,-1,1,1,3,-1,-1,-1,0,0,1,4,0,10,0,0,0,31.68
1,0,0,0,-1,0,1,5,0,0,0,0,3,2,-1,0,-1,-1,-1,2,0,3,0,-1,100,0,9223372036800000000,40,0,10,0,0,7,0,0,1,0,0,2,1,3,2,0,0,2,4,2,0,1,-1,-1,-1,-1,0,10,-1,1,1,3,-1,-1,-1,0,0,1,3,0,10,0,0,0,22.47
1,0,0,0,-1,0,1,5,0,0,0,0,3,2,-1,0,-1,-1,-1,2,0,3,0,-1,100,0,9223372036800000000,40,0,10,0,0,7,0,0,1,0,0,2,1,-1,2,0,0,2,4,2,0,1,-1,-1,-1,-1,0,10,-1,1,1,3,-1,-1,-1,0,0,1,3,0,10,0,0,0,22.47
1,0,0,0,-1,0,1,5,0,0,0,0,3,2,-1,0,-1,-1,-1,2,0,3,0,-1,100,0,9223372036800000000,40,0,10,0,0,7,0,0,1,0,0,2,1,-1,2,0,0,3,4,2,0,1,-1,-1,-1,-1,0,10,-1,1,1,3,-1,-1,-1,0,0,1,3,0,10,0,0,0,27.53
1,0,0,0,-1,0,1,3,0,0,0,0,-1,3,-1,1,2,0,2,1,1,3,0,8,100,0,9223372036800000000,240,0,10,0,0,7,0,0,1,0,0,0,1,2,3,0,0,0,0,2,0,1,-1,-1,-1,-1,0,10,-1,1,1,3,-1,-1,-1,0,0,1,3,0,10,0,0,0,18.97
1,0,0,0,-1,0,1,5,0,0,0,0,3,2,-1,0,-1,-1,-1,1,0,3,0,-1,100,0,9223372036800000000,40,0,10,0,0,7,0,0,1,0,0,2,1,-1,2,0,0,3,3,2,0,1,-1,-1,-1,-1,0,10,-1,1,1,3,-1,-1,-1,0,0,1,3,0,10,0,0,0,25.79
1,0,0,0,-1,0,1,0,0,0,0,0,0,1,-1,-1,-1,0,2,-1,1,3,0,4,25,0,9223372036800000000,50,0,10,0,0,7,0,0,1,0,0,1,1,2,-1,0,0,4,0,2,0,1,-1,-1,-1,-1,0,10,-1,1,1,3,-1,-1,-1,0,0,1,5,0,10,0,0,0,32.69
1,0,0,0,-1,0,1,0,0,0,0,0,0,1,-1,-1,-1,0,2,-1,1,3,0,4,25,0,9223372036800000000,120,0,10,0,0,7,0,0,1,0,0,1,1,2,-1,0,0,4,0,2,0,1,-1,-1,-1,-1,0,10,-1,1,1,3,-1,-1,-1,0,0,1,5,0,10,0,0,0,32.69
1,0,0,0,-1,0,1,0,0,0,0,0,0,1,-1,-1,-1,0,2,-1,1,3,0,4,400,0,9223372036800000000,120,0,10,0,0,7,0,0,1,0,0,1,1,2,-1,0,0,4,0,2,0,1,-1,-1,-1,-1,0,10,-1,1,1,3,-1,-1,-1,0,0,1,3,0,10,0,0,0,34.82
1,0,0,0,-1,0,1,0,0,0,0,0,0,1,-1,-1,-1,0,2,-1,1,3,0,4,25,0,9223372036800000000,120,0,10,0,0,7,0,0,1,0,0,0,1,2,-1,0,0,4,0,2,0,1,-1,-1,-1,-1,0,10,-1,1,1,3,-1,-1,-1,0,0,1,3,0,10,0,0,0,34.9
1,0,0,0,-1,0,1,2,0,0,0,0,1,1,-1,1,0,1,-1,0,1,3,0,2,200,0,9223372036800000000,1e+75,0,10,0,0,7,0,0,1,0,0,0,1,2,3,0,0,4,4,2,0,1,-1,-1,-1,-1,0,10,-1,1,1,3,-1,-1,-1,0,0,1,0,0,10,0,0,0,25.97
1,0,0,0,-1,0,1,2,0,0,0,0,1,1,-1,1,0,1,-1,0,1,3,0,2,200,0,9223372036800000000,1e+75,0,10,0,0,7,0,0,1,0,0,0,1,2,3,0,0,3,4,2,0,1,-1,-1,-1,-1,0,10,-1,1,1,3,-1,-1,-1,0,0,1,0,0,10,0,0,0,26.29
1,0,0,0,-1,0,1,2,0,0,0,0,1,1,-1,1,0,1,-1,0,1,3,0,2,200,0,9223372036800000000,0,0,10,0,0,7,0,0,1,0,0,0,1,2,-1,0,0,3,4,2,0,1,-1,-1,-1,-1,0,10,-1,1,1,3,-1,-1,-1,0,0,1,0,0,10,0,0,0,26.34
1,0,0,0,-1,0,1,2,0,0,0,0,1,1,-1,1,0,1,-1,0,1,3,0,2,200,0,9223372036800000000,1e+75,0,10,0,0,7,0,0,1,0,0,0,1,2,-1,0,0,3,-1,2,0,1,-1,-1,-1,-1,0,10,-1,1,1,3,-1,-1,-1,0,0,1,0,0,10,0,0,0,29.03
1,0,0,0,-1,0,1,4,0,0,0,0,-1,3,3,1,1,2,-1,0,-1,3,0,16,400,0,9223372036800000000,50,0,10,0,0,7,0,0,1,0,0,2,1,2,0,0,0,4,0,2,0,1,-1,-1,-1,-1,0,10,-1,1,1,3,-1,-1,-1,0,0,1,2,0,10,0,0,0,29.68
1,0,0,0,-1,0,1,1,0,0,0,0,3,2,0,1,-1,0,1,0,0,3,0,16,400,0,9223372036800000000,1e+75,0,10,0,0,7,0,0,1,0,0,1,1,1,-1,0,0,0,-1,2,0,1,-1,-1,-1,-1,0,10,-1,1,1,3,-1,-1,-1,0,0,1,2,0,10,0,0,0,22.7
1,0,0,0,-1,0,1,4,0,0,0,0,-1,3,1,1,1,2,-1,0,-1,3,0,16,400,0,9223372036800000000,50,0,10,0,0,7,0,0,1,0,0,2,1,1,0,0,0,4,0,2,0,1,-1,-1,-1,-1,0,10,-1,1,1,3,-1,-1,-1,0,0,1,2,0,10,0,0,0,25.41
1,0,0,0,-1,0,1,4,0,0,0,0,2,3,1,1,1,2,-1,0,-1,3,0,16,400,0,9223372036800000000,50,0,10,0,0,7,0,0,1,0,0,2,1,2,0,0,0,4,0,2,0,1,-1,-1,-1,-1,0,10,-1,1,1,3,-1,-1,-1,0,0,1,2,0,10,0,0,0,25.41
1,0,0,0,-1,0,1,4,0,0,0,0,-1,3,1,1,1,2,-1,0,-1,3,0,16,400,0,9223372036800000000,50,0,10,0,0,7,0,0,1,0,0,2,1,-1,0,0,0,4,0,2,0,1,-1,-1,-1,-1,0,10,-1,1,1,3,-1,-1,-1,0,0,1,2,0,10,0,0,0,25.32
1,0,0,0,-1,0,1,4,0,0,0,0,-1,3,1,1,1,-1,-1,0,-1,3,0,16,400,0,9223372036800000000,50,0,10,0,0,7,0,0,1,0,0,2,1,2,0,0,0,4,0,2,0,1,-1,-1,-1,-1,0,10,-1,1,1,3,-1,-1,-1,0,0,1,2,0,10,0,0,0,25.64
1,0,0,0,-1,0,1,4,0,0,0,0,-1,3,1,1,1,2,-1,0,-1,3,0,16,400,0,9223372036800000000,50,0,10,0,0,7,0,0,1,0,0,2,1,2,0,0,0,4,0,2,0,1,-1,-1,-1,-1,0,10,-1,1,1,3,-1,-1,-1,0,0,1,2,0,10,0,0,0,25.32
1,0,0,0,-1,0,1,4,0,0,0,0,-1,3,1,-1,-1,2,-1,0,-1,3,0,16,400,0,9223372036800000000,50,0,10,0,0,7,0,0,1,0,0,2,1,2,0,0,0,4,0,2,0,1,-1,-1,-1,-1,0,10,-1,1,1,3,-1,-1,-1,0,0,1,2,0,10,0,0,0,30.89
1,0,0,0,-1,0,1,4,0,0,0,0,-1,3,1,-1,1,2,-1,-1,-1,3,0,16,400,0,9223372036800000000,50,0,10,0,0,7,0,0,1,0,0,2,1,2,0,0,0,4,0,2,0,1,-1,-1,-1,-1,0,10,-1,1,1,3,-1,-1,-1,0,0,1,2,0,10,0,0,0,38.7
1,0,0,0,-1,0,1,4,0,0,0,0,-1,3,1,-1,1,2,-1,0,-1,3,0,16,400,0,9223372036800000000,50,0,10,0,0,7,0,0,1,0,0,2,1,2,0,0,0,4,0,2,0,1,-1,-1,-1,-1,0,10,-1,1,1,3,-1,-1,-1,0,0,1,2,0,10,0,0,0,30.89
1,0,0,0,-1,0,1,5,0,0,0,0,1,-1,3,1,0,1,2,1,0,3,0,-1,150,0,9223372036800000000,0,0,10,0,0,7,0,0,1,0,0,3,1,2,-1,0,0,0,1,2,0,1,-1,-1,-1,-1,0,10,-1,1,1,3,-1,-1,-1,0,0,1,0,0,10,0,0,0,24.12
1,0,0,0,-1,0,1,5,0,0,0,0,1,-1,3,1,0,1,2,1,0,3,0,-1,150,0,9223372036800000000,20,0,10,0,0,7,0,0,1,0,0,3,1,2,1,0,0,0,1,2,0,1,-1,-1,-1,-1,0,10,-1,1,1,3,-1,-1,-1,0,0,1,0,0,10,0,0,0,23.89
1,0,0,0,-1,0,1,5,0,0,0,0,1,-1,3,1,0,1,2,1,0,3,0,-1,150,0,9223372036800000000,20,0,10,0,0,7,0,0,1,0,0,3,1,2,3,0,0,0,1,2,0,1,-1,-1,-1,-1,0,10,-1,1,1,3,-1,-1,-1,0,0,1,0,0,10,0,0,0,23.37
1,0,0,0,-1,0,1,5,0,0,0,0,1,-1,3,1,0,1,2,1,0,3,0,1,50,0,9223372036800000000,20,0,10,0,0,7,0,0,1,0,0,3,1,2,3,0,0,0,1,2,0,1,-1,-1,-1,-1,0,10,-1,1,1,3,-1,-1,-1,0,0,1,0,0,10,0,0,0,47.38
1,0,0,0,-1,0,1,5,0,0,0,0,1,-1,3,1,0,1,2,1,0,3,0,1,150,0,9223372036800000000,20,0,10,0,0,7,0,0,1,0,0,3,1,2,3,0,0,0,1,2,0,1,-1,-1,-1,-1,0,10,-1,1,1,3,-1,-1,-1,0,0,1,0,0,10,0,0,0,47.33
1,0,0,0,-1,0,1,5,0,0,0,0,1,-1,3,1,0,1,2,1,-1,3,0,1,150,0,9223372036800000000,40,0,10,0,0,7,0,0,1,0,0,3,1,2,3,0,0,0,1,2,0,1,-1,-1,-1,-1,0,10,-1,1,1,3,-1,-1,-1,0,0,1,0,0,10,0,0,0,47.38
1,0,0,0,-1,0,1,5,0,0,0,0,1,-1,3,1,0,1,2,1,-1,3,0,1,150,0,9223372036800000000,20,0,10,0,0,7,0,0,1,0,0,3,1,2,3,0,0,0,1,2,0,1,-1,-1,-1,-1,0,10,-1,1,1,3,-1,-1,-1,0,0,1,0,0,10,0,0,0,47.34
1,0,0,0,-1,0,1,5,0,0,0,0,1,-1,-1,1,0,1,2,0,-1,3,0,1,150,0,9223372036800000000,20,0,10,0,0,7,0,0,1,0,0,3,1,2,3,0,0,0,1,2,0,1,-1,-1,-1,-1,0,10,-1,1,1,3,-1,-1,-1,0,0,1,0,0,10,0,0,0,47.38
1,0,0,0,-1,0,1,5,0,0,0,0,1,-1,3,1,0,1,2,0,-1,3,0,1,150,0,9223372036800000000,20,0,10,0,0,7,0,0,1,0,0,3,1,2,3,0,0,0,1,2,0,1,-1,-1,-1,-1,0,10,-1,1,1,3,-1,-1,-1,0,0,1,0,0,10,0,0,0,47.38
1,0,0,0,-1,0,1,0,0,0,0,0,0,0,-1,0,-1,0,0,-1,0,3,0,-1,200,0,9223372036800000000,2,0,10,0,0,7,0,0,1,0,0,1,1,0,0,0,0,0,0,2,0,1,-1,-1,-1,-1,0,10,-1,1,1,3,-1,-1,-1,0,0,1,0,0,10,0,0,0,14.44
1,0,0,0,-1,0,1,0,0,0,0,0,0,0,-1,0,-1,0,0,0,0,3,0,-1,200,0,9223372036800000000,2,0,10,0,0,7,0,0,1,0,0,1,1,0,0,0,0,0,0,2,0,1,-1,-1,-1,-1,0,10,-1,1,1,3,-1,-1,-1,0,0,1,0,0,10,0,0,0,12.77
1,0,0,0,-1,0,1,0,0,0,0,0,0,0,2,0,-1,0,0,0,0,3,0,-1,100,0,9223372036800000000,2,0,10,0,0,7,0,0,1,0,0,0,1,0,0,0,0,0,0,2,0,1,-1,-1,-1,-1,0,10,-1,1,1,3,-1,-1,-1,0,0,1,0,0,10,0,0,0,19.13
1,0,0,0,-1,0,1,0,0,0,0,0,0,0,2,0,-1,0,0,0,0,3,0,-1,100,0,9223372036800000000,2,0,10,0,0,7,0,0,1,0,0,1,1,0,0,0,0,0,1,2,0,1,-1,-1,-1,-1,0,10,-1,1,1,3,-1,-1,-1,0,0,1,0,0,10,0,0,0,19.22
1,0,0,0,-1,0,1,0,0,0,0,0,0,0,2,0,-1,0,0,1,0,3,0,-1,100,0,9223372036800000000,2,0,10,0,0,7,0,0,1,0,0,1,1,0,0,0,0,0,0,2,0,1,-1,-1,-1,-1,0,10,-1,1,1,3,-1,-1,-1,0,0,1,0,0,10,0,0,0,13.75
1,0,0,0,-1,0,1,0,0,0,0,0,0,0,2,0,-1,0,0,0,0,3,0,-1,100,0,9223372036800000000,2,0,10,0,0,7,0,0,1,0,0,1,1,0,0,0,0,0,0,2,0,1,-1,-1,-1,-1,0,10,-1,1,1,3,-1,-1,-1,0,0,1,2,0,10,0,0,0,12.46
1,0,0,0,-1,0,1,5,0,0,0,0,3,-1,2,1,1,0,0,1,-1,3,0,1,200,0,9223372036800000000,50,0,10,0,0,7,0,0,1,0,0,0,1,3,3,0,0,4,0,2,0,1,-1,-1,-1,-1,0,10,-1,1,1,3,-1,-1,-1,0,0,1,4,0,10,0,0,0,50.08
1,0,0,0,-1,0,1,0,0,0,0,0,0,0,2,0,-1,0,0,0,0,3,0,-1,100,0,9223372036800000000,2,0,10,0,0,7,0,0,1,0,0,1,1,0,0,0,0,0,0,2,0,1,-1,-1,-1,-1,0,10,-1,1,1,3,-1,-1,-1,0,0,1,1,0,10,0,0,0,16.25
1,0,0,0,-1,0,1,0,0,0,0,0,0,0,2,0,-1,0,0,0,0,3,0,-1,100,0,9223372036800000000,2,0,10,0,0,7,0,0,1,0,0,1,1,0,0,0,0,5,0,2,0,1,-1,-1,-1,-1,0,10,-1,1,1,3,-1,-1,-1,0,0,1,0,0,10,0,0,0,29.99
1,0,0,0,-1,0,1,0,0,0,0,0,0,0,2,0,-1,0,0,0,0,3,0,-1,100,0,9223372036800000000,2,0,10,0,0,7,0,0,1,0,0,1,1,0,0,0,0,4,0,2,0,1,-1,-1,-1,-1,0,10,-1,1,1,3,-1,-1,-1,0,0,1,0,0,10,0,0,0,23.91
1,0,0,0,-1,0,1,0,0,0,0,0,0,0,2,0,-1,0,0,0,0,3,0,-1,100,0,9223372036800000000,2,0,10,0,0,7,0,0,1,0,0,1,1,0,0,0,0,2,0,2,0,1,-1,-1,-1,-1,0,10,-1,1,1,3,-1,-1,-1,0,0,1,0,0,10,0,0,0,13
1,0,0,0,-1,0,1,2,0,0,0,0,1,1,-1,1,0,1,-1,0,1,3,0,2,200,0,9223372036800000000,1e+75,0,10,0,0,7,0,0,1,0,0,0,1,2,-1,0,0,3,4,2,0,1,-1,-1,-1,-1,0,10,-1,1,1,3,-1,-1,-1,0,0,1,0,0,10,0,0,0,26.34
1,0,0,0,-1,0,1,0,0,0,0,0,0,0,2,0,-1,0,0,0,0,3,0,-1,100,0,9223372036800000000,2,0,10,0,0,7,0,0,1,0,0,1,1,0,0,0,0,1,0,2,0,1,-1,-1,-1,-1,0,10,-1,1,1,3,-1,-1,-1,0,0,1,0,0,10,0,0,0,18.45
1,0,0,0,-1,0,1,0,0,0,0,0,0,0,2,0,-1,0,0,0,0,3,0,-1,100,0,9223372036800000000,2,0,10,0,0,7,0,0,1,0,0,1,1,0,0,0,6,0,0,2,0,1,-1,-1,-1,-1,0,10,-1,1,1,3,-1,-1,-1,0,0,1,0,0,10,0,0,0,13.23
1,0,0,0,-1,0,1,0,0,0,0,0,0,0,2,0,-1,0,0,0,0,3,0,-1,100,0,9223372036800000000,2,0,10,0,0,7,0,0,1,0,0,1,1,0,0,0,4,0,0,2,0,1,-1,-1,-1,-1,0,10,-1,1,1,3,-1,-1,-1,0,0,1,0,0,10,0,0,0,15.11
1,0,0,0,-1,0,1,0,0,0,0,0,0,0,2,0,-1,0,0,0,0,3,0,-1,100,0,9223372036800000000,2,0,10,0,0,7,0,0,1,0,0,1,1,0,0,0,3,0,0,2,0,1,-1,-1,-1,-1,0,10,-1,1,1,3,-1,-1,-1,0,0,1,0,0,10,0,0,0,15.28
1,0,0,0,-1,0,1,0,0,0,0,0,0,0,2,0,-1,0,0,0,0,3,0,-1,100,0,9223372036800000000,2,0,10,0,0,7,0,0,1,0,0,1,1,0,0,0,2,0,0,2,0,1,-1,-1,-1,-1,0,10,-1,1,1,3,-1,-1,-1,0,0,1,0,0,10,0,0,0,13.36
1,0,0,0,-1,0,1,0,0,0,0,0,0,0,2,0,-1,0,0,0,0,3,0,-1,100,0,9223372036800000000,2,0,10,0,0,7,0,0,1,0,0,1,1,0,0,0,1,0,0,2,0,1,-1,-1,-1,-1,0,10,-1,1,1,3,-1,-1,-1,0,0,1,0,0,10,0,0,0,15.16
1,0,0,0,-1,0,1,0,0,0,0,0,0,0,2,0,-1,0,0,0,0,3,0,-1,100,0,9223372036800000000,2,0,10,0,0,7,0,0,1,1000,0,1,1,0,0,0,0,0,0,2,0,1,-1,-1,-1,-1,0,10,-1,1,1,3,-1,-1,-1,0,0,1,0,0,10,0,0,0,14.68
1,0,0,0,-1,0,1,0,0,0,0,0,0,0,2,0,-1,0,0,0,0,3,0,-1,100,0,9223372036800000000,2,0,10,0,0,7,0,0,1,500,0,1,1,0,0,0,0,0,0,2,0,1,-1,-1,-1,-1,0,10,-1,1,1,3,-1,-1,-1,0,0,1,0,0,10,0,0,0,15.02
1,0,0,0,-1,0,1,0,0,0,0,0,0,0,2,0,-1,0,0,0,0,3,0,-1,100,0,9223372036800000000,2,0,10,0,0,7,0,0,1,100,0,1,1,0,0,0,0,0,0,2,0,1,-1,-1,-1,-1,0,10,-1,1,1,3,-1,-1,-1,0,0,1,0,0,10,0,0,0,14.37
1,0,0,0,-1,0,1,0,0,0,0,0,0,3,0,1,-1,1,0,-1,0,3,0,2,800,0,9223372036800000000,1,0,10,0,0,7,0,0,1,0,0,1,1,0,2,0,0,0,0,2,0,1,-1,-1,-1,-1,0,10,-1,1,1,3,-1,-1,-1,0,0,1,0,0,10,0,0,0,19.11
1,0,0,0,-1,0,1,0,0,0,0,0,0,3,0,1,-1,1,0,-1,0,3,0,2,10,0,9223372036800000000,30,0,10,0,0,7,0,0,1,0,0,1,1,0,2,0,0,0,0,2,0,1,-1,-1,-1,-1,0,10,-1,1,1,3,-1,-1,-1,0,0,1,0,0,10,0,0,0,18.83
1,0,0,0,-1,0,1,4,0,0,0,0,3,2,0,2,0,2,2,2,-1,3,0,2,800,0,9223372036800000000,40,0,10,0,0,7,0,0,1,0,0,1,1,0,2,0,0,0,4,2,0,1,-1,-1,-1,-1,0,10,-1,1,1,3,-1,-1,-1,0,0,1,1,0,10,0,0,0,19.65
1,0,0,0,-1,0,1,0,0,0,0,0,0,3,0,1,-1,1,0,-1,0,3,0,2,10,0,9223372036800000000,1,0,10,0,0,7,0,0,1,0,0,1,1,0,2,0,0,0,0,2,0,1,-1,-1,-1,-1,0,10,-1,1,1,3,-1,-1,-1,0,0,1,0,0,10,0,0,0,18.82
1,0,0,0,-1,0,1,1,0,0,0,0,0,3,0,1,-1,1,0,-1,0,3,0,2,10,0,9223372036800000000,1,0,10,0,0,7,0,0,1,0,0,1,1,0,2,0,0,0,0,2,0,1,-1,-1,-1,-1,0,10,-1,1,1,3,-1,-1,-1,0,0,1,0,0,10,0,0,0,24.43
1,0,0,0,-1,0,1,1,0,0,0,0,0,3,0,1,-1,1,0,-1,0,3,0,2,800,0,9223372036800000000,40,0,10,0,0,7,0,0,1,0,0,1,1,0,2,0,0,0,0,2,0,1,-1,-1,-1,-1,0,10,-1,1,1,3,-1,-1,-1,0,0,1,0,0,10,0,0,0,24.52
1,0,0,0,-1,0,1,1,0,0,0,0,0,3,0,1,-1,1,0,-1,0,3,0,2,800,0,9223372036800000000,1,0,10,0,0,7,0,0,1,0,0,1,1,0,2,0,0,0,0,2,0,1,-1,-1,-1,-1,0,10,-1,1,1,3,-1,-1,-1,0,0,1,0,0,10,0,0,0,24.52
1,0,0,0,-1,0,1,1,0,0,0,0,0,3,0,1,-1,1,-1,-1,0,3,0,2,800,0,9223372036800000000,1,0,10,0,0,7,0,0,1,0,0,1,1,0,1,0,0,0,0,2,0,1,-1,-1,-1,-1,0,10,-1,1,1,3,-1,-1,-1,0,0,1,0,0,10,0,0,0,26.01
1,0,0,0,-1,0,1,1,0,0,0,0,2,3,-1,1,-1,1,2,0,1,3,0,-1,150,0,9223372036800000000,0,0,10,0,0,7,0,0,1,0,0,1,1,0,1,0,0,3,2,2,0,1,-1,-1,-1,-1,0,10,-1,1,1,3,-1,-1,-1,0,0,1,1,0,10,0,0,0,25.87
1,0,0,0,-1,0,1,1,0,0,0,0,0,3,0,1,-1,1,0,-1,0,3,0,2,800,0,9223372036800000000,1,0,10,0,0,7,0,0,1,0,0,1,1,0,1,0,0,0,0,2,0,1,-1,-1,-1,-1,0,10,-1,1,1,3,-1,-1,-1,0,0,1,0,0,10,0,0,0,25.2
1,0,0,0,-1,0,1,2,0,0,0,0,1,1,-1,1,0,1,-1,0,1,3,0,2,200,0,9223372036800000000,1e+75,0,10,0,0,7,0,0,1,0,0,0,1,2,3,0,0,1,4,2,0,1,-1,-1,-1,-1,0,10,-1,1,1,3,-1,-1,-1,0,0,1,0,0,10,0,0,0,24.4
1,0,0,0,-1,0,1,4,0,0,0,0,2,2,2,2,-1,-1,-1,0,1,3,0,-1,100,0,9223372036800000000,120,0,10,0,0,7,0,0,1,0,0,1,1,2,3,0,0,0,3,2,0,1,-1,-1,-1,-1,0,10,-1,1,1,3,-1,-1,-1,0,0,1,0,0,10,0,0,0,19.81
1,0,0,0,-1,0,1,4,0,0,0,0,2,-1,2,2,-1,-1,-1,0,1,3,0,-1,100,0,9223372036800000000,120,0,10,0,0,7,0,0,1,0,0,1,1,2,-1,0,0,0,3,2,0,1,-1,-1,-1,-1,0,10,-1,1,1,3,-1,-1,-1,0,0,1,0,0,10,0,0,0,21.03
1,0,0,0,-1,0,1,2,0,0,0,0,1,1,-1,1,0,1,-1,0,1,3,0,2,200,0,9223372036800000000,1e+75,0,10,0,0,7,0,0,1,0,0,0,1,1,3,0,0,3,4,2,0,1,-1,-1,-1,-1,0,10,-1,1,1,3,-1,-1,-1,0,0,1,0,0,10,0,0,0,26.68
1,0,0,0,-1,0,1,4,0,0,0,0,2,-1,2,2,-1,-1,-1,0,1,3,0,-1,100,0,9223372036800000000,120,0,10,0,0,7,0,0,1,0,0,1,1,2,3,0,0,0,3,2,0,1,-1,-1,-1,-1,0,10,-1,1,1,3,-1,-1,-1,0,0,1,0,0,10,0,0,0,19.81
1,0,0,0,-1,0,1,3,0,0,0,0,2,-1,2,2,-1,-1,-1,0,1,3,0,-1,100,0,9223372036800000000,1e+75,0,10,0,0,7,0,0,1,0,0,1,1,2,3,0,0,0,3,2,0,1,-1,-1,-1,-1,0,10,-1,1,1,3,-1,-1,-1,0,0,1,0,0,10,0,0,0,23.42
1,0,0,0,-1,0,1,3,0,0,0,0,2,-1,2,2,-1,-1,-1,0,1,3,0,-1,100,0,9223372036800000000,120,0,10,0,0,7,0,0,1,0,0,1,1,2,3,0,0,0,3,2,0,1,-1,-1,-1,-1,0,10,-1,1,1,3,-1,-1,-1,0,0,1,0,0,10,0,0,0,23.42
1,0,0,0,-1,0,1,1,0,0,0,0,2,-1,2,2,-1,-1,-1,0,1,3,0,-1,100,0,9223372036800000000,120,0,10,0,0,7,0,0,1,0,0,1,1,2,3,0,0,0,3,2,0,1,-1,-1,-1,-1,0,10,-1,1,1,3,-1,-1,-1,0,0,1,0,0,10,0,0,0,25.31
1,0,0,0,-1,0,1,0,0,0,0,0,0,0,3,2,2,0,0,2,-1,3,0,-1,10,0,9223372036800000000,50,0,10,0,0,7,0,0,1,0,0,1,1,3,-1,0,0,0,2,2,0,1,-1,-1,-1,-1,0,10,-1,1,1,3,-1,-1,-1,0,0,1,0,0,10,0,0,0,18.6
1,0,0,0,-1,0,1,0,0,0,0,0,0,0,-1,0,-1,0,0,0,2,3,0,-1,100,0,9223372036800000000,2,0,10,0,0,7,0,0,1,0,0,1,1,0,0,0,0,0,0,2,0,1,-1,-1,-1,-1,0,10,-1,1,1,3,-1,-1,-1,0,0,1,0,0,10,0,0,0,13.08
1,0,0,0,-1,0,1,5,0,0,0,0,0,0,3,2,2,0,0,2,-1,3,0,-1,10,0,9223372036800000000,50,0,10,0,0,7,0,0,1,0,0,1,1,3,-1,0,0,0,2,2,0,1,-1,-1,-1,-1,0,10,-1,1,1,3,-1,-1,-1,0,0,1,0,0,10,0,0,0,21.24
1,0,0,0,-1,0,1,4,0,0,0,0,3,-1,1,2,-1,1,2,1,-1,3,0,16,50,0,9223372036800000000,5,0,10,0,0,7,0,0,1,0,0,1,1,3,2,0,0,1,1,2,0,1,-1,-1,-1,-1,0,10,-1,1,1,3,-1,-1,-1,0,0,1,3,0,10,0,0,0,22.83
1,0,0,0,-1,0,1,3,0,0,0,0,-1,3,-1,2,2,0,2,1,1,3,0,8,100,0,9223372036800000000,240,0,10,0,0,7,0,0,1,0,0,0,1,2,3,0,0,0,0,2,0,1,-1,-1,-1,-1,0,10,-1,1,1,3,-1,-1,-1,0,0,1,2,0,10,0,0,0,20.24
1,0,0,0,-1,0,1,3,0,0,0,0,0,0,3,2,2,-1,0,2,-1,3,0,-1,10,0,9223372036800000000,50,0,10,0,0,7,0,0,1,0,0,1,1,3,-1,0,0,0,2,2,0,1,-1,-1,-1,-1,0,10,-1,1,1,3,-1,-1,-1,0,0,1,0,0,10,0,0,0,20.75
1,0,0,0,-1,0,1,3,0,0,0,0,0,0,3,2,2,0,0,2,-1,3,0,-1,10,0,9223372036800000000,120,0,10,0,0,7,0,0,1,0,0,1,1,3,-1,0,0,0,2,2,0,1,-1,-1,-1,-1,0,10,-1,1,1,3,-1,-1,-1,0,0,1,0,0,10,0,0,0,19.26
1,0,0,0,-1,0,1,0,0,0,0,0,1,0,-1,-1,0,1,2,0,2,3,0,-1,50,0,9223372036800000000,0,0,10,0,0,7,0,0,1,0,0,0,1,0,2,0,0,0,4,2,0,1,-1,-1,-1,-1,0,10,-1,1,1,3,-1,-1,-1,0,0,1,0,0,10,0,0,0,21.51
1,0,0,0,-1,0,1,5,0,0,0,0,2,1,0,-1,0,2,2,0,0,3,0,16,400,0,9223372036800000000,5,0,10,0,0,7,0,0,1,0,0,1,1,0,3,0,0,0,2,2,0,1,-1,-1,-1,-1,0,10,-1,1,1,3,-1,-1,-1,0,0,1,0,0,10,0,0,0,21.02
1,0,0,0,-1,0,1,0,0,0,0,0,1,0,-1,-1,0,-1,2,0,2,3,0,-1,50,0,9223372036800000000,0,0,10,0,0,7,0,0,1,0,0,0,1,0,2,0,0,0,4,2,0,1,-1,-1,-1,-1,0,10,-1,1,1,3,-1,-1,-1,0,0,1,0,0,10,0,0,0,21.93
1,0,0,0,-1,0,1,1,0,0,0,0,1,0,-1,2,0,-1,1,0,2,3,0,-1,50,0,9223372036800000000,0,0,10,0,0,7,0,0,1,0,0,0,1,0,2,0,0,0,4,2,0,1,-1,-1,-1,-1,0,10,-1,1,1,3,-1,-1,-1,0,0,1,0,0,10,0,0,0,24.52
1,0,0,0,-1,0,1,4,0,0,0,0,-1,3,1,-1,1,2,-1,0,-1,3,0,16,400,0,9223372036800000000,50,0,10,0,0,7,0,0,1,0,0,2,1,0,0,0,0,4,0,2,0,1,-1,-1,-1,-1,0,10,-1,1,1,3,-1,-1,-1,0,0,1,2,0,10,0,0,0,30.89
1,0,0,0,-1,0,1,4,0,0,0,0,-1,-1,0,1,-1,-1,0,-1,1,3,0,-1,400,0,9223372036800000000,1,0,10,0,0,7,0,0,1,0,0,1,1,0,0,0,0,0,0,2,0,1,-1,-1,-1,-1,0,10,-1,1,1,3,-1,-1,-1,0,0,1,0,0,10,0,0,0,17.34
1,0,0,0,-1,0,1,1,0,0,0,0,1,-1,-1,-1,1,1,2,-1,-1,3,0,-1,10,0,9223372036800000000,2,0,10,0,0,7,0,0,1,0,0,3,1,0,0,0,0,0,3,2,0,1,-1,-1,-1,-1,0,10,-1,1,1,3,-1,-1,-1,0,0,1,0,0,10,0,0,0,37.01
1,0,0,0,-1,0,1,0,0,0,0,0,0,3,-1,-1,-1,2,1,-1,1,3,0,2,400,0,9223372036800000000,2,0,10,0,0,7,0,0,1,0,0,3,1,2,0,0,0,0,0,2,0,1,-1,-1,-1,-1,0,10,-1,1,1,3,-1,-1,-1,0,0,1,0,0,10,0,0,0,28.88
1,0,0,0,-1,0,1,2,0,0,0,0,2,2,-1,1,-1,0,1,2,-1,3,0,1,200,0,9223372036800000000,1,0,10,0,0,7,0,0,1,0,0,2,1,1,-1,0,0,0,4,2,0,1,-1,-1,-1,-1,0,10,-1,1,1,3,-1,-1,-1,0,0,1,0,0,10,0,0,0,47.58
1,0,0,0,-1,0,1,0,0,0,0,0,0,0,2,0,-1,0,0,0,0,3,0,-1,100,0,9223372036800000000,2,0,10,0,0,7,0,0,1,0,0,1,1,0,0,20,0,0,0,2,0,1,-1,-1,-1,-1,0,10,-1,1,1,3,-1,-1,-1,0,0,1,0,0,10,0,0,0,15.01
1,0,0,0,-1,0,1,1,0,0,0,0,1,-1,-1,-1,1,1,-1,2,-1,3,0,-1,10,0,9223372036800000000,2,0,10,0,0,7,0,0,1,0,0,2,1,0,0,0,0,0,1,2,0,1,-1,-1,-1,-1,0,10,-1,1,1,3,-1,-1,-1,0,0,1,0,0,10,0,0,0,23.78
1,0,0,0,-1,0,1,1,0,0,0,0,1,-1,-1,-1,1,1,0,2,-1,3,0,-1,10,0,9223372036800000000,2,0,10,0,0,7,0,0,1,0,0,2,1,0,0,0,0,0,1,2,0,1,-1,-1,-1,-1,0,10,-1,1,1,3,-1,-1,-1,0,0,1,0,0,10,0,0,0,23.89
1,0,0,0,-1,0,1,5,0,0,0,0,1,-1,-1,0,-1,0,2,1,1,3,0,4,200,0,9223372036800000000,20,0,10,0,0,7,0,0,1,0,0,2,1,3,-1,0,0,0,0,2,0,1,-1,-1,-1,-1,0,10,-1,1,1,3,-1,-1,-1,0,0,1,0,0,10,0,0,0,21.36
1,0,0,0,-1,0,1,1,0,0,0,0,1,-1,-1,-1,1,1,2,2,-1,3,0,-1,10,0,9223372036800000000,20,0,10,0,0,7,0,0,1,0,0,2,1,0,0,0,0,0,1,2,0,1,-1,-1,-1,-1,0,10,-1,1,1,3,-1,-1,-1,0,0,1,0,0,10,0,0,0,23.89
1,0,0,0,-1,0,1,4,0,0,0,0,-1,1,3,2,-1,2,-1,1,1,3,0,-1,800,0,9223372036800000000,0,0,10,0,0,7,0,0,1,0,0,2,1,1,0,0,0,1,3,2,0,1,-1,-1,-1,-1,0,10,-1,1,1,3,-1,-1,-1,0,0,1,3,0,10,0,0,0,24.26
1,0,0,0,-1,0,1,1,0,0,0,0,1,-1,-1,-1,1,1,2,2,-1,3,0,-1,10,0,9223372036800000000,2,0,10,0,0,7,0,0,1,0,0,2,1,0,0,0,0,0,1,2,0,1,-1,-1,-1,-1,0,10,-1,1,1,3,-1,-1,-1,0,0,1,0,0,10,0,0,0,23.74
1,0,0,0,-1,0,1,0,0,0,0,0,0,0,2,0,-1,0,-1,0,0,3,0,-1,100,0,9223372036800000000,2,0,10,0,0,7,0,0,1,0,0,1,1,0,0,0,0,0,0,2,0,1,-1,-1,-1,-1,0,10,-1,1,1,3,-1,-1,-1,0,0,1,0,0,10,0,0,0,16.22
1,0,0,0,-1,0,1,3,0,0,0,0,2,-1,2,-1,1,0,0,0,-1,3,0,8,150,0,9223372036800000000,10,0,10,0,0,7,0,0,1,0,0,1,1,2,2,0,0,5,1,2,0,1,-1,-1,-1,-1,0,10,-1,1,1,3,-1,-1,-1,0,0,1,4,0,10,0,0,0,31.68
1,0,0,0,-1,0,1,2,0,0,0,0,3,2,-1,1,1,0,0,1,2,3,0,-1,100,0,9223372036800000000,40,0,10,0,0,7,0,0,1,0,0,0,1,0,-1,0,0,0,0,2,0,1,-1,-1,-1,-1,0,10,-1,1,1,3,-1,-1,-1,0,0,1,0,0,10,0,0,0,18.41
1,0,0,0,-1,0,1,4,0,0,0,0,0,2,2,1,2,-1,-1,2,1,3,0,16,100,0,9223372036800000000,30,0,10,0,0,7,0,0,1,0,0,0,1,0,0,0,0,0,1,2,0,1,-1,-1,-1,-1,0,10,-1,1,1,3,-1,-1,-1,0,0,1,0,0,10,0,0,0,22.22
1,0,0,0,-1,0,1,4,0,0,0,0,-1,3,1,-1,1,2,-1,0,-1,3,0,16,400,0,9223372036800000000,50,0,10,0,0,7,0,0,1,0,0,2,1,2,1,0,0,4,0,2,0,1,-1,-1,-1,-1,0,10,-1,1,1,3,-1,-1,-1,0,0,1,2,0,10,0,0,0,30.89
1,0,0,0,-1,0,1,5,0,0,0,0,1,-1,-1,0,-1,0,2,1,1,3,0,4,50,0,9223372036800000000,20,0,10,0,0,7,0,0,1,0,0,0,1,3,-1,0,0,0,0,2,0,1,-1,-1,-1,-1,0,10,-1,1,1,3,-1,-1,-1,0,0,1,0,0,10,0,0,0,22.52
1,0,0,0,-1,0,1,4,0,0,0,0,0,0,2,2,2,2,1,0,0,3,0,-1,10,0,9223372036800000000,1e+75,0,10,0,0,7,0,0,1,0,0,1,1,0,0,0,0,0,0,2,0,1,-1,-1,-1,-1,0,10,-1,1,1,3,-1,-1,-1,0,0,1,0,0,10,0,0,0,15.36
1,0,0,0,-1,0,1,0,0,0,0,0,0,0,2,0,-1,0,0,0,0,3,0,-1,100,0,9223372036800000000,1e+75,0,10,0,0,7,0,0,1,0,0,1,1,0,0,0,0,0,2,2,0,1,-1,-1,-1,-1,0,10,-1,1,1,3,-1,-1,-1,0,0,1,0,0,10,0,0,0,14.39
1,0,0,0,-1,0,1,0,0,0,0,0,0,0,2,0,-1,0,0,0,0,3,0,-1,100,0,9223372036800000000,1e+75,0,10,0,0,7,0,0,1,0,0,1,1,0,0,0,0,0,-1,2,0,1,-1,-1,-1,-1,0,10,-1,1,1,3,-1,-1,-1,0,0,1,0,0,10,0,0,0,21.72
1,0,0,0,-1,0,1,0,0,0,0,0,0,2,2,0,-1,0,0,0,0,3,0,-1,100,0,9223372036800000000,1e+75,0,10,0,0,7,0,0,1,0,0,1,1,0,0,0,0,0,0,2,0,1,-1,-1,-1,-1,0,10,-1,1,1,3,-1,-1,-1,0,0,1,0,0,10,0,0,0,13.41
1,0,0,0,-1,0,1,0,0,0,0,0,0,1,2,0,-1,0,0,0,0,3,0,-1,100,0,9223372036800000000,1e+75,0,10,0,0,7,0,0,1,0,0,1,1,0,0,0,0,0,0,2,0,1,-1,-1,-1,-1,0,10,-1,1,1,3,-1,-1,-1,0,0,1,0,0,10,0,0,0,13.17
1,0,0,0,-1,0,1,0,0,0,0,0,0,0,2,0,-1,0,0,0,0,3,0,-1,100,0,9223372036800000000,1e+75,0,10,0,0,7,0,0,1,0,0,1,1,0,2,0,0,0,0,2,0,1,-1,-1,-1,-1,0,10,-1,1,1,3,-1,-1,-1,0,0,1,0,0,10,0,0,0,16.73
1,0,0,0,-1,0,1,0,0,0,0,0,0,0,2,0,-1,0,0,0,0,3,0,-1,100,0,9223372036800000000,2,0,10,0,0,7,0,0,1,0,0,1,1,0,0,0,0,0,0,2,0,1,-1,-1,-1,-1,0,10,-1,1,1,3,-1,-1,-1,0,0,1,2,0,10,1,0,0,13.01
1,0,0,0,-1,0,1,0,0,0,0,0,0,0,2,0,-1,0,0,0,0,3,0,-1,100,0,9223372036800000000,1e+75,0,10,0,0,7,0,0,1,0,0,1,1,0,1,0,0,0,0,2,0,1,-1,-1,-1,-1,0,10,-1,1,1,3,-1,-1,-1,0,0,1,0,0,10,0,0,0,13.72
1,0,0,0,-1,0,1,5,0,0,0,0,3,1,2,1,1,-1,2,0,1,3,0,1,10,0,9223372036800000000,50,0,10,0,0,7,0,0,1,0,0,3,1,1,1,0,0,0,-1,2,0,1,-1,-1,-1,-1,0,10,-1,1,1,3,-1,-1,-1,0,0,1,0,0,10,0,0,0,48.84
1,0,0,0,-1,0,1,0,0,0,0,0,0,0,2,0,-1,0,0,0,0,3,0,-1,100,0,9223372036800000000,1e+75,0,10,0,0,7,0,0,1,0,0,1,1,0,-1,0,0,0,0,2,0,1,-1,-1,-1,-1,0,10,-1,1,1,3,-1,-1,-1,0,0,1,0,0,10,0,0,0,14.48
1,0,0,0,-1,0,1,5,0,0,0,0,1,2,1,2,1,1,2,1,0,3,0,-1,50,0,9223372036800000000,1e+75,0,10,0,0,7,0,0,1,0,0,2,1,2,1,0,0,2,-1,2,0,1,-1,-1,-1,-1,0,10,-1,1,1,3,-1,-1,-1,0,0,1,5,0,10,0,0,0,21.7
1,0,0,0,-1,0,1,2,0,0,0,0,1,0,0,1,-1,2,0,2,-1,3,0,-1,400,0,9223372036800000000,1e+75,0,10,0,0,7,0,0,1,0,0,1,1,0,0,0,0,0,0,2,0,1,-1,-1,-1,-1,0,10,-1,1,1,3,-1,-1,-1,0,0,1,0,0,10,0,0,0,13.85
1,0,0,0,-1,0,1,0,0,0,0,0,-1,-1,3,1,2,1,1,1,2,3,0,-1,800,0,9223372036800000000,5,0,10,0,0,7,0,0,1,0,0,3,1,0,2,0,0,0,4,2,0,1,-1,-1,-1,-1,0,10,-1,1,1,3,-1,-1,-1,0,0,1,0,0,10,0,0,0,22.44
1,0,0,0,-1,0,1,4,0,0,0,0,0,0,1,1,1,1,-1,1,1,3,0,16,400,0,9223372036800000000,30,0,10,0,0,7,0,0,1,0,0,2,1,1,-1,0,0,0,4,2,0,1,-1,-1,-1,-1,0,10,-1,1,1,3,-1,-1,-1,0,0,1,0,0,10,0,0,0,21.12
1,0,0,0,-1,0,1,0,0,0,0,0,0,1,-1,-1,-1,0,2,1,1,3,0,4,25,0,9223372036800000000,120,0,10,0,0,7,0,0,1,0,0,1,1,2,-1,0,0,4,0,2,0,1,-1,-1,-1,-1,0,10,-1,1,1,3,-1,-1,-1,0,0,1,5,0,10,0,0,0,24.13
1,0,0,0,-1,0,1,0,0,0,0,0,0,0,1,1,2,2,0,1,2,3,0,-1,100,0,9223372036800000000,1e+75,0,10,0,0,7,0,0,1,0,0,1,1,0,0,0,0,0,0,2,0,1,-1,-1,-1,-1,0,10,-1,1,1,3,-1,-1,-1,0,0,1,0,0,10,0,0,0,13.93
1,0,0,0,-1,0,1,0,0,0,0,0,0,0,1,1,2,2,0,2,2,3,0,-1,800,0,9223372036800000000,1e+75,0,10,0,0,7,0,0,1,0,0,1,1,0,0,0,0,0,0,2,0,1,-1,-1,-1,-1,0,10,-1,1,1,3,-1,-1,-1,0,0,1,0,0,10,0,0,0,15.16
1,0,0,0,-1,0,1,0,0,0,0,0,0,0,2,0,-1,0,0,0,0,3,0,-1,100,0,9223372036800000000,2,0,10,0,0,7,0,0,1,0,0,1,1,0,0,0,0,0,3,2,0,1,-1,-1,-1,-1,0,10,-1,1,1,3,-1,-1,-1,0,0,1,0,0,10,0,0,0,20.72
1,0,0,0,-1,0,1,0,0,0,0,0,0,0,1,1,2,2,0,1,2,3,0,-1,800,0,9223372036800000000,1e+75,0,10,0,0,7,0,0,1,0,0,1,1,0,0,0,0,0,0,2,0,1,-1,-1,-1,-1,0,10,-1,1,1,3,-1,-1,-1,0,0,1,0,0,10,0,0,0,13.93
1,0,0,0,-1,0,1,3,0,0,0,0,-1,0,1,0,0,0,2,1,2,3,0,-1,800,0,9223372036800000000,1e+75,0,10,0,0,7,0,0,1,0,0,1,1,0,0,0,0,0,0,2,0,1,-1,-1,-1,-1,0,10,-1,1,1,3,-1,-1,-1,0,0,1,0,0,10,0,0,0,15.75
1,0,0,0,-1,0,1,5,0,0,0,0,1,-1,-1,0,-1,0,2,1,1,3,0,4,50,0,9223372036800000000,20,0,10,0,0,7,0,0,1,0,0,2,1,3,-1,0,0,0,0,2,0,1,-1,-1,-1,-1,0,10,-1,1,1,3,-1,-1,-1,0,0,1,0,0,10,0,0,0,21.05
1,0,0,0,-1,0,1,0,0,0,0,0,-1,0,1,1,2,2,2,1,2,3,0,-1,800,0,9223372036800000000,1e+75,0,10,0,0,7,0,0,1,0,0,1,1,0,0,0,0,0,0,2,0,1,-1,-1,-1,-1,0,10,-1,1,1,3,-1,-1,-1,0,0,1,0,0,10,0,0,0,14.55
1,0,0,0,-1,0,1,4,0,0,0,0,0,0,-1,0,1,0,1,-1,2,3,0,-1,10,0,9223372036800000000,1e+75,0,10,0,0,7,0,0,1,0,0,1,1,0,0,0,0,0,0,2,0,1,-1,-1,-1,-1,0,10,-1,1,1,3,-1,-1,-1,0,0,1,0,0,10,0,0,0,17.68
1,0,0,0,-1,0,1,4,0,0,0,0,0,0,0,2,2,0,2,2,-1,3,0,-1,100,0,9223372036800000000,1e+75,0,10,0,0,7,0,0,1,0,0,1,1,0,0,0,0,0,0,2,0,1,-1,-1,-1,-1,0,10,-1,1,1,3,-1,-1,-1,0,0,1,0,0,10,0,0,0,15.59
1,0,0,0,-1,0,1,5,0,0,0,0,2,2,0,-1,-1,0,0,1,1,3,0,-1,200,0,9223372036800000000,60,0,10,0,0,7,0,0,1,0,0,1,1,0,1,0,0,0,3,2,0,1,-1,-1,-1,-1,0,10,-1,1,1,3,-1,-1,-1,0,0,1,0,0,10,0,0,0,20.38
1,0,0,0,-1,0,1,4,0,0,0,0,3,0,2,0,-1,2,0,-1,-1,3,0,-1,150,0,9223372036800000000,1e+75,0,10,0,0,7,0,0,1,0,0,1,1,0,0,0,0,0,0,2,0,1,-1,-1,-1,-1,0,10,-1,1,1,3,-1,-1,-1,0,0,1,0,0,10,0,0,0,15.23
1,0,0,0,-1,0,1,1,0,0,0,0,1,-1,-1,-1,1,1,2,2,-1,3,0,-1,10,0,9223372036800000000,2,0,10,0,0,7,0,0,1,0,0,3,1,0,0,0,0,0,3,2,0,1,-1,-1,-1,-1,0,10,-1,1,1,3,-1,-1,-1,0,0,1,0,0,10,0,0,0,23.6
1,0,0,0,-1,0,1,5,0,0,0,0,1,-1,-1,0,1,0,2,1,1,3,0,4,50,0,9223372036800000000,20,0,10,0,0,7,0,0,1,0,0,2,1,3,-1,0,0,0,0,2,0,1,-1,-1,-1,-1,0,10,-1,1,1,3,-1,-1,-1,0,0,1,0,0,10,0,0,0,21.05
1,0,0,0,-1,0,1,4,0,0,0,0,3,0,2,0,-1,0,-1,-1,-1,3,0,-1,150,0,9223372036800000000,1e+75,0,10,0,0,7,0,0,1,0,0,1,1,0,0,0,0,0,0,2,0,1,-1,-1,-1,-1,0,10,-1,1,1,3,-1,-1,-1,0,0,1,0,0,10,0,0,0,15.97
1,0,0,0,-1,0,1,3,0,0,0,0,-1,2,0,0,2,1,2,-1,2,3,0,-1,100,0,9223372036800000000,120,0,10,0,0,7,0,0,1,0,0,1,1,0,0,0,0,0,-1,2,0,1,-1,-1,-1,-1,0,10,-1,1,1,3,-1,-1,-1,0,0,1,0,0,10,0,0,0,23.28
1,0,0,0,-1,0,1,2,0,0,0,0,3,1,1,1,-1,-1,1,0,1,3,0,-1,10,0,9223372036800000000,30,0,10,0,0,7,0,0,1,0,0,1,1,0,1,0,0,0,0,2,0,1,-1,-1,-1,-1,0,10,-1,1,1,3,-1,-1,-1,0,0,1,0,0,10,0,0,0,15.05
1,0,0,0,-1,0,1,5,0,0,0,0,1,0,3,-1,2,1,0,1,0,3,0,-1,25,0,9223372036800000000,1e+75,0,10,0,0,7,0,0,1,0,0,1,1,0,0,0,0,0,0,2,0,1,-1,-1,-1,-1,0,10,-1,1,1,3,-1,-1,-1,0,0,1,0,0,10,0,0,0,20.17
1,0,0,2,-1,0,1,0,0,0,0,0,0,0,2,0,-1,0,0,0,0,3,0,-1,100,0,9223372036800000000,2,0,10,0,0,7,0,0,1,0,0,1,1,0,0,0,0,0,0,2,0,1,-1,-1,-1,-1,0,10,-1,1,1,3,-1,-1,-1,0,0,1,2,0,10,0,0,0,12.61
1,0,0,0,-1,0,1,2,0,0,0,0,3,0,2,0,-1,2,1,-1,-1,3,0,-1,150,0,9223372036800000000,1e+75,0,10,0,0,7,0,0,1,0,0,1,1,0,0,0,0,0,0,2,0,1,-1,-1,-1,-1,0,10,-1,1,1,3,-1,-1,-1,0,0,1,0,0,10,0,0,0,16.6
1,0,0,0,-1,0,1,2,0,0,0,0,1,0,2,-1,-1,2,1,-1,-1,3,0,-1,150,0,9223372036800000000,1e+75,0,10,0,0,7,0,0,1,0,0,1,1,0,0,0,0,0,0,2,0,1,-1,-1,-1,-1,0,10,-1,1,1,3,-1,-1,-1,0,0,1,0,0,10,0,0,0,26.76
1,0,0,0,-1,0,1,3,0,0,0,0,-1,3,0,0,-1,1,0,0,1,3,0,2,25,0,9223372036800000000,10,0,10,0,0,7,0,0,1,0,0,2,1,2,2,0,0,4,3,2,0,1,-1,-1,-1,-1,0,10,-1,1,1,3,-1,-1,-1,0,0,1,4,0,10,0,0,0,28.41
1,0,0,0,-1,0,1,0,0,0,0,0,0,0,2,0,-1,0,0,0,0,3,0,-1,100,0,9223372036800000000,1,0,10,0,0,7,0,0,1,0,0,1,1,0,0,0,0,0,0,2,0,1,-1,-1,-1,-1,0,10,-1,1,1,3,-1,-1,-1,0,0,1,0,0,10,0,0,0,13.11
1,0,0,0,-1,0,1,3,0,0,0,0,3,0,1,0,2,1,0,2,-1,3,0,-1,150,0,9223372036800000000,1e+75,0,10,0,0,7,0,0,1,0,0,1,1,0,0,0,0,0,0,2,0,1,-1,-1,-1,-1,0,10,-1,1,1,3,-1,-1,-1,0,0,1,0,0,10,0,0,0,18.91
1,0,0,0,-1,0,1,5,0,0,0,0,2,2,0,-1,-1,0,0,1,1,3,0,-1,200,0,9223372036800000000,30,0,10,0,0,7,0,0,1,0,0,1,1,0,1,0,0,0,3,2,0,1,-1,-1,-1,-1,0,10,-1,1,1,3,-1,-1,-1,0,0,1,0,0,10,0,0,0,20.38
1,0,0,0,-1,0,1,4,0,0,0,0,2,1,3,2,2,-1,1,-1,2,3,0,16,150,0,9223372036800000000,5,0,10,0,0,7,0,0,1,0,0,0,1,3,3,0,0,4,2,2,0,1,-1,-1,-1,-1,0,10,-1,1,1,3,-1,-1,-1,0,0,1,0,0,10,0,0,0,28.41
1,0,0,0,-1,0,1,3,0,0,0,0,3,0,1,1,2,1,0,-1,-1,3,0,-1,150,0,9223372036800000000,1e+75,0,10,0,0,7,0,0,1,0,0,1,1,0,0,0,0,0,0,2,0,1,-1,-1,-1,-1,0,10,-1,1,1,3,-1,-1,-1,0,0,1,0,0,10,0,0,0,14.76
1,0,0,0,-1,0,1,4,0,0,0,0,3,1,3,2,-1,2,0,1,1,3,0,-1,800,0,9223372036800000000,0,0,10,0,0,7,0,0,1,0,0,2,1,1,0,0,0,1,3,2,0,1,-1,-1,-1,-1,0,10,-1,1,1,3,-1,-1,-1,0,0,1,0,0,10,0,0,0,23.97
1,0,0,0,-1,0,1,0,0,0,0,0,0,0,2,0,1,0,0,0,0,3,0,-1,100,0,9223372036800000000,2,0,10,0,0,7,0,0,1,0,0,1,1,0,0,0,0,0,0,2,0,1,-1,-1,-1,-1,0,10,-1,1,1,3,-1,-1,-1,0,0,1,0,0,10,0,0,0,13.37
1,0,0,0,-1,0,1,0,0,0,0,0,0,0,2,0,-1,0,0,0,0,3,0,-1,100,0,9223372036800000000,1e+75,0,10,0,0,7,0,2,1,0,0,1,1,0,0,0,0,0,0,2,0,1,-1,-1,-1,-1,0,10,-1,1,1,3,-1,-1,-1,0,0,1,0,0,10,0,0,0,14.78
1,0,0,0,-1,0,1,3,0,0,0,0,3,2,0,0,1,1,2,-1,2,3,0,-1,100,0,9223372036800000000,5,0,10,0,0,7,0,0,1,0,0,1,1,0,0,0,0,0,-1,2,0,1,-1,-1,-1,-1,0,10,-1,1,1,3,-1,-1,-1,0,0,1,0,0,10,0,0,0,21.82
1,0,0,0,-1,0,1,3,0,0,0,0,3,0,-1,2,2,1,0,-1,-1,3,0,-1,150,0,9223372036800000000,1e+75,0,10,0,0,7,0,0,1,0,0,1,1,0,0,0,0,0,0,2,0,1,-1,-1,-1,-1,0,10,-1,1,1,3,-1,-1,-1,0,0,1,0,0,10,0,0,0,14.67
1,0,0,0,-1,0,1,0,0,0,0,0,3,3,3,1,-1,1,-1,2,1,3,0,8,150,0,9223372036800000000,1,0,10,0,0,7,0,0,1,0,0,2,1,2,3,0,0,0,4,2,0,1,-1,-1,-1,-1,0,10,-1,1,1,3,-1,-1,-1,0,0,1,0,0,10,0,0,0,23.66
1,0,0,0,-1,0,1,3,0,0,0,0,1,0,-1,0,2,1,0,-1,-1,3,0,-1,150,0,9223372036800000000,1e+75,0,10,0,0,7,0,0,1,0,0,1,1,0,0,0,0,0,0,2,0,1,-1,-1,-1,-1,0,10,-1,1,1,3,-1,-1,-1,0,0,1,0,0,10,0,0,0,15.59
1,0,0,0,-1,0,1,4,0,0,0,0,-1,2,0,1,-1,-1,0,-1,1,3,0,-1,400,0,9223372036800000000,1,0,10,0,0,7,0,0,1,0,0,1,1,0,3,0,0,0,0,2,0,1,-1,-1,-1,-1,0,10,-1,1,1,3,-1,-1,-1,0,0,1,0,0,10,0,0,0,16.87
1,0,0,0,-1,0,1,0,0,0,0,0,-1,-1,3,0,2,1,1,1,2,3,0,-1,50,0,9223372036800000000,5,0,10,0,0,7,0,0,1,0,0,3,1,0,2,0,0,0,4,2,0,1,-1,-1,-1,-1,0,10,-1,1,1,3,-1,-1,-1,0,0,1,0,0,10,0,0,0,22.86
1,0,0,0,-1,0,1,3,0,0,0,0,2,0,-1,-1,2,1,0,-1,-1,3,0,-1,200,0,9223372036800000000,1e+75,0,10,0,0,7,0,0,1,0,0,1,1,0,0,0,0,0,0,2,0,1,-1,-1,-1,-1,0,10,-1,1,1,3,-1,-1,-1,0,0,1,0,0,10,0,0,0,27.4
1,0,0,0,-1,0,1,5,0,0,0,0,3,2,-1,0,-1,-1,-1,2,0,3,0,-1,100,0,9223372036800000000,10,0,10,0,0,7,0,0,1,0,0,2,1,-1,2,0,0,3,3,2,0,1,-1,-1,-1,-1,0,10,-1,1,1,3,-1,-1,-1,0,0,1,3,0,10,0,0,0,25.79
1,0,0,0,-1,0,1,0,0,0,0,0,0,0,0,2,2,0,2,1,1,3,0,-1,100,0,9223372036800000000,1e+75,0,10,0,0,7,0,0,1,0,0,1,1,0,0,0,0,0,0,2,0,1,-1,-1,-1,-1,0,10,-1,1,1,3,-1,-1,-1,0,0,1,0,0,10,0,0,0,14.38
1,0,0,0,-1,0,1,5,0,0,0,0,3,1,2,1,1,-1,2,0,1,3,0,4,10,0,9223372036800000000,40,0,10,0,0,7,0,0,1,0,0,3,1,1,1,0,0,0,-1,2,0,1,-1,-1,-1,-1,0,10,-1,1,1,3,-1,-1,-1,0,0,1,0,0,10,0,0,0,22.58
1,0,0,0,-1,0,1,0,0,0,0,0,1,0,3,0,1,1,0,1,0,3,0,-1,200,0,9223372036800000000,1e+75,0,10,0,0,7,0,0,1,0,0,1,1,0,0,0,0,0,0,2,0,1,-1,-1,-1,-1,0,10,-1,1,1,3,-1,-1,-1,0,0,1,0,0,10,0,0,0,18.41
1,0,0,0,-1,0,1,0,0,0,0,0,3,2,-1,2,1,2,2,-1,-1,3,0,-1,150,0,9223372036800000000,1e+75,0,10,0,0,7,0,0,1,0,0,2,1,1,2,0,0,0,4,2,0,1,-1,-1,-1,-1,0,10,-1,1,1,3,-1,-1,-1,0,0,1,0,0,10,0,0,0,19.82
1,0,0,0,-1,0,1,5,0,0,0,0,1,2,1,2,1,1,0,1,0,3,0,-1,50,0,9223372036800000000,0,0,10,0,0,7,0,0,1,0,0,2,1,2,1,0,0,2,-1,2,0,1,-1,-1,-1,-1,0,10,-1,1,1,3,-1,-1,-1,0,0,1,5,0,10,0,0,0,21.63
1,0,0,0,-1,0,1,4,0,0,0,0,3,0,2,2,-1,2,0,-1,-1,3,0,-1,400,0,9223372036800000000,1e+75,0,10,0,0,7,0,0,1,0,0,1,1,0,0,0,0,0,0,2,0,1,-1,-1,-1,-1,0,10,-1,1,1,3,-1,-1,-1,0,0,1,0,0,10,0,0,0,16.53
1,0,0,0,-1,0,1,0,0,0,0,0,0,0,2,0,-1,0,0,0,0,3,0,-1,100,0,9223372036800000000,1e+75,0,10,0,0,7,0,0,1,0,0,1,1,0,0,0,0,0,1,2,0,1,-1,-1,-1,-1,0,10,-1,1,1,3,-1,-1,-1,0,0,1,0,0,10,0,0,0,19.05
1,0,0,0,-1,0,1,4,0,0,0,0,1,0,3,-1,2,1,0,1,0,3,0,-1,25,0,9223372036800000000,1e+75,0,10,0,0,7,0,0,1,0,0,1,1,0,0,0,0,0,0,2,0,1,-1,-1,-1,-1,0,10,-1,1,1,3,-1,-1,-1,0,0,1,0,0,10,0,0,0,19.51
1,0,0,0,-1,0,1,4,0,0,0,0,3,0,2,0,-1,2,0,-1,-1,3,0,-1,25,0,9223372036800000000,1e+75,0,10,0,0,7,0,0,1,0,0,1,1,0,0,0,0,0,0,2,0,1,-1,-1,-1,-1,0,10,-1,1,1,3,-1,-1,-1,0,0,1,0,0,10,0,0,0,16.13
1,0,0,0,-1,0,1,3,0,0,0,0,2,1,2,2,1,2,2,-1,1,3,0,2,800,0,9223372036800000000,40,0,10,0,0,7,0,0,1,0,0,1,1,1,0,0,0,3,2,2,0,1,-1,-1,-1,-1,0,10,-1,1,1,3,-1,-1,-1,0,0,1,5,0,10,0,0,0,21.9
1,0,0,0,-1,0,1,3,0,0,0,0,2,0,2,2,0,0,0,0,0,3,0,-1,800,0,9223372036800000000,1e+75,0,10,0,0,7,0,0,1,0,0,1,1,0,0,0,0,0,0,2,0,1,-1,-1,-1,-1,0,10,-1,1,1,3,-1,-1,-1,0,0,1,0,0,10,0,0,0,16.56
1,0,0,0,-1,0,1,3,0,0,0,0,3,2,3,2,0,-1,-1,0,-1,3,0,-1,50,0,9223372036800000000,50,0,10,0,0,7,0,0,1,0,0,2,1,0,2,0,0,0,3,2,0,1,-1,-1,-1,-1,0,10,-1,1,1,3,-1,-1,-1,0,0,1,0,0,10,0,0,0,22.74
1,0,0,0,-1,0,1,4,0,0,0,0,1,0,3,0,2,0,0,1,0,3,0,-1,25,0,9223372036800000000,1e+75,0,10,0,0,7,0,0,1,0,0,1,1,0,0,0,0,0,0,2,0,1,-1,-1,-1,-1,0,10,-1,1,1,3,-1,-1,-1,0,0,1,0,0,10,0,0,0,20.15
1,0,0,0,-1,0,1,4,0,0,0,0,2,0,2,2,-1,2,1,0,1,3,0,-1,10,0,9223372036800000000,1e+75,0,10,0,0,7,0,0,1,0,0,1,1,0,0,0,0,0,0,2,0,1,-1,-1,-1,-1,0,10,-1,1,1,3,-1,-1,-1,0,0,1,0,0,10,0,0,0,15.13
1,0,0,0,-1,0,1,4,0,0,0,0,1,0,3,0,2,1,0,1,0,3,0,-1,25,0,9223372036800000000,1e+75,0,10,0,0,7,0,0,1,0,0,1,1,0,0,0,0,0,0,2,0,1,-1,-1,-1,-1,0,10,-1,1,1,3,-1,-1,-1,0,0,1,0,0,10,0,0,0,19.55
1,0,0,0,-1,0,1,5,0,0,0,0,3,1,2,1,1,-1,2,0,0,3,0,4,10,0,9223372036800000000,50,0,10,0,0,7,0,0,1,0,0,3,1,1,1,0,0,0,-1,2,0,1,-1,-1,-1,-1,0,10,-1,1,1,3,-1,-1,-1,0,0,1,0,0,10,0,0,0,22.58
1,0,0,0,-1,0,1,2,0,0,0,0,2,2,-1,1,-1,-1,1,0,-1,3,0,8,200,0,9223372036800000000,0,0,10,0,0,7,0,0,1,0,0,2,1,1,2,0,0,0,0,2,0,1,-1,-1,-1,-1,0,10,-1,1,1,3,-1,-1,-1,0,0,1,0,0,10,0,0,0,21.35
1,0,0,0,-1,0,1,1,0,0,0,0,1,0,3,0,2,1,0,0,0,3,0,-1,25,0,9223372036800000000,1e+75,0,10,0,0,7,0,0,1,0,0,1,1,0,0,0,0,0,0,2,0,1,-1,-1,-1,-1,0,10,-1,1,1,3,-1,-1,-1,0,0,1,0,0,10,0,0,0,23.91
1,0,0,0,-1,0,1,2,0,0,0,0,2,0,2,2,0,1,1,2,0,3,0,-1,50,0,9223372036800000000,1e+75,0,10,0,0,7,0,0,1,0,0,1,1,0,0,0,0,0,0,2,0,1,-1,-1,-1,-1,0,10,-1,1,1,3,-1,-1,-1,0,0,1,0,0,10,0,0,0,15.19
1,0,0,0,-1,0,1,3,0,0,0,0,3,1,-1,0,-1,0,0,2,2,3,0,-1,25,0,9223372036800000000,40,0,10,0,0,7,0,0,1,0,0,3,1,0,-1,0,0,0,-1,2,0,1,-1,-1,-1,-1,0,10,-1,1,1,3,-1,-1,-1,0,0,1,0,0,10,0,0,0,20.57
1,0,0,0,-1,0,1,2,0,0,0,0,-1,0,2,2,0,1,1,2,0,3,0,-1,25,0,9223372036800000000,1e+75,0,10,0,0,7,0,0,1,0,0,1,1,0,0,0,0,0,0,2,0,1,-1,-1,-1,-1,0,10,-1,1,1,3,-1,-1,-1,0,0,1,0,0,10,0,0,0,14.33
1,0,0,0,-1,0,1,1,0,0,0,0,2,3,0,2,0,-1,0,-1,-1,3,0,-1,150,0,9223372036800000000,5,0,10,0,0,7,0,0,1,0,0,2,1,0,3,0,0,0,3,2,0,1,-1,-1,-1,-1,0,10,-1,1,1,3,-1,-1,-1,0,0,1,0,0,10,0,0,0,23.49
1,0,0,0,-1,0,1,1,0,0,0,0,0,-1,3,-1,2,2,2,0,-1,3,0,-1,100,0,9223372036800000000,1e+75,0,10,0,0,7,0,0,1,0,0,1,1,0,-1,0,0,0,0,2,0,1,-1,-1,-1,-1,0,10,-1,1,1,3,-1,-1,-1,0,0,1,0,0,10,0,0,0,21.49
1,0,0,0,-1,0,1,3,0,0,0,0,0,0,1,0,2,-1,1,2,-1,3,0,-1,150,0,9223372036800000000,60,0,10,0,0,7,0,0,1,0,0,1,1,0,2,0,0,0,2,2,0,1,-1,-1,-1,-1,0,10,-1,1,1,3,-1,-1,-1,0,0,1,0,0,10,0,0,0,18.68
1,0,0,0,-1,0,1,2,0,0,0,0,2,0,2,1,0,1,1,2,0,3,0,-1,25,0,9223372036800000000,1e+75,0,10,0,0,7,0,0,1,0,0,1,1,0,0,0,0,0,0,2,0,1,-1,-1,-1,-1,0,10,-1,1,1,3,-1,-1,-1,0,0,1,0,0,10,0,0,0,15.91
1,0,0,0,-1,0,1,2,0,0,0,0,2,0,2,2,0,-1,1,-1,0,3,0,-1,25,0,9223372036800000000,1e+75,0,10,0,0,7,0,0,1,0,0,1,1,0,0,0,0,0,0,2,0,1,-1,-1,-1,-1,0,10,-1,1,1,3,-1,-1,-1,0,0,1,0,0,10,0,0,0,17.64
1,0,0,0,-1,0,1,5,0,0,0,0,1,0,0,0,-1,0,-1,1,0,3,0,-1,800,0,9223372036800000000,1e+75,0,10,0,0,7,0,0,1,0,0,1,1,0,0,0,0,0,0,2,0,1,-1,-1,-1,-1,0,10,-1,1,1,3,-1,-1,-1,0,0,1,0,0,10,0,0,0,21.21
1,0,0,0,-1,0,1,3,0,0,0,0,2,0,2,2,0,-1,1,2,-1,3,0,-1,25,0,9223372036800000000,1e+75,0,10,0,0,7,0,0,1,0,0,1,1,0,0,0,0,0,0,2,0,1,-1,-1,-1,-1,0,10,-1,1,1,3,-1,-1,-1,0,0,1,0,0,10,0,0,0,16.8
1,0,0,0,-1,0,1,3,0,0,0,0,3,2,3,2,0,-1,-1,0,-1,3,0,-1,50,0,9223372036800000000,2,0,10,0,0,7,0,0,1,0,0,2,1,0,-1,0,0,0,3,2,0,1,-1,-1,-1,-1,0,10,-1,1,1,3,-1,-1,-1,0,0,1,0,0,10,0,0,0,20.84
1,0,0,0,-1,0,1,0,0,0,0,0,2,0,2,1,0,-1,2,0,1,3,0,-1,50,0,9223372036800000000,1e+75,0,10,0,0,7,0,0,1,0,0,1,1,0,0,0,0,0,0,2,0,1,-1,-1,-1,-1,0,10,-1,1,1,3,-1,-1,-1,0,0,1,0,0,10,0,0,0,15.23
1,0,0,0,-1,0,1,3,0,0,0,0,3,3,2,0,1,1,2,1,1,3,0,-1,50,0,9223372036800000000,60,0,10,0,0,7,0,0,1,0,0,1,1,0,3,0,0,0,2,2,0,1,-1,-1,-1,-1,0,10,-1,1,1,3,-1,-1,-1,0,0,1,0,0,10,0,0,0,14.2
1,0,0,0,-1,0,1,4,0,0,0,0,0,0,-1,0,1,0,2,-1,2,3,0,-1,150,0,9223372036800000000,1e+75,0,10,0,0,7,0,0,1,0,0,1,1,0,0,0,0,0,0,2,0,1,-1,-1,-1,-1,0,10,-1,1,1,3,-1,-1,-1,0,0,1,0,0,10,0,0,0,15.06
1,0,0,0,-1,0,1,4,0,0,0,0,2,0,-1,2,1,0,1,-1,2,3,0,-1,10,0,9223372036800000000,1e+75,0,10,0,0,7,0,0,1,0,0,1,1,0,0,0,0,0,0,2,0,1,-1,-1,-1,-1,0,10,-1,1,1,3,-1,-1,-1,0,0,1,0,0,10,0,0,0,17.77
1,0,0,0,-1,0,1,4,0,0,0,0,0,0,-1,0,2,0,2,-1,2,3,0,-1,10,0,9223372036800000000,1e+75,0,10,0,0,7,0,0,1,0,0,1,1,0,0,0,0,0,0,2,0,1,-1,-1,-1,-1,0,10,-1,1,1,3,-1,-1,-1,0,0,1,0,0,10,0,0,0,17.16
1,0,0,0,-1,0,1,4,0,0,0,0,0,0,-1,0,1,0,0,-1,2,3,0,-1,10,0,9223372036800000000,1e+75,0,10,0,0,7,0,0,1,0,0,1,1,0,0,0,0,0,0,2,0,1,-1,-1,-1,-1,0,10,-1,1,1,3,-1,-1,-1,0,0,1,0,0,10,0,0,0,17.09
1,0,0,0,-1,0,1,4,0,0,0,0,0,0,-1,0,1,0,-1,-1,2,3,0,-1,10,0,9223372036800000000,1e+75,0,10,0,0,7,0,0,1,0,0,1,1,0,0,0,0,0,0,2,0,1,-1,-1,-1,-1,0,10,-1,1,1,3,-1,-1,-1,0,0,1,0,0,10,0,0,0,17.24
1,0,0,0,-1,0,1,0,0,0,0,0,0,0,2,0,-1,0,0,0,0,3,0,-1,100,0,9223372036800000000,2,0,10,0,0,7,0,0,1,0,0,1,1,0,0,0,0,0,4,2,0,1,-1,-1,-1,-1,0,10,-1,1,1,3,-1,-1,-1,0,0,1,0,0,10,0,0,0,14.31
1,0,0,0,-1,0,1,4,0,0,0,0,0,0,0,2,2,0,-1,1,-1,3,0,-1,100,0,9223372036800000000,1e+75,0,10,0,0,7,0,0,1,0,0,1,1,0,0,0,0,0,0,2,0,1,-1,-1,-1,-1,0,10,-1,1,1,3,-1,-1,-1,0,0,1,0,0,10,0,0,0,16.03
1,0,0,0,-1,0,1,3,0,0,0,0,3,1,2,2,1,2,2,-1,1,3,0,2,800,0,9223372036800000000,40,0,10,0,0,7,0,0,1,0,0,1,1,1,0,0,0,5,2,2,0,1,-1,-1,-1,-1,0,10,-1,1,1,3,-1,-1,-1,0,0,1,5,0,10,0,0,0,32.79
1,0,0,0,-1,0,1,4,0,0,0,0,0,0,-1,0,1,0,1,-1,2,3,0,-1,800,0,9223372036800000000,1e+75,0,10,0,0,7,0,0,1,0,0,1,1,0,0,0,0,0,0,2,0,1,-1,-1,-1,-1,0,10,-1,1,1,3,-1,-1,-1,0,0,1,0,0,10,0,0,0,19.28
1,0,0,0,-1,0,1,1,0,0,0,0,1,0,-1,2,0,-1,1,0,2,3,0,-1,50,0,9223372036800000000,0,0,10,0,0,7,0,0,1,0,0,0,1,0,3,0,0,0,4,2,0,1,-1,-1,-1,-1,0,10,-1,1,1,3,-1,-1,-1,0,0,1,0,0,10,0,0,0,25.05
1,0,0,0,-1,0,1,3,0,0,0,0,-1,0,0,2,2,-1,-1,0,1,3,0,-1,200,0,9223372036800000000,1e+75,0,10,0,0,7,0,0,1,0,0,1,1,0,0,0,0,0,0,2,0,1,-1,-1,-1,-1,0,10,-1,1,1,3,-1,-1,-1,0,0,1,0,0,10,0,0,0,16.84
1,0,0,0,-1,0,1,3,0,0,0,0,-1,0,0,2,2,1,2,0,1,3,0,-1,200,0,9223372036800000000,1e+75,0,10,0,0,7,0,0,1,0,0,1,1,0,0,0,0,0,0,2,0,1,-1,-1,-1,-1,0,10,-1,1,1,3,-1,-1,-1,0,0,1,0,0,10,0,0,0,19.96
1,0,0,0,-1,0,1,4,0,0,0,0,3,0,2,0,-1,2,-1,-1,-1,3,0,-1,150,0,9223372036800000000,1e+75,0,10,0,0,7,0,0,1,0,0,1,1,0,0,0,0,0,0,2,0,1,-1,-1,-1,-1,0,10,-1,1,1,3,-1,-1,-1,0,0,1,0,0,10,0,0,0,15.79
1,0,0,0,-1,0,1,1,0,0,0,0,0,3,-1,-1,-1,2,1,-1,1,3,0,2,10,0,9223372036800000000,1,0,10,0,0,7,0,0,1,0,0,3,1,0,0,0,0,0,0,2,0,1,-1,-1,-1,-1,0,10,-1,1,1,3,-1,-1,-1,0,0,1,0,0,10,0,0,0,33.6
1,0,0,0,-1,0,1,5,0,0,0,0,3,1,-1,0,-1,-1,-1,2,0,3,0,-1,100,0,9223372036800000000,40,0,10,0,0,7,0,0,1,0,0,2,1,-1,2,0,0,3,3,2,0,1,-1,-1,-1,-1,0,10,-1,1,1,3,-1,-1,-1,0,0,1,3,0,10,0,0,0,25.79
1,0,0,0,-1,0,1,0,0,0,0,0,2,0,2,-1,1,0,-1,0,2,3,0,1,10,0,9223372036800000000,30,0,10,0,0,7,0,0,1,0,0,2,1,2,2,0,0,0,2,2,0,1,-1,-1,-1,-1,0,10,-1,1,1,3,-1,-1,-1,0,0,1,0,0,10,0,0,0,45.75
1,0,0,0,-1,0,1,3,0,0,0,0,1,0,0,2,2,1,-1,0,1,3,0,-1,200,0,9223372036800000000,1e+75,0,10,0,0,7,0,0,1,0,0,1,1,0,0,0,0,0,0,2,0,1,-1,-1,-1,-1,0,10,-1,1,1,3,-1,-1,-1,0,0,1,0,0,10,0,0,0,15.27
1,0,0,0,-1,0,1,4,0,0,0,0,2,-1,2,2,-1,-1,-1,0,1,3,0,-1,100,0,9223372036800000000,120,0,10,0,0,7,0,0,1,0,0,1,1,2,1,0,0,0,3,2,0,1,-1,-1,-1,-1,0,10,-1,1,1,3,-1,-1,-1,0,0,1,0,0,10,0,0,0,21.03
1,0,0,0,-1,0,1,3,0,0,0,0,3,0,0,0,1,1,2,-1,2,3,0,-1,100,0,9223372036800000000,5,0,10,0,0,7,0,0,1,0,0,1,1,0,0,0,0,0,-1,2,0,1,-1,-1,-1,-1,0,10,-1,1,1,3,-1,-1,-1,0,0,1,0,0,10,0,0,0,22.96
1,0,0,0,-1,0,1,3,0,0,0,0,-1,0,0,2,2,1,-1,0,1,3,0,-1,400,0,9223372036800000000,1e+75,0,10,0,0,7,0,0,1,0,0,1,1,0,0,0,0,0,0,2,0,1,-1,-1,-1,-1,0,10,-1,1,1,3,-1,-1,-1,0,0,1,0,0,10,0,0,0,15.27
1,0,0,0,-1,0,1,2,0,0,0,0,2,0,2,2,0,1,0,2,0,3,0,-1,25,0,9223372036800000000,1e+75,0,10,0,0,7,0,0,1,0,0,1,1,0,0,0,0,0,0,2,0,1,-1,-1,-1,-1,0,10,-1,1,1,3,-1,-1,-1,0,0,1,0,0,10,0,0,0,14.67
1,0,0,0,-1,0,1,3,0,0,0,0,-1,0,2,2,2,1,-1,0,1,3,0,-1,200,0,9223372036800000000,1e+75,0,10,0,0,7,0,0,1,0,0,1,1,0,0,0,0,0,0,2,0,1,-1,-1,-1,-1,0,10,-1,1,1,3,-1,-1,-1,0,0,1,0,0,10,0,0,0,15.27
1,0,0,0,-1,0,1,3,0,0,0,0,3,3,2,0,1,1,2,1,1,3,0,-1,50,0,9223372036800000000,5,0,10,0,0,7,0,0,1,0,0,1,1,0,3,0,0,0,3,2,0,1,-1,-1,-1,-1,0,10,-1,1,1,3,-1,-1,-1,0,0,1,0,0,10,0,0,0,22.41
1,0,0,0,-1,0,1,3,0,0,0,0,-1,0,0,2,2,1,-1,0,1,3,0,-1,10,0,9223372036800000000,1e+75,0,10,0,0,7,0,0,1,0,0,1,1,0,0,0,0,0,0,2,0,1,-1,-1,-1,-1,0,10,-1,1,1,3,-1,-1,-1,0,0,1,0,0,10,0,0,0,17.31
1,0,0,0,-1,0,1,1,0,0,0,0,2,2,3,1,2,-1,0,1,0,3,0,2,100,0,9223372036800000000,5,0,10,0,0,7,0,0,1,0,0,2,1,2,2,0,0,0,4,2,0,1,-1,-1,-1,-1,0,10,-1,1,1,3,-1,-1,-1,0,0,1,0,0,10,0,0,0,26.37
1,0,0,0,-1,0,1,3,0,0,0,0,-1,0,0,2,2,1,-1,0,1,3,0,-1,25,0,9223372036800000000,1e+75,0,10,0,0,7,0,0,1,0,0,1,1,0,0,0,0,0,0,2,0,1,-1,-1,-1,-1,0,10,-1,1,1,3,-1,-1,-1,0,0,1,0,0,10,0,0,0,17.96
1,0,0,0,-1,0,1,3,0,0,0,0,-1,0,0,2,2,1,-1,-1,1,3,0,-1,200,0,9223372036800000000,1e+75,0,10,0,0,7,0,0,1,0,0,1,1,0,0,0,0,0,0,2,0,1,-1,-1,-1,-1,0,10,-1,1,1,3,-1,-1,-1,0,0,1,0,0,10,0,0,0,17.2
1,0,0,0,-1,0,1,5,0,0,0,0,1,-1,3,1,0,1,2,1,-1,3,0,1,400,0,9223372036800000000,20,0,10,0,0,7,0,0,1,0,0,3,1,2,3,0,0,0,1,2,0,1,-1,-1,-1,-1,0,10,-1,1,1,3,-1,-1,-1,0,0,1,0,0,10,0,0,0,47.38
1,0,0,0,-1,0,1,1,0,0,0,0,0,-1,0,0,-1,1,2,2,2,3,0,-1,400,0,9223372036800000000,1e+75,0,10,0,0,7,0,0,1,0,0,3,1,0,-1,0,0,0,4,2,0,1,-1,-1,-1,-1,0,10,-1,1,1,3,-1,-1,-1,0,0,1,0,0,10,0,0,0,22.11
1,0,0,0,-1,0,1,4,0,0,0,0,3,0,2,0,-1,2,0,-1,-1,3,0,-1,50,0,9223372036800000000,1e+75,0,10,0,0,7,0,0,1,0,0,1,1,0,0,0,0,0,0,2,0,1,-1,-1,-1,-1,0,10,-1,1,1,3,-1,-1,-1,0,0,1,0,0,10,0,0,0,16.84
1,0,0,0,-1,0,1,5,0,0,0,0,-1,3,-1,1,0,0,2,-1,2,3,0,8,50,0,9223372036800000000,240,0,10,0,0,7,0,0,1,0,0,0,1,1,2,0,0,0,0,2,0,1,-1,-1,-1,-1,0,10,-1,1,1,3,-1,-1,-1,0,0,1,0,0,10,0,0,0,21.61
1,0,0,0,-1,0,1,3,0,0,0,0,-1,0,0,1,2,1,-1,0,1,3,0,-1,200,0,9223372036800000000,1e+75,0,10,0,0,7,0,0,1,0,0,1,1,0,0,0,0,0,0,2,0,1,-1,-1,-1,-1,0,10,-1,1,1,3,-1,-1,-1,0,0,1,0,0,10,0,0,0,19.66
1,0,0,0,-1,0,1,3,0,0,0,0,3,0,1,1,2,-1,0,1,1,3,0,-1,800,0,9223372036800000000,1e+75,0,10,0,0,7,0,0,1,0,0,1,1,0,0,0,0,0,0,2,0,1,-1,-1,-1,-1,0,10,-1,1,1,3,-1,-1,-1,0,0,1,0,0,10,0,0,0,15.66
1,0,0,0,-1,0,1,0,0,0,0,0,-1,1,1,2,0,1,0,1,1,3,0,2,150,0,9223372036800000000,1,0,10,0,0,7,0,0,1,0,0,1,1,1,2,0,0,0,0,2,0,1,-1,-1,-1,-1,0,10,-1,1,1,3,-1,-1,-1,0,0,1,3,0,10,0,0,0,18.2
1,0,0,0,-1,0,1,1,0,0,0,0,0,-1,0,0,-1,1,2,2,2,3,0,-1,400,0,9223372036800000000,20,0,10,0,0,7,0,0,1,0,0,3,1,0,-1,0,0,0,0,2,0,1,-1,-1,-1,-1,0,10,-1,1,1,3,-1,-1,-1,0,0,1,0,0,10,0,0,0,22.11
1,0,0,0,-1,0,1,1,0,0,0,0,1,-1,-1,-1,1,1,0,2,-1,3,0,-1,10,0,9223372036800000000,2,0,10,0,0,7,0,0,1,0,0,2,1,0,1,0,0,0,1,2,0,1,-1,-1,-1,-1,0,10,-1,1,1,3,-1,-1,-1,0,0,1,0,0,10,0,0,0,24.13
1,0,0,0,-1,0,1,3,0,0,0,0,1,0,2,0,0,2,2,2,0,3,0,-1,200,0,9223372036800000000,10,0,10,0,0,7,0,0,1,0,0,0,1,0,2,0,0,3,1,2,0,1,-1,-1,-1,-1,0,10,-1,1,1,3,-1,-1,-1,0,0,1,2,0,10,0,0,0,24.06
1,0,0,0,-1,0,1,2,0,0,0,0,1,0,1,2,0,-1,0,0,2,3,0,-1,200,0,9223372036800000000,1e+75,0,10,0,0,7,0,0,1,0,0,1,1,0,0,0,0,0,0,2,0,1,-1,-1,-1,-1,0,10,-1,1,1,3,-1,-1,-1,0,0,1,0,0,10,0,0,0,16.53
1,0,0,0,-1,0,1,3,0,0,0,0,-1,3,-1,1,2,0,2,1,1,3,0,8,200,0,9223372036800000000,10,0,10,0,0,7,0,0,1,0,0,0,1,2,3,0,0,0,0,2,0,1,-1,-1,-1,-1,0,10,-1,1,1,3,-1,-1,-1,0,0,1,3,0,10,0,0,0,19.83
1,0,0,0,-1,0,1,2,0,0,0,0,1,0,1,2,0,1,-1,0,2,3,0,-1,150,0,9223372036800000000,1e+75,0,10,0,0,7,0,0,1,0,0,1,1,0,0,0,0,0,0,2,0,1,-1,-1,-1,-1,0,10,-1,1,1,3,-1,-1,-1,0,0,1,0,0,10,0,0,0,14.98
1,0,0,0,-1,0,1,3,0,0,0,0,1,0,1,1,-1,2,1,0,0,3,0,-1,800,0,9223372036800000000,60,0,10,0,0,7,0,0,1,0,0,0,1,0,3,0,0,0,-1,2,0,1,-1,-1,-1,-1,0,10,-1,1,1,3,-1,-1,-1,0,0,1,0,0,10,0,0,0,21.31
1,0,0,0,-1,0,1,1,0,0,0,0,1,0,-1,-1,1,1,2,2,-1,3,0,-1,10,0,9223372036800000000,2,0,10,0,0,7,0,0,1,0,0,2,1,0,0,0,0,0,1,2,0,1,-1,-1,-1,-1,0,10,-1,1,1,3,-1,-1,-1,0,0,1,0,0,10,0,0,0,24.11
1,0,0,0,-1,0,1,5,0,0,0,0,3,-1,2,1,1,0,0,1,1,3,0,1,200,0,9223372036800000000,50,0,10,0,0,7,0,0,1,0,0,3,1,3,3,0,0,4,0,2,0,1,-1,-1,-1,-1,0,10,-1,1,1,3,-1,-1,-1,0,0,1,1,0,10,0,0,0,49.81
1,0,0,0,-1,0,1,4,0,0,0,0,-1,3,1,1,1,2,-1,0,0,3,0,16,400,0,9223372036800000000,50,0,10,0,0,7,0,0,1,0,0,2,1,2,0,0,0,4,0,2,0,1,-1,-1,-1,-1,0,10,-1,1,1,3,-1,-1,-1,0,0,1,2,0,10,0,0,0,25.32
1,0,0,0,-1,0,1,0,0,0,0,0,1,-1,3,0,1,1,1,-1,2,3,0,-1,200,0,9223372036800000000,5,0,10,0,0,7,0,0,1,0,0,1,1,0,1,0,0,0,1,2,0,1,-1,-1,-1,-1,0,10,-1,1,1,3,-1,-1,-1,0,0,1,0,0,10,0,0,0,23.36
1,0,0,0,-1,0,1,2,0,0,0,0,1,0,1,1,0,1,-1,0,2,3,0,-1,200,0,9223372036800000000,1e+75,0,10,0,0,7,0,0,1,0,0,1,1,0,0,0,0,0,0,2,0,1,-1,-1,-1,-1,0,10,-1,1,1,3,-1,-1,-1,0,0,1,0,0,10,0,0,0,15.46
1,0,0,0,-1,0,1,4,0,0,0,0,3,-1,1,2,-1,2,2,1,-1,3,0,16,50,0,9223372036800000000,5,0,10,0,0,7,0,0,1,0,0,0,1,3,2,0,0,3,1,2,0,1,-1,-1,-1,-1,0,10,-1,1,1,3,-1,-1,-1,0,0,1,3,0,10,0,0,0,25.19
1,0,0,0,-1,0,1,4,0,0,0,0,1,-1,0,1,-1,1,-1,2,-1,3,0,-1,800,0,9223372036800000000,10,0,10,0,0,7,0,0,1,0,0,3,1,0,1,0,0,0,4,2,0,1,-1,-1,-1,-1,0,10,-1,1,1,3,-1,-1,-1,0,0,1,0,0,10,0,0,0,21.55
1,0,0,0,-1,0,1,1,0,0,0,0,1,0,-1,2,0,-1,1,0,2,3,0,-1,50,0,9223372036800000000,40,0,10,0,0,7,0,0,1,0,0,0,1,0,3,0,0,0,4,2,0,1,-1,-1,-1,-1,0,10,-1,1,1,3,-1,-1,-1,0,0,1,0,0,10,0,0,0,25.93
1,0,0,0,-1,0,1,2,0,0,0,0,1,0,1,2,0,-1,-1,0,2,3,0,-1,200,0,9223372036800000000,1e+75,0,10,0,0,7,0,0,1,0,0,1,1,0,0,0,0,0,0,2,0,1,-1,-1,-1,-1,0,10,-1,1,1,3,-1,-1,-1,0,0,1,0,0,10,0,0,0,15.78
1,0,0,0,-1,0,1,3,0,0,0,0,3,0,1,1,2,-1,2,1,1,3,0,-1,800,0,9223372036800000000,1e+75,0,10,0,0,7,0,0,1,0,0,1,1,0,0,0,0,0,0,2,0,1,-1,-1,-1,-1,0,10,-1,1,1,3,-1,-1,-1,0,0,1,0,0,10,0,0,0,15.71
1,0,0,0,-1,0,1,0,0,0,0,0,1,1,3,0,-1,-1,2,1,1,3,0,-1,10,0,9223372036800000000,0,0,10,0,0,7,0,0,1,0,0,0,1,0,1,0,0,0,0,2,0,1,-1,-1,-1,-1,0,10,-1,1,1,3,-1,-1,-1,0,0,1,0,0,10,0,0,0,23.01
1,0,0,0,-1,0,1,2,0,0,0,0,1,0,1,2,0,1,-1,0,2,3,0,-1,10,0,9223372036800000000,1e+75,0,10,0,0,7,0,0,1,0,0,1,1,0,0,0,0,0,0,2,0,1,-1,-1,-1,-1,0,10,-1,1,1,3,-1,-1,-1,0,0,1,0,0,10,0,0,0,16.52
1,0,0,0,-1,0,1,2,0,0,0,0,1,0,0,2,0,1,-1,0,2,3,0,-1,200,0,9223372036800000000,1e+75,0,10,0,0,7,0,0,1,0,0,1,1,0,0,0,0,0,0,2,0,1,-1,-1,-1,-1,0,10,-1,1,1,3,-1,-1,-1,0,0,1,0,0,10,0,0,0,14.98
1,0,0,0,-1,0,1,3,0,0,0,0,0,0,1,1,2,2,0,2,2,3,0,-1,800,0,9223372036800000000,1e+75,0,10,0,0,7,0,0,1,0,0,1,1,0,0,0,0,0,0,2,0,1,-1,-1,-1,-1,0,10,-1,1,1,3,-1,-1,-1,0,0,1,0,0,10,0,0,0,18.09
1,0,0,0,-1,0,1,3,0,0,0,0,2,0,1,0,0,0,2,1,2,3,0,-1,200,0,9223372036800000000,1e+75,0,10,0,0,7,0,0,1,0,0,1,1,0,0,0,0,0,0,2,0,1,-1,-1,-1,-1,0,10,-1,1,1,3,-1,-1,-1,0,0,1,0,0,10,0,0,0,15.8
1,0,0,0,-1,0,1,4,0,0,0,0,3,0,2,0,-1,0,-1,-1,2,3,0,-1,800,0,9223372036800000000,1e+75,0,10,0,0,7,0,0,1,0,0,1,1,0,0,0,0,0,0,2,0,1,-1,-1,-1,-1,0,10,-1,1,1,3,-1,-1,-1,0,0,1,0,0,10,0,0,0,16.72
1,0,0,0,-1,0,1,2,0,0,0,0,1,0,1,2,0,1,-1,0,2,3,0,-1,800,0,9223372036800000000,1e+75,0,10,0,0,7,0,0,1,0,0,1,1,0,0,0,0,0,0,2,0,1,-1,-1,-1,-1,0,10,-1,1,1,3,-1,-1,-1,0,0,1,0,0,10,0,0,0,14.98
1,0,0,0,-1,0,1,2,0,0,0,0,1,0,-1,2,0,1,-1,0,2,3,0,-1,200,0,9223372036800000000,1e+75,0,10,0,0,7,0,0,1,0,0,1,1,0,0,0,0,0,0,2,0,1,-1,-1,-1,-1,0,10,-1,1,1,3,-1,-1,-1,0,0,1,0,0,10,0,0,0,15
1,0,0,0,-1,0,1,2,0,0,0,0,1,0,1,-1,0,1,-1,0,2,3,0,-1,200,0,9223372036800000000,1e+75,0,10,0,0,7,0,0,1,0,0,1,1,0,0,0,0,0,0,2,0,1,-1,-1,-1,-1,0,10,-1,1,1,3,-1,-1,-1,0,0,1,0,0,10,0,0,0,18.13
1,0,0,0,-1,0,1,2,0,0,0,0,3,0,2,-1,-1,-1,-1,0,2,3,0,-1,100,0,9223372036800000000,1e+75,0,10,0,0,7,0,0,1,0,0,1,1,0,0,0,0,0,0,2,0,1,-1,-1,-1,-1,0,10,-1,1,1,3,-1,-1,-1,0,0,1,0,0,10,0,0,0,20.18
1,0,0,0,-1,0,1,2,0,0,0,0,-1,0,1,2,0,1,-1,0,2,3,0,-1,200,0,9223372036800000000,1e+75,0,10,0,0,7,0,0,1,0,0,1,1,0,0,0,0,0,0,2,0,1,-1,-1,-1,-1,0,10,-1,1,1,3,-1,-1,-1,0,0,1,0,0,10,0,0,0,14.98
1,0,0,0,-1,0,1,1,0,0,0,0,-1,2,3,-1,2,-1,0,1,0,3,0,2,100,0,9223372036800000000,5,0,10,0,0,7,0,0,1,0,0,2,1,2,2,0,0,0,4,2,0,1,-1,-1,-1,-1,0,10,-1,1,1,3,-1,-1,-1,0,0,1,0,0,10,0,0,0,25.74
1,0,0,0,-1,0,1,2,0,0,0,0,2,0,-1,0,1,0,1,-1,2,3,0,-1,10,0,9223372036800000000,1e+75,0,10,0,0,7,0,0,1,0,0,1,1,0,0,0,0,0,0,2,0,1,-1,-1,-1,-1,0,10,-1,1,1,3,-1,-1,-1,0,0,1,0,0,10,0,0,0,17.79
1,0,0,0,-1,0,3,0,0,0,0,0,0,0,2,0,-1,0,0,0,0,3,0,-1,100,0,9223372036800000000,2,0,10,0,0,7,0,0,1,0,0,1,1,0,0,0,0,0,0,2,0,1,-1,-1,-1,-1,0,10,-1,1,1,3,-1,-1,-1,0,0,1,2,0,10,0,0,0,12.61
1,0,0,0,-1,0,1,2,0,0,0,0,1,0,1,2,0,1,-1,0,2,3,0,-1,200,0,9223372036800000000,1e+75,0,10,0,0,7,0,0,1,0,0,1,1,0,0,0,0,0,0,2,0,1,-1,-1,-1,-1,0,10,-1,1,1,3,-1,-1,-1,0,0,1,0,0,10,0,0,0,14.98
1,0,0,0,-1,0,1,3,0,0,0,0,3,0,1,1,2,-1,0,1,2,3,0,-1,800,0,9223372036800000000,1e+75,0,10,0,0,7,0,0,1,0,0,1,1,0,0,0,0,0,0,2,0,1,-1,-1,-1,-1,0,10,-1,1,1,3,-1,-1,-1,0,0,1,0,0,10,0,0,0,17.39
1,0,0,0,-1,0,1,0,0,0,0,0,0,0,0,0,0,-1,0,0,0,3,0,-1,200,0,9223372036800000000,1e+75,0,10,0,0,7,0,0,1,0,0,1,1,0,0,0,0,0,0,2,0,1,-1,-1,-1,-1,0,10,-1,1,1,3,-1,-1,-1,0,0,1,0,0,10,0,0,0,14.14
1,0,0,0,-1,0,1,1,0,0,0,0,1,0,-1,2,0,-1,1,0,2,3,0,-1,50,0,9223372036800000000,50,0,10,0,0,7,0,0,1,0,0,0,1,0,3,0,0,0,4,2,0,1,-1,-1,-1,-1,0,10,-1,1,1,3,-1,-1,-1,0,0,1,0,0,10,0,0,0,25.95
1,0,0,0,-1,0,1,3,0,0,0,0,3,0,1,1,2,-1,1,1,1,3,0,-1,800,0,9223372036800000000,1e+75,0,10,0,0,7,0,0,1,0,0,1,1,0,0,0,0,0,0,2,0,1,-1,-1,-1,-1,0,10,-1,1,1,3,-1,-1,-1,0,0,1,0,0,10,0,0,0,19.24
1,0,0,0,-1,0,1,4,0,0,0,0,2,0,-1,0,1,0,1,-1,2,3,0,-1,800,0,9223372036800000000,1e+75,0,10,0,0,7,0,0,1,0,0,1,1,0,0,0,0,0,0,2,0,1,-1,-1,-1,-1,0,10,-1,1,1,3,-1,-1,-1,0,0,1,0,0,10,0,0,0,21.31
1,0,0,0,-1,0,1,5,0,0,0,0,1,2,2,-1,1,0,1,1,-1,3,0,-1,400,0,9223372036800000000,10,0,10,0,0,7,0,0,1,0,0,3,1,1,2,0,0,4,2,2,0,1,-1,-1,-1,-1,0,10,-1,1,1,3,-1,-1,-1,0,0,1,3,0,10,0,0,0,27.88
1,0,0,0,-1,0,1,5,0,0,0,0,1,-1,-1,0,-1,0,2,1,1,3,0,4,50,0,9223372036800000000,20,0,10,0,0,7,0,0,1,0,0,2,1,-1,-1,0,0,0,0,2,0,1,-1,-1,-1,-1,0,10,-1,1,1,3,-1,-1,-1,0,0,1,0,0,10,0,0,0,21.43
1,0,0,0,-1,0,1,3,0,0,0,0,3,0,-1,1,2,-1,0,1,1,3,0,-1,800,0,9223372036800000000,1e+75,0,10,0,0,7,0,0,1,0,0,1,1,0,0,0,0,0,0,2,0,1,-1,-1,-1,-1,0,10,-1,1,1,3,-1,-1,-1,0,0,1,0,0,10,0,0,0,15.71
1,0,0,0,-1,0,1,3,0,0,0,0,-1,0,1,1,2,-1,0,1,1,3,0,-1,800,0,9223372036800000000,1e+75,0,10,0,0,7,0,0,1,0,0,1,1,0,0,0,0,0,0,2,0,1,-1,-1,-1,-1,0,10,-1,1,1,3,-1,-1,-1,0,0,1,0,0,10,0,0,0,15.66
1,0,0,0,-1,0,1,0,0,0,0,0,0,0,0,0,2,0,0,1,0,3,0,-1,100,0,9223372036800000000,1e+75,0,10,0,0,7,0,0,1,0,0,1,1,0,0,0,0,0,0,2,0,1,-1,-1,-1,-1,0,10,-1,1,1,3,-1,-1,-1,0,0,1,0,0,10,0,0,0,14.02
1,0,0,0,-1,0,1,3,0,0,0,0,-1,3,-1,1,2,0,2,1,1,3,0,8,100,0,9223372036800000000,10,0,10,0,0,7,0,0,1,0,0,0,1,2,3,0,0,0,0,2,0,1,-1,-1,-1,-1,0,10,-1,1,1,3,-1,-1,-1,0,0,1,3,0,10,0,0,0,18.93
1,0,0,0,-1,0,1,1,0,0,0,0,1,-1,0,1,-1,1,-1,0,-1,3,0,-1,800,0,9223372036800000000,10,0,10,0,0,7,0,0,1,0,0,3,1,0,1,0,0,0,2,2,0,1,-1,-1,-1,-1,0,10,-1,1,1,3,-1,-1,-1,0,0,1,0,0,10,0,0,0,23.97
1,0,0,0,-1,0,1,0,0,0,0,0,-1,1,3,0,2,1,1,1,2,3,0,-1,800,0,9223372036800000000,5,0,10,0,0,7,0,0,1,0,0,3,1,0,2,0,0,0,4,2,0,1,-1,-1,-1,-1,0,10,-1,1,1,3,-1,-1,-1,0,0,1,0,0,10,0,0,0,22.05
1,0,0,0,-1,0,1,2,0,0,0,0,3,2,-1,1,0,0,0,1,2,3,0,-1,100,0,9223372036800000000,40,0,10,0,0,7,0,0,1,0,0,3,1,0,-1,0,0,0,1,2,0,1,-1,-1,-1,-1,0,10,-1,1,1,3,-1,-1,-1,0,0,1,0,0,10,0,0,0,22.63
1,0,0,0,-1,0,1,2,0,0,0,0,1,0,1,2,0,1,-1,0,1,3,0,-1,200,0,9223372036800000000,1e+75,0,10,0,0,7,0,0,1,0,0,1,1,0,0,0,0,0,0,2,0,1,-1,-1,-1,-1,0,10,-1,1,1,3,-1,-1,-1,0,0,1,0,0,10,0,0,0,15.15
1,0,0,0,-1,0,1,3,0,0,0,0,1,0,-1,-1,2,1,0,-1,-1,3,0,-1,200,0,9223372036800000000,1e+75,0,10,0,0,7,0,0,1,0,0,1,1,0,0,0,0,0,0,2,0,1,-1,-1,-1,-1,0,10,-1,1,1,3,-1,-1,-1,0,0,1,0,0,10,0,0,0,26.75
1,0,0,0,-1,0,1,3,0,0,0,0,-1,3,-1,2,2,0,2,1,1,3,0,8,100,0,9223372036800000000,240,0,10,0,0,7,0,0,1,0,0,0,1,2,3,0,0,4,0,2,0,1,-1,-1,-1,-1,0,10,-1,1,1,3,-1,-1,-1,0,0,1,2,0,10,0,0,0,25.63
1,0,0,0,-1,0,1,2,0,0,0,0,2,0,2,2,0,1,1,2,0,3,0,-1,25,0,9223372036800000000,1e+75,0,10,0,0,7,0,0,1,0,0,1,1,0,0,0,0,0,0,2,0,1,-1,-1,-1,-1,0,10,-1,1,1,3,-1,-1,-1,0,0,1,0,0,10,0,0,0,14.32
1,0,0,0,-1,0,1,3,0,0,0,0,3,0,-1,1,0,-1,0,1,0,3,0,-1,800,0,9223372036800000000,1e+75,0,10,0,0,7,0,0,1,0,0,1,1,0,0,0,0,0,0,2,0,1,-1,-1,-1,-1,0,10,-1,1,1,3,-1,-1,-1,0,0,1,0,0,10,0,0,0,17.39
1,0,0,0,-1,0,1,4,0,0,0,0,2,1,3,2,2,-1,1,-1,2,3,0,16,150,0,9223372036800000000,60,0,10,0,0,7,0,0,1,0,0,0,1,3,3,0,0,4,2,2,0,1,-1,-1,-1,-1,0,10,-1,1,1,3,-1,-1,-1,0,0,1,2,0,10,0,0,0,28.94
1,0,0,0,-1,0,1,1,0,0,0,0,2,0,0,-1,2,1,2,1,2,3,0,-1,10,0,9223372036800000000,1e+75,0,10,0,0,7,0,0,1,0,0,1,1,0,0,0,0,0,0,2,0,1,-1,-1,-1,-1,0,10,-1,1,1,3,-1,-1,-1,0,0,1,0,0,10,0,0,0,23.41
1,0,0,0,-1,0,1,2,0,0,0,0,1,0,1,2,0,1,0,0,2,3,0,-1,200,0,9223372036800000000,1e+75,0,10,0,0,7,0,0,1,0,0,1,1,0,0,0,0,0,0,2,0,1,-1,-1,-1,-1,0,10,-1,1,1,3,-1,-1,-1,0,0,1,0,0,10,0,0,0,14.91
1,0,0,0,-1,0,1,4,0,0,0,0,0,0,0,0,0,2,0,1,0,3,0,-1,100,0,9223372036800000000,1e+75,0,10,0,0,7,0,0,1,0,0,1,1,0,0,0,0,0,0,2,0,1,-1,-1,-1,-1,0,10,-1,1,1,3,-1,-1,-1,0,0,1,0,0,10,0,0,0,14.01
1,0,0,0,-1,0,1,3,0,0,0,0,2,0,2,2,0,-1,0,0,0,3,0,-1,50,0,9223372036800000000,1e+75,0,10,0,0,7,0,0,1,0,0,1,1,0,0,0,0,0,0,2,0,1,-1,-1,-1,-1,0,10,-1,1,1,3,-1,-1,-1,0,0,1,0,0,10,0,0,0,17.28
1,0,0,0,-1,0,1,4,0,0,0,0,1,-1,0,1,-1,2,-1,2,-1,3,0,-1,800,0,9223372036800000000,10,0,10,0,0,7,0,0,1,0,0,3,1,0,1,0,0,0,2,2,0,1,-1,-1,-1,-1,0,10,-1,1,1,3,-1,-1,-1,0,0,1,0,0,10,0,0,0,21.04
1,0,0,0,-1,0,1,0,0,0,0,0,0,0,2,0,-1,0,0,0,0,3,0,-1,100,0,9223372036800000000,2,0,10,0,0,2,0,0,1,0,0,1,1,0,0,0,0,0,0,2,0,1,-1,-1,-1,-1,0,10,-1,1,1,3,-1,-1,-1,0,0,1,0,0,10,0,0,0,13.23
1,0,0,0,-1,0,1,3,0,0,0,0,1,0,1,0,2,1,0,-1,-1,3,0,-1,150,0,9223372036800000000,1e+75,0,10,0,0,7,0,0,1,0,0,1,1,0,0,0,0,0,0,2,0,1,-1,-1,-1,-1,0,10,-1,1,1,3,-1,-1,-1,0,0,1,0,0,10,0,0,0,15.72
1,0,0,0,-1,0,1,5,0,0,0,0,0,2,3,1,1,2,-1,2,2,3,0,-1,800,0,9223372036800000000,120,0,10,0,0,7,0,0,1,0,0,2,1,0,-1,0,0,0,0,2,0,1,-1,-1,-1,-1,0,10,-1,1,1,3,-1,-1,-1,0,0,1,0,0,10,0,0,0,21.33
1,0,0,0,-1,0,1,4,0,0,0,0,0,0,0,0,0,0,0,1,1,3,0,-1,100,0,9223372036800000000,1e+75,0,10,0,0,7,0,0,1,0,0,1,1,0,0,0,0,0,0,2,0,1,-1,-1,-1,-1,0,10,-1,1,1,3,-1,-1,-1,0,0,1,0,0,10,0,0,0,15.81
1,0,0,0,-1,0,1,0,0,0,0,0,0,0,2,0,-1,0,0,0,0,3,0,-1,100,0,9223372036800000000,1e+75,0,10,0,0,7,0,3,1,0,0,1,1,0,0,0,0,0,0,2,0,1,-1,-1,-1,-1,0,10,-1,1,1,3,-1,-1,-1,0,0,1,0,0,10,0,0,0,14.9
1,0,0,0,-1,0,1,3,0,0,0,0,2,0,2,2,-1,2,1,0,0,3,0,-1,800,0,9223372036800000000,1e+75,0,10,0,0,7,0,0,1,0,0,1,1,0,0,0,0,0,0,2,0,1,-1,-1,-1,-1,0,10,-1,1,1,3,-1,-1,-1,0,0,1,0,0,10,0,0,0,18.02
1,0,0,0,-1,0,1,3,0,0,0,0,2,0,2,2,0,2,1,0,0,3,0,-1,800,0,9223372036800000000,1e+75,0,10,0,0,7,0,0,1,0,0,1,1,0,0,0,0,0,0,2,0,1,-1,-1,-1,-1,0,10,-1,1,1,3,-1,-1,-1,0,0,1,0,0,10,0,0,0,18.02
1,0,0,0,-1,0,1,3,0,0,0,0,1,0,-1,0,2,-1,0,-1,-1,3,0,-1,200,0,9223372036800000000,1e+75,0,10,0,0,7,0,0,1,0,0,1,1,0,0,0,0,0,0,2,0,1,-1,-1,-1,-1,0,10,-1,1,1,3,-1,-1,-1,0,0,1,0,0,10,0,0,0,16.88
1,0,0,0,-1,0,1,0,0,0,0,0,1,0,3,-1,2,1,0,1,0,3,0,-1,25,0,9223372036800000000,1e+75,0,10,0,0,7,0,0,1,0,0,1,1,0,0,0,0,0,0,2,0,1,-1,-1,-1,-1,0,10,-1,1,1,3,-1,-1,-1,0,0,1,0,0,10,0,0,0,18.95
1,0,0,0,-1,0,1,3,0,0,0,0,3,0,2,0,2,1,0,-1,-1,3,0,-1,150,0,9223372036800000000,1e+75,0,10,0,0,7,0,0,1,0,0,1,1,0,0,0,0,0,0,2,0,1,-1,-1,-1,-1,0,10,-1,1,1,3,-1,-1,-1,0,0,1,0,0,10,0,0,0,14.65
1,0,0,0,-1,0,1,1,0,0,0,0,3,2,0,1,-1,0,1,0,0,3,0,16,400,0,9223372036800000000,1e+75,0,10,0,0,7,0,0,1,0,0,1,1,1,1,0,0,1,-1,2,0,1,-1,-1,-1,-1,0,10,-1,1,1,3,-1,-1,-1,0,0,1,2,0,10,0,0,0,25.17
1,0,0,0,-1,0,1,0,0,0,0,0,0,0,2,0,-1,0,0,0,0,3,0,-1,100,0,9223372036800000000,2,0,10,0,0,7,0,0,1,20,0,1,1,0,0,0,0,0,0,2,0,1,-1,-1,-1,-1,0,10,-1,1,1,3,-1,-1,-1,0,0,1,0,0,10,0,0,0,14.48
1,0,0,0,-1,0,1,3,0,0,0,0,3,0,1,2,2,-1,0,1,1,3,0,-1,800,0,9223372036800000000,1e+75,0,10,0,0,7,0,0,1,0,0,1,1,0,0,0,0,0,0,2,0,1,-1,-1,-1,-1,0,10,-1,1,1,3,-1,-1,-1,0,0,1,0,0,10,0,0,0,16.07
1,0,0,0,-1,0,1,0,0,0,0,0,0,0,2,0,-1,0,0,0,0,3,0,-1,100,0,9223372036800000000,1e+75,0,10,0,0,7,0,0,1,0,0,0,1,0,0,0,0,0,0,2,0,1,-1,-1,-1,-1,0,10,-1,1,1,3,-1,-1,-1,0,0,1,0,0,10,0,0,0,19.13
1,0,0,0,-1,0,1,0,0,0,0,0,0,0,2,1,0,1,0,0,2,3,0,-1,25,0,9223372036800000000,1e+75,0,10,0,0,7,0,0,1,0,0,1,1,0,0,0,0,0,0,2,0,1,-1,-1,-1,-1,0,10,-1,1,1,3,-1,-1,-1,0,0,1,0,0,10,0,0,0,14.05
1,0,0,0,-1,0,1,0,0,0,0,0,-1,3,1,1,0,0,2,0,0,3,0,16,25,0,9223372036800000000,10,0,10,0,0,7,0,0,1,0,0,0,1,0,0,0,0,0,0,2,0,1,-1,-1,-1,-1,0,10,-1,1,1,3,-1,-1,-1,0,0,1,0,0,10,0,0,0,21.25
1,0,0,0,-1,0,1,1,0,0,0,0,2,0,2,2,0,2,1,0,0,3,0,-1,100,0,9223372036800000000,1e+75,0,10,0,0,7,0,0,1,0,0,1,1,0,0,0,0,0,0,2,0,1,-1,-1,-1,-1,0,10,-1,1,1,3,-1,-1,-1,0,0,1,0,0,10,0,0,0,22.27
1,0,0,0,-1,0,1,5,0,0,0,0,3,1,-1,0,-1,0,0,0,2,3,0,-1,50,0,9223372036800000000,40,0,10,0,0,7,0,0,1,0,0,3,1,0,-1,0,0,0,-1,2,0,1,-1,-1,-1,-1,0,10,-1,1,1,3,-1,-1,-1,0,0,1,0,0,10,0,0,0,23.01
1,0,0,0,-1,0,1,0,0,0,0,0,0,0,2,0,-1,0,0,0,0,3,0,-1,100,0,9223372036800000000,0,0,10,0,0,7,0,0,1,0,0,1,1,0,0,0,0,0,0,2,0,1,-1,-1,-1,-1,0,10,-1,1,1,3,-1,-1,-1,0,0,1,0,0,10,0,0,0,13.33
1,0,0,0,-1,0,1,4,0,0,0,0,1,2,0,2,0,2,2,2,-1,3,0,2,800,0,9223372036800000000,40,0,10,0,0,7,0,0,1,0,0,1,1,-1,2,0,0,0,4,2,0,1,-1,-1,-1,-1,0,10,-1,1,1,3,-1,-1,-1,0,0,1,1,0,10,0,0,0,22.08
1,0,0,0,-1,0,1,2,0,0,0,0,3,1,1,1,-1,-1,0,0,1,3,0,-1,10,0,9223372036800000000,5,0,10,0,0,7,0,0,1,0,0,1,1,0,1,0,0,0,0,2,0,1,-1,-1,-1,-1,0,10,-1,1,1,3,-1,-1,-1,0,0,1,0,0,10,0,0,0,13.56
1,0,0,0,-1,0,1,1,0,0,0,0,2,0,2,2,0,2,1,0,0,3,0,-1,10,0,9223372036800000000,1e+75,0,10,0,0,7,0,0,1,0,0,1,1,0,0,0,0,0,0,2,0,1,-1,-1,-1,-1,0,10,-1,1,1,3,-1,-1,-1,0,0,1,0,0,10,0,0,0,22.6
1,0,0,0,-1,0,1,0,0,0,0,0,0,0,1,1,2,2,0,1,2,3,0,-1,50,0,9223372036800000000,1e+75,0,10,0,0,7,0,0,1,0,0,1,1,0,0,0,0,0,0,2,0,1,-1,-1,-1,-1,0,10,-1,1,1,3,-1,-1,-1,0,0,1,0,0,10,0,0,0,14.58
1,0,0,0,-1,0,1,3,0,0,0,0,0,0,0,1,2,2,0,1,1,3,0,-1,800,0,9223372036800000000,1e+75,0,10,0,0,7,0,0,1,0,0,1,1,0,0,0,0,0,0,2,0,1,-1,-1,-1,-1,0,10,-1,1,1,3,-1,-1,-1,0,0,1,0,0,10,0,0,0,15.66
1,0,0,0,-1,0,1,5,0,0,0,0,0,-1,-1,0,-1,2,-1,0,2,3,0,16,100,0,9223372036800000000,5,0,10,0,0,7,0,0,1,0,0,1,1,3,3,0,0,0,1,2,0,1,-1,-1,-1,-1,0,10,-1,1,1,3,-1,-1,-1,0,0,1,0,0,10,0,0,0,21.4
1,0,0,0,-1,0,1,5,0,0,0,0,1,1,3,0,-1,-1,2,1,1,3,0,-1,10,0,9223372036800000000,0,0,10,0,0,7,0,0,1,0,0,0,1,0,0,0,0,0,-1,2,0,1,-1,-1,-1,-1,0,10,-1,1,1,3,-1,-1,-1,0,0,1,0,0,10,0,0,0,22.81
1,0,0,0,-1,0,1,2,0,0,0,0,-1,1,-1,-1,-1,1,2,0,0,3,0,1,10,0,9223372036800000000,30,0,10,0,0,7,0,0,1,0,0,1,1,-1,3,0,0,1,0,2,0,1,-1,-1,-1,-1,0,10,-1,1,1,3,-1,-1,-1,0,0,1,3,0,10,0,0,0,42.19
1,0,0,0,-1,0,1,1,0,0,0,0,2,0,2,-1,0,2,1,0,0,3,0,-1,800,0,9223372036800000000,1e+75,0,10,0,0,7,0,0,1,0,0,1,1,0,0,0,0,0,0,2,0,1,-1,-1,-1,-1,0,10,-1,1,1,3,-1,-1,-1,0,0,1,0,0,10,0,0,0,23.84
1,0,0,0,-1,0,1,4,0,0,0,0,2,0,2,0,-1,2,0,-1,-1,3,0,-1,400,0,9223372036800000000,1e+75,0,10,0,0,7,0,0,1,0,0,1,1,0,0,0,0,0,0,2,0,1,-1,-1,-1,-1,0,10,-1,1,1,3,-1,-1,-1,0,0,1,0,0,10,0,0,0,15.23
1,0,0,0,-1,0,1,1,0,0,0,0,2,0,2,2,0,2,2,0,0,3,0,-1,800,0,9223372036800000000,1e+75,0,10,0,0,7,0,0,1,0,0,1,1,0,0,0,0,0,0,2,0,1,-1,-1,-1,-1,0,10,-1,1,1,3,-1,-1,-1,0,0,1,0,0,10,0,0,0,22.3
1,0,0,0,-1,0,1,0,0,0,0,0,0,0,2,0,-1,0,0,0,0,3,0,-1,100,0,9223372036800000000,2,0,10,0,0,7,0,0,1,0,0,1,1,0,0,0,0,3,0,2,0,1,-1,-1,-1,-1,0,10,-1,1,1,3,-1,-1,-1,0,0,1,0,0,10,0,0,0,23.42
1,0,0,0,-1,0,1,1,0,0,0,0,2,0,2,2,0,2,2,0,-1,3,0,-1,50,0,9223372036800000000,1e+75,0,10,0,0,7,0,0,1,0,0,1,1,0,0,0,0,0,0,2,0,1,-1,-1,-1,-1,0,10,-1,1,1,3,-1,-1,-1,0,0,1,0,0,10,0,0,0,23.15
1,0,0,0,-1,0,1,0,0,0,0,0,0,0,2,0,-1,0,0,0,0,3,0,-1,100,0,9223372036800000000,2,0,10,0,0,3,0,0,1,0,0,1,1,0,0,0,0,0,0,2,0,1,-1,-1,-1,-1,0,10,-1,1,1,3,-1,-1,-1,0,0,1,0,0,10,0,0,0,13.23
1,0,0,0,-1,0,1,3,0,0,0,0,3,0,1,1,2,-1,0,0,1,3,0,-1,800,0,9223372036800000000,1e+75,0,10,0,0,7,0,0,1,0,0,1,1,0,0,0,0,0,0,2,0,1,-1,-1,-1,-1,0,10,-1,1,1,3,-1,-1,-1,0,0,1,0,0,10,0,0,0,17.62
1,0,0,0,-1,0,1,3,0,0,0,0,-1,0,0,2,2,1,-1,0,1,3,0,-1,200,0,9223372036800000000,1e+75,0,10,0,0,7,0,0,1,0,0,1,1,0,0,0,0,0,0,2,0,1,-1,-1,-1,-1,0,10,-1,1,1,3,-1,-1,-1,0,0,1,0,0,10,0,0,0,15.27
1,0,0,0,-1,0,1,4,0,0,0,0,-1,3,0,1,1,1,-1,2,1,3,0,8,25,0,9223372036800000000,1,0,10,0,0,7,0,0,1,0,0,2,1,1,3,0,0,0,4,2,0,1,-1,-1,-1,-1,0,10,-1,1,1,3,-1,-1,-1,0,0,1,0,0,10,0,0,0,20.97
1,0,0,0,-1,0,1,5,0,0,0,0,3,1,0,0,-1,0,0,2,2,3,0,-1,50,0,9223372036800000000,40,0,10,0,0,7,0,0,1,0,0,3,1,0,-1,0,0,0,-1,2,0,1,-1,-1,-1,-1,0,10,-1,1,1,3,-1,-1,-1,0,0,1,0,0,10,0,0,0,22.95
1,0,0,0,-1,0,1,0,0,0,0,0,2,3,0,2,0,-1,0,-1,2,3,0,-1,150,0,9223372036800000000,20,0,10,0,0,7,0,0,1,0,0,2,1,0,3,0,0,0,3,2,0,1,-1,-1,-1,-1,0,10,-1,1,1,3,-1,-1,-1,0,0,1,0,0,10,0,0,0,22.92
1,0,0,0,-1,0,1,0,0,0,0,0,2,0,-1,-1,0,-1,2,2,-1,3,0,2,100,0,9223372036800000000,40,0,10,0,0,7,0,0,1,0,0,1,1,1,2,0,0,0,-1,2,0,1,-1,-1,-1,-1,0,10,-1,1,1,3,-1,-1,-1,0,0,1,0,0,10,0,0,0,22.64
1,0,0,0,-1,0,1,0,0,0,0,0,0,0,2,0,-1,0,0,0,0,5,0,-1,100,0,9223372036800000000,2,0,10,0,0,7,0,0,1,0,0,1,1,0,0,0,0,0,0,2,0,1,-1,-1,-1,-1,0,10,-1,1,1,3,-1,-1,-1,0,0,1,2,0,10,0,0,0,14.38
1,0,0,0,-1,0,1,4,0,0,0,0,0,0,0,0,0,2,0,0,1,3,0,-1,100,0,9223372036800000000,1e+75,0,10,0,0,7,0,0,1,0,0,1,1,0,0,0,0,0,0,2,0,1,-1,-1,-1,-1,0,10,-1,1,1,3,-1,-1,-1,0,0,1,0,0,10,0,0,0,15.12
1,0,0,0,-1,0,1,0,0,0,0,0,-1,0,0,1,2,1,2,1,2,3,0,-1,150,0,9223372036800000000,30,0,10,0,0,7,0,0,1,0,0,1,1,0,1,0,0,0,4,2,0,1,-1,-1,-1,-1,0,10,-1,1,1,3,-1,-1,-1,0,0,1,0,0,10,0,0,0,16.29
1,0,0,0,-1,0,1,3,0,0,0,0,-1,0,0,2,1,1,-1,0,1,3,0,-1,200,0,9223372036800000000,1e+75,0,10,0,0,7,0,0,1,0,0,1,1,0,0,0,0,0,0,2,0,1,-1,-1,-1,-1,0,10,-1,1,1,3,-1,-1,-1,0,0,1,0,0,10,0,0,0,15.27
1,0,0,0,-1,0,1,4,0,0,0,0,1,-1,0,1,-1,1,-1,2,-1,3,0,-1,800,0,9223372036800000000,5,0,10,0,0,7,0,0,1,0,0,3,1,0,1,0,0,0,2,2,0,1,-1,-1,-1,-1,0,10,-1,1,1,3,-1,-1,-1,0,0,1,0,0,10,0,0,0,20.49
1,0,0,0,-1,0,1,4,0,0,0,0,0,0,3,0,0,2,0,1,1,3,0,-1,100,0,9223372036800000000,1e+75,0,10,0,0,7,0,0,1,0,0,1,1,0,0,0,0,0,0,2,0,1,-1,-1,-1,-1,0,10,-1,1,1,3,-1,-1,-1,0,0,1,0,0,10,0,0,0,21.44
1,0,0,0,-1,0,1,4,0,0,0,0,0,0,0,0,0,2,0,1,1,3,0,-1,25,0,9223372036800000000,1e+75,0,10,0,0,7,0,0,1,0,0,1,1,0,0,0,0,0,0,2,0,1,-1,-1,-1,-1,0,10,-1,1,1,3,-1,-1,-1,0,0,1,0,0,10,0,0,0,16.5
1,0,0,0,-1,0,1,4,0,0,0,0,0,0,1,1,1,1,-1,1,1,3,0,1,400,0,9223372036800000000,30,0,10,0,0,7,0,0,1,0,0,2,1,1,1,0,0,0,4,2,0,1,-1,-1,-1,-1,0,10,-1,1,1,3,-1,-1,-1,0,0,1,0,0,10,0,0,0,47.72
1,0,0,0,-1,0,1,4,0,0,0,0,0,0,0,0,0,2,0,1,1,3,0,-1,200,0,9223372036800000000,1e+75,0,10,0,0,7,0,0,1,0,0,1,1,0,0,0,0,0,0,2,0,1,-1,-1,-1,-1,0,10,-1,1,1,3,-1,-1,-1,0,0,1,0,0,10,0,0,0,13.94
1,0,0,0,-1,0,1,4,0,0,0,0,0,0,0,0,0,2,1,1,1,3,0,-1,100,0,9223372036800000000,1e+75,0,10,0,0,7,0,0,1,0,0,1,1,0,0,0,0,0,0,2,0,1,-1,-1,-1,-1,0,10,-1,1,1,3,-1,-1,-1,0,0,1,0,0,10,0,0,0,18.39
1,0,0,0,-1,0,1,4,0,0,0,0,0,0,0,0,2,2,0,1,1,3,0,-1,100,0,9223372036800000000,1e+75,0,10,0,0,7,0,0,1,0,0,1,1,0,0,0,0,0,0,2,0,1,-1,-1,-1,-1,0,10,-1,1,1,3,-1,-1,-1,0,0,1,0,0,10,0,0,0,14.01
1,0,0,0,-1,0,1,0,0,0,0,0,0,0,2,0,-1,0,0,0,0,3,0,-1,100,0,9223372036800000000,1e+75,0,10,0,0,7,0,0,1,0,0,1,1,0,0,0,0,0,0,2,0,1,-1,-1,-1,-1,0,10,-1,1,1,3,-1,-1,-1,0,0,1,0,0,10,0,0,0,13.11
1,0,0,0,-1,0,1,4,0,0,0,0,0,0,0,0,0,2,0,1,1,3,0,-1,100,0,9223372036800000000,1e+75,0,10,0,0,7,0,0,1,0,0,1,1,0,0,0,0,0,0,2,0,1,-1,-1,-1,-1,0,10,-1,1,1,3,-1,-1,-1,0,0,1,0,0,10,0,0,0,13.82
1,0,0,0,-1,0,1,3,0,0,0,0,2,-1,-1,-1,1,0,0,0,-1,3,0,8,150,0,9223372036800000000,5,0,10,0,0,7,0,0,1,0,0,1,1,2,2,0,0,5,1,2,0,1,-1,-1,-1,-1,0,10,-1,1,1,3,-1,-1,-1,0,0,1,4,0,10,0,0,0,31.68
1,0,0,0,-1,0,1,2,0,0,0,0,1,0,2,1,-1,2,0,-1,-1,3,0,-1,10,0,9223372036800000000,1e+75,0,10,0,0,7,0,0,1,0,0,1,1,0,0,0,0,0,0,2,0,1,-1,-1,-1,-1,0,10,-1,1,1,3,-1,-1,-1,0,0,1,0,0,10,0,0,0,15.31
1,0,0,0,-1,0,1,3,0,0,0,0,3,2,3,2,0,-1,-1,0,-1,3,0,-1,50,0,9223372036800000000,60,0,10,0,0,7,0,0,1,0,0,2,1,0,-1,0,0,0,3,2,0,1,-1,-1,-1,-1,0,10,-1,1,1,3,-1,-1,-1,0,0,1,0,0,10,0,0,0,20.84
1,0,0,0,-1,0,1,4,0,0,0,0,3,0,2,-1,-1,2,0,-1,-1,3,0,-1,150,0,9223372036800000000,1e+75,0,10,0,0,7,0,0,1,0,0,1,1,0,0,0,0,0,0,2,0,1,-1,-1,-1,-1,0,10,-1,1,1,3,-1,-1,-1,0,0,1,0,0,10,0,0,0,26.96
1,0,0,0,-1,0,1,0,0,0,0,0,0,0,0,0,0,-1,2,0,1,3,0,-1,50,0,9223372036800000000,1e+75,0,10,0,0,7,0,0,1,0,0,1,1,0,0,0,0,0,0,2,0,1,-1,-1,-1,-1,0,10,-1,1,1,3,-1,-1,-1,0,0,1,0,0,10,0,0,0,14.16
1,0,0,0,-1,0,1,2,0,0,0,0,2,0,2,2,0,1,1,2,0,3,0,-1,200,0,9223372036800000000,1e+75,0,10,0,0,7,0,0,1,0,0,1,1,0,0,0,0,0,0,2,0,1,-1,-1,-1,-1,0,10,-1,1,1,3,-1,-1,-1,0,0,1,0,0,10,0,0,0,16.1
1,0,0,0,-1,0,1,1,0,0,0,0,2,0,0,-1,2,2,-1,1,2,3,0,-1,150,0,9223372036800000000,1e+75,0,10,0,0,7,0,0,1,0,0,1,1,0,0,0,0,0,0,2,0,1,-1,-1,-1,-1,0,10,-1,1,1,3,-1,-1,-1,0,0,1,0,0,10,0,0,0,24.23
1,0,0,0,-1,0,1,1,0,0,0,0,1,3,-1,-1,-1,-1,2,1,-1,3,0,-1,25,0,9223372036800000000,30,0,10,0,0,7,0,0,1,0,0,1,1,0,2,0,0,0,2,2,0,1,-1,-1,-1,-1,0,10,-1,1,1,3,-1,-1,-1,0,0,1,0,0,10,0,0,0,21.79
1,0,0,0,-1,0,1,4,0,0,0,0,0,2,2,1,2,-1,-1,2,1,3,0,16,100,0,9223372036800000000,50,0,10,0,0,7,0,0,1,0,0,0,1,0,0,0,0,0,1,2,0,1,-1,-1,-1,-1,0,10,-1,1,1,3,-1,-1,-1,0,0,1,0,0,10,0,0,0,22.22
1,0,0,0,-1,0,1,4,0,0,0,0,0,0,-1,0,0,2,0,1,2,3,0,-1,100,0,9223372036800000000,1e+75,0,10,0,0,7,0,0,1,0,0,1,1,0,0,0,0,0,0,2,0,1,-1,-1,-1,-1,0,10,-1,1,1,3,-1,-1,-1,0,0,1,0,0,10,0,0,0,13.89
1,0,0,0,-1,0,1,4,0,0,0,0,0,0,0,0,0,2,0,-1,2,3,0,-1,100,0,9223372036800000000,1e+75,0,10,0,0,7,0,0,1,0,0,1,1,0,0,0,0,0,0,2,0,1,-1,-1,-1,-1,0,10,-1,1,1,3,-1,-1,-1,0,0,1,0,0,10,0,0,0,14.32
1,0,0,0,-1,0,1,5,0,0,0,0,2,2,0,-1,-1,0,0,1,1,3,0,-1,200,0,9223372036800000000,10,0,10,0,0,7,0,0,1,0,0,1,1,0,1,0,0,0,3,2,0,1,-1,-1,-1,-1,0,10,-1,1,1,3,-1,-1,-1,0,0,1,0,0,10,0,0,0,20.38
1,0,0,0,-1,0,1,0,0,0,0,0,1,0,0,2,2,0,2,1,-1,3,0,-1,100,0,9223372036800000000,1e+75,0,10,0,0,7,0,0,1,0,0,1,1,0,0,0,0,0,0,2,0,1,-1,-1,-1,-1,0,10,-1,1,1,3,-1,-1,-1,0,0,1,0,0,10,0,0,0,13.91
1,0,0,0,-1,0,1,0,0,0,0,0,2,0,2,2,0,-1,1,2,0,3,0,-1,25,0,9223372036800000000,1e+75,0,10,0,0,7,0,0,1,0,0,1,1,0,0,0,0,0,0,2,0,1,-1,-1,-1,-1,0,10,-1,1,1,3,-1,-1,-1,0,0,1,0,0,10,0,0,0,16.87
1,0,0,0,-1,0,1,3,0,0,0,0,-1,0,0,2,2,1,-1,0,1,3,0,-1,800,0,9223372036800000000,1e+75,0,10,0,0,7,0,0,1,0,0,1,1,0,0,0,0,0,0,2,0,1,-1,-1,-1,-1,0,10,-1,1,1,3,-1,-1,-1,0,0,1,0,0,10,0,0,0,15.27
1,0,0,0,-1,0,1,0,0,0,0,0,0,0,2,0,1,2,0,-1,-1,3,0,-1,25,0,9223372036800000000,1e+75,0,10,0,0,7,0,0,1,0,0,1,1,0,0,0,0,0,0,2,0,1,-1,-1,-1,-1,0,10,-1,1,1,3,-1,-1,-1,0,0,1,0,0,10,0,0,0,16.4
1,0,0,0,-1,0,1,0,0,0,0,0,0,0,-1,0,1,2,0,-1,-1,3,0,-1,800,0,9223372036800000000,1e+75,0,10,0,0,7,0,0,1,0,0,1,1,0,0,0,0,0,0,2,0,1,-1,-1,-1,-1,0,10,-1,1,1,3,-1,-1,-1,0,0,1,0,0,10,0,0,0,15
1,0,0,0,-1,0,1,2,0,0,0,0,1,0,2,1,-1,2,0,2,-1,3,0,-1,200,0,9223372036800000000,1e+75,0,10,0,0,7,0,0,1,0,0,1,1,0,0,0,0,0,0,2,0,1,-1,-1,-1,-1,0,10,-1,1,1,3,-1,-1,-1,0,0,1,0,0,10,0,0,0,13.82
1,0,0,0,-1,0,1,1,0,0,0,0,3,2,0,1,-1,0,1,0,0,3,0,16,400,0,9223372036800000000,1e+75,0,10,0,0,7,0,0,1,0,0,0,1,1,-1,0,0,0,-1,2,0,1,-1,-1,-1,-1,0,10,-1,1,1,3,-1,-1,-1,0,0,1,2,0,10,0,0,0,24.9
1,0,0,0,-1,0,1,0,0,0,0,0,0,0,0,-1,0,0,0,0,0,3,0,-1,100,0,9223372036800000000,1e+75,0,10,0,0,7,0,0,1,0,0,1,1,0,0,0,0,0,0,2,0,1,-1,-1,-1,-1,0,10,-1,1,1,3,-1,-1,-1,0,0,1,0,0,10,0,0,0,14.93
1,0,0,0,-1,0,1,4,0,0,0,0,1,0,2,1,-1,2,0,-1,-1,3,0,-1,100,0,9223372036800000000,1e+75,0,10,0,0,7,0,0,1,0,0,1,1,0,0,0,0,0,0,2,0,1,-1,-1,-1,-1,0,10,-1,1,1,3,-1,-1,-1,0,0,1,0,0,10,0,0,0,16.58
1,0,0,0,-1,0,1,3,0,0,0,0,3,0,0,1,2,2,1,2,2,3,0,-1,400,0,9223372036800000000,1e+75,0,10,0,0,7,0,0,1,0,0,1,1,0,0,0,0,0,0,2,0,1,-1,-1,-1,-1,0,10,-1,1,1,3,-1,-1,-1,0,0,1,0,0,10,0,0,0,20.96
1,0,0,0,-1,0,1,1,0,0,0,0,1,-1,-1,-1,1,1,2,2,-1,3,0,-1,10,0,9223372036800000000,1,0,10,0,0,7,0,0,1,0,0,2,1,0,0,0,0,0,3,2,0,1,-1,-1,-1,-1,0,10,-1,1,1,3,-1,-1,-1,0,0,1,0,0,10,0,0,0,23.7
1,0,0,0,-1,0,1,0,0,0,0,0,0,0,2,1,0,1,0,0,2,3,0,-1,10,0,9223372036800000000,1e+75,0,10,0,0,7,0,0,1,0,0,1,1,0,0,0,0,0,0,2,0,1,-1,-1,-1,-1,0,10,-1,1,1,3,-1,-1,-1,0,0,1,0,0,10,0,0,0,15.98
1,0,0,0,-1,0,1,1,0,0,0,0,1,3,-1,2,2,-1,2,1,-1,3,0,-1,25,0,9223372036800000000,30,0,10,0,0,7,0,0,1,0,0,1,1,0,0,0,0,0,2,2,0,1,-1,-1,-1,-1,0,10,-1,1,1,3,-1,-1,-1,0,0,1,0,0,10,0,0,0,20.45
1,0,0,0,-1,0,1,4,0,0,0,0,2,0,2,2,-1,2,1,2,0,3,0,-1,10,0,9223372036800000000,1e+75,0,10,0,0,7,0,0,1,0,0,1,1,0,0,0,0,0,0,2,0,1,-1,-1,-1,-1,0,10,-1,1,1,3,-1,-1,-1,0,0,1,0,0,10,0,0,0,16.38
1,0,0,0,-1,0,1,3,0,0,0,0,3,0,3,1,2,-1,0,1,1,3,0,-1,800,0,9223372036800000000,1e+75,0,10,0,0,7,0,0,1,0,0,1,1,0,0,0,0,0,0,2,0,1,-1,-1,-1,-1,0,10,-1,1,1,3,-1,-1,-1,0,0,1,0,0,10,0,0,0,20.11
1,0,0,0,-1,0,1,0,0,0,0,0,2,1,-1,-1,2,2,0,1,2,3,0,-1,150,0,9223372036800000000,30,0,10,0,0,7,0,0,1,0,0,3,1,2,1,0,0,0,4,2,0,1,-1,-1,-1,-1,0,10,-1,1,1,3,-1,-1,-1,0,0,1,0,0,10,0,0,0,20.96
1,0,0,0,-1,0,1,0,0,0,0,0,-1,0,2,1,0,1,0,0,2,3,0,-1,25,0,9223372036800000000,1e+75,0,10,0,0,7,0,0,1,0,0,1,1,0,0,0,0,0,0,2,0,1,-1,-1,-1,-1,0,10,-1,1,1,3,-1,-1,-1,0,0,1,0,0,10,0,0,0,14.07
1,0,0,0,-1,0,1,0,0,0,0,0,0,0,2,1,0,2,0,0,2,3,0,-1,200,0,9223372036800000000,1e+75,0,10,0,0,7,0,0,1,0,0,1,1,0,0,0,0,0,0,2,0,1,-1,-1,-1,-1,0,10,-1,1,1,3,-1,-1,-1,0,0,1,0,0,10,0,0,0,14.64
1,0,0,0,-1,0,1,5,0,0,0,0,0,0,2,-1,0,-1,2,0,1,3,0,-1,50,0,9223372036800000000,1e+75,0,10,0,0,7,0,0,1,0,0,1,1,0,0,0,0,0,0,2,0,1,-1,-1,-1,-1,0,10,-1,1,1,3,-1,-1,-1,0,0,1,0,0,10,0,0,0,18.99
1,0,0,0,-1,0,1,0,0,0,0,0,0,0,2,1,0,1,2,0,2,3,0,-1,200,0,9223372036800000000,1e+75,0,10,0,0,7,0,0,1,0,0,1,1,0,0,0,0,0,0,2,0,1,-1,-1,-1,-1,0,10,-1,1,1,3,-1,-1,-1,0,0,1,0,0,10,0,0,0,14.91
1,0,0,0,-1,0,1,0,0,0,0,0,0,0,3,1,0,1,1,0,2,3,0,-1,200,0,9223372036800000000,1e+75,0,10,0,0,7,0,0,1,0,0,1,1,0,0,0,0,0,0,2,0,1,-1,-1,-1,-1,0,10,-1,1,1,3,-1,-1,-1,0,0,1,0,0,10,0,0,0,21.27
1,0,0,0,-1,0,1,1,0,0,0,0,-1,0,0,2,2,1,1,0,1,3,0,-1,200,0,9223372036800000000,1e+75,0,10,0,0,7,0,0,1,0,0,1,1,0,0,0,0,0,0,2,0,1,-1,-1,-1,-1,0,10,-1,1,1,3,-1,-1,-1,0,0,1,0,0,10,0,0,0,23.55
1,0,0,0,-1,0,1,1,0,0,0,0,1,-1,0,1,-1,1,-1,0,-1,3,0,-1,800,0,9223372036800000000,10,0,10,0,0,7,0,0,1,0,0,3,1,0,1,0,0,0,4,2,0,1,-1,-1,-1,-1,0,10,-1,1,1,3,-1,-1,-1,0,0,1,0,0,10,0,0,0,25.17
1,0,0,0,-1,0,1,3,0,0,0,0,-1,2,3,-1,2,-1,0,1,0,3,0,2,100,0,9223372036800000000,5,0,10,0,0,7,0,0,1,0,0,2,1,2,2,0,0,0,4,2,0,1,-1,-1,-1,-1,0,10,-1,1,1,3,-1,-1,-1,0,0,1,0,0,10,0,0,0,22.84
1,0,0,0,-1,0,1,4,0,0,0,0,0,0,0,0,0,2,0,1,2,3,0,-1,100,0,9223372036800000000,1e+75,0,10,0,0,7,0,0,1,0,0,1,1,0,0,0,0,0,0,2,0,1,-1,-1,-1,-1,0,10,-1,1,1,3,-1,-1,-1,0,0,1,0,0,10,0,0,0,13.89
1,0,0,0,-1,0,1,5,0,0,0,0,3,1,2,1,1,-1,2,0,1,3,0,4,10,0,9223372036800000000,120,0,10,0,0,7,0,0,1,0,0,3,1,1,1,0,0,0,-1,2,0,1,-1,-1,-1,-1,0,10,-1,1,1,3,-1,-1,-1,0,0,1,0,0,10,0,0,0,22.58
1,0,0,0,-1,0,1,0,0,0,0,0,0,0,2,1,0,1,1,0,2,3,0,-1,25,0,9223372036800000000,1e+75,0,10,0,0,7,0,0,1,0,0,1,1,0,0,0,0,0,0,2,0,1,-1,-1,-1,-1,0,10,-1,1,1,3,-1,-1,-1,0,0,1,0,0,10,0,0,0,15.02
1,0,0,0,-1,0,1,4,0,0,0,0,2,0,1,2,-1,2,1,0,0,3,0,-1,10,0,9223372036800000000,1e+75,0,10,0,0,7,0,0,1,0,0,1,1,0,0,0,0,0,0,2,0,1,-1,-1,-1,-1,0,10,-1,1,1,3,-1,-1,-1,0,0,1,0,0,10,0,0,0,15.15
1,0,0,0,-1,0,1,3,0,0,0,0,3,3,2,0,1,1,2,1,1,3,0,-1,50,0,9223372036800000000,2,0,10,0,0,7,0,0,1,0,0,1,1,0,3,0,0,0,1,2,0,1,-1,-1,-1,-1,0,10,-1,1,1,3,-1,-1,-1,0,0,1,0,0,10,0,0,0,20.99
1,0,0,0,-1,0,1,0,0,0,0,0,0,0,2,2,-1,0,0,0,0,3,0,-1,100,0,9223372036800000000,2,0,10,0,0,7,0,0,1,0,0,1,1,0,0,0,0,0,0,2,0,1,-1,-1,-1,-1,0,10,-1,1,1,3,-1,-1,-1,0,0,1,0,0,10,0,0,0,15.22
1,0,0,0,-1,0,1,4,0,0,0,0,3,0,-1,0,1,0,1,-1,2,3,0,-1,10,0,9223372036800000000,1e+75,0,10,0,0,7,0,0,1,0,0,1,1,0,0,0,0,0,0,2,0,1,-1,-1,-1,-1,0,10,-1,1,1,3,-1,-1,-1,0,0,1,0,0,10,0,0,0,17.71
1,0,0,0,-1,0,1,2,0,0,0,0,3,0,0,1,-1,2,0,2,-1,3,0,-1,200,0,9223372036800000000,1e+75,0,10,0,0,7,0,0,1,0,0,1,1,0,0,0,0,0,0,2,0,1,-1,-1,-1,-1,0,10,-1,1,1,3,-1,-1,-1,0,0,1,0,0,10,0,0,0,13.82
1,0,0,0,-1,0,1,0,0,0,0,0,0,0,2,-1,0,1,0,-1,-1,3,0,-1,25,0,9223372036800000000,1e+75,0,10,0,0,7,0,0,1,0,0,1,1,0,0,0,0,0,0,2,0,1,-1,-1,-1,-1,0,10,-1,1,1,3,-1,-1,-1,0,0,1,0,0,10,0,0,0,27.81
1,0,0,0,-1,0,1,1,0,0,0,0,2,0,-1,2,0,2,1,0,0,3,0,-1,800,0,9223372036800000000,1e+75,0,10,0,0,7,0,0,1,0,0,1,1,0,0,0,0,0,0,2,0,1,-1,-1,-1,-1,0,10,-1,1,1,3,-1,-1,-1,0,0,1,0,0,10,0,0,0,22.27
1,0,0,0,-1,0,1,2,0,0,0,0,-1,0,0,1,2,1,2,1,2,3,0,-1,10,0,9223372036800000000,2,0,10,0,0,7,0,0,1,0,0,1,1,0,1,0,0,0,4,2,0,1,-1,-1,-1,-1,0,10,-1,1,1,3,-1,-1,-1,0,0,1,0,0,10,0,0,0,16.32
1,0,0,0,-1,0,1,1,0,0,0,0,1,-1,-1,-1,1,1,2,2,-1,3,0,-1,10,0,9223372036800000000,2,0,10,0,0,7,0,0,1,0,0,2,1,0,2,0,0,0,1,2,0,1,-1,-1,-1,-1,0,10,-1,1,1,3,-1,-1,-1,0,0,1,0,0,10,0,0,0,24.08
1,0,0,0,-1,0,1,2,0,0,0,0,1,0,1,2,2,1,-1,0,2,3,0,-1,200,0,9223372036800000000,1e+75,0,10,0,0,7,0,0,1,0,0,1,1,0,0,0,0,0,0,2,0,1,-1,-1,-1,-1,0,10,-1,1,1,3,-1,-1,-1,0,0,1,0,0,10,0,0,0,14.98
1,0,0,0,-1,0,1,1,0,0,0,0,0,-1,0,0,-1,1,2,2,2,3,0,-1,400,0,9223372036800000000,60,0,10,0,0,7,0,0,1,0,0,3,1,0,-1,0,0,0,4,2,0,1,-1,-1,-1,-1,0,10,-1,1,1,3,-1,-1,-1,0,0,1,0,0,10,0,0,0,22.11
1,0,0,0,-1,0,1,1,0,0,0,0,0,0,2,1,0,1,0,0,2,3,0,-1,200,0,9223372036800000000,1e+75,0,10,0,0,7,0,0,1,0,0,1,1,0,0,0,0,0,0,2,0,1,-1,-1,-1,-1,0,10,-1,1,1,3,-1,-1,-1,0,0,1,0,0,10,0,0,0,22.89
1,0,0,0,-1,0,1,0,0,0,0,0,0,0,2,0,-1,0,0,0,0,3,0,-1,100,0,9223372036800000000,1e+75,0,10,0,0,7,0,0,1,0,0,2,1,0,0,0,0,0,0,2,0,1,-1,-1,-1,-1,0,10,-1,1,1,3,-1,-1,-1,0,0,1,0,0,10,0,0,0,17.51
1,0,0,0,-1,0,1,3,0,0,0,0,1,0,-1,0,2,1,0,-1,-1,3,0,-1,200,0,9223372036800000000,1e+75,0,10,0,0,7,0,0,1,0,0,1,1,0,0,0,0,0,0,2,0,1,-1,-1,-1,-1,0,10,-1,1,1,3,-1,-1,-1,0,0,1,0,0,10,0,0,0,15.61
1,0,0,0,-1,0,1,3,0,0,0,0,2,0,1,-1,0,0,-1,1,2,3,0,-1,400,0,9223372036800000000,1e+75,0,10,0,0,7,0,0,1,0,0,1,1,0,0,0,0,0,0,2,0,1,-1,-1,-1,-1,0,10,-1,1,1,3,-1,-1,-1,0,0,1,0,0,10,0,0,0,19.03
1,0,0,0,-1,0,1,3,0,0,0,0,0,0,0,-1,2,2,2,2,2,3,0,-1,400,0,9223372036800000000,1e+75,0,10,0,0,7,0,0,1,0,0,1,1,0,0,0,0,0,0,2,0,1,-1,-1,-1,-1,0,10,-1,1,1,3,-1,-1,-1,0,0,1,0,0,10,0,0,0,19.73
1,0,0,0,-1,0,1,0,0,0,0,0,0,0,2,0,-1,0,0,0,0,3,0,-1,100,0,9223372036800000000,1e+75,0,10,0,0,7,0,0,1,0,0,1,1,0,0,0,0,0,4,2,0,1,-1,-1,-1,-1,0,10,-1,1,1,3,-1,-1,-1,0,0,1,0,0,10,0,0,0,14.66
1,0,0,0,-1,0,1,3,0,0,0,0,0,0,1,0,2,2,0,1,2,3,0,-1,800,0,9223372036800000000,1e+75,0,10,0,0,7,0,0,1,0,0,1,1,0,0,0,0,0,0,2,0,1,-1,-1,-1,-1,0,10,-1,1,1,3,-1,-1,-1,0,0,1,0,0,10,0,0,0,16.51
1,0,0,0,-1,0,1,3,0,0,0,0,-1,0,0,2,2,1,-1,0,1,3,0,-1,100,0,9223372036800000000,1e+75,0,10,0,0,7,0,0,1,0,0,1,1,0,0,0,0,0,0,2,0,1,-1,-1,-1,-1,0,10,-1,1,1,3,-1,-1,-1,0,0,1,0,0,10,0,0,0,15.27
1,0,0,0,-1,0,1,0,0,0,0,0,3,0,0,-1,-1,-1,2,0,2,3,0,-1,100,0,9223372036800000000,1e+75,0,10,0,0,7,0,0,1,0,0,1,1,0,0,0,0,0,0,2,0,1,-1,-1,-1,-1,0,10,-1,1,1,3,-1,-1,-1,0,0,1,0,0,10,0,0,0,17.14
1,0,0,0,-1,0,1,1,0,0,0,0,2,0,0,-1,2,2,-1,1,2,3,0,-1,200,0,9223372036800000000,1e+75,0,10,0,0,7,0,0,1,0,0,1,1,0,0,0,0,0,0,2,0,1,-1,-1,-1,-1,0,10,-1,1,1,3,-1,-1,-1,0,0,1,0,0,10,0,0,0,24.41
1,0,0,0,-1,0,1,3,0,0,0,0,3,0,0,0,2,2,1,2,2,3,0,-1,400,0,9223372036800000000,1e+75,0,10,0,0,7,0,0,1,0,0,1,1,0,0,0,0,0,0,2,0,1,-1,-1,-1,-1,0,10,-1,1,1,3,-1,-1,-1,0,0,1,0,0,10,0,0,0,17.1
1,0,0,0,-1,0,1,5,0,0,0,0,1,-1,-1,0,-1,0,0,1,1,3,0,4,50,0,9223372036800000000,20,0,10,0,0,7,0,0,1,0,0,3,1,3,-1,0,0,0,0,2,0,1,-1,-1,-1,-1,0,10,-1,1,1,3,-1,-1,-1,0,0,1,0,0,10,0,0,0,20.43
1,0,0,0,-1,0,1,0,0,0,0,0,1,0,2,1,0,1,0,0,2,3,0,-1,200,0,9223372036800000000,1e+75,0,10,0,0,7,0,0,1,0,0,1,1,0,0,0,0,0,0,2,0,1,-1,-1,-1,-1,0,10,-1,1,1,3,-1,-1,-1,0,0,1,0,0,10,0,0,0,14.5
1,0,0,0,-1,0,1,1,0,0,0,0,0,3,-1,-1,-1,2,1,-1,1,3,0,2,10,0,9223372036800000000,1,0,10,0,0,7,0,0,1,0,0,3,1,-1,0,0,0,0,0,2,0,1,-1,-1,-1,-1,0,10,-1,1,1,3,-1,-1,-1,0,0,1,0,0,10,0,0,0,33.87
1,0,0,0,-1,0,1,4,0,0,0,0,1,2,0,2,0,2,2,2,-1,3,0,2,800,0,9223372036800000000,40,0,10,0,0,7,0,0,1,0,0,0,1,0,2,0,0,0,4,2,0,1,-1,-1,-1,-1,0,10,-1,1,1,3,-1,-1,-1,0,0,1,1,0,10,0,0,0,23.12
1,0,0,0,-1,0,1,2,0,0,0,0,0,0,0,0,2,2,2,2,2,3,0,-1,400,0,9223372036800000000,1e+75,0,10,0,0,7,0,0,1,0,0,1,1,0,0,0,0,0,0,2,0,1,-1,-1,-1,-1,0,10,-1,1,1,3,-1,-1,-1,0,0,1,0,0,10,0,0,0,15.72
1,0,0,0,-1,0,1,0,0,0,0,0,0,0,-1,2,1,2,0,-1,-1,3,0,-1,800,0,9223372036800000000,1e+75,0,10,0,0,7,0,0,1,0,0,1,1,0,0,0,0,0,0,2,0,1,-1,-1,-1,-1,0,10,-1,1,1,3,-1,-1,-1,0,0,1,0,0,10,0,0,0,15.11
1,0,0,0,-1,0,1,3,0,0,0,0,1,0,0,0,-1,1,-1,1,0,3,0,-1,800,0,9223372036800000000,1e+75,0,10,0,0,7,0,0,1,0,0,1,1,0,0,0,0,0,0,2,0,1,-1,-1,-1,-1,0,10,-1,1,1,3,-1,-1,-1,0,0,1,0,0,10,0,0,0,16.57
1,0,0,0,-1,0,1,2,0,0,0,0,3,2,-1,1,0,0,0,1,2,3,0,-1,100,0,9223372036800000000,50,0,10,0,0,7,0,0,1,0,0,0,1,0,-1,0,0,0,0,2,0,1,-1,-1,-1,-1,0,10,-1,1,1,3,-1,-1,-1,0,0,1,0,0,10,0,0,0,18.41
1,0,0,0,-1,0,1,3,0,0,0,0,-1,2,3,-1,2,-1,0,1,0,3,0,2,100,0,9223372036800000000,5,0,10,0,0,7,0,0,1,0,0,2,1,1,2,0,0,0,4,2,0,1,-1,-1,-1,-1,0,10,-1,1,1,3,-1,-1,-1,0,0,1,0,0,10,0,0,0,22.83
1,0,0,0,-1,0,1,0,0,0,0,0,0,0,0,2,2,0,2,1,-1,3,0,-1,200,0,9223372036800000000,1e+75,0,10,0,0,7,0,0,1,0,0,1,1,0,0,0,0,0,0,2,0,1,-1,-1,-1,-1,0,10,-1,1,1,3,-1,-1,-1,0,0,1,0,0,10,0,0,0,13.91
1,0,0,0,-1,0,1,4,0,0,0,0,1,0,3,0,2,1,0,0,1,3,0,-1,25,0,9223372036800000000,1e+75,0,10,0,0,7,0,0,1,0,0,1,1,0,0,0,0,0,0,2,0,1,-1,-1,-1,-1,0,10,-1,1,1,3,-1,-1,-1,0,0,1,0,0,10,0,0,0,21.48
1,0,0,0,-1,0,1,5,0,0,0,0,1,2,1,2,1,1,0,1,0,3,0,-1,50,0,9223372036800000000,1e+75,0,10,0,0,7,0,0,1,0,0,2,1,2,1,0,0,2,-1,2,0,1,-1,-1,-1,-1,0,10,-1,1,1,3,-1,-1,-1,0,0,1,5,0,10,0,0,0,21.7
1,0,0,0,-1,0,1,0,0,0,0,0,-1,-1,3,0,2,1,1,1,2,3,0,-1,800,0,9223372036800000000,5,0,10,0,0,7,0,0,1,0,0,3,1,0,2,0,0,0,-1,2,0,1,-1,-1,-1,-1,0,10,-1,1,1,3,-1,-1,-1,0,0,1,0,0,10,0,0,0,22.85
1,0,0,0,-1,0,1,4,0,0,0,0,0,0,3,0,2,1,0,0,0,3,0,-1,25,0,9223372036800000000,1e+75,0,10,0,0,7,0,0,1,0,0,1,1,0,0,0,0,0,0,2,0,1,-1,-1,-1,-1,0,10,-1,1,1,3,-1,-1,-1,0,0,1,0,0,10,0,0,0,21.48
1,0,0,0,-1,0,1,4,0,0,0,0,2,0,2,2,-1,2,1,0,0,3,0,-1,400,0,9223372036800000000,1e+75,0,10,0,0,7,0,0,1,0,0,1,1,0,0,0,0,0,0,2,0,1,-1,-1,-1,-1,0,10,-1,1,1,3,-1,-1,-1,0,0,1,0,0,10,0,0,0,15.97
1,0,0,0,-1,0,1,1,0,0,0,0,-1,2,0,1,-1,-1,0,-1,1,3,0,-1,400,0,9223372036800000000,120,0,10,0,0,7,0,0,1,0,0,1,1,0,0,0,0,0,0,2,0,1,-1,-1,-1,-1,0,10,-1,1,1,3,-1,-1,-1,0,0,1,0,0,10,0,0,0,22.82
1,0,0,0,-1,0,1,1,0,0,0,0,2,0,2,0,0,2,1,0,0,3,0,-1,800,0,9223372036800000000,1e+75,0,10,0,0,7,0,0,1,0,0,1,1,0,0,0,0,0,0,2,0,1,-1,-1,-1,-1,0,10,-1,1,1,3,-1,-1,-1,0,0,1,0,0,10,0,0,0,23.84
1,0,0,0,-1,0,1,4,0,0,0,0,2,0,2,2,-1,2,2,0,0,3,0,-1,10,0,9223372036800000000,1e+75,0,10,0,0,7,0,0,1,0,0,1,1,0,0,0,0,0,0,2,0,1,-1,-1,-1,-1,0,10,-1,1,1,3,-1,-1,-1,0,0,1,0,0,10,0,0,0,16.25
1,0,0,0,-1,0,1,0,0,0,0,0,0,0,2,-1,-1,0,0,0,0,3,0,-1,100,0,9223372036800000000,2,0,10,0,0,7,0,0,1,0,0,1,1,0,0,0,0,0,0,2,0,1,-1,-1,-1,-1,0,10,-1,1,1,3,-1,-1,-1,0,0,1,0,0,10,0,0,0,15.14
1,0,0,0,-1,0,1,5,0,0,0,0,0,3,-1,-1,-1,2,1,-1,1,3,0,2,400,0,9223372036800000000,1,0,10,0,0,7,0,0,1,0,0,3,1,2,0,0,0,0,0,2,0,1,-1,-1,-1,-1,0,10,-1,1,1,3,-1,-1,-1,0,0,1,0,0,10,0,0,0,30.77
1,0,0,0,-1,0,1,3,0,0,0,0,-1,3,0,0,-1,1,0,0,0,3,0,2,25,0,9223372036800000000,10,0,10,0,0,7,0,0,1,0,0,2,1,2,2,0,0,4,4,2,0,1,-1,-1,-1,-1,0,10,-1,1,1,3,-1,-1,-1,0,0,1,4,0,10,0,0,0,26.38
1,0,0,0,-1,0,1,0,0,0,0,0,0,0,2,0,-1,0,0,0,0,3,0,-1,100,0,9223372036800000000,1e+75,0,10,0,0,7,0,0,1,0,0,1,1,0,0,0,0,0,3,2,0,1,-1,-1,-1,-1,0,10,-1,1,1,3,-1,-1,-1,0,0,1,0,0,10,0,0,0,20.91
1,0,0,0,-1,0,1,4,0,0,0,0,2,0,2,2,-1,2,1,0,0,3,0,-1,10,0,9223372036800000000,1e+75,0,10,0,0,7,0,0,1,0,0,1,1,0,0,0,0,0,0,2,0,1,-1,-1,-1,-1,0,10,-1,1,1,3,-1,-1,-1,0,0,1,0,0,10,0,0,0,15.08
1,0,0,0,-1,0,1,2,0,0,0,0,-1,1,-1,-1,-1,1,2,0,0,3,0,1,10,0,9223372036800000000,40,0,10,0,0,7,0,0,1,0,0,1,1,-1,3,0,0,5,0,2,0,1,-1,-1,-1,-1,0,10,-1,1,1,3,-1,-1,-1,0,0,1,3,0,10,0,0,0,52.66
1,0,0,0,-1,0,1,0,0,0,0,0,2,3,0,2,0,-1,0,2,-1,3,0,-1,150,0,9223372036800000000,20,0,10,0,0,7,0,0,1,0,0,2,1,0,3,0,0,0,3,2,0,1,-1,-1,-1,-1,0,10,-1,1,1,3,-1,-1,-1,0,0,1,0,0,10,0,0,0,22.8
1,0,0,0,-1,0,1,0,0,0,0,0,-1,3,3,1,0,1,1,0,0,3,0,16,800,0,9223372036800000000,10,0,10,0,0,7,0,0,1,0,0,0,1,0,0,0,0,0,0,2,0,1,-1,-1,-1,-1,0,10,-1,1,1,3,-1,-1,-1,0,0,1,2,0,10,0,0,0,21.74
1,0,0,0,-1,0,1,0,0,0,0,0,-1,-1,3,0,2,1,1,1,2,3,0,-1,800,0,9223372036800000000,10,0,10,0,0,7,0,0,1,0,0,3,1,0,2,0,0,0,4,2,0,1,-1,-1,-1,-1,0,10,-1,1,1,3,-1,-1,-1,0,0,1,0,0,10,0,0,0,22.05
1,0,0,0,-1,0,1,0,0,0,0,0,0,0,0,0,0,1,0,0,0,3,0,-1,100,0,9223372036800000000,1e+75,0,10,0,0,7,0,0,1,0,0,1,1,0,0,0,0,0,0,2,0,1,-1,-1,-1,-1,0,10,-1,1,1,3,-1,-1,-1,0,0,1,0,0,10,0,0,0,15.71
1,0,0,0,-1,0,1,1,0,0,0,0,0,3,-1,-1,-1,2,1,-1,1,3,0,1,10,0,9223372036800000000,1,0,10,0,0,7,0,0,1,0,0,3,1,2,0,0,0,0,0,2,0,1,-1,-1,-1,-1,0,10,-1,1,1,3,-1,-1,-1,0,0,1,0,0,10,0,0,0,47.26
1,0,0,0,-1,0,1,0,0,0,0,0,-1,-1,1,2,0,1,0,1,1,3,0,2,150,0,9223372036800000000,1,0,10,0,0,7,0,0,1,0,0,1,1,1,0,0,0,0,0,2,0,1,-1,-1,-1,-1,0,10,-1,1,1,3,-1,-1,-1,0,0,1,3,0,10,0,0,0,18.76
1,0,0,0,-1,0,1,5,0,0,0,0,2,0,2,2,-1,2,1,0,0,3,0,-1,10,0,9223372036800000000,1e+75,0,10,0,0,7,0,0,1,0,0,1,1,0,0,0,0,0,0,2,0,1,-1,-1,-1,-1,0,10,-1,1,1,3,-1,-1,-1,0,0,1,0,0,10,0,0,0,19.71
1,0,0,0,-1,0,1,5,0,0,0,0,0,0,-1,0,-1,2,-1,0,1,3,0,16,100,0,9223372036800000000,5,0,10,0,0,7,0,0,1,0,0,1,1,3,-1,0,0,5,1,2,0,1,-1,-1,-1,-1,0,10,-1,1,1,3,-1,-1,-1,0,0,1,0,0,10,0,0,0,28.93
1,0,0,0,-1,0,1,1,0,0,0,0,2,0,0,-1,2,1,2,1,2,3,0,-1,150,0,9223372036800000000,1e+75,0,10,0,0,7,0,0,1,0,0,1,1,0,0,0,0,0,0,2,0,1,-1,-1,-1,-1,0,10,-1,1,1,3,-1,-1,-1,0,0,1,0,0,10,0,0,0,23.46
1,0,0,0,-1,0,1,2,0,0,0,0,1,0,2,1,-1,2,0,-1,-1,3,0,-1,200,0,9223372036800000000,1e+75,0,10,0,0,7,0,0,1,0,0,1,1,0,0,0,0,0,0,2,0,1,-1,-1,-1,-1,0,10,-1,1,1,3,-1,-1,-1,0,0,1,0,0,10,0,0,0,13.91
1,0,0,0,-1,0,1,0,0,0,0,0,0,0,2,0,-1,0,0,0,0,3,0,-1,100,0,9223372036800000000,1e+75,0,10,0,0,7,0,1,1,0,0,1,1,0,0,0,0,0,0,2,0,1,-1,-1,-1,-1,0,10,-1,1,1,3,-1,-1,-1,0,0,1,0,0,10,0,0,0,14.25
1,0,0,0,-1,0,1,2,0,0,0,0,0,0,0,0,2,2,2,1,0,3,0,-1,25,0,9223372036800000000,1e+75,0,10,0,0,7,0,0,1,0,0,1,1,0,0,0,0,0,0,2,0,1,-1,-1,-1,-1,0,10,-1,1,1,3,-1,-1,-1,0,0,1,0,0,10,0,0,0,14.77
1,0,0,0,-1,0,1,0,0,0,0,0,-1,1,1,2,0,1,0,1,1,3,0,2,150,0,9223372036800000000,1e+75,0,10,0,0,7,0,0,1,0,0,1,1,1,2,0,0,0,0,2,0,1,-1,-1,-1,-1,0,10,-1,1,1,3,-1,-1,-1,0,0,1,3,0,10,0,0,0,18.32
1,0,0,0,-1,0,1,4,0,0,0,0,0,0,2,1,-1,2,1,0,0,3,0,-1,10,0,9223372036800000000,1e+75,0,10,0,0,7,0,0,1,0,0,1,1,0,0,0,0,0,0,2,0,1,-1,-1,-1,-1,0,10,-1,1,1,3,-1,-1,-1,0,0,1,0,0,10,0,0,0,15.78
1,0,0,0,-1,0,1,5,0,0,0,0,1,2,-1,0,-1,-1,-1,2,0,3,0,-1,100,0,9223372036800000000,40,0,10,0,0,7,0,0,1,0,0,2,1,-1,2,0,0,3,3,2,0,1,-1,-1,-1,-1,0,10,-1,1,1,3,-1,-1,-1,0,0,1,3,0,10,0,0,0,25.79
1,0,0,0,-1,0,1,0,0,0,0,0,0,3,-1,-1,-1,2,-1,-1,1,3,0,2,400,0,9223372036800000000,1,0,10,0,0,7,0,0,1,0,0,3,1,2,0,0,0,0,0,2,0,1,-1,-1,-1,-1,0,10,-1,1,1,3,-1,-1,-1,0,0,1,0,0,10,0,0,0,33.18
1,0,0,0,-1,0,1,0,0,0,0,0,-1,3,0,1,-1,1,-1,-1,1,3,0,8,25,0,9223372036800000000,1,0,10,0,0,7,0,0,1,0,0,2,1,2,3,0,0,0,4,2,0,1,-1,-1,-1,-1,0,10,-1,1,1,3,-1,-1,-1,0,0,1,0,0,10,0,0,0,23.03
1,0,0,0,-1,0,1,3,0,0,0,0,3,0,1,1,0,-1,0,1,1,3,0,-1,800,0,9223372036800000000,1e+75,0,10,0,0,7,0,0,1,0,0,1,1,0,0,0,0,0,0,2,0,1,-1,-1,-1,-1,0,10,-1,1,1,3,-1,-1,-1,0,0,1,0,0,10,0,0,0,15.7
1,0,0,0,-1,0,1,4,0,0,0,0,0,0,2,-1,-1,2,1,0,0,3,0,-1,10,0,9223372036800000000,1e+75,0,10,0,0,7,0,0,1,0,0,1,1,0,0,0,0,0,0,2,0,1,-1,-1,-1,-1,0,10,-1,1,1,3,-1,-1,-1,0,0,1,0,0,10,0,0,0,18.85
1,0,0,0,-1,0,1,5,0,0,0,0,-1,2,0,0,0,2,0,0,0,3,0,-1,200,0,9223372036800000000,1,0,10,0,0,7,0,0,1,0,0,1,1,3,3,0,0,0,3,2,0,1,-1,-1,-1,-1,0,10,-1,1,1,3,-1,-1,-1,0,0,1,0,0,10,0,0,0,21.37
1,0,0,0,-1,0,1,2,0,0,0,0,1,0,1,2,-1,1,-1,0,2,3,0,-1,200,0,9223372036800000000,1e+75,0,10,0,0,7,0,0,1,0,0,1,1,0,0,0,0,0,0,2,0,1,-1,-1,-1,-1,0,10,-1,1,1,3,-1,-1,-1,0,0,1,0,0,10,0,0,0,14.98
1,0,0,0,-1,0,1,3,0,0,0,0,0,0,0,0,2,2,2,2,2,3,0,-1,400,0,9223372036800000000,1e+75,0,10,0,0,7,0,0,1,0,0,1,1,0,0,0,0,0,0,2,0,1,-1,-1,-1,-1,0,10,-1,1,1,3,-1,-1,-1,0,0,1,0,0,10,0,0,0,16.82
1,0,0,0,-1,0,1,4,0,0,0,0,0,0,0,0,0,2,-1,1,1,3,0,-1,100,0,9223372036800000000,1e+75,0,10,0,0,7,0,0,1,0,0,1,1,0,0,0,0,0,0,2,0,1,-1,-1,-1,-1,0,10,-1,1,1,3,-1,-1,-1,0,0,1,0,0,10,0,0,0,18.2
1,0,0,0,-1,0,1,4,0,0,0,0,0,0,2,2,-1,2,1,0,0,3,0,-1,150,0,9223372036800000000,1e+75,0,10,0,0,7,0,0,1,0,0,1,1,0,0,0,0,0,0,2,0,1,-1,-1,-1,-1,0,10,-1,1,1,3,-1,-1,-1,0,0,1,0,0,10,0,0,0,15.94
1,0,0,0,-1,0,1,1,0,0,0,0,2,0,0,-1,-1,1,2,1,2,3,0,-1,10,0,9223372036800000000,1e+75,0,10,0,0,7,0,0,1,0,0,1,1,0,0,0,0,0,0,2,0,1,-1,-1,-1,-1,0,10,-1,1,1,3,-1,-1,-1,0,0,1,0,0,10,0,0,0,23.63
1,0,0,0,-1,0,1,0,0,0,0,0,2,0,-1,-1,0,-1,2,2,-1,3,0,2,100,0,9223372036800000000,10,0,10,0,0,7,0,0,1,0,0,1,1,2,3,0,0,0,-1,2,0,1,-1,-1,-1,-1,0,10,-1,1,1,3,-1,-1,-1,0,0,1,0,0,10,0,0,0,23.34
1,0,0,0,-1,0,1,0,0,0,0,0,0,1,-1,-1,-1,0,2,-1,1,3,0,8,25,0,9223372036800000000,120,0,10,0,0,7,0,0,1,0,0,1,1,2,-1,0,0,4,0,2,0,1,-1,-1,-1,-1,0,10,-1,1,1,3,-1,-1,-1,0,0,1,5,0,10,0,0,0,32.69
1,0,0,0,-1,0,1,0,0,0,0,0,0,0,2,1,0,1,1,0,0,3,0,-1,200,0,9223372036800000000,1e+75,0,10,0,0,7,0,0,1,0,0,1,1,0,0,0,0,0,0,2,0,1,-1,-1,-1,-1,0,10,-1,1,1,3,-1,-1,-1,0,0,1,0,0,10,0,0,0,16.01
1,0,0,0,-1,0,1,4,0,0,0,0,3,1,3,-1,-1,2,-1,1,1,3,0,-1,800,0,9223372036800000000,0,0,10,0,0,7,0,0,1,0,0,2,1,1,0,0,0,1,3,2,0,1,-1,-1,-1,-1,0,10,-1,1,1,3,-1,-1,-1,0,0,1,0,0,10,0,0,0,26.52
1,0,0,0,-1,0,1,1,0,0,0,0,2,0,0,-1,2,2,-1,0,2,3,0,-1,10,0,9223372036800000000,1e+75,0,10,0,0,7,0,0,1,0,0,1,1,0,0,0,0,0,0,2,0,1,-1,-1,-1,-1,0,10,-1,1,1,3,-1,-1,-1,0,0,1,0,0,10,0,0,0,24.68
1,0,0,0,-1,0,1,1,0,0,0,0,1,-1,-1,-1,1,1,2,2,-1,3,0,-1,10,0,9223372036800000000,2,0,10,0,0,7,0,0,1,0,0,2,1,0,0,0,0,0,3,2,0,1,-1,-1,-1,-1,0,10,-1,1,1,3,-1,-1,-1,0,0,1,0,0,10,0,0,0,23.7
1,0,0,0,-1,0,1,0,0,0,0,0,-1,0,3,0,2,1,0,1,0,3,0,-1,100,0,9223372036800000000,1e+75,0,10,0,0,7,0,0,1,0,0,1,1,0,0,0,0,0,0,2,0,1,-1,-1,-1,-1,0,10,-1,1,1,3,-1,-1,-1,0,0,1,0,0,10,0,0,0,18.41
1,0,0,0,-1,0,1,3,0,0,0,0,-1,0,1,0,0,0,0,1,2,3,0,-1,800,0,9223372036800000000,1e+75,0,10,0,0,7,0,0,1,0,0,1,1,0,0,0,0,0,0,2,0,1,-1,-1,-1,-1,0,10,-1,1,1,3,-1,-1,-1,0,0,1,0,0,10,0,0,0,15.76
1,0,0,0,-1,0,1,2,0,0,0,0,3,0,2,0,-1,2,-1,-1,-1,3,0,-1,150,0,9223372036800000000,1e+75,0,10,0,0,7,0,0,1,0,0,1,1,0,0,0,0,0,0,2,0,1,-1,-1,-1,-1,0,10,-1,1,1,3,-1,-1,-1,0,0,1,0,0,10,0,0,0,16.02
1,0,0,0,-1,0,1,3,0,0,0,0,2,-1,2,2,-1,-1,-1,0,0,3,0,-1,100,0,9223372036800000000,120,0,10,0,0,7,0,0,1,0,0,1,1,2,3,0,0,0,3,2,0,1,-1,-1,-1,-1,0,10,-1,1,1,3,-1,-1,-1,0,0,1,0,0,10,0,0,0,23.42
1,0,0,0,-1,0,1,3,0,0,0,0,2,0,2,2,-1,0,0,0,0,3,0,-1,800,0,9223372036800000000,1e+75,0,10,0,0,7,0,0,1,0,0,1,1,0,0,0,0,0,0,2,0,1,-1,-1,-1,-1,0,10,-1,1,1,3,-1,-1,-1,0,0,1,0,0,10,0,0,0,16.56
1,0,0,0,-1,0,1,5,0,0,0,0,2,1,3,1,2,-1,1,-1,2,3,0,16,150,0,9223372036800000000,60,0,10,0,0,7,0,0,1,0,0,0,1,3,3,0,0,4,2,2,0,1,-1,-1,-1,-1,0,10,-1,1,1,3,-1,-1,-1,0,0,1,1,0,10,0,0,0,34.18
1,0,0,0,-1,0,1,2,0,0,0,0,3,0,0,-1,-1,0,2,0,2,3,0,-1,100,0,9223372036800000000,1e+75,0,10,0,0,7,0,0,1,0,0,1,1,0,0,0,0,0,0,2,0,1,-1,-1,-1,-1,0,10,-1,1,1,3,-1,-1,-1,0,0,1,0,0,10,0,0,0,15.62
1,0,0,0,-1,0,1,0,0,0,0,0,-1,0,2,-1,1,1,0,-1,-1,3,0,-1,25,0,9223372036800000000,1e+75,0,10,0,0,7,0,0,1,0,0,1,1,0,0,0,0,0,0,2,0,1,-1,-1,-1,-1,0,10,-1,1,1,3,-1,-1,-1,0,0,1,0,0,10,0,0,0,27.83
1,0,0,0,-1,0,1,1,0,0,0,0,2,0,0,-1,2,2,-1,1,2,3,0,-1,10,0,9223372036800000000,1e+75,0,10,0,0,7,0,0,1,0,0,1,1,0,0,0,0,0,0,2,0,1,-1,-1,-1,-1,0,10,-1,1,1,3,-1,-1,-1,0,0,1,0,0,10,0,0,0,24.22
1,0,0,0,-1,0,1,2,0,0,0,0,1,0,0,1,-1,2,1,2,-1,3,0,-1,200,0,9223372036800000000,1e+75,0,10,0,0,7,0,0,1,0,0,1,1,0,0,0,0,0,0,2,0,1,-1,-1,-1,-1,0,10,-1,1,1,3,-1,-1,-1,0,0,1,0,0,10,0,0,0,18.93
1,0,0,0,-1,0,1,3,0,0,0,0,0,0,0,0,2,2,1,2,2,3,0,-1,400,0,9223372036800000000,1e+75,0,10,0,0,7,0,0,1,0,0,1,1,0,0,0,0,0,0,2,0,1,-1,-1,-1,-1,0,10,-1,1,1,3,-1,-1,-1,0,0,1,0,0,10,0,0,0,17.1
1,0,0,0,-1,0,1,5,0,0,0,0,2,0,0,-1,2,1,2,1,2,3,0,-1,100,0,9223372036800000000,1e+75,0,10,0,0,7,0,0,1,0,0,1,1,0,0,0,0,0,0,2,0,1,-1,-1,-1,-1,0,10,-1,1,1,3,-1,-1,-1,0,0,1,0,0,10,0,0,0,21.77
1,0,0,0,-1,0,1,0,0,0,0,0,0,1,-1,-1,-1,0,2,-1,1,3,0,4,25,0,9223372036800000000,120,0,10,0,0,7,0,0,1,0,0,1,1,2,-1,0,0,4,0,2,0,1,-1,-1,-1,-1,0,10,-1,1,1,3,-1,-1,-1,0,0,1,3,0,10,0,0,0,33.36
1,0,0,0,-1,0,1,4,0,0,0,0,0,0,-1,0,-1,0,-1,-1,2,3,0,-1,800,0,9223372036800000000,1e+75,0,10,0,0,7,0,0,1,0,0,1,1,0,0,0,0,0,0,2,0,1,-1,-1,-1,-1,0,10,-1,1,1,3,-1,-1,-1,0,0,1,0,0,10,0,0,0,16.73
1,0,0,0,-1,0,1,3,0,0,0,0,2,0,2,2,0,2,0,0,0,3,0,-1,800,0,9223372036800000000,1e+75,0,10,0,0,7,0,0,1,0,0,1,1,0,0,0,0,0,0,2,0,1,-1,-1,-1,-1,0,10,-1,1,1,3,-1,-1,-1,0,0,1,0,0,10,0,0,0,17.17
1,0,0,0,-1,0,1,0,0,0,0,0,0,0,2,1,0,1,0,0,2,3,0,-1,100,0,9223372036800000000,1e+75,0,10,0,0,7,0,0,1,0,0,1,1,0,0,0,0,0,0,2,0,1,-1,-1,-1,-1,0,10,-1,1,1,3,-1,-1,-1,0,0,1,0,0,10,0,0,0,14.5
1,0,0,0,-1,0,1,1,0,0,0,0,1,-1,-1,-1,1,1,2,-1,-1,3,0,-1,10,0,9223372036800000000,2,0,10,0,0,7,0,0,1,0,0,2,1,0,0,0,0,0,1,2,0,1,-1,-1,-1,-1,0,10,-1,1,1,3,-1,-1,-1,0,0,1,0,0,10,0,0,0,34.97
1,0,0,0,-1,0,1,3,0,0,0,0,-1,0,0,2,2,1,-1,2,1,3,0,-1,200,0,9223372036800000000,1e+75,0,10,0,0,7,0,0,1,0,0,1,1,0,0,0,0,0,0,2,0,1,-1,-1,-1,-1,0,10,-1,1,1,3,-1,-1,-1,0,0,1,0,0,10,0,0,0,15.93
1,0,0,0,-1,0,1,4,0,0,0,0,0,0,2,2,-1,2,1,0,0,3,0,-1,10,0,9223372036800000000,1e+75,0,10,0,0,7,0,0,1,0,0,1,1,0,0,0,0,0,0,2,0,1,-1,-1,-1,-1,0,10,-1,1,1,3,-1,-1,-1,0,0,1,0,0,10,0,0,0,15.15
1,0,0,0,-1,0,1,0,0,0,0,0,3,0,2,-1,0,-1,2,0,1,3,0,-1,50,0,9223372036800000000,1e+75,0,10,0,0,7,0,0,1,0,0,1,1,0,0,0,0,0,0,2,0,1,-1,-1,-1,-1,0,10,-1,1,1,3,-1,-1,-1,0,0,1,0,0,10,0,0,0,16.59
1,0,0,0,-1,0,1,5,0,0,0,0,0,0,-1,0,-1,2,-1,0,1,3,0,16,100,0,9223372036800000000,240,0,10,0,0,7,0,0,1,0,0,1,1,3,-1,0,0,0,1,2,0,1,-1,-1,-1,-1,0,10,-1,1,1,3,-1,-1,-1,0,0,1,0,0,10,0,0,0,23.23
1,0,0,0,-1,0,1,3,0,0,0,0,1,0,2,0,-1,0,-1,1,0,3,0,-1,800,0,9223372036800000000,1e+75,0,10,0,0,7,0,0,1,0,0,1,1,0,0,0,0,0,0,2,0,1,-1,-1,-1,-1,0,10,-1,1,1,3,-1,-1,-1,0,0,1,0,0,10,0,0,0,14.61
1,0,0,0,-1,0,1,1,0,0,0,0,0,0,3,-1,2,-1,0,0,2,3,0,-1,50,0,9223372036800000000,1e+75,0,10,0,0,7,0,0,1,0,0,1,1,0,0,0,0,0,0,2,0,1,-1,-1,-1,-1,0,10,-1,1,1,3,-1,-1,-1,0,0,1,0,0,10,0,0,0,23.05
1,0,0,0,-1,0,1,4,0,0,0,0,3,0,-1,0,-1,0,0,-1,2,3,0,-1,800,0,9223372036800000000,1e+75,0,10,0,0,7,0,0,1,0,0,1,1,0,0,0,0,0,0,2,0,1,-1,-1,-1,-1,0,10,-1,1,1,3,-1,-1,-1,0,0,1,0,0,10,0,0,0,15.36
1,0,0,0,-1,0,1,1,0,0,0,0,1,0,0,-1,2,2,-1,1,2,3,0,-1,150,0,9223372036800000000,1e+75,0,10,0,0,7,0,0,1,0,0,1,1,0,0,0,0,0,0,2,0,1,-1,-1,-1,-1,0,10,-1,1,1,3,-1,-1,-1,0,0,1,0,0,10,0,0,0,24.27
1,0,0,0,-1,0,1,3,0,0,0,0,3,0,1,0,2,1,0,-1,-1,3,0,-1,150,0,9223372036800000000,1e+75,0,10,0,0,7,0,0,1,0,0,1,1,0,0,0,0,0,0,2,0,1,-1,-1,-1,-1,0,10,-1,1,1,3,-1,-1,-1,0,0,1,0,0,10,0,0,0,14.49
1,0,0,0,-1,0,1,1,0,0,0,0,-1,0,0,2,2,1,-1,0,1,3,0,-1,200,0,9223372036800000000,1e+75,0,10,0,0,7,0,0,1,0,0,1,1,0,0,0,0,0,0,2,0,1,-1,-1,-1,-1,0,10,-1,1,1,3,-1,-1,-1,0,0,1,0,0,10,0,0,0,22.12
1,0,0,0,-1,0,1,2,0,0,0,0,0,0,2,0,-1,0,0,0,0,3,0,-1,100,0,9223372036800000000,1e+75,0,10,0,0,7,0,0,1,0,0,1,1,0,0,0,0,0,0,2,0,1,-1,-1,-1,-1,0,10,-1,1,1,3,-1,-1,-1,0,0,1,0,0,10,0,0,0,13.51
1,0,0,0,-1,0,1,3,0,0,0,0,2,-1,2,2,-1,-1,-1,0,1,3,0,-1,100,0,9223372036800000000,20,0,10,0,0,7,0,0,1,0,0,1,1,2,3,0,0,0,3,2,0,1,-1,-1,-1,-1,0,10,-1,1,1,3,-1,-1,-1,0,0,1,0,0,10,0,0,0,23.42
1,0,0,0,-1,0,1,1,0,0,0,0,2,0,2,2,0,2,1,2,0,3,0,-1,800,0,9223372036800000000,1e+75,0,10,0,0,7,0,0,1,0,0,1,1,0,0,0,0,0,0,2,0,1,-1,-1,-1,-1,0,10,-1,1,1,3,-1,-1,-1,0,0,1,0,0,10,0,0,0,22.81
1,0,0,0,-1,0,1,1,0,0,0,0,3,0,0,-1,-1,0,2,0,2,3,0,-1,100,0,9223372036800000000,1e+75,0,10,0,0,7,0,0,1,0,0,1,1,0,0,0,0,0,0,2,0,1,-1,-1,-1,-1,0,10,-1,1,1,3,-1,-1,-1,0,0,1,0,0,10,0,0,0,23.69
1,0,0,0,-1,0,1,5,0,0,0,0,3,3,-1,0,-1,-1,-1,2,0,3,0,-1,100,0,9223372036800000000,40,0,10,0,0,7,0,0,1,0,0,2,1,-1,2,0,0,3,3,2,0,1,-1,-1,-1,-1,0,10,-1,1,1,3,-1,-1,-1,0,0,1,3,0,10,0,0,0,25.79
1,0,0,0,-1,0,1,1,0,0,0,0,1,-1,0,1,-1,1,-1,2,-1,3,0,-1,800,0,9223372036800000000,10,0,10,0,0,7,0,0,1,0,0,3,1,0,1,0,0,0,2,2,0,1,-1,-1,-1,-1,0,10,-1,1,1,3,-1,-1,-1,0,0,1,0,0,10,0,0,0,23.02
1,0,0,0,-1,0,1,0,0,0,0,0,0,0,2,2,0,0,0,0,0,3,0,-1,100,0,9223372036800000000,1e+75,0,10,0,0,7,0,0,1,0,0,1,1,0,0,0,0,0,0,2,0,1,-1,-1,-1,-1,0,10,-1,1,1,3,-1,-1,-1,0,0,1,0,0,10,0,0,0,15.41
1,0,0,0,-1,0,1,1,0,0,0,0,0,-1,0,0,-1,1,2,2,2,3,0,-1,400,0,9223372036800000000,20,0,10,0,0,7,0,0,1,0,0,3,1,0,2,0,0,0,4,2,0,1,-1,-1,-1,-1,0,10,-1,1,1,3,-1,-1,-1,0,0,1,0,0,10,0,0,0,24.73
1,0,0,0,-1,0,1,0,0,0,0,0,-1,-1,1,2,2,2,-1,2,-1,3,0,-1,800,0,9223372036800000000,60,0,10,0,0,7,0,0,1,0,0,3,1,0,1,0,0,0,1,2,0,1,-1,-1,-1,-1,0,10,-1,1,1,3,-1,-1,-1,0,0,1,0,0,10,0,0,0,22.12
1,0,0,0,-1,0,1,0,0,0,0,0,-1,0,2,0,-1,0,0,0,0,3,0,-1,100,0,9223372036800000000,1e+75,0,10,0,0,7,0,0,1,0,0,1,1,0,0,0,0,0,0,2,0,1,-1,-1,-1,-1,0,10,-1,1,1,3,-1,-1,-1,0,0,1,0,0,10,0,0,0,13.23
1,0,0,0,-1,0,1,4,0,0,0,0,3,0,-1,0,-1,0,-1,2,2,3,0,-1,800,0,9223372036800000000,1e+75,0,10,0,0,7,0,0,1,0,0,1,1,0,0,0,0,0,0,2,0,1,-1,-1,-1,-1,0,10,-1,1,1,3,-1,-1,-1,0,0,1,0,0,10,0,0,0,19.71
1,0,0,0,-1,0,1,3,0,0,0,0,3,0,1,1,2,-1,0,-1,1,3,0,-1,800,0,9223372036800000000,1e+75,0,10,0,0,7,0,0,1,0,0,1,1,0,0,0,0,0,0,2,0,1,-1,-1,-1,-1,0,10,-1,1,1,3,-1,-1,-1,0,0,1,0,0,10,0,0,0,16.77
1,0,0,0,-1,0,1,0,0,0,0,0,0,0,2,-1,0,1,1,0,2,3,0,-1,200,0,9223372036800000000,1e+75,0,10,0,0,7,0,0,1,0,0,1,1,0,0,0,0,0,0,2,0,1,-1,-1,-1,-1,0,10,-1,1,1,3,-1,-1,-1,0,0,1,0,0,10,0,0,0,17.46
1,0,0,0,-1,0,1,1,0,0,0,0,1,-1,-1,-1,1,1,1,2,-1,3,0,-1,10,0,9223372036800000000,2,0,10,0,0,7,0,0,1,0,0,2,1,0,0,0,0,0,1,2,0,1,-1,-1,-1,-1,0,10,-1,1,1,3,-1,-1,-1,0,0,1,0,0,10,0,0,0,24.72
1,0,0,0,-1,0,1,0,0,0,0,0,0,0,2,1,0,1,1,0,2,3,0,-1,200,0,9223372036800000000,1e+75,0,10,0,0,7,0,0,1,0,0,1,1,0,0,0,0,0,0,2,0,1,-1,-1,-1,-1,0,10,-1,1,1,3,-1,-1,-1,0,0,1,0,0,10,0,0,0,14.61
1,0,0,0,-1,0,1,5,0,0,0,0,2,0,0,-1,2,1,2,1,2,3,0,-1,10,0,9223372036800000000,1e+75,0,10,0,0,7,0,0,1,0,0,1,1,0,0,0,0,0,0,2,0,1,-1,-1,-1,-1,0,10,-1,1,1,3,-1,-1,-1,0,0,1,0,0,10,0,0,0,19.37
1,0,0,0,-1,0,1,1,0,0,0,0,2,3,-1,1,-1,1,2,0,1,3,0,-1,150,0,9223372036800000000,60,0,10,0,0,7,0,0,1,0,0,3,1,0,1,0,0,3,2,2,0,1,-1,-1,-1,-1,0,10,-1,1,1,3,-1,-1,-1,0,0,1,4,0,10,0,0,0,27.35
1,0,0,0,-1,0,1,5,0,0,0,0,3,2,-1,0,-1,-1,-1,2,0,3,0,-1,100,0,9223372036800000000,40,0,10,0,0,7,0,0,1,0,0,2,1,-1,2,0,0,5,4,2,0,1,-1,-1,-1,-1,0,10,-1,1,1,3,-1,-1,-1,0,0,1,3,0,10,0,0,0,31.13
1,0,0,0,-1,0,1,4,0,0,0,0,0,0,0,2,2,0,2,1,-1,3,0,-1,10,0,9223372036800000000,1e+75,0,10,0,0,7,0,0,1,0,0,1,1,0,0,0,0,0,0,2,0,1,-1,-1,-1,-1,0,10,-1,1,1,3,-1,-1,-1,0,0,1,0,0,10,0,0,0,15.19
1,0,0,0,-1,0,1,4,0,0,0,0,0,0,-1,0,1,0,2,-1,0,3,0,-1,10,0,9223372036800000000,1e+75,0,10,0,0,7,0,0,1,0,0,1,1,0,0,0,0,0,0,2,0,1,-1,-1,-1,-1,0,10,-1,1,1,3,-1,-1,-1,0,0,1,0,0,10,0,0,0,17.31
1,0,0,0,-1,0,1,5,0,0,0,0,3,1,2,1,1,-1,2,0,1,3,0,4,10,0,9223372036800000000,1,0,10,0,0,7,0,0,1,0,0,3,1,1,1,0,0,0,-1,2,0,1,-1,-1,-1,-1,0,10,-1,1,1,3,-1,-1,-1,0,0,1,0,0,10,0,0,0,22.58
1,0,0,0,-1,0,1,0,0,0,0,0,-1,3,0,1,-1,1,-1,2,1,3,0,8,25,0,9223372036800000000,1,0,10,0,0,7,0,0,1,0,0,2,1,0,3,0,0,0,4,2,0,1,-1,-1,-1,-1,0,10,-1,1,1,3,-1,-1,-1,0,0,1,0,0,10,0,0,0,23.01
1,0,0,0,-1,0,1,0,0,0,0,0,-1,3,1,1,0,1,2,0,0,3,0,16,800,0,9223372036800000000,10,0,10,0,0,7,0,0,1,0,0,0,1,0,2,0,0,0,0,2,0,1,-1,-1,-1,-1,0,10,-1,1,1,3,-1,-1,-1,0,0,1,0,0,10,0,0,0,21.27
1,0,0,0,-1,0,1,3,0,0,0,0,2,0,1,0,0,2,2,1,2,3,0,-1,800,0,9223372036800000000,1e+75,0,10,0,0,7,0,0,1,0,0,1,1,0,0,0,0,0,0,2,0,1,-1,-1,-1,-1,0,10,-1,1,1,3,-1,-1,-1,0,0,1,0,0,10,0,0,0,16.57
1,0,0,0,-1,0,1,2,0,0,0,0,1,0,2,1,-1,2,2,2,-1,3,0,-1,200,0,9223372036800000000,1e+75,0,10,0,0,7,0,0,1,0,0,1,1,0,0,0,0,0,0,2,0,1,-1,-1,-1,-1,0,10,-1,1,1,3,-1,-1,-1,0,0,1,0,0,10,0,0,0,13.82
1,0,0,0,-1,0,1,0,0,0,0,0,0,0,2,0,-1,0,0,0,0,3,0,-1,100,0,9223372036800000000,2,0,10,0,0,7,0,0,1,0,0,1,1,0,0,0,0,0,0,2,0,1,-1,-1,-1,-1,1,10,-1,1,1,3,-1,-1,-1,0,0,1,0,0,10,0,0,0,16.27
1,0,0,0,-1,0,1,3,0,0,0,0,1,0,0,0,-1,0,-1,-1,0,3,0,-1,200,0,9223372036800000000,1e+75,0,10,0,0,7,0,0,1,0,0,1,1,0,0,0,0,0,0,2,0,1,-1,-1,-1,-1,0,10,-1,1,1,3,-1,-1,-1,0,0,1,0,0,10,0,0,0,16.76
1,0,0,0,-1,0,1,0,0,0,0,0,2,0,2,-1,1,0,-1,0,2,3,0,1,10,0,9223372036800000000,0,0,10,0,0,7,0,0,1,0,0,2,1,0,2,0,0,0,1,2,0,1,-1,-1,-1,-1,0,10,-1,1,1,3,-1,-1,-1,0,0,1,0,0,10,0,0,0,47.37
1,0,0,0,-1,0,1,0,0,0,0,0,0,0,2,0,-1,0,0,0,0,3,0,-1,800,0,9223372036800000000,1e+75,0,10,0,0,7,0,0,1,0,0,1,1,0,0,0,0,0,0,2,0,1,-1,-1,-1,-1,0,10,-1,1,1,3,-1,-1,-1,0,0,1,0,0,10,0,0,0,13.11
1,0,0,0,-1,0,1,5,0,0,0,0,3,2,0,-1,-1,0,0,1,1,3,0,-1,200,0,9223372036800000000,10,0,10,0,0,7,0,0,1,0,0,0,1,0,1,0,0,0,3,2,0,1,-1,-1,-1,-1,0,10,-1,1,1,3,-1,-1,-1,0,0,1,0,0,10,0,0,0,21.69
1,0,0,0,-1,0,1,4,0,0,0,0,2,0,-1,0,-1,0,-1,2,2,3,0,-1,200,0,9223372036800000000,1e+75,0,10,0,0,7,0,0,1,0,0,1,1,0,0,0,0,0,0,2,0,1,-1,-1,-1,-1,0,10,-1,1,1,3,-1,-1,-1,0,0,1,0,0,10,0,0,0,19.71
1,0,0,0,-1,0,1,0,0,0,0,0,0,0,2,1,0,1,0,0,2,3,0,-1,50,0,9223372036800000000,1e+75,0,10,0,0,7,0,0,1,0,0,1,1,0,0,0,0,0,0,2,0,1,-1,-1,-1,-1,0,10,-1,1,1,3,-1,-1,-1,0,0,1,0,0,10,0,0,0,14.7
1,0,0,0,-1,0,1,0,0,0,0,0,0,0,2,-1,1,1,0,-1,-1,3,0,-1,10,0,9223372036800000000,1e+75,0,10,0,0,7,0,0,1,0,0,1,1,0,0,0,0,0,0,2,0,1,-1,-1,-1,-1,0,10,-1,1,1,3,-1,-1,-1,0,0,1,0,0,10,0,0,0,28.78
1,0,0,0,-1,0,1,0,0,0,0,0,0,0,2,0,-1,0,0,0,0,3,0,-1,400,0,9223372036800000000,2,0,10,0,0,7,0,0,1,0,0,1,1,0,0,0,0,0,0,2,0,1,-1,-1,-1,-1,0,10,-1,1,1,3,-1,-1,-1,0,0,1,0,0,10,0,0,0,13
1,0,0,0,-1,0,1,2,0,0,0,0,0,0,0,0,2,2,2,1,2,3,0,-1,400,0,9223372036800000000,1e+75,0,10,0,0,7,0,0,1,0,0,1,1,0,0,0,0,0,0,2,0,1,-1,-1,-1,-1,0,10,-1,1,1,3,-1,-1,-1,0,0,1,0,0,10,0,0,0,15.48
1,0,0,0,-1,0,1,1,0,0,0,0,2,0,0,-1,2,2,-1,2,2,3,0,-1,150,0,9223372036800000000,1e+75,0,10,0,0,7,0,0,1,0,0,1,1,0,0,0,0,0,0,2,0,1,-1,-1,-1,-1,0,10,-1,1,1,3,-1,-1,-1,0,0,1,0,0,10,0,0,0,25.44
1,0,0,0,-1,0,1,3,0,0,0,0,1,0,0,0,2,0,-1,1,0,3,0,-1,200,0,9223372036800000000,1e+75,0,10,0,0,7,0,0,1,0,0,1,1,0,0,0,0,0,0,2,0,1,-1,-1,-1,-1,0,10,-1,1,1,3,-1,-1,-1,0,0,1,0,0,10,0,0,0,14.56
1,0,0,0,-1,0,1,3,0,0,0,0,1,-1,2,0,0,2,2,2,0,3,0,-1,10,0,9223372036800000000,10,0,10,0,0,7,0,0,1,0,0,0,1,0,2,0,0,3,1,2,0,1,-1,-1,-1,-1,0,10,-1,1,1,3,-1,-1,-1,0,0,1,2,0,10,0,0,0,24.8
1,0,0,0,-1,0,1,3,0,0,0,0,2,0,2,2,0,2,0,0,2,3,0,-1,800,0,9223372036800000000,1e+75,0,10,0,0,7,0,0,1,0,0,1,1,0,0,0,0,0,0,2,0,1,-1,-1,-1,-1,0,10,-1,1,1,3,-1,-1,-1,0,0,1,0,0,10,0,0,0,17.19
1,0,0,0,-1,0,1,1,0,0,0,0,0,0,2,-1,0,-1,2,0,2,3,0,-1,50,0,9223372036800000000,1e+75,0,10,0,0,7,0,0,1,0,0,1,1,0,0,0,0,0,0,2,0,1,-1,-1,-1,-1,0,10,-1,1,1,3,-1,-1,-1,0,0,1,0,0,10,0,0,0,22.81
1,0,0,0,-1,0,1,0,0,0,0,0,-1,-1,3,0,2,1,0,1,2,3,0,-1,800,0,9223372036800000000,5,0,10,0,0,7,0,0,1,0,0,3,1,0,2,0,0,0,4,2,0,1,-1,-1,-1,-1,0,10,-1,1,1,3,-1,-1,-1,0,0,1,0,0,10,0,0,0,21.18
1,0,0,0,-1,0,1,2,0,0,0,0,1,0,3,0,2,1,0,1,0,3,0,-1,200,0,9223372036800000000,1e+75,0,10,0,0,7,0,0,1,0,0,1,1,0,0,0,0,0,0,2,0,1,-1,-1,-1,-1,0,10,-1,1,1,3,-1,-1,-1,0,0,1,0,0,10,0,0,0,18.17
1,0,0,0,-1,0,1,4,0,0,0,0,0,0,2,-1,0,-1,2,0,2,3,0,-1,50,0,9223372036800000000,1e+75,0,10,0,0,7,0,0,1,0,0,1,1,0,0,0,0,0,0,2,0,1,-1,-1,-1,-1,0,10,-1,1,1,3,-1,-1,-1,0,0,1,0,0,10,0,0,0,17.58
1,0,0,0,-1,0,1,4,0,0,0,0,3,0,2,0,-1,2,-1,-1,-1,3,0,-1,400,0,9223372036800000000,1e+75,0,10,0,0,7,0,0,1,0,0,1,1,0,0,0,0,0,0,2,0,1,-1,-1,-1,-1,0,10,-1,1,1,3,-1,-1,-1,0,0,1,0,0,10,0,0,0,15.79
1,0,0,0,-1,0,1,1,0,0,0,0,1,-1,-1,2,1,1,0,2,-1,3,0,-1,10,0,9223372036800000000,2,0,10,0,0,7,0,0,1,0,0,2,1,0,0,0,0,0,1,2,0,1,-1,-1,-1,-1,0,10,-1,1,1,3,-1,-1,-1,0,0,1,0,0,10,0,0,0,24.12
1,0,0,0,-1,0,1,5,0,0,0,0,-1,2,0,0,0,0,0,0,0,3,0,-1,200,0,9223372036800000000,1,0,10,0,0,7,0,0,1,0,0,1,1,0,3,0,0,0,3,2,0,1,-1,-1,-1,-1,0,10,-1,1,1,3,-1,-1,-1,0,0,1,0,0,10,0,0,0,22.55
1,0,0,0,-1,0,1,0,0,0,0,0,0,1,-1,-1,-1,0,2,-1,1,3,0,4,25,0,9223372036800000000,10,0,10,0,0,7,0,0,1,0,0,1,1,2,-1,0,0,4,0,2,0,1,-1,-1,-1,-1,0,10,-1,1,1,3,-1,-1,-1,0,0,1,3,0,10,0,0,0,33.41
1,0,0,0,-1,0,1,2,0,0,0,0,3,0,2,-1,-1,2,1,-1,-1,3,0,-1,150,0,9223372036800000000,1e+75,0,10,0,0,7,0,0,1,0,0,1,1,0,0,0,0,0,0,2,0,1,-1,-1,-1,-1,0,10,-1,1,1,3,-1,-1,-1,0,0,1,0,0,10,0,0,0,26.75
1,0,0,0,-1,0,1,0,0,0,0,0,0,0,2,-1,1,1,0,-1,-1,3,0,-1,25,0,9223372036800000000,1e+75,0,10,0,0,7,0,0,1,0,0,1,1,0,0,0,0,0,0,2,0,1,-1,-1,-1,-1,0,10,-1,1,1,3,-1,-1,-1,0,0,1,0,0,10,0,0,0,27.81
1,0,0,0,-1,0,1,0,0,0,0,0,1,-1,3,0,1,1,1,-1,0,3,0,-1,10,0,9223372036800000000,5,0,10,0,0,7,0,0,1,0,0,1,1,0,1,0,0,0,2,2,0,1,-1,-1,-1,-1,0,10,-1,1,1,3,-1,-1,-1,0,0,1,0,0,10,0,0,0,18.78
1,0,0,0,-1,0,1,0,0,0,0,0,0,0,2,0,-1,0,0,0,0,3,0,-1,100,0,9223372036800000000,1e+75,0,10,0,0,7,0,0,1,0,0,1,1,0,3,0,0,0,0,2,0,1,-1,-1,-1,-1,0,10,-1,1,1,3,-1,-1,-1,0,0,1,0,0,10,0,0,0,16.73
1,0,0,0,-1,0,1,1,0,0,0,0,0,-1,3,-1,2,2,2,0,2,3,0,-1,100,0,9223372036800000000,1e+75,0,10,0,0,7,0,0,1,0,0,2,1,0,-1,0,0,0,0,2,0,1,-1,-1,-1,-1,0,10,-1,1,1,3,-1,-1,-1,0,0,1,0,0,10,0,0,0,21.49
1,0,0,0,-1,0,1,5,0,0,0,0,3,2,-1,0,-1,-1,-1,2,0,3,0,-1,100,0,9223372036800000000,40,0,10,0,0,7,0,0,1,0,0,2,1,-1,2,0,0,2,3,2,0,1,-1,-1,-1,-1,0,10,-1,1,1,3,-1,-1,-1,0,0,1,3,0,10,0,0,0,23.54
1,0,0,0,-1,0,1,2,0,0,0,0,3,0,1,0,2,1,0,-1,-1,3,0,-1,150,0,9223372036800000000,1e+75,0,10,0,0,7,0,0,1,0,0,1,1,0,0,0,0,0,0,2,0,1,-1,-1,-1,-1,0,10,-1,1,1,3,-1,-1,-1,0,0,1,0,0,10,0,0,0,18.32
1,0,0,0,-1,0,1,3,0,0,0,0,2,1,2,2,1,2,2,-1,1,3,0,2,800,0,9223372036800000000,40,0,10,0,0,7,0,0,1,0,0,1,1,1,0,0,0,5,2,2,0,1,-1,-1,-1,-1,0,10,-1,1,1,3,-1,-1,-1,0,0,1,5,0,10,0,0,0,32.7
1,0,0,0,-1,0,1,0,0,0,0,0,0,0,2,0,0,0,0,0,0,3,0,-1,800,0,9223372036800000000,1e+75,0,10,0,0,7,0,0,1,0,0,1,1,0,0,0,0,0,0,2,0,1,-1,-1,-1,-1,0,10,-1,1,1,3,-1,-1,-1,0,0,1,0,0,10,0,0,0,13.32
1,0,0,0,-1,0,1,4,0,0,0,0,-1,2,2,1,-1,-1,0,-1,1,3,0,-1,400,0,9223372036800000000,1,0,10,0,0,7,0,0,1,0,0,1,1,0,0,0,0,0,0,2,0,1,-1,-1,-1,-1,0,10,-1,1,1,3,-1,-1,-1,0,0,1,0,0,10,0,0,0,15.9
1,0,0,0,-1,0,1,4,0,0,0,0,1,0,2,1,-1,2,0,-1,2,3,0,-1,100,0,9223372036800000000,1e+75,0,10,0,0,7,0,0,1,0,0,1,1,0,0,0,0,0,0,2,0,1,-1,-1,-1,-1,0,10,-1,1,1,3,-1,-1,-1,0,0,1,0,0,10,0,0,0,16.6
1,0,0,0,-1,0,1,0,0,0,0,0,1,0,3,0,2,1,0,1,0,3,0,-1,100,0,9223372036800000000,1e+75,0,10,0,0,7,0,0,1,0,0,1,1,0,0,0,0,0,0,2,0,1,-1,-1,-1,-1,0,10,-1,1,1,3,-1,-1,-1,0,0,1,0,0,10,0,0,0,18.41
1,0,0,0,-1,0,1,0,0,0,0,0,0,0,2,0,-1,0,0,0,0,3,0,-1,100,0,9223372036800000000,5,0,10,0,0,7,0,0,1,0,0,1,1,0,0,0,0,0,0,2,0,1,-1,-1,-1,-1,0,10,-1,1,1,3,-1,-1,-1,0,0,1,0,0,10,0,0,0,13.07
1,0,0,0,-1,0,1,1,0,0,0,0,2,0,0,-1,2,2,2,1,2,3,0,-1,10,0,9223372036800000000,1e+75,0,10,0,0,7,0,0,1,0,0,1,1,0,0,0,0,0,0,2,0,1,-1,-1,-1,-1,0,10,-1,1,1,3,-1,-1,-1,0,0,1,0,0,10,0,0,0,23.43
1,0,0,0,-1,0,1,1,0,0,0,0,0,0,0,0,2,2,2,1,2,3,0,-1,25,0,9223372036800000000,1e+75,0,10,0,0,7,0,0,1,0,0,1,1,0,0,0,0,0,0,2,0,1,-1,-1,-1,-1,0,10,-1,1,1,3,-1,-1,-1,0,0,1,0,0,10,0,0,0,22.19
1,0,0,0,-1,0,1,4,0,0,0,0,1,0,2,2,-1,2,1,0,0,3,0,-1,10,0,9223372036800000000,1e+75,0,10,0,0,7,0,0,1,0,0,1,1,0,0,0,0,0,0,2,0,1,-1,-1,-1,-1,0,10,-1,1,1,3,-1,-1,-1,0,0,1,0,0,10,0,0,0,15.22
1,0,0,0,-1,0,1,1,0,0,0,0,-1,2,0,1,-1,-1,0,-1,1,3,0,-1,400,0,9223372036800000000,1,0,10,0,0,7,0,0,1,0,0,1,1,0,0,0,0,0,0,2,0,1,-1,-1,-1,-1,0,10,-1,1,1,3,-1,-1,-1,0,0,1,0,0,10,0,0,0,22.82
1,0,0,0,-1,0,1,3,0,0,0,0,-1,0,1,0,0,0,2,1,-1,3,0,-1,800,0,9223372036800000000,1e+75,0,10,0,0,7,0,0,1,0,0,1,1,0,0,0,0,0,0,2,0,1,-1,-1,-1,-1,0,10,-1,1,1,3,-1,-1,-1,0,0,1,0,0,10,0,0,0,17.54
1,0,0,0,-1,0,1,2,0,0,0,0,-1,0,0,1,1,1,2,1,2,3,0,-1,50,0,9223372036800000000,30,0,10,0,0,7,0,0,1,0,0,1,1,0,1,0,0,0,4,2,0,1,-1,-1,-1,-1,0,10,-1,1,1,3,-1,-1,-1,0,0,1,0,0,10,0,0,0,16.24
1,0,0,0,-1,0,1,1,0,0,0,0,2,0,0,-1,-1,2,-1,1,2,3,0,-1,150,0,9223372036800000000,1e+75,0,10,0,0,7,0,0,1,0,0,1,1,0,0,0,0,0,0,2,0,1,-1,-1,-1,-1,0,10,-1,1,1,3,-1,-1,-1,0,0,1,0,0,10,0,0,0,25.14
1,0,0,0,-1,0,1,2,0,0,0,0,1,2,0,2,0,2,2,2,-1,3,0,2,800,0,9223372036800000000,40,0,10,0,0,7,0,0,1,0,0,1,1,0,2,0,0,1,4,2,0,1,-1,-1,-1,-1,0,10,-1,1,1,3,-1,-1,-1,0,0,1,1,0,10,0,0,0,23.76
1,0,0,0,-1,0,1,5,0,0,0,0,2,1,0,-1,0,2,2,0,0,3,0,4,400,0,9223372036800000000,5,0,10,0,0,7,0,0,1,0,0,1,1,0,3,0,0,0,2,2,0,1,-1,-1,-1,-1,0,10,-1,1,1,3,-1,-1,-1,0,0,1,0,0,10,0,0,0,21.02
1,0,0,0,-1,0,1,3,0,0,0,0,0,0,0,2,2,0,2,1,-1,3,0,-1,100,0,9223372036800000000,1e+75,0,10,0,0,7,0,0,1,0,0,1,1,0,0,0,0,0,0,2,0,1,-1,-1,-1,-1,0,10,-1,1,1,3,-1,-1,-1,0,0,1,0,0,10,0,0,0,18.39
1,0,0,0,-1,0,1,2,0,0,0,0,3,0,0,-1,-1,-1,-1,0,-1,3,0,-1,100,0,9223372036800000000,1e+75,0,10,0,0,7,0,0,1,0,0,1,1,0,0,0,0,0,0,2,0,1,-1,-1,-1,-1,0,10,-1,1,1,3,-1,-1,-1,0,0,1,0,0,10,0,0,0,20.27
1,0,0,0,-1,0,1,2,0,0,0,0,3,0,0,-1,-1,0,1,0,2,3,0,-1,100,0,9223372036800000000,1e+75,0,10,0,0,7,0,0,1,0,0,1,1,0,0,0,0,0,0,2,0,1,-1,-1,-1,-1,0,10,-1,1,1,3,-1,-1,-1,0,0,1,0,0,10,0,0,0,16.61
1,0,0,0,-1,0,1,0,0,0,0,0,0,0,0,0,0,0,0,0,0,3,0,-1,100,0,9223372036800000000,1e+75,0,10,0,0,7,0,0,1,0,0,1,1,0,0,0,0,0,0,2,0,1,-1,-1,-1,-1,0,10,-1,1,1,3,-1,-1,-1,0,0,1,0,0,10,0,0,0,13.32
1,0,0,0,-1,0,1,4,0,0,0,0,0,0,0,2,2,0,2,1,-1,3,0,-1,100,0,9223372036800000000,1e+75,0,10,0,0,7,0,0,1,0,0,1,1,0,0,0,0,0,0,2,0,1,-1,-1,-1,-1,0,10,-1,1,1,3,-1,-1,-1,0,0,1,0,0,10,0,0,0,14.71
1,0,0,0,-1,0,1,0,0,0,0,0,-1,0,2,0,1,2,0,-1,-1,3,0,-1,25,0,9223372036800000000,1e+75,0,10,0,0,7,0,0,1,0,0,1,1,0,0,0,0,0,0,2,0,1,-1,-1,-1,-1,0,10,-1,1,1,3,-1,-1,-1,0,0,1,0,0,10,0,0,0,16.4
1,0,0,0,-1,0,1,5,0,0,0,0,3,1,2,1,1,-1,2,0,1,3,0,4,10,0,9223372036800000000,240,0,10,0,0,7,0,0,1,0,0,3,1,1,1,0,0,0,-1,2,0,1,-1,-1,-1,-1,0,10,-1,1,1,3,-1,-1,-1,0,0,1,0,0,10,0,0,0,22.58
1,0,0,0,-1,0,1,3,0,0,0,0,3,1,2,0,1,2,2,-1,1,3,0,2,800,0,9223372036800000000,40,0,10,0,0,7,0,0,1,0,0,3,1,1,0,0,0,5,2,2,0,1,-1,-1,-1,-1,0,10,-1,1,1,3,-1,-1,-1,0,0,1,5,0,10,0,0,0,34.63
1,0,0,0,-1,0,1,0,0,0,0,0,0,0,2,0,0,0,0,0,2,3,0,-1,100,0,9223372036800000000,1e+75,0,10,0,0,7,0,0,1,0,0,1,1,0,0,0,0,0,0,2,0,1,-1,-1,-1,-1,0,10,-1,1,1,3,-1,-1,-1,0,0,1,0,0,10,0,0,0,13.5
1,0,0,0,-1,0,1,1,0,0,0,0,2,0,0,-1,2,2,-1,0,2,3,0,-1,150,0,9223372036800000000,1e+75,0,10,0,0,7,0,0,1,0,0,1,1,0,0,0,0,0,0,2,0,1,-1,-1,-1,-1,0,10,-1,1,1,3,-1,-1,-1,0,0,1,0,0,10,0,0,0,25.12
1,0,0,0,-1,0,1,2,0,0,0,0,2,0,2,2,1,1,1,2,0,3,0,-1,25,0,9223372036800000000,1e+75,0,10,0,0,7,0,0,1,0,0,1,1,0,0,0,0,0,0,2,0,1,-1,-1,-1,-1,0,10,-1,1,1,3,-1,-1,-1,0,0,1,0,0,10,0,0,0,14.32
1,0,0,0,-1,0,1,0,0,0,0,0,0,0,3,0,0,0,0,0,0,3,0,-1,100,0,9223372036800000000,1e+75,0,10,0,0,7,0,0,1,0,0,1,1,0,0,0,0,0,0,2,0,1,-1,-1,-1,-1,0,10,-1,1,1,3,-1,-1,-1,0,0,1,0,0,10,0,0,0,18.05
1,0,0,0,-1,0,1,3,0,0,0,0,-1,0,1,-1,0,0,-1,1,2,3,0,-1,400,0,9223372036800000000,1e+75,0,10,0,0,7,0,0,1,0,0,1,1,0,0,0,0,0,0,2,0,1,-1,-1,-1,-1,0,10,-1,1,1,3,-1,-1,-1,0,0,1,0,0,10,0,0,0,19.03
1,0,0,0,-1,0,1,5,0,0,0,0,2,0,0,-1,2,1,2,1,2,3,0,-1,50,0,9223372036800000000,1e+75,0,10,0,0,7,0,0,1,0,0,1,1,0,0,0,0,0,0,2,0,1,-1,-1,-1,-1,0,10,-1,1,1,3,-1,-1,-1,0,0,1,0,0,10,0,0,0,19.36
1,0,0,0,-1,0,1,3,0,0,0,0,2,0,2,2,0,1,1,2,0,3,0,-1,25,0,9223372036800000000,1e+75,0,10,0,0,7,0,0,1,0,0,1,1,0,0,0,0,0,0,2,0,1,-1,-1,-1,-1,0,10,-1,1,1,3,-1,-1,-1,0,0,1,0,0,10,0,0,0,17.8
1,0,0,0,-1,0,1,2,0,0,0,0,3,0,3,-1,-1,-1,-1,0,2,3,0,-1,100,0,9223372036800000000,1e+75,0,10,0,0,7,0,0,1,0,0,1,1,0,0,0,0,0,0,2,0,1,-1,-1,-1,-1,0,10,-1,1,1,3,-1,-1,-1,0,0,1,0,0,10,0,0,0,21.55
1,0,0,0,-1,0,1,3,0,0,0,0,-1,0,0,0,-1,0,-1,1,0,3,0,-1,200,0,9223372036800000000,1e+75,0,10,0,0,7,0,0,1,0,0,1,1,0,0,0,0,0,0,2,0,1,-1,-1,-1,-1,0,10,-1,1,1,3,-1,-1,-1,0,0,1,0,0,10,0,0,0,14.53
1,0,0,0,-1,0,1,3,0,0,0,0,1,0,0,0,-1,-1,-1,1,0,3,0,-1,800,0,9223372036800000000,1e+75,0,10,0,0,7,0,0,1,0,0,1,1,0,0,0,0,0,0,2,0,1,-1,-1,-1,-1,0,10,-1,1,1,3,-1,-1,-1,0,0,1,0,0,10,0,0,0,18.33
1,0,0,0,-1,0,1,5,0,0,0,0,3,2,-1,0,-1,-1,-1,2,0,3,0,-1,100,0,9223372036800000000,40,0,10,0,0,7,0,0,1,0,0,2,1,-1,2,0,0,3,3,2,0,1,-1,-1,-1,-1,0,10,-1,1,1,3,-1,-1,-1,0,0,1,3,0,10,0,0,0,25.79
1,0,0,0,-1,0,1,5,0,0,0,0,2,1,0,-1,0,2,2,0,0,3,0,4,400,0,9223372036800000000,1,0,10,0,0,7,0,0,1,0,0,1,1,0,3,0,0,0,0,2,0,1,-1,-1,-1,-1,0,10,-1,1,1,3,-1,-1,-1,0,0,1,0,0,10,0,0,0,20.1
1,0,0,0,-1,0,1,2,0,0,0,0,1,0,0,1,-1,2,-1,2,-1,3,0,-1,200,0,9223372036800000000,1e+75,0,10,0,0,7,0,0,1,0,0,1,1,0,0,0,0,0,0,2,0,1,-1,-1,-1,-1,0,10,-1,1,1,3,-1,-1,-1,0,0,1,0,0,10,0,0,0,16.34
1,0,0,0,-1,0,1,0,0,0,0,0,0,0,3,1,2,2,0,1,2,3,0,-1,800,0,9223372036800000000,1e+75,0,10,0,0,7,0,0,1,0,0,1,1,0,0,0,0,0,0,2,0,1,-1,-1,-1,-1,0,10,-1,1,1,3,-1,-1,-1,0,0,1,0,0,10,0,0,0,21.58
1,0,0,0,-1,0,1,5,0,0,0,0,3,3,-1,1,0,0,2,1,2,3,0,8,50,0,9223372036800000000,0,0,10,0,0,7,0,0,1,0,0,0,1,1,2,0,0,0,0,2,0,1,-1,-1,-1,-1,0,10,-1,1,1,3,-1,-1,-1,0,0,1,0,0,10,0,0,0,21.78
1,0,0,0,-1,0,1,4,0,0,0,0,0,0,0,0,0,2,0,1,-1,3,0,-1,100,0,9223372036800000000,1e+75,0,10,0,0,7,0,0,1,0,0,1,1,0,0,0,0,0,0,2,0,1,-1,-1,-1,-1,0,10,-1,1,1,3,-1,-1,-1,0,0,1,0,0,10,0,0,0,13.89
1,0,0,0,-1,0,1,0,0,0,0,0,0,0,1,0,0,0,0,0,0,3,0,-1,100,0,9223372036800000000,1e+75,0,10,0,0,7,0,0,1,0,0,1,1,0,0,0,0,0,0,2,0,1,-1,-1,-1,-1,0,10,-1,1,1,3,-1,-1,-1,0,0,1,0,0,10,0,0,0,13.27
1,0,0,0,-1,0,1,0,0,0,0,0,1,0,3,0,2,1,0,1,0,3,0,-1,200,0,9223372036800000000,1e+75,0,10,0,0,7,0,0,1,0,0,1,1,0,0,0,0,0,0,2,0,1,-1,-1,-1,-1,0,10,-1,1,1,3,-1,-1,-1,0,0,1,0,0,10,0,0,0,18.37
1,0,0,0,-1,0,1,1,0,0,0,0,2,0,3,-1,2,1,2,1,2,3,0,-1,10,0,9223372036800000000,1e+75,0,10,0,0,7,0,0,1,0,0,1,1,0,0,0,0,0,0,2,0,1,-1,-1,-1,-1,0,10,-1,1,1,3,-1,-1,-1,0,0,1,0,0,10,0,0,0,23.77
1,0,0,0,-1,0,1,3,0,0,0,0,3,0,0,0,-1,0,-1,1,0,3,0,-1,800,0,9223372036800000000,1e+75,0,10,0,0,7,0,0,1,0,0,1,1,0,0,0,0,0,0,2,0,1,-1,-1,-1,-1,0,10,-1,1,1,3,-1,-1,-1,0,0,1,0,0,10,0,0,0,15.05
1,0,0,0,-1,0,1,1,0,0,0,0,3,2,-1,1,-1,0,1,0,0,3,0,16,400,0,9223372036800000000,1e+75,0,10,0,0,7,0,0,1,0,0,1,1,0,-1,0,0,0,-1,2,0,1,-1,-1,-1,-1,0,10,-1,1,1,3,-1,-1,-1,0,0,1,2,0,10,0,0,0,22.44
1,0,0,0,-1,0,1,4,0,0,0,0,1,2,0,2,0,2,2,2,-1,3,0,2,800,0,9223372036800000000,40,0,10,0,0,7,0,0,1,0,0,1,1,0,2,0,0,0,-1,2,0,1,-1,-1,-1,-1,0,10,-1,1,1,3,-1,-1,-1,0,0,1,1,0,10,0,0,0,22.44
1,0,0,0,-1,0,1,4,0,0,0,0,3,0,-1,0,1,0,-1,2,2,3,0,-1,200,0,9223372036800000000,1e+75,0,10,0,0,7,0,0,1,0,0,1,1,0,0,0,0,0,0,2,0,1,-1,-1,-1,-1,0,10,-1,1,1,3,-1,-1,-1,0,0,1,0,0,10,0,0,0,19.71
1,0,0,0,-1,0,1,2,0,0,0,0,3,0,2,-1,-1,0,-1,0,2,3,0,-1,100,0,9223372036800000000,1e+75,0,10,0,0,7,0,0,1,0,0,1,1,0,0,0,0,0,0,2,0,1,-1,-1,-1,-1,0,10,-1,1,1,3,-1,-1,-1,0,0,1,0,0,10,0,0,0,20.68
1,0,0,0,-1,0,1,0,0,0,0,0,-1,0,3,0,2,1,0,1,0,3,0,-1,200,0,9223372036800000000,1e+75,0,10,0,0,7,0,0,1,0,0,1,1,0,0,0,0,0,0,2,0,1,-1,-1,-1,-1,0,10,-1,1,1,3,-1,-1,-1,0,0,1,0,0,10,0,0,0,18.37
1,0,0,0,-1,0,1,5,0,0,0,0,2,0,0,-1,1,1,2,1,2,3,0,-1,10,0,9223372036800000000,1e+75,0,10,0,0,7,0,0,1,0,0,1,1,0,0,0,0,0,0,2,0,1,-1,-1,-1,-1,0,10,-1,1,1,3,-1,-1,-1,0,0,1,0,0,10,0,0,0,19.38
1,0,0,0,-1,0,1,2,0,0,0,0,3,1,1,1,-1,-1,0,0,-1,3,0,-1,10,0,9223372036800000000,30,0,10,0,0,7,0,0,1,0,0,1,1,0,1,0,0,0,0,2,0,1,-1,-1,-1,-1,0,10,-1,1,1,3,-1,-1,-1,0,0,1,0,0,10,0,0,0,13.56
1,0,0,0,-1,0,1,1,0,0,0,0,0,0,0,0,2,2,2,1,0,3,0,-1,25,0,9223372036800000000,1e+75,0,10,0,0,7,0,0,1,0,0,1,1,0,0,0,0,0,0,2,0,1,-1,-1,-1,-1,0,10,-1,1,1,3,-1,-1,-1,0,0,1,0,0,10,0,0,0,21.9
1,0,0,0,-1,0,1,2,0,0,0,0,1,1,-1,1,0,1,-1,0,1,3,0,2,50,0,9223372036800000000,1e+75,0,10,0,0,7,0,0,1,0,0,0,1,2,3,0,0,1,4,2,0,1,-1,-1,-1,-1,0,10,-1,1,1,3,-1,-1,-1,0,0,1,0,0,10,0,0,0,24.76
1,0,0,0,-1,0,1,0,0,0,0,0,0,0,2,0,-1,0,0,0,0,3,0,-1,100,0,9223372036800000000,2,0,10,0,0,7,0,0,1,0,0,1,1,3,0,0,0,0,0,2,0,1,-1,-1,-1,-1,0,10,-1,1,1,3,-1,-1,-1,0,0,1,0,0,10,0,0,0,13.55
1,0,0,0,-1,0,1,3,0,0,0,0,3,0,1,0,0,0,2,1,2,3,0,-1,200,0,9223372036800000000,1e+75,0,10,0,0,7,0,0,1,0,0,1,1,0,0,0,0,0,0,2,0,1,-1,-1,-1,-1,0,10,-1,1,1,3,-1,-1,-1,0,0,1,0,0,10,0,0,0,15.8
1,0,0,0,-1,0,1,1,0,0,0,0,0,3,0,1,-1,1,0,-1,0,3,0,2,800,0,9223372036800000000,1,0,10,0,0,7,0,0,1,0,0,1,1,0,0,0,0,0,0,2,0,1,-1,-1,-1,-1,0,10,-1,1,1,3,-1,-1,-1,0,0,1,0,0,10,0,0,0,26.09
1,0,0,0,-1,0,1,0,0,0,0,0,0,0,2,-1,0,-1,2,-1,2,3,0,-1,50,0,9223372036800000000,1e+75,0,10,0,0,7,0,0,1,0,0,1,1,0,0,0,0,0,0,2,0,1,-1,-1,-1,-1,0,10,-1,1,1,3,-1,-1,-1,0,0,1,0,0,10,0,0,0,29.82
1,0,0,0,-1,0,1,4,0,0,0,0,2,0,-1,0,1,2,1,-1,2,3,0,-1,10,0,9223372036800000000,1e+75,0,10,0,0,7,0,0,1,0,0,1,1,0,0,0,0,0,0,2,0,1,-1,-1,-1,-1,0,10,-1,1,1,3,-1,-1,-1,0,0,1,0,0,10,0,0,0,17.77
1,0,0,0,-1,0,1,3,0,0,0,0,2,-1,2,2,1,-1,-1,0,1,3,0,-1,100,0,9223372036800000000,120,0,10,0,0,7,0,0,1,0,0,1,1,2,3,0,0,0,3,2,0,1,-1,-1,-1,-1,0,10,-1,1,1,3,-1,-1,-1,0,0,1,0,0,10,0,0,0,23.43
1,0,0,0,-1,0,1,4,0,0,0,0,0,0,0,0,1,2,0,1,1,3,0,-1,100,0,9223372036800000000,1e+75,0,10,0,0,7,0,0,1,0,0,1,1,0,0,0,0,0,0,2,0,1,-1,-1,-1,-1,0,10,-1,1,1,3,-1,-1,-1,0,0,1,0,0,10,0,0,0,14.01
1,0,0,0,-1,0,1,0,0,0,0,0,0,0,2,0,-1,0,0,0,0,3,0,-1,100,0,9223372036800000000,1e+75,0,10,0,0,7,0,0,1,0,0,3,1,0,0,0,0,0,0,2,0,1,-1,-1,-1,-1,0,10,-1,1,1,3,-1,-1,-1,0,0,1,0,0,10,0,0,0,19.21
1,0,0,0,-1,0,1,4,0,0,0,0,0,0,2,2,-1,2,1,2,0,3,0,-1,10,0,9223372036800000000,1e+75,0,10,0,0,7,0,0,1,0,0,1,1,0,0,0,0,0,0,2,0,1,-1,-1,-1,-1,0,10,-1,1,1,3,-1,-1,-1,0,0,1,0,0,10,0,0,0,16.37
1,0,0,0,-1,0,1,0,0,0,0,0,0,0,1,1,2,2,0,0,2,3,0,-1,800,0,9223372036800000000,1e+75,0,10,0,0,7,0,0,1,0,0,1,1,0,0,0,0,0,0,2,0,1,-1,-1,-1,-1,0,10,-1,1,1,3,-1,-1,-1,0,0,1,0,0,10,0,0,0,14.85
1,0,0,0,-1,0,1,2,0,0,0,0,3,0,1,-1,-1,-1,-1,0,2,3,0,-1,100,0,9223372036800000000,1e+75,0,10,0,0,7,0,0,1,0,0,1,1,0,0,0,0,0,0,2,0,1,-1,-1,-1,-1,0,10,-1,1,1,3,-1,-1,-1,0,0,1,0,0,10,0,0,0,20.08
1,0,0,0,-1,0,1,0,0,0,0,0,0,0,2,0,-1,0,0,0,0,3,0,-1,100,0,9223372036800000000,2,0,10,0,0,7,0,0,1,0,0,1,1,0,0,0,0,0,0,2,0,1,-1,-1,-1,-1,0,10,-1,0,1,3,-1,-1,-1,0,0,1,0,0,10,0,0,0,25.48
1,0,0,0,-1,0,1,0,0,0,0,0,0,0,2,0,-1,0,0,0,0,3,0,-1,100,0,9223372036800000000,2,0,10,0,0,7,0,0,1,0,0,1,1,0,0,0,0,0,0,2,0,1,-1,0,-1,-1,0,10,-1,1,1,3,-1,-1,-1,0,0,1,2,0,10,0,0,0,12.34
1,0,0,0,-1,0,1,4,0,0,0,0,3,0,-1,0,-1,0,-1,-1,2,3,0,-1,10,0,9223372036800000000,1e+75,0,10,0,0,7,0,0,1,0,0,1,1,0,0,0,0,0,0,2,0,1,-1,-1,-1,-1,0,10,-1,1,1,3,-1,-1,-1,0,0,1,0,0,10,0,0,0,17.24
1,0,0,0,-1,0,1,4,0,0,0,0,0,0,0,0,0,2,-1,1,2,3,0,-1,100,0,9223372036800000000,1e+75,0,10,0,0,7,0,0,1,0,0,1,1,0,0,0,0,0,0,2,0,1,-1,-1,-1,-1,0,10,-1,1,1,3,-1,-1,-1,0,0,1,0,0,10,0,0,0,20.08
1,0,0,0,-1,0,1,1,0,0,0,0,0,0,2,-1,0,-1,0,0,2,3,0,-1,50,0,9223372036800000000,1e+75,0,10,0,0,7,0,0,1,0,0,1,1,0,0,0,0,0,0,2,0,1,-1,-1,-1,-1,0,10,-1,1,1,3,-1,-1,-1,0,0,1,0,0,10,0,0,0,22.71
1,0,0,0,-1,0,1,4,0,0,0,0,0,0,2,1,0,1,1,0,2,3,0,-1,200,0,9223372036800000000,1e+75,0,10,0,0,7,0,0,1,0,0,1,1,0,0,0,0,0,0,2,0,1,-1,-1,-1,-1,0,10,-1,1,1,3,-1,-1,-1,0,0,1,0,0,10,0,0,0,17.04
1,0,0,0,-1,0,1,3,0,0,0,0,0,0,1,0,2,-1,1,2,-1,3,0,-1,150,0,9223372036800000000,120,0,10,0,0,7,0,0,1,0,0,1,1,0,2,0,0,0,-1,2,0,1,-1,-1,-1,-1,0,10,-1,1,1,3,-1,-1,-1,0,0,1,0,0,10,0,0,0,25.36
1,0,0,0,-1,0,1,5,0,0,0,0,3,2,-1,0,2,-1,-1,2,0,3,0,-1,100,0,9223372036800000000,40,0,10,0,0,7,0,0,1,0,0,2,1,-1,2,0,0,3,3,2,0,1,-1,-1,-1,-1,0,10,-1,1,1,3,-1,-1,-1,0,0,1,3,0,10,0,0,0,25.79
1,0,0,0,-1,0,1,3,0,0,0,0,0,0,3,2,2,0,0,2,-1,3,0,-1,10,0,9223372036800000000,50,0,10,0,0,7,0,0,1,0,0,1,1,3,-1,0,0,0,2,2,0,1,-1,-1,-1,-1,0,10,-1,1,1,3,-1,-1,-1,0,0,1,0,0,10,0,0,0,19.26
1,0,0,0,-1,0,1,0,0,0,0,0,2,0,2,-1,1,0,-1,0,2,3,0,1,100,0,9223372036800000000,1,0,10,0,0,7,0,0,1,0,0,2,1,0,2,0,0,0,2,2,0,1,-1,-1,-1,-1,0,10,-1,1,1,3,-1,-1,-1,0,0,1,0,0,10,0,0,0,46.05
1,0,0,0,-1,3,1,0,0,0,0,0,0,0,2,0,-1,0,0,0,0,3,0,-1,100,0,9223372036800000000,2,0,10,0,0,7,0,0,1,0,0,1,1,0,0,0,0,0,0,2,0,1,-1,-1,-1,-1,0,10,-1,1,1,3,-1,-1,-1,0,0,1,2,0,10,0,0,0,12.61
1,0,0,0,-1,0,1,3,0,0,0,0,1,0,0,0,2,2,1,2,2,3,0,-1,400,0,9223372036800000000,1e+75,0,10,0,0,7,0,0,1,0,0,1,1,0,0,0,0,0,0,2,0,1,-1,-1,-1,-1,0,10,-1,1,1,3,-1,-1,-1,0,0,1,0,0,10,0,0,0,17.1
1,0,0,0,-1,0,1,5,0,0,0,0,-1,3,-1,1,0,0,-1,-1,2,3,0,8,50,0,9223372036800000000,0,0,10,0,0,7,0,0,1,0,0,0,1,1,2,0,0,0,0,2,0,1,-1,-1,-1,-1,0,10,-1,1,1,3,-1,-1,-1,0,0,1,0,0,10,0,0,0,23.32
1,0,0,0,-1,0,1,3,0,0,0,0,3,2,3,2,0,-1,-1,0,-1,3,0,-1,50,0,9223372036800000000,50,0,10,0,0,7,0,0,1,0,0,1,1,0,-1,0,0,0,3,2,0,1,-1,-1,-1,-1,0,10,-1,1,1,3,-1,-1,-1,0,0,1,0,0,10,0,0,0,22.5
1,0,0,0,-1,0,1,0,0,0,0,0,0,0,2,1,0,-1,2,0,1,3,0,-1,50,0,9223372036800000000,1e+75,0,10,0,0,7,0,0,1,0,0,1,1,0,0,0,0,0,0,2,0,1,-1,-1,-1,-1,0,10,-1,1,1,3,-1,-1,-1,0,0,1,0,0,10,0,0,0,15.21
1,0,0,0,-1,0,1,0,0,0,0,0,0,0,2,0,1,2,0,-1,-1,3,0,-1,400,0,9223372036800000000,1e+75,0,10,0,0,7,0,0,1,0,0,1,1,0,0,0,0,0,0,2,0,1,-1,-1,-1,-1,0,10,-1,1,1,3,-1,-1,-1,0,0,1,0,0,10,0,0,0,15.12
1,0,0,0,-1,0,1,2,0,0,0,0,-1,1,-1,-1,-1,1,2,0,0,3,0,1,10,0,9223372036800000000,60,0,10,0,0,7,0,0,1,0,0,1,1,-1,3,0,0,1,1,2,0,1,-1,-1,-1,-1,0,10,-1,1,1,3,-1,-1,-1,0,0,1,3,0,10,0,0,0,44.55
1,0,0,0,-1,0,1,3,0,0,0,0,0,0,1,0,2,1,0,-1,-1,3,0,-1,150,0,9223372036800000000,1e+75,0,10,0,0,7,0,0,1,0,0,1,1,0,0,0,0,0,0,2,0,1,-1,-1,-1,-1,0,10,-1,1,1,3,-1,-1,-1,0,0,1,0,0,10,0,0,0,14.53
1,0,0,0,-1,0,1,2,0,0,0,0,1,0,0,1,-1,2,0,2,0,3,0,-1,200,0,9223372036800000000,1e+75,0,10,0,0,7,0,0,1,0,0,1,1,0,0,0,0,0,0,2,0,1,-1,-1,-1,-1,0,10,-1,1,1,3,-1,-1,-1,0,0,1,0,0,10,0,0,0,14.37
1,0,0,0,-1,0,1,3,0,0,0,0,0,0,1,0,0,0,2,1,2,3,0,-1,800,0,9223372036800000000,1e+75,0,10,0,0,7,0,0,1,0,0,1,1,0,0,0,0,0,0,2,0,1,-1,-1,-1,-1,0,10,-1,1,1,3,-1,-1,-1,0,0,1,0,0,10,0,0,0,15.81
1,0,0,0,-1,0,1,0,0,0,0,0,0,0,0,2,2,0,2,1,-1,3,0,-1,100,0,9223372036800000000,1e+75,0,10,0,0,7,0,0,1,0,0,1,1,0,0,0,0,0,0,2,0,1,-1,-1,-1,-1,0,10,-1,1,1,3,-1,-1,-1,0,0,1,0,0,10,0,0,0,13.91
1,0,0,0,-1,0,1,0,0,0,0,0,0,0,2,0,-1,0,0,0,0,3,0,-1,100,0,9223372036800000000,2,0,10,0,0,7,0,0,1,0,0,1,1,0,0,0,0,0,0,2,0,1,-1,-1,-1,-1,0,10,-1,1,1,3,-1,-1,-1,0,0,1,0,0,10,0,0,0,13
1,0,0,0,-1,0,1,0,0,0,0,0,0,0,2,0,0,-1,2,0,1,3,0,-1,50,0,9223372036800000000,1e+75,0,10,0,0,7,0,0,1,0,0,1,1,0,0,0,0,0,0,2,0,1,-1,-1,-1,-1,0,10,-1,1,1,3,-1,-1,-1,0,0,1,0,0,10,0,0,0,14.07
1,0,0,0,-1,0,1,5,0,0,0,0,1,2,2,-1,1,0,1,1,-1,3,0,-1,200,0,9223372036800000000,2,0,10,0,0,7,0,0,1,0,0,3,1,1,2,0,0,3,2,2,0,1,-1,-1,-1,-1,0,10,-1,1,1,3,-1,-1,-1,0,0,1,3,0,10,0,0,0,24.05
1,0,0,0,-1,0,1,4,0,0,0,0,2,0,2,-1,-1,2,1,0,0,3,0,-1,10,0,9223372036800000000,1e+75,0,10,0,0,7,0,0,1,0,0,1,1,0,0,0,0,0,0,2,0,1,-1,-1,-1,-1,0,10,-1,1,1,3,-1,-1,-1,0,0,1,0,0,10,0,0,0,18.9
1,0,0,0,-1,0,1,2,0,0,0,0,0,2,2,-1,2,1,2,1,2,3,0,-1,50,0,9223372036800000000,120,0,10,0,0,7,0,0,1,0,0,2,1,2,3,0,0,0,1,2,0,1,-1,-1,-1,-1,0,10,-1,1,1,3,-1,-1,-1,0,0,1,0,0,10,0,0,0,22.63
1,0,0,0,-1,0,1,4,0,0,0,0,1,2,2,-1,1,0,1,1,-1,3,0,-1,400,0,9223372036800000000,2,0,10,0,0,7,0,0,1,0,0,3,1,1,2,0,0,4,2,2,0,1,-1,-1,-1,-1,0,10,-1,1,1,3,-1,-1,-1,0,0,1,3,0,10,0,0,0,34.22
1,0,0,0,-1,0,1,5,0,0,0,0,1,-1,-1,0,2,0,2,1,1,3,0,4,50,0,9223372036800000000,20,0,10,0,0,7,0,0,1,0,0,2,1,3,-1,0,0,0,0,2,0,1,-1,-1,-1,-1,0,10,-1,1,1,3,-1,-1,-1,0,0,1,0,0,10,0,0,0,21.05
1,0,0,0,-1,0,1,0,0,0,0,0,0,0,2,0,-1,0,0,0,0,3,0,-1,100,0,9223372036800000000,2,0,10,0,0,7,0,0,1,0,0,1,1,0,0,0,0,0,0,2,0,1,-1,-1,-1,-1,0,10,-1,1,1,3,-1,-1,-1,0,0,1,2,0,10,4,0,0,12.99
1,0,0,0,-1,0,1,1,0,0,0,0,2,0,2,2,0,2,1,1,0,3,0,-1,800,0,9223372036800000000,1e+75,0,10,0,0,7,0,0,1,0,0,1,1,0,0,0,0,0,0,2,0,1,-1,-1,-1,-1,0,10,-1,1,1,3,-1,-1,-1,0,0,1,0,0,10,0,0,0,22.64
1,0,0,0,-1,0,1,0,0,0,0,0,0,0,2,0,0,-1,2,1,1,3,0,-1,50,0,9223372036800000000,1e+75,0,10,0,0,7,0,0,1,0,0,1,1,0,0,0,0,0,0,2,0,1,-1,-1,-1,-1,0,10,-1,1,1,3,-1,-1,-1,0,0,1,0,0,10,0,0,0,14.79
1,0,0,0,-1,0,1,0,0,0,0,0,1,1,3,0,-1,-1,2,1,1,3,0,-1,10,0,9223372036800000000,0,0,10,0,0,7,0,0,1,0,0,3,1,0,0,0,0,0,-1,2,0,1,-1,-1,-1,-1,0,10,-1,1,1,3,-1,-1,-1,0,0,1,0,0,10,0,0,0,24.22
1,0,0,0,-1,0,1,3,0,0,0,0,0,0,0,0,-1,0,-1,1,0,3,0,-1,200,0,9223372036800000000,1e+75,0,10,0,0,7,0,0,1,0,0,1,1,0,0,0,0,0,0,2,0,1,-1,-1,-1,-1,0,10,-1,1,1,3,-1,-1,-1,0,0,1,0,0,10,0,0,0,15.06
1,0,0,0,-1,0,1,0,0,0,0,0,0,0,2,-1,0,-1,2,0,1,3,0,-1,50,0,9223372036800000000,1e+75,0,10,0,0,7,0,0,1,0,0,1,1,0,0,0,0,0,0,2,0,1,-1,-1,-1,-1,0,10,-1,1,1,3,-1,-1,-1,0,0,1,0,0,10,0,0,0,16.41
1,0,0,0,-1,0,1,3,0,0,0,0,1,0,2,1,-1,2,0,2,-1,3,0,-1,200,0,9223372036800000000,1e+75,0,10,0,0,7,0,0,1,0,0,1,1,0,0,0,0,0,0,2,0,1,-1,-1,-1,-1,0,10,-1,1,1,3,-1,-1,-1,0,0,1,0,0,10,0,0,0,18.34
1,0,0,0,-1,0,1,0,0,0,0,0,1,-1,2,0,0,2,2,2,0,3,0,-1,200,0,9223372036800000000,10,0,10,0,0,7,0,0,1,0,0,0,1,0,2,0,0,3,1,2,0,1,-1,-1,-1,-1,0,10,-1,1,1,3,-1,-1,-1,0,0,1,2,0,10,0,0,0,24.62
1,0,0,0,-1,0,1,3,0,0,0,0,2,0,1,0,0,0,2,1,2,3,0,-1,25,0,9223372036800000000,1e+75,0,10,0,0,7,0,0,1,0,0,1,1,0,0,0,0,0,0,2,0,1,-1,-1,-1,-1,0,10,-1,1,1,3,-1,-1,-1,0,0,1,0,0,10,0,0,0,16.28
1,0,0,0,-1,0,1,0,0,0,0,0,0,0,2,0,1,2,0,-1,-1,3,0,-1,800,0,9223372036800000000,1e+75,0,10,0,0,7,0,0,1,0,0,1,1,0,0,0,0,0,0,2,0,1,-1,-1,-1,-1,0,10,-1,1,1,3,-1,-1,-1,0,0,1,0,0,10,0,0,0,15.09
1,0,0,0,-1,0,1,5,0,0,0,0,3,1,-1,0,-1,0,0,2,-1,3,0,-1,50,0,9223372036800000000,40,0,10,0,0,7,0,0,1,0,0,3,1,0,-1,0,0,0,-1,2,0,1,-1,-1,-1,-1,0,10,-1,1,1,3,-1,-1,-1,0,0,1,0,0,10,0,0,0,22.95
1,0,0,0,-1,0,1,3,0,0,0,0,-1,3,0,0,-1,1,0,0,0,3,0,2,25,0,9223372036800000000,30,0,10,0,0,7,0,0,1,0,0,2,1,2,2,0,0,4,4,2,0,1,-1,-1,-1,-1,0,10,-1,1,1,3,-1,-1,-1,0,0,1,4,0,10,0,0,0,26.38
1,0,0,0,-1,0,1,0,0,0,0,0,0,0,2,0,-1,0,0,-1,0,3,0,-1,100,0,9223372036800000000,2,0,10,0,0,7,0,0,1,0,0,1,1,0,0,0,0,0,0,2,0,1,-1,-1,-1,-1,0,10,-1,1,1,3,-1,-1,-1,0,0,1,0,0,10,0,0,0,14.79
1,0,0,0,-1,0,1,5,0,0,0,0,3,1,2,1,1,-1,2,0,1,3,0,4,10,0,9223372036800000000,50,0,10,0,0,7,0,0,1,0,0,3,1,1,1,0,0,0,-1,2,0,1,-1,-1,-1,-1,0,10,-1,1,1,3,-1,-1,-1,0,0,1,0,0,10,0,0,0,22.58
1,0,0,0,-1,0,1,0,0,0,0,0,0,0,2,0,-1,0,0,0,0,3,0,-1,100,0,9223372036800000000,2,0,10,0,0,7,0,0,1,0,0,1,1,0,0,0,0,0,0,2,0,1,-1,-1,-1,-1,0,10,-1,1,1,3,-1,-1,-1,0,0,1,2,0,10,3,0,0,13.02
1,0,0,0,-1,0,1,0,0,0,0,0,0,0,0,2,2,0,2,0,-1,3,0,-1,100,0,9223372036800000000,1e+75,0,10,0,0,7,0,0,1,0,0,1,1,0,0,0,0,0,0,2,0,1,-1,-1,-1,-1,0,10,-1,1,1,3,-1,-1,-1,0,0,1,0,0,10,0,0,0,15.82
1,0,0,0,-1,0,1,5,0,0,0,0,2,2,0,-1,-1,0,0,1,1,3,0,-1,150,0,9223372036800000000,10,0,10,0,0,7,0,0,1,0,0,0,1,0,1,0,0,0,3,2,0,1,-1,-1,-1,-1,0,10,-1,1,1,3,-1,-1,-1,0,0,1,0,0,10,0,0,0,21.69
1,0,0,0,-1,0,1,4,0,0,0,0,3,0,-1,0,-1,0,-1,-1,2,3,0,-1,800,0,9223372036800000000,1e+75,0,10,0,0,7,0,0,1,0,0,1,1,0,0,0,0,0,0,2,0,1,-1,-1,-1,-1,0,10,-1,1,1,3,-1,-1,-1,0,0,1,0,0,10,0,0,0,16.72
1,0,0,0,-1,0,1,5,0,0,0,0,-1,3,-1,1,0,0,2,1,2,3,0,8,50,0,9223372036800000000,5,0,10,0,0,7,0,0,1,0,0,0,1,1,2,0,0,0,0,2,0,1,-1,-1,-1,-1,0,10,-1,1,1,3,-1,-1,-1,0,0,1,0,0,10,0,0,0,22.14
1,0,0,0,-1,0,1,1,0,0,0,0,-1,0,0,2,2,1,-1,0,1,3,0,-1,10,0,9223372036800000000,1e+75,0,10,0,0,7,0,0,1,0,0,1,1,0,0,0,0,0,0,2,0,1,-1,-1,-1,-1,0,10,-1,1,1,3,-1,-1,-1,0,0,1,0,0,10,0,0,0,22.38
1,0,0,0,-1,0,1,4,0,0,0,0,1,0,0,1,-1,2,0,2,-1,3,0,-1,200,0,9223372036800000000,1e+75,0,10,0,0,7,0,0,1,0,0,1,1,0,0,0,0,0,0,2,0,1,-1,-1,-1,-1,0,10,-1,1,1,3,-1,-1,-1,0,0,1,0,0,10,0,0,0,15.62
1,0,0,0,-1,0,1,3,0,0,0,0,2,0,1,-1,0,0,2,1,2,3,0,-1,400,0,9223372036800000000,1e+75,0,10,0,0,7,0,0,1,0,0,1,1,0,0,0,0,0,0,2,0,1,-1,-1,-1,-1,0,10,-1,1,1,3,-1,-1,-1,0,0,1,0,0,10,0,0,0,16.9
1,0,0,0,-1,0,1,3,0,0,0,0,1,0,1,-1,0,0,-1,1,2,3,0,-1,400,0,9223372036800000000,1e+75,0,10,0,0,7,0,0,1,0,0,1,1,0,0,0,0,0,0,2,0,1,-1,-1,-1,-1,0,10,-1,1,1,3,-1,-1,-1,0,0,1,0,0,10,0,0,0,19.03
1,0,0,0,-1,0,1,3,0,0,0,0,0,0,0,1,2,2,0,1,2,3,0,-1,800,0,9223372036800000000,1e+75,0,10,0,0,7,0,0,1,0,0,1,1,0,0,0,0,0,0,2,0,1,-1,-1,-1,-1,0,10,-1,1,1,3,-1,-1,-1,0,0,1,0,0,10,0,0,0,13.77
1,0,0,0,-1,0,1,0,0,0,0,0,0,0,2,0,-1,-1,0,0,0,3,0,-1,100,0,9223372036800000000,2,0,10,0,0,7,0,0,1,0,0,1,1,0,0,0,0,0,0,2,0,1,-1,-1,-1,-1,0,10,-1,1,1,3,-1,-1,-1,0,0,1,0,0,10,0,0,0,14.2
1,0,0,0,-1,0,1,4,0,0,0,0,0,0,2,2,-1,0,1,0,0,3,0,-1,10,0,9223372036800000000,1e+75,0,10,0,0,7,0,0,1,0,0,1,1,0,0,0,0,0,0,2,0,1,-1,-1,-1,-1,0,10,-1,1,1,3,-1,-1,-1,0,0,1,0,0,10,0,0,0,16.03
1,0,0,0,-1,0,1,2,0,0,0,0,3,0,1,2,0,1,-1,0,2,3,0,-1,200,0,9223372036800000000,1e+75,0,10,0,0,7,0,0,1,0,0,1,1,0,0,0,0,0,0,2,0,1,-1,-1,-1,-1,0,10,-1,1,1,3,-1,-1,-1,0,0,1,0,0,10,0,0,0,14.98
1,0,0,0,-1,0,1,0,0,0,0,0,1,-1,3,0,2,1,0,1,2,3,0,-1,50,0,9223372036800000000,5,0,10,0,0,7,0,0,1,0,0,2,1,0,2,0,0,0,4,2,0,1,-1,-1,-1,-1,0,10,-1,1,1,3,-1,-1,-1,0,0,1,0,0,10,0,0,0,20.81
1,0,0,0,-1,0,1,4,0,0,0,0,-1,3,1,1,1,2,-1,0,-1,3,0,16,400,0,9223372036800000000,50,0,10,0,0,7,0,0,1,0,0,2,1,2,1,0,0,4,0,2,0,1,-1,-1,-1,-1,0,10,-1,1,1,3,-1,-1,-1,0,0,1,2,0,10,0,0,0,25.32
1,0,0,0,-1,0,1,0,0,0,0,0,2,0,2,-1,1,0,-1,0,2,3,0,1,10,0,9223372036800000000,1,0,10,0,0,7,0,0,1,0,0,2,1,3,2,0,0,0,2,2,0,1,-1,-1,-1,-1,0,10,-1,1,1,3,-1,-1,-1,0,0,1,0,0,10,0,0,0,45.41
1,0,0,0,-1,0,1,2,0,0,0,0,1,0,0,1,-1,2,0,2,-1,3,0,-1,100,0,9223372036800000000,1e+75,0,10,0,0,7,0,0,1,0,0,1,1,0,0,0,0,0,0,2,0,1,-1,-1,-1,-1,0,10,-1,1,1,3,-1,-1,-1,0,0,1,0,0,10,0,0,0,13.84
1,0,0,0,-1,0,1,4,0,0,0,0,3,0,-1,0,-1,0,-1,2,-1,3,0,-1,200,0,9223372036800000000,1e+75,0,10,0,0,7,0,0,1,0,0,1,1,0,0,0,0,0,0,2,0,1,-1,-1,-1,-1,0,10,-1,1,1,3,-1,-1,-1,0,0,1,0,0,10,0,0,0,20.23
1,0,0,0,-1,0,1,0,0,0,0,0,0,0,2,0,1,0,0,0,0,3,0,-1,100,0,9223372036800000000,1e+75,0,10,0,0,7,0,0,1,0,0,1,1,0,0,0,0,0,0,2,0,1,-1,-1,-1,-1,0,10,-1,1,1,3,-1,-1,-1,0,0,1,0,0,10,0,0,0,13.3
1,0,0,0,-1,0,1,1,0,0,0,0,0,-1,-1,-1,-1,2,1,-1,1,3,0,2,400,0,9223372036800000000,1,0,10,0,0,7,0,0,1,0,0,3,1,2,0,0,0,0,0,2,0,1,-1,-1,-1,-1,0,10,-1,1,1,3,-1,-1,-1,0,0,1,0,0,10,0,0,0,32.4
1,0,0,0,-1,0,1,4,0,0,0,0,2,0,2,2,-1,2,1,0,-1,3,0,-1,10,0,9223372036800000000,1e+75,0,10,0,0,7,0,0,1,0,0,1,1,0,0,0,0,0,0,2,0,1,-1,-1,-1,-1,0,10,-1,1,1,3,-1,-1,-1,0,0,1,0,0,10,0,0,0,16.05
1,0,0,0,-1,0,1,0,0,0,0,0,0,0,1,-1,1,1,0,-1,-1,3,0,-1,25,0,9223372036800000000,1e+75,0,10,0,0,7,0,0,1,0,0,1,1,0,0,0,0,0,0,2,0,1,-1,-1,-1,-1,0,10,-1,1,1,3,-1,-1,-1,0,0,1,0,0,10,0,0,0,27.81
1,0,0,0,-1,0,1,3,0,0,0,0,2,0,1,0,0,0,2,1,2,3,0,-1,800,0,9223372036800000000,1e+75,0,10,0,0,7,0,0,1,0,0,1,1,0,0,0,0,0,0,2,0,1,-1,-1,-1,-1,0,10,-1,1,1,3,-1,-1,-1,0,0,1,0,0,10,0,0,0,15.76
1,0,0,0,-1,0,1,5,0,0,0,0,1,-1,3,-1,1,2,1,1,1,3,0,1,800,0,9223372036800000000,1e+75,0,10,0,0,7,0,0,1,0,0,2,1,1,1,0,0,0,4,2,0,1,-1,-1,-1,-1,0,10,-1,1,1,3,-1,-1,-1,0,0,1,0,0,10,0,0,0,46.62
1,0,0,0,-1,0,1,4,0,0,0,0,3,0,-1,0,-1,0,-1,2,2,3,0,-1,200,0,9223372036800000000,1e+75,0,10,0,0,7,0,0,1,0,0,1,1,0,0,0,0,0,0,2,0,1,-1,-1,-1,-1,0,10,-1,1,1,3,-1,-1,-1,0,0,1,0,0,10,0,0,0,19.71
1,0,0,0,-1,0,1,0,0,0,0,0,0,0,2,0,-1,0,0,0,0,3,0,-1,100,0,9223372036800000000,10,0,10,0,0,7,0,0,1,0,0,1,1,0,0,0,0,0,0,2,0,1,-1,-1,-1,-1,0,10,-1,1,1,3,-1,-1,-1,0,0,1,0,0,10,0,0,0,13.19
1,0,0,0,-1,0,1,2,0,0,0,0,2,0,3,2,0,1,1,2,0,3,0,-1,25,0,9223372036800000000,1e+75,0,10,0,0,7,0,0,1,0,0,1,1,0,0,0,0,0,0,2,0,1,-1,-1,-1,-1,0,10,-1,1,1,3,-1,-1,-1,0,0,1,0,0,10,0,0,0,20.72
1,0,0,0,-1,0,1,1,0,0,0,0,3,0,-1,0,-1,0,-1,2,2,3,0,-1,200,0,9223372036800000000,1e+75,0,10,0,0,7,0,0,1,0,0,1,1,0,0,0,0,0,0,2,0,1,-1,-1,-1,-1,0,10,-1,1,1,3,-1,-1,-1,0,0,1,0,0,10,0,0,0,23.76
1,0,0,0,-1,0,1,3,0,0,0,0,-1,3,-1,1,2,0,2,1,1,3,0,8,25,0,9223372036800000000,10,0,10,0,0,7,0,0,1,0,0,0,1,2,3,0,0,0,0,2,0,1,-1,-1,-1,-1,0,10,-1,1,1,3,-1,-1,-1,0,0,1,3,0,10,0,0,0,18.78
1,0,0,0,-1,0,1,4,0,0,0,0,0,0,-1,0,1,0,2,-1,2,3,0,-1,50,0,9223372036800000000,1e+75,0,10,0,0,7,0,0,1,0,0,1,1,0,0,0,0,0,0,2,0,1,-1,-1,-1,-1,0,10,-1,1,1,3,-1,-1,-1,0,0,1,0,0,10,0,0,0,16.14
1,0,0,0,-1,0,1,4,0,0,0,0,3,0,-1,0,-1,0,-1,2,2,3,0,-1,150,0,9223372036800000000,1e+75,0,10,0,0,7,0,0,1,0,0,1,1,0,0,0,0,0,0,2,0,1,-1,-1,-1,-1,0,10,-1,1,1,3,-1,-1,-1,0,0,1,0,0,10,0,0,0,19.71
1,0,0,0,-1,0,1,4,0,0,0,0,0,0,1,1,1,1,-1,1,1,3,0,16,400,0,9223372036800000000,40,0,10,0,0,7,0,0,1,0,0,2,1,1,3,0,0,0,4,2,0,1,-1,-1,-1,-1,0,10,-1,1,1,3,-1,-1,-1,0,0,1,0,0,10,0,0,0,21.51
1,0,0,0,-1,0,1,4,0,0,0,0,-1,-1,1,2,0,1,0,1,1,3,0,2,150,0,9223372036800000000,1,0,10,0,0,7,0,0,1,0,0,1,1,1,2,0,0,1,0,2,0,1,-1,-1,-1,-1,0,10,-1,1,1,3,-1,-1,-1,0,0,1,3,0,10,0,0,0,20.73
1,0,0,0,-1,0,1,5,0,0,0,0,1,2,2,-1,1,0,1,1,-1,3,0,-1,400,0,9223372036800000000,10,0,10,0,0,7,0,0,1,0,0,3,1,-1,2,0,0,4,2,2,0,1,-1,-1,-1,-1,0,10,-1,1,1,3,-1,-1,-1,0,0,1,3,0,10,0,0,0,27.88
1,0,0,0,-1,0,1,4,0,0,0,0,3,0,-1,0,-1,2,-1,2,2,3,0,-1,200,0,9223372036800000000,1e+75,0,10,0,0,7,0,0,1,0,0,1,1,0,0,0,0,0,0,2,0,1,-1,-1,-1,-1,0,10,-1,1,1,3,-1,-1,-1,0,0,1,0,0,10,0,0,0,21.2
1,0,0,0,-1,0,1,4,0,0,0,0,0,0,-1,0,1,0,2,-1,2,3,0,-1,10,0,9223372036800000000,1e+75,0,10,0,0,7,0,0,1,0,0,1,1,0,0,0,0,0,0,2,0,1,-1,-1,-1,-1,0,10,-1,1,1,3,-1,-1,-1,0,0,1,0,0,10,0,0,0,16.99
1,0,0,0,-1,0,1,2,0,0,0,0,1,1,-1,1,0,1,-1,0,1,3,0,2,200,0,9223372036800000000,1e+75,0,10,0,0,7,0,0,1,0,0,0,1,2,3,0,0,1,4,2,0,1,-1,-1,-1,-1,0,10,-1,1,1,3,-1,-1,-1,0,0,1,4,0,10,0,0,0,24.7
1,0,0,0,-1,0,1,3,0,0,0,0,3,0,0,0,2,2,1,2,2,3,0,-1,25,0,9223372036800000000,1e+75,0,10,0,0,7,0,0,1,0,0,1,1,0,0,0,0,0,0,2,0,1,-1,-1,-1,-1,0,10,-1,1,1,3,-1,-1,-1,0,0,1,0,0,10,0,0,0,17.37
1,0,0,0,-1,0,1,3,0,0,0,0,2,-1,-1,-1,1,0,0,0,-1,3,0,8,150,0,9223372036800000000,10,0,10,0,0,7,0,0,1,0,0,1,1,2,2,0,0,1,1,2,0,1,-1,-1,-1,-1,0,10,-1,1,1,3,-1,-1,-1,0,0,1,5,0,10,0,0,0,23.99
1,0,0,0,-1,0,1,3,0,0,0,0,3,0,0,-1,-1,-1,2,0,2,3,0,-1,100,0,9223372036800000000,1e+75,0,10,0,0,7,0,0,1,0,0,1,1,0,0,0,0,0,0,2,0,1,-1,-1,-1,-1,0,10,-1,1,1,3,-1,-1,-1,0,0,1,0,0,10,0,0,0,19.29
1,0,0,0,-1,0,1,0,0,0,0,0,0,0,2,0,-1,0,0,0,0,3,0,-1,10,0,9223372036800000000,2,0,10,0,0,7,0,0,1,0,0,1,1,0,0,0,0,0,0,2,0,1,-1,-1,-1,-1,0,10,-1,1,1,3,-1,-1,-1,0,0,1,0,0,10,0,0,0,14.5
1,0,0,0,-1,1,1,0,0,0,0,0,0,0,2,0,-1,0,0,0,0,3,0,-1,100,0,9223372036800000000,2,0,10,0,0,7,0,0,1,0,0,1,1,0,0,0,0,0,0,2,0,1,-1,-1,-1,-1,0,10,-1,1,1,3,-1,-1,-1,0,0,1,2,0,10,0,0,0,12.46
1,0,0,0,-1,0,1,3,0,0,0,0,3,2,3,2,0,-1,-1,-1,-1,3,0,-1,50,0,9223372036800000000,50,0,10,0,0,7,0,0,1,0,0,2,1,0,-1,0,0,0,3,2,0,1,-1,-1,-1,-1,0,10,-1,1,1,3,-1,-1,-1,0,0,1,0,0,10,0,0,0,23.19
1,0,0,0,-1,0,1,2,0,0,0,0,1,0,1,0,0,1,-1,0,2,3,0,-1,200,0,9223372036800000000,1e+75,0,10,0,0,7,0,0,1,0,0,1,1,0,0,0,0,0,0,2,0,1,-1,-1,-1,-1,0,10,-1,1,1,3,-1,-1,-1,0,0,1,0,0,10,0,0,0,16.07
1,0,0,0,-1,0,1,4,0,0,0,0,3,0,2,0,-1,2,0,-1,-1,3,0,-1,400,0,9223372036800000000,1e+75,0,10,0,0,7,0,0,1,0,0,1,1,0,0,0,0,0,0,2,0,1,-1,-1,-1,-1,0,10,-1,1,1,3,-1,-1,-1,0,0,1,0,0,10,0,0,0,15.05
1,0,0,0,-1,0,1,0,0,0,0,0,0,0,2,-1,1,1,2,-1,-1,3,0,-1,25,0,9223372036800000000,1e+75,0,10,0,0,7,0,0,1,0,0,1,1,0,0,0,0,0,0,2,0,1,-1,-1,-1,-1,0,10,-1,1,1,3,-1,-1,-1,0,0,1,0,0,10,0,0,0,28.18
1,0,0,0,-1,0,1,2,0,0,0,0,3,0,-1,-1,-1,-1,2,0,2,3,0,-1,100,0,9223372036800000000,1e+75,0,10,0,0,7,0,0,1,0,0,1,1,0,0,0,0,0,0,2,0,1,-1,-1,-1,-1,0,10,-1,1,1,3,-1,-1,-1,0,0,1,0,0,10,0,0,0,16.35
1,0,0,0,-1,0,1,0,0,0,0,0,1,0,-1,-1,0,1,2,0,1,3,0,-1,50,0,9223372036800000000,40,0,10,0,0,7,0,0,1,0,0,0,1,0,2,0,0,0,4,2,0,1,-1,-1,-1,-1,0,10,-1,1,1,3,-1,-1,-1,0,0,1,0,0,10,0,0,0,22.05
1,0,0,0,-1,0,1,5,0,0,0,0,3,0,-1,0,-1,0,-1,2,2,3,0,-1,200,0,9223372036800000000,1e+75,0,10,0,0,7,0,0,1,0,0,1,1,0,0,0,0,0,0,2,0,1,-1,-1,-1,-1,0,10,-1,1,1,3,-1,-1,-1,0,0,1,0,0,10,0,0,0,21.68
1,0,0,0,-1,0,1,1,0,0,0,0,3,0,0,-1,-1,-1,2,0,2,3,0,-1,100,0,9223372036800000000,1e+75,0,10,0,0,7,0,0,1,0,0,1,1,0,0,0,0,0,0,2,0,1,-1,-1,-1,-1,0,10,-1,1,1,3,-1,-1,-1,0,0,1,0,0,10,0,0,0,22.27
1,0,0,0,-1,0,1,4,0,0,0,0,3,0,-1,0,-1,0,-1,-1,2,3,0,-1,200,0,9223372036800000000,1e+75,0,10,0,0,7,0,0,1,0,0,1,1,0,0,0,0,0,0,2,0,1,-1,-1,-1,-1,0,10,-1,1,1,3,-1,-1,-1,0,0,1,0,0,10,0,0,0,16.73
1,0,0,0,-1,0,1,5,0,0,0,0,1,-1,2,-1,1,0,1,1,-1,3,0,-1,400,0,9223372036800000000,2,0,10,0,0,7,0,0,1,0,0,3,1,1,2,0,0,4,2,2,0,1,-1,-1,-1,-1,0,10,-1,1,1,3,-1,-1,-1,0,0,1,3,0,10,0,0,0,27.89
1,0,0,0,-1,0,1,3,0,0,0,0,3,0,1,1,2,-1,0,1,-1,3,0,-1,800,0,9223372036800000000,1e+75,0,10,0,0,7,0,0,1,0,0,1,1,0,0,0,0,0,0,2,0,1,-1,-1,-1,-1,0,10,-1,1,1,3,-1,-1,-1,0,0,1,0,0,10,0,0,0,15.71
1,0,0,0,-1,0,1,5,0,0,0,0,1,-1,3,-1,1,2,2,1,1,3,0,1,800,0,9223372036800000000,1e+75,0,10,0,0,7,0,0,1,0,0,2,1,1,1,0,0,0,1,2,0,1,-1,-1,-1,-1,0,10,-1,1,1,3,-1,-1,-1,0,0,1,0,0,10,0,0,0,47.07
1,0,0,0,-1,0,1,1,0,0,0,0,0,0,2,-1,2,-1,0,0,2,3,0,-1,50,0,9223372036800000000,1e+75,0,10,0,0,7,0,0,1,0,0,1,1,0,0,0,0,0,0,2,0,1,-1,-1,-1,-1,0,10,-1,1,1,3,-1,-1,-1,0,0,1,0,0,10,0,0,0,22.81
1,0,0,0,-1,0,1,3,0,0,0,0,1,0,0,0,-1,2,-1,1,0,3,0,-1,800,0,9223372036800000000,1e+75,0,10,0,0,7,0,0,1,0,0,1,1,0,0,0,0,0,0,2,0,1,-1,-1,-1,-1,0,10,-1,1,1,3,-1,-1,-1,0,0,1,0,0,10,0,0,0,17.11
1,0,0,0,-1,0,1,2,0,0,0,0,-1,0,0,1,2,1,2,1,-1,3,0,-1,10,0,9223372036800000000,30,0,10,0,0,7,0,0,1,0,0,1,1,0,1,0,0,0,4,2,0,1,-1,-1,-1,-1,0,10,-1,1,1,3,-1,-1,-1,0,0,1,0,0,10,0,0,0,16.33
1,0,0,0,-1,0,1,2,0,0,0,0,0,2,2,-1,2,1,0,1,2,3,0,-1,50,0,9223372036800000000,120,0,10,0,0,7,0,0,1,0,0,2,1,2,3,0,0,0,1,2,0,1,-1,-1,-1,-1,0,10,-1,1,1,3,-1,-1,-1,0,0,1,0,0,10,0,0,0,22.63
1,0,0,0,-1,0,1,0,0,0,0,0,0,0,2,0,-1,0,0,0,0,3,0,-1,100,0,9223372036800000000,2,0,10,0,0,7,0,0,1,0,0,1,1,0,0,0,0,0,0,2,0,1,-1,-1,-1,-1,0,20,-1,1,1,3,-1,-1,-1,0,0,1,2,0,10,0,0,0,12.61
1,0,0,0,-1,0,1,3,0,0,0,0,-1,3,0,0,-1,1,0,0,0,3,0,8,25,0,9223372036800000000,10,0,10,0,0,7,0,0,1,0,0,2,1,2,2,0,0,4,3,2,0,1,-1,-1,-1,-1,0,10,-1,1,1,3,-1,-1,-1,0,0,1,4,0,10,0,0,0,31.97
1,0,0,0,-1,0,1,3,0,0,0,0,3,0,-1,1,0,-1,0,1,1,3,0,-1,800,0,9223372036800000000,1e+75,0,10,0,0,7,0,0,1,0,0,1,1,0,0,0,0,0,0,2,0,1,-1,-1,-1,-1,0,10,-1,1,1,3,-1,-1,-1,0,0,1,0,0,10,0,0,0,15.71
1,0,0,0,-1,0,1,0,0,0,0,0,1,-1,3,0,1,1,2,-1,0,3,0,-1,10,0,9223372036800000000,5,0,10,0,0,7,0,0,1,0,0,1,1,0,3,0,0,0,2,2,0,1,-1,-1,-1,-1,0,10,-1,1,1,3,-1,-1,-1,0,0,1,0,0,10,0,0,0,16.38
1,0,0,0,-1,0,1,2,0,0,0,0,3,0,0,1,-1,-1,2,0,2,3,0,-1,100,0,9223372036800000000,1e+75,0,10,0,0,7,0,0,1,0,0,1,1,0,0,0,0,0,0,2,0,1,-1,-1,-1,-1,0,10,-1,1,1,3,-1,-1,-1,0,0,1,0,0,10,0,0,0,16.61
1,0,0,0,-1,0,1,0,0,0,0,0,2,2,-1,-1,0,-1,2,0,-1,3,0,4,100,0,9223372036800000000,40,0,10,0,0,7,0,0,1,0,0,1,1,1,3,0,0,0,2,2,0,1,-1,-1,-1,-1,0,10,-1,1,1,3,-1,-1,-1,0,0,1,0,0,10,0,0,0,16.04
1,0,0,0,-1,0,1,3,0,0,0,0,-1,0,0,2,0,1,-1,0,1,3,0,-1,200,0,9223372036800000000,1e+75,0,10,0,0,7,0,0,1,0,0,1,1,0,0,0,0,0,0,2,0,1,-1,-1,-1,-1,0,10,-1,1,1,3,-1,-1,-1,0,0,1,0,0,10,0,0,0,15.27
1,0,0,0,-1,0,1,0,0,0,0,0,0,0,2,0,0,0,0,0,0,3,0,-1,100,0,9223372036800000000,1e+75,0,10,0,0,7,0,0,1,0,0,1,1,0,0,0,0,0,0,2,0,1,-1,-1,-1,-1,0,10,-1,1,1,3,-1,-1,-1,0,0,1,0,0,10,0,0,0,13.26
1,0,0,0,-1,0,1,2,0,0,0,0,1,1,-1,-1,0,1,-1,0,1,3,0,2,200,0,9223372036800000000,1e+75,0,10,0,0,7,0,0,1,0,0,0,1,2,3,0,0,1,4,2,0,1,-1,-1,-1,-1,0,10,-1,1,1,3,-1,-1,-1,0,0,1,0,0,10,0,0,0,26.91
1,0,0,0,-1,0,1,0,0,0,0,0,1,3,2,2,1,0,0,2,-1,3,0,8,200,0,9223372036800000000,5,0,10,0,0,7,0,0,1,0,0,2,1,0,0,0,0,0,0,2,0,1,-1,-1,-1,-1,0,10,-1,1,1,3,-1,-1,-1,0,0,1,0,0,10,0,0,0,18.69
1,0,0,0,-1,0,1,4,0,0,0,0,3,0,-1,0,1,0,0,-1,2,3,0,-1,800,0,9223372036800000000,1e+75,0,10,0,0,7,0,0,1,0,0,1,1,0,0,0,0,0,0,2,0,1,-1,-1,-1,-1,0,10,-1,1,1,3,-1,-1,-1,0,0,1,0,0,10,0,0,0,15.36
1,0,0,0,-1,0,1,4,0,0,0,0,1,0,2,1,-1,2,0,-1,-1,3,0,-1,800,0,9223372036800000000,1e+75,0,10,0,0,7,0,0,1,0,0,1,1,0,0,0,0,0,0,2,0,1,-1,-1,-1,-1,0,10,-1,1,1,3,-1,-1,-1,0,0,1,0,0,10,0,0,0,16.58
1,0,0,0,-1,0,1,0,0,0,0,0,0,0,2,1,0,-1,1,0,2,3,0,-1,200,0,9223372036800000000,1e+75,0,10,0,0,7,0,0,1,0,0,1,1,0,0,0,0,0,0,2,0,1,-1,-1,-1,-1,0,10,-1,1,1,3,-1,-1,-1,0,0,1,0,0,10,0,0,0,16.49
1,0,0,0,-1,0,1,3,0,0,0,0,3,3,2,0,1,1,2,1,1,3,0,-1,50,0,9223372036800000000,20,0,10,0,0,7,0,0,1,0,0,1,1,0,3,0,0,0,1,2,0,1,-1,-1,-1,-1,0,10,-1,1,1,3,-1,-1,-1,0,0,1,0,0,10,0,0,0,20.99
1,0,0,0,-1,0,1,3,0,0,0,0,2,0,1,0,0,0,2,1,2,3,0,-1,400,0,9223372036800000000,1e+75,0,10,0,0,7,0,0,1,0,0,1,1,0,0,0,0,0,0,2,0,1,-1,-1,-1,-1,0,10,-1,1,1,3,-1,-1,-1,0,0,1,0,0,10,0,0,0,15.81
1,0,0,0,-1,0,1,0,0,0,0,0,3,0,2,-1,1,1,0,-1,-1,3,0,-1,25,0,9223372036800000000,1e+75,0,10,0,0,7,0,0,1,0,0,1,1,0,0,0,0,0,0,2,0,1,-1,-1,-1,-1,0,10,-1,1,1,3,-1,-1,-1,0,0,1,0,0,10,0,0,0,27.82
1,0,0,0,-1,0,1,0,0,0,0,0,-1,0,1,1,2,2,0,1,2,3,0,-1,800,0,9223372036800000000,1e+75,0,10,0,0,7,0,0,1,0,0,1,1,0,0,0,0,0,0,2,0,1,-1,-1,-1,-1,0,10,-1,1,1,3,-1,-1,-1,0,0,1,0,0,10,0,0,0,14.14
1,0,0,0,-1,0,1,2,0,0,0,0,2,0,-1,2,0,1,1,2,0,3,0,-1,25,0,9223372036800000000,1e+75,0,10,0,0,7,0,0,1,0,0,1,1,0,0,0,0,0,0,2,0,1,-1,-1,-1,-1,0,10,-1,1,1,3,-1,-1,-1,0,0,1,0,0,10,0,0,0,14.33
1,0,0,0,-1,0,1,3,0,0,0,0,3,0,0,-1,-1,-1,-1,0,2,3,0,-1,100,0,9223372036800000000,1e+75,0,10,0,0,7,0,0,1,0,0,1,1,0,0,0,0,0,0,2,0,1,-1,-1,-1,-1,0,10,-1,1,1,3,-1,-1,-1,0,0,1,0,0,10,0,0,0,21.69
1,0,0,0,-1,0,1,4,0,0,0,0,3,3,1,2,-1,1,2,0,-1,3,0,16,50,0,9223372036800000000,5,0,10,0,0,7,0,0,1,0,0,0,1,3,2,0,0,1,1,2,0,1,-1,-1,-1,-1,0,10,-1,1,1,3,-1,-1,-1,0,0,1,5,0,10,0,0,0,23.72
1,0,0,0,-1,0,1,4,0,0,0,0,3,0,0,0,0,2,0,1,1,3,0,-1,100,0,9223372036800000000,1e+75,0,10,0,0,7,0,0,1,0,0,1,1,0,0,0,0,0,0,2,0,1,-1,-1,-1,-1,0,10,-1,1,1,3,-1,-1,-1,0,0,1,0,0,10,0,0,0,14.01
1,0,0,0,-1,0,1,2,0,0,0,0,1,0,0,1,-1,2,0,2,-1,3,0,-1,10,0,9223372036800000000,1e+75,0,10,0,0,7,0,0,1,0,0,1,1,0,0,0,0,0,0,2,0,1,-1,-1,-1,-1,0,10,-1,1,1,3,-1,-1,-1,0,0,1,0,0,10,0,0,0,15.71
1,0,0,0,-1,0,1,2,0,0,0,0,1,0,2,2,0,1,-1,0,2,3,0,-1,200,0,9223372036800000000,1e+75,0,10,0,0,7,0,0,1,0,0,1,1,0,0,0,0,0,0,2,0,1,-1,-1,-1,-1,0,10,-1,1,1,3,-1,-1,-1,0,0,1,0,0,10,0,0,0,14.98
1,0,0,0,-1,0,1,2,0,0,0,0,0,0,0,2,2,-1,2,1,-1,3,0,-1,100,0,9223372036800000000,1e+75,0,10,0,0,7,0,0,1,0,0,1,1,0,0,0,0,0,0,2,0,1,-1,-1,-1,-1,0,10,-1,1,1,3,-1,-1,-1,0,0,1,0,0,10,0,0,0,15.4
1,0,0,0,-1,0,1,4,0,0,0,0,-1,0,0,2,2,0,2,1,-1,3,0,-1,100,0,9223372036800000000,1e+75,0,10,0,0,7,0,0,1,0,0,1,1,0,0,0,0,0,0,2,0,1,-1,-1,-1,-1,0,10,-1,1,1,3,-1,-1,-1,0,0,1,0,0,10,0,0,0,14.86
1,0,0,0,-1,0,1,4,0,0,0,0,0,0,0,2,2,0,2,1,2,3,0,-1,100,0,9223372036800000000,1e+75,0,10,0,0,7,0,0,1,0,0,1,1,0,0,0,0,0,0,2,0,1,-1,-1,-1,-1,0,10,-1,1,1,3,-1,-1,-1,0,0,1,0,0,10,0,0,0,14.92
1,0,0,0,-1,0,1,3,0,0,0,0,3,0,0,1,2,2,1,2,2,3,0,-1,25,0,9223372036800000000,1e+75,0,10,0,0,7,0,0,1,0,0,1,1,0,0,0,0,0,0,2,0,1,-1,-1,-1,-1,0,10,-1,1,1,3,-1,-1,-1,0,0,1,0,0,10,0,0,0,20.98
1,0,0,0,-1,0,1,1,0,0,0,0,3,2,0,1,-1,0,1,0,0,3,0,16,400,0,9223372036800000000,1e+75,0,10,0,0,7,0,0,1,0,0,1,1,1,1,0,0,4,-1,2,0,1,-1,-1,-1,-1,0,10,-1,1,1,3,-1,-1,-1,0,0,1,2,0,10,0,0,0,25.81
1,0,0,0,-1,0,1,2,0,0,0,0,2,0,2,2,0,-1,1,2,-1,3,0,-1,25,0,9223372036800000000,1e+75,0,10,0,0,7,0,0,1,0,0,1,1,0,0,0,0,0,0,2,0,1,-1,-1,-1,-1,0,10,-1,1,1,3,-1,-1,-1,0,0,1,0,0,10,0,0,0,15.56
1,0,0,0,-1,0,1,1,0,0,0,0,0,0,0,2,2,0,2,1,-1,3,0,-1,100,0,9223372036800000000,1e+75,0,10,0,0,7,0,0,1,0,0,1,1,0,0,0,0,0,0,2,0,1,-1,-1,-1,-1,0,10,-1,1,1,3,-1,-1,-1,0,0,1,0,0,10,0,0,0,22.4
1,0,0,0,-1,0,1,0,0,0,0,0,0,0,3,0,0,-1,2,0,1,3,0,-1,50,0,9223372036800000000,1e+75,0,10,0,0,7,0,0,1,0,0,1,1,0,0,0,0,0,0,2,0,1,-1,-1,-1,-1,0,10,-1,1,1,3,-1,-1,-1,0,0,1,0,0,10,0,0,0,19.33
1,0,0,0,-1,0,1,2,0,0,0,0,-1,1,-1,-1,-1,1,2,0,0,3,0,1,50,0,9223372036800000000,40,0,10,0,0,7,0,0,1,0,0,1,1,-1,3,0,0,1,0,2,0,1,-1,-1,-1,-1,0,10,-1,1,1,3,-1,-1,-1,0,0,1,1,0,10,0,0,0,40.13
1,0,0,0,-1,0,1,3,0,0,0,0,3,1,-1,0,-1,0,0,2,1,3,0,-1,25,0,9223372036800000000,40,0,10,0,0,7,0,0,1,0,0,3,1,0,-1,0,0,0,2,2,0,1,-1,-1,-1,-1,0,10,-1,1,1,3,-1,-1,-1,0,0,1,0,0,10,0,0,0,18.5
1,0,0,0,-1,0,1,2,0,0,0,0,2,0,2,2,0,-1,1,2,0,3,0,-1,25,0,9223372036800000000,1e+75,0,10,0,0,7,0,0,1,0,0,1,1,0,0,0,0,0,0,2,0,1,-1,-1,-1,-1,0,10,-1,1,1,3,-1,-1,-1,0,0,1,0,0,10,0,0,0,15.55
1,0,0,0,-1,0,1,0,0,0,0,0,1,0,-1,2,0,-1,1,0,2,3,0,-1,50,0,9223372036800000000,0,0,10,0,0,7,0,0,1,0,0,0,1,0,2,0,0,0,4,2,0,1,-1,-1,-1,-1,0,10,-1,1,1,3,-1,-1,-1,0,0,1,0,0,10,0,0,0,22.3
1,0,0,0,-1,0,1,0,0,0,0,0,0,0,-1,1,0,-1,2,0,1,3,0,-1,50,0,9223372036800000000,1e+75,0,10,0,0,7,0,0,1,0,0,1,1,0,0,0,0,0,0,2,0,1,-1,-1,-1,-1,0,10,-1,1,1,3,-1,-1,-1,0,0,1,0,0,10,0,0,0,15.21
1,0,0,0,-1,0,1,0,0,0,0,0,2,1,-1,-1,2,2,0,1,2,3,0,1,150,0,9223372036800000000,30,0,10,0,0,7,0,0,1,0,0,2,1,2,1,0,0,0,-1,2,0,1,-1,-1,-1,-1,0,10,-1,1,1,3,-1,-1,-1,0,0,1,0,0,10,0,0,0,48.64
1,0,0,0,-1,0,1,2,0,0,0,0,1,0,0,1,-1,2,0,2,-1,3,0,-1,200,0,9223372036800000000,1e+75,0,10,0,0,7,0,0,1,0,0,1,1,0,0,0,0,0,0,2,0,1,-1,-1,-1,-1,0,10,-1,1,1,3,-1,-1,-1,0,0,1,0,0,10,0,0,0,13.78
1,0,0,0,-1,0,1,1,0,0,0,0,0,0,2,-1,2,-1,1,0,2,3,0,-1,50,0,9223372036800000000,1e+75,0,10,0,0,7,0,0,1,0,0,1,1,0,0,0,0,0,0,2,0,1,-1,-1,-1,-1,0,10,-1,1,1,3,-1,-1,-1,0,0,1,0,0,10,0,0,0,23.15
1,0,0,0,-1,0,1,0,0,0,0,0,0,0,1,2,2,0,2,1,-1,3,0,-1,100,0,9223372036800000000,1e+75,0,10,0,0,7,0,0,1,0,0,1,1,0,0,0,0,0,0,2,0,1,-1,-1,-1,-1,0,10,-1,1,1,3,-1,-1,-1,0,0,1,0,0,10,0,0,0,13.91
1,0,0,0,-1,0,1,4,0,0,0,0,3,-1,1,2,-1,1,2,1,-1,3,0,16,50,0,9223372036800000000,5,0,10,0,0,7,0,0,1,0,0,0,1,3,2,0,0,1,1,2,0,1,-1,-1,-1,-1,0,10,-1,1,1,3,-1,-1,-1,0,0,1,5,0,10,0,0,0,23.25
1,0,0,0,-1,0,1,0,0,0,0,0,0,0,-1,2,2,0,2,1,-1,3,0,-1,100,0,9223372036800000000,1e+75,0,10,0,0,7,0,0,1,0,0,1,1,0,0,0,0,0,0,2,0,1,-1,-1,-1,-1,0,10,-1,1,1,3,-1,-1,-1,0,0,1,0,0,10,0,0,0,13.91
1,0,0,0,-1,0,1,1,0,0,0,0,1,-1,-1,-1,1,1,2,2,-1,3,0,-1,10,0,9223372036800000000,240,0,10,0,0,7,0,0,1,0,0,3,1,0,0,0,0,0,3,2,0,1,-1,-1,-1,-1,0,10,-1,1,1,3,-1,-1,-1,0,0,1,0,0,10,0,0,0,24.1
1,0,0,0,-1,0,1,0,0,0,0,0,0,0,0,2,2,2,2,1,-1,3,0,-1,100,0,9223372036800000000,1e+75,0,10,0,0,7,0,0,1,0,0,1,1,0,0,0,0,0,0,2,0,1,-1,-1,-1,-1,0,10,-1,1,1,3,-1,-1,-1,0,0,1,0,0,10,0,0,0,14.2
1,0,0,0,-1,0,1,0,0,0,0,0,0,0,2,0,-1,0,0,0,0,3,0,-1,100,0,9223372036800000000,2,0,10,0,0,7,0,0,1,0,0,1,1,0,0,0,0,0,0,2,0,1,-1,-1,-1,-1,0,10,-1,1,1,3,-1,-1,3,0,0,1,0,0,10,0,0,0,13.35
1,0,0,0,-1,0,1,4,0,0,0,0,0,0,-1,0,1,0,2,-1,1,3,0,-1,150,0,9223372036800000000,1e+75,0,10,0,0,7,0,0,1,0,0,1,1,0,0,0,0,0,0,2,0,1,-1,-1,-1,-1,0,10,-1,1,1,3,-1,-1,-1,0,0,1,0,0,10,0,0,0,14.93
1,0,0,0,-1,0,1,5,0,0,0,0,3,-1,2,1,1,0,0,1,1,3,0,1,200,0,9223372036800000000,20,0,10,0,0,7,0,0,1,0,0,3,1,3,3,0,0,4,0,2,0,1,-1,-1,-1,-1,0,10,-1,1,1,3,-1,-1,-1,0,0,1,1,0,10,0,0,0,49.81
1,0,0,0,-1,0,1,3,0,0,0,0,2,0,1,-1,0,0,2,1,2,3,0,-1,800,0,9223372036800000000,1e+75,0,10,0,0,7,0,0,1,0,0,1,1,0,0,0,0,0,0,2,0,1,-1,-1,-1,-1,0,10,-1,1,1,3,-1,-1,-1,0,0,1,0,0,10,0,0,0,16.91
1,0,0,0,-1,0,1,2,0,0,0,0,3,0,0,-1,-1,-1,0,0,2,3,0,-1,100,0,9223372036800000000,1e+75,0,10,0,0,7,0,0,1,0,0,1,1,0,0,0,0,0,0,2,0,1,-1,-1,-1,-1,0,10,-1,1,1,3,-1,-1,-1,0,0,1,0,0,10,0,0,0,16.37
1,0,0,0,-1,0,1,0,0,0,0,0,2,0,0,2,2,0,2,1,-1,3,0,-1,100,0,9223372036800000000,1e+75,0,10,0,0,7,0,0,1,0,0,1,1,0,0,0,0,0,0,2,0,1,-1,-1,-1,-1,0,10,-1,1,1,3,-1,-1,-1,0,0,1,0,0,10,0,0,0,13.91
1,0,0,0,-1,0,1,0,0,0,0,0,1,3,2,2,1,0,0,2,-1,3,0,8,200,0,9223372036800000000,5,0,10,0,0,7,0,0,1,0,0,2,1,0,0,0,0,0,2,2,0,1,-1,-1,-1,-1,0,10,-1,1,1,3,-1,-1,-1,0,0,1,0,0,10,0,0,0,18.3
1,0,0,0,-1,0,1,2,0,0,0,0,2,0,2,2,0,-1,2,2,0,3,0,-1,25,0,9223372036800000000,1e+75,0,10,0,0,7,0,0,1,0,0,1,1,0,0,0,0,0,0,2,0,1,-1,-1,-1,-1,0,10,-1,1,1,3,-1,-1,-1,0,0,1,0,0,10,0,0,0,16.15
1,0,0,0,-1,0,1,4,0,0,0,0,1,0,2,0,-1,2,-1,-1,-1,3,0,-1,150,0,9223372036800000000,1e+75,0,10,0,0,7,0,0,1,0,0,1,1,0,0,0,0,0,0,2,0,1,-1,-1,-1,-1,0,10,-1,1,1,3,-1,-1,-1,0,0,1,0,0,10,0,0,0,15.79
1,0,0,0,-1,0,1,3,0,0,0,0,1,0,0,0,2,2,2,2,2,3,0,-1,400,0,9223372036800000000,1e+75,0,10,0,0,7,0,0,1,0,0,1,1,0,0,0,0,0,0,2,0,1,-1,-1,-1,-1,0,10,-1,1,1,3,-1,-1,-1,0,0,1,0,0,10,0,0,0,17.04
1,0,0,0,-1,0,1,1,0,0,0,0,2,0,0,-1,2,1,2,1,1,3,0,-1,10,0,9223372036800000000,1e+75,0,10,0,0,7,0,0,1,0,0,1,1,0,0,0,0,0,0,2,0,1,-1,-1,-1,-1,0,10,-1,1,1,3,-1,-1,-1,0,0,1,0,0,10,0,0,0,23.55
1,0,0,0,-1,0,1,2,0,0,0,0,-1,0,0,1,2,1,2,1,2,3,0,-1,10,0,9223372036800000000,30,0,10,0,0,7,0,0,1,0,0,1,1,0,1,0,0,0,1,2,0,1,-1,-1,-1,-1,0,10,-1,1,1,3,-1,-1,-1,0,0,1,0,0,10,0,0,0,21.69
1,0,0,0,-1,0,1,0,0,0,0,0,0,0,1,1,2,2,2,2,2,3,0,-1,800,0,9223372036800000000,1e+75,0,10,0,0,7,0,0,1,0,0,1,1,0,0,0,0,0,0,2,0,1,-1,-1,-1,-1,0,10,-1,1,1,3,-1,-1,-1,0,0,1,0,0,10,0,0,0,15.51
1,0,0,0,-1,0,1,3,0,0,0,0,3,0,-1,0,2,1,0,-1,-1,3,0,-1,100,0,9223372036800000000,1e+75,0,10,0,0,7,0,0,1,0,0,1,1,0,0,0,0,0,0,2,0,1,-1,-1,-1,-1,0,10,-1,1,1,3,-1,-1,-1,0,0,1,0,0,10,0,0,0,14.65
1,0,0,0,-1,0,1,4,0,0,0,0,1,1,3,2,-1,2,-1,1,1,3,0,-1,800,0,9223372036800000000,0,0,10,0,0,7,0,0,1,0,0,2,1,1,0,0,0,1,3,2,0,1,-1,-1,-1,-1,0,10,-1,1,1,3,-1,-1,-1,0,0,1,0,0,10,0,0,0,22.79
1,0,0,0,-1,0,1,3,0,0,0,0,1,0,1,1,-1,2,1,0,0,3,0,-1,800,0,9223372036800000000,120,0,10,0,0,7,0,0,1,0,0,0,1,0,3,0,0,0,0,2,0,1,-1,-1,-1,-1,0,10,-1,1,1,3,-1,-1,-1,0,0,1,0,0,10,0,0,0,20.35
1,0,0,0,-1,0,1,3,0,0,0,0,1,0,0,-1,-1,0,-1,1,0,3,0,-1,200,0,9223372036800000000,1e+75,0,10,0,0,7,0,0,1,0,0,1,1,0,0,0,0,0,0,2,0,1,-1,-1,-1,-1,0,10,-1,1,1,3,-1,-1,-1,0,0,1,0,0,10,0,0,0,19.03
1,0,0,0,-1,0,1,5,0,0,0,0,-1,3,-1,1,2,0,2,1,1,3,0,8,100,0,9223372036800000000,10,0,10,0,0,7,0,0,1,0,0,0,1,2,3,0,0,0,0,2,0,1,-1,-1,-1,-1,0,10,-1,1,1,3,-1,-1,-1,0,0,1,3,0,10,0,0,0,22.68
1,0,0,0,-1,0,1,5,0,0,0,0,1,2,1,2,1,1,0,1,0,3,0,-1,100,0,9223372036800000000,1e+75,0,10,0,0,7,0,0,1,0,0,2,1,2,1,0,0,2,-1,2,0,1,-1,-1,-1,-1,0,10,-1,1,1,3,-1,-1,-1,0,0,1,5,0,10,0,0,0,22.48
1,0,0,0,-1,0,1,2,0,0,0,0,0,0,0,0,2,2,2,1,2,3,0,-1,25,0,9223372036800000000,1e+75,0,10,0,0,7,0,0,1,0,0,1,1,0,0,0,0,0,0,2,0,1,-1,-1,-1,-1,0,10,-1,1,1,3,-1,-1,-1,0,0,1,0,0,10,0,0,0,14.78
1,0,0,0,-1,0,1,3,0,0,0,0,2,0,1,-1,0,0,2,1,2,3,0,-1,100,0,9223372036800000000,1e+75,0,10,0,0,7,0,0,1,0,0,1,1,0,0,0,0,0,0,2,0,1,-1,-1,-1,-1,0,10,-1,1,1,3,-1,-1,-1,0,0,1,0,0,10,0,0,0,16.92
1,0,0,0,-1,0,1,2,0,0,0,0,1,0,1,2,0,1,-1,0,2,3,0,-1,400,0,9223372036800000000,1e+75,0,10,0,0,7,0,0,1,0,0,1,1,0,0,0,0,0,0,2,0,1,-1,-1,-1,-1,0,10,-1,1,1,3,-1,-1,-1,0,0,1,0,0,10,0,0,0,14.98
1,0,0,0,-1,0,1,3,0,0,0,0,1,0,1,1,-1,2,1,0,0,3,0,-1,800,0,9223372036800000000,10,0,10,0,0,7,0,0,1,0,0,0,1,0,-1,0,0,0,-1,2,0,1,-1,-1,-1,-1,0,10,-1,1,1,3,-1,-1,-1,0,0,1,0,0,10,0,0,0,21.4
1,0,0,0,-1,0,1,0,0,0,0,0,3,0,2,-1,1,1,-1,-1,-1,3,0,-1,25,0,9223372036800000000,1e+75,0,10,0,0,7,0,0,1,0,0,1,1,0,0,0,0,0,0,2,0,1,-1,-1,-1,-1,0,10,-1,1,1,3,-1,-1,-1,0,0,1,0,0,10,0,0,0,32.61
1,0,0,0,-1,0,1,0,0,0,0,0,3,0,2,0,-1,0,0,0,0,3,0,-1,100,0,9223372036800000000,2,0,10,0,0,7,0,0,1,0,0,1,1,0,0,0,0,0,0,2,0,1,-1,-1,-1,-1,0,10,-1,1,1,3,-1,-1,-1,0,0,1,0,0,10,0,0,0,13.38
1,0,0,0,-1,0,1,2,0,0,0,0,0,2,2,-1,2,1,1,1,2,3,0,-1,50,0,9223372036800000000,120,0,10,0,0,7,0,0,1,0,0,2,1,3,3,0,0,0,1,2,0,1,-1,-1,-1,-1,0,10,-1,1,1,3,-1,-1,-1,0,0,1,0,0,10,0,0,0,23.08
1,0,0,0,-1,0,1,0,0,0,0,0,-1,2,1,1,0,0,2,0,0,3,0,16,800,0,9223372036800000000,10,0,10,0,0,7,0,0,1,0,0,0,1,0,0,0,0,0,0,2,0,1,-1,-1,-1,-1,0,10,-1,1,1,3,-1,-1,-1,0,0,1,0,0,10,0,0,0,18.41
1,0,0,0,-1,0,1,2,0,0,0,0,3,0,0,-1,-1,-1,2,0,2,3,0,-1,100,0,9223372036800000000,1e+75,0,10,0,0,7,0,0,1,0,0,1,1,0,0,0,0,0,0,2,0,1,-1,-1,-1,-1,0,10,-1,1,1,3,-1,-1,-1,0,0,1,0,0,10,0,0,0,16.34
1,0,0,0,-1,0,1,1,0,0,0,0,2,0,2,2,0,2,1,0,0,3,0,-1,800,0,9223372036800000000,1e+75,0,10,0,0,7,0,0,1,0,0,1,1,0,0,0,0,0,0,2,0,1,-1,-1,-1,-1,0,10,-1,1,1,3,-1,-1,-1,0,0,1,0,0,10,0,0,0,22.27
1,0,0,0,-1,0,1,5,0,0,0,0,2,1,0,1,0,2,2,0,0,3,0,4,400,0,9223372036800000000,5,0,10,0,0,7,0,0,1,0,0,1,1,0,3,0,0,0,0,2,0,1,-1,-1,-1,-1,0,10,-1,1,1,3,-1,-1,-1,0,0,1,0,0,10,0,0,0,20.54
1,0,0,0,-1,0,1,5,0,0,0,0,2,0,0,-1,2,1,2,-1,2,3,0,-1,50,0,9223372036800000000,1e+75,0,10,0,0,7,0,0,1,0,0,1,1,0,0,0,0,0,0,2,0,1,-1,-1,-1,-1,0,10,-1,1,1,3,-1,-1,-1,0,0,1,0,0,10,0,0,0,32.48
1,0,0,0,-1,0,1,0,0,0,0,0,0,0,2,0,-1,0,0,0,0,3,0,-1,100,0,9223372036800000000,2,0,10,0,0,7,0,0,1,0,0,1,1,0,0,100,0,0,0,2,0,1,-1,-1,-1,-1,0,10,-1,1,1,3,-1,-1,-1,0,0,1,0,0,10,0,0,0,14.92
1,0,0,0,-1,0,1,0,0,0,0,0,3,2,1,2,1,2,2,-1,-1,3,0,-1,150,0,9223372036800000000,1e+75,0,10,0,0,7,0,0,1,0,0,2,1,1,3,0,0,0,4,2,0,1,-1,-1,-1,-1,0,10,-1,1,1,3,-1,-1,-1,0,0,1,0,0,10,0,0,0,20.56
1,0,0,0,-1,0,1,3,0,0,0,0,0,0,3,2,2,0,0,2,-1,3,0,-1,10,0,9223372036800000000,20,0,10,0,0,7,0,0,1,0,0,1,1,3,-1,0,0,0,2,2,0,1,-1,-1,-1,-1,0,10,-1,1,1,3,-1,-1,-1,0,0,1,0,0,10,0,0,0,20.21
1,0,0,0,-1,0,1,5,0,0,0,0,2,0,1,0,0,0,2,1,2,3,0,-1,200,0,9223372036800000000,1e+75,0,10,0,0,7,0,0,1,0,0,1,1,0,0,0,0,0,0,2,0,1,-1,-1,-1,-1,0,10,-1,1,1,3,-1,-1,-1,0,0,1,0,0,10,0,0,0,20.17
1,0,0,0,-1,0,1,0,0,0,0,0,1,-1,3,0,1,1,1,-1,0,3,0,-1,10,0,9223372036800000000,5,0,10,0,0,7,0,0,1,0,0,1,1,0,1,0,0,0,1,2,0,1,-1,-1,-1,-1,0,10,-1,1,1,3,-1,-1,-1,0,0,1,0,0,10,0,0,0,21.57
1,0,0,0,-1,0,1,5,0,0,0,0,2,2,0,-1,-1,-1,0,1,1,3,0,-1,50,0,9223372036800000000,10,0,10,0,0,7,0,0,1,0,0,1,1,0,1,0,0,0,3,2,0,1,-1,-1,-1,-1,0,10,-1,1,1,3,-1,-1,-1,0,0,1,0,0,10,0,0,0,21.83
1,0,0,0,-1,0,1,0,0,0,0,0,0,0,2,0,-1,0,0,0,0,3,0,-1,100,0,9223372036800000000,2,0,10,0,0,7,0,0,1,0,0,1,1,0,0,200,0,0,0,2,0,1,-1,-1,-1,-1,0,10,-1,1,1,3,-1,-1,-1,0,0,1,0,0,10,0,0,0,15.01
1,0,0,0,-1,0,1,0,0,0,0,0,0,0,2,1,0,1,1,0,2,3,0,-1,150,0,9223372036800000000,1e+75,0,10,0,0,7,0,0,1,0,0,1,1,0,0,0,0,0,0,2,0,1,-1,-1,-1,-1,0,10,-1,1,1,3,-1,-1,-1,0,0,1,0,0,10,0,0,0,14.62
1,0,0,0,-1,0,1,3,0,0,0,0,-1,0,0,2,-1,1,-1,0,1,3,0,-1,200,0,9223372036800000000,1e+75,0,10,0,0,7,0,0,1,0,0,1,1,0,0,0,0,0,0,2,0,1,-1,-1,-1,-1,0,10,-1,1,1,3,-1,-1,-1,0,0,1,0,0,10,0,0,0,15.27
1,0,0,0,-1,0,1,3,0,0,0,0,1,0,0,0,-1,0,-1,1,0,3,0,-1,800,0,9223372036800000000,1e+75,0,10,0,0,7,0,0,1,0,0,1,1,0,0,0,0,0,0,2,0,1,-1,-1,-1,-1,0,10,-1,1,1,3,-1,-1,-1,0,0,1,0,0,10,0,0,0,14.56
1,0,0,0,-1,0,1,0,0,0,0,0,0,1,-1,-1,-1,0,-1,-1,1,3,0,4,25,0,9223372036800000000,120,0,10,0,0,7,0,0,1,0,0,0,1,2,-1,0,0,4,0,2,0,1,-1,-1,-1,-1,0,10,-1,1,1,3,-1,-1,-1,0,0,1,3,0,10,0,0,0,38.69
1,0,0,0,-1,0,1,4,0,0,0,0,0,0,1,1,1,1,-1,1,1,3,0,16,400,0,9223372036800000000,0,0,10,0,0,7,0,0,1,0,0,2,1,1,2,0,0,0,4,2,0,1,-1,-1,-1,-1,0,10,-1,1,1,3,-1,-1,-1,0,0,1,0,0,10,0,0,0,19.92
1,0,0,0,-1,0,1,4,0,0,0,0,-1,0,3,0,2,1,0,1,0,3,0,-1,25,0,9223372036800000000,1e+75,0,10,0,0,7,0,0,1,0,0,1,1,0,0,0,0,0,0,2,0,1,-1,-1,-1,-1,0,10,-1,1,1,3,-1,-1,-1,0,0,1,0,0,10,0,0,0,19.55
1,0,0,0,-1,0,1,0,0,0,0,0,0,0,2,0,-1,0,0,0,0,3,0,-1,100,0,9223372036800000000,2,0,10,0,0,7,0,0,1,0,1,1,1,0,0,0,0,0,0,2,0,1,-1,-1,-1,-1,0,10,-1,1,1,3,-1,-1,-1,0,0,1,0,0,10,0,0,0,15.72
1,0,0,0,-1,0,1,0,0,0,0,0,0,0,-1,0,0,-1,2,0,1,3,0,-1,50,0,9223372036800000000,1e+75,0,10,0,0,7,0,0,1,0,0,1,1,0,0,0,0,0,0,2,0,1,-1,-1,-1,-1,0,10,-1,1,1,3,-1,-1,-1,0,0,1,0,0,10,0,0,0,14.43
1,0,0,0,-1,0,1,0,0,0,0,0,0,0,1,1,2,2,2,1,2,3,0,-1,800,0,9223372036800000000,1e+75,0,10,0,0,7,0,0,1,0,0,1,1,0,0,0,0,0,0,2,0,1,-1,-1,-1,-1,0,10,-1,1,1,3,-1,-1,-1,0,0,1,0,0,10,0,0,0,14.29
1,0,0,0,-1,0,1,3,0,0,0,0,1,0,0,0,1,0,-1,1,0,3,0,-1,800,0,9223372036800000000,1e+75,0,10,0,0,7,0,0,1,0,0,1,1,0,0,0,0,0,0,2,0,1,-1,-1,-1,-1,0,10,-1,1,1,3,-1,-1,-1,0,0,1,0,0,10,0,0,0,14.57
1,0,0,0,-1,0,1,4,0,0,0,0,-1,2,1,1,-1,-1,0,-1,1,3,0,-1,400,0,9223372036800000000,1,0,10,0,0,7,0,0,1,0,0,1,1,0,0,0,0,0,0,2,0,1,-1,-1,-1,-1,0,10,-1,1,1,3,-1,-1,-1,0,0,1,0,0,10,0,0,0,15.9
1,0,0,0,-1,0,1,0,0,0,0,0,0,0,2,0,-1,0,0,0,0,3,0,8,100,0,9223372036800000000,2,0,10,0,0,7,0,0,1,0,0,1,1,0,0,0,0,0,0,2,0,1,-1,-1,-1,-1,0,10,-1,1,1,3,-1,-1,-1,0,0,1,0,0,10,0,0,0,13.11
1,0,0,0,-1,0,1,0,0,0,0,0,3,2,-1,2,1,0,2,-1,-1,3,0,-1,150,0,9223372036800000000,1e+75,0,10,0,0,7,0,0,1,0,0,2,1,1,3,0,0,0,4,2,0,1,-1,-1,-1,-1,0,10,-1,1,1,3,-1,-1,-1,0,0,1,0,0,10,0,0,0,19.93
1,0,0,0,-1,0,1,3,0,0,0,0,3,0,-1,-1,2,1,0,-1,-1,3,0,-1,200,0,9223372036800000000,1e+75,0,10,0,0,7,0,0,1,0,0,1,1,0,0,0,0,0,0,2,0,1,-1,-1,-1,-1,0,10,-1,1,1,3,-1,-1,-1,0,0,1,0,0,10,0,0,0,27.08
1,0,0,0,-1,0,1,5,0,0,0,0,3,2,-1,0,1,-1,-1,2,0,3,0,-1,100,0,9223372036800000000,40,0,10,0,0,7,0,0,1,0,0,2,1,-1,2,0,0,3,3,2,0,1,-1,-1,-1,-1,0,10,-1,1,1,3,-1,-1,-1,0,0,1,3,0,10,0,0,0,25.79
1,0,0,0,-1,0,1,1,0,0,0,0,-1,2,3,1,2,-1,0,1,0,3,0,2,100,0,9223372036800000000,5,0,10,0,0,7,0,0,1,0,0,2,1,2,0,0,0,0,4,2,0,1,-1,-1,-1,-1,0,10,-1,1,1,3,-1,-1,-1,0,0,1,0,0,10,0,0,0,26.3
1,0,0,0,-1,0,1,3,0,0,0,0,3,2,3,2,0,-1,-1,0,-1,3,0,-1,50,0,9223372036800000000,50,0,10,0,0,7,0,0,1,0,0,2,1,0,3,0,0,0,3,2,0,1,-1,-1,-1,-1,0,10,-1,1,1,3,-1,-1,-1,0,0,1,0,0,10,0,0,0,22.42
1,0,0,0,-1,0,1,2,0,0,0,0,1,0,0,0,-1,0,-1,1,0,3,0,-1,800,0,9223372036800000000,1e+75,0,10,0,0,7,0,0,1,0,0,1,1,0,0,0,0,0,0,2,0,1,-1,-1,-1,-1,0,10,-1,1,1,3,-1,-1,-1,0,0,1,0,0,10,0,0,0,18.48
1,0,0,0,-1,0,1,0,0,0,0,0,-1,-1,1,2,0,1,0,1,1,3,0,2,150,0,9223372036800000000,1,0,10,0,0,7,0,0,1,0,0,1,1,1,2,0,0,1,4,2,0,1,-1,-1,-1,-1,0,10,-1,1,1,3,-1,-1,-1,0,0,1,3,0,10,0,0,0,20.39
1,0,0,0,-1,0,1,3,0,0,0,0,1,0,0,0,2,1,0,-1,-1,3,0,-1,150,0,9223372036800000000,1e+75,0,10,0,0,7,0,0,1,0,0,1,1,0,0,0,0,0,0,2,0,1,-1,-1,-1,-1,0,10,-1,1,1,3,-1,-1,-1,0,0,1,0,0,10,0,0,0,15.66
1,0,0,0,-1,0,1,3,0,0,0,0,-1,3,-1,1,2,0,2,1,1,3,0,1,100,0,9223372036800000000,240,0,10,0,0,7,0,0,1,0,0,0,1,2,3,0,0,0,0,2,0,1,-1,-1,-1,-1,0,10,-1,1,1,3,-1,-1,-1,0,0,1,2,0,10,0,0,0,48.88
1,0,0,0,-1,0,1,0,0,0,0,0,3,2,-1,2,1,2,2,-1,-1,3,0,-1,150,0,9223372036800000000,120,0,10,0,0,7,0,0,1,0,0,2,1,1,3,0,0,0,4,2,0,1,-1,-1,-1,-1,0,10,-1,1,1,3,-1,-1,-1,0,0,1,0,0,10,0,0,0,19.82
1,0,0,0,-1,0,1,4,0,0,0,0,3,0,2,1,-1,2,-1,-1,-1,3,0,-1,150,0,9223372036800000000,1e+75,0,10,0,0,7,0,0,1,0,0,1,1,0,0,0,0,0,0,2,0,1,-1,-1,-1,-1,0,10,-1,1,1,3,-1,-1,-1,0,0,1,0,0,10,0,0,0,16.87
1,0,0,0,-1,0,1,4,0,0,0,0,-1,2,2,1,2,-1,-1,2,1,3,0,16,100,0,9223372036800000000,120,0,10,0,0,7,0,0,1,0,0,0,1,0,0,0,0,0,1,2,0,1,-1,-1,-1,-1,0,10,-1,1,1,3,-1,-1,-1,0,0,1,0,0,10,0,0,0,22.22
1,0,0,0,-1,0,1,0,0,0,0,0,0,0,2,0,-1,0,0,0,0,3,0,-1,100,0,9223372036800000000,2,0,10,0,0,7,0,0,1,0,0,1,1,0,0,0,5,0,0,2,0,1,-1,-1,-1,-1,0,10,-1,1,1,3,-1,-1,-1,0,0,1,0,0,10,0,0,0,15.38
1,0,0,0,-1,0,1,3,0,0,0,0,1,0,1,0,-1,0,-1,1,0,3,0,-1,200,0,9223372036800000000,1e+75,0,10,0,0,7,0,0,1,0,0,1,1,0,0,0,0,0,0,2,0,1,-1,-1,-1,-1,0,10,-1,1,1,3,-1,-1,-1,0,0,1,0,0,10,0,0,0,14.56
1,0,0,0,-1,0,1,0,0,0,0,0,0,0,2,0,1,2,0,-1,-1,3,0,-1,10,0,9223372036800000000,1e+75,0,10,0,0,7,0,0,1,0,0,1,1,0,0,0,0,0,0,2,0,1,-1,-1,-1,-1,0,10,-1,1,1,3,-1,-1,-1,0,0,1,0,0,10,0,0,0,15.71
1,0,0,0,-1,0,1,4,0,0,0,0,0,0,-1,0,1,0,2,0,1,3,0,-1,150,0,9223372036800000000,1e+75,0,10,0,0,7,0,0,1,0,0,1,1,0,0,0,0,0,0,2,0,1,-1,-1,-1,-1,0,10,-1,1,1,3,-1,-1,-1,0,0,1,0,0,10,0,0,0,14.41
1,0,0,0,-1,0,1,5,0,0,0,0,-1,3,-1,1,0,0,2,1,2,3,0,8,10,0,9223372036800000000,30,0,10,0,0,7,0,0,1,0,0,0,1,1,2,0,0,0,0,2,0,1,-1,-1,-1,-1,0,10,-1,1,1,3,-1,-1,-1,0,0,1,0,0,10,0,0,0,24.42
1,0,0,0,-1,0,1,3,0,0,0,0,1,0,0,2,-1,0,-1,1,0,3,0,-1,200,0,9223372036800000000,1e+75,0,10,0,0,7,0,0,1,0,0,1,1,0,0,0,0,0,0,2,0,1,-1,-1,-1,-1,0,10,-1,1,1,3,-1,-1,-1,0,0,1,0,0,10,0,0,0,15.06
1,0,0,0,-1,0,1,4,0,0,0,0,2,0,-1,0,1,0,2,0,1,3,0,-1,150,0,9223372036800000000,1e+75,0,10,0,0,7,0,0,1,0,0,1,1,0,0,0,0,0,0,2,0,1,-1,-1,-1,-1,0,10,-1,1,1,3,-1,-1,-1,0,0,1,0,0,10,0,0,0,14.41
1,0,0,0,-1,0,1,0,0,0,0,0,1,0,-1,-1,0,-1,1,0,2,3,0,-1,50,0,9223372036800000000,0,0,10,0,0,7,0,0,1,0,0,3,1,0,2,0,0,0,4,2,0,1,-1,-1,-1,-1,0,10,-1,1,1,3,-1,-1,-1,0,0,1,0,0,10,0,0,0,22.52
1,0,0,0,-1,0,1,2,0,0,0,0,3,0,0,-1,-1,-1,-1,0,2,3,0,-1,100,0,9223372036800000000,1e+75,0,10,0,0,7,0,0,1,0,0,1,1,0,0,0,0,0,0,2,0,1,-1,-1,-1,-1,0,10,-1,1,1,3,-1,-1,-1,0,0,1,0,0,10,0,0,0,20.08
1,0,0,0,-1,0,1,4,0,0,0,0,3,0,-1,1,-1,0,-1,-1,2,3,0,-1,800,0,9223372036800000000,1e+75,0,10,0,0,7,0,0,1,0,0,1,1,0,0,0,0,0,0,2,0,1,-1,-1,-1,-1,0,10,-1,1,1,3,-1,-1,-1,0,0,1,0,0,10,0,0,0,17.9
1,0,0,0,-1,0,1,1,0,0,0,0,2,0,2,2,0,2,1,0,1,3,0,-1,800,0,9223372036800000000,1e+75,0,10,0,0,7,0,0,1,0,0,1,1,0,0,0,0,0,0,2,0,1,-1,-1,-1,-1,0,10,-1,1,1,3,-1,-1,-1,0,0,1,0,0,10,0,0,0,22.27
1,0,0,0,-1,0,1,0,0,0,0,0,-1,-1,3,0,2,1,0,1,2,3,0,-1,800,0,9223372036800000000,5,0,10,0,0,7,0,0,1,0,0,0,1,0,2,0,0,0,4,2,0,1,-1,-1,-1,-1,0,10,-1,1,1,3,-1,-1,-1,0,0,1,0,0,10,0,0,0,22.34
1,0,0,0,-1,0,1,3,0,0,0,0,3,0,0,0,2,2,2,2,2,3,0,-1,400,0,9223372036800000000,1e+75,0,10,0,0,7,0,0,1,0,0,1,1,0,0,0,0,0,0,2,0,1,-1,-1,-1,-1,0,10,-1,1,1,3,-1,-1,-1,0,0,1,0,0,10,0,0,0,17.04
1,0,0,0,-1,0,1,5,0,0,0,0,3,0,2,0,-1,2,-1,-1,-1,3,0,-1,150,0,9223372036800000000,1e+75,0,10,0,0,7,0,0,1,0,0,1,1,0,0,0,0,0,0,2,0,1,-1,-1,-1,-1,0,10,-1,1,1,3,-1,-1,-1,0,0,1,0,0,10,0,0,0,18.72
1,0,0,0,-1,0,1,3,0,0,0,0,3,-1,2,2,1,2,2,-1,1,3,0,2,800,0,9223372036800000000,40,0,10,0,0,7,0,0,1,0,0,1,1,1,0,0,0,5,2,2,0,1,-1,-1,-1,-1,0,10,-1,1,1,3,-1,-1,-1,0,0,1,5,0,10,0,0,0,32.79
1,0,0,0,-1,0,1,2,0,0,0,0,3,0,2,-1,-1,-1,2,0,2,3,0,-1,100,0,9223372036800000000,1e+75,0,10,0,0,7,0,0,1,0,0,1,1,0,0,0,0,0,0,2,0,1,-1,-1,-1,-1,0,10,-1,1,1,3,-1,-1,-1,0,0,1,0,0,10,0,0,0,16.37
1,0,0,0,-1,0,1,0,0,0,0,0,0,0,2,0,2,2,0,-1,-1,3,0,-1,800,0,9223372036800000000,1e+75,0,10,0,0,7,0,0,1,0,0,1,1,0,0,0,0,0,0,2,0,1,-1,-1,-1,-1,0,10,-1,1,1,3,-1,-1,-1,0,0,1,0,0,10,0,0,0,15.09
1,0,0,0,-1,0,1,5,0,0,0,0,1,2,2,-1,1,0,1,1,-1,3,0,-1,400,0,9223372036800000000,2,0,10,0,0,7,0,0,1,0,0,3,1,1,2,0,0,4,2,2,0,1,-1,-1,-1,-1,0,10,-1,1,1,3,-1,-1,-1,0,0,1,3,0,10,0,0,0,27.83
1,0,0,0,-1,0,1,5,0,0,0,0,1,-1,3,1,0,1,2,1,-1,3,0,1,150,0,9223372036800000000,20,0,10,0,0,7,0,0,1,0,0,3,1,-1,3,0,0,0,1,2,0,1,-1,-1,-1,-1,0,10,-1,1,1,3,-1,-1,-1,0,0,1,0,0,10,0,0,0,47.34
1,0,0,0,-1,0,1,2,0,0,0,0,3,1,1,1,-1,-1,0,0,1,3,0,-1,10,0,9223372036800000000,40,0,10,0,0,7,0,0,1,0,0,1,1,0,1,0,0,0,0,2,0,1,-1,-1,-1,-1,0,10,-1,1,1,3,-1,-1,-1,0,0,1,0,0,10,0,0,0,13.56
1,0,0,0,-1,0,1,3,0,0,0,0,1,0,1,1,0,2,1,0,0,3,0,-1,800,0,9223372036800000000,10,0,10,0,0,7,0,0,1,0,0,3,1,0,3,0,0,0,0,2,0,1,-1,-1,-1,-1,0,10,-1,1,1,3,-1,-1,-1,0,0,1,0,0,10,0,0,0,20.69
1,0,0,0,-1,0,1,0,0,0,0,0,-1,-1,1,2,2,2,-1,0,-1,3,0,-1,50,0,9223372036800000000,60,0,10,0,0,7,0,0,1,0,0,2,1,0,1,0,0,0,0,2,0,1,-1,-1,-1,-1,0,10,-1,1,1,3,-1,-1,-1,0,0,1,0,0,10,0,0,0,17.63
1,0,0,0,-1,0,1,0,0,0,0,0,2,0,2,1,0,1,1,0,2,3,0,-1,200,0,9223372036800000000,1e+75,0,10,0,0,7,0,0,1,0,0,1,1,0,0,0,0,0,0,2,0,1,-1,-1,-1,-1,0,10,-1,1,1,3,-1,-1,-1,0,0,1,0,0,10,0,0,0,14.64
1,0,0,0,-1,0,1,2,0,0,0,0,1,0,0,-1,-1,-1,-1,0,2,3,0,-1,100,0,9223372036800000000,1e+75,0,10,0,0,7,0,0,1,0,0,1,1,0,0,0,0,0,0,2,0,1,-1,-1,-1,-1,0,10,-1,1,1,3,-1,-1,-1,0,0,1,0,0,10,0,0,0,20.08
1,0,0,0,-1,0,1,0,0,0,0,0,0,0,2,0,-1,0,0,0,0,3,0,-1,100,0,9223372036800000000,240,0,10,0,0,7,0,0,1,0,0,1,1,0,0,0,0,0,0,2,0,1,-1,-1,-1,-1,0,10,-1,1,1,3,-1,-1,-1,0,0,1,0,0,10,0,0,0,13
1,0,0,0,-1,0,1,2,0,0,0,0,3,0,-1,-1,-1,-1,-1,0,2,3,0,-1,100,0,9223372036800000000,1e+75,0,10,0,0,7,0,0,1,0,0,1,1,0,0,0,0,0,0,2,0,1,-1,-1,-1,-1,0,10,-1,1,1,3,-1,-1,-1,0,0,1,0,0,10,0,0,0,20.08
1,0,0,0,-1,0,1,4,0,0,0,0,-1,2,0,1,-1,-1,0,-1,1,3,0,-1,400,0,9223372036800000000,1,0,10,0,0,7,0,0,1,0,0,1,1,0,0,0,0,0,0,2,0,1,-1,-1,-1,-1,0,10,-1,1,1,3,-1,-1,-1,0,0,1,0,0,10,0,0,0,15.81
1,0,0,0,-1,0,1,2,0,0,0,0,0,2,2,-1,2,1,1,1,2,3,0,-1,50,0,9223372036800000000,20,0,10,0,0,7,0,0,1,0,0,2,1,0,3,0,0,0,1,2,0,1,-1,-1,-1,-1,0,10,-1,1,1,3,-1,-1,-1,0,0,1,0,0,10,0,0,0,22.1
1,0,0,0,-1,0,1,0,0,0,0,0,1,0,3,0,2,1,0,1,0,3,0,-1,10,0,9223372036800000000,1e+75,0,10,0,0,7,0,0,1,0,0,1,1,0,0,0,0,0,0,2,0,1,-1,-1,-1,-1,0,10,-1,1,1,3,-1,-1,-1,0,0,1,0,0,10,0,0,0,19.72
1,0,0,0,-1,0,1,3,0,0,0,0,3,0,-1,2,0,-1,0,1,1,3,0,-1,800,0,9223372036800000000,1e+75,0,10,0,0,7,0,0,1,0,0,1,1,0,0,0,0,0,0,2,0,1,-1,-1,-1,-1,0,10,-1,1,1,3,-1,-1,-1,0,0,1,0,0,10,0,0,0,16.03
1,0,0,0,-1,0,1,5,0,0,0,0,3,1,-1,0,-1,0,0,2,2,3,0,-1,25,0,9223372036800000000,40,0,10,0,0,7,0,0,1,0,0,2,1,0,-1,0,0,0,-1,2,0,1,-1,-1,-1,-1,0,10,-1,1,1,3,-1,-1,-1,0,0,1,0,0,10,0,0,0,22.99
1,0,0,0,-1,0,1,4,0,0,0,0,0,2,2,1,2,-1,-1,2,1,3,0,16,100,0,9223372036800000000,120,0,10,0,0,7,0,0,1,0,0,2,1,0,0,0,0,0,1,2,0,1,-1,-1,-1,-1,0,10,-1,1,1,3,-1,-1,-1,0,0,1,0,0,10,0,0,0,23
1,0,0,0,-1,0,1,4,0,0,0,0,3,0,-1,0,2,1,0,-1,-1,3,0,-1,150,0,9223372036800000000,1e+75,0,10,0,0,7,0,0,1,0,0,1,1,0,0,0,0,0,0,2,0,1,-1,-1,-1,-1,0,10,-1,1,1,3,-1,-1,-1,0,0,1,0,0,10,0,0,0,15.8
1,0,0,0,-1,0,1,0,0,0,0,0,1,1,3,0,-1,-1,-1,1,1,3,0,-1,10,0,9223372036800000000,1,0,10,0,0,7,0,0,1,0,0,0,1,0,0,0,0,0,0,2,0,1,-1,-1,-1,-1,0,10,-1,1,1,3,-1,-1,-1,0,0,1,0,0,10,0,0,0,26.06
1,0,0,0,-1,0,1,2,0,0,0,0,2,0,2,2,0,1,1,2,1,3,0,-1,25,0,9223372036800000000,1e+75,0,10,0,0,7,0,0,1,0,0,1,1,0,0,0,0,0,0,2,0,1,-1,-1,-1,-1,0,10,-1,1,1,3,-1,-1,-1,0,0,1,0,0,10,0,0,0,14.32
1,0,0,0,-1,0,1,2,0,0,0,0,1,0,1,2,0,2,-1,0,2,3,0,-1,200,0,9223372036800000000,1e+75,0,10,0,0,7,0,0,1,0,0,1,1,0,0,0,0,0,0,2,0,1,-1,-1,-1,-1,0,10,-1,1,1,3,-1,-1,-1,0,0,1,0,0,10,0,0,0,17.41
1,0,0,0,-1,0,1,3,0,0,0,0,-1,0,-1,0,0,0,2,1,2,3,0,-1,800,0,9223372036800000000,1e+75,0,10,0,0,7,0,0,1,0,0,1,1,0,0,0,0,0,0,2,0,1,-1,-1,-1,-1,0,10,-1,1,1,3,-1,-1,-1,0,0,1,0,0,10,0,0,0,15.8
1,0,0,0,-1,0,1,0,0,0,0,0,0,0,2,-1,0,-1,2,0,2,3,0,-1,50,0,9223372036800000000,1e+75,0,10,0,0,7,0,0,1,0,0,1,1,0,0,0,0,0,0,2,0,1,-1,-1,-1,-1,0,10,-1,1,1,3,-1,-1,-1,0,0,1,0,0,10,0,0,0,16.9
1,0,0,0,-1,0,1,0,0,0,0,0,0,0,2,-1,1,2,0,-1,-1,3,0,-1,25,0,9223372036800000000,1e+75,0,10,0,0,7,0,0,1,0,0,1,1,0,0,0,0,0,0,2,0,1,-1,-1,-1,-1,0,10,-1,1,1,3,-1,-1,-1,0,0,1,0,0,10,0,0,0,27.6
1,0,0,0,-1,0,1,5,0,0,0,0,0,0,2,0,1,2,0,-1,-1,3,0,-1,800,0,9223372036800000000,1e+75,0,10,0,0,7,0,0,1,0,0,1,1,0,0,0,0,0,0,2,0,1,-1,-1,-1,-1,0,10,-1,1,1,3,-1,-1,-1,0,0,1,0,0,10,0,0,0,17.87
1,0,0,0,-1,0,1,0,0,0,0,0,1,0,-1,1,0,1,2,0,2,3,0,-1,50,0,9223372036800000000,0,0,10,0,0,7,0,0,1,0,0,0,1,0,2,0,0,0,4,2,0,1,-1,-1,-1,-1,0,10,-1,1,1,3,-1,-1,-1,0,0,1,0,0,10,0,0,0,21.98
1,0,0,0,-1,0,1,3,0,0,0,0,1,0,1,1,-1,2,0,0,0,3,0,-1,800,0,9223372036800000000,10,0,10,0,0,7,0,0,1,0,0,0,1,0,3,0,0,0,0,2,0,1,-1,-1,-1,-1,0,10,-1,1,1,3,-1,-1,-1,0,0,1,0,0,10,0,0,0,21.14
1,0,0,0,-1,0,1,0,0,0,0,0,1,0,-1,-1,0,1,2,0,2,3,0,-1,50,0,9223372036800000000,240,0,10,0,0,7,0,0,1,0,0,0,1,0,2,0,0,0,4,2,0,1,-1,-1,-1,-1,0,10,-1,1,1,3,-1,-1,-1,0,0,1,0,0,10,0,0,0,22.05
1,0,0,0,-1,0,1,0,0,0,0,0,0,0,2,0,-1,0,0,0,0,3,0,-1,100,0,9223372036800000000,2,0,10,0,0,7,0,0,1,0,0,1,1,-1,0,0,0,0,0,2,0,1,-1,-1,-1,-1,0,10,-1,1,1,3,-1,-1,-1,0,0,1,0,0,10,0,0,0,13.06
1,0,0,0,-1,0,1,2,0,0,0,0,1,1,-1,1,0,1,-1,0,1,3,0,2,200,0,9223372036800000000,50,0,10,0,0,7,0,0,1,0,0,0,1,2,3,0,0,1,4,2,0,1,-1,-1,-1,-1,0,10,-1,1,1,3,-1,-1,-1,0,0,1,0,0,10,0,0,0,24.4
1,0,0,0,-1,0,1,0,0,0,0,0,1,0,-1,-1,0,1,2,0,1,3,0,-1,50,0,9223372036800000000,0,0,10,0,0,7,0,0,1,0,0,0,1,0,2,0,0,0,4,2,0,1,-1,-1,-1,-1,0,10,-1,1,1,3,-1,-1,-1,0,0,1,0,0,10,0,0,0,21.47
1,0,0,0,-1,0,1,0,0,0,0,0,1,0,-1,-1,0,1,2,0,-1,3,0,-1,50,0,9223372036800000000,0,0,10,0,0,7,0,0,1,0,0,0,1,0,2,0,0,0,4,2,0,1,-1,-1,-1,-1,0,10,-1,1,1,3,-1,-1,-1,0,0,1,0,0,10,0,0,0,21.54
1,0,0,0,-1,0,1,5,0,0,0,0,2,2,0,-1,-1,0,0,1,1,3,0,-1,25,0,9223372036800000000,10,0,10,0,0,7,0,0,1,0,0,0,1,0,1,0,0,0,3,2,0,1,-1,-1,-1,-1,0,10,-1,1,1,3,-1,-1,-1,0,0,1,0,0,10,0,0,0,21.97
1,0,0,0,-1,0,1,0,0,0,0,0,1,1,3,0,-1,-1,2,1,1,3,0,-1,10,0,9223372036800000000,60,0,10,0,0,7,0,0,1,0,0,0,1,0,0,0,0,0,0,2,0,1,-1,-1,-1,-1,0,10,-1,1,1,3,-1,-1,-1,0,0,1,0,0,10,0,0,0,22.71
1,0,0,0,-1,0,1,0,0,0,0,0,0,0,2,0,-1,0,0,0,0,3,0,-1,100,0,9223372036800000000,2,0,10,0,0,7,0,0,1,-1,0,1,1,0,0,0,0,0,0,2,0,1,-1,-1,-1,-1,0,10,-1,1,1,3,-1,-1,-1,0,0,1,0,0,10,0,0,0,16.51
1,0,0,0,-1,0,1,0,0,0,0,0,1,-1,3,0,1,1,1,-1,0,3,0,-1,200,0,9223372036800000000,5,0,10,0,0,7,0,0,1,0,0,1,1,0,1,0,0,0,2,2,0,1,-1,-1,-1,-1,0,10,-1,1,1,3,-1,-1,-1,0,0,1,0,0,10,0,0,0,19.23
1,0,0,0,-1,0,1,0,0,0,0,0,1,-1,3,-1,1,1,1,-1,0,3,0,-1,200,0,9223372036800000000,5,0,10,0,0,7,0,0,1,0,0,1,1,0,1,0,0,0,2,2,0,1,-1,-1,-1,-1,0,10,-1,1,1,3,-1,-1,-1,0,0,1,0,0,10,0,0,0,29.06
1,0,0,0,-1,0,1,0,0,0,0,0,0,0,2,-1,0,-1,0,0,2,3,0,-1,50,0,9223372036800000000,1e+75,0,10,0,0,7,0,0,1,0,0,1,1,0,0,0,0,0,0,2,0,1,-1,-1,-1,-1,0,10,-1,1,1,3,-1,-1,-1,0,0,1,0,0,10,0,0,0,17
1,0,0,0,-1,0,1,0,0,0,0,0,1,-1,3,0,1,-1,1,-1,0,3,0,-1,10,0,9223372036800000000,5,0,10,0,0,7,0,0,1,0,0,1,1,0,1,0,0,0,2,2,0,1,-1,-1,-1,-1,0,10,-1,1,1,3,-1,-1,-1,0,0,1,0,0,10,0,0,0,20.34
1,0,0,0,-1,0,1,4,0,0,0,0,3,3,1,2,-1,1,2,1,-1,3,0,16,50,0,9223372036800000000,5,0,10,0,0,7,0,0,1,0,0,0,1,3,2,0,0,1,1,2,0,1,-1,-1,-1,-1,0,10,-1,1,1,3,-1,-1,-1,0,0,1,5,0,10,0,0,0,23.57
1,0,0,0,-1,0,1,5,0,0,0,0,2,0,2,2,0,1,1,2,0,3,0,-1,25,0,9223372036800000000,1e+75,0,10,0,0,7,0,0,1,0,0,1,1,0,0,0,0,0,0,2,0,1,-1,-1,-1,-1,0,10,-1,1,1,3,-1,-1,-1,0,0,1,0,0,10,0,0,0,20.78
1,0,0,0,-1,0,1,5,0,0,0,0,0,0,2,1,0,1,0,0,2,3,0,-1,200,0,9223372036800000000,1e+75,0,10,0,0,7,0,0,1,0,0,1,1,0,0,0,0,0,0,2,0,1,-1,-1,-1,-1,0,10,-1,1,1,3,-1,-1,-1,0,0,1,0,0,10,0,0,0,20.64
1,0,0,0,-1,0,1,0,0,0,0,0,1,-1,3,0,1,1,1,-1,0,3,0,-1,200,0,9223372036800000000,1e+75,0,10,0,0,7,0,0,1,0,0,1,1,0,1,0,0,0,2,2,0,1,-1,-1,-1,-1,0,10,-1,1,1,3,-1,-1,-1,0,0,1,0,0,10,0,0,0,20.26
1,0,0,0,-1,0,1,0,0,0,0,0,1,-1,3,1,1,1,1,-1,0,3,0,-1,200,0,9223372036800000000,5,0,10,0,0,7,0,0,1,0,0,1,1,0,1,0,0,0,2,2,0,1,-1,-1,-1,-1,0,10,-1,1,1,3,-1,-1,-1,0,0,1,0,0,10,0,0,0,20.35
1,0,0,0,-1,0,1,5,0,0,0,0,0,0,-1,0,-1,2,-1,0,1,3,0,16,10,0,9223372036800000000,5,0,10,0,0,7,0,0,1,0,0,1,1,3,-1,0,0,0,1,2,0,1,-1,-1,-1,-1,0,10,-1,1,1,3,-1,-1,-1,0,0,1,0,0,10,0,0,0,22.95
1,0,0,0,-1,0,1,3,0,0,0,0,2,0,3,2,2,0,0,2,-1,3,0,-1,10,0,9223372036800000000,50,0,10,0,0,7,0,0,1,0,0,1,1,3,-1,0,0,0,2,2,0,1,-1,-1,-1,-1,0,10,-1,1,1,3,-1,-1,-1,0,0,1,0,0,10,0,0,0,19.26
1,0,0,0,-1,0,1,1,0,0,0,0,0,-1,0,0,-1,1,2,2,2,3,0,-1,400,0,9223372036800000000,20,0,10,0,0,7,0,0,1,0,0,3,1,0,-1,0,0,0,4,2,0,1,-1,-1,-1,-1,0,10,-1,1,1,3,-1,-1,-1,0,0,1,0,0,10,0,0,0,22.11
1,0,0,0,-1,0,1,5,0,0,0,0,1,-1,3,-1,1,2,1,1,1,3,0,1,800,0,9223372036800000000,1e+75,0,10,0,0,7,0,0,1,0,0,2,1,1,0,0,0,0,1,2,0,1,-1,-1,-1,-1,0,10,-1,1,1,3,-1,-1,-1,0,0,1,0,0,10,0,0,0,47.45
1,0,0,0,-1,0,1,0,0,0,0,0,1,-1,3,0,1,1,1,-1,0,3,0,-1,200,0,9223372036800000000,5,0,10,0,0,7,0,0,1,0,0,1,1,0,-1,0,0,0,2,2,0,1,-1,-1,-1,-1,0,10,-1,1,1,3,-1,-1,-1,0,0,1,0,0,10,0,0,0,20.04
1,0,0,0,-1,0,1,0,0,0,0,0,2,-1,3,0,1,1,1,-1,0,3,0,-1,200,0,9223372036800000000,5,0,10,0,0,7,0,0,1,0,0,1,1,0,1,0,0,0,2,2,0,1,-1,-1,-1,-1,0,10,-1,1,1,3,-1,-1,-1,0,0,1,0,0,10,0,0,0,19.67
1,0,0,0,-1,0,1,5,0,0,0,0,2,2,0,-1,-1,0,0,1,1,3,0,-1,200,0,9223372036800000000,10,0,10,0,0,7,0,0,1,0,0,0,1,0,1,0,0,0,3,2,0,1,-1,-1,-1,-1,0,10,-1,1,1,3,-1,-1,-1,0,0,1,0,0,10,0,0,0,21.69
1,0,0,0,-1,0,1,1,0,0,0,0,0,-1,0,0,-1,1,2,2,2,3,0,-1,200,0,9223372036800000000,20,0,10,0,0,7,0,0,1,0,0,3,1,0,-1,0,0,0,4,2,0,1,-1,-1,-1,-1,0,10,-1,1,1,3,-1,-1,-1,0,0,1,0,0,10,0,0,0,22.11
1,0,0,0,-1,0,1,0,0,0,0,0,1,-1,3,0,1,1,1,-1,0,3,0,-1,10,0,9223372036800000000,5,0,10,0,0,7,0,0,1,0,0,1,1,0,-1,0,0,0,2,2,0,1,-1,-1,-1,-1,0,10,-1,1,1,3,-1,-1,-1,0,0,1,0,0,10,0,0,0,20.59
1,0,0,0,-1,0,1,0,0,0,0,0,1,-1,3,0,1,1,2,-1,0,3,0,-1,150,0,9223372036800000000,5,0,10,0,0,7,0,0,1,0,0,1,1,0,3,0,0,0,2,2,0,1,-1,-1,-1,-1,0,10,-1,1,1,3,-1,-1,-1,0,0,1,0,0,10,0,0,0,20.37
1,0,0,0,-1,0,1,0,0,0,0,0,0,0,2,-1,-1,1,0,-1,-1,3,0,-1,25,0,9223372036800000000,1e+75,0,10,0,0,7,0,0,1,0,0,1,1,0,0,0,0,0,0,2,0,1,-1,-1,-1,-1,0,10,-1,1,1,3,-1,-1,-1,0,0,1,0,0,10,0,0,0,27.81
1,0,0,0,-1,0,1,1,0,0,0,0,2,3,0,2,0,-1,0,-1,-1,3,0,-1,150,0,9223372036800000000,2,0,10,0,0,7,0,0,1,0,0,2,1,0,3,0,0,0,3,2,0,1,-1,-1,-1,-1,0,10,-1,1,1,3,-1,-1,-1,0,0,1,0,0,10,0,0,0,23.86
1,0,0,0,-1,0,1,5,0,0,0,0,3,1,-1,0,-1,0,0,2,2,3,0,-1,25,0,9223372036800000000,40,0,10,0,0,7,0,0,1,0,0,3,1,0,-1,0,0,0,-1,2,0,1,-1,-1,-1,-1,0,10,-1,1,1,3,-1,-1,-1,0,0,1,0,0,10,0,0,0,22.17
1,0,0,0,-1,0,1,4,0,0,0,0,0,2,2,1,2,-1,-1,2,1,3,0,16,100,0,9223372036800000000,120,0,10,0,0,7,0,0,1,0,0,0,1,0,1,0,0,0,1,2,0,1,-1,-1,-1,-1,0,10,-1,1,1,3,-1,-1,-1,0,0,1,0,0,10,0,0,0,22.18
1,0,0,0,-1,0,1,4,0,0,0,0,0,0,0,2,0,2,0,1,2,3,0,-1,100,0,9223372036800000000,1e+75,0,10,0,0,7,0,0,1,0,0,1,1,0,0,0,0,0,0,2,0,1,-1,-1,-1,-1,0,10,-1,1,1,3,-1,-1,-1,0,0,1,0,0,10,0,0,0,15.64
1,0,0,0,-1,0,1,0,0,0,0,0,1,-1,2,2,1,0,0,2,-1,3,0,1,200,0,9223372036800000000,5,0,10,0,0,7,0,0,1,0,0,2,1,0,0,0,0,0,0,2,0,1,-1,-1,-1,-1,0,10,-1,1,1,3,-1,-1,-1,0,0,1,0,0,10,0,0,0,46.35
1,0,0,0,-1,0,1,5,0,0,0,0,2,3,0,2,0,-1,0,-1,-1,3,0,-1,150,0,9223372036800000000,2,0,10,0,0,7,0,0,1,0,0,2,1,0,3,0,0,0,3,2,0,1,-1,-1,-1,-1,0,10,-1,1,1,3,-1,-1,-1,0,0,1,0,0,10,0,0,0,23.86
1,0,0,0,-1,0,1,1,0,0,0,0,2,3,0,2,0,-1,0,-1,-1,3,0,-1,150,0,9223372036800000000,40,0,10,0,0,7,0,0,1,0,0,2,1,0,3,0,0,0,3,2,0,1,-1,-1,-1,-1,0,10,-1,1,1,3,-1,-1,-1,0,0,1,0,0,10,0,0,0,23.49
1,0,0,0,-1,0,1,1,0,0,0,0,2,3,0,2,0,-1,0,-1,-1,3,0,-1,150,0,9223372036800000000,20,0,10,0,0,7,0,0,1,0,0,2,1,0,3,0,0,0,3,2,0,1,-1,-1,-1,-1,0,10,-1,1,1,3,-1,-1,-1,0,0,1,0,0,10,0,0,0,23.37
1,0,0,0,-1,0,1,0,0,0,0,0,1,0,-1,-1,0,-1,1,0,2,3,0,-1,50,0,9223372036800000000,0,0,10,0,0,7,0,0,1,0,0,0,1,0,2,0,0,0,4,2,0,1,-1,-1,-1,-1,0,10,-1,1,1,3,-1,-1,-1,0,0,1,0,0,10,0,0,0,22.05
1,0,0,0,-1,0,1,1,0,0,0,0,2,-1,0,2,0,-1,0,-1,-1,3,0,-1,150,0,9223372036800000000,20,0,10,0,0,7,0,0,1,0,0,2,1,0,3,0,0,0,3,2,0,1,-1,-1,-1,-1,0,10,-1,1,1,3,-1,-1,-1,0,0,1,0,0,10,0,0,0,23.55
1,0,0,0,-1,0,1,1,0,0,0,0,2,3,0,2,0,-1,0,-1,-1,3,0,-1,150,0,9223372036800000000,10,0,10,0,0,7,0,0,1,0,0,2,1,0,3,0,0,0,3,2,0,1,-1,-1,-1,-1,0,10,-1,1,1,3,-1,-1,-1,0,0,1,0,0,10,0,0,0,23.66
1,0,0,0,-1,0,1,5,0,0,0,0,0,0,3,0,-1,2,-1,0,1,3,0,16,100,0,9223372036800000000,5,0,10,0,0,7,0,0,1,0,0,1,1,3,-1,0,0,0,1,2,0,1,-1,-1,-1,-1,0,10,-1,1,1,3,-1,-1,-1,0,0,1,0,0,10,0,0,0,24.44
1,0,0,0,-1,0,1,1,0,0,0,0,2,3,0,2,0,-1,0,-1,2,3,0,-1,150,0,9223372036800000000,20,0,10,0,0,7,0,0,1,0,0,2,1,0,3,0,0,0,3,2,0,1,-1,-1,-1,-1,0,10,-1,1,1,3,-1,-1,-1,0,0,1,0,0,10,0,0,0,23.86
1,0,0,0,-1,0,1,4,0,0,0,0,3,-1,1,2,-1,1,2,1,-1,3,0,16,800,0,9223372036800000000,5,0,10,0,0,7,0,0,1,0,0,0,1,3,2,0,0,1,1,2,0,1,-1,-1,-1,-1,0,10,-1,1,1,3,-1,-1,-1,0,0,1,5,0,10,0,0,0,23.35
1,0,0,0,-1,0,1,0,0,0,0,0,0,0,2,0,-1,0,0,0,0,3,0,-1,100,0,9223372036800000000,2,0,10,0,0,7,0,0,1,0,0,1,1,0,1,0,0,0,0,2,0,1,-1,-1,-1,-1,0,10,-1,1,1,3,-1,-1,-1,0,0,1,0,0,10,0,0,0,13.46
1,0,0,0,-1,0,1,1,0,0,0,0,2,3,0,2,0,-1,0,-1,-1,3,0,-1,150,0,9223372036800000000,50,0,10,0,0,7,0,0,1,0,0,2,1,0,3,0,0,0,3,2,0,1,-1,-1,-1,-1,0,10,-1,1,1,3,-1,-1,-1,0,0,1,0,0,10,0,0,0,23.37
1,0,0,0,-1,0,1,1,0,0,0,0,2,3,0,2,0,-1,1,-1,-1,3,0,-1,150,0,9223372036800000000,20,0,10,0,0,7,0,0,1,0,0,2,1,0,3,0,0,0,3,2,0,1,-1,-1,-1,-1,0,10,-1,1,1,3,-1,-1,-1,0,0,1,0,0,10,0,0,0,24.02
1,0,0,0,-1,0,1,4,0,0,0,0,3,-1,1,2,-1,1,2,1,-1,3,0,16,50,0,9223372036800000000,5,0,10,0,0,7,0,0,1,0,0,0,1,3,3,0,0,1,1,2,0,1,-1,-1,-1,-1,0,10,-1,1,1,3,-1,-1,-1,0,0,1,5,0,10,0,0,0,23.25
1,0,0,0,-1,0,1,4,0,0,0,0,3,1,3,2,-1,2,-1,1,1,3,0,-1,800,0,9223372036800000000,0,0,10,0,0,7,0,0,1,0,0,2,1,1,0,0,0,1,3,2,0,1,-1,-1,-1,-1,0,10,-1,1,1,3,-1,-1,-1,0,0,1,0,0,10,0,0,0,22.79
1,0,0,0,-1,0,1,0,0,0,0,0,0,0,0,2,0,2,1,0,1,3,0,8,400,0,9223372036800000000,1e+75,0,10,0,0,7,0,0,1,0,0,1,1,-1,-1,0,0,0,0,2,0,1,-1,-1,-1,-1,0,10,-1,1,1,3,-1,-1,-1,0,0,1,0,0,10,0,0,0,15.54
1,0,0,0,-1,0,1,0,0,0,0,0,2,3,0,2,0,-1,0,-1,-1,3,0,-1,150,0,9223372036800000000,20,0,10,0,0,7,0,0,1,0,0,2,1,0,3,0,0,0,3,2,0,1,-1,-1,-1,-1,0,10,-1,1,1,3,-1,-1,-1,0,0,1,0,0,10,0,0,0,22.92
1,0,0,0,-1,0,1,2,0,0,0,0,3,2,-1,1,0,0,0,1,2,3,0,-1,100,0,9223372036800000000,40,0,10,0,0,7,0,0,1,0,0,3,1,0,-1,0,0,0,0,2,0,1,-1,-1,-1,-1,0,10,-1,1,1,3,-1,-1,-1,0,0,1,0,0,10,0,0,0,19.3
1,0,0,0,-1,0,1,4,0,0,0,0,3,-1,1,2,1,1,2,1,-1,3,0,16,50,0,9223372036800000000,5,0,10,0,0,7,0,0,1,0,0,0,1,3,2,0,0,1,1,2,0,1,-1,-1,-1,-1,0,10,-1,1,1,3,-1,-1,-1,0,0,1,5,0,10,0,0,0,23.57
1,0,0,0,-1,0,1,1,0,0,0,0,-1,2,3,1,2,-1,0,1,0,3,0,1,100,0,9223372036800000000,5,0,10,0,0,7,0,0,1,0,0,2,1,2,2,0,0,0,4,2,0,1,-1,-1,-1,-1,0,10,-1,1,1,3,-1,-1,-1,0,0,1,0,0,10,0,0,0,47.61
1,0,0,0,-1,0,1,2,0,0,0,0,-1,1,-1,-1,-1,1,2,0,0,3,0,1,10,0,9223372036800000000,40,0,10,0,0,7,0,0,1,0,0,3,1,-1,3,0,0,1,0,2,0,1,-1,-1,-1,-1,0,10,-1,1,1,3,-1,-1,-1,0,0,1,1,0,10,0,0,0,46.4
1,0,0,0,-1,0,1,0,0,0,0,0,2,3,0,2,0,-1,0,-1,-1,3,0,-1,150,0,9223372036800000000,60,0,10,0,0,7,0,0,1,0,0,2,1,0,3,0,0,0,3,2,0,1,-1,-1,-1,-1,0,10,-1,1,1,3,-1,-1,-1,0,0,1,0,0,10,0,0,0,22.94
1,0,0,0,-1,0,1,0,0,0,0,0,2,3,0,2,0,-1,0,2,-1,3,0,-1,150,0,9223372036800000000,60,0,10,0,0,7,0,0,1,0,0,2,1,0,3,0,0,0,3,2,0,1,-1,-1,-1,-1,0,10,-1,1,1,3,-1,-1,-1,0,0,1,0,0,10,0,0,0,22.8
1,0,0,0,-1,0,1,4,0,0,0,0,1,-1,0,1,0,1,-1,2,-1,3,0,-1,800,0,9223372036800000000,10,0,10,0,0,7,0,0,1,0,0,3,1,0,1,0,0,0,2,2,0,1,-1,-1,-1,-1,0,10,-1,1,1,3,-1,-1,-1,0,0,1,0,0,10,0,0,0,20.49
1,0,0,0,-1,0,1,2,0,0,0,0,2,2,-1,1,-1,0,1,2,-1,3,0,1,200,0,9223372036800000000,1,0,10,0,0,7,0,0,1,0,0,2,1,1,-1,0,0,0,0,2,0,1,-1,-1,-1,-1,0,10,-1,1,1,3,-1,-1,-1,0,0,1,0,0,10,0,0,0,46.11
1,0,0,0,-1,0,1,1,0,0,0,0,0,-1,0,0,-1,1,2,2,2,3,0,-1,400,0,9223372036800000000,120,0,10,0,0,7,0,0,1,0,0,3,1,0,-1,0,0,0,4,2,0,1,-1,-1,-1,-1,0,10,-1,1,1,3,-1,-1,-1,0,0,1,0,0,10,0,0,0,22.11
1,0,0,0,-1,0,1,3,0,0,0,0,-1,2,3,0,2,1,2,-1,2,3,0,-1,100,0,9223372036800000000,120,0,10,0,0,7,0,0,1,0,0,1,1,0,0,0,0,0,-1,2,0,1,-1,-1,-1,-1,0,10,-1,1,1,3,-1,-1,-1,0,0,1,0,0,10,0,0,0,27.09
1,0,0,0,-1,0,1,3,0,0,0,0,3,2,0,0,1,1,2,-1,2,3,0,-1,100,0,9223372036800000000,120,0,10,0,0,7,0,0,1,0,0,1,1,0,-1,0,0,0,-1,2,0,1,-1,-1,-1,-1,0,10,-1,1,1,3,-1,-1,-1,0,0,1,0,0,10,0,0,0,24.18
1,0,0,0,-1,0,1,3,0,0,0,0,3,2,0,0,1,1,2,-1,2,3,0,-1,150,0,9223372036800000000,5,0,10,0,0,7,0,0,1,0,0,1,1,0,0,0,0,0,-1,2,0,1,-1,-1,-1,-1,0,10,-1,1,1,3,-1,-1,-1,0,0,1,0,0,10,0,0,0,22.16
1,0,0,0,-1,0,1,5,0,0,0,0,3,0,-1,0,-1,0,-1,-1,2,3,0,-1,800,0,9223372036800000000,1e+75,0,10,0,0,7,0,0,1,0,0,1,1,0,0,0,0,0,0,2,0,1,-1,-1,-1,-1,0,10,-1,1,1,3,-1,-1,-1,0,0,1,0,0,10,0,0,0,20.91
1,0,0,0,-1,0,1,0,0,0,0,0,2,0,2,2,-1,2,1,0,0,3,0,-1,10,0,9223372036800000000,1e+75,0,10,0,0,7,0,0,1,0,0,1,1,0,0,0,0,0,0,2,0,1,-1,-1,-1,-1,0,10,-1,1,1,3,-1,-1,-1,0,0,1,0,0,10,0,0,0,15.1
1,0,0,0,-1,0,1,2,0,0,0,0,3,2,-1,1,0,0,0,1,2,3,0,-1,100,0,9223372036800000000,1,0,10,0,0,7,0,0,1,0,0,0,1,0,-1,0,0,0,0,2,0,1,-1,-1,-1,-1,0,10,-1,1,1,3,-1,-1,-1,0,0,1,0,0,10,0,0,0,18.41
1,0,0,0,-1,0,1,3,0,0,0,0,3,2,0,0,1,1,2,-1,2,3,0,-1,50,0,9223372036800000000,5,0,10,0,0,7,0,0,1,0,0,1,1,0,0,0,0,0,-1,2,0,1,-1,-1,-1,-1,0,10,-1,1,1,3,-1,-1,-1,0,0,1,0,0,10,0,0,0,22.97
1,0,0,0,-1,0,1,0,0,0,0,0,-1,3,1,1,0,1,1,0,0,3,0,16,800,0,9223372036800000000,1e+75,0,10,0,0,7,0,0,1,0,0,0,1,0,0,0,0,0,0,2,0,1,-1,-1,-1,-1,0,10,-1,1,1,3,-1,-1,-1,0,0,1,0,0,10,0,0,0,20.83
1,0,0,0,-1,0,1,5,0,0,0,0,-1,2,0,0,0,2,0,0,0,3,0,-1,200,0,9223372036800000000,1e+75,0,10,0,0,7,0,0,1,0,0,1,1,0,3,0,0,0,3,2,0,1,-1,-1,-1,-1,0,10,-1,1,1,3,-1,-1,-1,0,0,1,0,0,10,0,0,0,19.86
1,0,0,0,-1,0,1,3,0,0,0,0,3,2,0,0,1,1,2,-1,-1,3,0,-1,100,0,9223372036800000000,5,0,10,0,0,7,0,0,1,0,0,1,1,0,0,0,0,0,-1,2,0,1,-1,-1,-1,-1,0,10,-1,1,1,3,-1,-1,-1,0,0,1,0,0,10,0,0,0,22.95
1,0,0,0,-1,0,1,4,0,0,0,0,1,1,0,2,0,2,2,2,-1,3,0,2,800,0,9223372036800000000,40,0,10,0,0,7,0,0,1,0,0,1,1,0,2,0,0,0,4,2,0,1,-1,-1,-1,-1,0,10,-1,1,1,3,-1,-1,-1,0,0,1,1,0,10,0,0,0,19.58
1,0,0,0,-1,0,1,3,0,0,0,0,3,2,0,0,1,1,2,-1,2,3,0,-1,100,0,9223372036800000000,0,0,10,0,0,7,0,0,1,0,0,1,1,0,0,0,0,0,-1,2,0,1,-1,-1,-1,-1,0,10,-1,1,1,3,-1,-1,-1,0,0,1,0,0,10,0,0,0,24.18
1,0,0,0,-1,0,1,2,0,0,0,0,3,2,-1,1,0,0,0,1,2,3,0,-1,100,0,9223372036800000000,40,0,10,0,0,7,0,0,1,0,0,0,1,0,-1,0,0,0,3,2,0,1,-1,-1,-1,-1,0,10,-1,1,1,3,-1,-1,-1,0,0,1,0,0,10,0,0,0,23.27
1,0,0,0,-1,0,1,5,0,0,0,0,2,1,3,2,2,-1,1,-1,2,3,0,16,150,0,9223372036800000000,60,0,10,0,0,7,0,0,1,0,0,0,1,3,3,0,0,4,2,2,0,1,-1,-1,-1,-1,0,10,-1,1,1,3,-1,-1,-1,0,0,1,3,0,10,0,0,0,33.54
1,0,0,0,-1,0,1,5,0,0,0,0,2,1,3,1,2,2,1,-1,2,3,0,16,800,0,9223372036800000000,60,0,10,0,0,7,0,0,1,0,0,0,1,3,3,0,0,4,2,2,0,1,-1,-1,-1,-1,0,10,-1,1,1,3,-1,-1,-1,0,0,1,1,0,10,0,0,0,34.58
1,0,0,0,-1,0,1,3,0,0,0,0,3,2,0,0,1,1,2,-1,2,3,0,-1,100,0,9223372036800000000,50,0,10,0,0,7,0,0,1,0,0,1,1,0,0,0,0,0,-1,2,0,1,-1,-1,-1,-1,0,10,-1,1,1,3,-1,-1,-1,0,0,1,0,0,10,0,0,0,22.16
1,0,0,0,-1,0,1,3,0,0,0,0,3,2,0,2,1,1,2,-1,2,3,0,-1,100,0,9223372036800000000,5,0,10,0,0,7,0,0,1,0,0,1,1,0,0,0,0,0,-1,2,0,1,-1,-1,-1,-1,0,10,-1,1,1,3,-1,-1,-1,0,0,1,0,0,10,0,0,0,23.72
1,0,0,0,-1,0,1,1,0,0,0,0,1,-1,0,1,-1,1,-1,2,-1,3,0,-1,800,0,9223372036800000000,240,0,10,0,0,7,0,0,1,0,0,3,1,0,1,0,0,0,2,2,0,1,-1,-1,-1,-1,0,10,-1,1,1,3,-1,-1,-1,0,0,1,0,0,10,0,0,0,23.02
1,0,0,0,-1,0,1,4,0,0,0,0,0,0,0,-1,2,0,2,1,-1,3,0,-1,100,0,9223372036800000000,1e+75,0,10,0,0,7,0,0,1,0,0,1,1,0,0,0,0,0,0,2,0,1,-1,-1,-1,-1,0,10,-1,1,1,3,-1,-1,-1,0,0,1,0,0,10,0,0,0,16.52
1,0,0,0,-1,0,1,0,0,0,0,0,1,0,3,0,0,1,0,1,0,3,0,-1,200,0,9223372036800000000,1e+75,0,10,0,0,7,0,0,1,0,0,1,1,0,0,0,0,0,0,2,0,1,-1,-1,-1,-1,0,10,-1,1,1,3,-1,-1,-1,0,0,1,0,0,10,0,0,0,18.37
1,0,0,0,-1,0,1,4,0,0,0,0,0,0,1,0,1,0,2,0,1,3,0,-1,25,0,9223372036800000000,1e+75,0,10,0,0,7,0,0,1,0,0,1,1,0,0,0,0,0,0,2,0,1,-1,-1,-1,-1,0,10,-1,1,1,3,-1,-1,-1,0,0,1,0,0,10,0,0,0,16.26
1,0,0,0,-1,0,1,0,0,0,0,0,1,1,3,0,-1,-1,2,1,1,3,0,-1,10,0,9223372036800000000,0,0,10,0,0,7,0,0,1,0,0,0,1,0,0,0,0,0,4,2,0,1,-1,-1,-1,-1,0,10,-1,1,1,3,-1,-1,-1,0,0,1,0,0,10,0,0,0,22.57
1,0,0,0,-1,0,1,4,0,0,0,0,3,0,2,2,-1,2,-1,-1,-1,3,0,-1,150,0,9223372036800000000,1e+75,0,10,0,0,7,0,0,1,0,0,1,1,0,0,0,0,0,0,2,0,1,-1,-1,-1,-1,0,10,-1,1,1,3,-1,-1,-1,0,0,1,0,0,10,0,0,0,17.02
1,0,0,0,-1,0,1,5,0,0,0,0,1,-1,0,1,2,1,-1,2,-1,3,0,-1,800,0,9223372036800000000,10,0,10,0,0,7,0,0,1,0,0,3,1,0,1,0,0,0,2,2,0,1,-1,-1,-1,-1,0,10,-1,1,1,3,-1,-1,-1,0,0,1,0,0,10,0,0,0,21.28
1,0,0,0,-1,0,1,1,0,0,0,0,3,2,3,2,0,-1,-1,0,-1,3,0,-1,50,0,9223372036800000000,50,0,10,0,0,7,0,0,1,0,0,2,1,0,-1,0,0,0,3,2,0,1,-1,-1,-1,-1,0,10,-1,1,1,3,-1,-1,-1,0,0,1,0,0,10,0,0,0,23.39
1,0,0,0,-1,0,1,5,0,0,0,0,1,-1,0,1,-1,1,-1,2,-1,3,0,-1,800,0,9223372036800000000,1,0,10,0,0,7,0,0,1,0,0,3,1,0,1,0,0,0,2,2,0,1,-1,-1,-1,-1,0,10,-1,1,1,3,-1,-1,-1,0,0,1,0,0,10,0,0,0,21.28
1,0,0,0,-1,0,1,1,0,0,0,0,0,3,0,1,-1,1,0,-1,0,3,0,2,800,0,9223372036800000000,30,0,10,0,0,7,0,0,1,0,0,1,1,0,1,0,0,0,0,2,0,1,-1,-1,-1,-1,0,10,-1,1,1,3,-1,-1,-1,0,0,1,0,0,10,0,0,0,25.2
1,0,0,0,-1,0,1,4,0,0,0,0,0,-1,3,-1,2,2,2,0,2,3,0,-1,100,0,9223372036800000000,1e+75,0,10,0,0,7,0,0,1,0,0,1,1,0,-1,0,0,0,0,2,0,1,-1,-1,-1,-1,0,10,-1,1,1,3,-1,-1,-1,0,0,1,0,0,10,0,0,0,21.35
1,0,0,0,-1,0,1,5,0,0,0,0,1,-1,3,1,-1,1,-1,2,-1,3,0,-1,800,0,9223372036800000000,10,0,10,0,0,7,0,0,1,0,0,3,1,0,1,0,0,0,2,2,0,1,-1,-1,-1,-1,0,10,-1,1,1,3,-1,-1,-1,0,0,1,0,0,10,0,0,0,23.53
1,0,0,0,-1,0,1,5,0,0,0,0,1,2,2,-1,1,0,1,1,-1,3,0,-1,400,0,9223372036800000000,10,0,10,0,0,7,0,0,1,0,0,3,1,1,2,0,0,4,-1,2,0,1,-1,-1,-1,-1,0,10,-1,1,1,3,-1,-1,-1,0,0,1,3,0,10,0,0,0,34.28
1,0,0,0,-1,0,1,2,0,0,0,0,1,1,-1,1,0,1,-1,0,1,3,0,2,200,0,9223372036800000000,1e+75,0,10,0,0,7,0,0,1,0,0,0,1,2,3,0,0,1,1,2,0,1,-1,-1,-1,-1,0,10,-1,1,1,3,-1,-1,-1,0,0,1,0,0,10,0,0,0,23.89
1,0,0,0,-1,0,1,5,0,0,0,0,1,-1,0,1,-1,1,-1,2,-1,3,0,-1,400,0,9223372036800000000,10,0,10,0,0,7,0,0,1,0,0,3,1,0,1,0,0,0,2,2,0,1,-1,-1,-1,-1,0,10,-1,1,1,3,-1,-1,-1,0,0,1,0,0,10,0,0,0,21.28
1,0,0,0,-1,0,1,4,0,0,0,0,1,-1,0,1,-1,1,-1,2,-1,3,0,-1,800,0,9223372036800000000,10,0,10,0,0,7,0,0,1,0,0,3,1,0,1,0,0,0,2,2,0,1,-1,-1,-1,-1,0,10,-1,1,1,3,-1,-1,-1,0,0,1,0,0,10,0,0,0,20.49
1,0,0,0,-1,0,1,4,0,0,0,0,3,3,1,2,-1,-1,2,1,-1,3,0,16,50,0,9223372036800000000,5,0,10,0,0,7,0,0,1,0,0,0,1,3,2,0,0,1,1,2,0,1,-1,-1,-1,-1,0,10,-1,1,1,3,-1,-1,-1,0,0,1,5,0,10,0,0,0,24.16
1,0,0,0,-1,0,1,5,0,0,0,0,2,1,0,-1,0,2,2,0,0,3,0,4,400,0,9223372036800000000,20,0,10,0,0,7,0,0,1,0,0,1,1,0,3,0,0,0,0,2,0,1,-1,-1,-1,-1,0,10,-1,1,1,3,-1,-1,-1,0,0,1,0,0,10,0,0,0,20.1
1,0,0,0,-1,0,1,2,0,0,0,0,3,1,1,1,-1,-1,1,0,2,3,0,-1,10,0,9223372036800000000,30,0,10,0,0,7,0,0,1,0,0,0,1,0,1,0,0,0,0,2,0,1,-1,-1,-1,-1,0,10,-1,1,1,3,-1,-1,-1,0,0,1,0,0,10,0,0,0,22.01
1,0,0,0,-1,0,1,3,0,0,0,0,0,0,3,2,2,0,0,2,-1,3,0,16,10,0,9223372036800000000,50,0,10,0,0,7,0,0,1,0,0,1,1,3,-1,0,0,0,2,2,0,1,-1,-1,-1,-1,0,10,-1,1,1,3,-1,-1,-1,0,0,1,0,0,10,0,0,0,20.35
1,0,0,0,-1,0,1,2,0,0,0,0,3,1,1,1,-1,-1,1,0,1,3,0,-1,10,0,9223372036800000000,30,0,10,0,0,7,0,0,1,0,0,0,1,0,1,0,0,0,0,2,0,1,-1,-1,-1,-1,0,10,-1,1,1,3,-1,-1,-1,0,0,1,0,0,10,0,0,0,21.15
1,0,0,0,-1,0,1,2,0,0,0,0,3,1,1,1,-1,-1,1,0,1,3,0,-1,10,0,9223372036800000000,30,0,10,0,0,7,0,0,1,0,0,0,1,0,1,0,0,0,1,2,0,1,-1,-1,-1,-1,0,10,-1,1,1,3,-1,-1,-1,0,0,1,0,0,10,0,0,0,23.58
1,0,0,0,-1,0,1,4,0,0,0,0,0,0,0,0,0,-1,0,1,2,3,0,-1,100,0,9223372036800000000,1e+75,0,10,0,0,7,0,0,1,0,0,1,1,0,0,0,0,0,0,2,0,1,-1,-1,-1,-1,0,10,-1,1,1,3,-1,-1,-1,0,0,1,0,0,10,0,0,0,16.02
1,0,0,0,-1,0,1,0,0,0,0,0,0,0,2,0,-1,0,0,0,0,3,0,-1,100,0,9223372036800000000,2,0,10,0,0,7,0,0,1,0,0,1,1,0,0,-1,0,0,0,2,0,1,-1,-1,-1,-1,0,10,-1,1,1,3,-1,-1,-1,0,0,1,0,0,10,0,0,0,15.61
1,0,0,0,-1,0,1,0,0,0,0,0,0,0,2,0,-1,0,0,0,0,3,0,-1,100,0,9223372036800000000,2,0,10,0,0,15,0,0,1,0,0,1,1,0,0,0,0,0,0,2,0,1,-1,-1,-1,-1,0,10,-1,1,1,3,-1,-1,-1,0,0,1,0,0,10,0,0,0,13.11
1,0,0,0,-1,0,1,4,0,0,0,0,0,0,2,2,-1,2,1,0,0,3,0,-1,100,0,9223372036800000000,1e+75,0,10,0,0,7,0,0,1,0,0,1,1,0,0,0,0,0,0,2,0,1,-1,-1,-1,-1,0,10,-1,1,1,3,-1,-1,-1,0,0,1,0,0,10,0,0,0,16.02
1,0,0,0,-1,0,1,2,0,0,0,0,3,1,1,1,-1,-1,1,2,1,3,0,-1,10,0,9223372036800000000,30,0,10,0,0,7,0,0,1,0,0,0,1,0,1,0,0,0,0,2,0,1,-1,-1,-1,-1,0,10,-1,1,1,3,-1,-1,-1,0,0,1,0,0,10,0,0,0,21.2
1,0,0,0,-1,0,1,0,0,0,0,0,3,1,1,1,-1,-1,1,0,1,3,0,-1,10,0,9223372036800000000,30,0,10,0,0,7,0,0,1,0,0,0,1,0,1,0,0,0,0,2,0,1,-1,-1,-1,-1,0,10,-1,1,1,3,-1,-1,-1,0,0,1,0,0,10,0,0,0,21.51
1,0,0,0,-1,0,1,3,0,0,0,0,-1,2,0,0,1,1,2,-1,2,3,0,-1,100,0,9223372036800000000,120,0,10,0,0,7,0,0,1,0,0,1,1,0,0,0,0,0,-1,2,0,1,-1,-1,-1,-1,0,10,-1,1,1,3,-1,-1,-1,0,0,1,0,0,10,0,0,0,22.17
1,0,0,0,-1,0,1,5,0,0,0,0,-1,3,-1,1,0,0,2,-1,2,3,0,8,50,0,9223372036800000000,0,0,10,0,0,7,0,0,1,0,0,0,1,1,2,0,0,0,0,2,0,1,-1,-1,-1,-1,0,10,-1,1,1,3,-1,-1,-1,0,0,1,0,0,10,0,0,0,21.03
1,0,0,0,-1,0,1,2,0,0,0,0,3,1,1,1,-1,-1,0,0,1,3,0,-1,10,0,9223372036800000000,30,0,10,0,0,7,0,0,1,0,0,1,1,0,1,0,0,0,0,2,0,1,-1,-1,-1,-1,0,10,-1,1,1,3,-1,-1,-1,0,0,1,0,0,10,0,0,0,13.55
1,0,0,0,-1,0,1,4,0,0,0,0,0,0,1,1,1,1,-1,1,1,3,0,16,400,0,9223372036800000000,1e+75,0,10,0,0,7,0,0,1,0,0,2,1,1,1,0,0,0,4,2,0,1,-1,-1,-1,-1,0,10,-1,1,1,3,-1,-1,-1,0,0,1,0,0,10,0,0,0,20.8
1,0,0,0,-1,0,1,2,0,0,0,0,3,1,1,1,2,-1,0,0,1,3,0,-1,10,0,9223372036800000000,30,0,10,0,0,7,0,0,1,0,0,1,1,0,1,0,0,0,0,2,0,1,-1,-1,-1,-1,0,10,-1,1,1,3,-1,-1,-1,0,0,1,0,0,10,0,0,0,14.01
1,0,0,0,-1,0,1,1,0,0,0,0,1,3,-1,-1,2,-1,2,1,-1,3,0,-1,25,0,9223372036800000000,30,0,10,0,0,7,0,0,1,0,0,1,1,0,2,0,0,0,2,2,0,1,-1,-1,-1,-1,0,10,-1,1,1,3,-1,-1,-1,0,0,1,0,0,10,0,0,0,20.91
1,0,0,0,-1,0,1,1,0,0,0,0,0,-1,0,0,-1,1,2,2,2,3,0,-1,400,0,9223372036800000000,20,0,10,0,0,7,0,0,1,0,0,3,1,0,1,0,0,0,4,2,0,1,-1,-1,-1,-1,0,10,-1,1,1,3,-1,-1,-1,0,0,1,0,0,10,0,0,0,23.18
1,0,0,0,-1,0,1,2,0,0,0,0,3,1,1,1,-1,-1,0,1,1,3,0,-1,10,0,9223372036800000000,30,0,10,0,0,7,0,0,1,0,0,1,1,0,1,0,0,0,0,2,0,1,-1,-1,-1,-1,0,10,-1,1,1,3,-1,-1,-1,0,0,1,0,0,10,0,0,0,16.51
1,0,0,0,-1,0,1,2,0,0,0,0,3,1,1,1,-1,-1,0,0,1,3,0,-1,10,0,9223372036800000000,30,0,10,0,0,7,0,0,1,0,0,1,1,0,1,0,0,0,4,2,0,1,-1,-1,-1,-1,0,10,-1,1,1,3,-1,-1,-1,0,0,1,0,0,10,0,0,0,15.32
1,0,0,0,-1,0,1,5,0,0,0,0,2,2,0,-1,-1,0,0,1,1,3,0,-1,50,0,9223372036800000000,240,0,10,0,0,7,0,0,1,0,0,0,1,0,2,0,0,0,3,2,0,1,-1,-1,-1,-1,0,10,-1,1,1,3,-1,-1,-1,0,0,1,0,0,10,0,0,0,23.42
1,0,0,0,-1,0,1,0,0,0,0,0,0,0,2,0,-1,0,0,0,1,3,0,-1,100,0,9223372036800000000,2,0,10,0,0,7,0,0,1,0,0,1,1,0,0,0,0,0,0,2,0,1,-1,-1,-1,-1,0,10,-1,1,1,3,-1,-1,-1,0,0,1,0,0,10,0,0,0,13
1,0,0,0,-1,0,1,5,0,0,0,0,2,2,0,-1,-1,0,0,1,1,3,0,-1,50,0,9223372036800000000,10,0,10,0,0,7,0,0,1,0,0,0,1,0,1,0,0,0,3,2,0,1,-1,-1,-1,-1,0,10,-1,1,1,3,-1,-1,-1,0,0,1,0,0,10,0,0,0,22.42
1,0,0,0,-1,0,1,3,0,0,0,0,3,0,1,1,0,-1,0,2,1,3,0,-1,800,0,9223372036800000000,1e+75,0,10,0,0,7,0,0,1,0,0,1,1,0,0,0,0,0,0,2,0,1,-1,-1,-1,-1,0,10,-1,1,1,3,-1,-1,-1,0,0,1,0,0,10,0,0,0,16.89
1,0,0,0,-1,0,1,5,0,0,0,0,2,2,0,-1,-1,0,0,1,1,3,0,-1,200,0,9223372036800000000,50,0,10,0,0,7,0,0,1,0,0,0,1,0,1,0,0,0,3,2,0,1,-1,-1,-1,-1,0,10,-1,1,1,3,-1,-1,-1,0,0,1,0,0,10,0,0,0,21.69
1,0,0,0,-1,0,1,5,0,0,0,0,2,2,0,-1,-1,0,0,1,1,3,0,-1,200,0,9223372036800000000,1,0,10,0,0,7,0,0,1,0,0,1,1,0,1,0,0,0,3,2,0,1,-1,-1,-1,-1,0,10,-1,1,1,3,-1,-1,-1,0,0,1,0,0,10,0,0,0,20.38
1,0,0,0,-1,0,1,5,0,0,0,0,2,0,0,-1,-1,0,0,1,1,3,0,-1,200,0,9223372036800000000,10,0,10,0,0,7,0,0,1,0,0,1,1,0,1,0,0,0,3,2,0,1,-1,-1,-1,-1,0,10,-1,1,1,3,-1,-1,-1,0,0,1,0,0,10,0,0,0,20.38
1,0,0,0,-1,0,1,0,0,0,0,0,1,1,3,0,-1,-1,-1,1,1,3,0,-1,10,0,9223372036800000000,60,0,10,0,0,7,0,0,1,0,0,0,1,0,0,0,0,0,0,2,0,1,-1,-1,-1,-1,0,10,-1,1,1,3,-1,-1,-1,0,0,1,0,0,10,0,0,0,24.66
1,0,0,0,-1,0,1,4,0,0,0,0,-1,3,1,0,-1,2,1,2,0,3,0,8,400,0,9223372036800000000,60,0,10,0,0,7,0,0,1,0,0,1,1,-1,3,0,0,0,-1,2,0,1,-1,-1,-1,-1,0,10,-1,1,1,3,-1,-1,-1,0,0,1,0,0,10,0,0,0,20.51
1,0,0,0,-1,0,1,0,0,0,0,0,1,1,3,0,-1,-1,2,1,1,3,0,-1,10,0,9223372036800000000,240,0,10,0,0,7,0,0,1,0,0,0,1,0,0,0,0,0,0,2,0,1,-1,-1,-1,-1,0,10,-1,1,1,3,-1,-1,-1,0,0,1,0,0,10,0,0,0,22.71
1,0,0,0,-1,0,1,0,0,0,0,0,-1,3,1,1,0,1,1,0,0,3,0,16,800,0,9223372036800000000,10,0,10,0,0,7,0,0,1,0,0,0,1,0,0,0,0,0,0,2,0,1,-1,-1,-1,-1,0,10,-1,1,1,3,-1,-1,-1,0,0,1,2,0,10,0,0,0,21.5
1,0,0,0,-1,0,1,0,0,0,0,0,1,3,3,0,-1,-1,2,1,1,3,0,-1,10,0,9223372036800000000,60,0,10,0,0,7,0,0,1,0,0,0,1,0,0,0,0,0,0,2,0,1,-1,-1,-1,-1,0,10,-1,1,1,3,-1,-1,-1,0,0,1,0,0,10,0,0,0,22.71
1,0,0,0,-1,0,1,0,0,0,0,0,1,1,3,0,-1,-1,2,1,1,3,0,-1,10,0,9223372036800000000,5,0,10,0,0,7,0,0,1,0,0,0,1,0,0,0,0,0,0,2,0,1,-1,-1,-1,-1,0,10,-1,1,1,3,-1,-1,-1,0,0,1,0,0,10,0,0,0,22.71
1,0,0,0,-1,0,1,0,0,0,0,0,1,1,3,0,-1,-1,2,1,1,3,0,-1,10,0,9223372036800000000,0,0,10,0,0,7,0,0,1,0,0,0,1,0,0,0,0,0,0,2,0,1,-1,-1,-1,-1,0,10,-1,1,1,3,-1,-1,-1,0,0,1,0,0,10,0,0,0,22.32
1,0,0,0,-1,0,1,0,0,0,0,0,1,1,3,0,-1,-1,2,1,1,3,0,-1,10,0,9223372036800000000,0,0,10,0,0,7,0,0,1,0,0,0,1,0,0,0,0,0,-1,2,0,1,-1,-1,-1,-1,0,10,-1,1,1,3,-1,-1,-1,0,0,1,0,0,10,0,0,0,22.25
1,0,0,0,-1,0,1,0,0,0,0,0,1,1,3,0,-1,-1,2,1,1,3,0,-1,10,0,9223372036800000000,1e+75,0,10,0,0,7,0,0,1,0,0,0,1,0,0,0,0,0,-1,2,0,1,-1,-1,-1,-1,0,10,-1,1,1,3,-1,-1,-1,0,0,1,0,0,10,0,0,0,23.95
1,0,0,0,-1,0,1,0,0,0,0,0,1,1,3,1,-1,-1,2,1,1,3,0,-1,10,0,9223372036800000000,0,0,10,0,0,7,0,0,1,0,0,0,1,0,0,0,0,0,-1,2,0,1,-1,-1,-1,-1,0,10,-1,1,1,3,-1,-1,-1,0,0,1,0,0,10,0,0,0,22.39
1,0,0,0,-1,0,1,0,0,0,0,0,0,0,0,0,2,0,0,0,0,3,0,-1,200,0,9223372036800000000,1e+75,0,10,0,0,7,0,0,1,0,0,1,1,0,0,0,0,0,0,2,0,1,-1,-1,-1,-1,0,10,-1,1,1,3,-1,-1,-1,0,0,1,0,0,10,0,0,0,13.37
1,0,0,0,-1,0,1,0,0,0,0,0,0,0,0,1,0,0,0,0,0,3,0,-1,100,0,9223372036800000000,1e+75,0,10,0,0,7,0,0,1,0,0,1,1,0,0,0,0,0,0,2,0,1,-1,-1,-1,-1,0,10,-1,1,1,3,-1,-1,-1,0,0,1,0,0,10,0,0,0,15.6
1,0,0,0,-1,0,1,0,0,0,0,0,1,1,3,2,-1,-1,2,1,1,3,0,-1,10,0,9223372036800000000,0,0,10,0,0,7,0,0,1,0,0,0,1,0,0,0,0,0,-1,2,0,1,-1,-1,-1,-1,0,10,-1,1,1,3,-1,-1,-1,0,0,1,0,0,10,0,0,0,22.52
1,0,0,0,-1,0,1,3,0,0,0,0,0,0,1,0,2,-1,1,2,-1,3,0,-1,150,0,9223372036800000000,60,0,10,0,0,7,0,0,1,0,0,1,1,0,2,0,0,0,-1,2,0,1,-1,-1,-1,-1,0,10,-1,1,1,3,-1,-1,-1,0,0,1,0,0,10,0,0,0,25.02
1,0,0,0,-1,0,1,5,0,0,0,0,1,1,3,1,2,2,1,-1,2,3,0,1,150,0,9223372036800000000,60,0,10,0,0,7,0,0,1,0,0,0,1,3,3,0,0,4,2,2,0,1,-1,-1,-1,-1,0,10,-1,1,1,3,-1,-1,-1,0,0,1,1,0,10,0,0,0,49.71
1,0,0,0,-1,0,1,5,0,0,0,0,1,-1,-1,0,-1,-1,2,1,1,3,0,4,200,0,9223372036800000000,20,0,10,0,0,7,0,0,1,0,0,2,1,3,-1,0,0,0,0,2,0,1,-1,-1,-1,-1,0,10,-1,1,1,3,-1,-1,-1,0,0,1,0,0,10,0,0,0,21.5
1,0,0,0,-1,0,1,3,0,0,0,0,1,0,0,0,-1,1,1,1,0,3,0,-1,800,0,9223372036800000000,1e+75,0,10,0,0,7,0,0,1,0,0,1,1,0,0,0,0,0,0,2,0,1,-1,-1,-1,-1,0,10,-1,1,1,3,-1,-1,-1,0,0,1,0,0,10,0,0,0,19.85
1,0,0,0,-1,0,1,3,0,0,0,0,0,3,1,0,2,-1,1,2,-1,3,0,-1,150,0,9223372036800000000,60,0,10,0,0,7,0,0,1,0,0,1,1,0,2,0,0,0,-1,2,0,1,-1,-1,-1,-1,0,10,-1,1,1,3,-1,-1,-1,0,0,1,0,0,10,0,0,0,25.36
1,0,0,0,-1,0,1,3,0,0,0,0,0,0,1,0,2,-1,1,2,-1,3,0,-1,150,0,9223372036800000000,1e+75,0,10,0,0,7,0,0,1,0,0,1,1,0,2,0,0,0,0,2,0,1,-1,-1,-1,-1,0,10,-1,1,1,3,-1,-1,-1,0,0,1,0,0,10,0,0,0,15.24
1,0,0,0,-1,0,1,3,0,0,0,0,0,0,1,0,2,-1,1,2,-1,3,0,-1,150,0,9223372036800000000,60,0,10,0,0,7,0,0,1,0,0,3,1,0,2,0,0,0,0,2,0,1,-1,-1,-1,-1,0,10,-1,1,1,3,-1,-1,-1,0,0,1,0,0,10,0,0,0,18.93
1,0,0,0,-1,0,1,3,0,0,0,0,0,0,1,0,2,-1,-1,2,-1,3,0,-1,150,0,9223372036800000000,60,0,10,0,0,7,0,0,1,0,0,1,1,0,2,0,0,0,0,2,0,1,-1,-1,-1,-1,0,10,-1,1,1,3,-1,-1,-1,0,0,1,0,0,10,0,0,0,16.87
1,0,0,0,-1,0,1,3,0,0,0,0,0,0,1,1,2,2,0,1,2,3,0,-1,800,0,9223372036800000000,1e+75,0,10,0,0,7,0,0,1,0,0,1,1,0,0,0,0,0,0,2,0,1,-1,-1,-1,-1,0,10,-1,1,1,3,-1,-1,-1,0,0,1,0,0,10,0,0,0,13.86
1,0,0,0,-1,0,1,2,0,0,0,0,1,0,0,0,2,2,2,1,0,3,0,-1,25,0,9223372036800000000,1e+75,0,10,0,0,7,0,0,1,0,0,1,1,0,0,0,0,0,0,2,0,1,-1,-1,-1,-1,0,10,-1,1,1,3,-1,-1,-1,0,0,1,0,0,10,0,0,0,14.78
1,0,0,0,-1,0,1,5,0,0,0,0,-1,2,0,0,0,2,0,0,0,3,0,-1,200,0,9223372036800000000,1,0,10,0,0,7,0,0,1,0,0,1,1,0,3,0,0,0,3,2,0,1,-1,-1,-1,-1,0,10,-1,1,1,3,-1,-1,-1,0,0,1,0,0,10,0,0,0,19.86
1,0,0,0,-1,0,1,3,0,0,0,0,3,0,0,0,-1,0,-1,1,0,3,0,-1,200,0,9223372036800000000,1e+75,0,10,0,0,7,0,0,1,0,0,1,1,0,0,0,0,0,0,2,0,1,-1,-1,-1,-1,0,10,-1,1,1,3,-1,-1,-1,0,0,1,0,0,10,0,0,0,15.13
1,0,0,0,-1,0,1,3,0,0,0,0,0,0,1,0,2,-1,1,2,-1,3,0,-1,150,0,9223372036800000000,2,0,10,0,0,7,0,0,1,0,0,1,1,0,2,0,0,0,0,2,0,1,-1,-1,-1,-1,0,10,-1,1,1,3,-1,-1,-1,0,0,1,0,0,10,0,0,0,15.24
1,0,0,0,-1,0,1,3,0,0,0,0,0,2,1,0,2,-1,1,2,-1,3,0,-1,150,0,9223372036800000000,60,0,10,0,0,7,0,0,1,0,0,1,1,0,2,0,0,0,0,2,0,1,-1,-1,-1,-1,0,10,-1,1,1,3,-1,-1,-1,0,0,1,0,0,10,0,0,0,15.24
1,0,0,0,-1,0,1,3,0,0,0,0,0,1,1,0,2,-1,1,2,-1,3,0,-1,150,0,9223372036800000000,60,0,10,0,0,7,0,0,1,0,0,1,1,0,2,0,0,0,0,2,0,1,-1,-1,-1,-1,0,10,-1,1,1,3,-1,-1,-1,0,0,1,0,0,10,0,0,0,15.26
1,0,0,0,-1,0,1,3,0,0,0,0,0,0,1,0,2,2,1,2,-1,3,0,-1,150,0,9223372036800000000,60,0,10,0,0,7,0,0,1,0,0,1,1,0,2,0,0,0,0,2,0,1,-1,-1,-1,-1,0,10,-1,1,1,3,-1,-1,-1,0,0,1,0,0,10,0,0,0,17.12
1,0,0,0,-1,0,1,0,0,0,0,0,2,1,-1,-1,2,2,0,1,2,3,0,1,150,0,9223372036800000000,30,0,10,0,0,7,0,0,1,0,0,3,1,2,1,0,0,0,4,2,0,1,-1,-1,-1,-1,0,10,-1,1,1,3,-1,-1,-1,0,0,1,0,0,10,0,0,0,46.59
1,0,0,0,-1,0,1,4,0,0,0,0,0,0,1,1,1,1,-1,1,1,3,0,16,400,0,9223372036800000000,0,0,10,0,0,7,0,0,1,0,0,2,1,1,1,0,0,0,4,2,0,1,-1,-1,-1,-1,0,10,-1,1,1,3,-1,-1,-1,0,0,1,0,0,10,0,0,0,19.92
1,0,0,0,-1,0,1,3,0,0,0,0,0,-1,1,0,2,-1,1,2,-1,3,0,-1,150,0,9223372036800000000,60,0,10,0,0,7,0,0,1,0,0,1,1,0,2,0,0,0,0,2,0,1,-1,-1,-1,-1,0,10,-1,1,1,3,-1,-1,-1,0,0,1,0,0,10,0,0,0,15.26
1,0,0,0,-1,0,1,5,0,0,0,0,1,1,-1,0,-1,1,0,2,2,3,0,-1,50,0,9223372036800000000,40,0,10,0,0,7,0,0,1,0,0,3,1,0,-1,0,0,0,-1,2,0,1,-1,-1,-1,-1,0,10,-1,1,1,3,-1,-1,-1,0,0,1,0,0,10,0,0,0,23.54
1,0,0,0,-1,0,1,5,0,0,0,0,3,1,-1,0,-1,0,0,2,2,3,0,-1,50,0,9223372036800000000,40,0,10,0,0,7,0,0,1,0,0,3,1,0,-1,0,0,0,-1,2,0,1,-1,-1,-1,-1,0,10,-1,1,1,3,-1,-1,-1,0,0,1,0,0,10,0,0,0,22.95
1,0,0,0,-1,0,1,3,0,0,0,0,3,1,-1,0,-1,0,0,2,2,3,0,-1,800,0,9223372036800000000,40,0,10,0,0,7,0,0,1,0,0,3,1,0,-1,0,0,0,-1,2,0,1,-1,-1,-1,-1,0,10,-1,1,1,3,-1,-1,-1,0,0,1,0,0,10,0,0,0,23.51
1,0,0,0,-1,0,1,2,0,0,0,0,1,1,-1,1,0,1,-1,0,1,3,0,2,200,0,9223372036800000000,30,0,10,0,0,7,0,0,1,0,0,0,1,2,3,0,0,1,4,2,0,1,-1,-1,-1,-1,0,10,-1,1,1,3,-1,-1,-1,0,0,1,0,0,10,0,0,0,24.4
1,0,0,0,-1,0,1,0,0,0,0,0,2,0,-1,-1,0,-1,2,2,-1,3,0,2,100,0,9223372036800000000,40,0,10,0,0,7,0,0,1,0,0,1,1,2,1,0,0,0,-1,2,0,1,-1,-1,-1,-1,0,10,-1,1,1,3,-1,-1,-1,0,0,1,0,0,10,0,0,0,23.2
1,0,0,0,-1,0,1,3,0,0,0,0,3,1,-1,0,-1,0,0,2,1,3,0,-1,25,0,9223372036800000000,40,0,10,0,0,7,0,0,1,0,0,3,1,0,3,0,0,0,2,2,0,1,-1,-1,-1,-1,0,10,-1,1,1,3,-1,-1,-1,0,0,1,0,0,10,0,0,0,15.77
1,0,0,0,-1,0,1,3,0,0,0,0,3,1,-1,2,-1,0,0,2,1,3,0,-1,25,0,9223372036800000000,40,0,10,0,0,7,0,0,1,0,0,3,1,0,3,0,0,0,2,2,0,1,-1,-1,-1,-1,0,10,-1,1,1,3,-1,-1,-1,0,0,1,0,0,10,0,0,0,19.89
1,0,0,0,-1,0,1,0,0,0,0,0,0,0,2,0,-1,0,0,0,0,3,0,-1,100,0,9223372036800000000,2,0,10,0,0,10,0,0,1,0,0,1,1,0,0,0,0,0,0,2,0,1,-1,-1,-1,-1,0,10,-1,1,1,3,-1,-1,-1,0,0,1,0,0,10,0,0,0,13.21
1,0,0,0,-1,0,1,0,0,0,0,0,1,0,3,1,2,1,0,1,0,3,0,-1,25,0,9223372036800000000,1e+75,0,10,0,0,7,0,0,1,0,0,1,1,0,0,0,0,0,0,2,0,1,-1,-1,-1,-1,0,10,-1,1,1,3,-1,-1,-1,0,0,1,0,0,10,0,0,0,20.23
1,0,0,0,-1,0,1,3,0,0,0,0,3,1,-1,0,-1,0,0,2,1,3,0,-1,25,0,9223372036800000000,2,0,10,0,0,7,0,0,1,0,0,3,1,0,3,0,0,0,2,2,0,1,-1,-1,-1,-1,0,10,-1,1,1,3,-1,-1,-1,0,0,1,0,0,10,0,0,0,15.77
1,0,0,0,-1,0,1,1,0,0,0,0,-1,2,0,1,-1,-1,2,-1,1,3,0,-1,400,0,9223372036800000000,1,0,10,0,0,7,0,0,1,0,0,1,1,0,0,0,0,0,0,2,0,1,-1,-1,-1,-1,0,10,-1,1,1,3,-1,-1,-1,0,0,1,0,0,10,0,0,0,22.82
1,0,0,0,-1,0,1,0,0,0,0,0,0,0,2,0,-1,0,0,0,0,3,0,-1,100,0,9223372036800000000,2,0,10,0,0,7,0,0,1,40,0,1,1,0,0,0,0,0,0,2,0,1,-1,-1,-1,-1,0,10,-1,1,1,3,-1,-1,-1,0,0,1,0,0,10,0,0,0,15.28
1,0,0,0,-1,0,1,1,0,0,0,0,-1,2,0,1,-1,-1,0,-1,1,3,0,-1,400,0,9223372036800000000,1,0,10,0,0,7,0,0,1,0,0,1,1,0,0,0,0,0,1,2,0,1,-1,-1,-1,-1,0,10,-1,1,1,3,-1,-1,-1,0,0,1,0,0,10,0,0,0,24.95
1,0,0,0,-1,0,1,5,0,0,0,0,3,-1,2,1,1,0,0,1,1,3,0,1,200,0,9223372036800000000,20,0,10,0,0,7,0,0,1,0,0,3,1,3,3,0,0,4,0,2,0,1,-1,-1,-1,-1,0,10,-1,1,1,3,-1,-1,-1,0,0,1,4,0,10,0,0,0,49.84
1,0,0,0,-1,0,1,1,0,0,0,0,-1,2,0,1,-1,-1,0,-1,1,3,0,-1,400,0,9223372036800000000,1,0,10,0,0,7,0,0,1,0,0,2,1,0,0,0,0,0,0,2,0,1,-1,-1,-1,-1,0,10,-1,1,1,3,-1,-1,-1,0,0,1,0,0,10,0,0,0,22.82
1,0,0,0,-1,0,1,1,0,0,0,0,0,-1,3,2,2,2,2,0,2,3,0,-1,100,0,9223372036800000000,20,0,10,0,0,7,0,0,1,0,0,1,1,0,-1,0,0,0,0,2,0,1,-1,-1,-1,-1,0,10,-1,1,1,3,-1,-1,-1,0,0,1,0,0,10,0,0,0,22.71
1,0,0,0,-1,0,1,5,0,0,0,0,-1,-1,3,1,0,1,2,1,-1,3,0,1,150,0,9223372036800000000,20,0,10,0,0,7,0,0,1,0,0,3,1,2,3,0,0,0,1,2,0,1,-1,-1,-1,-1,0,10,-1,1,1,3,-1,-1,-1,0,0,1,0,0,10,0,0,0,47.38
1,0,0,0,-1,0,1,1,0,0,0,0,-1,1,0,1,-1,-1,0,-1,1,3,0,-1,400,0,9223372036800000000,1,0,10,0,0,7,0,0,1,0,0,1,1,0,0,0,0,0,0,2,0,1,-1,-1,-1,-1,0,10,-1,1,1,3,-1,-1,-1,0,0,1,0,0,10,0,0,0,23.37
1,0,0,0,-1,0,1,4,0,0,0,0,-1,2,0,1,-1,-1,0,-1,1,3,0,-1,400,0,9223372036800000000,2,0,10,0,0,7,0,0,1,0,0,1,1,0,0,0,0,0,0,2,0,1,-1,-1,-1,-1,0,10,-1,1,1,3,-1,-1,-1,0,0,1,0,0,10,0,0,0,15.88
1,0,0,0,-1,0,1,4,0,0,0,0,-1,2,3,1,-1,-1,0,-1,1,3,0,-1,400,0,9223372036800000000,1,0,10,0,0,7,0,0,1,0,0,1,1,0,0,0,0,0,0,2,0,1,-1,-1,-1,-1,0,10,-1,1,1,3,-1,-1,-1,0,0,1,0,0,10,0,0,0,22.32
1,0,0,0,-1,0,1,0,0,0,0,0,-1,-1,1,2,2,2,-1,0,-1,3,0,-1,200,0,9223372036800000000,60,0,10,0,0,7,0,0,1,0,0,2,1,0,1,0,0,0,0,2,0,1,-1,-1,-1,-1,0,10,-1,1,1,3,-1,-1,-1,0,0,1,0,0,10,0,0,0,18.42
1,0,0,0,-1,0,1,5,0,0,0,0,0,-1,-1,0,-1,2,-1,0,1,3,0,16,800,0,9223372036800000000,5,0,10,0,0,7,0,0,1,0,0,1,1,3,3,0,0,0,1,2,0,1,-1,-1,-1,-1,0,10,-1,1,1,3,-1,-1,-1,0,0,1,0,0,10,0,0,0,21.44
1,0,0,0,-1,0,1,5,0,0,0,0,3,2,-1,0,-1,-1,-1,2,0,3,0,-1,100,0,9223372036800000000,40,0,10,0,0,7,0,0,1,0,0,2,1,-1,2,0,0,5,3,2,0,1,-1,-1,-1,-1,0,10,-1,1,1,3,-1,-1,-1,0,0,1,3,0,10,0,0,0,32.82
1,0,0,0,-1,0,1,0,0,0,0,0,0,1,-1,-1,-1,0,2,1,1,3,0,4,25,0,9223372036800000000,120,0,10,0,0,7,0,0,1,0,0,0,1,2,-1,0,0,4,0,2,0,1,-1,-1,-1,-1,0,10,-1,1,1,3,-1,-1,-1,0,0,1,5,0,10,0,0,0,25.91
1,0,0,0,-1,0,1,0,0,0,0,0,-1,-1,3,0,2,1,1,1,2,3,0,-1,800,0,9223372036800000000,5,0,10,0,0,7,0,0,1,0,0,3,1,0,2,0,0,0,4,2,0,1,-1,-1,-1,-1,0,10,-1,1,1,3,-1,-1,-1,0,0,1,0,0,10,0,0,0,22.05
1,0,0,0,-1,0,1,0,0,0,0,0,-1,-1,3,0,2,1,1,1,2,3,0,-1,800,0,9223372036800000000,5,0,10,0,0,7,0,0,1,0,0,3,1,0,2,0,0,0,2,2,0,1,-1,-1,-1,-1,0,10,-1,1,1,3,-1,-1,-1,0,0,1,0,0,10,0,0,0,22.22
1,0,0,0,-1,0,1,3,0,0,0,0,1,-1,2,0,0,2,2,2,0,3,0,-1,200,0,9223372036800000000,10,0,10,0,0,7,0,0,1,0,0,0,1,0,2,0,0,3,0,2,0,1,-1,-1,-1,-1,0,10,-1,1,1,3,-1,-1,-1,0,0,1,2,0,10,0,0,0,28.32
1,0,0,0,-1,0,1,0,0,0,0,0,-1,-1,3,0,2,1,1,1,2,3,0,-1,800,0,9223372036800000000,240,0,10,0,0,7,0,0,1,0,0,3,1,0,2,0,0,0,4,2,0,1,-1,-1,-1,-1,0,10,-1,1,1,3,-1,-1,-1,0,0,1,0,0,10,0,0,0,22.05
1,0,0,0,-1,0,1,4,0,0,0,0,2,0,-1,0,1,0,1,-1,2,3,0,-1,10,0,9223372036800000000,1e+75,0,10,0,0,7,0,0,1,0,0,1,1,0,0,0,0,0,0,2,0,1,-1,-1,-1,-1,0,10,-1,1,1,3,-1,-1,-1,0,0,1,0,0,10,0,0,0,17.71
1,0,0,0,-1,0,1,0,0,0,0,0,-1,-1,3,0,2,1,1,2,2,3,0,-1,800,0,9223372036800000000,5,0,10,0,0,7,0,0,1,0,0,3,1,0,2,0,0,0,4,2,0,1,-1,-1,-1,-1,0,10,-1,1,1,3,-1,-1,-1,0,0,1,0,0,10,0,0,0,23.92
1,0,0,0,-1,0,1,2,0,0,0,0,0,0,0,0,2,2,2,1,2,3,0,-1,100,0,9223372036800000000,1e+75,0,10,0,0,7,0,0,1,0,0,1,1,0,0,0,0,0,0,2,0,1,-1,-1,-1,-1,0,10,-1,1,1,3,-1,-1,-1,0,0,1,0,0,10,0,0,0,15.48
1,0,0,0,-1,0,1,0,0,0,0,0,-1,-1,3,0,2,1,0,1,2,3,0,-1,50,0,9223372036800000000,5,0,10,0,0,7,0,0,1,0,0,3,1,0,2,0,0,0,4,2,0,1,-1,-1,-1,-1,0,10,-1,1,1,3,-1,-1,-1,0,0,1,0,0,10,0,0,0,20.71
1,0,0,0,-1,0,1,0,0,0,0,0,-1,0,0,1,2,1,2,1,2,3,0,-1,50,0,9223372036800000000,30,0,10,0,0,7,0,0,1,0,0,1,1,0,1,0,0,0,4,2,0,1,-1,-1,-1,-1,0,10,-1,1,1,3,-1,-1,-1,0,0,1,0,0,10,0,0,0,16.53
1,0,0,0,-1,0,1,0,0,0,0,0,1,-1,-1,0,2,1,0,1,2,3,0,-1,50,0,9223372036800000000,5,0,10,0,0,7,0,0,1,0,0,3,1,0,2,0,0,0,4,2,0,1,-1,-1,-1,-1,0,10,-1,1,1,3,-1,-1,-1,0,0,1,0,0,10,0,0,0,22.27
1,0,0,0,-1,0,1,4,0,0,0,0,-1,3,1,-1,1,2,-1,0,-1,3,0,16,400,0,9223372036800000000,1e+75,0,10,0,0,7,0,0,1,0,0,2,1,2,0,0,0,4,0,2,0,1,-1,-1,-1,-1,0,10,-1,1,1,3,-1,-1,-1,0,0,1,2,0,10,0,0,0,30.89
1,0,0,0,-1,0,1,3,0,0,0,0,3,3,2,0,1,1,2,1,1,3,0,-1,50,0,9223372036800000000,5,0,10,0,0,7,0,0,1,0,0,1,1,0,2,0,0,0,1,2,0,1,-1,-1,-1,-1,0,10,-1,1,1,3,-1,-1,-1,0,0,1,0,0,10,0,0,0,20.99
1,0,0,0,-1,0,1,1,0,0,0,0,0,-1,0,0,-1,1,2,2,2,3,0,-1,100,0,9223372036800000000,20,0,10,0,0,7,0,0,1,0,0,3,1,0,-1,0,0,0,4,2,0,1,-1,-1,-1,-1,0,10,-1,1,1,3,-1,-1,-1,0,0,1,0,0,10,0,0,0,22.11
1,0,0,0,-1,0,1,1,0,0,0,0,0,-1,0,0,-1,1,2,0,2,3,0,-1,400,0,9223372036800000000,20,0,10,0,0,7,0,0,1,0,0,3,1,0,-1,0,0,0,4,2,0,1,-1,-1,-1,-1,0,10,-1,1,1,3,-1,-1,-1,0,0,1,0,0,10,0,0,0,23.54
1,0,0,0,-1,0,1,0,0,0,0,0,0,2,-1,-1,-1,0,2,-1,1,3,0,4,25,0,9223372036800000000,120,0,10,0,0,7,0,0,1,0,0,1,1,2,-1,0,0,4,0,2,0,1,-1,-1,-1,-1,0,10,-1,1,1,3,-1,-1,-1,0,0,1,5,0,10,0,0,0,32.69
1,0,0,0,-1,0,1,1,0,0,0,0,0,2,0,0,-1,1,2,2,2,3,0,-1,400,0,9223372036800000000,20,0,10,0,0,7,0,0,1,0,0,3,1,0,-1,0,0,0,4,2,0,1,-1,-1,-1,-1,0,10,-1,1,1,3,-1,-1,-1,0,0,1,0,0,10,0,0,0,22.38
1,0,0,0,-1,0,1,1,0,0,0,0,0,-1,0,0,-1,1,2,2,2,3,0,-1,10,0,9223372036800000000,20,0,10,0,0,7,0,0,1,0,0,3,1,0,-1,0,0,0,4,2,0,1,-1,-1,-1,-1,0,10,-1,1,1,3,-1,-1,-1,0,0,1,0,0,10,0,0,0,23.74
1,0,0,0,-1,0,1,0,0,0,0,0,1,0,3,-1,2,1,0,1,0,3,0,-1,100,0,9223372036800000000,1e+75,0,10,0,0,7,0,0,1,0,0,1,1,0,0,0,0,0,0,2,0,1,-1,-1,-1,-1,0,10,-1,1,1,3,-1,-1,-1,0,0,1,0,0,10,0,0,0,18.88
1,0,0,0,-1,0,1,1,0,0,0,0,0,-1,0,0,1,1,2,2,2,3,0,-1,400,0,9223372036800000000,20,0,10,0,0,7,0,0,1,0,0,3,1,0,-1,0,0,0,4,2,0,1,-1,-1,-1,-1,0,10,-1,1,1,3,-1,-1,-1,0,0,1,0,0,10,0,0,0,22.94
1,0,0,0,-1,0,1,1,0,0,0,0,0,-1,0,0,2,1,2,2,2,3,0,-1,400,0,9223372036800000000,20,0,10,0,0,7,0,0,1,0,0,3,1,0,-1,0,0,0,4,2,0,1,-1,-1,-1,-1,0,10,-1,1,1,3,-1,-1,-1,0,0,1,0,0,10,0,0,0,22.94
1,0,0,0,-1,0,1,2,0,0,0,0,1,1,-1,1,2,1,-1,0,1,3,0,2,200,0,9223372036800000000,1e+75,0,10,0,0,7,0,0,1,0,0,0,1,2,3,0,0,3,4,2,0,1,-1,-1,-1,-1,0,10,-1,1,1,3,-1,-1,-1,0,0,1,0,0,10,0,0,0,26.29
1,0,0,0,-1,0,1,0,0,0,0,0,2,0,-1,-1,0,-1,2,0,-1,3,0,4,100,0,9223372036800000000,40,0,10,0,0,7,0,0,1,0,0,1,1,1,3,0,0,0,2,2,0,1,-1,-1,-1,-1,0,10,-1,1,1,3,-1,-1,-1,0,0,1,0,0,10,0,0,0,16.1
1,0,0,0,-1,0,1,3,0,0,0,0,0,0,0,1,2,2,0,1,2,3,0,-1,25,0,9223372036800000000,1e+75,0,10,0,0,7,0,0,1,0,0,1,1,0,0,0,0,0,0,2,0,1,-1,-1,-1,-1,0,10,-1,1,1,3,-1,-1,-1,0,0,1,0,0,10,0,0,0,16.13
1,0,0,0,-1,0,1,3,0,0,0,0,1,0,1,1,-1,1,1,0,0,3,0,-1,800,0,9223372036800000000,10,0,10,0,0,7,0,0,1,0,0,0,1,0,-1,0,0,0,-1,2,0,1,-1,-1,-1,-1,0,10,-1,1,1,3,-1,-1,-1,0,0,1,0,0,10,0,0,0,22.21
1,0,0,0,-1,0,1,5,0,0,0,0,-1,-1,3,-1,1,2,1,1,1,3,0,1,800,0,9223372036800000000,1e+75,0,10,0,0,7,0,0,1,0,0,2,1,1,1,0,0,0,4,2,0,1,-1,-1,-1,-1,0,10,-1,1,1,3,-1,-1,-1,0,0,1,0,0,10,0,0,0,46.62
1,0,0,0,-1,0,1,3,0,0,0,0,1,0,2,1,-1,2,1,0,0,3,0,-1,800,0,9223372036800000000,10,0,10,0,0,7,0,0,1,0,0,0,1,0,-1,0,0,0,-1,2,0,1,-1,-1,-1,-1,0,10,-1,1,1,3,-1,-1,-1,0,0,1,0,0,10,0,0,0,21.4
1,0,0,0,-1,0,1,3,0,0,0,0,1,0,1,1,-1,2,1,0,0,3,0,-1,800,0,9223372036800000000,2,0,10,0,0,7,0,0,1,0,0,0,1,0,-1,0,0,0,-1,2,0,1,-1,-1,-1,-1,0,10,-1,1,1,3,-1,-1,-1,0,0,1,0,0,10,0,0,0,21.4
1,0,0,0,-1,0,1,3,0,0,0,0,1,0,1,1,-1,2,1,0,0,3,0,-1,800,0,9223372036800000000,10,0,10,0,0,7,0,0,1,0,0,0,1,0,-1,0,0,0,3,2,0,1,-1,-1,-1,-1,0,10,-1,1,1,3,-1,-1,-1,0,0,1,0,0,10,0,0,0,25.29
1,0,0,0,-1,0,1,2,0,0,0,0,-1,3,1,0,2,2,1,2,0,3,0,8,400,0,9223372036800000000,50,0,10,0,0,7,0,0,1,0,0,1,1,-1,3,0,0,0,-1,2,0,1,-1,-1,-1,-1,0,10,-1,1,1,3,-1,-1,-1,0,0,1,0,0,10,0,0,0,22.63
1,0,0,0,-1,0,1,4,0,0,0,0,3,0,-1,0,-1,0,0,-1,1,3,0,-1,800,0,9223372036800000000,1e+75,0,10,0,0,7,0,0,1,0,0,1,1,0,0,0,0,0,0,2,0,1,-1,-1,-1,-1,0,10,-1,1,1,3,-1,-1,-1,0,0,1,0,0,10,0,0,0,15.17
1,0,0,0,-1,0,1,3,0,0,0,0,1,0,1,1,-1,2,1,0,0,3,0,-1,800,0,9223372036800000000,10,0,10,0,0,7,0,0,1,0,0,0,1,0,3,0,0,0,-1,2,0,1,-1,-1,-1,-1,0,10,-1,1,1,3,-1,-1,-1,0,0,1,0,0,10,0,0,0,21.31
1,0,0,0,-1,0,1,3,0,0,0,0,1,0,1,2,-1,2,1,0,0,3,0,-1,800,0,9223372036800000000,10,0,10,0,0,7,0,0,1,0,0,0,1,0,3,0,0,0,-1,2,0,1,-1,-1,-1,-1,0,10,-1,1,1,3,-1,-1,-1,0,0,1,0,0,10,0,0,0,22.44
1,0,0,0,-1,0,1,0,0,0,0,0,0,0,2,0,-1,0,0,0,0,3,0,-1,100,0,9223372036800000000,2,0,10,0,0,7,0,0,1,0,0,2,1,0,0,0,0,0,0,2,0,1,-1,-1,-1,-1,0,10,-1,1,1,3,-1,-1,-1,0,0,1,0,0,10,0,0,0,17.51
1,0,0,0,-1,0,1,3,0,0,0,0,2,0,1,0,0,0,2,1,2,3,0,-1,10,0,9223372036800000000,1e+75,0,10,0,0,7,0,0,1,0,0,1,1,0,0,0,0,0,0,2,0,1,-1,-1,-1,-1,0,10,-1,1,1,3,-1,-1,-1,0,0,1,0,0,10,0,0,0,16.24
1,0,0,0,-1,0,1,3,0,0,0,0,1,0,1,1,-1,0,1,0,0,3,0,-1,800,0,9223372036800000000,10,0,10,0,0,7,0,0,1,0,0,0,1,0,3,0,0,0,-1,2,0,1,-1,-1,-1,-1,0,10,-1,1,1,3,-1,-1,-1,0,0,1,0,0,10,0,0,0,21.68
1,0,0,0,-1,0,1,2,0,0,0,0,0,2,2,-1,2,1,1,-1,2,3,0,-1,50,0,9223372036800000000,120,0,10,0,0,7,0,0,1,0,0,2,1,0,3,0,0,0,1,2,0,1,-1,-1,-1,-1,0,10,-1,1,1,3,-1,-1,-1,0,0,1,0,0,10,0,0,0,35.06
1,0,0,0,-1,0,1,3,0,0,0,0,3,2,3,2,0,-1,-1,0,-1,3,0,-1,50,0,9223372036800000000,50,0,10,0,0,7,0,0,1,0,0,2,1,0,-1,0,0,0,3,2,0,1,-1,-1,-1,-1,0,10,-1,1,1,3,-1,-1,-1,0,0,1,0,0,10,0,0,0,20.84
1,0,0,0,-1,0,1,3,0,0,0,0,1,0,1,1,-1,2,1,0,0,3,0,-1,800,0,9223372036800000000,10,0,10,0,0,7,0,0,1,0,0,0,1,0,3,0,0,0,0,2,0,1,-1,-1,-1,-1,0,10,-1,1,1,3,-1,-1,-1,0,0,1,0,0,10,0,0,0,20.35
1,0,0,0,-1,0,1,1,0,0,0,0,-1,2,0,0,0,2,0,0,0,3,0,1,200,0,9223372036800000000,1,0,10,0,0,7,0,0,1,0,0,1,1,3,3,0,0,0,3,2,0,1,-1,-1,-1,-1,0,10,-1,1,1,3,-1,-1,-1,0,0,1,0,0,10,0,0,0,47.88
1,0,0,0,-1,0,1,3,0,0,0,0,1,0,1,1,0,2,1,0,0,3,0,-1,800,0,9223372036800000000,10,0,10,0,0,7,0,0,1,0,0,0,1,0,3,0,0,0,0,2,0,1,-1,-1,-1,-1,0,10,-1,1,1,3,-1,-1,-1,0,0,1,0,0,10,0,0,0,20.03
1,0,0,0,-1,0,1,2,0,0,0,0,3,2,-1,1,0,0,0,1,2,3,0,-1,100,0,9223372036800000000,1e+75,0,10,0,0,7,0,0,1,0,0,3,1,0,-1,0,0,0,0,2,0,1,-1,-1,-1,-1,0,10,-1,1,1,3,-1,-1,-1,0,0,1,0,0,10,0,0,0,19.3
1,0,0,0,-1,0,1,5,0,0,0,0,3,0,1,1,2,-1,0,1,1,3,0,-1,800,0,9223372036800000000,1e+75,0,10,0,0,7,0,0,1,0,0,1,1,0,0,0,0,0,0,2,0,1,-1,-1,-1,-1,0,10,-1,1,1,3,-1,-1,-1,0,0,1,0,0,10,0,0,0,20.36
1,0,0,0,-1,0,1,2,0,0,0,0,3,2,-1,1,0,0,0,1,2,3,0,-1,100,0,9223372036800000000,40,0,10,0,0,7,0,0,1,0,0,0,1,0,-1,0,0,0,2,2,0,1,-1,-1,-1,-1,0,10,-1,1,1,3,-1,-1,-1,0,0,1,0,0,10,0,0,0,20.37
1,0,0,0,-1,0,1,0,0,0,0,0,-1,-1,1,1,2,2,-1,0,-1,3,0,-1,50,0,9223372036800000000,60,0,10,0,0,7,0,0,1,0,0,2,1,0,1,0,0,0,0,2,0,1,-1,-1,-1,-1,0,10,-1,1,1,3,-1,-1,-1,0,0,1,0,0,10,0,0,0,18.37
1,0,0,0,-1,0,1,2,0,0,0,0,3,2,-1,1,2,0,0,1,2,3,0,-1,100,0,9223372036800000000,40,0,10,0,0,7,0,0,1,0,0,3,1,0,-1,0,0,0,0,2,0,1,-1,-1,-1,-1,0,10,-1,1,1,3,-1,-1,-1,0,0,1,0,0,10,0,0,0,19.3
1,0,0,0,-1,0,1,2,0,0,0,0,3,2,-1,1,0,0,0,1,2,3,0,-1,100,0,9223372036800000000,40,0,10,0,0,7,0,0,1,0,0,0,1,0,-1,0,0,0,0,2,0,1,-1,-1,-1,-1,0,10,-1,1,1,3,-1,-1,-1,0,0,1,0,0,10,0,0,0,18.41
1,0,0,0,-1,0,1,1,0,0,0,0,3,0,-1,0,2,1,0,-1,-1,3,0,-1,150,0,9223372036800000000,1e+75,0,10,0,0,7,0,0,1,0,0,1,1,0,0,0,0,0,0,2,0,1,-1,-1,-1,-1,0,10,-1,1,1,3,-1,-1,-1,0,0,1,0,0,10,0,0,0,23.21
1,0,0,0,-1,0,1,3,0,0,0,0,3,1,-1,0,-1,0,0,2,2,3,0,-1,25,0,9223372036800000000,40,0,10,0,0,7,0,0,1,0,0,3,1,0,-1,0,0,0,2,2,0,1,-1,-1,-1,-1,0,10,-1,1,1,3,-1,-1,-1,0,0,1,0,0,10,0,0,0,19.25
1,0,0,0,-1,0,1,5,0,0,0,0,2,-1,0,-1,0,2,2,0,0,3,0,4,400,0,9223372036800000000,5,0,10,0,0,7,0,0,1,0,0,1,1,0,3,0,0,0,0,2,0,1,-1,-1,-1,-1,0,10,-1,1,1,3,-1,-1,-1,0,0,1,0,0,10,0,0,0,20.1
1,0,0,0,-1,0,1,0,0,0,0,0,-1,-1,1,2,2,2,-1,2,-1,3,0,-1,50,0,9223372036800000000,60,0,10,0,0,7,0,0,1,0,0,2,1,0,1,0,0,0,1,2,0,1,-1,-1,-1,-1,0,10,-1,1,1,3,-1,-1,-1,0,0,1,0,0,10,0,0,0,21.1
1,0,0,0,-1,0,1,2,0,0,0,0,3,2,-1,1,0,0,0,1,2,3,0,-1,100,0,9223372036800000000,40,0,10,0,0,7,0,0,1,0,0,0,1,0,2,0,0,0,0,2,0,1,-1,-1,-1,-1,0,10,-1,1,1,3,-1,-1,-1,0,0,1,0,0,10,0,0,0,20.42
1,0,0,0,-1,0,1,0,0,0,0,0,2,0,2,-1,1,0,-1,0,2,3,0,1,10,0,9223372036800000000,0,0,10,0,0,7,0,0,1,0,0,2,1,0,2,0,0,0,2,2,0,1,-1,-1,-1,-1,0,10,-1,1,1,3,-1,-1,-1,0,0,1,0,0,10,0,0,0,46.49
1,0,0,0,-1,0,1,2,0,0,0,0,3,2,-1,1,0,0,0,1,2,3,0,-1,100,0,9223372036800000000,40,0,10,0,0,7,0,0,1,0,0,0,1,0,-1,0,0,0,1,2,0,1,-1,-1,-1,-1,0,10,-1,1,1,3,-1,-1,-1,0,0,1,0,0,10,0,0,0,20.02
1,0,0,0,-1,0,1,2,0,0,0,0,3,2,-1,1,0,0,0,1,0,3,0,-1,100,0,9223372036800000000,40,0,10,0,0,7,0,0,1,0,0,0,1,0,-1,0,0,0,0,2,0,1,-1,-1,-1,-1,0,10,-1,1,1,3,-1,-1,-1,0,0,1,0,0,10,0,0,0,18.41
1,0,0,0,-1,0,1,1,0,0,0,0,1,3,-1,-1,-1,-1,2,1,-1,3,0,-1,25,0,9223372036800000000,30,0,10,0,0,7,0,0,1,0,0,3,1,0,2,0,0,0,2,2,0,1,-1,-1,-1,-1,0,10,-1,1,1,3,-1,-1,-1,0,0,1,0,0,10,0,0,0,22.65
1,0,0,0,-1,0,1,0,0,0,0,0,0,0,2,0,-1,0,0,0,0,3,0,-1,100,0,9223372036800000000,2,0,10,0,0,7,0,0,1,0,0,1,1,0,0,0,0,0,0,2,0,1,-1,-1,-1,-1,0,10,-1,1,1,3,-1,-1,1,0,0,1,0,0,10,0,0,0,13.4
1,0,0,0,-1,0,1,1,0,0,0,0,1,1,-1,-1,-1,-1,2,1,-1,3,0,-1,25,0,9223372036800000000,30,0,10,0,0,7,0,0,1,0,0,3,1,0,2,0,0,0,2,2,0,1,-1,-1,-1,-1,0,10,-1,1,1,3,-1,-1,-1,0,0,1,0,0,10,0,0,0,22.65
1,0,0,0,-1,0,1,1,0,0,0,0,1,3,-1,-1,-1,-1,2,1,-1,3,0,-1,25,0,9223372036800000000,30,0,10,0,0,7,0,0,1,0,0,1,1,0,2,0,0,0,1,2,0,1,-1,-1,-1,-1,0,10,-1,1,1,3,-1,-1,-1,0,0,1,0,0,10,0,0,0,24.35
1,0,0,0,-1,0,1,0,0,0,0,0,1,3,2,2,1,0,0,2,-1,3,0,8,200,0,9223372036800000000,5,0,10,0,0,7,0,0,1,0,0,3,1,0,0,0,0,0,2,2,0,1,-1,-1,-1,-1,0,10,-1,1,1,3,-1,-1,-1,0,0,1,0,0,10,0,0,0,20.69
1,0,0,0,-1,0,1,4,0,0,0,0,1,0,2,1,-1,2,0,-1,-1,3,0,-1,10,0,9223372036800000000,1e+75,0,10,0,0,7,0,0,1,0,0,1,1,0,0,0,0,0,0,2,0,1,-1,-1,-1,-1,0,10,-1,1,1,3,-1,-1,-1,0,0,1,0,0,10,0,0,0,15.43
1,0,0,0,-1,0,1,0,0,0,0,0,2,0,-1,-1,0,-1,2,0,-1,3,0,2,100,0,9223372036800000000,40,0,10,0,0,7,0,0,1,0,0,1,1,1,3,0,0,0,-1,2,0,1,-1,-1,-1,-1,0,10,-1,1,1,3,-1,-1,-1,0,0,1,0,0,10,0,0,0,22.4
1,0,0,0,-1,0,1,1,0,0,0,0,1,3,2,-1,2,-1,2,1,-1,3,0,-1,25,0,9223372036800000000,30,0,10,0,0,7,0,0,1,0,0,1,1,0,2,0,0,0,2,2,0,1,-1,-1,-1,-1,0,10,-1,1,1,3,-1,-1,-1,0,0,1,0,0,10,0,0,0,20.91
1,0,0,0,-1,0,1,5,0,0,0,0,3,-1,2,1,1,0,0,1,1,3,0,1,200,0,9223372036800000000,50,0,10,0,0,7,0,0,1,0,0,3,1,1,3,0,0,4,0,2,0,1,-1,-1,-1,-1,0,10,-1,1,1,3,-1,-1,-1,0,0,1,4,0,10,0,0,0,49.84
1,0,0,0,-1,0,1,0,0,0,0,0,3,2,-1,2,1,2,2,1,-1,3,0,-1,150,0,9223372036800000000,1e+75,0,10,0,0,7,0,0,1,0,0,2,1,1,3,0,0,0,4,2,0,1,-1,-1,-1,-1,0,10,-1,1,1,3,-1,-1,-1,0,0,1,0,0,10,0,0,0,20.45
1,0,0,0,-1,0,1,1,0,0,0,0,1,3,-1,-1,0,-1,2,1,-1,3,0,-1,25,0,9223372036800000000,30,0,10,0,0,7,0,0,1,0,0,1,1,0,2,0,0,0,2,2,0,1,-1,-1,-1,-1,0,10,-1,1,1,3,-1,-1,-1,0,0,1,0,0,10,0,0,0,20.91
1,0,0,0,-1,0,1,1,0,0,0,0,1,3,-1,2,2,-1,2,1,-1,3,0,-1,25,0,9223372036800000000,30,0,10,0,0,7,0,0,1,0,0,1,1,0,2,0,0,0,2,2,0,1,-1,-1,-1,-1,0,10,-1,1,1,3,-1,-1,-1,0,0,1,0,0,10,0,0,0,20.81
1,0,0,0,-1,0,1,5,0,0,0,0,3,2,3,1,1,2,-1,2,2,3,0,-1,800,0,9223372036800000000,120,0,10,0,0,7,0,0,1,0,0,2,1,0,-1,0,0,0,0,2,0,1,-1,-1,-1,-1,0,10,-1,1,1,3,-1,-1,-1,0,0,1,0,0,10,0,0,0,21.33
1,0,0,0,-1,0,1,3,0,0,0,0,2,0,2,2,0,-1,1,2,0,3,0,-1,25,0,9223372036800000000,1e+75,0,10,0,0,7,0,0,1,0,0,1,1,0,0,0,0,0,0,2,0,1,-1,-1,-1,-1,0,10,-1,1,1,3,-1,-1,-1,0,0,1,0,0,10,0,0,0,16.8
1,0,0,0,-1,0,1,1,0,0,0,0,1,3,-1,2,2,-1,2,1,-1,3,0,-1,25,0,9223372036800000000,2,0,10,0,0,7,0,0,1,0,0,1,1,0,2,0,0,0,2,2,0,1,-1,-1,-1,-1,0,10,-1,1,1,3,-1,-1,-1,0,0,1,0,0,10,0,0,0,20.81
1,0,0,0,-1,0,1,0,0,0,0,0,-1,-1,1,2,2,2,-1,0,-1,3,0,-1,50,0,9223372036800000000,120,0,10,0,0,7,0,0,1,0,0,2,1,0,1,0,0,0,0,2,0,1,-1,-1,-1,-1,0,10,-1,1,1,3,-1,-1,-1,0,0,1,0,0,10,0,0,0,17.63
1,0,0,0,-1,0,1,0,0,0,0,0,0,0,-1,0,-1,1,0,0,0,3,0,-1,200,0,9223372036800000000,2,0,10,0,0,7,0,0,1,0,0,1,1,0,0,0,0,0,0,2,0,1,-1,-1,-1,-1,0,10,-1,1,1,3,-1,-1,-1,0,0,1,0,0,10,0,0,0,15.09
1,0,0,0,-1,0,1,1,0,0,0,0,-1,0,0,2,2,1,-1,1,1,3,0,-1,200,0,9223372036800000000,1e+75,0,10,0,0,7,0,0,1,0,0,1,1,0,0,0,0,0,0,2,0,1,-1,-1,-1,-1,0,10,-1,1,1,3,-1,-1,-1,0,0,1,0,0,10,0,0,0,23.71
1,0,0,0,-1,0,1,2,0,0,0,0,3,2,-1,1,0,0,1,1,2,3,0,-1,100,0,9223372036800000000,40,0,10,0,0,7,0,0,1,0,0,0,1,0,-1,0,0,0,0,2,0,1,-1,-1,-1,-1,0,10,-1,1,1,3,-1,-1,-1,0,0,1,0,0,10,0,0,0,20.98
1,0,0,0,-1,0,1,1,0,0,0,0,1,3,-1,2,2,-1,2,1,0,3,0,-1,25,0,9223372036800000000,30,0,10,0,0,7,0,0,1,0,0,1,1,0,0,0,0,0,2,2,0,1,-1,-1,-1,-1,0,10,-1,1,1,3,-1,-1,-1,0,0,1,0,0,10,0,0,0,20.45
1,0,0,0,-1,0,1,5,0,0,0,0,1,-1,-1,0,-1,0,2,1,1,3,0,4,50,0,9223372036800000000,20,0,10,0,0,7,0,0,1,0,0,3,1,3,-1,0,0,0,0,2,0,1,-1,-1,-1,-1,0,10,-1,1,1,3,-1,-1,-1,0,0,1,0,0,10,0,0,0,20.43
1,0,0,0,-1,0,1,1,0,0,0,0,1,3,-1,2,2,-1,2,1,-1,3,0,-1,25,0,9223372036800000000,60,0,10,0,0,7,0,0,1,0,0,1,1,0,0,0,0,0,2,2,0,1,-1,-1,-1,-1,0,10,-1,1,1,3,-1,-1,-1,0,0,1,0,0,10,0,0,0,20.45
1,0,0,0,-1,0,1,1,0,0,0,0,1,3,-1,2,1,-1,2,1,-1,3,0,-1,25,0,9223372036800000000,30,0,10,0,0,7,0,0,1,0,0,1,1,0,0,0,0,0,2,2,0,1,-1,-1,-1,-1,0,10,-1,1,1,3,-1,-1,-1,0,0,1,0,0,10,0,0,0,20.45
1,0,0,0,-1,0,1,3,0,0,0,0,3,2,0,0,1,1,2,-1,2,3,0,-1,100,0,9223372036800000000,120,0,10,0,0,7,0,0,1,0,0,1,1,0,0,0,0,0,-1,2,0,1,-1,-1,-1,-1,0,10,-1,1,1,3,-1,-1,-1,0,0,1,0,0,10,0,0,0,22.16
1,0,0,0,-1,0,1,1,0,0,0,0,0,-1,3,-1,2,2,2,0,2,3,0,-1,100,0,9223372036800000000,20,0,10,0,0,7,0,0,1,0,0,1,1,0,-1,0,0,0,0,2,0,1,-1,-1,-1,-1,0,10,-1,1,1,3,-1,-1,-1,0,0,1,0,0,10,0,0,0,21.58
1,0,0,0,-1,0,1,1,0,0,0,0,0,-1,3,-1,2,2,2,0,2,3,0,-1,100,0,9223372036800000000,1e+75,0,10,0,0,7,0,0,1,0,0,1,1,0,-1,0,0,0,0,2,0,1,-1,-1,-1,-1,0,10,-1,1,1,3,-1,-1,-1,0,0,1,0,0,10,0,0,0,21.49
1,0,0,0,-1,0,1,0,0,0,0,0,3,2,-1,2,1,2,2,-1,-1,3,0,-1,150,0,9223372036800000000,20,0,10,0,0,7,0,0,1,0,0,2,1,1,3,0,0,0,4,2,0,1,-1,-1,-1,-1,0,10,-1,1,1,3,-1,-1,-1,0,0,1,0,0,10,0,0,0,19.82
1,0,0,0,-1,0,1,1,0,0,0,0,2,0,0,-1,2,-1,-1,1,2,3,0,-1,150,0,9223372036800000000,1e+75,0,10,0,0,7,0,0,1,0,0,1,1,0,0,0,0,0,0,2,0,1,-1,-1,-1,-1,0,10,-1,1,1,3,-1,-1,-1,0,0,1,0,0,10,0,0,0,24.58
1,0,0,0,-1,0,1,0,0,0,0,0,-1,3,2,2,1,0,0,2,-1,3,0,8,200,0,9223372036800000000,5,0,10,0,0,7,0,0,1,0,0,2,1,0,0,0,0,0,2,2,0,1,-1,-1,-1,-1,0,10,-1,1,1,3,-1,-1,-1,0,0,1,0,0,10,0,0,0,18.3
1,0,0,0,-1,0,1,1,0,0,0,0,0,-1,3,-1,2,2,2,2,2,3,0,-1,100,0,9223372036800000000,1e+75,0,10,0,0,7,0,0,1,0,0,1,1,0,-1,0,0,0,0,2,0,1,-1,-1,-1,-1,0,10,-1,1,1,3,-1,-1,-1,0,0,1,0,0,10,0,0,0,23.26
1,0,0,0,-1,0,1,1,0,0,0,0,0,-1,3,-1,1,2,2,0,2,3,0,-1,100,0,9223372036800000000,1e+75,0,10,0,0,7,0,0,1,0,0,1,1,0,-1,0,0,0,0,2,0,1,-1,-1,-1,-1,0,10,-1,1,1,3,-1,-1,-1,0,0,1,0,0,10,0,0,0,21.58
1,0,0,0,-1,0,1,1,0,0,0,0,0,-1,3,-1,2,2,2,0,2,3,0,-1,25,0,9223372036800000000,1e+75,0,10,0,0,7,0,0,1,0,0,1,1,0,-1,0,0,0,0,2,0,1,-1,-1,-1,-1,0,10,-1,1,1,3,-1,-1,-1,0,0,1,0,0,10,0,0,0,23.01
1,0,0,0,-1,0,1,1,0,0,0,0,0,-1,3,-1,2,2,2,0,2,3,0,-1,100,0,9223372036800000000,1,0,10,0,0,7,0,0,1,0,0,1,1,0,-1,0,0,0,0,2,0,1,-1,-1,-1,-1,0,10,-1,1,1,3,-1,-1,-1,0,0,1,0,0,10,0,0,0,21.49
1,0,0,0,-1,0,1,0,0,0,0,0,-1,0,1,2,2,2,-1,0,-1,3,0,-1,50,0,9223372036800000000,60,0,10,0,0,7,0,0,1,0,0,2,1,0,1,0,0,0,0,2,0,1,-1,-1,-1,-1,0,10,-1,1,1,3,-1,-1,-1,0,0,1,0,0,10,0,0,0,17.74
1,0,0,0,-1,0,1,4,0,0,0,0,0,2,3,-1,2,2,2,0,2,3,0,-1,100,0,9223372036800000000,1e+75,0,10,0,0,7,0,0,1,0,0,1,1,0,-1,0,0,0,0,2,0,1,-1,-1,-1,-1,0,10,-1,1,1,3,-1,-1,-1,0,0,1,0,0,10,0,0,0,21.35
1,0,0,0,-1,0,1,5,0,0,0,0,1,2,1,2,1,1,0,1,0,3,0,-1,50,0,9223372036800000000,1e+75,0,10,0,0,7,0,0,1,0,0,2,1,2,1,0,0,2,-1,2,0,1,-1,-1,-1,-1,0,10,-1,1,1,3,-1,-1,-1,0,0,1,2,0,10,0,0,0,22.96
1,0,0,0,-1,0,1,0,0,0,0,0,1,1,-1,-1,-1,0,2,-1,1,3,0,4,25,0,9223372036800000000,120,0,10,0,0,7,0,0,1,0,0,0,1,2,-1,0,0,4,0,2,0,1,-1,-1,-1,-1,0,10,-1,1,1,3,-1,-1,-1,0,0,1,3,0,10,0,0,0,34.9
1,0,0,0,-1,0,1,4,0,0,0,0,0,-1,3,-1,1,2,2,0,2,3,0,-1,100,0,9223372036800000000,1e+75,0,10,0,0,7,0,0,1,0,0,1,1,0,-1,0,0,0,0,2,0,1,-1,-1,-1,-1,0,10,-1,1,1,3,-1,-1,-1,0,0,1,0,0,10,0,0,0,21.35
1,0,0,0,-1,0,1,4,0,0,0,0,0,-1,3,-1,2,2,2,0,1,3,0,-1,100,0,9223372036800000000,1e+75,0,10,0,0,7,0,0,1,0,0,1,1,0,-1,0,0,0,0,2,0,1,-1,-1,-1,-1,0,10,-1,1,1,3,-1,-1,-1,0,0,1,0,0,10,0,0,0,21.35
1,0,0,0,-1,0,1,0,0,0,0,0,-1,-1,1,2,2,2,-1,2,-1,3,0,-1,50,0,9223372036800000000,60,0,10,0,0,7,0,0,1,0,0,3,1,0,1,0,0,0,1,2,0,1,-1,-1,-1,-1,0,10,-1,1,1,3,-1,-1,-1,0,0,1,0,0,10,0,0,0,21.88
1,0,0,0,-1,0,1,0,0,0,0,0,-1,-1,1,2,2,2,-1,2,-1,3,0,-1,150,0,9223372036800000000,60,0,10,0,0,7,0,0,1,0,0,3,1,0,1,0,0,0,1,2,0,1,-1,-1,-1,-1,0,10,-1,1,1,3,-1,-1,-1,0,0,1,0,0,10,0,0,0,22.12
1,0,0,0,-1,0,1,3,0,0,0,0,3,0,1,0,0,0,2,1,2,3,0,-1,800,0,9223372036800000000,1e+75,0,10,0,0,7,0,0,1,0,0,1,1,0,0,0,0,0,0,2,0,1,-1,-1,-1,-1,0,10,-1,1,1,3,-1,-1,-1,0,0,1,0,0,10,0,0,0,15.8
1,0,0,0,-1,0,1,0,0,0,0,0,-1,-1,1,2,2,2,-1,2,-1,3,0,-1,50,0,9223372036800000000,60,0,10,0,0,7,0,0,1,0,0,2,1,0,1,0,0,0,0,2,0,1,-1,-1,-1,-1,0,10,-1,1,1,3,-1,-1,-1,0,0,1,0,0,10,0,0,0,19.21
1,0,0,0,-1,0,1,5,0,0,0,0,0,2,3,-1,1,2,-1,2,2,3,0,-1,800,0,9223372036800000000,120,0,10,0,0,7,0,0,1,0,0,2,1,0,2,0,0,0,0,2,0,1,-1,-1,-1,-1,0,10,-1,1,1,3,-1,-1,-1,0,0,1,0,0,10,0,0,0,22.94
1,0,0,0,-1,0,1,0,0,0,0,0,-1,-1,1,2,2,1,-1,0,-1,3,0,-1,50,0,9223372036800000000,60,0,10,0,0,7,0,0,1,0,0,2,1,0,1,0,0,0,0,2,0,1,-1,-1,-1,-1,0,10,-1,1,1,3,-1,-1,-1,0,0,1,0,0,10,0,0,0,19.83
1,0,0,0,-1,0,1,5,0,0,0,0,1,2,1,2,1,0,0,1,0,3,0,-1,50,0,9223372036800000000,0,0,10,0,0,7,0,0,1,0,0,2,1,3,1,0,0,2,-1,2,0,1,-1,-1,-1,-1,0,10,-1,1,1,3,-1,-1,-1,0,0,1,5,0,10,0,0,0,21.53
1,0,0,0,-1,0,1,0,0,0,0,0,-1,-1,1,2,2,2,-1,0,-1,3,0,-1,150,0,9223372036800000000,60,0,10,0,0,7,0,0,1,0,0,2,1,0,1,0,0,0,0,2,0,1,-1,-1,-1,-1,0,10,-1,1,1,3,-1,-1,-1,0,0,1,0,0,10,0,0,0,18.48
1,0,0,0,-1,0,1,0,0,0,0,0,-1,-1,1,2,2,2,-1,0,-1,3,0,-1,50,0,9223372036800000000,10,0,10,0,0,7,0,0,1,0,0,2,1,0,1,0,0,0,0,2,0,1,-1,-1,-1,-1,0,10,-1,1,1,3,-1,-1,-1,0,0,1,0,0,10,0,0,0,17.72
1,0,0,0,-1,0,1,3,0,0,0,0,2,2,0,-1,-1,0,0,1,1,3,0,-1,200,0,9223372036800000000,10,0,10,0,0,7,0,0,1,0,0,1,1,0,1,0,0,0,3,2,0,1,-1,-1,-1,-1,0,10,-1,1,1,3,-1,-1,-1,0,0,1,0,0,10,0,0,0,23.43
1,0,0,0,-1,0,1,0,0,0,0,0,2,1,-1,-1,2,2,0,1,2,3,0,-1,150,0,9223372036800000000,240,0,10,0,0,7,0,0,1,0,0,3,1,2,1,0,0,0,4,2,0,1,-1,-1,-1,-1,0,10,-1,1,1,3,-1,-1,-1,0,0,1,0,0,10,0,0,0,20.56
1,0,0,0,-1,0,1,0,0,0,0,0,-1,-1,1,2,2,2,-1,0,-1,3,0,-1,50,0,9223372036800000000,20,0,10,0,0,7,0,0,1,0,0,2,1,0,1,0,0,0,0,2,0,1,-1,-1,-1,-1,0,10,-1,1,1,3,-1,-1,-1,0,0,1,0,0,10,0,0,0,17.63
1,0,0,0,-1,0,1,3,0,0,0,0,0,0,1,0,2,-1,1,-1,-1,3,0,-1,150,0,9223372036800000000,60,0,10,0,0,7,0,0,1,0,0,1,1,0,2,0,0,0,0,2,0,1,-1,-1,-1,-1,0,10,-1,1,1,3,-1,-1,-1,0,0,1,0,0,10,0,0,0,17.3
1,0,0,0,-1,0,1,3,0,0,0,0,3,2,3,2,0,-1,-1,0,-1,3,0,-1,50,0,9223372036800000000,50,0,10,0,0,7,0,0,1,0,0,2,1,0,-1,0,0,0,1,2,0,1,-1,-1,-1,-1,0,10,-1,1,1,3,-1,-1,-1,0,0,1,0,0,10,0,0,0,24.55
1,0,0,0,-1,0,1,3,0,0,0,0,3,1,3,2,0,-1,-1,0,-1,3,0,-1,50,0,9223372036800000000,50,0,10,0,0,7,0,0,1,0,0,2,1,0,-1,0,0,0,3,2,0,1,-1,-1,-1,-1,0,10,-1,1,1,3,-1,-1,-1,0,0,1,0,0,10,0,0,0,20.84
1,0,0,0,-1,0,1,0,0,0,0,0,3,0,-1,0,-1,0,-1,-1,2,3,0,-1,200,0,9223372036800000000,1e+75,0,10,0,0,7,0,0,1,0,0,1,1,0,0,0,0,0,0,2,0,1,-1,-1,-1,-1,0,10,-1,1,1,3,-1,-1,-1,0,0,1,0,0,10,0,0,0,17.89
1,0,0,0,-1,0,1,2,0,0,0,0,-1,3,1,0,2,2,1,2,0,3,0,1,400,0,9223372036800000000,60,0,10,0,0,7,0,0,1,0,0,1,1,-1,3,0,0,0,-1,2,0,1,-1,-1,-1,-1,0,10,-1,1,1,3,-1,-1,-1,0,0,1,0,0,10,0,0,0,44.77
1,0,0,0,-1,0,1,3,0,0,0,0,3,2,3,2,0,-1,-1,0,-1,3,0,-1,50,0,9223372036800000000,1,0,10,0,0,7,0,0,1,0,0,2,1,0,-1,0,0,0,3,2,0,1,-1,-1,-1,-1,0,10,-1,1,1,3,-1,-1,-1,0,0,1,0,0,10,0,0,0,20.84
1,0,0,0,-1,0,1,4,0,0,0,0,3,2,3,2,0,-1,-1,0,-1,3,0,-1,50,0,9223372036800000000,50,0,10,0,0,7,0,0,1,0,0,2,1,0,-1,0,0,0,3,2,0,1,-1,-1,-1,-1,0,10,-1,1,1,3,-1,-1,-1,0,0,1,0,0,10,0,0,0,24.12
1,0,0,0,-1,0,1,3,0,0,0,0,3,2,3,2,0,-1,-1,1,-1,3,0,-1,50,0,9223372036800000000,50,0,10,0,0,7,0,0,1,0,0,2,1,0,-1,0,0,0,3,2,0,1,-1,-1,-1,-1,0,10,-1,1,1,3,-1,-1,-1,0,0,1,0,0,10,0,0,0,22.63
1,0,0,0,-1,0,1,5,0,0,0,0,3,2,3,2,0,-1,-1,0,-1,3,0,-1,50,0,9223372036800000000,50,0,10,0,0,7,0,0,1,0,0,2,1,0,-1,0,0,0,3,2,0,1,-1,-1,-1,-1,0,10,-1,1,1,3,-1,-1,-1,0,0,1,0,0,10,0,0,0,24.82
1,0,0,0,-1,0,1,4,0,0,0,0,3,0,2,0,-1,2,-1,-1,-1,3,0,-1,50,0,9223372036800000000,1e+75,0,10,0,0,7,0,0,1,0,0,1,1,0,0,0,0,0,0,2,0,1,-1,-1,-1,-1,0,10,-1,1,1,3,-1,-1,-1,0,0,1,0,0,10,0,0,0,17.05
1,0,0,0,-1,0,1,1,0,0,0,0,0,-1,3,-1,2,2,2,0,2,3,0,-1,100,0,9223372036800000000,1e+75,0,10,0,0,7,0,0,1,0,0,1,1,0,-1,0,0,0,2,2,0,1,-1,-1,-1,-1,0,10,-1,1,1,3,-1,-1,-1,0,0,1,0,0,10,0,0,0,22.33
1,0,0,0,-1,0,1,3,0,0,0,0,1,3,2,0,1,1,2,1,1,3,0,-1,50,0,9223372036800000000,5,0,10,0,0,7,0,0,1,0,0,1,1,0,3,0,0,0,1,2,0,1,-1,-1,-1,-1,0,10,-1,1,1,3,-1,-1,-1,0,0,1,0,0,10,0,0,0,21.08
1,0,0,0,-1,0,1,3,0,0,0,0,1,3,2,0,1,1,2,1,1,3,0,-1,50,0,9223372036800000000,50,0,10,0,0,7,0,0,1,0,0,1,1,0,3,0,0,0,1,2,0,1,-1,-1,-1,-1,0,10,-1,1,1,3,-1,-1,-1,0,0,1,0,0,10,0,0,0,21.09
1,0,0,0,-1,0,1,3,0,0,0,0,3,3,2,0,1,1,2,1,1,3,0,-1,50,0,9223372036800000000,5,0,10,0,0,7,0,0,1,0,0,1,1,0,3,0,0,0,1,2,0,1,-1,-1,-1,-1,0,10,-1,1,1,3,-1,-1,-1,0,0,1,0,0,10,0,0,0,20.99
1,0,0,0,-1,0,1,0,0,0,0,0,2,0,2,0,-1,0,0,0,0,3,0,-1,100,0,9223372036800000000,2,0,10,0,0,7,0,0,1,0,0,1,1,0,0,0,0,0,0,2,0,1,-1,-1,-1,-1,0,10,-1,1,1,3,-1,-1,-1,0,0,1,0,0,10,0,0,0,13.2
1,0,0,0,-1,0,1,3,0,0,0,0,3,3,2,0,1,1,2,1,0,3,0,-1,50,0,9223372036800000000,5,0,10,0,0,7,0,0,1,0,0,1,1,0,3,0,0,0,1,2,0,1,-1,-1,-1,-1,0,10,-1,1,1,3,-1,-1,-1,0,0,1,0,0,10,0,0,0,21.62
1,0,0,0,-1,0,1,5,0,0,0,0,3,1,2,1,1,-1,2,0,1,3,0,4,10,0,9223372036800000000,50,0,10,0,0,7,0,0,1,0,0,3,1,-1,1,0,0,0,-1,2,0,1,-1,-1,-1,-1,0,10,-1,1,1,3,-1,-1,-1,0,0,1,0,0,10,0,0,0,22.92
1,0,0,0,-1,0,1,2,0,0,0,0,-1,0,0,1,2,1,1,1,2,3,0,-1,50,0,9223372036800000000,30,0,10,0,0,7,0,0,1,0,0,1,1,0,1,0,0,0,4,2,0,1,-1,-1,-1,-1,0,10,-1,1,1,3,-1,-1,-1,0,0,1,0,0,10,0,0,0,16.9
1,0,0,0,-1,0,1,3,0,0,0,0,3,3,2,0,1,1,1,1,1,3,0,-1,50,0,9223372036800000000,5,0,10,0,0,7,0,0,1,0,0,1,1,0,3,0,0,0,1,2,0,1,-1,-1,-1,-1,0,10,-1,1,1,3,-1,-1,-1,0,0,1,0,0,10,0,0,0,22.26
1,0,0,0,-1,0,1,5,0,0,0,0,2,1,2,-1,0,2,2,0,0,3,0,4,400,0,9223372036800000000,5,0,10,0,0,7,0,0,1,0,0,1,1,0,3,0,0,0,0,2,0,1,-1,-1,-1,-1,0,10,-1,1,1,3,-1,-1,-1,0,0,1,0,0,10,0,0,0,20.1
1,0,0,0,-1,0,1,4,0,0,0,0,-1,3,-1,0,2,2,1,2,0,3,0,8,400,0,9223372036800000000,60,0,10,0,0,7,0,0,1,0,0,1,1,-1,3,0,0,0,-1,2,0,1,-1,-1,-1,-1,0,10,-1,1,1,3,-1,-1,-1,0,0,1,0,0,10,0,0,0,20.83
1,0,0,0,-1,0,1,0,0,0,0,0,2,-1,-1,-1,2,2,0,1,2,3,0,1,150,0,9223372036800000000,30,0,10,0,0,7,0,0,1,0,0,3,1,2,1,0,0,0,-1,2,0,1,-1,-1,-1,-1,0,10,-1,1,1,3,-1,-1,-1,0,0,1,0,0,10,0,0,0,48.8
1,0,0,0,-1,0,1,3,0,0,0,0,3,3,2,0,1,1,2,1,1,3,0,-1,50,0,9223372036800000000,120,0,10,0,0,7,0,0,1,0,0,1,1,0,3,0,0,0,1,2,0,1,-1,-1,-1,-1,0,10,-1,1,1,3,-1,-1,-1,0,0,1,0,0,10,0,0,0,20.99
1,0,0,0,-1,0,1,3,0,0,0,0,3,0,1,1,0,-1,0,0,1,3,0,-1,800,0,9223372036800000000,1e+75,0,10,0,0,7,0,0,1,0,0,1,1,0,0,0,0,0,0,2,0,1,-1,-1,-1,-1,0,10,-1,1,1,3,-1,-1,-1,0,0,1,0,0,10,0,0,0,17.62
1,0,0,0,-1,0,1,3,0,0,0,0,3,2,3,2,0,-1,2,0,-1,3,0,-1,50,0,9223372036800000000,50,0,10,0,0,7,0,0,1,0,0,2,1,0,-1,0,0,0,3,2,0,1,-1,-1,-1,-1,0,10,-1,1,1,3,-1,-1,-1,0,0,1,0,0,10,0,0,0,23.18
1,0,0,0,-1,0,1,2,0,0,0,0,3,2,-1,1,0,0,0,1,1,3,0,-1,100,0,9223372036800000000,40,0,10,0,0,7,0,0,1,0,0,3,1,0,-1,0,0,0,0,2,0,1,-1,-1,-1,-1,0,10,-1,1,1,3,-1,-1,-1,0,0,1,0,0,10,0,0,0,19.3
1,0,0,0,-1,0,1,3,0,0,0,0,3,3,2,0,1,1,2,1,1,3,0,-1,50,0,9223372036800000000,5,0,10,0,0,7,0,0,1,0,0,1,1,0,3,0,0,0,2,2,0,1,-1,-1,-1,-1,0,10,-1,1,1,3,-1,-1,-1,0,0,1,0,0,10,0,0,0,14.2
1,0,0,0,-1,0,1,3,0,0,0,0,3,3,2,0,1,1,2,1,0,3,0,-1,50,0,9223372036800000000,5,0,10,0,0,7,0,0,1,0,0,1,1,0,3,0,0,0,2,2,0,1,-1,-1,-1,-1,0,10,-1,1,1,3,-1,-1,-1,0,0,1,0,0,10,0,0,0,15.88
1,0,0,0,-1,0,1,4,0,0,0,0,3,1,-1,2,-1,2,-1,1,1,3,0,-1,800,0,9223372036800000000,0,0,10,0,0,7,0,0,1,0,0,2,1,1,0,0,0,1,3,2,0,1,-1,-1,-1,-1,0,10,-1,1,1,3,-1,-1,-1,0,0,1,0,0,10,0,0,0,21.15
1,0,0,0,-1,0,1,3,0,0,0,0,3,3,2,0,1,1,2,1,1,3,0,-1,50,0,9223372036800000000,5,0,10,0,0,7,0,0,1,0,0,0,1,0,3,0,0,0,2,2,0,1,-1,-1,-1,-1,0,10,-1,1,1,3,-1,-1,-1,0,0,1,0,0,10,0,0,0,21.42
1,0,0,0,-1,0,1,3,0,0,0,0,3,3,2,0,1,1,2,1,1,3,0,-1,50,0,9223372036800000000,5,0,10,0,0,7,0,0,1,0,0,3,1,0,3,0,0,0,2,2,0,1,-1,-1,-1,-1,0,10,-1,1,1,3,-1,-1,-1,0,0,1,0,0,10,0,0,0,19.09
1,0,0,0,-1,0,1,0,0,0,0,0,1,-1,3,0,1,1,1,-1,0,3,0,-1,200,0,9223372036800000000,5,0,10,0,0,7,0,0,1,0,0,1,1,0,1,0,0,0,1,2,0,1,-1,-1,-1,-1,0,10,-1,1,1,3,-1,-1,-1,0,0,1,0,0,10,0,0,0,21.41
1,0,0,0,-1,0,1,2,0,0,0,0,-1,0,0,1,2,1,1,1,2,3,0,-1,10,0,9223372036800000000,30,0,10,0,0,7,0,0,1,0,0,1,1,0,1,0,0,0,4,2,0,1,-1,-1,-1,-1,0,10,-1,1,1,3,-1,-1,-1,0,0,1,0,0,10,0,0,0,17.9
1,0,0,0,-1,0,1,3,0,0,0,0,-1,3,0,0,-1,1,0,0,2,3,0,2,25,0,9223372036800000000,1e+75,0,10,0,0,7,0,0,1,0,0,2,1,2,2,0,0,4,4,2,0,1,-1,-1,-1,-1,0,10,-1,1,1,3,-1,-1,-1,0,0,1,4,0,10,0,0,0,26.38
1,0,0,0,-1,0,1,2,0,0,0,0,-1,0,0,1,2,1,2,1,2,3,0,-1,10,0,9223372036800000000,10,0,10,0,0,7,0,0,1,0,0,1,1,0,1,0,0,0,4,2,0,1,-1,-1,-1,-1,0,10,-1,1,1,3,-1,-1,-1,0,0,1,0,0,10,0,0,0,16.32
1,0,0,0,-1,0,1,1,0,0,0,0,1,3,-1,-1,-1,-1,2,1,-1,3,0,-1,25,0,9223372036800000000,0,0,10,0,0,7,0,0,1,0,0,3,1,0,2,0,0,0,2,2,0,1,-1,-1,-1,-1,0,10,-1,1,1,3,-1,-1,-1,0,0,1,0,0,10,0,0,0,23.04
1,0,0,0,-1,0,1,5,0,0,0,0,1,-1,0,1,-1,1,-1,2,-1,3,0,-1,800,0,9223372036800000000,10,0,10,0,0,7,0,0,1,0,0,3,1,0,1,0,0,0,2,2,0,1,-1,-1,-1,-1,0,10,-1,1,1,3,-1,-1,-1,0,0,1,0,0,10,0,0,0,21.28
1,0,0,0,-1,0,1,2,0,0,0,0,-1,0,-1,1,2,1,2,1,2,3,0,-1,10,0,9223372036800000000,30,0,10,0,0,7,0,0,1,0,0,1,1,0,1,0,0,0,4,2,0,1,-1,-1,-1,-1,0,10,-1,1,1,3,-1,-1,-1,0,0,1,0,0,10,0,0,0,16.32
1,0,0,0,-1,0,1,0,0,0,0,0,1,3,2,2,1,0,0,2,-1,3,0,8,200,0,9223372036800000000,5,0,10,0,0,7,0,0,1,0,0,0,1,0,0,0,0,0,2,2,0,1,-1,-1,-1,-1,0,10,-1,1,1,3,-1,-1,-1,0,0,1,0,0,10,0,0,0,20.16
1,0,0,0,-1,0,1,5,0,0,0,0,0,-1,-1,0,-1,2,-1,0,1,3,0,16,100,0,9223372036800000000,5,0,10,0,0,7,0,0,1,0,0,1,1,3,3,0,0,0,1,2,0,1,-1,-1,-1,-1,0,10,-1,1,1,3,-1,-1,-1,0,0,1,0,0,10,0,0,0,21.44
1,0,0,0,-1,0,1,2,0,0,0,0,-1,0,0,1,2,1,2,1,2,3,0,-1,50,0,9223372036800000000,30,0,10,0,0,7,0,0,1,0,0,1,1,0,1,0,0,0,4,2,0,1,-1,-1,-1,-1,0,10,-1,1,1,3,-1,-1,-1,0,0,1,0,0,10,0,0,0,16.24
1,0,0,0,-1,0,1,2,0,0,0,0,-1,0,0,1,2,1,2,1,2,3,0,-1,50,0,9223372036800000000,30,0,10,0,0,7,0,0,1,0,0,1,1,0,3,0,0,0,4,2,0,1,-1,-1,-1,-1,0,10,-1,1,1,3,-1,-1,-1,0,0,1,0,0,10,0,0,0,18.01
1,0,0,0,-1,0,1,3,0,0,0,0,1,0,0,0,-1,0,-1,1,0,3,0,-1,200,0,9223372036800000000,1e+75,0,10,0,0,7,0,0,1,0,0,1,1,0,0,0,0,0,0,2,0,1,-1,-1,-1,-1,0,10,-1,1,1,3,-1,-1,-1,0,0,1,0,0,10,0,0,0,14.53
1,0,0,0,-1,0,1,2,0,0,0,0,-1,0,0,1,2,1,2,1,2,3,0,-1,150,0,9223372036800000000,30,0,10,0,0,7,0,0,1,0,0,1,1,0,1,0,0,0,4,2,0,1,-1,-1,-1,-1,0,10,-1,1,1,3,-1,-1,-1,0,0,1,0,0,10,0,0,0,15.49
1,0,0,0,-1,0,1,2,0,0,0,0,-1,0,0,1,2,1,2,1,2,3,0,-1,150,0,9223372036800000000,120,0,10,0,0,7,0,0,1,0,0,1,1,0,1,0,0,0,4,2,0,1,-1,-1,-1,-1,0,10,-1,1,1,3,-1,-1,-1,0,0,1,0,0,10,0,0,0,15.52
1,0,0,0,-1,0,1,0,0,0,0,0,0,0,0,0,0,0,0,0,0,3,0,-1,200,0,9223372036800000000,1e+75,0,10,0,0,7,0,0,1,0,0,1,1,0,0,0,0,0,0,2,0,1,-1,-1,-1,-1,0,10,-1,1,1,3,-1,-1,-1,0,0,1,0,0,10,0,0,0,13.42
1,0,0,0,-1,0,1,4,0,0,0,0,3,1,1,1,-1,-1,0,0,1,3,0,-1,10,0,9223372036800000000,30,0,10,0,0,7,0,0,1,0,0,1,1,0,1,0,0,0,0,2,0,1,-1,-1,-1,-1,0,10,-1,1,1,3,-1,-1,-1,0,0,1,0,0,10,0,0,0,16.12
1,0,0,0,-1,0,1,5,0,0,0,0,0,2,3,-1,1,2,-1,2,2,3,0,-1,25,0,9223372036800000000,120,0,10,0,0,7,0,0,1,0,0,2,1,0,-1,0,0,0,0,2,0,1,-1,-1,-1,-1,0,10,-1,1,1,3,-1,-1,-1,0,0,1,0,0,10,0,0,0,21.67
1,0,0,0,-1,0,1,1,0,0,0,0,0,-1,0,0,-1,1,2,2,2,3,0,-1,400,0,9223372036800000000,240,0,10,0,0,7,0,0,1,0,0,3,1,0,-1,0,0,0,4,2,0,1,-1,-1,-1,-1,0,10,-1,1,1,3,-1,-1,-1,0,0,1,0,0,10,0,0,0,22.11
1,0,0,0,-1,0,1,5,0,0,0,0,0,2,3,-1,1,2,-1,-1,2,3,0,-1,800,0,9223372036800000000,120,0,10,0,0,7,0,0,1,0,0,2,1,0,-1,0,0,0,0,2,0,1,-1,-1,-1,-1,0,10,-1,1,1,3,-1,-1,-1,0,0,1,0,0,10,0,0,0,32.95
1,0,0,0,-1,0,1,5,0,0,0,0,1,2,3,-1,1,2,-1,2,2,3,0,-1,800,0,9223372036800000000,120,0,10,0,0,7,0,0,1,0,0,2,1,0,-1,0,0,0,0,2,0,1,-1,-1,-1,-1,0,10,-1,1,1,3,-1,-1,-1,0,0,1,0,0,10,0,0,0,21.53
1,0,0,0,-1,0,1,4,0,0,0,0,1,-1,2,0,0,2,2,2,0,3,0,-1,200,0,9223372036800000000,10,0,10,0,0,7,0,0,1,0,0,0,1,0,2,0,0,3,1,2,0,1,-1,-1,-1,-1,0,10,-1,1,1,3,-1,-1,-1,0,0,1,2,0,10,0,0,0,25.15
1,0,0,0,-1,0,1,4,0,0,0,0,1,0,3,0,2,1,0,0,0,3,0,-1,25,0,9223372036800000000,1e+75,0,10,0,0,7,0,0,1,0,0,1,1,0,0,0,0,0,0,2,0,1,-1,-1,-1,-1,0,10,-1,1,1,3,-1,-1,-1,0,0,1,0,0,10,0,0,0,21.48
1,0,0,0,-1,0,1,5,0,0,0,0,0,2,3,-1,1,2,-1,2,2,3,0,-1,150,0,9223372036800000000,120,0,10,0,0,7,0,0,1,0,0,2,1,0,-1,0,0,0,0,2,0,1,-1,-1,-1,-1,0,10,-1,1,1,3,-1,-1,-1,0,0,1,0,0,10,0,0,0,21.53
1,0,0,0,-1,0,1,5,0,0,0,0,0,2,3,-1,1,2,-1,2,2,3,0,-1,200,0,9223372036800000000,120,0,10,0,0,7,0,0,1,0,0,2,1,0,-1,0,0,0,0,2,0,1,-1,-1,-1,-1,0,10,-1,1,1,3,-1,-1,-1,0,0,1,0,0,10,0,0,0,21.53
1,0,0,0,-1,0,1,5,0,0,0,0,0,2,3,1,1,2,-1,2,2,3,0,-1,800,0,9223372036800000000,120,0,10,0,0,7,0,0,1,0,0,2,1,0,0,0,0,0,0,2,0,1,-1,-1,-1,-1,0,10,-1,1,1,3,-1,-1,-1,0,0,1,0,0,10,0,0,0,21.37
1,0,0,0,-1,0,1,4,0,0,0,0,0,2,3,1,1,2,-1,2,2,3,0,-1,800,0,9223372036800000000,120,0,10,0,0,7,0,0,1,0,0,2,1,0,-1,0,0,0,0,2,0,1,-1,-1,-1,-1,0,10,-1,1,1,3,-1,-1,-1,0,0,1,0,0,10,0,0,0,21.72
1,0,0,0,-1,0,1,3,0,0,0,0,3,0,1,1,2,2,0,1,1,3,0,-1,800,0,9223372036800000000,1e+75,0,10,0,0,7,0,0,1,0,0,1,1,0,0,0,0,0,0,2,0,1,-1,-1,-1,-1,0,10,-1,1,1,3,-1,-1,-1,0,0,1,0,0,10,0,0,0,15.67
1,0,0,0,-1,0,1,5,0,0,0,0,0,2,3,1,1,2,-1,2,2,3,0,-1,800,0,9223372036800000000,120,0,10,0,0,7,0,0,1,0,0,2,1,0,-1,0,0,0,-1,2,0,1,-1,-1,-1,-1,0,10,-1,1,1,3,-1,-1,-1,0,0,1,0,0,10,0,0,0,22.78
1,0,0,0,-1,0,1,5,0,0,0,0,0,2,3,1,1,2,-1,2,2,3,0,-1,800,0,9223372036800000000,0,0,10,0,0,7,0,0,1,0,0,2,1,0,-1,0,0,0,0,2,0,1,-1,-1,-1,-1,0,10,-1,1,1,3,-1,-1,-1,0,0,1,0,0,10,0,0,0,21.33
1,0,0,0,-1,0,1,0,0,0,0,0,0,1,-1,-1,-1,0,2,-1,1,3,0,4,25,0,9223372036800000000,120,0,10,0,0,7,0,0,1,0,0,0,1,2,3,0,0,4,0,2,0,1,-1,-1,-1,-1,0,10,-1,1,1,3,-1,-1,-1,0,0,1,3,0,10,0,0,0,42.06
1,0,0,0,-1,0,1,2,0,0,0,0,0,0,0,2,2,0,2,1,-1,3,0,-1,100,0,9223372036800000000,1e+75,0,10,0,0,7,0,0,1,0,0,1,1,0,0,0,0,0,0,2,0,1,-1,-1,-1,-1,0,10,-1,1,1,3,-1,-1,-1,0,0,1,0,0,10,0,0,0,14.77
1,0,0,0,-1,0,1,4,0,0,0,0,-1,3,0,1,-1,1,-1,2,1,3,0,8,25,0,9223372036800000000,1,0,10,0,0,7,0,0,1,0,0,2,1,2,3,0,0,0,4,2,0,1,-1,-1,-1,-1,0,10,-1,1,1,3,-1,-1,-1,0,0,1,0,0,10,0,0,0,21.65
1,0,0,0,-1,0,1,0,0,0,0,0,0,0,2,0,-1,0,0,0,0,3,0,-1,100,0,9223372036800000000,2,0,10,0,0,7,0,0,1,0,0,1,1,0,0,40,0,0,0,2,0,1,-1,-1,-1,-1,0,10,-1,1,1,3,-1,-1,-1,0,0,1,0,0,10,0,0,0,14.92
1,0,0,0,-1,0,1,3,0,0,0,0,0,0,1,0,2,-1,2,2,-1,3,0,-1,150,0,9223372036800000000,60,0,10,0,0,7,0,0,1,0,0,1,1,0,2,0,0,0,0,2,0,1,-1,-1,-1,-1,0,10,-1,1,1,3,-1,-1,-1,0,0,1,0,0,10,0,0,0,18.26
1,0,0,0,-1,0,1,0,0,0,0,0,0,0,2,0,-1,0,0,0,0,3,0,-1,100,0,9223372036800000000,2,0,10,0,0,7,0,0,1,0,0,1,1,0,0,60,0,0,0,2,0,1,-1,-1,-1,-1,0,10,-1,1,1,3,-1,-1,-1,0,0,1,0,0,10,0,0,0,15.01
1,0,0,0,-1,0,1,0,0,0,0,0,0,0,-1,0,-1,0,0,0,0,3,0,-1,25,0,9223372036800000000,2,0,10,0,0,7,0,0,1,0,0,1,1,0,0,0,0,0,0,2,0,1,-1,-1,-1,-1,0,10,-1,1,1,3,-1,-1,-1,0,0,1,0,0,10,0,0,0,13.52
1,0,0,0,-1,0,1,0,0,0,0,0,0,0,2,0,-1,0,0,0,0,3,0,-1,100,0,9223372036800000000,2,0,10,0,0,7,0,0,1,0,0,1,1,0,0,500,0,0,0,2,0,1,-1,-1,-1,-1,0,10,-1,1,1,3,-1,-1,-1,0,0,1,0,0,10,0,0,0,15.01
1,0,0,0,-1,0,1,0,0,0,0,0,0,0,2,0,-1,0,0,0,0,3,0,-1,100,0,9223372036800000000,2,0,10,0,0,7,0,0,1,0,0,1,1,0,0,1000,0,0,0,2,0,1,-1,-1,-1,-1,0,10,-1,1,1,3,-1,-1,-1,0,0,1,0,0,10,0,0,0,15.01
1,0,0,0,-1,0,1,0,0,0,0,0,0,0,2,0,-1,0,0,0,0,3,0,-1,100,0,9223372036800000000,2,0,10,0,0,5,0,0,1,0,0,1,1,0,0,0,0,0,0,2,0,1,-1,-1,-1,-1,0,10,-1,1,1,3,-1,-1,-1,0,0,1,0,0,10,0,0,0,13.21
1,0,0,0,-1,0,1,3,0,0,0,0,3,0,1,2,0,-1,0,1,1,3,0,-1,800,0,9223372036800000000,1e+75,0,10,0,0,7,0,0,1,0,0,1,1,0,0,0,0,0,0,2,0,1,-1,-1,-1,-1,0,10,-1,1,1,3,-1,-1,-1,0,0,1,0,0,10,0,0,0,16.04
1,0,0,0,-1,0,1,0,0,0,0,0,0,0,2,0,-1,0,0,0,0,3,0,-1,100,0,9223372036800000000,2,0,10,0,0,0,0,0,1,0,0,1,1,0,0,0,0,0,0,2,0,1,-1,-1,-1,-1,0,10,-1,1,1,3,-1,-1,-1,0,0,1,0,0,10,0,0,0,13.23
1,0,0,0,-1,0,1,0,0,0,0,0,0,0,0,2,1,2,1,0,1,3,0,8,400,0,9223372036800000000,1e+75,0,10,0,0,7,0,0,1,0,0,1,1,0,-1,0,0,0,0,2,0,1,-1,-1,-1,-1,0,10,-1,1,1,3,-1,-1,-1,0,0,1,0,0,10,0,0,0,14.72
1,0,0,0,-1,0,1,3,0,0,0,0,-1,2,0,0,2,1,2,-1,2,3,0,-1,100,0,9223372036800000000,60,0,10,0,0,7,0,0,1,0,0,1,1,0,0,0,0,0,-1,2,0,1,-1,-1,-1,-1,0,10,-1,1,1,3,-1,-1,-1,0,0,1,0,0,10,0,0,0,23.55
1,0,0,0,-1,0,1,0,0,0,0,0,0,0,2,0,-1,0,0,0,0,3,0,-1,100,0,9223372036800000000,2,0,10,0,0,4,0,0,1,0,0,1,1,0,0,0,0,0,0,2,0,1,-1,-1,-1,-1,0,10,-1,1,1,3,-1,-1,-1,0,0,1,0,0,10,0,0,0,13.23
1,0,0,0,-1,0,1,3,0,0,0,0,3,1,2,2,1,2,2,-1,1,3,0,2,150,0,9223372036800000000,40,0,10,0,0,7,0,0,1,0,0,1,1,1,0,0,0,5,2,2,0,1,-1,-1,-1,-1,0,10,-1,1,1,3,-1,-1,-1,0,0,1,5,0,10,0,0,0,32.79
1,0,0,0,-1,0,1,0,0,0,0,0,0,0,2,0,-1,0,0,0,0,3,0,-1,100,0,9223372036800000000,2,0,10,0,0,30,0,0,1,0,0,1,1,0,0,0,0,0,0,2,0,1,-1,-1,-1,-1,0,10,-1,1,1,3,-1,-1,-1,0,0,1,0,0,10,0,0,0,13.21
1,0,0,0,-1,0,1,0,0,0,0,0,0,0,2,0,-1,0,0,0,0,3,0,-1,100,0,9223372036800000000,2,0,10,0,0,7,-1,0,1,0,0,1,1,0,0,0,0,0,0,2,0,1,-1,-1,-1,-1,0,10,-1,1,1,3,-1,-1,-1,0,0,1,0,0,10,0,0,0,15.21
1,0,0,0,-1,0,1,0,0,0,0,0,0,0,2,0,-1,0,0,0,0,3,0,-1,100,0,9223372036800000000,2,0,10,0,0,7,1,0,1,0,0,1,1,0,0,0,0,0,0,2,0,1,-1,-1,-1,-1,0,10,-1,1,1,3,-1,-1,-1,0,0,1,0,0,10,0,0,0,13.94
1,0,0,0,-1,0,1,4,0,0,0,0,0,0,1,0,1,0,2,0,1,3,0,-1,150,0,9223372036800000000,1e+75,0,10,0,0,7,0,0,1,0,0,1,1,0,0,0,0,0,0,2,0,1,-1,-1,-1,-1,0,10,-1,1,1,3,-1,-1,-1,0,0,1,0,0,10,0,0,0,14.35
1,0,0,0,-1,0,1,0,0,0,0,0,0,0,2,0,-1,0,0,0,0,3,0,2,100,0,9223372036800000000,2,0,10,0,0,7,0,0,1,0,0,1,1,0,0,0,0,0,0,2,0,1,-1,-1,-1,-1,0,10,-1,1,1,3,-1,-1,-1,0,0,1,0,0,10,0,0,0,18.27
1,0,0,0,-1,0,1,1,0,0,0,0,-1,2,3,1,2,-1,0,1,0,3,0,2,100,0,9223372036800000000,5,0,10,0,0,7,0,0,1,0,0,2,1,2,2,0,0,0,4,2,0,1,-1,-1,-1,-1,0,10,-1,1,1,3,-1,-1,-1,0,0,1,0,0,10,0,0,0,26.01
1,0,0,0,-1,0,1,0,0,0,0,0,0,0,2,0,-1,0,0,0,0,3,0,4,100,0,9223372036800000000,2,0,10,0,0,7,0,0,1,0,0,1,1,0,0,0,0,0,0,2,0,1,-1,-1,-1,-1,0,10,-1,1,1,3,-1,-1,-1,0,0,1,0,0,10,0,0,0,13.21
1,0,0,0,-1,0,1,0,0,0,0,0,0,0,2,0,-1,0,0,0,0,3,0,16,100,0,9223372036800000000,2,0,10,0,0,7,0,0,1,0,0,1,1,0,0,0,0,0,0,2,0,1,-1,-1,-1,-1,0,10,-1,1,1,3,-1,-1,-1,0,0,1,0,0,10,0,0,0,13.19
1,0,0,0,-1,0,1,2,0,0,0,0,0,2,2,-1,2,1,1,1,2,3,0,-1,50,0,9223372036800000000,120,0,10,0,0,7,0,0,1,0,0,2,1,0,3,0,0,0,1,2,0,1,-1,-1,-1,-1,0,10,-1,1,1,3,-1,-1,-1,0,0,1,0,0,10,0,0,0,22.1
1,0,0,0,-1,0,1,0,0,0,0,0,0,0,2,0,-1,0,0,0,0,3,0,-1,100,0,9223372036800000000,2,0,10,0,0,7,0,0,1,0,0,1,1,1,0,0,0,0,0,2,0,1,-1,-1,-1,-1,0,10,-1,1,1,3,-1,-1,-1,0,0,1,0,0,10,0,0,0,13.71
1,0,0,0,-1,0,1,1,0,0,0,0,1,0,-1,2,0,-1,1,0,2,3,0,-1,50,0,9223372036800000000,0,0,10,0,0,7,0,0,1,0,0,0,1,0,1,0,0,0,4,2,0,1,-1,-1,-1,-1,0,10,-1,1,1,3,-1,-1,-1,0,0,1,0,0,10,0,0,0,24.52
1,0,0,0,-1,0,1,5,0,0,0,0,2,1,-1,-1,0,2,2,0,0,3,0,4,400,0,9223372036800000000,5,0,10,0,0,7,0,0,1,0,0,1,1,0,3,0,0,0,0,2,0,1,-1,-1,-1,-1,0,10,-1,1,1,3,-1,-1,-1,0,0,1,0,0,10,0,0,0,20.1
1,0,0,0,-1,0,1,0,0,0,0,0,0,0,2,0,-1,0,0,0,0,3,0,-1,100,0,9223372036800000000,2,0,10,0,0,7,0,0,1,0,0,1,1,2,0,0,0,0,0,2,0,1,-1,-1,-1,-1,0,10,-1,1,1,3,-1,-1,-1,0,0,1,0,0,10,0,0,0,13.48
1,0,0,0,-1,0,1,1,0,0,0,0,0,-1,3,-1,2,2,2,0,2,3,0,-1,100,0,9223372036800000000,120,0,10,0,0,7,0,0,1,0,0,1,1,0,-1,0,0,0,0,2,0,1,-1,-1,-1,-1,0,10,-1,1,1,3,-1,-1,-1,0,0,1,0,0,10,0,0,0,21.49
1,0,0,0,-1,0,1,4,0,0,0,0,-1,3,0,1,-1,1,-1,2,1,3,0,8,25,0,9223372036800000000,1,0,10,0,0,7,0,0,1,0,0,2,1,1,3,0,0,0,4,2,0,1,-1,-1,-1,-1,0,10,-1,1,1,3,-1,-1,-1,0,0,1,0,0,10,0,0,0,21.29
1,0,0,0,-1,0,1,4,0,0,0,0,-1,3,1,0,2,2,0,2,0,3,0,8,400,0,9223372036800000000,60,0,10,0,0,7,0,0,1,0,0,1,1,-1,3,0,0,0,-1,2,0,1,-1,-1,-1,-1,0,10,-1,1,1,3,-1,-1,-1,0,0,1,0,0,10,0,0,0,20.96
1,0,0,0,-1,0,1,0,0,0,0,0,0,0,2,0,-1,0,0,0,0,3,0,-1,100,0,9223372036800000000,2,0,10,0,0,7,0,0,1,0,0,1,0,0,0,0,0,0,0,2,0,1,-1,-1,-1,-1,0,10,-1,1,1,3,-1,-1,-1,0,0,1,0,0,10,0,0,0,13.63
1,0,0,0,-1,0,1,3,0,0,0,0,2,1,2,2,1,2,2,-1,1,3,0,1,800,0,9223372036800000000,40,0,10,0,0,7,0,0,1,0,0,1,1,1,0,0,0,5,2,2,0,1,-1,-1,-1,-1,0,10,-1,1,1,3,-1,-1,-1,0,0,1,5,0,10,0,0,0,49.84
1,0,0,0,-1,0,1,1,0,0,0,0,2,0,2,2,0,2,2,0,0,3,0,-1,50,0,9223372036800000000,1e+75,0,10,0,0,7,0,0,1,0,0,1,1,0,0,0,0,0,0,2,0,1,-1,-1,-1,-1,0,10,-1,1,1,3,-1,-1,-1,0,0,1,0,0,10,0,0,0,23.15
1,0,0,0,-1,0,1,2,0,0,0,0,3,1,1,1,-1,-1,0,0,1,3,0,-1,10,0,9223372036800000000,120,0,10,0,0,7,0,0,1,0,0,1,1,0,1,0,0,0,0,2,0,1,-1,-1,-1,-1,0,10,-1,1,1,3,-1,-1,-1,0,0,1,0,0,10,0,0,0,13.57
1,0,0,0,-1,0,1,0,0,0,0,0,0,0,2,0,-1,0,0,0,0,3,0,-1,100,0,9223372036800000000,2,0,10,0,0,7,0,0,1,0,0,1,1,0,0,0,0,0,0,2,0,1,-1,-1,-1,-1,0,10,-1,1,1,3,-1,-1,0,0,0,1,0,0,10,0,0,0,13.4
1,0,0,0,-1,0,1,0,0,0,0,0,1,-1,1,2,1,0,0,2,-1,3,0,1,200,0,9223372036800000000,5,0,10,0,0,7,0,0,1,0,0,2,1,0,0,0,0,0,0,2,0,1,-1,-1,-1,-1,0,10,-1,1,1,3,-1,-1,-1,0,0,1,0,0,10,0,0,0,46.81
1,0,0,0,-1,0,1,5,0,0,0,0,3,2,0,0,1,1,2,-1,2,3,0,-1,100,0,9223372036800000000,5,0,10,0,0,7,0,0,1,0,0,1,1,0,0,0,0,0,-1,2,0,1,-1,-1,-1,-1,0,10,-1,1,1,3,-1,-1,-1,0,0,1,0,0,10,0,0,0,23.88
1,0,0,0,-1,0,1,0,0,0,0,0,0,0,2,0,-1,0,0,0,0,3,0,-1,100,0,9223372036800000000,2,0,10,0,0,7,0,0,1,0,0,1,1,0,0,0,0,0,0,2,0,1,-1,-1,-1,-1,0,10,-1,1,1,3,-1,-1,4,0,0,1,0,0,10,0,0,0,13.63
1,0,0,0,-1,0,1,1,0,0,0,0,2,1,-1,-1,2,2,0,1,2,3,0,1,150,0,9223372036800000000,30,0,10,0,0,7,0,0,1,0,0,3,1,2,1,0,0,0,-1,2,0,1,-1,-1,-1,-1,0,10,-1,1,1,3,-1,-1,-1,0,0,1,0,0,10,0,0,0,48.98
1,0,0,0,-1,0,1,0,0,0,0,0,0,0,2,0,-1,0,0,0,0,3,0,-1,100,0,9223372036800000000,2,0,10,0,0,7,0,0,1,0,0,1,1,0,0,0,0,0,0,2,0,1,-1,-1,-1,-1,0,10,-1,1,1,3,-1,-1,5,0,0,1,0,0,10,0,0,0,13.63
1,0,0,0,-1,0,1,3,0,0,0,0,0,0,3,2,2,0,0,2,-1,3,0,-1,10,0,9223372036800000000,50,0,10,0,0,7,0,0,1,0,0,1,1,1,-1,0,0,0,2,2,0,1,-1,-1,-1,-1,0,10,-1,1,1,3,-1,-1,-1,0,0,1,0,0,10,0,0,0,19.29
1,0,0,0,-1,0,1,5,0,0,0,0,-1,2,0,0,0,2,0,0,0,3,0,-1,200,0,9223372036800000000,1,0,10,0,0,7,0,0,1,0,0,1,1,3,3,0,0,0,0,2,0,1,-1,-1,-1,-1,0,10,-1,1,1,3,-1,-1,-1,0,0,1,0,0,10,0,0,0,21.63
1,0,0,0,-1,0,1,0,0,0,0,0,0,0,2,0,-1,0,0,0,0,3,0,-1,100,0,9223372036800000000,20,0,10,0,0,7,0,0,1,0,0,1,1,0,0,0,0,0,0,2,0,1,-1,-1,-1,-1,0,10,-1,1,1,3,-1,-1,-1,0,0,1,0,0,10,0,0,0,13.11
1,0,0,0,-1,0,1,0,0,0,0,0,0,0,2,0,-1,0,0,0,0,3,0,-1,100,0,9223372036800000000,2,0,10,0,0,7,0,0,1,0,0,1,1,0,0,0,0,0,0,2,0,1,-1,-1,-1,-1,-1,10,-1,1,1,3,-1,-1,-1,0,0,1,0,0,10,0,0,0,13.63
1,0,0,0,-1,0,1,5,0,0,0,0,-1,3,-1,1,0,0,2,1,2,3,0,8,50,0,9223372036800000000,0,0,10,0,0,7,0,0,1,0,0,0,1,1,2,0,0,0,0,2,0,1,-1,-1,-1,-1,0,10,-1,1,1,3,-1,-1,-1,0,0,1,0,0,10,0,0,0,21.78
1,0,0,0,-1,0,1,3,0,0,0,0,2,-1,-1,-1,-1,0,0,0,-1,3,0,8,150,0,9223372036800000000,10,0,10,0,0,7,0,0,1,0,0,1,1,2,2,0,0,1,1,2,0,1,-1,-1,-1,-1,0,10,-1,1,1,3,-1,-1,-1,0,0,1,3,0,10,0,0,0,23.39
1,0,0,0,-1,0,1,1,0,0,0,0,1,3,-1,-1,-1,-1,2,1,-1,3,0,-1,25,0,9223372036800000000,1,0,10,0,0,7,0,0,1,0,0,3,1,0,2,0,0,0,2,2,0,1,-1,-1,-1,-1,0,10,-1,1,1,3,-1,-1,-1,0,0,1,0,0,10,0,0,0,22.65
1,0,0,0,-1,0,1,0,0,0,0,0,0,0,0,0,-1,0,0,0,0,3,0,-1,100,0,9223372036800000000,2,0,10,0,0,7,0,0,1,0,0,1,1,0,0,0,0,0,0,2,0,1,-1,-1,-1,-1,0,10,-1,1,1,3,-1,-1,-1,0,0,1,0,0,10,0,0,0,13
1,0,0,0,-1,0,1,0,0,0,0,0,0,0,0,0,2,0,0,0,0,3,0,-1,100,0,9223372036800000000,1e+75,0,10,0,0,7,0,0,1,0,0,1,1,0,0,0,0,0,0,2,0,1,-1,-1,-1,-1,0,10,-1,1,1,3,-1,-1,-1,0,0,1,0,0,10,0,0,0,13.36
1,0,0,0,-1,0,1,0,0,0,0,0,0,0,2,1,-1,0,0,0,0,3,0,-1,100,0,9223372036800000000,2,0,10,0,0,7,0,0,1,0,0,1,1,0,0,0,0,0,0,2,0,1,-1,-1,-1,-1,0,10,-1,1,1,3,-1,-1,-1,0,0,1,0,0,10,0,0,0,15.23
1,0,0,0,-1,0,1,0,0,0,0,0,0,0,-1,0,-1,0,0,0,0,3,0,-1,100,0,9223372036800000000,2,0,10,0,0,7,0,0,1,0,0,1,1,0,0,0,0,0,0,2,0,1,-1,-1,-1,-1,0,10,-1,1,1,3,-1,-1,-1,0,0,1,0,0,10,0,0,0,12.96
1,0,0,0,-1,0,1,4,0,0,0,0,-1,0,0,0,0,2,0,1,2,3,0,-1,100,0,9223372036800000000,1e+75,0,10,0,0,7,0,0,1,0,0,1,1,0,0,0,0,0,0,2,0,1,-1,-1,-1,-1,0,10,-1,1,1,3,-1,-1,-1,0,0,1,0,0,10,0,0,0,13.94
1,0,0,0,-1,0,1,4,0,0,0,0,0,2,2,1,2,-1,-1,2,1,3,0,16,100,0,9223372036800000000,120,0,10,0,0,7,0,0,1,0,0,0,1,0,0,0,0,0,1,2,0,1,-1,-1,-1,-1,0,10,-1,1,1,3,-1,-1,-1,0,0,1,0,0,10,0,0,0,22.22
1,0,0,0,-1,0,1,1,0,0,0,0,1,0,0,0,-1,0,-1,1,0,3,0,-1,200,0,9223372036800000000,1e+75,0,10,0,0,7,0,0,1,0,0,1,1,0,0,0,0,0,0,2,0,1,-1,-1,-1,-1,0,10,-1,1,1,3,-1,-1,-1,0,0,1,0,0,10,0,0,0,23.36
1,0,0,0,-1,0,1,2,0,0,0,0,-1,3,1,0,2,2,1,2,0,3,0,8,400,0,9223372036800000000,60,0,10,0,0,7,0,0,1,0,0,1,1,-1,3,0,0,0,-1,2,0,1,-1,-1,-1,-1,0,10,-1,1,1,3,-1,-1,-1,0,0,1,0,0,10,0,0,0,22.62
1,0,0,0,-1,0,1,2,0,0,0,0,1,0,0,1,-1,-1,0,2,-1,3,0,-1,100,0,9223372036800000000,1e+75,0,10,0,0,7,0,0,1,0,0,1,1,0,0,0,0,0,0,2,0,1,-1,-1,-1,-1,0,10,-1,1,1,3,-1,-1,-1,0,0,1,0,0,10,0,0,0,15.28
1,0,0,0,-1,0,1,5,0,0,0,0,-1,3,-1,1,0,0,2,-1,2,3,0,8,50,0,9223372036800000000,0,0,10,0,0,7,0,0,1,0,0,0,1,1,3,0,0,0,0,2,0,1,-1,-1,-1,-1,0,10,-1,1,1,3,-1,-1,-1,0,0,1,0,0,10,0,0,0,21.03
1,0,0,0,-1,0,1,4,0,0,0,0,3,0,2,0,-1,1,-1,-1,-1,3,0,-1,150,0,9223372036800000000,1e+75,0,10,0,0,7,0,0,1,0,0,1,1,0,0,0,0,0,0,2,0,1,-1,-1,-1,-1,0,10,-1,1,1,3,-1,-1,-1,0,0,1,0,0,10,0,0,0,16.98
1,0,0,0,-1,0,1,5,0,0,0,0,0,2,3,-1,1,2,0,2,2,3,0,-1,800,0,9223372036800000000,120,0,10,0,0,7,0,0,1,0,0,2,1,0,-1,0,0,0,0,2,0,1,-1,-1,-1,-1,0,10,-1,1,1,3,-1,-1,-1,0,0,1,0,0,10,0,0,0,21.79
1,0,0,0,-1,0,1,4,0,0,0,0,0,-1,2,1,2,-1,-1,2,1,3,0,16,100,0,9223372036800000000,120,0,10,0,0,7,0,0,1,0,0,0,1,0,0,0,0,0,1,2,0,1,-1,-1,-1,-1,0,10,-1,1,1,3,-1,-1,-1,0,0,1,0,0,10,0,0,0,22.22
1,0,0,0,-1,0,1,5,0,0,0,0,-1,3,-1,1,0,0,2,1,2,3,0,8,10,0,9223372036800000000,5,0,10,0,0,7,0,0,1,0,0,0,1,1,2,0,0,0,0,2,0,1,-1,-1,-1,-1,0,10,-1,1,1,3,-1,-1,-1,0,0,1,0,0,10,0,0,0,24.42
1,0,0,0,-1,0,1,4,0,0,0,0,0,2,2,1,2,-1,-1,2,1,3,0,16,100,0,9223372036800000000,1,0,10,0,0,7,0,0,1,0,0,0,1,0,0,0,0,0,1,2,0,1,-1,-1,-1,-1,0,10,-1,1,1,3,-1,-1,-1,0,0,1,0,0,10,0,0,0,22.22
1,0,0,0,-1,0,1,4,0,0,0,0,-1,2,0,1,-1,-1,0,-1,0,3,0,-1,400,0,9223372036800000000,1,0,10,0,0,7,0,0,1,0,0,1,1,0,0,0,0,0,0,2,0,1,-1,-1,-1,-1,0,10,-1,1,1,3,-1,-1,-1,0,0,1,0,0,10,0,0,0,15.88
1,0,0,0,-1,0,1,4,0,0,0,0,0,2,-1,1,2,-1,-1,2,1,3,0,16,100,0,9223372036800000000,120,0,10,0,0,7,0,0,1,0,0,0,1,0,0,0,0,0,1,2,0,1,-1,-1,-1,-1,0,10,-1,1,1,3,-1,-1,-1,0,0,1,0,0,10,0,0,0,22.22
1,0,0,0,-1,0,1,4,0,0,0,0,0,2,2,1,1,-1,-1,2,1,3,0,16,100,0,9223372036800000000,120,0,10,0,0,7,0,0,1,0,0,0,1,0,1,0,0,0,1,2,0,1,-1,-1,-1,-1,0,10,-1,1,1,3,-1,-1,-1,0,0,1,0,0,10,0,0,0,22.18
1,0,0,0,-1,0,1,0,0,0,0,0,0,0,1,2,2,2,0,1,2,3,0,-1,800,0,9223372036800000000,1e+75,0,10,0,0,7,0,0,1,0,0,1,1,0,0,0,0,0,0,2,0,1,-1,-1,-1,-1,0,10,-1,1,1,3,-1,-1,-1,0,0,1,0,0,10,0,0,0,14.03
1,0,0,0,-1,0,1,5,0,0,0,0,2,1,0,-1,0,2,2,0,0,3,0,4,400,0,9223372036800000000,5,0,10,0,0,7,0,0,1,0,0,1,1,0,3,0,0,0,0,2,0,1,-1,-1,-1,-1,0,10,-1,1,1,3,-1,-1,-1,0,0,1,0,0,10,0,0,0,20.1
1,0,0,0,-1,0,1,5,0,0,0,0,0,2,3,-1,1,2,-1,2,2,3,0,-1,800,0,9223372036800000000,120,0,10,0,0,7,0,0,1,0,0,2,1,0,-1,0,0,0,0,2,0,1,-1,-1,-1,-1,0,10,-1,1,1,3,-1,-1,-1,0,0,1,0,0,10,0,0,0,21.53
1,0,0,0,-1,0,1,5,0,0,0,0,2,1,0,-1,0,0,2,0,0,3,0,4,400,0,9223372036800000000,5,0,10,0,0,7,0,0,1,0,0,1,1,0,3,0,0,0,0,2,0,1,-1,-1,-1,-1,0,10,-1,1,1,3,-1,-1,-1,0,0,1,0,0,10,0,0,0,20.68
1,0,0,0,-1,0,1,5,0,0,0,0,0,0,3,2,2,0,0,2,-1,3,0,-1,10,0,9223372036800000000,20,0,10,0,0,7,0,0,1,0,0,1,1,3,-1,0,0,0,2,2,0,1,-1,-1,-1,-1,0,10,-1,1,1,3,-1,-1,-1,0,0,1,0,0,10,0,0,0,21.24
1,0,0,0,-1,0,1,0,0,0,0,0,0,-1,2,0,-1,0,0,0,0,3,0,-1,100,0,9223372036800000000,1e+75,0,10,0,0,7,0,0,1,0,0,1,1,0,0,0,0,0,0,2,0,1,-1,-1,-1,-1,0,10,-1,1,1,3,-1,-1,-1,0,0,1,0,0,10,0,0,0,13.29
1,0,0,0,-1,0,1,2,0,0,0,0,-1,3,1,0,2,2,1,2,0,3,0,8,400,0,9223372036800000000,60,0,10,0,0,7,0,0,1,0,0,1,1,-1,2,0,0,0,-1,2,0,1,-1,-1,-1,-1,0,10,-1,1,1,3,-1,-1,-1,0,0,1,0,0,10,0,0,0,22.63
1,0,0,0,-1,0,1,4,0,0,0,0,-1,3,1,0,2,2,1,2,0,3,0,8,400,0,9223372036800000000,60,0,10,0,0,7,0,0,1,0,0,1,1,-1,3,0,0,0,-1,2,0,1,-1,-1,-1,-1,0,10,-1,1,1,3,-1,-1,-1,0,0,1,0,0,10,0,0,0,20.83
1,0,0,0,-1,0,1,0,0,0,0,0,1,-1,3,0,2,1,0,1,2,3,0,-1,50,0,9223372036800000000,5,0,10,0,0,7,0,0,1,0,0,3,1,0,2,0,0,0,4,2,0,1,-1,-1,-1,-1,0,10,-1,1,1,3,-1,-1,-1,0,0,1,0,0,10,0,0,0,20.66
1,0,0,0,-1,0,1,4,0,0,0,0,-1,3,1,0,2,2,2,2,0,3,0,8,400,0,9223372036800000000,60,0,10,0,0,7,0,0,1,0,0,1,1,-1,3,0,0,0,-1,2,0,1,-1,-1,-1,-1,0,10,-1,1,1,3,-1,-1,-1,0,0,1,0,0,10,0,0,0,20.96
1,0,0,0,-1,0,1,5,0,0,0,0,0,-1,-1,0,-1,2,-1,0,2,3,0,16,100,0,9223372036800000000,5,0,10,0,0,7,0,0,1,0,0,1,1,3,3,0,0,0,1,2,0,1,-1,-1,-1,-1,0,10,-1,1,1,3,-1,-1,-1,0,0,1,1,0,10,0,0,0,21.29
1,0,0,0,-1,0,1,4,0,0,0,0,-1,3,1,0,-1,2,1,2,0,3,0,1,400,0,9223372036800000000,60,0,10,0,0,7,0,0,1,0,0,1,1,-1,3,0,0,0,-1,2,0,1,-1,-1,-1,-1,0,10,-1,1,1,3,-1,-1,-1,0,0,1,0,0,10,0,0,0,47.21
1,0,0,0,-1,0,1,1,0,0,0,0,0,3,-1,-1,-1,2,1,-1,1,3,0,2,10,0,9223372036800000000,1,0,10,0,0,7,0,0,1,0,0,3,1,2,0,0,0,0,0,2,0,1,-1,-1,-1,-1,0,10,-1,1,1,3,-1,-1,-1,0,0,1,0,0,10,0,0,0,33.55
1,0,0,0,-1,0,1,1,0,0,0,0,0,3,-1,-1,-1,2,1,-1,1,3,0,2,400,0,9223372036800000000,1,0,10,0,0,7,0,0,1,0,0,3,1,2,0,0,0,0,0,2,0,1,-1,-1,-1,-1,0,10,-1,1,1,3,-1,-1,-1,0,0,1,0,0,10,0,0,0,31.36
1,0,0,0,-1,0,1,3,0,0,0,0,1,0,1,1,-1,2,1,0,0,3,0,-1,800,0,9223372036800000000,5,0,10,0,0,7,0,0,1,0,0,0,1,0,-1,0,0,0,-1,2,0,1,-1,-1,-1,-1,0,10,-1,1,1,3,-1,-1,-1,0,0,1,0,0,10,0,0,0,21.4
1,0,0,0,-1,0,1,0,0,0,0,0,0,3,-1,-1,-1,2,1,-1,1,3,0,2,400,0,9223372036800000000,1,0,10,0,0,7,0,0,1,0,0,3,1,2,0,0,0,0,0,2,0,1,-1,-1,-1,-1,0,10,-1,1,1,3,-1,-1,-1,0,0,1,0,0,10,0,0,0,28.88
1,0,0,0,-1,0,1,5,0,0,0,0,1,-1,3,1,0,1,2,0,0,3,0,1,150,0,9223372036800000000,20,0,10,0,0,7,0,0,1,0,0,3,1,2,3,0,0,0,1,2,0,1,-1,-1,-1,-1,0,10,-1,1,1,3,-1,-1,-1,0,0,1,0,0,10,0,0,0,47.38
1,0,0,0,-1,0,1,0,0,0,0,0,1,-1,2,2,1,0,0,2,-1,3,0,1,200,0,9223372036800000000,240,0,10,0,0,7,0,0,1,0,0,2,1,0,0,0,0,0,0,2,0,1,-1,-1,-1,-1,0,10,-1,1,1,3,-1,-1,-1,0,0,1,0,0,10,0,0,0,46.43
1,0,0,0,-1,0,1,0,0,0,0,0,3,2,-1,2,1,2,2,-1,0,3,0,-1,150,0,9223372036800000000,1e+75,0,10,0,0,7,0,0,1,0,0,2,1,1,3,0,0,0,4,2,0,1,-1,-1,-1,-1,0,10,-1,1,1,3,-1,-1,-1,0,0,1,0,0,10,0,0,0,19.82
1,0,0,0,-1,0,1,0,0,0,0,0,1,3,2,2,1,0,0,2,-1,3,0,16,200,0,9223372036800000000,5,0,10,0,0,7,0,0,1,0,0,2,1,0,0,0,0,0,2,2,0,1,-1,-1,-1,-1,0,10,-1,1,1,3,-1,-1,-1,0,0,1,0,0,10,0,0,0,18.3
1,0,0,0,-1,0,1,5,0,0,0,0,-1,3,-1,1,1,0,2,1,2,3,0,8,10,0,9223372036800000000,5,0,10,0,0,7,0,0,1,0,0,0,1,1,2,0,0,0,0,2,0,1,-1,-1,-1,-1,0,10,-1,1,1,3,-1,-1,-1,0,0,1,0,0,10,0,0,0,24.42
1,0,0,0,-1,0,1,2,0,0,0,0,0,2,2,-1,2,1,0,1,2,3,0,-1,50,0,9223372036800000000,120,0,10,0,0,7,0,0,1,0,0,2,1,0,3,0,0,0,1,2,0,1,-1,-1,-1,-1,0,10,-1,1,1,3,-1,-1,-1,0,0,1,0,0,10,0,0,0,22.27
1,0,0,0,-1,0,1,0,0,0,0,0,0,0,1,1,2,2,0,1,-1,3,0,-1,800,0,9223372036800000000,1e+75,0,10,0,0,7,0,0,1,0,0,1,1,0,0,0,0,0,0,2,0,1,-1,-1,-1,-1,0,10,-1,1,1,3,-1,-1,-1,0,0,1,0,0,10,0,0,0,14
1,0,0,0,-1,0,1,4,0,0,0,0,-1,2,0,1,-1,-1,0,-1,-1,3,0,-1,400,0,9223372036800000000,1,0,10,0,0,7,0,0,1,0,0,1,1,0,0,0,0,0,0,2,0,1,-1,-1,-1,-1,0,10,-1,1,1,3,-1,-1,-1,0,0,1,0,0,10,0,0,0,16.18
1,0,0,0,-1,0,1,0,0,0,0,0,0,0,2,0,-1,0,0,0,0,3,0,-1,100,0,9223372036800000000,2,0,10,0,0,7,0,0,1,0,0,1,1,0,0,0,0,0,0,2,0,1,-1,-1,-1,-1,0,10,-1,1,1,3,-1,-1,2,0,0,1,0,0,10,0,0,0,13.54
1,0,0,0,-1,0,1,1,0,0,0,0,-1,2,0,0,0,2,0,0,0,3,0,-1,200,0,9223372036800000000,1,0,10,0,0,7,0,0,1,0,0,1,1,3,3,0,0,0,3,2,0,1,-1,-1,-1,-1,0,10,-1,1,1,3,-1,-1,-1,0,0,1,0,0,10,0,0,0,22.27
1,0,0,0,-1,0,1,5,0,0,0,0,0,2,3,1,1,2,-1,2,2,3,0,-1,800,0,9223372036800000000,60,0,10,0,0,7,0,0,1,0,0,2,1,0,-1,0,0,0,0,2,0,1,-1,-1,-1,-1,0,10,-1,1,1,3,-1,-1,-1,0,0,1,0,0,10,0,0,0,21.33
1,0,0,0,-1,0,1,4,0,0,0,0,0,2,2,-1,2,1,1,1,2,3,0,-1,50,0,9223372036800000000,120,0,10,0,0,7,0,0,1,0,0,2,1,0,3,0,0,0,1,2,0,1,-1,-1,-1,-1,0,10,-1,1,1,3,-1,-1,-1,0,0,1,0,0,10,0,0,0,22.56
1,0,0,0,-1,0,1,2,0,0,0,0,0,2,2,-1,2,-1,1,1,2,3,0,-1,50,0,9223372036800000000,120,0,10,0,0,7,0,0,1,0,0,2,1,0,3,0,0,0,1,2,0,1,-1,-1,-1,-1,0,10,-1,1,1,3,-1,-1,-1,0,0,1,0,0,10,0,0,0,22.88
1,0,0,0,-1,0,1,5,0,0,0,0,3,1,-1,0,-1,1,0,2,2,3,0,-1,50,0,9223372036800000000,40,0,10,0,0,7,0,0,1,0,0,3,1,0,-1,0,0,0,-1,2,0,1,-1,-1,-1,-1,0,10,-1,1,1,3,-1,-1,-1,0,0,1,0,0,10,0,0,0,23.54
1,0,0,0,-1,0,1,2,0,0,0,0,0,2,2,-1,2,1,1,1,-1,3,0,-1,50,0,9223372036800000000,120,0,10,0,0,7,0,0,1,0,0,2,1,0,3,0,0,0,1,2,0,1,-1,-1,-1,-1,0,10,-1,1,1,3,-1,-1,-1,0,0,1,0,0,10,0,0,0,23.43
1,0,0,0,-1,0,1,5,0,0,0,0,2,-1,-1,0,-1,0,2,1,1,3,0,4,50,0,9223372036800000000,20,0,10,0,0,7,0,0,1,0,0,2,1,3,-1,0,0,0,0,2,0,1,-1,-1,-1,-1,0,10,-1,1,1,3,-1,-1,-1,0,0,1,0,0,10,0,0,0,21.05
1,0,0,0,-1,0,1,0,0,0,0,0,0,0,0,0,0,2,1,0,1,3,0,8,50,0,9223372036800000000,1e+75,0,10,0,0,7,0,0,1,0,0,1,1,0,-1,0,0,0,0,2,0,1,-1,-1,-1,-1,0,10,-1,1,1,3,-1,-1,-1,0,0,1,0,0,10,0,0,0,16.01
1,0,0,0,-1,0,1,1,0,0,0,0,-1,2,0,0,0,2,0,0,0,3,0,-1,200,0,9223372036800000000,1,0,10,0,0,7,0,0,1,0,0,1,1,0,3,0,0,0,3,2,0,1,-1,-1,-1,-1,0,10,-1,1,1,3,-1,-1,-1,0,0,1,0,0,10,0,0,0,23.48
1,0,0,0,-1,0,1,1,0,0,0,0,1,-1,0,1,1,1,-1,0,-1,3,0,-1,800,0,9223372036800000000,10,0,10,0,0,7,0,0,1,0,0,3,1,0,1,0,0,0,2,2,0,1,-1,-1,-1,-1,0,10,-1,1,1,3,-1,-1,-1,0,0,1,0,0,10,0,0,0,24.71
1,0,0,0,-1,0,1,0,0,0,0,0,0,0,0,0,0,2,1,0,1,3,0,8,400,0,9223372036800000000,1e+75,0,10,0,0,7,0,0,1,0,0,1,1,0,-1,0,0,0,0,2,0,1,-1,-1,-1,-1,0,10,-1,1,1,3,-1,-1,-1,0,0,1,0,0,10,0,0,0,15.12
1,0,0,0,-1,0,1,0,0,0,0,0,0,0,0,2,0,2,1,0,1,3,0,8,400,0,9223372036800000000,1e+75,0,10,0,0,7,0,0,1,0,0,1,1,0,-1,0,0,0,0,2,0,1,-1,-1,-1,-1,0,10,-1,1,1,3,-1,-1,-1,0,0,1,0,0,10,0,0,0,15.06
1,0,0,0,-1,0,1,0,0,0,0,0,1,0,0,2,1,2,1,0,1,3,0,8,400,0,9223372036800000000,1e+75,0,10,0,0,7,0,0,1,0,0,1,1,0,-1,0,0,0,0,2,0,1,-1,-1,-1,-1,0,10,-1,1,1,3,-1,-1,-1,0,0,1,0,0,10,0,0,0,14.72
1,0,0,0,-1,0,1,0,0,0,0,0,0,0,0,2,1,2,1,0,1,3,0,8,400,0,9223372036800000000,20,0,10,0,0,7,0,0,1,0,0,1,1,0,-1,0,0,0,0,2,0,1,-1,-1,-1,-1,0,10,-1,1,1,3,-1,-1,-1,0,0,1,0,0,10,0,0,0,15.11
1,0,0,0,-1,0,1,0,0,0,0,0,0,0,2,0,-1,0,0,0,0,3,0,1,100,0,9223372036800000000,2,0,10,0,0,7,0,0,1,0,0,1,1,0,0,0,0,0,0,2,0,1,-1,-1,-1,-1,0,10,-1,1,1,3,-1,-1,-1,0,0,1,0,0,10,0,0,0,41.23
1,0,0,0,-1,0,1,0,0,0,0,0,0,0,0,2,1,0,1,0,1,3,0,8,400,0,9223372036800000000,1e+75,0,10,0,0,7,0,0,1,0,0,1,1,0,-1,0,0,0,0,2,0,1,-1,-1,-1,-1,0,10,-1,1,1,3,-1,-1,-1,0,0,1,0,0,10,0,0,0,16.46
1,0,0,0,-1,0,1,4,0,0,0,0,2,1,3,2,2,-1,1,-1,2,3,0,16,150,0,9223372036800000000,60,0,10,0,0,7,0,0,1,0,0,0,1,3,3,0,0,4,2,2,0,1,-1,-1,-1,-1,0,10,-1,1,1,3,-1,-1,-1,0,0,1,3,0,10,0,0,0,28.5
1,0,0,0,-1,0,1,0,0,0,0,0,0,3,2,0,-1,0,0,0,0,3,0,-1,100,0,9223372036800000000,1e+75,0,10,0,0,7,0,0,1,0,0,1,1,0,0,0,0,0,0,2,0,1,-1,-1,-1,-1,0,10,-1,1,1,3,-1,-1,-1,0,0,1,0,0,10,0,0,0,13.41
1,0,0,0,-1,0,1,0,0,0,0,0,0,0,1,2,1,2,1,0,1,3,0,8,400,0,9223372036800000000,1e+75,0,10,0,0,7,0,0,1,0,0,1,1,0,-1,0,0,0,0,2,0,1,-1,-1,-1,-1,0,10,-1,1,1,3,-1,-1,-1,0,0,1,0,0,10,0,0,0,15.06
2,0,0,0,-1,0,1,0,0,0,0,0,0,0,2,0,-1,0,0,0,0,3,0,-1,100,0,9223372036800000000,2,0,10,0,0,7,0,0,1,0,0,1,1,0,0,0,0,0,0,2,0,1,-1,-1,-1,-1,0,10,-1,1,1,3,-1,-1,-1,0,0,1,2,0,10,0,0,0,13.02
1,0,0,0,-1,0,1,0,0,0,0,0,0,0,0,2,1,2,1,0,1,3,0,8,25,0,9223372036800000000,1e+75,0,10,0,0,7,0,0,1,0,0,1,1,0,-1,0,0,0,0,2,0,1,-1,-1,-1,-1,0,10,-1,1,1,3,-1,-1,-1,0,0,1,0,0,10,0,0,0,15.83
1,0,0,0,-1,0,1,0,0,0,0,0,-1,-1,1,2,0,1,0,1,1,3,0,2,150,0,9223372036800000000,1,0,10,0,0,7,0,0,1,0,0,1,1,1,1,0,0,1,0,2,0,1,-1,-1,-1,-1,0,10,-1,1,1,3,-1,-1,-1,0,0,1,3,0,10,0,0,0,21.17
1,0,0,0,-1,0,1,5,0,0,0,0,-1,2,1,0,0,2,0,0,0,3,0,-1,200,0,9223372036800000000,1,0,10,0,0,7,0,0,1,0,0,1,1,0,3,0,0,0,3,2,0,1,-1,-1,-1,-1,0,10,-1,1,1,3,-1,-1,-1,0,0,1,0,0,10,0,0,0,19.86
1,0,0,0,-1,0,1,4,0,0,0,0,2,0,2,1,-1,2,1,0,0,3,0,-1,10,0,9223372036800000000,1e+75,0,10,0,0,7,0,0,1,0,0,1,1,0,0,0,0,0,0,2,0,1,-1,-1,-1,-1,0,10,-1,1,1,3,-1,-1,-1,0,0,1,0,0,10,0,0,0,15.43
1,0,0,0,-1,0,1,5,0,0,0,0,-1,2,0,0,0,2,0,0,0,3,0,-1,800,0,9223372036800000000,1,0,10,0,0,7,0,0,1,0,0,1,1,0,3,0,0,0,3,2,0,1,-1,-1,-1,-1,0,10,-1,1,1,3,-1,-1,-1,0,0,1,0,0,10,0,0,0,19.86
1,0,0,0,-1,0,1,3,0,0,0,0,3,0,3,0,2,1,0,-1,-1,3,0,-1,150,0,9223372036800000000,1e+75,0,10,0,0,7,0,0,1,0,0,1,1,0,0,0,0,0,0,2,0,1,-1,-1,-1,-1,0,10,-1,1,1,3,-1,-1,-1,0,0,1,0,0,10,0,0,0,20.96
1,0,0,0,-1,0,1,1,0,0,0,0,-1,2,3,1,2,-1,0,1,0,3,0,2,100,0,9223372036800000000,240,0,10,0,0,7,0,0,1,0,0,2,1,2,2,0,0,0,4,2,0,1,-1,-1,-1,-1,0,10,-1,1,1,3,-1,-1,-1,0,0,1,0,0,10,0,0,0,26.01
1,0,0,0,-1,0,1,2,0,0,0,0,2,2,-1,1,-1,0,1,2,-1,3,0,1,200,0,9223372036800000000,1,0,10,0,0,7,0,0,1,0,0,2,1,-1,-1,0,0,0,4,2,0,1,-1,-1,-1,-1,0,10,-1,1,1,3,-1,-1,-1,0,0,1,0,0,10,0,0,0,48.49
1,0,0,0,-1,0,1,2,0,0,0,0,2,2,-1,1,-1,0,1,2,-1,3,0,1,200,0,9223372036800000000,1,0,10,0,0,7,0,0,1,0,0,2,1,1,2,0,0,0,0,2,0,1,-1,-1,-1,-1,0,10,-1,1,1,3,-1,-1,-1,0,0,1,0,0,10,0,0,0,44.8
1,0,0,0,-1,0,1,0,0,0,0,0,1,-1,3,0,1,1,1,-1,0,3,0,-1,10,0,9223372036800000000,5,0,10,0,0,7,0,0,1,0,0,1,1,0,3,0,0,0,2,2,0,1,-1,-1,-1,-1,0,10,-1,1,1,3,-1,-1,-1,0,0,1,0,0,10,0,0,0,17.71
1,0,0,0,-1,0,1,2,0,0,0,0,2,2,-1,-1,-1,0,1,2,-1,3,0,1,200,0,9223372036800000000,1,0,10,0,0,7,0,0,1,0,0,2,1,1,-1,0,0,0,0,2,0,1,-1,-1,-1,-1,0,10,-1,1,1,3,-1,-1,-1,0,0,1,0,0,10,0,0,0,46.11
1,0,0,0,-1,0,1,3,0,0,0,0,-1,3,0,0,-1,1,0,0,0,3,0,2,25,0,9223372036800000000,1e+75,0,10,0,0,7,0,0,1,0,0,2,1,2,2,0,0,4,4,2,0,1,-1,-1,-1,-1,0,10,-1,1,1,3,-1,-1,-1,0,0,1,4,0,10,0,0,0,26.29
1,0,0,0,-1,0,1,0,0,0,0,0,1,3,2,2,1,0,0,2,-1,3,0,1,200,0,9223372036800000000,5,0,10,0,0,7,0,0,1,0,0,2,1,0,0,0,0,0,0,2,0,1,-1,-1,-1,-1,0,10,-1,1,1,3,-1,-1,-1,0,0,1,0,0,10,0,0,0,46.21
1,0,0,0,-1,0,1,2,0,0,0,0,2,2,-1,1,-1,0,1,2,-1,3,0,8,200,0,9223372036800000000,1,0,10,0,0,7,0,0,1,0,0,2,1,1,2,0,0,0,0,2,0,1,-1,-1,-1,-1,0,10,-1,1,1,3,-1,-1,-1,0,0,1,0,0,10,0,0,0,20.89
1,0,0,0,-1,0,1,2,0,0,0,0,2,2,-1,1,-1,0,1,0,-1,3,0,8,200,0,9223372036800000000,1,0,10,0,0,7,0,0,1,0,0,2,1,1,2,0,0,0,0,2,0,1,-1,-1,-1,-1,0,10,-1,1,1,3,-1,-1,-1,0,0,1,0,0,10,0,0,0,20.16
1,0,0,0,-1,0,1,0,0,0,0,0,-1,-1,1,2,2,0,-1,0,-1,3,0,-1,50,0,9223372036800000000,60,0,10,0,0,7,0,0,1,0,0,2,1,0,1,0,0,0,0,2,0,1,-1,-1,-1,-1,0,10,-1,1,1,3,-1,-1,-1,0,0,1,0,0,10,0,0,0,18.02
1,0,0,0,-1,0,1,2,0,0,0,0,2,2,-1,1,-1,0,1,0,-1,3,0,8,200,0,9223372036800000000,0,0,10,0,0,7,0,0,1,0,0,2,1,1,2,0,0,0,0,2,0,1,-1,-1,-1,-1,0,10,-1,1,1,3,-1,-1,-1,0,0,1,0,0,10,0,0,0,20.12
1,0,0,0,-1,0,1,2,0,0,0,0,2,2,-1,1,-1,0,1,0,-1,3,0,8,200,0,9223372036800000000,0,0,10,0,0,7,0,0,1,0,0,2,1,0,2,0,0,0,0,2,0,1,-1,-1,-1,-1,0,10,-1,1,1,3,-1,-1,-1,0,0,1,0,0,10,0,0,0,20.21
1,0,0,0,-1,0,1,3,0,0,0,0,3,0,-1,0,2,1,0,-1,-1,3,0,-1,150,0,9223372036800000000,1e+75,0,10,0,0,7,0,0,1,0,0,1,1,0,0,0,0,0,0,2,0,1,-1,-1,-1,-1,0,10,-1,1,1,3,-1,-1,-1,0,0,1,0,0,10,0,0,0,14.53
1,0,0,0,-1,0,1,0,0,0,0,0,0,0,1,1,2,0,2,1,2,3,0,-1,800,0,9223372036800000000,1e+75,0,10,0,0,7,0,0,1,0,0,1,1,0,0,0,0,0,0,2,0,1,-1,-1,-1,-1,0,10,-1,1,1,3,-1,-1,-1,0,0,1,0,0,10,0,0,0,14.43
1,0,0,0,-1,0,1,3,0,0,0,0,0,0,1,0,2,-1,1,2,-1,3,0,-1,150,0,9223372036800000000,60,0,10,0,0,7,0,0,1,0,0,1,1,0,2,0,0,0,0,2,0,1,-1,-1,-1,-1,0,10,-1,1,1,3,-1,-1,-1,0,0,1,0,0,10,0,0,0,15.24
1,0,0,0,-1,0,1,5,0,0,0,0,1,1,2,1,1,-1,2,0,1,3,0,4,10,0,9223372036800000000,50,0,10,0,0,7,0,0,1,0,0,3,1,1,1,0,0,0,-1,2,0,1,-1,-1,-1,-1,0,10,-1,1,1,3,-1,-1,-1,0,0,1,0,0,10,0,0,0,22.58
1,0,0,0,-1,0,1,2,0,0,0,0,-1,1,-1,-1,-1,1,2,0,0,3,0,1,10,0,9223372036800000000,50,0,10,0,0,7,0,0,1,0,0,1,1,-1,3,0,0,1,0,2,0,1,-1,-1,-1,-1,0,10,-1,1,1,3,-1,-1,-1,0,0,1,3,0,10,0,0,0,42.22
1,0,0,0,-1,0,1,5,0,0,0,0,3,1,2,1,1,-1,2,0,1,3,0,4,10,0,9223372036800000000,50,0,10,0,0,7,0,0,1,0,0,3,1,1,-1,0,0,0,-1,2,0,1,-1,-1,-1,-1,0,10,-1,1,1,3,-1,-1,-1,0,0,1,0,0,10,0,0,0,25.06
1,0,0,0,-1,0,1,0,0,0,0,0,2,0,2,-1,1,0,-1,0,2,3,0,1,10,0,9223372036800000000,1,0,10,0,0,7,0,0,1,0,0,2,1,2,2,0,0,0,2,2,0,1,-1,-1,-1,-1,0,10,-1,1,1,3,-1,-1,-1,0,0,1,0,0,10,0,0,0,45.75
1,0,0,0,-1,0,1,1,0,0,0,0,2,1,-1,-1,2,2,0,1,2,3,0,1,150,0,9223372036800000000,5,0,10,0,0,7,0,0,1,0,0,3,1,2,1,0,0,0,-1,2,0,1,-1,-1,-1,-1,0,10,-1,1,1,3,-1,-1,-1,0,0,1,0,0,10,0,0,0,49.01
1,0,0,0,-1,0,1,0,0,0,0,0,2,1,-1,-1,2,2,0,1,2,3,0,1,150,0,9223372036800000000,30,0,10,0,0,7,0,0,1,0,0,3,1,2,1,0,0,0,-1,2,0,1,-1,-1,-1,-1,0,10,-1,1,1,3,-1,-1,-1,0,0,1,0,0,10,0,0,0,48.62
1,0,0,0,-1,0,1,0,0,0,0,0,2,1,3,-1,2,2,0,1,2,3,0,1,150,0,9223372036800000000,30,0,10,0,0,7,0,0,1,0,0,3,1,2,1,0,0,0,4,2,0,1,-1,-1,-1,-1,0,10,-1,1,1,3,-1,-1,-1,0,0,1,0,0,10,0,0,0,46.59
1,0,0,0,-1,0,1,0,0,0,0,0,0,0,1,1,2,2,0,1,2,3,0,-1,200,0,9223372036800000000,1e+75,0,10,0,0,7,0,0,1,0,0,1,1,0,0,0,0,0,0,2,0,1,-1,-1,-1,-1,0,10,-1,1,1,3,-1,-1,-1,0,0,1,0,0,10,0,0,0,13.93
1,0,0,0,-1,0,1,0,0,0,0,0,2,1,-1,-1,-1,2,0,1,2,3,0,-1,150,0,9223372036800000000,240,0,10,0,0,7,0,0,1,0,0,3,1,2,1,0,0,0,4,2,0,1,-1,-1,-1,-1,0,10,-1,1,1,3,-1,-1,-1,0,0,1,0,0,10,0,0,0,20.34
1,0,0,0,-1,0,1,0,0,0,0,0,0,0,2,1,0,1,0,0,2,3,0,-1,200,0,9223372036800000000,1e+75,0,10,0,0,7,0,0,1,0,0,1,1,0,0,0,0,0,0,2,0,1,-1,-1,-1,-1,0,10,-1,1,1,3,-1,-1,-1,0,0,1,0,0,10,0,0,0,14.41
1,0,0,0,-1,0,1,2,0,0,0,0,-1,0,0,1,2,1,2,1,2,3,0,-1,10,0,9223372036800000000,30,0,10,0,0,7,0,0,1,0,0,1,1,0,1,0,0,0,4,2,0,1,-1,-1,-1,-1,0,10,-1,1,1,3,-1,-1,-1,0,0,1,0,0,10,0,0,0,16.32
1,0,0,0,-1,0,1,4,0,0,0,0,0,0,1,1,1,1,-1,1,1,3,0,16,400,0,9223372036800000000,30,0,10,0,0,7,0,0,1,0,0,2,1,1,1,0,0,0,4,2,0,1,-1,-1,-1,-1,0,10,-1,1,1,3,-1,-1,-1,0,0,1,0,0,10,0,0,0,20.85
1,0,0,0,-1,0,1,2,0,0,0,0,2,0,2,2,0,1,-1,2,0,3,0,-1,25,0,9223372036800000000,1e+75,0,10,0,0,7,0,0,1,0,0,1,1,0,0,0,0,0,0,2,0,1,-1,-1,-1,-1,0,10,-1,1,1,3,-1,-1,-1,0,0,1,0,0,10,0,0,0,14.87
1,0,0,0,-1,0,1,4,0,0,0,0,0,0,1,1,1,1,-1,1,1,3,0,16,400,0,9223372036800000000,40,0,10,0,0,7,0,0,1,0,0,2,1,1,1,0,0,0,4,2,0,1,-1,-1,-1,-1,0,10,-1,1,1,3,-1,-1,-1,0,0,1,0,0,10,0,0,0,20.8
1,0,0,0,-1,0,1,4,0,0,0,0,0,0,1,1,1,1,-1,1,1,3,0,16,200,0,9223372036800000000,40,0,10,0,0,7,0,0,1,0,0,2,1,1,1,0,0,0,4,2,0,1,-1,-1,-1,-1,0,10,-1,1,1,3,-1,-1,-1,0,0,1,0,0,10,0,0,0,20.8
1,0,0,0,-1,0,1,4,0,0,0,0,0,0,1,1,1,-1,-1,1,1,3,0,16,400,0,9223372036800000000,40,0,10,0,0,7,0,0,1,0,0,2,1,1,1,0,0,0,4,2,0,1,-1,-1,-1,-1,0,10,-1,1,1,3,-1,-1,-1,0,0,1,0,0,10,0,0,0,21.05
1,0,0,0,-1,0,1,3,0,0,0,0,-1,2,3,1,2,-1,0,1,0,3,0,2,100,0,9223372036800000000,5,0,10,0,0,7,0,0,1,0,0,2,1,1,2,0,0,0,4,2,0,1,-1,-1,-1,-1,0,10,-1,1,1,3,-1,-1,-1,0,0,1,0,0,10,0,0,0,21.37
1,0,0,0,-1,0,1,0,0,0,0,0,0,0,-1,1,1,2,0,-1,-1,3,0,-1,800,0,9223372036800000000,1e+75,0,10,0,0,7,0,0,1,0,0,1,1,0,0,0,0,0,0,2,0,1,-1,-1,-1,-1,0,10,-1,1,1,3,-1,-1,-1,0,0,1,0,0,10,0,0,0,15.11
1,0,0,0,-1,0,1,3,0,0,0,0,-1,2,3,1,2,-1,0,1,0,3,0,2,100,0,9223372036800000000,5,0,10,0,0,7,0,0,1,0,0,3,1,1,2,0,0,0,4,2,0,1,-1,-1,-1,-1,0,10,-1,1,1,3,-1,-1,-1,0,0,1,0,0,10,0,0,0,22.21
1,0,0,0,-1,0,1,5,0,0,0,0,1,-1,3,-1,1,2,1,1,1,3,0,1,800,0,9223372036800000000,1e+75,0,10,0,0,7,0,0,1,0,0,2,1,1,1,0,0,0,1,2,0,1,-1,-1,-1,-1,0,10,-1,1,1,3,-1,-1,-1,0,0,1,0,0,10,0,0,0,47.07
1,0,0,0,-1,0,1,3,0,0,0,0,0,0,0,0,2,2,2,2,2,3,0,-1,10,0,9223372036800000000,1e+75,0,10,0,0,7,0,0,1,0,0,1,1,0,0,0,0,0,0,2,0,1,-1,-1,-1,-1,0,10,-1,1,1,3,-1,-1,-1,0,0,1,0,0,10,0,0,0,18.14
1,0,0,0,-1,0,1,0,0,0,0,0,-1,3,3,1,-1,1,-1,2,1,3,0,8,150,0,9223372036800000000,1,0,10,0,0,7,0,0,1,0,0,2,1,2,3,0,0,0,4,2,0,1,-1,-1,-1,-1,0,10,-1,1,1,3,-1,-1,-1,0,0,1,0,0,10,0,0,0,23.66
1,0,0,0,-1,0,1,0,0,0,0,0,-1,3,3,1,-1,1,-1,2,1,3,0,8,25,0,9223372036800000000,1,0,10,0,0,7,0,0,1,0,0,2,1,2,3,0,0,0,4,2,0,1,-1,-1,-1,-1,0,10,-1,1,1,3,-1,-1,-1,0,0,1,0,0,10,0,0,0,23.17
1,0,0,0,-1,0,1,1,0,0,0,0,2,0,2,2,0,2,1,0,0,3,0,-1,200,0,9223372036800000000,1e+75,0,10,0,0,7,0,0,1,0,0,1,1,0,0,0,0,0,0,2,0,1,-1,-1,-1,-1,0,10,-1,1,1,3,-1,-1,-1,0,0,1,0,0,10,0,0,0,22.27
1,0,0,0,-1,0,1,0,0,0,0,0,0,0,2,0,0,-1,0,0,0,3,0,-1,200,0,9223372036800000000,1e+75,0,10,0,0,7,0,0,1,0,0,1,1,0,0,0,0,0,0,2,0,1,-1,-1,-1,-1,0,10,-1,1,1,3,-1,-1,-1,0,0,1,0,0,10,0,0,0,14.14
1,0,0,0,-1,0,1,0,0,0,0,0,-1,3,0,1,-1,1,-1,2,1,3,0,8,25,0,9223372036800000000,1,0,10,0,0,7,0,0,1,0,0,2,1,2,3,0,0,0,4,2,0,1,-1,-1,-1,-1,0,10,-1,1,1,3,-1,-1,-1,0,0,1,0,0,10,0,0,0,22.22
1,0,0,0,-1,0,1,5,0,0,0,0,-1,1,1,2,0,1,0,1,1,3,0,2,150,0,9223372036800000000,1,0,10,0,0,7,0,0,1,0,0,1,1,1,2,0,0,0,0,2,0,1,-1,-1,-1,-1,0,10,-1,1,1,3,-1,-1,-1,0,0,1,3,0,10,0,0,0,21.39
1,0,0,0,-1,0,1,0,0,0,0,0,2,0,2,-1,1,0,-1,0,2,3,0,1,10,0,9223372036800000000,0,0,10,0,0,7,0,0,1,0,0,2,1,0,2,0,0,0,3,2,0,1,-1,-1,-1,-1,0,10,-1,1,1,3,-1,-1,-1,0,0,1,0,0,10,0,0,0,47.83
1,0,0,0,-1,0,1,4,0,0,0,0,-1,3,0,1,-1,1,-1,2,1,3,0,8,25,0,9223372036800000000,60,0,10,0,0,7,0,0,1,0,0,2,1,1,3,0,0,0,4,2,0,1,-1,-1,-1,-1,0,10,-1,1,1,3,-1,-1,-1,0,0,1,0,0,10,0,0,0,21.29
1,0,0,0,-1,0,1,0,0,0,0,0,2,0,2,-1,1,0,-1,0,2,3,0,1,10,0,9223372036800000000,0,0,10,0,0,7,0,0,1,0,0,2,1,0,1,0,0,0,1,2,0,1,-1,-1,-1,-1,0,10,-1,1,1,3,-1,-1,-1,0,0,1,0,0,10,0,0,0,47.43
1,0,0,0,-1,0,1,0,0,0,0,0,2,0,2,-1,1,0,-1,0,2,3,0,1,10,0,9223372036800000000,0,0,10,0,0,7,0,0,1,0,0,2,1,0,2,0,0,0,0,2,0,1,-1,-1,-1,-1,0,10,-1,1,1,3,-1,-1,-1,0,0,1,0,0,10,0,0,0,47.37
1,0,0,0,-1,0,1,0,0,0,0,0,2,0,2,-1,1,0,-1,0,2,3,0,1,10,0,9223372036800000000,1,0,10,0,0,7,0,0,1,0,0,2,1,0,2,0,0,0,2,2,0,1,-1,-1,-1,-1,0,10,-1,1,1,3,-1,-1,-1,0,0,1,0,0,10,0,0,0,45.98
1,0,0,0,-1,0,1,0,0,0,0,0,2,0,-1,-1,0,-1,2,2,-1,3,0,2,100,0,9223372036800000000,40,0,10,0,0,7,0,0,1,0,0,1,1,2,3,0,0,0,-1,2,0,1,-1,-1,-1,-1,0,10,-1,1,1,3,-1,-1,-1,0,0,1,0,0,10,0,0,0,22.85
1,0,0,0,-1,0,1,0,0,0,0,0,0,0,2,0,-1,0,0,0,0,3,0,-1,100,0,9223372036800000000,2,0,10,0,0,7,0,0,1,0,0,1,1,0,0,0,0,0,2,2,0,1,-1,-1,-1,-1,0,10,-1,1,1,3,-1,-1,-1,0,0,1,0,0,10,0,0,0,13.85
1,0,0,0,-1,0,1,0,0,0,0,0,2,0,-1,-1,0,-1,2,2,-1,3,0,2,100,0,9223372036800000000,40,0,10,0,0,7,0,0,1,0,0,1,1,1,3,0,0,0,-1,2,0,1,-1,-1,-1,-1,0,10,-1,1,1,3,-1,-1,-1,0,0,1,0,0,10,0,0,0,22.64
1,0,0,0,-1,0,1,0,0,0,0,0,2,0,-1,-1,0,-1,2,0,-1,3,0,2,100,0,9223372036800000000,40,0,10,0,0,7,0,0,1,0,0,1,1,1,3,0,0,0,2,2,0,1,-1,-1,-1,-1,0,10,-1,1,1,3,-1,-1,-1,0,0,1,0,0,10,0,0,0,18.46
1,0,0,0,-1,0,1,0,0,0,0,0,2,0,-1,-1,0,-1,2,0,-1,3,0,2,100,0,9223372036800000000,40,0,10,0,0,7,0,0,1,0,0,0,1,1,3,0,0,0,2,2,0,1,-1,-1,-1,-1,0,10,-1,1,1,3,-1,-1,-1,0,0,1,0,0,10,0,0,0,21.31
1,0,0,0,-1,0,1,5,0,0,0,0,1,2,2,-1,1,0,1,1,-1,3,0,-1,400,0,9223372036800000000,10,0,10,0,0,7,0,0,1,0,0,3,1,1,3,0,0,4,2,2,0,1,-1,-1,-1,-1,0,10,-1,1,1,3,-1,-1,-1,0,0,1,3,0,10,0,0,0,27.89
1,0,0,0,-1,0,1,0,0,0,0,0,3,2,-1,2,1,2,2,-1,-1,3,0,-1,150,0,9223372036800000000,1e+75,0,10,0,0,7,0,0,1,0,0,2,1,1,3,0,0,0,4,2,0,1,-1,-1,-1,-1,0,10,-1,1,1,3,-1,-1,-1,0,0,1,0,0,10,0,0,0,19.82
1,0,0,0,-1,0,1,0,0,0,0,0,3,2,-1,2,1,2,2,-1,-1,3,0,16,150,0,9223372036800000000,1e+75,0,10,0,0,7,0,0,1,0,0,2,1,1,3,0,0,0,4,2,0,1,-1,-1,-1,-1,0,10,-1,1,1,3,-1,-1,-1,0,0,1,0,0,10,0,0,0,19.82
1,0,0,0,-1,0,1,3,0,0,0,0,3,0,0,0,2,2,1,2,0,3,0,-1,400,0,9223372036800000000,1e+75,0,10,0,0,7,0,0,1,0,0,1,1,0,0,0,0,0,0,2,0,1,-1,-1,-1,-1,0,10,-1,1,1,3,-1,-1,-1,0,0,1,0,0,10,0,0,0,17.1
1,0,0,0,-1,0,1,0,0,0,0,0,3,2,-1,2,1,2,2,-1,-1,3,0,-1,150,0,9223372036800000000,10,0,10,0,0,7,0,0,1,0,0,2,1,1,3,0,0,0,4,2,0,1,-1,-1,-1,-1,0,10,-1,1,1,3,-1,-1,-1,0,0,1,0,0,10,0,0,0,19.82
1,0,0,0,-1,0,1,5,0,0,0,0,2,2,0,-1,-1,0,0,1,1,3,0,-1,50,0,9223372036800000000,10,0,10,0,0,7,0,0,1,0,0,0,1,0,2,0,0,0,3,2,0,1,-1,-1,-1,-1,0,10,-1,1,1,3,-1,-1,-1,0,0,1,0,0,10,0,0,0,23.42
1,0,0,0,-1,0,1,5,0,0,0,0,1,-1,3,-1,-1,2,1,1,1,3,0,1,800,0,9223372036800000000,1e+75,0,10,0,0,7,0,0,1,0,0,2,1,1,0,0,0,0,1,2,0,1,-1,-1,-1,-1,0,10,-1,1,1,3,-1,-1,-1,0,0,1,0,0,10,0,0,0,47.45
1,0,0,0,-1,0,1,0,0,0,0,0,0,1,-1,-1,-1,0,2,-1,1,3,0,4,25,0,9223372036800000000,120,0,10,0,0,7,0,0,1,0,0,1,1,0,-1,0,0,4,0,2,0,1,-1,-1,-1,-1,0,10,-1,1,1,3,-1,-1,-1,0,0,1,3,0,10,0,0,0,34.03
1,0,0,0,-1,0,1,5,0,0,0,0,1,-1,3,-1,1,2,1,1,1,3,0,1,800,0,9223372036800000000,50,0,10,0,0,7,0,0,1,0,0,2,1,1,0,0,0,0,1,2,0,1,-1,-1,-1,-1,0,10,-1,1,1,3,-1,-1,-1,0,0,1,0,0,10,0,0,0,47.45
1,0,0,0,-1,0,1,5,0,0,0,0,1,-1,3,1,0,1,2,1,0,3,0,-1,150,0,9223372036800000000,0,0,10,0,0,7,0,0,1,0,0,3,1,2,3,0,0,0,1,2,0,1,-1,-1,-1,-1,0,10,-1,1,1,3,-1,-1,-1,0,0,1,0,0,10,0,0,0,22.62
1,0,0,0,-1,0,1,5,0,0,0,0,-1,-1,3,-1,1,2,1,1,1,3,0,1,800,0,9223372036800000000,1e+75,0,10,0,0,7,0,0,1,0,0,2,1,1,1,0,0,0,1,2,0,1,-1,-1,-1,-1,0,10,-1,1,1,3,-1,-1,-1,0,0,1,0,0,10,0,0,0,47.07
1,0,0,0,-1,0,1,5,0,0,0,0,3,-1,2,1,1,0,0,1,1,3,0,1,200,0,9223372036800000000,50,0,10,0,0,7,0,0,1,0,0,0,1,3,2,0,0,4,0,2,0,1,-1,-1,-1,-1,0,10,-1,1,1,3,-1,-1,-1,0,0,1,4,0,10,0,0,0,50.08
1,0,0,0,-1,0,1,2,0,0,0,0,1,0,0,1,-1,2,2,2,-1,3,0,-1,200,0,9223372036800000000,1e+75,0,10,0,0,7,0,0,1,0,0,1,1,0,0,0,0,0,0,2,0,1,-1,-1,-1,-1,0,10,-1,1,1,3,-1,-1,-1,0,0,1,0,0,10,0,0,0,13.79
1,0,0,0,-1,0,1,5,0,0,0,0,1,-1,3,-1,1,2,1,1,1,3,0,1,800,0,9223372036800000000,0,0,10,0,0,7,0,0,1,0,0,2,1,1,1,0,0,0,4,2,0,1,-1,-1,-1,-1,0,10,-1,1,1,3,-1,-1,-1,0,0,1,0,0,10,0,0,0,46.69
1,0,0,0,-1,0,1,5,0,0,0,0,1,-1,3,-1,1,2,2,1,1,3,0,1,800,0,9223372036800000000,1e+75,0,10,0,0,7,0,0,1,0,0,2,1,1,1,0,0,0,4,2,0,1,-1,-1,-1,-1,0,10,-1,1,1,3,-1,-1,-1,0,0,1,0,0,10,0,0,0,46.62
