EvalID,TimeEvaluated,SolverRuntimeSeconds,ObjectiveValue,Gap,UpperBound,LowerBound,ConfigID,MipStartID,WorkerID,Iteration,Phase
1,10,10.003092,26.67,26.670000,1500013000.000000,1100006744.429836,14921508010286178949,null,0,1,0
2,20,10.002936,43.75,43.750000,1600013400.000000,900006361.572707,2823934824078185206,null,0,1,0
3,30,10.002889,30.96,30.960000,1593348520.000000,1100005405.586843,844706301316953147,null,0,1,0
4,40,10.002576,26.67,26.670000,1500013000.000006,1100006833.708644,13575339350133640537,null,0,1,0
5,50,10.002629,35.23,35.230000,1466678933.333333,950005704.962212,10926055034921966546,null,0,1,0
6,60,10.002529,26.67,26.670000,1500013000.000006,1100006833.708644,13290681019215308220,null,0,1,0
7,67,7.667433,0,0.000000,1200012599.999999,1200008251.191744,16957666276679199244,null,0,1,0
