[INFO]:[05:46:54] Reading parameters from file: /home/yorig/tuner/mpils/cplex/params_12_cpx.txt
[INFO]:[05:46:54] Finished reading parameters.
[DEBUG]:[05:46:54] Printing 71 parameters:
Parameter: CPXPARAM_Emphasis_MIP, Values: 0 1 2 3 4 5 , Default: 0
Parameter: CPXPARAM_MIP_Cuts_Cliques, Values: -1 0 1 2 3 , Default: 0
Parameter: CPXPARAM_MIP_Cuts_MIRCut, Values: -1 0 1 2 , Default: 0
Parameter: CPXPARAM_MIP_Cuts_Implied, Values: -1 0 1 2 , Default: 0
Parameter: CPXPARAM_MIP_Cuts_Disjunctive, Values: -1 0 1 , Default: 0
Parameter: CPXPARAM_MIP_Cuts_FlowCovers, Values: -1 0 1 2 , Default: 0
Parameter: CPXPARAM_MIP_Cuts_PathCut, Values: -1 0 1 2 , Default: 0
Parameter: CPXPARAM_MIP_Cuts_GUBCovers, Values: -1 0 1 2 , Default: 0
Parameter: CPXPARAM_MIP_Cuts_Gomory, Values: -1 0 1 2 , Default: 0
Parameter: CPXPARAM_MIP_Limits_GomoryCand, Values: 10 25 50 100 150 200 400 800 , Default: 200
Parameter: CPXPARAM_MIP_Strategy_Probe, Values: -1 0 1 2 3 , Default: 0
Parameter: CPXPARAM_MIP_Cuts_Covers, Values: -1 0 1 2 3 , Default: 0
Parameter: CPXPARAM_MIP_Strategy_VariableSelect, Values: -1 0 1 2 3 4 , Default: 0
Parameter: CPXPARAM_MIP_Strategy_NodeSelect, Values: 0 1 2 3 , Default: 1
Parameter: CPXPARAM_MIP_Strategy_Dive, Values: 0 1 2 3 , Default: 0
Parameter: CPXPARAM_MIP_Limits_ProbeTime, Values: 0 1 2 5 10 20 30 40 50 60 120 240 1e+75 , Default: 1e+75
Parameter: CPXPARAM_MIP_Strategy_RINSHeur, Values: -1 0 20 40 60 100 200 500 1000 , Default: 0
Parameter: CPXPARAM_MIP_Strategy_BBInterval, Values: 0 2 3 4 5 7 10 15 30 , Default: 7
Parameter: CPXPARAM_MIP_Strategy_Branch, Values: -1 0 1 , Default: 0
Parameter: CPXPARAM_MIP_Limits_CutsFactor, Values: -1 1 2 4 8 16 , Default: -1
Parameter: CPXPARAM_MIP_Strategy_PresolveNode, Values: -1 0 1 2 3 , Default: 0
Parameter: CPXPARAM_MIP_Strategy_Order, Values: 0 1 , Default: 1
Parameter: CPXPARAM_MIP_Limits_GomoryPass, Values: 0 , Default: 0
Parameter: CPXPARAM_MIP_Limits_CutPasses, Values: 0 , Default: 0
Parameter: CPXPARAM_Preprocessing_Presolve, Values: 0 1 , Default: 1
Parameter: CPXPARAM_Preprocessing_Symmetry, Values: -1 0 1 2 3 4 5 , Default: -1
Parameter: CPXPARAM_Preprocessing_NumPass, Values: -1 , Default: -1
Parameter: CPXPARAM_Preprocessing_Dual, Values: -1 0 1 , Default: 0
Parameter: CPXPARAM_MIP_Strategy_LBHeur, Values: 0 1 , Default: 0
Parameter: CPXPARAM_MIP_Strategy_HeuristicFreq, Values: -1 0 20 40 100 500 1000 , Default: 0
Parameter: CPXPARAM_MIP_Strategy_StartAlgorithm, Values: 0 1 2 3 4 5 6 , Default: 0
Parameter: CPXPARAM_MIP_Strategy_SubAlgorithm, Values: 0 1 2 3 4 5 , Default: 0
Parameter: CPXPARAM_Simplex_DGradient, Values: 0 1 2 3 4 5 , Default: 0
Parameter: CPXPARAM_Simplex_PGradient, Values: -1 0 1 2 3 4 , Default: 0
Parameter: CPXPARAM_Simplex_Pricing, Values: 0 , Default: 0
Parameter: CPXPARAM_Advance, Values: 0 1 2 , Default: 1
Parameter: CPXPARAM_MIP_Limits_AggForCut, Values: 0 1 2 3 5 10 , Default: 3
Parameter: CPXPARAM_Preprocessing_Fill, Values: 2 5 10 20 40 , Default: 10
Parameter: CPXPARAM_Preprocessing_Aggregator, Values: -1 , Default: -1
Parameter: CPXPARAM_Barrier_ColNonzeros, Values: 0 , Default: 0
Parameter: CPXPARAM_Barrier_Crossover, Values: 0 1 2 , Default: 0
Parameter: CPXPARAM_Barrier_Limits_Corrections, Values: -1 , Default: -1
Parameter: CPXPARAM_Barrier_Ordering, Values: 0 1 2 3 , Default: 0
Parameter: CPXPARAM_Barrier_StartAlg, Values: 1 2 3 4 , Default: 1
Parameter: CPXPARAM_Preprocessing_BoundStrength, Values: -1 0 1 , Default: -1
Parameter: CPXPARAM_Preprocessing_CoeffReduce, Values: -1 0 1 2 3 , Default: -1
Parameter: CPXPARAM_Simplex_Crash, Values: -1 0 1 , Default: 1
Parameter: CPXPARAM_Preprocessing_Dependency, Values: -1 0 1 2 3 , Default: -1
Parameter: CPXPARAM_Feasopt_Mode, Values: 0 1 2 3 4 5 , Default: 0
Parameter: CPXPARAM_Emphasis_Memory, Values: 0 1 , Default: 0
Parameter: CPXPARAM_MIP_OrderType, Values: 0 1 2 3 , Default: 0
Parameter: CPXPARAM_Network_NetFind, Values: 1 2 3 , Default: 2
Parameter: CPXPARAM_Network_Pricing, Values: 0 1 2 3 , Default: 0
Parameter: CPXPARAM_MIP_Strategy_File, Values: 0 1 2 3 , Default: 1
Parameter: CPXPARAM_Emphasis_Numerical, Values: 0 1 , Default: 0
Parameter: CPXPARAM_Preprocessing_Reduce, Values: 0 1 2 3 , Default: 3
Parameter: CPXPARAM_Simplex_Refactor, Values: 0 , Default: 0
Parameter: CPXPARAM_Preprocessing_Relax, Values: -1 0 1 , Default: -1
Parameter: CPXPARAM_Preprocessing_RepeatPresolve, Values: -1 0 1 2 3 , Default: -1
Parameter: CPXPARAM_LPMethod, Values: 0 1 2 3 4 5 6 , Default: 0
Parameter: CPXPARAM_Read_Scale, Values: -1 0 1 , Default: 0
Parameter: CPXPARAM_Sifting_Algorithm, Values: 0 1 2 3 4 , Default: 0
Parameter: CPXPARAM_Simplex_Limits_Singularity, Values: 0 2 5 10 20 40 , Default: 10
Parameter: CPXPARAM_Barrier_Algorithm, Values: 0 1 2 3 , Default: 0
Parameter: CPXPARAM_MIP_Limits_RepairTries, Values: 0 , Default: 0
Parameter: CPXPARAM_MIP_Limits_StrongCand, Values: 2 5 10 20 40 , Default: 10
Parameter: CPXPARAM_MIP_Limits_StrongIt, Values: 0 , Default: 0
Parameter: CPXPARAM_Preprocessing_QPMakePSD, Values: 0 1 , Default: 1
Parameter: CPXPARAM_Simplex_Limits_Perturbation, Values: 0 , Default: 0
Parameter: CPXPARAM_MIP_Limits_Nodes, Values: 0 9223372036800000000 , Default: 9223372036800000000
Parameter: CPXPARAM_Parallel, Values: 1 , Default: 1

[INFO]:[05:46:54] Seting up the MPILS tuner
[INFO]:[05:46:54] Set all parameter flags finished. Fixed discarded at setup: 12, Tunable initially selected: 10, Tunable residual: 49
[DEBUG]:[05:46:54] Tuned Parameters:
[DEBUG]:[05:46:54] Printing 0 parameters:

[DEBUG]:[05:46:54] Selected Parameters:
[DEBUG]:[05:46:54] Printing 10 parameters:
Parameter: CPXPARAM_Emphasis_MIP, Values: 0 1 2 3 4 5 , Default: 0
Parameter: CPXPARAM_MIP_Cuts_Cliques, Values: -1 0 1 2 3 , Default: 0
Parameter: CPXPARAM_MIP_Cuts_MIRCut, Values: -1 0 1 2 , Default: 0
Parameter: CPXPARAM_MIP_Cuts_Implied, Values: -1 0 1 2 , Default: 0
Parameter: CPXPARAM_MIP_Cuts_Disjunctive, Values: -1 0 1 , Default: 0
Parameter: CPXPARAM_MIP_Cuts_FlowCovers, Values: -1 0 1 2 , Default: 0
Parameter: CPXPARAM_MIP_Cuts_PathCut, Values: -1 0 1 2 , Default: 0
Parameter: CPXPARAM_MIP_Cuts_GUBCovers, Values: -1 0 1 2 , Default: 0
Parameter: CPXPARAM_MIP_Cuts_Gomory, Values: -1 0 1 2 , Default: 0
Parameter: CPXPARAM_MIP_Limits_GomoryCand, Values: 10 25 50 100 150 200 400 800 , Default: 200

[INFO]:[05:46:54] Default configuration created with default parameter values.
[DEBUG]:[05:46:54] After adding selected to tuned via running, Tuned Parameters:
[DEBUG]:[05:46:54] Printing 0 parameters:

[DEBUG]:[05:46:54] After adding selected to tuned via running, Selected Parameters:
[DEBUG]:[05:46:54] Printing 10 parameters:
Parameter: CPXPARAM_Emphasis_MIP, Values: 0 1 2 3 4 5 , Default: 0
Parameter: CPXPARAM_MIP_Cuts_Cliques, Values: -1 0 1 2 3 , Default: 0
Parameter: CPXPARAM_MIP_Cuts_MIRCut, Values: -1 0 1 2 , Default: 0
Parameter: CPXPARAM_MIP_Cuts_Implied, Values: -1 0 1 2 , Default: 0
Parameter: CPXPARAM_MIP_Cuts_Disjunctive, Values: -1 0 1 , Default: 0
Parameter: CPXPARAM_MIP_Cuts_FlowCovers, Values: -1 0 1 2 , Default: 0
Parameter: CPXPARAM_MIP_Cuts_PathCut, Values: -1 0 1 2 , Default: 0
Parameter: CPXPARAM_MIP_Cuts_GUBCovers, Values: -1 0 1 2 , Default: 0
Parameter: CPXPARAM_MIP_Cuts_Gomory, Values: -1 0 1 2 , Default: 0
Parameter: CPXPARAM_MIP_Limits_GomoryCand, Values: 10 25 50 100 150 200 400 800 , Default: 200

[INFO]:[05:46:54] Writing parameter IDs of configuration to file: /scratch/yorig/mpils-results-grid-ticks-10000-7may/medium-2/24proc-24pils/seed-5/9_supportcase6_seed-5_20260510_054653/parameter_ids.txt
[INFO]:[05:46:54] Finished writing parameter IDs to file: /scratch/yorig/mpils-results-grid-ticks-10000-7may/medium-2/24proc-24pils/seed-5/9_supportcase6_seed-5_20260510_054653/parameter_ids.txt
[INFO]:[05:46:54] Tuner setup complete.
[INFO]:[05:46:54] Running the MPILS tuner
[INFO]:[05:46:54] Starting iteration 1
[INFO]:[05:46:54] Starting exploration phase...
[INFO]:[05:46:54] Selecting number of evaluations for tuning phase...
[INFO]:[05:46:54] Selecting initial configurations for tuning phase...
[INFO]:[05:46:54] No best exploration configuration without MIP start in memory; using default master ILS initial configuration.
[INFO]:[05:46:54] Worker 1 global-best exploration initial configuration matches master; using a random diversified initial configuration.
[INFO]:[05:46:54] Number of evaluations for this tuning phase: 20
[INFO]:[05:46:54] ILS shared cache is disabled for this exploration phase.
[INFO]:[05:46:54] Local search backend for this exploration phase: iterated_local_search
[INFO]:[05:46:54] Running IteratedLocalSearch Engine...
[INFO]:[05:46:54] Mip start is disabled for this iteration.
[INFO]:[05:46:54] Writing ILS search space file for worker 0...
[INFO]:[05:46:54] ILS search space file written: /scratch/yorig/mpils-results-grid-ticks-10000-7may/medium-2/24proc-24pils/seed-5/9_supportcase6_seed-5_20260510_054653/iterated_local_search/search_space/search_space_file_1.txt
[INFO]:[05:46:54] Writing ILS search space file for worker 1...
[INFO]:[05:46:54] ILS search space file written: /scratch/yorig/mpils-results-grid-ticks-10000-7may/medium-2/24proc-24pils/seed-5/9_supportcase6_seed-5_20260510_054653/iterated_local_search/search_space/search_space_file_1_worker_1.txt
[INFO]:[05:46:54] Writing ILS search space file for worker 2...
[INFO]:[05:46:54] ILS search space file written: /scratch/yorig/mpils-results-grid-ticks-10000-7may/medium-2/24proc-24pils/seed-5/9_supportcase6_seed-5_20260510_054653/iterated_local_search/search_space/search_space_file_1_worker_2.txt
[INFO]:[05:46:54] Writing ILS search space file for worker 3...
[INFO]:[05:46:54] ILS search space file written: /scratch/yorig/mpils-results-grid-ticks-10000-7may/medium-2/24proc-24pils/seed-5/9_supportcase6_seed-5_20260510_054653/iterated_local_search/search_space/search_space_file_1_worker_3.txt
[INFO]:[05:46:54] Writing ILS search space file for worker 4...
[INFO]:[05:46:54] ILS search space file written: /scratch/yorig/mpils-results-grid-ticks-10000-7may/medium-2/24proc-24pils/seed-5/9_supportcase6_seed-5_20260510_054653/iterated_local_search/search_space/search_space_file_1_worker_4.txt
[INFO]:[05:46:54] Writing ILS search space file for worker 5...
[INFO]:[05:46:54] ILS search space file written: /scratch/yorig/mpils-results-grid-ticks-10000-7may/medium-2/24proc-24pils/seed-5/9_supportcase6_seed-5_20260510_054653/iterated_local_search/search_space/search_space_file_1_worker_5.txt
[INFO]:[05:46:54] Writing ILS search space file for worker 6...
[INFO]:[05:46:54] ILS search space file written: /scratch/yorig/mpils-results-grid-ticks-10000-7may/medium-2/24proc-24pils/seed-5/9_supportcase6_seed-5_20260510_054653/iterated_local_search/search_space/search_space_file_1_worker_6.txt
[INFO]:[05:46:54] Writing ILS search space file for worker 7...
[INFO]:[05:46:54] ILS search space file written: /scratch/yorig/mpils-results-grid-ticks-10000-7may/medium-2/24proc-24pils/seed-5/9_supportcase6_seed-5_20260510_054653/iterated_local_search/search_space/search_space_file_1_worker_7.txt
[INFO]:[05:46:54] Writing ILS search space file for worker 8...
[INFO]:[05:46:54] ILS search space file written: /scratch/yorig/mpils-results-grid-ticks-10000-7may/medium-2/24proc-24pils/seed-5/9_supportcase6_seed-5_20260510_054653/iterated_local_search/search_space/search_space_file_1_worker_8.txt
[INFO]:[05:46:54] Writing ILS search space file for worker 9...
[INFO]:[05:46:54] ILS search space file written: /scratch/yorig/mpils-results-grid-ticks-10000-7may/medium-2/24proc-24pils/seed-5/9_supportcase6_seed-5_20260510_054653/iterated_local_search/search_space/search_space_file_1_worker_9.txt
[INFO]:[05:46:54] Writing ILS search space file for worker 10...
[INFO]:[05:46:54] ILS search space file written: /scratch/yorig/mpils-results-grid-ticks-10000-7may/medium-2/24proc-24pils/seed-5/9_supportcase6_seed-5_20260510_054653/iterated_local_search/search_space/search_space_file_1_worker_10.txt
[INFO]:[05:46:54] Writing ILS search space file for worker 11...
[INFO]:[05:46:54] ILS search space file written: /scratch/yorig/mpils-results-grid-ticks-10000-7may/medium-2/24proc-24pils/seed-5/9_supportcase6_seed-5_20260510_054653/iterated_local_search/search_space/search_space_file_1_worker_11.txt
[INFO]:[05:46:54] Writing ILS search space file for worker 12...
[INFO]:[05:46:54] ILS search space file written: /scratch/yorig/mpils-results-grid-ticks-10000-7may/medium-2/24proc-24pils/seed-5/9_supportcase6_seed-5_20260510_054653/iterated_local_search/search_space/search_space_file_1_worker_12.txt
[INFO]:[05:46:54] Writing ILS search space file for worker 13...
[INFO]:[05:46:54] ILS search space file written: /scratch/yorig/mpils-results-grid-ticks-10000-7may/medium-2/24proc-24pils/seed-5/9_supportcase6_seed-5_20260510_054653/iterated_local_search/search_space/search_space_file_1_worker_13.txt
[INFO]:[05:46:54] Writing ILS search space file for worker 14...
[INFO]:[05:46:54] ILS search space file written: /scratch/yorig/mpils-results-grid-ticks-10000-7may/medium-2/24proc-24pils/seed-5/9_supportcase6_seed-5_20260510_054653/iterated_local_search/search_space/search_space_file_1_worker_14.txt
[INFO]:[05:46:54] Writing ILS search space file for worker 15...
[INFO]:[05:46:54] ILS search space file written: /scratch/yorig/mpils-results-grid-ticks-10000-7may/medium-2/24proc-24pils/seed-5/9_supportcase6_seed-5_20260510_054653/iterated_local_search/search_space/search_space_file_1_worker_15.txt
[INFO]:[05:46:54] Writing ILS search space file for worker 16...
[INFO]:[05:46:54] ILS search space file written: /scratch/yorig/mpils-results-grid-ticks-10000-7may/medium-2/24proc-24pils/seed-5/9_supportcase6_seed-5_20260510_054653/iterated_local_search/search_space/search_space_file_1_worker_16.txt
[INFO]:[05:46:54] Writing ILS search space file for worker 17...
[INFO]:[05:46:54] ILS search space file written: /scratch/yorig/mpils-results-grid-ticks-10000-7may/medium-2/24proc-24pils/seed-5/9_supportcase6_seed-5_20260510_054653/iterated_local_search/search_space/search_space_file_1_worker_17.txt
[INFO]:[05:46:54] Writing ILS search space file for worker 18...
[INFO]:[05:46:54] ILS search space file written: /scratch/yorig/mpils-results-grid-ticks-10000-7may/medium-2/24proc-24pils/seed-5/9_supportcase6_seed-5_20260510_054653/iterated_local_search/search_space/search_space_file_1_worker_18.txt
[INFO]:[05:46:54] Writing ILS search space file for worker 19...
[INFO]:[05:46:54] ILS search space file written: /scratch/yorig/mpils-results-grid-ticks-10000-7may/medium-2/24proc-24pils/seed-5/9_supportcase6_seed-5_20260510_054653/iterated_local_search/search_space/search_space_file_1_worker_19.txt
[INFO]:[05:46:54] Writing ILS search space file for worker 20...
[INFO]:[05:46:54] ILS search space file written: /scratch/yorig/mpils-results-grid-ticks-10000-7may/medium-2/24proc-24pils/seed-5/9_supportcase6_seed-5_20260510_054653/iterated_local_search/search_space/search_space_file_1_worker_20.txt
[INFO]:[05:46:54] Writing ILS search space file for worker 21...
[INFO]:[05:46:54] ILS search space file written: /scratch/yorig/mpils-results-grid-ticks-10000-7may/medium-2/24proc-24pils/seed-5/9_supportcase6_seed-5_20260510_054653/iterated_local_search/search_space/search_space_file_1_worker_21.txt
[INFO]:[05:46:54] Writing ILS search space file for worker 22...
[INFO]:[05:46:54] ILS search space file written: /scratch/yorig/mpils-results-grid-ticks-10000-7may/medium-2/24proc-24pils/seed-5/9_supportcase6_seed-5_20260510_054653/iterated_local_search/search_space/search_space_file_1_worker_22.txt
[INFO]:[05:46:54] Writing ILS search space file for worker 23...
[INFO]:[05:46:54] ILS search space file written: /scratch/yorig/mpils-results-grid-ticks-10000-7may/medium-2/24proc-24pils/seed-5/9_supportcase6_seed-5_20260510_054653/iterated_local_search/search_space/search_space_file_1_worker_23.txt
[INFO]:[05:46:54] Launching Local Search Workers via MPI...
[INFO]:[05:46:54] Local Search Workers launched.
[INFO]:[05:46:54] Starting local search phase...
[INFO]:[05:46:54] Creating local search space from parameter space file: /scratch/yorig/mpils-results-grid-ticks-10000-7may/medium-2/24proc-24pils/seed-5/9_supportcase6_seed-5_20260510_054653/iterated_local_search/search_space/search_space_file_1.txt
[INFO]:[05:46:54] Local search space loaded from file: /scratch/yorig/mpils-results-grid-ticks-10000-7may/medium-2/24proc-24pils/seed-5/9_supportcase6_seed-5_20260510_054653/iterated_local_search/search_space/search_space_file_1.txt
[INFO]:[05:46:54] Number of parameters in local search space: 71
[INFO]:[05:46:54] Number of forbidden tuples in local search space: 0
[INFO]:[05:46:54] Number of conditionals in local search space: 6
[INFO]:[05:46:54] MIP start option not enabled. Local search will proceed without MIP start.
[INFO]:[05:46:54] Starting CPLEX solver on instance: /home/yorig/tuner/mpils-tests/instances/miplib/medium-2/supportcase6.mps with config: /scratch/yorig/mpils-results-grid-ticks-10000-7may/medium-2/24proc-24pils/seed-5/9_supportcase6_seed-5_20260510_054653/iterated_local_search/run_1_worker_0/ils_config_14921508010286178949.prm
[INFO]:[05:46:54] Starting CPLEX solver on instance: /home/yorig/tuner/mpils-tests/instances/miplib/medium-2/supportcase6.mps with config: /scratch/yorig/mpils-results-grid-ticks-10000-7may/medium-2/24proc-24pils/seed-5/9_supportcase6_seed-5_20260510_054653/iterated_local_search/run_1_worker_0/ils_config_14921508010286178949.prm
[INFO]:[05:47:01] CPLEX results. Gap: 55.980000, upper bound: 102597.533860, lower bound: 45165.579073
[INFO]:[05:47:01] CPLEX solver finished. Gap: 55.980000
[INFO]:[05:47:03] New incumbent found with objective value: 13.33
[INFO]:[05:47:03] Local search phase completed.
[INFO]:[05:47:03] Total number of new local-search evaluations: 24
[INFO]:[05:47:03] Final incumbent objective value: 13.33
[INFO]:[05:47:03] recordEvaluation produced_mip_start=0 mip_start_file=''
[INFO]:[05:47:03] ***************
[INFO]:[05:47:03] New best evaluation without MIP start found at time 6s, with objective 55.98 and configuration ID 14921508010286178949
[INFO]:[05:47:03] With config: 14921508010286178949 -> 
Configuration: CPXPARAM_Advance=1 CPXPARAM_Barrier_Algorithm=0 CPXPARAM_Barrier_ColNonzeros=0 CPXPARAM_Barrier_Crossover=0 CPXPARAM_Barrier_Limits_Corrections=-1 CPXPARAM_Barrier_Ordering=0 CPXPARAM_Barrier_StartAlg=1 CPXPARAM_Emphasis_MIP=0 CPXPARAM_Emphasis_Memory=0 CPXPARAM_Emphasis_Numerical=0 CPXPARAM_Feasopt_Mode=0 CPXPARAM_LPMethod=0 CPXPARAM_MIP_Cuts_Cliques=0 CPXPARAM_MIP_Cuts_Covers=0 CPXPARAM_MIP_Cuts_Disjunctive=0 CPXPARAM_MIP_Cuts_FlowCovers=0 CPXPARAM_MIP_Cuts_GUBCovers=0 CPXPARAM_MIP_Cuts_Gomory=0 CPXPARAM_MIP_Cuts_Implied=0 CPXPARAM_MIP_Cuts_MIRCut=0 CPXPARAM_MIP_Cuts_PathCut=0 CPXPARAM_MIP_Limits_AggForCut=3 CPXPARAM_MIP_Limits_CutPasses=0 CPXPARAM_MIP_Limits_CutsFactor=-1 CPXPARAM_MIP_Limits_GomoryCand=200 CPXPARAM_MIP_Limits_GomoryPass=0 CPXPARAM_MIP_Limits_Nodes=9223372036800000000 CPXPARAM_MIP_Limits_ProbeTime=1e+75 CPXPARAM_MIP_Limits_RepairTries=0 CPXPARAM_MIP_Limits_StrongCand=10 CPXPARAM_MIP_Limits_StrongIt=0 CPXPARAM_MIP_OrderType=0 CPXPARAM_MIP_Strategy_BBInterval=7 CPXPARAM_MIP_Strategy_Branch=0 CPXPARAM_MIP_Strategy_Dive=0 CPXPARAM_MIP_Strategy_File=1 CPXPARAM_MIP_Strategy_HeuristicFreq=0 CPXPARAM_MIP_Strategy_LBHeur=0 CPXPARAM_MIP_Strategy_NodeSelect=1 CPXPARAM_MIP_Strategy_Order=1 CPXPARAM_MIP_Strategy_PresolveNode=0 CPXPARAM_MIP_Strategy_Probe=0 CPXPARAM_MIP_Strategy_RINSHeur=0 CPXPARAM_MIP_Strategy_StartAlgorithm=0 CPXPARAM_MIP_Strategy_SubAlgorithm=0 CPXPARAM_MIP_Strategy_VariableSelect=0 CPXPARAM_Network_NetFind=2 CPXPARAM_Network_Pricing=0 CPXPARAM_Parallel=1 CPXPARAM_Preprocessing_Aggregator=-1 CPXPARAM_Preprocessing_BoundStrength=-1 CPXPARAM_Preprocessing_CoeffReduce=-1 CPXPARAM_Preprocessing_Dependency=-1 CPXPARAM_Preprocessing_Dual=0 CPXPARAM_Preprocessing_Fill=10 CPXPARAM_Preprocessing_NumPass=-1 CPXPARAM_Preprocessing_Presolve=1 CPXPARAM_Preprocessing_QPMakePSD=1 CPXPARAM_Preprocessing_Reduce=3 CPXPARAM_Preprocessing_Relax=-1 CPXPARAM_Preprocessing_RepeatPresolve=-1 CPXPARAM_Preprocessing_Symmetry=-1 CPXPARAM_Read_Scale=0 CPXPARAM_Sifting_Algorithm=0 CPXPARAM_Simplex_Crash=1 CPXPARAM_Simplex_DGradient=0 CPXPARAM_Simplex_Limits_Perturbation=0 CPXPARAM_Simplex_Limits_Singularity=10 CPXPARAM_Simplex_PGradient=0 CPXPARAM_Simplex_Pricing=0 CPXPARAM_Simplex_Refactor=0 | MIP Start: No 
[INFO]:[05:47:03] ***************
[DEBUG]:[05:47:03] Added evaluation to memory with objective: 55.98, ConfigId: 14921508010286178949, EvalId: 1. Total evaluations stored: 1
[INFO]:[05:47:03] recordEvaluation produced_mip_start=0 mip_start_file=''
[INFO]:[05:47:03] ***************
[INFO]:[05:47:03] New best evaluation without MIP start found at time 7s, with objective 37.62 and configuration ID 18160111843183219580
[INFO]:[05:47:03] With config: 18160111843183219580 -> 
Configuration: CPXPARAM_Advance=1 CPXPARAM_Barrier_Algorithm=0 CPXPARAM_Barrier_ColNonzeros=0 CPXPARAM_Barrier_Crossover=0 CPXPARAM_Barrier_Limits_Corrections=-1 CPXPARAM_Barrier_Ordering=0 CPXPARAM_Barrier_StartAlg=1 CPXPARAM_Emphasis_MIP=1 CPXPARAM_Emphasis_Memory=0 CPXPARAM_Emphasis_Numerical=0 CPXPARAM_Feasopt_Mode=0 CPXPARAM_LPMethod=0 CPXPARAM_MIP_Cuts_Cliques=-1 CPXPARAM_MIP_Cuts_Covers=0 CPXPARAM_MIP_Cuts_Disjunctive=-1 CPXPARAM_MIP_Cuts_FlowCovers=0 CPXPARAM_MIP_Cuts_GUBCovers=2 CPXPARAM_MIP_Cuts_Gomory=0 CPXPARAM_MIP_Cuts_Implied=2 CPXPARAM_MIP_Cuts_MIRCut=2 CPXPARAM_MIP_Cuts_PathCut=2 CPXPARAM_MIP_Limits_AggForCut=3 CPXPARAM_MIP_Limits_CutPasses=0 CPXPARAM_MIP_Limits_CutsFactor=-1 CPXPARAM_MIP_Limits_GomoryCand=10 CPXPARAM_MIP_Limits_GomoryPass=0 CPXPARAM_MIP_Limits_Nodes=9223372036800000000 CPXPARAM_MIP_Limits_ProbeTime=1e+75 CPXPARAM_MIP_Limits_RepairTries=0 CPXPARAM_MIP_Limits_StrongCand=10 CPXPARAM_MIP_Limits_StrongIt=0 CPXPARAM_MIP_OrderType=0 CPXPARAM_MIP_Strategy_BBInterval=7 CPXPARAM_MIP_Strategy_Branch=0 CPXPARAM_MIP_Strategy_Dive=0 CPXPARAM_MIP_Strategy_File=1 CPXPARAM_MIP_Strategy_HeuristicFreq=0 CPXPARAM_MIP_Strategy_LBHeur=0 CPXPARAM_MIP_Strategy_NodeSelect=1 CPXPARAM_MIP_Strategy_Order=1 CPXPARAM_MIP_Strategy_PresolveNode=0 CPXPARAM_MIP_Strategy_Probe=0 CPXPARAM_MIP_Strategy_RINSHeur=0 CPXPARAM_MIP_Strategy_StartAlgorithm=0 CPXPARAM_MIP_Strategy_SubAlgorithm=0 CPXPARAM_MIP_Strategy_VariableSelect=0 CPXPARAM_Network_NetFind=2 CPXPARAM_Network_Pricing=0 CPXPARAM_Parallel=1 CPXPARAM_Preprocessing_Aggregator=-1 CPXPARAM_Preprocessing_BoundStrength=-1 CPXPARAM_Preprocessing_CoeffReduce=-1 CPXPARAM_Preprocessing_Dependency=-1 CPXPARAM_Preprocessing_Dual=0 CPXPARAM_Preprocessing_Fill=10 CPXPARAM_Preprocessing_NumPass=-1 CPXPARAM_Preprocessing_Presolve=1 CPXPARAM_Preprocessing_QPMakePSD=1 CPXPARAM_Preprocessing_Reduce=3 CPXPARAM_Preprocessing_Relax=-1 CPXPARAM_Preprocessing_RepeatPresolve=-1 CPXPARAM_Preprocessing_Symmetry=-1 CPXPARAM_Read_Scale=0 CPXPARAM_Sifting_Algorithm=0 CPXPARAM_Simplex_Crash=1 CPXPARAM_Simplex_DGradient=0 CPXPARAM_Simplex_Limits_Perturbation=0 CPXPARAM_Simplex_Limits_Singularity=10 CPXPARAM_Simplex_PGradient=0 CPXPARAM_Simplex_Pricing=0 CPXPARAM_Simplex_Refactor=0 | MIP Start: No 
[INFO]:[05:47:03] ***************
[DEBUG]:[05:47:03] Added evaluation to memory with objective: 37.62, ConfigId: 18160111843183219580, EvalId: 2. Total evaluations stored: 2
[INFO]:[05:47:03] recordEvaluation produced_mip_start=0 mip_start_file=''
[INFO]:[05:47:03] ***************
[INFO]:[05:47:03] New best evaluation without MIP start found at time 7s, with objective 13.42 and configuration ID 3837476798355744323
[INFO]:[05:47:03] With config: 3837476798355744323 -> 
Configuration: CPXPARAM_Advance=1 CPXPARAM_Barrier_Algorithm=0 CPXPARAM_Barrier_ColNonzeros=0 CPXPARAM_Barrier_Crossover=0 CPXPARAM_Barrier_Limits_Corrections=-1 CPXPARAM_Barrier_Ordering=0 CPXPARAM_Barrier_StartAlg=1 CPXPARAM_Emphasis_MIP=2 CPXPARAM_Emphasis_Memory=0 CPXPARAM_Emphasis_Numerical=0 CPXPARAM_Feasopt_Mode=0 CPXPARAM_LPMethod=0 CPXPARAM_MIP_Cuts_Cliques=-1 CPXPARAM_MIP_Cuts_Covers=0 CPXPARAM_MIP_Cuts_Disjunctive=1 CPXPARAM_MIP_Cuts_FlowCovers=1 CPXPARAM_MIP_Cuts_GUBCovers=2 CPXPARAM_MIP_Cuts_Gomory=-1 CPXPARAM_MIP_Cuts_Implied=1 CPXPARAM_MIP_Cuts_MIRCut=1 CPXPARAM_MIP_Cuts_PathCut=2 CPXPARAM_MIP_Limits_AggForCut=3 CPXPARAM_MIP_Limits_CutPasses=0 CPXPARAM_MIP_Limits_CutsFactor=-1 CPXPARAM_MIP_Limits_GomoryCand=200 CPXPARAM_MIP_Limits_GomoryPass=0 CPXPARAM_MIP_Limits_Nodes=9223372036800000000 CPXPARAM_MIP_Limits_ProbeTime=1e+75 CPXPARAM_MIP_Limits_RepairTries=0 CPXPARAM_MIP_Limits_StrongCand=10 CPXPARAM_MIP_Limits_StrongIt=0 CPXPARAM_MIP_OrderType=0 CPXPARAM_MIP_Strategy_BBInterval=7 CPXPARAM_MIP_Strategy_Branch=0 CPXPARAM_MIP_Strategy_Dive=0 CPXPARAM_MIP_Strategy_File=1 CPXPARAM_MIP_Strategy_HeuristicFreq=0 CPXPARAM_MIP_Strategy_LBHeur=0 CPXPARAM_MIP_Strategy_NodeSelect=1 CPXPARAM_MIP_Strategy_Order=1 CPXPARAM_MIP_Strategy_PresolveNode=0 CPXPARAM_MIP_Strategy_Probe=0 CPXPARAM_MIP_Strategy_RINSHeur=0 CPXPARAM_MIP_Strategy_StartAlgorithm=0 CPXPARAM_MIP_Strategy_SubAlgorithm=0 CPXPARAM_MIP_Strategy_VariableSelect=0 CPXPARAM_Network_NetFind=2 CPXPARAM_Network_Pricing=0 CPXPARAM_Parallel=1 CPXPARAM_Preprocessing_Aggregator=-1 CPXPARAM_Preprocessing_BoundStrength=-1 CPXPARAM_Preprocessing_CoeffReduce=-1 CPXPARAM_Preprocessing_Dependency=-1 CPXPARAM_Preprocessing_Dual=0 CPXPARAM_Preprocessing_Fill=10 CPXPARAM_Preprocessing_NumPass=-1 CPXPARAM_Preprocessing_Presolve=1 CPXPARAM_Preprocessing_QPMakePSD=1 CPXPARAM_Preprocessing_Reduce=3 CPXPARAM_Preprocessing_Relax=-1 CPXPARAM_Preprocessing_RepeatPresolve=-1 CPXPARAM_Preprocessing_Symmetry=-1 CPXPARAM_Read_Scale=0 CPXPARAM_Sifting_Algorithm=0 CPXPARAM_Simplex_Crash=1 CPXPARAM_Simplex_DGradient=0 CPXPARAM_Simplex_Limits_Perturbation=0 CPXPARAM_Simplex_Limits_Singularity=10 CPXPARAM_Simplex_PGradient=0 CPXPARAM_Simplex_Pricing=0 CPXPARAM_Simplex_Refactor=0 | MIP Start: No 
[INFO]:[05:47:03] ***************
[DEBUG]:[05:47:03] Added evaluation to memory with objective: 13.42, ConfigId: 3837476798355744323, EvalId: 3. Total evaluations stored: 3
[INFO]:[05:47:03] recordEvaluation produced_mip_start=0 mip_start_file=''
[DEBUG]:[05:47:03] Added evaluation to memory with objective: 37.64, ConfigId: 2368332958659698706, EvalId: 4. Total evaluations stored: 4
[INFO]:[05:47:03] recordEvaluation produced_mip_start=0 mip_start_file=''
[DEBUG]:[05:47:03] Added evaluation to memory with objective: 37.56, ConfigId: 4859620831519401233, EvalId: 5. Total evaluations stored: 5
[INFO]:[05:47:03] recordEvaluation produced_mip_start=0 mip_start_file=''
[DEBUG]:[05:47:03] Added evaluation to memory with objective: 100, ConfigId: 9725008363737864547, EvalId: 6. Total evaluations stored: 6
[INFO]:[05:47:03] recordEvaluation produced_mip_start=0 mip_start_file=''
[INFO]:[05:47:03] ***************
[INFO]:[05:47:03] New best evaluation without MIP start found at time 8s, with objective 13.33 and configuration ID 3372078200783433221
[INFO]:[05:47:03] With config: 3372078200783433221 -> 
Configuration: CPXPARAM_Advance=1 CPXPARAM_Barrier_Algorithm=0 CPXPARAM_Barrier_ColNonzeros=0 CPXPARAM_Barrier_Crossover=0 CPXPARAM_Barrier_Limits_Corrections=-1 CPXPARAM_Barrier_Ordering=0 CPXPARAM_Barrier_StartAlg=1 CPXPARAM_Emphasis_MIP=4 CPXPARAM_Emphasis_Memory=0 CPXPARAM_Emphasis_Numerical=0 CPXPARAM_Feasopt_Mode=0 CPXPARAM_LPMethod=0 CPXPARAM_MIP_Cuts_Cliques=1 CPXPARAM_MIP_Cuts_Covers=0 CPXPARAM_MIP_Cuts_Disjunctive=-1 CPXPARAM_MIP_Cuts_FlowCovers=-1 CPXPARAM_MIP_Cuts_GUBCovers=0 CPXPARAM_MIP_Cuts_Gomory=-1 CPXPARAM_MIP_Cuts_Implied=0 CPXPARAM_MIP_Cuts_MIRCut=-1 CPXPARAM_MIP_Cuts_PathCut=0 CPXPARAM_MIP_Limits_AggForCut=3 CPXPARAM_MIP_Limits_CutPasses=0 CPXPARAM_MIP_Limits_CutsFactor=-1 CPXPARAM_MIP_Limits_GomoryCand=200 CPXPARAM_MIP_Limits_GomoryPass=0 CPXPARAM_MIP_Limits_Nodes=9223372036800000000 CPXPARAM_MIP_Limits_ProbeTime=1e+75 CPXPARAM_MIP_Limits_RepairTries=0 CPXPARAM_MIP_Limits_StrongCand=10 CPXPARAM_MIP_Limits_StrongIt=0 CPXPARAM_MIP_OrderType=0 CPXPARAM_MIP_Strategy_BBInterval=7 CPXPARAM_MIP_Strategy_Branch=0 CPXPARAM_MIP_Strategy_Dive=0 CPXPARAM_MIP_Strategy_File=1 CPXPARAM_MIP_Strategy_HeuristicFreq=0 CPXPARAM_MIP_Strategy_LBHeur=0 CPXPARAM_MIP_Strategy_NodeSelect=1 CPXPARAM_MIP_Strategy_Order=1 CPXPARAM_MIP_Strategy_PresolveNode=0 CPXPARAM_MIP_Strategy_Probe=0 CPXPARAM_MIP_Strategy_RINSHeur=0 CPXPARAM_MIP_Strategy_StartAlgorithm=0 CPXPARAM_MIP_Strategy_SubAlgorithm=0 CPXPARAM_MIP_Strategy_VariableSelect=0 CPXPARAM_Network_NetFind=2 CPXPARAM_Network_Pricing=0 CPXPARAM_Parallel=1 CPXPARAM_Preprocessing_Aggregator=-1 CPXPARAM_Preprocessing_BoundStrength=-1 CPXPARAM_Preprocessing_CoeffReduce=-1 CPXPARAM_Preprocessing_Dependency=-1 CPXPARAM_Preprocessing_Dual=0 CPXPARAM_Preprocessing_Fill=10 CPXPARAM_Preprocessing_NumPass=-1 CPXPARAM_Preprocessing_Presolve=1 CPXPARAM_Preprocessing_QPMakePSD=1 CPXPARAM_Preprocessing_Reduce=3 CPXPARAM_Preprocessing_Relax=-1 CPXPARAM_Preprocessing_RepeatPresolve=-1 CPXPARAM_Preprocessing_Symmetry=-1 CPXPARAM_Read_Scale=0 CPXPARAM_Sifting_Algorithm=0 CPXPARAM_Simplex_Crash=1 CPXPARAM_Simplex_DGradient=0 CPXPARAM_Simplex_Limits_Perturbation=0 CPXPARAM_Simplex_Limits_Singularity=10 CPXPARAM_Simplex_PGradient=0 CPXPARAM_Simplex_Pricing=0 CPXPARAM_Simplex_Refactor=0 | MIP Start: No 
[INFO]:[05:47:03] ***************
[DEBUG]:[05:47:03] Added evaluation to memory with objective: 13.33, ConfigId: 3372078200783433221, EvalId: 7. Total evaluations stored: 7
[INFO]:[05:47:03] recordEvaluation produced_mip_start=0 mip_start_file=''
[DEBUG]:[05:47:03] Added evaluation to memory with objective: 100, ConfigId: 5506710595118707464, EvalId: 8. Total evaluations stored: 8
[INFO]:[05:47:03] recordEvaluation produced_mip_start=0 mip_start_file=''
[DEBUG]:[05:47:03] Added evaluation to memory with objective: 37.64, ConfigId: 11836007147990219782, EvalId: 9. Total evaluations stored: 9
[INFO]:[05:47:03] recordEvaluation produced_mip_start=0 mip_start_file=''
[DEBUG]:[05:47:03] Added evaluation to memory with objective: 55.98, ConfigId: 3678503474187425534, EvalId: 10. Total evaluations stored: 10
[INFO]:[05:47:03] recordEvaluation produced_mip_start=0 mip_start_file=''
[DEBUG]:[05:47:03] Added evaluation to memory with objective: 55.98, ConfigId: 9822090472963263413, EvalId: 11. Total evaluations stored: 11
[INFO]:[05:47:03] recordEvaluation produced_mip_start=0 mip_start_file=''
[DEBUG]:[05:47:03] Added evaluation to memory with objective: 51.31, ConfigId: 16596366600234497596, EvalId: 12. Total evaluations stored: 12
[INFO]:[05:47:03] recordEvaluation produced_mip_start=0 mip_start_file=''
[DEBUG]:[05:47:03] Added evaluation to memory with objective: 37.64, ConfigId: 8906993792193078205, EvalId: 13. Total evaluations stored: 13
[INFO]:[05:47:03] recordEvaluation produced_mip_start=0 mip_start_file=''
[DEBUG]:[05:47:03] Added evaluation to memory with objective: 51.31, ConfigId: 1399917671887017235, EvalId: 14. Total evaluations stored: 14
[INFO]:[05:47:03] recordEvaluation produced_mip_start=0 mip_start_file=''
[DEBUG]:[05:47:03] Added evaluation to memory with objective: 51.31, ConfigId: 16509475657884635499, EvalId: 15. Total evaluations stored: 15
[INFO]:[05:47:03] recordEvaluation produced_mip_start=0 mip_start_file=''
[DEBUG]:[05:47:03] Added evaluation to memory with objective: 55.98, ConfigId: 4368541709169100143, EvalId: 16. Total evaluations stored: 16
[INFO]:[05:47:03] recordEvaluation produced_mip_start=0 mip_start_file=''
[DEBUG]:[05:47:03] Added evaluation to memory with objective: 55.98, ConfigId: 257151645689336243, EvalId: 17. Total evaluations stored: 17
[INFO]:[05:47:03] recordEvaluation produced_mip_start=0 mip_start_file=''
[DEBUG]:[05:47:03] Added evaluation to memory with objective: 13.33, ConfigId: 11261055918299197202, EvalId: 18. Total evaluations stored: 18
[INFO]:[05:47:03] recordEvaluation produced_mip_start=0 mip_start_file=''
[DEBUG]:[05:47:03] Added evaluation to memory with objective: 37.56, ConfigId: 17837593735694802558, EvalId: 19. Total evaluations stored: 19
[INFO]:[05:47:03] recordEvaluation produced_mip_start=0 mip_start_file=''
[DEBUG]:[05:47:03] Added evaluation to memory with objective: 100, ConfigId: 13358848545052308200, EvalId: 20. Total evaluations stored: 20
[INFO]:[05:47:03] recordEvaluation produced_mip_start=0 mip_start_file=''
[DEBUG]:[05:47:03] Added evaluation to memory with objective: 13.33, ConfigId: 15360303708078458269, EvalId: 21. Total evaluations stored: 21
[INFO]:[05:47:03] recordEvaluation produced_mip_start=0 mip_start_file=''
[DEBUG]:[05:47:03] Added evaluation to memory with objective: 37.64, ConfigId: 15055766039158569450, EvalId: 22. Total evaluations stored: 22
[INFO]:[05:47:03] recordEvaluation produced_mip_start=0 mip_start_file=''
[DEBUG]:[05:47:03] Added evaluation to memory with objective: 13.33, ConfigId: 1692791714249799137, EvalId: 23. Total evaluations stored: 23
[INFO]:[05:47:03] recordEvaluation produced_mip_start=0 mip_start_file=''
[DEBUG]:[05:47:03] Added evaluation to memory with objective: 51.31, ConfigId: 12886344519557578302, EvalId: 24. Total evaluations stored: 24
[INFO]:[05:47:03] Waiting for Local Search Workers via MPI...
[INFO]:[05:47:03] Local Search Workers have completed.
[INFO]:[05:47:03] IteratedLocalSearch Engine completed.
[INFO]:[05:47:03] Added24 evaluations to memory from exploration phase at iteration 1
[INFO]:[05:47:03] Exploration phase completed.
[INFO]:[05:47:03] Starting expansion phase...
[INFO]:[05:47:03] Selecting parameters for expansion phase...
[INFO]:[05:47:03] Selected expansion parameters: 10
[INFO]:[05:47:03] Creating configuration files for expansion parameters...
[INFO]:[05:47:03] Creating configurations for parameter: CPXPARAM_MIP_Strategy_Probe
[DEBUG]:[05:47:03] Parameter CPXPARAM_MIP_Strategy_Probe will be evaluated on 4 alternative value(s) after excluding the current base configuration value.
[DEBUG]:[05:47:03] Created configuration file for parameter CPXPARAM_MIP_Strategy_Probe with value -1 at /scratch/yorig/mpils-results-grid-ticks-10000-7may/medium-2/24proc-24pils/seed-5/9_supportcase6_seed-5_20260510_054653/expansion/config_param_CPXPARAM_MIP_Strategy_Probe_-1_iter_1.prm
[DEBUG]:[05:47:03] Created configuration file for parameter CPXPARAM_MIP_Strategy_Probe with value 1 at /scratch/yorig/mpils-results-grid-ticks-10000-7may/medium-2/24proc-24pils/seed-5/9_supportcase6_seed-5_20260510_054653/expansion/config_param_CPXPARAM_MIP_Strategy_Probe_1_iter_1.prm
[DEBUG]:[05:47:03] Created configuration file for parameter CPXPARAM_MIP_Strategy_Probe with value 2 at /scratch/yorig/mpils-results-grid-ticks-10000-7may/medium-2/24proc-24pils/seed-5/9_supportcase6_seed-5_20260510_054653/expansion/config_param_CPXPARAM_MIP_Strategy_Probe_2_iter_1.prm
[DEBUG]:[05:47:03] Created configuration file for parameter CPXPARAM_MIP_Strategy_Probe with value 3 at /scratch/yorig/mpils-results-grid-ticks-10000-7may/medium-2/24proc-24pils/seed-5/9_supportcase6_seed-5_20260510_054653/expansion/config_param_CPXPARAM_MIP_Strategy_Probe_3_iter_1.prm
[INFO]:[05:47:03] Creating configurations for parameter: CPXPARAM_MIP_Cuts_Covers
[DEBUG]:[05:47:03] Parameter CPXPARAM_MIP_Cuts_Covers will be evaluated on 4 alternative value(s) after excluding the current base configuration value.
[DEBUG]:[05:47:03] Created configuration file for parameter CPXPARAM_MIP_Cuts_Covers with value -1 at /scratch/yorig/mpils-results-grid-ticks-10000-7may/medium-2/24proc-24pils/seed-5/9_supportcase6_seed-5_20260510_054653/expansion/config_param_CPXPARAM_MIP_Cuts_Covers_-1_iter_1.prm
[DEBUG]:[05:47:03] Created configuration file for parameter CPXPARAM_MIP_Cuts_Covers with value 1 at /scratch/yorig/mpils-results-grid-ticks-10000-7may/medium-2/24proc-24pils/seed-5/9_supportcase6_seed-5_20260510_054653/expansion/config_param_CPXPARAM_MIP_Cuts_Covers_1_iter_1.prm
[DEBUG]:[05:47:03] Created configuration file for parameter CPXPARAM_MIP_Cuts_Covers with value 2 at /scratch/yorig/mpils-results-grid-ticks-10000-7may/medium-2/24proc-24pils/seed-5/9_supportcase6_seed-5_20260510_054653/expansion/config_param_CPXPARAM_MIP_Cuts_Covers_2_iter_1.prm
[DEBUG]:[05:47:03] Created configuration file for parameter CPXPARAM_MIP_Cuts_Covers with value 3 at /scratch/yorig/mpils-results-grid-ticks-10000-7may/medium-2/24proc-24pils/seed-5/9_supportcase6_seed-5_20260510_054653/expansion/config_param_CPXPARAM_MIP_Cuts_Covers_3_iter_1.prm
[INFO]:[05:47:03] Creating configurations for parameter: CPXPARAM_MIP_Strategy_VariableSelect
[DEBUG]:[05:47:03] Parameter CPXPARAM_MIP_Strategy_VariableSelect will be evaluated on 5 alternative value(s) after excluding the current base configuration value.
[DEBUG]:[05:47:03] Created configuration file for parameter CPXPARAM_MIP_Strategy_VariableSelect with value -1 at /scratch/yorig/mpils-results-grid-ticks-10000-7may/medium-2/24proc-24pils/seed-5/9_supportcase6_seed-5_20260510_054653/expansion/config_param_CPXPARAM_MIP_Strategy_VariableSelect_-1_iter_1.prm
[DEBUG]:[05:47:03] Created configuration file for parameter CPXPARAM_MIP_Strategy_VariableSelect with value 1 at /scratch/yorig/mpils-results-grid-ticks-10000-7may/medium-2/24proc-24pils/seed-5/9_supportcase6_seed-5_20260510_054653/expansion/config_param_CPXPARAM_MIP_Strategy_VariableSelect_1_iter_1.prm
[DEBUG]:[05:47:03] Created configuration file for parameter CPXPARAM_MIP_Strategy_VariableSelect with value 2 at /scratch/yorig/mpils-results-grid-ticks-10000-7may/medium-2/24proc-24pils/seed-5/9_supportcase6_seed-5_20260510_054653/expansion/config_param_CPXPARAM_MIP_Strategy_VariableSelect_2_iter_1.prm
[DEBUG]:[05:47:03] Created configuration file for parameter CPXPARAM_MIP_Strategy_VariableSelect with value 3 at /scratch/yorig/mpils-results-grid-ticks-10000-7may/medium-2/24proc-24pils/seed-5/9_supportcase6_seed-5_20260510_054653/expansion/config_param_CPXPARAM_MIP_Strategy_VariableSelect_3_iter_1.prm
[DEBUG]:[05:47:03] Created configuration file for parameter CPXPARAM_MIP_Strategy_VariableSelect with value 4 at /scratch/yorig/mpils-results-grid-ticks-10000-7may/medium-2/24proc-24pils/seed-5/9_supportcase6_seed-5_20260510_054653/expansion/config_param_CPXPARAM_MIP_Strategy_VariableSelect_4_iter_1.prm
[INFO]:[05:47:03] Creating configurations for parameter: CPXPARAM_MIP_Strategy_NodeSelect
[DEBUG]:[05:47:03] Parameter CPXPARAM_MIP_Strategy_NodeSelect will be evaluated on 3 alternative value(s) after excluding the current base configuration value.
[DEBUG]:[05:47:03] Created configuration file for parameter CPXPARAM_MIP_Strategy_NodeSelect with value 0 at /scratch/yorig/mpils-results-grid-ticks-10000-7may/medium-2/24proc-24pils/seed-5/9_supportcase6_seed-5_20260510_054653/expansion/config_param_CPXPARAM_MIP_Strategy_NodeSelect_0_iter_1.prm
[DEBUG]:[05:47:03] Created configuration file for parameter CPXPARAM_MIP_Strategy_NodeSelect with value 2 at /scratch/yorig/mpils-results-grid-ticks-10000-7may/medium-2/24proc-24pils/seed-5/9_supportcase6_seed-5_20260510_054653/expansion/config_param_CPXPARAM_MIP_Strategy_NodeSelect_2_iter_1.prm
[DEBUG]:[05:47:03] Created configuration file for parameter CPXPARAM_MIP_Strategy_NodeSelect with value 3 at /scratch/yorig/mpils-results-grid-ticks-10000-7may/medium-2/24proc-24pils/seed-5/9_supportcase6_seed-5_20260510_054653/expansion/config_param_CPXPARAM_MIP_Strategy_NodeSelect_3_iter_1.prm
[INFO]:[05:47:03] Creating configurations for parameter: CPXPARAM_MIP_Strategy_Dive
[DEBUG]:[05:47:03] Parameter CPXPARAM_MIP_Strategy_Dive will be evaluated on 3 alternative value(s) after excluding the current base configuration value.
[DEBUG]:[05:47:03] Created configuration file for parameter CPXPARAM_MIP_Strategy_Dive with value 1 at /scratch/yorig/mpils-results-grid-ticks-10000-7may/medium-2/24proc-24pils/seed-5/9_supportcase6_seed-5_20260510_054653/expansion/config_param_CPXPARAM_MIP_Strategy_Dive_1_iter_1.prm
[DEBUG]:[05:47:03] Created configuration file for parameter CPXPARAM_MIP_Strategy_Dive with value 2 at /scratch/yorig/mpils-results-grid-ticks-10000-7may/medium-2/24proc-24pils/seed-5/9_supportcase6_seed-5_20260510_054653/expansion/config_param_CPXPARAM_MIP_Strategy_Dive_2_iter_1.prm
[DEBUG]:[05:47:03] Created configuration file for parameter CPXPARAM_MIP_Strategy_Dive with value 3 at /scratch/yorig/mpils-results-grid-ticks-10000-7may/medium-2/24proc-24pils/seed-5/9_supportcase6_seed-5_20260510_054653/expansion/config_param_CPXPARAM_MIP_Strategy_Dive_3_iter_1.prm
[INFO]:[05:47:03] Creating configurations for parameter: CPXPARAM_MIP_Limits_ProbeTime
[DEBUG]:[05:47:03] Parameter CPXPARAM_MIP_Limits_ProbeTime will be evaluated on 12 alternative value(s) after excluding the current base configuration value.
[DEBUG]:[05:47:03] Created configuration file for parameter CPXPARAM_MIP_Limits_ProbeTime with value 0 at /scratch/yorig/mpils-results-grid-ticks-10000-7may/medium-2/24proc-24pils/seed-5/9_supportcase6_seed-5_20260510_054653/expansion/config_param_CPXPARAM_MIP_Limits_ProbeTime_0_iter_1.prm
[DEBUG]:[05:47:03] Created configuration file for parameter CPXPARAM_MIP_Limits_ProbeTime with value 1 at /scratch/yorig/mpils-results-grid-ticks-10000-7may/medium-2/24proc-24pils/seed-5/9_supportcase6_seed-5_20260510_054653/expansion/config_param_CPXPARAM_MIP_Limits_ProbeTime_1_iter_1.prm
[DEBUG]:[05:47:03] Created configuration file for parameter CPXPARAM_MIP_Limits_ProbeTime with value 2 at /scratch/yorig/mpils-results-grid-ticks-10000-7may/medium-2/24proc-24pils/seed-5/9_supportcase6_seed-5_20260510_054653/expansion/config_param_CPXPARAM_MIP_Limits_ProbeTime_2_iter_1.prm
[DEBUG]:[05:47:03] Created configuration file for parameter CPXPARAM_MIP_Limits_ProbeTime with value 5 at /scratch/yorig/mpils-results-grid-ticks-10000-7may/medium-2/24proc-24pils/seed-5/9_supportcase6_seed-5_20260510_054653/expansion/config_param_CPXPARAM_MIP_Limits_ProbeTime_5_iter_1.prm
[DEBUG]:[05:47:03] Created configuration file for parameter CPXPARAM_MIP_Limits_ProbeTime with value 10 at /scratch/yorig/mpils-results-grid-ticks-10000-7may/medium-2/24proc-24pils/seed-5/9_supportcase6_seed-5_20260510_054653/expansion/config_param_CPXPARAM_MIP_Limits_ProbeTime_10_iter_1.prm
[DEBUG]:[05:47:03] Created configuration file for parameter CPXPARAM_MIP_Limits_ProbeTime with value 20 at /scratch/yorig/mpils-results-grid-ticks-10000-7may/medium-2/24proc-24pils/seed-5/9_supportcase6_seed-5_20260510_054653/expansion/config_param_CPXPARAM_MIP_Limits_ProbeTime_20_iter_1.prm
[DEBUG]:[05:47:03] Created configuration file for parameter CPXPARAM_MIP_Limits_ProbeTime with value 30 at /scratch/yorig/mpils-results-grid-ticks-10000-7may/medium-2/24proc-24pils/seed-5/9_supportcase6_seed-5_20260510_054653/expansion/config_param_CPXPARAM_MIP_Limits_ProbeTime_30_iter_1.prm
[DEBUG]:[05:47:03] Created configuration file for parameter CPXPARAM_MIP_Limits_ProbeTime with value 40 at /scratch/yorig/mpils-results-grid-ticks-10000-7may/medium-2/24proc-24pils/seed-5/9_supportcase6_seed-5_20260510_054653/expansion/config_param_CPXPARAM_MIP_Limits_ProbeTime_40_iter_1.prm
[DEBUG]:[05:47:03] Created configuration file for parameter CPXPARAM_MIP_Limits_ProbeTime with value 50 at /scratch/yorig/mpils-results-grid-ticks-10000-7may/medium-2/24proc-24pils/seed-5/9_supportcase6_seed-5_20260510_054653/expansion/config_param_CPXPARAM_MIP_Limits_ProbeTime_50_iter_1.prm
[DEBUG]:[05:47:03] Created configuration file for parameter CPXPARAM_MIP_Limits_ProbeTime with value 60 at /scratch/yorig/mpils-results-grid-ticks-10000-7may/medium-2/24proc-24pils/seed-5/9_supportcase6_seed-5_20260510_054653/expansion/config_param_CPXPARAM_MIP_Limits_ProbeTime_60_iter_1.prm
[DEBUG]:[05:47:03] Created configuration file for parameter CPXPARAM_MIP_Limits_ProbeTime with value 120 at /scratch/yorig/mpils-results-grid-ticks-10000-7may/medium-2/24proc-24pils/seed-5/9_supportcase6_seed-5_20260510_054653/expansion/config_param_CPXPARAM_MIP_Limits_ProbeTime_120_iter_1.prm
[DEBUG]:[05:47:03] Created configuration file for parameter CPXPARAM_MIP_Limits_ProbeTime with value 240 at /scratch/yorig/mpils-results-grid-ticks-10000-7may/medium-2/24proc-24pils/seed-5/9_supportcase6_seed-5_20260510_054653/expansion/config_param_CPXPARAM_MIP_Limits_ProbeTime_240_iter_1.prm
[INFO]:[05:47:03] Creating configurations for parameter: CPXPARAM_MIP_Strategy_RINSHeur
[DEBUG]:[05:47:03] Parameter CPXPARAM_MIP_Strategy_RINSHeur will be evaluated on 8 alternative value(s) after excluding the current base configuration value.
[DEBUG]:[05:47:03] Created configuration file for parameter CPXPARAM_MIP_Strategy_RINSHeur with value -1 at /scratch/yorig/mpils-results-grid-ticks-10000-7may/medium-2/24proc-24pils/seed-5/9_supportcase6_seed-5_20260510_054653/expansion/config_param_CPXPARAM_MIP_Strategy_RINSHeur_-1_iter_1.prm
[DEBUG]:[05:47:03] Created configuration file for parameter CPXPARAM_MIP_Strategy_RINSHeur with value 20 at /scratch/yorig/mpils-results-grid-ticks-10000-7may/medium-2/24proc-24pils/seed-5/9_supportcase6_seed-5_20260510_054653/expansion/config_param_CPXPARAM_MIP_Strategy_RINSHeur_20_iter_1.prm
[DEBUG]:[05:47:03] Created configuration file for parameter CPXPARAM_MIP_Strategy_RINSHeur with value 40 at /scratch/yorig/mpils-results-grid-ticks-10000-7may/medium-2/24proc-24pils/seed-5/9_supportcase6_seed-5_20260510_054653/expansion/config_param_CPXPARAM_MIP_Strategy_RINSHeur_40_iter_1.prm
[DEBUG]:[05:47:03] Created configuration file for parameter CPXPARAM_MIP_Strategy_RINSHeur with value 60 at /scratch/yorig/mpils-results-grid-ticks-10000-7may/medium-2/24proc-24pils/seed-5/9_supportcase6_seed-5_20260510_054653/expansion/config_param_CPXPARAM_MIP_Strategy_RINSHeur_60_iter_1.prm
[DEBUG]:[05:47:03] Created configuration file for parameter CPXPARAM_MIP_Strategy_RINSHeur with value 100 at /scratch/yorig/mpils-results-grid-ticks-10000-7may/medium-2/24proc-24pils/seed-5/9_supportcase6_seed-5_20260510_054653/expansion/config_param_CPXPARAM_MIP_Strategy_RINSHeur_100_iter_1.prm
[DEBUG]:[05:47:03] Created configuration file for parameter CPXPARAM_MIP_Strategy_RINSHeur with value 200 at /scratch/yorig/mpils-results-grid-ticks-10000-7may/medium-2/24proc-24pils/seed-5/9_supportcase6_seed-5_20260510_054653/expansion/config_param_CPXPARAM_MIP_Strategy_RINSHeur_200_iter_1.prm
[DEBUG]:[05:47:03] Created configuration file for parameter CPXPARAM_MIP_Strategy_RINSHeur with value 500 at /scratch/yorig/mpils-results-grid-ticks-10000-7may/medium-2/24proc-24pils/seed-5/9_supportcase6_seed-5_20260510_054653/expansion/config_param_CPXPARAM_MIP_Strategy_RINSHeur_500_iter_1.prm
[DEBUG]:[05:47:03] Created configuration file for parameter CPXPARAM_MIP_Strategy_RINSHeur with value 1000 at /scratch/yorig/mpils-results-grid-ticks-10000-7may/medium-2/24proc-24pils/seed-5/9_supportcase6_seed-5_20260510_054653/expansion/config_param_CPXPARAM_MIP_Strategy_RINSHeur_1000_iter_1.prm
[INFO]:[05:47:03] Creating configurations for parameter: CPXPARAM_MIP_Strategy_BBInterval
[DEBUG]:[05:47:03] Parameter CPXPARAM_MIP_Strategy_BBInterval will be evaluated on 8 alternative value(s) after excluding the current base configuration value.
[DEBUG]:[05:47:03] Created configuration file for parameter CPXPARAM_MIP_Strategy_BBInterval with value 0 at /scratch/yorig/mpils-results-grid-ticks-10000-7may/medium-2/24proc-24pils/seed-5/9_supportcase6_seed-5_20260510_054653/expansion/config_param_CPXPARAM_MIP_Strategy_BBInterval_0_iter_1.prm
[DEBUG]:[05:47:03] Created configuration file for parameter CPXPARAM_MIP_Strategy_BBInterval with value 2 at /scratch/yorig/mpils-results-grid-ticks-10000-7may/medium-2/24proc-24pils/seed-5/9_supportcase6_seed-5_20260510_054653/expansion/config_param_CPXPARAM_MIP_Strategy_BBInterval_2_iter_1.prm
[DEBUG]:[05:47:03] Created configuration file for parameter CPXPARAM_MIP_Strategy_BBInterval with value 3 at /scratch/yorig/mpils-results-grid-ticks-10000-7may/medium-2/24proc-24pils/seed-5/9_supportcase6_seed-5_20260510_054653/expansion/config_param_CPXPARAM_MIP_Strategy_BBInterval_3_iter_1.prm
[DEBUG]:[05:47:03] Created configuration file for parameter CPXPARAM_MIP_Strategy_BBInterval with value 4 at /scratch/yorig/mpils-results-grid-ticks-10000-7may/medium-2/24proc-24pils/seed-5/9_supportcase6_seed-5_20260510_054653/expansion/config_param_CPXPARAM_MIP_Strategy_BBInterval_4_iter_1.prm
[DEBUG]:[05:47:03] Created configuration file for parameter CPXPARAM_MIP_Strategy_BBInterval with value 5 at /scratch/yorig/mpils-results-grid-ticks-10000-7may/medium-2/24proc-24pils/seed-5/9_supportcase6_seed-5_20260510_054653/expansion/config_param_CPXPARAM_MIP_Strategy_BBInterval_5_iter_1.prm
[DEBUG]:[05:47:03] Created configuration file for parameter CPXPARAM_MIP_Strategy_BBInterval with value 10 at /scratch/yorig/mpils-results-grid-ticks-10000-7may/medium-2/24proc-24pils/seed-5/9_supportcase6_seed-5_20260510_054653/expansion/config_param_CPXPARAM_MIP_Strategy_BBInterval_10_iter_1.prm
[DEBUG]:[05:47:03] Created configuration file for parameter CPXPARAM_MIP_Strategy_BBInterval with value 15 at /scratch/yorig/mpils-results-grid-ticks-10000-7may/medium-2/24proc-24pils/seed-5/9_supportcase6_seed-5_20260510_054653/expansion/config_param_CPXPARAM_MIP_Strategy_BBInterval_15_iter_1.prm
[DEBUG]:[05:47:03] Created configuration file for parameter CPXPARAM_MIP_Strategy_BBInterval with value 30 at /scratch/yorig/mpils-results-grid-ticks-10000-7may/medium-2/24proc-24pils/seed-5/9_supportcase6_seed-5_20260510_054653/expansion/config_param_CPXPARAM_MIP_Strategy_BBInterval_30_iter_1.prm
[INFO]:[05:47:03] Creating configurations for parameter: CPXPARAM_MIP_Strategy_Branch
[DEBUG]:[05:47:03] Parameter CPXPARAM_MIP_Strategy_Branch will be evaluated on 2 alternative value(s) after excluding the current base configuration value.
[DEBUG]:[05:47:03] Created configuration file for parameter CPXPARAM_MIP_Strategy_Branch with value -1 at /scratch/yorig/mpils-results-grid-ticks-10000-7may/medium-2/24proc-24pils/seed-5/9_supportcase6_seed-5_20260510_054653/expansion/config_param_CPXPARAM_MIP_Strategy_Branch_-1_iter_1.prm
[DEBUG]:[05:47:03] Created configuration file for parameter CPXPARAM_MIP_Strategy_Branch with value 1 at /scratch/yorig/mpils-results-grid-ticks-10000-7may/medium-2/24proc-24pils/seed-5/9_supportcase6_seed-5_20260510_054653/expansion/config_param_CPXPARAM_MIP_Strategy_Branch_1_iter_1.prm
[INFO]:[05:47:03] Creating configurations for parameter: CPXPARAM_MIP_Limits_CutsFactor
[DEBUG]:[05:47:03] Parameter CPXPARAM_MIP_Limits_CutsFactor will be evaluated on 5 alternative value(s) after excluding the current base configuration value.
[DEBUG]:[05:47:03] Created configuration file for parameter CPXPARAM_MIP_Limits_CutsFactor with value 1 at /scratch/yorig/mpils-results-grid-ticks-10000-7may/medium-2/24proc-24pils/seed-5/9_supportcase6_seed-5_20260510_054653/expansion/config_param_CPXPARAM_MIP_Limits_CutsFactor_1_iter_1.prm
[DEBUG]:[05:47:03] Created configuration file for parameter CPXPARAM_MIP_Limits_CutsFactor with value 2 at /scratch/yorig/mpils-results-grid-ticks-10000-7may/medium-2/24proc-24pils/seed-5/9_supportcase6_seed-5_20260510_054653/expansion/config_param_CPXPARAM_MIP_Limits_CutsFactor_2_iter_1.prm
[DEBUG]:[05:47:03] Created configuration file for parameter CPXPARAM_MIP_Limits_CutsFactor with value 4 at /scratch/yorig/mpils-results-grid-ticks-10000-7may/medium-2/24proc-24pils/seed-5/9_supportcase6_seed-5_20260510_054653/expansion/config_param_CPXPARAM_MIP_Limits_CutsFactor_4_iter_1.prm
[DEBUG]:[05:47:03] Created configuration file for parameter CPXPARAM_MIP_Limits_CutsFactor with value 8 at /scratch/yorig/mpils-results-grid-ticks-10000-7may/medium-2/24proc-24pils/seed-5/9_supportcase6_seed-5_20260510_054653/expansion/config_param_CPXPARAM_MIP_Limits_CutsFactor_8_iter_1.prm
[DEBUG]:[05:47:03] Created configuration file for parameter CPXPARAM_MIP_Limits_CutsFactor with value 16 at /scratch/yorig/mpils-results-grid-ticks-10000-7may/medium-2/24proc-24pils/seed-5/9_supportcase6_seed-5_20260510_054653/expansion/config_param_CPXPARAM_MIP_Limits_CutsFactor_16_iter_1.prm
[INFO]:[05:47:03] Created 54 configuration files for expansion phase at iteration 1.
[INFO]:[05:47:03] Skipped 0 expansion parameter(s) with no alternative value to evaluate.
[INFO]:[05:47:03] Launching Expansion Workers via MPI...
[INFO]:[05:47:03] Expansion Workers launched.
[INFO]:[05:47:03] Evaluating expansion parameters...
[INFO]:[05:47:03] Starting CPLEX solver on instance: /home/yorig/tuner/mpils-tests/instances/miplib/medium-2/supportcase6.mps with config: /scratch/yorig/mpils-results-grid-ticks-10000-7may/medium-2/24proc-24pils/seed-5/9_supportcase6_seed-5_20260510_054653/expansion/config_param_CPXPARAM_MIP_Strategy_Probe_-1_iter_1.prm
[INFO]:[05:47:09] CPLEX results. Gap: 13.340000, upper bound: 52120.996566, lower bound: 45165.579073
[INFO]:[05:47:09] CPLEX solver finished. Gap: 13.340000
[INFO]:[05:47:12] Starting CPLEX solver on instance: /home/yorig/tuner/mpils-tests/instances/miplib/medium-2/supportcase6.mps with config: /scratch/yorig/mpils-results-grid-ticks-10000-7may/medium-2/24proc-24pils/seed-5/9_supportcase6_seed-5_20260510_054653/expansion/config_param_CPXPARAM_MIP_Limits_ProbeTime_20_iter_1.prm
[INFO]:[05:47:20] CPLEX results. Gap: 100.000000, upper bound: 102597.533860, lower bound: 0.000000
[INFO]:[05:47:20] CPLEX solver finished. Gap: 100.000000
[INFO]:[05:47:20] Starting CPLEX solver on instance: /home/yorig/tuner/mpils-tests/instances/miplib/medium-2/supportcase6.mps with config: /scratch/yorig/mpils-results-grid-ticks-10000-7may/medium-2/24proc-24pils/seed-5/9_supportcase6_seed-5_20260510_054653/expansion/config_param_CPXPARAM_MIP_Strategy_Branch_1_iter_1.prm
[INFO]:[05:47:26] CPLEX results. Gap: 13.330000, upper bound: 52112.367686, lower bound: 45165.579073
[INFO]:[05:47:26] CPLEX solver finished. Gap: 13.330000
[INFO]:[05:47:26] recordEvaluation produced_mip_start=0 mip_start_file=''
[DEBUG]:[05:47:26] Added evaluation to memory with objective: 13.34, ConfigId: 4047259594606649996, EvalId: 25. Total evaluations stored: 25
[INFO]:[05:47:26] recordEvaluation produced_mip_start=0 mip_start_file=''
[DEBUG]:[05:47:26] Added evaluation to memory with objective: 13.33, ConfigId: 7553819896338965761, EvalId: 26. Total evaluations stored: 26
[INFO]:[05:47:26] recordEvaluation produced_mip_start=0 mip_start_file=''
[DEBUG]:[05:47:26] Added evaluation to memory with objective: 13.33, ConfigId: 1100405667590847753, EvalId: 27. Total evaluations stored: 27
[INFO]:[05:47:26] recordEvaluation produced_mip_start=0 mip_start_file=''
[DEBUG]:[05:47:26] Added evaluation to memory with objective: 100, ConfigId: 13679079860261349476, EvalId: 28. Total evaluations stored: 28
[INFO]:[05:47:26] recordEvaluation produced_mip_start=0 mip_start_file=''
[DEBUG]:[05:47:26] Added evaluation to memory with objective: 13.33, ConfigId: 5679741488259311388, EvalId: 29. Total evaluations stored: 29
[INFO]:[05:47:26] recordEvaluation produced_mip_start=0 mip_start_file=''
[DEBUG]:[05:47:26] Added evaluation to memory with objective: 13.33, ConfigId: 9364008410521140449, EvalId: 30. Total evaluations stored: 30
[INFO]:[05:47:26] recordEvaluation produced_mip_start=0 mip_start_file=''
[DEBUG]:[05:47:26] Added evaluation to memory with objective: 13.33, ConfigId: 6930281059360244174, EvalId: 31. Total evaluations stored: 31
[INFO]:[05:47:26] recordEvaluation produced_mip_start=0 mip_start_file=''
[DEBUG]:[05:47:26] Added evaluation to memory with objective: 13.33, ConfigId: 13047788410667133978, EvalId: 32. Total evaluations stored: 32
[INFO]:[05:47:26] recordEvaluation produced_mip_start=0 mip_start_file=''
[DEBUG]:[05:47:26] Added evaluation to memory with objective: 13.33, ConfigId: 15284427707581694545, EvalId: 33. Total evaluations stored: 33
[INFO]:[05:47:26] recordEvaluation produced_mip_start=0 mip_start_file=''
[DEBUG]:[05:47:26] Added evaluation to memory with objective: 13.33, ConfigId: 14017332285526529389, EvalId: 34. Total evaluations stored: 34
[INFO]:[05:47:26] recordEvaluation produced_mip_start=0 mip_start_file=''
[DEBUG]:[05:47:26] Added evaluation to memory with objective: 13.33, ConfigId: 8992366851564993255, EvalId: 35. Total evaluations stored: 35
[INFO]:[05:47:26] recordEvaluation produced_mip_start=0 mip_start_file=''
[DEBUG]:[05:47:26] Added evaluation to memory with objective: 13.33, ConfigId: 1551464501401407296, EvalId: 36. Total evaluations stored: 36
[INFO]:[05:47:26] recordEvaluation produced_mip_start=0 mip_start_file=''
[DEBUG]:[05:47:26] Added evaluation to memory with objective: 13.33, ConfigId: 13899754154347262677, EvalId: 37. Total evaluations stored: 37
[INFO]:[05:47:26] recordEvaluation produced_mip_start=0 mip_start_file=''
[DEBUG]:[05:47:26] Added evaluation to memory with objective: 13.33, ConfigId: 13263550457813163724, EvalId: 38. Total evaluations stored: 38
[INFO]:[05:47:26] recordEvaluation produced_mip_start=0 mip_start_file=''
[DEBUG]:[05:47:26] Added evaluation to memory with objective: 13.33, ConfigId: 1001723854992331493, EvalId: 39. Total evaluations stored: 39
[INFO]:[05:47:26] recordEvaluation produced_mip_start=0 mip_start_file=''
[DEBUG]:[05:47:26] Added evaluation to memory with objective: 13.33, ConfigId: 14090460623602201266, EvalId: 40. Total evaluations stored: 40
[INFO]:[05:47:26] recordEvaluation produced_mip_start=0 mip_start_file=''
[DEBUG]:[05:47:26] Added evaluation to memory with objective: 13.33, ConfigId: 11565733870633475223, EvalId: 41. Total evaluations stored: 41
[INFO]:[05:47:26] recordEvaluation produced_mip_start=0 mip_start_file=''
[DEBUG]:[05:47:26] Added evaluation to memory with objective: 13.33, ConfigId: 3047240023854879455, EvalId: 42. Total evaluations stored: 42
[INFO]:[05:47:26] recordEvaluation produced_mip_start=0 mip_start_file=''
[DEBUG]:[05:47:26] Added evaluation to memory with objective: 13.33, ConfigId: 9641707180327300050, EvalId: 43. Total evaluations stored: 43
[INFO]:[05:47:26] recordEvaluation produced_mip_start=0 mip_start_file=''
[DEBUG]:[05:47:26] Added evaluation to memory with objective: 13.34, ConfigId: 12108694376481573477, EvalId: 44. Total evaluations stored: 44
[INFO]:[05:47:26] recordEvaluation produced_mip_start=0 mip_start_file=''
[DEBUG]:[05:47:26] Added evaluation to memory with objective: 13.33, ConfigId: 16937172654021476732, EvalId: 45. Total evaluations stored: 45
[INFO]:[05:47:26] recordEvaluation produced_mip_start=0 mip_start_file=''
[DEBUG]:[05:47:26] Added evaluation to memory with objective: 55.98, ConfigId: 14341180535920591746, EvalId: 46. Total evaluations stored: 46
[INFO]:[05:47:26] recordEvaluation produced_mip_start=0 mip_start_file=''
[DEBUG]:[05:47:26] Added evaluation to memory with objective: 100, ConfigId: 3109891621838994360, EvalId: 47. Total evaluations stored: 47
[INFO]:[05:47:26] recordEvaluation produced_mip_start=0 mip_start_file=''
[DEBUG]:[05:47:26] Added evaluation to memory with objective: 100, ConfigId: 2569451750498737880, EvalId: 48. Total evaluations stored: 48
[INFO]:[05:47:26] recordEvaluation produced_mip_start=0 mip_start_file=''
[DEBUG]:[05:47:26] Added evaluation to memory with objective: 100, ConfigId: 7736098411992700685, EvalId: 49. Total evaluations stored: 49
[INFO]:[05:47:26] recordEvaluation produced_mip_start=0 mip_start_file=''
[DEBUG]:[05:47:26] Added evaluation to memory with objective: 100, ConfigId: 11843989031273290670, EvalId: 50. Total evaluations stored: 50
[INFO]:[05:47:26] recordEvaluation produced_mip_start=0 mip_start_file=''
[DEBUG]:[05:47:26] Added evaluation to memory with objective: 100, ConfigId: 18369925270861818861, EvalId: 51. Total evaluations stored: 51
[INFO]:[05:47:26] recordEvaluation produced_mip_start=0 mip_start_file=''
[DEBUG]:[05:47:26] Added evaluation to memory with objective: 100, ConfigId: 5377968383527283181, EvalId: 52. Total evaluations stored: 52
[INFO]:[05:47:26] recordEvaluation produced_mip_start=0 mip_start_file=''
[DEBUG]:[05:47:26] Added evaluation to memory with objective: 100, ConfigId: 8475507920462068904, EvalId: 53. Total evaluations stored: 53
[INFO]:[05:47:26] recordEvaluation produced_mip_start=0 mip_start_file=''
[DEBUG]:[05:47:26] Added evaluation to memory with objective: 100, ConfigId: 12882521786455347404, EvalId: 54. Total evaluations stored: 54
[INFO]:[05:47:26] recordEvaluation produced_mip_start=0 mip_start_file=''
[DEBUG]:[05:47:26] Added evaluation to memory with objective: 100, ConfigId: 17233156224535577650, EvalId: 55. Total evaluations stored: 55
[INFO]:[05:47:26] recordEvaluation produced_mip_start=0 mip_start_file=''
[DEBUG]:[05:47:26] Added evaluation to memory with objective: 13.33, ConfigId: 6287813252192329559, EvalId: 56. Total evaluations stored: 56
[INFO]:[05:47:26] recordEvaluation produced_mip_start=0 mip_start_file=''
[DEBUG]:[05:47:26] Added evaluation to memory with objective: 13.33, ConfigId: 5972469417856268555, EvalId: 57. Total evaluations stored: 57
[INFO]:[05:47:26] recordEvaluation produced_mip_start=0 mip_start_file=''
[DEBUG]:[05:47:26] Added evaluation to memory with objective: 13.33, ConfigId: 2604263150972199428, EvalId: 58. Total evaluations stored: 58
[INFO]:[05:47:26] recordEvaluation produced_mip_start=0 mip_start_file=''
[DEBUG]:[05:47:26] Added evaluation to memory with objective: 13.33, ConfigId: 1391347912786449055, EvalId: 59. Total evaluations stored: 59
[INFO]:[05:47:26] recordEvaluation produced_mip_start=0 mip_start_file=''
[DEBUG]:[05:47:26] Added evaluation to memory with objective: 13.33, ConfigId: 7728307229634558680, EvalId: 60. Total evaluations stored: 60
[INFO]:[05:47:26] recordEvaluation produced_mip_start=0 mip_start_file=''
[DEBUG]:[05:47:26] Added evaluation to memory with objective: 13.33, ConfigId: 7095403021502125729, EvalId: 61. Total evaluations stored: 61
[INFO]:[05:47:26] recordEvaluation produced_mip_start=0 mip_start_file=''
[DEBUG]:[05:47:26] Added evaluation to memory with objective: 13.33, ConfigId: 432768178543804373, EvalId: 62. Total evaluations stored: 62
[INFO]:[05:47:26] recordEvaluation produced_mip_start=0 mip_start_file=''
[DEBUG]:[05:47:26] Added evaluation to memory with objective: 13.33, ConfigId: 10896547894625158534, EvalId: 63. Total evaluations stored: 63
[INFO]:[05:47:26] recordEvaluation produced_mip_start=0 mip_start_file=''
[DEBUG]:[05:47:26] Added evaluation to memory with objective: 13.33, ConfigId: 13600768709920269430, EvalId: 64. Total evaluations stored: 64
[INFO]:[05:47:26] recordEvaluation produced_mip_start=0 mip_start_file=''
[DEBUG]:[05:47:26] Added evaluation to memory with objective: 13.33, ConfigId: 473860863516036815, EvalId: 65. Total evaluations stored: 65
[INFO]:[05:47:26] recordEvaluation produced_mip_start=0 mip_start_file=''
[DEBUG]:[05:47:26] Added evaluation to memory with objective: 13.33, ConfigId: 1987273959948423325, EvalId: 66. Total evaluations stored: 66
[INFO]:[05:47:26] recordEvaluation produced_mip_start=0 mip_start_file=''
[DEBUG]:[05:47:26] Added evaluation to memory with objective: 13.33, ConfigId: 2996920479893830994, EvalId: 67. Total evaluations stored: 67
[INFO]:[05:47:26] recordEvaluation produced_mip_start=0 mip_start_file=''
[DEBUG]:[05:47:26] Added evaluation to memory with objective: 13.33, ConfigId: 13349383405083365800, EvalId: 68. Total evaluations stored: 68
[INFO]:[05:47:26] recordEvaluation produced_mip_start=0 mip_start_file=''
[DEBUG]:[05:47:26] Added evaluation to memory with objective: 13.33, ConfigId: 11210814510595546179, EvalId: 69. Total evaluations stored: 69
[INFO]:[05:47:26] recordEvaluation produced_mip_start=0 mip_start_file=''
[DEBUG]:[05:47:26] Added evaluation to memory with objective: 13.33, ConfigId: 3654342396760057542, EvalId: 70. Total evaluations stored: 70
[INFO]:[05:47:26] recordEvaluation produced_mip_start=0 mip_start_file=''
[DEBUG]:[05:47:26] Added evaluation to memory with objective: 13.33, ConfigId: 5308066611411497574, EvalId: 71. Total evaluations stored: 71
[INFO]:[05:47:26] recordEvaluation produced_mip_start=0 mip_start_file=''
[DEBUG]:[05:47:26] Added evaluation to memory with objective: 13.33, ConfigId: 13196160443968053336, EvalId: 72. Total evaluations stored: 72
[INFO]:[05:47:26] recordEvaluation produced_mip_start=0 mip_start_file=''
[DEBUG]:[05:47:26] Added evaluation to memory with objective: 13.33, ConfigId: 13762638186684299506, EvalId: 73. Total evaluations stored: 73
[INFO]:[05:47:26] recordEvaluation produced_mip_start=0 mip_start_file=''
[DEBUG]:[05:47:26] Added evaluation to memory with objective: 13.5, ConfigId: 13939553670636144818, EvalId: 74. Total evaluations stored: 74
[INFO]:[05:47:26] recordEvaluation produced_mip_start=0 mip_start_file=''
[DEBUG]:[05:47:26] Added evaluation to memory with objective: 13.33, ConfigId: 8932302729705524920, EvalId: 75. Total evaluations stored: 75
[INFO]:[05:47:26] recordEvaluation produced_mip_start=0 mip_start_file=''
[DEBUG]:[05:47:26] Added evaluation to memory with objective: 13.33, ConfigId: 11447788816719046101, EvalId: 76. Total evaluations stored: 76
[INFO]:[05:47:26] recordEvaluation produced_mip_start=0 mip_start_file=''
[DEBUG]:[05:47:26] Added evaluation to memory with objective: 13.33, ConfigId: 4656341671857416946, EvalId: 77. Total evaluations stored: 77
[INFO]:[05:47:26] recordEvaluation produced_mip_start=0 mip_start_file=''
[DEBUG]:[05:47:26] Added evaluation to memory with objective: 13.33, ConfigId: 14778755709061746851, EvalId: 78. Total evaluations stored: 78
[INFO]:[05:47:26] Waiting for Expansion Workers via MPI...
[INFO]:[05:47:26] Expansion Workers have completed.
[INFO]:[05:47:26] Evaluated expansion parameters: 10
[INFO]:[05:47:26] Classifying expansion parameters...
[DEBUG]:[05:47:26] Parameter CPXPARAM_MIP_Strategy_Probe valid evaluations: 4, invalid evaluations: 0, c_p: 13.33, s_p: 50.0389, selected_stage_1: No, discarded_by_threshold: No
[DEBUG]:[05:47:26] Parameter CPXPARAM_MIP_Cuts_Covers valid evaluations: 4, invalid evaluations: 0, c_p: 13.33, s_p: 0, selected_stage_1: No, discarded_by_threshold: No
[DEBUG]:[05:47:26] Parameter CPXPARAM_MIP_Strategy_VariableSelect valid evaluations: 5, invalid evaluations: 0, c_p: 13.33, s_p: 0, selected_stage_1: No, discarded_by_threshold: No
[DEBUG]:[05:47:26] Parameter CPXPARAM_MIP_Strategy_NodeSelect valid evaluations: 3, invalid evaluations: 0, c_p: 13.33, s_p: 0, selected_stage_1: No, discarded_by_threshold: No
[DEBUG]:[05:47:26] Parameter CPXPARAM_MIP_Strategy_Dive valid evaluations: 3, invalid evaluations: 0, c_p: 13.33, s_p: 0, selected_stage_1: No, discarded_by_threshold: No
[DEBUG]:[05:47:26] Parameter CPXPARAM_MIP_Limits_ProbeTime valid evaluations: 12, invalid evaluations: 0, c_p: 13.33, s_p: 79.4436, selected_stage_1: No, discarded_by_threshold: No
[DEBUG]:[05:47:26] Parameter CPXPARAM_MIP_Strategy_RINSHeur valid evaluations: 8, invalid evaluations: 0, c_p: 13.33, s_p: 0, selected_stage_1: No, discarded_by_threshold: No
[DEBUG]:[05:47:26] Parameter CPXPARAM_MIP_Strategy_BBInterval valid evaluations: 8, invalid evaluations: 0, c_p: 13.33, s_p: 0, selected_stage_1: No, discarded_by_threshold: No
[DEBUG]:[05:47:26] Parameter CPXPARAM_MIP_Strategy_Branch valid evaluations: 2, invalid evaluations: 0, c_p: 13.33, s_p: 0, selected_stage_1: No, discarded_by_threshold: No
[DEBUG]:[05:47:26] Parameter CPXPARAM_MIP_Limits_CutsFactor valid evaluations: 5, invalid evaluations: 0, c_p: 13.33, s_p: 0.085, selected_stage_1: No, discarded_by_threshold: No
[DEBUG]:[05:47:26] Parameter CPXPARAM_MIP_Strategy_Probe is dominated by parameter CPXPARAM_MIP_Limits_ProbeTime.
[DEBUG]:[05:47:26] Parameter CPXPARAM_MIP_Cuts_Covers is dominated by parameter CPXPARAM_MIP_Strategy_Probe.
[DEBUG]:[05:47:26] Parameter CPXPARAM_MIP_Strategy_VariableSelect is dominated by parameter CPXPARAM_MIP_Strategy_Probe.
[DEBUG]:[05:47:26] Parameter CPXPARAM_MIP_Strategy_NodeSelect is dominated by parameter CPXPARAM_MIP_Strategy_Probe.
[DEBUG]:[05:47:26] Parameter CPXPARAM_MIP_Strategy_Dive is dominated by parameter CPXPARAM_MIP_Strategy_Probe.
[DEBUG]:[05:47:26] Parameter CPXPARAM_MIP_Strategy_RINSHeur is dominated by parameter CPXPARAM_MIP_Strategy_Probe.
[DEBUG]:[05:47:26] Parameter CPXPARAM_MIP_Strategy_BBInterval is dominated by parameter CPXPARAM_MIP_Strategy_Probe.
[DEBUG]:[05:47:26] Parameter CPXPARAM_MIP_Strategy_Branch is dominated by parameter CPXPARAM_MIP_Strategy_Probe.
[DEBUG]:[05:47:26] Parameter CPXPARAM_MIP_Limits_CutsFactor is dominated by parameter CPXPARAM_MIP_Strategy_Probe.
[DEBUG]:[05:47:26] Parameter CPXPARAM_MIP_Strategy_Probe metrics - c_p: 13.33, s_p: 50.0389, selected_stage_1: No, discarded_by_threshold: No, dominated: Yes
[DEBUG]:[05:47:26] Parameter CPXPARAM_MIP_Cuts_Covers metrics - c_p: 13.33, s_p: 0, selected_stage_1: No, discarded_by_threshold: No, dominated: Yes
[DEBUG]:[05:47:26] Parameter CPXPARAM_MIP_Strategy_VariableSelect metrics - c_p: 13.33, s_p: 0, selected_stage_1: No, discarded_by_threshold: No, dominated: Yes
[DEBUG]:[05:47:26] Parameter CPXPARAM_MIP_Strategy_NodeSelect metrics - c_p: 13.33, s_p: 0, selected_stage_1: No, discarded_by_threshold: No, dominated: Yes
[DEBUG]:[05:47:26] Parameter CPXPARAM_MIP_Strategy_Dive metrics - c_p: 13.33, s_p: 0, selected_stage_1: No, discarded_by_threshold: No, dominated: Yes
[DEBUG]:[05:47:26] Parameter CPXPARAM_MIP_Limits_ProbeTime metrics - c_p: 13.33, s_p: 79.4436, selected_stage_1: No, discarded_by_threshold: No, dominated: No
[DEBUG]:[05:47:26] Parameter CPXPARAM_MIP_Strategy_RINSHeur metrics - c_p: 13.33, s_p: 0, selected_stage_1: No, discarded_by_threshold: No, dominated: Yes
[DEBUG]:[05:47:26] Parameter CPXPARAM_MIP_Strategy_BBInterval metrics - c_p: 13.33, s_p: 0, selected_stage_1: No, discarded_by_threshold: No, dominated: Yes
[DEBUG]:[05:47:26] Parameter CPXPARAM_MIP_Strategy_Branch metrics - c_p: 13.33, s_p: 0, selected_stage_1: No, discarded_by_threshold: No, dominated: Yes
[DEBUG]:[05:47:26] Parameter CPXPARAM_MIP_Limits_CutsFactor metrics - c_p: 13.33, s_p: 0.085, selected_stage_1: No, discarded_by_threshold: No, dominated: Yes
[INFO]:[05:47:26] Updating parameter flags based on classification...
[INFO]:[05:47:26] Parameter CPXPARAM_MIP_Strategy_Probe discarded from tuning.
[INFO]:[05:47:26] Parameter CPXPARAM_MIP_Cuts_Covers discarded from tuning.
[INFO]:[05:47:26] Parameter CPXPARAM_MIP_Strategy_VariableSelect discarded from tuning.
[INFO]:[05:47:26] Parameter CPXPARAM_MIP_Strategy_NodeSelect discarded from tuning.
[INFO]:[05:47:26] Parameter CPXPARAM_MIP_Strategy_Dive discarded from tuning.
[INFO]:[05:47:26] Parameter CPXPARAM_MIP_Limits_ProbeTime selected for tuning.
[INFO]:[05:47:26] Parameter CPXPARAM_MIP_Strategy_RINSHeur discarded from tuning.
[INFO]:[05:47:26] Parameter CPXPARAM_MIP_Strategy_BBInterval discarded from tuning.
[INFO]:[05:47:26] Parameter CPXPARAM_MIP_Strategy_Branch discarded from tuning.
[INFO]:[05:47:26] Parameter CPXPARAM_MIP_Limits_CutsFactor discarded from tuning.
[DEBUG]:[05:47:26] Classified parameters at iteration 1 - To Select: 1, To Discard: 9
[DEBUG]:[05:47:26] Parameter: CPXPARAM_MIP_Strategy_Probe, To Select: No, To Discard: Yes
[DEBUG]:[05:47:26] Parameter: CPXPARAM_MIP_Cuts_Covers, To Select: No, To Discard: Yes
[DEBUG]:[05:47:26] Parameter: CPXPARAM_MIP_Strategy_VariableSelect, To Select: No, To Discard: Yes
[DEBUG]:[05:47:26] Parameter: CPXPARAM_MIP_Strategy_NodeSelect, To Select: No, To Discard: Yes
[DEBUG]:[05:47:26] Parameter: CPXPARAM_MIP_Strategy_Dive, To Select: No, To Discard: Yes
[DEBUG]:[05:47:26] Parameter: CPXPARAM_MIP_Limits_ProbeTime, To Select: Yes, To Discard: No
[DEBUG]:[05:47:26] Parameter: CPXPARAM_MIP_Strategy_RINSHeur, To Select: No, To Discard: Yes
[DEBUG]:[05:47:26] Parameter: CPXPARAM_MIP_Strategy_BBInterval, To Select: No, To Discard: Yes
[DEBUG]:[05:47:26] Parameter: CPXPARAM_MIP_Strategy_Branch, To Select: No, To Discard: Yes
[DEBUG]:[05:47:26] Parameter: CPXPARAM_MIP_Limits_CutsFactor, To Select: No, To Discard: Yes
[INFO]:[05:47:26] Added 54 evaluations to memory from expansion phase at iteration 1
[INFO]:[05:47:26] Expansion phase completed.
[INFO]:[05:47:26] Starting pruning phase...
[INFO]:[05:47:26] Writing learner file for pruning phase: /scratch/yorig/mpils-results-grid-ticks-10000-7may/medium-2/24proc-24pils/seed-5/9_supportcase6_seed-5_20260510_054653/pruning/input/learner_file_1.txt
[INFO]:[05:47:26] Learner file written successfully: /scratch/yorig/mpils-results-grid-ticks-10000-7may/medium-2/24proc-24pils/seed-5/9_supportcase6_seed-5_20260510_054653/pruning/input/learner_file_1.txt
[INFO]:[05:47:26] Extracting forbidden tuples from memory...
[INFO]:[05:47:26] Redirecting learner stdout/stderr to: /scratch/yorig/mpils-results-grid-ticks-10000-7may/medium-2/24proc-24pils/seed-5/9_supportcase6_seed-5_20260510_054653/pruning/learner_iteration_1.log
[INFO]:[05:47:26] Forbidden tuples extracted: 18
[INFO]:[05:47:26] Applying pruning with 18 forbidden tuples...
[DEBUG]:[05:47:26] Adding forbidden value from single-element tuple: CPXPARAM_Emphasis_MIP=1
[DEBUG]:[05:47:26] Adding forbidden value from single-element tuple: CPXPARAM_Emphasis_MIP=2
[DEBUG]:[05:47:26] Adding forbidden value from single-element tuple: CPXPARAM_Emphasis_MIP=3
[DEBUG]:[05:47:26] Adding forbidden value from single-element tuple: CPXPARAM_Emphasis_MIP=4
[DEBUG]:[05:47:26] Adding forbidden value from single-element tuple: CPXPARAM_Emphasis_MIP=5
[DEBUG]:[05:47:26] Adding forbidden value from single-element tuple: CPXPARAM_MIP_Limits_ProbeTime=5
[DEBUG]:[05:47:26] Adding forbidden value from single-element tuple: CPXPARAM_MIP_Limits_ProbeTime=10
[DEBUG]:[05:47:26] Adding forbidden value from single-element tuple: CPXPARAM_MIP_Limits_ProbeTime=20
[DEBUG]:[05:47:26] Adding forbidden value from single-element tuple: CPXPARAM_MIP_Limits_ProbeTime=30
[DEBUG]:[05:47:26] Adding forbidden value from single-element tuple: CPXPARAM_MIP_Limits_ProbeTime=40
[DEBUG]:[05:47:26] Adding forbidden value from single-element tuple: CPXPARAM_MIP_Limits_ProbeTime=50
[DEBUG]:[05:47:26] Adding forbidden value from single-element tuple: CPXPARAM_MIP_Limits_ProbeTime=60
[DEBUG]:[05:47:26] Adding forbidden value from single-element tuple: CPXPARAM_MIP_Limits_ProbeTime=120
[DEBUG]:[05:47:26] Adding forbidden value from single-element tuple: CPXPARAM_MIP_Limits_ProbeTime=240
[DEBUG]:[05:47:26] Adding forbidden value from single-element tuple: CPXPARAM_MIP_Limits_ProbeTime=-2147483648
[DEBUG]:[05:47:26] Adding forbidden tuple of size 2: 
[DEBUG]:[05:47:26]   CPXPARAM_Emphasis_MIP=1
[DEBUG]:[05:47:26]   CPXPARAM_MIP_Limits_ProbeTime=1
[DEBUG]:[05:47:26] Adding forbidden tuple of size 2: 
[DEBUG]:[05:47:26]   CPXPARAM_Emphasis_MIP=2
[DEBUG]:[05:47:26]   CPXPARAM_MIP_Limits_ProbeTime=1
[DEBUG]:[05:47:26] Adding forbidden tuple of size 2: 
[DEBUG]:[05:47:26]   CPXPARAM_Emphasis_MIP=3
[DEBUG]:[05:47:26]   CPXPARAM_MIP_Limits_ProbeTime=1
[INFO]:[05:47:26] Pruning applied successfully.
[INFO]:[05:47:26] Pruning phase completed.
[INFO]:[05:47:26] Completed iteration 1
[INFO]:[05:47:26] Starting iteration 2
[INFO]:[05:47:26] Starting exploration phase...
[INFO]:[05:47:26] Selecting number of evaluations for tuning phase...
[INFO]:[05:47:26] Selecting initial configurations for tuning phase...
[INFO]:[05:47:26] Using worker 0 best exploration configuration without MIP start as master ILS initial configuration.
[INFO]:[05:47:26] Worker 1 global-best exploration initial configuration matches master; using a random diversified initial configuration.
[INFO]:[05:47:26] Number of evaluations for this tuning phase: 5
[INFO]:[05:47:26] ILS shared cache is disabled for this exploration phase.
[INFO]:[05:47:26] Local search backend for this exploration phase: iterated_local_search
[INFO]:[05:47:26] Running IteratedLocalSearch Engine...
[INFO]:[05:47:26] Mip start is disabled for this iteration.
[INFO]:[05:47:26] Writing ILS search space file for worker 0...
[INFO]:[05:47:26] Warning: Initial value for parameter CPXPARAM_Emphasis_MIP is forbidden. So unforbidden it for the ILS initial configuration at iteration 2.
[INFO]:[05:47:26] ILS search space file written: /scratch/yorig/mpils-results-grid-ticks-10000-7may/medium-2/24proc-24pils/seed-5/9_supportcase6_seed-5_20260510_054653/iterated_local_search/search_space/search_space_file_2.txt
[INFO]:[05:47:26] Writing ILS search space file for worker 1...
[INFO]:[05:47:26] Warning: Initial value for parameter CPXPARAM_Emphasis_MIP is forbidden. So unforbidden it for the ILS initial configuration at iteration 2.
[INFO]:[05:47:26] Warning: Initial value for parameter CPXPARAM_MIP_Limits_ProbeTime is forbidden. So unforbidden it for the ILS initial configuration at iteration 2.
[INFO]:[05:47:26] ILS search space file written: /scratch/yorig/mpils-results-grid-ticks-10000-7may/medium-2/24proc-24pils/seed-5/9_supportcase6_seed-5_20260510_054653/iterated_local_search/search_space/search_space_file_2_worker_1.txt
[INFO]:[05:47:26] Writing ILS search space file for worker 2...
[INFO]:[05:47:26] Warning: Initial value for parameter CPXPARAM_Emphasis_MIP is forbidden. So unforbidden it for the ILS initial configuration at iteration 2.
[INFO]:[05:47:26] Warning: Initial value for parameter CPXPARAM_MIP_Limits_ProbeTime is forbidden. So unforbidden it for the ILS initial configuration at iteration 2.
[INFO]:[05:47:26] ILS search space file written: /scratch/yorig/mpils-results-grid-ticks-10000-7may/medium-2/24proc-24pils/seed-5/9_supportcase6_seed-5_20260510_054653/iterated_local_search/search_space/search_space_file_2_worker_2.txt
[INFO]:[05:47:26] Writing ILS search space file for worker 3...
[INFO]:[05:47:26] Warning: Initial value for parameter CPXPARAM_MIP_Limits_ProbeTime is forbidden. So unforbidden it for the ILS initial configuration at iteration 2.
[INFO]:[05:47:26] ILS search space file written: /scratch/yorig/mpils-results-grid-ticks-10000-7may/medium-2/24proc-24pils/seed-5/9_supportcase6_seed-5_20260510_054653/iterated_local_search/search_space/search_space_file_2_worker_3.txt
[INFO]:[05:47:26] Writing ILS search space file for worker 4...
[INFO]:[05:47:26] Warning: Initial value for parameter CPXPARAM_Emphasis_MIP is forbidden. So unforbidden it for the ILS initial configuration at iteration 2.
[INFO]:[05:47:26] Warning: Initial value for parameter CPXPARAM_MIP_Limits_ProbeTime is forbidden. So unforbidden it for the ILS initial configuration at iteration 2.
[INFO]:[05:47:26] ILS search space file written: /scratch/yorig/mpils-results-grid-ticks-10000-7may/medium-2/24proc-24pils/seed-5/9_supportcase6_seed-5_20260510_054653/iterated_local_search/search_space/search_space_file_2_worker_4.txt
[INFO]:[05:47:26] Writing ILS search space file for worker 5...
[INFO]:[05:47:26] Warning: Initial value for parameter CPXPARAM_Emphasis_MIP is forbidden. So unforbidden it for the ILS initial configuration at iteration 2.
[INFO]:[05:47:26] Warning: Initial value for parameter CPXPARAM_MIP_Limits_ProbeTime is forbidden. So unforbidden it for the ILS initial configuration at iteration 2.
[INFO]:[05:47:26] ILS search space file written: /scratch/yorig/mpils-results-grid-ticks-10000-7may/medium-2/24proc-24pils/seed-5/9_supportcase6_seed-5_20260510_054653/iterated_local_search/search_space/search_space_file_2_worker_5.txt
[INFO]:[05:47:26] Writing ILS search space file for worker 6...
[INFO]:[05:47:26] ILS search space file written: /scratch/yorig/mpils-results-grid-ticks-10000-7may/medium-2/24proc-24pils/seed-5/9_supportcase6_seed-5_20260510_054653/iterated_local_search/search_space/search_space_file_2_worker_6.txt
[INFO]:[05:47:26] Writing ILS search space file for worker 7...
[INFO]:[05:47:26] Warning: Initial value for parameter CPXPARAM_Emphasis_MIP is forbidden. So unforbidden it for the ILS initial configuration at iteration 2.
[INFO]:[05:47:26] Warning: Initial value for parameter CPXPARAM_MIP_Limits_ProbeTime is forbidden. So unforbidden it for the ILS initial configuration at iteration 2.
[INFO]:[05:47:26] ILS search space file written: /scratch/yorig/mpils-results-grid-ticks-10000-7may/medium-2/24proc-24pils/seed-5/9_supportcase6_seed-5_20260510_054653/iterated_local_search/search_space/search_space_file_2_worker_7.txt
[INFO]:[05:47:26] Writing ILS search space file for worker 8...
[INFO]:[05:47:26] Warning: Initial value for parameter CPXPARAM_Emphasis_MIP is forbidden. So unforbidden it for the ILS initial configuration at iteration 2.
[INFO]:[05:47:26] Warning: Initial value for parameter CPXPARAM_MIP_Limits_ProbeTime is forbidden. So unforbidden it for the ILS initial configuration at iteration 2.
[INFO]:[05:47:26] ILS search space file written: /scratch/yorig/mpils-results-grid-ticks-10000-7may/medium-2/24proc-24pils/seed-5/9_supportcase6_seed-5_20260510_054653/iterated_local_search/search_space/search_space_file_2_worker_8.txt
[INFO]:[05:47:26] Writing ILS search space file for worker 9...
[INFO]:[05:47:26] Warning: Initial value for parameter CPXPARAM_Emphasis_MIP is forbidden. So unforbidden it for the ILS initial configuration at iteration 2.
[INFO]:[05:47:26] ILS search space file written: /scratch/yorig/mpils-results-grid-ticks-10000-7may/medium-2/24proc-24pils/seed-5/9_supportcase6_seed-5_20260510_054653/iterated_local_search/search_space/search_space_file_2_worker_9.txt
[INFO]:[05:47:26] Writing ILS search space file for worker 10...
[INFO]:[05:47:26] Warning: Initial value for parameter CPXPARAM_Emphasis_MIP is forbidden. So unforbidden it for the ILS initial configuration at iteration 2.
[INFO]:[05:47:26] ILS search space file written: /scratch/yorig/mpils-results-grid-ticks-10000-7may/medium-2/24proc-24pils/seed-5/9_supportcase6_seed-5_20260510_054653/iterated_local_search/search_space/search_space_file_2_worker_10.txt
[INFO]:[05:47:26] Writing ILS search space file for worker 11...
[INFO]:[05:47:26] Warning: Initial value for parameter CPXPARAM_Emphasis_MIP is forbidden. So unforbidden it for the ILS initial configuration at iteration 2.
[INFO]:[05:47:26] Warning: Initial value for parameter CPXPARAM_MIP_Limits_ProbeTime is forbidden. So unforbidden it for the ILS initial configuration at iteration 2.
[INFO]:[05:47:26] ILS search space file written: /scratch/yorig/mpils-results-grid-ticks-10000-7may/medium-2/24proc-24pils/seed-5/9_supportcase6_seed-5_20260510_054653/iterated_local_search/search_space/search_space_file_2_worker_11.txt
[INFO]:[05:47:26] Writing ILS search space file for worker 12...
[INFO]:[05:47:26] Warning: Initial value for parameter CPXPARAM_Emphasis_MIP is forbidden. So unforbidden it for the ILS initial configuration at iteration 2.
[INFO]:[05:47:26] ILS search space file written: /scratch/yorig/mpils-results-grid-ticks-10000-7may/medium-2/24proc-24pils/seed-5/9_supportcase6_seed-5_20260510_054653/iterated_local_search/search_space/search_space_file_2_worker_12.txt
[INFO]:[05:47:26] Writing ILS search space file for worker 13...
[INFO]:[05:47:26] Warning: Initial value for parameter CPXPARAM_Emphasis_MIP is forbidden. So unforbidden it for the ILS initial configuration at iteration 2.
[INFO]:[05:47:26] Warning: Initial value for parameter CPXPARAM_MIP_Limits_ProbeTime is forbidden. So unforbidden it for the ILS initial configuration at iteration 2.
[INFO]:[05:47:26] ILS search space file written: /scratch/yorig/mpils-results-grid-ticks-10000-7may/medium-2/24proc-24pils/seed-5/9_supportcase6_seed-5_20260510_054653/iterated_local_search/search_space/search_space_file_2_worker_13.txt
[INFO]:[05:47:26] Writing ILS search space file for worker 14...
[INFO]:[05:47:26] Warning: Initial value for parameter CPXPARAM_Emphasis_MIP is forbidden. So unforbidden it for the ILS initial configuration at iteration 2.
[INFO]:[05:47:26] Warning: Initial value for parameter CPXPARAM_MIP_Limits_ProbeTime is forbidden. So unforbidden it for the ILS initial configuration at iteration 2.
[INFO]:[05:47:26] ILS search space file written: /scratch/yorig/mpils-results-grid-ticks-10000-7may/medium-2/24proc-24pils/seed-5/9_supportcase6_seed-5_20260510_054653/iterated_local_search/search_space/search_space_file_2_worker_14.txt
[INFO]:[05:47:26] Writing ILS search space file for worker 15...
[INFO]:[05:47:26] Warning: Initial value for parameter CPXPARAM_MIP_Limits_ProbeTime is forbidden. So unforbidden it for the ILS initial configuration at iteration 2.
[INFO]:[05:47:26] ILS search space file written: /scratch/yorig/mpils-results-grid-ticks-10000-7may/medium-2/24proc-24pils/seed-5/9_supportcase6_seed-5_20260510_054653/iterated_local_search/search_space/search_space_file_2_worker_15.txt
[INFO]:[05:47:26] Writing ILS search space file for worker 16...
[INFO]:[05:47:26] Warning: Initial value for parameter CPXPARAM_Emphasis_MIP is forbidden. So unforbidden it for the ILS initial configuration at iteration 2.
[INFO]:[05:47:26] Warning: Initial value for parameter CPXPARAM_MIP_Limits_ProbeTime is forbidden. So unforbidden it for the ILS initial configuration at iteration 2.
[INFO]:[05:47:26] ILS search space file written: /scratch/yorig/mpils-results-grid-ticks-10000-7may/medium-2/24proc-24pils/seed-5/9_supportcase6_seed-5_20260510_054653/iterated_local_search/search_space/search_space_file_2_worker_16.txt
[INFO]:[05:47:26] Writing ILS search space file for worker 17...
[INFO]:[05:47:26] Warning: Initial value for parameter CPXPARAM_Emphasis_MIP is forbidden. So unforbidden it for the ILS initial configuration at iteration 2.
[INFO]:[05:47:26] ILS search space file written: /scratch/yorig/mpils-results-grid-ticks-10000-7may/medium-2/24proc-24pils/seed-5/9_supportcase6_seed-5_20260510_054653/iterated_local_search/search_space/search_space_file_2_worker_17.txt
[INFO]:[05:47:26] Writing ILS search space file for worker 18...
[INFO]:[05:47:26] Warning: Initial value for parameter CPXPARAM_Emphasis_MIP is forbidden. So unforbidden it for the ILS initial configuration at iteration 2.
[INFO]:[05:47:26] Warning: Initial value for parameter CPXPARAM_MIP_Limits_ProbeTime is forbidden. So unforbidden it for the ILS initial configuration at iteration 2.
[INFO]:[05:47:26] ILS search space file written: /scratch/yorig/mpils-results-grid-ticks-10000-7may/medium-2/24proc-24pils/seed-5/9_supportcase6_seed-5_20260510_054653/iterated_local_search/search_space/search_space_file_2_worker_18.txt
[INFO]:[05:47:26] Writing ILS search space file for worker 19...
[INFO]:[05:47:26] Warning: Initial value for parameter CPXPARAM_Emphasis_MIP is forbidden. So unforbidden it for the ILS initial configuration at iteration 2.
[INFO]:[05:47:26] ILS search space file written: /scratch/yorig/mpils-results-grid-ticks-10000-7may/medium-2/24proc-24pils/seed-5/9_supportcase6_seed-5_20260510_054653/iterated_local_search/search_space/search_space_file_2_worker_19.txt
[INFO]:[05:47:26] Writing ILS search space file for worker 20...
[INFO]:[05:47:26] Warning: Initial value for parameter CPXPARAM_Emphasis_MIP is forbidden. So unforbidden it for the ILS initial configuration at iteration 2.
[INFO]:[05:47:26] Warning: Initial value for parameter CPXPARAM_MIP_Limits_ProbeTime is forbidden. So unforbidden it for the ILS initial configuration at iteration 2.
[INFO]:[05:47:26] ILS search space file written: /scratch/yorig/mpils-results-grid-ticks-10000-7may/medium-2/24proc-24pils/seed-5/9_supportcase6_seed-5_20260510_054653/iterated_local_search/search_space/search_space_file_2_worker_20.txt
[INFO]:[05:47:26] Writing ILS search space file for worker 21...
[INFO]:[05:47:26] Warning: Initial value for parameter CPXPARAM_Emphasis_MIP is forbidden. So unforbidden it for the ILS initial configuration at iteration 2.
[INFO]:[05:47:26] Warning: Initial value for parameter CPXPARAM_MIP_Limits_ProbeTime is forbidden. So unforbidden it for the ILS initial configuration at iteration 2.
[INFO]:[05:47:26] ILS search space file written: /scratch/yorig/mpils-results-grid-ticks-10000-7may/medium-2/24proc-24pils/seed-5/9_supportcase6_seed-5_20260510_054653/iterated_local_search/search_space/search_space_file_2_worker_21.txt
[INFO]:[05:47:26] Writing ILS search space file for worker 22...
[INFO]:[05:47:26] Warning: Initial value for parameter CPXPARAM_MIP_Limits_ProbeTime is forbidden. So unforbidden it for the ILS initial configuration at iteration 2.
[INFO]:[05:47:26] ILS search space file written: /scratch/yorig/mpils-results-grid-ticks-10000-7may/medium-2/24proc-24pils/seed-5/9_supportcase6_seed-5_20260510_054653/iterated_local_search/search_space/search_space_file_2_worker_22.txt
[INFO]:[05:47:26] Writing ILS search space file for worker 23...
[INFO]:[05:47:26] Warning: Initial value for parameter CPXPARAM_Emphasis_MIP is forbidden. So unforbidden it for the ILS initial configuration at iteration 2.
[INFO]:[05:47:26] Warning: Initial value for parameter CPXPARAM_MIP_Limits_ProbeTime is forbidden. So unforbidden it for the ILS initial configuration at iteration 2.
[INFO]:[05:47:26] ILS search space file written: /scratch/yorig/mpils-results-grid-ticks-10000-7may/medium-2/24proc-24pils/seed-5/9_supportcase6_seed-5_20260510_054653/iterated_local_search/search_space/search_space_file_2_worker_23.txt
[INFO]:[05:47:26] Launching Local Search Workers via MPI...
[INFO]:[05:47:26] Local Search Workers launched.
[INFO]:[05:47:26] Starting local search phase...
[INFO]:[05:47:26] Creating local search space from parameter space file: /scratch/yorig/mpils-results-grid-ticks-10000-7may/medium-2/24proc-24pils/seed-5/9_supportcase6_seed-5_20260510_054653/iterated_local_search/search_space/search_space_file_2.txt
[INFO]:[05:47:26] Local search space loaded from file: /scratch/yorig/mpils-results-grid-ticks-10000-7may/medium-2/24proc-24pils/seed-5/9_supportcase6_seed-5_20260510_054653/iterated_local_search/search_space/search_space_file_2.txt
[INFO]:[05:47:26] Number of parameters in local search space: 71
[INFO]:[05:47:26] Number of forbidden tuples in local search space: 3
[INFO]:[05:47:26] Number of conditionals in local search space: 6
[INFO]:[05:47:26] MIP start option not enabled. Local search will proceed without MIP start.
[INFO]:[05:47:26] Seeded initial configuration into local search cache with known objective value: 13.33
[INFO]:[05:47:26] Starting CPLEX solver on instance: /home/yorig/tuner/mpils-tests/instances/miplib/medium-2/supportcase6.mps with config: /scratch/yorig/mpils-results-grid-ticks-10000-7may/medium-2/24proc-24pils/seed-5/9_supportcase6_seed-5_20260510_054653/iterated_local_search/run_2_worker_0/ils_config_17915298526350498775.prm
[INFO]:[05:47:26] Starting CPLEX solver on instance: /home/yorig/tuner/mpils-tests/instances/miplib/medium-2/supportcase6.mps with config: /scratch/yorig/mpils-results-grid-ticks-10000-7may/medium-2/24proc-24pils/seed-5/9_supportcase6_seed-5_20260510_054653/iterated_local_search/run_2_worker_0/ils_config_17915298526350498775.prm
[INFO]:[05:47:32] CPLEX results. Gap: 13.330000, upper bound: 52112.367686, lower bound: 45165.579073
[INFO]:[05:47:32] CPLEX solver finished. Gap: 13.330000
[INFO]:[05:47:32] Local search phase completed.
[INFO]:[05:47:32] Total number of new local-search evaluations: 24
[INFO]:[05:47:32] Final incumbent objective value: 13.33
[INFO]:[05:47:32] recordEvaluation produced_mip_start=0 mip_start_file=''
[DEBUG]:[05:47:32] Added evaluation to memory with objective: 13.33, ConfigId: 17915298526350498775, EvalId: 79. Total evaluations stored: 79
[INFO]:[05:47:32] recordEvaluation produced_mip_start=0 mip_start_file=''
[DEBUG]:[05:47:32] Added evaluation to memory with objective: 37.64, ConfigId: 2121738315727183188, EvalId: 80. Total evaluations stored: 80
[INFO]:[05:47:32] recordEvaluation produced_mip_start=0 mip_start_file=''
[DEBUG]:[05:47:32] Added evaluation to memory with objective: 55.98, ConfigId: 14341180535920591746, EvalId: 81. Total evaluations stored: 81
[INFO]:[05:47:32] recordEvaluation produced_mip_start=0 mip_start_file=''
[DEBUG]:[05:47:32] Added evaluation to memory with objective: 13.33, ConfigId: 3464611954137007669, EvalId: 82. Total evaluations stored: 82
[INFO]:[05:47:32] recordEvaluation produced_mip_start=0 mip_start_file=''
[DEBUG]:[05:47:32] Added evaluation to memory with objective: 13.34, ConfigId: 12108694376481573477, EvalId: 83. Total evaluations stored: 83
[INFO]:[05:47:32] recordEvaluation produced_mip_start=0 mip_start_file=''
[DEBUG]:[05:47:32] Added evaluation to memory with objective: 13.33, ConfigId: 2170495420145092781, EvalId: 84. Total evaluations stored: 84
[INFO]:[05:47:32] recordEvaluation produced_mip_start=0 mip_start_file=''
[DEBUG]:[05:47:32] Added evaluation to memory with objective: 13.33, ConfigId: 2954578174769231733, EvalId: 85. Total evaluations stored: 85
[INFO]:[05:47:32] recordEvaluation produced_mip_start=0 mip_start_file=''
[DEBUG]:[05:47:32] Added evaluation to memory with objective: 55.98, ConfigId: 927790723141270641, EvalId: 86. Total evaluations stored: 86
[INFO]:[05:47:32] recordEvaluation produced_mip_start=0 mip_start_file=''
[DEBUG]:[05:47:32] Added evaluation to memory with objective: 13.33, ConfigId: 17516030415817924860, EvalId: 87. Total evaluations stored: 87
[INFO]:[05:47:32] recordEvaluation produced_mip_start=0 mip_start_file=''
[DEBUG]:[05:47:32] Added evaluation to memory with objective: 13.33, ConfigId: 14537623777442270494, EvalId: 88. Total evaluations stored: 88
[INFO]:[05:47:32] recordEvaluation produced_mip_start=0 mip_start_file=''
[DEBUG]:[05:47:32] Added evaluation to memory with objective: 13.33, ConfigId: 17714426819797085954, EvalId: 89. Total evaluations stored: 89
[INFO]:[05:47:32] recordEvaluation produced_mip_start=0 mip_start_file=''
[DEBUG]:[05:47:32] Added evaluation to memory with objective: 13.33, ConfigId: 10364532796683009018, EvalId: 90. Total evaluations stored: 90
[INFO]:[05:47:32] recordEvaluation produced_mip_start=0 mip_start_file=''
[DEBUG]:[05:47:32] Added evaluation to memory with objective: 13.33, ConfigId: 4951045970019765011, EvalId: 91. Total evaluations stored: 91
[INFO]:[05:47:32] recordEvaluation produced_mip_start=0 mip_start_file=''
[DEBUG]:[05:47:32] Added evaluation to memory with objective: 13.33, ConfigId: 16262549082695527962, EvalId: 92. Total evaluations stored: 92
[INFO]:[05:47:32] recordEvaluation produced_mip_start=0 mip_start_file=''
[DEBUG]:[05:47:32] Added evaluation to memory with objective: 55.98, ConfigId: 15153585002343559089, EvalId: 93. Total evaluations stored: 93
[INFO]:[05:47:32] recordEvaluation produced_mip_start=0 mip_start_file=''
[DEBUG]:[05:47:32] Added evaluation to memory with objective: 13.33, ConfigId: 14260343337239193743, EvalId: 94. Total evaluations stored: 94
[INFO]:[05:47:32] recordEvaluation produced_mip_start=0 mip_start_file=''
[DEBUG]:[05:47:32] Added evaluation to memory with objective: 13.33, ConfigId: 5330358807220410413, EvalId: 95. Total evaluations stored: 95
[INFO]:[05:47:32] recordEvaluation produced_mip_start=0 mip_start_file=''
[DEBUG]:[05:47:32] Added evaluation to memory with objective: 13.33, ConfigId: 1775342314994906088, EvalId: 96. Total evaluations stored: 96
[INFO]:[05:47:32] recordEvaluation produced_mip_start=0 mip_start_file=''
[DEBUG]:[05:47:32] Added evaluation to memory with objective: 55.98, ConfigId: 13464509184096325052, EvalId: 97. Total evaluations stored: 97
[INFO]:[05:47:32] recordEvaluation produced_mip_start=0 mip_start_file=''
[DEBUG]:[05:47:32] Added evaluation to memory with objective: 13.33, ConfigId: 17481810115450056255, EvalId: 98. Total evaluations stored: 98
[INFO]:[05:47:32] recordEvaluation produced_mip_start=0 mip_start_file=''
[DEBUG]:[05:47:32] Added evaluation to memory with objective: 13.33, ConfigId: 7752555241941952730, EvalId: 99. Total evaluations stored: 99
[INFO]:[05:47:32] recordEvaluation produced_mip_start=0 mip_start_file=''
[DEBUG]:[05:47:32] Added evaluation to memory with objective: 13.33, ConfigId: 12287510286272910938, EvalId: 100. Total evaluations stored: 100
[INFO]:[05:47:32] recordEvaluation produced_mip_start=0 mip_start_file=''
[DEBUG]:[05:47:32] Added evaluation to memory with objective: 13.33, ConfigId: 11675863822525916300, EvalId: 101. Total evaluations stored: 101
[INFO]:[05:47:32] recordEvaluation produced_mip_start=0 mip_start_file=''
[DEBUG]:[05:47:32] Added evaluation to memory with objective: 13.33, ConfigId: 16937172654021476732, EvalId: 102. Total evaluations stored: 102
[INFO]:[05:47:32] Waiting for Local Search Workers via MPI...
[INFO]:[05:47:32] Local Search Workers have completed.
[INFO]:[05:47:32] IteratedLocalSearch Engine completed.
[INFO]:[05:47:32] Added24 evaluations to memory from exploration phase at iteration 2
[INFO]:[05:47:32] Exploration phase completed.
[INFO]:[05:47:32] Starting expansion phase...
[INFO]:[05:47:32] Selecting parameters for expansion phase...
[INFO]:[05:47:32] Selected expansion parameters: 10
[INFO]:[05:47:32] Creating configuration files for expansion parameters...
[INFO]:[05:47:32] Creating configurations for parameter: CPXPARAM_MIP_Strategy_PresolveNode
[DEBUG]:[05:47:32] Parameter CPXPARAM_MIP_Strategy_PresolveNode will be evaluated on 4 alternative value(s) after excluding the current base configuration value.
[DEBUG]:[05:47:32] Created configuration file for parameter CPXPARAM_MIP_Strategy_PresolveNode with value -1 at /scratch/yorig/mpils-results-grid-ticks-10000-7may/medium-2/24proc-24pils/seed-5/9_supportcase6_seed-5_20260510_054653/expansion/config_param_CPXPARAM_MIP_Strategy_PresolveNode_-1_iter_2.prm
[DEBUG]:[05:47:32] Created configuration file for parameter CPXPARAM_MIP_Strategy_PresolveNode with value 1 at /scratch/yorig/mpils-results-grid-ticks-10000-7may/medium-2/24proc-24pils/seed-5/9_supportcase6_seed-5_20260510_054653/expansion/config_param_CPXPARAM_MIP_Strategy_PresolveNode_1_iter_2.prm
[DEBUG]:[05:47:32] Created configuration file for parameter CPXPARAM_MIP_Strategy_PresolveNode with value 2 at /scratch/yorig/mpils-results-grid-ticks-10000-7may/medium-2/24proc-24pils/seed-5/9_supportcase6_seed-5_20260510_054653/expansion/config_param_CPXPARAM_MIP_Strategy_PresolveNode_2_iter_2.prm
[DEBUG]:[05:47:32] Created configuration file for parameter CPXPARAM_MIP_Strategy_PresolveNode with value 3 at /scratch/yorig/mpils-results-grid-ticks-10000-7may/medium-2/24proc-24pils/seed-5/9_supportcase6_seed-5_20260510_054653/expansion/config_param_CPXPARAM_MIP_Strategy_PresolveNode_3_iter_2.prm
[INFO]:[05:47:32] Creating configurations for parameter: CPXPARAM_MIP_Strategy_Order
[DEBUG]:[05:47:32] Parameter CPXPARAM_MIP_Strategy_Order will be evaluated on 1 alternative value(s) after excluding the current base configuration value.
[DEBUG]:[05:47:32] Created configuration file for parameter CPXPARAM_MIP_Strategy_Order with value 0 at /scratch/yorig/mpils-results-grid-ticks-10000-7may/medium-2/24proc-24pils/seed-5/9_supportcase6_seed-5_20260510_054653/expansion/config_param_CPXPARAM_MIP_Strategy_Order_0_iter_2.prm
[INFO]:[05:47:32] Creating configurations for parameter: CPXPARAM_Preprocessing_Presolve
[DEBUG]:[05:47:32] Parameter CPXPARAM_Preprocessing_Presolve will be evaluated on 1 alternative value(s) after excluding the current base configuration value.
[DEBUG]:[05:47:32] Created configuration file for parameter CPXPARAM_Preprocessing_Presolve with value 0 at /scratch/yorig/mpils-results-grid-ticks-10000-7may/medium-2/24proc-24pils/seed-5/9_supportcase6_seed-5_20260510_054653/expansion/config_param_CPXPARAM_Preprocessing_Presolve_0_iter_2.prm
[INFO]:[05:47:32] Creating configurations for parameter: CPXPARAM_Preprocessing_Symmetry
[DEBUG]:[05:47:32] Parameter CPXPARAM_Preprocessing_Symmetry will be evaluated on 6 alternative value(s) after excluding the current base configuration value.
[DEBUG]:[05:47:32] Created configuration file for parameter CPXPARAM_Preprocessing_Symmetry with value 0 at /scratch/yorig/mpils-results-grid-ticks-10000-7may/medium-2/24proc-24pils/seed-5/9_supportcase6_seed-5_20260510_054653/expansion/config_param_CPXPARAM_Preprocessing_Symmetry_0_iter_2.prm
[DEBUG]:[05:47:32] Created configuration file for parameter CPXPARAM_Preprocessing_Symmetry with value 1 at /scratch/yorig/mpils-results-grid-ticks-10000-7may/medium-2/24proc-24pils/seed-5/9_supportcase6_seed-5_20260510_054653/expansion/config_param_CPXPARAM_Preprocessing_Symmetry_1_iter_2.prm
[DEBUG]:[05:47:32] Created configuration file for parameter CPXPARAM_Preprocessing_Symmetry with value 2 at /scratch/yorig/mpils-results-grid-ticks-10000-7may/medium-2/24proc-24pils/seed-5/9_supportcase6_seed-5_20260510_054653/expansion/config_param_CPXPARAM_Preprocessing_Symmetry_2_iter_2.prm
[DEBUG]:[05:47:32] Created configuration file for parameter CPXPARAM_Preprocessing_Symmetry with value 3 at /scratch/yorig/mpils-results-grid-ticks-10000-7may/medium-2/24proc-24pils/seed-5/9_supportcase6_seed-5_20260510_054653/expansion/config_param_CPXPARAM_Preprocessing_Symmetry_3_iter_2.prm
[DEBUG]:[05:47:32] Created configuration file for parameter CPXPARAM_Preprocessing_Symmetry with value 4 at /scratch/yorig/mpils-results-grid-ticks-10000-7may/medium-2/24proc-24pils/seed-5/9_supportcase6_seed-5_20260510_054653/expansion/config_param_CPXPARAM_Preprocessing_Symmetry_4_iter_2.prm
[DEBUG]:[05:47:32] Created configuration file for parameter CPXPARAM_Preprocessing_Symmetry with value 5 at /scratch/yorig/mpils-results-grid-ticks-10000-7may/medium-2/24proc-24pils/seed-5/9_supportcase6_seed-5_20260510_054653/expansion/config_param_CPXPARAM_Preprocessing_Symmetry_5_iter_2.prm
[INFO]:[05:47:32] Creating configurations for parameter: CPXPARAM_Preprocessing_Dual
[DEBUG]:[05:47:32] Parameter CPXPARAM_Preprocessing_Dual will be evaluated on 2 alternative value(s) after excluding the current base configuration value.
[DEBUG]:[05:47:32] Created configuration file for parameter CPXPARAM_Preprocessing_Dual with value -1 at /scratch/yorig/mpils-results-grid-ticks-10000-7may/medium-2/24proc-24pils/seed-5/9_supportcase6_seed-5_20260510_054653/expansion/config_param_CPXPARAM_Preprocessing_Dual_-1_iter_2.prm
[DEBUG]:[05:47:32] Created configuration file for parameter CPXPARAM_Preprocessing_Dual with value 1 at /scratch/yorig/mpils-results-grid-ticks-10000-7may/medium-2/24proc-24pils/seed-5/9_supportcase6_seed-5_20260510_054653/expansion/config_param_CPXPARAM_Preprocessing_Dual_1_iter_2.prm
[INFO]:[05:47:32] Creating configurations for parameter: CPXPARAM_MIP_Strategy_LBHeur
[DEBUG]:[05:47:32] Parameter CPXPARAM_MIP_Strategy_LBHeur will be evaluated on 1 alternative value(s) after excluding the current base configuration value.
[DEBUG]:[05:47:32] Created configuration file for parameter CPXPARAM_MIP_Strategy_LBHeur with value 1 at /scratch/yorig/mpils-results-grid-ticks-10000-7may/medium-2/24proc-24pils/seed-5/9_supportcase6_seed-5_20260510_054653/expansion/config_param_CPXPARAM_MIP_Strategy_LBHeur_1_iter_2.prm
[INFO]:[05:47:32] Creating configurations for parameter: CPXPARAM_MIP_Strategy_HeuristicFreq
[DEBUG]:[05:47:32] Parameter CPXPARAM_MIP_Strategy_HeuristicFreq will be evaluated on 6 alternative value(s) after excluding the current base configuration value.
[DEBUG]:[05:47:32] Created configuration file for parameter CPXPARAM_MIP_Strategy_HeuristicFreq with value -1 at /scratch/yorig/mpils-results-grid-ticks-10000-7may/medium-2/24proc-24pils/seed-5/9_supportcase6_seed-5_20260510_054653/expansion/config_param_CPXPARAM_MIP_Strategy_HeuristicFreq_-1_iter_2.prm
[DEBUG]:[05:47:32] Created configuration file for parameter CPXPARAM_MIP_Strategy_HeuristicFreq with value 20 at /scratch/yorig/mpils-results-grid-ticks-10000-7may/medium-2/24proc-24pils/seed-5/9_supportcase6_seed-5_20260510_054653/expansion/config_param_CPXPARAM_MIP_Strategy_HeuristicFreq_20_iter_2.prm
[DEBUG]:[05:47:32] Created configuration file for parameter CPXPARAM_MIP_Strategy_HeuristicFreq with value 40 at /scratch/yorig/mpils-results-grid-ticks-10000-7may/medium-2/24proc-24pils/seed-5/9_supportcase6_seed-5_20260510_054653/expansion/config_param_CPXPARAM_MIP_Strategy_HeuristicFreq_40_iter_2.prm
[DEBUG]:[05:47:32] Created configuration file for parameter CPXPARAM_MIP_Strategy_HeuristicFreq with value 100 at /scratch/yorig/mpils-results-grid-ticks-10000-7may/medium-2/24proc-24pils/seed-5/9_supportcase6_seed-5_20260510_054653/expansion/config_param_CPXPARAM_MIP_Strategy_HeuristicFreq_100_iter_2.prm
[DEBUG]:[05:47:32] Created configuration file for parameter CPXPARAM_MIP_Strategy_HeuristicFreq with value 500 at /scratch/yorig/mpils-results-grid-ticks-10000-7may/medium-2/24proc-24pils/seed-5/9_supportcase6_seed-5_20260510_054653/expansion/config_param_CPXPARAM_MIP_Strategy_HeuristicFreq_500_iter_2.prm
[DEBUG]:[05:47:32] Created configuration file for parameter CPXPARAM_MIP_Strategy_HeuristicFreq with value 1000 at /scratch/yorig/mpils-results-grid-ticks-10000-7may/medium-2/24proc-24pils/seed-5/9_supportcase6_seed-5_20260510_054653/expansion/config_param_CPXPARAM_MIP_Strategy_HeuristicFreq_1000_iter_2.prm
[INFO]:[05:47:32] Creating configurations for parameter: CPXPARAM_MIP_Strategy_StartAlgorithm
[DEBUG]:[05:47:32] Parameter CPXPARAM_MIP_Strategy_StartAlgorithm will be evaluated on 6 alternative value(s) after excluding the current base configuration value.
[DEBUG]:[05:47:32] Created configuration file for parameter CPXPARAM_MIP_Strategy_StartAlgorithm with value 1 at /scratch/yorig/mpils-results-grid-ticks-10000-7may/medium-2/24proc-24pils/seed-5/9_supportcase6_seed-5_20260510_054653/expansion/config_param_CPXPARAM_MIP_Strategy_StartAlgorithm_1_iter_2.prm
[DEBUG]:[05:47:32] Created configuration file for parameter CPXPARAM_MIP_Strategy_StartAlgorithm with value 2 at /scratch/yorig/mpils-results-grid-ticks-10000-7may/medium-2/24proc-24pils/seed-5/9_supportcase6_seed-5_20260510_054653/expansion/config_param_CPXPARAM_MIP_Strategy_StartAlgorithm_2_iter_2.prm
[DEBUG]:[05:47:32] Created configuration file for parameter CPXPARAM_MIP_Strategy_StartAlgorithm with value 3 at /scratch/yorig/mpils-results-grid-ticks-10000-7may/medium-2/24proc-24pils/seed-5/9_supportcase6_seed-5_20260510_054653/expansion/config_param_CPXPARAM_MIP_Strategy_StartAlgorithm_3_iter_2.prm
[DEBUG]:[05:47:32] Created configuration file for parameter CPXPARAM_MIP_Strategy_StartAlgorithm with value 4 at /scratch/yorig/mpils-results-grid-ticks-10000-7may/medium-2/24proc-24pils/seed-5/9_supportcase6_seed-5_20260510_054653/expansion/config_param_CPXPARAM_MIP_Strategy_StartAlgorithm_4_iter_2.prm
[DEBUG]:[05:47:32] Created configuration file for parameter CPXPARAM_MIP_Strategy_StartAlgorithm with value 5 at /scratch/yorig/mpils-results-grid-ticks-10000-7may/medium-2/24proc-24pils/seed-5/9_supportcase6_seed-5_20260510_054653/expansion/config_param_CPXPARAM_MIP_Strategy_StartAlgorithm_5_iter_2.prm
[DEBUG]:[05:47:32] Created configuration file for parameter CPXPARAM_MIP_Strategy_StartAlgorithm with value 6 at /scratch/yorig/mpils-results-grid-ticks-10000-7may/medium-2/24proc-24pils/seed-5/9_supportcase6_seed-5_20260510_054653/expansion/config_param_CPXPARAM_MIP_Strategy_StartAlgorithm_6_iter_2.prm
[INFO]:[05:47:32] Creating configurations for parameter: CPXPARAM_MIP_Strategy_SubAlgorithm
[DEBUG]:[05:47:32] Parameter CPXPARAM_MIP_Strategy_SubAlgorithm will be evaluated on 5 alternative value(s) after excluding the current base configuration value.
[DEBUG]:[05:47:32] Created configuration file for parameter CPXPARAM_MIP_Strategy_SubAlgorithm with value 1 at /scratch/yorig/mpils-results-grid-ticks-10000-7may/medium-2/24proc-24pils/seed-5/9_supportcase6_seed-5_20260510_054653/expansion/config_param_CPXPARAM_MIP_Strategy_SubAlgorithm_1_iter_2.prm
[DEBUG]:[05:47:32] Created configuration file for parameter CPXPARAM_MIP_Strategy_SubAlgorithm with value 2 at /scratch/yorig/mpils-results-grid-ticks-10000-7may/medium-2/24proc-24pils/seed-5/9_supportcase6_seed-5_20260510_054653/expansion/config_param_CPXPARAM_MIP_Strategy_SubAlgorithm_2_iter_2.prm
[DEBUG]:[05:47:32] Created configuration file for parameter CPXPARAM_MIP_Strategy_SubAlgorithm with value 3 at /scratch/yorig/mpils-results-grid-ticks-10000-7may/medium-2/24proc-24pils/seed-5/9_supportcase6_seed-5_20260510_054653/expansion/config_param_CPXPARAM_MIP_Strategy_SubAlgorithm_3_iter_2.prm
[DEBUG]:[05:47:32] Created configuration file for parameter CPXPARAM_MIP_Strategy_SubAlgorithm with value 4 at /scratch/yorig/mpils-results-grid-ticks-10000-7may/medium-2/24proc-24pils/seed-5/9_supportcase6_seed-5_20260510_054653/expansion/config_param_CPXPARAM_MIP_Strategy_SubAlgorithm_4_iter_2.prm
[DEBUG]:[05:47:32] Created configuration file for parameter CPXPARAM_MIP_Strategy_SubAlgorithm with value 5 at /scratch/yorig/mpils-results-grid-ticks-10000-7may/medium-2/24proc-24pils/seed-5/9_supportcase6_seed-5_20260510_054653/expansion/config_param_CPXPARAM_MIP_Strategy_SubAlgorithm_5_iter_2.prm
[INFO]:[05:47:32] Creating configurations for parameter: CPXPARAM_Simplex_DGradient
[DEBUG]:[05:47:32] Parameter CPXPARAM_Simplex_DGradient will be evaluated on 5 alternative value(s) after excluding the current base configuration value.
[DEBUG]:[05:47:32] Created configuration file for parameter CPXPARAM_Simplex_DGradient with value 1 at /scratch/yorig/mpils-results-grid-ticks-10000-7may/medium-2/24proc-24pils/seed-5/9_supportcase6_seed-5_20260510_054653/expansion/config_param_CPXPARAM_Simplex_DGradient_1_iter_2.prm
[DEBUG]:[05:47:32] Created configuration file for parameter CPXPARAM_Simplex_DGradient with value 2 at /scratch/yorig/mpils-results-grid-ticks-10000-7may/medium-2/24proc-24pils/seed-5/9_supportcase6_seed-5_20260510_054653/expansion/config_param_CPXPARAM_Simplex_DGradient_2_iter_2.prm
[DEBUG]:[05:47:32] Created configuration file for parameter CPXPARAM_Simplex_DGradient with value 3 at /scratch/yorig/mpils-results-grid-ticks-10000-7may/medium-2/24proc-24pils/seed-5/9_supportcase6_seed-5_20260510_054653/expansion/config_param_CPXPARAM_Simplex_DGradient_3_iter_2.prm
[DEBUG]:[05:47:32] Created configuration file for parameter CPXPARAM_Simplex_DGradient with value 4 at /scratch/yorig/mpils-results-grid-ticks-10000-7may/medium-2/24proc-24pils/seed-5/9_supportcase6_seed-5_20260510_054653/expansion/config_param_CPXPARAM_Simplex_DGradient_4_iter_2.prm
[DEBUG]:[05:47:32] Created configuration file for parameter CPXPARAM_Simplex_DGradient with value 5 at /scratch/yorig/mpils-results-grid-ticks-10000-7may/medium-2/24proc-24pils/seed-5/9_supportcase6_seed-5_20260510_054653/expansion/config_param_CPXPARAM_Simplex_DGradient_5_iter_2.prm
[INFO]:[05:47:32] Created 37 configuration files for expansion phase at iteration 2.
[INFO]:[05:47:32] Skipped 0 expansion parameter(s) with no alternative value to evaluate.
[INFO]:[05:47:32] Launching Expansion Workers via MPI...
[INFO]:[05:47:32] Expansion Workers launched.
[INFO]:[05:47:32] Evaluating expansion parameters...
[INFO]:[05:47:32] Starting CPLEX solver on instance: /home/yorig/tuner/mpils-tests/instances/miplib/medium-2/supportcase6.mps with config: /scratch/yorig/mpils-results-grid-ticks-10000-7may/medium-2/24proc-24pils/seed-5/9_supportcase6_seed-5_20260510_054653/expansion/config_param_CPXPARAM_MIP_Strategy_PresolveNode_-1_iter_2.prm
[INFO]:[05:47:38] CPLEX results. Gap: 13.330000, upper bound: 52112.367686, lower bound: 45165.579073
[INFO]:[05:47:38] CPLEX solver finished. Gap: 13.330000
[INFO]:[05:47:40] Expansion early stop activated in MPI after 1 master-side evaluation(s). Remaining not-yet-evaluated parameters stay residual.
[INFO]:[05:47:40] recordEvaluation produced_mip_start=0 mip_start_file=''
[DEBUG]:[05:47:40] Added evaluation to memory with objective: 13.33, ConfigId: 18054788414192610322, EvalId: 103. Total evaluations stored: 103
[INFO]:[05:47:40] recordEvaluation produced_mip_start=0 mip_start_file=''
[DEBUG]:[05:47:40] Added evaluation to memory with objective: 13.33, ConfigId: 7881487756762408470, EvalId: 104. Total evaluations stored: 104
[INFO]:[05:47:40] recordEvaluation produced_mip_start=0 mip_start_file=''
[DEBUG]:[05:47:40] Added evaluation to memory with objective: 13.33, ConfigId: 16611552423037626407, EvalId: 105. Total evaluations stored: 105
[INFO]:[05:47:40] recordEvaluation produced_mip_start=0 mip_start_file=''
[DEBUG]:[05:47:40] Added evaluation to memory with objective: 13.33, ConfigId: 8791574364489877404, EvalId: 106. Total evaluations stored: 106
[INFO]:[05:47:40] recordEvaluation produced_mip_start=0 mip_start_file=''
[DEBUG]:[05:47:40] Added evaluation to memory with objective: 13.33, ConfigId: 6602325451826162936, EvalId: 107. Total evaluations stored: 107
[INFO]:[05:47:40] recordEvaluation produced_mip_start=0 mip_start_file=''
[DEBUG]:[05:47:40] Added evaluation to memory with objective: 27.35, ConfigId: 12301448513267693227, EvalId: 108. Total evaluations stored: 108
[INFO]:[05:47:40] recordEvaluation produced_mip_start=0 mip_start_file=''
[DEBUG]:[05:47:40] Added evaluation to memory with objective: 13.33, ConfigId: 1711430553820336737, EvalId: 109. Total evaluations stored: 109
[INFO]:[05:47:40] recordEvaluation produced_mip_start=0 mip_start_file=''
[DEBUG]:[05:47:40] Added evaluation to memory with objective: 13.33, ConfigId: 6792745830659855615, EvalId: 110. Total evaluations stored: 110
[INFO]:[05:47:40] recordEvaluation produced_mip_start=0 mip_start_file=''
[DEBUG]:[05:47:40] Added evaluation to memory with objective: 13.33, ConfigId: 15509781716807827744, EvalId: 111. Total evaluations stored: 111
[INFO]:[05:47:40] recordEvaluation produced_mip_start=0 mip_start_file=''
[DEBUG]:[05:47:40] Added evaluation to memory with objective: 13.33, ConfigId: 9422884257333044690, EvalId: 112. Total evaluations stored: 112
[INFO]:[05:47:40] recordEvaluation produced_mip_start=0 mip_start_file=''
[DEBUG]:[05:47:40] Added evaluation to memory with objective: 13.33, ConfigId: 16043051450486817324, EvalId: 113. Total evaluations stored: 113
[INFO]:[05:47:40] recordEvaluation produced_mip_start=0 mip_start_file=''
[DEBUG]:[05:47:40] Added evaluation to memory with objective: 13.33, ConfigId: 11074161828142982890, EvalId: 114. Total evaluations stored: 114
[INFO]:[05:47:40] recordEvaluation produced_mip_start=0 mip_start_file=''
[DEBUG]:[05:47:40] Added evaluation to memory with objective: 13.33, ConfigId: 12917229922977884136, EvalId: 115. Total evaluations stored: 115
[INFO]:[05:47:40] recordEvaluation produced_mip_start=0 mip_start_file=''
[DEBUG]:[05:47:40] Added evaluation to memory with objective: 55.98, ConfigId: 9062476168444554196, EvalId: 116. Total evaluations stored: 116
[INFO]:[05:47:40] recordEvaluation produced_mip_start=0 mip_start_file=''
[DEBUG]:[05:47:40] Added evaluation to memory with objective: 13.33, ConfigId: 16798591778658840811, EvalId: 117. Total evaluations stored: 117
[INFO]:[05:47:40] recordEvaluation produced_mip_start=0 mip_start_file=''
[DEBUG]:[05:47:40] Added evaluation to memory with objective: 1.79769e+308, ConfigId: 1202766718092171130, EvalId: 118. Total evaluations stored: 118
[INFO]:[05:47:40] recordEvaluation produced_mip_start=0 mip_start_file=''
[DEBUG]:[05:47:40] Added evaluation to memory with objective: 13.33, ConfigId: 1484045788169413428, EvalId: 119. Total evaluations stored: 119
[INFO]:[05:47:40] recordEvaluation produced_mip_start=0 mip_start_file=''
[DEBUG]:[05:47:40] Added evaluation to memory with objective: 13.33, ConfigId: 6206602861662982881, EvalId: 120. Total evaluations stored: 120
[INFO]:[05:47:40] recordEvaluation produced_mip_start=0 mip_start_file=''
[DEBUG]:[05:47:40] Added evaluation to memory with objective: 13.33, ConfigId: 10329142603236862473, EvalId: 121. Total evaluations stored: 121
[INFO]:[05:47:40] recordEvaluation produced_mip_start=0 mip_start_file=''
[DEBUG]:[05:47:40] Added evaluation to memory with objective: 13.33, ConfigId: 10877410790666342314, EvalId: 122. Total evaluations stored: 122
[INFO]:[05:47:40] recordEvaluation produced_mip_start=0 mip_start_file=''
[DEBUG]:[05:47:40] Added evaluation to memory with objective: 13.33, ConfigId: 17353463782056431637, EvalId: 123. Total evaluations stored: 123
[INFO]:[05:47:40] recordEvaluation produced_mip_start=0 mip_start_file=''
[DEBUG]:[05:47:40] Added evaluation to memory with objective: 13.33, ConfigId: 8002865636808493364, EvalId: 124. Total evaluations stored: 124
[INFO]:[05:47:40] recordEvaluation produced_mip_start=0 mip_start_file=''
[DEBUG]:[05:47:40] Added evaluation to memory with objective: 27.39, ConfigId: 4967310817370653258, EvalId: 125. Total evaluations stored: 125
[INFO]:[05:47:40] recordEvaluation produced_mip_start=0 mip_start_file=''
[INFO]:[05:47:40] ***************
[INFO]:[05:47:40] New best evaluation without MIP start found at time 43s, with objective 13.12 and configuration ID 8836622251477270786
[INFO]:[05:47:40] With config: 8836622251477270786 -> 
Configuration: CPXPARAM_Advance=1 CPXPARAM_Barrier_Algorithm=0 CPXPARAM_Barrier_ColNonzeros=0 CPXPARAM_Barrier_Crossover=0 CPXPARAM_Barrier_Limits_Corrections=-1 CPXPARAM_Barrier_Ordering=0 CPXPARAM_Barrier_StartAlg=1 CPXPARAM_Emphasis_MIP=4 CPXPARAM_Emphasis_Memory=0 CPXPARAM_Emphasis_Numerical=0 CPXPARAM_Feasopt_Mode=0 CPXPARAM_LPMethod=0 CPXPARAM_MIP_Cuts_Cliques=1 CPXPARAM_MIP_Cuts_Covers=0 CPXPARAM_MIP_Cuts_Disjunctive=-1 CPXPARAM_MIP_Cuts_FlowCovers=-1 CPXPARAM_MIP_Cuts_GUBCovers=0 CPXPARAM_MIP_Cuts_Gomory=-1 CPXPARAM_MIP_Cuts_Implied=0 CPXPARAM_MIP_Cuts_MIRCut=-1 CPXPARAM_MIP_Cuts_PathCut=0 CPXPARAM_MIP_Limits_AggForCut=3 CPXPARAM_MIP_Limits_CutPasses=0 CPXPARAM_MIP_Limits_CutsFactor=-1 CPXPARAM_MIP_Limits_GomoryCand=200 CPXPARAM_MIP_Limits_GomoryPass=0 CPXPARAM_MIP_Limits_Nodes=9223372036800000000 CPXPARAM_MIP_Limits_ProbeTime=1e+75 CPXPARAM_MIP_Limits_RepairTries=0 CPXPARAM_MIP_Limits_StrongCand=10 CPXPARAM_MIP_Limits_StrongIt=0 CPXPARAM_MIP_OrderType=0 CPXPARAM_MIP_Strategy_BBInterval=7 CPXPARAM_MIP_Strategy_Branch=0 CPXPARAM_MIP_Strategy_Dive=0 CPXPARAM_MIP_Strategy_File=1 CPXPARAM_MIP_Strategy_HeuristicFreq=0 CPXPARAM_MIP_Strategy_LBHeur=0 CPXPARAM_MIP_Strategy_NodeSelect=1 CPXPARAM_MIP_Strategy_Order=1 CPXPARAM_MIP_Strategy_PresolveNode=0 CPXPARAM_MIP_Strategy_Probe=0 CPXPARAM_MIP_Strategy_RINSHeur=0 CPXPARAM_MIP_Strategy_StartAlgorithm=3 CPXPARAM_MIP_Strategy_SubAlgorithm=0 CPXPARAM_MIP_Strategy_VariableSelect=0 CPXPARAM_Network_NetFind=2 CPXPARAM_Network_Pricing=0 CPXPARAM_Parallel=1 CPXPARAM_Preprocessing_Aggregator=-1 CPXPARAM_Preprocessing_BoundStrength=-1 CPXPARAM_Preprocessing_CoeffReduce=-1 CPXPARAM_Preprocessing_Dependency=-1 CPXPARAM_Preprocessing_Dual=0 CPXPARAM_Preprocessing_Fill=10 CPXPARAM_Preprocessing_NumPass=-1 CPXPARAM_Preprocessing_Presolve=1 CPXPARAM_Preprocessing_QPMakePSD=1 CPXPARAM_Preprocessing_Reduce=3 CPXPARAM_Preprocessing_Relax=-1 CPXPARAM_Preprocessing_RepeatPresolve=-1 CPXPARAM_Preprocessing_Symmetry=-1 CPXPARAM_Read_Scale=0 CPXPARAM_Sifting_Algorithm=0 CPXPARAM_Simplex_Crash=1 CPXPARAM_Simplex_DGradient=0 CPXPARAM_Simplex_Limits_Perturbation=0 CPXPARAM_Simplex_Limits_Singularity=10 CPXPARAM_Simplex_PGradient=0 CPXPARAM_Simplex_Pricing=0 CPXPARAM_Simplex_Refactor=0 | MIP Start: No 
[INFO]:[05:47:40] ***************
[DEBUG]:[05:47:40] Added evaluation to memory with objective: 13.12, ConfigId: 8836622251477270786, EvalId: 126. Total evaluations stored: 126
[INFO]:[05:47:40] Waiting for Expansion Workers via MPI...
[INFO]:[05:47:40] Expansion Workers have completed.
[INFO]:[05:47:40] Evaluated expansion parameters: 8
[INFO]:[05:47:40] Classifying expansion parameters...
[DEBUG]:[05:47:40] Parameter CPXPARAM_MIP_Strategy_PresolveNode valid evaluations: 4, invalid evaluations: 0, c_p: 13.33, s_p: 0, selected_stage_1: No, discarded_by_threshold: No
[DEBUG]:[05:47:40] Parameter CPXPARAM_MIP_Strategy_Order valid evaluations: 1, invalid evaluations: 0, c_p: 13.33, s_p: 0, selected_stage_1: No, discarded_by_threshold: No
[DEBUG]:[05:47:40] Parameter CPXPARAM_Preprocessing_Presolve valid evaluations: 1, invalid evaluations: 0, c_p: 27.35, s_p: 0, selected_stage_1: No, discarded_by_threshold: No
[DEBUG]:[05:47:40] Parameter CPXPARAM_Preprocessing_Symmetry valid evaluations: 6, invalid evaluations: 0, c_p: 13.33, s_p: 0, selected_stage_1: No, discarded_by_threshold: No
[DEBUG]:[05:47:40] Parameter CPXPARAM_Preprocessing_Dual valid evaluations: 2, invalid evaluations: 0, c_p: 13.33, s_p: 42.65, selected_stage_1: No, discarded_by_threshold: No
[DEBUG]:[05:47:40] Parameter CPXPARAM_MIP_Strategy_LBHeur valid evaluations: 1, invalid evaluations: 0, c_p: 13.33, s_p: 0, selected_stage_1: No, discarded_by_threshold: No
[DEBUG]:[05:47:40] Parameter CPXPARAM_MIP_Strategy_HeuristicFreq valid evaluations: 5, invalid evaluations: 1, c_p: 13.33, s_p: 0, selected_stage_1: No, discarded_by_threshold: No
[DEBUG]:[05:47:40] Parameter CPXPARAM_MIP_Strategy_StartAlgorithm valid evaluations: 3, invalid evaluations: 0, c_p: 13.12, s_p: 9.94303, selected_stage_1: Yes, discarded_by_threshold: No
[DEBUG]:[05:47:40] Parameter CPXPARAM_MIP_Strategy_PresolveNode is dominated by parameter CPXPARAM_Preprocessing_Dual.
[DEBUG]:[05:47:40] Parameter CPXPARAM_MIP_Strategy_Order is dominated by parameter CPXPARAM_Preprocessing_Dual.
[DEBUG]:[05:47:40] Parameter CPXPARAM_Preprocessing_Presolve is dominated by parameter CPXPARAM_MIP_Strategy_PresolveNode.
[DEBUG]:[05:47:40] Parameter CPXPARAM_Preprocessing_Symmetry is dominated by parameter CPXPARAM_Preprocessing_Dual.
[DEBUG]:[05:47:40] Parameter CPXPARAM_MIP_Strategy_LBHeur is dominated by parameter CPXPARAM_Preprocessing_Dual.
[DEBUG]:[05:47:40] Parameter CPXPARAM_MIP_Strategy_HeuristicFreq is dominated by parameter CPXPARAM_Preprocessing_Dual.
[DEBUG]:[05:47:40] Parameter CPXPARAM_MIP_Strategy_PresolveNode metrics - c_p: 13.33, s_p: 0, selected_stage_1: No, discarded_by_threshold: No, dominated: Yes
[DEBUG]:[05:47:40] Parameter CPXPARAM_MIP_Strategy_Order metrics - c_p: 13.33, s_p: 0, selected_stage_1: No, discarded_by_threshold: No, dominated: Yes
[DEBUG]:[05:47:40] Parameter CPXPARAM_Preprocessing_Presolve metrics - c_p: 27.35, s_p: 0, selected_stage_1: No, discarded_by_threshold: No, dominated: Yes
[DEBUG]:[05:47:40] Parameter CPXPARAM_Preprocessing_Symmetry metrics - c_p: 13.33, s_p: 0, selected_stage_1: No, discarded_by_threshold: No, dominated: Yes
[DEBUG]:[05:47:40] Parameter CPXPARAM_Preprocessing_Dual metrics - c_p: 13.33, s_p: 42.65, selected_stage_1: No, discarded_by_threshold: No, dominated: No
[DEBUG]:[05:47:40] Parameter CPXPARAM_MIP_Strategy_LBHeur metrics - c_p: 13.33, s_p: 0, selected_stage_1: No, discarded_by_threshold: No, dominated: Yes
[DEBUG]:[05:47:40] Parameter CPXPARAM_MIP_Strategy_HeuristicFreq metrics - c_p: 13.33, s_p: 0, selected_stage_1: No, discarded_by_threshold: No, dominated: Yes
[DEBUG]:[05:47:40] Parameter CPXPARAM_MIP_Strategy_StartAlgorithm metrics - c_p: 13.12, s_p: 9.94303, selected_stage_1: Yes, discarded_by_threshold: No, dominated: No
[INFO]:[05:47:40] Updating parameter flags based on classification...
[INFO]:[05:47:40] Parameter CPXPARAM_MIP_Strategy_PresolveNode discarded from tuning.
[INFO]:[05:47:40] Parameter CPXPARAM_MIP_Strategy_Order discarded from tuning.
[INFO]:[05:47:40] Parameter CPXPARAM_Preprocessing_Presolve discarded from tuning.
[INFO]:[05:47:40] Parameter CPXPARAM_Preprocessing_Symmetry discarded from tuning.
[INFO]:[05:47:40] Parameter CPXPARAM_Preprocessing_Dual selected for tuning.
[INFO]:[05:47:40] Parameter CPXPARAM_MIP_Strategy_LBHeur discarded from tuning.
[INFO]:[05:47:40] Parameter CPXPARAM_MIP_Strategy_HeuristicFreq discarded from tuning.
[INFO]:[05:47:40] Parameter CPXPARAM_MIP_Strategy_StartAlgorithm selected for tuning.
[DEBUG]:[05:47:40] Classified parameters at iteration 2 - To Select: 2, To Discard: 6
[DEBUG]:[05:47:40] Parameter: CPXPARAM_MIP_Strategy_PresolveNode, To Select: No, To Discard: Yes
[DEBUG]:[05:47:40] Parameter: CPXPARAM_MIP_Strategy_Order, To Select: No, To Discard: Yes
[DEBUG]:[05:47:40] Parameter: CPXPARAM_Preprocessing_Presolve, To Select: No, To Discard: Yes
[DEBUG]:[05:47:40] Parameter: CPXPARAM_Preprocessing_Symmetry, To Select: No, To Discard: Yes
[DEBUG]:[05:47:40] Parameter: CPXPARAM_Preprocessing_Dual, To Select: Yes, To Discard: No
[DEBUG]:[05:47:40] Parameter: CPXPARAM_MIP_Strategy_LBHeur, To Select: No, To Discard: Yes
[DEBUG]:[05:47:40] Parameter: CPXPARAM_MIP_Strategy_HeuristicFreq, To Select: No, To Discard: Yes
[DEBUG]:[05:47:40] Parameter: CPXPARAM_MIP_Strategy_StartAlgorithm, To Select: Yes, To Discard: No
[INFO]:[05:47:40] Added 24 evaluations to memory from expansion phase at iteration 2
[INFO]:[05:47:40] Expansion phase completed.
[INFO]:[05:47:40] Starting pruning phase...
[INFO]:[05:47:40] Writing learner file for pruning phase: /scratch/yorig/mpils-results-grid-ticks-10000-7may/medium-2/24proc-24pils/seed-5/9_supportcase6_seed-5_20260510_054653/pruning/input/learner_file_2.txt
[INFO]:[05:47:40] Learner file written successfully: /scratch/yorig/mpils-results-grid-ticks-10000-7may/medium-2/24proc-24pils/seed-5/9_supportcase6_seed-5_20260510_054653/pruning/input/learner_file_2.txt
[INFO]:[05:47:40] Extracting forbidden tuples from memory...
[INFO]:[05:47:40] Redirecting learner stdout/stderr to: /scratch/yorig/mpils-results-grid-ticks-10000-7may/medium-2/24proc-24pils/seed-5/9_supportcase6_seed-5_20260510_054653/pruning/learner_iteration_2.log
[INFO]:[05:47:40] Forbidden tuples extracted: 6
[INFO]:[05:47:40] Applying pruning with 6 forbidden tuples...
[DEBUG]:[05:47:40] Adding forbidden value from single-element tuple: CPXPARAM_MIP_Strategy_HeuristicFreq=0
[DEBUG]:[05:47:40] Adding forbidden value from single-element tuple: CPXPARAM_MIP_Strategy_HeuristicFreq=20
[DEBUG]:[05:47:40] Adding forbidden value from single-element tuple: CPXPARAM_MIP_Strategy_HeuristicFreq=40
[DEBUG]:[05:47:40] Adding forbidden value from single-element tuple: CPXPARAM_MIP_Strategy_HeuristicFreq=100
[DEBUG]:[05:47:40] Adding forbidden value from single-element tuple: CPXPARAM_MIP_Strategy_HeuristicFreq=500
[DEBUG]:[05:47:40] Adding forbidden value from single-element tuple: CPXPARAM_MIP_Strategy_HeuristicFreq=1000
[INFO]:[05:47:40] Pruning applied successfully.
[INFO]:[05:47:40] Pruning phase completed.
[INFO]:[05:47:40] Completed iteration 2
[INFO]:[05:47:40] Starting iteration 3
[INFO]:[05:47:40] Starting exploration phase...
[INFO]:[05:47:40] Selecting number of evaluations for tuning phase...
[INFO]:[05:47:40] Selecting initial configurations for tuning phase...
[INFO]:[05:47:40] Using worker 0 best exploration configuration without MIP start as master ILS initial configuration.
[INFO]:[05:47:40] Worker 1 global-best exploration initial configuration matches master; using a random diversified initial configuration.
[INFO]:[05:47:40] Number of evaluations for this tuning phase: 10
[INFO]:[05:47:40] ILS shared cache is disabled for this exploration phase.
[INFO]:[05:47:40] Local search backend for this exploration phase: iterated_local_search
[INFO]:[05:47:40] Running IteratedLocalSearch Engine...
[INFO]:[05:47:40] Mip start is disabled for this iteration.
[INFO]:[05:47:40] Writing ILS search space file for worker 0...
[INFO]:[05:47:40] Warning: Initial value for parameter CPXPARAM_Emphasis_MIP is forbidden. So unforbidden it for the ILS initial configuration at iteration 3.
[INFO]:[05:47:40] ILS search space file written: /scratch/yorig/mpils-results-grid-ticks-10000-7may/medium-2/24proc-24pils/seed-5/9_supportcase6_seed-5_20260510_054653/iterated_local_search/search_space/search_space_file_3.txt
[INFO]:[05:47:40] Writing ILS search space file for worker 1...
[INFO]:[05:47:40] Warning: Initial value for parameter CPXPARAM_Emphasis_MIP is forbidden. So unforbidden it for the ILS initial configuration at iteration 3.
[INFO]:[05:47:40] ILS search space file written: /scratch/yorig/mpils-results-grid-ticks-10000-7may/medium-2/24proc-24pils/seed-5/9_supportcase6_seed-5_20260510_054653/iterated_local_search/search_space/search_space_file_3_worker_1.txt
[INFO]:[05:47:40] Writing ILS search space file for worker 2...
[INFO]:[05:47:40] Warning: Initial value for parameter CPXPARAM_Emphasis_MIP is forbidden. So unforbidden it for the ILS initial configuration at iteration 3.
[INFO]:[05:47:40] Warning: Initial value for parameter CPXPARAM_MIP_Limits_ProbeTime is forbidden. So unforbidden it for the ILS initial configuration at iteration 3.
[INFO]:[05:47:40] ILS search space file written: /scratch/yorig/mpils-results-grid-ticks-10000-7may/medium-2/24proc-24pils/seed-5/9_supportcase6_seed-5_20260510_054653/iterated_local_search/search_space/search_space_file_3_worker_2.txt
[INFO]:[05:47:40] Writing ILS search space file for worker 3...
[INFO]:[05:47:40] Warning: Initial value for parameter CPXPARAM_Emphasis_MIP is forbidden. So unforbidden it for the ILS initial configuration at iteration 3.
[INFO]:[05:47:40] Warning: Initial value for parameter CPXPARAM_MIP_Limits_ProbeTime is forbidden. So unforbidden it for the ILS initial configuration at iteration 3.
[INFO]:[05:47:40] ILS search space file written: /scratch/yorig/mpils-results-grid-ticks-10000-7may/medium-2/24proc-24pils/seed-5/9_supportcase6_seed-5_20260510_054653/iterated_local_search/search_space/search_space_file_3_worker_3.txt
[INFO]:[05:47:40] Writing ILS search space file for worker 4...
[INFO]:[05:47:40] Warning: Initial value for parameter CPXPARAM_Emphasis_MIP is forbidden. So unforbidden it for the ILS initial configuration at iteration 3.
[INFO]:[05:47:40] Warning: Initial value for parameter CPXPARAM_MIP_Limits_ProbeTime is forbidden. So unforbidden it for the ILS initial configuration at iteration 3.
[INFO]:[05:47:40] ILS search space file written: /scratch/yorig/mpils-results-grid-ticks-10000-7may/medium-2/24proc-24pils/seed-5/9_supportcase6_seed-5_20260510_054653/iterated_local_search/search_space/search_space_file_3_worker_4.txt
[INFO]:[05:47:40] Writing ILS search space file for worker 5...
[INFO]:[05:47:40] Warning: Initial value for parameter CPXPARAM_Emphasis_MIP is forbidden. So unforbidden it for the ILS initial configuration at iteration 3.
[INFO]:[05:47:40] ILS search space file written: /scratch/yorig/mpils-results-grid-ticks-10000-7may/medium-2/24proc-24pils/seed-5/9_supportcase6_seed-5_20260510_054653/iterated_local_search/search_space/search_space_file_3_worker_5.txt
[INFO]:[05:47:40] Writing ILS search space file for worker 6...
[INFO]:[05:47:40] Warning: Initial value for parameter CPXPARAM_Emphasis_MIP is forbidden. So unforbidden it for the ILS initial configuration at iteration 3.
[INFO]:[05:47:40] Warning: Initial value for parameter CPXPARAM_MIP_Limits_ProbeTime is forbidden. So unforbidden it for the ILS initial configuration at iteration 3.
[INFO]:[05:47:40] ILS search space file written: /scratch/yorig/mpils-results-grid-ticks-10000-7may/medium-2/24proc-24pils/seed-5/9_supportcase6_seed-5_20260510_054653/iterated_local_search/search_space/search_space_file_3_worker_6.txt
[INFO]:[05:47:40] Writing ILS search space file for worker 7...
[INFO]:[05:47:40] Warning: Initial value for parameter CPXPARAM_Emphasis_MIP is forbidden. So unforbidden it for the ILS initial configuration at iteration 3.
[INFO]:[05:47:40] Warning: Initial value for parameter CPXPARAM_MIP_Limits_ProbeTime is forbidden. So unforbidden it for the ILS initial configuration at iteration 3.
[INFO]:[05:47:40] ILS search space file written: /scratch/yorig/mpils-results-grid-ticks-10000-7may/medium-2/24proc-24pils/seed-5/9_supportcase6_seed-5_20260510_054653/iterated_local_search/search_space/search_space_file_3_worker_7.txt
[INFO]:[05:47:40] Writing ILS search space file for worker 8...
[INFO]:[05:47:40] ILS search space file written: /scratch/yorig/mpils-results-grid-ticks-10000-7may/medium-2/24proc-24pils/seed-5/9_supportcase6_seed-5_20260510_054653/iterated_local_search/search_space/search_space_file_3_worker_8.txt
[INFO]:[05:47:40] Writing ILS search space file for worker 9...
[INFO]:[05:47:40] Warning: Initial value for parameter CPXPARAM_Emphasis_MIP is forbidden. So unforbidden it for the ILS initial configuration at iteration 3.
[INFO]:[05:47:40] Warning: Initial value for parameter CPXPARAM_MIP_Limits_ProbeTime is forbidden. So unforbidden it for the ILS initial configuration at iteration 3.
[INFO]:[05:47:40] ILS search space file written: /scratch/yorig/mpils-results-grid-ticks-10000-7may/medium-2/24proc-24pils/seed-5/9_supportcase6_seed-5_20260510_054653/iterated_local_search/search_space/search_space_file_3_worker_9.txt
[INFO]:[05:47:40] Writing ILS search space file for worker 10...
[INFO]:[05:47:40] Warning: Initial value for parameter CPXPARAM_Emphasis_MIP is forbidden. So unforbidden it for the ILS initial configuration at iteration 3.
[INFO]:[05:47:40] Warning: Initial value for parameter CPXPARAM_MIP_Limits_ProbeTime is forbidden. So unforbidden it for the ILS initial configuration at iteration 3.
[INFO]:[05:47:40] ILS search space file written: /scratch/yorig/mpils-results-grid-ticks-10000-7may/medium-2/24proc-24pils/seed-5/9_supportcase6_seed-5_20260510_054653/iterated_local_search/search_space/search_space_file_3_worker_10.txt
[INFO]:[05:47:40] Writing ILS search space file for worker 11...
[INFO]:[05:47:40] ILS search space file written: /scratch/yorig/mpils-results-grid-ticks-10000-7may/medium-2/24proc-24pils/seed-5/9_supportcase6_seed-5_20260510_054653/iterated_local_search/search_space/search_space_file_3_worker_11.txt
[INFO]:[05:47:40] Writing ILS search space file for worker 12...
[INFO]:[05:47:40] Warning: Initial value for parameter CPXPARAM_Emphasis_MIP is forbidden. So unforbidden it for the ILS initial configuration at iteration 3.
[INFO]:[05:47:40] Warning: Initial value for parameter CPXPARAM_MIP_Limits_ProbeTime is forbidden. So unforbidden it for the ILS initial configuration at iteration 3.
[INFO]:[05:47:40] ILS search space file written: /scratch/yorig/mpils-results-grid-ticks-10000-7may/medium-2/24proc-24pils/seed-5/9_supportcase6_seed-5_20260510_054653/iterated_local_search/search_space/search_space_file_3_worker_12.txt
[INFO]:[05:47:40] Writing ILS search space file for worker 13...
[INFO]:[05:47:40] Warning: Initial value for parameter CPXPARAM_Emphasis_MIP is forbidden. So unforbidden it for the ILS initial configuration at iteration 3.
[INFO]:[05:47:40] Warning: Initial value for parameter CPXPARAM_MIP_Limits_ProbeTime is forbidden. So unforbidden it for the ILS initial configuration at iteration 3.
[INFO]:[05:47:40] ILS search space file written: /scratch/yorig/mpils-results-grid-ticks-10000-7may/medium-2/24proc-24pils/seed-5/9_supportcase6_seed-5_20260510_054653/iterated_local_search/search_space/search_space_file_3_worker_13.txt
[INFO]:[05:47:40] Writing ILS search space file for worker 14...
[INFO]:[05:47:40] Warning: Initial value for parameter CPXPARAM_Emphasis_MIP is forbidden. So unforbidden it for the ILS initial configuration at iteration 3.
[INFO]:[05:47:40] Warning: Initial value for parameter CPXPARAM_MIP_Limits_ProbeTime is forbidden. So unforbidden it for the ILS initial configuration at iteration 3.
[INFO]:[05:47:40] ILS search space file written: /scratch/yorig/mpils-results-grid-ticks-10000-7may/medium-2/24proc-24pils/seed-5/9_supportcase6_seed-5_20260510_054653/iterated_local_search/search_space/search_space_file_3_worker_14.txt
[INFO]:[05:47:40] Writing ILS search space file for worker 15...
[INFO]:[05:47:40] Warning: Initial value for parameter CPXPARAM_Emphasis_MIP is forbidden. So unforbidden it for the ILS initial configuration at iteration 3.
[INFO]:[05:47:40] Warning: Initial value for parameter CPXPARAM_MIP_Limits_ProbeTime is forbidden. So unforbidden it for the ILS initial configuration at iteration 3.
[INFO]:[05:47:40] ILS search space file written: /scratch/yorig/mpils-results-grid-ticks-10000-7may/medium-2/24proc-24pils/seed-5/9_supportcase6_seed-5_20260510_054653/iterated_local_search/search_space/search_space_file_3_worker_15.txt
[INFO]:[05:47:40] Writing ILS search space file for worker 16...
[INFO]:[05:47:40] ILS search space file written: /scratch/yorig/mpils-results-grid-ticks-10000-7may/medium-2/24proc-24pils/seed-5/9_supportcase6_seed-5_20260510_054653/iterated_local_search/search_space/search_space_file_3_worker_16.txt
[INFO]:[05:47:40] Writing ILS search space file for worker 17...
[INFO]:[05:47:40] Warning: Initial value for parameter CPXPARAM_Emphasis_MIP is forbidden. So unforbidden it for the ILS initial configuration at iteration 3.
[INFO]:[05:47:40] ILS search space file written: /scratch/yorig/mpils-results-grid-ticks-10000-7may/medium-2/24proc-24pils/seed-5/9_supportcase6_seed-5_20260510_054653/iterated_local_search/search_space/search_space_file_3_worker_17.txt
[INFO]:[05:47:40] Writing ILS search space file for worker 18...
[INFO]:[05:47:40] Warning: Initial value for parameter CPXPARAM_Emphasis_MIP is forbidden. So unforbidden it for the ILS initial configuration at iteration 3.
[INFO]:[05:47:40] Warning: Initial value for parameter CPXPARAM_MIP_Limits_ProbeTime is forbidden. So unforbidden it for the ILS initial configuration at iteration 3.
[INFO]:[05:47:40] ILS search space file written: /scratch/yorig/mpils-results-grid-ticks-10000-7may/medium-2/24proc-24pils/seed-5/9_supportcase6_seed-5_20260510_054653/iterated_local_search/search_space/search_space_file_3_worker_18.txt
[INFO]:[05:47:40] Writing ILS search space file for worker 19...
[INFO]:[05:47:40] Warning: Initial value for parameter CPXPARAM_Emphasis_MIP is forbidden. So unforbidden it for the ILS initial configuration at iteration 3.
[INFO]:[05:47:40] ILS search space file written: /scratch/yorig/mpils-results-grid-ticks-10000-7may/medium-2/24proc-24pils/seed-5/9_supportcase6_seed-5_20260510_054653/iterated_local_search/search_space/search_space_file_3_worker_19.txt
[INFO]:[05:47:40] Writing ILS search space file for worker 20...
[INFO]:[05:47:40] Warning: Initial value for parameter CPXPARAM_Emphasis_MIP is forbidden. So unforbidden it for the ILS initial configuration at iteration 3.
[INFO]:[05:47:40] Warning: Initial value for parameter CPXPARAM_MIP_Limits_ProbeTime is forbidden. So unforbidden it for the ILS initial configuration at iteration 3.
[INFO]:[05:47:40] ILS search space file written: /scratch/yorig/mpils-results-grid-ticks-10000-7may/medium-2/24proc-24pils/seed-5/9_supportcase6_seed-5_20260510_054653/iterated_local_search/search_space/search_space_file_3_worker_20.txt
[INFO]:[05:47:40] Writing ILS search space file for worker 21...
[INFO]:[05:47:40] Warning: Initial value for parameter CPXPARAM_Emphasis_MIP is forbidden. So unforbidden it for the ILS initial configuration at iteration 3.
[INFO]:[05:47:40] Warning: Initial value for parameter CPXPARAM_MIP_Limits_ProbeTime is forbidden. So unforbidden it for the ILS initial configuration at iteration 3.
[INFO]:[05:47:40] ILS search space file written: /scratch/yorig/mpils-results-grid-ticks-10000-7may/medium-2/24proc-24pils/seed-5/9_supportcase6_seed-5_20260510_054653/iterated_local_search/search_space/search_space_file_3_worker_21.txt
[INFO]:[05:47:40] Writing ILS search space file for worker 22...
[INFO]:[05:47:40] Warning: Initial value for parameter CPXPARAM_Emphasis_MIP is forbidden. So unforbidden it for the ILS initial configuration at iteration 3.
[INFO]:[05:47:40] Warning: Initial value for parameter CPXPARAM_MIP_Limits_ProbeTime is forbidden. So unforbidden it for the ILS initial configuration at iteration 3.
[INFO]:[05:47:40] ILS search space file written: /scratch/yorig/mpils-results-grid-ticks-10000-7may/medium-2/24proc-24pils/seed-5/9_supportcase6_seed-5_20260510_054653/iterated_local_search/search_space/search_space_file_3_worker_22.txt
[INFO]:[05:47:40] Writing ILS search space file for worker 23...
[INFO]:[05:47:40] Warning: Initial value for parameter CPXPARAM_Emphasis_MIP is forbidden. So unforbidden it for the ILS initial configuration at iteration 3.
[INFO]:[05:47:40] Warning: Initial value for parameter CPXPARAM_MIP_Limits_ProbeTime is forbidden. So unforbidden it for the ILS initial configuration at iteration 3.
[INFO]:[05:47:40] ILS search space file written: /scratch/yorig/mpils-results-grid-ticks-10000-7may/medium-2/24proc-24pils/seed-5/9_supportcase6_seed-5_20260510_054653/iterated_local_search/search_space/search_space_file_3_worker_23.txt
[INFO]:[05:47:40] Launching Local Search Workers via MPI...
[INFO]:[05:47:40] Local Search Workers launched.
[INFO]:[05:47:40] Starting local search phase...
[INFO]:[05:47:40] Creating local search space from parameter space file: /scratch/yorig/mpils-results-grid-ticks-10000-7may/medium-2/24proc-24pils/seed-5/9_supportcase6_seed-5_20260510_054653/iterated_local_search/search_space/search_space_file_3.txt
[INFO]:[05:47:40] Local search space loaded from file: /scratch/yorig/mpils-results-grid-ticks-10000-7may/medium-2/24proc-24pils/seed-5/9_supportcase6_seed-5_20260510_054653/iterated_local_search/search_space/search_space_file_3.txt
[INFO]:[05:47:40] Number of parameters in local search space: 71
[INFO]:[05:47:40] Number of forbidden tuples in local search space: 3
[INFO]:[05:47:40] Number of conditionals in local search space: 6
[INFO]:[05:47:40] MIP start option not enabled. Local search will proceed without MIP start.
[INFO]:[05:47:40] Seeded initial configuration into local search cache with known objective value: 13.33
[INFO]:[05:47:40] Starting CPLEX solver on instance: /home/yorig/tuner/mpils-tests/instances/miplib/medium-2/supportcase6.mps with config: /scratch/yorig/mpils-results-grid-ticks-10000-7may/medium-2/24proc-24pils/seed-5/9_supportcase6_seed-5_20260510_054653/iterated_local_search/run_3_worker_0/ils_config_17714426819797085954.prm
[INFO]:[05:47:40] Starting CPLEX solver on instance: /home/yorig/tuner/mpils-tests/instances/miplib/medium-2/supportcase6.mps with config: /scratch/yorig/mpils-results-grid-ticks-10000-7may/medium-2/24proc-24pils/seed-5/9_supportcase6_seed-5_20260510_054653/iterated_local_search/run_3_worker_0/ils_config_17714426819797085954.prm
[INFO]:[05:47:46] CPLEX results. Gap: 13.330000, upper bound: 52112.367686, lower bound: 45165.579073
[INFO]:[05:47:46] CPLEX solver finished. Gap: 13.330000
[INFO]:[05:47:47] New incumbent found with objective value: 13.12
[INFO]:[05:47:47] Local search phase completed.
[INFO]:[05:47:47] Total number of new local-search evaluations: 24
[INFO]:[05:47:47] Final incumbent objective value: 13.12
[INFO]:[05:47:47] recordEvaluation produced_mip_start=0 mip_start_file=''
[DEBUG]:[05:47:47] Added evaluation to memory with objective: 13.33, ConfigId: 17714426819797085954, EvalId: 127. Total evaluations stored: 127
[INFO]:[05:47:47] recordEvaluation produced_mip_start=0 mip_start_file=''
[DEBUG]:[05:47:47] Added evaluation to memory with objective: 27.39, ConfigId: 4967310817370653258, EvalId: 128. Total evaluations stored: 128
[INFO]:[05:47:47] recordEvaluation produced_mip_start=0 mip_start_file=''
[DEBUG]:[05:47:47] Added evaluation to memory with objective: 37.64, ConfigId: 2121738315727183188, EvalId: 129. Total evaluations stored: 129
[INFO]:[05:47:47] recordEvaluation produced_mip_start=0 mip_start_file=''
[DEBUG]:[05:47:47] Added evaluation to memory with objective: 13.33, ConfigId: 7752555241941952730, EvalId: 130. Total evaluations stored: 130
[INFO]:[05:47:47] recordEvaluation produced_mip_start=0 mip_start_file=''
[DEBUG]:[05:47:47] Added evaluation to memory with objective: 13.33, ConfigId: 14537623777442270494, EvalId: 131. Total evaluations stored: 131
[INFO]:[05:47:47] recordEvaluation produced_mip_start=0 mip_start_file=''
[DEBUG]:[05:47:47] Added evaluation to memory with objective: 55.98, ConfigId: 14341180535920591746, EvalId: 132. Total evaluations stored: 132
[INFO]:[05:47:47] recordEvaluation produced_mip_start=0 mip_start_file=''
[DEBUG]:[05:47:47] Added evaluation to memory with objective: 13.33, ConfigId: 14260343337239193743, EvalId: 133. Total evaluations stored: 133
[INFO]:[05:47:47] recordEvaluation produced_mip_start=0 mip_start_file=''
[DEBUG]:[05:47:47] Added evaluation to memory with objective: 13.33, ConfigId: 12917229922977884136, EvalId: 134. Total evaluations stored: 134
[INFO]:[05:47:47] recordEvaluation produced_mip_start=0 mip_start_file=''
[DEBUG]:[05:47:47] Added evaluation to memory with objective: 13.33, ConfigId: 1775342314994906088, EvalId: 135. Total evaluations stored: 135
[INFO]:[05:47:47] recordEvaluation produced_mip_start=0 mip_start_file=''
[DEBUG]:[05:47:47] Added evaluation to memory with objective: 13.33, ConfigId: 11675863822525916300, EvalId: 136. Total evaluations stored: 136
[INFO]:[05:47:47] recordEvaluation produced_mip_start=0 mip_start_file=''
[DEBUG]:[05:47:47] Added evaluation to memory with objective: 55.98, ConfigId: 15153585002343559089, EvalId: 137. Total evaluations stored: 137
[INFO]:[05:47:47] recordEvaluation produced_mip_start=0 mip_start_file=''
[DEBUG]:[05:47:47] Added evaluation to memory with objective: 13.33, ConfigId: 10364532796683009018, EvalId: 138. Total evaluations stored: 138
[INFO]:[05:47:47] recordEvaluation produced_mip_start=0 mip_start_file=''
[DEBUG]:[05:47:47] Added evaluation to memory with objective: 13.33, ConfigId: 12287510286272910938, EvalId: 139. Total evaluations stored: 139
[INFO]:[05:47:47] recordEvaluation produced_mip_start=0 mip_start_file=''
[DEBUG]:[05:47:47] Added evaluation to memory with objective: 13.33, ConfigId: 16937172654021476732, EvalId: 140. Total evaluations stored: 140
[INFO]:[05:47:47] recordEvaluation produced_mip_start=0 mip_start_file=''
[DEBUG]:[05:47:47] Added evaluation to memory with objective: 13.33, ConfigId: 17915298526350498775, EvalId: 141. Total evaluations stored: 141
[INFO]:[05:47:47] recordEvaluation produced_mip_start=0 mip_start_file=''
[DEBUG]:[05:47:47] Added evaluation to memory with objective: 13.12, ConfigId: 8836622251477270786, EvalId: 142. Total evaluations stored: 142
[INFO]:[05:47:47] recordEvaluation produced_mip_start=0 mip_start_file=''
[DEBUG]:[05:47:47] Added evaluation to memory with objective: 13.33, ConfigId: 2170495420145092781, EvalId: 143. Total evaluations stored: 143
[INFO]:[05:47:47] recordEvaluation produced_mip_start=0 mip_start_file=''
[DEBUG]:[05:47:47] Added evaluation to memory with objective: 13.34, ConfigId: 12108694376481573477, EvalId: 144. Total evaluations stored: 144
[INFO]:[05:47:47] recordEvaluation produced_mip_start=0 mip_start_file=''
[DEBUG]:[05:47:47] Added evaluation to memory with objective: 13.33, ConfigId: 16262549082695527962, EvalId: 145. Total evaluations stored: 145
[INFO]:[05:47:47] recordEvaluation produced_mip_start=0 mip_start_file=''
[DEBUG]:[05:47:47] Added evaluation to memory with objective: 13.33, ConfigId: 73099419068173896, EvalId: 146. Total evaluations stored: 146
[INFO]:[05:47:47] recordEvaluation produced_mip_start=0 mip_start_file=''
[DEBUG]:[05:47:47] Added evaluation to memory with objective: 55.98, ConfigId: 9062476168444554196, EvalId: 147. Total evaluations stored: 147
[INFO]:[05:47:47] recordEvaluation produced_mip_start=0 mip_start_file=''
[DEBUG]:[05:47:47] Added evaluation to memory with objective: 13.33, ConfigId: 8763825635012139538, EvalId: 148. Total evaluations stored: 148
[INFO]:[05:47:47] recordEvaluation produced_mip_start=0 mip_start_file=''
[DEBUG]:[05:47:47] Added evaluation to memory with objective: 13.33, ConfigId: 13371313575699955561, EvalId: 149. Total evaluations stored: 149
[INFO]:[05:47:47] recordEvaluation produced_mip_start=0 mip_start_file=''
[DEBUG]:[05:47:47] Added evaluation to memory with objective: 55.98, ConfigId: 927790723141270641, EvalId: 150. Total evaluations stored: 150
[INFO]:[05:47:47] Waiting for Local Search Workers via MPI...
[INFO]:[05:47:47] Local Search Workers have completed.
[INFO]:[05:47:47] IteratedLocalSearch Engine completed.
[INFO]:[05:47:47] Added24 evaluations to memory from exploration phase at iteration 3
[INFO]:[05:47:47] Exploration phase completed.
[INFO]:[05:47:47] Starting expansion phase...
[INFO]:[05:47:47] Selecting parameters for expansion phase...
[INFO]:[05:47:47] Selected expansion parameters: 10
[INFO]:[05:47:47] Creating configuration files for expansion parameters...
[INFO]:[05:47:47] Creating configurations for parameter: CPXPARAM_MIP_Strategy_SubAlgorithm
[DEBUG]:[05:47:47] Parameter CPXPARAM_MIP_Strategy_SubAlgorithm will be evaluated on 5 alternative value(s) after excluding the current base configuration value.
[DEBUG]:[05:47:47] Created configuration file for parameter CPXPARAM_MIP_Strategy_SubAlgorithm with value 1 at /scratch/yorig/mpils-results-grid-ticks-10000-7may/medium-2/24proc-24pils/seed-5/9_supportcase6_seed-5_20260510_054653/expansion/config_param_CPXPARAM_MIP_Strategy_SubAlgorithm_1_iter_3.prm
[DEBUG]:[05:47:47] Created configuration file for parameter CPXPARAM_MIP_Strategy_SubAlgorithm with value 2 at /scratch/yorig/mpils-results-grid-ticks-10000-7may/medium-2/24proc-24pils/seed-5/9_supportcase6_seed-5_20260510_054653/expansion/config_param_CPXPARAM_MIP_Strategy_SubAlgorithm_2_iter_3.prm
[DEBUG]:[05:47:47] Created configuration file for parameter CPXPARAM_MIP_Strategy_SubAlgorithm with value 3 at /scratch/yorig/mpils-results-grid-ticks-10000-7may/medium-2/24proc-24pils/seed-5/9_supportcase6_seed-5_20260510_054653/expansion/config_param_CPXPARAM_MIP_Strategy_SubAlgorithm_3_iter_3.prm
[DEBUG]:[05:47:47] Created configuration file for parameter CPXPARAM_MIP_Strategy_SubAlgorithm with value 4 at /scratch/yorig/mpils-results-grid-ticks-10000-7may/medium-2/24proc-24pils/seed-5/9_supportcase6_seed-5_20260510_054653/expansion/config_param_CPXPARAM_MIP_Strategy_SubAlgorithm_4_iter_3.prm
[DEBUG]:[05:47:47] Created configuration file for parameter CPXPARAM_MIP_Strategy_SubAlgorithm with value 5 at /scratch/yorig/mpils-results-grid-ticks-10000-7may/medium-2/24proc-24pils/seed-5/9_supportcase6_seed-5_20260510_054653/expansion/config_param_CPXPARAM_MIP_Strategy_SubAlgorithm_5_iter_3.prm
[INFO]:[05:47:47] Creating configurations for parameter: CPXPARAM_Simplex_DGradient
[DEBUG]:[05:47:47] Parameter CPXPARAM_Simplex_DGradient will be evaluated on 5 alternative value(s) after excluding the current base configuration value.
[DEBUG]:[05:47:47] Created configuration file for parameter CPXPARAM_Simplex_DGradient with value 1 at /scratch/yorig/mpils-results-grid-ticks-10000-7may/medium-2/24proc-24pils/seed-5/9_supportcase6_seed-5_20260510_054653/expansion/config_param_CPXPARAM_Simplex_DGradient_1_iter_3.prm
[DEBUG]:[05:47:47] Created configuration file for parameter CPXPARAM_Simplex_DGradient with value 2 at /scratch/yorig/mpils-results-grid-ticks-10000-7may/medium-2/24proc-24pils/seed-5/9_supportcase6_seed-5_20260510_054653/expansion/config_param_CPXPARAM_Simplex_DGradient_2_iter_3.prm
[DEBUG]:[05:47:47] Created configuration file for parameter CPXPARAM_Simplex_DGradient with value 3 at /scratch/yorig/mpils-results-grid-ticks-10000-7may/medium-2/24proc-24pils/seed-5/9_supportcase6_seed-5_20260510_054653/expansion/config_param_CPXPARAM_Simplex_DGradient_3_iter_3.prm
[DEBUG]:[05:47:47] Created configuration file for parameter CPXPARAM_Simplex_DGradient with value 4 at /scratch/yorig/mpils-results-grid-ticks-10000-7may/medium-2/24proc-24pils/seed-5/9_supportcase6_seed-5_20260510_054653/expansion/config_param_CPXPARAM_Simplex_DGradient_4_iter_3.prm
[DEBUG]:[05:47:47] Created configuration file for parameter CPXPARAM_Simplex_DGradient with value 5 at /scratch/yorig/mpils-results-grid-ticks-10000-7may/medium-2/24proc-24pils/seed-5/9_supportcase6_seed-5_20260510_054653/expansion/config_param_CPXPARAM_Simplex_DGradient_5_iter_3.prm
[INFO]:[05:47:47] Creating configurations for parameter: CPXPARAM_Simplex_PGradient
[DEBUG]:[05:47:47] Parameter CPXPARAM_Simplex_PGradient will be evaluated on 5 alternative value(s) after excluding the current base configuration value.
[DEBUG]:[05:47:47] Created configuration file for parameter CPXPARAM_Simplex_PGradient with value -1 at /scratch/yorig/mpils-results-grid-ticks-10000-7may/medium-2/24proc-24pils/seed-5/9_supportcase6_seed-5_20260510_054653/expansion/config_param_CPXPARAM_Simplex_PGradient_-1_iter_3.prm
[DEBUG]:[05:47:47] Created configuration file for parameter CPXPARAM_Simplex_PGradient with value 1 at /scratch/yorig/mpils-results-grid-ticks-10000-7may/medium-2/24proc-24pils/seed-5/9_supportcase6_seed-5_20260510_054653/expansion/config_param_CPXPARAM_Simplex_PGradient_1_iter_3.prm
[DEBUG]:[05:47:47] Created configuration file for parameter CPXPARAM_Simplex_PGradient with value 2 at /scratch/yorig/mpils-results-grid-ticks-10000-7may/medium-2/24proc-24pils/seed-5/9_supportcase6_seed-5_20260510_054653/expansion/config_param_CPXPARAM_Simplex_PGradient_2_iter_3.prm
[DEBUG]:[05:47:47] Created configuration file for parameter CPXPARAM_Simplex_PGradient with value 3 at /scratch/yorig/mpils-results-grid-ticks-10000-7may/medium-2/24proc-24pils/seed-5/9_supportcase6_seed-5_20260510_054653/expansion/config_param_CPXPARAM_Simplex_PGradient_3_iter_3.prm
[DEBUG]:[05:47:47] Created configuration file for parameter CPXPARAM_Simplex_PGradient with value 4 at /scratch/yorig/mpils-results-grid-ticks-10000-7may/medium-2/24proc-24pils/seed-5/9_supportcase6_seed-5_20260510_054653/expansion/config_param_CPXPARAM_Simplex_PGradient_4_iter_3.prm
[INFO]:[05:47:47] Creating configurations for parameter: CPXPARAM_Advance
[DEBUG]:[05:47:47] Parameter CPXPARAM_Advance will be evaluated on 2 alternative value(s) after excluding the current base configuration value.
[DEBUG]:[05:47:47] Created configuration file for parameter CPXPARAM_Advance with value 0 at /scratch/yorig/mpils-results-grid-ticks-10000-7may/medium-2/24proc-24pils/seed-5/9_supportcase6_seed-5_20260510_054653/expansion/config_param_CPXPARAM_Advance_0_iter_3.prm
[DEBUG]:[05:47:47] Created configuration file for parameter CPXPARAM_Advance with value 2 at /scratch/yorig/mpils-results-grid-ticks-10000-7may/medium-2/24proc-24pils/seed-5/9_supportcase6_seed-5_20260510_054653/expansion/config_param_CPXPARAM_Advance_2_iter_3.prm
[INFO]:[05:47:47] Creating configurations for parameter: CPXPARAM_MIP_Limits_AggForCut
[DEBUG]:[05:47:47] Parameter CPXPARAM_MIP_Limits_AggForCut will be evaluated on 5 alternative value(s) after excluding the current base configuration value.
[DEBUG]:[05:47:47] Created configuration file for parameter CPXPARAM_MIP_Limits_AggForCut with value 0 at /scratch/yorig/mpils-results-grid-ticks-10000-7may/medium-2/24proc-24pils/seed-5/9_supportcase6_seed-5_20260510_054653/expansion/config_param_CPXPARAM_MIP_Limits_AggForCut_0_iter_3.prm
[DEBUG]:[05:47:47] Created configuration file for parameter CPXPARAM_MIP_Limits_AggForCut with value 1 at /scratch/yorig/mpils-results-grid-ticks-10000-7may/medium-2/24proc-24pils/seed-5/9_supportcase6_seed-5_20260510_054653/expansion/config_param_CPXPARAM_MIP_Limits_AggForCut_1_iter_3.prm
[DEBUG]:[05:47:47] Created configuration file for parameter CPXPARAM_MIP_Limits_AggForCut with value 2 at /scratch/yorig/mpils-results-grid-ticks-10000-7may/medium-2/24proc-24pils/seed-5/9_supportcase6_seed-5_20260510_054653/expansion/config_param_CPXPARAM_MIP_Limits_AggForCut_2_iter_3.prm
[DEBUG]:[05:47:47] Created configuration file for parameter CPXPARAM_MIP_Limits_AggForCut with value 5 at /scratch/yorig/mpils-results-grid-ticks-10000-7may/medium-2/24proc-24pils/seed-5/9_supportcase6_seed-5_20260510_054653/expansion/config_param_CPXPARAM_MIP_Limits_AggForCut_5_iter_3.prm
[DEBUG]:[05:47:47] Created configuration file for parameter CPXPARAM_MIP_Limits_AggForCut with value 10 at /scratch/yorig/mpils-results-grid-ticks-10000-7may/medium-2/24proc-24pils/seed-5/9_supportcase6_seed-5_20260510_054653/expansion/config_param_CPXPARAM_MIP_Limits_AggForCut_10_iter_3.prm
[INFO]:[05:47:47] Creating configurations for parameter: CPXPARAM_Preprocessing_Fill
[DEBUG]:[05:47:47] Parameter CPXPARAM_Preprocessing_Fill will be evaluated on 4 alternative value(s) after excluding the current base configuration value.
[DEBUG]:[05:47:47] Created configuration file for parameter CPXPARAM_Preprocessing_Fill with value 2 at /scratch/yorig/mpils-results-grid-ticks-10000-7may/medium-2/24proc-24pils/seed-5/9_supportcase6_seed-5_20260510_054653/expansion/config_param_CPXPARAM_Preprocessing_Fill_2_iter_3.prm
[DEBUG]:[05:47:47] Created configuration file for parameter CPXPARAM_Preprocessing_Fill with value 5 at /scratch/yorig/mpils-results-grid-ticks-10000-7may/medium-2/24proc-24pils/seed-5/9_supportcase6_seed-5_20260510_054653/expansion/config_param_CPXPARAM_Preprocessing_Fill_5_iter_3.prm
[DEBUG]:[05:47:47] Created configuration file for parameter CPXPARAM_Preprocessing_Fill with value 20 at /scratch/yorig/mpils-results-grid-ticks-10000-7may/medium-2/24proc-24pils/seed-5/9_supportcase6_seed-5_20260510_054653/expansion/config_param_CPXPARAM_Preprocessing_Fill_20_iter_3.prm
[DEBUG]:[05:47:47] Created configuration file for parameter CPXPARAM_Preprocessing_Fill with value 40 at /scratch/yorig/mpils-results-grid-ticks-10000-7may/medium-2/24proc-24pils/seed-5/9_supportcase6_seed-5_20260510_054653/expansion/config_param_CPXPARAM_Preprocessing_Fill_40_iter_3.prm
[INFO]:[05:47:47] Creating configurations for parameter: CPXPARAM_Barrier_Crossover
[DEBUG]:[05:47:47] Parameter CPXPARAM_Barrier_Crossover will be evaluated on 2 alternative value(s) after excluding the current base configuration value.
[DEBUG]:[05:47:47] Created configuration file for parameter CPXPARAM_Barrier_Crossover with value 1 at /scratch/yorig/mpils-results-grid-ticks-10000-7may/medium-2/24proc-24pils/seed-5/9_supportcase6_seed-5_20260510_054653/expansion/config_param_CPXPARAM_Barrier_Crossover_1_iter_3.prm
[DEBUG]:[05:47:47] Created configuration file for parameter CPXPARAM_Barrier_Crossover with value 2 at /scratch/yorig/mpils-results-grid-ticks-10000-7may/medium-2/24proc-24pils/seed-5/9_supportcase6_seed-5_20260510_054653/expansion/config_param_CPXPARAM_Barrier_Crossover_2_iter_3.prm
[INFO]:[05:47:47] Creating configurations for parameter: CPXPARAM_Barrier_Ordering
[DEBUG]:[05:47:47] Parameter CPXPARAM_Barrier_Ordering will be evaluated on 3 alternative value(s) after excluding the current base configuration value.
[DEBUG]:[05:47:47] Created configuration file for parameter CPXPARAM_Barrier_Ordering with value 1 at /scratch/yorig/mpils-results-grid-ticks-10000-7may/medium-2/24proc-24pils/seed-5/9_supportcase6_seed-5_20260510_054653/expansion/config_param_CPXPARAM_Barrier_Ordering_1_iter_3.prm
[DEBUG]:[05:47:47] Created configuration file for parameter CPXPARAM_Barrier_Ordering with value 2 at /scratch/yorig/mpils-results-grid-ticks-10000-7may/medium-2/24proc-24pils/seed-5/9_supportcase6_seed-5_20260510_054653/expansion/config_param_CPXPARAM_Barrier_Ordering_2_iter_3.prm
[DEBUG]:[05:47:47] Created configuration file for parameter CPXPARAM_Barrier_Ordering with value 3 at /scratch/yorig/mpils-results-grid-ticks-10000-7may/medium-2/24proc-24pils/seed-5/9_supportcase6_seed-5_20260510_054653/expansion/config_param_CPXPARAM_Barrier_Ordering_3_iter_3.prm
[INFO]:[05:47:47] Creating configurations for parameter: CPXPARAM_Barrier_StartAlg
[DEBUG]:[05:47:47] Parameter CPXPARAM_Barrier_StartAlg will be evaluated on 3 alternative value(s) after excluding the current base configuration value.
[DEBUG]:[05:47:47] Created configuration file for parameter CPXPARAM_Barrier_StartAlg with value 2 at /scratch/yorig/mpils-results-grid-ticks-10000-7may/medium-2/24proc-24pils/seed-5/9_supportcase6_seed-5_20260510_054653/expansion/config_param_CPXPARAM_Barrier_StartAlg_2_iter_3.prm
[DEBUG]:[05:47:47] Created configuration file for parameter CPXPARAM_Barrier_StartAlg with value 3 at /scratch/yorig/mpils-results-grid-ticks-10000-7may/medium-2/24proc-24pils/seed-5/9_supportcase6_seed-5_20260510_054653/expansion/config_param_CPXPARAM_Barrier_StartAlg_3_iter_3.prm
[DEBUG]:[05:47:47] Created configuration file for parameter CPXPARAM_Barrier_StartAlg with value 4 at /scratch/yorig/mpils-results-grid-ticks-10000-7may/medium-2/24proc-24pils/seed-5/9_supportcase6_seed-5_20260510_054653/expansion/config_param_CPXPARAM_Barrier_StartAlg_4_iter_3.prm
[INFO]:[05:47:47] Creating configurations for parameter: CPXPARAM_Preprocessing_BoundStrength
[DEBUG]:[05:47:47] Parameter CPXPARAM_Preprocessing_BoundStrength will be evaluated on 2 alternative value(s) after excluding the current base configuration value.
[DEBUG]:[05:47:47] Created configuration file for parameter CPXPARAM_Preprocessing_BoundStrength with value 0 at /scratch/yorig/mpils-results-grid-ticks-10000-7may/medium-2/24proc-24pils/seed-5/9_supportcase6_seed-5_20260510_054653/expansion/config_param_CPXPARAM_Preprocessing_BoundStrength_0_iter_3.prm
[DEBUG]:[05:47:47] Created configuration file for parameter CPXPARAM_Preprocessing_BoundStrength with value 1 at /scratch/yorig/mpils-results-grid-ticks-10000-7may/medium-2/24proc-24pils/seed-5/9_supportcase6_seed-5_20260510_054653/expansion/config_param_CPXPARAM_Preprocessing_BoundStrength_1_iter_3.prm
[INFO]:[05:47:47] Created 36 configuration files for expansion phase at iteration 3.
[INFO]:[05:47:47] Skipped 0 expansion parameter(s) with no alternative value to evaluate.
[INFO]:[05:47:47] Launching Expansion Workers via MPI...
[INFO]:[05:47:47] Expansion Workers launched.
[INFO]:[05:47:47] Evaluating expansion parameters...
[INFO]:[05:47:47] Starting CPLEX solver on instance: /home/yorig/tuner/mpils-tests/instances/miplib/medium-2/supportcase6.mps with config: /scratch/yorig/mpils-results-grid-ticks-10000-7may/medium-2/24proc-24pils/seed-5/9_supportcase6_seed-5_20260510_054653/expansion/config_param_CPXPARAM_MIP_Strategy_SubAlgorithm_1_iter_3.prm
[INFO]:[05:47:52] CPLEX results. Gap: 13.150000, upper bound: 51999.634479, lower bound: 45160.585035
[INFO]:[05:47:52] CPLEX solver finished. Gap: 13.150000
[INFO]:[05:47:53] Starting CPLEX solver on instance: /home/yorig/tuner/mpils-tests/instances/miplib/medium-2/supportcase6.mps with config: /scratch/yorig/mpils-results-grid-ticks-10000-7may/medium-2/24proc-24pils/seed-5/9_supportcase6_seed-5_20260510_054653/expansion/config_param_CPXPARAM_Preprocessing_Fill_20_iter_3.prm
[INFO]:[05:47:59] CPLEX results. Gap: 13.170000, upper bound: 52014.262616, lower bound: 45164.247699
[INFO]:[05:47:59] CPLEX solver finished. Gap: 13.170000
[INFO]:[05:47:59] recordEvaluation produced_mip_start=0 mip_start_file=''
[DEBUG]:[05:47:59] Added evaluation to memory with objective: 13.15, ConfigId: 14687499962023047693, EvalId: 151. Total evaluations stored: 151
[INFO]:[05:47:59] recordEvaluation produced_mip_start=0 mip_start_file=''
[DEBUG]:[05:47:59] Added evaluation to memory with objective: 13.12, ConfigId: 12330825674803741298, EvalId: 152. Total evaluations stored: 152
[INFO]:[05:47:59] recordEvaluation produced_mip_start=0 mip_start_file=''
[DEBUG]:[05:47:59] Added evaluation to memory with objective: 56.05, ConfigId: 6920579821044851952, EvalId: 153. Total evaluations stored: 153
[INFO]:[05:47:59] recordEvaluation produced_mip_start=0 mip_start_file=''
[DEBUG]:[05:47:59] Added evaluation to memory with objective: 56.05, ConfigId: 8770638346313430570, EvalId: 154. Total evaluations stored: 154
[INFO]:[05:47:59] recordEvaluation produced_mip_start=0 mip_start_file=''
[DEBUG]:[05:47:59] Added evaluation to memory with objective: 55.98, ConfigId: 2144961871199492019, EvalId: 155. Total evaluations stored: 155
[INFO]:[05:47:59] recordEvaluation produced_mip_start=0 mip_start_file=''
[DEBUG]:[05:47:59] Added evaluation to memory with objective: 56.05, ConfigId: 16804701753130778239, EvalId: 156. Total evaluations stored: 156
[INFO]:[05:47:59] recordEvaluation produced_mip_start=0 mip_start_file=''
[DEBUG]:[05:47:59] Added evaluation to memory with objective: 13.12, ConfigId: 9165806703458290810, EvalId: 157. Total evaluations stored: 157
[INFO]:[05:47:59] recordEvaluation produced_mip_start=0 mip_start_file=''
[DEBUG]:[05:47:59] Added evaluation to memory with objective: 100, ConfigId: 7059165539383349938, EvalId: 158. Total evaluations stored: 158
[INFO]:[05:47:59] recordEvaluation produced_mip_start=0 mip_start_file=''
[DEBUG]:[05:47:59] Added evaluation to memory with objective: 27.35, ConfigId: 16623177201844222937, EvalId: 159. Total evaluations stored: 159
[INFO]:[05:47:59] recordEvaluation produced_mip_start=0 mip_start_file=''
[DEBUG]:[05:47:59] Added evaluation to memory with objective: 45.25, ConfigId: 9888580421951060062, EvalId: 160. Total evaluations stored: 160
[INFO]:[05:47:59] recordEvaluation produced_mip_start=0 mip_start_file=''
[DEBUG]:[05:47:59] Added evaluation to memory with objective: 13.12, ConfigId: 9388410385410983095, EvalId: 161. Total evaluations stored: 161
[INFO]:[05:47:59] recordEvaluation produced_mip_start=0 mip_start_file=''
[DEBUG]:[05:47:59] Added evaluation to memory with objective: 13.12, ConfigId: 14620315686499729326, EvalId: 162. Total evaluations stored: 162
[INFO]:[05:47:59] recordEvaluation produced_mip_start=0 mip_start_file=''
[DEBUG]:[05:47:59] Added evaluation to memory with objective: 13.12, ConfigId: 13335163169591507091, EvalId: 163. Total evaluations stored: 163
[INFO]:[05:47:59] recordEvaluation produced_mip_start=0 mip_start_file=''
[DEBUG]:[05:47:59] Added evaluation to memory with objective: 13.12, ConfigId: 17349188390279796162, EvalId: 164. Total evaluations stored: 164
[INFO]:[05:47:59] recordEvaluation produced_mip_start=0 mip_start_file=''
[DEBUG]:[05:47:59] Added evaluation to memory with objective: 13.12, ConfigId: 6193772555796438132, EvalId: 165. Total evaluations stored: 165
[INFO]:[05:47:59] recordEvaluation produced_mip_start=0 mip_start_file=''
[DEBUG]:[05:47:59] Added evaluation to memory with objective: 13.12, ConfigId: 16252238304235260505, EvalId: 166. Total evaluations stored: 166
[INFO]:[05:47:59] recordEvaluation produced_mip_start=0 mip_start_file=''
[DEBUG]:[05:47:59] Added evaluation to memory with objective: 13.12, ConfigId: 4818792356083993338, EvalId: 167. Total evaluations stored: 167
[INFO]:[05:47:59] recordEvaluation produced_mip_start=0 mip_start_file=''
[DEBUG]:[05:47:59] Added evaluation to memory with objective: 13.12, ConfigId: 14566534216436441761, EvalId: 168. Total evaluations stored: 168
[INFO]:[05:47:59] recordEvaluation produced_mip_start=0 mip_start_file=''
[DEBUG]:[05:47:59] Added evaluation to memory with objective: 13.12, ConfigId: 13549156859460776501, EvalId: 169. Total evaluations stored: 169
[INFO]:[05:47:59] recordEvaluation produced_mip_start=0 mip_start_file=''
[DEBUG]:[05:47:59] Added evaluation to memory with objective: 13.12, ConfigId: 1676378417595367825, EvalId: 170. Total evaluations stored: 170
[INFO]:[05:47:59] recordEvaluation produced_mip_start=0 mip_start_file=''
[DEBUG]:[05:47:59] Added evaluation to memory with objective: 13.12, ConfigId: 15904436296232146411, EvalId: 171. Total evaluations stored: 171
[INFO]:[05:47:59] recordEvaluation produced_mip_start=0 mip_start_file=''
[DEBUG]:[05:47:59] Added evaluation to memory with objective: 13.12, ConfigId: 4392057593085613748, EvalId: 172. Total evaluations stored: 172
[INFO]:[05:47:59] recordEvaluation produced_mip_start=0 mip_start_file=''
[DEBUG]:[05:47:59] Added evaluation to memory with objective: 13.12, ConfigId: 4696070420916914573, EvalId: 173. Total evaluations stored: 173
[INFO]:[05:47:59] recordEvaluation produced_mip_start=0 mip_start_file=''
[DEBUG]:[05:47:59] Added evaluation to memory with objective: 13.12, ConfigId: 13701537821557161001, EvalId: 174. Total evaluations stored: 174
[INFO]:[05:47:59] recordEvaluation produced_mip_start=0 mip_start_file=''
[DEBUG]:[05:47:59] Added evaluation to memory with objective: 13.17, ConfigId: 3424528037094177308, EvalId: 175. Total evaluations stored: 175
[INFO]:[05:47:59] recordEvaluation produced_mip_start=0 mip_start_file=''
[DEBUG]:[05:47:59] Added evaluation to memory with objective: 59.88, ConfigId: 7274098320003493196, EvalId: 176. Total evaluations stored: 176
[INFO]:[05:47:59] recordEvaluation produced_mip_start=0 mip_start_file=''
[DEBUG]:[05:47:59] Added evaluation to memory with objective: 13.12, ConfigId: 13177184363007900551, EvalId: 177. Total evaluations stored: 177
[INFO]:[05:47:59] recordEvaluation produced_mip_start=0 mip_start_file=''
[DEBUG]:[05:47:59] Added evaluation to memory with objective: 13.12, ConfigId: 12972163610761471266, EvalId: 178. Total evaluations stored: 178
[INFO]:[05:47:59] recordEvaluation produced_mip_start=0 mip_start_file=''
[DEBUG]:[05:47:59] Added evaluation to memory with objective: 13.12, ConfigId: 8873286271883847410, EvalId: 179. Total evaluations stored: 179
[INFO]:[05:47:59] recordEvaluation produced_mip_start=0 mip_start_file=''
[DEBUG]:[05:47:59] Added evaluation to memory with objective: 13.12, ConfigId: 8013359231753139992, EvalId: 180. Total evaluations stored: 180
[INFO]:[05:47:59] recordEvaluation produced_mip_start=0 mip_start_file=''
[DEBUG]:[05:47:59] Added evaluation to memory with objective: 13.12, ConfigId: 8470884480751642245, EvalId: 181. Total evaluations stored: 181
[INFO]:[05:47:59] recordEvaluation produced_mip_start=0 mip_start_file=''
[DEBUG]:[05:47:59] Added evaluation to memory with objective: 13.12, ConfigId: 9101315924333264525, EvalId: 182. Total evaluations stored: 182
[INFO]:[05:47:59] recordEvaluation produced_mip_start=0 mip_start_file=''
[DEBUG]:[05:47:59] Added evaluation to memory with objective: 13.12, ConfigId: 11542764852104204256, EvalId: 183. Total evaluations stored: 183
[INFO]:[05:47:59] recordEvaluation produced_mip_start=0 mip_start_file=''
[DEBUG]:[05:47:59] Added evaluation to memory with objective: 13.12, ConfigId: 590329744761534093, EvalId: 184. Total evaluations stored: 184
[INFO]:[05:47:59] recordEvaluation produced_mip_start=0 mip_start_file=''
[DEBUG]:[05:47:59] Added evaluation to memory with objective: 13.12, ConfigId: 6133542821606121510, EvalId: 185. Total evaluations stored: 185
[INFO]:[05:47:59] recordEvaluation produced_mip_start=0 mip_start_file=''
[DEBUG]:[05:47:59] Added evaluation to memory with objective: 13.12, ConfigId: 17084405244645526591, EvalId: 186. Total evaluations stored: 186
[INFO]:[05:47:59] Waiting for Expansion Workers via MPI...
[INFO]:[05:47:59] Expansion Workers have completed.
[INFO]:[05:47:59] Evaluated expansion parameters: 10
[INFO]:[05:47:59] Classifying expansion parameters...
[DEBUG]:[05:47:59] Parameter CPXPARAM_MIP_Strategy_SubAlgorithm valid evaluations: 5, invalid evaluations: 0, c_p: 13.12, s_p: 37.1583, selected_stage_1: No, discarded_by_threshold: No
[DEBUG]:[05:47:59] Parameter CPXPARAM_Simplex_DGradient valid evaluations: 5, invalid evaluations: 0, c_p: 13.12, s_p: 51.5411, selected_stage_1: No, discarded_by_threshold: No
[DEBUG]:[05:47:59] Parameter CPXPARAM_Simplex_PGradient valid evaluations: 5, invalid evaluations: 0, c_p: 13.12, s_p: 0, selected_stage_1: No, discarded_by_threshold: No
[DEBUG]:[05:47:59] Parameter CPXPARAM_Advance valid evaluations: 2, invalid evaluations: 0, c_p: 13.12, s_p: 0, selected_stage_1: No, discarded_by_threshold: No
[DEBUG]:[05:47:59] Parameter CPXPARAM_MIP_Limits_AggForCut valid evaluations: 5, invalid evaluations: 0, c_p: 13.12, s_p: 0, selected_stage_1: No, discarded_by_threshold: No
[DEBUG]:[05:47:59] Parameter CPXPARAM_Preprocessing_Fill valid evaluations: 4, invalid evaluations: 0, c_p: 13.12, s_p: 26.9969, selected_stage_1: No, discarded_by_threshold: No
[DEBUG]:[05:47:59] Parameter CPXPARAM_Barrier_Crossover valid evaluations: 2, invalid evaluations: 0, c_p: 13.12, s_p: 0, selected_stage_1: No, discarded_by_threshold: No
[DEBUG]:[05:47:59] Parameter CPXPARAM_Barrier_Ordering valid evaluations: 3, invalid evaluations: 0, c_p: 13.12, s_p: 0, selected_stage_1: No, discarded_by_threshold: No
[DEBUG]:[05:47:59] Parameter CPXPARAM_Barrier_StartAlg valid evaluations: 3, invalid evaluations: 0, c_p: 13.12, s_p: 0, selected_stage_1: No, discarded_by_threshold: No
[DEBUG]:[05:47:59] Parameter CPXPARAM_Preprocessing_BoundStrength valid evaluations: 2, invalid evaluations: 0, c_p: 13.12, s_p: 0, selected_stage_1: No, discarded_by_threshold: No
[DEBUG]:[05:47:59] Parameter CPXPARAM_MIP_Strategy_SubAlgorithm is dominated by parameter CPXPARAM_Simplex_DGradient.
[DEBUG]:[05:47:59] Parameter CPXPARAM_Simplex_PGradient is dominated by parameter CPXPARAM_MIP_Strategy_SubAlgorithm.
[DEBUG]:[05:47:59] Parameter CPXPARAM_Advance is dominated by parameter CPXPARAM_MIP_Strategy_SubAlgorithm.
[DEBUG]:[05:47:59] Parameter CPXPARAM_MIP_Limits_AggForCut is dominated by parameter CPXPARAM_MIP_Strategy_SubAlgorithm.
[DEBUG]:[05:47:59] Parameter CPXPARAM_Preprocessing_Fill is dominated by parameter CPXPARAM_MIP_Strategy_SubAlgorithm.
[DEBUG]:[05:47:59] Parameter CPXPARAM_Barrier_Crossover is dominated by parameter CPXPARAM_MIP_Strategy_SubAlgorithm.
[DEBUG]:[05:47:59] Parameter CPXPARAM_Barrier_Ordering is dominated by parameter CPXPARAM_MIP_Strategy_SubAlgorithm.
[DEBUG]:[05:47:59] Parameter CPXPARAM_Barrier_StartAlg is dominated by parameter CPXPARAM_MIP_Strategy_SubAlgorithm.
[DEBUG]:[05:47:59] Parameter CPXPARAM_Preprocessing_BoundStrength is dominated by parameter CPXPARAM_MIP_Strategy_SubAlgorithm.
[DEBUG]:[05:47:59] Parameter CPXPARAM_MIP_Strategy_SubAlgorithm metrics - c_p: 13.12, s_p: 37.1583, selected_stage_1: No, discarded_by_threshold: No, dominated: Yes
[DEBUG]:[05:47:59] Parameter CPXPARAM_Simplex_DGradient metrics - c_p: 13.12, s_p: 51.5411, selected_stage_1: No, discarded_by_threshold: No, dominated: No
[DEBUG]:[05:47:59] Parameter CPXPARAM_Simplex_PGradient metrics - c_p: 13.12, s_p: 0, selected_stage_1: No, discarded_by_threshold: No, dominated: Yes
[DEBUG]:[05:47:59] Parameter CPXPARAM_Advance metrics - c_p: 13.12, s_p: 0, selected_stage_1: No, discarded_by_threshold: No, dominated: Yes
[DEBUG]:[05:47:59] Parameter CPXPARAM_MIP_Limits_AggForCut metrics - c_p: 13.12, s_p: 0, selected_stage_1: No, discarded_by_threshold: No, dominated: Yes
[DEBUG]:[05:47:59] Parameter CPXPARAM_Preprocessing_Fill metrics - c_p: 13.12, s_p: 26.9969, selected_stage_1: No, discarded_by_threshold: No, dominated: Yes
[DEBUG]:[05:47:59] Parameter CPXPARAM_Barrier_Crossover metrics - c_p: 13.12, s_p: 0, selected_stage_1: No, discarded_by_threshold: No, dominated: Yes
[DEBUG]:[05:47:59] Parameter CPXPARAM_Barrier_Ordering metrics - c_p: 13.12, s_p: 0, selected_stage_1: No, discarded_by_threshold: No, dominated: Yes
[DEBUG]:[05:47:59] Parameter CPXPARAM_Barrier_StartAlg metrics - c_p: 13.12, s_p: 0, selected_stage_1: No, discarded_by_threshold: No, dominated: Yes
[DEBUG]:[05:47:59] Parameter CPXPARAM_Preprocessing_BoundStrength metrics - c_p: 13.12, s_p: 0, selected_stage_1: No, discarded_by_threshold: No, dominated: Yes
[INFO]:[05:47:59] Updating parameter flags based on classification...
[INFO]:[05:47:59] Parameter CPXPARAM_MIP_Strategy_SubAlgorithm discarded from tuning.
[INFO]:[05:47:59] Parameter CPXPARAM_Simplex_DGradient selected for tuning.
[INFO]:[05:47:59] Parameter CPXPARAM_Simplex_PGradient discarded from tuning.
[INFO]:[05:47:59] Parameter CPXPARAM_Advance discarded from tuning.
[INFO]:[05:47:59] Parameter CPXPARAM_MIP_Limits_AggForCut discarded from tuning.
[INFO]:[05:47:59] Parameter CPXPARAM_Preprocessing_Fill discarded from tuning.
[INFO]:[05:47:59] Parameter CPXPARAM_Barrier_Crossover discarded from tuning.
[INFO]:[05:47:59] Parameter CPXPARAM_Barrier_Ordering discarded from tuning.
[INFO]:[05:47:59] Parameter CPXPARAM_Barrier_StartAlg discarded from tuning.
[INFO]:[05:47:59] Parameter CPXPARAM_Preprocessing_BoundStrength discarded from tuning.
[DEBUG]:[05:47:59] Classified parameters at iteration 3 - To Select: 1, To Discard: 9
[DEBUG]:[05:47:59] Parameter: CPXPARAM_MIP_Strategy_SubAlgorithm, To Select: No, To Discard: Yes
[DEBUG]:[05:47:59] Parameter: CPXPARAM_Simplex_DGradient, To Select: Yes, To Discard: No
[DEBUG]:[05:47:59] Parameter: CPXPARAM_Simplex_PGradient, To Select: No, To Discard: Yes
[DEBUG]:[05:47:59] Parameter: CPXPARAM_Advance, To Select: No, To Discard: Yes
[DEBUG]:[05:47:59] Parameter: CPXPARAM_MIP_Limits_AggForCut, To Select: No, To Discard: Yes
[DEBUG]:[05:47:59] Parameter: CPXPARAM_Preprocessing_Fill, To Select: No, To Discard: Yes
[DEBUG]:[05:47:59] Parameter: CPXPARAM_Barrier_Crossover, To Select: No, To Discard: Yes
[DEBUG]:[05:47:59] Parameter: CPXPARAM_Barrier_Ordering, To Select: No, To Discard: Yes
[DEBUG]:[05:47:59] Parameter: CPXPARAM_Barrier_StartAlg, To Select: No, To Discard: Yes
[DEBUG]:[05:47:59] Parameter: CPXPARAM_Preprocessing_BoundStrength, To Select: No, To Discard: Yes
[INFO]:[05:47:59] Added 36 evaluations to memory from expansion phase at iteration 3
[INFO]:[05:47:59] Expansion phase completed.
[INFO]:[05:47:59] Starting pruning phase...
[INFO]:[05:47:59] Writing learner file for pruning phase: /scratch/yorig/mpils-results-grid-ticks-10000-7may/medium-2/24proc-24pils/seed-5/9_supportcase6_seed-5_20260510_054653/pruning/input/learner_file_3.txt
[INFO]:[05:47:59] Learner file written successfully: /scratch/yorig/mpils-results-grid-ticks-10000-7may/medium-2/24proc-24pils/seed-5/9_supportcase6_seed-5_20260510_054653/pruning/input/learner_file_3.txt
[INFO]:[05:47:59] Extracting forbidden tuples from memory...
[INFO]:[05:47:59] Redirecting learner stdout/stderr to: /scratch/yorig/mpils-results-grid-ticks-10000-7may/medium-2/24proc-24pils/seed-5/9_supportcase6_seed-5_20260510_054653/pruning/learner_iteration_3.log
[INFO]:[05:47:59] Forbidden tuples extracted: 6
[INFO]:[05:47:59] Applying pruning with 6 forbidden tuples...
[DEBUG]:[05:47:59] Adding forbidden value from single-element tuple: CPXPARAM_MIP_Strategy_HeuristicFreq=0
[DEBUG]:[05:47:59] Adding forbidden value from single-element tuple: CPXPARAM_MIP_Strategy_HeuristicFreq=20
[DEBUG]:[05:47:59] Adding forbidden value from single-element tuple: CPXPARAM_MIP_Strategy_HeuristicFreq=40
[DEBUG]:[05:47:59] Adding forbidden value from single-element tuple: CPXPARAM_MIP_Strategy_HeuristicFreq=100
[DEBUG]:[05:47:59] Adding forbidden value from single-element tuple: CPXPARAM_MIP_Strategy_HeuristicFreq=500
[DEBUG]:[05:47:59] Adding forbidden value from single-element tuple: CPXPARAM_MIP_Strategy_HeuristicFreq=1000
[INFO]:[05:47:59] Pruning applied successfully.
[INFO]:[05:47:59] Pruning phase completed.
[INFO]:[05:47:59] Completed iteration 3
[INFO]:[05:47:59] Starting iteration 4
[INFO]:[05:47:59] Starting exploration phase...
[INFO]:[05:47:59] Selecting number of evaluations for tuning phase...
[INFO]:[05:47:59] Selecting initial configurations for tuning phase...
[INFO]:[05:47:59] Using worker 0 best exploration configuration without MIP start as master ILS initial configuration.
[INFO]:[05:47:59] Worker 1 global-best exploration initial configuration matches master; using a random diversified initial configuration.
[INFO]:[05:47:59] Number of evaluations for this tuning phase: 7
[INFO]:[05:47:59] ILS shared cache is disabled for this exploration phase.
[INFO]:[05:47:59] Local search backend for this exploration phase: iterated_local_search
[INFO]:[05:47:59] Running IteratedLocalSearch Engine...
[INFO]:[05:47:59] Mip start is disabled for this iteration.
[INFO]:[05:47:59] Writing ILS search space file for worker 0...
[INFO]:[05:47:59] Warning: Initial value for parameter CPXPARAM_Emphasis_MIP is forbidden. So unforbidden it for the ILS initial configuration at iteration 4.
[INFO]:[05:47:59] ILS search space file written: /scratch/yorig/mpils-results-grid-ticks-10000-7may/medium-2/24proc-24pils/seed-5/9_supportcase6_seed-5_20260510_054653/iterated_local_search/search_space/search_space_file_4.txt
[INFO]:[05:47:59] Writing ILS search space file for worker 1...
[INFO]:[05:47:59] Warning: Initial value for parameter CPXPARAM_Emphasis_MIP is forbidden. So unforbidden it for the ILS initial configuration at iteration 4.
[INFO]:[05:47:59] Warning: Initial value for parameter CPXPARAM_MIP_Limits_ProbeTime is forbidden. So unforbidden it for the ILS initial configuration at iteration 4.
[INFO]:[05:47:59] ILS search space file written: /scratch/yorig/mpils-results-grid-ticks-10000-7may/medium-2/24proc-24pils/seed-5/9_supportcase6_seed-5_20260510_054653/iterated_local_search/search_space/search_space_file_4_worker_1.txt
[INFO]:[05:47:59] Writing ILS search space file for worker 2...
[INFO]:[05:47:59] Warning: Initial value for parameter CPXPARAM_Emphasis_MIP is forbidden. So unforbidden it for the ILS initial configuration at iteration 4.
[INFO]:[05:47:59] Warning: Initial value for parameter CPXPARAM_MIP_Limits_ProbeTime is forbidden. So unforbidden it for the ILS initial configuration at iteration 4.
[INFO]:[05:47:59] ILS search space file written: /scratch/yorig/mpils-results-grid-ticks-10000-7may/medium-2/24proc-24pils/seed-5/9_supportcase6_seed-5_20260510_054653/iterated_local_search/search_space/search_space_file_4_worker_2.txt
[INFO]:[05:47:59] Writing ILS search space file for worker 3...
[INFO]:[05:47:59] Warning: Initial value for parameter CPXPARAM_Emphasis_MIP is forbidden. So unforbidden it for the ILS initial configuration at iteration 4.
[INFO]:[05:47:59] ILS search space file written: /scratch/yorig/mpils-results-grid-ticks-10000-7may/medium-2/24proc-24pils/seed-5/9_supportcase6_seed-5_20260510_054653/iterated_local_search/search_space/search_space_file_4_worker_3.txt
[INFO]:[05:47:59] Writing ILS search space file for worker 4...
[INFO]:[05:47:59] Warning: Initial value for parameter CPXPARAM_MIP_Limits_ProbeTime is forbidden. So unforbidden it for the ILS initial configuration at iteration 4.
[INFO]:[05:47:59] ILS search space file written: /scratch/yorig/mpils-results-grid-ticks-10000-7may/medium-2/24proc-24pils/seed-5/9_supportcase6_seed-5_20260510_054653/iterated_local_search/search_space/search_space_file_4_worker_4.txt
[INFO]:[05:47:59] Writing ILS search space file for worker 5...
[INFO]:[05:47:59] Warning: Initial value for parameter CPXPARAM_Emphasis_MIP is forbidden. So unforbidden it for the ILS initial configuration at iteration 4.
[INFO]:[05:47:59] ILS search space file written: /scratch/yorig/mpils-results-grid-ticks-10000-7may/medium-2/24proc-24pils/seed-5/9_supportcase6_seed-5_20260510_054653/iterated_local_search/search_space/search_space_file_4_worker_5.txt
[INFO]:[05:47:59] Writing ILS search space file for worker 6...
[INFO]:[05:47:59] ILS search space file written: /scratch/yorig/mpils-results-grid-ticks-10000-7may/medium-2/24proc-24pils/seed-5/9_supportcase6_seed-5_20260510_054653/iterated_local_search/search_space/search_space_file_4_worker_6.txt
[INFO]:[05:47:59] Writing ILS search space file for worker 7...
[INFO]:[05:47:59] Warning: Initial value for parameter CPXPARAM_Emphasis_MIP is forbidden. So unforbidden it for the ILS initial configuration at iteration 4.
[INFO]:[05:47:59] Warning: Initial value for parameter CPXPARAM_MIP_Limits_ProbeTime is forbidden. So unforbidden it for the ILS initial configuration at iteration 4.
[INFO]:[05:47:59] ILS search space file written: /scratch/yorig/mpils-results-grid-ticks-10000-7may/medium-2/24proc-24pils/seed-5/9_supportcase6_seed-5_20260510_054653/iterated_local_search/search_space/search_space_file_4_worker_7.txt
[INFO]:[05:47:59] Writing ILS search space file for worker 8...
[INFO]:[05:47:59] Warning: Initial value for parameter CPXPARAM_Emphasis_MIP is forbidden. So unforbidden it for the ILS initial configuration at iteration 4.
[INFO]:[05:47:59] Warning: Initial value for parameter CPXPARAM_MIP_Limits_ProbeTime is forbidden. So unforbidden it for the ILS initial configuration at iteration 4.
[INFO]:[05:47:59] ILS search space file written: /scratch/yorig/mpils-results-grid-ticks-10000-7may/medium-2/24proc-24pils/seed-5/9_supportcase6_seed-5_20260510_054653/iterated_local_search/search_space/search_space_file_4_worker_8.txt
[INFO]:[05:47:59] Writing ILS search space file for worker 9...
[INFO]:[05:47:59] Warning: Initial value for parameter CPXPARAM_MIP_Limits_ProbeTime is forbidden. So unforbidden it for the ILS initial configuration at iteration 4.
[INFO]:[05:47:59] ILS search space file written: /scratch/yorig/mpils-results-grid-ticks-10000-7may/medium-2/24proc-24pils/seed-5/9_supportcase6_seed-5_20260510_054653/iterated_local_search/search_space/search_space_file_4_worker_9.txt
[INFO]:[05:47:59] Writing ILS search space file for worker 10...
[INFO]:[05:47:59] Warning: Initial value for parameter CPXPARAM_Emphasis_MIP is forbidden. So unforbidden it for the ILS initial configuration at iteration 4.
[INFO]:[05:47:59] Warning: Initial value for parameter CPXPARAM_MIP_Limits_ProbeTime is forbidden. So unforbidden it for the ILS initial configuration at iteration 4.
[INFO]:[05:47:59] ILS search space file written: /scratch/yorig/mpils-results-grid-ticks-10000-7may/medium-2/24proc-24pils/seed-5/9_supportcase6_seed-5_20260510_054653/iterated_local_search/search_space/search_space_file_4_worker_10.txt
[INFO]:[05:47:59] Writing ILS search space file for worker 11...
[INFO]:[05:47:59] Warning: Initial value for parameter CPXPARAM_Emphasis_MIP is forbidden. So unforbidden it for the ILS initial configuration at iteration 4.
[INFO]:[05:47:59] Warning: Initial value for parameter CPXPARAM_MIP_Limits_ProbeTime is forbidden. So unforbidden it for the ILS initial configuration at iteration 4.
[INFO]:[05:47:59] ILS search space file written: /scratch/yorig/mpils-results-grid-ticks-10000-7may/medium-2/24proc-24pils/seed-5/9_supportcase6_seed-5_20260510_054653/iterated_local_search/search_space/search_space_file_4_worker_11.txt
[INFO]:[05:47:59] Writing ILS search space file for worker 12...
[INFO]:[05:47:59] Warning: Initial value for parameter CPXPARAM_Emphasis_MIP is forbidden. So unforbidden it for the ILS initial configuration at iteration 4.
[INFO]:[05:47:59] Warning: Initial value for parameter CPXPARAM_MIP_Limits_ProbeTime is forbidden. So unforbidden it for the ILS initial configuration at iteration 4.
[INFO]:[05:47:59] ILS search space file written: /scratch/yorig/mpils-results-grid-ticks-10000-7may/medium-2/24proc-24pils/seed-5/9_supportcase6_seed-5_20260510_054653/iterated_local_search/search_space/search_space_file_4_worker_12.txt
[INFO]:[05:47:59] Writing ILS search space file for worker 13...
[INFO]:[05:47:59] Warning: Initial value for parameter CPXPARAM_Emphasis_MIP is forbidden. So unforbidden it for the ILS initial configuration at iteration 4.
[INFO]:[05:47:59] Warning: Initial value for parameter CPXPARAM_MIP_Limits_ProbeTime is forbidden. So unforbidden it for the ILS initial configuration at iteration 4.
[INFO]:[05:47:59] ILS search space file written: /scratch/yorig/mpils-results-grid-ticks-10000-7may/medium-2/24proc-24pils/seed-5/9_supportcase6_seed-5_20260510_054653/iterated_local_search/search_space/search_space_file_4_worker_13.txt
[INFO]:[05:47:59] Writing ILS search space file for worker 14...
[INFO]:[05:47:59] Warning: Initial value for parameter CPXPARAM_MIP_Limits_ProbeTime is forbidden. So unforbidden it for the ILS initial configuration at iteration 4.
[INFO]:[05:47:59] ILS search space file written: /scratch/yorig/mpils-results-grid-ticks-10000-7may/medium-2/24proc-24pils/seed-5/9_supportcase6_seed-5_20260510_054653/iterated_local_search/search_space/search_space_file_4_worker_14.txt
[INFO]:[05:47:59] Writing ILS search space file for worker 15...
[INFO]:[05:47:59] Warning: Initial value for parameter CPXPARAM_Emphasis_MIP is forbidden. So unforbidden it for the ILS initial configuration at iteration 4.
[INFO]:[05:47:59] Warning: Initial value for parameter CPXPARAM_MIP_Limits_ProbeTime is forbidden. So unforbidden it for the ILS initial configuration at iteration 4.
[INFO]:[05:47:59] ILS search space file written: /scratch/yorig/mpils-results-grid-ticks-10000-7may/medium-2/24proc-24pils/seed-5/9_supportcase6_seed-5_20260510_054653/iterated_local_search/search_space/search_space_file_4_worker_15.txt
[INFO]:[05:47:59] Writing ILS search space file for worker 16...
[INFO]:[05:47:59] Warning: Initial value for parameter CPXPARAM_Emphasis_MIP is forbidden. So unforbidden it for the ILS initial configuration at iteration 4.
[INFO]:[05:47:59] Warning: Initial value for parameter CPXPARAM_MIP_Limits_ProbeTime is forbidden. So unforbidden it for the ILS initial configuration at iteration 4.
[INFO]:[05:47:59] ILS search space file written: /scratch/yorig/mpils-results-grid-ticks-10000-7may/medium-2/24proc-24pils/seed-5/9_supportcase6_seed-5_20260510_054653/iterated_local_search/search_space/search_space_file_4_worker_16.txt
[INFO]:[05:47:59] Writing ILS search space file for worker 17...
[INFO]:[05:47:59] Warning: Initial value for parameter CPXPARAM_MIP_Limits_ProbeTime is forbidden. So unforbidden it for the ILS initial configuration at iteration 4.
[INFO]:[05:47:59] ILS search space file written: /scratch/yorig/mpils-results-grid-ticks-10000-7may/medium-2/24proc-24pils/seed-5/9_supportcase6_seed-5_20260510_054653/iterated_local_search/search_space/search_space_file_4_worker_17.txt
[INFO]:[05:47:59] Writing ILS search space file for worker 18...
[INFO]:[05:47:59] Warning: Initial value for parameter CPXPARAM_Emphasis_MIP is forbidden. So unforbidden it for the ILS initial configuration at iteration 4.
[INFO]:[05:47:59] Warning: Initial value for parameter CPXPARAM_MIP_Limits_ProbeTime is forbidden. So unforbidden it for the ILS initial configuration at iteration 4.
[INFO]:[05:47:59] ILS search space file written: /scratch/yorig/mpils-results-grid-ticks-10000-7may/medium-2/24proc-24pils/seed-5/9_supportcase6_seed-5_20260510_054653/iterated_local_search/search_space/search_space_file_4_worker_18.txt
[INFO]:[05:47:59] Writing ILS search space file for worker 19...
[INFO]:[05:47:59] Warning: Initial value for parameter CPXPARAM_Emphasis_MIP is forbidden. So unforbidden it for the ILS initial configuration at iteration 4.
[INFO]:[05:47:59] Warning: Initial value for parameter CPXPARAM_MIP_Limits_ProbeTime is forbidden. So unforbidden it for the ILS initial configuration at iteration 4.
[INFO]:[05:47:59] ILS search space file written: /scratch/yorig/mpils-results-grid-ticks-10000-7may/medium-2/24proc-24pils/seed-5/9_supportcase6_seed-5_20260510_054653/iterated_local_search/search_space/search_space_file_4_worker_19.txt
[INFO]:[05:47:59] Writing ILS search space file for worker 20...
[INFO]:[05:47:59] Warning: Initial value for parameter CPXPARAM_Emphasis_MIP is forbidden. So unforbidden it for the ILS initial configuration at iteration 4.
[INFO]:[05:47:59] Warning: Initial value for parameter CPXPARAM_MIP_Limits_ProbeTime is forbidden. So unforbidden it for the ILS initial configuration at iteration 4.
[INFO]:[05:47:59] ILS search space file written: /scratch/yorig/mpils-results-grid-ticks-10000-7may/medium-2/24proc-24pils/seed-5/9_supportcase6_seed-5_20260510_054653/iterated_local_search/search_space/search_space_file_4_worker_20.txt
[INFO]:[05:47:59] Writing ILS search space file for worker 21...
[INFO]:[05:47:59] Warning: Initial value for parameter CPXPARAM_Emphasis_MIP is forbidden. So unforbidden it for the ILS initial configuration at iteration 4.
[INFO]:[05:47:59] Warning: Initial value for parameter CPXPARAM_MIP_Limits_ProbeTime is forbidden. So unforbidden it for the ILS initial configuration at iteration 4.
[INFO]:[05:47:59] ILS search space file written: /scratch/yorig/mpils-results-grid-ticks-10000-7may/medium-2/24proc-24pils/seed-5/9_supportcase6_seed-5_20260510_054653/iterated_local_search/search_space/search_space_file_4_worker_21.txt
[INFO]:[05:47:59] Writing ILS search space file for worker 22...
[INFO]:[05:47:59] Warning: Initial value for parameter CPXPARAM_Emphasis_MIP is forbidden. So unforbidden it for the ILS initial configuration at iteration 4.
[INFO]:[05:47:59] Warning: Initial value for parameter CPXPARAM_MIP_Limits_ProbeTime is forbidden. So unforbidden it for the ILS initial configuration at iteration 4.
[INFO]:[05:47:59] ILS search space file written: /scratch/yorig/mpils-results-grid-ticks-10000-7may/medium-2/24proc-24pils/seed-5/9_supportcase6_seed-5_20260510_054653/iterated_local_search/search_space/search_space_file_4_worker_22.txt
[INFO]:[05:47:59] Writing ILS search space file for worker 23...
[INFO]:[05:47:59] Warning: Initial value for parameter CPXPARAM_Emphasis_MIP is forbidden. So unforbidden it for the ILS initial configuration at iteration 4.
[INFO]:[05:47:59] Warning: Initial value for parameter CPXPARAM_MIP_Limits_ProbeTime is forbidden. So unforbidden it for the ILS initial configuration at iteration 4.
[INFO]:[05:47:59] ILS search space file written: /scratch/yorig/mpils-results-grid-ticks-10000-7may/medium-2/24proc-24pils/seed-5/9_supportcase6_seed-5_20260510_054653/iterated_local_search/search_space/search_space_file_4_worker_23.txt
[INFO]:[05:47:59] Launching Local Search Workers via MPI...
[INFO]:[05:47:59] Local Search Workers launched.
[INFO]:[05:47:59] Starting local search phase...
[INFO]:[05:47:59] Creating local search space from parameter space file: /scratch/yorig/mpils-results-grid-ticks-10000-7may/medium-2/24proc-24pils/seed-5/9_supportcase6_seed-5_20260510_054653/iterated_local_search/search_space/search_space_file_4.txt
[INFO]:[05:47:59] Local search space loaded from file: /scratch/yorig/mpils-results-grid-ticks-10000-7may/medium-2/24proc-24pils/seed-5/9_supportcase6_seed-5_20260510_054653/iterated_local_search/search_space/search_space_file_4.txt
[INFO]:[05:47:59] Number of parameters in local search space: 71
[INFO]:[05:47:59] Number of forbidden tuples in local search space: 3
[INFO]:[05:47:59] Number of conditionals in local search space: 6
[INFO]:[05:47:59] MIP start option not enabled. Local search will proceed without MIP start.
[INFO]:[05:47:59] Seeded initial configuration into local search cache with known objective value: 13.12
[INFO]:[05:47:59] Starting CPLEX solver on instance: /home/yorig/tuner/mpils-tests/instances/miplib/medium-2/supportcase6.mps with config: /scratch/yorig/mpils-results-grid-ticks-10000-7may/medium-2/24proc-24pils/seed-5/9_supportcase6_seed-5_20260510_054653/iterated_local_search/run_4_worker_0/ils_config_13819816602258622668.prm
[INFO]:[05:47:59] Starting CPLEX solver on instance: /home/yorig/tuner/mpils-tests/instances/miplib/medium-2/supportcase6.mps with config: /scratch/yorig/mpils-results-grid-ticks-10000-7may/medium-2/24proc-24pils/seed-5/9_supportcase6_seed-5_20260510_054653/iterated_local_search/run_4_worker_0/ils_config_13819816602258622668.prm
[INFO]:[05:48:05] CPLEX results. Gap: 13.120000, upper bound: 51986.235455, lower bound: 45163.909449
[INFO]:[05:48:05] CPLEX solver finished. Gap: 13.120000
[INFO]:[05:48:06] New incumbent found with objective value: 13.09
[INFO]:[05:48:06] Local search phase completed.
[INFO]:[05:48:06] Total number of new local-search evaluations: 24
[INFO]:[05:48:06] Final incumbent objective value: 13.09
[INFO]:[05:48:06] recordEvaluation produced_mip_start=0 mip_start_file=''
[DEBUG]:[05:48:06] Added evaluation to memory with objective: 13.12, ConfigId: 13819816602258622668, EvalId: 187. Total evaluations stored: 187
[INFO]:[05:48:06] recordEvaluation produced_mip_start=0 mip_start_file=''
[DEBUG]:[05:48:06] Added evaluation to memory with objective: 13.12, ConfigId: 15748198199488268967, EvalId: 188. Total evaluations stored: 188
[INFO]:[05:48:06] recordEvaluation produced_mip_start=0 mip_start_file=''
[DEBUG]:[05:48:06] Added evaluation to memory with objective: 13.12, ConfigId: 14036531587883702450, EvalId: 189. Total evaluations stored: 189
[INFO]:[05:48:06] recordEvaluation produced_mip_start=0 mip_start_file=''
[DEBUG]:[05:48:06] Added evaluation to memory with objective: 13.12, ConfigId: 3520692444244825107, EvalId: 190. Total evaluations stored: 190
[INFO]:[05:48:06] recordEvaluation produced_mip_start=0 mip_start_file=''
[INFO]:[05:48:06] ***************
[INFO]:[05:48:06] New best evaluation without MIP start found at time 70s, with objective 13.11 and configuration ID 478676017556807518
[INFO]:[05:48:06] With config: 478676017556807518 -> 
Configuration: CPXPARAM_Advance=1 CPXPARAM_Barrier_Algorithm=0 CPXPARAM_Barrier_ColNonzeros=0 CPXPARAM_Barrier_Crossover=0 CPXPARAM_Barrier_Limits_Corrections=-1 CPXPARAM_Barrier_Ordering=0 CPXPARAM_Barrier_StartAlg=1 CPXPARAM_Emphasis_MIP=4 CPXPARAM_Emphasis_Memory=0 CPXPARAM_Emphasis_Numerical=0 CPXPARAM_Feasopt_Mode=0 CPXPARAM_LPMethod=0 CPXPARAM_MIP_Cuts_Cliques=2 CPXPARAM_MIP_Cuts_Covers=0 CPXPARAM_MIP_Cuts_Disjunctive=-1 CPXPARAM_MIP_Cuts_FlowCovers=-1 CPXPARAM_MIP_Cuts_GUBCovers=0 CPXPARAM_MIP_Cuts_Gomory=-1 CPXPARAM_MIP_Cuts_Implied=0 CPXPARAM_MIP_Cuts_MIRCut=-1 CPXPARAM_MIP_Cuts_PathCut=0 CPXPARAM_MIP_Limits_AggForCut=3 CPXPARAM_MIP_Limits_CutPasses=0 CPXPARAM_MIP_Limits_CutsFactor=-1 CPXPARAM_MIP_Limits_GomoryCand=200 CPXPARAM_MIP_Limits_GomoryPass=0 CPXPARAM_MIP_Limits_Nodes=9223372036800000000 CPXPARAM_MIP_Limits_ProbeTime=1e+75 CPXPARAM_MIP_Limits_RepairTries=0 CPXPARAM_MIP_Limits_StrongCand=10 CPXPARAM_MIP_Limits_StrongIt=0 CPXPARAM_MIP_OrderType=0 CPXPARAM_MIP_Strategy_BBInterval=7 CPXPARAM_MIP_Strategy_Branch=0 CPXPARAM_MIP_Strategy_Dive=0 CPXPARAM_MIP_Strategy_File=1 CPXPARAM_MIP_Strategy_HeuristicFreq=0 CPXPARAM_MIP_Strategy_LBHeur=0 CPXPARAM_MIP_Strategy_NodeSelect=1 CPXPARAM_MIP_Strategy_Order=1 CPXPARAM_MIP_Strategy_PresolveNode=0 CPXPARAM_MIP_Strategy_Probe=0 CPXPARAM_MIP_Strategy_RINSHeur=0 CPXPARAM_MIP_Strategy_StartAlgorithm=3 CPXPARAM_MIP_Strategy_SubAlgorithm=0 CPXPARAM_MIP_Strategy_VariableSelect=0 CPXPARAM_Network_NetFind=2 CPXPARAM_Network_Pricing=0 CPXPARAM_Parallel=1 CPXPARAM_Preprocessing_Aggregator=-1 CPXPARAM_Preprocessing_BoundStrength=-1 CPXPARAM_Preprocessing_CoeffReduce=-1 CPXPARAM_Preprocessing_Dependency=-1 CPXPARAM_Preprocessing_Dual=0 CPXPARAM_Preprocessing_Fill=10 CPXPARAM_Preprocessing_NumPass=-1 CPXPARAM_Preprocessing_Presolve=1 CPXPARAM_Preprocessing_QPMakePSD=1 CPXPARAM_Preprocessing_Reduce=3 CPXPARAM_Preprocessing_Relax=-1 CPXPARAM_Preprocessing_RepeatPresolve=-1 CPXPARAM_Preprocessing_Symmetry=-1 CPXPARAM_Read_Scale=0 CPXPARAM_Sifting_Algorithm=0 CPXPARAM_Simplex_Crash=1 CPXPARAM_Simplex_DGradient=0 CPXPARAM_Simplex_Limits_Perturbation=0 CPXPARAM_Simplex_Limits_Singularity=10 CPXPARAM_Simplex_PGradient=0 CPXPARAM_Simplex_Pricing=0 CPXPARAM_Simplex_Refactor=0 | MIP Start: No 
[INFO]:[05:48:06] ***************
[DEBUG]:[05:48:06] Added evaluation to memory with objective: 13.11, ConfigId: 478676017556807518, EvalId: 191. Total evaluations stored: 191
[INFO]:[05:48:06] recordEvaluation produced_mip_start=0 mip_start_file=''
[INFO]:[05:48:06] ***************
[INFO]:[05:48:06] New best evaluation without MIP start found at time 71s, with objective 13.09 and configuration ID 16750635998505567317
[INFO]:[05:48:06] With config: 16750635998505567317 -> 
Configuration: CPXPARAM_Advance=1 CPXPARAM_Barrier_Algorithm=0 CPXPARAM_Barrier_ColNonzeros=0 CPXPARAM_Barrier_Crossover=0 CPXPARAM_Barrier_Limits_Corrections=-1 CPXPARAM_Barrier_Ordering=0 CPXPARAM_Barrier_StartAlg=1 CPXPARAM_Emphasis_MIP=4 CPXPARAM_Emphasis_Memory=0 CPXPARAM_Emphasis_Numerical=0 CPXPARAM_Feasopt_Mode=0 CPXPARAM_LPMethod=0 CPXPARAM_MIP_Cuts_Cliques=1 CPXPARAM_MIP_Cuts_Covers=0 CPXPARAM_MIP_Cuts_Disjunctive=-1 CPXPARAM_MIP_Cuts_FlowCovers=-1 CPXPARAM_MIP_Cuts_GUBCovers=0 CPXPARAM_MIP_Cuts_Gomory=-1 CPXPARAM_MIP_Cuts_Implied=0 CPXPARAM_MIP_Cuts_MIRCut=-1 CPXPARAM_MIP_Cuts_PathCut=0 CPXPARAM_MIP_Limits_AggForCut=3 CPXPARAM_MIP_Limits_CutPasses=0 CPXPARAM_MIP_Limits_CutsFactor=-1 CPXPARAM_MIP_Limits_GomoryCand=200 CPXPARAM_MIP_Limits_GomoryPass=0 CPXPARAM_MIP_Limits_Nodes=9223372036800000000 CPXPARAM_MIP_Limits_ProbeTime=1e+75 CPXPARAM_MIP_Limits_RepairTries=0 CPXPARAM_MIP_Limits_StrongCand=10 CPXPARAM_MIP_Limits_StrongIt=0 CPXPARAM_MIP_OrderType=0 CPXPARAM_MIP_Strategy_BBInterval=7 CPXPARAM_MIP_Strategy_Branch=0 CPXPARAM_MIP_Strategy_Dive=0 CPXPARAM_MIP_Strategy_File=1 CPXPARAM_MIP_Strategy_HeuristicFreq=0 CPXPARAM_MIP_Strategy_LBHeur=0 CPXPARAM_MIP_Strategy_NodeSelect=1 CPXPARAM_MIP_Strategy_Order=1 CPXPARAM_MIP_Strategy_PresolveNode=0 CPXPARAM_MIP_Strategy_Probe=0 CPXPARAM_MIP_Strategy_RINSHeur=0 CPXPARAM_MIP_Strategy_StartAlgorithm=5 CPXPARAM_MIP_Strategy_SubAlgorithm=0 CPXPARAM_MIP_Strategy_VariableSelect=0 CPXPARAM_Network_NetFind=2 CPXPARAM_Network_Pricing=0 CPXPARAM_Parallel=1 CPXPARAM_Preprocessing_Aggregator=-1 CPXPARAM_Preprocessing_BoundStrength=-1 CPXPARAM_Preprocessing_CoeffReduce=-1 CPXPARAM_Preprocessing_Dependency=-1 CPXPARAM_Preprocessing_Dual=0 CPXPARAM_Preprocessing_Fill=10 CPXPARAM_Preprocessing_NumPass=-1 CPXPARAM_Preprocessing_Presolve=1 CPXPARAM_Preprocessing_QPMakePSD=1 CPXPARAM_Preprocessing_Reduce=3 CPXPARAM_Preprocessing_Relax=-1 CPXPARAM_Preprocessing_RepeatPresolve=-1 CPXPARAM_Preprocessing_Symmetry=-1 CPXPARAM_Read_Scale=0 CPXPARAM_Sifting_Algorithm=0 CPXPARAM_Simplex_Crash=1 CPXPARAM_Simplex_DGradient=0 CPXPARAM_Simplex_Limits_Perturbation=0 CPXPARAM_Simplex_Limits_Singularity=10 CPXPARAM_Simplex_PGradient=0 CPXPARAM_Simplex_Pricing=0 CPXPARAM_Simplex_Refactor=0 | MIP Start: No 
[INFO]:[05:48:06] ***************
[DEBUG]:[05:48:06] Added evaluation to memory with objective: 13.09, ConfigId: 16750635998505567317, EvalId: 192. Total evaluations stored: 192
[INFO]:[05:48:06] recordEvaluation produced_mip_start=0 mip_start_file=''
[DEBUG]:[05:48:06] Added evaluation to memory with objective: 13.12, ConfigId: 8498785381240496302, EvalId: 193. Total evaluations stored: 193
[INFO]:[05:48:06] recordEvaluation produced_mip_start=0 mip_start_file=''
[DEBUG]:[05:48:06] Added evaluation to memory with objective: 13.33, ConfigId: 3372078200783433221, EvalId: 194. Total evaluations stored: 194
[INFO]:[05:48:06] recordEvaluation produced_mip_start=0 mip_start_file=''
[DEBUG]:[05:48:06] Added evaluation to memory with objective: 13.14, ConfigId: 90054522159720514, EvalId: 195. Total evaluations stored: 195
[INFO]:[05:48:06] recordEvaluation produced_mip_start=0 mip_start_file=''
[DEBUG]:[05:48:06] Added evaluation to memory with objective: 13.12, ConfigId: 12797533011455338359, EvalId: 196. Total evaluations stored: 196
[INFO]:[05:48:06] recordEvaluation produced_mip_start=0 mip_start_file=''
[DEBUG]:[05:48:06] Added evaluation to memory with objective: 13.12, ConfigId: 9581088987197610756, EvalId: 197. Total evaluations stored: 197
[INFO]:[05:48:06] recordEvaluation produced_mip_start=0 mip_start_file=''
[DEBUG]:[05:48:06] Added evaluation to memory with objective: 13.11, ConfigId: 3882270725716920796, EvalId: 198. Total evaluations stored: 198
[INFO]:[05:48:06] recordEvaluation produced_mip_start=0 mip_start_file=''
[DEBUG]:[05:48:06] Added evaluation to memory with objective: 13.15, ConfigId: 12945911007956487046, EvalId: 199. Total evaluations stored: 199
[INFO]:[05:48:06] recordEvaluation produced_mip_start=0 mip_start_file=''
[DEBUG]:[05:48:06] Added evaluation to memory with objective: 37.63, ConfigId: 4305314700120322943, EvalId: 200. Total evaluations stored: 200
[INFO]:[05:48:06] recordEvaluation produced_mip_start=0 mip_start_file=''
[DEBUG]:[05:48:06] Added evaluation to memory with objective: 13.12, ConfigId: 465534669306490531, EvalId: 201. Total evaluations stored: 201
[INFO]:[05:48:06] recordEvaluation produced_mip_start=0 mip_start_file=''
[DEBUG]:[05:48:06] Added evaluation to memory with objective: 13.12, ConfigId: 16907566164420240913, EvalId: 202. Total evaluations stored: 202
[INFO]:[05:48:06] recordEvaluation produced_mip_start=0 mip_start_file=''
[DEBUG]:[05:48:06] Added evaluation to memory with objective: 55.98, ConfigId: 2557270512189110320, EvalId: 203. Total evaluations stored: 203
[INFO]:[05:48:06] recordEvaluation produced_mip_start=0 mip_start_file=''
[DEBUG]:[05:48:06] Added evaluation to memory with objective: 13.33, ConfigId: 18075988144437067376, EvalId: 204. Total evaluations stored: 204
[INFO]:[05:48:06] recordEvaluation produced_mip_start=0 mip_start_file=''
[DEBUG]:[05:48:06] Added evaluation to memory with objective: 13.12, ConfigId: 5058461546675086495, EvalId: 205. Total evaluations stored: 205
[INFO]:[05:48:06] recordEvaluation produced_mip_start=0 mip_start_file=''
[DEBUG]:[05:48:06] Added evaluation to memory with objective: 13.12, ConfigId: 8435053454605176291, EvalId: 206. Total evaluations stored: 206
[INFO]:[05:48:06] recordEvaluation produced_mip_start=0 mip_start_file=''
[DEBUG]:[05:48:06] Added evaluation to memory with objective: 13.12, ConfigId: 9165806703458290810, EvalId: 207. Total evaluations stored: 207
[INFO]:[05:48:06] recordEvaluation produced_mip_start=0 mip_start_file=''
[DEBUG]:[05:48:06] Added evaluation to memory with objective: 56.05, ConfigId: 4181503002575251435, EvalId: 208. Total evaluations stored: 208
[INFO]:[05:48:06] recordEvaluation produced_mip_start=0 mip_start_file=''
[DEBUG]:[05:48:06] Added evaluation to memory with objective: 13.33, ConfigId: 8002865636808493364, EvalId: 209. Total evaluations stored: 209
[INFO]:[05:48:06] recordEvaluation produced_mip_start=0 mip_start_file=''
[DEBUG]:[05:48:06] Added evaluation to memory with objective: 13.12, ConfigId: 18210052314789823076, EvalId: 210. Total evaluations stored: 210
[INFO]:[05:48:06] Waiting for Local Search Workers via MPI...
[INFO]:[05:48:06] Local Search Workers have completed.
[INFO]:[05:48:06] IteratedLocalSearch Engine completed.
[INFO]:[05:48:06] Added24 evaluations to memory from exploration phase at iteration 4
[INFO]:[05:48:06] Exploration phase completed.
[INFO]:[05:48:06] Starting expansion phase...
[INFO]:[05:48:06] Selecting parameters for expansion phase...
[INFO]:[05:48:06] Selected expansion parameters: 10
[INFO]:[05:48:06] Creating configuration files for expansion parameters...
[INFO]:[05:48:06] Creating configurations for parameter: CPXPARAM_Preprocessing_CoeffReduce
[DEBUG]:[05:48:06] Parameter CPXPARAM_Preprocessing_CoeffReduce will be evaluated on 4 alternative value(s) after excluding the current base configuration value.
[DEBUG]:[05:48:06] Created configuration file for parameter CPXPARAM_Preprocessing_CoeffReduce with value 0 at /scratch/yorig/mpils-results-grid-ticks-10000-7may/medium-2/24proc-24pils/seed-5/9_supportcase6_seed-5_20260510_054653/expansion/config_param_CPXPARAM_Preprocessing_CoeffReduce_0_iter_4.prm
[DEBUG]:[05:48:06] Created configuration file for parameter CPXPARAM_Preprocessing_CoeffReduce with value 1 at /scratch/yorig/mpils-results-grid-ticks-10000-7may/medium-2/24proc-24pils/seed-5/9_supportcase6_seed-5_20260510_054653/expansion/config_param_CPXPARAM_Preprocessing_CoeffReduce_1_iter_4.prm
[DEBUG]:[05:48:06] Created configuration file for parameter CPXPARAM_Preprocessing_CoeffReduce with value 2 at /scratch/yorig/mpils-results-grid-ticks-10000-7may/medium-2/24proc-24pils/seed-5/9_supportcase6_seed-5_20260510_054653/expansion/config_param_CPXPARAM_Preprocessing_CoeffReduce_2_iter_4.prm
[DEBUG]:[05:48:06] Created configuration file for parameter CPXPARAM_Preprocessing_CoeffReduce with value 3 at /scratch/yorig/mpils-results-grid-ticks-10000-7may/medium-2/24proc-24pils/seed-5/9_supportcase6_seed-5_20260510_054653/expansion/config_param_CPXPARAM_Preprocessing_CoeffReduce_3_iter_4.prm
[INFO]:[05:48:06] Creating configurations for parameter: CPXPARAM_Simplex_Crash
[DEBUG]:[05:48:06] Parameter CPXPARAM_Simplex_Crash will be evaluated on 2 alternative value(s) after excluding the current base configuration value.
[DEBUG]:[05:48:06] Created configuration file for parameter CPXPARAM_Simplex_Crash with value -1 at /scratch/yorig/mpils-results-grid-ticks-10000-7may/medium-2/24proc-24pils/seed-5/9_supportcase6_seed-5_20260510_054653/expansion/config_param_CPXPARAM_Simplex_Crash_-1_iter_4.prm
[DEBUG]:[05:48:06] Created configuration file for parameter CPXPARAM_Simplex_Crash with value 0 at /scratch/yorig/mpils-results-grid-ticks-10000-7may/medium-2/24proc-24pils/seed-5/9_supportcase6_seed-5_20260510_054653/expansion/config_param_CPXPARAM_Simplex_Crash_0_iter_4.prm
[INFO]:[05:48:06] Creating configurations for parameter: CPXPARAM_Preprocessing_Dependency
[DEBUG]:[05:48:06] Parameter CPXPARAM_Preprocessing_Dependency will be evaluated on 4 alternative value(s) after excluding the current base configuration value.
[DEBUG]:[05:48:06] Created configuration file for parameter CPXPARAM_Preprocessing_Dependency with value 0 at /scratch/yorig/mpils-results-grid-ticks-10000-7may/medium-2/24proc-24pils/seed-5/9_supportcase6_seed-5_20260510_054653/expansion/config_param_CPXPARAM_Preprocessing_Dependency_0_iter_4.prm
[DEBUG]:[05:48:06] Created configuration file for parameter CPXPARAM_Preprocessing_Dependency with value 1 at /scratch/yorig/mpils-results-grid-ticks-10000-7may/medium-2/24proc-24pils/seed-5/9_supportcase6_seed-5_20260510_054653/expansion/config_param_CPXPARAM_Preprocessing_Dependency_1_iter_4.prm
[DEBUG]:[05:48:06] Created configuration file for parameter CPXPARAM_Preprocessing_Dependency with value 2 at /scratch/yorig/mpils-results-grid-ticks-10000-7may/medium-2/24proc-24pils/seed-5/9_supportcase6_seed-5_20260510_054653/expansion/config_param_CPXPARAM_Preprocessing_Dependency_2_iter_4.prm
[DEBUG]:[05:48:06] Created configuration file for parameter CPXPARAM_Preprocessing_Dependency with value 3 at /scratch/yorig/mpils-results-grid-ticks-10000-7may/medium-2/24proc-24pils/seed-5/9_supportcase6_seed-5_20260510_054653/expansion/config_param_CPXPARAM_Preprocessing_Dependency_3_iter_4.prm
[INFO]:[05:48:06] Creating configurations for parameter: CPXPARAM_Feasopt_Mode
[DEBUG]:[05:48:06] Parameter CPXPARAM_Feasopt_Mode will be evaluated on 5 alternative value(s) after excluding the current base configuration value.
[DEBUG]:[05:48:06] Created configuration file for parameter CPXPARAM_Feasopt_Mode with value 1 at /scratch/yorig/mpils-results-grid-ticks-10000-7may/medium-2/24proc-24pils/seed-5/9_supportcase6_seed-5_20260510_054653/expansion/config_param_CPXPARAM_Feasopt_Mode_1_iter_4.prm
[DEBUG]:[05:48:06] Created configuration file for parameter CPXPARAM_Feasopt_Mode with value 2 at /scratch/yorig/mpils-results-grid-ticks-10000-7may/medium-2/24proc-24pils/seed-5/9_supportcase6_seed-5_20260510_054653/expansion/config_param_CPXPARAM_Feasopt_Mode_2_iter_4.prm
[DEBUG]:[05:48:06] Created configuration file for parameter CPXPARAM_Feasopt_Mode with value 3 at /scratch/yorig/mpils-results-grid-ticks-10000-7may/medium-2/24proc-24pils/seed-5/9_supportcase6_seed-5_20260510_054653/expansion/config_param_CPXPARAM_Feasopt_Mode_3_iter_4.prm
[DEBUG]:[05:48:06] Created configuration file for parameter CPXPARAM_Feasopt_Mode with value 4 at /scratch/yorig/mpils-results-grid-ticks-10000-7may/medium-2/24proc-24pils/seed-5/9_supportcase6_seed-5_20260510_054653/expansion/config_param_CPXPARAM_Feasopt_Mode_4_iter_4.prm
[DEBUG]:[05:48:06] Created configuration file for parameter CPXPARAM_Feasopt_Mode with value 5 at /scratch/yorig/mpils-results-grid-ticks-10000-7may/medium-2/24proc-24pils/seed-5/9_supportcase6_seed-5_20260510_054653/expansion/config_param_CPXPARAM_Feasopt_Mode_5_iter_4.prm
[INFO]:[05:48:06] Creating configurations for parameter: CPXPARAM_Emphasis_Memory
[DEBUG]:[05:48:06] Parameter CPXPARAM_Emphasis_Memory will be evaluated on 1 alternative value(s) after excluding the current base configuration value.
[DEBUG]:[05:48:06] Created configuration file for parameter CPXPARAM_Emphasis_Memory with value 1 at /scratch/yorig/mpils-results-grid-ticks-10000-7may/medium-2/24proc-24pils/seed-5/9_supportcase6_seed-5_20260510_054653/expansion/config_param_CPXPARAM_Emphasis_Memory_1_iter_4.prm
[INFO]:[05:48:06] Creating configurations for parameter: CPXPARAM_MIP_OrderType
[DEBUG]:[05:48:06] Parameter CPXPARAM_MIP_OrderType will be evaluated on 3 alternative value(s) after excluding the current base configuration value.
[DEBUG]:[05:48:06] Created configuration file for parameter CPXPARAM_MIP_OrderType with value 1 at /scratch/yorig/mpils-results-grid-ticks-10000-7may/medium-2/24proc-24pils/seed-5/9_supportcase6_seed-5_20260510_054653/expansion/config_param_CPXPARAM_MIP_OrderType_1_iter_4.prm
[DEBUG]:[05:48:06] Created configuration file for parameter CPXPARAM_MIP_OrderType with value 2 at /scratch/yorig/mpils-results-grid-ticks-10000-7may/medium-2/24proc-24pils/seed-5/9_supportcase6_seed-5_20260510_054653/expansion/config_param_CPXPARAM_MIP_OrderType_2_iter_4.prm
[DEBUG]:[05:48:06] Created configuration file for parameter CPXPARAM_MIP_OrderType with value 3 at /scratch/yorig/mpils-results-grid-ticks-10000-7may/medium-2/24proc-24pils/seed-5/9_supportcase6_seed-5_20260510_054653/expansion/config_param_CPXPARAM_MIP_OrderType_3_iter_4.prm
[INFO]:[05:48:06] Creating configurations for parameter: CPXPARAM_Network_NetFind
[DEBUG]:[05:48:06] Parameter CPXPARAM_Network_NetFind will be evaluated on 2 alternative value(s) after excluding the current base configuration value.
[DEBUG]:[05:48:06] Created configuration file for parameter CPXPARAM_Network_NetFind with value 1 at /scratch/yorig/mpils-results-grid-ticks-10000-7may/medium-2/24proc-24pils/seed-5/9_supportcase6_seed-5_20260510_054653/expansion/config_param_CPXPARAM_Network_NetFind_1_iter_4.prm
[DEBUG]:[05:48:06] Created configuration file for parameter CPXPARAM_Network_NetFind with value 3 at /scratch/yorig/mpils-results-grid-ticks-10000-7may/medium-2/24proc-24pils/seed-5/9_supportcase6_seed-5_20260510_054653/expansion/config_param_CPXPARAM_Network_NetFind_3_iter_4.prm
[INFO]:[05:48:06] Creating configurations for parameter: CPXPARAM_Network_Pricing
[DEBUG]:[05:48:06] Parameter CPXPARAM_Network_Pricing will be evaluated on 3 alternative value(s) after excluding the current base configuration value.
[DEBUG]:[05:48:06] Created configuration file for parameter CPXPARAM_Network_Pricing with value 1 at /scratch/yorig/mpils-results-grid-ticks-10000-7may/medium-2/24proc-24pils/seed-5/9_supportcase6_seed-5_20260510_054653/expansion/config_param_CPXPARAM_Network_Pricing_1_iter_4.prm
[DEBUG]:[05:48:06] Created configuration file for parameter CPXPARAM_Network_Pricing with value 2 at /scratch/yorig/mpils-results-grid-ticks-10000-7may/medium-2/24proc-24pils/seed-5/9_supportcase6_seed-5_20260510_054653/expansion/config_param_CPXPARAM_Network_Pricing_2_iter_4.prm
[DEBUG]:[05:48:06] Created configuration file for parameter CPXPARAM_Network_Pricing with value 3 at /scratch/yorig/mpils-results-grid-ticks-10000-7may/medium-2/24proc-24pils/seed-5/9_supportcase6_seed-5_20260510_054653/expansion/config_param_CPXPARAM_Network_Pricing_3_iter_4.prm
[INFO]:[05:48:06] Creating configurations for parameter: CPXPARAM_MIP_Strategy_File
[DEBUG]:[05:48:06] Parameter CPXPARAM_MIP_Strategy_File will be evaluated on 3 alternative value(s) after excluding the current base configuration value.
[DEBUG]:[05:48:06] Created configuration file for parameter CPXPARAM_MIP_Strategy_File with value 0 at /scratch/yorig/mpils-results-grid-ticks-10000-7may/medium-2/24proc-24pils/seed-5/9_supportcase6_seed-5_20260510_054653/expansion/config_param_CPXPARAM_MIP_Strategy_File_0_iter_4.prm
[DEBUG]:[05:48:06] Created configuration file for parameter CPXPARAM_MIP_Strategy_File with value 2 at /scratch/yorig/mpils-results-grid-ticks-10000-7may/medium-2/24proc-24pils/seed-5/9_supportcase6_seed-5_20260510_054653/expansion/config_param_CPXPARAM_MIP_Strategy_File_2_iter_4.prm
[DEBUG]:[05:48:06] Created configuration file for parameter CPXPARAM_MIP_Strategy_File with value 3 at /scratch/yorig/mpils-results-grid-ticks-10000-7may/medium-2/24proc-24pils/seed-5/9_supportcase6_seed-5_20260510_054653/expansion/config_param_CPXPARAM_MIP_Strategy_File_3_iter_4.prm
[INFO]:[05:48:06] Creating configurations for parameter: CPXPARAM_Emphasis_Numerical
[DEBUG]:[05:48:06] Parameter CPXPARAM_Emphasis_Numerical will be evaluated on 1 alternative value(s) after excluding the current base configuration value.
[DEBUG]:[05:48:06] Created configuration file for parameter CPXPARAM_Emphasis_Numerical with value 1 at /scratch/yorig/mpils-results-grid-ticks-10000-7may/medium-2/24proc-24pils/seed-5/9_supportcase6_seed-5_20260510_054653/expansion/config_param_CPXPARAM_Emphasis_Numerical_1_iter_4.prm
[INFO]:[05:48:06] Created 28 configuration files for expansion phase at iteration 4.
[INFO]:[05:48:06] Skipped 0 expansion parameter(s) with no alternative value to evaluate.
[INFO]:[05:48:06] Launching Expansion Workers via MPI...
[INFO]:[05:48:06] Expansion Workers launched.
[INFO]:[05:48:06] Evaluating expansion parameters...
[INFO]:[05:48:06] Starting CPLEX solver on instance: /home/yorig/tuner/mpils-tests/instances/miplib/medium-2/supportcase6.mps with config: /scratch/yorig/mpils-results-grid-ticks-10000-7may/medium-2/24proc-24pils/seed-5/9_supportcase6_seed-5_20260510_054653/expansion/config_param_CPXPARAM_Preprocessing_CoeffReduce_0_iter_4.prm
[INFO]:[05:48:13] CPLEX results. Gap: 13.090000, upper bound: 51967.042398, lower bound: 45167.106786
[INFO]:[05:48:13] CPLEX solver finished. Gap: 13.090000
[INFO]:[05:48:13] Starting CPLEX solver on instance: /home/yorig/tuner/mpils-tests/instances/miplib/medium-2/supportcase6.mps with config: /scratch/yorig/mpils-results-grid-ticks-10000-7may/medium-2/24proc-24pils/seed-5/9_supportcase6_seed-5_20260510_054653/expansion/config_param_CPXPARAM_MIP_Strategy_File_0_iter_4.prm
[INFO]:[05:48:20] CPLEX results. Gap: 13.090000, upper bound: 51967.042398, lower bound: 45167.106786
[INFO]:[05:48:20] CPLEX solver finished. Gap: 13.090000
[INFO]:[05:48:20] recordEvaluation produced_mip_start=0 mip_start_file=''
[DEBUG]:[05:48:20] Added evaluation to memory with objective: 13.09, ConfigId: 16662419034215702205, EvalId: 211. Total evaluations stored: 211
[INFO]:[05:48:20] recordEvaluation produced_mip_start=0 mip_start_file=''
[DEBUG]:[05:48:20] Added evaluation to memory with objective: 13.09, ConfigId: 11912917120498310271, EvalId: 212. Total evaluations stored: 212
[INFO]:[05:48:20] recordEvaluation produced_mip_start=0 mip_start_file=''
[DEBUG]:[05:48:20] Added evaluation to memory with objective: 13.09, ConfigId: 3186262481308252132, EvalId: 213. Total evaluations stored: 213
[INFO]:[05:48:20] recordEvaluation produced_mip_start=0 mip_start_file=''
[DEBUG]:[05:48:20] Added evaluation to memory with objective: 13.09, ConfigId: 7019989233300684724, EvalId: 214. Total evaluations stored: 214
[INFO]:[05:48:20] recordEvaluation produced_mip_start=0 mip_start_file=''
[DEBUG]:[05:48:20] Added evaluation to memory with objective: 27.29, ConfigId: 16884677196242119723, EvalId: 215. Total evaluations stored: 215
[INFO]:[05:48:20] recordEvaluation produced_mip_start=0 mip_start_file=''
[DEBUG]:[05:48:20] Added evaluation to memory with objective: 27.29, ConfigId: 15676653188800320588, EvalId: 216. Total evaluations stored: 216
[INFO]:[05:48:20] recordEvaluation produced_mip_start=0 mip_start_file=''
[DEBUG]:[05:48:20] Added evaluation to memory with objective: 13.09, ConfigId: 11353324080580642263, EvalId: 217. Total evaluations stored: 217
[INFO]:[05:48:20] recordEvaluation produced_mip_start=0 mip_start_file=''
[DEBUG]:[05:48:20] Added evaluation to memory with objective: 13.09, ConfigId: 16575472562066630995, EvalId: 218. Total evaluations stored: 218
[INFO]:[05:48:20] recordEvaluation produced_mip_start=0 mip_start_file=''
[DEBUG]:[05:48:20] Added evaluation to memory with objective: 13.09, ConfigId: 16678779536846621431, EvalId: 219. Total evaluations stored: 219
[INFO]:[05:48:20] recordEvaluation produced_mip_start=0 mip_start_file=''
[DEBUG]:[05:48:20] Added evaluation to memory with objective: 13.09, ConfigId: 17036933488389000447, EvalId: 220. Total evaluations stored: 220
[INFO]:[05:48:20] recordEvaluation produced_mip_start=0 mip_start_file=''
[DEBUG]:[05:48:20] Added evaluation to memory with objective: 13.09, ConfigId: 15839131794586456680, EvalId: 221. Total evaluations stored: 221
[INFO]:[05:48:20] recordEvaluation produced_mip_start=0 mip_start_file=''
[DEBUG]:[05:48:20] Added evaluation to memory with objective: 13.09, ConfigId: 12988561870313624337, EvalId: 222. Total evaluations stored: 222
[INFO]:[05:48:20] recordEvaluation produced_mip_start=0 mip_start_file=''
[DEBUG]:[05:48:20] Added evaluation to memory with objective: 13.09, ConfigId: 14283152925050007650, EvalId: 223. Total evaluations stored: 223
[INFO]:[05:48:20] recordEvaluation produced_mip_start=0 mip_start_file=''
[DEBUG]:[05:48:20] Added evaluation to memory with objective: 13.09, ConfigId: 4583721262243072289, EvalId: 224. Total evaluations stored: 224
[INFO]:[05:48:20] recordEvaluation produced_mip_start=0 mip_start_file=''
[DEBUG]:[05:48:20] Added evaluation to memory with objective: 13.09, ConfigId: 14765206229078454064, EvalId: 225. Total evaluations stored: 225
[INFO]:[05:48:20] recordEvaluation produced_mip_start=0 mip_start_file=''
[DEBUG]:[05:48:20] Added evaluation to memory with objective: 13.09, ConfigId: 7468623911835464203, EvalId: 226. Total evaluations stored: 226
[INFO]:[05:48:20] recordEvaluation produced_mip_start=0 mip_start_file=''
[DEBUG]:[05:48:20] Added evaluation to memory with objective: 13.09, ConfigId: 3724607766898939210, EvalId: 227. Total evaluations stored: 227
[INFO]:[05:48:20] recordEvaluation produced_mip_start=0 mip_start_file=''
[DEBUG]:[05:48:20] Added evaluation to memory with objective: 13.09, ConfigId: 6393142921483624721, EvalId: 228. Total evaluations stored: 228
[INFO]:[05:48:20] recordEvaluation produced_mip_start=0 mip_start_file=''
[DEBUG]:[05:48:20] Added evaluation to memory with objective: 13.09, ConfigId: 10053080042030235538, EvalId: 229. Total evaluations stored: 229
[INFO]:[05:48:20] recordEvaluation produced_mip_start=0 mip_start_file=''
[DEBUG]:[05:48:20] Added evaluation to memory with objective: 13.09, ConfigId: 8906865714715634875, EvalId: 230. Total evaluations stored: 230
[INFO]:[05:48:20] recordEvaluation produced_mip_start=0 mip_start_file=''
[DEBUG]:[05:48:20] Added evaluation to memory with objective: 13.09, ConfigId: 14196945744756714003, EvalId: 231. Total evaluations stored: 231
[INFO]:[05:48:20] recordEvaluation produced_mip_start=0 mip_start_file=''
[DEBUG]:[05:48:20] Added evaluation to memory with objective: 13.09, ConfigId: 5162131178456546405, EvalId: 232. Total evaluations stored: 232
[INFO]:[05:48:20] recordEvaluation produced_mip_start=0 mip_start_file=''
[DEBUG]:[05:48:20] Added evaluation to memory with objective: 13.09, ConfigId: 358827902720637111, EvalId: 233. Total evaluations stored: 233
[INFO]:[05:48:20] recordEvaluation produced_mip_start=0 mip_start_file=''
[DEBUG]:[05:48:20] Added evaluation to memory with objective: 13.09, ConfigId: 9318035965377800992, EvalId: 234. Total evaluations stored: 234
[INFO]:[05:48:20] recordEvaluation produced_mip_start=0 mip_start_file=''
[DEBUG]:[05:48:20] Added evaluation to memory with objective: 13.09, ConfigId: 1362490179574754490, EvalId: 235. Total evaluations stored: 235
[INFO]:[05:48:20] recordEvaluation produced_mip_start=0 mip_start_file=''
[DEBUG]:[05:48:20] Added evaluation to memory with objective: 13.09, ConfigId: 1038264264721154863, EvalId: 236. Total evaluations stored: 236
[INFO]:[05:48:20] recordEvaluation produced_mip_start=0 mip_start_file=''
[DEBUG]:[05:48:20] Added evaluation to memory with objective: 13.09, ConfigId: 14260426267461322711, EvalId: 237. Total evaluations stored: 237
[INFO]:[05:48:20] recordEvaluation produced_mip_start=0 mip_start_file=''
[DEBUG]:[05:48:20] Added evaluation to memory with objective: 55.97, ConfigId: 10989082935546755036, EvalId: 238. Total evaluations stored: 238
[INFO]:[05:48:20] Waiting for Expansion Workers via MPI...
[INFO]:[05:48:20] Expansion Workers have completed.
[INFO]:[05:48:20] Evaluated expansion parameters: 10
[INFO]:[05:48:20] Classifying expansion parameters...
[DEBUG]:[05:48:20] Parameter CPXPARAM_Preprocessing_CoeffReduce valid evaluations: 4, invalid evaluations: 0, c_p: 13.09, s_p: 0, selected_stage_1: No, discarded_by_threshold: No
[DEBUG]:[05:48:20] Parameter CPXPARAM_Simplex_Crash valid evaluations: 2, invalid evaluations: 0, c_p: 27.29, s_p: 20.0818, selected_stage_1: No, discarded_by_threshold: No
[DEBUG]:[05:48:20] Parameter CPXPARAM_Preprocessing_Dependency valid evaluations: 4, invalid evaluations: 0, c_p: 13.09, s_p: 0, selected_stage_1: No, discarded_by_threshold: No
[DEBUG]:[05:48:20] Parameter CPXPARAM_Feasopt_Mode valid evaluations: 5, invalid evaluations: 0, c_p: 13.09, s_p: 0, selected_stage_1: No, discarded_by_threshold: No
[DEBUG]:[05:48:20] Parameter CPXPARAM_Emphasis_Memory valid evaluations: 1, invalid evaluations: 0, c_p: 13.09, s_p: 0, selected_stage_1: No, discarded_by_threshold: No
[DEBUG]:[05:48:20] Parameter CPXPARAM_MIP_OrderType valid evaluations: 3, invalid evaluations: 0, c_p: 13.09, s_p: 0, selected_stage_1: No, discarded_by_threshold: No
[DEBUG]:[05:48:20] Parameter CPXPARAM_Network_NetFind valid evaluations: 2, invalid evaluations: 0, c_p: 13.09, s_p: 0, selected_stage_1: No, discarded_by_threshold: No
[DEBUG]:[05:48:20] Parameter CPXPARAM_Network_Pricing valid evaluations: 3, invalid evaluations: 0, c_p: 13.09, s_p: 0, selected_stage_1: No, discarded_by_threshold: No
[DEBUG]:[05:48:20] Parameter CPXPARAM_MIP_Strategy_File valid evaluations: 3, invalid evaluations: 0, c_p: 13.09, s_p: 0, selected_stage_1: No, discarded_by_threshold: No
[DEBUG]:[05:48:20] Parameter CPXPARAM_Emphasis_Numerical valid evaluations: 1, invalid evaluations: 0, c_p: 55.97, s_p: 0, selected_stage_1: No, discarded_by_threshold: No
[DEBUG]:[05:48:20] Parameter CPXPARAM_Emphasis_Numerical is dominated by parameter CPXPARAM_Preprocessing_CoeffReduce.
[DEBUG]:[05:48:20] Parameter CPXPARAM_Preprocessing_CoeffReduce metrics - c_p: 13.09, s_p: 0, selected_stage_1: No, discarded_by_threshold: No, dominated: No
[DEBUG]:[05:48:20] Parameter CPXPARAM_Simplex_Crash metrics - c_p: 27.29, s_p: 20.0818, selected_stage_1: No, discarded_by_threshold: No, dominated: No
[DEBUG]:[05:48:20] Parameter CPXPARAM_Preprocessing_Dependency metrics - c_p: 13.09, s_p: 0, selected_stage_1: No, discarded_by_threshold: No, dominated: No
[DEBUG]:[05:48:20] Parameter CPXPARAM_Feasopt_Mode metrics - c_p: 13.09, s_p: 0, selected_stage_1: No, discarded_by_threshold: No, dominated: No
[DEBUG]:[05:48:20] Parameter CPXPARAM_Emphasis_Memory metrics - c_p: 13.09, s_p: 0, selected_stage_1: No, discarded_by_threshold: No, dominated: No
[DEBUG]:[05:48:20] Parameter CPXPARAM_MIP_OrderType metrics - c_p: 13.09, s_p: 0, selected_stage_1: No, discarded_by_threshold: No, dominated: No
[DEBUG]:[05:48:20] Parameter CPXPARAM_Network_NetFind metrics - c_p: 13.09, s_p: 0, selected_stage_1: No, discarded_by_threshold: No, dominated: No
[DEBUG]:[05:48:20] Parameter CPXPARAM_Network_Pricing metrics - c_p: 13.09, s_p: 0, selected_stage_1: No, discarded_by_threshold: No, dominated: No
[DEBUG]:[05:48:20] Parameter CPXPARAM_MIP_Strategy_File metrics - c_p: 13.09, s_p: 0, selected_stage_1: No, discarded_by_threshold: No, dominated: No
[DEBUG]:[05:48:20] Parameter CPXPARAM_Emphasis_Numerical metrics - c_p: 55.97, s_p: 0, selected_stage_1: No, discarded_by_threshold: No, dominated: Yes
[INFO]:[05:48:20] Updating parameter flags based on classification...
[INFO]:[05:48:20] Parameter CPXPARAM_Preprocessing_CoeffReduce selected for tuning.
[INFO]:[05:48:20] Parameter CPXPARAM_Simplex_Crash selected for tuning.
[INFO]:[05:48:20] Parameter CPXPARAM_Preprocessing_Dependency selected for tuning.
[INFO]:[05:48:20] Parameter CPXPARAM_Feasopt_Mode selected for tuning.
[INFO]:[05:48:20] Parameter CPXPARAM_Emphasis_Memory selected for tuning.
[INFO]:[05:48:20] Parameter CPXPARAM_MIP_OrderType selected for tuning.
[INFO]:[05:48:20] Parameter CPXPARAM_Network_NetFind selected for tuning.
[INFO]:[05:48:20] Parameter CPXPARAM_Network_Pricing selected for tuning.
[INFO]:[05:48:20] Parameter CPXPARAM_MIP_Strategy_File selected for tuning.
[INFO]:[05:48:20] Parameter CPXPARAM_Emphasis_Numerical discarded from tuning.
[DEBUG]:[05:48:20] Classified parameters at iteration 4 - To Select: 9, To Discard: 1
[DEBUG]:[05:48:20] Parameter: CPXPARAM_Preprocessing_CoeffReduce, To Select: Yes, To Discard: No
[DEBUG]:[05:48:20] Parameter: CPXPARAM_Simplex_Crash, To Select: Yes, To Discard: No
[DEBUG]:[05:48:20] Parameter: CPXPARAM_Preprocessing_Dependency, To Select: Yes, To Discard: No
[DEBUG]:[05:48:20] Parameter: CPXPARAM_Feasopt_Mode, To Select: Yes, To Discard: No
[DEBUG]:[05:48:20] Parameter: CPXPARAM_Emphasis_Memory, To Select: Yes, To Discard: No
[DEBUG]:[05:48:20] Parameter: CPXPARAM_MIP_OrderType, To Select: Yes, To Discard: No
[DEBUG]:[05:48:20] Parameter: CPXPARAM_Network_NetFind, To Select: Yes, To Discard: No
[DEBUG]:[05:48:20] Parameter: CPXPARAM_Network_Pricing, To Select: Yes, To Discard: No
[DEBUG]:[05:48:20] Parameter: CPXPARAM_MIP_Strategy_File, To Select: Yes, To Discard: No
[DEBUG]:[05:48:20] Parameter: CPXPARAM_Emphasis_Numerical, To Select: No, To Discard: Yes
[INFO]:[05:48:20] Added 28 evaluations to memory from expansion phase at iteration 4
[INFO]:[05:48:20] Expansion phase completed.
[INFO]:[05:48:20] Starting pruning phase...
[INFO]:[05:48:20] Writing learner file for pruning phase: /scratch/yorig/mpils-results-grid-ticks-10000-7may/medium-2/24proc-24pils/seed-5/9_supportcase6_seed-5_20260510_054653/pruning/input/learner_file_4.txt
[INFO]:[05:48:20] Learner file written successfully: /scratch/yorig/mpils-results-grid-ticks-10000-7may/medium-2/24proc-24pils/seed-5/9_supportcase6_seed-5_20260510_054653/pruning/input/learner_file_4.txt
[INFO]:[05:48:20] Extracting forbidden tuples from memory...
[INFO]:[05:48:20] Redirecting learner stdout/stderr to: /scratch/yorig/mpils-results-grid-ticks-10000-7may/medium-2/24proc-24pils/seed-5/9_supportcase6_seed-5_20260510_054653/pruning/learner_iteration_4.log
[INFO]:[05:48:20] Forbidden tuples extracted: 6
[INFO]:[05:48:20] Applying pruning with 6 forbidden tuples...
[DEBUG]:[05:48:20] Adding forbidden value from single-element tuple: CPXPARAM_MIP_Strategy_HeuristicFreq=0
[DEBUG]:[05:48:20] Adding forbidden value from single-element tuple: CPXPARAM_MIP_Strategy_HeuristicFreq=20
[DEBUG]:[05:48:20] Adding forbidden value from single-element tuple: CPXPARAM_MIP_Strategy_HeuristicFreq=40
[DEBUG]:[05:48:20] Adding forbidden value from single-element tuple: CPXPARAM_MIP_Strategy_HeuristicFreq=100
[DEBUG]:[05:48:20] Adding forbidden value from single-element tuple: CPXPARAM_MIP_Strategy_HeuristicFreq=500
[DEBUG]:[05:48:20] Adding forbidden value from single-element tuple: CPXPARAM_MIP_Strategy_HeuristicFreq=1000
[INFO]:[05:48:20] Pruning applied successfully.
[INFO]:[05:48:20] Pruning phase completed.
[INFO]:[05:48:20] Completed iteration 4
[INFO]:[05:48:20] Starting iteration 5
[INFO]:[05:48:20] Starting exploration phase...
[INFO]:[05:48:20] Selecting number of evaluations for tuning phase...
[INFO]:[05:48:20] Selecting initial configurations for tuning phase...
[INFO]:[05:48:20] Using worker 0 best exploration configuration without MIP start as master ILS initial configuration.
[INFO]:[05:48:20] Worker 1 global-best exploration initial configuration matches master; using a random diversified initial configuration.
[INFO]:[05:48:20] Number of evaluations for this tuning phase: 30
[INFO]:[05:48:20] ILS shared cache is disabled for this exploration phase.
[INFO]:[05:48:20] Local search backend for this exploration phase: iterated_local_search
[INFO]:[05:48:20] Running IteratedLocalSearch Engine...
[INFO]:[05:48:20] Mip start is disabled for this iteration.
[INFO]:[05:48:20] Writing ILS search space file for worker 0...
[INFO]:[05:48:20] Warning: Initial value for parameter CPXPARAM_Emphasis_MIP is forbidden. So unforbidden it for the ILS initial configuration at iteration 5.
[INFO]:[05:48:20] ILS search space file written: /scratch/yorig/mpils-results-grid-ticks-10000-7may/medium-2/24proc-24pils/seed-5/9_supportcase6_seed-5_20260510_054653/iterated_local_search/search_space/search_space_file_5.txt
[INFO]:[05:48:20] Writing ILS search space file for worker 1...
[INFO]:[05:48:20] Warning: Initial value for parameter CPXPARAM_Emphasis_MIP is forbidden. So unforbidden it for the ILS initial configuration at iteration 5.
[INFO]:[05:48:20] Warning: Initial value for parameter CPXPARAM_MIP_Limits_ProbeTime is forbidden. So unforbidden it for the ILS initial configuration at iteration 5.
[INFO]:[05:48:20] ILS search space file written: /scratch/yorig/mpils-results-grid-ticks-10000-7may/medium-2/24proc-24pils/seed-5/9_supportcase6_seed-5_20260510_054653/iterated_local_search/search_space/search_space_file_5_worker_1.txt
[INFO]:[05:48:20] Writing ILS search space file for worker 2...
[INFO]:[05:48:20] Warning: Initial value for parameter CPXPARAM_Emphasis_MIP is forbidden. So unforbidden it for the ILS initial configuration at iteration 5.
[INFO]:[05:48:20] Warning: Initial value for parameter CPXPARAM_MIP_Limits_ProbeTime is forbidden. So unforbidden it for the ILS initial configuration at iteration 5.
[INFO]:[05:48:20] ILS search space file written: /scratch/yorig/mpils-results-grid-ticks-10000-7may/medium-2/24proc-24pils/seed-5/9_supportcase6_seed-5_20260510_054653/iterated_local_search/search_space/search_space_file_5_worker_2.txt
[INFO]:[05:48:20] Writing ILS search space file for worker 3...
[INFO]:[05:48:20] Warning: Initial value for parameter CPXPARAM_Emphasis_MIP is forbidden. So unforbidden it for the ILS initial configuration at iteration 5.
[INFO]:[05:48:20] Warning: Initial value for parameter CPXPARAM_MIP_Limits_ProbeTime is forbidden. So unforbidden it for the ILS initial configuration at iteration 5.
[INFO]:[05:48:20] ILS search space file written: /scratch/yorig/mpils-results-grid-ticks-10000-7may/medium-2/24proc-24pils/seed-5/9_supportcase6_seed-5_20260510_054653/iterated_local_search/search_space/search_space_file_5_worker_3.txt
[INFO]:[05:48:20] Writing ILS search space file for worker 4...
[INFO]:[05:48:20] Warning: Initial value for parameter CPXPARAM_Emphasis_MIP is forbidden. So unforbidden it for the ILS initial configuration at iteration 5.
[INFO]:[05:48:20] Warning: Initial value for parameter CPXPARAM_MIP_Limits_ProbeTime is forbidden. So unforbidden it for the ILS initial configuration at iteration 5.
[INFO]:[05:48:20] ILS search space file written: /scratch/yorig/mpils-results-grid-ticks-10000-7may/medium-2/24proc-24pils/seed-5/9_supportcase6_seed-5_20260510_054653/iterated_local_search/search_space/search_space_file_5_worker_4.txt
[INFO]:[05:48:20] Writing ILS search space file for worker 5...
[INFO]:[05:48:20] Warning: Initial value for parameter CPXPARAM_MIP_Limits_ProbeTime is forbidden. So unforbidden it for the ILS initial configuration at iteration 5.
[INFO]:[05:48:20] ILS search space file written: /scratch/yorig/mpils-results-grid-ticks-10000-7may/medium-2/24proc-24pils/seed-5/9_supportcase6_seed-5_20260510_054653/iterated_local_search/search_space/search_space_file_5_worker_5.txt
[INFO]:[05:48:20] Writing ILS search space file for worker 6...
[INFO]:[05:48:20] Warning: Initial value for parameter CPXPARAM_Emphasis_MIP is forbidden. So unforbidden it for the ILS initial configuration at iteration 5.
[INFO]:[05:48:20] Warning: Initial value for parameter CPXPARAM_MIP_Limits_ProbeTime is forbidden. So unforbidden it for the ILS initial configuration at iteration 5.
[INFO]:[05:48:20] ILS search space file written: /scratch/yorig/mpils-results-grid-ticks-10000-7may/medium-2/24proc-24pils/seed-5/9_supportcase6_seed-5_20260510_054653/iterated_local_search/search_space/search_space_file_5_worker_6.txt
[INFO]:[05:48:20] Writing ILS search space file for worker 7...
[INFO]:[05:48:20] Warning: Initial value for parameter CPXPARAM_MIP_Limits_ProbeTime is forbidden. So unforbidden it for the ILS initial configuration at iteration 5.
[INFO]:[05:48:20] ILS search space file written: /scratch/yorig/mpils-results-grid-ticks-10000-7may/medium-2/24proc-24pils/seed-5/9_supportcase6_seed-5_20260510_054653/iterated_local_search/search_space/search_space_file_5_worker_7.txt
[INFO]:[05:48:20] Writing ILS search space file for worker 8...
[INFO]:[05:48:20] Warning: Initial value for parameter CPXPARAM_Emphasis_MIP is forbidden. So unforbidden it for the ILS initial configuration at iteration 5.
[INFO]:[05:48:20] Warning: Initial value for parameter CPXPARAM_MIP_Limits_ProbeTime is forbidden. So unforbidden it for the ILS initial configuration at iteration 5.
[INFO]:[05:48:20] ILS search space file written: /scratch/yorig/mpils-results-grid-ticks-10000-7may/medium-2/24proc-24pils/seed-5/9_supportcase6_seed-5_20260510_054653/iterated_local_search/search_space/search_space_file_5_worker_8.txt
[INFO]:[05:48:20] Writing ILS search space file for worker 9...
[INFO]:[05:48:20] Warning: Initial value for parameter CPXPARAM_Emphasis_MIP is forbidden. So unforbidden it for the ILS initial configuration at iteration 5.
[INFO]:[05:48:20] Warning: Initial value for parameter CPXPARAM_MIP_Limits_ProbeTime is forbidden. So unforbidden it for the ILS initial configuration at iteration 5.
[INFO]:[05:48:20] ILS search space file written: /scratch/yorig/mpils-results-grid-ticks-10000-7may/medium-2/24proc-24pils/seed-5/9_supportcase6_seed-5_20260510_054653/iterated_local_search/search_space/search_space_file_5_worker_9.txt
[INFO]:[05:48:20] Writing ILS search space file for worker 10...
[INFO]:[05:48:20] Warning: Initial value for parameter CPXPARAM_Emphasis_MIP is forbidden. So unforbidden it for the ILS initial configuration at iteration 5.
[INFO]:[05:48:20] Warning: Initial value for parameter CPXPARAM_MIP_Limits_ProbeTime is forbidden. So unforbidden it for the ILS initial configuration at iteration 5.
[INFO]:[05:48:20] ILS search space file written: /scratch/yorig/mpils-results-grid-ticks-10000-7may/medium-2/24proc-24pils/seed-5/9_supportcase6_seed-5_20260510_054653/iterated_local_search/search_space/search_space_file_5_worker_10.txt
[INFO]:[05:48:20] Writing ILS search space file for worker 11...
[INFO]:[05:48:20] Warning: Initial value for parameter CPXPARAM_MIP_Limits_ProbeTime is forbidden. So unforbidden it for the ILS initial configuration at iteration 5.
[INFO]:[05:48:20] ILS search space file written: /scratch/yorig/mpils-results-grid-ticks-10000-7may/medium-2/24proc-24pils/seed-5/9_supportcase6_seed-5_20260510_054653/iterated_local_search/search_space/search_space_file_5_worker_11.txt
[INFO]:[05:48:20] Writing ILS search space file for worker 12...
[INFO]:[05:48:20] Warning: Initial value for parameter CPXPARAM_Emphasis_MIP is forbidden. So unforbidden it for the ILS initial configuration at iteration 5.
[INFO]:[05:48:20] Warning: Initial value for parameter CPXPARAM_MIP_Limits_ProbeTime is forbidden. So unforbidden it for the ILS initial configuration at iteration 5.
[INFO]:[05:48:20] ILS search space file written: /scratch/yorig/mpils-results-grid-ticks-10000-7may/medium-2/24proc-24pils/seed-5/9_supportcase6_seed-5_20260510_054653/iterated_local_search/search_space/search_space_file_5_worker_12.txt
[INFO]:[05:48:20] Writing ILS search space file for worker 13...
[INFO]:[05:48:20] Warning: Initial value for parameter CPXPARAM_Emphasis_MIP is forbidden. So unforbidden it for the ILS initial configuration at iteration 5.
[INFO]:[05:48:20] Warning: Initial configuration contains a forbidden tuple. So unforbidden it for ILS at iteration 5.
[INFO]:[05:48:20] ILS search space file written: /scratch/yorig/mpils-results-grid-ticks-10000-7may/medium-2/24proc-24pils/seed-5/9_supportcase6_seed-5_20260510_054653/iterated_local_search/search_space/search_space_file_5_worker_13.txt
[INFO]:[05:48:20] Writing ILS search space file for worker 14...
[INFO]:[05:48:20] Warning: Initial value for parameter CPXPARAM_Emphasis_MIP is forbidden. So unforbidden it for the ILS initial configuration at iteration 5.
[INFO]:[05:48:20] Warning: Initial value for parameter CPXPARAM_MIP_Limits_ProbeTime is forbidden. So unforbidden it for the ILS initial configuration at iteration 5.
[INFO]:[05:48:20] ILS search space file written: /scratch/yorig/mpils-results-grid-ticks-10000-7may/medium-2/24proc-24pils/seed-5/9_supportcase6_seed-5_20260510_054653/iterated_local_search/search_space/search_space_file_5_worker_14.txt
[INFO]:[05:48:20] Writing ILS search space file for worker 15...
[INFO]:[05:48:20] Warning: Initial value for parameter CPXPARAM_Emphasis_MIP is forbidden. So unforbidden it for the ILS initial configuration at iteration 5.
[INFO]:[05:48:20] ILS search space file written: /scratch/yorig/mpils-results-grid-ticks-10000-7may/medium-2/24proc-24pils/seed-5/9_supportcase6_seed-5_20260510_054653/iterated_local_search/search_space/search_space_file_5_worker_15.txt
[INFO]:[05:48:20] Writing ILS search space file for worker 16...
[INFO]:[05:48:20] Warning: Initial value for parameter CPXPARAM_Emphasis_MIP is forbidden. So unforbidden it for the ILS initial configuration at iteration 5.
[INFO]:[05:48:20] Warning: Initial value for parameter CPXPARAM_MIP_Limits_ProbeTime is forbidden. So unforbidden it for the ILS initial configuration at iteration 5.
[INFO]:[05:48:20] ILS search space file written: /scratch/yorig/mpils-results-grid-ticks-10000-7may/medium-2/24proc-24pils/seed-5/9_supportcase6_seed-5_20260510_054653/iterated_local_search/search_space/search_space_file_5_worker_16.txt
[INFO]:[05:48:20] Writing ILS search space file for worker 17...
[INFO]:[05:48:20] Warning: Initial value for parameter CPXPARAM_Emphasis_MIP is forbidden. So unforbidden it for the ILS initial configuration at iteration 5.
[INFO]:[05:48:20] ILS search space file written: /scratch/yorig/mpils-results-grid-ticks-10000-7may/medium-2/24proc-24pils/seed-5/9_supportcase6_seed-5_20260510_054653/iterated_local_search/search_space/search_space_file_5_worker_17.txt
[INFO]:[05:48:20] Writing ILS search space file for worker 18...
[INFO]:[05:48:20] Warning: Initial value for parameter CPXPARAM_MIP_Limits_ProbeTime is forbidden. So unforbidden it for the ILS initial configuration at iteration 5.
[INFO]:[05:48:20] ILS search space file written: /scratch/yorig/mpils-results-grid-ticks-10000-7may/medium-2/24proc-24pils/seed-5/9_supportcase6_seed-5_20260510_054653/iterated_local_search/search_space/search_space_file_5_worker_18.txt
[INFO]:[05:48:20] Writing ILS search space file for worker 19...
[INFO]:[05:48:20] Warning: Initial value for parameter CPXPARAM_Emphasis_MIP is forbidden. So unforbidden it for the ILS initial configuration at iteration 5.
[INFO]:[05:48:20] ILS search space file written: /scratch/yorig/mpils-results-grid-ticks-10000-7may/medium-2/24proc-24pils/seed-5/9_supportcase6_seed-5_20260510_054653/iterated_local_search/search_space/search_space_file_5_worker_19.txt
[INFO]:[05:48:20] Writing ILS search space file for worker 20...
[INFO]:[05:48:20] Warning: Initial value for parameter CPXPARAM_Emphasis_MIP is forbidden. So unforbidden it for the ILS initial configuration at iteration 5.
[INFO]:[05:48:20] ILS search space file written: /scratch/yorig/mpils-results-grid-ticks-10000-7may/medium-2/24proc-24pils/seed-5/9_supportcase6_seed-5_20260510_054653/iterated_local_search/search_space/search_space_file_5_worker_20.txt
[INFO]:[05:48:20] Writing ILS search space file for worker 21...
[INFO]:[05:48:20] Warning: Initial value for parameter CPXPARAM_MIP_Limits_ProbeTime is forbidden. So unforbidden it for the ILS initial configuration at iteration 5.
[INFO]:[05:48:20] ILS search space file written: /scratch/yorig/mpils-results-grid-ticks-10000-7may/medium-2/24proc-24pils/seed-5/9_supportcase6_seed-5_20260510_054653/iterated_local_search/search_space/search_space_file_5_worker_21.txt
[INFO]:[05:48:20] Writing ILS search space file for worker 22...
[INFO]:[05:48:20] Warning: Initial value for parameter CPXPARAM_Emphasis_MIP is forbidden. So unforbidden it for the ILS initial configuration at iteration 5.
[INFO]:[05:48:20] Warning: Initial value for parameter CPXPARAM_MIP_Limits_ProbeTime is forbidden. So unforbidden it for the ILS initial configuration at iteration 5.
[INFO]:[05:48:20] ILS search space file written: /scratch/yorig/mpils-results-grid-ticks-10000-7may/medium-2/24proc-24pils/seed-5/9_supportcase6_seed-5_20260510_054653/iterated_local_search/search_space/search_space_file_5_worker_22.txt
[INFO]:[05:48:20] Writing ILS search space file for worker 23...
[INFO]:[05:48:20] Warning: Initial value for parameter CPXPARAM_Emphasis_MIP is forbidden. So unforbidden it for the ILS initial configuration at iteration 5.
[INFO]:[05:48:20] ILS search space file written: /scratch/yorig/mpils-results-grid-ticks-10000-7may/medium-2/24proc-24pils/seed-5/9_supportcase6_seed-5_20260510_054653/iterated_local_search/search_space/search_space_file_5_worker_23.txt
[INFO]:[05:48:20] Launching Local Search Workers via MPI...
[INFO]:[05:48:20] Local Search Workers launched.
[INFO]:[05:48:20] Starting local search phase...
[INFO]:[05:48:20] Creating local search space from parameter space file: /scratch/yorig/mpils-results-grid-ticks-10000-7may/medium-2/24proc-24pils/seed-5/9_supportcase6_seed-5_20260510_054653/iterated_local_search/search_space/search_space_file_5.txt
[INFO]:[05:48:20] Local search space loaded from file: /scratch/yorig/mpils-results-grid-ticks-10000-7may/medium-2/24proc-24pils/seed-5/9_supportcase6_seed-5_20260510_054653/iterated_local_search/search_space/search_space_file_5.txt
[INFO]:[05:48:20] Number of parameters in local search space: 71
[INFO]:[05:48:20] Number of forbidden tuples in local search space: 3
[INFO]:[05:48:20] Number of conditionals in local search space: 6
[INFO]:[05:48:20] MIP start option not enabled. Local search will proceed without MIP start.
[INFO]:[05:48:20] Seeded initial configuration into local search cache with known objective value: 13.09
[INFO]:[05:48:20] Starting CPLEX solver on instance: /home/yorig/tuner/mpils-tests/instances/miplib/medium-2/supportcase6.mps with config: /scratch/yorig/mpils-results-grid-ticks-10000-7may/medium-2/24proc-24pils/seed-5/9_supportcase6_seed-5_20260510_054653/iterated_local_search/run_5_worker_0/ils_config_17758519185802166155.prm
[INFO]:[05:48:20] Starting CPLEX solver on instance: /home/yorig/tuner/mpils-tests/instances/miplib/medium-2/supportcase6.mps with config: /scratch/yorig/mpils-results-grid-ticks-10000-7may/medium-2/24proc-24pils/seed-5/9_supportcase6_seed-5_20260510_054653/iterated_local_search/run_5_worker_0/ils_config_17758519185802166155.prm
[INFO]:[05:48:27] CPLEX results. Gap: 13.090000, upper bound: 51967.042398, lower bound: 45167.106786
[INFO]:[05:48:27] CPLEX solver finished. Gap: 13.090000
[INFO]:[05:48:27] Starting CPLEX solver on instance: /home/yorig/tuner/mpils-tests/instances/miplib/medium-2/supportcase6.mps with config: /scratch/yorig/mpils-results-grid-ticks-10000-7may/medium-2/24proc-24pils/seed-5/9_supportcase6_seed-5_20260510_054653/iterated_local_search/run_5_worker_0/ils_config_9084400374520906468.prm
[INFO]:[05:48:27] Starting CPLEX solver on instance: /home/yorig/tuner/mpils-tests/instances/miplib/medium-2/supportcase6.mps with config: /scratch/yorig/mpils-results-grid-ticks-10000-7may/medium-2/24proc-24pils/seed-5/9_supportcase6_seed-5_20260510_054653/iterated_local_search/run_5_worker_0/ils_config_9084400374520906468.prm
[INFO]:[05:48:34] CPLEX results. Gap: 13.090000, upper bound: 51967.042398, lower bound: 45167.106786
[INFO]:[05:48:34] CPLEX solver finished. Gap: 13.090000
[INFO]:[05:48:34] Local search phase completed.
[INFO]:[05:48:34] Total number of new local-search evaluations: 48
[INFO]:[05:48:34] Final incumbent objective value: 13.09
[INFO]:[05:48:34] recordEvaluation produced_mip_start=0 mip_start_file=''
[DEBUG]:[05:48:34] Added evaluation to memory with objective: 13.09, ConfigId: 17758519185802166155, EvalId: 239. Total evaluations stored: 239
[INFO]:[05:48:34] recordEvaluation produced_mip_start=0 mip_start_file=''
[DEBUG]:[05:48:34] Added evaluation to memory with objective: 13.09, ConfigId: 3724607766898939210, EvalId: 240. Total evaluations stored: 240
[INFO]:[05:48:34] recordEvaluation produced_mip_start=0 mip_start_file=''
[DEBUG]:[05:48:34] Added evaluation to memory with objective: 13.09, ConfigId: 16491505298962666505, EvalId: 241. Total evaluations stored: 241
[INFO]:[05:48:34] recordEvaluation produced_mip_start=0 mip_start_file=''
[DEBUG]:[05:48:34] Added evaluation to memory with objective: 13.09, ConfigId: 11912917120498310271, EvalId: 242. Total evaluations stored: 242
[INFO]:[05:48:34] recordEvaluation produced_mip_start=0 mip_start_file=''
[DEBUG]:[05:48:34] Added evaluation to memory with objective: 13.11, ConfigId: 9646356935139946317, EvalId: 243. Total evaluations stored: 243
[INFO]:[05:48:34] recordEvaluation produced_mip_start=0 mip_start_file=''
[DEBUG]:[05:48:34] Added evaluation to memory with objective: 13.09, ConfigId: 9318035965377800992, EvalId: 244. Total evaluations stored: 244
[INFO]:[05:48:34] recordEvaluation produced_mip_start=0 mip_start_file=''
[DEBUG]:[05:48:34] Added evaluation to memory with objective: 55.98, ConfigId: 13033793139275046648, EvalId: 245. Total evaluations stored: 245
[INFO]:[05:48:34] recordEvaluation produced_mip_start=0 mip_start_file=''
[DEBUG]:[05:48:34] Added evaluation to memory with objective: 13.53, ConfigId: 7495872990499689079, EvalId: 246. Total evaluations stored: 246
[INFO]:[05:48:34] recordEvaluation produced_mip_start=0 mip_start_file=''
[DEBUG]:[05:48:34] Added evaluation to memory with objective: 13.09, ConfigId: 16575472562066630995, EvalId: 247. Total evaluations stored: 247
[INFO]:[05:48:34] recordEvaluation produced_mip_start=0 mip_start_file=''
[DEBUG]:[05:48:34] Added evaluation to memory with objective: 13.33, ConfigId: 18075988144437067376, EvalId: 248. Total evaluations stored: 248
[INFO]:[05:48:34] recordEvaluation produced_mip_start=0 mip_start_file=''
[DEBUG]:[05:48:34] Added evaluation to memory with objective: 13.09, ConfigId: 14196945744756714003, EvalId: 249. Total evaluations stored: 249
[INFO]:[05:48:34] recordEvaluation produced_mip_start=0 mip_start_file=''
[DEBUG]:[05:48:34] Added evaluation to memory with objective: 13.09, ConfigId: 3186262481308252132, EvalId: 250. Total evaluations stored: 250
[INFO]:[05:48:34] recordEvaluation produced_mip_start=0 mip_start_file=''
[DEBUG]:[05:48:34] Added evaluation to memory with objective: 13.09, ConfigId: 16951113821512220717, EvalId: 251. Total evaluations stored: 251
[INFO]:[05:48:34] recordEvaluation produced_mip_start=0 mip_start_file=''
[DEBUG]:[05:48:34] Added evaluation to memory with objective: 13.23, ConfigId: 5479604337241314069, EvalId: 252. Total evaluations stored: 252
[INFO]:[05:48:34] recordEvaluation produced_mip_start=0 mip_start_file=''
[DEBUG]:[05:48:34] Added evaluation to memory with objective: 13.09, ConfigId: 8906865714715634875, EvalId: 253. Total evaluations stored: 253
[INFO]:[05:48:34] recordEvaluation produced_mip_start=0 mip_start_file=''
[DEBUG]:[05:48:34] Added evaluation to memory with objective: 13.09, ConfigId: 15839131794586456680, EvalId: 254. Total evaluations stored: 254
[INFO]:[05:48:34] recordEvaluation produced_mip_start=0 mip_start_file=''
[DEBUG]:[05:48:34] Added evaluation to memory with objective: 55.98, ConfigId: 2013322509231427881, EvalId: 255. Total evaluations stored: 255
[INFO]:[05:48:34] recordEvaluation produced_mip_start=0 mip_start_file=''
[DEBUG]:[05:48:34] Added evaluation to memory with objective: 13.09, ConfigId: 8127585189932690571, EvalId: 256. Total evaluations stored: 256
[INFO]:[05:48:34] recordEvaluation produced_mip_start=0 mip_start_file=''
[DEBUG]:[05:48:34] Added evaluation to memory with objective: 13.09, ConfigId: 13604410683632462707, EvalId: 257. Total evaluations stored: 257
[INFO]:[05:48:34] recordEvaluation produced_mip_start=0 mip_start_file=''
[DEBUG]:[05:48:34] Added evaluation to memory with objective: 13.09, ConfigId: 2841013819521791995, EvalId: 258. Total evaluations stored: 258
[INFO]:[05:48:34] recordEvaluation produced_mip_start=0 mip_start_file=''
[DEBUG]:[05:48:34] Added evaluation to memory with objective: 13.09, ConfigId: 14643770016239804526, EvalId: 259. Total evaluations stored: 259
[INFO]:[05:48:34] recordEvaluation produced_mip_start=0 mip_start_file=''
[DEBUG]:[05:48:34] Added evaluation to memory with objective: 13.09, ConfigId: 3953077701625171933, EvalId: 260. Total evaluations stored: 260
[INFO]:[05:48:34] recordEvaluation produced_mip_start=0 mip_start_file=''
[DEBUG]:[05:48:34] Added evaluation to memory with objective: 13.11, ConfigId: 11429758935815370399, EvalId: 261. Total evaluations stored: 261
[INFO]:[05:48:34] recordEvaluation produced_mip_start=0 mip_start_file=''
[DEBUG]:[05:48:34] Added evaluation to memory with objective: 27.39, ConfigId: 4967310817370653258, EvalId: 262. Total evaluations stored: 262
[INFO]:[05:48:34] recordEvaluation produced_mip_start=0 mip_start_file=''
[DEBUG]:[05:48:34] Added evaluation to memory with objective: 13.09, ConfigId: 9084400374520906468, EvalId: 263. Total evaluations stored: 263
[INFO]:[05:48:34] recordEvaluation produced_mip_start=0 mip_start_file=''
[DEBUG]:[05:48:34] Added evaluation to memory with objective: 13.09, ConfigId: 14765206229078454064, EvalId: 264. Total evaluations stored: 264
[INFO]:[05:48:34] recordEvaluation produced_mip_start=0 mip_start_file=''
[DEBUG]:[05:48:34] Added evaluation to memory with objective: 55.98, ConfigId: 6031116394715836321, EvalId: 265. Total evaluations stored: 265
[INFO]:[05:48:34] recordEvaluation produced_mip_start=0 mip_start_file=''
[DEBUG]:[05:48:34] Added evaluation to memory with objective: 13.14, ConfigId: 90054522159720514, EvalId: 266. Total evaluations stored: 266
[INFO]:[05:48:34] recordEvaluation produced_mip_start=0 mip_start_file=''
[DEBUG]:[05:48:34] Added evaluation to memory with objective: 13.09, ConfigId: 1362490179574754490, EvalId: 267. Total evaluations stored: 267
[INFO]:[05:48:34] recordEvaluation produced_mip_start=0 mip_start_file=''
[DEBUG]:[05:48:34] Added evaluation to memory with objective: 13.11, ConfigId: 16544374156855846092, EvalId: 268. Total evaluations stored: 268
[INFO]:[05:48:34] recordEvaluation produced_mip_start=0 mip_start_file=''
[DEBUG]:[05:48:34] Added evaluation to memory with objective: 13.09, ConfigId: 16662419034215702205, EvalId: 269. Total evaluations stored: 269
[INFO]:[05:48:34] recordEvaluation produced_mip_start=0 mip_start_file=''
[DEBUG]:[05:48:34] Added evaluation to memory with objective: 13.09, ConfigId: 10053080042030235538, EvalId: 270. Total evaluations stored: 270
[INFO]:[05:48:34] recordEvaluation produced_mip_start=0 mip_start_file=''
[DEBUG]:[05:48:34] Added evaluation to memory with objective: 13.09, ConfigId: 4583721262243072289, EvalId: 271. Total evaluations stored: 271
[INFO]:[05:48:34] recordEvaluation produced_mip_start=0 mip_start_file=''
[DEBUG]:[05:48:34] Added evaluation to memory with objective: 100, ConfigId: 9516709883803394258, EvalId: 272. Total evaluations stored: 272
[INFO]:[05:48:34] recordEvaluation produced_mip_start=0 mip_start_file=''
[DEBUG]:[05:48:34] Added evaluation to memory with objective: 13.09, ConfigId: 14283152925050007650, EvalId: 273. Total evaluations stored: 273
[INFO]:[05:48:34] recordEvaluation produced_mip_start=0 mip_start_file=''
[DEBUG]:[05:48:34] Added evaluation to memory with objective: 13.09, ConfigId: 12477581525672487968, EvalId: 274. Total evaluations stored: 274
[INFO]:[05:48:34] recordEvaluation produced_mip_start=0 mip_start_file=''
[DEBUG]:[05:48:34] Added evaluation to memory with objective: 13.09, ConfigId: 5162131178456546405, EvalId: 275. Total evaluations stored: 275
[INFO]:[05:48:34] recordEvaluation produced_mip_start=0 mip_start_file=''
[DEBUG]:[05:48:34] Added evaluation to memory with objective: 13.09, ConfigId: 7451678252786813256, EvalId: 276. Total evaluations stored: 276
[INFO]:[05:48:34] recordEvaluation produced_mip_start=0 mip_start_file=''
[DEBUG]:[05:48:34] Added evaluation to memory with objective: 13.09, ConfigId: 11353324080580642263, EvalId: 277. Total evaluations stored: 277
[INFO]:[05:48:34] recordEvaluation produced_mip_start=0 mip_start_file=''
[DEBUG]:[05:48:34] Added evaluation to memory with objective: 13.09, ConfigId: 358827902720637111, EvalId: 278. Total evaluations stored: 278
[INFO]:[05:48:34] recordEvaluation produced_mip_start=0 mip_start_file=''
[DEBUG]:[05:48:34] Added evaluation to memory with objective: 13.09, ConfigId: 10942843488015290345, EvalId: 279. Total evaluations stored: 279
[INFO]:[05:48:34] recordEvaluation produced_mip_start=0 mip_start_file=''
[DEBUG]:[05:48:34] Added evaluation to memory with objective: 13.09, ConfigId: 12988561870313624337, EvalId: 280. Total evaluations stored: 280
[INFO]:[05:48:34] recordEvaluation produced_mip_start=0 mip_start_file=''
[DEBUG]:[05:48:34] Added evaluation to memory with objective: 13.09, ConfigId: 13774562072070305645, EvalId: 281. Total evaluations stored: 281
[INFO]:[05:48:34] recordEvaluation produced_mip_start=0 mip_start_file=''
[DEBUG]:[05:48:34] Added evaluation to memory with objective: 13.09, ConfigId: 15055430024672351603, EvalId: 282. Total evaluations stored: 282
[INFO]:[05:48:34] recordEvaluation produced_mip_start=0 mip_start_file=''
[DEBUG]:[05:48:34] Added evaluation to memory with objective: 13.11, ConfigId: 5713233081864022507, EvalId: 283. Total evaluations stored: 283
[INFO]:[05:48:34] recordEvaluation produced_mip_start=0 mip_start_file=''
[DEBUG]:[05:48:34] Added evaluation to memory with objective: 13.09, ConfigId: 16678779536846621431, EvalId: 284. Total evaluations stored: 284
[INFO]:[05:48:34] recordEvaluation produced_mip_start=0 mip_start_file=''
[DEBUG]:[05:48:34] Added evaluation to memory with objective: 27.29, ConfigId: 16884677196242119723, EvalId: 285. Total evaluations stored: 285
[INFO]:[05:48:34] recordEvaluation produced_mip_start=0 mip_start_file=''
[DEBUG]:[05:48:34] Added evaluation to memory with objective: 27.29, ConfigId: 15676653188800320588, EvalId: 286. Total evaluations stored: 286
[INFO]:[05:48:34] Waiting for Local Search Workers via MPI...
[INFO]:[05:48:34] Local Search Workers have completed.
[INFO]:[05:48:34] IteratedLocalSearch Engine completed.
[INFO]:[05:48:34] Added48 evaluations to memory from exploration phase at iteration 5
[INFO]:[05:48:34] Exploration phase completed.
[INFO]:[05:48:34] Starting expansion phase...
[INFO]:[05:48:34] Selecting parameters for expansion phase...
[INFO]:[05:48:34] Selected expansion parameters: 10
[INFO]:[05:48:34] Creating configuration files for expansion parameters...
[INFO]:[05:48:34] Creating configurations for parameter: CPXPARAM_Preprocessing_Reduce
[DEBUG]:[05:48:34] Parameter CPXPARAM_Preprocessing_Reduce will be evaluated on 3 alternative value(s) after excluding the current base configuration value.
[DEBUG]:[05:48:34] Created configuration file for parameter CPXPARAM_Preprocessing_Reduce with value 0 at /scratch/yorig/mpils-results-grid-ticks-10000-7may/medium-2/24proc-24pils/seed-5/9_supportcase6_seed-5_20260510_054653/expansion/config_param_CPXPARAM_Preprocessing_Reduce_0_iter_5.prm
[DEBUG]:[05:48:34] Created configuration file for parameter CPXPARAM_Preprocessing_Reduce with value 1 at /scratch/yorig/mpils-results-grid-ticks-10000-7may/medium-2/24proc-24pils/seed-5/9_supportcase6_seed-5_20260510_054653/expansion/config_param_CPXPARAM_Preprocessing_Reduce_1_iter_5.prm
[DEBUG]:[05:48:34] Created configuration file for parameter CPXPARAM_Preprocessing_Reduce with value 2 at /scratch/yorig/mpils-results-grid-ticks-10000-7may/medium-2/24proc-24pils/seed-5/9_supportcase6_seed-5_20260510_054653/expansion/config_param_CPXPARAM_Preprocessing_Reduce_2_iter_5.prm
[INFO]:[05:48:34] Creating configurations for parameter: CPXPARAM_Preprocessing_Relax
[DEBUG]:[05:48:34] Parameter CPXPARAM_Preprocessing_Relax will be evaluated on 2 alternative value(s) after excluding the current base configuration value.
[DEBUG]:[05:48:34] Created configuration file for parameter CPXPARAM_Preprocessing_Relax with value 0 at /scratch/yorig/mpils-results-grid-ticks-10000-7may/medium-2/24proc-24pils/seed-5/9_supportcase6_seed-5_20260510_054653/expansion/config_param_CPXPARAM_Preprocessing_Relax_0_iter_5.prm
[DEBUG]:[05:48:34] Created configuration file for parameter CPXPARAM_Preprocessing_Relax with value 1 at /scratch/yorig/mpils-results-grid-ticks-10000-7may/medium-2/24proc-24pils/seed-5/9_supportcase6_seed-5_20260510_054653/expansion/config_param_CPXPARAM_Preprocessing_Relax_1_iter_5.prm
[INFO]:[05:48:34] Creating configurations for parameter: CPXPARAM_Preprocessing_RepeatPresolve
[DEBUG]:[05:48:34] Parameter CPXPARAM_Preprocessing_RepeatPresolve will be evaluated on 4 alternative value(s) after excluding the current base configuration value.
[DEBUG]:[05:48:34] Created configuration file for parameter CPXPARAM_Preprocessing_RepeatPresolve with value 0 at /scratch/yorig/mpils-results-grid-ticks-10000-7may/medium-2/24proc-24pils/seed-5/9_supportcase6_seed-5_20260510_054653/expansion/config_param_CPXPARAM_Preprocessing_RepeatPresolve_0_iter_5.prm
[DEBUG]:[05:48:34] Created configuration file for parameter CPXPARAM_Preprocessing_RepeatPresolve with value 1 at /scratch/yorig/mpils-results-grid-ticks-10000-7may/medium-2/24proc-24pils/seed-5/9_supportcase6_seed-5_20260510_054653/expansion/config_param_CPXPARAM_Preprocessing_RepeatPresolve_1_iter_5.prm
[DEBUG]:[05:48:34] Created configuration file for parameter CPXPARAM_Preprocessing_RepeatPresolve with value 2 at /scratch/yorig/mpils-results-grid-ticks-10000-7may/medium-2/24proc-24pils/seed-5/9_supportcase6_seed-5_20260510_054653/expansion/config_param_CPXPARAM_Preprocessing_RepeatPresolve_2_iter_5.prm
[DEBUG]:[05:48:34] Created configuration file for parameter CPXPARAM_Preprocessing_RepeatPresolve with value 3 at /scratch/yorig/mpils-results-grid-ticks-10000-7may/medium-2/24proc-24pils/seed-5/9_supportcase6_seed-5_20260510_054653/expansion/config_param_CPXPARAM_Preprocessing_RepeatPresolve_3_iter_5.prm
[INFO]:[05:48:34] Creating configurations for parameter: CPXPARAM_LPMethod
[DEBUG]:[05:48:34] Parameter CPXPARAM_LPMethod will be evaluated on 6 alternative value(s) after excluding the current base configuration value.
[DEBUG]:[05:48:34] Created configuration file for parameter CPXPARAM_LPMethod with value 1 at /scratch/yorig/mpils-results-grid-ticks-10000-7may/medium-2/24proc-24pils/seed-5/9_supportcase6_seed-5_20260510_054653/expansion/config_param_CPXPARAM_LPMethod_1_iter_5.prm
[DEBUG]:[05:48:34] Created configuration file for parameter CPXPARAM_LPMethod with value 2 at /scratch/yorig/mpils-results-grid-ticks-10000-7may/medium-2/24proc-24pils/seed-5/9_supportcase6_seed-5_20260510_054653/expansion/config_param_CPXPARAM_LPMethod_2_iter_5.prm
[DEBUG]:[05:48:34] Created configuration file for parameter CPXPARAM_LPMethod with value 3 at /scratch/yorig/mpils-results-grid-ticks-10000-7may/medium-2/24proc-24pils/seed-5/9_supportcase6_seed-5_20260510_054653/expansion/config_param_CPXPARAM_LPMethod_3_iter_5.prm
[DEBUG]:[05:48:34] Created configuration file for parameter CPXPARAM_LPMethod with value 4 at /scratch/yorig/mpils-results-grid-ticks-10000-7may/medium-2/24proc-24pils/seed-5/9_supportcase6_seed-5_20260510_054653/expansion/config_param_CPXPARAM_LPMethod_4_iter_5.prm
[DEBUG]:[05:48:34] Created configuration file for parameter CPXPARAM_LPMethod with value 5 at /scratch/yorig/mpils-results-grid-ticks-10000-7may/medium-2/24proc-24pils/seed-5/9_supportcase6_seed-5_20260510_054653/expansion/config_param_CPXPARAM_LPMethod_5_iter_5.prm
[DEBUG]:[05:48:34] Created configuration file for parameter CPXPARAM_LPMethod with value 6 at /scratch/yorig/mpils-results-grid-ticks-10000-7may/medium-2/24proc-24pils/seed-5/9_supportcase6_seed-5_20260510_054653/expansion/config_param_CPXPARAM_LPMethod_6_iter_5.prm
[INFO]:[05:48:34] Creating configurations for parameter: CPXPARAM_Read_Scale
[DEBUG]:[05:48:34] Parameter CPXPARAM_Read_Scale will be evaluated on 2 alternative value(s) after excluding the current base configuration value.
[DEBUG]:[05:48:34] Created configuration file for parameter CPXPARAM_Read_Scale with value -1 at /scratch/yorig/mpils-results-grid-ticks-10000-7may/medium-2/24proc-24pils/seed-5/9_supportcase6_seed-5_20260510_054653/expansion/config_param_CPXPARAM_Read_Scale_-1_iter_5.prm
[DEBUG]:[05:48:34] Created configuration file for parameter CPXPARAM_Read_Scale with value 1 at /scratch/yorig/mpils-results-grid-ticks-10000-7may/medium-2/24proc-24pils/seed-5/9_supportcase6_seed-5_20260510_054653/expansion/config_param_CPXPARAM_Read_Scale_1_iter_5.prm
[INFO]:[05:48:34] Creating configurations for parameter: CPXPARAM_Sifting_Algorithm
[DEBUG]:[05:48:34] Parameter CPXPARAM_Sifting_Algorithm will be evaluated on 4 alternative value(s) after excluding the current base configuration value.
[DEBUG]:[05:48:34] Created configuration file for parameter CPXPARAM_Sifting_Algorithm with value 1 at /scratch/yorig/mpils-results-grid-ticks-10000-7may/medium-2/24proc-24pils/seed-5/9_supportcase6_seed-5_20260510_054653/expansion/config_param_CPXPARAM_Sifting_Algorithm_1_iter_5.prm
[DEBUG]:[05:48:34] Created configuration file for parameter CPXPARAM_Sifting_Algorithm with value 2 at /scratch/yorig/mpils-results-grid-ticks-10000-7may/medium-2/24proc-24pils/seed-5/9_supportcase6_seed-5_20260510_054653/expansion/config_param_CPXPARAM_Sifting_Algorithm_2_iter_5.prm
[DEBUG]:[05:48:34] Created configuration file for parameter CPXPARAM_Sifting_Algorithm with value 3 at /scratch/yorig/mpils-results-grid-ticks-10000-7may/medium-2/24proc-24pils/seed-5/9_supportcase6_seed-5_20260510_054653/expansion/config_param_CPXPARAM_Sifting_Algorithm_3_iter_5.prm
[DEBUG]:[05:48:34] Created configuration file for parameter CPXPARAM_Sifting_Algorithm with value 4 at /scratch/yorig/mpils-results-grid-ticks-10000-7may/medium-2/24proc-24pils/seed-5/9_supportcase6_seed-5_20260510_054653/expansion/config_param_CPXPARAM_Sifting_Algorithm_4_iter_5.prm
[INFO]:[05:48:34] Creating configurations for parameter: CPXPARAM_Simplex_Limits_Singularity
[DEBUG]:[05:48:34] Parameter CPXPARAM_Simplex_Limits_Singularity will be evaluated on 5 alternative value(s) after excluding the current base configuration value.
[DEBUG]:[05:48:34] Created configuration file for parameter CPXPARAM_Simplex_Limits_Singularity with value 0 at /scratch/yorig/mpils-results-grid-ticks-10000-7may/medium-2/24proc-24pils/seed-5/9_supportcase6_seed-5_20260510_054653/expansion/config_param_CPXPARAM_Simplex_Limits_Singularity_0_iter_5.prm
[DEBUG]:[05:48:34] Created configuration file for parameter CPXPARAM_Simplex_Limits_Singularity with value 2 at /scratch/yorig/mpils-results-grid-ticks-10000-7may/medium-2/24proc-24pils/seed-5/9_supportcase6_seed-5_20260510_054653/expansion/config_param_CPXPARAM_Simplex_Limits_Singularity_2_iter_5.prm
[DEBUG]:[05:48:34] Created configuration file for parameter CPXPARAM_Simplex_Limits_Singularity with value 5 at /scratch/yorig/mpils-results-grid-ticks-10000-7may/medium-2/24proc-24pils/seed-5/9_supportcase6_seed-5_20260510_054653/expansion/config_param_CPXPARAM_Simplex_Limits_Singularity_5_iter_5.prm
[DEBUG]:[05:48:34] Created configuration file for parameter CPXPARAM_Simplex_Limits_Singularity with value 20 at /scratch/yorig/mpils-results-grid-ticks-10000-7may/medium-2/24proc-24pils/seed-5/9_supportcase6_seed-5_20260510_054653/expansion/config_param_CPXPARAM_Simplex_Limits_Singularity_20_iter_5.prm
[DEBUG]:[05:48:34] Created configuration file for parameter CPXPARAM_Simplex_Limits_Singularity with value 40 at /scratch/yorig/mpils-results-grid-ticks-10000-7may/medium-2/24proc-24pils/seed-5/9_supportcase6_seed-5_20260510_054653/expansion/config_param_CPXPARAM_Simplex_Limits_Singularity_40_iter_5.prm
[INFO]:[05:48:34] Creating configurations for parameter: CPXPARAM_Barrier_Algorithm
[DEBUG]:[05:48:34] Parameter CPXPARAM_Barrier_Algorithm will be evaluated on 3 alternative value(s) after excluding the current base configuration value.
[DEBUG]:[05:48:34] Created configuration file for parameter CPXPARAM_Barrier_Algorithm with value 1 at /scratch/yorig/mpils-results-grid-ticks-10000-7may/medium-2/24proc-24pils/seed-5/9_supportcase6_seed-5_20260510_054653/expansion/config_param_CPXPARAM_Barrier_Algorithm_1_iter_5.prm
[DEBUG]:[05:48:34] Created configuration file for parameter CPXPARAM_Barrier_Algorithm with value 2 at /scratch/yorig/mpils-results-grid-ticks-10000-7may/medium-2/24proc-24pils/seed-5/9_supportcase6_seed-5_20260510_054653/expansion/config_param_CPXPARAM_Barrier_Algorithm_2_iter_5.prm
[DEBUG]:[05:48:34] Created configuration file for parameter CPXPARAM_Barrier_Algorithm with value 3 at /scratch/yorig/mpils-results-grid-ticks-10000-7may/medium-2/24proc-24pils/seed-5/9_supportcase6_seed-5_20260510_054653/expansion/config_param_CPXPARAM_Barrier_Algorithm_3_iter_5.prm
[INFO]:[05:48:34] Creating configurations for parameter: CPXPARAM_MIP_Limits_StrongCand
[DEBUG]:[05:48:34] Parameter CPXPARAM_MIP_Limits_StrongCand will be evaluated on 4 alternative value(s) after excluding the current base configuration value.
[DEBUG]:[05:48:34] Created configuration file for parameter CPXPARAM_MIP_Limits_StrongCand with value 2 at /scratch/yorig/mpils-results-grid-ticks-10000-7may/medium-2/24proc-24pils/seed-5/9_supportcase6_seed-5_20260510_054653/expansion/config_param_CPXPARAM_MIP_Limits_StrongCand_2_iter_5.prm
[DEBUG]:[05:48:34] Created configuration file for parameter CPXPARAM_MIP_Limits_StrongCand with value 5 at /scratch/yorig/mpils-results-grid-ticks-10000-7may/medium-2/24proc-24pils/seed-5/9_supportcase6_seed-5_20260510_054653/expansion/config_param_CPXPARAM_MIP_Limits_StrongCand_5_iter_5.prm
[DEBUG]:[05:48:34] Created configuration file for parameter CPXPARAM_MIP_Limits_StrongCand with value 20 at /scratch/yorig/mpils-results-grid-ticks-10000-7may/medium-2/24proc-24pils/seed-5/9_supportcase6_seed-5_20260510_054653/expansion/config_param_CPXPARAM_MIP_Limits_StrongCand_20_iter_5.prm
[DEBUG]:[05:48:34] Created configuration file for parameter CPXPARAM_MIP_Limits_StrongCand with value 40 at /scratch/yorig/mpils-results-grid-ticks-10000-7may/medium-2/24proc-24pils/seed-5/9_supportcase6_seed-5_20260510_054653/expansion/config_param_CPXPARAM_MIP_Limits_StrongCand_40_iter_5.prm
[INFO]:[05:48:34] Creating configurations for parameter: CPXPARAM_Preprocessing_QPMakePSD
[DEBUG]:[05:48:34] Parameter CPXPARAM_Preprocessing_QPMakePSD will be evaluated on 1 alternative value(s) after excluding the current base configuration value.
[DEBUG]:[05:48:34] Created configuration file for parameter CPXPARAM_Preprocessing_QPMakePSD with value 0 at /scratch/yorig/mpils-results-grid-ticks-10000-7may/medium-2/24proc-24pils/seed-5/9_supportcase6_seed-5_20260510_054653/expansion/config_param_CPXPARAM_Preprocessing_QPMakePSD_0_iter_5.prm
[INFO]:[05:48:34] Created 34 configuration files for expansion phase at iteration 5.
[INFO]:[05:48:34] Skipped 0 expansion parameter(s) with no alternative value to evaluate.
[INFO]:[05:48:34] Launching Expansion Workers via MPI...
[INFO]:[05:48:34] Expansion Workers launched.
[INFO]:[05:48:34] Evaluating expansion parameters...
[INFO]:[05:48:34] Starting CPLEX solver on instance: /home/yorig/tuner/mpils-tests/instances/miplib/medium-2/supportcase6.mps with config: /scratch/yorig/mpils-results-grid-ticks-10000-7may/medium-2/24proc-24pils/seed-5/9_supportcase6_seed-5_20260510_054653/expansion/config_param_CPXPARAM_Preprocessing_Reduce_0_iter_5.prm
[INFO]:[05:48:39] CPLEX results. Gap: 85.590000, upper bound: 312944.728401, lower bound: 45090.732163
[INFO]:[05:48:39] CPLEX solver finished. Gap: 85.590000
[INFO]:[05:48:41] Starting CPLEX solver on instance: /home/yorig/tuner/mpils-tests/instances/miplib/medium-2/supportcase6.mps with config: /scratch/yorig/mpils-results-grid-ticks-10000-7may/medium-2/24proc-24pils/seed-5/9_supportcase6_seed-5_20260510_054653/expansion/config_param_CPXPARAM_Simplex_Limits_Singularity_20_iter_5.prm
[INFO]:[05:48:48] CPLEX results. Gap: 13.090000, upper bound: 51967.042398, lower bound: 45167.106786
[INFO]:[05:48:48] CPLEX solver finished. Gap: 13.090000
[INFO]:[05:48:48] recordEvaluation produced_mip_start=0 mip_start_file=''
[DEBUG]:[05:48:48] Added evaluation to memory with objective: 85.59, ConfigId: 1292654773023869545, EvalId: 287. Total evaluations stored: 287
[INFO]:[05:48:48] recordEvaluation produced_mip_start=0 mip_start_file=''
[DEBUG]:[05:48:48] Added evaluation to memory with objective: 59.92, ConfigId: 2631750296869230537, EvalId: 288. Total evaluations stored: 288
[INFO]:[05:48:48] recordEvaluation produced_mip_start=0 mip_start_file=''
[DEBUG]:[05:48:48] Added evaluation to memory with objective: 85.59, ConfigId: 10220664903459446451, EvalId: 289. Total evaluations stored: 289
[INFO]:[05:48:48] recordEvaluation produced_mip_start=0 mip_start_file=''
[DEBUG]:[05:48:48] Added evaluation to memory with objective: 13.09, ConfigId: 9775225764554533361, EvalId: 290. Total evaluations stored: 290
[INFO]:[05:48:48] recordEvaluation produced_mip_start=0 mip_start_file=''
[DEBUG]:[05:48:48] Added evaluation to memory with objective: 13.09, ConfigId: 3565446528795515356, EvalId: 291. Total evaluations stored: 291
[INFO]:[05:48:48] recordEvaluation produced_mip_start=0 mip_start_file=''
[DEBUG]:[05:48:48] Added evaluation to memory with objective: 13.11, ConfigId: 4912314953664023377, EvalId: 292. Total evaluations stored: 292
[INFO]:[05:48:48] recordEvaluation produced_mip_start=0 mip_start_file=''
[DEBUG]:[05:48:48] Added evaluation to memory with objective: 13.11, ConfigId: 2992671222783553587, EvalId: 293. Total evaluations stored: 293
[INFO]:[05:48:48] recordEvaluation produced_mip_start=0 mip_start_file=''
[DEBUG]:[05:48:48] Added evaluation to memory with objective: 13.11, ConfigId: 18084373647595237960, EvalId: 294. Total evaluations stored: 294
[INFO]:[05:48:48] recordEvaluation produced_mip_start=0 mip_start_file=''
[DEBUG]:[05:48:48] Added evaluation to memory with objective: 13.11, ConfigId: 17528194396873738320, EvalId: 295. Total evaluations stored: 295
[INFO]:[05:48:48] recordEvaluation produced_mip_start=0 mip_start_file=''
[DEBUG]:[05:48:48] Added evaluation to memory with objective: 13.09, ConfigId: 3759541865376717836, EvalId: 296. Total evaluations stored: 296
[INFO]:[05:48:48] recordEvaluation produced_mip_start=0 mip_start_file=''
[DEBUG]:[05:48:48] Added evaluation to memory with objective: 13.09, ConfigId: 632164861437307587, EvalId: 297. Total evaluations stored: 297
[INFO]:[05:48:48] recordEvaluation produced_mip_start=0 mip_start_file=''
[DEBUG]:[05:48:48] Added evaluation to memory with objective: 13.09, ConfigId: 12659134716321970542, EvalId: 298. Total evaluations stored: 298
[INFO]:[05:48:48] recordEvaluation produced_mip_start=0 mip_start_file=''
[DEBUG]:[05:48:48] Added evaluation to memory with objective: 13.09, ConfigId: 13021993536931560478, EvalId: 299. Total evaluations stored: 299
[INFO]:[05:48:48] recordEvaluation produced_mip_start=0 mip_start_file=''
[DEBUG]:[05:48:48] Added evaluation to memory with objective: 13.09, ConfigId: 2803271713061150703, EvalId: 300. Total evaluations stored: 300
[INFO]:[05:48:48] recordEvaluation produced_mip_start=0 mip_start_file=''
[DEBUG]:[05:48:48] Added evaluation to memory with objective: 13.09, ConfigId: 9744094864368022830, EvalId: 301. Total evaluations stored: 301
[INFO]:[05:48:48] recordEvaluation produced_mip_start=0 mip_start_file=''
[DEBUG]:[05:48:48] Added evaluation to memory with objective: 13.09, ConfigId: 17703098924706852436, EvalId: 302. Total evaluations stored: 302
[INFO]:[05:48:48] recordEvaluation produced_mip_start=0 mip_start_file=''
[DEBUG]:[05:48:48] Added evaluation to memory with objective: 13.09, ConfigId: 5106910936755622343, EvalId: 303. Total evaluations stored: 303
[INFO]:[05:48:48] recordEvaluation produced_mip_start=0 mip_start_file=''
[DEBUG]:[05:48:48] Added evaluation to memory with objective: 13.12, ConfigId: 6610616737650430986, EvalId: 304. Total evaluations stored: 304
[INFO]:[05:48:48] recordEvaluation produced_mip_start=0 mip_start_file=''
[DEBUG]:[05:48:48] Added evaluation to memory with objective: 13.3, ConfigId: 17467799177972827563, EvalId: 305. Total evaluations stored: 305
[INFO]:[05:48:48] recordEvaluation produced_mip_start=0 mip_start_file=''
[DEBUG]:[05:48:48] Added evaluation to memory with objective: 100, ConfigId: 148660863480241861, EvalId: 306. Total evaluations stored: 306
[INFO]:[05:48:48] recordEvaluation produced_mip_start=0 mip_start_file=''
[DEBUG]:[05:48:48] Added evaluation to memory with objective: 13.09, ConfigId: 5122743936087893487, EvalId: 307. Total evaluations stored: 307
[INFO]:[05:48:48] recordEvaluation produced_mip_start=0 mip_start_file=''
[DEBUG]:[05:48:48] Added evaluation to memory with objective: 13.09, ConfigId: 10686681237741686462, EvalId: 308. Total evaluations stored: 308
[INFO]:[05:48:48] recordEvaluation produced_mip_start=0 mip_start_file=''
[DEBUG]:[05:48:48] Added evaluation to memory with objective: 13.09, ConfigId: 6267234194518236321, EvalId: 309. Total evaluations stored: 309
[INFO]:[05:48:48] recordEvaluation produced_mip_start=0 mip_start_file=''
[DEBUG]:[05:48:48] Added evaluation to memory with objective: 13.09, ConfigId: 1475369543379543633, EvalId: 310. Total evaluations stored: 310
[INFO]:[05:48:48] recordEvaluation produced_mip_start=0 mip_start_file=''
[DEBUG]:[05:48:48] Added evaluation to memory with objective: 13.09, ConfigId: 12334162641513499116, EvalId: 311. Total evaluations stored: 311
[INFO]:[05:48:48] recordEvaluation produced_mip_start=0 mip_start_file=''
[DEBUG]:[05:48:48] Added evaluation to memory with objective: 13.09, ConfigId: 16949150538906327908, EvalId: 312. Total evaluations stored: 312
[INFO]:[05:48:48] recordEvaluation produced_mip_start=0 mip_start_file=''
[DEBUG]:[05:48:48] Added evaluation to memory with objective: 45.24, ConfigId: 12917358197227714925, EvalId: 313. Total evaluations stored: 313
[INFO]:[05:48:48] recordEvaluation produced_mip_start=0 mip_start_file=''
[DEBUG]:[05:48:48] Added evaluation to memory with objective: 13.14, ConfigId: 4627791011253304275, EvalId: 314. Total evaluations stored: 314
[INFO]:[05:48:48] recordEvaluation produced_mip_start=0 mip_start_file=''
[DEBUG]:[05:48:48] Added evaluation to memory with objective: 13.09, ConfigId: 393944858059990978, EvalId: 315. Total evaluations stored: 315
[INFO]:[05:48:48] recordEvaluation produced_mip_start=0 mip_start_file=''
[DEBUG]:[05:48:48] Added evaluation to memory with objective: 13.09, ConfigId: 8777101091506475885, EvalId: 316. Total evaluations stored: 316
[INFO]:[05:48:48] recordEvaluation produced_mip_start=0 mip_start_file=''
[DEBUG]:[05:48:48] Added evaluation to memory with objective: 13.09, ConfigId: 1823803974565189264, EvalId: 317. Total evaluations stored: 317
[INFO]:[05:48:48] recordEvaluation produced_mip_start=0 mip_start_file=''
[DEBUG]:[05:48:48] Added evaluation to memory with objective: 13.09, ConfigId: 9842620305088337877, EvalId: 318. Total evaluations stored: 318
[INFO]:[05:48:48] recordEvaluation produced_mip_start=0 mip_start_file=''
[DEBUG]:[05:48:48] Added evaluation to memory with objective: 13.09, ConfigId: 8367554464492346488, EvalId: 319. Total evaluations stored: 319
[INFO]:[05:48:48] recordEvaluation produced_mip_start=0 mip_start_file=''
[DEBUG]:[05:48:48] Added evaluation to memory with objective: 13.09, ConfigId: 10334639728446675594, EvalId: 320. Total evaluations stored: 320
[INFO]:[05:48:48] Waiting for Expansion Workers via MPI...
[INFO]:[05:48:48] Expansion Workers have completed.
[INFO]:[05:48:48] Evaluated expansion parameters: 10
[INFO]:[05:48:48] Classifying expansion parameters...
[DEBUG]:[05:48:48] Parameter CPXPARAM_Preprocessing_Reduce valid evaluations: 3, invalid evaluations: 0, c_p: 59.92, s_p: 79.7043, selected_stage_1: No, discarded_by_threshold: No
[DEBUG]:[05:48:48] Parameter CPXPARAM_Preprocessing_Relax valid evaluations: 2, invalid evaluations: 0, c_p: 13.09, s_p: 0, selected_stage_1: No, discarded_by_threshold: No
[DEBUG]:[05:48:48] Parameter CPXPARAM_Preprocessing_RepeatPresolve valid evaluations: 4, invalid evaluations: 0, c_p: 13.11, s_p: 0.023094, selected_stage_1: No, discarded_by_threshold: No
[DEBUG]:[05:48:48] Parameter CPXPARAM_LPMethod valid evaluations: 6, invalid evaluations: 0, c_p: 13.09, s_p: 0, selected_stage_1: No, discarded_by_threshold: No
[DEBUG]:[05:48:48] Parameter CPXPARAM_Read_Scale valid evaluations: 2, invalid evaluations: 0, c_p: 13.09, s_p: 0, selected_stage_1: No, discarded_by_threshold: No
[DEBUG]:[05:48:48] Parameter CPXPARAM_Sifting_Algorithm valid evaluations: 4, invalid evaluations: 0, c_p: 13.09, s_p: 50.1777, selected_stage_1: No, discarded_by_threshold: No
[DEBUG]:[05:48:48] Parameter CPXPARAM_Simplex_Limits_Singularity valid evaluations: 5, invalid evaluations: 0, c_p: 13.09, s_p: 0, selected_stage_1: No, discarded_by_threshold: No
[DEBUG]:[05:48:48] Parameter CPXPARAM_Barrier_Algorithm valid evaluations: 3, invalid evaluations: 0, c_p: 13.09, s_p: 22.7335, selected_stage_1: No, discarded_by_threshold: No
[DEBUG]:[05:48:48] Parameter CPXPARAM_MIP_Limits_StrongCand valid evaluations: 4, invalid evaluations: 0, c_p: 13.09, s_p: 0, selected_stage_1: No, discarded_by_threshold: No
[DEBUG]:[05:48:48] Parameter CPXPARAM_Preprocessing_QPMakePSD valid evaluations: 1, invalid evaluations: 0, c_p: 13.09, s_p: 0, selected_stage_1: No, discarded_by_threshold: No
[DEBUG]:[05:48:48] Parameter CPXPARAM_Preprocessing_Relax is dominated by parameter CPXPARAM_Sifting_Algorithm.
[DEBUG]:[05:48:48] Parameter CPXPARAM_Preprocessing_RepeatPresolve is dominated by parameter CPXPARAM_Sifting_Algorithm.
[DEBUG]:[05:48:48] Parameter CPXPARAM_LPMethod is dominated by parameter CPXPARAM_Sifting_Algorithm.
[DEBUG]:[05:48:48] Parameter CPXPARAM_Read_Scale is dominated by parameter CPXPARAM_Sifting_Algorithm.
[DEBUG]:[05:48:48] Parameter CPXPARAM_Simplex_Limits_Singularity is dominated by parameter CPXPARAM_Sifting_Algorithm.
[DEBUG]:[05:48:48] Parameter CPXPARAM_Barrier_Algorithm is dominated by parameter CPXPARAM_Sifting_Algorithm.
[DEBUG]:[05:48:48] Parameter CPXPARAM_MIP_Limits_StrongCand is dominated by parameter CPXPARAM_Sifting_Algorithm.
[DEBUG]:[05:48:48] Parameter CPXPARAM_Preprocessing_QPMakePSD is dominated by parameter CPXPARAM_Sifting_Algorithm.
[DEBUG]:[05:48:48] Parameter CPXPARAM_Preprocessing_Reduce metrics - c_p: 59.92, s_p: 79.7043, selected_stage_1: No, discarded_by_threshold: No, dominated: No
[DEBUG]:[05:48:48] Parameter CPXPARAM_Preprocessing_Relax metrics - c_p: 13.09, s_p: 0, selected_stage_1: No, discarded_by_threshold: No, dominated: Yes
[DEBUG]:[05:48:48] Parameter CPXPARAM_Preprocessing_RepeatPresolve metrics - c_p: 13.11, s_p: 0.023094, selected_stage_1: No, discarded_by_threshold: No, dominated: Yes
[DEBUG]:[05:48:48] Parameter CPXPARAM_LPMethod metrics - c_p: 13.09, s_p: 0, selected_stage_1: No, discarded_by_threshold: No, dominated: Yes
[DEBUG]:[05:48:48] Parameter CPXPARAM_Read_Scale metrics - c_p: 13.09, s_p: 0, selected_stage_1: No, discarded_by_threshold: No, dominated: Yes
[DEBUG]:[05:48:48] Parameter CPXPARAM_Sifting_Algorithm metrics - c_p: 13.09, s_p: 50.1777, selected_stage_1: No, discarded_by_threshold: No, dominated: No
[DEBUG]:[05:48:48] Parameter CPXPARAM_Simplex_Limits_Singularity metrics - c_p: 13.09, s_p: 0, selected_stage_1: No, discarded_by_threshold: No, dominated: Yes
[DEBUG]:[05:48:48] Parameter CPXPARAM_Barrier_Algorithm metrics - c_p: 13.09, s_p: 22.7335, selected_stage_1: No, discarded_by_threshold: No, dominated: Yes
[DEBUG]:[05:48:48] Parameter CPXPARAM_MIP_Limits_StrongCand metrics - c_p: 13.09, s_p: 0, selected_stage_1: No, discarded_by_threshold: No, dominated: Yes
[DEBUG]:[05:48:48] Parameter CPXPARAM_Preprocessing_QPMakePSD metrics - c_p: 13.09, s_p: 0, selected_stage_1: No, discarded_by_threshold: No, dominated: Yes
[INFO]:[05:48:48] Updating parameter flags based on classification...
[INFO]:[05:48:48] Parameter CPXPARAM_Preprocessing_Reduce selected for tuning.
[INFO]:[05:48:48] Parameter CPXPARAM_Preprocessing_Relax discarded from tuning.
[INFO]:[05:48:48] Parameter CPXPARAM_Preprocessing_RepeatPresolve discarded from tuning.
[INFO]:[05:48:48] Parameter CPXPARAM_LPMethod discarded from tuning.
[INFO]:[05:48:48] Parameter CPXPARAM_Read_Scale discarded from tuning.
[INFO]:[05:48:48] Parameter CPXPARAM_Sifting_Algorithm selected for tuning.
[INFO]:[05:48:48] Parameter CPXPARAM_Simplex_Limits_Singularity discarded from tuning.
[INFO]:[05:48:48] Parameter CPXPARAM_Barrier_Algorithm discarded from tuning.
[INFO]:[05:48:48] Parameter CPXPARAM_MIP_Limits_StrongCand discarded from tuning.
[INFO]:[05:48:48] Parameter CPXPARAM_Preprocessing_QPMakePSD discarded from tuning.
[DEBUG]:[05:48:48] Classified parameters at iteration 5 - To Select: 2, To Discard: 8
[DEBUG]:[05:48:48] Parameter: CPXPARAM_Preprocessing_Reduce, To Select: Yes, To Discard: No
[DEBUG]:[05:48:48] Parameter: CPXPARAM_Preprocessing_Relax, To Select: No, To Discard: Yes
[DEBUG]:[05:48:48] Parameter: CPXPARAM_Preprocessing_RepeatPresolve, To Select: No, To Discard: Yes
[DEBUG]:[05:48:48] Parameter: CPXPARAM_LPMethod, To Select: No, To Discard: Yes
[DEBUG]:[05:48:48] Parameter: CPXPARAM_Read_Scale, To Select: No, To Discard: Yes
[DEBUG]:[05:48:48] Parameter: CPXPARAM_Sifting_Algorithm, To Select: Yes, To Discard: No
[DEBUG]:[05:48:48] Parameter: CPXPARAM_Simplex_Limits_Singularity, To Select: No, To Discard: Yes
[DEBUG]:[05:48:48] Parameter: CPXPARAM_Barrier_Algorithm, To Select: No, To Discard: Yes
[DEBUG]:[05:48:48] Parameter: CPXPARAM_MIP_Limits_StrongCand, To Select: No, To Discard: Yes
[DEBUG]:[05:48:48] Parameter: CPXPARAM_Preprocessing_QPMakePSD, To Select: No, To Discard: Yes
[INFO]:[05:48:48] Added 34 evaluations to memory from expansion phase at iteration 5
[INFO]:[05:48:48] Expansion phase completed.
[INFO]:[05:48:48] Starting pruning phase...
[INFO]:[05:48:48] Writing learner file for pruning phase: /scratch/yorig/mpils-results-grid-ticks-10000-7may/medium-2/24proc-24pils/seed-5/9_supportcase6_seed-5_20260510_054653/pruning/input/learner_file_5.txt
[INFO]:[05:48:48] Learner file written successfully: /scratch/yorig/mpils-results-grid-ticks-10000-7may/medium-2/24proc-24pils/seed-5/9_supportcase6_seed-5_20260510_054653/pruning/input/learner_file_5.txt
[INFO]:[05:48:48] Extracting forbidden tuples from memory...
[INFO]:[05:48:48] Redirecting learner stdout/stderr to: /scratch/yorig/mpils-results-grid-ticks-10000-7may/medium-2/24proc-24pils/seed-5/9_supportcase6_seed-5_20260510_054653/pruning/learner_iteration_5.log
[INFO]:[05:48:48] Forbidden tuples extracted: 6
[INFO]:[05:48:48] Applying pruning with 6 forbidden tuples...
[DEBUG]:[05:48:48] Adding forbidden value from single-element tuple: CPXPARAM_MIP_Strategy_HeuristicFreq=0
[DEBUG]:[05:48:48] Adding forbidden value from single-element tuple: CPXPARAM_MIP_Strategy_HeuristicFreq=20
[DEBUG]:[05:48:48] Adding forbidden value from single-element tuple: CPXPARAM_MIP_Strategy_HeuristicFreq=40
[DEBUG]:[05:48:48] Adding forbidden value from single-element tuple: CPXPARAM_MIP_Strategy_HeuristicFreq=100
[DEBUG]:[05:48:48] Adding forbidden value from single-element tuple: CPXPARAM_MIP_Strategy_HeuristicFreq=500
[DEBUG]:[05:48:48] Adding forbidden value from single-element tuple: CPXPARAM_MIP_Strategy_HeuristicFreq=1000
[INFO]:[05:48:48] Pruning applied successfully.
[INFO]:[05:48:48] Pruning phase completed.
[INFO]:[05:48:48] Completed iteration 5
[INFO]:[05:48:48] Starting iteration 6
[INFO]:[05:48:48] Starting exploration phase...
[INFO]:[05:48:48] Selecting number of evaluations for tuning phase...
[INFO]:[05:48:48] Selecting initial configurations for tuning phase...
[INFO]:[05:48:48] Using worker 0 best exploration configuration without MIP start as master ILS initial configuration.
[INFO]:[05:48:48] Worker 1 global-best exploration initial configuration matches master; using a random diversified initial configuration.
[INFO]:[05:48:48] Number of evaluations for this tuning phase: 18
[INFO]:[05:48:48] ILS shared cache is disabled for this exploration phase.
[INFO]:[05:48:48] Local search backend for this exploration phase: iterated_local_search
[INFO]:[05:48:48] Running IteratedLocalSearch Engine...
[INFO]:[05:48:48] Mip start is disabled for this iteration.
[INFO]:[05:48:48] Writing ILS search space file for worker 0...
[INFO]:[05:48:48] Warning: Initial value for parameter CPXPARAM_Emphasis_MIP is forbidden. So unforbidden it for the ILS initial configuration at iteration 6.
[INFO]:[05:48:48] ILS search space file written: /scratch/yorig/mpils-results-grid-ticks-10000-7may/medium-2/24proc-24pils/seed-5/9_supportcase6_seed-5_20260510_054653/iterated_local_search/search_space/search_space_file_6.txt
[INFO]:[05:48:48] Writing ILS search space file for worker 1...
[INFO]:[05:48:48] ILS search space file written: /scratch/yorig/mpils-results-grid-ticks-10000-7may/medium-2/24proc-24pils/seed-5/9_supportcase6_seed-5_20260510_054653/iterated_local_search/search_space/search_space_file_6_worker_1.txt
[INFO]:[05:48:48] Writing ILS search space file for worker 2...
[INFO]:[05:48:48] Warning: Initial value for parameter CPXPARAM_Emphasis_MIP is forbidden. So unforbidden it for the ILS initial configuration at iteration 6.
[INFO]:[05:48:48] ILS search space file written: /scratch/yorig/mpils-results-grid-ticks-10000-7may/medium-2/24proc-24pils/seed-5/9_supportcase6_seed-5_20260510_054653/iterated_local_search/search_space/search_space_file_6_worker_2.txt
[INFO]:[05:48:48] Writing ILS search space file for worker 3...
[INFO]:[05:48:48] Warning: Initial value for parameter CPXPARAM_Emphasis_MIP is forbidden. So unforbidden it for the ILS initial configuration at iteration 6.
[INFO]:[05:48:48] Warning: Initial value for parameter CPXPARAM_MIP_Limits_ProbeTime is forbidden. So unforbidden it for the ILS initial configuration at iteration 6.
[INFO]:[05:48:48] ILS search space file written: /scratch/yorig/mpils-results-grid-ticks-10000-7may/medium-2/24proc-24pils/seed-5/9_supportcase6_seed-5_20260510_054653/iterated_local_search/search_space/search_space_file_6_worker_3.txt
[INFO]:[05:48:48] Writing ILS search space file for worker 4...
[INFO]:[05:48:48] Warning: Initial value for parameter CPXPARAM_Emphasis_MIP is forbidden. So unforbidden it for the ILS initial configuration at iteration 6.
[INFO]:[05:48:48] ILS search space file written: /scratch/yorig/mpils-results-grid-ticks-10000-7may/medium-2/24proc-24pils/seed-5/9_supportcase6_seed-5_20260510_054653/iterated_local_search/search_space/search_space_file_6_worker_4.txt
[INFO]:[05:48:48] Writing ILS search space file for worker 5...
[INFO]:[05:48:48] Warning: Initial value for parameter CPXPARAM_Emphasis_MIP is forbidden. So unforbidden it for the ILS initial configuration at iteration 6.
[INFO]:[05:48:48] Warning: Initial value for parameter CPXPARAM_MIP_Limits_ProbeTime is forbidden. So unforbidden it for the ILS initial configuration at iteration 6.
[INFO]:[05:48:48] ILS search space file written: /scratch/yorig/mpils-results-grid-ticks-10000-7may/medium-2/24proc-24pils/seed-5/9_supportcase6_seed-5_20260510_054653/iterated_local_search/search_space/search_space_file_6_worker_5.txt
[INFO]:[05:48:48] Writing ILS search space file for worker 6...
[INFO]:[05:48:48] Warning: Initial value for parameter CPXPARAM_Emphasis_MIP is forbidden. So unforbidden it for the ILS initial configuration at iteration 6.
[INFO]:[05:48:48] Warning: Initial value for parameter CPXPARAM_MIP_Limits_ProbeTime is forbidden. So unforbidden it for the ILS initial configuration at iteration 6.
[INFO]:[05:48:48] ILS search space file written: /scratch/yorig/mpils-results-grid-ticks-10000-7may/medium-2/24proc-24pils/seed-5/9_supportcase6_seed-5_20260510_054653/iterated_local_search/search_space/search_space_file_6_worker_6.txt
[INFO]:[05:48:48] Writing ILS search space file for worker 7...
[INFO]:[05:48:48] Warning: Initial value for parameter CPXPARAM_Emphasis_MIP is forbidden. So unforbidden it for the ILS initial configuration at iteration 6.
[INFO]:[05:48:48] ILS search space file written: /scratch/yorig/mpils-results-grid-ticks-10000-7may/medium-2/24proc-24pils/seed-5/9_supportcase6_seed-5_20260510_054653/iterated_local_search/search_space/search_space_file_6_worker_7.txt
[INFO]:[05:48:48] Writing ILS search space file for worker 8...
[INFO]:[05:48:48] Warning: Initial value for parameter CPXPARAM_Emphasis_MIP is forbidden. So unforbidden it for the ILS initial configuration at iteration 6.
[INFO]:[05:48:48] ILS search space file written: /scratch/yorig/mpils-results-grid-ticks-10000-7may/medium-2/24proc-24pils/seed-5/9_supportcase6_seed-5_20260510_054653/iterated_local_search/search_space/search_space_file_6_worker_8.txt
[INFO]:[05:48:48] Writing ILS search space file for worker 9...
[INFO]:[05:48:48] Warning: Initial value for parameter CPXPARAM_Emphasis_MIP is forbidden. So unforbidden it for the ILS initial configuration at iteration 6.
[INFO]:[05:48:48] Warning: Initial value for parameter CPXPARAM_MIP_Limits_ProbeTime is forbidden. So unforbidden it for the ILS initial configuration at iteration 6.
[INFO]:[05:48:48] ILS search space file written: /scratch/yorig/mpils-results-grid-ticks-10000-7may/medium-2/24proc-24pils/seed-5/9_supportcase6_seed-5_20260510_054653/iterated_local_search/search_space/search_space_file_6_worker_9.txt
[INFO]:[05:48:48] Writing ILS search space file for worker 10...
[INFO]:[05:48:48] Warning: Initial value for parameter CPXPARAM_MIP_Limits_ProbeTime is forbidden. So unforbidden it for the ILS initial configuration at iteration 6.
[INFO]:[05:48:48] ILS search space file written: /scratch/yorig/mpils-results-grid-ticks-10000-7may/medium-2/24proc-24pils/seed-5/9_supportcase6_seed-5_20260510_054653/iterated_local_search/search_space/search_space_file_6_worker_10.txt
[INFO]:[05:48:48] Writing ILS search space file for worker 11...
[INFO]:[05:48:48] Warning: Initial value for parameter CPXPARAM_MIP_Limits_ProbeTime is forbidden. So unforbidden it for the ILS initial configuration at iteration 6.
[INFO]:[05:48:48] ILS search space file written: /scratch/yorig/mpils-results-grid-ticks-10000-7may/medium-2/24proc-24pils/seed-5/9_supportcase6_seed-5_20260510_054653/iterated_local_search/search_space/search_space_file_6_worker_11.txt
[INFO]:[05:48:48] Writing ILS search space file for worker 12...
[INFO]:[05:48:48] Warning: Initial value for parameter CPXPARAM_Emphasis_MIP is forbidden. So unforbidden it for the ILS initial configuration at iteration 6.
[INFO]:[05:48:48] ILS search space file written: /scratch/yorig/mpils-results-grid-ticks-10000-7may/medium-2/24proc-24pils/seed-5/9_supportcase6_seed-5_20260510_054653/iterated_local_search/search_space/search_space_file_6_worker_12.txt
[INFO]:[05:48:48] Writing ILS search space file for worker 13...
[INFO]:[05:48:48] Warning: Initial value for parameter CPXPARAM_Emphasis_MIP is forbidden. So unforbidden it for the ILS initial configuration at iteration 6.
[INFO]:[05:48:48] Warning: Initial value for parameter CPXPARAM_MIP_Limits_ProbeTime is forbidden. So unforbidden it for the ILS initial configuration at iteration 6.
[INFO]:[05:48:48] ILS search space file written: /scratch/yorig/mpils-results-grid-ticks-10000-7may/medium-2/24proc-24pils/seed-5/9_supportcase6_seed-5_20260510_054653/iterated_local_search/search_space/search_space_file_6_worker_13.txt
[INFO]:[05:48:48] Writing ILS search space file for worker 14...
[INFO]:[05:48:48] Warning: Initial value for parameter CPXPARAM_Emphasis_MIP is forbidden. So unforbidden it for the ILS initial configuration at iteration 6.
[INFO]:[05:48:48] Warning: Initial value for parameter CPXPARAM_MIP_Limits_ProbeTime is forbidden. So unforbidden it for the ILS initial configuration at iteration 6.
[INFO]:[05:48:48] ILS search space file written: /scratch/yorig/mpils-results-grid-ticks-10000-7may/medium-2/24proc-24pils/seed-5/9_supportcase6_seed-5_20260510_054653/iterated_local_search/search_space/search_space_file_6_worker_14.txt
[INFO]:[05:48:48] Writing ILS search space file for worker 15...
[INFO]:[05:48:48] Warning: Initial value for parameter CPXPARAM_Emphasis_MIP is forbidden. So unforbidden it for the ILS initial configuration at iteration 6.
[INFO]:[05:48:48] Warning: Initial value for parameter CPXPARAM_MIP_Limits_ProbeTime is forbidden. So unforbidden it for the ILS initial configuration at iteration 6.
[INFO]:[05:48:48] ILS search space file written: /scratch/yorig/mpils-results-grid-ticks-10000-7may/medium-2/24proc-24pils/seed-5/9_supportcase6_seed-5_20260510_054653/iterated_local_search/search_space/search_space_file_6_worker_15.txt
[INFO]:[05:48:48] Writing ILS search space file for worker 16...
[INFO]:[05:48:48] Warning: Initial value for parameter CPXPARAM_MIP_Limits_ProbeTime is forbidden. So unforbidden it for the ILS initial configuration at iteration 6.
[INFO]:[05:48:48] ILS search space file written: /scratch/yorig/mpils-results-grid-ticks-10000-7may/medium-2/24proc-24pils/seed-5/9_supportcase6_seed-5_20260510_054653/iterated_local_search/search_space/search_space_file_6_worker_16.txt
[INFO]:[05:48:48] Writing ILS search space file for worker 17...
[INFO]:[05:48:48] Warning: Initial value for parameter CPXPARAM_Emphasis_MIP is forbidden. So unforbidden it for the ILS initial configuration at iteration 6.
[INFO]:[05:48:48] Warning: Initial value for parameter CPXPARAM_MIP_Limits_ProbeTime is forbidden. So unforbidden it for the ILS initial configuration at iteration 6.
[INFO]:[05:48:48] ILS search space file written: /scratch/yorig/mpils-results-grid-ticks-10000-7may/medium-2/24proc-24pils/seed-5/9_supportcase6_seed-5_20260510_054653/iterated_local_search/search_space/search_space_file_6_worker_17.txt
[INFO]:[05:48:48] Writing ILS search space file for worker 18...
[INFO]:[05:48:48] Warning: Initial value for parameter CPXPARAM_Emphasis_MIP is forbidden. So unforbidden it for the ILS initial configuration at iteration 6.
[INFO]:[05:48:48] Warning: Initial value for parameter CPXPARAM_MIP_Limits_ProbeTime is forbidden. So unforbidden it for the ILS initial configuration at iteration 6.
[INFO]:[05:48:48] ILS search space file written: /scratch/yorig/mpils-results-grid-ticks-10000-7may/medium-2/24proc-24pils/seed-5/9_supportcase6_seed-5_20260510_054653/iterated_local_search/search_space/search_space_file_6_worker_18.txt
[INFO]:[05:48:48] Writing ILS search space file for worker 19...
[INFO]:[05:48:48] Warning: Initial value for parameter CPXPARAM_Emphasis_MIP is forbidden. So unforbidden it for the ILS initial configuration at iteration 6.
[INFO]:[05:48:48] Warning: Initial value for parameter CPXPARAM_MIP_Limits_ProbeTime is forbidden. So unforbidden it for the ILS initial configuration at iteration 6.
[INFO]:[05:48:48] ILS search space file written: /scratch/yorig/mpils-results-grid-ticks-10000-7may/medium-2/24proc-24pils/seed-5/9_supportcase6_seed-5_20260510_054653/iterated_local_search/search_space/search_space_file_6_worker_19.txt
[INFO]:[05:48:48] Writing ILS search space file for worker 20...
[INFO]:[05:48:48] Warning: Initial value for parameter CPXPARAM_Emphasis_MIP is forbidden. So unforbidden it for the ILS initial configuration at iteration 6.
[INFO]:[05:48:48] ILS search space file written: /scratch/yorig/mpils-results-grid-ticks-10000-7may/medium-2/24proc-24pils/seed-5/9_supportcase6_seed-5_20260510_054653/iterated_local_search/search_space/search_space_file_6_worker_20.txt
[INFO]:[05:48:48] Writing ILS search space file for worker 21...
[INFO]:[05:48:48] Warning: Initial value for parameter CPXPARAM_Emphasis_MIP is forbidden. So unforbidden it for the ILS initial configuration at iteration 6.
[INFO]:[05:48:48] ILS search space file written: /scratch/yorig/mpils-results-grid-ticks-10000-7may/medium-2/24proc-24pils/seed-5/9_supportcase6_seed-5_20260510_054653/iterated_local_search/search_space/search_space_file_6_worker_21.txt
[INFO]:[05:48:48] Writing ILS search space file for worker 22...
[INFO]:[05:48:48] Warning: Initial value for parameter CPXPARAM_Emphasis_MIP is forbidden. So unforbidden it for the ILS initial configuration at iteration 6.
[INFO]:[05:48:48] ILS search space file written: /scratch/yorig/mpils-results-grid-ticks-10000-7may/medium-2/24proc-24pils/seed-5/9_supportcase6_seed-5_20260510_054653/iterated_local_search/search_space/search_space_file_6_worker_22.txt
[INFO]:[05:48:48] Writing ILS search space file for worker 23...
[INFO]:[05:48:48] Warning: Initial value for parameter CPXPARAM_Emphasis_MIP is forbidden. So unforbidden it for the ILS initial configuration at iteration 6.
[INFO]:[05:48:48] ILS search space file written: /scratch/yorig/mpils-results-grid-ticks-10000-7may/medium-2/24proc-24pils/seed-5/9_supportcase6_seed-5_20260510_054653/iterated_local_search/search_space/search_space_file_6_worker_23.txt
[INFO]:[05:48:48] Launching Local Search Workers via MPI...
[INFO]:[05:48:48] Local Search Workers launched.
[INFO]:[05:48:48] Starting local search phase...
[INFO]:[05:48:48] Creating local search space from parameter space file: /scratch/yorig/mpils-results-grid-ticks-10000-7may/medium-2/24proc-24pils/seed-5/9_supportcase6_seed-5_20260510_054653/iterated_local_search/search_space/search_space_file_6.txt
[INFO]:[05:48:48] Local search space loaded from file: /scratch/yorig/mpils-results-grid-ticks-10000-7may/medium-2/24proc-24pils/seed-5/9_supportcase6_seed-5_20260510_054653/iterated_local_search/search_space/search_space_file_6.txt
[INFO]:[05:48:48] Number of parameters in local search space: 71
[INFO]:[05:48:48] Number of forbidden tuples in local search space: 3
[INFO]:[05:48:48] Number of conditionals in local search space: 6
[INFO]:[05:48:48] MIP start option not enabled. Local search will proceed without MIP start.
[INFO]:[05:48:48] Seeded initial configuration into local search cache with known objective value: 13.09
[INFO]:[05:48:48] Starting CPLEX solver on instance: /home/yorig/tuner/mpils-tests/instances/miplib/medium-2/supportcase6.mps with config: /scratch/yorig/mpils-results-grid-ticks-10000-7may/medium-2/24proc-24pils/seed-5/9_supportcase6_seed-5_20260510_054653/iterated_local_search/run_6_worker_0/ils_config_8002865636808493364.prm
[INFO]:[05:48:48] Starting CPLEX solver on instance: /home/yorig/tuner/mpils-tests/instances/miplib/medium-2/supportcase6.mps with config: /scratch/yorig/mpils-results-grid-ticks-10000-7may/medium-2/24proc-24pils/seed-5/9_supportcase6_seed-5_20260510_054653/iterated_local_search/run_6_worker_0/ils_config_8002865636808493364.prm
[INFO]:[05:48:53] CPLEX results. Gap: 13.330000, upper bound: 52112.367686, lower bound: 45165.579073
[INFO]:[05:48:53] CPLEX solver finished. Gap: 13.330000
[INFO]:[05:48:55] Local search phase completed.
[INFO]:[05:48:55] Total number of new local-search evaluations: 24
[INFO]:[05:48:55] Final incumbent objective value: 13.09
[INFO]:[05:48:55] recordEvaluation produced_mip_start=0 mip_start_file=''
[DEBUG]:[05:48:55] Added evaluation to memory with objective: 13.33, ConfigId: 8002865636808493364, EvalId: 321. Total evaluations stored: 321
[INFO]:[05:48:55] recordEvaluation produced_mip_start=0 mip_start_file=''
[DEBUG]:[05:48:55] Added evaluation to memory with objective: 13.09, ConfigId: 14765206229078454064, EvalId: 322. Total evaluations stored: 322
[INFO]:[05:48:55] recordEvaluation produced_mip_start=0 mip_start_file=''
[DEBUG]:[05:48:55] Added evaluation to memory with objective: 13.11, ConfigId: 11429758935815370399, EvalId: 323. Total evaluations stored: 323
[INFO]:[05:48:55] recordEvaluation produced_mip_start=0 mip_start_file=''
[DEBUG]:[05:48:55] Added evaluation to memory with objective: 13.09, ConfigId: 13604410683632462707, EvalId: 324. Total evaluations stored: 324
[INFO]:[05:48:55] recordEvaluation produced_mip_start=0 mip_start_file=''
[DEBUG]:[05:48:55] Added evaluation to memory with objective: 13.09, ConfigId: 14283152925050007650, EvalId: 325. Total evaluations stored: 325
[INFO]:[05:48:55] recordEvaluation produced_mip_start=0 mip_start_file=''
[DEBUG]:[05:48:55] Added evaluation to memory with objective: 13.11, ConfigId: 1599012499297040424, EvalId: 326. Total evaluations stored: 326
[INFO]:[05:48:55] recordEvaluation produced_mip_start=0 mip_start_file=''
[DEBUG]:[05:48:55] Added evaluation to memory with objective: 27.29, ConfigId: 16884677196242119723, EvalId: 327. Total evaluations stored: 327
[INFO]:[05:48:55] recordEvaluation produced_mip_start=0 mip_start_file=''
[DEBUG]:[05:48:55] Added evaluation to memory with objective: 13.09, ConfigId: 14260426267461322711, EvalId: 328. Total evaluations stored: 328
[INFO]:[05:48:55] recordEvaluation produced_mip_start=0 mip_start_file=''
[DEBUG]:[05:48:55] Added evaluation to memory with objective: 13.09, ConfigId: 3186262481308252132, EvalId: 329. Total evaluations stored: 329
[INFO]:[05:48:55] recordEvaluation produced_mip_start=0 mip_start_file=''
[DEBUG]:[05:48:55] Added evaluation to memory with objective: 13.09, ConfigId: 6393142921483624721, EvalId: 330. Total evaluations stored: 330
[INFO]:[05:48:55] recordEvaluation produced_mip_start=0 mip_start_file=''
[DEBUG]:[05:48:55] Added evaluation to memory with objective: 13.09, ConfigId: 13252117291979052638, EvalId: 331. Total evaluations stored: 331
[INFO]:[05:48:55] recordEvaluation produced_mip_start=0 mip_start_file=''
[DEBUG]:[05:48:55] Added evaluation to memory with objective: 100, ConfigId: 148660863480241861, EvalId: 332. Total evaluations stored: 332
[INFO]:[05:48:55] recordEvaluation produced_mip_start=0 mip_start_file=''
[DEBUG]:[05:48:55] Added evaluation to memory with objective: 85.59, ConfigId: 1292654773023869545, EvalId: 333. Total evaluations stored: 333
[INFO]:[05:48:55] recordEvaluation produced_mip_start=0 mip_start_file=''
[DEBUG]:[05:48:55] Added evaluation to memory with objective: 13.53, ConfigId: 7495872990499689079, EvalId: 334. Total evaluations stored: 334
[INFO]:[05:48:55] recordEvaluation produced_mip_start=0 mip_start_file=''
[DEBUG]:[05:48:55] Added evaluation to memory with objective: 13.09, ConfigId: 16662419034215702205, EvalId: 335. Total evaluations stored: 335
[INFO]:[05:48:55] recordEvaluation produced_mip_start=0 mip_start_file=''
[DEBUG]:[05:48:55] Added evaluation to memory with objective: 13.09, ConfigId: 9084400374520906468, EvalId: 336. Total evaluations stored: 336
[INFO]:[05:48:55] recordEvaluation produced_mip_start=0 mip_start_file=''
[DEBUG]:[05:48:55] Added evaluation to memory with objective: 13.11, ConfigId: 9686901429261901312, EvalId: 337. Total evaluations stored: 337
[INFO]:[05:48:55] recordEvaluation produced_mip_start=0 mip_start_file=''
[DEBUG]:[05:48:55] Added evaluation to memory with objective: 55.98, ConfigId: 2013322509231427881, EvalId: 338. Total evaluations stored: 338
[INFO]:[05:48:55] recordEvaluation produced_mip_start=0 mip_start_file=''
[DEBUG]:[05:48:55] Added evaluation to memory with objective: 13.09, ConfigId: 10053080042030235538, EvalId: 339. Total evaluations stored: 339
[INFO]:[05:48:55] recordEvaluation produced_mip_start=0 mip_start_file=''
[DEBUG]:[05:48:55] Added evaluation to memory with objective: 13.12, ConfigId: 8836622251477270786, EvalId: 340. Total evaluations stored: 340
[INFO]:[05:48:55] recordEvaluation produced_mip_start=0 mip_start_file=''
[DEBUG]:[05:48:55] Added evaluation to memory with objective: 13.23, ConfigId: 5479604337241314069, EvalId: 341. Total evaluations stored: 341
[INFO]:[05:48:55] recordEvaluation produced_mip_start=0 mip_start_file=''
[DEBUG]:[05:48:55] Added evaluation to memory with objective: 13.09, ConfigId: 1038264264721154863, EvalId: 342. Total evaluations stored: 342
[INFO]:[05:48:55] recordEvaluation produced_mip_start=0 mip_start_file=''
[DEBUG]:[05:48:55] Added evaluation to memory with objective: 13.12, ConfigId: 6610616737650430986, EvalId: 343. Total evaluations stored: 343
[INFO]:[05:48:55] recordEvaluation produced_mip_start=0 mip_start_file=''
[DEBUG]:[05:48:55] Added evaluation to memory with objective: 13.09, ConfigId: 17758519185802166155, EvalId: 344. Total evaluations stored: 344
[INFO]:[05:48:55] Waiting for Local Search Workers via MPI...
[INFO]:[05:48:55] Local Search Workers have completed.
[INFO]:[05:48:55] IteratedLocalSearch Engine completed.
[INFO]:[05:48:55] Added24 evaluations to memory from exploration phase at iteration 6
[INFO]:[05:48:55] Exploration phase completed.
[INFO]:[05:48:55] Starting expansion phase...
[INFO]:[05:48:55] Selecting parameters for expansion phase...
[INFO]:[05:48:55] Selected expansion parameters: 1
[INFO]:[05:48:55] Creating configuration files for expansion parameters...
[INFO]:[05:48:55] Creating configurations for parameter: CPXPARAM_MIP_Limits_Nodes
[DEBUG]:[05:48:55] Parameter CPXPARAM_MIP_Limits_Nodes will be evaluated on 1 alternative value(s) after excluding the current base configuration value.
[DEBUG]:[05:48:55] Created configuration file for parameter CPXPARAM_MIP_Limits_Nodes with value 0 at /scratch/yorig/mpils-results-grid-ticks-10000-7may/medium-2/24proc-24pils/seed-5/9_supportcase6_seed-5_20260510_054653/expansion/config_param_CPXPARAM_MIP_Limits_Nodes_0_iter_6.prm
[INFO]:[05:48:55] Created 1 configuration files for expansion phase at iteration 6.
[INFO]:[05:48:55] Skipped 0 expansion parameter(s) with no alternative value to evaluate.
[INFO]:[05:48:55] Launching Expansion Workers via MPI...
[INFO]:[05:48:55] Expansion Workers launched.
[INFO]:[05:48:55] Evaluating expansion parameters...
[INFO]:[05:48:55] Starting CPLEX solver on instance: /home/yorig/tuner/mpils-tests/instances/miplib/medium-2/supportcase6.mps with config: /scratch/yorig/mpils-results-grid-ticks-10000-7may/medium-2/24proc-24pils/seed-5/9_supportcase6_seed-5_20260510_054653/expansion/config_param_CPXPARAM_MIP_Limits_Nodes_0_iter_6.prm
[INFO]:[05:49:01] CPLEX results. Gap: 13.110000, upper bound: 51981.476667, lower bound: 45167.106786
[INFO]:[05:49:01] CPLEX solver finished. Gap: 13.110000
[INFO]:[05:49:01] recordEvaluation produced_mip_start=0 mip_start_file=''
[DEBUG]:[05:49:01] Added evaluation to memory with objective: 13.11, ConfigId: 10317375169865125533, EvalId: 345. Total evaluations stored: 345
[INFO]:[05:49:01] Waiting for Expansion Workers via MPI...
[INFO]:[05:49:01] Expansion Workers have completed.
[INFO]:[05:49:01] Evaluated expansion parameters: 1
[INFO]:[05:49:01] Classifying expansion parameters...
[DEBUG]:[05:49:01] Parameter CPXPARAM_MIP_Limits_Nodes valid evaluations: 1, invalid evaluations: 0, c_p: 13.11, s_p: 0, selected_stage_1: No, discarded_by_threshold: No
[DEBUG]:[05:49:01] Parameter CPXPARAM_MIP_Limits_Nodes metrics - c_p: 13.11, s_p: 0, selected_stage_1: No, discarded_by_threshold: No, dominated: No
[INFO]:[05:49:01] Updating parameter flags based on classification...
[INFO]:[05:49:01] Parameter CPXPARAM_MIP_Limits_Nodes selected for tuning.
[DEBUG]:[05:49:01] Classified parameters at iteration 6 - To Select: 1, To Discard: 0
[DEBUG]:[05:49:01] Parameter: CPXPARAM_MIP_Limits_Nodes, To Select: Yes, To Discard: No
[INFO]:[05:49:01] Added 1 evaluations to memory from expansion phase at iteration 6
[INFO]:[05:49:01] Expansion phase completed.
[INFO]:[05:49:01] Starting pruning phase...
[INFO]:[05:49:01] Writing learner file for pruning phase: /scratch/yorig/mpils-results-grid-ticks-10000-7may/medium-2/24proc-24pils/seed-5/9_supportcase6_seed-5_20260510_054653/pruning/input/learner_file_6.txt
[INFO]:[05:49:01] Learner file written successfully: /scratch/yorig/mpils-results-grid-ticks-10000-7may/medium-2/24proc-24pils/seed-5/9_supportcase6_seed-5_20260510_054653/pruning/input/learner_file_6.txt
[INFO]:[05:49:01] Extracting forbidden tuples from memory...
[INFO]:[05:49:01] Redirecting learner stdout/stderr to: /scratch/yorig/mpils-results-grid-ticks-10000-7may/medium-2/24proc-24pils/seed-5/9_supportcase6_seed-5_20260510_054653/pruning/learner_iteration_6.log
[INFO]:[05:49:01] Forbidden tuples extracted: 6
[INFO]:[05:49:01] Applying pruning with 6 forbidden tuples...
[DEBUG]:[05:49:01] Adding forbidden value from single-element tuple: CPXPARAM_MIP_Strategy_HeuristicFreq=0
[DEBUG]:[05:49:01] Adding forbidden value from single-element tuple: CPXPARAM_MIP_Strategy_HeuristicFreq=20
[DEBUG]:[05:49:01] Adding forbidden value from single-element tuple: CPXPARAM_MIP_Strategy_HeuristicFreq=40
[DEBUG]:[05:49:01] Adding forbidden value from single-element tuple: CPXPARAM_MIP_Strategy_HeuristicFreq=100
[DEBUG]:[05:49:01] Adding forbidden value from single-element tuple: CPXPARAM_MIP_Strategy_HeuristicFreq=500
[DEBUG]:[05:49:01] Adding forbidden value from single-element tuple: CPXPARAM_MIP_Strategy_HeuristicFreq=1000
[INFO]:[05:49:01] Pruning applied successfully.
[INFO]:[05:49:01] Pruning phase completed.
[INFO]:[05:49:01] Completed iteration 6
[INFO]:[05:49:01] Starting iteration 7
[INFO]:[05:49:01] Starting exploration phase...
[INFO]:[05:49:01] Selecting number of evaluations for tuning phase...
[INFO]:[05:49:01] Selecting initial configurations for tuning phase...
[INFO]:[05:49:01] Using worker 0 best exploration configuration without MIP start as master ILS initial configuration.
[INFO]:[05:49:01] Worker 1 global-best exploration initial configuration matches master; using a random diversified initial configuration.
[INFO]:[05:49:01] Number of evaluations for this tuning phase: 9
[INFO]:[05:49:01] ILS shared cache is disabled for this exploration phase.
[INFO]:[05:49:01] Local search backend for this exploration phase: iterated_local_search
[INFO]:[05:49:01] Running IteratedLocalSearch Engine...
[INFO]:[05:49:01] Mip start is disabled for this iteration.
[INFO]:[05:49:01] Writing ILS search space file for worker 0...
[INFO]:[05:49:01] Warning: Initial value for parameter CPXPARAM_Emphasis_MIP is forbidden. So unforbidden it for the ILS initial configuration at iteration 7.
[INFO]:[05:49:01] ILS search space file written: /scratch/yorig/mpils-results-grid-ticks-10000-7may/medium-2/24proc-24pils/seed-5/9_supportcase6_seed-5_20260510_054653/iterated_local_search/search_space/search_space_file_7.txt
[INFO]:[05:49:01] Writing ILS search space file for worker 1...
[INFO]:[05:49:01] ILS search space file written: /scratch/yorig/mpils-results-grid-ticks-10000-7may/medium-2/24proc-24pils/seed-5/9_supportcase6_seed-5_20260510_054653/iterated_local_search/search_space/search_space_file_7_worker_1.txt
[INFO]:[05:49:01] Writing ILS search space file for worker 2...
[INFO]:[05:49:01] Warning: Initial value for parameter CPXPARAM_Emphasis_MIP is forbidden. So unforbidden it for the ILS initial configuration at iteration 7.
[INFO]:[05:49:01] Warning: Initial value for parameter CPXPARAM_MIP_Limits_ProbeTime is forbidden. So unforbidden it for the ILS initial configuration at iteration 7.
[INFO]:[05:49:01] ILS search space file written: /scratch/yorig/mpils-results-grid-ticks-10000-7may/medium-2/24proc-24pils/seed-5/9_supportcase6_seed-5_20260510_054653/iterated_local_search/search_space/search_space_file_7_worker_2.txt
[INFO]:[05:49:01] Writing ILS search space file for worker 3...
[INFO]:[05:49:01] ILS search space file written: /scratch/yorig/mpils-results-grid-ticks-10000-7may/medium-2/24proc-24pils/seed-5/9_supportcase6_seed-5_20260510_054653/iterated_local_search/search_space/search_space_file_7_worker_3.txt
[INFO]:[05:49:01] Writing ILS search space file for worker 4...
[INFO]:[05:49:01] Warning: Initial value for parameter CPXPARAM_Emphasis_MIP is forbidden. So unforbidden it for the ILS initial configuration at iteration 7.
[INFO]:[05:49:01] Warning: Initial value for parameter CPXPARAM_MIP_Limits_ProbeTime is forbidden. So unforbidden it for the ILS initial configuration at iteration 7.
[INFO]:[05:49:01] ILS search space file written: /scratch/yorig/mpils-results-grid-ticks-10000-7may/medium-2/24proc-24pils/seed-5/9_supportcase6_seed-5_20260510_054653/iterated_local_search/search_space/search_space_file_7_worker_4.txt
[INFO]:[05:49:01] Writing ILS search space file for worker 5...
[INFO]:[05:49:01] Warning: Initial value for parameter CPXPARAM_Emphasis_MIP is forbidden. So unforbidden it for the ILS initial configuration at iteration 7.
[INFO]:[05:49:01] ILS search space file written: /scratch/yorig/mpils-results-grid-ticks-10000-7may/medium-2/24proc-24pils/seed-5/9_supportcase6_seed-5_20260510_054653/iterated_local_search/search_space/search_space_file_7_worker_5.txt
[INFO]:[05:49:01] Writing ILS search space file for worker 6...
[INFO]:[05:49:01] Warning: Initial value for parameter CPXPARAM_Emphasis_MIP is forbidden. So unforbidden it for the ILS initial configuration at iteration 7.
[INFO]:[05:49:01] Warning: Initial value for parameter CPXPARAM_MIP_Limits_ProbeTime is forbidden. So unforbidden it for the ILS initial configuration at iteration 7.
[INFO]:[05:49:01] ILS search space file written: /scratch/yorig/mpils-results-grid-ticks-10000-7may/medium-2/24proc-24pils/seed-5/9_supportcase6_seed-5_20260510_054653/iterated_local_search/search_space/search_space_file_7_worker_6.txt
[INFO]:[05:49:01] Writing ILS search space file for worker 7...
[INFO]:[05:49:01] Warning: Initial value for parameter CPXPARAM_Emphasis_MIP is forbidden. So unforbidden it for the ILS initial configuration at iteration 7.
[INFO]:[05:49:01] Warning: Initial value for parameter CPXPARAM_MIP_Limits_ProbeTime is forbidden. So unforbidden it for the ILS initial configuration at iteration 7.
[INFO]:[05:49:01] ILS search space file written: /scratch/yorig/mpils-results-grid-ticks-10000-7may/medium-2/24proc-24pils/seed-5/9_supportcase6_seed-5_20260510_054653/iterated_local_search/search_space/search_space_file_7_worker_7.txt
[INFO]:[05:49:01] Writing ILS search space file for worker 8...
[INFO]:[05:49:01] Warning: Initial value for parameter CPXPARAM_Emphasis_MIP is forbidden. So unforbidden it for the ILS initial configuration at iteration 7.
[INFO]:[05:49:01] Warning: Initial value for parameter CPXPARAM_MIP_Limits_ProbeTime is forbidden. So unforbidden it for the ILS initial configuration at iteration 7.
[INFO]:[05:49:01] ILS search space file written: /scratch/yorig/mpils-results-grid-ticks-10000-7may/medium-2/24proc-24pils/seed-5/9_supportcase6_seed-5_20260510_054653/iterated_local_search/search_space/search_space_file_7_worker_8.txt
[INFO]:[05:49:01] Writing ILS search space file for worker 9...
[INFO]:[05:49:01] Warning: Initial value for parameter CPXPARAM_Emphasis_MIP is forbidden. So unforbidden it for the ILS initial configuration at iteration 7.
[INFO]:[05:49:01] Warning: Initial value for parameter CPXPARAM_MIP_Limits_ProbeTime is forbidden. So unforbidden it for the ILS initial configuration at iteration 7.
[INFO]:[05:49:01] ILS search space file written: /scratch/yorig/mpils-results-grid-ticks-10000-7may/medium-2/24proc-24pils/seed-5/9_supportcase6_seed-5_20260510_054653/iterated_local_search/search_space/search_space_file_7_worker_9.txt
[INFO]:[05:49:01] Writing ILS search space file for worker 10...
[INFO]:[05:49:01] Warning: Initial value for parameter CPXPARAM_Emphasis_MIP is forbidden. So unforbidden it for the ILS initial configuration at iteration 7.
[INFO]:[05:49:01] ILS search space file written: /scratch/yorig/mpils-results-grid-ticks-10000-7may/medium-2/24proc-24pils/seed-5/9_supportcase6_seed-5_20260510_054653/iterated_local_search/search_space/search_space_file_7_worker_10.txt
[INFO]:[05:49:01] Writing ILS search space file for worker 11...
[INFO]:[05:49:01] Warning: Initial value for parameter CPXPARAM_Emphasis_MIP is forbidden. So unforbidden it for the ILS initial configuration at iteration 7.
[INFO]:[05:49:01] Warning: Initial value for parameter CPXPARAM_MIP_Limits_ProbeTime is forbidden. So unforbidden it for the ILS initial configuration at iteration 7.
[INFO]:[05:49:01] ILS search space file written: /scratch/yorig/mpils-results-grid-ticks-10000-7may/medium-2/24proc-24pils/seed-5/9_supportcase6_seed-5_20260510_054653/iterated_local_search/search_space/search_space_file_7_worker_11.txt
[INFO]:[05:49:01] Writing ILS search space file for worker 12...
[INFO]:[05:49:01] Warning: Initial value for parameter CPXPARAM_Emphasis_MIP is forbidden. So unforbidden it for the ILS initial configuration at iteration 7.
[INFO]:[05:49:01] ILS search space file written: /scratch/yorig/mpils-results-grid-ticks-10000-7may/medium-2/24proc-24pils/seed-5/9_supportcase6_seed-5_20260510_054653/iterated_local_search/search_space/search_space_file_7_worker_12.txt
[INFO]:[05:49:01] Writing ILS search space file for worker 13...
[INFO]:[05:49:01] Warning: Initial value for parameter CPXPARAM_Emphasis_MIP is forbidden. So unforbidden it for the ILS initial configuration at iteration 7.
[INFO]:[05:49:01] Warning: Initial value for parameter CPXPARAM_MIP_Limits_ProbeTime is forbidden. So unforbidden it for the ILS initial configuration at iteration 7.
[INFO]:[05:49:01] ILS search space file written: /scratch/yorig/mpils-results-grid-ticks-10000-7may/medium-2/24proc-24pils/seed-5/9_supportcase6_seed-5_20260510_054653/iterated_local_search/search_space/search_space_file_7_worker_13.txt
[INFO]:[05:49:01] Writing ILS search space file for worker 14...
[INFO]:[05:49:01] Warning: Initial value for parameter CPXPARAM_Emphasis_MIP is forbidden. So unforbidden it for the ILS initial configuration at iteration 7.
[INFO]:[05:49:01] Warning: Initial value for parameter CPXPARAM_MIP_Limits_ProbeTime is forbidden. So unforbidden it for the ILS initial configuration at iteration 7.
[INFO]:[05:49:01] ILS search space file written: /scratch/yorig/mpils-results-grid-ticks-10000-7may/medium-2/24proc-24pils/seed-5/9_supportcase6_seed-5_20260510_054653/iterated_local_search/search_space/search_space_file_7_worker_14.txt
[INFO]:[05:49:01] Writing ILS search space file for worker 15...
[INFO]:[05:49:01] Warning: Initial value for parameter CPXPARAM_Emphasis_MIP is forbidden. So unforbidden it for the ILS initial configuration at iteration 7.
[INFO]:[05:49:01] Warning: Initial value for parameter CPXPARAM_MIP_Limits_ProbeTime is forbidden. So unforbidden it for the ILS initial configuration at iteration 7.
[INFO]:[05:49:01] ILS search space file written: /scratch/yorig/mpils-results-grid-ticks-10000-7may/medium-2/24proc-24pils/seed-5/9_supportcase6_seed-5_20260510_054653/iterated_local_search/search_space/search_space_file_7_worker_15.txt
[INFO]:[05:49:01] Writing ILS search space file for worker 16...
[INFO]:[05:49:01] Warning: Initial value for parameter CPXPARAM_Emphasis_MIP is forbidden. So unforbidden it for the ILS initial configuration at iteration 7.
[INFO]:[05:49:01] Warning: Initial value for parameter CPXPARAM_MIP_Limits_ProbeTime is forbidden. So unforbidden it for the ILS initial configuration at iteration 7.
[INFO]:[05:49:01] ILS search space file written: /scratch/yorig/mpils-results-grid-ticks-10000-7may/medium-2/24proc-24pils/seed-5/9_supportcase6_seed-5_20260510_054653/iterated_local_search/search_space/search_space_file_7_worker_16.txt
[INFO]:[05:49:01] Writing ILS search space file for worker 17...
[INFO]:[05:49:01] Warning: Initial value for parameter CPXPARAM_Emphasis_MIP is forbidden. So unforbidden it for the ILS initial configuration at iteration 7.
[INFO]:[05:49:01] Warning: Initial value for parameter CPXPARAM_MIP_Limits_ProbeTime is forbidden. So unforbidden it for the ILS initial configuration at iteration 7.
[INFO]:[05:49:01] ILS search space file written: /scratch/yorig/mpils-results-grid-ticks-10000-7may/medium-2/24proc-24pils/seed-5/9_supportcase6_seed-5_20260510_054653/iterated_local_search/search_space/search_space_file_7_worker_17.txt
[INFO]:[05:49:01] Writing ILS search space file for worker 18...
[INFO]:[05:49:01] Warning: Initial value for parameter CPXPARAM_Emphasis_MIP is forbidden. So unforbidden it for the ILS initial configuration at iteration 7.
[INFO]:[05:49:01] ILS search space file written: /scratch/yorig/mpils-results-grid-ticks-10000-7may/medium-2/24proc-24pils/seed-5/9_supportcase6_seed-5_20260510_054653/iterated_local_search/search_space/search_space_file_7_worker_18.txt
[INFO]:[05:49:01] Writing ILS search space file for worker 19...
[INFO]:[05:49:01] Warning: Initial value for parameter CPXPARAM_Emphasis_MIP is forbidden. So unforbidden it for the ILS initial configuration at iteration 7.
[INFO]:[05:49:01] ILS search space file written: /scratch/yorig/mpils-results-grid-ticks-10000-7may/medium-2/24proc-24pils/seed-5/9_supportcase6_seed-5_20260510_054653/iterated_local_search/search_space/search_space_file_7_worker_19.txt
[INFO]:[05:49:01] Writing ILS search space file for worker 20...
[INFO]:[05:49:01] Warning: Initial value for parameter CPXPARAM_Emphasis_MIP is forbidden. So unforbidden it for the ILS initial configuration at iteration 7.
[INFO]:[05:49:01] Warning: Initial value for parameter CPXPARAM_MIP_Limits_ProbeTime is forbidden. So unforbidden it for the ILS initial configuration at iteration 7.
[INFO]:[05:49:01] ILS search space file written: /scratch/yorig/mpils-results-grid-ticks-10000-7may/medium-2/24proc-24pils/seed-5/9_supportcase6_seed-5_20260510_054653/iterated_local_search/search_space/search_space_file_7_worker_20.txt
[INFO]:[05:49:01] Writing ILS search space file for worker 21...
[INFO]:[05:49:01] Warning: Initial value for parameter CPXPARAM_Emphasis_MIP is forbidden. So unforbidden it for the ILS initial configuration at iteration 7.
[INFO]:[05:49:01] Warning: Initial value for parameter CPXPARAM_MIP_Limits_ProbeTime is forbidden. So unforbidden it for the ILS initial configuration at iteration 7.
[INFO]:[05:49:01] ILS search space file written: /scratch/yorig/mpils-results-grid-ticks-10000-7may/medium-2/24proc-24pils/seed-5/9_supportcase6_seed-5_20260510_054653/iterated_local_search/search_space/search_space_file_7_worker_21.txt
[INFO]:[05:49:01] Writing ILS search space file for worker 22...
[INFO]:[05:49:01] Warning: Initial value for parameter CPXPARAM_Emphasis_MIP is forbidden. So unforbidden it for the ILS initial configuration at iteration 7.
[INFO]:[05:49:01] Warning: Initial value for parameter CPXPARAM_MIP_Limits_ProbeTime is forbidden. So unforbidden it for the ILS initial configuration at iteration 7.
[INFO]:[05:49:01] ILS search space file written: /scratch/yorig/mpils-results-grid-ticks-10000-7may/medium-2/24proc-24pils/seed-5/9_supportcase6_seed-5_20260510_054653/iterated_local_search/search_space/search_space_file_7_worker_22.txt
[INFO]:[05:49:01] Writing ILS search space file for worker 23...
[INFO]:[05:49:01] Warning: Initial value for parameter CPXPARAM_Emphasis_MIP is forbidden. So unforbidden it for the ILS initial configuration at iteration 7.
[INFO]:[05:49:01] Warning: Initial value for parameter CPXPARAM_MIP_Limits_ProbeTime is forbidden. So unforbidden it for the ILS initial configuration at iteration 7.
[INFO]:[05:49:01] ILS search space file written: /scratch/yorig/mpils-results-grid-ticks-10000-7may/medium-2/24proc-24pils/seed-5/9_supportcase6_seed-5_20260510_054653/iterated_local_search/search_space/search_space_file_7_worker_23.txt
[INFO]:[05:49:01] Launching Local Search Workers via MPI...
[INFO]:[05:49:01] Local Search Workers launched.
[INFO]:[05:49:01] Starting local search phase...
[INFO]:[05:49:01] Creating local search space from parameter space file: /scratch/yorig/mpils-results-grid-ticks-10000-7may/medium-2/24proc-24pils/seed-5/9_supportcase6_seed-5_20260510_054653/iterated_local_search/search_space/search_space_file_7.txt
[INFO]:[05:49:01] Local search space loaded from file: /scratch/yorig/mpils-results-grid-ticks-10000-7may/medium-2/24proc-24pils/seed-5/9_supportcase6_seed-5_20260510_054653/iterated_local_search/search_space/search_space_file_7.txt
[INFO]:[05:49:01] Number of parameters in local search space: 71
[INFO]:[05:49:01] Number of forbidden tuples in local search space: 3
[INFO]:[05:49:01] Number of conditionals in local search space: 6
[INFO]:[05:49:01] MIP start option not enabled. Local search will proceed without MIP start.
[INFO]:[05:49:01] Seeded initial configuration into local search cache with known objective value: 13.09
[INFO]:[05:49:01] Starting CPLEX solver on instance: /home/yorig/tuner/mpils-tests/instances/miplib/medium-2/supportcase6.mps with config: /scratch/yorig/mpils-results-grid-ticks-10000-7may/medium-2/24proc-24pils/seed-5/9_supportcase6_seed-5_20260510_054653/iterated_local_search/run_7_worker_0/ils_config_15676653188800320588.prm
[INFO]:[05:49:01] Starting CPLEX solver on instance: /home/yorig/tuner/mpils-tests/instances/miplib/medium-2/supportcase6.mps with config: /scratch/yorig/mpils-results-grid-ticks-10000-7may/medium-2/24proc-24pils/seed-5/9_supportcase6_seed-5_20260510_054653/iterated_local_search/run_7_worker_0/ils_config_15676653188800320588.prm
[INFO]:[05:49:07] CPLEX results. Gap: 27.290000, upper bound: 62118.421243, lower bound: 45166.123143
[INFO]:[05:49:07] CPLEX solver finished. Gap: 27.290000
[INFO]:[05:49:08] Local search phase completed.
[INFO]:[05:49:08] Total number of new local-search evaluations: 24
[INFO]:[05:49:08] Final incumbent objective value: 13.09
[INFO]:[05:49:08] recordEvaluation produced_mip_start=0 mip_start_file=''
[DEBUG]:[05:49:08] Added evaluation to memory with objective: 27.29, ConfigId: 15676653188800320588, EvalId: 346. Total evaluations stored: 346
[INFO]:[05:49:08] recordEvaluation produced_mip_start=0 mip_start_file=''
[DEBUG]:[05:49:08] Added evaluation to memory with objective: 13.09, ConfigId: 15055430024672351603, EvalId: 347. Total evaluations stored: 347
[INFO]:[05:49:08] recordEvaluation produced_mip_start=0 mip_start_file=''
[DEBUG]:[05:49:08] Added evaluation to memory with objective: 13.53, ConfigId: 7495872990499689079, EvalId: 348. Total evaluations stored: 348
[INFO]:[05:49:08] recordEvaluation produced_mip_start=0 mip_start_file=''
[DEBUG]:[05:49:08] Added evaluation to memory with objective: 13.23, ConfigId: 5479604337241314069, EvalId: 349. Total evaluations stored: 349
[INFO]:[05:49:08] recordEvaluation produced_mip_start=0 mip_start_file=''
[DEBUG]:[05:49:08] Added evaluation to memory with objective: 13.09, ConfigId: 3724607766898939210, EvalId: 350. Total evaluations stored: 350
[INFO]:[05:49:08] recordEvaluation produced_mip_start=0 mip_start_file=''
[DEBUG]:[05:49:08] Added evaluation to memory with objective: 13.09, ConfigId: 16575472562066630995, EvalId: 351. Total evaluations stored: 351
[INFO]:[05:49:08] recordEvaluation produced_mip_start=0 mip_start_file=''
[DEBUG]:[05:49:08] Added evaluation to memory with objective: 13.09, ConfigId: 3186262481308252132, EvalId: 352. Total evaluations stored: 352
[INFO]:[05:49:08] recordEvaluation produced_mip_start=0 mip_start_file=''
[DEBUG]:[05:49:08] Added evaluation to memory with objective: 13.09, ConfigId: 16951113821512220717, EvalId: 353. Total evaluations stored: 353
[INFO]:[05:49:08] recordEvaluation produced_mip_start=0 mip_start_file=''
[DEBUG]:[05:49:08] Added evaluation to memory with objective: 13.09, ConfigId: 3953077701625171933, EvalId: 354. Total evaluations stored: 354
[INFO]:[05:49:08] recordEvaluation produced_mip_start=0 mip_start_file=''
[DEBUG]:[05:49:08] Added evaluation to memory with objective: 55.98, ConfigId: 6031116394715836321, EvalId: 355. Total evaluations stored: 355
[INFO]:[05:49:08] recordEvaluation produced_mip_start=0 mip_start_file=''
[DEBUG]:[05:49:08] Added evaluation to memory with objective: 13.09, ConfigId: 8906865714715634875, EvalId: 356. Total evaluations stored: 356
[INFO]:[05:49:08] recordEvaluation produced_mip_start=0 mip_start_file=''
[DEBUG]:[05:49:08] Added evaluation to memory with objective: 13.09, ConfigId: 7468623911835464203, EvalId: 357. Total evaluations stored: 357
[INFO]:[05:49:08] recordEvaluation produced_mip_start=0 mip_start_file=''
[DEBUG]:[05:49:08] Added evaluation to memory with objective: 13.09, ConfigId: 6393142921483624721, EvalId: 358. Total evaluations stored: 358
[INFO]:[05:49:08] recordEvaluation produced_mip_start=0 mip_start_file=''
[DEBUG]:[05:49:08] Added evaluation to memory with objective: 13.11, ConfigId: 9686901429261901312, EvalId: 359. Total evaluations stored: 359
[INFO]:[05:49:08] recordEvaluation produced_mip_start=0 mip_start_file=''
[DEBUG]:[05:49:08] Added evaluation to memory with objective: 13.09, ConfigId: 14196945744756714003, EvalId: 360. Total evaluations stored: 360
[INFO]:[05:49:08] recordEvaluation produced_mip_start=0 mip_start_file=''
[DEBUG]:[05:49:08] Added evaluation to memory with objective: 13.09, ConfigId: 14643770016239804526, EvalId: 361. Total evaluations stored: 361
[INFO]:[05:49:08] recordEvaluation produced_mip_start=0 mip_start_file=''
[DEBUG]:[05:49:08] Added evaluation to memory with objective: 13.09, ConfigId: 1038264264721154863, EvalId: 362. Total evaluations stored: 362
[INFO]:[05:49:08] recordEvaluation produced_mip_start=0 mip_start_file=''
[DEBUG]:[05:49:08] Added evaluation to memory with objective: 13.09, ConfigId: 11912917120498310271, EvalId: 363. Total evaluations stored: 363
[INFO]:[05:49:08] recordEvaluation produced_mip_start=0 mip_start_file=''
[DEBUG]:[05:49:08] Added evaluation to memory with objective: 13.09, ConfigId: 2532318888717812106, EvalId: 364. Total evaluations stored: 364
[INFO]:[05:49:08] recordEvaluation produced_mip_start=0 mip_start_file=''
[DEBUG]:[05:49:08] Added evaluation to memory with objective: 13.09, ConfigId: 4583721262243072289, EvalId: 365. Total evaluations stored: 365
[INFO]:[05:49:08] recordEvaluation produced_mip_start=0 mip_start_file=''
[DEBUG]:[05:49:08] Added evaluation to memory with objective: 13.09, ConfigId: 7821060168225811234, EvalId: 366. Total evaluations stored: 366
[INFO]:[05:49:08] recordEvaluation produced_mip_start=0 mip_start_file=''
[DEBUG]:[05:49:08] Added evaluation to memory with objective: 13.09, ConfigId: 16678779536846621431, EvalId: 367. Total evaluations stored: 367
[INFO]:[05:49:08] recordEvaluation produced_mip_start=0 mip_start_file=''
[DEBUG]:[05:49:08] Added evaluation to memory with objective: 100, ConfigId: 148660863480241861, EvalId: 368. Total evaluations stored: 368
[INFO]:[05:49:08] recordEvaluation produced_mip_start=0 mip_start_file=''
[DEBUG]:[05:49:08] Added evaluation to memory with objective: 100, ConfigId: 9516709883803394258, EvalId: 369. Total evaluations stored: 369
[INFO]:[05:49:08] Waiting for Local Search Workers via MPI...
[INFO]:[05:49:08] Local Search Workers have completed.
[INFO]:[05:49:08] IteratedLocalSearch Engine completed.
[INFO]:[05:49:08] Added24 evaluations to memory from exploration phase at iteration 7
[INFO]:[05:49:08] Exploration phase completed.
[INFO]:[05:49:08] Stopping condition met: no more residual parameters to evaluate.
[INFO]:[05:49:08] Sending stop order to all worker processes.
[INFO]:[05:49:08] Stop order sent to all worker processes.
[INFO]:[05:49:08] Tuner run complete.
Objective: 13.09
Total tuning time: 133 seconds.
