1,0,0,0,-1,0,1,3,1,0,0,0,1,0,0,0,0,0,1,0,1,3,0,4,50,0,9223372036800000000,0,0,10,0,0,7,0,3,1,0,0,0,1,0,-1,100,3,5,2,2,0,1,-1,-1,-1,-1,0,10,-1,1,1,0,-1,-1,-1,0,0,1,2,0,10,0,0,0,3313.33
1,0,0,0,-1,0,1,3,1,0,0,0,1,0,0,0,0,0,1,0,1,3,0,4,50,0,9223372036800000000,0,0,10,0,0,7,0,3,2,0,0,0,1,0,-1,100,3,5,2,2,0,1,-1,-1,-1,-1,0,10,-1,1,1,3,-1,-1,-1,0,0,1,2,0,10,0,0,0,24.42
1,0,0,0,-1,0,1,3,1,0,0,0,1,0,0,0,0,0,1,0,1,3,0,4,50,0,9223372036800000000,0,0,10,0,0,7,0,3,0,0,0,0,1,0,-1,100,3,5,2,2,0,1,-1,-1,-1,-1,0,10,-1,1,1,3,-1,-1,-1,0,0,1,2,0,10,0,0,0,24.42
1,0,0,0,-1,0,1,3,1,0,0,0,1,0,0,0,0,0,1,0,1,3,0,4,50,0,9223372036800000000,0,0,10,0,0,7,0,3,1,0,0,0,1,0,-1,100,3,5,2,2,2,1,-1,-1,-1,-1,0,10,-1,1,1,3,-1,-1,-1,0,0,1,2,0,10,0,0,0,24.42
1,0,0,0,-1,0,1,3,1,0,0,0,1,0,0,0,0,0,1,0,1,3,0,4,50,0,9223372036800000000,0,0,10,0,0,7,0,3,1,0,0,0,1,0,-1,100,3,5,2,1,0,1,-1,-1,-1,-1,0,10,-1,1,1,3,-1,-1,-1,0,0,1,2,0,10,0,0,0,24.42
1,0,0,0,-1,0,1,3,1,0,0,0,1,0,0,0,0,0,1,0,1,3,0,4,50,0,9223372036800000000,0,0,10,0,3,7,0,3,1,0,0,0,1,0,-1,100,3,5,2,2,0,1,-1,-1,-1,-1,0,10,-1,1,1,3,-1,-1,-1,0,0,1,2,0,10,0,0,0,24.42
1,0,0,0,-1,0,1,3,1,0,0,0,1,0,0,0,0,0,1,0,1,3,0,4,50,0,9223372036800000000,0,0,10,0,1,7,0,3,1,0,0,0,1,0,-1,100,3,5,2,2,0,1,-1,-1,-1,-1,0,10,-1,1,1,3,-1,-1,-1,0,0,1,2,0,10,0,0,0,24.42
1,0,0,0,-1,0,1,4,1,0,3,0,0,1,0,2,2,2,0,1,-1,3,0,8,10,0,9223372036800000000,20,0,10,0,0,7,0,0,1,0,0,0,1,0,2,0,1,0,4,2,0,1,-1,-1,2,-1,0,10,-1,1,1,3,-1,-1,-1,0,0,0,4,0,10,0,0,0,32.17
1,0,0,0,-1,0,1,4,0,0,3,0,0,1,0,2,2,2,0,1,-1,3,0,8,10,0,9223372036800000000,20,0,10,0,0,7,0,0,1,0,0,0,1,0,2,40,1,0,4,2,0,1,-1,-1,2,-1,0,10,-1,1,1,3,-1,-1,-1,0,0,0,4,0,10,0,0,0,33.24
1,0,0,0,-1,0,1,4,1,0,3,0,0,1,0,2,2,2,0,1,-1,3,0,8,10,0,9223372036800000000,240,0,10,0,0,7,0,0,1,0,0,0,1,0,2,40,1,0,4,2,0,1,-1,-1,2,-1,0,10,-1,1,1,3,-1,-1,-1,0,0,0,4,0,10,0,0,0,32.17
1,0,0,0,-1,0,1,4,1,0,3,0,0,1,0,2,2,2,0,1,-1,3,0,8,10,0,9223372036800000000,20,0,10,0,0,7,0,0,1,0,0,0,1,0,2,40,1,0,1,2,0,1,-1,-1,2,-1,0,10,-1,1,1,3,-1,-1,-1,0,0,0,4,0,10,0,0,0,32.17
1,0,0,0,-1,0,1,4,1,0,3,0,0,1,0,2,2,2,0,1,1,3,0,8,10,0,9223372036800000000,20,0,10,0,0,7,0,0,1,0,0,0,1,0,2,40,1,0,4,2,0,1,-1,-1,2,-1,0,10,-1,1,1,3,-1,-1,-1,0,0,0,4,0,10,0,0,0,32.17
1,0,0,0,-1,0,1,4,1,0,3,0,0,1,0,2,2,2,0,1,-1,3,0,8,10,0,9223372036800000000,20,0,10,0,0,7,0,0,1,0,0,0,1,0,2,40,0,0,4,2,0,1,-1,-1,2,1,0,10,-1,1,1,3,-1,-1,-1,0,0,0,4,0,10,0,0,0,32.34
1,0,0,0,-1,0,1,4,1,0,3,0,0,1,0,2,2,2,0,1,-1,3,0,8,10,0,9223372036800000000,20,0,10,0,0,7,0,0,1,0,0,0,1,0,2,40,0,0,4,2,0,1,-1,-1,0,-1,0,10,-1,1,1,3,-1,-1,-1,0,0,0,4,0,10,0,0,0,32.34
1,0,0,0,-1,0,1,4,1,0,3,0,0,1,0,2,2,2,0,1,-1,3,0,8,10,0,9223372036800000000,20,0,10,0,0,7,0,0,1,0,0,0,1,0,2,40,0,0,4,2,0,1,-1,-1,2,0,0,10,-1,1,1,3,-1,-1,-1,0,0,0,4,0,10,0,0,0,32.34
1,0,0,0,-1,0,1,4,1,0,4,0,0,1,0,2,2,2,0,1,-1,3,0,8,10,0,9223372036800000000,20,0,10,0,0,7,0,0,1,0,0,0,1,0,2,40,0,0,4,2,0,1,-1,-1,2,-1,0,10,-1,1,1,3,-1,-1,-1,0,0,0,4,0,10,0,0,0,32.34
1,0,0,0,-1,0,1,4,1,0,3,0,0,1,0,2,2,2,0,1,-1,3,0,-1,10,0,9223372036800000000,20,0,10,0,0,7,0,0,1,0,0,0,1,0,2,40,0,0,4,2,0,1,-1,-1,2,-1,0,10,-1,1,1,3,-1,-1,-1,0,0,0,4,0,10,0,0,0,32.34
1,0,0,0,-1,0,1,4,1,0,2,0,0,1,0,2,2,2,0,1,-1,3,0,8,10,0,9223372036800000000,20,0,10,0,0,7,0,0,1,0,0,0,1,0,2,40,0,0,4,2,0,1,-1,-1,2,-1,0,10,-1,1,1,3,-1,-1,-1,0,0,0,4,0,10,0,0,0,32.34
1,0,0,0,-1,0,1,4,1,0,3,0,0,1,0,2,2,2,0,1,-1,3,0,8,10,0,9223372036800000000,10,0,10,0,0,7,0,0,1,0,0,0,1,0,2,40,0,0,4,2,0,1,-1,-1,2,-1,0,10,-1,1,1,3,-1,-1,-1,0,0,0,4,0,10,0,0,0,32.34
1,0,0,0,-1,0,1,3,1,0,2,0,-1,1,-1,0,2,-1,1,0,-1,3,0,2,200,0,9223372036800000000,5,0,10,0,0,7,0,1,1,0,0,0,1,0,-1,20,2,5,2,2,0,1,-1,-1,2,-1,0,10,-1,1,1,3,-1,-1,-1,0,0,1,2,0,10,0,0,0,29.4
1,0,0,0,-1,0,1,3,1,0,2,0,-1,1,-1,0,2,-1,1,0,1,3,0,2,200,0,9223372036800000000,10,0,10,0,0,7,0,1,1,0,0,0,1,0,-1,20,2,5,2,2,0,1,-1,-1,2,-1,0,10,-1,1,1,3,-1,-1,-1,0,0,1,2,0,10,0,0,0,29.4
1,0,0,0,-1,0,1,3,1,0,2,0,-1,1,-1,0,2,-1,1,0,1,3,0,2,200,0,9223372036800000000,5,0,10,0,0,7,0,0,1,0,0,0,1,0,-1,20,2,5,2,2,0,1,-1,-1,2,-1,0,10,-1,1,1,3,-1,-1,-1,0,0,1,2,0,10,0,0,0,29.4
1,0,0,0,-1,0,1,3,1,0,2,0,-1,1,-1,0,2,-1,1,0,1,3,0,2,200,0,9223372036800000000,5,0,10,0,0,7,0,1,1,0,0,0,1,0,-1,20,5,5,2,2,0,1,-1,-1,2,-1,0,10,-1,1,1,3,-1,-1,-1,0,0,1,2,0,10,0,0,0,29.53
1,0,0,0,-1,0,1,3,1,0,2,0,-1,1,-1,0,2,-1,1,0,1,3,0,2,200,0,9223372036800000000,5,0,10,0,0,7,0,1,1,0,0,0,1,0,-1,20,2,5,2,2,0,1,-1,-1,2,2,0,10,-1,1,1,3,-1,-1,-1,0,0,1,2,0,10,0,0,0,29.4
1,0,0,0,-1,0,1,5,1,0,2,0,-1,1,-1,0,2,-1,1,0,1,3,0,2,200,0,9223372036800000000,5,0,10,0,0,7,0,1,1,0,0,0,1,0,-1,0,2,5,2,2,0,1,-1,-1,2,-1,0,10,-1,1,1,3,-1,-1,-1,0,0,1,2,0,10,0,0,0,29.87
1,0,0,0,-1,0,1,5,1,0,4,0,-1,1,-1,0,2,-1,1,0,1,3,0,2,200,0,9223372036800000000,5,0,10,0,0,7,0,1,1,0,0,0,1,0,-1,20,2,5,2,2,0,1,-1,-1,2,-1,0,10,-1,1,1,3,-1,-1,-1,0,0,1,2,0,10,0,0,0,29.87
1,0,0,0,-1,0,1,3,1,0,0,0,1,0,0,0,0,0,1,0,1,3,0,4,50,0,9223372036800000000,0,0,10,0,2,7,0,3,1,0,0,0,1,0,-1,100,3,5,2,2,0,1,-1,-1,-1,-1,0,10,-1,1,1,3,-1,-1,-1,0,0,1,2,0,10,0,0,0,24.42
1,0,0,0,-1,0,1,5,1,0,2,0,-1,1,-1,0,2,-1,1,0,1,3,0,16,200,0,9223372036800000000,5,0,10,0,0,7,0,1,1,0,0,0,1,0,-1,20,2,5,2,2,0,1,-1,-1,2,-1,0,10,-1,1,1,3,-1,-1,-1,0,0,1,2,0,10,0,0,0,29.87
1,0,0,0,-1,0,1,5,1,0,0,0,-1,1,-1,0,2,-1,1,0,1,3,0,2,200,0,9223372036800000000,5,0,10,0,0,7,0,1,1,0,0,0,1,0,-1,20,2,5,2,2,0,1,-1,-1,2,-1,0,10,-1,1,1,3,-1,-1,-1,0,0,1,2,0,10,0,0,0,29.87
1,0,0,0,-1,0,1,5,1,0,2,0,-1,1,-1,0,2,-1,1,0,1,3,0,2,200,0,9223372036800000000,5,0,10,0,0,7,0,1,1,0,0,0,1,0,1,20,2,5,2,2,0,1,-1,-1,2,-1,0,10,-1,1,1,3,-1,-1,-1,0,0,1,2,0,10,0,0,0,29.87
1,0,0,0,-1,0,1,5,1,0,2,0,-1,1,-1,0,2,2,1,0,1,3,0,2,200,0,9223372036800000000,5,0,10,0,0,7,0,1,1,0,0,0,1,0,-1,20,2,5,2,2,0,1,-1,-1,2,-1,0,10,-1,1,1,3,-1,-1,-1,0,0,1,2,0,10,0,0,0,29.87
1,0,0,0,-1,0,1,5,1,0,2,0,-1,1,-1,0,2,-1,1,0,1,3,0,2,200,0,9223372036800000000,5,0,10,0,0,7,0,1,1,0,0,0,1,0,-1,20,2,5,2,2,0,1,-1,-1,1,-1,0,10,-1,1,1,3,-1,-1,-1,0,0,1,2,0,10,0,0,0,29.87
1,0,0,0,-1,0,1,5,1,0,2,0,-1,1,-1,0,2,-1,1,0,1,3,0,2,200,0,9223372036800000000,5,0,10,0,0,7,0,1,1,0,0,0,1,0,-1,20,2,5,2,2,0,1,-1,-1,2,1,0,10,-1,1,1,3,-1,-1,-1,0,0,1,2,0,10,0,0,0,29.87
1,0,0,0,-1,0,1,5,1,0,2,0,-1,1,-1,0,2,-1,1,0,1,3,0,2,200,0,9223372036800000000,5,0,10,0,0,7,0,1,1,0,0,0,1,0,-1,20,2,5,3,2,0,1,-1,-1,2,-1,0,10,-1,1,1,3,-1,-1,-1,0,0,1,2,0,10,0,0,0,29.87
1,0,0,0,-1,0,1,5,1,0,2,0,-1,1,-1,0,2,-1,1,0,1,3,0,2,200,0,9223372036800000000,5,0,10,0,0,7,0,1,1,0,0,0,1,0,-1,20,2,5,2,2,0,1,-1,-1,2,-1,0,10,-1,1,1,3,-1,-1,-1,0,0,1,2,0,10,0,0,0,29.87
1,0,0,0,-1,0,1,5,1,0,4,0,1,-1,-1,1,0,2,2,2,-1,3,0,16,10,0,9223372036800000000,0,0,10,0,0,7,0,1,1,0,0,0,1,0,2,60,5,5,3,2,0,1,-1,-1,3,3,0,10,-1,1,1,3,-1,-1,-1,0,0,0,5,0,10,0,0,0,26.14
1,0,0,0,-1,0,1,5,1,0,4,0,1,-1,-1,1,0,2,2,1,-1,3,0,16,10,0,9223372036800000000,0,0,10,0,0,7,0,2,1,0,0,0,1,0,2,60,5,5,3,2,0,1,-1,-1,3,3,0,10,-1,1,1,3,-1,-1,-1,0,0,0,5,0,10,0,0,0,26.14
1,0,0,0,-1,0,1,5,1,0,4,0,1,-1,-1,1,0,2,2,1,2,3,0,16,10,0,9223372036800000000,0,0,10,0,0,7,0,1,1,0,0,0,1,0,2,60,5,5,3,2,0,1,-1,-1,3,3,0,10,-1,1,1,3,-1,-1,-1,0,0,0,5,0,10,0,0,0,26.14
1,0,0,0,-1,0,1,5,1,0,4,0,1,-1,-1,1,0,2,2,1,-1,3,0,16,10,0,9223372036800000000,50,0,10,0,0,7,0,1,1,0,0,0,1,0,2,60,5,5,3,2,0,1,-1,-1,3,3,0,10,-1,1,1,3,-1,-1,-1,0,0,0,5,0,10,0,0,0,27.32
1,0,0,0,-1,0,1,5,1,0,4,0,1,-1,-1,1,0,2,2,1,-1,3,0,16,10,0,9223372036800000000,0,0,10,0,0,7,0,1,1,0,0,0,1,0,-1,60,5,5,3,2,0,1,-1,-1,3,3,0,10,-1,1,1,3,-1,-1,-1,0,0,0,5,0,10,0,0,0,26.26
1,0,0,0,-1,0,1,5,1,0,2,0,1,-1,-1,1,0,2,2,1,-1,3,0,16,10,0,9223372036800000000,0,0,10,0,0,7,0,1,1,0,0,0,1,0,2,60,5,5,3,2,0,1,-1,-1,3,3,0,10,-1,1,1,3,-1,-1,-1,0,0,0,5,0,10,0,0,0,26.14
1,0,0,0,-1,0,1,5,1,0,4,0,1,-1,-1,1,0,2,2,1,-1,3,0,16,10,0,9223372036800000000,0,0,10,0,0,7,0,1,1,0,0,0,1,0,2,60,5,5,3,2,0,1,-1,-1,3,3,0,10,-1,1,1,3,-1,-1,-1,0,0,0,5,0,10,0,0,0,26.14
1,0,0,0,-1,0,1,5,1,0,4,0,1,-1,-1,1,0,2,2,1,-1,3,0,16,10,0,9223372036800000000,2,0,10,0,0,7,0,1,1,0,0,0,1,0,2,60,5,5,0,2,0,1,-1,-1,3,3,0,10,-1,1,1,3,-1,-1,-1,0,0,0,5,0,10,0,0,0,27.32
1,0,0,0,-1,0,1,5,1,0,4,0,1,-1,-1,1,0,2,2,1,-1,3,0,16,10,0,9223372036800000000,2,0,10,0,0,7,0,1,1,0,0,0,1,0,2,60,5,5,3,2,0,1,-1,-1,3,3,0,10,-1,1,1,3,-1,-1,-1,0,0,0,2,0,10,0,0,0,27.32
1,0,0,0,-1,0,1,5,1,0,4,0,1,-1,-1,1,0,2,2,1,-1,3,0,16,10,0,9223372036800000000,2,0,10,0,0,7,0,1,1,0,0,0,1,0,2,100,5,5,3,2,0,1,-1,-1,3,3,0,10,-1,1,1,3,-1,-1,-1,0,0,0,5,0,10,0,0,0,27.32
1,0,0,0,-1,0,1,5,1,0,4,0,1,2,-1,1,0,2,2,1,-1,3,0,16,10,0,9223372036800000000,2,0,10,0,0,7,0,1,1,0,0,0,1,0,2,60,5,5,3,2,0,1,-1,-1,3,3,0,10,-1,1,1,3,-1,-1,-1,0,0,0,5,0,10,0,0,0,27.32
1,0,0,0,-1,0,1,5,1,0,4,0,1,-1,-1,1,0,2,2,1,-1,3,0,16,10,0,9223372036800000000,10,0,10,0,0,7,0,1,1,0,0,0,1,0,2,60,5,5,3,2,0,1,-1,-1,3,3,0,10,-1,1,1,3,-1,-1,-1,0,0,0,5,0,10,0,0,0,27.32
1,0,0,0,-1,0,1,2,0,0,1,0,-1,2,0,1,-1,0,0,1,1,3,0,16,10,0,9223372036800000000,240,0,10,0,0,7,0,1,1,0,0,3,1,0,3,20,5,2,0,2,0,1,-1,-1,-1,-1,0,10,-1,1,1,3,-1,-1,-1,0,0,-1,0,0,10,0,0,0,33.64
1,0,0,0,-1,0,1,2,0,0,1,0,-1,2,-1,1,-1,0,0,1,1,3,0,16,10,0,9223372036800000000,240,0,10,0,0,7,0,1,1,0,0,3,1,0,3,20,1,2,0,2,0,1,-1,-1,-1,-1,0,10,-1,1,1,3,-1,-1,-1,0,0,-1,0,0,10,0,0,0,33.87
1,0,0,0,-1,0,1,2,0,0,1,0,-1,2,0,1,-1,0,0,1,1,3,0,16,10,0,9223372036800000000,240,0,10,0,0,7,0,1,1,0,0,3,1,0,3,20,4,2,0,2,0,1,-1,-1,-1,-1,0,10,-1,1,1,3,-1,-1,-1,0,0,-1,0,0,10,0,0,0,64.77
1,0,0,0,-1,0,1,2,0,0,1,0,-1,2,0,1,-1,0,0,1,1,3,0,16,10,0,9223372036800000000,240,0,10,0,0,7,0,1,1,0,0,3,1,0,3,20,1,4,0,2,0,1,-1,-1,-1,-1,0,10,-1,1,1,3,-1,-1,-1,0,0,-1,0,0,10,0,0,0,33.88
1,0,0,0,-1,0,1,2,0,0,3,0,-1,2,0,1,-1,0,0,1,1,3,0,16,10,0,9223372036800000000,240,0,10,0,0,7,0,1,1,0,0,3,1,0,3,20,1,2,0,2,0,1,-1,-1,-1,-1,0,10,-1,1,1,3,-1,-1,-1,0,0,-1,0,0,10,0,0,0,33.87
1,0,0,0,-1,0,1,2,0,0,1,0,-1,2,0,1,1,0,0,1,1,3,0,16,10,0,9223372036800000000,240,0,10,0,0,7,0,1,1,0,0,3,1,0,3,20,1,2,0,2,0,1,-1,-1,-1,-1,0,10,-1,1,1,3,-1,-1,-1,0,0,-1,0,0,10,0,0,0,33.87
1,0,0,0,-1,0,1,2,0,0,1,0,-1,2,0,1,-1,0,0,1,1,3,0,16,10,0,9223372036800000000,240,0,10,0,0,7,0,1,1,0,0,3,1,0,3,500,1,2,0,2,0,1,-1,-1,-1,-1,0,10,-1,1,1,3,-1,-1,-1,0,0,-1,0,0,10,0,0,0,33.87
1,0,0,0,-1,0,1,2,0,0,1,0,-1,2,0,1,-1,0,0,1,1,3,0,4,10,0,9223372036800000000,240,0,10,0,0,7,0,1,1,0,0,3,1,0,3,20,1,2,0,2,0,1,-1,-1,-1,-1,0,10,-1,1,1,3,-1,-1,-1,0,0,-1,0,0,10,0,0,0,33.87
1,0,0,0,-1,0,1,2,0,0,1,0,-1,2,0,1,-1,0,0,1,1,3,0,16,10,0,9223372036800000000,240,0,10,0,0,7,0,1,1,0,0,3,1,0,3,20,1,2,0,2,0,1,-1,-1,-1,-1,0,10,-1,1,1,3,-1,-1,-1,0,0,1,0,0,10,0,0,0,33.87
1,0,0,0,-1,0,1,2,0,0,1,0,-1,2,0,1,-1,0,0,1,1,3,0,8,10,0,9223372036800000000,240,0,10,0,0,7,0,1,1,0,0,3,1,0,3,20,1,2,0,2,0,1,-1,-1,-1,-1,0,10,-1,1,1,3,-1,-1,-1,0,0,-1,0,0,10,0,0,0,33.87
1,0,0,0,-1,0,1,2,0,0,1,0,-1,2,0,1,-1,0,0,1,1,3,0,16,10,0,9223372036800000000,240,0,10,0,0,7,0,1,1,0,0,3,1,0,3,20,1,2,1,2,0,1,-1,-1,-1,-1,0,10,-1,1,1,3,-1,-1,-1,0,0,-1,0,0,10,0,0,0,33.87
1,0,0,0,-1,0,1,2,0,0,1,0,-1,2,0,1,2,0,0,1,1,3,0,16,10,0,9223372036800000000,240,0,10,0,0,7,0,1,1,0,0,3,1,0,3,20,1,2,0,2,0,1,-1,-1,-1,-1,0,10,-1,1,1,3,-1,-1,-1,0,0,-1,0,0,10,0,0,0,33.87
1,0,0,0,-1,0,1,2,0,0,1,0,-1,2,0,1,-1,0,0,1,1,3,0,16,10,0,9223372036800000000,60,0,10,0,0,7,0,1,1,0,0,3,1,0,3,20,1,2,0,2,0,1,-1,-1,-1,-1,0,10,-1,1,1,3,-1,-1,-1,0,0,-1,0,0,10,0,0,0,33.87
1,0,0,0,-1,0,1,2,0,0,1,0,-1,2,0,1,-1,0,0,1,1,3,0,16,10,0,9223372036800000000,240,0,10,0,0,7,0,2,1,0,0,3,1,0,3,20,1,2,0,2,0,1,-1,-1,-1,-1,0,10,-1,1,1,3,-1,-1,-1,0,0,-1,0,0,10,0,0,0,33.87
1,0,0,0,-1,0,1,2,0,0,1,0,-1,2,0,1,-1,0,0,1,1,3,0,-1,10,0,9223372036800000000,240,0,10,0,0,7,0,1,1,0,0,3,1,0,3,20,1,2,0,2,0,1,-1,-1,-1,-1,0,10,-1,1,1,3,-1,-1,-1,0,0,-1,0,0,10,0,0,0,33.87
1,0,0,0,-1,0,1,0,0,0,5,0,-1,3,-1,2,2,-1,1,-1,1,3,0,1,10,0,9223372036800000000,0,0,10,0,0,7,0,3,1,0,0,3,1,0,2,100,5,0,1,2,0,1,-1,-1,0,3,0,10,-1,1,1,3,-1,-1,-1,0,0,-1,4,0,10,0,0,0,42.28
1,0,0,0,-1,0,1,0,0,0,5,0,-1,3,-1,2,2,-1,1,-1,-1,3,0,1,10,0,9223372036800000000,0,0,10,0,0,7,0,3,1,0,0,3,1,0,2,100,5,4,1,2,0,1,-1,-1,0,3,0,10,-1,1,1,3,-1,-1,-1,0,0,-1,4,0,10,0,0,0,42.8
1,0,0,0,-1,0,1,0,0,0,5,0,-1,3,-1,2,2,-1,-1,-1,-1,3,0,1,10,0,9223372036800000000,0,0,10,0,0,7,0,3,1,0,0,3,1,0,2,100,5,0,1,2,0,1,-1,-1,0,3,0,10,-1,1,1,3,-1,-1,-1,0,0,-1,4,0,10,0,0,0,42.28
1,0,0,0,-1,0,1,0,0,0,5,0,-1,3,-1,2,2,-1,1,-1,-1,3,0,1,10,0,9223372036800000000,0,0,10,0,0,7,0,3,1,0,0,3,1,0,2,100,5,0,1,2,0,1,-1,-1,0,3,0,10,-1,1,1,3,-1,-1,-1,0,0,-1,5,0,10,0,0,0,42.37
1,0,0,0,-1,0,1,0,0,0,4,0,-1,3,-1,2,2,-1,1,-1,-1,3,0,1,10,0,9223372036800000000,0,0,10,0,0,7,0,3,1,0,0,3,1,0,2,100,5,0,1,2,0,1,-1,-1,0,3,0,10,-1,1,1,3,-1,-1,-1,0,0,-1,4,0,10,0,0,0,42.28
1,0,0,0,-1,0,1,0,0,0,5,0,-1,3,-1,2,2,-1,1,-1,-1,3,0,1,10,0,9223372036800000000,0,0,10,0,0,7,0,3,1,0,0,3,1,0,-1,100,5,0,1,2,0,1,-1,-1,0,3,0,10,-1,1,1,3,-1,-1,-1,0,0,-1,4,0,10,0,0,0,52.54
1,0,0,0,-1,0,1,0,0,0,5,0,-1,3,-1,2,2,-1,1,-1,-1,3,0,1,10,0,9223372036800000000,0,0,10,0,0,7,0,3,1,0,0,3,1,0,2,100,5,1,1,2,0,1,-1,-1,0,3,0,10,-1,1,1,3,-1,-1,-1,0,0,-1,4,0,10,0,0,0,42.8
1,0,0,0,-1,0,1,0,0,0,5,0,-1,3,-1,2,2,-1,1,-1,-1,3,0,1,10,0,9223372036800000000,0,0,10,0,0,7,0,3,1,0,0,3,1,0,2,100,5,0,1,2,0,1,-1,-1,0,3,0,10,-1,1,1,3,-1,-1,-1,0,0,-1,4,0,10,0,0,0,42.28
1,0,0,0,-1,0,1,0,0,0,5,0,-1,3,-1,2,2,-1,1,-1,-1,3,0,-1,10,0,9223372036800000000,0,0,10,0,0,7,0,3,1,0,0,3,1,0,2,100,1,0,1,2,0,1,-1,-1,0,3,0,10,-1,1,1,3,-1,-1,-1,0,0,-1,4,0,10,0,0,0,42.85
1,0,0,0,-1,0,1,0,0,0,5,0,-1,1,-1,2,2,-1,1,-1,-1,3,0,1,10,0,9223372036800000000,0,0,10,0,0,7,0,3,1,0,0,3,1,0,2,100,1,0,1,2,0,1,-1,-1,0,3,0,10,-1,1,1,3,-1,-1,-1,0,0,-1,4,0,10,0,0,0,42.37
1,0,0,0,-1,0,1,0,0,0,5,0,-1,3,-1,2,2,-1,1,-1,-1,3,0,1,10,0,9223372036800000000,0,0,10,0,0,7,0,3,1,0,0,3,1,0,2,100,1,4,1,2,0,1,-1,-1,0,3,0,10,-1,1,1,3,-1,-1,-1,0,0,-1,4,0,10,0,0,0,42.86
1,0,0,0,-1,0,1,0,0,0,5,0,-1,3,-1,2,2,-1,1,-1,-1,3,0,1,10,0,9223372036800000000,0,0,10,0,0,7,0,3,1,0,0,3,1,0,2,100,1,0,1,2,0,1,-1,-1,1,3,0,10,-1,1,1,3,-1,-1,-1,0,0,-1,4,0,10,0,0,0,42.37
1,0,0,0,-1,0,1,0,0,0,5,0,-1,3,-1,2,2,-1,1,-1,-1,3,0,1,10,0,9223372036800000000,0,0,10,0,0,7,0,3,1,0,0,3,1,0,2,100,1,0,2,2,0,1,-1,-1,0,3,0,10,-1,1,1,3,-1,-1,-1,0,0,-1,4,0,10,0,0,0,42.82
1,0,0,0,-1,0,1,0,0,0,5,0,-1,3,-1,2,2,-1,1,-1,-1,3,0,1,10,0,9223372036800000000,0,0,10,0,0,7,0,3,1,0,0,3,1,0,2,500,1,0,1,2,0,1,-1,-1,0,3,0,10,-1,1,1,3,-1,-1,-1,0,0,-1,4,0,10,0,0,0,42.37
1,0,0,0,-1,0,1,0,0,0,5,0,-1,3,-1,2,2,-1,1,-1,-1,3,0,1,10,0,9223372036800000000,0,0,10,0,0,7,0,3,1,0,0,3,1,0,2,100,1,0,1,2,0,1,-1,-1,0,1,0,10,-1,1,1,3,-1,-1,-1,0,0,-1,4,0,10,0,0,0,42.37
1,0,0,0,-1,0,1,0,0,0,5,0,-1,3,-1,2,2,-1,1,-1,-1,3,0,1,10,0,9223372036800000000,0,0,10,0,0,7,0,3,1,0,0,3,1,0,2,20,1,0,1,2,0,1,-1,-1,0,3,0,10,-1,1,1,3,-1,-1,-1,0,0,-1,4,0,10,0,0,0,42.37
1,0,0,0,-1,0,1,0,0,0,5,0,-1,3,-1,2,2,-1,1,-1,-1,3,0,1,10,0,9223372036800000000,0,0,10,0,0,7,0,3,1,0,0,3,1,0,2,100,1,2,1,2,0,1,-1,-1,0,3,0,10,-1,1,1,3,-1,-1,-1,0,0,-1,4,0,10,0,0,0,42.37
1,0,0,0,-1,0,1,0,0,0,5,0,-1,3,-1,2,2,-1,1,-1,-1,3,0,1,10,0,9223372036800000000,10,0,10,0,0,7,0,3,1,0,0,3,1,0,2,100,1,0,1,2,0,1,-1,-1,0,3,0,10,-1,1,1,3,-1,-1,-1,0,0,-1,4,0,10,0,0,0,42.92
1,0,0,0,-1,0,1,0,0,0,5,0,-1,3,-1,2,2,-1,1,-1,-1,3,0,1,10,0,9223372036800000000,120,0,10,0,0,7,0,3,1,0,0,3,1,0,2,100,1,0,1,2,0,1,-1,-1,0,3,0,10,-1,1,1,3,-1,-1,-1,0,0,-1,4,0,10,0,0,0,42.92
1,0,0,0,-1,0,1,0,0,0,5,0,-1,3,-1,2,2,-1,1,-1,-1,3,0,1,10,0,9223372036800000000,0,0,10,0,0,7,0,3,1,0,0,3,1,0,2,100,1,0,1,2,0,1,-1,-1,0,3,0,10,-1,1,1,3,-1,-1,-1,0,0,-1,4,0,10,0,0,0,42.37
1,0,0,0,-1,0,1,0,0,0,5,0,-1,3,-1,2,2,-1,1,-1,-1,3,0,1,10,0,9223372036800000000,0,0,10,0,0,7,0,3,1,0,0,2,1,0,2,100,1,0,-1,2,0,1,-1,-1,0,3,0,10,-1,1,1,3,-1,-1,-1,0,0,-1,4,0,10,0,0,0,42.91
1,0,0,0,-1,0,1,0,0,0,5,0,-1,3,-1,2,2,-1,1,-1,-1,3,0,1,10,0,9223372036800000000,0,0,10,0,0,7,0,3,1,0,0,3,1,0,2,100,1,0,-1,2,0,1,-1,-1,0,0,0,10,-1,1,1,3,-1,-1,-1,0,0,-1,4,0,10,0,0,0,42.91
1,0,0,0,-1,0,1,0,0,0,5,0,-1,3,-1,2,2,-1,1,-1,-1,3,0,1,10,0,9223372036800000000,0,0,10,0,0,7,0,3,1,0,0,3,1,0,2,100,1,0,-1,2,0,1,-1,-1,0,3,0,10,-1,1,1,3,-1,-1,-1,0,0,-1,4,0,10,0,0,0,42.91
1,0,0,0,-1,0,1,0,1,0,1,0,0,2,-1,0,-1,1,-1,2,-1,3,0,1,50,0,9223372036800000000,0,0,10,0,0,7,0,0,1,0,0,3,1,0,3,100,0,0,2,2,0,1,-1,-1,-1,-1,0,10,-1,1,1,3,-1,-1,-1,0,0,1,3,0,10,0,0,0,29.69
1,0,0,0,-1,0,1,3,1,0,1,0,0,2,-1,0,-1,1,-1,2,-1,3,0,-1,50,0,9223372036800000000,50,0,10,0,0,7,0,0,1,0,0,3,1,0,3,100,0,0,2,2,0,1,-1,-1,-1,-1,0,10,-1,1,1,3,-1,-1,-1,0,0,1,3,0,10,0,0,0,33.95
1,0,0,0,-1,0,1,3,1,0,1,0,0,2,-1,0,-1,1,-1,2,-1,3,0,1,50,0,9223372036800000000,50,0,10,0,0,7,0,0,1,0,0,3,1,0,3,0,0,0,2,2,0,1,-1,-1,-1,-1,0,10,-1,1,1,3,-1,-1,-1,0,0,1,3,0,10,0,0,0,30.05
1,0,0,0,-1,0,1,3,1,0,1,0,0,2,-1,0,-1,1,-1,2,-1,3,0,1,50,0,9223372036800000000,50,0,10,0,0,7,0,0,1,0,0,3,1,0,3,100,0,0,2,2,0,1,-1,-1,2,-1,0,10,-1,1,1,3,-1,-1,-1,0,0,1,3,0,10,0,0,0,30.05
1,0,0,0,-1,0,1,3,1,0,1,0,0,2,-1,0,-1,1,-1,2,-1,3,0,1,400,0,9223372036800000000,50,0,10,0,0,7,0,0,1,0,0,3,1,0,3,100,0,0,2,2,0,1,-1,-1,-1,-1,0,10,-1,1,1,3,-1,-1,-1,0,0,1,3,0,10,0,0,0,30.05
1,0,0,0,-1,0,1,3,1,0,1,0,0,2,-1,0,-1,1,-1,2,-1,3,0,1,50,0,9223372036800000000,50,0,10,0,0,7,0,0,1,0,0,3,1,0,3,100,2,0,2,2,0,1,-1,-1,-1,-1,0,10,-1,1,1,3,-1,-1,-1,0,0,1,3,0,10,0,0,0,30.05
1,0,0,0,-1,0,1,3,1,0,1,0,0,2,-1,0,-1,1,-1,2,-1,3,0,1,50,0,9223372036800000000,1e+75,0,10,0,0,7,0,0,1,0,0,3,1,0,3,100,0,0,2,2,0,1,-1,-1,-1,-1,0,10,-1,1,1,3,-1,-1,-1,0,0,1,3,0,10,0,0,0,30.05
1,0,0,0,-1,0,1,3,1,0,1,0,0,2,-1,0,-1,1,-1,2,-1,3,0,1,50,0,9223372036800000000,20,0,10,0,0,7,0,0,1,0,0,3,1,0,3,100,0,0,2,2,0,1,-1,-1,-1,-1,0,10,-1,1,1,3,-1,-1,-1,0,0,1,3,0,10,0,0,0,30.05
1,0,0,0,-1,0,1,3,1,0,1,0,0,2,-1,0,-1,1,-1,2,-1,3,0,1,50,0,9223372036800000000,50,0,10,0,0,7,0,0,1,0,0,3,1,0,3,100,0,0,3,2,0,1,-1,-1,-1,-1,0,10,-1,1,1,3,-1,-1,-1,0,0,1,3,0,10,0,0,0,30.05
1,0,0,0,-1,0,1,3,1,0,1,0,0,2,-1,0,2,1,-1,2,-1,3,0,1,50,0,9223372036800000000,50,0,10,0,0,7,0,0,1,0,0,3,1,0,3,100,0,0,2,2,0,1,-1,-1,-1,-1,0,10,-1,1,1,3,-1,-1,-1,0,0,1,3,0,10,0,0,0,30.05
1,0,0,0,-1,0,1,3,1,0,1,0,0,2,-1,0,-1,1,-1,2,-1,3,0,1,50,0,9223372036800000000,50,0,10,0,0,7,0,0,1,0,0,3,1,0,3,60,0,0,2,2,0,1,-1,-1,-1,-1,0,10,-1,1,1,3,-1,-1,-1,0,0,1,3,0,10,0,0,0,30.05
1,0,0,0,-1,0,1,3,1,0,1,0,0,2,-1,0,-1,1,-1,2,-1,3,0,1,50,0,9223372036800000000,50,0,10,0,0,7,0,0,1,0,0,3,1,0,3,20,0,0,2,2,0,1,-1,-1,-1,-1,0,10,-1,1,1,3,-1,-1,-1,0,0,1,3,0,10,0,0,0,30.05
1,0,0,0,-1,0,1,3,1,0,2,0,0,2,-1,0,-1,1,-1,2,-1,3,0,1,50,0,9223372036800000000,50,0,10,0,0,7,0,0,1,0,0,3,1,0,3,100,0,0,2,2,0,1,-1,-1,-1,-1,0,10,-1,1,1,3,-1,-1,-1,0,0,1,3,0,10,0,0,0,30.05
1,0,0,0,-1,0,1,3,1,0,1,0,0,2,-1,0,-1,1,-1,2,-1,3,0,1,50,0,9223372036800000000,240,0,10,0,0,7,0,0,1,0,0,3,1,0,3,100,0,0,2,2,0,1,-1,-1,-1,-1,0,10,-1,1,1,3,-1,-1,-1,0,0,1,3,0,10,0,0,0,30.05
1,0,0,0,-1,0,1,3,1,0,1,0,0,2,-1,0,-1,1,-1,2,-1,3,0,1,200,0,9223372036800000000,50,0,10,0,0,7,0,0,1,0,0,3,1,0,3,100,0,0,2,2,0,1,-1,-1,-1,-1,0,10,-1,1,1,3,-1,-1,-1,0,0,1,3,0,10,0,0,0,30.05
1,0,0,0,-1,0,1,3,1,0,1,0,0,2,-1,0,-1,1,-1,2,-1,3,0,1,50,0,9223372036800000000,50,0,10,0,0,7,0,0,1,0,0,3,1,0,3,100,0,0,2,2,0,1,-1,-1,-1,0,0,10,-1,1,1,3,-1,-1,-1,0,0,1,3,0,10,0,0,0,30.05
1,0,0,0,-1,0,1,3,1,0,0,0,0,2,-1,0,-1,1,-1,2,-1,3,0,1,50,0,9223372036800000000,50,0,10,0,0,7,0,0,1,0,0,3,1,0,3,100,0,0,2,2,0,1,-1,-1,-1,-1,0,10,-1,1,1,3,-1,-1,-1,0,0,1,3,0,10,0,0,0,30.05
1,0,0,0,-1,0,1,3,1,0,1,0,0,2,-1,0,-1,1,-1,2,-1,3,0,1,50,0,9223372036800000000,5,0,10,0,0,7,0,0,1,0,0,3,1,0,3,100,0,0,2,2,0,1,-1,-1,-1,-1,0,10,-1,1,1,3,-1,-1,-1,0,0,1,3,0,10,0,0,0,30.05
1,0,0,0,-1,0,1,3,1,0,1,0,0,2,-1,0,-1,1,-1,2,-1,3,0,1,50,0,9223372036800000000,50,0,10,0,0,7,0,0,1,0,0,3,1,0,3,100,6,0,2,2,0,1,-1,-1,-1,-1,0,10,-1,1,1,3,-1,-1,-1,0,0,1,3,0,10,0,0,0,30.05
1,0,0,0,-1,0,1,3,1,0,1,0,0,2,-1,0,-1,1,-1,2,-1,3,0,1,50,0,9223372036800000000,50,0,10,0,0,7,0,0,1,0,0,3,1,0,3,100,0,0,2,2,0,1,-1,-1,-1,-1,0,10,-1,1,1,3,-1,-1,-1,0,0,1,3,0,10,0,0,0,30.05
1,0,0,0,-1,0,1,3,0,0,0,0,2,3,1,1,2,0,-1,0,0,3,0,-1,10,0,9223372036800000000,60,0,10,0,0,7,0,3,1,0,0,1,1,0,-1,200,2,4,2,2,0,1,-1,-1,3,0,0,10,-1,1,1,3,-1,-1,-1,0,0,0,3,0,10,0,0,0,34.68
1,0,0,0,-1,0,1,3,0,0,0,0,2,3,1,0,2,0,-1,1,0,3,0,-1,10,0,9223372036800000000,60,0,10,0,0,7,0,3,1,0,0,1,1,0,-1,200,2,4,2,2,0,1,-1,-1,3,0,0,10,-1,1,1,3,-1,-1,-1,0,0,0,3,0,10,0,0,0,34.68
1,0,0,0,-1,0,1,3,1,0,0,0,2,3,1,1,2,0,-1,1,0,3,0,-1,10,0,9223372036800000000,60,0,10,0,0,7,0,3,1,0,0,1,1,0,-1,200,2,4,2,2,0,1,-1,-1,3,0,0,10,-1,1,1,3,-1,-1,-1,0,0,0,3,0,10,0,0,0,35.91
1,0,0,0,-1,0,1,3,0,0,0,0,2,3,1,1,2,0,1,1,0,3,0,-1,10,0,9223372036800000000,60,0,10,0,0,7,0,3,1,0,0,1,1,0,-1,200,2,2,2,2,0,1,-1,-1,3,0,0,10,-1,1,1,3,-1,-1,-1,0,0,0,3,0,10,0,0,0,35.02
1,0,0,0,-1,0,1,3,0,0,0,0,2,3,1,1,2,0,-1,1,0,3,0,-1,10,0,9223372036800000000,60,0,10,0,0,7,0,3,1,0,0,1,1,0,-1,200,2,2,-1,2,0,1,-1,-1,3,0,0,10,-1,1,1,3,-1,-1,-1,0,0,0,3,0,10,0,0,0,35.02
1,0,0,0,-1,0,1,3,0,0,0,0,2,3,1,1,2,0,-1,1,0,3,0,-1,10,0,9223372036800000000,60,0,10,0,0,7,0,3,1,0,0,1,1,0,-1,200,2,2,2,2,0,1,-1,-1,3,0,0,10,-1,1,1,3,-1,-1,-1,0,0,0,3,0,10,0,0,0,35.02
1,0,0,0,-1,0,1,3,0,0,0,0,2,3,1,1,2,0,2,1,0,3,0,1,10,0,9223372036800000000,60,0,10,0,0,7,0,3,1,0,0,1,1,0,-1,200,2,2,2,2,0,1,-1,-1,3,0,0,10,-1,1,1,3,-1,-1,-1,0,0,0,3,0,10,0,0,0,41.85
1,0,0,0,-1,0,1,3,0,0,0,0,2,3,1,1,2,0,-1,1,0,3,0,1,10,0,9223372036800000000,60,0,10,0,0,7,0,3,1,0,0,1,1,0,-1,60,2,2,2,2,0,1,-1,-1,3,0,0,10,-1,1,1,3,-1,-1,-1,0,0,0,3,0,10,0,0,0,41.85
1,0,0,0,-1,0,1,3,0,0,0,0,2,3,1,1,2,0,-1,1,0,3,0,1,10,0,9223372036800000000,60,0,10,0,0,7,0,3,1,0,0,0,1,0,-1,200,2,2,2,2,0,1,-1,-1,3,0,0,10,-1,1,1,3,-1,-1,-1,0,0,0,3,0,10,0,0,0,42.91
1,0,0,0,-1,0,1,3,0,0,0,0,2,3,1,1,2,0,-1,1,0,3,0,1,150,0,9223372036800000000,60,0,10,0,0,7,0,3,1,0,0,1,1,0,-1,200,2,2,2,2,0,1,-1,-1,3,0,0,10,-1,1,1,3,-1,-1,-1,0,0,0,3,0,10,0,0,0,41.85
1,0,0,0,-1,0,1,3,0,0,0,0,2,3,1,1,2,0,-1,1,0,3,0,1,10,0,9223372036800000000,60,0,10,0,0,7,0,3,1,0,0,1,1,0,-1,200,2,2,2,2,0,1,-1,-1,3,0,0,10,-1,1,1,3,-1,-1,-1,0,0,0,3,0,10,0,0,0,41.85
1,0,0,0,-1,0,1,3,0,0,0,0,2,3,1,1,2,0,-1,1,0,3,0,1,10,0,9223372036800000000,50,0,10,0,0,7,0,3,1,0,0,1,1,0,-1,200,2,2,2,2,0,1,-1,-1,3,0,0,10,-1,1,1,3,-1,-1,-1,0,0,0,1,0,10,0,0,0,42.56
1,0,0,0,-1,0,1,3,0,0,0,0,2,3,1,1,2,0,-1,1,0,3,0,1,10,0,9223372036800000000,0,0,10,0,0,7,0,3,1,0,0,1,1,0,-1,200,2,2,2,2,0,1,-1,-1,3,0,0,10,-1,1,1,3,-1,-1,-1,0,0,0,0,0,10,0,0,0,42.92
1,0,0,0,-1,0,1,3,0,0,0,0,2,3,1,1,2,0,-1,1,0,3,0,1,10,0,9223372036800000000,60,0,10,0,0,7,0,3,1,0,0,1,1,0,-1,200,2,2,2,2,0,1,-1,-1,3,0,0,10,-1,1,1,3,-1,-1,-1,0,0,0,2,0,10,0,0,0,42.92
1,0,0,0,-1,0,1,3,0,0,0,0,2,3,1,1,2,0,-1,1,0,3,0,1,10,0,9223372036800000000,60,0,10,0,0,7,0,3,1,0,0,1,1,0,-1,200,2,2,2,2,0,1,-1,-1,3,0,0,10,-1,1,1,3,-1,-1,-1,0,0,0,0,0,10,0,0,0,42.92
1,0,0,0,-1,0,1,1,1,0,1,0,1,1,1,2,0,1,2,1,2,3,0,4,25,0,9223372036800000000,0,0,10,0,0,7,0,0,1,0,0,3,1,0,1,1000,4,0,0,2,0,1,-1,-1,1,3,0,10,-1,1,1,3,-1,-1,-1,0,0,1,3,0,10,0,0,0,33.96
1,0,0,0,-1,0,1,1,1,0,0,0,1,1,1,2,0,1,2,1,2,3,0,4,25,0,9223372036800000000,0,0,10,0,0,7,0,0,1,0,0,3,1,0,1,1000,6,0,0,2,0,1,-1,-1,1,3,0,10,-1,1,1,3,-1,-1,-1,0,0,1,3,0,10,0,0,0,33.96
1,0,0,0,-1,0,1,1,1,0,1,0,1,1,1,2,0,1,2,1,2,3,0,4,25,0,9223372036800000000,5,0,10,0,0,7,0,0,1,0,0,3,1,0,1,1000,6,0,0,2,0,1,-1,-1,1,3,0,10,-1,1,1,3,-1,-1,-1,0,0,1,3,0,10,0,0,0,33.96
1,0,0,0,-1,0,1,1,1,0,1,0,1,1,1,2,0,1,2,1,2,3,0,4,50,0,9223372036800000000,0,0,10,0,0,7,0,0,1,0,0,3,1,0,1,1000,6,0,0,2,0,1,-1,-1,1,3,0,10,-1,1,1,3,-1,-1,-1,0,0,1,3,0,10,0,0,0,33.96
1,0,0,0,-1,0,1,1,1,0,1,0,1,1,1,2,0,1,2,1,2,3,0,4,25,0,9223372036800000000,0,0,10,0,0,7,0,0,1,0,0,3,1,0,1,1000,6,3,4,2,0,1,-1,-1,1,3,0,10,-1,1,1,3,-1,-1,-1,0,0,1,3,0,10,0,0,0,34.8
1,0,0,0,-1,0,1,1,1,0,1,0,1,1,1,2,0,1,2,1,2,3,0,16,25,0,9223372036800000000,0,0,10,0,0,7,0,0,1,0,0,3,1,0,1,1000,6,3,0,2,0,1,-1,-1,1,3,0,10,-1,1,1,3,-1,-1,-1,0,0,1,3,0,10,0,0,0,34.8
1,0,0,0,-1,0,1,1,1,0,1,0,1,1,1,2,0,1,2,1,2,3,0,4,25,0,9223372036800000000,0,0,10,0,0,7,0,0,1,0,0,3,1,0,1,0,6,3,0,2,0,1,-1,-1,1,3,0,10,-1,1,1,3,-1,-1,-1,0,0,1,3,0,10,0,0,0,34.8
1,0,0,0,-1,0,1,1,1,0,1,0,1,1,1,2,0,1,-1,1,2,3,0,4,25,0,9223372036800000000,0,0,10,0,0,7,0,0,1,0,0,3,1,0,1,1000,6,3,0,2,0,1,-1,-1,1,3,0,10,-1,1,1,3,-1,-1,-1,0,0,1,3,0,10,0,0,0,34.8
1,0,0,0,-1,0,1,1,1,0,1,0,1,1,1,2,0,1,2,1,2,3,0,4,25,0,9223372036800000000,0,0,10,0,0,7,0,0,1,0,0,3,1,0,1,-1,6,3,0,2,0,1,-1,-1,1,3,0,10,-1,1,1,3,-1,-1,-1,0,0,1,3,0,10,0,0,0,34.8
1,0,0,0,-1,0,1,1,1,0,1,0,1,1,1,2,-1,1,2,1,2,3,0,4,25,0,9223372036800000000,0,0,10,0,0,7,0,0,1,0,0,3,1,0,1,1000,6,3,0,2,0,1,-1,-1,1,3,0,10,-1,1,1,3,-1,-1,-1,0,0,1,3,0,10,0,0,0,34.8
1,0,0,0,-1,0,1,1,1,0,1,0,1,1,1,2,0,1,2,1,2,3,0,4,25,0,9223372036800000000,20,0,10,0,0,7,0,0,1,0,0,3,1,0,1,1000,6,3,0,2,0,1,-1,-1,1,3,0,10,-1,1,1,3,-1,-1,-1,0,0,1,3,0,10,0,0,0,35.91
1,0,0,0,-1,0,1,1,1,0,1,0,1,1,1,2,0,1,2,1,2,3,0,4,25,0,9223372036800000000,0,0,10,0,0,7,0,0,1,0,0,3,1,0,1,1000,6,3,0,2,0,1,-1,-1,1,3,0,10,-1,1,1,3,-1,-1,-1,0,0,1,5,0,10,0,0,0,35.91
1,0,0,0,-1,0,1,1,0,0,3,0,3,3,0,-1,-1,1,-1,1,1,3,0,16,25,0,9223372036800000000,5,0,10,0,0,7,0,2,1,0,0,2,1,0,1,0,5,2,3,2,0,1,-1,-1,1,2,0,10,-1,1,1,3,-1,-1,-1,0,0,-1,4,0,10,0,0,0,34.94
1,0,0,0,-1,0,1,1,0,0,3,0,3,3,-1,-1,-1,1,-1,1,1,3,0,16,25,0,9223372036800000000,5,0,10,0,0,7,0,2,1,0,0,2,1,0,1,0,5,2,3,2,0,1,-1,-1,3,2,0,10,-1,1,1,3,-1,-1,-1,0,0,-1,4,0,10,0,0,0,34.94
1,0,0,0,-1,0,1,3,1,0,1,0,0,2,-1,0,-1,1,-1,2,-1,3,0,1,50,0,9223372036800000000,50,0,10,0,0,7,0,0,1,0,0,0,1,0,3,100,0,0,2,2,0,1,-1,-1,-1,-1,0,10,-1,1,1,3,-1,-1,-1,0,0,1,3,0,10,0,0,0,30.05
1,0,0,0,-1,0,1,1,0,0,1,0,3,3,0,-1,-1,1,-1,1,1,3,0,16,25,0,9223372036800000000,5,0,10,0,0,7,0,2,1,0,0,2,1,0,1,0,5,2,3,2,0,1,-1,-1,3,2,0,10,-1,1,1,3,-1,-1,-1,0,0,-1,4,0,10,0,0,0,34.94
1,0,0,0,-1,0,1,1,0,0,3,0,3,3,0,-1,-1,1,-1,1,1,3,0,16,25,0,9223372036800000000,5,0,10,0,0,7,0,2,1,0,0,2,1,0,1,0,5,2,3,2,0,1,-1,-1,3,-1,0,10,-1,1,1,3,-1,-1,-1,0,0,-1,4,0,10,0,0,0,34.94
1,0,0,0,-1,0,1,1,0,0,3,0,3,3,0,-1,-1,1,-1,1,1,3,0,16,25,0,9223372036800000000,5,0,10,0,0,7,0,2,1,0,0,2,1,0,1,0,5,2,2,2,0,1,-1,-1,3,2,0,10,-1,1,1,3,-1,-1,-1,0,0,-1,4,0,10,0,0,0,35.3
1,0,0,0,-1,0,1,1,0,0,3,0,3,3,0,-1,-1,1,-1,1,1,3,0,16,25,0,9223372036800000000,5,0,10,0,0,7,0,2,1,0,0,2,1,0,1,0,5,2,2,2,0,1,-1,-1,0,2,0,10,-1,1,1,3,-1,-1,-1,0,0,-1,0,0,10,0,0,0,35.31
1,0,0,0,-1,0,1,1,0,0,3,0,3,3,0,-1,-1,1,-1,1,1,3,0,16,25,0,9223372036800000000,5,0,10,0,0,7,0,2,1,0,0,2,1,0,1,0,5,2,2,2,0,1,-1,-1,3,2,0,10,-1,1,1,3,-1,-1,-1,0,0,-1,3,0,10,0,0,0,35.45
1,0,0,0,-1,0,1,1,0,0,3,0,3,3,0,-1,-1,1,-1,1,1,3,0,16,25,0,9223372036800000000,5,0,10,0,0,7,0,2,1,0,0,2,1,0,1,1000,5,2,2,2,0,1,-1,-1,3,2,0,10,-1,1,1,3,-1,-1,-1,0,0,-1,0,0,10,0,0,0,35.31
1,0,0,0,-1,0,1,1,0,0,3,0,3,3,0,2,-1,1,-1,1,1,3,0,16,25,0,9223372036800000000,5,0,10,0,0,7,0,2,1,0,0,2,1,0,1,0,5,2,2,2,0,1,-1,-1,3,2,0,10,-1,1,1,3,-1,-1,-1,0,0,-1,0,0,10,0,0,0,35.31
1,0,0,0,-1,0,1,1,0,0,3,0,3,3,0,-1,-1,1,-1,1,1,3,0,16,25,0,9223372036800000000,5,0,10,0,0,7,0,2,1,0,0,2,1,0,1,0,5,5,2,2,0,1,-1,-1,3,2,0,10,-1,1,1,3,-1,-1,-1,0,0,-1,0,0,10,0,0,0,35.52
1,0,0,0,-1,0,1,1,0,0,3,0,3,3,0,-1,-1,1,-1,1,1,3,0,-1,25,0,9223372036800000000,5,0,10,0,0,7,0,2,1,0,0,2,1,0,1,0,5,2,2,2,0,1,-1,-1,3,2,0,10,-1,1,1,3,-1,-1,-1,0,0,-1,0,0,10,0,0,0,35.31
1,0,0,0,-1,0,1,1,0,0,3,0,3,3,0,-1,-1,1,-1,1,1,3,0,16,25,0,9223372036800000000,5,0,10,0,0,7,0,2,1,0,0,2,1,0,1,0,5,2,2,2,0,1,-1,-1,3,2,0,10,-1,1,1,3,-1,-1,-1,0,0,-1,0,0,10,0,0,0,35.31
1,0,0,0,-1,0,1,1,0,0,3,0,3,3,0,-1,-1,1,-1,1,1,3,0,16,25,0,9223372036800000000,5,0,10,0,0,7,0,2,1,0,0,2,1,0,1,0,6,2,2,2,0,1,-1,-1,3,3,0,10,-1,1,1,3,-1,-1,-1,0,0,-1,4,0,10,0,0,0,35.56
1,0,0,0,-1,0,1,1,0,0,3,0,3,3,0,-1,-1,1,-1,1,1,3,0,16,25,0,9223372036800000000,5,0,10,0,0,7,0,2,1,0,0,2,1,0,1,0,6,2,2,2,0,1,-1,-1,3,0,0,10,-1,1,1,3,-1,-1,-1,0,0,-1,4,0,10,0,0,0,35.56
1,0,0,0,-1,0,1,1,0,0,0,0,3,3,0,-1,-1,1,-1,1,1,3,0,16,25,0,9223372036800000000,5,0,10,0,0,7,0,2,1,0,0,2,1,0,1,0,6,2,2,2,0,1,-1,-1,3,2,0,10,-1,1,1,3,-1,-1,-1,0,0,-1,4,0,10,0,0,0,35.56
1,0,0,0,-1,0,1,1,0,0,3,0,3,3,0,-1,-1,1,-1,1,1,3,0,16,25,0,9223372036800000000,5,0,10,0,0,7,0,2,1,0,0,3,1,0,1,0,6,2,2,2,0,1,-1,-1,3,2,0,10,-1,1,1,3,-1,-1,-1,0,0,-1,4,0,10,0,0,0,35.56
1,0,0,0,-1,0,1,1,0,0,3,0,3,3,0,-1,-1,1,-1,1,1,3,0,-1,25,0,9223372036800000000,5,0,10,0,0,7,0,2,1,0,0,2,1,0,1,0,6,2,2,2,0,1,-1,-1,3,2,0,10,-1,1,1,3,-1,-1,-1,0,0,-1,4,0,10,0,0,0,35.56
1,0,0,0,-1,0,1,1,0,0,3,0,3,3,0,-1,-1,1,-1,1,1,3,0,16,25,0,9223372036800000000,5,0,10,0,0,7,0,2,1,0,0,2,1,0,1,0,6,2,2,2,0,1,-1,-1,3,2,0,10,-1,1,1,3,-1,-1,-1,0,0,-1,4,0,10,0,0,0,35.56
1,0,0,0,-1,0,1,1,1,0,1,0,1,1,1,2,0,1,2,1,2,3,0,4,25,0,9223372036800000000,0,0,10,0,0,7,0,0,1,0,0,3,1,0,1,200,6,3,0,2,0,1,-1,-1,1,3,0,10,-1,1,1,3,-1,-1,-1,0,0,1,3,0,10,0,0,0,34.8
1,0,0,0,-1,0,1,0,1,0,5,0,2,1,0,1,1,0,2,2,0,3,0,1,50,0,9223372036800000000,0,0,10,0,0,7,0,1,1,0,0,3,1,0,1,1000,2,4,3,2,0,1,-1,-1,-1,2,0,10,-1,1,1,3,-1,-1,-1,0,0,1,2,0,10,0,0,0,29.37
1,0,0,0,-1,0,1,0,0,0,5,0,2,1,0,1,-1,0,2,2,0,3,0,1,50,0,9223372036800000000,0,0,10,0,0,7,0,1,1,0,0,3,1,0,1,1000,2,4,3,2,0,1,-1,-1,-1,2,0,10,-1,1,1,3,-1,-1,-1,0,0,1,2,0,10,0,0,0,42.59
1,0,0,0,-1,0,1,0,1,0,5,0,2,1,0,1,-1,0,2,2,0,3,0,8,50,0,9223372036800000000,0,0,10,0,0,7,0,1,1,0,0,3,1,0,1,1000,2,4,3,2,0,1,-1,-1,-1,2,0,10,-1,1,1,3,-1,-1,-1,0,0,1,2,0,10,0,0,0,35.77
1,0,0,0,-1,0,1,0,1,0,5,0,2,1,0,1,-1,0,2,2,0,3,0,1,50,0,9223372036800000000,1e+75,0,10,0,0,7,0,1,1,0,0,3,1,0,1,1000,2,5,3,2,0,1,-1,-1,-1,2,0,10,-1,1,1,3,-1,-1,-1,0,0,1,2,0,10,0,0,0,29.69
1,0,0,0,-1,0,1,0,1,0,5,0,2,1,0,1,-1,0,2,2,0,3,0,4,50,0,9223372036800000000,0,0,10,0,0,7,0,1,1,0,0,3,1,0,1,1000,2,5,3,2,0,1,-1,-1,-1,2,0,10,-1,1,1,3,-1,-1,-1,0,0,1,2,0,10,0,0,0,32.44
1,0,0,0,-1,0,1,0,1,0,2,0,2,1,0,1,-1,0,2,2,0,3,0,1,50,0,9223372036800000000,0,0,10,0,0,7,0,1,1,0,0,3,1,0,1,1000,2,5,3,2,0,1,-1,-1,-1,2,0,10,-1,1,1,3,-1,-1,-1,0,0,1,2,0,10,0,0,0,29.67
1,0,0,0,-1,0,1,0,1,0,5,0,2,1,0,1,-1,0,2,2,0,3,0,2,50,0,9223372036800000000,0,0,10,0,0,7,0,1,1,0,0,3,1,0,1,1000,2,5,3,2,0,1,-1,-1,-1,2,0,10,-1,1,1,3,-1,-1,-1,0,0,1,2,0,10,0,0,0,32.44
1,0,0,0,-1,0,1,0,1,0,5,0,2,1,0,1,-1,0,2,2,0,3,0,1,200,0,9223372036800000000,0,0,10,0,0,7,0,1,1,0,0,3,1,0,1,1000,2,5,3,2,0,1,-1,-1,-1,2,0,10,-1,1,1,3,-1,-1,-1,0,0,1,2,0,10,0,0,0,29.67
1,0,0,0,-1,0,1,0,1,0,5,0,2,1,0,1,-1,0,2,2,0,3,0,1,50,0,9223372036800000000,0,0,10,0,0,7,0,1,1,0,0,3,1,0,1,200,2,5,3,2,0,1,-1,-1,-1,2,0,10,-1,1,1,3,-1,-1,-1,0,0,1,2,0,10,0,0,0,29.67
1,0,0,0,-1,0,1,0,1,0,5,0,2,1,0,1,-1,0,2,2,0,3,0,1,50,0,9223372036800000000,2,0,10,0,0,7,0,1,1,0,0,3,1,0,1,1000,2,5,3,2,0,1,-1,-1,-1,2,0,10,-1,1,1,3,-1,-1,-1,0,0,1,2,0,10,0,0,0,29.76
1,0,0,0,-1,0,1,0,1,0,5,0,2,1,0,1,-1,0,2,2,0,3,0,1,50,0,9223372036800000000,0,0,10,0,0,7,0,1,1,0,0,3,1,0,1,1000,2,5,3,2,0,1,-1,-1,-1,2,0,10,-1,1,1,3,-1,-1,-1,0,0,1,2,0,10,0,0,0,29.67
1,0,0,0,-1,0,1,3,1,0,0,0,1,0,0,0,0,0,1,0,1,3,0,4,50,0,9223372036800000000,0,0,10,0,0,7,0,3,3,0,0,0,1,0,-1,100,3,5,2,2,0,1,-1,-1,-1,-1,0,10,-1,1,1,3,-1,-1,-1,0,0,1,2,0,10,0,0,0,24.42
1,0,0,0,-1,0,1,0,1,0,5,0,2,1,0,1,-1,0,2,2,0,3,0,1,50,0,9223372036800000000,0,0,10,0,0,7,0,0,1,0,0,3,1,0,1,1000,2,5,3,2,0,1,-1,-1,-1,2,0,10,-1,1,1,3,-1,-1,-1,0,0,1,4,0,10,0,0,0,29.81
1,0,0,0,-1,0,1,0,0,0,5,0,2,1,0,1,-1,0,2,2,0,3,0,1,50,0,9223372036800000000,0,0,10,0,0,7,0,0,1,0,0,3,1,0,1,1000,2,5,3,2,0,1,-1,-1,-1,2,0,10,-1,1,1,3,-1,-1,-1,0,0,1,2,0,10,0,0,0,42.92
1,0,0,0,-1,0,1,0,1,0,5,0,2,1,0,1,-1,0,2,2,0,3,0,1,50,0,9223372036800000000,0,0,10,0,0,7,0,0,1,0,0,3,1,0,1,1000,2,5,3,2,0,1,-1,-1,-1,0,0,10,-1,1,1,3,-1,-1,-1,0,0,1,2,0,10,0,0,0,29.76
1,0,0,0,-1,0,1,0,1,0,5,0,2,1,0,1,-1,0,2,2,0,3,0,1,50,0,9223372036800000000,0,0,10,0,0,7,0,0,1,0,0,3,1,0,1,1000,2,5,3,2,0,1,-1,-1,-1,2,0,10,-1,1,1,3,-1,-1,-1,0,0,1,2,0,10,0,0,0,29.76
1,0,0,0,-1,0,1,0,1,0,5,0,2,1,0,1,-1,0,2,2,0,3,0,16,50,0,9223372036800000000,0,0,10,0,0,7,0,0,1,0,0,3,1,0,1,1000,2,5,3,2,0,1,-1,-1,-1,2,0,10,-1,1,1,3,-1,-1,-1,0,0,1,1,0,10,0,0,0,33.69
1,0,0,0,-1,0,1,3,1,0,5,0,2,1,0,1,-1,0,2,2,0,3,0,16,50,0,9223372036800000000,0,0,10,0,0,7,0,0,1,0,0,3,1,0,1,1000,2,5,3,2,0,1,-1,-1,-1,2,0,10,-1,1,1,3,-1,-1,-1,0,0,1,2,0,10,0,0,0,32.71
1,0,0,0,-1,0,1,3,1,0,1,0,0,2,-1,0,0,1,-1,2,-1,3,0,1,50,0,9223372036800000000,50,0,10,0,0,7,0,0,1,0,0,3,1,0,3,100,0,0,2,2,0,1,-1,-1,-1,-1,0,10,-1,1,1,3,-1,-1,-1,0,0,1,3,0,10,0,0,0,30.05
1,0,0,0,-1,0,1,0,1,0,5,0,2,1,0,1,-1,0,2,2,0,3,0,1,50,0,9223372036800000000,0,0,10,0,0,7,0,1,1,0,0,3,1,0,1,1000,3,4,3,2,0,1,-1,-1,-1,2,0,10,-1,1,1,3,-1,-1,-1,0,0,1,2,0,10,0,0,0,29.37
1,0,0,0,-1,0,1,1,0,0,0,0,0,0,1,0,1,0,1,0,2,3,0,16,100,0,9223372036800000000,240,0,10,0,0,7,0,2,1,0,0,1,1,0,-1,500,6,0,4,2,0,1,-1,-1,3,0,0,10,-1,1,1,3,-1,-1,-1,0,0,1,2,0,10,0,0,0,35.21
1,0,0,0,-1,0,1,1,0,0,5,0,0,0,1,0,1,0,1,0,2,3,0,16,100,0,9223372036800000000,0,0,10,0,0,7,0,2,1,0,0,1,1,0,-1,500,6,0,4,2,0,1,-1,-1,3,0,0,10,-1,1,1,3,-1,-1,-1,0,0,1,2,0,10,0,0,0,35.11
1,0,0,0,-1,0,1,1,0,0,0,0,0,0,1,0,1,0,1,0,2,3,0,-1,100,0,9223372036800000000,0,0,10,0,0,7,0,2,1,0,0,1,1,0,-1,500,6,0,4,2,0,1,-1,-1,3,0,0,10,-1,1,1,3,-1,-1,-1,0,0,1,2,0,10,0,0,0,35.11
1,0,0,0,-1,0,1,1,0,0,0,0,0,0,1,0,1,0,1,0,2,3,0,16,100,0,9223372036800000000,0,0,10,0,0,7,0,2,1,0,0,1,1,0,-1,500,6,0,4,2,0,1,-1,-1,3,2,0,10,-1,1,1,3,-1,-1,-1,0,0,1,2,0,10,0,0,0,35.11
1,0,0,0,-1,0,1,3,1,0,1,0,0,2,-1,0,-1,1,-1,2,2,3,0,1,50,0,9223372036800000000,50,0,10,0,0,7,0,0,1,0,0,3,1,0,3,100,0,0,2,2,0,1,-1,-1,-1,-1,0,10,-1,1,1,3,-1,-1,-1,0,0,1,3,0,10,0,0,0,30.05
1,0,0,0,-1,0,1,1,0,0,2,0,0,0,1,0,1,0,1,0,2,3,0,16,100,0,9223372036800000000,0,0,10,0,0,7,0,2,1,0,0,1,1,0,-1,500,6,0,4,2,0,1,-1,-1,3,0,0,10,-1,1,1,3,-1,-1,-1,0,0,1,2,0,10,0,0,0,35.11
1,0,0,0,-1,0,1,1,0,0,0,0,0,0,1,0,1,0,1,0,2,3,0,16,400,0,9223372036800000000,40,0,10,0,0,7,0,2,1,0,0,1,1,0,-1,500,6,0,4,2,0,1,-1,-1,3,0,0,10,-1,1,1,3,-1,-1,-1,0,0,1,2,0,10,0,0,0,35.21
1,0,0,0,-1,0,1,1,0,0,0,0,0,0,1,-1,1,0,1,0,2,3,0,16,100,0,9223372036800000000,40,0,10,0,0,7,0,2,1,0,0,1,1,0,-1,500,6,0,4,2,0,1,-1,-1,3,0,0,10,-1,1,1,3,-1,-1,-1,0,0,1,2,0,10,0,0,0,35.21
1,0,0,0,-1,0,1,2,0,0,1,0,-1,2,0,-1,-1,0,0,1,1,3,0,16,10,0,9223372036800000000,240,0,10,0,0,7,0,1,1,0,0,3,1,0,3,20,1,2,0,2,0,1,-1,-1,-1,-1,0,10,-1,1,1,3,-1,-1,-1,0,0,-1,0,0,10,0,0,0,33.87
1,0,0,0,-1,0,1,1,0,0,0,0,0,3,1,0,1,0,1,0,2,3,0,16,100,0,9223372036800000000,40,0,10,0,0,7,0,2,1,0,0,1,1,0,-1,500,6,0,4,2,0,1,-1,-1,3,0,0,10,-1,1,1,3,-1,-1,-1,0,0,1,2,0,10,0,0,0,35.21
1,0,0,0,-1,0,1,1,0,0,0,0,0,0,1,0,1,0,1,0,2,3,0,16,100,0,9223372036800000000,40,0,10,0,0,7,0,2,1,0,0,1,1,0,-1,500,6,0,4,2,0,1,-1,-1,3,0,0,10,-1,1,1,3,-1,-1,-1,0,0,1,2,0,10,0,0,0,35.21
1,0,0,0,-1,0,1,1,0,0,0,0,0,0,1,0,1,0,1,0,2,3,0,2,100,0,9223372036800000000,40,0,10,0,0,7,0,2,1,0,0,1,1,0,-1,500,6,1,4,2,0,1,-1,-1,3,0,0,10,-1,1,1,3,-1,-1,-1,0,0,1,2,0,10,0,0,0,38.67
1,0,0,0,-1,0,1,1,0,0,0,0,0,0,1,0,1,0,1,0,2,3,0,1,100,0,9223372036800000000,40,0,10,0,0,7,0,2,1,0,0,1,1,0,-1,500,6,1,4,2,0,1,-1,-1,3,0,0,10,-1,1,1,3,-1,-1,-1,0,0,1,2,0,10,0,0,0,42.56
1,0,0,0,-1,0,1,1,0,0,0,0,0,0,1,0,1,0,1,0,2,3,0,16,100,0,9223372036800000000,40,0,10,0,0,7,0,2,1,0,0,1,1,0,-1,500,6,1,4,2,0,1,-1,-1,3,0,0,10,-1,1,1,3,-1,-1,-1,0,0,1,3,0,10,0,0,0,38.67
1,0,0,0,-1,0,1,1,0,0,0,0,0,0,1,0,1,0,1,0,2,3,0,16,100,0,9223372036800000000,40,0,10,0,0,7,0,2,1,0,0,0,1,0,-1,500,6,1,4,2,0,1,-1,-1,3,0,0,10,-1,1,1,3,-1,-1,-1,0,0,1,2,0,10,0,0,0,38.67
1,0,0,0,-1,0,1,1,0,0,0,0,0,-1,1,0,1,0,1,0,2,3,0,16,100,0,9223372036800000000,40,0,10,0,0,7,0,2,1,0,0,1,1,0,-1,500,6,1,4,2,0,1,-1,-1,3,0,0,10,-1,1,1,3,-1,-1,-1,0,0,1,2,0,10,0,0,0,38.67
1,0,0,0,-1,0,1,1,0,0,1,0,0,0,1,0,1,0,1,0,2,3,0,16,100,0,9223372036800000000,40,0,10,0,0,7,0,2,1,0,0,1,1,0,-1,500,6,1,4,2,0,1,-1,-1,3,0,0,10,-1,1,1,3,-1,-1,-1,0,0,1,2,0,10,0,0,0,38.67
1,0,0,0,-1,0,1,1,0,0,0,0,0,0,1,0,1,0,1,0,2,3,0,16,100,0,9223372036800000000,40,0,10,0,0,7,0,2,1,0,0,1,1,0,-1,500,4,1,4,2,0,1,-1,-1,3,0,0,10,-1,1,1,3,-1,-1,-1,0,0,1,2,0,10,0,0,0,53.13
1,0,0,0,-1,0,1,0,0,0,5,0,-1,3,-1,2,2,-1,1,-1,-1,3,0,1,10,0,9223372036800000000,0,0,10,0,0,7,0,3,1,0,0,3,1,0,2,100,5,0,4,2,0,1,-1,-1,0,3,0,10,-1,1,1,3,-1,-1,-1,0,0,-1,4,0,10,0,0,0,42
1,0,0,0,-1,0,1,5,0,0,4,0,2,3,-1,0,-1,2,0,2,0,3,0,8,50,0,9223372036800000000,20,0,10,0,0,7,0,0,1,0,0,2,1,0,2,1000,2,1,0,2,0,1,-1,-1,2,1,0,10,-1,1,1,3,-1,-1,-1,0,0,1,0,0,10,0,0,0,42.79
1,0,0,0,-1,0,1,5,0,0,4,0,2,3,-1,0,-1,2,0,2,0,3,0,-1,50,0,9223372036800000000,2,0,10,0,0,7,0,0,1,0,0,2,1,0,2,1000,2,1,0,2,0,1,-1,-1,2,1,0,10,-1,1,1,3,-1,-1,-1,0,0,1,0,0,10,0,0,0,42.79
1,0,0,0,-1,0,1,5,0,0,4,0,2,3,-1,0,-1,2,0,2,0,3,0,-1,50,0,9223372036800000000,20,0,10,0,0,7,0,0,1,0,0,2,1,0,2,1000,2,1,0,2,0,1,-1,-1,2,3,0,10,-1,1,1,3,-1,-1,-1,0,0,1,0,0,10,0,0,0,42.79
1,0,0,0,-1,0,1,5,0,0,4,0,2,3,-1,0,-1,2,0,2,0,3,0,-1,50,0,9223372036800000000,20,0,10,0,0,7,0,0,1,0,0,2,1,0,2,1000,2,3,0,2,0,1,-1,-1,2,1,0,10,-1,1,1,3,-1,-1,-1,0,0,1,0,0,10,0,0,0,42.92
1,0,0,0,-1,0,1,5,0,0,4,0,2,3,-1,0,-1,2,0,2,0,3,0,-1,50,0,9223372036800000000,20,0,10,0,0,7,0,0,1,0,0,3,1,0,2,1000,2,1,0,2,0,1,-1,-1,2,1,0,10,-1,1,1,3,-1,-1,-1,0,0,1,0,0,10,0,0,0,42.79
1,0,0,0,-1,0,1,5,0,0,4,0,2,3,-1,0,-1,2,0,2,0,3,0,-1,50,0,9223372036800000000,20,0,10,0,0,7,0,0,1,0,0,2,1,0,2,1000,2,1,0,2,0,1,-1,-1,2,1,0,10,-1,1,1,3,-1,-1,-1,0,0,1,0,0,10,0,0,0,42.79
1,0,0,0,-1,0,1,5,0,0,4,0,2,3,-1,0,-1,2,0,2,0,3,0,-1,50,0,9223372036800000000,20,0,10,0,0,7,0,0,1,0,0,2,1,0,2,-1,2,1,1,2,0,1,-1,-1,2,1,0,10,-1,1,1,3,-1,-1,-1,0,0,1,0,0,10,0,0,0,42.8
1,0,0,0,-1,0,1,5,0,0,4,0,2,3,-1,0,-1,2,-1,2,0,3,0,-1,50,0,9223372036800000000,20,0,10,0,0,7,0,0,1,0,0,2,1,0,2,1000,2,1,1,2,0,1,-1,-1,2,1,0,10,-1,1,1,3,-1,-1,-1,0,0,1,0,0,10,0,0,0,42.8
1,0,0,0,-1,0,1,5,0,0,3,0,2,3,-1,0,-1,2,0,2,0,3,0,-1,50,0,9223372036800000000,20,0,10,0,0,7,0,0,1,0,0,2,1,0,2,1000,2,1,1,2,0,1,-1,-1,2,1,0,10,-1,1,1,3,-1,-1,-1,0,0,1,0,0,10,0,0,0,42.8
1,0,0,0,-1,0,1,5,0,0,4,0,2,3,-1,0,-1,2,0,2,0,3,0,-1,50,0,9223372036800000000,20,0,10,0,0,7,0,0,1,0,0,2,1,0,2,40,2,1,1,2,0,1,-1,-1,2,1,0,10,-1,1,1,3,-1,-1,-1,0,0,1,0,0,10,0,0,0,42.8
1,0,0,0,-1,0,1,5,0,0,4,0,2,3,-1,0,-1,2,0,2,0,3,0,-1,50,0,9223372036800000000,20,0,10,0,0,7,0,0,1,0,0,2,1,0,2,1000,2,1,1,2,0,1,-1,-1,2,1,0,10,-1,1,1,3,-1,-1,-1,0,0,1,2,0,10,0,0,0,42.8
1,0,0,0,-1,0,1,5,0,0,4,0,2,3,-1,0,-1,2,0,2,0,3,0,16,50,0,9223372036800000000,20,0,10,0,0,7,0,0,1,0,0,2,1,0,2,1000,2,1,1,2,0,1,-1,-1,2,1,0,10,-1,1,1,3,-1,-1,-1,0,0,1,0,0,10,0,0,0,42.8
1,0,0,0,-1,0,1,5,0,0,2,0,2,3,-1,0,-1,2,0,2,0,3,0,-1,50,0,9223372036800000000,20,0,10,0,0,7,0,0,1,0,0,2,1,0,2,1000,2,1,1,2,0,1,-1,-1,2,1,0,10,-1,1,1,3,-1,-1,-1,0,0,1,0,0,10,0,0,0,42.8
1,0,0,0,-1,0,1,2,1,0,4,0,3,1,0,0,-1,2,2,0,1,3,0,2,50,0,9223372036800000000,1,0,10,0,0,7,0,1,1,0,0,1,1,0,3,100,3,3,3,2,0,1,-1,-1,2,-1,0,10,-1,1,1,3,-1,-1,-1,0,0,-1,0,0,10,0,0,0,34.52
1,0,0,0,-1,0,1,2,1,0,4,0,3,1,0,0,-1,2,2,0,1,3,0,2,50,0,9223372036800000000,1,0,10,0,0,7,0,1,1,0,0,1,1,0,3,100,6,2,3,2,0,1,-1,-1,2,-1,0,10,-1,1,1,3,-1,-1,-1,0,0,-1,0,0,10,0,0,0,32.34
1,0,0,0,-1,0,1,2,1,0,4,0,3,1,0,0,-1,2,2,0,1,3,0,2,50,0,9223372036800000000,1,0,10,0,0,7,0,1,1,0,0,1,1,0,3,100,3,2,3,2,0,1,-1,-1,2,-1,0,10,-1,1,1,3,-1,-1,-1,0,0,-1,2,0,10,0,0,0,32.34
1,0,0,0,-1,0,1,1,0,0,3,0,3,3,0,-1,-1,1,-1,1,1,3,0,16,25,0,9223372036800000000,40,0,10,0,0,7,0,2,1,0,0,2,1,0,1,0,5,2,3,2,0,1,-1,-1,3,2,0,10,-1,1,1,3,-1,-1,-1,0,0,-1,4,0,10,0,0,0,34.94
1,0,0,0,-1,0,1,2,1,0,4,0,3,1,0,0,-1,2,2,0,2,3,0,2,50,0,9223372036800000000,1,0,10,0,0,7,0,1,1,0,0,1,1,0,3,100,3,5,3,2,0,1,-1,-1,2,-1,0,10,-1,1,1,3,-1,-1,-1,0,0,-1,0,0,10,0,0,0,32.6
1,0,0,0,-1,0,1,2,1,0,4,0,3,1,0,0,-1,2,2,0,1,3,0,2,50,0,9223372036800000000,1,0,10,0,0,7,0,1,1,0,0,1,1,0,3,100,3,5,3,2,0,1,-1,-1,2,-1,0,10,-1,1,1,3,-1,-1,-1,0,0,-1,3,0,10,0,0,0,32.67
1,0,0,0,-1,0,1,2,1,0,4,0,3,1,0,0,-1,2,2,0,1,3,0,2,50,0,9223372036800000000,1,0,10,0,0,7,0,1,1,0,0,1,1,0,3,100,3,5,3,2,0,1,-1,-1,2,-1,0,10,-1,1,1,3,-1,-1,-1,0,0,0,0,0,10,0,0,0,32.6
1,0,0,0,-1,0,1,2,1,0,4,0,3,1,0,0,-1,2,2,0,1,3,0,2,50,0,9223372036800000000,1,0,10,0,0,7,0,1,1,0,0,3,1,0,3,100,3,5,3,2,0,1,-1,-1,2,-1,0,10,-1,1,1,3,-1,-1,-1,0,0,-1,0,0,10,0,0,0,32.6
1,0,0,0,-1,0,1,2,1,0,4,0,3,1,0,0,-1,2,2,0,1,3,0,2,50,0,9223372036800000000,1,0,10,0,0,7,0,1,1,0,0,1,1,0,3,100,3,5,3,2,0,1,-1,-1,2,-1,0,10,-1,1,1,3,-1,-1,-1,0,0,1,0,0,10,0,0,0,32.6
1,0,0,0,-1,0,1,2,1,0,4,0,3,1,0,0,-1,2,2,0,1,3,0,2,50,0,9223372036800000000,120,0,10,0,0,7,0,1,1,0,0,1,1,0,3,100,3,5,3,2,0,1,-1,-1,2,-1,0,10,-1,1,1,3,-1,-1,-1,0,0,-1,0,0,10,0,0,0,32.6
1,0,0,0,-1,0,1,2,1,0,4,0,3,1,0,0,-1,2,2,0,1,3,0,2,50,0,9223372036800000000,1,0,10,0,0,7,0,2,1,0,0,1,1,0,3,100,3,5,3,2,0,1,-1,-1,2,-1,0,10,-1,1,1,3,-1,-1,-1,0,0,-1,0,0,10,0,0,0,32.6
1,0,0,0,-1,0,1,3,1,0,2,0,-1,1,-1,0,2,-1,1,0,1,3,0,2,200,0,9223372036800000000,40,0,10,0,0,7,0,1,1,0,0,0,1,0,-1,20,2,5,2,2,0,1,-1,-1,2,-1,0,10,-1,1,1,3,-1,-1,-1,0,0,1,2,0,10,0,0,0,29.4
1,0,0,0,-1,0,1,2,1,0,4,0,3,1,0,0,-1,2,2,0,1,3,0,2,50,0,9223372036800000000,1,0,10,0,0,7,0,1,1,0,0,1,1,0,3,100,2,5,3,2,0,1,-1,-1,2,-1,0,10,-1,1,1,3,-1,-1,-1,0,0,-1,0,0,10,0,0,0,32.6
1,0,0,0,-1,0,1,1,0,0,3,0,3,3,0,-1,-1,1,-1,1,1,3,0,16,25,0,9223372036800000000,5,0,10,0,0,7,0,2,1,0,0,2,1,0,1,0,5,2,3,2,0,1,-1,-1,3,2,0,10,-1,1,1,3,-1,-1,-1,0,0,-1,4,0,10,0,0,0,34.94
1,0,0,0,-1,0,1,2,1,0,4,0,3,1,0,0,-1,2,2,0,1,3,0,2,50,0,9223372036800000000,1,0,10,0,0,7,0,1,1,0,0,1,1,0,3,100,3,5,3,2,0,1,-1,-1,2,-1,0,10,-1,1,1,3,-1,-1,-1,0,0,-1,0,0,10,0,0,0,32.6
1,0,0,0,-1,0,1,2,1,0,4,0,3,1,0,0,-1,2,2,0,1,3,0,2,50,0,9223372036800000000,1,0,10,0,0,7,0,1,1,0,0,1,1,0,3,100,3,5,3,2,0,1,-1,-1,2,0,0,10,-1,1,1,3,-1,-1,-1,0,0,-1,5,0,10,0,0,0,32.67
1,0,0,0,-1,0,1,2,1,0,4,0,3,1,0,0,-1,2,2,0,1,3,0,2,50,0,9223372036800000000,1,0,10,0,0,7,0,1,1,0,0,2,1,0,3,100,3,5,3,2,0,1,-1,-1,2,-1,0,10,-1,1,1,3,-1,-1,-1,0,0,-1,5,0,10,0,0,0,32.67
1,0,0,0,-1,0,1,2,1,0,4,0,3,1,0,0,-1,2,2,0,1,3,0,2,50,0,9223372036800000000,1,0,10,0,0,7,0,1,1,0,0,1,1,0,3,100,3,5,3,2,0,1,-1,-1,2,-1,0,10,-1,1,1,3,-1,-1,-1,0,0,-1,5,0,10,0,0,0,32.67
1,0,0,0,-1,0,1,2,1,0,4,0,3,1,0,0,-1,2,2,0,1,3,0,2,50,0,9223372036800000000,1,0,10,0,0,7,0,1,1,0,0,1,1,0,3,1000,3,1,3,2,0,1,-1,-1,2,-1,0,10,-1,1,1,3,-1,-1,-1,0,0,-1,5,0,10,0,0,0,33.48
1,0,0,0,-1,0,1,2,1,0,4,0,3,1,0,0,-1,2,2,0,1,3,0,8,50,0,9223372036800000000,1,0,10,0,0,7,0,1,1,0,0,1,1,0,3,100,3,1,3,2,0,1,-1,-1,2,-1,0,10,-1,1,1,3,-1,-1,-1,0,0,-1,5,0,10,0,0,0,33.48
1,0,0,0,-1,0,1,2,1,0,4,0,3,1,0,0,-1,2,2,0,1,3,0,2,50,0,9223372036800000000,1,0,10,0,0,7,0,0,1,0,0,1,1,0,3,100,3,1,3,2,0,1,-1,-1,2,-1,0,10,-1,1,1,3,-1,-1,-1,0,0,-1,5,0,10,0,0,0,33.48
1,0,0,0,-1,0,1,2,1,0,4,0,3,1,0,0,-1,2,2,0,1,3,0,2,50,0,9223372036800000000,1,0,10,0,0,7,0,1,1,0,0,1,1,0,3,100,3,4,3,2,0,1,-1,-1,2,-1,0,10,-1,1,1,3,-1,-1,-1,0,0,-1,5,0,10,0,0,0,35.61
1,0,0,0,-1,0,1,5,1,0,2,0,-1,1,-1,0,2,-1,1,0,1,3,0,2,200,0,9223372036800000000,5,0,10,0,0,7,0,1,1,0,0,0,1,0,-1,20,6,5,2,2,0,1,-1,-1,2,-1,0,10,-1,1,1,3,-1,-1,-1,0,0,1,2,0,10,0,0,0,29.87
1,0,0,0,-1,0,1,2,1,0,4,0,3,1,0,0,-1,2,2,0,1,3,0,2,50,0,9223372036800000000,1,0,10,0,0,7,0,1,1,0,0,1,1,0,3,100,0,1,2,2,0,1,-1,-1,2,-1,0,10,-1,1,1,3,-1,-1,-1,0,0,-1,5,0,10,0,0,0,33.63
1,0,0,0,-1,0,1,2,1,0,4,0,3,1,0,0,-1,2,2,0,1,3,0,2,50,0,9223372036800000000,30,0,10,0,0,7,0,1,1,0,0,1,1,0,3,100,0,1,3,2,0,1,-1,-1,2,-1,0,10,-1,1,1,3,-1,-1,-1,0,0,-1,5,0,10,0,0,0,33.63
1,0,0,0,-1,0,1,2,1,0,4,0,3,1,0,0,-1,2,2,0,1,3,0,2,50,0,9223372036800000000,1,0,10,0,0,7,0,1,1,0,0,1,1,0,3,100,0,1,3,2,0,1,-1,-1,2,-1,0,10,-1,1,1,3,-1,-1,-1,0,0,-1,5,0,10,0,0,0,33.63
1,0,0,0,-1,0,1,2,0,0,1,0,3,3,0,0,0,-1,2,2,-1,3,0,2,200,0,9223372036800000000,40,0,10,0,0,7,0,1,1,0,0,2,1,0,-1,1000,0,2,-1,2,0,1,-1,-1,0,0,0,10,-1,1,1,3,-1,-1,-1,0,0,-1,5,0,10,0,0,0,34.38
1,0,0,0,-1,0,1,2,0,0,1,0,3,3,0,0,0,-1,2,2,-1,3,0,2,200,0,9223372036800000000,40,0,10,0,0,7,0,1,1,0,0,2,1,0,-1,0,0,1,-1,2,0,1,-1,-1,0,0,0,10,-1,1,1,3,-1,-1,-1,0,0,-1,5,0,10,0,0,0,36.56
1,0,0,0,-1,0,1,3,0,0,5,0,-1,3,-1,2,2,-1,1,-1,-1,3,0,1,10,0,9223372036800000000,0,0,10,0,0,7,0,3,1,0,0,3,1,0,2,100,1,0,1,2,0,1,-1,-1,0,3,0,10,-1,1,1,3,-1,-1,-1,0,0,-1,4,0,10,0,0,0,42.92
1,0,0,0,-1,0,1,2,0,0,1,0,3,3,0,0,0,-1,2,2,-1,3,0,2,200,0,9223372036800000000,40,0,10,0,0,7,0,1,1,0,0,2,1,0,-1,0,1,2,-1,2,0,1,-1,-1,0,0,0,10,-1,1,1,3,-1,-1,-1,0,0,-1,5,0,10,0,0,0,34.38
1,0,0,0,-1,0,1,2,0,0,1,0,3,3,0,0,0,-1,2,2,-1,3,0,2,200,0,9223372036800000000,40,0,10,0,0,7,0,1,1,0,0,2,1,0,-1,0,0,2,-1,2,0,1,-1,-1,3,0,0,10,-1,1,1,3,-1,-1,-1,0,0,-1,5,0,10,0,0,0,34.38
1,0,0,0,-1,0,1,2,0,0,1,0,3,3,0,0,0,-1,2,-1,-1,3,0,1,200,0,9223372036800000000,40,0,10,0,0,7,0,1,1,0,0,2,1,0,-1,0,0,2,-1,2,0,1,-1,-1,0,0,0,10,-1,1,1,3,-1,-1,-1,0,0,-1,5,0,10,0,0,0,42.91
1,0,0,0,-1,0,1,2,0,0,3,0,3,3,0,0,0,-1,2,2,-1,3,0,1,200,0,9223372036800000000,40,0,10,0,0,7,0,1,1,0,0,2,1,0,-1,0,0,2,-1,2,0,1,-1,-1,0,0,0,10,-1,1,1,3,-1,-1,-1,0,0,-1,5,0,10,0,0,0,42.91
1,0,0,0,-1,0,1,2,0,0,4,0,3,3,0,0,0,-1,2,2,-1,3,0,1,200,0,9223372036800000000,40,0,10,0,0,7,0,1,1,0,0,2,1,0,-1,0,0,2,-1,2,0,1,-1,-1,0,0,0,10,-1,1,1,3,-1,-1,-1,0,0,-1,5,0,10,0,0,0,42.91
1,0,0,0,-1,0,1,2,0,0,1,0,3,3,0,0,0,-1,2,2,1,3,0,1,200,0,9223372036800000000,40,0,10,0,0,7,0,1,1,0,0,2,1,0,-1,0,0,2,-1,2,0,1,-1,-1,0,0,0,10,-1,1,1,3,-1,-1,-1,0,0,-1,5,0,10,0,0,0,42.91
1,0,0,0,-1,0,1,2,0,0,1,0,3,3,0,0,0,-1,2,2,-1,3,0,1,200,0,9223372036800000000,40,0,10,0,0,7,0,1,1,0,0,2,1,0,-1,0,1,2,-1,2,0,1,-1,-1,0,0,0,10,-1,1,1,3,-1,-1,-1,0,0,-1,5,0,10,0,0,0,42.92
1,0,0,0,-1,0,1,3,0,0,0,0,2,3,1,1,2,0,-1,1,0,3,0,1,10,0,9223372036800000000,60,0,10,0,0,7,0,3,1,0,0,1,1,0,-1,200,2,2,2,2,0,1,-1,-1,3,0,0,10,-1,1,1,3,-1,-1,-1,0,0,0,1,0,10,0,0,0,42.56
1,0,0,0,-1,0,1,2,0,0,1,0,3,3,0,0,0,-1,2,2,-1,3,0,1,200,0,9223372036800000000,40,0,10,0,0,7,0,3,1,0,0,2,1,0,-1,0,0,2,-1,2,0,1,-1,-1,0,0,0,10,-1,1,1,3,-1,-1,-1,0,0,-1,5,0,10,0,0,0,42.91
1,0,0,0,-1,0,1,5,1,0,4,0,1,-1,-1,1,0,2,2,1,-1,3,0,16,10,0,9223372036800000000,2,0,10,0,0,7,0,1,1,0,0,0,1,0,2,60,5,5,3,2,0,1,-1,-1,1,3,0,10,-1,1,1,3,-1,-1,-1,0,0,0,5,0,10,0,0,0,27.32
1,0,0,0,-1,0,1,2,0,0,1,0,3,3,0,0,0,-1,2,2,-1,3,0,1,200,0,9223372036800000000,40,0,10,0,0,7,0,1,1,0,0,2,1,0,-1,-1,1,2,-1,2,0,1,-1,-1,0,0,0,10,-1,1,1,3,-1,-1,-1,0,0,-1,5,0,10,0,0,0,42.92
1,0,0,0,-1,0,1,2,0,0,1,0,3,3,0,0,0,-1,2,2,-1,3,0,1,200,0,9223372036800000000,40,0,10,0,0,7,0,1,1,0,0,2,1,0,-1,40,0,2,-1,2,0,1,-1,-1,0,0,0,10,-1,1,1,3,-1,-1,-1,0,0,-1,5,0,10,0,0,0,42.92
1,0,0,0,-1,0,1,2,0,0,1,0,3,3,0,0,0,-1,2,2,-1,3,0,1,200,0,9223372036800000000,40,0,10,0,0,7,0,1,1,0,0,0,1,0,-1,-1,0,2,-1,2,0,1,-1,-1,0,0,0,10,-1,1,1,3,-1,-1,-1,0,0,-1,5,0,10,0,0,0,42.92
1,0,0,0,-1,0,1,2,0,0,1,0,3,3,0,0,0,-1,2,2,-1,3,0,1,200,0,9223372036800000000,40,0,10,0,0,7,0,1,1,0,0,2,1,0,-1,1000,0,2,-1,2,0,1,-1,-1,0,0,0,10,-1,1,1,3,-1,-1,-1,0,0,-1,5,0,10,0,0,0,42.92
1,0,0,0,-1,0,1,3,1,0,0,0,3,-1,-1,2,0,2,2,0,2,3,0,1,10,0,9223372036800000000,2,0,10,0,0,7,0,2,1,0,0,1,1,0,-1,1000,1,2,-1,2,0,1,-1,-1,3,1,0,10,-1,1,1,3,-1,-1,-1,0,0,1,5,0,10,0,0,0,29.97
1,0,0,0,-1,0,1,3,1,0,0,0,3,-1,-1,2,0,2,2,0,2,3,0,1,10,0,9223372036800000000,2,0,10,0,0,7,0,2,1,0,0,1,1,0,-1,1000,1,2,-1,2,0,1,-1,-1,2,-1,0,10,-1,1,1,3,-1,-1,-1,0,0,1,5,0,10,0,0,0,29.97
1,0,0,0,-1,0,1,3,1,0,0,0,3,-1,-1,2,0,2,2,0,2,3,0,1,10,0,9223372036800000000,2,0,10,0,0,7,0,2,1,0,0,1,1,0,-1,1000,1,4,-1,2,0,1,-1,-1,3,-1,0,10,-1,1,1,3,-1,-1,-1,0,0,1,5,0,10,0,0,0,30.05
1,0,0,0,-1,0,1,3,1,0,0,0,3,-1,-1,2,0,2,2,0,2,3,0,1,10,0,9223372036800000000,2,0,10,0,0,7,0,2,1,0,0,2,1,0,-1,20,1,2,-1,2,0,1,-1,-1,3,-1,0,10,-1,1,1,3,-1,-1,-1,0,0,1,5,0,10,0,0,0,30.03
1,0,0,0,-1,0,1,3,1,0,0,0,3,-1,-1,2,0,2,2,0,2,3,0,1,10,0,9223372036800000000,2,0,10,0,0,7,0,2,1,0,0,1,1,0,-1,20,1,2,-1,2,0,1,-1,-1,3,-1,0,10,-1,1,1,3,-1,-1,-1,0,0,0,5,0,10,0,0,0,29.98
1,0,0,0,-1,0,1,3,1,0,0,0,3,-1,-1,2,0,2,2,0,2,3,0,1,10,0,9223372036800000000,2,0,10,0,0,7,0,2,1,0,0,1,1,0,-1,20,1,2,-1,2,0,1,-1,-1,3,-1,0,10,-1,1,1,3,-1,-1,-1,0,0,1,5,0,10,0,0,0,29.98
1,0,0,0,-1,0,1,3,1,0,0,0,3,-1,-1,2,0,2,2,0,2,3,0,1,10,0,9223372036800000000,40,0,10,0,0,7,0,2,1,0,0,1,1,0,-1,20,0,2,-1,2,0,1,-1,-1,3,-1,0,10,-1,1,1,3,-1,-1,-1,0,0,1,5,0,10,0,0,0,30.01
1,0,0,0,-1,0,1,3,1,0,0,0,3,-1,-1,2,0,2,2,0,2,3,0,1,10,0,9223372036800000000,2,0,10,0,0,7,0,0,1,0,0,1,1,0,-1,20,0,2,-1,2,0,1,-1,-1,3,-1,0,10,-1,1,1,3,-1,-1,-1,0,0,1,5,0,10,0,0,0,30.01
1,0,0,0,-1,0,1,3,1,0,0,0,3,-1,-1,2,0,2,2,0,2,3,0,1,10,0,9223372036800000000,2,0,10,0,0,7,0,2,1,0,0,1,1,0,2,20,0,2,-1,2,0,1,-1,-1,3,-1,0,10,-1,1,1,3,-1,-1,-1,0,0,1,5,0,10,0,0,0,30.01
1,0,0,0,-1,0,1,3,1,0,0,0,3,-1,-1,2,0,2,2,0,2,3,0,2,10,0,9223372036800000000,2,0,10,0,0,7,0,2,1,0,0,1,1,0,-1,20,1,2,2,2,0,1,-1,-1,3,-1,0,10,-1,1,1,3,-1,-1,-1,0,0,1,5,0,10,0,0,0,32.4
1,0,0,0,-1,0,1,3,1,0,0,0,3,-1,-1,2,0,2,2,0,2,3,0,2,10,0,9223372036800000000,2,0,10,0,0,7,0,1,1,0,0,1,1,0,-1,20,0,2,2,2,0,1,-1,-1,3,-1,0,10,-1,1,1,3,-1,-1,-1,0,0,1,5,0,10,0,0,0,32.25
1,0,0,0,-1,0,1,3,1,0,0,0,3,-1,-1,2,0,2,2,0,2,3,0,2,10,0,9223372036800000000,2,0,10,0,0,7,0,2,1,0,0,1,1,0,0,20,0,2,2,2,0,1,-1,-1,3,-1,0,10,-1,1,1,3,-1,-1,-1,0,0,1,5,0,10,0,0,0,32.63
1,0,0,0,-1,0,1,3,1,0,0,0,3,-1,-1,2,0,2,2,0,2,3,0,2,10,0,9223372036800000000,2,0,10,0,0,7,0,2,1,0,0,1,1,0,-1,20,0,5,2,2,0,1,-1,-1,3,-1,0,10,-1,1,1,3,-1,-1,-1,0,0,1,5,0,10,0,0,0,32.71
1,0,0,0,-1,0,1,3,1,0,0,0,3,-1,-1,2,0,2,2,0,2,3,0,2,10,0,9223372036800000000,2,0,10,0,0,7,0,2,1,0,0,1,1,0,-1,20,0,2,2,2,0,1,-1,-1,3,-1,0,10,-1,1,1,3,-1,-1,-1,0,0,1,5,0,10,0,0,0,32.25
1,0,0,0,-1,0,1,3,1,0,0,0,3,-1,-1,2,0,2,2,0,2,3,0,8,10,0,9223372036800000000,2,0,10,0,0,7,0,2,1,0,0,1,1,0,1,20,0,2,2,2,0,1,-1,-1,3,-1,0,10,-1,1,1,3,-1,-1,-1,0,0,1,5,0,10,0,0,0,32.38
1,0,0,0,-1,0,1,3,1,0,0,0,3,-1,-1,2,0,2,2,0,2,3,0,2,10,0,9223372036800000000,2,0,10,0,0,7,0,2,1,0,0,1,1,0,1,20,0,2,2,2,0,1,-1,-1,3,2,0,10,-1,1,1,3,-1,-1,-1,0,0,1,5,0,10,0,0,0,32.38
1,0,0,0,-1,0,1,3,1,0,0,0,3,-1,-1,2,0,2,2,0,2,3,0,2,10,0,9223372036800000000,2,0,10,0,0,7,0,2,1,0,0,1,1,0,1,20,0,2,2,2,0,1,-1,-1,2,-1,0,10,-1,1,1,3,-1,-1,-1,0,0,1,5,0,10,0,0,0,32.38
1,0,0,0,-1,0,1,3,1,0,0,0,3,-1,-1,2,0,2,2,0,2,3,0,2,10,0,9223372036800000000,2,0,10,0,0,7,0,2,1,0,0,1,1,0,1,20,0,2,2,2,0,1,-1,-1,3,1,0,10,-1,1,1,3,-1,-1,-1,0,0,1,5,0,10,0,0,0,32.38
1,0,0,0,-1,0,1,3,1,0,0,0,3,-1,-1,2,0,2,2,0,2,3,0,2,10,0,9223372036800000000,2,0,10,0,0,7,0,2,1,0,0,1,1,0,1,20,0,2,2,2,0,1,-1,-1,3,-1,0,10,-1,1,1,3,-1,-1,-1,0,0,1,5,0,10,0,0,0,32.38
1,0,0,0,-1,0,1,2,0,0,3,0,2,0,1,2,-1,2,0,2,2,3,0,8,25,0,9223372036800000000,2,0,10,0,0,7,0,0,1,0,0,3,1,0,2,-1,3,5,2,2,0,1,-1,-1,2,3,0,10,-1,1,1,3,-1,-1,-1,0,0,0,0,0,10,0,0,0,33.55
1,0,0,0,-1,0,1,2,0,0,2,0,2,0,1,2,-1,2,0,2,2,3,0,8,25,0,9223372036800000000,2,0,10,0,0,7,0,0,1,0,0,3,1,0,2,-1,3,5,-1,2,0,1,-1,-1,2,3,0,10,-1,1,1,3,-1,-1,-1,0,0,0,0,0,10,0,0,0,33.55
1,0,0,0,-1,0,1,2,0,0,3,0,2,0,1,2,-1,2,0,2,2,3,0,4,25,0,9223372036800000000,2,0,10,0,0,7,0,0,1,0,0,3,1,0,2,-1,3,5,-1,2,0,1,-1,-1,2,3,0,10,-1,1,1,3,-1,-1,-1,0,0,0,0,0,10,0,0,0,33.55
1,0,0,0,-1,0,1,2,0,0,3,0,2,0,1,2,-1,2,0,2,2,3,0,8,25,0,9223372036800000000,2,0,10,0,0,7,0,0,1,0,0,3,1,0,2,-1,3,5,-1,2,0,1,-1,-1,2,3,0,10,-1,1,1,3,-1,-1,-1,0,0,0,0,0,10,0,0,0,33.55
1,0,0,0,-1,0,1,2,0,0,3,0,2,0,1,2,-1,2,0,2,2,3,0,8,25,0,9223372036800000000,2,0,10,0,0,7,0,0,1,0,0,0,1,0,2,-1,3,5,-1,2,0,1,-1,-1,2,3,0,10,-1,1,1,3,-1,-1,-1,0,0,0,3,0,10,0,0,0,33.8
1,0,0,0,-1,0,1,2,0,0,3,0,2,0,1,2,-1,2,0,2,2,3,0,8,25,0,9223372036800000000,2,0,10,0,0,7,0,0,1,0,0,3,1,0,2,-1,3,5,-1,2,0,1,-1,-1,2,3,0,10,-1,1,1,3,-1,-1,-1,0,0,0,2,0,10,0,0,0,33.8
1,0,0,0,-1,0,1,2,0,0,3,0,2,0,1,2,-1,2,0,2,2,3,0,8,25,0,9223372036800000000,60,0,10,0,0,7,0,0,1,0,0,3,1,0,2,-1,3,5,-1,2,0,1,-1,-1,2,3,0,10,-1,1,1,3,-1,-1,-1,0,0,0,3,0,10,0,0,0,33.8
1,0,0,0,-1,0,1,2,0,0,3,0,2,0,1,2,-1,2,0,2,2,3,0,8,25,0,9223372036800000000,2,0,10,0,0,7,0,0,1,0,0,3,1,0,2,0,3,5,-1,2,0,1,-1,-1,2,3,0,10,-1,1,1,3,-1,-1,-1,0,0,0,3,0,10,0,0,0,34.2
1,0,0,0,-1,0,1,2,0,0,3,0,2,0,1,2,-1,2,0,2,2,3,0,8,25,0,9223372036800000000,2,0,10,0,0,7,0,0,1,0,0,3,1,0,2,-1,0,3,-1,2,0,1,-1,-1,2,3,0,10,-1,1,1,3,-1,-1,-1,0,0,0,3,0,10,0,0,0,42.92
1,0,0,0,-1,0,1,2,0,0,3,0,2,0,1,2,-1,2,0,2,2,3,0,16,25,0,9223372036800000000,2,0,10,0,0,7,0,0,1,0,0,3,1,0,2,-1,3,3,-1,2,0,1,-1,-1,2,3,0,10,-1,1,1,3,-1,-1,-1,0,0,0,3,0,10,0,0,0,42.92
1,0,0,0,-1,0,1,2,0,0,3,0,2,0,1,2,-1,2,0,2,2,3,0,8,25,0,9223372036800000000,60,0,10,0,0,7,0,0,1,0,0,3,1,0,2,-1,3,3,-1,2,0,1,-1,-1,2,3,0,10,-1,1,1,3,-1,-1,-1,0,0,0,3,0,10,0,0,0,42.92
1,0,0,0,-1,0,1,2,0,0,3,0,2,0,1,2,2,2,0,2,2,3,0,8,25,0,9223372036800000000,2,0,10,0,0,7,0,0,1,0,0,3,1,0,2,-1,3,3,-1,2,0,1,-1,-1,2,3,0,10,-1,1,1,3,-1,-1,-1,0,0,0,3,0,10,0,0,0,42.92
1,0,0,0,-1,0,1,2,0,0,3,0,2,0,1,2,-1,-1,0,2,2,3,0,8,25,0,9223372036800000000,2,0,10,0,0,7,0,0,1,0,0,3,1,0,2,-1,3,3,-1,2,0,1,-1,-1,2,3,0,10,-1,1,1,3,-1,-1,-1,0,0,0,3,0,10,0,0,0,42.92
1,0,0,0,-1,0,1,2,0,0,3,0,2,0,1,2,-1,2,0,2,2,3,0,-1,25,0,9223372036800000000,2,0,10,0,0,7,0,0,1,0,0,3,1,0,2,-1,3,3,-1,2,0,1,-1,-1,2,3,0,10,-1,1,1,3,-1,-1,-1,0,0,0,3,0,10,0,0,0,42.92
1,0,0,0,-1,0,1,2,0,0,3,0,2,0,1,2,-1,2,0,2,2,3,0,8,25,0,9223372036800000000,2,0,10,0,0,7,0,0,1,0,0,3,1,0,2,100,3,3,-1,2,0,1,-1,-1,2,3,0,10,-1,1,1,3,-1,-1,-1,0,0,0,3,0,10,0,0,0,42.92
1,0,0,0,-1,0,1,2,0,0,3,0,2,0,1,2,-1,2,0,2,2,3,0,8,25,0,9223372036800000000,2,0,10,0,0,7,0,0,1,0,0,2,1,0,2,-1,3,3,-1,2,0,1,-1,-1,2,3,0,10,-1,1,1,3,-1,-1,-1,0,0,0,3,0,10,0,0,0,42.92
1,0,0,0,-1,0,1,2,0,0,3,0,2,0,1,2,-1,2,0,2,1,3,0,8,25,0,9223372036800000000,2,0,10,0,0,7,0,0,1,0,0,3,1,0,2,-1,3,3,-1,2,0,1,-1,-1,2,3,0,10,-1,1,1,3,-1,-1,-1,0,0,0,3,0,10,0,0,0,42.92
1,0,0,0,-1,0,1,4,1,0,3,0,2,-1,1,1,-1,1,2,-1,2,3,0,8,50,0,9223372036800000000,0,0,10,0,0,7,0,2,1,0,0,3,1,0,0,40,3,5,4,2,0,1,-1,-1,2,2,0,10,-1,1,1,3,-1,-1,-1,0,0,0,3,0,10,0,0,0,32.49
1,0,0,0,-1,0,1,4,1,0,3,0,2,-1,1,1,-1,1,2,-1,2,3,0,8,50,0,9223372036800000000,120,0,10,0,0,7,0,2,1,0,0,3,1,0,0,40,3,5,4,2,0,1,-1,-1,2,2,0,10,-1,1,1,3,-1,-1,-1,0,0,0,2,0,10,0,0,0,32.6
1,0,0,0,-1,0,1,4,1,0,3,0,2,-1,1,1,-1,1,2,-1,2,3,0,8,50,0,9223372036800000000,0,0,10,0,0,7,0,1,1,0,0,3,1,0,0,40,3,5,4,2,0,1,-1,-1,2,2,0,10,-1,1,1,3,-1,-1,-1,0,0,0,2,0,10,0,0,0,32.44
1,0,0,0,-1,0,1,4,1,0,3,0,2,-1,1,1,-1,1,1,-1,2,3,0,8,50,0,9223372036800000000,0,0,10,0,0,7,0,2,1,0,0,3,1,0,0,40,3,5,4,2,0,1,-1,-1,2,2,0,10,-1,1,1,3,-1,-1,-1,0,0,0,2,0,10,0,0,0,32.44
1,0,0,0,-1,0,1,3,1,0,2,0,-1,1,-1,0,2,-1,1,0,1,3,0,2,200,0,9223372036800000000,5,0,10,0,0,7,0,1,1,0,0,0,1,0,-1,20,2,5,2,2,0,1,-1,-1,2,-1,0,10,-1,1,1,3,-1,-1,-1,0,0,1,2,0,10,0,0,0,29.4
1,0,0,0,-1,0,1,4,1,0,3,0,2,-1,1,1,-1,1,2,-1,2,3,0,8,50,0,9223372036800000000,0,0,10,0,0,7,0,2,1,0,0,3,1,0,0,40,0,5,4,2,0,1,-1,-1,2,2,0,10,-1,1,1,3,-1,-1,-1,0,0,0,2,0,10,0,0,0,32.44
1,0,0,0,-1,0,1,4,1,0,3,0,2,-1,1,1,-1,1,2,-1,2,3,0,8,50,0,9223372036800000000,0,0,10,0,0,7,0,2,1,0,0,3,1,0,0,40,3,5,4,2,0,1,-1,-1,2,1,0,10,-1,1,1,3,-1,-1,-1,0,0,0,2,0,10,0,0,0,32.44
1,0,0,0,-1,0,1,4,1,0,3,0,2,-1,1,1,-1,1,2,-1,2,3,0,8,50,0,9223372036800000000,0,0,10,0,0,7,0,2,1,0,0,3,1,0,0,40,3,5,4,2,0,1,-1,-1,2,2,0,10,-1,1,1,3,-1,-1,-1,0,0,1,2,0,10,0,0,0,32.44
1,0,0,0,-1,0,1,4,1,0,3,0,2,-1,1,1,-1,1,2,-1,2,3,0,8,50,0,9223372036800000000,0,0,10,0,0,7,0,2,1,0,0,3,1,0,0,40,3,5,4,2,0,1,-1,-1,2,2,0,10,-1,1,1,3,-1,-1,-1,0,0,0,2,0,10,0,0,0,32.44
1,0,0,0,-1,0,1,4,1,0,3,0,2,-1,1,1,-1,1,2,-1,2,3,0,8,50,0,9223372036800000000,10,0,10,0,0,7,0,2,1,0,0,3,1,0,0,40,3,1,4,2,0,1,-1,-1,2,2,0,10,-1,1,1,3,-1,-1,-1,0,0,0,2,0,10,0,0,0,33.32
1,0,0,0,-1,0,1,4,1,0,3,0,2,-1,1,1,-1,1,2,-1,2,3,0,8,50,0,9223372036800000000,0,0,10,0,0,7,0,2,1,0,0,3,1,0,0,40,3,1,1,2,0,1,-1,-1,2,2,0,10,-1,1,1,3,-1,-1,-1,0,0,0,2,0,10,0,0,0,33.13
1,0,0,0,-1,0,1,5,1,0,4,0,1,-1,-1,1,0,2,2,1,-1,3,0,16,10,0,9223372036800000000,0,0,10,0,0,7,0,1,1,0,0,0,1,0,2,60,5,5,3,2,0,1,-1,-1,2,3,0,10,-1,1,1,3,-1,-1,-1,0,0,0,5,0,10,0,0,0,26.14
1,0,0,0,-1,0,1,4,1,0,3,0,2,-1,1,1,-1,1,2,-1,2,3,0,8,50,0,9223372036800000000,20,0,10,0,0,7,0,2,1,0,0,3,1,0,0,40,3,1,4,2,0,1,-1,-1,2,2,0,10,-1,1,1,3,-1,-1,-1,0,0,0,2,0,10,0,0,0,33.32
1,0,0,0,-1,0,1,4,1,0,3,0,2,-1,1,1,-1,1,2,-1,2,3,0,8,50,0,9223372036800000000,0,0,10,0,0,7,0,2,1,0,0,3,1,0,0,40,4,1,4,2,0,1,-1,-1,2,2,0,10,-1,1,1,3,-1,-1,-1,0,0,0,2,0,10,0,0,0,33.14
1,0,0,0,-1,0,1,4,1,0,3,0,2,-1,1,1,-1,1,2,-1,2,3,0,8,50,0,9223372036800000000,20,0,10,0,0,7,0,2,1,0,0,3,1,0,0,40,4,1,0,2,0,1,-1,-1,2,2,0,10,-1,1,1,3,-1,-1,-1,0,0,0,2,0,10,0,0,0,33.32
1,0,0,0,-1,0,1,4,1,0,3,0,2,-1,1,1,-1,1,2,-1,2,3,0,8,50,0,9223372036800000000,20,0,10,0,0,7,0,2,1,0,0,3,1,0,2,40,4,1,4,2,0,1,-1,-1,2,2,0,10,-1,1,1,3,-1,-1,-1,0,0,0,2,0,10,0,0,0,33.38
1,0,0,0,-1,0,1,4,1,0,3,0,2,-1,1,1,-1,1,2,-1,2,3,0,8,50,0,9223372036800000000,20,0,10,0,0,7,0,2,1,0,0,3,1,0,0,100,4,1,4,2,0,1,-1,-1,2,2,0,10,-1,1,1,3,-1,-1,-1,0,0,0,2,0,10,0,0,0,33.32
1,0,0,0,-1,0,1,4,1,0,3,0,2,-1,1,1,-1,1,2,-1,2,3,0,8,50,0,9223372036800000000,60,0,10,0,0,7,0,2,1,0,0,3,1,0,0,40,4,1,4,2,0,1,-1,-1,2,2,0,10,-1,1,1,3,-1,-1,-1,0,0,0,2,0,10,0,0,0,33.32
1,0,0,0,-1,0,1,4,1,0,3,0,2,-1,1,1,-1,1,2,-1,2,3,0,8,50,0,9223372036800000000,20,0,10,0,0,7,0,2,1,0,0,3,1,0,0,40,4,1,4,2,0,1,-1,-1,2,2,0,10,-1,1,1,3,-1,-1,-1,0,0,0,0,0,10,0,0,0,33.32
1,0,0,0,-1,0,1,4,1,0,3,0,2,-1,1,1,-1,1,2,-1,2,3,0,8,50,0,9223372036800000000,20,0,10,0,0,7,0,2,1,0,0,3,1,0,0,500,4,1,4,2,0,1,-1,-1,2,2,0,10,-1,1,1,3,-1,-1,-1,0,0,0,2,0,10,0,0,0,33.32
1,0,0,0,-1,0,1,4,1,0,3,0,2,-1,1,1,-1,1,2,-1,2,3,0,8,50,0,9223372036800000000,20,0,10,0,0,7,0,2,1,0,0,3,1,0,0,0,4,1,4,2,0,1,-1,-1,2,2,0,10,-1,1,1,3,-1,-1,-1,0,0,0,2,0,10,0,0,0,33.32
1,0,0,0,-1,0,1,2,0,0,1,0,-1,2,0,1,-1,0,0,1,1,3,0,16,10,0,9223372036800000000,240,0,10,0,0,7,0,1,1,0,0,3,1,0,3,20,2,2,0,2,0,1,-1,-1,-1,-1,0,10,-1,1,1,3,-1,-1,-1,0,0,-1,0,0,10,0,0,0,33.88
1,0,0,0,-1,0,1,4,1,0,3,0,2,-1,1,1,-1,1,2,-1,2,3,0,8,50,0,9223372036800000000,20,0,10,0,0,7,0,2,1,0,0,3,1,0,0,40,4,1,4,2,0,1,-1,-1,2,2,0,10,-1,1,1,3,-1,-1,-1,0,0,0,2,0,10,0,0,0,33.32
1,0,0,0,-1,0,1,2,1,0,5,0,3,2,1,0,-1,-1,1,0,2,3,0,2,50,0,9223372036800000000,240,0,10,0,0,7,0,2,1,0,0,3,1,0,2,200,1,2,3,2,0,1,-1,-1,0,-1,0,10,-1,1,1,3,-1,-1,-1,0,0,1,0,0,10,0,0,0,32.17
1,0,0,0,-1,0,1,2,1,0,5,0,3,2,1,0,-1,-1,1,0,2,3,0,2,50,0,9223372036800000000,240,0,10,0,0,7,0,2,1,0,0,3,1,0,2,20,1,2,3,2,0,1,-1,-1,0,-1,0,10,-1,1,1,3,-1,-1,-1,0,0,0,0,0,10,0,0,0,32.17
1,0,0,0,-1,0,1,2,1,0,5,0,3,-1,1,0,-1,-1,1,0,2,3,0,2,50,0,9223372036800000000,240,0,10,0,0,7,0,2,1,0,0,3,1,0,2,20,1,2,3,2,0,1,-1,-1,0,-1,0,10,-1,1,1,3,-1,-1,-1,0,0,1,0,0,10,0,0,0,32.17
1,0,0,0,-1,0,1,2,1,0,5,0,3,2,1,0,-1,-1,1,0,-1,3,0,2,50,0,9223372036800000000,240,0,10,0,0,7,0,2,1,0,0,3,1,0,2,20,1,2,3,2,0,1,-1,-1,0,-1,0,10,-1,1,1,3,-1,-1,-1,0,0,1,0,0,10,0,0,0,32.17
1,0,0,0,-1,0,1,2,1,0,5,0,3,2,1,0,-1,-1,1,0,2,3,0,2,50,0,9223372036800000000,240,0,10,0,0,7,0,2,1,0,0,3,1,0,-1,20,1,2,3,2,0,1,-1,-1,0,-1,0,10,-1,1,1,3,-1,-1,-1,0,0,1,0,0,10,0,0,0,32.17
1,0,0,0,-1,0,1,2,1,0,5,0,3,2,1,0,-1,-1,1,0,2,3,0,2,50,0,9223372036800000000,240,0,10,0,0,7,0,2,1,0,0,3,1,0,2,20,1,2,3,2,0,1,-1,-1,0,-1,0,10,-1,1,1,3,-1,-1,-1,0,0,1,0,0,10,0,0,0,32.17
1,0,0,0,-1,0,1,2,1,0,5,0,3,2,1,0,-1,-1,1,0,2,3,0,2,50,0,9223372036800000000,240,0,10,0,0,7,0,2,1,0,0,3,1,0,2,20,0,2,3,2,0,1,-1,-1,0,-1,0,10,-1,1,1,3,-1,-1,-1,0,0,-1,0,0,10,0,0,0,32.34
1,0,0,0,-1,0,1,2,1,0,5,0,3,2,1,0,-1,-1,1,0,2,3,0,2,50,0,9223372036800000000,40,0,10,0,0,7,0,2,1,0,0,3,1,0,2,20,0,2,3,2,0,1,-1,-1,0,-1,0,10,-1,1,1,3,-1,-1,-1,0,0,1,0,0,10,0,0,0,32.34
1,0,0,0,-1,0,1,2,1,0,5,0,3,2,-1,0,-1,-1,1,0,2,3,0,2,50,0,9223372036800000000,240,0,10,0,0,7,0,2,1,0,0,3,1,0,2,20,0,2,3,2,0,1,-1,-1,0,-1,0,10,-1,1,1,3,-1,-1,-1,0,0,1,0,0,10,0,0,0,32.34
1,0,0,0,-1,0,1,2,1,0,5,0,3,2,1,0,-1,-1,1,0,2,3,0,2,50,0,9223372036800000000,240,0,10,0,0,7,0,2,1,0,0,3,1,0,2,20,0,4,3,2,0,1,-1,-1,0,-1,0,10,-1,1,1,3,-1,-1,-1,0,0,1,0,0,10,0,0,0,34.97
1,0,0,0,-1,0,1,4,1,0,1,0,2,-1,1,1,-1,1,2,-1,2,3,0,8,50,0,9223372036800000000,20,0,10,0,0,7,0,2,1,0,0,3,1,0,0,40,4,1,4,2,0,1,-1,-1,2,2,0,10,-1,1,1,3,-1,-1,-1,0,0,0,2,0,10,0,0,0,33.32
1,0,0,0,-1,0,1,2,1,0,5,0,3,2,1,0,-1,-1,1,0,2,3,0,2,50,0,9223372036800000000,240,0,10,0,0,7,0,2,1,0,0,3,1,0,2,20,0,2,3,2,0,1,-1,-1,0,-1,0,10,-1,1,1,3,-1,-1,-1,0,0,1,0,0,10,0,0,0,32.34
1,0,0,0,-1,0,1,2,1,0,5,0,3,2,1,0,-1,-1,1,0,2,3,0,2,50,0,9223372036800000000,50,0,10,0,0,7,0,2,1,0,0,3,1,0,2,20,0,3,3,2,0,1,-1,-1,0,-1,0,10,-1,1,1,3,-1,-1,-1,0,0,1,0,0,10,0,0,0,34.52
1,0,0,0,-1,0,1,2,1,0,5,0,3,2,1,0,-1,-1,1,0,2,3,0,2,50,0,9223372036800000000,240,0,10,0,0,7,0,2,1,0,0,3,1,0,2,20,0,3,3,2,0,1,-1,-1,0,-1,0,10,-1,1,1,3,-1,-1,-1,0,0,1,0,0,10,0,0,0,34.52
1,0,0,0,-1,0,1,2,1,0,5,0,3,2,1,0,-1,-1,1,0,2,3,0,2,50,0,9223372036800000000,240,0,10,0,0,7,0,2,1,0,0,3,1,0,2,20,0,3,3,2,0,1,-1,-1,2,-1,0,10,-1,1,1,3,-1,-1,-1,0,0,1,1,0,10,0,0,0,38.72
1,0,0,0,-1,0,1,4,1,0,3,0,0,1,0,2,2,2,2,1,-1,3,0,8,10,0,9223372036800000000,20,0,10,0,0,7,0,0,1,0,0,0,1,0,2,40,1,0,4,2,0,1,-1,-1,2,-1,0,10,-1,1,1,3,-1,-1,-1,0,0,0,4,0,10,0,0,0,32.17
1,0,0,0,-1,0,1,2,1,0,3,0,3,2,1,0,-1,-1,1,0,2,3,0,2,50,0,9223372036800000000,240,0,10,0,0,7,0,2,1,0,0,3,1,0,2,20,0,3,3,2,0,1,-1,-1,0,-1,0,10,-1,1,1,3,-1,-1,-1,0,0,1,1,0,10,0,0,0,38.72
1,0,0,0,-1,0,1,2,1,0,5,0,3,2,1,0,-1,-1,1,0,2,3,0,2,50,0,9223372036800000000,240,0,10,0,0,7,0,2,1,0,0,3,1,0,2,60,0,3,3,2,0,1,-1,-1,0,-1,0,10,-1,1,1,3,-1,-1,-1,0,0,1,1,0,10,0,0,0,38.72
1,0,0,0,-1,0,1,2,1,0,5,0,3,2,1,0,-1,-1,1,0,2,3,0,2,50,0,9223372036800000000,240,0,10,0,0,7,0,2,1,0,0,3,1,0,2,0,0,3,3,2,0,1,-1,-1,0,-1,0,10,-1,1,1,3,-1,-1,-1,0,0,1,1,0,10,0,0,0,38.72
1,0,0,0,-1,0,1,2,1,0,5,0,3,2,1,0,-1,-1,0,0,2,3,0,2,50,0,9223372036800000000,240,0,10,0,0,7,0,2,1,0,0,3,1,0,2,20,0,3,3,2,0,1,-1,-1,0,-1,0,10,-1,1,1,3,-1,-1,-1,0,0,1,1,0,10,0,0,0,38.72
1,0,0,0,-1,0,1,2,1,0,5,0,3,2,1,0,-1,-1,1,0,2,3,0,2,50,0,9223372036800000000,240,0,10,0,0,7,0,2,1,0,0,3,1,0,2,20,3,3,3,2,0,1,-1,-1,0,-1,0,10,-1,1,1,3,-1,-1,-1,0,0,1,1,0,10,0,0,0,38.72
1,0,0,0,-1,0,1,2,1,0,5,0,3,3,1,0,-1,-1,1,0,2,3,0,2,50,0,9223372036800000000,240,0,10,0,0,7,0,2,1,0,0,3,1,0,2,20,0,3,3,2,0,1,-1,-1,0,-1,0,10,-1,1,1,3,-1,-1,-1,0,0,1,1,0,10,0,0,0,38.72
1,0,0,0,-1,0,1,2,1,0,5,0,3,2,1,0,-1,-1,1,0,2,3,0,2,50,0,9223372036800000000,240,0,10,0,0,7,0,0,1,0,0,3,1,0,2,20,0,3,3,2,0,1,-1,-1,0,-1,0,10,-1,1,1,3,-1,-1,-1,0,0,1,1,0,10,0,0,0,38.72
1,0,0,0,-1,0,1,4,0,0,3,0,2,-1,1,1,-1,1,2,-1,2,3,0,8,50,0,9223372036800000000,0,0,10,0,0,7,0,2,1,0,0,3,1,0,0,40,3,5,4,2,0,1,-1,-1,2,2,0,10,-1,1,1,3,-1,-1,-1,0,0,0,2,0,10,0,0,0,34.13
1,0,0,0,-1,0,1,2,1,0,5,0,3,2,1,0,-1,-1,1,0,2,3,0,2,50,0,9223372036800000000,240,0,10,0,0,7,0,2,1,0,0,3,1,0,2,20,0,3,3,2,0,1,-1,-1,0,-1,0,10,-1,1,1,3,-1,-1,-1,0,0,1,1,0,10,0,0,0,38.72
1,0,0,0,-1,0,1,3,1,0,5,0,-1,-1,-1,-1,2,1,-1,-1,0,3,0,1,800,0,9223372036800000000,50,0,10,0,0,7,0,3,1,0,0,0,1,0,1,20,1,1,3,2,0,1,-1,-1,-1,2,0,10,-1,1,1,3,-1,-1,-1,0,0,1,2,0,10,0,0,0,38.72
1,0,0,0,-1,0,1,3,1,0,5,0,-1,-1,-1,-1,2,-1,-1,-1,0,3,0,1,800,0,9223372036800000000,50,0,10,0,0,7,0,3,1,0,0,0,1,0,1,20,1,2,3,2,0,1,-1,-1,-1,2,0,10,-1,1,1,3,-1,-1,-1,0,0,1,2,0,10,0,0,0,29.69
1,0,0,0,-1,0,1,3,1,0,5,0,-1,-1,-1,-1,2,1,1,-1,0,3,0,1,800,0,9223372036800000000,50,0,10,0,0,7,0,3,1,0,0,0,1,0,1,20,1,2,3,2,0,1,-1,-1,-1,2,0,10,-1,1,1,3,-1,-1,-1,0,0,1,2,0,10,0,0,0,29.69
1,0,0,0,-1,0,1,3,1,0,5,0,-1,-1,-1,-1,2,1,-1,-1,0,3,0,1,800,0,9223372036800000000,50,0,10,0,0,7,0,3,1,0,0,0,1,0,1,20,1,2,3,2,0,1,-1,-1,3,2,0,10,-1,1,1,3,-1,-1,-1,0,0,1,2,0,10,0,0,0,29.69
1,0,0,0,-1,0,1,3,1,0,5,0,-1,-1,-1,-1,0,1,-1,-1,0,3,0,1,800,0,9223372036800000000,50,0,10,0,0,7,0,3,1,0,0,0,1,0,1,20,1,2,3,2,0,1,-1,-1,-1,2,0,10,-1,1,1,3,-1,-1,-1,0,0,1,2,0,10,0,0,0,29.69
1,0,0,0,-1,0,1,3,1,0,5,0,-1,-1,-1,-1,2,1,-1,-1,0,3,0,1,800,0,9223372036800000000,10,0,10,0,0,7,0,3,1,0,0,0,1,0,1,20,1,2,3,2,0,1,-1,-1,-1,2,0,10,-1,1,1,3,-1,-1,-1,0,0,1,2,0,10,0,0,0,29.69
1,0,0,0,-1,0,1,3,1,0,5,0,-1,-1,-1,-1,2,1,-1,-1,0,3,0,1,800,0,9223372036800000000,2,0,10,0,0,7,0,3,1,0,0,0,1,0,1,20,1,2,3,2,0,1,-1,-1,-1,2,0,10,-1,1,1,3,-1,-1,-1,0,0,1,2,0,10,0,0,0,29.69
1,0,0,0,-1,0,1,5,0,0,4,0,2,3,-1,0,-1,2,0,2,0,3,0,-1,50,0,9223372036800000000,20,0,10,0,0,7,0,0,1,0,0,2,1,0,2,1000,2,0,1,2,0,1,-1,-1,2,1,0,10,-1,1,1,3,-1,-1,-1,0,0,1,0,0,10,0,0,0,42.8
1,0,0,0,-1,0,1,3,1,0,5,0,-1,-1,-1,-1,2,1,-1,-1,0,3,0,-1,800,0,9223372036800000000,50,0,10,0,0,7,0,3,1,0,0,0,1,0,1,20,1,2,3,2,0,1,-1,-1,-1,2,0,10,-1,1,1,3,-1,-1,-1,0,0,1,2,0,10,0,0,0,38.08
1,0,0,0,-1,0,1,3,1,0,5,0,-1,-1,-1,-1,2,1,-1,-1,0,3,0,1,800,0,9223372036800000000,1e+75,0,10,0,0,7,0,3,1,0,0,0,1,0,1,20,1,2,3,2,0,1,-1,-1,-1,2,0,10,-1,1,1,3,-1,-1,-1,0,0,1,2,0,10,0,0,0,29.69
1,0,0,0,-1,0,1,3,1,0,5,0,-1,-1,-1,-1,2,1,-1,-1,0,3,0,1,800,0,9223372036800000000,50,0,10,0,0,7,0,1,1,0,0,0,1,0,1,20,1,2,3,2,0,1,-1,-1,-1,2,0,10,-1,1,1,3,-1,-1,-1,0,0,1,2,0,10,0,0,0,29.69
1,0,0,0,-1,0,1,3,1,0,5,0,-1,-1,-1,-1,2,1,-1,-1,0,3,0,1,800,0,9223372036800000000,20,0,10,0,0,7,0,3,1,0,0,0,1,0,1,20,1,2,3,2,0,1,-1,-1,-1,2,0,10,-1,1,1,3,-1,-1,-1,0,0,1,2,0,10,0,0,0,29.69
1,0,0,0,-1,0,1,3,1,0,5,0,-1,-1,-1,-1,2,1,-1,-1,0,3,0,1,800,0,9223372036800000000,50,0,10,0,0,7,0,3,1,0,0,0,1,0,1,-1,1,2,3,2,0,1,-1,-1,-1,2,0,10,-1,1,1,3,-1,-1,-1,0,0,1,2,0,10,0,0,0,29.69
1,0,0,0,-1,0,1,3,1,0,5,0,-1,-1,-1,-1,2,1,-1,-1,0,3,0,1,800,0,9223372036800000000,50,0,10,0,0,7,0,3,1,0,0,0,1,0,1,20,1,2,3,2,0,1,-1,-1,-1,2,0,10,-1,1,1,3,-1,-1,-1,0,0,1,2,0,10,0,0,0,29.69
1,0,0,0,-1,0,1,3,1,0,5,0,-1,-1,-1,-1,2,1,-1,-1,0,3,0,1,800,0,9223372036800000000,50,0,10,0,0,7,0,3,1,0,0,0,1,0,1,20,1,5,3,2,0,1,-1,-1,-1,2,0,10,-1,1,1,3,-1,-1,-1,0,0,1,2,0,10,0,0,0,30.05
1,0,0,0,-1,0,1,2,0,0,5,0,2,1,0,0,-1,2,2,2,2,3,0,4,50,0,9223372036800000000,60,0,10,0,0,7,0,3,1,0,0,0,1,0,3,100,5,0,1,2,0,1,-1,-1,2,3,0,10,-1,1,1,3,-1,-1,-1,0,0,-1,5,0,10,0,0,0,33.85
1,0,0,0,-1,0,1,2,0,0,5,0,2,1,0,0,-1,2,2,2,2,3,0,1,50,0,9223372036800000000,60,0,10,0,0,7,0,3,1,0,0,1,1,0,3,100,5,0,1,2,0,1,-1,-1,2,3,0,10,-1,1,1,3,-1,-1,-1,0,0,-1,5,0,10,0,0,0,42.37
1,0,0,0,-1,0,1,3,1,0,2,0,-1,1,-1,0,2,-1,1,0,1,3,0,2,200,0,9223372036800000000,5,0,10,0,0,7,0,1,1,0,0,0,1,0,-1,20,1,5,2,2,0,1,-1,-1,2,-1,0,10,-1,1,1,3,-1,-1,-1,0,0,1,2,0,10,0,0,0,29.73
1,0,0,0,-1,0,1,2,0,0,5,0,2,1,0,0,-1,2,2,2,2,3,0,4,50,0,9223372036800000000,60,0,10,0,0,7,0,3,1,0,0,1,1,0,3,100,5,0,-1,2,0,1,-1,-1,2,3,0,10,-1,1,1,3,-1,-1,-1,0,0,-1,5,0,10,0,0,0,33.85
1,0,0,0,-1,0,1,2,0,0,5,0,2,1,0,0,-1,2,2,2,2,3,0,4,50,0,9223372036800000000,60,0,10,0,0,7,0,3,1,0,0,1,1,0,3,1000,5,0,1,2,0,1,-1,-1,2,3,0,10,-1,1,1,3,-1,-1,-1,0,0,-1,5,0,10,0,0,0,33.85
1,0,0,0,-1,0,1,2,0,0,3,0,2,1,0,0,-1,2,2,2,2,3,0,4,50,0,9223372036800000000,60,0,10,0,0,7,0,3,1,0,0,1,1,0,3,100,5,0,1,2,0,1,-1,-1,2,3,0,10,-1,1,1,3,-1,-1,-1,0,0,-1,5,0,10,0,0,0,33.85
1,0,0,0,-1,0,1,2,0,0,5,0,2,1,0,0,-1,2,2,2,2,3,0,4,50,0,9223372036800000000,10,0,10,0,0,7,0,3,1,0,0,1,1,0,3,100,5,0,1,2,0,1,-1,-1,2,3,0,10,-1,1,1,3,-1,-1,-1,0,0,-1,5,0,10,0,0,0,33.85
1,0,0,0,-1,0,1,2,0,0,5,0,2,1,0,0,-1,2,2,2,2,3,0,4,100,0,9223372036800000000,60,0,10,0,0,7,0,3,1,0,0,1,1,0,3,100,5,0,1,2,0,1,-1,-1,2,3,0,10,-1,1,1,3,-1,-1,-1,0,0,-1,5,0,10,0,0,0,33.85
1,0,0,0,-1,0,1,2,0,0,5,0,2,1,0,0,-1,2,2,2,2,3,0,4,50,0,9223372036800000000,0,0,10,0,0,7,0,3,1,0,0,1,1,0,3,100,5,0,1,2,0,1,-1,-1,2,3,0,10,-1,1,1,3,-1,-1,-1,0,0,-1,5,0,10,0,0,0,33.85
1,0,0,0,-1,0,1,2,0,0,5,0,2,2,0,0,-1,2,2,2,2,3,0,4,50,0,9223372036800000000,60,0,10,0,0,7,0,3,1,0,0,1,1,0,3,100,5,0,1,2,0,1,-1,-1,2,3,0,10,-1,1,1,3,-1,-1,-1,0,0,-1,5,0,10,0,0,0,33.85
1,0,0,0,-1,0,1,2,0,0,5,0,2,3,0,0,-1,2,2,2,2,3,0,4,50,0,9223372036800000000,60,0,10,0,0,7,0,3,1,0,0,1,1,0,3,100,5,0,1,2,0,1,-1,-1,2,3,0,10,-1,1,1,3,-1,-1,-1,0,0,-1,5,0,10,0,0,0,33.85
1,0,0,0,-1,0,1,2,0,0,5,0,2,1,0,0,-1,2,2,2,2,3,0,16,50,0,9223372036800000000,60,0,10,0,0,7,0,3,1,0,0,1,1,0,3,100,5,0,1,2,0,1,-1,-1,2,3,0,10,-1,1,1,3,-1,-1,-1,0,0,-1,5,0,10,0,0,0,33.85
1,0,0,0,-1,0,1,2,0,0,5,0,2,1,0,0,-1,2,2,2,2,3,0,4,50,0,9223372036800000000,60,0,10,0,0,7,0,3,1,0,0,1,1,0,3,100,5,0,1,2,0,1,-1,-1,2,3,0,10,-1,1,1,3,-1,-1,-1,0,0,0,5,0,10,0,0,0,33.85
1,0,0,0,-1,0,1,2,0,0,5,0,2,1,0,0,-1,2,2,2,2,3,0,4,50,0,9223372036800000000,60,0,10,0,0,7,0,3,1,0,0,1,1,0,3,100,5,0,3,2,0,1,-1,-1,2,3,0,10,-1,1,1,3,-1,-1,-1,0,0,-1,5,0,10,0,0,0,33.85
1,0,0,0,-1,0,1,2,0,0,2,0,2,1,0,0,-1,2,2,2,2,3,0,4,50,0,9223372036800000000,60,0,10,0,0,7,0,3,1,0,0,1,1,0,3,100,5,0,1,2,0,1,-1,-1,2,3,0,10,-1,1,1,3,-1,-1,-1,0,0,-1,5,0,10,0,0,0,33.85
1,0,0,0,-1,0,1,2,0,0,1,0,3,3,0,0,0,-1,2,2,-1,3,0,2,200,0,9223372036800000000,40,0,10,0,0,7,0,0,1,0,0,2,1,0,-1,0,0,2,-1,2,0,1,-1,-1,0,0,0,10,-1,1,1,3,-1,-1,-1,0,0,-1,5,0,10,0,0,0,34.38
1,0,0,0,-1,0,1,2,0,0,5,0,2,1,0,0,-1,2,2,2,2,3,0,4,50,0,9223372036800000000,60,0,10,0,0,7,0,3,1,0,0,1,1,0,3,100,5,0,1,2,0,1,-1,-1,3,3,0,10,-1,1,1,3,-1,-1,-1,0,0,-1,5,0,10,0,0,0,33.85
1,0,0,0,-1,0,1,2,0,0,5,0,2,1,0,0,-1,2,2,2,2,3,0,4,50,0,9223372036800000000,240,0,10,0,0,7,0,3,1,0,0,1,1,0,3,100,5,0,1,2,0,1,-1,-1,2,3,0,10,-1,1,1,3,-1,-1,-1,0,0,-1,5,0,10,0,0,0,33.85
1,0,0,0,-1,0,1,2,0,0,5,0,2,1,0,0,-1,2,2,2,2,3,0,4,25,0,9223372036800000000,60,0,10,0,0,7,0,3,1,0,0,1,1,0,3,100,5,0,1,2,0,1,-1,-1,2,3,0,10,-1,1,1,3,-1,-1,-1,0,0,-1,5,0,10,0,0,0,33.85
1,0,0,0,-1,0,1,2,0,0,5,0,2,1,0,0,-1,2,2,2,2,3,0,4,50,0,9223372036800000000,60,0,10,0,0,7,0,3,1,0,0,1,1,0,3,100,5,2,1,2,0,1,-1,-1,2,3,0,10,-1,1,1,3,-1,-1,-1,0,0,-1,5,0,10,0,0,0,33.85
1,0,0,0,-1,0,1,2,0,0,5,0,2,1,0,0,-1,2,2,2,2,3,0,4,50,0,9223372036800000000,60,0,10,0,0,7,0,3,1,0,0,1,1,0,3,100,5,0,1,2,0,1,-1,-1,2,2,0,10,-1,1,1,3,-1,-1,-1,0,0,-1,5,0,10,0,0,0,33.85
1,0,0,0,-1,0,1,2,0,0,5,0,2,1,0,0,-1,2,2,2,2,3,0,4,50,0,9223372036800000000,60,0,10,0,0,7,0,3,1,0,0,1,1,0,3,100,5,1,1,2,0,1,-1,-1,2,3,0,10,-1,1,1,3,-1,-1,-1,0,0,-1,5,0,10,0,0,0,38.41
1,0,0,0,-1,0,1,2,0,0,5,0,2,1,0,0,-1,2,2,2,2,3,0,4,50,0,9223372036800000000,60,0,10,0,0,7,0,3,1,0,0,1,1,0,3,100,5,0,1,2,0,1,-1,-1,2,3,0,10,-1,1,1,3,-1,-1,-1,0,0,-1,5,0,10,0,0,0,33.85
1,0,0,0,-1,0,1,2,0,0,5,0,2,1,0,0,-1,2,2,2,2,3,0,4,200,0,9223372036800000000,60,0,10,0,0,7,0,2,1,0,0,1,1,0,3,100,5,0,1,2,0,1,-1,-1,2,3,0,10,-1,1,1,3,-1,-1,-1,0,0,-1,5,0,10,0,0,0,34.29
1,0,0,0,-1,0,1,2,0,0,5,0,2,1,0,2,-1,2,2,2,2,3,0,4,200,0,9223372036800000000,60,0,10,0,0,7,0,3,1,0,0,1,1,0,3,100,5,0,1,2,0,1,-1,-1,2,3,0,10,-1,1,1,3,-1,-1,-1,0,0,-1,5,0,10,0,0,0,34.29
1,0,0,0,-1,0,1,2,0,0,5,0,2,1,0,0,-1,2,2,2,2,3,0,4,200,0,9223372036800000000,60,0,10,0,0,7,0,3,1,0,0,1,1,0,3,100,5,0,0,2,0,1,-1,-1,2,3,0,10,-1,1,1,3,-1,-1,-1,0,0,-1,5,0,10,0,0,0,34.29
1,0,0,0,-1,0,1,2,0,0,5,0,2,1,0,0,-1,2,2,2,2,3,0,4,200,0,9223372036800000000,60,0,10,0,0,7,0,3,1,0,0,1,1,0,3,100,5,0,1,2,0,1,-1,-1,2,3,0,10,-1,1,1,3,-1,-1,-1,0,0,-1,5,0,10,0,0,0,34.29
1,0,0,0,-1,0,1,3,1,0,3,0,1,2,0,1,2,-1,2,0,0,3,0,4,800,0,9223372036800000000,1e+75,0,10,0,0,7,0,3,1,0,0,2,1,0,3,0,5,5,-1,2,0,1,-1,-1,1,3,0,10,-1,1,1,3,-1,-1,-1,0,0,-1,2,0,10,0,0,0,33
1,0,0,0,-1,0,1,3,1,0,2,0,1,2,0,1,2,-1,2,0,0,3,0,4,800,0,9223372036800000000,1e+75,0,10,0,0,7,0,3,1,0,0,2,1,0,3,200,5,5,-1,2,0,1,-1,-1,1,3,0,10,-1,1,1,3,-1,-1,-1,0,0,-1,2,0,10,0,0,0,33.14
1,0,0,0,-1,0,1,3,1,0,3,0,1,2,0,1,2,-1,2,0,0,3,0,4,800,0,9223372036800000000,1e+75,0,10,0,0,7,0,3,1,0,0,1,1,0,3,200,5,5,-1,2,0,1,-1,-1,1,3,0,10,-1,1,1,3,-1,-1,-1,0,0,-1,2,0,10,0,0,0,33.14
1,0,0,0,-1,0,1,3,1,0,3,0,1,2,0,1,2,-1,2,0,0,3,0,4,800,0,9223372036800000000,1e+75,0,10,0,0,7,0,3,1,0,0,2,1,0,3,200,4,5,-1,2,0,1,-1,-1,1,3,0,10,-1,1,1,3,-1,-1,-1,0,0,-1,2,0,10,0,0,0,42.9
1,0,0,0,-1,0,1,3,1,0,3,0,1,2,0,1,2,-1,2,0,0,3,0,4,800,0,9223372036800000000,1e+75,0,10,0,0,7,0,3,1,0,0,2,1,0,3,20,5,5,-1,2,0,1,-1,-1,1,3,0,10,-1,1,1,3,-1,-1,-1,0,0,-1,2,0,10,0,0,0,33.14
1,0,0,0,-1,0,1,5,1,0,5,0,1,-1,-1,1,0,2,2,1,-1,3,0,16,10,0,9223372036800000000,2,0,10,0,0,7,0,1,1,0,0,0,1,0,2,60,5,5,3,2,0,1,-1,-1,3,3,0,10,-1,1,1,3,-1,-1,-1,0,0,0,5,0,10,0,0,0,27.32
1,0,0,0,-1,0,1,3,1,0,3,0,1,2,0,1,2,-1,2,0,0,3,0,4,800,0,9223372036800000000,240,0,10,0,0,7,0,3,1,0,0,2,1,0,3,200,5,5,-1,2,0,1,-1,-1,1,3,0,10,-1,1,1,3,-1,-1,-1,0,0,-1,2,0,10,0,0,0,33.34
1,0,0,0,-1,0,1,3,1,0,3,0,1,2,0,1,0,-1,2,0,0,3,0,4,800,0,9223372036800000000,1e+75,0,10,0,0,7,0,3,1,0,0,2,1,0,3,200,5,5,-1,2,0,1,-1,-1,1,3,0,10,-1,1,1,3,-1,-1,-1,0,0,-1,2,0,10,0,0,0,33.14
1,0,0,0,-1,0,1,3,1,0,3,0,1,2,0,1,2,-1,2,0,0,3,0,4,800,0,9223372036800000000,1e+75,0,10,0,0,7,0,3,1,0,0,2,1,0,0,200,5,5,-1,2,0,1,-1,-1,1,3,0,10,-1,1,1,3,-1,-1,-1,0,0,-1,2,0,10,0,0,0,33.14
1,0,0,0,-1,0,1,3,1,0,3,0,1,2,0,1,2,-1,2,0,0,3,0,4,800,0,9223372036800000000,1e+75,0,10,0,0,7,0,3,1,0,0,2,1,0,-1,200,5,5,-1,2,0,1,-1,-1,1,3,0,10,-1,1,1,3,-1,-1,-1,0,0,-1,2,0,10,0,0,0,42.61
1,0,0,0,-1,0,1,3,1,0,3,0,1,2,0,1,2,-1,2,0,0,3,0,8,800,0,9223372036800000000,1e+75,0,10,0,0,7,0,3,1,0,0,2,1,0,3,200,5,5,-1,2,0,1,-1,-1,1,3,0,10,-1,1,1,3,-1,-1,-1,0,0,-1,2,0,10,0,0,0,33.14
1,0,0,0,-1,0,1,3,1,0,3,0,1,2,0,1,1,-1,2,0,0,3,0,4,800,0,9223372036800000000,1e+75,0,10,0,0,7,0,3,1,0,0,2,1,0,3,200,5,5,-1,2,0,1,-1,-1,1,3,0,10,-1,1,1,3,-1,-1,-1,0,0,-1,2,0,10,0,0,0,33.14
1,0,0,0,-1,0,1,3,1,0,3,0,1,2,0,1,2,-1,2,0,0,3,0,4,800,0,9223372036800000000,1e+75,0,10,0,0,7,0,3,1,0,0,2,1,0,3,200,5,5,-1,2,0,1,-1,-1,1,3,0,10,-1,1,1,3,-1,-1,-1,0,0,-1,2,0,10,0,0,0,33.14
1,0,0,0,-1,0,1,3,1,0,3,0,1,2,0,1,-1,-1,2,0,0,3,0,4,800,0,9223372036800000000,20,0,10,0,0,7,0,3,1,0,0,2,1,0,3,200,5,5,-1,2,0,1,-1,-1,1,3,0,10,-1,1,1,3,-1,-1,-1,0,0,-1,2,0,10,0,0,0,33.34
1,0,0,0,-1,0,1,3,1,0,3,0,1,2,0,1,2,-1,2,0,0,3,0,4,800,0,9223372036800000000,10,0,10,0,0,7,0,3,1,0,0,2,1,0,3,200,5,5,-1,2,0,1,-1,-1,1,3,0,10,-1,1,1,3,-1,-1,-1,0,0,-1,2,0,10,0,0,0,33.34
1,0,0,0,-1,0,1,3,1,0,4,0,1,2,0,1,2,-1,2,0,0,3,0,4,800,0,9223372036800000000,20,0,10,0,0,7,0,3,1,0,0,2,1,0,3,200,5,1,-1,2,0,1,-1,-1,1,3,0,10,-1,1,1,3,-1,-1,-1,0,0,-1,2,0,10,0,0,0,34.44
1,0,0,0,-1,0,1,3,1,0,3,0,1,2,0,1,2,-1,2,0,0,3,0,4,800,0,9223372036800000000,20,0,10,0,0,7,0,3,1,0,0,2,1,0,3,200,5,1,-1,2,0,1,-1,-1,1,3,0,10,-1,1,1,3,-1,-1,-1,0,0,0,2,0,10,0,0,0,34.44
1,0,0,0,-1,0,1,3,1,0,3,0,1,2,0,1,2,-1,2,0,0,3,0,4,800,0,9223372036800000000,20,0,10,0,0,7,0,3,1,0,0,2,1,0,3,200,5,1,2,2,0,1,-1,-1,1,3,0,10,-1,1,1,3,-1,-1,-1,0,0,-1,2,0,10,0,0,0,34.44
1,0,0,0,-1,0,1,3,1,0,3,0,1,2,0,1,2,-1,-1,0,0,3,0,4,800,0,9223372036800000000,20,0,10,0,0,7,0,3,1,0,0,2,1,0,3,200,5,1,-1,2,0,1,-1,-1,1,3,0,10,-1,1,1,3,-1,-1,-1,0,0,-1,2,0,10,0,0,0,34.44
1,0,0,0,-1,0,1,3,1,0,3,0,1,2,0,1,2,-1,2,0,0,3,0,4,800,0,9223372036800000000,20,0,10,0,0,7,0,2,1,0,0,2,1,0,3,200,5,1,-1,2,0,1,-1,-1,1,3,0,10,-1,1,1,3,-1,-1,-1,0,0,-1,2,0,10,0,0,0,34.44
1,0,0,0,-1,0,1,3,1,0,3,0,-1,2,0,-1,1,0,2,1,-1,3,0,8,200,0,9223372036800000000,1e+75,0,10,0,0,7,0,2,1,0,0,1,1,0,1,1000,6,2,1,2,0,1,-1,-1,1,-1,0,10,-1,1,1,3,-1,-1,-1,0,0,0,0,0,10,0,0,0,36.13
1,0,0,0,-1,0,1,3,1,0,3,0,-1,2,0,-1,1,0,1,1,-1,3,0,8,200,0,9223372036800000000,1e+75,0,10,0,0,7,0,2,1,0,0,2,1,0,1,1000,6,2,1,2,0,1,-1,-1,1,-1,0,10,-1,1,1,3,-1,-1,-1,0,0,0,0,0,10,0,0,0,37.46
1,0,0,0,-1,0,1,3,1,0,3,0,-1,2,0,-1,1,0,1,1,-1,3,0,8,200,0,9223372036800000000,1e+75,0,10,0,0,7,0,2,1,0,0,1,1,0,1,1000,2,2,1,2,0,1,-1,-1,1,-1,0,10,-1,1,1,3,-1,-1,-1,0,0,0,0,0,10,0,0,0,36.13
1,0,0,0,-1,0,1,3,1,0,3,0,-1,2,0,-1,1,0,1,1,-1,3,0,8,200,0,9223372036800000000,20,0,10,0,0,7,0,2,1,0,0,1,1,0,1,1000,6,2,1,2,0,1,-1,-1,1,-1,0,10,-1,1,1,3,-1,-1,-1,0,0,0,0,0,10,0,0,0,36.35
1,0,0,0,-1,0,1,3,1,0,3,0,-1,2,0,-1,1,0,1,1,-1,3,0,8,200,0,9223372036800000000,1e+75,0,10,0,0,7,0,2,1,0,0,1,1,0,1,1000,6,2,1,2,0,1,-1,-1,1,-1,0,10,-1,1,1,3,-1,-1,-1,0,0,0,0,0,10,0,0,0,36.13
1,0,0,0,-1,0,1,3,1,0,3,0,-1,2,0,-1,1,0,1,1,-1,3,0,8,200,0,9223372036800000000,30,0,10,0,0,7,0,2,1,0,0,1,1,0,0,1000,6,2,1,2,0,1,-1,-1,1,-1,0,10,-1,1,1,3,-1,-1,-1,0,0,0,4,0,10,0,0,0,37.18
1,0,0,0,-1,0,1,3,1,0,3,0,-1,2,0,-1,1,0,1,1,-1,3,0,8,200,0,9223372036800000000,30,0,10,0,0,7,0,2,1,0,0,1,1,0,0,1000,6,2,1,2,0,1,-1,-1,1,2,0,10,-1,1,1,3,-1,-1,-1,0,0,0,0,0,10,0,0,0,37.17
1,0,0,0,-1,0,1,3,0,0,3,0,-1,2,0,-1,1,0,1,1,-1,3,0,8,200,0,9223372036800000000,30,0,10,0,0,7,0,2,1,0,0,1,1,0,0,1000,6,4,1,2,0,1,-1,-1,1,-1,0,10,-1,1,1,3,-1,-1,-1,0,0,0,0,0,10,0,0,0,42.71
1,0,0,0,-1,0,1,3,0,0,3,0,-1,2,0,-1,1,0,1,1,-1,3,0,8,200,0,9223372036800000000,30,0,10,0,0,7,0,2,1,0,0,1,1,0,0,20,6,2,1,2,0,1,-1,-1,1,-1,0,10,-1,1,1,3,-1,-1,-1,0,0,0,0,0,10,0,0,0,42.68
1,0,0,0,-1,0,1,3,1,0,5,0,-1,-1,-1,-1,2,1,-1,-1,0,3,0,1,400,0,9223372036800000000,50,0,10,0,0,7,0,3,1,0,0,0,1,0,1,20,1,2,3,2,0,1,-1,-1,-1,2,0,10,-1,1,1,3,-1,-1,-1,0,0,1,2,0,10,0,0,0,29.69
1,0,0,0,-1,0,1,3,0,0,3,0,-1,2,0,-1,1,0,1,1,-1,3,0,8,200,0,9223372036800000000,30,0,10,0,0,7,0,2,1,0,0,1,1,0,0,100,6,2,1,2,0,1,-1,-1,1,-1,0,10,-1,1,1,3,-1,-1,-1,0,0,0,0,0,10,0,0,0,42.68
1,0,0,0,-1,0,1,3,0,0,3,0,-1,2,0,1,1,0,1,1,-1,3,0,8,200,0,9223372036800000000,30,0,10,0,0,7,0,2,1,0,0,1,1,0,0,1000,6,2,1,2,0,1,-1,-1,1,-1,0,10,-1,1,1,3,-1,-1,-1,0,0,0,0,0,10,0,0,0,42.68
1,0,0,0,-1,0,1,1,0,0,3,0,3,3,0,-1,-1,1,-1,1,1,3,0,16,25,0,9223372036800000000,120,0,10,0,0,7,0,2,1,0,0,2,1,0,1,0,5,2,2,2,0,1,-1,-1,3,2,0,10,-1,1,1,3,-1,-1,-1,0,0,-1,0,0,10,0,0,0,35.31
1,0,0,0,-1,0,1,3,0,0,3,0,-1,2,0,-1,2,0,1,1,-1,3,0,8,200,0,9223372036800000000,30,0,10,0,0,7,0,2,1,0,0,1,1,0,0,1000,6,2,1,2,0,1,-1,-1,1,-1,0,10,-1,1,1,3,-1,-1,-1,0,0,0,0,0,10,0,0,0,42.68
1,0,0,0,-1,0,1,3,0,0,3,0,-1,2,0,-1,1,0,1,1,-1,3,0,8,200,0,9223372036800000000,30,0,10,0,0,7,0,0,1,0,0,1,1,0,0,1000,6,2,1,2,0,1,-1,-1,1,-1,0,10,-1,1,1,3,-1,-1,-1,0,0,0,0,0,10,0,0,0,42.68
1,0,0,0,-1,0,1,3,0,0,3,0,-1,2,0,-1,1,0,1,1,-1,3,0,8,100,0,9223372036800000000,30,0,10,0,0,7,0,2,1,0,0,1,1,0,0,1000,6,2,1,2,0,1,-1,-1,1,-1,0,10,-1,1,1,3,-1,-1,-1,0,0,0,0,0,10,0,0,0,42.68
1,0,0,0,-1,0,1,3,0,0,3,0,-1,2,0,-1,1,0,1,1,-1,3,0,8,200,0,9223372036800000000,30,0,10,0,0,7,0,2,1,0,0,1,1,0,0,-1,6,2,1,2,0,1,-1,-1,1,-1,0,10,-1,1,1,3,-1,-1,-1,0,0,0,0,0,10,0,0,0,42.68
1,0,0,0,-1,0,1,2,0,0,5,0,2,1,0,0,-1,2,2,2,2,3,0,4,50,0,9223372036800000000,60,0,10,0,0,7,0,3,1,0,0,1,1,0,3,100,5,0,0,2,0,1,-1,-1,2,3,0,10,-1,1,1,3,-1,-1,-1,0,0,-1,5,0,10,0,0,0,33.85
1,0,0,0,-1,0,1,3,1,0,3,0,1,2,0,1,2,-1,2,0,-1,3,0,4,800,0,9223372036800000000,1e+75,0,10,0,0,7,0,3,1,0,0,2,1,0,3,200,5,5,-1,2,0,1,-1,-1,1,3,0,10,-1,1,1,3,-1,-1,-1,0,0,-1,2,0,10,0,0,0,33.14
1,0,0,0,-1,0,1,3,0,0,5,0,-1,2,0,-1,1,0,1,1,-1,3,0,8,200,0,9223372036800000000,30,0,10,0,0,7,0,2,1,0,0,1,1,0,0,1000,6,2,1,2,0,1,-1,-1,1,-1,0,10,-1,1,1,3,-1,-1,-1,0,0,0,0,0,10,0,0,0,42.68
1,0,0,0,-1,0,1,3,0,0,1,0,-1,2,0,-1,1,0,1,1,-1,3,0,8,200,0,9223372036800000000,30,0,10,0,0,7,0,2,1,0,0,1,1,0,0,1000,6,2,1,2,0,1,-1,-1,1,-1,0,10,-1,1,1,3,-1,-1,-1,0,0,0,0,0,10,0,0,0,42.68
1,0,0,0,-1,0,1,3,0,0,3,0,-1,2,0,-1,1,0,1,1,-1,3,0,8,200,0,9223372036800000000,30,0,10,0,0,7,0,2,1,0,0,1,1,0,0,1000,6,2,1,2,0,1,-1,-1,1,-1,0,10,-1,1,1,3,-1,-1,-1,0,0,0,2,0,10,0,0,0,42.68
1,0,0,0,-1,0,1,3,0,0,3,0,-1,2,0,-1,1,0,1,1,-1,3,0,8,200,0,9223372036800000000,60,0,10,0,0,7,0,2,1,0,0,1,1,0,0,1000,6,2,1,2,0,1,-1,-1,1,-1,0,10,-1,1,1,3,-1,-1,-1,0,0,0,0,0,10,0,0,0,42.68
1,0,0,0,-1,0,1,3,0,0,3,0,-1,2,0,0,1,0,1,1,-1,3,0,8,200,0,9223372036800000000,30,0,10,0,0,7,0,2,1,0,0,1,1,0,0,1000,6,2,1,2,0,1,-1,-1,1,-1,0,10,-1,1,1,3,-1,-1,-1,0,0,0,0,0,10,0,0,0,42.68
1,0,0,0,-1,0,1,3,0,0,3,0,-1,2,0,-1,1,0,1,1,-1,3,0,8,200,0,9223372036800000000,30,0,10,0,0,7,0,2,1,0,0,1,1,0,0,1000,6,2,1,2,0,1,-1,-1,1,-1,0,10,-1,1,1,3,-1,-1,-1,0,0,1,0,0,10,0,0,0,42.68
1,0,0,0,-1,0,1,3,0,0,3,0,-1,2,0,-1,1,0,1,0,-1,3,0,8,200,0,9223372036800000000,30,0,10,0,0,7,0,2,1,0,0,1,1,0,0,1000,6,2,1,2,0,1,-1,-1,1,-1,0,10,-1,1,1,3,-1,-1,-1,0,0,0,0,0,10,0,0,0,42.68
1,0,0,0,-1,0,1,3,0,0,3,0,-1,2,0,-1,1,0,1,1,-1,3,0,8,200,0,9223372036800000000,30,0,10,0,0,7,0,2,1,0,0,1,1,0,0,1000,0,2,1,2,0,1,-1,-1,1,-1,0,10,-1,1,1,3,-1,-1,-1,0,0,0,0,0,10,0,0,0,42.68
1,0,0,0,-1,0,1,3,0,0,3,0,-1,2,0,-1,1,0,1,1,-1,3,0,8,200,0,9223372036800000000,5,0,10,0,0,7,0,2,1,0,0,1,1,0,0,1000,6,2,1,2,0,1,-1,-1,1,-1,0,10,-1,1,1,3,-1,-1,-1,0,0,0,0,0,10,0,0,0,42.68
1,0,0,0,-1,0,1,3,0,0,3,0,-1,2,0,-1,1,0,-1,1,-1,3,0,8,200,0,9223372036800000000,30,0,10,0,0,7,0,2,1,0,0,1,1,0,0,1000,6,2,1,2,0,1,-1,-1,1,-1,0,10,-1,1,1,3,-1,-1,-1,0,0,0,0,0,10,0,0,0,42.68
1,0,0,0,-1,0,1,1,0,0,3,0,3,3,0,-1,-1,1,-1,1,1,3,0,16,25,0,9223372036800000000,5,0,10,0,0,7,0,2,1,0,0,2,1,0,1,0,2,2,2,2,0,1,-1,-1,3,2,0,10,-1,1,1,3,-1,-1,-1,0,0,-1,4,0,10,0,0,0,35.56
1,0,0,0,-1,0,1,3,0,0,3,0,-1,2,0,-1,1,0,1,1,-1,3,0,8,200,0,9223372036800000000,30,0,10,0,0,7,0,2,1,0,0,1,1,0,0,1000,6,2,1,2,0,1,-1,-1,1,-1,0,10,-1,1,1,3,-1,-1,-1,0,0,0,0,0,10,0,0,0,42.68
1,0,0,0,-1,0,1,0,0,0,0,0,1,0,0,0,0,0,1,0,1,3,0,4,50,0,9223372036800000000,0,0,10,0,0,7,0,0,1,0,0,0,1,0,-1,100,3,5,2,2,0,1,-1,-1,-1,-1,0,10,-1,1,1,3,-1,-1,-1,0,0,1,0,0,10,0,0,0,25.61
1,0,0,0,-1,0,1,0,0,0,0,0,1,0,0,0,0,0,1,0,1,3,0,4,50,0,9223372036800000000,0,0,10,0,0,7,0,3,1,0,0,0,1,0,-1,100,3,5,2,2,0,1,-1,-1,-1,1,0,10,-1,1,1,3,-1,-1,-1,0,0,1,0,0,10,0,0,0,25.74
1,0,0,0,-1,0,1,0,0,0,0,0,1,0,0,0,0,0,1,0,1,3,0,1,50,0,9223372036800000000,0,0,10,0,0,7,0,3,1,0,0,0,1,0,-1,100,3,5,2,2,0,1,-1,-1,-1,-1,0,10,-1,1,1,3,-1,-1,-1,0,0,1,0,0,10,0,0,0,33.99
1,0,0,0,-1,0,1,0,0,0,5,0,1,0,0,0,0,0,1,0,1,3,0,4,50,0,9223372036800000000,0,0,10,0,0,7,0,3,1,0,0,0,1,0,-1,100,3,5,2,2,0,1,-1,-1,-1,-1,0,10,-1,1,1,3,-1,-1,-1,0,0,1,0,0,10,0,0,0,25.61
1,0,0,0,-1,0,1,0,0,0,0,0,1,0,0,0,0,0,1,0,1,3,0,2,50,0,9223372036800000000,0,0,10,0,0,7,0,3,1,0,0,0,1,0,-1,100,3,5,2,2,0,1,-1,-1,-1,-1,0,10,-1,1,1,3,-1,-1,-1,0,0,1,0,0,10,0,0,0,25.61
1,0,0,0,-1,0,1,0,0,0,0,0,1,0,0,0,0,0,1,0,0,3,0,4,50,0,9223372036800000000,0,0,10,0,0,7,0,3,1,0,0,0,1,0,-1,100,3,5,2,2,0,1,-1,-1,-1,-1,0,10,-1,1,1,3,-1,-1,-1,0,0,1,0,0,10,0,0,0,25.61
1,0,0,0,-1,0,1,0,0,0,0,0,1,0,0,0,0,0,1,0,1,3,0,-1,50,0,9223372036800000000,0,0,10,0,0,7,0,3,1,0,0,0,1,0,-1,100,3,5,2,2,0,1,-1,-1,-1,-1,0,10,-1,1,1,3,-1,-1,-1,0,0,1,0,0,10,0,0,0,25.61
1,0,0,0,-1,0,1,0,0,0,0,0,1,0,0,0,0,0,1,0,1,3,0,4,400,0,9223372036800000000,0,0,10,0,0,7,0,3,1,0,0,0,1,0,-1,100,3,5,2,2,0,1,-1,-1,-1,-1,0,10,-1,1,1,3,-1,-1,-1,0,0,1,0,0,10,0,0,0,25.74
1,0,0,0,-1,0,1,0,0,0,0,0,1,0,0,0,0,0,1,0,1,3,0,4,50,0,9223372036800000000,0,0,10,0,0,7,0,3,1,0,0,0,1,0,-1,100,3,5,2,2,0,1,-1,-1,-1,-1,0,10,-1,1,1,3,-1,-1,-1,0,0,1,0,0,10,0,0,0,25.61
1,0,0,0,-1,0,1,0,0,0,0,0,1,0,0,0,0,0,1,0,1,3,0,4,50,0,9223372036800000000,0,0,10,0,0,7,0,3,1,0,0,0,1,0,-1,100,3,5,2,2,0,1,-1,-1,-1,-1,0,10,-1,1,1,3,-1,-1,-1,0,0,1,2,0,10,0,0,0,25.74
1,0,0,0,-1,0,1,3,0,0,0,0,1,0,0,0,0,0,1,0,1,3,0,-1,50,0,9223372036800000000,0,0,10,0,0,7,0,3,1,0,0,0,1,0,-1,100,3,5,2,2,0,1,-1,-1,-1,-1,0,10,-1,1,1,3,-1,-1,-1,0,0,1,2,0,10,0,0,0,26.05
1,0,0,0,-1,0,1,3,0,0,0,0,1,0,0,0,0,0,1,0,1,3,0,4,50,0,9223372036800000000,0,0,10,0,0,7,0,3,1,0,0,0,1,0,-1,100,3,5,3,2,0,1,-1,-1,-1,-1,0,10,-1,1,1,3,-1,-1,-1,0,0,1,2,0,10,0,0,0,34.45
1,0,0,0,-1,0,1,3,0,0,0,0,1,0,0,0,0,0,1,0,1,3,0,4,50,0,9223372036800000000,50,0,10,0,0,7,0,3,1,0,0,0,1,0,-1,100,3,5,2,2,0,1,-1,-1,-1,-1,0,10,-1,1,1,3,-1,-1,-1,0,0,1,2,0,10,0,0,0,26.27
1,0,0,0,-1,0,1,3,0,0,0,0,1,0,0,0,0,0,1,0,1,3,0,4,50,0,9223372036800000000,0,0,10,0,0,7,0,3,1,0,0,0,1,0,-1,100,5,5,2,2,0,1,-1,-1,-1,-1,0,10,-1,1,1,3,-1,-1,-1,0,0,1,2,0,10,0,0,0,33.98
1,0,0,0,-1,0,1,2,0,0,5,0,2,1,0,0,-1,2,2,2,2,3,0,4,50,0,9223372036800000000,60,0,10,0,0,7,0,3,1,0,0,2,1,0,3,100,5,0,1,2,0,1,-1,-1,2,3,0,10,-1,1,1,3,-1,-1,-1,0,0,-1,5,0,10,0,0,0,33.85
1,0,0,0,-1,0,1,3,0,0,0,0,1,0,0,0,0,0,1,0,2,3,0,4,50,0,9223372036800000000,0,0,10,0,0,7,0,3,1,0,0,0,1,0,-1,100,3,5,2,2,0,1,-1,-1,-1,-1,0,10,-1,1,1,3,-1,-1,-1,0,0,1,2,0,10,0,0,0,26.05
1,0,0,0,-1,0,1,3,0,0,0,0,1,0,0,0,1,0,1,0,1,3,0,4,50,0,9223372036800000000,0,0,10,0,0,7,0,3,1,0,0,0,1,0,-1,100,3,5,2,2,0,1,-1,-1,-1,-1,0,10,-1,1,1,3,-1,-1,-1,0,0,1,2,0,10,0,0,0,26.05
1,0,0,0,-1,0,1,3,0,0,0,0,1,0,0,0,0,0,1,0,1,3,0,4,25,0,9223372036800000000,0,0,10,0,0,7,0,3,1,0,0,0,1,0,-1,100,3,5,2,2,0,1,-1,-1,-1,-1,0,10,-1,1,1,3,-1,-1,-1,0,0,1,2,0,10,0,0,0,26.05
1,0,0,0,-1,0,1,0,0,0,0,0,0,1,-1,-1,-1,1,2,-1,2,3,0,-1,50,0,9223372036800000000,2,0,10,0,0,7,0,3,1,0,0,0,1,0,2,0,0,0,2,2,0,1,-1,-1,-1,-1,0,10,-1,1,1,3,-1,-1,-1,0,0,1,0,0,10,0,0,0,33.03
1,0,0,0,-1,0,1,2,0,0,1,0,3,3,0,0,0,-1,2,2,-1,3,0,4,200,0,9223372036800000000,40,0,10,0,0,7,0,1,1,0,0,2,1,0,-1,0,0,2,-1,2,0,1,-1,-1,0,0,0,10,-1,1,1,3,-1,-1,-1,0,0,-1,5,0,10,0,0,0,34.38
1,0,0,0,-1,0,1,0,0,0,0,0,1,0,-1,-1,-1,0,2,1,-1,3,0,-1,200,0,9223372036800000000,1e+75,0,10,0,0,7,0,0,1,0,0,1,1,0,2,0,0,0,0,2,0,1,-1,-1,-1,-1,0,10,-1,1,1,3,-1,-1,-1,0,0,1,0,0,10,0,0,0,33.18
1,0,0,0,-1,0,1,0,0,0,0,0,0,3,-1,-1,-1,1,2,-1,2,3,0,-1,150,0,9223372036800000000,2,0,10,0,0,7,0,3,1,0,0,0,1,0,2,0,0,0,2,2,0,1,-1,-1,-1,-1,0,10,-1,1,1,3,-1,-1,-1,0,0,1,0,0,10,0,0,0,33.03
1,0,0,0,-1,0,1,0,0,0,0,0,1,3,1,-1,0,-1,-1,0,-1,3,0,16,400,0,9223372036800000000,50,0,10,0,0,7,0,3,1,0,0,3,1,0,1,60,5,1,2,2,0,1,-1,-1,-1,-1,0,10,-1,1,1,3,-1,-1,-1,0,0,1,4,0,10,0,0,0,38.67
1,0,0,0,-1,0,1,0,0,0,0,0,0,3,-1,-1,-1,1,2,-1,-1,3,0,-1,50,0,9223372036800000000,0,0,10,0,0,7,0,3,1,0,0,0,1,0,2,0,0,0,2,2,0,1,-1,-1,-1,-1,0,10,-1,1,1,3,-1,-1,-1,0,0,1,0,0,10,0,0,0,33.18
1,0,0,0,-1,0,1,0,0,0,0,0,0,3,-1,-1,1,1,2,-1,2,3,0,-1,50,0,9223372036800000000,0,0,10,0,0,7,0,3,1,0,0,0,1,0,2,0,0,0,2,2,0,1,-1,-1,-1,-1,0,10,-1,1,1,3,-1,-1,-1,0,0,1,0,0,10,0,0,0,33.18
1,0,0,0,-1,0,1,1,0,0,0,0,-1,0,-1,1,-1,2,2,2,0,3,0,-1,100,0,9223372036800000000,1e+75,0,10,0,0,7,0,0,1,0,0,1,1,0,1,0,0,0,0,2,0,1,-1,-1,-1,-1,0,10,-1,1,1,3,-1,-1,-1,0,0,1,0,0,10,0,0,0,42.51
1,0,0,0,-1,0,1,3,0,0,0,0,-1,0,1,0,2,2,0,1,0,3,0,16,25,0,9223372036800000000,30,0,10,0,0,7,0,2,1,0,0,1,1,0,1,40,6,0,0,2,0,1,-1,-1,-1,-1,0,10,-1,1,1,3,-1,-1,-1,0,0,1,5,0,10,0,0,0,42.49
1,0,0,0,-1,0,1,0,0,0,0,0,0,3,-1,-1,-1,1,2,-1,2,3,0,-1,10,0,9223372036800000000,0,0,10,0,0,7,0,3,1,0,0,0,1,0,2,0,0,0,2,2,0,1,-1,-1,-1,-1,0,10,-1,1,1,3,-1,-1,-1,0,0,1,0,0,10,0,0,0,33.18
1,0,0,0,-1,0,1,3,1,0,3,0,1,2,0,1,2,-1,2,0,0,3,0,4,800,0,9223372036800000000,20,0,10,0,0,7,0,3,1,0,0,2,1,0,3,200,5,5,-1,2,0,1,-1,-1,1,3,0,10,-1,1,1,3,-1,-1,-1,0,0,-1,2,0,10,0,0,0,33.34
1,0,0,0,-1,0,1,0,0,0,0,0,0,3,-1,-1,-1,1,2,-1,2,3,0,-1,50,0,9223372036800000000,0,0,10,0,0,7,0,3,1,0,0,0,1,0,2,0,0,0,2,2,0,1,-1,-1,-1,-1,0,10,-1,1,1,3,-1,-1,-1,0,0,1,0,0,10,0,0,0,33.18
1,0,0,0,-1,0,1,1,0,0,0,0,2,1,1,-1,2,2,2,2,1,3,0,8,10,0,9223372036800000000,240,0,10,0,0,7,0,1,1,0,0,2,1,0,0,200,6,2,4,2,0,1,-1,-1,-1,-1,0,10,-1,1,1,3,-1,-1,-1,0,0,1,3,0,10,0,0,0,35.56
1,0,0,0,-1,0,1,4,0,0,0,0,-1,3,0,2,1,2,2,1,0,3,0,-1,400,0,9223372036800000000,10,0,10,0,0,7,0,3,1,0,0,0,1,0,0,0,0,0,-1,2,0,1,-1,-1,-1,-1,0,10,-1,1,1,3,-1,-1,-1,0,0,1,0,0,10,0,0,0,42.71
1,0,0,0,-1,0,1,5,0,0,0,0,0,0,1,1,1,1,1,0,2,3,0,-1,200,0,9223372036800000000,1e+75,0,10,0,0,7,0,0,1,0,0,1,1,0,0,0,0,0,0,2,0,1,-1,-1,-1,-1,0,10,-1,1,1,3,-1,-1,-1,0,0,1,0,0,10,0,0,0,38.65
1,0,0,0,-1,0,1,4,0,0,0,0,-1,3,0,2,1,2,2,1,2,3,0,-1,400,0,9223372036800000000,2,0,10,0,0,7,0,3,1,0,0,0,1,0,0,0,0,0,-1,2,0,1,-1,-1,-1,-1,0,10,-1,1,1,3,-1,-1,-1,0,0,1,0,0,10,0,0,0,42.71
1,0,0,0,-1,0,1,4,0,0,0,0,-1,3,0,2,1,2,2,1,2,3,0,-1,200,0,9223372036800000000,10,0,10,0,0,7,0,3,1,0,0,0,1,0,0,0,0,0,-1,2,0,1,-1,-1,-1,-1,0,10,-1,1,1,3,-1,-1,-1,0,0,1,0,0,10,0,0,0,42.71
1,0,0,0,-1,0,1,4,0,0,0,0,3,3,-1,0,2,1,-1,-1,2,3,0,8,200,0,9223372036800000000,60,0,10,0,0,7,0,0,1,0,0,0,1,0,3,500,0,0,-1,2,0,1,-1,-1,-1,-1,0,10,-1,1,1,3,-1,-1,-1,0,0,1,0,0,10,0,0,0,33.44
1,0,0,0,-1,0,1,4,1,0,3,0,2,-1,1,1,-1,1,2,-1,0,3,0,8,50,0,9223372036800000000,0,0,10,0,0,7,0,2,1,0,0,3,1,0,0,40,3,5,4,2,0,1,-1,-1,2,2,0,10,-1,1,1,3,-1,-1,-1,0,0,0,2,0,10,0,0,0,32.44
1,0,0,0,-1,0,1,3,0,0,0,0,3,-1,1,1,1,2,-1,2,0,3,0,8,10,0,9223372036800000000,0,0,10,0,0,7,0,3,1,0,0,1,1,0,3,40,0,0,0,2,0,1,-1,-1,-1,-1,0,10,-1,1,1,3,-1,-1,-1,0,0,1,0,0,10,0,0,0,33.44
1,0,0,0,-1,0,1,3,1,0,0,0,1,0,0,0,0,0,1,0,1,3,0,4,50,0,9223372036800000000,0,0,10,0,0,7,0,3,1,0,0,0,1,0,-1,100,3,5,2,2,0,1,-1,-1,-1,-1,0,10,-1,1,1,1,-1,-1,-1,0,0,1,2,0,10,0,0,0,24.23
1,0,0,0,-1,0,1,0,0,0,0,0,3,0,-1,1,1,1,1,-1,2,3,0,-1,200,0,9223372036800000000,1e+75,0,10,0,0,7,0,0,1,0,0,1,1,0,0,0,0,0,0,2,0,1,-1,-1,-1,-1,0,10,-1,1,1,3,-1,-1,-1,0,0,1,0,0,10,0,0,0,33.48
1,0,0,0,-1,0,1,4,0,0,0,0,-1,3,0,2,1,2,2,1,2,3,0,-1,400,0,9223372036800000000,10,0,10,0,0,7,0,0,1,0,0,0,1,0,0,0,0,0,-1,2,0,1,-1,-1,-1,-1,0,10,-1,1,1,3,-1,-1,-1,0,0,1,0,0,10,0,0,0,42.71
1,0,0,0,-1,0,1,3,0,0,0,0,2,0,0,2,-1,0,0,0,-1,3,0,-1,100,0,9223372036800000000,1e+75,0,10,0,0,7,0,0,1,0,0,1,1,0,0,0,0,0,0,2,0,1,-1,-1,-1,-1,0,10,-1,1,1,3,-1,-1,-1,0,0,1,0,0,10,0,0,0,34.02
1,0,0,0,-1,0,1,4,0,0,0,0,-1,3,0,2,1,2,2,1,2,3,0,-1,400,0,9223372036800000000,40,0,10,0,0,7,0,3,1,0,0,0,1,0,0,0,0,0,-1,2,0,1,-1,-1,-1,-1,0,10,-1,1,1,3,-1,-1,-1,0,0,1,0,0,10,0,0,0,42.71
1,0,0,0,-1,0,1,0,0,0,0,0,0,3,-1,-1,-1,1,2,-1,2,3,0,-1,50,0,9223372036800000000,0,0,10,0,0,7,0,3,1,0,0,0,1,0,2,0,0,0,0,2,0,1,-1,-1,-1,-1,0,10,-1,1,1,3,-1,-1,-1,0,0,1,0,0,10,0,0,0,33.18
1,0,0,0,-1,0,1,4,0,0,0,0,2,0,-1,1,0,2,1,0,2,3,0,4,100,0,9223372036800000000,1,0,10,0,0,7,0,3,1,0,0,2,1,0,2,60,0,1,3,2,0,1,-1,-1,-1,-1,0,10,-1,1,1,3,-1,-1,-1,0,0,1,0,0,10,0,0,0,38.58
1,0,0,0,-1,0,1,4,0,0,0,0,-1,2,0,2,1,2,2,1,2,3,0,-1,400,0,9223372036800000000,10,0,10,0,0,7,0,3,1,0,0,0,1,0,0,0,0,0,-1,2,0,1,-1,-1,-1,-1,0,10,-1,1,1,3,-1,-1,-1,0,0,1,0,0,10,0,0,0,42.71
1,0,0,0,-1,0,1,2,0,0,0,0,-1,0,0,-1,2,-1,0,0,1,3,0,-1,25,0,9223372036800000000,240,0,10,0,0,7,0,0,1,0,0,3,1,0,1,0,0,0,3,2,0,1,-1,-1,-1,-1,0,10,-1,1,1,3,-1,-1,-1,0,0,1,0,0,10,0,0,0,42.18
1,0,0,0,-1,0,1,2,0,0,0,0,-1,1,0,-1,2,-1,0,1,0,3,0,-1,200,0,9223372036800000000,50,0,10,0,0,7,0,2,1,0,0,3,1,0,3,0,0,0,2,2,0,1,-1,-1,-1,-1,0,10,-1,1,1,3,-1,-1,-1,0,0,1,0,0,10,0,0,0,42.85
1,0,0,0,-1,0,1,5,0,0,4,0,2,3,-1,0,-1,2,0,2,0,3,0,-1,50,0,9223372036800000000,0,0,10,0,0,7,0,0,1,0,0,2,1,0,2,1000,2,1,0,2,0,1,-1,-1,2,1,0,10,-1,1,1,3,-1,-1,-1,0,0,1,0,0,10,0,0,0,42.79
1,0,0,0,-1,0,1,3,0,0,0,0,3,3,0,2,-1,2,2,2,1,3,0,-1,10,0,9223372036800000000,1e+75,0,10,0,0,7,0,2,1,0,0,3,1,0,0,0,0,0,1,2,0,1,-1,-1,-1,-1,0,10,-1,1,1,3,-1,-1,-1,0,0,1,0,0,10,0,0,0,33.75
1,0,0,0,-1,0,1,3,1,0,1,0,0,2,-1,0,-1,1,-1,2,-1,3,0,1,50,0,9223372036800000000,50,0,10,0,0,7,0,0,1,0,0,3,1,0,2,100,0,0,2,2,0,1,-1,-1,-1,-1,0,10,-1,1,1,3,-1,-1,-1,0,0,1,3,0,10,0,0,0,30.05
1,0,0,0,-1,0,1,3,0,0,0,0,3,3,0,2,-1,2,2,2,1,3,0,-1,100,0,9223372036800000000,1e+75,0,10,0,0,7,0,2,1,0,0,3,1,0,0,0,0,0,-1,2,0,1,-1,-1,-1,-1,0,10,-1,1,1,3,-1,-1,-1,0,0,1,0,0,10,0,0,0,34.02
1,0,0,0,-1,0,1,2,0,0,0,0,2,3,1,-1,0,1,1,1,2,3,0,-1,10,0,9223372036800000000,5,0,10,0,0,7,0,1,1,0,0,2,1,0,2,500,6,0,0,2,0,1,-1,-1,-1,-1,0,10,-1,1,1,3,-1,-1,-1,0,0,1,0,0,10,0,0,0,32.88
1,0,0,0,-1,0,1,0,0,0,0,0,0,0,0,0,0,0,0,0,1,3,0,-1,200,0,9223372036800000000,1e+75,0,10,0,0,7,0,0,1,0,0,1,1,0,0,0,0,0,0,2,0,1,-1,-1,-1,-1,0,10,-1,1,1,3,-1,-1,-1,0,0,1,0,0,10,0,0,0,33.48
1,0,0,0,-1,0,1,5,0,0,0,0,0,2,0,2,1,0,0,2,0,3,0,-1,800,0,9223372036800000000,240,0,10,0,0,7,0,2,1,0,0,3,1,0,0,40,0,0,2,2,0,1,-1,-1,-1,-1,0,10,-1,1,1,3,-1,-1,-1,0,0,1,0,0,10,0,0,0,38.65
1,0,0,0,-1,0,1,4,0,0,0,0,0,1,1,0,1,1,0,2,-1,3,0,2,10,0,9223372036800000000,10,0,10,0,0,7,0,1,1,0,0,2,1,0,2,20,0,0,3,2,0,1,-1,-1,-1,-1,0,10,-1,1,1,3,-1,-1,-1,0,0,1,0,0,10,0,0,0,32.88
1,0,0,0,-1,0,1,3,0,0,0,0,3,3,0,2,-1,1,2,2,1,3,0,-1,100,0,9223372036800000000,240,0,10,0,0,7,0,2,1,0,0,3,1,0,-1,0,0,0,1,2,0,1,-1,-1,-1,-1,0,10,-1,1,1,3,-1,-1,-1,0,0,1,0,0,10,0,0,0,35.56
1,0,0,0,-1,0,1,3,0,0,0,0,3,3,0,2,-1,1,2,-1,1,3,0,-1,100,0,9223372036800000000,30,0,10,0,0,7,0,2,1,0,0,3,1,0,-1,0,0,0,1,2,0,1,-1,-1,-1,-1,0,10,-1,1,1,3,-1,-1,-1,0,0,1,0,0,10,0,0,0,35.56
1,0,0,0,-1,0,1,2,0,0,0,0,3,0,1,0,-1,1,2,-1,0,3,0,-1,800,0,9223372036800000000,1e+75,0,10,0,0,7,0,0,1,0,0,1,1,0,0,0,0,0,0,2,0,1,-1,-1,-1,-1,0,10,-1,1,1,3,-1,-1,-1,0,0,1,0,0,10,0,0,0,33.48
1,0,0,0,-1,0,1,0,0,0,0,0,-1,-1,1,2,0,-1,2,0,1,3,0,-1,10,0,9223372036800000000,0,0,10,0,0,7,0,3,1,0,0,2,1,0,-1,0,0,0,3,2,0,1,-1,-1,-1,-1,0,10,-1,1,1,3,-1,-1,-1,0,0,1,0,0,10,0,0,0,42.33
1,0,0,0,-1,0,1,4,0,0,0,0,1,-1,-1,2,2,2,-1,2,-1,3,0,-1,10,0,9223372036800000000,30,0,10,0,0,7,0,3,1,0,0,0,1,0,1,0,0,0,0,2,0,1,-1,-1,-1,-1,0,10,-1,1,1,3,-1,-1,-1,0,0,1,0,0,10,0,0,0,33.51
1,0,0,0,-1,0,1,2,0,0,0,0,-1,1,0,-1,2,-1,0,1,0,3,0,-1,200,0,9223372036800000000,40,0,10,0,0,7,0,2,1,0,0,3,1,0,3,0,0,0,4,2,0,1,-1,-1,-1,-1,0,10,-1,1,1,3,-1,-1,-1,0,0,1,0,0,10,0,0,0,42.6
1,0,0,0,-1,0,1,0,0,0,0,0,0,0,0,0,0,0,0,0,0,3,0,-1,150,0,9223372036800000000,1,0,10,0,0,4,0,0,1,0,0,1,1,0,2,-1,0,0,0,2,0,1,-1,-1,-1,-1,0,10,-1,1,1,3,-1,-1,-1,0,0,1,0,0,10,0,0,0,32.92
1,0,0,0,-1,0,1,0,0,0,0,0,0,0,0,0,0,0,-1,0,0,3,0,-1,150,0,9223372036800000000,1e+75,0,10,0,0,7,0,0,1,0,0,1,1,0,0,0,0,0,0,2,0,1,-1,-1,-1,-1,0,10,-1,1,1,3,-1,-1,-1,0,0,1,0,0,10,0,0,0,33.37
1,0,0,0,-1,0,1,2,0,0,0,0,-1,1,0,-1,2,-1,-1,1,0,3,0,-1,200,0,9223372036800000000,2,0,10,0,0,7,0,2,1,0,0,3,1,0,3,0,0,0,4,2,0,1,-1,-1,-1,-1,0,10,-1,1,1,3,-1,-1,-1,0,0,1,0,0,10,0,0,0,42.6
1,0,0,0,-1,0,1,1,0,0,0,0,2,0,-1,2,-1,-1,-1,0,-1,3,0,8,25,0,9223372036800000000,50,0,10,0,0,7,0,1,1,0,0,2,1,0,2,500,4,2,1,2,0,1,-1,-1,-1,-1,0,10,-1,1,1,3,-1,-1,-1,0,0,1,0,0,10,0,0,0,59.9
1,0,0,0,-1,0,1,2,0,0,0,0,-1,0,0,-1,-1,-1,0,0,1,3,0,-1,25,0,9223372036800000000,120,0,10,0,0,7,0,0,1,0,0,3,1,0,1,0,0,0,3,2,0,1,-1,-1,-1,-1,0,10,-1,1,1,3,-1,-1,-1,0,0,1,0,0,10,0,0,0,42.18
1,0,0,0,-1,0,1,2,0,0,0,0,-1,1,0,-1,2,-1,0,1,0,3,0,-1,200,0,9223372036800000000,1e+75,0,10,0,0,7,0,2,1,0,0,3,1,0,3,0,0,0,2,2,0,1,-1,-1,-1,-1,0,10,-1,1,1,3,-1,-1,-1,0,0,1,0,0,10,0,0,0,42.85
1,0,0,0,-1,0,1,2,0,0,0,0,-1,1,0,-1,2,-1,0,1,0,3,0,-1,200,0,9223372036800000000,2,0,10,0,0,7,0,1,1,0,0,3,1,0,3,0,0,0,2,2,0,1,-1,-1,-1,-1,0,10,-1,1,1,3,-1,-1,-1,0,0,1,0,0,10,0,0,0,42.85
1,0,0,0,-1,0,1,3,0,0,0,0,1,0,-1,-1,0,2,1,0,-1,3,0,-1,25,0,9223372036800000000,1e+75,0,10,0,0,7,0,0,1,0,0,1,1,0,0,0,0,0,0,2,0,1,-1,-1,-1,-1,0,10,-1,1,1,3,-1,-1,-1,0,0,1,0,0,10,0,0,0,33.75
1,0,0,0,-1,0,1,2,0,0,0,0,-1,0,0,-1,-1,-1,0,0,1,3,0,-1,25,0,9223372036800000000,2,0,10,0,0,7,0,0,1,0,0,3,1,0,1,0,0,0,3,2,0,1,-1,-1,-1,-1,0,10,-1,1,1,3,-1,-1,-1,0,0,1,0,0,10,0,0,0,42.18
1,0,0,0,-1,0,1,2,0,0,0,0,2,3,1,-1,0,1,1,1,2,3,0,16,10,0,9223372036800000000,1e+75,0,10,0,0,7,0,1,1,0,0,2,1,0,2,500,6,0,0,2,0,1,-1,-1,-1,-1,0,10,-1,1,1,3,-1,-1,-1,0,0,1,0,0,10,0,0,0,32.97
1,0,0,0,-1,0,1,2,0,0,0,0,-1,1,0,-1,2,-1,0,1,0,3,0,-1,200,0,9223372036800000000,2,0,10,0,0,7,0,2,1,0,0,3,1,0,3,0,0,0,2,2,0,1,-1,-1,-1,-1,0,10,-1,1,1,3,-1,-1,-1,0,0,1,0,0,10,0,0,0,42.85
1,0,0,0,-1,0,1,0,0,0,0,0,-1,0,-1,1,-1,-1,2,1,0,3,0,-1,400,0,9223372036800000000,50,0,10,0,0,7,0,3,1,0,0,1,1,0,0,0,0,0,0,2,0,1,-1,-1,-1,-1,0,10,-1,1,1,3,-1,-1,-1,0,0,1,0,0,10,0,0,0,42.4
1,0,0,0,-1,0,1,5,0,0,0,0,-1,1,1,2,1,2,-1,2,-1,3,0,16,200,0,9223372036800000000,10,0,10,0,0,7,0,3,1,0,0,2,1,0,2,1000,1,0,3,2,0,1,-1,-1,-1,-1,0,10,-1,1,1,3,-1,-1,-1,0,0,1,0,0,10,0,0,0,42.73
1,0,0,0,-1,0,1,0,0,0,0,0,2,2,-1,2,2,1,1,0,-1,3,0,-1,800,0,9223372036800000000,5,0,10,0,0,7,0,1,1,0,0,1,1,0,1,0,0,0,0,2,0,1,-1,-1,-1,-1,0,10,-1,1,1,3,-1,-1,-1,0,0,1,0,0,10,0,0,0,33.66
1,0,0,0,-1,0,1,0,0,0,0,0,2,2,-1,2,1,1,1,0,-1,3,0,-1,100,0,9223372036800000000,5,0,10,0,0,7,0,1,1,0,0,1,1,0,1,0,0,0,0,2,0,1,-1,-1,-1,-1,0,10,-1,1,1,3,-1,-1,-1,0,0,1,0,0,10,0,0,0,33.57
1,0,0,0,-1,0,1,4,0,0,0,0,0,1,0,0,1,2,2,1,2,3,0,1,10,0,9223372036800000000,1e+75,0,10,0,0,7,0,3,1,0,0,3,1,0,0,100,6,0,3,2,0,1,-1,-1,-1,-1,0,10,-1,1,1,3,-1,-1,-1,0,0,1,0,0,10,0,0,0,42.04
1,0,0,0,-1,0,1,4,0,0,0,0,1,0,1,0,0,-1,2,1,2,3,0,2,25,0,9223372036800000000,0,0,10,0,0,7,0,2,1,0,0,2,1,0,-1,20,3,0,0,2,0,1,-1,-1,-1,-1,0,10,-1,1,1,3,-1,-1,-1,0,0,1,0,0,10,0,0,0,33.48
1,0,0,0,-1,0,1,0,0,0,0,0,-1,0,-1,2,0,-1,1,0,-1,3,0,8,200,0,9223372036800000000,10,0,10,0,0,7,0,2,1,0,0,1,1,0,1,60,1,0,2,2,0,1,-1,-1,-1,-1,0,10,-1,1,1,3,-1,-1,-1,0,0,1,0,0,10,0,0,0,42.81
1,0,0,0,-1,0,1,0,0,0,0,0,0,3,-1,-1,-1,1,2,-1,1,3,0,-1,50,0,9223372036800000000,2,0,10,0,0,7,0,3,1,0,0,0,1,0,2,0,0,0,2,2,0,1,-1,-1,-1,-1,0,10,-1,1,1,3,-1,-1,-1,0,0,1,0,0,10,0,0,0,33.03
1,0,0,0,-1,0,1,3,1,0,5,0,-1,-1,-1,-1,2,1,-1,-1,0,3,0,1,800,0,9223372036800000000,50,0,10,0,0,7,0,3,1,0,0,0,1,0,1,20,4,2,3,2,0,1,-1,-1,-1,2,0,10,-1,1,1,3,-1,-1,-1,0,0,1,2,0,10,0,0,0,29.69
1,0,0,0,-1,0,1,5,0,0,0,0,-1,-1,-1,-1,0,-1,-1,1,0,3,0,-1,150,0,9223372036800000000,40,0,10,0,0,7,0,1,1,0,0,1,1,0,0,0,0,0,3,2,0,1,-1,-1,-1,-1,0,10,-1,1,1,3,-1,-1,-1,0,0,1,0,0,10,0,0,0,42.72
1,0,0,0,-1,0,1,0,0,0,0,0,2,2,-1,2,0,1,1,0,-1,3,0,-1,100,0,9223372036800000000,5,0,10,0,0,7,0,1,1,0,0,1,1,0,1,0,0,0,0,2,0,1,-1,-1,-1,-1,0,10,-1,1,1,3,-1,-1,-1,0,0,1,0,0,10,0,0,0,33.57
1,0,0,0,-1,0,1,0,0,0,0,0,2,2,-1,2,2,1,1,0,-1,3,0,-1,100,0,9223372036800000000,50,0,10,0,0,7,0,1,1,0,0,1,1,0,1,0,0,0,0,2,0,1,-1,-1,-1,-1,0,10,-1,1,1,3,-1,-1,-1,0,0,1,0,0,10,0,0,0,33.57
1,0,0,0,-1,0,1,0,0,0,0,0,2,2,-1,2,2,1,1,0,-1,3,0,-1,100,0,9223372036800000000,20,0,10,0,0,7,0,1,1,0,0,1,1,0,1,0,0,0,0,2,0,1,-1,-1,-1,-1,0,10,-1,1,1,3,-1,-1,-1,0,0,1,0,0,10,0,0,0,33.57
1,0,0,0,-1,0,1,0,0,0,0,0,0,-1,-1,2,1,2,0,2,-1,3,0,16,10,0,9223372036800000000,20,0,10,0,0,7,0,2,1,0,0,0,1,0,-1,200,1,0,-1,2,0,1,-1,-1,-1,-1,0,10,-1,1,1,3,-1,-1,-1,0,0,1,0,0,10,0,0,0,33.34
1,0,0,0,-1,0,1,1,0,0,0,0,2,1,0,-1,2,1,1,1,1,3,0,-1,150,0,9223372036800000000,2,0,10,0,0,7,0,1,1,0,0,3,1,0,3,0,0,0,0,2,0,1,-1,-1,-1,-1,0,10,-1,1,1,3,-1,-1,-1,0,0,1,0,0,10,0,0,0,35.23
1,0,0,0,-1,0,1,0,0,0,0,0,0,3,-1,-1,-1,1,2,-1,2,3,0,-1,100,0,9223372036800000000,0,0,10,0,0,7,0,3,1,0,0,0,1,0,2,0,0,0,2,2,0,1,-1,-1,-1,-1,0,10,-1,1,1,3,-1,-1,-1,0,0,1,0,0,10,0,0,0,33.18
1,0,0,0,-1,0,1,1,0,0,0,0,2,0,1,2,1,-1,1,2,0,3,0,-1,400,0,9223372036800000000,1e+75,0,10,0,0,7,0,0,1,0,0,1,1,0,0,0,0,0,0,2,0,1,-1,-1,-1,-1,0,10,-1,1,1,3,-1,-1,-1,0,0,1,0,0,10,0,0,0,35.42
1,0,0,0,-1,0,1,0,0,0,0,0,0,0,0,0,-1,0,0,0,0,3,0,-1,50,0,9223372036800000000,240,0,10,0,0,7,0,0,1,0,0,1,1,0,2,60,0,0,0,2,0,1,-1,-1,-1,-1,0,10,-1,1,1,3,-1,-1,-1,0,0,1,0,0,10,0,0,0,32.88
1,0,0,0,-1,0,1,1,0,0,0,0,2,1,0,-1,2,1,-1,1,1,3,0,-1,150,0,9223372036800000000,2,0,10,0,0,7,0,1,1,0,0,2,1,0,3,0,0,0,0,2,0,1,-1,-1,-1,-1,0,10,-1,1,1,3,-1,-1,-1,0,0,1,0,0,10,0,0,0,35.23
1,0,0,0,-1,0,1,1,0,0,0,0,2,1,0,-1,2,1,-1,1,1,3,0,-1,150,0,9223372036800000000,5,0,10,0,0,7,0,1,1,0,0,3,1,0,3,0,0,0,0,2,0,1,-1,-1,-1,-1,0,10,-1,1,1,3,-1,-1,-1,0,0,1,0,0,10,0,0,0,35.23
1,0,0,0,-1,0,1,0,0,0,0,0,2,0,0,1,1,2,-1,1,1,3,0,-1,10,0,9223372036800000000,30,0,10,0,0,7,0,3,1,0,0,3,1,0,2,0,0,0,4,2,0,1,-1,-1,-1,-1,0,10,-1,1,1,3,-1,-1,-1,0,0,1,0,0,10,0,0,0,33.13
1,0,0,0,-1,0,1,0,0,0,0,0,0,0,0,0,0,0,0,0,0,3,0,-1,150,0,9223372036800000000,0,0,10,0,0,7,0,0,1,0,0,1,1,0,0,0,0,0,0,2,0,1,-1,-1,-1,-1,0,10,-1,1,1,3,-1,-1,-1,0,0,1,0,0,10,0,0,0,33.37
1,0,0,0,-1,0,1,2,0,0,0,0,-1,1,0,-1,2,-1,0,1,-1,3,0,-1,200,0,9223372036800000000,2,0,10,0,0,7,0,2,1,0,0,3,1,0,3,0,0,0,4,2,0,1,-1,-1,-1,-1,0,10,-1,1,1,3,-1,-1,-1,0,0,1,0,0,10,0,0,0,42.6
1,0,0,0,-1,0,1,1,0,0,0,0,2,1,0,-1,2,1,-1,-1,1,3,0,-1,150,0,9223372036800000000,2,0,10,0,0,7,0,1,1,0,0,3,1,0,3,0,0,0,0,2,0,1,-1,-1,-1,-1,0,10,-1,1,1,3,-1,-1,-1,0,0,1,0,0,10,0,0,0,35.23
1,0,0,0,-1,0,1,0,0,0,0,0,3,-1,1,2,-1,0,-1,2,-1,3,0,-1,50,0,9223372036800000000,0,0,10,0,0,7,0,3,1,0,0,0,1,0,-1,100,0,0,-1,2,0,1,-1,-1,-1,-1,0,10,-1,1,1,3,-1,-1,-1,0,0,1,0,0,10,0,0,0,33.27
1,0,0,0,-1,0,1,5,0,0,0,0,1,2,1,-1,-1,0,2,-1,-1,3,0,-1,200,0,9223372036800000000,1,0,10,0,0,7,0,3,1,0,0,0,1,0,0,60,6,3,0,2,0,1,-1,-1,-1,-1,0,10,-1,1,1,3,-1,-1,-1,0,0,1,0,0,10,0,0,0,42.92
1,0,0,0,-1,0,1,1,0,0,0,0,2,1,0,-1,2,1,-1,1,1,3,0,-1,150,0,9223372036800000000,20,0,10,0,0,7,0,1,1,0,0,3,1,0,3,0,0,0,0,2,0,1,-1,-1,-1,-1,0,10,-1,1,1,3,-1,-1,-1,0,0,1,0,0,10,0,0,0,35.23
1,0,0,0,-1,0,1,1,0,0,0,0,2,1,0,-1,2,1,-1,1,1,3,0,-1,150,0,9223372036800000000,1e+75,0,10,0,0,7,0,1,1,0,0,3,1,0,3,0,0,0,0,2,0,1,-1,-1,-1,-1,0,10,-1,1,1,3,-1,-1,-1,0,0,1,0,0,10,0,0,0,35.23
1,0,0,0,-1,0,1,5,1,0,2,0,-1,1,-1,0,2,-1,1,0,1,3,0,2,200,0,9223372036800000000,5,0,10,0,0,7,0,1,1,0,0,0,1,0,0,20,2,5,2,2,0,1,-1,-1,2,-1,0,10,-1,1,1,3,-1,-1,-1,0,0,1,2,0,10,0,0,0,29.87
1,0,0,0,-1,0,1,1,0,0,0,0,2,1,0,-1,2,1,-1,1,1,3,0,-1,100,0,9223372036800000000,2,0,10,0,0,7,0,1,1,0,0,3,1,0,3,0,0,0,0,2,0,1,-1,-1,-1,-1,0,10,-1,1,1,3,-1,-1,-1,0,0,1,0,0,10,0,0,0,35.23
1,0,0,0,-1,0,1,1,0,0,0,0,2,1,0,-1,2,1,-1,1,1,3,0,-1,400,0,9223372036800000000,2,0,10,0,0,7,0,1,1,0,0,3,1,0,3,0,0,0,0,2,0,1,-1,-1,-1,-1,0,10,-1,1,1,3,-1,-1,-1,0,0,1,0,0,10,0,0,0,35.23
1,0,0,0,-1,0,1,0,0,0,0,0,2,0,1,1,0,2,-1,1,1,3,0,-1,10,0,9223372036800000000,30,0,10,0,0,7,0,3,1,0,0,3,1,0,2,0,0,0,4,2,0,1,-1,-1,-1,-1,0,10,-1,1,1,3,-1,-1,-1,0,0,1,0,0,10,0,0,0,33.13
1,0,0,0,-1,0,1,2,0,0,1,0,3,3,0,0,0,-1,2,2,-1,3,0,1,200,0,9223372036800000000,40,0,10,0,0,7,0,1,1,0,0,2,1,0,-1,0,0,0,-1,2,0,1,-1,-1,0,0,0,10,-1,1,1,3,-1,-1,-1,0,0,-1,5,0,10,0,0,0,42.91
1,0,0,0,-1,0,1,0,0,0,0,0,2,0,0,1,0,2,-1,1,1,3,0,-1,10,0,9223372036800000000,30,0,10,0,0,7,0,1,1,0,0,3,1,0,2,0,0,0,4,2,0,1,-1,-1,-1,-1,0,10,-1,1,1,3,-1,-1,-1,0,0,1,0,0,10,0,0,0,33.13
1,0,0,0,-1,0,1,4,0,0,0,0,0,0,0,0,2,1,1,-1,2,3,0,-1,100,0,9223372036800000000,1e+75,0,10,0,0,7,0,0,1,0,0,1,1,0,0,0,0,0,0,2,0,1,-1,-1,-1,-1,0,10,-1,1,1,3,-1,-1,-1,0,0,1,0,0,10,0,0,0,33.37
1,0,0,0,-1,0,1,4,0,0,0,0,1,0,1,1,1,0,2,-1,1,3,0,-1,150,0,9223372036800000000,1e+75,0,10,0,0,7,0,0,1,0,0,1,1,0,0,0,0,0,0,2,0,1,-1,-1,-1,-1,0,10,-1,1,1,3,-1,-1,-1,0,0,1,0,0,10,0,0,0,33.37
1,0,0,0,-1,0,1,0,0,0,0,0,2,1,0,1,0,2,-1,1,1,3,0,-1,10,0,9223372036800000000,30,0,10,0,0,7,0,3,1,0,0,3,1,0,2,0,0,0,4,2,0,1,-1,-1,-1,-1,0,10,-1,1,1,3,-1,-1,-1,0,0,1,0,0,10,0,0,0,33.13
1,0,0,0,-1,0,4,1,0,0,0,0,3,0,-1,1,1,1,2,-1,1,3,0,16,400,0,9223372036800000000,1e+75,0,10,0,0,7,0,2,1,0,0,1,1,0,-1,100,5,0,-1,2,0,1,-1,-1,-1,-1,0,10,-1,1,1,3,-1,-1,-1,0,0,1,0,0,10,0,0,0,34.89
1,0,0,0,-1,0,1,0,0,0,0,0,2,0,0,1,0,2,-1,1,1,3,0,-1,10,0,9223372036800000000,30,0,10,0,0,7,0,3,1,0,0,3,1,0,2,0,0,0,-1,2,0,1,-1,-1,-1,-1,0,10,-1,1,1,3,-1,-1,-1,0,0,1,0,0,10,0,0,0,33.13
1,0,0,0,-1,0,1,0,0,0,0,0,2,0,0,1,2,2,-1,1,1,3,0,-1,10,0,9223372036800000000,30,0,10,0,0,7,0,3,1,0,0,3,1,0,2,0,0,0,4,2,0,1,-1,-1,-1,-1,0,10,-1,1,1,3,-1,-1,-1,0,0,1,0,0,10,0,0,0,33.13
1,0,0,0,-1,0,1,0,0,0,0,0,2,0,0,1,0,2,-1,1,1,3,0,-1,10,0,9223372036800000000,240,0,10,0,0,7,0,3,1,0,0,3,1,0,2,0,0,0,4,2,0,1,-1,-1,-1,-1,0,10,-1,1,1,3,-1,-1,-1,0,0,1,0,0,10,0,0,0,33.13
1,0,0,0,-1,0,1,1,0,0,0,0,-1,0,-1,2,2,-1,-1,2,2,3,0,-1,50,0,9223372036800000000,1e+75,0,10,0,0,7,0,0,1,0,0,1,1,0,1,0,0,0,0,2,0,1,-1,-1,-1,-1,0,10,-1,1,1,3,-1,-1,-1,0,0,1,0,0,10,0,0,0,42.18
1,0,0,0,-1,0,1,0,0,0,0,0,-1,-1,0,1,2,2,-1,2,-1,3,0,-1,10,0,9223372036800000000,50,0,10,0,0,7,0,0,1,0,0,3,1,0,-1,20,0,0,1,2,0,1,-1,-1,-1,-1,0,10,-1,1,1,3,-1,-1,-1,0,0,1,0,0,10,0,0,0,42.64
1,0,0,0,-1,0,1,3,1,0,3,0,1,2,0,1,2,-1,2,0,0,3,0,4,800,0,9223372036800000000,20,0,10,0,0,7,0,3,1,0,0,2,1,0,3,200,5,5,0,2,0,1,-1,-1,1,3,0,10,-1,1,1,3,-1,-1,-1,0,0,-1,2,0,10,0,0,0,33.34
1,0,0,0,-1,0,1,0,0,0,0,0,0,0,1,2,-1,0,1,1,2,3,0,-1,100,0,9223372036800000000,1e+75,0,10,0,0,7,0,2,1,0,0,2,1,0,2,0,0,0,4,2,0,1,-1,-1,-1,-1,0,10,-1,1,1,3,-1,-1,-1,0,0,1,0,0,10,0,0,0,33.18
1,0,0,0,-1,0,1,0,0,0,0,0,-1,-1,-1,0,1,2,-1,2,-1,3,0,-1,10,0,9223372036800000000,20,0,10,0,0,7,0,2,1,0,0,2,1,0,1,0,0,0,3,2,0,1,-1,-1,-1,-1,0,10,-1,1,1,3,-1,-1,-1,0,0,1,0,0,10,0,0,0,42.64
1,0,0,0,-1,0,1,1,0,0,0,0,2,1,0,-1,2,1,-1,1,1,3,0,-1,150,0,9223372036800000000,2,0,10,0,0,7,0,1,1,0,0,3,1,0,3,0,0,0,4,2,0,1,-1,-1,-1,-1,0,10,-1,1,1,3,-1,-1,-1,0,0,1,0,0,10,0,0,0,35.23
1,0,0,0,-1,0,1,0,0,0,0,0,0,0,1,2,-1,0,1,1,1,3,0,-1,100,0,9223372036800000000,1e+75,0,10,0,0,7,0,2,1,0,0,2,1,0,2,0,0,0,1,2,0,1,-1,-1,-1,-1,0,10,-1,1,1,3,-1,-1,-1,0,0,1,0,0,10,0,0,0,33.18
1,0,0,0,-1,0,1,3,0,0,0,0,-1,0,-1,-1,0,2,1,2,-1,3,0,-1,25,0,9223372036800000000,1e+75,0,10,0,0,7,0,0,1,0,0,1,1,0,0,0,0,0,0,2,0,1,-1,-1,-1,-1,0,10,-1,1,1,3,-1,-1,-1,0,0,1,0,0,10,0,0,0,42.52
1,0,0,0,-1,0,1,0,0,0,0,0,0,2,1,2,-1,0,1,1,2,3,0,-1,100,0,9223372036800000000,1e+75,0,10,0,0,7,0,2,1,0,0,2,1,0,2,0,0,0,1,2,0,1,-1,-1,-1,-1,0,10,-1,1,1,3,-1,-1,-1,0,0,1,0,0,10,0,0,0,33.18
1,0,0,0,-1,0,1,1,0,0,0,0,2,1,0,-1,2,1,-1,1,1,3,0,-1,150,0,9223372036800000000,2,0,10,0,0,7,0,2,1,0,0,3,1,0,3,0,0,0,0,2,0,1,-1,-1,-1,-1,0,10,-1,1,1,3,-1,-1,-1,0,0,1,0,0,10,0,0,0,35.23
1,0,0,0,-1,0,1,0,0,0,0,0,0,0,1,2,-1,0,1,1,2,3,0,-1,100,0,9223372036800000000,1e+75,0,10,0,0,7,0,2,1,0,0,2,1,0,2,0,0,0,1,2,0,1,-1,-1,-1,-1,0,10,-1,1,1,3,-1,-1,-1,0,0,1,0,0,10,0,0,0,33.18
1,0,0,0,-1,0,1,1,0,0,0,0,2,1,0,-1,2,1,-1,1,1,3,0,-1,150,0,9223372036800000000,2,0,10,0,0,7,0,1,1,0,0,3,1,0,-1,0,0,0,0,2,0,1,-1,-1,-1,-1,0,10,-1,1,1,3,-1,-1,-1,0,0,1,0,0,10,0,0,0,35.46
1,0,0,0,-1,0,1,3,1,0,2,0,-1,1,-1,0,2,-1,1,1,1,3,0,2,200,0,9223372036800000000,5,0,10,0,0,7,0,1,1,0,0,0,1,0,-1,20,2,5,2,2,0,1,-1,-1,2,-1,0,10,-1,1,1,3,-1,-1,-1,0,0,1,2,0,10,0,0,0,29.4
1,0,0,0,-1,0,1,3,0,0,0,0,0,0,-1,0,-1,2,-1,-1,0,3,0,-1,100,0,9223372036800000000,1e+75,0,10,0,0,7,0,0,1,0,0,1,1,0,0,0,0,0,0,2,0,1,-1,-1,-1,-1,0,10,-1,1,1,3,-1,-1,-1,0,0,1,0,0,10,0,0,0,34.02
1,0,0,0,-1,0,1,5,0,0,0,0,1,2,0,-1,0,2,2,1,2,3,0,-1,400,0,9223372036800000000,1e+75,0,10,0,0,7,0,2,1,0,0,3,1,0,1,0,0,0,3,2,0,1,-1,-1,-1,-1,0,10,-1,1,1,3,-1,-1,-1,0,0,1,0,0,10,0,0,0,38.65
1,0,0,0,-1,0,1,1,0,0,0,0,2,1,1,-1,2,2,-1,2,1,3,0,8,10,0,9223372036800000000,240,0,10,0,0,7,0,1,1,0,0,2,1,0,0,1000,6,2,4,2,0,1,-1,-1,-1,-1,0,10,-1,1,1,3,-1,-1,-1,0,0,1,3,0,10,0,0,0,35.56
1,0,0,0,-1,0,1,5,0,0,4,0,2,3,-1,0,-1,2,0,2,0,3,0,-1,50,0,9223372036800000000,20,0,10,0,0,7,0,0,1,0,0,2,1,0,2,1000,2,1,1,2,0,1,-1,-1,-1,1,0,10,-1,1,1,3,-1,-1,-1,0,0,1,0,0,10,0,0,0,42.8
1,0,0,0,-1,0,1,5,0,0,0,0,-1,3,0,-1,0,2,2,1,2,3,0,-1,400,0,9223372036800000000,1e+75,0,10,0,0,7,0,2,1,0,0,3,1,0,1,0,0,0,3,2,0,1,-1,-1,-1,-1,0,10,-1,1,1,3,-1,-1,-1,0,0,1,0,0,10,0,0,0,42.73
1,0,0,0,-1,0,1,5,0,0,0,0,1,3,0,-1,0,2,2,1,2,3,0,-1,400,0,9223372036800000000,2,0,10,0,0,7,0,2,1,0,0,3,1,0,1,0,0,0,3,2,0,1,-1,-1,-1,-1,0,10,-1,1,1,3,-1,-1,-1,0,0,1,0,0,10,0,0,0,38.65
1,0,0,0,-1,0,1,0,0,0,0,0,1,0,0,-1,0,-1,2,0,2,3,0,-1,800,0,9223372036800000000,1e+75,0,10,0,0,7,0,0,1,0,0,1,1,0,0,0,0,0,0,2,0,1,-1,-1,-1,-1,0,10,-1,1,1,3,-1,-1,-1,0,0,1,0,0,10,0,0,0,33.48
1,0,0,0,-1,0,1,5,0,0,0,0,1,3,0,-1,0,2,2,1,2,3,0,-1,400,0,9223372036800000000,1e+75,0,10,0,0,7,0,2,1,0,0,0,1,0,1,0,0,0,3,2,0,1,-1,-1,-1,-1,0,10,-1,1,1,3,-1,-1,-1,0,0,1,0,0,10,0,0,0,38.65
1,0,0,0,-1,0,1,0,0,0,0,0,-1,-1,-1,1,-1,-1,2,1,0,3,0,-1,400,0,9223372036800000000,60,0,10,0,0,7,0,2,1,0,0,1,1,0,0,0,0,0,0,2,0,1,-1,-1,-1,-1,0,10,-1,1,1,3,-1,-1,-1,0,0,1,0,0,10,0,0,0,42.6
1,0,0,0,-1,0,1,5,0,0,0,0,1,2,1,1,-1,0,2,-1,-1,3,0,-1,200,0,9223372036800000000,1,0,10,0,0,7,0,3,1,0,0,0,1,0,3,60,6,3,0,2,0,1,-1,-1,-1,-1,0,10,-1,1,1,3,-1,-1,-1,0,0,1,0,0,10,0,0,0,42.92
1,0,0,0,-1,0,1,5,0,0,0,0,1,1,0,-1,0,2,2,1,2,3,0,-1,400,0,9223372036800000000,1e+75,0,10,0,0,7,0,2,1,0,0,3,1,0,1,0,0,0,3,2,0,1,-1,-1,-1,-1,0,10,-1,1,1,3,-1,-1,-1,0,0,1,0,0,10,0,0,0,38.65
1,0,0,0,-1,0,1,3,0,0,0,0,1,0,1,0,0,0,0,0,-1,3,0,-1,10,0,9223372036800000000,1e+75,0,10,0,0,7,0,0,1,0,0,1,1,0,1,0,0,0,0,2,0,1,-1,-1,-1,-1,0,10,-1,1,1,3,-1,-1,-1,0,0,1,0,0,10,0,0,0,33.69
1,0,0,0,-1,0,1,2,0,0,0,0,3,0,1,0,-1,1,2,-1,0,3,0,-1,200,0,9223372036800000000,1e+75,0,10,0,0,7,0,0,1,0,0,1,1,0,0,0,0,0,0,2,0,1,-1,-1,-1,-1,0,10,-1,1,1,3,-1,-1,-1,0,0,1,0,0,10,0,0,0,33.48
1,0,0,0,-1,0,1,0,0,0,0,0,0,3,-1,-1,-1,1,2,-1,0,3,0,-1,50,0,9223372036800000000,2,0,10,0,0,7,0,3,1,0,0,0,1,0,2,0,0,0,2,2,0,1,-1,-1,-1,-1,0,10,-1,1,1,3,-1,-1,-1,0,0,1,0,0,10,0,0,0,33.03
1,0,0,0,-1,0,1,0,0,0,0,0,0,-1,-1,2,1,2,0,2,-1,3,0,16,10,0,9223372036800000000,20,0,10,0,0,7,0,2,1,0,0,0,1,0,-1,-1,4,0,-1,2,0,1,-1,-1,-1,-1,0,10,-1,1,1,3,-1,-1,-1,0,0,1,0,0,10,0,0,0,45.12
1,0,0,0,-1,0,1,1,1,0,1,0,1,1,1,2,0,1,2,1,2,3,0,4,25,0,9223372036800000000,120,0,10,0,0,7,0,0,1,0,0,3,1,0,1,1000,6,3,0,2,0,1,-1,-1,1,3,0,10,-1,1,1,3,-1,-1,-1,0,0,1,3,0,10,0,0,0,35.91
1,0,0,0,-1,0,1,5,0,0,0,0,1,3,0,-1,0,2,2,1,-1,3,0,-1,400,0,9223372036800000000,1e+75,0,10,0,0,7,0,2,1,0,0,3,1,0,1,0,0,0,3,2,0,1,-1,-1,-1,-1,0,10,-1,1,1,3,-1,-1,-1,0,0,1,0,0,10,0,0,0,38.65
1,0,0,0,-1,0,1,4,0,0,0,0,2,3,-1,1,1,-1,0,-1,2,3,0,8,150,0,9223372036800000000,40,0,10,0,0,7,0,3,1,0,0,1,1,0,2,500,5,2,4,2,0,1,-1,-1,-1,-1,0,10,-1,1,1,3,-1,-1,-1,0,0,1,0,0,10,0,0,0,32.86
1,0,0,0,-1,0,1,0,0,0,0,0,1,1,-1,0,-1,1,0,2,-1,3,0,2,100,0,9223372036800000000,1e+75,0,10,0,0,7,0,3,1,0,0,0,1,0,3,200,0,0,0,2,0,1,-1,-1,-1,-1,0,10,-1,1,1,3,-1,-1,-1,0,0,1,0,0,10,0,0,0,33.25
1,0,0,0,-1,0,1,4,0,0,0,0,0,0,0,0,2,1,1,0,2,3,0,-1,10,0,9223372036800000000,1e+75,0,10,0,0,7,0,0,1,0,0,1,1,0,0,0,0,0,0,2,0,1,-1,-1,-1,-1,0,10,-1,1,1,3,-1,-1,-1,0,0,1,0,0,10,0,0,0,33.37
1,0,0,0,-1,0,1,5,0,0,0,0,1,3,0,-1,0,2,2,1,2,3,0,-1,400,0,9223372036800000000,240,0,10,0,0,7,0,2,1,0,0,3,1,0,1,0,0,0,3,2,0,1,-1,-1,-1,-1,0,10,-1,1,1,3,-1,-1,-1,0,0,1,0,0,10,0,0,0,38.65
1,0,0,0,-1,0,1,2,0,0,0,0,-1,-1,0,-1,2,-1,0,1,0,3,0,-1,200,0,9223372036800000000,2,0,10,0,0,7,0,2,1,0,0,3,1,0,3,0,0,0,4,2,0,1,-1,-1,-1,-1,0,10,-1,1,1,3,-1,-1,-1,0,0,1,0,0,10,0,0,0,42.6
1,0,0,0,-1,0,1,0,0,0,0,0,-1,1,1,2,0,1,-1,1,-1,3,0,-1,10,0,9223372036800000000,120,0,10,0,0,7,0,1,1,0,0,3,1,0,-1,0,0,0,1,2,0,1,-1,-1,-1,-1,0,10,-1,1,1,3,-1,-1,-1,0,0,1,0,0,10,0,0,0,33.62
1,0,0,0,-1,0,1,5,0,0,0,0,1,3,0,-1,0,2,2,1,0,3,0,-1,400,0,9223372036800000000,1e+75,0,10,0,0,7,0,2,1,0,0,3,1,0,1,0,0,0,3,2,0,1,-1,-1,-1,-1,0,10,-1,1,1,3,-1,-1,-1,0,0,1,0,0,10,0,0,0,38.65
1,0,0,0,-1,0,1,5,0,0,0,0,1,3,0,-1,0,2,2,1,2,3,0,-1,400,0,9223372036800000000,1e+75,0,10,0,0,7,0,2,1,0,0,3,1,0,1,0,0,0,3,2,0,1,-1,-1,-1,-1,0,10,-1,1,1,3,-1,-1,-1,0,0,1,0,0,10,0,0,0,38.65
1,0,0,0,-1,0,1,1,0,0,0,0,0,3,-1,2,1,1,1,-1,1,3,0,8,200,0,9223372036800000000,30,0,10,0,0,7,0,3,1,0,0,2,1,0,0,60,5,4,1,2,0,1,-1,-1,-1,-1,0,10,-1,1,1,3,-1,-1,-1,0,0,1,5,0,10,0,0,0,45
1,0,0,0,-1,0,1,0,0,0,0,0,2,2,-1,2,2,1,1,0,-1,3,0,-1,100,0,9223372036800000000,40,0,10,0,0,7,0,1,1,0,0,1,1,0,1,0,0,0,0,2,0,1,-1,-1,-1,-1,0,10,-1,1,1,3,-1,-1,-1,0,0,1,0,0,10,0,0,0,33.57
1,0,0,0,-1,0,1,0,0,0,0,0,3,2,0,0,2,1,-1,-1,1,3,0,-1,150,0,9223372036800000000,20,0,10,0,0,7,0,2,1,0,0,2,1,0,2,0,0,0,1,2,0,1,-1,-1,-1,-1,0,10,-1,1,1,3,-1,-1,-1,0,0,1,0,0,10,0,0,0,33.03
1,0,0,0,-1,0,1,0,0,0,0,0,0,0,-1,2,-1,0,2,-1,1,3,0,-1,100,0,9223372036800000000,1e+75,0,10,0,0,7,0,0,1,0,0,1,1,0,0,0,0,0,0,2,0,1,-1,-1,-1,-1,0,10,-1,1,1,3,-1,-1,-1,0,0,1,0,0,10,0,0,0,33.37
1,0,0,0,-1,0,1,0,0,0,0,0,3,2,0,1,2,1,-1,-1,1,3,0,-1,150,0,9223372036800000000,20,0,10,0,0,7,0,2,1,0,0,2,1,0,3,0,0,0,1,2,0,1,-1,-1,-1,-1,0,10,-1,1,1,3,-1,-1,-1,0,0,1,0,0,10,0,0,0,33.44
1,0,0,0,-1,0,1,0,0,0,0,0,0,3,1,1,2,-1,-1,0,0,3,0,4,25,0,9223372036800000000,50,0,10,0,0,7,0,2,1,0,0,3,1,0,3,500,1,5,1,2,0,1,-1,-1,-1,-1,0,10,-1,1,1,3,-1,-1,-1,0,0,1,0,0,10,0,0,0,34.29
1,0,0,0,-1,0,1,0,0,0,0,0,3,2,0,1,2,1,-1,-1,1,3,0,-1,150,0,9223372036800000000,20,0,10,0,0,7,0,2,1,0,0,2,1,0,2,0,0,0,4,2,0,1,-1,-1,-1,-1,0,10,-1,1,1,3,-1,-1,-1,0,0,1,0,0,10,0,0,0,33.03
1,0,0,0,-1,0,1,4,0,0,0,0,0,0,1,-1,2,2,-1,0,1,3,0,-1,10,0,9223372036800000000,1e+75,0,10,0,0,7,0,0,1,0,0,1,1,0,0,0,0,0,0,2,0,1,-1,-1,-1,-1,0,10,-1,1,1,3,-1,-1,-1,0,0,1,0,0,10,0,0,0,33.48
1,0,0,0,-1,0,1,0,0,0,0,0,3,2,0,1,2,1,-1,-1,1,3,0,-1,150,0,9223372036800000000,20,0,10,0,0,7,0,2,1,0,0,2,1,0,-1,0,0,0,1,2,0,1,-1,-1,-1,-1,0,10,-1,1,1,3,-1,-1,-1,0,0,1,0,0,10,0,0,0,33.57
1,0,0,0,-1,0,1,0,0,0,0,0,0,3,-1,-1,-1,1,2,-1,2,3,0,-1,50,0,9223372036800000000,2,0,10,0,0,7,0,3,1,0,0,0,1,0,2,0,0,0,2,2,0,1,-1,-1,-1,-1,0,10,-1,1,1,3,-1,-1,-1,0,0,1,0,0,10,0,0,0,33.03
1,0,0,0,-1,0,1,0,0,0,0,0,3,2,0,1,2,1,-1,-1,1,3,0,-1,100,0,9223372036800000000,20,0,10,0,0,7,0,2,1,0,0,2,1,0,3,0,0,0,1,2,0,1,-1,-1,-1,-1,0,10,-1,1,1,3,-1,-1,-1,0,0,1,0,0,10,0,0,0,33.44
1,0,0,0,-1,0,1,0,0,0,0,0,3,2,0,0,2,1,-1,-1,1,3,0,-1,200,0,9223372036800000000,20,0,10,0,0,7,0,2,1,0,0,2,1,0,3,0,0,0,1,2,0,1,-1,-1,-1,-1,0,10,-1,1,1,3,-1,-1,-1,0,0,1,0,0,10,0,0,0,33.44
1,0,0,0,-1,0,1,0,0,0,0,0,-1,0,-1,2,-1,-1,2,1,0,3,0,-1,400,0,9223372036800000000,60,0,10,0,0,7,0,3,1,0,0,1,1,0,0,0,0,0,0,2,0,1,-1,-1,-1,-1,0,10,-1,1,1,3,-1,-1,-1,0,0,1,0,0,10,0,0,0,42.4
1,0,0,0,-1,0,1,0,0,0,0,0,-1,1,-1,1,-1,-1,2,1,0,3,0,-1,400,0,9223372036800000000,60,0,10,0,0,7,0,2,1,0,0,1,1,0,0,0,0,0,0,2,0,1,-1,-1,-1,-1,0,10,-1,1,1,3,-1,-1,-1,0,0,1,0,0,10,0,0,0,42.6
1,0,0,0,-1,0,1,0,0,0,0,0,-1,0,-1,1,-1,-1,2,1,-1,3,0,-1,400,0,9223372036800000000,60,0,10,0,0,7,0,2,1,0,0,1,1,0,0,0,0,0,0,2,0,1,-1,-1,-1,-1,0,10,-1,1,1,3,-1,-1,-1,0,0,1,0,0,10,0,0,0,42.6
1,0,0,0,-1,0,1,0,0,0,0,0,3,3,0,1,2,1,-1,-1,1,3,0,-1,200,0,9223372036800000000,20,0,10,0,0,7,0,2,1,0,0,2,1,0,3,0,0,0,1,2,0,1,-1,-1,-1,-1,0,10,-1,1,1,3,-1,-1,-1,0,0,1,0,0,10,0,0,0,33.44
1,0,0,0,-1,0,1,0,0,0,0,0,-1,0,-1,1,-1,-1,2,1,0,3,0,-1,400,0,9223372036800000000,120,0,10,0,0,7,0,2,1,0,0,1,1,0,0,0,0,0,0,2,0,1,-1,-1,-1,-1,0,10,-1,1,1,3,-1,-1,-1,0,0,1,0,0,10,0,0,0,42.6
1,0,0,0,-1,0,1,2,0,0,3,0,2,0,1,2,-1,2,0,2,2,3,0,8,25,0,9223372036800000000,2,0,10,0,0,7,0,0,1,0,0,3,1,0,2,500,3,3,-1,2,0,1,-1,-1,2,3,0,10,-1,1,1,3,-1,-1,-1,0,0,0,3,0,10,0,0,0,42.92
1,0,0,0,-1,0,1,5,0,0,0,0,-1,0,-1,2,2,-1,-1,2,2,3,0,-1,50,0,9223372036800000000,1e+75,0,10,0,0,7,0,0,1,0,0,1,1,0,1,0,0,0,0,2,0,1,-1,-1,-1,-1,0,10,-1,1,1,3,-1,-1,-1,0,0,1,0,0,10,0,0,0,42.79
1,0,0,0,-1,0,1,0,0,0,0,0,0,0,1,0,0,1,0,-1,0,3,0,-1,10,0,9223372036800000000,1e+75,0,10,0,0,7,0,0,1,0,0,1,1,0,-1,0,0,0,0,2,0,1,-1,-1,-1,-1,0,10,-1,1,1,3,-1,-1,-1,0,0,1,0,0,10,0,0,0,33.3
1,0,0,0,-1,0,1,4,0,0,0,0,1,0,1,0,0,-1,2,1,1,3,0,2,25,0,9223372036800000000,120,0,10,0,0,7,0,2,1,0,0,2,1,0,-1,20,3,0,0,2,0,1,-1,-1,-1,-1,0,10,-1,1,1,3,-1,-1,-1,0,0,1,0,0,10,0,0,0,33.57
1,0,0,0,-1,0,1,0,0,0,0,0,-1,0,-1,1,2,-1,2,1,0,3,0,-1,400,0,9223372036800000000,60,0,10,0,0,7,0,2,1,0,0,1,1,0,0,0,0,0,0,2,0,1,-1,-1,-1,-1,0,10,-1,1,1,3,-1,-1,-1,0,0,1,0,0,10,0,0,0,42.6
1,0,0,0,-1,0,1,0,0,0,0,0,0,0,-1,2,-1,0,2,0,1,3,0,-1,100,0,9223372036800000000,1e+75,0,10,0,0,7,0,0,1,0,0,1,1,0,0,0,0,0,0,2,0,1,-1,-1,-1,-1,0,10,-1,1,1,3,-1,-1,-1,0,0,1,0,0,10,0,0,0,33.37
1,0,0,0,-1,0,1,5,0,0,0,0,0,3,0,2,0,0,1,1,2,3,0,8,100,0,9223372036800000000,1,0,10,0,0,7,0,0,1,0,0,1,1,0,2,40,3,0,3,2,0,1,-1,-1,-1,-1,0,10,-1,1,1,3,-1,-1,-1,0,0,1,0,0,10,0,0,0,42.73
1,0,0,0,-1,0,1,3,0,0,0,0,1,0,1,1,1,-1,2,-1,1,3,0,-1,150,0,9223372036800000000,1e+75,0,10,0,0,7,0,0,1,0,0,1,1,0,0,0,0,0,0,2,0,1,-1,-1,-1,-1,0,10,-1,1,1,3,-1,-1,-1,0,0,1,0,0,10,0,0,0,36.3
1,0,0,0,-1,0,1,4,1,0,3,0,2,-1,1,1,-1,1,2,-1,2,3,0,4,50,0,9223372036800000000,0,0,10,0,0,7,0,2,1,0,0,3,1,0,0,40,3,1,4,2,0,1,-1,-1,2,2,0,10,-1,1,1,3,-1,-1,-1,0,0,0,2,0,10,0,0,0,33.13
1,0,0,0,-1,0,1,4,0,0,0,0,3,0,1,-1,2,0,2,0,-1,3,0,4,25,0,9223372036800000000,60,0,10,0,0,7,0,0,1,0,0,2,1,0,0,1000,2,0,2,2,0,1,-1,-1,-1,-1,0,10,-1,1,1,3,-1,-1,-1,0,0,1,0,0,10,0,0,0,33.36
1,0,0,0,-1,0,1,1,0,0,0,0,2,0,-1,2,-1,-1,-1,0,-1,3,0,8,25,0,9223372036800000000,0,0,10,0,0,7,0,1,1,0,0,2,1,0,2,500,4,4,1,2,0,1,-1,-1,-1,-1,0,10,-1,1,1,3,-1,-1,-1,0,0,1,0,0,10,0,0,0,55.51
1,0,0,0,-1,0,1,0,0,0,0,0,-1,0,-1,1,-1,-1,2,1,0,3,0,-1,400,0,9223372036800000000,60,0,10,0,0,7,0,2,1,0,0,1,1,0,0,0,0,0,1,2,0,1,-1,-1,-1,-1,0,10,-1,1,1,3,-1,-1,-1,0,0,1,0,0,10,0,0,0,42.66
1,0,0,0,-1,0,1,0,0,0,0,0,-1,0,-1,1,-1,-1,2,1,1,3,0,-1,400,0,9223372036800000000,60,0,10,0,0,7,0,2,1,0,0,1,1,0,0,0,0,0,0,2,0,1,-1,-1,-1,-1,0,10,-1,1,1,3,-1,-1,-1,0,0,1,0,0,10,0,0,0,42.6
1,0,0,0,-1,0,1,3,0,0,0,0,0,0,1,2,0,0,1,2,1,3,0,-1,200,0,9223372036800000000,20,0,10,0,0,7,0,1,1,0,0,0,1,0,3,0,0,0,3,2,0,1,-1,-1,-1,-1,0,10,-1,1,1,3,-1,-1,-1,0,0,1,0,0,10,0,0,0,34.02
1,0,0,0,-1,0,1,5,0,0,0,0,1,0,0,0,0,0,0,-1,-1,3,0,-1,800,0,9223372036800000000,1e+75,0,10,0,0,7,0,0,1,0,0,1,1,0,0,0,0,0,0,2,0,1,-1,-1,-1,-1,0,10,-1,1,1,3,-1,-1,-1,0,0,1,0,0,10,0,0,0,38.65
1,0,0,0,-1,0,1,0,1,0,5,0,2,1,0,1,-1,0,2,2,0,3,0,1,50,0,9223372036800000000,0,0,10,0,0,7,0,1,1,0,0,3,1,0,1,1000,2,4,3,2,0,1,-1,-1,1,2,0,10,-1,1,1,3,-1,-1,-1,0,0,1,2,0,10,0,0,0,29.37
1,0,0,0,-1,0,1,0,0,0,0,0,3,2,0,1,2,1,-1,-1,1,3,0,-1,150,0,9223372036800000000,1e+75,0,10,0,0,7,0,2,1,0,0,2,1,0,2,0,0,0,1,2,0,1,-1,-1,-1,-1,0,10,-1,1,1,3,-1,-1,-1,0,0,1,0,0,10,0,0,0,33.18
1,0,0,0,-1,0,1,4,0,0,0,0,-1,-1,-1,-1,1,-1,0,-1,0,3,0,16,800,0,9223372036800000000,40,0,10,0,0,7,0,3,1,0,0,0,1,0,0,-1,0,0,4,2,0,1,-1,-1,-1,-1,0,10,-1,1,1,3,-1,-1,-1,0,0,1,0,0,10,0,0,0,42.4
1,0,0,0,-1,0,1,0,0,0,0,0,-1,0,-1,1,-1,-1,2,1,0,3,0,-1,400,0,9223372036800000000,60,0,10,0,0,7,0,2,1,0,0,1,1,0,0,0,0,0,0,2,0,1,-1,-1,-1,-1,0,10,-1,1,1,3,-1,-1,-1,0,0,1,0,0,10,0,0,0,42.6
1,0,0,0,-1,0,1,2,0,0,0,0,3,-1,-1,2,2,-1,0,2,-1,3,0,-1,25,0,9223372036800000000,5,0,10,0,0,7,0,2,1,0,0,1,1,0,0,0,0,0,0,2,0,1,-1,-1,-1,-1,0,10,-1,1,1,3,-1,-1,-1,0,0,1,0,0,10,0,0,0,33.66
1,0,0,0,-1,0,3,1,0,0,0,0,3,0,-1,1,1,1,2,-1,1,3,0,16,400,0,9223372036800000000,1e+75,0,10,0,0,7,0,2,1,0,0,1,1,0,-1,100,5,0,-1,2,0,1,-1,-1,-1,-1,0,10,-1,1,1,3,-1,-1,-1,0,0,1,0,0,10,0,0,0,34.89
1,0,0,0,-1,0,1,2,1,0,5,0,3,2,1,0,-1,-1,1,0,2,3,0,2,50,0,9223372036800000000,240,0,10,0,0,7,0,2,1,0,0,3,1,0,2,20,0,3,3,2,0,1,-1,-1,0,-1,0,10,-1,1,1,3,-1,-1,-1,0,0,0,1,0,10,0,0,0,38.72
1,0,0,0,-1,0,1,3,0,0,0,0,-1,0,-1,0,2,2,0,1,0,3,0,16,25,0,9223372036800000000,30,0,10,0,0,7,0,2,1,0,0,3,1,0,1,40,6,0,0,2,0,1,-1,-1,-1,-1,0,10,-1,1,1,3,-1,-1,-1,0,0,1,5,0,10,0,0,0,42.49
1,0,0,0,-1,0,1,3,0,0,0,0,1,2,-1,-1,2,0,-1,-1,2,3,0,-1,10,0,9223372036800000000,1,0,10,0,0,7,0,1,1,0,0,1,1,0,2,0,0,0,0,2,0,1,-1,-1,-1,-1,0,10,-1,1,1,3,-1,-1,-1,0,0,1,0,0,10,0,0,0,33.39
1,0,0,0,-1,0,1,0,0,0,0,0,2,2,-1,2,2,1,1,0,-1,3,0,-1,100,0,9223372036800000000,5,0,10,0,0,7,0,1,1,0,0,1,1,0,-1,0,0,0,0,2,0,1,-1,-1,-1,-1,0,10,-1,1,1,3,-1,-1,-1,0,0,1,0,0,10,0,0,0,33.57
1,0,0,0,-1,0,1,5,0,0,0,0,-1,2,-1,1,0,-1,0,1,2,3,0,-1,100,0,9223372036800000000,120,0,10,0,0,7,0,1,1,0,0,0,1,0,0,60,5,2,1,2,0,1,-1,-1,-1,-1,0,10,-1,1,1,3,-1,-1,-1,0,0,1,3,0,10,0,0,0,42.92
1,0,0,0,-1,0,1,0,0,0,0,0,-1,0,-1,1,1,1,1,-1,2,3,0,-1,100,0,9223372036800000000,1e+75,0,10,0,0,7,0,0,1,0,0,1,1,0,0,0,0,0,0,2,0,1,-1,-1,-1,-1,0,10,-1,1,1,3,-1,-1,-1,0,0,1,0,0,10,0,0,0,42.62
1,0,0,0,-1,0,1,0,0,0,0,0,2,0,0,1,0,2,-1,1,1,3,0,-1,10,0,9223372036800000000,50,0,10,0,0,7,0,3,1,0,0,3,1,0,2,0,0,0,4,2,0,1,-1,-1,-1,-1,0,10,-1,1,1,3,-1,-1,-1,0,0,1,0,0,10,0,0,0,33.13
1,0,0,0,-1,0,1,1,0,0,0,0,2,0,-1,0,0,-1,0,-1,-1,3,0,8,100,0,9223372036800000000,50,0,10,0,0,7,0,3,1,0,0,3,1,0,1,20,0,0,2,2,0,1,-1,-1,-1,-1,0,10,-1,1,1,3,-1,-1,-1,0,0,1,0,0,10,0,0,0,35.55
1,0,0,0,-1,0,1,4,1,0,3,0,2,-1,1,1,-1,1,2,-1,2,3,0,-1,50,0,9223372036800000000,0,0,10,0,0,7,0,2,1,0,0,3,1,0,0,40,3,5,4,2,0,1,-1,-1,2,2,0,10,-1,1,1,3,-1,-1,-1,0,0,0,2,0,10,0,0,0,32.44
1,0,0,0,-1,0,1,3,0,0,0,0,1,1,-1,-1,2,0,-1,-1,2,3,0,-1,10,0,9223372036800000000,1e+75,0,10,0,0,7,0,1,1,0,0,1,1,0,2,0,0,0,0,2,0,1,-1,-1,-1,-1,0,10,-1,1,1,3,-1,-1,-1,0,0,1,0,0,10,0,0,0,33.22
1,0,0,0,-1,0,1,3,0,0,0,0,1,1,-1,-1,2,0,-1,-1,2,3,0,-1,10,0,9223372036800000000,1,0,10,0,0,7,0,1,1,0,0,1,1,0,2,0,0,0,0,2,0,1,-1,-1,-1,-1,0,10,-1,1,1,3,-1,-1,-1,0,0,1,0,0,10,0,0,0,33.13
1,0,0,0,-1,0,1,3,0,0,0,0,2,0,-1,0,-1,2,-1,-1,0,3,0,-1,50,0,9223372036800000000,1e+75,0,10,0,0,7,0,0,1,0,0,1,1,0,0,0,0,0,0,2,0,1,-1,-1,-1,-1,0,10,-1,1,1,3,-1,-1,-1,0,0,1,0,0,10,0,0,0,34.02
1,0,0,0,-1,0,1,5,1,0,4,0,1,-1,-1,1,0,2,2,1,-1,3,0,16,10,0,9223372036800000000,2,0,10,0,0,7,0,1,1,0,0,0,1,0,2,60,5,4,3,2,0,1,-1,-1,3,3,0,10,-1,1,1,3,-1,-1,-1,0,0,0,5,0,10,0,0,0,27.32
1,0,0,0,-1,0,1,3,0,0,0,0,1,1,-1,-1,2,0,-1,-1,2,3,0,-1,150,0,9223372036800000000,1e+75,0,10,0,0,7,0,1,1,0,0,1,1,0,3,0,0,0,0,2,0,1,-1,-1,-1,-1,0,10,-1,1,1,3,-1,-1,-1,0,0,1,0,0,10,0,0,0,33.75
1,0,0,0,-1,0,1,1,0,0,0,0,-1,0,-1,0,0,1,2,0,1,3,0,-1,100,0,9223372036800000000,1e+75,0,10,0,0,7,0,2,1,0,0,2,1,0,3,60,0,0,3,2,0,1,-1,-1,-1,-1,0,10,-1,1,1,3,-1,-1,-1,0,0,1,0,0,10,0,0,0,42.28
1,0,0,0,-1,0,1,5,0,0,0,0,-1,-1,1,-1,2,1,0,-1,0,3,0,2,800,0,9223372036800000000,2,0,10,0,0,7,0,0,1,0,0,3,1,0,0,500,2,0,1,2,0,1,-1,-1,-1,-1,0,10,-1,1,1,3,-1,-1,-1,0,0,1,0,0,10,0,0,0,42.8
1,0,0,0,-1,0,1,0,0,0,0,0,0,0,0,0,0,0,0,0,0,3,0,-1,50,0,9223372036800000000,1e+75,0,10,0,0,7,0,0,1,0,0,1,1,0,-1,60,0,0,0,2,0,1,-1,-1,-1,-1,0,10,-1,1,1,3,-1,-1,-1,0,0,1,0,0,10,0,0,0,33.27
1,0,0,0,-1,0,1,0,0,0,0,0,3,2,-1,-1,2,-1,-1,1,0,3,0,4,150,0,9223372036800000000,1,0,10,0,0,7,0,0,1,0,0,2,1,0,0,60,4,4,0,2,0,1,-1,-1,-1,-1,0,10,-1,1,1,3,-1,-1,-1,0,0,1,1,0,10,0,0,0,43.99
1,0,0,0,-1,0,1,3,0,0,0,0,1,1,-1,-1,2,0,-1,-1,2,3,0,-1,150,0,9223372036800000000,1,0,10,0,0,7,0,0,1,0,0,1,1,0,3,0,0,0,0,2,0,1,-1,-1,-1,-1,0,10,-1,1,1,3,-1,-1,-1,0,0,1,0,0,10,0,0,0,33.75
1,0,0,0,-1,0,1,3,0,0,0,0,-1,0,1,0,2,2,0,1,0,3,0,16,150,0,9223372036800000000,30,0,10,0,0,7,0,2,1,0,0,3,1,0,1,40,6,0,0,2,0,1,-1,-1,-1,-1,0,10,-1,1,1,3,-1,-1,-1,0,0,1,5,0,10,0,0,0,42.65
1,0,0,0,-1,0,1,3,0,0,0,0,1,1,-1,-1,2,0,-1,-1,2,3,0,-1,150,0,9223372036800000000,120,0,10,0,0,7,0,1,1,0,0,1,1,0,3,0,0,0,0,2,0,1,-1,-1,-1,-1,0,10,-1,1,1,3,-1,-1,-1,0,0,1,0,0,10,0,0,0,33.75
1,0,0,0,-1,0,1,3,0,0,0,0,1,1,-1,-1,2,0,-1,-1,2,3,0,-1,150,0,9223372036800000000,1,0,10,0,0,7,0,1,1,0,0,1,1,0,3,0,0,0,0,2,0,1,-1,-1,-1,-1,0,10,-1,1,1,3,-1,-1,-1,0,0,1,0,0,10,0,0,0,33.75
1,0,0,0,-1,0,1,1,0,0,0,0,3,0,-1,1,1,1,2,-1,1,3,0,2,400,0,9223372036800000000,1e+75,0,10,0,0,7,0,2,1,0,0,1,1,0,-1,100,5,0,-1,2,0,1,-1,-1,-1,-1,0,10,-1,1,1,3,-1,-1,-1,0,0,1,0,0,10,0,0,0,26.45
1,0,0,0,-1,0,1,5,0,0,0,0,-1,-1,-1,-1,0,1,-1,1,0,3,0,-1,150,0,9223372036800000000,30,0,10,0,0,7,0,1,1,0,0,1,1,0,0,0,0,0,3,2,0,1,-1,-1,-1,-1,0,10,-1,1,1,3,-1,-1,-1,0,0,1,0,0,10,0,0,0,42.72
1,0,0,0,-1,0,1,0,0,0,0,0,2,0,0,1,0,2,-1,1,1,3,0,-1,10,0,9223372036800000000,30,0,10,0,0,7,0,3,1,0,0,0,1,0,2,0,0,0,4,2,0,1,-1,-1,-1,-1,0,10,-1,1,1,3,-1,-1,-1,0,0,1,0,0,10,0,0,0,33.13
1,0,0,0,-1,0,1,1,0,0,0,0,2,0,-1,2,-1,-1,-1,0,-1,3,0,8,25,0,9223372036800000000,40,0,10,0,0,7,0,1,1,0,0,2,1,0,2,500,4,2,1,2,0,1,-1,-1,-1,-1,0,10,-1,1,1,3,-1,-1,-1,0,0,1,0,0,10,0,0,0,59.9
1,0,0,0,-1,0,1,5,0,0,0,0,-1,-1,-1,-1,0,1,0,1,0,3,0,-1,150,0,9223372036800000000,40,0,10,0,0,7,0,1,1,0,0,1,1,0,0,0,0,0,3,2,0,1,-1,-1,-1,-1,0,10,-1,1,1,3,-1,-1,-1,0,0,1,0,0,10,0,0,0,42.72
1,0,0,0,-1,0,1,4,0,0,0,0,-1,3,0,2,1,2,2,1,2,3,0,-1,400,0,9223372036800000000,50,0,10,0,0,7,0,3,1,0,0,0,1,0,0,0,0,0,-1,2,0,1,-1,-1,-1,-1,0,10,-1,1,1,3,-1,-1,-1,0,0,1,0,0,10,0,0,0,42.71
1,0,0,0,-1,0,1,5,0,0,0,0,-1,1,1,2,1,2,-1,2,-1,3,0,16,200,0,9223372036800000000,60,0,10,0,0,7,0,3,1,0,0,2,1,0,2,100,1,0,3,2,0,1,-1,-1,-1,-1,0,10,-1,1,1,3,-1,-1,-1,0,0,1,0,0,10,0,0,0,42.73
1,0,0,0,-1,0,1,0,0,0,0,0,3,2,0,1,2,1,-1,-1,1,3,0,-1,150,0,9223372036800000000,20,0,10,0,0,7,0,2,1,0,0,2,1,0,2,0,0,0,2,2,0,1,-1,-1,-1,-1,0,10,-1,1,1,3,-1,-1,-1,0,0,1,0,0,10,0,0,0,33.03
1,0,0,0,-1,0,1,5,0,0,0,0,-1,-1,-1,-1,0,1,-1,1,0,3,0,-1,400,0,9223372036800000000,40,0,10,0,0,7,0,1,1,0,0,0,1,0,0,0,0,0,3,2,0,1,-1,-1,-1,-1,0,10,-1,1,1,3,-1,-1,-1,0,0,1,0,0,10,0,0,0,42.8
1,0,0,0,-1,0,1,5,0,0,0,0,2,0,0,0,-1,2,0,2,0,3,0,-1,400,0,9223372036800000000,1e+75,0,10,0,0,7,0,0,1,0,0,1,1,0,0,0,0,0,0,2,0,1,-1,-1,-1,-1,0,10,-1,1,1,3,-1,-1,-1,0,0,1,0,0,10,0,0,0,38.65
1,0,0,0,-1,0,1,5,0,0,0,0,1,3,0,-1,0,2,2,1,2,3,0,-1,400,0,9223372036800000000,10,0,10,0,0,7,0,2,1,0,0,3,1,0,1,0,0,0,3,2,0,1,-1,-1,-1,-1,0,10,-1,1,1,3,-1,-1,-1,0,0,1,0,0,10,0,0,0,38.65
1,0,0,0,-1,0,1,0,0,0,0,0,-1,0,1,0,0,1,0,-1,0,3,0,-1,10,0,9223372036800000000,1e+75,0,10,0,0,7,0,0,1,0,0,1,1,0,-1,0,0,0,0,2,0,1,-1,-1,-1,-1,0,10,-1,1,1,3,-1,-1,-1,0,0,1,0,0,10,0,0,0,42.45
1,0,0,0,-1,0,1,1,0,0,0,0,1,0,-1,0,0,1,2,0,1,3,0,-1,100,0,9223372036800000000,1e+75,0,10,0,0,7,0,2,1,0,0,2,1,0,3,60,0,0,3,2,0,1,-1,-1,-1,-1,0,10,-1,1,1,3,-1,-1,-1,0,0,1,0,0,10,0,0,0,35.23
1,0,0,0,-1,0,1,3,1,1,0,0,1,0,0,0,0,0,1,0,1,3,0,4,50,0,9223372036800000000,0,0,10,0,0,7,0,3,1,0,0,0,1,0,-1,100,3,5,2,2,0,1,-1,-1,-1,-1,0,10,-1,1,1,3,-1,-1,-1,0,0,1,2,0,10,0,0,0,24.5
1,0,0,0,-1,0,1,5,0,0,0,0,-1,-1,1,-1,2,1,0,-1,2,3,0,2,800,0,9223372036800000000,2,0,10,0,0,7,0,0,1,0,0,3,1,0,0,40,2,0,1,2,0,1,-1,-1,-1,-1,0,10,-1,1,1,3,-1,-1,-1,0,0,1,0,0,10,0,0,0,42.8
1,0,0,0,-1,0,1,5,1,0,4,0,1,-1,-1,1,0,2,2,1,-1,3,0,16,10,0,9223372036800000000,2,0,10,0,0,7,0,1,1,0,0,0,1,0,2,60,5,5,2,2,0,1,-1,-1,3,3,0,10,-1,1,1,3,-1,-1,-1,0,0,0,5,0,10,0,0,0,27.32
1,0,0,0,-1,0,1,4,0,0,0,0,3,0,-1,2,-1,-1,1,2,1,3,0,8,25,0,9223372036800000000,120,0,10,0,0,7,0,2,1,0,0,1,1,0,3,0,3,3,0,2,0,1,-1,-1,-1,-1,0,10,-1,1,1,3,-1,-1,-1,0,0,1,1,0,10,0,0,0,5486.67
1,0,0,0,-1,0,1,5,0,0,4,0,2,3,-1,0,-1,2,0,2,0,3,0,-1,10,0,9223372036800000000,20,0,10,0,0,7,0,0,1,0,0,2,1,0,2,1000,2,1,0,2,0,1,-1,-1,2,1,0,10,-1,1,1,3,-1,-1,-1,0,0,1,0,0,10,0,0,0,42.79
1,0,0,0,-1,0,1,5,0,0,0,0,-1,-1,-1,-1,0,1,-1,1,0,3,0,-1,150,0,9223372036800000000,40,0,10,0,0,7,0,2,1,0,0,0,1,0,0,0,0,0,3,2,0,1,-1,-1,-1,-1,0,10,-1,1,1,3,-1,-1,-1,0,0,1,0,0,10,0,0,0,42.8
1,0,0,0,-1,0,1,4,0,0,0,0,1,0,1,2,1,-1,1,0,0,3,0,-1,400,0,9223372036800000000,1e+75,0,10,0,0,7,0,0,1,0,0,1,1,0,0,0,0,0,0,2,0,1,-1,-1,-1,-1,0,10,-1,1,1,3,-1,-1,-1,0,0,1,0,0,10,0,0,0,33.48
1,0,0,0,-1,0,1,1,0,0,0,0,1,2,-1,1,-1,0,1,1,1,3,0,1,25,0,9223372036800000000,60,0,10,0,0,7,0,2,1,0,0,3,1,0,0,-1,4,2,3,2,0,1,-1,-1,-1,-1,0,10,-1,1,1,3,-1,-1,-1,0,0,1,3,0,10,0,0,0,52.7
1,0,0,0,-1,0,1,0,0,0,0,0,0,0,-1,2,-1,0,1,1,2,3,0,-1,100,0,9223372036800000000,1e+75,0,10,0,0,7,0,2,1,0,0,2,1,0,2,0,0,0,1,2,0,1,-1,-1,-1,-1,0,10,-1,1,1,3,-1,-1,-1,0,0,1,0,0,10,0,0,0,33.18
1,0,0,0,-1,0,1,5,0,0,0,0,-1,-1,-1,2,0,1,-1,1,0,3,0,-1,150,0,9223372036800000000,40,0,10,0,0,7,0,1,1,0,0,0,1,0,0,0,0,0,3,2,0,1,-1,-1,-1,-1,0,10,-1,1,1,3,-1,-1,-1,0,0,1,0,0,10,0,0,0,42.8
1,0,0,0,-1,0,1,5,0,0,0,0,3,3,0,0,-1,2,1,-1,2,3,0,8,400,0,9223372036800000000,30,0,10,0,0,7,0,2,1,0,0,2,1,0,0,20,5,2,-1,2,0,1,-1,-1,-1,-1,0,10,-1,1,1,3,-1,-1,-1,0,0,1,0,0,10,0,0,0,38.61
1,0,0,0,-1,0,1,0,0,0,0,0,-1,1,1,2,0,1,-1,1,-1,3,0,-1,10,0,9223372036800000000,1,0,10,0,0,7,0,1,1,0,0,3,1,0,-1,0,0,0,1,2,0,1,-1,-1,-1,-1,0,10,-1,1,1,3,-1,-1,-1,0,0,1,0,0,10,0,0,0,33.62
1,0,0,0,-1,0,1,3,1,0,3,0,-1,2,0,-1,1,0,1,1,-1,3,0,8,200,0,9223372036800000000,30,0,10,0,0,7,0,2,1,0,0,1,1,0,0,1000,6,2,1,2,0,1,-1,-1,1,-1,0,10,-1,1,1,3,-1,-1,-1,0,0,0,0,0,10,0,0,0,37.17
1,0,0,0,-1,0,1,4,0,0,0,0,3,0,0,1,2,0,2,2,0,3,0,4,50,0,9223372036800000000,2,0,10,0,0,7,0,0,1,0,0,2,1,0,0,1000,0,0,-1,2,0,1,-1,-1,-1,-1,0,10,-1,1,1,3,-1,-1,-1,0,0,1,0,0,10,0,0,0,33.44
1,0,0,0,-1,0,1,5,0,0,0,0,0,0,0,0,-1,-1,0,1,0,3,0,-1,25,0,9223372036800000000,1e+75,0,10,0,0,7,0,0,1,0,0,1,1,0,2,0,0,0,0,2,0,1,-1,-1,-1,-1,0,10,-1,1,1,3,-1,-1,-1,0,0,1,0,0,10,0,0,0,42.79
1,0,0,0,-1,0,1,1,0,0,0,0,0,1,0,0,-1,2,1,-1,0,3,0,1,50,0,9223372036800000000,2,0,10,0,0,7,0,1,1,0,0,2,1,0,3,0,2,0,3,2,0,1,-1,-1,-1,-1,0,10,-1,1,1,3,-1,-1,-1,0,0,1,0,0,10,0,0,0,41.81
1,0,0,0,-1,0,1,5,0,0,0,0,-1,-1,-1,-1,0,1,-1,1,0,3,0,-1,200,0,9223372036800000000,40,0,10,0,0,7,0,1,1,0,0,0,1,0,0,0,0,0,3,2,0,1,-1,-1,-1,-1,0,10,-1,1,1,3,-1,-1,-1,0,0,1,0,0,10,0,0,0,42.8
1,0,0,0,-1,0,1,2,0,0,0,0,-1,1,-1,-1,2,-1,0,1,0,3,0,-1,200,0,9223372036800000000,2,0,10,0,0,7,0,2,1,0,0,3,1,0,3,0,0,0,2,2,0,1,-1,-1,-1,-1,0,10,-1,1,1,3,-1,-1,-1,0,0,1,0,0,10,0,0,0,42.85
1,0,0,0,-1,0,1,0,0,0,0,0,-1,1,1,2,0,1,-1,1,-1,3,0,-1,200,0,9223372036800000000,60,0,10,0,0,7,0,1,1,0,0,3,1,0,-1,0,0,0,1,2,0,1,-1,-1,-1,-1,0,10,-1,1,1,3,-1,-1,-1,0,0,1,0,0,10,0,0,0,42.51
1,0,0,0,-1,0,1,5,0,0,0,0,1,1,-1,0,-1,-1,-1,0,-1,3,0,16,100,0,9223372036800000000,10,0,10,0,0,7,0,0,1,0,0,2,1,0,1,-1,2,1,0,2,0,1,-1,-1,-1,-1,0,10,-1,1,1,3,-1,-1,-1,0,0,1,4,0,10,0,0,0,42.79
1,0,0,0,-1,0,1,0,0,0,0,0,-1,1,1,2,0,1,-1,1,-1,3,0,-1,10,0,9223372036800000000,60,0,10,0,0,7,0,1,1,0,0,3,1,0,-1,0,0,0,1,2,0,1,-1,-1,-1,-1,0,10,-1,1,1,3,-1,-1,-1,0,0,1,0,0,10,0,0,0,33.62
1,0,0,0,-1,0,1,4,0,0,0,0,0,0,0,2,2,0,2,0,2,3,0,-1,100,0,9223372036800000000,1e+75,0,10,0,0,7,0,0,1,0,0,1,1,0,0,0,0,0,0,2,0,1,-1,-1,-1,-1,0,10,-1,1,1,3,-1,-1,-1,0,0,1,0,0,10,0,0,0,33.37
1,0,0,0,-1,0,1,4,0,0,0,0,0,2,0,0,0,1,1,2,1,3,0,1,25,0,9223372036800000000,60,0,10,0,0,7,0,3,1,0,0,1,1,0,1,20,3,0,2,2,0,1,-1,-1,-1,-1,0,10,-1,1,1,3,-1,-1,-1,0,0,1,0,0,10,0,0,0,42.61
1,0,0,0,-1,0,1,0,0,0,5,0,-1,3,-1,2,2,-1,1,-1,-1,3,0,1,10,0,9223372036800000000,0,0,10,0,0,7,0,3,1,0,0,3,1,0,2,100,1,0,1,2,0,1,-1,-1,0,3,0,10,-1,1,1,3,-1,-1,-1,0,0,-1,2,0,10,0,0,0,42.37
1,0,0,0,-1,0,1,3,0,0,0,0,-1,1,1,2,0,1,-1,1,-1,3,0,-1,10,0,9223372036800000000,30,0,10,0,0,7,0,1,1,0,0,3,1,0,-1,0,0,0,-1,2,0,1,-1,-1,-1,-1,0,10,-1,1,1,3,-1,-1,-1,0,0,1,0,0,10,0,0,0,42.67
1,0,0,0,-1,0,1,3,0,0,0,0,-1,3,1,2,0,1,-1,1,-1,3,0,-1,10,0,9223372036800000000,60,0,10,0,0,7,0,1,1,0,0,3,1,0,-1,0,0,0,-1,2,0,1,-1,-1,-1,-1,0,10,-1,1,1,3,-1,-1,-1,0,0,1,0,0,10,0,0,0,42.67
1,0,0,0,-1,0,1,3,0,0,0,0,-1,1,1,2,0,1,-1,1,1,3,0,-1,10,0,9223372036800000000,60,0,10,0,0,7,0,1,1,0,0,3,1,0,-1,0,0,0,-1,2,0,1,-1,-1,-1,-1,0,10,-1,1,1,3,-1,-1,-1,0,0,1,0,0,10,0,0,0,42.67
1,0,0,0,-1,0,1,1,0,0,0,0,1,0,1,1,1,-1,2,-1,1,3,0,-1,150,0,9223372036800000000,1e+75,0,10,0,0,7,0,0,1,0,0,1,1,0,0,0,0,0,0,2,0,1,-1,-1,-1,-1,0,10,-1,1,1,3,-1,-1,-1,0,0,1,0,0,10,0,0,0,35.31
1,0,0,0,-1,0,1,3,0,0,0,0,2,3,1,1,2,0,-1,1,0,3,0,1,10,0,9223372036800000000,60,0,10,0,0,7,0,3,1,0,0,1,1,0,-1,200,2,2,0,2,0,1,-1,-1,3,0,0,10,-1,1,1,3,-1,-1,-1,0,0,0,1,0,10,0,0,0,42.79
1,0,0,0,-1,0,1,3,0,0,0,0,-1,1,1,2,0,1,-1,1,-1,3,0,-1,10,0,9223372036800000000,240,0,10,0,0,7,0,1,1,0,0,3,1,0,-1,0,0,0,-1,2,0,1,-1,-1,-1,-1,0,10,-1,1,1,3,-1,-1,-1,0,0,1,0,0,10,0,0,0,42.67
1,0,0,0,-1,0,1,3,0,0,0,0,2,2,-1,2,2,1,1,0,-1,3,0,-1,100,0,9223372036800000000,2,0,10,0,0,7,0,1,1,0,0,1,1,0,1,0,0,0,0,2,0,1,-1,-1,-1,-1,0,10,-1,1,1,3,-1,-1,-1,0,0,1,0,0,10,0,0,0,35.56
1,0,0,0,-1,0,1,2,0,0,0,0,1,2,1,0,-1,-1,2,2,0,3,0,-1,400,0,9223372036800000000,50,0,10,0,0,7,0,3,1,0,0,0,1,0,2,0,0,0,0,2,0,1,-1,-1,-1,-1,0,10,-1,1,1,3,-1,-1,-1,0,0,1,0,0,10,0,0,0,33.13
1,0,0,0,-1,0,1,3,0,0,0,0,-1,1,1,2,0,1,-1,1,-1,3,0,-1,10,0,9223372036800000000,0,0,10,0,0,7,0,1,1,0,0,3,1,0,-1,0,0,0,-1,2,0,1,-1,-1,-1,-1,0,10,-1,1,1,3,-1,-1,-1,0,0,1,0,0,10,0,0,0,42.67
1,0,0,0,-1,0,1,3,0,0,0,0,-1,1,1,2,0,1,-1,1,-1,3,0,-1,10,0,9223372036800000000,60,0,10,0,0,7,0,1,1,0,0,3,1,0,-1,0,0,0,-1,2,0,1,-1,-1,-1,-1,0,10,-1,1,1,3,-1,-1,-1,0,0,1,0,0,10,0,0,0,42.67
1,0,0,0,-1,0,1,2,0,0,0,0,-1,1,0,-1,2,-1,0,1,0,3,0,-1,200,0,9223372036800000000,5,0,10,0,0,7,0,2,1,0,0,3,1,0,3,0,0,0,4,2,0,1,-1,-1,-1,-1,0,10,-1,1,1,3,-1,-1,-1,0,0,1,0,0,10,0,0,0,42.6
1,0,0,0,-1,0,1,4,0,0,0,0,-1,0,0,0,0,0,2,1,2,3,0,-1,25,0,9223372036800000000,1e+75,0,10,0,0,7,0,0,1,0,0,1,1,0,0,0,0,0,0,2,0,1,-1,-1,-1,-1,0,10,-1,1,1,3,-1,-1,-1,0,0,1,0,0,10,0,0,0,42.27
1,0,0,0,-1,0,1,4,0,0,0,0,1,-1,-1,-1,2,2,-1,2,-1,3,0,-1,10,0,9223372036800000000,1e+75,0,10,0,0,7,0,3,1,0,0,0,1,0,1,0,0,0,0,2,0,1,-1,-1,-1,-1,0,10,-1,1,1,3,-1,-1,-1,0,0,1,0,0,10,0,0,0,33.48
1,0,0,0,-1,0,1,4,0,0,0,0,1,-1,-1,-1,2,2,-1,2,0,3,0,-1,10,0,9223372036800000000,0,0,10,0,0,7,0,3,1,0,0,0,1,0,1,0,0,0,0,2,0,1,-1,-1,-1,-1,0,10,-1,1,1,3,-1,-1,-1,0,0,1,0,0,10,0,0,0,33.48
1,0,0,0,-1,0,1,3,0,0,0,0,3,3,0,2,-1,1,2,2,1,3,0,-1,100,0,9223372036800000000,1e+75,0,10,0,0,7,0,2,1,0,0,1,1,0,0,0,0,0,1,2,0,1,-1,-1,-1,-1,0,10,-1,1,1,3,-1,-1,-1,0,0,1,0,0,10,0,0,0,35.23
1,0,0,0,-1,0,1,5,0,0,0,0,0,0,-1,1,1,0,1,1,0,3,0,-1,10,0,9223372036800000000,1e+75,0,10,0,0,7,0,0,1,0,0,1,1,0,-1,0,0,0,0,2,0,1,-1,-1,-1,-1,0,10,-1,1,1,3,-1,-1,-1,0,0,1,0,0,10,0,0,0,38.65
1,0,0,0,-1,0,1,4,0,0,0,0,0,0,1,-1,1,2,-1,0,1,3,0,-1,10,0,9223372036800000000,1e+75,0,10,0,0,7,0,0,1,0,0,1,1,0,0,0,0,0,0,2,0,1,-1,-1,-1,-1,0,10,-1,1,1,3,-1,-1,-1,0,0,1,0,0,10,0,0,0,33.48
1,0,0,0,-1,0,1,4,0,0,0,0,1,-1,-1,-1,-1,2,-1,2,-1,3,0,-1,10,0,9223372036800000000,0,0,10,0,0,7,0,3,1,0,0,0,1,0,1,0,0,0,0,2,0,1,-1,-1,-1,-1,0,10,-1,1,1,3,-1,-1,-1,0,0,1,0,0,10,0,0,0,33.48
1,0,0,0,-1,0,1,5,0,0,0,0,-1,2,-1,1,0,-1,0,1,2,3,0,1,100,0,9223372036800000000,120,0,10,0,0,7,0,1,1,0,0,0,1,0,0,60,5,2,1,2,0,1,-1,-1,-1,-1,0,10,-1,1,1,3,-1,-1,-1,0,0,1,3,0,10,0,0,0,42.92
1,0,0,0,-1,0,1,5,1,0,4,0,1,-1,-1,1,1,2,2,1,-1,3,0,16,10,0,9223372036800000000,2,0,10,0,0,7,0,1,1,0,0,0,1,0,2,60,5,5,3,2,0,1,-1,-1,3,3,0,10,-1,1,1,3,-1,-1,-1,0,0,0,5,0,10,0,0,0,27.32
1,0,0,0,-1,0,1,4,0,0,0,0,1,-1,-1,-1,2,2,-1,2,-1,3,0,-1,10,0,9223372036800000000,0,0,10,0,0,7,0,3,1,0,0,0,1,0,1,0,0,0,2,2,0,1,-1,-1,-1,-1,0,10,-1,1,1,3,-1,-1,-1,0,0,1,0,0,10,0,0,0,33.48
1,0,0,0,-1,0,1,3,0,0,0,0,3,0,1,0,1,1,-1,2,-1,3,0,-1,50,0,9223372036800000000,0,0,10,0,0,7,0,2,1,0,0,0,1,0,3,0,0,0,4,2,0,1,-1,-1,-1,-1,0,10,-1,1,1,3,-1,-1,-1,0,0,1,0,0,10,0,0,0,36.3
1,0,0,0,-1,0,1,1,0,0,0,0,3,0,1,0,1,-1,2,-1,0,3,0,-1,150,0,9223372036800000000,1e+75,0,10,0,0,7,0,0,1,0,0,1,1,0,0,0,0,0,0,2,0,1,-1,-1,-1,-1,0,10,-1,1,1,3,-1,-1,-1,0,0,1,0,0,10,0,0,0,35.42
1,0,0,0,-1,0,1,2,0,0,1,0,-1,2,0,1,-1,0,0,1,1,3,0,16,10,0,9223372036800000000,240,0,10,0,0,7,0,1,1,0,0,3,1,0,3,20,1,2,0,2,0,1,-1,-1,1,-1,0,10,-1,1,1,3,-1,-1,-1,0,0,-1,0,0,10,0,0,0,33.87
1,0,0,0,-1,0,1,0,0,0,0,0,2,3,0,0,2,2,-1,-1,0,3,0,8,800,0,9223372036800000000,5,0,10,0,0,7,0,0,1,0,0,3,1,0,-1,0,5,4,4,2,0,1,-1,-1,-1,-1,0,10,-1,1,1,3,-1,-1,-1,0,0,1,1,0,10,0,0,0,33.87
1,0,0,0,-1,0,1,2,0,0,0,0,-1,1,0,-1,2,-1,0,1,1,3,0,-1,200,0,9223372036800000000,2,0,10,0,0,7,0,2,1,0,0,3,1,0,3,0,0,0,2,2,0,1,-1,-1,-1,-1,0,10,-1,1,1,3,-1,-1,-1,0,0,1,0,0,10,0,0,0,42.85
1,0,0,0,-1,0,1,4,0,0,0,0,1,-1,-1,-1,2,2,-1,2,-1,3,0,-1,10,0,9223372036800000000,30,0,10,0,0,7,0,1,1,0,0,0,1,0,1,0,0,0,0,2,0,1,-1,-1,-1,-1,0,10,-1,1,1,3,-1,-1,-1,0,0,1,0,0,10,0,0,0,33.51
1,0,0,0,-1,0,1,3,0,0,0,0,3,3,0,2,-1,1,2,2,1,3,0,-1,100,0,9223372036800000000,20,0,10,0,0,7,0,2,1,0,0,3,1,0,0,0,0,0,1,2,0,1,-1,-1,-1,-1,0,10,-1,1,1,3,-1,-1,-1,0,0,1,0,0,10,0,0,0,35.23
1,0,0,0,-1,0,1,0,0,0,0,0,1,0,0,0,-1,2,2,0,0,3,0,4,200,0,9223372036800000000,1,0,10,0,0,7,0,0,1,0,0,1,1,0,0,200,5,0,3,2,0,1,-1,-1,-1,-1,0,10,-1,1,1,3,-1,-1,-1,0,0,1,0,0,10,0,0,0,33.32
1,0,0,0,-1,0,1,3,1,0,3,0,-1,2,0,-1,1,0,1,1,-1,3,0,8,200,0,9223372036800000000,40,0,10,0,0,7,0,2,1,0,0,1,1,0,1,1000,6,2,1,2,0,1,-1,-1,1,-1,0,10,-1,1,1,3,-1,-1,-1,0,0,0,0,0,10,0,0,0,36.35
1,0,0,0,-1,0,1,5,0,0,0,0,3,3,0,1,-1,2,1,-1,2,3,0,8,400,0,9223372036800000000,30,0,10,0,0,7,0,2,1,0,0,2,1,0,0,20,5,2,-1,2,0,1,-1,-1,-1,-1,0,10,-1,1,1,3,-1,-1,-1,0,0,1,0,0,10,0,0,0,38.61
1,0,0,0,-1,0,1,0,0,0,0,0,-1,0,-1,1,-1,-1,2,1,0,3,0,-1,400,0,9223372036800000000,60,0,10,0,0,7,0,1,1,0,0,1,1,0,0,0,0,0,0,2,0,1,-1,-1,-1,-1,0,10,-1,1,1,3,-1,-1,-1,0,0,1,0,0,10,0,0,0,42.6
1,0,0,0,-1,0,1,4,0,0,0,0,1,-1,-1,-1,2,2,-1,2,-1,3,0,-1,10,0,9223372036800000000,60,0,10,0,0,7,0,3,1,0,0,0,1,0,1,0,0,0,0,2,0,1,-1,-1,-1,-1,0,10,-1,1,1,3,-1,-1,-1,0,0,1,0,0,10,0,0,0,33.51
1,0,0,0,-1,0,1,5,0,0,0,0,-1,2,-1,1,0,-1,0,1,2,3,0,1,100,0,9223372036800000000,120,0,10,0,0,7,0,1,1,0,0,0,1,0,-1,60,5,2,1,2,0,1,-1,-1,-1,-1,0,10,-1,1,1,3,-1,-1,-1,0,0,1,3,0,10,0,0,0,42.92
1,0,0,0,-1,0,1,0,0,0,0,0,0,0,1,2,-1,0,1,1,2,3,0,-1,800,0,9223372036800000000,1e+75,0,10,0,0,7,0,2,1,0,0,2,1,0,2,0,0,0,1,2,0,1,-1,-1,-1,-1,0,10,-1,1,1,3,-1,-1,-1,0,0,1,0,0,10,0,0,0,33.26
1,0,0,0,-1,0,1,0,0,0,0,0,0,3,-1,-1,-1,1,2,-1,2,3,0,-1,50,0,9223372036800000000,2,0,10,0,0,7,0,3,1,0,0,0,1,0,2,0,0,0,3,2,0,1,-1,-1,-1,-1,0,10,-1,1,1,3,-1,-1,-1,0,0,1,0,0,10,0,0,0,33.03
1,0,0,0,-1,0,1,5,0,0,0,0,-1,-1,-1,1,0,1,-1,1,0,3,0,-1,150,0,9223372036800000000,40,0,10,0,0,7,0,1,1,0,0,0,1,0,0,0,0,0,3,2,0,1,-1,-1,-1,-1,0,10,-1,1,1,3,-1,-1,-1,0,0,1,0,0,10,0,0,0,42.8
1,0,0,0,-1,0,1,0,0,0,0,0,3,0,-1,-1,-1,-1,-1,0,-1,3,0,-1,200,0,9223372036800000000,30,0,10,0,0,7,0,3,1,0,0,0,1,0,-1,60,0,0,4,2,0,1,-1,-1,-1,-1,0,10,-1,1,1,3,-1,-1,-1,0,0,1,0,0,10,0,0,0,33.48
1,0,0,0,-1,0,1,0,0,0,0,0,-1,2,-1,0,1,2,-1,2,-1,3,0,-1,50,0,9223372036800000000,20,0,10,0,0,7,0,2,1,0,0,2,1,0,1,0,0,0,3,2,0,1,-1,-1,-1,-1,0,10,-1,1,1,3,-1,-1,-1,0,0,1,0,0,10,0,0,0,42.6
1,0,0,0,-1,0,1,0,1,0,5,0,2,1,0,1,-1,0,0,2,0,3,0,1,50,0,9223372036800000000,0,0,10,0,0,7,0,1,1,0,0,3,1,0,1,1000,2,4,3,2,0,1,-1,-1,-1,2,0,10,-1,1,1,3,-1,-1,-1,0,0,1,2,0,10,0,0,0,29.37
1,0,0,0,-1,0,1,1,0,0,0,0,3,0,-1,1,1,1,2,-1,1,3,0,8,400,0,9223372036800000000,1e+75,0,10,0,0,7,0,2,1,0,0,1,1,0,-1,100,5,0,-1,2,0,1,-1,-1,-1,-1,0,10,-1,1,1,3,-1,-1,-1,0,0,1,0,0,10,0,0,0,26.45
1,0,0,0,-1,0,1,0,0,0,0,0,3,1,0,1,2,1,-1,-1,1,3,0,-1,150,0,9223372036800000000,20,0,10,0,0,7,0,2,1,0,0,2,1,0,2,0,0,0,1,2,0,1,-1,-1,-1,-1,0,10,-1,1,1,3,-1,-1,-1,0,0,1,0,0,10,0,0,0,33.03
1,0,0,0,-1,0,1,0,0,0,0,0,2,1,-1,2,2,1,1,0,-1,3,0,-1,100,0,9223372036800000000,5,0,10,0,0,7,0,1,1,0,0,1,1,0,1,0,0,0,0,2,0,1,-1,-1,-1,-1,0,10,-1,1,1,3,-1,-1,-1,0,0,1,0,0,10,0,0,0,33.57
1,0,0,0,-1,0,1,0,0,0,0,0,-1,-1,-1,0,1,2,-1,2,-1,3,0,-1,50,0,9223372036800000000,20,0,10,0,0,7,0,2,1,0,0,2,1,0,1,0,0,0,3,2,0,1,-1,-1,-1,-1,0,10,-1,1,1,3,-1,-1,-1,0,0,1,0,0,10,0,0,0,42.6
1,0,0,0,-1,0,1,2,0,0,0,0,-1,1,0,-1,2,-1,0,1,0,3,0,-1,200,0,9223372036800000000,10,0,10,0,0,7,0,2,1,0,0,3,1,0,3,0,0,0,2,2,0,1,-1,-1,-1,-1,0,10,-1,1,1,3,-1,-1,-1,0,0,1,0,0,10,0,0,0,42.85
1,0,0,0,-1,0,1,0,0,0,0,0,-1,-1,-1,0,1,2,-1,2,-1,3,0,-1,400,0,9223372036800000000,20,0,10,0,0,7,0,2,1,0,0,2,1,0,1,0,0,0,4,2,0,1,-1,-1,-1,-1,0,10,-1,1,1,3,-1,-1,-1,0,0,1,0,0,10,0,0,0,42.69
1,0,0,0,-1,0,1,5,0,0,0,0,1,2,1,-1,-1,0,2,-1,-1,3,0,-1,200,0,9223372036800000000,1,0,10,0,0,7,0,3,1,0,0,0,1,0,3,60,1,3,0,2,0,1,-1,-1,-1,-1,0,10,-1,1,1,3,-1,-1,-1,0,0,1,0,0,10,0,0,0,42.92
1,0,0,0,-1,0,1,2,0,0,0,0,1,2,1,-1,0,1,-1,1,2,3,0,-1,800,0,9223372036800000000,60,0,10,0,0,7,0,2,1,0,0,2,1,0,-1,200,0,0,0,2,0,1,-1,-1,-1,-1,0,10,-1,1,1,3,-1,-1,-1,0,0,1,0,0,10,0,0,0,33.48
1,0,0,0,-1,0,1,3,0,0,0,0,0,0,1,-1,0,1,2,2,1,3,0,-1,50,0,9223372036800000000,1e+75,0,10,0,0,7,0,0,1,0,0,1,1,0,0,0,0,0,0,2,0,1,-1,-1,-1,-1,0,10,-1,1,1,3,-1,-1,-1,0,0,1,0,0,10,0,0,0,36.3
1,0,0,0,-1,0,1,4,0,0,0,0,2,3,-1,1,1,-1,0,-1,2,3,0,8,150,0,9223372036800000000,40,0,10,0,0,7,0,0,1,0,0,1,1,0,-1,500,5,2,4,2,0,1,-1,-1,-1,-1,0,10,-1,1,1,3,-1,-1,-1,0,0,1,5,0,10,0,0,0,43.47
1,0,0,0,-1,0,1,3,0,0,0,0,3,0,1,0,1,1,-1,2,-1,3,0,-1,800,0,9223372036800000000,20,0,10,0,0,7,0,2,1,0,0,0,1,0,3,0,0,0,-1,2,0,1,-1,-1,-1,-1,0,10,-1,1,1,3,-1,-1,-1,0,0,1,0,0,10,0,0,0,36.3
1,0,0,0,-1,0,1,3,0,0,0,0,-1,0,1,0,1,1,-1,2,-1,3,0,-1,800,0,9223372036800000000,0,0,10,0,0,7,0,2,1,0,0,0,1,0,3,0,0,0,-1,2,0,1,-1,-1,-1,-1,0,10,-1,1,1,3,-1,-1,-1,0,0,1,0,0,10,0,0,0,42.74
1,0,0,0,-1,0,1,1,0,0,0,0,0,0,1,0,1,0,1,0,2,3,0,16,100,0,9223372036800000000,40,0,10,0,0,7,0,2,1,0,0,1,1,0,-1,500,5,1,4,2,0,1,-1,-1,3,0,0,10,-1,1,1,3,-1,-1,-1,0,0,1,2,0,10,0,0,0,38.67
1,0,0,0,-1,0,1,0,0,0,0,0,0,0,0,0,0,0,0,0,0,3,0,-1,150,0,9223372036800000000,1e+75,0,10,0,0,7,0,0,1,0,0,1,1,0,0,0,0,0,1,2,0,1,-1,-1,-1,-1,0,10,-1,1,1,3,-1,-1,-1,0,0,1,0,0,10,0,0,0,33.37
1,0,0,0,-1,0,1,3,0,0,0,0,3,-1,1,0,1,1,-1,2,-1,3,0,-1,800,0,9223372036800000000,0,0,10,0,0,7,0,2,1,0,0,0,1,0,3,0,0,0,-1,2,0,1,-1,-1,-1,-1,0,10,-1,1,1,3,-1,-1,-1,0,0,1,0,0,10,0,0,0,35.23
1,0,0,0,-1,0,1,5,0,0,0,0,1,2,1,-1,-1,0,2,-1,-1,3,0,4,200,0,9223372036800000000,1,0,10,0,0,7,0,3,1,0,0,0,1,0,3,60,6,3,0,2,0,1,-1,-1,-1,-1,0,10,-1,1,1,3,-1,-1,-1,0,0,1,0,0,10,0,0,0,42.92
1,0,0,0,-1,0,1,0,0,0,0,0,2,0,1,2,2,-1,1,2,0,3,0,-1,200,0,9223372036800000000,1e+75,0,10,0,0,7,0,0,1,0,0,1,1,0,0,0,0,0,0,2,0,1,-1,-1,-1,-1,0,10,-1,1,1,3,-1,-1,-1,0,0,1,0,0,10,0,0,0,33.48
1,0,0,0,-1,0,1,5,0,0,0,0,0,2,0,2,1,0,0,2,0,3,0,-1,800,0,9223372036800000000,240,0,10,0,0,7,0,2,1,0,0,3,1,0,0,40,0,0,3,2,0,1,-1,-1,-1,-1,0,10,-1,1,1,3,-1,-1,-1,0,0,1,0,0,10,0,0,0,38.65
1,0,0,0,-1,0,1,3,0,0,0,0,3,0,1,0,1,1,-1,2,-1,3,0,-1,800,0,9223372036800000000,50,0,10,0,0,7,0,2,1,0,0,0,1,0,3,0,0,0,-1,2,0,1,-1,-1,-1,-1,0,10,-1,1,1,3,-1,-1,-1,0,0,1,0,0,10,0,0,0,36.3
1,0,0,0,-1,0,1,4,0,0,0,0,1,0,-1,2,1,1,-1,2,1,3,0,-1,50,0,9223372036800000000,1e+75,0,10,0,0,7,0,0,1,0,0,1,1,0,-1,0,0,0,0,2,0,1,-1,-1,-1,-1,0,10,-1,1,1,3,-1,-1,-1,0,0,1,0,0,10,0,0,0,33.37
1,0,0,0,-1,0,1,1,0,0,0,0,1,3,1,0,0,1,0,2,0,3,0,-1,100,0,9223372036800000000,30,0,10,0,0,7,0,3,1,0,0,1,1,0,-1,200,0,0,1,2,0,1,-1,-1,-1,-1,0,10,-1,1,1,3,-1,-1,-1,0,0,1,0,0,10,0,0,0,35.21
1,0,0,0,-1,0,1,0,0,0,0,0,0,3,-1,2,-1,1,2,-1,2,3,0,-1,50,0,9223372036800000000,0,0,10,0,0,7,0,3,1,0,0,0,1,0,2,0,0,0,2,2,0,1,-1,-1,-1,-1,0,10,-1,1,1,3,-1,-1,-1,0,0,1,0,0,10,0,0,0,33.18
1,0,0,0,-1,0,1,3,0,0,0,0,3,0,1,0,1,1,-1,2,-1,3,0,-1,100,0,9223372036800000000,0,0,10,0,0,7,0,2,1,0,0,0,1,0,3,0,0,0,-1,2,0,1,-1,-1,-1,-1,0,10,-1,1,1,3,-1,-1,-1,0,0,1,0,0,10,0,0,0,35.23
1,0,0,0,-1,0,1,3,0,0,0,0,3,3,0,2,-1,2,2,2,1,3,0,-1,100,0,9223372036800000000,1e+75,0,10,0,0,7,0,2,1,0,0,3,1,0,0,0,0,0,1,2,0,1,-1,-1,-1,-1,0,10,-1,1,1,3,-1,-1,-1,0,0,1,0,0,10,0,0,0,34.02
1,0,0,0,-1,0,1,1,0,0,0,0,3,0,-1,1,-1,1,2,-1,1,3,0,16,400,0,9223372036800000000,1e+75,0,10,0,0,7,0,2,1,0,0,1,1,0,-1,100,5,0,-1,2,0,1,-1,-1,-1,-1,0,10,-1,1,1,3,-1,-1,-1,0,0,1,0,0,10,0,0,0,26.45
1,0,0,2,-1,0,1,1,0,0,0,0,3,0,-1,1,1,1,2,-1,1,3,0,16,400,0,9223372036800000000,1e+75,0,10,0,0,7,0,2,1,0,0,1,1,0,-1,100,5,0,-1,2,0,1,-1,-1,-1,-1,0,10,-1,1,1,3,-1,-1,-1,0,0,1,0,0,10,0,0,0,35.51
1,0,0,0,-1,0,1,5,1,0,4,0,1,-1,-1,1,0,2,2,1,-1,3,0,16,100,0,9223372036800000000,2,0,10,0,0,7,0,1,1,0,0,0,1,0,2,60,5,5,3,2,0,1,-1,-1,3,3,0,10,-1,1,1,3,-1,-1,-1,0,0,0,5,0,10,0,0,0,27.32
1,0,0,0,-1,0,1,3,0,0,0,0,3,0,1,0,1,1,-1,-1,-1,3,0,-1,800,0,9223372036800000000,0,0,10,0,0,7,0,2,1,0,0,0,1,0,3,0,0,0,-1,2,0,1,-1,-1,-1,-1,0,10,-1,1,1,3,-1,-1,-1,0,0,1,0,0,10,0,0,0,35.23
1,0,0,0,-1,0,1,1,0,0,0,0,0,0,0,0,2,1,1,-1,2,3,0,-1,10,0,9223372036800000000,1e+75,0,10,0,0,7,0,0,1,0,0,1,1,0,0,0,0,0,0,2,0,1,-1,-1,-1,-1,0,10,-1,1,1,3,-1,-1,-1,0,0,1,0,0,10,0,0,0,35.12
1,0,0,0,-1,0,1,0,0,0,0,0,2,3,0,0,-1,2,-1,-1,0,3,0,8,800,0,9223372036800000000,5,0,10,0,0,7,0,0,1,0,0,3,1,0,-1,20,5,4,4,2,0,1,-1,-1,-1,-1,0,10,-1,1,1,3,-1,-1,-1,0,0,1,1,0,10,0,0,0,43.27
1,0,0,0,-1,0,1,3,0,0,0,0,3,0,1,0,1,1,-1,2,-1,3,0,-1,800,0,9223372036800000000,0,0,10,0,0,7,0,2,1,0,0,0,1,0,3,0,0,0,4,2,0,1,-1,-1,-1,-1,0,10,-1,1,1,3,-1,-1,-1,0,0,1,0,0,10,0,0,0,35.23
1,0,0,0,-1,0,1,4,0,0,0,0,1,1,1,0,1,0,0,1,0,3,0,1,25,0,9223372036800000000,50,0,10,0,0,7,0,1,1,0,0,0,1,0,2,100,3,0,4,2,0,1,-1,-1,-1,-1,0,10,-1,1,1,3,-1,-1,-1,0,0,1,0,0,10,0,0,0,42.56
1,0,0,0,-1,0,1,0,0,0,0,0,3,2,0,1,2,1,-1,-1,1,3,0,-1,150,0,9223372036800000000,5,0,10,0,0,7,0,2,1,0,0,2,1,0,2,0,0,0,1,2,0,1,-1,-1,-1,-1,0,10,-1,1,1,3,-1,-1,-1,0,0,1,0,0,10,0,0,0,33.03
1,0,0,0,-1,0,1,3,0,0,0,0,3,0,1,0,1,1,-1,2,-1,3,0,-1,800,0,9223372036800000000,0,0,10,0,0,7,0,2,1,0,0,0,1,0,3,0,0,0,-1,2,0,1,-1,-1,-1,-1,0,10,-1,1,1,3,-1,-1,-1,0,0,1,0,0,10,0,0,0,35.23
1,0,0,0,-1,0,1,4,0,0,0,0,3,0,-1,2,-1,-1,2,2,1,3,0,8,25,0,9223372036800000000,120,0,10,0,0,7,0,2,1,0,0,1,1,0,3,0,4,3,0,2,0,1,-1,-1,-1,-1,0,10,-1,1,1,3,-1,-1,-1,0,0,1,1,0,10,0,0,0,64.91
1,0,0,0,-1,0,1,5,0,0,0,0,1,2,0,1,2,1,1,-1,0,3,0,4,400,0,9223372036800000000,20,0,10,0,0,7,0,2,1,0,0,0,1,0,1,0,2,2,1,2,0,1,-1,-1,-1,-1,0,10,-1,1,1,3,-1,-1,-1,0,0,1,0,0,10,0,0,0,38.82
1,0,0,0,-1,0,1,1,1,0,1,0,1,1,1,2,0,1,2,1,2,3,0,4,25,0,9223372036800000000,0,0,10,0,0,7,0,0,1,0,0,3,1,0,1,1000,6,3,0,2,0,1,-1,-1,1,3,0,10,-1,1,1,3,-1,-1,-1,0,0,1,3,0,10,0,0,0,34.8
1,0,0,0,-1,0,1,3,0,0,0,0,3,0,1,0,1,1,-1,2,1,3,0,-1,50,0,9223372036800000000,0,0,10,0,0,7,0,2,1,0,0,0,1,0,3,0,0,0,-1,2,0,1,-1,-1,-1,-1,0,10,-1,1,1,3,-1,-1,-1,0,0,1,0,0,10,0,0,0,36.3
1,0,0,0,-1,0,1,0,0,0,0,0,1,0,0,0,-1,2,2,0,-1,3,0,4,200,0,9223372036800000000,1,0,10,0,0,7,0,0,1,0,0,1,1,0,0,-1,5,0,3,2,0,1,-1,-1,-1,-1,0,10,-1,1,1,3,-1,-1,-1,0,0,1,0,0,10,0,0,0,33.32
1,0,0,0,-1,0,1,2,0,0,1,0,-1,2,0,1,-1,0,0,1,1,3,0,16,200,0,9223372036800000000,240,0,10,0,0,7,0,1,1,0,0,3,1,0,3,20,1,2,0,2,0,1,-1,-1,-1,-1,0,10,-1,1,1,3,-1,-1,-1,0,0,-1,0,0,10,0,0,0,33.87
1,0,0,0,-1,0,1,4,1,0,3,0,2,-1,1,1,-1,1,2,-1,2,3,0,8,50,0,9223372036800000000,0,0,10,0,0,7,0,2,1,0,0,3,1,0,0,40,3,1,4,2,0,1,-1,-1,2,2,0,10,-1,1,1,3,-1,-1,-1,0,0,0,2,0,10,0,0,0,33.13
1,0,0,0,-1,0,1,3,0,0,0,0,3,0,1,0,1,1,-1,2,-1,3,0,-1,50,0,9223372036800000000,0,0,10,0,0,7,0,2,1,0,0,0,1,0,3,0,0,0,-1,2,0,1,-1,-1,-1,-1,0,10,-1,1,1,3,-1,-1,-1,0,0,1,0,0,10,0,0,0,36.3
1,0,0,0,-1,0,1,4,0,0,0,0,2,3,1,1,0,-1,0,0,1,3,0,-1,400,0,9223372036800000000,60,0,10,0,0,7,0,2,1,0,0,3,1,0,1,20,0,0,-1,2,0,1,-1,-1,-1,-1,0,10,-1,1,1,3,-1,-1,-1,0,0,1,1,0,10,0,0,0,38.67
1,0,0,0,-1,0,1,0,0,0,0,0,0,3,1,0,2,-1,-1,0,2,3,0,4,25,0,9223372036800000000,50,0,10,0,0,7,0,2,1,0,0,3,1,0,3,500,1,5,1,2,0,1,-1,-1,-1,-1,0,10,-1,1,1,3,-1,-1,-1,0,0,1,0,0,10,0,0,0,34.29
1,0,0,0,-1,0,1,0,0,0,0,0,-1,-1,1,2,0,-1,2,0,1,3,0,-1,10,0,9223372036800000000,0,0,10,0,0,7,0,2,1,0,0,2,1,0,-1,0,0,0,2,2,0,1,-1,-1,-1,-1,0,10,-1,1,1,3,-1,-1,-1,0,0,1,0,0,10,0,0,0,33.38
1,0,0,0,-1,0,1,0,0,0,0,0,-1,-1,1,2,0,2,2,0,1,3,0,-1,10,0,9223372036800000000,0,0,10,0,0,7,0,3,1,0,0,2,1,0,-1,0,0,0,2,2,0,1,-1,-1,-1,-1,0,10,-1,1,1,3,-1,-1,-1,0,0,1,0,0,10,0,0,0,42.64
1,0,0,0,-1,0,1,0,0,0,0,0,-1,-1,1,2,0,-1,2,2,1,3,0,-1,10,0,9223372036800000000,0,0,10,0,0,7,0,3,1,0,0,2,1,0,-1,0,0,0,2,2,0,1,-1,-1,-1,-1,0,10,-1,1,1,3,-1,-1,-1,0,0,1,0,0,10,0,0,0,33.38
1,0,0,0,-1,0,1,3,0,0,0,0,3,0,1,0,1,1,2,2,-1,3,0,-1,800,0,9223372036800000000,0,0,10,0,0,7,0,2,1,0,0,0,1,0,3,0,0,0,-1,2,0,1,-1,-1,-1,-1,0,10,-1,1,1,3,-1,-1,-1,0,0,1,0,0,10,0,0,0,35.23
1,0,0,0,-1,0,1,0,0,0,0,0,-1,-1,1,2,0,-1,2,0,1,3,0,-1,10,0,9223372036800000000,0,0,10,0,0,7,0,3,1,0,0,2,1,0,-1,0,0,0,2,2,0,1,-1,-1,-1,-1,0,10,-1,1,1,3,-1,-1,-1,0,0,1,0,0,10,0,0,0,33.38
1,0,0,0,-1,0,1,3,0,0,0,0,0,3,-1,0,-1,-1,1,1,1,3,0,8,25,0,9223372036800000000,40,0,10,0,0,7,0,3,1,0,0,1,1,0,3,200,1,0,3,2,0,1,-1,-1,-1,-1,0,10,-1,1,1,3,-1,-1,-1,0,0,1,0,0,10,0,0,0,36.3
1,0,0,0,-1,0,1,2,0,0,0,0,-1,1,0,2,2,-1,0,1,0,3,0,-1,200,0,9223372036800000000,2,0,10,0,0,7,0,2,1,0,0,3,1,0,3,0,0,0,4,2,0,1,-1,-1,-1,-1,0,10,-1,1,1,3,-1,-1,-1,0,0,1,0,0,10,0,0,0,42.6
1,0,0,0,-1,0,1,0,0,0,0,0,0,3,1,-1,2,-1,-1,0,2,3,0,4,25,0,9223372036800000000,50,0,10,0,0,7,0,2,1,0,0,3,1,0,3,500,1,5,1,2,0,1,-1,-1,-1,-1,0,10,-1,1,1,3,-1,-1,-1,0,0,1,0,0,10,0,0,0,34.29
1,0,0,0,-1,0,1,0,0,0,0,0,-1,-1,1,2,0,-1,2,0,1,3,0,-1,10,0,9223372036800000000,5,0,10,0,0,7,0,3,1,0,0,0,1,0,-1,0,0,0,2,2,0,1,-1,-1,-1,-1,0,10,-1,1,1,3,-1,-1,-1,0,0,1,0,0,10,0,0,0,33.53
1,0,0,0,-1,0,1,1,0,0,0,0,2,0,-1,2,-1,-1,-1,0,-1,3,0,8,25,0,9223372036800000000,0,0,10,0,0,7,0,1,1,0,0,2,1,0,2,500,4,2,1,2,0,1,-1,-1,-1,-1,0,10,-1,1,1,3,-1,-1,-1,0,0,1,0,0,10,0,0,0,45.77
1,0,0,0,-1,0,1,0,0,0,0,0,-1,-1,1,2,0,-1,2,0,1,3,0,-1,10,0,9223372036800000000,5,0,10,0,0,7,0,3,1,0,0,3,1,0,-1,0,0,0,2,2,0,1,-1,-1,-1,-1,0,10,-1,1,1,3,-1,-1,-1,0,0,1,0,0,10,0,0,0,33.43
1,0,0,0,-1,0,1,0,0,0,0,0,-1,0,1,2,0,-1,2,0,1,3,0,-1,10,0,9223372036800000000,5,0,10,0,0,7,0,3,1,0,0,2,1,0,-1,0,0,0,2,2,0,1,-1,-1,-1,-1,0,10,-1,1,1,3,-1,-1,-1,0,0,1,0,0,10,0,0,0,33.43
1,0,0,0,-1,0,1,2,0,0,0,0,-1,0,0,-1,2,-1,0,1,0,3,0,-1,200,0,9223372036800000000,2,0,10,0,0,7,0,2,1,0,0,3,1,0,3,0,0,0,2,2,0,1,-1,-1,-1,-1,0,10,-1,1,1,3,-1,-1,-1,0,0,1,0,0,10,0,0,0,42.85
1,0,0,0,-1,0,1,4,0,0,0,0,0,1,0,0,1,2,2,1,2,3,0,1,10,0,9223372036800000000,1e+75,0,10,0,0,7,0,3,1,0,0,1,1,0,0,100,0,0,3,2,0,1,-1,-1,-1,-1,0,10,-1,1,1,3,-1,-1,-1,0,0,1,0,0,10,0,0,0,42.04
1,0,0,0,-1,0,1,0,0,0,0,0,-1,-1,-1,0,1,2,-1,2,-1,3,0,-1,400,0,9223372036800000000,20,0,10,0,0,7,0,2,1,0,0,2,1,0,1,0,0,0,3,2,0,1,-1,-1,-1,-1,0,10,-1,1,1,3,-1,-1,-1,0,0,1,0,0,10,0,0,0,42.68
1,0,0,0,-1,0,1,0,0,0,0,0,-1,3,1,2,0,-1,2,0,1,3,0,-1,10,0,9223372036800000000,5,0,10,0,0,7,0,3,1,0,0,2,1,0,-1,0,0,0,2,2,0,1,-1,-1,-1,-1,0,10,-1,1,1,3,-1,-1,-1,0,0,1,0,0,10,0,0,0,33.43
1,0,0,0,-1,0,1,0,0,0,0,0,-1,-1,1,2,0,-1,2,0,1,3,0,-1,10,0,9223372036800000000,5,0,10,0,0,7,0,3,1,0,0,2,1,0,-1,0,0,0,2,2,0,1,-1,-1,-1,-1,0,10,-1,1,1,3,-1,-1,-1,0,0,1,0,0,10,0,0,0,33.43
1,0,0,0,-1,0,1,0,0,0,0,0,3,-1,1,2,0,-1,2,0,1,3,0,-1,10,0,9223372036800000000,5,0,10,0,0,7,0,3,1,0,0,2,1,0,-1,0,0,0,1,2,0,1,-1,-1,-1,-1,0,10,-1,1,1,3,-1,-1,-1,0,0,1,0,0,10,0,0,0,33.66
1,0,0,0,-1,0,1,0,0,0,0,0,3,0,1,2,0,-1,2,0,1,3,0,-1,10,0,9223372036800000000,5,0,10,0,0,7,0,3,1,0,0,2,1,0,-1,0,0,0,2,2,0,1,-1,-1,-1,-1,0,10,-1,1,1,3,-1,-1,-1,0,0,1,0,0,10,0,0,0,33.66
1,0,0,0,-1,0,1,5,1,0,2,0,-1,1,-1,0,2,-1,1,0,1,3,0,2,200,0,9223372036800000000,5,0,10,0,0,7,0,1,1,0,0,0,1,0,-1,20,2,1,2,2,0,1,-1,-1,2,-1,0,10,-1,1,1,3,-1,-1,-1,0,0,1,2,0,10,0,0,0,29.93
1,0,0,0,-1,0,1,2,0,0,0,0,1,2,1,0,-1,-1,2,2,0,3,0,-1,400,0,9223372036800000000,40,0,10,0,0,7,0,3,1,0,0,2,1,0,2,0,0,0,0,2,0,1,-1,-1,-1,-1,0,10,-1,1,1,3,-1,-1,-1,0,0,1,0,0,10,0,0,0,33.13
1,0,0,0,-1,0,1,0,0,0,0,0,3,-1,1,2,0,-1,2,0,0,3,0,-1,10,0,9223372036800000000,5,0,10,0,0,7,0,3,1,0,0,2,1,0,-1,0,0,0,2,2,0,1,-1,-1,-1,-1,0,10,-1,1,1,3,-1,-1,-1,0,0,1,0,0,10,0,0,0,33.66
1,0,0,0,-1,0,1,1,0,0,0,0,2,1,0,-1,2,1,-1,1,1,3,0,-1,150,0,9223372036800000000,2,0,10,0,0,7,0,1,1,0,0,3,1,0,3,0,0,0,2,2,0,1,-1,-1,-1,-1,0,10,-1,1,1,3,-1,-1,-1,0,0,1,0,0,10,0,0,0,35.23
1,0,0,0,-1,0,1,0,0,0,0,0,1,0,1,0,-1,0,2,1,-1,3,0,-1,50,0,9223372036800000000,5,0,10,0,0,7,0,0,1,0,0,1,1,0,2,0,0,0,0,2,0,1,-1,-1,-1,-1,0,10,-1,1,1,3,-1,-1,-1,0,0,1,0,0,10,0,0,0,33.03
1,0,0,0,-1,0,1,0,0,0,0,0,1,0,-1,0,-1,0,2,1,-1,3,0,-1,25,0,9223372036800000000,5,0,10,0,0,7,0,0,1,0,0,1,1,0,2,0,0,0,0,2,0,1,-1,-1,-1,-1,0,10,-1,1,1,3,-1,-1,-1,0,0,1,0,0,10,0,0,0,33.03
1,0,0,0,-1,0,1,3,0,0,0,0,-1,-1,-1,0,1,2,-1,2,-1,3,0,-1,50,0,9223372036800000000,1,0,10,0,0,7,0,2,1,0,0,2,1,0,1,0,0,0,3,2,0,1,-1,-1,-1,-1,0,10,-1,1,1,3,-1,-1,-1,0,0,1,0,0,10,0,0,0,42.58
1,0,0,0,-1,0,1,0,0,0,0,0,1,0,-1,0,-1,0,0,1,-1,3,0,-1,200,0,9223372036800000000,5,0,10,0,0,7,0,0,1,0,0,1,1,0,2,0,0,0,0,2,0,1,-1,-1,-1,-1,0,10,-1,1,1,3,-1,-1,-1,0,0,1,0,0,10,0,0,0,33.13
1,0,0,0,-1,0,1,4,0,0,0,0,2,3,1,1,0,-1,0,0,-1,3,0,-1,400,0,9223372036800000000,60,0,10,0,0,7,0,2,1,0,0,3,1,0,1,20,0,2,-1,2,0,1,-1,-1,-1,-1,0,10,-1,1,1,3,-1,-1,-1,0,0,1,1,0,10,0,0,0,38.67
1,0,0,0,-1,0,1,4,1,0,3,0,0,1,0,2,2,2,0,1,0,3,0,8,10,0,9223372036800000000,20,0,10,0,0,7,0,0,1,0,0,0,1,0,2,40,1,0,4,2,0,1,-1,-1,2,-1,0,10,-1,1,1,3,-1,-1,-1,0,0,0,4,0,10,0,0,0,32.17
1,0,0,0,-1,0,1,0,0,0,0,0,1,0,1,0,-1,0,2,1,-1,3,0,-1,200,0,9223372036800000000,5,0,10,0,0,7,0,0,1,0,0,1,1,0,2,0,0,0,0,2,0,1,-1,-1,-1,-1,0,10,-1,1,1,3,-1,-1,-1,0,0,1,0,0,10,0,0,0,33.13
1,0,0,0,-1,0,1,3,0,0,0,0,3,3,0,2,-1,1,2,2,1,3,0,-1,100,0,9223372036800000000,30,0,10,0,0,7,0,2,1,0,0,3,1,0,-1,0,0,0,1,2,0,1,-1,-1,-1,-1,0,10,-1,1,1,3,-1,-1,-1,0,0,1,0,0,10,0,0,0,35.56
1,0,0,0,-1,0,1,0,0,0,0,0,1,0,-1,0,-1,0,2,1,-1,3,0,-1,200,0,9223372036800000000,2,0,10,0,0,7,0,0,1,0,0,1,1,0,2,0,0,0,0,2,0,1,-1,-1,-1,-1,0,10,-1,1,1,3,-1,-1,-1,0,0,1,0,0,10,0,0,0,33.13
1,0,0,0,-1,0,1,0,0,0,0,0,1,0,-1,0,-1,0,2,1,-1,3,0,-1,200,0,9223372036800000000,5,0,10,0,0,7,0,0,1,0,0,1,1,0,0,0,0,0,0,2,0,1,-1,-1,-1,-1,0,10,-1,1,1,3,-1,-1,-1,0,0,1,0,0,10,0,0,0,33.66
1,0,0,0,-1,0,1,0,0,0,0,0,-1,1,0,-1,-1,2,-1,1,0,3,0,-1,50,0,9223372036800000000,1e+75,0,10,0,0,7,0,1,1,0,0,0,1,0,2,-1,0,0,4,2,0,1,-1,-1,-1,-1,0,10,-1,1,1,3,-1,-1,-1,0,0,1,0,0,10,0,0,0,42.29
1,0,0,0,-1,0,1,2,0,0,0,0,-1,0,0,0,2,0,2,-1,2,3,0,4,800,0,9223372036800000000,1,0,10,0,0,7,0,1,1,0,0,2,1,0,3,200,0,0,4,2,0,1,-1,-1,-1,-1,0,10,-1,1,1,3,-1,-1,-1,0,0,1,0,0,10,0,0,0,42.79
1,0,0,0,-1,0,1,3,0,0,0,0,3,3,0,2,-1,2,2,2,1,3,0,-1,100,0,9223372036800000000,1e+75,0,10,0,0,7,0,2,1,0,0,3,1,0,0,0,0,0,0,2,0,1,-1,-1,-1,-1,0,10,-1,1,1,3,-1,-1,-1,0,0,1,0,0,10,0,0,0,34.02
1,0,0,0,-1,0,1,0,0,0,0,0,1,0,-1,0,-1,0,2,1,-1,3,0,-1,50,0,9223372036800000000,1e+75,0,10,0,0,7,0,0,1,0,0,1,1,0,2,0,0,0,0,2,0,1,-1,-1,-1,-1,0,10,-1,1,1,3,-1,-1,-1,0,0,1,0,0,10,0,0,0,33.18
1,0,0,0,-1,0,1,0,0,0,0,0,1,0,-1,0,1,0,2,1,-1,3,0,-1,200,0,9223372036800000000,1e+75,0,10,0,0,7,0,0,1,0,0,1,1,0,2,0,0,0,0,2,0,1,-1,-1,-1,-1,0,10,-1,1,1,3,-1,-1,-1,0,0,1,0,0,10,0,0,0,33.18
1,0,0,0,-1,0,1,2,0,0,5,0,2,1,0,0,-1,2,2,2,2,3,0,4,50,0,9223372036800000000,120,0,10,0,0,7,0,3,1,0,0,1,1,0,3,100,5,0,1,2,0,1,-1,-1,2,3,0,10,-1,1,1,3,-1,-1,-1,0,0,-1,5,0,10,0,0,0,33.85
1,0,0,0,-1,0,1,0,0,0,0,0,1,0,-1,0,-1,0,2,-1,-1,3,0,-1,200,0,9223372036800000000,1e+75,0,10,0,0,7,0,0,1,0,0,1,1,0,2,0,0,0,0,2,0,1,-1,-1,-1,-1,0,10,-1,1,1,3,-1,-1,-1,0,0,1,0,0,10,0,0,0,33.18
1,0,0,0,-1,0,1,0,0,0,0,0,1,0,-1,0,-1,0,2,1,2,3,0,-1,200,0,9223372036800000000,1e+75,0,10,0,0,7,0,0,1,0,0,1,1,0,2,0,0,0,0,2,0,1,-1,-1,-1,-1,0,10,-1,1,1,3,-1,-1,-1,0,0,1,0,0,10,0,0,0,33.18
1,0,0,0,-1,0,1,0,0,0,0,0,1,0,-1,0,-1,0,2,1,-1,3,0,-1,50,0,9223372036800000000,5,0,10,0,0,7,0,0,1,0,0,1,1,0,2,0,0,0,0,2,0,1,-1,-1,-1,-1,0,10,-1,1,1,3,-1,-1,-1,0,0,1,0,0,10,0,0,0,33.03
1,0,0,0,-1,0,1,4,0,0,0,0,1,-1,-1,-1,2,2,-1,2,-1,3,0,-1,10,0,9223372036800000000,240,0,10,0,0,7,0,3,1,0,0,0,1,0,1,0,0,0,0,2,0,1,-1,-1,-1,-1,0,10,-1,1,1,3,-1,-1,-1,0,0,1,0,0,10,0,0,0,33.51
1,0,0,0,-1,0,1,3,0,0,0,0,1,1,-1,-1,2,0,-1,-1,2,3,0,-1,10,0,9223372036800000000,1,0,10,0,0,7,0,3,1,0,0,1,1,0,2,0,0,0,0,2,0,1,-1,-1,-1,-1,0,10,-1,1,1,3,-1,-1,-1,0,0,1,0,0,10,0,0,0,33.13
1,0,0,0,-1,0,1,5,0,0,0,0,-1,-1,1,-1,2,1,0,-1,0,3,0,2,800,0,9223372036800000000,2,0,10,0,0,7,0,0,1,0,0,3,1,0,0,60,2,0,1,2,0,1,-1,-1,-1,-1,0,10,-1,1,1,3,-1,-1,-1,0,0,1,0,0,10,0,0,0,42.8
1,0,0,0,-1,0,1,3,1,0,5,0,-1,-1,-1,1,2,1,-1,-1,0,3,0,1,800,0,9223372036800000000,50,0,10,0,0,7,0,3,1,0,0,0,1,0,1,20,1,2,3,2,0,1,-1,-1,-1,2,0,10,-1,1,1,3,-1,-1,-1,0,0,1,2,0,10,0,0,0,29.69
1,0,0,0,-1,0,1,0,0,0,0,0,0,0,0,0,0,0,0,0,0,3,0,-1,25,0,9223372036800000000,1e+75,0,10,0,0,7,0,0,1,0,0,1,1,0,0,0,0,0,0,2,0,1,-1,-1,-1,-1,0,10,-1,1,1,3,-1,-1,-1,0,0,1,0,0,10,0,0,0,33.37
1,0,0,0,-1,0,1,0,0,0,0,0,2,0,0,1,0,2,-1,1,1,3,0,-1,10,0,9223372036800000000,5,0,10,0,0,7,0,3,1,0,0,3,1,0,2,0,0,0,4,2,0,1,-1,-1,-1,-1,0,10,-1,1,1,3,-1,-1,-1,0,0,1,0,0,10,0,0,0,33.13
1,0,0,0,-1,0,1,0,0,0,0,0,0,0,1,2,-1,0,1,1,2,3,0,-1,100,0,9223372036800000000,30,0,10,0,0,7,0,2,1,0,0,2,1,0,-1,0,0,0,1,2,0,1,-1,-1,-1,-1,0,10,-1,1,1,3,-1,-1,-1,0,0,1,0,0,10,0,0,0,33.57
1,0,0,0,-1,0,1,0,0,0,0,0,0,0,0,0,0,0,0,0,-1,3,0,-1,150,0,9223372036800000000,1e+75,0,10,0,0,7,0,0,1,0,0,1,1,0,0,0,0,0,0,2,0,1,-1,-1,-1,-1,0,10,-1,1,1,3,-1,-1,-1,0,0,1,0,0,10,0,0,0,33.37
1,0,0,0,-1,0,1,0,0,0,0,0,1,0,-1,-1,0,-1,2,0,2,3,0,-1,800,0,9223372036800000000,1e+75,0,10,0,0,7,0,0,1,0,0,1,1,0,0,0,0,0,0,2,0,1,-1,-1,-1,-1,0,10,-1,1,1,3,-1,-1,-1,0,0,1,0,0,10,0,0,0,33.48
1,0,0,0,-1,0,1,0,0,0,0,0,2,0,0,1,0,2,-1,1,1,3,0,-1,10,0,9223372036800000000,30,0,10,0,0,7,0,1,1,0,0,3,1,0,3,0,0,0,4,2,0,1,-1,-1,-1,-1,0,10,-1,1,1,3,-1,-1,-1,0,0,1,0,0,10,0,0,0,33.44
1,0,0,0,-1,0,1,0,1,0,5,0,2,1,0,1,-1,0,2,2,0,3,0,16,50,0,9223372036800000000,0,0,10,0,0,7,0,0,1,0,0,3,1,0,1,1000,2,5,3,2,0,1,-1,-1,-1,-1,0,10,-1,1,1,3,-1,-1,-1,0,0,1,2,0,10,0,0,0,32.44
1,0,0,0,-1,0,1,4,0,0,0,0,0,0,0,-1,2,-1,2,1,0,3,0,-1,100,0,9223372036800000000,2,0,10,0,0,7,0,1,1,0,0,1,1,0,1,-1,0,0,0,2,0,1,-1,-1,-1,-1,0,10,-1,1,1,3,-1,-1,-1,0,0,1,0,0,10,0,0,0,33.48
1,0,0,0,-1,0,1,3,0,0,0,0,1,1,-1,-1,2,0,-1,-1,2,3,0,-1,150,0,9223372036800000000,40,0,10,0,0,7,0,1,1,0,0,1,1,0,3,0,0,0,0,2,0,1,-1,-1,-1,-1,0,10,-1,1,1,3,-1,-1,-1,0,0,1,0,0,10,0,0,0,33.75
1,0,0,0,-1,0,1,1,0,0,0,0,2,1,0,-1,2,1,-1,1,1,3,0,-1,150,0,9223372036800000000,50,0,10,0,0,7,0,1,1,0,0,3,1,0,3,0,0,0,0,2,0,1,-1,-1,-1,-1,0,10,-1,1,1,3,-1,-1,-1,0,0,1,0,0,10,0,0,0,35.23
1,0,0,0,-1,0,1,2,0,0,0,0,3,-1,-1,2,2,-1,0,2,-1,3,0,-1,25,0,9223372036800000000,0,0,10,0,0,7,0,2,1,0,0,3,1,0,0,0,0,0,0,2,0,1,-1,-1,-1,-1,0,10,-1,1,1,3,-1,-1,-1,0,0,1,0,0,10,0,0,0,33.48
1,0,0,0,-1,0,1,5,0,0,0,0,1,0,0,1,-1,-1,0,0,0,3,0,-1,400,0,9223372036800000000,20,0,10,0,0,7,0,0,1,0,0,0,1,0,3,-1,0,0,-1,2,0,1,-1,-1,-1,-1,0,10,-1,1,1,3,-1,-1,-1,0,0,1,0,0,10,0,0,0,42.92
1,0,0,0,-1,0,1,2,0,0,0,0,-1,1,-1,1,0,2,1,2,1,3,0,-1,100,0,9223372036800000000,1e+75,0,10,0,0,7,0,1,1,0,0,0,1,0,1,20,0,0,3,2,0,1,-1,-1,-1,-1,0,10,-1,1,1,3,-1,-1,-1,0,0,1,0,0,10,0,0,0,42.71
1,0,0,0,-1,0,1,1,0,0,0,0,0,1,-1,2,0,1,0,1,-1,3,0,-1,150,0,9223372036800000000,1e+75,0,10,0,0,7,0,1,1,0,0,1,1,0,2,60,0,0,1,2,0,1,-1,-1,-1,-1,0,10,-1,1,1,3,-1,-1,-1,0,0,1,0,0,10,0,0,0,34.78
1,0,0,0,-1,0,1,4,1,0,3,0,0,1,0,2,2,2,0,1,-1,3,0,8,10,0,9223372036800000000,20,0,10,0,0,7,0,0,1,0,0,0,1,0,2,40,5,0,4,2,0,1,-1,-1,2,-1,0,10,-1,1,1,3,-1,-1,-1,0,0,0,4,0,10,0,0,0,32.09
1,0,0,0,-1,0,1,0,0,0,0,0,0,0,0,0,0,0,0,0,0,3,0,-1,50,0,9223372036800000000,1e+75,0,10,0,0,7,0,0,1,0,0,1,1,0,2,60,0,0,0,2,0,1,-1,-1,-1,-1,0,10,-1,1,1,3,-1,-1,-1,0,0,1,0,0,10,0,0,0,32.97
1,0,0,0,-1,0,1,3,0,0,0,0,-1,1,1,2,0,1,-1,1,-1,3,0,-1,10,0,9223372036800000000,60,0,10,0,0,7,0,1,1,0,0,1,1,0,-1,0,0,0,-1,2,0,1,-1,-1,-1,-1,0,10,-1,1,1,3,-1,-1,-1,0,0,1,0,0,10,0,0,0,42.67
1,0,0,0,-1,0,1,0,0,0,0,0,0,0,0,0,0,-1,0,0,0,3,0,-1,150,0,9223372036800000000,1e+75,0,10,0,0,7,0,0,1,0,0,1,1,0,0,0,0,0,0,2,0,1,-1,-1,-1,-1,0,10,-1,1,1,3,-1,-1,-1,0,0,1,0,0,10,0,0,0,33.48
1,0,0,0,-1,0,1,5,0,0,0,0,3,0,1,1,1,-1,2,-1,0,3,0,-1,150,0,9223372036800000000,1e+75,0,10,0,0,7,0,0,1,0,0,1,1,0,0,0,0,0,0,2,0,1,-1,-1,-1,-1,0,10,-1,1,1,3,-1,-1,-1,0,0,1,0,0,10,0,0,0,42.92
1,0,0,0,-1,0,1,0,0,0,0,0,0,0,0,0,0,0,0,0,0,3,0,-1,150,0,9223372036800000000,1,0,10,0,0,7,0,0,1,0,0,1,1,0,0,0,0,0,0,2,0,1,-1,-1,-1,-1,0,10,-1,1,1,3,-1,-1,-1,0,0,1,0,0,10,0,0,0,33.57
1,0,0,0,-1,0,1,0,0,0,0,0,-1,0,-1,1,-1,-1,2,1,0,3,0,-1,400,0,9223372036800000000,30,0,10,0,0,7,0,2,1,0,0,1,1,0,0,0,0,0,0,2,0,1,-1,-1,-1,-1,0,10,-1,1,1,3,-1,-1,-1,0,0,1,0,0,10,0,0,0,42.6
1,0,0,0,-1,0,1,1,0,0,0,0,1,0,-1,0,0,1,2,0,1,3,0,-1,100,0,9223372036800000000,40,0,10,0,0,7,0,2,1,0,0,2,1,0,3,60,0,0,3,2,0,1,-1,-1,-1,-1,0,10,-1,1,1,3,-1,-1,-1,0,0,1,0,0,10,0,0,0,35.23
1,0,0,0,-1,0,1,5,0,0,0,0,-1,-1,-1,-1,0,1,-1,1,0,3,0,-1,150,0,9223372036800000000,40,0,10,0,0,7,0,1,1,0,0,0,1,0,0,0,0,0,3,2,0,1,-1,-1,-1,-1,0,10,-1,1,1,3,-1,-1,-1,0,0,1,0,0,10,0,0,0,42.8
1,0,0,0,-1,0,1,2,0,0,0,0,0,0,1,-1,0,0,2,2,2,3,0,-1,100,0,9223372036800000000,1e+75,0,10,0,0,7,0,0,1,0,0,1,1,0,0,0,0,0,0,2,0,1,-1,-1,-1,-1,0,10,-1,1,1,3,-1,-1,-1,0,0,1,0,0,10,0,0,0,33.37
1,0,0,0,-1,0,1,0,0,0,0,0,0,0,0,0,0,0,0,0,0,3,0,-1,150,0,9223372036800000000,50,0,10,0,0,7,0,0,1,0,0,1,1,0,0,0,0,0,0,2,0,1,-1,-1,-1,-1,0,10,-1,1,1,3,-1,-1,-1,0,0,1,0,0,10,0,0,0,33.57
1,0,0,0,-1,0,1,4,0,0,0,0,1,-1,-1,-1,2,2,-1,2,-1,3,0,-1,25,0,9223372036800000000,30,0,10,0,0,7,0,3,1,0,0,0,1,0,1,0,0,0,0,2,0,1,-1,-1,-1,-1,0,10,-1,1,1,3,-1,-1,-1,0,0,1,0,0,10,0,0,0,33.51
1,0,0,0,-1,0,1,2,0,0,0,0,1,3,0,0,0,-1,-1,0,0,3,0,-1,10,0,9223372036800000000,50,0,10,0,0,7,0,0,1,0,0,1,1,0,0,60,4,0,-1,2,0,1,-1,-1,-1,-1,0,10,-1,1,1,3,-1,-1,-1,0,0,1,0,0,10,0,0,0,45.12
1,0,0,0,-1,0,1,5,0,0,0,0,0,-1,-1,-1,-1,2,1,1,1,3,0,8,50,0,9223372036800000000,240,0,10,0,0,7,0,1,1,0,0,0,1,0,-1,200,0,0,-1,2,0,1,-1,-1,-1,-1,0,10,-1,1,1,3,-1,-1,-1,0,0,1,0,0,10,0,0,0,38.65
1,0,0,0,-1,0,1,5,0,0,0,0,2,3,-1,0,1,1,2,2,0,3,0,1,200,0,9223372036800000000,40,0,10,0,0,7,0,1,1,0,0,3,1,0,-1,40,0,0,3,2,0,1,-1,-1,-1,-1,0,10,-1,1,1,3,-1,-1,-1,0,0,1,0,0,10,0,0,0,42.73
1,0,0,0,-1,0,1,0,1,0,5,0,2,1,0,1,-1,0,2,2,0,3,0,1,50,0,9223372036800000000,0,0,10,0,0,7,0,1,1,0,0,3,1,0,1,1000,2,4,3,2,0,1,-1,-1,-1,1,0,10,-1,1,1,3,-1,-1,-1,0,0,1,2,0,10,0,0,0,29.37
1,0,0,0,-1,0,1,0,0,0,0,0,0,0,1,2,-1,0,1,0,2,3,0,-1,100,0,9223372036800000000,2,0,10,0,0,7,0,2,1,0,0,2,1,0,2,0,0,0,1,2,0,1,-1,-1,-1,-1,0,10,-1,1,1,3,-1,-1,-1,0,0,1,0,0,10,0,0,0,33.03
1,0,0,0,-1,0,1,3,1,0,5,0,-1,-1,-1,-1,2,1,-1,-1,0,3,0,1,800,0,9223372036800000000,50,0,10,0,0,7,0,3,1,0,0,0,1,0,1,60,1,2,3,2,0,1,-1,-1,-1,2,0,10,-1,1,1,3,-1,-1,-1,0,0,1,2,0,10,0,0,0,29.69
1,0,0,0,-1,0,1,3,0,0,0,0,-1,1,1,2,0,1,-1,1,-1,3,0,-1,10,0,9223372036800000000,60,0,10,0,0,7,0,1,1,0,0,0,1,0,-1,0,0,0,-1,2,0,1,-1,-1,-1,-1,0,10,-1,1,1,3,-1,-1,-1,0,0,1,0,0,10,0,0,0,42.67
1,0,0,0,-1,0,1,0,0,0,0,0,0,0,0,0,0,0,0,0,0,3,0,-1,150,0,9223372036800000000,2,0,10,0,0,7,0,0,1,0,0,1,1,0,0,0,0,0,0,2,0,1,-1,-1,-1,-1,0,10,-1,1,1,3,-1,-1,-1,0,0,1,0,0,10,0,0,0,33.57
1,0,0,0,-1,0,1,5,0,0,4,0,2,3,-1,0,-1,2,0,2,0,3,0,-1,50,0,9223372036800000000,20,0,10,0,0,7,0,0,1,0,0,2,1,0,2,1000,2,1,3,2,0,1,-1,-1,2,1,0,10,-1,1,1,3,-1,-1,-1,0,0,1,0,0,10,0,0,0,42.85
1,0,0,0,-1,0,1,0,0,0,0,0,0,0,0,0,0,0,0,0,0,3,0,-1,150,0,9223372036800000000,0,0,10,0,0,7,0,0,1,0,0,1,1,0,2,0,0,0,0,2,0,1,-1,-1,-1,-1,0,10,-1,1,1,3,-1,-1,-1,0,0,1,0,0,10,0,0,0,33.18
1,0,0,0,-1,0,1,0,0,0,0,0,0,0,-1,2,-1,2,2,2,1,3,0,-1,100,0,9223372036800000000,1e+75,0,10,0,0,7,0,0,1,0,0,1,1,0,0,0,0,0,0,2,0,1,-1,-1,-1,-1,0,10,-1,1,1,3,-1,-1,-1,0,0,1,0,0,10,0,0,0,33.56
1,0,0,0,-1,0,1,5,0,0,0,0,-1,-1,-1,-1,1,1,-1,1,0,3,0,-1,150,0,9223372036800000000,40,0,10,0,0,7,0,1,1,0,0,0,1,0,0,0,0,0,3,2,0,1,-1,-1,-1,-1,0,10,-1,1,1,3,-1,-1,-1,0,0,1,0,0,10,0,0,0,42.8
1,0,0,0,-1,0,1,3,0,0,0,0,2,3,1,1,2,0,-1,1,0,3,0,1,50,0,9223372036800000000,60,0,10,0,0,7,0,3,1,0,0,1,1,0,-1,200,2,2,2,2,0,1,-1,-1,3,0,0,10,-1,1,1,3,-1,-1,-1,0,0,0,3,0,10,0,0,0,41.85
1,0,0,0,-1,0,1,0,0,0,0,0,3,-1,1,2,-1,0,-1,2,-1,3,0,-1,50,0,9223372036800000000,0,0,10,0,0,7,0,3,1,0,0,3,1,0,-1,100,0,0,-1,2,0,1,-1,-1,-1,-1,0,10,-1,1,1,3,-1,-1,-1,0,0,1,0,0,10,0,0,0,33.27
1,0,0,0,-1,0,1,0,0,0,0,0,0,0,0,0,0,0,0,0,0,3,0,-1,150,0,9223372036800000000,1e+75,0,10,0,0,7,0,0,1,0,0,1,1,0,2,0,0,0,3,2,0,1,-1,-1,-1,-1,0,10,-1,1,1,3,-1,-1,-1,0,0,1,0,0,10,0,0,0,33.18
1,0,0,0,-1,0,1,0,0,0,0,0,0,0,0,0,0,0,0,0,0,3,0,-1,150,0,9223372036800000000,1e+75,0,10,0,0,7,0,0,1,0,0,1,1,0,2,0,0,0,1,2,0,1,-1,-1,-1,-1,0,10,-1,1,1,3,-1,-1,-1,0,0,1,0,0,10,0,0,0,33.18
1,0,0,0,-1,0,1,3,0,0,0,0,-1,-1,0,1,1,0,-1,2,-1,3,0,-1,400,0,9223372036800000000,1e+75,0,10,0,0,7,0,2,1,0,0,3,1,0,0,500,0,0,2,2,0,1,-1,-1,-1,-1,0,10,-1,1,1,3,-1,-1,-1,0,0,1,0,0,10,0,0,0,42.7
1,0,0,0,-1,0,1,0,0,0,0,0,0,0,0,0,0,0,0,0,0,3,0,-1,150,0,9223372036800000000,1e+75,0,10,0,0,7,0,0,1,0,0,1,1,0,2,0,0,0,-1,2,0,1,-1,-1,-1,-1,0,10,-1,1,1,3,-1,-1,-1,0,0,1,0,0,10,0,0,0,33.18
1,0,0,0,-1,0,1,2,0,0,1,0,-1,1,0,1,-1,0,0,1,1,3,0,16,10,0,9223372036800000000,240,0,10,0,0,7,0,1,1,0,0,3,1,0,3,20,1,2,0,2,0,1,-1,-1,-1,-1,0,10,-1,1,1,3,-1,-1,-1,0,0,-1,0,0,10,0,0,0,33.87
1,0,0,0,-1,0,1,2,0,0,0,0,-1,0,0,2,2,0,2,-1,2,3,0,-1,800,0,9223372036800000000,1,0,10,0,0,7,0,1,1,0,0,2,1,0,3,200,0,0,4,2,0,1,-1,-1,-1,-1,0,10,-1,1,1,3,-1,-1,-1,0,0,1,0,0,10,0,0,0,42.79
1,0,0,0,-1,0,1,4,0,0,0,0,3,0,-1,2,-1,-1,2,2,1,3,0,8,25,0,9223372036800000000,120,0,10,0,0,7,0,2,1,0,0,1,1,0,3,0,3,1,0,2,0,1,-1,-1,-1,-1,0,10,-1,1,1,3,-1,-1,-1,0,0,1,1,0,10,0,0,0,5486.67
1,0,0,0,-1,0,1,1,1,0,1,0,1,1,1,2,0,1,2,1,2,3,0,4,25,0,9223372036800000000,0,0,10,0,0,7,0,3,1,0,0,3,1,0,1,1000,6,3,0,2,0,1,-1,-1,1,3,0,10,-1,1,1,3,-1,-1,-1,0,0,1,3,0,10,0,0,0,34.8
1,0,0,0,-1,0,1,0,0,0,0,0,0,3,0,0,0,0,0,0,0,3,0,-1,150,0,9223372036800000000,1e+75,0,10,0,0,7,0,0,1,0,0,1,1,0,2,0,0,0,0,2,0,1,-1,-1,-1,-1,0,10,-1,1,1,3,-1,-1,-1,0,0,1,0,0,10,0,0,0,33.18
1,0,0,0,-1,0,1,0,0,0,0,0,0,-1,0,0,0,0,0,0,0,3,0,-1,150,0,9223372036800000000,1e+75,0,10,0,0,7,0,0,1,0,0,1,1,0,2,0,0,0,0,2,0,1,-1,-1,-1,-1,0,10,-1,1,1,3,-1,-1,-1,0,0,1,0,0,10,0,0,0,33.18
1,0,0,0,-1,0,1,1,0,0,0,0,-1,0,-1,1,-1,2,2,2,1,3,0,-1,25,0,9223372036800000000,1e+75,0,10,0,0,7,0,0,1,0,0,1,1,0,1,0,0,0,0,2,0,1,-1,-1,-1,-1,0,10,-1,1,1,3,-1,-1,-1,0,0,1,0,0,10,0,0,0,42.51
1,0,0,0,-1,0,1,1,0,0,0,0,-1,0,-1,1,-1,2,2,2,0,3,0,-1,25,0,9223372036800000000,1e+75,0,10,0,0,7,0,0,1,0,0,1,1,0,1,0,0,0,0,2,0,1,-1,-1,-1,-1,0,10,-1,1,1,3,-1,-1,-1,0,0,1,0,0,10,0,0,0,42.51
1,0,0,0,-1,0,1,3,0,0,0,0,1,0,1,0,0,0,0,-1,-1,3,0,-1,150,0,9223372036800000000,1e+75,0,10,0,0,7,0,0,1,0,0,1,1,0,1,0,0,0,0,2,0,1,-1,-1,-1,-1,0,10,-1,1,1,3,-1,-1,-1,0,0,1,0,0,10,0,0,0,33.83
1,0,0,0,-1,0,1,2,0,0,3,0,2,0,1,2,-1,2,0,2,2,3,0,8,25,0,9223372036800000000,2,0,10,0,0,7,0,0,1,0,0,3,1,0,2,-1,3,3,-1,2,0,1,-1,-1,2,3,0,10,-1,1,1,3,-1,-1,-1,0,0,0,3,0,10,0,0,0,42.92
1,0,0,0,-1,0,1,3,0,0,0,0,1,0,1,1,0,0,0,0,-1,3,0,-1,150,0,9223372036800000000,1e+75,0,10,0,0,7,0,0,1,0,0,1,1,0,1,0,0,0,0,2,0,1,-1,-1,-1,-1,0,10,-1,1,1,3,-1,-1,-1,0,0,1,0,0,10,0,0,0,33.83
1,0,0,0,-1,0,1,3,0,0,0,0,1,0,1,0,0,0,0,0,-1,3,0,-1,150,0,9223372036800000000,1e+75,0,10,0,0,7,0,0,1,0,0,1,1,0,1,0,0,0,0,2,0,1,-1,-1,-1,-1,0,10,-1,1,1,3,-1,-1,-1,0,0,1,0,0,10,0,0,0,33.83
1,0,0,0,-1,0,1,0,0,0,0,0,3,0,-1,-1,0,-1,2,0,2,3,0,-1,800,0,9223372036800000000,1e+75,0,10,0,0,7,0,0,1,0,0,1,1,0,0,0,0,0,0,2,0,1,-1,-1,-1,-1,0,10,-1,1,1,3,-1,-1,-1,0,0,1,0,0,10,0,0,0,33.48
1,0,0,0,-1,0,1,0,0,0,0,0,0,0,-1,0,0,0,0,0,0,3,0,-1,150,0,9223372036800000000,1e+75,0,10,0,0,7,0,0,1,0,0,1,1,0,0,0,0,0,0,2,0,1,-1,-1,-1,-1,0,10,-1,1,1,3,-1,-1,-1,0,0,1,0,0,10,0,0,0,33.37
1,0,0,0,-1,0,1,1,0,0,0,0,2,0,-1,0,-1,1,0,-1,0,3,0,-1,10,0,9223372036800000000,1e+75,0,10,0,0,7,0,0,1,0,0,1,1,0,-1,0,0,0,0,2,0,1,-1,-1,-1,-1,0,10,-1,1,1,3,-1,-1,-1,0,0,1,0,0,10,0,0,0,35.42
1,0,0,0,-1,0,1,4,0,0,0,0,2,3,-1,1,1,-1,0,-1,2,3,0,-1,150,0,9223372036800000000,40,0,10,0,0,7,0,0,1,0,0,1,1,0,2,500,5,2,4,2,0,1,-1,-1,-1,-1,0,10,-1,1,1,3,-1,-1,-1,0,0,1,5,0,10,0,0,0,33.39
1,0,0,0,-1,0,1,2,0,0,0,0,0,0,-1,-1,0,1,-1,2,2,3,0,-1,400,0,9223372036800000000,1e+75,0,10,0,0,7,0,0,1,0,0,1,1,0,1,0,0,0,0,2,0,1,-1,-1,-1,-1,0,10,-1,1,1,3,-1,-1,-1,0,0,1,0,0,10,0,0,0,33.48
1,0,0,0,-1,0,1,2,0,0,0,0,-1,2,0,-1,2,-1,0,1,0,3,0,-1,200,0,9223372036800000000,2,0,10,0,0,7,0,2,1,0,0,3,1,0,3,0,0,0,4,2,0,1,-1,-1,-1,-1,0,10,-1,1,1,3,-1,-1,-1,0,0,1,0,0,10,0,0,0,42.6
1,0,0,0,-1,0,1,5,0,0,0,0,1,3,0,-1,2,2,2,1,2,3,0,-1,400,0,9223372036800000000,1e+75,0,10,0,0,7,0,2,1,0,0,3,1,0,1,0,0,0,3,2,0,1,-1,-1,-1,-1,0,10,-1,1,1,3,-1,-1,-1,0,0,1,0,0,10,0,0,0,38.65
1,0,0,0,-1,0,1,0,0,0,0,0,2,3,0,0,-1,2,-1,2,0,3,0,8,800,0,9223372036800000000,5,0,10,0,0,7,0,0,1,0,0,3,1,0,-1,20,5,4,4,2,0,1,-1,-1,-1,-1,0,10,-1,1,1,3,-1,-1,-1,0,0,1,1,0,10,0,0,0,43.27
1,0,0,0,-1,0,1,0,0,0,0,0,2,0,-1,1,-1,2,0,-1,1,3,0,-1,10,0,9223372036800000000,1e+75,0,10,0,0,7,0,0,1,0,0,1,1,0,1,0,0,0,0,2,0,1,-1,-1,-1,-1,0,10,-1,1,1,3,-1,-1,-1,0,0,1,0,0,10,0,0,0,33.48
1,0,0,0,-1,0,1,5,0,0,0,0,-1,3,1,-1,0,-1,-1,0,-1,3,0,16,400,0,9223372036800000000,50,0,10,0,0,7,0,3,1,0,0,3,1,0,1,60,5,1,2,2,0,1,-1,-1,-1,-1,0,10,-1,1,1,3,-1,-1,-1,0,0,1,5,0,10,0,0,0,42.64
1,0,0,0,-1,0,1,2,0,0,0,0,3,0,1,1,0,1,1,2,2,3,0,-1,400,0,9223372036800000000,1e+75,0,10,0,0,7,0,0,1,0,0,1,1,0,0,0,0,0,0,2,0,1,-1,-1,-1,-1,0,10,-1,1,1,3,-1,-1,-1,0,0,1,0,0,10,0,0,0,33.48
1,0,0,0,-1,0,1,0,0,0,0,0,3,0,0,0,-1,2,2,-1,2,3,0,-1,800,0,9223372036800000000,1e+75,0,10,0,0,7,0,0,1,0,0,1,1,0,1,0,0,0,0,2,0,1,-1,-1,-1,-1,0,10,-1,1,1,3,-1,-1,-1,0,0,1,0,0,10,0,0,0,33.83
1,0,0,0,-1,0,1,4,0,0,0,0,3,0,0,0,-1,2,2,-1,2,3,0,-1,800,0,9223372036800000000,1e+75,0,10,0,0,7,0,0,1,0,0,1,1,0,1,0,0,0,0,2,0,1,-1,-1,-1,-1,0,10,-1,1,1,3,-1,-1,-1,0,0,1,0,0,10,0,0,0,33.83
1,0,0,0,-1,0,1,0,0,0,0,0,0,0,1,2,-1,0,1,1,2,3,0,-1,100,0,9223372036800000000,1e+75,0,10,0,0,7,0,3,1,0,0,2,1,0,2,0,0,0,1,2,0,1,-1,-1,-1,-1,0,10,-1,1,1,3,-1,-1,-1,0,0,1,0,0,10,0,0,0,33.18
1,0,0,0,-1,0,1,0,0,0,0,0,3,0,0,1,1,1,-1,2,2,3,0,-1,150,0,9223372036800000000,1e+75,0,10,0,0,7,0,0,1,0,0,1,1,0,0,0,0,0,0,2,0,1,-1,-1,-1,-1,0,10,-1,1,1,3,-1,-1,-1,0,0,1,0,0,10,0,0,0,33.37
1,0,0,0,-1,0,1,2,0,0,0,0,2,0,1,1,-1,1,1,2,2,3,0,-1,400,0,9223372036800000000,1e+75,0,10,0,0,7,0,0,1,0,0,1,1,0,0,0,0,0,0,2,0,1,-1,-1,-1,-1,0,10,-1,1,1,3,-1,-1,-1,0,0,1,0,0,10,0,0,0,33.48
1,0,0,0,-1,0,1,1,0,0,0,0,0,0,1,0,1,0,1,0,2,3,0,16,100,0,9223372036800000000,40,0,10,0,0,7,0,1,1,0,0,1,1,0,-1,500,6,1,4,2,0,1,-1,-1,3,0,0,10,-1,1,1,3,-1,-1,-1,0,0,1,2,0,10,0,0,0,38.67
1,0,0,0,-1,0,1,5,0,0,0,0,1,3,0,-1,0,2,2,1,2,3,0,-1,400,0,9223372036800000000,50,0,10,0,0,7,0,2,1,0,0,3,1,0,1,0,0,0,3,2,0,1,-1,-1,-1,-1,0,10,-1,1,1,3,-1,-1,-1,0,0,1,0,0,10,0,0,0,38.65
1,0,0,0,-1,0,1,0,0,0,0,0,3,0,0,-1,1,-1,-1,2,2,3,0,-1,150,0,9223372036800000000,1e+75,0,10,0,0,7,0,0,1,0,0,1,1,0,0,0,0,0,0,2,0,1,-1,-1,-1,-1,0,10,-1,1,1,3,-1,-1,-1,0,0,1,0,0,10,0,0,0,33.48
1,0,0,0,-1,0,1,0,0,0,0,0,2,0,0,2,0,2,-1,1,1,3,0,-1,10,0,9223372036800000000,30,0,10,0,0,7,0,3,1,0,0,3,1,0,2,0,0,0,4,2,0,1,-1,-1,-1,-1,0,10,-1,1,1,3,-1,-1,-1,0,0,1,0,0,10,0,0,0,33.13
1,0,0,0,-1,0,1,2,0,0,0,0,1,0,0,1,-1,-1,0,-1,0,3,0,-1,400,0,9223372036800000000,1e+75,0,10,0,0,7,0,0,1,0,0,1,1,0,0,0,0,0,0,2,0,1,-1,-1,-1,-1,0,10,-1,1,1,3,-1,-1,-1,0,0,1,0,0,10,0,0,0,33.48
1,0,0,0,-1,0,1,3,0,0,0,0,2,0,1,0,-1,2,-1,-1,0,3,0,-1,100,0,9223372036800000000,1e+75,0,10,0,0,7,0,0,1,0,0,1,1,0,0,0,0,0,0,2,0,1,-1,-1,-1,-1,0,10,-1,1,1,3,-1,-1,-1,0,0,1,0,0,10,0,0,0,34.02
1,0,0,0,-1,0,1,3,0,0,0,0,1,0,0,0,0,0,-1,0,1,3,0,4,50,0,9223372036800000000,0,0,10,0,0,7,0,3,1,0,0,3,1,0,-1,100,4,5,2,2,0,1,-1,-1,-1,-1,0,10,-1,1,1,3,-1,-1,-1,0,0,1,2,0,10,0,0,0,57.57
1,0,0,0,-1,0,1,0,0,0,0,0,3,0,0,1,1,-1,1,2,2,3,0,-1,150,0,9223372036800000000,1e+75,0,10,0,0,7,0,0,1,0,0,1,1,0,0,0,0,0,0,2,0,1,-1,-1,-1,-1,0,10,-1,1,1,3,-1,-1,-1,0,0,1,0,0,10,0,0,0,33.48
1,0,0,0,-1,0,1,5,0,0,0,0,-1,-1,-1,-1,0,1,-1,1,0,3,0,-1,150,0,9223372036800000000,240,0,10,0,0,7,0,1,1,0,0,1,1,0,0,0,0,0,3,2,0,1,-1,-1,-1,-1,0,10,-1,1,1,3,-1,-1,-1,0,0,1,0,0,10,0,0,0,42.72
1,0,0,0,-1,0,1,0,0,0,0,0,0,0,0,0,0,0,0,0,0,3,0,-1,150,0,9223372036800000000,1,0,10,0,0,7,0,0,1,0,0,1,1,0,2,-1,0,0,0,2,0,1,-1,-1,-1,-1,0,10,-1,1,1,3,-1,-1,3,0,0,1,0,0,10,0,0,0,32.92
1,0,0,0,-1,0,1,4,0,0,0,0,1,0,-1,2,2,1,2,2,1,3,0,-1,50,0,9223372036800000000,1e+75,0,10,0,0,7,0,0,1,0,0,1,1,0,-1,0,0,0,0,2,0,1,-1,-1,-1,-1,0,10,-1,1,1,3,-1,-1,-1,0,0,1,0,0,10,0,0,0,33.37
1,0,0,0,-1,0,1,4,0,0,0,0,1,0,-1,2,1,1,2,2,1,3,0,-1,150,0,9223372036800000000,1e+75,0,10,0,0,7,0,0,1,0,0,1,1,0,-1,0,0,0,0,2,0,1,-1,-1,-1,-1,0,10,-1,1,1,3,-1,-1,-1,0,0,1,0,0,10,0,0,0,33.37
1,0,0,0,-1,0,1,4,0,0,0,0,1,0,-1,2,1,1,2,2,1,3,0,-1,50,0,9223372036800000000,1e+75,0,10,0,0,7,0,0,1,0,0,1,1,0,-1,0,0,0,0,2,0,1,-1,-1,-1,-1,0,10,-1,1,1,3,-1,-1,-1,0,0,1,0,0,10,0,0,0,33.37
1,0,0,0,-1,0,1,4,0,0,0,0,0,0,0,1,2,1,1,-1,2,3,0,-1,10,0,9223372036800000000,1e+75,0,10,0,0,7,0,0,1,0,0,1,1,0,0,0,0,0,0,2,0,1,-1,-1,-1,-1,0,10,-1,1,1,3,-1,-1,-1,0,0,1,0,0,10,0,0,0,33.37
1,0,0,0,-1,0,1,1,0,0,0,0,-1,0,-1,2,-1,-1,-1,2,2,3,0,-1,50,0,9223372036800000000,1e+75,0,10,0,0,7,0,0,1,0,0,1,1,0,1,0,0,0,0,2,0,1,-1,-1,-1,-1,0,10,-1,1,1,3,-1,-1,-1,0,0,1,0,0,10,0,0,0,42.18
1,0,0,0,-1,0,1,5,0,0,0,0,1,3,0,-1,0,2,2,1,2,3,0,-1,400,0,9223372036800000000,1e+75,0,10,0,0,7,0,3,1,0,0,3,1,0,1,0,0,0,3,2,0,1,-1,-1,-1,-1,0,10,-1,1,1,3,-1,-1,-1,0,0,1,0,0,10,0,0,0,38.65
1,0,0,0,-1,0,1,2,0,0,0,0,2,0,1,1,0,1,1,2,2,3,0,-1,25,0,9223372036800000000,1e+75,0,10,0,0,7,0,0,1,0,0,1,1,0,0,0,0,0,0,2,0,1,-1,-1,-1,-1,0,10,-1,1,1,3,-1,-1,-1,0,0,1,0,0,10,0,0,0,33.37
1,0,0,0,-1,0,1,3,0,0,0,0,3,3,0,2,-1,1,2,2,1,3,0,-1,100,0,9223372036800000000,10,0,10,0,0,7,0,2,1,0,0,3,1,0,0,0,0,0,1,2,0,1,-1,-1,-1,-1,0,10,-1,1,1,3,-1,-1,-1,0,0,1,0,0,10,0,0,0,35.23
1,0,0,0,-1,0,1,0,0,0,0,0,3,0,0,2,1,0,0,-1,1,3,0,-1,400,0,9223372036800000000,1e+75,0,10,0,0,7,0,0,1,0,0,1,1,0,-1,0,0,0,0,2,0,1,-1,-1,-1,-1,0,10,-1,1,1,3,-1,-1,-1,0,0,1,0,0,10,0,0,0,33.48
1,0,0,0,-1,0,1,3,1,0,0,0,3,-1,-1,2,0,2,2,0,2,3,0,1,10,0,9223372036800000000,2,0,10,0,0,7,0,2,1,0,0,1,1,0,-1,1000,6,2,-1,2,0,1,-1,-1,3,-1,0,10,-1,1,1,3,-1,-1,-1,0,0,1,5,0,10,0,0,0,29.98
1,0,0,0,-1,0,1,0,0,0,0,0,-1,2,1,2,0,-1,2,0,1,3,0,-1,10,0,9223372036800000000,5,0,10,0,0,7,0,3,1,0,0,2,1,0,-1,0,0,0,2,2,0,1,-1,-1,-1,-1,0,10,-1,1,1,3,-1,-1,-1,0,0,1,0,0,10,0,0,0,33.43
1,0,0,0,-1,0,1,4,0,0,0,0,-1,1,0,-1,1,1,1,2,-1,3,0,8,800,0,9223372036800000000,10,0,10,0,0,7,0,0,1,0,0,0,1,0,0,40,0,0,0,2,0,1,-1,-1,-1,-1,0,10,-1,1,1,3,-1,-1,-1,0,0,1,0,0,10,0,0,0,42.28
1,0,0,0,-1,0,1,2,0,0,0,0,3,0,1,-1,1,2,0,1,0,3,0,-1,150,0,9223372036800000000,1e+75,0,10,0,0,7,0,0,1,0,0,1,1,0,0,0,0,0,0,2,0,1,-1,-1,-1,-1,0,10,-1,1,1,3,-1,-1,-1,0,0,1,0,0,10,0,0,0,33.64
1,0,0,0,-1,0,1,2,0,0,0,0,1,2,1,0,-1,-1,2,2,0,3,0,-1,400,0,9223372036800000000,40,0,10,0,0,7,0,3,1,0,0,1,1,0,2,0,0,0,0,2,0,1,-1,-1,-1,-1,0,10,-1,1,1,3,-1,-1,-1,0,0,1,0,0,10,0,0,0,33.13
1,0,0,0,-1,0,1,0,0,0,0,0,0,0,0,0,0,0,0,0,0,3,0,8,50,0,9223372036800000000,1e+75,0,10,0,0,7,0,0,1,0,0,1,1,0,0,60,0,0,0,2,0,1,-1,-1,-1,-1,0,10,-1,1,1,3,-1,-1,-1,0,0,1,0,0,10,0,0,0,33.27
1,0,0,0,-1,0,1,0,0,0,0,0,0,0,0,0,0,0,0,0,0,3,0,-1,50,0,9223372036800000000,1e+75,0,10,0,0,7,0,3,1,0,0,1,1,0,2,60,0,0,0,2,0,1,-1,-1,-1,-1,0,10,-1,1,1,3,-1,-1,-1,0,0,1,0,0,10,0,0,0,32.97
1,0,0,0,-1,0,1,3,0,0,0,0,1,1,-1,-1,2,0,-1,-1,-1,3,0,-1,150,0,9223372036800000000,1,0,10,0,0,7,0,1,1,0,0,1,1,0,3,0,0,0,0,2,0,1,-1,-1,-1,-1,0,10,-1,1,1,3,-1,-1,-1,0,0,1,0,0,10,0,0,0,33.75
1,0,0,0,-1,0,1,4,0,0,0,0,0,0,0,2,2,0,0,0,2,3,0,-1,50,0,9223372036800000000,1e+75,0,10,0,0,7,0,0,1,0,0,1,1,0,0,0,0,0,0,2,0,1,-1,-1,-1,-1,0,10,-1,1,1,3,-1,-1,-1,0,0,1,0,0,10,0,0,0,33.37
1,0,0,0,-1,0,1,3,0,0,0,0,3,0,1,0,-1,0,-1,2,2,3,0,-1,400,0,9223372036800000000,1e+75,0,10,0,0,7,0,0,1,0,0,1,1,0,2,0,0,0,0,2,0,1,-1,-1,-1,-1,0,10,-1,1,1,3,-1,-1,-1,0,0,1,0,0,10,0,0,0,33.72
1,0,0,0,-1,0,1,5,0,0,0,0,1,2,0,1,2,1,1,-1,0,3,0,4,400,0,9223372036800000000,20,0,10,0,0,7,0,2,1,0,0,0,1,0,1,0,5,2,1,2,0,1,-1,-1,-1,-1,0,10,-1,1,1,3,-1,-1,-1,0,0,1,0,0,10,0,0,0,38.61
1,0,0,0,-1,0,1,3,0,0,0,0,1,0,0,0,0,0,1,0,1,3,0,4,50,0,9223372036800000000,0,0,10,0,0,7,0,3,1,0,0,3,1,0,-1,100,3,5,2,2,0,1,-1,-1,-1,-1,0,10,-1,1,1,3,-1,-1,-1,0,0,1,2,0,10,0,0,0,34.45
1,0,0,0,-1,0,1,0,0,0,0,0,0,0,1,2,-1,0,1,1,2,3,0,-1,50,0,9223372036800000000,1e+75,0,10,0,0,7,0,2,1,0,0,2,1,0,2,0,0,0,1,2,0,1,-1,-1,-1,-1,0,10,-1,1,1,3,-1,-1,-1,0,0,1,0,0,10,0,0,0,33.18
1,0,0,0,-1,0,1,5,0,0,0,0,0,3,0,2,0,0,1,1,2,3,0,8,100,0,9223372036800000000,1,0,10,0,0,7,0,0,1,0,0,1,1,0,1,40,3,0,4,2,0,1,-1,-1,-1,-1,0,10,-1,1,1,3,-1,-1,-1,0,0,1,0,0,10,0,0,0,42.79
1,0,0,0,-1,0,1,0,0,0,0,0,1,0,-1,1,-1,0,2,1,-1,3,0,-1,200,0,9223372036800000000,1e+75,0,10,0,0,7,0,0,1,0,0,1,1,0,2,0,0,0,0,2,0,1,-1,-1,-1,-1,0,10,-1,1,1,3,-1,-1,-1,0,0,1,0,0,10,0,0,0,33.18
1,0,0,0,-1,0,1,0,0,0,0,0,0,0,0,0,0,0,0,0,0,3,0,-1,150,0,9223372036800000000,1e+75,0,10,0,0,7,0,0,1,0,0,3,1,0,0,0,0,0,0,2,0,1,-1,-1,-1,-1,0,10,-1,1,1,3,-1,-1,-1,0,0,1,0,0,10,0,0,0,33.37
1,0,0,0,-1,0,1,2,0,0,1,0,-1,2,0,1,-1,0,0,1,1,3,0,16,50,0,9223372036800000000,240,0,10,0,0,7,0,1,1,0,0,3,1,0,3,20,1,2,0,2,0,1,-1,-1,-1,-1,0,10,-1,1,1,3,-1,-1,-1,0,0,-1,0,0,10,0,0,0,33.87
1,0,0,0,-1,0,1,0,0,0,0,0,1,0,-1,0,-1,0,2,1,-1,3,0,-1,400,0,9223372036800000000,1e+75,0,10,0,0,7,0,0,1,0,0,1,1,0,2,0,0,0,0,2,0,1,-1,-1,-1,-1,0,10,-1,1,1,3,-1,-1,-1,0,0,1,0,0,10,0,0,0,33.26
1,0,0,0,-1,0,1,0,0,0,0,0,2,0,0,1,0,2,-1,1,1,3,0,-1,10,0,9223372036800000000,30,0,10,0,0,7,0,3,1,0,0,3,1,0,0,0,0,0,4,2,0,1,-1,-1,-1,-1,0,10,-1,1,1,3,-1,-1,-1,0,0,1,0,0,10,0,0,0,33.42
1,0,0,0,-1,0,1,0,0,0,0,0,1,0,-1,0,-1,1,2,1,-1,3,0,-1,200,0,9223372036800000000,1e+75,0,10,0,0,7,0,0,1,0,0,1,1,0,2,0,0,0,0,2,0,1,-1,-1,-1,-1,0,10,-1,1,1,3,-1,-1,-1,0,0,1,0,0,10,0,0,0,33.18
1,0,0,0,-1,0,1,5,0,0,0,0,0,0,0,0,-1,-1,0,2,0,3,0,-1,25,0,9223372036800000000,1e+75,0,10,0,0,7,0,0,1,0,0,1,1,0,2,0,0,0,0,2,0,1,-1,-1,-1,-1,0,10,-1,1,1,3,-1,-1,-1,0,0,1,0,0,10,0,0,0,42.79
1,0,0,0,-1,0,1,1,0,0,0,0,2,0,-1,0,0,2,0,-1,-1,3,0,8,100,0,9223372036800000000,50,0,10,0,0,7,0,3,1,0,0,3,1,0,1,-1,0,0,2,2,0,1,-1,-1,-1,-1,0,10,-1,1,1,3,-1,-1,-1,0,0,1,0,0,10,0,0,0,35.35
1,0,0,0,-1,0,1,5,0,0,0,0,0,0,0,0,0,-1,0,1,0,3,0,-1,25,0,9223372036800000000,1e+75,0,10,0,0,7,0,0,1,0,0,1,1,0,2,0,0,0,0,2,0,1,-1,-1,-1,-1,0,10,-1,1,1,3,-1,-1,-1,0,0,1,0,0,10,0,0,0,42.79
1,0,0,0,-1,0,1,0,0,0,0,0,0,0,0,0,0,0,0,0,0,3,0,-1,150,0,9223372036800000000,1e+75,0,10,0,0,7,0,0,1,0,0,1,1,0,0,60,0,0,1,2,0,1,-1,-1,-1,-1,0,10,-1,1,1,3,-1,-1,-1,0,0,1,0,0,10,0,0,0,33.3
1,0,0,0,-1,0,1,5,0,0,0,0,0,0,0,0,-1,-1,0,1,2,3,0,-1,25,0,9223372036800000000,1e+75,0,10,0,0,7,0,0,1,0,0,1,1,0,2,0,0,0,0,2,0,1,-1,-1,-1,-1,0,10,-1,1,1,3,-1,-1,-1,0,0,1,0,0,10,0,0,0,42.79
1,0,0,0,-1,0,1,1,0,0,0,0,-1,0,-1,2,0,1,2,2,2,3,0,-1,50,0,9223372036800000000,1e+75,0,10,0,0,7,0,0,1,0,0,1,1,0,3,0,0,0,0,2,0,1,-1,-1,-1,-1,0,10,-1,1,1,3,-1,-1,-1,0,0,1,0,0,10,0,0,0,42.51
1,0,0,0,-1,0,1,5,0,0,0,0,0,3,0,2,0,0,1,1,2,3,0,8,100,0,9223372036800000000,120,0,10,0,0,7,0,0,1,0,0,1,1,0,1,40,1,0,3,2,0,1,-1,-1,-1,-1,0,10,-1,1,1,3,-1,-1,-1,0,0,1,0,0,10,0,0,0,38.82
1,0,0,0,-1,0,1,5,0,0,0,0,1,1,-1,0,-1,1,0,2,-1,3,0,2,100,0,9223372036800000000,60,0,10,0,0,7,0,3,1,0,0,0,1,0,3,200,0,0,0,2,0,1,-1,-1,-1,-1,0,10,-1,1,1,3,-1,-1,-1,0,0,1,0,0,10,0,0,0,42.92
1,0,0,0,-1,0,1,3,0,0,0,0,2,0,-1,0,-1,2,1,-1,0,3,0,-1,100,0,9223372036800000000,1e+75,0,10,0,0,7,0,0,1,0,0,1,1,0,0,0,0,0,0,2,0,1,-1,-1,-1,-1,0,10,-1,1,1,3,-1,-1,-1,0,0,1,0,0,10,0,0,0,34.02
1,0,0,0,-1,0,1,3,0,0,0,0,1,0,0,0,0,0,0,-1,-1,3,0,-1,25,0,9223372036800000000,1e+75,0,10,0,0,7,0,0,1,0,0,1,1,0,0,0,0,0,0,2,0,1,-1,-1,-1,-1,0,10,-1,1,1,3,-1,-1,-1,0,0,1,0,0,10,0,0,0,33.75
1,0,0,0,-1,0,1,5,0,0,0,0,-1,1,1,2,1,2,-1,2,-1,3,0,16,100,0,9223372036800000000,60,0,10,0,0,7,0,3,1,0,0,2,1,0,2,1000,1,0,3,2,0,1,-1,-1,-1,-1,0,10,-1,1,1,3,-1,-1,-1,0,0,1,0,0,10,0,0,0,42.73
1,0,0,0,-1,0,1,1,0,0,0,0,0,0,1,0,1,0,1,0,2,3,0,16,100,0,9223372036800000000,0,0,10,0,0,7,0,2,1,0,0,1,1,0,-1,500,6,0,4,2,0,1,-1,-1,3,0,0,10,-1,1,1,3,-1,-1,-1,0,0,1,5,0,10,0,0,0,35.52
1,0,0,0,-1,0,1,4,0,0,0,0,-1,0,1,-1,2,0,2,0,-1,3,0,4,25,0,9223372036800000000,60,0,10,0,0,7,0,0,1,0,0,2,1,0,0,1000,3,0,2,2,0,1,-1,-1,-1,-1,0,10,-1,1,1,3,-1,-1,-1,0,0,1,0,0,10,0,0,0,33.76
1,0,0,0,-1,0,1,1,0,0,0,0,1,2,-1,1,-1,0,1,1,1,3,0,1,25,0,9223372036800000000,60,0,10,0,0,7,0,2,1,0,0,3,1,0,0,500,4,2,3,2,0,1,-1,-1,-1,-1,0,10,-1,1,1,3,-1,-1,-1,0,0,1,3,0,10,0,0,0,42.86
1,0,0,0,-1,0,1,3,0,0,0,0,-1,1,-1,-1,2,0,-1,-1,2,3,0,-1,10,0,9223372036800000000,1,0,10,0,0,7,0,1,1,0,0,1,1,0,2,0,0,0,0,2,0,1,-1,-1,-1,-1,0,10,-1,1,1,3,-1,-1,-1,0,0,1,0,0,10,0,0,0,42.58
1,0,0,0,-1,0,1,2,0,0,0,0,3,0,-1,2,2,-1,0,2,-1,3,0,-1,25,0,9223372036800000000,0,0,10,0,0,7,0,2,1,0,0,1,1,0,0,0,0,0,0,2,0,1,-1,-1,-1,-1,0,10,-1,1,1,3,-1,-1,-1,0,0,1,0,0,10,0,0,0,33.48
1,0,0,0,-1,0,1,3,0,0,0,0,1,0,0,0,0,2,0,-1,2,3,0,-1,25,0,9223372036800000000,1e+75,0,10,0,0,7,0,0,1,0,0,1,1,0,0,0,0,0,0,2,0,1,-1,-1,-1,-1,0,10,-1,1,1,3,-1,-1,-1,0,0,1,0,0,10,0,0,0,33.75
1,0,0,0,-1,0,1,0,0,0,0,0,-1,3,1,2,0,-1,2,0,-1,3,0,-1,200,0,9223372036800000000,60,0,10,0,0,7,0,0,1,0,0,0,1,0,-1,-1,0,0,0,2,0,1,-1,-1,-1,-1,0,10,-1,1,1,3,-1,-1,-1,0,0,1,0,0,10,0,0,0,42.53
1,0,0,0,-1,0,1,5,0,0,0,0,0,3,0,2,0,0,1,1,2,3,0,8,100,0,9223372036800000000,1,0,10,0,0,7,0,0,1,0,0,1,1,0,1,40,3,0,3,2,0,1,-1,-1,-1,-1,0,10,-1,1,1,3,-1,-1,-1,0,0,1,2,0,10,0,0,0,42.73
1,0,0,0,-1,0,1,0,0,0,0,0,1,0,-1,1,0,-1,-1,2,2,3,0,-1,25,0,9223372036800000000,1e+75,0,10,0,0,7,0,0,1,0,0,1,1,0,2,0,0,0,0,2,0,1,-1,-1,-1,-1,0,10,-1,1,1,3,-1,-1,-1,0,0,1,0,0,10,0,0,0,33.26
1,0,0,0,-1,0,1,2,0,0,1,0,3,3,0,0,0,-1,2,2,-1,3,0,1,200,0,9223372036800000000,40,0,10,0,0,7,0,1,1,0,0,2,1,0,-1,0,0,2,-1,2,0,1,-1,-1,0,0,0,10,-1,1,1,3,-1,-1,-1,0,0,0,5,0,10,0,0,0,42.91
1,0,0,0,-1,0,1,4,0,0,0,0,3,2,-1,-1,2,-1,-1,1,0,3,0,4,150,0,9223372036800000000,1,0,10,0,0,7,0,0,1,0,0,2,1,0,0,1000,4,4,0,2,0,1,-1,-1,-1,-1,0,10,-1,1,1,3,-1,-1,-1,0,0,1,1,0,10,0,0,0,43.99
1,0,0,0,-1,0,1,3,0,0,0,0,1,1,-1,-1,2,0,-1,-1,2,3,0,-1,10,0,9223372036800000000,1,0,10,0,0,7,0,1,1,0,0,1,1,0,3,0,0,0,0,2,0,1,-1,-1,-1,-1,0,10,-1,1,1,3,-1,-1,-1,0,0,1,0,0,10,0,0,0,33.44
1,0,0,0,-1,0,1,4,0,0,0,0,1,-1,-1,-1,2,2,-1,2,-1,3,0,-1,200,0,9223372036800000000,0,0,10,0,0,7,0,3,1,0,0,0,1,0,1,0,0,0,0,2,0,1,-1,-1,-1,-1,0,10,-1,1,1,3,-1,-1,-1,0,0,1,0,0,10,0,0,0,33.69
1,0,0,0,-1,0,1,0,0,0,0,0,3,2,0,1,2,1,-1,-1,1,3,0,-1,150,0,9223372036800000000,20,0,10,0,0,7,0,1,1,0,0,2,1,0,2,0,0,0,1,2,0,1,-1,-1,-1,-1,0,10,-1,1,1,3,-1,-1,-1,0,0,1,0,0,10,0,0,0,33.03
1,0,0,0,-1,0,1,1,0,0,0,0,3,0,1,-1,1,2,0,1,0,3,0,-1,50,0,9223372036800000000,1e+75,0,10,0,0,7,0,0,1,0,0,1,1,0,0,0,0,0,0,2,0,1,-1,-1,-1,-1,0,10,-1,1,1,3,-1,-1,-1,0,0,1,0,0,10,0,0,0,35.42
1,0,0,0,-1,0,1,5,0,0,0,0,1,0,0,0,0,2,0,-1,-1,3,0,-1,25,0,9223372036800000000,1e+75,0,10,0,0,7,0,0,1,0,0,1,1,0,0,0,0,0,0,2,0,1,-1,-1,-1,-1,0,10,-1,1,1,3,-1,-1,-1,0,0,1,0,0,10,0,0,0,38.65
1,0,0,0,-1,0,1,4,0,0,0,0,3,0,1,-1,2,0,2,0,-1,3,0,4,25,0,9223372036800000000,60,0,10,0,0,7,0,0,1,0,0,2,1,0,0,1000,3,0,2,2,0,1,-1,-1,-1,-1,0,10,-1,1,1,3,-1,-1,-1,0,0,1,0,0,10,0,0,0,33.48
1,0,0,0,-1,0,1,3,1,0,3,0,1,2,0,1,2,-1,2,0,0,3,0,4,800,0,9223372036800000000,1e+75,0,10,0,0,7,0,3,1,0,0,2,1,0,3,200,5,5,-1,2,0,1,-1,-1,1,3,0,10,-1,1,1,3,-1,-1,-1,0,0,0,2,0,10,0,0,0,33.14
1,0,0,0,-1,0,1,2,0,0,0,0,2,0,1,2,0,1,1,2,2,3,0,-1,100,0,9223372036800000000,1e+75,0,10,0,0,7,0,0,1,0,0,1,1,0,0,0,0,0,0,2,0,1,-1,-1,-1,-1,0,10,-1,1,1,3,-1,-1,-1,0,0,1,0,0,10,0,0,0,33.37
1,0,0,0,-1,0,1,0,0,0,0,0,-1,-1,-1,0,1,2,-1,-1,-1,3,0,-1,50,0,9223372036800000000,20,0,10,0,0,7,0,2,1,0,0,2,1,0,1,0,0,0,3,2,0,1,-1,-1,-1,-1,0,10,-1,1,1,3,-1,-1,-1,0,0,1,0,0,10,0,0,0,42.6
1,0,0,0,-1,0,1,4,0,0,0,0,0,0,0,2,2,0,1,0,2,3,0,-1,50,0,9223372036800000000,1e+75,0,10,0,0,7,0,0,1,0,0,1,1,0,0,0,0,0,0,2,0,1,-1,-1,-1,-1,0,10,-1,1,1,3,-1,-1,-1,0,0,1,0,0,10,0,0,0,33.37
1,0,0,0,-1,0,1,5,0,0,0,0,2,0,0,1,-1,2,0,1,1,3,0,-1,10,0,9223372036800000000,1e+75,0,10,0,0,7,0,0,1,0,0,1,1,0,0,0,0,0,0,2,0,1,-1,-1,-1,-1,0,10,-1,1,1,3,-1,-1,-1,0,0,1,0,0,10,0,0,0,38.65
1,0,0,0,-1,0,1,3,0,0,0,0,1,0,-1,1,0,2,1,2,-1,3,0,-1,25,0,9223372036800000000,1e+75,0,10,0,0,7,0,0,1,0,0,1,1,0,0,0,0,0,0,2,0,1,-1,-1,-1,-1,0,10,-1,1,1,3,-1,-1,-1,0,0,1,0,0,10,0,0,0,33.75
1,0,0,0,-1,0,1,0,0,0,0,0,3,0,0,1,1,1,1,-1,2,3,0,-1,800,0,9223372036800000000,1e+75,0,10,0,0,7,0,0,1,0,0,1,1,0,0,0,0,0,0,2,0,1,-1,-1,-1,-1,0,10,-1,1,1,3,-1,-1,-1,0,0,1,0,0,10,0,0,0,33.48
1,0,0,0,-1,0,1,2,0,0,0,0,2,0,1,1,0,1,1,1,2,3,0,-1,100,0,9223372036800000000,1e+75,0,10,0,0,7,0,0,1,0,0,1,1,0,0,0,0,0,0,2,0,1,-1,-1,-1,-1,0,10,-1,1,1,3,-1,-1,-1,0,0,1,0,0,10,0,0,0,33.37
1,0,0,0,-1,0,1,0,0,0,0,0,3,2,0,1,2,1,-1,-1,-1,3,0,-1,150,0,9223372036800000000,20,0,10,0,0,7,0,2,1,0,0,2,1,0,2,0,0,0,1,2,0,1,-1,-1,-1,-1,0,10,-1,1,1,3,-1,-1,-1,0,0,1,0,0,10,0,0,0,33.03
1,0,0,0,-1,0,1,5,0,0,0,0,1,3,1,-1,0,-1,-1,0,-1,3,0,16,400,0,9223372036800000000,50,0,10,0,0,7,0,3,1,0,0,3,1,0,1,60,1,1,2,2,0,1,-1,-1,-1,-1,0,10,-1,1,1,3,-1,-1,-1,0,0,1,5,0,10,0,0,0,42.64
1,0,0,0,-1,0,1,4,0,0,0,0,2,0,-1,1,0,2,1,0,2,3,0,4,100,0,9223372036800000000,1,0,10,0,0,7,0,3,1,0,0,2,1,0,2,-1,4,1,3,2,0,1,-1,-1,-1,-1,0,10,-1,1,1,3,-1,-1,-1,0,0,1,0,0,10,0,0,0,64.91
1,0,0,0,-1,0,1,4,0,0,0,0,0,0,-1,-1,1,0,-1,-1,0,3,0,-1,800,0,9223372036800000000,1e+75,0,10,0,0,7,0,0,1,0,0,1,1,0,0,0,0,0,0,2,0,1,-1,-1,-1,-1,0,10,-1,1,1,3,-1,-1,-1,0,0,1,0,0,10,0,0,0,33.48
1,0,0,0,-1,0,1,3,0,0,0,0,2,2,-1,2,2,1,1,0,-1,3,0,-1,100,0,9223372036800000000,30,0,10,0,0,7,0,1,1,0,0,1,1,0,1,0,0,0,0,2,0,1,-1,-1,-1,-1,0,10,-1,1,1,3,-1,-1,-1,0,0,1,0,0,10,0,0,0,35.56
1,0,0,0,-1,0,1,1,0,0,0,0,2,1,0,-1,2,1,-1,1,1,3,0,-1,150,0,9223372036800000000,2,0,10,0,0,7,0,3,1,0,0,3,1,0,3,0,0,0,0,2,0,1,-1,-1,-1,-1,0,10,-1,1,1,3,-1,-1,-1,0,0,1,0,0,10,0,0,0,35.23
1,0,0,0,-1,0,1,3,0,0,0,0,3,0,1,0,1,1,-1,2,-1,3,0,-1,800,0,9223372036800000000,5,0,10,0,0,7,0,2,1,0,0,0,1,0,3,0,0,0,-1,2,0,1,-1,-1,-1,-1,0,10,-1,1,1,3,-1,-1,-1,0,0,1,0,0,10,0,0,0,36.3
1,0,0,0,-1,0,1,3,0,0,0,0,1,0,-1,-1,-1,2,1,2,-1,3,0,-1,25,0,9223372036800000000,1e+75,0,10,0,0,7,0,0,1,0,0,1,1,0,0,0,0,0,0,2,0,1,-1,-1,-1,-1,0,10,-1,1,1,3,-1,-1,-1,0,0,1,0,0,10,0,0,0,33.75
1,0,0,0,-1,0,1,3,0,0,0,0,-1,0,1,0,0,1,2,2,2,3,0,-1,800,0,9223372036800000000,1e+75,0,10,0,0,7,0,0,1,0,0,1,1,0,0,0,0,0,0,2,0,1,-1,-1,-1,-1,0,10,-1,1,1,3,-1,-1,-1,0,0,1,0,0,10,0,0,0,42.74
1,0,0,0,-1,0,1,0,0,0,0,0,0,0,0,0,0,0,0,0,0,3,0,-1,150,0,9223372036800000000,1e+75,0,10,0,0,7,0,3,1,0,0,1,1,0,2,0,0,0,0,2,0,1,-1,-1,-1,-1,0,10,-1,1,1,3,-1,-1,-1,0,0,1,0,0,10,0,0,0,33.18
1,0,0,0,-1,0,1,3,0,0,0,0,2,0,0,0,-1,2,0,1,1,3,0,-1,10,0,9223372036800000000,1e+75,0,10,0,0,7,0,0,1,0,0,1,1,0,0,0,0,0,0,2,0,1,-1,-1,-1,-1,0,10,-1,1,1,3,-1,-1,-1,0,0,1,0,0,10,0,0,0,33.75
1,0,0,0,-1,0,1,0,0,0,0,0,1,0,-1,0,-1,0,2,1,-1,3,0,-1,50,0,9223372036800000000,5,0,10,0,0,7,0,0,1,0,0,0,1,0,2,0,0,0,0,2,0,1,-1,-1,-1,-1,0,10,-1,1,1,3,-1,-1,-1,0,0,1,0,0,10,0,0,0,33.03
1,0,0,0,-1,0,1,3,0,0,0,0,3,1,-1,-1,1,-1,-1,-1,0,3,0,-1,400,0,9223372036800000000,40,0,10,0,0,7,0,0,1,0,0,2,1,0,0,60,0,0,3,2,0,1,-1,-1,-1,-1,0,10,-1,1,1,3,-1,-1,-1,0,0,1,0,0,10,0,0,0,36.3
1,0,0,0,-1,0,1,1,0,0,0,0,-1,0,-1,1,2,2,2,2,0,3,0,-1,25,0,9223372036800000000,1e+75,0,10,0,0,7,0,0,1,0,0,1,1,0,1,0,0,0,0,2,0,1,-1,-1,-1,-1,0,10,-1,1,1,3,-1,-1,-1,0,0,1,0,0,10,0,0,0,42.51
1,0,0,0,-1,0,1,3,0,0,0,0,3,3,0,0,-1,-1,1,-1,-1,3,0,2,800,0,9223372036800000000,5,0,10,0,0,7,0,3,1,0,0,2,1,0,2,1000,5,0,4,2,0,1,-1,-1,-1,-1,0,10,-1,1,1,3,-1,-1,-1,0,0,1,0,0,10,0,0,0,34.9
1,0,0,0,-1,0,1,0,0,0,0,0,0,1,0,0,0,0,0,0,0,3,0,-1,150,0,9223372036800000000,1e+75,0,10,0,0,7,0,0,1,0,0,1,1,0,0,0,0,0,0,2,0,1,-1,-1,-1,-1,0,10,-1,1,1,3,-1,-1,-1,0,0,1,0,0,10,0,0,0,33.37
1,0,0,0,-1,0,1,4,0,0,0,0,1,-1,-1,-1,2,2,-1,2,-1,3,0,-1,10,0,9223372036800000000,1,0,10,0,0,7,0,3,1,0,0,0,1,0,1,0,0,0,0,2,0,1,-1,-1,-1,-1,0,10,-1,1,1,3,-1,-1,-1,0,0,1,0,0,10,0,0,0,33.51
1,0,0,0,-1,0,1,2,0,0,0,0,3,0,1,0,-1,1,2,-1,0,3,0,-1,10,0,9223372036800000000,1e+75,0,10,0,0,7,0,0,1,0,0,1,1,0,0,0,0,0,0,2,0,1,-1,-1,-1,-1,0,10,-1,1,1,3,-1,-1,-1,0,0,1,0,0,10,0,0,0,33.37
1,0,0,0,-1,0,1,0,0,0,5,0,-1,3,-1,2,2,-1,1,-1,-1,3,0,1,10,0,9223372036800000000,0,0,10,0,0,7,0,3,1,0,0,3,1,0,2,100,5,0,1,2,0,1,-1,-1,0,0,0,10,-1,1,1,3,-1,-1,-1,0,0,-1,4,0,10,0,0,0,42.28
1,0,0,0,-1,0,1,3,0,0,0,0,1,1,-1,-1,2,0,-1,2,2,3,0,-1,150,0,9223372036800000000,1,0,10,0,0,7,0,1,1,0,0,1,1,0,3,0,0,0,0,2,0,1,-1,-1,-1,-1,0,10,-1,1,1,3,-1,-1,-1,0,0,1,0,0,10,0,0,0,34.02
1,0,0,0,-1,0,1,4,0,0,0,0,-1,3,0,2,1,2,2,1,2,3,0,-1,400,0,9223372036800000000,10,0,10,0,0,7,0,3,1,0,0,0,1,0,0,0,0,0,0,2,0,1,-1,-1,-1,-1,0,10,-1,1,1,3,-1,-1,-1,0,0,1,0,0,10,0,0,0,42.71
1,0,0,0,-1,0,1,2,0,0,0,0,2,0,1,1,0,-1,1,2,2,3,0,-1,400,0,9223372036800000000,1e+75,0,10,0,0,7,0,0,1,0,0,1,1,0,0,0,0,0,0,2,0,1,-1,-1,-1,-1,0,10,-1,1,1,3,-1,-1,-1,0,0,1,0,0,10,0,0,0,33.48
1,0,0,0,-1,0,1,4,0,0,0,0,2,0,1,1,0,1,1,2,2,3,0,-1,100,0,9223372036800000000,1e+75,0,10,0,0,7,0,0,1,0,0,1,1,0,0,0,0,0,0,2,0,1,-1,-1,-1,-1,0,10,-1,1,1,3,-1,-1,-1,0,0,1,0,0,10,0,0,0,33.37
1,0,0,0,-1,0,1,5,0,0,0,0,0,3,0,2,0,0,1,1,2,3,0,8,400,0,9223372036800000000,1,0,10,0,0,7,0,0,1,0,0,1,1,0,1,40,1,0,3,2,0,1,-1,-1,-1,-1,0,10,-1,1,1,3,-1,-1,-1,0,0,1,0,0,10,0,0,0,38.82
1,0,0,0,-1,0,1,2,0,0,0,0,3,0,1,0,-1,2,-1,-1,0,3,0,-1,25,0,9223372036800000000,1e+75,0,10,0,0,7,0,0,1,0,0,1,1,0,0,0,0,0,0,2,0,1,-1,-1,-1,-1,0,10,-1,1,1,3,-1,-1,-1,0,0,1,0,0,10,0,0,0,33.48
1,0,0,0,-1,0,1,2,0,0,0,0,0,0,1,2,0,0,2,2,2,3,0,-1,50,0,9223372036800000000,1e+75,0,10,0,0,7,0,0,1,0,0,1,1,0,0,0,0,0,0,2,0,1,-1,-1,-1,-1,0,10,-1,1,1,3,-1,-1,-1,0,0,1,0,0,10,0,0,0,33.37
1,0,0,0,-1,0,1,0,0,0,0,0,3,0,0,2,1,0,0,-1,-1,3,0,-1,400,0,9223372036800000000,1e+75,0,10,0,0,7,0,0,1,0,0,1,1,0,-1,0,0,0,0,2,0,1,-1,-1,-1,-1,0,10,-1,1,1,3,-1,-1,-1,0,0,1,0,0,10,0,0,0,33.48
1,0,0,0,-1,0,1,0,0,0,0,0,0,1,-1,-1,-1,1,2,-1,2,3,0,-1,50,0,9223372036800000000,0,0,10,0,0,7,0,3,1,0,0,0,1,0,2,0,0,0,2,2,0,1,-1,-1,-1,-1,0,10,-1,1,1,3,-1,-1,-1,0,0,1,0,0,10,0,0,0,33.18
1,0,0,0,-1,0,1,3,0,0,0,0,1,0,1,0,0,0,0,0,-1,3,0,-1,800,0,9223372036800000000,1e+75,0,10,0,0,7,0,0,1,0,0,1,1,0,1,0,0,0,0,2,0,1,-1,-1,-1,-1,0,10,-1,1,1,3,-1,-1,-1,0,0,1,0,0,10,0,0,0,33.98
1,0,0,0,-1,0,1,2,0,0,0,0,2,0,1,1,0,1,1,2,-1,3,0,-1,100,0,9223372036800000000,1e+75,0,10,0,0,7,0,0,1,0,0,1,1,0,0,0,0,0,0,2,0,1,-1,-1,-1,-1,0,10,-1,1,1,3,-1,-1,-1,0,0,1,0,0,10,0,0,0,33.37
1,0,0,0,-1,0,1,2,0,0,0,0,-1,1,0,-1,2,-1,0,1,0,3,0,-1,200,0,9223372036800000000,5,0,10,0,0,7,0,2,1,0,0,3,1,0,3,0,0,0,2,2,0,1,-1,-1,-1,-1,0,10,-1,1,1,3,-1,-1,-1,0,0,1,0,0,10,0,0,0,42.85
1,0,0,0,-1,0,1,0,0,0,0,0,-1,-1,0,1,0,2,-1,2,-1,3,0,-1,10,0,9223372036800000000,5,0,10,0,0,7,0,0,1,0,0,3,1,0,-1,20,0,0,1,2,0,1,-1,-1,-1,-1,0,10,-1,1,1,3,-1,-1,-1,0,0,1,0,0,10,0,0,0,42.64
1,0,0,0,-1,0,1,3,0,0,0,0,1,1,-1,-1,2,0,-1,-1,2,3,0,-1,150,0,9223372036800000000,1,0,10,0,0,7,0,1,1,0,0,1,1,0,3,0,0,0,-1,2,0,1,-1,-1,-1,-1,0,10,-1,1,1,3,-1,-1,-1,0,0,1,0,0,10,0,0,0,33.75
1,0,0,0,-1,0,1,5,0,0,4,0,2,3,-1,0,-1,2,0,2,0,3,0,-1,200,0,9223372036800000000,20,0,10,0,0,7,0,0,1,0,0,2,1,0,2,1000,2,1,1,2,0,1,-1,-1,2,1,0,10,-1,1,1,3,-1,-1,-1,0,0,1,0,0,10,0,0,0,42.8
1,0,0,0,-1,0,1,2,0,0,0,0,-1,1,-1,1,-1,2,1,2,1,3,0,-1,100,0,9223372036800000000,1e+75,0,10,0,0,7,0,1,1,0,0,0,1,0,1,-1,0,0,3,2,0,1,-1,-1,-1,-1,0,10,-1,1,1,3,-1,-1,-1,0,0,1,0,0,10,0,0,0,42.68
1,0,0,0,-1,0,1,2,0,0,0,0,2,0,0,1,0,1,1,2,2,3,0,-1,100,0,9223372036800000000,1e+75,0,10,0,0,7,0,0,1,0,0,1,1,0,0,0,0,0,0,2,0,1,-1,-1,-1,-1,0,10,-1,1,1,3,-1,-1,-1,0,0,1,0,0,10,0,0,0,33.37
1,0,0,0,-1,0,1,4,1,0,3,0,0,1,0,2,2,2,0,1,-1,3,0,8,10,0,9223372036800000000,20,0,10,0,0,7,0,0,1,0,0,0,1,0,2,40,1,4,4,2,0,1,-1,-1,2,-1,0,10,-1,1,1,3,-1,-1,-1,0,0,0,4,0,10,0,0,0,35.46
1,0,0,0,-1,0,1,4,0,0,0,0,0,0,1,2,1,-1,1,0,1,3,0,-1,400,0,9223372036800000000,1e+75,0,10,0,0,7,0,0,1,0,0,1,1,0,0,0,0,0,0,2,0,1,-1,-1,-1,-1,0,10,-1,1,1,3,-1,-1,-1,0,0,1,0,0,10,0,0,0,33.48
1,0,0,0,-1,0,1,3,0,0,0,0,2,3,1,1,2,0,-1,1,-1,3,0,1,10,0,9223372036800000000,60,0,10,0,0,7,0,3,1,0,0,1,1,0,-1,200,2,2,2,2,0,1,-1,-1,3,0,0,10,-1,1,1,3,-1,-1,-1,0,0,0,0,0,10,0,0,0,42.92
1,0,0,0,-1,0,1,4,0,0,0,0,1,0,0,0,0,0,2,1,2,3,0,-1,25,0,9223372036800000000,1e+75,0,10,0,0,7,0,0,1,0,0,1,1,0,0,0,0,0,0,2,0,1,-1,-1,-1,-1,0,10,-1,1,1,3,-1,-1,-1,0,0,1,0,0,10,0,0,0,33.37
1,0,0,0,-1,0,1,2,0,0,0,0,1,2,1,0,-1,-1,1,2,0,3,0,-1,400,0,9223372036800000000,40,0,10,0,0,7,0,3,1,0,0,0,1,0,2,0,0,0,0,2,0,1,-1,-1,-1,-1,0,10,-1,1,1,3,-1,-1,-1,0,0,1,0,0,10,0,0,0,33.13
1,0,0,0,-1,0,1,0,0,0,0,0,3,1,1,2,0,-1,2,0,1,3,0,-1,10,0,9223372036800000000,5,0,10,0,0,7,0,3,1,0,0,2,1,0,-1,0,0,0,2,2,0,1,-1,-1,-1,-1,0,10,-1,1,1,3,-1,-1,-1,0,0,1,0,0,10,0,0,0,33.66
1,0,0,0,-1,0,1,3,0,0,0,0,1,0,-1,-1,0,2,1,2,-1,3,0,-1,10,0,9223372036800000000,1e+75,0,10,0,0,7,0,0,1,0,0,1,1,0,0,0,0,0,0,2,0,1,-1,-1,-1,-1,0,10,-1,1,1,3,-1,-1,-1,0,0,1,0,0,10,0,0,0,33.75
1,0,0,0,-1,0,1,0,0,0,0,0,2,1,0,-1,2,1,-1,1,1,3,0,-1,150,0,9223372036800000000,2,0,10,0,0,7,0,1,1,0,0,3,1,0,3,0,0,0,0,2,0,1,-1,-1,-1,-1,0,10,-1,1,1,3,-1,-1,-1,0,0,1,0,0,10,0,0,0,33.44
1,0,0,0,-1,0,1,0,1,0,5,0,2,1,0,1,-1,0,2,2,0,3,0,1,50,0,9223372036800000000,0,0,10,0,0,7,0,1,1,0,0,3,1,0,1,1000,2,4,3,2,0,1,-1,-1,-1,2,0,10,-1,1,1,3,-1,-1,-1,0,0,1,2,0,10,0,0,0,29.37
1,0,0,0,-1,0,1,1,0,0,0,0,0,0,1,2,1,-1,1,0,0,3,0,-1,400,0,9223372036800000000,1e+75,0,10,0,0,7,0,0,1,0,0,1,1,0,0,0,0,0,0,2,0,1,-1,-1,-1,-1,0,10,-1,1,1,3,-1,-1,-1,0,0,1,0,0,10,0,0,0,35.31
1,0,0,0,-1,0,1,4,0,0,0,0,1,0,1,1,1,0,0,-1,1,3,0,-1,150,0,9223372036800000000,1e+75,0,10,0,0,7,0,0,1,0,0,1,1,0,0,0,0,0,0,2,0,1,-1,-1,-1,-1,0,10,-1,1,1,3,-1,-1,-1,0,0,1,0,0,10,0,0,0,33.37
1,0,0,0,-1,0,1,3,0,0,1,0,1,0,0,0,0,0,1,0,1,3,0,4,50,0,9223372036800000000,0,0,10,0,0,7,0,3,1,0,0,0,1,0,-1,100,3,5,2,2,0,1,-1,-1,-1,-1,0,10,-1,1,1,3,-1,-1,-1,0,0,1,2,0,10,0,0,0,26.05
1,0,0,0,-1,0,1,0,0,0,0,0,-1,1,1,2,0,1,-1,1,-1,3,0,-1,10,0,9223372036800000000,60,0,10,0,0,7,0,1,1,0,0,3,1,0,-1,0,0,0,-1,2,0,1,-1,-1,-1,-1,0,10,-1,1,1,3,-1,-1,-1,0,0,1,0,0,10,0,0,0,33.81
1,0,0,0,-1,0,1,3,0,0,0,0,3,3,0,2,-1,2,-1,2,1,3,0,-1,100,0,9223372036800000000,1e+75,0,10,0,0,7,0,2,1,0,0,3,1,0,0,0,0,0,1,2,0,1,-1,-1,-1,-1,0,10,-1,1,1,3,-1,-1,-1,0,0,1,0,0,10,0,0,0,34.02
1,0,0,0,-1,0,1,4,1,0,3,0,0,1,0,2,2,2,0,1,-1,3,0,8,10,0,9223372036800000000,20,0,10,0,0,7,0,0,1,0,0,0,1,0,2,40,1,0,2,2,0,1,-1,-1,2,-1,0,10,-1,1,1,3,-1,-1,-1,0,0,0,4,0,10,0,0,0,32.17
1,0,0,0,-1,0,1,4,0,0,0,0,1,-1,-1,-1,2,2,-1,2,-1,3,0,-1,10,0,9223372036800000000,0,0,10,0,0,7,0,3,1,0,0,0,1,0,1,0,0,0,0,2,0,1,-1,-1,-1,-1,0,10,-1,1,1,3,-1,-1,-1,0,0,1,0,0,10,0,0,0,33.48
1,0,0,0,-1,0,1,2,0,0,0,0,3,0,0,1,1,-1,0,-1,0,3,0,-1,400,0,9223372036800000000,1e+75,0,10,0,0,7,0,0,1,0,0,1,1,0,0,0,0,0,0,2,0,1,-1,-1,-1,-1,0,10,-1,1,1,3,-1,-1,-1,0,0,1,0,0,10,0,0,0,33.48
1,0,0,0,-1,0,1,2,0,0,0,0,2,0,1,1,0,1,-1,2,2,3,0,-1,400,0,9223372036800000000,1e+75,0,10,0,0,7,0,0,1,0,0,1,1,0,0,0,0,0,0,2,0,1,-1,-1,-1,-1,0,10,-1,1,1,3,-1,-1,-1,0,0,1,0,0,10,0,0,0,33.48
1,0,0,0,-1,0,1,0,0,0,0,0,3,2,0,1,2,1,-1,-1,1,3,0,-1,150,0,9223372036800000000,20,0,10,0,0,7,0,2,1,0,0,2,1,0,2,0,0,0,1,2,0,1,-1,-1,-1,-1,0,10,-1,1,1,3,-1,-1,-1,0,0,1,0,0,10,0,0,0,33.03
1,0,0,0,-1,0,1,2,0,0,0,0,2,0,0,0,-1,2,0,2,0,3,0,-1,10,0,9223372036800000000,1e+75,0,10,0,0,7,0,0,1,0,0,1,1,0,0,0,0,0,0,2,0,1,-1,-1,-1,-1,0,10,-1,1,1,3,-1,-1,-1,0,0,1,0,0,10,0,0,0,33.48
1,0,0,0,-1,0,1,0,0,0,0,0,-1,3,0,2,1,2,2,1,2,3,0,-1,400,0,9223372036800000000,10,0,10,0,0,7,0,3,1,0,0,0,1,0,0,0,0,0,-1,2,0,1,-1,-1,-1,-1,0,10,-1,1,1,3,-1,-1,-1,0,0,1,0,0,10,0,0,0,42.71
1,0,0,0,-1,0,1,0,0,0,0,0,3,2,0,1,2,1,-1,-1,1,3,0,-1,200,0,9223372036800000000,20,0,10,0,0,7,0,2,1,0,0,2,1,0,3,0,0,0,1,2,0,1,-1,-1,-1,-1,0,10,-1,1,1,3,-1,-1,-1,0,0,1,0,0,10,0,0,0,33.44
1,0,0,0,-1,0,1,1,0,0,0,0,3,0,-1,2,1,1,2,-1,1,3,0,16,400,0,9223372036800000000,5,0,10,0,0,7,0,2,1,0,0,1,1,0,-1,100,5,0,-1,2,0,1,-1,-1,-1,-1,0,10,-1,1,1,3,-1,-1,-1,0,0,1,0,0,10,0,0,0,35.09
1,0,0,0,-1,0,1,0,0,0,0,0,1,3,-1,2,0,0,0,1,1,3,0,8,800,0,9223372036800000000,50,0,10,0,0,7,0,1,1,0,0,2,1,0,2,60,0,0,2,2,0,1,-1,-1,-1,-1,0,10,-1,1,1,3,-1,-1,-1,0,0,1,0,0,10,0,0,0,33.03
1,0,0,0,-1,0,1,3,0,0,0,0,3,3,0,2,-1,2,2,2,1,3,0,-1,100,0,9223372036800000000,10,0,10,0,0,7,0,2,1,0,0,3,1,0,0,0,0,0,1,2,0,1,-1,-1,-1,-1,0,10,-1,1,1,3,-1,-1,-1,0,0,1,0,0,10,0,0,0,34.02
1,0,0,0,-1,0,1,5,0,0,0,0,1,3,0,-1,0,2,2,1,2,3,0,-1,200,0,9223372036800000000,1e+75,0,10,0,0,7,0,2,1,0,0,3,1,0,1,0,0,0,3,2,0,1,-1,-1,-1,-1,0,10,-1,1,1,3,-1,-1,-1,0,0,1,0,0,10,0,0,0,38.65
1,0,0,0,-1,0,1,0,0,0,0,0,3,0,-1,1,1,0,1,-1,2,3,0,-1,100,0,9223372036800000000,1e+75,0,10,0,0,7,0,0,1,0,0,1,1,0,0,0,0,0,0,2,0,1,-1,-1,-1,-1,0,10,-1,1,1,3,-1,-1,-1,0,0,1,0,0,10,0,0,0,33.37
1,0,0,0,-1,0,1,2,0,0,0,0,3,-1,-1,2,2,-1,0,2,-1,3,0,-1,25,0,9223372036800000000,20,0,10,0,0,7,0,2,1,0,0,1,1,0,0,0,0,0,0,2,0,1,-1,-1,-1,-1,0,10,-1,1,1,3,-1,-1,-1,0,0,1,0,0,10,0,0,0,33.66
1,0,0,0,-1,0,1,5,0,0,4,0,2,3,-1,0,-1,2,0,2,0,3,0,-1,50,0,9223372036800000000,20,0,10,0,0,7,0,0,1,0,0,1,1,0,2,1000,2,1,1,2,0,1,-1,-1,2,1,0,10,-1,1,1,3,-1,-1,-1,0,0,1,0,0,10,0,0,0,42.8
1,0,0,0,-1,0,1,0,0,0,0,0,0,3,-1,-1,-1,1,2,1,2,3,0,-1,50,0,9223372036800000000,0,0,10,0,0,7,0,3,1,0,0,0,1,0,2,0,0,0,2,2,0,1,-1,-1,-1,-1,0,10,-1,1,1,3,-1,-1,-1,0,0,1,0,0,10,0,0,0,33.18
1,0,0,0,-1,0,1,2,0,0,0,0,3,0,0,2,0,2,0,-1,2,3,0,-1,200,0,9223372036800000000,1e+75,0,10,0,0,7,0,0,1,0,0,1,1,0,0,0,0,0,0,2,0,1,-1,-1,-1,-1,0,10,-1,1,1,3,-1,-1,-1,0,0,1,0,0,10,0,0,0,33.69
1,0,0,0,-1,0,1,0,0,0,0,0,0,0,-1,2,2,-1,1,2,0,3,0,-1,200,0,9223372036800000000,1e+75,0,10,0,0,7,0,0,1,0,0,1,1,0,0,0,0,0,0,2,0,1,-1,-1,-1,-1,0,10,-1,1,1,3,-1,-1,-1,0,0,1,0,0,10,0,0,0,33.48
1,0,0,0,-1,0,1,1,0,0,0,0,3,0,0,2,0,2,2,-1,2,3,0,-1,200,0,9223372036800000000,1e+75,0,10,0,0,7,0,0,1,0,0,1,1,0,0,0,0,0,0,2,0,1,-1,-1,-1,-1,0,10,-1,1,1,3,-1,-1,-1,0,0,1,0,0,10,0,0,0,35.42
1,0,0,0,-1,0,1,0,0,0,0,0,3,2,0,1,2,1,-1,-1,1,3,0,-1,800,0,9223372036800000000,20,0,10,0,0,7,0,2,1,0,0,2,1,0,2,0,0,0,1,2,0,1,-1,-1,-1,-1,0,10,-1,1,1,3,-1,-1,-1,0,0,1,0,0,10,0,0,0,33.13
1,0,0,0,-1,0,1,4,0,0,0,0,-1,1,0,0,1,0,0,0,0,3,0,-1,200,0,9223372036800000000,50,0,10,0,0,7,0,0,1,0,0,2,1,0,2,0,0,0,0,2,0,1,-1,-1,-1,-1,0,10,-1,1,1,3,-1,-1,-1,0,0,1,0,0,10,0,0,0,42.75
1,0,0,0,-1,0,1,2,0,0,3,0,2,0,1,2,-1,2,0,2,2,3,0,8,25,0,9223372036800000000,2,0,10,0,0,7,0,0,1,0,0,3,1,0,2,-1,2,5,-1,2,0,1,-1,-1,2,3,0,10,-1,1,1,3,-1,-1,-1,0,0,0,0,0,10,0,0,0,33.81
1,0,0,0,-1,0,1,3,0,0,0,0,2,0,0,1,-1,2,0,1,1,3,0,-1,150,0,9223372036800000000,1e+75,0,10,0,0,7,0,0,1,0,0,1,1,0,0,0,0,0,0,2,0,1,-1,-1,-1,-1,0,10,-1,1,1,3,-1,-1,-1,0,0,1,0,0,10,0,0,0,34.02
1,0,0,0,-1,0,1,5,1,0,4,0,1,-1,-1,1,0,2,2,1,-1,3,0,16,10,0,9223372036800000000,2,0,10,0,0,7,0,1,1,0,0,0,1,0,2,200,5,5,3,2,0,1,-1,-1,3,3,0,10,-1,1,1,3,-1,-1,-1,0,0,0,5,0,10,0,0,0,27.32
1,0,0,0,-1,0,1,1,0,0,0,0,2,0,-1,0,-1,1,0,-1,-1,3,0,-1,10,0,9223372036800000000,1e+75,0,10,0,0,7,0,0,1,0,0,1,1,0,-1,0,0,0,0,2,0,1,-1,-1,-1,-1,0,10,-1,1,1,3,-1,-1,-1,0,0,1,0,0,10,0,0,0,35.42
1,0,0,0,-1,0,1,2,0,0,0,0,3,0,1,-1,1,2,0,1,2,3,0,-1,50,0,9223372036800000000,1e+75,0,10,0,0,7,0,0,1,0,0,1,1,0,0,0,0,0,0,2,0,1,-1,-1,-1,-1,0,10,-1,1,1,3,-1,-1,-1,0,0,1,0,0,10,0,0,0,33.48
1,0,0,0,-1,0,1,5,0,0,0,0,3,1,0,-1,2,-1,2,-1,1,3,0,-1,50,0,9223372036800000000,50,0,10,0,0,7,0,2,1,0,0,1,1,0,1,40,0,0,3,2,0,1,-1,-1,-1,-1,0,10,-1,1,1,3,-1,-1,-1,0,0,1,0,0,10,0,0,0,42.92
1,0,0,0,-1,0,1,3,0,0,0,0,2,0,0,1,-1,2,0,1,1,3,0,-1,10,0,9223372036800000000,1e+75,0,10,0,0,7,0,0,1,0,0,1,1,0,0,0,0,0,0,2,0,1,-1,-1,-1,-1,0,10,-1,1,1,3,-1,-1,-1,0,0,1,0,0,10,0,0,0,33.75
1,0,0,0,-1,0,1,0,0,0,0,0,-1,1,1,2,0,1,-1,1,-1,3,0,-1,10,0,9223372036800000000,60,0,10,0,0,7,0,1,1,0,0,1,1,0,-1,0,0,0,1,2,0,1,-1,-1,-1,-1,0,10,-1,1,1,3,-1,-1,-1,0,0,1,0,0,10,0,0,0,33.62
1,0,0,0,-1,0,1,3,0,0,0,0,-1,0,1,0,2,2,0,1,0,3,0,16,150,0,9223372036800000000,30,0,10,0,0,7,0,2,1,0,0,3,1,0,0,40,6,0,0,2,0,1,-1,-1,-1,-1,0,10,-1,1,1,3,-1,-1,-1,0,0,1,5,0,10,0,0,0,42.68
1,0,0,0,-1,0,1,3,0,0,0,0,1,0,-1,-1,0,2,1,2,-1,3,0,-1,150,0,9223372036800000000,1e+75,0,10,0,0,7,0,0,1,0,0,1,1,0,0,0,0,0,0,2,0,1,-1,-1,-1,-1,0,10,-1,1,1,3,-1,-1,-1,0,0,1,0,0,10,0,0,0,34.02
1,0,0,0,-1,0,1,5,0,0,0,0,0,0,1,1,1,1,1,0,2,3,0,-1,50,0,9223372036800000000,1e+75,0,10,0,0,7,0,0,1,0,0,1,1,0,0,0,0,0,0,2,0,1,-1,-1,-1,-1,0,10,-1,1,1,3,-1,-1,-1,0,0,1,0,0,10,0,0,0,38.65
1,0,0,0,-1,0,1,0,0,0,0,0,-1,3,1,2,0,-1,0,0,-1,3,0,-1,200,0,9223372036800000000,240,0,10,0,0,7,0,0,1,0,0,0,1,0,-1,-1,0,0,0,2,0,1,-1,-1,-1,-1,0,10,-1,1,1,3,-1,-1,-1,0,0,1,0,0,10,0,0,0,42.53
1,0,0,0,-1,0,1,1,0,0,0,0,0,0,1,0,1,0,1,0,2,3,0,16,100,0,9223372036800000000,0,0,10,0,0,7,0,2,1,0,0,1,1,0,-1,500,6,0,0,2,0,1,-1,-1,3,0,0,10,-1,1,1,3,-1,-1,-1,0,0,1,2,0,10,0,0,0,35.11
1,0,0,0,-1,0,1,4,0,0,0,0,3,2,-1,-1,2,-1,-1,1,0,3,0,1,150,0,9223372036800000000,10,0,10,0,0,7,0,0,1,0,0,2,1,0,0,60,4,4,0,2,0,1,-1,-1,-1,-1,0,10,-1,1,1,3,-1,-1,-1,0,0,1,1,0,10,0,0,0,42.92
1,0,0,0,-1,0,1,0,0,0,0,0,0,0,0,0,0,0,0,0,0,3,0,-1,50,0,9223372036800000000,2,0,10,0,0,7,0,0,1,0,0,1,1,0,2,60,0,0,0,2,0,1,-1,-1,-1,-1,0,10,-1,1,1,3,-1,-1,-1,0,0,1,0,0,10,0,0,0,32.88
1,0,0,0,-1,0,1,0,0,0,0,0,3,0,-1,0,1,1,1,-1,2,3,0,-1,100,0,9223372036800000000,1e+75,0,10,0,0,7,0,0,1,0,0,1,1,0,0,0,0,0,0,2,0,1,-1,-1,-1,-1,0,10,-1,1,1,3,-1,-1,-1,0,0,1,0,0,10,0,0,0,33.37
1,0,0,0,-1,0,1,4,0,0,0,0,0,0,1,-1,2,2,1,0,1,3,0,-1,150,0,9223372036800000000,1e+75,0,10,0,0,7,0,0,1,0,0,1,1,0,0,0,0,0,0,2,0,1,-1,-1,-1,-1,0,10,-1,1,1,3,-1,-1,-1,0,0,1,0,0,10,0,0,0,33.64
1,0,0,0,-1,0,1,3,0,0,0,0,0,0,0,0,1,0,2,1,0,3,0,4,200,0,9223372036800000000,240,0,10,0,0,7,0,0,1,0,0,1,1,0,-1,20,0,0,3,2,0,1,-1,-1,-1,-1,0,10,-1,1,1,3,-1,-1,-1,0,0,1,0,0,10,0,0,0,33.95
1,0,0,0,-1,0,1,4,0,0,0,0,3,3,-1,0,2,1,-1,-1,-1,3,0,8,10,0,9223372036800000000,60,0,10,0,0,7,0,0,1,0,0,0,1,0,3,500,0,0,-1,2,0,1,-1,-1,-1,-1,0,10,-1,1,1,3,-1,-1,-1,0,0,1,0,0,10,0,0,0,33.25
1,0,0,0,-1,0,1,1,0,0,0,0,3,0,-1,1,1,1,2,-1,1,3,0,16,400,0,9223372036800000000,1e+75,0,10,0,0,7,0,2,1,0,0,1,1,0,-1,100,5,4,-1,2,0,1,-1,-1,-1,-1,0,10,-1,1,1,3,-1,-1,-1,0,0,1,0,0,10,0,0,0,35.51
1,0,0,0,-1,0,1,5,0,0,0,0,3,0,1,0,1,-1,2,1,0,3,0,-1,150,0,9223372036800000000,1e+75,0,10,0,0,7,0,0,1,0,0,1,1,0,0,0,0,0,0,2,0,1,-1,-1,-1,-1,0,10,-1,1,1,3,-1,-1,-1,0,0,1,0,0,10,0,0,0,42.92
1,0,0,0,-1,0,1,5,0,0,0,0,0,0,1,1,1,1,1,0,-1,3,0,-1,200,0,9223372036800000000,1e+75,0,10,0,0,7,0,0,1,0,0,1,1,0,0,0,0,0,0,2,0,1,-1,-1,-1,-1,0,10,-1,1,1,3,-1,-1,-1,0,0,1,0,0,10,0,0,0,38.65
1,0,0,0,-1,0,1,0,0,0,0,0,0,0,0,0,0,0,0,0,0,3,0,-1,150,0,9223372036800000000,0,0,10,0,0,7,0,0,1,0,0,1,1,0,0,60,0,0,0,2,0,1,-1,-1,-1,-1,0,10,-1,1,1,3,-1,-1,-1,0,0,1,0,0,10,0,0,0,33.3
1,0,0,0,-1,0,1,4,0,0,0,0,-1,1,0,0,1,0,0,0,0,3,0,-1,150,0,9223372036800000000,5,0,10,0,0,7,0,0,1,0,0,2,1,0,2,0,0,0,0,2,0,1,-1,-1,-1,-1,0,10,-1,1,1,3,-1,-1,-1,0,0,1,0,0,10,0,0,0,42.71
1,0,0,0,-1,0,1,0,0,0,0,0,1,0,0,0,-1,2,2,0,0,3,0,4,200,0,9223372036800000000,1,0,10,0,0,7,0,0,1,0,0,1,1,0,0,-1,5,0,4,2,0,1,-1,-1,-1,-1,0,10,-1,1,1,3,-1,-1,-1,0,0,1,0,0,10,0,0,0,42.86
1,0,0,0,-1,0,1,0,0,0,0,0,1,0,-1,1,1,1,1,-1,2,3,0,-1,100,0,9223372036800000000,1e+75,0,10,0,0,7,0,0,1,0,0,1,1,0,0,0,0,0,0,2,0,1,-1,-1,-1,-1,0,10,-1,1,1,3,-1,-1,-1,0,0,1,0,0,10,0,0,0,33.37
1,0,0,0,-1,0,1,1,0,0,0,0,2,1,0,-1,2,1,-1,1,1,3,0,-1,150,0,9223372036800000000,40,0,10,0,0,7,0,1,1,0,0,3,1,0,3,0,0,0,0,2,0,1,-1,-1,-1,-1,0,10,-1,1,1,3,-1,-1,-1,0,0,1,0,0,10,0,0,0,35.23
1,0,0,0,-1,0,1,2,1,0,4,0,3,1,0,0,-1,2,2,0,1,3,0,2,50,0,9223372036800000000,1,0,10,0,0,7,0,1,1,0,0,1,1,0,3,100,3,2,3,2,0,1,-1,-1,2,-1,0,10,-1,1,1,3,-1,-1,-1,0,0,-1,0,0,10,0,0,0,32.34
1,0,0,0,-1,0,1,2,0,0,0,0,1,2,1,1,-1,-1,2,2,0,3,0,-1,400,0,9223372036800000000,40,0,10,0,0,7,0,3,1,0,0,0,1,0,2,0,0,0,0,2,0,1,-1,-1,-1,-1,0,10,-1,1,1,3,-1,-1,-1,0,0,1,0,0,10,0,0,0,33.13
1,0,0,0,-1,0,1,0,0,0,0,0,3,0,-1,1,1,1,1,-1,2,3,0,-1,100,0,9223372036800000000,1e+75,0,10,0,0,7,0,0,1,0,0,1,1,0,0,0,0,0,0,2,0,1,-1,-1,-1,-1,0,10,-1,1,1,3,-1,-1,-1,0,0,1,0,0,10,0,0,0,33.37
1,0,0,0,-1,0,1,4,0,0,0,0,3,0,0,2,0,2,0,-1,2,3,0,-1,200,0,9223372036800000000,1e+75,0,10,0,0,7,0,0,1,0,0,1,1,0,0,0,0,0,0,2,0,1,-1,-1,-1,-1,0,10,-1,1,1,3,-1,-1,-1,0,0,1,0,0,10,0,0,0,33.69
1,0,0,0,-1,0,1,2,1,0,4,0,3,1,0,0,-1,2,2,0,1,3,0,2,50,0,9223372036800000000,40,0,10,0,0,7,0,1,1,0,0,1,1,0,3,100,3,5,3,2,0,1,-1,-1,2,-1,0,10,-1,1,1,3,-1,-1,-1,0,0,-1,0,0,10,0,0,0,32.6
1,0,0,0,-1,0,1,0,0,0,0,0,-1,-1,-1,0,1,2,-1,2,-1,3,0,-1,50,0,9223372036800000000,1,0,10,0,0,7,0,2,1,0,0,2,1,0,1,0,0,0,3,2,0,1,-1,-1,-1,-1,0,10,-1,1,1,3,-1,-1,-1,0,0,1,0,0,10,0,0,0,42.6
1,0,0,0,-1,0,1,1,1,0,1,0,1,1,1,2,0,1,2,1,2,3,0,4,25,0,9223372036800000000,0,0,10,0,0,7,0,0,1,0,0,3,1,0,1,1000,2,3,0,2,0,1,-1,-1,1,3,0,10,-1,1,1,3,-1,-1,-1,0,0,1,3,0,10,0,0,0,35.91
1,0,0,0,-1,0,1,0,0,0,0,0,2,0,-1,2,1,-1,1,2,0,3,0,-1,200,0,9223372036800000000,1e+75,0,10,0,0,7,0,0,1,0,0,1,1,0,0,0,0,0,0,2,0,1,-1,-1,-1,-1,0,10,-1,1,1,3,-1,-1,-1,0,0,1,0,0,10,0,0,0,33.48
1,0,0,0,-1,0,1,3,0,0,0,0,1,0,-1,-1,0,1,1,2,-1,3,0,-1,25,0,9223372036800000000,1e+75,0,10,0,0,7,0,0,1,0,0,1,1,0,0,0,0,0,0,2,0,1,-1,-1,-1,-1,0,10,-1,1,1,3,-1,-1,-1,0,0,1,0,0,10,0,0,0,36.3
1,0,0,0,-1,0,1,4,1,0,1,0,0,1,0,2,2,2,0,1,-1,3,0,8,10,0,9223372036800000000,20,0,10,0,0,7,0,0,1,0,0,0,1,0,2,40,1,0,4,2,0,1,-1,-1,2,-1,0,10,-1,1,1,3,-1,-1,-1,0,0,0,4,0,10,0,0,0,32.17
1,0,0,0,-1,0,1,2,0,0,0,0,-1,1,-1,1,-1,2,1,2,1,3,0,-1,200,0,9223372036800000000,1e+75,0,10,0,0,7,0,1,1,0,0,0,1,0,1,20,0,0,3,2,0,1,-1,-1,-1,-1,0,10,-1,1,1,3,-1,-1,-1,0,0,1,0,0,10,0,0,0,42.71
1,0,0,0,-1,0,1,5,0,0,0,0,3,2,0,1,-1,2,1,-1,2,3,0,8,400,0,9223372036800000000,30,0,10,0,0,7,0,2,1,0,0,2,1,0,0,20,5,2,-1,2,0,1,-1,-1,-1,-1,0,10,-1,1,1,3,-1,-1,-1,0,0,1,0,0,10,0,0,0,38.61
1,0,0,0,-1,0,1,0,0,0,0,0,-1,-1,1,1,2,1,0,-1,1,3,0,8,50,0,9223372036800000000,5,0,10,0,0,7,0,2,1,0,0,2,1,0,2,100,1,0,0,2,0,1,-1,-1,-1,-1,0,10,-1,1,1,3,-1,-1,-1,0,0,1,0,0,10,0,0,0,42.62
1,0,0,0,-1,0,1,0,0,0,0,0,0,0,0,0,0,0,0,0,0,3,0,-1,50,0,9223372036800000000,240,0,10,0,0,7,0,0,1,0,0,1,1,0,2,60,0,0,0,2,0,1,-1,-1,-1,1,0,10,-1,1,1,3,-1,-1,-1,0,0,1,0,0,10,0,0,0,32.88
1,0,0,0,-1,0,1,0,0,0,0,0,-1,0,-1,1,0,-1,2,1,0,3,0,-1,400,0,9223372036800000000,60,0,10,0,0,7,0,2,1,0,0,1,1,0,0,0,0,0,0,2,0,1,-1,-1,-1,-1,0,10,-1,1,1,3,-1,-1,-1,0,0,1,0,0,10,0,0,0,42.6
1,0,0,0,-1,0,1,0,0,0,0,0,0,0,0,0,0,0,0,0,0,3,0,-1,50,0,9223372036800000000,240,0,10,0,0,7,0,0,1,0,0,1,1,0,2,60,0,0,0,2,0,1,-1,-1,-1,0,0,10,-1,1,1,3,-1,-1,-1,0,0,1,0,0,10,0,0,0,32.88
1,0,0,0,-1,0,1,4,0,0,0,0,-1,3,0,2,1,2,2,1,2,3,0,-1,400,0,9223372036800000000,10,0,10,0,0,7,0,3,1,0,0,2,1,0,0,0,0,0,-1,2,0,1,-1,-1,-1,-1,0,10,-1,1,1,3,-1,-1,-1,0,0,1,0,0,10,0,0,0,42.71
1,0,0,0,-1,0,1,2,0,0,1,0,-1,2,0,1,-1,0,0,1,1,3,0,16,10,0,9223372036800000000,50,0,10,0,0,7,0,1,1,0,0,3,1,0,3,20,1,2,0,2,0,1,-1,-1,-1,-1,0,10,-1,1,1,3,-1,-1,-1,0,0,-1,0,0,10,0,0,0,33.87
1,0,0,0,-1,0,1,1,0,0,0,0,1,-1,1,1,1,-1,0,0,0,3,0,-1,400,0,9223372036800000000,2,0,10,0,0,7,0,3,1,0,0,1,1,0,3,40,0,0,0,2,0,1,-1,-1,-1,-1,0,10,-1,1,1,3,-1,-1,-1,0,0,1,0,0,10,0,0,0,35.23
1,0,0,0,-1,0,1,0,0,0,0,0,-1,-1,-1,0,1,2,-1,2,-1,3,0,-1,400,0,9223372036800000000,20,0,10,0,0,7,0,2,1,0,0,2,1,0,1,0,0,0,-1,2,0,1,-1,-1,-1,-1,0,10,-1,1,1,3,-1,-1,-1,0,0,1,0,0,10,0,0,0,42.71
1,0,0,0,-1,0,1,5,1,0,4,0,1,-1,-1,1,0,2,2,1,-1,3,0,16,10,0,9223372036800000000,0,0,10,0,0,7,0,1,1,0,0,0,1,0,2,60,5,2,3,2,0,1,-1,-1,3,3,0,10,-1,1,1,3,-1,-1,-1,0,0,0,5,0,10,0,0,0,26.14
1,0,0,0,-1,0,1,4,0,0,0,0,1,0,0,0,0,0,2,1,2,3,0,-1,100,0,9223372036800000000,1e+75,0,10,0,0,7,0,0,1,0,0,1,1,0,0,0,0,0,0,2,0,1,-1,-1,-1,-1,0,10,-1,1,1,3,-1,-1,-1,0,0,1,0,0,10,0,0,0,33.37
1,0,0,0,-1,0,1,0,0,0,0,0,1,0,0,0,0,0,1,0,1,3,0,4,50,0,9223372036800000000,0,0,10,0,0,7,0,3,1,0,0,1,1,0,-1,100,3,5,2,2,0,1,-1,-1,-1,-1,0,10,-1,1,1,3,-1,-1,-1,0,0,1,0,0,10,0,0,0,33.98
1,0,0,0,-1,0,1,3,0,0,0,0,1,0,-1,-1,0,-1,2,0,2,3,0,-1,800,0,9223372036800000000,1e+75,0,10,0,0,7,0,0,1,0,0,1,1,0,0,0,0,0,0,2,0,1,-1,-1,-1,-1,0,10,-1,1,1,3,-1,-1,-1,0,0,1,0,0,10,0,0,0,36.3
1,0,0,0,-1,0,1,3,0,0,0,0,-1,2,1,-1,-1,2,2,-1,2,3,0,-1,25,0,9223372036800000000,30,0,10,0,0,7,0,3,1,0,0,0,1,0,0,200,0,0,2,2,0,1,-1,-1,-1,-1,0,10,-1,1,1,3,-1,-1,-1,0,0,1,0,0,10,0,0,0,42.52
1,0,0,0,-1,0,1,0,0,0,0,0,3,0,-1,-1,1,1,1,-1,2,3,0,-1,100,0,9223372036800000000,1e+75,0,10,0,0,7,0,0,1,0,0,1,1,0,0,0,0,0,0,2,0,1,-1,-1,-1,-1,0,10,-1,1,1,3,-1,-1,-1,0,0,1,0,0,10,0,0,0,33.37
1,0,0,0,-1,0,1,0,0,0,0,0,1,0,-1,0,0,-1,2,0,2,3,0,-1,800,0,9223372036800000000,1e+75,0,10,0,0,7,0,0,1,0,0,1,1,0,0,0,0,0,0,2,0,1,-1,-1,-1,-1,0,10,-1,1,1,3,-1,-1,-1,0,0,1,0,0,10,0,0,0,33.48
1,0,0,0,-1,0,1,4,0,0,0,0,3,0,0,1,2,0,2,2,0,3,0,4,50,0,9223372036800000000,30,0,10,0,0,7,0,0,1,0,0,2,1,0,0,1000,0,0,-1,2,0,1,-1,-1,-1,-1,0,10,-1,1,1,3,-1,-1,-1,0,0,1,0,0,10,0,0,0,33.44
1,0,0,0,-1,0,1,2,0,0,0,0,0,0,0,2,2,0,2,0,2,3,0,-1,50,0,9223372036800000000,1e+75,0,10,0,0,7,0,0,1,0,0,1,1,0,0,0,0,0,0,2,0,1,-1,-1,-1,-1,0,10,-1,1,1,3,-1,-1,-1,0,0,1,0,0,10,0,0,0,33.37
1,0,0,0,-1,0,1,4,0,0,0,0,3,0,-1,2,-1,-1,2,2,1,3,0,1,25,0,9223372036800000000,120,0,10,0,0,7,0,2,1,0,0,1,1,0,3,0,2,3,0,2,0,1,-1,-1,-1,-1,0,10,-1,1,1,3,-1,-1,-1,0,0,1,1,0,10,0,0,0,42.92
1,0,0,0,-1,0,1,4,0,0,0,0,1,0,0,0,0,0,2,2,2,3,0,-1,25,0,9223372036800000000,1e+75,0,10,0,0,7,0,0,1,0,0,1,1,0,0,0,0,0,0,2,0,1,-1,-1,-1,-1,0,10,-1,1,1,3,-1,-1,-1,0,0,1,0,0,10,0,0,0,33.37
1,0,0,0,-1,0,1,0,0,0,0,0,-1,-1,0,1,2,2,-1,2,-1,3,0,-1,50,0,9223372036800000000,5,0,10,0,0,7,0,0,1,0,0,3,1,0,-1,20,0,0,1,2,0,1,-1,-1,-1,-1,0,10,-1,1,1,3,-1,-1,-1,0,0,1,0,0,10,0,0,0,42.71
1,0,0,0,-1,0,1,0,0,0,0,0,1,0,-1,0,-1,0,2,1,-1,3,0,-1,10,0,9223372036800000000,1e+75,0,10,0,0,7,0,0,1,0,0,1,1,0,2,0,0,0,0,2,0,1,-1,-1,-1,-1,0,10,-1,1,1,3,-1,-1,-1,0,0,1,0,0,10,0,0,0,33.18
1,0,0,0,-1,0,1,2,0,0,0,0,2,0,0,0,-1,2,0,1,0,3,0,-1,10,0,9223372036800000000,1e+75,0,10,0,0,7,0,0,1,0,0,1,1,0,0,0,0,0,0,2,0,1,-1,-1,-1,-1,0,10,-1,1,1,3,-1,-1,-1,0,0,1,0,0,10,0,0,0,33.48
1,0,0,0,-1,0,1,4,0,0,0,0,-1,0,0,0,0,1,2,1,2,3,0,-1,150,0,9223372036800000000,1e+75,0,10,0,0,7,0,0,1,0,0,1,1,0,0,0,0,0,0,2,0,1,-1,-1,-1,-1,0,10,-1,1,1,3,-1,-1,-1,0,0,1,0,0,10,0,0,0,42.28
1,0,0,0,-1,0,1,0,0,0,0,0,3,0,-1,1,1,1,1,-1,2,3,0,-1,150,0,9223372036800000000,1e+75,0,10,0,0,7,0,0,1,0,0,1,1,0,0,0,0,0,0,2,0,1,-1,-1,-1,-1,0,10,-1,1,1,3,-1,-1,-1,0,0,1,0,0,10,0,0,0,33.37
1,0,0,0,-1,0,1,3,1,0,0,0,1,0,0,0,0,0,1,0,1,3,0,4,50,0,9223372036800000000,0,0,10,0,0,7,0,3,1,0,0,0,1,0,-1,100,3,5,2,2,1,1,-1,-1,-1,-1,0,10,-1,1,1,3,-1,-1,-1,0,0,1,2,0,10,0,0,0,24.42
1,0,0,0,-1,0,1,5,0,0,0,0,3,1,-1,0,2,1,1,-1,1,3,0,4,800,0,9223372036800000000,2,0,10,0,0,7,0,0,1,0,0,1,1,0,0,-1,0,0,3,2,0,1,-1,-1,-1,-1,0,10,-1,1,1,3,-1,-1,-1,0,0,1,0,0,10,0,0,0,38.65
1,0,0,0,-1,0,1,3,0,0,0,0,0,0,0,0,0,2,0,-1,-1,3,0,-1,25,0,9223372036800000000,1e+75,0,10,0,0,7,0,0,1,0,0,1,1,0,0,0,0,0,0,2,0,1,-1,-1,-1,-1,0,10,-1,1,1,3,-1,-1,-1,0,0,1,0,0,10,0,0,0,33.75
1,0,0,0,-1,0,1,0,0,0,0,0,0,3,-1,-1,-1,1,0,-1,2,3,0,-1,50,0,9223372036800000000,2,0,10,0,0,7,0,3,1,0,0,0,1,0,2,0,0,0,2,2,0,1,-1,-1,-1,-1,0,10,-1,1,1,3,-1,-1,-1,0,0,1,0,0,10,0,0,0,33.03
1,0,0,0,-1,0,1,0,0,0,0,0,0,0,0,0,0,0,0,0,0,3,0,-1,150,0,9223372036800000000,1,0,10,0,0,7,0,0,1,0,0,1,0,0,2,-1,0,0,0,2,0,1,-1,-1,-1,-1,0,10,-1,1,1,3,-1,-1,-1,0,0,1,0,0,10,0,0,0,32.92
1,0,0,0,-1,0,1,4,0,0,0,0,-1,1,0,0,1,2,0,0,0,3,0,-1,150,0,9223372036800000000,50,0,10,0,0,7,0,0,1,0,0,2,1,0,1,0,0,0,0,2,0,1,-1,-1,-1,-1,0,10,-1,1,1,3,-1,-1,-1,0,0,1,0,0,10,0,0,0,42.71
1,0,0,0,-1,0,1,3,0,0,0,0,0,0,1,1,1,1,2,0,2,3,0,-1,200,0,9223372036800000000,1e+75,0,10,0,0,7,0,0,1,0,0,1,1,0,0,0,0,0,0,2,0,1,-1,-1,-1,-1,0,10,-1,1,1,3,-1,-1,-1,0,0,1,0,0,10,0,0,0,35.23
1,0,0,0,-1,0,1,5,0,0,0,0,0,0,-1,2,-1,0,2,2,1,3,0,-1,100,0,9223372036800000000,1e+75,0,10,0,0,7,0,0,1,0,0,1,1,0,0,0,0,0,0,2,0,1,-1,-1,-1,-1,0,10,-1,1,1,3,-1,-1,-1,0,0,1,0,0,10,0,0,0,38.65
1,0,0,0,-1,0,1,4,0,0,0,0,-1,0,0,0,0,1,2,1,1,3,0,-1,25,0,9223372036800000000,1e+75,0,10,0,0,7,0,0,1,0,0,1,1,0,0,0,0,0,0,2,0,1,-1,-1,-1,-1,0,10,-1,1,1,3,-1,-1,-1,0,0,1,0,0,10,0,0,0,42.28
1,0,0,0,-1,0,1,2,0,0,0,0,2,0,1,1,0,1,0,2,2,3,0,-1,400,0,9223372036800000000,1e+75,0,10,0,0,7,0,0,1,0,0,1,1,0,0,0,0,0,0,2,0,1,-1,-1,-1,-1,0,10,-1,1,1,3,-1,-1,-1,0,0,1,0,0,10,0,0,0,33.48
1,0,0,0,-1,0,1,5,0,0,0,0,2,0,0,1,-1,2,0,1,2,3,0,-1,200,0,9223372036800000000,1e+75,0,10,0,0,7,0,0,1,0,0,1,1,0,0,0,0,0,0,2,0,1,-1,-1,-1,-1,0,10,-1,1,1,3,-1,-1,-1,0,0,1,0,0,10,0,0,0,38.65
1,0,0,0,-1,0,1,0,0,0,0,0,0,0,1,2,-1,0,1,1,2,3,0,-1,100,0,9223372036800000000,1,0,10,0,0,7,0,2,1,0,0,2,1,0,-1,0,0,0,1,2,0,1,-1,-1,-1,-1,0,10,-1,1,1,3,-1,-1,-1,0,0,1,0,0,10,0,0,0,33.57
1,0,0,0,-1,0,1,0,0,0,0,0,0,0,1,2,-1,0,1,1,2,3,0,-1,100,0,9223372036800000000,1e+75,0,10,0,0,7,0,2,1,0,0,2,1,0,-1,0,0,0,1,2,0,1,-1,-1,-1,-1,0,10,-1,1,1,3,-1,-1,-1,0,0,1,0,0,10,0,0,0,33.37
1,0,0,0,-1,0,1,2,0,0,0,0,-1,-1,0,-1,-1,-1,0,0,1,3,0,-1,25,0,9223372036800000000,240,0,10,0,0,7,0,0,1,0,0,3,1,0,1,0,0,0,3,2,0,1,-1,-1,-1,-1,0,10,-1,1,1,3,-1,-1,-1,0,0,1,0,0,10,0,0,0,42.18
1,0,0,0,-1,0,1,3,1,0,3,0,1,2,0,1,2,-1,2,0,0,3,0,4,800,0,9223372036800000000,2,0,10,0,0,7,0,3,1,0,0,2,1,0,3,200,5,1,-1,2,0,1,-1,-1,1,3,0,10,-1,1,1,3,-1,-1,-1,0,0,-1,2,0,10,0,0,0,34.44
1,0,0,0,-1,0,1,5,0,0,0,0,2,0,0,1,-1,2,0,1,1,3,0,-1,200,0,9223372036800000000,1e+75,0,10,0,0,7,0,0,1,0,0,1,1,0,0,0,0,0,0,2,0,1,-1,-1,-1,-1,0,10,-1,1,1,3,-1,-1,-1,0,0,1,0,0,10,0,0,0,38.65
1,0,0,0,-1,0,1,4,0,0,0,0,3,0,1,-1,2,2,-1,0,1,3,0,-1,10,0,9223372036800000000,1e+75,0,10,0,0,7,0,0,1,0,0,1,1,0,0,0,0,0,0,2,0,1,-1,-1,-1,-1,0,10,-1,1,1,3,-1,-1,-1,0,0,1,0,0,10,0,0,0,33.48
1,0,0,0,-1,0,1,4,0,0,0,0,-1,1,0,0,1,0,0,1,0,3,0,-1,150,0,9223372036800000000,50,0,10,0,0,7,0,0,1,0,0,2,1,0,3,0,0,0,0,2,0,1,-1,-1,-1,-1,0,10,-1,1,1,3,-1,-1,-1,0,0,1,0,0,10,0,0,0,42.79
1,0,0,0,-1,0,1,2,0,0,0,0,0,0,-1,-1,0,1,-1,2,2,3,0,-1,150,0,9223372036800000000,1e+75,0,10,0,0,7,0,0,1,0,0,1,1,0,1,0,0,0,0,2,0,1,-1,-1,-1,-1,0,10,-1,1,1,3,-1,-1,-1,0,0,1,0,0,10,0,0,0,33.37
1,0,0,0,-1,0,1,5,0,0,0,0,1,3,0,-1,0,2,2,1,2,3,0,-1,400,0,9223372036800000000,20,0,10,0,0,7,0,2,1,0,0,3,1,0,1,0,0,0,3,2,0,1,-1,-1,-1,-1,0,10,-1,1,1,3,-1,-1,-1,0,0,1,0,0,10,0,0,0,38.65
1,0,0,0,-1,0,1,2,0,0,0,0,3,0,0,2,-1,-1,0,-1,0,3,0,-1,400,0,9223372036800000000,1e+75,0,10,0,0,7,0,0,1,0,0,1,1,0,0,0,0,0,0,2,0,1,-1,-1,-1,-1,0,10,-1,1,1,3,-1,-1,-1,0,0,1,0,0,10,0,0,0,33.48
1,0,0,0,-1,0,1,0,0,0,0,0,0,0,0,0,0,0,0,0,0,3,0,-1,50,0,9223372036800000000,1e+75,0,10,0,0,7,0,0,1,0,0,1,1,0,2,60,0,0,0,2,0,1,-1,-1,-1,-1,0,10,-1,1,1,3,-1,-1,-1,0,0,1,4,0,10,0,0,0,33.37
1,0,0,0,-1,0,1,1,0,0,0,0,3,0,-1,1,1,1,2,-1,1,3,0,16,400,0,9223372036800000000,1e+75,0,10,0,0,7,0,2,1,0,0,1,1,0,-1,100,5,0,-1,2,0,1,-1,-1,-1,-1,0,10,-1,1,1,3,-1,-1,-1,0,0,1,0,0,10,-1,0,0,34.89
1,0,0,0,-1,0,1,3,0,0,0,0,-1,-1,-1,0,1,2,-1,2,-1,3,0,-1,50,0,9223372036800000000,20,0,10,0,0,7,0,2,1,0,0,2,1,0,2,0,0,0,3,2,0,1,-1,-1,-1,-1,0,10,-1,1,1,3,-1,-1,-1,0,0,1,0,0,10,0,0,0,42.58
1,0,0,0,-1,0,1,4,0,0,0,0,0,0,1,-1,2,2,-1,0,0,3,0,-1,10,0,9223372036800000000,1e+75,0,10,0,0,7,0,0,1,0,0,1,1,0,0,0,0,0,0,2,0,1,-1,-1,-1,-1,0,10,-1,1,1,3,-1,-1,-1,0,0,1,0,0,10,0,0,0,33.48
1,0,0,0,-1,0,1,4,0,0,0,0,0,0,1,-1,2,2,-1,0,1,3,0,-1,25,0,9223372036800000000,1e+75,0,10,0,0,7,0,0,1,0,0,1,1,0,0,0,0,0,0,2,0,1,-1,-1,-1,-1,0,10,-1,1,1,3,-1,-1,-1,0,0,1,0,0,10,0,0,0,33.48
1,0,0,0,-1,0,1,2,0,0,0,0,-1,-1,0,1,0,-1,0,-1,1,3,0,4,150,0,9223372036800000000,50,0,10,0,0,7,0,2,1,0,0,3,1,0,2,0,0,0,-1,2,0,1,-1,-1,-1,-1,0,10,-1,1,1,3,-1,-1,-1,0,0,1,0,0,10,0,0,0,42.85
1,0,0,0,-1,0,1,0,0,0,0,0,0,0,1,2,-1,0,1,1,0,3,0,-1,100,0,9223372036800000000,1e+75,0,10,0,0,7,0,2,1,0,0,2,1,0,2,0,0,0,1,2,0,1,-1,-1,-1,-1,0,10,-1,1,1,3,-1,-1,-1,0,0,1,0,0,10,0,0,0,33.18
1,0,0,0,-1,0,1,3,0,0,0,0,1,0,-1,-1,0,2,1,2,-1,3,0,-1,800,0,9223372036800000000,1e+75,0,10,0,0,7,0,0,1,0,0,1,1,0,0,0,0,0,0,2,0,1,-1,-1,-1,-1,0,10,-1,1,1,3,-1,-1,-1,0,0,1,0,0,10,0,0,0,34.29
1,0,0,0,-1,0,1,5,0,0,0,0,1,0,1,0,0,2,0,-1,-1,3,0,-1,800,0,9223372036800000000,1e+75,0,10,0,0,7,0,0,1,0,0,1,1,0,0,0,0,0,0,2,0,1,-1,-1,-1,-1,0,10,-1,1,1,3,-1,-1,-1,0,0,1,0,0,10,0,0,0,38.65
1,0,0,0,-1,0,1,0,0,0,0,0,0,0,1,2,-1,0,1,1,2,3,0,-1,10,0,9223372036800000000,1e+75,0,10,0,0,7,0,2,1,0,0,2,1,0,2,0,0,0,1,2,0,1,-1,-1,-1,-1,0,10,-1,1,1,3,-1,-1,-1,0,0,1,0,0,10,0,0,0,33.18
1,0,0,0,-1,0,1,2,0,0,5,0,2,1,0,0,-1,2,2,2,2,3,0,4,200,0,9223372036800000000,60,0,10,0,0,7,0,3,1,0,0,1,1,0,3,1000,5,0,1,2,0,1,-1,-1,2,3,0,10,-1,1,1,3,-1,-1,-1,0,0,-1,5,0,10,0,0,0,34.29
1,0,0,0,-1,0,1,3,0,0,0,0,-1,0,1,-1,0,1,2,2,-1,3,0,-1,50,0,9223372036800000000,1e+75,0,10,0,0,7,0,0,1,0,0,1,1,0,0,0,0,0,0,2,0,1,-1,-1,-1,-1,0,10,-1,1,1,3,-1,-1,-1,0,0,1,0,0,10,0,0,0,42.68
1,0,0,0,-1,0,1,5,0,0,0,0,0,2,-1,1,-1,1,1,-1,0,3,0,16,10,0,9223372036800000000,0,0,10,0,0,7,0,1,1,0,0,1,1,0,-1,1000,0,0,1,2,0,1,-1,-1,-1,-1,0,10,-1,1,1,3,-1,-1,-1,0,0,1,0,0,10,0,0,0,38.65
1,0,0,0,-1,0,2,1,0,0,0,0,3,0,-1,1,1,1,2,-1,1,3,0,16,400,0,9223372036800000000,1e+75,0,10,0,0,7,0,2,1,0,0,1,1,0,-1,100,5,0,-1,2,0,1,-1,-1,-1,-1,0,10,-1,1,1,3,-1,-1,-1,0,0,1,0,0,10,0,0,0,26.45
1,0,0,0,-1,0,1,0,0,0,0,0,2,3,0,0,-1,2,-1,-1,0,3,0,8,50,0,9223372036800000000,5,0,10,0,0,7,0,0,1,0,0,3,1,0,-1,0,5,4,4,2,0,1,-1,-1,-1,-1,0,10,-1,1,1,3,-1,-1,-1,0,0,1,1,0,10,0,0,0,33.58
1,0,0,0,-1,0,1,2,0,0,0,0,1,0,0,0,0,0,2,1,2,3,0,-1,25,0,9223372036800000000,1e+75,0,10,0,0,7,0,0,1,0,0,1,1,0,0,0,0,0,0,2,0,1,-1,-1,-1,-1,0,10,-1,1,1,3,-1,-1,-1,0,0,1,0,0,10,0,0,0,33.37
1,0,0,0,-1,0,1,3,0,0,0,0,1,0,0,0,0,2,0,-1,-1,3,0,-1,400,0,9223372036800000000,1e+75,0,10,0,0,7,0,0,1,0,0,1,1,0,0,0,0,0,0,2,0,1,-1,-1,-1,-1,0,10,-1,1,1,3,-1,-1,-1,0,0,1,0,0,10,0,0,0,34.29
1,0,0,0,-1,0,1,1,1,0,2,0,1,1,1,2,0,1,2,1,2,3,0,4,25,0,9223372036800000000,0,0,10,0,0,7,0,0,1,0,0,3,1,0,1,1000,6,3,0,2,0,1,-1,-1,1,3,0,10,-1,1,1,3,-1,-1,-1,0,0,1,3,0,10,0,0,0,34.8
1,0,0,0,-1,0,1,3,0,0,0,0,-1,1,1,2,0,1,-1,1,-1,3,0,-1,10,0,9223372036800000000,60,0,10,0,0,7,0,1,1,0,0,3,1,0,-1,0,0,0,1,2,0,1,-1,-1,-1,-1,0,10,-1,1,1,3,-1,-1,-1,0,0,1,0,0,10,0,0,0,42.67
1,0,0,0,-1,0,1,2,0,0,0,0,2,0,1,-1,0,1,1,2,2,3,0,-1,100,0,9223372036800000000,1e+75,0,10,0,0,7,0,0,1,0,0,1,1,0,0,0,0,0,0,2,0,1,-1,-1,-1,-1,0,10,-1,1,1,3,-1,-1,-1,0,0,1,0,0,10,0,0,0,33.37
1,0,0,0,-1,0,1,0,0,0,0,0,3,0,0,1,-1,-1,0,-1,0,3,0,-1,400,0,9223372036800000000,1e+75,0,10,0,0,7,0,0,1,0,0,1,1,0,0,0,0,0,0,2,0,1,-1,-1,-1,-1,0,10,-1,1,1,3,-1,-1,-1,0,0,1,0,0,10,0,0,0,33.48
1,0,0,0,-1,0,1,3,0,0,0,0,-1,2,1,-1,-1,2,2,-1,2,3,0,-1,100,0,9223372036800000000,0,0,10,0,0,7,0,3,1,0,0,0,1,0,0,200,0,0,2,2,0,1,-1,-1,-1,-1,0,10,-1,1,1,3,-1,-1,-1,0,0,1,0,0,10,0,0,0,42.63
1,0,0,0,-1,0,1,4,0,0,0,0,0,1,0,0,1,2,2,1,2,3,0,1,10,0,9223372036800000000,240,0,10,0,0,7,0,3,1,0,0,1,1,0,0,100,6,0,3,2,0,1,-1,-1,-1,-1,0,10,-1,1,1,3,-1,-1,-1,0,0,1,0,0,10,0,0,0,42.13
1,0,0,0,-1,0,1,4,0,0,0,0,0,0,0,2,2,0,2,0,2,3,0,-1,10,0,9223372036800000000,1e+75,0,10,0,0,7,0,0,1,0,0,1,1,0,0,0,0,0,0,2,0,1,-1,-1,-1,-1,0,10,-1,1,1,3,-1,-1,-1,0,0,1,0,0,10,0,0,0,33.37
1,0,0,0,-1,0,1,3,0,0,0,0,-1,0,1,0,2,2,0,1,0,3,0,16,25,0,9223372036800000000,30,0,10,0,0,7,0,2,1,0,0,3,1,0,1,0,6,0,0,2,0,1,-1,-1,-1,-1,0,10,-1,1,1,3,-1,-1,-1,0,0,1,5,0,10,0,0,0,42.52
1,0,0,0,-1,0,1,0,0,0,0,0,-1,-1,1,2,0,-1,2,0,1,3,0,-1,10,0,9223372036800000000,0,0,10,0,0,7,0,3,1,0,0,2,1,0,2,0,0,0,2,2,0,1,-1,-1,-1,-1,0,10,-1,1,1,3,-1,-1,-1,0,0,1,0,0,10,0,0,0,42.57
1,0,0,0,-1,0,1,5,0,0,0,0,1,1,1,-1,-1,0,2,-1,-1,3,0,-1,200,0,9223372036800000000,1,0,10,0,0,7,0,3,1,0,0,0,1,0,3,60,6,3,0,2,0,1,-1,-1,-1,-1,0,10,-1,1,1,3,-1,-1,-1,0,0,1,0,0,10,0,0,0,42.92
1,0,0,0,-1,0,1,0,0,0,0,0,0,0,0,0,-1,0,0,0,0,3,0,-1,200,0,9223372036800000000,1e+75,0,10,0,0,7,0,0,1,0,0,1,1,0,0,0,0,0,0,2,0,1,-1,-1,-1,-1,0,10,-1,1,1,3,-1,-1,-1,0,0,1,0,0,10,0,0,0,33.48
1,0,0,0,-1,0,1,3,0,0,0,0,0,3,1,2,-1,-1,-1,-1,0,3,0,2,50,0,9223372036800000000,10,0,10,0,0,7,0,0,1,0,0,0,1,0,3,0,0,0,0,2,0,1,-1,-1,-1,-1,0,10,-1,1,1,3,-1,-1,-1,0,0,1,0,0,10,0,0,0,38.41
1,0,0,0,-1,0,1,4,0,0,0,0,2,3,1,1,0,-1,0,-1,-1,3,0,-1,400,0,9223372036800000000,60,0,10,0,0,7,0,2,1,0,0,3,1,0,1,20,0,0,-1,2,0,1,-1,-1,-1,-1,0,10,-1,1,1,3,-1,-1,-1,0,0,1,1,0,10,0,0,0,38.67
1,0,0,0,-1,0,1,0,0,0,0,0,0,3,1,1,2,-1,-1,1,2,3,0,1,25,0,9223372036800000000,50,0,10,0,0,7,0,2,1,0,0,3,1,0,3,500,1,5,1,2,0,1,-1,-1,-1,-1,0,10,-1,1,1,3,-1,-1,-1,0,0,1,0,0,10,0,0,0,42.8
1,0,0,0,-1,0,1,4,0,0,0,0,0,0,0,2,2,0,2,0,2,3,0,-1,400,0,9223372036800000000,1e+75,0,10,0,0,7,0,0,1,0,0,1,1,0,0,0,0,0,0,2,0,1,-1,-1,-1,-1,0,10,-1,1,1,3,-1,-1,-1,0,0,1,0,0,10,0,0,0,33.48
1,0,0,0,-1,0,1,4,0,0,0,0,0,0,1,-1,2,2,-1,0,1,3,0,-1,150,0,9223372036800000000,1e+75,0,10,0,0,7,0,0,1,0,0,1,1,0,0,0,0,0,0,2,0,1,-1,-1,-1,-1,0,10,-1,1,1,3,-1,-1,-1,0,0,1,0,0,10,0,0,0,33.64
1,0,0,0,-1,0,1,2,0,0,0,0,-1,0,1,0,-1,2,2,-1,0,3,0,-1,25,0,9223372036800000000,1e+75,0,10,0,0,7,0,0,1,0,0,1,1,0,0,0,0,0,0,2,0,1,-1,-1,-1,-1,0,10,-1,1,1,3,-1,-1,-1,0,0,1,0,0,10,0,0,0,42.71
1,0,0,0,-1,0,1,2,0,0,0,0,2,0,1,1,0,1,1,2,2,3,0,-1,100,0,9223372036800000000,1e+75,0,10,0,0,7,0,0,1,0,0,1,1,0,0,0,0,0,0,2,0,1,-1,-1,-1,-1,0,10,-1,1,1,3,-1,-1,-1,0,0,1,0,0,10,0,0,0,33.37
1,0,0,0,-1,0,1,1,0,0,0,0,1,-1,1,1,1,-1,0,0,0,3,0,-1,400,0,9223372036800000000,2,0,10,0,0,7,0,2,1,0,0,1,1,0,3,200,0,0,0,2,0,1,-1,-1,-1,-1,0,10,-1,1,1,3,-1,-1,-1,0,0,1,0,0,10,0,0,0,35.23
1,0,0,0,-1,0,1,4,0,0,0,0,0,0,0,2,2,0,2,0,2,3,0,-1,50,0,9223372036800000000,1e+75,0,10,0,0,7,0,0,1,0,0,1,1,0,0,0,0,0,0,2,0,1,-1,-1,-1,-1,0,10,-1,1,1,3,-1,-1,-1,0,0,1,0,0,10,0,0,0,33.37
1,0,0,0,-1,0,1,3,0,0,0,0,1,0,-1,-1,0,2,1,2,-1,3,0,-1,400,0,9223372036800000000,1e+75,0,10,0,0,7,0,0,1,0,0,1,1,0,0,0,0,0,0,2,0,1,-1,-1,-1,-1,0,10,-1,1,1,3,-1,-1,-1,0,0,1,0,0,10,0,0,0,34.29
1,0,0,0,-1,0,1,3,0,0,0,0,1,0,0,0,0,0,1,0,1,3,0,4,50,0,9223372036800000000,0,0,10,0,0,7,0,3,1,0,0,0,1,0,-1,100,3,5,2,2,0,1,-1,-1,-1,1,0,10,-1,1,1,3,-1,-1,-1,0,0,1,2,0,10,0,0,0,26.05
1,0,0,0,-1,0,1,0,0,0,0,0,2,2,-1,2,2,1,1,-1,-1,3,0,-1,100,0,9223372036800000000,5,0,10,0,0,7,0,1,1,0,0,1,1,0,1,0,0,0,0,2,0,1,-1,-1,-1,-1,0,10,-1,1,1,3,-1,-1,-1,0,0,1,0,0,10,0,0,0,33.57
1,0,0,0,-1,0,1,2,0,0,0,0,2,0,1,1,0,1,1,2,2,3,0,-1,400,0,9223372036800000000,1e+75,0,10,0,0,7,0,0,1,0,0,1,1,0,0,0,0,0,0,2,0,1,-1,-1,-1,-1,0,10,-1,1,1,3,-1,-1,-1,0,0,1,0,0,10,0,0,0,33.48
1,0,0,0,-1,0,1,3,1,0,1,0,0,2,-1,0,-1,1,-1,2,-1,3,0,1,50,0,9223372036800000000,50,0,10,0,0,7,0,0,1,0,0,3,1,0,3,100,3,0,2,2,0,1,-1,-1,-1,-1,0,10,-1,1,1,3,-1,-1,-1,0,0,1,3,0,10,0,0,0,30.05
1,0,0,0,-1,0,1,5,0,0,0,0,1,0,0,1,-1,-1,0,0,0,3,0,-1,400,0,9223372036800000000,20,0,10,0,0,7,0,3,1,0,0,0,1,0,3,-1,0,0,-1,2,0,1,-1,-1,-1,-1,0,10,-1,1,1,3,-1,-1,-1,0,0,1,0,0,10,0,0,0,42.92
1,0,0,0,-1,0,1,2,0,0,0,0,2,0,0,0,-1,-1,0,2,0,3,0,-1,10,0,9223372036800000000,1e+75,0,10,0,0,7,0,0,1,0,0,1,1,0,0,0,0,0,0,2,0,1,-1,-1,-1,-1,0,10,-1,1,1,3,-1,-1,-1,0,0,1,0,0,10,0,0,0,33.48
1,0,0,0,-1,0,1,2,0,0,0,0,3,0,1,-1,-1,1,2,-1,0,3,0,-1,25,0,9223372036800000000,1e+75,0,10,0,0,7,0,0,1,0,0,1,1,0,0,0,0,0,0,2,0,1,-1,-1,-1,-1,0,10,-1,1,1,3,-1,-1,-1,0,0,1,0,0,10,0,0,0,33.37
1,0,0,0,-1,0,1,0,0,0,0,0,0,0,-1,2,-1,-1,2,2,1,3,0,-1,100,0,9223372036800000000,1e+75,0,10,0,0,7,0,0,1,0,0,1,1,0,0,0,0,0,0,2,0,1,-1,-1,-1,-1,0,10,-1,1,1,3,-1,-1,-1,0,0,1,0,0,10,0,0,0,33.48
1,0,0,0,-1,0,1,1,0,0,0,0,3,-1,0,0,1,0,2,1,-1,3,0,-1,800,0,9223372036800000000,120,0,10,0,0,7,0,1,1,0,0,1,1,0,1,20,0,0,2,2,0,1,-1,-1,-1,-1,0,10,-1,1,1,3,-1,-1,-1,0,0,1,0,0,10,0,0,0,35.55
1,0,0,0,-1,0,1,1,0,0,0,0,1,0,-1,0,0,1,2,0,1,3,0,-1,100,0,9223372036800000000,1e+75,0,10,0,0,7,0,2,1,0,0,2,1,0,3,60,0,0,-1,2,0,1,-1,-1,-1,-1,0,10,-1,1,1,3,-1,-1,-1,0,0,1,0,0,10,0,0,0,35.23
1,0,0,0,-1,0,1,2,0,0,0,0,3,-1,-1,2,2,-1,0,2,-1,3,0,-1,25,0,9223372036800000000,240,0,10,0,0,7,0,2,1,0,0,1,1,0,0,0,0,0,0,2,0,1,-1,-1,-1,-1,0,10,-1,1,1,3,-1,-1,-1,0,0,1,0,0,10,0,0,0,33.66
1,0,0,0,-1,0,1,5,1,0,2,0,-1,1,-1,0,0,-1,1,0,1,3,0,2,200,0,9223372036800000000,5,0,10,0,0,7,0,1,1,0,0,0,1,0,-1,20,2,5,2,2,0,1,-1,-1,2,-1,0,10,-1,1,1,3,-1,-1,-1,0,0,1,2,0,10,0,0,0,29.87
1,0,0,0,-1,0,1,3,0,0,0,0,3,1,-1,-1,1,-1,-1,-1,0,3,0,-1,400,0,9223372036800000000,0,0,10,0,0,7,0,3,1,0,0,2,1,0,0,60,0,0,3,2,0,1,-1,-1,-1,-1,0,10,-1,1,1,3,-1,-1,-1,0,0,1,0,0,10,0,0,0,36.3
1,0,0,0,-1,0,1,5,0,0,0,0,-1,-1,-1,-1,0,1,-1,1,0,3,0,-1,150,0,9223372036800000000,40,0,10,0,0,7,0,1,1,0,0,0,1,0,1,0,0,0,3,2,0,1,-1,-1,-1,-1,0,10,-1,1,1,3,-1,-1,-1,0,0,1,0,0,10,0,0,0,42.8
1,0,0,0,-1,0,1,5,0,0,0,0,2,3,-1,0,1,1,2,2,0,3,0,2,200,0,9223372036800000000,120,0,10,0,0,7,0,1,1,0,0,3,1,0,-1,40,0,0,3,2,0,1,-1,-1,-1,-1,0,10,-1,1,1,3,-1,-1,-1,0,0,1,0,0,10,0,0,0,38.65
1,0,0,0,-1,0,1,1,0,0,0,0,1,0,0,0,0,0,2,1,2,3,0,-1,25,0,9223372036800000000,1e+75,0,10,0,0,7,0,0,1,0,0,1,1,0,0,0,0,0,0,2,0,1,-1,-1,-1,-1,0,10,-1,1,1,3,-1,-1,-1,0,0,1,0,0,10,0,0,0,35.12
1,0,0,0,-1,0,1,3,0,0,0,0,0,0,1,-1,0,1,2,2,2,3,0,-1,50,0,9223372036800000000,1e+75,0,10,0,0,7,0,0,1,0,0,1,1,0,0,0,0,0,0,2,0,1,-1,-1,-1,-1,0,10,-1,1,1,3,-1,-1,-1,0,0,1,0,0,10,0,0,0,36.3
1,0,0,0,-1,0,1,1,0,0,0,0,2,0,0,0,-1,2,0,2,0,3,0,-1,10,0,9223372036800000000,1e+75,0,10,0,0,7,0,0,1,0,0,1,1,0,0,0,0,0,0,2,0,1,-1,-1,-1,-1,0,10,-1,1,1,3,-1,-1,-1,0,0,1,0,0,10,0,0,0,35.42
1,0,0,0,-1,0,1,4,0,0,0,0,-1,1,-1,0,0,2,1,0,0,3,0,-1,10,0,9223372036800000000,60,0,10,0,0,7,0,0,1,0,0,3,1,0,-1,100,0,0,-1,2,0,1,-1,-1,-1,-1,0,10,-1,1,1,3,-1,-1,-1,0,0,1,0,0,10,0,0,0,42.64
1,0,0,0,-1,0,1,0,0,0,0,0,0,0,1,2,-1,0,1,1,2,3,0,-1,100,0,9223372036800000000,1,0,10,0,0,7,0,2,1,0,0,2,1,0,2,0,0,0,1,2,0,1,-1,-1,-1,-1,0,10,-1,1,1,3,-1,-1,-1,0,0,1,0,0,10,0,0,0,33.03
1,0,0,0,-1,0,1,3,0,0,0,0,0,0,0,0,2,1,1,-1,2,3,0,-1,10,0,9223372036800000000,1e+75,0,10,0,0,7,0,0,1,0,0,1,1,0,0,0,0,0,0,2,0,1,-1,-1,-1,-1,0,10,-1,1,1,3,-1,-1,-1,0,0,1,0,0,10,0,0,0,35.23
1,0,0,0,-1,0,1,0,0,0,0,0,0,0,0,0,0,0,0,0,0,3,0,-1,50,0,9223372036800000000,1e+75,0,10,0,0,7,0,0,1,0,0,1,1,0,0,60,0,0,2,2,0,1,-1,-1,-1,-1,0,10,-1,1,1,3,-1,-1,-1,0,0,1,0,0,10,0,0,0,33.27
1,0,0,0,-1,0,1,5,0,0,0,0,-1,0,0,0,0,2,0,-1,-1,3,0,-1,800,0,9223372036800000000,1e+75,0,10,0,0,7,0,0,1,0,0,1,1,0,0,0,0,0,0,2,0,1,-1,-1,-1,-1,0,10,-1,1,1,3,-1,-1,-1,0,0,1,0,0,10,0,0,0,42.79
1,0,0,0,-1,0,1,2,0,0,1,0,-1,2,0,1,-1,0,0,1,1,3,0,16,10,0,9223372036800000000,240,0,10,0,0,7,0,1,1,0,0,3,1,0,3,20,0,2,0,2,0,1,-1,-1,-1,-1,0,10,-1,1,1,3,-1,-1,-1,0,0,-1,0,0,10,0,0,0,42.8
1,0,0,0,-1,0,1,0,1,0,5,0,2,1,0,1,-1,0,2,2,0,3,0,1,50,0,9223372036800000000,0,0,10,0,0,7,0,1,1,0,0,3,1,0,1,1000,2,4,3,2,0,1,-1,-1,-1,2,0,10,-1,1,1,3,-1,-1,-1,0,0,-1,2,0,10,0,0,0,29.37
1,0,0,0,-1,0,1,3,0,0,0,0,0,3,1,2,-1,-1,0,-1,0,3,0,1,50,0,9223372036800000000,10,0,10,0,0,7,0,0,1,0,0,0,1,0,3,0,0,0,0,2,0,1,-1,-1,-1,-1,0,10,-1,1,1,3,-1,-1,-1,0,0,1,0,0,10,0,0,0,33.65
1,0,0,0,-1,0,1,1,0,0,0,0,2,1,0,-1,2,1,-1,1,1,3,0,-1,150,0,9223372036800000000,0,0,10,0,0,7,0,1,1,0,0,3,1,0,3,0,0,0,0,2,0,1,-1,-1,-1,-1,0,10,-1,1,1,3,-1,-1,-1,0,0,1,0,0,10,0,0,0,35.23
1,0,0,0,-1,0,1,4,0,0,0,0,0,0,0,2,2,1,2,0,2,3,0,-1,50,0,9223372036800000000,1e+75,0,10,0,0,7,0,0,1,0,0,1,1,0,0,0,0,0,0,2,0,1,-1,-1,-1,-1,0,10,-1,1,1,3,-1,-1,-1,0,0,1,0,0,10,0,0,0,33.37
1,0,0,0,-1,0,1,3,0,0,0,0,-1,-1,-1,0,1,2,-1,2,-1,3,0,-1,50,0,9223372036800000000,20,0,10,0,0,7,0,2,1,0,0,2,1,0,1,0,0,0,3,2,0,1,-1,-1,-1,-1,0,10,-1,1,1,3,-1,-1,-1,0,0,1,0,0,10,0,0,0,42.58
1,0,0,0,-1,0,1,4,0,0,0,0,0,0,0,0,2,1,1,-1,2,3,0,-1,150,0,9223372036800000000,1e+75,0,10,0,0,7,0,0,1,0,0,1,1,0,0,0,0,0,0,2,0,1,-1,-1,-1,-1,0,10,-1,1,1,3,-1,-1,-1,0,0,1,0,0,10,0,0,0,33.37
1,0,0,0,-1,0,1,0,0,0,0,0,-1,-1,-1,0,1,2,-1,2,-1,3,0,-1,400,0,9223372036800000000,20,0,10,0,0,7,0,1,1,0,0,2,1,0,1,0,0,0,3,2,0,1,-1,-1,-1,-1,0,10,-1,1,1,3,-1,-1,-1,0,0,1,0,0,10,0,0,0,42.68
1,0,0,0,-1,0,1,4,0,0,0,0,0,0,0,0,2,0,1,-1,2,3,0,-1,10,0,9223372036800000000,1e+75,0,10,0,0,7,0,0,1,0,0,1,1,0,0,0,0,0,0,2,0,1,-1,-1,-1,-1,0,10,-1,1,1,3,-1,-1,-1,0,0,1,0,0,10,0,0,0,33.37
1,0,0,0,-1,0,1,4,0,0,0,0,1,1,1,0,1,0,0,1,0,3,0,1,25,0,9223372036800000000,1,0,10,0,0,7,0,1,1,0,0,0,1,0,2,100,3,0,4,2,0,1,-1,-1,-1,-1,0,10,-1,1,1,3,-1,-1,-1,0,0,1,0,0,10,0,0,0,42.56
1,0,0,0,-1,0,1,3,0,0,0,0,3,0,1,0,1,1,-1,2,-1,3,0,-1,800,0,9223372036800000000,0,0,10,0,0,7,0,1,1,0,0,0,1,0,3,0,0,0,-1,2,0,1,-1,-1,-1,-1,0,10,-1,1,1,3,-1,-1,-1,0,0,1,0,0,10,0,0,0,35.23
1,0,0,0,-1,0,1,3,0,0,0,0,3,0,-1,0,-1,2,-1,-1,0,3,0,-1,100,0,9223372036800000000,1e+75,0,10,0,0,7,0,0,1,0,0,1,1,0,0,0,0,0,0,2,0,1,-1,-1,-1,-1,0,10,-1,1,1,3,-1,-1,-1,0,0,1,0,0,10,0,0,0,34.02
1,0,0,0,-1,0,1,0,0,0,0,0,0,0,0,0,0,0,0,0,0,3,0,-1,150,0,9223372036800000000,1e+75,0,10,0,0,7,0,0,1,0,0,1,1,0,0,40,0,0,0,2,0,1,-1,-1,-1,-1,0,10,-1,1,1,3,-1,-1,-1,0,0,1,0,0,10,0,0,0,33.3
1,0,0,0,-1,0,1,4,0,0,0,0,1,0,1,0,0,-1,2,1,2,3,0,4,25,0,9223372036800000000,120,0,10,0,0,7,0,2,1,0,0,2,1,0,-1,20,3,0,0,2,0,1,-1,-1,-1,-1,0,10,-1,1,1,3,-1,-1,-1,0,0,1,0,0,10,0,0,0,33.57
1,0,0,0,-1,0,1,3,0,0,0,0,3,0,1,2,2,2,0,2,-1,3,0,-1,100,0,9223372036800000000,1e+75,0,10,0,0,7,0,0,1,0,0,1,1,0,-1,0,0,0,0,2,0,1,-1,-1,-1,-1,0,10,-1,1,1,3,-1,-1,-1,0,0,1,0,0,10,0,0,0,33.69
1,0,0,0,-1,0,1,1,0,0,0,0,3,0,-1,1,1,1,2,-1,1,3,0,16,400,0,9223372036800000000,1e+75,0,10,0,0,7,0,2,1,0,0,1,1,0,-1,100,5,0,-1,2,0,1,-1,-1,-1,-1,0,10,-1,1,1,3,-1,-1,-1,0,0,1,0,0,10,4,0,0,34.88
1,0,0,0,-1,0,1,0,0,0,0,0,0,0,0,0,0,0,0,1,0,3,0,-1,200,0,9223372036800000000,1e+75,0,10,0,0,7,0,0,1,0,0,1,1,0,0,0,0,0,0,2,0,1,-1,-1,-1,-1,0,10,-1,1,1,3,-1,-1,-1,0,0,1,0,0,10,0,0,0,33.48
1,0,0,0,-1,0,1,0,0,0,0,0,2,0,-1,2,2,-1,-1,2,0,3,0,-1,200,0,9223372036800000000,1e+75,0,10,0,0,7,0,0,1,0,0,1,1,0,0,0,0,0,0,2,0,1,-1,-1,-1,-1,0,10,-1,1,1,3,-1,-1,-1,0,0,1,0,0,10,0,0,0,33.48
1,0,0,0,-1,0,1,2,0,0,0,0,3,0,1,0,-1,1,2,-1,0,3,0,-1,100,0,9223372036800000000,1e+75,0,10,0,0,7,0,0,1,0,0,1,1,0,0,0,0,0,0,2,0,1,-1,-1,-1,-1,0,10,-1,1,1,3,-1,-1,-1,0,0,1,0,0,10,0,0,0,33.37
1,0,0,0,-1,0,1,2,0,0,0,0,3,-1,-1,2,2,-1,1,2,-1,3,0,-1,25,0,9223372036800000000,0,0,10,0,0,7,0,2,1,0,0,1,1,0,0,0,0,0,0,2,0,1,-1,-1,-1,-1,0,10,-1,1,1,3,-1,-1,-1,0,0,1,0,0,10,0,0,0,33.48
1,0,0,0,-1,0,1,0,0,0,0,0,0,0,0,0,0,0,0,0,0,3,0,-1,200,0,9223372036800000000,1e+75,0,10,0,0,7,0,0,1,0,0,1,1,0,2,60,0,0,0,2,0,1,-1,-1,-1,-1,0,10,-1,1,1,3,-1,-1,-1,0,0,1,0,0,10,0,0,0,33.09
1,0,0,0,-1,0,1,4,0,0,0,0,1,0,-1,2,1,1,2,2,-1,3,0,-1,50,0,9223372036800000000,1e+75,0,10,0,0,7,0,0,1,0,0,1,1,0,-1,0,0,0,0,2,0,1,-1,-1,-1,-1,0,10,-1,1,1,3,-1,-1,-1,0,0,1,0,0,10,0,0,0,33.37
1,0,0,0,-1,0,1,4,0,0,0,0,1,0,0,0,0,0,-1,1,2,3,0,-1,25,0,9223372036800000000,1e+75,0,10,0,0,7,0,0,1,0,0,1,1,0,0,0,0,0,0,2,0,1,-1,-1,-1,-1,0,10,-1,1,1,3,-1,-1,-1,0,0,1,0,0,10,0,0,0,33.37
1,0,0,0,-1,0,1,4,0,0,0,0,-1,2,0,1,1,0,1,-1,-1,3,0,4,200,0,9223372036800000000,5,0,10,0,0,7,0,1,1,0,0,3,1,0,2,60,0,0,0,2,0,1,-1,-1,-1,-1,0,10,-1,1,1,3,-1,-1,-1,0,0,1,0,0,10,0,0,0,42.75
1,0,0,0,-1,0,1,2,0,0,0,0,3,0,1,0,1,-1,2,-1,0,3,0,-1,150,0,9223372036800000000,1e+75,0,10,0,0,7,0,0,1,0,0,1,1,0,0,0,0,0,0,2,0,1,-1,-1,-1,-1,0,10,-1,1,1,3,-1,-1,-1,0,0,1,0,0,10,0,0,0,33.48
1,0,0,0,-1,0,1,2,0,0,0,0,3,0,0,0,-1,-1,0,-1,0,3,0,-1,400,0,9223372036800000000,1e+75,0,10,0,0,7,0,0,1,0,0,1,1,0,0,0,0,0,0,2,0,1,-1,-1,-1,-1,0,10,-1,1,1,3,-1,-1,-1,0,0,1,0,0,10,0,0,0,33.48
1,0,0,0,-1,0,1,5,0,0,0,0,2,0,0,0,1,2,0,2,0,3,0,-1,10,0,9223372036800000000,1e+75,0,10,0,0,7,0,0,1,0,0,1,1,0,0,0,0,0,0,2,0,1,-1,-1,-1,-1,0,10,-1,1,1,3,-1,-1,-1,0,0,1,0,0,10,0,0,0,38.65
1,0,0,0,-1,0,1,0,0,0,0,0,2,0,0,1,0,2,-1,1,1,3,0,-1,10,0,9223372036800000000,30,0,10,0,0,7,0,3,1,0,0,2,1,0,2,0,0,0,4,2,0,1,-1,-1,-1,-1,0,10,-1,1,1,3,-1,-1,-1,0,0,1,0,0,10,0,0,0,33.13
1,0,0,0,-1,0,1,2,1,0,4,0,3,1,0,0,-1,2,2,0,1,3,0,2,50,0,9223372036800000000,1,0,10,0,0,7,0,1,1,0,0,1,1,0,3,100,3,4,3,2,0,1,-1,-1,2,-1,0,10,-1,1,1,3,-1,-1,-1,0,0,-1,0,0,10,0,0,0,35.46
1,0,0,0,-1,0,1,3,0,0,0,0,3,3,0,2,2,2,2,2,1,3,0,-1,100,0,9223372036800000000,1e+75,0,10,0,0,7,0,2,1,0,0,3,1,0,0,0,0,0,1,2,0,1,-1,-1,-1,-1,0,10,-1,1,1,3,-1,-1,-1,0,0,1,0,0,10,0,0,0,34.02
1,0,0,0,-1,0,1,4,0,0,0,0,0,0,1,-1,2,-1,-1,0,1,3,0,-1,150,0,9223372036800000000,1e+75,0,10,0,0,7,0,0,1,0,0,1,1,0,0,0,0,0,0,2,0,1,-1,-1,-1,-1,0,10,-1,1,1,3,-1,-1,-1,0,0,1,0,0,10,0,0,0,33.48
1,0,0,0,-1,0,1,3,0,0,0,0,1,0,-1,-1,0,2,1,2,0,3,0,-1,25,0,9223372036800000000,1e+75,0,10,0,0,7,0,0,1,0,0,1,1,0,0,0,0,0,0,2,0,1,-1,-1,-1,-1,0,10,-1,1,1,3,-1,-1,-1,0,0,1,0,0,10,0,0,0,33.75
1,0,0,0,-1,0,1,0,0,0,0,0,-1,1,0,-1,-1,2,2,1,0,3,0,-1,50,0,9223372036800000000,1,0,10,0,0,7,0,1,1,0,0,0,1,0,2,-1,0,0,4,2,0,1,-1,-1,-1,-1,0,10,-1,1,1,3,-1,-1,-1,0,0,1,0,0,10,0,0,0,42.29
1,0,0,0,-1,0,1,0,0,0,0,0,-1,0,-1,1,-1,-1,-1,1,0,3,0,-1,400,0,9223372036800000000,60,0,10,0,0,7,0,2,1,0,0,1,1,0,0,0,0,0,0,2,0,1,-1,-1,-1,-1,0,10,-1,1,1,3,-1,-1,-1,0,0,1,0,0,10,0,0,0,42.6
1,0,0,0,-1,0,1,0,0,0,0,0,2,0,-1,0,0,-1,0,-1,-1,3,0,8,100,0,9223372036800000000,50,0,10,0,0,7,0,3,1,0,0,3,1,0,1,-1,0,0,2,2,0,1,-1,-1,-1,-1,0,10,-1,1,1,3,-1,-1,-1,0,0,1,0,0,10,0,0,0,33.48
1,0,0,0,-1,0,1,0,0,0,0,0,1,0,-1,1,0,-1,2,2,2,3,0,-1,25,0,9223372036800000000,1e+75,0,10,0,0,7,0,0,1,0,0,1,1,0,1,0,0,0,0,2,0,1,-1,-1,-1,-1,0,10,-1,1,1,3,-1,-1,-1,0,0,1,0,0,10,0,0,0,33.48
1,0,0,0,-1,0,1,0,0,0,0,0,0,0,0,0,0,0,0,0,0,3,0,-1,150,0,9223372036800000000,1,0,10,0,0,7,0,0,1,40,0,1,1,0,2,-1,0,0,0,2,0,1,-1,-1,-1,-1,0,10,-1,1,1,3,-1,-1,-1,0,0,1,0,0,10,0,0,0,32.92
1,0,0,0,-1,0,1,1,0,0,0,0,3,0,-1,1,1,1,2,-1,1,3,0,16,400,0,9223372036800000000,1e+75,0,10,0,0,7,0,2,1,0,0,1,1,0,-1,100,5,0,-1,2,0,1,-1,-1,-1,-1,0,10,-1,1,1,3,-1,-1,-1,0,0,1,3,0,10,0,0,0,45.19
1,0,0,0,-1,0,1,4,0,0,0,0,-1,1,0,-1,1,1,1,2,-1,3,0,8,800,0,9223372036800000000,10,0,10,0,0,7,0,0,1,0,0,0,1,0,3,40,6,0,1,2,0,1,-1,-1,-1,-1,0,10,-1,1,1,3,-1,-1,-1,0,0,1,0,0,10,0,0,0,42.77
1,0,0,0,-1,0,1,0,0,0,0,0,1,0,-1,0,-1,0,2,1,-1,3,0,-1,200,0,9223372036800000000,5,0,10,0,0,7,0,0,1,0,0,1,1,0,2,0,0,0,0,2,0,1,-1,-1,-1,-1,0,10,-1,1,1,3,-1,-1,-1,0,0,1,0,0,10,0,0,0,33.13
1,0,0,0,-1,0,1,0,0,0,0,0,2,0,-1,2,2,-1,0,2,0,3,0,-1,200,0,9223372036800000000,1e+75,0,10,0,0,7,0,0,1,0,0,1,1,0,0,0,0,0,0,2,0,1,-1,-1,-1,-1,0,10,-1,1,1,3,-1,-1,-1,0,0,1,0,0,10,0,0,0,33.48
1,0,0,0,-1,0,1,2,1,0,5,0,3,2,1,0,-1,-1,1,0,2,3,0,16,50,0,9223372036800000000,240,0,10,0,0,7,0,2,1,0,0,3,1,0,2,20,1,2,3,2,0,1,-1,-1,0,-1,0,10,-1,1,1,3,-1,-1,-1,0,0,1,0,0,10,0,0,0,32.17
1,0,0,0,-1,0,1,3,0,0,0,0,3,3,0,2,-1,2,2,0,1,3,0,-1,10,0,9223372036800000000,1e+75,0,10,0,0,7,0,2,1,0,0,3,1,0,0,0,0,0,1,2,0,1,-1,-1,-1,-1,0,10,-1,1,1,3,-1,-1,-1,0,0,1,0,0,10,0,0,0,33.75
1,0,0,0,-1,0,1,5,0,0,0,0,1,1,-1,0,-1,0,-1,0,-1,3,0,16,100,0,9223372036800000000,10,0,10,0,0,7,0,3,1,0,0,2,1,0,1,-1,2,1,0,2,0,1,-1,-1,-1,-1,0,10,-1,1,1,3,-1,-1,-1,0,0,1,4,0,10,0,0,0,42.79
1,0,0,0,-1,0,1,5,0,0,0,0,2,0,1,1,0,1,1,2,2,3,0,-1,100,0,9223372036800000000,1e+75,0,10,0,0,7,0,0,1,0,0,1,1,0,0,0,0,0,0,2,0,1,-1,-1,-1,-1,0,10,-1,1,1,3,-1,-1,-1,0,0,1,0,0,10,0,0,0,38.65
1,0,0,0,-1,0,1,0,0,0,0,0,-1,0,-1,-1,0,-1,2,0,2,3,0,-1,800,0,9223372036800000000,1e+75,0,10,0,0,7,0,0,1,0,0,1,1,0,0,0,0,0,0,2,0,1,-1,-1,-1,-1,0,10,-1,1,1,3,-1,-1,-1,0,0,1,0,0,10,0,0,0,42.6
1,0,0,0,-1,0,1,3,0,0,0,0,-1,0,1,-1,0,1,2,2,2,3,0,-1,800,0,9223372036800000000,1e+75,0,10,0,0,7,0,0,1,0,0,1,1,0,0,0,0,0,0,2,0,1,-1,-1,-1,-1,0,10,-1,1,1,3,-1,-1,-1,0,0,1,0,0,10,0,0,0,42.74
1,0,0,0,-1,0,1,4,0,0,0,0,0,0,1,0,2,2,-1,0,1,3,0,-1,150,0,9223372036800000000,1e+75,0,10,0,0,7,0,0,1,0,0,1,1,0,0,0,0,0,0,2,0,1,-1,-1,-1,-1,0,10,-1,1,1,3,-1,-1,-1,0,0,1,0,0,10,0,0,0,33.64
1,0,0,0,-1,0,1,1,0,0,3,0,3,3,0,-1,-1,1,-1,1,1,3,0,16,25,0,9223372036800000000,5,0,10,0,0,7,0,2,1,0,0,0,1,0,1,0,5,2,3,2,0,1,-1,-1,3,2,0,10,-1,1,1,3,-1,-1,-1,0,0,-1,4,0,10,0,0,0,34.94
1,0,0,0,-1,0,1,4,0,0,0,0,0,0,1,2,1,-1,1,1,0,3,0,-1,400,0,9223372036800000000,1e+75,0,10,0,0,7,0,0,1,0,0,1,1,0,0,0,0,0,0,2,0,1,-1,-1,-1,-1,0,10,-1,1,1,3,-1,-1,-1,0,0,1,0,0,10,0,0,0,33.48
1,0,0,0,-1,0,1,5,0,0,0,0,-1,-1,-1,-1,0,1,-1,1,0,3,0,-1,150,0,9223372036800000000,1,0,10,0,0,7,0,1,1,0,0,1,1,0,0,0,0,0,3,2,0,1,-1,-1,-1,-1,0,10,-1,1,1,3,-1,-1,-1,0,0,1,0,0,10,0,0,0,42.72
1,0,0,0,-1,0,1,4,0,0,0,0,1,-1,-1,-1,2,2,-1,2,-1,3,0,-1,10,0,9223372036800000000,5,0,10,0,0,7,0,3,1,0,0,0,1,0,1,0,0,0,0,2,0,1,-1,-1,-1,-1,0,10,-1,1,1,3,-1,-1,-1,0,0,1,0,0,10,0,0,0,33.51
1,0,0,0,-1,0,1,0,0,0,0,0,0,0,0,0,0,0,0,0,0,3,0,-1,150,0,9223372036800000000,1,0,10,0,0,10,0,0,1,0,0,1,1,0,2,-1,0,0,0,2,0,1,-1,-1,-1,-1,0,10,-1,1,1,3,-1,-1,-1,0,0,1,0,0,10,0,0,0,32.92
1,0,0,0,-1,0,1,4,0,0,0,0,0,0,1,-1,2,2,-1,0,2,3,0,-1,150,0,9223372036800000000,1e+75,0,10,0,0,7,0,0,1,0,0,1,1,0,0,0,0,0,0,2,0,1,-1,-1,-1,-1,0,10,-1,1,1,3,-1,-1,-1,0,0,1,0,0,10,0,0,0,33.64
1,0,0,0,-1,0,1,2,1,0,5,0,3,2,1,0,-1,-1,1,0,2,3,0,2,50,0,9223372036800000000,240,0,10,0,0,7,0,2,1,0,0,3,1,0,2,20,0,3,3,2,0,1,-1,-1,3,-1,0,10,-1,1,1,3,-1,-1,-1,0,0,1,1,0,10,0,0,0,38.72
1,0,0,0,-1,0,1,0,0,0,0,0,3,-1,1,2,-1,0,-1,1,-1,3,0,-1,50,0,9223372036800000000,0,0,10,0,0,7,0,3,1,0,0,0,1,0,-1,100,0,0,-1,2,0,1,-1,-1,-1,-1,0,10,-1,1,1,3,-1,-1,-1,0,0,1,0,0,10,0,0,0,33.27
1,0,0,0,-1,0,1,5,0,0,0,0,2,0,0,0,-1,2,0,2,0,3,0,-1,25,0,9223372036800000000,1e+75,0,10,0,0,7,0,0,1,0,0,1,1,0,0,0,0,0,0,2,0,1,-1,-1,-1,-1,0,10,-1,1,1,3,-1,-1,-1,0,0,1,0,0,10,0,0,0,38.65
1,0,0,0,-1,0,1,3,1,0,0,0,1,0,0,0,0,0,1,0,1,3,0,4,50,0,9223372036800000000,0,0,10,0,0,7,0,3,1,0,0,0,1,0,-1,100,3,5,2,2,0,1,-1,-1,-1,-1,0,10,-1,1,1,3,-1,-1,-1,0,0,1,2,0,10,0,0,0,24.42
1,0,0,0,-1,0,1,0,0,0,0,0,2,0,0,-1,0,2,-1,1,1,3,0,-1,10,0,9223372036800000000,30,0,10,0,0,7,0,3,1,0,0,3,1,0,2,0,0,0,4,2,0,1,-1,-1,-1,-1,0,10,-1,1,1,3,-1,-1,-1,0,0,1,0,0,10,0,0,0,33.13
1,0,0,0,-1,0,1,0,0,0,0,0,-1,0,-1,1,-1,-1,2,-1,0,3,0,-1,400,0,9223372036800000000,60,0,10,0,0,7,0,3,1,0,0,1,1,0,0,0,0,0,0,2,0,1,-1,-1,-1,-1,0,10,-1,1,1,3,-1,-1,-1,0,0,1,0,0,10,0,0,0,42.4
1,0,0,0,-1,0,1,4,0,0,0,0,3,0,0,1,2,0,2,2,2,3,0,4,50,0,9223372036800000000,30,0,10,0,0,7,0,0,1,0,0,2,1,0,0,1000,0,0,-1,2,0,1,-1,-1,-1,-1,0,10,-1,1,1,3,-1,-1,-1,0,0,1,0,0,10,0,0,0,33.44
1,0,0,0,-1,0,1,2,0,0,3,0,2,0,1,2,-1,2,0,2,2,3,0,8,25,0,9223372036800000000,2,0,10,0,0,7,0,0,1,0,0,3,1,0,2,40,3,3,-1,2,0,1,-1,-1,2,3,0,10,-1,1,1,3,-1,-1,-1,0,0,0,3,0,10,0,0,0,42.92
1,0,0,0,-1,0,1,5,0,0,0,0,0,0,0,0,0,0,0,0,0,3,0,-1,150,0,9223372036800000000,1e+75,0,10,0,0,7,0,0,1,0,0,1,1,0,0,0,0,0,0,2,0,1,-1,-1,-1,-1,0,10,-1,1,1,3,-1,-1,-1,0,0,1,0,0,10,0,0,0,38.65
1,0,0,0,-1,0,1,0,0,0,0,0,0,0,0,0,0,0,0,0,0,3,0,-1,50,0,9223372036800000000,240,0,10,0,0,7,0,0,1,0,0,0,1,0,2,60,0,0,0,2,0,1,-1,-1,-1,-1,0,10,-1,1,1,3,-1,-1,-1,0,0,1,0,0,10,0,0,0,32.88
1,0,0,0,-1,0,1,1,0,0,0,0,2,1,0,-1,2,1,0,1,1,3,0,-1,150,0,9223372036800000000,2,0,10,0,0,7,0,1,1,0,0,3,1,0,3,0,0,0,0,2,0,1,-1,-1,-1,-1,0,10,-1,1,1,3,-1,-1,-1,0,0,1,0,0,10,0,0,0,35.23
1,0,0,0,-1,0,1,3,0,0,0,0,2,0,0,1,-1,2,0,2,1,3,0,-1,10,0,9223372036800000000,1e+75,0,10,0,0,7,0,0,1,0,0,1,1,0,0,0,0,0,0,2,0,1,-1,-1,-1,-1,0,10,-1,1,1,3,-1,-1,-1,0,0,1,0,0,10,0,0,0,33.75
1,0,0,0,-1,0,1,0,0,0,0,0,2,0,-1,0,0,-1,0,-1,-1,3,0,8,100,0,9223372036800000000,20,0,10,0,0,7,0,3,1,0,0,3,1,0,1,-1,0,0,2,2,0,1,-1,-1,-1,-1,0,10,-1,1,1,3,-1,-1,-1,0,0,1,0,0,10,0,0,0,33.48
1,0,0,0,-1,0,1,3,0,0,0,0,-1,2,1,-1,-1,2,2,-1,2,3,0,-1,25,0,9223372036800000000,0,0,10,0,0,7,0,3,1,0,0,0,1,0,0,1000,0,0,2,2,0,1,-1,-1,-1,-1,0,10,-1,1,1,3,-1,-1,-1,0,0,1,0,0,10,0,0,0,42.52
1,0,0,0,-1,0,1,4,0,0,0,0,0,0,1,2,1,-1,1,0,2,3,0,-1,400,0,9223372036800000000,1e+75,0,10,0,0,7,0,0,1,0,0,1,1,0,0,0,0,0,0,2,0,1,-1,-1,-1,-1,0,10,-1,1,1,3,-1,-1,-1,0,0,1,0,0,10,0,0,0,33.48
1,0,0,0,-1,0,1,0,0,0,0,0,0,0,0,0,-1,0,0,0,0,3,0,-1,150,0,9223372036800000000,1e+75,0,10,0,0,7,0,0,1,0,0,1,1,0,0,0,0,0,0,2,0,1,-1,-1,-1,-1,0,10,-1,1,1,3,-1,-1,-1,0,0,1,0,0,10,0,0,0,33.37
1,0,0,0,-1,0,1,3,0,0,0,0,0,3,-1,-1,2,-1,1,1,1,3,0,8,25,0,9223372036800000000,40,0,10,0,0,7,0,3,1,0,0,1,1,0,3,200,1,0,3,2,0,1,-1,-1,-1,-1,0,10,-1,1,1,3,-1,-1,-1,0,0,1,0,0,10,0,0,0,36.3
1,0,0,0,-1,0,1,4,0,0,0,0,1,-1,-1,2,2,2,-1,2,-1,3,0,-1,10,0,9223372036800000000,0,0,10,0,0,7,0,3,1,0,0,0,1,0,1,0,0,0,0,2,0,1,-1,-1,-1,-1,0,10,-1,1,1,3,-1,-1,-1,0,0,1,0,0,10,0,0,0,33.48
1,0,0,0,-1,0,1,0,0,0,0,0,0,0,0,0,0,0,0,0,0,3,0,-1,150,0,9223372036800000000,1e+75,0,10,0,0,7,0,0,1,0,0,1,1,0,2,0,0,0,4,2,0,1,-1,-1,-1,-1,0,10,-1,1,1,3,-1,-1,-1,0,0,1,0,0,10,0,0,0,33.18
1,0,0,0,-1,0,1,5,0,0,0,0,2,0,0,0,-1,0,0,2,0,3,0,-1,10,0,9223372036800000000,1e+75,0,10,0,0,7,0,0,1,0,0,1,1,0,0,0,0,0,0,2,0,1,-1,-1,-1,-1,0,10,-1,1,1,3,-1,-1,-1,0,0,1,0,0,10,0,0,0,38.65
1,0,0,0,-1,0,1,4,0,0,0,0,-1,3,0,2,1,2,2,1,2,3,0,-1,400,0,9223372036800000000,10,0,10,0,0,7,0,3,1,0,0,0,1,0,1,0,0,0,-1,2,0,1,-1,-1,-1,-1,0,10,-1,1,1,3,-1,-1,-1,0,0,1,0,0,10,0,0,0,42.71
1,0,0,0,-1,0,1,3,0,0,0,0,3,0,0,-1,2,-1,0,2,1,3,0,16,800,0,9223372036800000000,1,0,10,0,0,7,0,3,1,0,0,1,1,0,1,200,0,0,4,2,0,1,-1,-1,-1,-1,0,10,-1,1,1,3,-1,-1,-1,0,0,1,0,0,10,0,0,0,36.56
1,0,0,0,-1,0,1,3,0,0,0,0,3,0,1,0,1,1,-1,2,-1,3,0,-1,800,0,9223372036800000000,0,0,10,0,0,7,0,2,1,0,0,1,1,0,3,0,0,0,-1,2,0,1,-1,-1,-1,-1,0,10,-1,1,1,3,-1,-1,-1,0,0,1,0,0,10,0,0,0,35.23
1,0,0,0,-1,0,1,5,0,0,0,0,0,2,0,2,1,0,0,2,0,3,0,-1,800,0,9223372036800000000,240,0,10,0,0,7,0,1,1,0,0,3,1,0,0,40,0,0,3,2,0,1,-1,-1,-1,-1,0,10,-1,1,1,3,-1,-1,-1,0,0,1,0,0,10,0,0,0,38.65
1,0,0,0,-1,0,1,1,1,0,1,0,1,1,1,2,0,1,2,1,2,3,0,4,25,0,9223372036800000000,0,0,10,0,0,7,0,0,1,0,0,3,1,0,1,1000,6,3,0,2,0,1,-1,-1,3,3,0,10,-1,1,1,3,-1,-1,-1,0,0,1,3,0,10,0,0,0,34.8
1,0,0,0,-1,0,1,0,0,0,0,0,0,3,-1,-1,-1,1,2,-1,2,3,0,-1,400,0,9223372036800000000,0,0,10,0,0,7,0,3,1,0,0,0,1,0,2,0,0,0,2,2,0,1,-1,-1,-1,-1,0,10,-1,1,1,3,-1,-1,-1,0,0,1,0,0,10,0,0,0,33.26
1,0,0,0,-1,0,1,4,1,0,3,0,0,1,0,2,2,2,0,1,-1,3,0,8,200,0,9223372036800000000,20,0,10,0,0,7,0,0,1,0,0,0,1,0,2,40,1,0,4,2,0,1,-1,-1,2,-1,0,10,-1,1,1,3,-1,-1,-1,0,0,0,4,0,10,0,0,0,32.17
1,0,0,0,-1,0,1,3,0,0,0,0,2,0,0,1,-1,2,0,1,1,3,0,-1,200,0,9223372036800000000,1e+75,0,10,0,0,7,0,0,1,0,0,1,1,0,0,0,0,0,0,2,0,1,-1,-1,-1,-1,0,10,-1,1,1,3,-1,-1,-1,0,0,1,0,0,10,0,0,0,34.02
1,0,0,0,-1,0,1,0,0,0,0,0,0,0,0,0,0,0,-1,0,0,3,0,-1,200,0,9223372036800000000,1e+75,0,10,0,0,7,0,0,1,0,0,1,1,0,0,0,0,0,0,2,0,1,-1,-1,-1,-1,0,10,-1,1,1,3,-1,-1,-1,0,0,1,0,0,10,0,0,0,33.48
1,0,0,0,-1,0,1,4,0,0,0,0,0,0,1,2,1,-1,2,0,0,3,0,-1,400,0,9223372036800000000,1e+75,0,10,0,0,7,0,0,1,0,0,1,1,0,0,0,0,0,0,2,0,1,-1,-1,-1,-1,0,10,-1,1,1,3,-1,-1,-1,0,0,1,0,0,10,0,0,0,33.48
1,0,0,0,-1,0,1,3,0,0,0,0,-1,0,1,0,2,2,0,1,0,3,0,16,25,0,9223372036800000000,30,0,10,0,0,7,0,2,1,0,0,0,1,0,1,40,6,0,0,2,0,1,-1,-1,-1,-1,0,10,-1,1,1,3,-1,-1,-1,0,0,1,5,0,10,0,0,0,42.49
1,0,0,0,-1,0,1,3,0,0,0,0,2,0,0,1,2,2,0,1,1,3,0,-1,10,0,9223372036800000000,1e+75,0,10,0,0,7,0,0,1,0,0,1,1,0,0,0,0,0,0,2,0,1,-1,-1,-1,-1,0,10,-1,1,1,3,-1,-1,-1,0,0,1,0,0,10,0,0,0,33.75
1,0,0,0,-1,0,1,0,0,0,0,0,-1,0,-1,1,-1,-1,2,1,0,3,0,-1,400,0,9223372036800000000,0,0,10,0,0,7,0,2,1,0,0,1,1,0,0,0,0,0,0,2,0,1,-1,-1,-1,-1,0,10,-1,1,1,3,-1,-1,-1,0,0,1,0,0,10,0,0,0,42.6
1,0,0,0,-1,0,1,4,0,0,0,0,-1,0,1,0,0,1,2,1,2,3,0,-1,25,0,9223372036800000000,1e+75,0,10,0,0,7,0,0,1,0,0,1,1,0,0,0,0,0,0,2,0,1,-1,-1,-1,-1,0,10,-1,1,1,3,-1,-1,-1,0,0,1,0,0,10,0,0,0,42.28
1,0,0,0,-1,0,1,2,0,0,0,0,1,2,1,0,-1,-1,2,2,0,3,0,-1,400,0,9223372036800000000,30,0,10,0,0,7,0,3,1,0,0,0,1,0,2,0,0,0,0,2,0,1,-1,-1,-1,-1,0,10,-1,1,1,3,-1,-1,-1,0,0,1,0,0,10,0,0,0,33.13
1,0,0,0,-1,0,1,2,0,0,0,0,3,2,-1,2,2,-1,0,2,-1,3,0,-1,25,0,9223372036800000000,0,0,10,0,0,7,0,2,1,0,0,1,1,0,0,0,0,0,0,2,0,1,-1,-1,-1,-1,0,10,-1,1,1,3,-1,-1,-1,0,0,1,0,0,10,0,0,0,33.48
1,0,0,0,-1,0,1,4,0,0,0,0,0,1,1,0,1,1,0,2,-1,3,0,2,150,0,9223372036800000000,120,0,10,0,0,7,0,1,1,0,0,2,1,0,2,20,0,0,3,2,0,1,-1,-1,-1,-1,0,10,-1,1,1,3,-1,-1,-1,0,0,1,0,0,10,0,0,0,32.92
1,0,0,0,-1,0,1,1,0,0,4,0,0,0,1,0,1,0,1,0,2,3,0,16,100,0,9223372036800000000,40,0,10,0,0,7,0,2,1,0,0,1,1,0,-1,500,6,0,4,2,0,1,-1,-1,3,0,0,10,-1,1,1,3,-1,-1,-1,0,0,1,2,0,10,0,0,0,35.21
1,0,0,0,-1,0,1,0,0,0,0,0,0,0,-1,2,-1,0,2,2,-1,3,0,-1,100,0,9223372036800000000,1e+75,0,10,0,0,7,0,0,1,0,0,1,1,0,0,0,0,0,0,2,0,1,-1,-1,-1,-1,0,10,-1,1,1,3,-1,-1,-1,0,0,1,0,0,10,0,0,0,33.37
1,0,0,0,-1,0,1,4,0,0,0,0,0,0,1,-1,-1,2,-1,0,1,3,0,-1,150,0,9223372036800000000,1e+75,0,10,0,0,7,0,0,1,0,0,1,1,0,0,0,0,0,0,2,0,1,-1,-1,-1,-1,0,10,-1,1,1,3,-1,-1,-1,0,0,1,0,0,10,0,0,0,33.64
1,0,0,0,-1,0,1,4,0,0,0,0,0,0,0,-1,2,-1,2,1,0,3,0,-1,100,0,9223372036800000000,120,0,10,0,0,7,0,1,1,0,0,1,1,0,2,-1,0,0,0,2,0,1,-1,-1,-1,-1,0,10,-1,1,1,3,-1,-1,-1,0,0,1,0,0,10,0,0,0,33.03
1,0,0,0,-1,0,1,1,1,0,1,0,1,1,1,2,0,1,2,1,2,3,0,4,400,0,9223372036800000000,0,0,10,0,0,7,0,0,1,0,0,3,1,0,1,1000,6,0,0,2,0,1,-1,-1,1,3,0,10,-1,1,1,3,-1,-1,-1,0,0,1,3,0,10,0,0,0,33.96
1,0,0,0,-1,0,1,1,0,0,0,0,2,1,1,-1,2,2,2,2,1,3,0,8,10,0,9223372036800000000,20,0,10,0,0,7,0,1,1,0,0,2,1,0,0,1000,6,2,4,2,0,1,-1,-1,-1,-1,0,10,-1,1,1,3,-1,-1,-1,0,0,1,1,0,10,0,0,0,38.67
1,0,0,0,-1,0,1,0,0,0,0,0,0,3,-1,-1,-1,1,-1,-1,2,3,0,-1,50,0,9223372036800000000,0,0,10,0,0,7,0,3,1,0,0,0,1,0,2,0,0,0,2,2,0,1,-1,-1,-1,-1,0,10,-1,1,1,3,-1,-1,-1,0,0,1,0,0,10,0,0,0,33.18
1,0,0,0,-1,0,1,2,0,0,0,0,0,0,-1,1,0,1,-1,2,2,3,0,-1,150,0,9223372036800000000,1e+75,0,10,0,0,7,0,0,1,0,0,1,1,0,1,0,0,0,0,2,0,1,-1,-1,-1,-1,0,10,-1,1,1,3,-1,-1,-1,0,0,1,0,0,10,0,0,0,33.37
1,0,0,0,-1,0,1,5,0,0,0,0,1,0,-1,0,0,2,0,-1,-1,3,0,-1,800,0,9223372036800000000,1e+75,0,10,0,0,7,0,0,1,0,0,1,1,0,0,0,0,0,0,2,0,1,-1,-1,-1,-1,0,10,-1,1,1,3,-1,-1,-1,0,0,1,0,0,10,0,0,0,38.65
1,0,0,0,-1,0,1,5,0,0,0,0,0,0,1,1,1,1,1,0,1,3,0,-1,200,0,9223372036800000000,1e+75,0,10,0,0,7,0,0,1,0,0,1,1,0,0,0,0,0,0,2,0,1,-1,-1,-1,-1,0,10,-1,1,1,3,-1,-1,-1,0,0,1,0,0,10,0,0,0,38.65
1,0,0,0,-1,0,1,5,0,0,4,0,2,1,-1,0,-1,2,0,2,0,3,0,-1,50,0,9223372036800000000,20,0,10,0,0,7,0,0,1,0,0,2,1,0,2,1000,2,1,0,2,0,1,-1,-1,2,1,0,10,-1,1,1,3,-1,-1,-1,0,0,1,0,0,10,0,0,0,42.79
1,0,0,0,-1,0,1,2,0,0,0,0,-1,1,0,-1,2,-1,0,-1,0,3,0,-1,200,0,9223372036800000000,2,0,10,0,0,7,0,2,1,0,0,3,1,0,3,0,0,0,4,2,0,1,-1,-1,-1,-1,0,10,-1,1,1,3,-1,-1,-1,0,0,1,0,0,10,0,0,0,42.6
1,0,0,0,-1,0,1,3,0,0,0,0,-1,2,1,-1,-1,2,2,-1,2,3,0,-1,25,0,9223372036800000000,0,0,10,0,0,7,0,3,1,0,0,0,1,0,0,500,0,0,2,2,0,1,-1,-1,-1,-1,0,10,-1,1,1,3,-1,-1,-1,0,0,1,0,0,10,0,0,0,42.52
1,0,0,0,-1,0,1,0,0,0,0,0,3,2,0,1,2,1,-1,-1,1,3,0,-1,200,0,9223372036800000000,60,0,10,0,0,7,0,2,1,0,0,2,1,0,3,0,0,0,1,2,0,1,-1,-1,-1,-1,0,10,-1,1,1,3,-1,-1,-1,0,0,1,0,0,10,0,0,0,33.44
1,0,0,0,-1,0,1,3,0,0,0,0,0,0,0,0,1,0,2,1,0,3,0,4,200,0,9223372036800000000,5,0,10,0,0,7,0,0,1,0,0,1,1,0,-1,20,0,0,3,2,0,1,-1,-1,-1,-1,0,10,-1,1,1,3,-1,-1,-1,0,0,1,0,0,10,0,0,0,33.95
1,0,0,0,-1,0,1,4,0,0,0,0,-1,3,0,2,1,2,2,1,2,3,0,-1,400,0,9223372036800000000,10,0,10,0,0,7,0,3,1,0,0,0,1,0,0,0,0,0,3,2,0,1,-1,-1,-1,-1,0,10,-1,1,1,3,-1,-1,-1,0,0,1,0,0,10,0,0,0,42.71
1,0,0,0,-1,0,1,0,0,0,0,0,-1,0,-1,1,-1,-1,2,1,0,3,0,-1,400,0,9223372036800000000,60,0,10,0,0,7,0,3,1,0,0,1,1,0,0,0,0,0,0,2,0,1,-1,-1,-1,-1,0,10,-1,1,1,3,-1,-1,-1,0,0,1,0,0,10,0,0,0,42.4
1,0,0,0,-1,0,1,4,0,0,0,0,1,0,1,2,1,-1,2,-1,1,3,0,-1,150,0,9223372036800000000,1e+75,0,10,0,0,7,0,0,1,0,0,1,1,0,0,0,0,0,0,2,0,1,-1,-1,-1,-1,0,10,-1,1,1,3,-1,-1,-1,0,0,1,0,0,10,0,0,0,33.48
1,0,0,0,-1,0,1,3,1,0,3,0,1,-1,0,1,2,-1,2,0,0,3,0,4,800,0,9223372036800000000,20,0,10,0,0,7,0,3,1,0,0,2,1,0,3,200,5,1,-1,2,0,1,-1,-1,1,3,0,10,-1,1,1,3,-1,-1,-1,0,0,-1,2,0,10,0,0,0,34.44
1,0,0,0,-1,0,1,3,0,0,0,0,3,3,0,2,-1,1,2,2,1,3,0,-1,100,0,9223372036800000000,1e+75,0,10,0,0,7,0,2,1,0,0,2,1,0,-1,0,0,0,1,2,0,1,-1,-1,-1,-1,0,10,-1,1,1,3,-1,-1,-1,0,0,1,0,0,10,0,0,0,35.52
1,0,0,0,-1,0,1,1,0,0,0,0,1,3,1,0,0,1,0,2,0,3,0,-1,100,0,9223372036800000000,1e+75,0,10,0,0,7,0,3,1,0,0,1,1,0,-1,0,0,0,1,2,0,1,-1,-1,-1,-1,0,10,-1,1,1,3,-1,-1,-1,0,0,1,0,0,10,0,0,0,34.95
1,0,0,0,-1,0,1,5,0,0,0,0,1,1,-1,0,-1,0,-1,0,-1,3,0,16,100,0,9223372036800000000,10,0,10,0,0,7,0,3,1,0,0,2,1,0,1,-1,2,1,1,2,0,1,-1,-1,-1,-1,0,10,-1,1,1,3,-1,-1,-1,0,0,1,4,0,10,0,0,0,42.8
1,0,0,0,-1,0,1,0,0,0,0,0,0,3,1,1,2,-1,-1,0,2,3,0,4,25,0,9223372036800000000,50,0,10,0,0,7,0,2,1,0,0,3,1,0,3,200,1,5,1,2,0,1,-1,-1,-1,-1,0,10,-1,1,1,3,-1,-1,-1,0,0,1,0,0,10,0,0,0,34.29
1,0,0,0,-1,0,1,0,0,0,0,0,-1,-1,1,2,0,-1,2,0,0,3,0,-1,10,0,9223372036800000000,0,0,10,0,0,7,0,3,1,0,0,2,1,0,-1,0,0,0,2,2,0,1,-1,-1,-1,-1,0,10,-1,1,1,3,-1,-1,-1,0,0,1,0,0,10,0,0,0,33.38
1,0,0,0,-1,0,1,1,0,0,0,0,-1,0,-1,2,0,1,2,2,-1,3,0,-1,50,0,9223372036800000000,1e+75,0,10,0,0,7,0,0,1,0,0,1,1,0,3,0,0,0,0,2,0,1,-1,-1,-1,-1,0,10,-1,1,1,3,-1,-1,-1,0,0,1,0,0,10,0,0,0,42.51
1,0,0,0,-1,0,1,5,0,0,0,0,-1,-1,-1,-1,0,1,-1,1,0,3,0,-1,150,0,9223372036800000000,40,0,10,0,0,7,0,1,1,0,0,1,1,0,0,0,0,0,3,2,0,1,-1,-1,-1,-1,0,10,-1,1,1,3,-1,-1,-1,0,0,1,0,0,10,0,0,0,42.72
1,0,0,0,-1,0,1,5,0,0,0,0,2,0,0,1,-1,2,-1,1,1,3,0,-1,200,0,9223372036800000000,1e+75,0,10,0,0,7,0,0,1,0,0,1,1,0,0,0,0,0,0,2,0,1,-1,-1,-1,-1,0,10,-1,1,1,3,-1,-1,-1,0,0,1,0,0,10,0,0,0,38.65
1,0,0,0,-1,0,1,3,0,0,0,0,2,3,1,1,2,0,-1,2,0,3,0,1,10,0,9223372036800000000,60,0,10,0,0,7,0,3,1,0,0,1,1,0,-1,200,2,2,2,2,0,1,-1,-1,3,0,0,10,-1,1,1,3,-1,-1,-1,0,0,0,1,0,10,0,0,0,42.56
1,0,0,0,-1,0,1,1,0,0,0,0,-1,2,-1,0,2,1,2,-1,1,3,0,8,150,0,9223372036800000000,20,0,10,0,0,7,0,1,1,0,0,3,1,0,2,20,0,0,2,2,0,1,-1,-1,-1,-1,0,10,-1,1,1,3,-1,-1,-1,0,0,1,0,0,10,0,0,0,41.97
1,0,0,0,-1,0,1,2,0,0,0,0,3,0,1,0,-1,2,2,-1,0,3,0,-1,25,0,9223372036800000000,1e+75,0,10,0,0,7,0,0,1,0,0,1,1,0,0,0,0,0,0,2,0,1,-1,-1,-1,-1,0,10,-1,1,1,3,-1,-1,-1,0,0,1,0,0,10,0,0,0,33.48
1,0,0,0,-1,0,1,5,0,0,0,0,3,1,0,-1,2,-1,2,-1,1,3,0,-1,50,0,9223372036800000000,120,0,10,0,0,7,0,2,1,0,0,1,1,0,1,60,0,0,3,2,0,1,-1,-1,-1,-1,0,10,-1,1,1,3,-1,-1,-1,0,0,1,0,0,10,0,0,0,42.92
1,0,0,0,-1,0,1,5,0,0,0,0,1,0,0,2,0,2,0,-1,-1,3,0,-1,800,0,9223372036800000000,1e+75,0,10,0,0,7,0,0,1,0,0,1,1,0,0,0,0,0,0,2,0,1,-1,-1,-1,-1,0,10,-1,1,1,3,-1,-1,-1,0,0,1,0,0,10,0,0,0,38.65
1,0,0,0,-1,0,1,5,0,0,0,0,1,2,0,1,2,1,1,-1,0,3,0,2,400,0,9223372036800000000,20,0,10,0,0,7,0,2,1,0,0,0,1,0,1,0,5,2,1,2,0,1,-1,-1,-1,-1,0,10,-1,1,1,3,-1,-1,-1,0,0,1,0,0,10,0,0,0,38.61
1,0,0,0,-1,0,1,3,0,0,0,0,2,0,0,1,0,2,0,1,1,3,0,-1,10,0,9223372036800000000,1e+75,0,10,0,0,7,0,0,1,0,0,1,1,0,0,0,0,0,0,2,0,1,-1,-1,-1,-1,0,10,-1,1,1,3,-1,-1,-1,0,0,1,0,0,10,0,0,0,33.75
1,0,0,0,-1,0,1,3,0,0,0,0,2,0,0,1,-1,2,0,1,1,3,0,-1,25,0,9223372036800000000,1e+75,0,10,0,0,7,0,0,1,0,0,1,1,0,0,0,0,0,0,2,0,1,-1,-1,-1,-1,0,10,-1,1,1,3,-1,-1,-1,0,0,1,0,0,10,0,0,0,33.75
1,0,0,0,-1,0,1,0,0,0,0,0,1,0,-1,0,-1,0,2,1,-1,3,0,-1,200,0,9223372036800000000,0,0,10,0,0,7,0,0,1,0,0,1,1,0,2,0,0,0,0,2,0,1,-1,-1,-1,-1,0,10,-1,1,1,3,-1,-1,-1,0,0,1,0,0,10,0,0,0,33.18
1,0,0,0,-1,0,1,2,0,0,0,0,-1,0,0,-1,-1,-1,0,0,1,3,0,-1,25,0,9223372036800000000,240,0,10,0,0,7,0,1,1,0,0,3,1,0,1,0,0,0,3,2,0,1,-1,-1,-1,-1,0,10,-1,1,1,3,-1,-1,-1,0,0,1,0,0,10,0,0,0,42.18
1,0,0,0,-1,0,1,3,0,0,0,0,-1,0,-1,-1,1,-1,-1,1,-1,3,0,4,100,0,9223372036800000000,50,0,10,0,0,7,0,0,1,0,0,2,1,0,3,200,1,0,0,2,0,1,-1,-1,-1,-1,0,10,-1,1,1,3,-1,-1,-1,0,0,1,0,0,10,0,0,0,42.66
1,0,0,0,-1,0,1,5,1,0,2,0,-1,1,-1,0,2,-1,1,0,1,3,0,2,200,0,9223372036800000000,5,0,10,0,0,7,0,1,1,0,0,0,1,0,-1,20,2,5,2,2,0,1,-1,-1,2,2,0,10,-1,1,1,3,-1,-1,-1,0,0,1,2,0,10,0,0,0,29.87
1,0,0,0,-1,0,1,4,0,0,0,0,3,0,0,-1,-1,2,2,-1,2,3,0,-1,800,0,9223372036800000000,1e+75,0,10,0,0,7,0,0,1,0,0,1,1,0,1,0,0,0,0,2,0,1,-1,-1,-1,-1,0,10,-1,1,1,3,-1,-1,-1,0,0,1,0,0,10,0,0,0,33.83
1,0,0,0,-1,0,1,3,0,0,0,0,3,0,1,0,1,1,-1,2,-1,3,0,-1,800,0,9223372036800000000,0,0,10,0,0,7,0,2,1,0,0,2,1,0,3,0,0,0,-1,2,0,1,-1,-1,-1,-1,0,10,-1,1,1,3,-1,-1,-1,0,0,1,0,0,10,0,0,0,35.23
1,0,0,0,-1,0,1,4,0,0,0,0,-1,0,1,1,1,0,2,-1,1,3,0,-1,150,0,9223372036800000000,1e+75,0,10,0,0,7,0,0,1,0,0,1,1,0,0,0,0,0,0,2,0,1,-1,-1,-1,-1,0,10,-1,1,1,3,-1,-1,-1,0,0,1,0,0,10,0,0,0,42.42
1,0,0,0,-1,0,1,4,0,0,0,0,1,0,1,1,1,-1,2,-1,1,3,0,-1,150,0,9223372036800000000,1e+75,0,10,0,0,7,0,0,1,0,0,1,1,0,0,0,0,0,0,2,0,1,-1,-1,-1,-1,0,10,-1,1,1,3,-1,-1,-1,0,0,1,0,0,10,0,0,0,33.48
1,0,0,0,-1,0,1,3,0,0,0,0,1,1,-1,-1,2,0,-1,-1,2,3,0,-1,150,0,9223372036800000000,10,0,10,0,0,7,0,1,1,0,0,1,1,0,3,0,0,0,0,2,0,1,-1,-1,-1,-1,0,10,-1,1,1,3,-1,-1,-1,0,0,1,0,0,10,0,0,0,33.75
1,0,0,0,-1,0,1,0,0,0,0,0,1,0,-1,0,-1,0,2,1,0,3,0,-1,200,0,9223372036800000000,5,0,10,0,0,7,0,0,1,0,0,1,1,0,2,0,0,0,0,2,0,1,-1,-1,-1,-1,0,10,-1,1,1,3,-1,-1,-1,0,0,1,0,0,10,0,0,0,33.13
1,0,0,0,-1,0,1,0,0,0,0,0,3,0,-1,-1,-1,2,-1,0,-1,3,0,-1,200,0,9223372036800000000,30,0,10,0,0,7,0,3,1,0,0,0,1,0,2,60,0,0,4,2,0,1,-1,-1,-1,-1,0,10,-1,1,1,3,-1,-1,-1,0,0,1,0,0,10,0,0,0,33.25
1,0,0,0,-1,0,1,5,0,0,0,0,1,3,1,-1,0,-1,-1,0,-1,3,0,16,400,0,9223372036800000000,1e+75,0,10,0,0,7,0,3,1,0,0,3,1,0,1,60,5,1,2,2,0,1,-1,-1,-1,-1,0,10,-1,1,1,3,-1,-1,-1,0,0,1,5,0,10,0,0,0,42.64
1,0,0,0,-1,0,1,0,0,0,0,0,2,2,-1,2,2,1,1,0,-1,3,0,-1,100,0,9223372036800000000,5,0,10,0,0,7,0,1,1,0,0,1,1,0,1,0,0,0,-1,2,0,1,-1,-1,-1,-1,0,10,-1,1,1,3,-1,-1,-1,0,0,1,0,0,10,0,0,0,33.57
1,0,0,0,-1,0,1,4,0,0,0,0,0,0,0,0,0,0,0,0,0,3,0,-1,150,0,9223372036800000000,1e+75,0,10,0,0,7,0,0,1,0,0,1,1,0,0,0,0,0,0,2,0,1,-1,-1,-1,-1,0,10,-1,1,1,3,-1,-1,-1,0,0,1,0,0,10,0,0,0,33.37
1,0,0,0,-1,0,1,0,0,0,0,0,0,0,1,2,-1,0,1,1,2,3,0,-1,100,0,9223372036800000000,40,0,10,0,0,7,0,2,1,0,0,2,1,0,2,0,0,0,1,2,0,1,-1,-1,-1,-1,0,10,-1,1,1,3,-1,-1,-1,0,0,1,0,0,10,0,0,0,33.03
1,0,0,0,-1,0,1,3,0,0,0,0,1,0,1,1,1,0,2,-1,1,3,0,-1,150,0,9223372036800000000,1e+75,0,10,0,0,7,0,0,1,0,0,1,1,0,0,0,0,0,0,2,0,1,-1,-1,-1,-1,0,10,-1,1,1,3,-1,-1,-1,0,0,1,0,0,10,0,0,0,34.02
1,0,0,0,-1,0,1,3,0,0,0,0,-1,-1,-1,0,1,2,-1,2,-1,3,0,-1,50,0,9223372036800000000,20,0,10,0,0,7,0,2,1,0,0,2,1,0,-1,0,0,0,3,2,0,1,-1,-1,-1,-1,0,10,-1,1,1,3,-1,-1,-1,0,0,1,0,0,10,0,0,0,42.58
1,0,0,0,-1,0,1,4,0,0,0,0,-1,3,0,2,1,2,2,1,2,3,0,-1,400,0,9223372036800000000,10,0,10,0,0,7,0,3,1,0,0,0,1,0,0,0,0,0,4,2,0,1,-1,-1,-1,-1,0,10,-1,1,1,3,-1,-1,-1,0,0,1,0,0,10,0,0,0,42.71
1,0,0,0,-1,0,1,0,0,0,0,0,0,0,1,0,0,0,0,0,0,3,0,-1,200,0,9223372036800000000,1e+75,0,10,0,0,7,0,0,1,0,0,1,1,0,0,0,0,0,0,2,0,1,-1,-1,-1,-1,0,10,-1,1,1,3,-1,-1,-1,0,0,1,0,0,10,0,0,0,33.48
1,0,0,0,-1,0,1,5,1,0,4,0,1,-1,-1,1,0,2,2,1,-1,3,0,16,10,0,9223372036800000000,0,0,10,0,0,7,0,1,1,0,0,0,1,0,2,60,5,5,0,2,0,1,-1,-1,3,3,0,10,-1,1,1,3,-1,-1,-1,0,0,0,5,0,10,0,0,0,26.14
1,0,0,0,-1,0,1,2,0,0,1,0,-1,2,0,0,-1,0,0,1,1,3,0,16,10,0,9223372036800000000,240,0,10,0,0,7,0,1,1,0,0,3,1,0,3,20,1,2,0,2,0,1,-1,-1,-1,-1,0,10,-1,1,1,3,-1,-1,-1,0,0,-1,0,0,10,0,0,0,33.87
1,0,0,0,-1,0,1,2,0,0,0,0,3,0,0,1,-1,-1,0,-1,0,3,0,-1,400,0,9223372036800000000,1e+75,0,10,0,0,7,0,0,1,0,0,1,1,0,0,0,0,0,0,2,0,1,-1,-1,-1,-1,0,10,-1,1,1,3,-1,-1,-1,0,0,1,0,0,10,0,0,0,33.48
1,0,0,0,-1,0,1,1,0,0,0,0,-1,2,-1,0,2,1,2,-1,1,3,0,8,150,0,9223372036800000000,20,0,10,0,0,7,0,1,1,0,0,1,1,0,2,-1,0,0,2,2,0,1,-1,-1,-1,-1,0,10,-1,1,1,3,-1,-1,-1,0,0,1,0,0,10,0,0,0,42.07
1,0,0,0,-1,0,1,5,0,0,0,0,3,0,1,0,1,-1,2,2,0,3,0,-1,150,0,9223372036800000000,1e+75,0,10,0,0,7,0,0,1,0,0,1,1,0,0,0,0,0,0,2,0,1,-1,-1,-1,-1,0,10,-1,1,1,3,-1,-1,-1,0,0,1,0,0,10,0,0,0,42.92
1,0,0,0,-1,0,1,4,0,0,0,0,0,1,1,0,1,1,0,2,-1,3,0,-1,10,0,9223372036800000000,120,0,10,0,0,7,0,1,1,0,0,2,1,0,2,20,0,0,3,2,0,1,-1,-1,-1,-1,0,10,-1,1,1,3,-1,-1,-1,0,0,1,0,0,10,0,0,0,32.88
1,0,0,0,-1,0,1,3,0,0,0,0,2,0,0,0,-1,2,0,2,0,3,0,-1,100,0,9223372036800000000,1e+75,0,10,0,0,7,0,0,1,0,0,1,1,0,0,0,0,0,0,2,0,1,-1,-1,-1,-1,0,10,-1,1,1,3,-1,-1,-1,0,0,1,0,0,10,0,0,0,34.02
1,0,0,0,-1,0,1,3,0,0,0,0,0,0,0,2,2,0,2,0,2,3,0,-1,50,0,9223372036800000000,1e+75,0,10,0,0,7,0,0,1,0,0,1,1,0,0,0,0,0,0,2,0,1,-1,-1,-1,-1,0,10,-1,1,1,3,-1,-1,-1,0,0,1,0,0,10,0,0,0,34.02
1,0,0,0,-1,0,1,0,0,0,0,0,-1,3,1,2,0,-1,2,0,-1,3,0,-1,200,0,9223372036800000000,0,0,10,0,0,7,0,0,1,0,0,0,1,0,-1,-1,0,0,0,2,0,1,-1,-1,-1,-1,0,10,-1,1,1,3,-1,-1,-1,0,0,1,0,0,10,0,0,0,42.53
1,0,0,0,-1,0,1,1,0,0,0,0,-1,1,0,0,-1,2,1,-1,0,3,0,1,800,0,9223372036800000000,2,0,10,0,0,7,0,1,1,0,0,2,1,0,3,0,2,0,3,2,0,1,-1,-1,-1,-1,0,10,-1,1,1,3,-1,-1,-1,0,0,1,0,0,10,0,0,0,41.81
1,0,0,0,-1,0,1,5,0,0,0,0,1,3,0,-1,0,2,2,1,2,3,0,-1,400,0,9223372036800000000,1e+75,0,10,0,0,7,0,2,1,0,0,3,1,0,0,0,0,0,3,2,0,1,-1,-1,-1,-1,0,10,-1,1,1,3,-1,-1,-1,0,0,1,0,0,10,0,0,0,38.65
1,0,0,0,-1,0,1,0,0,0,0,0,0,0,0,0,0,0,0,0,0,3,0,-1,150,0,9223372036800000000,1e+75,0,10,0,0,7,0,0,1,0,0,1,1,0,2,0,0,0,0,2,0,1,-1,-1,-1,-1,0,10,-1,1,1,3,-1,-1,-1,0,0,1,0,0,10,0,0,0,33.18
1,0,0,0,-1,0,1,4,0,0,0,0,0,0,0,2,2,0,2,0,1,3,0,-1,50,0,9223372036800000000,1e+75,0,10,0,0,7,0,0,1,0,0,1,1,0,0,0,0,0,0,2,0,1,-1,-1,-1,-1,0,10,-1,1,1,3,-1,-1,-1,0,0,1,0,0,10,0,0,0,33.37
1,0,0,0,-1,0,1,1,0,0,0,0,2,0,-1,0,0,-1,0,-1,-1,3,0,8,100,0,9223372036800000000,50,0,10,0,0,7,0,3,1,0,0,3,1,0,1,500,0,0,2,2,0,1,-1,-1,-1,-1,0,10,-1,1,1,3,-1,-1,-1,0,0,1,0,0,10,0,0,0,35.55
1,0,0,0,-1,0,1,4,0,0,0,0,0,0,1,2,2,0,2,0,2,3,0,-1,50,0,9223372036800000000,1e+75,0,10,0,0,7,0,0,1,0,0,1,1,0,0,0,0,0,0,2,0,1,-1,-1,-1,-1,0,10,-1,1,1,3,-1,-1,-1,0,0,1,0,0,10,0,0,0,33.37
1,0,0,0,-1,0,1,3,0,0,0,0,1,0,0,0,0,0,1,0,1,3,0,4,50,0,9223372036800000000,0,0,10,0,0,7,0,3,1,0,0,0,1,0,-1,100,3,5,2,2,0,1,-1,-1,1,-1,0,10,-1,1,1,3,-1,-1,-1,0,0,1,2,0,10,0,0,0,26.05
1,0,0,0,-1,0,1,0,0,0,0,0,0,2,0,0,0,0,0,0,0,3,0,-1,150,0,9223372036800000000,1e+75,0,10,0,0,7,0,0,1,0,0,1,1,0,2,0,0,0,0,2,0,1,-1,-1,-1,-1,0,10,-1,1,1,3,-1,-1,-1,0,0,1,0,0,10,0,0,0,33.18
1,0,0,0,-1,0,1,4,0,0,0,0,-1,0,0,0,0,1,2,1,0,3,0,-1,25,0,9223372036800000000,1e+75,0,10,0,0,7,0,0,1,0,0,1,1,0,0,0,0,0,0,2,0,1,-1,-1,-1,-1,0,10,-1,1,1,3,-1,-1,-1,0,0,1,0,0,10,0,0,0,42.28
1,0,0,0,-1,0,1,2,0,0,0,0,0,0,1,0,-1,1,2,-1,0,3,0,-1,25,0,9223372036800000000,1e+75,0,10,0,0,7,0,0,1,0,0,1,1,0,0,0,0,0,0,2,0,1,-1,-1,-1,-1,0,10,-1,1,1,3,-1,-1,-1,0,0,1,0,0,10,0,0,0,33.37
1,0,0,0,-1,0,1,0,0,0,0,0,0,0,0,0,0,0,0,1,0,3,0,-1,150,0,9223372036800000000,1e+75,0,10,0,0,7,0,0,1,0,0,1,1,0,0,0,0,0,0,2,0,1,-1,-1,-1,-1,0,10,-1,1,1,3,-1,-1,-1,0,0,1,0,0,10,0,0,0,33.37
1,0,0,0,-1,0,1,0,0,0,0,0,-1,1,1,2,0,1,-1,1,-1,3,0,-1,10,0,9223372036800000000,240,0,10,0,0,7,0,1,1,0,0,3,1,0,-1,0,0,0,1,2,0,1,-1,-1,-1,-1,0,10,-1,1,1,3,-1,-1,-1,0,0,1,0,0,10,0,0,0,33.62
1,0,0,0,-1,0,1,4,0,0,0,0,1,0,0,0,0,0,0,1,2,3,0,-1,25,0,9223372036800000000,1e+75,0,10,0,0,7,0,0,1,0,0,1,1,0,0,0,0,0,0,2,0,1,-1,-1,-1,-1,0,10,-1,1,1,3,-1,-1,-1,0,0,1,0,0,10,0,0,0,33.37
1,0,0,0,-1,0,1,0,0,0,0,0,3,0,-1,1,2,1,1,-1,2,3,0,-1,100,0,9223372036800000000,1e+75,0,10,0,0,7,0,0,1,0,0,1,1,0,0,0,0,0,0,2,0,1,-1,-1,-1,-1,0,10,-1,1,1,3,-1,-1,-1,0,0,1,0,0,10,0,0,0,33.37
1,0,0,0,-1,0,1,4,0,0,0,0,3,2,-1,-1,0,-1,-1,1,0,3,0,4,150,0,9223372036800000000,1,0,10,0,0,7,0,0,1,0,0,2,1,0,0,60,4,4,0,2,0,1,-1,-1,-1,-1,0,10,-1,1,1,3,-1,-1,-1,0,0,1,1,0,10,0,0,0,43.99
1,0,0,0,-1,0,1,0,0,0,0,0,0,0,0,0,0,0,0,0,0,3,0,-1,150,0,9223372036800000000,1e+75,0,10,0,0,7,0,0,1,0,0,0,1,0,2,0,0,0,0,2,0,1,-1,-1,-1,-1,0,10,-1,1,1,3,-1,-1,-1,0,0,1,0,0,10,0,0,0,33.18
1,0,0,0,-1,0,1,0,0,0,0,0,1,0,-1,1,0,-1,2,2,-1,3,0,-1,25,0,9223372036800000000,1e+75,0,10,0,0,7,0,0,1,0,0,1,1,0,2,0,0,0,0,2,0,1,-1,-1,-1,-1,0,10,-1,1,1,3,-1,-1,-1,0,0,1,0,0,10,0,0,0,33.26
1,0,0,0,-1,0,1,0,0,0,5,0,-1,3,-1,2,2,-1,1,1,-1,3,0,1,10,0,9223372036800000000,0,0,10,0,0,7,0,3,1,0,0,3,1,0,2,100,1,0,1,2,0,1,-1,-1,0,3,0,10,-1,1,1,3,-1,-1,-1,0,0,-1,4,0,10,0,0,0,42.37
1,0,0,0,-1,0,1,1,0,0,0,0,2,1,0,-1,2,1,-1,1,1,3,0,-1,150,0,9223372036800000000,2,0,10,0,0,7,0,1,1,0,0,0,1,0,3,0,0,0,0,2,0,1,-1,-1,-1,-1,0,10,-1,1,1,3,-1,-1,-1,0,0,1,0,0,10,0,0,0,35.23
1,0,0,0,-1,0,1,0,0,0,0,0,3,-1,1,2,-1,0,-1,2,1,3,0,-1,50,0,9223372036800000000,0,0,10,0,0,7,0,3,1,0,0,0,1,0,-1,100,0,0,-1,2,0,1,-1,-1,-1,-1,0,10,-1,1,1,3,-1,-1,-1,0,0,1,0,0,10,0,0,0,33.27
1,0,0,0,-1,0,1,2,1,0,4,0,3,1,0,0,-1,2,2,0,1,3,0,2,50,0,9223372036800000000,1,0,10,0,0,7,0,1,1,0,0,1,1,0,3,100,3,1,3,2,0,1,-1,-1,2,-1,0,10,-1,1,1,3,-1,-1,-1,0,0,-1,5,0,10,0,0,0,33.48
1,0,0,0,-1,0,1,0,0,0,0,0,-1,0,0,2,0,-1,1,0,-1,3,0,8,200,0,9223372036800000000,30,0,10,0,0,7,0,2,1,0,0,1,1,0,1,60,1,0,2,2,0,1,-1,-1,-1,-1,0,10,-1,1,1,3,-1,-1,-1,0,0,1,0,0,10,0,0,0,42.81
1,0,0,0,-1,0,1,0,0,0,0,0,0,0,0,0,0,0,0,0,-1,3,0,-1,200,0,9223372036800000000,1e+75,0,10,0,0,7,0,0,1,0,0,1,1,0,0,0,0,0,0,2,0,1,-1,-1,-1,-1,0,10,-1,1,1,3,-1,-1,-1,0,0,1,0,0,10,0,0,0,33.48
1,0,0,0,-1,0,1,4,0,0,0,0,0,1,0,0,1,2,2,1,0,3,0,1,10,0,9223372036800000000,1e+75,0,10,0,0,7,0,3,1,0,0,1,1,0,0,100,6,0,3,2,0,1,-1,-1,-1,-1,0,10,-1,1,1,3,-1,-1,-1,0,0,1,0,0,10,0,0,0,42.04
1,0,0,0,-1,0,1,1,0,0,0,0,3,0,-1,1,1,1,2,-1,1,10,0,16,400,0,9223372036800000000,1e+75,0,10,0,0,7,0,2,1,0,0,1,1,0,-1,100,5,0,-1,2,0,1,-1,-1,-1,-1,0,10,-1,1,1,3,-1,-1,-1,0,0,1,0,0,10,0,0,0,26.45
1,0,0,0,-1,0,1,3,1,0,5,0,-1,-1,-1,0,2,1,-1,-1,0,3,0,1,800,0,9223372036800000000,50,0,10,0,0,7,0,3,1,0,0,0,1,0,1,20,1,2,3,2,0,1,-1,-1,-1,2,0,10,-1,1,1,3,-1,-1,-1,0,0,1,2,0,10,0,0,0,29.69
1,0,0,0,-1,0,1,0,0,0,0,0,0,0,0,0,0,0,0,0,2,3,0,-1,150,0,9223372036800000000,1e+75,0,10,0,0,7,0,0,1,0,0,1,1,0,0,0,0,0,0,2,0,1,-1,-1,-1,-1,0,10,-1,1,1,3,-1,-1,-1,0,0,1,0,0,10,0,0,0,33.37
1,0,0,0,-1,0,1,2,0,0,0,0,3,0,1,2,-1,1,2,-1,0,3,0,-1,25,0,9223372036800000000,1e+75,0,10,0,0,7,0,0,1,0,0,1,1,0,0,0,0,0,0,2,0,1,-1,-1,-1,-1,0,10,-1,1,1,3,-1,-1,-1,0,0,1,0,0,10,0,0,0,33.37
1,0,0,0,-1,0,1,5,0,0,0,0,2,0,1,1,1,1,1,0,2,3,0,-1,200,0,9223372036800000000,1e+75,0,10,0,0,7,0,0,1,0,0,1,1,0,0,0,0,0,0,2,0,1,-1,-1,-1,-1,0,10,-1,1,1,3,-1,-1,-1,0,0,1,0,0,10,0,0,0,38.65
1,0,0,0,-1,0,1,2,0,0,0,0,3,0,1,0,-1,1,0,-1,0,3,0,-1,25,0,9223372036800000000,1e+75,0,10,0,0,7,0,0,1,0,0,1,1,0,0,0,0,0,0,2,0,1,-1,-1,-1,-1,0,10,-1,1,1,3,-1,-1,-1,0,0,1,0,0,10,0,0,0,33.37
1,0,0,0,-1,0,1,0,0,0,0,0,1,0,-1,2,0,-1,2,0,2,3,0,-1,800,0,9223372036800000000,1e+75,0,10,0,0,7,0,0,1,0,0,1,1,0,0,0,0,0,0,2,0,1,-1,-1,-1,-1,0,10,-1,1,1,3,-1,-1,-1,0,0,1,0,0,10,0,0,0,33.48
1,0,0,0,-1,0,1,2,0,0,1,0,3,3,0,0,0,-1,2,2,-1,3,0,1,200,0,9223372036800000000,40,0,10,0,0,7,0,1,1,0,0,2,1,0,-1,100,0,2,-1,2,0,1,-1,-1,0,0,0,10,-1,1,1,3,-1,-1,-1,0,0,-1,5,0,10,0,0,0,42.92
1,0,0,0,-1,0,1,3,0,0,0,0,0,0,0,0,0,0,0,0,0,3,0,-1,150,0,9223372036800000000,1e+75,0,10,0,0,7,0,0,1,0,0,1,1,0,0,0,0,0,0,2,0,1,-1,-1,-1,-1,0,10,-1,1,1,3,-1,-1,-1,0,0,1,0,0,10,0,0,0,34.02
1,0,0,0,-1,0,1,2,0,0,5,0,2,0,1,2,-1,2,0,2,2,3,0,8,25,0,9223372036800000000,2,0,10,0,0,7,0,0,1,0,0,3,1,0,2,-1,3,5,-1,2,0,1,-1,-1,2,3,0,10,-1,1,1,3,-1,-1,-1,0,0,0,0,0,10,0,0,0,33.55
1,0,0,0,-1,0,1,0,0,0,0,0,-1,0,-1,1,-1,-1,2,1,0,3,0,-1,400,0,9223372036800000000,0,0,10,0,0,7,0,3,1,0,0,1,1,0,0,0,0,0,0,2,0,1,-1,-1,-1,-1,0,10,-1,1,1,3,-1,-1,-1,0,0,1,0,0,10,0,0,0,42.4
1,0,0,0,-1,0,1,4,0,0,0,0,3,0,1,2,2,0,2,0,-1,3,0,4,25,0,9223372036800000000,60,0,10,0,0,7,0,0,1,0,0,2,1,0,0,1000,3,0,2,2,0,1,-1,-1,-1,-1,0,10,-1,1,1,3,-1,-1,-1,0,0,1,0,0,10,0,0,0,33.48
1,0,0,0,-1,0,1,0,0,0,0,0,2,0,0,1,0,2,-1,1,1,3,0,-1,10,0,9223372036800000000,60,0,10,0,0,7,0,3,1,0,0,3,1,0,2,0,0,0,4,2,0,1,-1,-1,-1,-1,0,10,-1,1,1,3,-1,-1,-1,0,0,1,0,0,10,0,0,0,33.13
1,0,0,0,-1,0,1,5,0,0,0,0,-1,2,-1,-1,0,1,-1,1,0,3,0,-1,150,0,9223372036800000000,40,0,10,0,0,7,0,1,1,0,0,1,1,0,0,0,0,0,3,2,0,1,-1,-1,-1,-1,0,10,-1,1,1,3,-1,-1,-1,0,0,1,0,0,10,0,0,0,42.72
1,0,0,0,-1,0,1,4,0,0,0,0,0,1,1,0,1,1,1,2,-1,3,0,2,10,0,9223372036800000000,120,0,10,0,0,7,0,1,1,0,0,2,1,0,2,20,0,0,3,2,0,1,-1,-1,-1,-1,0,10,-1,1,1,3,-1,-1,-1,0,0,1,0,0,10,0,0,0,32.88
1,0,0,0,-1,0,1,3,0,0,0,0,-1,-1,-1,0,1,2,-1,2,-1,3,0,-1,200,0,9223372036800000000,20,0,10,0,0,7,0,2,1,0,0,2,1,0,1,0,0,0,3,2,0,1,-1,-1,-1,-1,0,10,-1,1,1,3,-1,-1,-1,0,0,1,0,0,10,0,0,0,42.63
1,0,0,0,-1,0,1,0,0,0,0,0,0,0,0,0,0,0,0,0,0,3,0,2,150,0,9223372036800000000,1,0,10,0,0,7,0,0,1,0,0,1,1,0,2,-1,0,0,0,2,0,1,-1,-1,-1,-1,0,10,-1,1,1,3,-1,-1,-1,0,0,1,0,0,10,0,0,0,32.92
1,0,0,0,-1,0,1,0,0,0,0,0,0,0,0,0,1,0,0,0,0,3,0,-1,150,0,9223372036800000000,1e+75,0,10,0,0,7,0,0,1,0,0,1,1,0,0,0,0,0,0,2,0,1,-1,-1,-1,-1,0,10,-1,1,1,3,-1,-1,-1,0,0,1,0,0,10,0,0,0,33.37
1,0,0,0,-1,0,1,3,0,0,0,0,-1,-1,-1,-1,0,1,-1,1,0,3,0,-1,150,0,9223372036800000000,40,0,10,0,0,7,0,1,1,0,0,1,1,0,0,0,0,0,3,2,0,1,-1,-1,-1,-1,0,10,-1,1,1,3,-1,-1,-1,0,0,1,0,0,10,0,0,0,42.73
1,0,0,0,-1,0,1,0,0,0,0,0,0,0,0,2,2,0,2,0,2,3,0,-1,50,0,9223372036800000000,1e+75,0,10,0,0,7,0,0,1,0,0,1,1,0,0,0,0,0,0,2,0,1,-1,-1,-1,-1,0,10,-1,1,1,3,-1,-1,-1,0,0,1,0,0,10,0,0,0,33.37
1,0,0,0,-1,0,1,2,0,0,1,0,3,3,0,0,0,-1,2,2,-1,3,0,1,200,0,9223372036800000000,40,0,10,0,0,7,0,1,1,0,0,2,1,0,-1,-1,2,2,-1,2,0,1,-1,-1,0,0,0,10,-1,1,1,3,-1,-1,-1,0,0,-1,5,0,10,0,0,0,42.92
1,0,0,0,-1,0,1,4,0,0,0,0,0,0,1,-1,2,2,0,0,1,3,0,-1,150,0,9223372036800000000,1e+75,0,10,0,0,7,0,0,1,0,0,1,1,0,0,0,0,0,0,2,0,1,-1,-1,-1,-1,0,10,-1,1,1,3,-1,-1,-1,0,0,1,0,0,10,0,0,0,33.64
1,0,0,0,-1,0,1,2,0,0,1,0,-1,2,0,1,-1,0,1,1,1,3,0,16,10,0,9223372036800000000,240,0,10,0,0,7,0,1,1,0,0,3,1,0,3,20,1,2,0,2,0,1,-1,-1,-1,-1,0,10,-1,1,1,3,-1,-1,-1,0,0,-1,0,0,10,0,0,0,33.87
1,0,0,0,-1,0,1,0,0,0,0,0,0,0,0,0,0,2,0,0,0,3,0,-1,150,0,9223372036800000000,1e+75,0,10,0,0,7,0,0,1,0,0,1,1,0,0,0,0,0,0,2,0,1,-1,-1,-1,-1,0,10,-1,1,1,3,-1,-1,-1,0,0,1,0,0,10,0,0,0,33.64
1,0,0,0,-1,0,1,3,1,0,1,0,0,2,-1,0,-1,1,-1,2,-1,3,0,1,50,0,9223372036800000000,50,0,10,0,0,7,0,0,1,0,0,3,1,0,3,500,0,0,2,2,0,1,-1,-1,-1,-1,0,10,-1,1,1,3,-1,-1,-1,0,0,1,3,0,10,0,0,0,30.05
1,0,0,0,-1,0,1,2,0,0,0,0,3,0,1,1,-1,2,2,-1,0,3,0,-1,25,0,9223372036800000000,1e+75,0,10,0,0,7,0,0,1,0,0,1,1,0,0,0,0,0,0,2,0,1,-1,-1,-1,-1,0,10,-1,1,1,3,-1,-1,-1,0,0,1,0,0,10,0,0,0,33.48
1,0,0,0,-1,0,1,4,0,0,0,0,-1,3,0,2,1,2,2,1,2,3,0,-1,400,0,9223372036800000000,10,0,10,0,0,7,0,3,1,0,0,0,1,0,0,0,0,0,2,2,0,1,-1,-1,-1,-1,0,10,-1,1,1,3,-1,-1,-1,0,0,1,0,0,10,0,0,0,42.71
1,0,0,0,-1,0,1,0,0,0,0,0,0,0,-1,1,1,0,1,1,0,3,0,-1,50,0,9223372036800000000,1e+75,0,10,0,0,7,0,0,1,0,0,1,1,0,-1,0,0,0,0,2,0,1,-1,-1,-1,-1,0,10,-1,1,1,3,-1,-1,-1,0,0,1,0,0,10,0,0,0,33.37
0,0,0,0,-1,0,1,1,0,0,0,0,3,0,-1,1,1,1,2,-1,1,3,0,16,400,0,9223372036800000000,1e+75,0,10,0,0,7,0,2,1,0,0,1,1,0,-1,100,5,0,-1,2,0,1,-1,-1,-1,-1,0,10,-1,1,1,3,-1,-1,-1,0,0,1,0,0,10,0,0,0,26.45
1,0,0,0,-1,0,1,3,0,0,0,0,3,0,1,-1,2,2,0,2,-1,3,0,-1,100,0,9223372036800000000,1e+75,0,10,0,0,7,0,0,1,0,0,1,1,0,-1,0,0,0,0,2,0,1,-1,-1,-1,-1,0,10,-1,1,1,3,-1,-1,-1,0,0,1,0,0,10,0,0,0,33.69
1,0,0,0,-1,0,1,4,0,0,0,0,-1,1,0,-1,1,1,1,2,-1,3,0,4,800,0,9223372036800000000,10,0,10,0,0,7,0,0,1,0,0,0,1,0,3,40,0,0,1,2,0,1,-1,-1,-1,-1,0,10,-1,1,1,3,-1,-1,-1,0,0,1,0,0,10,0,0,0,42.77
1,0,0,0,-1,0,1,1,0,0,0,0,0,3,-1,2,1,1,1,-1,1,3,0,8,200,0,9223372036800000000,30,0,10,0,0,7,0,3,1,0,0,2,1,0,0,0,4,4,1,2,0,1,-1,-1,-1,-1,0,10,-1,1,1,3,-1,-1,-1,0,0,1,5,0,10,0,0,0,45.12
1,0,0,0,-1,0,1,0,0,0,0,0,3,0,-1,2,1,1,1,-1,2,3,0,-1,100,0,9223372036800000000,1e+75,0,10,0,0,7,0,0,1,0,0,1,1,0,0,0,0,0,0,2,0,1,-1,-1,-1,-1,0,10,-1,1,1,3,-1,-1,-1,0,0,1,0,0,10,0,0,0,33.37
1,0,0,0,-1,0,1,4,0,0,0,0,-1,3,0,2,1,2,2,1,2,3,0,-1,400,0,9223372036800000000,1e+75,0,10,0,0,7,0,3,1,0,0,0,1,0,0,0,0,0,-1,2,0,1,-1,-1,-1,-1,0,10,-1,1,1,3,-1,-1,-1,0,0,1,0,0,10,0,0,0,42.71
1,0,0,0,-1,0,1,1,0,0,0,0,-1,0,-1,2,0,1,2,2,-1,3,0,-1,10,0,9223372036800000000,1e+75,0,10,0,0,7,0,0,1,0,0,1,1,0,3,0,0,0,0,2,0,1,-1,-1,-1,-1,0,10,-1,1,1,3,-1,-1,-1,0,0,1,0,0,10,0,0,0,42.62
1,0,0,0,-1,0,1,5,0,0,0,0,-1,3,-1,1,0,-1,0,1,2,3,0,1,100,0,9223372036800000000,120,0,10,0,0,7,0,1,1,0,0,0,1,0,0,60,5,2,1,2,0,1,-1,-1,-1,-1,0,10,-1,1,1,3,-1,-1,-1,0,0,1,3,0,10,0,0,0,42.92
1,0,0,0,-1,0,1,3,0,0,0,0,3,0,0,-1,2,-1,0,2,1,3,0,16,800,0,9223372036800000000,1,0,10,0,0,7,0,3,1,0,0,1,1,0,1,200,0,0,2,2,0,1,-1,-1,-1,-1,0,10,-1,1,1,3,-1,-1,-1,0,0,1,0,0,10,0,0,0,36.56
1,0,0,0,-1,0,1,3,0,0,0,0,3,0,1,0,1,1,-1,2,-1,3,0,-1,50,0,9223372036800000000,0,0,10,0,0,7,0,2,1,0,0,0,1,0,3,0,0,0,3,2,0,1,-1,-1,-1,-1,0,10,-1,1,1,3,-1,-1,-1,0,0,1,0,0,10,0,0,0,36.3
1,0,0,0,-1,0,1,5,0,0,0,0,2,0,0,0,-1,2,0,2,0,3,0,-1,10,0,9223372036800000000,1e+75,0,10,0,0,7,0,0,1,0,0,1,1,0,0,0,0,0,0,2,0,1,-1,-1,-1,-1,0,10,-1,1,1,3,-1,-1,-1,0,0,1,0,0,10,0,0,0,38.65
1,0,0,0,-1,0,1,2,0,0,0,0,3,0,1,0,-1,2,2,-1,0,3,0,-1,150,0,9223372036800000000,1e+75,0,10,0,0,7,0,0,1,0,0,1,1,0,0,0,0,0,0,2,0,1,-1,-1,-1,-1,0,10,-1,1,1,3,-1,-1,-1,0,0,1,0,0,10,0,0,0,33.64
1,0,0,0,-1,0,1,5,0,0,0,0,2,0,0,1,-1,2,0,1,1,3,0,-1,100,0,9223372036800000000,1e+75,0,10,0,0,7,0,0,1,0,0,1,1,0,0,0,0,0,0,2,0,1,-1,-1,-1,-1,0,10,-1,1,1,3,-1,-1,-1,0,0,1,0,0,10,0,0,0,38.65
1,0,0,0,-1,0,1,3,1,0,5,0,-1,-1,-1,-1,2,1,-1,-1,0,3,0,8,800,0,9223372036800000000,50,0,10,0,0,7,0,3,1,0,0,0,1,0,1,20,1,2,3,2,0,1,-1,-1,-1,2,0,10,-1,1,1,3,-1,-1,-1,0,0,1,2,0,10,0,0,0,38.08
1,0,0,0,-1,0,1,2,0,0,0,0,-1,0,0,0,2,0,2,-1,2,3,0,-1,800,0,9223372036800000000,1,0,10,0,0,7,0,1,1,0,0,2,1,0,3,200,0,0,1,2,0,1,-1,-1,-1,-1,0,10,-1,1,1,3,-1,-1,-1,0,0,1,0,0,10,0,0,0,42.8
1,0,0,0,-1,0,1,3,0,0,0,0,3,3,0,2,-1,1,2,2,1,3,0,-1,100,0,9223372036800000000,1e+75,0,10,0,0,7,0,2,1,0,0,3,1,0,0,0,0,0,1,2,0,1,-1,-1,-1,-1,0,10,-1,1,1,3,-1,-1,-1,0,0,1,0,0,10,0,0,0,35.23
1,0,0,0,-1,0,1,0,0,0,0,0,1,1,-1,0,-1,0,2,1,-1,3,0,-1,50,0,9223372036800000000,5,0,10,0,0,7,0,0,1,0,0,1,1,0,2,0,0,0,0,2,0,1,-1,-1,-1,-1,0,10,-1,1,1,3,-1,-1,-1,0,0,1,0,0,10,0,0,0,33.03
1,0,0,0,-1,0,1,1,0,0,3,0,3,3,0,-1,-1,1,-1,1,1,3,0,16,25,0,9223372036800000000,120,0,10,0,0,7,0,2,1,0,0,2,1,0,1,0,5,2,3,2,0,1,-1,-1,3,2,0,10,-1,1,1,3,-1,-1,-1,0,0,-1,4,0,10,0,0,0,34.94
1,0,0,0,-1,0,1,4,0,0,0,0,1,0,0,0,2,1,1,-1,2,3,0,-1,10,0,9223372036800000000,1e+75,0,10,0,0,7,0,0,1,0,0,1,1,0,0,0,0,0,0,2,0,1,-1,-1,-1,-1,0,10,-1,1,1,3,-1,-1,-1,0,0,1,0,0,10,0,0,0,33.37
1,0,0,0,-1,0,1,2,0,0,3,0,2,0,1,2,-1,2,0,2,2,3,0,8,25,0,9223372036800000000,2,0,10,0,0,7,0,0,1,0,0,3,1,0,2,-1,3,5,-1,2,0,1,-1,-1,2,3,0,10,-1,1,1,3,-1,-1,-1,0,0,0,3,0,10,0,0,0,33.8
1,0,0,0,-1,0,1,1,0,0,0,0,-1,0,0,2,0,2,0,-1,2,3,0,-1,200,0,9223372036800000000,1e+75,0,10,0,0,7,0,0,1,0,0,1,1,0,0,0,0,0,0,2,0,1,-1,-1,-1,-1,0,10,-1,1,1,3,-1,-1,-1,0,0,1,0,0,10,0,0,0,42.51
1,0,0,0,-1,0,1,3,0,0,0,0,2,3,-1,1,2,0,-1,1,0,3,0,-1,10,0,9223372036800000000,60,0,10,0,0,7,0,3,1,0,0,1,1,0,-1,200,2,4,2,2,0,1,-1,-1,3,0,0,10,-1,1,1,3,-1,-1,-1,0,0,0,3,0,10,0,0,0,34.68
1,0,0,0,-1,0,1,1,0,0,0,0,3,0,-1,1,1,1,2,-1,-1,3,0,16,400,0,9223372036800000000,1e+75,0,10,0,0,7,0,2,1,0,0,1,1,0,-1,100,5,0,-1,2,0,1,-1,-1,-1,-1,0,10,-1,1,1,3,-1,-1,-1,0,0,1,0,0,10,0,0,0,26.45
1,0,0,0,-1,0,1,3,0,0,0,0,1,0,0,0,0,2,0,-1,0,3,0,-1,25,0,9223372036800000000,1e+75,0,10,0,0,7,0,0,1,0,0,1,1,0,0,0,0,0,0,2,0,1,-1,-1,-1,-1,0,10,-1,1,1,3,-1,-1,-1,0,0,1,0,0,10,0,0,0,33.75
1,0,0,0,-1,0,1,0,0,0,0,0,0,0,0,0,0,0,0,0,0,3,0,-1,150,0,9223372036800000000,1e+75,0,10,0,0,7,0,0,1,0,0,1,1,0,-1,0,0,0,0,2,0,1,-1,-1,-1,-1,0,10,-1,1,1,3,-1,-1,-1,0,0,1,0,0,10,0,0,0,33.37
1,0,0,0,-1,0,1,0,0,0,0,0,0,0,0,0,0,0,0,0,0,3,0,-1,150,0,9223372036800000000,1,0,10,0,0,7,0,0,1,0,0,1,1,0,2,0,0,0,0,2,0,1,-1,-1,-1,-1,0,10,-1,1,1,3,-1,-1,-1,0,0,1,0,0,10,0,0,0,33.03
1,0,0,0,-1,0,1,2,0,0,0,0,1,0,-1,-1,0,-1,2,0,2,3,0,-1,800,0,9223372036800000000,1e+75,0,10,0,0,7,0,0,1,0,0,1,1,0,0,0,0,0,0,2,0,1,-1,-1,-1,-1,0,10,-1,1,1,3,-1,-1,-1,0,0,1,0,0,10,0,0,0,33.48
1,0,0,0,-1,0,1,0,0,0,0,0,2,2,-1,2,2,1,1,0,-1,3,0,-1,150,0,9223372036800000000,5,0,10,0,0,7,0,1,1,0,0,1,1,0,1,0,0,0,0,2,0,1,-1,-1,-1,-1,0,10,-1,1,1,3,-1,-1,-1,0,0,1,0,0,10,0,0,0,33.57
1,0,0,0,-1,0,1,0,0,0,0,0,-1,1,1,2,0,1,-1,1,-1,3,0,-1,50,0,9223372036800000000,60,0,10,0,0,7,0,1,1,0,0,3,1,0,-1,0,0,0,1,2,0,1,-1,-1,-1,-1,0,10,-1,1,1,3,-1,-1,-1,0,0,1,0,0,10,0,0,0,42.51
1,0,0,0,-1,0,1,0,0,0,0,0,2,2,-1,2,2,1,1,0,-1,3,0,-1,100,0,9223372036800000000,5,0,10,0,0,7,0,1,1,0,0,1,1,0,1,0,0,0,0,2,0,1,-1,-1,-1,-1,0,10,-1,1,1,3,-1,-1,-1,0,0,1,0,0,10,0,0,0,33.57
1,0,0,0,-1,0,1,4,0,0,0,0,0,0,-1,2,1,0,-1,-1,0,3,0,-1,200,0,9223372036800000000,1e+75,0,10,0,0,7,0,0,1,0,0,1,1,0,0,0,0,0,0,2,0,1,-1,-1,-1,-1,0,10,-1,1,1,3,-1,-1,-1,0,0,1,0,0,10,0,0,0,33.48
1,0,0,0,-1,0,1,2,0,0,0,0,3,0,0,1,-1,1,0,-1,0,3,0,-1,400,0,9223372036800000000,1e+75,0,10,0,0,7,0,0,1,0,0,1,1,0,0,0,0,0,0,2,0,1,-1,-1,-1,-1,0,10,-1,1,1,3,-1,-1,-1,0,0,1,0,0,10,0,0,0,33.48
1,0,0,0,-1,0,1,2,0,0,0,0,3,0,1,-1,1,2,0,0,0,3,0,-1,50,0,9223372036800000000,1e+75,0,10,0,0,7,0,0,1,0,0,1,1,0,0,0,0,0,0,2,0,1,-1,-1,-1,-1,0,10,-1,1,1,3,-1,-1,-1,0,0,1,0,0,10,0,0,0,33.48
1,0,0,0,-1,0,1,0,0,0,0,0,0,0,0,0,0,0,0,0,0,3,0,-1,150,0,9223372036800000000,1e+75,0,10,0,0,7,0,0,1,0,0,1,1,0,0,0,0,0,0,2,0,1,-1,-1,-1,-1,0,10,-1,1,1,3,-1,-1,-1,0,0,1,0,0,10,0,0,0,33.37
1,0,0,0,-1,0,1,0,0,0,0,0,0,0,1,2,1,-1,1,0,0,3,0,-1,400,0,9223372036800000000,1e+75,0,10,0,0,7,0,0,1,0,0,1,1,0,0,0,0,0,0,2,0,1,-1,-1,-1,-1,0,10,-1,1,1,3,-1,-1,-1,0,0,1,0,0,10,0,0,0,33.48
1,0,0,0,-1,0,1,3,0,0,0,0,-1,2,1,-1,-1,2,2,-1,2,3,0,-1,200,0,9223372036800000000,0,0,10,0,0,7,0,3,1,0,0,0,1,0,0,200,0,0,2,2,0,1,-1,-1,-1,-1,0,10,-1,1,1,3,-1,-1,-1,0,0,1,0,0,10,0,0,0,42.68
1,0,0,0,-1,0,1,5,0,0,0,0,1,0,-1,1,-1,-1,2,2,0,3,0,-1,100,0,9223372036800000000,1e+75,0,10,0,0,7,0,0,1,0,0,1,1,0,2,0,0,0,0,2,0,1,-1,-1,-1,-1,0,10,-1,1,1,3,-1,-1,-1,0,0,1,0,0,10,0,0,0,42.79
1,0,0,0,-1,0,1,5,0,0,0,0,2,3,-1,0,1,1,1,2,0,3,0,1,200,0,9223372036800000000,40,0,10,0,0,7,0,1,1,0,0,3,1,0,-1,40,0,0,3,2,0,1,-1,-1,-1,-1,0,10,-1,1,1,3,-1,-1,-1,0,0,1,0,0,10,0,0,0,42.73
1,0,0,0,-1,0,1,4,0,0,0,0,2,3,-1,1,1,-1,0,-1,2,3,0,8,150,0,9223372036800000000,40,0,10,0,0,7,0,0,1,0,0,1,1,0,2,100,5,2,4,2,0,1,-1,-1,-1,-1,0,10,-1,1,1,3,-1,-1,-1,0,0,1,0,0,10,0,0,0,32.86
1,0,0,0,-1,0,1,4,0,0,0,0,1,0,1,1,1,-1,2,1,1,3,0,-1,150,0,9223372036800000000,1e+75,0,10,0,0,7,0,0,1,0,0,1,1,0,0,0,0,0,0,2,0,1,-1,-1,-1,-1,0,10,-1,1,1,3,-1,-1,-1,0,0,1,0,0,10,0,0,0,33.48
1,0,0,0,-1,0,1,0,0,0,0,0,0,0,0,0,2,1,1,-1,2,3,0,-1,10,0,9223372036800000000,1e+75,0,10,0,0,7,0,0,1,0,0,1,1,0,0,0,0,0,0,2,0,1,-1,-1,-1,-1,0,10,-1,1,1,3,-1,-1,-1,0,0,1,0,0,10,0,0,0,33.37
1,0,0,0,-1,0,1,0,0,0,0,0,3,-1,1,2,0,-1,2,1,1,3,0,-1,10,0,9223372036800000000,5,0,10,0,0,7,0,3,1,0,0,2,1,0,-1,0,0,0,2,2,0,1,-1,-1,-1,-1,0,10,-1,1,1,3,-1,-1,-1,0,0,1,0,0,10,0,0,0,33.66
1,0,0,0,-1,0,1,1,0,0,0,0,2,0,1,2,1,-1,1,-1,0,3,0,-1,400,0,9223372036800000000,1e+75,0,10,0,0,7,0,0,1,0,0,1,1,0,0,0,0,0,0,2,0,1,-1,-1,-1,-1,0,10,-1,1,1,3,-1,-1,-1,0,0,1,0,0,10,0,0,0,35.42
1,0,0,0,-1,0,1,3,0,0,0,0,3,3,0,2,-1,1,2,2,1,3,0,-1,200,0,9223372036800000000,1e+75,0,10,0,0,7,0,2,1,0,0,3,1,0,-1,0,0,0,1,2,0,1,-1,-1,-1,-1,0,10,-1,1,1,3,-1,-1,-1,0,0,1,0,0,10,0,0,0,35.52
1,0,0,0,-1,0,1,2,0,0,0,0,-1,0,0,0,-1,-1,0,0,1,3,0,-1,25,0,9223372036800000000,240,0,10,0,0,7,0,0,1,0,0,3,1,0,1,0,0,0,3,2,0,1,-1,-1,-1,-1,0,10,-1,1,1,3,-1,-1,-1,0,0,1,0,0,10,0,0,0,42.18
1,0,0,0,-1,0,1,3,0,0,3,0,1,0,0,0,0,0,1,0,1,3,0,4,50,0,9223372036800000000,0,0,10,0,0,7,0,3,1,0,0,0,1,0,-1,100,3,5,2,2,0,1,-1,-1,-1,-1,0,10,-1,1,1,3,-1,-1,-1,0,0,1,2,0,10,0,0,0,26.05
1,0,0,0,-1,0,1,2,0,0,0,0,-1,1,0,-1,2,-1,0,1,0,3,0,-1,200,0,9223372036800000000,2,0,10,0,0,7,0,2,1,0,0,3,1,0,3,0,0,0,0,2,0,1,-1,-1,-1,-1,0,10,-1,1,1,3,-1,-1,-1,0,0,1,0,0,10,0,0,0,42.6
1,0,0,0,-1,0,1,0,0,0,0,0,3,0,-1,1,-1,1,1,-1,2,3,0,-1,100,0,9223372036800000000,1e+75,0,10,0,0,7,0,0,1,0,0,1,1,0,0,0,0,0,0,2,0,1,-1,-1,-1,-1,0,10,-1,1,1,3,-1,-1,-1,0,0,1,0,0,10,0,0,0,33.37
1,0,0,0,-1,0,1,0,0,0,0,0,2,-1,0,1,2,2,2,-1,1,3,0,-1,50,0,9223372036800000000,0,0,10,0,0,7,0,1,1,0,0,2,1,0,3,200,0,0,2,2,0,1,-1,-1,-1,-1,0,10,-1,1,1,3,-1,-1,-1,0,0,1,0,0,10,0,0,0,33.25
1,0,0,0,-1,0,1,0,0,0,0,0,1,0,-1,0,-1,0,2,1,-1,3,0,-1,200,0,9223372036800000000,1e+75,0,10,0,0,7,0,0,1,0,0,2,1,0,2,0,0,0,0,2,0,1,-1,-1,-1,-1,0,10,-1,1,1,3,-1,-1,-1,0,0,1,0,0,10,0,0,0,33.18
1,0,0,0,-1,0,1,5,0,0,0,0,2,0,0,0,-1,2,0,2,0,3,0,-1,200,0,9223372036800000000,1e+75,0,10,0,0,7,0,0,1,0,0,1,1,0,0,0,0,0,0,2,0,1,-1,-1,-1,-1,0,10,-1,1,1,3,-1,-1,-1,0,0,1,0,0,10,0,0,0,38.65
1,0,0,0,-1,0,1,0,0,0,0,0,0,0,0,0,0,0,0,0,0,3,0,-1,200,0,9223372036800000000,1e+75,0,10,0,0,7,0,0,1,0,0,1,1,0,0,0,0,0,0,2,0,1,-1,-1,-1,-1,0,10,-1,1,1,3,-1,-1,-1,0,0,1,0,0,10,0,0,0,33.48
1,0,0,0,-1,0,1,0,0,0,0,0,0,0,1,2,0,0,1,1,2,3,0,-1,100,0,9223372036800000000,1e+75,0,10,0,0,7,0,2,1,0,0,2,1,0,2,0,0,0,1,2,0,1,-1,-1,-1,-1,0,10,-1,1,1,3,-1,-1,-1,0,0,1,0,0,10,0,0,0,33.18
1,0,0,0,-1,0,1,1,0,0,0,0,3,0,-1,2,0,2,0,-1,2,3,0,-1,200,0,9223372036800000000,1e+75,0,10,0,0,7,0,0,1,0,0,1,1,0,0,0,0,0,0,2,0,1,-1,-1,-1,-1,0,10,-1,1,1,3,-1,-1,-1,0,0,1,0,0,10,0,0,0,35.42
1,0,0,0,-1,0,1,4,0,0,0,0,0,0,0,0,2,1,1,-1,2,3,0,-1,25,0,9223372036800000000,1e+75,0,10,0,0,7,0,0,1,0,0,1,1,0,0,0,0,0,0,2,0,1,-1,-1,-1,-1,0,10,-1,1,1,3,-1,-1,-1,0,0,1,0,0,10,0,0,0,33.37
1,0,0,0,-1,0,1,1,0,0,0,0,-1,0,0,2,0,2,0,-1,2,3,0,-1,10,0,9223372036800000000,1e+75,0,10,0,0,7,0,0,1,0,0,1,1,0,0,0,0,0,0,2,0,1,-1,-1,-1,-1,0,10,-1,1,1,3,-1,-1,-1,0,0,1,0,0,10,0,0,0,42.54
1,0,0,0,-1,0,1,0,0,0,0,0,-1,-1,1,1,2,1,0,-1,1,3,0,8,50,0,9223372036800000000,5,0,10,0,0,7,0,2,1,0,0,2,1,0,2,100,1,0,4,2,0,1,-1,-1,-1,-1,0,10,-1,1,1,3,-1,-1,-1,0,0,1,0,0,10,0,0,0,42.62
1,0,0,0,-1,0,1,0,0,0,0,0,0,0,0,0,0,0,0,0,0,3,0,-1,150,0,9223372036800000000,1e+75,0,10,0,0,7,0,1,1,0,0,1,1,0,2,0,0,0,0,2,0,1,-1,-1,-1,-1,0,10,-1,1,1,3,-1,-1,-1,0,0,1,0,0,10,0,0,0,33.18
1,0,0,0,-1,0,1,4,0,0,0,0,3,2,-1,-1,2,-1,-1,1,0,3,0,4,150,0,9223372036800000000,1,0,10,0,0,7,0,0,1,0,0,2,1,0,0,60,4,4,0,2,0,1,-1,-1,-1,-1,0,10,-1,1,1,3,-1,-1,-1,0,0,1,1,0,10,0,0,0,43.99
1,0,0,0,-1,0,1,4,0,0,0,0,0,0,0,0,2,1,1,-1,2,3,0,-1,10,0,9223372036800000000,1e+75,0,10,0,0,7,0,0,1,0,0,1,1,0,0,0,0,0,0,2,0,1,-1,-1,-1,-1,0,10,-1,1,1,3,-1,-1,-1,0,0,1,0,0,10,0,0,0,33.37
1,0,0,0,-1,0,1,5,0,0,0,0,0,0,1,1,0,1,1,0,2,3,0,-1,200,0,9223372036800000000,1e+75,0,10,0,0,7,0,0,1,0,0,1,1,0,0,0,0,0,0,2,0,1,-1,-1,-1,-1,0,10,-1,1,1,3,-1,-1,-1,0,0,1,0,0,10,0,0,0,38.65
1,0,0,0,-1,0,1,1,1,0,4,0,1,1,1,2,0,1,2,1,2,3,0,4,25,0,9223372036800000000,0,0,10,0,0,7,0,0,1,0,0,3,1,0,1,1000,6,3,0,2,0,1,-1,-1,1,3,0,10,-1,1,1,3,-1,-1,-1,0,0,1,3,0,10,0,0,0,34.8
1,0,0,0,-1,0,1,2,0,0,0,0,1,2,1,0,-1,-1,2,2,0,3,0,-1,400,0,9223372036800000000,40,0,10,0,0,7,0,3,1,0,0,0,1,0,2,0,0,0,0,2,0,1,-1,-1,-1,-1,0,10,-1,1,1,3,-1,-1,-1,0,0,1,0,0,10,0,0,0,33.13
1,0,0,0,-1,0,1,3,0,0,0,0,0,0,1,2,0,0,1,2,1,3,0,-1,100,0,9223372036800000000,20,0,10,0,0,7,0,1,1,0,0,0,1,0,3,20,0,0,3,2,0,1,-1,-1,-1,-1,0,10,-1,1,1,3,-1,-1,-1,0,0,1,0,0,10,0,0,0,34.02
1,0,0,0,-1,0,1,5,0,0,0,0,2,0,0,1,-1,2,0,1,1,3,0,-1,800,0,9223372036800000000,1e+75,0,10,0,0,7,0,0,1,0,0,1,1,0,0,0,0,0,0,2,0,1,-1,-1,-1,-1,0,10,-1,1,1,3,-1,-1,-1,0,0,1,0,0,10,0,0,0,38.65
1,0,0,0,-1,0,1,3,0,0,0,0,2,0,0,0,-1,0,0,2,0,3,0,-1,10,0,9223372036800000000,1e+75,0,10,0,0,7,0,0,1,0,0,1,1,0,0,0,0,0,0,2,0,1,-1,-1,-1,-1,0,10,-1,1,1,3,-1,-1,-1,0,0,1,0,0,10,0,0,0,33.75
1,0,0,0,-1,0,1,1,0,0,0,0,2,1,0,1,2,1,-1,1,1,3,0,-1,150,0,9223372036800000000,2,0,10,0,0,7,0,1,1,0,0,3,1,0,3,0,0,0,0,2,0,1,-1,-1,-1,-1,0,10,-1,1,1,3,-1,-1,-1,0,0,1,0,0,10,0,0,0,35.23
1,0,0,0,-1,0,1,3,0,0,0,0,3,0,1,0,1,1,-1,2,-1,3,0,-1,800,0,9223372036800000000,120,0,10,0,0,7,0,2,1,0,0,0,1,0,3,0,0,0,-1,2,0,1,-1,-1,-1,-1,0,10,-1,1,1,3,-1,-1,-1,0,0,1,0,0,10,0,0,0,36.3
1,0,0,0,-1,0,1,0,0,0,0,0,3,0,0,1,1,-1,-1,2,2,3,0,-1,150,0,9223372036800000000,1e+75,0,10,0,0,7,0,0,1,0,0,1,1,0,0,0,0,0,0,2,0,1,-1,-1,-1,-1,0,10,-1,1,1,3,-1,-1,-1,0,0,1,0,0,10,0,0,0,33.48
1,0,0,0,-1,0,1,1,0,0,0,0,2,0,1,2,1,-1,1,0,0,3,0,-1,400,0,9223372036800000000,1e+75,0,10,0,0,7,0,0,1,0,0,1,1,0,0,0,0,0,0,2,0,1,-1,-1,-1,-1,0,10,-1,1,1,3,-1,-1,-1,0,0,1,0,0,10,0,0,0,35.42
1,0,0,0,-1,0,1,1,0,0,0,0,2,0,1,2,-1,-1,1,0,0,3,0,-1,400,0,9223372036800000000,1e+75,0,10,0,0,7,0,0,1,0,0,1,1,0,0,0,0,0,0,2,0,1,-1,-1,-1,-1,0,10,-1,1,1,3,-1,-1,-1,0,0,1,0,0,10,0,0,0,35.42
1,0,0,0,-1,0,1,3,0,0,0,0,1,0,-1,-1,0,2,1,1,-1,3,0,-1,25,0,9223372036800000000,1e+75,0,10,0,0,7,0,0,1,0,0,1,1,0,0,0,0,0,0,2,0,1,-1,-1,-1,-1,0,10,-1,1,1,3,-1,-1,-1,0,0,1,0,0,10,0,0,0,33.75
1,0,0,0,-1,0,1,2,0,0,0,0,3,0,1,0,-1,1,2,-1,0,3,0,-1,50,0,9223372036800000000,1e+75,0,10,0,0,7,0,0,1,0,0,1,1,0,0,0,0,0,0,2,0,1,-1,-1,-1,-1,0,10,-1,1,1,3,-1,-1,-1,0,0,1,0,0,10,0,0,0,33.37
1,0,0,0,-1,0,1,5,0,0,0,0,3,0,1,1,1,1,1,0,2,3,0,-1,200,0,9223372036800000000,1e+75,0,10,0,0,7,0,0,1,0,0,1,1,0,0,0,0,0,0,2,0,1,-1,-1,-1,-1,0,10,-1,1,1,3,-1,-1,-1,0,0,1,0,0,10,0,0,0,38.65
1,0,0,0,-1,0,1,4,0,0,0,0,0,0,1,2,1,-1,1,0,0,3,0,-1,400,0,9223372036800000000,1e+75,0,10,0,0,7,0,0,1,0,0,1,1,0,0,0,0,0,0,2,0,1,-1,-1,-1,-1,0,10,-1,1,1,3,-1,-1,-1,0,0,1,0,0,10,0,0,0,33.48
1,0,0,0,-1,0,1,2,0,0,1,0,3,3,0,0,0,-1,2,2,-1,3,0,1,200,0,9223372036800000000,40,0,10,0,0,7,0,1,1,0,0,2,1,0,-1,-1,0,2,-1,2,0,1,-1,-1,0,0,0,10,-1,1,1,3,-1,-1,-1,0,0,-1,5,0,10,0,0,0,42.92
1,0,0,0,-1,0,1,5,0,0,0,0,3,0,1,-1,1,2,0,1,0,3,0,-1,50,0,9223372036800000000,1e+75,0,10,0,0,7,0,0,1,0,0,1,1,0,0,0,0,0,0,2,0,1,-1,-1,-1,-1,0,10,-1,1,1,3,-1,-1,-1,0,0,1,0,0,10,0,0,0,38.65
1,0,0,0,-1,0,1,5,0,0,0,0,3,0,1,2,1,2,2,2,0,3,0,-1,25,0,9223372036800000000,1e+75,0,10,0,0,7,0,0,1,0,0,1,1,0,3,0,0,0,0,2,0,1,-1,-1,-1,-1,0,10,-1,1,1,3,-1,-1,-1,0,0,1,0,0,10,0,0,0,42.79
1,0,0,0,-1,0,1,1,0,0,0,0,0,1,0,0,-1,2,1,-1,0,3,0,1,800,0,9223372036800000000,2,0,10,0,0,7,0,1,1,0,0,2,1,0,3,0,2,0,3,2,0,1,-1,-1,-1,-1,0,10,-1,1,1,3,-1,-1,-1,0,0,1,0,0,10,0,0,0,41.81
1,0,0,0,-1,0,1,5,0,0,0,0,0,2,-1,1,-1,1,1,-1,0,3,0,8,10,0,9223372036800000000,1e+75,0,10,0,0,7,0,1,1,0,0,1,1,0,2,1000,0,0,1,2,0,1,-1,-1,-1,-1,0,10,-1,1,1,3,-1,-1,-1,0,0,1,0,0,10,0,0,0,42.8
1,0,0,0,-1,0,1,1,0,0,0,0,1,2,-1,1,-1,0,1,1,1,3,0,1,25,0,9223372036800000000,60,0,10,0,0,7,0,2,1,0,0,3,1,0,0,200,6,2,3,2,0,1,-1,-1,-1,-1,0,10,-1,1,1,3,-1,-1,-1,0,0,1,3,0,10,0,0,0,42.22
1,0,0,0,-1,0,1,0,0,0,0,0,2,0,-1,1,-1,2,0,-1,2,3,0,-1,10,0,9223372036800000000,1e+75,0,10,0,0,7,0,0,1,0,0,1,1,0,1,0,0,0,0,2,0,1,-1,-1,-1,-1,0,10,-1,1,1,3,-1,-1,-1,0,0,1,0,0,10,0,0,0,33.48
1,0,0,0,-1,0,1,0,0,0,0,0,3,0,-1,2,-1,2,2,2,1,3,0,-1,100,0,9223372036800000000,1e+75,0,10,0,0,7,0,0,1,0,0,1,1,0,0,0,0,0,0,2,0,1,-1,-1,-1,-1,0,10,-1,1,1,3,-1,-1,-1,0,0,1,0,0,10,0,0,0,33.56
1,0,0,0,-1,0,1,0,0,0,0,0,-1,-1,1,1,2,-1,0,-1,1,3,0,8,50,0,9223372036800000000,5,0,10,0,0,7,0,2,1,0,0,2,1,0,2,100,1,0,0,2,0,1,-1,-1,-1,-1,0,10,-1,1,1,3,-1,-1,-1,0,0,1,0,0,10,0,0,0,42.72
1,0,0,0,-1,0,1,4,0,0,0,0,1,0,0,1,1,-1,2,-1,1,3,0,-1,150,0,9223372036800000000,1e+75,0,10,0,0,7,0,0,1,0,0,1,1,0,0,0,0,0,0,2,0,1,-1,-1,-1,-1,0,10,-1,1,1,3,-1,-1,-1,0,0,1,0,0,10,0,0,0,33.48
1,0,0,0,-1,0,1,0,0,0,0,0,0,0,0,0,0,0,0,0,0,3,0,-1,50,0,9223372036800000000,1e+75,0,10,0,0,7,0,0,1,0,0,1,1,0,0,60,3,0,0,2,0,1,-1,-1,-1,-1,0,10,-1,1,1,3,-1,-1,-1,0,0,1,0,0,10,0,0,0,33.3
1,0,0,0,-1,0,1,5,0,0,0,0,0,3,0,2,0,0,1,1,2,3,0,8,100,0,9223372036800000000,1,0,10,0,0,7,0,3,1,0,0,1,1,0,1,40,1,0,3,2,0,1,-1,-1,-1,-1,0,10,-1,1,1,3,-1,-1,-1,0,0,1,0,0,10,0,0,0,38.82
1,0,0,0,-1,0,1,1,0,0,0,0,0,0,0,0,2,1,2,-1,2,3,0,-1,10,0,9223372036800000000,1e+75,0,10,0,0,7,0,0,1,0,0,1,1,0,0,0,0,0,0,2,0,1,-1,-1,-1,-1,0,10,-1,1,1,3,-1,-1,-1,0,0,1,0,0,10,0,0,0,35.12
1,0,0,0,-1,0,1,5,0,0,0,0,-1,-1,-1,-1,0,1,1,1,0,3,0,-1,150,0,9223372036800000000,40,0,10,0,0,7,0,1,1,0,0,1,1,0,0,0,0,0,3,2,0,1,-1,-1,-1,-1,0,10,-1,1,1,3,-1,-1,-1,0,0,1,0,0,10,0,0,0,42.72
1,0,0,0,-1,0,1,0,0,0,0,0,1,0,-1,0,-1,-1,2,1,-1,3,0,-1,50,0,9223372036800000000,5,0,10,0,0,7,0,0,1,0,0,1,1,0,2,0,0,0,0,2,0,1,-1,-1,-1,-1,0,10,-1,1,1,3,-1,-1,-1,0,0,1,0,0,10,0,0,0,33.13
1,0,0,0,-1,0,1,2,0,0,0,0,3,0,1,0,-1,2,2,-1,0,3,0,-1,10,0,9223372036800000000,1e+75,0,10,0,0,7,0,0,1,0,0,1,1,0,0,0,0,0,0,2,0,1,-1,-1,-1,-1,0,10,-1,1,1,3,-1,-1,-1,0,0,1,0,0,10,0,0,0,33.48
1,0,0,0,-1,0,1,2,0,0,0,0,3,0,1,0,1,0,2,-1,0,3,0,-1,150,0,9223372036800000000,1e+75,0,10,0,0,7,0,0,1,0,0,1,1,0,0,0,0,0,0,2,0,1,-1,-1,-1,-1,0,10,-1,1,1,3,-1,-1,-1,0,0,1,0,0,10,0,0,0,33.37
1,0,0,0,-1,0,1,3,0,0,0,0,3,0,1,0,1,1,-1,2,-1,3,0,-1,800,0,9223372036800000000,10,0,10,0,0,7,0,2,1,0,0,0,1,0,3,0,0,0,-1,2,0,1,-1,-1,-1,-1,0,10,-1,1,1,3,-1,-1,-1,0,0,1,0,0,10,0,0,0,36.3
1,0,0,0,-1,0,1,3,0,0,0,0,3,0,0,-1,2,-1,0,2,1,3,0,16,800,0,9223372036800000000,1,0,10,0,0,7,0,3,1,0,0,1,1,0,1,-1,0,0,4,2,0,1,-1,-1,-1,-1,0,10,-1,1,1,3,-1,-1,-1,0,0,1,0,0,10,0,0,0,36.56
1,0,0,0,-1,0,1,2,0,0,0,0,0,0,1,2,1,-1,1,0,0,3,0,-1,400,0,9223372036800000000,1e+75,0,10,0,0,7,0,0,1,0,0,1,1,0,0,0,0,0,0,2,0,1,-1,-1,-1,-1,0,10,-1,1,1,3,-1,-1,-1,0,0,1,0,0,10,0,0,0,33.48
1,0,0,0,-1,0,1,3,0,0,0,0,2,0,-1,0,-1,2,-1,-1,0,3,0,-1,150,0,9223372036800000000,1e+75,0,10,0,0,7,0,0,1,0,0,1,1,0,0,0,0,0,0,2,0,1,-1,-1,-1,-1,0,10,-1,1,1,3,-1,-1,-1,0,0,1,0,0,10,0,0,0,34.02
1,0,0,0,-1,0,1,0,0,0,0,0,0,0,0,0,0,0,0,0,0,3,0,-1,150,0,9223372036800000000,240,0,10,0,0,7,0,0,1,0,0,1,1,0,0,0,0,0,0,2,0,1,-1,-1,-1,-1,0,10,-1,1,1,3,-1,-1,-1,0,0,1,0,0,10,0,0,0,33.57
1,0,0,0,-1,0,1,4,1,0,3,0,0,1,0,2,2,2,0,1,-1,3,0,8,50,0,9223372036800000000,20,0,10,0,0,7,0,0,1,0,0,0,1,0,2,40,1,0,4,2,0,1,-1,-1,2,-1,0,10,-1,1,1,3,-1,-1,-1,0,0,0,4,0,10,0,0,0,32.17
1,0,0,0,-1,0,1,0,0,0,0,0,0,0,1,0,0,1,0,-1,0,3,0,-1,150,0,9223372036800000000,1e+75,0,10,0,0,7,0,0,1,0,0,1,1,0,-1,0,0,0,0,2,0,1,-1,-1,-1,-1,0,10,-1,1,1,3,-1,-1,-1,0,0,1,0,0,10,0,0,0,33.37
1,0,0,0,-1,0,1,3,0,0,0,0,-1,-1,0,1,1,0,-1,-1,0,3,0,-1,400,0,9223372036800000000,1e+75,0,10,0,0,7,0,2,1,0,0,3,1,0,0,200,0,0,2,2,0,1,-1,-1,-1,-1,0,10,-1,1,1,3,-1,-1,-1,0,0,1,0,0,10,0,0,0,42.68
1,0,0,0,-1,0,1,2,0,0,1,0,3,3,0,0,0,-1,2,2,-1,3,0,1,200,0,9223372036800000000,40,0,10,0,0,7,0,1,1,0,0,2,1,0,-1,0,0,2,2,2,0,1,-1,-1,0,0,0,10,-1,1,1,3,-1,-1,-1,0,0,-1,5,0,10,0,0,0,42.92
1,0,0,0,-1,0,1,0,0,0,0,0,2,0,-1,2,2,-1,1,2,1,3,0,-1,200,0,9223372036800000000,1e+75,0,10,0,0,7,0,0,1,0,0,1,1,0,0,0,0,0,0,2,0,1,-1,-1,-1,-1,0,10,-1,1,1,3,-1,-1,-1,0,0,1,0,0,10,0,0,0,33.48
1,0,0,0,-1,0,1,1,0,0,0,0,2,0,-1,2,2,-1,1,2,0,3,0,-1,200,0,9223372036800000000,1e+75,0,10,0,0,7,0,0,1,0,0,1,1,0,0,0,0,0,0,2,0,1,-1,-1,-1,-1,0,10,-1,1,1,3,-1,-1,-1,0,0,1,0,0,10,0,0,0,35.42
1,0,0,0,-1,0,1,2,0,0,4,0,2,0,1,2,-1,2,0,2,2,3,0,8,25,0,9223372036800000000,2,0,10,0,0,7,0,0,1,0,0,3,1,0,2,-1,3,5,-1,2,0,1,-1,-1,2,3,0,10,-1,1,1,3,-1,-1,-1,0,0,0,0,0,10,0,0,0,33.55
1,0,0,0,-1,0,1,0,0,0,0,0,-1,-1,1,1,2,1,0,-1,1,3,0,8,50,0,9223372036800000000,5,0,10,0,0,7,0,2,1,0,0,2,1,0,2,100,1,0,2,2,0,1,-1,-1,-1,-1,0,10,-1,1,1,3,-1,-1,-1,0,0,1,0,0,10,0,0,0,42.72
1,0,0,0,-1,0,1,2,0,0,0,0,0,0,0,0,-1,2,0,2,0,3,0,-1,10,0,9223372036800000000,1e+75,0,10,0,0,7,0,0,1,0,0,1,1,0,0,0,0,0,0,2,0,1,-1,-1,-1,-1,0,10,-1,1,1,3,-1,-1,-1,0,0,1,0,0,10,0,0,0,33.48
1,0,0,0,-1,0,1,4,0,0,0,0,3,0,0,0,-1,2,-1,-1,2,3,0,-1,800,0,9223372036800000000,1e+75,0,10,0,0,7,0,0,1,0,0,1,1,0,1,0,0,0,0,2,0,1,-1,-1,-1,-1,0,10,-1,1,1,3,-1,-1,-1,0,0,1,0,0,10,0,0,0,33.83
1,0,0,0,-1,0,1,0,0,0,0,0,-1,1,1,2,0,1,-1,1,-1,3,0,-1,10,0,9223372036800000000,5,0,10,0,0,7,0,1,1,0,0,3,1,0,-1,0,0,0,-1,2,0,1,-1,-1,-1,-1,0,10,-1,1,1,3,-1,-1,-1,0,0,1,0,0,10,0,0,0,33.81
1,0,0,0,-1,0,1,3,0,0,0,0,3,3,0,0,-1,-1,1,-1,-1,3,0,2,800,0,9223372036800000000,5,0,10,0,0,7,0,2,1,0,0,2,1,0,2,1000,5,0,4,2,0,1,-1,-1,-1,-1,0,10,-1,1,1,3,-1,-1,-1,0,0,1,0,0,10,0,0,0,34.9
1,0,0,0,-1,0,1,4,0,0,0,0,1,0,1,1,1,0,2,1,1,3,0,-1,150,0,9223372036800000000,1e+75,0,10,0,0,7,0,0,1,0,0,1,1,0,0,0,0,0,0,2,0,1,-1,-1,-1,-1,0,10,-1,1,1,3,-1,-1,-1,0,0,1,0,0,10,0,0,0,33.37
1,0,0,0,-1,0,1,3,0,0,0,0,0,0,1,1,1,1,1,1,2,3,0,-1,200,0,9223372036800000000,1e+75,0,10,0,0,7,0,0,1,0,0,1,1,0,0,0,0,0,0,2,0,1,-1,-1,-1,-1,0,10,-1,1,1,3,-1,-1,-1,0,0,1,0,0,10,0,0,0,35.23
1,0,0,0,-1,0,1,0,0,0,0,0,0,0,0,0,0,0,0,0,0,3,0,-1,150,0,9223372036800000000,1,0,10,0,0,7,0,0,1,20,0,1,1,0,2,-1,0,0,0,2,0,1,-1,-1,-1,-1,0,10,-1,1,1,3,-1,-1,-1,0,0,1,0,0,10,0,0,0,32.92
1,0,0,0,-1,0,1,5,1,0,2,0,-1,1,-1,0,2,-1,1,2,1,3,0,2,200,0,9223372036800000000,5,0,10,0,0,7,0,1,1,0,0,0,1,0,-1,20,2,5,2,2,0,1,-1,-1,2,-1,0,10,-1,1,1,3,-1,-1,-1,0,0,1,2,0,10,0,0,0,29.87
1,0,0,0,-1,0,1,5,0,0,0,0,1,3,0,-1,0,2,2,1,2,3,0,-1,400,0,9223372036800000000,1e+75,0,10,0,0,7,0,2,1,0,0,1,1,0,1,0,0,0,3,2,0,1,-1,-1,-1,-1,0,10,-1,1,1,3,-1,-1,-1,0,0,1,0,0,10,0,0,0,38.65
1,0,0,0,-1,0,1,3,1,0,5,0,-1,-1,-1,-1,2,1,-1,-1,0,3,0,1,800,0,9223372036800000000,50,0,10,0,0,7,0,3,1,0,0,0,1,0,1,20,1,2,-1,2,0,1,-1,-1,-1,2,0,10,-1,1,1,3,-1,-1,-1,0,0,1,2,0,10,0,0,0,30.05
1,0,0,0,-1,0,1,4,0,0,0,0,3,0,0,2,-1,2,0,-1,2,3,0,-1,200,0,9223372036800000000,1e+75,0,10,0,0,7,0,0,1,0,0,1,1,0,0,0,0,0,0,2,0,1,-1,-1,-1,-1,0,10,-1,1,1,3,-1,-1,-1,0,0,1,0,0,10,0,0,0,33.69
1,0,0,0,-1,0,1,5,0,0,0,0,0,0,1,1,1,1,-1,0,2,3,0,-1,200,0,9223372036800000000,1e+75,0,10,0,0,7,0,0,1,0,0,1,1,0,0,0,0,0,0,2,0,1,-1,-1,-1,-1,0,10,-1,1,1,3,-1,-1,-1,0,0,1,0,0,10,0,0,0,38.65
1,0,0,0,-1,0,1,4,0,0,0,0,3,0,0,2,0,2,0,-1,-1,3,0,-1,150,0,9223372036800000000,1e+75,0,10,0,0,7,0,0,1,0,0,1,1,0,0,0,0,0,0,2,0,1,-1,-1,-1,-1,0,10,-1,1,1,3,-1,-1,-1,0,0,1,0,0,10,0,0,0,33.64
1,0,0,0,-1,0,1,0,0,0,0,0,0,0,1,2,-1,0,-1,1,2,3,0,-1,100,0,9223372036800000000,1e+75,0,10,0,0,7,0,2,1,0,0,2,1,0,-1,0,0,0,1,2,0,1,-1,-1,-1,-1,0,10,-1,1,1,3,-1,-1,-1,0,0,1,0,0,10,0,0,0,33.37
1,0,0,0,-1,0,1,0,0,0,0,0,-1,-1,-1,0,1,2,2,2,-1,3,0,-1,400,0,9223372036800000000,20,0,10,0,0,7,0,2,1,0,0,2,1,0,1,0,0,0,3,2,0,1,-1,-1,-1,-1,0,10,-1,1,1,3,-1,-1,-1,0,0,1,0,0,10,0,0,0,42.68
1,0,0,0,-1,0,1,3,0,0,0,0,1,0,0,0,0,2,0,1,-1,3,0,-1,25,0,9223372036800000000,1e+75,0,10,0,0,7,0,0,1,0,0,1,1,0,0,0,0,0,0,2,0,1,-1,-1,-1,-1,0,10,-1,1,1,3,-1,-1,-1,0,0,1,0,0,10,0,0,0,33.75
1,0,0,0,-1,0,1,5,0,0,0,0,1,3,0,-1,0,2,2,1,2,3,0,-1,400,0,9223372036800000000,1e+75,0,10,0,0,7,0,2,1,0,0,3,1,0,1,0,0,0,2,2,0,1,-1,-1,-1,-1,0,10,-1,1,1,3,-1,-1,-1,0,0,1,0,0,10,0,0,0,38.65
1,0,0,0,-1,0,1,5,0,0,0,0,3,1,-1,0,2,1,1,-1,1,3,0,4,800,0,9223372036800000000,1,0,10,0,0,7,0,0,1,0,0,1,1,0,0,-1,0,0,4,2,0,1,-1,-1,-1,-1,0,10,-1,1,1,3,-1,-1,-1,0,0,1,0,0,10,0,0,0,38.65
1,0,0,0,-1,0,1,0,0,0,0,0,0,0,0,0,0,0,0,0,0,3,0,-1,150,0,9223372036800000000,1e+75,0,10,0,0,7,0,0,1,0,0,2,1,0,2,0,0,0,0,2,0,1,-1,-1,-1,-1,0,10,-1,1,1,3,-1,-1,-1,0,0,1,0,0,10,0,0,0,33.18
1,0,0,0,-1,0,1,0,0,0,0,0,2,0,0,2,2,-1,1,2,0,3,0,-1,200,0,9223372036800000000,1e+75,0,10,0,0,7,0,0,1,0,0,1,1,0,0,0,0,0,0,2,0,1,-1,-1,-1,-1,0,10,-1,1,1,3,-1,-1,-1,0,0,1,0,0,10,0,0,0,33.48
1,0,0,0,-1,0,1,4,0,0,0,0,3,0,0,0,0,0,2,1,2,3,0,-1,25,0,9223372036800000000,1e+75,0,10,0,0,7,0,0,1,0,0,1,1,0,0,0,0,0,0,2,0,1,-1,-1,-1,-1,0,10,-1,1,1,3,-1,-1,-1,0,0,1,0,0,10,0,0,0,33.37
1,0,0,0,-1,0,1,5,0,0,0,0,2,0,1,0,1,-1,2,-1,0,3,0,-1,150,0,9223372036800000000,1e+75,0,10,0,0,7,0,0,1,0,0,1,1,0,0,0,0,0,0,2,0,1,-1,-1,-1,-1,0,10,-1,1,1,3,-1,-1,-1,0,0,1,0,0,10,0,0,0,42.92
1,0,0,0,-1,0,1,3,1,0,2,0,-1,1,-1,0,2,-1,1,0,1,3,0,2,200,0,9223372036800000000,1e+75,0,10,0,0,7,0,1,1,0,0,0,1,0,-1,20,2,5,2,2,0,1,-1,-1,2,-1,0,10,-1,1,1,3,-1,-1,-1,0,0,1,2,0,10,0,0,0,29.4
1,0,0,0,-1,0,1,0,0,0,0,0,-1,1,0,-1,-1,2,-1,1,0,3,0,-1,50,0,9223372036800000000,1,0,10,0,0,7,0,1,1,0,0,2,1,0,2,-1,0,0,4,2,0,1,-1,-1,-1,-1,0,10,-1,1,1,3,-1,-1,-1,0,0,1,0,0,10,0,0,0,42.29
1,0,0,0,-1,0,1,4,0,0,0,0,-1,0,0,0,0,1,2,1,2,3,0,-1,25,0,9223372036800000000,1e+75,0,10,0,0,7,0,0,1,0,0,1,1,0,0,0,0,0,0,2,0,1,-1,-1,-1,-1,0,10,-1,1,1,3,-1,-1,-1,0,0,1,0,0,10,0,0,0,42.28
1,0,0,0,-1,0,1,4,0,0,0,0,0,0,1,-1,2,2,-1,0,1,3,0,-1,200,0,9223372036800000000,1e+75,0,10,0,0,7,0,0,1,0,0,1,1,0,0,0,0,0,0,2,0,1,-1,-1,-1,-1,0,10,-1,1,1,3,-1,-1,-1,0,0,1,0,0,10,0,0,0,33.69
1,0,0,0,-1,0,1,5,0,0,4,0,2,3,-1,0,-1,2,0,2,0,3,0,-1,50,0,9223372036800000000,240,0,10,0,0,7,0,0,1,0,0,2,1,0,2,1000,2,1,0,2,0,1,-1,-1,2,1,0,10,-1,1,1,3,-1,-1,-1,0,0,1,0,0,10,0,0,0,42.79
1,0,0,0,-1,0,1,2,0,0,0,0,-1,1,0,-1,2,-1,0,1,1,3,0,-1,200,0,9223372036800000000,2,0,10,0,0,7,0,2,1,0,0,3,1,0,3,0,0,0,4,2,0,1,-1,-1,-1,-1,0,10,-1,1,1,3,-1,-1,-1,0,0,1,0,0,10,0,0,0,42.6
1,0,0,0,-1,0,1,4,0,0,0,0,3,0,0,1,2,0,2,2,0,3,0,8,50,0,9223372036800000000,30,0,10,0,0,7,0,0,1,0,0,2,1,0,0,1000,0,0,-1,2,0,1,-1,-1,-1,-1,0,10,-1,1,1,3,-1,-1,-1,0,0,1,0,0,10,0,0,0,33.44
1,0,0,0,-1,0,1,0,0,0,0,0,0,-1,-1,2,1,2,0,2,-1,3,0,16,150,0,9223372036800000000,20,0,10,0,0,7,0,2,1,0,0,0,1,0,0,-1,1,0,-1,2,0,1,-1,-1,-1,-1,0,10,-1,1,1,3,-1,-1,-1,0,0,1,0,0,10,0,0,0,33.51
1,0,0,0,-1,0,1,3,0,0,0,0,1,0,0,0,0,2,0,-1,-1,3,0,-1,800,0,9223372036800000000,1e+75,0,10,0,0,7,0,0,1,0,0,1,1,0,0,0,0,0,0,2,0,1,-1,-1,-1,-1,0,10,-1,1,1,3,-1,-1,-1,0,0,1,0,0,10,0,0,0,34.29
1,0,0,0,-1,0,1,2,0,0,0,0,3,0,1,2,1,2,0,1,0,3,0,-1,50,0,9223372036800000000,1e+75,0,10,0,0,7,0,0,1,0,0,1,1,0,0,0,0,0,0,2,0,1,-1,-1,-1,-1,0,10,-1,1,1,3,-1,-1,-1,0,0,1,0,0,10,0,0,0,33.48
1,0,0,0,-1,0,1,0,0,0,0,0,0,0,1,2,-1,0,1,1,2,3,0,-1,100,0,9223372036800000000,0,0,10,0,0,7,0,2,1,0,0,2,1,0,-1,0,0,0,1,2,0,1,-1,-1,-1,-1,0,10,-1,1,1,3,-1,-1,-1,0,0,1,0,0,10,0,0,0,33.37
1,0,0,0,-1,0,1,3,0,0,0,0,-1,2,1,-1,-1,2,2,-1,2,3,0,-1,25,0,9223372036800000000,20,0,10,0,0,7,0,3,1,0,0,0,1,0,0,200,0,0,2,2,0,1,-1,-1,-1,-1,0,10,-1,1,1,3,-1,-1,-1,0,0,1,0,0,10,0,0,0,42.52
1,0,0,0,-1,0,1,0,0,0,0,0,0,0,0,0,0,0,0,0,0,3,0,-1,150,0,9223372036800000000,1,0,10,0,0,0,0,0,1,0,0,1,1,0,2,-1,0,0,0,2,0,1,-1,-1,-1,-1,0,10,-1,1,1,3,-1,-1,-1,0,0,1,0,0,10,0,0,0,32.92
1,0,0,0,-1,0,1,0,0,0,0,0,2,0,-1,2,2,-1,1,2,2,3,0,-1,200,0,9223372036800000000,1e+75,0,10,0,0,7,0,0,1,0,0,1,1,0,0,0,0,0,0,2,0,1,-1,-1,-1,-1,0,10,-1,1,1,3,-1,-1,-1,0,0,1,0,0,10,0,0,0,33.48
1,0,0,0,-1,0,1,0,0,0,0,0,2,2,-1,2,2,1,1,0,-1,3,0,-1,100,0,9223372036800000000,5,0,10,0,0,7,0,0,1,0,0,1,1,0,1,0,0,0,0,2,0,1,-1,-1,-1,-1,0,10,-1,1,1,3,-1,-1,-1,0,0,1,0,0,10,0,0,0,33.57
1,0,0,0,-1,0,1,0,0,0,0,0,0,0,0,0,0,0,0,2,0,3,0,-1,150,0,9223372036800000000,1e+75,0,10,0,0,7,0,0,1,0,0,1,1,0,0,0,0,0,0,2,0,1,-1,-1,-1,-1,0,10,-1,1,1,3,-1,-1,-1,0,0,1,0,0,10,0,0,0,33.37
1,0,0,0,-1,0,1,0,0,0,0,0,2,0,-1,2,-1,-1,1,2,0,3,0,-1,200,0,9223372036800000000,1e+75,0,10,0,0,7,0,0,1,0,0,1,1,0,0,0,0,0,0,2,0,1,-1,-1,-1,-1,0,10,-1,1,1,3,-1,-1,-1,0,0,1,0,0,10,0,0,0,33.48
1,0,0,0,-1,0,1,3,0,0,0,0,-1,-1,-1,0,1,2,-1,2,-1,3,0,-1,50,0,9223372036800000000,50,0,10,0,0,7,0,2,1,0,0,2,1,0,1,0,0,0,3,2,0,1,-1,-1,-1,-1,0,10,-1,1,1,3,-1,-1,-1,0,0,1,0,0,10,0,0,0,42.58
1,0,0,0,-1,0,1,2,0,0,0,0,3,0,1,0,1,0,0,-1,0,3,0,-1,150,0,9223372036800000000,1e+75,0,10,0,0,7,0,0,1,0,0,1,1,0,0,0,0,0,0,2,0,1,-1,-1,-1,-1,0,10,-1,1,1,3,-1,-1,-1,0,0,1,0,0,10,0,0,0,33.37
1,0,0,0,-1,0,1,2,0,0,0,0,0,0,0,-1,0,0,2,2,2,3,0,-1,50,0,9223372036800000000,1e+75,0,10,0,0,7,0,0,1,0,0,1,1,0,0,0,0,0,0,2,0,1,-1,-1,-1,-1,0,10,-1,1,1,3,-1,-1,-1,0,0,1,0,0,10,0,0,0,33.37
1,0,0,0,-1,0,1,1,0,0,0,0,-1,0,-1,1,-1,2,2,2,0,3,0,-1,25,0,9223372036800000000,1e+75,0,10,0,0,7,0,0,1,0,0,1,1,0,-1,0,0,0,0,2,0,1,-1,-1,-1,-1,0,10,-1,1,1,3,-1,-1,-1,0,0,1,0,0,10,0,0,0,42.51
1,0,0,0,-1,0,1,2,0,0,0,0,2,0,-1,2,2,-1,1,2,0,3,0,-1,200,0,9223372036800000000,1e+75,0,10,0,0,7,0,0,1,0,0,1,1,0,0,0,0,0,0,2,0,1,-1,-1,-1,-1,0,10,-1,1,1,3,-1,-1,-1,0,0,1,0,0,10,0,0,0,33.48
1,0,0,0,-1,0,1,3,0,0,0,0,3,0,1,0,1,1,-1,2,-1,3,0,-1,800,0,9223372036800000000,0,0,10,0,0,7,0,0,1,0,0,0,1,0,3,0,0,0,-1,2,0,1,-1,-1,-1,-1,0,10,-1,1,1,3,-1,-1,-1,0,0,1,0,0,10,0,0,0,35.23
1,0,0,0,-1,0,1,4,0,0,0,0,-1,3,0,2,1,2,2,1,2,3,0,-1,100,0,9223372036800000000,10,0,10,0,0,7,0,3,1,0,0,0,1,0,0,0,0,0,-1,2,0,1,-1,-1,-1,-1,0,10,-1,1,1,3,-1,-1,-1,0,0,1,0,0,10,0,0,0,42.71
1,0,0,0,-1,0,1,5,0,0,0,0,0,0,1,-1,2,2,-1,0,1,3,0,-1,10,0,9223372036800000000,1e+75,0,10,0,0,7,0,0,1,0,0,1,1,0,0,0,0,0,0,2,0,1,-1,-1,-1,-1,0,10,-1,1,1,3,-1,-1,-1,0,0,1,0,0,10,0,0,0,38.65
1,0,0,0,-1,0,1,5,0,0,0,0,2,0,-1,2,2,-1,1,2,0,3,0,-1,200,0,9223372036800000000,1e+75,0,10,0,0,7,0,0,1,0,0,1,1,0,0,0,0,0,0,2,0,1,-1,-1,-1,-1,0,10,-1,1,1,3,-1,-1,-1,0,0,1,0,0,10,0,0,0,42.92
1,0,0,0,-1,0,1,4,0,0,0,0,-1,3,0,2,1,2,2,1,2,3,0,-1,400,0,9223372036800000000,10,0,10,0,0,7,0,2,1,0,0,0,1,0,0,0,0,0,-1,2,0,1,-1,-1,-1,-1,0,10,-1,1,1,3,-1,-1,-1,0,0,1,0,0,10,0,0,0,42.71
1,0,0,0,-1,0,1,2,0,0,0,0,0,0,-1,-1,0,1,-1,2,0,3,0,-1,150,0,9223372036800000000,1e+75,0,10,0,0,7,0,0,1,0,0,1,1,0,1,0,0,0,0,2,0,1,-1,-1,-1,-1,0,10,-1,1,1,3,-1,-1,-1,0,0,1,0,0,10,0,0,0,33.37
1,0,0,0,-1,0,1,2,0,0,0,0,3,0,1,-1,1,2,0,1,0,3,0,-1,100,0,9223372036800000000,1e+75,0,10,0,0,7,0,0,1,0,0,1,1,0,0,0,0,0,0,2,0,1,-1,-1,-1,-1,0,10,-1,1,1,3,-1,-1,-1,0,0,1,0,0,10,0,0,0,33.56
1,0,0,0,-1,0,1,5,0,0,4,0,2,3,-1,0,-1,2,0,2,0,3,0,-1,50,0,9223372036800000000,20,0,10,0,0,7,0,0,1,0,0,2,1,0,2,1000,2,1,1,2,0,1,-1,-1,2,1,0,10,-1,1,1,3,-1,-1,-1,0,0,1,4,0,10,0,0,0,42.8
1,0,0,0,-1,0,1,2,0,0,0,0,-1,1,0,-1,2,-1,0,1,0,3,0,-1,200,0,9223372036800000000,2,0,10,0,0,7,0,2,1,0,0,3,1,0,3,0,0,0,3,2,0,1,-1,-1,-1,-1,0,10,-1,1,1,3,-1,-1,-1,0,0,1,0,0,10,0,0,0,42.61
1,0,0,0,-1,0,1,0,0,0,0,0,2,3,0,0,-1,2,-1,-1,0,3,0,8,800,0,9223372036800000000,60,0,10,0,0,7,0,0,1,0,0,3,1,0,-1,20,5,4,4,2,0,1,-1,-1,-1,-1,0,10,-1,1,1,3,-1,-1,-1,0,0,1,1,0,10,0,0,0,43.27
1,0,0,0,-1,0,1,0,0,0,0,0,0,0,0,-1,2,-1,2,1,0,3,0,-1,100,0,9223372036800000000,2,0,10,0,0,7,0,1,1,0,0,1,1,0,2,-1,0,0,0,2,0,1,-1,-1,-1,-1,0,10,-1,1,1,3,-1,-1,-1,0,0,1,0,0,10,0,0,0,33.03
1,0,0,0,-1,0,1,0,0,0,0,0,1,3,-1,2,0,2,2,1,1,3,0,8,800,0,9223372036800000000,1e+75,0,10,0,0,7,0,1,1,0,0,2,1,0,2,60,0,0,2,2,0,1,-1,-1,-1,-1,0,10,-1,1,1,3,-1,-1,-1,0,0,1,0,0,10,0,0,0,33.55
1,0,0,0,-1,0,1,5,0,0,0,0,0,2,0,-1,0,-1,1,2,-1,3,0,4,400,0,9223372036800000000,1,0,10,0,0,7,0,2,1,0,0,1,1,0,3,1000,3,0,1,2,0,1,-1,-1,-1,-1,0,10,-1,1,1,3,-1,-1,-1,0,0,1,0,0,10,0,0,0,42.8
1,0,0,0,-1,0,1,0,0,0,0,0,-1,-1,1,2,0,-1,1,0,1,3,0,-1,10,0,9223372036800000000,5,0,10,0,0,7,0,3,1,0,0,2,1,0,-1,0,0,0,2,2,0,1,-1,-1,-1,-1,0,10,-1,1,1,3,-1,-1,-1,0,0,1,0,0,10,0,0,0,33.43
1,0,0,0,-1,0,1,0,0,0,0,0,1,0,-1,2,2,-1,1,2,0,3,0,-1,200,0,9223372036800000000,1e+75,0,10,0,0,7,0,0,1,0,0,1,1,0,0,0,0,0,0,2,0,1,-1,-1,-1,-1,0,10,-1,1,1,3,-1,-1,-1,0,0,1,0,0,10,0,0,0,33.48
1,0,0,0,-1,0,1,0,0,0,0,0,0,0,0,0,0,0,0,0,0,3,0,-1,50,0,9223372036800000000,240,0,10,0,0,7,0,0,1,0,0,1,1,0,2,60,0,0,0,2,0,1,-1,-1,-1,-1,0,10,-1,1,1,3,-1,-1,-1,0,0,1,0,0,10,0,0,0,32.88
1,0,0,0,-1,0,1,3,0,0,0,0,2,3,1,0,2,0,-1,1,0,3,0,1,10,0,9223372036800000000,60,0,10,0,0,7,0,3,1,0,0,1,1,0,-1,200,2,2,2,2,0,1,-1,-1,3,0,0,10,-1,1,1,3,-1,-1,-1,0,0,0,1,0,10,0,0,0,42.56
1,0,0,0,-1,0,1,3,0,0,0,0,2,0,-1,2,2,-1,1,2,0,3,0,-1,200,0,9223372036800000000,1e+75,0,10,0,0,7,0,0,1,0,0,1,1,0,0,0,0,0,0,2,0,1,-1,-1,-1,-1,0,10,-1,1,1,3,-1,-1,-1,0,0,1,0,0,10,0,0,0,36.3
1,0,0,0,-1,0,1,2,0,0,1,0,3,3,-1,0,0,-1,2,2,-1,3,0,1,200,0,9223372036800000000,40,0,10,0,0,7,0,1,1,0,0,2,1,0,-1,-1,0,2,-1,2,0,1,-1,-1,0,0,0,10,-1,1,1,3,-1,-1,-1,0,0,-1,5,0,10,0,0,0,42.92
1,0,0,0,-1,2,1,1,0,0,0,0,3,0,-1,1,1,1,2,-1,1,3,0,16,400,0,9223372036800000000,1e+75,0,10,0,0,7,0,2,1,0,0,1,1,0,-1,100,5,0,-1,2,0,1,-1,-1,-1,-1,0,10,-1,1,1,3,-1,-1,-1,0,0,1,0,0,10,0,0,0,26.45
1,0,0,0,-1,0,1,2,0,0,0,0,0,0,-1,-1,0,1,-1,0,2,3,0,-1,150,0,9223372036800000000,1e+75,0,10,0,0,7,0,0,1,0,0,1,1,0,1,0,0,0,0,2,0,1,-1,-1,-1,-1,0,10,-1,1,1,3,-1,-1,-1,0,0,1,0,0,10,0,0,0,33.37
1,0,0,0,-1,0,1,4,0,0,0,0,1,0,1,1,1,2,2,-1,1,3,0,-1,150,0,9223372036800000000,1e+75,0,10,0,0,7,0,0,1,0,0,1,1,0,0,0,0,0,0,2,0,1,-1,-1,-1,-1,0,10,-1,1,1,3,-1,-1,-1,0,0,1,0,0,10,0,0,0,33.64
1,0,0,0,-1,0,1,5,0,0,0,0,1,1,-1,0,0,0,-1,0,-1,3,0,16,100,0,9223372036800000000,10,0,10,0,0,7,0,0,1,0,0,2,1,0,1,-1,2,1,0,2,0,1,-1,-1,-1,-1,0,10,-1,1,1,3,-1,-1,-1,0,0,1,4,0,10,0,0,0,42.79
1,0,0,0,-1,0,1,0,0,0,0,0,2,0,0,1,0,2,-1,1,1,3,0,-1,10,0,9223372036800000000,30,0,10,0,0,7,0,3,1,0,0,1,1,0,2,0,0,0,4,2,0,1,-1,-1,-1,-1,0,10,-1,1,1,3,-1,-1,-1,0,0,1,0,0,10,0,0,0,33.13
1,0,0,0,-1,0,1,0,0,0,0,0,0,-1,-1,2,1,2,0,2,-1,3,0,16,10,0,9223372036800000000,20,0,10,0,0,7,0,2,1,0,0,0,1,0,-1,60,1,0,-1,2,0,1,-1,-1,-1,-1,0,10,-1,1,1,3,-1,-1,-1,0,0,1,0,0,10,0,0,0,33.34
1,0,0,0,-1,0,1,5,0,0,0,0,-1,-1,-1,-1,0,2,-1,1,0,3,0,-1,150,0,9223372036800000000,40,0,10,0,0,7,0,1,1,0,0,1,1,0,0,0,0,0,3,2,0,1,-1,-1,-1,-1,0,10,-1,1,1,3,-1,-1,-1,0,0,1,0,0,10,0,0,0,42.72
1,0,0,0,-1,0,1,3,0,0,0,0,2,0,0,1,-1,2,0,1,1,3,0,-1,50,0,9223372036800000000,1e+75,0,10,0,0,7,0,0,1,0,0,1,1,0,0,0,0,0,0,2,0,1,-1,-1,-1,-1,0,10,-1,1,1,3,-1,-1,-1,0,0,1,0,0,10,0,0,0,34.02
1,0,0,0,-1,0,1,0,0,0,0,0,3,0,-1,2,2,-1,1,2,0,3,0,-1,200,0,9223372036800000000,1e+75,0,10,0,0,7,0,0,1,0,0,1,1,0,0,0,0,0,0,2,0,1,-1,-1,-1,-1,0,10,-1,1,1,3,-1,-1,-1,0,0,1,0,0,10,0,0,0,33.48
1,0,0,0,-1,0,1,0,0,0,0,0,2,0,-1,2,2,-1,1,1,0,3,0,-1,200,0,9223372036800000000,1e+75,0,10,0,0,7,0,0,1,0,0,1,1,0,0,0,0,0,0,2,0,1,-1,-1,-1,-1,0,10,-1,1,1,3,-1,-1,-1,0,0,1,0,0,10,0,0,0,33.48
1,0,0,0,-1,0,1,1,0,0,0,0,-1,0,0,2,0,2,0,-1,2,3,0,-1,25,0,9223372036800000000,1e+75,0,10,0,0,7,0,0,1,0,0,1,1,0,0,0,0,0,0,2,0,1,-1,-1,-1,-1,0,10,-1,1,1,3,-1,-1,-1,0,0,1,0,0,10,0,0,0,42.51
1,0,0,0,-1,0,1,1,0,0,0,0,0,0,1,0,1,0,1,0,2,3,0,16,100,0,9223372036800000000,10,0,10,0,0,7,0,2,1,0,0,1,1,0,-1,500,6,1,4,2,0,1,-1,-1,3,0,0,10,-1,1,1,3,-1,-1,-1,0,0,1,2,0,10,0,0,0,38.67
1,0,0,0,-1,0,1,1,0,0,0,0,-1,0,-1,2,2,-1,-1,2,1,3,0,-1,50,0,9223372036800000000,1e+75,0,10,0,0,7,0,0,1,0,0,1,1,0,1,0,0,0,0,2,0,1,-1,-1,-1,-1,0,10,-1,1,1,3,-1,-1,-1,0,0,1,0,0,10,0,0,0,42.18
1,0,0,0,-1,0,1,4,1,0,3,0,2,-1,1,1,2,1,2,-1,2,3,0,8,50,0,9223372036800000000,0,0,10,0,0,7,0,2,1,0,0,3,1,0,0,40,3,5,4,2,0,1,-1,-1,2,2,0,10,-1,1,1,3,-1,-1,-1,0,0,0,2,0,10,0,0,0,32.44
1,0,0,0,-1,0,1,0,0,0,0,0,0,0,0,0,0,0,0,0,0,3,0,-1,150,0,9223372036800000000,120,0,10,0,0,7,0,0,1,0,0,1,1,0,0,0,0,0,0,2,0,1,-1,-1,-1,-1,0,10,-1,1,1,3,-1,-1,-1,0,0,1,0,0,10,0,0,0,33.57
1,0,0,0,-1,0,1,4,0,0,0,0,3,0,1,-1,2,0,2,0,-1,3,0,4,25,0,9223372036800000000,60,0,10,0,0,7,0,0,1,0,0,2,1,0,0,1000,2,0,1,2,0,1,-1,-1,-1,-1,0,10,-1,1,1,3,-1,-1,-1,0,0,1,0,0,10,0,0,0,33.36
1,0,0,0,-1,0,1,0,0,0,0,0,0,0,0,0,0,0,0,0,0,3,0,-1,150,0,9223372036800000000,30,0,10,0,0,7,0,0,1,0,0,1,1,0,0,0,0,0,0,2,0,1,-1,-1,-1,-1,0,10,-1,1,1,3,-1,-1,-1,0,0,1,0,0,10,0,0,0,33.57
1,0,0,0,-1,0,1,5,0,0,0,0,3,0,1,0,1,-1,2,-1,1,3,0,-1,150,0,9223372036800000000,1e+75,0,10,0,0,7,0,0,1,0,0,1,1,0,0,0,0,0,0,2,0,1,-1,-1,-1,-1,0,10,-1,1,1,3,-1,-1,-1,0,0,1,0,0,10,0,0,0,42.92
1,0,0,0,-1,0,1,2,0,0,0,0,2,0,1,-1,1,2,0,1,0,3,0,-1,50,0,9223372036800000000,1e+75,0,10,0,0,7,0,0,1,0,0,1,1,0,0,0,0,0,0,2,0,1,-1,-1,-1,-1,0,10,-1,1,1,3,-1,-1,-1,0,0,1,0,0,10,0,0,0,33.48
1,0,0,0,-1,0,1,0,0,0,0,0,0,0,1,0,-1,1,0,-1,0,3,0,-1,10,0,9223372036800000000,1e+75,0,10,0,0,7,0,0,1,0,0,1,1,0,-1,0,0,0,0,2,0,1,-1,-1,-1,-1,0,10,-1,1,1,3,-1,-1,-1,0,0,1,0,0,10,0,0,0,33.3
1,0,0,0,-1,0,1,5,0,0,0,0,2,3,-1,0,1,1,2,2,0,3,0,1,200,0,9223372036800000000,40,0,10,0,0,7,0,1,1,0,0,3,1,0,-1,500,0,0,3,2,0,1,-1,-1,-1,-1,0,10,-1,1,1,3,-1,-1,-1,0,0,1,0,0,10,0,0,0,42.73
1,0,0,0,-1,0,1,1,0,0,0,0,-1,0,0,2,0,2,0,-1,0,3,0,-1,200,0,9223372036800000000,1e+75,0,10,0,0,7,0,0,1,0,0,1,1,0,0,0,0,0,0,2,0,1,-1,-1,-1,-1,0,10,-1,1,1,3,-1,-1,-1,0,0,1,0,0,10,0,0,0,42.51
1,0,0,0,-1,0,1,1,0,0,0,0,3,0,0,2,0,2,0,-1,2,3,0,-1,200,0,9223372036800000000,1e+75,0,10,0,0,7,0,0,1,0,0,1,1,0,0,0,0,0,0,2,0,1,-1,-1,-1,-1,0,10,-1,1,1,3,-1,-1,-1,0,0,1,0,0,10,0,0,0,35.42
1,0,0,0,-1,0,1,0,0,0,0,0,0,0,0,0,0,0,0,0,0,3,0,-1,150,0,9223372036800000000,60,0,10,0,0,7,0,0,1,0,0,1,1,0,0,0,0,0,0,2,0,1,-1,-1,-1,-1,0,10,-1,1,1,3,-1,-1,-1,0,0,1,0,0,10,0,0,0,33.57
1,0,0,0,-1,0,1,1,0,0,0,0,3,0,0,2,1,2,0,-1,2,3,0,-1,200,0,9223372036800000000,1e+75,0,10,0,0,7,0,0,1,0,0,1,1,0,0,0,0,0,0,2,0,1,-1,-1,-1,-1,0,10,-1,1,1,3,-1,-1,-1,0,0,1,0,0,10,0,0,0,35.42
1,0,0,0,-1,0,1,2,1,0,4,0,3,1,0,0,-1,2,2,0,1,3,0,2,50,0,9223372036800000000,1,0,10,0,0,7,0,1,1,0,0,1,1,0,3,100,3,5,3,2,0,1,-1,-1,3,-1,0,10,-1,1,1,3,-1,-1,-1,0,0,-1,5,0,10,0,0,0,32.67
1,0,0,0,-1,0,1,1,0,0,0,0,3,0,0,2,0,2,0,2,2,3,0,-1,200,0,9223372036800000000,1e+75,0,10,0,0,7,0,0,1,0,0,1,1,0,0,0,0,0,0,2,0,1,-1,-1,-1,-1,0,10,-1,1,1,3,-1,-1,-1,0,0,1,0,0,10,0,0,0,35.42
1,0,0,0,-1,0,1,0,0,0,0,0,0,0,0,0,0,0,0,0,0,3,0,-1,150,0,9223372036800000000,1e+75,0,10,0,0,7,0,0,1,0,0,1,1,0,2,0,0,0,2,2,0,1,-1,-1,-1,-1,0,10,-1,1,1,3,-1,-1,-1,0,0,1,0,0,10,0,0,0,33.18
1,0,0,0,-1,0,1,0,0,0,0,0,-1,2,-1,1,-1,-1,2,1,0,3,0,-1,400,0,9223372036800000000,60,0,10,0,0,7,0,2,1,0,0,1,1,0,0,0,0,0,0,2,0,1,-1,-1,-1,-1,0,10,-1,1,1,3,-1,-1,-1,0,0,1,0,0,10,0,0,0,42.6
1,0,0,0,-1,0,1,0,0,0,0,0,1,0,-1,0,-1,0,2,1,-1,3,0,-1,200,0,9223372036800000000,1e+75,0,10,0,0,7,0,0,1,0,0,1,1,0,0,0,0,0,0,2,0,1,-1,-1,-1,-1,0,10,-1,1,1,3,-1,-1,-1,0,0,1,0,0,10,0,0,0,33.48
1,0,0,0,-1,0,1,1,0,0,0,0,3,0,0,2,0,-1,0,-1,2,3,0,-1,200,0,9223372036800000000,1e+75,0,10,0,0,7,0,0,1,0,0,1,1,0,0,0,0,0,0,2,0,1,-1,-1,-1,-1,0,10,-1,1,1,3,-1,-1,-1,0,0,1,0,0,10,0,0,0,35.42
1,0,0,0,-1,0,1,1,0,0,0,0,3,0,0,2,-1,2,0,-1,2,3,0,-1,200,0,9223372036800000000,1e+75,0,10,0,0,7,0,0,1,0,0,1,1,0,0,0,0,0,0,2,0,1,-1,-1,-1,-1,0,10,-1,1,1,3,-1,-1,-1,0,0,1,0,0,10,0,0,0,35.42
1,0,0,0,-1,0,1,5,0,0,0,0,-1,0,1,-1,0,0,2,2,2,3,0,-1,800,0,9223372036800000000,1e+75,0,10,0,0,7,0,0,1,0,0,1,1,0,0,0,0,0,0,2,0,1,-1,-1,-1,-1,0,10,-1,1,1,3,-1,-1,-1,0,0,1,0,0,10,0,0,0,42.79
1,0,0,0,-1,0,1,4,0,0,0,0,0,0,1,1,2,2,-1,0,1,3,0,-1,150,0,9223372036800000000,1e+75,0,10,0,0,7,0,0,1,0,0,1,1,0,0,0,0,0,0,2,0,1,-1,-1,-1,-1,0,10,-1,1,1,3,-1,-1,-1,0,0,1,0,0,10,0,0,0,33.64
1,0,0,0,-1,0,1,0,0,0,0,0,0,0,0,0,0,0,0,0,0,3,0,-1,50,0,9223372036800000000,240,0,10,0,0,7,0,0,1,0,0,1,1,0,2,60,3,0,0,2,0,1,-1,-1,-1,-1,0,10,-1,1,1,3,-1,-1,-1,0,0,1,0,0,10,0,0,0,33.03
1,0,0,0,-1,0,1,0,0,0,0,0,3,2,0,1,2,1,-1,-1,1,3,0,-1,150,0,9223372036800000000,50,0,10,0,0,7,0,2,1,0,0,2,1,0,2,0,0,0,1,2,0,1,-1,-1,-1,-1,0,10,-1,1,1,3,-1,-1,-1,0,0,1,0,0,10,0,0,0,33.03
1,0,0,0,-1,0,1,4,0,0,0,0,0,0,1,-1,-1,2,-1,0,1,3,0,-1,10,0,9223372036800000000,1e+75,0,10,0,0,7,0,0,1,0,0,1,1,0,0,0,0,0,0,2,0,1,-1,-1,-1,-1,0,10,-1,1,1,3,-1,-1,-1,0,0,1,0,0,10,0,0,0,33.48
1,0,0,0,-1,0,1,4,1,0,0,0,2,-1,1,1,-1,1,2,-1,2,3,0,8,50,0,9223372036800000000,0,0,10,0,0,7,0,2,1,0,0,3,1,0,0,40,3,5,4,2,0,1,-1,-1,2,2,0,10,-1,1,1,3,-1,-1,-1,0,0,0,2,0,10,0,0,0,32.44
1,0,0,0,-1,0,1,4,0,0,0,0,3,0,0,1,0,2,0,-1,2,3,0,-1,200,0,9223372036800000000,1e+75,0,10,0,0,7,0,0,1,0,0,1,1,0,0,0,0,0,0,2,0,1,-1,-1,-1,-1,0,10,-1,1,1,3,-1,-1,-1,0,0,1,0,0,10,0,0,0,33.69
1,0,0,0,-1,0,1,0,0,0,0,0,2,0,0,1,0,2,-1,1,1,3,0,-1,10,0,9223372036800000000,10,0,10,0,0,7,0,3,1,0,0,3,1,0,2,0,0,0,4,2,0,1,-1,-1,-1,-1,0,10,-1,1,1,3,-1,-1,-1,0,0,1,0,0,10,0,0,0,33.13
1,0,0,0,-1,0,1,0,0,0,0,0,1,0,-1,0,-1,0,2,1,-1,3,0,-1,200,0,9223372036800000000,20,0,10,0,0,7,0,0,1,0,0,1,1,0,2,0,0,0,0,2,0,1,-1,-1,-1,-1,0,10,-1,1,1,3,-1,-1,-1,0,0,1,0,0,10,0,0,0,33.13
1,0,0,0,-1,0,1,5,0,0,0,0,1,3,0,-1,0,2,2,2,2,3,0,-1,400,0,9223372036800000000,1e+75,0,10,0,0,7,0,2,1,0,0,3,1,0,1,0,0,0,3,2,0,1,-1,-1,-1,-1,0,10,-1,1,1,3,-1,-1,-1,0,0,1,0,0,10,0,0,0,38.65
1,0,0,0,-1,0,1,1,0,0,0,0,2,1,1,-1,2,2,2,2,1,3,0,8,10,0,9223372036800000000,240,0,10,0,0,7,0,1,1,0,0,2,1,0,0,20,6,2,4,2,0,1,-1,-1,-1,-1,0,10,-1,1,1,3,-1,-1,-1,0,0,1,3,0,10,0,0,0,35.56
1,0,0,0,-1,0,1,3,1,0,0,0,3,-1,-1,2,0,2,2,0,2,3,0,1,100,0,9223372036800000000,2,0,10,0,0,7,0,2,1,0,0,1,1,0,-1,20,1,2,-1,2,0,1,-1,-1,3,-1,0,10,-1,1,1,3,-1,-1,-1,0,0,1,5,0,10,0,0,0,29.98
1,0,0,0,-1,0,1,4,0,0,0,0,3,0,0,2,0,2,0,-1,1,3,0,-1,200,0,9223372036800000000,1e+75,0,10,0,0,7,0,0,1,0,0,1,1,0,0,0,0,0,0,2,0,1,-1,-1,-1,-1,0,10,-1,1,1,3,-1,-1,-1,0,0,1,0,0,10,0,0,0,33.69
1,0,0,0,-1,0,1,0,0,0,0,0,0,0,0,0,0,0,0,0,0,3,0,-1,150,0,9223372036800000000,1e+75,0,10,0,0,7,0,0,1,0,0,1,1,0,1,0,0,0,0,2,0,1,-1,-1,-1,-1,0,10,-1,1,1,3,-1,-1,-1,0,0,1,0,0,10,0,0,0,33.37
1,0,0,0,-1,0,1,3,0,0,0,0,0,0,-1,-1,0,2,1,2,-1,3,0,-1,25,0,9223372036800000000,1e+75,0,10,0,0,7,0,0,1,0,0,1,1,0,0,0,0,0,0,2,0,1,-1,-1,-1,-1,0,10,-1,1,1,3,-1,-1,-1,0,0,1,0,0,10,0,0,0,33.75
1,0,0,0,-1,0,1,1,0,0,0,0,2,0,0,0,2,1,1,-1,2,3,0,-1,10,0,9223372036800000000,1e+75,0,10,0,0,7,0,0,1,0,0,1,1,0,0,0,0,0,0,2,0,1,-1,-1,-1,-1,0,10,-1,1,1,3,-1,-1,-1,0,0,1,0,0,10,0,0,0,35.42
1,0,0,0,-1,0,1,4,0,0,0,0,1,-1,-1,-1,2,2,-1,2,2,3,0,-1,10,0,9223372036800000000,30,0,10,0,0,7,0,3,1,0,0,0,1,0,1,0,0,0,0,2,0,1,-1,-1,-1,-1,0,10,-1,1,1,3,-1,-1,-1,0,0,1,0,0,10,0,0,0,33.51
1,0,0,0,-1,0,1,1,0,0,0,0,0,3,-1,2,1,1,1,-1,1,3,0,8,200,0,9223372036800000000,120,0,10,0,0,7,0,3,1,0,0,2,1,0,0,0,2,4,1,2,0,1,-1,-1,-1,-1,0,10,-1,1,1,3,-1,-1,-1,0,0,1,5,0,10,0,0,0,35.55
1,0,0,0,-1,0,1,2,0,0,0,0,1,2,1,0,-1,-1,2,2,0,3,0,-1,400,0,9223372036800000000,240,0,10,0,0,7,0,3,1,0,0,0,1,0,2,0,0,0,0,2,0,1,-1,-1,-1,-1,0,10,-1,1,1,3,-1,-1,-1,0,0,1,0,0,10,0,0,0,33.13
1,0,0,0,-1,0,1,3,0,0,0,0,-1,0,1,0,2,2,0,1,0,3,0,8,25,0,9223372036800000000,30,0,10,0,0,7,0,2,1,0,0,3,1,0,1,40,6,0,0,2,0,1,-1,-1,-1,-1,0,10,-1,1,1,3,-1,-1,-1,0,0,1,5,0,10,0,0,0,42.49
1,0,0,0,-1,0,1,3,0,0,0,0,3,0,0,1,-1,-1,0,-1,0,3,0,-1,400,0,9223372036800000000,1e+75,0,10,0,0,7,0,0,1,0,0,1,1,0,0,0,0,0,0,2,0,1,-1,-1,-1,-1,0,10,-1,1,1,3,-1,-1,-1,0,0,1,0,0,10,0,0,0,36.3
1,0,0,0,-1,0,1,1,0,0,0,0,-1,2,-1,0,2,1,2,-1,1,3,0,8,150,0,9223372036800000000,1e+75,0,10,0,0,7,0,1,1,0,0,3,1,0,2,-1,0,0,2,2,0,1,-1,-1,-1,-1,0,10,-1,1,1,3,-1,-1,-1,0,0,1,0,0,10,0,0,0,41.82
1,0,0,0,-1,0,1,4,0,0,0,0,1,2,-1,-1,2,2,-1,2,-1,3,0,-1,10,0,9223372036800000000,0,0,10,0,0,7,0,3,1,0,0,0,1,0,1,0,0,0,0,2,0,1,-1,-1,-1,-1,0,10,-1,1,1,3,-1,-1,-1,0,0,1,0,0,10,0,0,0,33.48
1,0,0,0,-1,0,1,0,0,0,0,0,2,2,-1,2,2,2,1,0,-1,3,0,-1,100,0,9223372036800000000,5,0,10,0,0,7,0,1,1,0,0,1,1,0,1,0,0,0,0,2,0,1,-1,-1,-1,-1,0,10,-1,1,1,3,-1,-1,-1,0,0,1,0,0,10,0,0,0,33.62
1,0,0,0,-1,0,1,3,0,0,0,0,2,0,-1,0,-1,2,-1,0,0,3,0,-1,100,0,9223372036800000000,1e+75,0,10,0,0,7,0,0,1,0,0,1,1,0,0,0,0,0,0,2,0,1,-1,-1,-1,-1,0,10,-1,1,1,3,-1,-1,-1,0,0,1,0,0,10,0,0,0,34.02
1,0,0,0,-1,0,1,0,0,0,0,0,2,0,0,1,0,2,-1,1,1,3,0,-1,10,0,9223372036800000000,1,0,10,0,0,7,0,3,1,0,0,3,1,0,2,0,0,0,4,2,0,1,-1,-1,-1,-1,0,10,-1,1,1,3,-1,-1,-1,0,0,1,0,0,10,0,0,0,33.13
1,0,0,0,-1,0,1,2,0,0,0,0,3,-1,-1,2,2,-1,2,2,-1,3,0,-1,25,0,9223372036800000000,0,0,10,0,0,7,0,2,1,0,0,1,1,0,0,0,0,0,0,2,0,1,-1,-1,-1,-1,0,10,-1,1,1,3,-1,-1,-1,0,0,1,0,0,10,0,0,0,33.48
1,0,0,0,-1,0,1,2,0,0,0,0,0,0,1,-1,0,0,2,2,2,3,0,-1,50,0,9223372036800000000,1e+75,0,10,0,0,7,0,0,1,0,0,1,1,0,0,0,0,0,0,2,0,1,-1,-1,-1,-1,0,10,-1,1,1,3,-1,-1,-1,0,0,1,0,0,10,0,0,0,33.37
1,0,0,0,-1,0,1,2,0,0,0,0,-1,0,0,1,-1,-1,0,-1,0,3,0,-1,400,0,9223372036800000000,1e+75,0,10,0,0,7,0,0,1,0,0,1,1,0,0,0,0,0,0,2,0,1,-1,-1,-1,-1,0,10,-1,1,1,3,-1,-1,-1,0,0,1,0,0,10,0,0,0,42.6
1,0,0,0,-1,0,1,0,0,0,0,0,3,0,-1,1,1,1,1,-1,2,3,0,-1,25,0,9223372036800000000,1e+75,0,10,0,0,7,0,0,1,0,0,1,1,0,0,0,0,0,0,2,0,1,-1,-1,-1,-1,0,10,-1,1,1,3,-1,-1,-1,0,0,1,0,0,10,0,0,0,33.37
1,0,0,0,-1,0,1,0,0,0,0,0,1,1,-1,0,-1,1,0,2,-1,3,0,2,100,0,9223372036800000000,20,0,10,0,0,7,0,3,1,0,0,0,1,0,3,200,0,0,0,2,0,1,-1,-1,-1,-1,0,10,-1,1,1,3,-1,-1,-1,0,0,1,0,0,10,0,0,0,33.25
1,0,0,0,-1,0,1,0,0,0,0,0,2,0,-1,2,-1,0,2,2,1,3,0,-1,100,0,9223372036800000000,1e+75,0,10,0,0,7,0,0,1,0,0,1,1,0,0,0,0,0,0,2,0,1,-1,-1,-1,-1,0,10,-1,1,1,3,-1,-1,-1,0,0,1,0,0,10,0,0,0,33.37
1,0,0,0,-1,0,1,0,0,0,0,0,2,3,0,0,-1,2,-1,-1,0,3,0,8,50,0,9223372036800000000,40,0,10,0,0,7,0,0,1,0,0,3,1,0,-1,0,5,4,4,2,0,1,-1,-1,-1,-1,0,10,-1,1,1,3,-1,-1,-1,0,0,1,1,0,10,0,0,0,33.58
1,0,0,0,-1,0,1,0,0,0,0,0,3,0,0,1,1,2,-1,2,2,3,0,-1,150,0,9223372036800000000,1e+75,0,10,0,0,7,0,0,1,0,0,1,1,0,0,0,0,0,0,2,0,1,-1,-1,-1,-1,0,10,-1,1,1,3,-1,-1,-1,0,0,1,0,0,10,0,0,0,33.64
1,0,0,0,-1,0,1,2,0,0,0,0,3,0,0,1,-1,-1,0,1,0,3,0,-1,400,0,9223372036800000000,1e+75,0,10,0,0,7,0,0,1,0,0,1,1,0,0,0,0,0,0,2,0,1,-1,-1,-1,-1,0,10,-1,1,1,3,-1,-1,-1,0,0,1,0,0,10,0,0,0,33.48
1,0,0,0,-1,0,1,4,0,0,0,0,1,0,0,2,2,0,2,0,2,3,0,-1,50,0,9223372036800000000,1e+75,0,10,0,0,7,0,0,1,0,0,1,1,0,0,0,0,0,0,2,0,1,-1,-1,-1,-1,0,10,-1,1,1,3,-1,-1,-1,0,0,1,0,0,10,0,0,0,33.37
1,0,0,0,-1,0,1,0,0,0,0,0,1,0,-1,0,-1,0,2,1,-1,3,0,-1,200,0,9223372036800000000,1e+75,0,10,0,0,7,0,0,1,0,0,1,1,0,2,0,0,0,0,2,0,1,-1,-1,-1,-1,0,10,-1,1,1,3,-1,-1,-1,0,0,1,0,0,10,0,0,0,33.18
1,0,0,0,-1,0,1,1,0,0,0,0,3,0,0,1,-1,-1,0,-1,0,3,0,-1,400,0,9223372036800000000,1e+75,0,10,0,0,7,0,0,1,0,0,1,1,0,0,0,0,0,0,2,0,1,-1,-1,-1,-1,0,10,-1,1,1,3,-1,-1,-1,0,0,1,0,0,10,0,0,0,35.42
1,0,0,0,-1,0,1,4,0,0,0,0,-1,-1,-1,-1,1,-1,0,-1,0,3,0,16,800,0,9223372036800000000,40,0,10,0,0,7,0,3,1,0,0,0,1,0,2,-1,0,0,4,2,0,1,-1,-1,-1,-1,0,10,-1,1,1,3,-1,-1,-1,0,0,1,0,0,10,0,0,0,42.4
1,0,0,0,-1,0,1,4,0,0,0,0,-1,2,0,-1,1,0,1,-1,-1,3,0,4,200,0,9223372036800000000,40,0,10,0,0,7,0,1,1,0,0,3,1,0,2,60,0,0,0,2,0,1,-1,-1,-1,-1,0,10,-1,1,1,3,-1,-1,-1,0,0,1,0,0,10,0,0,0,42.75
1,0,0,0,-1,0,1,3,0,0,0,0,1,0,-1,-1,0,0,1,2,-1,3,0,-1,25,0,9223372036800000000,1e+75,0,10,0,0,7,0,0,1,0,0,1,1,0,0,0,0,0,0,2,0,1,-1,-1,-1,-1,0,10,-1,1,1,3,-1,-1,-1,0,0,1,0,0,10,0,0,0,33.75
1,0,0,0,-1,0,1,3,0,0,0,0,1,0,0,0,0,0,1,0,-1,3,0,4,50,0,9223372036800000000,0,0,10,0,0,7,0,3,1,0,0,0,1,0,-1,100,3,5,2,2,0,1,-1,-1,-1,-1,0,10,-1,1,1,3,-1,-1,-1,0,0,1,2,0,10,0,0,0,26.05
1,0,0,0,-1,0,1,2,0,0,0,0,2,0,0,1,-1,-1,0,-1,0,3,0,-1,400,0,9223372036800000000,1e+75,0,10,0,0,7,0,0,1,0,0,1,1,0,0,0,0,0,0,2,0,1,-1,-1,-1,-1,0,10,-1,1,1,3,-1,-1,-1,0,0,1,0,0,10,0,0,0,33.48
1,0,0,0,-1,0,1,5,0,0,0,0,3,3,0,2,-1,2,1,-1,2,3,0,8,400,0,9223372036800000000,30,0,10,0,0,7,0,2,1,0,0,2,1,0,0,20,5,2,-1,2,0,1,-1,-1,-1,-1,0,10,-1,1,1,3,-1,-1,-1,0,0,1,0,0,10,0,0,0,38.61
1,0,0,0,-1,0,1,3,0,0,0,0,0,0,1,-1,0,0,2,2,2,3,0,-1,50,0,9223372036800000000,1e+75,0,10,0,0,7,0,0,1,0,0,1,1,0,0,0,0,0,0,2,0,1,-1,-1,-1,-1,0,10,-1,1,1,3,-1,-1,-1,0,0,1,0,0,10,0,0,0,34.02
1,0,0,0,-1,0,1,3,0,0,0,0,2,0,-1,0,-1,1,-1,-1,0,3,0,-1,100,0,9223372036800000000,1e+75,0,10,0,0,7,0,0,1,0,0,1,1,0,0,0,0,0,0,2,0,1,-1,-1,-1,-1,0,10,-1,1,1,3,-1,-1,-1,0,0,1,0,0,10,0,0,0,35.23
1,0,0,0,-1,0,1,2,0,0,1,0,3,3,0,0,1,-1,2,2,-1,3,0,1,200,0,9223372036800000000,40,0,10,0,0,7,0,1,1,0,0,2,1,0,-1,0,0,2,-1,2,0,1,-1,-1,0,0,0,10,-1,1,1,3,-1,-1,-1,0,0,-1,5,0,10,0,0,0,42.91
1,0,0,0,-1,0,1,1,0,0,0,0,3,-1,0,0,1,0,2,1,-1,3,0,-1,400,0,9223372036800000000,5,0,10,0,0,7,0,1,1,0,0,1,1,0,1,20,0,0,2,2,0,1,-1,-1,-1,-1,0,10,-1,1,1,3,-1,-1,-1,0,0,1,0,0,10,0,0,0,35.55
1,0,0,0,-1,0,1,3,0,0,0,0,0,3,1,2,-1,2,-1,-1,0,3,0,1,50,0,9223372036800000000,10,0,10,0,0,7,0,0,1,0,0,0,1,0,3,0,0,0,0,2,0,1,-1,-1,-1,-1,0,10,-1,1,1,3,-1,-1,-1,0,0,1,0,0,10,0,0,0,33.65
1,0,0,0,-1,0,1,1,1,0,1,0,1,1,1,2,0,1,2,1,2,3,0,4,25,0,9223372036800000000,0,0,10,0,0,7,0,0,1,0,0,2,1,0,1,1000,6,0,0,2,0,1,-1,-1,1,3,0,10,-1,1,1,3,-1,-1,-1,0,0,1,3,0,10,0,0,0,33.96
1,0,0,0,-1,0,1,1,0,0,0,0,-1,0,-1,0,-1,1,0,-1,-1,3,0,-1,10,0,9223372036800000000,1e+75,0,10,0,0,7,0,0,1,0,0,1,1,0,-1,0,0,0,0,2,0,1,-1,-1,-1,-1,0,10,-1,1,1,3,-1,-1,-1,0,0,1,0,0,10,0,0,0,42.62
1,0,0,0,-1,0,1,0,0,0,0,0,0,0,0,0,-1,0,0,0,0,3,0,-1,150,0,9223372036800000000,1e+75,0,10,0,0,7,0,0,1,0,0,1,1,0,0,60,0,0,0,2,0,1,-1,-1,-1,-1,0,10,-1,1,1,3,-1,-1,-1,0,0,1,0,0,10,0,0,0,33.3
1,0,0,0,-1,0,1,5,0,0,0,0,1,1,-1,0,-1,0,-1,0,-1,3,0,16,100,0,9223372036800000000,10,0,10,0,0,7,0,0,1,0,0,2,1,0,1,-1,2,1,2,2,0,1,-1,-1,-1,-1,0,10,-1,1,1,3,-1,-1,-1,0,0,1,4,0,10,0,0,0,42.64
1,0,0,0,-1,0,1,0,0,0,0,0,3,0,0,2,1,0,0,-1,1,3,0,-1,200,0,9223372036800000000,1e+75,0,10,0,0,7,0,0,1,0,0,1,1,0,-1,0,0,0,0,2,0,1,-1,-1,-1,-1,0,10,-1,1,1,3,-1,-1,-1,0,0,1,0,0,10,0,0,0,33.37
1,0,0,0,-1,0,1,0,0,0,0,0,0,0,0,0,0,0,0,0,0,3,0,-1,150,0,9223372036800000000,1e+75,0,10,0,0,7,0,0,1,0,0,2,1,0,0,0,0,0,0,2,0,1,-1,-1,-1,-1,0,10,-1,1,1,3,-1,-1,-1,0,0,1,0,0,10,0,0,0,33.37
1,0,0,0,-1,0,1,5,0,0,0,0,1,2,0,1,2,1,1,-1,0,3,0,4,400,0,9223372036800000000,5,0,10,0,0,7,0,2,1,0,0,0,1,0,1,0,5,2,1,2,0,1,-1,-1,-1,-1,0,10,-1,1,1,3,-1,-1,-1,0,0,1,0,0,10,0,0,0,38.61
1,0,0,0,-1,0,1,5,0,0,0,0,3,0,0,1,-1,-1,0,-1,0,3,0,-1,400,0,9223372036800000000,1e+75,0,10,0,0,7,0,0,1,0,0,1,1,0,0,0,0,0,0,2,0,1,-1,-1,-1,-1,0,10,-1,1,1,3,-1,-1,-1,0,0,1,0,0,10,0,0,0,42.92
1,0,0,0,-1,0,1,2,0,0,0,0,3,0,0,1,-1,-1,0,-1,1,3,0,-1,400,0,9223372036800000000,1e+75,0,10,0,0,7,0,0,1,0,0,1,1,0,0,0,0,0,0,2,0,1,-1,-1,-1,-1,0,10,-1,1,1,3,-1,-1,-1,0,0,1,0,0,10,0,0,0,33.48
1,0,0,0,-1,0,1,0,0,0,0,0,0,3,-1,-1,-1,1,2,-1,2,3,0,-1,50,0,9223372036800000000,2,0,10,0,0,7,0,3,1,0,0,0,1,0,2,0,0,0,-1,2,0,1,-1,-1,-1,-1,0,10,-1,1,1,3,-1,-1,-1,0,0,1,0,0,10,0,0,0,33.03
1,0,0,0,-1,0,1,2,0,0,0,0,3,0,0,1,-1,-1,1,-1,0,3,0,-1,400,0,9223372036800000000,1e+75,0,10,0,0,7,0,0,1,0,0,1,1,0,0,0,0,0,0,2,0,1,-1,-1,-1,-1,0,10,-1,1,1,3,-1,-1,-1,0,0,1,0,0,10,0,0,0,33.48
1,0,0,0,-1,0,1,4,0,0,0,0,-1,3,0,2,1,2,2,1,2,3,0,-1,400,0,9223372036800000000,20,0,10,0,0,7,0,3,1,0,0,0,1,0,0,0,0,0,-1,2,0,1,-1,-1,-1,-1,0,10,-1,1,1,3,-1,-1,-1,0,0,1,0,0,10,0,0,0,42.71
1,0,0,0,-1,0,1,2,0,0,0,0,3,0,1,-1,1,2,0,1,0,3,0,-1,50,0,9223372036800000000,1e+75,0,10,0,0,7,0,0,1,0,0,1,1,0,0,0,0,0,0,2,0,1,-1,-1,-1,-1,0,10,-1,1,1,3,-1,-1,-1,0,0,1,0,0,10,0,0,0,33.48
1,0,0,0,-1,0,1,0,0,0,0,0,0,0,1,2,-1,0,1,1,2,3,0,-1,400,0,9223372036800000000,1e+75,0,10,0,0,7,0,2,1,0,0,2,1,0,-1,0,0,0,1,2,0,1,-1,-1,-1,-1,0,10,-1,1,1,3,-1,-1,-1,0,0,1,0,0,10,0,0,0,33.48
1,0,0,0,-1,0,1,2,0,0,0,0,1,2,1,0,-1,-1,2,2,-1,3,0,-1,400,0,9223372036800000000,40,0,10,0,0,7,0,3,1,0,0,0,1,0,2,0,0,0,0,2,0,1,-1,-1,-1,-1,0,10,-1,1,1,3,-1,-1,-1,0,0,1,0,0,10,0,0,0,33.13
1,0,0,0,-1,0,1,0,0,0,0,0,-1,-1,0,1,2,-1,-1,2,-1,3,0,-1,50,0,9223372036800000000,5,0,10,0,0,7,0,0,1,0,0,3,1,0,-1,20,0,0,1,2,0,1,-1,-1,-1,-1,0,10,-1,1,1,3,-1,-1,-1,0,0,1,0,0,10,0,0,0,42.51
1,0,0,0,-1,0,1,2,0,0,0,0,3,0,1,0,-1,1,2,-1,0,3,0,-1,25,0,9223372036800000000,1e+75,0,10,0,0,7,0,0,1,0,0,1,1,0,0,0,0,0,0,2,0,1,-1,-1,-1,-1,0,10,-1,1,1,3,-1,-1,-1,0,0,1,0,0,10,0,0,0,33.37
1,0,0,0,-1,0,1,4,0,0,0,0,3,2,-1,-1,2,-1,-1,-1,0,3,0,1,150,0,9223372036800000000,1,0,10,0,0,7,0,0,1,0,0,2,1,0,0,60,4,4,0,2,0,1,-1,-1,-1,-1,0,10,-1,1,1,3,-1,-1,-1,0,0,1,1,0,10,0,0,0,42.92
1,0,0,0,-1,0,1,2,0,0,0,0,0,0,1,-1,1,2,0,1,0,3,0,-1,50,0,9223372036800000000,1e+75,0,10,0,0,7,0,0,1,0,0,1,1,0,0,0,0,0,0,2,0,1,-1,-1,-1,-1,0,10,-1,1,1,3,-1,-1,-1,0,0,1,0,0,10,0,0,0,33.48
1,0,0,0,-1,0,1,5,0,0,4,0,2,3,-1,0,-1,2,0,2,0,3,0,4,50,0,9223372036800000000,20,0,10,0,0,7,0,0,1,0,0,2,1,0,2,1000,2,1,0,2,0,1,-1,-1,2,1,0,10,-1,1,1,3,-1,-1,-1,0,0,1,0,0,10,0,0,0,42.79
1,0,0,0,-1,0,1,4,0,0,0,0,0,0,0,2,2,0,2,0,2,3,0,-1,150,0,9223372036800000000,1e+75,0,10,0,0,7,0,0,1,0,0,1,1,0,0,0,0,0,0,2,0,1,-1,-1,-1,-1,0,10,-1,1,1,3,-1,-1,-1,0,0,1,0,0,10,0,0,0,33.37
1,0,0,0,-1,0,1,2,0,0,0,0,3,0,1,-1,-1,2,0,1,0,3,0,-1,50,0,9223372036800000000,1e+75,0,10,0,0,7,0,0,1,0,0,1,1,0,0,0,0,0,0,2,0,1,-1,-1,-1,-1,0,10,-1,1,1,3,-1,-1,-1,0,0,1,0,0,10,0,0,0,33.48
1,0,0,0,-1,0,1,5,0,0,0,0,1,2,1,-1,-1,0,2,-1,-1,3,0,-1,200,0,9223372036800000000,1,0,10,0,0,7,0,3,1,0,0,0,1,0,3,60,6,3,3,2,0,1,-1,-1,-1,-1,0,10,-1,1,1,3,-1,-1,-1,0,0,1,0,0,10,0,0,0,42.92
1,0,0,0,-1,0,1,4,0,0,0,0,2,3,-1,1,1,-1,0,-1,2,3,0,8,150,0,9223372036800000000,40,0,10,0,0,7,0,0,1,0,0,1,1,0,2,0,5,2,4,2,0,1,-1,-1,-1,-1,0,10,-1,1,1,3,-1,-1,-1,0,0,1,0,0,10,0,0,0,32.92
1,0,0,0,-1,0,1,0,0,0,0,0,-1,-1,1,1,2,1,0,-1,1,3,0,8,50,0,9223372036800000000,5,0,10,0,0,7,0,2,1,0,0,1,1,0,2,100,1,0,0,2,0,1,-1,-1,-1,-1,0,10,-1,1,1,3,-1,-1,-1,0,0,1,0,0,10,0,0,0,42.62
1,0,0,0,-1,0,1,0,0,0,0,0,-1,-1,-1,0,1,2,-1,2,-1,3,0,-1,400,0,9223372036800000000,20,0,10,0,0,7,0,2,1,0,0,2,1,0,1,0,0,0,0,2,0,1,-1,-1,-1,-1,0,10,-1,1,1,3,-1,-1,-1,0,0,1,0,0,10,0,0,0,42.69
1,0,0,0,-1,0,1,4,0,0,0,0,0,0,1,2,-1,-1,1,0,0,3,0,-1,400,0,9223372036800000000,1e+75,0,10,0,0,7,0,0,1,0,0,1,1,0,0,0,0,0,0,2,0,1,-1,-1,-1,-1,0,10,-1,1,1,3,-1,-1,-1,0,0,1,0,0,10,0,0,0,33.48
1,0,0,0,-1,0,1,2,0,0,0,0,3,0,1,0,1,-1,2,0,0,3,0,-1,150,0,9223372036800000000,1e+75,0,10,0,0,7,0,0,1,0,0,1,1,0,0,0,0,0,0,2,0,1,-1,-1,-1,-1,0,10,-1,1,1,3,-1,-1,-1,0,0,1,0,0,10,0,0,0,33.48
1,0,0,0,-1,0,1,2,0,0,0,0,2,-1,0,1,2,2,1,-1,1,3,0,-1,50,0,9223372036800000000,0,0,10,0,0,7,0,1,1,0,0,2,1,0,3,200,0,0,2,2,0,1,-1,-1,-1,-1,0,10,-1,1,1,3,-1,-1,-1,0,0,1,0,0,10,0,0,0,33.25
1,0,0,0,-1,0,1,5,0,0,0,0,-1,2,-1,1,0,-1,0,1,2,3,0,4,100,0,9223372036800000000,120,0,10,0,0,7,0,1,1,0,0,0,1,0,0,60,5,2,1,2,0,1,-1,-1,-1,-1,0,10,-1,1,1,3,-1,-1,-1,0,0,1,3,0,10,0,0,0,42.92
1,0,0,0,-1,0,1,2,0,0,0,0,3,0,1,-1,1,2,0,1,0,3,0,-1,200,0,9223372036800000000,1e+75,0,10,0,0,7,0,0,1,0,0,1,1,0,0,0,0,0,0,2,0,1,-1,-1,-1,-1,0,10,-1,1,1,3,-1,-1,-1,0,0,1,0,0,10,0,0,0,33.69
1,0,0,0,-1,0,1,0,0,0,0,0,-1,3,-1,1,-1,-1,2,1,0,3,0,-1,400,0,9223372036800000000,60,0,10,0,0,7,0,3,1,0,0,1,1,0,0,0,0,0,0,2,0,1,-1,-1,-1,-1,0,10,-1,1,1,3,-1,-1,-1,0,0,1,0,0,10,0,0,0,42.4
1,0,0,0,-1,0,1,1,0,0,0,0,-1,0,-1,2,2,-1,-1,2,2,3,0,-1,50,0,9223372036800000000,1e+75,0,10,0,0,7,0,0,1,0,0,1,1,0,0,0,0,0,0,2,0,1,-1,-1,-1,-1,0,10,-1,1,1,3,-1,-1,-1,0,0,1,0,0,10,0,0,0,42.18
1,0,0,0,-1,0,1,2,0,0,0,0,3,0,1,-1,1,2,0,1,0,3,0,-1,400,0,9223372036800000000,1e+75,0,10,0,0,7,0,0,1,0,0,1,1,0,0,0,0,0,0,2,0,1,-1,-1,-1,-1,0,10,-1,1,1,3,-1,-1,-1,0,0,1,0,0,10,0,0,0,33.83
1,0,0,0,-1,0,1,0,0,0,0,0,-1,0,-1,1,-1,-1,2,1,0,3,0,-1,400,0,9223372036800000000,60,0,10,0,0,7,0,2,1,0,0,1,1,0,0,0,0,0,4,2,0,1,-1,-1,-1,-1,0,10,-1,1,1,3,-1,-1,-1,0,0,1,0,0,10,0,0,0,42.6
1,0,0,0,-1,0,1,2,0,0,0,0,3,0,1,-1,1,-1,0,1,0,3,0,-1,50,0,9223372036800000000,1e+75,0,10,0,0,7,0,0,1,0,0,1,1,0,0,0,0,0,0,2,0,1,-1,-1,-1,-1,0,10,-1,1,1,3,-1,-1,-1,0,0,1,0,0,10,0,0,0,33.48
1,0,0,0,-1,0,1,3,0,0,0,0,2,2,-1,2,2,1,1,0,-1,3,0,-1,100,0,9223372036800000000,5,0,10,0,0,7,0,1,1,0,0,1,1,0,1,0,0,0,0,2,0,1,-1,-1,-1,-1,0,10,-1,1,1,3,-1,-1,-1,0,0,1,0,0,10,0,0,0,35.56
1,0,0,0,-1,0,1,4,0,0,0,0,2,0,0,2,2,0,2,0,2,3,0,-1,50,0,9223372036800000000,1e+75,0,10,0,0,7,0,0,1,0,0,1,1,0,0,0,0,0,0,2,0,1,-1,-1,-1,-1,0,10,-1,1,1,3,-1,-1,-1,0,0,1,0,0,10,0,0,0,33.37
1,0,0,0,-1,0,1,2,0,0,0,0,3,0,1,-1,1,2,2,1,0,3,0,-1,50,0,9223372036800000000,1e+75,0,10,0,0,7,0,0,1,0,0,1,1,0,0,0,0,0,0,2,0,1,-1,-1,-1,-1,0,10,-1,1,1,3,-1,-1,-1,0,0,1,0,0,10,0,0,0,33.48
1,0,0,0,-1,0,1,3,0,0,0,0,-1,-1,-1,0,1,2,-1,0,-1,3,0,-1,50,0,9223372036800000000,20,0,10,0,0,7,0,2,1,0,0,2,1,0,1,0,0,0,3,2,0,1,-1,-1,-1,-1,0,10,-1,1,1,3,-1,-1,-1,0,0,1,0,0,10,0,0,0,42.58
1,0,0,0,-1,0,1,3,0,0,0,0,-1,2,1,-1,-1,2,2,-1,0,3,0,-1,25,0,9223372036800000000,0,0,10,0,0,7,0,3,1,0,0,0,1,0,0,200,0,0,2,2,0,1,-1,-1,-1,-1,0,10,-1,1,1,3,-1,-1,-1,0,0,1,0,0,10,0,0,0,42.52
1,0,0,0,-1,0,1,3,0,0,0,0,2,0,0,2,-1,0,0,1,-1,3,0,-1,50,0,9223372036800000000,1e+75,0,10,0,0,7,0,0,1,0,0,1,1,0,0,0,0,0,0,2,0,1,-1,-1,-1,-1,0,10,-1,1,1,3,-1,-1,-1,0,0,1,0,0,10,0,0,0,34.02
1,0,0,0,-1,0,1,3,0,0,0,0,3,0,1,-1,1,2,0,1,0,3,0,-1,50,0,9223372036800000000,1e+75,0,10,0,0,7,0,0,1,0,0,1,1,0,0,0,0,0,0,2,0,1,-1,-1,-1,-1,0,10,-1,1,1,3,-1,-1,-1,0,0,1,0,0,10,0,0,0,34.02
1,0,0,0,-1,0,1,1,0,0,0,0,2,1,0,-1,2,1,-1,1,1,3,0,-1,150,0,9223372036800000000,2,0,10,0,0,7,0,1,1,0,0,3,1,0,3,0,0,0,0,2,0,1,-1,-1,-1,-1,0,10,-1,1,1,3,-1,-1,-1,0,0,1,0,0,10,0,0,0,35.23
1,0,0,0,-1,0,1,3,0,0,0,0,0,0,1,2,0,0,1,2,1,3,0,-1,200,0,9223372036800000000,30,0,10,0,0,7,0,1,1,0,0,0,1,0,3,20,0,0,3,2,0,1,-1,-1,-1,-1,0,10,-1,1,1,3,-1,-1,-1,0,0,1,0,0,10,0,0,0,34.02
1,0,0,0,-1,0,1,5,0,0,0,0,3,0,1,0,1,-1,2,-1,0,3,0,-1,150,0,9223372036800000000,1e+75,0,10,0,0,7,0,0,1,0,0,1,1,0,0,0,0,0,0,2,0,1,-1,-1,-1,-1,0,10,-1,1,1,3,-1,-1,-1,0,0,1,0,0,10,0,0,0,42.92
1,0,0,0,-1,0,1,1,0,0,0,0,0,3,-1,2,1,1,1,-1,1,3,0,8,200,0,9223372036800000000,30,0,10,0,0,7,0,3,1,0,0,2,1,0,0,0,5,4,1,2,0,1,-1,-1,-1,-1,0,10,-1,1,1,3,-1,-1,-1,0,0,1,5,0,10,0,0,0,35.33
1,0,0,0,-1,0,1,2,0,0,0,0,2,0,1,-1,0,0,2,2,2,3,0,-1,50,0,9223372036800000000,1e+75,0,10,0,0,7,0,0,1,0,0,1,1,0,0,0,0,0,0,2,0,1,-1,-1,-1,-1,0,10,-1,1,1,3,-1,-1,-1,0,0,1,0,0,10,0,0,0,33.37
1,0,0,0,-1,0,1,0,0,0,0,0,0,-1,-1,2,1,2,0,2,-1,3,0,16,150,0,9223372036800000000,1e+75,0,10,0,0,7,0,2,1,0,0,0,1,0,-1,-1,1,0,-1,2,0,1,-1,-1,-1,-1,0,10,-1,1,1,3,-1,-1,-1,0,0,1,0,0,10,0,0,0,33.56
1,0,0,0,-1,0,1,5,0,0,0,0,3,0,1,2,1,-1,2,-1,0,3,0,-1,150,0,9223372036800000000,1e+75,0,10,0,0,7,0,0,1,0,0,1,1,0,0,0,0,0,0,2,0,1,-1,-1,-1,-1,0,10,-1,1,1,3,-1,-1,-1,0,0,1,0,0,10,0,0,0,42.92
1,0,0,0,-1,0,1,5,0,0,0,0,1,0,0,1,-1,-1,0,0,0,3,0,-1,400,0,9223372036800000000,20,0,10,0,0,7,0,1,1,0,0,0,1,0,3,-1,0,0,-1,2,0,1,-1,-1,-1,-1,0,10,-1,1,1,3,-1,-1,-1,0,0,1,0,0,10,0,0,0,42.92
1,0,0,0,-1,0,1,3,0,0,0,0,0,0,1,1,1,1,1,0,2,3,0,-1,400,0,9223372036800000000,1e+75,0,10,0,0,7,0,0,1,0,0,1,1,0,0,0,0,0,0,2,0,1,-1,-1,-1,-1,0,10,-1,1,1,3,-1,-1,-1,0,0,1,0,0,10,0,0,0,36.3
1,0,0,0,-1,0,1,2,0,0,0,0,1,3,0,0,0,-1,-1,0,0,3,0,4,10,0,9223372036800000000,5,0,10,0,0,7,0,0,1,0,0,1,1,0,0,60,4,0,-1,2,0,1,-1,-1,-1,-1,0,10,-1,1,1,3,-1,-1,-1,0,0,1,0,0,10,0,0,0,45.12
1,0,0,0,-1,0,1,5,0,0,0,0,3,0,1,0,-1,-1,2,-1,0,3,0,-1,150,0,9223372036800000000,1e+75,0,10,0,0,7,0,0,1,0,0,1,1,0,0,0,0,0,0,2,0,1,-1,-1,-1,-1,0,10,-1,1,1,3,-1,-1,-1,0,0,1,0,0,10,0,0,0,42.92
1,0,0,0,-1,0,1,1,0,0,0,0,3,0,-1,1,1,1,2,-1,1,3,0,16,400,0,9223372036800000000,1e+75,0,10,0,0,7,0,2,1,0,0,1,1,0,-1,100,5,0,-1,2,0,1,-1,-1,-1,-1,0,10,-1,1,1,3,-1,-1,-1,0,0,1,0,0,10,2,0,0,35.51
1,0,0,0,-1,0,1,3,0,0,0,0,1,0,0,0,0,-1,1,0,1,3,0,4,50,0,9223372036800000000,0,0,10,0,0,7,0,3,1,0,0,0,1,0,-1,100,3,5,2,2,0,1,-1,-1,-1,-1,0,10,-1,1,1,3,-1,-1,-1,0,0,1,2,0,10,0,0,0,28.02
1,0,0,0,-1,0,1,1,0,0,0,0,2,0,-1,0,-1,2,-1,-1,0,3,0,-1,100,0,9223372036800000000,1e+75,0,10,0,0,7,0,0,1,0,0,1,1,0,0,0,0,0,0,2,0,1,-1,-1,-1,-1,0,10,-1,1,1,3,-1,-1,-1,0,0,1,0,0,10,0,0,0,35.42
1,0,0,0,-1,0,1,0,0,0,5,0,-1,3,-1,2,2,-1,1,-1,-1,3,0,1,10,0,9223372036800000000,0,0,10,0,0,7,0,3,1,0,0,3,1,0,2,100,5,0,1,2,0,1,-1,-1,3,3,0,10,-1,1,1,3,-1,-1,-1,0,0,-1,4,0,10,0,0,0,42.28
1,0,0,0,-1,0,1,2,0,0,3,0,2,0,1,2,-1,2,-1,2,2,3,0,8,25,0,9223372036800000000,2,0,10,0,0,7,0,0,1,0,0,3,1,0,2,-1,3,3,-1,2,0,1,-1,-1,2,3,0,10,-1,1,1,3,-1,-1,-1,0,0,0,3,0,10,0,0,0,42.92
1,0,0,0,-1,0,1,4,0,0,0,0,0,1,0,0,1,2,2,1,2,3,0,1,10,0,9223372036800000000,1e+75,0,10,0,0,7,0,3,1,0,0,1,1,0,0,100,6,0,3,2,0,1,-1,-1,-1,-1,0,10,-1,1,1,3,-1,-1,-1,0,0,1,0,0,10,0,0,0,42.04
1,0,0,0,-1,0,1,2,0,0,0,0,3,0,1,2,1,-1,2,-1,0,3,0,-1,150,0,9223372036800000000,1e+75,0,10,0,0,7,0,0,1,0,0,1,1,0,0,0,0,0,0,2,0,1,-1,-1,-1,-1,0,10,-1,1,1,3,-1,-1,-1,0,0,1,0,0,10,0,0,0,33.48
1,0,0,0,-1,0,1,2,0,0,0,0,3,0,1,0,1,-1,-1,-1,0,3,0,-1,150,0,9223372036800000000,1e+75,0,10,0,0,7,0,0,1,0,0,1,1,0,0,0,0,0,0,2,0,1,-1,-1,-1,-1,0,10,-1,1,1,3,-1,-1,-1,0,0,1,0,0,10,0,0,0,33.48
1,0,0,0,-1,0,1,2,0,0,0,0,3,0,1,-1,1,-1,2,-1,0,3,0,-1,150,0,9223372036800000000,1e+75,0,10,0,0,7,0,0,1,0,0,1,1,0,0,0,0,0,0,2,0,1,-1,-1,-1,-1,0,10,-1,1,1,3,-1,-1,-1,0,0,1,0,0,10,0,0,0,33.48
1,0,0,0,-1,0,1,0,0,0,0,0,2,0,0,1,0,2,-1,1,1,3,0,-1,50,0,9223372036800000000,30,0,10,0,0,7,0,3,1,0,0,3,1,0,2,0,0,0,4,2,0,1,-1,-1,-1,-1,0,10,-1,1,1,3,-1,-1,-1,0,0,1,0,0,10,0,0,0,33.13
1,0,0,0,-1,0,1,2,0,0,0,0,2,0,1,1,0,1,1,2,1,3,0,-1,400,0,9223372036800000000,1e+75,0,10,0,0,7,0,0,1,0,0,1,1,0,0,0,0,0,0,2,0,1,-1,-1,-1,-1,0,10,-1,1,1,3,-1,-1,-1,0,0,1,0,0,10,0,0,0,33.48
1,0,0,0,-1,0,1,3,0,0,0,0,-1,0,1,2,2,2,0,2,-1,3,0,-1,400,0,9223372036800000000,1e+75,0,10,0,0,7,0,0,1,0,0,1,1,0,-1,0,0,0,0,2,0,1,-1,-1,-1,-1,0,10,-1,1,1,3,-1,-1,-1,0,0,1,0,0,10,0,0,0,42.68
1,0,0,0,-1,0,1,3,1,0,5,0,-1,-1,-1,-1,2,1,2,-1,0,3,0,1,800,0,9223372036800000000,50,0,10,0,0,7,0,3,1,0,0,0,1,0,1,20,1,2,3,2,0,1,-1,-1,-1,2,0,10,-1,1,1,3,-1,-1,-1,0,0,1,2,0,10,0,0,0,29.69
1,0,0,0,-1,0,1,0,0,0,0,0,0,0,-1,2,-1,0,1,2,1,3,0,-1,100,0,9223372036800000000,1e+75,0,10,0,0,7,0,0,1,0,0,1,1,0,0,0,0,0,0,2,0,1,-1,-1,-1,-1,0,10,-1,1,1,3,-1,-1,-1,0,0,1,0,0,10,0,0,0,33.37
1,0,0,0,-1,0,1,5,0,0,0,0,3,1,-1,0,2,1,1,-1,1,3,0,4,800,0,9223372036800000000,1,0,10,0,0,7,0,0,1,0,0,1,1,0,0,-1,0,0,3,2,0,1,-1,-1,-1,-1,0,10,-1,1,1,3,-1,-1,-1,0,0,1,0,0,10,0,0,0,38.65
1,0,0,0,-1,0,1,0,0,0,0,0,3,0,0,0,0,0,0,0,0,3,0,-1,200,0,9223372036800000000,1e+75,0,10,0,0,7,0,0,1,0,0,1,1,0,0,0,0,0,0,2,0,1,-1,-1,-1,-1,0,10,-1,1,1,3,-1,-1,-1,0,0,1,0,0,10,0,0,0,33.48
1,0,0,0,-1,0,1,4,0,0,0,0,0,1,1,0,1,1,0,2,-1,3,0,2,10,0,9223372036800000000,120,0,10,0,0,7,0,1,1,0,0,2,1,0,2,20,5,0,3,2,0,1,-1,-1,-1,-1,0,10,-1,1,1,3,-1,-1,-1,0,0,1,0,0,10,0,0,0,32.76
1,0,0,0,-1,0,1,1,0,0,3,0,3,3,0,-1,-1,1,-1,1,1,3,0,16,25,0,9223372036800000000,5,0,10,0,0,7,0,2,1,0,0,2,1,0,1,0,5,1,2,2,0,1,-1,-1,3,2,0,10,-1,1,1,3,-1,-1,-1,0,0,-1,0,0,10,0,0,0,38.67
1,0,0,0,-1,0,1,5,0,0,0,0,0,0,1,0,1,1,1,0,2,3,0,-1,200,0,9223372036800000000,1e+75,0,10,0,0,7,0,0,1,0,0,1,1,0,0,0,0,0,0,2,0,1,-1,-1,-1,-1,0,10,-1,1,1,3,-1,-1,-1,0,0,1,0,0,10,0,0,0,38.65
1,0,0,0,-1,0,1,0,0,0,0,0,3,2,0,1,2,1,2,-1,1,3,0,-1,150,0,9223372036800000000,20,0,10,0,0,7,0,2,1,0,0,2,1,0,2,0,0,0,1,2,0,1,-1,-1,-1,-1,0,10,-1,1,1,3,-1,-1,-1,0,0,1,0,0,10,0,0,0,33.03
1,0,0,0,-1,0,1,5,0,0,0,0,0,0,1,1,-1,1,1,0,2,3,0,-1,200,0,9223372036800000000,1e+75,0,10,0,0,7,0,0,1,0,0,1,1,0,0,0,0,0,0,2,0,1,-1,-1,-1,-1,0,10,-1,1,1,3,-1,-1,-1,0,0,1,0,0,10,0,0,0,38.65
1,0,0,0,-1,0,1,4,0,0,0,0,1,-1,-1,-1,2,2,-1,2,-1,3,0,-1,10,0,9223372036800000000,50,0,10,0,0,7,0,3,1,0,0,0,1,0,1,0,0,0,0,2,0,1,-1,-1,-1,-1,0,10,-1,1,1,3,-1,-1,-1,0,0,1,0,0,10,0,0,0,33.51
1,0,0,0,-1,0,1,4,0,0,0,0,-1,2,0,1,1,0,1,-1,-1,3,0,4,200,0,9223372036800000000,1e+75,0,10,0,0,7,0,1,1,0,0,3,1,0,2,60,0,0,0,2,0,1,-1,-1,-1,-1,0,10,-1,1,1,3,-1,-1,-1,0,0,1,0,0,10,0,0,0,42.75
1,0,0,0,-1,0,1,3,0,0,0,0,2,0,0,0,-1,1,0,2,0,3,0,-1,10,0,9223372036800000000,1e+75,0,10,0,0,7,0,0,1,0,0,1,1,0,0,0,0,0,0,2,0,1,-1,-1,-1,-1,0,10,-1,1,1,3,-1,-1,-1,0,0,1,0,0,10,0,0,0,35.23
1,0,0,0,-1,0,1,5,0,0,0,0,0,0,1,1,1,1,1,-1,2,3,0,-1,200,0,9223372036800000000,1e+75,0,10,0,0,7,0,0,1,0,0,1,1,0,0,0,0,0,0,2,0,1,-1,-1,-1,-1,0,10,-1,1,1,3,-1,-1,-1,0,0,1,0,0,10,0,0,0,38.65
1,0,0,0,-1,0,1,1,0,0,0,0,0,0,1,0,1,0,1,0,2,3,0,16,100,0,9223372036800000000,40,0,10,0,0,7,0,2,1,0,0,1,1,0,-1,500,6,1,4,2,0,1,-1,-1,3,0,0,10,-1,1,1,3,-1,-1,-1,0,0,1,2,0,10,0,0,0,38.67
1,0,0,0,-1,0,1,5,0,0,0,0,-1,-1,-1,-1,0,1,-1,1,0,3,0,-1,150,0,9223372036800000000,20,0,10,0,0,7,0,1,1,0,0,1,1,0,0,0,0,0,3,2,0,1,-1,-1,-1,-1,0,10,-1,1,1,3,-1,-1,-1,0,0,1,0,0,10,0,0,0,42.72
1,0,0,0,-1,0,1,3,0,0,0,0,1,1,-1,-1,2,0,-1,-1,2,3,0,-1,10,0,9223372036800000000,1,0,10,0,0,7,0,1,1,0,0,1,1,0,2,0,0,0,2,2,0,1,-1,-1,-1,-1,0,10,-1,1,1,3,-1,-1,-1,0,0,1,0,0,10,0,0,0,33.13
1,0,0,0,-1,0,1,2,0,0,0,0,3,-1,-1,2,2,-1,0,2,2,3,0,-1,25,0,9223372036800000000,0,0,10,0,0,7,0,2,1,0,0,1,1,0,0,0,0,0,0,2,0,1,-1,-1,-1,-1,0,10,-1,1,1,3,-1,-1,-1,0,0,1,0,0,10,0,0,0,33.48
1,0,0,0,-1,0,1,3,1,0,5,0,-1,-1,-1,-1,2,2,-1,-1,0,3,0,1,800,0,9223372036800000000,50,0,10,0,0,7,0,3,1,0,0,0,1,0,1,20,1,2,3,2,0,1,-1,-1,-1,2,0,10,-1,1,1,3,-1,-1,-1,0,0,1,2,0,10,0,0,0,29.69
1,0,0,0,-1,0,1,3,0,0,0,0,-1,0,-1,-1,-1,-1,-1,1,-1,3,0,4,100,0,9223372036800000000,50,0,10,0,0,7,0,0,1,0,0,2,1,0,3,0,1,0,0,2,0,1,-1,-1,-1,-1,0,10,-1,1,1,3,-1,-1,-1,0,0,1,0,0,10,0,0,0,42.66
1,0,0,0,-1,0,1,0,0,0,0,0,0,0,-1,2,-1,0,2,2,1,3,0,-1,10,0,9223372036800000000,1e+75,0,10,0,0,7,0,0,1,0,0,1,1,0,0,0,0,0,0,2,0,1,-1,-1,-1,-1,0,10,-1,1,1,3,-1,-1,-1,0,0,1,0,0,10,0,0,0,33.37
1,0,0,0,-1,0,1,3,0,0,0,0,0,0,1,1,1,1,1,0,2,3,0,-1,200,0,9223372036800000000,1e+75,0,10,0,0,7,0,0,1,0,0,1,1,0,0,0,0,0,0,2,0,1,-1,-1,-1,-1,0,10,-1,1,1,3,-1,-1,-1,0,0,1,0,0,10,0,0,0,35.23
1,0,0,0,-1,0,1,2,0,0,0,0,3,0,1,0,-1,2,2,-1,0,3,0,-1,50,0,9223372036800000000,1e+75,0,10,0,0,7,0,0,1,0,0,1,1,0,0,0,0,0,0,2,0,1,-1,-1,-1,-1,0,10,-1,1,1,3,-1,-1,-1,0,0,1,0,0,10,0,0,0,33.48
1,0,0,0,-1,0,1,0,0,0,0,0,-1,1,1,2,1,1,-1,1,-1,3,0,-1,10,0,9223372036800000000,60,0,10,0,0,7,0,1,1,0,0,3,1,0,-1,0,0,0,1,2,0,1,-1,-1,-1,-1,0,10,-1,1,1,3,-1,-1,-1,0,0,1,0,0,10,0,0,0,33.62
1,0,0,0,-1,0,1,2,1,0,5,0,3,2,1,0,-1,-1,1,0,2,3,0,2,50,0,9223372036800000000,240,0,10,0,0,7,0,2,1,0,0,3,1,0,2,20,1,0,3,2,0,1,-1,-1,0,-1,0,10,-1,1,1,3,-1,-1,-1,0,0,1,0,0,10,0,0,0,32.17
1,0,0,0,-1,0,1,5,0,0,0,0,-1,-1,-1,-1,0,1,-1,1,0,3,0,-1,10,0,9223372036800000000,40,0,10,0,0,7,0,1,1,0,0,1,1,0,0,0,0,0,3,2,0,1,-1,-1,-1,-1,0,10,-1,1,1,3,-1,-1,-1,0,0,1,0,0,10,0,0,0,42.72
1,0,0,0,-1,0,1,5,0,0,0,0,0,0,1,2,1,-1,1,0,0,3,0,-1,400,0,9223372036800000000,1e+75,0,10,0,0,7,0,0,1,0,0,1,1,0,0,0,0,0,0,2,0,1,-1,-1,-1,-1,0,10,-1,1,1,3,-1,-1,-1,0,0,1,0,0,10,0,0,0,42.92
1,0,0,0,-1,0,1,5,0,0,0,0,0,0,1,1,1,0,1,0,2,3,0,-1,200,0,9223372036800000000,1e+75,0,10,0,0,7,0,0,1,0,0,1,1,0,0,0,0,0,0,2,0,1,-1,-1,-1,-1,0,10,-1,1,1,3,-1,-1,-1,0,0,1,0,0,10,0,0,0,38.65
1,0,0,0,-1,0,1,0,0,0,0,0,3,0,-1,1,1,1,-1,-1,2,3,0,-1,800,0,9223372036800000000,1e+75,0,10,0,0,7,0,0,1,0,0,1,1,0,0,0,0,0,0,2,0,1,-1,-1,-1,-1,0,10,-1,1,1,3,-1,-1,-1,0,0,1,0,0,10,0,0,0,33.48
1,0,0,0,-1,0,1,0,0,0,0,0,0,0,0,0,0,0,0,0,0,3,0,-1,150,0,9223372036800000000,1e+75,0,10,0,0,7,0,0,1,0,0,1,1,0,0,60,5,0,0,2,0,1,-1,-1,-1,-1,0,10,-1,1,1,3,-1,-1,-1,0,0,1,0,0,10,0,0,0,42.73
1,0,0,0,-1,0,1,4,0,0,0,0,3,2,-1,-1,2,-1,-1,1,0,3,0,1,150,0,9223372036800000000,1,0,10,0,0,7,0,0,1,0,0,2,1,0,0,60,4,4,0,2,0,1,-1,-1,-1,-1,0,10,-1,1,1,3,-1,-1,-1,0,0,1,0,0,10,0,0,0,42.92
1,0,0,0,-1,0,1,0,0,0,0,0,1,0,-1,-1,2,-1,2,0,2,3,0,-1,800,0,9223372036800000000,1e+75,0,10,0,0,7,0,0,1,0,0,1,1,0,0,0,0,0,0,2,0,1,-1,-1,-1,-1,0,10,-1,1,1,3,-1,-1,-1,0,0,1,0,0,10,0,0,0,33.48
1,0,0,0,-1,0,1,5,0,0,0,0,-1,2,-1,1,0,-1,0,1,1,3,0,1,100,0,9223372036800000000,120,0,10,0,0,7,0,1,1,0,0,0,1,0,0,60,5,2,1,2,0,1,-1,-1,-1,-1,0,10,-1,1,1,3,-1,-1,-1,0,0,1,3,0,10,0,0,0,42.92
1,0,0,0,-1,0,1,5,0,0,0,0,0,0,1,1,1,1,1,0,2,3,0,-1,10,0,9223372036800000000,1e+75,0,10,0,0,7,0,0,1,0,0,1,1,0,0,0,0,0,0,2,0,1,-1,-1,-1,-1,0,10,-1,1,1,3,-1,-1,-1,0,0,1,0,0,10,0,0,0,38.65
1,0,0,0,-1,0,1,4,0,0,0,0,1,1,1,0,1,0,0,1,0,3,0,1,25,0,9223372036800000000,1,0,10,0,0,7,0,1,1,0,0,0,1,0,2,0,3,0,4,2,0,1,-1,-1,-1,-1,0,10,-1,1,1,3,-1,-1,-1,0,0,1,0,0,10,0,0,0,42.56
1,0,0,0,-1,0,1,4,0,0,0,0,-1,2,0,1,1,0,1,2,-1,3,0,4,200,0,9223372036800000000,40,0,10,0,0,7,0,1,1,0,0,3,1,0,2,60,0,0,0,2,0,1,-1,-1,-1,-1,0,10,-1,1,1,3,-1,-1,-1,0,0,1,0,0,10,0,0,0,42.75
1,0,0,0,-1,0,1,2,0,0,0,0,-1,0,0,-1,-1,-1,0,0,1,3,0,-1,25,0,9223372036800000000,240,0,10,0,0,7,0,3,1,0,0,3,1,0,1,0,0,0,3,2,0,1,-1,-1,-1,-1,0,10,-1,1,1,3,-1,-1,-1,0,0,1,0,0,10,0,0,0,42.18
1,0,0,0,-1,0,1,3,0,0,0,0,-1,-1,-1,0,1,2,-1,2,-1,3,0,-1,50,0,9223372036800000000,20,0,10,0,0,7,0,2,1,0,0,2,1,0,1,0,0,0,2,2,0,1,-1,-1,-1,-1,0,10,-1,1,1,3,-1,-1,-1,0,0,1,0,0,10,0,0,0,42.58
1,0,0,0,-1,0,1,0,0,0,0,0,1,0,-1,0,-1,0,2,1,-1,3,0,-1,200,0,9223372036800000000,1e+75,0,10,0,0,7,0,0,1,0,0,1,1,0,2,0,0,0,-1,2,0,1,-1,-1,-1,-1,0,10,-1,1,1,3,-1,-1,-1,0,0,1,0,0,10,0,0,0,33.18
1,0,0,0,-1,0,1,0,0,0,0,0,0,0,0,0,0,0,0,0,0,3,0,-1,150,0,9223372036800000000,1e+75,0,10,0,0,7,0,2,1,0,0,1,1,0,2,0,0,0,0,2,0,1,-1,-1,-1,-1,0,10,-1,1,1,3,-1,-1,-1,0,0,1,0,0,10,0,0,0,33.18
1,0,0,0,-1,0,1,0,0,0,0,0,0,0,0,0,0,0,0,0,0,3,0,-1,100,0,9223372036800000000,1e+75,0,10,0,0,7,0,0,1,0,0,1,1,0,0,0,0,0,0,2,0,1,-1,-1,-1,-1,0,10,-1,1,1,3,-1,-1,-1,0,0,1,0,0,10,0,0,0,33.37
1,0,0,0,-1,0,1,3,0,0,0,0,2,0,0,2,-1,0,0,1,-1,3,0,-1,200,0,9223372036800000000,1e+75,0,10,0,0,7,0,0,1,0,0,1,1,0,0,0,0,0,0,2,0,1,-1,-1,-1,-1,0,10,-1,1,1,3,-1,-1,-1,0,0,1,0,0,10,0,0,0,34.02
1,0,0,0,-1,0,1,0,0,0,0,0,-1,-1,1,2,0,-1,2,0,1,3,0,-1,10,0,9223372036800000000,5,0,10,0,0,7,0,0,1,0,0,2,1,0,-1,0,0,0,2,2,0,1,-1,-1,-1,-1,0,10,-1,1,1,3,-1,-1,-1,0,0,1,0,0,10,0,0,0,33.43
1,0,0,0,-1,0,1,0,0,0,0,0,2,2,-1,2,2,1,1,0,-1,3,0,-1,200,0,9223372036800000000,5,0,10,0,0,7,0,1,1,0,0,1,1,0,1,0,0,0,0,2,0,1,-1,-1,-1,-1,0,10,-1,1,1,3,-1,-1,-1,0,0,1,0,0,10,0,0,0,33.66
1,0,0,0,-1,0,1,1,0,0,3,0,3,3,0,0,-1,1,-1,1,1,3,0,16,25,0,9223372036800000000,5,0,10,0,0,7,0,2,1,0,0,2,1,0,1,0,5,2,2,2,0,1,-1,-1,3,2,0,10,-1,1,1,3,-1,-1,-1,0,0,-1,0,0,10,0,0,0,35.31
1,0,0,0,-1,0,1,0,0,0,0,0,0,0,-1,1,1,0,1,1,0,3,0,-1,200,0,9223372036800000000,1e+75,0,10,0,0,7,0,0,1,0,0,1,1,0,-1,0,0,0,0,2,0,1,-1,-1,-1,-1,0,10,-1,1,1,3,-1,-1,-1,0,0,1,0,0,10,0,0,0,33.37
1,0,0,0,-1,0,1,3,0,0,0,0,3,-1,1,1,0,2,-1,2,0,3,0,8,100,0,9223372036800000000,0,0,10,0,0,7,0,3,1,0,0,1,1,0,3,40,0,0,0,2,0,1,-1,-1,-1,-1,0,10,-1,1,1,3,-1,-1,-1,0,0,1,0,0,10,0,0,0,33.75
1,0,0,0,-1,0,1,4,0,0,0,0,1,1,1,0,1,0,0,1,0,3,0,1,25,0,9223372036800000000,60,0,10,0,0,7,0,1,1,0,0,0,1,0,2,100,3,0,4,2,0,1,-1,-1,-1,-1,0,10,-1,1,1,3,-1,-1,-1,0,0,1,0,0,10,0,0,0,42.56
1,0,0,0,-1,0,1,1,1,0,1,0,1,1,1,2,0,1,2,1,2,3,0,4,50,0,9223372036800000000,0,0,10,0,0,7,0,0,1,0,0,3,1,0,1,1000,6,3,0,2,0,1,-1,-1,1,3,0,10,-1,1,1,3,-1,-1,-1,0,0,1,3,0,10,0,0,0,34.8
1,0,0,0,-1,0,1,5,0,0,0,0,1,0,-1,1,0,-1,2,2,0,3,0,-1,100,0,9223372036800000000,1e+75,0,10,0,0,7,0,0,1,0,0,1,1,0,-1,0,0,0,0,2,0,1,-1,-1,-1,-1,0,10,-1,1,1,3,-1,-1,-1,0,0,1,0,0,10,0,0,0,42.92
1,0,0,0,-1,0,1,4,0,0,0,0,-1,1,0,0,1,0,2,0,0,3,0,-1,150,0,9223372036800000000,50,0,10,0,0,7,0,0,1,0,0,2,1,0,3,0,0,0,0,2,0,1,-1,-1,-1,-1,0,10,-1,1,1,3,-1,-1,-1,0,0,1,0,0,10,0,0,0,42.79
1,0,0,0,-1,0,1,0,0,0,0,0,0,0,0,0,0,0,0,1,0,3,0,-1,150,0,9223372036800000000,1e+75,0,10,0,0,7,0,0,1,0,0,1,1,0,0,60,0,0,0,2,0,1,-1,-1,-1,-1,0,10,-1,1,1,3,-1,-1,-1,0,0,1,0,0,10,0,0,0,33.3
1,0,0,0,-1,0,1,4,0,0,0,0,2,3,-1,1,1,-1,0,-1,2,3,0,8,150,0,9223372036800000000,40,0,10,0,0,7,0,0,1,0,0,1,1,0,2,60,5,2,4,2,0,1,-1,-1,-1,-1,0,10,-1,1,1,3,-1,-1,-1,0,0,1,0,0,10,0,0,0,32.86
1,0,0,0,-1,0,1,3,0,0,0,0,3,0,1,0,1,1,-1,2,-1,3,0,-1,50,0,9223372036800000000,0,0,10,0,0,7,0,0,1,0,0,0,1,0,3,0,0,0,-1,2,0,1,-1,-1,-1,-1,0,10,-1,1,1,3,-1,-1,-1,0,0,1,0,0,10,0,0,0,36.3
1,0,0,0,-1,0,1,2,0,0,0,0,0,0,1,-1,0,0,0,2,2,3,0,-1,50,0,9223372036800000000,1e+75,0,10,0,0,7,0,0,1,0,0,1,1,0,0,0,0,0,0,2,0,1,-1,-1,-1,-1,0,10,-1,1,1,3,-1,-1,-1,0,0,1,0,0,10,0,0,0,33.37
1,0,0,0,-1,0,1,2,0,0,0,0,1,2,1,0,-1,-1,2,2,0,3,0,-1,400,0,9223372036800000000,2,0,10,0,0,7,0,3,1,0,0,0,1,0,2,0,0,0,0,2,0,1,-1,-1,-1,-1,0,10,-1,1,1,3,-1,-1,-1,0,0,1,0,0,10,0,0,0,33.13
1,0,0,0,-1,0,1,4,0,0,0,0,1,0,1,1,1,0,2,-1,1,3,0,-1,25,0,9223372036800000000,1e+75,0,10,0,0,7,0,0,1,0,0,1,1,0,0,0,0,0,0,2,0,1,-1,-1,-1,-1,0,10,-1,1,1,3,-1,-1,-1,0,0,1,0,0,10,0,0,0,33.37
1,0,0,0,-1,0,1,1,1,0,5,0,1,1,1,2,0,1,2,1,2,3,0,4,25,0,9223372036800000000,0,0,10,0,0,7,0,0,1,0,0,3,1,0,1,1000,6,3,0,2,0,1,-1,-1,1,3,0,10,-1,1,1,3,-1,-1,-1,0,0,1,3,0,10,0,0,0,34.8
1,0,0,0,-1,0,1,0,0,0,0,0,3,0,-1,1,1,1,1,-1,2,3,0,-1,800,0,9223372036800000000,1e+75,0,10,0,0,7,0,0,1,0,0,1,1,0,0,0,0,0,0,2,0,1,-1,-1,-1,-1,0,10,-1,1,1,3,-1,-1,-1,0,0,1,0,0,10,0,0,0,33.48
1,0,0,0,-1,0,1,4,0,0,0,0,1,0,1,1,1,0,2,-1,1,3,0,-1,50,0,9223372036800000000,1e+75,0,10,0,0,7,0,0,1,0,0,1,1,0,0,0,0,0,0,2,0,1,-1,-1,-1,-1,0,10,-1,1,1,3,-1,-1,-1,0,0,1,0,0,10,0,0,0,33.37
1,0,0,0,-1,0,1,2,0,0,3,0,2,0,1,2,2,2,0,2,2,3,0,8,25,0,9223372036800000000,2,0,10,0,0,7,0,0,1,0,0,3,1,0,2,-1,3,5,-1,2,0,1,-1,-1,2,3,0,10,-1,1,1,3,-1,-1,-1,0,0,0,0,0,10,0,0,0,33.55
1,0,0,0,-1,0,1,4,0,0,0,0,0,0,0,2,2,0,2,0,0,3,0,-1,50,0,9223372036800000000,1e+75,0,10,0,0,7,0,0,1,0,0,1,1,0,0,0,0,0,0,2,0,1,-1,-1,-1,-1,0,10,-1,1,1,3,-1,-1,-1,0,0,1,0,0,10,0,0,0,33.37
1,0,0,0,-1,0,1,2,0,0,0,0,3,0,0,1,-1,-1,0,-1,-1,3,0,-1,400,0,9223372036800000000,1e+75,0,10,0,0,7,0,0,1,0,0,1,1,0,0,0,0,0,0,2,0,1,-1,-1,-1,-1,0,10,-1,1,1,3,-1,-1,-1,0,0,1,0,0,10,0,0,0,33.48
1,0,0,0,-1,0,1,5,0,0,0,0,1,2,1,-1,-1,0,2,-1,-1,3,0,-1,200,0,9223372036800000000,40,0,10,0,0,7,0,3,1,0,0,0,1,0,3,60,6,3,0,2,0,1,-1,-1,-1,-1,0,10,-1,1,1,3,-1,-1,-1,0,0,1,0,0,10,0,0,0,42.92
1,0,0,0,-1,0,1,4,0,0,0,0,1,0,1,1,1,0,2,-1,1,3,0,-1,400,0,9223372036800000000,1e+75,0,10,0,0,7,0,0,1,0,0,1,1,0,0,0,0,0,0,2,0,1,-1,-1,-1,-1,0,10,-1,1,1,3,-1,-1,-1,0,0,1,0,0,10,0,0,0,33.48
1,0,0,0,-1,0,1,4,0,0,0,0,1,0,1,1,1,0,2,-1,1,3,0,-1,100,0,9223372036800000000,1e+75,0,10,0,0,7,0,0,1,0,0,1,1,0,0,0,0,0,0,2,0,1,-1,-1,-1,-1,0,10,-1,1,1,3,-1,-1,-1,0,0,1,0,0,10,0,0,0,33.37
1,0,0,0,-1,0,1,3,0,0,0,0,-1,0,-1,0,-1,2,-1,-1,0,3,0,-1,100,0,9223372036800000000,1e+75,0,10,0,0,7,0,0,1,0,0,1,1,0,0,0,0,0,0,2,0,1,-1,-1,-1,-1,0,10,-1,1,1,3,-1,-1,-1,0,0,1,0,0,10,0,0,0,42.68
1,0,0,0,-1,0,1,2,0,0,0,0,-1,-1,0,1,0,-1,0,-1,1,3,0,16,150,0,9223372036800000000,50,0,10,0,0,7,0,2,1,0,0,3,1,0,2,0,0,0,4,2,0,1,-1,-1,-1,-1,0,10,-1,1,1,3,-1,-1,-1,0,0,1,0,0,10,0,0,0,42.53
1,0,0,0,-1,0,1,5,0,0,0,0,1,3,0,1,0,2,2,1,2,3,0,-1,400,0,9223372036800000000,1e+75,0,10,0,0,7,0,2,1,0,0,3,1,0,1,0,0,0,3,2,0,1,-1,-1,-1,-1,0,10,-1,1,1,3,-1,-1,-1,0,0,1,0,0,10,0,0,0,38.65
1,0,0,0,-1,0,1,3,0,0,0,0,1,1,-1,-1,2,0,-1,-1,2,3,0,-1,10,0,9223372036800000000,2,0,10,0,0,7,0,1,1,0,0,1,1,0,2,0,0,0,0,2,0,1,-1,-1,-1,-1,0,10,-1,1,1,3,-1,-1,-1,0,0,1,0,0,10,0,0,0,33.13
1,0,0,0,-1,0,1,5,0,0,0,0,0,0,1,1,1,1,1,0,2,3,0,-1,150,0,9223372036800000000,1e+75,0,10,0,0,7,0,0,1,0,0,1,1,0,0,0,0,0,0,2,0,1,-1,-1,-1,-1,0,10,-1,1,1,3,-1,-1,-1,0,0,1,0,0,10,0,0,0,38.65
1,0,0,0,-1,0,1,0,0,0,0,0,-1,-1,-1,0,1,2,-1,2,-1,3,0,-1,400,0,9223372036800000000,20,0,10,0,0,7,0,0,1,0,0,2,1,0,1,0,0,0,3,2,0,1,-1,-1,-1,-1,0,10,-1,1,1,3,-1,-1,-1,0,0,1,0,0,10,0,0,0,42.68
1,0,0,0,-1,0,1,4,0,0,0,0,1,0,1,1,1,0,2,-1,1,3,0,-1,800,0,9223372036800000000,1e+75,0,10,0,0,7,0,0,1,0,0,1,1,0,0,0,0,0,0,2,0,1,-1,-1,-1,-1,0,10,-1,1,1,3,-1,-1,-1,0,0,1,0,0,10,0,0,0,33.48
1,0,0,0,-1,0,1,0,0,0,0,0,1,0,-1,-1,-1,-1,2,0,2,3,0,-1,800,0,9223372036800000000,1e+75,0,10,0,0,7,0,0,1,0,0,1,1,0,0,0,0,0,0,2,0,1,-1,-1,-1,-1,0,10,-1,1,1,3,-1,-1,-1,0,0,1,0,0,10,0,0,0,33.48
1,0,0,0,-1,0,1,2,0,0,0,0,-1,0,0,-1,-1,-1,0,-1,1,3,0,-1,25,0,9223372036800000000,240,0,10,0,0,7,0,0,1,0,0,3,1,0,1,0,0,0,3,2,0,1,-1,-1,-1,-1,0,10,-1,1,1,3,-1,-1,-1,0,0,1,0,0,10,0,0,0,42.18
1,0,0,0,-1,0,1,0,0,0,0,0,1,0,-1,1,0,-1,2,0,2,3,0,-1,800,0,9223372036800000000,1e+75,0,10,0,0,7,0,0,1,0,0,1,1,0,0,0,0,0,0,2,0,1,-1,-1,-1,-1,0,10,-1,1,1,3,-1,-1,-1,0,0,1,0,0,10,0,0,0,33.48
1,0,0,0,-1,0,1,5,0,0,0,0,-1,1,1,2,1,2,-1,2,-1,3,0,16,200,0,9223372036800000000,50,0,10,0,0,7,0,3,1,0,0,2,1,0,2,1000,1,0,3,2,0,1,-1,-1,-1,-1,0,10,-1,1,1,3,-1,-1,-1,0,0,1,0,0,10,0,0,0,42.73
1,0,0,0,-1,0,1,3,0,0,0,0,1,0,0,0,0,0,1,0,1,3,0,4,50,0,9223372036800000000,0,0,10,0,0,7,0,3,1,0,0,0,1,0,-1,100,3,5,2,2,0,1,-1,-1,-1,2,0,10,-1,1,1,3,-1,-1,-1,0,0,1,2,0,10,0,0,0,26.05
1,0,0,0,-1,0,1,4,0,0,0,0,0,0,0,0,2,1,1,1,2,3,0,-1,10,0,9223372036800000000,1e+75,0,10,0,0,7,0,0,1,0,0,1,1,0,0,0,0,0,0,2,0,1,-1,-1,-1,-1,0,10,-1,1,1,3,-1,-1,-1,0,0,1,0,0,10,0,0,0,33.37
1,0,0,0,-1,0,1,1,0,0,0,0,1,2,-1,1,-1,0,1,1,1,3,0,1,50,0,9223372036800000000,60,0,10,0,0,7,0,2,1,0,0,3,1,0,0,200,4,2,3,2,0,1,-1,-1,-1,-1,0,10,-1,1,1,3,-1,-1,-1,0,0,1,3,0,10,0,0,0,42.86
1,0,0,0,-1,0,1,3,0,0,0,0,2,0,0,1,-1,2,0,1,1,3,0,-1,800,0,9223372036800000000,1e+75,0,10,0,0,7,0,0,1,0,0,1,1,0,0,0,0,0,0,2,0,1,-1,-1,-1,-1,0,10,-1,1,1,3,-1,-1,-1,0,0,1,0,0,10,0,0,0,34.29
1,0,0,0,-1,0,1,0,0,0,0,0,0,0,0,0,0,0,0,0,-1,3,0,-1,50,0,9223372036800000000,240,0,10,0,0,7,0,0,1,0,0,1,1,0,2,60,0,0,0,2,0,1,-1,-1,-1,-1,0,10,-1,1,1,3,-1,-1,-1,0,0,1,0,0,10,0,0,0,32.88
1,0,0,0,-1,0,1,0,0,0,0,0,0,0,-1,-1,0,-1,2,0,2,3,0,-1,800,0,9223372036800000000,1e+75,0,10,0,0,7,0,0,1,0,0,1,1,0,0,0,0,0,0,2,0,1,-1,-1,-1,-1,0,10,-1,1,1,3,-1,-1,-1,0,0,1,0,0,10,0,0,0,33.48
1,0,0,0,-1,0,1,0,0,0,0,0,2,0,1,1,0,1,1,2,2,3,0,-1,400,0,9223372036800000000,1e+75,0,10,0,0,7,0,0,1,0,0,1,1,0,0,0,0,0,0,2,0,1,-1,-1,-1,-1,0,10,-1,1,1,3,-1,-1,-1,0,0,1,0,0,10,0,0,0,33.48
1,0,0,0,-1,0,1,2,0,0,0,0,3,0,1,0,2,1,2,-1,0,3,0,-1,25,0,9223372036800000000,1e+75,0,10,0,0,7,0,0,1,0,0,1,1,0,0,0,0,0,0,2,0,1,-1,-1,-1,-1,0,10,-1,1,1,3,-1,-1,-1,0,0,1,0,0,10,0,0,0,33.37
1,0,0,0,-1,0,1,4,0,0,0,0,-1,0,0,0,0,1,2,0,2,3,0,-1,25,0,9223372036800000000,1e+75,0,10,0,0,7,0,0,1,0,0,1,1,0,0,0,0,0,0,2,0,1,-1,-1,-1,-1,0,10,-1,1,1,3,-1,-1,-1,0,0,1,0,0,10,0,0,0,42.28
1,0,0,0,-1,0,1,0,0,0,0,0,0,0,-1,2,2,0,2,2,1,3,0,-1,100,0,9223372036800000000,1e+75,0,10,0,0,7,0,0,1,0,0,1,1,0,0,0,0,0,0,2,0,1,-1,-1,-1,-1,0,10,-1,1,1,3,-1,-1,-1,0,0,1,0,0,10,0,0,0,33.37
1,0,0,0,-1,0,1,1,0,0,0,0,0,3,-1,2,1,1,1,-1,1,3,0,8,200,0,9223372036800000000,30,0,10,0,0,7,0,3,1,0,0,2,1,0,0,0,5,4,1,2,0,1,-1,-1,-1,-1,0,10,-1,1,1,3,-1,-1,-1,0,0,1,3,0,10,0,0,0,35.46
1,0,0,0,-1,0,1,0,0,0,0,0,0,0,0,0,0,0,0,0,0,3,0,-1,150,0,9223372036800000000,1e+75,0,10,0,0,7,0,0,1,0,0,1,1,0,0,0,0,0,2,2,0,1,-1,-1,-1,-1,0,10,-1,1,1,3,-1,-1,-1,0,0,1,0,0,10,0,0,0,33.37
1,0,0,0,-1,0,1,0,0,0,0,0,3,2,0,1,2,1,-1,-1,1,3,0,-1,150,0,9223372036800000000,240,0,10,0,0,7,0,2,1,0,0,2,1,0,2,0,0,0,1,2,0,1,-1,-1,-1,-1,0,10,-1,1,1,3,-1,-1,-1,0,0,1,0,0,10,0,0,0,33.03
1,0,0,0,-1,0,1,3,0,0,0,0,3,0,1,0,1,1,-1,1,-1,3,0,-1,50,0,9223372036800000000,0,0,10,0,0,7,0,2,1,0,0,0,1,0,3,0,0,0,-1,2,0,1,-1,-1,-1,-1,0,10,-1,1,1,3,-1,-1,-1,0,0,1,0,0,10,0,0,0,36.3
1,0,0,0,-1,0,1,0,0,0,0,0,1,0,-1,-1,1,-1,2,0,2,3,0,-1,800,0,9223372036800000000,1e+75,0,10,0,0,7,0,0,1,0,0,1,1,0,0,0,0,0,0,2,0,1,-1,-1,-1,-1,0,10,-1,1,1,3,-1,-1,-1,0,0,1,0,0,10,0,0,0,33.48
1,0,0,0,-1,0,1,3,1,0,0,0,1,0,0,0,0,0,1,0,1,3,0,4,50,0,9223372036800000000,0,0,10,0,0,7,0,3,1,0,0,0,1,0,-1,100,3,5,2,3,0,1,-1,-1,-1,-1,0,10,-1,1,1,3,-1,-1,-1,0,0,1,2,0,10,0,0,0,24.42
1,0,0,0,-1,0,1,3,0,0,0,0,-1,3,0,2,-1,2,2,2,1,3,0,-1,100,0,9223372036800000000,1e+75,0,10,0,0,7,0,2,1,0,0,3,1,0,0,0,0,0,1,2,0,1,-1,-1,-1,-1,0,10,-1,1,1,3,-1,-1,-1,0,0,1,0,0,10,0,0,0,42.68
1,0,0,0,-1,0,1,0,0,0,0,0,1,0,-1,-1,0,1,2,0,2,3,0,-1,800,0,9223372036800000000,1e+75,0,10,0,0,7,0,0,1,0,0,1,1,0,0,0,0,0,0,2,0,1,-1,-1,-1,-1,0,10,-1,1,1,3,-1,-1,-1,0,0,1,0,0,10,0,0,0,33.48
1,0,0,0,-1,0,1,3,0,0,0,0,1,1,-1,2,2,0,-1,-1,2,3,0,-1,150,0,9223372036800000000,1,0,10,0,0,7,0,1,1,0,0,1,1,0,3,0,0,0,0,2,0,1,-1,-1,-1,-1,0,10,-1,1,1,3,-1,-1,-1,0,0,1,0,0,10,0,0,0,33.75
1,0,0,0,-1,0,1,2,0,0,0,0,-1,1,0,-1,-1,-1,0,0,1,3,0,-1,25,0,9223372036800000000,240,0,10,0,0,7,0,0,1,0,0,3,1,0,1,0,0,0,3,2,0,1,-1,-1,-1,-1,0,10,-1,1,1,3,-1,-1,-1,0,0,1,0,0,10,0,0,0,42.18
1,0,0,0,-1,0,1,4,0,0,0,0,1,-1,-1,-1,2,2,-1,2,-1,3,0,-1,10,0,9223372036800000000,30,0,10,0,0,7,0,3,1,0,0,0,1,0,1,0,0,0,0,2,0,1,-1,-1,-1,-1,0,10,-1,1,1,3,-1,-1,-1,0,0,1,0,0,10,0,0,0,33.51
1,0,0,0,-1,0,1,4,0,0,0,0,3,0,-1,2,-1,-1,2,2,1,3,0,8,25,0,9223372036800000000,120,0,10,0,0,7,0,0,1,0,0,1,1,0,3,0,2,3,0,2,0,1,-1,-1,-1,-1,0,10,-1,1,1,3,-1,-1,-1,0,0,1,1,0,10,0,0,0,42.92
1,0,0,0,-1,0,1,5,0,0,0,0,-1,2,-1,1,0,-1,0,1,2,3,0,1,100,0,9223372036800000000,120,0,10,0,0,7,0,1,1,0,0,0,1,0,0,60,4,2,1,2,0,1,-1,-1,-1,-1,0,10,-1,1,1,3,-1,-1,-1,0,0,1,3,0,10,0,0,0,53.13
1,0,0,0,-1,0,1,0,0,0,0,0,1,0,-1,-1,0,-1,2,0,0,3,0,-1,800,0,9223372036800000000,1e+75,0,10,0,0,7,0,0,1,0,0,1,1,0,0,0,0,0,0,2,0,1,-1,-1,-1,-1,0,10,-1,1,1,3,-1,-1,-1,0,0,1,0,0,10,0,0,0,33.48
1,0,0,0,-1,0,1,0,0,0,0,0,0,3,1,1,2,-1,-1,0,2,3,0,4,25,0,9223372036800000000,50,0,10,0,0,7,0,2,1,0,0,3,1,0,3,20,1,5,1,2,0,1,-1,-1,-1,-1,0,10,-1,1,1,3,-1,-1,-1,0,0,1,0,0,10,0,0,0,34.29
1,0,0,0,-1,0,1,0,0,0,0,0,2,0,-1,-1,0,-1,2,0,2,3,0,-1,800,0,9223372036800000000,1e+75,0,10,0,0,7,0,0,1,0,0,1,1,0,0,0,0,0,0,2,0,1,-1,-1,-1,-1,0,10,-1,1,1,3,-1,-1,-1,0,0,1,0,0,10,0,0,0,33.48
1,0,0,0,-1,0,1,5,0,0,0,0,0,0,1,2,0,1,1,2,1,3,0,-1,400,0,9223372036800000000,1e+75,0,10,0,0,7,0,0,1,0,0,1,1,0,-1,0,0,0,0,2,0,1,-1,-1,-1,-1,0,10,-1,1,1,3,-1,-1,-1,0,0,1,0,0,10,0,0,0,38.65
1,0,0,0,-1,0,1,4,0,0,0,0,0,0,0,0,2,0,2,0,2,3,0,-1,50,0,9223372036800000000,1e+75,0,10,0,0,7,0,0,1,0,0,1,1,0,0,0,0,0,0,2,0,1,-1,-1,-1,-1,0,10,-1,1,1,3,-1,-1,-1,0,0,1,0,0,10,0,0,0,33.37
1,0,0,0,-1,0,1,5,0,0,0,0,-1,-1,-1,-1,2,1,-1,1,0,3,0,-1,150,0,9223372036800000000,40,0,10,0,0,7,0,1,1,0,0,1,1,0,0,0,0,0,3,2,0,1,-1,-1,-1,-1,0,10,-1,1,1,3,-1,-1,-1,0,0,1,0,0,10,0,0,0,42.72
1,0,0,0,-1,0,1,2,0,0,0,0,1,2,1,-1,0,1,-1,1,2,3,0,-1,800,0,9223372036800000000,60,0,10,0,0,7,0,1,1,0,0,0,1,0,-1,200,0,0,0,2,0,1,-1,-1,-1,-1,0,10,-1,1,1,3,-1,-1,-1,0,0,1,0,0,10,0,0,0,33.48
1,0,0,0,-1,0,1,3,0,0,0,0,1,0,0,0,0,0,1,0,1,3,0,4,50,0,9223372036800000000,0,0,10,0,0,7,0,3,1,0,0,0,1,0,-1,100,3,5,2,2,0,1,-1,-1,-1,-1,0,10,-1,1,1,3,-1,-1,-1,0,0,1,2,0,10,0,0,0,26.05
1,0,0,0,-1,0,1,0,0,0,0,0,2,2,-1,2,2,1,1,0,-1,3,0,-1,100,0,9223372036800000000,60,0,10,0,0,7,0,1,1,0,0,1,1,0,1,0,0,0,0,2,0,1,-1,-1,-1,-1,0,10,-1,1,1,3,-1,-1,-1,0,0,1,0,0,10,0,0,0,33.57
1,0,0,0,-1,0,1,4,0,0,0,0,2,0,0,0,2,1,1,-1,2,3,0,-1,10,0,9223372036800000000,1e+75,0,10,0,0,7,0,0,1,0,0,1,1,0,0,0,0,0,0,2,0,1,-1,-1,-1,-1,0,10,-1,1,1,3,-1,-1,-1,0,0,1,0,0,10,0,0,0,33.37
1,0,0,0,-1,0,1,2,0,0,0,0,3,3,0,0,0,-1,2,2,-1,3,0,1,200,0,9223372036800000000,40,0,10,0,0,7,0,1,1,0,0,2,1,0,-1,-1,0,2,-1,2,0,1,-1,-1,0,0,0,10,-1,1,1,3,-1,-1,-1,0,0,-1,5,0,10,0,0,0,42.92
1,0,0,0,-1,0,1,4,0,0,0,0,-1,3,0,2,1,2,2,1,2,3,0,-1,400,0,9223372036800000000,10,0,10,0,0,7,0,3,1,0,0,0,1,0,0,0,0,0,-1,2,0,1,-1,-1,-1,-1,0,10,-1,1,1,3,-1,-1,-1,0,0,1,0,0,10,0,0,0,42.71
1,0,0,0,-1,0,1,1,0,0,0,0,2,0,1,1,0,1,1,2,2,3,0,-1,400,0,9223372036800000000,1e+75,0,10,0,0,7,0,0,1,0,0,1,1,0,0,0,0,0,0,2,0,1,-1,-1,-1,-1,0,10,-1,1,1,3,-1,-1,-1,0,0,1,0,0,10,0,0,0,35.42
1,0,0,0,-1,0,1,5,0,0,0,0,-1,-1,-1,2,0,1,-1,1,0,3,0,-1,150,0,9223372036800000000,40,0,10,0,0,7,0,1,1,0,0,1,1,0,0,0,0,0,3,2,0,1,-1,-1,-1,-1,0,10,-1,1,1,3,-1,-1,-1,0,0,1,0,0,10,0,0,0,42.72
1,0,0,0,-1,0,1,2,0,0,0,0,-1,-1,0,1,0,-1,0,-1,2,3,0,16,150,0,9223372036800000000,50,0,10,0,0,7,0,2,1,0,0,3,1,0,2,0,0,0,-1,2,0,1,-1,-1,-1,-1,0,10,-1,1,1,3,-1,-1,-1,0,0,1,0,0,10,0,0,0,42.85
1,0,0,0,-1,0,1,0,0,0,0,0,1,0,0,0,-1,2,2,0,0,3,0,8,200,0,9223372036800000000,1,0,10,0,0,7,0,0,1,0,0,1,1,0,0,-1,5,0,3,2,0,1,-1,-1,-1,-1,0,10,-1,1,1,3,-1,-1,-1,0,0,1,0,0,10,0,0,0,33.32
1,0,0,0,-1,0,1,4,0,0,0,0,-1,0,1,0,0,-1,2,1,2,3,0,2,25,0,9223372036800000000,120,0,10,0,0,7,0,2,1,0,0,2,1,0,-1,20,3,5,0,2,0,1,-1,-1,-1,-1,0,10,-1,1,1,3,-1,-1,-1,0,0,1,0,0,10,0,0,0,42.79
1,0,0,0,-1,0,1,3,0,0,0,0,1,0,-1,-1,0,2,1,2,-1,3,0,-1,200,0,9223372036800000000,1e+75,0,10,0,0,7,0,0,1,0,0,1,1,0,0,0,0,0,0,2,0,1,-1,-1,-1,-1,0,10,-1,1,1,3,-1,-1,-1,0,0,1,0,0,10,0,0,0,34.02
1,0,0,0,-1,0,1,4,0,0,0,0,0,0,0,0,-1,1,1,-1,2,3,0,-1,10,0,9223372036800000000,1e+75,0,10,0,0,7,0,0,1,0,0,1,1,0,0,0,0,0,0,2,0,1,-1,-1,-1,-1,0,10,-1,1,1,3,-1,-1,-1,0,0,1,0,0,10,0,0,0,33.37
1,0,0,0,-1,0,1,3,0,0,0,0,1,0,-1,-1,0,2,2,2,-1,3,0,-1,25,0,9223372036800000000,1e+75,0,10,0,0,7,0,0,1,0,0,1,1,0,0,0,0,0,0,2,0,1,-1,-1,-1,-1,0,10,-1,1,1,3,-1,-1,-1,0,0,1,0,0,10,0,0,0,33.75
1,0,0,0,-1,0,1,5,0,0,0,0,0,0,-1,2,-1,2,2,2,1,3,0,-1,100,0,9223372036800000000,1e+75,0,10,0,0,7,0,0,1,0,0,1,1,0,0,0,0,0,0,2,0,1,-1,-1,-1,-1,0,10,-1,1,1,3,-1,-1,-1,0,0,1,0,0,10,0,0,0,38.65
1,0,0,0,-1,0,1,1,0,0,0,0,0,0,1,0,1,0,1,0,2,3,0,16,100,0,9223372036800000000,40,0,10,0,0,7,0,2,1,0,0,1,1,0,-1,500,6,0,4,2,0,1,-1,-1,3,2,0,10,-1,1,1,3,-1,-1,-1,0,0,1,2,0,10,0,0,0,35.21
1,0,0,0,-1,0,1,2,1,0,4,0,3,1,0,0,-1,2,2,0,1,3,0,4,50,0,9223372036800000000,1,0,10,0,0,7,0,1,1,0,0,1,1,0,3,100,3,5,3,2,0,1,-1,-1,2,-1,0,10,-1,1,1,3,-1,-1,-1,0,0,-1,0,0,10,0,0,0,32.6
1,0,0,0,-1,0,1,0,0,0,0,0,0,0,-1,2,-1,0,2,2,1,3,0,-1,100,0,9223372036800000000,1e+75,0,10,0,0,7,0,0,1,0,0,1,1,0,0,0,0,0,0,2,0,1,-1,-1,-1,-1,0,10,-1,1,1,3,-1,-1,-1,0,0,1,0,0,10,0,0,0,33.37
1,0,0,0,-1,0,1,3,0,0,0,0,3,0,1,0,1,1,-1,2,-1,3,0,-1,800,0,9223372036800000000,30,0,10,0,0,7,0,2,1,0,0,0,1,0,3,0,0,0,-1,2,0,1,-1,-1,-1,-1,0,10,-1,1,1,3,-1,-1,-1,0,0,1,0,0,10,0,0,0,36.3
1,0,0,0,-1,0,1,5,0,0,0,0,0,0,0,0,0,2,0,-1,-1,3,0,-1,800,0,9223372036800000000,1e+75,0,10,0,0,7,0,0,1,0,0,1,1,0,0,0,0,0,0,2,0,1,-1,-1,-1,-1,0,10,-1,1,1,3,-1,-1,-1,0,0,1,0,0,10,0,0,0,38.65
1,0,0,0,-1,0,1,5,0,0,0,0,1,3,0,2,0,2,2,1,2,3,0,-1,400,0,9223372036800000000,1e+75,0,10,0,0,7,0,2,1,0,0,3,1,0,1,0,0,0,3,2,0,1,-1,-1,-1,-1,0,10,-1,1,1,3,-1,-1,-1,0,0,1,0,0,10,0,0,0,38.65
1,0,0,0,-1,0,1,0,0,0,0,0,0,0,-1,2,-1,0,2,2,2,3,0,-1,100,0,9223372036800000000,1e+75,0,10,0,0,7,0,0,1,0,0,1,1,0,0,0,0,0,0,2,0,1,-1,-1,-1,-1,0,10,-1,1,1,3,-1,-1,-1,0,0,1,0,0,10,0,0,0,33.37
1,0,0,0,-1,0,1,0,0,0,0,0,0,0,1,-1,0,1,1,2,1,3,0,-1,400,0,9223372036800000000,1e+75,0,10,0,0,7,0,0,1,0,0,1,1,0,-1,0,0,0,0,2,0,1,-1,-1,-1,-1,0,10,-1,1,1,3,-1,-1,-1,0,0,1,0,0,10,0,0,0,33.48
1,0,0,0,-1,0,1,1,0,0,0,0,3,0,-1,1,1,1,2,-1,1,3,0,16,400,0,9223372036800000000,1e+75,0,10,0,0,7,0,2,1,0,0,1,1,0,-1,100,5,0,-1,2,0,1,-1,-1,-1,-1,0,40,-1,1,1,3,-1,-1,-1,0,0,1,0,0,10,0,0,0,26.45
1,0,0,0,-1,0,1,0,0,0,0,0,0,0,-1,2,-1,0,2,2,1,3,0,-1,50,0,9223372036800000000,1e+75,0,10,0,0,7,0,0,1,0,0,1,1,0,0,0,0,0,0,2,0,1,-1,-1,-1,-1,0,10,-1,1,1,3,-1,-1,-1,0,0,1,0,0,10,0,0,0,33.37
1,0,0,0,-1,0,1,0,0,0,0,0,0,0,-1,2,1,0,2,2,1,3,0,-1,100,0,9223372036800000000,1e+75,0,10,0,0,7,0,0,1,0,0,1,1,0,0,0,0,0,0,2,0,1,-1,-1,-1,-1,0,10,-1,1,1,3,-1,-1,-1,0,0,1,0,0,10,0,0,0,33.37
1,0,0,0,-1,0,1,0,0,0,0,0,-1,1,1,2,0,1,-1,1,-1,3,0,-1,800,0,9223372036800000000,60,0,10,0,0,7,0,1,1,0,0,3,1,0,-1,0,0,0,-1,2,0,1,-1,-1,-1,-1,0,10,-1,1,1,3,-1,-1,-1,0,0,1,0,0,10,0,0,0,42.77
1,0,0,0,-1,0,1,3,0,0,0,0,-1,0,1,0,2,2,0,1,0,3,0,16,25,0,9223372036800000000,30,0,10,0,0,7,0,2,1,0,0,3,1,0,1,40,5,0,0,2,0,1,-1,-1,-1,-1,0,10,-1,1,1,3,-1,-1,-1,0,0,1,5,0,10,0,0,0,52.66
1,0,0,0,-1,0,1,4,0,0,0,0,-1,3,0,2,-1,2,2,1,2,3,0,-1,400,0,9223372036800000000,10,0,10,0,0,7,0,3,1,0,0,0,1,0,0,0,0,0,-1,2,0,1,-1,-1,-1,-1,0,10,-1,1,1,3,-1,-1,-1,0,0,1,0,0,10,0,0,0,42.71
1,0,0,0,-1,0,1,0,0,0,0,0,0,0,0,0,0,0,0,0,0,3,0,-1,150,0,9223372036800000000,1e+75,0,10,0,0,7,0,0,1,0,0,3,1,0,2,0,0,0,0,2,0,1,-1,-1,-1,-1,0,10,-1,1,1,3,-1,-1,-1,0,0,1,0,0,10,0,0,0,33.18
1,0,0,0,-1,0,1,2,0,0,0,0,0,0,1,-1,0,0,2,2,1,3,0,-1,50,0,9223372036800000000,1e+75,0,10,0,0,7,0,0,1,0,0,1,1,0,0,0,0,0,0,2,0,1,-1,-1,-1,-1,0,10,-1,1,1,3,-1,-1,-1,0,0,1,0,0,10,0,0,0,33.37
1,0,0,0,-1,0,1,5,0,0,0,0,1,1,-1,0,-1,0,-1,0,-1,3,0,16,100,0,9223372036800000000,10,0,10,0,0,7,0,0,1,0,0,2,1,0,1,-1,2,1,1,2,0,1,-1,-1,-1,-1,0,10,-1,1,1,3,-1,-1,-1,0,0,1,4,0,10,0,0,0,42.8
1,0,0,0,-1,0,1,3,0,0,0,0,3,2,0,-1,2,-1,0,2,1,3,0,16,800,0,9223372036800000000,1,0,10,0,0,7,0,3,1,0,0,1,1,0,1,200,0,0,4,2,0,1,-1,-1,-1,-1,0,10,-1,1,1,3,-1,-1,-1,0,0,1,0,0,10,0,0,0,36.56
1,0,0,0,-1,0,1,3,1,0,2,0,-1,1,-1,0,2,-1,1,0,1,3,0,2,200,0,9223372036800000000,5,0,10,0,0,7,0,1,1,0,0,0,1,0,-1,20,2,5,2,2,0,1,-1,-1,0,-1,0,10,-1,1,1,3,-1,-1,-1,0,0,1,2,0,10,0,0,0,29.4
1,0,0,0,-1,0,1,3,1,0,3,0,1,2,0,1,2,-1,2,-1,0,3,0,4,800,0,9223372036800000000,1e+75,0,10,0,0,7,0,3,1,0,0,2,1,0,3,0,5,5,-1,2,0,1,-1,-1,1,3,0,10,-1,1,1,3,-1,-1,-1,0,0,-1,2,0,10,0,0,0,33
1,0,0,0,-1,0,1,0,0,0,0,0,0,0,-1,2,-1,0,2,1,1,3,0,-1,100,0,9223372036800000000,1e+75,0,10,0,0,7,0,0,1,0,0,1,1,0,0,0,0,0,0,2,0,1,-1,-1,-1,-1,0,10,-1,1,1,3,-1,-1,-1,0,0,1,0,0,10,0,0,0,33.37
1,0,0,0,-1,0,1,3,0,0,0,0,-1,1,-1,1,0,2,1,0,0,3,0,-1,10,0,9223372036800000000,30,0,10,0,0,7,0,0,1,0,0,3,1,0,-1,100,0,0,-1,2,0,1,-1,-1,-1,-1,0,10,-1,1,1,3,-1,-1,-1,0,0,1,0,0,10,0,0,0,42.58
1,0,0,0,-1,0,1,0,0,0,0,0,0,3,-1,-1,-1,1,2,-1,2,3,0,-1,50,0,9223372036800000000,1,0,10,0,0,7,0,3,1,0,0,0,1,0,2,0,0,0,2,2,0,1,-1,-1,-1,-1,0,10,-1,1,1,3,-1,-1,-1,0,0,1,0,0,10,0,0,0,33.03
1,0,0,0,-1,0,1,5,0,0,0,0,1,2,0,1,2,1,1,-1,-1,3,0,4,400,0,9223372036800000000,20,0,10,0,0,7,0,2,1,0,0,0,1,0,1,0,0,2,1,2,0,1,-1,-1,-1,-1,0,10,-1,1,1,3,-1,-1,-1,0,0,1,0,0,10,0,0,0,38.65
1,0,0,0,-1,0,1,2,0,0,0,0,2,0,1,0,0,1,1,2,2,3,0,-1,400,0,9223372036800000000,1e+75,0,10,0,0,7,0,0,1,0,0,1,1,0,0,0,0,0,0,2,0,1,-1,-1,-1,-1,0,10,-1,1,1,3,-1,-1,-1,0,0,1,0,0,10,0,0,0,33.48
1,0,0,0,-1,0,1,2,1,0,5,0,3,1,0,0,-1,2,2,0,1,3,0,2,50,0,9223372036800000000,1,0,10,0,0,7,0,1,1,0,0,1,1,0,3,100,3,5,3,2,0,1,-1,-1,2,-1,0,10,-1,1,1,3,-1,-1,-1,0,0,-1,0,0,10,0,0,0,32.6
1,0,0,0,-1,0,1,4,0,0,0,0,3,2,-1,-1,2,-1,-1,1,0,3,0,2,150,0,9223372036800000000,1,0,10,0,0,7,0,0,1,0,0,2,1,0,0,60,4,4,0,2,0,1,-1,-1,-1,-1,0,10,-1,1,1,3,-1,-1,-1,0,0,1,1,0,10,0,0,0,43.99
1,0,0,0,-1,0,1,0,0,0,0,0,0,0,1,0,0,0,0,-1,0,3,0,-1,10,0,9223372036800000000,1e+75,0,10,0,0,7,0,0,1,0,0,1,1,0,-1,0,0,0,0,2,0,1,-1,-1,-1,-1,0,10,-1,1,1,3,-1,-1,-1,0,0,1,0,0,10,0,0,0,33.3
1,0,0,0,-1,0,1,2,0,0,0,0,2,0,1,1,1,1,1,2,2,3,0,-1,100,0,9223372036800000000,1e+75,0,10,0,0,7,0,0,1,0,0,1,1,0,0,0,0,0,0,2,0,1,-1,-1,-1,-1,0,10,-1,1,1,3,-1,-1,-1,0,0,1,0,0,10,0,0,0,33.37
1,0,0,0,-1,0,1,5,0,0,0,0,1,1,-1,0,-1,1,0,2,-1,3,0,2,100,0,9223372036800000000,20,0,10,0,0,7,0,3,1,0,0,0,1,0,3,200,0,0,0,2,0,1,-1,-1,-1,-1,0,10,-1,1,1,3,-1,-1,-1,0,0,1,0,0,10,0,0,0,42.92
1,0,0,0,-1,0,1,2,0,0,0,0,1,2,1,0,-1,-1,2,-1,0,3,0,-1,400,0,9223372036800000000,40,0,10,0,0,7,0,3,1,0,0,0,1,0,2,0,0,0,0,2,0,1,-1,-1,-1,-1,0,10,-1,1,1,3,-1,-1,-1,0,0,1,0,0,10,0,0,0,33.13
1,0,0,0,-1,0,1,5,0,0,0,0,-1,0,1,-1,0,1,2,2,2,3,0,-1,800,0,9223372036800000000,1e+75,0,10,0,0,7,0,0,1,0,0,1,1,0,0,0,0,0,0,2,0,1,-1,-1,-1,-1,0,10,-1,1,1,3,-1,-1,-1,0,0,1,0,0,10,0,0,0,42.79
1,0,0,0,-1,0,1,5,0,0,0,0,-1,0,1,-1,0,1,2,2,2,3,0,-1,200,0,9223372036800000000,1e+75,0,10,0,0,7,0,0,1,0,0,1,1,0,0,0,0,0,0,2,0,1,-1,-1,-1,-1,0,10,-1,1,1,3,-1,-1,-1,0,0,1,0,0,10,0,0,0,42.79
1,0,0,0,-1,0,1,0,0,0,0,0,-1,1,1,2,0,1,-1,1,-1,3,0,-1,50,0,9223372036800000000,60,0,10,0,0,7,0,1,1,0,0,3,1,0,-1,0,0,0,-1,2,0,1,-1,-1,-1,-1,0,10,-1,1,1,3,-1,-1,-1,0,0,1,0,0,10,0,0,0,42.77
1,0,0,0,-1,0,1,0,0,0,0,0,3,0,-1,1,0,1,1,-1,2,3,0,-1,100,0,9223372036800000000,1e+75,0,10,0,0,7,0,0,1,0,0,1,1,0,0,0,0,0,0,2,0,1,-1,-1,-1,-1,0,10,-1,1,1,3,-1,-1,-1,0,0,1,0,0,10,0,0,0,33.37
1,0,0,0,-1,0,1,3,0,0,0,0,2,3,1,-1,2,-1,2,2,-1,3,0,-1,100,0,9223372036800000000,5,0,10,0,0,7,0,2,1,0,0,0,1,0,2,200,0,0,-1,2,0,1,-1,-1,-1,-1,0,10,-1,1,1,3,-1,-1,-1,0,0,1,0,0,10,0,0,0,36.05
1,0,0,0,-1,0,1,5,0,0,0,0,0,2,0,2,1,0,0,2,0,3,0,-1,800,0,9223372036800000000,2,0,10,0,0,7,0,2,1,0,0,3,1,0,0,40,0,0,3,2,0,1,-1,-1,-1,-1,0,10,-1,1,1,3,-1,-1,-1,0,0,1,0,0,10,0,0,0,38.65
1,0,0,0,-1,0,1,3,0,0,0,0,0,0,0,0,1,0,2,1,0,3,0,4,200,0,9223372036800000000,50,0,10,0,0,7,0,0,1,0,0,1,1,0,-1,100,0,0,3,2,0,1,-1,-1,-1,-1,0,10,-1,1,1,3,-1,-1,-1,0,0,1,0,0,10,0,0,0,33.95
1,0,0,0,-1,0,1,3,0,0,0,0,-1,0,0,0,0,0,1,0,1,3,0,4,50,0,9223372036800000000,0,0,10,0,0,7,0,3,1,0,0,0,1,0,-1,100,3,5,2,2,0,1,-1,-1,-1,-1,0,10,-1,1,1,3,-1,-1,-1,0,0,1,2,0,10,0,0,0,33.82
1,0,0,0,-1,0,1,5,0,0,0,0,-1,0,1,-1,0,1,-1,2,2,3,0,-1,800,0,9223372036800000000,1e+75,0,10,0,0,7,0,0,1,0,0,1,1,0,0,0,0,0,0,2,0,1,-1,-1,-1,-1,0,10,-1,1,1,3,-1,-1,-1,0,0,1,0,0,10,0,0,0,42.79
1,0,0,0,-1,0,1,3,0,0,0,0,2,3,1,-1,2,-1,2,2,-1,3,0,-1,100,0,9223372036800000000,5,0,10,0,0,7,0,2,1,0,0,0,1,0,2,200,0,0,2,2,0,1,-1,-1,-1,-1,0,10,-1,1,1,3,-1,-1,-1,0,0,1,0,0,10,0,0,0,36.05
1,0,0,0,-1,0,1,0,0,0,0,0,0,0,0,0,0,0,0,0,0,3,0,-1,150,0,9223372036800000000,1e+75,0,10,0,0,7,0,3,1,0,0,1,1,0,0,60,0,0,0,2,0,1,-1,-1,-1,-1,0,10,-1,1,1,3,-1,-1,-1,0,0,1,0,0,10,0,0,0,33.3
1,0,0,0,-1,0,1,4,1,0,3,0,0,1,0,2,2,2,0,1,-1,3,0,8,10,0,9223372036800000000,30,0,10,0,0,7,0,0,1,0,0,0,1,0,2,40,0,0,4,2,0,1,-1,-1,2,-1,0,10,-1,1,1,3,-1,-1,-1,0,0,0,4,0,10,0,0,0,32.34
1,0,0,0,-1,0,1,2,0,0,0,0,2,0,0,0,-1,1,0,2,0,3,0,-1,25,0,9223372036800000000,1e+75,0,10,0,0,7,0,0,1,0,0,1,1,0,0,0,0,0,0,2,0,1,-1,-1,-1,-1,0,10,-1,1,1,3,-1,-1,-1,0,0,1,0,0,10,0,0,0,33.37
1,0,0,0,-1,0,1,0,0,0,0,0,3,3,0,1,-1,2,1,-1,2,3,0,8,400,0,9223372036800000000,30,0,10,0,0,7,0,2,1,0,0,2,1,0,0,20,5,2,-1,2,0,1,-1,-1,-1,-1,0,10,-1,1,1,3,-1,-1,-1,0,0,1,0,0,10,0,0,0,43.04
1,0,0,0,-1,0,1,0,0,0,0,0,3,2,0,1,2,1,-1,-1,1,3,0,-1,200,0,9223372036800000000,20,0,10,0,0,7,0,2,1,0,0,2,1,0,2,0,0,0,1,2,0,1,-1,-1,-1,-1,0,10,-1,1,1,3,-1,-1,-1,0,0,1,0,0,10,0,0,0,33.13
1,0,0,0,-1,0,1,4,0,0,0,0,1,-1,-1,0,2,2,-1,2,-1,3,0,-1,10,0,9223372036800000000,30,0,10,0,0,7,0,3,1,0,0,0,1,0,1,0,0,0,0,2,0,1,-1,-1,-1,-1,0,10,-1,1,1,3,-1,-1,-1,0,0,1,0,0,10,0,0,0,33.51
1,0,0,0,-1,0,1,5,0,0,0,0,3,0,1,2,1,2,2,2,0,3,0,-1,100,0,9223372036800000000,1e+75,0,10,0,0,7,0,0,1,0,0,1,1,0,3,0,0,0,0,2,0,1,-1,-1,-1,-1,0,10,-1,1,1,3,-1,-1,-1,0,0,1,0,0,10,0,0,0,42.79
1,0,0,0,-1,0,1,0,0,0,0,0,-1,-1,-1,0,1,2,-1,2,-1,3,0,-1,400,0,9223372036800000000,20,0,10,0,0,7,0,2,1,0,0,2,1,0,2,0,0,0,3,2,0,1,-1,-1,-1,-1,0,10,-1,1,1,3,-1,-1,-1,0,0,1,0,0,10,0,0,0,42.71
1,0,0,0,-1,0,1,3,0,0,0,0,2,0,-1,2,-1,2,-1,-1,0,3,0,-1,100,0,9223372036800000000,1e+75,0,10,0,0,7,0,0,1,0,0,1,1,0,0,0,0,0,0,2,0,1,-1,-1,-1,-1,0,10,-1,1,1,3,-1,-1,-1,0,0,1,0,0,10,0,0,0,34.02
1,0,0,0,-1,0,1,0,0,0,0,0,2,2,-1,2,2,1,1,0,-1,3,0,-1,10,0,9223372036800000000,5,0,10,0,0,7,0,1,1,0,0,1,1,0,1,0,0,0,0,2,0,1,-1,-1,-1,-1,0,10,-1,1,1,3,-1,-1,-1,0,0,1,0,0,10,0,0,0,33.57
1,0,0,0,-1,0,1,4,0,0,0,0,0,0,0,-1,2,-1,2,1,0,3,0,-1,100,0,9223372036800000000,2,0,10,0,0,7,0,1,1,0,0,1,1,0,2,-1,0,0,0,2,0,1,-1,-1,-1,-1,0,10,-1,1,1,3,-1,-1,-1,0,0,1,0,0,10,0,0,0,33.03
1,0,0,0,-1,0,1,0,0,0,0,0,0,0,0,0,0,0,0,0,0,3,0,-1,50,0,9223372036800000000,1e+75,0,10,0,0,7,0,0,1,0,0,1,1,0,2,60,0,2,0,2,0,1,-1,-1,-1,-1,0,10,-1,1,1,3,-1,-1,-1,0,0,1,0,0,10,0,0,0,32.97
1,0,0,0,-1,0,1,2,0,0,0,0,2,-1,0,1,2,2,-1,-1,1,3,0,-1,50,0,9223372036800000000,0,0,10,0,0,7,0,1,1,0,0,2,1,0,3,200,0,0,2,2,0,1,-1,-1,-1,-1,0,10,-1,1,1,3,-1,-1,-1,0,0,1,0,0,10,0,0,0,33.25
1,0,0,0,-1,0,1,3,0,0,0,0,2,0,-1,0,-1,2,-1,-1,0,3,0,-1,200,0,9223372036800000000,1e+75,0,10,0,0,7,0,0,1,0,0,1,1,0,0,0,0,0,0,2,0,1,-1,-1,-1,-1,0,10,-1,1,1,3,-1,-1,-1,0,0,1,0,0,10,0,0,0,34.02
1,0,0,0,-1,0,1,0,0,0,0,0,3,0,-1,1,1,1,1,-1,2,3,0,-1,50,0,9223372036800000000,1e+75,0,10,0,0,7,0,0,1,0,0,1,1,0,0,0,0,0,0,2,0,1,-1,-1,-1,-1,0,10,-1,1,1,3,-1,-1,-1,0,0,1,0,0,10,0,0,0,33.37
1,0,0,0,-1,0,1,1,1,0,1,0,1,1,1,2,0,1,2,1,2,3,0,4,25,0,9223372036800000000,0,0,10,0,0,7,0,0,1,0,0,3,1,0,1,1000,6,0,0,2,0,1,-1,-1,1,3,0,10,-1,1,1,3,-1,-1,-1,0,0,0,3,0,10,0,0,0,33.96
1,0,0,0,-1,0,1,5,0,0,0,0,-1,2,1,-1,2,1,0,-1,0,3,0,2,800,0,9223372036800000000,2,0,10,0,0,7,0,0,1,0,0,3,1,0,0,40,2,0,0,2,0,1,-1,-1,-1,-1,0,10,-1,1,1,3,-1,-1,-1,0,0,1,0,0,10,0,0,0,42.79
1,0,0,0,-1,0,1,4,0,0,0,0,3,0,-1,2,-1,-1,2,2,1,3,0,1,25,0,9223372036800000000,120,0,10,0,0,7,0,2,1,0,0,1,1,0,3,0,3,3,0,2,0,1,-1,-1,-1,-1,0,10,-1,1,1,3,-1,-1,-1,0,0,1,1,0,10,0,0,0,5486.67
1,0,0,0,-1,0,1,5,0,0,0,0,-1,-1,-1,-1,0,1,-1,0,0,3,0,-1,150,0,9223372036800000000,40,0,10,0,0,7,0,1,1,0,0,1,1,0,0,0,0,0,3,2,0,1,-1,-1,-1,-1,0,10,-1,1,1,3,-1,-1,-1,0,0,1,0,0,10,0,0,0,42.72
1,0,0,0,-1,0,1,0,0,0,0,0,-1,-1,1,2,0,-1,2,0,1,3,0,-1,10,0,9223372036800000000,5,0,10,0,0,7,0,3,1,0,0,2,1,0,2,0,0,0,2,2,0,1,-1,-1,-1,-1,0,10,-1,1,1,3,-1,-1,-1,0,0,1,0,0,10,0,0,0,33.43
1,0,0,0,-1,0,1,0,0,0,0,0,0,0,0,0,0,0,0,0,0,3,0,-1,50,0,9223372036800000000,240,0,10,0,0,7,0,0,1,0,0,1,1,0,2,100,0,0,0,2,0,1,-1,-1,-1,-1,0,10,-1,1,1,3,-1,-1,-1,0,0,1,0,0,10,0,0,0,32.88
1,0,0,0,-1,0,1,0,0,0,0,0,2,0,0,1,0,2,-1,1,1,3,0,-1,10,0,9223372036800000000,30,0,10,0,0,7,0,3,1,0,0,3,1,0,2,0,0,0,4,2,0,1,-1,-1,-1,-1,0,10,-1,1,1,3,-1,-1,-1,0,0,1,0,0,10,0,0,0,33.13
1,0,0,0,-1,0,1,3,0,0,0,0,2,0,-1,0,-1,2,-1,-1,0,3,0,-1,100,0,9223372036800000000,1e+75,0,10,0,0,7,0,0,1,0,0,1,1,0,0,0,0,0,0,2,0,1,-1,-1,-1,-1,0,10,-1,1,1,3,-1,-1,-1,0,0,1,0,0,10,0,0,0,34.02
1,0,0,0,-1,0,1,4,0,0,0,0,0,0,1,-1,0,2,-1,0,1,3,0,-1,10,0,9223372036800000000,1e+75,0,10,0,0,7,0,0,1,0,0,1,1,0,0,0,0,0,0,2,0,1,-1,-1,-1,-1,0,10,-1,1,1,3,-1,-1,-1,0,0,1,0,0,10,0,0,0,33.48
1,0,0,0,-1,0,1,4,0,0,0,0,2,0,-1,1,0,2,1,0,2,3,0,4,25,0,9223372036800000000,1,0,10,0,0,7,0,3,1,0,0,2,1,0,2,-1,0,1,3,2,0,1,-1,-1,-1,-1,0,10,-1,1,1,3,-1,-1,-1,0,0,1,0,0,10,0,0,0,38.58
1,0,0,0,-1,0,1,4,0,0,0,0,1,0,0,1,0,0,2,1,2,3,0,-1,25,0,9223372036800000000,1e+75,0,10,0,0,7,0,0,1,0,0,1,1,0,0,0,0,0,0,2,0,1,-1,-1,-1,-1,0,10,-1,1,1,3,-1,-1,-1,0,0,1,0,0,10,0,0,0,33.37
1,0,0,0,-1,0,1,3,0,0,0,0,1,0,0,0,0,0,1,0,1,3,0,4,50,0,9223372036800000000,10,0,10,0,0,7,0,3,1,0,0,0,1,0,-1,100,3,5,2,2,0,1,-1,-1,-1,-1,0,10,-1,1,1,3,-1,-1,-1,0,0,1,2,0,10,0,0,0,26.27
1,0,0,0,-1,0,1,0,0,0,0,0,3,0,-1,1,1,1,-1,-1,2,3,0,-1,100,0,9223372036800000000,1e+75,0,10,0,0,7,0,0,1,0,0,1,1,0,0,0,0,0,0,2,0,1,-1,-1,-1,-1,0,10,-1,1,1,3,-1,-1,-1,0,0,1,0,0,10,0,0,0,33.37
1,0,0,0,-1,0,1,2,0,0,0,0,3,0,0,-1,-1,-1,0,-1,0,3,0,-1,400,0,9223372036800000000,1e+75,0,10,0,0,7,0,0,1,0,0,1,1,0,0,0,0,0,0,2,0,1,-1,-1,-1,-1,0,10,-1,1,1,3,-1,-1,-1,0,0,1,0,0,10,0,0,0,33.48
1,0,0,0,-1,0,1,3,0,0,0,0,2,0,-1,0,-1,2,-1,-1,2,3,0,-1,100,0,9223372036800000000,1e+75,0,10,0,0,7,0,0,1,0,0,1,1,0,0,0,0,0,0,2,0,1,-1,-1,-1,-1,0,10,-1,1,1,3,-1,-1,-1,0,0,1,0,0,10,0,0,0,34.02
1,0,0,0,-1,0,1,2,0,0,0,0,-1,1,-1,2,2,2,2,2,1,3,0,1,10,0,9223372036800000000,2,0,10,0,0,7,0,2,1,0,0,2,1,0,0,60,2,0,-1,2,0,1,-1,-1,-1,-1,0,10,-1,1,1,3,-1,-1,-1,0,0,1,0,0,10,0,0,0,42.92
1,0,0,0,-1,0,1,3,0,0,0,0,2,0,-1,1,-1,2,-1,-1,0,3,0,-1,100,0,9223372036800000000,1e+75,0,10,0,0,7,0,0,1,0,0,1,1,0,0,0,0,0,0,2,0,1,-1,-1,-1,-1,0,10,-1,1,1,3,-1,-1,-1,0,0,1,0,0,10,0,0,0,34.02
1,0,0,0,-1,0,1,3,0,0,0,0,-1,-1,-1,0,1,2,-1,2,-1,3,0,-1,50,0,9223372036800000000,20,0,10,0,0,7,0,2,1,0,0,2,1,0,0,0,0,0,3,2,0,1,-1,-1,-1,-1,0,10,-1,1,1,3,-1,-1,-1,0,0,1,0,0,10,0,0,0,42.68
1,0,0,0,-1,0,1,0,0,0,0,0,2,2,-1,2,2,1,1,0,-1,3,0,-1,100,0,9223372036800000000,5,0,10,0,0,7,0,1,1,0,0,1,1,0,1,0,0,0,3,2,0,1,-1,-1,-1,-1,0,10,-1,1,1,3,-1,-1,-1,0,0,1,0,0,10,0,0,0,33.57
1,0,0,0,-1,0,1,4,0,0,0,0,1,0,1,0,0,-1,2,1,2,3,0,2,25,0,9223372036800000000,120,0,10,0,0,7,0,2,1,0,0,2,1,0,-1,20,3,0,0,2,0,1,-1,-1,-1,-1,0,10,-1,1,1,3,-1,-1,-1,0,0,1,0,0,10,0,0,0,33.57
1,0,0,0,-1,0,1,3,0,0,0,0,2,0,-1,0,-1,2,-1,2,0,3,0,-1,100,0,9223372036800000000,1e+75,0,10,0,0,7,0,0,1,0,0,1,1,0,0,0,0,0,0,2,0,1,-1,-1,-1,-1,0,10,-1,1,1,3,-1,-1,-1,0,0,1,0,0,10,0,0,0,34.02
1,0,0,0,-1,0,1,0,0,0,0,0,2,2,0,1,0,2,-1,1,1,3,0,-1,10,0,9223372036800000000,30,0,10,0,0,7,0,3,1,0,0,3,1,0,2,0,0,0,4,2,0,1,-1,-1,-1,-1,0,10,-1,1,1,3,-1,-1,-1,0,0,1,0,0,10,0,0,0,33.13
1,0,0,0,-1,0,1,4,0,0,0,0,1,-1,-1,-1,2,2,-1,2,-1,3,0,-1,100,0,9223372036800000000,0,0,10,0,0,7,0,3,1,0,0,0,1,0,1,0,0,0,0,2,0,1,-1,-1,-1,-1,0,10,-1,1,1,3,-1,-1,-1,0,0,1,0,0,10,0,0,0,33.56
1,0,0,0,-1,0,1,0,0,0,0,0,0,0,0,0,0,0,0,0,0,3,0,-1,150,0,9223372036800000000,1,0,10,0,0,7,0,0,1,0,0,1,1,0,2,-1,0,0,0,2,0,1,-1,-1,-1,-1,0,10,-1,1,1,3,-1,-1,4,0,0,1,0,0,10,0,0,0,32.92
1,0,0,0,-1,0,1,2,0,0,0,0,-1,1,0,-1,2,-1,0,1,0,3,0,-1,200,0,9223372036800000000,2,0,10,0,0,7,0,2,1,0,0,3,1,0,3,0,0,0,-1,2,0,1,-1,-1,-1,-1,0,10,-1,1,1,3,-1,-1,-1,0,0,1,0,0,10,0,0,0,42.85
1,0,0,0,-1,0,1,4,0,0,0,0,3,0,0,2,0,2,0,-1,2,3,0,-1,150,0,9223372036800000000,1e+75,0,10,0,0,7,0,0,1,0,0,1,1,0,0,0,0,0,0,2,0,1,-1,-1,-1,-1,0,10,-1,1,1,3,-1,-1,-1,0,0,1,0,0,10,0,0,0,33.64
1,0,0,0,-1,0,1,3,0,0,0,0,2,0,-1,0,-1,2,-1,-1,0,3,0,-1,800,0,9223372036800000000,1e+75,0,10,0,0,7,0,0,1,0,0,1,1,0,0,0,0,0,0,2,0,1,-1,-1,-1,-1,0,10,-1,1,1,3,-1,-1,-1,0,0,1,0,0,10,0,0,0,34.29
1,0,0,0,-1,0,1,1,0,0,0,0,3,0,-1,1,1,1,2,-1,1,3,0,16,10,0,9223372036800000000,1e+75,0,10,0,0,7,0,2,1,0,0,1,1,0,-1,100,5,0,-1,2,0,1,-1,-1,-1,-1,0,10,-1,1,1,3,-1,-1,-1,0,0,1,0,0,10,0,0,0,26.45
1,0,0,0,-1,0,1,4,0,0,0,0,3,2,-1,-1,2,-1,-1,1,1,3,0,4,150,0,9223372036800000000,1,0,10,0,0,7,0,0,1,0,0,2,1,0,0,60,4,4,0,2,0,1,-1,-1,-1,-1,0,10,-1,1,1,3,-1,-1,-1,0,0,1,1,0,10,0,0,0,43.99
1,0,0,0,-1,0,1,0,0,0,0,0,1,0,-1,0,0,0,2,1,-1,3,0,-1,200,0,9223372036800000000,1e+75,0,10,0,0,7,0,0,1,0,0,1,1,0,2,0,0,0,0,2,0,1,-1,-1,-1,-1,0,10,-1,1,1,3,-1,-1,-1,0,0,1,0,0,10,0,0,0,33.18
1,0,0,0,-1,0,1,3,0,0,0,0,2,0,-1,0,-1,2,0,-1,0,3,0,-1,100,0,9223372036800000000,1e+75,0,10,0,0,7,0,0,1,0,0,1,1,0,0,0,0,0,0,2,0,1,-1,-1,-1,-1,0,10,-1,1,1,3,-1,-1,-1,0,0,1,0,0,10,0,0,0,34.02
1,0,0,0,-1,0,1,4,0,0,0,0,0,0,1,-1,2,2,-1,2,1,3,0,-1,10,0,9223372036800000000,1e+75,0,10,0,0,7,0,0,1,0,0,1,1,0,0,0,0,0,0,2,0,1,-1,-1,-1,-1,0,10,-1,1,1,3,-1,-1,-1,0,0,1,0,0,10,0,0,0,33.48
1,0,0,0,-1,0,1,3,1,0,5,0,-1,-1,-1,-1,2,1,-1,-1,0,3,0,1,800,0,9223372036800000000,50,0,10,0,0,7,0,3,1,0,0,0,1,0,0,20,1,2,3,2,0,1,-1,-1,-1,2,0,10,-1,1,1,3,-1,-1,-1,0,0,1,2,0,10,0,0,0,30.05
1,0,0,0,-1,0,1,3,0,0,0,0,3,1,-1,1,1,-1,-1,-1,0,3,0,-1,400,0,9223372036800000000,40,0,10,0,0,7,0,3,1,0,0,2,1,0,0,60,0,0,3,2,0,1,-1,-1,-1,-1,0,10,-1,1,1,3,-1,-1,-1,0,0,1,0,0,10,0,0,0,36.3
1,0,0,0,-1,0,1,3,0,0,0,0,-1,1,1,2,0,1,-1,1,2,3,0,-1,10,0,9223372036800000000,60,0,10,0,0,7,0,1,1,0,0,3,1,0,-1,0,0,0,-1,2,0,1,-1,-1,-1,-1,0,10,-1,1,1,3,-1,-1,-1,0,0,1,0,0,10,0,0,0,42.67
1,0,0,0,-1,0,1,4,0,0,0,0,3,0,0,1,2,0,2,2,0,3,0,4,50,0,9223372036800000000,30,0,10,0,0,7,0,1,1,0,0,2,1,0,0,1000,0,0,-1,2,0,1,-1,-1,-1,-1,0,10,-1,1,1,3,-1,-1,-1,0,0,1,0,0,10,0,0,0,33.44
1,0,0,0,-1,0,1,3,0,0,0,0,2,0,-1,0,-1,2,2,-1,0,3,0,-1,100,0,9223372036800000000,1e+75,0,10,0,0,7,0,0,1,0,0,1,1,0,0,0,0,0,0,2,0,1,-1,-1,-1,-1,0,10,-1,1,1,3,-1,-1,-1,0,0,1,0,0,10,0,0,0,34.02
1,0,0,0,-1,0,1,2,0,0,0,0,3,0,1,0,-1,1,2,0,0,3,0,-1,25,0,9223372036800000000,1e+75,0,10,0,0,7,0,0,1,0,0,1,1,0,0,0,0,0,0,2,0,1,-1,-1,-1,-1,0,10,-1,1,1,3,-1,-1,-1,0,0,1,0,0,10,0,0,0,33.37
1,0,0,0,-1,0,1,0,0,0,0,0,-1,-1,1,2,0,-1,2,0,1,3,0,-1,10,0,9223372036800000000,120,0,10,0,0,7,0,3,1,0,0,2,1,0,-1,0,0,0,2,2,0,1,-1,-1,-1,-1,0,10,-1,1,1,3,-1,-1,-1,0,0,1,0,0,10,0,0,0,33.43
1,0,0,0,-1,0,1,2,0,0,0,0,2,2,1,1,1,-1,2,2,1,3,0,-1,25,0,9223372036800000000,20,0,10,0,0,7,0,0,1,0,0,3,1,0,2,200,0,0,3,2,0,1,-1,-1,-1,-1,0,10,-1,1,1,3,-1,-1,-1,0,0,1,0,0,10,0,0,0,33.03
1,0,0,0,-1,0,1,0,0,0,0,0,0,0,0,0,0,0,0,0,0,3,0,-1,50,0,9223372036800000000,1e+75,0,10,0,0,7,0,0,1,0,0,1,1,0,0,0,0,0,0,2,0,1,-1,-1,-1,-1,0,10,-1,1,1,3,-1,-1,-1,0,0,1,0,0,10,0,0,0,33.37
1,0,0,0,-1,0,1,4,0,0,0,0,2,3,1,1,0,-1,0,0,-1,3,0,-1,400,0,9223372036800000000,60,0,10,0,0,7,0,2,1,0,0,3,1,0,1,20,3,0,-1,2,0,1,-1,-1,-1,-1,0,10,-1,1,1,3,-1,-1,-1,0,0,1,1,0,10,0,0,0,5486.67
1,0,0,0,-1,0,1,4,0,0,0,0,0,0,1,-1,2,2,-1,0,1,3,0,-1,50,0,9223372036800000000,1e+75,0,10,0,0,7,0,0,1,0,0,1,1,0,0,0,0,0,0,2,0,1,-1,-1,-1,-1,0,10,-1,1,1,3,-1,-1,-1,0,0,1,0,0,10,0,0,0,33.48
1,0,0,0,-1,0,1,5,0,0,0,0,3,0,1,2,1,2,2,2,2,3,0,-1,25,0,9223372036800000000,1e+75,0,10,0,0,7,0,0,1,0,0,1,1,0,3,0,0,0,0,2,0,1,-1,-1,-1,-1,0,10,-1,1,1,3,-1,-1,-1,0,0,1,0,0,10,0,0,0,42.79
1,0,0,0,-1,0,1,0,0,0,0,0,0,0,-1,0,-1,0,2,2,1,3,0,-1,100,0,9223372036800000000,1e+75,0,10,0,0,7,0,0,1,0,0,1,1,0,0,0,0,0,0,2,0,1,-1,-1,-1,-1,0,10,-1,1,1,3,-1,-1,-1,0,0,1,0,0,10,0,0,0,33.37
1,0,0,0,-1,0,1,4,0,0,0,0,1,0,1,1,0,-1,2,-1,1,3,0,-1,150,0,9223372036800000000,1e+75,0,10,0,0,7,0,0,1,0,0,1,1,0,0,0,0,0,0,2,0,1,-1,-1,-1,-1,0,10,-1,1,1,3,-1,-1,-1,0,0,1,0,0,10,0,0,0,33.48
1,0,0,0,-1,0,1,5,0,0,0,0,3,0,1,2,1,1,2,2,0,3,0,-1,25,0,9223372036800000000,1e+75,0,10,0,0,7,0,0,1,0,0,1,1,0,3,0,0,0,0,2,0,1,-1,-1,-1,-1,0,10,-1,1,1,3,-1,-1,-1,0,0,1,0,0,10,0,0,0,42.79
1,0,0,0,-1,0,1,0,0,0,0,0,0,3,1,1,2,-1,-1,0,2,3,0,4,25,0,9223372036800000000,50,0,10,0,0,7,0,2,1,0,0,3,1,0,3,500,1,5,1,2,0,1,-1,-1,-1,-1,0,10,-1,1,1,3,-1,-1,-1,0,0,1,0,0,10,0,0,0,34.29
1,0,0,0,-1,0,1,4,0,0,0,0,3,0,-1,2,0,2,0,-1,2,3,0,-1,200,0,9223372036800000000,1e+75,0,10,0,0,7,0,0,1,0,0,1,1,0,0,0,0,0,0,2,0,1,-1,-1,-1,-1,0,10,-1,1,1,3,-1,-1,-1,0,0,1,0,0,10,0,0,0,33.69
1,0,0,0,-1,0,1,5,0,0,0,0,3,1,-1,0,2,1,1,-1,1,3,0,4,800,0,9223372036800000000,240,0,10,0,0,7,0,0,1,0,0,1,1,0,0,-1,0,0,3,2,0,1,-1,-1,-1,-1,0,10,-1,1,1,3,-1,-1,-1,0,0,1,0,0,10,0,0,0,38.65
1,0,0,0,-1,0,1,5,0,0,0,0,-1,1,1,2,1,2,-1,2,-1,3,0,16,200,0,9223372036800000000,20,0,10,0,0,7,0,3,1,0,0,2,1,0,2,1000,1,0,3,2,0,1,-1,-1,-1,-1,0,10,-1,1,1,3,-1,-1,-1,0,0,1,0,0,10,0,0,0,42.73
1,0,0,0,-1,0,1,3,0,0,0,0,1,0,-1,-1,0,2,1,-1,-1,3,0,-1,25,0,9223372036800000000,1e+75,0,10,0,0,7,0,0,1,0,0,1,1,0,0,0,0,0,0,2,0,1,-1,-1,-1,-1,0,10,-1,1,1,3,-1,-1,-1,0,0,1,0,0,10,0,0,0,33.75
1,0,0,0,-1,0,1,5,0,0,0,0,0,0,-1,1,1,0,1,1,0,3,0,-1,200,0,9223372036800000000,1e+75,0,10,0,0,7,0,0,1,0,0,1,1,0,-1,0,0,0,0,2,0,1,-1,-1,-1,-1,0,10,-1,1,1,3,-1,-1,-1,0,0,1,0,0,10,0,0,0,38.65
1,0,0,0,-1,0,1,5,0,0,0,0,-1,0,-1,1,2,-1,0,1,-1,3,0,-1,150,0,9223372036800000000,1e+75,0,10,0,0,7,0,0,1,0,0,2,1,0,-1,-1,0,0,0,2,0,1,-1,-1,-1,-1,0,10,-1,1,1,3,-1,-1,-1,0,0,1,0,0,10,0,0,0,42.79
1,0,0,0,-1,0,1,0,0,0,0,0,0,0,-1,2,1,0,1,1,0,3,0,-1,200,0,9223372036800000000,1e+75,0,10,0,0,7,0,0,1,0,0,1,1,0,-1,0,0,0,0,2,0,1,-1,-1,-1,-1,0,10,-1,1,1,3,-1,-1,-1,0,0,1,0,0,10,0,0,0,33.37
1,0,0,0,-1,0,1,5,0,0,0,0,1,0,-1,1,0,-1,2,2,0,3,0,-1,100,0,9223372036800000000,1e+75,0,10,0,0,7,0,0,1,0,0,1,1,0,2,0,0,0,0,2,0,1,-1,-1,-1,-1,0,10,-1,1,1,3,-1,-1,-1,0,0,1,0,0,10,0,0,0,42.79
1,0,0,0,-1,0,1,3,0,0,0,0,1,0,0,0,0,2,0,-1,-1,3,0,-1,25,0,9223372036800000000,1e+75,0,10,0,0,7,0,0,1,0,0,1,1,0,0,0,0,0,0,2,0,1,-1,-1,-1,-1,0,10,-1,1,1,3,-1,-1,-1,0,0,1,0,0,10,0,0,0,33.75
1,0,0,0,-1,0,1,3,1,0,5,0,-1,-1,-1,-1,2,1,-1,2,0,3,0,1,800,0,9223372036800000000,50,0,10,0,0,7,0,3,1,0,0,0,1,0,1,20,1,2,3,2,0,1,-1,-1,-1,2,0,10,-1,1,1,3,-1,-1,-1,0,0,1,2,0,10,0,0,0,29.69
1,0,0,0,-1,0,1,4,0,0,0,0,2,0,-1,1,0,2,1,0,2,3,0,4,100,0,9223372036800000000,1,0,10,0,0,7,0,2,1,0,0,2,1,0,2,-1,0,1,3,2,0,1,-1,-1,-1,-1,0,10,-1,1,1,3,-1,-1,-1,0,0,1,0,0,10,0,0,0,38.58
1,0,0,0,-1,0,1,5,0,0,0,0,1,0,-1,1,0,-1,2,2,1,3,0,-1,100,0,9223372036800000000,1e+75,0,10,0,0,7,0,0,1,0,0,1,1,0,2,0,0,0,0,2,0,1,-1,-1,-1,-1,0,10,-1,1,1,3,-1,-1,-1,0,0,1,0,0,10,0,0,0,42.79
1,0,0,0,-1,0,1,4,0,0,0,0,2,0,-1,1,0,2,1,0,2,3,0,4,100,0,9223372036800000000,1,0,10,0,0,7,0,3,1,0,0,2,1,0,1,-1,0,1,3,2,0,1,-1,-1,-1,-1,0,10,-1,1,1,3,-1,-1,-1,0,0,1,0,0,10,0,0,0,38.67
1,0,0,0,-1,0,1,5,0,0,0,0,0,0,1,-1,0,1,1,2,1,3,0,-1,400,0,9223372036800000000,1e+75,0,10,0,0,7,0,0,1,0,0,1,1,0,-1,0,0,0,0,2,0,1,-1,-1,-1,-1,0,10,-1,1,1,3,-1,-1,-1,0,0,1,0,0,10,0,0,0,38.65
1,0,0,0,-1,0,1,0,0,0,0,0,1,0,-1,1,0,-1,2,2,2,3,0,-1,25,0,9223372036800000000,1e+75,0,10,0,0,7,0,0,1,0,0,1,1,0,2,0,0,0,0,2,0,1,-1,-1,-1,-1,0,10,-1,1,1,3,-1,-1,-1,0,0,1,0,0,10,0,0,0,33.26
1,0,0,0,-1,0,1,0,0,0,0,0,1,0,-1,1,0,-1,2,0,2,3,0,-1,25,0,9223372036800000000,1e+75,0,10,0,0,7,0,0,1,0,0,1,1,0,2,0,0,0,0,2,0,1,-1,-1,-1,-1,0,10,-1,1,1,3,-1,-1,-1,0,0,1,0,0,10,0,0,0,33.26
1,0,0,0,-1,0,1,1,0,0,0,0,-1,2,-1,0,-1,1,2,-1,1,3,0,8,150,0,9223372036800000000,20,0,10,0,0,7,0,1,1,0,0,3,1,0,2,-1,0,0,2,2,0,1,-1,-1,-1,-1,0,10,-1,1,1,3,-1,-1,-1,0,0,1,0,0,10,0,0,0,41.82
1,0,0,0,-1,0,1,3,0,0,0,0,-1,0,-1,-1,1,-1,-1,1,-1,3,0,-1,100,0,9223372036800000000,50,0,10,0,0,7,0,0,1,0,0,2,1,0,3,0,1,0,0,2,0,1,-1,-1,-1,-1,0,10,-1,1,1,3,-1,-1,-1,0,0,1,0,0,10,0,0,0,42.66
1,0,0,0,-1,0,1,3,0,0,0,0,1,0,-1,-1,0,2,1,2,1,3,0,-1,25,0,9223372036800000000,1e+75,0,10,0,0,7,0,0,1,0,0,1,1,0,0,0,0,0,0,2,0,1,-1,-1,-1,-1,0,10,-1,1,1,3,-1,-1,-1,0,0,1,0,0,10,0,0,0,33.75
1,0,0,0,-1,0,1,2,0,0,0,0,1,3,0,0,0,-1,-1,0,0,3,0,4,10,0,9223372036800000000,30,0,10,0,0,7,0,0,1,0,0,1,1,0,0,60,4,0,-1,2,0,1,-1,-1,-1,-1,0,10,-1,1,1,3,-1,-1,-1,0,0,1,0,0,10,0,0,0,45.12
1,0,0,0,-1,0,1,2,0,0,0,0,2,0,-1,0,1,0,1,1,1,3,0,2,10,0,9223372036800000000,1,0,10,0,0,7,0,0,1,0,0,2,1,0,2,40,6,2,0,2,0,1,-1,-1,-1,-1,0,10,-1,1,1,3,-1,-1,-1,0,0,1,0,0,10,0,0,0,32.88
1,0,0,0,-1,0,1,3,0,0,4,0,2,3,1,1,2,0,-1,1,0,3,0,-1,10,0,9223372036800000000,60,0,10,0,0,7,0,3,1,0,0,1,1,0,-1,200,2,4,2,2,0,1,-1,-1,3,0,0,10,-1,1,1,3,-1,-1,-1,0,0,0,3,0,10,0,0,0,34.68
1,0,0,0,-1,0,1,5,0,0,0,0,3,0,1,0,1,-1,2,-1,-1,3,0,-1,150,0,9223372036800000000,1e+75,0,10,0,0,7,0,0,1,0,0,1,1,0,0,0,0,0,0,2,0,1,-1,-1,-1,-1,0,10,-1,1,1,3,-1,-1,-1,0,0,1,0,0,10,0,0,0,42.92
1,0,0,0,-1,0,1,3,0,0,0,0,3,3,0,2,-1,2,2,2,1,3,0,-1,100,0,9223372036800000000,5,0,10,0,0,7,0,2,1,0,0,3,1,0,0,0,0,0,1,2,0,1,-1,-1,-1,-1,0,10,-1,1,1,3,-1,-1,-1,0,0,1,0,0,10,0,0,0,34.02
1,0,0,0,-1,0,1,0,0,0,0,0,2,0,0,1,0,2,-1,1,1,3,0,-1,10,0,9223372036800000000,2,0,10,0,0,7,0,3,1,0,0,3,1,0,2,0,0,0,4,2,0,1,-1,-1,-1,-1,0,10,-1,1,1,3,-1,-1,-1,0,0,1,0,0,10,0,0,0,33.13
1,0,0,0,-1,0,1,3,1,0,3,0,1,2,0,1,2,-1,-1,0,0,3,0,4,800,0,9223372036800000000,1e+75,0,10,0,0,7,0,3,1,0,0,2,1,0,3,200,5,5,-1,2,0,1,-1,-1,1,3,0,10,-1,1,1,3,-1,-1,-1,0,0,-1,2,0,10,0,0,0,33.14
1,0,0,0,-1,0,1,4,0,0,0,0,0,0,-1,-1,1,0,-1,2,0,3,0,-1,200,0,9223372036800000000,1e+75,0,10,0,0,7,0,0,1,0,0,1,1,0,0,0,0,0,0,2,0,1,-1,-1,-1,-1,0,10,-1,1,1,3,-1,-1,-1,0,0,1,0,0,10,0,0,0,33.48
1,0,0,0,-1,0,1,0,0,0,0,0,2,2,-1,2,2,1,1,0,-1,3,0,-1,400,0,9223372036800000000,5,0,10,0,0,7,0,1,1,0,0,1,1,0,1,0,0,0,0,2,0,1,-1,-1,-1,-1,0,10,-1,1,1,3,-1,-1,-1,0,0,1,0,0,10,0,0,0,33.66
1,0,0,0,-1,0,1,4,0,0,0,0,0,0,-1,-1,1,0,-1,0,0,3,0,-1,200,0,9223372036800000000,1e+75,0,10,0,0,7,0,0,1,0,0,1,1,0,0,0,0,0,0,2,0,1,-1,-1,-1,-1,0,10,-1,1,1,3,-1,-1,-1,0,0,1,0,0,10,0,0,0,33.48
1,0,0,0,-1,0,1,0,0,0,0,0,0,0,0,0,0,0,2,0,0,3,0,-1,150,0,9223372036800000000,1e+75,0,10,0,0,7,0,0,1,0,0,1,1,0,0,0,0,0,0,2,0,1,-1,-1,-1,-1,0,10,-1,1,1,3,-1,-1,-1,0,0,1,0,0,10,0,0,0,33.37
1,0,0,0,-1,0,1,5,0,0,0,0,1,0,-1,1,0,-1,2,1,0,3,0,-1,100,0,9223372036800000000,1e+75,0,10,0,0,7,0,0,1,0,0,1,1,0,2,0,0,0,0,2,0,1,-1,-1,-1,-1,0,10,-1,1,1,3,-1,-1,-1,0,0,1,0,0,10,0,0,0,42.79
1,0,0,0,-1,0,1,2,0,0,0,0,-1,0,0,-1,-1,-1,0,0,2,3,0,-1,25,0,9223372036800000000,240,0,10,0,0,7,0,0,1,0,0,3,1,0,1,0,0,0,3,2,0,1,-1,-1,-1,-1,0,10,-1,1,1,3,-1,-1,-1,0,0,1,0,0,10,0,0,0,42.18
1,0,0,0,-1,0,1,2,0,0,0,0,3,0,1,0,-1,-1,2,-1,0,3,0,-1,25,0,9223372036800000000,1e+75,0,10,0,0,7,0,0,1,0,0,1,1,0,0,0,0,0,0,2,0,1,-1,-1,-1,-1,0,10,-1,1,1,3,-1,-1,-1,0,0,1,0,0,10,0,0,0,33.48
1,0,0,0,-1,0,1,0,0,0,0,0,2,0,-1,1,-1,2,0,1,2,3,0,-1,10,0,9223372036800000000,1e+75,0,10,0,0,7,0,0,1,0,0,1,1,0,3,0,0,0,0,2,0,1,-1,-1,-1,-1,0,10,-1,1,1,3,-1,-1,-1,0,0,1,0,0,10,0,0,0,33.44
1,0,0,0,-1,0,1,1,0,0,0,0,3,0,-1,1,1,1,2,-1,1,3,0,16,400,0,9223372036800000000,1e+75,0,10,0,0,7,0,2,1,0,0,1,1,0,-1,100,5,0,-1,2,0,1,-1,-1,-1,-1,0,2,-1,1,1,3,-1,-1,-1,0,0,1,0,0,10,0,0,0,26.45
1,0,0,0,-1,0,1,2,0,0,0,0,-1,1,0,-1,2,-1,0,1,0,3,0,-1,200,0,9223372036800000000,1e+75,0,10,0,0,7,0,2,1,0,0,3,1,0,3,0,0,0,4,2,0,1,-1,-1,-1,-1,0,10,-1,1,1,3,-1,-1,-1,0,0,1,0,0,10,0,0,0,42.6
1,0,0,0,-1,0,1,4,0,0,0,0,0,0,0,0,2,2,1,-1,2,3,0,-1,10,0,9223372036800000000,1e+75,0,10,0,0,7,0,0,1,0,0,1,1,0,0,0,0,0,0,2,0,1,-1,-1,-1,-1,0,10,-1,1,1,3,-1,-1,-1,0,0,1,0,0,10,0,0,0,33.48
1,0,0,0,-1,0,1,0,0,0,0,0,3,0,-1,-1,-1,-1,-1,0,-1,3,0,-1,200,0,9223372036800000000,30,0,10,0,0,7,0,3,1,0,0,0,1,0,2,60,0,0,4,2,0,1,-1,-1,-1,-1,0,10,-1,1,1,3,-1,-1,-1,0,0,1,0,0,10,0,0,0,33.03
1,0,0,0,-1,0,1,0,0,0,0,0,2,0,-1,1,-1,2,0,-1,2,3,0,-1,10,0,9223372036800000000,1e+75,0,10,0,0,7,0,0,1,0,0,1,1,0,3,0,0,0,0,2,0,1,-1,-1,-1,-1,0,10,-1,1,1,3,-1,-1,-1,0,0,1,0,0,10,0,0,0,33.44
1,0,0,0,-1,0,1,0,0,0,0,0,2,0,-1,2,-1,2,0,-1,2,3,0,-1,10,0,9223372036800000000,1e+75,0,10,0,0,7,0,0,1,0,0,1,1,0,3,0,0,0,0,2,0,1,-1,-1,-1,-1,0,10,-1,1,1,3,-1,-1,-1,0,0,1,0,0,10,0,0,0,33.44
1,0,0,0,-1,0,1,3,1,0,5,0,-1,-1,-1,-1,2,1,-1,-1,0,3,0,2,800,0,9223372036800000000,50,0,10,0,0,7,0,3,1,0,0,0,1,0,1,20,1,2,3,2,0,1,-1,-1,-1,2,0,10,-1,1,1,3,-1,-1,-1,0,0,1,2,0,10,0,0,0,38.08
1,0,0,0,-1,0,1,3,1,0,3,0,1,2,0,1,2,-1,2,0,0,3,0,4,800,0,9223372036800000000,1e+75,0,10,0,0,7,0,3,1,0,0,2,1,0,3,200,5,5,2,2,0,1,-1,-1,1,3,0,10,-1,1,1,3,-1,-1,-1,0,0,-1,2,0,10,0,0,0,33.14
1,0,0,0,-1,0,1,0,0,0,0,0,0,0,0,0,0,0,0,0,0,3,0,-1,150,0,9223372036800000000,1e+75,0,10,0,0,7,0,0,1,0,0,1,1,0,0,20,0,0,0,2,0,1,-1,-1,-1,-1,0,10,-1,1,1,3,-1,-1,-1,0,0,1,0,0,10,0,0,0,33.3
1,0,0,0,-1,0,1,1,0,0,0,0,3,0,-1,1,1,1,2,-1,1,3,0,16,400,0,9223372036800000000,1e+75,0,10,0,0,7,0,2,1,0,0,0,1,0,-1,100,5,0,-1,2,0,1,-1,-1,-1,-1,0,10,-1,1,1,3,-1,-1,-1,0,0,1,0,0,10,0,0,0,35.51
1,0,0,0,-1,0,1,0,0,0,0,0,-1,1,1,2,0,1,0,1,-1,3,0,-1,10,0,9223372036800000000,60,0,10,0,0,7,0,1,1,0,0,3,1,0,-1,0,0,0,1,2,0,1,-1,-1,-1,-1,0,10,-1,1,1,3,-1,-1,-1,0,0,1,0,0,10,0,0,0,33.62
1,0,0,0,-1,0,1,3,0,0,0,0,1,0,-1,-1,0,2,1,2,2,3,0,-1,25,0,9223372036800000000,1e+75,0,10,0,0,7,0,0,1,0,0,1,1,0,0,0,0,0,0,2,0,1,-1,-1,-1,-1,0,10,-1,1,1,3,-1,-1,-1,0,0,1,0,0,10,0,0,0,33.75
1,0,0,0,-1,0,1,4,0,0,0,0,0,1,1,0,1,1,0,2,-1,3,0,2,10,0,9223372036800000000,120,0,10,0,0,7,0,1,1,0,0,2,1,0,2,20,2,0,3,2,0,1,-1,-1,-1,-1,0,10,-1,1,1,3,-1,-1,-1,0,0,1,0,0,10,0,0,0,32.96
1,0,0,0,-1,0,1,2,0,0,0,0,2,0,0,0,-1,1,0,2,0,3,0,-1,10,0,9223372036800000000,1e+75,0,10,0,0,7,0,0,1,0,0,1,1,0,0,0,0,0,0,2,0,1,-1,-1,-1,-1,0,10,-1,1,1,3,-1,-1,-1,0,0,1,0,0,10,0,0,0,33.37
1,0,0,0,-1,0,1,4,1,0,3,0,0,1,0,2,2,2,0,1,-1,3,0,8,10,0,9223372036800000000,20,0,10,0,0,7,0,0,1,0,0,0,1,0,2,40,0,4,4,2,0,1,-1,-1,2,-1,0,10,-1,1,1,3,-1,-1,-1,0,0,0,4,0,10,0,0,0,35.46
1,0,0,0,-1,0,1,3,0,0,0,0,3,0,1,2,2,2,0,2,-1,3,0,-1,400,0,9223372036800000000,1e+75,0,10,0,0,7,0,0,1,0,0,1,1,0,-1,0,0,0,0,2,0,1,-1,-1,-1,-1,0,10,-1,1,1,3,-1,-1,-1,0,0,1,0,0,10,0,0,0,33.98
1,0,0,0,-1,0,1,3,0,0,0,0,2,3,1,1,2,0,-1,1,0,3,0,-1,25,0,9223372036800000000,60,0,10,0,0,7,0,3,1,0,0,1,1,0,-1,200,2,4,2,2,0,1,-1,-1,3,0,0,10,-1,1,1,3,-1,-1,-1,0,0,0,3,0,10,0,0,0,34.68
1,0,0,0,-1,0,1,1,0,0,0,0,-1,0,-1,2,0,1,2,2,-1,3,0,-1,400,0,9223372036800000000,1e+75,0,10,0,0,7,0,0,1,0,0,1,1,0,3,0,0,0,0,2,0,1,-1,-1,-1,-1,0,10,-1,1,1,3,-1,-1,-1,0,0,1,0,0,10,0,0,0,42.51
1,0,0,0,-1,0,1,5,0,0,0,0,2,3,-1,0,1,1,2,2,0,3,0,1,100,0,9223372036800000000,40,0,10,0,0,7,0,1,1,0,0,3,1,0,-1,40,0,0,3,2,0,1,-1,-1,-1,-1,0,10,-1,1,1,3,-1,-1,-1,0,0,1,0,0,10,0,0,0,42.73
1,0,0,0,-1,0,1,0,0,0,0,0,0,3,-1,-1,-1,1,2,-1,2,3,0,-1,50,0,9223372036800000000,2,0,10,0,0,7,0,1,1,0,0,0,1,0,2,0,0,0,2,2,0,1,-1,-1,-1,-1,0,10,-1,1,1,3,-1,-1,-1,0,0,1,0,0,10,0,0,0,33.03
1,0,0,0,-1,0,1,3,0,0,0,0,3,0,1,0,-1,0,-1,2,2,3,0,-1,150,0,9223372036800000000,1e+75,0,10,0,0,7,0,0,1,0,0,1,1,0,2,0,0,0,0,2,0,1,-1,-1,-1,-1,0,10,-1,1,1,3,-1,-1,-1,0,0,1,0,0,10,0,0,0,33.72
1,0,0,0,-1,0,1,0,0,0,0,0,0,3,-1,-1,-1,2,2,-1,2,3,0,-1,50,0,9223372036800000000,2,0,10,0,0,7,0,3,1,0,0,0,1,0,2,0,0,0,2,2,0,1,-1,-1,-1,-1,0,10,-1,1,1,3,-1,-1,-1,0,0,1,0,0,10,0,0,0,33.13
1,0,0,0,-1,0,1,0,0,0,0,0,0,3,-1,-1,-1,1,2,-1,2,3,0,-1,50,0,9223372036800000000,2,0,10,0,0,7,0,3,1,0,0,0,1,0,2,0,0,0,4,2,0,1,-1,-1,-1,-1,0,10,-1,1,1,3,-1,-1,-1,0,0,1,0,0,10,0,0,0,33.03
1,0,0,0,-1,0,1,2,0,0,0,0,1,2,1,0,0,-1,2,2,0,3,0,-1,400,0,9223372036800000000,40,0,10,0,0,7,0,3,1,0,0,0,1,0,2,0,0,0,0,2,0,1,-1,-1,-1,-1,0,10,-1,1,1,3,-1,-1,-1,0,0,1,0,0,10,0,0,0,33.13
1,0,0,0,-1,0,1,3,0,0,0,0,2,0,0,2,-1,0,2,1,-1,3,0,-1,100,0,9223372036800000000,1e+75,0,10,0,0,7,0,0,1,0,0,1,1,0,0,0,0,0,0,2,0,1,-1,-1,-1,-1,0,10,-1,1,1,3,-1,-1,-1,0,0,1,0,0,10,0,0,0,34.02
1,0,0,0,-1,0,1,2,0,0,0,0,1,2,1,0,-1,-1,2,2,0,3,0,-1,400,0,9223372036800000000,20,0,10,0,0,7,0,3,1,0,0,0,1,0,2,0,0,0,0,2,0,1,-1,-1,-1,-1,0,10,-1,1,1,3,-1,-1,-1,0,0,1,0,0,10,0,0,0,33.13
1,0,0,0,-1,0,1,4,0,0,0,0,1,0,1,0,0,-1,2,1,2,3,0,2,25,0,9223372036800000000,120,0,10,0,0,7,0,2,1,0,0,2,1,0,-1,20,6,5,0,2,0,1,-1,-1,-1,-1,0,10,-1,1,1,3,-1,-1,-1,0,0,1,0,0,10,0,0,0,34.28
1,0,0,0,-1,0,1,3,1,0,1,0,0,2,-1,0,-1,1,-1,-1,-1,3,0,1,50,0,9223372036800000000,50,0,10,0,0,7,0,0,1,0,0,3,1,0,3,100,0,0,2,2,0,1,-1,-1,-1,-1,0,10,-1,1,1,3,-1,-1,-1,0,0,1,3,0,10,0,0,0,30.05
1,0,0,0,-1,0,1,0,0,0,0,0,1,2,1,0,-1,-1,2,2,0,3,0,-1,400,0,9223372036800000000,40,0,10,0,0,7,0,3,1,0,0,0,1,0,2,0,0,0,0,2,0,1,-1,-1,-1,-1,0,10,-1,1,1,3,-1,-1,-1,0,0,1,0,0,10,0,0,0,33.13
1,0,0,0,-1,0,1,0,0,0,0,0,1,0,-1,0,-1,0,2,1,-1,3,0,-1,50,0,9223372036800000000,50,0,10,0,0,7,0,0,1,0,0,1,1,0,2,0,0,0,0,2,0,1,-1,-1,-1,-1,0,10,-1,1,1,3,-1,-1,-1,0,0,1,0,0,10,0,0,0,33.03
1,0,0,0,-1,0,1,2,0,0,0,0,1,2,1,0,-1,-1,2,2,1,3,0,-1,400,0,9223372036800000000,40,0,10,0,0,7,0,3,1,0,0,0,1,0,2,0,0,0,0,2,0,1,-1,-1,-1,-1,0,10,-1,1,1,3,-1,-1,-1,0,0,1,0,0,10,0,0,0,33.13
1,0,0,0,-1,0,1,2,0,0,0,0,1,2,1,0,-1,-1,2,2,0,3,0,-1,400,0,9223372036800000000,120,0,10,0,0,7,0,3,1,0,0,0,1,0,2,0,0,0,0,2,0,1,-1,-1,-1,-1,0,10,-1,1,1,3,-1,-1,-1,0,0,1,0,0,10,0,0,0,33.13
1,0,0,0,-1,0,1,5,0,0,0,0,-1,0,-1,1,2,-1,0,1,-1,3,0,-1,150,0,9223372036800000000,60,0,10,0,0,7,0,0,1,0,0,2,1,0,-1,-1,0,0,0,2,0,1,-1,-1,-1,-1,0,10,-1,1,1,3,-1,-1,-1,0,0,1,0,0,10,0,0,0,42.79
1,0,0,0,-1,0,1,0,0,0,0,0,-1,3,1,2,0,1,-1,1,-1,3,0,-1,10,0,9223372036800000000,60,0,10,0,0,7,0,1,1,0,0,3,1,0,-1,0,0,0,1,2,0,1,-1,-1,-1,-1,0,10,-1,1,1,3,-1,-1,-1,0,0,1,0,0,10,0,0,0,33.62
1,0,0,0,-1,0,1,3,0,0,0,0,1,0,0,0,0,0,1,0,1,3,0,4,50,0,9223372036800000000,0,0,10,0,0,7,0,3,1,0,0,0,1,0,-1,100,2,5,2,2,0,1,-1,-1,-1,-1,0,10,-1,1,1,3,-1,-1,-1,0,0,1,2,0,10,0,0,0,26.05
1,0,0,0,-1,0,1,2,0,0,0,0,1,2,1,0,-1,-1,-1,2,0,3,0,-1,400,0,9223372036800000000,40,0,10,0,0,7,0,3,1,0,0,0,1,0,2,0,0,0,0,2,0,1,-1,-1,-1,-1,0,10,-1,1,1,3,-1,-1,-1,0,0,1,0,0,10,0,0,0,33.13
1,0,0,0,-1,0,1,2,0,0,0,0,1,2,1,0,-1,-1,2,2,0,3,0,-1,400,0,9223372036800000000,40,0,10,0,0,7,0,3,1,0,0,0,1,0,2,0,0,0,1,2,0,1,-1,-1,-1,-1,0,10,-1,1,1,3,-1,-1,-1,0,0,1,0,0,10,0,0,0,33.13
1,0,0,0,-1,0,1,2,0,0,0,0,1,2,1,0,-1,-1,2,2,0,3,0,-1,400,0,9223372036800000000,1e+75,0,10,0,0,7,0,3,1,0,0,0,1,0,2,0,0,0,0,2,0,1,-1,-1,-1,-1,0,10,-1,1,1,3,-1,-1,-1,0,0,1,0,0,10,0,0,0,33.26
1,0,0,0,-1,0,1,2,0,0,0,0,1,2,1,-1,-1,-1,2,2,0,3,0,-1,400,0,9223372036800000000,40,0,10,0,0,7,0,3,1,0,0,0,1,0,2,0,0,0,0,2,0,1,-1,-1,-1,-1,0,10,-1,1,1,3,-1,-1,-1,0,0,1,0,0,10,0,0,0,33.13
1,0,0,0,-1,0,1,2,0,0,0,0,1,2,1,0,1,-1,2,2,0,3,0,-1,400,0,9223372036800000000,40,0,10,0,0,7,0,3,1,0,0,0,1,0,2,0,0,0,0,2,0,1,-1,-1,-1,-1,0,10,-1,1,1,3,-1,-1,-1,0,0,1,0,0,10,0,0,0,33.13
1,0,0,0,-1,0,1,2,1,0,5,0,3,1,1,0,-1,-1,1,0,2,3,0,2,50,0,9223372036800000000,240,0,10,0,0,7,0,2,1,0,0,3,1,0,2,20,0,3,3,2,0,1,-1,-1,0,-1,0,10,-1,1,1,3,-1,-1,-1,0,0,1,1,0,10,0,0,0,38.72
1,0,0,0,-1,0,1,2,0,0,0,0,1,2,1,0,-1,-1,2,2,0,3,0,-1,400,0,9223372036800000000,40,0,10,0,0,7,0,3,1,0,0,0,1,0,-1,0,0,0,0,2,0,1,-1,-1,-1,-1,0,10,-1,1,1,3,-1,-1,-1,0,0,1,0,0,10,0,0,0,33.66
1,0,0,0,-1,0,1,0,0,0,0,0,0,0,0,0,0,-1,0,0,0,3,0,-1,200,0,9223372036800000000,1e+75,0,10,0,0,7,0,0,1,0,0,1,1,0,0,0,0,0,0,2,0,1,-1,-1,-1,-1,0,10,-1,1,1,3,-1,-1,-1,0,0,1,0,0,10,0,0,0,33.48
1,0,0,0,-1,0,1,2,0,0,0,0,-1,0,0,-1,-1,-1,0,0,1,3,0,-1,25,0,9223372036800000000,240,0,10,0,0,7,0,0,1,0,0,3,1,0,1,0,0,0,3,2,0,1,-1,-1,-1,-1,0,10,-1,1,1,3,-1,-1,-1,0,0,1,0,0,10,0,0,0,42.18
1,0,0,0,-1,0,1,4,0,0,0,0,2,-1,1,2,0,1,2,-1,1,3,0,-1,150,0,9223372036800000000,120,0,10,0,0,7,0,1,1,0,0,1,1,0,3,100,0,0,3,2,0,1,-1,-1,-1,-1,0,10,-1,1,1,3,-1,-1,-1,0,0,1,0,0,10,0,0,0,33.44
1,0,0,0,-1,0,1,3,1,0,1,0,3,-1,-1,2,0,2,2,0,2,3,0,2,10,0,9223372036800000000,2,0,10,0,0,7,0,2,1,0,0,1,1,0,-1,20,0,2,2,2,0,1,-1,-1,3,-1,0,10,-1,1,1,3,-1,-1,-1,0,0,1,5,0,10,0,0,0,32.25
1,0,0,0,-1,0,1,4,0,0,0,0,1,0,1,0,0,-1,2,1,2,3,0,2,25,0,9223372036800000000,120,0,10,0,0,7,0,2,1,0,0,2,1,0,-1,500,3,0,0,2,0,1,-1,-1,-1,-1,0,10,-1,1,1,3,-1,-1,-1,0,0,1,0,0,10,0,0,0,33.57
1,0,0,0,-1,0,1,1,0,0,0,0,0,3,-1,2,1,1,1,-1,1,3,0,8,200,0,9223372036800000000,30,0,10,0,0,7,0,3,1,0,0,2,1,0,0,0,2,1,1,2,0,1,-1,-1,-1,-1,0,10,-1,1,1,3,-1,-1,-1,0,0,1,5,0,10,0,0,0,38.67
1,0,0,0,-1,0,1,4,0,0,0,0,3,0,1,-1,2,0,2,0,-1,3,0,4,25,0,9223372036800000000,60,0,10,0,0,7,0,0,1,0,0,2,1,0,0,1000,4,0,2,2,0,1,-1,-1,-1,-1,0,10,-1,1,1,3,-1,-1,-1,0,0,1,0,0,10,0,0,0,45.12
1,0,0,0,-1,0,1,2,0,0,0,0,-1,0,0,-1,-1,-1,1,0,1,3,0,-1,25,0,9223372036800000000,240,0,10,0,0,7,0,0,1,0,0,3,1,0,1,0,0,0,3,2,0,1,-1,-1,-1,-1,0,10,-1,1,1,3,-1,-1,-1,0,0,1,0,0,10,0,0,0,42.18
1,0,0,0,-1,0,1,3,1,0,3,0,-1,2,0,-1,1,0,1,1,-1,3,0,8,200,0,9223372036800000000,30,0,10,0,0,7,0,2,1,0,0,1,1,0,1,1000,6,2,1,2,0,1,-1,-1,1,-1,0,10,-1,1,1,3,-1,-1,-1,0,0,0,0,0,10,0,0,0,36.35
1,0,0,0,-1,0,1,4,0,0,0,0,1,0,1,1,1,0,-1,-1,1,3,0,-1,150,0,9223372036800000000,1e+75,0,10,0,0,7,0,0,1,0,0,1,1,0,0,0,0,0,0,2,0,1,-1,-1,-1,-1,0,10,-1,1,1,3,-1,-1,-1,0,0,1,0,0,10,0,0,0,33.37
1,0,0,0,-1,0,1,2,0,0,0,0,-1,0,0,-1,-1,-1,0,0,1,3,0,-1,25,0,9223372036800000000,5,0,10,0,0,7,0,0,1,0,0,3,1,0,1,0,0,0,3,2,0,1,-1,-1,-1,-1,0,10,-1,1,1,3,-1,-1,-1,0,0,1,0,0,10,0,0,0,42.18
1,0,0,0,-1,0,1,0,0,0,0,0,0,0,0,0,0,0,0,0,0,3,0,-1,150,0,9223372036800000000,1,0,10,0,0,7,-1,0,1,0,0,1,1,0,2,-1,0,0,0,2,0,1,-1,-1,-1,-1,0,10,-1,1,1,3,-1,-1,-1,0,0,1,0,0,10,0,0,0,32.92
1,0,0,0,-1,0,1,2,0,0,5,0,3,3,0,0,0,-1,2,2,-1,3,0,2,200,0,9223372036800000000,40,0,10,0,0,7,0,1,1,0,0,2,1,0,-1,0,0,2,-1,2,0,1,-1,-1,0,0,0,10,-1,1,1,3,-1,-1,-1,0,0,-1,5,0,10,0,0,0,34.38
1,0,0,0,-1,0,1,4,0,0,0,0,0,0,1,2,1,-1,0,0,0,3,0,-1,400,0,9223372036800000000,1e+75,0,10,0,0,7,0,0,1,0,0,1,1,0,0,0,0,0,0,2,0,1,-1,-1,-1,-1,0,10,-1,1,1,3,-1,-1,-1,0,0,1,0,0,10,0,0,0,33.48
1,0,0,0,-1,0,1,3,0,0,0,0,-1,0,1,0,2,2,0,1,0,3,0,16,25,0,9223372036800000000,30,0,10,0,0,7,0,2,1,0,0,3,1,0,1,40,3,0,0,2,0,1,-1,-1,-1,-1,0,10,-1,1,1,3,-1,-1,-1,0,0,1,5,0,10,0,0,0,42.54
1,0,0,0,-1,0,1,2,0,0,0,0,-1,2,0,-1,-1,-1,0,0,1,3,0,-1,25,0,9223372036800000000,240,0,10,0,0,7,0,0,1,0,0,3,1,0,1,0,0,0,3,2,0,1,-1,-1,-1,-1,0,10,-1,1,1,3,-1,-1,-1,0,0,1,0,0,10,0,0,0,42.18
1,0,0,0,-1,0,1,2,0,0,0,0,-1,0,0,-1,-1,-1,2,0,1,3,0,-1,25,0,9223372036800000000,240,0,10,0,0,7,0,0,1,0,0,3,1,0,1,0,0,0,3,2,0,1,-1,-1,-1,-1,0,10,-1,1,1,3,-1,-1,-1,0,0,1,0,0,10,0,0,0,42.18
1,0,0,0,-1,0,1,2,0,0,0,0,-1,0,0,-1,-1,-1,0,0,1,3,0,-1,25,0,9223372036800000000,240,0,10,0,0,7,0,0,1,0,0,1,1,0,1,0,0,0,3,2,0,1,-1,-1,-1,-1,0,10,-1,1,1,3,-1,-1,-1,0,0,1,0,0,10,0,0,0,42.18
1,0,0,0,-1,0,1,0,0,0,0,0,0,0,0,0,0,0,0,0,0,3,0,-1,150,0,9223372036800000000,1,0,10,0,0,5,0,0,1,0,0,1,1,0,2,-1,0,0,0,2,0,1,-1,-1,-1,-1,0,10,-1,1,1,3,-1,-1,-1,0,0,1,0,0,10,0,0,0,32.92
1,0,0,0,-1,0,1,2,0,0,0,0,-1,0,0,-1,-1,-1,0,0,1,3,0,-1,25,0,9223372036800000000,10,0,10,0,0,7,0,0,1,0,0,3,1,0,1,0,0,0,3,2,0,1,-1,-1,-1,-1,0,10,-1,1,1,3,-1,-1,-1,0,0,1,0,0,10,0,0,0,42.18
1,0,0,0,-1,0,1,2,0,0,0,0,-1,0,0,-1,0,-1,0,0,1,3,0,-1,25,0,9223372036800000000,240,0,10,0,0,7,0,0,1,0,0,3,1,0,1,0,0,0,3,2,0,1,-1,-1,-1,-1,0,10,-1,1,1,3,-1,-1,-1,0,0,1,0,0,10,0,0,0,42.18
1,0,0,0,-1,0,1,3,0,0,0,0,0,0,0,0,1,0,2,1,2,3,0,4,200,0,9223372036800000000,50,0,10,0,0,7,0,0,1,0,0,1,1,0,-1,20,0,0,3,2,0,1,-1,-1,-1,-1,0,10,-1,1,1,3,-1,-1,-1,0,0,1,0,0,10,0,0,0,33.95
1,0,0,0,-1,0,1,4,0,0,0,0,2,-1,1,2,1,1,2,-1,1,3,0,-1,400,0,9223372036800000000,120,0,10,0,0,7,0,1,1,0,0,1,1,0,3,100,0,0,3,2,0,1,-1,-1,-1,-1,0,10,-1,1,1,3,-1,-1,-1,0,0,1,0,0,10,0,0,0,33.44
1,0,0,0,-1,0,1,2,0,0,0,0,-1,0,0,-1,-1,-1,0,0,1,3,0,-1,25,0,9223372036800000000,30,0,10,0,0,7,0,0,1,0,0,3,1,0,1,0,0,0,3,2,0,1,-1,-1,-1,-1,0,10,-1,1,1,3,-1,-1,-1,0,0,1,0,0,10,0,0,0,42.18
1,0,0,0,-1,0,1,2,0,0,0,0,-1,0,0,-1,-1,-1,0,0,1,3,0,-1,25,0,9223372036800000000,240,0,10,0,0,7,0,0,1,0,0,2,1,0,1,0,0,0,3,2,0,1,-1,-1,-1,-1,0,10,-1,1,1,3,-1,-1,-1,0,0,1,0,0,10,0,0,0,42.18
1,0,0,0,-1,0,1,4,0,0,0,0,3,0,-1,2,-1,-1,2,2,1,3,0,8,25,0,9223372036800000000,120,0,10,0,0,7,0,2,1,0,0,1,1,0,3,500,3,3,0,2,0,1,-1,-1,-1,-1,0,10,-1,1,1,3,-1,-1,-1,0,0,1,1,0,10,0,0,0,5486.67
1,0,0,0,-1,0,1,4,0,0,0,0,-1,1,0,0,2,0,0,0,0,3,0,-1,150,0,9223372036800000000,50,0,10,0,0,7,0,0,1,0,0,2,1,0,3,0,0,0,0,2,0,1,-1,-1,-1,-1,0,10,-1,1,1,3,-1,-1,-1,0,0,1,0,0,10,0,0,0,42.79
1,0,0,0,-1,0,1,4,0,0,0,0,2,3,-1,1,1,-1,0,-1,2,3,0,8,150,0,9223372036800000000,30,0,10,0,0,7,0,0,1,0,0,1,1,0,2,500,5,2,4,2,0,1,-1,-1,-1,-1,0,10,-1,1,1,3,-1,-1,-1,0,0,1,0,0,10,0,0,0,32.86
1,0,0,0,-1,0,1,4,0,0,0,0,-1,0,0,2,1,2,2,1,2,3,0,-1,400,0,9223372036800000000,10,0,10,0,0,7,0,3,1,0,0,0,1,0,0,0,0,0,-1,2,0,1,-1,-1,-1,-1,0,10,-1,1,1,3,-1,-1,-1,0,0,1,0,0,10,0,0,0,42.71
1,0,0,0,-1,0,1,2,0,0,0,0,-1,0,0,-1,0,-1,0,0,1,3,0,-1,25,0,9223372036800000000,0,0,10,0,0,7,0,0,1,0,0,3,1,0,1,0,0,0,3,2,0,1,-1,-1,-1,-1,0,10,-1,1,1,3,-1,-1,-1,0,0,1,0,0,10,0,0,0,42.09
1,0,0,0,-1,0,1,4,0,0,0,0,-1,1,0,0,1,0,0,0,0,3,0,-1,150,0,9223372036800000000,50,0,10,0,0,7,0,0,1,0,0,2,1,0,3,0,0,0,0,2,0,1,-1,-1,-1,-1,0,10,-1,1,1,3,-1,-1,-1,0,0,1,0,0,10,0,0,0,42.79
1,0,0,0,-1,0,1,4,0,0,0,0,-1,3,0,0,1,0,0,0,0,3,0,-1,150,0,9223372036800000000,50,0,10,0,0,7,0,0,1,0,0,2,1,0,3,0,0,0,0,2,0,1,-1,-1,-1,-1,0,10,-1,1,1,3,-1,-1,-1,0,0,1,0,0,10,0,0,0,42.79
1,0,0,0,-1,0,1,4,0,0,0,0,-1,1,0,0,1,0,0,0,1,3,0,-1,150,0,9223372036800000000,50,0,10,0,0,7,0,0,1,0,0,2,1,0,3,0,0,0,0,2,0,1,-1,-1,-1,-1,0,10,-1,1,1,3,-1,-1,-1,0,0,1,0,0,10,0,0,0,42.79
1,0,0,0,-1,0,1,2,0,0,0,0,-1,3,0,-1,2,-1,0,1,0,3,0,-1,200,0,9223372036800000000,2,0,10,0,0,7,0,2,1,0,0,3,1,0,3,0,0,0,4,2,0,1,-1,-1,-1,-1,0,10,-1,1,1,3,-1,-1,-1,0,0,1,0,0,10,0,0,0,42.6
1,0,0,0,-1,0,1,5,0,0,0,0,1,0,0,0,0,2,0,-1,-1,3,0,-1,800,0,9223372036800000000,1e+75,0,10,0,0,7,0,0,1,0,0,1,1,0,0,0,0,0,0,2,0,1,-1,-1,-1,-1,0,10,-1,1,1,3,-1,-1,-1,0,0,1,0,0,10,0,0,0,38.65
1,0,0,0,-1,0,1,4,0,0,0,0,-1,1,0,0,1,0,0,0,0,3,0,-1,25,0,9223372036800000000,50,0,10,0,0,7,0,0,1,0,0,2,1,0,3,0,0,0,0,2,0,1,-1,-1,-1,-1,0,10,-1,1,1,3,-1,-1,-1,0,0,1,0,0,10,0,0,0,42.8
1,0,0,0,-1,0,1,4,0,0,0,0,1,0,1,0,0,-1,2,1,2,3,0,2,25,0,9223372036800000000,120,0,10,0,0,7,0,2,1,0,0,2,1,0,-1,20,3,5,0,2,0,1,-1,-1,-1,-1,0,10,-1,1,1,3,-1,-1,-1,0,0,1,0,0,10,0,0,0,34.28
1,0,0,0,-1,0,1,3,0,0,0,0,0,0,1,2,0,0,1,2,1,3,0,-1,200,0,9223372036800000000,20,0,10,0,0,7,0,1,1,0,0,0,1,0,3,20,0,0,0,2,0,1,-1,-1,-1,-1,0,10,-1,1,1,3,-1,-1,-1,0,0,1,0,0,10,0,0,0,34.02
1,0,0,0,-1,0,1,2,0,0,0,0,2,0,-1,0,1,0,1,1,1,3,0,2,10,0,9223372036800000000,1,0,10,0,0,7,0,0,1,0,0,2,1,0,-1,1000,2,2,0,2,0,1,-1,-1,-1,-1,0,10,-1,1,1,3,-1,-1,-1,0,0,1,0,0,10,0,0,0,33.36
1,0,0,0,-1,0,1,4,0,0,0,0,-1,1,0,0,0,0,0,0,0,3,0,-1,150,0,9223372036800000000,50,0,10,0,0,7,0,0,1,0,0,2,1,0,3,0,0,0,0,2,0,1,-1,-1,-1,-1,0,10,-1,1,1,3,-1,-1,-1,0,0,1,0,0,10,0,0,0,42.79
1,0,0,0,-1,0,1,5,0,0,0,0,3,1,0,-1,2,-1,2,-1,0,3,0,-1,50,0,9223372036800000000,120,0,10,0,0,7,0,2,1,0,0,1,1,0,1,40,0,0,3,2,0,1,-1,-1,-1,-1,0,10,-1,1,1,3,-1,-1,-1,0,0,1,0,0,10,0,0,0,42.92
1,0,0,0,-1,0,1,4,0,0,0,0,-1,2,0,1,1,0,1,-1,-1,3,0,4,200,0,9223372036800000000,40,0,10,0,0,7,0,1,1,0,0,3,1,0,2,60,0,0,0,2,0,1,-1,-1,-1,-1,0,10,-1,1,1,3,-1,-1,-1,0,0,1,0,0,10,0,0,0,42.75
1,0,0,0,-1,0,1,2,1,0,5,0,3,2,1,0,-1,-1,1,0,2,3,0,2,50,0,9223372036800000000,60,0,10,0,0,7,0,2,1,0,0,3,1,0,2,20,0,2,3,2,0,1,-1,-1,0,-1,0,10,-1,1,1,3,-1,-1,-1,0,0,1,0,0,10,0,0,0,32.34
1,0,0,0,-1,0,1,4,0,0,0,0,0,2,0,0,0,1,1,2,1,3,0,8,25,0,9223372036800000000,60,0,10,0,0,7,0,3,1,0,0,1,1,0,1,20,2,0,2,2,0,1,-1,-1,-1,-1,0,10,-1,1,1,3,-1,-1,-1,0,0,1,0,0,10,0,0,0,33.44
1,0,0,0,-1,0,1,4,0,0,0,0,-1,1,0,0,1,0,0,0,0,3,0,-1,150,0,9223372036800000000,50,0,10,0,0,7,0,0,1,0,0,2,1,0,2,0,0,0,0,2,0,1,-1,-1,-1,-1,0,10,-1,1,1,3,-1,-1,-1,0,0,1,0,0,10,0,0,0,42.71
1,0,0,0,-1,0,1,4,0,0,0,0,-1,1,0,0,1,0,-1,0,0,3,0,-1,150,0,9223372036800000000,50,0,10,0,0,7,0,0,1,0,0,2,1,0,2,0,0,0,0,2,0,1,-1,-1,-1,-1,0,10,-1,1,1,3,-1,-1,-1,0,0,1,0,0,10,0,0,0,42.71
1,0,0,0,-1,0,1,4,0,0,0,0,-1,1,0,0,1,0,0,0,0,3,0,-1,150,0,9223372036800000000,50,0,10,0,0,7,0,0,1,0,0,0,1,0,2,0,0,0,0,2,0,1,-1,-1,-1,-1,0,10,-1,1,1,3,-1,-1,-1,0,0,1,0,0,10,0,0,0,42.71
1,0,0,0,-1,0,1,4,0,0,0,0,-1,1,0,0,-1,0,0,0,0,3,0,-1,150,0,9223372036800000000,50,0,10,0,0,7,0,0,1,0,0,2,1,0,2,0,0,0,0,2,0,1,-1,-1,-1,-1,0,10,-1,1,1,3,-1,-1,-1,0,0,1,0,0,10,0,0,0,42.71
1,0,0,0,-1,0,1,5,0,0,0,0,0,0,1,2,1,1,1,0,2,3,0,-1,200,0,9223372036800000000,1e+75,0,10,0,0,7,0,0,1,0,0,1,1,0,0,0,0,0,0,2,0,1,-1,-1,-1,-1,0,10,-1,1,1,3,-1,-1,-1,0,0,1,0,0,10,0,0,0,38.65
1,0,0,0,-1,0,1,4,0,0,0,0,-1,1,0,0,1,0,0,0,0,3,0,-1,150,0,9223372036800000000,50,0,10,0,0,7,0,0,1,0,0,2,1,0,2,0,0,0,3,2,0,1,-1,-1,-1,-1,0,10,-1,1,1,3,-1,-1,-1,0,0,1,0,0,10,0,0,0,42.8
1,0,0,0,-1,0,1,4,0,0,0,0,-1,1,0,0,1,0,0,0,0,3,0,-1,150,0,9223372036800000000,50,0,10,0,0,7,0,0,1,0,0,2,1,0,1,0,0,0,0,2,0,1,-1,-1,-1,-1,0,10,-1,1,1,3,-1,-1,-1,0,0,1,0,0,10,0,0,0,42.42
1,0,0,0,-1,0,1,3,0,0,0,0,1,0,0,0,0,0,1,-1,1,3,0,4,50,0,9223372036800000000,0,0,10,0,0,7,0,3,1,0,0,0,1,0,-1,100,3,5,2,2,0,1,-1,-1,-1,-1,0,10,-1,1,1,3,-1,-1,-1,0,0,1,2,0,10,0,0,0,26.05
1,0,0,0,-1,0,1,0,0,0,0,0,0,3,1,1,2,-1,-1,0,2,3,0,1,25,0,9223372036800000000,50,0,10,0,0,7,0,2,1,0,0,3,1,0,3,500,1,3,-1,2,0,1,-1,-1,-1,-1,0,10,-1,1,1,3,-1,-1,-1,0,0,1,0,0,10,0,0,0,42.92
1,0,0,0,-1,0,1,1,0,0,0,0,0,0,1,0,1,0,1,0,2,3,0,16,100,0,9223372036800000000,0,0,10,0,0,7,0,2,1,0,0,1,1,0,-1,500,6,0,4,2,0,1,-1,-1,3,0,0,10,-1,1,1,3,-1,-1,-1,0,0,1,2,0,10,0,0,0,35.11
1,0,0,0,-1,0,1,4,0,0,0,0,-1,1,0,0,1,0,0,0,0,3,0,-1,150,0,9223372036800000000,120,0,10,0,0,7,0,0,1,0,0,2,1,0,1,0,0,0,0,2,0,1,-1,-1,-1,-1,0,10,-1,1,1,3,-1,-1,-1,0,0,1,0,0,10,0,0,0,42.42
1,0,0,0,-1,0,1,4,0,0,0,0,-1,1,0,0,1,0,0,0,0,3,0,-1,150,0,9223372036800000000,50,0,10,0,0,7,0,2,1,0,0,2,1,0,1,0,0,0,0,2,0,1,-1,-1,-1,-1,0,10,-1,1,1,3,-1,-1,-1,0,0,1,0,0,10,0,0,0,42.55
1,0,0,0,-1,0,1,4,0,0,0,0,-1,1,0,0,1,0,0,0,0,3,0,-1,150,0,9223372036800000000,50,0,10,0,0,7,0,0,1,0,0,2,1,0,1,0,0,0,2,2,0,1,-1,-1,-1,-1,0,10,-1,1,1,3,-1,-1,-1,0,0,1,0,0,10,0,0,0,42.68
1,0,0,0,-1,0,1,1,0,0,3,0,3,3,0,-1,-1,-1,-1,1,1,3,0,16,25,0,9223372036800000000,5,0,10,0,0,7,0,2,1,0,0,2,1,0,1,0,6,2,2,2,0,1,-1,-1,3,2,0,10,-1,1,1,3,-1,-1,-1,0,0,-1,4,0,10,0,0,0,35.56
1,0,0,0,-1,0,1,0,0,0,0,0,0,0,1,2,-1,0,1,2,2,3,0,-1,100,0,9223372036800000000,1e+75,0,10,0,0,7,0,2,1,0,0,2,1,0,2,0,0,0,1,2,0,1,-1,-1,-1,-1,0,10,-1,1,1,3,-1,-1,-1,0,0,1,0,0,10,0,0,0,33.18
1,0,0,0,-1,0,1,4,0,0,0,0,-1,1,0,1,1,0,0,0,0,3,0,-1,150,0,9223372036800000000,50,0,10,0,0,7,0,0,1,0,0,2,1,0,1,0,0,0,0,2,0,1,-1,-1,-1,-1,0,10,-1,1,1,3,-1,-1,-1,0,0,1,0,0,10,0,0,0,42.42
1,0,0,0,-1,0,1,4,0,0,0,0,-1,-1,-1,-1,1,-1,0,-1,0,3,0,16,800,0,9223372036800000000,40,0,10,0,0,7,0,3,1,0,0,0,1,0,1,1000,0,0,4,2,0,1,-1,-1,-1,-1,0,10,-1,1,1,3,-1,-1,-1,0,0,1,0,0,10,0,0,0,42.4
1,0,0,0,-1,0,1,4,0,0,0,0,-1,1,0,0,0,0,0,0,0,3,0,-1,150,0,9223372036800000000,50,0,10,0,0,7,0,0,1,0,0,2,1,0,1,0,0,0,0,2,0,1,-1,-1,-1,-1,0,10,-1,1,1,3,-1,-1,-1,0,0,1,0,0,10,0,0,0,42.42
1,0,0,0,-1,0,1,3,0,0,0,0,2,3,1,1,2,0,-1,1,0,3,0,-1,10,0,9223372036800000000,60,0,10,0,0,7,0,3,1,0,0,1,1,0,-1,200,2,4,2,2,0,1,-1,-1,3,0,0,10,-1,1,1,3,-1,-1,-1,0,0,0,3,0,10,0,0,0,34.68
1,0,0,0,-1,0,1,4,0,0,0,0,-1,1,0,0,1,0,0,0,2,3,0,-1,150,0,9223372036800000000,50,0,10,0,0,7,0,0,1,0,0,2,1,0,1,0,0,0,0,2,0,1,-1,-1,-1,-1,0,10,-1,1,1,3,-1,-1,-1,0,0,1,0,0,10,0,0,0,42.42
1,0,0,0,-1,0,1,3,0,0,0,0,0,3,-1,0,2,-1,1,1,1,3,0,8,25,0,9223372036800000000,40,0,10,0,0,7,0,3,1,0,0,3,1,0,3,200,1,0,3,2,0,1,-1,-1,-1,-1,0,10,-1,1,1,3,-1,-1,-1,0,0,1,0,0,10,0,0,0,36.3
1,0,0,0,-1,0,1,2,0,0,0,0,3,-1,-1,2,2,-1,0,2,-1,3,0,-1,25,0,9223372036800000000,10,0,10,0,0,7,0,2,1,0,0,1,1,0,0,0,0,0,0,2,0,1,-1,-1,-1,-1,0,10,-1,1,1,3,-1,-1,-1,0,0,1,0,0,10,0,0,0,33.66
1,0,0,0,-1,0,1,5,0,0,0,0,1,2,0,1,2,1,2,-1,0,3,0,4,400,0,9223372036800000000,20,0,10,0,0,7,0,2,1,0,0,0,1,0,1,0,0,2,1,2,0,1,-1,-1,-1,-1,0,10,-1,1,1,3,-1,-1,-1,0,0,1,0,0,10,0,0,0,38.65
1,0,0,0,-1,0,1,3,1,0,5,0,-1,-1,-1,-1,2,1,-1,-1,0,3,0,-1,800,0,9223372036800000000,50,0,10,0,0,7,0,3,1,0,0,0,1,0,1,20,1,5,3,2,0,1,-1,-1,-1,2,0,10,-1,1,1,3,-1,-1,-1,0,0,1,2,0,10,0,0,0,38.32
1,0,0,0,-1,0,1,0,0,0,0,0,0,0,0,0,0,0,0,0,0,3,0,-1,150,0,9223372036800000000,1,0,10,0,0,7,0,0,1,1000,0,1,1,0,2,-1,0,0,0,2,0,1,-1,-1,-1,-1,0,10,-1,1,1,3,-1,-1,-1,0,0,1,0,0,10,0,0,0,32.92
1,0,0,0,-1,0,1,2,0,0,0,0,3,-1,-1,2,2,-1,0,2,-1,3,0,-1,25,0,9223372036800000000,0,0,10,0,0,7,0,2,1,0,0,1,1,0,0,0,0,0,0,2,0,1,-1,-1,-1,-1,0,10,-1,1,1,3,-1,-1,-1,0,0,1,0,0,10,0,0,0,33.48
1,0,0,0,-1,0,1,2,0,0,0,0,3,-1,-1,2,2,-1,0,2,-1,3,0,-1,25,0,9223372036800000000,0,0,10,0,0,7,0,2,1,0,0,1,1,0,0,0,0,0,1,2,0,1,-1,-1,-1,-1,0,10,-1,1,1,3,-1,-1,-1,0,0,1,0,0,10,0,0,0,33.48
1,0,0,0,-1,0,1,5,0,0,0,0,1,1,-1,0,-1,0,-1,0,-1,3,0,16,100,0,9223372036800000000,2,0,10,0,0,7,0,0,1,0,0,2,1,0,1,-1,2,1,1,2,0,1,-1,-1,-1,-1,0,10,-1,1,1,3,-1,-1,-1,0,0,1,4,0,10,0,0,0,42.8
1,0,0,0,-1,0,1,2,0,0,0,0,3,-1,-1,2,2,-1,0,2,-1,3,0,-1,25,0,9223372036800000000,0,0,10,0,0,7,0,2,1,0,0,2,1,0,0,0,0,0,0,2,0,1,-1,-1,-1,-1,0,10,-1,1,1,3,-1,-1,-1,0,0,1,0,0,10,0,0,0,33.48
1,0,0,0,-1,0,1,2,0,0,0,0,3,-1,-1,1,2,-1,0,2,-1,3,0,-1,25,0,9223372036800000000,0,0,10,0,0,7,0,2,1,0,0,1,1,0,0,0,0,0,0,2,0,1,-1,-1,-1,-1,0,10,-1,1,1,3,-1,-1,-1,0,0,1,0,0,10,0,0,0,33.48
1,0,0,0,-1,0,1,2,0,0,0,0,1,3,0,0,2,-1,-1,0,0,3,0,4,10,0,9223372036800000000,50,0,10,0,0,7,0,0,1,0,0,1,1,0,0,60,4,0,-1,2,0,1,-1,-1,-1,-1,0,10,-1,1,1,3,-1,-1,-1,0,0,1,0,0,10,0,0,0,45.12
1,0,0,0,-1,0,1,3,0,0,0,0,1,1,-1,-1,2,0,-1,-1,2,3,0,-1,10,0,9223372036800000000,120,0,10,0,0,7,0,1,1,0,0,1,1,0,2,0,0,0,0,2,0,1,-1,-1,-1,-1,0,10,-1,1,1,3,-1,-1,-1,0,0,1,0,0,10,0,0,0,33.13
1,0,0,0,-1,0,1,2,0,0,0,0,3,-1,-1,2,2,-1,0,2,-1,3,0,-1,25,0,9223372036800000000,120,0,10,0,0,7,0,2,1,0,0,1,1,0,0,0,0,0,0,2,0,1,-1,-1,-1,-1,0,10,-1,1,1,3,-1,-1,-1,0,0,1,0,0,10,0,0,0,33.66
1,0,0,0,-1,0,1,0,0,0,0,0,0,0,0,0,0,0,0,0,0,3,0,-1,150,0,9223372036800000000,1,0,10,0,0,2,0,0,1,0,0,1,1,0,2,-1,0,0,0,2,0,1,-1,-1,-1,-1,0,10,-1,1,1,3,-1,-1,-1,0,0,1,0,0,10,0,0,0,32.92
1,0,0,0,-1,0,1,2,0,0,0,0,3,-1,-1,2,2,-1,0,2,-1,3,0,-1,25,0,9223372036800000000,60,0,10,0,0,7,0,2,1,0,0,1,1,0,0,0,0,0,0,2,0,1,-1,-1,-1,-1,0,10,-1,1,1,3,-1,-1,-1,0,0,1,0,0,10,0,0,0,33.66
1,0,0,0,-1,0,1,0,1,0,5,0,2,1,0,1,-1,0,2,2,0,3,0,1,50,0,9223372036800000000,0,0,10,0,0,7,0,1,1,0,0,3,1,0,1,1000,2,5,3,2,0,1,-1,-1,-1,2,0,10,-1,1,1,3,-1,-1,-1,0,0,0,2,0,10,0,0,0,29.67
1,0,0,0,-1,0,1,0,0,0,0,0,2,3,0,0,-1,2,-1,-1,0,3,0,8,800,0,9223372036800000000,5,0,10,0,0,7,0,0,1,0,0,3,1,0,-1,20,4,4,4,2,0,1,-1,-1,-1,-1,0,10,-1,1,1,3,-1,-1,-1,0,0,1,1,0,10,0,0,0,44.51
1,0,0,0,-1,0,1,2,0,0,0,0,3,-1,-1,2,2,-1,0,2,-1,3,0,-1,25,0,9223372036800000000,0,0,10,0,0,7,0,2,1,0,0,1,1,0,0,0,0,0,2,2,0,1,-1,-1,-1,-1,0,10,-1,1,1,3,-1,-1,-1,0,0,1,0,0,10,0,0,0,33.48
1,0,0,0,-1,0,1,2,0,0,0,0,3,-1,-1,0,2,-1,0,2,-1,3,0,-1,25,0,9223372036800000000,0,0,10,0,0,7,0,2,1,0,0,1,1,0,0,0,0,0,0,2,0,1,-1,-1,-1,-1,0,10,-1,1,1,3,-1,-1,-1,0,0,1,0,0,10,0,0,0,33.48
1,0,0,0,-1,0,1,2,0,0,0,0,3,-1,-1,2,2,-1,-1,2,-1,3,0,-1,25,0,9223372036800000000,0,0,10,0,0,7,0,2,1,0,0,1,1,0,0,0,0,0,0,2,0,1,-1,-1,-1,-1,0,10,-1,1,1,3,-1,-1,-1,0,0,1,0,0,10,0,0,0,33.48
1,0,0,0,-1,0,1,2,0,0,0,0,3,1,-1,2,2,-1,0,2,-1,3,0,-1,25,0,9223372036800000000,0,0,10,0,0,7,0,2,1,0,0,1,1,0,0,0,0,0,0,2,0,1,-1,-1,-1,-1,0,10,-1,1,1,3,-1,-1,-1,0,0,1,0,0,10,0,0,0,33.48
1,0,0,0,-1,0,1,1,0,0,0,0,3,0,-1,1,1,1,2,-1,1,3,0,16,400,0,9223372036800000000,1e+75,0,10,0,0,7,0,2,1,0,0,1,1,0,-1,100,5,0,-1,2,0,1,-1,-1,-1,-1,0,10,-1,1,1,3,-1,-1,-1,0,0,1,0,0,10,3,0,0,34.88
1,0,0,0,-1,0,1,2,0,0,0,0,3,-1,-1,2,2,-1,0,2,-1,3,0,-1,25,0,9223372036800000000,0,0,10,0,0,7,0,3,1,0,0,1,1,0,0,0,0,0,0,2,0,1,-1,-1,-1,-1,0,10,-1,1,1,3,-1,-1,-1,0,0,1,0,0,10,0,0,0,33.48
1,0,0,0,-1,0,1,0,0,0,0,0,0,0,0,0,0,0,0,0,0,3,0,-1,150,0,9223372036800000000,1,0,10,0,0,7,0,0,1,0,0,1,1,0,2,-1,0,0,0,2,0,1,-1,-1,-1,-1,0,10,-1,1,1,3,-1,-1,-1,0,0,1,0,0,10,0,0,0,32.92
1,0,0,0,-1,0,1,2,0,0,0,0,-1,3,0,-1,-1,-1,0,0,1,3,0,-1,25,0,9223372036800000000,240,0,10,0,0,7,0,0,1,0,0,3,1,0,1,0,0,0,3,2,0,1,-1,-1,-1,-1,0,10,-1,1,1,3,-1,-1,-1,0,0,1,0,0,10,0,0,0,42.18
1,0,0,0,-1,0,1,0,0,0,0,0,0,0,0,0,0,0,0,0,0,3,0,-1,150,0,9223372036800000000,1e+75,0,10,0,0,7,0,0,1,0,0,1,1,0,0,60,0,0,0,2,0,1,-1,-1,-1,-1,0,10,-1,1,1,3,-1,-1,-1,0,0,1,0,0,10,0,0,0,33.3
1,0,0,0,-1,0,1,0,0,0,0,0,0,-1,0,0,0,0,0,0,0,3,0,-1,150,0,9223372036800000000,1e+75,0,10,0,0,7,0,0,1,0,0,1,1,0,0,60,0,0,0,2,0,1,-1,-1,-1,-1,0,10,-1,1,1,3,-1,-1,-1,0,0,1,0,0,10,0,0,0,33.3
1,0,0,0,-1,0,1,5,0,0,4,0,2,3,-1,0,-1,2,0,2,0,3,0,-1,50,0,9223372036800000000,20,0,10,0,0,7,0,0,1,0,0,2,1,0,2,1000,2,1,1,2,0,1,-1,-1,2,1,0,10,-1,1,1,3,-1,-1,-1,0,0,-1,0,0,10,0,0,0,42.8
1,0,0,0,-1,0,1,0,0,0,0,0,0,0,-1,0,0,0,0,0,0,3,0,-1,150,0,9223372036800000000,1e+75,0,10,0,0,7,0,0,1,0,0,1,1,0,0,60,0,0,0,2,0,1,-1,-1,-1,-1,0,10,-1,1,1,3,-1,-1,-1,0,0,1,0,0,10,0,0,0,33.3
1,0,0,0,-1,0,1,0,0,0,0,0,-1,0,-1,1,-1,2,2,1,0,3,0,-1,400,0,9223372036800000000,60,0,10,0,0,7,0,3,1,0,0,1,1,0,0,0,0,0,0,2,0,1,-1,-1,-1,-1,0,10,-1,1,1,3,-1,-1,-1,0,0,1,0,0,10,0,0,0,42.29
1,0,0,0,-1,0,1,0,0,0,0,0,2,3,0,0,-1,2,-1,-1,0,3,0,4,800,0,9223372036800000000,5,0,10,0,0,7,0,0,1,0,0,3,1,0,-1,20,5,4,4,2,0,1,-1,-1,-1,-1,0,10,-1,1,1,3,-1,-1,-1,0,0,1,1,0,10,0,0,0,43.27
1,0,0,0,-1,0,1,0,0,0,0,0,1,0,-1,0,-1,0,2,1,-1,3,0,-1,50,0,9223372036800000000,20,0,10,0,0,7,0,0,1,0,0,1,1,0,2,0,0,0,0,2,0,1,-1,-1,-1,-1,0,10,-1,1,1,3,-1,-1,-1,0,0,1,0,0,10,0,0,0,33.03
1,0,0,0,-1,0,1,0,0,0,0,0,1,0,-1,0,-1,0,2,1,-1,3,0,-1,50,0,9223372036800000000,0,0,10,0,0,7,0,0,1,0,0,1,1,0,2,0,0,0,0,2,0,1,-1,-1,-1,-1,0,10,-1,1,1,3,-1,-1,-1,0,0,1,0,0,10,0,0,0,33.18
1,0,0,0,-1,0,1,0,0,0,0,0,3,-1,1,2,-1,0,-1,2,-1,3,0,-1,50,0,9223372036800000000,50,0,10,0,0,7,0,3,1,0,0,0,1,0,-1,100,0,0,-1,2,0,1,-1,-1,-1,-1,0,10,-1,1,1,3,-1,-1,-1,0,0,1,0,0,10,0,0,0,33.36
1,0,0,0,-1,0,1,3,0,0,0,0,-1,-1,0,1,1,0,-1,-1,0,3,0,-1,400,0,9223372036800000000,1e+75,0,10,0,0,7,0,2,1,0,0,3,1,0,0,60,0,0,2,2,0,1,-1,-1,-1,-1,0,10,-1,1,1,3,-1,-1,-1,0,0,1,0,0,10,0,0,0,42.68
1,0,0,0,-1,0,1,2,0,0,3,0,2,0,1,2,-1,2,0,2,2,3,0,8,25,0,9223372036800000000,2,0,10,0,0,7,0,0,1,0,0,3,1,0,2,-1,3,5,-1,2,0,1,-1,-1,2,3,0,10,-1,1,1,3,-1,-1,-1,0,0,1,0,0,10,0,0,0,33.55
1,0,0,0,-1,0,1,5,0,0,0,0,0,2,0,2,1,0,0,2,0,3,0,-1,800,0,9223372036800000000,240,0,10,0,0,7,0,2,1,0,0,1,1,0,0,40,0,0,3,2,0,1,-1,-1,-1,-1,0,10,-1,1,1,3,-1,-1,-1,0,0,1,0,0,10,0,0,0,38.65
1,0,0,0,-1,0,1,1,0,0,0,0,2,0,-1,0,0,-1,-1,-1,-1,3,0,8,100,0,9223372036800000000,50,0,10,0,0,7,0,3,1,0,0,3,1,0,1,-1,0,0,2,2,0,1,-1,-1,-1,-1,0,10,-1,1,1,3,-1,-1,-1,0,0,1,0,0,10,0,0,0,35.31
1,0,0,0,-1,0,1,2,0,0,0,0,3,0,0,1,2,-1,0,-1,0,3,0,-1,400,0,9223372036800000000,1e+75,0,10,0,0,7,0,0,1,0,0,1,1,0,0,0,0,0,0,2,0,1,-1,-1,-1,-1,0,10,-1,1,1,3,-1,-1,-1,0,0,1,0,0,10,0,0,0,33.48
1,0,0,0,-1,0,1,1,0,0,0,0,3,0,-1,1,1,1,2,-1,1,3,0,16,400,0,9223372036800000000,1e+75,0,10,0,0,7,0,2,1,0,0,1,1,0,-1,100,5,0,0,2,0,1,-1,-1,-1,-1,0,10,-1,1,1,3,-1,-1,-1,0,0,1,0,0,10,0,0,0,44.44
1,0,0,0,-1,0,1,5,0,0,0,0,0,2,0,2,1,0,0,2,0,3,0,-1,800,0,9223372036800000000,1e+75,0,10,0,0,7,0,2,1,0,0,3,1,0,0,40,0,0,3,2,0,1,-1,-1,-1,-1,0,10,-1,1,1,3,-1,-1,-1,0,0,1,0,0,10,0,0,0,38.65
1,0,0,0,-1,0,1,4,0,0,0,0,3,0,-1,2,-1,-1,2,2,1,3,0,8,25,0,9223372036800000000,120,0,10,0,0,7,0,2,1,0,0,2,1,0,3,0,2,3,0,2,0,1,-1,-1,-1,-1,0,10,-1,1,1,3,-1,-1,-1,0,0,1,1,0,10,0,0,0,42.92
1,0,0,0,-1,0,1,0,0,0,0,0,-1,0,1,0,-1,2,2,2,2,3,0,-1,25,0,9223372036800000000,1,0,10,0,0,7,0,2,1,0,0,1,1,0,0,500,0,0,1,2,0,1,-1,-1,-1,-1,0,10,-1,1,1,3,-1,-1,-1,0,0,1,0,0,10,0,0,0,42.71
1,0,0,0,-1,0,1,3,0,0,0,0,3,1,-1,0,1,-1,-1,-1,0,3,0,-1,400,0,9223372036800000000,40,0,10,0,0,7,0,3,1,0,0,2,1,0,0,60,0,0,3,2,0,1,-1,-1,-1,-1,0,10,-1,1,1,3,-1,-1,-1,0,0,1,0,0,10,0,0,0,36.3
1,0,0,0,-1,0,1,0,0,0,0,0,0,0,1,2,-1,0,1,1,2,3,0,-1,100,0,9223372036800000000,1e+75,0,10,0,0,7,0,2,1,0,0,1,1,0,2,0,0,0,1,2,0,1,-1,-1,-1,-1,0,10,-1,1,1,3,-1,-1,-1,0,0,1,0,0,10,0,0,0,33.18
1,0,0,0,-1,0,1,0,0,0,0,0,-1,0,1,0,-1,2,2,2,2,3,0,-1,25,0,9223372036800000000,1,0,10,0,0,7,0,2,1,0,0,1,1,0,0,1000,0,0,1,2,0,1,-1,-1,-1,-1,0,10,-1,1,1,3,-1,-1,-1,0,0,1,0,0,10,0,0,0,42.71
1,0,0,0,-1,0,1,0,0,0,0,0,2,3,0,0,-1,2,-1,1,0,3,0,8,800,0,9223372036800000000,5,0,10,0,0,7,0,0,1,0,0,3,1,0,-1,0,5,4,4,2,0,1,-1,-1,-1,-1,0,10,-1,1,1,3,-1,-1,-1,0,0,1,1,0,10,0,0,0,33.87
1,0,0,0,-1,0,1,0,0,0,0,0,-1,2,1,0,-1,2,2,2,2,3,0,-1,25,0,9223372036800000000,1,0,10,0,0,7,0,2,1,0,0,1,1,0,0,500,0,0,1,2,0,1,-1,-1,-1,-1,0,10,-1,1,1,3,-1,-1,-1,0,0,1,0,0,10,0,0,0,42.71
1,0,0,0,-1,0,1,0,0,0,0,0,0,0,0,0,0,0,0,0,0,3,0,4,150,0,9223372036800000000,1,0,10,0,0,7,0,0,1,0,0,1,1,0,2,-1,0,0,0,2,0,1,-1,-1,-1,-1,0,10,-1,1,1,3,-1,-1,-1,0,0,1,0,0,10,0,0,0,32.92
1,0,0,0,-1,0,1,0,0,0,0,0,-1,0,1,0,-1,2,2,2,2,3,0,-1,25,0,9223372036800000000,1,0,10,0,0,7,0,2,1,0,0,1,1,0,0,0,0,0,1,2,0,1,-1,-1,-1,-1,0,10,-1,1,1,3,-1,-1,-1,0,0,1,0,0,10,0,0,0,42.69
1,0,0,0,-1,0,1,3,0,0,0,0,3,3,0,2,-1,2,2,2,1,3,0,-1,10,0,9223372036800000000,1e+75,0,10,0,0,7,0,2,1,0,0,3,1,0,0,0,0,0,4,2,0,1,-1,-1,-1,-1,0,10,-1,1,1,3,-1,-1,-1,0,0,1,0,0,10,0,0,0,33.75
1,0,0,0,-1,0,1,3,0,0,0,0,3,0,1,0,-1,0,-1,2,2,3,0,-1,200,0,9223372036800000000,1e+75,0,10,0,0,7,0,0,1,0,0,1,1,0,2,0,0,0,0,2,0,1,-1,-1,-1,-1,0,10,-1,1,1,3,-1,-1,-1,0,0,1,0,0,10,0,0,0,33.72
1,0,0,0,-1,0,1,0,0,0,0,0,2,3,0,0,-1,2,-1,-1,0,3,0,8,800,0,9223372036800000000,5,0,10,0,0,7,0,1,1,0,0,3,1,0,-1,20,5,4,4,2,0,1,-1,-1,-1,-1,0,10,-1,1,1,3,-1,-1,-1,0,0,1,1,0,10,0,0,0,43.27
1,0,0,0,-1,0,1,0,0,0,0,0,-1,0,1,0,-1,2,-1,2,2,3,0,-1,25,0,9223372036800000000,1,0,10,0,0,7,0,2,1,0,0,1,1,0,0,0,0,0,1,2,0,1,-1,-1,-1,-1,0,10,-1,1,1,3,-1,-1,-1,0,0,1,0,0,10,0,0,0,42.69
1,0,0,0,-1,0,1,3,0,0,0,0,-1,-1,0,1,1,0,-1,-1,0,3,0,-1,400,0,9223372036800000000,1e+75,0,10,0,0,7,0,2,1,0,0,3,1,0,0,500,0,0,2,2,0,1,-1,-1,-1,-1,0,10,-1,1,1,3,-1,-1,-1,0,0,1,0,0,10,0,0,0,42.68
1,0,0,0,-1,0,1,1,0,0,0,0,-1,2,-1,0,2,1,2,-1,1,3,0,4,150,0,9223372036800000000,20,0,10,0,0,7,0,1,1,0,0,3,1,0,2,-1,0,0,2,2,0,1,-1,-1,-1,-1,0,10,-1,1,1,3,-1,-1,-1,0,0,1,0,0,10,0,0,0,41.82
1,0,0,0,-1,0,1,3,0,0,0,0,-1,-1,0,1,1,0,-1,-1,0,3,0,-1,400,0,9223372036800000000,1e+75,0,10,0,0,7,0,2,1,0,0,3,1,0,0,500,0,0,4,2,0,1,-1,-1,-1,-1,0,10,-1,1,1,3,-1,-1,-1,0,0,1,0,0,10,0,0,0,42.68
1,0,0,0,-1,0,1,3,0,0,0,0,-1,-1,0,1,1,0,-1,-1,0,3,0,-1,400,0,9223372036800000000,1e+75,0,10,0,0,7,0,2,1,0,0,3,1,0,0,1000,0,0,2,2,0,1,-1,-1,-1,-1,0,10,-1,1,1,3,-1,-1,-1,0,0,1,0,0,10,0,0,0,42.68
1,0,0,0,-1,0,1,1,0,0,0,0,1,0,-1,0,0,1,2,0,1,3,0,-1,100,0,9223372036800000000,1e+75,0,10,0,0,7,0,2,1,0,0,3,1,0,3,60,0,0,3,2,0,1,-1,-1,-1,-1,0,10,-1,1,1,3,-1,-1,-1,0,0,1,0,0,10,0,0,0,35.23
1,0,0,0,-1,0,1,1,0,0,0,0,1,0,-1,0,-1,1,2,0,1,3,0,-1,100,0,9223372036800000000,1e+75,0,10,0,0,7,0,2,1,0,0,2,1,0,3,60,0,0,3,2,0,1,-1,-1,-1,-1,0,10,-1,1,1,3,-1,-1,-1,0,0,1,0,0,10,0,0,0,35.23
1,0,0,0,-1,0,1,4,0,0,0,0,0,0,0,-1,2,-1,2,1,0,3,0,-1,100,0,9223372036800000000,1e+75,0,10,0,0,7,0,1,1,0,0,1,1,0,2,-1,0,0,0,2,0,1,-1,-1,-1,-1,0,10,-1,1,1,3,-1,-1,-1,0,0,1,0,0,10,0,0,0,33.18
1,0,0,0,-1,0,1,1,0,0,0,0,3,0,-1,1,1,1,2,-1,1,3,0,16,400,0,9223372036800000000,1e+75,0,10,0,0,7,0,2,1,0,0,1,1,0,-1,100,5,0,-1,2,0,1,-1,-1,-1,-1,0,10,-1,1,1,3,-1,-1,-1,0,0,1,0,0,10,0,0,0,26.45
1,0,0,0,-1,0,1,4,0,0,0,0,0,0,0,-1,2,-1,2,1,1,3,0,-1,100,0,9223372036800000000,2,0,10,0,0,7,0,1,1,0,0,1,1,0,2,-1,0,0,0,2,0,1,-1,-1,-1,-1,0,10,-1,1,1,3,-1,-1,-1,0,0,1,0,0,10,0,0,0,33.03
1,0,0,0,-1,0,1,2,0,0,0,0,2,0,-1,0,1,0,1,1,1,3,0,2,25,0,9223372036800000000,1,0,10,0,0,7,0,0,1,0,0,2,1,0,2,1000,2,2,0,2,0,1,-1,-1,-1,-1,0,10,-1,1,1,3,-1,-1,-1,0,0,1,0,0,10,0,0,0,32.96
1,0,0,0,-1,0,1,4,0,0,0,0,0,0,0,-1,0,-1,2,1,0,3,0,-1,100,0,9223372036800000000,2,0,10,0,0,7,0,1,1,0,0,1,1,0,2,-1,0,0,0,2,0,1,-1,-1,-1,-1,0,10,-1,1,1,3,-1,-1,-1,0,0,1,0,0,10,0,0,0,33.03
1,0,0,0,-1,0,1,2,0,0,0,0,1,2,1,-1,0,1,-1,1,2,3,0,-1,800,0,9223372036800000000,60,0,10,0,0,7,0,2,1,0,0,0,1,0,-1,200,0,0,0,2,0,1,-1,-1,-1,-1,0,10,-1,1,1,3,-1,-1,-1,0,0,1,0,0,10,0,0,0,33.48
1,0,0,0,-1,0,1,2,0,0,1,0,-1,2,0,1,-1,0,0,1,1,3,0,16,10,0,9223372036800000000,240,0,10,0,0,7,0,3,1,0,0,3,1,0,3,20,1,2,0,2,0,1,-1,-1,-1,-1,0,10,-1,1,1,3,-1,-1,-1,0,0,-1,0,0,10,0,0,0,33.87
1,0,0,0,-1,0,1,3,0,0,3,0,-1,2,0,-1,1,0,1,1,-1,3,0,8,200,0,9223372036800000000,30,0,10,0,0,7,0,3,1,0,0,1,1,0,0,1000,6,2,1,2,0,1,-1,-1,1,-1,0,10,-1,1,1,3,-1,-1,-1,0,0,0,0,0,10,0,0,0,42.68
1,0,0,0,-1,0,1,0,0,0,0,0,-1,0,0,2,0,-1,1,0,-1,3,0,8,200,0,9223372036800000000,10,0,10,0,0,7,0,2,1,0,0,1,1,0,1,60,1,0,2,2,0,1,-1,-1,-1,-1,0,10,-1,1,1,3,-1,-1,-1,0,0,1,0,0,10,0,0,0,42.81
1,0,0,0,-1,0,1,3,0,0,0,0,1,1,-1,-1,2,2,-1,-1,2,3,0,-1,150,0,9223372036800000000,1,0,10,0,0,7,0,1,1,0,0,1,1,0,3,0,0,0,0,2,0,1,-1,-1,-1,-1,0,10,-1,1,1,3,-1,-1,-1,0,0,1,0,0,10,0,0,0,33.75
1,0,0,0,-1,0,1,2,0,0,0,0,1,2,1,-1,0,1,-1,1,2,3,0,-1,800,0,9223372036800000000,50,0,10,0,0,7,0,2,1,0,0,0,1,0,-1,200,0,0,0,2,0,1,-1,-1,-1,-1,0,10,-1,1,1,3,-1,-1,-1,0,0,1,0,0,10,0,0,0,33.48
1,0,0,0,-1,0,1,3,0,0,0,0,-1,-1,0,1,1,0,-1,2,0,3,0,-1,400,0,9223372036800000000,1e+75,0,10,0,0,7,0,2,1,0,0,3,1,0,0,500,0,0,2,2,0,1,-1,-1,-1,-1,0,10,-1,1,1,3,-1,-1,-1,0,0,1,0,0,10,0,0,0,42.7
1,0,0,0,-1,0,1,2,0,0,0,0,-1,2,1,-1,0,1,-1,1,2,3,0,-1,800,0,9223372036800000000,60,0,10,0,0,7,0,2,1,0,0,0,1,0,-1,200,0,0,0,2,0,1,-1,-1,-1,-1,0,10,-1,1,1,3,-1,-1,-1,0,0,1,0,0,10,0,0,0,42.51
1,0,0,0,-1,0,1,3,0,0,0,0,3,0,1,0,-1,0,-1,-1,2,3,0,-1,150,0,9223372036800000000,1e+75,0,10,0,0,7,0,0,1,0,0,1,1,0,2,0,0,0,0,2,0,1,-1,-1,-1,-1,0,10,-1,1,1,3,-1,-1,-1,0,0,1,0,0,10,0,0,0,33.72
1,0,0,0,-1,0,1,5,0,0,0,0,0,2,0,1,0,-1,1,2,-1,3,0,4,400,0,9223372036800000000,1,0,10,0,0,7,0,2,1,0,0,1,1,0,3,1000,3,0,4,2,0,1,-1,-1,-1,-1,0,10,-1,1,1,3,-1,-1,-1,0,0,1,0,0,10,0,0,0,42.79
1,0,0,0,-1,0,1,2,0,0,0,0,1,2,1,-1,0,1,-1,1,2,3,0,-1,800,0,9223372036800000000,60,0,10,0,0,7,0,2,1,0,0,0,1,0,-1,-1,0,0,0,2,0,1,-1,-1,-1,-1,0,10,-1,1,1,3,-1,-1,-1,0,0,1,0,0,10,0,0,0,33.48
1,0,0,0,-1,0,1,2,0,0,0,0,-1,1,-1,1,-1,2,1,2,1,3,0,-1,100,0,9223372036800000000,1e+75,0,10,0,0,7,0,1,1,0,0,0,1,0,1,20,0,0,3,2,0,1,-1,-1,-1,-1,0,10,-1,1,1,3,-1,-1,-1,0,0,1,0,0,10,0,0,0,42.71
1,0,0,0,-1,0,1,2,0,0,0,0,-1,1,-1,1,-1,2,1,2,1,3,0,-1,100,0,9223372036800000000,1e+75,0,10,0,0,7,0,1,1,0,0,2,1,0,1,20,0,0,3,2,0,1,-1,-1,-1,-1,0,10,-1,1,1,3,-1,-1,-1,0,0,1,0,0,10,0,0,0,42.71
1,0,0,0,-1,0,1,2,0,0,0,0,-1,1,-1,1,-1,2,1,2,1,3,0,-1,50,0,9223372036800000000,1e+75,0,10,0,0,7,0,1,1,0,0,0,1,0,1,20,0,0,3,2,0,1,-1,-1,-1,-1,0,10,-1,1,1,3,-1,-1,-1,0,0,1,0,0,10,0,0,0,42.71
1,0,0,0,-1,0,1,2,0,0,0,0,-1,1,0,-1,2,-1,0,1,0,3,0,-1,200,0,9223372036800000000,2,0,10,0,0,7,0,2,1,0,0,3,1,0,3,0,0,0,4,2,0,1,-1,-1,-1,-1,0,10,-1,1,1,3,-1,-1,-1,0,0,1,0,0,10,0,0,0,42.6
1,0,0,0,-1,0,1,3,0,0,0,0,0,0,1,2,0,0,1,2,1,3,0,-1,200,0,9223372036800000000,20,0,10,0,0,7,0,1,1,0,0,0,1,0,3,20,0,0,3,2,0,1,-1,-1,-1,-1,0,10,-1,1,1,3,-1,-1,-1,0,0,1,0,0,10,0,0,0,34.02
1,0,0,0,-1,0,1,5,0,0,0,0,1,2,1,-1,-1,0,2,-1,-1,3,0,-1,200,0,9223372036800000000,1,0,10,0,0,7,0,3,1,0,0,0,1,0,3,60,2,3,0,2,0,1,-1,-1,-1,-1,0,10,-1,1,1,3,-1,-1,-1,0,0,1,0,0,10,0,0,0,42.92
1,0,0,0,-1,0,1,3,0,0,0,0,0,0,1,2,0,0,1,2,1,3,0,-1,10,0,9223372036800000000,20,0,10,0,0,7,0,1,1,0,0,0,1,0,3,20,0,0,3,2,0,1,-1,-1,-1,-1,0,10,-1,1,1,3,-1,-1,-1,0,0,1,0,0,10,0,0,0,33.75
1,0,0,0,-1,0,1,5,0,0,0,0,1,1,-1,0,-1,0,-1,0,-1,3,0,16,100,0,9223372036800000000,120,0,10,0,0,7,0,0,1,0,0,2,1,0,1,-1,2,1,1,2,0,1,-1,-1,-1,-1,0,10,-1,1,1,3,-1,-1,-1,0,0,1,4,0,10,0,0,0,42.8
1,0,0,0,-1,0,1,2,0,0,1,0,3,3,0,0,0,-1,2,2,-1,3,0,1,200,0,9223372036800000000,40,0,10,0,0,7,0,1,1,0,0,2,1,0,-1,0,0,2,-1,2,0,1,-1,-1,0,0,0,10,-1,1,1,3,-1,-1,-1,0,0,-1,5,0,10,0,0,0,42.91
1,0,0,0,-1,0,1,2,0,0,0,0,3,-1,-1,2,2,-1,0,2,-1,3,0,-1,25,0,9223372036800000000,1,0,10,0,0,7,0,2,1,0,0,1,1,0,0,0,0,0,0,2,0,1,-1,-1,-1,-1,0,10,-1,1,1,3,-1,-1,-1,0,0,1,0,0,10,0,0,0,33.66
1,0,0,0,-1,0,1,1,0,0,0,0,3,-1,0,0,1,0,2,1,-1,3,0,-1,800,0,9223372036800000000,5,0,10,0,0,7,0,1,1,0,0,1,1,0,1,20,0,0,2,2,0,1,-1,-1,-1,-1,0,10,-1,1,1,3,-1,-1,-1,0,0,1,0,0,10,0,0,0,35.55
1,0,0,0,-1,0,1,1,0,0,0,0,-1,-1,0,0,1,0,2,1,-1,3,0,-1,800,0,9223372036800000000,5,0,10,0,0,7,0,1,1,0,0,1,1,0,1,20,0,0,2,2,0,1,-1,-1,-1,-1,0,10,-1,1,1,3,-1,-1,-1,0,0,1,0,0,10,0,0,0,42.22
1,0,0,0,-1,0,1,0,0,0,0,0,3,-1,0,0,1,0,2,1,-1,3,0,-1,800,0,9223372036800000000,5,0,10,0,0,7,0,2,1,0,0,1,1,0,1,20,0,0,2,2,0,1,-1,-1,-1,-1,0,10,-1,1,1,3,-1,-1,-1,0,0,1,0,0,10,0,0,0,33.48
1,0,0,0,-1,0,1,0,0,0,0,0,-1,-1,0,1,2,2,-1,2,-1,3,0,-1,50,0,9223372036800000000,1e+75,0,10,0,0,7,0,0,1,0,0,3,1,0,-1,20,0,0,1,2,0,1,-1,-1,-1,-1,0,10,-1,1,1,3,-1,-1,-1,0,0,1,0,0,10,0,0,0,42.71
1,0,0,0,-1,0,1,4,1,0,3,0,2,-1,1,1,-1,1,2,-1,2,3,0,8,50,0,9223372036800000000,0,0,10,0,0,7,0,2,1,0,0,3,1,0,0,40,2,5,4,2,0,1,-1,-1,2,2,0,10,-1,1,1,3,-1,-1,-1,0,0,0,2,0,10,0,0,0,32.44
1,0,0,0,-1,0,1,0,0,0,0,0,-1,-1,0,1,2,2,-1,2,-1,3,0,-1,10,0,9223372036800000000,5,0,10,0,0,7,0,0,1,0,0,3,1,0,-1,20,0,0,1,2,0,1,-1,-1,-1,-1,0,10,-1,1,1,3,-1,-1,-1,0,0,1,0,0,10,0,0,0,42.64
1,0,0,0,-1,0,1,2,0,0,0,0,1,3,0,0,0,-1,-1,0,0,3,0,4,10,0,9223372036800000000,50,0,10,0,0,7,0,0,1,0,0,1,1,0,0,60,5,0,-1,2,0,1,-1,-1,-1,-1,0,10,-1,1,1,3,-1,-1,-1,0,0,1,0,0,10,0,0,0,42.89
1,0,0,0,-1,0,1,0,0,0,0,0,-1,-1,0,1,2,2,-1,2,-1,3,0,-1,10,0,9223372036800000000,5,0,10,0,0,7,0,0,1,0,0,3,1,0,-1,20,0,0,0,2,0,1,-1,-1,-1,-1,0,10,-1,1,1,3,-1,-1,-1,0,0,1,0,0,10,0,0,0,42.64
1,0,0,0,-1,0,1,1,0,0,0,0,1,3,1,0,0,1,0,2,0,3,0,-1,100,0,9223372036800000000,1e+75,0,10,0,0,7,0,3,1,0,0,1,1,0,-1,200,0,0,3,2,0,1,-1,-1,-1,-1,0,10,-1,1,1,3,-1,-1,-1,0,0,1,0,0,10,0,0,0,35.35
1,0,0,0,-1,0,1,1,0,0,0,0,1,3,1,2,0,1,0,2,0,3,0,-1,100,0,9223372036800000000,1e+75,0,10,0,0,7,0,3,1,0,0,1,1,0,-1,200,0,0,3,2,0,1,-1,-1,-1,-1,0,10,-1,1,1,3,-1,-1,-1,0,0,1,0,0,10,0,0,0,35.35
1,0,0,0,-1,0,1,4,1,0,3,0,0,1,0,2,2,2,0,1,-1,3,0,8,10,0,9223372036800000000,20,0,10,0,0,7,0,0,1,0,0,0,1,0,2,40,0,0,4,2,0,1,-1,-1,2,-1,0,10,-1,1,1,3,-1,-1,-1,0,0,0,4,0,10,0,0,0,32.34
1,0,0,0,-1,0,1,3,0,0,0,0,2,3,1,1,2,0,-1,1,0,3,0,-1,10,0,9223372036800000000,2,0,10,0,0,7,0,3,1,0,0,1,1,0,-1,200,2,4,2,2,0,1,-1,-1,3,0,0,10,-1,1,1,3,-1,-1,-1,0,0,0,3,0,10,0,0,0,34.68
1,0,0,0,-1,0,1,0,0,0,0,0,2,0,-1,1,1,1,1,-1,2,3,0,-1,100,0,9223372036800000000,1e+75,0,10,0,0,7,0,0,1,0,0,1,1,0,0,0,0,0,0,2,0,1,-1,-1,-1,-1,0,10,-1,1,1,3,-1,-1,-1,0,0,1,0,0,10,0,0,0,33.37
1,0,0,0,-1,0,1,1,0,0,0,0,1,3,1,0,0,1,0,2,0,3,0,-1,100,0,9223372036800000000,1e+75,0,10,0,0,7,0,3,1,0,0,1,1,0,-1,0,0,0,3,2,0,1,-1,-1,-1,-1,0,10,-1,1,1,3,-1,-1,-1,0,0,1,0,0,10,0,0,0,35.37
1,0,0,0,-1,0,1,1,0,0,0,0,1,3,1,0,0,1,0,2,0,3,0,-1,100,0,9223372036800000000,1e+75,0,10,0,0,7,0,1,1,0,0,1,1,0,-1,200,0,0,1,2,0,1,-1,-1,-1,-1,0,10,-1,1,1,3,-1,-1,-1,0,0,1,0,0,10,0,0,0,35.21
1,0,0,0,-1,0,1,4,0,0,0,0,1,-1,-1,-1,2,-1,-1,2,-1,3,0,-1,10,0,9223372036800000000,0,0,10,0,0,7,0,3,1,0,0,0,1,0,1,0,0,0,0,2,0,1,-1,-1,-1,-1,0,10,-1,1,1,3,-1,-1,-1,0,0,1,0,0,10,0,0,0,33.48
1,0,0,0,-1,0,1,0,0,0,0,0,-1,3,1,2,0,-1,2,0,-1,3,0,-1,200,0,9223372036800000000,240,0,10,0,0,7,0,0,1,0,0,0,1,0,-1,-1,0,0,0,2,0,1,-1,-1,-1,-1,0,10,-1,1,1,3,-1,-1,-1,0,0,1,0,0,10,0,0,0,42.53
1,0,0,0,-1,0,1,5,0,0,0,0,-1,1,1,2,1,2,-1,2,-1,3,0,16,200,0,9223372036800000000,60,0,10,0,0,7,0,3,1,0,0,2,1,0,2,1000,1,0,3,2,0,1,-1,-1,-1,-1,0,10,-1,1,1,3,-1,-1,-1,0,0,1,0,0,10,0,0,0,42.73
1,0,0,0,-1,0,1,0,0,0,0,0,-1,3,1,2,0,-1,2,2,-1,3,0,-1,200,0,9223372036800000000,240,0,10,0,0,7,0,0,1,0,0,0,1,0,-1,-1,0,0,0,2,0,1,-1,-1,-1,-1,0,10,-1,1,1,3,-1,-1,-1,0,0,1,0,0,10,0,0,0,42.53
1,0,0,0,-1,0,1,3,1,0,1,0,0,2,-1,0,-1,1,-1,2,-1,3,0,1,50,0,9223372036800000000,50,0,10,0,0,7,0,0,1,0,0,1,1,0,3,100,0,0,2,2,0,1,-1,-1,-1,-1,0,10,-1,1,1,3,-1,-1,-1,0,0,1,3,0,10,0,0,0,30.05
1,0,0,0,-1,0,1,0,0,0,0,0,-1,3,1,2,0,-1,2,0,-1,3,0,-1,200,0,9223372036800000000,240,0,10,0,0,7,0,0,1,0,0,2,1,0,-1,-1,0,0,0,2,0,1,-1,-1,-1,-1,0,10,-1,1,1,3,-1,-1,-1,0,0,1,0,0,10,0,0,0,42.53
1,0,0,0,-1,0,1,1,0,0,0,0,2,0,-1,2,-1,-1,-1,0,-1,3,0,8,25,0,9223372036800000000,0,0,10,0,0,7,0,2,1,0,0,2,1,0,2,500,4,2,1,2,0,1,-1,-1,-1,-1,0,10,-1,1,1,3,-1,-1,-1,0,0,1,0,0,10,0,0,0,45.77
1,0,0,0,-1,0,1,4,0,0,0,0,3,2,-1,-1,2,-1,-1,1,0,3,0,4,150,0,9223372036800000000,1,0,10,0,0,7,0,0,1,0,0,2,1,0,0,-1,4,4,0,2,0,1,-1,-1,-1,-1,0,10,-1,1,1,3,-1,-1,-1,0,0,1,1,0,10,0,0,0,43.99
1,0,0,0,-1,0,1,0,0,0,0,0,-1,3,1,2,0,-1,2,0,-1,3,0,-1,200,0,9223372036800000000,240,0,10,0,0,7,0,0,1,0,0,0,1,0,-1,20,0,0,0,2,0,1,-1,-1,-1,-1,0,10,-1,1,1,3,-1,-1,-1,0,0,1,0,0,10,0,0,0,42.53
1,0,0,0,-1,0,1,2,0,0,0,0,2,2,1,1,1,-1,2,2,1,3,0,-1,25,0,9223372036800000000,20,0,10,0,0,7,0,0,1,0,0,3,1,0,2,200,0,0,-1,2,0,1,-1,-1,-1,-1,0,10,-1,1,1,3,-1,-1,-1,0,0,1,0,0,10,0,0,0,33.03
1,0,0,0,-1,0,1,5,0,0,0,0,1,2,0,1,2,1,1,-1,0,3,0,4,400,0,9223372036800000000,20,0,10,0,0,7,0,0,1,0,0,0,1,0,1,0,0,2,1,2,0,1,-1,-1,-1,-1,0,10,-1,1,1,3,-1,-1,-1,0,0,1,0,0,10,0,0,0,38.65
1,0,0,0,-1,0,1,2,0,0,0,0,-1,2,1,1,1,-1,2,2,1,3,0,-1,25,0,9223372036800000000,20,0,10,0,0,7,0,0,1,0,0,3,1,0,2,200,0,0,-1,2,0,1,-1,-1,-1,-1,0,10,-1,1,1,3,-1,-1,-1,0,0,1,0,0,10,0,0,0,42.85
1,0,0,0,-1,0,1,2,0,0,0,0,2,-1,1,1,1,-1,2,2,1,3,0,-1,25,0,9223372036800000000,20,0,10,0,0,7,0,0,1,0,0,3,1,0,2,200,0,0,-1,2,0,1,-1,-1,-1,-1,0,10,-1,1,1,3,-1,-1,-1,0,0,1,0,0,10,0,0,0,33.03
1,0,0,0,-1,0,1,3,0,0,0,0,2,3,1,-1,2,-1,2,2,-1,3,0,-1,100,0,9223372036800000000,5,0,10,0,0,7,0,2,1,0,0,0,1,0,2,200,0,0,3,2,0,1,-1,-1,-1,-1,0,10,-1,1,1,3,-1,-1,-1,0,0,1,0,0,10,0,0,0,36.05
1,0,0,0,-1,0,1,3,0,0,0,0,2,3,1,-1,2,-1,2,2,-1,3,0,-1,100,0,9223372036800000000,5,0,10,0,0,7,0,2,1,0,0,0,1,0,2,0,0,0,3,2,0,1,-1,-1,-1,-1,0,10,-1,1,1,3,-1,-1,-1,0,0,1,0,0,10,0,0,0,36.05
1,0,0,0,-1,0,1,4,0,0,0,0,1,0,1,0,0,-1,2,1,2,3,0,2,25,0,9223372036800000000,40,0,10,0,0,7,0,2,1,0,0,2,1,0,-1,20,3,0,0,2,0,1,-1,-1,-1,-1,0,10,-1,1,1,3,-1,-1,-1,0,0,1,0,0,10,0,0,0,33.57
1,0,0,0,-1,0,1,3,0,0,0,0,2,3,1,-1,2,-1,0,2,-1,3,0,-1,100,0,9223372036800000000,5,0,10,0,0,7,0,2,1,0,0,0,1,0,2,200,0,0,3,2,0,1,-1,-1,-1,-1,0,10,-1,1,1,3,-1,-1,-1,0,0,1,0,0,10,0,0,0,36.05
1,0,0,0,-1,0,1,3,0,0,0,0,2,0,0,0,-1,2,0,2,0,3,0,-1,10,0,9223372036800000000,1e+75,0,10,0,0,7,0,0,1,0,0,1,1,0,0,0,0,0,0,2,0,1,-1,-1,-1,-1,0,10,-1,1,1,3,-1,-1,-1,0,0,1,0,0,10,0,0,0,33.75
1,0,0,0,-1,0,1,3,0,0,0,0,2,3,1,-1,0,-1,2,2,-1,3,0,-1,100,0,9223372036800000000,5,0,10,0,0,7,0,2,1,0,0,0,1,0,2,200,0,0,3,2,0,1,-1,-1,-1,-1,0,10,-1,1,1,3,-1,-1,-1,0,0,1,0,0,10,0,0,0,36.05
1,0,0,0,-1,0,1,2,0,0,0,0,-1,0,1,-1,1,2,0,1,0,3,0,-1,50,0,9223372036800000000,1e+75,0,10,0,0,7,0,0,1,0,0,1,1,0,0,0,0,0,0,2,0,1,-1,-1,-1,-1,0,10,-1,1,1,3,-1,-1,-1,0,0,1,0,0,10,0,0,0,42.71
1,0,0,0,-1,0,1,0,0,0,0,0,2,0,-1,1,2,-1,1,2,0,3,0,-1,200,0,9223372036800000000,1e+75,0,10,0,0,7,0,0,1,0,0,1,1,0,0,0,0,0,0,2,0,1,-1,-1,-1,-1,0,10,-1,1,1,3,-1,-1,-1,0,0,1,0,0,10,0,0,0,33.48
1,0,0,0,-1,0,1,3,0,0,0,0,2,3,1,-1,2,-1,-1,2,-1,3,0,-1,100,0,9223372036800000000,5,0,10,0,0,7,0,2,1,0,0,0,1,0,2,200,0,0,3,2,0,1,-1,-1,-1,-1,0,10,-1,1,1,3,-1,-1,-1,0,0,1,0,0,10,0,0,0,36.05
1,0,0,0,-1,0,1,3,0,0,0,0,-1,0,1,0,2,2,0,1,0,3,0,16,25,0,9223372036800000000,30,0,10,0,0,7,0,2,1,0,0,3,1,0,1,40,6,0,0,2,0,1,-1,-1,-1,-1,0,10,-1,1,1,3,-1,-1,-1,0,0,1,5,0,10,0,0,0,42.49
1,0,0,0,-1,0,1,5,0,0,0,0,1,0,0,1,-1,-1,0,0,0,3,0,-1,400,0,9223372036800000000,20,0,10,0,0,7,0,3,1,0,0,0,1,0,3,-1,0,0,4,2,0,1,-1,-1,-1,-1,0,10,-1,1,1,3,-1,-1,-1,0,0,1,0,0,10,0,0,0,42.92
1,0,0,0,-1,0,1,3,0,0,0,0,3,0,0,1,-1,2,0,1,1,3,0,-1,10,0,9223372036800000000,1e+75,0,10,0,0,7,0,0,1,0,0,1,1,0,0,0,0,0,0,2,0,1,-1,-1,-1,-1,0,10,-1,1,1,3,-1,-1,-1,0,0,1,0,0,10,0,0,0,33.75
1,0,0,0,-1,0,1,5,0,0,0,0,1,0,0,1,-1,-1,0,0,0,3,0,-1,400,0,9223372036800000000,0,0,10,0,0,7,0,3,1,0,0,0,1,0,3,-1,0,0,-1,2,0,1,-1,-1,-1,-1,0,10,-1,1,1,3,-1,-1,-1,0,0,1,0,0,10,0,0,0,42.92
1,0,0,0,-1,0,1,5,1,0,4,0,1,-1,-1,1,0,2,2,1,-1,3,0,16,10,0,9223372036800000000,0,0,10,0,0,7,0,1,1,0,0,0,1,0,0,60,5,5,3,2,0,1,-1,-1,3,3,0,10,-1,1,1,3,-1,-1,-1,0,0,0,5,0,10,0,0,0,26.26
1,0,0,0,-1,0,1,0,0,0,0,0,0,0,1,2,-1,0,1,0,2,3,0,-1,100,0,9223372036800000000,1e+75,0,10,0,0,7,0,2,1,0,0,2,1,0,-1,0,0,0,1,2,0,1,-1,-1,-1,-1,0,10,-1,1,1,3,-1,-1,-1,0,0,1,0,0,10,0,0,0,33.37
1,0,0,0,-1,0,1,5,0,0,0,0,1,0,0,1,-1,-1,0,0,0,3,0,-1,400,0,9223372036800000000,20,0,10,0,0,7,0,3,1,0,0,0,1,0,3,1000,0,0,-1,2,0,1,-1,-1,-1,-1,0,10,-1,1,1,3,-1,-1,-1,0,0,1,0,0,10,0,0,0,42.92
1,0,0,0,-1,0,1,1,0,0,0,0,1,-1,1,1,1,-1,0,0,0,3,0,-1,400,0,9223372036800000000,2,0,10,0,0,7,0,3,1,0,0,1,1,0,3,200,0,0,0,2,0,1,-1,-1,-1,-1,0,10,-1,1,1,3,-1,-1,-1,0,0,1,0,0,10,0,0,0,35.23
1,0,0,0,-1,0,1,3,0,0,0,0,-1,1,1,2,0,1,-1,1,-1,3,0,-1,10,0,9223372036800000000,60,0,10,0,0,7,0,1,1,0,0,3,1,0,2,0,0,0,-1,2,0,1,-1,-1,-1,-1,0,10,-1,1,1,3,-1,-1,-1,0,0,1,0,0,10,0,0,0,42.68
1,0,0,0,-1,0,1,0,0,0,0,0,1,3,-1,2,0,0,2,1,1,3,0,8,800,0,9223372036800000000,5,0,10,0,0,7,0,1,1,0,0,2,1,0,2,60,0,0,2,2,0,1,-1,-1,-1,-1,0,10,-1,1,1,3,-1,-1,-1,0,0,1,0,0,10,0,0,0,33.03
1,0,0,0,-1,0,1,1,0,0,0,0,1,-1,1,1,1,-1,0,0,0,3,0,-1,400,0,9223372036800000000,2,0,10,0,0,7,0,3,1,0,0,1,1,0,3,20,0,0,0,2,0,1,-1,-1,-1,-1,0,10,-1,1,1,3,-1,-1,-1,0,0,1,0,0,10,0,0,0,35.23
1,0,0,0,-1,0,1,4,0,0,0,0,1,-1,-1,-1,2,2,-1,0,-1,3,0,-1,10,0,9223372036800000000,30,0,10,0,0,7,0,3,1,0,0,0,1,0,1,0,0,0,0,2,0,1,-1,-1,-1,-1,0,10,-1,1,1,3,-1,-1,-1,0,0,1,0,0,10,0,0,0,33.51
1,0,0,0,-1,0,1,1,0,0,0,0,2,1,1,-1,2,2,2,2,1,3,0,8,10,0,9223372036800000000,240,0,10,0,0,7,0,1,1,0,0,2,1,0,0,1000,6,2,4,2,0,1,-1,-1,-1,-1,0,10,-1,1,1,3,-1,-1,-1,0,0,1,1,0,10,0,0,0,38.67
1,0,0,0,-1,0,1,5,0,0,0,0,1,0,0,1,-1,-1,0,0,0,3,0,-1,400,0,9223372036800000000,20,0,10,0,0,7,0,3,1,0,0,0,1,0,3,60,0,0,-1,2,0,1,-1,-1,-1,-1,0,10,-1,1,1,3,-1,-1,-1,0,0,1,0,0,10,0,0,0,42.92
1,0,0,0,-1,0,1,1,0,0,0,0,0,3,-1,2,1,1,1,-1,1,3,0,8,200,0,9223372036800000000,20,0,10,0,0,7,0,3,1,0,0,2,1,0,0,0,2,1,1,2,0,1,-1,-1,-1,-1,0,10,-1,1,1,3,-1,-1,-1,0,0,1,5,0,10,0,0,0,38.67
1,0,0,0,-1,0,1,3,0,0,0,0,3,0,1,0,1,1,-1,2,-1,3,0,-1,800,0,9223372036800000000,0,0,10,0,0,7,0,2,1,0,0,0,1,0,3,0,0,0,3,2,0,1,-1,-1,-1,-1,0,10,-1,1,1,3,-1,-1,-1,0,0,1,0,0,10,0,0,0,35.23
1,0,0,0,-1,0,1,1,0,0,0,0,1,-1,1,1,1,-1,0,0,0,3,0,-1,400,0,9223372036800000000,1e+75,0,10,0,0,7,0,3,1,0,0,1,1,0,3,200,0,0,0,2,0,1,-1,-1,-1,-1,0,10,-1,1,1,3,-1,-1,-1,0,0,1,0,0,10,0,0,0,35.23
1,0,0,0,-1,0,1,2,0,0,1,0,-1,2,0,1,-1,0,0,1,1,3,0,16,10,0,9223372036800000000,240,0,10,0,0,7,0,1,1,0,0,3,1,0,3,20,1,2,0,2,0,1,-1,-1,-1,2,0,10,-1,1,1,3,-1,-1,-1,0,0,-1,0,0,10,0,0,0,33.87
1,0,0,0,-1,0,1,3,0,0,0,0,3,0,1,2,2,2,0,2,-1,3,0,-1,50,0,9223372036800000000,1e+75,0,10,0,0,7,0,0,1,0,0,1,1,0,-1,0,0,0,0,2,0,1,-1,-1,-1,-1,0,10,-1,1,1,3,-1,-1,-1,0,0,1,0,0,10,0,0,0,33.69
1,0,0,0,-1,0,1,1,0,0,0,0,1,-1,1,1,1,-1,0,0,0,3,0,-1,400,0,9223372036800000000,30,0,10,0,0,7,0,3,1,0,0,1,1,0,3,200,0,0,0,2,0,1,-1,-1,-1,-1,0,10,-1,1,1,3,-1,-1,-1,0,0,1,0,0,10,0,0,0,35.23
1,0,0,0,-1,0,1,2,0,0,1,0,3,3,0,0,0,-1,2,2,-1,3,0,1,200,0,9223372036800000000,40,0,10,0,0,7,0,1,1,0,0,2,1,0,-1,-1,4,2,-1,2,0,1,-1,-1,0,0,0,10,-1,1,1,3,-1,-1,-1,0,0,-1,5,0,10,0,0,0,42.92
1,0,0,0,-1,0,1,5,0,0,0,0,-1,0,-1,1,2,-1,0,1,-1,3,0,-1,150,0,9223372036800000000,2,0,10,0,0,7,0,0,1,0,0,2,1,0,-1,-1,0,0,0,2,0,1,-1,-1,-1,-1,0,10,-1,1,1,3,-1,-1,-1,0,0,1,0,0,10,0,0,0,42.79
1,0,0,0,-1,0,1,3,1,0,0,0,3,-1,-1,2,0,2,2,0,2,3,0,-1,10,0,9223372036800000000,2,0,10,0,0,7,0,2,1,0,0,1,1,0,-1,1000,1,2,-1,2,0,1,-1,-1,3,-1,0,10,-1,1,1,3,-1,-1,-1,0,0,1,5,0,10,0,0,0,32.4
1,0,0,0,-1,0,1,5,0,0,0,0,-1,0,-1,1,2,-1,0,1,-1,3,0,-1,150,0,9223372036800000000,1e+75,0,10,0,0,7,0,0,1,0,0,2,1,0,-1,-1,0,0,4,2,0,1,-1,-1,-1,-1,0,10,-1,1,1,3,-1,-1,-1,0,0,1,0,0,10,0,0,0,42.79
1,0,0,0,-1,0,1,2,0,0,0,0,1,2,1,0,-1,-1,2,2,0,3,0,-1,400,0,9223372036800000000,40,0,10,0,0,7,0,3,1,0,0,0,1,0,2,0,0,0,4,2,0,1,-1,-1,-1,-1,0,10,-1,1,1,3,-1,-1,-1,0,0,1,0,0,10,0,0,0,33.13
1,0,0,0,-1,0,1,5,0,0,0,0,-1,0,-1,1,2,-1,0,2,-1,3,0,-1,150,0,9223372036800000000,1e+75,0,10,0,0,7,0,0,1,0,0,2,1,0,-1,-1,0,0,0,2,0,1,-1,-1,-1,-1,0,10,-1,1,1,3,-1,-1,-1,0,0,1,0,0,10,0,0,0,42.79
1,0,0,0,-1,0,1,0,0,0,0,0,0,0,1,2,-1,0,1,1,2,3,0,-1,25,0,9223372036800000000,1e+75,0,10,0,0,7,0,2,1,0,0,2,1,0,-1,0,0,0,1,2,0,1,-1,-1,-1,-1,0,10,-1,1,1,3,-1,-1,-1,0,0,1,0,0,10,0,0,0,33.37
1,0,0,0,-1,0,1,5,0,0,0,0,-1,0,-1,1,2,-1,0,1,-1,3,0,-1,150,0,9223372036800000000,1e+75,0,10,0,0,7,0,0,1,0,0,2,1,0,-1,-1,0,0,3,2,0,1,-1,-1,-1,-1,0,10,-1,1,1,3,-1,-1,-1,0,0,1,0,0,10,0,0,0,42.72
1,0,0,0,-1,0,1,0,0,0,0,0,3,0,-1,-1,-1,-1,-1,0,-1,3,0,-1,200,0,9223372036800000000,10,0,10,0,0,7,0,3,1,0,0,0,1,0,2,60,0,0,4,2,0,1,-1,-1,-1,-1,0,10,-1,1,1,3,-1,-1,-1,0,0,1,0,0,10,0,0,0,33.03
1,0,0,0,-1,0,1,4,0,0,0,0,2,0,-1,1,0,2,1,0,2,3,0,4,100,0,9223372036800000000,1,0,10,0,0,7,0,3,1,0,0,2,1,0,2,-1,0,1,3,2,0,1,-1,-1,-1,-1,0,10,-1,1,1,3,-1,-1,-1,0,0,1,1,0,10,0,0,0,38.58
1,0,0,0,-1,0,1,0,0,0,0,0,-1,-1,1,1,2,1,0,-1,1,3,0,8,50,0,9223372036800000000,30,0,10,0,0,7,0,2,1,0,0,2,1,0,2,100,1,0,0,2,0,1,-1,-1,-1,-1,0,10,-1,1,1,3,-1,-1,-1,0,0,1,0,0,10,0,0,0,42.62
1,0,0,0,-1,0,1,0,0,0,0,0,3,0,-1,-1,-1,-1,-1,0,-1,3,0,-1,200,0,9223372036800000000,30,0,10,0,0,7,0,3,1,0,0,0,1,0,0,60,0,0,4,2,0,1,-1,-1,-1,-1,0,10,-1,1,1,3,-1,-1,-1,0,0,1,0,0,10,0,0,0,33.48
1,0,0,0,-1,0,1,3,0,0,0,0,3,3,0,2,-1,1,2,2,1,3,0,-1,10,0,9223372036800000000,1e+75,0,10,0,0,7,0,2,1,0,0,3,1,0,0,0,0,0,1,2,0,1,-1,-1,-1,-1,0,10,-1,1,1,3,-1,-1,-1,0,0,1,0,0,10,0,0,0,35.23
1,0,0,0,-1,0,1,4,0,0,0,0,-1,1,0,-1,1,-1,1,2,-1,3,0,8,800,0,9223372036800000000,10,0,10,0,0,7,0,0,1,0,0,0,1,0,3,40,0,0,1,2,0,1,-1,-1,-1,-1,0,10,-1,1,1,3,-1,-1,-1,0,0,1,0,0,10,0,0,0,42.85
1,0,0,0,-1,0,1,0,0,0,0,0,3,0,-1,-1,-1,-1,-1,0,-1,3,0,-1,200,0,9223372036800000000,30,0,10,0,0,7,0,0,1,0,0,0,1,0,2,60,0,0,4,2,0,1,-1,-1,-1,-1,0,10,-1,1,1,3,-1,-1,-1,0,0,1,0,0,10,0,0,0,33.03
1,0,0,0,-1,0,1,4,0,0,0,0,1,1,1,0,1,0,0,1,0,3,0,-1,25,0,9223372036800000000,1,0,10,0,0,7,0,1,1,0,0,0,1,0,2,100,3,0,4,2,0,1,-1,-1,-1,-1,0,10,-1,1,1,3,-1,-1,-1,0,0,1,0,0,10,0,0,0,32.92
1,0,0,0,-1,0,1,0,0,0,0,0,0,1,0,0,0,0,0,0,0,3,0,-1,50,0,9223372036800000000,240,0,10,0,0,7,0,0,1,0,0,1,1,0,2,60,0,0,0,2,0,1,-1,-1,-1,-1,0,10,-1,1,1,3,-1,-1,-1,0,0,1,0,0,10,0,0,0,32.88
1,0,0,0,-1,0,1,0,0,0,0,0,3,0,-1,-1,-1,-1,-1,0,-1,3,0,-1,200,0,9223372036800000000,30,0,10,0,0,7,0,3,1,0,0,0,1,0,2,500,0,0,4,2,0,1,-1,-1,-1,-1,0,10,-1,1,1,3,-1,-1,-1,0,0,1,0,0,10,0,0,0,33.03
1,0,0,0,-1,0,1,5,0,0,0,0,-1,1,1,2,1,2,-1,2,-1,3,0,16,200,0,9223372036800000000,60,0,10,0,0,7,0,3,1,0,0,0,1,0,2,1000,1,0,3,2,0,1,-1,-1,-1,-1,0,10,-1,1,1,3,-1,-1,-1,0,0,1,0,0,10,0,0,0,42.8
1,0,0,0,-1,0,1,5,0,0,0,0,1,1,-1,0,-1,0,-1,0,0,3,0,16,100,0,9223372036800000000,10,0,10,0,0,7,0,0,1,0,0,2,1,0,1,-1,2,1,1,2,0,1,-1,-1,-1,-1,0,10,-1,1,1,3,-1,-1,-1,0,0,1,4,0,10,0,0,0,42.8
1,0,0,0,-1,0,1,5,0,0,0,0,3,1,0,-1,2,-1,2,-1,1,3,0,-1,50,0,9223372036800000000,120,0,10,0,0,7,0,2,1,0,0,1,1,0,1,40,0,0,3,2,0,1,-1,-1,-1,-1,0,10,-1,1,1,3,-1,-1,-1,0,0,1,0,0,10,0,0,0,42.92
1,0,0,0,-1,0,1,5,0,0,0,0,1,2,1,-1,-1,0,2,-1,-1,3,0,-1,200,0,9223372036800000000,1,0,10,0,0,7,0,3,1,0,0,0,1,0,3,60,6,3,4,2,0,1,-1,-1,-1,-1,0,10,-1,1,1,3,-1,-1,-1,0,0,1,0,0,10,0,0,0,42.92
1,0,0,0,-1,0,1,5,0,0,0,0,3,1,0,-1,0,-1,2,-1,1,3,0,-1,50,0,9223372036800000000,120,0,10,0,0,7,0,2,1,0,0,1,1,0,1,40,0,0,3,2,0,1,-1,-1,-1,-1,0,10,-1,1,1,3,-1,-1,-1,0,0,1,0,0,10,0,0,0,42.92
1,0,0,0,-1,0,1,5,0,0,0,0,3,1,-1,-1,2,-1,2,-1,1,3,0,-1,50,0,9223372036800000000,120,0,10,0,0,7,0,2,1,0,0,1,1,0,1,40,0,0,3,2,0,1,-1,-1,-1,-1,0,10,-1,1,1,3,-1,-1,-1,0,0,1,0,0,10,0,0,0,42.92
1,0,0,0,-1,0,1,5,0,0,0,0,3,1,-1,0,2,1,-1,-1,1,3,0,4,800,0,9223372036800000000,1,0,10,0,0,7,0,0,1,0,0,1,1,0,0,-1,0,0,3,2,0,1,-1,-1,-1,-1,0,10,-1,1,1,3,-1,-1,-1,0,0,1,0,0,10,0,0,0,38.65
1,0,0,0,-1,0,1,1,0,0,0,0,0,1,-1,-1,0,1,0,1,-1,3,0,-1,150,0,9223372036800000000,1e+75,0,10,0,0,7,0,1,1,0,0,1,1,0,2,60,0,0,1,2,0,1,-1,-1,-1,-1,0,10,-1,1,1,3,-1,-1,-1,0,0,1,0,0,10,0,0,0,34.78
1,0,0,0,-1,0,1,4,0,0,0,0,3,3,-1,0,2,1,-1,-1,2,3,0,8,10,0,9223372036800000000,2,0,10,0,0,7,0,0,1,0,0,0,1,0,3,500,0,0,-1,2,0,1,-1,-1,-1,-1,0,10,-1,1,1,3,-1,-1,-1,0,0,1,0,0,10,0,0,0,33.25
1,0,0,0,-1,0,1,4,1,0,3,0,0,1,0,2,2,2,0,1,-1,3,0,8,10,0,9223372036800000000,20,0,10,0,0,7,0,0,1,0,0,0,1,0,2,40,1,1,4,2,0,1,-1,-1,2,-1,0,10,-1,1,1,3,-1,-1,-1,0,0,0,4,0,10,0,0,0,33.25
1,0,0,0,-1,0,1,1,0,0,0,0,0,1,-1,-1,0,1,-1,1,-1,3,0,-1,150,0,9223372036800000000,1e+75,0,10,0,0,7,0,1,1,0,0,1,1,0,2,60,0,0,1,2,0,1,-1,-1,-1,-1,0,10,-1,1,1,3,-1,-1,-1,0,0,1,0,0,10,0,0,0,34.78
1,0,0,0,-1,0,1,4,0,0,0,0,0,0,1,-1,1,-1,1,0,0,3,0,-1,400,0,9223372036800000000,1e+75,0,10,0,0,7,0,0,1,0,0,1,1,0,0,0,0,0,0,2,0,1,-1,-1,-1,-1,0,10,-1,1,1,3,-1,-1,-1,0,0,1,0,0,10,0,0,0,33.48
1,0,0,0,-1,0,1,1,0,0,0,0,0,1,-1,-1,0,1,0,1,-1,3,0,-1,10,0,9223372036800000000,1e+75,0,10,0,0,7,0,1,1,0,0,1,1,0,2,60,0,0,1,2,0,1,-1,-1,-1,-1,0,10,-1,1,1,3,-1,-1,-1,0,0,1,0,0,10,0,0,0,34.61
1,0,0,0,-1,0,1,1,0,0,0,0,0,1,-1,-1,0,1,0,1,-1,3,0,-1,10,0,9223372036800000000,1e+75,0,10,0,0,7,0,1,1,0,0,1,1,0,2,60,0,0,3,2,0,1,-1,-1,-1,-1,0,10,-1,1,1,3,-1,-1,-1,0,0,1,0,0,10,0,0,0,34.78
1,0,0,0,-1,0,1,1,0,0,0,0,0,1,-1,-1,0,1,0,1,-1,3,0,-1,10,0,9223372036800000000,1e+75,0,10,0,0,7,0,1,1,0,0,1,1,0,2,100,0,0,1,2,0,1,-1,-1,-1,-1,0,10,-1,1,1,3,-1,-1,-1,0,0,1,0,0,10,0,0,0,34.61
1,0,0,0,-1,0,1,5,0,0,0,0,1,3,0,-1,0,2,2,1,2,3,0,-1,150,0,9223372036800000000,1e+75,0,10,0,0,7,0,2,1,0,0,3,1,0,1,0,0,0,3,2,0,1,-1,-1,-1,-1,0,10,-1,1,1,3,-1,-1,-1,0,0,1,0,0,10,0,0,0,38.65
1,0,0,0,-1,0,1,1,0,0,0,0,0,1,-1,-1,0,1,0,1,-1,3,0,-1,10,0,9223372036800000000,1e+75,0,10,0,0,7,0,1,1,0,0,1,1,0,2,60,0,0,-1,2,0,1,-1,-1,-1,-1,0,10,-1,1,1,3,-1,-1,-1,0,0,1,0,0,10,0,0,0,34.78
1,0,0,0,-1,0,1,4,0,0,0,0,2,-1,1,2,0,1,2,-1,1,3,0,-1,400,0,9223372036800000000,120,0,10,0,0,7,0,1,1,0,0,1,1,0,3,100,0,0,3,2,0,1,-1,-1,-1,-1,0,10,-1,1,1,3,-1,-1,-1,0,0,1,0,0,10,0,0,0,33.44
1,0,0,0,-1,0,1,5,0,0,0,0,0,0,1,-1,0,-1,1,2,1,3,0,-1,400,0,9223372036800000000,1e+75,0,10,0,0,7,0,0,1,0,0,1,1,0,-1,0,0,0,0,2,0,1,-1,-1,-1,-1,0,10,-1,1,1,3,-1,-1,-1,0,0,1,0,0,10,0,0,0,42.92
1,0,0,0,-1,0,1,5,0,0,0,0,3,0,1,0,1,-1,1,-1,0,3,0,-1,150,0,9223372036800000000,1e+75,0,10,0,0,7,0,0,1,0,0,1,1,0,0,0,0,0,0,2,0,1,-1,-1,-1,-1,0,10,-1,1,1,3,-1,-1,-1,0,0,1,0,0,10,0,0,0,42.92
1,0,0,0,-1,0,1,1,0,0,0,0,2,0,-1,2,-1,-1,-1,0,-1,3,0,8,25,0,9223372036800000000,0,0,10,0,0,7,0,1,1,0,0,2,1,0,2,500,4,2,4,2,0,1,-1,-1,-1,-1,0,10,-1,1,1,3,-1,-1,-1,0,0,1,0,0,10,0,0,0,45.77
1,0,0,0,-1,0,1,4,1,0,3,0,0,1,0,2,2,2,0,1,-1,3,0,8,10,0,9223372036800000000,20,0,10,0,0,7,0,1,1,0,0,0,1,0,2,40,1,0,4,2,0,1,-1,-1,2,-1,0,10,-1,1,1,3,-1,-1,-1,0,0,0,4,0,10,0,0,0,32.17
1,0,0,0,-1,0,1,4,0,0,0,0,2,-1,1,2,0,1,2,-1,1,3,0,-1,400,0,9223372036800000000,120,0,10,0,0,7,0,1,1,0,0,1,1,0,3,500,0,0,3,2,0,1,-1,-1,-1,-1,0,10,-1,1,1,3,-1,-1,-1,0,0,1,0,0,10,0,0,0,33.44
1,0,0,0,-1,0,1,0,1,0,5,0,2,1,0,1,-1,0,2,2,0,3,0,16,50,0,9223372036800000000,0,0,10,0,0,7,0,0,1,0,0,3,1,0,1,1000,4,5,3,2,0,1,-1,-1,-1,2,0,10,-1,1,1,3,-1,-1,-1,0,0,1,2,0,10,0,0,0,41.73
1,0,0,0,-1,0,1,3,0,0,0,0,1,1,-1,-1,2,0,-1,0,2,3,0,-1,10,0,9223372036800000000,1,0,10,0,0,7,0,1,1,0,0,1,1,0,2,0,0,0,0,2,0,1,-1,-1,-1,-1,0,10,-1,1,1,3,-1,-1,-1,0,0,1,0,0,10,0,0,0,33.39
1,0,0,0,-1,0,1,4,0,0,0,0,2,-1,1,2,0,1,2,-1,1,3,0,-1,400,0,9223372036800000000,120,0,10,0,0,7,0,1,1,0,0,1,1,0,3,200,0,0,3,2,0,1,-1,-1,-1,-1,0,10,-1,1,1,3,-1,-1,-1,0,0,1,0,0,10,0,0,0,33.44
1,0,0,0,-1,0,1,2,0,0,0,0,-1,3,0,-1,2,-1,0,1,0,3,0,-1,200,0,9223372036800000000,2,0,10,0,0,7,0,2,1,0,0,3,1,0,3,0,0,0,2,2,0,1,-1,-1,-1,-1,0,10,-1,1,1,3,-1,-1,-1,0,0,1,0,0,10,0,0,0,42.85
1,0,0,0,-1,0,1,4,0,0,0,0,2,-1,1,2,0,1,2,-1,1,3,0,-1,400,0,9223372036800000000,120,0,10,0,0,7,0,1,1,0,0,1,1,0,0,100,0,0,3,2,0,1,-1,-1,-1,-1,0,10,-1,1,1,3,-1,-1,-1,0,0,1,0,0,10,0,0,0,33.48
1,0,0,0,-1,0,1,4,0,0,0,0,2,-1,1,2,0,1,2,-1,1,3,0,-1,400,0,9223372036800000000,50,0,10,0,0,7,0,1,1,0,0,1,1,0,3,100,0,0,3,2,0,1,-1,-1,-1,-1,0,10,-1,1,1,3,-1,-1,-1,0,0,1,0,0,10,0,0,0,33.44
1,0,0,0,-1,0,1,2,1,0,4,0,3,1,0,0,-1,2,2,0,1,3,0,8,50,0,9223372036800000000,1,0,10,0,0,7,0,1,1,0,0,1,1,0,3,100,3,5,3,2,0,1,-1,-1,2,-1,0,10,-1,1,1,3,-1,-1,-1,0,0,-1,0,0,10,0,0,0,32.6
1,0,0,0,-1,0,1,0,0,0,0,0,0,0,0,0,0,0,0,0,0,3,0,-1,150,0,9223372036800000000,1,0,10,0,0,3,0,0,1,0,0,1,1,0,2,-1,0,0,0,2,0,1,-1,-1,-1,-1,0,10,-1,1,1,3,-1,-1,-1,0,0,1,0,0,10,0,0,0,32.92
1,0,0,0,-1,0,1,5,0,0,0,0,1,1,-1,0,-1,0,-1,0,-1,3,0,16,100,0,9223372036800000000,10,0,10,0,0,7,0,0,1,0,0,2,1,0,1,-1,2,1,0,2,0,1,-1,-1,-1,-1,0,10,-1,1,1,3,-1,-1,-1,0,0,1,4,0,10,0,0,0,42.79
1,0,0,0,-1,0,1,3,0,0,0,0,1,0,0,0,0,0,1,0,1,3,0,4,50,0,9223372036800000000,0,0,10,0,0,7,0,3,1,0,0,0,1,0,-1,100,3,5,0,2,0,1,-1,-1,-1,-1,0,10,-1,1,1,3,-1,-1,-1,0,0,1,2,0,10,0,0,0,34.45
1,0,0,0,-1,0,1,1,0,0,0,0,0,0,1,0,1,0,1,0,2,3,0,16,100,0,9223372036800000000,40,0,10,0,0,7,0,2,1,0,0,1,1,0,-1,500,3,0,4,2,0,1,-1,-1,3,0,0,10,-1,1,1,3,-1,-1,-1,0,0,1,2,0,10,0,0,0,35.34
1,0,0,0,-1,0,1,2,0,0,0,0,3,-1,-1,2,2,-1,0,2,-1,3,0,-1,25,0,9223372036800000000,1e+75,0,10,0,0,7,0,2,1,0,0,1,1,0,0,0,0,0,0,2,0,1,-1,-1,-1,-1,0,10,-1,1,1,3,-1,-1,-1,0,0,1,0,0,10,0,0,0,33.48
1,0,0,0,-1,0,1,0,0,0,0,0,0,0,0,0,0,0,0,0,0,3,0,-1,150,0,9223372036800000000,1,0,10,0,0,15,0,0,1,0,0,1,1,0,2,-1,0,0,0,2,0,1,-1,-1,-1,-1,0,10,-1,1,1,3,-1,-1,-1,0,0,1,0,0,10,0,0,0,32.92
1,0,0,0,-1,0,1,0,0,0,0,0,0,0,0,0,0,0,0,0,0,3,0,-1,150,0,9223372036800000000,1,0,10,0,0,30,0,0,1,0,0,1,1,0,2,-1,0,0,0,2,0,1,-1,-1,-1,-1,0,10,-1,1,1,3,-1,-1,-1,0,0,1,0,0,10,0,0,0,32.92
1,0,0,0,-1,0,1,0,0,0,0,0,2,3,-1,2,2,1,1,0,-1,3,0,-1,100,0,9223372036800000000,5,0,10,0,0,7,0,1,1,0,0,1,1,0,1,0,0,0,0,2,0,1,-1,-1,-1,-1,0,10,-1,1,1,3,-1,-1,-1,0,0,1,0,0,10,0,0,0,33.57
1,0,0,0,-1,0,1,5,0,0,0,0,0,2,0,-1,0,-1,1,2,-1,3,0,4,400,0,9223372036800000000,1,0,10,0,0,7,0,2,1,0,0,1,1,0,3,1000,3,0,4,2,0,1,-1,-1,-1,-1,0,10,-1,1,1,3,-1,-1,-1,0,0,1,0,0,10,0,0,0,42.79
1,0,0,0,-1,0,1,4,0,0,0,0,1,0,0,0,0,0,2,1,2,3,0,-1,150,0,9223372036800000000,1e+75,0,10,0,0,7,0,0,1,0,0,1,1,0,0,0,0,0,0,2,0,1,-1,-1,-1,-1,0,10,-1,1,1,3,-1,-1,-1,0,0,1,0,0,10,0,0,0,33.37
1,0,0,0,-1,0,1,0,0,0,0,0,0,0,0,0,0,0,0,0,0,3,0,-1,150,0,9223372036800000000,1,0,10,0,0,7,1,0,1,0,0,1,1,0,2,-1,0,0,0,2,0,1,-1,-1,-1,-1,0,10,-1,1,1,3,-1,-1,-1,0,0,1,0,0,10,0,0,0,32.92
1,0,0,0,-1,0,1,0,0,0,0,0,0,0,0,0,0,0,0,0,0,3,0,8,150,0,9223372036800000000,1,0,10,0,0,7,0,0,1,0,0,1,1,0,2,-1,0,0,0,2,0,1,-1,-1,-1,-1,0,10,-1,1,1,3,-1,-1,-1,0,0,1,0,0,10,0,0,0,32.92
1,0,0,0,-1,0,1,5,1,0,4,0,1,-1,-1,1,0,2,2,1,-1,3,0,16,10,0,9223372036800000000,0,0,10,0,0,7,0,1,1,0,0,0,1,0,2,-1,5,5,3,2,0,1,-1,-1,3,3,0,10,-1,1,1,3,-1,-1,-1,0,0,0,5,0,10,0,0,0,26.14
1,0,0,0,-1,0,1,0,0,0,0,0,0,0,0,0,0,0,0,0,0,3,0,-1,150,0,9223372036800000000,1,0,10,0,0,7,0,0,1,0,0,1,1,-1,2,-1,0,0,0,2,0,1,-1,-1,-1,-1,0,10,-1,1,1,3,-1,-1,-1,0,0,1,0,0,10,0,0,0,32.92
1,0,0,0,-1,0,1,1,0,0,0,0,-1,0,-1,1,1,1,2,-1,1,3,0,16,400,0,9223372036800000000,1e+75,0,10,0,0,7,0,2,1,0,0,1,1,0,-1,100,5,0,-1,2,0,1,-1,-1,-1,-1,0,10,-1,1,1,3,-1,-1,-1,0,0,1,0,0,10,0,0,0,42.77
1,0,0,0,-1,0,1,4,0,0,0,0,3,0,0,0,-1,2,2,-1,2,3,0,-1,100,0,9223372036800000000,1e+75,0,10,0,0,7,0,0,1,0,0,1,1,0,1,0,0,0,0,2,0,1,-1,-1,-1,-1,0,10,-1,1,1,3,-1,-1,-1,0,0,1,0,0,10,0,0,0,33.56
1,0,0,0,-1,0,1,0,0,0,0,0,0,0,0,0,0,0,0,0,0,3,0,-1,150,0,9223372036800000000,1,0,10,0,0,7,0,0,1,0,0,1,1,1,2,-1,0,0,0,2,0,1,-1,-1,-1,-1,0,10,-1,1,1,3,-1,-1,-1,0,0,1,0,0,10,0,0,0,32.92
1,0,0,0,-1,0,1,0,0,0,0,0,0,0,0,0,0,0,0,0,0,3,0,-1,150,0,9223372036800000000,1,0,10,0,0,7,0,0,1,0,0,1,1,2,2,-1,0,0,0,2,0,1,-1,-1,-1,-1,0,10,-1,1,1,3,-1,-1,-1,0,0,1,0,0,10,0,0,0,32.92
1,0,0,0,-1,0,1,0,0,0,0,0,0,0,0,0,0,0,0,0,0,3,0,-1,150,0,9223372036800000000,1,0,10,0,0,7,0,0,1,0,0,1,1,0,2,-1,0,0,0,2,0,1,-1,-1,-1,-1,0,10,-1,0,1,3,-1,-1,-1,0,0,1,0,0,10,0,0,0,3313.33
1,0,0,0,-1,0,1,0,0,0,0,0,0,0,0,0,0,0,0,0,0,3,0,-1,150,0,9223372036800000000,1,0,10,0,0,7,0,0,1,0,0,1,1,0,2,-1,0,0,0,2,0,1,-1,-1,-1,-1,0,10,-1,1,1,3,-1,-1,1,0,0,1,0,0,10,0,0,0,32.92
1,0,0,0,-1,0,1,0,0,0,0,0,0,0,0,0,0,0,0,0,0,3,0,-1,50,0,9223372036800000000,1e+75,0,10,0,0,7,0,0,1,0,0,1,1,0,2,60,0,5,0,2,0,1,-1,-1,-1,-1,0,10,-1,1,1,3,-1,-1,-1,0,0,1,0,0,10,0,0,0,33.72
1,0,0,0,-1,0,1,5,1,0,2,0,-1,1,-1,0,2,-1,1,0,1,3,0,2,200,0,9223372036800000000,5,0,10,0,0,7,0,1,1,0,0,0,1,0,-1,20,2,4,2,2,0,1,-1,-1,2,-1,0,10,-1,1,1,3,-1,-1,-1,0,0,1,2,0,10,0,0,0,29.93
1,0,0,0,-1,0,1,0,0,0,0,0,-1,0,-1,1,-1,-1,2,1,0,3,0,-1,400,0,9223372036800000000,10,0,10,0,0,7,0,2,1,0,0,1,1,0,0,0,0,0,0,2,0,1,-1,-1,-1,-1,0,10,-1,1,1,3,-1,-1,-1,0,0,1,0,0,10,0,0,0,42.6
1,0,0,0,-1,0,1,0,0,0,0,0,2,0,0,1,0,2,-1,-1,1,3,0,-1,10,0,9223372036800000000,30,0,10,0,0,7,0,3,1,0,0,3,1,0,2,0,0,0,4,2,0,1,-1,-1,-1,-1,0,10,-1,1,1,3,-1,-1,-1,0,0,1,0,0,10,0,0,0,33.13
1,0,0,0,-1,0,1,0,0,0,0,0,0,0,0,0,0,0,0,0,0,3,0,-1,150,0,9223372036800000000,1,0,10,0,0,7,0,0,1,0,0,1,1,0,2,-1,0,0,0,2,0,1,-1,-1,-1,-1,0,10,-1,1,1,3,-1,-1,2,0,0,1,0,0,10,0,0,0,32.92
1,0,0,0,-1,0,1,0,0,0,0,0,0,0,0,0,0,0,0,0,0,3,0,-1,150,0,9223372036800000000,1,0,10,0,0,7,0,0,1,0,0,1,1,0,2,-1,0,0,0,2,0,1,-1,-1,-1,-1,0,10,-1,1,1,3,-1,-1,5,0,0,1,0,0,10,0,0,0,32.92
1,0,0,0,-1,0,1,0,0,0,0,0,0,0,0,0,0,0,0,0,0,3,0,-1,150,0,9223372036800000000,1,0,10,0,0,7,0,0,1,0,0,1,1,0,2,-1,0,0,0,2,0,1,-1,-1,-1,-1,-1,10,-1,1,1,3,-1,-1,-1,0,0,1,0,0,10,0,0,0,32.92
1,0,0,0,-1,0,1,0,0,0,0,0,0,0,0,0,0,0,0,0,0,3,0,-1,150,0,9223372036800000000,1,0,10,0,0,7,0,0,1,0,0,1,1,0,2,-1,0,0,0,2,0,1,-1,-1,-1,-1,1,10,-1,1,1,3,-1,-1,-1,0,0,1,0,0,10,0,0,0,33.04
1,0,0,0,-1,0,1,0,0,0,0,0,0,0,0,0,0,0,0,0,0,3,0,-1,150,0,9223372036800000000,1,0,10,0,0,7,0,0,1,0,1,1,1,0,2,-1,0,0,0,2,0,1,-1,-1,-1,-1,0,10,-1,1,1,3,-1,-1,-1,0,0,1,0,0,10,0,0,0,32.92
1,0,0,0,-1,0,1,0,0,0,0,0,0,0,0,0,0,0,0,0,0,3,0,-1,150,0,9223372036800000000,1,0,10,0,0,7,0,0,1,-1,0,1,1,0,2,-1,0,0,0,2,0,1,-1,-1,-1,-1,0,10,-1,1,1,3,-1,-1,-1,0,0,1,0,0,10,0,0,0,1.79769e+308
1,0,0,0,-1,0,1,0,0,0,0,0,0,0,0,0,0,0,0,0,0,3,0,-1,150,0,9223372036800000000,1,0,10,0,0,7,0,0,1,100,0,1,1,0,2,-1,0,0,0,2,0,1,-1,-1,-1,-1,0,10,-1,1,1,3,-1,-1,-1,0,0,1,0,0,10,0,0,0,32.92
1,0,0,0,-1,0,1,0,0,0,0,0,0,0,0,0,0,0,0,0,0,3,0,-1,150,0,9223372036800000000,1,0,10,0,0,7,0,0,1,500,0,1,1,0,2,-1,0,0,0,2,0,1,-1,-1,-1,-1,0,10,-1,1,1,3,-1,-1,-1,0,0,1,0,0,10,0,0,0,32.92
1,0,0,0,-1,0,1,0,0,0,0,0,0,0,0,0,0,0,0,0,0,3,0,-1,150,0,9223372036800000000,2,0,10,0,0,7,0,0,1,0,0,1,1,0,0,60,0,0,0,2,0,1,-1,-1,-1,-1,0,10,-1,1,1,3,-1,-1,-1,0,0,1,0,0,10,0,0,0,33.44
1,0,0,0,-1,0,1,1,0,0,0,0,3,-1,0,0,1,0,2,1,-1,3,0,-1,800,0,9223372036800000000,5,0,10,0,0,7,0,1,1,0,0,1,1,0,1,500,0,0,2,2,0,1,-1,-1,-1,-1,0,10,-1,1,1,3,-1,-1,-1,0,0,1,0,0,10,0,0,0,35.55
1,0,0,0,-1,0,1,0,0,0,0,0,0,0,0,0,0,0,0,0,0,3,0,-1,150,0,9223372036800000000,10,0,10,0,0,7,0,0,1,0,0,1,1,0,0,60,0,0,0,2,0,1,-1,-1,-1,-1,0,10,-1,1,1,3,-1,-1,-1,0,0,1,0,0,10,0,0,0,33.44
1,0,0,0,-1,0,1,5,0,0,0,0,1,2,1,-1,-1,0,2,-1,-1,3,0,-1,200,0,9223372036800000000,1,0,10,0,0,7,0,3,1,0,0,0,1,0,3,0,6,3,0,2,0,1,-1,-1,-1,-1,0,10,-1,1,1,3,-1,-1,-1,0,0,1,0,0,10,0,0,0,42.92
1,0,0,0,-1,0,1,0,0,0,0,0,0,0,0,0,0,0,0,0,0,3,0,16,150,0,9223372036800000000,1e+75,0,10,0,0,7,0,0,1,0,0,1,1,0,0,60,0,0,0,2,0,1,-1,-1,-1,-1,0,10,-1,1,1,3,-1,-1,-1,0,0,1,0,0,10,0,0,0,33.3
1,0,0,0,-1,0,1,2,0,0,0,0,-1,1,-1,2,2,2,2,2,1,3,0,1,10,0,9223372036800000000,2,0,10,0,0,7,0,2,1,0,0,2,1,0,0,40,2,0,-1,2,0,1,-1,-1,-1,-1,0,10,-1,1,1,3,-1,-1,-1,0,0,1,0,0,10,0,0,0,42.92
1,0,0,0,-1,0,1,3,0,0,0,0,-1,-1,-1,0,1,2,-1,2,-1,3,0,-1,800,0,9223372036800000000,20,0,10,0,0,7,0,2,1,0,0,2,1,0,1,0,0,0,3,2,0,1,-1,-1,-1,-1,0,10,-1,1,1,3,-1,-1,-1,0,0,1,0,0,10,0,0,0,42.68
1,0,0,0,-1,0,1,0,0,0,0,0,0,0,0,0,0,0,0,0,2,3,0,-1,150,0,9223372036800000000,1e+75,0,10,0,0,7,0,0,1,0,0,1,1,0,0,60,0,0,0,2,0,1,-1,-1,-1,-1,0,10,-1,1,1,3,-1,-1,-1,0,0,1,0,0,10,0,0,0,33.3
1,0,0,0,-1,0,1,1,0,0,0,0,1,0,0,0,0,2,0,-1,-1,3,0,-1,25,0,9223372036800000000,1e+75,0,10,0,0,7,0,0,1,0,0,1,1,0,0,0,0,0,0,2,0,1,-1,-1,-1,-1,0,10,-1,1,1,3,-1,-1,-1,0,0,1,0,0,10,0,0,0,35.31
1,0,0,0,-1,0,1,0,0,0,0,0,0,0,0,0,0,0,0,0,0,3,0,-1,150,0,9223372036800000000,1e+75,0,10,0,0,7,0,0,1,0,0,0,1,0,0,60,0,0,0,2,0,1,-1,-1,-1,-1,0,10,-1,1,1,3,-1,-1,-1,0,0,1,0,0,10,0,0,0,33.3
1,0,0,0,-1,0,1,0,0,0,0,0,1,0,-1,0,-1,0,2,1,-1,3,0,16,50,0,9223372036800000000,5,0,10,0,0,7,0,0,1,0,0,1,1,0,2,0,0,0,0,2,0,1,-1,-1,-1,-1,0,10,-1,1,1,3,-1,-1,-1,0,0,1,0,0,10,0,0,0,33.03
1,0,0,0,-1,0,1,0,0,0,0,0,1,0,-1,0,-1,0,2,1,-1,3,0,-1,50,0,9223372036800000000,5,0,10,0,0,7,0,1,1,0,0,1,1,0,2,0,0,0,0,2,0,1,-1,-1,-1,-1,0,10,-1,1,1,3,-1,-1,-1,0,0,1,0,0,10,0,0,0,33.03
1,0,0,0,-1,0,1,0,0,0,0,0,1,0,-1,0,-1,0,2,1,-1,3,0,2,50,0,9223372036800000000,5,0,10,0,0,7,0,0,1,0,0,1,1,0,2,0,0,0,0,2,0,1,-1,-1,-1,-1,0,10,-1,1,1,3,-1,-1,-1,0,0,1,0,0,10,0,0,0,33.03
1,0,0,0,-1,0,1,1,0,0,0,0,3,0,-1,1,1,1,2,-1,1,3,0,16,400,0,9223372036800000000,1e+75,0,10,0,0,7,0,2,1,0,0,1,1,0,-1,100,5,0,-1,2,0,1,-1,0,-1,-1,0,10,-1,1,1,3,-1,-1,-1,0,0,1,0,0,10,0,0,0,26.45
1,0,0,0,-1,0,1,3,0,0,0,0,3,1,-1,-1,1,-1,-1,-1,0,3,0,-1,400,0,9223372036800000000,40,0,10,0,0,7,0,3,1,0,0,2,1,0,0,60,0,0,3,2,0,1,-1,-1,-1,-1,0,10,-1,1,1,3,-1,-1,-1,0,0,1,0,0,10,0,0,0,36.3
1,0,0,0,-1,0,1,1,0,0,0,0,2,1,1,-1,2,2,2,2,1,3,0,8,10,0,9223372036800000000,40,0,10,0,0,7,0,1,1,0,0,2,1,0,0,1000,6,2,4,2,0,1,-1,-1,-1,-1,0,10,-1,1,1,3,-1,-1,-1,0,0,1,3,0,10,0,0,0,35.56
1,0,0,0,-1,0,1,2,0,0,0,0,2,2,1,1,1,-1,2,2,1,3,0,-1,25,0,9223372036800000000,20,0,10,0,0,7,0,0,1,0,0,3,1,0,2,0,0,0,-1,2,0,1,-1,-1,-1,-1,0,10,-1,1,1,3,-1,-1,-1,0,0,1,0,0,10,0,0,0,33.13
1,0,0,0,-1,0,1,3,0,0,0,0,3,1,-1,-1,1,-1,-1,-1,0,3,0,-1,400,0,9223372036800000000,40,0,10,0,0,7,0,3,1,0,0,2,1,0,0,60,0,0,2,2,0,1,-1,-1,-1,-1,0,10,-1,1,1,3,-1,-1,-1,0,0,1,0,0,10,0,0,0,36.3
1,0,0,0,-1,0,1,3,0,0,0,0,3,1,-1,-1,1,-1,-1,-1,0,3,0,-1,400,0,9223372036800000000,40,0,10,0,0,7,0,3,1,0,0,2,1,0,0,100,0,0,3,2,0,1,-1,-1,-1,-1,0,10,-1,1,1,3,-1,-1,-1,0,0,1,0,0,10,0,0,0,36.3
1,0,0,0,-1,0,1,3,0,0,0,0,3,1,-1,-1,1,-1,-1,-1,0,3,0,8,400,0,9223372036800000000,40,0,10,0,0,7,0,3,1,0,0,2,1,0,0,60,0,0,3,2,0,1,-1,-1,-1,-1,0,10,-1,1,1,3,-1,-1,-1,0,0,1,0,0,10,0,0,0,36.3
1,0,0,0,-1,0,1,5,0,0,0,0,3,3,0,1,-1,2,1,-1,2,3,0,8,400,0,9223372036800000000,30,0,10,0,0,7,0,2,1,0,0,3,1,0,0,20,5,2,-1,2,0,1,-1,-1,-1,-1,0,10,-1,1,1,3,-1,-1,-1,0,0,1,0,0,10,0,0,0,38.61
1,0,0,0,-1,0,1,5,0,0,0,0,0,2,-1,1,-1,1,1,-1,0,3,0,16,10,0,9223372036800000000,30,0,10,0,0,7,0,1,1,0,0,1,1,0,-1,1000,0,0,1,2,0,1,-1,-1,-1,-1,0,10,-1,1,1,3,-1,-1,-1,0,0,1,0,0,10,0,0,0,38.65
1,0,0,0,-1,0,1,3,0,0,0,0,2,3,1,1,2,0,-1,1,0,3,0,8,10,0,9223372036800000000,60,0,10,0,0,7,0,3,1,0,0,1,1,0,-1,200,2,4,2,2,0,1,-1,-1,3,0,0,10,-1,1,1,3,-1,-1,-1,0,0,0,3,0,10,0,0,0,34.68
1,0,0,0,-1,0,1,4,0,0,0,0,3,0,-1,1,1,1,1,-1,2,3,0,-1,100,0,9223372036800000000,1e+75,0,10,0,0,7,0,0,1,0,0,1,1,0,0,0,0,0,0,2,0,1,-1,-1,-1,-1,0,10,-1,1,1,3,-1,-1,-1,0,0,1,0,0,10,0,0,0,33.37
1,0,0,0,-1,0,1,0,0,0,0,0,2,0,-1,2,2,-1,1,2,0,3,0,-1,200,0,9223372036800000000,1e+75,0,10,0,0,7,0,0,1,0,0,1,1,0,0,0,0,0,0,2,0,1,-1,-1,-1,-1,0,10,-1,1,1,3,-1,-1,-1,0,0,1,0,0,10,0,0,0,33.48
1,0,0,0,-1,0,1,4,0,0,0,0,1,-1,-1,-1,2,2,-1,2,-1,3,0,-1,10,0,9223372036800000000,0,0,10,0,0,7,0,3,1,0,0,0,1,0,-1,0,0,0,0,2,0,1,-1,-1,-1,-1,0,10,-1,1,1,3,-1,-1,-1,0,0,1,0,0,10,0,0,0,33.48
1,0,0,0,-1,0,1,3,0,0,0,0,3,2,-1,-1,1,-1,-1,-1,0,3,0,-1,400,0,9223372036800000000,40,0,10,0,0,7,0,3,1,0,0,2,1,0,0,60,0,0,3,2,0,1,-1,-1,-1,-1,0,10,-1,1,1,3,-1,-1,-1,0,0,1,0,0,10,0,0,0,38.41
1,0,0,0,-1,0,1,4,0,0,0,0,-1,3,0,2,1,2,2,1,2,3,0,-1,400,0,9223372036800000000,60,0,10,0,0,7,0,3,1,0,0,0,1,0,0,0,0,0,-1,2,0,1,-1,-1,-1,-1,0,10,-1,1,1,3,-1,-1,-1,0,0,1,0,0,10,0,0,0,42.71
1,0,0,0,-1,0,1,4,0,0,0,0,-1,-1,-1,-1,1,-1,0,-1,0,3,0,16,800,0,9223372036800000000,40,0,10,0,0,7,0,3,1,0,0,0,1,0,1,-1,0,0,4,2,0,1,-1,-1,-1,-1,0,10,-1,1,1,3,-1,-1,-1,0,0,1,0,0,10,0,0,0,42.4
1,0,0,0,-1,0,1,4,0,0,0,0,-1,1,-1,-1,1,-1,0,-1,0,3,0,16,800,0,9223372036800000000,40,0,10,0,0,7,0,3,1,0,0,0,1,0,1,-1,0,0,4,2,0,1,-1,-1,-1,-1,0,10,-1,1,1,3,-1,-1,-1,0,0,1,0,0,10,0,0,0,42.4
1,0,0,0,-1,0,1,0,0,0,0,0,-1,0,-1,1,-1,-1,2,1,0,3,0,-1,400,0,9223372036800000000,60,0,10,0,0,7,0,2,1,0,0,1,1,0,-1,0,0,0,0,2,0,1,-1,-1,-1,-1,0,10,-1,1,1,3,-1,-1,-1,0,0,1,0,0,10,0,0,0,42.6
1,0,0,0,-1,0,1,4,0,0,0,0,-1,-1,-1,-1,1,-1,0,-1,0,3,0,16,800,0,9223372036800000000,40,0,10,0,0,7,0,3,1,0,0,0,1,0,1,-1,0,0,2,2,0,1,-1,-1,-1,-1,0,10,-1,1,1,3,-1,-1,-1,0,0,1,0,0,10,0,0,0,42.43
1,0,0,0,-1,0,1,4,0,0,0,0,-1,-1,-1,-1,1,-1,0,-1,0,3,0,16,800,0,9223372036800000000,1e+75,0,10,0,0,7,0,3,1,0,0,0,1,0,1,-1,0,0,4,2,0,1,-1,-1,-1,-1,0,10,-1,1,1,3,-1,-1,-1,0,0,1,0,0,10,0,0,0,42.4
1,0,0,0,-1,0,1,4,0,0,0,0,-1,-1,-1,-1,1,-1,0,-1,0,3,0,-1,800,0,9223372036800000000,40,0,10,0,0,7,0,3,1,0,0,0,1,0,1,-1,0,0,4,2,0,1,-1,-1,-1,-1,0,10,-1,1,1,3,-1,-1,-1,0,0,1,0,0,10,0,0,0,42.4
1,0,0,0,-1,0,1,3,1,0,1,0,0,2,-1,0,-1,1,-1,2,-1,3,0,1,50,0,9223372036800000000,50,0,10,0,0,7,0,0,1,0,0,3,1,0,3,1000,0,0,2,2,0,1,-1,-1,-1,-1,0,10,-1,1,1,3,-1,-1,-1,0,0,1,3,0,10,0,0,0,30.05
1,0,0,0,-1,0,1,0,0,0,0,0,1,0,-1,-1,0,2,2,0,2,3,0,-1,800,0,9223372036800000000,1e+75,0,10,0,0,7,0,0,1,0,0,1,1,0,0,0,0,0,0,2,0,1,-1,-1,-1,-1,0,10,-1,1,1,3,-1,-1,-1,0,0,1,0,0,10,0,0,0,33.83
1,0,0,0,-1,0,1,4,0,0,0,0,-1,-1,-1,-1,1,-1,0,-1,0,3,0,16,800,0,9223372036800000000,40,0,10,0,0,7,0,0,1,0,0,0,1,0,1,-1,0,0,4,2,0,1,-1,-1,-1,-1,0,10,-1,1,1,3,-1,-1,-1,0,0,1,0,0,10,0,0,0,42.4
1,0,0,0,-1,0,1,4,0,0,0,0,-1,1,-1,0,0,2,1,0,0,3,0,-1,800,0,9223372036800000000,30,0,10,0,0,7,0,0,1,0,0,3,1,0,-1,100,0,0,-1,2,0,1,-1,-1,-1,-1,0,10,-1,1,1,3,-1,-1,-1,0,0,1,0,0,10,0,0,0,42.71
1,0,0,0,-1,0,1,4,0,0,0,0,3,3,-1,0,2,1,-1,-1,2,3,0,8,10,0,9223372036800000000,60,0,10,0,0,7,0,0,1,0,0,0,1,0,3,500,0,0,-1,2,0,1,-1,-1,-1,-1,0,10,-1,1,1,3,-1,-1,-1,0,0,1,0,0,10,0,0,0,33.25
1,0,0,0,-1,0,1,5,0,0,4,0,2,3,-1,0,-1,2,0,2,0,3,0,-1,50,0,9223372036800000000,20,0,10,0,0,7,0,0,1,0,0,2,1,0,2,1000,2,1,1,2,0,1,-1,-1,2,1,0,10,-1,1,1,3,-1,-1,-1,0,0,1,0,0,10,0,0,0,42.8
1,0,0,0,-1,0,1,0,0,0,0,0,0,0,0,-1,0,0,0,0,0,3,0,-1,50,0,9223372036800000000,240,0,10,0,0,7,0,0,1,0,0,1,1,0,2,60,0,0,0,2,0,1,-1,-1,-1,-1,0,10,-1,1,1,3,-1,-1,-1,0,0,1,0,0,10,0,0,0,32.88
1,0,0,0,-1,0,1,4,0,0,0,0,3,3,-1,0,2,1,-1,-1,2,3,0,1,10,0,9223372036800000000,60,0,10,0,0,7,0,0,1,0,0,0,1,0,3,500,0,0,-1,2,0,1,-1,-1,-1,-1,0,10,-1,1,1,3,-1,-1,-1,0,0,1,0,0,10,0,0,0,42.92
1,0,0,0,-1,0,1,3,1,0,3,0,3,-1,-1,2,0,2,2,0,2,3,0,1,10,0,9223372036800000000,2,0,10,0,0,7,0,2,1,0,0,1,1,0,-1,1000,1,2,-1,2,0,1,-1,-1,3,-1,0,10,-1,1,1,3,-1,-1,-1,0,0,1,5,0,10,0,0,0,29.97
1,0,0,0,-1,0,1,3,0,0,0,0,2,2,-1,2,2,1,0,0,-1,3,0,-1,100,0,9223372036800000000,5,0,10,0,0,7,0,1,1,0,0,1,1,0,1,0,0,0,0,2,0,1,-1,-1,-1,-1,0,10,-1,1,1,3,-1,-1,-1,0,0,1,0,0,10,0,0,0,35.56
1,0,0,0,-1,0,1,4,0,0,0,0,-1,1,0,-1,-1,1,1,2,-1,3,0,8,800,0,9223372036800000000,10,0,10,0,0,7,0,0,1,0,0,0,1,0,0,40,0,0,1,2,0,1,-1,-1,-1,-1,0,10,-1,1,1,3,-1,-1,-1,0,0,1,0,0,10,0,0,0,42.39
1,0,0,0,-1,0,1,4,0,0,0,0,3,3,-1,0,2,1,-1,-1,2,3,0,8,10,0,9223372036800000000,60,0,10,0,0,7,0,0,1,0,0,1,1,0,3,500,0,0,-1,2,0,1,-1,-1,-1,-1,0,10,-1,1,1,3,-1,-1,-1,0,0,1,0,0,10,0,0,0,33.25
1,0,0,0,-1,0,1,5,0,0,0,0,1,3,1,-1,0,-1,-1,0,-1,3,0,16,400,0,9223372036800000000,50,0,10,0,0,7,0,3,1,0,0,3,1,0,1,60,5,1,2,2,0,1,-1,-1,-1,-1,0,10,-1,1,1,3,-1,-1,-1,0,0,1,5,0,10,0,0,0,42.64
1,0,0,0,-1,0,1,0,0,0,0,0,-1,0,-1,2,-1,0,2,2,1,3,0,-1,100,0,9223372036800000000,1e+75,0,10,0,0,7,0,0,1,0,0,1,1,0,0,0,0,0,0,2,0,1,-1,-1,-1,-1,0,10,-1,1,1,3,-1,-1,-1,0,0,1,0,0,10,0,0,0,42.66
1,0,0,0,-1,0,1,3,0,0,0,0,1,0,0,0,0,0,1,0,1,3,0,4,50,0,9223372036800000000,240,0,10,0,0,7,0,3,1,0,0,0,1,0,-1,100,3,5,2,2,0,1,-1,-1,-1,-1,0,10,-1,1,1,3,-1,-1,-1,0,0,1,2,0,10,0,0,0,26.27
1,0,0,0,-1,0,1,5,0,0,0,0,0,-1,-1,-1,-1,2,1,1,1,3,0,-1,50,0,9223372036800000000,240,0,10,0,0,7,0,1,1,0,0,0,1,0,-1,1000,0,0,-1,2,0,1,-1,-1,-1,-1,0,10,-1,1,1,3,-1,-1,-1,0,0,1,0,0,10,0,0,0,38.65
1,0,0,0,-1,0,1,4,0,0,0,0,-1,1,-1,0,0,2,1,0,0,3,0,-1,10,0,9223372036800000000,50,0,10,0,0,7,0,0,1,0,0,3,1,0,-1,100,0,0,-1,2,0,1,-1,-1,-1,-1,0,10,-1,1,1,3,-1,-1,-1,0,0,1,0,0,10,0,0,0,42.64
1,0,0,0,-1,0,1,5,0,0,0,0,-1,0,-1,1,2,-1,0,1,-1,3,0,-1,150,0,9223372036800000000,1e+75,0,10,0,0,7,0,0,1,0,0,2,1,0,1,-1,0,0,0,2,0,1,-1,-1,-1,-1,0,10,-1,1,1,3,-1,-1,-1,0,0,1,0,0,10,0,0,0,42.79
1,0,0,0,-1,0,1,3,0,0,0,0,3,-1,1,1,1,2,-1,2,0,3,0,8,100,0,9223372036800000000,1e+75,0,10,0,0,7,0,3,1,0,0,1,1,0,3,40,0,0,0,2,0,1,-1,-1,-1,-1,0,10,-1,1,1,3,-1,-1,-1,0,0,1,0,0,10,0,0,0,34.02
1,0,0,0,-1,0,1,2,0,0,0,0,1,-1,1,0,-1,-1,2,2,0,3,0,-1,400,0,9223372036800000000,40,0,10,0,0,7,0,3,1,0,0,0,1,0,2,0,0,0,0,2,0,1,-1,-1,-1,-1,0,10,-1,1,1,3,-1,-1,-1,0,0,1,0,0,10,0,0,0,33.13
1,0,0,0,-1,0,1,3,0,0,0,0,3,-1,1,1,1,2,-1,2,0,3,0,8,100,0,9223372036800000000,0,0,10,0,0,7,0,3,1,0,0,1,1,0,3,40,0,0,0,2,0,1,-1,-1,-1,-1,0,10,-1,1,1,3,-1,-1,-1,0,0,1,0,0,10,0,0,0,33.75
1,0,0,0,-1,0,1,0,0,0,0,0,0,0,0,0,0,0,0,0,0,3,0,1,150,0,9223372036800000000,1,0,10,0,0,7,0,0,1,0,0,1,1,0,2,-1,0,0,0,2,0,1,-1,-1,-1,-1,0,10,-1,1,1,3,-1,-1,-1,0,0,1,0,0,10,0,0,0,42.56
1,0,0,0,-1,0,1,3,0,0,0,0,3,-1,1,1,1,2,-1,2,0,3,0,8,100,0,9223372036800000000,0,0,10,0,0,7,0,3,1,0,0,1,1,0,3,500,0,0,0,2,0,1,-1,-1,-1,-1,0,10,-1,1,1,3,-1,-1,-1,0,0,1,0,0,10,0,0,0,33.75
1,0,0,0,-1,0,1,3,0,0,0,0,3,-1,1,1,1,2,-1,1,0,3,0,8,100,0,9223372036800000000,0,0,10,0,0,7,0,3,1,0,0,1,1,0,3,40,0,0,0,2,0,1,-1,-1,-1,-1,0,10,-1,1,1,3,-1,-1,-1,0,0,1,0,0,10,0,0,0,33.75
1,0,0,0,-1,0,1,4,0,0,0,0,3,0,-1,2,-1,-1,2,1,1,3,0,8,25,0,9223372036800000000,120,0,10,0,0,7,0,2,1,0,0,1,1,0,3,0,2,3,0,2,0,1,-1,-1,-1,-1,0,10,-1,1,1,3,-1,-1,-1,0,0,1,1,0,10,0,0,0,42.92
1,0,0,0,-1,0,1,3,0,0,0,0,3,-1,1,1,1,2,-1,2,-1,3,0,8,100,0,9223372036800000000,0,0,10,0,0,7,0,3,1,0,0,1,1,0,3,40,0,0,0,2,0,1,-1,-1,-1,-1,0,10,-1,1,1,3,-1,-1,-1,0,0,1,0,0,10,0,0,0,33.75
1,0,0,0,-1,0,1,3,1,0,0,0,3,-1,-1,2,0,2,2,0,2,3,0,1,10,0,9223372036800000000,2,0,10,0,0,7,0,3,1,0,0,1,1,0,-1,20,1,2,-1,2,0,1,-1,-1,3,-1,0,10,-1,1,1,3,-1,-1,-1,0,0,1,5,0,10,0,0,0,29.99
1,0,0,0,-1,0,1,3,0,0,0,0,3,-1,1,1,1,2,-1,2,0,3,0,8,400,0,9223372036800000000,0,0,10,0,0,7,0,3,1,0,0,1,1,0,3,40,0,0,0,2,0,1,-1,-1,-1,-1,0,10,-1,1,1,3,-1,-1,-1,0,0,1,0,0,10,0,0,0,34.02
1,0,0,0,-1,0,1,3,1,0,5,0,-1,-1,-1,-1,2,1,-1,-1,0,3,0,1,800,0,9223372036800000000,50,0,10,0,0,7,0,3,1,0,0,0,1,0,1,20,1,2,3,2,0,1,-1,-1,-1,2,0,10,-1,1,1,3,-1,-1,-1,0,0,1,5,0,10,0,0,0,30.05
1,0,0,0,-1,0,1,0,0,0,0,0,0,0,0,-1,0,0,0,0,0,3,0,-1,150,0,9223372036800000000,1e+75,0,10,0,0,7,0,0,1,0,0,1,1,0,0,0,0,0,0,2,0,1,-1,-1,-1,-1,0,10,-1,1,1,3,-1,-1,-1,0,0,1,0,0,10,0,0,0,33.37
1,0,0,0,-1,0,1,3,0,0,0,0,3,-1,1,1,1,2,-1,2,1,3,0,8,100,0,9223372036800000000,0,0,10,0,0,7,0,3,1,0,0,1,1,0,3,40,0,0,0,2,0,1,-1,-1,-1,-1,0,10,-1,1,1,3,-1,-1,-1,0,0,1,0,0,10,0,0,0,33.75
1,0,0,0,-1,0,1,1,0,0,0,0,-1,2,-1,0,2,1,2,-1,1,3,0,8,150,0,9223372036800000000,20,0,10,0,0,7,0,1,1,0,0,3,1,0,2,-1,0,0,2,2,0,1,-1,-1,-1,-1,0,10,-1,1,1,3,-1,-1,-1,0,0,1,0,0,10,0,0,0,41.82
1,0,0,0,-1,0,1,0,1,0,5,0,2,1,0,1,-1,0,2,2,0,3,0,16,50,0,9223372036800000000,0,0,10,0,0,7,0,0,1,0,0,3,1,0,1,1000,2,5,3,2,0,1,-1,-1,-1,2,0,10,-1,1,1,3,-1,-1,-1,0,0,1,2,0,10,0,0,0,32.44
1,0,0,0,-1,0,1,4,0,0,0,0,0,1,1,0,1,1,0,1,-1,3,0,2,10,0,9223372036800000000,120,0,10,0,0,7,0,1,1,0,0,2,1,0,2,20,0,0,3,2,0,1,-1,-1,-1,-1,0,10,-1,1,1,3,-1,-1,-1,0,0,1,0,0,10,0,0,0,32.88
1,0,0,0,-1,0,1,1,0,0,0,0,-1,2,-1,-1,2,1,2,-1,1,3,0,8,150,0,9223372036800000000,20,0,10,0,0,7,0,1,1,0,0,3,1,0,2,-1,0,0,2,2,0,1,-1,-1,-1,-1,0,10,-1,1,1,3,-1,-1,-1,0,0,1,0,0,10,0,0,0,41.82
1,0,0,0,-1,0,1,5,0,0,0,0,3,0,1,2,1,2,2,2,0,3,0,-1,150,0,9223372036800000000,1e+75,0,10,0,0,7,0,0,1,0,0,1,1,0,3,0,0,0,0,2,0,1,-1,-1,-1,-1,0,10,-1,1,1,3,-1,-1,-1,0,0,1,0,0,10,0,0,0,42.79
1,0,0,0,-1,0,1,1,0,0,0,0,-1,2,-1,0,2,1,2,-1,1,3,0,8,150,0,9223372036800000000,30,0,10,0,0,7,0,1,1,0,0,3,1,0,2,-1,0,0,2,2,0,1,-1,-1,-1,-1,0,10,-1,1,1,3,-1,-1,-1,0,0,1,0,0,10,0,0,0,41.82
1,0,0,0,-1,0,1,0,1,0,5,0,2,1,0,1,-1,0,2,2,2,3,0,1,50,0,9223372036800000000,0,0,10,0,0,7,0,1,1,0,0,3,1,0,1,1000,2,4,3,2,0,1,-1,-1,-1,2,0,10,-1,1,1,3,-1,-1,-1,0,0,1,2,0,10,0,0,0,29.37
1,0,0,0,-1,0,1,3,0,0,0,0,-1,2,-1,0,2,1,2,-1,1,3,0,8,150,0,9223372036800000000,20,0,10,0,0,7,0,1,1,0,0,3,1,0,2,-1,0,0,2,2,0,1,-1,-1,-1,-1,0,10,-1,1,1,3,-1,-1,-1,0,0,1,0,0,10,0,0,0,41.93
1,0,0,0,-1,0,1,3,0,0,0,0,-1,0,-1,1,1,-1,-1,1,-1,3,0,4,100,0,9223372036800000000,50,0,10,0,0,7,0,0,1,0,0,2,1,0,3,0,1,0,0,2,0,1,-1,-1,-1,-1,0,10,-1,1,1,3,-1,-1,-1,0,0,1,0,0,10,0,0,0,42.66
1,0,0,0,-1,0,1,4,0,0,0,0,0,1,1,0,1,1,0,2,-1,3,0,2,200,0,9223372036800000000,120,0,10,0,0,7,0,1,1,0,0,2,1,0,3,20,0,0,3,2,0,1,-1,-1,-1,-1,0,10,-1,1,1,3,-1,-1,-1,0,0,1,0,0,10,0,0,0,33.44
1,0,0,0,-1,0,1,4,0,0,0,0,0,1,0,0,1,2,2,1,2,3,0,1,10,0,9223372036800000000,50,0,10,0,0,7,0,3,1,0,0,1,1,0,0,100,6,0,3,2,0,1,-1,-1,-1,-1,0,10,-1,1,1,3,-1,-1,-1,0,0,1,0,0,10,0,0,0,42.13
1,0,0,0,-1,0,1,3,0,0,0,0,-1,0,-1,-1,1,-1,1,1,-1,3,0,4,100,0,9223372036800000000,50,0,10,0,0,7,0,0,1,0,0,2,1,0,3,0,1,0,0,2,0,1,-1,-1,-1,-1,0,10,-1,1,1,3,-1,-1,-1,0,0,1,0,0,10,0,0,0,42.66
1,0,0,0,-1,0,1,1,0,0,0,0,0,0,0,0,0,0,0,0,0,3,0,-1,200,0,9223372036800000000,1e+75,0,10,0,0,7,0,0,1,0,0,1,1,0,0,0,0,0,0,2,0,1,-1,-1,-1,-1,0,10,-1,1,1,3,-1,-1,-1,0,0,1,0,0,10,0,0,0,35.31
1,0,0,0,-1,0,1,0,0,0,0,0,0,3,1,1,2,-1,-1,0,2,3,0,1,25,0,9223372036800000000,50,0,10,0,0,7,0,2,1,0,0,3,1,0,3,500,5,4,-1,2,0,1,-1,-1,-1,-1,0,10,-1,1,1,3,-1,-1,-1,0,0,1,0,0,10,0,0,0,42.92
1,0,0,0,-1,0,1,3,0,0,0,0,1,0,0,0,0,0,1,0,1,3,0,4,50,0,9223372036800000000,0,0,10,0,0,7,0,3,1,0,0,0,1,0,-1,0,3,5,2,2,0,1,-1,-1,-1,-1,0,10,-1,1,1,3,-1,-1,-1,0,0,1,2,0,10,0,0,0,26.05
1,0,0,0,-1,0,1,4,0,0,0,0,0,1,1,0,1,1,0,0,-1,3,0,2,10,0,9223372036800000000,120,0,10,0,0,7,0,1,1,0,0,2,1,0,3,20,0,0,3,2,0,1,-1,-1,-1,-1,0,10,-1,1,1,3,-1,-1,-1,0,0,1,0,0,10,0,0,0,33.25
1,0,0,0,-1,0,1,4,0,0,0,0,-1,3,0,2,1,2,2,1,2,3,0,-1,400,0,9223372036800000000,240,0,10,0,0,7,0,3,1,0,0,0,1,0,0,0,0,0,-1,2,0,1,-1,-1,-1,-1,0,10,-1,1,1,3,-1,-1,-1,0,0,1,0,0,10,0,0,0,42.71
1,0,0,0,-1,0,1,4,0,0,0,0,0,1,1,0,1,1,0,2,-1,3,0,2,10,0,9223372036800000000,20,0,10,0,0,7,0,1,1,0,0,2,1,0,3,20,0,0,3,2,0,1,-1,-1,-1,-1,0,10,-1,1,1,3,-1,-1,-1,0,0,1,0,0,10,0,0,0,33.25
1,0,0,0,-1,0,1,2,0,0,0,0,2,2,1,1,1,-1,2,2,1,3,0,-1,25,0,9223372036800000000,20,0,10,0,0,7,0,0,1,0,0,3,1,0,2,-1,0,0,-1,2,0,1,-1,-1,-1,-1,0,10,-1,1,1,3,-1,-1,-1,0,0,1,0,0,10,0,0,0,33.03
1,0,0,0,-1,0,1,4,0,0,0,0,0,1,1,0,1,1,0,2,-1,3,0,2,10,0,9223372036800000000,120,0,10,0,0,7,0,2,1,0,0,2,1,0,3,20,0,0,3,2,0,1,-1,-1,-1,-1,0,10,-1,1,1,3,-1,-1,-1,0,0,1,0,0,10,0,0,0,33.25
1,0,0,0,-1,0,1,1,0,0,5,0,3,3,0,-1,-1,1,-1,1,1,3,0,16,25,0,9223372036800000000,5,0,10,0,0,7,0,2,1,0,0,2,1,0,1,0,5,2,2,2,0,1,-1,-1,3,2,0,10,-1,1,1,3,-1,-1,-1,0,0,-1,0,0,10,0,0,0,35.31
1,0,0,0,-1,0,1,4,0,0,0,0,0,1,1,0,1,1,0,2,-1,3,0,2,10,0,9223372036800000000,120,0,10,0,0,7,0,1,1,0,0,2,1,0,2,20,0,0,3,2,0,1,-1,-1,-1,-1,0,10,-1,1,1,3,-1,-1,-1,0,0,1,0,0,10,0,0,0,32.88
1,0,0,0,-1,0,1,4,0,0,0,0,0,1,1,0,1,1,0,2,-1,3,0,2,10,0,9223372036800000000,120,0,10,0,0,7,0,1,1,0,0,3,1,0,2,20,0,0,3,2,0,1,-1,-1,-1,-1,0,10,-1,1,1,3,-1,-1,-1,0,0,1,0,0,10,0,0,0,32.88
1,0,0,0,-1,0,1,2,0,0,0,0,3,0,0,-1,1,2,0,1,0,3,0,-1,50,0,9223372036800000000,1e+75,0,10,0,0,7,0,0,1,0,0,1,1,0,0,0,0,0,0,2,0,1,-1,-1,-1,-1,0,10,-1,1,1,3,-1,-1,-1,0,0,1,0,0,10,0,0,0,33.48
1,0,0,0,-1,0,1,2,0,0,0,0,3,0,1,-1,1,2,0,1,-1,3,0,-1,50,0,9223372036800000000,1e+75,0,10,0,0,7,0,0,1,0,0,1,1,0,0,0,0,0,0,2,0,1,-1,-1,-1,-1,0,10,-1,1,1,3,-1,-1,-1,0,0,1,0,0,10,0,0,0,33.48
1,0,0,0,-1,0,1,2,0,0,0,0,-1,-1,0,1,0,-1,0,-1,1,3,0,16,150,0,9223372036800000000,50,0,10,0,0,7,0,2,1,0,0,3,1,0,2,0,0,0,-1,2,0,1,-1,-1,-1,-1,0,10,-1,1,1,3,-1,-1,-1,0,0,1,0,0,10,0,0,0,42.85
1,0,0,0,-1,0,1,3,0,0,0,0,1,0,-1,-1,0,2,-1,2,-1,3,0,-1,25,0,9223372036800000000,1e+75,0,10,0,0,7,0,0,1,0,0,1,1,0,0,0,0,0,0,2,0,1,-1,-1,-1,-1,0,10,-1,1,1,3,-1,-1,-1,0,0,1,0,0,10,0,0,0,33.75
1,0,0,0,-1,0,1,0,0,0,0,0,-1,-1,1,2,0,-1,2,-1,1,3,0,-1,10,0,9223372036800000000,0,0,10,0,0,7,0,3,1,0,0,2,1,0,-1,0,0,0,2,2,0,1,-1,-1,-1,-1,0,10,-1,1,1,3,-1,-1,-1,0,0,1,0,0,10,0,0,0,33.38
1,0,0,0,-1,0,1,3,0,0,0,0,-1,0,1,-1,0,1,2,2,2,3,0,-1,50,0,9223372036800000000,1e+75,0,10,0,0,7,0,0,1,0,0,1,1,0,0,0,0,0,0,2,0,1,-1,-1,-1,-1,0,10,-1,1,1,3,-1,-1,-1,0,0,1,0,0,10,0,0,0,42.68
1,0,0,0,-1,0,1,2,0,0,0,0,-1,-1,0,1,0,-1,0,-1,1,3,0,-1,150,0,9223372036800000000,50,0,10,0,0,7,0,2,1,0,0,3,1,0,2,0,0,0,-1,2,0,1,-1,-1,-1,-1,0,10,-1,1,1,3,-1,-1,-1,0,0,1,0,0,10,0,0,0,42.85
1,0,0,0,-1,0,1,2,0,0,0,0,-1,-1,0,1,1,-1,0,-1,1,3,0,16,150,0,9223372036800000000,50,0,10,0,0,7,0,2,1,0,0,3,1,0,2,0,0,0,-1,2,0,1,-1,-1,-1,-1,0,10,-1,1,1,3,-1,-1,-1,0,0,1,0,0,10,0,0,0,42.85
1,0,0,0,-1,0,1,4,1,0,3,0,0,-1,0,2,2,2,0,1,-1,3,0,8,10,0,9223372036800000000,20,0,10,0,0,7,0,0,1,0,0,0,1,0,2,40,1,0,4,2,0,1,-1,-1,2,-1,0,10,-1,1,1,3,-1,-1,-1,0,0,0,4,0,10,0,0,0,32.17
1,0,0,0,-1,0,1,0,0,0,0,0,-1,0,0,0,0,0,0,0,0,3,0,-1,150,0,9223372036800000000,1e+75,0,10,0,0,7,0,0,1,0,0,1,1,0,0,0,0,0,0,2,0,1,-1,-1,-1,-1,0,10,-1,1,1,3,-1,-1,-1,0,0,1,0,0,10,0,0,0,42.66
1,0,0,0,-1,0,1,5,0,0,0,0,0,2,-1,1,-1,1,1,-1,0,3,0,16,10,0,9223372036800000000,1e+75,0,10,0,0,7,0,1,1,0,0,1,1,0,2,1000,0,0,1,2,0,1,-1,-1,-1,-1,0,10,-1,1,1,3,-1,-1,-1,0,0,1,0,0,10,0,0,0,42.8
1,0,0,0,-1,0,1,2,0,0,0,0,-1,-1,0,1,0,-1,0,-1,1,3,0,16,150,0,9223372036800000000,30,0,10,0,0,7,0,2,1,0,0,3,1,0,2,0,0,0,-1,2,0,1,-1,-1,-1,-1,0,10,-1,1,1,3,-1,-1,-1,0,0,1,0,0,10,0,0,0,42.85
1,0,0,0,-1,0,1,5,0,0,0,0,-1,0,-1,1,-1,-1,2,1,0,3,0,-1,400,0,9223372036800000000,60,0,10,0,0,7,0,2,1,0,0,1,1,0,0,0,0,0,0,2,0,1,-1,-1,-1,-1,0,10,-1,1,1,3,-1,-1,-1,0,0,1,0,0,10,0,0,0,42.79
1,0,0,0,-1,0,1,2,0,0,0,0,-1,-1,0,1,0,-1,0,-1,1,3,0,16,150,0,9223372036800000000,50,0,10,0,0,7,0,2,1,0,0,3,1,0,2,40,0,0,-1,2,0,1,-1,-1,-1,-1,0,10,-1,1,1,3,-1,-1,-1,0,0,1,0,0,10,0,0,0,42.85
1,0,0,0,-1,0,1,5,0,0,4,0,2,3,-1,0,-1,2,0,2,0,3,0,-1,50,0,9223372036800000000,20,0,10,0,0,7,0,0,1,0,0,2,1,0,2,100,2,1,0,2,0,1,-1,-1,2,1,0,10,-1,1,1,3,-1,-1,-1,0,0,1,0,0,10,0,0,0,42.79
1,0,0,0,-1,0,1,3,0,0,0,0,1,0,0,0,0,0,1,0,1,3,0,4,50,0,9223372036800000000,0,0,10,0,0,7,0,3,1,0,0,0,1,0,-1,100,3,5,2,2,0,1,-1,-1,-1,-1,0,10,-1,1,1,3,-1,-1,-1,0,0,1,0,0,10,0,0,0,26.05
1,0,0,0,-1,0,1,5,0,0,0,0,0,-1,-1,-1,-1,2,1,1,1,3,0,1,50,0,9223372036800000000,240,0,10,0,0,7,0,0,1,0,0,0,1,0,-1,200,0,0,-1,2,0,1,-1,-1,-1,-1,0,10,-1,1,1,3,-1,-1,-1,0,0,1,0,0,10,0,0,0,42.92
1,0,0,0,-1,0,1,4,0,0,0,0,0,0,0,2,2,0,2,0,2,3,0,-1,800,0,9223372036800000000,1e+75,0,10,0,0,7,0,0,1,0,0,1,1,0,0,0,0,0,0,2,0,1,-1,-1,-1,-1,0,10,-1,1,1,3,-1,-1,-1,0,0,1,0,0,10,0,0,0,33.48
1,0,0,0,-1,0,1,0,0,0,0,0,0,0,0,0,0,0,0,0,0,3,0,-1,150,0,9223372036800000000,1,0,10,0,0,7,0,0,1,0,0,1,1,0,2,-1,0,0,0,2,0,1,-1,-1,-1,-1,0,10,-1,1,1,3,-1,-1,0,0,0,1,0,0,10,0,0,0,32.92
1,0,0,0,-1,0,1,5,0,0,0,0,3,3,0,1,-1,2,1,-1,2,3,0,16,400,0,9223372036800000000,30,0,10,0,0,7,0,2,1,0,0,2,1,0,0,20,5,2,-1,2,0,1,-1,-1,-1,-1,0,10,-1,1,1,3,-1,-1,-1,0,0,1,0,0,10,0,0,0,38.61
1,0,0,0,-1,0,1,1,0,0,3,0,3,3,0,-1,-1,1,-1,1,1,3,0,16,50,0,9223372036800000000,5,0,10,0,0,7,0,2,1,0,0,2,1,0,1,0,6,2,2,2,0,1,-1,-1,3,2,0,10,-1,1,1,3,-1,-1,-1,0,0,-1,4,0,10,0,0,0,35.56
1,0,0,0,-1,0,1,0,0,0,0,0,3,-1,0,0,1,0,2,1,-1,3,0,-1,800,0,9223372036800000000,5,0,10,0,0,7,0,1,1,0,0,1,1,0,1,20,0,0,2,2,0,1,-1,-1,-1,-1,0,10,-1,1,1,3,-1,-1,-1,0,0,1,0,0,10,0,0,0,33.48
1,0,0,0,-1,0,1,5,0,0,0,0,0,-1,-1,-1,-1,2,1,1,1,3,0,-1,50,0,9223372036800000000,240,0,10,0,0,7,0,1,1,0,0,0,1,0,-1,200,0,0,-1,2,0,1,-1,-1,-1,-1,0,10,-1,1,1,3,-1,-1,-1,0,0,1,0,0,10,0,0,0,38.65
1,0,0,0,-1,0,1,5,0,0,0,0,0,-1,-1,-1,-1,2,1,1,1,3,0,-1,50,0,9223372036800000000,240,0,10,0,0,7,0,1,1,0,0,0,1,0,-1,20,0,0,-1,2,0,1,-1,-1,-1,-1,0,10,-1,1,1,3,-1,-1,-1,0,0,1,0,0,10,0,0,0,38.65
1,0,0,0,-1,0,1,2,0,0,5,0,2,1,0,-1,-1,2,2,2,2,3,0,4,50,0,9223372036800000000,60,0,10,0,0,7,0,3,1,0,0,1,1,0,3,100,5,0,1,2,0,1,-1,-1,2,3,0,10,-1,1,1,3,-1,-1,-1,0,0,-1,5,0,10,0,0,0,33.85
1,0,0,0,-1,0,1,1,0,0,0,0,2,1,1,0,2,2,2,2,1,3,0,8,10,0,9223372036800000000,240,0,10,0,0,7,0,1,1,0,0,2,1,0,0,1000,6,2,4,2,0,1,-1,-1,-1,-1,0,10,-1,1,1,3,-1,-1,-1,0,0,1,3,0,10,0,0,0,35.56
1,0,0,0,-1,0,1,5,0,0,0,0,0,-1,-1,-1,-1,2,1,1,1,3,0,-1,50,0,9223372036800000000,30,0,10,0,0,7,0,1,1,0,0,0,1,0,-1,200,0,0,-1,2,0,1,-1,-1,-1,-1,0,10,-1,1,1,3,-1,-1,-1,0,0,1,0,0,10,0,0,0,38.65
1,0,0,0,-1,0,1,5,0,0,0,0,0,-1,-1,2,-1,2,1,1,1,3,0,-1,50,0,9223372036800000000,240,0,10,0,0,7,0,1,1,0,0,0,1,0,-1,200,0,0,-1,2,0,1,-1,-1,-1,-1,0,10,-1,1,1,3,-1,-1,-1,0,0,1,0,0,10,0,0,0,38.65
1,0,0,0,-1,0,1,0,0,0,0,0,-1,1,0,-1,-1,2,-1,1,0,3,0,-1,50,0,9223372036800000000,1,0,10,0,0,7,0,1,1,0,0,0,1,0,2,-1,0,0,4,2,0,1,-1,-1,-1,-1,0,10,-1,1,1,3,-1,-1,-1,0,0,1,0,0,10,0,0,0,42.29
1,0,0,0,-1,0,1,0,0,0,0,0,0,-1,-1,2,1,2,0,2,-1,3,0,16,150,0,9223372036800000000,20,0,10,0,0,7,0,2,1,0,0,0,1,0,-1,-1,1,0,-1,2,0,1,-1,-1,-1,-1,0,10,-1,1,1,3,-1,-1,-1,0,0,1,0,0,10,0,0,0,33.51
1,0,0,0,-1,0,1,0,0,0,0,0,-1,1,0,-1,-1,2,-1,1,0,3,0,-1,10,0,9223372036800000000,1,0,10,0,0,7,0,1,1,0,0,0,1,0,2,-1,0,0,4,2,0,1,-1,-1,-1,-1,0,10,-1,1,1,3,-1,-1,-1,0,0,1,0,0,10,0,0,0,42.49
1,0,0,0,-1,0,1,0,0,0,0,0,-1,-1,-1,0,1,2,-1,2,-1,3,0,-1,400,0,9223372036800000000,50,0,10,0,0,7,0,2,1,0,0,2,1,0,1,0,0,0,3,2,0,1,-1,-1,-1,-1,0,10,-1,1,1,3,-1,-1,-1,0,0,1,0,0,10,0,0,0,42.68
1,0,0,0,-1,0,1,0,0,0,0,0,-1,1,0,-1,-1,2,-1,1,0,3,0,-1,50,0,9223372036800000000,5,0,10,0,0,7,0,1,1,0,0,0,1,0,2,-1,0,0,4,2,0,1,-1,-1,-1,-1,0,10,-1,1,1,3,-1,-1,-1,0,0,1,0,0,10,0,0,0,42.29
1,0,0,0,-1,0,1,0,0,0,0,0,-1,1,0,-1,-1,2,-1,1,0,3,0,-1,50,0,9223372036800000000,1,0,10,0,0,7,0,1,1,0,0,0,1,0,2,60,0,0,4,2,0,1,-1,-1,-1,-1,0,10,-1,1,1,3,-1,-1,-1,0,0,1,0,0,10,0,0,0,42.71
1,0,0,0,-1,0,1,1,0,0,0,0,3,0,-1,1,1,1,2,-1,1,3,0,16,400,0,9223372036800000000,1e+75,0,10,0,0,7,0,2,1,0,0,1,1,0,-1,100,5,0,-1,2,0,1,-1,-1,-1,-1,0,10,-1,1,1,3,-1,-1,-1,0,0,1,2,0,10,0,0,0,34.49
1,0,0,0,-1,0,1,0,0,0,0,0,-1,1,0,-1,-1,2,-1,1,0,3,0,-1,50,0,9223372036800000000,40,0,10,0,0,7,0,1,1,0,0,0,1,0,2,-1,0,0,4,2,0,1,-1,-1,-1,-1,0,10,-1,1,1,3,-1,-1,-1,0,0,1,0,0,10,0,0,0,42.29
1,0,0,0,-1,0,1,0,0,0,0,0,-1,1,0,-1,-1,2,-1,1,1,3,0,-1,50,0,9223372036800000000,1,0,10,0,0,7,0,1,1,0,0,0,1,0,2,-1,0,0,4,2,0,1,-1,-1,-1,-1,0,10,-1,1,1,3,-1,-1,-1,0,0,1,0,0,10,0,0,0,42.29
1,0,0,0,-1,0,1,4,0,0,0,0,2,0,-1,2,2,-1,1,2,0,3,0,-1,200,0,9223372036800000000,1e+75,0,10,0,0,7,0,0,1,0,0,1,1,0,0,0,0,0,0,2,0,1,-1,-1,-1,-1,0,10,-1,1,1,3,-1,-1,-1,0,0,1,0,0,10,0,0,0,33.48
1,0,0,0,-1,0,1,0,0,0,0,0,1,3,-1,2,0,0,2,1,1,3,0,8,800,0,9223372036800000000,1e+75,0,10,0,0,7,0,1,1,0,0,2,1,0,2,60,0,0,2,2,0,1,-1,-1,-1,-1,0,10,-1,1,1,3,-1,-1,-1,0,0,1,0,0,10,0,0,0,33.18
1,0,0,0,-1,0,1,0,0,0,0,0,1,3,-1,2,0,0,2,1,1,3,0,8,800,0,9223372036800000000,1e+75,0,10,0,0,7,0,1,1,0,0,2,1,0,2,60,0,0,4,2,0,1,-1,-1,-1,-1,0,10,-1,1,1,3,-1,-1,-1,0,0,1,0,0,10,0,0,0,33.18
1,0,0,0,-1,0,1,0,0,0,0,0,1,3,1,2,0,0,2,1,1,3,0,8,800,0,9223372036800000000,1e+75,0,10,0,0,7,0,1,1,0,0,2,1,0,2,60,0,0,2,2,0,1,-1,-1,-1,-1,0,10,-1,1,1,3,-1,-1,-1,0,0,1,0,0,10,0,0,0,33.18
1,0,0,0,-1,0,1,4,0,0,0,0,3,0,1,2,1,-1,1,0,0,3,0,-1,400,0,9223372036800000000,1e+75,0,10,0,0,7,0,0,1,0,0,1,1,0,0,0,0,0,0,2,0,1,-1,-1,-1,-1,0,10,-1,1,1,3,-1,-1,-1,0,0,1,0,0,10,0,0,0,33.48
1,0,0,0,-1,0,1,0,0,0,0,0,0,0,0,2,0,0,0,0,0,3,0,-1,150,0,9223372036800000000,1e+75,0,10,0,0,7,0,0,1,0,0,1,1,0,0,60,0,0,0,2,0,1,-1,-1,-1,-1,0,10,-1,1,1,3,-1,-1,-1,0,0,1,0,0,10,0,0,0,33.3
1,0,0,0,-1,0,1,0,0,0,0,0,1,3,-1,2,0,0,2,0,1,3,0,8,800,0,9223372036800000000,1e+75,0,10,0,0,7,0,1,1,0,0,2,1,0,2,60,0,0,2,2,0,1,-1,-1,-1,-1,0,10,-1,1,1,3,-1,-1,-1,0,0,1,0,0,10,0,0,0,33.18
1,0,0,0,-1,0,1,1,0,0,0,0,3,0,-1,1,1,1,2,-1,1,3,0,16,400,0,9223372036800000000,1e+75,0,10,0,0,7,0,2,1,0,0,1,1,0,-1,100,5,0,-1,2,0,1,-1,-1,-1,-1,0,10,-1,1,1,3,-1,-1,-1,0,0,1,0,0,10,1,0,0,26.45
1,0,0,0,-1,0,1,0,0,0,0,0,1,3,-1,2,0,0,2,1,1,3,0,8,800,0,9223372036800000000,50,0,10,0,0,7,0,1,1,0,0,2,1,0,2,60,0,0,2,2,0,1,-1,-1,-1,-1,0,10,-1,1,1,3,-1,-1,-1,0,0,1,0,0,10,0,0,0,33.03
1,0,0,0,-1,0,1,0,0,0,0,0,1,3,-1,2,0,0,2,-1,1,3,0,8,800,0,9223372036800000000,50,0,10,0,0,7,0,1,1,0,0,2,1,0,2,60,0,0,2,2,0,1,-1,-1,-1,-1,0,10,-1,1,1,3,-1,-1,-1,0,0,1,0,0,10,0,0,0,33.03
1,0,0,0,-1,0,1,0,0,0,0,0,2,0,0,1,0,2,-1,1,1,3,0,-1,10,0,9223372036800000000,30,0,10,0,0,7,0,3,1,0,0,3,1,0,3,0,0,0,4,2,0,1,-1,-1,-1,-1,0,10,-1,1,1,3,-1,-1,-1,0,0,1,0,0,10,0,0,0,33.44
1,0,0,0,-1,0,1,4,0,0,0,0,1,0,-1,1,1,0,2,-1,1,3,0,-1,150,0,9223372036800000000,1e+75,0,10,0,0,7,0,0,1,0,0,1,1,0,0,0,0,0,0,2,0,1,-1,-1,-1,-1,0,10,-1,1,1,3,-1,-1,-1,0,0,1,0,0,10,0,0,0,33.37
1,0,0,0,-1,0,1,1,0,0,0,0,-1,0,-1,2,0,1,2,2,0,3,0,-1,50,0,9223372036800000000,1e+75,0,10,0,0,7,0,0,1,0,0,1,1,0,3,0,0,0,0,2,0,1,-1,-1,-1,-1,0,10,-1,1,1,3,-1,-1,-1,0,0,1,0,0,10,0,0,0,42.51
1,0,0,0,-1,0,1,5,0,0,0,0,1,1,-1,0,-1,1,0,2,-1,3,0,2,100,0,9223372036800000000,1e+75,0,10,0,0,7,0,3,1,0,0,0,1,0,3,200,0,0,0,2,0,1,-1,-1,-1,-1,0,10,-1,1,1,3,-1,-1,-1,0,0,1,0,0,10,0,0,0,42.92
1,0,0,0,-1,0,1,5,0,0,0,0,1,1,-1,0,-1,1,0,2,-1,3,0,2,100,0,9223372036800000000,1e+75,0,10,0,0,7,0,3,1,0,0,0,1,0,3,40,0,0,0,2,0,1,-1,-1,-1,-1,0,10,-1,1,1,3,-1,-1,-1,0,0,1,0,0,10,0,0,0,42.92
1,0,0,0,-1,0,1,0,0,0,0,0,1,1,-1,0,-1,1,0,2,-1,3,0,2,100,0,9223372036800000000,1e+75,0,10,0,0,7,0,3,1,0,0,0,1,0,3,200,0,0,-1,2,0,1,-1,-1,-1,-1,0,10,-1,1,1,3,-1,-1,-1,0,0,1,0,0,10,0,0,0,33.25
1,0,0,0,-1,0,1,5,1,0,4,0,1,-1,-1,1,0,2,2,1,-1,3,0,16,10,0,9223372036800000000,0,0,10,0,0,7,0,1,1,0,0,0,1,0,2,60,5,5,3,2,0,1,-1,-1,3,1,0,10,-1,1,1,3,-1,-1,-1,0,0,0,5,0,10,0,0,0,26.14
1,0,0,0,-1,0,1,0,0,0,0,0,1,1,-1,0,-1,1,0,2,1,3,0,2,100,0,9223372036800000000,1e+75,0,10,0,0,7,0,3,1,0,0,0,1,0,3,200,0,0,0,2,0,1,-1,-1,-1,-1,0,10,-1,1,1,3,-1,-1,-1,0,0,1,0,0,10,0,0,0,33.25
1,0,0,0,-1,0,1,3,0,0,0,0,3,0,0,-1,2,-1,0,2,1,3,0,16,800,0,9223372036800000000,1,0,10,0,0,7,0,3,1,0,0,2,1,0,1,200,0,0,4,2,0,1,-1,-1,-1,-1,0,10,-1,1,1,3,-1,-1,-1,0,0,1,0,0,10,0,0,0,36.56
1,0,0,0,-1,0,1,3,0,0,0,0,3,3,0,-1,2,-1,0,2,1,3,0,16,800,0,9223372036800000000,1,0,10,0,0,7,0,3,1,0,0,1,1,0,1,200,0,0,4,2,0,1,-1,-1,-1,-1,0,10,-1,1,1,3,-1,-1,-1,0,0,1,0,0,10,0,0,0,36.56
1,0,0,0,-1,0,1,3,0,0,0,0,3,0,0,-1,2,-1,0,2,1,3,0,16,800,0,9223372036800000000,1,0,10,0,0,7,0,2,1,0,0,1,1,0,1,200,0,0,4,2,0,1,-1,-1,-1,-1,0,10,-1,1,1,3,-1,-1,-1,0,0,1,0,0,10,0,0,0,36.56
1,0,0,0,-1,0,1,1,0,0,0,0,1,2,-1,1,-1,0,1,1,1,3,0,1,25,0,9223372036800000000,60,0,10,0,0,7,0,2,1,0,0,3,1,0,0,200,4,2,3,2,0,1,-1,-1,-1,-1,0,10,-1,1,1,3,-1,-1,-1,0,0,1,4,0,10,0,0,0,42.86
1,0,0,0,-1,0,1,0,0,0,0,0,1,0,-1,2,-1,0,2,1,-1,3,0,-1,50,0,9223372036800000000,5,0,10,0,0,7,0,0,1,0,0,1,1,0,2,0,0,0,0,2,0,1,-1,-1,-1,-1,0,10,-1,1,1,3,-1,-1,-1,0,0,1,0,0,10,0,0,0,33.03
1,0,0,0,-1,0,1,3,0,0,0,0,3,0,0,-1,2,-1,0,2,1,3,0,16,800,0,9223372036800000000,0,0,10,0,0,7,0,3,1,0,0,1,1,0,1,200,0,0,4,2,0,1,-1,-1,-1,-1,0,10,-1,1,1,3,-1,-1,-1,0,0,1,0,0,10,0,0,0,36.56
1,0,0,0,-1,0,1,5,0,0,0,0,-1,2,-1,1,0,-1,0,1,2,3,0,2,100,0,9223372036800000000,120,0,10,0,0,7,0,1,1,0,0,0,1,0,0,60,5,2,1,2,0,1,-1,-1,-1,-1,0,10,-1,1,1,3,-1,-1,-1,0,0,1,3,0,10,0,0,0,42.92
1,0,0,0,-1,0,1,4,0,0,0,0,1,0,1,0,0,-1,2,1,2,3,0,2,25,0,9223372036800000000,120,0,10,0,0,7,0,2,1,0,0,2,1,0,-1,20,3,5,3,2,0,1,-1,-1,-1,-1,0,10,-1,1,1,3,-1,-1,-1,0,0,1,0,0,10,0,0,0,34.28
1,0,0,0,-1,0,1,2,0,0,0,0,-1,0,0,0,2,0,2,-1,2,3,0,-1,800,0,9223372036800000000,1,0,10,0,0,7,0,1,1,0,0,2,1,0,3,200,0,0,4,2,0,1,-1,-1,-1,-1,0,10,-1,1,1,3,-1,-1,-1,0,0,1,0,0,10,0,0,0,42.79
1,0,0,0,-1,0,1,2,0,0,0,0,-1,0,0,0,2,0,2,-1,2,3,0,-1,800,0,9223372036800000000,1,0,10,0,0,7,0,1,1,0,0,2,1,0,3,0,0,0,4,2,0,1,-1,-1,-1,-1,0,10,-1,1,1,3,-1,-1,-1,0,0,1,0,0,10,0,0,0,42.79
1,0,0,0,-1,0,1,4,0,0,0,0,1,0,0,0,0,0,2,1,2,3,0,-1,50,0,9223372036800000000,1e+75,0,10,0,0,7,0,0,1,0,0,1,1,0,0,0,0,0,0,2,0,1,-1,-1,-1,-1,0,10,-1,1,1,3,-1,-1,-1,0,0,1,0,0,10,0,0,0,33.37
1,0,0,0,-1,0,1,1,0,0,0,0,3,0,-1,1,1,1,2,-1,1,3,0,16,400,0,9223372036800000000,1e+75,0,10,0,0,7,0,3,1,0,0,1,1,0,-1,100,5,0,-1,2,0,1,-1,-1,-1,-1,0,10,-1,1,1,3,-1,-1,-1,0,0,1,0,0,10,0,0,0,45.19
1,0,0,0,-1,0,1,2,0,0,0,0,-1,0,0,0,2,0,2,-1,2,3,0,-1,800,0,9223372036800000000,5,0,10,0,0,7,0,1,1,0,0,2,1,0,3,200,0,0,4,2,0,1,-1,-1,-1,-1,0,10,-1,1,1,3,-1,-1,-1,0,0,1,0,0,10,0,0,0,42.79
1,0,0,0,-1,0,1,5,0,0,0,0,0,2,-1,1,-1,1,1,-1,0,3,0,16,10,0,9223372036800000000,1e+75,0,10,0,0,7,0,1,1,0,0,1,1,0,-1,1000,0,0,1,2,0,1,-1,-1,-1,-1,0,10,-1,1,1,3,-1,-1,-1,0,0,1,0,0,10,0,0,0,38.65
1,0,0,0,-1,0,1,0,1,0,5,0,2,1,0,1,-1,0,2,2,0,3,0,16,50,0,9223372036800000000,0,0,10,0,0,7,0,0,1,0,0,3,1,0,1,1000,0,5,3,2,0,1,-1,-1,-1,2,0,10,-1,1,1,3,-1,-1,-1,0,0,1,2,0,10,0,0,0,32.44
1,0,0,0,-1,0,1,1,0,0,0,0,1,2,-1,1,-1,0,1,1,1,3,0,1,25,0,9223372036800000000,60,0,10,0,0,7,0,2,1,0,0,3,1,0,0,200,4,2,3,2,0,1,-1,-1,-1,-1,0,10,-1,1,1,3,-1,-1,-1,0,0,1,3,0,10,0,0,0,42.86
1,0,0,0,-1,0,1,5,0,0,0,0,0,2,-1,1,-1,1,1,-1,0,3,0,16,10,0,9223372036800000000,50,0,10,0,0,7,0,1,1,0,0,1,1,0,-1,1000,0,0,1,2,0,1,-1,-1,-1,-1,0,10,-1,1,1,3,-1,-1,-1,0,0,1,0,0,10,0,0,0,38.65
1,0,0,0,-1,0,1,1,0,0,0,0,0,0,1,0,1,0,1,0,2,3,0,16,100,0,9223372036800000000,20,0,10,0,0,7,0,2,1,0,0,1,1,0,-1,500,6,0,4,2,0,1,-1,-1,3,0,0,10,-1,1,1,3,-1,-1,-1,0,0,1,2,0,10,0,0,0,35.21
1,0,0,0,-1,0,1,5,0,0,0,0,2,0,0,1,-1,2,0,2,0,3,0,-1,10,0,9223372036800000000,1e+75,0,10,0,0,7,0,0,1,0,0,1,1,0,0,0,0,0,0,2,0,1,-1,-1,-1,-1,0,10,-1,1,1,3,-1,-1,-1,0,0,1,0,0,10,0,0,0,38.65
1,0,0,0,-1,0,1,5,0,0,0,0,0,2,-1,1,-1,1,1,-1,0,3,0,16,10,0,9223372036800000000,60,0,10,0,0,7,0,1,1,0,0,1,1,0,-1,1000,0,0,1,2,0,1,-1,-1,-1,-1,0,10,-1,1,1,3,-1,-1,-1,0,0,1,0,0,10,0,0,0,38.65
1,0,0,0,-1,0,1,5,0,0,0,0,0,2,-1,1,-1,1,0,-1,0,3,0,16,10,0,9223372036800000000,1e+75,0,10,0,0,7,0,1,1,0,0,1,1,0,-1,1000,0,0,1,2,0,1,-1,-1,-1,-1,0,10,-1,1,1,3,-1,-1,-1,0,0,1,0,0,10,0,0,0,38.65
1,0,0,0,-1,0,1,5,0,0,0,0,0,2,-1,0,-1,1,1,-1,0,3,0,16,10,0,9223372036800000000,1e+75,0,10,0,0,7,0,1,1,0,0,1,1,0,-1,1000,0,0,1,2,0,1,-1,-1,-1,-1,0,10,-1,1,1,3,-1,-1,-1,0,0,1,0,0,10,0,0,0,38.65
1,0,0,0,-1,0,1,5,0,0,0,0,3,1,-1,0,2,1,1,-1,1,3,0,4,800,0,9223372036800000000,1,0,10,0,0,7,0,0,1,0,0,1,1,0,0,40,0,0,3,2,0,1,-1,-1,-1,-1,0,10,-1,1,1,3,-1,-1,-1,0,0,1,0,0,10,0,0,0,38.65
1,0,0,0,-1,0,1,4,0,0,0,0,0,0,0,2,-1,0,2,0,2,3,0,-1,50,0,9223372036800000000,1e+75,0,10,0,0,7,0,0,1,0,0,1,1,0,0,0,0,0,0,2,0,1,-1,-1,-1,-1,0,10,-1,1,1,3,-1,-1,-1,0,0,1,0,0,10,0,0,0,33.37
1,0,0,0,-1,0,1,5,0,0,0,0,3,1,-1,0,2,1,1,-1,1,3,0,4,150,0,9223372036800000000,1,0,10,0,0,7,0,0,1,0,0,1,1,0,0,-1,0,0,3,2,0,1,-1,-1,-1,-1,0,10,-1,1,1,3,-1,-1,-1,0,0,1,0,0,10,0,0,0,38.65
1,0,0,0,-1,0,1,5,0,0,0,0,3,1,-1,0,2,1,1,-1,1,3,0,4,800,0,9223372036800000000,1,0,10,0,0,7,0,0,1,0,0,1,1,0,0,500,0,0,3,2,0,1,-1,-1,-1,-1,0,10,-1,1,1,3,-1,-1,-1,0,0,1,0,0,10,0,0,0,38.65
1,0,0,0,-1,0,1,4,0,0,0,0,3,0,0,1,2,0,2,2,0,3,0,4,50,0,9223372036800000000,20,0,10,0,0,7,0,0,1,0,0,2,1,0,0,1000,0,0,-1,2,0,1,-1,-1,-1,-1,0,10,-1,1,1,3,-1,-1,-1,0,0,1,0,0,10,0,0,0,33.44
1,0,0,0,-1,0,1,5,0,0,0,0,0,0,1,1,1,2,1,0,2,3,0,-1,200,0,9223372036800000000,1e+75,0,10,0,0,7,0,0,1,0,0,1,1,0,0,0,0,0,0,2,0,1,-1,-1,-1,-1,0,10,-1,1,1,3,-1,-1,-1,0,0,1,0,0,10,0,0,0,38.65
1,0,0,0,-1,0,1,4,0,0,0,0,2,3,1,0,0,-1,0,0,-1,3,0,-1,400,0,9223372036800000000,60,0,10,0,0,7,0,2,1,0,0,3,1,0,1,20,0,0,-1,2,0,1,-1,-1,-1,-1,0,10,-1,1,1,3,-1,-1,-1,0,0,1,1,0,10,0,0,0,38.67
1,0,0,0,-1,0,1,4,0,0,0,0,3,0,0,1,2,0,2,2,0,3,0,4,50,0,9223372036800000000,30,0,10,0,0,7,0,0,1,0,0,2,1,0,0,20,0,0,-1,2,0,1,-1,-1,-1,-1,0,10,-1,1,1,3,-1,-1,-1,0,0,1,0,0,10,0,0,0,33.44
1,0,0,0,-1,0,1,1,1,0,1,0,1,1,1,2,0,1,2,1,2,3,0,4,25,0,9223372036800000000,0,0,10,0,0,7,0,0,1,0,0,3,1,0,1,1000,6,0,0,2,0,1,-1,-1,1,3,0,10,-1,1,1,3,-1,-1,-1,0,0,1,3,0,10,0,0,0,33.96
1,0,0,0,-1,0,1,4,0,0,0,0,3,0,0,1,2,0,2,2,0,3,0,4,50,0,9223372036800000000,30,0,10,0,0,7,0,0,1,0,0,2,1,0,0,1000,0,0,0,2,0,1,-1,-1,-1,-1,0,10,-1,1,1,3,-1,-1,-1,0,0,1,0,0,10,0,0,0,33.44
1,0,0,0,-1,0,1,0,0,0,0,0,0,0,-1,2,-1,0,2,2,1,3,0,-1,25,0,9223372036800000000,1e+75,0,10,0,0,7,0,0,1,0,0,1,1,0,0,0,0,0,0,2,0,1,-1,-1,-1,-1,0,10,-1,1,1,3,-1,-1,-1,0,0,1,0,0,10,0,0,0,33.37
1,0,0,0,-1,0,1,4,0,0,0,0,2,0,1,2,1,-1,1,0,0,3,0,-1,400,0,9223372036800000000,1e+75,0,10,0,0,7,0,0,1,0,0,1,1,0,0,0,0,0,0,2,0,1,-1,-1,-1,-1,0,10,-1,1,1,3,-1,-1,-1,0,0,1,0,0,10,0,0,0,33.48
1,0,0,0,-1,0,1,4,0,0,0,0,3,0,0,1,2,0,1,2,0,3,0,4,50,0,9223372036800000000,30,0,10,0,0,7,0,0,1,0,0,2,1,0,0,1000,0,0,-1,2,0,1,-1,-1,-1,-1,0,10,-1,1,1,3,-1,-1,-1,0,0,1,0,0,10,0,0,0,33.44
1,0,0,0,-1,0,1,3,0,0,0,0,0,0,0,0,1,0,2,1,0,3,0,4,200,0,9223372036800000000,50,0,10,0,0,7,0,0,1,0,0,1,1,0,-1,20,0,0,3,2,0,1,-1,-1,-1,-1,0,10,-1,1,1,3,-1,-1,-1,0,0,1,0,0,10,0,0,0,33.95
1,0,0,0,-1,0,1,3,0,0,0,0,1,0,0,0,0,0,1,0,1,3,0,4,50,0,9223372036800000000,0,0,10,0,0,7,0,3,1,0,0,0,1,0,-1,100,3,5,2,2,0,1,-1,-1,-1,-1,0,10,-1,1,1,3,-1,-1,-1,0,0,0,2,0,10,0,0,0,26.05
1,0,0,0,-1,0,1,3,0,0,0,0,0,0,0,0,1,0,2,1,0,3,0,4,200,0,9223372036800000000,50,0,10,0,0,7,0,0,1,0,0,1,1,0,-1,0,0,0,3,2,0,1,-1,-1,-1,-1,0,10,-1,1,1,3,-1,-1,-1,0,0,1,0,0,10,0,0,0,34.13
1,0,0,0,-1,0,1,5,0,0,0,0,-1,-1,-1,-1,0,1,-1,1,0,3,0,-1,150,0,9223372036800000000,10,0,10,0,0,7,0,1,1,0,0,1,1,0,0,0,0,0,3,2,0,1,-1,-1,-1,-1,0,10,-1,1,1,3,-1,-1,-1,0,0,1,0,0,10,0,0,0,42.72
1,0,0,0,-1,0,1,0,0,0,0,0,3,3,0,0,-1,-1,-1,-1,-1,3,0,2,800,0,9223372036800000000,5,0,10,0,0,7,0,2,1,0,0,2,1,0,2,1000,5,0,4,2,0,1,-1,-1,-1,-1,0,10,-1,1,1,3,-1,-1,-1,0,0,1,0,0,10,0,0,0,32.86
1,0,0,0,-1,0,1,3,0,0,0,0,0,0,0,0,1,0,2,1,0,3,0,-1,200,0,9223372036800000000,50,0,10,0,0,7,0,0,1,0,0,1,1,0,-1,20,0,0,3,2,0,1,-1,-1,-1,-1,0,10,-1,1,1,3,-1,-1,-1,0,0,1,0,0,10,0,0,0,33.95
1,0,0,0,-1,0,1,5,0,0,0,0,-1,1,-1,0,2,1,1,-1,1,3,0,4,800,0,9223372036800000000,1,0,10,0,0,7,0,0,1,0,0,1,1,0,0,-1,0,0,3,2,0,1,-1,-1,-1,-1,0,10,-1,1,1,3,-1,-1,-1,0,0,1,0,0,10,0,0,0,42.72
1,0,0,0,-1,0,1,2,0,0,0,0,2,0,-1,0,1,0,1,1,1,3,0,2,10,0,9223372036800000000,5,0,10,0,0,7,0,0,1,0,0,2,1,0,2,1000,2,2,0,2,0,1,-1,-1,-1,-1,0,10,-1,1,1,3,-1,-1,-1,0,0,1,5,0,10,0,0,0,34.2
1,0,0,0,-1,0,1,2,0,0,0,0,2,0,-1,0,1,0,1,1,1,3,0,2,10,0,9223372036800000000,50,0,10,0,0,7,0,0,1,0,0,2,1,0,2,1000,2,2,0,2,0,1,-1,-1,-1,-1,0,10,-1,1,1,3,-1,-1,-1,0,0,1,0,0,10,0,0,0,32.96
1,0,0,0,-1,0,1,3,0,0,0,0,0,0,0,0,-1,0,2,1,0,3,0,4,200,0,9223372036800000000,50,0,10,0,0,7,0,0,1,0,0,1,1,0,-1,20,0,0,3,2,0,1,-1,-1,-1,-1,0,10,-1,1,1,3,-1,-1,-1,0,0,1,0,0,10,0,0,0,33.95
1,0,0,0,-1,0,1,3,0,0,0,0,0,3,1,2,-1,-1,-1,-1,0,3,0,1,50,0,9223372036800000000,10,0,10,0,0,7,0,0,1,0,0,0,1,0,3,0,0,0,0,2,0,1,-1,-1,-1,-1,0,10,-1,1,1,3,-1,-1,-1,0,0,1,0,0,10,0,0,0,33.65
1,0,0,0,-1,0,1,3,1,0,0,0,3,-1,-1,2,0,2,2,0,2,3,0,1,10,0,9223372036800000000,2,0,10,0,0,7,0,2,1,0,0,1,1,0,-1,1000,1,2,-1,2,0,1,-1,-1,3,-1,0,10,-1,1,1,3,-1,-1,-1,0,0,1,5,0,10,0,0,0,29.97
1,0,0,0,-1,0,1,3,0,0,0,0,0,0,0,0,1,0,2,1,0,3,0,4,200,0,9223372036800000000,50,0,10,0,0,7,0,0,1,0,0,1,1,0,-1,20,0,0,-1,2,0,1,-1,-1,-1,-1,0,10,-1,1,1,3,-1,-1,-1,0,0,1,0,0,10,0,0,0,33.95
1,0,0,0,-1,0,1,2,0,0,3,0,2,0,1,2,-1,2,0,2,2,3,0,8,25,0,9223372036800000000,2,0,10,0,0,7,0,0,1,0,0,3,1,0,2,-1,3,5,-1,2,0,1,-1,-1,2,2,0,10,-1,1,1,3,-1,-1,-1,0,0,0,0,0,10,0,0,0,33.55
1,0,0,0,-1,0,1,5,0,0,0,0,1,3,1,-1,0,-1,-1,0,-1,3,0,16,400,0,9223372036800000000,50,0,10,0,0,7,0,3,1,0,0,3,1,0,1,60,2,1,2,2,0,1,-1,-1,-1,-1,0,10,-1,1,1,3,-1,-1,-1,0,0,1,5,0,10,0,0,0,42.64
1,0,0,0,-1,0,1,5,0,0,0,0,0,3,0,2,0,0,1,1,2,3,0,8,100,0,9223372036800000000,1,0,10,0,0,7,0,0,1,0,0,1,1,0,1,40,1,0,3,2,0,1,-1,-1,-1,-1,0,10,-1,1,1,3,-1,-1,-1,0,0,1,0,0,10,0,0,0,38.82
1,0,0,0,-1,0,1,0,0,0,0,0,-1,1,1,2,0,-1,2,0,1,3,0,-1,10,0,9223372036800000000,5,0,10,0,0,7,0,3,1,0,0,2,1,0,-1,0,0,0,2,2,0,1,-1,-1,-1,-1,0,10,-1,1,1,3,-1,-1,-1,0,0,1,0,0,10,0,0,0,33.43
1,0,0,0,-1,0,1,2,0,0,0,0,2,-1,0,1,2,2,2,-1,1,3,0,-1,50,0,9223372036800000000,20,0,10,0,0,7,0,1,1,0,0,2,1,0,3,200,0,0,2,2,0,1,-1,-1,-1,-1,0,10,-1,1,1,3,-1,-1,-1,0,0,1,0,0,10,0,0,0,33.44
1,0,0,0,-1,0,1,5,0,0,0,0,1,1,-1,0,-1,0,-1,0,-1,3,0,16,100,0,9223372036800000000,10,0,10,0,0,7,0,0,1,0,0,2,1,0,1,100,2,1,0,2,0,1,-1,-1,-1,-1,0,10,-1,1,1,3,-1,-1,-1,0,0,1,4,0,10,0,0,0,42.79
1,0,0,0,-1,0,1,3,0,0,0,0,0,0,1,2,0,1,2,2,2,3,0,-1,50,0,9223372036800000000,1e+75,0,10,0,0,7,0,0,1,0,0,1,1,0,0,0,0,0,0,2,0,1,-1,-1,-1,-1,0,10,-1,1,1,3,-1,-1,-1,0,0,1,0,0,10,0,0,0,36.3
1,0,0,0,-1,0,1,2,0,0,0,0,2,-1,0,1,2,2,2,-1,0,3,0,-1,50,0,9223372036800000000,0,0,10,0,0,7,0,1,1,0,0,2,1,0,3,200,0,0,2,2,0,1,-1,-1,-1,-1,0,10,-1,1,1,3,-1,-1,-1,0,0,1,0,0,10,0,0,0,33.25
1,0,0,0,-1,0,1,2,0,0,0,0,-1,1,-1,1,-1,2,1,2,1,3,0,-1,25,0,9223372036800000000,1e+75,0,10,0,0,7,0,1,1,0,0,0,1,0,1,20,0,0,3,2,0,1,-1,-1,-1,-1,0,10,-1,1,1,3,-1,-1,-1,0,0,1,0,0,10,0,0,0,42.71
1,0,0,0,-1,0,1,2,0,0,0,0,2,-1,0,1,2,2,2,-1,1,3,0,-1,50,0,9223372036800000000,0,0,10,0,0,7,0,1,1,0,0,2,1,0,3,100,0,0,2,2,0,1,-1,-1,-1,-1,0,10,-1,1,1,3,-1,-1,-1,0,0,1,0,0,10,0,0,0,33.25
1,0,0,0,-1,0,1,5,0,0,0,0,3,0,0,2,1,0,0,-1,1,3,0,-1,400,0,9223372036800000000,1e+75,0,10,0,0,7,0,0,1,0,0,1,1,0,1,0,0,0,0,2,0,1,-1,-1,-1,-1,0,10,-1,1,1,3,-1,-1,-1,0,0,1,0,0,10,0,0,0,38.65
1,0,0,0,-1,0,1,2,0,0,0,0,1,2,1,0,-1,-1,2,2,0,3,0,-1,400,0,9223372036800000000,1,0,10,0,0,7,0,3,1,0,0,0,1,0,2,0,0,0,0,2,0,1,-1,-1,-1,-1,0,10,-1,1,1,3,-1,-1,-1,0,0,1,0,0,10,0,0,0,33.13
1,0,0,0,-1,0,1,2,0,0,0,0,2,0,-1,0,1,0,1,1,1,3,0,2,10,0,9223372036800000000,1,0,10,0,0,7,0,0,1,0,0,2,1,0,2,100,6,2,0,2,0,1,-1,-1,-1,-1,0,10,-1,1,1,3,-1,-1,-1,0,0,1,0,0,10,0,0,0,32.88
1,0,0,0,-1,0,1,2,0,0,0,0,2,-1,0,1,2,2,2,-1,1,3,0,4,50,0,9223372036800000000,0,0,10,0,0,7,0,1,1,0,0,2,1,0,3,200,0,0,2,2,0,1,-1,-1,-1,-1,0,10,-1,1,1,3,-1,-1,-1,0,0,1,0,0,10,0,0,0,33.25
1,0,0,0,-1,0,1,2,0,0,0,0,2,-1,0,1,2,2,2,-1,1,3,0,-1,50,0,9223372036800000000,0,0,10,0,0,7,0,1,1,0,0,2,1,0,-1,200,0,0,2,2,0,1,-1,-1,-1,-1,0,10,-1,1,1,3,-1,-1,-1,0,0,1,0,0,10,0,0,0,33.37
1,0,0,0,-1,0,1,3,0,0,0,0,0,3,-1,0,2,-1,1,1,1,3,0,8,25,0,9223372036800000000,1e+75,0,10,0,0,7,0,3,1,0,0,1,1,0,3,200,1,0,3,2,0,1,-1,-1,-1,-1,0,10,-1,1,1,3,-1,-1,-1,0,0,1,0,0,10,0,0,0,36.3
1,0,0,0,-1,0,1,3,0,0,0,0,-1,2,1,-1,-1,2,2,-1,2,3,0,-1,25,0,9223372036800000000,5,0,10,0,0,7,0,3,1,0,0,0,1,0,0,200,0,0,2,2,0,1,-1,-1,-1,-1,0,10,-1,1,1,3,-1,-1,-1,0,0,1,0,0,10,0,0,0,42.52
1,0,0,0,-1,0,1,5,0,0,0,0,1,1,-1,0,-1,0,-1,0,-1,3,0,16,100,0,9223372036800000000,10,0,10,0,0,7,0,0,1,0,0,3,1,0,1,-1,2,1,2,2,0,1,-1,-1,-1,-1,0,10,-1,1,1,3,-1,-1,-1,0,0,1,4,0,10,0,0,0,42.64
1,0,0,0,-1,0,1,4,0,0,0,0,-1,2,0,1,1,0,1,1,-1,3,0,4,200,0,9223372036800000000,40,0,10,0,0,7,0,1,1,0,0,3,1,0,2,60,0,0,0,2,0,1,-1,-1,-1,-1,0,10,-1,1,1,3,-1,-1,-1,0,0,1,0,0,10,0,0,0,42.75
1,0,0,0,-1,0,1,3,0,0,0,0,0,3,1,2,1,-1,-1,-1,0,3,0,2,50,0,9223372036800000000,10,0,10,0,0,7,0,0,1,0,0,0,1,0,3,0,0,0,0,2,0,1,-1,-1,-1,-1,0,10,-1,1,1,3,-1,-1,-1,0,0,1,0,0,10,0,0,0,38.41
1,0,0,0,-1,0,1,4,0,0,0,0,-1,0,1,-1,2,2,-1,0,1,3,0,-1,10,0,9223372036800000000,1e+75,0,10,0,0,7,0,0,1,0,0,1,1,0,0,0,0,0,0,2,0,1,-1,-1,-1,-1,0,10,-1,1,1,3,-1,-1,-1,0,0,1,0,0,10,0,0,0,42.64
1,0,0,0,-1,0,1,3,0,0,0,0,0,3,1,2,-1,-1,-1,-1,0,3,0,8,50,0,9223372036800000000,10,0,10,0,0,7,0,0,1,0,0,0,1,0,3,0,0,0,0,2,0,1,-1,-1,-1,-1,0,10,-1,1,1,3,-1,-1,-1,0,0,1,0,0,10,0,0,0,38.41
1,0,0,0,-1,0,1,3,0,0,0,0,0,3,1,2,-1,-1,-1,-1,0,3,0,2,50,0,9223372036800000000,2,0,10,0,0,7,0,0,1,0,0,0,1,0,3,0,0,0,0,2,0,1,-1,-1,-1,-1,0,10,-1,1,1,3,-1,-1,-1,0,0,1,0,0,10,0,0,0,38.41
1,0,0,0,-1,0,1,3,0,0,0,0,0,3,1,2,-1,-1,-1,-1,0,3,0,1,50,0,9223372036800000000,10,0,10,0,0,7,0,0,1,0,0,0,1,0,3,0,0,0,1,2,0,1,-1,-1,-1,-1,0,10,-1,1,1,3,-1,-1,-1,0,0,1,0,0,10,0,0,0,42.51
1,0,0,0,-1,0,1,4,0,0,0,0,0,1,0,0,1,2,2,1,2,3,0,1,10,0,9223372036800000000,240,0,10,0,0,7,0,3,1,0,0,1,1,0,0,100,4,0,3,2,0,1,-1,-1,-1,-1,0,10,-1,1,1,3,-1,-1,-1,0,0,1,0,0,10,0,0,0,42.86
1,0,0,0,-1,0,1,4,0,0,0,0,-1,1,-1,0,0,2,1,0,0,3,0,-1,10,0,9223372036800000000,30,0,10,0,0,7,0,0,1,0,0,3,1,0,-1,100,0,0,-1,2,0,1,-1,-1,-1,-1,0,10,-1,1,1,3,-1,-1,-1,0,0,1,0,0,10,0,0,0,42.64
1,0,0,0,-1,0,1,3,0,0,0,0,3,3,0,2,-1,1,2,2,1,3,0,-1,100,0,9223372036800000000,1e+75,0,10,0,0,7,0,2,1,0,0,3,1,0,-1,0,0,0,1,2,0,1,-1,-1,-1,-1,0,10,-1,1,1,3,-1,-1,-1,0,0,1,0,0,10,0,0,0,35.52
1,0,0,0,-1,0,1,1,0,0,0,0,2,-1,1,-1,2,2,2,2,1,3,0,8,10,0,9223372036800000000,240,0,10,0,0,7,0,1,1,0,0,2,1,0,0,1000,6,2,4,2,0,1,-1,-1,-1,-1,0,10,-1,1,1,3,-1,-1,-1,0,0,1,3,0,10,0,0,0,35.56
1,0,0,0,-1,0,1,4,1,0,3,0,0,1,0,2,2,2,0,1,-1,3,0,8,10,0,9223372036800000000,20,0,10,0,0,7,0,0,1,0,0,0,1,0,2,40,1,0,4,2,0,1,-1,-1,2,-1,0,10,-1,1,1,3,-1,-1,-1,0,0,0,4,0,10,0,0,0,32.17
1,0,0,0,-1,0,1,4,0,0,0,0,-1,1,-1,0,0,2,1,0,0,3,0,-1,10,0,9223372036800000000,30,0,10,0,0,7,0,0,1,0,0,3,1,0,-1,500,0,0,-1,2,0,1,-1,-1,-1,-1,0,10,-1,1,1,3,-1,-1,-1,0,0,1,0,0,10,0,0,0,42.64
1,0,0,0,-1,0,1,0,0,0,0,0,0,0,0,1,0,0,0,0,0,3,0,-1,150,0,9223372036800000000,1e+75,0,10,0,0,7,0,0,1,0,0,1,1,0,0,0,0,0,0,2,0,1,-1,-1,-1,-1,0,10,-1,1,1,3,-1,-1,-1,0,0,1,0,0,10,0,0,0,33.37
1,0,0,0,-1,0,1,3,0,0,0,0,1,0,0,0,0,0,1,0,1,3,0,4,50,0,9223372036800000000,0,0,10,0,0,7,0,3,1,0,0,0,1,0,-1,100,3,5,2,2,0,1,-1,-1,0,-1,0,10,-1,1,1,3,-1,-1,-1,0,0,1,2,0,10,0,0,0,26.05
1,0,0,0,-1,0,1,4,0,0,0,0,-1,1,-1,0,0,2,1,0,0,3,0,-1,200,0,9223372036800000000,30,0,10,0,0,7,0,0,1,0,0,3,1,0,-1,100,0,0,-1,2,0,1,-1,-1,-1,-1,0,10,-1,1,1,3,-1,-1,-1,0,0,1,0,0,10,0,0,0,42.71
1,0,0,0,-1,0,1,4,0,0,0,0,-1,1,-1,0,0,2,1,0,0,3,0,-1,10,0,9223372036800000000,30,0,10,0,0,7,0,0,1,0,0,0,1,0,-1,100,0,0,-1,2,0,1,-1,-1,-1,-1,0,10,-1,1,1,3,-1,-1,-1,0,0,1,0,0,10,0,0,0,42.64
1,0,0,0,-1,0,1,3,1,0,0,0,1,0,0,0,0,0,1,0,1,3,0,4,50,0,9223372036800000000,0,0,10,0,0,7,0,3,1,0,0,0,1,0,-1,100,3,5,2,2,3,1,-1,-1,-1,-1,0,10,-1,1,1,3,-1,-1,-1,0,0,1,2,0,10,0,0,0,24.42
1,0,0,0,-1,0,1,3,0,0,0,0,1,0,0,-1,0,2,0,-1,-1,3,0,-1,25,0,9223372036800000000,1e+75,0,10,0,0,7,0,0,1,0,0,1,1,0,0,0,0,0,0,2,0,1,-1,-1,-1,-1,0,10,-1,1,1,3,-1,-1,-1,0,0,1,0,0,10,0,0,0,33.75
1,0,0,0,-1,0,1,3,0,0,0,0,-1,1,-1,0,0,2,1,0,0,3,0,-1,10,0,9223372036800000000,30,0,10,0,0,7,0,0,1,0,0,3,1,0,-1,100,0,0,-1,2,0,1,-1,-1,-1,-1,0,10,-1,1,1,3,-1,-1,-1,0,0,1,0,0,10,0,0,0,42.58
1,0,0,0,-1,0,1,4,0,0,0,0,0,1,1,0,1,1,0,2,-1,3,0,2,10,0,9223372036800000000,120,0,10,0,0,7,0,1,1,0,0,2,1,0,2,20,1,0,3,2,0,1,-1,-1,-1,-1,0,10,-1,1,1,3,-1,-1,-1,0,0,1,0,0,10,0,0,0,32.88
1,0,0,0,-1,0,1,5,0,0,0,0,0,0,0,0,-1,-1,0,0,0,3,0,-1,25,0,9223372036800000000,1e+75,0,10,0,0,7,0,0,1,0,0,1,1,0,2,0,0,0,0,2,0,1,-1,-1,-1,-1,0,10,-1,1,1,3,-1,-1,-1,0,0,1,0,0,10,0,0,0,42.79
1,0,0,0,-1,0,1,4,0,0,0,0,0,1,1,0,1,1,0,2,-1,3,0,2,10,0,9223372036800000000,120,0,10,0,0,7,0,1,1,0,0,2,1,0,2,20,3,0,3,2,0,1,-1,-1,-1,-1,0,10,-1,1,1,3,-1,-1,-1,0,0,1,0,0,10,0,0,0,32.92
1,0,0,0,-1,0,1,4,0,0,0,0,2,3,-1,1,1,-1,0,-1,2,3,0,8,150,0,9223372036800000000,40,0,10,0,0,7,0,0,1,0,0,1,1,0,2,500,5,4,4,2,0,1,-1,-1,-1,-1,0,10,-1,1,1,3,-1,-1,-1,0,0,1,0,0,10,0,0,0,32.93
1,0,0,0,-1,0,1,4,0,0,0,0,0,1,1,0,1,1,0,2,-1,3,0,2,10,0,9223372036800000000,120,0,10,0,0,7,0,1,1,0,0,2,1,0,2,20,4,0,3,2,0,1,-1,-1,-1,-1,0,10,-1,1,1,3,-1,-1,-1,0,0,1,0,0,10,0,0,0,45.77
1,0,0,0,-1,0,1,0,0,0,0,0,0,0,0,0,0,0,0,0,-1,3,0,-1,150,0,9223372036800000000,1e+75,0,10,0,0,7,0,0,1,0,0,1,1,0,0,60,0,0,0,2,0,1,-1,-1,-1,-1,0,10,-1,1,1,3,-1,-1,-1,0,0,1,0,0,10,0,0,0,33.3
1,0,0,0,-1,0,1,2,0,0,0,0,-1,-1,0,1,0,-1,0,-1,1,3,0,16,150,0,9223372036800000000,50,0,10,0,0,7,0,2,1,0,0,2,1,0,2,0,0,0,-1,2,0,1,-1,-1,-1,-1,0,10,-1,1,1,3,-1,-1,-1,0,0,1,0,0,10,0,0,0,42.85
1,0,0,0,-1,0,1,0,0,0,0,0,0,0,0,0,0,0,0,0,0,3,0,-1,150,0,9223372036800000000,1e+75,0,10,0,0,7,0,0,1,0,0,1,1,0,0,60,0,0,-1,2,0,1,-1,-1,-1,-1,0,10,-1,1,1,3,-1,-1,-1,0,0,1,0,0,10,0,0,0,33.3
1,0,0,0,-1,0,1,1,0,0,3,0,3,3,0,-1,-1,1,-1,1,1,3,0,16,25,0,9223372036800000000,5,0,10,0,0,7,0,2,1,0,0,2,1,0,1,0,6,2,2,2,0,1,-1,-1,3,2,0,10,-1,1,1,3,-1,-1,-1,0,0,-1,0,0,10,0,0,0,35.46
1,0,0,0,-1,0,1,0,0,0,0,0,0,0,0,0,0,0,0,0,0,3,0,-1,150,0,9223372036800000000,1e+75,0,10,0,0,7,0,0,1,0,0,2,1,0,0,60,0,0,0,2,0,1,-1,-1,-1,-1,0,10,-1,1,1,3,-1,-1,-1,0,0,1,0,0,10,0,0,0,33.3
1,0,0,0,-1,0,1,1,0,0,0,0,1,2,-1,1,-1,0,1,1,1,3,0,1,25,0,9223372036800000000,60,0,10,0,0,7,0,2,1,0,0,3,1,0,0,200,4,2,0,2,0,1,-1,-1,-1,-1,0,10,-1,1,1,3,-1,-1,-1,0,0,1,3,0,10,0,0,0,42.86
1,0,0,0,-1,0,1,3,0,0,0,0,-1,0,0,-1,2,-1,0,2,1,3,0,16,800,0,9223372036800000000,1,0,10,0,0,7,0,3,1,0,0,1,1,0,1,200,0,0,4,2,0,1,-1,-1,-1,-1,0,10,-1,1,1,3,-1,-1,-1,0,0,1,0,0,10,0,0,0,42.72
1,0,0,0,-1,0,1,3,0,0,0,0,2,0,0,1,-1,2,0,1,1,3,0,-1,100,0,9223372036800000000,1e+75,0,10,0,0,7,0,0,1,0,0,1,1,0,0,0,0,0,0,2,0,1,-1,-1,-1,-1,0,10,-1,1,1,3,-1,-1,-1,0,0,1,0,0,10,0,0,0,34.02
1,0,0,0,-1,0,1,0,0,0,0,0,0,0,0,0,0,0,0,0,0,3,0,-1,50,0,9223372036800000000,1e+75,0,10,0,0,7,0,0,1,0,0,1,1,0,0,60,0,0,0,2,0,1,-1,-1,-1,-1,0,10,-1,1,1,3,-1,-1,-1,0,0,1,0,0,10,0,0,0,33.27
1,0,0,0,-1,0,1,4,0,0,0,0,0,-1,1,0,1,1,0,2,-1,3,0,2,10,0,9223372036800000000,120,0,10,0,0,7,0,1,1,0,0,2,1,0,2,20,0,0,3,2,0,1,-1,-1,-1,-1,0,10,-1,1,1,3,-1,-1,-1,0,0,1,0,0,10,0,0,0,32.88
1,0,0,0,-1,0,1,4,0,0,0,0,0,1,1,0,1,1,0,2,-1,3,0,2,10,0,9223372036800000000,120,0,10,0,0,7,0,1,1,0,0,2,1,0,2,20,0,0,0,2,0,1,-1,-1,-1,-1,0,10,-1,1,1,3,-1,-1,-1,0,0,1,0,0,10,0,0,0,32.88
1,0,0,0,-1,0,1,0,0,0,0,0,0,-1,-1,2,1,2,0,2,-1,3,0,16,150,0,9223372036800000000,1e+75,0,10,0,0,7,0,2,1,0,0,0,1,0,-1,0,1,0,-1,2,0,1,-1,-1,-1,-1,0,10,-1,1,1,3,-1,-1,-1,0,0,1,0,0,10,0,0,0,33.56
1,0,0,0,-1,0,1,1,0,0,0,0,2,1,0,-1,2,1,-1,1,1,3,0,-1,200,0,9223372036800000000,2,0,10,0,0,7,0,1,1,0,0,3,1,0,3,0,0,0,0,2,0,1,-1,-1,-1,-1,0,10,-1,1,1,3,-1,-1,-1,0,0,1,0,0,10,0,0,0,35.23
1,0,0,0,-1,0,1,0,0,0,0,0,0,-1,-1,2,1,2,0,2,-1,3,0,16,10,0,9223372036800000000,20,0,10,0,0,7,0,2,1,0,0,0,1,0,-1,-1,1,0,-1,2,0,1,-1,-1,-1,-1,0,10,-1,1,1,3,-1,-1,-1,0,0,1,0,0,10,0,0,0,33.34
1,0,0,0,-1,0,1,5,0,0,0,0,-1,2,0,-1,0,-1,1,2,-1,3,0,4,400,0,9223372036800000000,1,0,10,0,0,7,0,2,1,0,0,1,1,0,3,1000,3,0,4,2,0,1,-1,-1,-1,-1,0,10,-1,1,1,3,-1,-1,-1,0,0,1,0,0,10,0,0,0,42.79
1,0,0,0,-1,0,1,0,0,0,0,0,0,-1,-1,2,1,2,0,1,-1,3,0,16,10,0,9223372036800000000,20,0,10,0,0,7,0,2,1,0,0,0,1,0,-1,-1,1,0,-1,2,0,1,-1,-1,-1,-1,0,10,-1,1,1,3,-1,-1,-1,0,0,1,0,0,10,0,0,0,33.34
1,0,0,0,-1,0,1,5,0,0,0,0,1,2,0,1,2,1,1,-1,0,3,0,4,400,0,9223372036800000000,20,0,10,0,0,7,0,2,1,0,0,0,1,0,1,0,5,5,1,2,0,1,-1,-1,-1,-1,0,10,-1,1,1,3,-1,-1,-1,0,0,1,0,0,10,0,0,0,42.92
1,0,0,0,-1,0,1,4,0,0,0,0,0,2,0,0,0,1,1,2,1,3,0,8,25,0,9223372036800000000,60,0,10,0,0,7,0,3,1,0,0,1,1,0,1,20,3,0,2,2,0,1,-1,-1,-1,-1,0,10,-1,1,1,3,-1,-1,-1,0,0,1,0,0,10,0,0,0,33.48
1,0,0,0,-1,0,1,4,0,0,0,0,1,-1,-1,0,2,2,-1,2,-1,3,0,-1,10,0,9223372036800000000,0,0,10,0,0,7,0,3,1,0,0,0,1,0,1,0,0,0,0,2,0,1,-1,-1,-1,-1,0,10,-1,1,1,3,-1,-1,-1,0,0,1,0,0,10,0,0,0,33.48
1,0,0,0,-1,0,1,4,0,0,0,0,0,2,-1,0,0,1,1,2,1,3,0,8,25,0,9223372036800000000,60,0,10,0,0,7,0,3,1,0,0,1,1,0,1,20,3,0,2,2,0,1,-1,-1,-1,-1,0,10,-1,1,1,3,-1,-1,-1,0,0,1,0,0,10,0,0,0,33.48
1,0,0,0,-1,0,1,0,0,0,0,0,2,0,-1,2,2,-1,2,2,0,3,0,-1,200,0,9223372036800000000,1e+75,0,10,0,0,7,0,0,1,0,0,1,1,0,0,0,0,0,0,2,0,1,-1,-1,-1,-1,0,10,-1,1,1,3,-1,-1,-1,0,0,1,0,0,10,0,0,0,33.48
1,0,0,0,-1,0,1,0,0,0,0,0,0,0,0,0,0,0,0,0,0,3,0,-1,50,0,9223372036800000000,240,0,10,0,0,7,0,0,1,0,0,1,1,0,2,20,0,0,0,2,0,1,-1,-1,-1,-1,0,10,-1,1,1,3,-1,-1,-1,0,0,1,0,0,10,0,0,0,32.88
1,0,0,0,-1,0,1,3,0,0,0,0,2,0,-1,0,2,2,-1,-1,0,3,0,-1,100,0,9223372036800000000,1e+75,0,10,0,0,7,0,0,1,0,0,1,1,0,0,0,0,0,0,2,0,1,-1,-1,-1,-1,0,10,-1,1,1,3,-1,-1,-1,0,0,1,0,0,10,0,0,0,34.02
1,0,0,0,-1,0,1,4,0,0,0,0,0,3,0,0,0,1,1,2,1,3,0,8,25,0,9223372036800000000,60,0,10,0,0,7,0,3,1,0,0,1,1,0,1,20,3,0,2,2,0,1,-1,-1,-1,-1,0,10,-1,1,1,3,-1,-1,-1,0,0,1,0,0,10,0,0,0,33.48
1,0,0,0,-1,0,1,4,0,0,0,0,0,2,0,0,0,1,1,2,1,3,0,8,25,0,9223372036800000000,50,0,10,0,0,7,0,3,1,0,0,1,1,0,1,20,3,0,2,2,0,1,-1,-1,-1,-1,0,10,-1,1,1,3,-1,-1,-1,0,0,1,0,0,10,0,0,0,33.48
1,0,0,0,-1,0,1,2,0,0,0,0,3,-1,-1,2,2,-1,0,2,-1,3,0,-1,25,0,9223372036800000000,30,0,10,0,0,7,0,2,1,0,0,1,1,0,0,0,0,0,0,2,0,1,-1,-1,-1,-1,0,10,-1,1,1,3,-1,-1,-1,0,0,1,0,0,10,0,0,0,33.66
1,0,0,0,-1,0,1,4,0,0,0,0,0,2,0,0,-1,1,1,2,1,3,0,8,25,0,9223372036800000000,60,0,10,0,0,7,0,3,1,0,0,1,1,0,1,20,3,0,2,2,0,1,-1,-1,-1,-1,0,10,-1,1,1,3,-1,-1,-1,0,0,1,0,0,10,0,0,0,33.48
1,0,0,0,-1,0,1,4,0,0,0,0,0,2,0,0,0,1,1,1,1,3,0,8,25,0,9223372036800000000,60,0,10,0,0,7,0,3,1,0,0,1,1,0,1,20,2,0,2,2,0,1,-1,-1,-1,-1,0,10,-1,1,1,3,-1,-1,-1,0,0,1,0,0,10,0,0,0,33.44
1,0,0,0,-1,0,1,0,0,0,0,0,-1,0,0,2,0,-1,1,0,-1,3,0,8,200,0,9223372036800000000,120,0,10,0,0,7,0,2,1,0,0,1,1,0,1,60,1,0,2,2,0,1,-1,-1,-1,-1,0,10,-1,1,1,3,-1,-1,-1,0,0,1,0,0,10,0,0,0,42.81
1,0,0,0,-1,0,1,1,0,0,0,0,1,0,-1,0,0,1,2,0,1,3,0,-1,10,0,9223372036800000000,1e+75,0,10,0,0,7,0,2,1,0,0,2,1,0,3,60,0,0,3,2,0,1,-1,-1,-1,-1,0,10,-1,1,1,3,-1,-1,-1,0,0,1,0,0,10,0,0,0,35.23
1,0,0,0,-1,0,1,0,0,0,0,0,-1,0,0,2,0,-1,1,0,2,3,0,8,200,0,9223372036800000000,10,0,10,0,0,7,0,2,1,0,0,1,1,0,1,60,1,0,2,2,0,1,-1,-1,-1,-1,0,10,-1,1,1,3,-1,-1,-1,0,0,1,0,0,10,0,0,0,42.81
1,0,0,0,-1,0,1,0,0,0,0,0,3,2,0,1,2,1,-1,-1,1,3,0,-1,150,0,9223372036800000000,30,0,10,0,0,7,0,2,1,0,0,2,1,0,2,0,0,0,1,2,0,1,-1,-1,-1,-1,0,10,-1,1,1,3,-1,-1,-1,0,0,1,0,0,10,0,0,0,33.03
1,0,0,0,-1,0,1,0,0,0,0,0,-1,0,0,2,0,-1,1,0,-1,3,0,8,200,0,9223372036800000000,10,0,10,0,0,7,0,2,1,0,0,1,1,0,1,-1,1,0,2,2,0,1,-1,-1,-1,-1,0,10,-1,1,1,3,-1,-1,-1,0,0,1,0,0,10,0,0,0,42.43
1,0,0,0,-1,0,1,5,0,0,0,0,-1,-1,-1,-1,0,1,-1,1,0,3,0,-1,50,0,9223372036800000000,40,0,10,0,0,7,0,1,1,0,0,1,1,0,0,0,0,0,3,2,0,1,-1,-1,-1,-1,0,10,-1,1,1,3,-1,-1,-1,0,0,1,0,0,10,0,0,0,42.72
1,0,0,0,-1,0,1,0,0,0,0,0,-1,0,0,2,0,-1,1,0,1,3,0,8,200,0,9223372036800000000,10,0,10,0,0,7,0,2,1,0,0,1,1,0,1,-1,1,0,2,2,0,1,-1,-1,-1,-1,0,10,-1,1,1,3,-1,-1,-1,0,0,1,0,0,10,0,0,0,42.43
1,0,0,0,-1,0,1,0,0,0,0,0,0,0,0,0,0,0,0,0,0,3,0,16,150,0,9223372036800000000,1,0,10,0,0,7,0,0,1,0,0,1,1,0,2,-1,0,0,0,2,0,1,-1,-1,-1,-1,0,10,-1,1,1,3,-1,-1,-1,0,0,1,0,0,10,0,0,0,32.92
1,0,0,0,-1,0,1,0,0,0,0,0,-1,0,0,2,0,-1,1,0,-1,3,0,8,200,0,9223372036800000000,10,0,10,0,0,7,0,2,1,0,0,1,1,0,1,100,1,0,2,2,0,1,-1,-1,-1,-1,0,10,-1,1,1,3,-1,-1,-1,0,0,1,0,0,10,0,0,0,42.81
1,0,0,0,-1,0,1,3,0,0,0,0,2,3,1,1,2,0,-1,1,0,3,0,1,10,0,9223372036800000000,60,0,10,0,0,7,0,3,1,0,0,1,1,0,-1,200,2,1,2,2,0,1,-1,-1,3,0,0,10,-1,1,1,3,-1,-1,-1,0,0,0,3,0,10,0,0,0,42.64
1,0,0,0,-1,0,1,0,0,0,0,0,-1,3,1,0,-1,2,2,2,2,3,0,-1,25,0,9223372036800000000,1,0,10,0,0,7,0,2,1,0,0,1,1,0,0,0,0,0,1,2,0,1,-1,-1,-1,-1,0,10,-1,1,1,3,-1,-1,-1,0,0,1,0,0,10,0,0,0,42.69
1,0,0,0,-1,0,1,2,0,0,0,0,2,0,-1,0,1,0,1,1,1,3,0,2,10,0,9223372036800000000,1,0,10,0,0,7,0,0,1,0,0,2,1,0,2,1000,6,2,0,2,0,1,-1,-1,-1,-1,0,10,-1,1,1,3,-1,-1,-1,0,0,1,0,0,10,0,0,0,32.88
1,0,0,0,-1,0,1,1,0,0,0,0,3,0,-1,1,1,1,2,-1,1,3,0,16,400,0,9223372036800000000,5,0,10,0,0,7,0,2,1,0,0,1,1,0,-1,100,5,0,-1,2,0,1,-1,-1,-1,-1,0,10,-1,1,1,3,-1,-1,-1,0,0,1,0,0,10,0,0,0,35.09
1,0,0,0,-1,0,1,2,1,0,5,0,3,2,1,1,-1,-1,1,0,2,3,0,2,50,0,9223372036800000000,240,0,10,0,0,7,0,2,1,0,0,3,1,0,2,20,0,2,3,2,0,1,-1,-1,0,-1,0,10,-1,1,1,3,-1,-1,-1,0,0,1,0,0,10,0,0,0,32.34
1,0,0,0,-1,0,1,1,0,0,0,0,3,0,-1,1,1,1,2,-1,1,3,0,16,400,0,9223372036800000000,50,0,10,0,0,7,0,2,1,0,0,1,1,0,-1,100,5,0,-1,2,0,1,-1,-1,-1,-1,0,10,-1,1,1,3,-1,-1,-1,0,0,1,0,0,10,0,0,0,35.09
1,0,0,0,-1,0,1,1,0,0,0,0,3,0,-1,1,1,1,2,-1,1,3,0,16,400,0,9223372036800000000,1e+75,0,10,0,0,7,0,2,1,0,0,3,1,0,-1,100,5,0,-1,2,0,1,-1,-1,-1,-1,0,10,-1,1,1,3,-1,-1,-1,0,0,1,0,0,10,0,0,0,26.45
1,0,0,0,-1,0,1,1,0,0,0,0,3,0,-1,1,1,1,2,-1,1,3,0,16,400,0,9223372036800000000,20,0,10,0,0,7,0,2,1,0,0,1,1,0,-1,100,5,0,-1,2,0,1,-1,-1,-1,-1,0,10,-1,1,1,3,-1,-1,-1,0,0,1,0,0,10,0,0,0,35.09
1,0,0,0,-1,0,1,4,0,0,0,0,0,0,-1,-1,1,0,-1,-1,0,3,0,-1,200,0,9223372036800000000,1e+75,0,10,0,0,7,0,0,1,0,0,1,1,0,0,0,0,0,0,2,0,1,-1,-1,-1,-1,0,10,-1,1,1,3,-1,-1,-1,0,0,1,0,0,10,0,0,0,33.48
1,0,0,0,-1,0,1,1,0,0,0,0,3,0,-1,1,1,1,2,-1,1,3,0,16,400,0,9223372036800000000,0,0,10,0,0,7,0,2,1,0,0,1,1,0,-1,100,5,0,-1,2,0,1,-1,-1,-1,-1,0,10,-1,1,1,3,-1,-1,-1,0,0,1,0,0,10,0,0,0,26.45
1,0,0,0,-1,0,1,0,0,0,0,0,0,3,-1,-1,-1,1,2,-1,2,3,0,-1,50,0,9223372036800000000,30,0,10,0,0,7,0,3,1,0,0,0,1,0,2,0,0,0,2,2,0,1,-1,-1,-1,-1,0,10,-1,1,1,3,-1,-1,-1,0,0,1,0,0,10,0,0,0,33.03
1,0,0,0,-1,0,1,0,0,0,0,0,0,0,0,0,0,0,0,0,0,3,0,16,50,0,9223372036800000000,240,0,10,0,0,7,0,0,1,0,0,1,1,0,2,60,0,0,0,2,0,1,-1,-1,-1,-1,0,10,-1,1,1,3,-1,-1,-1,0,0,1,0,0,10,0,0,0,32.88
1,0,0,0,-1,0,1,0,0,0,0,0,-1,0,0,2,0,-1,1,0,-1,3,0,8,200,0,9223372036800000000,10,0,10,0,0,7,0,2,1,0,0,1,1,0,1,200,1,0,2,2,0,1,-1,-1,-1,-1,0,10,-1,1,1,3,-1,-1,-1,0,0,1,0,0,10,0,0,0,42.81
1,0,0,0,-1,0,1,2,0,0,0,0,1,3,0,0,0,-1,-1,0,0,3,0,4,10,0,9223372036800000000,50,0,10,0,0,7,0,0,1,0,0,1,1,0,0,60,4,0,-1,2,0,1,-1,-1,-1,-1,0,10,-1,1,1,3,-1,-1,-1,0,0,1,0,0,10,0,0,0,45.12
1,0,0,0,-1,0,1,2,0,0,0,0,1,3,0,0,0,-1,-1,0,0,3,0,4,10,0,9223372036800000000,40,0,10,0,0,7,0,0,1,0,0,1,1,0,0,60,4,0,-1,2,0,1,-1,-1,-1,-1,0,10,-1,1,1,3,-1,-1,-1,0,0,1,0,0,10,0,0,0,45.12
1,0,0,0,-1,0,1,2,0,0,1,0,-1,2,0,1,-1,0,0,1,1,3,0,16,10,0,9223372036800000000,240,0,10,0,0,7,0,1,1,0,0,3,1,0,3,20,1,2,0,2,0,1,-1,-1,-1,-1,0,10,-1,1,1,3,-1,-1,-1,0,0,-1,0,0,10,0,0,0,33.87
1,0,0,0,-1,0,1,2,0,0,0,0,1,1,0,0,0,-1,-1,0,0,3,0,4,10,0,9223372036800000000,50,0,10,0,0,7,0,0,1,0,0,1,1,0,0,60,5,0,-1,2,0,1,-1,-1,-1,-1,0,10,-1,1,1,3,-1,-1,-1,0,0,1,0,0,10,0,0,0,42.89
1,0,0,0,-1,0,1,2,0,0,0,0,1,3,0,0,-1,-1,-1,0,0,3,0,4,10,0,9223372036800000000,50,0,10,0,0,7,0,0,1,0,0,1,1,0,0,60,5,0,-1,2,0,1,-1,-1,-1,-1,0,10,-1,1,1,3,-1,-1,-1,0,0,1,0,0,10,0,0,0,42.89
1,0,0,0,-1,3,1,1,0,0,0,0,3,0,-1,1,1,1,2,-1,1,3,0,16,400,0,9223372036800000000,1e+75,0,10,0,0,7,0,2,1,0,0,1,1,0,-1,100,5,0,-1,2,0,1,-1,-1,-1,-1,0,10,-1,1,1,3,-1,-1,-1,0,0,1,0,0,10,0,0,0,26.45
1,0,0,0,-1,0,1,0,0,0,0,0,3,2,0,1,2,1,-1,-1,1,3,0,-1,200,0,9223372036800000000,40,0,10,0,0,7,0,2,1,0,0,2,1,0,3,0,0,0,1,2,0,1,-1,-1,-1,-1,0,10,-1,1,1,3,-1,-1,-1,0,0,1,0,0,10,0,0,0,33.44
1,0,0,0,-1,0,1,5,0,0,0,0,-1,1,1,2,1,2,-1,2,-1,3,0,16,25,0,9223372036800000000,60,0,10,0,0,7,0,3,1,0,0,2,1,0,2,1000,1,0,3,2,0,1,-1,-1,-1,-1,0,10,-1,1,1,3,-1,-1,-1,0,0,1,0,0,10,0,0,0,42.73
1,0,0,0,-1,0,1,2,0,0,0,0,2,0,-1,0,1,0,1,1,1,3,0,16,10,0,9223372036800000000,1,0,10,0,0,7,0,0,1,0,0,2,1,0,2,1000,6,2,0,2,0,1,-1,-1,-1,-1,0,10,-1,1,1,3,-1,-1,-1,0,0,1,0,0,10,0,0,0,32.88
1,0,0,0,-1,0,1,5,0,0,0,0,-1,2,1,2,1,2,-1,2,-1,3,0,16,200,0,9223372036800000000,60,0,10,0,0,7,0,3,1,0,0,2,1,0,2,1000,1,0,3,2,0,1,-1,-1,-1,-1,0,10,-1,1,1,3,-1,-1,-1,0,0,1,0,0,10,0,0,0,42.73
1,0,0,0,-1,0,1,5,0,0,0,0,2,3,-1,0,1,1,2,2,0,3,0,1,200,0,9223372036800000000,40,0,10,0,0,7,0,1,1,0,0,3,1,0,-1,40,1,0,3,2,0,1,-1,-1,-1,-1,0,10,-1,1,1,3,-1,-1,-1,0,0,1,0,0,10,0,0,0,42.73
1,0,0,0,-1,0,1,4,1,0,3,0,0,1,0,2,2,2,0,1,-1,3,0,8,10,0,9223372036800000000,20,0,10,0,0,7,0,0,1,0,0,1,1,0,2,40,0,0,4,2,0,1,-1,-1,2,-1,0,10,-1,1,1,3,-1,-1,-1,0,0,0,4,0,10,0,0,0,32.34
1,0,0,0,-1,0,1,3,0,0,0,0,2,3,1,1,2,2,-1,1,0,3,0,1,10,0,9223372036800000000,60,0,10,0,0,7,0,3,1,0,0,1,1,0,-1,200,2,2,2,2,0,1,-1,-1,3,0,0,10,-1,1,1,3,-1,-1,-1,0,0,0,3,0,10,0,0,0,41.85
1,0,0,0,-1,0,1,5,0,0,0,0,2,3,-1,0,1,1,2,2,0,3,0,1,200,0,9223372036800000000,40,0,10,0,0,7,0,1,1,0,0,3,1,0,-1,40,3,0,3,2,0,1,-1,-1,-1,-1,0,10,-1,1,1,3,-1,-1,-1,0,0,1,0,0,10,0,0,0,42.73
1,0,0,0,-1,0,1,5,0,0,0,0,-1,2,-1,1,0,-1,0,1,2,3,0,1,100,0,9223372036800000000,1e+75,0,10,0,0,7,0,1,1,0,0,0,1,0,0,60,5,2,1,2,0,1,-1,-1,-1,-1,0,10,-1,1,1,3,-1,-1,-1,0,0,1,3,0,10,0,0,0,53.13
1,0,0,0,-1,0,1,5,0,0,0,0,2,3,-1,0,1,1,2,2,0,3,0,2,200,0,9223372036800000000,40,0,10,0,0,7,0,1,1,0,0,3,1,0,-1,40,0,0,3,2,0,1,-1,-1,-1,-1,0,10,-1,1,1,3,-1,-1,-1,0,0,1,0,0,10,0,0,0,38.65
1,0,0,0,-1,0,1,1,0,0,0,0,2,1,0,-1,2,1,-1,1,1,3,0,-1,50,0,9223372036800000000,2,0,10,0,0,7,0,1,1,0,0,3,1,0,3,0,0,0,0,2,0,1,-1,-1,-1,-1,0,10,-1,1,1,3,-1,-1,-1,0,0,1,0,0,10,0,0,0,35.23
1,0,0,0,-1,0,1,5,0,0,0,0,2,3,-1,0,1,1,2,2,0,3,0,2,200,0,9223372036800000000,40,0,10,0,0,7,0,1,1,0,0,3,1,0,-1,40,0,0,0,2,0,1,-1,-1,-1,-1,0,10,-1,1,1,3,-1,-1,-1,0,0,1,0,0,10,0,0,0,38.65
1,0,0,0,-1,0,1,0,0,0,0,0,1,0,0,0,-1,2,2,0,0,3,0,4,200,0,9223372036800000000,1,0,10,0,0,7,0,0,1,0,0,1,1,0,0,-1,5,0,3,2,0,1,-1,-1,-1,-1,0,10,-1,1,1,3,-1,-1,-1,0,0,1,0,0,10,0,0,0,33.32
1,0,0,0,-1,0,1,1,0,0,0,0,2,0,-1,0,0,-1,0,-1,-1,3,0,8,100,0,9223372036800000000,50,0,10,0,0,7,0,3,1,0,0,3,1,0,1,-1,0,0,2,2,0,1,-1,-1,-1,-1,0,10,-1,1,1,3,-1,-1,-1,0,0,1,0,0,10,0,0,0,35.31
1,0,0,0,-1,0,1,1,0,0,0,0,2,0,-1,0,-1,-1,0,-1,-1,3,0,8,100,0,9223372036800000000,50,0,10,0,0,7,0,3,1,0,0,3,1,0,1,-1,0,0,2,2,0,1,-1,-1,-1,-1,0,10,-1,1,1,3,-1,-1,-1,0,0,1,0,0,10,0,0,0,35.31
1,0,0,0,-1,0,1,1,0,0,0,0,1,-1,1,2,1,-1,0,0,0,3,0,-1,400,0,9223372036800000000,2,0,10,0,0,7,0,3,1,0,0,1,1,0,3,200,0,0,0,2,0,1,-1,-1,-1,-1,0,10,-1,1,1,3,-1,-1,-1,0,0,1,0,0,10,0,0,0,35.23
1,0,0,0,-1,0,1,0,0,0,0,0,2,0,-1,0,-1,-1,0,-1,-1,3,0,8,100,0,9223372036800000000,50,0,10,0,0,7,0,3,1,0,0,3,1,0,1,-1,0,0,2,2,0,1,-1,-1,-1,-1,0,10,-1,1,1,3,-1,-1,-1,0,0,1,0,0,10,0,0,0,33.48
1,0,0,0,-1,0,1,4,0,0,0,0,0,1,0,0,1,2,2,1,2,3,0,1,200,0,9223372036800000000,240,0,10,0,0,7,0,3,1,0,0,1,1,0,0,100,6,0,3,2,0,1,-1,-1,-1,-1,0,10,-1,1,1,3,-1,-1,-1,0,0,1,0,0,10,0,0,0,42.13
1,0,0,0,-1,0,1,4,0,0,0,0,0,1,0,0,1,2,2,1,2,3,0,1,10,0,9223372036800000000,240,0,10,0,0,7,0,3,1,0,0,1,1,0,0,100,3,0,3,2,0,1,-1,-1,-1,-1,0,10,-1,1,1,3,-1,-1,-1,0,0,1,0,0,10,0,0,0,42.25
1,0,0,0,-1,0,1,2,0,0,1,0,3,3,0,0,0,-1,2,2,-1,3,0,2,200,0,9223372036800000000,40,0,10,0,0,7,0,1,1,0,0,2,1,0,-1,0,0,2,-1,2,0,1,-1,-1,0,0,0,10,-1,1,1,3,-1,-1,-1,0,0,-1,5,0,10,0,0,0,34.38
1,0,0,0,-1,0,1,0,0,0,0,0,0,0,1,-1,0,1,1,2,1,3,0,-1,400,0,9223372036800000000,1e+75,0,10,0,0,7,0,0,1,0,0,1,1,0,0,0,0,0,0,2,0,1,-1,-1,-1,-1,0,10,-1,1,1,3,-1,-1,-1,0,0,1,0,0,10,0,0,0,33.48
1,0,0,0,-1,0,1,1,0,0,0,0,0,1,0,0,-1,2,1,-1,0,3,0,1,800,0,9223372036800000000,2,0,10,0,0,7,0,1,1,0,0,2,1,0,3,200,2,0,3,2,0,1,-1,-1,-1,-1,0,10,-1,1,1,3,-1,-1,-1,0,0,1,0,0,10,0,0,0,41.92
1,0,0,0,-1,0,1,5,0,0,0,0,1,3,-1,-1,0,2,2,1,2,3,0,-1,400,0,9223372036800000000,1e+75,0,10,0,0,7,0,2,1,0,0,3,1,0,1,0,0,0,3,2,0,1,-1,-1,-1,-1,0,10,-1,1,1,3,-1,-1,-1,0,0,1,0,0,10,0,0,0,38.65
1,0,0,0,-1,0,1,2,0,0,0,0,2,0,-1,0,1,0,1,1,1,3,0,2,10,0,9223372036800000000,1,0,10,0,0,7,0,0,1,0,0,3,1,0,2,1000,2,2,0,2,0,1,-1,-1,-1,-1,0,10,-1,1,1,3,-1,-1,-1,0,0,1,0,0,10,0,0,0,32.96
1,0,0,0,-1,0,1,5,0,0,0,0,3,1,0,-1,2,-1,2,-1,1,3,0,-1,50,0,9223372036800000000,120,0,10,0,0,7,0,2,1,0,0,1,1,0,1,100,0,0,3,2,0,1,-1,-1,-1,-1,0,10,-1,1,1,3,-1,-1,-1,0,0,1,0,0,10,0,0,0,42.92
1,0,0,0,-1,0,1,1,0,0,0,0,0,1,-1,0,-1,2,1,-1,0,3,0,1,800,0,9223372036800000000,2,0,10,0,0,7,0,1,1,0,0,2,1,0,3,200,2,0,3,2,0,1,-1,-1,-1,-1,0,10,-1,1,1,3,-1,-1,-1,0,0,1,0,0,10,0,0,0,41.92
1,0,0,0,-1,0,1,1,0,0,0,0,0,1,0,2,-1,2,1,-1,0,3,0,1,800,0,9223372036800000000,2,0,10,0,0,7,0,1,1,0,0,2,1,0,3,0,2,0,3,2,0,1,-1,-1,-1,-1,0,10,-1,1,1,3,-1,-1,-1,0,0,1,0,0,10,0,0,0,41.81
1,0,0,0,-1,0,1,1,0,0,0,0,0,1,0,0,-1,2,1,-1,0,3,0,1,800,0,9223372036800000000,20,0,10,0,0,7,0,1,1,0,0,2,1,0,3,0,2,0,3,2,0,1,-1,-1,-1,-1,0,10,-1,1,1,3,-1,-1,-1,0,0,1,0,0,10,0,0,0,41.81
1,0,0,0,-1,0,1,0,0,0,0,0,2,3,0,0,-1,2,2,-1,0,3,0,8,50,0,9223372036800000000,5,0,10,0,0,7,0,0,1,0,0,3,1,0,-1,0,5,4,4,2,0,1,-1,-1,-1,-1,0,10,-1,1,1,3,-1,-1,-1,0,0,1,1,0,10,0,0,0,33.58
1,0,0,0,-1,0,1,1,0,0,0,0,0,1,0,0,-1,2,1,-1,0,3,0,1,800,0,9223372036800000000,2,0,10,0,0,7,0,1,1,0,0,2,1,0,3,0,2,0,4,2,0,1,-1,-1,-1,-1,0,10,-1,1,1,3,-1,-1,-1,0,0,1,0,0,10,0,0,0,42.56
1,0,0,0,-1,0,1,1,0,0,0,0,0,1,0,0,-1,2,1,-1,0,3,0,1,800,0,9223372036800000000,2,0,10,0,0,7,0,1,1,0,0,2,1,0,3,0,3,0,3,2,0,1,-1,-1,-1,-1,0,10,-1,1,1,3,-1,-1,-1,0,0,1,0,0,10,0,0,0,41.91
1,0,0,0,-1,0,1,3,0,0,0,0,1,0,0,0,0,0,1,0,1,3,0,4,50,0,9223372036800000000,0,0,10,0,0,7,0,3,1,0,0,0,1,0,-1,100,3,5,2,2,0,1,-1,-1,2,-1,0,10,-1,1,1,3,-1,-1,-1,0,0,1,2,0,10,0,0,0,26.05
1,0,0,0,-1,0,1,5,0,0,0,0,-1,-1,1,-1,2,1,0,-1,0,3,0,2,800,0,9223372036800000000,2,0,10,0,0,7,0,0,1,0,0,3,1,0,0,40,2,0,1,2,0,1,-1,-1,-1,-1,0,10,-1,1,1,3,-1,-1,-1,0,0,1,0,0,10,0,0,0,42.8
1,0,0,0,-1,0,1,3,0,0,0,0,2,3,1,1,2,0,-1,1,0,3,0,-1,10,0,9223372036800000000,60,0,10,0,0,7,0,3,1,0,0,1,1,0,-1,40,2,4,2,2,0,1,-1,-1,3,0,0,10,-1,1,1,3,-1,-1,-1,0,0,0,3,0,10,0,0,0,34.68
1,0,0,0,-1,0,1,5,0,0,0,0,-1,-1,1,-1,2,1,0,-1,0,3,0,2,800,0,9223372036800000000,2,0,10,0,0,7,0,1,1,0,0,3,1,0,0,40,2,0,1,2,0,1,-1,-1,-1,-1,0,10,-1,1,1,3,-1,-1,-1,0,0,1,0,0,10,0,0,0,42.8
1,0,0,0,-1,0,1,5,0,0,0,0,-1,-1,1,-1,2,1,0,-1,0,3,0,2,100,0,9223372036800000000,2,0,10,0,0,7,0,0,1,0,0,3,1,0,0,40,2,0,1,2,0,1,-1,-1,-1,-1,0,10,-1,1,1,3,-1,-1,-1,0,0,1,0,0,10,0,0,0,42.8
1,0,0,0,-1,0,1,5,0,0,0,0,-1,-1,1,-1,2,1,0,-1,0,3,0,2,800,0,9223372036800000000,2,0,10,0,0,7,0,0,1,0,0,3,1,0,0,40,2,0,0,2,0,1,-1,-1,-1,-1,0,10,-1,1,1,3,-1,-1,-1,0,0,1,0,0,10,0,0,0,42.79
1,0,0,0,-1,0,1,4,0,0,0,0,3,0,0,2,0,2,0,2,2,3,0,-1,200,0,9223372036800000000,1e+75,0,10,0,0,7,0,0,1,0,0,1,1,0,0,0,0,0,0,2,0,1,-1,-1,-1,-1,0,10,-1,1,1,3,-1,-1,-1,0,0,1,0,0,10,0,0,0,33.69
1,0,0,0,-1,0,1,5,0,0,0,0,3,3,0,1,-1,2,1,-1,2,3,0,8,400,0,9223372036800000000,30,0,10,0,0,7,0,2,1,0,0,2,1,0,0,20,5,5,-1,2,0,1,-1,-1,-1,-1,0,10,-1,1,1,3,-1,-1,-1,0,0,1,0,0,10,0,0,0,42.92
1,0,0,0,-1,0,1,4,0,0,0,0,-1,1,0,-1,1,1,1,2,-1,3,0,8,800,0,9223372036800000000,10,0,10,0,0,7,0,0,1,0,0,0,1,0,3,40,0,0,1,2,0,1,-1,-1,-1,-1,0,10,-1,1,1,3,-1,-1,-1,0,0,1,0,0,10,0,0,0,42.77
1,0,0,0,-1,0,1,3,1,0,3,0,1,2,0,1,2,-1,2,0,0,3,0,4,800,0,9223372036800000000,20,0,10,0,0,7,0,3,1,0,0,2,1,0,3,200,5,1,-1,2,0,1,-1,-1,1,3,0,10,-1,1,1,3,-1,-1,-1,0,0,-1,2,0,10,0,0,0,34.44
1,0,0,0,-1,0,1,4,0,0,0,0,0,1,1,0,1,1,0,2,-1,3,0,2,10,0,9223372036800000000,120,0,10,0,0,7,0,1,1,0,0,2,1,0,3,20,0,0,3,2,0,1,-1,-1,-1,-1,0,10,-1,1,1,3,-1,-1,-1,0,0,1,0,0,10,0,0,0,33.25
1,0,0,0,-1,0,1,4,0,0,0,0,-1,1,0,-1,1,1,1,2,-1,3,0,8,25,0,9223372036800000000,10,0,10,0,0,7,0,0,1,0,0,0,1,0,3,40,0,0,1,2,0,1,-1,-1,-1,-1,0,10,-1,1,1,3,-1,-1,-1,0,0,1,0,0,10,0,0,0,42.77
1,0,0,0,-1,0,1,0,0,0,0,0,0,0,0,0,0,0,0,0,0,3,0,-1,50,0,9223372036800000000,1e+75,0,10,0,0,7,0,0,1,0,0,1,1,0,2,40,0,0,0,2,0,1,-1,-1,-1,-1,0,10,-1,1,1,3,-1,-1,-1,0,0,1,0,0,10,0,0,0,32.97
1,0,0,0,-1,0,1,0,0,0,0,0,3,-1,1,2,0,-1,2,0,1,3,0,-1,10,0,9223372036800000000,5,0,10,0,0,7,0,3,1,0,0,2,1,0,-1,0,0,0,2,2,0,1,-1,-1,-1,-1,0,10,-1,1,1,3,-1,-1,-1,0,0,1,0,0,10,0,0,0,33.66
1,0,0,0,-1,0,1,1,0,0,0,0,0,3,-1,2,1,1,1,-1,1,3,0,4,200,0,9223372036800000000,30,0,10,0,0,7,0,3,1,0,0,2,1,0,0,0,5,4,1,2,0,1,-1,-1,-1,-1,0,10,-1,1,1,3,-1,-1,-1,0,0,1,5,0,10,0,0,0,35.33
1,0,0,0,-1,0,1,4,0,0,0,0,-1,1,0,-1,1,1,1,2,-1,3,0,8,800,0,9223372036800000000,10,0,10,0,0,7,0,0,1,0,0,0,1,0,0,40,0,0,2,2,0,1,-1,-1,-1,-1,0,10,-1,1,1,3,-1,-1,-1,0,0,1,0,0,10,0,0,0,42.69
1,0,0,0,-1,0,1,0,0,0,0,0,-1,-1,1,1,2,1,0,-1,1,3,0,8,150,0,9223372036800000000,5,0,10,0,0,7,0,2,1,0,0,2,1,0,2,100,1,0,0,2,0,1,-1,-1,-1,-1,0,10,-1,1,1,3,-1,-1,-1,0,0,1,0,0,10,0,0,0,42.62
1,0,0,0,-1,0,1,4,0,0,0,0,-1,2,0,1,1,0,1,-1,-1,3,0,4,200,0,9223372036800000000,40,0,10,0,0,7,0,1,1,0,0,1,1,0,2,60,0,0,0,2,0,1,-1,-1,-1,-1,0,10,-1,1,1,3,-1,-1,-1,0,0,1,0,0,10,0,0,0,42.75
1,0,0,0,-1,0,1,3,0,0,0,0,0,0,1,2,2,0,1,2,1,3,0,-1,200,0,9223372036800000000,20,0,10,0,0,7,0,1,1,0,0,0,1,0,3,20,0,0,3,2,0,1,-1,-1,-1,-1,0,10,-1,1,1,3,-1,-1,-1,0,0,1,0,0,10,0,0,0,34.02
1,0,0,0,-1,0,1,0,0,0,0,0,-1,-1,1,1,2,1,0,-1,2,3,0,8,50,0,9223372036800000000,5,0,10,0,0,7,0,2,1,0,0,2,1,0,2,100,1,0,0,2,0,1,-1,-1,-1,-1,0,10,-1,1,1,3,-1,-1,-1,0,0,1,0,0,10,0,0,0,42.62
1,0,0,0,-1,0,1,1,0,0,0,0,2,1,1,-1,2,2,2,2,1,3,0,8,10,0,9223372036800000000,40,0,10,0,0,7,0,1,1,0,0,2,1,0,0,1000,6,2,4,2,0,1,-1,-1,-1,-1,0,10,-1,1,1,3,-1,-1,-1,0,0,1,1,0,10,0,0,0,38.67
1,0,0,0,-1,0,1,0,0,0,0,0,1,0,-1,-1,0,-1,1,0,2,3,0,-1,800,0,9223372036800000000,1e+75,0,10,0,0,7,0,0,1,0,0,1,1,0,0,0,0,0,0,2,0,1,-1,-1,-1,-1,0,10,-1,1,1,3,-1,-1,-1,0,0,1,0,0,10,0,0,0,33.48
1,0,0,0,-1,0,1,0,0,0,0,0,-1,-1,1,1,2,1,0,-1,1,3,0,8,50,0,9223372036800000000,120,0,10,0,0,7,0,2,1,0,0,2,1,0,2,100,1,0,0,2,0,1,-1,-1,-1,-1,0,10,-1,1,1,3,-1,-1,-1,0,0,1,0,0,10,0,0,0,42.62
1,0,0,0,-1,0,1,0,0,0,0,0,1,0,-1,-1,0,-1,2,0,1,3,0,-1,800,0,9223372036800000000,1e+75,0,10,0,0,7,0,0,1,0,0,1,1,0,0,0,0,0,0,2,0,1,-1,-1,-1,-1,0,10,-1,1,1,3,-1,-1,-1,0,0,1,0,0,10,0,0,0,33.48
1,0,0,0,-1,0,1,4,0,0,0,0,3,0,-1,2,2,-1,2,2,1,3,0,8,25,0,9223372036800000000,120,0,10,0,0,7,0,2,1,0,0,1,1,0,3,0,2,3,0,2,0,1,-1,-1,-1,-1,0,10,-1,1,1,3,-1,-1,-1,0,0,1,1,0,10,0,0,0,42.92
1,0,0,0,-1,0,1,0,0,0,0,0,1,0,0,0,-1,2,2,0,0,3,0,4,200,0,9223372036800000000,10,0,10,0,0,7,0,0,1,0,0,1,1,0,0,-1,5,0,3,2,0,1,-1,-1,-1,-1,0,10,-1,1,1,3,-1,-1,-1,0,0,1,0,0,10,0,0,0,33.32
1,0,0,0,-1,0,1,0,0,0,0,0,1,0,0,0,-1,2,2,0,0,3,0,4,200,0,9223372036800000000,20,0,10,0,0,7,0,0,1,0,0,1,1,0,0,-1,5,0,3,2,0,1,-1,-1,-1,-1,0,10,-1,1,1,3,-1,-1,-1,0,0,1,0,0,10,0,0,0,33.32
1,0,0,0,-1,0,1,2,0,0,0,0,-1,0,0,-1,-1,-1,0,0,1,3,0,-1,25,0,9223372036800000000,0,0,10,0,0,7,0,0,1,0,0,3,1,0,1,0,0,0,3,2,0,1,-1,-1,-1,-1,0,10,-1,1,1,3,-1,-1,-1,0,0,1,0,0,10,0,0,0,42.09
1,0,0,0,-1,0,1,0,0,0,0,0,1,0,-1,0,-1,2,2,0,0,3,0,4,200,0,9223372036800000000,1,0,10,0,0,7,0,0,1,0,0,1,1,0,0,-1,5,0,3,2,0,1,-1,-1,-1,-1,0,10,-1,1,1,3,-1,-1,-1,0,0,1,0,0,10,0,0,0,33.32
1,0,0,0,-1,0,1,0,0,0,0,0,1,0,0,0,-1,2,2,0,0,3,0,4,200,0,9223372036800000000,1,0,10,0,0,7,0,0,1,0,0,1,1,0,0,-1,6,0,3,2,0,1,-1,-1,-1,-1,0,10,-1,1,1,3,-1,-1,-1,0,0,1,0,0,10,0,0,0,33.62
1,0,0,0,-1,0,1,4,0,0,0,0,1,-1,-1,-1,2,2,-1,2,-1,3,0,-1,10,0,9223372036800000000,30,0,10,0,0,7,0,3,1,0,0,0,1,0,1,0,0,0,-1,2,0,1,-1,-1,-1,-1,0,10,-1,1,1,3,-1,-1,-1,0,0,1,0,0,10,0,0,0,33.51
1,0,0,0,-1,0,1,3,0,0,0,0,3,3,0,1,-1,-1,1,-1,-1,3,0,2,800,0,9223372036800000000,5,0,10,0,0,7,0,2,1,0,0,2,1,0,2,1000,5,0,4,2,0,1,-1,-1,-1,-1,0,10,-1,1,1,3,-1,-1,-1,0,0,1,0,0,10,0,0,0,34.9
1,0,0,0,-1,0,1,3,0,0,0,0,3,3,0,0,2,-1,1,-1,-1,3,0,2,800,0,9223372036800000000,5,0,10,0,0,7,0,2,1,0,0,2,1,0,2,1000,5,0,4,2,0,1,-1,-1,-1,-1,0,10,-1,1,1,3,-1,-1,-1,0,0,1,0,0,10,0,0,0,34.9
1,0,0,0,-1,0,1,3,0,0,0,0,3,3,0,0,0,-1,1,-1,-1,3,0,2,800,0,9223372036800000000,5,0,10,0,0,7,0,2,1,0,0,2,1,0,2,1000,5,0,4,2,0,1,-1,-1,-1,-1,0,10,-1,1,1,3,-1,-1,-1,0,0,1,0,0,10,0,0,0,34.9
1,0,0,0,-1,0,1,3,0,0,0,0,3,3,0,0,-1,-1,1,-1,-1,3,0,2,800,0,9223372036800000000,120,0,10,0,0,7,0,2,1,0,0,2,1,0,2,1000,5,0,4,2,0,1,-1,-1,-1,-1,0,10,-1,1,1,3,-1,-1,-1,0,0,1,0,0,10,0,0,0,34.9
1,0,0,0,-1,0,1,0,0,0,0,0,3,3,0,0,-1,-1,1,-1,-1,3,0,2,800,0,9223372036800000000,5,0,10,0,0,7,0,2,1,0,0,2,1,0,2,1000,5,0,4,2,0,1,-1,-1,-1,-1,0,10,-1,1,1,3,-1,-1,-1,0,0,1,0,0,10,0,0,0,32.86
1,0,0,0,-1,0,1,0,0,0,0,0,3,3,0,0,-1,-1,1,-1,-1,3,0,4,800,0,9223372036800000000,5,0,10,0,0,7,0,2,1,0,0,2,1,0,2,1000,5,0,4,2,0,1,-1,-1,-1,-1,0,10,-1,1,1,3,-1,-1,-1,0,0,1,0,0,10,0,0,0,32.86
1,0,0,0,-1,0,1,3,0,0,0,0,-1,0,-1,-1,1,-1,-1,1,-1,3,0,4,100,0,9223372036800000000,50,0,10,0,0,7,0,0,1,0,0,2,1,0,3,0,1,0,0,2,0,1,-1,-1,-1,-1,0,10,-1,1,1,3,-1,-1,-1,0,0,1,0,0,10,0,0,0,42.66
1,0,0,0,-1,0,1,0,0,0,5,0,-1,3,-1,2,2,-1,1,-1,-1,3,0,1,10,0,9223372036800000000,0,0,10,0,0,7,0,0,1,0,0,3,1,0,2,100,5,0,4,2,0,1,-1,-1,0,3,0,10,-1,1,1,3,-1,-1,-1,0,0,-1,4,0,10,0,0,0,42.56
1,0,0,0,-1,0,1,0,0,0,0,0,3,2,0,1,2,1,-1,-1,1,3,0,-1,150,0,9223372036800000000,0,0,10,0,0,7,0,2,1,0,0,2,1,0,2,0,0,0,1,2,0,1,-1,-1,-1,-1,0,10,-1,1,1,3,-1,-1,-1,0,0,1,0,0,10,0,0,0,33.18
1,0,0,0,-1,0,1,3,0,0,0,0,-1,0,-1,-1,1,-1,2,1,-1,3,0,4,100,0,9223372036800000000,50,0,10,0,0,7,0,0,1,0,0,2,1,0,3,0,1,0,0,2,0,1,-1,-1,-1,-1,0,10,-1,1,1,3,-1,-1,-1,0,0,1,0,0,10,0,0,0,42.66
1,0,0,0,-1,0,1,5,1,0,5,0,-1,-1,-1,-1,2,1,-1,-1,0,3,0,1,800,0,9223372036800000000,50,0,10,0,0,7,0,3,1,0,0,0,1,0,1,20,1,2,3,2,0,1,-1,-1,-1,2,0,10,-1,1,1,3,-1,-1,-1,0,0,1,2,0,10,0,0,0,30.05
1,0,0,0,-1,0,1,3,0,0,0,0,-1,0,-1,-1,1,-1,-1,2,-1,3,0,4,100,0,9223372036800000000,50,0,10,0,0,7,0,0,1,0,0,2,1,0,3,0,1,0,0,2,0,1,-1,-1,-1,-1,0,10,-1,1,1,3,-1,-1,-1,0,0,1,0,0,10,0,0,0,42.66
1,0,0,0,-1,0,1,5,0,0,0,0,0,3,0,2,0,0,1,1,2,3,0,8,100,0,9223372036800000000,1,0,10,0,0,7,0,0,1,0,0,1,1,0,1,100,3,0,3,2,0,1,-1,-1,-1,-1,0,10,-1,1,1,3,-1,-1,-1,0,0,1,0,0,10,0,0,0,42.73
1,0,0,0,-1,0,1,5,0,0,0,0,0,2,0,-1,0,-1,1,2,-1,3,0,4,400,0,9223372036800000000,240,0,10,0,0,7,0,2,1,0,0,1,1,0,3,1000,3,0,4,2,0,1,-1,-1,-1,-1,0,10,-1,1,1,3,-1,-1,-1,0,0,1,0,0,10,0,0,0,42.79
1,0,0,0,-1,0,1,2,0,0,1,0,3,3,0,0,0,-1,2,2,-1,3,0,2,200,0,9223372036800000000,40,0,10,0,0,7,0,1,1,0,0,2,1,0,-1,0,0,2,-1,2,0,1,-1,-1,0,3,0,10,-1,1,1,3,-1,-1,-1,0,0,-1,5,0,10,0,0,0,34.38
1,0,0,0,-1,0,1,3,0,0,0,0,3,3,0,2,-1,1,2,2,1,3,0,-1,100,0,9223372036800000000,1e+75,0,10,0,0,7,0,3,1,0,0,3,1,0,0,0,0,0,1,2,0,1,-1,-1,-1,-1,0,10,-1,1,1,3,-1,-1,-1,0,0,1,0,0,10,0,0,0,35.23
1,0,0,0,-1,0,1,5,0,0,0,0,0,2,0,-1,0,-1,1,2,-1,3,0,4,400,0,9223372036800000000,1,0,10,0,0,7,0,2,1,0,0,1,1,0,3,1000,3,0,-1,2,0,1,-1,-1,-1,-1,0,10,-1,1,1,3,-1,-1,-1,0,0,1,0,0,10,0,0,0,42.92
1,0,0,0,-1,0,1,5,0,0,0,0,0,2,0,-1,0,-1,1,2,-1,3,0,4,400,0,9223372036800000000,1,0,10,0,0,7,0,2,1,0,0,1,1,0,3,1000,1,0,4,2,0,1,-1,-1,-1,-1,0,10,-1,1,1,3,-1,-1,-1,0,0,1,0,0,10,0,0,0,42.79
1,0,0,0,-1,0,1,5,0,0,0,0,0,2,0,-1,0,-1,1,2,-1,3,0,4,400,0,9223372036800000000,1,0,10,0,0,7,0,2,1,0,0,1,1,0,3,0,3,0,4,2,0,1,-1,-1,-1,-1,0,10,-1,1,1,3,-1,-1,-1,0,0,1,0,0,10,0,0,0,42.79
1,0,0,0,-1,0,1,5,0,0,0,0,0,2,0,-1,0,-1,1,2,-1,3,0,4,400,0,9223372036800000000,1,0,10,0,0,7,0,2,1,0,0,3,1,0,3,1000,3,0,4,2,0,1,-1,-1,-1,-1,0,10,-1,1,1,3,-1,-1,-1,0,0,1,0,0,10,0,0,0,42.79
1,0,0,0,-1,0,1,5,0,0,0,0,0,3,0,2,0,0,1,1,2,3,0,8,100,0,9223372036800000000,60,0,10,0,0,7,0,0,1,0,0,1,1,0,1,40,1,0,3,2,0,1,-1,-1,-1,-1,0,10,-1,1,1,3,-1,-1,-1,0,0,1,0,0,10,0,0,0,38.82
1,0,0,0,-1,0,1,4,0,0,0,0,1,1,1,0,1,0,0,1,0,3,0,1,25,0,9223372036800000000,30,0,10,0,0,7,0,1,1,0,0,0,1,0,2,100,3,0,4,2,0,1,-1,-1,-1,-1,0,10,-1,1,1,3,-1,-1,-1,0,0,1,0,0,10,0,0,0,42.56
1,0,0,0,-1,0,1,5,1,0,4,0,1,-1,-1,1,0,2,2,1,-1,3,0,16,10,0,9223372036800000000,2,0,10,0,0,7,0,1,1,0,0,0,1,0,2,60,5,5,3,2,0,1,-1,-1,3,0,0,10,-1,1,1,3,-1,-1,-1,0,0,0,5,0,10,0,0,0,27.32
1,0,0,0,-1,0,1,5,0,0,4,0,2,3,-1,0,-1,2,0,2,0,3,0,-1,50,0,9223372036800000000,60,0,10,0,0,7,0,0,1,0,0,2,1,0,2,1000,2,1,0,2,0,1,-1,-1,2,1,0,10,-1,1,1,3,-1,-1,-1,0,0,1,0,0,10,0,0,0,42.79
1,0,0,0,-1,0,1,4,0,0,0,0,1,1,1,0,1,0,0,1,0,3,0,1,25,0,9223372036800000000,1,0,10,0,0,7,0,1,1,0,0,0,1,0,1,100,3,0,4,2,0,1,-1,-1,-1,-1,0,10,-1,1,1,3,-1,-1,-1,0,0,1,0,0,10,0,0,0,42.56
1,0,0,0,-1,0,1,4,0,0,0,0,1,1,1,0,1,0,0,1,0,3,0,-1,25,0,9223372036800000000,1,0,10,0,0,7,0,1,1,0,0,2,1,0,2,100,3,0,4,2,0,1,-1,-1,-1,-1,0,10,-1,1,1,3,-1,-1,-1,0,0,1,0,0,10,0,0,0,32.92
1,0,0,0,-1,0,1,5,0,0,0,0,1,2,1,-1,-1,0,2,-1,-1,3,0,-1,200,0,9223372036800000000,1,0,10,0,0,7,0,3,1,0,0,0,1,0,3,100,6,3,0,2,0,1,-1,-1,-1,-1,0,10,-1,1,1,3,-1,-1,-1,0,0,1,0,0,10,0,0,0,42.92
1,0,0,0,-1,0,1,2,0,0,0,0,3,-1,-1,2,2,-1,0,2,-1,3,0,-1,25,0,9223372036800000000,0,0,10,0,0,7,0,1,1,0,0,1,1,0,0,0,0,0,0,2,0,1,-1,-1,-1,-1,0,10,-1,1,1,3,-1,-1,-1,0,0,1,0,0,10,0,0,0,33.48
1,0,0,0,-1,0,1,5,0,0,0,0,1,3,1,-1,0,-1,-1,0,-1,3,0,16,400,0,9223372036800000000,50,0,10,0,0,7,0,3,1,0,0,3,1,0,1,60,5,1,2,2,0,1,-1,-1,-1,-1,0,10,-1,1,1,3,-1,-1,-1,0,0,1,3,0,10,0,0,0,42.64
1,0,0,0,-1,0,1,2,0,0,0,0,-1,1,-1,2,2,2,2,2,2,3,0,1,10,0,9223372036800000000,2,0,10,0,0,7,0,2,1,0,0,2,1,0,0,60,2,0,-1,2,0,1,-1,-1,-1,-1,0,10,-1,1,1,3,-1,-1,-1,0,0,1,0,0,10,0,0,0,42.92
1,0,0,0,-1,0,1,2,0,0,0,0,-1,1,-1,2,2,2,2,2,0,3,0,1,10,0,9223372036800000000,2,0,10,0,0,7,0,2,1,0,0,2,1,0,0,60,2,0,-1,2,0,1,-1,-1,-1,-1,0,10,-1,1,1,3,-1,-1,-1,0,0,1,0,0,10,0,0,0,42.92
1,0,0,0,-1,0,1,3,0,0,0,0,1,0,0,0,0,2,0,0,-1,3,0,-1,25,0,9223372036800000000,1e+75,0,10,0,0,7,0,0,1,0,0,1,1,0,0,0,0,0,0,2,0,1,-1,-1,-1,-1,0,10,-1,1,1,3,-1,-1,-1,0,0,1,0,0,10,0,0,0,33.75
1,0,0,0,-1,0,1,2,0,0,0,0,-1,1,-1,2,2,2,2,2,1,3,0,1,10,0,9223372036800000000,120,0,10,0,0,7,0,2,1,0,0,2,1,0,0,60,2,0,-1,2,0,1,-1,-1,-1,-1,0,10,-1,1,1,3,-1,-1,-1,0,0,1,0,0,10,0,0,0,42.92
1,0,0,0,-1,0,1,2,0,0,0,0,-1,1,-1,2,2,2,2,2,1,3,0,1,10,0,9223372036800000000,240,0,10,0,0,7,0,2,1,0,0,2,1,0,0,60,2,0,-1,2,0,1,-1,-1,-1,-1,0,10,-1,1,1,3,-1,-1,-1,0,0,1,0,0,10,0,0,0,42.92
1,0,0,0,-1,0,1,0,0,0,0,0,0,0,0,0,0,0,0,0,0,3,0,-1,50,0,9223372036800000000,240,0,10,0,0,7,0,0,1,0,0,1,1,0,2,60,0,0,0,2,0,1,-1,-1,2,-1,0,10,-1,1,1,3,-1,-1,-1,0,0,1,0,0,10,0,0,0,32.88
1,0,0,0,-1,0,1,2,0,0,0,0,-1,1,-1,2,2,2,2,2,1,3,0,-1,10,0,9223372036800000000,2,0,10,0,0,7,0,2,1,0,0,2,1,0,0,60,2,0,-1,2,0,1,-1,-1,-1,-1,0,10,-1,1,1,3,-1,-1,-1,0,0,1,0,0,10,0,0,0,42.64
1,0,0,0,-1,0,1,2,0,0,0,0,-1,1,-1,2,2,2,2,2,1,3,0,-1,10,0,9223372036800000000,0,0,10,0,0,7,0,2,1,0,0,2,1,0,0,60,2,0,-1,2,0,1,-1,-1,-1,-1,0,10,-1,1,1,3,-1,-1,-1,0,0,1,0,0,10,0,0,0,42.64
1,0,0,0,-1,0,1,0,0,0,0,0,0,0,0,0,0,0,0,0,0,3,0,-1,50,0,9223372036800000000,1e+75,0,10,0,0,7,0,0,1,0,0,1,1,0,2,60,0,0,0,2,0,1,-1,-1,-1,-1,0,10,-1,1,1,3,-1,-1,-1,0,0,1,5,0,10,0,0,0,33.72
1,0,0,0,-1,0,1,3,0,0,0,0,3,0,1,0,-1,0,-1,2,1,3,0,-1,150,0,9223372036800000000,1e+75,0,10,0,0,7,0,0,1,0,0,1,1,0,2,0,0,0,0,2,0,1,-1,-1,-1,-1,0,10,-1,1,1,3,-1,-1,-1,0,0,1,0,0,10,0,0,0,33.72
1,0,0,0,-1,0,1,2,0,0,0,0,2,3,1,-1,0,1,1,1,2,3,0,16,10,0,9223372036800000000,5,0,10,0,0,7,0,1,1,0,0,2,1,0,2,500,6,0,0,2,0,1,-1,-1,-1,-1,0,10,-1,1,1,3,-1,-1,-1,0,0,1,0,0,10,0,0,0,32.88
1,0,0,0,-1,0,1,5,1,0,4,0,1,-1,-1,1,0,2,2,1,-1,3,0,16,10,0,9223372036800000000,40,0,10,0,0,7,0,1,1,0,0,0,1,0,2,60,5,5,3,2,0,1,-1,-1,3,3,0,10,-1,1,1,3,-1,-1,-1,0,0,0,5,0,10,0,0,0,27.32
1,0,0,0,-1,0,1,2,0,0,0,0,2,3,1,-1,0,1,1,1,2,3,0,16,10,0,9223372036800000000,120,0,10,0,0,7,0,1,1,0,0,2,1,0,2,500,6,0,0,2,0,1,-1,-1,-1,-1,0,10,-1,1,1,3,-1,-1,-1,0,0,1,0,0,10,0,0,0,32.88
1,0,0,0,-1,0,1,0,0,0,0,0,0,0,0,0,0,0,0,0,0,3,0,-1,150,0,9223372036800000000,240,0,10,0,0,7,0,0,1,0,0,1,1,0,2,60,0,0,0,2,0,1,-1,-1,-1,-1,0,10,-1,1,1,3,-1,-1,-1,0,0,1,0,0,10,0,0,0,32.92
1,0,0,0,-1,0,1,2,0,0,0,0,2,3,1,-1,0,1,1,1,2,3,0,16,200,0,9223372036800000000,5,0,10,0,0,7,0,1,1,0,0,2,1,0,2,500,6,0,0,2,0,1,-1,-1,-1,-1,0,10,-1,1,1,3,-1,-1,-1,0,0,1,0,0,10,0,0,0,32.92
1,0,0,0,-1,0,1,0,0,0,0,0,0,3,-1,-1,2,1,2,-1,2,3,0,-1,50,0,9223372036800000000,2,0,10,0,0,7,0,3,1,0,0,0,1,0,2,0,0,0,2,2,0,1,-1,-1,-1,-1,0,10,-1,1,1,3,-1,-1,-1,0,0,1,0,0,10,0,0,0,33.03
1,0,0,0,-1,0,1,2,0,0,0,0,2,3,1,-1,0,1,1,1,2,3,0,16,10,0,9223372036800000000,5,0,10,0,0,7,0,2,1,0,0,2,1,0,2,500,6,0,0,2,0,1,-1,-1,-1,-1,0,10,-1,1,1,3,-1,-1,-1,0,0,1,0,0,10,0,0,0,32.88
1,0,0,0,-1,0,1,2,0,0,0,0,-1,3,1,-1,0,1,1,1,2,3,0,16,10,0,9223372036800000000,5,0,10,0,0,7,0,1,1,0,0,2,1,0,2,500,6,0,0,2,0,1,-1,-1,-1,-1,0,10,-1,1,1,3,-1,-1,-1,0,0,1,0,0,10,0,0,0,42.73
1,0,0,0,-1,0,1,2,0,0,0,0,2,3,1,-1,0,1,1,1,2,3,0,16,10,0,9223372036800000000,40,0,10,0,0,7,0,1,1,0,0,2,1,0,2,500,6,0,0,2,0,1,-1,-1,-1,-1,0,10,-1,1,1,3,-1,-1,-1,0,0,1,0,0,10,0,0,0,32.88
1,0,0,0,-1,0,1,1,0,0,0,0,2,1,0,-1,2,1,-1,1,1,3,0,-1,150,0,9223372036800000000,2,0,10,0,0,7,0,1,1,0,0,3,1,0,3,0,0,0,1,2,0,1,-1,-1,-1,-1,0,10,-1,1,1,3,-1,-1,-1,0,0,1,0,0,10,0,0,0,35.23
1,0,0,0,-1,0,1,3,0,0,0,0,1,0,-1,-1,0,2,1,2,-1,3,0,-1,25,0,9223372036800000000,1e+75,0,10,0,0,7,0,0,1,0,0,1,1,0,0,0,0,0,0,2,0,1,-1,-1,-1,-1,0,10,-1,1,1,3,-1,-1,-1,0,0,1,0,0,10,0,0,0,33.75
1,0,0,0,-1,0,1,1,0,0,0,0,2,0,-1,2,-1,-1,-1,0,-1,3,0,8,25,0,9223372036800000000,0,0,10,0,0,7,0,1,1,0,0,1,1,0,2,500,4,2,1,2,0,1,-1,-1,-1,-1,0,10,-1,1,1,3,-1,-1,-1,0,0,1,0,0,10,0,0,0,45.77
1,0,0,0,-1,0,1,2,0,0,0,0,2,-1,0,1,2,2,2,-1,1,3,0,-1,50,0,9223372036800000000,0,0,10,0,0,7,0,1,1,0,0,2,1,0,3,200,0,0,2,2,0,1,-1,-1,-1,-1,0,10,-1,1,1,3,-1,-1,-1,0,0,1,0,0,10,0,0,0,33.25
1,0,0,0,-1,0,1,5,0,0,0,0,1,2,1,-1,-1,0,2,-1,-1,3,0,-1,200,0,9223372036800000000,1,0,10,0,0,7,0,3,1,0,0,0,1,0,3,60,6,3,0,2,0,1,-1,-1,-1,-1,0,10,-1,1,1,3,-1,-1,-1,0,0,1,0,0,10,0,0,0,42.92
1,0,0,0,-1,0,1,3,0,0,0,0,1,0,0,0,0,0,1,0,1,3,0,4,50,0,9223372036800000000,0,0,10,0,0,7,0,3,1,0,0,0,1,0,-1,40,3,5,2,2,0,1,-1,-1,-1,-1,0,10,-1,1,1,3,-1,-1,-1,0,0,1,2,0,10,0,0,0,26.05
1,0,0,0,-1,0,1,2,0,0,0,0,2,3,1,2,0,1,1,1,2,3,0,16,10,0,9223372036800000000,5,0,10,0,0,7,0,1,1,0,0,2,1,0,2,500,6,0,0,2,0,1,-1,-1,-1,-1,0,10,-1,1,1,3,-1,-1,-1,0,0,1,0,0,10,0,0,0,32.88
1,0,0,0,-1,0,1,0,0,0,0,0,0,-1,0,0,0,0,0,0,0,3,0,-1,150,0,9223372036800000000,1e+75,0,10,0,0,7,0,0,1,0,0,1,1,0,0,0,0,0,0,2,0,1,-1,-1,-1,-1,0,10,-1,1,1,3,-1,-1,-1,0,0,1,0,0,10,0,0,0,33.37
1,0,0,0,-1,0,1,5,0,0,0,0,-1,2,-1,2,0,-1,0,1,2,3,0,1,100,0,9223372036800000000,120,0,10,0,0,7,0,1,1,0,0,0,1,0,0,60,5,2,1,2,0,1,-1,-1,-1,-1,0,10,-1,1,1,3,-1,-1,-1,0,0,1,3,0,10,0,0,0,42.92
1,0,0,0,-1,0,1,3,0,0,0,0,0,3,-1,0,2,-1,1,1,1,3,0,8,25,0,9223372036800000000,40,0,10,0,0,7,0,3,1,0,0,1,1,0,3,200,1,0,3,2,0,1,-1,-1,-1,-1,0,10,-1,1,1,3,-1,-1,-1,0,0,1,0,0,10,0,0,0,36.3
1,0,0,0,-1,0,1,3,0,0,0,0,0,3,-1,0,2,-1,1,1,1,3,0,8,25,0,9223372036800000000,10,0,10,0,0,7,0,3,1,0,0,1,1,0,3,200,1,0,3,2,0,1,-1,-1,-1,-1,0,10,-1,1,1,3,-1,-1,-1,0,0,1,0,0,10,0,0,0,36.3
1,0,0,0,-1,0,1,2,0,0,0,0,3,0,0,1,-1,0,0,-1,0,3,0,-1,400,0,9223372036800000000,1e+75,0,10,0,0,7,0,0,1,0,0,1,1,0,0,0,0,0,0,2,0,1,-1,-1,-1,-1,0,10,-1,1,1,3,-1,-1,-1,0,0,1,0,0,10,0,0,0,33.48
1,0,0,0,-1,0,1,3,0,0,0,0,0,3,-1,0,2,-1,1,1,1,3,0,8,25,0,9223372036800000000,40,0,10,0,0,7,0,3,1,0,0,1,1,0,3,200,4,0,3,2,0,1,-1,-1,-1,-1,0,10,-1,1,1,3,-1,-1,-1,0,0,1,0,0,10,0,0,0,64.91
1,0,0,0,-1,0,1,3,0,0,0,0,0,3,-1,0,2,-1,1,1,1,3,0,8,25,0,9223372036800000000,40,0,10,0,0,7,0,3,1,0,0,1,1,0,3,0,1,0,3,2,0,1,-1,-1,-1,-1,0,10,-1,1,1,3,-1,-1,-1,0,0,1,0,0,10,0,0,0,36.3
1,0,0,0,-1,0,1,1,0,0,0,0,0,0,1,0,1,0,1,0,2,3,0,16,100,0,9223372036800000000,40,0,10,0,0,7,0,2,1,0,0,1,1,0,-1,500,0,1,4,2,0,1,-1,-1,3,0,0,10,-1,1,1,3,-1,-1,-1,0,0,1,2,0,10,0,0,0,38.67
1,0,0,0,-1,0,1,3,0,0,0,0,-1,3,-1,0,2,-1,1,1,1,3,0,8,25,0,9223372036800000000,40,0,10,0,0,7,0,3,1,0,0,1,1,0,3,200,1,0,3,2,0,1,-1,-1,-1,-1,0,10,-1,1,1,3,-1,-1,-1,0,0,1,0,0,10,0,0,0,42.65
1,0,0,0,-1,0,1,2,0,0,3,0,2,0,1,2,-1,-1,0,2,2,3,0,8,25,0,9223372036800000000,2,0,10,0,0,7,0,0,1,0,0,3,1,0,2,-1,3,5,-1,2,0,1,-1,-1,2,3,0,10,-1,1,1,3,-1,-1,-1,0,0,0,0,0,10,0,0,0,33.8
1,0,0,0,-1,0,1,4,0,0,0,0,3,0,1,-1,2,0,2,0,-1,3,0,4,25,0,9223372036800000000,60,0,10,0,0,7,0,0,1,0,0,2,1,0,0,-1,3,0,2,2,0,1,-1,-1,-1,-1,0,10,-1,1,1,3,-1,-1,-1,0,0,1,0,0,10,0,0,0,33.48
1,0,0,0,-1,0,1,4,0,0,0,0,-1,3,0,2,1,2,2,1,2,3,0,-1,400,0,9223372036800000000,10,0,10,0,0,7,0,3,1,0,0,0,1,0,-1,0,0,0,-1,2,0,1,-1,-1,-1,-1,0,10,-1,1,1,3,-1,-1,-1,0,0,1,0,0,10,0,0,0,42.71
1,0,0,0,-1,0,1,4,0,0,0,0,3,0,1,-1,2,0,2,0,2,3,0,4,25,0,9223372036800000000,60,0,10,0,0,7,0,0,1,0,0,2,1,0,0,1000,3,0,2,2,0,1,-1,-1,-1,-1,0,10,-1,1,1,3,-1,-1,-1,0,0,1,0,0,10,0,0,0,33.48
1,0,0,0,-1,0,1,4,0,0,0,0,3,0,1,-1,2,0,2,0,-1,3,0,4,25,0,9223372036800000000,60,0,10,0,0,7,0,0,1,0,0,2,1,0,0,-1,2,0,2,2,0,1,-1,-1,-1,-1,0,10,-1,1,1,3,-1,-1,-1,0,0,1,0,0,10,0,0,0,33.36
1,0,0,0,-1,0,1,4,0,0,0,0,3,3,-1,0,2,1,-1,-1,2,3,0,8,10,0,9223372036800000000,60,0,10,0,0,7,0,0,1,0,0,0,1,0,3,40,0,0,-1,2,0,1,-1,-1,-1,-1,0,10,-1,1,1,3,-1,-1,-1,0,0,1,0,0,10,0,0,0,33.25
1,0,0,0,-1,0,1,1,0,0,0,0,3,0,-1,1,1,1,2,-1,1,3,0,16,400,0,9223372036800000000,1e+75,0,10,0,0,7,0,2,1,0,0,1,1,0,-1,100,5,1,-1,2,0,1,-1,-1,-1,-1,0,10,-1,1,1,3,-1,-1,-1,0,0,1,0,0,10,0,0,0,38.67
1,0,0,0,-1,0,1,1,0,0,0,0,3,0,-1,1,1,1,2,-1,1,3,0,16,400,0,9223372036800000000,1e+75,0,10,0,0,7,0,2,1,0,0,1,1,0,-1,100,5,3,-1,2,0,1,-1,-1,-1,-1,0,10,-1,1,1,3,-1,-1,-1,0,0,1,0,0,10,0,0,0,53.13
1,0,0,0,-1,0,1,1,0,0,0,0,3,0,-1,1,1,1,2,-1,1,3,0,16,400,0,9223372036800000000,1e+75,0,10,0,0,7,0,2,1,0,0,1,1,0,-1,100,5,5,-1,2,0,1,-1,-1,-1,-1,0,10,-1,1,1,3,-1,-1,-1,0,0,1,0,0,10,0,0,0,45.19
1,0,0,0,-1,0,1,1,0,0,0,0,2,1,1,-1,-1,2,2,2,1,3,0,8,10,0,9223372036800000000,240,0,10,0,0,7,0,1,1,0,0,2,1,0,0,1000,6,2,4,2,0,1,-1,-1,-1,-1,0,10,-1,1,1,3,-1,-1,-1,0,0,1,3,0,10,0,0,0,35.56
1,0,0,0,-1,0,1,1,0,0,0,0,3,0,-1,1,1,1,2,-1,1,3,0,16,400,0,9223372036800000000,1e+75,0,10,0,0,7,0,2,1,0,0,1,1,0,-1,100,5,0,-1,2,0,1,-1,-1,-1,-1,0,10,-1,1,1,3,-1,-1,-1,0,0,1,1,0,10,0,0,0,48.58
1,0,0,0,-1,0,1,1,0,0,0,0,3,0,-1,1,1,1,2,-1,1,3,0,16,400,0,9223372036800000000,1e+75,0,10,0,0,7,0,2,1,0,0,1,1,0,-1,100,5,0,-1,2,0,1,-1,-1,-1,-1,0,10,-1,1,1,3,-1,-1,-1,0,0,1,4,0,10,0,0,0,35.51
1,0,0,0,-1,0,1,2,0,0,0,0,1,2,1,1,0,1,-1,1,2,3,0,-1,800,0,9223372036800000000,60,0,10,0,0,7,0,2,1,0,0,0,1,0,-1,200,0,0,0,2,0,1,-1,-1,-1,-1,0,10,-1,1,1,3,-1,-1,-1,0,0,1,0,0,10,0,0,0,33.48
1,0,0,0,-1,0,1,1,0,0,0,0,3,0,-1,1,1,1,2,-1,1,3,0,16,400,0,9223372036800000000,1e+75,0,10,0,0,7,0,2,1,0,0,1,1,0,-1,100,5,0,-1,2,0,1,-1,-1,-1,-1,0,10,-1,1,1,3,-1,-1,-1,0,0,1,5,0,10,0,0,0,45.19
1,0,0,0,-1,0,1,0,0,0,0,0,3,-1,1,2,-1,0,-1,2,-1,3,0,-1,150,0,9223372036800000000,0,0,10,0,0,7,0,3,1,0,0,0,1,0,-1,100,0,0,-1,2,0,1,-1,-1,-1,-1,0,10,-1,1,1,3,-1,-1,-1,0,0,1,0,0,10,0,0,0,33.3
1,0,0,0,-1,0,1,4,0,0,0,0,3,1,-1,2,-1,-1,2,2,1,3,0,8,25,0,9223372036800000000,120,0,10,0,0,7,0,2,1,0,0,1,1,0,3,0,3,3,0,2,0,1,-1,-1,-1,-1,0,10,-1,1,1,3,-1,-1,-1,0,0,1,1,0,10,0,0,0,5486.67
2,0,0,0,-1,0,1,1,0,0,0,0,3,0,-1,1,1,1,2,-1,1,3,0,16,400,0,9223372036800000000,1e+75,0,10,0,0,7,0,2,1,0,0,1,1,0,-1,100,5,0,-1,2,0,1,-1,-1,-1,-1,0,10,-1,1,1,3,-1,-1,-1,0,0,1,0,0,10,0,0,0,26.45
1,0,0,0,-1,0,1,1,0,0,0,0,3,0,-1,1,1,1,2,-1,1,0,0,16,400,0,9223372036800000000,1e+75,0,10,0,0,7,0,2,1,0,0,1,1,0,-1,100,5,0,-1,2,0,1,-1,-1,-1,-1,0,10,-1,1,1,3,-1,-1,-1,0,0,1,0,0,10,0,0,0,26.45
1,0,0,0,-1,0,1,3,1,0,3,0,1,2,0,1,2,-1,2,0,0,3,0,4,800,0,9223372036800000000,1e+75,0,10,0,0,7,0,3,1,0,0,2,1,0,3,200,5,5,-1,2,0,1,-1,-1,1,3,0,10,-1,1,1,3,-1,-1,-1,0,0,-1,3,0,10,0,0,0,33.14
1,0,0,0,-1,0,1,5,0,0,0,0,1,1,-1,0,-1,1,0,2,-1,3,0,8,100,0,9223372036800000000,1e+75,0,10,0,0,7,0,3,1,0,0,0,1,0,3,200,0,0,0,2,0,1,-1,-1,-1,-1,0,10,-1,1,1,3,-1,-1,-1,0,0,1,0,0,10,0,0,0,42.92
1,0,0,0,-1,0,1,0,0,0,0,0,0,0,0,0,0,0,0,0,0,3,0,-1,50,0,9223372036800000000,240,0,10,0,0,7,0,0,1,0,0,1,1,0,2,60,0,0,1,2,0,1,-1,-1,-1,-1,0,10,-1,1,1,3,-1,-1,-1,0,0,1,0,0,10,0,0,0,32.88
1,0,0,0,-1,0,1,3,0,0,0,0,-1,0,-1,-1,1,-1,-1,1,-1,3,0,1,100,0,9223372036800000000,50,0,10,0,0,7,0,0,1,0,0,2,1,0,3,0,1,0,0,2,0,1,-1,-1,-1,-1,0,10,-1,1,1,3,-1,-1,-1,0,0,1,0,0,10,0,0,0,42.92
1,0,0,0,-1,0,1,1,0,0,0,0,3,0,-1,1,1,1,2,-1,1,1,0,16,400,0,9223372036800000000,1e+75,0,10,0,0,7,0,2,1,0,0,1,1,0,-1,100,5,0,-1,2,0,1,-1,-1,-1,-1,0,10,-1,1,1,3,-1,-1,-1,0,0,1,0,0,10,0,0,0,26.45
1,0,0,0,-1,0,1,1,0,0,0,0,3,0,-1,1,1,1,2,-1,1,2,0,16,400,0,9223372036800000000,1e+75,0,10,0,0,7,0,2,1,0,0,1,1,0,-1,100,5,0,-1,2,0,1,-1,-1,-1,-1,0,10,-1,1,1,3,-1,-1,-1,0,0,1,0,0,10,0,0,0,26.45
1,0,0,0,-1,0,1,4,0,0,0,0,-1,3,0,2,1,2,2,1,2,3,0,-1,50,0,9223372036800000000,10,0,10,0,0,7,0,3,1,0,0,0,1,0,0,0,0,0,-1,2,0,1,-1,-1,-1,-1,0,10,-1,1,1,3,-1,-1,-1,0,0,1,0,0,10,0,0,0,42.71
1,0,0,0,-1,0,1,3,0,0,0,0,0,3,1,2,-1,-1,-1,0,0,3,0,1,50,0,9223372036800000000,10,0,10,0,0,7,0,0,1,0,0,0,1,0,3,0,0,0,0,2,0,1,-1,-1,-1,-1,0,10,-1,1,1,3,-1,-1,-1,0,0,1,0,0,10,0,0,0,33.65
1,0,0,0,-1,0,1,1,0,0,0,0,3,0,-1,1,1,1,2,-1,1,5,0,16,400,0,9223372036800000000,1e+75,0,10,0,0,7,0,2,1,0,0,1,1,0,-1,100,5,0,-1,2,0,1,-1,-1,-1,-1,0,10,-1,1,1,3,-1,-1,-1,0,0,1,0,0,10,0,0,0,26.45
1,0,0,0,-1,0,1,1,0,0,0,0,3,0,-1,1,1,1,2,-1,1,3,0,16,400,0,9223372036800000000,1e+75,0,10,0,0,7,0,2,1,0,0,1,1,0,-1,100,5,0,-1,2,0,1,-1,-1,-1,-1,0,5,-1,1,1,3,-1,-1,-1,0,0,1,0,0,10,0,0,0,26.45
1,0,0,0,-1,0,1,1,0,0,0,0,3,0,-1,1,1,1,2,-1,1,3,0,16,400,0,9223372036800000000,1e+75,0,10,0,0,7,0,2,1,0,0,1,1,0,-1,100,5,0,-1,2,0,1,-1,-1,-1,-1,0,20,-1,1,1,3,-1,-1,-1,0,0,1,0,0,10,0,0,0,26.45
1,0,0,0,-1,0,1,1,1,0,1,0,1,1,1,2,0,-1,2,1,2,3,0,4,25,0,9223372036800000000,0,0,10,0,0,7,0,0,1,0,0,3,1,0,1,1000,6,3,0,2,0,1,-1,-1,1,3,0,10,-1,1,1,3,-1,-1,-1,0,0,1,3,0,10,0,0,0,34.8
1,0,0,0,-1,0,1,0,0,0,0,0,2,2,-1,2,2,1,1,0,-1,3,0,-1,25,0,9223372036800000000,5,0,10,0,0,7,0,1,1,0,0,1,1,0,1,0,0,0,0,2,0,1,-1,-1,-1,-1,0,10,-1,1,1,3,-1,-1,-1,0,0,1,0,0,10,0,0,0,33.57
1,0,0,1,-1,0,1,1,0,0,0,0,3,0,-1,1,1,1,2,-1,1,3,0,16,400,0,9223372036800000000,1e+75,0,10,0,0,7,0,2,1,0,0,1,1,0,-1,100,5,0,-1,2,0,1,-1,-1,-1,-1,0,10,-1,1,1,3,-1,-1,-1,0,0,1,0,0,10,0,0,0,26.45
1,0,0,0,-1,1,1,1,0,0,0,0,3,0,-1,1,1,1,2,-1,1,3,0,16,400,0,9223372036800000000,1e+75,0,10,0,0,7,0,2,1,0,0,1,1,0,-1,100,5,0,-1,2,0,1,-1,-1,-1,-1,0,10,-1,1,1,3,-1,-1,-1,0,0,1,0,0,10,0,0,0,26.45
1,0,0,0,-1,0,1,1,0,0,0,0,3,0,-1,1,1,1,2,-1,1,3,0,16,400,0,9223372036800000000,1e+75,0,10,0,0,7,0,2,1,0,0,1,1,0,-1,100,5,0,-1,2,0,1,-1,1,-1,-1,0,10,-1,1,1,3,-1,-1,-1,0,0,1,0,0,10,0,0,0,26.45
1,0,0,0,-1,0,1,0,0,0,0,0,0,0,0,0,0,0,0,0,0,3,0,-1,50,0,9223372036800000000,1e+75,0,10,0,0,7,0,0,1,0,0,1,1,0,0,60,0,0,0,2,0,1,-1,-1,-1,-1,0,10,-1,1,1,3,-1,-1,-1,0,0,1,1,0,10,0,0,0,38.67
1,0,0,0,-1,0,1,0,0,0,0,0,0,0,0,0,0,0,0,0,0,3,0,-1,50,0,9223372036800000000,20,0,10,0,0,7,0,0,1,0,0,1,1,0,0,60,0,0,0,2,0,1,-1,-1,-1,-1,0,10,-1,1,1,3,-1,-1,-1,0,0,1,0,0,10,0,0,0,33.44
1,0,0,0,-1,0,1,0,0,0,0,0,0,0,0,0,-1,0,0,0,0,3,0,-1,50,0,9223372036800000000,1e+75,0,10,0,0,7,0,0,1,0,0,1,1,0,0,60,0,0,0,2,0,1,-1,-1,-1,-1,0,10,-1,1,1,3,-1,-1,-1,0,0,1,0,0,10,0,0,0,33.27
1,0,0,0,-1,0,1,0,0,0,0,0,0,0,0,0,0,0,0,0,0,3,0,-1,50,0,9223372036800000000,1e+75,0,10,0,0,7,0,2,1,0,0,1,1,0,0,60,0,0,0,2,0,1,-1,-1,-1,-1,0,10,-1,1,1,3,-1,-1,-1,0,0,1,0,0,10,0,0,0,33.27
1,0,0,0,-1,0,1,4,0,0,0,0,0,2,0,0,0,1,1,2,1,3,0,8,25,0,9223372036800000000,60,0,10,0,0,7,0,3,1,0,0,1,1,0,1,40,3,0,2,2,0,1,-1,-1,-1,-1,0,10,-1,1,1,3,-1,-1,-1,0,0,1,0,0,10,0,0,0,33.48
1,0,0,0,-1,0,1,0,0,0,0,0,0,0,0,0,0,0,0,0,0,3,0,-1,10,0,9223372036800000000,1e+75,0,10,0,0,7,0,0,1,0,0,1,1,0,0,60,0,0,0,2,0,1,-1,-1,-1,-1,0,10,-1,1,1,3,-1,-1,-1,0,0,1,0,0,10,0,0,0,33.27
1,0,0,0,-1,0,1,0,0,0,0,0,0,0,0,0,0,0,0,0,0,3,0,-1,50,0,9223372036800000000,1e+75,0,10,0,0,7,0,0,1,0,0,1,1,0,2,100,0,0,0,2,0,1,-1,-1,-1,-1,0,10,-1,1,1,3,-1,-1,-1,0,0,1,0,0,10,0,0,0,32.97
1,0,0,0,-1,0,1,3,0,0,0,0,-1,0,1,0,2,2,0,1,0,3,0,16,25,0,9223372036800000000,30,0,10,0,0,7,0,2,1,0,0,3,1,0,0,40,6,0,0,2,0,1,-1,-1,-1,-1,0,10,-1,1,1,3,-1,-1,-1,0,0,1,5,0,10,0,0,0,42.63
1,0,0,0,-1,0,1,1,0,0,0,0,1,3,1,0,0,1,0,2,0,3,0,-1,100,0,9223372036800000000,1e+75,0,10,0,0,7,0,3,1,0,0,1,1,0,-1,200,0,0,1,2,0,1,-1,-1,-1,-1,0,10,-1,1,1,3,-1,-1,-1,0,0,1,0,0,10,0,0,0,35.16
1,0,0,0,-1,0,1,1,0,0,0,0,3,0,-1,1,1,1,2,-1,1,3,0,-1,400,0,9223372036800000000,1e+75,0,10,0,0,7,0,2,1,0,0,1,1,0,-1,100,5,0,-1,2,0,1,-1,-1,-1,-1,0,10,-1,1,1,3,-1,-1,-1,0,0,1,0,0,10,0,0,0,26.45
1,0,0,0,-1,0,1,3,1,0,0,0,3,-1,-1,2,0,2,2,0,2,3,0,1,10,0,9223372036800000000,2,0,10,0,0,7,0,2,1,0,0,1,1,0,-1,1000,1,2,-1,2,0,1,-1,-1,1,-1,0,10,-1,1,1,3,-1,-1,-1,0,0,1,5,0,10,0,0,0,29.97
1,0,0,0,-1,0,1,1,0,0,0,0,3,0,-1,1,1,-1,2,-1,1,3,0,16,400,0,9223372036800000000,1e+75,0,10,0,0,7,0,2,1,0,0,1,1,0,-1,100,5,0,-1,2,0,1,-1,-1,-1,-1,0,10,-1,1,1,3,-1,-1,-1,0,0,1,0,0,10,0,0,0,34.89
1,0,0,0,-1,0,1,1,0,0,0,0,3,0,-1,1,1,1,2,-1,1,3,0,4,400,0,9223372036800000000,1e+75,0,10,0,0,7,0,2,1,0,0,1,1,0,-1,100,5,0,-1,2,0,1,-1,-1,-1,-1,0,10,-1,1,1,3,-1,-1,-1,0,0,1,0,0,10,0,0,0,26.45
1,0,0,0,-1,0,1,1,0,0,0,0,3,0,-1,1,1,1,2,-1,1,3,0,16,400,0,9223372036800000000,1e+75,0,10,0,0,7,0,2,1,0,0,1,1,0,-1,100,3,0,-1,2,0,1,-1,-1,-1,-1,0,10,-1,1,1,3,-1,-1,-1,0,0,1,0,0,10,0,0,0,35.51
1,0,0,0,-1,0,1,0,1,0,1,0,0,2,-1,0,-1,1,-1,2,-1,3,0,1,50,0,9223372036800000000,50,0,10,0,0,7,0,0,1,0,0,3,1,0,3,100,0,0,2,2,0,1,-1,-1,-1,-1,0,10,-1,1,1,3,-1,-1,-1,0,0,1,3,0,10,0,0,0,29.69
1,0,0,0,-1,0,1,1,0,0,0,0,3,0,-1,1,1,1,-1,-1,1,3,0,16,400,0,9223372036800000000,1e+75,0,10,0,0,7,0,2,1,0,0,1,1,0,-1,100,5,0,-1,2,0,1,-1,-1,-1,-1,0,10,-1,1,1,3,-1,-1,-1,0,0,1,0,0,10,0,0,0,26.45
1,0,0,0,-1,0,1,2,0,0,0,0,3,0,0,1,-1,-1,2,-1,0,3,0,-1,400,0,9223372036800000000,1e+75,0,10,0,0,7,0,0,1,0,0,1,1,0,0,0,0,0,0,2,0,1,-1,-1,-1,-1,0,10,-1,1,1,3,-1,-1,-1,0,0,1,0,0,10,0,0,0,33.48
1,0,0,0,-1,0,1,1,0,0,0,0,3,0,-1,1,1,1,2,-1,1,3,0,16,400,0,9223372036800000000,1e+75,0,10,0,0,7,0,2,1,0,0,1,1,0,-1,100,5,0,1,2,0,1,-1,-1,-1,-1,0,10,-1,1,1,3,-1,-1,-1,0,0,1,0,0,10,0,0,0,44.36
1,0,0,0,-1,0,1,3,0,0,0,0,1,0,0,0,0,0,1,0,1,3,0,4,50,0,9223372036800000000,0,0,10,0,0,7,0,3,1,0,0,3,1,0,-1,100,4,5,2,2,0,1,-1,-1,-1,-1,0,10,-1,1,1,3,-1,-1,-1,0,0,1,2,0,10,0,0,0,57.57
1,0,0,0,-1,0,1,3,0,0,0,0,1,0,0,0,0,0,0,0,1,3,0,4,50,0,9223372036800000000,0,0,10,0,0,7,0,3,1,0,0,0,1,0,-1,100,3,5,2,2,0,1,-1,-1,-1,-1,0,10,-1,1,1,3,-1,-1,-1,0,0,1,2,0,10,0,0,0,26.05
1,0,0,0,-1,0,1,3,0,0,0,0,1,0,0,-1,0,0,1,0,1,3,0,4,50,0,9223372036800000000,0,0,10,0,0,7,0,3,1,0,0,0,1,0,-1,100,3,5,2,2,0,1,-1,-1,-1,-1,0,10,-1,1,1,3,-1,-1,-1,0,0,1,2,0,10,0,0,0,26.05
1,0,0,0,-1,0,1,2,0,0,0,0,-1,0,0,1,-1,-1,0,0,1,3,0,-1,25,0,9223372036800000000,240,0,10,0,0,7,0,0,1,0,0,3,1,0,1,0,0,0,3,2,0,1,-1,-1,-1,-1,0,10,-1,1,1,3,-1,-1,-1,0,0,1,0,0,10,0,0,0,42.18
1,0,0,0,-1,0,1,3,0,0,0,0,1,0,0,0,2,0,1,0,1,3,0,4,50,0,9223372036800000000,0,0,10,0,0,7,0,3,1,0,0,0,1,0,-1,100,3,5,2,2,0,1,-1,-1,-1,-1,0,10,-1,1,1,3,-1,-1,-1,0,0,1,2,0,10,0,0,0,26.05
1,0,0,0,-1,0,1,4,0,0,0,0,0,1,1,0,1,1,0,2,-1,3,0,2,50,0,9223372036800000000,120,0,10,0,0,7,0,1,1,0,0,2,1,0,3,20,0,0,3,2,0,1,-1,-1,-1,-1,0,10,-1,1,1,3,-1,-1,-1,0,0,1,0,0,10,0,0,0,33.25
1,0,0,0,-1,0,1,2,0,0,0,0,3,0,1,-1,1,2,0,1,1,3,0,-1,50,0,9223372036800000000,1e+75,0,10,0,0,7,0,0,1,0,0,1,1,0,0,0,0,0,0,2,0,1,-1,-1,-1,-1,0,10,-1,1,1,3,-1,-1,-1,0,0,1,0,0,10,0,0,0,33.48
1,0,0,0,-1,0,1,3,0,0,0,0,1,0,0,0,0,0,1,0,1,3,0,4,50,0,9223372036800000000,0,0,10,0,0,7,0,3,1,0,0,0,1,0,-1,100,3,4,2,2,0,1,-1,-1,-1,-1,0,10,-1,1,1,3,-1,-1,-1,0,0,1,2,0,10,0,0,0,33.83
1,0,0,0,-1,0,1,4,0,0,0,0,1,0,1,0,0,-1,2,1,2,3,0,2,25,0,9223372036800000000,0,0,10,0,0,7,0,2,1,0,0,2,1,0,-1,20,1,4,0,2,0,1,-1,-1,-1,-1,0,10,-1,1,1,3,-1,-1,-1,0,0,1,0,0,10,0,0,0,33.56
1,0,0,0,-1,0,1,3,0,0,0,0,1,0,0,0,0,0,1,0,1,3,0,4,100,0,9223372036800000000,0,0,10,0,0,7,0,3,1,0,0,0,1,0,-1,100,3,5,2,2,0,1,-1,-1,-1,-1,0,10,-1,1,1,3,-1,-1,-1,0,0,1,2,0,10,0,0,0,26.05
1,0,0,0,-1,0,1,1,1,0,1,0,1,1,1,2,0,1,2,1,2,3,0,4,25,0,9223372036800000000,240,0,10,0,0,7,0,0,1,0,0,3,1,0,1,1000,6,3,0,2,0,1,-1,-1,1,3,0,10,-1,1,1,3,-1,-1,-1,0,0,1,3,0,10,0,0,0,35.91
1,0,0,0,-1,0,1,5,0,0,0,0,-1,-1,1,-1,2,1,0,-1,0,3,0,-1,800,0,9223372036800000000,2,0,10,0,0,7,0,0,1,0,0,3,1,0,0,40,2,0,1,2,0,1,-1,-1,-1,-1,0,10,-1,1,1,3,-1,-1,-1,0,0,1,0,0,10,0,0,0,42.8
1,0,0,0,-1,0,1,3,0,0,0,0,1,0,0,0,0,0,1,0,1,3,0,4,50,0,9223372036800000000,0,0,10,0,0,7,0,3,1,0,0,0,1,0,-1,100,3,5,2,2,0,1,-1,-1,-1,-1,0,10,-1,1,1,3,-1,-1,-1,0,0,1,3,0,10,0,0,0,26.54
1,0,0,0,-1,0,1,3,0,0,0,0,1,0,0,0,0,0,1,0,1,3,0,4,50,0,9223372036800000000,2,0,10,0,0,7,0,3,1,0,0,0,1,0,-1,100,3,5,2,2,0,1,-1,-1,-1,-1,0,10,-1,1,1,3,-1,-1,-1,0,0,1,2,0,10,0,0,0,26.27
1,0,0,0,-1,0,1,2,0,0,0,0,-1,0,0,2,-1,-1,0,0,1,3,0,-1,25,0,9223372036800000000,240,0,10,0,0,7,0,0,1,0,0,3,1,0,1,0,0,0,3,2,0,1,-1,-1,-1,-1,0,10,-1,1,1,3,-1,-1,-1,0,0,1,0,0,10,0,0,0,42.18
1,0,0,0,-1,0,1,3,0,0,0,0,-1,0,1,0,2,2,0,1,0,3,0,16,25,0,9223372036800000000,1e+75,0,10,0,0,7,0,2,1,0,0,3,1,0,1,40,6,0,0,2,0,1,-1,-1,-1,-1,0,10,-1,1,1,3,-1,-1,-1,0,0,1,5,0,10,0,0,0,42.49
1,0,0,0,-1,0,1,5,0,0,0,0,0,2,0,2,1,0,0,2,0,3,0,-1,400,0,9223372036800000000,240,0,10,0,0,7,0,2,1,0,0,3,1,0,0,40,0,0,3,2,0,1,-1,-1,-1,-1,0,10,-1,1,1,3,-1,-1,-1,0,0,1,0,0,10,0,0,0,38.65
1,0,0,0,-1,0,1,3,0,0,0,0,-1,0,1,0,2,2,0,1,0,3,0,16,25,0,9223372036800000000,30,0,10,0,0,7,0,2,1,0,0,3,1,0,1,500,6,0,0,2,0,1,-1,-1,-1,-1,0,10,-1,1,1,3,-1,-1,-1,0,0,1,5,0,10,0,0,0,42.49
1,0,0,0,-1,0,1,3,0,0,0,0,0,0,1,-1,0,1,2,2,2,3,0,-1,400,0,9223372036800000000,1e+75,0,10,0,0,7,0,0,1,0,0,1,1,0,0,0,0,0,0,2,0,1,-1,-1,-1,-1,0,10,-1,1,1,3,-1,-1,-1,0,0,1,0,0,10,0,0,0,36.3
1,0,0,0,-1,0,1,3,0,0,0,0,-1,0,1,0,2,2,0,1,0,3,0,16,25,0,9223372036800000000,30,0,10,0,0,7,0,2,1,0,0,3,1,0,1,20,6,0,0,2,0,1,-1,-1,-1,-1,0,10,-1,1,1,3,-1,-1,-1,0,0,1,5,0,10,0,0,0,42.49
1,0,0,0,-1,0,1,5,0,0,0,0,3,0,0,2,1,0,0,-1,1,3,0,-1,400,0,9223372036800000000,1e+75,0,10,0,0,7,0,0,1,0,0,1,1,0,-1,0,0,0,0,2,0,1,-1,-1,-1,-1,0,10,-1,1,1,3,-1,-1,-1,0,0,1,0,0,10,0,0,0,38.65
1,0,0,0,-1,0,1,3,0,0,0,0,-1,0,1,0,2,2,0,1,1,3,0,16,25,0,9223372036800000000,30,0,10,0,0,7,0,2,1,0,0,3,1,0,1,40,6,0,0,2,0,1,-1,-1,-1,-1,0,10,-1,1,1,3,-1,-1,-1,0,0,1,5,0,10,0,0,0,42.49
1,0,0,0,-1,0,1,3,0,0,0,0,-1,-1,-1,0,1,2,-1,1,-1,3,0,-1,50,0,9223372036800000000,20,0,10,0,0,7,0,2,1,0,0,2,1,0,1,0,0,0,3,2,0,1,-1,-1,-1,-1,0,10,-1,1,1,3,-1,-1,-1,0,0,1,0,0,10,0,0,0,42.58
1,0,0,0,-1,0,1,3,0,0,0,0,-1,0,1,0,2,2,0,1,0,3,0,16,25,0,9223372036800000000,30,0,10,0,0,7,0,2,1,0,0,3,1,0,1,40,6,4,0,2,0,1,-1,-1,-1,-1,0,10,-1,1,1,3,-1,-1,-1,0,0,1,5,0,10,0,0,0,42.52
1,0,0,0,-1,0,1,3,0,0,0,0,-1,0,1,0,2,2,0,1,0,3,0,16,25,0,9223372036800000000,240,0,10,0,0,7,0,2,1,0,0,3,1,0,1,40,6,0,0,2,0,1,-1,-1,-1,-1,0,10,-1,1,1,3,-1,-1,-1,0,0,1,5,0,10,0,0,0,42.49
1,0,0,0,-1,0,1,5,0,0,0,0,3,3,0,1,-1,2,1,-1,2,3,0,8,400,0,9223372036800000000,30,0,10,0,0,7,0,2,1,0,0,2,1,0,0,20,5,4,-1,2,0,1,-1,-1,-1,-1,0,10,-1,1,1,3,-1,-1,-1,0,0,1,0,0,10,0,0,0,38.8
1,0,0,0,-1,0,1,0,0,0,0,0,1,0,-1,0,-1,0,2,1,-1,3,0,-1,800,0,9223372036800000000,1e+75,0,10,0,0,7,0,0,1,0,0,1,1,0,2,0,0,0,0,2,0,1,-1,-1,-1,-1,0,10,-1,1,1,3,-1,-1,-1,0,0,1,0,0,10,0,0,0,33.26
1,0,0,0,-1,0,1,5,0,0,0,0,3,3,0,1,-1,2,1,-1,2,3,0,8,400,0,9223372036800000000,30,0,10,0,0,7,0,2,1,0,0,2,1,0,0,20,5,2,-1,2,0,1,-1,-1,-1,-1,0,10,-1,1,1,3,-1,-1,-1,0,0,1,1,0,10,0,0,0,53.12
1,0,0,0,-1,0,1,5,0,0,0,0,3,3,0,1,-1,2,1,-1,2,3,0,4,400,0,9223372036800000000,30,0,10,0,0,7,0,2,1,0,0,2,1,0,0,20,5,2,-1,2,0,1,-1,-1,-1,-1,0,10,-1,1,1,3,-1,-1,-1,0,0,1,0,0,10,0,0,0,38.61
1,0,0,0,-1,0,1,3,1,0,0,0,3,-1,-1,2,0,2,2,0,2,3,0,1,10,0,9223372036800000000,2,0,10,0,0,7,0,2,1,0,0,1,1,0,-1,20,0,2,-1,2,0,1,-1,-1,3,-1,0,10,-1,1,1,3,-1,-1,-1,0,0,1,5,0,10,0,0,0,30.01
1,0,0,0,-1,0,1,5,0,0,0,0,3,3,0,1,-1,2,1,-1,2,3,0,8,400,0,9223372036800000000,30,0,10,0,0,7,0,2,1,0,0,2,1,0,0,0,5,2,-1,2,0,1,-1,-1,-1,-1,0,10,-1,1,1,3,-1,-1,-1,0,0,1,0,0,10,0,0,0,38.61
1,0,0,0,-1,0,1,5,0,0,0,0,3,3,0,1,-1,2,1,-1,2,3,0,8,400,0,9223372036800000000,30,0,10,0,0,7,0,2,1,0,0,2,1,0,0,20,3,2,-1,2,0,1,-1,-1,-1,-1,0,10,-1,1,1,3,-1,-1,-1,0,0,1,0,0,10,0,0,0,42.91
1,0,0,0,-1,0,1,5,0,0,0,0,3,3,0,1,-1,2,2,-1,2,3,0,8,400,0,9223372036800000000,30,0,10,0,0,7,0,2,1,0,0,2,1,0,0,20,5,2,-1,2,0,1,-1,-1,-1,-1,0,10,-1,1,1,3,-1,-1,-1,0,0,1,0,0,10,0,0,0,38.61
1,0,0,0,-1,0,1,5,0,0,0,0,3,3,-1,1,-1,2,1,-1,2,3,0,8,400,0,9223372036800000000,30,0,10,0,0,7,0,2,1,0,0,2,1,0,0,20,5,2,-1,2,0,1,-1,-1,-1,-1,0,10,-1,1,1,3,-1,-1,-1,0,0,1,0,0,10,0,0,0,38.61
1,0,0,0,-1,0,1,3,0,0,0,0,2,0,0,0,-1,2,0,0,0,3,0,-1,10,0,9223372036800000000,1e+75,0,10,0,0,7,0,0,1,0,0,1,1,0,0,0,0,0,0,2,0,1,-1,-1,-1,-1,0,10,-1,1,1,3,-1,-1,-1,0,0,1,0,0,10,0,0,0,33.75
1,0,0,0,-1,0,1,5,0,0,0,0,3,3,0,1,-1,-1,1,-1,2,3,0,8,400,0,9223372036800000000,30,0,10,0,0,7,0,2,1,0,0,2,1,0,0,20,5,2,-1,2,0,1,-1,-1,-1,-1,0,10,-1,1,1,3,-1,-1,-1,0,0,1,0,0,10,0,0,0,38.61
1,0,0,0,-1,0,1,5,0,0,0,0,3,3,0,1,-1,2,1,-1,2,3,0,8,400,0,9223372036800000000,30,0,10,0,0,7,0,2,1,0,0,2,1,0,0,-1,5,2,-1,2,0,1,-1,-1,-1,-1,0,10,-1,1,1,3,-1,-1,-1,0,0,1,0,0,10,0,0,0,38.61
1,0,0,0,-1,0,1,5,0,0,0,0,3,3,0,1,-1,2,1,-1,1,3,0,8,400,0,9223372036800000000,30,0,10,0,0,7,0,2,1,0,0,2,1,0,0,20,5,2,-1,2,0,1,-1,-1,-1,-1,0,10,-1,1,1,3,-1,-1,-1,0,0,1,0,0,10,0,0,0,38.61
1,0,0,0,-1,0,1,3,1,0,0,0,3,-1,-1,2,0,2,2,0,2,3,0,1,10,0,9223372036800000000,2,0,10,0,0,7,0,2,1,0,0,1,1,0,-1,20,1,2,-1,2,0,1,-1,-1,3,-1,0,10,-1,1,1,3,-1,-1,-1,0,0,1,1,0,10,0,0,0,38.71
1,0,0,0,-1,0,1,0,0,0,0,0,0,0,0,0,0,0,0,0,0,3,0,-1,50,0,9223372036800000000,1e+75,0,10,0,0,7,0,0,1,0,0,2,1,0,2,60,0,0,0,2,0,1,-1,-1,-1,-1,0,10,-1,1,1,3,-1,-1,-1,0,0,1,0,0,10,0,0,0,32.97
1,0,0,0,-1,0,1,4,0,0,0,0,3,0,-1,2,-1,-1,2,2,1,3,0,8,25,0,9223372036800000000,120,0,10,0,0,7,0,2,1,0,0,1,1,0,3,0,3,3,0,2,0,1,-1,-1,-1,-1,0,10,-1,1,1,3,-1,-1,-1,0,0,1,1,0,10,0,0,0,5486.67
1,0,0,0,-1,0,1,4,0,0,0,0,3,0,-1,2,-1,-1,2,2,1,3,0,8,25,0,9223372036800000000,120,0,10,0,0,7,0,2,1,0,0,1,1,0,3,0,2,3,0,2,0,1,-1,-1,-1,-1,0,10,-1,1,1,3,-1,-1,-1,0,0,1,1,0,10,0,0,0,42.92
1,0,0,0,-1,0,1,4,0,0,0,0,3,0,-1,2,-1,-1,2,2,1,3,0,8,25,0,9223372036800000000,120,0,10,0,0,7,0,2,1,0,0,1,1,0,3,0,2,3,0,2,0,1,-1,-1,-1,-1,0,10,-1,1,1,3,-1,-1,-1,0,0,1,5,0,10,0,0,0,42.92
1,0,0,0,-1,0,1,4,0,0,0,0,3,0,-1,2,-1,-1,2,2,1,3,0,8,25,0,9223372036800000000,120,0,10,0,0,7,0,2,1,0,0,1,1,0,3,0,2,4,0,2,0,1,-1,-1,-1,-1,0,10,-1,1,1,3,-1,-1,-1,0,0,1,1,0,10,0,0,0,42.92
1,0,0,0,-1,0,1,4,0,0,0,0,1,1,1,0,1,0,0,1,0,3,0,-1,25,0,9223372036800000000,10,0,10,0,0,7,0,1,1,0,0,0,1,0,2,100,3,0,4,2,0,1,-1,-1,-1,-1,0,10,-1,1,1,3,-1,-1,-1,0,0,1,0,0,10,0,0,0,32.92
1,0,0,0,-1,0,1,3,0,0,0,0,1,1,-1,-1,2,0,-1,-1,2,3,0,-1,150,0,9223372036800000000,30,0,10,0,0,7,0,1,1,0,0,1,1,0,3,0,0,0,0,2,0,1,-1,-1,-1,-1,0,10,-1,1,1,3,-1,-1,-1,0,0,1,0,0,10,0,0,0,33.75
1,0,0,0,-1,0,1,4,0,0,0,0,3,0,-1,2,-1,-1,1,2,1,3,0,8,25,0,9223372036800000000,120,0,10,0,0,7,0,2,1,0,0,1,1,0,3,0,2,3,0,2,0,1,-1,-1,-1,-1,0,10,-1,1,1,3,-1,-1,-1,0,0,1,1,0,10,0,0,0,42.92
1,0,0,0,-1,0,1,4,0,0,0,0,3,0,-1,2,-1,-1,2,2,1,3,0,8,25,0,9223372036800000000,30,0,10,0,0,7,0,2,1,0,0,1,1,0,3,0,2,3,0,2,0,1,-1,-1,-1,-1,0,10,-1,1,1,3,-1,-1,-1,0,0,1,1,0,10,0,0,0,42.92
1,0,0,0,-1,0,1,5,0,0,0,0,1,3,1,-1,0,-1,-1,0,-1,3,0,16,400,0,9223372036800000000,50,0,10,0,0,7,0,3,1,0,0,3,1,0,1,60,6,1,2,2,0,1,-1,-1,-1,-1,0,10,-1,1,1,3,-1,-1,-1,0,0,1,5,0,10,0,0,0,42.64
1,0,0,0,-1,0,1,5,0,0,0,0,1,3,1,-1,0,-1,-1,0,-1,3,0,16,400,0,9223372036800000000,50,0,10,0,0,7,0,3,1,0,0,3,1,0,1,60,5,1,1,2,0,1,-1,-1,-1,-1,0,10,-1,1,1,3,-1,-1,-1,0,0,1,5,0,10,0,0,0,42.8
1,0,0,0,-1,0,1,5,0,0,0,0,1,3,1,-1,0,-1,-1,0,-1,3,0,16,400,0,9223372036800000000,50,0,10,0,0,7,0,3,1,0,0,3,1,0,1,60,5,1,2,2,0,1,-1,-1,-1,-1,0,10,-1,1,1,3,-1,-1,-1,0,0,1,2,0,10,0,0,0,42.64
1,0,0,0,-1,0,1,5,0,0,0,0,1,3,1,-1,0,-1,-1,0,-1,3,0,16,400,0,9223372036800000000,2,0,10,0,0,7,0,3,1,0,0,3,1,0,1,60,5,1,2,2,0,1,-1,-1,-1,-1,0,10,-1,1,1,3,-1,-1,-1,0,0,1,5,0,10,0,0,0,42.64
1,0,0,0,-1,0,1,0,0,0,0,0,0,0,0,0,0,0,0,0,0,3,0,-1,150,0,9223372036800000000,1,0,10,0,0,7,0,0,1,0,0,1,1,3,2,-1,0,0,0,2,0,1,-1,-1,-1,-1,0,10,-1,1,1,3,-1,-1,-1,0,0,1,0,0,10,0,0,0,32.92
1,0,0,0,-1,0,1,1,0,0,0,0,2,1,1,-1,2,2,2,2,1,3,0,8,10,0,9223372036800000000,240,0,10,0,0,7,0,1,1,0,0,2,1,0,0,1000,6,2,4,2,0,1,-1,-1,-1,-1,0,10,-1,1,1,3,-1,-1,-1,0,0,1,3,0,10,0,0,0,35.56
1,0,0,0,-1,0,1,2,0,0,0,0,3,0,1,0,2,0,2,-1,0,3,0,-1,150,0,9223372036800000000,1e+75,0,10,0,0,7,0,0,1,0,0,1,1,0,0,0,0,0,0,2,0,1,-1,-1,-1,-1,0,10,-1,1,1,3,-1,-1,-1,0,0,1,0,0,10,0,0,0,33.37
1,0,0,0,-1,0,1,5,0,0,0,0,1,3,1,-1,0,-1,-1,0,2,3,0,16,400,0,9223372036800000000,50,0,10,0,0,7,0,3,1,0,0,3,1,0,1,60,5,1,2,2,0,1,-1,-1,-1,-1,0,10,-1,1,1,3,-1,-1,-1,0,0,1,5,0,10,0,0,0,42.64
1,0,0,0,-1,0,1,0,0,0,0,0,1,0,-1,0,-1,0,2,1,-1,3,0,-1,50,0,9223372036800000000,5,0,10,0,0,7,0,0,1,0,0,1,1,0,-1,0,0,0,0,2,0,1,-1,-1,-1,-1,0,10,-1,1,1,3,-1,-1,-1,0,0,1,0,0,10,0,0,0,33.57
1,0,0,0,-1,0,1,0,0,0,0,0,1,3,1,-1,0,-1,-1,0,-1,3,0,16,400,0,9223372036800000000,50,0,10,0,0,7,0,3,1,0,0,3,1,0,1,60,5,1,2,2,0,1,-1,-1,-1,-1,0,10,-1,1,1,3,-1,-1,-1,0,0,1,5,0,10,0,0,0,38.67
1,0,0,0,-1,0,1,0,0,0,0,0,1,1,1,-1,0,-1,-1,0,-1,3,0,16,400,0,9223372036800000000,50,0,10,0,0,7,0,3,1,0,0,3,1,0,1,60,5,1,2,2,0,1,-1,-1,-1,-1,0,10,-1,1,1,3,-1,-1,-1,0,0,1,5,0,10,0,0,0,38.67
1,0,0,0,-1,0,1,0,0,0,0,0,0,0,0,0,0,0,1,0,0,3,0,-1,150,0,9223372036800000000,1e+75,0,10,0,0,7,0,0,1,0,0,1,1,0,0,0,0,0,0,2,0,1,-1,-1,-1,-1,0,10,-1,1,1,3,-1,-1,-1,0,0,1,0,0,10,0,0,0,33.37
1,0,0,0,-1,0,1,0,0,0,0,0,1,3,1,-1,0,-1,-1,0,-1,3,0,16,400,0,9223372036800000000,50,0,10,0,0,7,0,3,1,0,0,3,1,0,0,60,5,1,2,2,0,1,-1,-1,-1,-1,0,10,-1,1,1,3,-1,-1,-1,0,0,1,5,0,10,0,0,0,38.67
1,0,0,0,-1,0,1,5,0,0,0,0,0,-1,-1,-1,-1,2,1,1,1,3,0,1,50,0,9223372036800000000,240,0,10,0,0,7,0,1,1,0,0,0,1,0,-1,200,0,0,0,2,0,1,-1,-1,-1,-1,0,10,-1,1,1,3,-1,-1,-1,0,0,1,0,0,10,0,0,0,42.92
1,0,0,0,-1,0,1,0,0,0,0,0,1,3,1,-1,0,-1,-1,0,-1,3,0,2,400,0,9223372036800000000,50,0,10,0,0,7,0,3,1,0,0,3,1,0,1,60,5,1,2,2,0,1,-1,-1,-1,-1,0,10,-1,1,1,3,-1,-1,-1,0,0,1,5,0,10,0,0,0,38.67
1,0,0,0,-1,0,1,3,0,0,0,0,2,0,0,1,-1,2,0,1,2,3,0,-1,10,0,9223372036800000000,1e+75,0,10,0,0,7,0,0,1,0,0,1,1,0,0,0,0,0,0,2,0,1,-1,-1,-1,-1,0,10,-1,1,1,3,-1,-1,-1,0,0,1,0,0,10,0,0,0,33.75
1,0,0,0,-1,0,1,0,0,0,0,0,1,3,1,-1,2,-1,-1,0,-1,3,0,16,400,0,9223372036800000000,50,0,10,0,0,7,0,3,1,0,0,3,1,0,1,60,5,1,2,2,0,1,-1,-1,-1,-1,0,10,-1,1,1,3,-1,-1,-1,0,0,1,5,0,10,0,0,0,38.67
1,0,0,0,-1,0,1,0,0,0,0,0,1,3,1,0,0,-1,-1,0,-1,3,0,16,400,0,9223372036800000000,50,0,10,0,0,7,0,3,1,0,0,3,1,0,1,60,5,1,2,2,0,1,-1,-1,-1,-1,0,10,-1,1,1,3,-1,-1,-1,0,0,1,5,0,10,0,0,0,38.67
1,0,0,0,-1,0,1,4,0,0,0,0,3,3,-1,0,2,1,-1,-1,0,3,0,8,10,0,9223372036800000000,60,0,10,0,0,7,0,0,1,0,0,0,1,0,3,500,0,0,-1,2,0,1,-1,-1,-1,-1,0,10,-1,1,1,3,-1,-1,-1,0,0,1,0,0,10,0,0,0,33.25
1,0,0,0,-1,0,1,4,0,0,0,0,2,3,-1,1,1,-1,0,-1,2,3,0,8,150,0,9223372036800000000,40,0,10,0,0,7,0,0,1,0,0,1,1,0,2,500,5,2,4,2,0,1,-1,-1,-1,-1,0,10,-1,1,1,3,-1,-1,-1,0,0,1,5,0,10,0,0,0,33.39
1,0,0,0,-1,0,1,1,0,0,2,0,0,0,1,0,1,0,1,0,2,3,0,16,100,0,9223372036800000000,40,0,10,0,0,7,0,2,1,0,0,1,1,0,-1,500,6,1,4,2,0,1,-1,-1,3,0,0,10,-1,1,1,3,-1,-1,-1,0,0,1,2,0,10,0,0,0,38.67
1,0,0,0,-1,0,1,5,0,0,0,0,0,0,0,2,2,0,2,0,2,3,0,-1,50,0,9223372036800000000,1e+75,0,10,0,0,7,0,0,1,0,0,1,1,0,0,0,0,0,0,2,0,1,-1,-1,-1,-1,0,10,-1,1,1,3,-1,-1,-1,0,0,1,0,0,10,0,0,0,38.65
1,0,0,0,-1,0,1,4,0,0,0,0,2,3,-1,1,1,-1,0,-1,2,3,0,8,150,0,9223372036800000000,20,0,10,0,0,7,0,0,1,0,0,1,1,0,2,500,5,2,4,2,0,1,-1,-1,-1,-1,0,10,-1,1,1,3,-1,-1,-1,0,0,1,5,0,10,0,0,0,33.39
1,0,0,0,-1,0,1,4,0,0,0,0,2,3,-1,1,1,-1,0,-1,2,3,0,8,150,0,9223372036800000000,40,0,10,0,0,7,0,0,1,0,0,1,1,0,2,500,4,2,4,2,0,1,-1,-1,-1,-1,0,10,-1,1,1,3,-1,-1,-1,0,0,1,5,0,10,0,0,0,59.9
1,0,0,0,-1,0,1,4,0,0,0,0,2,3,1,-1,0,-1,0,0,-1,3,0,-1,400,0,9223372036800000000,60,0,10,0,0,7,0,2,1,0,0,3,1,0,1,20,0,0,-1,2,0,1,-1,-1,-1,-1,0,10,-1,1,1,3,-1,-1,-1,0,0,1,1,0,10,0,0,0,38.67
1,0,0,0,-1,0,1,4,0,0,0,0,2,3,-1,1,1,-1,0,-1,2,3,0,1,150,0,9223372036800000000,40,0,10,0,0,7,0,0,1,0,0,1,1,0,2,500,5,2,4,2,0,1,-1,-1,-1,-1,0,10,-1,1,1,3,-1,-1,-1,0,0,1,5,0,10,0,0,0,42.11
1,0,0,0,-1,0,1,4,0,0,0,0,2,3,-1,1,1,-1,0,-1,2,3,0,8,150,0,9223372036800000000,40,0,10,0,0,7,0,0,1,0,0,1,1,0,2,500,5,2,4,2,0,1,-1,-1,-1,-1,0,10,-1,1,1,3,-1,-1,-1,0,0,1,0,0,10,0,0,0,32.86
1,0,0,0,-1,0,1,4,0,0,0,0,2,3,-1,1,1,-1,0,-1,2,3,0,8,150,0,9223372036800000000,40,0,10,0,0,7,0,0,1,0,0,1,1,0,2,500,5,2,3,2,0,1,-1,-1,-1,-1,0,10,-1,1,1,3,-1,-1,-1,0,0,1,0,0,10,0,0,0,32.86
1,0,0,0,-1,0,1,2,0,0,1,0,-1,2,0,1,-1,0,2,1,1,3,0,16,10,0,9223372036800000000,240,0,10,0,0,7,0,1,1,0,0,3,1,0,3,20,1,2,0,2,0,1,-1,-1,-1,-1,0,10,-1,1,1,3,-1,-1,-1,0,0,-1,0,0,10,0,0,0,33.87
1,0,0,0,-1,0,1,2,0,0,1,0,-1,2,0,1,-1,0,0,1,1,3,0,16,400,0,9223372036800000000,240,0,10,0,0,7,0,1,1,0,0,3,1,0,3,20,1,2,0,2,0,1,-1,-1,-1,-1,0,10,-1,1,1,3,-1,-1,-1,0,0,-1,0,0,10,0,0,0,33.87
1,0,0,0,-1,0,1,4,0,0,0,0,2,3,-1,1,1,-1,0,-1,2,3,0,8,150,0,9223372036800000000,40,0,10,0,0,7,0,0,1,0,0,1,1,0,2,500,5,3,4,2,0,1,-1,-1,-1,-1,0,10,-1,1,1,3,-1,-1,-1,0,0,1,0,0,10,0,0,0,42.92
1,0,0,0,-1,0,1,0,0,0,0,0,1,0,-1,0,-1,0,2,1,-1,3,0,-1,200,0,9223372036800000000,1e+75,0,10,0,0,7,0,0,1,0,0,3,1,0,2,0,0,0,0,2,0,1,-1,-1,-1,-1,0,10,-1,1,1,3,-1,-1,-1,0,0,1,0,0,10,0,0,0,33.18
1,0,0,0,-1,0,1,4,0,0,0,0,-1,3,0,1,1,0,1,-1,-1,3,0,4,200,0,9223372036800000000,40,0,10,0,0,7,0,1,1,0,0,3,1,0,2,60,0,0,0,2,0,1,-1,-1,-1,-1,0,10,-1,1,1,3,-1,-1,-1,0,0,1,0,0,10,0,0,0,42.75
1,0,0,0,-1,0,1,4,0,0,0,0,3,2,-1,-1,2,-1,-1,1,0,3,0,1,150,0,9223372036800000000,1,0,10,0,0,7,0,0,1,0,0,2,1,0,0,60,4,4,0,2,0,1,-1,-1,-1,-1,0,10,-1,1,1,3,-1,-1,-1,0,0,1,1,0,10,0,0,0,42.92
1,0,0,0,-1,0,1,4,0,0,0,0,3,3,-1,0,2,1,-1,-1,2,3,0,8,10,0,9223372036800000000,60,0,10,0,0,7,0,0,1,0,0,0,1,0,3,20,0,0,-1,2,0,1,-1,-1,-1,-1,0,10,-1,1,1,3,-1,-1,-1,0,0,1,0,0,10,0,0,0,33.25
1,0,0,0,-1,0,1,4,0,0,0,0,2,3,-1,0,1,-1,0,-1,2,3,0,8,150,0,9223372036800000000,40,0,10,0,0,7,0,0,1,0,0,1,1,0,2,500,5,2,4,2,0,1,-1,-1,-1,-1,0,10,-1,1,1,3,-1,-1,-1,0,0,1,0,0,10,0,0,0,32.86
1,0,0,0,-1,0,1,5,0,0,0,0,1,3,0,-1,0,2,2,1,2,3,0,-1,50,0,9223372036800000000,1e+75,0,10,0,0,7,0,2,1,0,0,3,1,0,1,0,0,0,3,2,0,1,-1,-1,-1,-1,0,10,-1,1,1,3,-1,-1,-1,0,0,1,0,0,10,0,0,0,38.65
1,0,0,0,-1,0,1,4,0,0,0,0,2,3,-1,1,1,-1,0,-1,2,3,0,8,150,0,9223372036800000000,40,0,10,0,0,7,0,0,1,0,0,1,1,0,2,500,0,2,4,2,0,1,-1,-1,-1,-1,0,10,-1,1,1,3,-1,-1,-1,0,0,1,0,0,10,0,0,0,33.03
1,0,0,0,-1,0,1,4,0,0,0,0,2,3,-1,1,1,-1,0,-1,2,3,0,8,150,0,9223372036800000000,40,0,10,0,0,7,0,0,1,0,0,1,1,0,2,500,5,1,4,2,0,1,-1,-1,-1,-1,0,10,-1,1,1,3,-1,-1,-1,0,0,1,0,0,10,0,0,0,38.58
1,0,0,0,-1,0,1,1,0,0,0,0,2,0,-1,2,-1,-1,-1,0,-1,3,0,8,25,0,9223372036800000000,0,0,10,0,0,7,0,1,1,0,0,2,1,0,2,500,4,2,1,2,0,1,-1,-1,-1,-1,0,10,-1,1,1,3,-1,-1,-1,0,0,1,1,0,10,0,0,0,78.65
1,0,0,0,-1,0,1,4,0,0,0,0,3,0,0,0,2,1,1,-1,2,3,0,-1,10,0,9223372036800000000,1e+75,0,10,0,0,7,0,0,1,0,0,1,1,0,0,0,0,0,0,2,0,1,-1,-1,-1,-1,0,10,-1,1,1,3,-1,-1,-1,0,0,1,0,0,10,0,0,0,33.37
1,0,0,0,-1,0,1,5,0,0,0,0,3,0,1,0,0,-1,2,-1,0,3,0,-1,150,0,9223372036800000000,1e+75,0,10,0,0,7,0,0,1,0,0,1,1,0,0,0,0,0,0,2,0,1,-1,-1,-1,-1,0,10,-1,1,1,3,-1,-1,-1,0,0,1,0,0,10,0,0,0,42.92
1,0,0,0,-1,0,1,1,0,0,0,0,2,0,-1,2,-1,-1,-1,0,-1,3,0,8,25,0,9223372036800000000,0,0,10,0,0,7,0,1,1,0,0,0,1,0,2,500,4,2,1,2,0,1,-1,-1,-1,-1,0,10,-1,1,1,3,-1,-1,-1,0,0,1,0,0,10,0,0,0,45.77
1,0,0,0,-1,0,1,4,0,0,0,0,2,1,-1,1,0,2,1,0,2,3,0,4,100,0,9223372036800000000,1,0,10,0,0,7,0,3,1,0,0,2,1,0,2,-1,0,1,3,2,0,1,-1,-1,-1,-1,0,10,-1,1,1,3,-1,-1,-1,0,0,1,0,0,10,0,0,0,38.58
1,0,0,0,-1,0,1,5,0,0,0,0,0,3,0,2,0,0,1,2,2,3,0,8,100,0,9223372036800000000,1,0,10,0,0,7,0,0,1,0,0,1,1,0,1,40,1,0,3,2,0,1,-1,-1,-1,-1,0,10,-1,1,1,3,-1,-1,-1,0,0,1,0,0,10,0,0,0,38.82
1,0,0,0,-1,0,1,5,0,0,4,0,2,3,-1,0,-1,2,0,2,0,3,0,-1,50,0,9223372036800000000,20,0,10,0,0,7,0,0,1,0,0,2,1,0,2,1000,2,1,0,2,0,1,-1,-1,2,1,0,10,-1,1,1,3,-1,-1,-1,0,0,1,3,0,10,0,0,0,42.79
1,0,0,0,-1,0,1,1,0,0,0,0,2,0,-1,2,-1,-1,-1,0,-1,3,0,8,25,0,9223372036800000000,5,0,10,0,0,7,0,1,1,0,0,2,1,0,2,500,4,2,1,2,0,1,-1,-1,-1,-1,0,10,-1,1,1,3,-1,-1,-1,0,0,1,0,0,10,0,0,0,59.9
1,0,0,0,-1,0,1,3,0,0,0,0,2,0,0,0,-1,2,0,2,0,3,0,-1,150,0,9223372036800000000,1e+75,0,10,0,0,7,0,0,1,0,0,1,1,0,0,0,0,0,0,2,0,1,-1,-1,-1,-1,0,10,-1,1,1,3,-1,-1,-1,0,0,1,0,0,10,0,0,0,34.02
1,0,0,0,-1,0,1,1,0,0,0,0,2,0,-1,2,-1,-1,-1,0,-1,3,0,8,25,0,9223372036800000000,240,0,10,0,0,7,0,1,1,0,0,2,1,0,2,500,4,2,1,2,0,1,-1,-1,-1,-1,0,10,-1,1,1,3,-1,-1,-1,0,0,1,0,0,10,0,0,0,59.9
1,0,0,0,-1,0,1,5,0,0,4,0,2,3,-1,0,-1,2,0,2,0,3,0,-1,50,0,9223372036800000000,20,0,10,0,0,7,0,0,1,0,0,2,1,0,2,1000,2,5,0,2,0,1,-1,-1,2,1,0,10,-1,1,1,3,-1,-1,-1,0,0,1,0,0,10,0,0,0,42.79
1,0,0,0,-1,0,1,1,0,0,0,0,2,0,-1,2,-1,-1,-1,0,-1,3,0,8,25,0,9223372036800000000,20,0,10,0,0,7,0,1,1,0,0,2,1,0,2,500,4,2,1,2,0,1,-1,-1,-1,-1,0,10,-1,1,1,3,-1,-1,-1,0,0,1,0,0,10,0,0,0,59.9
1,0,0,0,-1,0,1,3,0,0,0,0,3,3,0,2,-1,2,2,2,1,3,0,-1,100,0,9223372036800000000,240,0,10,0,0,7,0,2,1,0,0,3,1,0,0,0,0,0,1,2,0,1,-1,-1,-1,-1,0,10,-1,1,1,3,-1,-1,-1,0,0,1,0,0,10,0,0,0,34.02
1,0,0,0,-1,0,1,1,0,0,0,0,2,1,0,-1,2,1,-1,1,1,3,0,-1,150,0,9223372036800000000,2,0,10,0,0,7,0,1,1,0,0,3,1,0,3,0,0,0,-1,2,0,1,-1,-1,-1,-1,0,10,-1,1,1,3,-1,-1,-1,0,0,1,0,0,10,0,0,0,35.23
1,0,0,0,-1,0,1,0,0,0,0,0,1,0,0,0,0,2,0,-1,-1,3,0,-1,25,0,9223372036800000000,1e+75,0,10,0,0,7,0,0,1,0,0,1,1,0,0,0,0,0,0,2,0,1,-1,-1,-1,-1,0,10,-1,1,1,3,-1,-1,-1,0,0,1,0,0,10,0,0,0,33.48
1,0,0,0,-1,0,1,1,0,0,0,0,2,0,-1,0,-1,-1,-1,0,-1,3,0,8,25,0,9223372036800000000,0,0,10,0,0,7,0,1,1,0,0,2,1,0,2,500,4,2,1,2,0,1,-1,-1,-1,-1,0,10,-1,1,1,3,-1,-1,-1,0,0,1,0,0,10,0,0,0,45.77
1,0,0,0,-1,0,1,1,0,0,0,0,0,3,-1,0,1,1,1,-1,1,3,0,8,200,0,9223372036800000000,30,0,10,0,0,7,0,3,1,0,0,2,1,0,0,0,2,4,1,2,0,1,-1,-1,-1,-1,0,10,-1,1,1,3,-1,-1,-1,0,0,1,5,0,10,0,0,0,35.55
1,0,0,0,-1,0,1,1,0,0,0,0,2,0,-1,2,-1,-1,-1,0,-1,3,0,8,25,0,9223372036800000000,0,0,10,0,0,7,0,1,1,0,0,2,1,0,2,500,4,0,1,2,0,1,-1,-1,-1,-1,0,10,-1,1,1,3,-1,-1,-1,0,0,1,0,0,10,0,0,0,45.77
1,0,0,0,-1,0,1,5,1,0,4,0,1,-1,-1,1,0,2,2,1,-1,3,0,16,10,0,9223372036800000000,2,0,10,0,0,7,0,1,1,0,0,2,1,0,2,60,5,5,3,2,0,1,-1,-1,3,3,0,10,-1,1,1,3,-1,-1,-1,0,0,0,5,0,10,0,0,0,27.32
1,0,0,0,-1,0,1,1,0,0,0,0,2,0,-1,2,-1,-1,-1,0,-1,3,0,8,25,0,9223372036800000000,0,0,10,0,0,7,0,1,1,0,0,2,1,0,2,20,4,2,1,2,0,1,-1,-1,-1,-1,0,10,-1,1,1,3,-1,-1,-1,0,0,1,0,0,10,0,0,0,45.77
1,0,0,0,-1,0,1,5,1,0,1,0,-1,1,-1,0,2,-1,1,0,1,3,0,2,200,0,9223372036800000000,5,0,10,0,0,7,0,1,1,0,0,0,1,0,-1,20,2,5,2,2,0,1,-1,-1,2,-1,0,10,-1,1,1,3,-1,-1,-1,0,0,1,2,0,10,0,0,0,29.87
1,0,0,0,-1,0,1,3,0,0,0,0,1,0,0,0,0,0,1,0,1,3,0,4,10,0,9223372036800000000,0,0,10,0,0,7,0,3,1,0,0,0,1,0,-1,100,3,5,2,2,0,1,-1,-1,-1,-1,0,10,-1,1,1,3,-1,-1,-1,0,0,1,2,0,10,0,0,0,26.05
1,0,0,0,-1,0,1,1,0,0,0,0,2,0,-1,2,-1,-1,-1,0,-1,3,0,16,25,0,9223372036800000000,0,0,10,0,0,7,0,1,1,0,0,2,1,0,2,500,4,2,1,2,0,1,-1,-1,-1,-1,0,10,-1,1,1,3,-1,-1,-1,0,0,1,0,0,10,0,0,0,45.77
1,0,0,0,-1,0,1,4,0,0,0,0,2,3,1,1,0,-1,0,0,-1,3,0,-1,400,0,9223372036800000000,60,0,10,0,0,7,0,2,1,0,0,3,1,0,1,20,0,0,-1,2,0,1,-1,-1,-1,-1,0,10,-1,1,1,3,-1,-1,-1,0,0,1,1,0,10,0,0,0,38.67
1,0,0,0,-1,0,1,4,0,0,0,0,2,3,1,1,0,-1,0,0,2,3,0,-1,400,0,9223372036800000000,60,0,10,0,0,7,0,2,1,0,0,3,1,0,1,20,0,0,-1,2,0,1,-1,-1,-1,-1,0,10,-1,1,1,3,-1,-1,-1,0,0,1,1,0,10,0,0,0,38.67
1,0,0,0,-1,0,1,4,0,0,0,0,2,3,1,1,0,-1,0,0,-1,3,0,-1,400,0,9223372036800000000,10,0,10,0,0,7,0,2,1,0,0,3,1,0,1,20,0,0,-1,2,0,1,-1,-1,-1,-1,0,10,-1,1,1,3,-1,-1,-1,0,0,1,1,0,10,0,0,0,38.67
1,0,0,0,-1,0,1,3,0,0,0,0,1,1,-1,-1,2,0,-1,-1,2,3,0,-1,10,0,9223372036800000000,5,0,10,0,0,7,0,1,1,0,0,1,1,0,2,0,0,0,0,2,0,1,-1,-1,-1,-1,0,10,-1,1,1,3,-1,-1,-1,0,0,1,0,0,10,0,0,0,33.13
1,0,0,0,-1,0,1,4,0,0,0,0,2,3,1,1,1,-1,0,0,-1,3,0,-1,400,0,9223372036800000000,60,0,10,0,0,7,0,2,1,0,0,3,1,0,1,20,0,0,-1,2,0,1,-1,-1,-1,-1,0,10,-1,1,1,3,-1,-1,-1,0,0,1,1,0,10,0,0,0,38.67
1,0,0,0,-1,0,1,4,0,0,0,0,2,3,1,1,0,-1,0,0,-1,3,0,-1,400,0,9223372036800000000,40,0,10,0,0,7,0,2,1,0,0,3,1,0,1,20,0,0,-1,2,0,1,-1,-1,-1,-1,0,10,-1,1,1,3,-1,-1,-1,0,0,1,1,0,10,0,0,0,38.67
1,0,0,0,-1,0,1,4,0,0,0,0,2,3,1,1,0,-1,0,0,-1,3,0,-1,400,0,9223372036800000000,0,0,10,0,0,7,0,2,1,0,0,3,1,0,1,20,0,0,-1,2,0,1,-1,-1,-1,-1,0,10,-1,1,1,3,-1,-1,-1,0,0,1,1,0,10,0,0,0,38.67
1,0,0,0,-1,0,1,3,0,0,0,0,3,3,0,2,-1,1,2,2,1,3,0,-1,150,0,9223372036800000000,1e+75,0,10,0,0,7,0,2,1,0,0,3,1,0,0,0,0,0,1,2,0,1,-1,-1,-1,-1,0,10,-1,1,1,3,-1,-1,-1,0,0,1,0,0,10,0,0,0,35.23
1,0,0,0,-1,0,1,1,0,0,0,0,2,1,1,2,2,2,2,2,1,3,0,8,10,0,9223372036800000000,240,0,10,0,0,7,0,1,1,0,0,2,1,0,0,1000,6,2,4,2,0,1,-1,-1,-1,-1,0,10,-1,1,1,3,-1,-1,-1,0,0,1,1,0,10,0,0,0,38.67
1,0,0,0,-1,0,1,4,0,0,0,0,-1,3,1,1,0,-1,0,0,-1,3,0,-1,400,0,9223372036800000000,60,0,10,0,0,7,0,2,1,0,0,3,1,0,1,20,0,0,-1,2,0,1,-1,-1,-1,-1,0,10,-1,1,1,3,-1,-1,-1,0,0,1,1,0,10,0,0,0,42.85
1,0,0,0,-1,0,1,4,0,0,0,0,2,3,1,1,0,-1,0,0,-1,3,0,-1,400,0,9223372036800000000,120,0,10,0,0,7,0,2,1,0,0,3,1,0,1,20,0,0,-1,2,0,1,-1,-1,-1,-1,0,10,-1,1,1,3,-1,-1,-1,0,0,1,1,0,10,0,0,0,38.67
1,0,0,0,-1,0,1,2,0,0,3,0,2,0,1,2,-1,2,0,2,2,3,0,8,25,0,9223372036800000000,30,0,10,0,0,7,0,0,1,0,0,3,1,0,2,-1,3,3,-1,2,0,1,-1,-1,2,3,0,10,-1,1,1,3,-1,-1,-1,0,0,0,3,0,10,0,0,0,42.92
1,0,0,0,-1,0,1,1,0,0,0,0,-1,0,0,0,2,1,1,-1,2,3,0,-1,10,0,9223372036800000000,1e+75,0,10,0,0,7,0,0,1,0,0,1,1,0,0,0,0,0,0,2,0,1,-1,-1,-1,-1,0,10,-1,1,1,3,-1,-1,-1,0,0,1,0,0,10,0,0,0,42.62
1,0,0,0,-1,0,1,4,0,0,0,0,1,0,-1,0,0,-1,2,1,2,3,0,2,25,0,9223372036800000000,120,0,10,0,0,7,0,2,1,0,0,2,1,0,-1,20,3,0,0,2,0,1,-1,-1,-1,-1,0,10,-1,1,1,3,-1,-1,-1,0,0,1,0,0,10,0,0,0,33.57
1,0,0,0,-1,0,1,4,0,0,0,0,2,3,1,1,0,-1,0,0,-1,3,0,-1,400,0,9223372036800000000,60,0,10,0,0,7,0,2,1,0,0,3,1,0,-1,20,0,0,-1,2,0,1,-1,-1,-1,-1,0,10,-1,1,1,3,-1,-1,-1,0,0,1,1,0,10,0,0,0,38.67
1,0,0,0,-1,0,1,4,0,0,0,0,2,3,1,1,0,-1,0,0,-1,3,0,-1,400,0,9223372036800000000,60,0,10,0,0,7,0,2,1,0,0,3,1,0,0,20,0,0,-1,2,0,1,-1,-1,-1,-1,0,10,-1,1,1,3,-1,-1,-1,0,0,1,1,0,10,0,0,0,38.67
1,0,0,0,-1,0,1,4,0,0,0,0,2,-1,1,1,0,-1,0,0,-1,3,0,-1,400,0,9223372036800000000,60,0,10,0,0,7,0,2,1,0,0,3,1,0,1,20,0,0,-1,2,0,1,-1,-1,-1,-1,0,10,-1,1,1,3,-1,-1,-1,0,0,1,1,0,10,0,0,0,38.67
1,0,0,0,-1,0,1,2,0,0,0,0,-1,0,0,0,2,0,2,-1,2,3,0,-1,150,0,9223372036800000000,1,0,10,0,0,7,0,1,1,0,0,2,1,0,3,200,0,0,4,2,0,1,-1,-1,-1,-1,0,10,-1,1,1,3,-1,-1,-1,0,0,1,0,0,10,0,0,0,42.79
1,0,0,0,-1,0,1,4,0,0,0,0,2,3,1,1,0,-1,0,0,-1,3,0,-1,400,0,9223372036800000000,240,0,10,0,0,7,0,2,1,0,0,3,1,0,1,20,0,0,-1,2,0,1,-1,-1,-1,-1,0,10,-1,1,1,3,-1,-1,-1,0,0,1,1,0,10,0,0,0,38.67
1,0,0,0,-1,0,1,0,0,0,0,0,0,3,1,1,2,-1,-1,0,2,3,0,1,25,0,9223372036800000000,50,0,10,0,0,7,0,2,1,0,0,3,1,0,3,500,1,4,-1,2,0,1,-1,-1,-1,-1,0,10,-1,1,1,3,-1,-1,-1,0,0,1,0,0,10,0,0,0,42.92
1,0,0,0,-1,0,1,1,0,0,0,0,2,0,-1,0,-1,1,-1,-1,-1,3,0,-1,10,0,9223372036800000000,1e+75,0,10,0,0,7,0,0,1,0,0,1,1,0,-1,0,0,0,0,2,0,1,-1,-1,-1,-1,0,10,-1,1,1,3,-1,-1,-1,0,0,1,0,0,10,0,0,0,35.42
1,0,0,0,-1,0,1,0,0,0,0,0,0,3,1,1,2,-1,-1,0,2,3,0,1,25,0,9223372036800000000,50,0,10,0,0,7,0,2,1,0,0,3,1,0,2,500,1,4,-1,2,0,1,-1,-1,-1,-1,0,10,-1,1,1,3,-1,-1,-1,0,0,1,0,0,10,0,0,0,42.92
1,0,0,0,-1,0,1,0,0,0,0,0,0,3,1,1,2,-1,-1,0,2,3,0,1,25,0,9223372036800000000,50,0,10,0,0,7,0,2,1,0,0,3,1,0,3,60,1,4,-1,2,0,1,-1,-1,-1,-1,0,10,-1,1,1,3,-1,-1,-1,0,0,1,0,0,10,0,0,0,42.92
1,0,0,0,-1,0,1,0,0,0,0,0,0,3,1,1,2,-1,-1,0,2,3,0,1,25,0,9223372036800000000,50,0,10,0,0,7,0,2,1,0,0,3,1,0,3,500,1,5,-1,2,0,1,-1,-1,-1,-1,0,10,-1,1,1,3,-1,-1,-1,0,0,1,0,0,10,0,0,0,42.91
1,0,0,0,-1,0,1,0,0,0,0,0,0,3,1,2,2,-1,-1,0,2,3,0,1,25,0,9223372036800000000,50,0,10,0,0,7,0,2,1,0,0,3,1,0,3,500,1,5,-1,2,0,1,-1,-1,-1,-1,0,10,-1,1,1,3,-1,-1,-1,0,0,1,0,0,10,0,0,0,42.91
1,0,0,0,-1,0,1,0,0,0,0,0,0,3,1,1,2,-1,-1,0,2,3,0,1,25,0,9223372036800000000,50,0,10,0,0,7,0,1,1,0,0,3,1,0,3,500,1,5,-1,2,0,1,-1,-1,-1,-1,0,10,-1,1,1,3,-1,-1,-1,0,0,1,0,0,10,0,0,0,42.91
1,0,0,0,-1,0,1,0,0,0,0,0,0,3,1,1,2,-1,-1,0,2,3,0,1,25,0,9223372036800000000,50,0,10,0,0,7,0,2,1,0,0,3,1,0,3,500,1,5,1,2,0,1,-1,-1,-1,-1,0,10,-1,1,1,3,-1,-1,-1,0,0,1,0,0,10,0,0,0,42.8
1,0,0,0,-1,0,1,0,0,0,0,0,0,3,1,1,2,-1,-1,0,2,3,0,1,25,0,9223372036800000000,50,0,10,0,0,7,0,2,1,0,0,3,1,0,3,0,1,5,1,2,0,1,-1,-1,-1,-1,0,10,-1,1,1,3,-1,-1,-1,0,0,1,0,0,10,0,0,0,42.8
1,0,0,0,-1,0,1,0,0,0,0,0,2,3,0,0,-1,2,-1,-1,0,3,0,8,800,0,9223372036800000000,5,0,10,0,0,7,0,0,1,0,0,3,1,0,-1,0,5,4,4,2,0,1,-1,-1,-1,-1,0,10,-1,1,1,3,-1,-1,-1,0,0,1,1,0,10,0,0,0,33.87
1,0,0,0,-1,0,1,0,0,0,0,0,0,3,1,1,2,-1,-1,0,2,3,0,4,25,0,9223372036800000000,50,0,10,0,0,7,0,2,1,0,0,1,1,0,3,500,1,5,1,2,0,1,-1,-1,-1,-1,0,10,-1,1,1,3,-1,-1,-1,0,0,1,0,0,10,0,0,0,34.29
1,0,0,0,-1,0,1,1,0,0,0,0,1,2,-1,1,-1,0,1,1,1,3,0,1,25,0,9223372036800000000,2,0,10,0,0,7,0,2,1,0,0,3,1,0,0,200,0,2,3,2,0,1,-1,-1,-1,-1,0,10,-1,1,1,3,-1,-1,-1,0,0,1,3,0,10,0,0,0,42.22
1,0,0,0,-1,0,1,3,1,0,5,0,-1,-1,-1,-1,2,1,-1,-1,0,3,0,1,200,0,9223372036800000000,50,0,10,0,0,7,0,3,1,0,0,0,1,0,1,20,1,2,3,2,0,1,-1,-1,-1,2,0,10,-1,1,1,3,-1,-1,-1,0,0,1,2,0,10,0,0,0,29.69
1,0,0,0,-1,0,1,5,0,0,0,0,1,1,-1,0,-1,0,-1,0,-1,3,0,16,100,0,9223372036800000000,10,0,10,0,0,7,0,0,1,0,0,2,1,0,1,-1,2,1,1,2,0,1,-1,-1,-1,-1,0,10,-1,1,1,3,-1,-1,-1,0,0,1,5,0,10,0,0,0,42.8
1,0,0,0,-1,0,1,5,0,0,0,0,1,1,-1,0,-1,2,-1,0,-1,3,0,16,100,0,9223372036800000000,10,0,10,0,0,7,0,0,1,0,0,2,1,0,1,-1,2,1,0,2,0,1,-1,-1,-1,-1,0,10,-1,1,1,3,-1,-1,-1,0,0,1,4,0,10,0,0,0,42.79
1,0,0,0,-1,0,1,5,0,0,0,0,1,1,-1,1,-1,0,-1,0,-1,3,0,16,100,0,9223372036800000000,10,0,10,0,0,7,0,0,1,0,0,2,1,0,1,-1,2,1,0,2,0,1,-1,-1,-1,-1,0,10,-1,1,1,3,-1,-1,-1,0,0,1,4,0,10,0,0,0,42.79
1,0,0,0,-1,0,1,5,0,0,0,0,1,3,0,1,2,1,1,-1,0,3,0,4,400,0,9223372036800000000,20,0,10,0,0,7,0,2,1,0,0,0,1,0,1,0,0,2,1,2,0,1,-1,-1,-1,-1,0,10,-1,1,1,3,-1,-1,-1,0,0,1,0,0,10,0,0,0,38.65
1,0,0,0,-1,0,1,1,0,0,0,0,3,0,-1,1,1,1,2,-1,1,3,0,16,400,0,9223372036800000000,1e+75,0,10,0,0,7,0,2,1,0,0,1,1,0,-1,100,5,2,-1,2,0,1,-1,-1,-1,-1,0,10,-1,1,1,3,-1,-1,-1,0,0,1,0,0,10,0,0,0,26.45
1,0,0,0,-1,0,1,5,0,0,0,0,1,1,-1,0,-1,0,-1,0,-1,3,0,16,100,0,9223372036800000000,10,0,10,0,0,7,0,0,1,0,0,2,1,0,1,-1,2,1,-1,2,0,1,-1,-1,-1,-1,0,10,-1,1,1,3,-1,-1,-1,0,0,1,4,0,10,0,0,0,42.92
1,0,0,0,-1,0,1,2,1,0,5,0,3,2,1,0,2,-1,1,0,2,3,0,2,50,0,9223372036800000000,240,0,10,0,0,7,0,2,1,0,0,3,1,0,2,20,0,3,3,2,0,1,-1,-1,0,-1,0,10,-1,1,1,3,-1,-1,-1,0,0,1,1,0,10,0,0,0,38.72
1,0,0,0,-1,0,1,5,0,0,0,0,-1,1,-1,0,-1,0,-1,0,-1,3,0,16,100,0,9223372036800000000,10,0,10,0,0,7,0,0,1,0,0,2,1,0,1,-1,2,1,0,2,0,1,-1,-1,-1,-1,0,10,-1,1,1,3,-1,-1,-1,0,0,1,4,0,10,0,0,0,42.79
1,0,0,0,-1,0,1,5,0,0,0,0,1,1,-1,0,-1,0,-1,0,-1,3,0,16,100,0,9223372036800000000,50,0,10,0,0,7,0,0,1,0,0,2,1,0,1,-1,2,1,0,2,0,1,-1,-1,-1,-1,0,10,-1,1,1,3,-1,-1,-1,0,0,1,4,0,10,0,0,0,42.79
1,0,0,0,-1,0,1,5,0,0,0,0,1,2,0,1,2,1,1,-1,0,3,0,4,400,0,9223372036800000000,20,0,10,0,0,7,0,2,1,0,0,0,1,0,1,0,0,2,1,2,0,1,-1,-1,-1,-1,0,10,-1,1,1,3,-1,-1,-1,0,0,1,0,0,10,0,0,0,38.65
1,0,0,0,-1,0,1,3,0,0,0,0,1,1,-1,0,2,0,-1,-1,2,3,0,-1,10,0,9223372036800000000,1,0,10,0,0,7,0,1,1,0,0,1,1,0,2,0,0,0,0,2,0,1,-1,-1,-1,-1,0,10,-1,1,1,3,-1,-1,-1,0,0,1,0,0,10,0,0,0,33.13
1,0,0,0,-1,0,1,5,0,0,0,0,1,2,0,1,2,1,1,-1,0,3,0,4,400,0,9223372036800000000,1e+75,0,10,0,0,7,0,2,1,0,0,0,1,0,1,0,0,2,1,2,0,1,-1,-1,-1,-1,0,10,-1,1,1,3,-1,-1,-1,0,0,1,0,0,10,0,0,0,38.65
1,0,0,0,-1,0,1,3,0,0,0,0,-1,0,0,1,-1,2,0,1,1,3,0,-1,10,0,9223372036800000000,1e+75,0,10,0,0,7,0,0,1,0,0,1,1,0,0,0,0,0,0,2,0,1,-1,-1,-1,-1,0,10,-1,1,1,3,-1,-1,-1,0,0,1,0,0,10,0,0,0,42.61
1,0,0,0,-1,0,1,5,0,0,0,0,1,2,0,1,2,1,-1,-1,0,3,0,4,400,0,9223372036800000000,20,0,10,0,0,7,0,2,1,0,0,0,1,0,1,0,5,2,1,2,0,1,-1,-1,-1,-1,0,10,-1,1,1,3,-1,-1,-1,0,0,1,0,0,10,0,0,0,38.61
1,0,0,0,-1,0,1,4,0,0,0,0,-1,1,0,0,1,0,0,0,0,3,0,-1,150,0,9223372036800000000,0,0,10,0,0,7,0,0,1,0,0,2,1,0,1,0,0,0,0,2,0,1,-1,-1,-1,-1,0,10,-1,1,1,3,-1,-1,-1,0,0,1,0,0,10,0,0,0,42.42
1,0,0,0,-1,0,1,5,0,0,0,0,1,2,0,1,2,1,1,0,0,3,0,4,400,0,9223372036800000000,20,0,10,0,0,7,0,2,1,0,0,0,1,0,1,0,5,2,1,2,0,1,-1,-1,-1,-1,0,10,-1,1,1,3,-1,-1,-1,0,0,1,0,0,10,0,0,0,38.61
1,0,0,0,-1,0,1,5,0,0,0,0,1,2,0,0,2,1,1,-1,0,3,0,4,400,0,9223372036800000000,20,0,10,0,0,7,0,2,1,0,0,0,1,0,1,0,5,2,1,2,0,1,-1,-1,-1,-1,0,10,-1,1,1,3,-1,-1,-1,0,0,1,0,0,10,0,0,0,38.61
1,0,0,0,-1,0,1,5,0,0,0,0,1,2,0,1,2,1,2,-1,0,3,0,4,400,0,9223372036800000000,20,0,10,0,0,7,0,2,1,0,0,0,1,0,1,0,5,2,1,2,0,1,-1,-1,-1,-1,0,10,-1,1,1,3,-1,-1,-1,0,0,1,0,0,10,0,0,0,38.61
1,0,0,0,-1,0,1,5,0,0,0,0,1,2,0,1,2,1,1,-1,0,3,0,4,400,0,9223372036800000000,50,0,10,0,0,7,0,2,1,0,0,0,1,0,1,0,5,2,1,2,0,1,-1,-1,-1,-1,0,10,-1,1,1,3,-1,-1,-1,0,0,1,0,0,10,0,0,0,38.61
1,0,0,0,-1,0,1,5,0,0,0,0,1,2,0,1,2,1,1,-1,0,3,0,4,400,0,9223372036800000000,20,0,10,0,0,7,0,2,1,0,0,0,1,0,1,0,5,2,4,2,0,1,-1,-1,-1,-1,0,10,-1,1,1,3,-1,-1,-1,0,0,1,0,0,10,0,0,0,38.61
1,0,0,0,-1,0,1,4,0,0,0,0,1,0,1,0,0,-1,2,1,-1,3,0,2,25,0,9223372036800000000,120,0,10,0,0,7,0,2,1,0,0,2,1,0,-1,20,3,5,0,2,0,1,-1,-1,-1,-1,0,10,-1,1,1,3,-1,-1,-1,0,0,1,0,0,10,0,0,0,34.28
1,0,0,0,-1,0,1,0,1,0,5,0,2,1,0,1,-1,0,2,2,0,3,0,1,100,0,9223372036800000000,0,0,10,0,0,7,0,0,1,0,0,3,1,0,1,1000,2,5,3,2,0,1,-1,-1,-1,2,0,10,-1,1,1,3,-1,-1,-1,0,0,1,2,0,10,0,0,0,29.76
1,0,0,0,-1,0,1,4,0,0,0,0,1,0,1,0,0,-1,2,1,2,3,0,2,25,0,9223372036800000000,120,0,10,0,0,7,0,2,1,0,0,0,1,0,-1,20,3,0,0,2,0,1,-1,-1,-1,-1,0,10,-1,1,1,3,-1,-1,-1,0,0,1,0,0,10,0,0,0,33.57
1,0,0,0,-1,0,1,4,0,0,0,0,1,0,1,0,0,-1,2,1,2,3,0,-1,25,0,9223372036800000000,120,0,10,0,0,7,0,2,1,0,0,2,1,0,-1,20,3,0,0,2,0,1,-1,-1,-1,-1,0,10,-1,1,1,3,-1,-1,-1,0,0,1,0,0,10,0,0,0,33.57
1,0,0,0,-1,0,1,1,0,0,0,0,0,3,-1,2,1,1,1,-1,1,3,0,8,50,0,9223372036800000000,30,0,10,0,0,7,0,3,1,0,0,2,1,0,0,0,2,1,1,2,0,1,-1,-1,-1,-1,0,10,-1,1,1,3,-1,-1,-1,0,0,1,5,0,10,0,0,0,38.67
1,0,0,0,-1,0,1,4,0,0,0,0,1,0,1,0,0,-1,2,1,2,3,0,2,25,0,9223372036800000000,0,0,10,0,0,7,0,2,1,0,0,2,1,0,-1,20,3,3,0,2,0,1,-1,-1,-1,-1,0,10,-1,1,1,3,-1,-1,-1,0,0,1,0,0,10,0,0,0,42.92
1,0,0,0,-1,0,1,4,0,0,0,0,1,0,1,0,0,-1,2,1,2,3,0,2,25,0,9223372036800000000,0,0,10,0,0,7,0,2,1,0,0,2,1,0,-1,20,1,0,0,2,0,1,-1,-1,-1,-1,0,10,-1,1,1,3,-1,-1,-1,0,0,1,0,0,10,0,0,0,33.37
1,0,0,0,-1,0,1,4,0,0,0,0,1,0,1,0,0,-1,2,1,2,3,0,2,25,0,9223372036800000000,0,0,10,0,0,7,0,2,1,0,0,2,1,0,-1,20,2,0,0,2,0,1,-1,-1,-1,-1,0,10,-1,1,1,3,-1,-1,-1,0,0,1,0,0,10,0,0,0,33.47
1,0,0,0,-1,0,1,0,1,0,3,0,0,1,0,2,2,2,0,1,-1,3,0,8,10,0,9223372036800000000,20,0,10,0,0,7,0,0,1,0,0,0,1,0,2,40,0,0,4,2,0,1,-1,-1,2,-1,0,10,-1,1,1,3,-1,-1,-1,0,0,0,4,0,10,0,0,0,32.34
1,0,0,0,-1,0,1,4,0,0,0,0,3,2,-1,-1,2,-1,-1,1,0,3,0,4,150,0,9223372036800000000,1,0,10,0,0,7,0,0,1,0,0,2,1,0,0,60,4,4,0,2,0,1,-1,-1,-1,-1,0,10,-1,1,1,3,-1,-1,-1,0,0,1,5,0,10,0,0,0,43.99
1,0,0,0,-1,0,1,4,0,0,0,0,3,2,-1,-1,2,-1,-1,1,0,3,0,4,150,0,9223372036800000000,1,0,10,0,0,7,0,0,1,0,0,2,1,0,-1,60,4,4,0,2,0,1,-1,-1,-1,-1,0,10,-1,1,1,3,-1,-1,-1,0,0,1,1,0,10,0,0,0,43.99
1,0,0,0,-1,0,1,0,0,0,0,0,0,0,1,2,-1,0,1,1,2,3,0,-1,100,0,9223372036800000000,2,0,10,0,0,7,0,2,1,0,0,2,1,0,2,0,0,0,1,2,0,1,-1,-1,-1,-1,0,10,-1,1,1,3,-1,-1,-1,0,0,1,0,0,10,0,0,0,33.03
1,0,0,0,-1,0,1,4,0,0,0,0,3,2,-1,-1,2,-1,-1,1,0,3,0,4,150,0,9223372036800000000,1,0,10,0,0,7,0,0,1,0,0,2,1,0,0,0,4,4,0,2,0,1,-1,-1,-1,-1,0,10,-1,1,1,3,-1,-1,-1,0,0,1,1,0,10,0,0,0,43.99
1,0,0,0,-1,0,1,4,0,0,0,0,3,2,-1,-1,2,-1,-1,1,0,3,0,8,150,0,9223372036800000000,1,0,10,0,0,7,0,0,1,0,0,2,1,0,0,60,4,4,0,2,0,1,-1,-1,-1,-1,0,10,-1,1,1,3,-1,-1,-1,0,0,1,1,0,10,0,0,0,43.99
1,0,0,0,-1,0,1,4,0,0,0,0,3,2,-1,-1,2,-1,-1,1,0,3,0,4,150,0,9223372036800000000,1,0,10,0,0,7,0,0,1,0,0,0,1,0,0,60,4,4,0,2,0,1,-1,-1,-1,-1,0,10,-1,1,1,3,-1,-1,-1,0,0,1,1,0,10,0,0,0,43.99
1,0,0,0,-1,0,1,0,0,0,0,0,-1,0,0,0,2,0,2,-1,2,3,0,-1,800,0,9223372036800000000,1,0,10,0,0,7,0,1,1,0,0,2,1,0,3,200,0,0,4,2,0,1,-1,-1,-1,-1,0,10,-1,1,1,3,-1,-1,-1,0,0,1,0,0,10,0,0,0,42.79
1,0,0,0,-1,0,1,4,0,0,0,0,3,2,-1,-1,2,-1,-1,1,0,3,0,1,150,0,9223372036800000000,5,0,10,0,0,7,0,0,1,0,0,2,1,0,0,60,4,4,0,2,0,1,-1,-1,-1,-1,0,10,-1,1,1,3,-1,-1,-1,0,0,1,1,0,10,0,0,0,42.92
1,0,0,0,-1,0,1,3,0,0,5,0,1,0,0,0,0,0,1,0,1,3,0,4,50,0,9223372036800000000,0,0,10,0,0,7,0,3,1,0,0,0,1,0,-1,100,3,5,2,2,0,1,-1,-1,-1,-1,0,10,-1,1,1,3,-1,-1,-1,0,0,1,2,0,10,0,0,0,26.05
1,0,0,0,-1,0,1,4,0,0,0,0,3,1,-1,-1,2,-1,-1,1,0,3,0,1,150,0,9223372036800000000,1,0,10,0,0,7,0,0,1,0,0,2,1,0,0,60,4,4,0,2,0,1,-1,-1,-1,-1,0,10,-1,1,1,3,-1,-1,-1,0,0,1,1,0,10,0,0,0,42.92
1,0,0,0,-1,0,1,4,0,0,0,0,2,0,-1,1,0,2,1,0,2,3,0,4,100,0,9223372036800000000,1,0,10,0,0,7,0,3,1,0,0,2,1,0,2,-1,0,1,3,2,0,1,-1,-1,-1,-1,0,10,-1,1,1,3,-1,-1,-1,0,0,1,0,0,10,0,0,0,38.58
1,0,0,0,-1,0,1,4,0,0,0,0,2,0,-1,1,0,2,1,0,2,3,0,4,100,0,9223372036800000000,1,0,10,0,0,7,0,3,1,0,0,2,1,0,2,-1,0,3,3,2,0,1,-1,-1,-1,-1,0,10,-1,1,1,3,-1,-1,-1,0,0,1,0,0,10,0,0,0,42.92
1,0,0,0,-1,0,1,4,0,0,0,0,2,0,-1,1,0,2,1,0,2,3,0,4,100,0,9223372036800000000,1,0,10,0,0,7,0,3,1,0,0,2,1,0,2,-1,5,1,3,2,0,1,-1,-1,-1,-1,0,10,-1,1,1,3,-1,-1,-1,0,0,1,0,0,10,0,0,0,38.58
1,0,0,0,-1,0,1,0,0,0,0,0,2,3,0,0,-1,2,-1,-1,0,3,0,8,800,0,9223372036800000000,5,0,10,0,0,7,0,0,1,0,0,3,1,0,-1,40,5,4,4,2,0,1,-1,-1,-1,-1,0,10,-1,1,1,3,-1,-1,-1,0,0,1,1,0,10,0,0,0,43.27
1,0,0,0,-1,0,1,4,0,0,0,0,0,0,0,0,2,1,-1,-1,2,3,0,-1,10,0,9223372036800000000,1e+75,0,10,0,0,7,0,0,1,0,0,1,1,0,0,0,0,0,0,2,0,1,-1,-1,-1,-1,0,10,-1,1,1,3,-1,-1,-1,0,0,1,0,0,10,0,0,0,33.37
1,0,0,0,-1,0,1,4,0,0,0,0,2,0,-1,1,0,2,1,0,2,3,0,4,100,0,9223372036800000000,1,0,10,0,0,7,0,3,1,0,0,2,1,0,2,200,0,1,3,2,0,1,-1,-1,-1,-1,0,10,-1,1,1,3,-1,-1,-1,0,0,1,0,0,10,0,0,0,38.58
1,0,0,0,-1,0,1,4,0,0,0,0,1,0,0,0,0,1,2,1,2,3,0,-1,25,0,9223372036800000000,1e+75,0,10,0,0,7,0,0,1,0,0,1,1,0,0,0,0,0,0,2,0,1,-1,-1,-1,-1,0,10,-1,1,1,3,-1,-1,-1,0,0,1,0,0,10,0,0,0,33.37
1,0,0,0,-1,0,1,0,0,0,0,0,2,0,-1,1,0,2,1,0,2,3,0,4,100,0,9223372036800000000,1,0,10,0,0,7,0,3,1,0,0,2,1,0,2,-1,0,1,3,2,0,1,-1,-1,-1,-1,0,10,-1,1,1,3,-1,-1,-1,0,0,1,0,0,10,0,0,0,38.58
1,0,0,0,-1,0,1,2,0,0,0,0,2,2,1,1,0,-1,2,2,1,3,0,-1,25,0,9223372036800000000,20,0,10,0,0,7,0,0,1,0,0,3,1,0,2,200,0,0,-1,2,0,1,-1,-1,-1,-1,0,10,-1,1,1,3,-1,-1,-1,0,0,1,0,0,10,0,0,0,33.03
1,0,0,0,-1,0,1,4,0,0,0,0,2,0,-1,1,0,2,1,0,1,3,0,4,100,0,9223372036800000000,1,0,10,0,0,7,0,3,1,0,0,2,1,0,2,-1,0,1,3,2,0,1,-1,-1,-1,-1,0,10,-1,1,1,3,-1,-1,-1,0,0,1,0,0,10,0,0,0,38.58
1,0,0,0,-1,0,1,4,0,0,0,0,-1,0,-1,1,0,2,1,0,2,3,0,4,100,0,9223372036800000000,1,0,10,0,0,7,0,3,1,0,0,2,1,0,2,-1,0,1,3,2,0,1,-1,-1,-1,-1,0,10,-1,1,1,3,-1,-1,-1,0,0,1,0,0,10,0,0,0,42.71
1,0,0,0,-1,0,1,5,0,0,0,0,1,2,1,-1,-1,0,2,-1,-1,3,0,8,200,0,9223372036800000000,1,0,10,0,0,7,0,3,1,0,0,0,1,0,3,60,6,3,0,2,0,1,-1,-1,-1,-1,0,10,-1,1,1,3,-1,-1,-1,0,0,1,0,0,10,0,0,0,42.92
1,0,0,0,-1,0,1,4,0,0,0,0,2,0,-1,1,0,2,1,0,2,3,0,4,100,0,9223372036800000000,1,0,10,0,0,7,0,3,1,0,0,1,1,0,2,-1,0,1,3,2,0,1,-1,-1,-1,-1,0,10,-1,1,1,3,-1,-1,-1,0,0,1,0,0,10,0,0,0,38.58
1,0,0,0,-1,0,1,0,0,0,0,0,0,0,0,0,0,0,0,0,0,3,0,-1,50,0,9223372036800000000,240,0,10,0,0,7,0,0,1,0,0,1,1,0,2,60,0,0,0,2,0,1,-1,-1,-1,-1,0,10,-1,1,1,3,-1,-1,-1,0,0,1,1,0,10,0,0,0,38.58
1,0,0,0,-1,0,1,4,0,0,0,0,2,0,-1,1,0,2,1,0,2,3,0,4,100,0,9223372036800000000,1e+75,0,10,0,0,7,0,3,1,0,0,2,1,0,2,-1,0,1,3,2,0,1,-1,-1,-1,-1,0,10,-1,1,1,3,-1,-1,-1,0,0,1,0,0,10,0,0,0,38.58
1,0,0,0,-1,0,1,5,0,0,0,0,1,2,0,1,2,1,1,-1,0,3,0,4,400,0,9223372036800000000,20,0,10,0,0,7,0,0,1,0,0,0,1,0,1,0,5,2,1,2,0,1,-1,-1,-1,-1,0,10,-1,1,1,3,-1,-1,-1,0,0,1,0,0,10,0,0,0,38.61
1,0,0,0,-1,0,1,4,0,0,0,0,2,-1,-1,1,0,2,1,0,2,3,0,4,100,0,9223372036800000000,1,0,10,0,0,7,0,3,1,0,0,2,1,0,2,-1,0,1,3,2,0,1,-1,-1,-1,-1,0,10,-1,1,1,3,-1,-1,-1,0,0,1,0,0,10,0,0,0,38.58
1,0,0,0,-1,0,1,4,1,0,3,0,2,-1,1,2,-1,1,2,-1,2,3,0,8,50,0,9223372036800000000,0,0,10,0,0,7,0,2,1,0,0,3,1,0,0,40,4,1,4,2,0,1,-1,-1,2,2,0,10,-1,1,1,3,-1,-1,-1,0,0,0,2,0,10,0,0,0,33.14
1,0,0,0,-1,0,1,2,0,0,0,0,2,0,-1,0,1,0,1,1,1,3,0,2,10,0,9223372036800000000,1,0,10,0,0,7,0,0,1,0,0,2,1,0,2,1000,2,1,0,2,0,1,-1,-1,-1,-1,0,10,-1,1,1,3,-1,-1,-1,0,0,1,5,0,10,0,0,0,38.58
1,0,0,0,-1,0,1,2,0,0,0,0,2,0,-1,0,1,0,1,1,1,3,0,2,10,0,9223372036800000000,1,0,10,0,0,7,0,0,1,0,0,2,1,0,2,1000,2,1,0,2,0,1,-1,-1,-1,-1,0,10,-1,1,1,3,-1,-1,-1,0,0,1,0,0,10,0,0,0,38.58
1,0,0,0,-1,0,1,2,0,0,0,0,2,0,-1,0,1,0,1,1,1,3,0,2,10,0,9223372036800000000,1,0,10,0,0,7,0,0,1,0,0,2,1,0,2,1000,2,2,0,2,0,1,-1,-1,-1,-1,0,10,-1,1,1,3,-1,-1,-1,0,0,1,5,0,10,0,0,0,34.2
1,0,0,0,-1,0,1,3,0,0,0,0,-1,2,1,-1,-1,2,2,-1,2,3,0,-1,25,0,9223372036800000000,0,0,10,0,0,7,0,3,1,0,0,0,1,0,0,200,0,0,2,2,0,1,-1,-1,-1,-1,0,10,-1,1,1,3,-1,-1,-1,0,0,1,0,0,10,0,0,0,42.52
1,0,0,0,-1,0,1,2,0,0,0,0,2,0,-1,0,1,0,1,1,1,3,0,2,10,0,9223372036800000000,1,0,10,0,0,7,0,0,1,0,0,2,1,0,2,100,2,2,0,2,0,1,-1,-1,-1,-1,0,10,-1,1,1,3,-1,-1,-1,0,0,1,5,0,10,0,0,0,34.2
1,0,0,0,-1,0,1,2,0,0,0,0,2,0,-1,0,1,0,1,1,1,3,0,2,10,0,9223372036800000000,1,0,10,0,0,7,0,0,1,0,0,2,1,0,2,1000,2,2,0,2,0,1,-1,-1,-1,-1,0,10,-1,1,1,3,-1,-1,-1,0,0,1,0,0,10,0,0,0,32.96
1,0,0,0,-1,0,1,4,0,0,0,0,-1,1,0,0,1,0,0,0,0,3,0,-1,150,0,9223372036800000000,60,0,10,0,0,7,0,0,1,0,0,2,1,0,2,0,0,0,0,2,0,1,-1,-1,-1,-1,0,10,-1,1,1,3,-1,-1,-1,0,0,1,0,0,10,0,0,0,42.71
1,0,0,0,-1,0,1,1,0,0,0,0,0,3,-1,2,1,1,1,-1,1,3,0,8,200,0,9223372036800000000,30,0,10,0,0,7,0,3,1,0,0,2,1,0,0,0,5,4,2,2,0,1,-1,-1,-1,-1,0,10,-1,1,1,3,-1,-1,-1,0,0,1,5,0,10,0,0,0,35.48
1,0,0,0,-1,0,1,1,1,0,1,0,1,1,1,2,0,1,2,1,2,3,0,4,25,0,9223372036800000000,0,0,10,0,0,7,0,0,1,0,0,3,1,0,1,1000,6,3,3,2,0,1,-1,-1,1,3,0,10,-1,1,1,3,-1,-1,-1,0,0,1,3,0,10,0,0,0,34.8
1,0,0,0,-1,0,1,3,1,0,0,0,3,-1,-1,2,0,2,2,0,2,3,0,1,10,0,9223372036800000000,2,0,10,0,0,7,0,2,1,0,0,1,1,0,-1,20,0,2,2,2,0,1,-1,-1,3,-1,0,10,-1,1,1,3,-1,-1,-1,0,0,1,5,0,10,0,0,0,30.05
1,0,0,0,-1,0,1,2,0,0,0,0,2,0,-1,0,0,0,1,1,1,3,0,2,10,0,9223372036800000000,1,0,10,0,0,7,0,0,1,0,0,2,1,0,2,1000,2,2,0,2,0,1,-1,-1,-1,-1,0,10,-1,1,1,3,-1,-1,-1,0,0,1,0,0,10,0,0,0,32.96
1,0,0,0,-1,0,1,1,0,0,0,0,0,-1,-1,2,1,1,1,-1,1,3,0,8,200,0,9223372036800000000,30,0,10,0,0,7,0,3,1,0,0,2,1,0,0,0,5,4,1,2,0,1,-1,-1,-1,-1,0,10,-1,1,1,3,-1,-1,-1,0,0,1,5,0,10,0,0,0,35.33
1,0,0,0,-1,0,1,3,1,0,2,0,-1,1,-1,0,2,-1,1,0,1,3,0,2,200,0,9223372036800000000,5,0,10,0,0,7,0,1,1,0,0,0,1,0,-1,20,2,0,2,2,0,1,-1,-1,2,-1,0,10,-1,1,1,3,-1,-1,-1,0,0,1,2,0,10,0,0,0,38.21
1,0,0,0,-1,0,1,1,0,0,0,0,3,0,-1,1,1,1,2,-1,1,3,0,16,400,0,9223372036800000000,5,0,10,0,0,7,0,2,1,0,0,1,1,0,-1,20,5,0,-1,2,0,1,-1,-1,-1,-1,0,10,-1,1,1,3,-1,-1,-1,0,0,1,0,0,10,0,0,0,35.09
1,0,0,0,-1,0,1,2,0,0,0,0,2,0,-1,0,1,0,1,1,1,3,0,2,10,0,9223372036800000000,60,0,10,0,0,7,0,0,1,0,0,2,1,0,2,1000,6,2,0,2,0,1,-1,-1,-1,-1,0,10,-1,1,1,3,-1,-1,-1,0,0,1,0,0,10,0,0,0,32.88
1,0,0,0,-1,0,1,5,0,0,0,0,0,3,0,2,0,0,1,1,2,3,0,8,100,0,9223372036800000000,1,0,10,0,0,7,0,0,1,0,0,1,1,0,1,40,1,0,1,2,0,1,-1,-1,-1,-1,0,10,-1,1,1,3,-1,-1,-1,0,0,1,0,0,10,0,0,0,38.82
1,0,0,0,-1,0,1,2,0,0,0,0,-1,1,-1,2,2,2,2,2,-1,3,0,1,10,0,9223372036800000000,2,0,10,0,0,7,0,2,1,0,0,2,1,0,0,60,2,0,-1,2,0,1,-1,-1,-1,-1,0,10,-1,1,1,3,-1,-1,-1,0,0,1,0,0,10,0,0,0,42.92
1,0,0,0,-1,0,1,5,0,0,0,0,0,-1,-1,-1,-1,2,1,1,1,3,0,1,50,0,9223372036800000000,240,0,10,0,0,7,0,1,1,0,0,0,1,0,-1,200,0,0,-1,2,0,1,-1,-1,-1,-1,0,10,-1,1,1,3,-1,-1,-1,0,0,1,0,0,10,0,0,0,42.92
1,0,0,0,-1,0,1,2,0,0,0,0,2,0,-1,0,1,0,1,1,1,3,0,2,10,0,9223372036800000000,1,0,10,0,0,7,0,2,1,0,0,2,1,0,2,1000,6,2,0,2,0,1,-1,-1,-1,-1,0,10,-1,1,1,3,-1,-1,-1,0,0,1,0,0,10,0,0,0,32.88
1,0,0,0,-1,0,1,5,1,0,4,0,1,-1,-1,1,0,2,1,1,-1,3,0,16,10,0,9223372036800000000,2,0,10,0,0,7,0,1,1,0,0,0,1,0,2,60,5,5,3,2,0,1,-1,-1,3,3,0,10,-1,1,1,3,-1,-1,-1,0,0,0,5,0,10,0,0,0,27.32
1,0,0,0,-1,0,1,2,0,0,0,0,2,0,-1,1,1,0,1,1,1,3,0,2,10,0,9223372036800000000,1,0,10,0,0,7,0,0,1,0,0,2,1,0,2,1000,6,2,0,2,0,1,-1,-1,-1,-1,0,10,-1,1,1,3,-1,-1,-1,0,0,1,0,0,10,0,0,0,32.88
1,0,0,0,-1,0,1,5,1,0,4,0,1,-1,-1,1,0,2,2,1,-1,3,0,16,10,0,9223372036800000000,2,0,10,0,0,7,0,1,1,0,0,0,1,0,2,60,5,5,3,2,0,1,-1,-1,3,3,0,10,-1,1,1,3,-1,-1,-1,0,0,0,5,0,10,0,0,0,27.32
1,0,0,0,-1,0,1,5,0,0,0,0,1,2,1,-1,-1,0,2,-1,-1,3,0,2,200,0,9223372036800000000,1,0,10,0,0,7,0,3,1,0,0,0,1,0,3,60,6,3,0,2,0,1,-1,-1,-1,-1,0,10,-1,1,1,3,-1,-1,-1,0,0,1,0,0,10,0,0,0,42.92
1,0,0,0,-1,0,1,0,0,0,0,0,3,2,0,1,2,1,-1,-1,1,3,0,-1,150,0,9223372036800000000,20,0,10,0,0,7,0,2,1,0,0,0,1,0,2,0,0,0,1,2,0,1,-1,-1,-1,-1,0,10,-1,1,1,3,-1,-1,-1,0,0,1,0,0,10,0,0,0,33.03
1,0,0,0,-1,0,1,5,0,0,0,0,1,2,1,-1,-1,0,2,-1,-1,3,0,-1,200,0,9223372036800000000,50,0,10,0,0,7,0,3,1,0,0,0,1,0,3,60,6,3,0,2,0,1,-1,-1,-1,-1,0,10,-1,1,1,3,-1,-1,-1,0,0,1,0,0,10,0,0,0,42.92
1,0,0,0,-1,0,1,4,0,0,0,0,-1,2,0,1,1,0,1,-1,-1,3,0,4,200,0,9223372036800000000,40,0,10,0,0,7,0,1,1,0,0,3,1,0,2,0,0,0,0,2,0,1,-1,-1,-1,-1,0,10,-1,1,1,3,-1,-1,-1,0,0,1,0,0,10,0,0,0,42.75
1,0,0,0,-1,0,1,5,0,0,0,0,1,2,1,-1,-1,0,2,-1,-1,3,0,16,200,0,9223372036800000000,1,0,10,0,0,7,0,3,1,0,0,0,1,0,3,60,6,3,0,2,0,1,-1,-1,-1,-1,0,10,-1,1,1,3,-1,-1,-1,0,0,1,0,0,10,0,0,0,42.92
1,0,0,0,-1,0,1,5,0,0,0,0,1,2,1,-1,-1,0,2,-1,-1,3,0,-1,200,0,9223372036800000000,1,0,10,0,0,7,0,2,1,0,0,0,1,0,3,60,6,3,0,2,0,1,-1,-1,-1,-1,0,10,-1,1,1,3,-1,-1,-1,0,0,1,0,0,10,0,0,0,42.92
1,0,0,0,-1,0,1,0,0,0,0,0,1,0,0,0,0,0,1,0,1,3,0,4,50,0,9223372036800000000,0,0,10,0,0,7,0,3,1,0,0,3,1,0,-1,100,3,5,2,2,0,1,-1,-1,-1,-1,0,10,-1,1,1,3,-1,-1,-1,0,0,1,2,0,10,0,0,0,34.13
1,0,0,0,-1,0,1,3,0,0,0,0,1,1,-1,-1,2,0,-1,-1,2,3,0,-1,150,0,9223372036800000000,1,0,10,0,0,7,0,1,1,0,0,1,1,0,-1,0,0,0,0,2,0,1,-1,-1,-1,-1,0,10,-1,1,1,3,-1,-1,-1,0,0,1,0,0,10,0,0,0,33.84
1,0,0,0,-1,0,1,5,0,0,0,0,1,2,1,-1,-1,0,2,-1,-1,3,0,-1,200,0,9223372036800000000,1,0,10,0,0,7,0,3,1,0,0,0,1,0,3,60,4,3,0,2,0,1,-1,-1,-1,-1,0,10,-1,1,1,3,-1,-1,-1,0,0,1,0,0,10,0,0,0,64.91
1,0,0,0,-1,0,1,0,0,0,0,0,2,3,0,0,-1,2,-1,-1,0,3,0,8,800,0,9223372036800000000,5,0,10,0,0,7,0,0,1,0,0,3,1,0,-1,100,5,4,4,2,0,1,-1,-1,-1,-1,0,10,-1,1,1,3,-1,-1,-1,0,0,1,1,0,10,0,0,0,43.27
1,0,0,0,-1,0,1,0,0,0,0,0,2,3,0,0,-1,2,-1,-1,0,3,0,8,800,0,9223372036800000000,5,0,10,0,0,7,0,0,1,0,0,3,1,0,0,20,5,4,4,2,0,1,-1,-1,-1,-1,0,10,-1,1,1,3,-1,-1,-1,0,0,1,1,0,10,0,0,0,43.27
1,0,0,0,-1,0,1,0,0,0,0,0,2,3,0,0,-1,2,-1,-1,0,3,0,1,50,0,9223372036800000000,5,0,10,0,0,7,0,0,1,0,0,3,1,0,-1,0,5,4,4,2,0,1,-1,-1,-1,-1,0,10,-1,1,1,3,-1,-1,-1,0,0,1,1,0,10,0,0,0,42.79
1,0,0,0,-1,0,1,2,0,0,0,0,-1,0,0,0,2,0,2,-1,2,3,0,-1,800,0,9223372036800000000,1,0,10,0,0,7,0,3,1,0,0,2,1,0,3,200,0,0,4,2,0,1,-1,-1,-1,-1,0,10,-1,1,1,3,-1,-1,-1,0,0,1,0,0,10,0,0,0,42.79
1,0,0,0,-1,0,1,0,0,0,0,0,2,3,0,0,-1,2,-1,-1,0,3,0,8,50,0,9223372036800000000,5,0,10,0,0,7,0,0,1,0,0,3,1,0,-1,0,0,4,4,2,0,1,-1,-1,-1,-1,0,10,-1,1,1,3,-1,-1,-1,0,0,1,1,0,10,0,0,0,34.28
1,0,0,0,-1,0,1,0,0,0,0,0,2,3,0,0,-1,2,-1,-1,0,3,0,8,50,0,9223372036800000000,5,0,10,0,0,7,0,0,1,0,0,3,1,0,-1,0,2,4,4,2,0,1,-1,-1,-1,-1,0,10,-1,1,1,3,-1,-1,-1,0,0,1,1,0,10,0,0,0,36.56
1,0,0,0,-1,0,1,3,0,0,0,0,3,2,1,0,1,1,-1,2,-1,3,0,-1,800,0,9223372036800000000,0,0,10,0,0,7,0,2,1,0,0,0,1,0,3,0,0,0,-1,2,0,1,-1,-1,-1,-1,0,10,-1,1,1,3,-1,-1,-1,0,0,1,0,0,10,0,0,0,35.23
1,0,0,0,-1,0,1,5,0,0,0,0,-1,2,-1,1,0,-1,0,-1,2,3,0,1,100,0,9223372036800000000,120,0,10,0,0,7,0,1,1,0,0,0,1,0,0,60,5,2,1,2,0,1,-1,-1,-1,-1,0,10,-1,1,1,3,-1,-1,-1,0,0,1,3,0,10,0,0,0,42.92
1,0,0,0,-1,0,1,0,0,0,0,0,1,0,-1,-1,0,-1,2,1,2,3,0,-1,800,0,9223372036800000000,1e+75,0,10,0,0,7,0,0,1,0,0,1,1,0,0,0,0,0,0,2,0,1,-1,-1,-1,-1,0,10,-1,1,1,3,-1,-1,-1,0,0,1,0,0,10,0,0,0,33.48
1,0,0,0,-1,0,1,5,0,0,0,0,-1,2,-1,1,0,2,0,1,2,3,0,1,100,0,9223372036800000000,120,0,10,0,0,7,0,1,1,0,0,0,1,0,0,60,5,2,1,2,0,1,-1,-1,-1,-1,0,10,-1,1,1,3,-1,-1,-1,0,0,1,3,0,10,0,0,0,42.92
1,0,0,0,-1,0,1,5,0,0,0,0,-1,2,-1,1,0,-1,0,1,2,3,0,1,100,0,9223372036800000000,40,0,10,0,0,7,0,1,1,0,0,0,1,0,0,60,5,2,1,2,0,1,-1,-1,-1,-1,0,10,-1,1,1,3,-1,-1,-1,0,0,1,3,0,10,0,0,0,42.92
1,0,0,0,-1,0,1,5,0,0,0,0,-1,2,-1,1,2,-1,0,1,2,3,0,1,100,0,9223372036800000000,120,0,10,0,0,7,0,1,1,0,0,0,1,0,0,60,5,2,1,2,0,1,-1,-1,-1,-1,0,10,-1,1,1,3,-1,-1,-1,0,0,1,3,0,10,0,0,0,42.92
1,0,0,0,-1,0,1,5,0,0,0,0,-1,2,-1,1,1,-1,0,1,2,3,0,1,100,0,9223372036800000000,120,0,10,0,0,7,0,1,1,0,0,0,1,0,0,60,5,2,1,2,0,1,-1,-1,-1,-1,0,10,-1,1,1,3,-1,-1,-1,0,0,1,3,0,10,0,0,0,42.92
1,0,0,0,-1,0,1,5,0,0,0,0,-1,2,-1,1,0,-1,0,1,2,3,0,1,100,0,9223372036800000000,120,0,10,0,0,7,0,1,1,0,0,0,1,0,0,60,5,2,1,2,0,1,-1,-1,-1,-1,0,10,-1,1,1,3,-1,-1,-1,0,0,1,1,0,10,0,0,0,53.13
1,0,0,0,-1,0,1,4,0,0,0,0,0,0,1,2,1,-1,-1,0,0,3,0,-1,400,0,9223372036800000000,1e+75,0,10,0,0,7,0,0,1,0,0,1,1,0,0,0,0,0,0,2,0,1,-1,-1,-1,-1,0,10,-1,1,1,3,-1,-1,-1,0,0,1,0,0,10,0,0,0,33.48
1,0,0,0,-1,0,1,5,0,0,0,0,-1,2,-1,1,0,-1,0,1,2,3,0,1,100,0,9223372036800000000,120,0,10,0,0,7,0,1,1,0,0,0,1,0,0,60,2,2,1,2,0,1,-1,-1,-1,-1,0,10,-1,1,1,3,-1,-1,-1,0,0,1,3,0,10,0,0,0,42.92
1,0,0,0,-1,0,1,5,0,0,0,0,-1,2,-1,1,0,-1,0,1,2,3,0,1,100,0,9223372036800000000,120,0,10,0,0,7,0,1,1,0,0,0,1,0,0,60,5,2,1,2,0,1,-1,-1,-1,-1,0,10,-1,1,1,3,-1,-1,-1,0,0,1,5,0,10,0,0,0,42.92
1,0,0,0,-1,0,1,1,0,0,0,0,1,2,-1,1,-1,0,1,1,1,3,0,1,25,0,9223372036800000000,60,0,10,0,0,7,0,2,1,0,0,3,1,0,0,60,4,2,3,2,0,1,-1,-1,-1,-1,0,10,-1,1,1,3,-1,-1,-1,0,0,1,3,0,10,0,0,0,42.86
1,0,0,0,-1,0,1,1,0,0,0,0,1,2,-1,1,-1,0,1,1,1,3,0,1,25,0,9223372036800000000,30,0,10,0,0,7,0,2,1,0,0,3,1,0,0,200,4,2,3,2,0,1,-1,-1,-1,-1,0,10,-1,1,1,3,-1,-1,-1,0,0,1,3,0,10,0,0,0,42.86
1,0,0,0,-1,0,1,0,0,0,0,0,1,2,-1,0,-1,0,2,1,-1,3,0,-1,200,0,9223372036800000000,5,0,10,0,0,7,0,0,1,0,0,1,1,0,2,0,0,0,0,2,0,1,-1,-1,-1,-1,0,10,-1,1,1,3,-1,-1,-1,0,0,1,0,0,10,0,0,0,33.13
1,0,0,0,-1,0,1,1,0,0,0,0,1,2,-1,1,-1,0,1,1,1,3,0,1,25,0,9223372036800000000,60,0,10,0,0,7,0,2,1,0,0,3,1,0,0,200,4,2,3,2,0,1,-1,-1,-1,-1,0,10,-1,1,1,3,-1,-1,-1,0,0,1,5,0,10,0,0,0,42.86
1,0,0,0,-1,0,1,1,0,0,0,0,1,2,-1,1,-1,0,1,1,1,3,0,1,10,0,9223372036800000000,60,0,10,0,0,7,0,2,1,0,0,3,1,0,0,200,4,2,3,2,0,1,-1,-1,-1,-1,0,10,-1,1,1,3,-1,-1,-1,0,0,1,3,0,10,0,0,0,42.86
1,0,0,0,-1,0,1,1,0,0,0,0,-1,2,-1,1,-1,0,1,1,1,3,0,1,25,0,9223372036800000000,60,0,10,0,0,7,0,2,1,0,0,3,1,0,0,200,4,2,3,2,0,1,-1,-1,-1,-1,0,10,-1,1,1,3,-1,-1,-1,0,0,1,3,0,10,0,0,0,42.86
1,0,0,0,-1,0,1,1,0,0,0,0,1,2,-1,1,-1,0,1,1,1,3,0,8,25,0,9223372036800000000,60,0,10,0,0,7,0,2,1,0,0,3,1,0,0,200,4,2,3,2,0,1,-1,-1,-1,-1,0,10,-1,1,1,3,-1,-1,-1,0,0,1,3,0,10,0,0,0,48.58
1,0,0,0,-1,0,1,1,0,0,0,0,1,2,-1,1,-1,0,1,1,1,3,0,1,25,0,9223372036800000000,60,0,10,0,0,7,0,2,1,0,0,3,1,0,0,200,4,0,3,2,0,1,-1,-1,-1,-1,0,10,-1,1,1,3,-1,-1,-1,0,0,1,3,0,10,0,0,0,53.07
1,0,0,0,-1,0,1,4,0,0,0,0,1,0,0,0,0,0,2,1,-1,3,0,-1,25,0,9223372036800000000,1e+75,0,10,0,0,7,0,0,1,0,0,1,1,0,0,0,0,0,0,2,0,1,-1,-1,-1,-1,0,10,-1,1,1,3,-1,-1,-1,0,0,1,0,0,10,0,0,0,33.37
1,0,0,0,-1,0,1,1,0,0,0,0,1,2,-1,1,-1,0,1,1,1,3,0,1,25,0,9223372036800000000,5,0,10,0,0,7,0,2,1,0,0,3,1,0,0,200,4,2,3,2,0,1,-1,-1,-1,-1,0,10,-1,1,1,3,-1,-1,-1,0,0,1,3,0,10,0,0,0,42.86
1,0,0,0,-1,0,1,1,0,0,0,0,1,2,-1,1,-1,0,1,1,1,3,0,1,25,0,9223372036800000000,60,0,10,0,0,7,0,2,1,0,0,3,1,0,0,200,0,2,3,2,0,1,-1,-1,-1,-1,0,10,-1,1,1,3,-1,-1,-1,0,0,1,3,0,10,0,0,0,42.22
1,0,0,0,-1,0,1,0,0,0,0,0,0,1,0,0,0,0,0,0,0,3,0,-1,150,0,9223372036800000000,1e+75,0,10,0,0,7,0,0,1,0,0,1,1,0,2,0,0,0,0,2,0,1,-1,-1,-1,-1,0,10,-1,1,1,3,-1,-1,-1,0,0,1,0,0,10,0,0,0,33.18
1,0,0,0,-1,0,1,1,0,0,0,0,1,2,-1,1,-1,0,1,1,1,3,0,1,150,0,9223372036800000000,60,0,10,0,0,7,0,2,1,0,0,3,1,0,0,200,0,2,3,2,0,1,-1,-1,-1,-1,0,10,-1,1,1,3,-1,-1,-1,0,0,1,3,0,10,0,0,0,42.22
1,0,0,0,-1,0,1,1,0,0,0,0,2,1,1,-1,2,2,2,2,1,3,0,8,10,0,9223372036800000000,2,0,10,0,0,7,0,1,1,0,0,2,1,0,0,1000,6,2,4,2,0,1,-1,-1,-1,-1,0,10,-1,1,1,3,-1,-1,-1,0,0,1,3,0,10,0,0,0,35.56
1,0,0,0,-1,0,1,4,0,0,0,0,3,0,-1,2,-1,-1,2,2,1,3,0,8,25,0,9223372036800000000,120,0,10,0,0,7,0,2,1,0,0,1,1,0,3,200,2,3,0,2,0,1,-1,-1,-1,-1,0,10,-1,1,1,3,-1,-1,-1,0,0,1,1,0,10,0,0,0,42.92
1,0,0,0,-1,0,1,1,0,0,0,0,2,1,-1,-1,2,2,2,2,1,3,0,8,10,0,9223372036800000000,240,0,10,0,0,7,0,1,1,0,0,2,1,0,0,1000,6,2,4,2,0,1,-1,-1,-1,-1,0,10,-1,1,1,3,-1,-1,-1,0,0,1,3,0,10,0,0,0,35.56
1,0,0,0,-1,0,1,1,0,0,0,0,2,1,1,-1,2,2,2,2,1,3,0,8,10,0,9223372036800000000,240,0,10,0,0,7,0,3,1,0,0,2,1,0,0,1000,6,2,4,2,0,1,-1,-1,-1,-1,0,10,-1,1,1,3,-1,-1,-1,0,0,1,3,0,10,0,0,0,35.56
1,0,0,0,-1,0,1,1,0,0,0,0,2,1,1,-1,2,2,2,2,1,3,0,8,10,0,9223372036800000000,240,0,10,0,0,7,0,1,1,0,0,2,1,0,0,40,6,2,4,2,0,1,-1,-1,-1,-1,0,10,-1,1,1,3,-1,-1,-1,0,0,1,3,0,10,0,0,0,35.56
1,0,0,0,-1,0,1,1,0,0,0,0,2,1,1,-1,2,2,2,2,1,3,0,8,10,0,9223372036800000000,240,0,10,0,0,7,0,1,1,0,0,2,1,0,0,1000,6,2,0,2,0,1,-1,-1,-1,-1,0,10,-1,1,1,3,-1,-1,-1,0,0,1,3,0,10,0,0,0,35.56
1,0,0,0,-1,0,1,1,0,0,0,0,2,1,1,2,2,2,2,2,1,3,0,8,10,0,9223372036800000000,240,0,10,0,0,7,0,1,1,0,0,2,1,0,0,1000,6,2,4,2,0,1,-1,-1,-1,-1,0,10,-1,1,1,3,-1,-1,-1,0,0,1,3,0,10,0,0,0,35.56
1,0,0,0,-1,0,1,1,0,0,0,0,0,3,-1,2,1,1,1,-1,1,3,0,8,200,0,9223372036800000000,30,0,10,0,0,7,0,3,1,0,0,2,1,0,0,40,2,1,1,2,0,1,-1,-1,-1,-1,0,10,-1,1,1,3,-1,-1,-1,0,0,1,5,0,10,0,0,0,38.67
1,0,0,0,-1,0,1,4,1,0,3,0,0,1,0,2,2,2,0,1,-1,3,0,8,100,0,9223372036800000000,20,0,10,0,0,7,0,0,1,0,0,0,1,0,2,40,1,0,4,2,0,1,-1,-1,2,-1,0,10,-1,1,1,3,-1,-1,-1,0,0,0,4,0,10,0,0,0,32.17
1,0,0,0,-1,0,1,1,0,0,0,0,0,3,-1,2,1,1,1,-1,1,3,0,8,400,0,9223372036800000000,30,0,10,0,0,7,0,3,1,0,0,2,1,0,0,0,2,1,1,2,0,1,-1,-1,-1,-1,0,10,-1,1,1,3,-1,-1,-1,0,0,1,5,0,10,0,0,0,38.67
1,0,0,0,-1,0,1,1,0,0,0,0,0,3,-1,2,1,1,1,-1,1,3,0,8,200,0,9223372036800000000,30,0,10,0,0,7,0,3,1,0,0,2,1,0,0,0,3,1,1,2,0,1,-1,-1,-1,-1,0,10,-1,1,1,3,-1,-1,-1,0,0,1,5,0,10,0,0,0,38.67
1,0,0,0,-1,0,1,1,0,0,0,0,0,3,-1,2,1,1,1,-1,1,3,0,8,200,0,9223372036800000000,30,0,10,0,0,7,0,3,1,0,0,2,1,0,0,0,2,4,1,2,0,1,-1,-1,-1,-1,0,10,-1,1,1,3,-1,-1,-1,0,0,1,5,0,10,0,0,0,35.55
1,0,0,0,-1,0,1,1,0,0,0,0,0,3,-1,2,1,1,1,-1,1,3,0,8,200,0,9223372036800000000,30,0,10,0,0,7,0,3,1,0,0,0,1,0,0,0,5,4,1,2,0,1,-1,-1,-1,-1,0,10,-1,1,1,3,-1,-1,-1,0,0,1,5,0,10,0,0,0,35.33
1,0,0,0,-1,0,1,4,0,0,0,0,2,0,-1,1,0,2,1,0,2,3,0,4,100,0,9223372036800000000,0,0,10,0,0,7,0,3,1,0,0,2,1,0,2,-1,0,1,3,2,0,1,-1,-1,-1,-1,0,10,-1,1,1,3,-1,-1,-1,0,0,1,0,0,10,0,0,0,38.58
1,0,0,0,-1,0,1,1,0,0,0,0,0,3,-1,2,1,1,1,-1,1,3,0,8,200,0,9223372036800000000,30,0,10,0,0,7,0,3,1,0,0,2,1,0,0,0,5,4,3,2,0,1,-1,-1,-1,-1,0,10,-1,1,1,3,-1,-1,-1,0,0,1,5,0,10,0,0,0,35.42
1,0,0,0,-1,0,1,5,0,0,0,0,0,3,0,2,0,0,1,1,2,3,0,8,100,0,9223372036800000000,1,0,10,0,0,7,0,0,1,0,0,1,1,0,1,40,3,0,3,2,0,1,-1,-1,-1,-1,0,10,-1,1,1,3,-1,-1,-1,0,0,1,0,0,10,0,0,0,42.73
1,0,0,0,-1,0,1,5,0,0,0,0,0,3,0,2,0,0,1,1,2,3,0,8,100,0,9223372036800000000,1,0,10,0,0,7,0,0,1,0,0,1,1,0,1,40,3,0,1,2,0,1,-1,-1,-1,-1,0,10,-1,1,1,3,-1,-1,-1,0,0,1,0,0,10,0,0,0,42.8
1,0,0,0,-1,0,1,5,0,0,0,0,0,3,0,2,0,0,1,1,2,3,0,8,400,0,9223372036800000000,1,0,10,0,0,7,0,0,1,0,0,1,1,0,1,40,3,0,3,2,0,1,-1,-1,-1,-1,0,10,-1,1,1,3,-1,-1,-1,0,0,1,0,0,10,0,0,0,42.92
1,0,0,0,-1,0,1,5,0,0,0,0,0,3,0,2,0,0,1,1,2,3,0,8,100,0,9223372036800000000,1,0,10,0,0,7,0,0,1,0,0,1,1,0,1,40,3,0,0,2,0,1,-1,-1,-1,-1,0,10,-1,1,1,3,-1,-1,-1,0,0,1,0,0,10,0,0,0,42.79
1,0,0,0,-1,0,1,1,0,0,0,0,2,0,-1,2,-1,-1,-1,0,-1,3,0,8,25,0,9223372036800000000,0,0,10,0,0,7,0,3,1,0,0,2,1,0,2,500,4,2,1,2,0,1,-1,-1,-1,-1,0,10,-1,1,1,3,-1,-1,-1,0,0,1,0,0,10,0,0,0,45.77
1,0,0,0,-1,0,1,5,0,0,0,0,0,3,0,2,0,-1,1,1,2,3,0,8,100,0,9223372036800000000,1,0,10,0,0,7,0,0,1,0,0,1,1,0,1,40,3,0,3,2,0,1,-1,-1,-1,-1,0,10,-1,1,1,3,-1,-1,-1,0,0,1,0,0,10,0,0,0,42.73
1,0,0,0,-1,0,1,5,0,0,0,0,0,3,0,2,0,0,1,0,2,3,0,8,100,0,9223372036800000000,1,0,10,0,0,7,0,0,1,0,0,1,1,0,1,40,3,0,3,2,0,1,-1,-1,-1,-1,0,10,-1,1,1,3,-1,-1,-1,0,0,1,0,0,10,0,0,0,42.73
1,0,0,0,-1,0,1,5,0,0,0,0,0,3,0,2,0,0,1,1,2,3,0,8,100,0,9223372036800000000,1,0,10,0,0,7,0,0,1,0,0,1,1,0,1,40,1,0,3,2,0,1,-1,-1,-1,-1,0,10,-1,1,1,3,-1,-1,-1,0,0,1,3,0,10,0,0,0,42.72
1,0,0,0,-1,0,1,1,0,0,0,0,2,0,-1,2,-1,-1,-1,0,-1,3,0,8,25,0,9223372036800000000,0,0,10,0,0,7,0,2,1,0,0,2,1,0,2,500,4,2,1,2,0,1,-1,-1,-1,-1,0,10,-1,1,1,3,-1,-1,-1,0,0,1,1,0,10,0,0,0,78.65
1,0,0,0,-1,0,1,3,0,0,0,0,1,0,0,0,0,0,1,0,1,3,0,4,50,0,9223372036800000000,0,0,10,0,0,7,0,3,1,0,0,0,1,0,-1,100,3,5,2,2,0,1,-1,-1,3,-1,0,10,-1,1,1,3,-1,-1,-1,0,0,1,2,0,10,0,0,0,26.05
1,0,0,0,-1,0,1,4,0,0,0,0,-1,1,0,-1,1,1,1,2,-1,3,0,8,800,0,9223372036800000000,10,0,10,0,0,7,0,0,1,0,0,0,1,0,0,40,0,0,1,2,0,1,-1,-1,-1,-1,0,10,-1,1,1,3,-1,-1,-1,0,0,1,0,0,10,0,0,0,42.39
1,0,0,0,-1,0,1,3,0,0,0,0,1,0,0,0,0,0,1,0,1,3,0,4,50,0,9223372036800000000,0,0,10,0,0,7,0,3,1,0,0,0,1,0,-1,100,3,5,2,2,0,1,-1,-1,-1,-1,0,10,-1,1,1,3,-1,-1,-1,0,0,-1,2,0,10,0,0,0,26.05
1,0,0,0,-1,0,1,1,0,0,0,0,0,0,1,0,1,0,1,0,2,3,0,16,100,0,9223372036800000000,50,0,10,0,0,7,0,2,1,0,0,1,1,0,-1,500,6,0,4,2,0,1,-1,-1,3,0,0,10,-1,1,1,3,-1,-1,-1,0,0,1,2,0,10,0,0,0,35.21
1,0,0,0,-1,0,1,3,0,0,0,0,1,0,0,0,0,0,1,0,1,3,0,4,50,0,9223372036800000000,0,0,10,0,0,7,0,3,1,0,0,0,1,0,-1,100,3,5,2,2,0,1,-1,-1,-1,0,0,10,-1,1,1,3,-1,-1,-1,0,0,1,2,0,10,0,0,0,26.05
1,0,0,0,-1,0,1,3,0,0,0,0,1,0,0,0,0,0,1,0,1,3,0,4,50,0,9223372036800000000,0,0,10,0,0,7,0,3,1,0,0,0,1,0,-1,100,3,5,2,2,0,1,-1,-1,-1,3,0,10,-1,1,1,3,-1,-1,-1,0,0,1,2,0,10,0,0,0,26.05
1,0,0,0,-1,0,1,0,0,0,0,0,3,-1,1,2,-1,0,-1,2,-1,3,0,-1,50,0,9223372036800000000,0,0,10,0,0,7,0,3,1,0,0,2,1,0,-1,100,0,0,-1,2,0,1,-1,-1,-1,-1,0,10,-1,1,1,3,-1,-1,-1,0,0,1,0,0,10,0,0,0,33.27
1,0,0,0,-1,0,1,3,0,0,2,0,1,0,0,0,0,0,1,0,1,3,0,4,50,0,9223372036800000000,0,0,10,0,0,7,0,3,1,0,0,0,1,0,-1,100,3,5,2,2,0,1,-1,-1,-1,-1,0,10,-1,1,1,3,-1,-1,-1,0,0,1,2,0,10,0,0,0,26.05
1,0,0,0,-1,0,1,3,0,0,4,0,1,0,0,0,0,0,1,0,1,3,0,4,50,0,9223372036800000000,0,0,10,0,0,7,0,3,1,0,0,0,1,0,-1,100,3,5,2,2,0,1,-1,-1,-1,-1,0,10,-1,1,1,3,-1,-1,-1,0,0,1,2,0,10,0,0,0,26.05
1,0,0,0,-1,0,1,1,0,0,0,0,2,0,-1,0,-1,1,1,-1,-1,3,0,-1,10,0,9223372036800000000,1e+75,0,10,0,0,7,0,0,1,0,0,1,1,0,-1,0,0,0,0,2,0,1,-1,-1,-1,-1,0,10,-1,1,1,3,-1,-1,-1,0,0,1,0,0,10,0,0,0,35.42
1,0,0,0,-1,0,1,3,0,0,0,0,2,0,0,2,-1,0,0,1,-1,3,0,-1,100,0,9223372036800000000,1e+75,0,10,0,0,7,0,0,1,0,0,1,1,0,0,0,0,0,0,2,0,1,-1,-1,-1,-1,0,10,-1,1,1,3,-1,-1,-1,0,0,1,0,0,10,0,0,0,34.02
1,0,0,0,-1,0,1,0,0,0,0,0,0,2,0,0,0,0,0,0,0,3,0,-1,50,0,9223372036800000000,240,0,10,0,0,7,0,0,1,0,0,1,1,0,2,60,0,0,0,2,0,1,-1,-1,-1,-1,0,10,-1,1,1,3,-1,-1,-1,0,0,1,0,0,10,0,0,0,32.88
1,0,0,0,-1,0,1,0,0,0,0,0,0,0,0,0,0,0,0,0,0,3,0,-1,50,0,9223372036800000000,240,0,10,0,0,7,0,0,1,0,0,1,1,0,2,60,0,0,0,2,0,1,-1,-1,-1,-1,0,10,-1,1,1,3,-1,-1,-1,0,0,1,4,0,10,0,0,0,33.24
1,0,0,0,-1,0,1,0,0,0,0,0,0,0,0,0,0,0,0,0,0,3,0,-1,50,0,9223372036800000000,240,0,10,0,0,7,0,0,1,0,0,1,1,0,2,60,0,0,-1,2,0,1,-1,-1,-1,-1,0,10,-1,1,1,3,-1,-1,-1,0,0,1,0,0,10,0,0,0,32.88
1,0,0,0,-1,0,1,0,0,0,0,0,0,0,0,0,0,0,0,0,0,3,0,-1,50,0,9223372036800000000,240,0,10,0,0,7,0,0,1,0,0,1,1,0,2,60,1,0,0,2,0,1,-1,-1,-1,-1,0,10,-1,1,1,3,-1,-1,-1,0,0,1,0,0,10,0,0,0,32.92
1,0,0,0,-1,0,1,0,0,0,0,0,0,0,0,0,0,0,0,0,0,3,0,-1,50,0,9223372036800000000,240,0,10,0,0,7,0,0,1,0,0,1,1,0,2,1000,0,0,0,2,0,1,-1,-1,-1,-1,0,10,-1,1,1,3,-1,-1,-1,0,0,1,0,0,10,0,0,0,32.88
1,0,0,0,-1,0,1,3,0,0,0,0,-1,0,1,0,2,2,0,1,0,3,0,16,25,0,9223372036800000000,30,0,10,0,0,7,0,2,1,0,0,3,1,0,1,40,0,0,0,2,0,1,-1,-1,-1,-1,0,10,-1,1,1,3,-1,-1,-1,0,0,1,5,0,10,0,0,0,42.49
1,0,0,0,-1,0,1,0,0,0,0,0,0,0,0,0,0,0,0,0,0,3,0,-1,400,0,9223372036800000000,240,0,10,0,0,7,0,0,1,0,0,1,1,0,2,60,0,0,0,2,0,1,-1,-1,-1,-1,0,10,-1,1,1,3,-1,-1,-1,0,0,1,0,0,10,0,0,0,33.03
1,0,0,0,-1,0,1,0,0,0,0,0,0,0,0,2,0,0,0,0,0,3,0,-1,50,0,9223372036800000000,240,0,10,0,0,7,0,0,1,0,0,1,1,0,2,60,0,0,0,2,0,1,-1,-1,-1,-1,0,10,-1,1,1,3,-1,-1,-1,0,0,1,0,0,10,0,0,0,32.88
1,0,0,0,-1,0,1,0,0,0,0,0,-1,0,1,0,-1,2,2,2,2,3,0,-1,25,0,9223372036800000000,1,0,10,0,0,7,0,2,1,0,0,1,1,0,0,200,0,0,1,2,0,1,-1,-1,-1,-1,0,10,-1,1,1,3,-1,-1,-1,0,0,1,0,0,10,0,0,0,42.71
1,0,0,0,-1,0,1,0,0,0,0,0,0,0,0,0,0,0,0,0,0,3,0,-1,50,0,9223372036800000000,240,0,10,0,0,7,0,0,1,0,0,1,1,0,2,200,0,0,0,2,0,1,-1,-1,-1,-1,0,10,-1,1,1,3,-1,-1,-1,0,0,1,0,0,10,0,0,0,32.88
1,0,0,0,-1,0,1,0,0,0,0,0,0,0,0,0,0,0,0,0,0,3,0,-1,50,0,9223372036800000000,30,0,10,0,0,7,0,0,1,0,0,1,1,0,2,60,0,0,0,2,0,1,-1,-1,-1,-1,0,10,-1,1,1,3,-1,-1,-1,0,0,1,0,0,10,0,0,0,32.88
1,0,0,0,-1,0,1,1,1,0,1,0,1,-1,1,2,0,1,2,1,2,3,0,4,25,0,9223372036800000000,0,0,10,0,0,7,0,0,1,0,0,3,1,0,1,1000,6,0,0,2,0,1,-1,-1,1,3,0,10,-1,1,1,3,-1,-1,-1,0,0,1,3,0,10,0,0,0,33.96
1,0,0,0,-1,0,1,0,0,0,0,0,0,0,0,0,0,0,0,0,0,3,0,-1,50,0,9223372036800000000,240,0,10,0,0,7,0,0,1,0,0,1,1,0,2,60,0,0,0,2,0,1,-1,-1,3,-1,0,10,-1,1,1,3,-1,-1,-1,0,0,1,0,0,10,0,0,0,32.88
1,0,0,0,-1,0,1,0,0,0,0,0,0,0,0,0,0,2,0,0,0,3,0,-1,50,0,9223372036800000000,240,0,10,0,0,7,0,0,1,0,0,1,1,0,2,60,0,0,0,2,0,1,-1,-1,-1,-1,0,10,-1,1,1,3,-1,-1,-1,0,0,1,0,0,10,0,0,0,33.03
1,0,0,0,-1,0,1,5,0,0,0,0,1,3,0,-1,0,2,2,1,2,3,0,-1,400,0,9223372036800000000,30,0,10,0,0,7,0,2,1,0,0,3,1,0,1,0,0,0,3,2,0,1,-1,-1,-1,-1,0,10,-1,1,1,3,-1,-1,-1,0,0,1,0,0,10,0,0,0,38.65
1,0,0,0,-1,0,1,0,0,0,0,0,0,0,0,0,0,0,0,0,0,3,0,-1,50,0,9223372036800000000,240,0,10,0,0,7,0,0,1,0,0,1,1,0,2,60,0,4,0,2,0,1,-1,-1,-1,-1,0,10,-1,1,1,3,-1,-1,-1,0,0,1,0,0,10,0,0,0,33.03
