EvalID,TimeEvaluated,SolverRuntimeSeconds,ObjectiveValue,Gap,UpperBound,LowerBound,ConfigID,MipStartID,WorkerID,Iteration,Phase
1,10,10.005540,119,119.000000,-5050303.000000,-11060303.000000,14921508010286178949,null,0,1,0
2,20,10.003923,79.4,79.400000,-5050303.000000,-9060403.000000,5643427149002281568,null,0,1,0
3,9,9.493490,0,0.000000,-6020200.000000,-6020300.000000,17514050945686148453,null,1,1,0
4,6,6.413500,0,0.000000,-6020200.000000,-6020300.000000,2804053118686667685,null,2,1,0
5,10,10.011000,118.81,118.810000,-5050300.000000,-11050500.000000,145401686263944303,null,3,1,0
