[INFO]:[22:44:42] Worker 7 starting.
[INFO]:[22:44:42] Worker 7 received order for step 1.
[INFO]:[22:44:42] Worker 7 running exploration phase for iteration 1.
[INFO]:[22:44:42] Worker 7 at iteration 1 will not use a MIP start file. Current best MIP-start upper bound threshold is 1.79769e+308.
[INFO]:[22:44:42] Starting local search phase...
[INFO]:[22:44:42] Creating local search space from parameter space file: /scratch/yorig/mpils-results-grid-seconds-10-4may/easy/8proc/seed-1/1_csched008_seed-1_20260504_224441/iterated_local_search/search_space/search_space_file_1_worker_7.txt
[INFO]:[22:44:42] Local search space loaded from file: /scratch/yorig/mpils-results-grid-seconds-10-4may/easy/8proc/seed-1/1_csched008_seed-1_20260504_224441/iterated_local_search/search_space/search_space_file_1_worker_7.txt
[INFO]:[22:44:42] Number of parameters in local search space: 71
[INFO]:[22:44:42] Number of forbidden tuples in local search space: 0
[INFO]:[22:44:42] Number of conditionals in local search space: 6
[INFO]:[22:44:42] MIP start option not enabled. Local search will proceed without MIP start.
[INFO]:[22:44:42] Evaluating initial configuration for local search phase...
[INFO]:[22:44:42] Starting CPLEX solver on instance: /home/yorig/tuner/mpils-tests/instances/miplib/easy/csched008.mps with config: /scratch/yorig/mpils-results-grid-seconds-10-4may/easy/8proc/seed-1/1_csched008_seed-1_20260504_224441/iterated_local_search/run_1_worker_7/ils_config_3328272113575592546.prm
[INFO]:[22:44:42] Starting CPLEX solver on instance: /home/yorig/tuner/mpils-tests/instances/miplib/easy/csched008.mps with config: /scratch/yorig/mpils-results-grid-seconds-10-4may/easy/8proc/seed-1/1_csched008_seed-1_20260504_224441/iterated_local_search/run_1_worker_7/ils_config_3328272113575592546.prm
[INFO]:[22:44:52] CPLEX results. Gap: 2.840000, upper bound: 176.000000, lower bound: 171.000000
[INFO]:[22:44:52] CPLEX solver finished. Gap: 2.840000
[INFO]:[22:44:52] Initial configuration evaluated with objective value: 2.84
[INFO]:[22:44:52] Starting CPLEX solver on instance: /home/yorig/tuner/mpils-tests/instances/miplib/easy/csched008.mps with config: /scratch/yorig/mpils-results-grid-seconds-10-4may/easy/8proc/seed-1/1_csched008_seed-1_20260504_224441/iterated_local_search/run_1_worker_7/ils_config_16404540997480691519.prm
[INFO]:[22:44:52] Starting CPLEX solver on instance: /home/yorig/tuner/mpils-tests/instances/miplib/easy/csched008.mps with config: /scratch/yorig/mpils-results-grid-seconds-10-4may/easy/8proc/seed-1/1_csched008_seed-1_20260504_224441/iterated_local_search/run_1_worker_7/ils_config_16404540997480691519.prm
[INFO]:[22:45:02] CPLEX results. Gap: 2.840000, upper bound: 176.000000, lower bound: 171.000000
[INFO]:[22:45:02] CPLEX solver finished. Gap: 2.840000
[INFO]:[22:45:02] Starting CPLEX solver on instance: /home/yorig/tuner/mpils-tests/instances/miplib/easy/csched008.mps with config: /scratch/yorig/mpils-results-grid-seconds-10-4may/easy/8proc/seed-1/1_csched008_seed-1_20260504_224441/iterated_local_search/run_1_worker_7/ils_config_10146840915645992448.prm
[INFO]:[22:45:02] Starting CPLEX solver on instance: /home/yorig/tuner/mpils-tests/instances/miplib/easy/csched008.mps with config: /scratch/yorig/mpils-results-grid-seconds-10-4may/easy/8proc/seed-1/1_csched008_seed-1_20260504_224441/iterated_local_search/run_1_worker_7/ils_config_10146840915645992448.prm
[INFO]:[22:45:12] CPLEX results. Gap: 2.840000, upper bound: 176.000000, lower bound: 171.000000
[INFO]:[22:45:12] CPLEX solver finished. Gap: 2.840000
[INFO]:[22:45:12] Starting CPLEX solver on instance: /home/yorig/tuner/mpils-tests/instances/miplib/easy/csched008.mps with config: /scratch/yorig/mpils-results-grid-seconds-10-4may/easy/8proc/seed-1/1_csched008_seed-1_20260504_224441/iterated_local_search/run_1_worker_7/ils_config_12862366766755329073.prm
[INFO]:[22:45:12] Starting CPLEX solver on instance: /home/yorig/tuner/mpils-tests/instances/miplib/easy/csched008.mps with config: /scratch/yorig/mpils-results-grid-seconds-10-4may/easy/8proc/seed-1/1_csched008_seed-1_20260504_224441/iterated_local_search/run_1_worker_7/ils_config_12862366766755329073.prm
[INFO]:[22:45:22] CPLEX results. Gap: 6.040000, upper bound: 182.000000, lower bound: 171.000000
[INFO]:[22:45:22] CPLEX solver finished. Gap: 6.040000
[INFO]:[22:45:22] Starting CPLEX solver on instance: /home/yorig/tuner/mpils-tests/instances/miplib/easy/csched008.mps with config: /scratch/yorig/mpils-results-grid-seconds-10-4may/easy/8proc/seed-1/1_csched008_seed-1_20260504_224441/iterated_local_search/run_1_worker_7/ils_config_3447217700756100746.prm
[INFO]:[22:45:22] Starting CPLEX solver on instance: /home/yorig/tuner/mpils-tests/instances/miplib/easy/csched008.mps with config: /scratch/yorig/mpils-results-grid-seconds-10-4may/easy/8proc/seed-1/1_csched008_seed-1_20260504_224441/iterated_local_search/run_1_worker_7/ils_config_3447217700756100746.prm
[INFO]:[22:45:32] CPLEX results. Gap: 2.840000, upper bound: 176.000000, lower bound: 171.000000
[INFO]:[22:45:32] CPLEX solver finished. Gap: 2.840000
[INFO]:[22:45:32] Starting CPLEX solver on instance: /home/yorig/tuner/mpils-tests/instances/miplib/easy/csched008.mps with config: /scratch/yorig/mpils-results-grid-seconds-10-4may/easy/8proc/seed-1/1_csched008_seed-1_20260504_224441/iterated_local_search/run_1_worker_7/ils_config_14688193675561739241.prm
[INFO]:[22:45:32] Starting CPLEX solver on instance: /home/yorig/tuner/mpils-tests/instances/miplib/easy/csched008.mps with config: /scratch/yorig/mpils-results-grid-seconds-10-4may/easy/8proc/seed-1/1_csched008_seed-1_20260504_224441/iterated_local_search/run_1_worker_7/ils_config_14688193675561739241.prm
[INFO]:[22:45:42] CPLEX results. Gap: 3.930000, upper bound: 178.000000, lower bound: 171.000000
[INFO]:[22:45:42] CPLEX solver finished. Gap: 3.930000
[INFO]:[22:45:42] Starting CPLEX solver on instance: /home/yorig/tuner/mpils-tests/instances/miplib/easy/csched008.mps with config: /scratch/yorig/mpils-results-grid-seconds-10-4may/easy/8proc/seed-1/1_csched008_seed-1_20260504_224441/iterated_local_search/run_1_worker_7/ils_config_7035951251387420351.prm
[INFO]:[22:45:42] Starting CPLEX solver on instance: /home/yorig/tuner/mpils-tests/instances/miplib/easy/csched008.mps with config: /scratch/yorig/mpils-results-grid-seconds-10-4may/easy/8proc/seed-1/1_csched008_seed-1_20260504_224441/iterated_local_search/run_1_worker_7/ils_config_7035951251387420351.prm
[INFO]:[22:45:52] CPLEX results. Gap: 2.840000, upper bound: 176.000000, lower bound: 171.000000
[INFO]:[22:45:52] CPLEX solver finished. Gap: 2.840000
[INFO]:[22:45:52] Starting CPLEX solver on instance: /home/yorig/tuner/mpils-tests/instances/miplib/easy/csched008.mps with config: /scratch/yorig/mpils-results-grid-seconds-10-4may/easy/8proc/seed-1/1_csched008_seed-1_20260504_224441/iterated_local_search/run_1_worker_7/ils_config_4238328178204529099.prm
[INFO]:[22:45:52] Starting CPLEX solver on instance: /home/yorig/tuner/mpils-tests/instances/miplib/easy/csched008.mps with config: /scratch/yorig/mpils-results-grid-seconds-10-4may/easy/8proc/seed-1/1_csched008_seed-1_20260504_224441/iterated_local_search/run_1_worker_7/ils_config_4238328178204529099.prm
[INFO]:[22:46:02] CPLEX results. Gap: 4.470000, upper bound: 179.000000, lower bound: 171.000000
[INFO]:[22:46:02] CPLEX solver finished. Gap: 4.470000
[INFO]:[22:46:02] Starting CPLEX solver on instance: /home/yorig/tuner/mpils-tests/instances/miplib/easy/csched008.mps with config: /scratch/yorig/mpils-results-grid-seconds-10-4may/easy/8proc/seed-1/1_csched008_seed-1_20260504_224441/iterated_local_search/run_1_worker_7/ils_config_7777578389926689682.prm
[INFO]:[22:46:02] Starting CPLEX solver on instance: /home/yorig/tuner/mpils-tests/instances/miplib/easy/csched008.mps with config: /scratch/yorig/mpils-results-grid-seconds-10-4may/easy/8proc/seed-1/1_csched008_seed-1_20260504_224441/iterated_local_search/run_1_worker_7/ils_config_7777578389926689682.prm
[INFO]:[22:46:12] CPLEX results. Gap: 2.840000, upper bound: 176.000000, lower bound: 171.000000
[INFO]:[22:46:12] CPLEX solver finished. Gap: 2.840000
[INFO]:[22:46:12] Starting CPLEX solver on instance: /home/yorig/tuner/mpils-tests/instances/miplib/easy/csched008.mps with config: /scratch/yorig/mpils-results-grid-seconds-10-4may/easy/8proc/seed-1/1_csched008_seed-1_20260504_224441/iterated_local_search/run_1_worker_7/ils_config_11080933976206091718.prm
[INFO]:[22:46:12] Starting CPLEX solver on instance: /home/yorig/tuner/mpils-tests/instances/miplib/easy/csched008.mps with config: /scratch/yorig/mpils-results-grid-seconds-10-4may/easy/8proc/seed-1/1_csched008_seed-1_20260504_224441/iterated_local_search/run_1_worker_7/ils_config_11080933976206091718.prm
[INFO]:[22:46:22] CPLEX results. Gap: 2.290000, upper bound: 175.000000, lower bound: 171.000000
[INFO]:[22:46:22] CPLEX solver finished. Gap: 2.290000
[INFO]:[22:46:22] New incumbent found with objective value: 2.29
[INFO]:[22:46:22] Starting CPLEX solver on instance: /home/yorig/tuner/mpils-tests/instances/miplib/easy/csched008.mps with config: /scratch/yorig/mpils-results-grid-seconds-10-4may/easy/8proc/seed-1/1_csched008_seed-1_20260504_224441/iterated_local_search/run_1_worker_7/ils_config_5684884846866683142.prm
[INFO]:[22:46:22] Starting CPLEX solver on instance: /home/yorig/tuner/mpils-tests/instances/miplib/easy/csched008.mps with config: /scratch/yorig/mpils-results-grid-seconds-10-4may/easy/8proc/seed-1/1_csched008_seed-1_20260504_224441/iterated_local_search/run_1_worker_7/ils_config_5684884846866683142.prm
[INFO]:[22:46:32] CPLEX results. Gap: 4.470000, upper bound: 179.000000, lower bound: 171.000000
[INFO]:[22:46:32] CPLEX solver finished. Gap: 4.470000
[INFO]:[22:46:32] Starting CPLEX solver on instance: /home/yorig/tuner/mpils-tests/instances/miplib/easy/csched008.mps with config: /scratch/yorig/mpils-results-grid-seconds-10-4may/easy/8proc/seed-1/1_csched008_seed-1_20260504_224441/iterated_local_search/run_1_worker_7/ils_config_384687918131785895.prm
[INFO]:[22:46:32] Starting CPLEX solver on instance: /home/yorig/tuner/mpils-tests/instances/miplib/easy/csched008.mps with config: /scratch/yorig/mpils-results-grid-seconds-10-4may/easy/8proc/seed-1/1_csched008_seed-1_20260504_224441/iterated_local_search/run_1_worker_7/ils_config_384687918131785895.prm
[INFO]:[22:46:42] CPLEX results. Gap: 2.290000, upper bound: 175.000000, lower bound: 171.000000
[INFO]:[22:46:42] CPLEX solver finished. Gap: 2.290000
[INFO]:[22:46:42] Starting CPLEX solver on instance: /home/yorig/tuner/mpils-tests/instances/miplib/easy/csched008.mps with config: /scratch/yorig/mpils-results-grid-seconds-10-4may/easy/8proc/seed-1/1_csched008_seed-1_20260504_224441/iterated_local_search/run_1_worker_7/ils_config_16029598645165386120.prm
[INFO]:[22:46:42] Starting CPLEX solver on instance: /home/yorig/tuner/mpils-tests/instances/miplib/easy/csched008.mps with config: /scratch/yorig/mpils-results-grid-seconds-10-4may/easy/8proc/seed-1/1_csched008_seed-1_20260504_224441/iterated_local_search/run_1_worker_7/ils_config_16029598645165386120.prm
[INFO]:[22:46:52] CPLEX results. Gap: 8.560000, upper bound: 187.000000, lower bound: 171.001081
[INFO]:[22:46:52] CPLEX solver finished. Gap: 8.560000
[INFO]:[22:46:52] Starting CPLEX solver on instance: /home/yorig/tuner/mpils-tests/instances/miplib/easy/csched008.mps with config: /scratch/yorig/mpils-results-grid-seconds-10-4may/easy/8proc/seed-1/1_csched008_seed-1_20260504_224441/iterated_local_search/run_1_worker_7/ils_config_144842617597073079.prm
[INFO]:[22:46:52] Starting CPLEX solver on instance: /home/yorig/tuner/mpils-tests/instances/miplib/easy/csched008.mps with config: /scratch/yorig/mpils-results-grid-seconds-10-4may/easy/8proc/seed-1/1_csched008_seed-1_20260504_224441/iterated_local_search/run_1_worker_7/ils_config_144842617597073079.prm
[INFO]:[22:47:02] CPLEX results. Gap: 3.930000, upper bound: 178.000000, lower bound: 171.000000
[INFO]:[22:47:02] CPLEX solver finished. Gap: 3.930000
[INFO]:[22:47:02] Starting CPLEX solver on instance: /home/yorig/tuner/mpils-tests/instances/miplib/easy/csched008.mps with config: /scratch/yorig/mpils-results-grid-seconds-10-4may/easy/8proc/seed-1/1_csched008_seed-1_20260504_224441/iterated_local_search/run_1_worker_7/ils_config_13211321913419292463.prm
[INFO]:[22:47:02] Starting CPLEX solver on instance: /home/yorig/tuner/mpils-tests/instances/miplib/easy/csched008.mps with config: /scratch/yorig/mpils-results-grid-seconds-10-4may/easy/8proc/seed-1/1_csched008_seed-1_20260504_224441/iterated_local_search/run_1_worker_7/ils_config_13211321913419292463.prm
[INFO]:[22:47:12] CPLEX results. Gap: 2.840000, upper bound: 176.000000, lower bound: 171.000000
[INFO]:[22:47:12] CPLEX solver finished. Gap: 2.840000
[INFO]:[22:47:12] Starting CPLEX solver on instance: /home/yorig/tuner/mpils-tests/instances/miplib/easy/csched008.mps with config: /scratch/yorig/mpils-results-grid-seconds-10-4may/easy/8proc/seed-1/1_csched008_seed-1_20260504_224441/iterated_local_search/run_1_worker_7/ils_config_17908127072157508086.prm
[INFO]:[22:47:12] Starting CPLEX solver on instance: /home/yorig/tuner/mpils-tests/instances/miplib/easy/csched008.mps with config: /scratch/yorig/mpils-results-grid-seconds-10-4may/easy/8proc/seed-1/1_csched008_seed-1_20260504_224441/iterated_local_search/run_1_worker_7/ils_config_17908127072157508086.prm
[INFO]:[22:47:22] CPLEX results. Gap: 3.930000, upper bound: 178.000000, lower bound: 171.000000
[INFO]:[22:47:22] CPLEX solver finished. Gap: 3.930000
[INFO]:[22:47:22] Starting CPLEX solver on instance: /home/yorig/tuner/mpils-tests/instances/miplib/easy/csched008.mps with config: /scratch/yorig/mpils-results-grid-seconds-10-4may/easy/8proc/seed-1/1_csched008_seed-1_20260504_224441/iterated_local_search/run_1_worker_7/ils_config_9456383679820151903.prm
[INFO]:[22:47:22] Starting CPLEX solver on instance: /home/yorig/tuner/mpils-tests/instances/miplib/easy/csched008.mps with config: /scratch/yorig/mpils-results-grid-seconds-10-4may/easy/8proc/seed-1/1_csched008_seed-1_20260504_224441/iterated_local_search/run_1_worker_7/ils_config_9456383679820151903.prm
[INFO]:[22:47:32] CPLEX results. Gap: 2.290000, upper bound: 175.000000, lower bound: 171.000000
[INFO]:[22:47:32] CPLEX solver finished. Gap: 2.290000
[INFO]:[22:47:32] Starting CPLEX solver on instance: /home/yorig/tuner/mpils-tests/instances/miplib/easy/csched008.mps with config: /scratch/yorig/mpils-results-grid-seconds-10-4may/easy/8proc/seed-1/1_csched008_seed-1_20260504_224441/iterated_local_search/run_1_worker_7/ils_config_18024354558181454656.prm
[INFO]:[22:47:32] Starting CPLEX solver on instance: /home/yorig/tuner/mpils-tests/instances/miplib/easy/csched008.mps with config: /scratch/yorig/mpils-results-grid-seconds-10-4may/easy/8proc/seed-1/1_csched008_seed-1_20260504_224441/iterated_local_search/run_1_worker_7/ils_config_18024354558181454656.prm
[INFO]:[22:47:42] CPLEX results. Gap: 2.290000, upper bound: 175.000000, lower bound: 171.000000
[INFO]:[22:47:42] CPLEX solver finished. Gap: 2.290000
[INFO]:[22:47:42] Starting CPLEX solver on instance: /home/yorig/tuner/mpils-tests/instances/miplib/easy/csched008.mps with config: /scratch/yorig/mpils-results-grid-seconds-10-4may/easy/8proc/seed-1/1_csched008_seed-1_20260504_224441/iterated_local_search/run_1_worker_7/ils_config_15003803309290014142.prm
[INFO]:[22:47:42] Starting CPLEX solver on instance: /home/yorig/tuner/mpils-tests/instances/miplib/easy/csched008.mps with config: /scratch/yorig/mpils-results-grid-seconds-10-4may/easy/8proc/seed-1/1_csched008_seed-1_20260504_224441/iterated_local_search/run_1_worker_7/ils_config_15003803309290014142.prm
[INFO]:[22:47:52] CPLEX results. Gap: 2.290000, upper bound: 175.000000, lower bound: 171.000000
[INFO]:[22:47:52] CPLEX solver finished. Gap: 2.290000
[INFO]:[22:47:52] Starting CPLEX solver on instance: /home/yorig/tuner/mpils-tests/instances/miplib/easy/csched008.mps with config: /scratch/yorig/mpils-results-grid-seconds-10-4may/easy/8proc/seed-1/1_csched008_seed-1_20260504_224441/iterated_local_search/run_1_worker_7/ils_config_17536995041910991465.prm
[INFO]:[22:47:52] Starting CPLEX solver on instance: /home/yorig/tuner/mpils-tests/instances/miplib/easy/csched008.mps with config: /scratch/yorig/mpils-results-grid-seconds-10-4may/easy/8proc/seed-1/1_csched008_seed-1_20260504_224441/iterated_local_search/run_1_worker_7/ils_config_17536995041910991465.prm
[INFO]:[22:48:02] CPLEX results. Gap: 2.290000, upper bound: 175.000000, lower bound: 171.000000
[INFO]:[22:48:02] CPLEX solver finished. Gap: 2.290000
[INFO]:[22:48:02] Local search phase completed.
[INFO]:[22:48:02] Total number of new local-search evaluations: 20
[INFO]:[22:48:02] Final incumbent objective value: 2.29
[INFO]:[22:48:02] Worker 7 completed exploration phase.
[INFO]:[22:48:02] Worker 7 received order for step 2.
[INFO]:[22:48:02] Worker 7 running expansion phase for iteration 1.
[INFO]:[22:48:02] Worker 7 will use solver log file: /scratch/yorig/mpils-results-grid-seconds-10-4may/easy/8proc/seed-1/1_csched008_seed-1_20260504_224441/solver/cplex.log_iteration_expansion_1_worker_7
[INFO]:[22:48:02] Expansion Worker 7 starting expansion for iteration 1.
[INFO]:[22:48:02] Starting CPLEX solver on instance: /home/yorig/tuner/mpils-tests/instances/miplib/easy/csched008.mps with config: /scratch/yorig/mpils-results-grid-seconds-10-4may/easy/8proc/seed-1/1_csched008_seed-1_20260504_224441/expansion/config_param_CPXPARAM_MIP_Cuts_Covers_3_iter_1.prm
[INFO]:[22:48:12] CPLEX results. Gap: 1.650000, upper bound: 174.000000, lower bound: 171.133333
[INFO]:[22:48:12] CPLEX solver finished. Gap: 1.650000
[INFO]:[22:48:12] Starting CPLEX solver on instance: /home/yorig/tuner/mpils-tests/instances/miplib/easy/csched008.mps with config: /scratch/yorig/mpils-results-grid-seconds-10-4may/easy/8proc/seed-1/1_csched008_seed-1_20260504_224441/expansion/config_param_CPXPARAM_MIP_Strategy_NodeSelect_3_iter_1.prm
[INFO]:[22:48:22] CPLEX results. Gap: 1.720000, upper bound: 174.000000, lower bound: 171.000000
[INFO]:[22:48:22] CPLEX solver finished. Gap: 1.720000
[INFO]:[22:48:22] Starting CPLEX solver on instance: /home/yorig/tuner/mpils-tests/instances/miplib/easy/csched008.mps with config: /scratch/yorig/mpils-results-grid-seconds-10-4may/easy/8proc/seed-1/1_csched008_seed-1_20260504_224441/expansion/config_param_CPXPARAM_MIP_Limits_ProbeTime_10_iter_1.prm
[INFO]:[22:48:32] CPLEX results. Gap: 2.270000, upper bound: 176.000000, lower bound: 172.000000
[INFO]:[22:48:32] CPLEX solver finished. Gap: 2.270000
[INFO]:[22:48:32] Starting CPLEX solver on instance: /home/yorig/tuner/mpils-tests/instances/miplib/easy/csched008.mps with config: /scratch/yorig/mpils-results-grid-seconds-10-4may/easy/8proc/seed-1/1_csched008_seed-1_20260504_224441/expansion/config_param_CPXPARAM_MIP_Strategy_RINSHeur_-1_iter_1.prm
[INFO]:[22:48:42] CPLEX results. Gap: 5.490000, upper bound: 182.000000, lower bound: 172.000000
[INFO]:[22:48:42] CPLEX solver finished. Gap: 5.490000
[INFO]:[22:48:42] Starting CPLEX solver on instance: /home/yorig/tuner/mpils-tests/instances/miplib/easy/csched008.mps with config: /scratch/yorig/mpils-results-grid-seconds-10-4may/easy/8proc/seed-1/1_csched008_seed-1_20260504_224441/expansion/config_param_CPXPARAM_MIP_Strategy_BBInterval_0_iter_1.prm
[INFO]:[22:48:52] CPLEX results. Gap: 0.580000, upper bound: 173.000000, lower bound: 172.000000
[INFO]:[22:48:52] CPLEX solver finished. Gap: 0.580000
[INFO]:[22:48:52] Starting CPLEX solver on instance: /home/yorig/tuner/mpils-tests/instances/miplib/easy/csched008.mps with config: /scratch/yorig/mpils-results-grid-seconds-10-4may/easy/8proc/seed-1/1_csched008_seed-1_20260504_224441/expansion/config_param_CPXPARAM_MIP_Strategy_Branch_-1_iter_1.prm
[INFO]:[22:49:02] CPLEX results. Gap: 3.340000, upper bound: 177.000000, lower bound: 171.084795
[INFO]:[22:49:02] CPLEX solver finished. Gap: 3.340000
[INFO]:[22:49:12] Expansion Worker 7 completed expansion.
[INFO]:[22:49:12] Worker 7 completed expansion phase.
[INFO]:[22:49:12] Worker 7 received order for step 1.
[INFO]:[22:49:12] Worker 7 running exploration phase for iteration 2.
[INFO]:[22:49:12] Worker 7 at iteration 2 will not use a MIP start file. Current best MIP-start upper bound threshold is 1.79769e+308.
[INFO]:[22:49:12] Starting local search phase...
[INFO]:[22:49:12] Creating local search space from parameter space file: /scratch/yorig/mpils-results-grid-seconds-10-4may/easy/8proc/seed-1/1_csched008_seed-1_20260504_224441/iterated_local_search/search_space/search_space_file_2_worker_7.txt
[INFO]:[22:49:12] Local search space loaded from file: /scratch/yorig/mpils-results-grid-seconds-10-4may/easy/8proc/seed-1/1_csched008_seed-1_20260504_224441/iterated_local_search/search_space/search_space_file_2_worker_7.txt
[INFO]:[22:49:12] Number of parameters in local search space: 71
[INFO]:[22:49:12] Number of forbidden tuples in local search space: 13
[INFO]:[22:49:12] Number of conditionals in local search space: 6
[INFO]:[22:49:12] MIP start option not enabled. Local search will proceed without MIP start.
[INFO]:[22:49:12] Evaluating initial configuration for local search phase...
[INFO]:[22:49:12] Starting CPLEX solver on instance: /home/yorig/tuner/mpils-tests/instances/miplib/easy/csched008.mps with config: /scratch/yorig/mpils-results-grid-seconds-10-4may/easy/8proc/seed-1/1_csched008_seed-1_20260504_224441/iterated_local_search/run_2_worker_7/ils_config_3601315061480749977.prm
[INFO]:[22:49:12] Starting CPLEX solver on instance: /home/yorig/tuner/mpils-tests/instances/miplib/easy/csched008.mps with config: /scratch/yorig/mpils-results-grid-seconds-10-4may/easy/8proc/seed-1/1_csched008_seed-1_20260504_224441/iterated_local_search/run_2_worker_7/ils_config_3601315061480749977.prm
[INFO]:[22:49:22] CPLEX results. Gap: 2.840000, upper bound: 176.000000, lower bound: 171.000000
[INFO]:[22:49:22] CPLEX solver finished. Gap: 2.840000
[INFO]:[22:49:22] Initial configuration evaluated with objective value: 2.84
[INFO]:[22:49:22] Starting CPLEX solver on instance: /home/yorig/tuner/mpils-tests/instances/miplib/easy/csched008.mps with config: /scratch/yorig/mpils-results-grid-seconds-10-4may/easy/8proc/seed-1/1_csched008_seed-1_20260504_224441/iterated_local_search/run_2_worker_7/ils_config_16247967650252597793.prm
[INFO]:[22:49:22] Starting CPLEX solver on instance: /home/yorig/tuner/mpils-tests/instances/miplib/easy/csched008.mps with config: /scratch/yorig/mpils-results-grid-seconds-10-4may/easy/8proc/seed-1/1_csched008_seed-1_20260504_224441/iterated_local_search/run_2_worker_7/ils_config_16247967650252597793.prm
[INFO]:[22:49:32] CPLEX results. Gap: 3.930000, upper bound: 178.000000, lower bound: 171.000000
[INFO]:[22:49:32] CPLEX solver finished. Gap: 3.930000
[INFO]:[22:49:32] Starting CPLEX solver on instance: /home/yorig/tuner/mpils-tests/instances/miplib/easy/csched008.mps with config: /scratch/yorig/mpils-results-grid-seconds-10-4may/easy/8proc/seed-1/1_csched008_seed-1_20260504_224441/iterated_local_search/run_2_worker_7/ils_config_5304117588136612613.prm
[INFO]:[22:49:32] Starting CPLEX solver on instance: /home/yorig/tuner/mpils-tests/instances/miplib/easy/csched008.mps with config: /scratch/yorig/mpils-results-grid-seconds-10-4may/easy/8proc/seed-1/1_csched008_seed-1_20260504_224441/iterated_local_search/run_2_worker_7/ils_config_5304117588136612613.prm
[INFO]:[22:49:42] CPLEX results. Gap: 2.840000, upper bound: 176.000000, lower bound: 171.000000
[INFO]:[22:49:42] CPLEX solver finished. Gap: 2.840000
[INFO]:[22:49:42] Starting CPLEX solver on instance: /home/yorig/tuner/mpils-tests/instances/miplib/easy/csched008.mps with config: /scratch/yorig/mpils-results-grid-seconds-10-4may/easy/8proc/seed-1/1_csched008_seed-1_20260504_224441/iterated_local_search/run_2_worker_7/ils_config_12604866997864364271.prm
[INFO]:[22:49:42] Starting CPLEX solver on instance: /home/yorig/tuner/mpils-tests/instances/miplib/easy/csched008.mps with config: /scratch/yorig/mpils-results-grid-seconds-10-4may/easy/8proc/seed-1/1_csched008_seed-1_20260504_224441/iterated_local_search/run_2_worker_7/ils_config_12604866997864364271.prm
[INFO]:[22:49:52] CPLEX results. Gap: 2.840000, upper bound: 176.000000, lower bound: 171.000000
[INFO]:[22:49:52] CPLEX solver finished. Gap: 2.840000
[INFO]:[22:49:52] Starting CPLEX solver on instance: /home/yorig/tuner/mpils-tests/instances/miplib/easy/csched008.mps with config: /scratch/yorig/mpils-results-grid-seconds-10-4may/easy/8proc/seed-1/1_csched008_seed-1_20260504_224441/iterated_local_search/run_2_worker_7/ils_config_12772547539508664585.prm
[INFO]:[22:49:52] Starting CPLEX solver on instance: /home/yorig/tuner/mpils-tests/instances/miplib/easy/csched008.mps with config: /scratch/yorig/mpils-results-grid-seconds-10-4may/easy/8proc/seed-1/1_csched008_seed-1_20260504_224441/iterated_local_search/run_2_worker_7/ils_config_12772547539508664585.prm
[INFO]:[22:50:02] CPLEX results. Gap: 2.840000, upper bound: 176.000000, lower bound: 171.000000
[INFO]:[22:50:02] CPLEX solver finished. Gap: 2.840000
[INFO]:[22:50:02] Starting CPLEX solver on instance: /home/yorig/tuner/mpils-tests/instances/miplib/easy/csched008.mps with config: /scratch/yorig/mpils-results-grid-seconds-10-4may/easy/8proc/seed-1/1_csched008_seed-1_20260504_224441/iterated_local_search/run_2_worker_7/ils_config_5344735218656277127.prm
[INFO]:[22:50:02] Starting CPLEX solver on instance: /home/yorig/tuner/mpils-tests/instances/miplib/easy/csched008.mps with config: /scratch/yorig/mpils-results-grid-seconds-10-4may/easy/8proc/seed-1/1_csched008_seed-1_20260504_224441/iterated_local_search/run_2_worker_7/ils_config_5344735218656277127.prm
[INFO]:[22:50:13] CPLEX results. Gap: 2.840000, upper bound: 176.000000, lower bound: 171.000000
[INFO]:[22:50:13] CPLEX solver finished. Gap: 2.840000
[INFO]:[22:50:13] Local search phase completed.
[INFO]:[22:50:13] Total number of new local-search evaluations: 6
[INFO]:[22:50:13] Final incumbent objective value: 2.84
[INFO]:[22:50:13] Worker 7 completed exploration phase.
[INFO]:[22:50:13] Worker 7 received order for step 2.
[INFO]:[22:50:13] Worker 7 running expansion phase for iteration 2.
[INFO]:[22:50:13] Worker 7 will use solver log file: /scratch/yorig/mpils-results-grid-seconds-10-4may/easy/8proc/seed-1/1_csched008_seed-1_20260504_224441/solver/cplex.log_iteration_expansion_2_worker_7
[INFO]:[22:50:13] Expansion Worker 7 starting expansion for iteration 2.
[INFO]:[22:50:13] Starting CPLEX solver on instance: /home/yorig/tuner/mpils-tests/instances/miplib/easy/csched008.mps with config: /scratch/yorig/mpils-results-grid-seconds-10-4may/easy/8proc/seed-1/1_csched008_seed-1_20260504_224441/expansion/config_param_CPXPARAM_Preprocessing_Symmetry_1_iter_2.prm
[INFO]:[22:50:23] CPLEX results. Gap: 0.580000, upper bound: 173.000000, lower bound: 172.000000
[INFO]:[22:50:23] CPLEX solver finished. Gap: 0.580000
[INFO]:[22:50:23] Starting CPLEX solver on instance: /home/yorig/tuner/mpils-tests/instances/miplib/easy/csched008.mps with config: /scratch/yorig/mpils-results-grid-seconds-10-4may/easy/8proc/seed-1/1_csched008_seed-1_20260504_224441/expansion/config_param_CPXPARAM_MIP_Strategy_HeuristicFreq_-1_iter_2.prm
[INFO]:[22:50:33] CPLEX results. Gap: 4.430000, upper bound: 179.000000, lower bound: 171.063304
[INFO]:[22:50:33] CPLEX solver finished. Gap: 4.430000
[INFO]:[22:50:33] Starting CPLEX solver on instance: /home/yorig/tuner/mpils-tests/instances/miplib/easy/csched008.mps with config: /scratch/yorig/mpils-results-grid-seconds-10-4may/easy/8proc/seed-1/1_csched008_seed-1_20260504_224441/expansion/config_param_CPXPARAM_MIP_Strategy_StartAlgorithm_3_iter_2.prm
[INFO]:[22:50:43] CPLEX results. Gap: 3.910000, upper bound: 179.000000, lower bound: 172.000000
[INFO]:[22:50:43] CPLEX solver finished. Gap: 3.910000
[INFO]:[22:50:43] Starting CPLEX solver on instance: /home/yorig/tuner/mpils-tests/instances/miplib/easy/csched008.mps with config: /scratch/yorig/mpils-results-grid-seconds-10-4may/easy/8proc/seed-1/1_csched008_seed-1_20260504_224441/expansion/config_param_CPXPARAM_MIP_Strategy_SubAlgorithm_5_iter_2.prm
[WARN]:[22:50:53] CPLEX finished without a primal feasible solution for config /scratch/yorig/mpils-results-grid-seconds-10-4may/easy/8proc/seed-1/1_csched008_seed-1_20260504_224441/expansion/config_param_CPXPARAM_MIP_Strategy_SubAlgorithm_5_iter_2.prm.
[INFO]:[22:50:53] CPLEX results. Gap: unavailable, upper bound: null, lower bound: 171.000000
[INFO]:[22:50:53] CPLEX solver finished. Gap: 179769313486231570814527423731704356798070567525844996598917476803157260780028538760589558632766878171540458953514382464234321326889464182768467546703537516986049910576551282076245490090389328944075868508455133942304583236903222948165808559332123348274797826204144723168738177180919299881250404026184124858368.000000
[INFO]:[22:51:03] Expansion Worker 7 completed expansion.
[INFO]:[22:51:03] Worker 7 completed expansion phase.
[INFO]:[22:51:03] Worker 7 received order for step 1.
[INFO]:[22:51:03] Worker 7 running exploration phase for iteration 3.
[INFO]:[22:51:03] Worker 7 at iteration 3 will not use a MIP start file. Current best MIP-start upper bound threshold is 1.79769e+308.
[INFO]:[22:51:03] Starting local search phase...
[INFO]:[22:51:03] Creating local search space from parameter space file: /scratch/yorig/mpils-results-grid-seconds-10-4may/easy/8proc/seed-1/1_csched008_seed-1_20260504_224441/iterated_local_search/search_space/search_space_file_3_worker_7.txt
[INFO]:[22:51:03] Local search space loaded from file: /scratch/yorig/mpils-results-grid-seconds-10-4may/easy/8proc/seed-1/1_csched008_seed-1_20260504_224441/iterated_local_search/search_space/search_space_file_3_worker_7.txt
[INFO]:[22:51:03] Number of parameters in local search space: 71
[INFO]:[22:51:03] Number of forbidden tuples in local search space: 13
[INFO]:[22:51:03] Number of conditionals in local search space: 6
[INFO]:[22:51:03] MIP start option not enabled. Local search will proceed without MIP start.
[INFO]:[22:51:03] Evaluating initial configuration for local search phase...
[INFO]:[22:51:03] Starting CPLEX solver on instance: /home/yorig/tuner/mpils-tests/instances/miplib/easy/csched008.mps with config: /scratch/yorig/mpils-results-grid-seconds-10-4may/easy/8proc/seed-1/1_csched008_seed-1_20260504_224441/iterated_local_search/run_3_worker_7/ils_config_17367006302747675083.prm
[INFO]:[22:51:03] Starting CPLEX solver on instance: /home/yorig/tuner/mpils-tests/instances/miplib/easy/csched008.mps with config: /scratch/yorig/mpils-results-grid-seconds-10-4may/easy/8proc/seed-1/1_csched008_seed-1_20260504_224441/iterated_local_search/run_3_worker_7/ils_config_17367006302747675083.prm
[INFO]:[22:51:13] CPLEX results. Gap: 7.530000, upper bound: 185.000000, lower bound: 171.075878
[INFO]:[22:51:13] CPLEX solver finished. Gap: 7.530000
[INFO]:[22:51:13] Initial configuration evaluated with objective value: 7.53
[INFO]:[22:51:13] Starting CPLEX solver on instance: /home/yorig/tuner/mpils-tests/instances/miplib/easy/csched008.mps with config: /scratch/yorig/mpils-results-grid-seconds-10-4may/easy/8proc/seed-1/1_csched008_seed-1_20260504_224441/iterated_local_search/run_3_worker_7/ils_config_4809373401168561893.prm
[INFO]:[22:51:13] Starting CPLEX solver on instance: /home/yorig/tuner/mpils-tests/instances/miplib/easy/csched008.mps with config: /scratch/yorig/mpils-results-grid-seconds-10-4may/easy/8proc/seed-1/1_csched008_seed-1_20260504_224441/iterated_local_search/run_3_worker_7/ils_config_4809373401168561893.prm
[INFO]:[22:51:23] CPLEX results. Gap: 7.570000, upper bound: 185.000000, lower bound: 171.000000
[INFO]:[22:51:23] CPLEX solver finished. Gap: 7.570000
[INFO]:[22:51:23] Starting CPLEX solver on instance: /home/yorig/tuner/mpils-tests/instances/miplib/easy/csched008.mps with config: /scratch/yorig/mpils-results-grid-seconds-10-4may/easy/8proc/seed-1/1_csched008_seed-1_20260504_224441/iterated_local_search/run_3_worker_7/ils_config_61274806153261591.prm
[INFO]:[22:51:23] Starting CPLEX solver on instance: /home/yorig/tuner/mpils-tests/instances/miplib/easy/csched008.mps with config: /scratch/yorig/mpils-results-grid-seconds-10-4may/easy/8proc/seed-1/1_csched008_seed-1_20260504_224441/iterated_local_search/run_3_worker_7/ils_config_61274806153261591.prm
[INFO]:[22:51:33] CPLEX results. Gap: 7.570000, upper bound: 185.000000, lower bound: 171.000000
[INFO]:[22:51:33] CPLEX solver finished. Gap: 7.570000
[INFO]:[22:51:33] Starting CPLEX solver on instance: /home/yorig/tuner/mpils-tests/instances/miplib/easy/csched008.mps with config: /scratch/yorig/mpils-results-grid-seconds-10-4may/easy/8proc/seed-1/1_csched008_seed-1_20260504_224441/iterated_local_search/run_3_worker_7/ils_config_12488131281432647891.prm
[INFO]:[22:51:33] Starting CPLEX solver on instance: /home/yorig/tuner/mpils-tests/instances/miplib/easy/csched008.mps with config: /scratch/yorig/mpils-results-grid-seconds-10-4may/easy/8proc/seed-1/1_csched008_seed-1_20260504_224441/iterated_local_search/run_3_worker_7/ils_config_12488131281432647891.prm
[INFO]:[22:51:43] CPLEX results. Gap: 7.570000, upper bound: 185.000000, lower bound: 171.000000
[INFO]:[22:51:43] CPLEX solver finished. Gap: 7.570000
[INFO]:[22:51:43] Starting CPLEX solver on instance: /home/yorig/tuner/mpils-tests/instances/miplib/easy/csched008.mps with config: /scratch/yorig/mpils-results-grid-seconds-10-4may/easy/8proc/seed-1/1_csched008_seed-1_20260504_224441/iterated_local_search/run_3_worker_7/ils_config_16053408708837138431.prm
[INFO]:[22:51:43] Starting CPLEX solver on instance: /home/yorig/tuner/mpils-tests/instances/miplib/easy/csched008.mps with config: /scratch/yorig/mpils-results-grid-seconds-10-4may/easy/8proc/seed-1/1_csched008_seed-1_20260504_224441/iterated_local_search/run_3_worker_7/ils_config_16053408708837138431.prm
[INFO]:[22:51:53] CPLEX results. Gap: 7.520000, upper bound: 185.000000, lower bound: 171.083091
[INFO]:[22:51:53] CPLEX solver finished. Gap: 7.520000
[INFO]:[22:51:53] New incumbent found with objective value: 7.52
[INFO]:[22:51:53] Starting CPLEX solver on instance: /home/yorig/tuner/mpils-tests/instances/miplib/easy/csched008.mps with config: /scratch/yorig/mpils-results-grid-seconds-10-4may/easy/8proc/seed-1/1_csched008_seed-1_20260504_224441/iterated_local_search/run_3_worker_7/ils_config_17131101063280911949.prm
[INFO]:[22:51:53] Starting CPLEX solver on instance: /home/yorig/tuner/mpils-tests/instances/miplib/easy/csched008.mps with config: /scratch/yorig/mpils-results-grid-seconds-10-4may/easy/8proc/seed-1/1_csched008_seed-1_20260504_224441/iterated_local_search/run_3_worker_7/ils_config_17131101063280911949.prm
[INFO]:[22:52:03] CPLEX results. Gap: 7.520000, upper bound: 185.000000, lower bound: 171.083091
[INFO]:[22:52:03] CPLEX solver finished. Gap: 7.520000
[INFO]:[22:52:03] Starting CPLEX solver on instance: /home/yorig/tuner/mpils-tests/instances/miplib/easy/csched008.mps with config: /scratch/yorig/mpils-results-grid-seconds-10-4may/easy/8proc/seed-1/1_csched008_seed-1_20260504_224441/iterated_local_search/run_3_worker_7/ils_config_6866552248143651489.prm
[INFO]:[22:52:03] Starting CPLEX solver on instance: /home/yorig/tuner/mpils-tests/instances/miplib/easy/csched008.mps with config: /scratch/yorig/mpils-results-grid-seconds-10-4may/easy/8proc/seed-1/1_csched008_seed-1_20260504_224441/iterated_local_search/run_3_worker_7/ils_config_6866552248143651489.prm
[INFO]:[22:52:13] CPLEX results. Gap: 7.570000, upper bound: 185.000000, lower bound: 171.000000
[INFO]:[22:52:13] CPLEX solver finished. Gap: 7.570000
[INFO]:[22:52:13] Starting CPLEX solver on instance: /home/yorig/tuner/mpils-tests/instances/miplib/easy/csched008.mps with config: /scratch/yorig/mpils-results-grid-seconds-10-4may/easy/8proc/seed-1/1_csched008_seed-1_20260504_224441/iterated_local_search/run_3_worker_7/ils_config_13127562517426418325.prm
[INFO]:[22:52:13] Starting CPLEX solver on instance: /home/yorig/tuner/mpils-tests/instances/miplib/easy/csched008.mps with config: /scratch/yorig/mpils-results-grid-seconds-10-4may/easy/8proc/seed-1/1_csched008_seed-1_20260504_224441/iterated_local_search/run_3_worker_7/ils_config_13127562517426418325.prm
[INFO]:[22:52:23] CPLEX results. Gap: 7.570000, upper bound: 185.000000, lower bound: 171.000000
[INFO]:[22:52:23] CPLEX solver finished. Gap: 7.570000
[INFO]:[22:52:23] Starting CPLEX solver on instance: /home/yorig/tuner/mpils-tests/instances/miplib/easy/csched008.mps with config: /scratch/yorig/mpils-results-grid-seconds-10-4may/easy/8proc/seed-1/1_csched008_seed-1_20260504_224441/iterated_local_search/run_3_worker_7/ils_config_13610876519028997994.prm
[INFO]:[22:52:23] Starting CPLEX solver on instance: /home/yorig/tuner/mpils-tests/instances/miplib/easy/csched008.mps with config: /scratch/yorig/mpils-results-grid-seconds-10-4may/easy/8proc/seed-1/1_csched008_seed-1_20260504_224441/iterated_local_search/run_3_worker_7/ils_config_13610876519028997994.prm
[INFO]:[22:52:33] CPLEX results. Gap: 7.530000, upper bound: 185.000000, lower bound: 171.075878
[INFO]:[22:52:33] CPLEX solver finished. Gap: 7.530000
[INFO]:[22:52:33] Starting CPLEX solver on instance: /home/yorig/tuner/mpils-tests/instances/miplib/easy/csched008.mps with config: /scratch/yorig/mpils-results-grid-seconds-10-4may/easy/8proc/seed-1/1_csched008_seed-1_20260504_224441/iterated_local_search/run_3_worker_7/ils_config_8627842520866586721.prm
[INFO]:[22:52:33] Starting CPLEX solver on instance: /home/yorig/tuner/mpils-tests/instances/miplib/easy/csched008.mps with config: /scratch/yorig/mpils-results-grid-seconds-10-4may/easy/8proc/seed-1/1_csched008_seed-1_20260504_224441/iterated_local_search/run_3_worker_7/ils_config_8627842520866586721.prm
[INFO]:[22:52:43] CPLEX results. Gap: 7.530000, upper bound: 185.000000, lower bound: 171.075878
[INFO]:[22:52:43] CPLEX solver finished. Gap: 7.530000
[INFO]:[22:52:43] Local search phase completed.
[INFO]:[22:52:43] Total number of new local-search evaluations: 10
[INFO]:[22:52:43] Final incumbent objective value: 7.52
[INFO]:[22:52:43] Worker 7 completed exploration phase.
[INFO]:[22:52:43] Worker 7 received order for step 2.
[INFO]:[22:52:43] Worker 7 running expansion phase for iteration 3.
[INFO]:[22:52:43] Worker 7 will use solver log file: /scratch/yorig/mpils-results-grid-seconds-10-4may/easy/8proc/seed-1/1_csched008_seed-1_20260504_224441/solver/cplex.log_iteration_expansion_3_worker_7
[INFO]:[22:52:43] Expansion Worker 7 starting expansion for iteration 3.
[INFO]:[22:52:43] Starting CPLEX solver on instance: /home/yorig/tuner/mpils-tests/instances/miplib/easy/csched008.mps with config: /scratch/yorig/mpils-results-grid-seconds-10-4may/easy/8proc/seed-1/1_csched008_seed-1_20260504_224441/expansion/config_param_CPXPARAM_MIP_Limits_AggForCut_0_iter_3.prm
[INFO]:[22:52:53] CPLEX results. Gap: 3.610000, upper bound: 178.000000, lower bound: 171.574349
[INFO]:[22:52:53] CPLEX solver finished. Gap: 3.610000
[INFO]:[22:52:53] Starting CPLEX solver on instance: /home/yorig/tuner/mpils-tests/instances/miplib/easy/csched008.mps with config: /scratch/yorig/mpils-results-grid-seconds-10-4may/easy/8proc/seed-1/1_csched008_seed-1_20260504_224441/expansion/config_param_CPXPARAM_Preprocessing_Fill_40_iter_3.prm
[INFO]:[22:53:03] CPLEX results. Gap: 0.580000, upper bound: 173.000000, lower bound: 172.000000
[INFO]:[22:53:03] CPLEX solver finished. Gap: 0.580000
[INFO]:[22:53:03] Starting CPLEX solver on instance: /home/yorig/tuner/mpils-tests/instances/miplib/easy/csched008.mps with config: /scratch/yorig/mpils-results-grid-seconds-10-4may/easy/8proc/seed-1/1_csched008_seed-1_20260504_224441/expansion/config_param_CPXPARAM_Barrier_StartAlg_4_iter_3.prm
[INFO]:[22:53:13] CPLEX results. Gap: 0.580000, upper bound: 173.000000, lower bound: 172.000000
[INFO]:[22:53:13] CPLEX solver finished. Gap: 0.580000
[INFO]:[22:53:13] Starting CPLEX solver on instance: /home/yorig/tuner/mpils-tests/instances/miplib/easy/csched008.mps with config: /scratch/yorig/mpils-results-grid-seconds-10-4may/easy/8proc/seed-1/1_csched008_seed-1_20260504_224441/expansion/config_param_CPXPARAM_Simplex_Crash_0_iter_3.prm
[INFO]:[22:53:23] CPLEX results. Gap: 0.580000, upper bound: 173.000000, lower bound: 172.000000
[INFO]:[22:53:23] CPLEX solver finished. Gap: 0.580000
[INFO]:[22:53:23] Expansion Worker 7 completed expansion.
[INFO]:[22:53:23] Worker 7 completed expansion phase.
[INFO]:[22:53:24] Worker 7 received order for step 1.
[INFO]:[22:53:24] Worker 7 running exploration phase for iteration 4.
[INFO]:[22:53:24] Worker 7 at iteration 4 will not use a MIP start file. Current best MIP-start upper bound threshold is 1.79769e+308.
[INFO]:[22:53:24] Starting local search phase...
[INFO]:[22:53:24] Creating local search space from parameter space file: /scratch/yorig/mpils-results-grid-seconds-10-4may/easy/8proc/seed-1/1_csched008_seed-1_20260504_224441/iterated_local_search/search_space/search_space_file_4_worker_7.txt
[INFO]:[22:53:24] Local search space loaded from file: /scratch/yorig/mpils-results-grid-seconds-10-4may/easy/8proc/seed-1/1_csched008_seed-1_20260504_224441/iterated_local_search/search_space/search_space_file_4_worker_7.txt
[INFO]:[22:53:24] Number of parameters in local search space: 71
[INFO]:[22:53:24] Number of forbidden tuples in local search space: 37
[INFO]:[22:53:24] Number of conditionals in local search space: 6
[INFO]:[22:53:24] MIP start option not enabled. Local search will proceed without MIP start.
[INFO]:[22:53:24] Evaluating initial configuration for local search phase...
[INFO]:[22:53:24] Starting CPLEX solver on instance: /home/yorig/tuner/mpils-tests/instances/miplib/easy/csched008.mps with config: /scratch/yorig/mpils-results-grid-seconds-10-4may/easy/8proc/seed-1/1_csched008_seed-1_20260504_224441/iterated_local_search/run_4_worker_7/ils_config_15997767433446967763.prm
[INFO]:[22:53:24] Starting CPLEX solver on instance: /home/yorig/tuner/mpils-tests/instances/miplib/easy/csched008.mps with config: /scratch/yorig/mpils-results-grid-seconds-10-4may/easy/8proc/seed-1/1_csched008_seed-1_20260504_224441/iterated_local_search/run_4_worker_7/ils_config_15997767433446967763.prm
[INFO]:[22:53:34] CPLEX results. Gap: 2.820000, upper bound: 177.000000, lower bound: 172.000000
[INFO]:[22:53:34] CPLEX solver finished. Gap: 2.820000
[INFO]:[22:53:34] Initial configuration evaluated with objective value: 2.82
[INFO]:[22:53:34] Starting CPLEX solver on instance: /home/yorig/tuner/mpils-tests/instances/miplib/easy/csched008.mps with config: /scratch/yorig/mpils-results-grid-seconds-10-4may/easy/8proc/seed-1/1_csched008_seed-1_20260504_224441/iterated_local_search/run_4_worker_7/ils_config_17973075611830649541.prm
[INFO]:[22:53:34] Starting CPLEX solver on instance: /home/yorig/tuner/mpils-tests/instances/miplib/easy/csched008.mps with config: /scratch/yorig/mpils-results-grid-seconds-10-4may/easy/8proc/seed-1/1_csched008_seed-1_20260504_224441/iterated_local_search/run_4_worker_7/ils_config_17973075611830649541.prm
[INFO]:[22:53:44] CPLEX results. Gap: 2.820000, upper bound: 177.000000, lower bound: 172.000000
[INFO]:[22:53:44] CPLEX solver finished. Gap: 2.820000
[INFO]:[22:53:44] Starting CPLEX solver on instance: /home/yorig/tuner/mpils-tests/instances/miplib/easy/csched008.mps with config: /scratch/yorig/mpils-results-grid-seconds-10-4may/easy/8proc/seed-1/1_csched008_seed-1_20260504_224441/iterated_local_search/run_4_worker_7/ils_config_14409369846036891833.prm
[INFO]:[22:53:44] Starting CPLEX solver on instance: /home/yorig/tuner/mpils-tests/instances/miplib/easy/csched008.mps with config: /scratch/yorig/mpils-results-grid-seconds-10-4may/easy/8proc/seed-1/1_csched008_seed-1_20260504_224441/iterated_local_search/run_4_worker_7/ils_config_14409369846036891833.prm
[INFO]:[22:53:54] CPLEX results. Gap: 2.820000, upper bound: 177.000000, lower bound: 172.000000
[INFO]:[22:53:54] CPLEX solver finished. Gap: 2.820000
[INFO]:[22:53:54] Starting CPLEX solver on instance: /home/yorig/tuner/mpils-tests/instances/miplib/easy/csched008.mps with config: /scratch/yorig/mpils-results-grid-seconds-10-4may/easy/8proc/seed-1/1_csched008_seed-1_20260504_224441/iterated_local_search/run_4_worker_7/ils_config_15247970153994530758.prm
[INFO]:[22:53:54] Starting CPLEX solver on instance: /home/yorig/tuner/mpils-tests/instances/miplib/easy/csched008.mps with config: /scratch/yorig/mpils-results-grid-seconds-10-4may/easy/8proc/seed-1/1_csched008_seed-1_20260504_224441/iterated_local_search/run_4_worker_7/ils_config_15247970153994530758.prm
[INFO]:[22:54:04] CPLEX results. Gap: 2.820000, upper bound: 177.000000, lower bound: 172.000000
[INFO]:[22:54:04] CPLEX solver finished. Gap: 2.820000
[INFO]:[22:54:04] Starting CPLEX solver on instance: /home/yorig/tuner/mpils-tests/instances/miplib/easy/csched008.mps with config: /scratch/yorig/mpils-results-grid-seconds-10-4may/easy/8proc/seed-1/1_csched008_seed-1_20260504_224441/iterated_local_search/run_4_worker_7/ils_config_13910202752703268558.prm
[INFO]:[22:54:04] Starting CPLEX solver on instance: /home/yorig/tuner/mpils-tests/instances/miplib/easy/csched008.mps with config: /scratch/yorig/mpils-results-grid-seconds-10-4may/easy/8proc/seed-1/1_csched008_seed-1_20260504_224441/iterated_local_search/run_4_worker_7/ils_config_13910202752703268558.prm
[INFO]:[22:54:14] CPLEX results. Gap: 2.820000, upper bound: 177.000000, lower bound: 172.000000
[INFO]:[22:54:14] CPLEX solver finished. Gap: 2.820000
[INFO]:[22:54:14] Starting CPLEX solver on instance: /home/yorig/tuner/mpils-tests/instances/miplib/easy/csched008.mps with config: /scratch/yorig/mpils-results-grid-seconds-10-4may/easy/8proc/seed-1/1_csched008_seed-1_20260504_224441/iterated_local_search/run_4_worker_7/ils_config_143183528019164479.prm
[INFO]:[22:54:14] Starting CPLEX solver on instance: /home/yorig/tuner/mpils-tests/instances/miplib/easy/csched008.mps with config: /scratch/yorig/mpils-results-grid-seconds-10-4may/easy/8proc/seed-1/1_csched008_seed-1_20260504_224441/iterated_local_search/run_4_worker_7/ils_config_143183528019164479.prm
[INFO]:[22:54:24] CPLEX results. Gap: 2.820000, upper bound: 177.000000, lower bound: 172.000000
[INFO]:[22:54:24] CPLEX solver finished. Gap: 2.820000
[INFO]:[22:54:24] Starting CPLEX solver on instance: /home/yorig/tuner/mpils-tests/instances/miplib/easy/csched008.mps with config: /scratch/yorig/mpils-results-grid-seconds-10-4may/easy/8proc/seed-1/1_csched008_seed-1_20260504_224441/iterated_local_search/run_4_worker_7/ils_config_794410674179390892.prm
[INFO]:[22:54:24] Starting CPLEX solver on instance: /home/yorig/tuner/mpils-tests/instances/miplib/easy/csched008.mps with config: /scratch/yorig/mpils-results-grid-seconds-10-4may/easy/8proc/seed-1/1_csched008_seed-1_20260504_224441/iterated_local_search/run_4_worker_7/ils_config_794410674179390892.prm
[INFO]:[22:54:34] CPLEX results. Gap: 2.820000, upper bound: 177.000000, lower bound: 172.000000
[INFO]:[22:54:34] CPLEX solver finished. Gap: 2.820000
[INFO]:[22:54:34] Starting CPLEX solver on instance: /home/yorig/tuner/mpils-tests/instances/miplib/easy/csched008.mps with config: /scratch/yorig/mpils-results-grid-seconds-10-4may/easy/8proc/seed-1/1_csched008_seed-1_20260504_224441/iterated_local_search/run_4_worker_7/ils_config_2180986589561941491.prm
[INFO]:[22:54:34] Starting CPLEX solver on instance: /home/yorig/tuner/mpils-tests/instances/miplib/easy/csched008.mps with config: /scratch/yorig/mpils-results-grid-seconds-10-4may/easy/8proc/seed-1/1_csched008_seed-1_20260504_224441/iterated_local_search/run_4_worker_7/ils_config_2180986589561941491.prm
[INFO]:[22:54:44] CPLEX results. Gap: 2.820000, upper bound: 177.000000, lower bound: 172.000000
[INFO]:[22:54:44] CPLEX solver finished. Gap: 2.820000
[INFO]:[22:54:44] Starting CPLEX solver on instance: /home/yorig/tuner/mpils-tests/instances/miplib/easy/csched008.mps with config: /scratch/yorig/mpils-results-grid-seconds-10-4may/easy/8proc/seed-1/1_csched008_seed-1_20260504_224441/iterated_local_search/run_4_worker_7/ils_config_2368470498684715980.prm
[INFO]:[22:54:44] Starting CPLEX solver on instance: /home/yorig/tuner/mpils-tests/instances/miplib/easy/csched008.mps with config: /scratch/yorig/mpils-results-grid-seconds-10-4may/easy/8proc/seed-1/1_csched008_seed-1_20260504_224441/iterated_local_search/run_4_worker_7/ils_config_2368470498684715980.prm
[INFO]:[22:54:54] CPLEX results. Gap: 2.820000, upper bound: 177.000000, lower bound: 172.000000
[INFO]:[22:54:54] CPLEX solver finished. Gap: 2.820000
[INFO]:[22:54:54] Starting CPLEX solver on instance: /home/yorig/tuner/mpils-tests/instances/miplib/easy/csched008.mps with config: /scratch/yorig/mpils-results-grid-seconds-10-4may/easy/8proc/seed-1/1_csched008_seed-1_20260504_224441/iterated_local_search/run_4_worker_7/ils_config_7218550041989566549.prm
[INFO]:[22:54:54] Starting CPLEX solver on instance: /home/yorig/tuner/mpils-tests/instances/miplib/easy/csched008.mps with config: /scratch/yorig/mpils-results-grid-seconds-10-4may/easy/8proc/seed-1/1_csched008_seed-1_20260504_224441/iterated_local_search/run_4_worker_7/ils_config_7218550041989566549.prm
[INFO]:[22:55:04] CPLEX results. Gap: 1.800000, upper bound: 175.000000, lower bound: 171.843904
[INFO]:[22:55:04] CPLEX solver finished. Gap: 1.800000
[INFO]:[22:55:04] New incumbent found with objective value: 1.8
[INFO]:[22:55:04] Starting CPLEX solver on instance: /home/yorig/tuner/mpils-tests/instances/miplib/easy/csched008.mps with config: /scratch/yorig/mpils-results-grid-seconds-10-4may/easy/8proc/seed-1/1_csched008_seed-1_20260504_224441/iterated_local_search/run_4_worker_7/ils_config_14205372977280686746.prm
[INFO]:[22:55:04] Starting CPLEX solver on instance: /home/yorig/tuner/mpils-tests/instances/miplib/easy/csched008.mps with config: /scratch/yorig/mpils-results-grid-seconds-10-4may/easy/8proc/seed-1/1_csched008_seed-1_20260504_224441/iterated_local_search/run_4_worker_7/ils_config_14205372977280686746.prm
[INFO]:[22:55:14] CPLEX results. Gap: 2.270000, upper bound: 176.000000, lower bound: 172.000000
[INFO]:[22:55:14] CPLEX solver finished. Gap: 2.270000
[INFO]:[22:55:14] Starting CPLEX solver on instance: /home/yorig/tuner/mpils-tests/instances/miplib/easy/csched008.mps with config: /scratch/yorig/mpils-results-grid-seconds-10-4may/easy/8proc/seed-1/1_csched008_seed-1_20260504_224441/iterated_local_search/run_4_worker_7/ils_config_4680066885237036916.prm
[INFO]:[22:55:14] Starting CPLEX solver on instance: /home/yorig/tuner/mpils-tests/instances/miplib/easy/csched008.mps with config: /scratch/yorig/mpils-results-grid-seconds-10-4may/easy/8proc/seed-1/1_csched008_seed-1_20260504_224441/iterated_local_search/run_4_worker_7/ils_config_4680066885237036916.prm
[INFO]:[22:55:24] CPLEX results. Gap: 1.150000, upper bound: 174.000000, lower bound: 172.000000
[INFO]:[22:55:24] CPLEX solver finished. Gap: 1.150000
[INFO]:[22:55:24] New incumbent found with objective value: 1.15
[INFO]:[22:55:24] Starting CPLEX solver on instance: /home/yorig/tuner/mpils-tests/instances/miplib/easy/csched008.mps with config: /scratch/yorig/mpils-results-grid-seconds-10-4may/easy/8proc/seed-1/1_csched008_seed-1_20260504_224441/iterated_local_search/run_4_worker_7/ils_config_7396595296706460515.prm
[INFO]:[22:55:24] Starting CPLEX solver on instance: /home/yorig/tuner/mpils-tests/instances/miplib/easy/csched008.mps with config: /scratch/yorig/mpils-results-grid-seconds-10-4may/easy/8proc/seed-1/1_csched008_seed-1_20260504_224441/iterated_local_search/run_4_worker_7/ils_config_7396595296706460515.prm
[INFO]:[22:55:34] CPLEX results. Gap: 1.710000, upper bound: 175.000000, lower bound: 172.000000
[INFO]:[22:55:34] CPLEX solver finished. Gap: 1.710000
[INFO]:[22:55:34] Starting CPLEX solver on instance: /home/yorig/tuner/mpils-tests/instances/miplib/easy/csched008.mps with config: /scratch/yorig/mpils-results-grid-seconds-10-4may/easy/8proc/seed-1/1_csched008_seed-1_20260504_224441/iterated_local_search/run_4_worker_7/ils_config_9687895575796453736.prm
[INFO]:[22:55:34] Starting CPLEX solver on instance: /home/yorig/tuner/mpils-tests/instances/miplib/easy/csched008.mps with config: /scratch/yorig/mpils-results-grid-seconds-10-4may/easy/8proc/seed-1/1_csched008_seed-1_20260504_224441/iterated_local_search/run_4_worker_7/ils_config_9687895575796453736.prm
[INFO]:[22:55:44] CPLEX results. Gap: 2.270000, upper bound: 176.000000, lower bound: 172.000000
[INFO]:[22:55:44] CPLEX solver finished. Gap: 2.270000
[INFO]:[22:55:44] Starting CPLEX solver on instance: /home/yorig/tuner/mpils-tests/instances/miplib/easy/csched008.mps with config: /scratch/yorig/mpils-results-grid-seconds-10-4may/easy/8proc/seed-1/1_csched008_seed-1_20260504_224441/iterated_local_search/run_4_worker_7/ils_config_10445839946411938776.prm
[INFO]:[22:55:44] Starting CPLEX solver on instance: /home/yorig/tuner/mpils-tests/instances/miplib/easy/csched008.mps with config: /scratch/yorig/mpils-results-grid-seconds-10-4may/easy/8proc/seed-1/1_csched008_seed-1_20260504_224441/iterated_local_search/run_4_worker_7/ils_config_10445839946411938776.prm
[INFO]:[22:55:54] CPLEX results. Gap: 3.910000, upper bound: 179.000000, lower bound: 172.000000
[INFO]:[22:55:54] CPLEX solver finished. Gap: 3.910000
[INFO]:[22:55:54] Starting CPLEX solver on instance: /home/yorig/tuner/mpils-tests/instances/miplib/easy/csched008.mps with config: /scratch/yorig/mpils-results-grid-seconds-10-4may/easy/8proc/seed-1/1_csched008_seed-1_20260504_224441/iterated_local_search/run_4_worker_7/ils_config_6905760384351006337.prm
[INFO]:[22:55:54] Starting CPLEX solver on instance: /home/yorig/tuner/mpils-tests/instances/miplib/easy/csched008.mps with config: /scratch/yorig/mpils-results-grid-seconds-10-4may/easy/8proc/seed-1/1_csched008_seed-1_20260504_224441/iterated_local_search/run_4_worker_7/ils_config_6905760384351006337.prm
[INFO]:[22:56:04] CPLEX results. Gap: 3.910000, upper bound: 179.000000, lower bound: 172.000000
[INFO]:[22:56:04] CPLEX solver finished. Gap: 3.910000
[INFO]:[22:56:04] Starting CPLEX solver on instance: /home/yorig/tuner/mpils-tests/instances/miplib/easy/csched008.mps with config: /scratch/yorig/mpils-results-grid-seconds-10-4may/easy/8proc/seed-1/1_csched008_seed-1_20260504_224441/iterated_local_search/run_4_worker_7/ils_config_14283046832136755665.prm
[INFO]:[22:56:04] Starting CPLEX solver on instance: /home/yorig/tuner/mpils-tests/instances/miplib/easy/csched008.mps with config: /scratch/yorig/mpils-results-grid-seconds-10-4may/easy/8proc/seed-1/1_csched008_seed-1_20260504_224441/iterated_local_search/run_4_worker_7/ils_config_14283046832136755665.prm
[INFO]:[22:56:14] CPLEX results. Gap: 1.150000, upper bound: 174.000000, lower bound: 172.000000
[INFO]:[22:56:14] CPLEX solver finished. Gap: 1.150000
[INFO]:[22:56:14] Starting CPLEX solver on instance: /home/yorig/tuner/mpils-tests/instances/miplib/easy/csched008.mps with config: /scratch/yorig/mpils-results-grid-seconds-10-4may/easy/8proc/seed-1/1_csched008_seed-1_20260504_224441/iterated_local_search/run_4_worker_7/ils_config_5065945466463198403.prm
[INFO]:[22:56:14] Starting CPLEX solver on instance: /home/yorig/tuner/mpils-tests/instances/miplib/easy/csched008.mps with config: /scratch/yorig/mpils-results-grid-seconds-10-4may/easy/8proc/seed-1/1_csched008_seed-1_20260504_224441/iterated_local_search/run_4_worker_7/ils_config_5065945466463198403.prm
[INFO]:[22:56:24] CPLEX results. Gap: 1.150000, upper bound: 174.000000, lower bound: 172.000000
[INFO]:[22:56:24] CPLEX solver finished. Gap: 1.150000
[INFO]:[22:56:24] Starting CPLEX solver on instance: /home/yorig/tuner/mpils-tests/instances/miplib/easy/csched008.mps with config: /scratch/yorig/mpils-results-grid-seconds-10-4may/easy/8proc/seed-1/1_csched008_seed-1_20260504_224441/iterated_local_search/run_4_worker_7/ils_config_12425958800034768800.prm
[INFO]:[22:56:24] Starting CPLEX solver on instance: /home/yorig/tuner/mpils-tests/instances/miplib/easy/csched008.mps with config: /scratch/yorig/mpils-results-grid-seconds-10-4may/easy/8proc/seed-1/1_csched008_seed-1_20260504_224441/iterated_local_search/run_4_worker_7/ils_config_12425958800034768800.prm
[INFO]:[22:56:34] CPLEX results. Gap: 4.430000, upper bound: 179.000000, lower bound: 171.075786
[INFO]:[22:56:34] CPLEX solver finished. Gap: 4.430000
[INFO]:[22:56:34] Starting CPLEX solver on instance: /home/yorig/tuner/mpils-tests/instances/miplib/easy/csched008.mps with config: /scratch/yorig/mpils-results-grid-seconds-10-4may/easy/8proc/seed-1/1_csched008_seed-1_20260504_224441/iterated_local_search/run_4_worker_7/ils_config_16744909148940069631.prm
[INFO]:[22:56:34] Starting CPLEX solver on instance: /home/yorig/tuner/mpils-tests/instances/miplib/easy/csched008.mps with config: /scratch/yorig/mpils-results-grid-seconds-10-4may/easy/8proc/seed-1/1_csched008_seed-1_20260504_224441/iterated_local_search/run_4_worker_7/ils_config_16744909148940069631.prm
[INFO]:[22:56:44] CPLEX results. Gap: 3.930000, upper bound: 178.000000, lower bound: 171.000000
[INFO]:[22:56:44] CPLEX solver finished. Gap: 3.930000
[INFO]:[22:56:44] Starting CPLEX solver on instance: /home/yorig/tuner/mpils-tests/instances/miplib/easy/csched008.mps with config: /scratch/yorig/mpils-results-grid-seconds-10-4may/easy/8proc/seed-1/1_csched008_seed-1_20260504_224441/iterated_local_search/run_4_worker_7/ils_config_5301205749845948188.prm
[INFO]:[22:56:44] Starting CPLEX solver on instance: /home/yorig/tuner/mpils-tests/instances/miplib/easy/csched008.mps with config: /scratch/yorig/mpils-results-grid-seconds-10-4may/easy/8proc/seed-1/1_csched008_seed-1_20260504_224441/iterated_local_search/run_4_worker_7/ils_config_5301205749845948188.prm
[INFO]:[22:56:54] CPLEX results. Gap: 4.470000, upper bound: 179.000000, lower bound: 171.000000
[INFO]:[22:56:54] CPLEX solver finished. Gap: 4.470000
[INFO]:[22:56:54] Local search phase completed.
[INFO]:[22:56:54] Total number of new local-search evaluations: 21
[INFO]:[22:56:54] Final incumbent objective value: 1.15
[INFO]:[22:56:54] Worker 7 completed exploration phase.
[INFO]:[22:56:54] Worker 7 received order for step 2.
[INFO]:[22:56:54] Worker 7 running expansion phase for iteration 4.
[INFO]:[22:56:54] Worker 7 will use solver log file: /scratch/yorig/mpils-results-grid-seconds-10-4may/easy/8proc/seed-1/1_csched008_seed-1_20260504_224441/solver/cplex.log_iteration_expansion_4_worker_7
[INFO]:[22:56:54] Expansion Worker 7 starting expansion for iteration 4.
[INFO]:[22:56:54] Starting CPLEX solver on instance: /home/yorig/tuner/mpils-tests/instances/miplib/easy/csched008.mps with config: /scratch/yorig/mpils-results-grid-seconds-10-4may/easy/8proc/seed-1/1_csched008_seed-1_20260504_224441/expansion/config_param_CPXPARAM_Feasopt_Mode_4_iter_4.prm
[INFO]:[22:57:04] CPLEX results. Gap: 0.580000, upper bound: 173.000000, lower bound: 172.000000
[INFO]:[22:57:04] CPLEX solver finished. Gap: 0.580000
[INFO]:[22:57:04] Starting CPLEX solver on instance: /home/yorig/tuner/mpils-tests/instances/miplib/easy/csched008.mps with config: /scratch/yorig/mpils-results-grid-seconds-10-4may/easy/8proc/seed-1/1_csched008_seed-1_20260504_224441/expansion/config_param_CPXPARAM_Network_Pricing_1_iter_4.prm
[INFO]:[22:57:14] CPLEX results. Gap: 0.580000, upper bound: 173.000000, lower bound: 172.000000
[INFO]:[22:57:14] CPLEX solver finished. Gap: 0.580000
[INFO]:[22:57:14] Starting CPLEX solver on instance: /home/yorig/tuner/mpils-tests/instances/miplib/easy/csched008.mps with config: /scratch/yorig/mpils-results-grid-seconds-10-4may/easy/8proc/seed-1/1_csched008_seed-1_20260504_224441/expansion/config_param_CPXPARAM_Preprocessing_Reduce_1_iter_4.prm
[INFO]:[22:57:24] CPLEX results. Gap: 3.240000, upper bound: 177.000000, lower bound: 171.272727
[INFO]:[22:57:24] CPLEX solver finished. Gap: 3.240000
[INFO]:[22:57:34] Expansion Worker 7 completed expansion.
[INFO]:[22:57:34] Worker 7 completed expansion phase.
[INFO]:[22:57:35] Worker 7 received order for step 1.
[INFO]:[22:57:35] Worker 7 running exploration phase for iteration 5.
[INFO]:[22:57:35] Worker 7 at iteration 5 will not use a MIP start file. Current best MIP-start upper bound threshold is 1.79769e+308.
[INFO]:[22:57:35] Starting local search phase...
[INFO]:[22:57:35] Creating local search space from parameter space file: /scratch/yorig/mpils-results-grid-seconds-10-4may/easy/8proc/seed-1/1_csched008_seed-1_20260504_224441/iterated_local_search/search_space/search_space_file_5_worker_7.txt
[INFO]:[22:57:35] Local search space loaded from file: /scratch/yorig/mpils-results-grid-seconds-10-4may/easy/8proc/seed-1/1_csched008_seed-1_20260504_224441/iterated_local_search/search_space/search_space_file_5_worker_7.txt
[INFO]:[22:57:35] Number of parameters in local search space: 71
[INFO]:[22:57:35] Number of forbidden tuples in local search space: 64
[INFO]:[22:57:35] Number of conditionals in local search space: 6
[INFO]:[22:57:35] MIP start option not enabled. Local search will proceed without MIP start.
[INFO]:[22:57:35] Evaluating initial configuration for local search phase...
[INFO]:[22:57:35] Starting CPLEX solver on instance: /home/yorig/tuner/mpils-tests/instances/miplib/easy/csched008.mps with config: /scratch/yorig/mpils-results-grid-seconds-10-4may/easy/8proc/seed-1/1_csched008_seed-1_20260504_224441/iterated_local_search/run_5_worker_7/ils_config_2476836084529484364.prm
[INFO]:[22:57:35] Starting CPLEX solver on instance: /home/yorig/tuner/mpils-tests/instances/miplib/easy/csched008.mps with config: /scratch/yorig/mpils-results-grid-seconds-10-4may/easy/8proc/seed-1/1_csched008_seed-1_20260504_224441/iterated_local_search/run_5_worker_7/ils_config_2476836084529484364.prm
[WARN]:[22:57:45] CPLEX finished without a primal feasible solution for config /scratch/yorig/mpils-results-grid-seconds-10-4may/easy/8proc/seed-1/1_csched008_seed-1_20260504_224441/iterated_local_search/run_5_worker_7/ils_config_2476836084529484364.prm.
[INFO]:[22:57:45] CPLEX results. Gap: unavailable, upper bound: null, lower bound: 171.000000
[INFO]:[22:57:45] CPLEX solver finished. Gap: 179769313486231570814527423731704356798070567525844996598917476803157260780028538760589558632766878171540458953514382464234321326889464182768467546703537516986049910576551282076245490090389328944075868508455133942304583236903222948165808559332123348274797826204144723168738177180919299881250404026184124858368.000000
[INFO]:[22:57:45] Initial configuration evaluated with objective value: 1.79769e+308
[INFO]:[22:57:45] Starting CPLEX solver on instance: /home/yorig/tuner/mpils-tests/instances/miplib/easy/csched008.mps with config: /scratch/yorig/mpils-results-grid-seconds-10-4may/easy/8proc/seed-1/1_csched008_seed-1_20260504_224441/iterated_local_search/run_5_worker_7/ils_config_8656202354346637671.prm
[INFO]:[22:57:45] Starting CPLEX solver on instance: /home/yorig/tuner/mpils-tests/instances/miplib/easy/csched008.mps with config: /scratch/yorig/mpils-results-grid-seconds-10-4may/easy/8proc/seed-1/1_csched008_seed-1_20260504_224441/iterated_local_search/run_5_worker_7/ils_config_8656202354346637671.prm
[WARN]:[22:57:55] CPLEX finished without a primal feasible solution for config /scratch/yorig/mpils-results-grid-seconds-10-4may/easy/8proc/seed-1/1_csched008_seed-1_20260504_224441/iterated_local_search/run_5_worker_7/ils_config_8656202354346637671.prm.
[INFO]:[22:57:55] CPLEX results. Gap: unavailable, upper bound: null, lower bound: 171.000000
[INFO]:[22:57:55] CPLEX solver finished. Gap: 179769313486231570814527423731704356798070567525844996598917476803157260780028538760589558632766878171540458953514382464234321326889464182768467546703537516986049910576551282076245490090389328944075868508455133942304583236903222948165808559332123348274797826204144723168738177180919299881250404026184124858368.000000
[INFO]:[22:57:55] Starting CPLEX solver on instance: /home/yorig/tuner/mpils-tests/instances/miplib/easy/csched008.mps with config: /scratch/yorig/mpils-results-grid-seconds-10-4may/easy/8proc/seed-1/1_csched008_seed-1_20260504_224441/iterated_local_search/run_5_worker_7/ils_config_4934258855831578500.prm
[INFO]:[22:57:55] Starting CPLEX solver on instance: /home/yorig/tuner/mpils-tests/instances/miplib/easy/csched008.mps with config: /scratch/yorig/mpils-results-grid-seconds-10-4may/easy/8proc/seed-1/1_csched008_seed-1_20260504_224441/iterated_local_search/run_5_worker_7/ils_config_4934258855831578500.prm
[WARN]:[22:58:05] CPLEX finished without a primal feasible solution for config /scratch/yorig/mpils-results-grid-seconds-10-4may/easy/8proc/seed-1/1_csched008_seed-1_20260504_224441/iterated_local_search/run_5_worker_7/ils_config_4934258855831578500.prm.
[INFO]:[22:58:05] CPLEX results. Gap: unavailable, upper bound: null, lower bound: 171.000000
[INFO]:[22:58:05] CPLEX solver finished. Gap: 179769313486231570814527423731704356798070567525844996598917476803157260780028538760589558632766878171540458953514382464234321326889464182768467546703537516986049910576551282076245490090389328944075868508455133942304583236903222948165808559332123348274797826204144723168738177180919299881250404026184124858368.000000
[INFO]:[22:58:05] Starting CPLEX solver on instance: /home/yorig/tuner/mpils-tests/instances/miplib/easy/csched008.mps with config: /scratch/yorig/mpils-results-grid-seconds-10-4may/easy/8proc/seed-1/1_csched008_seed-1_20260504_224441/iterated_local_search/run_5_worker_7/ils_config_4556560463405155042.prm
[INFO]:[22:58:05] Starting CPLEX solver on instance: /home/yorig/tuner/mpils-tests/instances/miplib/easy/csched008.mps with config: /scratch/yorig/mpils-results-grid-seconds-10-4may/easy/8proc/seed-1/1_csched008_seed-1_20260504_224441/iterated_local_search/run_5_worker_7/ils_config_4556560463405155042.prm
[WARN]:[22:58:15] CPLEX finished without a primal feasible solution for config /scratch/yorig/mpils-results-grid-seconds-10-4may/easy/8proc/seed-1/1_csched008_seed-1_20260504_224441/iterated_local_search/run_5_worker_7/ils_config_4556560463405155042.prm.
[INFO]:[22:58:15] CPLEX results. Gap: unavailable, upper bound: null, lower bound: 171.000000
[INFO]:[22:58:15] CPLEX solver finished. Gap: 179769313486231570814527423731704356798070567525844996598917476803157260780028538760589558632766878171540458953514382464234321326889464182768467546703537516986049910576551282076245490090389328944075868508455133942304583236903222948165808559332123348274797826204144723168738177180919299881250404026184124858368.000000
[INFO]:[22:58:15] Starting CPLEX solver on instance: /home/yorig/tuner/mpils-tests/instances/miplib/easy/csched008.mps with config: /scratch/yorig/mpils-results-grid-seconds-10-4may/easy/8proc/seed-1/1_csched008_seed-1_20260504_224441/iterated_local_search/run_5_worker_7/ils_config_3249029654866176452.prm
[INFO]:[22:58:15] Starting CPLEX solver on instance: /home/yorig/tuner/mpils-tests/instances/miplib/easy/csched008.mps with config: /scratch/yorig/mpils-results-grid-seconds-10-4may/easy/8proc/seed-1/1_csched008_seed-1_20260504_224441/iterated_local_search/run_5_worker_7/ils_config_3249029654866176452.prm
[WARN]:[22:58:25] CPLEX finished without a primal feasible solution for config /scratch/yorig/mpils-results-grid-seconds-10-4may/easy/8proc/seed-1/1_csched008_seed-1_20260504_224441/iterated_local_search/run_5_worker_7/ils_config_3249029654866176452.prm.
[INFO]:[22:58:25] CPLEX results. Gap: unavailable, upper bound: null, lower bound: 171.000000
[INFO]:[22:58:25] CPLEX solver finished. Gap: 179769313486231570814527423731704356798070567525844996598917476803157260780028538760589558632766878171540458953514382464234321326889464182768467546703537516986049910576551282076245490090389328944075868508455133942304583236903222948165808559332123348274797826204144723168738177180919299881250404026184124858368.000000
[INFO]:[22:58:25] Starting CPLEX solver on instance: /home/yorig/tuner/mpils-tests/instances/miplib/easy/csched008.mps with config: /scratch/yorig/mpils-results-grid-seconds-10-4may/easy/8proc/seed-1/1_csched008_seed-1_20260504_224441/iterated_local_search/run_5_worker_7/ils_config_13174296428930397129.prm
[INFO]:[22:58:25] Starting CPLEX solver on instance: /home/yorig/tuner/mpils-tests/instances/miplib/easy/csched008.mps with config: /scratch/yorig/mpils-results-grid-seconds-10-4may/easy/8proc/seed-1/1_csched008_seed-1_20260504_224441/iterated_local_search/run_5_worker_7/ils_config_13174296428930397129.prm
[WARN]:[22:58:35] CPLEX finished without a primal feasible solution for config /scratch/yorig/mpils-results-grid-seconds-10-4may/easy/8proc/seed-1/1_csched008_seed-1_20260504_224441/iterated_local_search/run_5_worker_7/ils_config_13174296428930397129.prm.
[INFO]:[22:58:35] CPLEX results. Gap: unavailable, upper bound: null, lower bound: 171.000000
[INFO]:[22:58:35] CPLEX solver finished. Gap: 179769313486231570814527423731704356798070567525844996598917476803157260780028538760589558632766878171540458953514382464234321326889464182768467546703537516986049910576551282076245490090389328944075868508455133942304583236903222948165808559332123348274797826204144723168738177180919299881250404026184124858368.000000
[INFO]:[22:58:35] Starting CPLEX solver on instance: /home/yorig/tuner/mpils-tests/instances/miplib/easy/csched008.mps with config: /scratch/yorig/mpils-results-grid-seconds-10-4may/easy/8proc/seed-1/1_csched008_seed-1_20260504_224441/iterated_local_search/run_5_worker_7/ils_config_9691861511021720260.prm
[INFO]:[22:58:35] Starting CPLEX solver on instance: /home/yorig/tuner/mpils-tests/instances/miplib/easy/csched008.mps with config: /scratch/yorig/mpils-results-grid-seconds-10-4may/easy/8proc/seed-1/1_csched008_seed-1_20260504_224441/iterated_local_search/run_5_worker_7/ils_config_9691861511021720260.prm
[INFO]:[22:58:45] CPLEX results. Gap: 7.570000, upper bound: 185.000000, lower bound: 171.000000
[INFO]:[22:58:45] CPLEX solver finished. Gap: 7.570000
[INFO]:[22:58:45] New incumbent found with objective value: 7.57
[INFO]:[22:58:45] Starting CPLEX solver on instance: /home/yorig/tuner/mpils-tests/instances/miplib/easy/csched008.mps with config: /scratch/yorig/mpils-results-grid-seconds-10-4may/easy/8proc/seed-1/1_csched008_seed-1_20260504_224441/iterated_local_search/run_5_worker_7/ils_config_16354986580155229366.prm
[INFO]:[22:58:45] Starting CPLEX solver on instance: /home/yorig/tuner/mpils-tests/instances/miplib/easy/csched008.mps with config: /scratch/yorig/mpils-results-grid-seconds-10-4may/easy/8proc/seed-1/1_csched008_seed-1_20260504_224441/iterated_local_search/run_5_worker_7/ils_config_16354986580155229366.prm
[INFO]:[22:58:55] CPLEX results. Gap: 7.570000, upper bound: 185.000000, lower bound: 171.000000
[INFO]:[22:58:55] CPLEX solver finished. Gap: 7.570000
[INFO]:[22:58:55] Starting CPLEX solver on instance: /home/yorig/tuner/mpils-tests/instances/miplib/easy/csched008.mps with config: /scratch/yorig/mpils-results-grid-seconds-10-4may/easy/8proc/seed-1/1_csched008_seed-1_20260504_224441/iterated_local_search/run_5_worker_7/ils_config_4857825841033120909.prm
[INFO]:[22:58:55] Starting CPLEX solver on instance: /home/yorig/tuner/mpils-tests/instances/miplib/easy/csched008.mps with config: /scratch/yorig/mpils-results-grid-seconds-10-4may/easy/8proc/seed-1/1_csched008_seed-1_20260504_224441/iterated_local_search/run_5_worker_7/ils_config_4857825841033120909.prm
[INFO]:[22:59:05] CPLEX results. Gap: 7.570000, upper bound: 185.000000, lower bound: 171.000000
[INFO]:[22:59:05] CPLEX solver finished. Gap: 7.570000
[INFO]:[22:59:05] Starting CPLEX solver on instance: /home/yorig/tuner/mpils-tests/instances/miplib/easy/csched008.mps with config: /scratch/yorig/mpils-results-grid-seconds-10-4may/easy/8proc/seed-1/1_csched008_seed-1_20260504_224441/iterated_local_search/run_5_worker_7/ils_config_15461742852931091004.prm
[INFO]:[22:59:05] Starting CPLEX solver on instance: /home/yorig/tuner/mpils-tests/instances/miplib/easy/csched008.mps with config: /scratch/yorig/mpils-results-grid-seconds-10-4may/easy/8proc/seed-1/1_csched008_seed-1_20260504_224441/iterated_local_search/run_5_worker_7/ils_config_15461742852931091004.prm
[INFO]:[22:59:15] CPLEX results. Gap: 7.570000, upper bound: 185.000000, lower bound: 171.000000
[INFO]:[22:59:15] CPLEX solver finished. Gap: 7.570000
[INFO]:[22:59:15] Starting CPLEX solver on instance: /home/yorig/tuner/mpils-tests/instances/miplib/easy/csched008.mps with config: /scratch/yorig/mpils-results-grid-seconds-10-4may/easy/8proc/seed-1/1_csched008_seed-1_20260504_224441/iterated_local_search/run_5_worker_7/ils_config_1409136120580241074.prm
[INFO]:[22:59:15] Starting CPLEX solver on instance: /home/yorig/tuner/mpils-tests/instances/miplib/easy/csched008.mps with config: /scratch/yorig/mpils-results-grid-seconds-10-4may/easy/8proc/seed-1/1_csched008_seed-1_20260504_224441/iterated_local_search/run_5_worker_7/ils_config_1409136120580241074.prm
[INFO]:[22:59:25] CPLEX results. Gap: 7.570000, upper bound: 185.000000, lower bound: 171.000000
[INFO]:[22:59:25] CPLEX solver finished. Gap: 7.570000
[INFO]:[22:59:25] Starting CPLEX solver on instance: /home/yorig/tuner/mpils-tests/instances/miplib/easy/csched008.mps with config: /scratch/yorig/mpils-results-grid-seconds-10-4may/easy/8proc/seed-1/1_csched008_seed-1_20260504_224441/iterated_local_search/run_5_worker_7/ils_config_11254328392487795545.prm
[INFO]:[22:59:25] Starting CPLEX solver on instance: /home/yorig/tuner/mpils-tests/instances/miplib/easy/csched008.mps with config: /scratch/yorig/mpils-results-grid-seconds-10-4may/easy/8proc/seed-1/1_csched008_seed-1_20260504_224441/iterated_local_search/run_5_worker_7/ils_config_11254328392487795545.prm
[WARN]:[22:59:35] CPLEX finished without a primal feasible solution for config /scratch/yorig/mpils-results-grid-seconds-10-4may/easy/8proc/seed-1/1_csched008_seed-1_20260504_224441/iterated_local_search/run_5_worker_7/ils_config_11254328392487795545.prm.
[INFO]:[22:59:35] CPLEX results. Gap: unavailable, upper bound: null, lower bound: 171.000000
[INFO]:[22:59:35] CPLEX solver finished. Gap: 179769313486231570814527423731704356798070567525844996598917476803157260780028538760589558632766878171540458953514382464234321326889464182768467546703537516986049910576551282076245490090389328944075868508455133942304583236903222948165808559332123348274797826204144723168738177180919299881250404026184124858368.000000
[INFO]:[22:59:35] Starting CPLEX solver on instance: /home/yorig/tuner/mpils-tests/instances/miplib/easy/csched008.mps with config: /scratch/yorig/mpils-results-grid-seconds-10-4may/easy/8proc/seed-1/1_csched008_seed-1_20260504_224441/iterated_local_search/run_5_worker_7/ils_config_11758386336913709689.prm
[INFO]:[22:59:35] Starting CPLEX solver on instance: /home/yorig/tuner/mpils-tests/instances/miplib/easy/csched008.mps with config: /scratch/yorig/mpils-results-grid-seconds-10-4may/easy/8proc/seed-1/1_csched008_seed-1_20260504_224441/iterated_local_search/run_5_worker_7/ils_config_11758386336913709689.prm
[INFO]:[22:59:45] CPLEX results. Gap: 7.570000, upper bound: 185.000000, lower bound: 171.000000
[INFO]:[22:59:45] CPLEX solver finished. Gap: 7.570000
[INFO]:[22:59:45] Starting CPLEX solver on instance: /home/yorig/tuner/mpils-tests/instances/miplib/easy/csched008.mps with config: /scratch/yorig/mpils-results-grid-seconds-10-4may/easy/8proc/seed-1/1_csched008_seed-1_20260504_224441/iterated_local_search/run_5_worker_7/ils_config_4568402089066321899.prm
[INFO]:[22:59:45] Starting CPLEX solver on instance: /home/yorig/tuner/mpils-tests/instances/miplib/easy/csched008.mps with config: /scratch/yorig/mpils-results-grid-seconds-10-4may/easy/8proc/seed-1/1_csched008_seed-1_20260504_224441/iterated_local_search/run_5_worker_7/ils_config_4568402089066321899.prm
[INFO]:[22:59:55] CPLEX results. Gap: 7.570000, upper bound: 185.000000, lower bound: 171.000000
[INFO]:[22:59:55] CPLEX solver finished. Gap: 7.570000
[INFO]:[22:59:55] Starting CPLEX solver on instance: /home/yorig/tuner/mpils-tests/instances/miplib/easy/csched008.mps with config: /scratch/yorig/mpils-results-grid-seconds-10-4may/easy/8proc/seed-1/1_csched008_seed-1_20260504_224441/iterated_local_search/run_5_worker_7/ils_config_9227000622736124556.prm
[INFO]:[22:59:55] Starting CPLEX solver on instance: /home/yorig/tuner/mpils-tests/instances/miplib/easy/csched008.mps with config: /scratch/yorig/mpils-results-grid-seconds-10-4may/easy/8proc/seed-1/1_csched008_seed-1_20260504_224441/iterated_local_search/run_5_worker_7/ils_config_9227000622736124556.prm
[INFO]:[23:00:05] CPLEX results. Gap: 7.570000, upper bound: 185.000000, lower bound: 171.000000
[INFO]:[23:00:05] CPLEX solver finished. Gap: 7.570000
[INFO]:[23:00:05] Starting CPLEX solver on instance: /home/yorig/tuner/mpils-tests/instances/miplib/easy/csched008.mps with config: /scratch/yorig/mpils-results-grid-seconds-10-4may/easy/8proc/seed-1/1_csched008_seed-1_20260504_224441/iterated_local_search/run_5_worker_7/ils_config_17696876421669508542.prm
[INFO]:[23:00:05] Starting CPLEX solver on instance: /home/yorig/tuner/mpils-tests/instances/miplib/easy/csched008.mps with config: /scratch/yorig/mpils-results-grid-seconds-10-4may/easy/8proc/seed-1/1_csched008_seed-1_20260504_224441/iterated_local_search/run_5_worker_7/ils_config_17696876421669508542.prm
[WARN]:[23:00:15] CPLEX finished without a primal feasible solution for config /scratch/yorig/mpils-results-grid-seconds-10-4may/easy/8proc/seed-1/1_csched008_seed-1_20260504_224441/iterated_local_search/run_5_worker_7/ils_config_17696876421669508542.prm.
[INFO]:[23:00:15] CPLEX results. Gap: unavailable, upper bound: null, lower bound: 171.000000
[INFO]:[23:00:15] CPLEX solver finished. Gap: 179769313486231570814527423731704356798070567525844996598917476803157260780028538760589558632766878171540458953514382464234321326889464182768467546703537516986049910576551282076245490090389328944075868508455133942304583236903222948165808559332123348274797826204144723168738177180919299881250404026184124858368.000000
[INFO]:[23:00:15] Starting CPLEX solver on instance: /home/yorig/tuner/mpils-tests/instances/miplib/easy/csched008.mps with config: /scratch/yorig/mpils-results-grid-seconds-10-4may/easy/8proc/seed-1/1_csched008_seed-1_20260504_224441/iterated_local_search/run_5_worker_7/ils_config_8953114147554165527.prm
[INFO]:[23:00:15] Starting CPLEX solver on instance: /home/yorig/tuner/mpils-tests/instances/miplib/easy/csched008.mps with config: /scratch/yorig/mpils-results-grid-seconds-10-4may/easy/8proc/seed-1/1_csched008_seed-1_20260504_224441/iterated_local_search/run_5_worker_7/ils_config_8953114147554165527.prm
[INFO]:[23:00:25] CPLEX results. Gap: 7.570000, upper bound: 185.000000, lower bound: 171.000000
[INFO]:[23:00:25] CPLEX solver finished. Gap: 7.570000
[INFO]:[23:00:25] Starting CPLEX solver on instance: /home/yorig/tuner/mpils-tests/instances/miplib/easy/csched008.mps with config: /scratch/yorig/mpils-results-grid-seconds-10-4may/easy/8proc/seed-1/1_csched008_seed-1_20260504_224441/iterated_local_search/run_5_worker_7/ils_config_11223480746607659600.prm
[INFO]:[23:00:25] Starting CPLEX solver on instance: /home/yorig/tuner/mpils-tests/instances/miplib/easy/csched008.mps with config: /scratch/yorig/mpils-results-grid-seconds-10-4may/easy/8proc/seed-1/1_csched008_seed-1_20260504_224441/iterated_local_search/run_5_worker_7/ils_config_11223480746607659600.prm
[INFO]:[23:00:35] CPLEX results. Gap: 7.570000, upper bound: 185.000000, lower bound: 171.000000
[INFO]:[23:00:35] CPLEX solver finished. Gap: 7.570000
[INFO]:[23:00:35] Starting CPLEX solver on instance: /home/yorig/tuner/mpils-tests/instances/miplib/easy/csched008.mps with config: /scratch/yorig/mpils-results-grid-seconds-10-4may/easy/8proc/seed-1/1_csched008_seed-1_20260504_224441/iterated_local_search/run_5_worker_7/ils_config_17835910763784000144.prm
[INFO]:[23:00:35] Starting CPLEX solver on instance: /home/yorig/tuner/mpils-tests/instances/miplib/easy/csched008.mps with config: /scratch/yorig/mpils-results-grid-seconds-10-4may/easy/8proc/seed-1/1_csched008_seed-1_20260504_224441/iterated_local_search/run_5_worker_7/ils_config_17835910763784000144.prm
[INFO]:[23:00:45] CPLEX results. Gap: 7.570000, upper bound: 185.000000, lower bound: 171.000000
[INFO]:[23:00:45] CPLEX solver finished. Gap: 7.570000
[INFO]:[23:00:45] Starting CPLEX solver on instance: /home/yorig/tuner/mpils-tests/instances/miplib/easy/csched008.mps with config: /scratch/yorig/mpils-results-grid-seconds-10-4may/easy/8proc/seed-1/1_csched008_seed-1_20260504_224441/iterated_local_search/run_5_worker_7/ils_config_11700201764133843764.prm
[INFO]:[23:00:45] Starting CPLEX solver on instance: /home/yorig/tuner/mpils-tests/instances/miplib/easy/csched008.mps with config: /scratch/yorig/mpils-results-grid-seconds-10-4may/easy/8proc/seed-1/1_csched008_seed-1_20260504_224441/iterated_local_search/run_5_worker_7/ils_config_11700201764133843764.prm
[WARN]:[23:00:55] CPLEX finished without a primal feasible solution for config /scratch/yorig/mpils-results-grid-seconds-10-4may/easy/8proc/seed-1/1_csched008_seed-1_20260504_224441/iterated_local_search/run_5_worker_7/ils_config_11700201764133843764.prm.
[INFO]:[23:00:55] CPLEX results. Gap: unavailable, upper bound: null, lower bound: 171.000000
[INFO]:[23:00:55] CPLEX solver finished. Gap: 179769313486231570814527423731704356798070567525844996598917476803157260780028538760589558632766878171540458953514382464234321326889464182768467546703537516986049910576551282076245490090389328944075868508455133942304583236903222948165808559332123348274797826204144723168738177180919299881250404026184124858368.000000
[INFO]:[23:00:55] Starting CPLEX solver on instance: /home/yorig/tuner/mpils-tests/instances/miplib/easy/csched008.mps with config: /scratch/yorig/mpils-results-grid-seconds-10-4may/easy/8proc/seed-1/1_csched008_seed-1_20260504_224441/iterated_local_search/run_5_worker_7/ils_config_16059775465039976737.prm
[INFO]:[23:00:55] Starting CPLEX solver on instance: /home/yorig/tuner/mpils-tests/instances/miplib/easy/csched008.mps with config: /scratch/yorig/mpils-results-grid-seconds-10-4may/easy/8proc/seed-1/1_csched008_seed-1_20260504_224441/iterated_local_search/run_5_worker_7/ils_config_16059775465039976737.prm
[WARN]:[23:01:05] CPLEX finished without a primal feasible solution for config /scratch/yorig/mpils-results-grid-seconds-10-4may/easy/8proc/seed-1/1_csched008_seed-1_20260504_224441/iterated_local_search/run_5_worker_7/ils_config_16059775465039976737.prm.
[INFO]:[23:01:05] CPLEX results. Gap: unavailable, upper bound: null, lower bound: 171.000000
[INFO]:[23:01:05] CPLEX solver finished. Gap: 179769313486231570814527423731704356798070567525844996598917476803157260780028538760589558632766878171540458953514382464234321326889464182768467546703537516986049910576551282076245490090389328944075868508455133942304583236903222948165808559332123348274797826204144723168738177180919299881250404026184124858368.000000
[INFO]:[23:01:05] Starting CPLEX solver on instance: /home/yorig/tuner/mpils-tests/instances/miplib/easy/csched008.mps with config: /scratch/yorig/mpils-results-grid-seconds-10-4may/easy/8proc/seed-1/1_csched008_seed-1_20260504_224441/iterated_local_search/run_5_worker_7/ils_config_16353426672357620704.prm
[INFO]:[23:01:05] Starting CPLEX solver on instance: /home/yorig/tuner/mpils-tests/instances/miplib/easy/csched008.mps with config: /scratch/yorig/mpils-results-grid-seconds-10-4may/easy/8proc/seed-1/1_csched008_seed-1_20260504_224441/iterated_local_search/run_5_worker_7/ils_config_16353426672357620704.prm
[INFO]:[23:01:15] CPLEX results. Gap: 7.570000, upper bound: 185.000000, lower bound: 171.000000
[INFO]:[23:01:15] CPLEX solver finished. Gap: 7.570000
[INFO]:[23:01:15] Starting CPLEX solver on instance: /home/yorig/tuner/mpils-tests/instances/miplib/easy/csched008.mps with config: /scratch/yorig/mpils-results-grid-seconds-10-4may/easy/8proc/seed-1/1_csched008_seed-1_20260504_224441/iterated_local_search/run_5_worker_7/ils_config_16287624246277958679.prm
[INFO]:[23:01:15] Starting CPLEX solver on instance: /home/yorig/tuner/mpils-tests/instances/miplib/easy/csched008.mps with config: /scratch/yorig/mpils-results-grid-seconds-10-4may/easy/8proc/seed-1/1_csched008_seed-1_20260504_224441/iterated_local_search/run_5_worker_7/ils_config_16287624246277958679.prm
[WARN]:[23:01:25] CPLEX finished without a primal feasible solution for config /scratch/yorig/mpils-results-grid-seconds-10-4may/easy/8proc/seed-1/1_csched008_seed-1_20260504_224441/iterated_local_search/run_5_worker_7/ils_config_16287624246277958679.prm.
[INFO]:[23:01:25] CPLEX results. Gap: unavailable, upper bound: null, lower bound: 171.000000
[INFO]:[23:01:25] CPLEX solver finished. Gap: 179769313486231570814527423731704356798070567525844996598917476803157260780028538760589558632766878171540458953514382464234321326889464182768467546703537516986049910576551282076245490090389328944075868508455133942304583236903222948165808559332123348274797826204144723168738177180919299881250404026184124858368.000000
[INFO]:[23:01:25] Starting CPLEX solver on instance: /home/yorig/tuner/mpils-tests/instances/miplib/easy/csched008.mps with config: /scratch/yorig/mpils-results-grid-seconds-10-4may/easy/8proc/seed-1/1_csched008_seed-1_20260504_224441/iterated_local_search/run_5_worker_7/ils_config_3060333816087238256.prm
[INFO]:[23:01:25] Starting CPLEX solver on instance: /home/yorig/tuner/mpils-tests/instances/miplib/easy/csched008.mps with config: /scratch/yorig/mpils-results-grid-seconds-10-4may/easy/8proc/seed-1/1_csched008_seed-1_20260504_224441/iterated_local_search/run_5_worker_7/ils_config_3060333816087238256.prm
[INFO]:[23:01:35] CPLEX results. Gap: 7.570000, upper bound: 185.000000, lower bound: 171.000000
[INFO]:[23:01:35] CPLEX solver finished. Gap: 7.570000
[INFO]:[23:01:35] Starting CPLEX solver on instance: /home/yorig/tuner/mpils-tests/instances/miplib/easy/csched008.mps with config: /scratch/yorig/mpils-results-grid-seconds-10-4may/easy/8proc/seed-1/1_csched008_seed-1_20260504_224441/iterated_local_search/run_5_worker_7/ils_config_6408945712567204758.prm
[INFO]:[23:01:35] Starting CPLEX solver on instance: /home/yorig/tuner/mpils-tests/instances/miplib/easy/csched008.mps with config: /scratch/yorig/mpils-results-grid-seconds-10-4may/easy/8proc/seed-1/1_csched008_seed-1_20260504_224441/iterated_local_search/run_5_worker_7/ils_config_6408945712567204758.prm
[WARN]:[23:01:45] CPLEX finished without a primal feasible solution for config /scratch/yorig/mpils-results-grid-seconds-10-4may/easy/8proc/seed-1/1_csched008_seed-1_20260504_224441/iterated_local_search/run_5_worker_7/ils_config_6408945712567204758.prm.
[INFO]:[23:01:45] CPLEX results. Gap: unavailable, upper bound: null, lower bound: 171.000000
[INFO]:[23:01:45] CPLEX solver finished. Gap: 179769313486231570814527423731704356798070567525844996598917476803157260780028538760589558632766878171540458953514382464234321326889464182768467546703537516986049910576551282076245490090389328944075868508455133942304583236903222948165808559332123348274797826204144723168738177180919299881250404026184124858368.000000
[INFO]:[23:01:45] Starting CPLEX solver on instance: /home/yorig/tuner/mpils-tests/instances/miplib/easy/csched008.mps with config: /scratch/yorig/mpils-results-grid-seconds-10-4may/easy/8proc/seed-1/1_csched008_seed-1_20260504_224441/iterated_local_search/run_5_worker_7/ils_config_12216138171801911432.prm
[INFO]:[23:01:45] Starting CPLEX solver on instance: /home/yorig/tuner/mpils-tests/instances/miplib/easy/csched008.mps with config: /scratch/yorig/mpils-results-grid-seconds-10-4may/easy/8proc/seed-1/1_csched008_seed-1_20260504_224441/iterated_local_search/run_5_worker_7/ils_config_12216138171801911432.prm
[INFO]:[23:01:55] CPLEX results. Gap: 2.840000, upper bound: 176.000000, lower bound: 171.000000
[INFO]:[23:01:55] CPLEX solver finished. Gap: 2.840000
[INFO]:[23:01:55] New incumbent found with objective value: 2.84
[INFO]:[23:01:55] Starting CPLEX solver on instance: /home/yorig/tuner/mpils-tests/instances/miplib/easy/csched008.mps with config: /scratch/yorig/mpils-results-grid-seconds-10-4may/easy/8proc/seed-1/1_csched008_seed-1_20260504_224441/iterated_local_search/run_5_worker_7/ils_config_9701911160031810109.prm
[INFO]:[23:01:55] Starting CPLEX solver on instance: /home/yorig/tuner/mpils-tests/instances/miplib/easy/csched008.mps with config: /scratch/yorig/mpils-results-grid-seconds-10-4may/easy/8proc/seed-1/1_csched008_seed-1_20260504_224441/iterated_local_search/run_5_worker_7/ils_config_9701911160031810109.prm
[INFO]:[23:02:05] CPLEX results. Gap: 2.840000, upper bound: 176.000000, lower bound: 171.000000
[INFO]:[23:02:05] CPLEX solver finished. Gap: 2.840000
[INFO]:[23:02:05] Starting CPLEX solver on instance: /home/yorig/tuner/mpils-tests/instances/miplib/easy/csched008.mps with config: /scratch/yorig/mpils-results-grid-seconds-10-4may/easy/8proc/seed-1/1_csched008_seed-1_20260504_224441/iterated_local_search/run_5_worker_7/ils_config_5321945726235504714.prm
[INFO]:[23:02:05] Starting CPLEX solver on instance: /home/yorig/tuner/mpils-tests/instances/miplib/easy/csched008.mps with config: /scratch/yorig/mpils-results-grid-seconds-10-4may/easy/8proc/seed-1/1_csched008_seed-1_20260504_224441/iterated_local_search/run_5_worker_7/ils_config_5321945726235504714.prm
[INFO]:[23:02:15] CPLEX results. Gap: 2.840000, upper bound: 176.000000, lower bound: 171.000000
[INFO]:[23:02:15] CPLEX solver finished. Gap: 2.840000
[INFO]:[23:02:15] Starting CPLEX solver on instance: /home/yorig/tuner/mpils-tests/instances/miplib/easy/csched008.mps with config: /scratch/yorig/mpils-results-grid-seconds-10-4may/easy/8proc/seed-1/1_csched008_seed-1_20260504_224441/iterated_local_search/run_5_worker_7/ils_config_17928368296731557189.prm
[INFO]:[23:02:15] Starting CPLEX solver on instance: /home/yorig/tuner/mpils-tests/instances/miplib/easy/csched008.mps with config: /scratch/yorig/mpils-results-grid-seconds-10-4may/easy/8proc/seed-1/1_csched008_seed-1_20260504_224441/iterated_local_search/run_5_worker_7/ils_config_17928368296731557189.prm
[INFO]:[23:02:25] CPLEX results. Gap: 3.390000, upper bound: 177.000000, lower bound: 171.000000
[INFO]:[23:02:25] CPLEX solver finished. Gap: 3.390000
[INFO]:[23:02:25] Starting CPLEX solver on instance: /home/yorig/tuner/mpils-tests/instances/miplib/easy/csched008.mps with config: /scratch/yorig/mpils-results-grid-seconds-10-4may/easy/8proc/seed-1/1_csched008_seed-1_20260504_224441/iterated_local_search/run_5_worker_7/ils_config_13086975235308190527.prm
[INFO]:[23:02:25] Starting CPLEX solver on instance: /home/yorig/tuner/mpils-tests/instances/miplib/easy/csched008.mps with config: /scratch/yorig/mpils-results-grid-seconds-10-4may/easy/8proc/seed-1/1_csched008_seed-1_20260504_224441/iterated_local_search/run_5_worker_7/ils_config_13086975235308190527.prm
[INFO]:[23:02:35] CPLEX results. Gap: 3.390000, upper bound: 177.000000, lower bound: 171.000000
[INFO]:[23:02:35] CPLEX solver finished. Gap: 3.390000
[INFO]:[23:02:35] Local search phase completed.
[INFO]:[23:02:35] Total number of new local-search evaluations: 30
[INFO]:[23:02:35] Final incumbent objective value: 2.84
[INFO]:[23:02:36] Worker 7 completed exploration phase.
[INFO]:[23:02:36] Worker 7 received order for step 2.
[INFO]:[23:02:36] Worker 7 running expansion phase for iteration 5.
[INFO]:[23:02:36] Worker 7 will use solver log file: /scratch/yorig/mpils-results-grid-seconds-10-4may/easy/8proc/seed-1/1_csched008_seed-1_20260504_224441/solver/cplex.log_iteration_expansion_5_worker_7
[INFO]:[23:02:36] Expansion Worker 7 starting expansion for iteration 5.
[INFO]:[23:02:36] Starting CPLEX solver on instance: /home/yorig/tuner/mpils-tests/instances/miplib/easy/csched008.mps with config: /scratch/yorig/mpils-results-grid-seconds-10-4may/easy/8proc/seed-1/1_csched008_seed-1_20260504_224441/expansion/config_param_CPXPARAM_LPMethod_4_iter_5.prm
[INFO]:[23:02:46] CPLEX results. Gap: 0.580000, upper bound: 173.000000, lower bound: 172.000000
[INFO]:[23:02:46] CPLEX solver finished. Gap: 0.580000
[INFO]:[23:02:46] Starting CPLEX solver on instance: /home/yorig/tuner/mpils-tests/instances/miplib/easy/csched008.mps with config: /scratch/yorig/mpils-results-grid-seconds-10-4may/easy/8proc/seed-1/1_csched008_seed-1_20260504_224441/expansion/config_param_CPXPARAM_Sifting_Algorithm_4_iter_5.prm
[INFO]:[23:02:56] CPLEX results. Gap: 0.580000, upper bound: 173.000000, lower bound: 172.000000
[INFO]:[23:02:56] CPLEX solver finished. Gap: 0.580000
[INFO]:[23:02:56] Starting CPLEX solver on instance: /home/yorig/tuner/mpils-tests/instances/miplib/easy/csched008.mps with config: /scratch/yorig/mpils-results-grid-seconds-10-4may/easy/8proc/seed-1/1_csched008_seed-1_20260504_224441/expansion/config_param_CPXPARAM_Barrier_Algorithm_3_iter_5.prm
[INFO]:[23:03:06] CPLEX results. Gap: 0.580000, upper bound: 173.000000, lower bound: 172.000000
[INFO]:[23:03:06] CPLEX solver finished. Gap: 0.580000
[INFO]:[23:03:16] Expansion Worker 7 completed expansion.
[INFO]:[23:03:16] Worker 7 completed expansion phase.
[INFO]:[23:03:17] Worker 7 received order for step 1.
[INFO]:[23:03:17] Worker 7 running exploration phase for iteration 6.
[INFO]:[23:03:17] Worker 7 at iteration 6 will not use a MIP start file. Current best MIP-start upper bound threshold is 1.79769e+308.
[INFO]:[23:03:17] Starting local search phase...
[INFO]:[23:03:17] Creating local search space from parameter space file: /scratch/yorig/mpils-results-grid-seconds-10-4may/easy/8proc/seed-1/1_csched008_seed-1_20260504_224441/iterated_local_search/search_space/search_space_file_6_worker_7.txt
[INFO]:[23:03:17] Local search space loaded from file: /scratch/yorig/mpils-results-grid-seconds-10-4may/easy/8proc/seed-1/1_csched008_seed-1_20260504_224441/iterated_local_search/search_space/search_space_file_6_worker_7.txt
[INFO]:[23:03:17] Number of parameters in local search space: 71
[INFO]:[23:03:17] Number of forbidden tuples in local search space: 89
[INFO]:[23:03:17] Number of conditionals in local search space: 6
[INFO]:[23:03:17] MIP start option not enabled. Local search will proceed without MIP start.
[INFO]:[23:03:17] Evaluating initial configuration for local search phase...
[INFO]:[23:03:17] Starting CPLEX solver on instance: /home/yorig/tuner/mpils-tests/instances/miplib/easy/csched008.mps with config: /scratch/yorig/mpils-results-grid-seconds-10-4may/easy/8proc/seed-1/1_csched008_seed-1_20260504_224441/iterated_local_search/run_6_worker_7/ils_config_2322040005964913173.prm
[INFO]:[23:03:17] Starting CPLEX solver on instance: /home/yorig/tuner/mpils-tests/instances/miplib/easy/csched008.mps with config: /scratch/yorig/mpils-results-grid-seconds-10-4may/easy/8proc/seed-1/1_csched008_seed-1_20260504_224441/iterated_local_search/run_6_worker_7/ils_config_2322040005964913173.prm
[WARN]:[23:03:27] CPLEX finished without a primal feasible solution for config /scratch/yorig/mpils-results-grid-seconds-10-4may/easy/8proc/seed-1/1_csched008_seed-1_20260504_224441/iterated_local_search/run_6_worker_7/ils_config_2322040005964913173.prm.
[INFO]:[23:03:27] CPLEX results. Gap: unavailable, upper bound: null, lower bound: 171.000000
[INFO]:[23:03:27] CPLEX solver finished. Gap: 179769313486231570814527423731704356798070567525844996598917476803157260780028538760589558632766878171540458953514382464234321326889464182768467546703537516986049910576551282076245490090389328944075868508455133942304583236903222948165808559332123348274797826204144723168738177180919299881250404026184124858368.000000
[INFO]:[23:03:27] Initial configuration evaluated with objective value: 1.79769e+308
[INFO]:[23:03:27] Starting CPLEX solver on instance: /home/yorig/tuner/mpils-tests/instances/miplib/easy/csched008.mps with config: /scratch/yorig/mpils-results-grid-seconds-10-4may/easy/8proc/seed-1/1_csched008_seed-1_20260504_224441/iterated_local_search/run_6_worker_7/ils_config_1033962991190028651.prm
[INFO]:[23:03:27] Starting CPLEX solver on instance: /home/yorig/tuner/mpils-tests/instances/miplib/easy/csched008.mps with config: /scratch/yorig/mpils-results-grid-seconds-10-4may/easy/8proc/seed-1/1_csched008_seed-1_20260504_224441/iterated_local_search/run_6_worker_7/ils_config_1033962991190028651.prm
[WARN]:[23:03:37] CPLEX finished without a primal feasible solution for config /scratch/yorig/mpils-results-grid-seconds-10-4may/easy/8proc/seed-1/1_csched008_seed-1_20260504_224441/iterated_local_search/run_6_worker_7/ils_config_1033962991190028651.prm.
[INFO]:[23:03:37] CPLEX results. Gap: unavailable, upper bound: null, lower bound: 171.000000
[INFO]:[23:03:37] CPLEX solver finished. Gap: 179769313486231570814527423731704356798070567525844996598917476803157260780028538760589558632766878171540458953514382464234321326889464182768467546703537516986049910576551282076245490090389328944075868508455133942304583236903222948165808559332123348274797826204144723168738177180919299881250404026184124858368.000000
[INFO]:[23:03:37] Starting CPLEX solver on instance: /home/yorig/tuner/mpils-tests/instances/miplib/easy/csched008.mps with config: /scratch/yorig/mpils-results-grid-seconds-10-4may/easy/8proc/seed-1/1_csched008_seed-1_20260504_224441/iterated_local_search/run_6_worker_7/ils_config_700959553403031479.prm
[INFO]:[23:03:37] Starting CPLEX solver on instance: /home/yorig/tuner/mpils-tests/instances/miplib/easy/csched008.mps with config: /scratch/yorig/mpils-results-grid-seconds-10-4may/easy/8proc/seed-1/1_csched008_seed-1_20260504_224441/iterated_local_search/run_6_worker_7/ils_config_700959553403031479.prm
[WARN]:[23:03:47] CPLEX finished without a primal feasible solution for config /scratch/yorig/mpils-results-grid-seconds-10-4may/easy/8proc/seed-1/1_csched008_seed-1_20260504_224441/iterated_local_search/run_6_worker_7/ils_config_700959553403031479.prm.
[INFO]:[23:03:47] CPLEX results. Gap: unavailable, upper bound: null, lower bound: 171.000000
[INFO]:[23:03:47] CPLEX solver finished. Gap: 179769313486231570814527423731704356798070567525844996598917476803157260780028538760589558632766878171540458953514382464234321326889464182768467546703537516986049910576551282076245490090389328944075868508455133942304583236903222948165808559332123348274797826204144723168738177180919299881250404026184124858368.000000
[INFO]:[23:03:47] Starting CPLEX solver on instance: /home/yorig/tuner/mpils-tests/instances/miplib/easy/csched008.mps with config: /scratch/yorig/mpils-results-grid-seconds-10-4may/easy/8proc/seed-1/1_csched008_seed-1_20260504_224441/iterated_local_search/run_6_worker_7/ils_config_1695196899821063491.prm
[INFO]:[23:03:47] Starting CPLEX solver on instance: /home/yorig/tuner/mpils-tests/instances/miplib/easy/csched008.mps with config: /scratch/yorig/mpils-results-grid-seconds-10-4may/easy/8proc/seed-1/1_csched008_seed-1_20260504_224441/iterated_local_search/run_6_worker_7/ils_config_1695196899821063491.prm
[WARN]:[23:03:57] CPLEX finished without a primal feasible solution for config /scratch/yorig/mpils-results-grid-seconds-10-4may/easy/8proc/seed-1/1_csched008_seed-1_20260504_224441/iterated_local_search/run_6_worker_7/ils_config_1695196899821063491.prm.
[INFO]:[23:03:57] CPLEX results. Gap: unavailable, upper bound: null, lower bound: 171.000000
[INFO]:[23:03:57] CPLEX solver finished. Gap: 179769313486231570814527423731704356798070567525844996598917476803157260780028538760589558632766878171540458953514382464234321326889464182768467546703537516986049910576551282076245490090389328944075868508455133942304583236903222948165808559332123348274797826204144723168738177180919299881250404026184124858368.000000
[INFO]:[23:03:57] Starting CPLEX solver on instance: /home/yorig/tuner/mpils-tests/instances/miplib/easy/csched008.mps with config: /scratch/yorig/mpils-results-grid-seconds-10-4may/easy/8proc/seed-1/1_csched008_seed-1_20260504_224441/iterated_local_search/run_6_worker_7/ils_config_10000308317463807201.prm
[INFO]:[23:03:57] Starting CPLEX solver on instance: /home/yorig/tuner/mpils-tests/instances/miplib/easy/csched008.mps with config: /scratch/yorig/mpils-results-grid-seconds-10-4may/easy/8proc/seed-1/1_csched008_seed-1_20260504_224441/iterated_local_search/run_6_worker_7/ils_config_10000308317463807201.prm
[WARN]:[23:04:07] CPLEX finished without a primal feasible solution for config /scratch/yorig/mpils-results-grid-seconds-10-4may/easy/8proc/seed-1/1_csched008_seed-1_20260504_224441/iterated_local_search/run_6_worker_7/ils_config_10000308317463807201.prm.
[INFO]:[23:04:07] CPLEX results. Gap: unavailable, upper bound: null, lower bound: 171.000000
[INFO]:[23:04:07] CPLEX solver finished. Gap: 179769313486231570814527423731704356798070567525844996598917476803157260780028538760589558632766878171540458953514382464234321326889464182768467546703537516986049910576551282076245490090389328944075868508455133942304583236903222948165808559332123348274797826204144723168738177180919299881250404026184124858368.000000
[INFO]:[23:04:07] Starting CPLEX solver on instance: /home/yorig/tuner/mpils-tests/instances/miplib/easy/csched008.mps with config: /scratch/yorig/mpils-results-grid-seconds-10-4may/easy/8proc/seed-1/1_csched008_seed-1_20260504_224441/iterated_local_search/run_6_worker_7/ils_config_4311201791318765565.prm
[INFO]:[23:04:07] Starting CPLEX solver on instance: /home/yorig/tuner/mpils-tests/instances/miplib/easy/csched008.mps with config: /scratch/yorig/mpils-results-grid-seconds-10-4may/easy/8proc/seed-1/1_csched008_seed-1_20260504_224441/iterated_local_search/run_6_worker_7/ils_config_4311201791318765565.prm
[WARN]:[23:04:17] CPLEX finished without a primal feasible solution for config /scratch/yorig/mpils-results-grid-seconds-10-4may/easy/8proc/seed-1/1_csched008_seed-1_20260504_224441/iterated_local_search/run_6_worker_7/ils_config_4311201791318765565.prm.
[INFO]:[23:04:17] CPLEX results. Gap: unavailable, upper bound: null, lower bound: 171.000000
[INFO]:[23:04:17] CPLEX solver finished. Gap: 179769313486231570814527423731704356798070567525844996598917476803157260780028538760589558632766878171540458953514382464234321326889464182768467546703537516986049910576551282076245490090389328944075868508455133942304583236903222948165808559332123348274797826204144723168738177180919299881250404026184124858368.000000
[INFO]:[23:04:17] Starting CPLEX solver on instance: /home/yorig/tuner/mpils-tests/instances/miplib/easy/csched008.mps with config: /scratch/yorig/mpils-results-grid-seconds-10-4may/easy/8proc/seed-1/1_csched008_seed-1_20260504_224441/iterated_local_search/run_6_worker_7/ils_config_8359905845695544832.prm
[INFO]:[23:04:17] Starting CPLEX solver on instance: /home/yorig/tuner/mpils-tests/instances/miplib/easy/csched008.mps with config: /scratch/yorig/mpils-results-grid-seconds-10-4may/easy/8proc/seed-1/1_csched008_seed-1_20260504_224441/iterated_local_search/run_6_worker_7/ils_config_8359905845695544832.prm
[WARN]:[23:04:27] CPLEX finished without a primal feasible solution for config /scratch/yorig/mpils-results-grid-seconds-10-4may/easy/8proc/seed-1/1_csched008_seed-1_20260504_224441/iterated_local_search/run_6_worker_7/ils_config_8359905845695544832.prm.
[INFO]:[23:04:27] CPLEX results. Gap: unavailable, upper bound: null, lower bound: 171.000000
[INFO]:[23:04:27] CPLEX solver finished. Gap: 179769313486231570814527423731704356798070567525844996598917476803157260780028538760589558632766878171540458953514382464234321326889464182768467546703537516986049910576551282076245490090389328944075868508455133942304583236903222948165808559332123348274797826204144723168738177180919299881250404026184124858368.000000
[INFO]:[23:04:27] Starting CPLEX solver on instance: /home/yorig/tuner/mpils-tests/instances/miplib/easy/csched008.mps with config: /scratch/yorig/mpils-results-grid-seconds-10-4may/easy/8proc/seed-1/1_csched008_seed-1_20260504_224441/iterated_local_search/run_6_worker_7/ils_config_8680942483222880892.prm
[INFO]:[23:04:27] Starting CPLEX solver on instance: /home/yorig/tuner/mpils-tests/instances/miplib/easy/csched008.mps with config: /scratch/yorig/mpils-results-grid-seconds-10-4may/easy/8proc/seed-1/1_csched008_seed-1_20260504_224441/iterated_local_search/run_6_worker_7/ils_config_8680942483222880892.prm
[WARN]:[23:04:37] CPLEX finished without a primal feasible solution for config /scratch/yorig/mpils-results-grid-seconds-10-4may/easy/8proc/seed-1/1_csched008_seed-1_20260504_224441/iterated_local_search/run_6_worker_7/ils_config_8680942483222880892.prm.
[INFO]:[23:04:37] CPLEX results. Gap: unavailable, upper bound: null, lower bound: 171.000000
[INFO]:[23:04:37] CPLEX solver finished. Gap: 179769313486231570814527423731704356798070567525844996598917476803157260780028538760589558632766878171540458953514382464234321326889464182768467546703537516986049910576551282076245490090389328944075868508455133942304583236903222948165808559332123348274797826204144723168738177180919299881250404026184124858368.000000
[INFO]:[23:04:37] Starting CPLEX solver on instance: /home/yorig/tuner/mpils-tests/instances/miplib/easy/csched008.mps with config: /scratch/yorig/mpils-results-grid-seconds-10-4may/easy/8proc/seed-1/1_csched008_seed-1_20260504_224441/iterated_local_search/run_6_worker_7/ils_config_13543647413778930421.prm
[INFO]:[23:04:37] Starting CPLEX solver on instance: /home/yorig/tuner/mpils-tests/instances/miplib/easy/csched008.mps with config: /scratch/yorig/mpils-results-grid-seconds-10-4may/easy/8proc/seed-1/1_csched008_seed-1_20260504_224441/iterated_local_search/run_6_worker_7/ils_config_13543647413778930421.prm
[WARN]:[23:04:47] CPLEX finished without a primal feasible solution for config /scratch/yorig/mpils-results-grid-seconds-10-4may/easy/8proc/seed-1/1_csched008_seed-1_20260504_224441/iterated_local_search/run_6_worker_7/ils_config_13543647413778930421.prm.
[INFO]:[23:04:47] CPLEX results. Gap: unavailable, upper bound: null, lower bound: 171.000000
[INFO]:[23:04:47] CPLEX solver finished. Gap: 179769313486231570814527423731704356798070567525844996598917476803157260780028538760589558632766878171540458953514382464234321326889464182768467546703537516986049910576551282076245490090389328944075868508455133942304583236903222948165808559332123348274797826204144723168738177180919299881250404026184124858368.000000
[INFO]:[23:04:47] Local search phase completed.
[INFO]:[23:04:47] Total number of new local-search evaluations: 9
[INFO]:[23:04:47] Final incumbent objective value: 1.79769e+308
[INFO]:[23:04:47] Worker 7 completed exploration phase.
[INFO]:[23:04:47] Worker 7 received order for step 3.
[INFO]:[23:04:47] Worker 7 finished.
