EvalID,TimeEvaluated,SolverRuntimeSeconds,ObjectiveValue,Gap,UpperBound,LowerBound,ConfigID,MipStartID,WorkerID,Iteration,Phase
1,8,7.966054,0,0.000000,340.000000,340.000000,14921508010286178949,null,0,1,0
2,6,6.628210,0,0.000000,340.000000,340.000000,6439873165248256756,null,1,1,0
3,5,5.840010,0,0.000000,340.000000,340.000000,11502841505915629043,null,2,1,0
4,9,9.403500,0,0.000000,340.000000,340.000000,12710294232408245987,null,3,1,0
