EvalID,TimeEvaluated,SolverRuntimeSeconds,SolverTerminationStatus,ObjectiveValue,Gap,UpperBound,LowerBound,ConfigID,MipStartID,WorkerID,Iteration,Phase
1,5,5.139595,Normal,8.04,8.040000,364.000000,334.748820,14921508010286178949,null,0,1,0
2,10,5.107103,Normal,8.04,8.040000,364.000000,334.748820,2823934824078185206,null,0,1,0
3,15,5.336286,Normal,8.04,8.040000,364.000000,334.748820,3895283216737288575,null,0,1,0
4,20,5.077042,Normal,8.04,8.040000,364.000000,334.748820,9658482938002475941,null,0,1,0
5,25,5.088402,Normal,8.04,8.040000,364.000000,334.748820,5988662020493846908,null,0,1,0
6,5,5.141190,Normal,1.54,1.540000,340.000000,334.758000,8723278136865304665,null,1,1,0
7,10,5.109680,Normal,9.12,9.120000,366.000000,332.632000,4970148594231515670,null,1,1,0
8,15,5.337160,Normal,1.54,1.540000,340.000000,334.758000,2098913149819046562,null,1,1,0
9,19,4.017470,Normal,0,0.000000,340.000000,340.000000,16096926607947553079,null,1,1,0
