1,0,0,0,-1,0,1,3,0,0,0,0,-1,0,-1,-1,1,0,2,1,1,3,0,-1,800,0,9223372036800000000,1e+75,0,40,0,0,7,0,3,1,40,0,1,1,1,0,0,0,0,0,2,0,1,-1,-1,-1,-1,0,10,-1,1,1,3,-1,-1,-1,0,0,1,2,0,10,0,0,0,8.95
1,0,0,0,-1,0,1,3,0,0,0,0,-1,0,-1,-1,1,0,2,1,1,3,0,-1,800,0,9223372036800000000,1e+75,0,20,0,0,7,0,3,1,40,0,1,1,1,0,0,0,0,0,2,0,1,-1,-1,-1,-1,0,10,-1,1,1,3,-1,-1,-1,0,0,1,2,0,10,0,0,0,8.95
1,0,0,0,-1,0,1,3,0,0,0,0,-1,0,-1,-1,1,0,2,1,1,3,0,-1,800,0,9223372036800000000,1e+75,0,5,0,0,7,0,3,1,40,0,1,1,1,0,0,0,0,0,2,0,1,-1,-1,-1,-1,0,10,-1,1,1,3,-1,-1,-1,0,0,1,2,0,10,0,0,0,8.95
1,1,0,0,-1,0,1,3,0,0,0,0,-1,0,-1,-1,1,0,2,1,1,3,0,-1,800,0,9223372036800000000,1e+75,0,10,0,0,7,0,3,1,40,0,1,1,1,0,0,0,0,0,2,0,1,-1,-1,-1,-1,0,10,-1,1,1,3,-1,-1,-1,0,0,1,2,0,10,0,0,0,8.95
1,0,0,0,-1,0,1,3,0,0,0,0,-1,0,-1,-1,1,0,2,1,1,3,0,-1,800,0,9223372036800000000,1e+75,0,10,0,0,7,0,3,1,40,0,1,1,1,0,0,0,0,0,2,0,1,-1,-1,-1,-1,0,10,-1,1,1,3,-1,-1,-1,0,0,1,2,0,20,0,0,0,8.95
1,0,0,0,-1,0,1,3,0,0,0,0,-1,0,-1,-1,1,0,2,1,1,3,0,-1,800,0,9223372036800000000,1e+75,0,10,0,0,7,0,3,1,40,0,1,1,1,0,0,0,0,0,2,0,1,-1,-1,-1,-1,0,10,-1,1,1,3,-1,-1,-1,0,0,1,2,0,5,0,0,0,8.95
1,0,0,0,-1,0,1,3,0,0,0,0,-1,0,-1,-1,1,0,2,1,1,3,0,-1,800,0,9223372036800000000,1e+75,0,10,0,0,7,0,3,1,40,0,1,1,1,0,0,0,0,0,2,0,1,-1,-1,-1,-1,0,10,-1,1,1,3,-1,-1,-1,0,0,1,2,0,2,0,0,0,8.95
1,0,0,0,-1,0,1,3,0,0,0,0,-1,0,-1,-1,1,0,2,1,1,3,0,-1,800,0,9223372036800000000,1e+75,0,10,0,0,7,0,3,1,40,0,1,1,1,0,0,0,0,0,2,0,1,-1,-1,-1,-1,0,10,-1,1,1,3,-1,-1,-1,0,0,1,2,0,0,0,0,0,8.95
1,0,0,0,-1,0,1,3,0,0,0,0,-1,0,-1,-1,1,0,2,1,1,3,0,-1,800,0,9223372036800000000,1e+75,0,10,0,0,7,0,3,1,40,0,1,1,1,0,0,0,0,0,2,0,1,-1,-1,-1,-1,0,10,-1,1,1,3,-1,-1,-1,0,3,1,2,0,10,0,0,0,8.95
1,0,0,0,-1,0,1,3,0,0,0,0,-1,0,-1,-1,1,0,2,1,1,3,0,-1,800,0,9223372036800000000,1e+75,0,10,0,0,7,0,3,1,40,0,1,1,1,0,0,0,0,0,2,0,1,-1,-1,-1,-1,0,10,-1,1,1,3,-1,-1,-1,0,2,1,2,0,10,0,0,0,8.95
1,0,0,0,-1,0,1,3,0,0,0,0,-1,0,-1,-1,1,0,2,1,1,3,0,-1,800,0,9223372036800000000,1e+75,0,10,0,0,7,0,3,1,40,0,1,1,1,0,0,0,0,0,2,0,1,-1,-1,-1,-1,0,10,-1,1,1,3,-1,-1,-1,0,1,1,2,0,10,0,0,0,8.95
1,0,0,0,-1,0,1,3,0,0,0,0,-1,0,-1,-1,1,0,2,1,1,3,0,-1,800,0,9223372036800000000,1e+75,0,10,0,0,7,0,3,1,40,0,1,1,1,0,0,0,0,0,2,0,1,-1,-1,-1,-1,0,10,-1,1,1,3,-1,-1,-1,1,0,1,2,0,10,0,0,0,14.67
1,0,0,0,-1,0,1,3,0,0,0,1,-1,0,-1,-1,1,0,2,1,1,3,0,-1,800,0,9223372036800000000,1e+75,0,10,0,0,7,0,3,1,40,0,1,1,1,0,0,0,0,0,2,0,1,-1,-1,-1,-1,0,10,-1,1,1,3,-1,-1,-1,0,0,1,2,0,10,0,0,0,8.95
1,0,0,0,-1,0,1,3,0,0,0,0,-1,0,-1,-1,1,0,2,1,1,3,0,-1,800,0,9223372036800000000,1e+75,0,10,0,0,7,0,3,1,40,0,1,1,1,0,0,0,0,0,2,0,1,-1,-1,-1,-1,0,10,-1,1,1,3,-1,3,-1,0,0,1,2,0,10,0,0,0,11.32
1,0,0,0,-1,0,1,3,0,0,0,0,-1,0,-1,-1,1,0,2,1,1,3,0,-1,800,0,9223372036800000000,1e+75,0,10,0,0,7,0,3,1,40,0,1,1,1,0,0,0,0,0,2,0,1,-1,-1,-1,-1,0,10,-1,1,1,3,-1,2,-1,0,0,1,2,0,10,0,0,0,11.48
1,0,0,0,-1,0,1,3,0,0,0,0,-1,0,-1,-1,1,0,2,1,1,3,0,-1,800,0,9223372036800000000,1e+75,0,10,0,0,7,0,3,1,40,0,1,1,1,0,0,0,0,0,2,0,1,-1,-1,-1,-1,0,10,-1,1,1,3,-1,1,-1,0,0,1,2,0,10,0,0,0,10.38
1,0,0,0,-1,0,1,5,0,0,1,0,1,0,-1,2,2,1,0,1,2,3,0,2,25,0,9223372036800000000,1e+75,0,10,0,0,7,0,1,2,100,0,1,0,2,0,0,1,0,3,1,3,1,-1,-1,-1,0,1,10,-1,1,1,3,-1,-1,3,0,0,1,0,0,10,0,0,0,20.43
1,0,0,0,-1,0,1,5,0,0,1,0,1,0,-1,2,2,1,0,1,2,3,0,2,800,0,9223372036800000000,1e+75,0,10,0,0,7,0,1,2,100,0,1,0,-1,0,0,1,0,3,1,3,1,-1,-1,-1,0,1,10,-1,1,1,3,-1,-1,3,0,0,1,0,0,10,0,0,0,21.32
1,0,0,0,-1,0,1,5,0,0,1,0,1,0,-1,2,2,1,0,1,2,3,0,2,25,0,9223372036800000000,1e+75,0,10,0,0,7,0,1,2,100,0,1,0,-1,0,0,1,0,3,1,0,1,-1,-1,-1,0,1,10,-1,1,1,3,-1,-1,3,0,0,1,0,0,10,0,0,0,20.43
1,0,0,0,-1,0,1,5,0,0,1,0,1,0,-1,2,2,1,0,1,2,3,0,2,25,0,9223372036800000000,1e+75,0,10,0,0,7,0,1,2,100,0,1,0,3,0,0,1,0,3,1,3,1,-1,-1,-1,0,1,10,-1,1,1,3,-1,-1,3,0,0,1,0,0,10,0,0,0,20.43
1,0,0,0,-1,0,1,5,0,0,1,0,1,0,-1,2,2,1,0,1,2,3,0,2,25,0,9223372036800000000,1e+75,0,10,0,0,7,0,1,2,100,0,1,0,-1,0,0,1,0,3,1,3,1,-1,-1,-1,2,1,10,-1,1,1,3,-1,-1,3,0,0,1,0,0,10,0,0,0,31.36
1,0,0,0,-1,0,1,5,0,0,1,0,1,0,-1,2,2,1,0,1,2,3,0,2,150,0,9223372036800000000,1e+75,0,10,0,0,7,0,1,2,100,0,1,0,-1,0,0,1,0,3,1,3,1,-1,-1,-1,0,1,10,-1,1,1,3,-1,-1,3,0,0,1,0,0,10,0,0,0,21.32
1,0,0,0,-1,0,1,0,0,0,1,0,1,0,-1,2,2,1,0,1,2,3,0,2,25,0,9223372036800000000,1e+75,0,10,0,0,7,0,1,2,100,0,1,0,-1,0,0,1,0,3,1,3,1,-1,-1,-1,0,1,10,-1,1,1,3,-1,-1,3,0,0,1,0,0,10,0,0,0,35.06
1,0,0,0,-1,0,1,5,0,0,1,0,1,0,-1,2,2,1,0,0,2,3,0,2,25,0,9223372036800000000,1e+75,0,10,0,0,7,0,1,2,100,0,1,0,-1,0,0,1,0,3,1,3,1,-1,-1,-1,0,1,10,-1,1,1,3,-1,-1,3,0,0,1,0,0,10,0,0,0,24.94
1,0,0,0,-1,0,1,5,0,0,1,0,1,0,-1,2,2,1,0,1,2,3,0,2,200,0,9223372036800000000,1e+75,0,10,0,0,7,0,1,2,100,0,1,0,-1,0,0,1,0,3,1,3,1,-1,-1,-1,0,1,10,-1,1,1,3,-1,-1,5,0,0,1,0,0,10,0,0,0,21.32
1,0,0,0,-1,0,1,5,0,0,1,0,1,0,-1,2,2,1,0,1,2,3,0,2,200,0,9223372036800000000,1e+75,0,10,0,0,7,0,1,2,100,0,1,0,-1,0,0,1,0,3,1,3,1,-1,-1,-1,0,1,10,-1,1,1,3,-1,-1,4,0,0,1,0,0,10,0,0,0,21.32
1,0,0,0,-1,0,1,5,0,0,1,0,1,0,-1,2,2,1,0,1,2,3,0,2,200,0,9223372036800000000,1e+75,0,10,0,0,7,0,1,1,100,0,1,0,-1,0,0,1,0,3,1,3,1,-1,-1,-1,0,1,10,-1,1,1,3,-1,-1,3,0,0,1,0,0,10,0,0,0,21.32
1,0,0,0,-1,0,1,5,0,0,1,0,1,0,-1,2,2,1,0,1,2,3,0,2,200,0,9223372036800000000,1e+75,0,10,0,0,7,0,1,2,100,0,1,0,-1,0,0,1,0,-1,1,3,1,-1,-1,-1,1,1,10,-1,1,1,3,-1,-1,3,0,0,1,0,0,10,0,0,0,29.07
1,0,0,0,-1,0,1,0,0,0,0,0,1,0,-1,-1,2,-1,-1,1,2,3,0,-1,200,0,9223372036800000000,1e+75,0,10,0,2,7,0,0,3,-1,0,1,0,0,0,0,5,0,3,3,1,1,-1,-1,-1,3,-1,10,-1,1,1,3,1,-1,3,0,0,1,1,0,10,0,0,0,33.29
1,0,0,0,-1,0,1,5,0,0,1,0,1,0,-1,2,2,1,0,1,2,3,0,2,200,0,9223372036800000000,1e+75,0,10,0,0,7,0,1,2,100,0,1,0,-1,0,0,4,0,3,1,3,1,-1,-1,-1,1,1,10,-1,1,1,3,-1,-1,3,0,0,1,0,0,10,0,0,0,27.22
1,0,0,0,-1,0,1,0,0,0,0,0,-1,0,-1,2,-1,2,0,0,0,3,0,8,150,0,9223372036800000000,1e+75,0,10,0,2,7,0,1,1,0,0,1,1,1,0,0,1,0,4,1,2,1,-1,1,-1,3,-1,10,-1,1,1,0,1,-1,5,0,0,1,5,0,10,0,0,0,20.71
1,0,0,0,-1,0,1,0,0,0,0,0,-1,0,-1,2,-1,2,0,0,0,3,0,8,150,0,9223372036800000000,1e+75,0,10,0,3,7,0,0,1,0,0,1,1,1,0,0,1,0,4,1,2,1,-1,1,-1,3,-1,10,-1,1,1,0,1,-1,5,0,0,1,5,0,10,0,0,0,21.58
1,0,0,0,-1,0,1,0,0,0,0,0,-1,0,-1,2,-1,2,0,0,0,3,0,8,150,0,9223372036800000000,1e+75,0,10,0,3,7,0,1,1,0,0,1,1,1,0,0,1,0,4,1,1,1,-1,1,-1,3,-1,10,-1,1,1,0,1,-1,5,0,0,1,5,0,10,0,0,0,20.71
1,0,0,0,-1,0,1,0,0,0,0,0,-1,0,-1,2,-1,2,2,0,0,3,0,8,150,0,9223372036800000000,1e+75,0,10,0,3,7,0,1,1,0,0,1,1,1,0,0,1,0,4,1,2,1,-1,1,-1,3,-1,10,-1,1,1,0,1,-1,5,0,0,1,5,0,10,0,0,0,20.71
1,0,0,0,-1,0,1,0,0,0,0,0,-1,0,-1,2,-1,2,0,0,0,3,0,8,100,0,9223372036800000000,1e+75,0,10,0,3,7,0,1,1,0,0,1,1,1,0,0,1,0,4,1,2,1,-1,1,-1,3,-1,10,-1,1,1,0,1,-1,5,0,0,1,5,0,10,0,0,0,23.73
1,0,0,0,-1,0,1,0,0,0,0,0,-1,0,-1,2,-1,2,0,0,0,3,0,16,150,0,9223372036800000000,1e+75,0,10,0,3,7,0,1,1,0,0,1,1,1,0,0,1,0,4,1,2,1,-1,1,-1,3,-1,10,-1,1,1,0,1,-1,5,0,0,1,5,0,10,0,0,0,20.71
1,0,0,0,-1,0,1,0,0,0,0,0,-1,0,-1,2,-1,1,0,0,0,3,0,8,10,0,9223372036800000000,1e+75,0,10,0,3,7,0,1,1,0,0,1,1,1,0,0,1,0,4,1,2,1,-1,1,-1,3,-1,10,-1,1,1,0,1,-1,5,0,0,1,5,0,10,0,0,0,23.88
1,0,0,0,-1,0,1,0,0,0,0,0,-1,0,-1,2,-1,1,0,0,0,3,0,8,150,0,9223372036800000000,1e+75,0,10,0,3,7,0,1,0,1000,0,1,1,1,0,0,1,0,4,1,2,1,-1,1,-1,3,-1,10,-1,1,1,0,1,-1,5,0,0,1,5,0,10,0,0,0,23.61
1,0,0,0,-1,0,1,0,0,0,0,0,-1,0,-1,2,-1,1,0,0,0,3,0,8,150,0,9223372036800000000,1e+75,0,10,0,0,7,0,1,1,1000,0,1,1,1,0,0,1,0,4,1,2,1,-1,1,-1,3,-1,10,-1,1,1,0,1,-1,5,0,0,1,5,0,10,0,0,0,23.61
1,0,0,0,-1,0,1,0,0,0,0,0,-1,0,-1,2,-1,1,0,0,0,3,0,8,150,0,9223372036800000000,1e+75,0,10,0,3,7,0,1,1,1000,0,1,1,1,0,0,1,0,4,1,2,1,-1,1,-1,3,-1,10,-1,1,1,0,1,-1,5,0,0,1,5,0,10,0,0,0,23.61
1,0,0,0,-1,0,1,0,0,0,0,0,-1,0,-1,2,-1,1,2,0,0,3,0,8,150,0,9223372036800000000,1e+75,0,10,0,3,7,0,1,1,1000,0,1,1,1,0,0,1,0,4,1,2,1,-1,1,-1,3,-1,10,-1,1,1,0,1,-1,5,0,0,1,5,0,10,0,0,0,23.63
1,0,0,0,-1,0,1,4,0,0,4,0,3,0,1,2,2,1,2,2,-1,3,0,2,10,0,9223372036800000000,1e+75,0,10,0,3,7,0,3,2,0,0,1,1,0,0,0,2,0,-1,1,0,1,-1,-1,-1,2,0,10,-1,1,1,1,1,-1,2,0,0,1,0,0,10,0,0,0,31.9
1,0,0,0,-1,0,1,4,0,0,4,0,3,0,1,2,2,1,2,2,-1,3,0,2,10,0,9223372036800000000,1e+75,0,10,0,3,7,0,3,2,0,0,1,1,0,0,0,0,0,3,1,0,1,-1,-1,-1,2,0,10,-1,1,1,1,1,-1,2,0,0,1,0,0,10,0,0,0,24.87
1,0,0,0,-1,0,1,2,0,0,5,0,2,0,0,2,-1,-1,-1,-1,1,3,0,2,25,0,9223372036800000000,1e+75,0,10,0,1,7,0,1,1,100,0,1,1,3,0,0,6,0,4,2,1,1,-1,1,-1,0,-1,10,-1,1,1,0,1,-1,-1,0,0,1,1,0,10,0,0,0,53.05
1,0,0,0,-1,0,1,4,0,0,4,0,3,0,1,2,2,1,2,2,-1,3,0,2,10,0,9223372036800000000,1e+75,0,10,0,3,7,0,3,2,0,0,1,1,0,0,0,2,0,3,1,0,1,-1,-1,-1,2,0,10,-1,1,1,1,-1,-1,2,0,0,1,0,0,10,0,0,0,16.25
1,0,0,0,-1,0,1,4,0,0,4,0,3,0,1,2,2,1,2,2,-1,3,0,2,10,0,9223372036800000000,1e+75,0,10,0,3,7,0,3,2,0,0,1,1,0,0,0,2,0,3,3,0,1,-1,-1,-1,2,0,10,-1,1,1,1,1,-1,2,0,0,1,0,0,10,0,0,0,16.25
1,0,0,0,-1,0,1,4,0,0,4,0,3,0,1,2,2,1,2,2,-1,3,0,2,10,0,9223372036800000000,1e+75,0,10,0,3,7,0,3,2,0,0,1,1,0,0,0,2,0,3,1,0,1,-1,-1,-1,-1,0,10,-1,1,1,1,1,-1,2,0,0,1,0,0,10,0,0,0,16.25
1,0,0,0,-1,0,1,4,0,0,4,0,3,0,1,2,2,1,2,2,-1,3,0,2,10,0,9223372036800000000,1e+75,0,10,0,3,7,0,3,2,0,0,1,1,0,0,0,2,0,3,1,0,1,-1,-1,-1,2,0,10,-1,1,1,1,1,-1,3,0,0,1,0,0,10,0,0,0,16.25
1,0,0,0,-1,0,1,4,0,0,4,0,3,0,1,2,2,1,2,2,-1,3,0,2,10,0,9223372036800000000,1e+75,0,10,0,3,7,0,3,2,0,0,1,1,0,0,0,2,0,3,1,0,1,-1,-1,-1,2,0,10,-1,1,1,1,1,-1,5,0,0,1,0,0,10,0,0,0,16.25
1,0,0,0,-1,0,1,4,0,0,4,0,3,0,1,2,2,1,2,2,-1,3,0,2,10,0,9223372036800000000,1e+75,0,10,0,3,7,0,3,2,0,0,1,1,2,0,0,2,0,3,1,0,1,-1,-1,-1,2,0,10,-1,1,1,1,1,-1,2,0,0,1,0,0,10,0,0,0,21.89
1,0,0,0,-1,0,1,4,0,0,4,0,3,0,1,2,2,1,2,2,-1,3,0,2,10,0,9223372036800000000,1e+75,0,10,0,3,7,0,3,2,0,0,1,1,0,0,0,2,0,3,1,1,1,-1,-1,-1,2,0,10,-1,1,1,1,1,-1,2,0,0,1,0,0,10,0,0,0,16.25
1,0,0,0,-1,0,1,5,0,0,1,0,1,0,-1,2,2,1,0,1,2,3,0,2,400,0,9223372036800000000,1e+75,0,10,0,0,7,0,1,2,100,0,1,0,-1,0,0,1,0,3,1,3,1,-1,-1,-1,0,1,10,-1,1,1,3,-1,-1,3,0,0,1,0,0,10,0,0,0,21.32
1,0,0,0,-1,0,1,4,0,0,4,0,3,0,1,2,2,1,2,2,-1,3,0,2,10,0,9223372036800000000,1e+75,0,10,0,3,7,0,3,2,0,0,1,1,0,0,0,2,0,3,1,3,1,-1,-1,-1,2,0,10,-1,1,1,1,1,-1,2,0,0,1,0,0,10,0,0,0,16.25
1,0,0,0,-1,0,1,4,0,0,4,0,3,0,1,2,2,1,2,2,-1,3,0,2,150,0,9223372036800000000,1e+75,0,10,0,3,7,0,3,2,0,0,1,1,0,0,0,2,0,3,1,0,1,-1,-1,-1,2,0,10,-1,1,1,1,1,-1,2,0,0,1,0,0,10,0,0,0,16.5
1,0,0,0,-1,0,1,0,0,0,4,0,3,0,1,2,2,1,2,2,-1,3,0,2,10,0,9223372036800000000,1e+75,0,10,0,3,7,0,3,2,0,0,1,1,0,0,0,2,0,3,1,0,1,-1,-1,-1,2,0,10,-1,1,1,1,1,-1,2,0,0,1,0,0,10,0,0,0,22.99
1,0,0,0,-1,0,1,4,0,0,4,0,3,0,1,2,2,1,2,-1,-1,3,0,2,10,0,9223372036800000000,1e+75,0,10,0,0,7,0,3,2,0,0,1,1,0,0,0,2,0,3,1,0,1,-1,-1,-1,2,0,10,-1,1,1,1,1,-1,2,0,0,1,0,0,10,0,0,0,23.79
1,0,0,0,-1,0,1,3,0,0,0,0,-1,0,-1,-1,1,0,2,1,1,3,0,-1,800,0,9223372036800000000,1e+75,0,10,0,0,7,0,3,1,40,0,1,1,1,0,0,0,0,0,2,0,1,-1,-1,-1,-1,0,10,-1,1,1,3,-1,-1,-1,0,4,1,2,0,10,0,0,0,8.95
1,0,0,0,-1,0,1,4,0,0,4,0,3,0,1,2,2,1,2,2,-1,3,0,2,10,0,9223372036800000000,1e+75,0,10,0,0,7,0,0,2,0,0,1,1,0,0,0,2,0,3,1,0,1,-1,-1,-1,2,0,10,-1,1,1,1,1,-1,2,0,0,1,0,0,10,0,0,0,21.1
1,0,0,0,-1,0,1,0,0,0,2,0,2,0,1,0,0,2,2,1,-1,3,0,1,400,0,9223372036800000000,1e+75,0,10,0,3,7,0,2,0,500,0,1,0,2,0,0,5,0,0,2,3,1,-1,0,-1,1,-1,10,-1,1,1,0,-1,-1,5,0,0,1,0,0,10,0,0,0,18.07
1,0,0,0,-1,0,1,0,0,0,2,0,2,0,1,0,0,2,2,0,-1,3,0,1,400,0,9223372036800000000,1e+75,0,10,0,3,7,0,2,0,100,0,1,0,2,0,0,5,0,0,2,3,1,-1,0,-1,1,-1,10,-1,1,1,0,-1,-1,5,0,0,1,0,0,10,0,0,0,20.09
1,0,0,0,-1,0,1,0,0,0,2,0,2,0,1,0,0,2,2,0,2,3,0,1,400,0,9223372036800000000,1e+75,0,10,0,3,7,0,2,0,500,0,1,0,2,0,0,5,0,0,2,3,1,-1,0,-1,1,-1,10,-1,1,1,0,-1,-1,5,0,0,1,0,0,10,0,0,0,18.07
1,0,0,0,-1,0,1,0,0,0,2,0,2,0,1,0,0,2,2,0,-1,3,0,1,400,0,9223372036800000000,1e+75,0,10,0,1,7,0,2,0,500,0,1,0,2,0,0,5,0,0,2,3,1,-1,0,-1,1,-1,10,-1,1,1,0,-1,-1,5,0,0,1,0,0,10,0,0,0,18.07
1,0,0,0,-1,0,1,0,0,0,2,0,2,0,1,0,0,2,2,0,-1,3,0,1,400,0,9223372036800000000,1e+75,0,10,0,3,7,0,2,0,500,0,1,0,2,0,0,5,0,0,2,2,1,-1,0,-1,1,-1,10,-1,1,1,0,-1,-1,5,0,0,1,0,0,10,0,0,0,18.07
1,0,0,0,-1,0,1,0,0,0,2,0,2,0,1,0,0,2,2,0,-1,3,0,1,400,0,9223372036800000000,1e+75,0,10,0,3,7,0,2,0,0,0,1,0,2,0,0,5,0,0,2,3,1,-1,0,-1,1,-1,10,-1,1,1,0,-1,-1,5,0,0,1,0,0,10,0,0,0,22.01
1,0,0,0,-1,0,1,0,0,0,2,0,2,0,1,0,0,2,2,0,1,3,0,1,400,0,9223372036800000000,1e+75,0,10,0,3,7,0,3,0,0,0,1,0,2,0,0,5,0,0,2,3,1,-1,0,-1,1,-1,10,-1,1,1,0,-1,-1,5,0,0,1,0,0,10,0,0,0,22.44
1,0,0,0,-1,0,1,0,0,0,2,0,2,0,1,-1,0,2,2,0,-1,3,0,1,400,0,9223372036800000000,1e+75,0,10,0,3,7,0,3,0,0,0,1,0,2,0,0,5,0,0,2,3,1,-1,0,-1,1,-1,10,-1,1,1,0,-1,-1,5,0,0,1,0,0,10,0,0,0,22.44
1,0,0,0,-1,0,1,0,0,0,2,0,2,0,1,0,0,2,2,0,-1,3,0,1,400,0,9223372036800000000,1e+75,0,10,0,3,7,0,3,0,500,0,1,0,2,0,0,5,0,0,2,3,1,-1,0,-1,1,-1,10,-1,1,1,0,-1,-1,5,0,0,1,0,0,10,0,0,0,25.95
1,0,0,0,-1,0,1,0,0,0,2,0,2,0,1,0,0,2,2,0,-1,3,0,8,400,0,9223372036800000000,1e+75,0,10,0,3,7,0,3,0,0,0,1,0,2,0,0,5,0,0,2,3,1,-1,0,-1,1,-1,10,-1,1,1,0,-1,-1,5,0,0,1,0,0,10,0,0,0,27.01
1,0,0,0,-1,0,1,0,0,0,2,0,2,0,1,0,0,2,2,0,-1,3,0,1,400,0,9223372036800000000,1e+75,0,10,0,3,7,0,3,0,100,0,1,0,2,0,0,5,0,0,2,3,1,-1,0,-1,1,-1,10,-1,1,1,0,-1,-1,1,0,0,1,0,0,10,0,0,0,24.44
1,0,0,0,-1,0,1,0,0,0,2,0,2,0,1,0,0,2,2,0,-1,3,0,1,400,0,9223372036800000000,1e+75,0,10,0,3,7,0,3,0,0,0,1,0,2,0,0,5,0,0,2,3,1,-1,0,-1,1,-1,10,-1,1,1,0,-1,-1,5,0,0,1,0,0,10,0,0,0,22.44
1,0,0,0,-1,0,1,0,0,0,0,0,-1,0,-1,-1,0,-1,0,1,0,3,0,-1,400,0,9223372036800000000,1e+75,0,10,0,1,7,0,3,3,500,0,1,0,-1,0,0,1,0,0,1,1,1,-1,-1,-1,0,-1,10,-1,1,1,0,-1,-1,-1,0,0,1,5,0,10,0,0,0,39.51
1,0,0,0,-1,0,1,0,0,0,2,0,2,0,1,0,0,2,2,0,-1,3,0,1,400,0,9223372036800000000,1e+75,0,10,0,3,7,0,3,0,100,0,1,0,2,0,0,5,0,0,2,3,1,-1,0,-1,1,-1,10,-1,1,1,0,-1,-1,5,0,0,1,0,0,10,0,0,0,24.44
1,0,0,0,-1,0,1,3,0,0,4,0,2,0,1,-1,-1,1,1,0,-1,3,0,8,50,0,9223372036800000000,1e+75,0,10,0,1,7,0,2,1,100,0,1,1,0,0,0,5,0,4,3,0,1,-1,-1,-1,0,1,10,-1,1,1,3,1,-1,1,0,0,1,0,0,10,0,0,0,12.65
1,0,0,0,-1,0,1,3,0,0,4,0,2,0,1,-1,-1,1,1,0,-1,3,0,8,50,0,9223372036800000000,1e+75,0,10,0,1,7,0,3,1,20,0,1,1,0,0,0,5,0,4,3,0,1,-1,-1,-1,0,1,10,-1,1,1,3,1,-1,1,0,0,1,2,0,10,0,0,0,12.58
1,0,0,0,-1,0,1,3,0,0,4,0,2,0,1,-1,-1,1,1,0,1,3,0,8,50,0,9223372036800000000,1e+75,0,10,0,1,7,0,2,1,20,0,1,1,0,0,0,5,0,4,3,0,1,-1,-1,-1,0,1,10,-1,1,1,3,1,-1,1,0,0,1,2,0,10,0,0,0,12.52
1,0,0,0,-1,0,1,3,0,0,4,0,2,0,1,-1,-1,1,1,0,-1,3,0,8,50,0,9223372036800000000,1e+75,0,10,0,1,7,0,2,1,20,0,1,1,0,0,0,5,0,4,3,0,1,-1,-1,-1,0,1,10,-1,1,1,3,1,-1,4,0,0,1,2,0,10,0,0,0,12.52
1,0,0,0,-1,0,1,3,0,0,4,0,2,0,1,-1,-1,1,1,0,-1,3,0,8,50,0,9223372036800000000,1e+75,0,10,0,1,7,0,2,2,20,0,1,1,0,0,0,5,0,4,3,0,1,-1,-1,-1,0,1,10,-1,1,1,3,1,-1,1,0,0,1,2,0,10,0,0,0,12.52
1,0,0,0,-1,0,1,3,0,0,4,0,2,0,1,-1,-1,1,1,0,-1,3,0,8,50,0,9223372036800000000,1e+75,0,10,0,1,7,0,1,1,20,0,1,1,0,0,0,5,0,4,3,0,1,-1,-1,-1,0,1,10,-1,1,1,3,1,-1,1,0,0,1,2,0,10,0,0,0,12.52
1,0,0,0,-1,0,1,3,0,0,4,0,2,0,1,-1,-1,1,1,0,-1,3,0,8,50,0,9223372036800000000,1e+75,0,10,0,1,7,0,2,1,20,0,1,1,0,0,0,5,0,4,3,0,1,-1,-1,-1,0,1,10,-1,1,1,3,1,-1,1,0,0,1,5,0,10,0,0,0,13.17
1,0,0,0,-1,0,1,3,0,0,4,0,2,0,1,-1,-1,1,1,0,-1,3,0,8,50,0,9223372036800000000,1e+75,0,10,0,1,7,0,2,1,20,0,1,1,3,0,0,5,0,4,3,0,1,-1,-1,-1,0,1,10,-1,1,1,3,1,-1,1,0,0,1,2,0,10,0,0,0,12.62
1,0,0,0,-1,0,1,3,0,0,4,0,2,0,1,-1,-1,1,2,0,-1,3,0,8,50,0,9223372036800000000,1e+75,0,10,0,1,7,0,2,1,20,0,1,1,0,0,0,5,0,4,3,0,1,-1,-1,-1,0,1,10,-1,1,1,3,1,-1,1,0,0,1,2,0,10,0,0,0,12.52
1,0,0,0,-1,0,1,3,0,0,4,0,2,0,1,-1,-1,1,1,0,-1,3,0,8,50,0,9223372036800000000,1e+75,0,10,0,1,7,0,2,1,20,0,1,1,0,0,0,5,0,4,3,0,1,-1,-1,-1,2,1,10,-1,1,1,3,1,-1,1,0,0,1,2,0,10,0,0,0,13.51
1,0,0,0,-1,0,1,3,0,0,4,0,2,0,1,-1,-1,1,1,0,-1,3,0,8,50,0,9223372036800000000,1e+75,0,10,0,1,7,0,2,1,20,0,1,1,0,0,0,6,0,4,3,0,1,-1,-1,-1,0,1,10,-1,1,1,3,1,-1,1,0,0,1,2,0,10,0,0,0,1.79769e+308
1,0,0,0,-1,0,1,3,0,0,4,0,2,0,1,-1,-1,1,1,0,-1,3,0,8,50,0,9223372036800000000,1e+75,0,10,0,1,7,0,2,1,20,0,1,1,0,0,0,0,0,4,3,0,1,-1,-1,-1,0,1,10,-1,1,1,3,1,-1,1,0,0,1,2,0,10,0,0,0,1.79769e+308
1,0,0,0,-1,0,1,0,0,0,4,0,2,0,1,-1,-1,1,1,0,-1,3,0,8,50,0,9223372036800000000,1e+75,0,10,0,1,7,0,2,1,20,0,1,1,0,0,0,5,0,4,3,0,1,-1,-1,-1,0,1,10,-1,1,1,3,1,-1,1,0,0,1,2,0,10,0,0,0,17.34
1,0,0,0,-1,0,1,3,0,0,4,0,2,0,1,-1,-1,1,1,0,-1,3,0,8,50,0,9223372036800000000,1e+75,0,10,0,1,7,0,0,1,20,0,1,1,0,0,0,5,0,4,3,0,1,-1,-1,-1,0,1,10,-1,1,1,3,1,-1,1,0,0,1,2,0,10,0,0,0,12.57
1,0,0,0,-1,0,1,3,0,0,4,0,2,0,1,-1,-1,1,-1,0,-1,3,0,8,50,0,9223372036800000000,1e+75,0,10,0,1,7,0,2,1,20,0,1,1,0,0,0,5,0,4,3,0,1,-1,-1,-1,0,1,10,-1,1,1,3,1,-1,1,0,0,1,2,0,10,0,0,0,12.52
1,0,0,0,-1,0,1,3,0,0,4,0,2,0,1,-1,-1,1,1,0,-1,3,0,8,50,0,9223372036800000000,1e+75,0,10,0,1,7,0,2,1,20,0,1,1,0,0,0,5,0,4,3,0,1,-1,-1,-1,0,1,10,-1,1,1,3,1,-1,1,0,0,1,2,0,10,0,0,0,12.52
1,0,0,0,-1,0,1,2,0,0,1,0,2,0,1,-1,1,2,2,-1,0,3,0,16,800,0,9223372036800000000,1e+75,0,10,0,0,7,0,2,1,0,0,1,1,0,0,0,1,0,1,3,3,1,-1,0,-1,3,0,10,-1,1,1,0,1,-1,-1,0,0,1,5,0,10,0,0,0,23.25
1,0,0,0,-1,0,1,0,0,0,0,0,-1,0,-1,2,-1,1,0,0,0,3,0,8,150,0,9223372036800000000,1e+75,0,10,0,3,7,0,1,1,0,0,1,1,2,0,0,1,0,4,1,2,1,-1,1,-1,3,-1,10,-1,1,1,0,1,-1,5,0,0,1,5,0,10,0,0,0,21.87
1,0,0,0,-1,0,1,2,0,0,1,0,2,0,1,-1,1,2,2,0,0,3,0,16,800,0,9223372036800000000,1e+75,0,10,0,1,7,0,2,1,0,0,1,1,0,0,0,1,0,1,3,3,1,-1,-1,-1,3,0,10,-1,1,1,0,1,-1,-1,0,0,1,5,0,10,0,0,0,23.12
1,0,0,0,-1,0,1,2,0,0,1,0,2,0,1,-1,1,2,2,0,0,3,0,16,100,0,9223372036800000000,1e+75,0,10,0,1,7,0,2,1,0,0,1,1,0,0,0,1,0,1,3,3,1,-1,0,-1,3,0,10,-1,1,1,0,1,-1,-1,0,0,1,5,0,10,0,0,0,24.21
1,0,0,0,-1,0,1,2,0,0,1,0,2,0,1,-1,1,2,2,0,0,3,0,16,800,0,9223372036800000000,1e+75,0,10,0,1,7,0,2,1,0,0,1,1,0,0,0,6,0,1,3,3,1,-1,0,-1,3,0,10,-1,1,1,0,1,-1,-1,0,0,1,5,0,10,0,0,0,51.31
1,0,0,0,-1,0,1,2,0,0,1,0,2,0,1,-1,1,2,2,0,0,3,0,16,800,0,9223372036800000000,1e+75,0,10,0,1,7,0,2,1,0,0,1,1,0,0,0,0,0,1,3,3,1,-1,0,-1,3,0,10,-1,1,1,0,1,-1,-1,0,0,1,5,0,10,0,0,0,51.31
1,0,0,0,-1,0,1,0,0,0,0,0,-1,0,-1,2,-1,2,0,0,1,3,0,8,150,0,9223372036800000000,1e+75,0,10,0,3,7,0,1,1,0,0,1,1,1,0,0,1,0,4,1,2,1,-1,1,-1,3,-1,10,-1,1,1,0,1,-1,5,0,0,1,5,0,10,0,0,0,20.71
1,0,0,0,-1,0,1,2,0,0,1,0,2,0,1,-1,1,2,2,0,0,3,0,16,800,0,9223372036800000000,1e+75,0,10,0,1,7,0,2,1,0,0,1,1,0,0,0,1,0,1,3,3,1,-1,0,-1,3,0,10,-1,1,1,0,1,-1,-1,0,0,1,5,0,10,0,0,0,22.44
1,0,0,0,-1,0,1,2,0,0,1,0,2,0,1,-1,1,2,2,0,0,3,0,16,800,0,9223372036800000000,1e+75,0,10,0,1,7,0,2,3,1000,0,1,1,3,0,0,1,0,1,3,3,1,-1,0,-1,3,0,10,-1,1,1,0,1,-1,-1,0,0,1,5,0,10,0,0,0,22.81
1,0,0,0,-1,0,1,2,0,0,1,0,2,0,1,-1,1,2,2,0,0,3,0,16,800,0,9223372036800000000,1e+75,0,10,0,1,7,0,2,1,0,0,1,1,3,0,0,1,0,1,3,3,1,-1,0,-1,3,0,10,-1,1,1,0,1,-1,-1,0,0,1,5,0,10,0,0,0,22.55
1,0,0,0,-1,0,1,2,0,0,1,0,2,0,1,-1,1,2,2,1,0,3,0,16,800,0,9223372036800000000,1e+75,0,10,0,1,7,0,2,1,1000,0,1,1,3,0,0,1,0,1,3,3,1,-1,0,-1,3,-1,10,-1,1,1,0,1,-1,-1,0,0,1,5,0,10,0,0,0,22.83
1,0,0,0,-1,0,1,2,0,0,1,0,2,0,1,-1,1,2,2,1,0,3,0,16,800,0,9223372036800000000,1e+75,0,10,0,1,7,0,2,1,1000,0,1,1,3,0,0,1,0,1,3,3,1,-1,0,-1,3,0,10,-1,1,1,0,1,-1,-1,0,0,1,5,0,10,0,0,0,22.83
1,0,0,0,-1,0,1,2,0,0,1,0,2,0,1,-1,1,2,2,1,0,3,0,16,800,0,9223372036800000000,1e+75,0,10,0,1,7,0,2,1,100,0,1,1,3,0,0,1,0,1,3,3,1,-1,0,-1,3,0,10,-1,1,1,0,1,-1,-1,0,0,1,4,0,10,0,0,0,23.25
1,0,0,0,-1,0,1,2,0,0,1,0,2,0,1,-1,1,2,2,1,0,3,0,16,800,0,9223372036800000000,1e+75,0,10,0,1,7,0,2,1,1000,0,1,1,3,0,0,5,0,1,3,3,1,-1,0,-1,3,0,10,-1,1,1,0,1,-1,-1,0,0,1,4,0,10,0,0,0,53.58
1,0,0,0,-1,0,1,2,0,0,1,0,2,0,1,-1,1,2,2,-1,0,3,0,16,800,0,9223372036800000000,1e+75,0,10,0,1,7,0,2,1,1000,0,1,1,3,0,0,1,0,1,3,3,1,-1,0,-1,3,0,10,-1,1,1,0,1,-1,-1,0,0,1,4,0,10,0,0,0,24.13
1,0,0,0,-1,0,1,0,0,0,2,0,2,0,1,0,0,2,2,0,-1,3,0,1,400,0,9223372036800000000,1e+75,0,10,0,3,7,0,2,0,500,0,1,0,2,0,0,5,0,0,2,3,1,-1,0,-1,1,-1,10,-1,1,1,0,-1,-1,5,0,0,1,0,0,10,0,0,0,18.07
1,0,0,0,-1,0,1,2,0,0,1,0,2,0,1,-1,1,2,2,1,0,3,0,16,150,0,9223372036800000000,1e+75,0,10,0,1,7,0,2,1,1000,0,1,1,3,0,0,1,0,1,3,3,1,-1,0,-1,3,0,10,-1,1,1,0,1,-1,-1,0,0,1,0,0,10,0,0,0,23.51
1,0,0,0,-1,0,1,2,0,0,1,0,2,0,1,-1,1,2,2,1,0,3,0,16,150,0,9223372036800000000,1e+75,0,10,0,1,7,0,2,1,1000,0,1,1,3,0,0,1,0,1,3,3,1,-1,0,-1,3,0,10,-1,1,1,0,1,-1,-1,0,0,1,4,0,10,0,0,0,23.59
1,0,0,0,-1,0,1,0,0,0,0,0,-1,0,1,-1,-1,1,-1,1,0,3,0,8,800,0,9223372036800000000,1e+75,0,10,0,2,7,0,3,1,0,0,1,0,2,0,0,6,0,1,3,0,1,-1,-1,-1,1,0,10,-1,1,1,0,-1,-1,-1,0,0,1,4,0,10,0,0,0,53.79
1,0,0,0,-1,0,1,0,0,0,3,0,1,0,-1,2,2,0,2,1,-1,3,0,1,25,0,9223372036800000000,1e+75,0,10,0,2,7,0,1,1,500,0,1,1,0,0,0,1,0,1,2,1,1,-1,-1,-1,2,0,10,-1,1,1,0,-1,-1,1,0,0,1,5,0,10,0,0,0,22.11
1,0,0,0,-1,0,1,0,0,0,3,0,1,0,-1,2,2,1,2,1,0,3,0,1,25,0,9223372036800000000,1e+75,0,10,0,2,7,0,1,1,500,0,1,1,0,0,0,1,0,1,2,1,1,-1,-1,-1,2,0,10,-1,1,1,0,-1,-1,1,0,0,1,5,0,10,0,0,0,22.11
1,0,0,0,-1,0,1,0,0,0,3,0,1,0,-1,2,2,0,2,1,0,3,0,1,10,0,9223372036800000000,1e+75,0,10,0,2,7,0,1,1,500,0,1,1,0,0,0,0,0,1,2,1,1,-1,-1,-1,2,0,10,-1,1,1,0,-1,-1,1,0,0,1,5,0,10,0,0,0,22.37
1,0,0,0,-1,0,1,0,0,0,3,0,1,0,-1,2,2,0,2,1,0,3,0,1,25,0,9223372036800000000,1e+75,0,10,0,2,7,0,1,1,500,0,1,1,0,0,0,6,0,1,2,1,1,-1,-1,-1,2,0,10,-1,1,1,0,-1,-1,1,0,0,1,5,0,10,0,0,0,22.37
1,0,0,0,-1,0,1,0,0,0,3,0,1,0,-1,2,2,0,2,1,0,3,0,1,25,0,9223372036800000000,1e+75,0,10,0,2,7,0,1,1,500,0,1,1,0,0,0,0,0,1,2,1,1,-1,-1,-1,2,0,10,-1,1,1,0,-1,-1,1,0,0,1,5,0,10,0,0,0,22.37
1,0,0,0,-1,0,1,0,0,0,3,0,1,0,-1,2,2,0,2,1,0,3,0,-1,25,0,9223372036800000000,1e+75,0,10,0,2,7,0,1,1,500,0,1,1,0,0,0,6,0,1,2,1,1,-1,-1,-1,2,0,10,-1,1,1,0,-1,-1,1,0,0,1,5,0,10,0,0,0,24.26
1,0,0,0,-1,0,1,0,0,0,3,0,1,0,-1,2,2,0,2,1,0,3,0,-1,25,0,9223372036800000000,1e+75,0,10,0,2,7,0,1,1,500,0,1,1,0,0,0,0,0,1,2,1,1,-1,-1,-1,2,0,10,-1,1,1,0,-1,-1,1,0,0,1,5,0,10,0,0,0,24.26
1,0,0,0,-1,0,1,0,0,0,3,0,1,0,-1,2,2,0,2,1,0,3,0,-1,400,0,9223372036800000000,1e+75,0,10,0,2,7,0,1,1,-1,0,1,1,0,0,0,0,0,1,2,1,1,-1,-1,-1,2,0,10,-1,1,1,0,-1,-1,1,0,0,1,5,0,10,0,0,0,28.27
1,0,0,0,-1,0,1,0,0,0,3,0,1,0,-1,2,2,0,2,1,0,3,0,-1,25,0,9223372036800000000,1e+75,0,10,0,2,7,0,1,1,-1,0,1,1,0,0,0,5,0,1,2,1,1,-1,-1,-1,2,0,10,-1,1,1,0,-1,-1,1,0,0,1,5,0,10,0,0,0,28.85
1,0,0,0,-1,0,1,0,0,0,3,0,1,0,-1,2,2,0,2,1,0,3,0,-1,25,0,9223372036800000000,1e+75,0,10,0,2,7,0,1,1,-1,0,1,1,0,0,0,0,0,1,2,1,1,-1,-1,-1,2,0,10,-1,1,1,0,-1,-1,1,0,0,1,5,0,10,0,0,0,25.8
1,0,0,0,-1,0,1,0,0,0,3,0,1,0,-1,2,2,-1,2,1,0,3,0,-1,25,0,9223372036800000000,1e+75,0,10,0,2,7,0,2,1,-1,0,1,1,0,0,0,0,0,1,2,1,1,-1,-1,-1,2,0,10,-1,1,1,0,-1,-1,1,0,0,1,5,0,10,0,0,0,1.79769e+308
1,0,0,0,-1,0,1,0,0,0,3,0,1,0,-1,2,2,0,2,1,0,3,0,-1,25,0,9223372036800000000,1e+75,0,10,0,2,7,0,2,1,1000,0,1,1,0,0,0,0,0,1,2,1,1,-1,-1,-1,2,0,10,-1,1,1,0,-1,-1,1,0,0,1,5,0,10,0,0,0,52.89
1,0,0,0,-1,0,1,0,0,0,3,0,1,0,-1,2,2,0,2,1,2,3,0,-1,25,0,9223372036800000000,1e+75,0,10,0,2,7,0,2,1,-1,0,1,1,0,0,0,0,0,1,2,1,1,-1,-1,-1,2,0,10,-1,1,1,0,-1,-1,1,0,0,1,5,0,10,0,0,0,32.39
1,0,0,0,-1,0,1,5,0,0,1,0,1,0,-1,2,2,1,0,1,2,3,0,2,200,0,9223372036800000000,1e+75,0,10,0,0,7,0,1,2,100,0,1,0,-1,0,0,1,0,3,1,3,1,-1,-1,-1,1,1,10,-1,1,1,3,-1,-1,3,0,0,1,0,0,10,0,0,0,24.07
1,0,0,0,-1,0,1,0,0,0,3,0,1,0,-1,2,2,0,2,1,0,3,0,-1,25,0,9223372036800000000,1e+75,0,10,0,2,7,0,2,1,100,0,1,1,0,0,0,0,0,1,2,1,1,-1,-1,-1,2,0,10,-1,1,1,0,-1,-1,1,0,0,1,5,0,10,0,0,0,52.86
1,0,0,0,-1,0,1,0,0,0,3,0,1,0,-1,2,2,0,2,1,0,3,0,-1,25,0,9223372036800000000,1e+75,0,10,0,2,7,0,2,1,-1,0,1,1,0,0,0,0,0,1,2,1,1,-1,-1,-1,2,0,10,-1,1,1,0,-1,-1,1,0,0,1,5,0,10,0,0,0,32.39
1,0,0,0,-1,0,1,0,0,0,3,0,1,0,-1,2,2,0,2,0,0,3,0,-1,25,0,9223372036800000000,1e+75,0,10,0,2,7,0,2,1,-1,0,1,1,0,0,0,0,0,0,2,1,1,-1,-1,-1,2,0,10,-1,1,1,0,-1,-1,1,0,0,1,5,0,10,0,0,0,1.79769e+308
1,0,0,0,-1,0,1,0,0,0,3,0,1,0,-1,2,2,0,2,1,0,3,0,-1,25,0,9223372036800000000,1e+75,0,10,0,2,7,0,2,1,-1,0,1,1,0,0,0,0,0,0,2,1,1,-1,-1,-1,2,0,10,-1,1,1,0,-1,-1,1,0,0,1,5,0,10,0,0,0,33.96
1,0,0,0,-1,0,1,5,0,0,3,0,1,0,0,2,2,0,0,0,0,3,0,1,25,0,9223372036800000000,1e+75,0,10,0,2,7,0,3,2,40,0,1,0,-1,0,0,2,0,1,2,1,1,-1,1,-1,0,0,10,-1,1,1,0,0,-1,5,0,0,1,3,0,10,0,0,0,42.4
1,0,0,0,-1,0,1,0,0,0,0,0,-1,0,0,-1,-1,-1,2,1,1,3,0,-1,800,0,9223372036800000000,1e+75,0,10,0,2,7,0,1,0,500,0,1,1,2,0,0,6,0,1,3,2,1,-1,-1,-1,2,-1,10,-1,1,1,0,-1,-1,1,0,0,1,5,0,10,0,0,0,23.42
1,0,0,0,-1,0,1,0,0,0,2,0,2,0,1,0,0,2,2,0,-1,3,0,1,10,0,9223372036800000000,1e+75,0,10,0,3,7,0,3,0,0,0,1,0,2,0,0,5,0,0,2,3,1,-1,0,-1,1,-1,10,-1,1,1,0,-1,-1,5,0,0,1,0,0,10,0,0,0,22.44
1,0,0,0,-1,0,1,0,0,0,0,0,-1,0,-1,-1,1,-1,2,1,1,3,0,-1,800,0,9223372036800000000,1e+75,0,10,0,2,7,0,1,0,500,0,1,1,2,0,0,6,0,1,3,2,1,-1,-1,-1,2,-1,10,-1,1,1,0,-1,-1,1,0,0,1,5,0,10,0,0,0,23.42
1,0,0,0,-1,0,1,0,0,0,0,0,-1,0,0,-1,1,-1,2,1,1,3,0,-1,800,0,9223372036800000000,1e+75,0,10,0,2,7,0,1,0,500,0,1,1,2,0,0,6,0,1,3,2,1,-1,-1,-1,2,-1,10,-1,1,1,0,-1,-1,1,0,0,1,5,0,10,0,0,0,23.42
1,0,0,0,-1,0,1,0,0,0,0,0,-1,0,0,-1,1,-1,0,1,1,3,0,-1,800,0,9223372036800000000,1e+75,0,10,0,2,7,0,1,0,500,0,1,1,2,0,0,6,0,1,3,2,1,-1,-1,-1,2,-1,10,-1,1,1,0,-1,-1,1,0,0,1,5,0,10,0,0,0,24.3
1,0,0,0,-1,0,1,0,0,0,0,0,-1,0,0,-1,1,-1,1,1,1,3,0,-1,800,0,9223372036800000000,1e+75,0,10,0,3,7,0,3,0,500,0,1,1,2,0,0,6,0,1,3,2,1,-1,-1,-1,2,-1,10,-1,1,1,0,-1,-1,1,0,0,1,5,0,10,0,0,0,27.94
1,0,0,0,-1,0,1,0,0,0,0,0,-1,0,0,-1,1,-1,0,1,1,3,0,-1,800,0,9223372036800000000,1e+75,0,10,0,2,7,0,3,0,500,0,1,1,2,0,0,6,0,1,3,2,1,-1,-1,-1,2,-1,10,-1,1,1,0,-1,-1,1,0,0,1,5,0,10,0,0,0,27.93
1,0,0,0,-1,0,1,0,0,0,0,0,-1,0,0,-1,1,-1,1,1,1,3,0,-1,800,0,9223372036800000000,1e+75,0,10,0,2,7,0,3,0,500,0,1,1,2,0,0,6,0,1,3,2,1,-1,-1,-1,2,-1,10,-1,1,1,0,-1,-1,1,0,0,1,5,0,10,0,0,0,27.94
1,0,0,0,-1,0,1,0,0,0,2,0,2,0,1,0,0,2,2,0,-1,3,0,1,400,0,9223372036800000000,1e+75,0,10,0,3,7,0,2,0,500,0,1,0,2,0,0,5,0,0,2,3,1,-1,0,-1,1,-1,10,-1,1,1,0,-1,-1,3,0,0,1,0,0,10,0,0,0,18.07
1,0,0,0,-1,0,1,3,0,0,4,0,2,0,1,-1,-1,1,1,0,0,3,0,8,50,0,9223372036800000000,1e+75,0,10,0,1,7,0,2,1,20,0,1,1,0,0,0,5,0,4,3,0,1,-1,-1,-1,0,1,10,-1,1,1,3,1,-1,1,0,0,1,2,0,10,0,0,0,12.52
1,0,0,0,-1,0,1,0,0,0,0,0,-1,0,0,-1,1,-1,1,1,1,3,0,-1,800,0,9223372036800000000,1e+75,0,10,0,2,7,0,3,0,-1,0,1,1,2,0,0,6,0,1,3,2,1,-1,-1,-1,2,-1,10,-1,1,1,0,-1,-1,1,0,0,1,3,0,10,0,0,0,45.93
1,0,0,0,-1,0,1,0,0,0,0,0,-1,0,0,-1,1,-1,1,1,2,3,0,-1,800,0,9223372036800000000,1e+75,0,10,0,2,7,0,3,0,-1,0,1,1,2,0,0,6,0,1,3,2,1,-1,-1,-1,2,-1,10,-1,1,1,0,-1,-1,1,0,0,1,5,0,10,0,0,0,46.53
1,0,0,0,-1,0,1,0,0,0,0,0,-1,0,0,-1,1,-1,1,1,1,3,0,-1,800,0,9223372036800000000,1e+75,0,10,0,2,7,0,3,0,-1,0,1,1,2,0,0,6,0,1,3,2,1,-1,-1,-1,2,-1,10,-1,1,1,0,-1,-1,1,0,0,1,5,0,10,0,0,0,32.41
1,0,0,0,-1,0,1,0,0,0,0,0,-1,0,0,-1,1,-1,1,1,2,3,0,-1,800,0,9223372036800000000,1e+75,0,10,0,2,7,0,3,0,0,0,1,1,2,0,0,6,0,1,3,2,1,-1,-1,-1,2,-1,10,-1,1,1,0,-1,-1,1,0,0,1,5,0,10,0,0,0,50.82
1,0,0,0,-1,0,1,0,0,0,0,0,-1,0,0,-1,1,-1,1,1,2,3,0,-1,800,0,9223372036800000000,1e+75,0,10,0,2,7,0,3,0,0,0,1,0,2,0,0,6,0,1,3,2,1,-1,-1,-1,2,-1,10,-1,1,1,0,-1,-1,1,0,0,1,5,0,10,0,0,0,53.24
1,0,0,0,-1,0,1,2,0,0,3,0,3,0,0,-1,-1,2,-1,-1,1,3,0,4,400,0,9223372036800000000,1e+75,0,10,0,3,7,0,1,2,100,0,1,0,0,0,0,6,0,0,3,3,1,-1,0,-1,3,0,10,-1,1,1,3,0,-1,0,0,0,1,1,0,10,0,0,0,27.05
1,0,0,0,-1,0,1,2,0,0,3,0,3,0,0,-1,-1,2,-1,-1,1,3,0,4,150,0,9223372036800000000,1e+75,0,10,0,3,7,0,1,2,100,0,1,0,0,0,0,5,0,0,3,3,1,-1,0,-1,3,0,10,-1,1,1,3,0,-1,0,0,0,1,1,0,10,0,0,0,28.54
1,0,0,0,-1,0,1,0,0,0,0,0,-1,0,-1,2,-1,1,2,0,0,3,0,8,150,0,9223372036800000000,1e+75,0,10,0,3,7,0,1,1,1000,0,1,1,1,0,0,1,0,4,1,2,1,-1,1,-1,0,-1,10,-1,1,1,0,1,-1,5,0,0,1,5,0,10,0,0,0,23.63
1,0,0,0,-1,0,1,2,0,0,3,0,3,0,0,-1,-1,2,-1,-1,1,3,0,4,150,0,9223372036800000000,1e+75,0,10,0,3,7,0,1,2,100,0,1,0,0,0,0,1,0,0,3,3,1,-1,0,-1,3,0,10,-1,1,1,3,0,-1,0,0,0,1,1,0,10,0,0,0,14.09
1,0,0,0,-1,0,1,2,0,0,3,0,3,0,0,-1,-1,2,-1,-1,1,3,0,8,150,0,9223372036800000000,1e+75,0,10,0,3,7,0,1,2,100,0,1,0,0,0,0,6,0,0,3,3,1,-1,0,-1,3,0,10,-1,1,1,3,0,-1,0,0,0,1,1,0,10,0,0,0,11.41
1,0,0,0,-1,0,1,2,0,0,3,0,3,0,0,-1,-1,2,-1,-1,1,3,0,4,150,0,9223372036800000000,1e+75,0,10,0,3,7,0,1,2,100,0,1,0,0,0,0,6,0,0,3,3,1,-1,0,-1,3,0,10,-1,1,1,3,0,-1,5,0,0,1,1,0,10,0,0,0,11.41
1,0,0,0,-1,0,1,2,0,0,3,0,3,0,-1,-1,-1,2,-1,-1,1,3,0,4,150,0,9223372036800000000,1e+75,0,10,0,3,7,0,1,2,100,0,1,0,0,0,0,6,0,0,3,3,1,-1,0,-1,3,0,10,-1,1,1,3,0,-1,0,0,0,1,1,0,10,0,0,0,11.41
1,0,0,0,-1,0,1,2,0,0,3,0,3,0,0,-1,-1,2,-1,-1,1,3,0,4,150,0,9223372036800000000,1e+75,0,10,0,3,7,0,1,2,100,0,1,0,0,0,0,3,0,0,3,3,1,-1,0,-1,3,0,10,-1,1,1,3,0,-1,0,0,0,1,1,0,10,0,0,0,34.42
1,0,0,0,-1,0,1,2,0,0,3,0,3,0,0,-1,-1,2,-1,-1,1,3,0,4,150,0,9223372036800000000,1e+75,0,10,0,2,7,0,1,2,100,0,1,0,0,0,0,6,0,0,3,3,1,-1,0,-1,3,0,10,-1,1,1,3,0,-1,0,0,0,1,1,0,10,0,0,0,11.41
1,0,0,0,-1,0,1,2,0,0,3,0,-1,0,0,-1,-1,2,-1,-1,1,3,0,4,150,0,9223372036800000000,1e+75,0,10,0,3,7,0,1,2,100,0,1,0,0,0,0,6,0,0,3,3,1,-1,0,-1,3,0,10,-1,1,1,3,0,-1,0,0,0,1,1,0,10,0,0,0,11.61
1,0,0,0,-1,0,1,2,0,0,3,0,3,0,0,-1,-1,2,-1,-1,1,3,0,4,150,0,9223372036800000000,1e+75,0,10,0,3,7,0,1,2,100,0,1,0,0,0,0,6,0,0,3,3,1,-1,0,-1,3,0,10,-1,1,1,3,0,-1,0,0,0,1,1,0,10,0,0,0,11.41
1,0,0,0,-1,0,1,2,0,0,3,0,3,0,0,-1,-1,2,-1,-1,1,3,0,4,150,0,9223372036800000000,1e+75,0,10,0,3,7,0,1,2,-1,0,1,0,0,0,0,6,0,0,3,3,1,-1,0,-1,3,0,10,-1,1,1,3,0,-1,0,0,0,1,1,0,10,0,0,0,37.02
1,0,0,0,-1,0,1,2,0,0,3,0,3,0,0,-1,-1,2,-1,-1,1,3,0,4,150,0,9223372036800000000,1e+75,0,10,0,3,7,0,1,2,500,0,1,0,0,0,0,6,0,0,3,3,1,-1,0,-1,3,0,10,-1,1,1,3,-1,-1,0,0,0,1,1,0,10,0,0,0,13.42
1,0,0,0,-1,0,1,2,0,0,3,0,3,0,0,-1,-1,2,-1,-1,1,3,0,4,150,0,9223372036800000000,1e+75,0,10,0,3,7,0,1,2,500,0,1,0,0,0,0,6,0,0,3,3,1,-1,0,-1,3,0,10,-1,1,1,3,0,-1,0,0,0,1,5,0,10,0,0,0,25.84
1,0,0,0,-1,0,1,2,0,0,3,0,3,0,0,-1,-1,2,-1,-1,1,3,0,4,800,0,9223372036800000000,1e+75,0,10,0,3,7,0,1,2,500,0,1,0,0,0,0,6,0,0,3,3,1,-1,0,-1,3,0,10,-1,1,1,3,0,-1,0,0,0,1,1,0,10,0,0,0,27.52
1,0,0,0,-1,0,1,2,0,0,3,0,3,0,0,-1,-1,2,-1,-1,1,3,0,4,150,0,9223372036800000000,1e+75,0,10,0,3,7,0,1,2,500,0,1,0,0,0,0,6,0,0,3,3,1,-1,0,-1,3,0,10,-1,1,1,3,0,-1,0,0,0,1,1,0,10,0,0,0,13.42
1,0,0,0,-1,0,1,2,0,0,3,0,3,0,0,-1,-1,2,-1,-1,1,3,0,-1,100,0,9223372036800000000,1e+75,0,10,0,3,7,0,1,2,500,0,1,0,0,0,0,6,0,0,3,3,1,-1,0,-1,3,0,10,-1,1,1,3,0,-1,0,0,0,1,1,0,10,0,0,0,24.71
1,0,0,0,-1,0,1,2,0,0,3,0,3,0,0,-1,-1,-1,-1,-1,1,3,0,4,100,0,9223372036800000000,1e+75,0,10,0,3,7,0,1,2,500,0,1,0,0,0,0,3,0,0,3,3,1,-1,0,-1,3,0,10,-1,1,1,3,0,-1,0,0,0,1,1,0,10,0,0,0,25.04
1,0,0,0,-1,0,1,0,0,0,0,0,-1,0,0,-1,-1,-1,2,-1,2,3,0,4,100,0,9223372036800000000,1e+75,0,10,0,3,7,0,3,0,500,0,1,1,3,0,0,5,0,-1,3,0,1,-1,-1,-1,0,0,10,-1,1,1,0,1,-1,-1,0,0,1,0,0,10,0,0,0,1.79769e+308
1,0,0,0,-1,0,1,1,0,0,0,0,-1,0,-1,1,0,-1,-1,2,-1,3,0,-1,25,0,9223372036800000000,1e+75,0,10,0,1,7,0,1,0,0,0,1,1,0,0,0,0,0,1,1,0,1,-1,1,-1,3,1,10,-1,1,1,1,1,-1,3,0,0,1,1,0,10,0,0,0,24
1,0,0,0,-1,0,1,1,0,0,0,0,-1,0,-1,1,0,-1,-1,2,-1,3,0,-1,25,0,9223372036800000000,1e+75,0,10,0,1,7,0,1,0,40,0,1,1,0,0,0,0,0,1,1,0,1,-1,-1,-1,3,1,10,-1,1,1,1,1,-1,3,0,0,1,1,0,10,0,0,0,14.83
1,0,0,0,-1,0,1,1,0,0,0,0,-1,0,-1,1,0,-1,-1,2,-1,3,0,-1,25,0,9223372036800000000,1e+75,0,10,0,1,7,0,1,0,500,0,1,1,0,0,0,0,0,1,1,0,1,-1,1,-1,3,1,10,-1,1,1,1,1,-1,3,0,0,1,1,0,10,0,0,0,17.72
1,0,0,0,-1,0,1,1,0,0,0,0,-1,0,-1,1,0,-1,-1,2,-1,3,0,-1,25,0,9223372036800000000,1e+75,0,10,0,1,7,0,1,0,40,0,1,1,0,0,0,0,0,1,1,0,1,-1,1,-1,3,1,10,-1,1,1,1,1,-1,3,0,0,1,1,0,10,0,0,0,14.83
1,0,0,0,-1,0,1,1,0,0,0,0,-1,0,-1,1,0,-1,-1,2,-1,3,0,-1,25,0,9223372036800000000,1e+75,0,10,0,1,7,0,1,0,500,0,1,1,0,0,0,0,0,1,1,0,1,-1,1,-1,-1,1,10,-1,1,1,1,1,-1,3,0,0,1,1,0,10,0,0,0,17.72
1,0,0,0,-1,0,1,0,0,0,3,0,1,0,-1,2,2,0,2,1,0,3,0,-1,25,0,9223372036800000000,1e+75,0,10,0,2,7,0,1,1,500,0,1,1,0,0,0,0,0,1,2,1,1,-1,-1,-1,2,0,10,-1,1,1,0,1,-1,1,0,0,1,5,0,10,0,0,0,24.26
1,0,0,0,-1,0,1,1,0,0,0,0,-1,0,-1,1,0,-1,-1,2,-1,3,0,-1,25,0,9223372036800000000,1e+75,0,10,0,1,7,0,1,0,40,0,1,1,0,0,0,0,0,1,1,0,1,-1,1,-1,-1,1,10,-1,1,1,1,1,-1,1,0,0,1,1,0,10,0,0,0,16.45
1,0,0,0,-1,0,1,1,0,0,0,0,-1,0,-1,1,0,-1,-1,2,-1,3,0,-1,25,0,9223372036800000000,1e+75,0,10,0,1,7,0,1,0,40,0,1,1,0,0,0,0,0,1,1,0,1,-1,1,-1,-1,1,10,-1,1,1,1,1,-1,3,0,0,1,1,0,10,0,0,0,16.45
1,0,0,0,-1,0,1,1,0,0,0,0,-1,0,-1,1,-1,-1,-1,2,-1,3,0,-1,25,0,9223372036800000000,1e+75,0,10,0,1,7,0,1,0,40,0,1,1,0,0,0,0,0,1,1,0,1,-1,1,-1,-1,1,10,-1,1,1,1,1,-1,3,0,0,1,5,0,10,0,0,0,25.72
1,0,0,0,-1,0,1,1,0,0,0,0,-1,0,-1,1,0,-1,-1,2,-1,3,0,-1,25,0,9223372036800000000,1e+75,0,10,0,1,7,0,1,0,40,0,1,1,0,0,0,0,0,1,3,0,1,-1,1,-1,-1,1,10,-1,1,1,1,1,-1,3,0,0,1,5,0,10,0,0,0,22.41
1,0,0,0,-1,0,1,1,0,0,0,0,-1,0,-1,1,0,-1,-1,2,-1,3,0,-1,25,0,9223372036800000000,1e+75,0,10,0,1,7,0,1,0,40,0,1,1,0,0,0,0,0,1,1,0,1,-1,1,-1,-1,1,10,-1,1,1,1,1,-1,1,0,0,1,5,0,10,0,0,0,22.41
1,0,0,0,-1,0,1,1,0,0,0,0,-1,0,-1,1,0,-1,-1,2,-1,3,0,-1,25,0,9223372036800000000,1e+75,0,10,0,1,7,0,1,0,40,0,1,1,0,0,0,0,0,-1,1,0,1,-1,1,-1,-1,1,10,-1,1,1,1,1,-1,3,0,0,1,5,0,10,0,0,0,42.26
1,0,0,0,-1,0,1,1,0,0,0,0,-1,0,-1,1,-1,-1,-1,2,-1,3,0,-1,25,0,9223372036800000000,1e+75,0,10,0,1,7,0,1,0,40,0,1,1,3,0,0,0,0,1,1,0,1,-1,1,-1,-1,1,10,-1,1,1,1,1,-1,3,0,0,1,5,0,10,0,0,0,23.26
1,0,0,0,-1,0,1,1,0,0,0,0,-1,0,-1,1,0,-1,-1,2,-1,3,0,-1,25,0,9223372036800000000,1e+75,0,10,0,1,7,0,1,0,40,0,1,0,3,0,0,6,0,1,1,0,1,-1,1,-1,-1,1,10,-1,1,1,1,1,-1,3,0,0,1,5,0,10,0,0,0,43.06
1,0,0,0,-1,0,1,0,0,0,0,0,-1,0,0,-1,1,-1,2,1,1,3,0,-1,800,0,9223372036800000000,1e+75,0,10,0,2,7,0,1,0,500,0,1,1,2,0,0,6,0,1,3,2,1,-1,-1,-1,2,-1,10,-1,1,1,3,-1,-1,1,0,0,1,5,0,10,0,0,0,29.16
1,0,0,0,-1,0,1,1,0,0,0,0,-1,0,-1,1,0,-1,-1,2,-1,3,0,-1,25,0,9223372036800000000,1e+75,0,10,0,1,7,0,1,0,40,0,1,1,3,0,0,0,0,1,1,0,1,-1,1,-1,-1,1,10,-1,1,1,1,1,-1,3,0,0,1,5,0,10,0,0,0,28.43
1,0,0,0,-1,0,1,1,0,0,0,0,-1,0,-1,1,0,-1,-1,2,-1,3,0,-1,25,0,9223372036800000000,1e+75,0,10,0,1,7,0,1,0,40,0,1,1,3,0,0,6,0,1,1,0,1,-1,1,-1,3,1,10,-1,1,1,1,1,-1,3,0,0,1,5,0,10,0,0,0,28.68
1,0,0,0,-1,0,1,0,0,0,0,0,-1,0,-1,1,0,-1,-1,2,1,3,0,8,25,0,9223372036800000000,1e+75,0,10,0,1,7,0,3,0,100,0,1,0,1,0,0,0,0,0,1,3,1,-1,1,-1,-1,-1,10,-1,1,1,1,-1,-1,1,0,0,1,1,0,10,0,0,0,40.96
1,0,0,0,-1,0,1,2,0,0,1,0,2,0,1,-1,1,2,2,1,0,3,0,16,800,0,9223372036800000000,1e+75,0,10,0,1,7,0,2,1,1000,0,1,1,3,0,0,1,0,1,1,3,1,-1,0,-1,3,0,10,-1,1,1,0,1,-1,-1,0,0,1,4,0,10,0,0,0,23.28
1,0,0,0,-1,0,1,5,0,0,1,0,1,0,1,1,0,1,2,-1,-1,3,0,2,150,0,9223372036800000000,1e+75,0,10,0,1,7,0,0,2,100,0,1,0,2,0,0,0,0,4,1,0,1,-1,-1,-1,1,1,10,-1,1,1,3,-1,-1,0,0,0,1,4,0,10,0,0,0,55.17
1,0,0,0,-1,0,1,5,0,0,1,0,1,0,1,1,0,1,2,-1,-1,3,0,2,150,0,9223372036800000000,1e+75,0,10,0,1,7,0,0,2,100,0,1,0,2,0,0,0,0,4,1,0,1,-1,-1,-1,2,1,10,-1,1,1,3,1,-1,0,0,0,1,4,0,10,0,0,0,55.17
1,0,0,0,-1,0,1,5,0,0,1,0,1,0,1,1,0,-1,2,-1,-1,3,0,2,150,0,9223372036800000000,1e+75,0,10,0,1,7,0,0,2,100,0,1,0,2,0,0,0,0,4,1,0,1,-1,-1,-1,1,1,10,-1,1,1,3,1,-1,0,0,0,1,4,0,10,0,0,0,57.23
1,0,0,0,-1,0,1,5,0,0,1,0,1,0,1,1,0,1,2,-1,-1,3,0,2,150,0,9223372036800000000,1e+75,0,10,0,1,7,0,0,2,100,0,1,0,2,0,0,0,0,4,1,0,1,-1,-1,-1,1,1,10,-1,1,1,3,1,-1,0,0,0,1,5,0,10,0,0,0,56.47
1,0,0,0,-1,0,1,5,0,0,1,0,1,0,1,1,0,1,2,-1,-1,3,0,2,150,0,9223372036800000000,1e+75,0,10,0,1,7,0,0,2,100,0,1,0,2,0,0,0,0,4,1,0,1,-1,-1,-1,1,1,10,-1,1,1,3,1,-1,0,0,0,1,1,0,10,0,0,0,55.62
1,0,0,0,-1,0,1,5,0,0,1,0,1,0,1,1,0,1,2,-1,-1,3,0,2,150,0,9223372036800000000,1e+75,0,10,0,1,7,0,0,2,100,0,1,0,2,0,0,0,0,4,1,0,1,-1,-1,-1,0,1,10,-1,1,1,3,1,-1,0,0,0,1,4,0,10,0,0,0,55.17
1,0,0,0,-1,0,1,5,0,0,1,0,1,0,1,1,0,1,2,-1,-1,3,0,2,10,0,9223372036800000000,1e+75,0,10,0,1,7,0,0,2,100,0,1,0,2,0,0,0,0,4,1,0,1,-1,-1,-1,1,1,10,-1,1,1,3,1,-1,0,0,0,1,4,0,10,0,0,0,55.92
1,0,0,0,-1,0,1,5,0,0,1,0,1,0,1,1,0,2,2,-1,-1,3,0,2,150,0,9223372036800000000,1e+75,0,10,0,1,7,0,0,2,100,0,1,0,2,0,0,0,0,4,1,0,1,-1,-1,-1,1,1,10,-1,1,1,3,1,-1,0,0,0,1,4,0,10,0,0,0,56.83
1,0,0,0,-1,0,1,5,0,0,1,0,1,0,1,1,0,1,2,-1,-1,3,0,2,150,0,9223372036800000000,1e+75,0,10,0,1,7,0,0,2,100,0,1,0,2,0,0,0,0,4,1,0,1,-1,-1,-1,1,1,10,-1,1,1,3,1,-1,0,0,0,1,4,0,10,0,0,0,55.17
1,0,0,0,-1,0,1,5,0,0,1,0,1,0,1,1,0,1,2,0,-1,3,0,2,150,0,9223372036800000000,1e+75,0,10,0,1,7,0,0,2,100,0,1,0,2,0,0,0,0,4,1,0,1,-1,-1,-1,1,1,10,-1,1,1,3,1,-1,3,0,0,1,4,0,10,0,0,0,56.2
1,0,0,0,-1,0,1,5,0,0,1,0,1,0,1,1,0,1,2,0,-1,3,0,2,150,0,9223372036800000000,1e+75,0,10,0,1,7,0,0,2,100,0,1,0,2,0,0,0,0,4,1,0,1,-1,-1,-1,1,1,10,-1,1,1,3,1,-1,-1,0,0,1,4,0,10,0,0,0,56.2
1,0,0,0,-1,0,1,5,0,0,1,0,1,0,1,1,0,1,2,0,-1,3,0,2,150,0,9223372036800000000,1e+75,0,10,0,3,7,0,0,2,100,0,1,0,2,0,0,0,0,4,1,0,1,-1,-1,-1,1,1,10,-1,1,1,3,1,-1,0,0,0,1,4,0,10,0,0,0,56.2
1,0,0,0,-1,0,1,5,0,0,1,0,1,0,1,1,0,1,2,0,-1,3,0,2,150,0,9223372036800000000,1e+75,0,10,0,1,7,0,0,2,100,0,1,0,1,0,0,0,0,4,1,0,1,-1,-1,-1,1,1,10,-1,1,1,3,1,-1,0,0,0,1,4,0,10,0,0,0,56.2
1,0,0,0,-1,0,1,5,0,0,1,0,1,0,1,1,0,1,2,0,-1,3,0,2,150,0,9223372036800000000,1e+75,0,10,0,1,7,0,0,2,100,0,1,0,2,0,0,0,0,4,1,0,1,-1,-1,-1,1,1,10,-1,1,1,3,1,-1,0,0,0,1,5,0,10,0,0,0,56.47
1,0,0,0,-1,0,1,5,0,0,1,0,1,0,1,1,-1,1,2,0,-1,3,0,2,150,0,9223372036800000000,1e+75,0,10,0,1,7,0,0,2,-1,0,1,0,2,0,0,0,0,4,1,0,1,-1,-1,-1,1,1,10,-1,1,1,3,1,-1,0,0,0,1,4,0,10,0,0,0,1.79769e+308
1,0,0,0,-1,0,1,5,0,0,1,0,1,0,1,1,0,1,2,0,-1,3,0,2,150,0,9223372036800000000,1e+75,0,10,0,1,7,0,0,2,100,0,1,0,2,0,0,0,0,4,1,0,1,-1,-1,-1,1,1,10,-1,1,1,3,1,-1,0,0,0,1,4,0,10,0,0,0,56.2
1,0,0,0,-1,0,1,2,0,0,1,0,2,0,1,-1,1,2,2,0,0,3,0,-1,800,0,9223372036800000000,1e+75,0,10,0,1,7,0,2,1,0,0,1,1,3,0,0,1,0,1,3,3,1,-1,0,-1,3,0,10,-1,1,1,0,1,-1,-1,0,0,1,5,0,10,0,0,0,22.55
1,0,0,0,-1,0,1,0,0,0,0,0,1,0,1,-1,-1,2,0,0,0,3,0,1,400,0,9223372036800000000,1e+75,0,10,0,0,7,0,1,1,-1,0,1,0,3,0,0,0,0,-1,3,2,1,-1,-1,-1,2,1,10,-1,1,1,0,-1,-1,1,0,0,1,5,0,10,0,0,0,1.79769e+308
1,0,0,0,-1,0,1,1,0,0,0,0,3,0,0,0,-1,-1,0,0,2,3,0,-1,200,0,9223372036800000000,1e+75,0,10,0,0,7,0,2,2,-1,0,1,1,1,0,0,0,0,0,2,0,1,-1,-1,-1,2,0,10,-1,1,1,3,-1,-1,-1,0,0,1,0,0,10,0,0,0,15
1,0,0,0,-1,0,1,1,0,0,0,0,3,0,0,0,-1,-1,0,0,2,3,0,-1,200,0,9223372036800000000,1e+75,0,10,0,0,7,0,2,1,1000,0,1,1,1,0,0,0,0,0,2,0,1,-1,-1,-1,2,0,10,-1,1,1,3,-1,-1,-1,0,0,1,0,0,10,0,0,0,17.17
1,0,0,0,-1,0,1,1,0,0,0,0,3,0,0,0,-1,-1,0,0,2,3,0,-1,200,0,9223372036800000000,1e+75,0,10,0,0,7,0,3,1,-1,0,1,1,1,0,0,0,0,0,2,0,1,-1,-1,-1,2,0,10,-1,1,1,3,-1,-1,-1,0,0,1,0,0,10,0,0,0,29.97
1,0,0,0,-1,0,1,3,0,0,4,0,2,0,1,-1,-1,1,1,0,-1,3,0,8,50,0,9223372036800000000,1e+75,0,10,0,1,7,0,2,1,20,0,1,1,0,0,0,5,0,4,3,0,1,-1,-1,-1,0,1,10,-1,1,1,3,1,-1,1,0,0,1,0,0,10,0,0,0,12.73
1,0,0,0,-1,0,1,1,0,0,0,0,3,0,0,0,-1,-1,0,0,2,3,0,-1,200,0,9223372036800000000,1e+75,0,10,0,0,7,0,2,1,-1,0,1,1,3,0,0,0,0,0,2,0,1,-1,-1,-1,2,0,10,-1,1,1,3,-1,-1,-1,0,0,1,0,0,10,0,0,0,1.79769e+308
1,0,0,0,-1,0,1,1,0,0,0,0,3,0,0,0,-1,-1,0,0,2,3,0,-1,200,0,9223372036800000000,1e+75,0,10,0,0,7,0,2,1,-1,0,1,1,1,0,0,0,0,0,2,0,1,-1,-1,-1,2,0,10,-1,1,1,3,-1,-1,1,0,0,1,0,0,10,0,0,0,15
1,0,0,0,-1,0,1,1,0,0,0,0,3,0,0,0,-1,-1,0,0,2,3,0,-1,200,0,9223372036800000000,1e+75,0,10,0,0,7,0,2,1,-1,0,1,1,1,0,0,0,0,0,2,0,1,-1,-1,-1,3,0,10,-1,1,1,3,-1,-1,-1,0,0,1,0,0,10,0,0,0,15
1,0,0,0,-1,0,1,1,0,0,0,0,3,0,0,0,-1,-1,0,0,2,3,0,-1,200,0,9223372036800000000,1e+75,0,10,0,3,7,0,2,1,-1,0,1,1,1,0,0,0,0,0,2,0,1,-1,-1,-1,2,0,10,-1,1,1,3,-1,-1,-1,0,0,1,0,0,10,0,0,0,16.37
1,0,0,0,-1,0,1,1,0,0,0,0,3,0,0,0,-1,-1,0,0,2,3,0,-1,200,0,9223372036800000000,1e+75,0,10,0,0,7,0,2,1,-1,0,1,1,-1,0,0,0,0,0,2,0,1,-1,-1,-1,2,0,10,-1,1,1,3,-1,-1,-1,0,0,1,0,0,10,0,0,0,1.79769e+308
1,0,0,0,-1,0,1,1,0,0,0,0,3,0,0,0,-1,-1,0,0,2,3,0,-1,200,0,9223372036800000000,1e+75,0,10,0,0,7,0,2,1,-1,0,1,1,1,0,0,0,0,0,2,0,1,-1,-1,-1,2,0,10,-1,1,1,3,-1,-1,-1,0,0,1,1,0,10,0,0,0,34.76
1,0,0,0,-1,0,1,1,0,0,0,0,3,0,0,0,-1,-1,0,0,2,3,0,-1,200,0,9223372036800000000,1e+75,0,10,0,0,7,0,2,1,-1,0,1,1,1,0,0,0,0,0,2,0,1,-1,-1,-1,0,0,10,-1,1,1,3,-1,-1,-1,0,0,1,0,0,10,0,0,0,15.12
1,0,0,0,-1,0,1,1,0,0,0,0,3,0,0,0,-1,-1,0,0,2,3,0,-1,200,0,9223372036800000000,1e+75,0,10,0,0,7,0,2,1,-1,0,1,1,1,0,0,0,0,0,3,0,1,-1,-1,-1,2,0,10,-1,1,1,3,-1,-1,-1,0,0,1,0,0,10,0,0,0,15
1,0,0,0,-1,0,1,1,0,0,0,0,3,0,0,0,-1,-1,0,0,2,3,0,8,200,0,9223372036800000000,1e+75,0,10,0,0,7,0,2,1,-1,0,1,1,1,0,0,0,0,0,2,0,1,-1,-1,-1,2,0,10,-1,1,1,3,-1,-1,-1,0,0,1,0,0,10,0,0,0,15
1,0,0,0,-1,0,1,1,0,0,0,0,3,0,-1,0,-1,-1,0,0,2,3,0,-1,200,0,9223372036800000000,1e+75,0,10,0,0,7,0,2,1,-1,0,1,1,1,0,0,0,0,0,2,0,1,-1,-1,-1,2,0,10,-1,1,1,3,-1,-1,-1,0,0,1,0,0,10,0,0,0,15
1,0,0,0,-1,0,1,1,0,0,0,0,3,0,0,0,-1,-1,0,0,2,3,0,-1,200,0,9223372036800000000,1e+75,0,10,0,0,7,0,2,1,-1,0,1,1,1,0,0,0,0,0,1,0,1,-1,-1,-1,2,0,10,-1,1,1,3,-1,-1,-1,0,0,1,0,0,10,0,0,0,15
1,0,0,0,-1,0,1,1,0,0,0,0,3,0,0,0,-1,-1,0,0,2,3,0,-1,200,0,9223372036800000000,1e+75,0,10,0,0,7,0,2,1,-1,0,1,1,1,0,0,1,0,0,2,0,1,-1,-1,-1,2,0,10,-1,1,1,3,-1,-1,-1,0,0,1,0,0,10,0,0,0,27.41
1,0,0,0,-1,0,1,1,0,0,0,0,3,0,0,0,-1,-1,0,0,2,3,0,-1,200,0,9223372036800000000,1e+75,0,10,0,0,7,0,2,1,-1,0,1,1,1,0,0,0,0,0,2,1,1,-1,-1,-1,2,0,10,-1,1,1,3,-1,-1,-1,0,0,1,0,0,10,0,0,0,15
1,0,0,0,-1,0,1,0,0,0,0,0,3,0,0,0,-1,-1,0,0,2,3,0,-1,200,0,9223372036800000000,1e+75,0,10,0,0,7,0,2,1,-1,0,1,1,1,0,0,0,0,0,2,0,1,-1,-1,-1,2,0,10,-1,1,1,3,-1,-1,-1,0,0,1,0,0,10,0,0,0,1.79769e+308
1,0,0,0,-1,0,1,1,0,0,0,0,3,0,0,0,-1,-1,0,0,2,3,0,-1,200,0,9223372036800000000,1e+75,0,10,0,0,7,0,0,1,-1,0,1,1,1,0,0,0,0,0,2,0,1,-1,-1,-1,2,0,10,-1,1,1,3,-1,-1,-1,0,0,1,0,0,10,0,0,0,22.19
1,0,0,0,-1,0,1,3,0,0,0,0,-1,0,-1,-1,1,0,2,1,1,3,0,-1,800,0,9223372036800000000,1e+75,0,10,0,0,7,0,3,1,40,0,1,1,1,0,0,0,0,0,2,0,1,-1,-1,-1,-1,0,10,-1,1,1,3,1,-1,-1,0,0,1,2,0,10,0,0,0,8.95
1,0,0,0,-1,0,1,3,0,0,0,0,-1,0,-1,-1,1,0,2,1,1,3,0,-1,800,0,9223372036800000000,1e+75,0,10,0,0,7,0,3,1,40,0,1,1,1,0,0,0,0,0,2,0,1,-1,-1,-1,-1,0,10,-1,1,1,3,0,-1,-1,0,0,1,2,0,10,0,0,0,8.95
1,0,0,0,-1,0,1,3,0,0,0,0,-1,0,-1,-1,1,0,2,1,1,3,0,-1,800,0,9223372036800000000,1e+75,0,10,0,0,7,0,3,1,40,0,1,1,1,0,0,0,0,0,2,0,1,-1,-1,-1,-1,0,10,-1,1,1,2,-1,-1,-1,0,0,1,2,0,10,0,0,0,33.22
1,0,0,0,-1,0,1,3,0,0,0,0,-1,0,-1,-1,1,0,2,1,1,3,0,-1,800,0,9223372036800000000,1e+75,0,10,0,0,7,0,3,1,40,0,1,1,1,0,0,0,0,0,2,0,1,-1,-1,-1,-1,0,10,-1,1,1,1,-1,-1,-1,0,0,1,2,0,10,0,0,0,29.2
1,0,0,0,-1,0,1,3,0,0,0,0,-1,0,-1,-1,1,0,2,1,1,3,0,-1,800,0,9223372036800000000,1e+75,0,10,0,0,7,0,3,1,40,0,1,1,1,0,0,0,0,0,2,0,1,-1,-1,-1,-1,0,10,-1,1,1,0,-1,-1,-1,0,0,1,2,0,10,0,0,0,23.33
1,0,0,0,-1,0,1,3,0,0,0,0,-1,0,-1,-1,1,0,2,1,1,3,0,-1,800,0,9223372036800000000,1e+75,0,10,0,0,7,0,3,0,40,0,1,1,1,0,0,0,0,0,2,0,1,-1,-1,-1,-1,0,10,-1,1,1,3,-1,-1,-1,0,0,1,2,0,10,0,0,0,8.95
1,0,0,0,-1,0,1,3,0,0,0,0,-1,0,-1,-1,1,0,2,1,1,3,0,-1,800,0,9223372036800000000,1e+75,0,10,0,0,7,0,3,1,40,0,1,1,1,0,0,0,0,0,2,2,1,-1,-1,-1,-1,0,10,-1,1,1,3,-1,-1,-1,0,0,1,2,0,10,0,0,0,8.95
1,0,0,0,-1,0,1,0,0,0,0,0,-1,0,0,-1,1,-1,2,1,1,3,0,-1,800,0,9223372036800000000,1e+75,0,10,0,2,7,0,1,0,500,0,1,1,2,0,0,6,0,1,3,1,1,-1,-1,-1,2,-1,10,-1,1,1,0,-1,-1,1,0,0,1,5,0,10,0,0,0,23.42
1,0,0,0,-1,0,1,3,0,0,0,0,-1,0,-1,-1,1,0,2,1,1,3,0,-1,800,0,9223372036800000000,1e+75,0,10,0,0,7,0,3,1,40,0,1,1,1,0,0,0,0,0,2,1,1,-1,-1,-1,-1,0,10,-1,1,1,3,-1,-1,-1,0,0,1,2,0,10,0,0,0,8.95
1,0,0,0,-1,0,1,3,0,0,0,0,-1,0,-1,-1,1,0,2,1,1,3,0,-1,800,0,9223372036800000000,1e+75,0,10,0,0,7,0,3,1,40,0,1,1,1,0,0,0,0,0,3,0,1,-1,-1,-1,-1,0,10,-1,1,1,3,-1,-1,-1,0,0,1,2,0,10,0,0,0,8.95
1,0,0,0,-1,0,1,0,0,0,0,0,-1,0,-1,2,-1,2,0,-1,0,3,0,8,150,0,9223372036800000000,1e+75,0,10,0,3,7,0,1,1,0,0,1,1,1,0,0,1,0,4,1,2,1,-1,1,-1,3,-1,10,-1,1,1,0,1,-1,5,0,0,1,5,0,10,0,0,0,22.26
1,0,0,0,-1,0,1,3,0,0,0,0,-1,0,-1,-1,1,0,2,1,1,3,0,-1,800,0,9223372036800000000,1e+75,0,10,0,0,7,0,3,1,40,0,1,1,1,0,0,0,0,0,1,0,1,-1,-1,-1,-1,0,10,-1,1,1,3,-1,-1,-1,0,0,1,2,0,10,0,0,0,8.95
1,0,0,0,-1,0,1,3,0,0,0,0,-1,0,-1,-1,1,0,2,1,1,3,0,-1,800,0,9223372036800000000,1e+75,0,10,0,3,7,0,3,1,40,0,1,1,1,0,0,0,0,0,2,0,1,-1,-1,-1,-1,0,10,-1,1,1,3,-1,-1,-1,0,0,1,2,0,10,0,0,0,8.95
1,0,0,0,-1,0,1,3,0,0,0,0,-1,0,-1,-1,1,0,2,1,1,3,0,-1,800,0,9223372036800000000,1e+75,0,10,0,2,7,0,3,1,40,0,1,1,1,0,0,0,0,0,2,0,1,-1,-1,-1,-1,0,10,-1,1,1,3,-1,-1,-1,0,0,1,2,0,10,0,0,0,8.95
1,0,0,0,-1,0,1,3,0,0,0,0,-1,0,-1,-1,1,0,2,1,1,3,0,-1,800,0,9223372036800000000,1e+75,0,10,0,1,7,0,3,1,40,0,1,1,1,0,0,0,0,0,2,0,1,-1,-1,-1,-1,0,10,-1,1,1,3,-1,-1,-1,0,0,1,2,0,10,0,0,0,8.95
1,0,0,0,-1,0,1,3,1,0,0,0,-1,0,-1,-1,1,0,2,1,1,3,0,-1,800,0,9223372036800000000,1e+75,0,10,0,0,7,0,3,1,40,0,1,1,1,0,0,0,0,0,2,0,1,-1,-1,-1,-1,0,10,-1,1,1,3,-1,-1,-1,0,0,1,2,0,10,0,0,0,29.1
1,0,0,0,-1,0,1,3,0,0,0,0,-1,0,-1,-1,1,0,2,1,1,3,0,-1,800,0,9223372036800000000,1e+75,0,10,0,0,7,0,3,1,40,0,1,1,1,0,0,0,0,0,2,0,1,-1,-1,-1,-1,0,10,-1,1,1,3,-1,-1,-1,0,0,1,2,0,40,0,0,0,8.95
1,0,0,0,-1,0,1,3,0,0,4,0,-1,0,-1,-1,1,0,2,1,1,3,0,-1,800,0,9223372036800000000,1e+75,0,10,0,0,7,0,3,1,40,0,1,1,1,0,0,0,0,0,2,0,1,-1,-1,-1,-1,0,10,-1,1,1,3,-1,-1,-1,0,0,1,2,0,10,0,0,0,8.95
1,0,0,0,-1,0,1,1,0,0,0,0,3,0,0,0,-1,-1,0,0,2,3,0,-1,200,0,9223372036800000000,1e+75,0,10,0,0,7,0,2,1,-1,0,1,1,1,0,0,0,0,0,2,0,1,-1,-1,-1,2,0,10,-1,1,1,3,1,-1,-1,0,0,1,0,0,10,0,0,0,15
1,0,0,0,-1,0,1,3,0,0,1,0,-1,0,-1,-1,1,0,2,1,1,3,0,-1,800,0,9223372036800000000,1e+75,0,10,0,0,7,0,3,1,40,0,1,1,1,0,0,0,0,0,2,0,1,-1,-1,-1,-1,0,10,-1,1,1,3,-1,-1,-1,0,0,1,2,0,10,0,0,0,8.95
1,0,0,0,-1,0,1,3,0,0,0,0,-1,0,-1,-1,1,0,2,1,1,3,0,-1,800,0,9223372036800000000,1e+75,0,10,0,0,7,0,3,1,40,0,1,1,1,0,0,0,0,0,2,0,1,-1,-1,-1,3,0,10,-1,1,1,3,-1,-1,-1,0,0,1,2,0,10,0,0,0,8.95
1,0,0,0,-1,0,1,3,0,0,0,0,-1,0,-1,-1,1,0,2,1,1,3,0,-1,800,0,9223372036800000000,1e+75,0,10,0,0,7,0,3,1,40,0,1,1,1,0,0,0,0,0,2,0,1,-1,-1,-1,2,0,10,-1,1,1,3,-1,-1,-1,0,0,1,2,0,10,0,0,0,8.95
1,0,0,0,-1,0,1,3,0,0,0,0,-1,0,-1,-1,1,0,2,1,1,3,0,-1,800,0,9223372036800000000,1e+75,0,10,0,0,7,0,3,1,40,0,1,1,1,0,0,0,0,0,2,0,1,-1,-1,-1,1,0,10,-1,1,1,3,-1,-1,-1,0,0,1,2,0,10,0,0,0,8.95
1,0,0,0,-1,0,1,3,0,0,0,0,-1,0,-1,-1,1,0,2,1,1,3,0,-1,800,0,9223372036800000000,1e+75,0,10,0,0,7,0,3,1,40,0,1,1,1,0,0,0,0,0,2,0,1,-1,-1,-1,0,0,10,-1,1,1,3,-1,-1,-1,0,0,1,2,0,10,0,0,0,8.95
1,0,0,0,-1,0,1,5,0,0,0,0,2,0,1,0,0,2,-1,2,1,3,0,4,400,0,9223372036800000000,1e+75,0,10,0,0,7,0,2,1,-1,0,1,0,2,0,0,0,0,0,2,0,1,-1,-1,-1,-1,0,10,-1,1,1,3,-1,-1,3,0,0,1,4,0,10,0,0,0,16.59
1,0,0,0,-1,0,1,5,0,0,1,0,1,0,-1,2,2,1,0,1,2,3,0,2,25,0,9223372036800000000,1e+75,0,10,0,0,7,0,1,2,100,0,1,0,-1,0,0,6,0,3,1,3,1,-1,-1,-1,0,1,10,-1,1,1,3,-1,-1,3,0,0,1,0,0,10,0,0,0,25.4
1,0,0,0,-1,0,1,5,0,0,0,0,2,0,1,0,0,2,-1,2,1,3,0,4,10,0,9223372036800000000,1e+75,0,10,0,0,7,0,2,1,20,0,1,0,2,0,0,0,0,0,2,0,1,-1,-1,-1,-1,0,10,-1,1,1,3,-1,-1,3,0,0,1,4,0,10,0,0,0,17.55
1,0,0,0,-1,0,1,5,0,0,0,0,2,0,1,0,0,2,-1,2,1,3,0,4,400,0,9223372036800000000,1e+75,0,10,0,0,7,0,2,1,1000,0,1,0,2,0,0,0,0,0,2,0,1,-1,-1,-1,-1,0,10,-1,1,1,3,-1,-1,3,0,0,1,4,0,10,0,0,0,15.28
1,0,0,0,-1,0,1,5,0,0,0,0,2,0,1,0,0,2,-1,2,1,3,0,4,400,0,9223372036800000000,1e+75,0,10,0,0,7,0,2,1,20,0,1,0,2,0,0,0,0,0,2,0,1,-1,-1,-1,-1,0,10,-1,1,1,3,-1,-1,3,0,0,1,4,0,10,0,0,0,15.28
1,0,0,0,-1,0,1,0,0,0,0,0,-1,0,-1,-1,-1,-1,2,-1,-1,3,0,16,100,0,9223372036800000000,1e+75,0,10,0,0,7,0,1,1,0,0,1,1,2,0,0,6,0,0,2,0,1,-1,-1,-1,-1,-1,10,-1,1,1,3,-1,-1,4,0,0,1,0,0,10,0,0,0,31.47
1,0,0,0,-1,0,1,0,0,0,0,0,-1,0,-1,-1,-1,-1,2,-1,-1,3,0,16,100,0,9223372036800000000,1e+75,0,10,0,0,7,0,0,1,0,0,1,1,-1,0,0,6,0,0,2,0,1,-1,-1,-1,-1,-1,10,-1,1,1,3,-1,-1,5,0,0,1,0,0,10,0,0,0,33.26
1,0,0,0,-1,0,1,0,0,0,0,0,-1,0,-1,-1,-1,-1,2,-1,-1,3,0,1,100,0,9223372036800000000,1e+75,0,10,0,0,7,0,1,1,0,0,1,1,-1,0,0,6,0,0,2,0,1,-1,-1,-1,-1,-1,10,-1,1,1,3,-1,-1,5,0,0,1,0,0,10,0,0,0,41.28
1,0,0,0,-1,0,1,0,0,0,0,0,-1,0,-1,2,-1,-1,2,-1,-1,3,0,1,100,0,9223372036800000000,1e+75,0,10,0,0,7,0,1,1,0,0,1,1,-1,0,0,6,0,0,2,0,1,-1,1,-1,-1,-1,10,-1,1,1,3,-1,-1,5,0,0,1,0,0,10,0,0,0,42.23
1,0,0,0,-1,0,1,0,0,0,0,0,3,0,0,-1,0,1,1,0,2,3,0,2,400,0,9223372036800000000,1e+75,0,10,0,0,7,0,3,1,0,0,1,0,-1,0,0,2,0,0,2,0,1,-1,1,-1,-1,0,10,-1,1,1,3,-1,-1,0,0,0,1,0,0,10,0,0,0,23.96
1,0,0,0,-1,0,1,0,0,0,0,0,3,0,0,-1,0,1,1,0,2,3,0,2,400,0,9223372036800000000,1e+75,0,10,0,0,7,0,3,1,1000,0,1,0,-1,0,0,2,0,0,2,0,1,-1,1,-1,-1,0,10,-1,1,1,3,-1,-1,0,0,0,1,0,0,10,0,0,0,25.84
1,0,0,0,-1,0,1,0,0,0,0,0,3,0,0,-1,0,1,1,0,2,3,0,2,400,0,9223372036800000000,1e+75,0,10,0,0,7,0,3,1,20,0,1,0,-1,0,0,2,0,0,2,0,1,-1,1,-1,-1,0,10,-1,1,1,3,-1,-1,-1,0,0,1,0,0,10,0,0,0,25.85
1,0,0,0,-1,0,1,0,0,0,0,0,3,0,0,-1,0,1,1,0,2,3,0,2,400,0,9223372036800000000,1e+75,0,10,0,0,7,0,3,1,20,0,1,0,-1,0,0,2,0,0,2,0,1,-1,1,-1,-1,0,10,-1,1,1,3,-1,-1,0,0,0,1,5,0,10,0,0,0,26.95
1,0,0,0,-1,0,1,3,0,0,0,0,3,0,0,-1,0,2,1,0,2,3,0,2,400,0,9223372036800000000,1e+75,0,10,0,0,7,0,3,1,1000,0,1,0,-1,0,0,2,0,0,2,0,1,-1,1,-1,-1,0,10,-1,1,1,3,-1,-1,0,0,0,1,0,0,10,0,0,0,26.39
1,0,0,0,-1,0,1,4,0,0,4,0,3,0,1,2,2,1,2,2,-1,3,0,2,10,0,9223372036800000000,1e+75,0,10,0,3,7,0,3,2,0,0,1,1,-1,0,0,2,0,3,1,0,1,-1,-1,-1,2,0,10,-1,1,1,1,1,-1,2,0,0,1,0,0,10,0,0,0,24.74
1,0,0,0,-1,0,1,5,0,0,1,0,1,0,1,1,0,1,2,0,-1,3,0,2,150,0,9223372036800000000,1e+75,0,10,0,1,7,0,0,0,100,0,1,0,2,0,0,0,0,4,1,0,1,-1,-1,-1,1,1,10,-1,1,1,3,1,-1,0,0,0,1,4,0,10,0,0,0,56.2
1,0,0,0,-1,0,1,5,0,0,0,0,2,0,1,0,0,2,-1,2,1,3,0,16,400,0,9223372036800000000,1e+75,0,10,0,0,7,0,2,1,20,0,1,0,2,0,0,0,0,2,2,0,1,-1,-1,-1,-1,0,10,-1,1,1,3,-1,-1,3,0,0,1,4,0,10,0,0,0,22.99
1,0,0,0,-1,0,1,3,0,0,0,0,3,0,-1,-1,0,2,0,-1,0,3,0,-1,800,0,9223372036800000000,1e+75,0,10,0,0,7,0,2,1,500,0,1,0,3,0,0,5,0,-1,2,0,1,-1,-1,-1,-1,0,10,-1,1,1,3,-1,-1,1,0,0,1,5,0,10,0,0,0,1.79769e+308
1,0,0,0,-1,0,1,3,0,0,0,0,-1,0,-1,-1,1,0,2,1,1,3,0,-1,800,0,9223372036800000000,1e+75,0,10,0,0,7,0,3,2,40,0,1,1,1,0,0,0,0,0,2,0,1,-1,-1,-1,-1,0,10,-1,1,1,3,-1,-1,-1,0,0,1,2,0,10,0,0,0,8.95
1,0,0,0,-1,0,1,3,0,0,0,0,3,0,0,-1,0,2,1,0,2,3,0,2,400,0,9223372036800000000,1e+75,0,10,0,0,7,0,3,1,20,0,1,0,-1,0,0,2,0,0,2,0,1,-1,1,-1,-1,0,10,-1,1,1,3,-1,-1,0,0,0,1,0,0,10,0,0,0,26.42
1,0,0,0,-1,0,1,0,0,0,0,0,-1,0,0,-1,-1,0,-1,1,-1,3,0,1,25,0,9223372036800000000,1e+75,0,10,0,0,7,0,0,1,0,0,1,1,2,0,0,1,0,1,2,0,1,-1,-1,-1,-1,-1,10,-1,1,1,3,-1,-1,3,0,0,1,3,0,10,0,0,0,28.59
1,0,0,0,-1,0,1,0,0,0,0,0,-1,0,0,-1,-1,0,-1,1,-1,3,0,1,10,0,9223372036800000000,1e+75,0,10,0,0,7,0,0,1,0,0,1,1,2,0,0,1,0,1,2,0,1,-1,-1,-1,-1,-1,10,-1,1,1,3,-1,-1,3,0,0,1,3,0,10,0,0,0,28.59
1,0,0,0,-1,0,1,0,0,0,0,0,-1,0,0,-1,-1,0,-1,1,-1,3,0,1,10,0,9223372036800000000,1e+75,0,10,0,0,7,0,0,1,0,0,1,1,2,0,0,1,0,0,2,0,1,-1,-1,-1,-1,-1,10,-1,1,1,3,-1,-1,3,0,0,1,3,0,10,0,0,0,29.07
1,0,0,0,-1,0,1,0,0,0,0,0,-1,0,0,-1,-1,0,-1,0,-1,3,0,1,10,0,9223372036800000000,1e+75,0,10,0,0,7,0,0,1,-1,0,1,1,2,0,0,1,0,0,2,0,1,-1,-1,-1,-1,-1,10,-1,1,1,3,-1,-1,3,0,0,1,3,0,10,0,0,0,29.19
1,0,0,0,-1,0,1,0,0,0,0,0,-1,0,0,-1,-1,0,-1,1,-1,3,0,1,10,0,9223372036800000000,1e+75,0,10,0,0,7,0,0,1,-1,0,1,1,2,0,0,1,0,0,2,0,1,-1,-1,-1,-1,-1,10,-1,1,1,3,-1,-1,3,0,0,1,3,0,10,0,0,0,29.19
1,0,0,0,-1,0,1,1,0,0,0,0,1,0,-1,2,2,1,-1,-1,-1,3,0,4,200,0,9223372036800000000,1e+75,0,10,0,0,7,0,2,1,-1,0,1,1,3,0,0,5,0,-1,2,0,1,-1,-1,-1,-1,1,10,-1,1,1,3,-1,-1,5,0,0,1,4,0,10,0,0,0,1.79769e+308
1,0,0,0,-1,0,1,1,0,0,0,0,1,0,-1,2,2,1,-1,2,-1,3,0,4,200,0,9223372036800000000,1e+75,0,10,0,0,7,0,2,1,100,0,1,1,3,0,0,5,0,-1,2,0,1,-1,-1,-1,-1,1,10,-1,1,1,3,-1,-1,5,0,0,1,4,0,10,0,0,0,1.79769e+308
1,0,0,0,-1,0,1,1,0,0,0,0,1,0,-1,2,2,1,-1,2,-1,3,0,4,200,0,9223372036800000000,1e+75,0,10,0,0,7,0,2,1,-1,0,1,1,3,0,0,5,0,-1,2,0,1,-1,-1,-1,-1,1,10,-1,1,1,3,-1,-1,5,0,0,1,5,0,10,0,0,0,1.79769e+308
1,0,0,0,-1,0,1,1,0,0,0,0,1,0,-1,2,2,1,-1,2,-1,3,0,4,200,0,9223372036800000000,1e+75,0,10,0,0,7,0,2,1,-1,0,1,1,1,0,0,5,0,-1,2,0,1,-1,-1,-1,-1,1,10,-1,1,1,3,-1,-1,5,0,0,1,4,0,10,0,0,0,1.79769e+308
1,0,0,0,-1,0,1,0,0,0,0,0,1,0,-1,2,-1,1,1,2,-1,3,0,16,100,0,9223372036800000000,1e+75,0,10,0,0,7,0,2,1,100,0,1,1,2,0,0,6,0,-1,2,0,1,-1,-1,-1,-1,1,10,-1,1,1,3,-1,-1,4,0,0,1,4,0,10,0,0,0,1.79769e+308
1,0,0,0,-1,0,1,1,0,0,0,0,1,0,-1,2,2,1,-1,2,-1,3,0,4,200,0,9223372036800000000,1e+75,0,10,0,0,7,0,2,1,-1,0,1,1,3,0,0,5,0,-1,2,0,1,-1,-1,-1,-1,1,10,-1,1,1,3,-1,-1,5,0,0,1,4,0,10,0,0,0,1.79769e+308
1,0,0,0,-1,0,1,0,0,0,0,0,3,0,0,-1,0,1,1,0,2,3,0,2,400,0,9223372036800000000,1e+75,0,10,0,0,7,0,3,1,20,0,1,0,-1,0,0,2,0,0,2,0,1,-1,1,-1,-1,0,10,-1,1,1,3,-1,-1,0,0,0,1,0,0,10,0,0,0,25.85
1,0,0,0,-1,0,1,0,0,0,0,0,2,0,0,0,2,0,1,2,-1,3,0,1,25,0,9223372036800000000,1e+75,0,10,0,0,7,0,3,1,100,0,1,0,0,0,0,1,0,2,2,0,1,-1,1,-1,-1,0,10,-1,1,1,3,-1,-1,2,0,0,1,3,0,10,0,0,0,23.86
1,0,0,0,-1,0,1,4,0,0,0,0,2,0,0,0,2,0,2,2,-1,3,0,1,25,0,9223372036800000000,1e+75,0,10,0,0,7,0,3,1,100,0,1,0,0,0,0,1,0,2,2,0,1,-1,1,-1,-1,0,10,-1,1,1,3,-1,-1,2,0,0,1,3,0,10,0,0,0,24.51
1,0,0,0,-1,0,1,4,0,0,0,0,2,0,0,0,2,0,1,2,-1,3,0,1,25,0,9223372036800000000,1e+75,0,10,0,0,7,0,3,1,100,0,1,0,0,0,0,1,0,2,2,0,1,-1,1,-1,-1,0,10,-1,1,1,3,-1,-1,4,0,0,1,3,0,10,0,0,0,24.51
1,0,0,0,-1,0,1,4,0,0,0,0,2,0,0,0,2,0,1,2,-1,3,0,1,25,0,9223372036800000000,1e+75,0,10,0,0,7,0,3,1,100,0,1,0,0,0,0,1,0,2,2,0,1,-1,1,-1,-1,0,10,-1,1,1,3,-1,-1,2,0,0,1,3,0,10,0,0,0,24.51
1,0,0,0,-1,0,1,1,0,0,0,0,3,0,0,0,-1,-1,0,0,2,3,0,-1,200,0,9223372036800000000,1e+75,0,10,0,0,7,0,2,1,-1,0,1,1,1,0,0,6,0,0,2,0,1,-1,-1,-1,2,0,10,-1,1,1,3,-1,-1,-1,0,0,1,0,0,10,0,0,0,15.38
1,0,0,0,-1,0,1,4,0,0,0,0,2,0,0,0,2,2,1,2,-1,3,0,1,25,0,9223372036800000000,1e+75,0,10,0,0,7,0,3,1,100,0,1,0,1,0,0,1,0,2,2,0,1,-1,1,-1,-1,0,10,-1,1,1,3,-1,-1,2,0,0,1,3,0,10,0,0,0,25.02
1,0,0,0,-1,0,1,4,0,0,0,0,2,0,0,0,2,0,1,2,-1,3,0,1,150,0,9223372036800000000,1e+75,0,10,0,0,7,0,3,1,100,0,1,0,1,0,0,4,0,2,2,0,1,-1,1,-1,-1,0,10,-1,1,1,3,-1,-1,2,0,0,1,3,0,10,0,0,0,30
1,0,0,0,-1,0,1,0,0,0,0,0,-1,0,-1,-1,-1,-1,2,-1,-1,3,0,1,100,0,9223372036800000000,1e+75,0,10,0,0,7,0,1,1,0,0,1,1,-1,0,0,6,0,0,2,0,1,-1,1,-1,-1,-1,10,-1,1,1,3,-1,-1,5,0,0,1,0,0,10,0,0,0,42.23
1,0,0,0,-1,0,1,0,0,0,0,0,-1,0,0,-1,-1,2,0,2,1,3,0,8,800,0,9223372036800000000,1e+75,0,10,0,0,7,0,0,1,1000,0,1,0,2,0,0,6,0,-1,2,0,1,-1,1,-1,-1,0,10,-1,1,1,3,-1,-1,4,0,0,1,4,0,10,0,0,0,46.28
1,0,0,0,-1,0,1,0,0,0,0,0,-1,0,-1,2,-1,2,0,0,0,3,0,8,150,0,9223372036800000000,1e+75,0,10,0,3,7,0,1,1,500,0,1,1,1,0,0,1,0,4,1,2,1,-1,1,-1,3,-1,10,-1,1,1,0,1,-1,5,0,0,1,5,0,10,0,0,0,21.12
1,0,0,0,-1,0,1,0,0,0,0,0,-1,0,1,1,-1,1,0,-1,2,3,0,1,25,0,9223372036800000000,1e+75,0,10,0,0,7,0,0,1,500,0,1,1,2,0,0,6,0,0,2,0,1,-1,-1,-1,-1,-1,10,-1,1,1,3,-1,-1,5,0,0,1,1,0,10,0,0,0,27.72
1,0,0,0,-1,0,1,1,0,0,0,0,1,0,-1,2,2,1,-1,2,-1,3,0,16,200,0,9223372036800000000,1e+75,0,10,0,0,7,0,2,1,-1,0,1,1,3,0,0,5,0,-1,2,0,1,-1,-1,-1,-1,1,10,-1,1,1,3,-1,-1,5,0,0,1,4,0,10,0,0,0,1.79769e+308
1,0,0,0,-1,0,1,0,0,0,0,0,-1,0,1,1,-1,1,0,-1,2,3,0,1,25,0,9223372036800000000,1e+75,0,10,0,0,7,0,3,1,-1,0,1,1,2,0,0,6,0,0,2,0,1,-1,-1,-1,-1,-1,10,-1,1,1,3,-1,-1,5,0,0,1,1,0,10,0,0,0,27.73
1,0,0,0,-1,0,1,0,0,0,0,0,-1,0,1,1,-1,1,0,-1,2,3,0,1,25,0,9223372036800000000,1e+75,0,10,0,0,7,0,3,1,500,0,1,1,2,0,0,6,0,1,2,0,1,-1,-1,-1,-1,-1,10,-1,1,1,3,-1,-1,5,0,0,1,1,0,10,0,0,0,44.12
1,0,0,0,-1,0,1,0,0,0,0,0,-1,0,1,1,-1,1,0,-1,2,3,0,1,25,0,9223372036800000000,1e+75,0,10,0,0,7,0,3,1,0,0,1,1,2,0,0,6,0,0,2,0,1,-1,-1,-1,-1,-1,10,-1,1,1,3,-1,-1,5,0,0,1,1,0,10,0,0,0,21.21
1,0,0,0,-1,0,1,0,0,0,0,0,-1,0,1,1,-1,1,0,-1,2,3,0,1,25,0,9223372036800000000,1e+75,0,10,0,0,7,0,3,1,500,0,1,1,2,0,0,6,0,0,2,0,1,-1,-1,-1,-1,-1,10,-1,1,1,3,-1,-1,2,0,0,1,1,0,10,0,0,0,20.77
1,0,0,0,-1,0,1,0,0,0,0,0,-1,0,1,1,-1,1,1,-1,2,3,0,1,25,0,9223372036800000000,1e+75,0,10,0,0,7,0,3,1,500,0,1,1,2,0,0,5,0,0,2,0,1,-1,-1,-1,-1,-1,10,-1,1,1,3,-1,-1,5,0,0,1,1,0,10,0,0,0,31.77
1,0,0,0,-1,0,1,0,0,0,0,0,-1,0,1,1,-1,1,0,-1,2,3,0,1,25,0,9223372036800000000,1e+75,0,10,0,0,7,0,3,1,500,0,1,1,2,0,0,5,0,0,2,0,1,-1,-1,-1,-1,-1,10,-1,1,1,3,-1,-1,5,0,0,1,1,0,10,0,0,0,31.77
1,0,0,0,-1,0,1,1,0,0,0,0,3,0,0,0,-1,-1,0,0,2,3,0,-1,200,0,9223372036800000000,1e+75,0,10,0,0,7,0,2,1,-1,0,1,1,2,0,0,0,0,0,2,0,1,-1,-1,-1,2,0,10,-1,1,1,3,-1,-1,-1,0,0,1,0,0,10,0,0,0,40.82
1,0,0,0,-1,0,1,1,0,0,0,0,3,0,1,1,1,-1,1,0,-1,3,0,1,10,0,9223372036800000000,1e+75,0,10,0,0,7,0,2,1,0,0,1,1,2,0,0,0,0,1,2,0,1,-1,1,-1,-1,-1,10,-1,1,1,3,-1,-1,2,0,0,1,5,0,10,0,0,0,42.04
1,0,0,0,-1,0,1,0,0,0,0,0,-1,0,-1,-1,0,-1,2,0,2,3,0,-1,800,0,9223372036800000000,1e+75,0,10,0,0,7,0,0,1,0,0,1,0,2,0,0,5,0,0,2,0,1,-1,-1,-1,-1,0,10,-1,1,1,3,-1,-1,1,0,0,1,1,0,10,0,0,0,19.08
1,0,0,0,-1,0,1,0,0,0,0,0,-1,0,-1,-1,0,-1,2,-1,2,3,0,8,800,0,9223372036800000000,1e+75,0,10,0,0,7,0,0,1,0,0,1,0,2,0,0,5,0,0,2,0,1,-1,-1,-1,-1,0,10,-1,1,1,3,-1,-1,1,0,0,1,1,0,10,0,0,0,19.21
1,0,0,0,-1,0,1,0,0,0,0,0,-1,0,-1,-1,0,-1,2,0,2,3,0,8,800,0,9223372036800000000,1e+75,0,10,0,0,7,0,0,1,500,0,1,0,2,0,0,5,0,0,2,0,1,-1,-1,-1,-1,0,10,-1,1,1,3,-1,-1,1,0,0,1,1,0,10,0,0,0,19.76
1,0,0,0,-1,0,1,2,0,0,1,0,2,0,1,-1,1,2,2,1,0,3,0,16,800,0,9223372036800000000,1e+75,0,10,0,1,7,0,2,1,1000,0,1,1,3,0,0,1,0,1,3,2,1,-1,0,-1,3,0,10,-1,1,1,0,1,-1,-1,0,0,1,4,0,10,0,0,0,23.28
1,0,0,0,-1,0,1,0,0,0,0,0,-1,0,-1,-1,0,-1,0,0,2,3,0,8,800,0,9223372036800000000,1e+75,0,10,0,0,7,0,2,1,0,0,1,0,2,0,0,5,0,0,2,0,1,-1,-1,-1,-1,0,10,-1,1,1,3,-1,-1,1,0,0,1,1,0,10,0,0,0,20.74
1,0,0,0,-1,0,1,0,0,0,0,0,-1,0,-1,-1,0,-1,2,1,2,3,0,8,800,0,9223372036800000000,1e+75,0,10,0,0,7,0,2,1,0,0,1,0,2,0,0,5,0,0,2,0,1,-1,-1,-1,-1,0,10,-1,1,1,3,-1,-1,1,0,0,1,1,0,10,0,0,0,24.18
1,0,0,0,-1,0,1,0,0,0,0,0,-1,0,0,-1,1,-1,1,1,2,3,0,-1,800,0,9223372036800000000,1e+75,0,10,0,2,7,0,3,0,0,0,1,1,2,0,0,6,0,1,3,2,1,-1,1,-1,2,-1,10,-1,1,1,0,-1,-1,1,0,0,1,5,0,10,0,0,0,50.82
1,0,0,0,-1,0,1,0,0,0,0,0,1,0,-1,-1,0,1,-1,1,1,3,0,2,800,0,9223372036800000000,1e+75,0,10,0,0,7,0,0,1,20,0,1,0,1,0,0,6,0,-1,2,0,1,-1,-1,-1,-1,0,10,-1,1,1,3,-1,-1,1,0,0,1,2,0,10,0,0,0,1.79769e+308
1,0,0,0,-1,0,1,2,0,0,0,0,3,0,1,-1,2,0,1,-1,1,3,0,16,50,0,9223372036800000000,1e+75,0,10,0,0,7,0,3,1,40,0,1,0,-1,0,0,1,0,-1,2,0,1,-1,0,-1,-1,1,10,-1,1,1,3,-1,-1,0,0,0,1,1,0,10,0,0,0,33.85
1,0,0,0,-1,0,1,2,0,0,0,0,3,0,1,-1,2,0,1,-1,1,3,0,16,150,0,9223372036800000000,1e+75,0,10,0,0,7,0,3,1,40,0,1,0,-1,0,0,2,0,-1,2,0,1,-1,0,-1,-1,1,10,-1,1,1,3,-1,-1,0,0,0,1,1,0,10,0,0,0,32.05
1,0,0,0,-1,0,1,2,0,0,0,0,3,0,1,-1,2,0,1,-1,1,3,0,16,50,0,9223372036800000000,1e+75,0,10,0,0,7,0,1,1,40,0,1,0,-1,0,0,2,0,-1,2,0,1,-1,0,-1,-1,1,10,-1,1,1,3,-1,-1,0,0,0,1,1,0,10,0,0,0,43.86
1,0,0,0,-1,0,1,2,0,0,0,0,3,0,1,-1,2,0,1,-1,1,3,0,16,50,0,9223372036800000000,1e+75,0,10,0,0,7,0,3,1,40,0,1,0,-1,0,0,2,0,-1,2,0,1,-1,0,-1,-1,1,10,-1,1,1,3,-1,-1,-1,0,0,1,1,0,10,0,0,0,31.93
1,0,0,0,-1,0,1,2,0,0,0,0,3,0,1,-1,2,0,1,-1,1,3,0,16,800,0,9223372036800000000,1e+75,0,10,0,0,7,0,3,1,40,0,1,0,-1,0,0,2,0,-1,2,0,1,-1,0,-1,-1,1,10,-1,1,1,3,-1,-1,0,0,0,1,1,0,10,0,0,0,32.18
1,0,0,0,-1,0,1,3,0,0,4,0,2,0,1,-1,-1,1,1,0,-1,3,0,8,50,0,9223372036800000000,1e+75,0,10,0,1,7,0,2,1,20,0,1,1,0,0,0,5,0,-1,3,0,1,-1,-1,-1,0,1,10,-1,1,1,3,1,-1,1,0,0,1,2,0,10,0,0,0,25.65
1,0,0,0,-1,0,1,1,0,0,0,0,-1,0,-1,1,0,-1,-1,2,-1,3,0,-1,25,0,9223372036800000000,1e+75,0,10,0,1,7,0,1,0,40,0,1,1,0,0,0,0,0,1,1,3,1,-1,1,-1,-1,1,10,-1,1,1,1,1,-1,3,0,0,1,1,0,10,0,0,0,16.45
1,0,0,0,-1,0,1,2,0,0,0,0,3,0,1,-1,2,0,1,-1,1,3,0,16,100,0,9223372036800000000,1e+75,0,10,0,0,7,0,3,1,40,0,1,0,-1,0,0,2,0,-1,2,0,1,-1,0,-1,-1,1,10,-1,1,1,3,-1,-1,0,0,0,1,1,0,10,0,0,0,34.81
1,0,0,0,-1,0,1,5,0,0,0,0,2,0,-1,-1,2,2,-1,2,2,3,0,8,150,0,9223372036800000000,1e+75,0,10,0,0,7,0,2,1,1000,0,1,1,2,0,0,0,0,2,2,0,1,-1,-1,-1,-1,1,10,-1,1,1,3,-1,-1,0,0,0,1,0,0,10,0,0,0,25.8
1,0,0,0,-1,0,1,1,0,0,0,0,2,0,-1,-1,2,2,-1,2,2,3,0,8,150,0,9223372036800000000,1e+75,0,10,0,0,7,0,2,1,1000,0,1,1,2,0,0,0,0,0,2,0,1,-1,-1,-1,-1,1,10,-1,1,1,3,-1,-1,0,0,0,1,0,0,10,0,0,0,21.79
1,0,0,0,-1,0,1,1,0,0,0,0,2,0,-1,-1,2,2,-1,2,2,3,0,2,400,0,9223372036800000000,1e+75,0,10,0,0,7,0,1,1,1000,0,1,1,2,0,0,0,0,2,2,0,1,-1,-1,-1,-1,1,10,-1,1,1,3,-1,-1,0,0,0,1,0,0,10,0,0,0,31.32
1,0,0,0,-1,0,1,3,0,0,0,0,3,0,0,-1,1,0,-1,1,-1,3,0,16,150,0,9223372036800000000,1e+75,0,10,0,0,7,0,0,1,0,0,1,1,3,0,0,0,0,-1,2,0,1,-1,-1,-1,-1,-1,10,-1,1,1,3,-1,-1,3,0,0,1,0,0,10,0,0,0,1.79769e+308
1,0,0,0,-1,0,1,1,0,0,0,0,2,0,-1,-1,2,2,-1,2,2,3,0,2,150,0,9223372036800000000,1e+75,0,10,0,0,7,0,1,1,1000,0,1,1,-1,0,0,0,0,0,2,0,1,-1,-1,-1,-1,1,10,-1,1,1,3,-1,-1,0,0,0,1,0,0,10,0,0,0,1.79769e+308
1,0,0,0,-1,0,1,3,0,0,4,0,2,0,1,-1,-1,1,1,0,-1,3,0,8,50,0,9223372036800000000,1e+75,0,10,0,1,7,0,2,1,100,0,1,1,0,0,0,5,0,4,3,0,1,-1,-1,-1,0,1,10,-1,1,1,3,1,-1,1,0,0,1,2,0,10,0,0,0,12.49
1,0,0,0,-1,0,1,2,0,0,0,0,1,0,0,1,-1,0,2,0,1,3,0,-1,150,0,9223372036800000000,1e+75,0,10,0,0,7,0,3,1,0,0,1,1,0,0,0,0,0,2,2,0,1,-1,-1,-1,-1,0,10,-1,1,1,3,-1,-1,-1,0,0,1,0,0,10,0,0,0,14.74
1,0,0,0,-1,0,1,5,0,0,0,0,-1,0,1,2,-1,-1,-1,-1,0,3,0,16,400,0,9223372036800000000,1e+75,0,10,0,0,7,0,1,1,40,0,1,0,-1,0,0,5,0,4,2,0,1,-1,-1,-1,-1,1,10,-1,1,1,3,-1,-1,5,0,0,1,5,0,10,0,0,0,23.95
1,0,0,0,-1,0,1,3,0,0,0,0,-1,0,-1,-1,1,0,2,1,1,5,0,-1,800,0,9223372036800000000,1e+75,0,10,0,0,7,0,3,1,40,0,1,1,1,0,0,0,0,0,2,0,1,-1,-1,-1,-1,0,10,-1,1,1,3,-1,-1,-1,0,0,1,2,0,10,0,0,0,12.26
1,0,0,0,-1,0,1,5,0,0,1,0,1,0,1,1,0,1,2,0,-1,3,0,2,150,0,9223372036800000000,1e+75,0,10,0,1,7,0,0,2,100,0,1,0,2,0,0,0,0,4,1,0,1,-1,-1,-1,-1,1,10,-1,1,1,3,1,-1,0,0,0,1,4,0,10,0,0,0,56.2
1,0,0,0,-1,0,1,1,0,0,0,0,-1,0,-1,-1,2,2,-1,2,2,3,0,2,150,0,9223372036800000000,1e+75,0,10,0,0,7,0,1,1,1000,0,1,1,2,0,0,0,0,0,2,0,1,-1,-1,-1,-1,1,10,-1,1,1,3,-1,-1,0,0,0,1,0,0,10,0,0,0,1.79769e+308
1,0,0,0,-1,0,1,0,0,0,0,0,3,0,1,2,0,1,2,2,0,3,0,-1,800,0,9223372036800000000,1e+75,0,10,0,0,7,0,1,1,0,0,1,1,0,0,0,0,0,2,2,0,1,-1,-1,-1,-1,0,10,-1,1,1,3,-1,-1,-1,0,0,1,0,0,10,0,0,0,27.44
1,0,0,0,-1,0,1,4,0,0,0,0,2,0,1,1,-1,2,2,1,2,3,0,-1,10,0,9223372036800000000,1e+75,0,10,0,0,7,0,0,1,0,0,1,1,0,0,0,0,0,0,2,0,1,-1,-1,-1,-1,0,10,-1,1,1,3,-1,-1,-1,0,0,1,0,0,10,0,0,0,24.95
1,0,0,0,-1,0,1,1,0,0,0,0,2,0,-1,-1,2,2,-1,2,2,3,0,2,150,0,9223372036800000000,1e+75,0,10,0,0,7,0,1,1,1000,0,1,1,0,0,0,0,0,0,2,0,1,-1,-1,-1,-1,1,10,-1,1,1,3,-1,-1,0,0,0,1,0,0,10,0,0,0,1.79769e+308
1,0,0,0,-1,0,1,2,0,0,1,0,2,0,1,-1,1,2,2,0,0,3,0,16,800,0,9223372036800000000,1e+75,0,10,0,1,7,0,2,1,1000,0,1,1,3,0,0,1,0,1,3,3,1,-1,0,-1,3,0,10,-1,1,1,0,1,-1,-1,0,0,1,4,0,10,0,0,0,23.32
1,0,0,0,-1,0,1,1,0,0,0,0,2,0,-1,-1,2,2,-1,2,2,3,0,2,150,0,9223372036800000000,1e+75,0,10,0,0,7,0,2,1,1000,0,1,1,2,0,0,0,0,0,2,0,1,-1,-1,-1,-1,1,10,-1,1,1,3,-1,-1,0,0,0,1,0,0,10,0,0,0,1.79769e+308
1,0,0,0,-1,0,1,1,0,0,0,0,3,0,0,0,-1,-1,0,0,-1,3,0,-1,200,0,9223372036800000000,1e+75,0,10,0,0,7,0,2,1,0,0,1,1,1,0,0,0,0,0,2,0,1,-1,-1,-1,-1,0,10,-1,1,1,3,-1,-1,-1,0,0,1,0,0,10,0,0,0,16.49
1,0,0,0,-1,0,1,1,0,0,0,0,2,0,-1,-1,2,2,-1,2,2,3,0,2,150,0,9223372036800000000,1e+75,0,10,0,0,7,0,1,1,1000,0,1,1,2,0,0,0,0,0,2,0,1,-1,-1,-1,-1,1,10,-1,1,1,3,-1,-1,0,0,0,1,0,0,10,0,0,0,1.79769e+308
1,0,0,0,-1,0,1,0,0,0,0,0,-1,0,0,-1,-1,0,-1,1,-1,3,0,1,25,0,9223372036800000000,1e+75,0,10,0,0,7,0,0,1,-1,0,1,1,2,0,0,1,0,0,2,0,1,-1,-1,-1,-1,-1,10,-1,1,1,3,-1,-1,3,0,0,1,3,0,10,0,0,0,29.19
1,0,0,0,-1,0,1,3,0,0,0,0,-1,0,0,2,0,-1,1,1,2,3,0,-1,150,0,9223372036800000000,1e+75,0,10,0,0,7,0,3,1,0,0,1,1,-1,0,0,0,0,0,2,0,1,-1,-1,-1,-1,0,10,-1,1,1,3,-1,-1,-1,0,0,1,0,0,10,0,0,0,17.64
1,0,0,0,-1,0,1,4,0,0,4,0,3,0,1,2,2,1,2,2,-1,3,0,2,10,0,9223372036800000000,1e+75,0,10,0,3,7,0,3,2,0,0,1,1,0,0,0,1,0,3,1,0,1,-1,-1,-1,2,0,10,-1,1,1,1,1,-1,2,0,0,1,0,0,10,0,0,0,23.53
1,0,0,0,-1,0,1,1,0,0,0,0,3,0,0,0,-1,-1,0,0,2,3,0,-1,200,0,9223372036800000000,1e+75,0,10,0,0,7,0,2,1,-1,0,1,1,1,0,0,0,0,0,2,0,1,-1,-1,-1,1,0,10,-1,1,1,3,-1,-1,-1,0,0,1,0,0,10,0,0,0,15
1,0,0,0,-1,0,1,1,0,0,0,0,3,0,0,0,-1,-1,0,0,2,3,0,-1,200,0,9223372036800000000,1e+75,0,10,0,0,7,0,2,1,0,0,1,1,1,0,0,0,0,0,2,0,1,-1,-1,-1,-1,0,10,-1,1,1,3,-1,-1,4,0,0,1,0,0,10,0,0,0,16.49
1,0,0,0,-1,0,1,5,0,0,1,0,1,0,-1,2,2,1,0,1,2,3,0,2,200,0,9223372036800000000,1e+75,0,10,0,0,7,0,1,2,100,0,1,0,-1,0,0,1,0,3,1,3,1,-1,-1,-1,0,1,10,-1,1,1,3,-1,-1,-1,0,0,1,0,0,10,0,0,0,21.32
1,0,0,0,-1,0,1,1,0,0,0,0,3,0,0,0,-1,-1,0,0,2,3,0,-1,200,0,9223372036800000000,1e+75,0,10,0,0,7,0,2,1,1000,0,1,1,1,0,0,0,0,0,2,0,1,-1,-1,-1,-1,0,10,-1,1,1,3,-1,-1,-1,0,0,1,0,0,10,0,0,0,17.17
1,0,0,0,-1,0,1,1,0,0,0,0,3,0,0,0,-1,-1,0,0,2,3,0,-1,200,0,9223372036800000000,1e+75,0,10,0,0,7,0,2,1,-1,0,1,1,1,0,0,0,0,0,2,0,1,-1,-1,-1,2,0,10,-1,1,1,3,-1,-1,-1,0,0,1,0,0,10,0,0,0,15
1,0,0,0,-1,0,1,1,0,0,0,0,3,0,0,-1,-1,-1,0,0,2,3,0,-1,200,0,9223372036800000000,1e+75,0,10,0,0,7,0,2,1,0,0,1,1,1,0,0,0,0,0,2,0,1,-1,-1,-1,-1,0,10,-1,1,1,3,-1,-1,-1,0,0,1,0,0,10,0,0,0,23.73
1,0,0,0,-1,0,1,1,0,0,0,0,1,0,-1,-1,1,-1,1,2,-1,3,0,8,10,0,9223372036800000000,1e+75,0,10,0,0,7,0,0,1,20,0,1,0,2,0,0,4,0,2,2,0,1,-1,-1,-1,-1,0,10,-1,1,1,3,-1,-1,1,0,0,1,0,0,10,0,0,0,22.95
1,0,0,0,-1,0,1,1,0,0,0,0,0,0,0,0,0,0,0,0,2,3,0,-1,200,0,9223372036800000000,1e+75,0,10,0,0,7,0,0,1,0,0,1,1,0,0,0,0,0,0,2,0,1,-1,-1,-1,-1,0,10,-1,1,1,3,-1,-1,-1,0,0,1,0,0,10,0,0,0,23.78
1,0,0,0,-1,0,1,3,0,0,0,0,-1,0,-1,-1,1,0,2,1,1,3,0,-1,800,0,9223372036800000000,1e+75,0,10,0,0,7,0,2,1,0,0,1,1,0,0,0,0,0,0,2,0,1,-1,-1,-1,-1,0,10,-1,1,1,3,-1,-1,-1,0,0,1,0,0,10,0,0,0,9.3
1,0,0,0,-1,0,1,1,0,0,0,0,3,0,-1,0,-1,-1,0,0,2,3,0,-1,200,0,9223372036800000000,1e+75,0,10,0,0,7,0,2,1,0,0,1,1,1,0,0,0,0,0,2,0,1,-1,-1,-1,-1,0,10,-1,1,1,3,-1,-1,-1,0,0,1,0,0,10,0,0,0,16.49
1,0,0,0,-1,1,1,3,0,0,0,0,-1,0,-1,-1,1,0,2,1,1,3,0,-1,800,0,9223372036800000000,1e+75,0,10,0,0,7,0,3,1,40,0,1,1,1,0,0,0,0,0,2,0,1,-1,-1,-1,-1,0,10,-1,1,1,3,-1,-1,-1,0,0,1,2,0,10,0,0,0,8.95
1,0,0,0,-1,0,1,4,0,0,0,0,0,0,0,2,1,0,1,2,2,3,0,-1,800,0,9223372036800000000,1e+75,0,10,0,0,7,0,2,1,0,0,1,1,0,0,0,0,0,0,2,0,1,-1,-1,-1,-1,0,10,-1,1,1,3,-1,-1,-1,0,0,1,0,0,10,0,0,0,24.35
1,0,0,0,-1,0,1,1,0,0,0,0,3,0,0,0,-1,-1,0,0,2,3,0,-1,200,0,9223372036800000000,1e+75,0,10,0,0,7,0,2,1,0,0,1,1,0,0,0,0,0,0,2,0,1,-1,-1,-1,-1,0,10,-1,1,1,3,-1,-1,2,0,0,1,0,0,10,0,0,0,17.69
1,0,0,0,-1,0,1,3,0,0,0,0,-1,0,-1,-1,1,0,2,1,1,3,0,-1,800,0,9223372036800000000,1e+75,0,10,0,0,7,0,3,1,40,0,1,1,1,0,0,0,0,0,2,0,1,-1,-1,-1,-1,0,10,-1,1,1,3,-1,-1,-1,0,0,1,0,0,10,0,0,0,9.03
1,0,0,0,-1,0,1,0,0,0,0,0,-1,0,-1,-1,0,-1,1,0,2,3,0,8,800,0,9223372036800000000,1e+75,0,10,0,0,7,0,2,1,0,0,1,0,2,0,0,5,0,0,2,0,1,-1,-1,-1,-1,0,10,-1,1,1,3,-1,-1,1,0,0,1,1,0,10,0,0,0,20.74
1,0,0,0,-1,0,1,5,0,0,0,0,2,0,0,-1,2,0,0,-1,-1,3,0,-1,200,0,9223372036800000000,1e+75,0,10,0,0,7,0,0,1,0,0,1,1,0,0,0,0,0,0,2,0,1,-1,-1,-1,-1,0,10,-1,1,1,3,-1,-1,-1,0,0,1,0,0,10,0,0,0,26.5
1,0,0,0,-1,0,1,0,0,0,0,0,-1,0,0,0,-1,0,-1,0,0,3,0,-1,150,0,9223372036800000000,1e+75,0,10,0,0,7,0,3,1,500,0,1,1,3,0,0,0,0,1,2,0,1,-1,1,-1,-1,-1,10,-1,1,1,3,-1,-1,4,0,0,1,3,0,10,0,0,0,56.39
1,0,0,0,-1,0,1,3,0,0,0,0,2,0,1,0,1,-1,-1,1,0,3,0,-1,100,0,9223372036800000000,1e+75,0,10,0,0,7,0,0,1,0,0,1,1,0,0,0,0,0,0,2,0,1,-1,-1,-1,-1,0,10,-1,1,1,3,-1,-1,-1,0,0,1,0,0,10,0,0,0,22.34
1,0,0,0,-1,0,1,5,0,0,0,0,2,0,1,-1,-1,-1,-1,0,2,3,0,16,50,0,9223372036800000000,1e+75,0,10,0,0,7,0,1,1,100,0,1,1,0,0,0,0,0,0,2,0,1,-1,-1,-1,-1,-1,10,-1,1,1,3,-1,-1,1,0,0,1,0,0,10,0,0,0,20.76
1,0,0,0,-1,0,1,3,0,0,0,3,-1,0,-1,-1,1,0,2,1,1,3,0,-1,800,0,9223372036800000000,1e+75,0,10,0,0,7,0,3,1,40,0,1,1,1,0,0,0,0,0,2,0,1,-1,-1,-1,-1,0,10,-1,1,1,3,-1,-1,-1,0,0,1,2,0,10,0,0,0,8.95
1,0,0,0,-1,0,1,3,0,0,0,0,-1,0,-1,-1,1,0,2,1,1,3,0,-1,800,0,9223372036800000000,1e+75,0,10,0,0,7,0,3,1,0,0,1,1,1,0,0,0,0,0,2,0,1,-1,-1,-1,-1,1,10,-1,1,1,3,-1,-1,-1,0,0,1,0,0,10,0,0,0,1.79769e+308
1,0,0,0,-1,0,1,3,0,0,0,0,3,0,-1,-1,1,2,2,1,1,3,0,-1,800,0,9223372036800000000,1e+75,0,10,0,0,7,0,0,1,0,0,1,1,0,0,0,0,0,0,2,0,1,-1,-1,-1,-1,0,10,-1,1,1,3,-1,-1,-1,0,0,1,0,0,10,0,0,0,11.23
1,0,0,0,-1,0,1,3,0,0,0,0,-1,0,-1,-1,1,0,2,1,1,3,0,-1,800,0,9223372036800000000,1e+75,0,10,0,0,7,0,3,1,0,0,1,1,1,0,0,0,0,0,2,0,1,-1,-1,-1,-1,0,10,-1,1,1,3,-1,-1,5,0,0,1,0,0,10,0,0,0,9.06
1,0,0,0,-1,0,1,3,0,0,0,0,-1,0,-1,-1,1,0,2,1,1,3,0,-1,800,0,9223372036800000000,1e+75,0,10,0,0,7,0,0,1,0,0,1,1,0,0,0,0,0,-1,2,0,1,-1,-1,-1,-1,0,10,-1,1,1,3,-1,-1,-1,0,0,1,0,0,10,0,0,0,1.79769e+308
1,0,0,0,-1,0,1,1,0,0,0,0,3,0,0,0,-1,-1,0,0,2,3,0,-1,200,0,9223372036800000000,1e+75,0,10,0,0,7,0,2,1,-1,0,1,1,1,0,0,0,0,0,2,0,1,-1,-1,-1,-1,-1,10,-1,1,1,3,-1,-1,-1,0,0,1,0,0,10,0,0,0,15.12
1,0,0,0,-1,0,1,3,0,0,0,0,-1,0,-1,-1,1,0,2,1,1,3,0,-1,800,0,9223372036800000000,1e+75,0,10,0,0,7,0,3,1,0,0,1,1,1,0,0,0,0,0,2,0,1,-1,-1,-1,-1,0,10,-1,1,1,3,-1,-1,1,0,0,1,0,0,10,0,0,0,9.06
1,0,0,0,-1,0,1,0,0,0,0,0,1,0,0,2,0,-1,2,0,-1,3,0,-1,150,0,9223372036800000000,1e+75,0,10,0,0,7,0,2,1,1000,0,1,1,2,0,0,0,0,2,2,0,1,-1,-1,-1,-1,0,10,-1,1,1,3,-1,-1,5,0,0,1,0,0,10,0,0,0,15.87
1,0,0,0,-1,0,1,3,0,0,0,0,-1,0,-1,-1,1,0,2,1,1,3,0,-1,800,0,9223372036800000000,1e+75,0,10,0,0,7,0,3,1,0,0,1,1,1,0,0,0,0,0,2,0,1,-1,-1,-1,-1,0,10,-1,1,1,3,-1,-1,0,0,0,1,0,0,10,0,0,0,9.06
1,0,0,0,-1,0,1,4,0,0,0,0,2,0,1,2,-1,2,2,1,2,3,0,-1,800,0,9223372036800000000,1e+75,0,10,0,0,7,0,0,1,0,0,1,1,0,0,0,0,0,0,2,0,1,-1,-1,-1,-1,0,10,-1,1,1,3,-1,-1,-1,0,0,1,0,0,10,0,0,0,10.1
1,0,0,0,-1,0,1,4,0,0,4,0,3,0,1,2,2,1,2,2,-1,3,0,2,10,0,9223372036800000000,1e+75,0,10,0,3,7,0,3,2,0,0,1,1,0,0,0,2,0,3,1,2,1,-1,-1,-1,2,0,10,-1,1,1,1,1,-1,2,0,0,1,0,0,10,0,0,0,16.25
1,0,0,0,-1,0,1,0,0,0,0,0,1,0,0,2,0,-1,0,0,2,3,0,-1,150,0,9223372036800000000,1e+75,0,10,0,0,7,0,2,1,1000,0,1,1,2,0,0,0,0,2,2,0,1,-1,-1,-1,-1,0,10,-1,1,1,3,-1,-1,5,0,0,1,0,0,10,0,0,0,15.87
1,0,0,0,-1,0,1,0,0,0,0,0,-1,0,-1,-1,0,0,-1,1,1,3,0,4,400,0,9223372036800000000,1e+75,0,10,0,0,7,0,3,1,0,0,1,1,1,0,0,0,0,2,2,0,1,-1,-1,-1,-1,0,10,-1,1,1,3,-1,-1,-1,0,0,1,0,0,10,0,0,0,24.09
1,0,0,0,-1,0,1,0,0,0,0,0,-1,0,-1,2,-1,1,2,0,0,3,0,8,150,0,9223372036800000000,1e+75,0,10,0,3,7,0,1,1,1000,0,1,1,1,0,0,5,0,4,1,2,1,-1,1,-1,3,-1,10,-1,1,1,0,1,-1,5,0,0,1,5,0,10,0,0,0,31.16
1,0,0,0,-1,0,1,2,0,0,0,0,2,0,1,-1,1,2,2,-1,0,3,0,16,800,0,9223372036800000000,1e+75,0,10,0,1,7,0,2,1,0,0,1,1,0,0,0,1,0,1,3,3,1,-1,0,-1,3,0,10,-1,1,1,0,1,-1,-1,0,0,1,5,0,10,0,0,0,22.39
1,0,0,0,-1,0,1,4,0,0,0,0,2,0,0,2,0,0,0,-1,2,3,0,16,50,0,9223372036800000000,1e+75,0,10,0,0,7,0,1,1,0,0,1,0,3,0,0,1,0,-1,2,0,1,-1,-1,-1,-1,-1,10,-1,1,1,3,-1,-1,1,0,0,1,3,0,10,0,0,0,26.4
1,0,0,0,-1,0,1,0,0,0,0,0,-1,0,-1,-1,0,2,0,1,1,3,0,4,400,0,9223372036800000000,1e+75,0,10,0,0,7,0,3,1,0,0,1,1,1,0,0,0,0,2,2,0,1,-1,-1,-1,-1,0,10,-1,1,1,3,-1,-1,-1,0,0,1,0,0,10,0,0,0,13.22
1,0,0,0,-1,0,1,3,0,0,0,0,0,0,-1,-1,1,0,2,1,1,3,0,-1,800,0,9223372036800000000,1e+75,0,10,0,0,7,0,0,1,0,0,1,1,0,0,0,0,0,0,2,0,1,-1,-1,-1,-1,0,10,-1,1,1,3,-1,-1,-1,0,0,1,0,0,10,0,0,0,9.27
1,0,0,0,-1,0,1,0,0,0,2,0,2,0,1,0,0,2,2,0,-1,3,0,1,400,0,9223372036800000000,1e+75,0,10,0,3,7,0,2,0,0,0,1,0,2,0,0,5,0,0,2,3,1,-1,0,-1,1,-1,10,-1,1,1,0,-1,-1,4,0,0,1,0,0,10,0,0,0,22.01
1,0,0,0,-1,0,1,2,0,0,0,0,1,0,1,0,0,0,2,2,2,3,0,-1,50,0,9223372036800000000,1e+75,0,10,0,0,7,0,0,1,0,0,1,1,0,0,0,0,0,4,2,0,1,-1,-1,-1,-1,0,10,-1,1,1,3,-1,-1,-1,0,0,1,0,0,10,0,0,0,19.15
1,0,0,0,-1,0,1,3,0,0,4,0,2,0,1,-1,-1,1,1,0,-1,3,0,8,50,0,9223372036800000000,1e+75,0,10,0,3,7,0,2,1,20,0,1,1,0,0,0,5,0,4,3,0,1,-1,-1,-1,0,1,10,-1,1,1,3,1,-1,1,0,0,1,2,0,10,0,0,0,12.52
1,0,0,0,-1,0,1,0,0,0,0,0,-1,0,0,-1,1,-1,1,1,2,3,0,-1,800,0,9223372036800000000,1e+75,0,10,0,1,7,0,3,0,0,0,1,0,2,0,0,6,0,1,3,2,1,-1,-1,-1,2,-1,10,-1,1,1,0,-1,-1,1,0,0,1,5,0,10,0,0,0,53.24
1,0,0,0,-1,0,1,5,0,0,0,0,1,0,-1,1,-1,1,0,1,0,3,0,8,400,0,9223372036800000000,1e+75,0,10,0,0,7,0,3,1,1000,0,1,1,-1,0,0,6,0,1,2,0,1,-1,-1,-1,-1,-1,10,-1,1,1,3,-1,-1,-1,0,0,1,5,0,10,0,0,0,30.92
1,0,0,0,-1,0,1,0,0,0,0,0,1,0,-1,-1,0,2,-1,1,1,3,0,4,400,0,9223372036800000000,1e+75,0,10,0,0,7,0,3,1,0,0,1,1,1,0,0,0,0,2,2,0,1,-1,-1,-1,-1,0,10,-1,1,1,3,-1,-1,-1,0,0,1,0,0,10,0,0,0,13.22
1,0,0,0,-1,0,1,0,0,0,0,0,-1,0,-1,-1,0,2,-1,1,1,3,0,4,400,0,9223372036800000000,1e+75,0,10,0,0,7,0,3,1,0,0,1,1,1,0,0,0,0,2,2,0,1,-1,-1,-1,-1,0,10,-1,1,1,3,-1,-1,-1,0,0,1,0,0,10,0,0,0,13.22
1,0,0,0,-1,0,1,0,0,0,0,0,1,0,-1,-1,-1,0,-1,1,-1,3,0,-1,400,0,9223372036800000000,1e+75,0,10,0,0,7,0,2,1,0,0,1,1,0,0,0,0,0,2,2,0,1,-1,-1,-1,-1,0,10,-1,1,1,3,-1,-1,-1,0,0,1,0,0,10,0,0,0,23.39
1,0,0,0,-1,0,1,2,0,0,1,0,2,0,1,-1,1,2,2,1,-1,3,0,16,800,0,9223372036800000000,1e+75,0,10,0,1,7,0,2,1,1000,0,1,1,3,0,0,1,0,1,3,3,1,-1,0,-1,3,0,10,-1,1,1,0,1,-1,-1,0,0,1,4,0,10,0,0,0,23.28
1,0,0,0,-1,0,1,2,0,0,0,0,3,0,1,-1,2,0,1,-1,1,3,0,16,50,0,9223372036800000000,1e+75,0,10,0,0,7,0,3,1,40,0,1,0,-1,0,0,2,0,-1,2,0,1,-1,0,-1,-1,1,10,-1,1,1,3,-1,-1,5,0,0,1,1,0,10,0,0,0,31.93
1,0,0,0,-1,0,1,2,0,0,0,0,1,0,0,2,1,-1,0,0,1,3,0,8,400,0,9223372036800000000,1e+75,0,10,0,0,7,0,0,1,0,0,1,1,1,0,0,0,0,0,2,0,1,-1,-1,-1,-1,0,10,-1,1,1,3,-1,-1,-1,0,0,1,0,0,10,0,0,0,25.58
1,0,0,0,-1,0,1,2,0,0,0,0,1,0,0,2,1,-1,0,0,1,3,0,2,400,0,9223372036800000000,1e+75,0,10,0,0,7,0,0,1,0,0,1,1,1,0,0,0,0,0,2,0,1,-1,-1,-1,-1,0,10,-1,1,1,3,-1,-1,-1,0,0,1,0,0,10,0,0,0,24.84
1,0,0,0,-1,0,1,5,0,0,0,0,1,0,0,-1,2,0,0,1,-1,3,0,-1,200,0,9223372036800000000,1e+75,0,10,0,0,7,0,0,1,0,0,1,1,0,0,0,0,0,0,2,0,1,-1,-1,-1,-1,0,10,-1,1,1,3,-1,-1,-1,0,0,1,0,0,10,0,0,0,19.17
1,0,0,0,-1,0,1,1,0,0,0,0,-1,0,-1,1,0,-1,-1,2,-1,3,0,-1,25,0,9223372036800000000,1e+75,0,10,0,1,7,0,1,0,40,0,1,1,0,0,0,0,0,1,1,0,1,-1,1,-1,-1,1,10,-1,1,1,1,1,-1,4,0,0,1,1,0,10,0,0,0,16.45
1,0,0,0,-1,0,1,1,0,0,0,0,3,0,0,0,-1,-1,0,0,2,3,0,-1,200,0,9223372036800000000,1e+75,0,10,0,0,7,0,2,1,0,0,1,1,1,0,0,0,0,0,2,0,1,-1,-1,-1,-1,-1,10,-1,1,1,3,-1,-1,-1,0,0,1,0,0,10,0,0,0,16.49
1,0,0,0,-1,0,1,1,0,0,0,0,3,0,0,0,-1,-1,0,0,2,3,0,-1,200,0,9223372036800000000,1e+75,0,10,0,0,7,0,2,1,-1,0,1,1,1,0,0,0,0,0,2,0,1,-1,-1,-1,-1,0,10,-1,1,1,3,-1,-1,-1,0,0,1,0,0,10,0,0,0,15.12
1,0,0,0,-1,0,1,0,0,0,0,0,1,0,0,-1,2,0,1,1,-1,3,0,8,50,0,9223372036800000000,1e+75,0,10,0,0,7,0,0,1,0,0,1,1,3,0,0,1,0,0,2,0,1,-1,-1,-1,-1,-1,10,-1,1,1,3,-1,-1,4,0,0,1,4,0,10,0,0,0,12.94
1,0,0,0,-1,0,1,2,0,0,0,0,3,0,0,0,-1,2,1,1,-1,3,0,2,25,0,9223372036800000000,1e+75,0,10,0,0,7,0,0,1,0,0,1,1,3,0,0,0,0,0,2,0,1,-1,-1,-1,-1,0,10,-1,1,1,3,-1,-1,-1,0,0,1,0,0,10,0,0,0,25.97
1,0,0,0,-1,0,1,2,0,0,0,0,3,0,0,1,-1,2,1,1,-1,3,0,2,800,0,9223372036800000000,1e+75,0,10,0,0,7,0,0,1,0,0,1,1,3,0,0,0,0,0,2,0,1,-1,-1,-1,-1,0,10,-1,1,1,3,-1,-1,-1,0,0,1,0,0,10,0,0,0,29.8
1,0,0,0,-1,0,1,3,0,0,0,0,-1,0,0,2,0,2,1,1,2,3,0,-1,150,0,9223372036800000000,1e+75,0,10,0,0,7,0,3,1,0,0,1,1,2,0,0,0,0,0,2,0,1,-1,-1,-1,-1,0,10,-1,1,1,3,-1,-1,-1,0,0,1,0,0,10,0,0,0,17.99
1,0,0,0,-1,0,1,3,0,0,0,0,-1,0,0,2,0,-1,-1,1,2,3,0,-1,150,0,9223372036800000000,1e+75,0,10,0,0,7,0,3,1,0,0,1,1,2,0,0,0,0,0,2,0,1,-1,-1,-1,-1,0,10,-1,1,1,3,-1,-1,-1,0,0,1,0,0,10,0,0,0,15.21
1,0,0,0,-1,0,1,1,0,0,0,0,1,0,-1,-1,1,1,1,2,-1,3,0,2,100,0,9223372036800000000,1e+75,0,10,0,0,7,0,0,1,20,0,1,0,2,0,0,4,0,0,2,0,1,-1,-1,-1,-1,0,10,-1,1,1,3,-1,-1,1,0,0,1,0,0,10,0,0,0,1.79769e+308
1,0,0,0,-1,0,1,3,0,0,0,0,0,0,0,0,2,2,1,1,2,3,0,2,10,0,9223372036800000000,1e+75,0,10,0,0,7,0,2,1,0,0,1,1,2,0,0,0,0,4,2,0,1,-1,-1,-1,-1,0,10,-1,1,1,3,-1,-1,-1,0,0,1,0,0,10,0,0,0,25.32
1,0,0,0,-1,0,1,0,0,0,0,0,-1,0,-1,-1,0,2,-1,1,1,3,0,4,400,0,9223372036800000000,1e+75,0,10,0,0,7,0,3,1,0,0,1,1,0,0,0,0,0,2,2,0,1,-1,-1,-1,-1,0,10,-1,1,1,3,-1,-1,-1,0,0,1,0,0,10,0,0,0,18.93
1,0,0,0,-1,0,1,3,0,0,0,0,-1,0,0,0,0,-1,1,1,2,3,0,-1,150,0,9223372036800000000,1e+75,0,10,0,0,7,0,3,1,0,0,1,1,2,0,0,0,0,0,2,0,1,-1,-1,-1,-1,0,10,-1,1,1,3,-1,-1,-1,0,0,1,0,0,10,0,0,0,22.44
1,0,0,0,-1,0,1,3,0,0,0,0,-1,0,-1,2,0,-1,1,1,2,3,0,-1,150,0,9223372036800000000,1e+75,0,10,0,0,7,0,3,1,0,0,1,1,-1,0,0,0,0,0,2,0,1,-1,-1,-1,-1,0,10,-1,1,1,3,-1,-1,-1,0,0,1,0,0,10,0,0,0,17.64
1,0,0,0,-1,0,1,0,0,0,0,0,1,0,1,1,2,1,2,0,-1,3,0,16,400,0,9223372036800000000,1e+75,0,10,0,0,7,0,0,1,1000,0,1,0,1,0,0,5,0,-1,2,0,1,-1,-1,-1,-1,-1,10,-1,1,1,3,-1,-1,5,0,0,1,5,0,10,0,0,0,53.64
1,0,0,0,-1,0,1,3,0,0,0,0,-1,0,0,2,0,-1,1,1,2,3,0,-1,150,0,9223372036800000000,1e+75,0,10,0,0,7,0,3,1,0,0,1,1,2,0,0,0,0,0,2,0,1,-1,-1,-1,-1,0,10,-1,1,1,3,-1,-1,-1,0,0,1,0,0,10,0,0,0,15.21
1,0,0,0,-1,0,1,2,0,0,0,0,2,0,-1,2,1,0,-1,1,1,3,0,1,100,0,9223372036800000000,1e+75,0,10,0,0,7,0,2,1,100,0,1,0,1,0,0,0,0,0,2,0,1,-1,-1,-1,-1,1,10,-1,1,1,3,-1,-1,1,0,0,1,0,0,10,0,0,0,25.99
1,0,0,0,-1,0,1,2,0,0,0,0,1,0,0,1,-1,0,2,0,-1,3,0,-1,150,0,9223372036800000000,1e+75,0,10,0,0,7,0,1,1,0,0,1,1,0,0,0,0,0,2,2,0,1,-1,-1,-1,-1,0,10,-1,1,1,3,-1,-1,-1,0,0,1,0,0,10,0,0,0,33.67
1,0,0,0,-1,0,1,0,0,0,0,0,-1,0,-1,-1,-1,-1,2,-1,-1,3,0,16,100,0,9223372036800000000,1e+75,0,10,0,0,7,0,1,1,0,0,1,1,2,0,0,6,0,0,2,0,1,-1,-1,-1,-1,-1,10,-1,1,1,3,-1,-1,5,0,0,1,0,0,10,0,0,0,31.47
1,0,0,0,-1,0,1,2,0,0,0,0,1,0,0,1,-1,0,2,2,1,3,0,-1,150,0,9223372036800000000,1e+75,0,10,0,0,7,0,1,1,0,0,1,1,0,0,0,0,0,2,2,0,1,-1,-1,-1,-1,0,10,-1,1,1,3,-1,-1,-1,0,0,1,0,0,10,0,0,0,1.79769e+308
1,0,0,0,-1,0,1,4,0,0,0,0,3,0,1,1,0,2,-1,-1,0,3,0,16,100,0,9223372036800000000,1e+75,0,10,0,0,7,0,2,1,0,0,1,1,-1,0,0,0,0,2,2,0,1,-1,-1,-1,-1,0,10,-1,1,1,3,-1,-1,-1,0,0,1,0,0,10,0,0,0,1.79769e+308
1,0,0,0,-1,0,1,5,0,0,0,0,3,0,1,2,0,1,1,-1,-1,3,0,-1,100,0,9223372036800000000,1e+75,0,10,0,0,7,0,2,1,0,0,1,1,1,0,0,0,0,0,2,0,1,-1,-1,-1,-1,0,10,-1,1,1,3,-1,-1,-1,0,0,1,0,0,10,0,0,0,14.7
1,0,0,0,-1,0,1,1,0,0,0,0,3,0,0,0,-1,-1,-1,0,2,3,0,-1,200,0,9223372036800000000,1e+75,0,10,0,0,7,0,2,1,-1,0,1,1,1,0,0,0,0,0,2,0,1,-1,-1,-1,2,0,10,-1,1,1,3,-1,-1,-1,0,0,1,0,0,10,0,0,0,29.18
1,0,0,0,-1,0,1,5,0,0,0,0,3,0,1,2,0,1,1,-1,-1,3,0,-1,100,0,9223372036800000000,1e+75,0,10,0,0,7,0,2,1,0,0,1,1,2,0,0,0,0,0,2,0,1,-1,-1,-1,-1,0,10,-1,1,1,3,-1,-1,-1,0,0,1,0,0,10,0,0,0,14.7
1,0,0,0,-1,0,1,5,0,0,0,0,3,0,1,2,0,1,1,-1,-1,3,0,-1,150,0,9223372036800000000,1e+75,0,10,0,0,7,0,2,1,0,0,1,1,2,0,0,0,0,0,2,0,1,-1,-1,-1,-1,0,10,-1,1,1,3,-1,-1,-1,0,0,1,0,0,10,0,0,0,23.49
1,0,0,0,-1,0,1,3,0,0,0,0,-1,0,-1,-1,1,0,2,1,1,3,0,-1,800,0,9223372036800000000,1e+75,0,10,0,0,7,0,3,1,40,0,1,1,1,0,0,0,0,0,2,3,1,-1,-1,-1,-1,0,10,-1,1,1,3,-1,-1,-1,0,0,1,2,0,10,0,0,0,8.95
1,0,0,0,-1,0,1,2,0,0,0,0,2,0,0,2,0,0,1,1,1,3,0,1,100,0,9223372036800000000,1e+75,0,10,0,0,7,0,1,1,0,0,1,1,3,0,0,0,0,4,2,0,1,-1,-1,-1,-1,0,10,-1,1,1,3,-1,-1,-1,0,0,1,0,0,10,0,0,0,41.39
1,0,0,0,-1,0,1,4,0,0,0,0,3,0,-1,2,0,0,0,-1,1,3,0,-1,50,0,9223372036800000000,1e+75,0,10,0,0,7,0,2,1,0,0,1,1,0,0,0,0,0,-1,2,0,1,-1,-1,-1,-1,0,10,-1,1,1,3,-1,-1,-1,0,0,1,0,0,10,0,0,0,32.43
1,0,0,0,-1,0,1,2,0,0,0,0,-1,0,-1,1,0,1,2,0,1,3,0,1,800,0,9223372036800000000,1e+75,0,10,0,0,7,0,2,1,0,0,1,1,1,0,0,0,0,4,2,0,1,-1,-1,-1,-1,0,10,-1,1,1,3,-1,-1,-1,0,0,1,0,0,10,0,0,0,40.11
1,0,0,0,-1,0,1,0,0,0,0,0,0,0,0,-1,0,-1,1,1,-1,3,0,-1,800,0,9223372036800000000,1e+75,0,10,0,0,7,0,0,1,0,0,1,1,0,0,0,0,0,0,2,0,1,-1,-1,-1,-1,0,10,-1,1,1,3,-1,-1,-1,0,0,1,0,0,10,0,0,0,32.39
1,0,0,2,-1,0,1,3,0,0,0,0,-1,0,-1,-1,1,0,2,1,1,3,0,-1,800,0,9223372036800000000,1e+75,0,10,0,0,7,0,3,1,40,0,1,1,1,0,0,0,0,0,2,0,1,-1,-1,-1,-1,0,10,-1,1,1,3,-1,-1,-1,0,0,1,2,0,10,0,0,0,8.95
1,0,0,0,-1,0,1,2,0,0,0,0,3,0,-1,1,0,1,2,-1,1,3,0,1,800,0,9223372036800000000,1e+75,0,10,0,0,7,0,2,1,0,0,1,1,1,0,0,0,0,4,2,0,1,-1,-1,-1,-1,0,10,-1,1,1,3,-1,-1,-1,0,0,1,0,0,10,0,0,0,33.38
1,0,0,0,-1,0,1,2,0,0,0,0,-1,0,-1,1,0,1,2,-1,1,3,0,1,800,0,9223372036800000000,1e+75,0,10,0,0,7,0,2,1,0,0,1,1,3,0,0,0,0,4,2,0,1,-1,-1,-1,-1,0,10,-1,1,1,3,-1,-1,-1,0,0,1,0,0,10,0,0,0,41.93
1,0,0,0,-1,0,1,5,0,0,0,0,2,0,1,0,0,2,-1,2,1,3,0,4,400,0,9223372036800000000,1e+75,0,10,0,0,7,0,2,1,20,0,1,0,2,0,0,0,0,2,2,0,1,-1,-1,-1,-1,0,10,-1,1,1,3,-1,-1,3,0,0,1,4,0,10,0,0,0,22.99
1,0,0,0,-1,0,1,2,0,0,0,0,-1,0,-1,1,0,1,1,-1,1,3,0,1,800,0,9223372036800000000,1e+75,0,10,0,0,7,0,2,1,0,0,1,1,1,0,0,0,0,4,2,0,1,-1,-1,-1,-1,0,10,-1,1,1,3,-1,-1,-1,0,0,1,0,0,10,0,0,0,33.38
1,0,0,0,-1,0,1,2,0,0,0,0,1,0,0,1,1,-1,-1,-1,2,3,0,4,50,0,9223372036800000000,1e+75,0,10,0,0,7,0,1,1,0,0,1,0,-1,0,0,5,0,0,2,0,1,-1,-1,-1,-1,-1,10,-1,1,1,3,-1,-1,0,0,0,1,5,0,10,0,0,0,17.86
1,0,0,0,-1,0,1,2,0,0,0,0,0,0,1,0,2,2,1,1,2,3,0,2,150,0,9223372036800000000,1e+75,0,10,0,0,7,0,2,1,0,0,1,1,2,0,0,0,0,4,2,0,1,-1,-1,-1,-1,0,10,-1,1,1,3,-1,-1,-1,0,0,1,0,0,10,0,0,0,14.99
1,0,0,0,-1,0,1,3,0,0,0,0,2,0,1,-1,-1,1,1,0,-1,3,0,8,50,0,9223372036800000000,1e+75,0,10,0,1,7,0,2,1,20,0,1,1,0,0,0,5,0,4,3,0,1,-1,-1,-1,0,1,10,-1,1,1,3,1,-1,1,0,0,1,2,0,10,0,0,0,12.52
1,0,0,0,-1,0,1,3,0,0,0,0,-1,0,0,2,0,-1,1,1,2,3,0,-1,150,0,9223372036800000000,1e+75,0,10,0,0,7,0,3,1,0,0,1,1,2,0,0,0,0,-1,2,0,1,-1,-1,-1,-1,0,10,-1,1,1,3,-1,-1,-1,0,0,1,0,0,10,0,0,0,1.79769e+308
1,0,0,0,-1,0,1,2,0,0,0,0,0,0,1,0,2,2,1,1,2,3,0,2,10,0,9223372036800000000,1e+75,0,10,0,0,7,0,2,1,0,0,1,1,2,0,0,0,0,4,2,0,1,-1,-1,-1,-1,0,10,-1,1,1,3,-1,-1,-1,0,0,1,0,0,10,0,0,0,16.66
1,0,0,0,-1,0,1,2,0,0,0,0,3,0,1,-1,2,0,1,-1,1,3,0,16,50,0,9223372036800000000,1e+75,0,10,0,0,7,0,3,1,40,0,1,0,-1,0,0,2,0,-1,2,0,1,-1,0,-1,-1,1,10,-1,1,1,3,-1,-1,0,0,0,1,1,0,10,0,0,0,31.93
1,0,0,0,-1,0,1,4,0,0,0,0,1,0,0,0,1,0,1,-1,0,3,0,16,800,0,9223372036800000000,1e+75,0,10,0,0,7,0,1,1,0,0,1,1,-1,0,0,0,0,-1,2,0,1,-1,-1,-1,-1,0,10,-1,1,1,3,-1,-1,-1,0,0,1,0,0,10,0,0,0,30.51
1,0,0,0,-1,0,1,2,0,0,0,0,0,0,0,0,2,2,1,1,2,3,0,2,10,0,9223372036800000000,1e+75,0,10,0,0,7,0,2,1,0,0,1,1,2,0,0,0,0,4,2,0,1,-1,-1,-1,-1,0,10,-1,1,1,3,-1,-1,-1,0,0,1,0,0,10,0,0,0,16.66
1,0,0,0,-1,0,2,3,0,0,0,0,-1,0,-1,-1,1,0,2,1,1,3,0,-1,800,0,9223372036800000000,1e+75,0,10,0,0,7,0,3,1,40,0,1,1,1,0,0,0,0,0,2,0,1,-1,-1,-1,-1,0,10,-1,1,1,3,-1,-1,-1,0,0,1,2,0,10,0,0,0,8.95
1,0,0,0,-1,0,1,5,0,0,1,0,1,0,1,1,-1,1,2,0,-1,3,0,2,150,0,9223372036800000000,1e+75,0,10,0,1,7,0,0,2,100,0,1,0,2,0,0,0,0,4,1,0,1,-1,-1,-1,1,1,10,-1,1,1,3,1,-1,0,0,0,1,4,0,10,0,0,0,56.2
1,0,0,0,-1,0,1,4,0,0,0,0,2,0,0,2,0,-1,1,2,0,3,0,2,25,0,9223372036800000000,1e+75,0,10,0,0,7,0,2,1,100,0,1,1,0,0,0,0,0,3,2,0,1,-1,-1,-1,-1,-1,10,-1,1,1,3,-1,-1,1,0,0,1,0,0,10,0,0,0,21.02
1,0,0,0,-1,0,1,3,0,0,0,0,1,0,0,2,0,-1,1,1,2,3,0,-1,150,0,9223372036800000000,1e+75,0,10,0,0,7,0,3,1,0,0,1,1,2,0,0,0,0,0,2,0,1,-1,-1,-1,-1,0,10,-1,1,1,3,-1,-1,-1,0,0,1,0,0,10,0,0,0,15.21
1,0,0,0,-1,0,1,5,0,0,0,0,2,0,0,-1,2,1,2,1,0,3,0,1,400,0,9223372036800000000,1e+75,0,10,0,0,7,0,1,1,0,0,1,1,-1,0,0,0,0,2,2,0,1,-1,-1,-1,-1,0,10,-1,1,1,3,-1,-1,-1,0,0,1,0,0,10,0,0,0,30.94
1,0,0,0,-1,0,1,2,0,0,0,0,0,0,0,0,2,2,1,1,2,3,0,2,10,0,9223372036800000000,1e+75,0,10,0,0,7,0,2,1,0,0,1,1,0,0,0,0,0,4,2,0,1,-1,-1,-1,-1,0,10,-1,1,1,3,-1,-1,-1,0,0,1,0,0,10,0,0,0,23.71
1,0,0,0,-1,0,1,1,0,0,0,0,2,0,-1,-1,2,2,-1,2,2,3,0,2,50,0,9223372036800000000,1e+75,0,10,0,0,7,0,1,1,1000,0,1,1,2,0,0,0,0,0,2,0,1,-1,-1,-1,-1,1,10,-1,1,1,3,-1,-1,0,0,0,1,0,0,10,0,0,0,1.79769e+308
1,0,0,0,-1,0,1,1,0,0,0,0,-1,0,-1,1,0,-1,-1,2,-1,3,0,-1,25,0,9223372036800000000,1e+75,0,10,0,1,7,0,1,0,40,0,1,1,0,0,0,0,0,1,1,0,1,-1,1,-1,-1,1,10,-1,1,1,1,1,-1,3,0,0,1,5,0,10,0,0,0,22.41
1,0,0,0,-1,0,1,5,0,0,0,0,3,0,0,-1,2,1,2,1,0,3,0,4,400,0,9223372036800000000,1e+75,0,10,0,0,7,0,1,1,0,0,1,1,-1,0,0,0,0,2,2,0,1,-1,-1,-1,-1,0,10,-1,1,1,3,-1,-1,-1,0,0,1,0,0,10,0,0,0,24.2
1,0,0,0,-1,0,1,3,0,0,0,0,-1,0,1,2,2,-1,1,0,0,3,0,-1,50,0,9223372036800000000,1e+75,0,10,0,0,7,0,2,1,0,0,1,1,0,0,0,0,0,3,2,0,1,-1,-1,-1,-1,0,10,-1,1,1,3,-1,-1,-1,0,0,1,0,0,10,0,0,0,22.52
1,0,0,0,-1,0,1,0,0,0,0,0,-1,0,-1,2,-1,1,0,0,0,3,0,8,150,0,9223372036800000000,1e+75,0,10,0,3,7,0,1,1,0,0,1,1,1,0,0,5,0,4,1,2,1,-1,1,-1,3,-1,10,-1,1,1,0,1,-1,5,0,0,1,5,0,10,0,0,0,31.08
1,0,0,0,-1,0,1,5,0,0,0,0,2,0,0,-1,2,1,2,1,0,3,0,4,400,0,9223372036800000000,1e+75,0,10,0,0,7,0,1,1,0,0,1,1,-1,0,0,0,0,2,2,0,1,-1,-1,-1,-1,0,10,-1,1,1,3,-1,-1,-1,0,0,1,0,0,10,0,0,0,24.2
1,0,0,0,-1,0,1,2,0,0,0,0,1,0,0,0,0,0,2,2,2,3,0,-1,50,0,9223372036800000000,1e+75,0,10,0,0,7,0,0,1,0,0,1,1,0,0,0,0,0,4,2,0,1,-1,-1,-1,-1,0,10,-1,1,1,3,-1,-1,-1,0,0,1,0,0,10,0,0,0,19.15
1,0,0,0,-1,0,1,1,0,0,0,0,1,0,-1,2,2,-1,-1,2,-1,3,0,4,200,0,9223372036800000000,1e+75,0,10,0,0,7,0,2,1,-1,0,1,1,3,0,0,5,0,-1,2,0,1,-1,-1,-1,-1,1,10,-1,1,1,3,-1,-1,5,0,0,1,4,0,10,0,0,0,1.79769e+308
1,0,0,0,-1,0,1,2,0,0,0,0,2,0,0,2,-1,1,2,-1,2,3,0,-1,50,0,9223372036800000000,1e+75,0,10,0,0,7,0,0,1,0,0,1,1,0,0,0,0,0,0,2,0,1,-1,-1,-1,-1,0,10,-1,1,1,3,-1,-1,-1,0,0,1,0,0,10,0,0,0,31.85
1,0,0,0,-1,0,1,3,0,0,0,0,3,0,0,-1,1,0,-1,1,-1,3,0,1,150,0,9223372036800000000,1e+75,0,10,0,0,7,0,0,1,0,0,1,1,3,0,0,0,0,0,2,0,1,-1,-1,-1,-1,-1,10,-1,1,1,3,-1,-1,3,0,0,1,0,0,10,0,0,0,32.71
1,0,0,0,-1,0,1,4,0,0,0,0,1,0,0,2,1,0,-1,-1,1,3,0,16,800,0,9223372036800000000,1e+75,0,10,0,0,7,0,1,1,0,0,1,1,-1,0,0,0,0,-1,2,0,1,-1,-1,-1,-1,0,10,-1,1,1,3,-1,-1,-1,0,0,1,0,0,10,0,0,0,32.69
1,0,0,0,-1,0,1,5,0,0,0,0,-1,0,-1,-1,1,1,-1,-1,1,3,0,-1,200,0,9223372036800000000,1e+75,0,10,0,0,7,0,0,1,0,0,1,1,0,0,0,0,0,0,2,0,1,-1,-1,-1,-1,0,10,-1,1,1,3,-1,-1,-1,0,0,1,0,0,10,0,0,0,23.4
1,0,0,0,-1,0,1,4,0,0,0,0,1,0,0,0,1,0,1,-1,1,3,0,16,800,0,9223372036800000000,1e+75,0,10,0,0,7,0,1,1,0,0,1,1,-1,0,0,0,0,-1,2,0,1,-1,-1,-1,-1,0,10,-1,1,1,3,-1,-1,-1,0,0,1,0,0,10,0,0,0,30.51
1,0,0,0,-1,0,1,3,0,0,4,0,2,0,1,-1,-1,1,0,0,-1,3,0,8,50,0,9223372036800000000,1e+75,0,10,0,1,7,0,2,1,20,0,1,1,0,0,0,5,0,4,3,0,1,-1,-1,-1,0,1,10,-1,1,1,3,1,-1,1,0,0,1,2,0,10,0,0,0,12.52
1,0,0,0,-1,0,1,1,0,0,0,0,1,0,-1,-1,1,1,1,2,-1,3,0,2,10,0,9223372036800000000,1e+75,0,10,0,0,7,0,0,1,20,0,1,0,2,0,0,4,0,0,2,0,1,-1,-1,-1,-1,0,10,-1,1,1,3,-1,-1,1,0,0,1,3,0,10,0,0,0,1.79769e+308
1,0,0,0,-1,0,1,4,0,0,0,0,1,0,0,2,1,0,1,-1,1,3,0,16,800,0,9223372036800000000,1e+75,0,10,0,0,7,0,1,1,0,0,1,1,-1,0,0,0,0,-1,2,0,1,-1,-1,-1,-1,0,10,-1,1,1,3,-1,-1,-1,0,0,1,0,0,10,0,0,0,32.69
1,0,0,0,-1,0,1,3,0,0,0,5,-1,0,-1,-1,1,0,2,1,1,3,0,-1,800,0,9223372036800000000,1e+75,0,10,0,0,7,0,3,1,40,0,1,1,1,0,0,0,0,0,2,0,1,-1,-1,-1,-1,0,10,-1,1,1,3,-1,-1,-1,0,0,1,2,0,10,0,0,0,8.95
1,0,0,0,-1,0,1,0,0,0,3,0,1,0,-1,2,2,0,2,1,0,3,0,-1,25,0,9223372036800000000,1e+75,0,10,0,2,7,0,2,1,40,0,1,1,0,0,0,0,0,0,2,1,1,-1,-1,-1,2,0,10,-1,1,1,0,-1,-1,1,0,0,1,5,0,10,0,0,0,36.39
1,0,0,0,-1,0,1,3,0,0,0,0,-1,0,-1,-1,1,0,2,1,1,3,0,-1,800,0,9223372036800000000,1e+75,0,10,0,0,7,0,3,1,40,0,1,1,1,0,0,4,0,0,2,0,1,-1,-1,-1,-1,0,10,-1,1,1,3,-1,-1,-1,0,0,1,0,0,10,0,0,0,1.79769e+308
1,0,0,0,-1,0,1,0,0,0,2,0,2,0,1,0,0,2,2,0,-1,3,0,1,400,0,9223372036800000000,1e+75,0,10,0,3,7,0,3,0,0,0,1,0,2,0,0,5,0,0,2,3,1,-1,0,-1,0,-1,10,-1,1,1,0,-1,-1,5,0,0,1,0,0,10,0,0,0,22.44
1,0,0,0,-1,0,1,1,0,0,0,0,3,0,0,0,-1,-1,0,0,2,3,0,8,200,0,9223372036800000000,1e+75,0,10,0,0,7,0,2,1,0,0,1,1,0,0,0,0,0,0,2,0,1,-1,-1,-1,-1,0,10,-1,1,1,3,-1,-1,-1,0,0,1,0,0,10,0,0,0,17.69
1,0,0,0,-1,0,1,0,0,0,0,0,2,0,0,0,0,1,1,1,-1,3,0,-1,800,0,9223372036800000000,1e+75,0,10,0,0,7,0,0,1,0,0,1,1,0,0,0,0,0,0,2,0,1,-1,-1,-1,-1,0,10,-1,1,1,3,-1,-1,-1,0,0,1,0,0,10,0,0,0,9.9
1,0,0,0,-1,0,1,1,0,0,0,0,3,0,0,-1,-1,-1,0,0,2,3,0,-1,200,0,9223372036800000000,1e+75,0,10,0,0,7,0,2,1,0,0,1,1,0,0,0,0,0,0,2,0,1,-1,-1,-1,-1,0,10,-1,1,1,3,-1,-1,-1,0,0,1,0,0,10,0,0,0,18.86
1,0,0,0,-1,0,1,5,0,0,0,0,1,0,-1,1,-1,1,0,1,-1,3,0,8,400,0,9223372036800000000,1e+75,0,10,0,0,7,0,3,1,1000,0,1,1,-1,0,0,6,0,1,2,0,1,-1,-1,-1,-1,-1,10,-1,1,1,3,-1,-1,-1,0,0,1,5,0,10,0,0,0,30.92
1,0,0,0,-1,0,1,1,0,0,0,0,3,0,0,2,-1,-1,0,0,2,3,0,-1,200,0,9223372036800000000,1e+75,0,10,0,0,7,0,2,1,0,0,1,1,0,0,0,0,0,0,2,0,1,-1,-1,-1,-1,0,10,-1,1,1,3,-1,-1,-1,0,0,1,0,0,10,0,0,0,1.79769e+308
1,0,0,0,-1,0,1,3,0,0,0,0,3,0,0,-1,1,0,-1,1,-1,3,0,16,150,0,9223372036800000000,1e+75,0,10,0,0,7,0,0,1,0,0,1,1,0,0,0,0,0,0,2,0,1,-1,-1,-1,-1,-1,10,-1,1,1,3,-1,-1,3,0,0,1,0,0,10,0,0,0,14.64
1,0,0,0,-1,0,1,5,0,0,0,0,3,0,1,-1,0,0,-1,0,2,3,0,16,800,0,9223372036800000000,1e+75,0,10,0,0,7,0,1,1,100,0,1,1,0,0,0,0,0,0,2,0,1,-1,-1,-1,-1,-1,10,-1,1,1,3,-1,-1,1,0,0,1,0,0,10,0,0,0,20.8
1,0,0,0,-1,0,1,3,0,0,0,0,-1,0,-1,-1,1,0,2,1,1,3,0,16,800,0,9223372036800000000,1e+75,0,10,0,0,7,0,3,1,0,0,1,1,0,0,0,0,0,0,2,0,1,-1,-1,-1,-1,0,10,-1,1,1,3,-1,-1,-1,0,0,1,0,0,10,0,0,0,9.28
1,0,0,0,-1,0,1,0,0,0,0,0,-1,0,-1,-1,1,2,2,1,1,3,0,-1,800,0,9223372036800000000,1e+75,0,10,0,0,7,0,0,1,0,0,1,1,0,0,0,0,0,0,2,0,1,-1,-1,-1,-1,0,10,-1,1,1,3,-1,-1,-1,0,0,1,0,0,10,0,0,0,25.09
1,0,0,0,-1,0,1,2,0,0,0,0,1,0,0,1,1,-1,1,0,1,3,0,4,50,0,9223372036800000000,1e+75,0,10,0,0,7,0,1,1,0,0,1,0,-1,0,0,5,0,0,2,0,1,-1,-1,-1,-1,-1,10,-1,1,1,3,-1,-1,0,0,0,1,5,0,10,0,0,0,16.98
1,0,0,0,-1,0,1,3,0,0,0,0,-1,0,-1,-1,1,0,2,1,1,3,0,2,800,0,9223372036800000000,1e+75,0,10,0,0,7,0,3,1,0,0,1,1,0,0,0,0,0,0,2,0,1,-1,-1,-1,-1,0,10,-1,1,1,3,-1,-1,-1,0,0,1,0,0,10,0,0,0,28.34
1,0,0,0,-1,0,1,3,0,0,0,0,-1,0,-1,-1,1,0,2,1,1,3,0,-1,800,0,9223372036800000000,1e+75,0,10,0,0,7,1,3,1,0,0,1,1,0,0,0,0,0,0,2,0,1,-1,-1,-1,-1,0,10,-1,1,1,3,-1,-1,-1,0,0,1,0,0,10,0,0,0,9.23
1,0,0,0,-1,0,1,3,0,0,0,0,1,0,-1,-1,2,1,2,-1,2,3,0,8,100,0,9223372036800000000,1e+75,0,10,0,0,7,0,3,1,40,0,1,1,1,0,0,0,0,2,2,0,1,-1,-1,-1,-1,1,10,-1,1,1,3,-1,-1,-1,0,0,1,1,0,10,0,0,0,25.31
1,0,0,0,-1,0,1,3,0,0,0,0,-1,0,-1,-1,1,0,2,1,1,3,0,-1,800,0,9223372036800000000,1e+75,0,10,0,0,2,0,3,1,0,0,1,1,0,0,0,0,0,0,2,0,1,-1,-1,-1,-1,0,10,-1,1,1,3,-1,-1,-1,0,0,1,0,0,10,0,0,0,9.11
1,0,0,0,-1,0,1,3,0,0,0,0,-1,0,-1,-1,1,0,2,1,1,3,0,-1,800,0,9223372036800000000,1e+75,0,10,0,0,15,0,3,1,0,0,1,1,0,0,0,0,0,0,2,0,1,-1,-1,-1,-1,0,10,-1,1,1,3,-1,-1,-1,0,0,1,0,0,10,0,0,0,9.11
1,0,0,0,-1,0,1,4,0,0,0,0,2,0,-1,-1,0,1,0,2,0,3,0,-1,100,0,9223372036800000000,1e+75,0,10,0,0,7,0,3,1,0,0,1,1,0,0,0,0,0,4,2,0,1,-1,-1,-1,-1,0,10,-1,1,1,3,-1,-1,-1,0,0,1,0,0,10,0,0,0,15.5
1,0,0,0,-1,0,1,3,0,0,0,0,-1,0,-1,-1,1,0,2,1,1,3,0,-1,800,0,9223372036800000000,1e+75,0,10,0,0,7,0,3,1,0,0,1,1,0,0,200,0,0,0,2,0,1,-1,-1,-1,-1,0,10,-1,1,1,3,-1,-1,-1,0,0,1,0,0,10,0,0,0,11.88
1,0,0,0,-1,0,1,3,0,0,0,0,-1,0,-1,-1,1,0,2,1,1,3,0,-1,800,0,9223372036800000000,1e+75,0,10,0,0,7,0,3,1,0,0,1,1,1,0,0,0,0,0,2,0,1,-1,-1,-1,-1,0,10,-1,1,1,3,-1,-1,2,0,0,1,0,0,10,0,0,0,9.06
1,0,0,0,-1,0,1,3,0,0,0,0,-1,0,-1,-1,1,0,2,1,1,3,0,-1,800,0,9223372036800000000,1e+75,0,10,0,0,7,0,3,1,0,0,1,1,0,0,60,0,0,0,2,0,1,-1,-1,-1,-1,0,10,-1,1,1,3,-1,-1,-1,0,0,1,0,0,10,0,0,0,9.46
1,0,0,0,-1,0,1,5,0,0,0,0,-1,0,1,2,-1,0,-1,-1,0,3,0,2,400,0,9223372036800000000,1e+75,0,10,0,0,7,0,1,1,40,0,1,0,2,0,0,5,0,4,2,0,1,-1,-1,-1,-1,1,10,-1,1,1,3,-1,-1,5,0,0,1,5,0,10,0,0,0,22.29
1,0,0,0,-1,0,1,3,0,0,0,0,2,0,1,1,-1,2,2,1,2,3,0,-1,800,0,9223372036800000000,1e+75,0,10,0,0,7,0,0,1,0,0,1,1,0,0,0,0,0,0,2,0,1,-1,-1,-1,-1,0,10,-1,1,1,3,-1,-1,-1,0,0,1,0,0,10,0,0,0,21.3
1,0,0,0,-1,0,1,3,0,0,0,0,-1,0,-1,-1,1,0,2,1,1,3,0,-1,800,0,9223372036800000000,1e+75,0,10,0,0,7,0,3,1,0,0,1,1,0,0,-1,0,0,0,2,0,1,-1,-1,-1,-1,0,10,-1,1,1,3,-1,-1,-1,0,0,1,0,0,10,0,0,0,17.37
1,0,0,0,-1,0,1,2,0,0,0,0,1,0,0,1,-1,0,-1,0,1,3,0,-1,150,0,9223372036800000000,1e+75,0,10,0,0,7,0,1,1,0,0,1,1,2,0,0,0,0,2,2,0,1,-1,-1,-1,-1,0,10,-1,1,1,3,-1,-1,-1,0,0,1,0,0,10,0,0,0,37.12
1,0,0,0,-1,0,1,2,0,0,0,0,0,0,-1,1,-1,2,-1,1,0,3,0,16,100,0,9223372036800000000,1e+75,0,10,0,0,7,0,0,1,0,0,1,1,0,0,0,0,0,-1,2,0,1,-1,-1,-1,-1,0,10,-1,1,1,3,-1,-1,-1,0,0,1,0,0,10,0,0,0,31.67
1,0,0,0,-1,0,1,1,0,0,0,0,3,0,0,0,-1,-1,0,0,2,3,0,-1,200,0,9223372036800000000,1e+75,0,10,0,0,7,0,2,1,-1,0,1,1,1,0,0,0,0,0,2,0,1,-1,-1,-1,-1,0,10,-1,1,1,3,-1,-1,3,0,0,1,0,0,10,0,0,0,15.12
1,0,0,0,-1,0,1,0,0,0,2,0,2,0,1,0,0,2,2,0,-1,3,0,1,25,0,9223372036800000000,1e+75,0,10,0,3,7,0,3,0,0,0,1,0,2,0,0,5,0,0,2,3,1,-1,0,-1,1,-1,10,-1,1,1,0,-1,-1,5,0,0,1,0,0,10,0,0,0,22.44
1,0,0,0,-1,0,1,3,0,0,0,0,-1,0,-1,-1,1,0,2,1,1,3,0,-1,800,0,9223372036800000000,1e+75,0,10,0,0,30,0,3,1,0,0,1,1,0,0,0,0,0,0,2,0,1,-1,-1,-1,-1,0,10,-1,1,1,3,-1,-1,-1,0,0,1,0,0,10,0,0,0,9.11
1,0,0,0,-1,0,1,0,0,0,3,0,1,0,-1,2,2,0,-1,1,0,3,0,-1,25,0,9223372036800000000,1e+75,0,10,0,2,7,0,2,1,-1,0,1,1,0,0,0,0,0,0,2,1,1,-1,-1,-1,2,0,10,-1,1,1,0,-1,-1,1,0,0,1,5,0,10,0,0,0,1.79769e+308
1,0,0,0,-1,0,1,3,0,0,0,0,-1,0,-1,-1,1,0,2,1,1,3,0,-1,800,0,9223372036800000000,40,0,10,0,0,7,0,3,1,0,0,1,1,0,0,0,0,0,0,2,0,1,-1,-1,-1,-1,0,10,-1,1,1,3,-1,-1,-1,0,0,1,0,0,10,0,0,0,9.11
1,0,0,0,-1,0,1,2,0,0,0,0,-1,0,-1,1,0,1,2,-1,1,3,0,1,800,0,9223372036800000000,1e+75,0,10,0,0,7,0,0,1,0,0,1,1,1,0,0,0,0,4,2,0,1,-1,-1,-1,-1,0,10,-1,1,1,3,-1,-1,-1,0,0,1,0,0,10,0,0,0,37.83
1,0,0,0,-1,0,1,3,0,0,0,0,-1,0,-1,-1,1,0,2,1,1,3,0,-1,800,0,9223372036800000000,30,0,10,0,0,7,0,3,1,0,0,1,1,0,0,0,0,0,0,2,0,1,-1,-1,-1,-1,0,10,-1,1,1,3,-1,-1,-1,0,0,1,0,0,10,0,0,0,9.11
1,0,0,0,-1,0,1,3,0,0,0,0,-1,0,-1,-1,1,0,2,1,1,3,0,4,800,0,9223372036800000000,1e+75,0,10,0,0,7,0,3,1,0,0,1,1,0,0,0,0,0,0,2,0,1,-1,-1,-1,-1,0,10,-1,1,1,3,-1,-1,-1,0,0,1,0,0,10,0,0,0,9.11
1,0,0,0,-1,0,1,3,0,0,0,0,-1,0,-1,-1,1,0,2,1,1,3,0,-1,800,0,9223372036800000000,20,0,10,0,0,7,0,3,1,0,0,1,1,0,0,0,0,0,0,2,0,1,-1,-1,-1,-1,0,10,-1,1,1,3,-1,-1,-1,0,0,1,0,0,10,0,0,0,9.11
1,0,0,0,-1,0,1,2,0,0,0,0,1,0,1,0,0,2,2,2,2,3,0,-1,50,0,9223372036800000000,1e+75,0,10,0,0,7,0,0,1,0,0,1,1,0,0,0,0,0,4,2,0,1,-1,-1,-1,-1,0,10,-1,1,1,3,-1,-1,-1,0,0,1,0,0,10,0,0,0,24.11
1,0,0,0,-1,0,1,5,0,0,0,0,1,0,-1,1,-1,1,0,1,0,3,0,8,400,0,9223372036800000000,1e+75,0,10,0,0,7,0,3,1,1000,0,1,1,-1,0,0,0,0,1,2,0,1,-1,-1,-1,-1,-1,10,-1,1,1,3,-1,-1,-1,0,0,1,5,0,10,0,0,0,30.92
1,0,0,0,-1,0,1,5,0,0,0,0,0,0,0,-1,0,2,0,1,2,3,0,-1,800,0,9223372036800000000,1e+75,0,10,0,0,7,0,0,1,0,0,1,1,0,0,0,0,0,0,2,0,1,-1,-1,-1,-1,0,10,-1,1,1,3,-1,-1,-1,0,0,1,0,0,10,0,0,0,14.84
1,0,0,0,-1,0,1,2,0,0,0,0,1,0,-1,2,1,0,-1,1,1,3,0,-1,100,0,9223372036800000000,1e+75,0,10,0,0,7,0,2,1,100,0,1,0,1,0,0,0,0,0,2,0,1,-1,-1,-1,-1,1,10,-1,1,1,3,-1,-1,4,0,0,1,0,0,10,0,0,0,14.49
1,0,0,0,-1,0,1,1,0,0,0,0,3,0,0,0,-1,-1,0,0,2,3,0,-1,200,0,9223372036800000000,1e+75,0,10,0,0,7,0,2,1,100,0,1,1,1,0,0,0,0,0,2,0,1,-1,-1,-1,-1,0,10,-1,1,1,3,-1,-1,-1,0,0,1,0,0,10,0,0,0,37.26
1,0,0,0,-1,0,1,2,0,0,0,0,-1,0,-1,0,1,1,2,0,0,3,0,4,25,0,9223372036800000000,1e+75,0,10,0,0,7,0,3,1,0,0,1,1,2,0,0,0,0,3,2,0,1,-1,-1,-1,-1,-1,10,-1,1,1,3,-1,-1,2,0,0,1,0,0,10,0,0,0,14.55
1,0,0,0,-1,0,1,3,0,0,0,0,-1,0,-1,-1,1,0,2,1,1,3,0,-1,800,0,9223372036800000000,1,0,10,0,0,7,0,3,1,0,0,1,1,0,0,0,0,0,0,2,0,1,-1,-1,-1,-1,0,10,-1,1,1,3,-1,-1,-1,0,0,1,0,0,10,0,0,0,9.11
1,0,0,0,-1,0,1,3,0,0,0,0,-1,0,-1,1,2,0,1,2,2,3,0,8,400,0,9223372036800000000,1e+75,0,10,0,0,7,0,2,1,500,0,1,1,1,0,0,5,0,4,2,0,1,-1,-1,-1,-1,1,10,-1,1,1,3,-1,-1,0,0,0,1,5,0,10,0,0,0,11.53
1,0,0,0,-1,0,1,0,0,0,0,0,3,0,1,2,0,1,2,2,0,3,0,-1,800,0,9223372036800000000,1e+75,0,10,0,0,7,0,1,1,0,0,1,1,0,0,0,0,0,3,2,0,1,-1,-1,-1,-1,0,10,-1,1,1,3,-1,-1,-1,0,0,1,0,0,10,0,0,0,35.92
1,0,0,0,-1,0,1,0,0,0,0,0,2,0,1,2,0,1,2,2,0,3,0,-1,800,0,9223372036800000000,1e+75,0,10,0,0,7,0,1,1,0,0,1,1,0,0,0,0,0,2,2,0,1,-1,-1,-1,-1,0,10,-1,1,1,3,-1,-1,-1,0,0,1,0,0,10,0,0,0,27.44
1,0,0,0,-1,0,1,1,0,0,0,0,0,0,0,0,0,0,0,0,0,3,0,-1,150,0,9223372036800000000,1e+75,0,10,0,0,7,0,0,1,0,0,1,1,0,0,0,0,0,0,2,0,1,-1,-1,-1,-1,0,10,-1,1,1,3,-1,-1,-1,0,0,1,0,0,10,0,0,0,36.01
1,0,0,0,-1,0,1,2,0,0,1,0,2,0,1,-1,1,2,2,0,0,3,0,16,800,0,9223372036800000000,1e+75,0,10,0,1,7,0,2,1,1000,0,1,1,3,0,0,1,0,1,3,3,1,-1,0,-1,3,0,10,-1,1,1,0,1,-1,-1,0,0,1,5,0,10,0,0,0,22.81
1,0,0,0,-1,0,1,0,0,0,3,0,1,0,-1,2,2,0,2,1,0,3,0,-1,25,0,9223372036800000000,1e+75,0,10,0,2,7,0,1,1,-1,0,1,1,0,0,0,0,0,1,2,1,1,-1,-1,-1,2,0,10,-1,1,1,0,-1,-1,3,0,0,1,5,0,10,0,0,0,25.8
1,0,0,0,-1,0,1,3,0,0,0,0,2,0,-1,2,-1,1,2,0,-1,3,0,16,150,0,9223372036800000000,1e+75,0,10,0,0,7,0,3,1,0,0,1,1,1,0,0,1,0,0,2,0,1,-1,-1,-1,-1,1,10,-1,1,1,3,-1,-1,-1,0,0,1,0,0,10,0,0,0,11.66
2,0,0,0,-1,0,1,3,0,0,0,0,-1,0,-1,-1,1,0,2,1,1,3,0,-1,800,0,9223372036800000000,1e+75,0,10,0,0,7,0,3,1,40,0,1,1,1,0,0,0,0,0,2,0,1,-1,-1,-1,-1,0,10,-1,1,1,3,-1,-1,-1,0,0,1,2,0,10,0,0,0,8.95
1,0,0,0,-1,0,1,1,0,0,0,0,2,0,-1,-1,2,2,-1,2,-1,3,0,2,150,0,9223372036800000000,1e+75,0,10,0,0,7,0,1,1,1000,0,1,1,2,0,0,0,0,0,2,0,1,-1,-1,-1,-1,1,10,-1,1,1,3,-1,-1,0,0,0,1,0,0,10,0,0,0,1.79769e+308
1,0,0,0,-1,0,1,0,0,0,0,0,2,0,0,0,2,0,0,2,0,3,0,-1,10,0,9223372036800000000,1e+75,0,10,0,0,7,0,2,1,0,0,1,1,0,0,0,0,0,2,2,0,1,-1,-1,-1,-1,0,10,-1,1,1,3,-1,-1,-1,0,0,1,0,0,10,0,0,0,14.25
1,0,0,0,-1,0,1,5,0,0,0,0,2,0,1,2,1,-1,2,0,0,3,0,-1,100,0,9223372036800000000,1e+75,0,10,0,0,7,0,0,1,0,0,1,1,0,0,0,0,0,0,2,0,1,-1,-1,-1,-1,0,10,-1,1,1,3,-1,-1,-1,0,0,1,0,0,10,0,0,0,23.64
1,0,0,0,-1,0,1,2,0,0,0,0,1,0,-1,2,1,2,-1,1,1,3,0,-1,100,0,9223372036800000000,1e+75,0,10,0,0,7,0,2,1,100,0,1,0,1,0,0,0,0,0,2,0,1,-1,-1,-1,-1,1,10,-1,1,1,3,-1,-1,1,0,0,1,0,0,10,0,0,0,46.04
1,0,0,0,-1,0,1,0,0,0,0,0,1,0,-1,-1,-1,0,-1,1,-1,3,0,-1,400,0,9223372036800000000,1e+75,0,10,0,0,7,0,0,1,0,0,1,1,0,0,0,0,0,2,2,0,1,-1,-1,-1,-1,0,10,-1,1,1,3,-1,-1,-1,0,0,1,0,0,10,0,0,0,15.23
1,0,0,0,-1,0,1,1,0,0,0,0,1,0,-1,2,2,1,-1,2,-1,3,0,-1,200,0,9223372036800000000,1e+75,0,10,0,0,7,0,2,1,-1,0,1,1,3,0,0,5,0,-1,2,0,1,-1,-1,-1,-1,1,10,-1,1,1,3,-1,-1,5,0,0,1,4,0,10,0,0,0,1.79769e+308
1,0,0,0,-1,0,1,2,0,0,0,0,3,0,0,0,-1,2,1,1,-1,3,0,2,100,0,9223372036800000000,1e+75,0,10,0,0,7,0,0,1,0,0,1,1,3,0,0,0,0,0,2,0,1,-1,-1,-1,-1,0,10,-1,1,1,3,-1,-1,-1,0,0,1,0,0,10,0,0,0,26.36
1,0,0,0,-1,0,1,2,0,0,3,0,3,0,0,-1,-1,2,-1,-1,1,3,0,4,150,0,9223372036800000000,1e+75,0,10,0,3,7,0,1,2,500,0,1,0,0,0,0,6,0,0,3,0,1,-1,0,-1,3,0,10,-1,1,1,3,0,-1,0,0,0,1,1,0,10,0,0,0,13.42
1,0,0,0,-1,0,1,3,0,0,0,0,-1,0,0,2,2,-1,1,0,0,3,0,-1,50,0,9223372036800000000,1e+75,0,10,0,0,7,0,2,1,0,0,1,1,0,0,0,0,0,3,2,0,1,-1,-1,-1,-1,0,10,-1,1,1,3,-1,-1,-1,0,0,1,0,0,10,0,0,0,22.52
1,0,0,0,-1,0,1,2,0,0,0,0,0,0,0,0,2,2,1,1,2,3,0,2,10,0,9223372036800000000,1e+75,0,10,0,0,7,0,3,1,0,0,1,1,2,0,0,0,0,4,2,0,1,-1,-1,-1,-1,0,10,-1,1,1,3,-1,-1,-1,0,0,1,0,0,10,0,0,0,23.08
1,0,0,0,-1,0,1,4,0,0,0,0,3,0,1,1,1,-1,0,2,0,3,0,1,150,0,9223372036800000000,1e+75,0,10,0,0,7,0,2,1,0,0,1,1,2,0,0,0,0,2,2,0,1,-1,-1,-1,-1,-1,10,-1,1,1,3,-1,-1,-1,0,0,1,0,0,10,0,0,0,14.38
1,0,0,0,-1,0,1,3,0,0,0,0,-1,0,0,1,2,-1,1,0,0,3,0,-1,50,0,9223372036800000000,1e+75,0,10,0,0,7,0,2,1,0,0,1,1,0,0,0,0,0,3,2,0,1,-1,-1,-1,-1,0,10,-1,1,1,3,-1,-1,-1,0,0,1,0,0,10,0,0,0,22.54
1,0,0,0,-1,0,1,1,0,0,0,0,1,0,-1,2,2,1,-1,2,-1,3,0,4,200,0,9223372036800000000,1e+75,0,10,0,0,7,0,2,1,-1,0,1,1,3,0,0,5,0,-1,2,0,1,-1,-1,-1,-1,1,10,-1,1,1,3,-1,-1,5,0,0,1,0,0,10,0,0,0,1.79769e+308
1,0,0,0,-1,0,1,4,0,0,0,0,1,0,-1,-1,0,1,0,2,0,3,0,-1,100,0,9223372036800000000,1e+75,0,10,0,0,7,0,3,1,0,0,1,1,0,0,0,0,0,4,2,0,1,-1,-1,-1,-1,0,10,-1,1,1,3,-1,-1,-1,0,0,1,0,0,10,0,0,0,15.5
1,0,0,0,-1,0,1,4,0,0,0,0,2,0,-1,-1,0,1,0,2,0,3,0,-1,100,0,9223372036800000000,1e+75,0,10,0,0,7,0,3,1,0,0,1,1,0,0,0,0,0,2,2,0,1,-1,-1,-1,-1,0,10,-1,1,1,3,-1,-1,-1,0,0,1,0,0,10,0,0,0,15.24
1,0,0,0,-1,0,1,4,0,0,0,0,0,0,0,1,1,-1,1,2,2,3,0,-1,800,0,9223372036800000000,1e+75,0,10,0,0,7,0,3,1,0,0,1,1,0,0,0,0,0,0,2,0,1,-1,-1,-1,-1,0,10,-1,1,1,3,-1,-1,-1,0,0,1,0,0,10,0,0,0,22.94
1,0,0,0,-1,0,1,4,0,0,0,0,0,0,0,1,1,-1,1,2,2,3,0,-1,800,0,9223372036800000000,1e+75,0,10,0,0,7,0,2,1,0,0,1,1,0,0,0,0,0,0,2,0,1,-1,-1,-1,-1,0,10,-1,1,1,3,-1,-1,-1,0,0,1,0,0,10,0,0,0,21.82
1,0,0,0,-1,0,1,2,0,0,0,0,-1,0,-1,1,0,1,2,-1,1,3,0,1,800,0,9223372036800000000,1e+75,0,10,0,0,7,0,2,1,0,0,1,1,1,0,0,0,0,4,2,0,1,-1,-1,-1,-1,0,10,-1,1,1,3,-1,-1,-1,0,0,1,0,0,10,0,0,0,33.38
1,0,0,0,-1,0,1,5,0,0,0,0,-1,0,-1,2,0,1,1,0,1,3,0,-1,800,0,9223372036800000000,1e+75,0,10,0,0,7,0,2,1,0,0,1,1,0,0,0,0,0,-1,2,0,1,-1,-1,-1,-1,0,10,-1,1,1,3,-1,-1,-1,0,0,1,0,0,10,0,0,0,36.11
1,0,0,0,-1,0,1,2,0,0,1,0,2,0,1,-1,1,2,2,1,0,3,0,16,800,0,9223372036800000000,1e+75,0,10,0,1,7,0,2,1,1000,0,1,1,3,0,0,1,0,1,3,3,1,-1,0,-1,3,0,10,-1,1,1,0,1,-1,-1,0,0,1,4,0,10,0,0,0,23.28
1,0,0,0,-1,0,1,5,0,0,0,0,2,0,1,-1,-1,0,-1,0,2,3,0,16,800,0,9223372036800000000,1e+75,0,10,0,0,7,0,1,1,100,0,1,1,0,0,0,0,0,0,2,0,1,-1,-1,-1,-1,-1,10,-1,1,1,3,-1,-1,3,0,0,1,0,0,10,0,0,0,13.55
1,0,0,0,-1,0,1,5,0,0,0,0,0,0,-1,0,-1,0,2,1,1,3,0,-1,100,0,9223372036800000000,1e+75,0,10,0,0,7,0,1,1,0,0,1,1,0,0,0,0,0,0,2,0,1,-1,-1,-1,-1,0,10,-1,1,1,3,-1,-1,-1,0,0,1,0,0,10,0,0,0,19.61
1,0,0,0,-1,0,1,2,0,0,0,0,0,0,0,2,0,2,0,-1,1,3,0,-1,10,0,9223372036800000000,1e+75,0,10,0,0,7,0,0,1,0,0,1,1,0,0,0,0,0,0,2,0,1,-1,-1,-1,-1,0,10,-1,1,1,3,-1,-1,-1,0,0,1,0,0,10,0,0,0,32.07
1,0,0,0,-1,0,1,3,0,0,0,0,-1,0,1,2,-1,0,-1,-1,0,3,0,16,400,0,9223372036800000000,1e+75,0,10,0,0,7,0,2,1,40,0,1,0,2,0,0,5,0,4,2,0,1,-1,-1,-1,-1,1,10,-1,1,1,3,-1,-1,5,0,0,1,5,0,10,0,0,0,14.74
1,0,0,0,-1,0,1,3,0,0,0,0,-1,0,-1,-1,1,0,2,1,1,3,0,-1,800,0,9223372036800000000,1e+75,0,10,0,0,0,0,3,1,0,0,1,1,0,0,0,0,0,0,2,0,1,-1,-1,-1,-1,0,10,-1,1,1,3,-1,-1,-1,0,0,1,0,0,10,0,0,0,9.11
1,0,0,0,-1,0,1,3,0,0,0,0,-1,0,-1,-1,1,0,2,1,1,3,0,-1,800,0,9223372036800000000,1e+75,0,10,0,0,7,0,3,1,40,0,1,1,1,0,0,0,0,0,2,0,1,-1,-1,3,-1,0,10,-1,1,1,3,-1,-1,-1,0,0,1,2,0,10,0,0,0,8.95
1,0,0,0,-1,0,1,5,0,0,0,0,3,0,0,0,-1,0,2,1,1,3,0,-1,100,0,9223372036800000000,1e+75,0,10,0,0,7,0,1,1,0,0,1,1,0,0,0,0,0,0,2,0,1,-1,-1,-1,-1,0,10,-1,1,1,3,-1,-1,-1,0,0,1,0,0,10,0,0,0,19.61
1,0,0,0,-1,0,1,0,0,0,0,0,3,0,1,1,1,-1,0,2,-1,3,0,1,150,0,9223372036800000000,1e+75,0,10,0,0,7,0,2,1,0,0,1,1,2,0,0,0,0,2,2,0,1,-1,-1,-1,-1,-1,10,-1,1,1,3,-1,-1,-1,0,0,1,0,0,10,0,0,0,22.15
1,0,0,0,-1,0,1,3,0,0,3,0,-1,0,-1,-1,1,0,2,1,1,3,0,-1,800,0,9223372036800000000,1e+75,0,10,0,0,7,0,3,1,40,0,1,1,1,0,0,0,0,0,2,0,1,-1,-1,-1,-1,0,10,-1,1,1,3,-1,-1,-1,0,0,1,2,0,10,0,0,0,8.95
1,0,0,0,-1,0,1,0,0,0,0,0,1,0,1,1,2,1,2,0,-1,3,0,16,400,0,9223372036800000000,1e+75,0,10,0,0,7,0,0,1,1000,0,1,0,0,0,0,4,0,-1,2,0,1,-1,-1,-1,-1,-1,10,-1,1,1,3,-1,-1,1,0,0,1,0,0,10,0,0,0,30.44
1,0,0,0,-1,0,1,4,0,0,0,0,-1,0,0,2,0,0,0,-1,2,3,0,16,50,0,9223372036800000000,1e+75,0,10,0,0,7,0,0,1,0,0,1,0,3,0,0,1,0,-1,2,0,1,-1,-1,-1,-1,-1,10,-1,1,1,3,-1,-1,1,0,0,1,3,0,10,0,0,0,23.14
1,0,0,0,-1,0,1,0,0,0,2,0,2,0,1,0,0,2,2,0,-1,3,0,1,400,0,9223372036800000000,1e+75,0,10,0,3,7,0,3,0,0,0,1,0,2,0,0,5,0,0,2,3,1,-1,0,-1,1,-1,10,-1,1,1,0,-1,-1,5,0,0,1,5,0,10,0,0,0,31.22
1,0,0,0,-1,0,1,2,0,0,0,0,1,0,-1,1,-1,0,-1,1,1,3,0,-1,150,0,9223372036800000000,1e+75,0,10,0,0,7,0,1,1,0,0,1,1,0,0,0,0,0,2,2,0,1,-1,-1,-1,-1,0,10,-1,1,1,3,-1,-1,-1,0,0,1,0,0,10,0,0,0,37.77
1,0,0,0,-1,0,1,0,0,0,0,0,-1,0,-1,-1,0,-1,2,0,2,3,0,8,800,0,9223372036800000000,1e+75,0,10,0,0,7,0,2,1,0,0,1,0,2,0,0,5,0,0,2,0,1,-1,-1,-1,-1,0,10,-1,1,1,3,-1,-1,1,0,0,1,1,0,10,0,0,0,20.74
1,0,0,0,-1,0,1,2,0,0,0,0,1,0,0,1,-1,-1,1,-1,2,3,0,4,50,0,9223372036800000000,1e+75,0,10,0,0,7,0,1,1,0,0,1,0,-1,0,0,5,0,0,2,0,1,-1,-1,-1,-1,-1,10,-1,1,1,3,-1,-1,0,0,0,1,5,0,10,0,0,0,21.17
1,0,0,0,-1,0,1,5,0,0,0,0,0,0,0,0,-1,0,2,-1,1,3,0,-1,100,0,9223372036800000000,1e+75,0,10,0,0,7,0,1,1,0,0,1,1,0,0,0,0,0,0,2,0,1,-1,-1,-1,-1,0,10,-1,1,1,3,-1,-1,-1,0,0,1,0,0,10,0,0,0,19.73
1,0,0,0,-1,0,1,2,0,0,0,0,2,0,-1,0,2,-1,-1,-1,2,3,0,-1,400,0,9223372036800000000,1e+75,0,10,0,0,7,0,0,1,0,0,1,1,0,0,0,0,0,2,2,0,1,-1,-1,-1,-1,0,10,-1,1,1,3,-1,-1,-1,0,0,1,0,0,10,0,0,0,38.46
1,0,0,0,-1,0,1,2,0,0,0,0,1,0,-1,-1,-1,2,1,0,0,3,0,-1,150,0,9223372036800000000,1e+75,0,10,0,0,7,0,1,1,0,0,1,1,0,0,0,0,0,2,2,0,1,-1,-1,-1,-1,0,10,-1,1,1,3,-1,-1,-1,0,0,1,0,0,10,0,0,0,25.18
1,0,0,0,-1,0,1,3,0,0,0,0,-1,0,-1,-1,1,0,2,1,1,3,0,-1,800,0,9223372036800000000,1e+75,0,10,0,0,7,0,3,1,40,0,1,1,1,0,0,0,0,0,2,0,1,-1,-1,-1,-1,0,10,-1,1,1,3,-1,-1,-1,0,0,1,2,0,10,2,0,0,8.95
1,0,0,0,-1,0,1,0,0,0,0,0,-1,0,-1,2,-1,1,0,0,0,3,0,8,150,0,9223372036800000000,1e+75,0,10,0,3,7,0,1,1,0,0,1,1,1,0,0,1,0,4,1,2,1,-1,1,-1,3,-1,10,-1,1,1,0,1,-1,4,0,0,1,5,0,10,0,0,0,22.39
1,0,0,0,-1,0,1,2,0,0,0,0,-1,0,-1,2,0,1,2,-1,1,3,0,1,800,0,9223372036800000000,1e+75,0,10,0,0,7,0,2,1,0,0,1,1,1,0,0,0,0,4,2,0,1,-1,-1,-1,-1,0,10,-1,1,1,3,-1,-1,-1,0,0,1,0,0,10,0,0,0,33.38
1,0,0,0,-1,0,1,4,0,0,0,0,-1,0,0,2,2,2,1,-1,1,3,0,-1,10,0,9223372036800000000,1e+75,0,10,0,0,7,0,0,1,0,0,1,1,0,0,0,0,0,-1,2,0,1,-1,-1,-1,-1,0,10,-1,1,1,3,-1,-1,-1,0,0,1,0,0,10,0,0,0,48.2
1,0,0,0,-1,0,1,0,0,0,0,0,2,0,-1,0,2,-1,-1,-1,2,3,0,-1,400,0,9223372036800000000,1e+75,0,10,0,0,7,0,0,1,0,0,1,1,0,0,0,0,0,3,2,0,1,-1,-1,-1,-1,0,10,-1,1,1,3,-1,-1,-1,0,0,1,0,0,10,0,0,0,28.4
1,0,0,0,-1,0,1,0,0,0,0,0,2,0,0,2,1,1,1,-1,0,3,0,1,400,0,9223372036800000000,1e+75,0,10,0,0,7,0,3,1,0,0,1,1,-1,0,0,0,0,4,2,0,1,-1,-1,-1,-1,0,10,-1,1,1,3,-1,-1,-1,0,0,1,0,0,10,0,0,0,41.5
1,0,0,0,-1,0,1,5,0,0,0,0,3,0,0,-1,0,2,2,1,-1,3,0,-1,400,0,9223372036800000000,1e+75,0,10,0,0,7,0,1,1,0,0,1,1,0,0,0,0,0,4,2,0,1,-1,-1,-1,-1,0,10,-1,1,1,3,-1,-1,-1,0,0,1,0,0,10,0,0,0,14.84
1,0,0,0,-1,0,1,2,0,0,0,0,0,0,-1,1,-1,1,-1,1,0,3,0,16,25,0,9223372036800000000,1e+75,0,10,0,0,7,0,0,1,0,0,1,1,0,0,0,0,0,-1,2,0,1,-1,-1,-1,-1,0,10,-1,1,1,3,-1,-1,-1,0,0,1,0,0,10,0,0,0,1.79769e+308
1,0,0,0,-1,0,1,5,0,0,0,0,3,0,0,-1,0,0,2,1,-1,3,0,-1,50,0,9223372036800000000,1e+75,0,10,0,0,7,0,1,1,0,0,1,1,0,0,0,0,0,4,2,0,1,-1,-1,-1,-1,0,10,-1,1,1,3,-1,-1,-1,0,0,1,0,0,10,0,0,0,20.23
1,0,0,0,-1,0,1,3,0,0,0,0,-1,0,-1,-1,1,0,2,1,1,3,0,8,800,0,9223372036800000000,1e+75,0,10,0,0,7,0,3,1,0,0,1,1,0,0,0,0,0,0,2,0,1,-1,-1,-1,-1,0,10,-1,1,1,3,-1,-1,-1,0,0,1,0,0,10,0,0,0,9.28
1,0,0,0,-1,0,1,5,0,0,0,0,0,0,0,-1,0,2,0,1,-1,3,0,-1,25,0,9223372036800000000,1e+75,0,10,0,0,7,0,0,1,0,0,1,1,0,0,0,0,0,0,2,0,1,-1,-1,-1,-1,0,10,-1,1,1,3,-1,-1,-1,0,0,1,0,0,10,0,0,0,19.6
1,0,0,0,-1,0,1,5,0,0,0,0,3,0,0,-1,0,0,2,-1,-1,3,0,-1,400,0,9223372036800000000,1e+75,0,10,0,0,7,0,1,1,0,0,1,1,0,0,0,0,0,4,2,0,1,-1,-1,-1,-1,0,10,-1,1,1,3,-1,-1,-1,0,0,1,0,0,10,0,0,0,26.5
1,0,0,0,-1,0,1,2,0,0,1,0,2,0,1,-1,1,2,2,1,0,3,0,16,800,0,9223372036800000000,1e+75,0,10,0,1,7,0,2,1,1000,0,1,1,3,0,0,1,0,1,3,3,1,-1,-1,-1,3,0,10,-1,1,1,0,1,-1,-1,0,0,1,4,0,10,0,0,0,23.28
1,0,0,0,-1,0,1,4,0,0,0,0,2,0,-1,-1,-1,-1,-1,1,1,3,0,-1,400,0,9223372036800000000,1e+75,0,10,0,0,7,0,1,1,0,0,1,1,0,0,0,0,0,3,2,0,1,-1,-1,-1,-1,0,10,-1,1,1,3,-1,-1,-1,0,0,1,0,0,10,0,0,0,24.45
1,0,0,0,-1,0,1,0,0,0,2,0,2,0,1,0,0,2,2,0,-1,3,0,1,400,0,9223372036800000000,1e+75,0,10,0,3,7,0,2,0,500,0,1,0,2,0,0,5,0,0,2,3,1,-1,0,-1,1,-1,10,-1,1,1,0,-1,-1,5,0,0,1,1,0,10,0,0,0,28.14
1,0,0,0,-1,0,1,3,0,0,0,0,-1,0,-1,-1,1,0,2,1,1,3,0,-1,800,0,9223372036800000000,240,0,10,0,0,7,0,3,1,0,0,1,1,0,0,0,0,0,0,2,0,1,-1,-1,-1,-1,0,10,-1,1,1,3,-1,-1,-1,0,0,1,0,0,10,0,0,0,9.11
1,0,0,0,-1,0,1,5,0,0,0,0,0,0,-1,1,-1,0,2,0,2,3,0,1,200,0,9223372036800000000,1e+75,0,10,0,0,7,0,1,1,-1,0,1,0,0,0,0,0,0,2,2,0,1,-1,-1,-1,-1,-1,10,-1,1,1,3,-1,-1,3,0,0,1,0,0,10,0,0,0,29.39
1,0,0,0,-1,0,1,5,0,0,0,0,3,0,0,-1,0,0,2,1,-1,3,0,-1,400,0,9223372036800000000,1e+75,0,10,0,0,7,0,1,1,0,0,1,1,0,0,0,0,0,4,2,0,1,-1,-1,-1,-1,0,10,-1,1,1,3,-1,-1,-1,0,0,1,0,0,10,0,0,0,19.6
1,0,0,0,-1,0,1,5,0,0,0,0,3,0,-1,2,0,0,0,0,2,3,0,-1,50,0,9223372036800000000,1e+75,0,10,0,0,7,0,3,1,0,0,1,1,0,0,0,0,0,-1,2,0,1,-1,-1,-1,-1,0,10,-1,1,1,3,-1,-1,-1,0,0,1,0,0,10,0,0,0,35.55
1,0,0,0,-1,0,1,0,0,0,0,0,3,0,0,2,2,0,1,1,-1,3,0,8,50,0,9223372036800000000,1e+75,0,10,0,0,7,0,0,1,0,0,1,1,3,0,0,1,0,0,2,0,1,-1,-1,-1,-1,-1,10,-1,1,1,3,-1,-1,4,0,0,1,4,0,10,0,0,0,30.73
1,0,0,0,-1,0,1,5,0,0,0,0,0,0,0,0,-1,0,2,1,1,3,0,-1,100,0,9223372036800000000,1e+75,0,10,0,0,7,0,1,1,0,0,1,1,0,0,0,0,0,0,2,0,1,-1,-1,-1,-1,0,10,-1,1,1,3,-1,-1,-1,0,0,1,0,0,10,0,0,0,19.61
1,0,0,0,-1,0,1,5,0,0,0,0,3,0,-1,2,0,0,0,0,2,3,0,-1,50,0,9223372036800000000,1e+75,0,10,0,0,7,0,3,1,0,0,1,1,0,0,0,0,0,3,2,0,1,-1,-1,-1,-1,0,10,-1,1,1,3,-1,-1,-1,0,0,1,0,0,10,0,0,0,23.53
1,0,0,0,-1,0,1,5,0,0,0,0,0,0,-1,1,0,1,2,0,2,3,0,1,200,0,9223372036800000000,1e+75,0,10,0,0,7,0,2,1,-1,0,1,0,0,0,0,0,0,2,2,0,1,-1,-1,-1,-1,-1,10,-1,1,1,3,-1,-1,3,0,0,1,0,0,10,0,0,0,14.83
1,0,0,0,-1,0,1,4,0,0,0,0,1,0,0,0,1,0,0,-1,1,3,0,16,800,0,9223372036800000000,1e+75,0,10,0,0,7,0,1,1,0,0,1,1,-1,0,0,0,0,-1,2,0,1,-1,-1,-1,-1,0,10,-1,1,1,3,-1,-1,-1,0,0,1,0,0,10,0,0,0,30.51
1,0,0,0,-1,0,1,0,0,0,0,0,-1,0,0,-1,1,-1,2,1,1,3,0,-1,800,0,9223372036800000000,1e+75,0,10,0,2,7,0,1,0,500,0,1,1,2,0,0,6,0,1,3,2,1,-1,-1,-1,2,-1,10,-1,1,1,0,-1,-1,1,0,0,1,1,0,10,0,0,0,28.08
1,0,0,0,-1,0,1,3,0,0,0,0,-1,0,0,2,0,-1,1,2,2,3,0,-1,150,0,9223372036800000000,1e+75,0,10,0,0,7,0,3,1,0,0,1,1,2,0,0,0,0,0,2,0,1,-1,-1,-1,-1,0,10,-1,1,1,3,-1,-1,-1,0,0,1,0,0,10,0,0,0,15.98
1,0,0,0,-1,0,1,1,0,0,0,0,-1,0,-1,2,-1,1,-1,-1,1,3,0,-1,50,0,9223372036800000000,1e+75,0,10,0,0,7,0,0,1,0,0,1,1,0,0,0,0,0,0,2,0,1,-1,-1,-1,-1,0,10,-1,1,1,3,-1,-1,-1,0,0,1,0,0,10,0,0,0,20.95
1,0,0,0,-1,0,1,3,0,0,0,0,3,0,0,-1,1,0,-1,1,-1,3,0,16,150,0,9223372036800000000,1e+75,0,10,0,0,7,0,0,1,0,0,1,1,3,0,0,0,0,2,2,0,1,-1,-1,-1,-1,-1,10,-1,1,1,3,-1,-1,3,0,0,1,0,0,10,0,0,0,34.72
1,0,0,0,-1,0,1,4,0,0,0,0,1,0,0,2,1,1,0,0,1,3,0,2,400,0,9223372036800000000,1e+75,0,10,0,0,7,0,0,1,0,0,1,1,1,0,0,0,0,0,2,0,1,-1,-1,-1,-1,0,10,-1,1,1,3,-1,-1,-1,0,0,1,0,0,10,0,0,0,15.31
1,0,0,0,-1,0,1,5,0,0,0,0,-1,0,0,-1,0,-1,0,2,-1,3,0,-1,200,0,9223372036800000000,1e+75,0,10,0,0,7,0,2,1,0,0,1,1,0,0,0,0,0,4,2,0,1,-1,-1,-1,-1,0,10,-1,1,1,3,-1,-1,-1,0,0,1,0,0,10,0,0,0,19.98
1,0,0,0,-1,0,1,0,0,0,0,0,3,0,1,2,0,1,2,-1,0,3,0,-1,800,0,9223372036800000000,1e+75,0,10,0,0,7,0,1,1,0,0,1,1,0,0,0,0,0,2,2,0,1,-1,-1,-1,-1,0,10,-1,1,1,3,-1,-1,-1,0,0,1,0,0,10,0,0,0,41.98
1,0,0,0,-1,0,1,2,0,0,0,0,3,0,1,-1,2,0,1,-1,1,3,0,16,50,0,9223372036800000000,1e+75,0,10,0,0,7,0,2,1,40,0,1,0,-1,0,0,2,0,-1,2,0,1,-1,0,-1,-1,1,10,-1,1,1,3,-1,-1,0,0,0,1,1,0,10,0,0,0,34.57
1,0,0,0,-1,0,1,1,0,0,0,0,3,0,0,0,-1,-1,0,0,2,3,0,-1,200,0,9223372036800000000,1e+75,0,10,0,0,7,0,2,1,40,0,1,1,1,0,0,0,0,0,2,0,1,-1,-1,-1,-1,0,10,-1,1,1,3,-1,-1,-1,0,0,1,0,0,10,0,0,0,36.91
1,0,0,0,-1,0,1,2,0,0,1,0,2,0,1,-1,1,2,2,-1,0,3,0,16,800,0,9223372036800000000,1e+75,0,10,0,1,7,0,2,1,0,0,1,1,0,0,0,1,0,1,3,3,1,-1,0,-1,3,0,10,-1,1,1,0,1,-1,-1,0,0,1,5,0,10,0,0,0,22.39
1,0,0,0,-1,0,1,4,0,0,0,0,2,0,0,2,-1,1,2,1,2,3,0,-1,400,0,9223372036800000000,1e+75,0,10,0,0,7,0,0,1,0,0,1,1,0,0,0,0,0,0,2,0,1,-1,-1,-1,-1,0,10,-1,1,1,3,-1,-1,-1,0,0,1,0,0,10,0,0,0,23.02
1,0,0,0,-1,0,1,4,0,0,0,0,2,0,1,1,-1,2,2,-1,2,3,0,-1,800,0,9223372036800000000,1e+75,0,10,0,0,7,0,0,1,0,0,1,1,0,0,0,0,0,0,2,0,1,-1,-1,-1,-1,0,10,-1,1,1,3,-1,-1,-1,0,0,1,0,0,10,0,0,0,26.08
1,0,0,0,-1,0,1,2,0,0,0,0,0,0,0,2,0,2,0,2,1,3,0,-1,100,0,9223372036800000000,1e+75,0,10,0,0,7,0,0,1,0,0,1,1,0,0,0,0,0,0,2,0,1,-1,-1,-1,-1,0,10,-1,1,1,3,-1,-1,-1,0,0,1,0,0,10,0,0,0,24.33
1,0,0,0,-1,0,1,3,0,0,0,0,-1,0,-1,-1,1,0,2,1,1,3,0,-1,800,0,9223372036800000000,1e+75,0,10,0,0,7,0,3,1,0,0,1,0,1,0,0,0,0,0,2,0,1,-1,-1,-1,-1,0,10,-1,1,1,3,-1,-1,-1,0,0,1,0,0,10,0,0,0,9.06
1,0,0,0,-1,0,1,1,0,0,0,0,2,0,-1,2,-1,2,1,1,0,3,0,-1,800,0,9223372036800000000,1e+75,0,10,0,0,7,0,0,1,0,0,1,1,0,0,0,0,0,0,2,0,1,-1,-1,-1,-1,0,10,-1,1,1,3,-1,-1,-1,0,0,1,0,0,10,0,0,0,36.4
1,0,0,0,-1,0,1,2,0,0,0,0,3,0,0,1,-1,2,1,1,-1,3,0,2,25,0,9223372036800000000,1e+75,0,10,0,0,7,0,0,1,0,0,1,1,3,0,0,0,0,0,2,0,1,-1,-1,-1,-1,0,10,-1,1,1,3,-1,-1,-1,0,0,1,0,0,10,0,0,0,27.02
1,0,0,0,-1,0,1,4,0,0,0,0,2,0,-1,2,-1,2,1,-1,0,3,0,-1,800,0,9223372036800000000,1e+75,0,10,0,0,7,0,0,1,0,0,1,1,0,0,0,0,0,0,2,0,1,-1,-1,-1,-1,0,10,-1,1,1,3,-1,-1,-1,0,0,1,0,0,10,0,0,0,26.08
1,0,0,0,-1,0,1,4,0,0,0,0,-1,0,-1,2,-1,2,1,1,2,3,0,-1,800,0,9223372036800000000,1e+75,0,10,0,0,7,0,0,1,0,0,1,1,0,0,0,0,0,0,2,0,1,-1,-1,-1,-1,0,10,-1,1,1,3,-1,-1,-1,0,0,1,0,0,10,0,0,0,13.89
1,0,0,0,-1,0,1,2,0,0,3,0,3,0,0,-1,-1,2,-1,-1,1,3,0,4,100,0,9223372036800000000,1e+75,0,10,0,3,7,0,1,2,500,0,1,0,0,0,0,3,0,0,3,3,1,-1,0,-1,3,0,10,-1,1,1,3,0,-1,0,0,0,1,1,0,10,0,0,0,40.25
1,0,0,0,-1,0,1,0,0,0,0,0,-1,0,0,-1,-1,0,-1,1,-1,3,0,1,800,0,9223372036800000000,1e+75,0,10,0,0,7,0,0,1,0,0,1,1,2,0,0,1,0,0,2,0,1,-1,-1,-1,-1,-1,10,-1,1,1,3,-1,-1,3,0,0,1,3,0,10,0,0,0,29.07
1,0,0,0,-1,0,1,0,0,0,0,0,0,0,-1,1,-1,-1,2,-1,1,3,0,8,200,0,9223372036800000000,1e+75,0,10,0,0,7,0,0,1,20,0,1,1,0,0,0,0,0,2,2,0,1,-1,-1,-1,-1,-1,10,-1,1,1,3,-1,-1,0,0,0,1,0,0,10,0,0,0,31.34
1,0,0,0,-1,0,1,3,0,0,0,0,3,0,0,-1,1,-1,-1,1,-1,3,0,16,10,0,9223372036800000000,1e+75,0,10,0,0,7,0,3,1,0,0,1,1,2,0,0,0,0,0,2,0,1,-1,-1,-1,-1,-1,10,-1,1,1,3,-1,-1,3,0,0,1,0,0,10,0,0,0,12.38
1,0,0,0,-1,0,1,3,0,0,0,0,3,0,-1,-1,-1,-1,-1,-1,2,3,0,8,400,0,9223372036800000000,1e+75,0,10,0,0,7,0,3,1,40,0,1,1,2,0,0,5,0,-1,2,0,1,-1,-1,-1,-1,-1,10,-1,1,1,3,-1,-1,3,0,0,1,0,0,10,0,0,0,1.79769e+308
1,0,0,0,-1,0,1,1,0,0,0,0,-1,0,-1,1,0,-1,-1,2,-1,3,0,-1,25,0,9223372036800000000,1e+75,0,10,0,1,7,0,1,0,40,0,1,1,3,0,0,6,0,1,1,0,1,-1,1,-1,-1,1,10,-1,1,1,1,1,-1,3,0,0,1,5,0,10,0,0,0,28.68
1,0,0,0,-1,0,1,1,0,0,0,0,2,0,-1,-1,2,2,-1,2,2,3,0,2,800,0,9223372036800000000,1e+75,0,10,0,0,7,0,1,1,1000,0,1,1,2,0,0,0,0,0,2,0,1,-1,-1,-1,-1,1,10,-1,1,1,3,-1,-1,0,0,0,1,0,0,10,0,0,0,1.79769e+308
1,0,0,0,-1,0,1,5,0,0,0,0,1,0,-1,1,-1,1,0,1,0,3,0,8,400,0,9223372036800000000,1e+75,0,10,0,0,7,0,3,1,1000,0,1,1,-1,0,0,6,0,1,2,0,1,-1,-1,-1,-1,-1,10,-1,1,1,3,-1,-1,-1,0,0,1,1,0,10,0,0,0,56.33
1,0,0,0,-1,0,1,4,0,0,0,0,-1,0,-1,2,-1,2,1,1,0,3,0,-1,25,0,9223372036800000000,1e+75,0,10,0,0,7,0,0,1,0,0,1,1,0,0,0,0,0,0,2,0,1,-1,-1,-1,-1,0,10,-1,1,1,3,-1,-1,-1,0,0,1,0,0,10,0,0,0,25.39
1,0,0,0,-1,0,1,2,0,0,0,0,3,0,1,1,-1,2,1,1,-1,3,0,2,800,0,9223372036800000000,1e+75,0,10,0,0,7,0,0,1,0,0,1,1,3,0,0,0,0,0,2,0,1,-1,-1,-1,-1,0,10,-1,1,1,3,-1,-1,-1,0,0,1,0,0,10,0,0,0,29.8
1,0,0,0,-1,0,1,4,0,0,0,0,3,0,1,1,1,-1,0,2,-1,3,0,1,150,0,9223372036800000000,1e+75,0,10,0,0,7,0,2,1,20,0,1,1,2,0,0,0,0,2,2,0,1,-1,-1,-1,-1,-1,10,-1,1,1,3,-1,-1,-1,0,0,1,0,0,10,0,0,0,21.8
1,0,0,0,-1,0,1,4,0,0,0,0,-1,0,-1,2,-1,2,1,1,0,3,0,-1,150,0,9223372036800000000,1e+75,0,10,0,0,7,0,0,1,0,0,1,1,0,0,0,0,0,0,2,0,1,-1,-1,-1,-1,0,10,-1,1,1,3,-1,-1,-1,0,0,1,0,0,10,0,0,0,29.56
1,0,0,0,-1,0,1,5,0,0,0,0,2,0,-1,0,1,2,-1,2,0,3,0,8,200,0,9223372036800000000,1e+75,0,10,0,0,7,0,1,1,20,0,1,1,2,0,0,0,0,3,2,0,1,-1,-1,-1,-1,-1,10,-1,1,1,3,-1,-1,3,0,0,1,0,0,10,0,0,0,17.63
1,0,0,0,-1,0,1,5,0,0,1,0,1,0,-1,2,2,1,0,1,2,3,0,2,200,0,9223372036800000000,1e+75,0,10,0,0,7,0,1,2,100,0,1,0,-1,0,0,1,0,3,1,2,1,-1,-1,-1,0,1,10,-1,1,1,3,-1,-1,3,0,0,1,0,0,10,0,0,0,21.32
1,0,0,0,-1,0,1,5,0,0,0,0,2,0,-1,0,1,2,-1,-1,0,3,0,8,200,0,9223372036800000000,1e+75,0,10,0,0,7,0,1,1,20,0,1,1,2,0,0,0,0,3,2,0,1,-1,-1,-1,-1,-1,10,-1,1,1,3,-1,-1,2,0,0,1,0,0,10,0,0,0,21.71
1,0,0,0,-1,0,1,4,0,0,0,0,-1,0,-1,2,-1,2,1,1,-1,3,0,-1,800,0,9223372036800000000,1e+75,0,10,0,0,7,0,0,1,0,0,1,1,0,0,0,0,0,0,2,0,1,-1,-1,-1,-1,0,10,-1,1,1,3,-1,-1,-1,0,0,1,0,0,10,0,0,0,13.89
1,0,0,0,-1,0,1,3,0,0,0,0,-1,1,-1,-1,1,0,2,1,1,3,0,-1,800,0,9223372036800000000,1e+75,0,10,0,0,7,0,0,1,0,0,1,1,0,0,0,0,0,0,2,0,1,-1,-1,-1,-1,0,10,-1,1,1,3,-1,-1,-1,0,0,1,0,0,10,0,0,0,13.75
1,0,0,0,-1,0,1,1,0,0,0,0,2,0,-1,-1,2,2,-1,2,2,3,0,2,150,0,9223372036800000000,1e+75,0,10,0,0,7,0,1,1,1000,0,1,1,2,0,0,0,0,0,2,0,1,-1,-1,-1,-1,1,10,-1,1,1,3,-1,-1,3,0,0,1,0,0,10,0,0,0,1.79769e+308
1,0,0,0,-1,0,1,4,0,0,0,0,2,0,0,2,-1,1,2,-1,2,3,0,-1,50,0,9223372036800000000,1e+75,0,10,0,0,7,0,0,1,0,0,1,1,0,0,0,0,0,0,2,0,1,-1,-1,-1,-1,0,10,-1,1,1,3,-1,-1,-1,0,0,1,0,0,10,0,0,0,15.49
1,0,0,0,-1,0,1,4,0,0,0,0,2,0,-1,2,0,2,1,1,0,3,0,-1,800,0,9223372036800000000,1e+75,0,10,0,0,7,0,0,1,0,0,1,1,0,0,0,0,0,0,2,0,1,-1,-1,-1,-1,0,10,-1,1,1,3,-1,-1,-1,0,0,1,0,0,10,0,0,0,25.79
1,0,0,0,-1,0,1,5,0,0,0,0,0,0,0,-1,0,2,0,1,-1,3,0,-1,200,0,9223372036800000000,1e+75,0,10,0,0,7,0,0,1,0,0,1,1,0,0,0,0,0,0,2,0,1,-1,-1,-1,-1,0,10,-1,1,1,3,-1,-1,-1,0,0,1,0,0,10,0,0,0,23.3
1,0,0,0,-1,0,1,3,0,0,0,0,-1,0,-1,2,-1,1,-1,-1,1,3,0,-1,50,0,9223372036800000000,1e+75,0,10,0,0,7,0,0,1,0,0,1,1,0,0,0,0,0,0,2,0,1,-1,-1,-1,-1,0,10,-1,1,1,3,-1,-1,-1,0,0,1,0,0,10,0,0,0,24.72
1,0,0,0,-1,0,1,0,0,0,2,0,2,0,1,0,0,2,1,0,-1,3,0,1,400,0,9223372036800000000,1e+75,0,10,0,3,7,0,2,0,500,0,1,0,2,0,0,5,0,0,2,3,1,-1,0,-1,1,-1,10,-1,1,1,0,-1,-1,5,0,0,1,0,0,10,0,0,0,18.07
1,0,0,0,-1,0,1,1,0,0,0,0,2,0,-1,-1,2,2,-1,2,2,3,0,16,150,0,9223372036800000000,1e+75,0,10,0,0,7,0,1,1,1000,0,1,1,2,0,0,0,0,2,2,0,1,-1,-1,-1,-1,1,10,-1,1,1,3,-1,-1,0,0,0,1,0,0,10,0,0,0,42.39
1,0,0,0,-1,0,1,4,0,0,0,0,2,0,0,2,-1,1,2,-1,2,3,0,-1,200,0,9223372036800000000,1e+75,0,10,0,0,7,0,0,1,0,0,1,1,0,0,0,0,0,0,2,0,1,-1,-1,-1,-1,0,10,-1,1,1,3,-1,-1,-1,0,0,1,0,0,10,0,0,0,24.17
1,0,0,0,-1,0,1,3,0,0,0,0,-1,-1,-1,-1,1,0,2,1,1,3,0,-1,800,0,9223372036800000000,1e+75,0,10,0,0,7,0,0,1,0,0,1,1,0,0,0,0,0,0,2,0,1,-1,-1,-1,-1,0,10,-1,1,1,3,-1,-1,-1,0,0,1,0,0,10,0,0,0,13.75
1,0,0,0,-1,0,1,4,0,0,0,0,0,0,0,1,1,-1,0,2,2,3,0,-1,800,0,9223372036800000000,1e+75,0,10,0,0,7,0,2,1,0,0,1,1,0,0,0,0,0,0,2,0,1,-1,-1,-1,-1,0,10,-1,1,1,3,-1,-1,-1,0,0,1,0,0,10,0,0,0,21.82
1,0,0,0,-1,0,1,3,0,0,4,0,2,0,1,-1,-1,1,1,0,-1,3,0,8,400,0,9223372036800000000,1e+75,0,10,0,1,7,0,2,1,100,0,1,1,0,0,0,5,0,4,3,0,1,-1,-1,-1,0,1,10,-1,1,1,3,1,-1,1,0,0,1,2,0,10,0,0,0,13.66
1,0,0,0,-1,0,1,4,0,0,0,0,2,0,-1,0,1,2,-1,2,0,3,0,8,200,0,9223372036800000000,1e+75,0,10,0,0,7,0,1,1,20,0,1,1,2,0,0,0,0,3,2,0,1,-1,-1,-1,-1,-1,10,-1,1,1,3,-1,-1,2,0,0,1,0,0,10,0,0,0,22.63
1,0,0,0,-1,0,1,5,0,0,0,0,-1,0,-1,2,1,1,-1,-1,1,3,0,-1,50,0,9223372036800000000,1e+75,0,10,0,0,7,0,0,1,0,0,1,1,0,0,0,0,0,0,2,0,1,-1,-1,-1,-1,0,10,-1,1,1,3,-1,-1,-1,0,0,1,0,0,10,0,0,0,14.76
1,0,0,0,-1,0,1,0,0,0,0,0,2,0,1,-1,2,-1,1,0,-1,3,0,-1,50,0,9223372036800000000,1e+75,0,10,0,0,7,0,0,1,0,0,1,1,0,0,0,0,0,0,2,0,1,-1,-1,-1,-1,0,10,-1,1,1,3,-1,-1,-1,0,0,1,0,0,10,0,0,0,32.18
1,0,0,0,-1,0,1,5,0,0,1,0,1,0,1,1,0,1,2,0,-1,3,0,2,150,0,9223372036800000000,1e+75,0,10,0,2,7,0,0,2,100,0,1,0,2,0,0,0,0,4,1,0,1,-1,-1,-1,1,1,10,-1,1,1,3,1,-1,0,0,0,1,4,0,10,0,0,0,56.2
1,0,0,0,-1,0,1,5,0,0,0,0,2,0,0,-1,2,1,2,1,0,3,0,8,400,0,9223372036800000000,1e+75,0,10,0,0,7,0,1,1,0,0,1,1,-1,0,0,0,0,2,2,0,1,-1,-1,-1,-1,0,10,-1,1,1,3,-1,-1,-1,0,0,1,0,0,10,0,0,0,24.2
1,0,0,0,-1,0,1,0,0,0,0,0,0,0,0,-1,0,-1,2,1,-1,3,0,-1,800,0,9223372036800000000,1e+75,0,10,0,0,7,0,0,1,0,0,1,1,0,0,0,0,0,0,2,0,1,-1,-1,-1,-1,0,10,-1,1,1,3,-1,-1,-1,0,0,1,0,0,10,0,0,0,31.71
1,0,0,0,-1,0,1,2,0,0,0,0,-1,0,-1,1,0,1,2,-1,1,3,0,1,100,0,9223372036800000000,1e+75,0,10,0,0,7,0,2,1,0,0,1,1,1,0,0,0,0,4,2,0,1,-1,-1,-1,-1,0,10,-1,1,1,3,-1,-1,-1,0,0,1,0,0,10,0,0,0,33.38
1,0,0,0,-1,0,1,0,0,0,0,0,2,0,0,-1,2,1,2,2,-1,3,0,1,400,0,9223372036800000000,1e+75,0,10,0,0,7,0,0,1,0,0,1,1,-1,0,0,0,0,4,2,0,1,-1,-1,-1,-1,0,10,-1,1,1,3,-1,-1,-1,0,0,1,0,0,10,0,0,0,40.25
1,0,0,0,-1,0,1,2,0,0,0,0,0,0,-1,1,-1,2,-1,1,0,3,0,16,25,0,9223372036800000000,1e+75,0,10,0,0,7,0,0,1,0,0,1,1,1,0,0,0,0,-1,2,0,1,-1,-1,-1,-1,0,10,-1,1,1,3,-1,-1,-1,0,0,1,0,0,10,0,0,0,1.79769e+308
1,0,0,0,-1,0,1,2,0,0,0,0,0,0,0,0,0,2,0,2,1,3,0,-1,10,0,9223372036800000000,1e+75,0,10,0,0,7,0,0,1,0,0,1,1,0,0,0,0,0,0,2,0,1,-1,-1,-1,-1,0,10,-1,1,1,3,-1,-1,-1,0,0,1,0,0,10,0,0,0,24.3
1,0,0,0,-1,0,1,5,0,0,0,0,2,0,1,0,0,2,-1,2,1,3,0,4,400,0,9223372036800000000,1e+75,0,10,0,0,7,0,2,1,1000,0,1,0,2,0,0,0,0,2,2,0,1,-1,-1,-1,-1,0,10,-1,1,1,3,-1,-1,3,0,0,1,4,0,10,0,0,0,22.99
1,0,0,0,-1,0,1,0,0,0,0,0,0,0,-1,-1,-1,-1,-1,-1,1,3,0,8,200,0,9223372036800000000,1e+75,0,10,0,0,7,0,0,1,20,0,1,1,0,0,0,0,0,2,2,0,1,-1,-1,-1,-1,-1,10,-1,1,1,3,-1,-1,0,0,0,1,0,0,10,0,0,0,20.86
1,0,0,0,-1,0,1,1,0,0,0,0,3,0,0,0,-1,-1,0,0,2,3,0,-1,200,0,9223372036800000000,1e+75,0,10,0,0,7,0,2,1,-1,0,1,1,1,0,0,0,0,0,2,0,1,-1,-1,-1,2,0,10,-1,1,1,3,-1,-1,3,0,0,1,0,0,10,0,0,0,15
1,0,0,0,-1,0,1,4,0,0,0,0,2,0,0,0,-1,1,2,-1,2,3,0,-1,800,0,9223372036800000000,1e+75,0,10,0,0,7,0,0,1,0,0,1,1,0,0,0,0,0,0,2,0,1,-1,-1,-1,-1,0,10,-1,1,1,3,-1,-1,-1,0,0,1,0,0,10,0,0,0,32.07
1,0,0,0,-1,0,1,3,0,0,0,0,-1,0,-1,-1,1,0,2,1,1,3,0,-1,800,0,9223372036800000000,1e+75,0,10,0,0,7,0,3,1,-1,0,1,1,1,0,0,0,0,0,2,0,1,-1,-1,-1,-1,0,10,-1,1,1,3,-1,-1,-1,0,0,1,0,0,10,0,0,0,1.79769e+308
1,0,0,0,-1,0,1,5,0,0,0,0,0,0,1,-1,0,2,0,1,-1,3,0,-1,800,0,9223372036800000000,1e+75,0,10,0,0,7,0,0,1,0,0,1,1,0,0,0,0,0,0,2,0,1,-1,-1,-1,-1,0,10,-1,1,1,3,-1,-1,-1,0,0,1,0,0,10,0,0,0,14.84
1,0,0,0,-1,0,1,2,0,0,0,0,2,0,-1,-1,0,1,0,2,0,3,0,-1,25,0,9223372036800000000,1e+75,0,10,0,0,7,0,3,1,0,0,1,1,0,0,0,0,0,4,2,0,1,-1,-1,-1,-1,0,10,-1,1,1,3,-1,-1,-1,0,0,1,0,0,10,0,0,0,31.35
1,0,0,0,-1,0,1,3,0,0,0,0,3,0,0,0,-1,-1,0,0,2,3,0,-1,200,0,9223372036800000000,1e+75,0,10,0,0,7,0,2,1,-1,0,1,1,1,0,0,0,0,0,2,0,1,-1,-1,-1,-1,0,10,-1,1,1,3,-1,-1,-1,0,0,1,0,0,10,0,0,0,1.79769e+308
1,0,0,0,-1,0,1,0,0,0,0,0,-1,0,0,0,0,1,1,1,-1,3,0,-1,800,0,9223372036800000000,1e+75,0,10,0,0,7,0,0,1,0,0,1,1,0,0,0,0,0,0,2,0,1,-1,-1,-1,-1,0,10,-1,1,1,3,-1,-1,-1,0,0,1,0,0,10,0,0,0,13.59
1,0,0,0,-1,0,1,4,0,0,0,0,-1,0,-1,2,-1,2,2,1,0,3,0,-1,800,0,9223372036800000000,1e+75,0,10,0,0,7,0,0,1,0,0,1,1,0,0,0,0,0,0,2,0,1,-1,-1,-1,-1,0,10,-1,1,1,3,-1,-1,-1,0,0,1,0,0,10,0,0,0,13.89
1,0,0,0,-1,0,1,2,0,0,0,0,0,0,0,2,0,2,0,2,0,3,0,-1,10,0,9223372036800000000,1e+75,0,10,0,0,7,0,0,1,0,0,1,1,0,0,0,0,0,0,2,0,1,-1,-1,-1,-1,0,10,-1,1,1,3,-1,-1,-1,0,0,1,0,0,10,0,0,0,17.46
1,0,0,0,-1,0,1,0,0,0,0,0,-1,0,-1,2,-1,1,2,0,0,3,0,8,150,0,9223372036800000000,1e+75,0,10,0,3,7,0,1,1,1000,0,1,1,1,0,0,1,0,4,1,2,1,-1,1,-1,3,-1,10,-1,1,1,0,1,-1,5,0,0,1,0,0,10,0,0,0,26.69
1,0,0,0,-1,0,1,1,0,0,0,0,3,0,0,0,-1,-1,0,0,2,3,0,-1,200,0,9223372036800000000,1e+75,0,10,0,0,7,0,2,1,0,0,1,1,0,0,0,0,0,2,2,0,1,-1,-1,-1,-1,0,10,-1,1,1,3,-1,-1,-1,0,0,1,0,0,10,0,0,0,26.09
1,0,0,0,-1,0,1,0,0,0,0,0,1,0,-1,1,0,0,0,2,-1,3,0,-1,200,0,9223372036800000000,1e+75,0,10,0,0,7,0,0,1,0,0,1,1,0,0,0,0,0,0,2,0,1,-1,-1,-1,-1,0,10,-1,1,1,3,-1,-1,-1,0,0,1,0,0,10,0,0,0,31.34
1,0,0,0,-1,0,1,3,0,0,0,0,3,0,1,2,1,-1,-1,1,0,3,0,-1,100,0,9223372036800000000,1e+75,0,10,0,0,7,0,0,1,0,0,1,1,0,0,0,0,0,0,2,0,1,-1,-1,-1,-1,0,10,-1,1,1,3,-1,-1,-1,0,0,1,0,0,10,0,0,0,14.89
1,0,0,0,-1,0,1,2,0,0,0,0,-1,0,-1,0,1,1,2,0,-1,3,0,-1,25,0,9223372036800000000,1e+75,0,10,0,0,7,0,3,1,0,0,1,1,2,0,0,0,0,3,2,0,1,-1,-1,-1,-1,-1,10,-1,1,1,3,-1,-1,2,0,0,1,0,0,10,0,0,0,14.55
1,0,0,0,-1,0,1,0,0,0,0,0,2,0,0,-1,2,0,0,2,0,3,0,-1,10,0,9223372036800000000,1e+75,0,10,0,0,7,0,2,1,0,0,1,1,0,0,0,0,0,1,2,0,1,-1,-1,-1,-1,0,10,-1,1,1,3,-1,-1,-1,0,0,1,0,0,10,0,0,0,40.29
1,0,0,0,-1,0,1,3,0,0,0,0,1,0,0,2,0,2,0,0,-1,3,0,-1,800,0,9223372036800000000,1e+75,0,10,0,0,7,0,3,1,-1,0,1,1,2,0,0,0,0,2,2,0,1,-1,-1,-1,-1,0,10,-1,1,1,3,-1,-1,5,0,0,1,0,0,10,0,0,0,1.79769e+308
1,0,0,0,-1,0,1,2,0,0,0,0,3,0,0,0,-1,2,1,1,-1,3,0,2,800,0,9223372036800000000,1e+75,0,10,0,0,7,0,0,1,0,0,1,1,3,0,0,0,0,0,2,0,1,-1,-1,-1,-1,0,10,-1,1,1,3,-1,-1,-1,0,0,1,0,0,10,0,0,0,29.57
1,0,0,0,-1,0,1,4,0,0,0,0,3,0,0,0,-1,-1,0,0,2,3,0,-1,200,0,9223372036800000000,1e+75,0,10,0,0,7,0,2,1,0,0,1,1,1,0,0,0,0,0,2,0,1,-1,-1,-1,-1,0,10,-1,1,1,3,-1,-1,-1,0,0,1,0,0,10,0,0,0,32.19
1,0,0,0,-1,0,1,2,0,0,3,0,3,0,0,-1,-1,1,-1,-1,1,3,0,4,150,0,9223372036800000000,1e+75,0,10,0,3,7,0,1,2,100,0,1,0,0,0,0,6,0,0,3,3,1,-1,0,-1,3,0,10,-1,1,1,3,0,-1,0,0,0,1,1,0,10,0,0,0,27.36
1,0,0,0,-1,0,1,4,0,0,0,0,2,0,0,2,-1,0,2,-1,2,3,0,-1,50,0,9223372036800000000,1e+75,0,10,0,0,7,0,0,1,0,0,1,1,0,0,0,0,0,0,2,0,1,-1,-1,-1,-1,0,10,-1,1,1,3,-1,-1,-1,0,0,1,0,0,10,0,0,0,25.26
1,0,0,0,-1,0,1,4,0,0,0,0,2,0,1,2,-1,2,2,-1,2,3,0,-1,400,0,9223372036800000000,1e+75,0,10,0,0,7,0,0,1,0,0,1,1,0,0,0,0,0,0,2,0,1,-1,-1,-1,-1,0,10,-1,1,1,3,-1,-1,-1,0,0,1,0,0,10,0,0,0,26.08
1,0,0,0,-1,0,1,0,0,0,0,0,-1,0,-1,-1,0,2,-1,2,1,3,0,4,400,0,9223372036800000000,1e+75,0,10,0,0,7,0,3,1,0,0,1,1,1,0,0,0,0,2,2,0,1,-1,-1,-1,-1,0,10,-1,1,1,3,-1,-1,-1,0,0,1,0,0,10,0,0,0,25.91
1,0,0,0,-1,0,1,5,0,0,0,0,2,0,0,-1,2,1,2,1,2,3,0,4,400,0,9223372036800000000,1e+75,0,10,0,0,7,0,1,1,0,0,1,1,-1,0,0,0,0,2,2,0,1,-1,-1,-1,-1,0,10,-1,1,1,3,-1,-1,-1,0,0,1,0,0,10,0,0,0,24.2
1,0,0,0,-1,0,1,4,0,0,0,0,2,0,1,1,-1,2,2,1,2,3,0,-1,200,0,9223372036800000000,1e+75,0,10,0,0,7,0,0,1,0,0,1,1,0,0,0,0,0,0,2,0,1,-1,-1,-1,-1,0,10,-1,1,1,3,-1,-1,-1,0,0,1,0,0,10,0,0,0,23.1
1,0,0,0,-1,0,1,4,0,0,0,0,3,0,0,-1,-1,1,0,-1,1,3,0,-1,10,0,9223372036800000000,1e+75,0,10,0,0,7,0,0,1,0,0,1,1,0,0,0,0,0,0,2,0,1,-1,-1,-1,-1,0,10,-1,1,1,3,-1,-1,-1,0,0,1,0,0,10,0,0,0,28.32
1,0,0,0,-1,0,1,5,0,0,0,0,0,0,0,2,0,2,0,2,1,3,0,-1,10,0,9223372036800000000,1e+75,0,10,0,0,7,0,0,1,0,0,1,1,0,0,0,0,0,0,2,0,1,-1,-1,-1,-1,0,10,-1,1,1,3,-1,-1,-1,0,0,1,0,0,10,0,0,0,19.01
1,0,0,0,-1,0,1,2,0,0,0,0,1,0,0,2,0,2,0,2,1,3,0,-1,10,0,9223372036800000000,1e+75,0,10,0,0,7,0,0,1,0,0,1,1,0,0,0,0,0,0,2,0,1,-1,-1,-1,-1,0,10,-1,1,1,3,-1,-1,-1,0,0,1,0,0,10,0,0,0,17.46
1,0,0,0,-1,0,1,0,0,0,0,0,2,0,0,-1,2,0,0,2,0,3,0,-1,10,0,9223372036800000000,1e+75,0,10,0,0,7,0,2,1,0,0,1,1,0,0,0,0,0,-1,2,0,1,-1,-1,-1,-1,0,10,-1,1,1,3,-1,-1,-1,0,0,1,0,0,10,0,0,0,1.79769e+308
1,0,0,0,-1,0,1,4,0,0,0,0,2,0,1,1,0,2,2,1,2,3,0,-1,800,0,9223372036800000000,1e+75,0,10,0,0,7,0,0,1,0,0,1,1,0,0,0,0,0,0,2,0,1,-1,-1,-1,-1,0,10,-1,1,1,3,-1,-1,-1,0,0,1,0,0,10,0,0,0,25.79
1,0,0,0,-1,0,1,2,0,0,0,0,-1,0,0,2,0,2,0,2,1,3,0,-1,50,0,9223372036800000000,1e+75,0,10,0,0,7,0,0,1,0,0,1,1,0,0,0,0,0,0,2,0,1,-1,-1,-1,-1,0,10,-1,1,1,3,-1,-1,-1,0,0,1,0,0,10,0,0,0,22.54
1,0,0,0,-1,0,1,3,0,0,0,0,2,0,-1,0,1,2,-1,2,0,3,0,8,200,0,9223372036800000000,1e+75,0,10,0,0,7,0,1,1,20,0,1,1,2,0,0,0,0,3,2,0,1,-1,-1,-1,-1,-1,10,-1,1,1,3,-1,-1,2,0,0,1,0,0,10,0,0,0,19.91
1,0,0,0,-1,0,1,1,0,0,0,0,2,0,0,0,0,-1,0,0,2,3,0,-1,200,0,9223372036800000000,1e+75,0,10,0,0,7,0,0,1,0,0,1,1,0,0,0,0,0,0,2,0,1,-1,-1,-1,-1,0,10,-1,1,1,3,-1,-1,-1,0,0,1,0,0,10,0,0,0,18.87
1,0,0,0,-1,0,1,4,0,0,0,0,2,0,0,2,-1,1,2,-1,2,3,0,-1,800,0,9223372036800000000,1e+75,0,10,0,0,7,0,0,1,0,0,1,1,0,0,0,0,0,0,2,0,1,-1,-1,-1,-1,0,10,-1,1,1,3,-1,-1,-1,0,0,1,0,0,10,0,0,0,15.66
1,0,0,0,-1,0,1,0,0,0,0,0,3,0,0,-1,0,1,0,2,1,3,0,-1,10,0,9223372036800000000,1e+75,0,10,0,0,7,0,0,1,0,0,1,1,0,0,0,0,0,0,2,0,1,-1,-1,-1,-1,0,10,-1,1,1,3,-1,-1,-1,0,0,1,0,0,10,0,0,0,21.6
1,0,0,0,-1,0,1,4,0,0,0,0,2,0,0,0,2,0,1,2,-1,3,0,1,25,0,9223372036800000000,1e+75,0,10,0,0,7,0,3,1,100,0,1,0,1,0,0,1,0,2,2,0,1,-1,1,-1,-1,0,10,-1,1,1,3,-1,-1,2,0,0,1,3,0,10,0,0,0,25.02
1,0,0,0,-1,0,1,3,0,0,0,0,0,0,0,-1,0,2,0,1,-1,3,0,-1,10,0,9223372036800000000,1e+75,0,10,0,0,7,0,0,1,0,0,1,1,0,0,0,0,0,0,2,0,1,-1,-1,-1,-1,0,10,-1,1,1,3,-1,-1,-1,0,0,1,0,0,10,0,0,0,22.46
1,0,0,0,-1,0,1,1,0,0,0,0,2,0,-1,-1,2,2,-1,2,2,3,0,8,150,0,9223372036800000000,1e+75,0,10,0,0,7,0,2,1,1000,0,1,1,2,0,0,0,0,2,2,0,1,-1,-1,-1,-1,1,10,-1,1,1,3,-1,-1,0,0,0,1,0,0,10,0,0,0,27.86
1,0,0,0,-1,0,1,4,0,0,0,0,-1,0,-1,2,-1,2,1,1,0,3,0,-1,800,0,9223372036800000000,1e+75,0,10,0,0,7,0,0,1,0,0,1,1,0,0,0,0,0,0,2,0,1,-1,-1,-1,-1,0,10,-1,1,1,3,-1,-1,-1,0,0,1,0,0,10,0,0,0,13.89
1,0,0,0,-1,0,1,3,0,0,0,0,-1,0,-1,-1,1,2,2,1,1,3,0,-1,100,0,9223372036800000000,1e+75,0,10,0,0,7,0,0,1,0,0,1,1,0,0,0,0,0,0,2,0,1,-1,-1,-1,-1,0,10,-1,1,1,3,-1,-1,-1,0,0,1,0,0,10,0,0,0,19.87
1,0,0,0,-1,0,1,5,0,0,0,0,0,0,0,-1,0,-1,0,2,-1,3,0,-1,800,0,9223372036800000000,1e+75,0,10,0,0,7,0,0,1,0,0,1,1,0,0,0,0,0,0,2,0,1,-1,-1,-1,-1,0,10,-1,1,1,3,-1,-1,-1,0,0,1,0,0,10,0,0,0,19.98
1,0,0,0,-1,0,1,5,0,0,1,0,1,0,1,1,0,1,0,-1,-1,3,0,2,150,0,9223372036800000000,1e+75,0,10,0,1,7,0,0,2,100,0,1,0,2,0,0,0,0,4,1,0,1,-1,-1,-1,1,1,10,-1,1,1,3,1,-1,0,0,0,1,4,0,10,0,0,0,55.17
1,0,0,0,-1,0,1,1,0,0,0,0,3,0,0,0,0,-1,0,1,2,3,0,-1,200,0,9223372036800000000,1e+75,0,10,0,0,7,0,0,1,0,0,1,1,0,0,0,0,0,0,2,0,1,-1,-1,-1,-1,0,10,-1,1,1,3,-1,-1,-1,0,0,1,0,0,10,0,0,0,29.52
1,0,0,0,-1,0,1,3,0,0,0,0,2,0,-1,2,-1,1,2,0,-1,3,0,16,100,0,9223372036800000000,1e+75,0,10,0,0,7,0,3,1,100,0,1,1,1,0,0,1,0,0,2,0,1,-1,-1,-1,-1,-1,10,-1,1,1,3,-1,-1,-1,0,0,1,0,0,10,0,0,0,20.57
1,0,0,0,-1,0,1,3,0,0,0,0,-1,0,-1,-1,1,0,2,1,1,2,0,-1,800,0,9223372036800000000,1e+75,0,10,0,0,7,0,3,1,40,0,1,1,1,0,0,0,0,0,2,0,1,-1,-1,-1,-1,0,10,-1,1,1,3,-1,-1,-1,0,0,1,2,0,10,0,0,0,11.99
1,0,0,0,-1,0,1,1,0,0,0,0,0,0,0,2,0,2,0,2,1,3,0,-1,50,0,9223372036800000000,1e+75,0,10,0,0,7,0,0,1,0,0,1,1,0,0,0,0,0,0,2,0,1,-1,-1,-1,-1,0,10,-1,1,1,3,-1,-1,-1,0,0,1,0,0,10,0,0,0,44.59
1,0,0,0,-1,0,1,4,0,0,4,0,3,0,-1,2,2,1,2,2,-1,3,0,2,10,0,9223372036800000000,1e+75,0,10,0,0,7,0,3,2,0,0,1,1,0,0,0,2,0,3,1,0,1,-1,-1,-1,2,0,10,-1,1,1,1,1,-1,2,0,0,1,0,0,10,0,0,0,21.1
1,0,0,0,-1,0,1,2,0,0,1,0,2,0,1,-1,1,2,2,1,0,3,0,16,150,0,9223372036800000000,1e+75,0,10,0,1,7,0,2,1,-1,0,1,1,3,0,0,0,0,1,3,3,1,-1,0,-1,3,0,10,-1,1,1,0,1,-1,-1,0,0,1,4,0,10,0,0,0,28.86
1,0,0,0,-1,0,1,0,0,0,0,0,1,0,1,1,2,1,2,0,-1,3,0,16,400,0,9223372036800000000,1e+75,0,10,0,0,7,0,0,1,1000,0,1,0,0,0,0,4,0,-1,2,0,1,-1,-1,-1,-1,-1,10,-1,1,1,3,-1,-1,5,0,0,1,0,0,10,0,0,0,30.44
1,0,0,0,-1,0,1,1,0,0,0,0,3,0,0,0,-1,-1,0,0,2,3,0,-1,200,0,9223372036800000000,1e+75,0,10,0,0,7,0,2,1,0,0,1,1,1,0,0,0,0,0,2,0,1,-1,-1,-1,-1,0,10,-1,1,1,3,-1,-1,1,0,0,1,0,0,10,0,0,0,16.49
1,0,0,0,-1,0,1,2,0,0,0,0,1,0,0,1,0,0,2,0,1,3,0,-1,150,0,9223372036800000000,1e+75,0,10,0,0,7,0,1,1,0,0,1,1,0,0,0,0,0,2,2,0,1,-1,-1,-1,-1,0,10,-1,1,1,3,-1,-1,-1,0,0,1,0,0,10,0,0,0,33.67
1,0,0,0,-1,0,1,5,0,0,0,0,3,0,-1,2,0,0,0,0,1,3,0,-1,50,0,9223372036800000000,1e+75,0,10,0,0,7,0,3,1,0,0,1,1,0,0,0,0,0,3,2,0,1,-1,-1,-1,-1,0,10,-1,1,1,3,-1,-1,-1,0,0,1,0,0,10,0,0,0,23.53
1,0,0,0,-1,0,1,3,0,0,0,0,-1,0,-1,-1,1,0,2,1,1,3,0,-1,800,0,9223372036800000000,1e+75,0,10,0,0,7,0,3,1,40,0,1,1,1,0,0,0,0,0,2,0,1,-1,-1,-1,-1,0,10,-1,1,1,3,-1,0,-1,0,0,1,2,0,10,0,0,0,20.17
1,0,0,0,-1,0,1,0,0,0,0,0,2,0,0,1,0,2,1,1,-1,3,0,-1,800,0,9223372036800000000,1e+75,0,10,0,0,7,0,0,1,0,0,1,1,0,0,0,0,0,0,2,0,1,-1,-1,-1,-1,0,10,-1,1,1,3,-1,-1,-1,0,0,1,0,0,10,0,0,0,26.98
1,0,0,0,-1,0,1,4,0,0,0,0,3,0,1,1,1,-1,0,2,-1,3,0,8,150,0,9223372036800000000,1e+75,0,10,0,0,7,0,2,1,0,0,1,1,2,0,0,0,0,2,2,0,1,-1,-1,-1,-1,-1,10,-1,1,1,3,-1,-1,-1,0,0,1,0,0,10,0,0,0,22.59
1,0,0,0,-1,0,1,4,0,0,0,0,-1,0,0,2,0,0,0,-1,2,3,0,16,100,0,9223372036800000000,1e+75,0,10,0,0,7,0,1,1,0,0,1,0,3,0,0,1,0,-1,2,0,1,-1,-1,-1,-1,-1,10,-1,1,1,3,-1,-1,1,0,0,1,3,0,10,0,0,0,24.03
1,0,0,0,-1,0,1,4,0,0,0,0,2,0,-1,-1,2,2,-1,2,2,3,0,8,150,0,9223372036800000000,1e+75,0,10,0,0,7,0,2,1,1000,0,1,1,2,0,0,0,0,0,2,0,1,-1,-1,-1,-1,1,10,-1,1,1,3,-1,-1,0,0,0,1,0,0,10,0,0,0,30.87
1,0,0,0,-1,0,1,4,0,0,0,0,-1,0,-1,2,-1,2,-1,1,0,3,0,-1,800,0,9223372036800000000,1e+75,0,10,0,0,7,0,0,1,0,0,1,1,0,0,0,0,0,0,2,0,1,-1,-1,-1,-1,0,10,-1,1,1,3,-1,-1,-1,0,0,1,0,0,10,0,0,0,13.89
1,0,0,0,-1,0,1,2,0,0,0,0,-1,0,-1,0,1,1,2,0,-1,3,0,4,25,0,9223372036800000000,1e+75,0,10,0,0,7,0,3,1,0,0,1,1,1,0,0,0,0,3,2,0,1,-1,-1,-1,-1,-1,10,-1,1,1,3,-1,-1,2,0,0,1,0,0,10,0,0,0,14.55
1,2,0,0,-1,0,1,3,0,0,0,0,-1,0,-1,-1,1,0,2,1,1,3,0,-1,800,0,9223372036800000000,1e+75,0,10,0,0,7,0,3,1,40,0,1,1,1,0,0,0,0,0,2,0,1,-1,-1,-1,-1,0,10,-1,1,1,3,-1,-1,-1,0,0,1,2,0,10,0,0,0,8.95
1,0,0,0,-1,0,1,0,0,0,3,0,1,0,-1,2,2,0,2,1,0,3,0,-1,25,0,9223372036800000000,1e+75,0,10,0,2,7,0,2,1,-1,0,1,1,0,0,0,0,0,1,2,1,1,-1,-1,-1,2,0,10,-1,1,1,0,-1,-1,3,0,0,1,5,0,10,0,0,0,32.39
1,0,0,0,-1,0,1,1,0,0,0,0,3,0,0,0,-1,-1,0,0,2,3,0,8,200,0,9223372036800000000,1e+75,0,10,0,0,7,0,2,1,0,0,1,1,1,0,0,0,0,0,2,0,1,-1,-1,-1,-1,0,10,-1,1,1,3,-1,-1,-1,0,0,1,0,0,10,0,0,0,16.49
1,0,0,0,-1,0,1,3,0,0,0,0,-1,0,-1,-1,1,0,2,1,1,3,0,-1,800,0,0,1e+75,0,10,0,0,7,0,3,1,40,0,1,1,1,0,0,0,0,0,2,0,1,-1,-1,-1,-1,0,10,-1,1,1,3,-1,-1,-1,0,0,1,2,0,10,0,0,0,14.9
1,0,0,0,-1,0,1,0,0,0,0,0,2,0,0,0,0,1,1,1,-1,3,0,-1,200,0,9223372036800000000,1e+75,0,10,0,0,7,0,0,1,0,0,1,1,0,0,0,0,0,0,2,0,1,-1,-1,-1,-1,0,10,-1,1,1,3,-1,-1,-1,0,0,1,0,0,10,0,0,0,14
1,0,0,0,-1,0,1,3,0,0,0,0,-1,0,-1,-1,1,2,2,1,1,3,0,-1,400,0,9223372036800000000,1e+75,0,10,0,0,7,0,0,1,0,0,1,1,0,0,0,0,0,0,2,0,1,-1,-1,-1,-1,0,10,-1,1,1,3,-1,-1,-1,0,0,1,0,0,10,0,0,0,10.98
1,0,0,0,-1,0,1,0,0,0,0,0,0,0,0,0,0,0,0,0,0,3,0,-1,200,0,9223372036800000000,1e+75,0,10,0,0,7,0,0,1,0,0,1,1,0,0,0,0,0,0,2,0,1,-1,-1,-1,-1,0,10,-1,1,1,3,-1,-1,-1,0,0,1,0,0,10,0,0,0,29.88
1,0,0,0,-1,0,1,3,0,0,0,0,-1,0,1,2,-1,0,-1,-1,0,3,0,16,400,0,9223372036800000000,1e+75,0,10,0,0,7,0,1,1,40,0,1,0,2,0,0,5,0,4,2,0,1,-1,-1,-1,-1,1,10,-1,1,1,3,-1,-1,5,0,0,1,5,0,10,0,0,0,14.74
1,0,0,0,-1,0,1,5,0,0,0,0,2,0,0,-1,2,1,0,1,-1,3,0,-1,200,0,9223372036800000000,1e+75,0,10,0,0,7,0,0,1,0,0,1,1,0,0,0,0,0,0,2,0,1,-1,-1,-1,-1,0,10,-1,1,1,3,-1,-1,-1,0,0,1,0,0,10,0,0,0,22.85
1,0,0,0,-1,0,1,5,0,0,0,0,2,0,0,-1,2,2,2,1,0,3,0,4,400,0,9223372036800000000,1e+75,0,10,0,0,7,0,1,1,0,0,1,1,-1,0,0,0,0,0,2,0,1,-1,-1,-1,-1,0,10,-1,1,1,3,-1,-1,-1,0,0,1,0,0,10,0,0,0,14.84
1,0,0,0,-1,0,1,5,0,0,0,0,0,0,-1,-1,-1,-1,2,-1,1,3,0,8,200,0,9223372036800000000,1e+75,0,10,0,0,7,0,0,1,20,0,1,1,0,0,0,0,0,2,2,0,1,-1,-1,-1,-1,-1,10,-1,1,1,3,-1,-1,0,0,0,1,0,0,10,0,0,0,27.04
1,0,0,0,-1,0,1,4,0,0,0,0,2,0,0,2,-1,1,-1,-1,2,3,0,-1,800,0,9223372036800000000,1e+75,0,10,0,0,7,0,0,1,0,0,1,1,0,0,0,0,0,0,2,0,1,-1,-1,-1,-1,0,10,-1,1,1,3,-1,-1,-1,0,0,1,0,0,10,0,0,0,15.66
1,0,0,0,-1,0,1,2,0,0,0,0,1,0,0,1,-1,0,-1,0,1,3,0,-1,150,0,9223372036800000000,1e+75,0,10,0,0,7,0,1,1,0,0,1,1,0,0,0,0,0,2,2,0,1,-1,-1,-1,-1,0,10,-1,1,1,3,-1,-1,-1,0,0,1,0,0,10,0,0,0,34.33
1,0,0,0,-1,0,1,0,0,0,0,0,-1,0,-1,-1,2,2,2,2,2,3,0,4,10,0,9223372036800000000,1e+75,0,10,0,0,7,0,1,1,1000,0,1,0,0,0,0,1,0,1,2,0,1,-1,1,-1,-1,-1,10,-1,1,1,3,-1,-1,3,0,0,1,0,0,10,0,0,0,1.79769e+308
1,0,0,0,-1,0,1,5,0,0,0,0,2,0,1,2,0,1,1,-1,-1,3,0,-1,150,0,9223372036800000000,1e+75,0,10,0,0,7,0,2,1,0,0,1,1,2,0,0,0,0,0,2,0,1,-1,-1,-1,-1,0,10,-1,1,1,3,-1,-1,-1,0,0,1,0,0,10,0,0,0,23.49
1,0,0,0,-1,0,1,0,0,0,0,0,1,0,-1,-1,1,-1,1,2,-1,3,0,8,10,0,9223372036800000000,1e+75,0,10,0,0,7,0,0,1,20,0,1,0,2,0,0,4,0,0,2,0,1,-1,-1,-1,-1,0,10,-1,1,1,3,-1,-1,1,0,0,1,0,0,10,0,0,0,12.2
1,0,0,0,-1,0,1,3,0,0,0,0,3,0,1,1,2,-1,2,2,0,3,0,2,800,0,9223372036800000000,1e+75,0,10,0,0,7,0,3,1,0,0,1,1,3,0,0,0,0,-1,2,0,1,-1,-1,-1,-1,0,10,-1,1,1,3,-1,-1,-1,0,0,1,0,0,10,0,0,0,1.79769e+308
1,0,0,0,-1,0,1,5,0,0,1,0,1,0,-1,2,2,1,0,1,2,3,0,2,200,0,9223372036800000000,1e+75,0,10,0,0,7,0,1,2,100,0,1,0,-1,0,0,0,0,3,1,3,1,-1,-1,-1,1,1,10,-1,1,1,3,-1,-1,3,0,0,1,0,0,10,0,0,0,24.9
1,0,0,0,-1,0,1,1,0,0,0,0,3,0,0,0,0,-1,0,0,2,3,0,-1,200,0,9223372036800000000,1e+75,0,10,0,0,7,0,3,1,0,0,1,1,0,0,0,0,0,0,2,0,1,-1,-1,-1,-1,0,10,-1,1,1,3,-1,-1,-1,0,0,1,0,0,10,0,0,0,26.8
1,0,0,0,-1,0,1,5,0,0,0,0,0,0,0,-1,0,-1,0,1,-1,3,0,-1,800,0,9223372036800000000,1e+75,0,10,0,0,7,0,0,1,0,0,1,1,0,0,0,0,0,0,2,0,1,-1,-1,-1,-1,0,10,-1,1,1,3,-1,-1,-1,0,0,1,0,0,10,0,0,0,19.98
1,0,0,0,-1,0,1,2,0,0,0,0,-1,0,-1,0,1,1,2,0,-1,3,0,4,25,0,9223372036800000000,1e+75,0,10,0,0,7,0,3,1,0,0,1,1,2,0,0,0,0,3,2,0,1,-1,-1,-1,-1,-1,10,-1,1,1,3,-1,-1,-1,0,0,1,0,0,10,0,0,0,14.55
1,0,0,0,-1,0,1,3,0,0,0,0,-1,0,-1,-1,1,2,2,1,2,3,0,-1,800,0,9223372036800000000,1e+75,0,10,0,0,7,0,0,1,0,0,1,1,0,0,0,0,0,0,2,0,1,-1,-1,-1,-1,0,10,-1,1,1,3,-1,-1,-1,0,0,1,0,0,10,0,0,0,10.98
1,0,0,0,-1,0,1,3,0,0,0,0,-1,0,-1,-1,1,0,2,1,1,3,0,-1,800,0,9223372036800000000,1e+75,0,10,0,0,4,0,3,1,0,0,1,1,0,0,0,0,0,0,2,0,1,-1,-1,-1,-1,0,10,-1,1,1,3,-1,-1,-1,0,0,1,0,0,10,0,0,0,9.11
1,0,0,0,-1,0,1,4,0,0,0,0,-1,0,0,0,0,2,-1,2,1,3,0,-1,50,0,9223372036800000000,1e+75,0,10,0,0,7,0,0,1,0,0,1,1,0,0,0,0,0,0,2,0,1,-1,-1,-1,-1,0,10,-1,1,1,3,-1,-1,-1,0,0,1,0,0,10,0,0,0,24.77
1,0,0,0,-1,0,1,5,0,0,1,0,1,0,-1,2,2,1,0,1,2,3,0,16,25,0,9223372036800000000,1e+75,0,10,0,0,7,0,1,2,100,0,1,0,-1,0,0,1,0,3,1,3,1,-1,-1,-1,0,1,10,-1,1,1,3,-1,-1,3,0,0,1,0,0,10,0,0,0,26.79
1,0,0,0,-1,0,1,2,0,0,0,0,0,0,0,2,2,2,0,2,1,3,0,-1,10,0,9223372036800000000,1e+75,0,10,0,0,7,0,0,1,0,0,1,1,0,0,0,0,0,0,2,0,1,-1,-1,-1,-1,0,10,-1,1,1,3,-1,-1,-1,0,0,1,0,0,10,0,0,0,13.71
1,0,0,0,-1,0,1,1,0,0,0,0,3,0,0,0,-1,-1,0,0,2,3,0,-1,200,0,9223372036800000000,1e+75,0,10,0,0,7,0,2,1,0,0,1,1,3,0,0,0,0,0,2,0,1,-1,-1,-1,-1,0,10,-1,1,1,3,-1,-1,-1,0,0,1,0,0,10,0,0,0,29.48
1,0,0,0,-1,0,1,3,0,0,0,0,-1,0,-1,-1,1,0,2,1,1,3,0,-1,800,0,9223372036800000000,10,0,10,0,0,7,0,3,1,0,0,1,1,0,0,0,0,0,0,2,0,1,-1,-1,-1,-1,0,10,-1,1,1,3,-1,-1,-1,0,0,1,0,0,10,0,0,0,9.11
1,0,0,0,-1,0,1,5,0,0,0,0,2,0,-1,0,1,2,-1,2,0,3,0,-1,200,0,9223372036800000000,1e+75,0,10,0,0,7,0,1,1,20,0,1,1,2,0,0,0,0,3,2,0,1,-1,-1,-1,-1,-1,10,-1,1,1,3,-1,-1,2,0,0,1,0,0,10,0,0,0,17.63
1,0,0,0,-1,0,1,5,0,0,0,0,1,0,-1,1,-1,-1,0,1,0,3,0,8,400,0,9223372036800000000,1e+75,0,10,0,0,7,0,3,1,1000,0,1,1,-1,0,0,6,0,1,2,0,1,-1,-1,-1,-1,-1,10,-1,1,1,3,-1,-1,-1,0,0,1,5,0,10,0,0,0,30.93
1,0,0,0,-1,0,1,0,0,0,0,0,3,0,0,0,-1,-1,0,0,2,3,0,-1,200,0,9223372036800000000,1e+75,0,10,0,0,7,0,2,1,0,0,1,1,1,0,0,0,0,0,2,0,1,-1,-1,-1,-1,0,10,-1,1,1,3,-1,-1,-1,0,0,1,0,0,10,0,0,0,23.68
1,0,0,0,-1,0,1,5,0,0,0,0,0,0,1,2,1,-1,2,1,0,3,0,-1,100,0,9223372036800000000,1e+75,0,10,0,0,7,0,0,1,0,0,1,1,0,0,0,0,0,0,2,0,1,-1,-1,-1,-1,0,10,-1,1,1,3,-1,-1,-1,0,0,1,0,0,10,0,0,0,13.1
1,0,0,0,-1,0,1,3,0,0,0,0,-1,0,0,-1,1,2,2,1,1,3,0,-1,800,0,9223372036800000000,1e+75,0,10,0,0,7,0,0,1,0,0,1,1,0,0,0,0,0,0,2,0,1,-1,-1,-1,-1,0,10,-1,1,1,3,-1,-1,-1,0,0,1,0,0,10,0,0,0,10.98
1,0,0,0,-1,0,1,1,0,0,0,0,3,0,0,0,-1,-1,0,-1,2,3,0,-1,200,0,9223372036800000000,1e+75,0,10,0,0,7,0,2,1,0,0,1,1,0,0,0,0,0,0,2,0,1,-1,-1,-1,-1,0,10,-1,1,1,3,-1,-1,-1,0,0,1,0,0,10,0,0,0,35.35
1,0,0,0,-1,0,1,1,0,0,0,0,1,0,-1,-1,1,1,1,2,-1,3,0,8,10,0,9223372036800000000,1e+75,0,10,0,0,7,0,0,1,20,0,1,0,2,0,0,4,0,-1,2,0,1,-1,-1,-1,-1,0,10,-1,1,1,3,-1,-1,1,0,0,1,0,0,10,0,0,0,42.9
1,0,0,0,-1,0,1,2,0,0,0,0,-1,0,-1,0,1,1,-1,0,-1,3,0,4,25,0,9223372036800000000,1e+75,0,10,0,0,7,0,3,1,0,0,1,1,2,0,0,0,0,3,2,0,1,-1,-1,-1,-1,-1,10,-1,1,1,3,-1,-1,2,0,0,1,0,0,10,0,0,0,25.07
1,0,0,0,-1,0,1,3,0,0,0,0,2,0,0,2,0,2,0,0,-1,3,0,-1,800,0,9223372036800000000,1e+75,0,10,0,0,7,0,3,1,1000,0,1,1,2,0,0,0,0,2,2,0,1,-1,-1,-1,-1,0,10,-1,1,1,3,-1,-1,5,0,0,1,0,0,10,0,0,0,36.07
1,0,0,0,-1,0,1,4,0,0,0,0,2,0,1,1,-1,2,2,1,2,3,0,-1,100,0,9223372036800000000,1e+75,0,10,0,0,7,0,0,1,0,0,1,1,0,0,0,0,0,0,2,0,1,-1,-1,-1,-1,0,10,-1,1,1,3,-1,-1,-1,0,0,1,0,0,10,0,0,0,18.32
1,0,0,0,-1,0,1,1,0,0,0,0,3,0,0,0,-1,-1,0,0,2,3,0,-1,200,0,9223372036800000000,1e+75,0,10,0,0,7,0,0,1,0,0,1,1,0,0,0,0,0,0,2,0,1,-1,-1,-1,-1,0,10,-1,1,1,3,-1,-1,-1,0,0,1,0,0,10,0,0,0,18.87
1,0,0,0,-1,0,1,3,0,0,0,0,-1,0,-1,-1,1,2,2,1,1,3,0,-1,50,0,9223372036800000000,1e+75,0,10,0,0,7,0,0,1,0,0,1,1,0,0,0,0,0,0,2,0,1,-1,-1,-1,-1,0,10,-1,1,1,3,-1,-1,-1,0,0,1,0,0,10,0,0,0,16.03
1,0,0,0,-1,0,1,0,0,0,0,0,1,0,-1,0,-1,2,1,1,2,3,0,-1,100,0,9223372036800000000,1e+75,0,10,0,0,7,0,0,1,0,0,1,1,0,0,0,0,0,0,2,0,1,-1,-1,-1,-1,0,10,-1,1,1,3,-1,-1,-1,0,0,1,0,0,10,0,0,0,29.6
1,0,0,0,-1,0,1,0,0,0,2,0,2,0,1,0,0,2,2,0,-1,3,0,1,400,0,9223372036800000000,1e+75,0,10,0,3,7,0,2,0,500,0,1,1,2,0,0,5,0,0,2,3,1,-1,0,-1,1,-1,10,-1,1,1,0,-1,-1,5,0,0,1,0,0,10,0,0,0,29.69
1,0,0,0,-1,0,1,3,0,0,0,0,-1,0,-1,1,1,2,2,1,1,3,0,-1,800,0,9223372036800000000,1e+75,0,10,0,0,7,0,0,1,0,0,1,1,0,0,0,0,0,0,2,0,1,-1,-1,-1,-1,0,10,-1,1,1,3,-1,-1,-1,0,0,1,0,0,10,0,0,0,21.2
1,0,0,0,-1,0,1,0,0,0,0,0,-1,0,-1,2,-1,2,-1,0,0,3,0,8,150,0,9223372036800000000,1e+75,0,10,0,3,7,0,1,1,0,0,1,1,1,0,0,1,0,4,1,2,1,-1,1,-1,3,-1,10,-1,1,1,0,1,-1,5,0,0,1,5,0,10,0,0,0,22.29
1,0,0,0,-1,0,1,3,0,0,0,0,-1,0,-1,-1,1,0,2,1,1,3,0,-1,800,0,9223372036800000000,1e+75,0,10,0,0,7,0,0,1,0,0,1,1,0,0,0,0,0,3,2,0,1,-1,-1,-1,-1,0,10,-1,1,1,3,-1,-1,-1,0,0,1,0,0,10,0,0,0,22.13
1,0,0,0,-1,0,1,1,0,0,0,0,1,0,-1,-1,-1,1,1,2,-1,3,0,8,10,0,9223372036800000000,1e+75,0,10,0,0,7,0,0,1,20,0,1,0,2,0,0,4,0,0,2,0,1,-1,-1,-1,-1,0,10,-1,1,1,3,-1,-1,1,0,0,1,0,0,10,0,0,0,1.79769e+308
1,0,0,0,-1,0,1,1,0,0,0,0,3,0,0,0,-1,-1,-1,0,2,3,0,-1,200,0,9223372036800000000,1e+75,0,10,0,0,7,0,2,1,-1,0,1,1,1,0,0,0,0,0,2,0,1,-1,-1,-1,-1,0,10,-1,1,1,3,-1,-1,-1,0,0,1,0,0,10,0,0,0,29.18
1,0,0,0,-1,0,1,5,0,0,0,0,-1,0,-1,1,1,1,-1,-1,1,3,0,-1,50,0,9223372036800000000,1e+75,0,10,0,0,7,0,0,1,0,0,1,1,0,0,0,0,0,0,2,0,1,-1,-1,-1,-1,0,10,-1,1,1,3,-1,-1,-1,0,0,1,0,0,10,0,0,0,14.76
1,0,0,0,-1,0,1,3,0,0,0,0,-1,0,-1,-1,1,0,2,1,1,3,0,-1,800,0,9223372036800000000,1e+75,0,10,0,0,7,0,3,1,0,0,1,1,0,0,1000,0,0,0,2,0,1,-1,-1,-1,-1,0,10,-1,1,1,3,-1,-1,-1,0,0,1,0,0,10,0,0,0,11.88
1,0,0,0,-1,0,1,4,0,0,0,0,2,0,1,1,-1,2,2,1,2,3,0,-1,150,0,9223372036800000000,1e+75,0,10,0,0,7,0,0,1,0,0,1,1,0,0,0,0,0,0,2,0,1,-1,-1,-1,-1,0,10,-1,1,1,3,-1,-1,-1,0,0,1,0,0,10,0,0,0,29.56
1,0,0,0,-1,0,1,2,0,0,0,0,0,0,0,2,-1,2,0,2,1,3,0,-1,10,0,9223372036800000000,1e+75,0,10,0,0,7,0,0,1,0,0,1,1,0,0,0,0,0,0,2,0,1,-1,-1,-1,-1,0,10,-1,1,1,3,-1,-1,-1,0,0,1,0,0,10,0,0,0,27.11
1,0,0,0,-1,0,1,3,0,0,0,0,-1,0,-1,-1,1,0,2,1,1,3,0,-1,800,0,9223372036800000000,1e+75,0,10,0,0,7,0,0,1,0,0,1,1,0,0,0,0,0,4,2,0,1,-1,-1,-1,-1,0,10,-1,1,1,3,-1,-1,-1,0,0,1,0,0,10,0,0,0,9.21
1,0,0,0,-1,0,1,5,0,0,0,0,2,0,1,1,1,-1,2,1,0,3,0,-1,100,0,9223372036800000000,1e+75,0,10,0,0,7,0,0,1,0,0,1,1,0,0,0,0,0,0,2,0,1,-1,-1,-1,-1,0,10,-1,1,1,3,-1,-1,-1,0,0,1,0,0,10,0,0,0,13.1
1,0,0,0,-1,0,1,5,0,0,0,0,0,0,-1,1,-1,1,2,0,2,3,0,1,200,0,9223372036800000000,1e+75,0,10,0,0,7,0,1,1,-1,0,1,0,0,0,0,0,0,2,2,0,1,-1,-1,-1,-1,-1,10,-1,1,1,3,-1,-1,3,0,0,1,0,0,10,0,0,0,29.39
1,0,0,0,-1,0,1,0,0,0,3,0,1,0,-1,2,2,0,2,1,0,3,0,-1,25,0,9223372036800000000,1e+75,0,10,0,2,7,0,2,1,-1,0,1,1,0,0,0,2,0,1,2,1,1,-1,-1,-1,2,0,10,-1,1,1,0,-1,-1,1,0,0,1,5,0,10,0,0,0,32.39
1,0,0,0,-1,0,1,1,0,0,0,0,3,0,0,0,-1,-1,0,0,2,3,0,-1,200,0,9223372036800000000,1e+75,0,10,0,0,7,0,2,1,0,0,1,1,1,0,0,0,0,2,2,0,1,-1,-1,-1,-1,0,10,-1,1,1,3,-1,-1,-1,0,0,1,0,0,10,0,0,0,27.01
1,0,0,0,-1,0,1,0,0,0,0,0,2,0,0,0,0,2,1,-1,-1,3,0,-1,800,0,9223372036800000000,1e+75,0,10,0,0,7,0,0,1,0,0,1,1,0,0,0,0,0,0,2,0,1,-1,-1,-1,-1,0,10,-1,1,1,3,-1,-1,-1,0,0,1,0,0,10,0,0,0,29.33
1,0,0,0,-1,0,1,5,0,0,0,0,2,0,1,-1,0,0,-1,0,1,3,0,16,800,0,9223372036800000000,1e+75,0,10,0,0,7,0,1,1,100,0,1,1,0,0,0,0,0,0,2,0,1,-1,-1,-1,-1,-1,10,-1,1,1,3,-1,-1,1,0,0,1,0,0,10,0,0,0,20.8
1,0,0,0,-1,0,1,3,0,0,0,0,3,0,0,0,-1,-1,0,0,2,3,0,-1,200,0,9223372036800000000,1e+75,0,10,0,0,7,0,2,1,0,0,1,1,1,0,0,0,0,0,2,0,1,-1,-1,-1,-1,0,10,-1,1,1,3,-1,-1,-1,0,0,1,0,0,10,0,0,0,22.74
1,0,0,0,-1,0,1,3,0,0,0,0,-1,0,-1,-1,1,0,2,1,1,3,0,-1,800,0,9223372036800000000,1e+75,0,10,0,0,7,0,3,1,40,0,1,1,1,0,0,0,0,0,2,0,1,-1,-1,-1,-1,0,5,-1,1,1,3,-1,-1,-1,0,0,1,2,0,10,0,0,0,8.95
1,0,0,0,-1,0,1,4,0,0,0,0,2,0,0,2,-1,1,2,1,2,3,0,-1,800,0,9223372036800000000,1e+75,0,10,0,0,7,0,0,1,0,0,1,1,0,0,0,0,0,0,2,0,1,-1,-1,-1,-1,0,10,-1,1,1,3,-1,-1,-1,0,0,1,0,0,10,0,0,0,23.02
1,0,0,0,-1,0,1,1,0,0,0,0,3,0,0,0,-1,-1,0,0,2,3,0,-1,200,0,9223372036800000000,1e+75,0,10,0,0,7,0,1,1,-1,0,1,1,1,0,0,0,0,0,2,0,1,-1,-1,-1,-1,0,10,-1,1,1,3,-1,-1,-1,0,0,1,0,0,10,0,0,0,1.79769e+308
1,0,0,0,-1,0,1,1,0,0,0,0,3,0,0,0,0,-1,0,-1,2,3,0,-1,200,0,9223372036800000000,1e+75,0,10,0,0,7,0,0,1,0,0,1,1,0,0,0,0,0,0,2,0,1,-1,-1,-1,-1,0,10,-1,1,1,3,-1,-1,-1,0,0,1,0,0,10,0,0,0,1.79769e+308
1,0,0,0,-1,0,1,2,0,0,0,0,1,0,0,1,1,-1,1,1,2,3,0,4,50,0,9223372036800000000,1e+75,0,10,0,0,7,0,1,1,0,0,1,0,-1,0,0,5,0,0,2,0,1,-1,-1,-1,-1,-1,10,-1,1,1,3,-1,-1,0,0,0,1,5,0,10,0,0,0,24.66
1,0,0,0,-1,0,1,2,0,0,0,0,1,0,1,1,0,0,2,2,2,3,0,-1,50,0,9223372036800000000,1e+75,0,10,0,0,7,0,0,1,0,0,1,1,0,0,0,0,0,4,2,0,1,-1,-1,-1,-1,0,10,-1,1,1,3,-1,-1,-1,0,0,1,0,0,10,0,0,0,28.46
1,0,0,0,-1,0,1,0,0,0,0,0,2,0,1,0,0,1,1,1,-1,3,0,-1,800,0,9223372036800000000,1e+75,0,10,0,0,7,0,0,1,0,0,1,1,0,0,0,0,0,0,2,0,1,-1,-1,-1,-1,0,10,-1,1,1,3,-1,-1,-1,0,0,1,0,0,10,0,0,0,9.9
1,0,0,0,-1,0,1,4,0,0,0,0,2,0,1,1,-1,2,2,1,-1,3,0,-1,800,0,9223372036800000000,1e+75,0,10,0,0,7,0,0,1,0,0,1,1,0,0,0,0,0,0,2,0,1,-1,-1,-1,-1,0,10,-1,1,1,3,-1,-1,-1,0,0,1,0,0,10,0,0,0,10.1
1,0,0,0,-1,0,1,0,0,0,0,0,2,0,0,1,0,1,1,1,-1,3,0,-1,800,0,9223372036800000000,1e+75,0,10,0,0,7,0,0,1,0,0,1,1,0,0,0,0,0,0,2,0,1,-1,-1,-1,-1,0,10,-1,1,1,3,-1,-1,-1,0,0,1,0,0,10,0,0,0,27.53
1,0,0,0,-1,0,1,2,0,0,0,0,1,0,0,1,-1,0,2,0,1,3,0,-1,150,0,9223372036800000000,1e+75,0,10,0,0,7,0,1,1,0,0,1,1,0,0,0,0,0,2,2,0,1,-1,-1,-1,-1,0,10,-1,1,1,3,-1,-1,-1,0,0,1,0,0,10,0,0,0,33.67
1,0,0,0,-1,0,1,4,0,0,0,0,2,0,0,2,0,-1,1,2,0,3,0,2,25,0,9223372036800000000,1e+75,0,10,0,0,7,0,2,1,40,0,1,1,0,0,0,0,0,3,2,0,1,-1,-1,-1,-1,-1,10,-1,1,1,3,-1,-1,1,0,0,1,0,0,10,0,0,0,21.22
1,0,0,0,-1,0,1,3,0,0,0,0,-1,0,-1,-1,1,0,2,1,1,3,0,-1,800,0,9223372036800000000,1e+75,0,10,0,0,7,0,3,3,40,0,1,1,1,0,0,0,0,0,2,0,1,-1,-1,-1,-1,0,10,-1,1,1,3,-1,-1,-1,0,0,1,2,0,10,0,0,0,8.95
1,0,0,0,-1,0,1,1,0,0,0,0,2,0,-1,-1,2,2,-1,2,2,3,0,2,150,0,9223372036800000000,1e+75,0,10,0,0,7,0,1,1,1000,0,1,1,2,0,0,0,0,0,2,0,1,-1,-1,-1,-1,1,10,-1,1,1,3,-1,-1,4,0,0,1,0,0,10,0,0,0,1.79769e+308
1,0,0,0,-1,0,1,2,0,0,0,0,1,0,1,2,1,0,-1,1,1,3,0,-1,100,0,9223372036800000000,1e+75,0,10,0,0,7,0,2,1,100,0,1,0,1,0,0,0,0,0,2,0,1,-1,-1,-1,-1,1,10,-1,1,1,3,-1,-1,1,0,0,1,0,0,10,0,0,0,14.49
1,0,0,0,-1,0,1,5,0,0,0,0,2,0,-1,0,1,2,-1,2,0,3,0,8,100,0,9223372036800000000,1e+75,0,10,0,0,7,0,1,1,20,0,1,1,2,0,0,0,0,3,2,0,1,-1,-1,-1,-1,-1,10,-1,1,1,3,-1,-1,2,0,0,1,0,0,10,0,0,0,23.67
1,0,0,0,-1,0,1,3,0,0,0,0,-1,0,-1,-1,2,2,2,1,1,3,0,-1,800,0,9223372036800000000,1e+75,0,10,0,0,7,0,0,1,0,0,1,1,0,0,0,0,0,0,2,0,1,-1,-1,-1,-1,0,10,-1,1,1,3,-1,-1,-1,0,0,1,0,0,10,0,0,0,11.44
1,0,0,0,-1,0,1,5,0,0,0,0,3,0,0,0,-1,-1,0,0,2,3,0,-1,200,0,9223372036800000000,1e+75,0,10,0,0,7,0,2,1,0,0,1,1,0,0,0,0,0,0,2,0,1,-1,-1,-1,-1,0,10,-1,1,1,3,-1,-1,-1,0,0,1,0,0,10,0,0,0,22.45
1,0,0,0,-1,0,1,2,0,0,0,0,1,0,0,1,1,-1,1,-1,2,3,0,-1,50,0,9223372036800000000,1e+75,0,10,0,0,7,0,1,1,0,0,1,0,-1,0,0,5,0,0,2,0,1,-1,-1,-1,-1,-1,10,-1,1,1,3,-1,-1,0,0,0,1,5,0,10,0,0,0,17.86
1,0,0,0,-1,0,1,0,0,0,0,0,3,0,0,-1,-1,1,0,-1,1,3,0,-1,400,0,9223372036800000000,1e+75,0,10,0,0,7,0,0,1,0,0,1,1,0,0,0,0,0,0,2,0,1,-1,-1,-1,-1,0,10,-1,1,1,3,-1,-1,-1,0,0,1,0,0,10,0,0,0,31.23
1,0,0,0,-1,0,1,0,0,0,0,0,2,0,0,-1,0,2,1,1,-1,3,0,-1,800,0,9223372036800000000,1e+75,0,10,0,0,7,0,0,1,0,0,1,1,0,0,0,0,0,0,2,0,1,-1,-1,-1,-1,0,10,-1,1,1,3,-1,-1,-1,0,0,1,0,0,10,0,0,0,25.09
1,0,0,0,-1,0,1,5,0,0,0,0,2,0,0,-1,2,2,0,1,-1,3,0,-1,200,0,9223372036800000000,1e+75,0,10,0,0,7,0,0,1,0,0,1,1,0,0,0,0,0,0,2,0,1,-1,-1,-1,-1,0,10,-1,1,1,3,-1,-1,-1,0,0,1,0,0,10,0,0,0,23.3
1,0,0,0,-1,0,1,5,0,0,0,0,2,0,1,0,0,2,-1,2,1,3,0,4,150,0,9223372036800000000,1e+75,0,10,0,0,7,0,2,1,20,0,1,0,2,0,0,0,0,2,2,0,1,-1,-1,-1,-1,0,10,-1,1,1,3,-1,-1,3,0,0,1,4,0,10,0,0,0,22.1
1,0,0,0,-1,0,1,0,0,0,0,0,-1,0,-1,-1,-1,-1,1,2,1,3,0,8,400,0,9223372036800000000,1e+75,0,10,0,0,7,0,3,1,1000,0,1,0,3,0,0,1,0,2,2,0,1,-1,-1,-1,-1,0,10,-1,1,1,3,-1,-1,4,0,0,1,0,0,10,0,0,0,1.79769e+308
1,0,0,0,-1,0,1,5,0,0,0,0,3,0,1,2,0,1,1,-1,-1,3,0,-1,50,0,9223372036800000000,1e+75,0,10,0,0,7,0,2,1,0,0,1,1,2,0,0,0,0,0,2,0,1,-1,-1,-1,-1,0,10,-1,1,1,3,-1,-1,-1,0,0,1,0,0,10,0,0,0,14.76
1,0,0,0,-1,0,1,2,0,0,0,0,2,0,1,0,2,-1,-1,-1,2,3,0,-1,400,0,9223372036800000000,1e+75,0,10,0,0,7,0,0,1,0,0,1,1,0,0,0,0,0,3,2,0,1,-1,-1,-1,-1,0,10,-1,1,1,3,-1,-1,-1,0,0,1,0,0,10,0,0,0,26.22
1,0,0,0,-1,0,1,4,0,0,0,0,3,0,1,1,1,-1,0,2,-1,3,0,1,150,0,9223372036800000000,1e+75,0,10,0,0,7,0,2,1,0,0,1,1,2,0,0,0,0,2,2,0,1,-1,-1,-1,-1,1,10,-1,1,1,3,-1,-1,-1,0,0,1,0,0,10,0,0,0,20.32
1,0,0,0,-1,0,1,2,0,0,0,0,0,0,0,1,0,2,0,2,1,3,0,-1,50,0,9223372036800000000,1e+75,0,10,0,0,7,0,0,1,0,0,1,1,0,0,0,0,0,0,2,0,1,-1,-1,-1,-1,0,10,-1,1,1,3,-1,-1,-1,0,0,1,0,0,10,0,0,0,22.54
1,0,0,0,-1,0,1,0,0,0,0,0,2,0,0,0,0,1,1,0,-1,3,0,-1,800,0,9223372036800000000,1e+75,0,10,0,0,7,0,0,1,0,0,1,1,0,0,0,0,0,0,2,0,1,-1,-1,-1,-1,0,10,-1,1,1,3,-1,-1,-1,0,0,1,0,0,10,0,0,0,16.94
1,0,0,0,-1,0,1,3,0,0,0,0,2,0,1,0,0,1,2,-1,2,3,0,2,100,0,9223372036800000000,1e+75,0,10,0,0,7,0,2,1,40,0,1,1,2,0,0,0,0,-1,2,0,1,-1,-1,-1,-1,1,10,-1,1,1,3,-1,-1,4,0,0,1,0,0,10,0,0,0,1.79769e+308
1,0,0,0,-1,0,1,2,0,0,0,0,0,0,-1,1,-1,2,-1,1,-1,3,0,16,100,0,9223372036800000000,1e+75,0,10,0,0,7,0,0,1,0,0,1,1,0,0,0,0,0,-1,2,0,1,-1,-1,-1,-1,0,10,-1,1,1,3,-1,-1,-1,0,0,1,0,0,10,0,0,0,31.67
1,0,0,0,-1,0,1,3,0,0,0,0,3,0,0,-1,0,1,1,0,2,3,0,2,400,0,9223372036800000000,1e+75,0,10,0,0,7,0,3,1,20,0,1,0,-1,0,0,2,0,0,2,0,1,-1,1,-1,-1,0,10,-1,1,1,3,-1,-1,0,0,0,1,0,0,10,0,0,0,26.15
1,0,0,0,-1,0,1,3,0,0,0,0,-1,0,-1,-1,1,0,2,1,1,3,0,-1,800,0,9223372036800000000,1e+75,0,10,0,0,7,0,0,1,0,0,1,1,0,-1,0,0,0,0,2,0,1,-1,-1,-1,-1,0,10,-1,1,1,3,-1,-1,-1,0,0,1,0,0,10,0,0,0,1.79769e+308
1,0,0,0,-1,0,1,4,0,0,0,0,-1,0,0,2,0,0,0,-1,2,3,0,16,25,0,9223372036800000000,1e+75,0,10,0,0,7,0,1,1,0,0,1,0,3,0,0,1,0,-1,2,0,1,-1,-1,-1,-1,-1,10,-1,1,1,3,-1,-1,1,0,0,1,3,0,10,0,0,0,24.06
1,0,0,0,-1,0,1,5,0,0,0,0,2,0,-1,0,1,2,-1,2,0,3,0,8,200,0,9223372036800000000,1e+75,0,10,0,0,7,0,1,1,0,0,1,1,2,0,0,0,0,3,2,0,1,-1,-1,-1,-1,-1,10,-1,1,1,3,-1,-1,2,0,0,1,0,0,10,0,0,0,17.63
1,0,0,0,-1,0,1,1,0,0,0,0,0,0,0,2,0,0,0,0,2,3,0,-1,200,0,9223372036800000000,1e+75,0,10,0,0,7,0,0,1,0,0,1,1,0,0,0,0,0,0,2,0,1,-1,-1,-1,-1,0,10,-1,1,1,3,-1,-1,-1,0,0,1,0,0,10,0,0,0,22.7
1,0,0,0,-1,0,1,3,0,0,0,0,2,0,-1,2,-1,1,2,0,-1,3,0,16,800,0,9223372036800000000,1e+75,0,10,0,0,7,0,3,1,100,0,1,1,1,0,0,1,0,0,2,0,1,-1,-1,-1,-1,1,10,-1,1,1,3,-1,-1,-1,0,0,1,0,0,10,0,0,0,12.43
1,0,0,0,-1,0,1,4,0,0,0,0,2,0,0,2,-1,1,2,-1,2,3,0,-1,25,0,9223372036800000000,1e+75,0,10,0,0,7,0,0,1,0,0,1,1,0,0,0,0,0,0,2,0,1,-1,-1,-1,-1,0,10,-1,1,1,3,-1,-1,-1,0,0,1,0,0,10,0,0,0,27.32
1,0,0,0,-1,0,1,5,0,0,0,0,-1,0,0,2,-1,-1,-1,-1,0,3,0,16,400,0,9223372036800000000,1e+75,0,10,0,0,7,0,1,1,40,0,1,0,2,0,0,5,0,4,2,0,1,-1,-1,-1,-1,1,10,-1,1,1,3,-1,-1,5,0,0,1,5,0,10,0,0,0,23.95
1,0,0,0,-1,0,1,4,0,0,4,0,3,0,1,2,2,1,2,2,-1,3,0,2,10,0,9223372036800000000,1e+75,0,10,0,3,7,0,3,2,0,0,1,1,0,0,0,2,0,3,1,0,1,-1,-1,-1,2,0,10,-1,1,1,0,1,-1,2,0,0,1,0,0,10,0,0,0,29.23
1,0,0,0,-1,0,1,4,0,0,0,0,2,0,0,0,2,0,1,2,-1,3,0,1,25,0,9223372036800000000,1e+75,0,10,0,0,7,0,3,1,100,0,1,0,1,0,0,4,0,2,2,0,1,-1,1,-1,-1,0,10,-1,1,1,3,-1,-1,2,0,0,1,3,0,10,0,0,0,30
1,0,0,0,-1,0,1,1,0,0,0,0,0,0,0,0,0,0,0,0,0,3,0,-1,200,0,9223372036800000000,1e+75,0,10,0,0,7,0,0,1,0,0,1,1,0,0,0,0,0,0,2,0,1,-1,-1,-1,-1,0,10,-1,1,1,3,-1,-1,-1,0,0,1,0,0,10,0,0,0,28.55
1,0,0,0,-1,0,1,2,0,0,0,0,2,0,-1,-1,0,1,0,2,0,3,0,-1,100,0,9223372036800000000,1e+75,0,10,0,0,7,0,3,1,0,0,1,1,0,0,0,0,0,4,2,0,1,-1,-1,-1,-1,0,10,-1,1,1,3,-1,-1,-1,0,0,1,0,0,10,0,0,0,23.02
1,0,0,0,-1,0,1,1,0,0,0,0,3,0,0,0,-1,-1,0,0,2,3,0,-1,200,0,9223372036800000000,1e+75,0,10,0,0,7,0,2,1,500,0,1,1,1,0,0,0,0,0,2,0,1,-1,-1,-1,2,0,10,-1,1,1,3,-1,-1,-1,0,0,1,0,0,10,0,0,0,16.94
1,0,0,0,-1,0,1,3,0,0,0,0,-1,0,-1,-1,1,0,2,1,1,1,0,-1,800,0,9223372036800000000,1e+75,0,10,0,0,7,0,3,1,40,0,1,1,1,0,0,0,0,0,2,0,1,-1,-1,-1,-1,0,10,-1,1,1,3,-1,-1,-1,0,0,1,2,0,10,0,0,0,20.91
1,0,0,0,-1,0,1,4,0,0,0,0,0,0,0,0,0,0,0,0,2,3,0,-1,200,0,9223372036800000000,1e+75,0,10,0,0,7,0,0,1,0,0,1,1,0,0,0,0,0,0,2,0,1,-1,-1,-1,-1,0,10,-1,1,1,3,-1,-1,-1,0,0,1,0,0,10,0,0,0,29.56
1,0,0,0,-1,0,1,3,0,0,0,0,2,0,-1,-1,2,2,-1,2,2,3,0,2,150,0,9223372036800000000,1e+75,0,10,0,0,7,0,1,1,1000,0,1,1,2,0,0,0,0,0,2,0,1,-1,-1,-1,-1,1,10,-1,1,1,3,-1,-1,0,0,0,1,0,0,10,0,0,0,1.79769e+308
1,0,0,0,-1,0,1,0,0,0,0,0,-1,0,1,1,-1,-1,0,-1,2,3,0,1,10,0,9223372036800000000,1e+75,0,10,0,0,7,0,3,1,500,0,1,1,2,0,0,6,0,0,2,0,1,-1,-1,-1,-1,-1,10,-1,1,1,3,-1,-1,5,0,0,1,1,0,10,0,0,0,20.77
1,0,0,0,-1,0,1,5,0,0,0,0,2,0,-1,0,1,2,-1,2,0,3,0,8,200,0,9223372036800000000,1e+75,0,10,0,0,7,0,1,1,20,0,1,1,0,0,0,0,0,3,2,0,1,-1,-1,-1,-1,-1,10,-1,1,1,3,-1,-1,2,0,0,1,0,0,10,0,0,0,17.63
1,0,0,0,-1,0,1,3,0,0,0,0,2,0,-1,2,-1,1,2,0,-1,3,0,16,100,0,9223372036800000000,1e+75,0,10,0,0,7,0,3,1,100,0,1,1,1,0,0,1,0,0,2,0,1,-1,-1,-1,-1,1,10,-1,1,1,3,-1,-1,-1,0,0,1,0,0,10,0,0,0,14.65
1,0,0,0,-1,0,1,0,0,0,0,0,0,0,-1,-1,-1,-1,2,-1,1,3,0,8,200,0,9223372036800000000,1e+75,0,10,0,0,7,0,0,1,20,0,1,1,0,0,0,0,0,3,2,0,1,-1,-1,-1,-1,-1,10,-1,1,1,3,-1,-1,0,0,0,1,0,0,10,0,0,0,18.4
1,0,0,0,-1,0,1,2,0,0,0,0,1,0,-1,2,1,0,-1,1,1,3,0,-1,100,0,9223372036800000000,1e+75,0,10,0,0,7,0,1,1,100,0,1,0,1,0,0,0,0,0,2,0,1,-1,-1,-1,-1,1,10,-1,1,1,3,-1,-1,1,0,0,1,0,0,10,0,0,0,31.92
1,0,0,0,-1,0,1,3,0,0,0,0,-1,0,-1,-1,1,0,2,1,1,3,0,-1,800,0,9223372036800000000,1e+75,0,10,0,0,7,0,3,1,0,0,1,1,0,0,100,0,0,0,2,0,1,-1,-1,-1,-1,0,10,-1,1,1,3,-1,-1,-1,0,0,1,0,0,10,0,0,0,11.88
1,0,0,0,-1,0,1,1,0,0,0,0,-1,0,0,-1,2,0,1,-1,1,3,0,-1,10,0,9223372036800000000,1e+75,0,10,0,0,7,0,0,1,0,0,1,1,0,0,0,0,0,0,2,0,1,-1,-1,-1,-1,0,10,-1,1,1,3,-1,-1,-1,0,0,1,0,0,10,0,0,0,1.79769e+308
1,0,0,0,-1,0,1,3,0,0,0,0,0,0,0,0,2,2,1,-1,2,3,0,2,10,0,9223372036800000000,1e+75,0,10,0,0,7,0,2,1,0,0,1,1,2,0,0,0,0,4,2,0,1,-1,-1,-1,-1,0,10,-1,1,1,3,-1,-1,-1,0,0,1,0,0,10,0,0,0,31.94
1,0,0,0,-1,0,1,3,0,0,0,0,3,0,0,-1,1,-1,-1,1,-1,3,0,16,10,0,9223372036800000000,1e+75,0,10,0,0,7,0,0,1,0,0,1,1,3,0,0,0,0,0,2,0,1,-1,-1,-1,-1,-1,10,-1,1,1,3,-1,-1,3,0,0,1,0,0,10,0,0,0,12.21
1,0,0,0,-1,0,1,4,0,0,0,0,2,0,-1,2,1,2,1,1,0,3,0,-1,800,0,9223372036800000000,1e+75,0,10,0,0,7,0,0,1,0,0,1,1,0,0,0,0,0,0,2,0,1,-1,-1,-1,-1,0,10,-1,1,1,3,-1,-1,-1,0,0,1,0,0,10,0,0,0,25.79
1,0,0,0,-1,0,1,3,0,0,0,0,2,0,1,1,-1,2,2,2,1,3,0,-1,400,0,9223372036800000000,1e+75,0,10,0,0,7,0,1,1,0,0,1,1,0,0,0,0,0,2,2,0,1,-1,-1,-1,-1,0,10,-1,1,1,3,-1,-1,-1,0,0,1,0,0,10,0,0,0,29.51
1,0,0,0,-1,0,1,4,0,0,0,0,2,0,0,2,-1,1,2,-1,0,3,0,-1,800,0,9223372036800000000,1e+75,0,10,0,0,7,0,0,1,0,0,1,1,0,0,0,0,0,0,2,0,1,-1,-1,-1,-1,0,10,-1,1,1,3,-1,-1,-1,0,0,1,0,0,10,0,0,0,15.66
1,0,0,0,-1,0,1,5,0,0,1,0,1,0,1,1,0,1,2,-1,-1,3,0,2,150,0,9223372036800000000,1e+75,0,10,0,1,7,0,0,3,100,0,1,0,2,0,0,0,0,4,1,0,1,-1,-1,-1,1,1,10,-1,1,1,3,1,-1,0,0,0,1,4,0,10,0,0,0,55.17
1,0,0,0,-1,0,1,0,0,0,0,0,2,0,0,2,0,-1,1,2,0,3,0,2,25,0,9223372036800000000,1e+75,0,10,0,0,7,0,2,1,500,0,1,1,0,0,0,0,0,3,2,0,1,-1,-1,-1,-1,-1,10,-1,1,1,3,-1,-1,5,0,0,1,0,0,10,0,0,0,21.26
1,0,0,0,-1,0,1,2,0,0,0,0,0,0,0,2,0,2,0,2,1,3,0,-1,50,0,9223372036800000000,1e+75,0,10,0,0,7,0,0,1,0,0,1,1,0,0,0,0,0,0,2,0,1,-1,-1,-1,-1,0,10,-1,1,1,3,-1,-1,-1,0,0,1,0,0,10,0,0,0,22.54
1,0,0,0,-1,0,1,3,0,0,0,0,3,0,0,0,-1,-1,0,0,2,3,0,-1,200,0,9223372036800000000,1e+75,0,10,0,0,7,0,2,1,0,0,1,1,0,0,0,0,0,0,2,0,1,-1,-1,-1,-1,0,10,-1,1,1,3,-1,-1,-1,0,0,1,0,0,10,0,0,0,22.74
1,0,0,0,-1,0,1,5,0,0,0,0,2,0,0,-1,2,0,2,1,-1,3,0,-1,200,0,9223372036800000000,1e+75,0,10,0,0,7,0,0,1,0,0,1,1,0,0,0,0,0,0,2,0,1,-1,-1,-1,-1,0,10,-1,1,1,3,-1,-1,-1,0,0,1,0,0,10,0,0,0,19.17
1,0,0,0,-1,0,1,3,0,0,0,0,2,0,1,2,1,-1,-1,2,0,3,0,-1,100,0,9223372036800000000,1e+75,0,10,0,0,7,0,0,1,0,0,1,1,0,0,0,0,0,0,2,0,1,-1,-1,-1,-1,0,10,-1,1,1,3,-1,-1,-1,0,0,1,0,0,10,0,0,0,15.85
1,0,0,0,-1,0,1,3,0,0,0,0,-1,0,-1,-1,1,0,2,1,1,3,0,-1,800,0,9223372036800000000,50,0,10,0,0,7,0,3,1,0,0,1,1,0,0,0,0,0,0,2,0,1,-1,-1,-1,-1,0,10,-1,1,1,3,-1,-1,-1,0,0,1,0,0,10,0,0,0,9.11
1,0,0,0,-1,0,1,4,0,0,0,0,-1,0,-1,2,-1,2,1,1,0,3,0,-1,200,0,9223372036800000000,1e+75,0,10,0,0,7,0,0,1,0,0,1,1,0,0,0,0,0,0,2,0,1,-1,-1,-1,-1,0,10,-1,1,1,3,-1,-1,-1,0,0,1,0,0,10,0,0,0,23.1
1,0,0,0,-1,0,1,3,0,0,0,0,3,0,0,0,0,-1,0,0,2,3,0,-1,200,0,9223372036800000000,1e+75,0,10,0,0,7,0,0,1,0,0,1,1,0,0,0,0,0,0,2,0,1,-1,-1,-1,-1,0,10,-1,1,1,3,-1,-1,-1,0,0,1,0,0,10,0,0,0,22.67
1,0,0,0,-1,0,1,0,0,0,0,0,3,0,1,-1,1,-1,2,1,2,3,0,4,150,0,9223372036800000000,1e+75,0,10,0,0,7,0,3,1,0,0,1,1,1,0,0,0,0,4,2,0,1,-1,-1,-1,-1,0,10,-1,1,1,3,-1,-1,-1,0,0,1,0,0,10,0,0,0,32.2
1,0,0,0,-1,0,1,0,0,0,0,0,1,0,1,1,2,1,2,0,-1,3,0,16,400,0,9223372036800000000,1e+75,0,10,0,0,7,0,0,1,1000,0,1,0,3,0,0,4,0,-1,2,0,1,-1,-1,-1,-1,-1,10,-1,1,1,3,-1,-1,5,0,0,1,0,0,10,0,0,0,31.48
1,0,0,0,-1,0,1,0,0,0,0,0,-1,0,-1,-1,-1,2,-1,1,1,3,0,4,400,0,9223372036800000000,1e+75,0,10,0,0,7,0,3,1,0,0,1,1,1,0,0,0,0,2,2,0,1,-1,-1,-1,-1,0,10,-1,1,1,3,-1,-1,-1,0,0,1,0,0,10,0,0,0,16.46
1,0,0,0,-1,0,1,2,0,0,0,0,3,0,-1,-1,2,-1,2,1,0,3,0,-1,200,0,9223372036800000000,1e+75,0,10,0,0,7,0,0,1,0,0,1,1,0,0,0,0,0,0,2,0,1,-1,-1,-1,-1,0,10,-1,1,1,3,-1,-1,-1,0,0,1,0,0,10,0,0,0,31.84
1,0,0,0,-1,0,1,3,0,0,0,0,1,0,-1,-1,2,1,2,-1,2,3,0,8,400,0,9223372036800000000,1e+75,0,10,0,0,7,0,3,1,100,0,1,1,1,0,0,0,0,2,2,0,1,-1,-1,-1,-1,1,10,-1,1,1,3,-1,-1,5,0,0,1,1,0,10,0,0,0,24.74
1,0,0,0,-1,0,1,0,0,0,0,0,0,0,-1,-1,-1,-1,2,1,1,3,0,8,200,0,9223372036800000000,1e+75,0,10,0,0,7,0,0,1,20,0,1,1,0,0,0,0,0,2,2,0,1,-1,-1,-1,-1,-1,10,-1,1,1,3,-1,-1,0,0,0,1,0,0,10,0,0,0,39.86
0,0,0,0,-1,0,1,3,0,0,0,0,-1,0,-1,-1,1,0,2,1,1,3,0,-1,800,0,9223372036800000000,1e+75,0,10,0,0,7,0,3,1,40,0,1,1,1,0,0,0,0,0,2,0,1,-1,-1,-1,-1,0,10,-1,1,1,3,-1,-1,-1,0,0,1,2,0,10,0,0,0,8.95
1,0,0,0,-1,0,1,5,0,0,0,0,3,0,1,2,0,1,1,-1,-1,3,0,-1,150,0,9223372036800000000,1e+75,0,10,0,0,7,0,2,1,0,0,1,1,0,0,0,0,0,0,2,0,1,-1,-1,-1,-1,0,10,-1,1,1,3,-1,-1,-1,0,0,1,0,0,10,0,0,0,23.49
1,0,0,0,-1,0,1,1,0,0,0,0,3,0,0,0,0,-1,0,0,2,3,0,-1,200,0,9223372036800000000,1e+75,0,10,0,0,7,0,0,1,0,0,1,1,0,0,0,0,0,0,2,0,1,-1,-1,-1,-1,0,10,-1,1,1,3,-1,-1,-1,0,0,1,0,0,10,0,0,0,18.87
1,0,0,0,-1,0,1,3,0,0,0,0,1,0,0,0,1,0,1,-1,1,3,0,16,800,0,9223372036800000000,1e+75,0,10,0,0,7,0,1,1,0,0,1,1,-1,0,0,0,0,-1,2,0,1,-1,-1,-1,-1,0,10,-1,1,1,3,-1,-1,-1,0,0,1,0,0,10,0,0,0,1.79769e+308
1,0,0,0,-1,0,1,3,0,0,0,0,2,0,1,2,1,-1,-1,1,0,3,0,-1,100,0,9223372036800000000,1e+75,0,10,0,0,7,0,0,1,0,0,1,1,0,0,0,0,0,0,2,0,1,-1,-1,-1,-1,0,10,-1,1,1,3,-1,-1,-1,0,0,1,0,0,10,0,0,0,14.89
1,0,0,0,-1,0,1,4,0,0,0,0,-1,0,-1,2,-1,2,1,1,0,3,0,-1,100,0,9223372036800000000,1e+75,0,10,0,0,7,0,0,1,0,0,1,1,0,0,0,0,0,0,2,0,1,-1,-1,-1,-1,0,10,-1,1,1,3,-1,-1,-1,0,0,1,0,0,10,0,0,0,18.34
1,0,0,0,-1,0,1,3,0,0,0,6,-1,0,-1,-1,1,0,2,1,1,3,0,-1,800,0,9223372036800000000,1e+75,0,10,0,0,7,0,3,1,40,0,1,1,1,0,0,0,0,0,2,0,1,-1,-1,-1,-1,0,10,-1,1,1,3,-1,-1,-1,0,0,1,2,0,10,0,0,0,8.95
1,0,0,0,-1,0,1,2,0,0,0,0,3,0,0,2,0,2,0,2,1,3,0,-1,10,0,9223372036800000000,1e+75,0,10,0,0,7,0,0,1,0,0,1,1,0,0,0,0,0,0,2,0,1,-1,-1,-1,-1,0,10,-1,1,1,3,-1,-1,-1,0,0,1,0,0,10,0,0,0,17.46
1,0,0,0,-1,0,1,5,0,0,0,0,-1,0,-1,-1,2,1,2,0,2,3,0,1,10,0,9223372036800000000,1e+75,0,10,0,0,7,0,1,1,40,0,1,0,-1,0,0,0,0,-1,2,0,1,-1,-1,-1,-1,-1,10,-1,1,1,3,-1,-1,2,0,0,1,1,0,10,0,0,0,39.6
1,0,0,0,-1,0,1,4,0,0,4,0,3,0,1,2,2,1,2,2,-1,3,0,2,10,0,9223372036800000000,1e+75,0,10,0,2,7,0,3,2,0,0,1,1,0,0,0,2,0,3,1,0,1,-1,-1,-1,2,0,10,-1,1,1,1,1,-1,2,0,0,1,0,0,10,0,0,0,16.25
1,0,0,0,-1,0,1,4,0,0,4,0,3,0,1,2,2,1,2,2,-1,3,0,2,10,0,9223372036800000000,1e+75,0,10,0,3,7,0,3,2,0,0,1,1,0,0,0,2,0,3,1,0,1,-1,-1,-1,2,0,10,-1,1,1,1,1,-1,2,0,0,1,0,0,10,0,0,0,16.25
1,0,0,0,-1,0,1,5,0,0,0,0,-1,0,-1,2,-1,1,-1,-1,1,3,0,-1,50,0,9223372036800000000,1e+75,0,10,0,0,7,0,0,1,0,0,1,1,0,0,0,0,0,0,2,0,1,-1,-1,-1,-1,0,10,-1,1,1,3,-1,-1,-1,0,0,1,0,0,10,0,0,0,14.04
1,0,0,0,-1,0,1,1,0,0,0,0,0,0,0,0,0,0,0,-1,2,3,0,-1,200,0,9223372036800000000,1e+75,0,10,0,0,7,0,0,1,0,0,1,1,0,0,0,0,0,0,2,0,1,-1,-1,-1,-1,0,10,-1,1,1,3,-1,-1,-1,0,0,1,0,0,10,0,0,0,29.9
1,0,0,0,-1,0,1,0,0,0,0,0,-1,0,0,-1,1,-1,-1,1,1,3,0,-1,800,0,9223372036800000000,1e+75,0,10,0,2,7,0,3,0,-1,0,1,1,2,0,0,6,0,1,3,2,1,-1,-1,-1,2,-1,10,-1,1,1,0,-1,-1,1,0,0,1,5,0,10,0,0,0,32.41
1,0,0,0,-1,0,1,5,0,0,0,0,-1,0,-1,2,-1,1,-1,-1,1,3,0,-1,10,0,9223372036800000000,1e+75,0,10,0,0,7,0,0,1,0,0,1,1,0,0,0,0,0,0,2,0,1,-1,-1,-1,-1,0,10,-1,1,1,3,-1,-1,-1,0,0,1,0,0,10,0,0,0,20.94
1,0,0,0,-1,0,1,3,0,0,0,0,-1,0,-1,-1,1,0,2,1,1,3,0,-1,800,0,9223372036800000000,1e+75,0,10,0,0,7,0,3,1,40,0,1,1,1,0,0,0,0,0,2,0,1,-1,-1,-1,-1,0,10,-1,1,1,3,-1,-1,-1,-1,0,1,2,0,10,0,0,0,1.79769e+308
1,0,0,0,-1,0,1,1,0,0,0,0,1,0,0,0,0,-1,0,0,2,3,0,-1,200,0,9223372036800000000,1e+75,0,10,0,0,7,0,0,1,0,0,1,1,0,0,0,0,0,0,2,0,1,-1,-1,-1,-1,0,10,-1,1,1,3,-1,-1,-1,0,0,1,0,0,10,0,0,0,21.68
1,0,0,0,-1,0,1,0,0,0,0,0,1,0,-1,-1,-1,0,-1,1,-1,3,0,-1,400,0,9223372036800000000,1e+75,0,10,0,0,7,0,3,1,0,0,1,1,0,0,0,0,0,2,2,0,1,-1,-1,-1,-1,0,10,-1,1,1,3,-1,-1,-1,0,0,1,0,0,10,0,0,0,15.41
1,0,0,0,-1,0,1,3,0,0,0,0,-1,0,-1,-1,1,0,2,1,1,3,0,-1,800,0,9223372036800000000,0,0,10,0,0,7,0,3,1,0,0,1,1,0,0,0,0,0,0,2,0,1,-1,-1,-1,-1,0,10,-1,1,1,3,-1,-1,-1,0,0,1,0,0,10,0,0,0,1.79769e+308
1,0,0,0,-1,0,1,1,0,0,0,0,0,0,0,-1,0,2,0,1,-1,3,0,-1,800,0,9223372036800000000,1e+75,0,10,0,0,7,0,0,1,0,0,1,1,0,0,0,0,0,0,2,0,1,-1,-1,-1,-1,0,10,-1,1,1,3,-1,-1,-1,0,0,1,0,0,10,0,0,0,36.61
1,0,0,0,-1,0,1,3,0,0,4,0,2,0,1,-1,-1,1,1,0,-1,3,0,8,50,0,9223372036800000000,1e+75,0,10,0,1,7,0,2,1,0,0,1,1,0,0,0,5,0,4,3,0,1,-1,-1,-1,0,1,10,-1,1,1,3,1,-1,1,0,0,1,2,0,10,0,0,0,12.56
1,0,0,0,-1,0,1,1,0,0,0,0,3,0,0,0,-1,-1,0,0,2,3,0,-1,200,0,9223372036800000000,1e+75,0,10,0,0,7,0,0,1,0,0,1,1,1,0,0,0,0,0,2,0,1,-1,-1,-1,-1,0,10,-1,1,1,3,-1,-1,-1,0,0,1,0,0,10,0,0,0,1.79769e+308
1,0,0,0,-1,0,1,2,0,0,0,0,3,0,0,0,-1,2,1,1,-1,3,0,-1,100,0,9223372036800000000,1e+75,0,10,0,0,7,0,0,1,0,0,1,1,3,0,0,0,0,0,2,0,1,-1,-1,-1,-1,0,10,-1,1,1,3,-1,-1,-1,0,0,1,0,0,10,0,0,0,29.87
1,0,0,0,-1,0,1,0,0,0,0,0,0,0,0,0,0,0,-1,0,0,3,0,-1,200,0,9223372036800000000,1e+75,0,10,0,0,7,0,0,1,0,0,1,1,0,0,0,0,0,0,2,0,1,-1,-1,-1,-1,0,10,-1,1,1,3,-1,-1,-1,0,0,1,0,0,10,0,0,0,30.04
1,0,0,0,-1,0,1,2,0,0,3,0,3,0,0,-1,-1,2,-1,-1,1,3,0,4,150,0,9223372036800000000,1e+75,0,10,0,3,7,0,1,2,100,0,1,0,0,0,0,6,0,0,1,3,1,-1,0,-1,3,0,10,-1,1,1,3,0,-1,0,0,0,1,1,0,10,0,0,0,11.41
1,0,0,0,-1,0,1,0,0,0,0,0,3,0,0,-1,-1,1,0,2,1,3,0,-1,10,0,9223372036800000000,1e+75,0,10,0,0,7,0,0,1,0,0,1,1,0,0,0,0,0,0,2,0,1,-1,-1,-1,-1,0,10,-1,1,1,3,-1,-1,-1,0,0,1,0,0,10,0,0,0,26.39
1,0,0,0,-1,0,1,3,0,0,0,0,-1,0,-1,-1,1,2,-1,1,1,3,0,-1,800,0,9223372036800000000,1e+75,0,10,0,0,7,0,0,1,0,0,1,1,0,0,0,0,0,0,2,0,1,-1,-1,-1,-1,0,10,-1,1,1,3,-1,-1,-1,0,0,1,0,0,10,0,0,0,10.98
1,0,0,0,-1,0,1,3,0,0,0,0,-1,0,-1,-1,1,-1,2,1,1,3,0,-1,50,0,9223372036800000000,1e+75,0,10,0,0,7,0,0,1,0,0,1,1,0,0,0,0,0,0,2,0,1,-1,-1,-1,-1,0,10,-1,1,1,3,-1,-1,-1,0,0,1,0,0,10,0,0,0,22.09
1,0,0,0,-1,0,1,5,0,0,0,0,2,0,-1,0,2,2,-1,2,0,3,0,8,200,0,9223372036800000000,1e+75,0,10,0,0,7,0,1,1,20,0,1,1,2,0,0,0,0,3,2,0,1,-1,-1,-1,-1,-1,10,-1,1,1,3,-1,-1,2,0,0,1,0,0,10,0,0,0,17.63
1,0,0,0,-1,0,1,1,0,0,0,0,1,0,-1,-1,1,1,1,2,-1,3,0,2,10,0,9223372036800000000,1e+75,0,10,0,0,7,0,0,1,20,0,1,0,2,0,0,4,0,0,2,0,1,-1,-1,-1,-1,0,10,-1,1,1,3,-1,-1,1,0,0,1,0,0,10,0,0,0,1.79769e+308
1,0,0,0,-1,0,1,5,0,0,0,0,-1,0,0,-1,2,0,0,1,-1,3,0,-1,200,0,9223372036800000000,1e+75,0,10,0,0,7,0,0,1,0,0,1,1,0,0,0,0,0,0,2,0,1,-1,-1,-1,-1,0,10,-1,1,1,3,-1,-1,-1,0,0,1,0,0,10,0,0,0,19.17
1,0,0,0,-1,0,1,3,0,0,0,0,-1,0,-1,-1,1,0,2,1,1,3,0,-1,800,0,9223372036800000000,1e+75,0,10,0,0,7,0,3,1,0,0,1,1,0,0,500,0,0,0,2,0,1,-1,-1,-1,-1,0,10,-1,1,1,3,-1,-1,-1,0,0,1,0,0,10,0,0,0,11.88
1,0,0,0,-1,0,1,3,0,0,0,0,0,0,-1,-1,1,2,2,1,1,3,0,-1,800,0,9223372036800000000,1e+75,0,10,0,0,7,0,0,1,0,0,1,1,0,0,0,0,0,0,2,0,1,-1,-1,-1,-1,0,10,-1,1,1,3,-1,-1,-1,0,0,1,0,0,10,0,0,0,11.23
1,0,0,0,-1,0,1,3,0,0,0,0,1,0,0,2,0,-1,0,0,-1,3,0,-1,150,0,9223372036800000000,1e+75,0,10,0,0,7,0,3,1,1000,0,1,1,2,0,0,0,0,-1,2,0,1,-1,-1,-1,-1,0,10,-1,1,1,3,-1,-1,5,0,0,1,0,0,10,0,0,0,1.79769e+308
1,0,0,0,-1,0,1,1,0,0,0,0,1,0,1,-1,0,2,1,0,2,3,0,-1,400,0,9223372036800000000,1e+75,0,10,0,0,7,0,2,1,0,0,1,1,0,0,0,0,0,-1,2,0,1,-1,-1,-1,-1,0,10,-1,1,1,3,-1,-1,-1,0,0,1,0,0,10,0,0,0,1.79769e+308
1,0,0,0,-1,0,1,3,0,0,0,0,-1,0,-1,-1,1,0,2,1,1,3,0,-1,800,0,9223372036800000000,1e+75,0,10,0,0,7,-1,3,1,0,0,1,1,0,0,0,0,0,0,2,0,1,-1,-1,-1,-1,0,10,-1,1,1,3,-1,-1,-1,0,0,1,0,0,10,0,0,0,9.29
1,0,0,0,-1,0,1,5,0,0,0,0,2,0,0,-1,0,0,0,1,-1,3,0,-1,200,0,9223372036800000000,1e+75,0,10,0,0,7,0,0,1,0,0,1,1,0,0,0,0,0,0,2,0,1,-1,-1,-1,-1,0,10,-1,1,1,3,-1,-1,-1,0,0,1,0,0,10,0,0,0,19.17
1,0,0,0,-1,0,1,4,0,0,0,0,2,0,1,1,-1,2,2,1,2,3,0,-1,800,0,9223372036800000000,1e+75,0,10,0,0,7,0,0,1,0,0,1,1,0,0,0,0,0,0,2,0,1,-1,-1,-1,-1,0,10,-1,1,1,3,-1,-1,-1,0,0,1,0,0,10,0,0,0,10.1
1,0,0,0,-1,0,1,1,0,0,0,0,2,0,1,2,1,-1,2,1,0,3,0,-1,100,0,9223372036800000000,1e+75,0,10,0,0,7,0,0,1,0,0,1,1,0,0,0,0,0,0,2,0,1,-1,-1,-1,-1,0,10,-1,1,1,3,-1,-1,-1,0,0,1,0,0,10,0,0,0,35.11
1,0,0,0,-1,0,1,2,0,0,0,0,1,0,0,2,1,1,0,0,1,3,0,2,400,0,9223372036800000000,1e+75,0,10,0,0,7,0,0,1,0,0,1,1,1,0,0,0,0,0,2,0,1,-1,-1,-1,-1,0,10,-1,1,1,3,-1,-1,-1,0,0,1,0,0,10,0,0,0,23.48
1,0,0,0,-1,0,1,1,0,0,0,0,2,0,-1,-1,2,2,-1,2,2,3,0,8,150,0,9223372036800000000,1e+75,0,10,0,0,7,0,2,1,100,0,1,1,2,0,0,0,0,0,2,0,1,-1,-1,-1,-1,1,10,-1,1,1,3,-1,-1,0,0,0,1,0,0,10,0,0,0,1.79769e+308
1,0,0,0,-1,0,1,3,0,0,4,0,2,0,1,-1,-1,1,1,0,-1,3,0,8,50,0,9223372036800000000,1e+75,0,10,0,1,7,0,2,1,20,0,1,1,-1,0,0,5,0,4,3,0,1,-1,-1,-1,0,1,10,-1,1,1,3,1,-1,1,0,0,1,2,0,10,0,0,0,14.05
1,0,0,0,-1,0,1,2,0,0,0,0,0,0,0,2,0,2,0,2,1,3,0,-1,10,0,9223372036800000000,1e+75,0,10,0,0,7,0,0,1,0,0,1,1,0,0,0,0,0,0,2,0,1,-1,-1,-1,-1,0,10,-1,1,1,3,-1,-1,-1,0,0,1,0,0,10,0,0,0,17.46
1,0,0,0,-1,0,1,0,0,0,0,0,3,0,0,-1,0,1,0,-1,1,3,0,-1,100,0,9223372036800000000,1e+75,0,10,0,0,7,0,0,1,0,0,1,1,0,0,0,0,0,0,2,0,1,-1,-1,-1,-1,0,10,-1,1,1,3,-1,-1,-1,0,0,1,0,0,10,0,0,0,23.42
1,0,0,0,-1,0,1,0,0,0,0,0,3,0,1,2,0,1,1,-1,-1,3,0,-1,100,0,9223372036800000000,1e+75,0,10,0,0,7,0,2,1,0,0,1,1,2,0,0,0,0,0,2,0,1,-1,-1,-1,-1,0,10,-1,1,1,3,-1,-1,-1,0,0,1,0,0,10,0,0,0,29.58
1,0,0,0,-1,0,1,3,0,0,0,0,-1,0,-1,-1,1,2,0,1,1,3,0,-1,800,0,9223372036800000000,1e+75,0,10,0,0,7,0,0,1,0,0,1,1,0,0,0,0,0,0,2,0,1,-1,-1,-1,-1,0,10,-1,1,1,3,-1,-1,-1,0,0,1,0,0,10,0,0,0,10.98
1,0,0,0,-1,0,1,0,0,0,0,0,2,0,0,0,0,2,1,1,-1,3,0,-1,200,0,9223372036800000000,1e+75,0,10,0,0,7,0,0,1,0,0,1,1,0,0,0,0,0,0,2,0,1,-1,-1,-1,-1,0,10,-1,1,1,3,-1,-1,-1,0,0,1,0,0,10,0,0,0,26.52
1,0,0,0,-1,0,1,3,0,0,0,0,-1,0,-1,-1,1,0,2,1,1,3,0,-1,800,0,9223372036800000000,1e+75,0,10,0,0,7,0,3,1,0,0,1,1,0,0,20,0,0,0,2,0,1,-1,-1,-1,-1,0,10,-1,1,1,3,-1,-1,-1,0,0,1,0,0,10,0,0,0,10.84
1,0,0,0,-1,0,1,3,0,0,0,0,-1,0,-1,0,1,2,2,1,1,3,0,-1,800,0,9223372036800000000,1e+75,0,10,0,0,7,0,0,1,0,0,1,1,0,0,0,0,0,0,2,0,1,-1,-1,-1,-1,0,10,-1,1,1,3,-1,-1,-1,0,0,1,0,0,10,0,0,0,17.57
1,0,0,0,-1,0,1,5,0,0,0,0,-1,0,1,2,-1,-1,-1,-1,0,3,0,2,400,0,9223372036800000000,1e+75,0,10,0,0,7,0,1,1,40,0,1,0,2,0,0,5,0,4,2,0,1,-1,-1,-1,-1,1,10,-1,1,1,3,-1,-1,5,0,0,1,5,0,10,0,0,0,23.95
1,0,0,0,-1,0,1,5,0,0,0,0,0,0,-1,1,-1,1,2,0,2,3,0,1,200,0,9223372036800000000,1e+75,0,10,0,0,7,0,1,1,40,0,1,0,3,0,0,0,0,2,2,0,1,-1,-1,-1,-1,-1,10,-1,1,1,3,-1,-1,3,0,0,1,0,0,10,0,0,0,30.75
1,0,0,0,-1,0,1,1,0,0,0,0,-1,0,-1,2,2,2,2,1,-1,3,0,-1,100,0,9223372036800000000,1e+75,0,10,0,0,7,0,0,1,0,0,1,1,0,0,0,0,0,0,2,0,1,-1,-1,-1,-1,0,10,-1,1,1,3,-1,-1,-1,0,0,1,0,0,10,0,0,0,36.32
1,0,0,0,-1,0,1,4,0,0,4,0,3,0,1,2,-1,1,2,2,-1,3,0,2,10,0,9223372036800000000,1e+75,0,10,0,3,7,0,3,2,0,0,1,1,0,0,0,2,0,3,1,0,1,-1,-1,-1,2,0,10,-1,1,1,1,1,-1,2,0,0,1,0,0,10,0,0,0,22.64
1,0,0,0,-1,0,1,2,0,0,0,0,3,0,0,0,-1,2,1,2,-1,3,0,2,800,0,9223372036800000000,1e+75,0,10,0,0,7,0,0,1,0,0,1,1,3,0,0,0,0,0,2,0,1,-1,-1,-1,-1,0,10,-1,1,1,3,-1,-1,-1,0,0,1,0,0,10,0,0,0,30.17
1,0,0,0,-1,0,1,0,0,0,0,0,2,0,0,2,0,1,1,1,-1,3,0,-1,800,0,9223372036800000000,1e+75,0,10,0,0,7,0,0,1,0,0,1,1,0,0,0,0,0,0,2,0,1,-1,-1,-1,-1,0,10,-1,1,1,3,-1,-1,-1,0,0,1,0,0,10,0,0,0,27.53
1,0,0,0,-1,0,1,1,0,0,0,0,2,0,-1,-1,2,2,-1,2,2,3,0,8,150,0,9223372036800000000,1e+75,0,10,0,0,7,0,2,1,40,0,1,1,2,0,0,0,0,0,2,0,1,-1,-1,-1,-1,1,10,-1,1,1,3,-1,-1,0,0,0,1,0,0,10,0,0,0,1.79769e+308
1,0,0,0,-1,0,1,0,0,0,0,0,-1,0,-1,-1,-1,-1,-1,-1,-1,3,0,1,100,0,9223372036800000000,1e+75,0,10,0,0,7,0,1,1,0,0,1,1,-1,0,0,6,0,0,2,0,1,-1,-1,-1,-1,-1,10,-1,1,1,3,-1,-1,5,0,0,1,0,0,10,0,0,0,41.28
1,0,0,0,-1,0,1,1,0,0,0,0,-1,0,0,2,1,1,2,-1,0,3,0,2,50,0,9223372036800000000,1e+75,0,10,0,0,7,0,1,1,-1,0,1,1,0,0,0,0,0,2,2,0,1,-1,-1,-1,-1,1,10,-1,1,1,3,-1,-1,5,0,0,1,0,0,10,0,0,0,40.96
1,0,0,0,-1,0,1,3,0,0,0,0,3,0,0,-1,2,0,-1,1,-1,3,0,16,150,0,9223372036800000000,1e+75,0,10,0,0,7,0,0,1,0,0,1,1,3,0,0,0,0,0,2,0,1,-1,-1,-1,-1,-1,10,-1,1,1,3,-1,-1,3,0,0,1,0,0,10,0,0,0,14.63
1,0,0,0,-1,0,1,4,0,0,0,0,1,0,0,0,1,0,1,-1,1,3,0,16,800,0,9223372036800000000,1e+75,0,10,0,0,7,0,0,1,0,0,1,1,-1,0,0,0,0,-1,2,0,1,-1,-1,-1,-1,0,10,-1,1,1,3,-1,-1,-1,0,0,1,0,0,10,0,0,0,1.79769e+308
1,0,0,0,-1,0,1,5,0,0,0,0,2,0,0,-1,2,0,0,1,-1,3,0,-1,100,0,9223372036800000000,1e+75,0,10,0,0,7,0,0,1,0,0,1,1,0,0,0,0,0,0,2,0,1,-1,-1,-1,-1,0,10,-1,1,1,3,-1,-1,-1,0,0,1,0,0,10,0,0,0,20.23
1,0,0,0,-1,0,1,0,0,0,0,0,0,0,0,2,0,2,0,2,1,3,0,-1,50,0,9223372036800000000,1e+75,0,10,0,0,7,0,0,1,0,0,1,1,0,0,0,0,0,0,2,0,1,-1,-1,-1,-1,0,10,-1,1,1,3,-1,-1,-1,0,0,1,0,0,10,0,0,0,23.68
1,0,0,0,-1,0,1,2,0,0,0,0,1,0,0,2,1,2,0,0,1,3,0,2,400,0,9223372036800000000,1e+75,0,10,0,0,7,0,0,1,0,0,1,1,1,0,0,0,0,0,2,0,1,-1,-1,-1,-1,0,10,-1,1,1,3,-1,-1,-1,0,0,1,0,0,10,0,0,0,25.67
1,0,0,0,-1,0,1,0,0,0,0,0,-1,0,0,-1,1,-1,2,1,1,3,0,-1,800,0,9223372036800000000,1e+75,0,10,0,2,7,0,1,0,500,0,1,1,2,0,0,6,0,1,3,2,1,-1,-1,-1,1,-1,10,-1,1,1,0,-1,-1,1,0,0,1,5,0,10,0,0,0,23.42
1,0,0,0,-1,0,1,5,0,0,0,0,-1,0,1,-1,1,1,-1,-1,1,3,0,-1,50,0,9223372036800000000,1e+75,0,10,0,0,7,0,0,1,0,0,1,1,0,0,0,0,0,0,2,0,1,-1,-1,-1,-1,0,10,-1,1,1,3,-1,-1,-1,0,0,1,0,0,10,0,0,0,20.19
1,0,0,0,-1,0,1,0,0,0,0,0,2,0,0,2,0,-1,1,2,0,3,0,2,25,0,9223372036800000000,1e+75,0,10,0,0,7,0,2,1,500,0,1,1,0,0,0,0,0,-1,2,0,1,-1,-1,-1,-1,-1,10,-1,1,1,3,-1,-1,1,0,0,1,0,0,10,0,0,0,1.79769e+308
1,0,0,0,-1,0,1,2,0,0,0,0,3,0,1,2,0,1,1,-1,-1,3,0,-1,150,0,9223372036800000000,1e+75,0,10,0,0,7,0,2,1,0,0,1,1,2,0,0,0,0,0,2,0,1,-1,-1,-1,-1,0,10,-1,1,1,3,-1,-1,-1,0,0,1,0,0,10,0,0,0,27.34
1,0,0,0,-1,0,1,5,0,0,0,0,2,0,0,-1,2,1,2,1,0,3,0,4,400,0,9223372036800000000,1e+75,0,10,0,0,7,0,1,1,0,0,1,1,-1,0,0,0,0,0,2,0,1,-1,-1,-1,-1,0,10,-1,1,1,3,-1,-1,-1,0,0,1,0,0,10,0,0,0,20.44
1,0,0,0,-1,0,1,3,0,0,0,0,1,0,-1,-1,2,1,2,0,2,3,0,8,100,0,9223372036800000000,1e+75,0,10,0,0,7,0,3,1,100,0,1,1,1,0,0,0,0,2,2,0,1,-1,-1,-1,-1,1,10,-1,1,1,3,-1,-1,-1,0,0,1,1,0,10,0,0,0,26.13
1,0,0,0,-1,0,1,4,0,0,0,0,3,0,1,1,1,2,0,2,-1,3,0,1,150,0,9223372036800000000,1e+75,0,10,0,0,7,0,2,1,0,0,1,1,2,0,0,0,0,2,2,0,1,-1,-1,-1,-1,-1,10,-1,1,1,3,-1,-1,-1,0,0,1,0,0,10,0,0,0,14.38
1,0,0,0,-1,0,1,0,0,0,0,0,2,0,0,-1,2,0,0,2,0,3,0,-1,150,0,9223372036800000000,1e+75,0,10,0,0,7,0,2,1,0,0,1,1,0,0,0,0,0,2,2,0,1,-1,-1,-1,-1,0,10,-1,1,1,3,-1,-1,-1,0,0,1,0,0,10,0,0,0,27.08
1,0,0,0,-1,0,1,3,0,0,0,0,3,0,0,1,2,-1,1,0,0,3,0,-1,50,0,9223372036800000000,1e+75,0,10,0,0,7,0,2,1,0,0,1,1,0,0,0,0,0,3,2,0,1,-1,-1,-1,-1,0,10,-1,1,1,3,-1,-1,-1,0,0,1,0,0,10,0,0,0,22.54
1,3,0,0,-1,0,1,3,0,0,0,0,-1,0,-1,-1,1,0,2,1,1,3,0,-1,800,0,9223372036800000000,1e+75,0,10,0,0,7,0,3,1,40,0,1,1,1,0,0,0,0,0,2,0,1,-1,-1,-1,-1,0,10,-1,1,1,3,-1,-1,-1,0,0,1,2,0,10,0,0,0,8.95
1,0,0,0,-1,0,1,5,0,0,0,0,-1,0,-1,-1,2,1,-1,-1,1,3,0,-1,50,0,9223372036800000000,1e+75,0,10,0,0,7,0,0,1,0,0,1,1,0,0,0,0,0,0,2,0,1,-1,-1,-1,-1,0,10,-1,1,1,3,-1,-1,-1,0,0,1,0,0,10,0,0,0,20.19
1,0,0,0,-1,0,1,3,0,0,0,0,2,0,1,2,1,-1,2,1,0,3,0,-1,100,0,9223372036800000000,1e+75,0,10,0,0,7,0,0,1,0,0,1,1,0,0,0,0,0,0,2,0,1,-1,-1,-1,-1,0,10,-1,1,1,3,-1,-1,-1,0,0,1,0,0,10,0,0,0,14.82
1,0,0,0,-1,0,1,4,0,0,0,0,0,0,1,2,0,-1,2,1,2,3,0,4,100,0,9223372036800000000,1e+75,0,10,0,0,7,0,3,1,0,0,1,1,-1,0,0,0,0,0,2,0,1,-1,-1,-1,-1,0,10,-1,1,1,3,-1,-1,-1,0,0,1,0,0,10,0,0,0,24.3
1,0,0,0,-1,0,1,0,0,0,0,0,-1,0,-1,-1,1,0,2,1,1,3,0,-1,800,0,9223372036800000000,1e+75,0,10,0,0,7,0,0,1,0,0,1,1,0,0,0,0,0,0,2,0,1,-1,-1,-1,-1,0,10,-1,1,1,3,-1,-1,-1,0,0,1,0,0,10,0,0,0,28.98
1,0,0,0,-1,0,1,2,0,0,0,0,1,0,-1,2,1,0,-1,1,0,3,0,-1,100,0,9223372036800000000,1e+75,0,10,0,0,7,0,2,1,100,0,1,0,1,0,0,0,0,0,2,0,1,-1,-1,-1,-1,1,10,-1,1,1,3,-1,-1,1,0,0,1,0,0,10,0,0,0,14.49
1,0,0,0,-1,0,1,1,0,0,0,0,2,0,0,0,0,1,1,1,-1,3,0,-1,800,0,9223372036800000000,1e+75,0,10,0,0,7,0,0,1,0,0,1,1,0,0,0,0,0,0,2,0,1,-1,-1,-1,-1,0,10,-1,1,1,3,-1,-1,-1,0,0,1,0,0,10,0,0,0,36.41
1,0,0,0,-1,0,1,0,0,0,0,0,3,0,0,-1,-1,1,0,-1,1,3,0,-1,10,0,9223372036800000000,1e+75,0,10,0,0,7,0,0,1,0,0,1,1,0,0,0,0,0,0,2,0,1,-1,-1,-1,-1,0,10,-1,1,1,3,-1,-1,-1,0,0,1,0,0,10,0,0,0,22.86
1,0,0,0,-1,0,1,3,0,0,4,0,2,0,1,-1,-1,1,1,0,-1,3,0,8,50,0,9223372036800000000,1e+75,0,10,0,1,7,0,2,1,20,0,1,1,0,0,0,5,0,4,3,0,1,-1,-1,-1,0,1,10,-1,1,1,0,1,-1,1,0,0,1,2,0,10,0,0,0,20.73
1,0,0,0,-1,0,1,0,0,0,3,0,1,0,-1,2,2,0,2,1,0,3,0,-1,25,0,9223372036800000000,1e+75,0,10,0,2,7,0,2,1,-1,0,1,1,0,0,0,0,0,1,2,1,1,-1,-1,-1,2,0,10,-1,1,1,0,-1,-1,1,0,0,1,0,0,10,0,0,0,1.79769e+308
1,0,0,0,-1,0,1,0,0,0,0,0,2,0,1,2,1,-1,2,1,0,3,0,-1,100,0,9223372036800000000,1e+75,0,10,0,0,7,0,0,1,0,0,1,1,0,0,0,0,0,0,2,0,1,-1,-1,-1,-1,0,10,-1,1,1,3,-1,-1,-1,0,0,1,0,0,10,0,0,0,27.85
1,0,0,0,-1,0,1,1,0,0,0,0,3,0,0,0,-1,-1,0,0,2,3,0,-1,200,0,9223372036800000000,1e+75,0,10,0,0,7,0,2,1,-1,0,1,1,0,0,0,0,0,0,2,0,1,-1,-1,-1,-1,0,10,-1,1,1,3,-1,-1,-1,0,0,1,0,0,10,0,0,0,27.25
1,0,0,0,-1,0,1,3,0,0,0,0,-1,0,-1,-1,1,2,2,1,1,3,0,-1,800,0,9223372036800000000,1e+75,0,10,0,0,7,0,0,1,0,0,1,1,0,0,0,0,0,0,2,0,1,-1,-1,-1,-1,0,10,-1,1,1,3,-1,-1,-1,0,0,1,0,0,10,0,0,0,10.98
1,0,0,0,-1,0,1,0,0,0,0,0,0,0,-1,-1,-1,-1,0,-1,1,3,0,8,200,0,9223372036800000000,1e+75,0,10,0,0,7,0,3,1,20,0,1,1,0,0,0,0,0,2,2,0,1,-1,-1,-1,-1,-1,10,-1,1,1,3,-1,-1,0,0,0,1,0,0,10,0,0,0,21.52
1,0,0,0,-1,0,1,4,0,0,0,0,2,0,1,1,-1,0,2,1,2,3,0,-1,800,0,9223372036800000000,1e+75,0,10,0,0,7,0,0,1,0,0,1,1,0,0,0,0,0,0,2,0,1,-1,-1,-1,-1,0,10,-1,1,1,3,-1,-1,-1,0,0,1,0,0,10,0,0,0,24.64
1,0,0,0,-1,0,1,0,0,0,0,0,-1,0,-1,2,-1,2,0,0,0,3,0,8,150,0,9223372036800000000,1e+75,0,10,0,3,7,0,1,1,0,0,1,1,1,0,0,1,0,4,1,2,1,-1,1,-1,1,-1,10,-1,1,1,0,1,-1,5,0,0,1,5,0,10,0,0,0,20.71
1,0,0,0,-1,0,1,1,0,0,0,0,0,0,0,-1,0,-1,0,0,2,3,0,-1,200,0,9223372036800000000,1e+75,0,10,0,0,7,0,0,1,0,0,1,1,0,0,0,0,0,0,2,0,1,-1,-1,-1,-1,0,10,-1,1,1,3,-1,-1,-1,0,0,1,0,0,10,0,0,0,30.68
1,0,0,0,-1,0,1,1,0,0,0,0,1,0,-1,-1,1,1,1,2,-1,3,0,2,10,0,9223372036800000000,1e+75,0,10,0,0,7,0,0,1,20,0,1,0,0,0,0,4,0,0,2,0,1,-1,-1,-1,-1,0,10,-1,1,1,3,-1,-1,1,0,0,1,0,0,10,0,0,0,1.79769e+308
1,0,0,0,-1,0,1,5,0,0,0,0,1,0,-1,1,-1,1,0,1,0,3,0,8,400,0,9223372036800000000,1e+75,0,10,0,0,7,0,3,1,500,0,1,1,-1,0,0,6,0,1,2,0,1,-1,-1,-1,-1,-1,10,-1,1,1,3,-1,-1,-1,0,0,1,5,0,10,0,0,0,30.92
1,0,0,0,-1,0,1,5,0,0,0,0,-1,0,1,2,2,0,-1,-1,0,3,0,16,400,0,9223372036800000000,1e+75,0,10,0,0,7,0,1,1,40,0,1,0,2,0,0,5,0,4,2,0,1,-1,-1,-1,-1,1,10,-1,1,1,3,-1,-1,5,0,0,1,5,0,10,0,0,0,19.74
1,0,0,0,-1,0,1,5,0,0,0,0,0,0,-1,1,-1,1,2,0,2,3,0,1,200,0,9223372036800000000,1e+75,0,10,0,0,7,0,2,1,-1,0,1,0,0,0,0,0,0,2,2,0,1,-1,-1,-1,-1,1,10,-1,1,1,3,-1,-1,3,0,0,1,0,0,10,0,0,0,19.68
1,0,0,0,-1,0,1,0,0,0,0,0,-1,0,-1,-1,0,2,-1,1,1,3,0,4,400,0,9223372036800000000,1e+75,0,10,0,0,7,0,0,1,0,0,1,1,1,0,0,0,0,2,2,0,1,-1,-1,-1,-1,0,10,-1,1,1,3,-1,-1,-1,0,0,1,0,0,10,0,0,0,28.79
1,0,0,0,-1,0,1,0,0,0,0,0,3,0,0,-1,-1,1,0,-1,1,3,0,-1,100,0,9223372036800000000,1e+75,0,10,0,0,7,0,0,1,0,0,1,1,0,0,0,0,0,0,2,0,1,-1,-1,-1,-1,0,10,-1,1,1,3,-1,-1,-1,0,0,1,0,0,10,0,0,0,29.92
1,0,0,0,-1,0,1,3,0,0,0,0,1,0,0,2,2,1,0,0,1,3,0,2,400,0,9223372036800000000,1e+75,0,10,0,0,7,0,0,1,0,0,1,1,1,0,0,0,0,0,2,0,1,-1,-1,-1,-1,0,10,-1,1,1,3,-1,-1,-1,0,0,1,0,0,10,0,0,0,23.41
1,0,0,0,-1,0,1,3,0,0,0,0,2,0,0,2,1,-1,-1,1,0,3,0,-1,100,0,9223372036800000000,1e+75,0,10,0,0,7,0,0,1,0,0,1,1,0,0,0,0,0,0,2,0,1,-1,-1,-1,-1,0,10,-1,1,1,3,-1,-1,-1,0,0,1,0,0,10,0,0,0,14.89
1,0,0,0,-1,0,1,4,0,0,0,0,2,0,1,1,-1,2,2,1,2,3,0,-1,400,0,9223372036800000000,1e+75,0,10,0,0,7,0,0,1,0,0,1,1,0,0,0,0,0,0,2,0,1,-1,-1,-1,-1,0,10,-1,1,1,3,-1,-1,-1,0,0,1,0,0,10,0,0,0,10.1
1,0,0,0,-1,0,1,0,0,0,0,0,2,0,0,0,0,1,1,1,-1,3,0,-1,25,0,9223372036800000000,1e+75,0,10,0,0,7,0,0,1,0,0,1,1,0,0,0,0,0,0,2,0,1,-1,-1,-1,-1,0,10,-1,1,1,3,-1,-1,-1,0,0,1,0,0,10,0,0,0,25.06
1,0,0,0,-1,0,1,2,0,0,0,0,0,0,0,2,0,2,0,2,1,3,0,-1,400,0,9223372036800000000,1e+75,0,10,0,0,7,0,0,1,0,0,1,1,0,0,0,0,0,0,2,0,1,-1,-1,-1,-1,0,10,-1,1,1,3,-1,-1,-1,0,0,1,0,0,10,0,0,0,26.81
1,0,0,0,-1,0,1,5,0,0,0,0,-1,0,-1,-1,1,1,-1,-1,1,3,0,-1,50,0,9223372036800000000,1e+75,0,10,0,0,7,0,0,1,0,0,1,1,0,0,0,0,0,0,2,0,1,-1,-1,-1,-1,0,10,-1,1,1,3,-1,-1,-1,0,0,1,0,0,10,0,0,0,20.19
1,0,0,0,-1,0,1,0,0,0,0,0,2,0,0,0,0,2,1,1,-1,3,0,-1,400,0,9223372036800000000,1e+75,0,10,0,0,7,0,0,1,0,0,1,1,0,0,0,0,0,0,2,0,1,-1,-1,-1,-1,0,10,-1,1,1,3,-1,-1,-1,0,0,1,0,0,10,0,0,0,24.71
1,0,0,0,-1,0,1,5,0,0,0,0,1,0,-1,0,2,0,1,1,-1,3,0,-1,800,0,9223372036800000000,1e+75,0,10,0,0,7,0,0,1,0,0,1,1,0,0,0,0,0,-1,2,0,1,-1,-1,-1,-1,0,10,-1,1,1,3,-1,-1,-1,0,0,1,0,0,10,0,0,0,35.5
1,0,0,0,-1,0,1,2,0,0,0,0,1,0,-1,2,1,0,-1,1,1,3,0,1,100,0,9223372036800000000,1e+75,0,10,0,0,7,0,2,1,0,0,1,0,1,0,0,0,0,0,2,0,1,-1,-1,-1,-1,1,10,-1,1,1,3,-1,-1,1,0,0,1,0,0,10,0,0,0,36.68
1,0,0,0,-1,0,1,2,0,0,3,0,3,0,0,-1,-1,2,-1,-1,1,3,0,4,100,0,9223372036800000000,1e+75,0,10,0,3,7,0,1,2,500,0,1,0,0,0,0,6,0,0,3,3,1,-1,0,-1,3,0,10,-1,1,1,3,0,-1,0,0,0,1,1,0,10,0,0,0,24.71
1,0,0,0,-1,0,1,2,0,0,0,0,2,0,-1,0,2,-1,-1,-1,2,3,0,-1,400,0,9223372036800000000,1e+75,0,10,0,0,7,0,0,1,0,0,1,1,0,0,0,0,0,0,2,0,1,-1,-1,-1,-1,0,10,-1,1,1,3,-1,-1,-1,0,0,1,0,0,10,0,0,0,32.25
1,0,0,0,-1,0,1,3,0,0,0,0,-1,0,-1,1,2,0,1,1,0,3,0,8,400,0,9223372036800000000,1e+75,0,10,0,0,7,0,0,1,500,0,1,1,1,0,0,5,0,-1,2,0,1,-1,-1,-1,-1,1,10,-1,1,1,3,-1,-1,0,0,0,1,5,0,10,0,0,0,23.22
1,0,0,0,-1,0,1,4,0,0,0,0,3,0,1,1,1,-1,0,-1,-1,3,0,1,150,0,9223372036800000000,1e+75,0,10,0,0,7,0,2,1,0,0,1,1,2,0,0,0,0,2,2,0,1,-1,-1,-1,-1,-1,10,-1,1,1,3,-1,-1,-1,0,0,1,0,0,10,0,0,0,18.27
1,0,0,0,-1,0,1,1,0,0,0,0,3,0,0,0,-1,-1,0,0,2,3,0,-1,200,0,9223372036800000000,1e+75,0,10,0,1,7,0,2,1,-1,0,1,1,1,0,0,0,0,0,2,0,1,-1,-1,-1,2,0,10,-1,1,1,3,-1,-1,-1,0,0,1,0,0,10,0,0,0,16.37
1,0,0,0,-1,0,1,5,0,0,0,0,3,0,0,-1,0,0,2,1,-1,3,0,-1,100,0,9223372036800000000,1e+75,0,10,0,0,7,0,1,1,0,0,1,1,0,0,0,0,0,4,2,0,1,-1,-1,-1,-1,0,10,-1,1,1,3,-1,-1,-1,0,0,1,0,0,10,0,0,0,20.23
1,0,0,0,-1,0,1,2,0,0,3,0,3,0,0,-1,-1,2,2,-1,1,3,0,4,150,0,9223372036800000000,1e+75,0,10,0,3,7,0,1,2,100,0,1,0,0,0,0,6,0,0,3,3,1,-1,0,-1,3,0,10,-1,1,1,3,0,-1,0,0,0,1,1,0,10,0,0,0,13.35
1,0,0,0,-1,0,1,0,0,0,0,0,-1,0,0,2,0,-1,1,2,0,3,0,2,25,0,9223372036800000000,1e+75,0,10,0,0,7,0,2,1,500,0,1,1,0,0,0,0,0,3,2,0,1,-1,-1,-1,-1,-1,10,-1,1,1,3,-1,-1,1,0,0,1,0,0,10,0,0,0,24.22
1,0,0,0,-1,0,1,0,0,0,0,0,-1,0,0,-1,1,-1,0,1,1,3,0,-1,800,0,9223372036800000000,1e+75,0,10,0,2,7,0,3,0,500,0,1,1,2,0,0,3,0,1,3,2,1,-1,-1,-1,2,-1,10,-1,1,1,0,-1,-1,1,0,0,1,5,0,10,0,0,0,53.71
1,0,0,0,-1,0,1,1,0,0,0,0,0,0,0,0,0,-1,0,0,2,3,0,-1,200,0,9223372036800000000,1e+75,0,10,0,0,7,0,0,1,0,0,1,1,0,0,0,0,0,0,2,0,1,-1,-1,-1,-1,0,10,-1,1,1,3,-1,-1,-1,0,0,1,0,0,10,0,0,0,21.68
1,0,0,0,-1,0,1,3,0,0,0,0,-1,0,-1,-1,1,0,2,1,1,3,0,-1,800,0,9223372036800000000,120,0,10,0,0,7,0,3,1,0,0,1,1,0,0,0,0,0,0,2,0,1,-1,-1,-1,-1,0,10,-1,1,1,3,-1,-1,-1,0,0,1,0,0,10,0,0,0,9.11
1,0,0,0,-1,0,1,2,0,0,1,0,2,0,1,-1,1,2,2,0,0,3,0,16,800,0,9223372036800000000,1e+75,0,10,0,1,7,0,2,1,0,0,1,1,0,0,0,1,0,1,3,3,1,-1,0,-1,3,0,10,-1,1,1,0,1,-1,-1,0,0,1,4,0,10,0,0,0,23.37
1,0,0,0,-1,0,1,4,0,0,0,0,2,0,0,2,0,1,1,2,0,3,0,2,25,0,9223372036800000000,1e+75,0,10,0,0,7,0,2,1,500,0,1,1,0,0,0,0,0,3,2,0,1,-1,-1,-1,-1,-1,10,-1,1,1,3,-1,-1,1,0,0,1,0,0,10,0,0,0,24.05
1,0,0,0,-1,0,1,0,0,0,0,0,-1,0,-1,-1,-1,0,-1,1,-1,3,0,1,10,0,9223372036800000000,1e+75,0,10,0,0,7,0,0,1,-1,0,1,1,2,0,0,1,0,0,2,0,1,-1,-1,-1,-1,-1,10,-1,1,1,3,-1,-1,3,0,0,1,3,0,10,0,0,0,29.19
1,0,0,0,-1,0,1,3,0,0,0,0,0,0,0,-1,0,-1,0,1,-1,3,0,-1,800,0,9223372036800000000,1e+75,0,10,0,0,7,0,0,1,0,0,1,1,0,0,0,0,0,0,2,0,1,-1,-1,-1,-1,0,10,-1,1,1,3,-1,-1,-1,0,0,1,0,0,10,0,0,0,20.57
1,0,0,0,-1,0,1,0,0,0,0,0,1,0,-1,-1,-1,0,0,1,-1,3,0,-1,400,0,9223372036800000000,1e+75,0,10,0,0,7,0,0,1,0,0,1,1,0,0,0,0,0,2,2,0,1,-1,-1,-1,-1,0,10,-1,1,1,3,-1,-1,-1,0,0,1,0,0,10,0,0,0,15.23
1,0,0,0,-1,0,1,4,0,0,0,0,2,0,0,1,-1,1,2,-1,2,3,0,-1,800,0,9223372036800000000,1e+75,0,10,0,0,7,0,0,1,0,0,1,1,0,0,0,0,0,0,2,0,1,-1,-1,-1,-1,0,10,-1,1,1,3,-1,-1,-1,0,0,1,0,0,10,0,0,0,15.66
1,0,0,0,-1,0,1,4,0,0,0,0,-1,0,-1,2,1,2,1,1,0,3,0,-1,800,0,9223372036800000000,1e+75,0,10,0,0,7,0,0,1,0,0,1,1,0,0,0,0,0,0,2,0,1,-1,-1,-1,-1,0,10,-1,1,1,3,-1,-1,-1,0,0,1,0,0,10,0,0,0,25.79
1,0,0,0,-1,0,1,1,0,0,0,0,3,0,0,0,0,-1,0,2,2,3,0,-1,200,0,9223372036800000000,1e+75,0,10,0,0,7,0,0,1,0,0,1,1,0,0,0,0,0,0,2,0,1,-1,-1,-1,-1,0,10,-1,1,1,3,-1,-1,-1,0,0,1,0,0,10,0,0,0,1.79769e+308
1,0,0,0,-1,0,1,0,0,0,0,0,2,0,0,-1,2,0,0,2,0,3,0,-1,10,0,9223372036800000000,1e+75,0,10,0,0,7,0,2,1,0,0,1,1,0,0,0,0,0,2,2,0,1,-1,-1,-1,-1,0,10,-1,1,1,3,-1,-1,-1,0,0,1,0,0,10,0,0,0,14.25
1,0,0,0,-1,0,1,0,0,0,0,0,2,0,0,2,0,-1,0,2,0,3,0,2,25,0,9223372036800000000,1e+75,0,10,0,0,7,0,2,1,500,0,1,1,0,0,0,0,0,3,2,0,1,-1,-1,-1,-1,-1,10,-1,1,1,3,-1,-1,1,0,0,1,0,0,10,0,0,0,21.26
1,0,0,0,-1,0,1,2,0,0,0,0,1,0,-1,2,1,0,-1,1,1,3,0,1,100,0,9223372036800000000,1e+75,0,10,0,0,7,0,1,1,100,0,1,0,1,0,0,0,0,0,2,0,1,-1,-1,-1,-1,1,10,-1,1,1,3,-1,-1,1,0,0,1,0,0,10,0,0,0,49.59
1,0,0,0,-1,0,1,4,0,0,0,0,2,0,-1,2,-1,1,2,-1,2,3,0,-1,800,0,9223372036800000000,1e+75,0,10,0,0,7,0,0,1,0,0,1,1,0,0,0,0,0,0,2,0,1,-1,-1,-1,-1,0,10,-1,1,1,3,-1,-1,-1,0,0,1,0,0,10,0,0,0,15.66
1,0,0,0,-1,0,1,5,0,0,0,0,0,0,0,-1,0,1,0,1,-1,3,0,-1,800,0,9223372036800000000,1e+75,0,10,0,0,7,0,0,1,0,0,1,1,0,0,0,0,0,0,2,0,1,-1,-1,-1,-1,0,10,-1,1,1,3,-1,-1,-1,0,0,1,0,0,10,0,0,0,20.44
1,0,0,0,-1,0,1,3,0,0,0,0,1,0,-1,-1,2,1,2,-1,2,3,0,8,10,0,9223372036800000000,1e+75,0,10,0,0,7,0,3,1,100,0,1,1,1,0,0,0,0,2,2,0,1,-1,-1,-1,-1,1,10,-1,1,1,3,-1,-1,-1,0,0,1,1,0,10,0,0,0,25.47
1,0,0,0,-1,0,1,3,0,0,0,0,2,0,1,-1,1,-1,2,1,0,3,0,-1,100,0,9223372036800000000,1e+75,0,10,0,0,7,0,0,1,0,0,1,1,0,0,0,0,0,0,2,0,1,-1,-1,-1,-1,0,10,-1,1,1,3,-1,-1,-1,0,0,1,0,0,10,0,0,0,20.59
1,0,0,0,-1,0,1,5,0,0,0,0,3,0,-1,-1,2,0,1,-1,0,3,0,-1,800,0,9223372036800000000,1e+75,0,10,0,0,7,0,0,1,0,0,1,1,0,0,0,0,0,0,2,0,1,-1,-1,-1,-1,0,10,-1,1,1,3,-1,-1,-1,0,0,1,0,0,10,0,0,0,26.5
1,0,0,0,-1,0,1,0,0,0,2,0,2,0,1,0,0,2,2,0,-1,3,0,1,400,0,9223372036800000000,1e+75,0,10,0,3,7,0,3,0,0,0,1,0,2,0,0,5,0,0,2,1,1,-1,0,-1,1,-1,10,-1,1,1,0,-1,-1,5,0,0,1,0,0,10,0,0,0,22.44
1,0,0,0,-1,0,1,2,0,0,0,0,-1,0,-1,1,0,1,2,-1,1,3,0,1,800,0,9223372036800000000,1e+75,0,10,0,0,7,0,2,1,0,0,1,1,1,0,0,0,0,2,2,0,1,-1,-1,-1,-1,0,10,-1,1,1,3,-1,-1,-1,0,0,1,0,0,10,0,0,0,44.45
1,0,0,0,-1,0,1,0,0,0,0,0,-1,0,-1,2,-1,1,0,0,0,3,0,8,150,0,9223372036800000000,1e+75,0,10,0,3,7,0,1,1,1000,0,1,1,1,0,0,0,0,4,1,2,1,-1,1,-1,3,-1,10,-1,1,1,0,1,-1,5,0,0,1,5,0,10,0,0,0,24.69
1,0,0,0,-1,0,1,5,0,0,0,0,2,0,1,-1,0,0,-1,0,2,3,0,16,800,0,9223372036800000000,1e+75,0,10,0,0,7,0,1,1,0,0,1,1,0,0,0,0,0,0,2,0,1,-1,-1,-1,-1,-1,10,-1,1,1,3,-1,-1,1,0,0,1,0,0,10,0,0,0,20.8
1,0,0,0,-1,0,1,3,0,0,0,0,-1,3,-1,-1,1,0,2,1,1,3,0,-1,800,0,9223372036800000000,1e+75,0,10,0,0,7,0,0,1,0,0,1,1,0,0,0,0,0,0,2,0,1,-1,-1,-1,-1,0,10,-1,1,1,3,-1,-1,-1,0,0,1,0,0,10,0,0,0,9.21
1,0,0,0,-1,0,1,3,0,0,0,0,-1,0,-1,-1,1,0,2,1,1,3,0,-1,800,0,9223372036800000000,1e+75,0,10,0,0,7,0,0,1,0,0,1,1,0,0,0,0,0,0,2,0,1,-1,-1,-1,-1,0,10,-1,1,1,3,-1,-1,-1,0,0,1,0,0,10,0,0,0,9.21
1,0,0,0,-1,0,1,0,0,0,0,0,3,0,0,0,-1,1,0,-1,1,3,0,-1,10,0,9223372036800000000,1e+75,0,10,0,0,7,0,0,1,0,0,1,1,0,0,0,0,0,0,2,0,1,-1,-1,-1,-1,0,10,-1,1,1,3,-1,-1,-1,0,0,1,0,0,10,0,0,0,27.62
1,0,0,0,-1,0,1,4,0,0,0,0,2,0,1,1,-1,2,2,0,2,3,0,-1,800,0,9223372036800000000,1e+75,0,10,0,0,7,0,0,1,0,0,1,1,0,0,0,0,0,0,2,0,1,-1,-1,-1,-1,0,10,-1,1,1,3,-1,-1,-1,0,0,1,0,0,10,0,0,0,25.12
1,0,0,0,-1,0,1,0,0,0,0,0,3,0,0,-1,-1,1,0,-1,1,3,0,-1,150,0,9223372036800000000,1e+75,0,10,0,0,7,0,0,1,0,0,1,1,0,0,0,0,0,0,2,0,1,-1,-1,-1,-1,0,10,-1,1,1,3,-1,-1,-1,0,0,1,0,0,10,0,0,0,31.83
1,0,0,0,-1,0,1,5,0,0,0,0,2,0,0,-1,2,0,0,1,-1,3,0,-1,200,0,9223372036800000000,1e+75,0,10,0,0,7,0,0,1,0,0,1,1,0,0,0,0,0,0,2,0,1,-1,-1,-1,-1,0,10,-1,1,1,3,-1,-1,-1,0,0,1,0,0,10,0,0,0,19.17
1,0,0,0,-1,0,1,3,0,0,0,0,-1,0,-1,-1,1,0,2,1,1,3,0,-1,800,0,9223372036800000000,1e+75,0,10,0,0,7,0,0,1,0,0,2,1,0,0,0,0,0,0,2,0,1,-1,-1,-1,-1,0,10,-1,1,1,3,-1,-1,-1,0,0,1,0,0,10,0,0,0,25.86
1,0,0,0,-1,0,1,4,0,0,0,0,0,0,1,1,2,-1,-1,2,1,3,0,2,100,0,9223372036800000000,1e+75,0,10,0,0,7,0,3,1,1000,0,1,1,-1,0,0,1,0,0,2,0,1,-1,1,-1,-1,-1,10,-1,1,1,3,-1,-1,5,0,0,1,2,0,10,0,0,0,28.93
1,0,0,0,-1,0,1,2,0,0,1,0,2,0,1,-1,1,2,2,1,0,3,0,16,150,0,9223372036800000000,1e+75,0,10,0,1,7,0,2,1,1000,0,1,1,3,0,0,0,0,1,3,3,1,-1,0,-1,3,0,10,-1,1,1,0,1,-1,-1,0,0,1,4,0,10,0,0,0,53.54
1,0,0,0,-1,0,1,0,0,0,0,0,0,0,1,2,0,2,0,2,1,3,0,-1,50,0,9223372036800000000,1e+75,0,10,0,0,7,0,0,1,0,0,1,1,0,0,0,0,0,0,2,0,1,-1,-1,-1,-1,0,10,-1,1,1,3,-1,-1,-1,0,0,1,0,0,10,0,0,0,23.68
1,0,0,0,-1,0,1,3,0,0,0,0,2,0,-1,-1,-1,1,2,0,2,3,0,-1,10,0,9223372036800000000,1e+75,0,10,0,0,7,0,3,1,100,0,1,1,0,0,0,0,0,3,2,0,1,-1,-1,-1,-1,1,10,-1,1,1,3,-1,-1,5,0,0,1,0,0,10,0,0,0,27.1
1,0,0,0,-1,0,1,3,0,0,0,0,-1,0,-1,-1,1,0,2,1,1,3,0,-1,800,0,9223372036800000000,1e+75,0,10,0,0,7,0,3,1,0,0,1,1,0,0,0,0,0,0,2,0,1,-1,-1,-1,-1,0,10,-1,1,1,3,-1,-1,-1,0,0,1,0,0,10,0,0,0,9.11
1,0,0,0,-1,0,1,1,0,0,0,0,3,0,1,-1,2,-1,1,-1,-1,3,0,1,100,0,9223372036800000000,1e+75,0,10,0,0,7,0,2,1,40,0,1,1,0,0,0,6,0,2,2,0,1,-1,-1,-1,-1,0,10,-1,1,1,3,-1,-1,3,0,0,1,5,0,10,0,0,0,21.46
1,0,0,0,-1,0,1,5,0,0,0,0,-1,0,-1,-1,1,1,1,-1,1,3,0,-1,50,0,9223372036800000000,1e+75,0,10,0,0,7,0,0,1,0,0,1,1,0,0,0,0,0,0,2,0,1,-1,-1,-1,-1,0,10,-1,1,1,3,-1,-1,-1,0,0,1,0,0,10,0,0,0,20.19
1,0,0,0,-1,0,1,5,0,0,0,0,0,0,-1,1,-1,1,2,0,-1,3,0,1,200,0,9223372036800000000,1e+75,0,10,0,0,7,0,2,1,-1,0,1,0,0,0,0,0,0,2,2,0,1,-1,-1,-1,-1,-1,10,-1,1,1,3,-1,-1,3,0,0,1,0,0,10,0,0,0,14.83
1,0,0,0,-1,0,1,2,0,0,0,0,-1,0,-1,0,1,1,2,0,-1,3,0,4,25,0,9223372036800000000,1e+75,0,10,0,0,7,0,1,1,0,0,1,1,2,0,0,0,0,3,2,0,1,-1,-1,-1,-1,-1,10,-1,1,1,3,-1,-1,2,0,0,1,0,0,10,0,0,0,35.08
1,0,0,0,-1,0,1,5,0,0,0,0,2,0,1,1,-1,2,2,1,2,3,0,-1,800,0,9223372036800000000,1e+75,0,10,0,0,7,0,0,1,0,0,1,1,0,0,0,0,0,0,2,0,1,-1,-1,-1,-1,0,10,-1,1,1,3,-1,-1,-1,0,0,1,0,0,10,0,0,0,16.68
1,0,0,0,-1,0,1,0,0,0,0,0,-1,0,0,-1,1,-1,0,1,1,3,0,-1,800,0,9223372036800000000,1e+75,0,10,0,0,7,0,1,0,500,0,1,0,2,0,0,6,0,1,3,2,1,-1,-1,-1,2,-1,10,-1,1,1,0,-1,-1,1,0,0,1,5,0,10,0,0,0,28.66
1,0,0,0,-1,0,1,4,0,0,0,0,2,0,1,1,-1,2,-1,1,2,3,0,-1,800,0,9223372036800000000,1e+75,0,10,0,0,7,0,0,1,0,0,1,1,0,0,0,0,0,0,2,0,1,-1,-1,-1,-1,0,10,-1,1,1,3,-1,-1,-1,0,0,1,0,0,10,0,0,0,10.1
1,0,0,0,-1,0,1,1,0,0,0,0,3,0,0,0,-1,-1,0,0,2,3,0,16,200,0,9223372036800000000,1e+75,0,10,0,0,7,0,2,1,0,0,1,1,1,0,0,0,0,0,2,0,1,-1,-1,-1,-1,0,10,-1,1,1,3,-1,-1,-1,0,0,1,0,0,10,0,0,0,16.49
1,0,0,0,-1,0,1,2,0,0,0,0,1,0,0,1,-1,0,-1,1,1,3,0,-1,150,0,9223372036800000000,1e+75,0,10,0,0,7,0,1,1,0,0,1,1,0,0,0,0,0,2,2,0,1,-1,-1,-1,-1,0,10,-1,1,1,3,-1,-1,-1,0,0,1,0,0,10,0,0,0,37.77
1,0,0,0,-1,0,1,1,0,0,0,0,3,0,0,0,0,-1,0,0,2,3,0,-1,200,0,9223372036800000000,1e+75,0,10,0,0,7,0,2,1,0,0,1,1,0,0,0,0,0,0,2,0,1,-1,-1,-1,-1,0,10,-1,1,1,3,-1,-1,-1,0,0,1,0,0,10,0,0,0,18.29
1,0,0,0,-1,0,1,3,0,0,0,0,-1,0,-1,-1,1,0,2,1,1,3,0,-1,800,0,9223372036800000000,1e+75,0,10,0,0,5,0,3,1,0,0,1,1,0,0,0,0,0,0,2,0,1,-1,-1,-1,-1,0,10,-1,1,1,3,-1,-1,-1,0,0,1,0,0,10,0,0,0,9.11
1,0,0,0,-1,0,1,3,0,0,0,0,-1,0,-1,-1,1,0,2,1,1,3,0,-1,800,0,9223372036800000000,2,0,10,0,0,7,0,3,1,0,0,1,1,0,0,0,0,0,0,2,0,1,-1,-1,-1,-1,0,10,-1,1,1,3,-1,-1,-1,0,0,1,0,0,10,0,0,0,9.11
1,0,0,0,-1,0,1,3,0,0,0,0,-1,0,-1,-1,1,0,2,1,1,3,0,-1,800,0,9223372036800000000,1e+75,0,10,0,0,7,0,3,1,40,0,1,1,1,0,0,0,0,0,2,0,1,-1,-1,-1,-1,0,10,-1,1,1,3,-1,-1,-1,0,0,1,2,0,10,3,0,0,8.95
1,0,0,0,-1,0,1,4,0,0,0,0,1,0,1,1,-1,2,2,1,2,3,0,-1,800,0,9223372036800000000,1e+75,0,10,0,0,7,0,0,1,0,0,1,1,0,0,0,0,0,0,2,0,1,-1,-1,-1,-1,0,10,-1,1,1,3,-1,-1,-1,0,0,1,0,0,10,0,0,0,10.1
1,0,0,0,-1,0,1,5,0,0,0,0,0,0,0,1,0,2,0,1,-1,3,0,-1,800,0,9223372036800000000,1e+75,0,10,0,0,7,0,0,1,0,0,1,1,0,0,0,0,0,0,2,0,1,-1,-1,-1,-1,0,10,-1,1,1,3,-1,-1,-1,0,0,1,0,0,10,0,0,0,16.67
1,0,0,0,-1,0,1,4,0,0,0,0,2,0,1,1,-1,1,2,1,2,3,0,-1,800,0,9223372036800000000,1e+75,0,10,0,0,7,0,0,1,0,0,1,1,0,0,0,0,0,0,2,0,1,-1,-1,-1,-1,0,10,-1,1,1,3,-1,-1,-1,0,0,1,0,0,10,0,0,0,23.02
1,0,0,0,-1,0,1,0,0,0,0,0,-1,0,1,1,-1,1,0,-1,2,3,0,1,25,0,9223372036800000000,1e+75,0,10,0,0,7,0,3,1,500,0,1,1,2,0,0,6,0,0,2,0,1,-1,-1,-1,-1,-1,10,-1,1,1,3,-1,-1,5,0,0,1,1,0,10,0,0,0,20.77
1,0,0,0,-1,0,1,3,0,0,0,0,3,0,0,-1,1,0,-1,1,-1,3,0,16,150,0,9223372036800000000,1e+75,0,10,0,0,7,0,0,1,1000,0,1,1,3,0,0,0,0,2,2,0,1,-1,-1,-1,-1,-1,10,-1,1,1,3,-1,-1,3,0,0,1,0,0,10,0,0,0,34.7
1,0,0,0,-1,0,1,3,0,0,0,0,-1,0,-1,-1,1,0,2,1,1,3,0,-1,800,0,9223372036800000000,1e+75,0,10,0,0,7,0,3,1,20,0,1,1,1,0,0,0,0,0,2,0,1,-1,-1,-1,-1,0,10,-1,1,1,3,-1,-1,-1,0,0,1,0,0,10,0,0,0,9.08
1,0,0,0,-1,0,1,3,0,0,0,0,-1,0,-1,-1,1,0,2,1,1,3,0,-1,800,0,9223372036800000000,1e+75,0,10,0,0,7,0,0,1,0,0,1,1,0,3,0,0,0,0,2,0,1,-1,-1,-1,-1,0,10,-1,1,1,3,-1,-1,-1,0,0,1,0,0,10,0,0,0,9.23
1,0,0,0,-1,0,1,0,0,0,0,0,3,0,0,-1,-1,1,0,-1,1,3,0,-1,200,0,9223372036800000000,1e+75,0,10,0,0,7,0,0,1,0,0,1,1,0,0,0,0,0,0,2,0,1,-1,-1,-1,-1,0,10,-1,1,1,3,-1,-1,-1,0,0,1,0,0,10,0,0,0,31.23
1,0,0,0,-1,0,1,3,0,0,0,0,1,0,0,2,0,2,0,0,-1,3,0,-1,800,0,9223372036800000000,1e+75,0,10,0,0,7,0,3,1,1000,0,1,1,2,0,0,0,0,2,2,0,1,-1,-1,-1,-1,0,10,-1,1,1,3,-1,-1,5,0,0,1,0,0,10,0,0,0,36.07
1,0,0,0,-1,0,1,3,0,0,0,0,-1,0,-1,-1,1,0,2,1,1,3,0,-1,800,0,9223372036800000000,1e+75,0,10,0,0,7,0,3,1,40,0,1,1,1,0,0,0,5,0,2,0,1,-1,-1,-1,-1,0,10,-1,1,1,3,-1,-1,-1,0,0,1,0,0,10,0,0,0,1.79769e+308
1,0,0,0,-1,0,1,3,0,1,0,0,-1,0,-1,-1,1,0,2,1,1,3,0,-1,800,0,9223372036800000000,1e+75,0,10,0,0,7,0,3,1,40,0,1,1,1,0,0,0,0,0,2,0,1,-1,-1,-1,-1,0,10,-1,1,1,3,-1,-1,-1,0,0,1,2,0,10,0,0,0,27.88
1,0,0,0,-1,0,1,3,0,0,0,0,-1,0,1,0,1,2,1,-1,-1,3,0,2,50,0,9223372036800000000,1e+75,0,10,0,0,7,0,3,1,0,0,1,1,2,0,0,0,0,1,2,0,1,-1,-1,-1,-1,1,10,-1,1,1,3,-1,-1,2,0,0,1,0,0,10,0,0,0,1.79769e+308
1,0,0,0,-1,0,1,5,0,0,0,0,2,0,0,-1,2,0,0,0,-1,3,0,-1,200,0,9223372036800000000,1e+75,0,10,0,0,7,0,0,1,0,0,1,1,0,0,0,0,0,0,2,0,1,-1,-1,-1,-1,0,10,-1,1,1,3,-1,-1,-1,0,0,1,0,0,10,0,0,0,19.49
1,0,0,0,-1,0,1,0,0,0,0,0,3,0,0,-1,-1,1,0,0,1,3,0,-1,200,0,9223372036800000000,1e+75,0,10,0,0,7,0,0,1,0,0,1,1,0,0,0,0,0,0,2,0,1,-1,-1,-1,-1,0,10,-1,1,1,3,-1,-1,-1,0,0,1,0,0,10,0,0,0,31.46
1,0,0,0,-1,0,1,5,0,0,0,0,-1,0,-1,2,-1,1,-1,-1,-1,3,0,-1,50,0,9223372036800000000,1e+75,0,10,0,0,7,0,0,1,0,0,1,1,0,0,0,0,0,0,2,0,1,-1,-1,-1,-1,0,10,-1,1,1,3,-1,-1,-1,0,0,1,0,0,10,0,0,0,14.04
1,0,0,0,-1,0,1,4,0,0,0,0,2,0,-1,2,-1,1,2,-1,2,3,0,-1,50,0,9223372036800000000,1e+75,0,10,0,0,7,0,0,1,0,0,1,1,0,0,0,0,0,0,2,0,1,-1,-1,-1,-1,0,10,-1,1,1,3,-1,-1,-1,0,0,1,0,0,10,0,0,0,15.49
1,0,0,0,-1,0,1,0,0,0,0,0,3,0,1,-1,-1,1,0,-1,1,3,0,-1,10,0,9223372036800000000,1e+75,0,10,0,0,7,0,0,1,0,0,1,1,0,0,0,0,0,0,2,0,1,-1,-1,-1,-1,0,10,-1,1,1,3,-1,-1,-1,0,0,1,0,0,10,0,0,0,22.86
1,0,0,0,-1,0,1,0,0,0,0,0,2,0,1,-1,-1,-1,0,-1,-1,3,0,-1,50,0,9223372036800000000,1e+75,0,10,0,0,7,0,1,1,-1,0,1,1,2,0,0,1,0,4,3,1,1,-1,-1,-1,1,-1,10,-1,1,1,3,-1,-1,1,0,0,1,5,0,10,0,0,0,31.6
1,0,0,0,-1,0,1,3,0,0,0,0,-1,0,-1,-1,1,2,2,1,1,3,0,-1,200,0,9223372036800000000,1e+75,0,10,0,0,7,0,0,1,0,0,1,1,0,0,0,0,0,0,2,0,1,-1,-1,-1,-1,0,10,-1,1,1,3,-1,-1,-1,0,0,1,0,0,10,0,0,0,19.25
1,0,0,0,-1,0,1,0,0,0,0,0,3,0,0,-1,0,1,0,-1,1,3,0,-1,10,0,9223372036800000000,1e+75,0,10,0,0,7,0,0,1,0,0,1,1,0,0,0,0,0,0,2,0,1,-1,-1,-1,-1,0,10,-1,1,1,3,-1,-1,-1,0,0,1,0,0,10,0,0,0,18.28
1,0,0,0,-1,0,1,2,0,0,0,0,1,0,0,2,2,-1,0,0,1,3,0,2,400,0,9223372036800000000,1e+75,0,10,0,0,7,0,0,1,0,0,1,1,1,0,0,0,0,1,2,0,1,-1,-1,-1,-1,0,10,-1,1,1,3,-1,-1,-1,0,0,1,0,0,10,0,0,0,37.44
1,0,0,0,-1,0,1,2,0,0,0,0,-1,0,-1,2,1,0,-1,1,1,3,0,1,100,0,9223372036800000000,1e+75,0,10,0,0,7,0,2,1,100,0,1,0,1,0,0,0,0,0,2,0,1,-1,-1,-1,-1,1,10,-1,1,1,3,-1,-1,1,0,0,1,0,0,10,0,0,0,25.99
1,0,0,0,-1,0,1,3,0,0,0,0,3,0,0,-1,1,-1,-1,1,-1,3,0,16,10,0,9223372036800000000,1e+75,0,10,0,0,7,0,0,1,0,0,1,1,2,0,0,0,0,0,2,0,1,-1,-1,-1,-1,-1,10,-1,1,1,3,-1,-1,3,0,0,1,0,0,10,0,0,0,12.03
1,0,0,0,-1,0,1,5,0,0,0,0,2,0,1,-1,0,0,-1,0,2,3,0,16,800,0,9223372036800000000,1e+75,0,10,0,0,7,0,1,1,100,0,1,1,0,0,0,0,0,0,2,0,1,-1,-1,-1,-1,-1,10,-1,1,1,3,-1,-1,4,0,0,1,0,0,10,0,0,0,20.8
1,0,0,0,-1,0,1,3,0,0,0,0,3,0,0,-1,0,1,0,-1,1,3,0,-1,10,0,9223372036800000000,1e+75,0,10,0,0,7,0,0,1,0,0,1,1,0,0,0,0,0,0,2,0,1,-1,-1,-1,-1,0,10,-1,1,1,3,-1,-1,-1,0,0,1,0,0,10,0,0,0,32.24
1,0,0,0,-1,0,1,3,0,0,0,0,-1,0,-1,1,2,0,0,2,0,3,0,8,400,0,9223372036800000000,1e+75,0,10,0,0,7,0,2,1,500,0,1,1,1,0,0,5,0,4,2,0,1,-1,-1,-1,-1,1,10,-1,1,1,3,-1,-1,0,0,0,1,5,0,10,0,0,0,11.53
1,0,0,0,-1,0,1,3,0,0,0,0,2,0,1,1,-1,2,2,-1,0,3,0,-1,200,0,9223372036800000000,1e+75,0,10,0,0,7,0,1,1,0,0,1,1,0,0,0,0,0,-1,2,0,1,-1,-1,-1,-1,0,10,-1,1,1,3,-1,-1,-1,0,0,1,0,0,10,0,0,0,1.79769e+308
1,0,0,0,-1,0,1,3,0,0,0,0,-1,0,-1,-1,1,0,2,1,1,3,0,-1,800,0,9223372036800000000,1e+75,0,10,0,0,7,0,3,1,40,0,1,1,1,0,0,0,0,0,2,0,1,-1,-1,-1,-1,0,20,-1,1,1,3,-1,-1,-1,0,0,1,2,0,10,0,0,0,8.95
1,0,0,0,-1,0,1,3,0,0,0,0,-1,0,-1,-1,1,0,2,1,1,3,0,-1,800,0,9223372036800000000,1e+75,0,2,0,0,7,0,3,1,40,0,1,1,1,0,0,0,0,0,2,0,1,-1,-1,-1,-1,0,10,-1,1,1,3,-1,-1,-1,0,0,1,2,0,10,0,0,0,8.95
1,0,0,0,-1,0,1,0,0,0,0,0,3,0,0,-1,0,1,-1,-1,1,3,0,-1,10,0,9223372036800000000,1e+75,0,10,0,0,7,0,0,1,0,0,1,1,0,0,0,0,0,0,2,0,1,-1,-1,-1,-1,0,10,-1,1,1,3,-1,-1,-1,0,0,1,0,0,10,0,0,0,29.44
1,0,0,0,-1,0,1,5,0,0,0,0,3,0,0,-1,0,1,0,-1,1,3,0,-1,10,0,9223372036800000000,1e+75,0,10,0,0,7,0,0,1,0,0,1,1,0,0,0,0,0,0,2,0,1,-1,-1,-1,-1,0,10,-1,1,1,3,-1,-1,-1,0,0,1,0,0,10,0,0,0,23.07
1,0,0,0,-1,0,1,2,0,0,0,0,-1,0,1,-1,-1,2,-1,0,1,3,0,8,50,0,9223372036800000000,1e+75,0,10,0,0,7,0,3,1,-1,0,1,0,0,0,0,0,0,-1,2,0,1,-1,0,-1,-1,1,10,-1,1,1,3,-1,-1,-1,0,0,1,5,0,10,0,0,0,1.79769e+308
1,0,0,0,-1,0,1,2,0,0,0,0,0,0,-1,1,-1,2,2,1,0,3,0,16,25,0,9223372036800000000,1e+75,0,10,0,0,7,0,0,1,0,0,1,1,0,0,0,0,0,-1,2,0,1,-1,-1,-1,-1,0,10,-1,1,1,3,-1,-1,-1,0,0,1,0,0,10,0,0,0,47.89
1,0,0,0,-1,0,1,3,0,0,0,0,-1,0,-1,-1,1,0,2,1,1,3,0,-1,800,0,9223372036800000000,1e+75,0,10,0,0,7,0,3,1,40,0,1,1,1,0,0,0,0,0,2,0,1,-1,-1,2,-1,0,10,-1,1,1,3,-1,-1,-1,0,0,1,2,0,10,0,0,0,8.95
1,0,0,0,-1,0,1,5,0,0,0,0,3,0,1,2,1,1,1,-1,-1,3,0,-1,150,0,9223372036800000000,1e+75,0,10,0,0,7,0,2,1,0,0,1,1,2,0,0,0,0,0,2,0,1,-1,-1,-1,-1,0,10,-1,1,1,3,-1,-1,-1,0,0,1,0,0,10,0,0,0,23.49
1,0,0,0,-1,0,1,4,0,0,0,0,0,0,0,1,1,0,1,2,2,3,0,-1,800,0,9223372036800000000,1e+75,0,10,0,0,7,0,2,1,0,0,1,1,0,0,0,0,0,0,2,0,1,-1,-1,-1,-1,0,10,-1,1,1,3,-1,-1,-1,0,0,1,0,0,10,0,0,0,23.79
1,0,0,0,-1,0,1,3,0,0,0,0,1,0,-1,-1,2,1,2,-1,2,3,0,8,800,0,9223372036800000000,1e+75,0,10,0,0,7,0,3,1,100,0,1,1,1,0,0,0,0,2,2,0,1,-1,-1,-1,-1,1,10,-1,1,1,3,-1,-1,-1,0,0,1,1,0,10,0,0,0,24.74
1,0,0,0,-1,0,1,3,0,0,2,0,-1,0,-1,-1,1,0,2,1,1,3,0,-1,800,0,9223372036800000000,1e+75,0,10,0,0,7,0,3,1,40,0,1,1,1,0,0,0,0,0,2,0,1,-1,-1,-1,-1,0,10,-1,1,1,3,-1,-1,-1,0,0,1,2,0,10,0,0,0,8.95
1,0,0,0,-1,0,1,5,0,0,0,0,2,0,0,-1,2,-1,0,1,-1,3,0,-1,200,0,9223372036800000000,1e+75,0,10,0,0,7,0,0,1,0,0,1,1,0,0,0,0,0,0,2,0,1,-1,-1,-1,-1,0,10,-1,1,1,3,-1,-1,-1,0,0,1,0,0,10,0,0,0,19.98
1,0,0,0,-1,0,1,5,0,0,0,0,2,0,0,-1,2,0,0,1,-1,3,0,-1,150,0,9223372036800000000,1e+75,0,10,0,0,7,0,0,1,0,0,1,1,0,0,0,0,0,0,2,0,1,-1,-1,-1,-1,0,10,-1,1,1,3,-1,-1,-1,0,0,1,0,0,10,0,0,0,19.17
1,0,0,0,-1,0,1,4,0,0,0,0,3,0,1,1,1,-1,1,2,-1,3,0,1,150,0,9223372036800000000,1e+75,0,10,0,0,7,0,2,1,0,0,1,1,2,0,0,0,0,2,2,0,1,-1,-1,-1,-1,-1,10,-1,1,1,3,-1,-1,-1,0,0,1,0,0,10,0,0,0,14.38
1,0,0,0,-1,0,1,0,0,0,0,0,2,0,0,0,1,1,1,1,-1,3,0,-1,800,0,9223372036800000000,1e+75,0,10,0,0,7,0,0,1,0,0,1,1,0,0,0,0,0,0,2,0,1,-1,-1,-1,-1,0,10,-1,1,1,3,-1,-1,-1,0,0,1,0,0,10,0,0,0,9.9
1,0,0,0,-1,0,1,5,0,0,0,0,2,0,1,-1,2,0,0,1,-1,3,0,-1,200,0,9223372036800000000,1e+75,0,10,0,0,7,0,0,1,0,0,1,1,0,0,0,0,0,0,2,0,1,-1,-1,-1,-1,0,10,-1,1,1,3,-1,-1,-1,0,0,1,0,0,10,0,0,0,19.17
1,0,0,0,-1,0,1,5,0,0,0,0,2,0,0,-1,2,0,0,1,0,3,0,-1,200,0,9223372036800000000,1e+75,0,10,0,0,7,0,0,1,0,0,1,1,0,0,0,0,0,0,2,0,1,-1,-1,-1,-1,0,10,-1,1,1,3,-1,-1,-1,0,0,1,0,0,10,0,0,0,19.17
1,0,0,0,-1,0,1,0,0,0,0,0,1,0,-1,-1,-1,0,-1,-1,-1,3,0,-1,400,0,9223372036800000000,1e+75,0,10,0,0,7,0,0,1,0,0,1,1,0,0,0,0,0,2,2,0,1,-1,-1,-1,-1,0,10,-1,1,1,3,-1,-1,-1,0,0,1,0,0,10,0,0,0,27.6
1,0,0,0,-1,0,1,4,0,0,0,0,1,0,0,0,1,0,1,-1,1,3,0,16,800,0,9223372036800000000,1e+75,0,10,0,0,7,0,3,1,0,0,1,1,-1,0,0,0,0,-1,2,0,1,-1,-1,-1,-1,0,10,-1,1,1,3,-1,-1,-1,0,0,1,0,0,10,0,0,0,1.79769e+308
1,0,0,0,-1,0,1,4,0,0,4,0,3,0,1,2,2,1,2,2,-1,3,0,2,10,0,9223372036800000000,1e+75,0,10,0,3,7,0,3,2,0,0,1,1,0,0,0,2,0,3,1,0,1,-1,-1,-1,2,0,10,-1,1,1,1,1,-1,-1,0,0,1,0,0,10,0,0,0,16.25
1,0,0,0,-1,0,1,1,0,0,0,0,3,0,0,0,-1,-1,0,0,2,3,0,-1,200,0,9223372036800000000,1e+75,0,10,0,0,7,0,2,1,0,0,1,1,0,0,0,0,0,0,2,0,1,-1,-1,-1,-1,0,10,-1,1,1,3,-1,-1,5,0,0,1,0,0,10,0,0,0,17.69
1,0,0,0,-1,0,1,2,0,0,0,0,1,0,-1,2,1,0,-1,1,1,3,0,-1,100,0,9223372036800000000,1e+75,0,10,0,0,7,0,2,1,100,0,1,0,1,0,0,0,0,0,2,0,1,-1,-1,-1,-1,1,10,-1,1,1,3,-1,-1,5,0,0,1,0,0,10,0,0,0,14.49
1,0,0,0,-1,0,1,0,0,0,0,0,2,0,0,0,0,1,1,1,-1,3,0,-1,400,0,9223372036800000000,1e+75,0,10,0,0,7,0,0,1,0,0,1,1,0,0,0,0,0,0,2,0,1,-1,-1,-1,-1,0,10,-1,1,1,3,-1,-1,-1,0,0,1,0,0,10,0,0,0,9.9
1,0,0,0,-1,0,1,5,0,0,0,0,2,0,1,2,1,-1,2,-1,0,3,0,-1,100,0,9223372036800000000,1e+75,0,10,0,0,7,0,0,1,0,0,1,1,0,0,0,0,0,0,2,0,1,-1,-1,-1,-1,0,10,-1,1,1,3,-1,-1,-1,0,0,1,0,0,10,0,0,0,23.64
1,0,0,0,-1,0,1,5,0,0,0,0,2,0,0,2,2,0,0,1,-1,3,0,-1,200,0,9223372036800000000,1e+75,0,10,0,0,7,0,0,1,0,0,1,1,0,0,0,0,0,0,2,0,1,-1,-1,-1,-1,0,10,-1,1,1,3,-1,-1,-1,0,0,1,0,0,10,0,0,0,19.27
1,0,0,0,-1,0,1,5,0,0,0,0,-1,0,-1,2,2,1,-1,-1,1,3,0,-1,50,0,9223372036800000000,1e+75,0,10,0,0,7,0,0,1,0,0,1,1,0,0,0,0,0,0,2,0,1,-1,-1,-1,-1,0,10,-1,1,1,3,-1,-1,-1,0,0,1,0,0,10,0,0,0,14.76
1,0,0,0,-1,0,1,2,0,0,0,0,-1,0,-1,1,-1,2,-1,1,0,3,0,16,25,0,9223372036800000000,1e+75,0,10,0,0,7,0,0,1,0,0,1,1,0,0,0,0,0,-1,2,0,1,-1,-1,-1,-1,0,10,-1,1,1,3,-1,-1,-1,0,0,1,0,0,10,0,0,0,36.99
1,0,0,0,-1,0,1,3,0,0,0,0,-1,0,-1,1,2,0,1,2,0,3,0,8,400,0,9223372036800000000,1e+75,0,10,0,0,7,0,2,1,500,0,1,1,1,0,0,5,0,4,2,0,1,-1,-1,-1,-1,1,10,-1,1,1,3,-1,-1,1,0,0,1,5,0,10,0,0,0,11.53
1,0,0,0,-1,0,1,2,0,0,0,0,0,0,-1,1,-1,2,-1,1,0,3,0,16,25,0,9223372036800000000,1e+75,0,10,0,0,7,0,0,1,0,0,1,1,0,0,0,0,0,-1,2,0,1,-1,-1,-1,-1,0,10,-1,1,1,3,-1,-1,-1,0,0,1,0,0,10,0,0,0,36.99
1,0,0,0,-1,0,1,5,0,0,0,0,-1,0,-1,2,-1,1,-1,-1,2,3,0,-1,50,0,9223372036800000000,1e+75,0,10,0,0,7,0,0,1,0,0,1,1,0,0,0,0,0,0,2,0,1,-1,-1,-1,-1,0,10,-1,1,1,3,-1,-1,-1,0,0,1,0,0,10,0,0,0,14.04
1,0,0,0,-1,0,1,3,0,0,0,0,-1,0,-1,-1,1,0,2,1,1,3,0,-1,800,0,9223372036800000000,1e+75,0,10,0,0,7,0,0,1,0,0,1,1,0,2,0,0,0,0,2,0,1,-1,-1,-1,-1,0,10,-1,1,1,3,-1,-1,-1,0,0,1,0,0,10,0,0,0,9.21
1,0,0,0,-1,0,1,4,0,0,0,0,2,0,0,2,0,-1,0,2,0,3,0,2,25,0,9223372036800000000,1e+75,0,10,0,0,7,0,2,1,500,0,1,1,0,0,0,0,0,3,2,0,1,-1,-1,-1,-1,-1,10,-1,1,1,3,-1,-1,1,0,0,1,0,0,10,0,0,0,21.02
1,0,0,0,-1,0,1,1,0,0,0,0,3,0,0,0,-1,-1,0,0,2,3,0,-1,200,0,9223372036800000000,1e+75,0,10,0,0,7,0,2,1,0,0,1,1,1,0,0,0,0,0,2,0,1,-1,-1,-1,-1,0,10,-1,1,1,3,-1,-1,-1,0,0,1,0,0,10,0,0,0,16.49
1,0,0,0,-1,0,1,1,0,0,0,0,-1,0,1,2,1,1,2,-1,-1,3,0,-1,150,0,9223372036800000000,1e+75,0,10,0,0,7,0,0,1,0,0,1,1,0,0,0,0,0,0,2,0,1,-1,-1,-1,-1,0,10,-1,1,1,3,-1,-1,-1,0,0,1,0,0,10,0,0,0,37.51
1,0,0,0,-1,0,1,5,0,0,0,0,0,0,-1,2,-1,1,-1,-1,1,3,0,-1,50,0,9223372036800000000,1e+75,0,10,0,0,7,0,0,1,0,0,1,1,0,0,0,0,0,0,2,0,1,-1,-1,-1,-1,0,10,-1,1,1,3,-1,-1,-1,0,0,1,0,0,10,0,0,0,14.04
1,0,0,0,-1,0,1,3,0,0,0,0,-1,0,-1,-1,1,0,2,1,1,3,0,-1,800,0,9223372036800000000,1e+75,0,10,0,0,7,0,3,1,0,1,1,1,1,0,0,0,0,0,2,0,1,-1,-1,-1,-1,0,10,-1,1,1,3,-1,-1,-1,0,0,1,0,0,10,0,0,0,9.27
1,0,0,0,-1,0,1,1,0,0,0,0,3,0,0,0,0,-1,0,-1,2,3,0,-1,200,0,9223372036800000000,1e+75,0,10,0,0,7,0,2,1,0,0,1,1,0,0,0,0,0,0,2,0,1,-1,-1,-1,-1,0,10,-1,1,1,3,-1,-1,-1,0,0,1,0,0,10,0,0,0,26.94
1,0,0,0,-1,0,1,5,0,0,0,0,2,0,-1,0,1,2,-1,2,-1,3,0,8,200,0,9223372036800000000,1e+75,0,10,0,0,7,0,1,1,20,0,1,1,2,0,0,0,0,3,2,0,1,-1,-1,-1,-1,-1,10,-1,1,1,3,-1,-1,2,0,0,1,0,0,10,0,0,0,17.63
1,0,0,0,-1,0,1,3,0,0,0,0,2,0,-1,2,-1,1,2,0,-1,3,0,16,150,0,9223372036800000000,1e+75,0,10,0,0,7,0,0,1,100,0,1,1,1,0,0,1,0,0,2,0,1,-1,-1,-1,-1,1,10,-1,1,1,3,-1,-1,-1,0,0,1,0,0,10,0,0,0,11.38
1,0,0,0,-1,0,1,0,0,0,0,0,1,0,0,2,0,-1,0,0,-1,3,0,-1,150,0,9223372036800000000,1e+75,0,10,0,0,7,0,2,1,500,0,1,1,2,0,0,0,0,2,2,0,1,-1,-1,-1,-1,0,10,-1,1,1,3,-1,-1,5,0,0,1,0,0,10,0,0,0,15.87
1,0,0,0,-1,0,1,5,0,0,0,0,0,0,0,-1,-1,0,2,1,1,3,0,-1,100,0,9223372036800000000,1e+75,0,10,0,0,7,0,1,1,0,0,1,1,0,0,0,0,0,0,2,0,1,-1,-1,-1,-1,0,10,-1,1,1,3,-1,-1,-1,0,0,1,0,0,10,0,0,0,19.61
1,0,0,0,-1,0,1,1,0,0,0,0,-1,0,1,0,0,-1,1,2,-1,3,0,4,800,0,9223372036800000000,1e+75,0,10,0,0,7,0,3,1,0,0,1,1,-1,0,0,0,0,4,2,0,1,-1,-1,-1,-1,0,10,-1,1,1,3,-1,-1,-1,0,0,1,0,0,10,0,0,0,1.79769e+308
1,0,0,0,-1,0,1,4,0,0,0,0,2,0,0,2,-1,1,2,-1,-1,3,0,-1,800,0,9223372036800000000,1e+75,0,10,0,0,7,0,0,1,0,0,1,1,0,0,0,0,0,0,2,0,1,-1,-1,-1,-1,0,10,-1,1,1,3,-1,-1,-1,0,0,1,0,0,10,0,0,0,15.66
1,0,0,0,-1,0,1,5,0,0,0,0,-1,0,-1,2,-1,1,-1,0,1,3,0,-1,50,0,9223372036800000000,1e+75,0,10,0,0,7,0,0,1,0,0,1,1,0,0,0,0,0,0,2,0,1,-1,-1,-1,-1,0,10,-1,1,1,3,-1,-1,-1,0,0,1,0,0,10,0,0,0,14.04
1,0,0,0,-1,0,1,5,0,0,0,0,2,0,1,2,1,-1,2,1,0,3,0,-1,100,0,9223372036800000000,1e+75,0,10,0,0,7,0,0,1,0,0,1,1,0,0,0,0,0,0,2,0,1,-1,-1,-1,-1,0,10,-1,1,1,3,-1,-1,-1,0,0,1,0,0,10,0,0,0,13.1
1,0,0,0,-1,0,1,0,0,0,3,0,1,0,-1,2,2,0,2,1,0,3,0,-1,25,0,9223372036800000000,1e+75,0,10,0,2,7,0,2,1,500,0,1,1,0,0,0,0,0,1,2,1,1,-1,-1,-1,2,0,10,-1,1,1,0,-1,-1,1,0,0,1,5,0,10,0,0,0,52.9
1,0,0,0,-1,0,1,3,0,0,0,0,-1,0,-1,-1,1,0,2,1,1,3,0,-1,800,0,9223372036800000000,1e+75,0,10,0,0,7,0,0,1,0,0,1,1,0,1,0,0,0,0,2,0,1,-1,-1,-1,-1,0,10,-1,1,1,3,-1,-1,-1,0,0,1,0,0,10,0,0,0,9.21
1,0,0,0,-1,0,1,1,0,0,0,0,0,0,0,2,0,2,0,2,1,3,0,-1,10,0,9223372036800000000,1e+75,0,10,0,0,7,0,0,1,0,0,1,1,0,0,0,0,0,0,2,0,1,-1,-1,-1,-1,0,10,-1,1,1,3,-1,-1,-1,0,0,1,0,0,10,0,0,0,44.46
1,0,0,0,-1,0,1,2,0,0,0,0,-1,0,-1,2,-1,1,-1,-1,1,3,0,-1,50,0,9223372036800000000,1e+75,0,10,0,0,7,0,0,1,0,0,1,1,0,0,0,0,0,0,2,0,1,-1,-1,-1,-1,0,10,-1,1,1,3,-1,-1,-1,0,0,1,0,0,10,0,0,0,31.85
1,0,0,0,-1,0,1,1,0,0,0,0,3,0,0,0,-1,-1,0,0,2,3,0,-1,200,0,9223372036800000000,1e+75,0,10,0,0,7,0,2,1,-1,0,1,1,2,0,0,0,0,0,2,0,1,-1,-1,-1,-1,0,10,-1,1,1,3,-1,-1,-1,0,0,1,0,0,10,0,0,0,40.82
1,0,0,0,-1,0,1,3,0,0,0,0,-1,2,-1,-1,1,0,2,1,1,3,0,-1,800,0,9223372036800000000,1e+75,0,10,0,0,7,0,0,1,0,0,1,1,0,0,0,0,0,0,2,0,1,-1,-1,-1,-1,0,10,-1,1,1,3,-1,-1,-1,0,0,1,0,0,10,0,0,0,9.21
1,0,0,0,-1,0,1,3,0,0,0,0,3,0,0,-1,1,0,-1,1,0,3,0,16,150,0,9223372036800000000,1e+75,0,10,0,0,7,0,0,1,0,0,1,1,3,0,0,0,0,0,2,0,1,-1,-1,-1,-1,-1,10,-1,1,1,3,-1,-1,3,0,0,1,0,0,10,0,0,0,14.49
1,0,0,0,-1,0,1,3,0,0,0,0,-1,0,1,0,2,1,2,2,-1,3,0,-1,150,0,9223372036800000000,1e+75,0,10,0,0,7,0,1,1,0,0,1,1,0,0,0,0,0,1,2,0,1,-1,-1,-1,-1,0,10,-1,1,1,3,-1,-1,-1,0,0,1,0,0,10,0,0,0,1.79769e+308
1,0,0,0,-1,0,1,3,0,0,0,0,-1,0,-1,-1,1,0,2,1,1,3,0,-1,800,0,9223372036800000000,1e+75,0,10,0,0,7,0,0,1,0,0,1,1,0,0,0,0,0,1,2,0,1,-1,-1,-1,-1,0,10,-1,1,1,3,-1,-1,-1,0,0,1,0,0,10,0,0,0,1.79769e+308
1,0,0,0,-1,0,1,1,0,0,0,0,3,0,0,0,-1,-1,0,0,2,3,0,-1,200,0,9223372036800000000,1e+75,0,10,0,0,7,0,2,1,-1,0,1,1,1,0,0,0,0,0,2,2,1,-1,-1,-1,2,0,10,-1,1,1,3,-1,-1,-1,0,0,1,0,0,10,0,0,0,15
1,0,0,0,-1,0,1,0,0,0,0,0,3,0,0,2,-1,1,0,-1,1,3,0,-1,10,0,9223372036800000000,1e+75,0,10,0,0,7,0,0,1,0,0,1,1,0,0,0,0,0,0,2,0,1,-1,-1,-1,-1,0,10,-1,1,1,3,-1,-1,-1,0,0,1,0,0,10,0,0,0,33.5
1,0,0,0,-1,0,1,0,0,0,0,0,1,0,0,2,0,-1,0,0,-1,3,0,-1,150,0,9223372036800000000,1e+75,0,10,0,0,7,0,3,1,1000,0,1,1,2,0,0,0,0,2,2,0,1,-1,-1,-1,-1,0,10,-1,1,1,3,-1,-1,5,0,0,1,0,0,10,0,0,0,23.43
1,0,0,0,-1,0,1,3,0,0,0,0,-1,0,-1,-1,1,0,2,1,1,3,0,-1,800,0,9223372036800000000,1e+75,0,10,0,0,7,0,0,1,0,0,0,1,0,0,0,0,0,0,2,0,1,-1,-1,-1,-1,0,10,-1,1,1,3,-1,-1,-1,0,0,1,0,0,10,0,0,0,16.81
1,0,0,0,-1,0,1,4,0,0,4,0,3,0,1,2,2,1,2,2,-1,3,0,2,10,0,9223372036800000000,1e+75,0,10,0,0,7,0,3,2,0,0,1,1,0,0,0,2,0,3,1,0,1,-1,-1,-1,2,0,10,-1,1,1,1,1,-1,2,0,0,1,0,0,10,0,0,0,21.1
1,0,0,0,-1,0,1,1,0,0,0,0,-1,0,-1,1,0,-1,-1,2,-1,3,0,-1,25,0,9223372036800000000,1e+75,0,10,0,1,7,0,1,0,40,0,1,1,0,0,0,6,0,1,1,0,1,-1,1,-1,-1,1,10,-1,1,1,1,1,-1,3,0,0,1,1,0,10,0,0,0,16.45
1,0,0,0,-1,0,1,5,0,0,1,0,1,0,1,1,0,1,2,0,-1,3,0,2,150,0,9223372036800000000,1e+75,0,10,0,1,7,0,0,2,100,0,1,0,2,0,0,0,0,4,1,0,1,-1,-1,-1,2,1,10,-1,1,1,3,1,-1,0,0,0,1,4,0,10,0,0,0,56.2
1,0,0,0,-1,0,1,3,0,0,0,0,-1,0,-1,-1,1,0,2,1,1,3,0,1,800,0,9223372036800000000,1e+75,0,10,0,0,7,0,3,1,0,0,1,1,0,0,0,0,0,0,2,0,1,-1,-1,-1,-1,0,10,-1,1,1,3,-1,-1,-1,0,0,1,0,0,10,0,0,0,29.96
1,0,0,0,-1,0,1,1,0,0,0,0,0,0,0,0,2,-1,0,0,2,3,0,-1,200,0,9223372036800000000,1e+75,0,10,0,0,7,0,0,1,0,0,1,1,0,0,0,0,0,0,2,0,1,-1,-1,-1,-1,0,10,-1,1,1,3,-1,-1,-1,0,0,1,0,0,10,0,0,0,1.79769e+308
1,0,0,0,-1,0,1,1,0,0,0,0,3,0,0,0,0,-1,0,0,2,3,0,-1,200,0,9223372036800000000,1e+75,0,10,0,0,7,0,0,1,0,0,1,1,0,0,0,0,0,2,2,0,1,-1,-1,-1,-1,0,10,-1,1,1,3,-1,-1,-1,0,0,1,0,0,10,0,0,0,34.6
1,0,0,0,-1,0,1,0,0,0,0,0,1,0,1,0,-1,-1,-1,1,1,3,0,1,10,0,9223372036800000000,1e+75,0,10,0,0,7,0,1,1,1000,0,1,0,-1,0,0,4,0,0,2,0,1,-1,-1,-1,-1,-1,10,-1,1,1,3,-1,-1,2,0,0,1,3,0,10,0,0,0,1.79769e+308
1,0,0,0,-1,0,1,1,0,0,0,0,2,0,-1,-1,2,2,-1,2,2,3,0,8,150,0,9223372036800000000,1e+75,0,10,0,0,7,0,2,1,1000,0,1,1,2,0,0,0,0,0,2,0,1,-1,-1,-1,-1,1,10,-1,1,1,3,-1,-1,1,0,0,1,0,0,10,0,0,0,21.79
1,0,0,0,-1,0,1,5,0,0,0,0,2,0,-1,-1,2,2,-1,2,2,3,0,8,150,0,9223372036800000000,1e+75,0,10,0,0,7,0,2,1,1000,0,1,1,2,0,0,0,0,0,2,0,1,-1,-1,-1,-1,1,10,-1,1,1,3,-1,-1,0,0,0,1,0,0,10,0,0,0,54.81
1,0,0,0,-1,0,1,0,0,0,3,0,1,0,-1,2,2,2,2,1,0,3,0,-1,25,0,9223372036800000000,1e+75,0,10,0,2,7,0,1,1,500,0,1,1,0,0,0,0,0,1,2,1,1,-1,-1,-1,2,0,10,-1,1,1,0,-1,-1,1,0,0,1,5,0,10,0,0,0,29.88
1,0,0,0,-1,0,1,1,0,0,0,0,2,0,-1,-1,2,2,-1,2,2,3,0,8,50,0,9223372036800000000,1e+75,0,10,0,0,7,0,2,1,1000,0,1,1,2,0,0,0,0,0,2,0,1,-1,-1,-1,-1,1,10,-1,1,1,3,-1,-1,0,0,0,1,0,0,10,0,0,0,1.79769e+308
1,0,0,0,-1,0,1,5,0,0,0,0,2,0,-1,0,1,2,-1,2,0,3,0,8,200,0,9223372036800000000,1e+75,0,10,0,0,7,0,1,1,20,0,1,1,2,0,0,0,0,3,2,0,1,-1,-1,-1,-1,-1,10,-1,1,1,3,-1,-1,2,0,0,1,0,0,10,0,0,0,17.63
1,0,0,0,-1,0,1,0,0,0,0,0,-1,0,0,-1,1,-1,1,1,1,3,0,-1,800,0,9223372036800000000,1e+75,0,10,0,2,7,0,3,0,0,0,1,1,2,0,0,6,0,1,3,2,1,-1,-1,-1,2,-1,10,-1,1,1,0,-1,-1,1,0,0,1,5,0,10,0,0,0,50.81
1,0,0,0,-1,0,1,3,0,0,0,0,2,0,1,2,1,2,2,1,0,3,0,-1,100,0,9223372036800000000,1e+75,0,10,0,0,7,0,0,1,0,0,1,1,0,0,0,0,0,0,2,0,1,-1,-1,-1,-1,0,10,-1,1,1,3,-1,-1,-1,0,0,1,0,0,10,0,0,0,20.8
1,0,0,0,-1,0,1,5,0,0,0,0,-1,0,1,-1,2,-1,0,1,-1,3,0,16,200,0,9223372036800000000,1e+75,0,10,0,0,7,0,2,1,500,0,1,1,1,0,0,0,0,0,2,0,1,-1,-1,-1,-1,1,10,-1,1,1,3,-1,-1,4,0,0,1,0,0,10,0,0,0,56.33
1,0,0,0,-1,0,1,1,0,0,0,0,-1,0,-1,1,0,-1,-1,2,-1,3,0,-1,25,0,9223372036800000000,1e+75,0,10,0,1,7,0,1,0,40,0,1,1,3,0,0,0,0,1,1,0,1,-1,1,-1,2,1,10,-1,1,1,1,1,-1,3,0,0,1,5,0,10,0,0,0,28.43
1,0,0,0,-1,0,1,0,0,0,0,0,0,0,-1,-1,-1,-1,2,-1,1,3,0,8,200,0,9223372036800000000,1e+75,0,10,0,0,7,0,0,1,20,0,1,1,0,0,0,0,0,2,2,0,1,-1,-1,-1,-1,-1,10,-1,1,1,3,-1,-1,0,0,0,1,0,0,10,0,0,0,14.46
1,0,0,0,-1,0,1,0,0,0,2,0,2,0,1,0,0,2,2,0,-1,3,0,1,400,0,9223372036800000000,1e+75,0,10,0,3,7,0,2,0,500,0,1,0,2,0,0,5,0,0,2,3,1,-1,0,-1,1,-1,10,-1,1,1,0,-1,-1,-1,0,0,1,0,0,10,0,0,0,18.07
1,0,0,0,-1,0,1,2,0,0,0,0,1,0,-1,2,1,0,-1,1,1,3,0,-1,100,0,9223372036800000000,1e+75,0,10,0,0,7,0,2,1,100,0,1,0,1,0,0,0,0,2,2,0,1,-1,-1,-1,-1,1,10,-1,1,1,3,-1,-1,1,0,0,1,0,0,10,0,0,0,32.18
1,0,0,0,-1,0,1,5,0,0,0,0,2,0,-1,0,1,2,-1,1,0,3,0,8,200,0,9223372036800000000,1e+75,0,10,0,0,7,0,1,1,20,0,1,1,2,0,0,0,0,3,2,0,1,-1,-1,-1,-1,-1,10,-1,1,1,3,-1,-1,2,0,0,1,0,0,10,0,0,0,17.63
1,0,0,0,-1,0,1,2,0,0,0,0,0,0,0,0,2,2,1,1,2,3,0,2,150,0,9223372036800000000,1e+75,0,10,0,0,7,0,2,1,0,0,1,1,2,0,0,0,0,4,2,0,1,-1,-1,-1,-1,0,10,-1,1,1,3,-1,-1,-1,0,0,1,0,0,10,0,0,0,14.99
1,0,0,0,-1,0,1,5,0,0,0,0,2,0,-1,-1,1,2,-1,2,0,3,0,8,200,0,9223372036800000000,1e+75,0,10,0,0,7,0,1,1,20,0,1,1,2,0,0,0,0,3,2,0,1,-1,-1,-1,-1,-1,10,-1,1,1,3,-1,-1,2,0,0,1,0,0,10,0,0,0,17.63
1,0,0,0,-1,0,1,3,0,0,0,0,2,0,-1,2,0,1,2,0,-1,3,0,16,100,0,9223372036800000000,1e+75,0,10,0,0,7,0,3,1,100,0,1,1,1,0,0,1,0,0,2,0,1,-1,-1,-1,-1,1,10,-1,1,1,3,-1,-1,-1,0,0,1,0,0,10,0,0,0,15.74
1,0,0,0,-1,0,1,5,0,0,0,0,2,0,-1,0,1,0,-1,2,0,3,0,8,200,0,9223372036800000000,1e+75,0,10,0,0,7,0,1,1,20,0,1,1,2,0,0,0,0,3,2,0,1,-1,-1,-1,-1,-1,10,-1,1,1,3,-1,-1,2,0,0,1,0,0,10,0,0,0,20.84
1,0,0,0,-1,0,1,2,0,0,0,0,1,0,0,2,1,-1,0,0,1,3,0,2,400,0,9223372036800000000,1e+75,0,10,0,0,7,0,0,1,0,0,1,1,1,0,0,0,0,1,2,0,1,-1,-1,-1,-1,0,10,-1,1,1,3,-1,-1,-1,0,0,1,0,0,10,0,0,0,32.31
1,0,0,0,-1,0,1,5,0,0,0,0,2,0,-1,0,1,2,-1,2,0,3,0,8,200,0,9223372036800000000,1e+75,0,10,0,0,7,0,1,1,100,0,1,1,2,0,0,0,0,3,2,0,1,-1,-1,-1,-1,-1,10,-1,1,1,3,-1,-1,2,0,0,1,0,0,10,0,0,0,17.63
1,0,0,0,-1,0,1,5,0,0,0,0,2,0,-1,0,1,2,-1,2,0,3,0,8,200,0,9223372036800000000,1e+75,0,10,0,0,7,0,2,1,20,0,1,1,2,0,0,0,0,3,2,0,1,-1,-1,-1,-1,-1,10,-1,1,1,3,-1,-1,2,0,0,1,0,0,10,0,0,0,17.63
1,0,0,0,-1,0,1,4,0,0,0,0,3,0,1,1,1,-1,0,2,-1,3,0,1,150,0,9223372036800000000,1e+75,0,10,0,0,7,0,2,1,0,0,1,1,2,0,0,0,0,-1,2,0,1,-1,-1,-1,-1,-1,10,-1,1,1,3,-1,-1,-1,0,0,1,0,0,10,0,0,0,32.54
1,0,0,0,-1,0,1,5,0,0,0,0,2,0,-1,0,1,2,-1,2,0,3,0,8,200,0,9223372036800000000,1e+75,0,10,0,0,7,0,1,1,500,0,1,1,2,0,0,0,0,3,2,0,1,-1,-1,-1,-1,-1,10,-1,1,1,3,-1,-1,2,0,0,1,0,0,10,0,0,0,17.63
1,0,0,0,-1,0,1,1,0,0,0,0,3,0,0,0,-1,-1,0,0,2,3,0,-1,200,0,9223372036800000000,1e+75,0,10,0,0,7,0,1,1,0,0,1,1,1,0,0,0,0,0,2,0,1,-1,-1,-1,-1,0,10,-1,1,1,3,-1,-1,-1,0,0,1,0,0,10,0,0,0,34.11
1,0,0,0,-1,0,1,4,0,0,0,0,2,0,-1,2,-1,2,1,1,0,3,0,-1,800,0,9223372036800000000,1e+75,0,10,0,0,7,0,0,1,0,0,1,1,0,0,0,0,0,0,2,0,1,-1,-1,-1,-1,0,10,-1,1,1,3,-1,-1,-1,0,0,1,0,0,10,0,0,0,10.1
1,0,0,0,-1,0,1,5,0,0,0,0,2,0,-1,0,0,2,-1,2,0,3,0,8,200,0,9223372036800000000,1e+75,0,10,0,0,7,0,1,1,20,0,1,1,2,0,0,0,0,3,2,0,1,-1,-1,-1,-1,-1,10,-1,1,1,3,-1,-1,2,0,0,1,0,0,10,0,0,0,17.63
1,0,0,0,-1,0,1,0,0,0,2,0,2,0,1,0,0,2,2,0,-1,3,0,1,400,0,9223372036800000000,1e+75,0,10,0,3,7,0,2,0,500,0,1,0,2,0,0,1,0,0,2,3,1,-1,0,-1,1,-1,10,-1,1,1,0,-1,-1,5,0,0,1,0,0,10,0,0,0,18.84
1,0,0,0,-1,0,1,5,0,0,0,0,2,0,-1,0,1,2,0,2,0,3,0,8,200,0,9223372036800000000,1e+75,0,10,0,0,7,0,1,1,20,0,1,1,2,0,0,0,0,3,2,0,1,-1,-1,-1,-1,-1,10,-1,1,1,3,-1,-1,2,0,0,1,0,0,10,0,0,0,17.63
1,0,0,0,-1,0,1,1,0,0,0,0,3,0,0,0,-1,-1,0,0,2,3,0,16,200,0,9223372036800000000,1e+75,0,10,0,0,7,0,2,1,0,0,1,1,0,0,0,0,0,0,2,0,1,-1,-1,-1,-1,0,10,-1,1,1,3,-1,-1,-1,0,0,1,0,0,10,0,0,0,17.69
1,0,0,0,-1,0,1,5,0,0,0,0,2,0,1,-1,0,0,-1,0,2,3,0,16,800,0,9223372036800000000,1e+75,0,10,0,0,7,0,3,1,100,0,1,1,0,0,0,0,0,0,2,0,1,-1,-1,-1,-1,-1,10,-1,1,1,3,-1,-1,1,0,0,1,0,0,10,0,0,0,20.8
1,0,0,0,-1,0,1,3,0,0,0,0,-1,0,-1,-1,1,0,2,1,1,3,0,-1,800,0,9223372036800000000,1e+75,0,10,0,0,3,0,3,1,0,0,1,1,0,0,0,0,0,0,2,0,1,-1,-1,-1,-1,0,10,-1,1,1,3,-1,-1,-1,0,0,1,0,0,10,0,0,0,9.11
1,0,0,0,-1,0,1,5,0,0,0,0,3,0,-1,0,1,2,-1,2,0,3,0,8,200,0,9223372036800000000,1e+75,0,10,0,0,7,0,1,1,20,0,1,1,2,0,0,0,0,3,2,0,1,-1,-1,-1,-1,-1,10,-1,1,1,3,-1,-1,2,0,0,1,0,0,10,0,0,0,17.63
1,0,0,0,-1,0,1,5,0,0,0,0,2,0,-1,0,1,2,-1,2,0,3,0,8,200,0,9223372036800000000,1e+75,0,10,0,0,7,0,1,1,40,0,1,1,2,0,0,0,0,3,2,0,1,-1,-1,-1,-1,-1,10,-1,1,1,3,-1,-1,2,0,0,1,0,0,10,0,0,0,17.63
1,0,0,0,-1,0,1,0,0,0,0,0,-1,0,0,-1,-1,0,-1,1,-1,3,0,1,10,0,9223372036800000000,1e+75,0,10,0,0,7,0,3,1,0,0,1,1,2,0,0,1,0,1,2,0,1,-1,-1,-1,-1,-1,10,-1,1,1,3,-1,-1,3,0,0,1,3,0,10,0,0,0,28.46
1,0,0,0,-1,0,1,5,0,0,0,0,2,0,-1,0,1,2,-1,2,0,3,0,8,200,0,9223372036800000000,1e+75,0,10,0,0,7,0,1,1,20,0,1,1,1,0,0,0,0,3,2,0,1,-1,-1,-1,-1,-1,10,-1,1,1,3,-1,-1,2,0,0,1,0,0,10,0,0,0,17.63
1,0,0,0,-1,0,1,3,0,0,0,0,2,0,-1,2,0,1,2,-1,0,3,0,2,150,0,9223372036800000000,1e+75,0,10,0,0,7,0,0,1,500,0,1,1,-1,0,0,0,0,2,2,0,1,-1,-1,-1,-1,0,10,-1,1,1,3,-1,-1,2,0,0,1,0,0,10,0,0,0,37.69
1,0,0,0,-1,0,1,3,0,0,0,0,1,0,0,2,0,-1,0,0,-1,3,0,-1,150,0,9223372036800000000,1e+75,0,10,0,0,7,0,3,1,1000,0,1,1,2,0,0,0,0,2,2,0,1,-1,-1,-1,-1,0,10,-1,1,1,3,-1,-1,5,0,0,1,0,0,10,0,0,0,35.41
1,0,0,0,-1,0,1,3,0,0,0,0,1,0,0,2,0,-1,-1,0,-1,3,0,-1,150,0,9223372036800000000,1e+75,0,10,0,0,7,0,3,1,1000,0,1,1,2,0,0,0,0,2,2,0,1,-1,-1,-1,-1,0,10,-1,1,1,3,-1,-1,5,0,0,1,0,0,10,0,0,0,35.41
1,0,0,0,-1,0,1,0,0,0,0,0,1,0,0,2,0,-1,0,0,-1,3,0,1,150,0,9223372036800000000,1e+75,0,10,0,0,7,0,2,1,1000,0,1,1,2,0,0,0,0,2,2,0,1,-1,-1,-1,-1,0,10,-1,1,1,3,-1,-1,5,0,0,1,0,0,10,0,0,0,17.8
1,0,0,0,-1,0,1,3,0,0,0,0,1,0,0,2,0,-1,0,0,-1,3,0,-1,150,0,9223372036800000000,1e+75,0,10,0,0,7,0,3,1,20,0,1,1,2,0,0,0,0,2,2,0,1,-1,-1,-1,-1,0,10,-1,1,1,3,-1,-1,5,0,0,1,0,0,10,0,0,0,35.41
1,0,0,0,-1,0,1,0,0,0,0,0,-1,0,-1,2,-1,2,0,0,0,3,0,8,150,0,9223372036800000000,1e+75,0,10,0,3,7,0,1,1,0,0,1,1,1,0,0,1,0,-1,1,2,1,-1,1,-1,3,-1,10,-1,1,1,0,1,-1,5,0,0,1,5,0,10,0,0,0,51.3
1,0,0,0,-1,0,1,3,0,0,0,0,1,0,0,2,0,-1,0,0,0,3,0,-1,150,0,9223372036800000000,1e+75,0,10,0,0,7,0,3,1,1000,0,1,1,2,0,0,0,0,2,2,0,1,-1,-1,-1,-1,0,10,-1,1,1,3,-1,-1,5,0,0,1,0,0,10,0,0,0,35.41
1,0,0,0,-1,0,1,0,0,0,3,0,1,0,-1,2,2,0,2,1,0,3,0,1,25,0,9223372036800000000,1e+75,0,10,0,2,7,0,1,1,500,0,1,1,-1,0,0,0,0,1,2,1,1,-1,-1,-1,2,0,10,-1,1,1,0,-1,-1,1,0,0,1,5,0,10,0,0,0,1.79769e+308
1,0,0,0,-1,0,1,4,0,0,0,0,3,0,1,1,1,-1,0,2,-1,3,0,1,150,0,9223372036800000000,1e+75,0,10,0,0,7,0,2,1,0,0,1,1,2,0,0,0,0,2,2,0,1,-1,-1,-1,-1,-1,10,-1,1,1,3,-1,-1,5,0,0,1,0,0,10,0,0,0,14.38
1,0,0,0,-1,0,1,3,0,0,0,0,1,0,0,2,-1,-1,0,0,-1,3,0,-1,150,0,9223372036800000000,1e+75,0,10,0,0,7,0,3,1,1000,0,1,1,2,0,0,0,0,2,2,0,1,-1,-1,-1,-1,0,10,-1,1,1,3,-1,-1,5,0,0,1,0,0,10,0,0,0,35.41
1,0,0,0,-1,0,1,0,0,0,0,0,1,0,0,2,0,-1,0,0,-1,3,0,-1,150,0,9223372036800000000,1e+75,0,10,0,0,7,0,3,1,-1,0,1,1,2,0,0,0,0,2,2,0,1,-1,-1,-1,-1,0,10,-1,1,1,3,-1,-1,5,0,0,1,0,0,10,0,0,0,29.4
1,0,0,0,-1,0,1,0,0,0,0,0,1,0,0,2,0,-1,0,0,-1,3,0,-1,150,0,9223372036800000000,1e+75,0,10,0,0,7,0,2,1,1000,0,1,1,2,0,0,0,0,2,2,0,1,-1,-1,-1,-1,0,10,-1,1,1,3,-1,-1,5,0,0,1,0,0,10,0,0,0,15.87
1,0,0,0,-1,0,1,3,0,0,0,0,3,0,0,-1,1,0,-1,1,-1,3,0,16,150,0,9223372036800000000,1e+75,0,10,0,0,7,0,0,1,0,0,1,1,3,0,0,0,0,0,2,0,1,-1,-1,-1,-1,-1,10,-1,1,1,3,-1,-1,5,0,0,1,0,0,10,0,0,0,14.49
1,0,0,0,-1,0,1,1,0,0,0,0,3,0,0,0,-1,-1,0,0,2,3,0,-1,200,0,9223372036800000000,1e+75,0,10,0,0,7,0,2,1,-1,0,1,1,1,0,0,0,0,0,2,0,1,-1,-1,-1,-1,0,10,-1,1,1,3,-1,-1,5,0,0,1,0,0,10,0,0,0,15.12
1,0,0,0,-1,0,1,0,0,0,0,0,1,0,0,2,0,-1,0,0,-1,3,0,-1,150,0,9223372036800000000,1e+75,0,10,0,0,7,0,2,1,-1,0,1,1,2,0,0,0,0,2,2,0,1,-1,-1,-1,-1,0,10,-1,1,1,3,-1,-1,5,0,0,1,0,0,10,0,0,0,26.27
1,0,0,0,-1,0,1,5,0,0,0,0,2,0,-1,0,1,2,2,2,0,3,0,8,200,0,9223372036800000000,1e+75,0,10,0,0,7,0,1,1,20,0,1,1,2,0,0,0,0,3,2,0,1,-1,-1,-1,-1,-1,10,-1,1,1,3,-1,-1,2,0,0,1,0,0,10,0,0,0,17.63
1,0,0,0,-1,0,1,0,0,0,0,0,1,0,0,2,0,-1,0,0,-1,3,0,-1,150,0,9223372036800000000,1e+75,0,10,0,0,7,0,2,1,40,0,1,1,2,0,0,0,0,2,2,0,1,-1,-1,-1,-1,0,10,-1,1,1,3,-1,-1,5,0,0,1,0,0,10,0,0,0,30.86
1,0,0,0,-1,0,1,0,0,0,0,0,1,0,0,2,0,2,0,0,-1,3,0,-1,150,0,9223372036800000000,1e+75,0,10,0,0,7,0,2,1,1000,0,1,1,2,0,0,0,0,2,2,0,1,-1,-1,-1,-1,0,10,-1,1,1,3,-1,-1,5,0,0,1,0,0,10,0,0,0,27.87
1,0,0,0,-1,0,1,0,0,0,0,0,1,0,0,2,0,-1,0,0,-1,3,0,-1,150,0,9223372036800000000,1e+75,0,10,0,0,7,0,2,1,1000,0,1,1,2,0,0,0,0,-1,2,0,1,-1,-1,-1,-1,0,10,-1,1,1,3,-1,-1,5,0,0,1,0,0,10,0,0,0,45.36
1,0,0,0,-1,0,1,3,0,0,0,0,-1,0,-1,-1,1,0,2,1,1,3,0,-1,800,0,9223372036800000000,1e+75,0,10,0,0,7,0,1,1,0,0,1,1,0,0,0,0,0,0,2,0,1,-1,-1,-1,-1,0,10,-1,1,1,3,-1,-1,-1,0,0,1,0,0,10,0,0,0,9.3
1,0,0,0,-1,0,1,0,0,0,0,0,1,0,0,2,0,-1,0,0,-1,3,0,-1,150,0,9223372036800000000,1e+75,0,10,0,0,7,0,2,1,1000,0,1,1,2,0,0,0,0,2,2,0,1,-1,-1,-1,-1,0,10,-1,1,1,3,-1,-1,1,0,0,1,0,0,10,0,0,0,15.87
1,0,0,0,-1,0,1,1,0,0,0,0,0,0,-1,0,0,0,0,1,-1,3,0,-1,800,0,9223372036800000000,1e+75,0,10,0,0,7,0,0,1,0,0,1,1,0,0,0,0,0,0,2,0,1,-1,-1,-1,-1,0,10,-1,1,1,3,-1,-1,-1,0,0,1,0,0,10,0,0,0,41.42
1,0,0,0,-1,0,1,5,0,0,0,0,0,0,1,-1,0,-1,0,1,-1,3,0,-1,800,0,9223372036800000000,1e+75,0,10,0,0,7,0,0,1,0,0,1,1,0,0,0,0,0,0,2,0,1,-1,-1,-1,-1,0,10,-1,1,1,3,-1,-1,-1,0,0,1,0,0,10,0,0,0,19.98
1,0,0,0,-1,0,1,0,0,0,0,0,1,0,0,1,0,-1,0,0,-1,3,0,-1,150,0,9223372036800000000,1e+75,0,10,0,0,7,0,2,1,1000,0,1,1,2,0,0,0,0,2,2,0,1,-1,-1,-1,-1,0,10,-1,1,1,3,-1,-1,5,0,0,1,0,0,10,0,0,0,45.52
1,0,0,0,-1,0,1,0,0,0,0,0,3,0,0,-1,2,0,1,1,-1,3,0,8,50,0,9223372036800000000,1e+75,0,10,0,0,7,0,0,1,0,0,1,1,3,0,0,5,0,0,2,0,1,-1,-1,-1,-1,-1,10,-1,1,1,3,-1,-1,4,0,0,1,4,0,10,0,0,0,21.67
1,0,0,0,-1,0,1,0,0,0,0,0,1,0,0,2,0,-1,0,0,-1,3,0,16,150,0,9223372036800000000,1e+75,0,10,0,0,7,0,2,1,1000,0,1,1,2,0,0,0,0,2,2,0,1,-1,-1,-1,-1,0,10,-1,1,1,3,-1,-1,5,0,0,1,0,0,10,0,0,0,15.87
1,0,0,0,-1,0,1,0,0,0,0,0,1,0,0,2,0,-1,0,0,-1,3,0,-1,150,0,9223372036800000000,1e+75,0,10,0,0,7,0,2,1,1000,0,1,1,2,0,0,0,0,0,2,0,1,-1,-1,-1,-1,0,10,-1,1,1,3,-1,-1,5,0,0,1,0,0,10,0,0,0,25.04
1,0,0,0,-1,0,1,3,0,0,0,0,1,0,-1,-1,2,1,0,-1,2,3,0,8,100,0,9223372036800000000,1e+75,0,10,0,0,7,0,3,1,100,0,1,1,1,0,0,0,0,2,2,0,1,-1,-1,-1,-1,1,10,-1,1,1,3,-1,-1,-1,0,0,1,1,0,10,0,0,0,25.31
1,0,0,0,-1,0,1,0,0,0,0,0,3,0,0,2,0,-1,0,0,-1,3,0,-1,150,0,9223372036800000000,1e+75,0,10,0,0,7,0,2,1,1000,0,1,1,2,0,0,0,0,2,2,0,1,-1,-1,-1,-1,0,10,-1,1,1,3,-1,-1,5,0,0,1,0,0,10,0,0,0,27.07
1,0,0,0,-1,0,1,5,0,0,0,0,0,0,-1,-1,1,0,0,-1,-1,3,0,-1,50,0,9223372036800000000,1e+75,0,10,0,0,7,0,0,1,1000,0,1,1,-1,0,0,0,0,0,2,0,1,-1,-1,-1,-1,1,10,-1,1,1,3,-1,-1,2,0,0,1,0,0,10,0,0,0,57.92
1,0,0,0,-1,0,1,3,0,0,0,0,0,0,-1,-1,-1,-1,2,-1,1,3,0,8,200,0,9223372036800000000,1e+75,0,10,0,0,7,0,0,1,20,0,1,1,0,0,0,0,0,3,2,0,1,-1,-1,-1,-1,-1,10,-1,1,1,3,-1,-1,0,0,0,1,0,0,10,0,0,0,22.77
1,0,0,0,-1,0,1,0,0,0,0,0,0,0,-1,2,-1,-1,2,-1,1,3,0,8,200,0,9223372036800000000,1e+75,0,10,0,0,7,0,0,1,20,0,1,1,0,0,0,0,0,2,2,0,1,-1,-1,-1,-1,-1,10,-1,1,1,3,-1,-1,0,0,0,1,0,0,10,0,0,0,31.34
1,0,0,0,-1,0,1,0,0,0,0,0,0,0,-1,-1,-1,1,2,-1,1,3,0,8,200,0,9223372036800000000,1e+75,0,10,0,0,7,0,0,1,20,0,1,1,0,0,0,0,0,2,2,0,1,-1,-1,-1,-1,-1,10,-1,1,1,3,-1,-1,0,0,0,1,0,0,10,0,0,0,18.97
1,0,0,0,-1,0,1,0,0,0,3,0,1,0,-1,2,2,0,2,1,0,3,0,-1,25,0,9223372036800000000,1e+75,0,10,0,2,7,0,2,1,-1,0,1,1,0,0,0,0,0,1,2,1,1,-1,-1,-1,0,0,10,-1,1,1,0,-1,-1,1,0,0,1,5,0,10,0,0,0,32.39
1,0,0,0,-1,0,1,1,0,0,0,0,-1,0,-1,1,0,-1,-1,2,-1,3,0,-1,25,0,9223372036800000000,1e+75,0,10,0,0,7,0,1,0,40,0,1,1,3,0,0,6,0,1,1,0,1,-1,1,-1,-1,1,10,-1,1,1,1,1,-1,3,0,0,1,5,0,10,0,0,0,43.06
1,0,0,0,-1,0,1,0,0,0,0,0,0,0,-1,-1,-1,-1,2,-1,1,3,0,-1,200,0,9223372036800000000,1e+75,0,10,0,0,7,0,0,1,20,0,1,1,0,0,0,0,0,2,2,0,1,-1,-1,-1,-1,-1,10,-1,1,1,3,-1,-1,0,0,0,1,0,0,10,0,0,0,14.46
1,0,0,0,-1,0,1,5,0,0,0,0,2,0,1,-1,0,0,-1,0,2,3,0,8,800,0,9223372036800000000,1e+75,0,10,0,0,7,0,1,1,100,0,1,1,0,0,0,0,0,0,2,0,1,-1,-1,-1,-1,-1,10,-1,1,1,3,-1,-1,1,0,0,1,0,0,10,0,0,0,20.8
1,0,0,0,-1,0,1,5,0,0,0,0,3,0,-1,2,0,0,2,0,2,3,0,-1,50,0,9223372036800000000,1e+75,0,10,0,0,7,0,3,1,0,0,1,1,0,0,0,0,0,3,2,0,1,-1,-1,-1,-1,0,10,-1,1,1,3,-1,-1,-1,0,0,1,0,0,10,0,0,0,23.53
1,0,0,0,-1,0,1,0,0,0,0,0,0,0,-1,-1,0,-1,2,-1,1,3,0,8,200,0,9223372036800000000,1e+75,0,10,0,0,7,0,0,1,20,0,1,1,0,0,0,0,0,2,2,0,1,-1,-1,-1,-1,-1,10,-1,1,1,3,-1,-1,0,0,0,1,0,0,10,0,0,0,27.35
1,0,0,0,-1,0,1,0,0,0,0,0,0,0,-1,-1,-1,-1,2,-1,1,3,0,8,200,0,9223372036800000000,1e+75,0,10,0,0,7,0,0,1,500,0,1,1,0,0,0,0,0,2,2,0,1,-1,-1,-1,-1,-1,10,-1,1,1,3,-1,-1,0,0,0,1,0,0,10,0,0,0,23.77
1,0,0,0,-1,0,1,3,0,0,0,0,-1,0,-1,-1,1,0,2,1,1,3,0,-1,800,0,9223372036800000000,1e+75,0,10,0,0,7,0,3,1,0,0,1,1,1,0,0,0,0,0,2,0,1,-1,-1,-1,-1,0,10,-1,1,1,3,-1,-1,4,0,0,1,0,0,10,0,0,0,9.06
1,0,0,0,-1,0,1,0,0,0,0,0,-1,0,-1,-1,2,2,2,2,2,3,0,4,10,0,9223372036800000000,1e+75,0,10,0,0,7,0,1,1,1000,0,1,0,1,0,0,1,0,1,2,0,1,-1,1,-1,-1,-1,10,-1,1,1,3,-1,-1,3,0,0,1,0,0,10,0,0,0,53.47
1,0,0,0,-1,0,1,0,0,0,0,0,0,0,-1,-1,-1,-1,2,-1,1,3,0,8,200,0,9223372036800000000,1e+75,0,10,0,0,7,0,0,1,20,0,1,1,0,0,0,0,0,2,2,0,1,-1,-1,-1,-1,-1,10,-1,1,1,3,-1,-1,2,0,0,1,0,0,10,0,0,0,27.35
1,0,0,0,-1,0,1,2,0,0,0,0,-1,0,0,0,1,1,2,0,-1,3,0,4,25,0,9223372036800000000,1e+75,0,10,0,0,7,0,3,1,100,0,1,1,2,0,0,0,0,3,2,0,1,-1,-1,-1,-1,-1,10,-1,1,1,3,-1,-1,2,0,0,1,0,0,10,0,0,0,26.86
1,0,0,0,-1,0,1,0,0,0,0,0,0,0,-1,-1,-1,-1,2,-1,0,3,0,8,200,0,9223372036800000000,1e+75,0,10,0,0,7,0,0,1,20,0,1,1,0,0,0,0,0,2,2,0,1,-1,-1,-1,-1,-1,10,-1,1,1,3,-1,-1,0,0,0,1,0,0,10,0,0,0,14.46
1,0,0,0,-1,0,1,0,0,0,0,0,0,0,-1,-1,1,-1,2,-1,1,3,0,8,200,0,9223372036800000000,1e+75,0,10,0,0,7,0,0,1,20,0,1,1,0,0,0,0,0,2,2,0,1,-1,-1,-1,-1,-1,10,-1,1,1,3,-1,-1,0,0,0,1,0,0,10,0,0,0,27.35
1,0,0,0,-1,0,1,2,0,0,1,0,2,0,1,-1,1,2,2,1,0,3,0,1,800,0,9223372036800000000,1e+75,0,10,0,1,7,0,2,1,1000,0,1,1,3,0,0,1,0,1,3,3,1,-1,0,-1,3,0,10,-1,1,1,0,1,-1,-1,0,0,1,4,0,10,0,0,0,43.19
1,0,0,0,-1,0,1,0,0,0,0,0,0,0,-1,-1,-1,-1,0,-1,1,3,0,8,200,0,9223372036800000000,1e+75,0,10,0,0,7,0,0,1,20,0,1,1,0,0,0,0,0,2,2,0,1,-1,-1,-1,-1,-1,10,-1,1,1,3,-1,-1,0,0,0,1,0,0,10,0,0,0,20.68
1,0,0,0,-1,0,1,4,0,0,4,0,3,0,-1,2,2,1,2,2,-1,3,0,2,10,0,9223372036800000000,1e+75,0,10,0,3,7,0,3,2,0,0,1,1,0,0,0,2,0,3,1,0,1,-1,-1,-1,2,0,10,-1,1,1,1,1,-1,2,0,0,1,0,0,10,0,0,0,16.25
1,0,0,0,-1,0,1,2,0,0,0,0,3,0,0,0,-1,2,1,1,-1,3,0,2,25,0,9223372036800000000,1e+75,0,10,0,0,7,0,0,1,0,0,1,1,3,0,0,0,0,2,2,0,1,-1,-1,-1,-1,0,10,-1,1,1,3,-1,-1,-1,0,0,1,0,0,10,0,0,0,1.79769e+308
1,0,0,0,-1,0,1,3,0,0,0,0,3,0,0,-1,0,0,-1,1,-1,3,0,16,150,0,9223372036800000000,1e+75,0,10,0,0,7,0,0,1,0,0,1,1,3,0,0,0,0,0,2,0,1,-1,-1,-1,-1,-1,10,-1,1,1,3,-1,-1,3,0,0,1,0,0,10,0,0,0,14.63
1,0,0,0,-1,0,1,4,0,0,0,0,3,0,0,0,-1,-1,0,0,2,3,0,-1,200,0,9223372036800000000,1e+75,0,10,0,0,7,0,2,1,0,0,1,1,0,0,0,0,0,0,2,0,1,-1,-1,-1,-1,0,10,-1,1,1,3,-1,-1,-1,0,0,1,0,0,10,0,0,0,30.85
1,0,0,0,-1,0,1,4,0,0,0,0,3,0,1,1,1,-1,0,2,-1,3,0,1,150,0,9223372036800000000,1e+75,0,10,0,0,7,0,2,1,0,0,1,1,2,0,0,0,0,2,2,0,1,-1,-1,-1,-1,-1,10,-1,1,1,3,-1,-1,-1,0,0,1,0,0,10,0,0,0,14.38
1,0,0,0,-1,0,1,0,0,0,0,0,0,0,-1,-1,-1,-1,2,-1,1,3,0,8,200,0,9223372036800000000,1e+75,0,10,0,0,7,0,3,1,20,0,1,1,0,0,0,0,0,2,2,0,1,-1,-1,-1,-1,-1,10,-1,1,1,3,-1,-1,0,0,0,1,0,0,10,0,0,0,14.41
1,0,0,0,-1,0,1,0,0,0,0,0,-1,0,-1,-1,0,-1,2,0,2,3,0,8,800,0,9223372036800000000,1e+75,0,10,0,0,7,0,0,1,0,0,1,0,2,0,0,5,0,0,2,0,1,-1,-1,-1,-1,0,10,-1,1,1,3,-1,-1,1,0,0,1,1,0,10,0,0,0,19.08
1,0,0,0,-1,0,1,0,0,0,0,0,0,0,-1,-1,-1,-1,2,0,1,3,0,8,200,0,9223372036800000000,1e+75,0,10,0,0,7,0,0,1,20,0,1,1,0,0,0,0,0,2,2,0,1,-1,-1,-1,-1,-1,10,-1,1,1,3,-1,-1,0,0,0,1,0,0,10,0,0,0,27.57
1,0,0,0,-1,0,1,5,0,0,0,0,1,0,-1,1,-1,1,0,1,0,3,0,8,400,0,9223372036800000000,1e+75,0,10,0,0,7,0,3,1,1000,0,1,1,-1,0,0,6,0,1,2,0,1,-1,-1,-1,-1,-1,10,-1,1,1,3,-1,-1,4,0,0,1,5,0,10,0,0,0,30.92
1,0,0,0,-1,0,1,0,0,0,0,0,0,0,1,-1,-1,-1,2,-1,1,3,0,8,200,0,9223372036800000000,1e+75,0,10,0,0,7,0,3,1,20,0,1,1,0,0,0,0,0,2,2,0,1,-1,-1,-1,-1,-1,10,-1,1,1,3,-1,-1,0,0,0,1,0,0,10,0,0,0,14.41
1,0,0,0,-1,0,1,1,0,0,0,0,-1,0,-1,1,0,-1,-1,2,-1,3,0,-1,25,0,9223372036800000000,1e+75,0,10,0,1,7,0,1,0,40,0,1,1,2,0,0,0,0,1,1,0,1,-1,1,-1,-1,1,10,-1,1,1,1,1,-1,3,0,0,1,1,0,10,0,0,0,26.92
1,0,0,0,-1,0,1,0,0,0,0,0,0,0,-1,-1,-1,-1,2,-1,1,3,0,8,200,0,9223372036800000000,1e+75,0,10,0,0,7,0,3,1,20,0,1,1,3,0,0,0,0,2,2,0,1,-1,-1,-1,-1,-1,10,-1,1,1,3,-1,-1,0,0,0,1,0,0,10,0,0,0,20.92
1,0,0,0,-1,0,1,3,0,0,0,0,-1,0,-1,-1,1,0,2,1,1,3,0,-1,800,0,9223372036800000000,1e+75,0,10,0,0,7,0,3,1,40,0,1,1,1,0,0,6,0,0,2,0,1,-1,-1,-1,-1,0,10,-1,1,1,3,-1,-1,-1,0,0,1,0,0,10,0,0,0,9.03
1,0,0,0,-1,0,1,0,0,0,0,0,-1,0,0,-1,1,-1,1,1,-1,3,0,-1,800,0,9223372036800000000,1e+75,0,10,0,2,7,0,3,0,-1,0,1,1,2,0,0,6,0,1,3,2,1,-1,-1,-1,2,-1,10,-1,1,1,0,-1,-1,1,0,0,1,5,0,10,0,0,0,32.41
1,0,0,0,-1,0,1,0,0,0,0,0,0,0,-1,-1,-1,-1,2,1,1,3,0,8,200,0,9223372036800000000,1e+75,0,10,0,0,7,0,3,1,20,0,1,1,0,0,0,0,0,2,2,0,1,-1,-1,-1,-1,-1,10,-1,1,1,3,-1,-1,0,0,0,1,0,0,10,0,0,0,40.62
1,0,0,0,-1,0,1,0,0,0,0,0,0,0,-1,-1,-1,-1,2,0,1,3,0,8,200,0,9223372036800000000,1e+75,0,10,0,0,7,0,3,1,20,0,1,1,0,0,0,0,0,2,2,0,1,-1,-1,-1,-1,-1,10,-1,1,1,3,-1,-1,0,0,0,1,0,0,10,0,0,0,21.71
1,0,0,0,-1,0,1,5,0,0,0,0,2,0,0,-1,2,1,1,1,0,3,0,4,400,0,9223372036800000000,1e+75,0,10,0,0,7,0,1,1,0,0,1,1,-1,0,0,0,0,0,2,0,1,-1,-1,-1,-1,0,10,-1,1,1,3,-1,-1,-1,0,0,1,0,0,10,0,0,0,20.44
1,0,0,0,-1,0,1,0,0,0,0,0,2,0,0,2,0,-1,2,2,0,3,0,2,25,0,9223372036800000000,1e+75,0,10,0,0,7,0,2,1,500,0,1,1,0,0,0,0,0,3,2,0,1,-1,-1,-1,-1,-1,10,-1,1,1,3,-1,-1,1,0,0,1,0,0,10,0,0,0,21.26
1,0,0,0,-1,0,1,2,0,0,0,0,0,0,-1,1,2,2,-1,1,0,3,0,16,100,0,9223372036800000000,1e+75,0,10,0,0,7,0,0,1,0,0,1,1,0,0,0,0,0,-1,2,0,1,-1,-1,-1,-1,0,10,-1,1,1,3,-1,-1,-1,0,0,1,0,0,10,0,0,0,1.79769e+308
1,0,0,0,-1,0,1,3,0,0,0,0,3,0,0,-1,1,0,-1,1,-1,3,0,16,150,0,9223372036800000000,1e+75,0,10,0,0,7,0,0,1,1000,0,1,1,3,0,0,0,0,0,2,0,1,-1,-1,-1,-1,-1,10,-1,1,1,3,-1,-1,3,0,0,1,0,0,10,0,0,0,14.58
1,0,0,0,-1,0,1,5,0,0,1,0,1,0,-1,2,2,1,0,1,2,3,0,2,25,0,9223372036800000000,1e+75,0,10,0,0,7,0,0,2,100,0,1,0,-1,0,0,1,0,3,1,3,1,-1,-1,-1,0,1,10,-1,1,1,3,-1,-1,3,0,0,1,0,0,10,0,0,0,20.43
1,0,0,0,-1,0,1,3,0,0,0,0,3,0,0,-1,1,0,-1,1,-1,3,0,16,100,0,9223372036800000000,1e+75,0,10,0,0,7,0,0,1,1000,0,1,1,3,0,0,0,0,0,2,0,1,-1,-1,-1,-1,-1,10,-1,1,1,3,-1,-1,3,0,0,1,0,0,10,0,0,0,21
1,0,0,0,-1,0,1,3,0,0,0,0,3,0,0,-1,1,0,-1,1,-1,3,0,16,25,0,9223372036800000000,1e+75,0,10,0,0,7,0,0,1,1000,0,1,1,3,0,0,0,0,0,2,0,1,-1,-1,-1,-1,-1,10,-1,1,1,3,-1,-1,3,0,0,1,0,0,10,0,0,0,21.2
1,0,0,0,-1,0,1,3,0,0,0,0,3,0,0,-1,1,0,-1,1,-1,3,0,16,150,0,9223372036800000000,1e+75,0,10,0,0,7,0,0,1,0,0,1,1,3,0,0,0,0,0,2,0,1,-1,-1,-1,-1,-1,10,-1,1,1,3,-1,-1,3,0,0,1,0,0,10,0,0,0,14.49
1,0,0,0,-1,0,1,1,0,0,0,0,2,0,0,-1,2,2,-1,2,2,3,0,2,150,0,9223372036800000000,1e+75,0,10,0,0,7,0,1,1,1000,0,1,1,2,0,0,0,0,2,2,0,1,-1,-1,-1,-1,1,10,-1,1,1,3,-1,-1,0,0,0,1,0,0,10,0,0,0,31.32
1,0,0,0,-1,0,1,3,0,0,0,0,-1,0,-1,-1,1,0,2,1,1,3,0,-1,800,0,9223372036800000000,1e+75,0,10,0,0,7,0,3,1,0,0,1,1,1,0,0,0,0,0,2,0,1,-1,-1,-1,-1,0,10,-1,1,1,3,-1,-1,-1,0,0,1,0,0,10,0,0,0,9.06
1,0,0,0,-1,0,1,2,0,0,0,0,1,0,-1,2,1,0,-1,1,1,3,0,-1,150,0,9223372036800000000,1e+75,0,10,0,0,7,0,2,1,100,0,1,0,1,0,0,0,0,0,2,0,1,-1,-1,-1,-1,1,10,-1,1,1,3,-1,-1,1,0,0,1,0,0,10,0,0,0,14.49
1,0,0,0,-1,0,1,3,0,0,0,0,3,0,0,-1,1,0,-1,1,-1,3,0,16,25,0,9223372036800000000,1e+75,0,10,0,0,7,0,0,1,0,0,1,1,3,0,0,0,0,0,2,0,1,-1,-1,-1,-1,-1,10,-1,1,1,3,-1,-1,3,0,0,1,0,0,10,0,0,0,21.35
1,0,0,0,-1,0,1,3,0,0,0,0,3,0,0,-1,1,0,-1,0,-1,3,0,16,150,0,9223372036800000000,1e+75,0,10,0,0,7,0,0,1,0,0,1,1,3,0,0,0,0,0,2,0,1,-1,-1,-1,-1,-1,10,-1,1,1,3,-1,-1,3,0,0,1,0,0,10,0,0,0,16.51
1,0,0,0,-1,0,1,0,0,0,0,0,3,0,0,-1,1,0,-1,1,-1,3,0,16,150,0,9223372036800000000,1e+75,0,10,0,0,7,0,0,1,0,0,1,1,3,0,0,0,0,0,2,0,1,-1,-1,-1,-1,-1,10,-1,1,1,3,-1,-1,3,0,0,1,0,0,10,0,0,0,19.08
1,0,0,0,-1,0,1,3,0,0,0,0,3,0,0,-1,1,0,-1,1,-1,3,0,16,150,0,9223372036800000000,1e+75,0,10,0,0,7,0,0,1,0,0,1,1,3,0,0,0,0,1,2,0,1,-1,-1,-1,-1,-1,10,-1,1,1,3,-1,-1,3,0,0,1,0,0,10,0,0,0,1.79769e+308
1,0,0,0,-1,0,1,3,0,0,0,0,-1,0,-1,-1,1,0,2,1,1,3,0,-1,800,0,9223372036800000000,5,0,10,0,0,7,0,3,1,0,0,1,1,0,0,0,0,0,0,2,0,1,-1,-1,-1,-1,0,10,-1,1,1,3,-1,-1,-1,0,0,1,0,0,10,0,0,0,9.11
1,0,0,0,-1,0,1,3,0,0,0,0,-1,0,0,-1,1,0,-1,1,-1,3,0,16,150,0,9223372036800000000,1e+75,0,10,0,0,7,0,0,1,0,0,1,1,3,0,0,0,0,0,2,0,1,-1,-1,-1,-1,-1,10,-1,1,1,3,-1,-1,3,0,0,1,0,0,10,0,0,0,14.49
1,0,0,0,-1,0,1,5,0,0,0,0,2,0,-1,1,-1,1,0,1,0,3,0,8,400,0,9223372036800000000,1e+75,0,10,0,0,7,0,3,1,1000,0,1,1,-1,0,0,6,0,1,2,0,1,-1,-1,-1,-1,-1,10,-1,1,1,3,-1,-1,-1,0,0,1,5,0,10,0,0,0,30.92
1,0,0,0,-1,0,1,3,0,0,0,0,1,0,-1,-1,2,1,2,-1,0,3,0,8,100,0,9223372036800000000,1e+75,0,10,0,0,7,0,3,1,100,0,1,1,1,0,0,0,0,2,2,0,1,-1,-1,-1,-1,1,10,-1,1,1,3,-1,-1,-1,0,0,1,1,0,10,0,0,0,25.31
1,0,0,0,-1,0,1,3,0,0,0,0,3,0,0,-1,1,0,-1,1,1,3,0,16,150,0,9223372036800000000,1e+75,0,10,0,0,7,0,0,1,0,0,1,1,3,0,0,0,0,0,2,0,1,-1,-1,-1,-1,-1,10,-1,1,1,3,-1,-1,3,0,0,1,0,0,10,0,0,0,14.49
1,0,0,0,-1,0,1,3,0,0,0,0,3,0,0,-1,1,0,-1,1,-1,3,0,16,50,0,9223372036800000000,1e+75,0,10,0,0,7,0,0,1,0,0,1,1,3,0,0,0,0,0,2,0,1,-1,-1,-1,-1,-1,10,-1,1,1,3,-1,-1,3,0,0,1,0,0,10,0,0,0,20.71
1,0,0,0,-1,0,1,5,0,0,1,0,1,0,-1,1,0,1,2,0,-1,3,0,2,150,0,9223372036800000000,1e+75,0,10,0,1,7,0,0,2,100,0,1,0,2,0,0,0,0,4,1,0,1,-1,-1,-1,1,1,10,-1,1,1,3,1,-1,0,0,0,1,4,0,10,0,0,0,56.2
1,0,0,0,-1,0,1,1,0,0,0,0,2,0,-1,-1,2,2,-1,2,2,3,0,2,150,0,9223372036800000000,1e+75,0,10,0,0,7,0,1,1,1000,0,1,1,2,0,0,0,0,2,2,0,1,-1,-1,-1,-1,1,10,-1,1,1,3,-1,-1,0,0,0,1,0,0,10,0,0,0,31.32
1,0,0,0,-1,0,1,3,0,0,0,0,3,0,0,-1,1,-1,-1,1,-1,3,0,16,10,0,9223372036800000000,1e+75,0,10,0,0,7,0,0,1,0,0,1,1,3,0,0,0,0,0,2,0,1,-1,-1,-1,-1,-1,10,-1,1,1,3,-1,-1,1,0,0,1,0,0,10,0,0,0,12.21
1,0,0,0,-1,0,1,3,0,0,0,0,-1,0,-1,-1,1,0,2,1,1,3,0,-1,800,0,9223372036800000000,1e+75,0,10,0,0,7,0,3,1,0,0,1,1,-1,0,0,0,0,0,2,0,1,-1,-1,-1,-1,0,10,-1,1,1,3,-1,-1,-1,0,0,1,0,0,10,0,0,0,11.89
1,0,0,0,-1,0,1,3,0,0,0,0,3,0,1,-1,1,-1,-1,1,-1,3,0,16,10,0,9223372036800000000,1e+75,0,10,0,0,7,0,0,1,0,0,1,1,2,0,0,0,0,0,2,0,1,-1,-1,-1,-1,-1,10,-1,1,1,3,-1,-1,3,0,0,1,0,0,10,0,0,0,12.03
1,0,0,0,-1,0,1,3,0,0,5,0,-1,0,-1,-1,1,0,2,1,1,3,0,-1,800,0,9223372036800000000,1e+75,0,10,0,0,7,0,3,1,40,0,1,1,1,0,0,0,0,0,2,0,1,-1,-1,-1,-1,0,10,-1,1,1,3,-1,-1,-1,0,0,1,2,0,10,0,0,0,8.95
1,0,0,0,-1,0,1,3,0,0,0,0,3,0,0,-1,1,-1,-1,1,-1,3,0,16,10,0,9223372036800000000,1e+75,0,10,0,0,7,0,0,1,0,0,1,1,2,0,0,0,0,0,2,0,1,-1,-1,-1,-1,1,10,-1,1,1,3,-1,-1,3,0,0,1,0,0,10,0,0,0,1.79769e+308
1,0,0,0,-1,0,1,3,0,0,0,0,3,0,0,-1,1,-1,-1,1,-1,3,0,16,10,0,9223372036800000000,1e+75,0,10,0,0,7,0,2,1,0,0,1,1,2,0,0,0,0,0,2,0,1,-1,-1,-1,-1,-1,10,-1,1,1,3,-1,-1,3,0,0,1,0,0,10,0,0,0,12.02
1,0,0,0,-1,0,1,0,0,0,0,0,1,0,1,1,2,1,2,0,1,3,0,16,400,0,9223372036800000000,1e+75,0,10,0,0,7,0,0,1,1000,0,1,0,0,0,0,4,0,-1,2,0,1,-1,-1,-1,-1,-1,10,-1,1,1,3,-1,-1,5,0,0,1,0,0,10,0,0,0,30.44
1,0,0,0,-1,0,1,0,0,0,0,0,2,0,0,2,0,-1,1,2,0,3,0,2,25,0,9223372036800000000,1e+75,0,10,0,0,7,0,2,1,500,0,1,1,0,0,0,0,0,3,2,0,1,-1,-1,-1,-1,-1,10,-1,1,1,3,-1,-1,1,0,0,1,0,0,10,0,0,0,21.26
1,0,0,0,-1,0,1,3,0,0,0,0,-1,0,-1,-1,1,0,2,1,1,3,0,-1,800,0,9223372036800000000,1e+75,0,10,0,0,7,0,3,1,40,0,1,1,1,0,0,0,4,0,2,0,1,-1,-1,-1,-1,0,10,-1,1,1,3,-1,-1,-1,0,0,1,0,0,10,0,0,0,1.79769e+308
1,0,0,0,-1,0,1,4,0,0,0,0,3,0,-1,-1,1,0,1,1,1,3,0,-1,150,0,9223372036800000000,1e+75,0,10,0,0,7,0,1,1,-1,0,1,1,3,0,0,0,0,0,2,0,1,-1,-1,-1,-1,-1,10,-1,1,1,3,-1,-1,1,0,0,1,0,0,10,0,0,0,1.79769e+308
1,0,0,0,-1,0,1,4,0,0,0,0,2,0,0,0,2,-1,1,2,-1,3,0,1,25,0,9223372036800000000,1e+75,0,10,0,0,7,0,3,1,100,0,1,0,0,0,0,1,0,2,2,0,1,-1,1,-1,-1,0,10,-1,1,1,3,-1,-1,2,0,0,1,3,0,10,0,0,0,24.51
1,0,0,0,-1,0,1,0,0,0,0,0,2,0,0,2,0,-1,1,2,0,3,0,2,25,0,9223372036800000000,1e+75,0,10,0,0,7,0,2,1,500,0,1,1,0,0,0,0,0,3,2,0,1,-1,-1,-1,-1,-1,10,-1,1,1,3,-1,-1,3,0,0,1,0,0,10,0,0,0,21.26
1,0,0,0,-1,0,1,5,0,0,0,0,3,0,-1,1,-1,1,0,1,0,3,0,8,400,0,9223372036800000000,1e+75,0,10,0,0,7,0,3,1,1000,0,1,1,-1,0,0,6,0,1,2,0,1,-1,-1,-1,-1,-1,10,-1,1,1,3,-1,-1,-1,0,0,1,5,0,10,0,0,0,30.92
1,0,0,0,-1,0,1,0,0,0,0,0,2,0,0,2,0,-1,1,2,-1,3,0,2,25,0,9223372036800000000,1e+75,0,10,0,0,7,0,2,1,500,0,1,1,0,0,0,0,0,3,2,0,1,-1,-1,-1,-1,-1,10,-1,1,1,3,-1,-1,1,0,0,1,0,0,10,0,0,0,21.26
1,0,0,0,-1,0,1,0,0,0,0,0,-1,0,0,-1,1,-1,2,1,1,3,0,-1,800,0,9223372036800000000,1e+75,0,10,0,3,7,0,1,0,500,0,1,1,2,0,0,6,0,1,3,2,1,-1,-1,-1,2,-1,10,-1,1,1,0,-1,-1,1,0,0,1,5,0,10,0,0,0,23.42
1,0,0,0,-1,0,1,0,0,0,0,0,2,0,0,2,0,-1,1,2,0,3,0,2,25,0,9223372036800000000,1e+75,0,10,0,0,7,0,1,1,500,0,1,1,0,0,0,0,0,3,2,0,1,-1,-1,-1,-1,-1,10,-1,1,1,3,-1,-1,1,0,0,1,0,0,10,0,0,0,24.06
1,0,0,0,-1,0,1,0,0,0,0,0,-1,0,-1,-1,-1,-1,2,-1,-1,3,0,16,100,0,9223372036800000000,1e+75,0,10,0,0,7,0,1,1,0,0,1,1,-1,0,0,6,0,0,2,0,1,-1,-1,-1,-1,-1,10,-1,1,1,3,-1,-1,5,0,0,1,0,0,10,0,0,0,33.27
1,0,0,0,-1,0,1,4,0,0,0,0,2,0,0,2,0,-1,1,2,0,3,0,2,25,0,9223372036800000000,1e+75,0,10,0,0,7,0,2,1,500,0,1,1,0,0,0,0,0,3,2,0,1,-1,-1,-1,-1,1,10,-1,1,1,3,-1,-1,1,0,0,1,0,0,10,0,0,0,29.2
1,0,0,0,-1,0,1,0,0,0,0,0,2,0,1,2,0,-1,1,2,0,3,0,2,25,0,9223372036800000000,1e+75,0,10,0,0,7,0,2,1,500,0,1,1,0,0,0,0,0,3,2,0,1,-1,-1,-1,-1,-1,10,-1,1,1,3,-1,-1,1,0,0,1,0,0,10,0,0,0,21.26
1,0,0,0,-1,0,1,0,0,0,0,0,2,0,0,2,-1,-1,1,2,0,3,0,2,25,0,9223372036800000000,1e+75,0,10,0,0,7,0,2,1,500,0,1,1,0,0,0,0,0,3,2,0,1,-1,-1,-1,-1,-1,10,-1,1,1,3,-1,-1,1,0,0,1,0,0,10,0,0,0,26.12
1,0,0,0,-1,0,1,0,0,0,0,0,2,0,0,2,0,-1,1,2,0,3,0,2,25,0,9223372036800000000,1e+75,0,10,0,0,7,0,2,1,500,0,1,1,0,0,0,0,0,3,2,0,1,-1,-1,-1,-1,-1,10,-1,1,1,3,-1,-1,-1,0,0,1,0,0,10,0,0,0,21.26
1,0,0,0,-1,0,1,0,0,0,0,0,-1,0,0,-1,1,-1,1,1,1,3,0,-1,800,0,9223372036800000000,1e+75,0,10,0,2,7,0,1,0,500,0,1,1,2,0,0,6,0,1,3,2,1,-1,-1,-1,2,-1,10,-1,1,1,0,-1,-1,1,0,0,1,5,0,10,0,0,0,24.11
1,0,0,0,-1,0,1,4,0,0,0,0,2,0,0,2,0,-1,1,2,0,3,0,2,25,0,9223372036800000000,1e+75,0,10,0,0,7,0,2,1,500,0,1,1,0,0,0,0,0,3,2,0,1,-1,-1,-1,-1,-1,10,-1,1,1,3,-1,-1,1,0,0,1,0,0,10,0,0,0,21.02
1,0,0,0,-1,0,1,0,0,0,0,0,-1,0,-1,2,-1,1,0,0,0,3,0,8,150,0,9223372036800000000,1e+75,0,10,0,3,7,0,1,1,0,0,1,1,1,0,0,1,0,4,1,2,1,-1,1,-1,3,-1,10,-1,1,1,0,1,-1,5,0,0,1,5,0,10,0,0,0,22.39
1,0,0,0,-1,0,1,3,0,0,0,0,-1,0,-1,-1,1,0,2,1,1,3,0,-1,800,0,9223372036800000000,1e+75,0,10,0,0,10,0,3,1,0,0,1,1,0,0,0,0,0,0,2,0,1,-1,-1,-1,-1,0,10,-1,1,1,3,-1,-1,-1,0,0,1,0,0,10,0,0,0,9.11
1,0,0,0,-1,0,1,3,0,0,0,0,0,0,0,-1,0,2,0,1,-1,3,0,-1,800,0,9223372036800000000,1e+75,0,10,0,0,7,0,0,1,0,0,1,1,0,0,0,0,0,0,2,0,1,-1,-1,-1,-1,0,10,-1,1,1,3,-1,-1,-1,0,0,1,0,0,10,0,0,0,11.45
1,0,0,0,-1,0,1,0,0,0,0,0,2,0,-1,2,0,-1,1,2,0,3,0,2,25,0,9223372036800000000,1e+75,0,10,0,0,7,0,2,1,500,0,1,1,0,0,0,0,0,3,2,0,1,-1,-1,-1,-1,-1,10,-1,1,1,3,-1,-1,1,0,0,1,0,0,10,0,0,0,21.26
1,0,0,0,-1,0,1,5,0,0,0,0,0,0,-1,1,2,1,2,0,2,3,0,1,200,0,9223372036800000000,1e+75,0,10,0,0,7,0,1,1,-1,0,1,0,0,0,0,0,0,2,2,0,1,-1,-1,-1,-1,-1,10,-1,1,1,3,-1,-1,3,0,0,1,0,0,10,0,0,0,29.39
1,0,0,0,-1,0,1,0,0,0,0,0,2,0,0,-1,2,0,0,1,-1,3,0,-1,200,0,9223372036800000000,1e+75,0,10,0,0,7,0,0,1,0,0,1,1,0,0,0,0,0,0,2,0,1,-1,-1,-1,-1,0,10,-1,1,1,3,-1,-1,-1,0,0,1,0,0,10,0,0,0,29.66
1,0,0,0,-1,0,1,0,0,0,0,0,-1,0,-1,0,2,2,2,2,2,3,0,4,10,0,9223372036800000000,1e+75,0,10,0,0,7,0,1,1,1000,0,1,0,1,0,0,1,0,1,2,0,1,-1,1,-1,-1,-1,10,-1,1,1,3,-1,-1,3,0,0,1,0,0,10,0,0,0,53.56
1,0,0,0,-1,0,1,4,0,0,0,0,-1,0,0,2,0,-1,1,2,0,3,0,2,25,0,9223372036800000000,1e+75,0,10,0,0,7,0,2,1,500,0,1,1,0,0,0,0,0,3,2,0,1,-1,-1,-1,-1,-1,10,-1,1,1,3,-1,-1,1,0,0,1,0,0,10,0,0,0,24
1,0,0,0,-1,0,1,4,0,0,0,0,2,0,0,2,0,-1,1,2,0,3,0,2,25,0,9223372036800000000,1e+75,0,10,0,0,7,0,2,1,0,0,1,1,0,0,0,0,0,3,2,0,1,-1,-1,-1,-1,-1,10,-1,1,1,3,-1,-1,1,0,0,1,0,0,10,0,0,0,21.81
1,0,0,0,-1,0,1,0,0,0,0,0,0,0,-1,-1,-1,-1,2,-1,1,3,0,8,200,0,9223372036800000000,1e+75,0,10,0,0,7,0,0,1,20,0,1,1,0,0,0,0,0,-1,2,0,1,-1,-1,-1,-1,-1,10,-1,1,1,3,-1,-1,0,0,0,1,0,0,10,0,0,0,1.79769e+308
1,0,0,0,-1,0,1,2,0,0,0,0,3,0,-1,0,1,1,2,0,-1,3,0,4,25,0,9223372036800000000,1e+75,0,10,0,0,7,0,3,1,0,0,1,1,2,0,0,0,0,3,2,0,1,-1,-1,-1,-1,-1,10,-1,1,1,3,-1,-1,2,0,0,1,0,0,10,0,0,0,14.55
1,0,0,0,-1,0,1,4,0,0,0,0,2,0,0,2,0,-1,1,2,0,3,0,2,25,0,9223372036800000000,1e+75,0,10,0,0,7,0,0,1,500,0,1,1,0,0,0,0,0,3,2,0,1,-1,-1,-1,-1,-1,10,-1,1,1,3,-1,-1,1,0,0,1,0,0,10,0,0,0,23.8
1,0,0,0,-1,0,1,1,0,0,0,0,2,0,-1,-1,2,2,-1,2,2,3,0,2,150,0,9223372036800000000,1e+75,0,10,0,0,7,0,2,1,1000,0,1,1,2,0,0,0,0,2,2,0,1,-1,-1,-1,-1,1,10,-1,1,1,3,-1,-1,0,0,0,1,0,0,10,0,0,0,31.18
1,0,0,0,-1,0,1,4,0,0,0,0,2,0,0,2,1,-1,1,2,0,3,0,2,25,0,9223372036800000000,1e+75,0,10,0,0,7,0,2,1,500,0,1,1,0,0,0,0,0,3,2,0,1,-1,-1,-1,-1,-1,10,-1,1,1,3,-1,-1,1,0,0,1,0,0,10,0,0,0,21.02
1,0,0,0,-1,0,1,5,0,0,1,0,1,0,1,1,0,1,2,0,-1,3,0,2,150,0,9223372036800000000,1e+75,0,10,0,1,7,0,0,2,100,0,1,0,-1,0,0,0,0,4,1,0,1,-1,-1,-1,1,1,10,-1,1,1,3,1,-1,0,0,0,1,4,0,10,0,0,0,56.2
1,0,0,0,-1,0,1,4,0,0,0,0,2,0,0,2,0,-1,1,2,0,3,0,1,25,0,9223372036800000000,1e+75,0,10,0,0,7,0,2,1,500,0,1,1,0,0,0,0,0,3,2,0,1,-1,-1,-1,-1,-1,10,-1,1,1,3,-1,-1,1,0,0,1,0,0,10,0,0,0,25.81
1,0,0,0,-1,0,1,4,0,0,0,0,2,0,0,2,-1,-1,1,2,0,3,0,2,25,0,9223372036800000000,1e+75,0,10,0,0,7,0,2,1,500,0,1,1,0,0,0,0,0,3,2,0,1,-1,-1,-1,-1,-1,10,-1,1,1,3,-1,-1,1,0,0,1,0,0,10,0,0,0,25.25
1,0,0,0,-1,0,1,4,0,0,0,0,-1,0,0,2,0,0,0,-1,2,3,0,16,50,0,9223372036800000000,1e+75,0,10,0,0,7,0,1,1,0,0,1,0,3,0,0,1,0,2,2,0,1,-1,-1,-1,-1,-1,10,-1,1,1,3,-1,-1,1,0,0,1,3,0,10,0,0,0,1.79769e+308
1,0,0,0,-1,0,1,3,0,0,0,0,-1,0,-1,1,2,0,1,2,0,3,0,8,100,0,9223372036800000000,1e+75,0,10,0,0,7,0,0,1,-1,0,1,1,1,0,0,5,0,4,2,0,1,-1,-1,-1,-1,1,10,-1,1,1,3,-1,-1,0,0,0,1,5,0,10,0,0,0,1.79769e+308
1,0,0,0,-1,0,1,4,0,0,0,0,2,0,0,1,0,-1,1,2,0,3,0,2,25,0,9223372036800000000,1e+75,0,10,0,0,7,0,2,1,500,0,1,1,0,0,0,0,0,3,2,0,1,-1,-1,-1,-1,-1,10,-1,1,1,3,-1,-1,1,0,0,1,0,0,10,0,0,0,16.04
1,0,0,0,-1,0,1,4,0,0,0,0,3,0,-1,1,1,-1,0,2,-1,3,0,1,150,0,9223372036800000000,1e+75,0,10,0,0,7,0,2,1,0,0,1,1,2,0,0,0,0,2,2,0,1,-1,-1,-1,-1,-1,10,-1,1,1,3,-1,-1,-1,0,0,1,0,0,10,0,0,0,14.38
1,0,0,0,-1,0,1,4,0,0,0,0,3,0,1,1,-1,-1,0,2,-1,3,0,1,150,0,9223372036800000000,1e+75,0,10,0,0,7,0,2,1,0,0,1,1,2,0,0,0,0,2,2,0,1,-1,-1,-1,-1,-1,10,-1,1,1,3,-1,-1,-1,0,0,1,0,0,10,0,0,0,14.38
1,0,0,0,-1,0,1,0,0,0,0,0,3,0,0,-1,2,0,1,1,-1,3,0,8,50,0,9223372036800000000,1e+75,0,10,0,0,7,0,0,1,0,0,1,1,1,0,0,1,0,0,2,0,1,-1,-1,-1,-1,-1,10,-1,1,1,3,-1,-1,4,0,0,1,4,0,10,0,0,0,15.44
1,0,0,0,-1,0,1,5,0,0,1,0,1,0,1,1,0,1,2,-1,-1,3,0,2,150,0,9223372036800000000,1e+75,0,10,0,1,7,0,0,2,100,0,1,0,2,0,0,0,0,4,1,0,1,-1,-1,-1,1,1,10,-1,1,1,3,1,-1,-1,0,0,1,4,0,10,0,0,0,55.17
1,0,0,0,-1,0,1,4,0,0,0,0,3,0,1,-1,1,-1,0,2,-1,3,0,1,150,0,9223372036800000000,1e+75,0,10,0,0,7,0,2,1,0,0,1,1,2,0,0,0,0,2,2,0,1,-1,-1,-1,-1,-1,10,-1,1,1,3,-1,-1,-1,0,0,1,0,0,10,0,0,0,14.38
1,0,0,0,-1,0,1,5,0,0,1,0,1,0,-1,2,2,1,0,1,2,3,0,8,25,0,9223372036800000000,1e+75,0,10,0,0,7,0,1,2,100,0,1,0,-1,0,0,1,0,3,1,3,1,-1,-1,-1,0,1,10,-1,1,1,3,-1,-1,3,0,0,1,0,0,10,0,0,0,26.79
1,0,0,0,-1,0,1,2,0,0,0,0,-1,0,-1,0,1,1,2,0,2,3,0,4,25,0,9223372036800000000,1e+75,0,10,0,0,7,0,3,1,0,0,1,1,2,0,0,0,0,3,2,0,1,-1,-1,-1,-1,-1,10,-1,1,1,3,-1,-1,2,0,0,1,0,0,10,0,0,0,14.55
1,0,0,0,-1,0,1,3,0,0,0,0,-1,0,-1,-1,1,0,2,1,1,3,0,-1,800,0,9223372036800000000,1e+75,0,10,0,0,7,0,3,1,40,0,1,1,1,0,0,0,0,0,2,0,1,-1,-1,-1,-1,0,40,-1,1,1,3,-1,-1,-1,0,0,1,2,0,10,0,0,0,8.95
1,0,0,0,-1,0,1,5,0,0,0,0,3,0,1,1,1,-1,0,2,-1,3,0,1,150,0,9223372036800000000,1e+75,0,10,0,0,7,0,2,1,0,0,1,1,2,0,0,0,0,2,2,0,1,-1,-1,-1,-1,-1,10,-1,1,1,3,-1,-1,-1,0,0,1,0,0,10,0,0,0,31.44
1,0,0,0,-1,0,1,3,0,0,0,0,-1,0,-1,-1,1,0,2,1,1,3,0,-1,800,0,9223372036800000000,1e+75,0,10,0,0,7,0,0,1,0,0,3,1,0,0,0,0,0,0,2,0,1,-1,-1,-1,-1,0,10,-1,1,1,3,-1,-1,-1,0,0,1,0,0,10,0,0,0,15.7
1,0,0,0,-1,0,1,1,0,0,0,0,3,0,0,0,-1,-1,0,0,2,3,0,-1,200,0,9223372036800000000,1e+75,0,10,0,0,7,0,2,1,-1,0,1,1,1,0,0,0,0,-1,2,0,1,-1,-1,-1,-1,0,10,-1,1,1,3,-1,-1,-1,0,0,1,0,0,10,0,0,0,1.79769e+308
1,0,0,0,-1,0,1,4,0,0,0,0,3,0,1,1,1,-1,0,2,-1,3,0,1,150,0,9223372036800000000,1e+75,0,10,0,0,7,0,0,1,0,0,1,1,2,0,0,0,0,2,2,0,1,-1,-1,-1,-1,-1,10,-1,1,1,3,-1,-1,-1,0,0,1,0,0,10,0,0,0,31.47
1,0,0,0,-1,0,1,3,0,0,0,0,-1,0,-1,-1,1,0,2,1,1,3,0,-1,800,0,9223372036800000000,1e+75,0,10,0,0,7,0,3,1,40,0,1,1,1,0,0,0,0,0,2,0,1,-1,-1,-1,-1,0,10,-1,1,0,3,-1,-1,-1,0,0,1,2,0,10,0,0,0,8.95
1,0,0,0,-1,0,1,3,0,0,0,0,2,0,0,-1,2,0,0,1,-1,3,0,-1,200,0,9223372036800000000,1e+75,0,10,0,0,7,0,0,1,0,0,1,1,0,0,0,0,0,0,2,0,1,-1,-1,-1,-1,0,10,-1,1,1,3,-1,-1,-1,0,0,1,0,0,10,0,0,0,11.19
1,0,0,0,-1,0,1,5,0,0,0,0,-1,0,1,2,0,-1,-1,-1,0,3,0,16,400,0,9223372036800000000,1e+75,0,10,0,0,7,0,1,1,40,0,1,0,2,0,0,5,0,4,2,0,1,-1,-1,-1,-1,1,10,-1,1,1,3,-1,-1,5,0,0,1,5,0,10,0,0,0,24.95
1,0,0,0,-1,0,1,5,0,0,1,0,-1,0,-1,2,2,1,0,1,2,3,0,2,25,0,9223372036800000000,1e+75,0,10,0,0,7,0,1,2,100,0,1,0,-1,0,0,1,0,3,1,3,1,-1,-1,-1,0,1,10,-1,1,1,3,-1,-1,3,0,0,1,0,0,10,0,0,0,20.43
1,0,0,0,-1,0,1,4,0,0,0,0,3,0,1,1,1,0,0,2,-1,3,0,1,150,0,9223372036800000000,1e+75,0,10,0,0,7,0,2,1,0,0,1,1,2,0,0,0,0,2,2,0,1,-1,-1,-1,-1,-1,10,-1,1,1,3,-1,-1,-1,0,0,1,0,0,10,0,0,0,14.38
1,0,0,0,-1,0,1,4,0,0,0,0,3,0,1,2,1,-1,0,2,-1,3,0,1,150,0,9223372036800000000,1e+75,0,10,0,0,7,0,2,1,0,0,1,1,2,0,0,0,0,2,2,0,1,-1,-1,-1,-1,-1,10,-1,1,1,3,-1,-1,-1,0,0,1,0,0,10,0,0,0,14.38
1,0,0,0,-1,0,1,4,0,0,0,0,3,0,1,1,1,-1,0,2,-1,3,0,1,150,0,9223372036800000000,1e+75,0,10,0,0,7,0,2,1,0,0,1,1,3,0,0,0,0,2,2,0,1,-1,-1,-1,-1,-1,10,-1,1,1,3,-1,-1,-1,0,0,1,0,0,10,0,0,0,30.21
1,0,0,0,-1,0,1,2,0,0,0,0,1,0,1,0,0,0,2,2,2,3,0,-1,150,0,9223372036800000000,1e+75,0,10,0,0,7,0,0,1,0,0,1,1,0,0,0,0,0,4,2,0,1,-1,-1,-1,-1,0,10,-1,1,1,3,-1,-1,-1,0,0,1,0,0,10,0,0,0,30.32
1,0,0,0,-1,0,1,4,0,0,0,0,3,0,1,1,1,-1,0,2,-1,3,0,1,150,0,9223372036800000000,1e+75,0,10,0,0,7,0,1,1,0,0,1,1,2,0,0,0,0,2,2,0,1,-1,-1,-1,-1,-1,10,-1,1,1,3,-1,-1,-1,0,0,1,0,0,10,0,0,0,31.57
1,0,0,0,-1,0,1,4,0,0,0,0,3,0,1,1,1,-1,0,2,-1,3,0,1,150,0,9223372036800000000,1e+75,0,10,0,0,7,0,2,1,0,0,1,1,2,0,0,0,0,0,2,0,1,-1,-1,-1,-1,-1,10,-1,1,1,3,-1,-1,-1,0,0,1,0,0,10,0,0,0,29.47
1,0,0,0,-1,0,1,2,0,0,0,0,2,0,-1,0,2,-1,-1,-1,2,3,0,-1,400,0,9223372036800000000,1e+75,0,10,0,0,7,0,0,1,0,0,1,1,0,0,0,0,0,3,2,0,1,-1,-1,-1,-1,0,10,-1,1,1,3,-1,-1,-1,0,0,1,0,0,10,0,0,0,26.22
1,0,0,0,-1,0,1,4,0,0,0,0,3,0,1,1,1,-1,0,2,-1,3,0,1,150,0,9223372036800000000,1e+75,0,10,0,0,7,0,2,1,40,0,1,1,2,0,0,0,0,2,2,0,1,-1,-1,-1,-1,-1,10,-1,1,1,3,-1,-1,-1,0,0,1,0,0,10,0,0,0,25.41
1,0,0,0,-1,0,1,4,0,0,0,0,1,0,1,1,1,-1,0,2,-1,3,0,1,150,0,9223372036800000000,1e+75,0,10,0,0,7,0,2,1,0,0,1,1,2,0,0,0,0,2,2,0,1,-1,-1,-1,-1,-1,10,-1,1,1,3,-1,-1,-1,0,0,1,0,0,10,0,0,0,14.38
1,0,0,0,-1,0,1,5,0,0,1,0,1,0,1,1,0,1,2,0,-1,3,0,2,150,0,9223372036800000000,1e+75,0,10,0,1,7,0,0,2,0,0,1,0,2,0,0,0,0,4,1,0,1,-1,-1,-1,1,1,10,-1,1,1,3,1,-1,0,0,0,1,4,0,10,0,0,0,56.2
1,0,0,0,-1,0,1,1,0,0,0,0,3,0,0,0,-1,-1,0,0,2,3,0,-1,200,0,9223372036800000000,1e+75,0,10,0,0,7,0,2,1,20,0,1,1,1,0,0,0,0,0,2,0,1,-1,-1,-1,-1,0,10,-1,1,1,3,-1,-1,-1,0,0,1,0,0,10,0,0,0,21.24
1,0,0,0,-1,0,1,3,0,0,0,0,3,0,1,1,1,-1,0,2,-1,3,0,1,150,0,9223372036800000000,1e+75,0,10,0,0,7,0,2,1,0,0,1,1,2,0,0,0,0,2,2,0,1,-1,-1,-1,-1,-1,10,-1,1,1,3,-1,-1,-1,0,0,1,0,0,10,0,0,0,1.79769e+308
1,0,0,0,-1,0,1,3,0,0,0,0,-1,0,-1,-1,1,0,2,1,1,3,0,-1,800,0,9223372036800000000,1e+75,0,10,0,0,7,0,3,1,40,0,1,1,1,0,0,0,0,0,2,0,1,-1,-1,-1,-1,0,10,-1,1,1,3,-1,-1,-1,0,0,1,1,0,10,0,0,0,18.27
1,0,0,0,-1,0,1,4,0,0,0,0,3,0,1,1,1,-1,0,2,-1,3,0,1,150,0,9223372036800000000,1e+75,0,10,0,0,7,0,3,1,0,0,1,1,2,0,0,0,0,2,2,0,1,-1,-1,-1,-1,-1,10,-1,1,1,3,-1,-1,-1,0,0,1,0,0,10,0,0,0,31.47
1,0,0,0,-1,0,1,4,0,0,0,0,3,0,1,1,1,-1,0,2,-1,3,0,1,150,0,9223372036800000000,1e+75,0,10,0,0,7,0,2,1,0,0,1,1,1,0,0,0,0,2,2,0,1,-1,-1,-1,-1,-1,10,-1,1,1,3,-1,-1,-1,0,0,1,0,0,10,0,0,0,27.38
1,0,0,0,-1,0,1,5,0,0,0,0,2,0,-1,-1,2,0,0,1,-1,3,0,-1,200,0,9223372036800000000,1e+75,0,10,0,0,7,0,0,1,0,0,1,1,0,0,0,0,0,0,2,0,1,-1,-1,-1,-1,0,10,-1,1,1,3,-1,-1,-1,0,0,1,0,0,10,0,0,0,19.17
1,0,0,0,-1,0,1,1,0,0,0,0,3,0,1,-1,2,2,1,-1,-1,3,0,1,100,0,9223372036800000000,1e+75,0,10,0,0,7,0,2,1,0,0,1,1,0,0,0,6,0,2,2,0,1,-1,-1,-1,-1,0,10,-1,1,1,3,-1,-1,-1,0,0,1,5,0,10,0,0,0,21.69
1,0,0,0,-1,0,1,5,0,0,0,0,3,0,-1,1,-1,1,2,0,2,3,0,1,200,0,9223372036800000000,1e+75,0,10,0,0,7,0,1,1,20,0,1,0,0,0,0,0,0,2,2,0,1,-1,-1,-1,-1,1,10,-1,1,1,3,-1,-1,3,0,0,1,0,0,10,0,0,0,40.3
1,0,0,0,-1,0,1,5,0,0,0,0,0,0,-1,1,-1,1,2,0,2,3,0,1,200,0,9223372036800000000,1e+75,0,10,0,0,7,0,1,1,40,0,1,0,0,0,0,0,0,2,2,0,1,-1,-1,-1,-1,1,10,-1,1,1,3,-1,-1,3,0,0,1,0,0,10,0,0,0,40.04
1,0,0,0,-1,0,1,5,0,0,0,0,0,0,-1,1,-1,1,2,-1,2,3,0,1,200,0,9223372036800000000,1e+75,0,10,0,0,7,0,1,1,40,0,1,0,0,0,0,0,0,2,2,0,1,-1,-1,-1,-1,1,10,-1,1,1,3,-1,-1,3,0,0,1,0,0,10,0,0,0,40.04
1,0,0,0,-1,0,1,1,0,0,0,0,2,0,-1,-1,2,2,-1,2,2,3,0,2,150,0,9223372036800000000,1e+75,0,10,0,0,7,0,2,1,1000,0,1,1,2,0,0,0,0,2,2,0,1,-1,-1,-1,-1,1,10,-1,1,1,3,-1,-1,1,0,0,1,0,0,10,0,0,0,31.18
1,0,0,0,-1,0,1,5,0,0,0,0,0,0,-1,1,-1,1,2,0,2,3,0,1,25,0,9223372036800000000,1e+75,0,10,0,0,7,0,1,1,40,0,1,0,0,0,0,0,0,2,2,0,1,-1,-1,-1,-1,1,10,-1,1,1,3,-1,-1,3,0,0,1,0,0,10,0,0,0,40.04
1,0,0,0,-1,0,1,5,0,0,0,0,0,0,-1,1,-1,1,2,0,2,3,0,1,200,0,9223372036800000000,1e+75,0,10,0,0,7,0,1,1,40,0,1,0,0,0,0,0,0,2,2,0,1,-1,-1,-1,-1,1,10,-1,1,1,3,-1,-1,2,0,0,1,0,0,10,0,0,0,40.04
1,0,0,0,-1,0,1,5,0,0,0,0,0,0,-1,1,-1,2,2,0,2,3,0,1,200,0,9223372036800000000,1e+75,0,10,0,0,7,0,1,1,-1,0,1,0,0,0,0,0,0,2,2,0,1,-1,-1,-1,-1,-1,10,-1,1,1,3,-1,-1,3,0,0,1,0,0,10,0,0,0,29.39
1,0,0,0,-1,0,1,5,0,0,0,0,0,0,-1,1,-1,1,2,0,2,3,0,1,200,0,9223372036800000000,1e+75,0,10,0,0,7,0,1,1,-1,0,1,0,0,0,0,0,0,-1,2,0,1,-1,-1,-1,-1,-1,10,-1,1,1,3,-1,-1,3,0,0,1,0,0,10,0,0,0,1.79769e+308
1,0,0,0,-1,0,1,5,0,0,0,0,3,0,-1,1,-1,1,2,0,2,3,0,1,200,0,9223372036800000000,1e+75,0,10,0,0,7,0,1,1,-1,0,1,0,0,0,0,0,0,2,2,0,1,-1,-1,-1,-1,-1,10,-1,1,1,3,-1,-1,3,0,0,1,0,0,10,0,0,0,29.39
1,0,0,0,-1,0,1,0,0,0,0,0,1,0,1,1,2,1,2,0,-1,3,0,16,400,0,9223372036800000000,1e+75,0,10,0,0,7,0,0,1,1000,0,1,0,1,0,0,6,0,-1,2,0,1,-1,-1,-1,-1,-1,10,-1,1,1,3,-1,-1,5,0,0,1,5,0,10,0,0,0,44.95
1,0,0,0,-1,0,1,1,0,0,0,0,3,0,0,0,-1,-1,0,0,2,3,0,-1,200,0,9223372036800000000,1e+75,0,10,0,0,7,0,2,1,0,0,1,1,1,0,0,0,0,-1,2,0,1,-1,-1,-1,-1,0,10,-1,1,1,3,-1,-1,-1,0,0,1,0,0,10,0,0,0,1.79769e+308
1,0,0,0,-1,0,1,4,0,0,0,0,-1,0,0,2,0,0,0,1,2,3,0,16,50,0,9223372036800000000,1e+75,0,10,0,0,7,0,1,1,0,0,1,0,3,0,0,1,0,-1,2,0,1,-1,-1,-1,-1,-1,10,-1,1,1,3,-1,-1,1,0,0,1,3,0,10,0,0,0,32.24
1,0,0,0,-1,0,1,5,0,0,0,0,0,0,-1,1,-1,1,2,0,2,3,0,1,200,0,9223372036800000000,1e+75,0,10,0,0,7,0,0,1,-1,0,1,0,0,0,0,0,0,2,2,0,1,-1,-1,-1,-1,-1,10,-1,1,1,3,-1,-1,3,0,0,1,0,0,10,0,0,0,24.16
1,0,0,0,-1,0,1,0,0,0,0,0,0,0,0,2,0,2,0,2,1,3,0,-1,10,0,9223372036800000000,1e+75,0,10,0,0,7,0,0,1,0,0,1,1,0,0,0,0,0,0,2,0,1,-1,-1,-1,-1,0,10,-1,1,1,3,-1,-1,-1,0,0,1,0,0,10,0,0,0,17.88
1,0,0,0,-1,0,1,2,0,0,0,0,1,0,0,1,1,-1,1,-1,2,3,0,4,50,0,9223372036800000000,1e+75,0,10,0,0,7,0,1,1,0,0,1,0,-1,0,0,5,0,0,2,0,1,-1,-1,-1,-1,-1,10,-1,1,1,3,-1,-1,-1,0,0,1,5,0,10,0,0,0,20.83
1,0,0,0,-1,0,1,2,0,0,0,0,1,0,0,1,1,-1,1,-1,2,3,0,16,50,0,9223372036800000000,1e+75,0,10,0,0,7,0,1,1,0,0,1,0,-1,0,0,5,0,0,2,0,1,-1,-1,-1,-1,-1,10,-1,1,1,3,-1,-1,0,0,0,1,5,0,10,0,0,0,17.86
1,0,0,0,-1,0,1,5,0,0,1,0,1,0,1,1,0,1,2,-1,-1,3,0,8,150,0,9223372036800000000,1e+75,0,10,0,1,7,0,0,2,100,0,1,0,2,0,0,0,0,4,1,0,1,-1,-1,-1,1,1,10,-1,1,1,3,1,-1,0,0,0,1,4,0,10,0,0,0,55.17
1,0,0,0,-1,0,1,5,0,0,0,0,0,0,-1,1,-1,1,2,0,1,3,0,1,200,0,9223372036800000000,1e+75,0,10,0,0,7,0,1,1,-1,0,1,0,0,0,0,0,0,2,2,0,1,-1,-1,-1,-1,-1,10,-1,1,1,3,-1,-1,3,0,0,1,0,0,10,0,0,0,29.39
1,0,0,0,-1,0,1,4,0,0,0,0,0,0,1,1,2,-1,-1,2,1,3,0,2,100,0,9223372036800000000,1e+75,0,10,0,0,7,0,3,1,500,0,1,1,1,0,0,5,0,0,2,0,1,-1,1,-1,-1,-1,10,-1,1,1,3,-1,-1,5,0,0,1,2,0,10,0,0,0,18.12
1,0,0,0,-1,0,1,5,0,0,0,0,0,0,-1,1,-1,1,2,0,2,3,0,1,50,0,9223372036800000000,1e+75,0,10,0,0,7,0,0,1,-1,0,1,0,0,0,0,0,0,2,2,0,1,-1,-1,-1,-1,-1,10,-1,1,1,3,-1,-1,3,0,0,1,0,0,10,0,0,0,24.16
1,0,0,0,-1,0,1,2,0,0,0,0,1,0,0,1,1,-1,1,-1,2,3,0,4,50,0,9223372036800000000,1e+75,0,10,0,0,7,0,1,1,0,0,1,0,-1,0,0,5,0,0,2,0,1,-1,-1,-1,-1,-1,10,-1,1,1,3,-1,-1,3,0,0,1,5,0,10,0,0,0,20.83
1,0,0,0,-1,0,1,3,0,0,0,0,-1,0,-1,-1,1,0,2,1,1,3,0,-1,800,0,9223372036800000000,60,0,10,0,0,7,0,3,1,0,0,1,1,0,0,0,0,0,0,2,0,1,-1,-1,-1,-1,0,10,-1,1,1,3,-1,-1,-1,0,0,1,0,0,10,0,0,0,9.11
1,0,0,0,-1,0,1,5,0,0,0,0,0,0,-1,1,-1,1,2,0,2,3,0,1,200,0,9223372036800000000,1e+75,0,10,0,0,7,0,2,1,-1,0,1,0,0,0,0,0,0,2,2,0,1,-1,-1,-1,-1,-1,10,-1,1,1,3,-1,-1,3,0,0,1,0,0,10,0,0,0,14.83
1,0,0,0,-1,0,1,1,0,0,0,0,-1,0,-1,1,0,-1,-1,2,-1,3,0,-1,25,0,9223372036800000000,1e+75,0,10,0,1,7,0,1,0,1000,0,1,1,0,0,0,0,0,1,1,0,1,-1,1,-1,3,1,10,-1,1,1,1,1,-1,3,0,0,1,1,0,10,0,0,0,17.72
1,0,0,0,-1,0,1,5,0,0,0,0,0,0,-1,1,-1,1,2,0,2,3,0,1,200,0,9223372036800000000,1e+75,0,10,0,0,7,0,3,1,-1,0,1,0,0,0,0,0,0,2,2,0,1,-1,-1,-1,-1,-1,10,-1,1,1,3,-1,-1,3,0,0,1,0,0,10,0,0,0,25.99
1,0,0,0,-1,0,1,1,0,0,0,0,1,0,-1,-1,1,1,1,2,-1,3,0,8,10,0,9223372036800000000,1e+75,0,10,0,0,7,0,0,1,20,0,1,0,2,0,0,6,0,0,2,0,1,-1,-1,-1,-1,0,10,-1,1,1,3,-1,-1,1,0,0,1,0,0,10,0,0,0,27.23
1,0,0,0,-1,0,1,0,0,0,2,0,2,0,1,0,0,2,2,0,-1,3,0,16,400,0,9223372036800000000,1e+75,0,10,0,3,7,0,2,0,500,0,1,0,2,0,0,5,0,0,2,3,1,-1,0,-1,1,-1,10,-1,1,1,0,-1,-1,5,0,0,1,0,0,10,0,0,0,20.56
1,0,0,0,-1,0,1,5,0,0,0,0,0,0,-1,1,-1,1,1,0,2,3,0,1,200,0,9223372036800000000,1e+75,0,10,0,0,7,0,2,1,-1,0,1,0,0,0,0,0,0,2,2,0,1,-1,-1,-1,-1,-1,10,-1,1,1,3,-1,-1,3,0,0,1,0,0,10,0,0,0,14.83
1,0,0,0,-1,0,1,0,0,0,0,0,3,0,0,-1,-1,0,1,1,-1,3,0,8,50,0,9223372036800000000,1e+75,0,10,0,0,7,0,0,1,0,0,1,1,3,0,0,1,0,0,2,0,1,-1,-1,-1,-1,-1,10,-1,1,1,3,-1,-1,4,0,0,1,4,0,10,0,0,0,13.73
1,0,0,0,-1,0,1,5,0,0,0,0,-1,0,1,2,-1,-1,-1,-1,0,3,0,16,400,0,9223372036800000000,1e+75,0,10,0,0,7,0,1,1,40,0,1,0,0,0,0,5,0,4,2,0,1,-1,-1,-1,-1,1,10,-1,1,1,3,-1,-1,5,0,0,1,5,0,10,0,0,0,23.95
1,0,0,0,-1,0,1,0,0,0,0,0,-1,0,0,-1,1,-1,0,1,0,3,0,-1,800,0,9223372036800000000,1e+75,0,10,0,2,7,0,1,0,500,0,1,1,2,0,0,6,0,1,3,2,1,-1,-1,-1,2,-1,10,-1,1,1,0,-1,-1,1,0,0,1,5,0,10,0,0,0,24.3
1,0,0,0,-1,0,1,1,0,0,0,0,-1,0,-1,1,0,-1,-1,2,-1,3,0,-1,25,0,9223372036800000000,1e+75,0,10,0,1,7,0,1,0,1000,0,1,1,0,0,0,0,0,1,1,0,1,-1,1,-1,-1,1,10,-1,1,1,1,1,-1,3,0,0,1,1,0,10,0,0,0,17.72
1,0,0,0,-1,0,1,5,0,0,0,0,0,0,-1,1,1,1,2,0,2,3,0,1,200,0,9223372036800000000,1e+75,0,10,0,0,7,0,2,1,-1,0,1,0,0,0,0,0,0,2,2,0,1,-1,-1,-1,-1,-1,10,-1,1,1,3,-1,-1,3,0,0,1,0,0,10,0,0,0,14.83
1,0,0,0,-1,0,1,4,0,0,0,0,1,0,-1,1,-1,1,0,1,0,3,0,8,400,0,9223372036800000000,1e+75,0,10,0,0,7,0,3,1,1000,0,1,1,-1,0,0,6,0,1,2,0,1,-1,-1,-1,-1,-1,10,-1,1,1,3,-1,-1,-1,0,0,1,5,0,10,0,0,0,56.72
1,0,0,0,-1,0,1,3,0,0,0,0,-1,0,-1,-1,1,0,2,1,1,3,0,-1,800,0,9223372036800000000,1e+75,0,10,0,0,7,0,3,1,40,0,1,1,1,0,0,3,0,0,2,0,1,-1,-1,-1,-1,0,10,-1,1,1,3,-1,-1,-1,0,0,1,0,0,10,0,0,0,1.79769e+308
1,0,0,0,-1,0,1,2,0,0,0,0,1,0,-1,2,1,0,-1,1,1,3,0,1,100,0,9223372036800000000,1e+75,0,10,0,0,7,0,2,1,100,0,1,0,1,0,0,0,0,0,2,0,1,-1,-1,-1,-1,1,10,-1,1,1,3,-1,-1,1,0,0,1,0,0,10,0,0,0,25.99
1,0,0,0,-1,0,1,3,0,0,0,0,1,0,-1,-1,2,1,2,-1,2,3,0,8,400,0,9223372036800000000,1e+75,0,10,0,0,7,0,3,1,100,0,1,1,1,0,0,0,0,2,2,0,1,-1,-1,-1,-1,1,10,-1,1,1,3,-1,-1,2,0,0,1,1,0,10,0,0,0,24.74
1,0,0,0,-1,0,1,5,0,0,0,0,3,0,0,0,-1,-1,2,0,1,3,0,-1,100,0,9223372036800000000,1e+75,0,10,0,0,7,0,2,1,100,0,1,0,3,0,0,0,0,-1,2,0,1,-1,-1,-1,-1,1,10,-1,1,1,3,-1,-1,-1,0,0,1,0,0,10,0,0,0,38.58
1,0,0,0,-1,0,1,0,0,0,2,0,2,0,1,0,0,2,2,0,-1,3,0,1,400,0,9223372036800000000,1e+75,0,10,0,3,7,0,3,0,0,0,1,0,0,0,0,5,0,0,2,3,1,-1,0,-1,1,-1,10,-1,1,1,0,-1,-1,5,0,0,1,0,0,10,0,0,0,27.9
1,0,0,0,-1,0,1,2,0,0,0,0,1,0,-1,2,1,0,-1,1,1,3,0,1,100,0,9223372036800000000,1e+75,0,10,0,0,7,0,3,1,100,0,1,0,1,0,0,0,0,0,2,0,1,-1,-1,-1,-1,1,10,-1,1,1,3,-1,-1,1,0,0,1,0,0,10,0,0,0,44.67
1,0,0,0,-1,0,1,0,0,0,5,0,-1,0,-1,2,-1,2,0,0,0,3,0,8,150,0,9223372036800000000,1e+75,0,10,0,3,7,0,1,1,0,0,1,1,1,0,0,1,0,4,1,2,1,-1,1,-1,3,-1,10,-1,1,1,0,1,-1,5,0,0,1,5,0,10,0,0,0,20.71
1,0,0,0,-1,0,1,5,0,0,0,0,2,0,1,0,0,2,-1,2,1,3,0,4,400,0,9223372036800000000,1e+75,0,10,0,0,7,0,2,1,500,0,1,0,2,0,0,0,0,0,2,0,1,-1,-1,-1,-1,0,10,-1,1,1,3,-1,-1,3,0,0,1,4,0,10,0,0,0,15.28
1,0,0,0,-1,0,1,2,0,0,0,0,1,0,-1,2,1,-1,-1,1,1,3,0,1,100,0,9223372036800000000,1e+75,0,10,0,0,7,0,2,1,100,0,1,0,1,0,0,0,0,0,2,0,1,-1,-1,-1,-1,1,10,-1,1,1,3,-1,-1,1,0,0,1,0,0,10,0,0,0,25.99
1,0,0,0,-1,0,1,2,0,0,0,0,1,0,-1,2,1,0,-1,1,1,3,0,1,100,0,9223372036800000000,1e+75,0,10,0,0,7,0,0,1,100,0,1,0,1,0,0,0,0,0,2,0,1,-1,-1,-1,-1,1,10,-1,1,1,3,-1,-1,1,0,0,1,0,0,10,0,0,0,44.01
1,0,0,0,-1,0,1,0,0,0,0,0,1,0,0,1,-1,1,0,1,1,3,0,1,100,0,9223372036800000000,1e+75,0,10,0,0,7,0,2,1,500,0,1,1,1,0,0,0,0,2,2,0,1,-1,-1,-1,-1,-1,10,-1,1,1,3,-1,-1,3,0,0,1,0,0,10,0,0,0,18.27
1,0,0,0,-1,0,1,0,0,0,0,0,-1,0,-1,2,-1,2,0,0,0,3,0,8,800,0,9223372036800000000,1e+75,0,10,0,3,7,0,1,1,0,0,1,1,1,0,0,1,0,4,1,2,1,-1,1,-1,3,-1,10,-1,1,1,0,1,-1,5,0,0,1,5,0,10,0,0,0,26.52
1,0,0,0,-1,0,1,5,0,0,0,0,1,0,-1,2,1,0,-1,1,1,3,0,-1,100,0,9223372036800000000,1e+75,0,10,0,0,7,0,2,1,100,0,1,0,1,0,0,0,0,0,2,0,1,-1,-1,-1,-1,1,10,-1,1,1,3,-1,-1,1,0,0,1,0,0,10,0,0,0,56.39
1,0,0,0,-1,0,1,3,0,0,0,0,1,0,-1,2,1,0,-1,1,1,3,0,-1,100,0,9223372036800000000,1e+75,0,10,0,0,7,0,2,1,100,0,1,0,1,0,0,0,0,0,2,0,1,-1,-1,-1,-1,1,10,-1,1,1,3,-1,-1,1,0,0,1,0,0,10,0,0,0,1.79769e+308
1,0,0,0,-1,0,1,5,0,0,1,0,1,0,-1,2,2,1,0,1,2,3,0,1,200,0,9223372036800000000,1e+75,0,10,0,0,7,0,1,2,100,0,1,0,-1,0,0,1,0,3,1,3,1,-1,-1,-1,0,1,10,-1,1,1,3,-1,-1,3,0,0,1,0,0,10,0,0,0,38.91
1,0,0,0,-1,0,1,2,0,0,0,0,1,0,-1,2,1,-1,-1,1,1,3,0,-1,100,0,9223372036800000000,1e+75,0,10,0,0,7,0,2,1,100,0,1,0,1,0,0,0,0,0,2,0,1,-1,-1,-1,-1,1,10,-1,1,1,3,-1,-1,1,0,0,1,0,0,10,0,0,0,1.79769e+308
1,0,0,0,-1,0,1,2,0,0,0,0,1,0,-1,2,1,0,-1,1,1,3,0,-1,100,0,9223372036800000000,1e+75,0,10,0,0,7,0,2,1,100,0,1,0,2,0,0,0,0,0,2,0,1,-1,-1,-1,-1,1,10,-1,1,1,3,-1,-1,1,0,0,1,0,0,10,0,0,0,15.69
1,0,0,0,-1,0,1,1,0,0,0,0,2,0,-1,-1,2,2,-1,2,2,3,0,2,150,0,9223372036800000000,1e+75,0,10,0,0,7,0,1,1,1000,0,1,1,2,0,0,0,0,0,2,0,1,-1,-1,-1,-1,1,10,-1,1,1,3,-1,-1,-1,0,0,1,0,0,10,0,0,0,1.79769e+308
1,0,0,0,-1,0,1,4,0,0,0,0,3,0,1,1,0,-1,0,2,-1,3,0,1,150,0,9223372036800000000,1e+75,0,10,0,0,7,0,2,1,0,0,1,1,2,0,0,0,0,2,2,0,1,-1,-1,-1,-1,-1,10,-1,1,1,3,-1,-1,-1,0,0,1,0,0,10,0,0,0,14.38
1,0,0,0,-1,0,1,2,0,0,0,0,1,0,-1,2,-1,0,-1,1,1,3,0,-1,100,0,9223372036800000000,1e+75,0,10,0,0,7,0,2,1,100,0,1,0,1,0,0,0,0,0,2,0,1,-1,-1,-1,-1,1,10,-1,1,1,3,-1,-1,1,0,0,1,0,0,10,0,0,0,14.03
1,0,0,0,-1,0,1,5,0,0,0,0,1,0,-1,1,-1,1,0,1,0,3,0,8,400,0,9223372036800000000,1e+75,0,10,0,0,7,0,3,1,1000,0,1,1,0,0,0,6,0,1,2,0,1,-1,-1,-1,-1,-1,10,-1,1,1,3,-1,-1,-1,0,0,1,5,0,10,0,0,0,30.92
1,0,0,0,-1,0,1,2,0,0,0,0,1,0,-1,2,-1,0,-1,1,1,3,0,-1,100,0,9223372036800000000,1e+75,0,10,0,0,7,0,2,1,100,0,1,0,2,0,0,0,0,0,2,0,1,-1,-1,-1,-1,1,10,-1,1,1,3,-1,-1,1,0,0,1,0,0,10,0,0,0,15.46
1,0,0,0,-1,0,1,2,0,0,0,0,1,0,-1,2,-1,0,-1,1,1,3,0,-1,100,0,9223372036800000000,1e+75,0,10,0,0,7,0,2,1,100,0,1,0,-1,0,0,0,0,0,2,0,1,-1,-1,-1,-1,1,10,-1,1,1,3,-1,-1,1,0,0,1,0,0,10,0,0,0,1.79769e+308
1,0,0,0,-1,0,1,5,0,0,1,0,1,0,-1,2,2,1,0,1,2,3,0,2,200,0,9223372036800000000,1e+75,0,10,0,0,7,0,1,2,100,0,1,0,-1,0,0,1,0,3,1,3,1,-1,-1,-1,0,1,10,-1,1,1,0,-1,-1,3,0,0,1,0,0,10,0,0,0,21.51
1,0,0,0,-1,0,1,2,0,0,0,0,-1,0,-1,0,1,1,2,0,-1,3,0,4,25,0,9223372036800000000,1e+75,0,10,0,0,7,0,3,1,100,0,1,1,2,0,0,0,0,3,2,0,1,-1,-1,-1,-1,-1,10,-1,1,1,3,-1,-1,2,0,0,1,0,0,10,0,0,0,26.86
1,0,0,0,-1,0,1,2,0,0,0,0,-1,0,-1,0,1,1,2,0,-1,3,0,4,25,0,9223372036800000000,1e+75,0,10,0,0,7,0,3,1,20,0,1,1,2,0,0,0,0,3,2,0,1,-1,-1,-1,-1,-1,10,-1,1,1,3,-1,-1,2,0,0,1,0,0,10,0,0,0,26.96
1,0,0,0,-1,0,1,2,0,0,0,0,-1,0,-1,0,1,1,-1,0,-1,3,0,4,25,0,9223372036800000000,1e+75,0,10,0,0,7,0,3,1,100,0,1,1,2,0,0,0,0,3,2,0,1,-1,-1,-1,-1,-1,10,-1,1,1,3,-1,-1,2,0,0,1,0,0,10,0,0,0,27.13
1,0,0,0,-1,0,1,1,0,0,0,0,1,0,-1,-1,1,1,1,2,-1,3,0,2,10,0,9223372036800000000,1e+75,0,10,0,0,7,0,0,1,0,0,1,0,2,0,0,4,0,0,2,0,1,-1,-1,-1,-1,0,10,-1,1,1,3,-1,-1,1,0,0,1,0,0,10,0,0,0,1.79769e+308
1,0,0,0,-1,0,1,2,0,0,0,0,-1,0,-1,0,1,1,2,0,-1,3,0,4,25,0,9223372036800000000,1e+75,0,10,0,0,7,0,3,1,40,0,1,1,2,0,0,0,0,3,2,0,1,-1,-1,-1,-1,-1,10,-1,1,1,3,-1,-1,2,0,0,1,0,0,10,0,0,0,26.83
1,0,0,0,-1,0,1,5,0,0,0,0,2,0,-1,0,1,2,-1,2,0,3,0,8,200,0,9223372036800000000,1e+75,0,10,0,0,7,0,1,1,-1,0,1,1,2,0,0,0,0,3,2,0,1,-1,-1,-1,-1,-1,10,-1,1,1,3,-1,-1,2,0,0,1,0,0,10,0,0,0,1.79769e+308
1,0,0,0,-1,0,1,2,0,0,0,0,-1,0,-1,0,1,1,2,0,-1,3,0,4,25,0,9223372036800000000,1e+75,0,10,0,0,7,0,3,1,0,0,1,1,2,0,0,0,0,3,2,0,1,-1,-1,-1,-1,-1,10,-1,1,1,3,-1,-1,2,0,0,1,0,0,10,0,0,0,14.55
1,0,0,0,-1,0,1,5,0,0,1,0,1,0,-1,2,2,1,0,1,2,3,0,2,25,0,9223372036800000000,1e+75,0,10,0,0,7,0,1,2,100,0,1,0,-1,0,0,1,0,3,1,3,1,-1,-1,-1,0,1,10,-1,1,1,3,-1,-1,3,0,0,1,0,0,10,0,0,0,20.43
1,0,0,0,-1,0,1,2,0,0,0,0,-1,0,-1,0,1,1,2,0,-1,3,0,4,400,0,9223372036800000000,1e+75,0,10,0,0,7,0,3,1,0,0,1,1,2,0,0,0,0,3,2,0,1,-1,-1,-1,-1,-1,10,-1,1,1,3,-1,-1,2,0,0,1,0,0,10,0,0,0,24.4
1,0,0,0,-1,0,1,1,0,0,0,0,3,0,0,0,-1,-1,0,0,2,3,0,-1,200,0,9223372036800000000,1e+75,0,10,0,0,7,0,1,1,0,0,1,1,0,0,0,0,0,0,2,0,1,-1,-1,-1,-1,0,10,-1,1,1,3,-1,-1,-1,0,0,1,0,0,10,0,0,0,1.79769e+308
1,0,0,0,-1,0,1,2,0,0,0,0,1,0,-1,0,1,1,2,0,-1,3,0,4,25,0,9223372036800000000,1e+75,0,10,0,0,7,0,3,1,0,0,1,1,2,0,0,0,0,3,2,0,1,-1,-1,-1,-1,-1,10,-1,1,1,3,-1,-1,2,0,0,1,0,0,10,0,0,0,14.55
1,0,0,0,-1,0,1,2,0,0,0,0,-1,0,-1,0,1,1,2,0,-1,3,0,4,100,0,9223372036800000000,1e+75,0,10,0,0,7,0,3,1,0,0,1,1,2,0,0,0,0,3,2,0,1,-1,-1,-1,-1,-1,10,-1,1,1,3,-1,-1,2,0,0,1,0,0,10,0,0,0,34.19
1,0,0,0,-1,0,1,0,0,0,0,0,3,0,0,-1,0,1,0,1,1,3,0,-1,10,0,9223372036800000000,1e+75,0,10,0,0,7,0,0,1,0,0,1,1,0,0,0,0,0,0,2,0,1,-1,-1,-1,-1,0,10,-1,1,1,3,-1,-1,-1,0,0,1,0,0,10,0,0,0,23.5
1,0,0,0,-1,0,1,2,0,0,0,0,-1,0,-1,0,1,2,2,0,-1,3,0,4,25,0,9223372036800000000,1e+75,0,10,0,0,7,0,3,1,0,0,1,1,2,0,0,0,0,3,2,0,1,-1,-1,-1,-1,-1,10,-1,1,1,3,-1,-1,2,0,0,1,0,0,10,0,0,0,31.58
1,0,0,0,-1,0,1,5,0,0,0,0,2,0,1,-1,0,0,-1,0,2,3,0,16,800,0,9223372036800000000,1e+75,0,10,0,0,7,0,1,1,100,0,1,1,0,0,0,0,0,0,2,0,1,-1,-1,-1,-1,-1,10,-1,1,1,3,-1,-1,3,0,0,1,0,0,10,0,0,0,20.8
1,0,0,0,-1,0,1,2,0,0,0,0,-1,0,-1,0,1,1,2,0,-1,3,0,4,25,0,9223372036800000000,1e+75,0,10,0,0,7,0,3,1,-1,0,1,1,2,0,0,0,0,3,2,0,1,-1,-1,-1,-1,-1,10,-1,1,1,3,-1,-1,2,0,0,1,0,0,10,0,0,0,22.47
1,0,0,0,-1,0,1,0,0,0,0,0,-1,0,1,-1,0,2,-1,1,1,3,0,4,400,0,9223372036800000000,1e+75,0,10,0,0,7,0,3,1,0,0,1,1,1,0,0,0,0,2,2,0,1,-1,-1,-1,-1,0,10,-1,1,1,3,-1,-1,-1,0,0,1,0,0,10,0,0,0,13.22
1,0,0,0,-1,0,1,1,0,0,0,0,3,0,1,-1,2,2,1,-1,-1,3,0,1,100,0,9223372036800000000,1e+75,0,10,0,0,7,0,2,1,40,0,1,1,-1,0,0,6,0,2,2,0,1,-1,-1,-1,-1,0,10,-1,1,1,3,-1,-1,3,0,0,1,5,0,10,0,0,0,1.79769e+308
1,0,0,0,-1,0,1,3,0,0,0,0,2,0,-1,2,-1,1,1,0,-1,3,0,16,150,0,9223372036800000000,1e+75,0,10,0,0,7,0,3,1,100,0,1,1,1,0,0,1,0,0,2,0,1,-1,-1,-1,-1,1,10,-1,1,1,3,-1,-1,-1,0,0,1,0,0,10,0,0,0,11.44
1,0,0,0,-1,0,1,5,0,0,0,0,2,0,0,-1,2,-1,2,1,0,3,0,4,100,0,9223372036800000000,1e+75,0,10,0,0,7,0,1,1,0,0,1,1,-1,0,0,0,0,2,2,0,1,-1,-1,-1,-1,0,10,-1,1,1,3,-1,-1,-1,0,0,1,0,0,10,0,0,0,26.36
1,0,0,0,-1,0,1,4,0,0,0,0,2,0,1,-1,-1,2,2,1,2,3,0,-1,800,0,9223372036800000000,1e+75,0,10,0,0,7,0,0,1,0,0,1,1,0,0,0,0,0,0,2,0,1,-1,-1,-1,-1,0,10,-1,1,1,3,-1,-1,-1,0,0,1,0,0,10,0,0,0,12.88
1,0,0,0,-1,0,1,2,0,0,0,0,-1,0,-1,0,1,1,2,0,-1,3,0,4,25,0,9223372036800000000,1e+75,0,10,0,0,7,0,3,1,0,0,1,1,2,0,0,0,0,3,2,0,1,-1,-1,-1,-1,-1,10,-1,1,1,3,-1,-1,3,0,0,1,0,0,10,0,0,0,14.55
1,0,0,0,-1,0,1,5,0,0,0,0,0,0,0,-1,2,0,0,1,-1,3,0,-1,200,0,9223372036800000000,1e+75,0,10,0,0,7,0,0,1,0,0,1,1,0,0,0,0,0,0,2,0,1,-1,-1,-1,-1,0,10,-1,1,1,3,-1,-1,-1,0,0,1,0,0,10,0,0,0,19.17
1,0,0,0,-1,0,1,3,0,0,0,0,2,0,-1,2,-1,1,2,0,-1,3,0,-1,100,0,9223372036800000000,1e+75,0,10,0,0,7,0,3,1,100,0,1,1,1,0,0,1,0,0,2,0,1,-1,-1,-1,-1,1,10,-1,1,1,3,-1,-1,-1,0,0,1,0,0,10,0,0,0,14.37
1,0,0,0,-1,0,1,2,0,0,0,0,-1,0,-1,-1,1,1,2,0,-1,3,0,4,25,0,9223372036800000000,1e+75,0,10,0,0,7,0,3,1,0,0,1,1,2,0,0,0,0,3,2,0,1,-1,-1,-1,-1,-1,10,-1,1,1,3,-1,-1,2,0,0,1,0,0,10,0,0,0,32.71
1,0,0,0,-1,0,1,2,0,0,0,0,-1,0,-1,0,1,1,2,0,-1,3,0,4,10,0,9223372036800000000,1e+75,0,10,0,0,7,0,3,1,0,0,1,1,2,0,0,0,0,3,2,0,1,-1,-1,-1,-1,-1,10,-1,1,1,3,-1,-1,2,0,0,1,0,0,10,0,0,0,24.23
1,0,0,0,-1,0,1,5,0,0,0,0,0,0,-1,1,-1,1,2,0,2,3,0,1,200,0,9223372036800000000,1e+75,0,10,0,0,7,0,1,1,20,0,1,0,0,0,0,0,0,2,2,0,1,-1,-1,-1,-1,1,10,-1,1,1,3,-1,-1,3,0,0,1,0,0,10,0,0,0,40.3
1,0,0,0,-1,0,1,2,0,0,0,0,-1,0,-1,0,1,1,2,0,-1,3,0,4,25,0,9223372036800000000,1e+75,0,10,0,0,7,0,3,1,1000,0,1,1,2,0,0,0,0,3,2,0,1,-1,-1,-1,-1,-1,10,-1,1,1,3,-1,-1,2,0,0,1,0,0,10,0,0,0,27.13
1,0,0,0,-1,0,1,3,0,0,0,0,0,0,-1,1,-1,2,-1,1,0,3,0,16,25,0,9223372036800000000,1e+75,0,10,0,0,7,0,0,1,0,0,1,1,0,0,0,0,0,-1,2,0,1,-1,-1,-1,-1,0,10,-1,1,1,3,-1,-1,-1,0,0,1,0,0,10,0,0,0,1.79769e+308
1,0,0,0,-1,0,1,5,0,0,0,0,2,0,1,-1,0,0,-1,0,2,3,0,16,800,0,9223372036800000000,1e+75,0,10,0,0,7,0,1,1,100,0,1,1,0,0,0,0,0,0,2,0,1,-1,-1,-1,-1,-1,10,-1,1,1,3,-1,-1,1,0,0,1,0,0,10,0,0,0,20.8
1,0,0,0,-1,0,1,5,0,0,0,0,2,0,1,-1,0,0,0,0,2,3,0,16,800,0,9223372036800000000,1e+75,0,10,0,0,7,0,1,1,100,0,1,1,0,0,0,0,0,0,2,0,1,-1,-1,-1,-1,-1,10,-1,1,1,3,-1,-1,1,0,0,1,0,0,10,0,0,0,20.8
1,0,0,0,-1,0,1,2,0,0,0,0,1,0,0,2,1,0,-1,1,1,3,0,-1,100,0,9223372036800000000,1e+75,0,10,0,0,7,0,2,1,100,0,1,0,1,0,0,0,0,0,2,0,1,-1,-1,-1,-1,1,10,-1,1,1,3,-1,-1,1,0,0,1,0,0,10,0,0,0,14.49
1,0,0,0,-1,0,1,5,0,0,0,0,2,0,1,-1,0,2,-1,0,2,3,0,16,800,0,9223372036800000000,1e+75,0,10,0,0,7,0,1,1,100,0,1,1,0,0,0,0,0,0,2,0,1,-1,-1,-1,-1,-1,10,-1,1,1,3,-1,-1,1,0,0,1,0,0,10,0,0,0,22.22
1,0,0,0,-1,0,1,3,0,0,0,0,-1,0,-1,-1,1,0,2,1,1,3,0,-1,800,0,9223372036800000000,1e+75,0,10,0,0,7,0,0,1,0,0,1,1,0,0,0,0,0,2,2,0,1,-1,-1,-1,-1,0,10,-1,1,1,3,-1,-1,-1,0,0,1,0,0,10,0,0,0,35.33
1,0,0,0,-1,0,1,3,0,0,0,0,3,0,1,2,-1,0,-1,-1,0,3,0,16,400,0,9223372036800000000,1e+75,0,10,0,0,7,0,1,1,40,0,1,0,2,0,0,5,0,4,2,0,1,-1,-1,-1,-1,1,10,-1,1,1,3,-1,-1,5,0,0,1,5,0,10,0,0,0,14.75
1,0,0,0,-1,0,1,5,0,0,0,0,2,0,1,-1,0,0,-1,0,2,3,0,1,800,0,9223372036800000000,1e+75,0,10,0,0,7,0,1,1,100,0,1,1,0,0,0,0,0,0,2,0,1,-1,-1,-1,-1,-1,10,-1,1,1,3,-1,-1,1,0,0,1,0,0,10,0,0,0,23.38
1,0,0,0,-1,0,1,3,0,0,0,0,-1,0,-1,-1,1,0,2,1,1,3,0,-1,800,0,9223372036800000000,1e+75,0,10,0,0,7,0,3,1,0,0,1,1,1,0,0,0,0,0,2,0,1,-1,-1,-1,-1,-1,10,-1,1,1,3,-1,-1,-1,0,0,1,0,0,10,0,0,0,9.06
1,0,0,0,-1,0,1,1,0,0,0,0,3,0,0,0,-1,-1,0,0,2,3,0,-1,200,0,9223372036800000000,1e+75,0,10,0,0,7,0,2,1,-1,0,1,1,1,0,0,0,0,0,2,0,1,-1,-1,-1,-1,0,10,-1,1,1,3,-1,-1,1,0,0,1,0,0,10,0,0,0,15.12
1,0,0,0,-1,0,1,0,0,0,0,0,1,0,1,1,2,1,2,0,-1,3,0,16,400,0,9223372036800000000,1e+75,0,10,0,0,7,0,0,1,1000,0,1,0,1,0,0,4,0,-1,2,0,1,-1,-1,-1,-1,-1,10,-1,1,1,3,-1,-1,5,0,0,1,5,0,10,0,0,0,51.23
1,0,0,0,-1,0,1,0,0,0,0,0,2,0,1,-1,0,0,-1,0,2,3,0,16,800,0,9223372036800000000,1e+75,0,10,0,0,7,0,1,1,100,0,1,1,0,0,0,0,0,0,2,0,1,-1,-1,-1,-1,-1,10,-1,1,1,3,-1,-1,1,0,0,1,0,0,10,0,0,0,31.23
1,0,0,0,-1,0,1,5,0,0,0,0,2,0,1,-1,0,0,-1,0,2,3,0,16,800,0,9223372036800000000,1e+75,0,10,0,0,7,0,1,1,20,0,1,1,0,0,0,0,0,0,2,0,1,-1,-1,-1,-1,-1,10,-1,1,1,3,-1,-1,1,0,0,1,0,0,10,0,0,0,20.8
1,0,0,0,-1,0,1,5,0,0,0,0,2,0,-1,2,-1,1,2,0,-1,3,0,16,150,0,9223372036800000000,1e+75,0,10,0,0,7,0,3,1,100,0,1,1,1,0,0,1,0,0,2,0,1,-1,-1,-1,-1,1,10,-1,1,1,3,-1,-1,-1,0,0,1,0,0,10,0,0,0,22.65
1,0,0,0,-1,0,1,5,0,0,0,0,2,0,1,-1,0,0,-1,0,2,3,0,16,150,0,9223372036800000000,1e+75,0,10,0,0,7,0,1,1,100,0,1,1,0,0,0,0,0,0,2,0,1,-1,-1,-1,-1,-1,10,-1,1,1,3,-1,-1,1,0,0,1,0,0,10,0,0,0,21.88
1,0,0,0,-1,0,1,5,0,0,0,0,0,0,0,-1,0,2,0,1,-1,3,0,-1,800,0,9223372036800000000,1e+75,0,10,0,0,7,0,0,1,0,0,1,1,0,0,0,0,0,0,2,0,1,-1,-1,-1,-1,0,10,-1,1,1,3,-1,-1,-1,0,0,1,0,0,10,0,0,0,14.84
1,0,0,0,-1,0,1,0,0,0,0,0,1,0,1,1,2,1,2,0,-1,3,0,16,400,0,9223372036800000000,1e+75,0,10,0,0,7,0,0,1,1000,0,1,0,1,0,0,4,0,-1,2,0,1,-1,-1,-1,-1,-1,10,-1,1,1,3,-1,-1,5,0,0,1,0,0,10,0,0,0,31.28
1,0,0,0,-1,0,1,3,0,0,0,0,-1,0,-1,-1,1,0,2,1,1,3,0,-1,800,0,9223372036800000000,1e+75,0,10,0,0,7,0,3,1,0,0,1,1,0,0,40,0,0,0,2,0,1,-1,-1,-1,-1,0,10,-1,1,1,3,-1,-1,-1,0,0,1,0,0,10,0,0,0,10.72
1,0,0,0,-1,0,1,5,0,0,0,0,2,0,1,-1,0,0,-1,0,2,3,0,16,50,0,9223372036800000000,1e+75,0,10,0,0,7,0,1,1,100,0,1,1,0,0,0,0,0,0,2,0,1,-1,-1,-1,-1,-1,10,-1,1,1,3,-1,-1,1,0,0,1,0,0,10,0,0,0,23.53
1,0,0,0,-1,0,1,0,0,0,0,0,2,0,0,0,0,0,1,1,-1,3,0,-1,800,0,9223372036800000000,1e+75,0,10,0,0,7,0,0,1,0,0,1,1,0,0,0,0,0,0,2,0,1,-1,-1,-1,-1,0,10,-1,1,1,3,-1,-1,-1,0,0,1,0,0,10,0,0,0,29.04
1,0,0,0,-1,0,1,1,0,0,0,0,3,0,0,0,-1,-1,0,0,2,3,0,-1,200,0,9223372036800000000,1e+75,0,10,0,0,7,0,2,1,-1,0,1,1,1,0,0,0,0,0,2,0,1,-1,-1,-1,-1,0,10,-1,1,1,3,-1,-1,-1,0,0,1,4,0,10,0,0,0,22.94
1,0,0,0,-1,0,1,5,0,0,0,0,2,0,1,-1,0,0,1,0,2,3,0,16,800,0,9223372036800000000,1e+75,0,10,0,0,7,0,1,1,100,0,1,1,0,0,0,0,0,0,2,0,1,-1,-1,-1,-1,-1,10,-1,1,1,3,-1,-1,1,0,0,1,0,0,10,0,0,0,20.8
1,0,0,0,-1,0,1,5,0,0,1,0,1,0,1,1,0,1,2,0,-1,3,0,2,150,0,9223372036800000000,1e+75,0,10,0,1,7,0,0,2,-1,0,1,0,2,0,0,0,0,4,1,0,1,-1,-1,-1,1,1,10,-1,1,1,3,1,-1,0,0,0,1,4,0,10,0,0,0,1.79769e+308
1,0,0,0,-1,0,1,4,0,0,0,0,-1,0,-1,2,-1,2,1,-1,0,3,0,-1,800,0,9223372036800000000,1e+75,0,10,0,0,7,0,0,1,0,0,1,1,0,0,0,0,0,0,2,0,1,-1,-1,-1,-1,0,10,-1,1,1,3,-1,-1,-1,0,0,1,0,0,10,0,0,0,26.08
1,0,0,0,-1,0,1,5,0,0,0,0,2,0,1,-1,-1,0,-1,0,2,3,0,16,800,0,9223372036800000000,1e+75,0,10,0,0,7,0,1,1,100,0,1,1,0,0,0,0,0,0,2,0,1,-1,-1,-1,-1,-1,10,-1,1,1,3,-1,-1,1,0,0,1,0,0,10,0,0,0,13.55
1,0,0,0,-1,0,1,5,0,0,0,0,2,0,1,-1,-1,0,-1,0,2,3,0,16,800,0,9223372036800000000,1e+75,0,10,0,0,7,0,1,1,20,0,1,1,0,0,0,0,0,0,2,0,1,-1,-1,-1,-1,-1,10,-1,1,1,3,-1,-1,1,0,0,1,0,0,10,0,0,0,13.55
1,0,0,0,-1,0,1,3,0,0,0,0,-1,0,-1,-1,1,0,2,1,1,3,0,-1,800,0,9223372036800000000,1e+75,0,10,0,0,7,0,3,1,0,0,1,1,1,0,0,0,0,0,2,0,1,-1,-1,-1,-1,0,10,-1,1,1,3,-1,-1,3,0,0,1,0,0,10,0,0,0,9.06
1,0,0,0,-1,0,3,3,0,0,0,0,-1,0,-1,-1,1,0,2,1,1,3,0,-1,800,0,9223372036800000000,1e+75,0,10,0,0,7,0,3,1,40,0,1,1,1,0,0,0,0,0,2,0,1,-1,-1,-1,-1,0,10,-1,1,1,3,-1,-1,-1,0,0,1,2,0,10,0,0,0,8.95
1,0,0,0,-1,0,1,0,0,0,0,0,0,0,0,-1,0,-1,0,1,-1,3,0,-1,800,0,9223372036800000000,1e+75,0,10,0,0,7,0,0,1,0,0,1,1,0,0,0,0,0,0,2,0,1,-1,-1,-1,-1,0,10,-1,1,1,3,-1,-1,-1,0,0,1,0,0,10,0,0,0,31.41
1,0,0,0,-1,0,1,5,0,0,0,0,3,0,1,-1,-1,0,-1,0,2,3,0,16,800,0,9223372036800000000,1e+75,0,10,0,0,7,0,1,1,100,0,1,1,0,0,0,0,0,0,2,0,1,-1,-1,-1,-1,-1,10,-1,1,1,3,-1,-1,1,0,0,1,0,0,10,0,0,0,13.55
1,0,0,0,-1,0,1,1,0,0,0,0,3,0,1,-1,2,2,1,-1,-1,3,0,1,100,0,9223372036800000000,1e+75,0,10,0,0,7,0,2,1,0,0,1,1,0,0,0,6,0,2,2,0,1,-1,-1,-1,-1,0,10,-1,1,1,3,-1,-1,3,0,0,1,4,0,10,0,0,0,22.33
1,0,0,0,-1,0,1,5,0,0,0,0,2,0,-1,-1,-1,0,-1,0,2,3,0,16,800,0,9223372036800000000,1e+75,0,10,0,0,7,0,1,1,100,0,1,1,0,0,0,0,0,0,2,0,1,-1,-1,-1,-1,-1,10,-1,1,1,3,-1,-1,1,0,0,1,0,0,10,0,0,0,13.55
1,0,0,0,-1,0,1,0,0,0,0,0,1,0,1,1,2,1,2,0,-1,3,0,16,400,0,9223372036800000000,1e+75,0,10,0,0,7,0,0,1,1000,0,1,0,1,0,0,4,0,-1,2,0,1,-1,-1,-1,-1,-1,10,-1,1,1,3,-1,-1,4,0,0,1,5,0,10,0,0,0,51.23
1,0,0,0,-1,0,1,5,0,0,0,0,2,0,1,-1,-1,0,-1,0,-1,3,0,16,800,0,9223372036800000000,1e+75,0,10,0,0,7,0,1,1,100,0,1,1,0,0,0,0,0,0,2,0,1,-1,-1,-1,-1,-1,10,-1,1,1,3,-1,-1,1,0,0,1,0,0,10,0,0,0,13.55
1,0,0,0,-1,0,1,5,0,0,0,0,2,0,1,-1,-1,0,-1,1,2,3,0,16,800,0,9223372036800000000,1e+75,0,10,0,0,7,0,1,1,100,0,1,1,0,0,0,0,0,0,2,0,1,-1,-1,-1,-1,-1,10,-1,1,1,3,-1,-1,1,0,0,1,0,0,10,0,0,0,19.17
1,0,0,0,-1,0,1,4,0,0,0,0,1,0,0,0,1,0,1,-1,1,3,0,16,150,0,9223372036800000000,1e+75,0,10,0,0,7,0,1,1,0,0,1,1,-1,0,0,0,0,-1,2,0,1,-1,-1,-1,-1,0,10,-1,1,1,3,-1,-1,-1,0,0,1,0,0,10,0,0,0,30.5
1,0,0,0,-1,0,1,5,0,0,0,0,2,0,1,-1,-1,0,-1,0,0,3,0,16,800,0,9223372036800000000,1e+75,0,10,0,0,7,0,1,1,100,0,1,1,0,0,0,0,0,0,2,0,1,-1,-1,-1,-1,-1,10,-1,1,1,3,-1,-1,1,0,0,1,0,0,10,0,0,0,13.55
1,0,0,0,-1,0,1,1,0,0,0,0,3,0,1,-1,2,2,1,-1,-1,3,0,1,100,0,9223372036800000000,1e+75,0,10,0,0,7,0,2,1,40,0,1,1,0,0,0,6,0,2,2,0,1,-1,-1,-1,-1,0,10,-1,1,1,3,-1,-1,3,0,0,1,0,0,10,0,0,0,22.24
1,0,0,0,-1,0,1,5,0,0,0,0,2,0,1,-1,-1,0,-1,0,2,3,0,8,800,0,9223372036800000000,1e+75,0,10,0,0,7,0,1,1,100,0,1,1,0,0,0,0,0,0,2,0,1,-1,-1,-1,-1,-1,10,-1,1,1,3,-1,-1,1,0,0,1,0,0,10,0,0,0,13.55
1,0,0,0,-1,0,1,5,0,0,0,0,2,0,0,-1,-1,0,-1,0,2,3,0,16,800,0,9223372036800000000,1e+75,0,10,0,0,7,0,1,1,100,0,1,1,0,0,0,0,0,0,2,0,1,-1,-1,-1,-1,-1,10,-1,1,1,3,-1,-1,1,0,0,1,0,0,10,0,0,0,13.55
1,0,0,0,-1,0,1,2,0,0,0,0,1,0,-1,2,1,0,-1,1,1,3,0,-1,100,0,9223372036800000000,1e+75,0,10,0,0,7,0,2,1,100,0,1,0,1,0,0,0,0,0,2,0,1,-1,-1,-1,-1,1,10,-1,1,1,3,-1,-1,1,0,0,1,0,0,10,0,0,0,14.49
1,0,0,0,-1,0,1,3,0,0,0,0,-1,0,-1,-1,1,0,2,1,1,3,0,-1,800,0,9223372036800000000,1e+75,0,10,0,0,7,0,3,1,40,0,1,1,1,0,0,1,0,0,2,0,1,-1,-1,-1,-1,0,10,-1,1,1,3,-1,-1,-1,0,0,1,0,0,10,0,0,0,21.35
1,0,0,0,-1,0,1,3,0,0,0,0,-1,0,-1,-1,1,0,2,1,1,3,0,-1,800,0,9223372036800000000,1e+75,0,10,0,0,7,0,3,1,40,0,1,1,1,0,0,2,0,0,2,0,1,-1,-1,-1,-1,0,10,-1,1,1,3,-1,-1,-1,0,0,1,0,0,10,0,0,0,19.48
1,0,0,0,-1,0,1,0,0,0,0,0,1,0,0,-1,-1,0,2,-1,-1,3,0,-1,50,0,9223372036800000000,1e+75,0,10,0,0,7,0,2,1,20,0,1,1,-1,0,0,3,0,3,2,0,1,-1,-1,-1,-1,1,10,-1,1,1,3,-1,-1,0,0,0,1,0,0,10,0,0,0,31.39
1,0,0,0,-1,0,1,3,0,0,0,0,0,0,1,0,1,-1,-1,1,0,3,0,8,400,0,9223372036800000000,1e+75,0,10,0,0,7,0,0,1,0,0,1,1,1,0,0,0,0,1,2,0,1,-1,-1,-1,-1,0,10,-1,1,1,3,-1,-1,-1,0,0,1,0,0,10,0,0,0,1.79769e+308
1,0,0,0,-1,0,1,3,0,0,0,0,-1,0,-1,-1,1,0,2,1,1,3,0,-1,800,0,9223372036800000000,1e+75,0,10,0,0,7,0,3,1,40,0,1,1,1,0,0,5,0,0,2,0,1,-1,-1,-1,-1,0,10,-1,1,1,3,-1,-1,-1,0,0,1,0,0,10,0,0,0,13.43
1,0,0,0,-1,0,1,4,0,0,0,0,3,0,1,-1,2,2,1,-1,-1,3,0,1,100,0,9223372036800000000,1e+75,0,10,0,0,7,0,2,1,40,0,1,1,0,0,0,6,0,2,2,0,1,-1,-1,-1,-1,0,10,-1,1,1,3,-1,-1,3,0,0,1,5,0,10,0,0,0,21.57
1,0,0,0,-1,0,1,4,0,0,0,0,-1,0,0,2,0,-1,0,-1,2,3,0,16,25,0,9223372036800000000,1e+75,0,10,0,0,7,0,1,1,0,0,1,0,3,0,0,1,0,-1,2,0,1,-1,-1,-1,-1,-1,10,-1,1,1,3,-1,-1,1,0,0,1,3,0,10,0,0,0,27.57
1,0,0,0,-1,0,1,3,0,0,0,0,-1,0,-1,-1,1,0,2,1,1,3,0,-1,800,0,9223372036800000000,1e+75,0,10,0,0,7,0,3,1,40,0,1,1,1,0,0,0,1,0,2,0,1,-1,-1,-1,-1,0,10,-1,1,1,3,-1,-1,-1,0,0,1,0,0,10,0,0,0,18.34
1,0,0,0,-1,0,1,3,0,0,0,0,-1,0,-1,-1,1,0,2,1,1,3,0,-1,800,0,9223372036800000000,1e+75,0,10,0,0,7,0,3,1,40,0,1,1,1,0,0,0,2,0,2,0,1,-1,-1,-1,-1,0,10,-1,1,1,3,-1,-1,-1,0,0,1,0,0,10,0,0,0,9.03
1,0,0,0,-1,0,1,5,0,0,0,0,0,0,0,2,1,1,-1,2,2,3,0,2,800,0,9223372036800000000,1e+75,0,10,0,2,7,0,2,3,20,0,1,0,0,0,0,3,0,1,1,3,1,-1,1,-1,-1,1,10,-1,1,1,3,1,-1,0,0,0,1,3,0,10,0,0,0,56.83
1,0,0,0,-1,0,1,1,0,0,0,0,3,0,0,1,0,0,-1,2,0,3,0,4,150,0,9223372036800000000,1e+75,0,10,0,0,7,0,3,1,0,0,1,1,3,0,0,0,0,2,2,0,1,-1,-1,-1,-1,0,10,-1,1,1,3,-1,-1,-1,0,0,1,0,0,10,0,0,0,39.79
1,0,0,0,-1,0,1,0,0,0,0,0,1,0,-1,1,2,1,2,0,-1,3,0,16,400,0,9223372036800000000,1e+75,0,10,0,0,7,0,0,1,1000,0,1,0,1,0,0,4,0,-1,2,0,1,-1,-1,-1,-1,-1,10,-1,1,1,3,-1,-1,5,0,0,1,5,0,10,0,0,0,51.23
1,0,0,0,-1,0,1,3,0,0,0,0,-1,0,-1,-1,1,0,2,1,1,3,0,-1,800,0,9223372036800000000,1e+75,0,10,0,0,7,0,3,1,40,0,1,1,1,0,0,0,3,0,2,0,1,-1,-1,-1,-1,0,10,-1,1,1,3,-1,-1,-1,0,0,1,0,0,10,0,0,0,1.79769e+308
1,0,0,0,-1,0,1,5,0,0,0,0,0,0,-1,-1,1,1,-1,-1,1,3,0,-1,50,0,9223372036800000000,1e+75,0,10,0,0,7,0,0,1,0,0,1,1,0,0,0,0,0,0,2,0,1,-1,-1,-1,-1,0,10,-1,1,1,3,-1,-1,-1,0,0,1,0,0,10,0,0,0,20.19
1,0,0,0,-1,0,1,3,0,0,0,0,-1,0,-1,-1,1,0,2,1,1,3,0,-1,800,0,9223372036800000000,1e+75,0,10,0,0,7,0,3,1,40,0,1,1,1,0,0,0,0,0,2,0,1,-1,-1,-1,-1,0,10,-1,1,1,3,-1,-1,-1,0,0,1,2,0,10,0,0,0,8.95
1,0,0,0,-1,0,1,1,0,0,0,0,3,0,0,0,-1,-1,0,0,2,3,0,-1,200,0,9223372036800000000,1e+75,0,10,0,0,7,0,2,1,-1,0,1,1,1,0,0,6,0,0,2,0,1,-1,-1,-1,-1,0,10,-1,1,1,3,-1,-1,-1,0,0,1,0,0,10,0,0,0,15.32
1,0,0,0,-1,0,1,3,0,0,0,0,-1,0,-1,-1,1,0,2,1,1,3,0,-1,800,0,9223372036800000000,1e+75,0,10,0,0,7,0,3,1,40,0,1,1,1,0,0,0,0,0,2,0,1,-1,0,-1,-1,0,10,-1,1,1,3,-1,-1,-1,0,0,1,2,0,10,0,0,0,25.71
1,0,0,0,-1,0,1,1,0,0,0,0,-1,0,-1,1,0,-1,-1,2,-1,3,0,-1,25,0,9223372036800000000,1e+75,0,10,0,1,7,0,1,0,40,0,1,1,0,0,0,0,0,1,1,0,1,-1,1,-1,-1,1,10,-1,1,1,1,1,-1,5,0,0,1,1,0,10,0,0,0,16.45
1,0,0,0,-1,0,1,1,0,0,0,0,3,0,0,0,-1,-1,0,0,2,3,0,-1,200,0,9223372036800000000,1e+75,0,10,0,0,7,0,2,1,-1,0,1,1,1,0,0,0,0,0,2,0,1,-1,-1,-1,-1,0,10,-1,1,1,3,-1,-1,-1,0,0,1,3,0,10,0,0,0,28.8
1,0,0,0,-1,0,1,5,0,0,0,0,0,0,0,-1,0,2,0,1,-1,3,0,-1,50,0,9223372036800000000,1e+75,0,10,0,0,7,0,0,1,0,0,1,1,0,0,0,0,0,0,2,0,1,-1,-1,-1,-1,0,10,-1,1,1,3,-1,-1,-1,0,0,1,0,0,10,0,0,0,22.97
1,0,0,0,-1,0,1,1,0,0,0,0,3,0,0,0,-1,-1,0,0,2,3,0,-1,200,0,9223372036800000000,1e+75,0,10,0,0,7,0,2,1,-1,0,1,1,1,0,0,5,0,0,2,0,1,-1,-1,-1,-1,0,10,-1,1,1,3,-1,-1,-1,0,0,1,0,0,10,0,0,0,1.79769e+308
1,0,0,0,-1,0,1,2,0,0,0,0,0,0,0,0,2,2,1,1,2,3,0,8,150,0,9223372036800000000,1e+75,0,10,0,0,7,0,2,1,0,0,1,1,2,0,0,0,0,4,2,0,1,-1,-1,-1,-1,0,10,-1,1,1,3,-1,-1,-1,0,0,1,0,0,10,0,0,0,22.96
1,0,0,0,-1,0,1,1,0,0,0,0,3,0,0,0,-1,-1,0,0,2,3,0,8,200,0,9223372036800000000,1e+75,0,10,0,0,7,0,2,1,-1,0,1,1,1,0,0,0,0,0,2,0,1,-1,-1,-1,-1,0,10,-1,1,1,3,-1,-1,-1,0,0,1,0,0,10,0,0,0,15.12
1,0,0,0,-1,0,1,1,0,0,0,0,3,0,0,0,-1,-1,0,0,2,3,0,-1,200,0,9223372036800000000,1e+75,0,10,0,0,7,0,2,1,-1,0,1,1,1,0,0,0,0,0,2,0,1,-1,-1,-1,-1,0,10,-1,1,1,3,-1,-1,-1,0,0,1,1,0,10,0,0,0,34.76
1,0,0,0,-1,0,1,1,0,0,0,0,3,0,0,0,-1,-1,0,0,2,3,0,-1,200,0,9223372036800000000,1e+75,0,10,0,0,7,0,2,1,-1,0,1,1,1,0,0,1,0,0,2,0,1,-1,-1,-1,-1,0,10,-1,1,1,3,-1,-1,-1,0,0,1,0,0,10,0,0,0,27.41
1,0,0,0,-1,0,1,0,0,0,0,0,1,0,0,0,0,1,1,1,-1,3,0,-1,800,0,9223372036800000000,1e+75,0,10,0,0,7,0,0,1,0,0,1,1,0,0,0,0,0,0,2,0,1,-1,-1,-1,-1,0,10,-1,1,1,3,-1,-1,-1,0,0,1,0,0,10,0,0,0,13.59
1,0,0,0,-1,0,1,4,0,0,0,0,3,0,0,0,-1,-1,0,0,2,3,0,-1,200,0,9223372036800000000,1e+75,0,10,0,0,7,0,2,1,-1,0,1,1,1,0,0,0,0,0,2,0,1,-1,-1,-1,-1,0,10,-1,1,1,3,-1,-1,-1,0,0,1,0,0,10,0,0,0,1.79769e+308
1,0,0,0,-1,0,1,4,0,0,0,0,2,0,1,1,1,2,2,0,-1,3,0,1,25,0,9223372036800000000,1e+75,0,10,0,0,7,0,0,1,100,0,1,0,2,0,0,1,0,-1,2,0,1,-1,-1,-1,-1,-1,10,-1,1,1,3,-1,-1,2,0,0,1,5,0,10,0,0,0,1.79769e+308
1,0,0,0,-1,0,1,1,0,0,0,0,3,0,0,0,-1,-1,0,0,2,3,0,-1,200,0,9223372036800000000,1e+75,0,10,0,0,7,0,2,1,500,0,1,1,1,0,0,0,0,0,2,0,1,-1,-1,-1,-1,0,10,-1,1,1,3,-1,-1,-1,0,0,1,0,0,10,0,0,0,16.94
1,0,0,0,-1,0,1,1,0,0,0,0,1,0,-1,-1,-1,1,1,2,-1,3,0,2,10,0,9223372036800000000,1e+75,0,10,0,0,7,0,0,1,20,0,1,0,2,0,0,4,0,0,2,0,1,-1,-1,-1,-1,0,10,-1,1,1,3,-1,-1,1,0,0,1,0,0,10,0,0,0,1.79769e+308
1,0,0,0,-1,0,1,4,0,0,0,0,2,0,-1,2,-1,2,1,1,0,3,0,-1,25,0,9223372036800000000,1e+75,0,10,0,0,7,0,0,1,0,0,1,1,0,0,0,0,0,0,2,0,1,-1,-1,-1,-1,0,10,-1,1,1,3,-1,-1,-1,0,0,1,0,0,10,0,0,0,25.3
1,0,0,0,-1,0,1,1,0,0,0,0,1,0,0,-1,1,1,1,2,-1,3,0,2,10,0,9223372036800000000,1e+75,0,10,0,0,7,0,0,1,20,0,1,0,2,0,0,4,0,0,2,0,1,-1,-1,-1,-1,0,10,-1,1,1,3,-1,-1,1,0,0,1,0,0,10,0,0,0,1.79769e+308
1,0,0,0,-1,0,1,1,0,0,0,0,1,0,-1,-1,1,1,1,2,-1,3,0,8,10,0,9223372036800000000,1e+75,0,10,0,0,7,0,0,1,20,0,1,0,2,0,0,4,0,0,2,0,1,-1,-1,-1,-1,0,10,-1,1,1,3,-1,-1,1,0,0,1,0,0,10,0,0,0,34.05
1,0,0,0,-1,0,1,1,0,0,0,0,1,0,-1,-1,1,-1,1,2,-1,3,0,8,10,0,9223372036800000000,1e+75,0,10,0,0,7,0,0,1,20,0,1,0,2,0,0,4,0,0,2,0,1,-1,-1,-1,-1,0,10,-1,1,1,3,-1,-1,1,0,0,1,0,0,10,0,0,0,25.43
1,0,0,0,-1,0,1,0,0,0,0,0,1,0,-1,1,1,-1,1,2,-1,3,0,8,10,0,9223372036800000000,1e+75,0,10,0,0,7,0,0,1,20,0,1,0,2,0,0,4,0,0,2,0,1,-1,-1,-1,-1,0,10,-1,1,1,3,-1,-1,1,0,0,1,0,0,10,0,0,0,50.58
1,0,0,0,-1,0,1,5,0,0,0,0,2,0,-1,0,1,2,-1,2,0,3,0,16,200,0,9223372036800000000,1e+75,0,10,0,0,7,0,1,1,20,0,1,1,2,0,0,0,0,3,2,0,1,-1,-1,-1,-1,-1,10,-1,1,1,3,-1,-1,2,0,0,1,0,0,10,0,0,0,17.63
1,0,0,0,-1,0,1,0,0,0,0,0,1,0,-1,-1,1,-1,1,2,-1,3,0,2,10,0,9223372036800000000,1e+75,0,10,0,0,7,0,0,1,20,0,1,0,2,0,0,4,0,0,2,0,1,-1,-1,-1,-1,0,10,-1,1,1,3,-1,-1,1,0,0,1,0,0,10,0,0,0,24.33
1,0,0,0,-1,0,1,1,0,0,0,0,3,0,0,0,0,-1,0,0,-1,3,0,-1,200,0,9223372036800000000,1e+75,0,10,0,0,7,0,0,1,0,0,1,1,0,0,0,0,0,0,2,0,1,-1,-1,-1,-1,0,10,-1,1,1,3,-1,-1,-1,0,0,1,0,0,10,0,0,0,18.87
1,0,0,0,-1,0,1,0,0,0,0,0,1,0,1,1,2,1,2,0,-1,3,0,16,400,0,9223372036800000000,1e+75,0,10,0,0,7,0,3,1,1000,0,1,0,0,0,0,4,0,-1,2,0,1,-1,-1,-1,-1,-1,10,-1,1,1,3,-1,-1,5,0,0,1,0,0,10,0,0,0,31.27
1,0,0,0,-1,0,1,3,0,0,0,0,-1,0,-1,0,-1,0,0,0,2,3,0,1,50,0,9223372036800000000,1e+75,0,10,0,0,7,0,0,1,500,0,1,1,-1,0,0,4,0,3,2,0,1,-1,-1,-1,-1,1,10,-1,1,1,3,-1,-1,5,0,0,1,1,0,10,0,0,0,1.79769e+308
1,0,0,0,-1,0,1,5,0,0,0,0,0,0,-1,1,-1,1,2,0,2,3,0,1,200,0,9223372036800000000,1e+75,0,10,0,0,7,0,2,1,0,0,1,0,0,0,0,0,0,2,2,0,1,-1,-1,-1,-1,-1,10,-1,1,1,3,-1,-1,3,0,0,1,0,0,10,0,0,0,31.44
1,0,0,0,-1,0,1,3,0,0,0,0,-1,0,-1,-1,1,0,2,1,1,10,0,-1,800,0,9223372036800000000,1e+75,0,10,0,0,7,0,3,1,40,0,1,1,1,0,0,0,0,0,2,0,1,-1,-1,-1,-1,0,10,-1,1,1,3,-1,-1,-1,0,0,1,2,0,10,0,0,0,21.14
1,0,0,0,-1,0,1,3,0,0,0,0,2,0,-1,2,-1,1,2,0,-1,3,0,16,150,0,9223372036800000000,1e+75,0,10,0,0,7,0,3,1,100,0,1,1,1,0,0,1,0,0,2,0,1,-1,-1,-1,-1,1,10,-1,1,1,3,-1,-1,-1,0,0,1,0,0,10,0,0,0,11.44
1,0,0,0,-1,0,1,3,0,0,0,0,-1,0,-1,-1,1,0,2,1,1,3,0,-1,800,0,9223372036800000000,1e+75,0,10,0,0,7,0,3,1,40,0,1,1,1,0,0,0,0,0,2,0,1,-1,-1,-1,-1,0,2,-1,1,1,3,-1,-1,-1,0,0,1,2,0,10,0,0,0,8.95
1,0,0,0,-1,0,1,3,0,0,0,0,2,0,-1,2,-1,1,2,0,-1,3,0,16,150,0,9223372036800000000,1e+75,0,10,0,0,7,0,3,1,100,0,1,1,1,0,0,1,0,2,2,0,1,-1,-1,-1,-1,1,10,-1,1,1,3,-1,-1,-1,0,0,1,0,0,10,0,0,0,25.48
1,0,0,0,-1,0,1,0,0,0,0,0,2,0,0,0,0,2,1,1,-1,3,0,-1,800,0,9223372036800000000,1e+75,0,10,0,0,7,0,0,1,0,0,1,1,0,0,0,0,0,0,2,0,1,-1,-1,-1,-1,0,10,-1,1,1,3,-1,-1,-1,0,0,1,0,0,10,0,0,0,24.71
1,0,0,0,-1,0,1,3,0,0,0,0,1,0,-1,2,-1,1,2,0,-1,3,0,16,150,0,9223372036800000000,1e+75,0,10,0,0,7,0,3,1,100,0,1,1,1,0,0,1,0,0,2,0,1,-1,-1,-1,-1,1,10,-1,1,1,3,-1,-1,-1,0,0,1,0,0,10,0,0,0,11.44
1,0,0,0,-1,0,1,2,0,0,3,0,3,0,0,-1,-1,2,-1,-1,1,3,0,4,150,0,9223372036800000000,1e+75,0,10,0,3,7,0,1,2,100,0,1,0,0,0,0,6,0,0,3,3,1,-1,0,-1,3,0,10,-1,1,1,3,0,-1,4,0,0,1,1,0,10,0,0,0,11.41
1,0,0,0,-1,0,1,5,0,0,0,0,-1,0,1,2,2,-1,-1,-1,0,3,0,16,400,0,9223372036800000000,1e+75,0,10,0,0,7,0,1,1,40,0,1,0,2,0,0,5,0,4,2,0,1,-1,-1,-1,-1,1,10,-1,1,1,3,-1,-1,5,0,0,1,5,0,10,0,0,0,24.95
1,0,0,0,-1,0,1,3,0,0,0,0,2,0,-1,2,-1,1,2,0,-1,3,0,16,150,0,9223372036800000000,1e+75,0,10,0,0,7,0,0,1,100,0,1,1,1,0,0,1,0,0,2,0,1,-1,-1,-1,-1,-1,10,-1,1,1,3,-1,-1,-1,0,0,1,0,0,10,0,0,0,20.61
1,0,0,0,-1,0,1,1,0,0,0,0,3,0,0,0,-1,-1,0,0,2,3,0,-1,200,0,9223372036800000000,1e+75,0,10,0,0,7,0,2,1,0,0,1,1,2,0,0,0,0,0,2,0,1,-1,-1,-1,-1,0,10,-1,1,1,3,-1,-1,-1,0,0,1,0,0,10,0,0,0,24.64
1,0,0,0,-1,0,1,3,0,0,0,0,2,0,-1,2,-1,1,2,0,-1,3,0,16,10,0,9223372036800000000,1e+75,0,10,0,0,7,0,0,1,100,0,1,1,1,0,0,1,0,0,2,0,1,-1,-1,-1,-1,1,10,-1,1,1,3,-1,-1,-1,0,0,1,0,0,10,0,0,0,12.65
1,0,0,0,-1,0,1,5,0,0,0,0,2,0,-1,0,1,2,-1,2,0,3,0,8,50,0,9223372036800000000,1e+75,0,10,0,0,7,0,1,1,20,0,1,1,2,0,0,0,0,3,2,0,1,-1,-1,-1,-1,-1,10,-1,1,1,3,-1,-1,2,0,0,1,0,0,10,0,0,0,23.07
1,0,0,0,-1,0,1,3,0,0,0,0,2,0,-1,2,-1,1,2,0,-1,3,0,16,150,0,9223372036800000000,1e+75,0,10,0,0,7,0,0,1,40,0,1,1,1,0,0,1,0,0,2,0,1,-1,-1,-1,-1,1,10,-1,1,1,3,-1,-1,-1,0,0,1,0,0,10,0,0,0,11.41
1,0,0,0,-1,0,1,3,0,0,0,0,1,0,-1,-1,2,1,2,-1,2,3,0,8,100,0,9223372036800000000,1e+75,0,10,0,0,7,0,3,1,100,0,1,1,1,0,0,0,0,2,2,0,1,-1,-1,-1,-1,1,10,-1,1,1,3,-1,-1,-1,0,0,1,1,0,10,0,0,0,25.31
1,0,0,0,-1,0,1,0,0,0,0,0,0,0,0,0,0,-1,0,1,-1,3,0,-1,800,0,9223372036800000000,1e+75,0,10,0,0,7,0,0,1,0,0,1,1,0,0,0,0,0,0,2,0,1,-1,-1,-1,-1,0,10,-1,1,1,3,-1,-1,-1,0,0,1,0,0,10,0,0,0,31.17
1,0,0,0,-1,0,1,0,0,0,0,0,-1,0,-1,-1,2,2,2,2,2,3,0,4,10,0,9223372036800000000,1e+75,0,10,0,0,7,0,3,1,1000,0,1,0,1,0,0,1,0,-1,2,0,1,-1,1,-1,-1,-1,10,-1,1,1,3,-1,-1,3,0,0,1,0,0,10,0,0,0,32.33
1,0,0,0,-1,0,1,1,0,0,0,0,-1,0,-1,1,0,-1,-1,2,-1,3,0,-1,25,0,9223372036800000000,1e+75,0,10,0,1,7,0,1,0,500,0,1,1,0,0,0,0,0,1,1,0,1,-1,1,-1,-1,1,10,-1,1,1,1,1,-1,3,0,0,1,5,0,10,0,0,0,28.18
1,0,0,0,-1,0,1,3,0,0,0,0,1,0,-1,1,2,1,2,-1,2,3,0,8,100,0,9223372036800000000,1e+75,0,10,0,0,7,0,3,1,100,0,1,1,1,0,0,0,0,2,2,0,1,-1,-1,-1,-1,1,10,-1,1,1,3,-1,-1,-1,0,0,1,1,0,10,0,0,0,26.06
1,0,0,0,-1,0,1,3,0,0,0,0,1,0,-1,-1,2,1,2,-1,2,3,0,8,100,0,9223372036800000000,1e+75,0,10,0,0,7,0,3,1,100,0,1,1,1,0,0,0,0,2,2,0,1,-1,-1,-1,-1,1,10,-1,1,1,3,-1,-1,2,0,0,1,1,0,10,0,0,0,25.31
1,0,0,0,-1,0,1,4,0,0,4,0,3,0,1,2,2,1,2,2,-1,3,0,2,10,0,9223372036800000000,1e+75,0,10,0,3,7,0,3,2,500,0,1,1,0,0,0,2,0,3,1,0,1,-1,-1,-1,2,0,10,-1,1,1,1,1,-1,2,0,0,1,0,0,10,0,0,0,22.78
1,0,0,0,-1,0,1,1,0,0,0,0,-1,0,-1,-1,1,1,-1,-1,1,3,0,-1,50,0,9223372036800000000,1e+75,0,10,0,0,7,0,0,1,0,0,1,1,0,0,0,0,0,0,2,0,1,-1,-1,-1,-1,0,10,-1,1,1,3,-1,-1,-1,0,0,1,0,0,10,0,0,0,23.92
1,0,0,0,-1,0,1,3,0,0,0,0,1,0,-1,-1,0,1,2,-1,2,3,0,8,100,0,9223372036800000000,1e+75,0,10,0,0,7,0,3,1,100,0,1,1,1,0,0,0,0,2,2,0,1,-1,-1,-1,-1,1,10,-1,1,1,3,-1,-1,-1,0,0,1,1,0,10,0,0,0,25.31
1,0,0,0,-1,0,1,3,0,0,0,0,1,0,1,-1,2,1,2,-1,2,3,0,8,100,0,9223372036800000000,1e+75,0,10,0,0,7,0,3,1,100,0,1,1,1,0,0,0,0,2,2,0,1,-1,-1,-1,-1,1,10,-1,1,1,3,-1,-1,-1,0,0,1,1,0,10,0,0,0,25.31
1,0,0,0,-1,0,1,3,0,0,0,0,-1,0,-1,-1,1,0,2,1,1,3,0,-1,800,0,9223372036800000000,1e+75,0,10,0,0,7,0,3,1,0,0,1,1,1,0,0,0,0,0,2,0,1,-1,-1,-1,-1,0,10,-1,0,1,3,-1,-1,-1,0,0,1,0,0,10,0,0,0,26.07
1,0,0,0,-1,0,1,3,0,0,0,0,1,0,-1,-1,2,1,2,-1,2,3,0,8,400,0,9223372036800000000,1e+75,0,10,0,0,7,0,3,1,100,0,1,1,1,0,0,0,0,2,2,0,1,-1,-1,-1,-1,1,10,-1,1,1,3,-1,-1,-1,0,0,1,1,0,10,0,0,0,24.74
1,0,0,0,-1,0,1,3,0,0,0,0,-1,0,-1,-1,1,0,2,1,1,3,0,-1,800,0,9223372036800000000,1e+75,0,10,0,0,7,0,3,1,40,0,1,1,1,0,0,0,0,0,2,0,1,-1,-1,0,-1,0,10,-1,1,1,3,-1,-1,-1,0,0,1,2,0,10,0,0,0,8.95
1,0,0,0,-1,0,1,3,0,0,0,0,1,0,-1,-1,2,1,-1,-1,2,3,0,8,400,0,9223372036800000000,1e+75,0,10,0,0,7,0,3,1,100,0,1,1,1,0,0,0,0,2,2,0,1,-1,-1,-1,-1,1,10,-1,1,1,3,-1,-1,-1,0,0,1,1,0,10,0,0,0,25.33
1,0,0,0,-1,0,1,3,0,0,0,0,1,0,0,-1,2,1,2,-1,2,3,0,8,400,0,9223372036800000000,1e+75,0,10,0,0,7,0,3,1,100,0,1,1,1,0,0,0,0,2,2,0,1,-1,-1,-1,-1,1,10,-1,1,1,3,-1,-1,-1,0,0,1,1,0,10,0,0,0,24.74
1,0,0,0,-1,0,1,2,0,0,0,0,1,0,-1,2,0,0,-1,1,1,3,0,-1,100,0,9223372036800000000,1e+75,0,10,0,0,7,0,2,1,100,0,1,0,1,0,0,0,0,0,2,0,1,-1,-1,-1,-1,1,10,-1,1,1,3,-1,-1,1,0,0,1,0,0,10,0,0,0,14.49
1,0,0,0,-1,0,1,3,0,0,0,0,-1,0,-1,-1,1,0,2,1,1,3,0,-1,800,0,9223372036800000000,1e+75,0,10,0,0,7,0,3,1,40,0,1,1,1,0,0,0,0,0,2,0,1,-1,-1,-1,-1,0,10,-1,1,1,3,-1,-1,-1,0,0,1,2,0,10,4,0,0,8.95
1,0,0,0,-1,0,1,3,0,0,0,0,1,0,-1,-1,1,1,1,2,-1,3,0,2,10,0,9223372036800000000,1e+75,0,10,0,0,7,0,0,1,20,0,1,0,2,0,0,4,0,0,2,0,1,-1,-1,-1,-1,0,10,-1,1,1,3,-1,-1,1,0,0,1,0,0,10,0,0,0,1.79769e+308
1,0,0,0,-1,0,1,3,0,0,0,0,1,0,-1,-1,2,1,2,-1,2,3,0,1,400,0,9223372036800000000,1e+75,0,10,0,0,7,0,3,1,100,0,1,1,1,0,0,0,0,2,2,0,1,-1,-1,-1,-1,1,10,-1,1,1,3,-1,-1,-1,0,0,1,1,0,10,0,0,0,1.79769e+308
1,0,0,0,-1,0,1,0,0,0,0,0,1,0,1,1,2,1,-1,0,-1,3,0,16,400,0,9223372036800000000,1e+75,0,10,0,0,7,0,0,1,1000,0,1,0,1,0,0,4,0,-1,2,0,1,-1,-1,-1,-1,-1,10,-1,1,1,3,-1,-1,5,0,0,1,5,0,10,0,0,0,51.36
1,0,0,0,-1,0,1,1,0,0,0,0,-1,0,-1,1,0,-1,-1,2,-1,3,0,-1,25,0,9223372036800000000,1e+75,0,10,0,1,7,0,1,2,40,0,1,1,3,0,0,0,0,1,1,0,1,-1,1,-1,-1,1,10,-1,1,1,1,1,-1,3,0,0,1,5,0,10,0,0,0,28.43
1,0,0,0,-1,0,1,0,0,0,0,0,1,0,1,1,2,1,2,-1,-1,3,0,16,400,0,9223372036800000000,1e+75,0,10,0,0,7,0,0,1,1000,0,1,0,1,0,0,4,0,-1,2,0,1,-1,-1,-1,-1,-1,10,-1,1,1,3,-1,-1,5,0,0,1,5,0,10,0,0,0,55.73
1,0,0,0,-1,0,1,0,0,0,0,0,1,0,1,2,2,1,2,0,-1,3,0,16,400,0,9223372036800000000,1e+75,0,10,0,0,7,0,0,1,1000,0,1,0,1,0,0,4,0,-1,2,0,1,-1,-1,-1,-1,-1,10,-1,1,1,3,-1,-1,5,0,0,1,5,0,10,0,0,0,51.23
1,0,0,0,-1,0,1,0,0,0,0,0,1,0,1,1,2,1,2,0,-1,3,0,16,400,0,9223372036800000000,1e+75,0,10,0,0,7,0,3,1,1000,0,1,0,1,0,0,4,0,-1,2,0,1,-1,-1,-1,-1,-1,10,-1,1,1,3,-1,-1,5,0,0,1,5,0,10,0,0,0,52.8
1,0,0,0,-1,0,1,3,0,0,0,0,-1,0,-1,-1,1,0,2,1,1,0,0,-1,800,0,9223372036800000000,1e+75,0,10,0,0,7,0,3,1,40,0,1,1,1,0,0,0,0,0,2,0,1,-1,-1,-1,-1,0,10,-1,1,1,3,-1,-1,-1,0,0,1,2,0,10,0,0,0,25.06
1,0,0,0,-1,0,1,2,0,0,0,0,2,0,1,2,1,-1,-1,2,0,3,0,-1,100,0,9223372036800000000,1e+75,0,10,0,0,7,0,0,1,0,0,1,1,0,0,0,0,0,0,2,0,1,-1,-1,-1,-1,0,10,-1,1,1,3,-1,-1,-1,0,0,1,0,0,10,0,0,0,27.87
1,0,0,0,-1,0,1,0,0,0,0,0,1,0,1,1,2,1,2,0,-1,3,0,1,400,0,9223372036800000000,1e+75,0,10,0,0,7,0,0,1,1000,0,1,0,1,0,0,4,0,-1,2,0,1,-1,-1,-1,-1,-1,10,-1,1,1,3,-1,-1,5,0,0,1,5,0,10,0,0,0,1.79769e+308
1,0,0,0,-1,0,1,1,0,0,0,0,-1,0,-1,0,2,0,2,2,2,3,0,-1,10,0,9223372036800000000,1e+75,0,10,0,0,7,0,0,1,0,0,1,1,0,0,0,0,0,0,2,0,1,-1,-1,-1,-1,0,10,-1,1,1,3,-1,-1,-1,0,0,1,0,0,10,0,0,0,1.79769e+308
1,0,0,0,-1,0,1,0,0,0,0,0,1,0,1,1,2,0,2,0,-1,3,0,16,400,0,9223372036800000000,1e+75,0,10,0,0,7,0,0,1,1000,0,1,0,0,0,0,4,0,-1,2,0,1,-1,-1,-1,-1,-1,10,-1,1,1,3,-1,-1,5,0,0,1,0,0,10,0,0,0,1.79769e+308
1,0,0,0,-1,0,1,1,0,0,0,0,3,0,1,-1,2,2,1,-1,-1,3,0,1,100,0,9223372036800000000,1e+75,0,10,0,0,7,0,2,1,-1,0,1,1,0,0,0,6,0,2,2,0,1,-1,-1,-1,-1,0,10,-1,1,1,3,-1,-1,3,0,0,1,5,0,10,0,0,0,22.63
1,0,0,0,-1,0,1,0,0,0,0,0,3,0,0,-1,2,0,1,1,-1,3,0,8,50,0,9223372036800000000,1e+75,0,10,0,0,7,0,0,1,0,0,1,1,3,0,0,1,0,0,2,0,1,-1,-1,-1,-1,-1,10,-1,1,1,3,-1,-1,4,0,0,1,4,0,10,0,0,0,12.94
1,0,0,0,-1,0,1,0,0,0,0,0,3,0,0,-1,2,0,1,1,-1,3,0,8,50,0,9223372036800000000,1e+75,0,10,0,0,7,0,0,1,0,0,1,1,3,0,0,1,0,0,2,0,1,-1,-1,-1,-1,-1,10,-1,1,1,3,-1,-1,5,0,0,1,4,0,10,0,0,0,12.94
1,0,0,0,-1,0,1,0,0,0,0,0,3,0,0,-1,2,0,1,1,-1,3,0,8,800,0,9223372036800000000,1e+75,0,10,0,0,7,0,0,1,0,0,1,1,3,0,0,1,0,0,2,0,1,-1,-1,-1,-1,-1,10,-1,1,1,3,-1,-1,4,0,0,1,4,0,10,0,0,0,19.11
1,0,0,0,-1,0,1,0,0,0,0,0,3,0,0,-1,2,0,1,1,-1,3,0,8,50,0,9223372036800000000,1e+75,0,10,0,0,7,0,0,1,0,0,1,1,3,0,0,1,0,0,2,0,1,-1,-1,-1,-1,-1,10,-1,1,1,3,-1,-1,3,0,0,1,4,0,10,0,0,0,12.94
1,0,0,0,-1,0,1,0,0,0,0,0,3,0,0,-1,2,0,-1,1,-1,3,0,8,50,0,9223372036800000000,1e+75,0,10,0,0,7,0,0,1,0,0,1,1,3,0,0,1,0,0,2,0,1,-1,-1,-1,-1,-1,10,-1,1,1,3,-1,-1,4,0,0,1,4,0,10,0,0,0,12.94
1,0,0,0,-1,0,1,0,0,0,0,0,1,0,-1,2,1,0,0,1,0,3,0,16,10,0,9223372036800000000,1e+75,0,10,0,0,7,0,3,1,-1,0,1,1,0,0,0,0,0,1,2,0,1,-1,-1,-1,-1,-1,10,-1,1,1,3,-1,-1,4,0,0,1,0,0,10,0,0,0,1.79769e+308
1,0,0,0,-1,0,1,5,0,0,0,0,3,0,0,-1,2,0,1,1,-1,3,0,8,50,0,9223372036800000000,1e+75,0,10,0,0,7,0,0,1,0,0,1,1,3,0,0,1,0,0,2,0,1,-1,-1,-1,-1,-1,10,-1,1,1,3,-1,-1,4,0,0,1,4,0,10,0,0,0,23.14
1,0,0,0,-1,0,1,0,0,0,0,0,3,0,0,-1,2,0,1,1,2,3,0,8,50,0,9223372036800000000,1e+75,0,10,0,0,7,0,0,1,0,0,1,1,3,0,0,1,0,0,2,0,1,-1,-1,-1,-1,-1,10,-1,1,1,3,-1,-1,4,0,0,1,4,0,10,0,0,0,12.94
1,0,0,0,-1,0,1,5,0,0,0,0,1,0,-1,1,-1,1,0,-1,0,3,0,8,400,0,9223372036800000000,1e+75,0,10,0,0,7,0,3,1,1000,0,1,1,-1,0,0,6,0,1,2,0,1,-1,-1,-1,-1,-1,10,-1,1,1,3,-1,-1,-1,0,0,1,5,0,10,0,0,0,31.31
1,0,0,0,-1,0,1,0,0,0,0,0,3,0,0,-1,2,0,1,1,-1,3,0,8,100,0,9223372036800000000,1e+75,0,10,0,0,7,0,0,1,0,0,1,1,3,0,0,1,0,0,2,0,1,-1,-1,-1,-1,-1,10,-1,1,1,3,-1,-1,4,0,0,1,4,0,10,0,0,0,12.94
1,0,0,0,-1,0,1,3,0,0,0,0,-1,0,-1,1,2,0,1,2,0,3,0,8,400,0,9223372036800000000,1e+75,0,10,0,0,7,0,2,1,500,0,1,1,1,0,0,5,0,4,2,0,1,-1,-1,-1,-1,-1,10,-1,1,1,3,-1,-1,0,0,0,1,5,0,10,0,0,0,19.37
1,0,0,0,-1,0,1,0,0,0,0,0,3,0,0,-1,2,0,1,1,-1,3,0,16,50,0,9223372036800000000,1e+75,0,10,0,0,7,0,0,1,0,0,1,1,3,0,0,1,0,0,2,0,1,-1,-1,-1,-1,-1,10,-1,1,1,3,-1,-1,4,0,0,1,4,0,10,0,0,0,12.94
1,0,0,0,-1,0,1,5,0,0,0,0,1,0,-1,1,-1,1,0,1,0,3,0,8,400,0,9223372036800000000,1e+75,0,10,0,0,7,0,3,1,1000,0,1,1,-1,0,0,6,0,1,2,0,1,-1,-1,-1,-1,-1,10,-1,1,1,3,-1,-1,-1,0,0,1,4,0,10,0,0,0,46.16
1,0,0,0,-1,0,1,0,0,0,0,0,3,0,0,-1,2,0,0,1,-1,3,0,8,50,0,9223372036800000000,1e+75,0,10,0,0,7,0,0,1,0,0,1,1,3,0,0,1,0,0,2,0,1,-1,-1,-1,-1,-1,10,-1,1,1,3,-1,-1,4,0,0,1,4,0,10,0,0,0,12.94
1,0,0,0,-1,0,1,0,0,0,0,0,3,0,-1,-1,2,0,1,1,-1,3,0,8,50,0,9223372036800000000,1e+75,0,10,0,0,7,0,0,1,0,0,1,1,3,0,0,1,0,0,2,0,1,-1,-1,-1,-1,-1,10,-1,1,1,3,-1,-1,4,0,0,1,4,0,10,0,0,0,12.94
1,0,0,0,-1,0,1,0,0,0,0,0,3,0,0,-1,2,0,1,1,-1,3,0,8,50,0,9223372036800000000,1e+75,0,10,0,0,7,0,0,1,0,0,1,1,3,0,0,1,0,-1,2,0,1,-1,-1,-1,-1,-1,10,-1,1,1,3,-1,-1,4,0,0,1,4,0,10,0,0,0,16.5
1,0,0,0,-1,0,1,1,0,0,0,0,3,0,1,-1,2,2,1,-1,-1,3,0,1,100,0,9223372036800000000,1e+75,0,10,0,0,7,0,2,1,0,0,1,1,1,0,0,6,0,2,2,0,1,-1,-1,-1,-1,0,10,-1,1,1,3,-1,-1,3,0,0,1,5,0,10,0,0,0,23.23
1,0,0,0,-1,0,1,4,0,0,0,0,2,0,1,1,0,2,0,0,-1,3,0,8,10,0,9223372036800000000,1e+75,0,10,0,0,7,0,3,1,-1,0,1,1,-1,0,0,6,0,0,2,0,1,-1,-1,-1,-1,-1,10,-1,1,1,3,-1,-1,4,0,0,1,1,0,10,0,0,0,1.79769e+308
1,0,0,0,-1,0,1,1,0,0,0,0,3,0,1,-1,2,2,1,-1,-1,3,0,1,100,0,9223372036800000000,1e+75,0,10,0,0,7,0,2,1,0,0,1,1,0,0,0,6,0,2,2,0,1,-1,-1,-1,-1,0,10,-1,1,1,3,-1,-1,3,0,0,1,5,0,10,0,0,0,21.69
1,0,0,0,-1,0,1,1,0,0,0,0,3,0,1,-1,2,2,1,-1,-1,3,0,1,100,0,9223372036800000000,1e+75,0,10,0,0,7,0,2,1,0,0,1,1,1,0,0,6,0,2,2,0,1,-1,-1,-1,-1,-1,10,-1,1,1,3,-1,-1,3,0,0,1,5,0,10,0,0,0,23.23
1,0,0,0,-1,0,1,0,0,0,3,0,1,0,-1,2,2,0,2,1,0,3,0,1,25,0,9223372036800000000,1e+75,0,10,0,2,7,0,1,1,500,0,1,1,0,0,0,1,0,1,2,1,1,-1,-1,-1,2,0,10,-1,1,1,0,-1,-1,1,0,0,1,5,0,10,0,0,0,22.11
1,0,0,0,-1,0,1,1,0,0,0,0,3,0,1,-1,2,2,1,-1,-1,3,0,1,100,0,9223372036800000000,1e+75,0,10,0,0,7,0,2,1,1000,0,1,1,0,0,0,6,0,2,2,0,1,-1,-1,-1,-1,0,10,-1,1,1,3,-1,-1,3,0,0,1,5,0,10,0,0,0,22.07
1,0,0,0,-1,0,1,1,0,0,0,0,3,0,1,-1,2,2,1,-1,-1,3,0,1,100,0,9223372036800000000,1e+75,0,10,0,0,7,0,2,1,0,0,1,1,-1,0,0,6,0,2,2,0,1,-1,-1,-1,-1,0,10,-1,1,1,3,-1,-1,3,0,0,1,5,0,10,0,0,0,1.79769e+308
1,0,0,0,-1,0,1,4,0,0,0,0,2,0,1,1,2,2,2,1,2,3,0,-1,800,0,9223372036800000000,1e+75,0,10,0,0,7,0,0,1,0,0,1,1,0,0,0,0,0,0,2,0,1,-1,-1,-1,-1,0,10,-1,1,1,3,-1,-1,-1,0,0,1,0,0,10,0,0,0,26.99
1,0,0,0,-1,0,1,1,0,0,0,0,3,0,1,-1,2,2,1,-1,-1,3,0,1,100,0,9223372036800000000,1e+75,0,10,0,0,7,0,2,1,0,0,1,1,0,0,0,6,0,2,2,0,1,-1,-1,-1,-1,0,10,-1,1,1,3,-1,-1,1,0,0,1,5,0,10,0,0,0,21.69
1,0,0,0,-1,0,1,0,0,0,0,0,0,0,-1,0,2,1,1,2,1,3,0,16,150,0,9223372036800000000,1e+75,0,10,0,0,7,0,3,1,-1,0,1,1,3,0,0,0,0,3,2,0,1,-1,-1,-1,-1,-1,10,-1,1,1,3,-1,-1,2,0,0,1,0,0,10,0,0,0,26.69
1,0,0,0,-1,0,1,1,0,0,0,0,3,0,1,-1,2,2,1,-1,-1,3,0,1,100,0,9223372036800000000,1e+75,0,10,0,0,7,0,2,1,40,0,1,1,0,0,0,6,0,2,2,0,1,-1,-1,-1,-1,0,10,-1,1,1,3,-1,-1,3,0,0,1,5,0,10,0,0,0,21.46
1,0,0,0,-1,0,1,1,0,0,0,0,3,0,1,-1,2,2,1,-1,-1,3,0,1,100,0,9223372036800000000,1e+75,0,10,0,0,7,0,2,1,100,0,1,1,0,0,0,6,0,2,2,0,1,-1,-1,-1,-1,0,10,-1,1,1,3,-1,-1,3,0,0,1,5,0,10,0,0,0,24.39
1,0,0,0,-1,0,1,1,0,0,0,0,3,0,0,-1,2,2,1,-1,-1,3,0,1,100,0,9223372036800000000,1e+75,0,10,0,0,7,0,2,1,40,0,1,1,0,0,0,6,0,2,2,0,1,-1,-1,-1,-1,0,10,-1,1,1,3,-1,-1,3,0,0,1,5,0,10,0,0,0,21.46
1,0,0,0,-1,0,1,3,0,0,0,0,3,0,-1,-1,0,1,1,0,2,3,0,2,400,0,9223372036800000000,1e+75,0,10,0,0,7,0,3,1,20,0,1,0,-1,0,0,2,0,0,2,0,1,-1,1,-1,-1,0,10,-1,1,1,3,-1,-1,0,0,0,1,0,0,10,0,0,0,26.15
1,0,0,0,-1,0,1,1,0,0,0,0,1,0,-1,-1,-1,-1,2,1,-1,3,0,4,25,0,9223372036800000000,1e+75,0,10,0,0,7,0,3,1,40,0,1,0,3,0,0,6,0,3,2,0,1,-1,-1,-1,-1,-1,10,-1,1,1,3,-1,-1,1,0,0,1,5,0,10,0,0,0,24.57
1,0,0,0,-1,0,1,3,0,0,0,0,0,0,-1,0,1,1,1,-1,-1,3,0,1,25,0,9223372036800000000,1e+75,0,10,0,0,7,0,1,1,1000,0,1,0,3,0,0,0,0,-1,2,0,1,-1,-1,-1,-1,-1,10,-1,1,1,3,-1,-1,2,0,0,1,0,0,10,0,0,0,1.79769e+308
1,0,0,0,-1,0,1,4,0,0,0,0,-1,0,0,2,0,0,0,-1,2,3,0,16,50,0,9223372036800000000,1e+75,0,10,0,0,7,0,1,1,0,0,1,0,3,0,0,1,0,-1,2,0,1,-1,-1,-1,-1,-1,10,-1,1,1,3,-1,-1,1,0,0,1,3,0,10,0,0,0,22.93
1,0,0,0,-1,0,1,0,0,0,4,0,-1,0,-1,-1,2,-1,2,1,0,3,0,16,10,0,9223372036800000000,1e+75,0,10,0,2,7,0,2,2,0,0,1,1,1,0,0,2,0,3,1,1,1,-1,-1,-1,1,0,10,-1,1,1,0,1,-1,3,0,0,1,1,0,10,0,0,0,34.62
1,0,0,0,-1,0,1,3,0,0,0,0,-1,0,-1,1,2,0,1,2,0,3,0,8,400,0,9223372036800000000,1e+75,0,10,0,0,7,0,2,1,500,0,1,1,1,0,0,4,0,4,2,0,1,-1,-1,-1,-1,1,10,-1,1,1,3,-1,-1,0,0,0,1,5,0,10,0,0,0,19.25
1,0,0,0,-1,0,1,5,0,0,1,0,1,0,-1,2,2,1,0,1,2,3,0,2,200,0,9223372036800000000,1e+75,0,10,0,0,7,0,1,2,100,0,1,0,3,0,0,1,0,3,1,3,1,-1,-1,-1,1,1,10,-1,1,1,3,-1,-1,3,0,0,1,0,0,10,0,0,0,24.07
1,0,0,0,-1,0,1,4,0,0,0,0,-1,0,0,2,0,0,0,-1,2,3,0,16,50,0,9223372036800000000,1e+75,0,10,0,0,7,0,1,1,0,0,1,0,1,0,0,1,0,-1,2,0,1,-1,-1,-1,-1,-1,10,-1,1,1,3,-1,-1,1,0,0,1,3,0,10,0,0,0,25.14
1,0,0,0,-1,0,1,0,0,0,0,0,-1,0,-1,2,-1,2,0,0,0,3,0,8,150,0,9223372036800000000,1e+75,0,10,0,3,7,0,1,1,0,0,1,1,1,0,0,1,0,4,1,2,1,-1,1,-1,3,-1,10,-1,1,1,0,1,-1,5,0,0,1,5,0,10,0,0,0,20.71
1,0,0,0,-1,2,1,3,0,0,0,0,-1,0,-1,-1,1,0,2,1,1,3,0,-1,800,0,9223372036800000000,1e+75,0,10,0,0,7,0,3,1,40,0,1,1,1,0,0,0,0,0,2,0,1,-1,-1,-1,-1,0,10,-1,1,1,3,-1,-1,-1,0,0,1,2,0,10,0,0,0,8.95
1,0,0,0,-1,0,1,4,0,0,0,0,-1,0,0,2,2,-1,1,0,0,3,0,-1,50,0,9223372036800000000,1e+75,0,10,0,0,7,0,2,1,0,0,1,1,0,0,0,0,0,3,2,0,1,-1,-1,-1,-1,0,10,-1,1,1,3,-1,-1,-1,0,0,1,0,0,10,0,0,0,22.59
1,0,0,0,-1,0,1,4,0,0,0,0,-1,0,0,2,0,0,0,-1,2,3,0,16,50,0,9223372036800000000,1e+75,0,10,0,0,7,0,1,1,0,0,1,0,3,0,0,4,0,-1,2,0,1,-1,-1,-1,-1,-1,10,-1,1,1,3,-1,-1,1,0,0,1,3,0,10,0,0,0,1.79769e+308
1,0,0,0,-1,0,1,4,0,0,0,0,-1,0,0,2,0,0,0,-1,2,3,0,-1,50,0,9223372036800000000,1e+75,0,10,0,0,7,0,1,1,0,0,1,0,3,0,0,1,0,-1,2,0,1,-1,-1,-1,-1,-1,10,-1,1,1,3,-1,-1,1,0,0,1,3,0,10,0,0,0,22.93
1,0,0,0,-1,0,1,0,0,0,0,0,-1,0,-1,-1,2,2,2,2,2,3,0,4,800,0,9223372036800000000,1e+75,0,10,0,0,7,0,1,1,1000,0,1,0,1,0,0,1,0,-1,2,0,1,-1,1,-1,-1,-1,10,-1,1,1,3,-1,-1,3,0,0,1,0,0,10,0,0,0,33.82
1,0,0,0,-1,0,1,4,0,0,0,0,-1,0,0,2,-1,0,0,-1,2,3,0,16,50,0,9223372036800000000,1e+75,0,10,0,0,7,0,1,1,0,0,1,0,3,0,0,1,0,-1,2,0,1,-1,-1,-1,-1,-1,10,-1,1,1,3,-1,-1,1,0,0,1,3,0,10,0,0,0,30.26
1,0,0,0,-1,0,1,0,0,0,0,0,3,0,1,2,0,1,-1,2,0,3,0,-1,800,0,9223372036800000000,1e+75,0,10,0,0,7,0,1,1,0,0,1,1,0,0,0,0,0,2,2,0,1,-1,-1,-1,-1,0,10,-1,1,1,3,-1,-1,-1,0,0,1,0,0,10,0,0,0,27.44
1,0,0,0,-1,0,1,4,0,0,0,0,-1,0,0,2,0,0,0,-1,2,3,0,16,50,0,9223372036800000000,1e+75,0,10,0,0,7,0,1,1,1000,0,1,0,3,0,0,1,0,-1,2,0,1,-1,-1,-1,-1,-1,10,-1,1,1,3,-1,-1,1,0,0,1,3,0,10,0,0,0,23.78
1,0,0,0,-1,0,1,3,0,0,4,0,2,0,1,-1,-1,1,1,0,-1,3,0,8,50,0,9223372036800000000,1e+75,0,10,0,1,7,0,2,1,20,0,1,1,0,0,0,5,0,4,3,3,1,-1,-1,-1,0,1,10,-1,1,1,3,1,-1,1,0,0,1,2,0,10,0,0,0,12.52
1,0,0,0,-1,0,1,3,0,0,0,0,2,0,-1,2,-1,-1,2,0,-1,3,0,16,50,0,9223372036800000000,1e+75,0,10,0,0,7,0,3,1,100,0,1,1,1,0,0,1,0,0,2,0,1,-1,-1,-1,-1,1,10,-1,1,1,3,-1,-1,-1,0,0,1,0,0,10,0,0,0,13.26
1,0,0,0,-1,0,1,4,0,0,0,0,1,0,0,2,0,0,0,-1,2,3,0,16,50,0,9223372036800000000,1e+75,0,10,0,0,7,0,1,1,0,0,1,0,3,0,0,1,0,-1,2,0,1,-1,-1,-1,-1,-1,10,-1,1,1,3,-1,-1,1,0,0,1,3,0,10,0,0,0,22.93
1,0,0,0,-1,0,1,4,0,0,0,0,-1,0,0,2,0,0,0,-1,2,3,0,16,50,0,9223372036800000000,1e+75,0,10,0,0,7,0,1,1,0,0,1,0,3,0,0,5,0,-1,2,0,1,-1,-1,-1,-1,-1,10,-1,1,1,3,-1,-1,1,0,0,1,3,0,10,0,0,0,1.79769e+308
1,0,0,0,-1,0,1,5,0,0,0,0,0,0,-1,1,-1,1,2,0,2,3,0,8,200,0,9223372036800000000,1e+75,0,10,0,0,7,0,1,1,-1,0,1,0,0,0,0,0,0,2,2,0,1,-1,-1,-1,-1,-1,10,-1,1,1,3,-1,-1,3,0,0,1,0,0,10,0,0,0,39.52
1,0,0,0,-1,0,1,5,0,0,0,0,3,0,-1,2,0,0,0,-1,2,3,0,-1,50,0,9223372036800000000,1e+75,0,10,0,0,7,0,3,1,0,0,1,1,0,0,0,0,0,3,2,0,1,-1,-1,-1,-1,0,10,-1,1,1,3,-1,-1,-1,0,0,1,0,0,10,0,0,0,23.53
1,0,0,0,-1,0,1,3,0,0,0,0,2,0,1,2,1,-1,-1,0,0,3,0,-1,100,0,9223372036800000000,1e+75,0,10,0,0,7,0,0,1,0,0,1,1,0,0,0,0,0,0,2,0,1,-1,-1,-1,-1,0,10,-1,1,1,3,-1,-1,-1,0,0,1,0,0,10,0,0,0,27.28
1,0,0,0,-1,0,1,4,0,0,0,0,-1,0,0,2,0,0,0,-1,2,3,0,16,50,0,9223372036800000000,1e+75,0,10,0,0,7,0,1,1,0,0,1,0,-1,0,0,1,0,-1,2,0,1,-1,-1,-1,-1,-1,10,-1,1,1,3,-1,-1,1,0,0,1,3,0,10,0,0,0,24.54
1,0,0,0,-1,0,1,5,0,0,1,0,1,0,-1,2,2,1,0,1,2,3,0,2,200,0,9223372036800000000,1e+75,0,10,0,0,7,0,1,2,100,0,1,0,-1,0,0,1,0,3,1,3,1,-1,-1,-1,0,1,10,-1,1,1,3,-1,-1,3,0,0,1,0,0,10,0,0,0,21.32
1,0,0,0,-1,0,1,4,0,0,0,0,-1,0,0,2,0,2,0,-1,2,3,0,16,50,0,9223372036800000000,1e+75,0,10,0,0,7,0,1,1,0,0,1,0,3,0,0,1,0,-1,2,0,1,-1,-1,-1,-1,-1,10,-1,1,1,3,-1,-1,1,0,0,1,3,0,10,0,0,0,22.82
1,0,0,0,-1,0,1,2,0,0,0,0,-1,0,-1,0,1,1,2,0,-1,3,0,16,25,0,9223372036800000000,1e+75,0,10,0,0,7,0,3,1,0,0,1,1,2,0,0,0,0,3,2,0,1,-1,-1,-1,-1,-1,10,-1,1,1,3,-1,-1,2,0,0,1,0,0,10,0,0,0,14.55
1,0,0,0,-1,0,1,3,0,0,0,0,-1,0,1,-1,0,-1,2,0,2,3,0,2,400,0,9223372036800000000,1e+75,0,10,0,0,7,0,0,1,100,0,1,0,0,0,0,3,0,4,2,0,1,-1,-1,-1,-1,1,10,-1,1,1,3,-1,-1,-1,0,0,1,4,0,10,0,0,0,28.7
1,0,0,0,-1,0,1,5,0,0,0,0,-1,0,1,2,-1,-1,-1,-1,0,3,0,16,400,0,9223372036800000000,1e+75,0,10,0,0,7,0,1,1,40,0,1,0,2,0,0,5,0,4,2,0,1,-1,-1,-1,-1,1,10,-1,1,1,3,-1,-1,5,0,0,1,5,0,10,0,0,0,23.95
1,0,0,0,-1,0,1,5,0,0,0,0,1,0,1,2,-1,-1,-1,-1,0,3,0,16,400,0,9223372036800000000,1e+75,0,10,0,0,7,0,1,1,40,0,1,0,2,0,0,5,0,4,2,0,1,-1,-1,-1,-1,1,10,-1,1,1,3,-1,-1,5,0,0,1,5,0,10,0,0,0,23.95
1,0,0,0,-1,0,1,5,0,0,0,0,-1,0,1,2,-1,-1,-1,-1,0,3,0,16,400,0,9223372036800000000,1e+75,0,10,0,0,7,0,1,1,40,0,1,0,2,0,0,5,0,-1,2,0,1,-1,-1,-1,-1,1,10,-1,1,1,3,-1,-1,5,0,0,1,5,0,10,0,0,0,26.66
1,0,0,0,-1,0,1,5,0,0,0,0,-1,0,1,2,-1,-1,-1,-1,0,3,0,16,400,0,9223372036800000000,1e+75,0,10,0,0,7,0,1,1,40,0,1,0,2,0,0,5,0,4,2,0,1,-1,-1,-1,-1,1,10,-1,1,1,3,-1,-1,2,0,0,1,5,0,10,0,0,0,23.95
1,0,0,0,-1,0,1,5,0,0,0,0,-1,0,1,2,-1,0,-1,-1,0,3,0,16,400,0,9223372036800000000,1e+75,0,10,0,0,7,0,1,1,40,0,1,0,2,0,0,5,0,4,2,0,1,-1,-1,-1,-1,1,10,-1,1,1,3,-1,-1,5,0,0,1,5,0,10,0,0,0,19.74
1,0,0,0,-1,0,1,5,0,0,0,0,-1,0,1,2,-1,0,-1,-1,0,3,0,8,400,0,9223372036800000000,1e+75,0,10,0,0,7,0,1,1,40,0,1,0,2,0,0,5,0,4,2,0,1,-1,-1,-1,-1,1,10,-1,1,1,3,-1,-1,5,0,0,1,5,0,10,0,0,0,19.74
1,0,0,0,-1,0,1,3,0,0,0,0,-1,0,-1,1,2,0,1,2,0,3,0,8,100,0,9223372036800000000,1e+75,0,10,0,0,7,0,2,1,500,0,1,1,1,0,0,5,0,4,2,0,1,-1,-1,-1,-1,1,10,-1,1,1,3,-1,-1,0,0,0,1,5,0,10,0,0,0,13.07
1,0,0,0,-1,0,1,3,0,0,0,0,-1,0,-1,1,2,0,1,2,0,3,0,8,400,0,9223372036800000000,1e+75,0,10,0,0,7,0,2,1,500,0,1,1,1,0,0,5,0,4,2,0,1,-1,-1,-1,-1,1,10,-1,1,1,3,-1,-1,0,0,0,1,5,0,10,0,0,0,11.53
1,0,0,0,-1,0,1,2,0,0,0,0,-1,0,-1,0,1,2,2,0,-1,3,0,4,25,0,9223372036800000000,1e+75,0,10,0,0,7,0,3,1,100,0,1,1,2,0,0,0,0,3,2,0,1,-1,-1,-1,-1,-1,10,-1,1,1,3,-1,-1,2,0,0,1,0,0,10,0,0,0,27.62
1,0,0,0,-1,0,1,3,0,0,0,0,1,0,-1,-1,2,-1,-1,0,1,3,0,-1,25,0,9223372036800000000,1e+75,0,10,0,0,7,0,2,1,0,0,1,1,-1,0,0,0,0,-1,2,0,1,-1,-1,-1,-1,0,10,-1,1,1,3,-1,-1,-1,0,0,1,0,0,10,0,0,0,1.79769e+308
1,0,0,0,-1,0,1,3,0,0,0,0,-1,0,-1,1,2,0,1,2,0,3,0,8,100,0,9223372036800000000,1e+75,0,10,0,0,7,0,2,1,500,0,1,1,1,0,0,5,0,4,2,0,1,-1,-1,-1,-1,1,10,-1,1,1,3,-1,-1,3,0,0,1,5,0,10,0,0,0,13.07
1,0,0,0,-1,0,1,3,0,0,0,0,-1,0,-1,1,2,0,1,2,0,3,0,8,10,0,9223372036800000000,1e+75,0,10,0,0,7,0,2,1,500,0,1,1,1,0,0,5,0,4,2,0,1,-1,-1,-1,-1,1,10,-1,1,1,3,-1,-1,0,0,0,1,5,0,10,0,0,0,13.71
1,0,0,0,-1,0,1,3,0,0,0,0,-1,0,-1,1,2,0,1,1,0,3,0,8,400,0,9223372036800000000,1e+75,0,10,0,0,7,0,2,1,500,0,1,1,1,0,0,5,0,4,2,0,1,-1,-1,-1,-1,1,10,-1,1,1,3,-1,-1,0,0,0,1,5,0,10,0,0,0,10.65
1,0,0,0,-1,0,1,3,0,0,0,0,2,0,-1,2,-1,1,2,0,-1,3,0,1,150,0,9223372036800000000,1e+75,0,10,0,0,7,0,0,1,100,0,1,1,1,0,0,1,0,0,2,0,1,-1,-1,-1,-1,1,10,-1,1,1,3,-1,-1,-1,0,0,1,0,0,10,0,0,0,30.54
1,0,0,0,-1,0,1,3,0,0,0,0,-1,0,-1,1,2,0,1,1,0,3,0,8,400,0,9223372036800000000,1e+75,0,10,0,0,7,0,0,1,500,0,1,1,1,0,0,5,0,4,2,0,1,-1,-1,-1,-1,1,10,-1,1,1,3,-1,-1,0,0,0,1,5,0,10,0,0,0,10.63
1,0,0,0,-1,0,1,3,0,0,0,0,-1,0,-1,1,2,0,1,1,0,3,0,8,400,0,9223372036800000000,1e+75,0,10,0,0,7,0,2,1,500,0,1,1,-1,0,0,5,0,4,2,0,1,-1,-1,-1,-1,1,10,-1,1,1,3,-1,-1,0,0,0,1,5,0,10,0,0,0,13.28
1,0,0,0,-1,0,1,1,0,0,0,0,3,0,1,-1,2,2,1,-1,-1,3,0,1,100,0,9223372036800000000,1e+75,0,10,0,0,7,0,2,1,40,0,1,1,0,0,0,4,0,2,2,0,1,-1,-1,-1,-1,0,10,-1,1,1,3,-1,-1,3,0,0,1,5,0,10,0,0,0,25.57
1,0,0,0,-1,0,1,3,0,0,0,0,-1,0,-1,1,2,0,1,1,0,3,0,8,400,0,9223372036800000000,1e+75,0,10,0,0,7,0,0,1,1000,0,1,1,1,0,0,5,0,4,2,0,1,-1,-1,-1,-1,1,10,-1,1,1,3,-1,-1,0,0,0,1,5,0,10,0,0,0,10.63
1,0,0,0,-1,0,1,3,0,0,0,0,1,0,0,2,0,2,0,0,-1,3,0,-1,800,0,9223372036800000000,1e+75,0,10,0,0,7,0,0,1,1000,0,1,1,2,0,0,0,0,2,2,0,1,-1,-1,-1,-1,0,10,-1,1,1,3,-1,-1,5,0,0,1,0,0,10,0,0,0,36.12
1,0,0,0,-1,0,1,5,0,0,0,0,1,0,-1,1,-1,1,0,1,0,3,0,8,400,0,9223372036800000000,1e+75,0,10,0,0,7,0,0,1,1000,0,1,1,-1,0,0,6,0,1,2,0,1,-1,-1,-1,-1,-1,10,-1,1,1,3,-1,-1,-1,0,0,1,5,0,10,0,0,0,30.92
1,0,0,0,-1,0,1,2,0,0,3,0,3,0,0,-1,-1,2,-1,-1,1,3,0,4,150,0,9223372036800000000,1e+75,0,10,0,3,7,0,1,2,100,0,1,0,0,0,0,6,0,0,3,0,1,-1,0,-1,3,0,10,-1,1,1,3,0,-1,0,0,0,1,1,0,10,0,0,0,11.41
1,0,0,0,-1,0,1,3,0,0,0,0,-1,0,-1,-1,1,0,2,1,1,3,0,-1,800,0,9223372036800000000,1e+75,0,10,0,0,7,0,3,1,40,0,1,1,1,0,0,0,0,0,2,0,1,-1,-1,-1,-1,0,10,-1,1,1,3,-1,-1,-1,0,0,1,2,0,10,-1,0,0,8.95
1,0,0,0,-1,0,1,5,0,0,0,0,-1,0,-1,1,-1,1,0,1,0,3,0,8,400,0,9223372036800000000,1e+75,0,10,0,0,7,0,3,1,1000,0,1,1,-1,0,0,6,0,1,2,0,1,-1,-1,-1,-1,-1,10,-1,1,1,3,-1,-1,-1,0,0,1,5,0,10,0,0,0,30.92
1,0,0,0,-1,0,1,5,0,0,0,0,1,0,-1,-1,-1,1,0,1,0,3,0,8,400,0,9223372036800000000,1e+75,0,10,0,0,7,0,3,1,1000,0,1,1,-1,0,0,6,0,1,2,0,1,-1,-1,-1,-1,-1,10,-1,1,1,3,-1,-1,-1,0,0,1,5,0,10,0,0,0,31.07
1,0,0,0,-1,0,1,1,0,0,0,0,3,0,0,0,-1,-1,0,0,2,3,0,-1,200,0,9223372036800000000,1e+75,0,10,0,0,7,0,2,1,0,0,1,1,0,0,0,0,0,0,2,0,1,-1,-1,-1,-1,0,10,-1,1,1,3,-1,-1,-1,0,0,1,0,0,10,0,0,0,17.69
1,0,0,0,-1,0,1,4,0,0,0,0,0,0,0,2,-1,1,2,-1,2,3,0,-1,50,0,9223372036800000000,1e+75,0,10,0,0,7,0,0,1,0,0,1,1,0,0,0,0,0,0,2,0,1,-1,-1,-1,-1,0,10,-1,1,1,3,-1,-1,-1,0,0,1,0,0,10,0,0,0,16.87
1,0,0,0,-1,0,1,5,0,0,0,0,1,0,-1,1,-1,1,2,1,0,3,0,8,400,0,9223372036800000000,1e+75,0,10,0,0,7,0,3,1,1000,0,1,1,-1,0,0,6,0,1,2,0,1,-1,-1,-1,-1,-1,10,-1,1,1,3,-1,-1,-1,0,0,1,5,0,10,0,0,0,30.92
1,0,0,0,-1,0,1,2,0,0,0,0,1,0,0,1,1,-1,1,-1,2,3,0,4,50,0,9223372036800000000,1e+75,0,10,0,0,7,0,1,1,0,0,1,0,-1,0,0,5,0,0,2,0,1,-1,-1,-1,-1,-1,10,-1,1,1,3,-1,-1,0,0,0,1,5,0,10,0,0,0,17.86
1,0,0,0,-1,0,1,4,0,0,4,0,3,0,1,2,2,1,2,2,-1,3,0,1,10,0,9223372036800000000,1e+75,0,10,0,3,7,0,3,2,0,0,1,1,0,0,0,2,0,3,1,0,1,-1,-1,-1,2,0,10,-1,1,1,1,1,-1,2,0,0,1,0,0,10,0,0,0,29.63
1,0,0,0,-1,0,1,2,0,0,0,0,1,0,0,1,-1,-1,1,-1,2,3,0,4,50,0,9223372036800000000,1e+75,0,10,0,0,7,0,1,1,0,0,1,0,-1,0,0,5,0,0,2,0,1,-1,-1,-1,-1,-1,10,-1,1,1,3,-1,-1,4,0,0,1,5,0,10,0,0,0,21.17
1,0,0,0,-1,0,1,0,0,0,0,0,-1,0,-1,-1,-1,-1,2,-1,1,3,0,8,200,0,9223372036800000000,1e+75,0,10,0,0,7,0,0,1,20,0,1,1,0,0,0,0,0,2,2,0,1,-1,-1,-1,-1,-1,10,-1,1,1,3,-1,-1,0,0,0,1,0,0,10,0,0,0,14.46
1,0,0,0,-1,0,1,2,0,0,0,0,1,0,0,1,1,-1,1,-1,2,3,0,1,50,0,9223372036800000000,1e+75,0,10,0,0,7,0,1,1,0,0,1,0,-1,0,0,5,0,0,2,0,1,-1,-1,-1,-1,-1,10,-1,1,1,3,-1,-1,0,0,0,1,5,0,10,0,0,0,26.58
1,0,0,0,-1,0,1,2,0,0,0,0,1,0,0,2,1,-1,1,-1,2,3,0,4,50,0,9223372036800000000,1e+75,0,10,0,0,7,0,1,1,0,0,1,0,-1,0,0,5,0,0,2,0,1,-1,-1,-1,-1,-1,10,-1,1,1,3,-1,-1,0,0,0,1,5,0,10,0,0,0,17.86
1,0,0,0,-1,0,1,2,0,0,0,0,1,0,0,1,1,-1,1,-1,2,3,0,4,50,0,9223372036800000000,1e+75,0,10,0,0,7,0,1,1,0,0,1,0,0,0,0,5,0,0,2,0,1,-1,-1,-1,-1,-1,10,-1,1,1,3,-1,-1,0,0,0,1,5,0,10,0,0,0,18.62
1,0,0,0,-1,0,1,4,0,0,4,0,3,0,1,2,2,1,2,2,-1,3,0,2,10,0,9223372036800000000,1e+75,0,10,0,3,7,0,3,1,0,0,1,1,0,0,0,2,0,3,1,0,1,-1,-1,-1,2,0,10,-1,1,1,1,1,-1,2,0,0,1,0,0,10,0,0,0,16.25
1,0,0,0,-1,0,1,2,0,0,0,0,1,0,0,1,1,-1,1,0,2,3,0,4,50,0,9223372036800000000,1e+75,0,10,0,0,7,0,1,1,0,0,1,0,-1,0,0,5,0,0,2,0,1,-1,-1,-1,-1,-1,10,-1,1,1,3,-1,-1,0,0,0,1,5,0,10,0,0,0,17.54
1,0,0,0,-1,0,1,2,0,0,0,0,-1,0,-1,0,1,1,2,0,-1,3,0,4,25,0,9223372036800000000,1e+75,0,10,0,0,7,0,3,1,0,0,1,1,2,0,0,0,0,3,2,0,1,-1,-1,-1,-1,-1,10,-1,1,1,3,-1,-1,4,0,0,1,0,0,10,0,0,0,14.55
1,0,0,0,-1,0,1,0,0,0,0,0,1,0,0,1,1,-1,1,0,2,3,0,4,50,0,9223372036800000000,1e+75,0,10,0,0,7,0,1,1,0,0,1,0,-1,0,0,5,0,0,2,0,1,-1,-1,-1,-1,-1,10,-1,1,1,3,-1,-1,0,0,0,1,5,0,10,0,0,0,17.02
1,0,0,0,-1,0,1,5,0,0,0,0,0,0,-1,1,-1,1,2,0,2,3,0,1,200,0,9223372036800000000,1e+75,0,10,0,0,7,0,1,1,40,0,1,0,0,0,0,0,0,2,2,0,1,-1,-1,-1,-1,-1,10,-1,1,1,3,-1,-1,3,0,0,1,0,0,10,0,0,0,31.05
1,0,0,0,-1,0,1,2,0,0,0,0,2,0,0,1,1,-1,1,0,1,3,0,4,50,0,9223372036800000000,1e+75,0,10,0,0,7,0,1,1,0,0,1,0,-1,0,0,5,0,0,2,0,1,-1,-1,-1,-1,-1,10,-1,1,1,3,-1,-1,0,0,0,1,5,0,10,0,0,0,17.19
1,0,0,0,-1,0,1,5,0,0,0,0,1,0,0,1,1,-1,1,0,1,3,0,4,50,0,9223372036800000000,1e+75,0,10,0,0,7,0,1,1,0,0,1,0,-1,0,0,5,0,0,2,0,1,-1,-1,-1,-1,-1,10,-1,1,1,3,-1,-1,0,0,0,1,5,0,10,0,0,0,19.97
1,0,0,0,-1,0,1,3,0,0,0,0,-1,0,-1,-1,1,0,2,1,1,3,0,-1,800,0,9223372036800000000,1e+75,0,10,0,0,7,0,3,1,40,0,1,1,1,0,0,0,0,0,2,0,1,-1,-1,-1,-1,0,10,-1,1,1,3,-1,-1,-1,0,0,1,2,0,10,1,0,0,8.95
1,0,0,0,-1,0,1,0,0,0,0,0,-1,0,0,-1,1,-1,0,1,1,3,0,-1,800,0,9223372036800000000,1e+75,0,10,0,2,7,0,1,0,500,0,1,1,2,0,0,6,0,1,3,2,1,-1,-1,-1,2,-1,10,-1,1,1,0,-1,-1,3,0,0,1,5,0,10,0,0,0,24.3
1,0,0,0,-1,0,1,0,0,0,0,0,2,0,0,2,0,-1,1,2,0,3,0,2,25,0,9223372036800000000,1e+75,0,10,0,0,7,0,2,1,500,0,1,1,0,0,0,0,0,3,2,0,1,-1,-1,-1,-1,-1,10,-1,1,1,3,-1,-1,4,0,0,1,0,0,10,0,0,0,21.26
1,0,0,1,-1,0,1,3,0,0,0,0,-1,0,-1,-1,1,0,2,1,1,3,0,-1,800,0,9223372036800000000,1e+75,0,10,0,0,7,0,3,1,40,0,1,1,1,0,0,0,0,0,2,0,1,-1,-1,-1,-1,0,10,-1,1,1,3,-1,-1,-1,0,0,1,2,0,10,0,0,0,8.95
1,0,0,0,-1,0,1,5,0,0,0,0,0,0,-1,1,-1,1,2,0,1,3,0,1,200,0,9223372036800000000,1e+75,0,10,0,0,7,0,0,1,-1,0,1,0,0,0,0,0,0,2,2,0,1,-1,-1,-1,-1,-1,10,-1,1,1,3,-1,-1,3,0,0,1,0,0,10,0,0,0,24.16
1,0,0,0,-1,3,1,3,0,0,0,0,-1,0,-1,-1,1,0,2,1,1,3,0,-1,800,0,9223372036800000000,1e+75,0,10,0,0,7,0,3,1,40,0,1,1,1,0,0,0,0,0,2,0,1,-1,-1,-1,-1,0,10,-1,1,1,3,-1,-1,-1,0,0,1,2,0,10,0,0,0,8.95
1,0,0,0,-1,0,1,3,0,0,0,0,1,0,0,2,1,1,0,0,1,3,0,2,400,0,9223372036800000000,1e+75,0,10,0,0,7,0,0,1,0,0,1,1,1,0,0,0,0,0,2,0,1,-1,-1,-1,-1,0,10,-1,1,1,3,-1,-1,-1,0,0,1,0,0,10,0,0,0,23.37
1,0,0,0,-1,0,4,3,0,0,0,0,-1,0,-1,-1,1,0,2,1,1,3,0,-1,800,0,9223372036800000000,1e+75,0,10,0,0,7,0,3,1,40,0,1,1,1,0,0,0,0,0,2,0,1,-1,-1,-1,-1,0,10,-1,1,1,3,-1,-1,-1,0,0,1,2,0,10,0,0,0,8.95
1,0,0,0,-1,0,1,3,0,0,0,0,-1,0,-1,-1,1,0,2,1,1,3,0,-1,800,0,9223372036800000000,1e+75,0,10,0,0,7,0,3,1,40,0,1,1,1,0,0,0,0,0,2,0,1,-1,1,-1,-1,0,10,-1,1,1,3,-1,-1,-1,0,0,1,2,0,10,0,0,0,8.95
1,0,0,0,-1,0,1,0,0,0,0,0,0,0,-1,-1,-1,-1,2,-1,1,3,0,8,200,0,9223372036800000000,1e+75,0,10,0,0,7,0,1,1,20,0,1,1,0,0,0,0,0,2,2,0,1,-1,-1,-1,-1,-1,10,-1,1,1,3,-1,-1,0,0,0,1,0,0,10,0,0,0,34.61
1,0,0,0,-1,0,1,3,0,0,0,0,-1,0,-1,-1,1,0,2,1,1,3,0,-1,800,0,9223372036800000000,1e+75,0,10,0,0,7,0,3,1,40,0,1,1,1,0,0,0,0,0,2,0,1,-1,-1,1,-1,0,10,-1,1,1,3,-1,-1,-1,0,0,1,2,0,10,0,0,0,8.95
1,0,0,0,-1,0,1,3,0,0,0,0,-1,0,-1,1,2,0,1,2,0,3,0,8,50,0,9223372036800000000,1e+75,0,10,0,0,7,0,2,1,500,0,1,1,1,0,0,5,0,4,2,0,1,-1,-1,-1,-1,1,10,-1,1,1,3,-1,-1,0,0,0,1,5,0,10,0,0,0,15.37
1,0,0,0,-1,0,1,3,0,0,0,0,-1,0,-1,-1,1,0,2,1,1,3,0,-1,800,0,9223372036800000000,1e+75,0,10,0,0,7,0,3,1,40,0,1,1,1,0,0,0,0,0,2,0,1,-1,-1,-1,-1,0,10,-1,1,1,3,-1,-1,-1,0,0,-1,2,0,10,0,0,0,8.95
1,0,0,0,-1,0,1,3,0,0,0,0,-1,0,-1,-1,1,0,2,1,1,3,0,-1,800,0,9223372036800000000,1e+75,0,10,0,0,7,0,3,1,40,0,1,1,1,0,0,0,0,0,2,0,1,-1,-1,-1,-1,0,10,-1,1,1,3,-1,-1,-1,0,0,0,2,0,10,0,0,0,8.95
1,0,0,0,-1,0,1,3,0,0,0,4,-1,0,-1,-1,1,0,2,1,1,3,0,-1,800,0,9223372036800000000,1e+75,0,10,0,0,7,0,3,1,40,0,1,1,1,0,0,0,0,0,2,0,1,-1,-1,-1,-1,0,10,-1,1,1,3,-1,-1,-1,0,0,1,2,0,10,0,0,0,8.95
1,0,0,0,-1,0,1,3,0,0,4,0,2,0,1,-1,-1,1,1,0,-1,3,0,8,50,0,9223372036800000000,1e+75,0,10,0,1,7,0,2,1,20,0,1,1,0,0,0,5,0,4,3,0,1,-1,-1,-1,-1,1,10,-1,1,1,3,1,-1,1,0,0,1,2,0,10,0,0,0,12.52
1,0,0,0,-1,0,1,1,0,0,0,0,-1,0,-1,1,0,-1,-1,2,-1,3,0,-1,25,0,9223372036800000000,1e+75,0,10,0,1,7,0,3,0,40,0,1,1,0,0,0,0,0,1,1,0,1,-1,1,-1,-1,1,10,-1,1,1,1,1,-1,3,0,0,1,1,0,10,0,0,0,24.68
1,0,0,0,-1,0,1,4,0,0,0,0,-1,0,1,2,-1,2,1,1,0,3,0,-1,800,0,9223372036800000000,1e+75,0,10,0,0,7,0,0,1,0,0,1,1,0,0,0,0,0,0,2,0,1,-1,-1,-1,-1,0,10,-1,1,1,3,-1,-1,-1,0,0,1,0,0,10,0,0,0,13.89
1,0,0,0,-1,0,1,1,0,0,0,0,-1,0,0,0,-1,-1,0,0,2,3,0,-1,200,0,9223372036800000000,1e+75,0,10,0,0,7,0,2,1,-1,0,1,1,1,0,0,0,0,0,2,0,1,-1,-1,-1,-1,0,10,-1,1,1,3,-1,-1,-1,0,0,1,0,0,10,0,0,0,22.56
1,0,0,0,-1,0,1,1,0,0,0,0,3,0,0,0,-1,-1,0,0,-1,3,0,-1,200,0,9223372036800000000,1e+75,0,10,0,0,7,0,2,1,-1,0,1,1,1,0,0,0,0,0,2,0,1,-1,-1,-1,-1,0,10,-1,1,1,3,-1,-1,-1,0,0,1,0,0,10,0,0,0,15.12
1,0,0,0,-1,0,1,1,0,0,0,0,3,0,0,-1,-1,-1,0,0,2,3,0,-1,200,0,9223372036800000000,1e+75,0,10,0,0,7,0,2,1,-1,0,1,1,1,0,0,0,0,0,2,0,1,-1,-1,-1,-1,0,10,-1,1,1,3,-1,-1,-1,0,0,1,0,0,10,0,0,0,27.96
1,0,0,0,-1,0,1,4,0,0,0,0,0,0,1,1,2,-1,-1,2,1,3,0,2,100,0,9223372036800000000,1e+75,0,10,0,0,7,0,3,1,1000,0,1,1,-1,0,0,4,0,0,2,0,1,-1,1,-1,-1,-1,10,-1,1,1,3,-1,-1,5,0,0,1,2,0,10,0,0,0,1.79769e+308
1,0,0,0,-1,0,1,5,0,0,0,0,2,0,-1,0,1,2,-1,2,0,3,0,8,200,0,9223372036800000000,1e+75,0,10,0,0,7,0,1,1,20,0,1,1,2,0,0,0,0,3,2,0,1,-1,-1,-1,-1,-1,10,-1,1,1,3,-1,-1,5,0,0,1,0,0,10,0,0,0,17.63
1,0,0,0,-1,0,1,4,0,0,0,0,0,0,-1,-1,-1,2,0,-1,2,3,0,8,400,0,9223372036800000000,1e+75,0,10,0,0,7,0,3,1,100,0,1,1,0,0,0,4,0,-1,2,0,1,-1,1,-1,-1,-1,10,-1,1,1,3,-1,-1,4,0,0,1,2,0,10,0,0,0,1.79769e+308
1,0,0,0,-1,0,1,4,0,0,0,0,0,0,1,1,2,-1,-1,2,1,3,0,-1,100,0,9223372036800000000,1e+75,0,10,0,0,7,0,3,1,1000,0,1,1,-1,0,0,4,0,0,2,0,1,-1,1,-1,-1,-1,10,-1,1,1,3,-1,-1,5,0,0,1,2,0,10,0,0,0,1.79769e+308
1,0,0,0,-1,0,1,2,0,0,0,0,2,0,1,2,2,-1,-1,0,1,3,0,1,100,0,9223372036800000000,1e+75,0,10,0,0,7,0,1,1,40,0,1,1,3,0,0,1,0,-1,2,0,1,-1,1,-1,-1,-1,10,-1,1,1,3,-1,-1,4,0,0,1,2,0,10,0,0,0,1.79769e+308
1,0,0,0,-1,0,1,4,0,0,0,0,0,0,1,1,2,-1,-1,2,1,3,0,2,100,0,9223372036800000000,1e+75,0,10,0,0,7,0,3,1,1000,0,1,1,-1,0,0,5,0,0,2,0,1,-1,1,-1,-1,-1,10,-1,1,1,3,-1,-1,5,0,0,1,2,0,10,0,0,0,19.36
1,0,0,0,-1,0,1,4,0,0,0,0,0,0,1,1,2,-1,-1,-1,1,3,0,2,100,0,9223372036800000000,1e+75,0,10,0,0,7,0,3,1,1000,0,1,1,-1,0,0,1,0,0,2,0,1,-1,1,-1,-1,-1,10,-1,1,1,3,-1,-1,5,0,0,1,2,0,10,0,0,0,29.87
1,0,0,0,-1,0,1,4,0,0,0,0,0,0,1,1,2,-1,-1,2,1,3,0,2,100,0,9223372036800000000,1e+75,0,10,0,0,7,0,3,1,1000,0,1,1,1,0,0,5,0,0,2,0,1,-1,1,-1,-1,-1,10,-1,1,1,3,-1,-1,5,0,0,1,2,0,10,0,0,0,18.12
1,0,0,0,-1,0,1,2,0,0,3,0,3,0,0,-1,-1,2,-1,0,1,3,0,4,150,0,9223372036800000000,1e+75,0,10,0,3,7,0,1,2,500,0,1,0,0,0,0,6,0,0,3,3,1,-1,0,-1,3,0,10,-1,1,1,3,0,-1,0,0,0,1,1,0,10,0,0,0,29.05
1,0,0,0,-1,0,1,4,0,0,0,0,0,0,1,1,2,-1,1,2,1,3,0,2,100,0,9223372036800000000,1e+75,0,10,0,0,7,0,3,1,1000,0,1,1,-1,0,0,5,0,0,2,0,1,-1,1,-1,-1,-1,10,-1,1,1,3,-1,-1,5,0,0,1,2,0,10,0,0,0,19.36
1,0,0,0,-1,0,1,4,0,0,0,0,3,0,1,2,2,1,2,2,-1,3,0,2,10,0,9223372036800000000,1e+75,0,10,0,3,7,0,3,2,0,0,1,1,0,0,0,2,0,3,1,0,1,-1,-1,-1,2,0,10,-1,1,1,1,1,-1,2,0,0,1,0,0,10,0,0,0,16.25
1,0,0,0,-1,0,1,4,0,0,0,0,0,0,1,1,2,-1,-1,2,0,3,0,2,100,0,9223372036800000000,1e+75,0,10,0,0,7,0,3,1,1000,0,1,1,1,0,0,5,0,0,2,0,1,-1,1,-1,-1,-1,10,-1,1,1,3,-1,-1,5,0,0,1,2,0,10,0,0,0,18.12
1,0,0,0,-1,0,1,3,0,0,0,2,-1,0,-1,-1,1,0,2,1,1,3,0,-1,800,0,9223372036800000000,1e+75,0,10,0,0,7,0,3,1,40,0,1,1,1,0,0,0,0,0,2,0,1,-1,-1,-1,-1,0,10,-1,1,1,3,-1,-1,-1,0,0,1,2,0,10,0,0,0,8.95
1,0,0,0,-1,0,1,3,0,0,0,0,-1,0,-1,1,2,0,1,2,0,3,0,8,100,0,9223372036800000000,1e+75,0,10,0,0,7,0,0,1,500,0,1,1,1,0,0,5,0,4,2,0,1,-1,-1,-1,-1,1,10,-1,1,1,3,-1,-1,0,0,0,1,5,0,10,0,0,0,13.11
1,0,0,0,-1,0,1,5,0,0,0,0,3,0,-1,0,2,-1,2,2,1,3,0,4,25,0,9223372036800000000,1e+75,0,10,0,0,7,0,0,1,500,0,1,0,-1,0,0,0,0,1,2,0,1,-1,1,-1,-1,-1,10,-1,1,1,3,-1,-1,2,0,0,1,1,0,10,0,0,0,57.25
1,0,0,0,-1,0,1,0,0,0,0,0,-1,0,-1,-1,2,2,2,2,2,3,0,4,10,0,9223372036800000000,1e+75,0,10,0,0,7,0,3,1,1000,0,1,0,1,0,0,1,0,1,2,0,1,-1,1,-1,-1,-1,10,-1,1,1,3,-1,-1,3,0,0,1,0,0,10,0,0,0,53.99
1,0,0,0,-1,0,1,0,0,0,0,0,-1,0,-1,-1,0,-1,2,0,2,3,0,8,800,0,9223372036800000000,1e+75,0,10,0,0,7,0,0,1,0,0,1,0,2,0,0,1,0,0,2,0,1,-1,-1,-1,-1,0,10,-1,1,1,3,-1,-1,1,0,0,1,1,0,10,0,0,0,13.7
1,0,0,0,-1,0,1,0,0,0,0,0,-1,0,-1,-1,2,2,2,2,2,3,0,4,10,0,9223372036800000000,1e+75,0,10,0,0,7,0,1,1,1000,0,1,0,1,0,0,1,0,-1,2,0,1,-1,1,-1,-1,-1,10,-1,1,1,3,-1,-1,3,0,0,1,0,0,10,0,0,0,32.99
1,0,0,0,-1,0,1,0,0,0,0,0,-1,0,0,-1,1,-1,1,1,1,3,0,-1,800,0,9223372036800000000,1e+75,0,10,0,2,7,0,3,0,-1,0,1,1,2,0,0,6,0,0,3,2,1,-1,-1,-1,2,-1,10,-1,1,1,0,-1,-1,1,0,0,1,5,0,10,0,0,0,36.74
1,0,0,0,-1,0,1,0,0,0,0,0,-1,0,0,-1,1,-1,1,1,1,3,0,-1,800,0,9223372036800000000,1e+75,0,10,0,2,7,0,3,0,0,0,1,1,2,0,0,6,0,1,3,2,1,-1,1,-1,2,-1,10,-1,1,1,0,-1,-1,1,0,0,1,5,0,10,0,0,0,50.81
1,0,0,0,-1,0,1,0,0,0,0,0,-1,0,-1,-1,2,2,2,2,2,3,0,4,10,0,9223372036800000000,1e+75,0,10,0,0,7,0,1,1,-1,0,1,0,1,0,0,1,0,-1,2,0,1,-1,1,-1,-1,-1,10,-1,1,1,3,-1,-1,3,0,0,1,0,0,10,0,0,0,1.79769e+308
1,0,0,0,-1,0,1,0,0,0,0,0,-1,0,-1,-1,2,2,2,2,0,3,0,4,10,0,9223372036800000000,1e+75,0,10,0,0,7,0,1,1,1000,0,1,0,1,0,0,1,0,-1,2,0,1,-1,1,-1,-1,-1,10,-1,1,1,3,-1,-1,3,0,0,1,0,0,10,0,0,0,32.99
