EvalID,TimeEvaluated,ObjectiveValue,Gap,UpperBound,LowerBound,ConfigID,MipStartID,WorkerID,Iteration,Phase
1,7,39.6,39.600000,-5050303.000000,-7050403.000000,14921508010286178949,null,0,1,0
2,14,33.72,33.720000,-6020203.000000,-8050303.000000,2823934824078185206,null,0,1,0
3,21,79.4,79.400000,-5050303.000000,-9060203.000000,8211792182747950806,null,0,1,0
4,28,99.79,99.790000,-5040303.000000,-10070203.000000,7996245778148271637,null,0,1,0
5,35,33.72,33.720000,-6020203.000000,-8050303.000000,13816062404021032092,null,0,1,0
6,7,50.33,50.330000,-6020200.000000,-9050300.000000,4742023368992659407,null,1,1,0
7,14,119.2,119.200000,-5050300.000000,-11070500.000000,6256578975208963304,null,1,1,0
8,22,0,0.000000,-6020200.000000,-6020300.000000,4212311836723003975,null,1,1,0
