EvalID,TimeEvaluated,ObjectiveValue,Gap,UpperBound,LowerBound,ConfigID,MipStartID,WorkerID,Iteration,Phase
1,4,8.04,8.040000,364.000000,334.748820,14921508010286178949,null,0,1,0
2,3,0,0.000000,340.000000,340.000000,9686720361045965965,null,1,1,0
3,4,0,0.000000,340.000000,340.000000,17808874148426417796,null,2,1,0
4,4,8.04,8.040000,364.000000,334.749000,15837001027272843000,null,3,1,0
5,4,8.04,8.040000,364.000000,334.749000,15967469245584910126,null,4,1,0
6,4,32.13,32.130000,490.000000,332.566000,9112596215255141847,null,5,1,0
7,4,0,0.000000,340.000000,340.000000,9780203583707233689,null,6,1,0
8,4,8.04,8.040000,364.000000,334.749000,18273107419658988086,null,7,1,0
