EvalID,TimeEvaluated,SolverRuntimeSeconds,ObjectiveValue,Gap,UpperBound,LowerBound,ConfigID,MipStartID,WorkerID,Iteration,Phase
1,8,8.242779,0,0.000000,340.000000,340.000000,14921508010286178949,null,0,1,0
2,6,6.616370,0,0.000000,340.000000,340.000000,17514050945686148453,null,1,1,0
