EvalID,TimeEvaluated,SolverRuntimeSeconds,ObjectiveValue,Gap,UpperBound,LowerBound,ConfigID,MipStartID,WorkerID,Iteration,Phase
1,8,8.176377,0,0.000000,340.000000,340.000000,14921508010286178949,null,0,1,0
2,4,4.062230,0,0.000000,340.000000,340.000000,9686720361045965965,null,1,1,0
