EvalID,TimeEvaluated,SolverRuntimeSeconds,ObjectiveValue,Gap,UpperBound,LowerBound,ConfigID,MipStartID,WorkerID,Iteration,Phase
1,10,10.006412,119,119.000000,-5050303.000000,-11060303.000000,14921508010286178949,null,0,1,0
2,8,8.117840,0,0.000000,-6020200.000000,-6020200.000000,4742023368992659407,null,1,1,0
3,10,10.005800,56.76,56.760000,-5050300.000000,-7916930.000000,13833839775346593887,null,2,1,0
4,10,10.007800,79.6,79.600000,-5050300.000000,-9070400.000000,7691846394389702564,null,3,1,0
