EvalID,TimeEvaluated,SolverRuntimeSeconds,ObjectiveValue,Gap,UpperBound,LowerBound,ConfigID,MipStartID,WorkerID,Iteration,Phase
1,10,10.008465,23.81,23.810000,-315.000000,-390.000000,14921508010286178949,null,0,1,0
2,20,10.007688,22.34,22.340000,-330.000000,-403.713785,10101538263502436884,null,0,1,0
3,30,10.010351,21.21,21.210000,-330.000000,-400.000000,14880678517235238818,null,0,1,0
4,40,10.011802,28.57,28.570000,-315.000000,-405.000000,7887225331038916191,null,0,1,0
5,50,10.010077,21.21,21.210000,-330.000000,-400.000000,3964336663732146585,null,0,1,0
6,60,9.804227,0,0.000000,-345.000000,-345.000000,12149400124536462549,null,0,1,0
