1,0,0,0,-1,0,1,4,1,0,0,0,3,-1,0,2,-1,-1,-1,-1,-1,3,0,-1,100,0,9223372036800000000,0,0,10,0,0,10,1,1,1,40,0,1,1,1,2,-1,0,0,2,2,0,1,-1,-1,-1,-1,-1,10,-1,1,1,3,-1,-1,-1,0,0,1,1,0,10,0,0,0,6
1,0,0,0,-1,0,1,4,0,0,5,0,3,-1,0,2,-1,-1,-1,-1,-1,3,0,-1,100,0,9223372036800000000,0,0,10,0,0,10,1,1,1,40,0,1,1,1,2,-1,0,0,2,2,0,1,-1,-1,-1,-1,-1,10,-1,1,1,3,-1,-1,-1,0,0,1,1,0,10,0,0,0,5.96
1,0,0,0,-1,0,1,4,0,0,3,0,3,-1,0,2,-1,-1,-1,-1,-1,3,0,-1,100,0,9223372036800000000,0,0,10,0,0,10,1,1,1,40,0,1,1,1,2,-1,0,0,2,2,0,1,-1,-1,-1,-1,-1,10,-1,1,1,3,-1,-1,-1,0,0,1,1,0,10,0,0,0,5.96
1,0,0,0,-1,0,1,4,0,0,0,0,3,-1,0,2,-1,-1,-1,-1,-1,3,0,-1,100,0,9223372036800000000,0,0,10,0,0,10,1,1,1,40,0,1,1,1,2,-1,0,0,2,2,0,1,-1,-1,-1,3,-1,10,-1,1,1,3,-1,-1,-1,0,0,1,1,0,10,0,0,0,5.96
1,0,0,0,-1,0,1,4,0,0,0,0,3,-1,0,2,-1,-1,-1,-1,-1,3,0,-1,100,0,9223372036800000000,0,0,10,0,0,10,1,1,1,40,0,1,1,1,2,-1,0,0,2,2,0,1,-1,-1,-1,2,-1,10,-1,1,1,3,-1,-1,-1,0,0,1,1,0,10,0,0,0,5.96
1,0,0,0,-1,0,1,4,0,0,0,0,3,-1,0,2,-1,-1,-1,-1,-1,3,0,-1,100,0,9223372036800000000,0,0,10,0,0,10,1,1,1,40,0,1,1,1,2,-1,0,0,2,2,0,1,-1,-1,-1,0,-1,10,-1,1,1,3,-1,-1,-1,0,0,1,1,0,10,0,0,0,5.96
1,0,0,0,-1,0,1,5,0,0,0,0,-1,-1,-1,0,2,2,1,0,-1,3,0,4,25,0,9223372036800000000,60,0,10,0,0,4,-1,1,1,-1,0,3,1,-1,1,0,0,2,-1,2,0,1,-1,-1,-1,-1,-1,10,-1,1,1,3,-1,-1,-1,0,0,1,1,0,10,0,0,0,21.77
1,0,0,0,-1,0,1,5,0,0,0,0,-1,-1,-1,0,2,2,1,0,-1,3,0,-1,25,0,9223372036800000000,0,0,10,0,0,4,-1,1,1,-1,0,3,1,-1,1,0,0,2,-1,2,0,1,-1,-1,-1,-1,-1,10,-1,1,1,3,-1,-1,-1,0,0,1,1,0,10,0,0,0,21.49
1,0,0,0,-1,0,1,5,0,0,0,0,-1,-1,-1,0,2,2,1,0,-1,3,0,4,25,0,9223372036800000000,40,0,10,0,0,4,-1,1,1,-1,0,3,1,-1,1,0,0,2,1,2,0,1,-1,-1,-1,-1,-1,10,-1,1,1,3,-1,-1,-1,0,0,1,1,0,10,0,0,0,22.34
1,0,0,0,-1,0,1,0,0,0,0,0,-1,2,-1,1,-1,2,-1,2,2,3,0,16,400,0,9223372036800000000,20,0,10,0,0,15,0,3,1,-1,0,3,1,-1,3,20,0,0,3,2,0,1,-1,1,-1,-1,1,10,-1,1,1,3,-1,-1,-1,0,0,1,3,0,10,0,0,0,21.08
1,0,0,0,-1,0,1,0,0,0,0,0,-1,2,-1,1,-1,2,-1,2,2,3,0,16,400,0,9223372036800000000,20,0,10,0,0,15,0,3,1,-1,0,3,1,-1,3,1000,0,0,3,2,0,1,-1,1,-1,-1,1,10,-1,1,1,3,-1,-1,-1,0,0,1,3,0,10,0,0,0,19.42
1,0,0,0,-1,0,1,0,0,0,0,0,-1,2,-1,1,-1,2,-1,2,2,3,0,16,400,0,9223372036800000000,20,0,10,0,0,15,0,3,1,-1,0,3,1,-1,3,20,0,0,3,2,0,1,-1,1,-1,-1,1,10,-1,1,1,3,-1,-1,-1,0,0,1,4,0,10,0,0,0,21.68
1,0,0,0,-1,0,1,0,0,0,0,0,-1,2,-1,1,-1,2,-1,2,2,3,0,16,400,0,9223372036800000000,20,0,10,0,0,15,0,3,1,-1,0,3,1,2,3,1000,0,0,3,2,0,1,-1,1,-1,-1,1,10,-1,1,1,3,-1,-1,-1,0,0,1,4,0,10,0,0,0,21.58
1,0,0,0,-1,0,1,3,0,0,0,0,0,2,-1,0,-1,1,2,2,-1,3,0,-1,50,0,9223372036800000000,0,0,10,0,0,2,-1,0,1,1000,0,3,1,1,3,100,0,0,2,2,0,1,-1,1,-1,-1,-1,10,-1,1,1,3,-1,-1,-1,0,0,1,1,0,10,0,0,0,18.22
1,0,0,0,-1,0,1,3,0,0,0,0,0,2,-1,0,-1,1,2,2,-1,3,0,-1,50,0,9223372036800000000,0,0,10,0,0,2,-1,0,1,500,0,3,1,1,3,100,0,0,2,2,0,1,-1,1,-1,-1,-1,10,-1,1,1,3,-1,-1,-1,0,0,1,1,0,10,0,0,0,20.03
1,0,0,0,-1,0,1,3,0,0,0,0,0,2,-1,0,-1,1,-1,2,-1,3,0,-1,50,0,9223372036800000000,0,0,10,0,0,2,-1,0,1,1000,0,3,1,1,3,100,0,0,2,2,0,1,-1,1,-1,-1,-1,10,-1,1,1,3,-1,-1,-1,0,0,1,1,0,10,0,0,0,18.01
1,0,0,0,-1,0,1,3,0,0,0,0,0,2,-1,0,-1,1,-1,2,-1,3,0,-1,50,0,9223372036800000000,40,0,10,0,0,2,-1,0,1,500,0,3,1,1,3,100,0,0,2,2,0,1,-1,1,-1,-1,-1,10,-1,1,1,3,-1,-1,-1,0,0,1,1,0,10,0,0,0,19.53
1,0,0,0,-1,0,1,3,0,0,0,0,0,2,-1,0,-1,1,-1,2,-1,3,0,4,50,0,9223372036800000000,50,0,10,0,0,2,-1,0,1,500,0,3,1,1,3,100,0,0,2,2,0,1,-1,1,-1,-1,-1,10,-1,1,1,3,-1,-1,-1,0,0,1,1,0,10,0,0,0,19.53
1,0,0,0,-1,0,1,3,0,0,0,0,0,2,-1,0,-1,1,-1,2,-1,3,0,-1,50,0,9223372036800000000,0,0,10,0,0,2,-1,0,1,500,0,3,1,1,3,100,0,0,2,2,0,1,-1,1,-1,-1,-1,10,-1,1,1,3,-1,-1,-1,0,0,1,1,0,10,0,0,0,18.21
1,0,0,0,-1,0,1,3,0,0,0,0,0,2,-1,0,-1,1,-1,2,-1,3,0,-1,50,0,9223372036800000000,50,0,10,0,0,2,-1,0,1,500,0,3,1,1,3,100,0,0,2,2,0,1,-1,1,-1,-1,-1,10,-1,1,1,3,-1,-1,-1,0,0,1,1,0,10,0,0,0,19.53
1,0,0,0,-1,0,1,1,0,0,0,0,1,1,1,2,0,1,2,1,2,3,0,4,25,0,9223372036800000000,0,0,10,0,0,5,1,0,1,500,0,3,1,3,1,1000,0,0,0,2,0,1,-1,1,-1,-1,0,10,-1,1,1,3,-1,-1,-1,0,0,1,3,0,10,0,0,0,22.2
1,0,0,0,-1,0,1,1,0,0,0,0,1,-1,1,2,0,1,2,1,2,3,0,4,25,0,9223372036800000000,0,0,10,0,0,5,1,0,1,500,0,3,1,3,1,1000,0,0,0,2,0,1,-1,1,-1,-1,0,10,-1,1,1,3,-1,-1,-1,0,0,1,1,0,10,0,0,0,22.9
1,0,0,0,-1,0,1,1,0,0,0,0,1,1,1,2,0,1,2,1,2,3,0,4,25,0,9223372036800000000,0,0,10,0,0,5,1,0,1,500,0,3,1,3,3,1000,0,5,0,2,0,1,-1,1,-1,-1,0,10,-1,1,1,3,-1,-1,-1,0,0,1,1,0,10,0,0,0,27.62
1,0,0,0,-1,0,1,0,0,0,0,0,-1,-1,-1,2,-1,1,2,0,0,3,0,16,400,0,9223372036800000000,2,0,10,0,0,5,1,3,1,40,0,0,1,3,-1,200,0,5,1,2,0,1,-1,0,-1,-1,-1,10,-1,1,1,3,-1,-1,-1,0,0,1,1,0,10,0,0,0,30.32
1,0,0,0,-1,0,1,1,0,0,0,0,1,1,1,2,0,1,2,1,2,3,0,4,25,0,9223372036800000000,0,0,10,0,0,5,1,0,1,500,0,3,1,3,1,1000,0,5,0,2,0,1,-1,1,-1,-1,0,10,-1,1,1,3,-1,-1,-1,0,0,1,1,0,10,0,0,0,27.62
1,0,0,0,-1,0,1,0,0,0,0,0,-1,1,0,1,-1,1,0,2,2,3,0,8,800,0,9223372036800000000,60,0,10,0,0,15,0,0,1,100,0,1,1,1,-1,100,0,1,1,2,0,1,-1,0,-1,-1,0,10,-1,1,1,3,-1,-1,-1,0,0,1,2,0,10,0,0,0,15.13
1,0,0,0,-1,0,1,0,0,0,0,0,-1,1,0,1,-1,1,0,2,-1,3,0,8,800,0,9223372036800000000,60,0,10,0,0,15,0,0,1,100,0,1,1,1,-1,100,0,1,1,2,0,1,-1,0,-1,-1,0,10,-1,1,1,3,-1,-1,-1,0,0,1,5,0,10,0,0,0,13.89
1,0,0,0,-1,0,1,0,0,0,0,0,-1,1,0,1,-1,1,0,2,-1,3,0,8,800,0,9223372036800000000,60,0,10,0,0,15,0,0,1,100,0,1,1,1,-1,100,0,1,1,2,0,1,-1,0,-1,-1,0,10,-1,1,1,3,-1,-1,-1,0,0,1,2,0,10,0,0,0,15.13
1,0,0,0,-1,0,1,0,0,0,0,0,-1,1,0,1,-1,1,0,-1,-1,3,0,8,800,0,9223372036800000000,10,0,10,0,0,15,0,0,1,100,0,1,1,1,-1,100,0,1,1,2,0,1,-1,0,-1,-1,0,10,-1,1,1,3,-1,-1,-1,0,0,1,2,0,10,0,0,0,15.92
1,0,0,0,-1,0,1,0,0,0,0,0,-1,-1,-1,0,-1,-1,1,1,0,3,0,4,50,0,9223372036800000000,50,0,10,0,0,0,0,3,1,500,0,2,1,0,2,200,0,1,3,2,0,1,-1,-1,-1,-1,-1,10,-1,1,1,3,-1,-1,-1,0,0,1,0,0,10,0,0,0,19.08
1,0,0,0,-1,0,1,0,0,0,0,0,-1,-1,-1,0,-1,-1,1,1,0,3,0,4,50,0,9223372036800000000,50,0,10,0,0,0,0,3,1,500,0,3,1,0,2,200,0,4,3,2,0,1,-1,-1,-1,-1,-1,10,-1,1,1,3,-1,-1,-1,0,0,1,0,0,10,0,0,0,23.33
1,0,0,0,-1,0,1,0,0,0,0,0,-1,-1,-1,0,-1,-1,1,1,0,3,0,4,50,0,9223372036800000000,50,0,10,0,0,0,0,3,1,500,0,3,1,0,2,200,0,1,3,2,0,1,-1,-1,-1,-1,-1,10,-1,1,1,3,-1,-1,-1,0,0,1,0,0,10,0,0,0,19.16
1,0,0,0,-1,0,1,0,0,0,0,0,-1,-1,-1,0,-1,-1,1,1,0,3,0,4,50,0,9223372036800000000,50,0,10,0,0,0,0,3,1,500,0,3,1,0,2,200,0,4,3,2,0,1,-1,-1,-1,-1,1,10,-1,1,1,3,-1,-1,-1,0,0,1,0,0,10,0,0,0,24.32
1,0,0,0,-1,0,1,0,0,0,0,0,-1,-1,-1,0,-1,-1,1,1,0,3,0,4,50,0,9223372036800000000,50,0,10,0,0,0,0,3,1,500,0,3,1,0,2,200,0,1,3,2,0,1,-1,-1,-1,-1,1,10,-1,1,1,3,-1,-1,-1,0,0,1,0,0,10,0,0,0,19.65
1,0,0,0,-1,0,1,0,0,0,0,0,-1,3,-1,-1,0,-1,0,-1,-1,3,0,16,200,0,9223372036800000000,240,0,10,0,0,3,-1,3,1,100,0,1,1,2,3,100,0,2,3,2,0,1,-1,0,-1,-1,0,10,-1,1,1,3,-1,-1,-1,0,0,1,5,0,10,0,0,0,10.32
1,0,0,0,-1,0,1,0,0,0,0,0,-1,3,-1,-1,0,-1,0,-1,-1,3,0,16,200,0,9223372036800000000,240,0,10,0,0,7,-1,3,1,500,0,2,1,2,3,100,0,1,3,2,0,1,-1,0,-1,-1,0,10,-1,1,1,3,-1,-1,-1,0,0,1,5,0,10,0,0,0,24.55
1,0,0,0,-1,0,1,2,0,0,0,0,2,0,1,2,-1,2,0,2,2,3,0,4,25,0,9223372036800000000,2,0,10,0,0,10,-1,0,1,100,0,3,1,1,2,-1,0,5,-1,2,0,1,-1,-1,-1,-1,1,10,-1,1,1,3,-1,-1,-1,0,0,1,4,0,10,0,0,0,23.82
1,0,0,0,-1,0,1,2,0,0,0,0,2,0,1,2,-1,2,-1,2,2,3,0,4,25,0,9223372036800000000,2,0,10,0,0,10,0,0,1,100,0,3,1,1,2,-1,0,5,-1,2,0,1,-1,-1,-1,-1,1,10,-1,1,1,3,-1,-1,-1,0,0,1,3,0,10,0,0,0,24.26
1,0,0,0,-1,0,1,2,0,0,0,0,2,0,1,2,-1,2,0,2,2,3,0,4,25,0,9223372036800000000,2,0,10,0,0,10,0,0,1,100,0,3,1,1,2,-1,0,5,-1,2,0,1,-1,-1,-1,-1,1,10,-1,1,1,3,-1,-1,-1,0,0,1,3,0,10,0,0,0,30.12
1,0,0,0,-1,0,1,2,0,0,0,0,3,2,1,0,-1,-1,1,0,2,3,0,4,50,0,9223372036800000000,240,0,10,0,0,5,-1,0,1,500,0,1,1,-1,2,20,0,0,3,2,0,1,-1,1,-1,-1,-1,10,-1,1,1,3,-1,-1,-1,0,0,1,5,0,10,0,0,0,17.61
1,0,0,0,-1,0,1,0,0,0,0,0,-1,2,-1,1,-1,2,-1,2,2,3,0,-1,400,0,9223372036800000000,20,0,10,0,0,15,0,3,1,-1,0,3,1,-1,3,1000,0,0,3,2,0,1,-1,1,-1,-1,1,10,-1,1,1,3,-1,-1,-1,0,0,1,3,0,10,0,0,0,19.42
1,0,0,0,-1,0,1,2,0,0,0,0,3,2,1,0,-1,-1,1,0,2,3,0,4,50,0,9223372036800000000,30,0,10,0,0,5,-1,2,1,500,0,1,1,-1,2,20,0,0,3,2,0,1,-1,1,-1,-1,-1,10,-1,1,1,3,-1,-1,-1,0,0,1,5,0,10,0,0,0,17.61
1,0,0,0,-1,0,1,2,0,0,0,0,3,2,1,0,-1,-1,1,0,2,3,0,4,50,0,9223372036800000000,240,0,10,0,0,5,-1,2,1,20,0,3,1,-1,2,20,0,0,3,2,0,1,-1,1,-1,-1,-1,10,-1,1,1,3,-1,-1,-1,0,0,1,5,0,10,0,0,0,20.06
1,0,0,0,-1,0,1,0,0,0,0,0,3,2,-1,-1,-1,1,-1,2,2,3,0,8,100,0,9223372036800000000,30,0,10,0,0,5,-1,2,1,500,0,0,1,0,3,1000,0,2,3,2,0,1,-1,-1,-1,-1,0,10,-1,1,1,3,-1,-1,-1,0,0,1,5,0,10,0,0,0,21.35
1,0,0,0,-1,0,1,0,0,0,0,0,2,-1,-1,-1,-1,1,2,-1,-1,3,0,16,50,0,9223372036800000000,120,0,10,0,0,7,1,0,1,100,0,3,1,2,2,1000,0,0,4,2,0,1,-1,-1,-1,-1,0,10,-1,1,1,3,-1,-1,-1,0,0,1,4,0,10,0,0,0,23.96
1,0,0,0,-1,0,1,0,0,0,0,0,2,-1,-1,-1,-1,1,2,-1,-1,3,0,16,50,0,9223372036800000000,120,0,10,0,0,7,1,0,1,100,0,3,1,2,2,40,0,0,4,2,0,1,-1,-1,-1,-1,0,10,-1,1,1,3,-1,-1,-1,0,0,1,1,0,10,0,0,0,22.73
1,0,0,0,-1,0,1,0,0,0,0,0,2,-1,-1,-1,-1,1,2,-1,-1,3,0,16,50,0,9223372036800000000,120,0,10,0,0,7,1,0,1,100,0,3,1,2,2,1000,0,0,4,2,0,1,-1,-1,-1,-1,0,10,-1,1,1,3,-1,-1,-1,0,0,1,1,0,10,0,0,0,22.98
1,0,0,0,-1,0,1,0,0,0,0,0,2,-1,-1,-1,-1,1,2,-1,-1,3,0,16,50,0,9223372036800000000,120,0,10,0,0,7,1,0,1,100,0,3,1,3,2,200,0,0,4,2,0,1,-1,-1,-1,-1,0,10,-1,1,1,3,-1,-1,-1,0,0,1,1,0,10,0,0,0,23.61
1,0,0,0,-1,0,1,0,0,0,0,0,2,-1,-1,-1,-1,1,2,-1,-1,3,0,16,50,0,9223372036800000000,120,0,10,0,0,7,1,0,1,100,0,3,1,3,2,1000,0,0,4,2,0,1,-1,-1,-1,-1,0,10,-1,1,1,3,-1,-1,-1,0,0,1,1,0,10,0,0,0,23.61
1,0,0,0,-1,0,1,2,0,0,0,0,2,1,0,0,-1,2,2,2,2,3,0,-1,200,0,9223372036800000000,60,0,10,0,0,7,1,3,1,0,0,1,1,3,3,100,0,5,1,2,0,1,-1,-1,-1,-1,0,10,-1,1,1,3,-1,-1,-1,0,0,1,5,0,10,0,0,0,28.38
1,0,0,0,-1,0,1,3,0,0,0,0,-1,2,0,-1,1,0,1,1,-1,3,0,2,800,0,9223372036800000000,30,0,10,0,0,15,1,2,1,100,0,1,1,-1,0,1000,0,0,1,2,0,1,-1,-1,-1,-1,0,10,-1,1,1,3,-1,-1,-1,0,0,1,2,0,10,0,0,0,13.46
1,0,0,0,-1,0,1,3,0,0,0,0,-1,2,0,-1,1,0,1,1,-1,3,0,2,200,0,9223372036800000000,30,0,10,0,0,15,1,2,1,100,0,1,1,-1,0,1000,0,0,1,2,0,1,-1,-1,-1,-1,0,10,-1,1,1,3,-1,-1,-1,0,0,1,4,0,10,0,0,0,14.92
1,0,0,0,-1,0,1,3,0,0,0,0,-1,2,0,-1,1,0,1,1,-1,3,0,2,200,0,9223372036800000000,30,0,10,0,0,15,1,2,1,100,0,1,1,-1,0,1000,0,0,1,2,0,1,-1,-1,-1,-1,0,10,-1,1,1,3,-1,-1,-1,0,0,1,2,0,10,0,0,0,13.46
1,0,0,0,-1,0,1,3,0,0,0,0,-1,2,0,-1,1,0,1,1,-1,3,0,2,800,0,9223372036800000000,30,0,10,0,0,15,1,2,1,100,0,1,1,-1,0,1000,0,0,1,2,0,1,-1,-1,-1,-1,0,10,-1,1,1,3,-1,-1,-1,0,0,1,3,0,10,0,0,0,15.04
1,0,0,0,-1,0,1,0,0,0,0,0,3,0,0,-1,-1,0,0,2,0,3,0,-1,200,0,9223372036800000000,1e+75,0,10,0,0,7,0,3,1,0,0,1,1,0,-1,1000,0,0,2,2,0,1,-1,-1,-1,-1,0,10,-1,1,1,3,-1,-1,-1,0,0,1,0,0,10,0,0,0,13.99
1,0,0,0,-1,0,1,0,0,0,0,0,3,0,0,0,-1,0,0,2,0,3,0,-1,25,0,9223372036800000000,1e+75,0,10,0,0,7,0,3,1,0,0,1,1,0,-1,1000,0,0,2,2,0,1,-1,-1,-1,-1,0,10,-1,1,1,3,-1,-1,-1,0,0,1,0,0,10,0,0,0,15.93
1,0,0,0,-1,0,1,0,0,0,0,0,3,0,0,0,-1,0,0,2,0,3,0,4,200,0,9223372036800000000,1e+75,0,10,0,0,7,0,3,1,0,0,1,1,0,-1,1000,0,0,2,2,0,1,-1,-1,-1,-1,0,10,-1,1,1,3,-1,-1,-1,0,0,1,0,0,10,0,0,0,11.8
1,0,0,0,-1,0,1,0,0,0,0,0,3,0,-1,0,-1,0,0,2,0,3,0,-1,200,0,9223372036800000000,1e+75,0,10,0,0,7,0,3,1,0,0,1,1,0,-1,1000,0,0,2,2,0,1,-1,-1,-1,-1,0,10,-1,1,1,3,-1,-1,-1,0,0,1,0,0,10,0,0,0,11.8
1,0,0,0,-1,0,1,0,0,0,0,0,3,0,0,0,-1,-1,0,2,0,3,0,-1,200,0,9223372036800000000,1e+75,0,10,0,0,7,0,3,1,0,0,1,1,0,-1,1000,0,0,2,2,0,1,-1,-1,-1,-1,0,10,-1,1,1,3,-1,-1,-1,0,0,1,0,0,10,0,0,0,14.69
1,0,0,0,-1,0,1,4,0,0,0,0,3,-1,0,2,-1,-1,-1,-1,-1,3,0,-1,100,0,9223372036800000000,0,0,10,0,0,10,1,1,1,40,0,1,1,1,2,-1,0,0,2,2,0,1,-1,-1,2,-1,-1,10,-1,1,1,3,-1,-1,-1,0,0,1,1,0,10,0,0,0,5.96
1,0,0,0,-1,0,1,4,0,0,0,0,3,-1,0,2,-1,-1,-1,-1,-1,3,0,-1,100,0,9223372036800000000,0,0,10,0,0,10,1,1,1,40,0,1,1,1,2,-1,0,0,2,2,0,1,-1,-1,1,-1,-1,10,-1,1,1,3,-1,-1,-1,0,0,1,1,0,10,0,0,0,6.58
1,0,0,0,-1,0,1,4,0,0,0,0,3,-1,0,2,-1,-1,-1,-1,-1,3,0,-1,100,0,9223372036800000000,0,0,10,0,0,10,1,1,1,40,0,1,1,1,2,-1,0,0,2,2,0,1,-1,-1,0,-1,-1,10,-1,1,1,3,-1,-1,-1,0,0,1,1,0,10,0,0,0,6.58
1,0,0,0,-1,0,1,4,0,0,0,0,3,-1,0,2,-1,-1,-1,-1,-1,3,0,-1,100,0,9223372036800000000,0,0,10,0,0,10,1,1,1,40,0,1,1,1,2,-1,0,0,2,2,0,1,-1,0,-1,-1,-1,10,-1,1,1,3,-1,-1,-1,0,0,1,1,0,10,0,0,0,12.11
1,0,0,0,-1,0,2,4,0,0,0,0,3,-1,0,2,-1,-1,-1,-1,-1,3,0,-1,100,0,9223372036800000000,0,0,10,0,0,10,1,1,1,40,0,1,1,1,2,-1,0,0,2,2,0,1,-1,-1,-1,-1,-1,10,-1,1,1,3,-1,-1,-1,0,0,1,1,0,10,0,0,0,5.96
1,0,0,0,-1,3,1,4,0,0,0,0,3,-1,0,2,-1,-1,-1,-1,-1,3,0,-1,100,0,9223372036800000000,0,0,10,0,0,10,1,1,1,40,0,1,1,1,2,-1,0,0,2,2,0,1,-1,-1,-1,-1,-1,10,-1,1,1,3,-1,-1,-1,0,0,1,1,0,10,0,0,0,5.96
1,0,0,0,-1,0,1,4,0,0,0,0,3,-1,0,2,-1,-1,-1,-1,-1,3,0,-1,100,0,9223372036800000000,0,0,10,0,0,10,1,1,1,40,0,1,1,1,2,-1,0,0,2,2,0,1,-1,-1,-1,-1,-1,40,-1,1,1,3,-1,-1,-1,0,0,1,1,0,10,0,0,0,5.96
1,0,0,0,-1,0,1,4,0,0,0,0,3,-1,0,2,-1,-1,-1,-1,-1,3,0,-1,100,0,9223372036800000000,0,0,10,0,0,10,1,1,1,40,0,1,1,1,2,-1,0,0,2,2,0,1,-1,-1,-1,-1,-1,20,-1,1,1,3,-1,-1,-1,0,0,1,1,0,10,0,0,0,5.96
1,0,0,0,-1,0,1,4,0,0,0,0,3,-1,0,2,-1,-1,-1,-1,-1,3,0,-1,100,0,9223372036800000000,0,0,10,0,0,10,1,1,1,40,0,1,1,1,2,-1,0,0,2,2,0,1,-1,-1,-1,-1,-1,5,-1,1,1,3,-1,-1,-1,0,0,1,1,0,10,0,0,0,5.96
1,0,0,0,-1,0,1,0,0,0,0,0,-1,2,-1,1,-1,2,-1,2,2,3,0,16,400,0,9223372036800000000,20,0,10,0,0,15,0,3,1,-1,0,3,1,-1,3,1000,0,0,3,2,0,1,-1,1,-1,-1,1,10,-1,1,1,3,-1,-1,-1,0,0,1,4,0,10,0,0,0,20.17
1,0,0,0,-1,0,1,4,0,0,0,0,3,-1,0,2,-1,-1,-1,-1,-1,3,0,-1,100,0,9223372036800000000,0,0,10,0,0,10,1,1,1,40,0,1,1,1,2,-1,0,0,2,2,0,1,-1,-1,-1,-1,-1,2,-1,1,1,3,-1,-1,-1,0,0,1,1,0,10,0,0,0,5.96
1,0,0,0,-1,0,1,4,0,0,0,0,3,-1,0,2,-1,-1,-1,-1,-1,10,0,-1,100,0,9223372036800000000,0,0,10,0,0,10,1,1,1,40,0,1,1,1,2,-1,0,0,2,2,0,1,-1,-1,-1,-1,-1,10,-1,1,1,3,-1,-1,-1,0,0,1,1,0,10,0,0,0,5.96
1,0,0,0,-1,0,1,4,0,0,0,0,3,-1,0,2,-1,-1,-1,-1,-1,5,0,-1,100,0,9223372036800000000,0,0,10,0,0,10,1,1,1,40,0,1,1,1,2,-1,0,0,2,2,0,1,-1,-1,-1,-1,-1,10,-1,1,1,3,-1,-1,-1,0,0,1,1,0,10,0,0,0,5.96
1,0,0,0,-1,0,1,4,0,0,0,0,3,-1,0,2,-1,-1,-1,-1,-1,2,0,-1,100,0,9223372036800000000,0,0,10,0,0,10,1,1,1,40,0,1,1,1,2,-1,0,0,2,2,0,1,-1,-1,-1,-1,-1,10,-1,1,1,3,-1,-1,-1,0,0,1,1,0,10,0,0,0,5.96
0,0,0,0,-1,0,1,4,0,0,0,0,3,-1,0,2,-1,-1,-1,-1,-1,3,0,-1,100,0,9223372036800000000,0,0,10,0,0,10,1,1,1,40,0,1,1,1,2,-1,0,0,2,2,0,1,-1,-1,-1,-1,-1,10,-1,1,1,3,-1,-1,-1,0,0,1,1,0,10,0,0,0,5.96
1,0,0,0,-1,0,1,4,0,0,0,0,3,-1,0,2,-1,-1,-1,-1,-1,3,0,-1,100,0,9223372036800000000,0,0,10,0,0,10,1,1,1,40,0,1,1,1,2,-1,0,0,2,2,0,1,-1,-1,-1,-1,-1,10,-1,1,1,3,-1,-1,-1,0,0,1,1,0,10,2,0,0,5.96
1,0,0,0,-1,0,1,2,0,0,0,0,-1,2,0,1,-1,0,0,1,1,3,0,2,10,0,9223372036800000000,240,0,10,0,0,15,-1,1,1,-1,0,3,1,-1,3,20,0,0,0,2,0,1,-1,-1,-1,-1,-1,10,-1,1,1,3,-1,-1,-1,0,0,1,1,0,10,0,0,0,20.94
1,0,0,0,-1,0,1,4,0,0,0,0,3,-1,0,2,-1,-1,-1,-1,-1,3,0,-1,100,0,9223372036800000000,0,0,10,0,0,10,1,1,1,40,0,1,1,1,2,-1,0,0,2,2,0,1,-1,-1,-1,-1,-1,10,-1,1,1,3,-1,-1,-1,0,0,1,1,0,10,-1,0,0,5.96
1,0,0,0,-1,0,1,2,0,0,0,0,3,3,0,0,0,-1,2,2,-1,3,0,2,200,0,9223372036800000000,40,0,10,0,0,3,-1,1,1,-1,0,2,1,3,-1,-1,0,1,-1,2,0,1,-1,-1,-1,-1,0,10,-1,1,1,3,-1,-1,-1,0,0,1,1,0,10,0,0,0,25.57
1,0,0,0,-1,0,1,5,0,0,0,0,-1,0,-1,-1,0,1,2,-1,2,3,0,8,400,0,9223372036800000000,120,0,10,0,0,2,0,3,1,-1,0,3,1,-1,3,60,0,1,3,2,0,1,-1,-1,-1,-1,-1,10,-1,1,1,3,-1,-1,-1,0,0,1,0,0,10,0,0,0,20.75
1,0,0,0,-1,0,1,5,0,0,0,0,-1,0,-1,-1,0,1,2,-1,2,3,0,8,400,0,9223372036800000000,10,0,10,0,0,2,0,3,1,-1,0,3,1,-1,3,60,0,1,3,2,0,1,-1,-1,-1,-1,1,10,-1,1,1,3,-1,-1,-1,0,0,1,0,0,10,0,0,0,20.75
1,0,0,0,-1,0,1,5,0,0,0,0,-1,0,-1,-1,0,1,2,-1,2,3,0,8,400,0,9223372036800000000,120,0,10,0,0,2,0,3,1,-1,0,3,1,-1,3,60,0,1,-1,2,0,1,-1,-1,-1,-1,1,10,-1,1,1,3,-1,-1,-1,0,0,1,0,0,10,0,0,0,23.74
1,0,0,0,-1,0,1,5,0,0,0,0,-1,0,-1,-1,0,1,2,-1,2,3,0,8,400,0,9223372036800000000,120,0,10,0,0,2,0,3,1,-1,0,3,1,-1,3,500,0,1,3,2,0,1,-1,-1,-1,-1,1,10,-1,1,1,3,-1,-1,-1,0,0,1,0,0,10,0,0,0,21.03
1,0,0,0,-1,0,1,5,0,0,0,0,-1,0,-1,-1,0,1,2,-1,2,3,0,8,400,0,9223372036800000000,120,0,10,0,0,2,0,3,1,-1,0,3,1,-1,3,60,0,1,3,2,0,1,-1,-1,-1,-1,1,10,-1,1,1,3,-1,-1,-1,0,0,1,0,0,10,0,0,0,20.75
1,0,0,0,-1,0,1,5,0,0,0,0,-1,0,1,-1,0,1,2,-1,2,3,0,8,400,0,9223372036800000000,0,0,10,0,0,2,0,3,1,-1,0,3,1,1,3,60,0,1,3,2,0,1,-1,-1,-1,-1,1,10,-1,1,1,3,-1,-1,-1,0,0,1,0,0,10,0,0,0,21.98
1,0,0,0,-1,0,1,5,0,0,0,0,-1,0,-1,-1,0,1,2,-1,2,3,0,8,400,0,9223372036800000000,120,0,10,0,0,2,0,3,1,-1,0,3,1,1,3,60,0,1,3,2,0,1,-1,-1,-1,-1,1,10,-1,1,1,3,-1,-1,-1,0,0,1,0,0,10,0,0,0,21.03
1,0,0,0,-1,0,1,5,0,0,0,0,-1,0,-1,-1,0,1,2,-1,2,3,0,8,400,0,9223372036800000000,0,0,10,0,0,2,0,3,1,-1,0,3,1,1,3,200,0,1,4,2,0,1,-1,-1,-1,-1,1,10,-1,1,1,3,-1,-1,-1,0,0,1,0,0,10,0,0,0,23.88
1,0,0,0,-1,0,1,5,0,0,0,0,-1,0,-1,-1,0,1,2,-1,2,3,0,8,400,0,9223372036800000000,0,0,10,0,0,2,0,3,1,-1,0,3,1,1,3,60,0,1,3,2,0,1,-1,-1,-1,-1,1,10,-1,1,1,3,-1,-1,-1,0,0,1,0,0,10,0,0,0,21.98
1,0,0,0,-1,0,1,0,0,0,0,0,-1,0,-1,-1,0,1,2,-1,2,3,0,8,400,0,9223372036800000000,0,0,10,0,0,2,0,3,1,-1,0,3,1,1,3,60,0,1,4,2,0,1,-1,-1,-1,-1,1,10,-1,1,1,3,-1,-1,-1,0,0,1,0,0,10,0,0,0,23.19
1,0,0,0,-1,0,1,5,0,0,0,0,-1,2,-1,-1,0,1,2,-1,2,3,0,8,400,0,9223372036800000000,0,0,10,0,0,2,0,3,1,-1,0,3,1,1,3,60,0,1,4,2,0,1,-1,-1,-1,-1,1,10,-1,1,1,3,-1,-1,-1,0,0,1,0,0,10,0,0,0,24.1
1,0,0,0,-1,0,1,5,0,0,0,0,3,3,1,1,2,-1,-1,-1,2,3,0,16,25,0,9223372036800000000,30,0,10,0,0,2,1,3,1,-1,0,0,1,0,-1,20,0,1,-1,2,0,1,-1,-1,-1,-1,1,10,-1,1,1,3,-1,-1,-1,0,0,1,1,0,10,0,0,0,31.53
1,0,0,0,-1,0,1,2,0,0,0,0,3,2,1,0,-1,-1,1,0,2,3,0,4,50,0,9223372036800000000,240,0,10,0,0,5,-1,2,1,500,0,1,1,-1,2,20,0,0,3,2,0,1,-1,1,-1,-1,-1,10,-1,1,1,3,-1,-1,-1,0,0,1,5,0,10,0,0,0,17.61
1,0,0,0,-1,0,1,5,0,0,0,0,1,-1,0,-1,0,1,1,2,-1,3,0,16,100,0,9223372036800000000,0,0,10,0,0,2,-1,2,1,1000,0,1,1,2,-1,1000,0,2,0,2,0,1,-1,-1,-1,-1,0,10,-1,1,1,3,-1,-1,-1,0,0,1,3,0,10,0,0,0,19.59
1,0,0,0,-1,0,1,2,0,0,0,0,1,-1,0,-1,0,1,1,2,-1,3,0,16,800,0,9223372036800000000,0,0,10,0,0,2,-1,2,1,1000,0,1,1,2,-1,1000,0,2,0,2,0,1,-1,-1,-1,-1,0,10,-1,1,1,3,-1,-1,-1,0,0,1,3,0,10,0,0,0,13.8
1,0,0,0,-1,0,1,2,0,0,0,0,1,-1,0,-1,0,1,1,2,-1,3,0,16,100,0,9223372036800000000,40,0,10,0,0,2,-1,2,1,1000,0,1,1,2,-1,1000,0,2,0,2,0,1,-1,-1,-1,-1,0,10,-1,1,1,3,-1,-1,-1,0,0,1,3,0,10,0,0,0,13.8
1,0,0,0,-1,0,1,2,0,0,0,0,1,-1,0,-1,0,1,1,2,-1,3,0,16,100,0,9223372036800000000,0,0,10,0,0,2,-1,2,1,1000,0,1,1,2,-1,-1,0,2,0,2,0,1,-1,-1,-1,-1,0,10,-1,1,1,3,-1,-1,-1,0,0,1,3,0,10,0,0,0,13.82
1,0,0,0,-1,0,1,2,0,0,0,0,1,-1,0,-1,0,1,1,2,-1,3,0,16,100,0,9223372036800000000,0,0,10,0,0,2,-1,2,1,1000,0,1,1,2,-1,500,0,2,0,2,0,1,-1,-1,-1,-1,0,10,-1,1,1,3,-1,-1,-1,0,0,1,3,0,10,0,0,0,13.8
1,0,0,0,-1,0,1,2,0,0,0,0,1,-1,0,-1,0,1,1,2,-1,3,0,16,100,0,9223372036800000000,0,0,10,0,0,2,-1,3,1,1000,0,1,1,2,-1,1000,0,2,0,2,0,1,-1,-1,-1,-1,0,10,-1,1,1,3,-1,-1,-1,0,0,1,3,0,10,0,0,0,13.8
1,0,0,0,-1,0,1,2,0,0,0,0,1,-1,0,-1,0,1,1,2,-1,3,0,16,100,0,9223372036800000000,0,0,10,0,0,2,1,2,1,1000,0,1,1,1,-1,1000,0,2,0,2,0,1,-1,-1,-1,-1,0,10,-1,1,1,3,-1,-1,-1,0,0,1,3,0,10,0,0,0,16.23
1,0,0,0,-1,0,1,2,0,0,0,0,1,-1,0,-1,0,1,1,2,-1,3,0,16,100,0,9223372036800000000,0,0,10,0,0,2,1,2,1,1000,0,1,1,2,-1,200,0,2,0,2,0,1,-1,-1,-1,-1,0,10,-1,1,1,3,-1,-1,-1,0,0,1,3,0,10,0,0,0,14.61
1,0,0,0,-1,0,1,2,0,0,0,0,1,-1,0,-1,0,1,1,2,-1,3,0,16,100,0,9223372036800000000,0,0,10,0,0,2,1,2,1,1000,0,1,1,2,-1,1000,0,2,0,2,0,1,-1,-1,-1,-1,0,10,-1,1,1,3,-1,-1,-1,0,0,1,3,0,10,0,0,0,14.61
1,0,0,0,-1,0,1,2,0,0,0,0,1,-1,0,-1,0,1,1,2,-1,3,0,16,100,0,9223372036800000000,120,0,10,0,0,2,1,2,1,1000,0,1,1,2,-1,40,0,2,0,2,0,1,-1,-1,-1,-1,0,10,-1,1,1,3,-1,-1,-1,0,0,1,3,0,10,0,0,0,17.39
1,0,0,0,-1,0,1,2,0,0,0,0,1,-1,0,-1,0,1,1,2,-1,3,0,16,100,0,9223372036800000000,0,0,10,0,0,2,1,2,1,1000,0,3,1,2,-1,40,0,2,0,2,0,1,-1,-1,-1,-1,0,10,-1,1,1,3,-1,-1,-1,0,0,1,3,0,10,0,0,0,19.86
1,0,0,0,-1,0,1,2,0,0,0,0,1,-1,0,-1,0,1,1,2,-1,3,0,16,100,0,9223372036800000000,0,0,10,0,0,2,1,2,1,1000,0,1,1,2,-1,40,0,4,0,2,0,1,-1,-1,-1,-1,0,10,-1,1,1,3,-1,-1,-1,0,0,1,3,0,10,0,0,0,25.92
1,0,0,0,-1,0,1,2,0,0,0,0,1,-1,0,-1,0,1,1,2,-1,3,0,16,100,0,9223372036800000000,0,0,10,0,0,2,1,2,1,1000,0,1,1,2,-1,40,0,2,0,2,0,1,-1,-1,-1,-1,0,10,-1,1,1,3,-1,-1,-1,0,0,1,3,0,10,0,0,0,17.39
1,0,0,0,-1,0,1,0,0,0,0,0,0,-1,0,-1,0,2,-1,2,2,3,0,4,200,0,9223372036800000000,240,0,10,0,0,30,1,1,1,100,0,1,1,1,2,20,0,3,-1,2,0,1,-1,-1,-1,-1,0,10,-1,1,1,3,-1,-1,-1,0,0,1,2,0,10,0,0,0,23.13
1,0,0,0,-1,0,1,0,0,0,0,0,1,-1,0,-1,0,2,-1,2,2,3,0,4,200,0,9223372036800000000,240,0,10,0,0,30,1,1,1,100,0,1,1,1,2,20,0,3,-1,2,0,1,-1,-1,-1,-1,0,10,-1,1,1,3,-1,-1,-1,0,0,1,4,0,10,0,0,0,22.45
1,0,0,0,-1,0,4,4,0,0,0,0,3,-1,0,2,-1,-1,-1,-1,-1,3,0,-1,100,0,9223372036800000000,0,0,10,0,0,10,1,1,1,40,0,1,1,1,2,-1,0,0,2,2,0,1,-1,-1,-1,-1,-1,10,-1,1,1,3,-1,-1,-1,0,0,1,1,0,10,0,0,0,5.96
1,0,0,0,-1,0,1,0,0,0,0,0,0,-1,1,-1,0,2,-1,2,2,3,0,4,200,0,9223372036800000000,240,0,10,0,0,30,1,1,1,100,0,1,1,1,2,20,0,3,-1,2,0,1,-1,-1,-1,-1,0,10,-1,1,1,3,-1,-1,-1,0,0,1,4,0,10,0,0,0,22.45
1,0,0,0,-1,0,1,0,0,0,0,0,0,0,0,-1,0,2,-1,2,2,3,0,4,200,0,9223372036800000000,240,0,10,0,0,30,1,1,1,100,0,1,1,1,2,20,0,3,-1,2,0,1,-1,-1,-1,-1,0,10,-1,1,1,3,-1,-1,-1,0,0,1,4,0,10,0,0,0,23.94
1,0,0,0,-1,0,1,0,0,0,0,0,0,-1,0,-1,0,2,-1,2,2,3,0,4,200,0,9223372036800000000,240,0,10,0,0,30,1,1,1,100,0,1,1,1,2,60,0,3,-1,2,0,1,-1,-1,-1,-1,0,10,-1,1,1,3,-1,-1,-1,0,0,1,4,0,10,0,0,0,22.5
1,0,0,0,-1,0,1,0,0,0,0,0,0,-1,0,-1,0,2,-1,2,2,3,0,4,200,0,9223372036800000000,240,0,10,0,0,30,1,1,1,100,0,1,1,2,2,20,0,3,-1,2,0,1,-1,-1,-1,-1,0,10,-1,1,1,3,-1,-1,-1,0,0,1,4,0,10,0,0,0,23.64
1,0,0,0,-1,0,1,0,0,0,0,0,0,-1,0,-1,0,2,-1,2,2,3,0,4,200,0,9223372036800000000,240,0,10,0,0,30,1,2,1,100,0,1,1,1,2,20,0,3,-1,2,0,1,-1,-1,-1,-1,0,10,-1,1,1,3,-1,-1,-1,0,0,1,4,0,10,0,0,0,22.45
1,0,0,0,-1,0,1,0,0,0,0,0,0,-1,0,-1,0,2,-1,2,2,3,0,4,200,0,9223372036800000000,240,0,10,0,0,30,1,1,1,100,0,1,1,1,2,20,0,3,3,2,0,1,-1,-1,-1,-1,0,10,-1,1,1,3,-1,-1,-1,0,0,1,4,0,10,0,0,0,22.99
1,0,0,0,-1,0,1,0,0,0,0,0,0,-1,0,-1,0,2,-1,2,2,3,0,4,200,0,9223372036800000000,240,0,10,0,0,30,1,1,1,-1,0,1,1,1,2,20,0,3,-1,2,0,1,-1,-1,-1,-1,0,10,-1,1,1,3,-1,-1,-1,0,0,1,4,0,10,0,0,0,26.82
1,0,0,0,-1,0,1,0,0,0,0,0,0,-1,0,-1,0,2,-1,2,2,3,0,4,200,0,9223372036800000000,240,0,10,0,0,30,1,1,1,100,0,1,1,1,2,20,0,3,-1,2,0,1,-1,-1,-1,-1,0,10,-1,1,1,3,-1,-1,-1,0,0,1,3,0,10,0,0,0,22.48
1,0,0,0,-1,0,1,0,0,0,0,0,0,-1,0,-1,0,2,-1,2,2,3,0,4,100,0,9223372036800000000,240,0,10,0,0,30,1,1,1,100,0,1,1,1,2,20,0,3,-1,2,0,1,-1,-1,-1,-1,0,10,-1,1,1,3,-1,-1,-1,0,0,1,4,0,10,0,0,0,22.45
1,0,0,0,-1,0,1,3,0,0,0,0,3,3,-1,1,2,-1,2,2,2,3,0,1,50,0,9223372036800000000,1e+75,0,10,0,0,30,0,3,1,0,0,1,1,0,1,200,0,4,2,2,0,1,-1,-1,-1,-1,-1,10,-1,1,1,3,-1,-1,-1,0,0,1,1,0,10,0,0,0,25.79
1,0,0,0,-1,0,1,0,0,0,0,0,0,0,0,0,-1,0,0,2,2,3,0,-1,200,0,9223372036800000000,60,0,10,0,0,3,0,2,1,20,0,3,1,1,3,0,0,1,3,2,0,1,-1,-1,-1,-1,1,10,-1,1,1,3,-1,-1,-1,0,0,1,4,0,10,0,0,0,17.74
1,0,0,0,-1,0,1,0,0,0,0,0,0,0,0,0,-1,0,0,2,1,3,0,1,200,0,9223372036800000000,60,0,10,0,0,3,0,2,1,20,0,3,1,1,3,0,0,1,3,2,0,1,-1,-1,-1,-1,1,10,-1,1,1,3,-1,-1,-1,0,0,1,4,0,10,0,0,0,21.01
1,0,0,0,-1,0,1,0,0,0,0,0,0,0,0,0,2,0,0,2,1,3,0,-1,200,0,9223372036800000000,60,0,10,0,0,3,0,2,1,20,0,3,1,1,3,0,0,1,3,2,0,1,-1,-1,-1,-1,1,10,-1,1,1,3,-1,-1,-1,0,0,1,4,0,10,0,0,0,19.01
1,0,0,0,-1,0,1,0,0,0,0,0,0,0,0,0,-1,0,0,2,1,3,0,-1,200,0,9223372036800000000,60,0,10,0,0,3,0,2,1,20,0,3,1,1,3,0,0,1,3,2,0,1,-1,-1,-1,-1,1,10,-1,1,1,3,-1,-1,-1,0,0,1,4,0,10,0,0,0,17.74
1,0,0,0,-1,0,1,0,0,0,0,0,0,2,0,0,-1,0,0,2,1,3,0,1,200,0,9223372036800000000,60,0,10,0,0,3,0,2,1,20,0,3,1,1,3,0,0,1,3,2,0,1,-1,-1,-1,-1,1,10,-1,1,1,3,-1,-1,-1,0,0,1,4,0,10,0,0,0,21.01
1,0,0,0,-1,0,1,0,0,0,0,0,0,2,0,0,-1,0,0,2,1,3,0,-1,200,0,9223372036800000000,60,0,10,0,0,3,0,2,1,20,0,3,1,1,3,0,0,1,3,2,0,1,-1,-1,-1,-1,1,10,-1,1,1,3,-1,-1,-1,0,0,1,4,0,10,0,0,0,19.04
1,0,0,0,-1,0,1,0,0,0,0,0,0,2,0,0,-1,-1,0,2,1,3,0,-1,200,0,9223372036800000000,60,0,10,0,0,3,0,2,1,20,0,3,1,1,3,0,0,1,3,2,0,1,-1,-1,-1,-1,1,10,-1,1,1,3,-1,-1,-1,0,0,1,5,0,10,0,0,0,20.76
1,0,0,0,-1,0,1,0,0,0,0,0,0,2,0,0,-1,-1,0,2,1,3,0,-1,200,0,9223372036800000000,60,0,10,0,0,3,1,2,1,20,0,3,1,1,3,0,0,1,3,2,0,1,-1,-1,-1,-1,1,10,-1,1,1,3,-1,-1,-1,0,0,1,4,0,10,0,0,0,22.09
1,0,0,0,-1,0,1,0,0,0,0,0,0,2,0,0,-1,-1,0,2,1,3,0,-1,200,0,9223372036800000000,60,0,10,0,0,3,0,2,1,20,0,3,1,1,3,0,0,1,3,2,0,1,-1,-1,-1,-1,1,10,-1,1,1,3,-1,-1,-1,0,0,1,4,0,10,0,0,0,20.09
1,0,0,0,-1,0,1,0,0,0,0,0,0,2,0,0,0,-1,0,2,0,3,0,-1,200,0,9223372036800000000,60,0,10,0,0,3,0,2,1,20,0,3,1,1,3,0,0,1,3,2,0,1,-1,-1,-1,-1,1,10,-1,1,1,3,-1,-1,-1,0,0,1,4,0,10,0,0,0,20.71
1,0,0,0,-1,0,1,0,0,0,0,0,0,2,0,0,0,-1,0,2,1,3,0,-1,200,0,9223372036800000000,60,0,10,0,0,3,0,2,1,-1,0,3,1,1,3,0,0,1,3,2,0,1,-1,-1,-1,-1,1,10,-1,1,1,3,-1,-1,-1,0,0,1,4,0,10,0,0,0,21.27
1,0,0,0,-1,0,1,0,0,0,0,0,0,2,0,0,0,-1,0,2,1,3,0,-1,200,0,9223372036800000000,60,0,10,0,0,3,0,2,1,20,0,3,1,1,3,0,0,1,3,2,0,1,-1,-1,-1,-1,1,10,-1,1,1,3,-1,-1,-1,0,0,1,4,0,10,0,0,0,20.71
1,0,0,0,-1,0,1,1,0,0,0,0,0,-1,1,1,2,-1,1,0,0,3,0,2,200,0,9223372036800000000,5,0,10,0,0,3,1,1,1,500,0,3,1,-1,0,40,0,3,3,2,0,1,-1,-1,-1,-1,0,10,-1,1,1,3,-1,-1,-1,0,0,1,1,0,10,0,0,0,21.5
1,0,0,0,-1,0,1,0,0,0,0,0,0,0,0,0,-1,0,0,2,1,3,0,-1,200,0,9223372036800000000,60,0,10,0,0,3,0,3,1,20,0,3,1,1,3,0,0,1,3,2,0,1,-1,-1,-1,-1,1,10,-1,1,1,3,-1,-1,-1,0,0,1,4,0,10,0,0,0,19.37
1,0,0,0,-1,0,1,3,0,0,0,0,2,0,0,0,1,-1,-1,0,0,3,0,16,10,0,9223372036800000000,1e+75,0,10,0,0,2,1,3,1,0,0,1,1,-1,3,100,0,2,0,2,0,1,-1,-1,-1,-1,-1,10,-1,1,1,3,-1,-1,-1,0,0,1,0,0,10,0,0,0,7.72
1,0,0,0,-1,0,1,3,0,0,0,0,2,0,0,0,1,-1,-1,0,0,3,0,16,10,0,9223372036800000000,1e+75,0,10,0,0,2,1,3,1,0,0,1,1,-1,3,100,0,2,1,2,0,1,-1,-1,-1,-1,-1,10,-1,1,1,3,-1,-1,-1,0,0,1,0,0,10,0,0,0,10.89
1,0,0,0,-1,0,1,3,0,0,0,0,2,0,0,0,1,-1,-1,0,0,3,0,16,10,0,9223372036800000000,1e+75,0,10,0,0,2,1,3,1,0,0,1,1,-1,3,-1,0,2,1,2,0,1,-1,-1,-1,-1,-1,10,-1,1,1,3,-1,-1,-1,0,0,1,4,0,10,0,0,0,12.47
1,0,0,0,-1,0,1,3,0,0,0,0,2,0,0,0,1,-1,-1,0,0,3,0,16,10,0,9223372036800000000,1e+75,0,10,0,0,2,1,3,1,0,0,0,1,-1,3,100,0,2,1,2,0,1,-1,-1,-1,-1,-1,10,-1,1,1,3,-1,-1,-1,0,0,1,4,0,10,0,0,0,22.98
1,0,0,0,-1,0,1,3,0,0,0,0,2,0,0,0,-1,-1,-1,0,0,3,0,16,10,0,9223372036800000000,1e+75,0,10,0,0,2,1,3,1,0,0,1,1,-1,3,100,0,2,1,2,0,1,-1,-1,-1,-1,-1,10,-1,1,1,3,-1,-1,-1,0,0,1,4,0,10,0,0,0,12.42
1,0,0,0,-1,0,1,3,0,0,0,0,2,0,0,0,0,-1,-1,0,0,3,0,16,10,0,9223372036800000000,1e+75,0,10,0,0,2,1,3,1,0,0,1,1,-1,3,100,0,2,1,2,0,1,-1,-1,-1,-1,-1,10,-1,1,1,3,-1,-1,-1,0,0,1,4,0,10,0,0,0,12.15
1,0,0,0,-1,0,1,3,0,0,0,0,2,0,0,0,1,-1,-1,0,0,3,0,16,10,0,9223372036800000000,30,0,10,0,0,2,1,3,1,0,0,1,1,-1,3,100,0,2,1,2,0,1,-1,-1,-1,-1,-1,10,-1,1,1,3,-1,-1,-1,0,0,1,4,0,10,0,0,0,12.15
1,0,0,0,-1,0,1,3,0,0,0,0,2,0,0,1,1,-1,-1,0,0,3,0,16,10,0,9223372036800000000,1e+75,0,10,0,0,2,1,3,1,0,0,1,1,-1,3,100,0,2,1,2,0,1,-1,-1,-1,-1,-1,10,-1,1,1,3,-1,-1,-1,0,0,1,4,0,10,0,0,0,15.59
1,0,0,0,-1,0,1,5,0,0,0,0,2,1,0,2,0,1,2,0,0,3,0,8,50,0,9223372036800000000,50,0,10,0,0,2,-1,0,1,0,0,1,1,2,3,0,0,5,-1,2,0,1,-1,-1,-1,-1,1,10,-1,1,1,3,-1,-1,-1,0,0,1,3,0,10,0,0,0,26.39
1,0,0,0,-1,0,1,3,0,0,0,0,2,0,0,0,1,-1,-1,0,0,3,0,16,10,0,9223372036800000000,1e+75,0,10,0,0,2,1,3,1,0,0,1,1,-1,3,100,0,2,1,2,0,1,-1,-1,-1,-1,-1,10,-1,1,1,3,-1,-1,-1,0,0,1,4,0,10,0,0,0,12.15
1,0,0,0,-1,0,1,0,0,0,0,0,0,2,-1,0,2,1,0,1,0,3,0,4,150,0,9223372036800000000,120,0,10,0,0,0,-1,2,1,100,0,1,1,-1,2,500,0,4,-1,2,0,1,-1,-1,-1,-1,0,10,-1,1,1,3,-1,-1,-1,0,0,1,3,0,10,0,0,0,24.1
1,0,0,0,-1,0,1,0,0,0,0,0,0,2,-1,0,2,1,0,1,0,3,0,4,150,0,9223372036800000000,120,0,10,0,0,0,-1,2,1,20,0,1,1,-1,2,500,0,5,-1,2,0,1,-1,-1,-1,-1,0,10,-1,1,1,3,-1,-1,-1,0,0,1,3,0,10,0,0,0,26.89
1,0,0,0,-1,0,1,0,0,0,0,0,0,2,-1,0,2,1,0,1,0,3,0,4,400,0,9223372036800000000,120,0,10,0,0,0,-1,2,1,20,0,1,1,-1,2,500,0,4,-1,2,0,1,-1,-1,-1,-1,0,10,-1,1,1,3,-1,-1,-1,0,0,1,3,0,10,0,0,0,21.78
1,0,0,0,-1,0,1,0,0,0,0,0,0,2,-1,0,2,1,0,1,0,3,0,4,150,0,9223372036800000000,120,0,10,0,0,0,-1,2,1,20,0,1,1,-1,2,500,0,4,-1,2,0,1,-1,-1,-1,-1,0,10,-1,1,1,3,-1,-1,-1,0,0,1,3,0,10,0,0,0,21.78
1,0,0,0,-1,0,1,5,0,0,0,0,0,2,-1,0,2,1,0,1,0,3,0,4,150,0,9223372036800000000,120,0,10,0,0,0,1,2,1,20,0,1,1,-1,2,500,0,4,-1,2,0,1,-1,-1,-1,-1,0,10,-1,1,1,3,-1,-1,-1,0,0,1,3,0,10,0,0,0,27.85
1,0,0,0,-1,0,1,5,0,0,0,0,0,2,-1,0,2,1,0,1,0,3,0,4,150,0,9223372036800000000,120,0,10,0,0,0,-1,2,1,20,0,1,1,1,-1,500,0,4,-1,2,0,1,-1,-1,-1,-1,0,10,-1,1,1,3,-1,-1,-1,0,0,1,3,0,10,0,0,0,25.76
1,0,0,0,-1,0,1,5,0,0,0,0,0,2,-1,0,2,1,0,1,0,3,0,4,150,0,9223372036800000000,120,0,10,0,0,0,-1,2,1,20,0,1,1,-1,-1,500,0,4,-1,2,0,1,-1,-1,-1,-1,0,10,-1,1,1,3,-1,-1,-1,0,0,1,3,0,10,0,0,0,25.77
1,0,0,0,-1,0,1,5,0,0,0,0,-1,1,0,-1,-1,0,2,2,-1,3,0,4,800,0,9223372036800000000,50,0,10,0,0,0,0,1,1,0,0,2,1,1,-1,0,0,4,1,2,0,1,-1,-1,-1,-1,1,10,-1,1,1,3,-1,-1,-1,0,0,1,4,0,10,0,0,0,27.52
1,0,0,0,-1,0,1,0,0,0,0,0,3,2,-1,2,0,2,1,2,0,3,0,16,100,0,9223372036800000000,40,0,10,0,0,5,0,2,1,40,0,2,1,1,1,0,0,2,4,2,0,1,-1,-1,-1,-1,1,10,-1,1,1,3,-1,-1,-1,0,0,1,5,0,10,0,0,0,17.45
1,0,0,0,-1,0,1,0,0,0,0,0,3,2,-1,2,0,2,1,2,0,3,0,16,100,0,9223372036800000000,2,0,10,0,0,5,0,2,1,40,0,2,1,1,1,0,0,3,4,2,0,1,-1,-1,-1,-1,1,10,-1,1,1,3,-1,-1,-1,0,0,1,5,0,10,0,0,0,21.47
1,0,0,0,-1,0,1,0,0,0,0,0,3,2,-1,2,0,2,1,2,1,3,0,16,100,0,9223372036800000000,2,0,10,0,0,5,0,2,1,40,0,2,1,1,1,0,0,2,4,2,0,1,-1,-1,-1,-1,1,10,-1,1,1,3,-1,-1,-1,0,0,1,5,0,10,0,0,0,17.45
1,0,0,0,-1,0,1,0,0,0,0,0,3,2,-1,2,0,2,1,2,0,3,0,16,100,0,9223372036800000000,2,0,10,0,0,5,-1,2,1,40,0,2,1,1,1,0,0,2,4,2,0,1,-1,-1,-1,-1,1,10,-1,1,1,3,-1,-1,-1,0,0,1,5,0,10,0,0,0,18.6
1,0,0,0,-1,0,1,0,0,0,0,0,3,2,-1,2,0,2,1,2,0,3,0,16,100,0,9223372036800000000,2,0,10,0,0,5,0,2,1,500,0,2,1,1,1,0,0,2,4,2,0,1,-1,-1,-1,-1,1,10,-1,1,1,3,-1,-1,-1,0,0,1,5,0,10,0,0,0,20.03
1,0,0,0,-1,0,1,0,0,0,0,0,3,2,-1,2,0,2,1,2,0,3,0,16,100,0,9223372036800000000,2,0,10,0,0,5,0,2,1,40,0,2,1,1,1,0,0,2,4,2,0,1,-1,-1,-1,-1,1,10,-1,1,1,3,-1,-1,-1,0,0,1,5,0,10,0,0,0,17.45
1,0,0,0,-1,0,1,0,0,0,0,0,3,2,-1,2,0,2,1,2,0,3,0,16,100,0,9223372036800000000,20,0,10,0,0,5,0,1,1,40,0,2,1,1,1,0,0,2,4,2,0,1,-1,-1,-1,-1,1,10,-1,1,1,3,-1,-1,-1,0,0,1,5,0,10,0,0,0,19.04
1,0,0,0,-1,0,1,2,0,0,0,0,1,1,0,-1,0,-1,-1,1,2,3,0,16,400,0,9223372036800000000,60,0,10,0,0,15,1,2,1,40,0,2,1,1,3,20,0,1,-1,2,0,1,-1,-1,-1,-1,1,10,-1,1,1,3,-1,-1,-1,0,0,1,3,0,10,0,0,0,22.38
1,0,0,0,-1,0,1,2,0,0,0,0,3,2,0,2,0,2,-1,1,2,3,0,8,25,0,9223372036800000000,240,0,10,0,0,3,-1,0,1,500,0,1,1,0,3,500,0,3,3,2,0,1,-1,-1,-1,-1,-1,10,-1,1,1,3,-1,-1,-1,0,0,1,5,0,10,0,0,0,16.89
1,0,0,0,-1,0,1,2,0,0,0,0,3,2,0,2,0,2,-1,1,2,3,0,8,25,0,9223372036800000000,0,0,10,0,0,3,-1,0,1,500,0,1,1,0,3,500,0,3,3,2,0,1,-1,-1,-1,-1,-1,10,-1,1,1,3,-1,-1,-1,0,0,1,5,0,10,0,0,0,16.89
1,0,0,0,-1,0,1,2,0,0,0,0,3,2,0,2,0,2,-1,1,2,3,0,8,25,0,9223372036800000000,0,0,10,0,0,3,-1,0,1,500,0,3,1,0,3,-1,0,3,3,2,0,1,-1,-1,-1,-1,-1,10,-1,1,1,3,-1,-1,-1,0,0,1,5,0,10,0,0,0,20.05
1,0,0,0,-1,0,1,2,0,0,0,0,3,3,0,2,0,2,-1,1,2,3,0,8,25,0,9223372036800000000,0,0,10,0,0,3,-1,0,1,500,0,1,1,0,3,-1,0,3,3,2,0,1,-1,-1,-1,-1,-1,10,-1,1,1,3,-1,-1,-1,0,0,1,5,0,10,0,0,0,17
1,0,0,0,-1,0,1,2,0,0,0,0,3,2,0,2,0,2,-1,1,2,3,0,8,200,0,9223372036800000000,0,0,10,0,0,3,-1,0,1,500,0,1,1,0,3,-1,0,3,3,2,0,1,-1,-1,-1,-1,-1,10,-1,1,1,3,-1,-1,-1,0,0,1,5,0,10,0,0,0,19
1,0,0,0,-1,0,1,2,0,0,0,0,3,2,0,2,0,2,-1,1,2,3,0,8,25,0,9223372036800000000,0,0,10,0,0,3,-1,0,1,500,0,1,1,0,3,60,0,3,3,2,0,1,-1,-1,-1,-1,-1,10,-1,1,1,3,-1,-1,-1,0,0,1,5,0,10,0,0,0,17.38
1,0,0,0,-1,0,1,2,0,0,0,0,3,2,0,2,0,2,-1,1,2,3,0,2,25,0,9223372036800000000,0,0,10,0,0,3,-1,0,1,500,0,1,1,0,3,1000,0,3,3,2,0,1,-1,-1,-1,-1,-1,10,-1,1,1,3,-1,-1,-1,0,0,1,5,0,10,0,0,0,18.61
1,0,0,0,-1,0,1,2,0,0,0,0,3,2,0,2,0,2,-1,1,2,3,0,8,25,0,9223372036800000000,0,0,10,0,0,3,-1,0,1,500,0,1,1,0,3,-1,0,3,3,2,0,1,-1,-1,-1,-1,-1,10,-1,1,1,3,-1,-1,-1,0,0,1,5,0,10,0,0,0,17
1,0,0,0,-1,0,1,2,0,0,0,0,-1,2,0,2,0,2,-1,1,2,3,0,2,25,0,9223372036800000000,0,0,10,0,0,3,-1,0,1,500,0,1,1,0,3,-1,0,3,3,2,0,1,-1,-1,-1,-1,-1,10,-1,1,1,3,-1,-1,-1,0,0,1,5,0,10,0,0,0,18.92
1,0,0,0,-1,0,1,2,0,0,0,0,3,2,0,2,0,2,-1,1,0,3,0,2,25,0,9223372036800000000,0,0,10,0,0,3,-1,0,1,500,0,1,1,0,3,-1,0,3,3,2,0,1,-1,-1,-1,-1,-1,10,-1,1,1,3,-1,-1,-1,0,0,1,5,0,10,0,0,0,18.92
1,0,0,0,-1,0,1,2,0,0,0,0,3,2,0,2,0,2,-1,1,2,3,0,2,25,0,9223372036800000000,0,0,10,0,0,3,-1,0,1,500,0,1,1,0,3,-1,0,3,3,2,0,1,-1,-1,-1,-1,-1,10,-1,1,1,3,-1,-1,-1,0,0,1,5,0,10,0,0,0,18.92
1,0,0,0,-1,0,1,2,0,0,0,0,3,2,0,-1,0,2,-1,1,2,3,0,2,25,0,9223372036800000000,0,0,10,0,0,3,-1,0,1,500,0,1,1,0,3,-1,0,3,3,2,0,1,-1,-1,-1,-1,-1,10,-1,1,1,3,-1,-1,-1,0,0,1,5,0,10,0,0,0,19.42
1,0,0,0,-1,0,1,4,0,0,0,0,3,-1,0,2,-1,-1,-1,-1,-1,3,0,-1,100,0,9223372036800000000,0,0,10,0,0,10,1,1,1,40,0,1,1,1,2,-1,0,0,2,2,0,1,-1,-1,3,-1,-1,10,-1,1,1,3,-1,-1,-1,0,0,1,1,0,10,0,0,0,5.96
1,0,0,0,-1,0,1,5,0,0,0,0,3,1,0,2,2,-1,1,0,-1,3,0,-1,10,0,9223372036800000000,20,0,10,0,0,15,-1,2,1,0,0,1,1,-1,-1,-1,0,2,2,2,0,1,-1,-1,-1,-1,1,10,-1,1,1,3,-1,-1,-1,0,0,1,0,0,10,0,0,0,14.13
1,0,0,0,-1,0,1,5,0,0,0,0,3,1,0,2,2,-1,1,0,-1,3,0,-1,10,0,9223372036800000000,1e+75,0,10,0,0,15,-1,2,1,0,0,1,1,-1,1,-1,0,2,2,2,0,1,-1,-1,-1,-1,1,10,-1,1,1,3,-1,-1,-1,0,0,1,0,0,10,0,0,0,17.05
1,0,0,0,-1,0,1,0,0,0,0,0,3,2,-1,2,0,2,1,2,0,3,0,16,100,0,9223372036800000000,2,0,10,0,0,5,0,2,1,40,0,2,1,1,1,-1,0,2,4,2,0,1,-1,-1,-1,-1,1,10,-1,1,1,3,-1,-1,-1,0,0,1,5,0,10,0,0,0,19.3
1,0,0,0,-1,0,1,5,0,0,0,0,3,1,0,2,2,-1,1,0,-1,3,0,-1,10,0,9223372036800000000,20,0,10,0,0,15,-1,2,1,0,0,1,1,-1,1,-1,0,2,4,2,0,1,-1,-1,-1,-1,1,10,-1,1,1,3,-1,-1,-1,0,0,1,0,0,10,0,0,0,17.07
1,0,0,0,-1,0,1,5,0,0,0,0,3,1,0,2,2,-1,1,0,-1,3,0,-1,10,0,9223372036800000000,20,0,10,0,0,15,-1,3,1,100,0,1,1,-1,1,-1,0,2,2,2,0,1,-1,-1,-1,-1,1,10,-1,1,1,3,-1,-1,-1,0,0,1,0,0,10,0,0,0,17.49
1,0,0,0,-1,0,1,5,0,0,0,0,1,1,0,2,2,-1,1,0,-1,3,0,-1,10,0,9223372036800000000,20,0,10,0,0,15,-1,2,1,100,0,1,1,-1,1,-1,0,2,2,2,0,1,-1,-1,-1,-1,1,10,-1,1,1,3,-1,-1,-1,0,0,1,0,0,10,0,0,0,17.49
1,0,0,0,-1,0,1,5,0,0,0,0,3,1,0,2,2,-1,1,0,-1,3,0,-1,10,0,9223372036800000000,20,0,10,0,0,15,-1,2,1,100,0,1,1,-1,1,-1,0,2,2,2,0,1,-1,-1,-1,-1,1,10,-1,1,1,3,-1,-1,-1,0,0,1,0,0,10,0,0,0,17.49
1,0,0,0,-1,0,1,5,0,0,0,0,3,1,0,2,2,-1,1,0,-1,3,0,-1,10,0,9223372036800000000,20,0,10,0,0,15,-1,2,1,100,0,1,1,0,-1,-1,0,2,2,2,0,1,-1,-1,-1,-1,1,10,-1,1,1,3,-1,-1,-1,0,0,1,0,0,10,0,0,0,17.77
1,0,0,0,-1,0,1,5,0,0,0,0,3,1,0,2,2,-1,1,0,-1,3,0,-1,10,0,9223372036800000000,20,0,10,0,0,15,-1,2,1,100,0,1,1,-1,1,40,0,2,2,2,0,1,-1,-1,-1,-1,1,10,-1,1,1,3,-1,-1,-1,0,0,1,0,0,10,0,0,0,19.81
1,0,0,0,-1,0,1,5,0,0,0,0,3,1,0,2,2,-1,1,0,-1,3,0,-1,10,0,9223372036800000000,20,0,10,0,0,15,-1,2,1,100,0,1,1,0,1,-1,0,2,2,2,0,1,-1,-1,-1,-1,1,10,-1,1,1,3,-1,-1,-1,0,0,1,0,0,10,0,0,0,17.52
1,0,0,0,-1,0,1,5,0,0,0,0,3,1,0,2,2,-1,1,0,-1,3,0,4,10,0,9223372036800000000,20,0,10,0,0,15,-1,2,1,100,0,1,1,0,1,40,0,2,2,2,0,1,-1,-1,-1,-1,1,10,-1,1,1,3,-1,-1,-1,0,0,1,0,0,10,0,0,0,18.16
1,0,0,0,-1,0,1,5,0,0,0,0,3,1,0,2,2,-1,2,0,-1,3,0,-1,10,0,9223372036800000000,20,0,10,0,0,15,-1,2,1,100,0,1,1,0,1,500,0,2,2,2,0,1,-1,-1,-1,-1,1,10,-1,1,1,3,-1,-1,-1,0,0,1,0,0,10,0,0,0,19.49
1,0,0,0,-1,0,1,2,0,0,0,0,3,3,1,1,-1,0,0,2,1,3,0,1,10,0,9223372036800000000,60,0,10,0,0,15,-1,2,1,100,0,0,1,1,2,1000,0,4,2,2,0,1,-1,-1,-1,-1,1,10,-1,1,1,3,-1,-1,-1,0,0,1,2,0,10,0,0,0,27.82
1,0,0,0,-1,0,1,0,0,0,0,0,0,0,-1,2,1,-1,1,0,-1,3,0,8,200,0,9223372036800000000,20,0,10,0,0,2,-1,0,1,20,0,0,1,-1,2,0,0,3,-1,2,0,1,-1,-1,-1,-1,0,10,-1,1,1,3,-1,-1,-1,0,0,1,5,0,10,0,0,0,21.51
1,0,0,0,-1,0,1,0,0,0,0,0,0,0,-1,2,1,-1,1,2,-1,3,0,8,200,0,9223372036800000000,40,0,10,0,0,2,-1,0,1,20,0,0,1,-1,2,0,0,3,-1,2,0,1,-1,-1,-1,-1,0,10,-1,1,1,3,-1,-1,-1,0,0,1,2,0,10,0,0,0,22.93
1,0,0,0,-1,0,1,0,0,0,0,0,0,0,-1,2,1,-1,1,2,0,3,0,8,200,0,9223372036800000000,20,0,10,0,0,2,-1,0,1,20,0,0,1,-1,2,0,0,3,-1,2,0,1,-1,-1,-1,-1,0,10,-1,1,1,3,-1,-1,-1,0,0,1,2,0,10,0,0,0,22.93
1,0,0,0,-1,0,1,0,0,0,0,0,0,0,-1,2,1,-1,1,2,-1,3,0,8,200,0,9223372036800000000,20,0,10,0,0,2,-1,0,1,20,0,0,1,2,2,0,0,3,-1,2,0,1,-1,-1,-1,-1,0,10,-1,1,1,3,-1,-1,-1,0,0,1,2,0,10,0,0,0,24.02
1,0,0,0,-1,0,1,0,0,0,0,0,0,0,-1,2,1,-1,1,2,-1,3,0,8,200,0,9223372036800000000,20,0,10,0,0,2,-1,0,1,20,0,0,1,-1,2,200,0,3,-1,2,0,1,-1,-1,-1,-1,0,10,-1,1,1,3,-1,-1,-1,0,0,1,2,0,10,0,0,0,23.79
1,0,0,0,-1,0,1,0,0,0,0,0,0,0,-1,2,1,-1,1,2,-1,3,0,8,200,0,9223372036800000000,20,0,10,0,0,2,-1,0,1,20,0,0,1,-1,2,0,0,3,-1,2,0,1,-1,-1,-1,-1,0,10,-1,1,1,3,-1,-1,-1,0,0,1,2,0,10,0,0,0,22.93
1,0,0,0,-1,0,1,0,0,0,0,0,0,3,-1,2,1,-1,1,2,-1,3,0,8,200,0,9223372036800000000,0,0,10,0,0,2,0,0,1,20,0,0,1,-1,2,0,0,3,-1,2,0,1,-1,-1,-1,-1,0,10,-1,1,1,3,-1,-1,-1,0,0,1,2,0,10,0,0,0,24.94
1,0,0,0,-1,0,1,0,0,0,0,0,0,0,-1,2,1,-1,1,2,-1,3,0,8,200,0,9223372036800000000,20,0,10,0,0,2,0,0,1,20,0,0,1,-1,2,0,0,3,-1,2,0,1,-1,-1,-1,-1,0,10,-1,1,1,3,-1,-1,-1,0,0,1,2,0,10,0,0,0,24.61
1,0,0,0,-1,0,1,0,0,0,0,0,1,0,-1,2,1,-1,1,2,-1,3,0,8,200,0,9223372036800000000,0,0,10,0,0,2,0,0,1,20,0,0,1,-1,2,0,0,3,-1,2,0,1,-1,-1,-1,-1,0,10,-1,1,1,3,-1,-1,-1,0,0,1,2,0,10,0,0,0,24.87
1,0,0,0,-1,0,1,0,0,0,0,0,0,0,-1,2,1,-1,1,2,-1,3,0,8,200,0,9223372036800000000,0,0,10,0,0,2,0,0,1,20,0,0,1,-1,2,0,0,3,-1,2,0,1,-1,-1,-1,-1,0,10,-1,1,1,3,-1,-1,-1,0,0,1,2,0,10,0,0,0,24.87
1,0,0,0,-1,0,1,4,0,0,0,0,2,1,-1,1,1,0,2,0,1,3,0,4,200,0,9223372036800000000,1e+75,0,10,0,0,2,1,3,1,0,0,3,1,0,2,500,0,5,-1,2,0,1,-1,-1,-1,-1,-1,10,-1,1,1,3,-1,-1,-1,0,0,1,1,0,10,0,0,0,28.16
1,0,0,0,-1,0,1,5,0,0,0,0,2,-1,1,0,2,0,-1,-1,0,3,0,16,100,0,9223372036800000000,40,0,10,0,0,7,0,3,1,-1,0,1,1,1,3,500,0,0,3,2,0,1,-1,-1,-1,-1,1,10,-1,1,1,3,-1,-1,-1,0,0,1,3,0,10,0,0,0,14.83
1,0,0,0,-1,0,1,5,0,0,0,0,-1,-1,1,0,1,0,-1,-1,0,3,0,16,100,0,9223372036800000000,40,0,10,0,0,7,0,3,1,-1,0,1,1,1,3,500,0,0,3,2,0,1,-1,-1,-1,-1,1,10,-1,1,1,3,-1,-1,-1,0,0,1,3,0,10,0,0,0,14.85
1,0,0,0,-1,0,1,5,0,0,0,0,2,-1,1,0,1,0,-1,-1,0,3,0,16,100,0,9223372036800000000,40,0,10,0,0,7,0,3,1,-1,0,1,1,1,3,500,0,4,3,2,0,1,-1,-1,-1,-1,-1,10,-1,1,1,3,-1,-1,-1,0,0,1,3,0,10,0,0,0,1.79769e+308
1,0,0,0,-1,0,1,5,0,0,0,0,2,-1,1,0,1,0,-1,-1,0,3,0,16,100,0,9223372036800000000,40,0,10,0,0,7,0,3,1,-1,0,1,1,1,3,200,0,4,1,2,0,1,-1,-1,-1,-1,1,10,-1,1,1,3,-1,-1,-1,0,0,1,3,0,10,0,0,0,26.43
1,0,0,0,-1,0,1,5,0,0,0,0,2,-1,1,0,1,0,-1,-1,0,3,0,16,100,0,9223372036800000000,40,0,10,0,0,7,0,1,1,500,0,1,1,1,3,500,0,4,1,2,0,1,-1,-1,-1,-1,0,10,-1,1,1,3,-1,-1,-1,0,0,1,3,0,10,0,0,0,30.77
1,0,0,0,-1,0,1,5,0,0,0,0,2,-1,1,0,1,0,-1,-1,0,3,0,16,100,0,9223372036800000000,40,0,10,0,0,7,0,3,1,500,0,1,1,1,3,500,0,4,1,2,0,1,-1,-1,-1,-1,1,10,-1,1,1,3,-1,-1,-1,0,0,1,3,0,10,0,0,0,29.18
1,0,0,0,-1,0,1,5,0,0,0,0,2,-1,1,0,1,0,-1,-1,0,3,0,16,100,0,9223372036800000000,40,0,10,0,0,7,0,3,1,500,0,1,1,1,3,500,0,4,1,2,0,1,-1,-1,-1,-1,0,10,-1,1,1,3,-1,-1,-1,0,0,1,3,0,10,0,0,0,29.47
1,0,0,0,-1,0,1,3,0,0,0,0,1,0,0,0,0,0,1,0,1,3,0,16,50,0,9223372036800000000,0,0,10,0,0,7,0,3,1,-1,0,3,1,0,-1,100,0,3,2,2,0,1,-1,-1,-1,-1,0,10,-1,1,1,3,-1,-1,-1,0,0,1,2,0,10,0,0,0,1.79769e+308
1,0,0,0,-1,0,1,2,0,0,0,0,3,2,1,0,-1,-1,1,0,2,3,0,4,50,0,9223372036800000000,240,0,10,0,0,5,-1,2,1,500,0,3,1,-1,2,20,0,2,3,2,0,1,-1,1,-1,-1,-1,10,-1,1,1,3,-1,-1,-1,0,0,1,5,0,10,0,0,0,19.95
1,0,0,0,-1,0,1,0,0,0,0,0,3,0,0,0,-1,0,0,2,0,3,0,-1,200,0,9223372036800000000,20,0,10,0,0,7,0,3,1,0,0,1,1,0,-1,1000,0,0,2,2,0,1,-1,-1,-1,-1,0,10,-1,1,1,3,-1,-1,-1,0,0,1,0,0,10,0,0,0,11.8
1,0,0,0,-1,0,1,0,0,0,0,0,3,0,0,0,-1,0,0,2,0,3,0,-1,200,0,9223372036800000000,1e+75,0,10,0,0,7,0,3,1,0,0,1,1,0,-1,1000,0,0,2,2,0,1,-1,-1,-1,-1,1,10,-1,1,1,3,-1,-1,-1,0,0,1,0,0,10,0,0,0,16.22
1,0,0,0,-1,0,1,0,0,0,0,0,3,0,0,0,-1,0,0,2,0,3,0,-1,200,0,9223372036800000000,1e+75,0,10,0,0,7,0,3,1,0,0,1,1,0,-1,1000,0,0,2,2,0,1,-1,-1,-1,-1,-1,10,-1,1,1,3,-1,-1,-1,0,0,1,0,0,10,0,0,0,11.8
1,0,0,0,-1,0,1,0,0,0,0,0,3,0,0,0,-1,0,0,1,0,3,0,-1,200,0,9223372036800000000,1e+75,0,10,0,0,7,0,3,1,0,0,1,1,0,-1,1000,0,0,2,2,0,1,-1,-1,-1,-1,0,10,-1,1,1,3,-1,-1,-1,0,0,1,0,0,10,0,0,0,18.15
1,0,0,0,-1,0,1,0,0,0,0,0,3,0,0,0,-1,0,0,2,0,3,0,-1,200,0,9223372036800000000,1e+75,0,10,0,0,7,0,3,1,0,0,1,1,0,-1,1000,0,5,2,2,0,1,-1,-1,-1,-1,0,10,-1,1,1,3,-1,-1,-1,0,0,1,0,0,10,0,0,0,27.04
1,0,0,0,-1,0,1,0,0,0,0,0,3,0,0,0,-1,0,0,2,1,3,0,-1,200,0,9223372036800000000,1e+75,0,10,0,0,7,0,3,1,0,0,1,1,0,-1,1000,0,0,2,2,0,1,-1,-1,-1,-1,0,10,-1,1,1,3,-1,-1,-1,0,0,1,0,0,10,0,0,0,11.8
1,0,0,0,-1,0,1,0,0,0,0,0,3,0,0,0,-1,0,0,2,0,3,0,-1,200,0,9223372036800000000,1e+75,0,10,0,0,7,0,2,1,0,0,1,1,0,-1,1000,0,0,2,2,0,1,-1,-1,-1,-1,0,10,-1,1,1,3,-1,-1,-1,0,0,1,0,0,10,0,0,0,13.47
1,0,0,0,-1,0,1,0,0,0,0,0,3,0,0,0,-1,0,0,2,0,3,0,-1,200,0,9223372036800000000,1e+75,0,10,0,0,7,0,3,1,0,0,1,1,0,-1,1000,0,0,2,2,0,1,-1,-1,-1,-1,0,10,-1,1,1,3,-1,-1,-1,0,0,1,5,0,10,0,0,0,17.87
1,0,0,0,-1,0,1,0,0,0,0,0,3,0,0,0,-1,0,0,2,0,3,0,-1,10,0,9223372036800000000,1e+75,0,10,0,0,7,0,3,1,0,0,1,1,0,-1,1000,0,0,2,2,0,1,-1,-1,-1,-1,0,10,-1,1,1,3,-1,-1,-1,0,0,1,0,0,10,0,0,0,17.91
1,0,0,0,-1,0,1,0,0,0,0,0,3,0,0,0,-1,0,0,2,0,3,0,-1,200,0,9223372036800000000,1e+75,0,10,0,0,7,0,3,1,0,0,1,1,0,-1,100,0,0,2,2,0,1,-1,-1,-1,-1,0,10,-1,1,1,3,-1,-1,-1,0,0,1,0,0,10,0,0,0,12.04
1,0,0,0,-1,0,1,0,0,0,0,0,3,0,0,0,-1,0,0,2,0,3,0,-1,200,0,9223372036800000000,1e+75,0,10,0,0,7,-1,3,1,0,0,1,1,0,-1,1000,0,0,2,2,0,1,-1,-1,-1,-1,0,10,-1,1,1,3,-1,-1,-1,0,0,1,0,0,10,0,0,0,13.19
1,0,0,0,-1,0,1,0,0,0,0,0,3,0,0,0,-1,0,0,2,0,3,0,-1,200,0,9223372036800000000,1e+75,0,10,0,0,7,0,3,1,0,0,0,1,0,-1,1000,0,0,2,2,0,1,-1,-1,-1,-1,0,10,-1,1,1,3,-1,-1,-1,0,0,1,0,0,10,0,0,0,20.83
1,0,0,0,-1,0,1,4,0,0,0,0,3,-1,0,2,-1,-1,-1,-1,-1,3,0,-1,100,0,9223372036800000000,0,0,10,0,0,10,1,1,1,40,0,1,1,1,2,-1,0,0,2,2,0,1,-1,-1,-1,-1,-1,10,-1,1,1,3,-1,-1,-1,0,0,1,1,0,10,0,0,0,5.96
1,0,0,0,-1,0,1,4,0,0,0,0,3,-1,0,2,-1,-1,-1,-1,-1,3,0,-1,100,0,9223372036800000000,0,0,10,0,0,10,1,1,1,40,0,1,1,1,2,-1,0,5,2,2,0,1,-1,-1,-1,-1,-1,10,-1,1,1,3,-1,-1,-1,0,0,1,0,0,10,0,0,0,24.3
1,0,0,0,-1,0,1,4,0,0,0,0,3,-1,0,2,-1,-1,-1,-1,-1,3,0,-1,100,0,9223372036800000000,0,0,10,0,0,10,1,1,1,40,0,1,1,1,2,-1,0,4,2,2,0,1,-1,-1,-1,-1,-1,10,-1,1,1,3,-1,-1,-1,0,0,1,0,0,10,0,0,0,26.89
1,0,0,0,-1,0,1,4,0,0,0,0,3,-1,0,2,-1,-1,-1,-1,-1,3,0,-1,100,0,9223372036800000000,0,0,10,0,0,10,1,1,1,40,0,1,1,1,2,-1,0,3,2,2,0,1,-1,-1,-1,-1,-1,10,-1,1,1,3,-1,-1,-1,0,0,1,0,0,10,0,0,0,16.46
1,0,0,0,-1,0,1,4,0,0,0,0,3,-1,0,2,-1,-1,-1,-1,-1,3,0,-1,100,0,9223372036800000000,0,0,10,0,0,10,1,1,1,40,0,1,1,1,2,-1,0,2,2,2,0,1,-1,-1,-1,-1,-1,10,-1,1,1,3,-1,-1,-1,0,0,1,0,0,10,0,0,0,6.25
1,0,0,0,-1,0,1,4,0,0,0,0,3,-1,0,2,-1,-1,-1,-1,-1,3,0,-1,100,0,9223372036800000000,0,0,10,0,0,10,1,1,1,40,0,1,1,1,2,-1,6,0,2,2,0,1,-1,-1,-1,-1,-1,10,-1,1,1,3,-1,-1,-1,0,0,1,0,0,10,0,0,0,6.25
1,0,0,0,-1,0,1,4,0,0,0,0,3,-1,0,2,-1,-1,-1,-1,-1,3,0,-1,100,0,9223372036800000000,0,0,10,0,0,10,1,1,1,40,0,1,1,1,2,-1,3,0,2,2,0,1,-1,-1,-1,-1,-1,10,-1,1,1,3,-1,-1,-1,0,0,1,0,0,10,0,0,0,7.64
1,0,0,0,-1,0,1,4,0,0,0,0,3,-1,0,2,-1,-1,-1,-1,-1,3,0,-1,100,0,9223372036800000000,0,0,10,0,0,10,1,1,1,40,0,1,1,1,2,-1,1,0,2,2,0,1,-1,-1,-1,-1,-1,10,-1,1,1,3,-1,-1,-1,0,0,1,0,0,10,0,0,0,6.61
1,0,0,0,-1,0,1,4,0,0,0,0,0,2,0,2,1,0,-1,1,1,3,0,-1,100,0,9223372036800000000,1,0,10,0,0,0,0,3,1,500,0,2,1,-1,2,60,0,0,3,2,0,1,-1,-1,-1,-1,1,10,-1,1,1,3,-1,-1,-1,0,0,1,0,0,10,0,0,0,18.6
1,0,0,0,-1,0,1,4,0,0,0,0,0,2,0,2,1,0,-1,1,1,3,0,-1,100,0,9223372036800000000,1e+75,0,10,0,0,10,0,3,1,500,0,2,1,-1,2,60,0,0,3,2,0,1,-1,-1,-1,-1,1,10,-1,1,1,3,-1,-1,-1,0,0,1,0,0,10,0,0,0,18.8
1,0,0,0,-1,0,1,4,0,0,0,0,0,2,0,2,1,0,-1,1,1,3,0,-1,100,0,9223372036800000000,1,0,10,0,0,10,0,3,1,500,0,2,1,-1,2,60,0,0,0,2,0,1,-1,-1,-1,-1,1,10,-1,1,1,3,-1,-1,-1,0,0,1,0,0,10,0,0,0,19.39
1,0,0,0,-1,0,1,4,0,0,0,0,0,2,0,2,1,0,-1,1,1,3,0,-1,100,0,9223372036800000000,240,0,10,0,0,10,0,3,1,500,0,2,1,-1,2,60,0,0,3,2,0,1,-1,-1,-1,-1,1,10,-1,1,1,3,-1,-1,-1,0,0,1,0,0,10,0,0,0,18.8
1,0,0,0,-1,0,1,4,0,0,0,0,0,2,0,2,1,0,-1,1,1,3,0,-1,100,0,9223372036800000000,1,0,10,0,0,15,0,3,1,500,0,2,1,-1,2,60,0,0,3,2,0,1,-1,-1,-1,-1,1,10,-1,1,1,3,-1,-1,-1,0,0,1,0,0,10,0,0,0,20.27
1,0,0,0,-1,0,1,4,0,0,0,0,0,2,0,2,1,0,-1,1,1,3,0,-1,100,0,9223372036800000000,1,0,10,0,0,10,0,3,1,500,0,2,1,-1,3,60,0,0,3,2,0,1,-1,-1,-1,-1,1,10,-1,1,1,3,-1,-1,-1,0,0,1,0,0,10,0,0,0,18.8
1,0,0,0,-1,0,1,5,0,0,0,0,-1,0,-1,-1,0,1,2,-1,2,3,0,8,400,0,9223372036800000000,0,0,10,0,0,2,0,3,1,-1,0,3,1,1,3,60,0,1,4,2,0,1,-1,-1,-1,-1,1,10,-1,1,1,3,-1,-1,-1,0,0,1,0,0,10,0,0,0,23.19
1,0,0,0,-1,0,1,4,0,0,0,0,0,2,0,2,1,0,-1,1,1,3,0,-1,200,0,9223372036800000000,1,0,10,0,0,10,0,3,1,500,0,2,1,-1,2,60,0,0,3,2,0,1,-1,-1,-1,-1,1,10,-1,1,1,3,-1,-1,-1,0,0,1,0,0,10,0,0,0,18.8
1,0,0,0,-1,0,1,4,0,0,0,0,1,2,0,2,1,0,-1,1,1,3,0,-1,100,0,9223372036800000000,1,0,10,0,0,10,0,3,1,500,0,2,1,-1,2,60,0,0,3,2,0,1,-1,-1,-1,-1,1,10,-1,1,1,3,-1,-1,-1,0,0,1,0,0,10,0,0,0,18.8
1,0,0,0,-1,0,1,4,0,0,0,0,0,2,0,2,1,0,-1,1,1,3,0,-1,100,0,9223372036800000000,1,0,10,0,0,10,0,3,1,500,0,2,1,-1,2,200,0,0,3,2,0,1,-1,-1,-1,-1,1,10,-1,1,1,3,-1,-1,-1,0,0,1,0,0,10,0,0,0,20.81
1,0,0,0,-1,0,1,4,0,0,0,0,0,2,0,2,1,0,-1,1,1,3,0,-1,100,0,9223372036800000000,1,0,10,0,0,10,0,3,1,500,0,2,1,-1,2,20,0,0,3,2,0,1,-1,-1,-1,-1,1,10,-1,1,1,3,-1,-1,-1,0,0,1,0,0,10,0,0,0,20.84
1,0,0,0,-1,0,1,4,0,0,0,0,0,2,0,2,1,0,-1,1,1,3,0,-1,100,0,9223372036800000000,1,0,10,0,0,10,0,3,1,500,0,2,1,-1,0,60,0,0,3,2,0,1,-1,-1,-1,-1,1,10,-1,1,1,3,-1,-1,-1,0,0,1,0,0,10,0,0,0,18.8
1,0,0,0,-1,0,1,3,0,0,0,0,2,1,0,1,-1,0,2,2,0,3,0,16,50,0,9223372036800000000,0,0,10,0,0,15,0,0,1,1000,0,3,1,1,1,1000,0,3,3,2,0,1,-1,0,-1,-1,-1,10,-1,1,1,3,-1,-1,-1,0,0,1,5,0,10,0,0,0,21.23
1,0,0,0,-1,0,1,4,0,0,0,0,0,2,0,2,1,0,-1,1,1,3,0,8,100,0,9223372036800000000,1,0,10,0,0,10,0,3,1,500,0,2,1,-1,2,60,0,0,3,2,0,1,-1,-1,-1,-1,1,10,-1,1,1,3,-1,-1,-1,0,0,1,0,0,10,0,0,0,18.8
1,0,0,0,-1,0,1,4,0,0,0,0,0,2,0,2,1,0,-1,1,1,3,0,-1,100,0,9223372036800000000,2,0,10,0,0,10,0,3,1,500,0,2,1,-1,2,60,0,0,3,2,0,1,-1,-1,-1,-1,1,10,-1,1,1,3,-1,-1,-1,0,0,1,0,0,10,0,0,0,18.8
1,0,0,0,-1,0,1,4,0,0,0,0,0,2,0,2,1,0,-1,1,1,3,0,-1,100,0,9223372036800000000,1,0,10,0,0,10,0,3,1,500,0,2,1,-1,2,500,0,0,3,2,0,1,-1,-1,-1,-1,1,10,-1,1,1,3,-1,-1,-1,0,0,1,0,0,10,0,0,0,20.81
1,0,0,0,-1,0,1,4,0,0,0,0,0,2,0,2,1,0,-1,1,1,3,0,-1,100,0,9223372036800000000,1,0,10,0,0,10,0,3,1,500,0,2,1,-1,-1,60,0,0,3,2,0,1,-1,-1,-1,-1,1,10,-1,1,1,3,-1,-1,-1,0,0,1,0,0,10,0,0,0,20.44
1,0,0,0,-1,0,1,4,0,0,0,0,0,2,0,2,1,0,-1,1,1,3,0,-1,100,0,9223372036800000000,1,0,10,0,0,10,0,3,1,500,0,2,1,-1,2,60,0,0,3,2,0,1,-1,-1,-1,-1,1,10,-1,1,1,3,-1,-1,-1,0,0,1,0,0,10,0,0,0,18.8
1,0,0,0,-1,0,1,4,0,0,0,0,0,2,0,2,1,0,-1,1,1,3,0,-1,25,0,9223372036800000000,1,0,10,0,0,10,0,3,1,1000,0,2,1,-1,2,60,0,0,3,2,0,1,-1,-1,-1,-1,1,10,-1,1,1,3,-1,-1,-1,0,0,1,0,0,10,0,0,0,18.82
1,0,0,0,-1,0,1,4,0,0,0,0,0,2,0,2,1,0,-1,1,1,3,0,-1,800,0,9223372036800000000,1,0,10,0,0,10,0,3,1,1000,0,2,1,-1,2,60,0,0,3,2,0,1,-1,-1,-1,-1,1,10,-1,1,1,3,-1,-1,-1,0,0,1,0,0,10,0,0,0,19.67
1,0,0,0,-1,0,1,0,0,0,0,0,0,2,0,0,0,-1,0,2,1,3,0,-1,200,0,9223372036800000000,60,0,10,0,0,3,0,2,1,500,0,3,1,1,3,0,0,1,3,2,0,1,-1,-1,-1,-1,1,10,-1,1,1,3,-1,-1,-1,0,0,1,4,0,10,0,0,0,20.76
1,0,0,0,-1,0,1,4,0,0,0,0,0,2,0,2,2,0,-1,1,1,3,0,-1,100,0,9223372036800000000,1,0,10,0,0,10,0,3,1,1000,0,2,1,-1,2,60,0,0,3,2,0,1,-1,-1,-1,-1,1,10,-1,1,1,3,-1,-1,-1,0,0,1,0,0,10,0,0,0,19.67
1,0,0,0,-1,0,1,4,0,0,0,0,-1,0,-1,1,2,1,1,-1,2,3,0,8,10,0,9223372036800000000,10,0,10,0,0,10,0,2,1,-1,0,1,1,3,-1,200,0,0,1,2,0,1,-1,-1,-1,-1,0,10,-1,1,1,3,-1,-1,-1,0,0,1,0,0,10,0,0,0,22.4
1,0,0,0,-1,0,1,4,0,0,0,0,3,-1,0,2,-1,-1,-1,-1,-1,3,0,16,100,0,9223372036800000000,0,0,10,0,0,10,1,1,1,40,0,1,1,1,2,-1,0,0,2,2,0,1,-1,-1,-1,-1,-1,10,-1,1,1,3,-1,-1,-1,0,0,1,0,0,10,0,0,0,6.25
1,0,0,0,-1,0,1,4,0,0,0,0,3,-1,0,2,-1,-1,-1,-1,-1,3,0,-1,100,0,9223372036800000000,1,0,10,0,0,10,1,1,1,40,0,1,1,1,2,-1,0,0,2,2,0,1,-1,-1,-1,-1,-1,10,-1,1,1,3,-1,-1,-1,0,0,1,0,0,10,0,0,0,9.18
1,0,0,0,-1,0,1,4,0,0,0,0,3,-1,0,2,-1,-1,-1,-1,-1,3,0,-1,100,0,9223372036800000000,0,0,10,0,0,10,1,1,1,40,0,1,1,1,1,-1,0,0,2,2,0,1,-1,-1,-1,-1,-1,10,-1,1,1,3,-1,-1,-1,0,0,1,0,0,10,0,0,0,6.25
1,0,0,0,-1,0,1,4,0,0,0,0,3,-1,0,2,-1,-1,-1,-1,-1,3,0,-1,100,0,9223372036800000000,0,0,10,0,0,10,1,1,1,40,0,1,1,1,2,-1,0,0,2,2,0,1,-1,-1,-1,-1,-1,10,-1,1,1,3,-1,-1,-1,0,0,1,0,0,10,0,0,0,6.25
1,0,0,0,-1,0,1,4,0,0,0,0,3,0,0,2,-1,-1,-1,-1,-1,3,0,-1,100,0,9223372036800000000,0,0,10,0,0,10,1,1,1,20,0,1,1,1,2,-1,0,0,2,2,0,1,-1,-1,-1,-1,-1,10,-1,1,1,3,-1,-1,-1,0,0,1,0,0,10,0,0,0,6.78
1,0,0,0,-1,0,1,4,0,0,0,0,3,-1,0,2,-1,-1,-1,-1,-1,3,0,-1,100,0,9223372036800000000,0,0,10,0,0,10,1,1,1,20,0,1,1,1,2,-1,0,0,2,2,0,1,-1,-1,-1,-1,-1,10,-1,1,1,3,-1,-1,-1,0,0,1,0,0,10,0,0,0,6.57
1,0,0,0,-1,0,1,4,0,0,0,0,2,-1,0,2,-1,-1,-1,-1,-1,3,0,-1,100,0,9223372036800000000,0,0,10,0,0,10,1,1,1,20,0,1,1,0,2,-1,0,0,2,2,0,1,-1,-1,-1,-1,-1,10,-1,1,1,3,-1,-1,-1,0,0,1,0,0,10,0,0,0,9.76
1,0,0,0,-1,0,1,4,0,0,0,0,3,-1,0,2,-1,-1,-1,-1,1,3,0,-1,100,0,9223372036800000000,0,0,10,0,0,10,1,1,1,20,0,1,1,0,2,-1,0,0,2,2,0,1,-1,-1,-1,-1,-1,10,-1,1,1,3,-1,-1,-1,0,0,1,0,0,10,0,0,0,9.76
1,0,0,0,-1,0,1,4,0,0,0,0,3,-1,0,2,-1,-1,-1,-1,-1,3,0,-1,100,0,9223372036800000000,50,0,10,0,0,10,1,1,1,20,0,1,1,0,2,-1,0,0,2,2,0,1,-1,-1,-1,-1,-1,10,-1,1,1,3,-1,-1,-1,0,0,1,0,0,10,0,0,0,13.26
1,0,0,0,-1,0,1,0,0,0,0,0,2,2,-1,2,0,2,1,2,0,3,0,16,100,0,9223372036800000000,2,0,10,0,0,5,0,2,1,40,0,2,1,1,1,0,0,2,4,2,0,1,-1,-1,-1,-1,1,10,-1,1,1,3,-1,-1,-1,0,0,1,5,0,10,0,0,0,17.45
1,0,0,0,-1,0,1,4,0,0,0,0,3,-1,0,2,-1,-1,-1,-1,-1,3,0,-1,100,0,9223372036800000000,10,0,10,0,0,10,1,1,1,20,0,1,1,0,2,-1,0,0,2,2,0,1,-1,-1,-1,-1,-1,10,-1,1,1,3,-1,-1,-1,0,0,1,0,0,10,0,0,0,13.26
1,0,0,0,-1,0,1,2,0,0,0,0,2,0,1,2,-1,2,0,2,2,3,0,4,25,0,9223372036800000000,10,0,10,0,0,10,-1,0,1,100,0,3,1,1,-1,-1,0,5,-1,2,0,1,-1,-1,-1,-1,1,10,-1,1,1,3,-1,-1,-1,0,0,1,3,0,10,0,0,0,23.02
1,0,0,0,-1,0,1,4,0,0,0,0,3,-1,0,2,-1,-1,-1,-1,-1,3,0,-1,100,0,9223372036800000000,0,0,10,0,0,10,1,1,1,20,0,1,1,0,2,-1,0,0,2,2,0,1,-1,-1,-1,-1,0,10,-1,1,1,3,-1,-1,-1,0,0,1,0,0,10,0,0,0,9.76
1,0,0,0,-1,0,1,4,0,0,0,0,3,-1,0,2,-1,-1,-1,-1,2,3,0,-1,100,0,9223372036800000000,0,0,10,0,0,10,1,1,1,20,0,1,1,0,2,-1,0,0,2,2,0,1,-1,-1,-1,-1,-1,10,-1,1,1,3,-1,-1,-1,0,0,1,0,0,10,0,0,0,9.76
1,0,0,0,-1,0,1,4,0,0,0,0,3,-1,0,2,-1,0,-1,-1,-1,3,0,-1,100,0,9223372036800000000,0,0,10,0,0,10,1,1,1,20,0,1,1,0,2,-1,0,0,2,2,0,1,-1,-1,-1,-1,-1,10,-1,1,1,3,-1,-1,-1,0,0,1,0,0,10,0,0,0,17.97
1,0,0,0,-1,0,1,4,0,0,0,0,3,-1,0,2,-1,-1,-1,-1,-1,3,0,-1,100,0,9223372036800000000,0,0,10,0,0,10,1,1,1,20,0,1,1,0,2,-1,0,0,2,2,0,1,-1,-1,-1,-1,-1,10,-1,1,1,3,-1,-1,-1,0,0,1,0,0,10,0,0,0,9.76
1,0,0,0,-1,0,1,4,0,0,0,0,3,-1,0,2,-1,-1,-1,-1,-1,3,0,-1,100,0,9223372036800000000,0,0,10,0,0,10,1,1,1,20,0,0,1,0,2,40,0,0,2,2,0,1,-1,-1,-1,-1,-1,10,-1,1,1,3,-1,-1,-1,0,0,1,0,0,10,0,0,0,23.61
1,0,0,0,-1,0,1,4,0,0,0,0,3,-1,0,2,-1,-1,-1,-1,-1,3,0,-1,100,0,9223372036800000000,0,0,10,0,0,10,1,1,1,20,0,1,1,3,2,40,0,0,2,2,0,1,-1,-1,-1,-1,-1,10,-1,1,1,3,-1,-1,-1,0,0,1,0,0,10,0,0,0,20.82
1,0,0,0,-1,0,1,0,0,0,0,0,2,-1,-1,-1,-1,1,2,-1,-1,3,0,16,50,0,9223372036800000000,60,0,10,0,0,7,1,0,1,100,0,3,1,3,2,1000,0,0,4,2,0,1,-1,-1,-1,-1,0,10,-1,1,1,3,-1,-1,-1,0,0,1,1,0,10,0,0,0,23.61
1,0,0,0,-1,0,1,4,0,0,0,0,3,-1,0,2,-1,-1,-1,-1,-1,1,0,-1,100,0,9223372036800000000,0,0,10,0,0,10,1,1,1,40,0,1,1,1,2,-1,0,0,2,2,0,1,-1,-1,-1,-1,-1,10,-1,1,1,3,-1,-1,-1,0,0,1,1,0,10,0,0,0,5.96
1,0,0,0,-1,0,1,4,0,0,0,0,3,-1,0,2,-1,-1,-1,2,-1,3,0,-1,100,0,9223372036800000000,0,0,10,0,0,10,1,1,1,20,0,1,1,0,2,100,0,0,2,2,0,1,-1,-1,-1,-1,-1,10,-1,1,1,3,-1,-1,-1,0,0,1,0,0,10,0,0,0,16.93
1,0,0,0,-1,0,1,4,0,0,0,0,3,-1,0,2,-1,-1,-1,-1,-1,3,0,-1,100,0,9223372036800000000,0,0,10,0,0,10,1,1,1,20,0,1,1,0,2,40,0,0,2,2,0,1,-1,-1,-1,-1,-1,10,-1,1,1,3,-1,-1,-1,0,0,1,0,0,10,0,0,0,10.09
1,0,0,0,-1,0,1,4,0,0,0,0,3,-1,0,2,-1,-1,-1,-1,-1,3,0,-1,100,0,9223372036800000000,0,0,10,0,0,10,0,1,1,20,0,1,1,3,2,100,0,0,2,2,0,1,-1,-1,-1,-1,-1,10,-1,1,1,3,-1,-1,-1,0,0,1,0,0,10,0,0,0,26.08
1,0,0,0,-1,0,1,4,0,0,0,0,3,-1,0,2,-1,-1,-1,-1,-1,3,0,-1,100,0,9223372036800000000,0,0,10,0,0,10,1,1,1,20,0,1,1,0,2,100,0,0,2,2,0,1,-1,-1,-1,-1,-1,10,-1,1,1,3,-1,-1,-1,0,0,1,0,0,10,0,0,0,12.27
1,0,0,0,-1,0,1,4,0,0,0,0,3,2,0,1,2,0,0,1,2,3,0,8,100,0,9223372036800000000,60,0,10,0,0,10,0,0,1,1000,0,1,1,3,3,20,0,0,-1,2,0,1,-1,-1,-1,-1,1,10,-1,1,1,3,-1,-1,-1,0,0,1,0,0,10,0,0,0,23.26
1,0,0,0,-1,0,1,1,0,0,0,0,1,-1,1,-1,0,-1,2,-1,1,3,0,16,400,0,9223372036800000000,60,0,10,0,0,3,0,2,1,40,0,1,1,-1,-1,40,0,0,2,2,0,1,-1,-1,-1,-1,-1,10,-1,1,1,3,-1,-1,-1,0,0,1,0,0,10,0,0,0,21.61
1,0,0,0,-1,0,1,2,0,0,0,0,3,2,1,0,-1,-1,1,0,2,3,0,4,50,0,9223372036800000000,240,0,10,0,0,5,-1,2,1,0,0,1,1,-1,2,20,0,0,3,2,0,1,-1,1,-1,-1,-1,10,-1,1,1,3,-1,-1,-1,0,0,1,5,0,10,0,0,0,16.83
1,0,0,0,-1,0,1,1,0,0,0,0,1,-1,1,-1,0,-1,2,-1,1,3,0,16,400,0,9223372036800000000,5,0,10,0,0,3,0,2,1,40,0,1,1,-1,-1,20,0,0,2,2,0,1,-1,-1,-1,-1,-1,10,-1,1,1,3,-1,-1,-1,0,0,1,0,0,10,0,0,0,20.45
1,0,0,0,-1,0,1,1,0,0,0,0,1,-1,1,-1,0,-1,2,-1,1,3,0,16,400,0,9223372036800000000,60,0,10,0,0,3,0,2,1,40,0,1,1,-1,-1,20,0,0,1,2,0,1,-1,-1,-1,-1,-1,10,-1,1,1,3,-1,-1,-1,0,0,1,0,0,10,0,0,0,23.42
1,0,0,0,-1,0,1,1,0,0,0,0,1,-1,1,-1,0,-1,2,-1,1,3,0,16,400,0,9223372036800000000,60,0,10,0,0,3,0,2,1,40,0,0,1,-1,-1,20,0,0,2,2,0,1,-1,-1,-1,-1,-1,10,-1,1,1,3,-1,-1,-1,0,0,1,0,0,10,0,0,0,25.36
1,0,0,0,-1,0,1,1,0,0,0,0,1,-1,1,-1,0,-1,2,-1,1,3,0,16,400,0,9223372036800000000,60,0,10,0,0,3,0,2,1,40,0,1,1,-1,-1,20,0,0,4,2,0,1,-1,-1,-1,-1,-1,10,-1,1,1,3,-1,-1,-1,0,0,1,0,0,10,0,0,0,24.25
1,0,0,0,-1,0,1,1,0,0,0,0,1,-1,1,-1,0,-1,2,-1,1,3,0,16,400,0,9223372036800000000,60,0,10,0,0,3,0,0,1,40,0,1,1,-1,-1,20,0,0,2,2,0,1,-1,-1,-1,-1,-1,10,-1,1,1,3,-1,-1,-1,0,0,1,0,0,10,0,0,0,24.77
1,0,0,0,-1,0,1,1,0,0,0,0,1,-1,1,-1,0,-1,2,-1,-1,3,0,16,400,0,9223372036800000000,60,0,10,0,0,3,0,2,1,40,0,1,1,-1,-1,20,0,0,2,2,0,1,-1,-1,-1,-1,-1,10,-1,1,1,3,-1,-1,-1,0,0,1,0,0,10,0,0,0,20.45
1,0,0,0,-1,0,1,1,0,0,0,0,1,-1,1,-1,0,-1,2,-1,1,3,0,16,400,0,9223372036800000000,60,0,10,0,0,3,0,2,1,40,0,1,1,-1,3,20,0,0,2,2,0,1,-1,-1,-1,-1,-1,10,-1,1,1,3,-1,-1,-1,0,0,1,0,0,10,0,0,0,22.82
1,0,0,0,-1,0,1,1,0,0,0,0,1,-1,1,-1,0,-1,2,-1,1,3,0,16,400,0,9223372036800000000,60,0,10,0,0,3,0,2,1,40,0,1,1,-1,-1,20,0,0,2,2,0,1,-1,-1,-1,-1,-1,10,-1,1,1,3,-1,-1,-1,0,0,1,0,0,10,0,0,0,20.45
1,0,0,0,-1,0,1,1,0,0,0,0,1,-1,1,-1,0,-1,2,-1,1,3,0,16,400,0,9223372036800000000,60,0,10,0,0,3,0,2,1,500,0,1,1,-1,-1,40,0,0,2,2,0,1,-1,-1,-1,-1,-1,10,-1,1,1,3,-1,-1,-1,0,0,1,0,0,10,0,0,0,21.02
1,0,0,0,-1,0,1,5,0,0,0,0,-1,-1,-1,0,2,2,1,2,-1,3,0,4,25,0,9223372036800000000,0,0,10,0,0,4,-1,1,1,-1,0,3,1,-1,1,0,0,2,-1,2,0,1,-1,-1,-1,-1,-1,10,-1,1,1,3,-1,-1,-1,0,0,1,1,0,10,0,0,0,22.11
1,0,0,0,-1,0,1,1,0,0,0,0,1,-1,1,-1,0,-1,2,-1,1,3,0,16,400,0,9223372036800000000,60,0,10,0,0,3,0,2,1,500,0,1,1,-1,3,100,0,0,2,2,0,1,-1,-1,-1,-1,-1,10,-1,1,1,3,-1,-1,-1,0,0,1,0,0,10,0,0,0,24.01
1,0,0,0,-1,0,1,1,0,0,0,0,1,-1,1,-1,0,-1,2,-1,1,3,0,16,400,0,9223372036800000000,60,0,10,0,0,3,0,2,1,500,0,1,1,-1,3,20,0,0,2,2,0,1,-1,-1,-1,-1,-1,10,-1,1,1,3,-1,-1,-1,0,0,1,0,0,10,0,0,0,21.69
1,0,0,0,-1,0,1,5,0,0,0,0,1,-1,1,2,1,0,2,2,1,3,0,1,150,0,9223372036800000000,20,0,10,0,0,3,1,1,1,-1,0,0,1,-1,1,200,0,0,0,2,0,1,-1,-1,-1,-1,0,10,-1,1,1,3,-1,-1,-1,0,0,1,0,0,10,0,0,0,28.28
1,0,0,0,-1,0,1,1,0,0,0,0,1,3,1,-1,0,-1,2,-1,1,3,0,16,400,0,9223372036800000000,60,0,10,0,0,3,0,2,1,500,0,1,1,-1,3,20,0,0,2,2,0,1,-1,-1,-1,-1,-1,10,-1,1,1,3,-1,-1,-1,0,0,1,0,0,10,0,0,0,23.13
1,0,0,0,-1,0,1,2,0,0,0,0,2,2,0,2,0,1,-1,0,0,3,0,2,100,0,9223372036800000000,5,0,10,0,0,7,0,2,1,1000,0,3,1,0,0,0,0,0,0,2,0,1,-1,-1,-1,-1,-1,10,-1,1,1,3,-1,-1,-1,0,0,1,0,0,10,0,0,0,18.8
1,0,0,0,-1,0,1,2,0,0,0,0,2,2,0,0,0,1,-1,0,0,3,0,2,100,0,9223372036800000000,5,0,10,0,0,7,0,2,1,1000,0,3,1,0,0,0,0,0,2,2,0,1,-1,-1,-1,-1,-1,10,-1,1,1,3,-1,-1,-1,0,0,1,0,0,10,0,0,0,19.53
1,0,0,0,-1,0,1,2,0,0,0,0,2,2,0,2,0,1,-1,0,0,3,0,2,100,0,9223372036800000000,5,0,10,0,0,7,0,2,1,1000,0,3,1,0,0,0,0,0,4,2,0,1,-1,-1,-1,-1,-1,10,-1,1,1,3,-1,-1,-1,0,0,1,0,0,10,0,0,0,19.46
1,0,0,0,-1,0,1,2,0,0,0,0,2,2,0,2,0,1,-1,0,0,3,0,2,100,0,9223372036800000000,5,0,10,0,0,7,1,2,1,1000,0,3,1,0,0,0,0,0,2,2,0,1,-1,-1,-1,-1,-1,10,-1,1,1,3,-1,-1,-1,0,0,1,0,0,10,0,0,0,20.45
1,0,0,0,-1,0,1,5,0,0,0,0,2,-1,1,0,1,0,-1,-1,0,3,0,1,100,0,9223372036800000000,40,0,10,0,0,7,0,3,1,-1,0,1,1,1,3,500,0,0,3,2,0,1,-1,-1,-1,-1,1,10,-1,1,1,3,-1,-1,-1,0,0,1,3,0,10,0,0,0,14.85
1,0,0,0,-1,0,1,4,0,0,0,0,3,-1,0,2,-1,-1,-1,-1,-1,3,0,-1,100,0,9223372036800000000,0,0,10,0,0,10,1,1,1,40,0,1,1,1,2,-1,4,0,2,2,0,1,-1,-1,-1,-1,-1,10,-1,1,1,3,-1,-1,-1,0,0,1,0,0,10,0,0,0,14.54
1,0,0,0,-1,0,1,2,0,0,0,0,2,2,0,2,0,1,-1,0,0,3,0,2,100,0,9223372036800000000,5,0,10,0,0,7,0,2,1,1000,0,3,1,-1,0,0,0,0,2,2,0,1,-1,-1,-1,-1,-1,10,-1,1,1,3,-1,-1,-1,0,0,1,0,0,10,0,0,0,18.56
1,0,0,0,-1,0,1,2,0,0,0,0,2,2,0,2,0,1,-1,0,0,3,0,2,50,0,9223372036800000000,5,0,10,0,0,7,0,2,1,1000,0,3,1,0,0,0,0,0,2,2,0,1,-1,-1,-1,-1,-1,10,-1,1,1,3,-1,-1,-1,0,0,1,0,0,10,0,0,0,17.96
1,0,0,0,-1,0,1,0,0,0,0,0,3,0,0,0,-1,0,0,2,0,3,0,-1,200,0,9223372036800000000,1e+75,0,10,0,0,7,0,3,1,0,0,1,1,0,1,1000,0,0,2,2,0,1,-1,-1,-1,-1,0,10,-1,1,1,3,-1,-1,-1,0,0,1,0,0,10,0,0,0,12.81
1,0,0,0,-1,0,1,2,0,0,0,0,2,2,0,2,0,1,-1,0,0,3,0,2,100,0,9223372036800000000,5,0,10,0,0,7,0,2,1,1000,0,3,1,0,0,0,0,0,2,2,0,1,-1,-1,-1,-1,-1,10,-1,1,1,3,-1,-1,-1,0,0,1,0,0,10,0,0,0,17.96
1,0,0,0,-1,0,1,2,0,0,0,0,2,2,0,2,1,1,1,0,0,3,0,2,100,0,9223372036800000000,5,0,10,0,0,7,0,2,1,1000,0,3,1,0,0,0,0,0,2,2,0,1,-1,-1,-1,-1,-1,10,-1,1,1,3,-1,-1,-1,0,0,1,0,0,10,0,0,0,18
1,0,0,0,-1,0,1,2,0,0,0,0,2,2,0,2,0,1,1,0,0,3,0,2,100,0,9223372036800000000,5,0,10,0,0,7,0,2,1,1000,0,3,1,0,0,0,0,0,2,2,0,1,-1,-1,-1,-1,-1,10,-1,1,1,3,-1,-1,-1,0,0,1,0,0,10,0,0,0,18
1,0,0,0,-1,0,1,2,0,0,0,0,2,2,-1,2,0,1,1,0,0,3,0,2,100,0,9223372036800000000,5,0,10,0,0,7,0,2,1,1000,0,3,1,0,0,500,0,0,2,2,0,1,-1,-1,-1,-1,-1,10,-1,1,1,3,-1,-1,-1,0,0,1,0,0,10,0,0,0,18.61
1,0,0,0,-1,0,1,2,0,0,0,0,-1,2,0,2,0,1,1,0,0,3,0,2,100,0,9223372036800000000,5,0,10,0,0,7,0,2,1,1000,0,3,1,0,0,500,0,0,2,2,0,1,-1,-1,-1,-1,-1,10,-1,1,1,3,-1,-1,-1,0,0,1,0,0,10,0,0,0,18.61
1,0,0,0,-1,0,1,2,0,0,0,0,2,-1,0,2,0,1,1,0,0,3,0,2,100,0,9223372036800000000,5,0,10,0,0,7,0,2,1,1000,0,3,1,0,0,500,0,0,2,2,0,1,-1,-1,-1,-1,-1,10,-1,1,1,3,-1,-1,-1,0,0,1,0,0,10,0,0,0,19.93
1,0,0,0,-1,0,1,0,0,0,0,0,3,2,-1,2,2,2,1,2,0,3,0,16,100,0,9223372036800000000,2,0,10,0,0,5,0,2,1,40,0,2,1,1,1,0,0,2,4,2,0,1,-1,-1,-1,-1,1,10,-1,1,1,3,-1,-1,-1,0,0,1,5,0,10,0,0,0,17.45
1,0,0,0,-1,0,1,2,0,0,0,0,2,2,0,2,0,1,1,0,0,3,0,2,100,0,9223372036800000000,120,0,10,0,0,7,0,2,1,1000,0,3,1,0,0,500,0,0,2,2,0,1,-1,-1,-1,-1,-1,10,-1,1,1,3,-1,-1,-1,0,0,1,0,0,10,0,0,0,18.61
1,0,0,0,-1,0,1,0,0,0,0,0,-1,1,0,1,-1,1,0,-1,-1,3,0,8,800,0,9223372036800000000,60,0,10,0,0,15,0,0,1,100,0,1,1,1,-1,100,0,1,1,2,0,1,-1,0,-1,-1,0,10,-1,1,1,3,-1,-1,-1,0,0,1,3,0,10,0,0,0,17.33
1,0,0,0,-1,0,1,2,0,0,0,0,2,2,0,2,0,1,1,0,0,3,0,16,100,0,9223372036800000000,5,0,10,0,0,7,0,2,1,1000,0,3,1,0,0,500,0,0,2,2,0,1,-1,-1,-1,-1,-1,10,-1,1,1,3,-1,-1,-1,0,0,1,0,0,10,0,0,0,18.61
1,0,0,0,-1,0,1,2,0,0,0,0,2,2,0,2,0,-1,1,0,0,3,0,2,100,0,9223372036800000000,5,0,10,0,0,7,-1,2,1,1000,0,3,1,0,0,500,0,0,2,2,0,1,-1,-1,-1,-1,-1,10,-1,1,1,3,-1,-1,-1,0,0,1,0,0,10,0,0,0,20.5
1,0,0,0,-1,0,1,5,0,0,0,0,1,1,1,0,2,0,0,-1,1,3,0,16,25,0,9223372036800000000,20,0,10,0,0,3,0,0,1,500,0,0,1,2,2,500,0,0,4,2,0,1,-1,-1,-1,-1,-1,10,-1,1,1,3,-1,-1,-1,0,0,1,5,0,10,0,0,0,23.92
1,0,0,0,-1,0,1,2,0,0,0,0,2,2,0,2,0,1,1,0,0,3,0,2,100,0,9223372036800000000,5,0,10,0,0,7,-1,2,1,1000,0,3,1,0,0,500,0,0,2,2,0,1,-1,-1,-1,-1,-1,10,-1,1,1,3,-1,-1,-1,0,0,1,0,0,10,0,0,0,19.45
1,0,0,0,-1,0,1,2,0,0,0,0,2,2,0,2,0,1,1,0,0,3,0,2,100,0,9223372036800000000,240,0,10,0,0,7,-1,2,1,1000,0,3,1,0,0,0,0,0,2,2,0,1,-1,-1,-1,-1,-1,10,-1,1,1,3,-1,-1,-1,0,0,1,0,0,10,0,0,0,20.29
1,0,0,0,-1,0,1,5,0,0,0,0,-1,0,-1,-1,0,1,2,-1,0,3,0,8,400,0,9223372036800000000,120,0,10,0,0,2,0,3,1,-1,0,3,1,1,3,60,0,1,3,2,0,1,-1,-1,-1,-1,1,10,-1,1,1,3,-1,-1,-1,0,0,1,0,0,10,0,0,0,21.03
1,0,0,0,-1,0,1,2,0,0,0,0,2,2,0,2,0,1,1,0,0,3,0,2,100,0,9223372036800000000,120,0,10,0,0,7,-1,2,1,1000,0,3,1,0,0,0,0,0,2,2,0,1,-1,-1,-1,-1,-1,10,-1,1,1,3,-1,-1,-1,0,0,1,0,0,10,0,0,0,20.29
1,0,0,0,-1,0,1,2,0,0,0,0,-1,2,0,2,0,1,1,0,0,3,0,2,100,0,9223372036800000000,5,0,10,0,0,7,-1,2,1,1000,0,3,1,0,0,0,0,0,2,2,0,1,-1,-1,-1,-1,-1,10,-1,1,1,3,-1,-1,-1,0,0,1,0,0,10,0,0,0,20.29
1,0,0,0,-1,0,1,2,0,0,0,0,2,2,0,2,0,1,1,0,0,3,0,2,100,0,9223372036800000000,5,0,10,0,0,7,-1,2,1,1000,0,3,1,0,0,0,0,0,2,2,0,1,-1,-1,-1,-1,-1,10,-1,1,1,3,-1,-1,-1,0,0,1,0,0,10,0,0,0,20.29
1,0,0,0,-1,0,1,4,0,0,0,0,3,-1,0,2,-1,-1,-1,-1,-1,3,0,-1,100,0,9223372036800000000,0,0,10,0,1,10,1,1,1,40,0,1,1,1,2,-1,0,0,2,2,0,1,-1,-1,-1,-1,-1,10,-1,1,1,3,-1,-1,-1,0,0,1,1,0,10,0,0,0,5.46
1,0,0,0,-1,0,1,0,0,0,0,0,2,-1,-1,2,0,2,2,-1,-1,3,0,8,150,0,9223372036800000000,60,0,10,0,0,7,1,2,1,0,0,1,1,3,1,20,0,0,2,2,0,1,-1,-1,-1,-1,0,10,-1,1,1,3,-1,-1,-1,0,0,1,0,0,10,0,0,0,24.19
1,0,0,0,-1,0,1,4,0,0,0,0,3,2,0,-1,0,1,1,2,2,3,0,16,150,0,9223372036800000000,1,0,10,0,0,3,0,0,1,500,0,0,1,3,2,100,0,0,2,2,0,1,-1,-1,-1,-1,-1,10,-1,1,1,3,-1,-1,-1,0,0,1,0,0,10,0,0,0,22.28
1,0,0,0,-1,0,1,4,0,0,0,0,3,2,0,-1,0,2,1,2,2,3,0,16,150,0,9223372036800000000,1,0,10,0,0,3,0,0,1,500,0,0,1,3,-1,100,0,0,2,2,0,1,-1,-1,-1,-1,-1,10,-1,1,1,3,-1,-1,-1,0,0,1,0,0,10,0,0,0,21.88
1,0,0,0,-1,0,1,4,0,0,0,0,3,2,0,-1,0,1,1,2,2,3,0,16,150,0,9223372036800000000,1,0,10,0,0,3,0,0,1,500,0,0,1,0,-1,100,0,0,2,2,0,1,-1,-1,-1,-1,-1,10,-1,1,1,3,-1,-1,-1,0,0,1,0,0,10,0,0,0,21.04
1,0,0,1,-1,0,1,4,0,0,0,0,3,-1,0,2,-1,-1,-1,-1,-1,3,0,-1,100,0,9223372036800000000,0,0,10,0,0,10,1,1,1,40,0,1,1,1,2,-1,0,0,2,2,0,1,-1,-1,-1,-1,-1,10,-1,1,1,3,-1,-1,-1,0,0,1,1,0,10,0,0,0,5.96
1,0,0,0,-1,0,1,4,0,0,0,0,3,2,0,-1,0,1,1,2,0,3,0,16,150,0,9223372036800000000,1,0,10,0,0,3,0,0,1,500,0,0,1,3,-1,100,0,0,2,2,0,1,-1,-1,-1,-1,-1,10,-1,1,1,3,-1,-1,-1,0,0,1,0,0,10,0,0,0,18.61
1,0,0,0,-1,0,1,4,0,0,0,0,3,2,0,-1,0,1,1,2,2,3,0,16,150,0,9223372036800000000,1,0,10,0,0,3,0,0,1,500,0,0,1,3,-1,100,0,0,-1,2,0,1,-1,-1,-1,-1,-1,10,-1,1,1,3,-1,-1,-1,0,0,1,0,0,10,0,0,0,23.2
1,0,0,0,-1,0,1,4,0,0,0,0,3,2,0,-1,0,1,1,2,2,3,0,-1,150,0,9223372036800000000,1,0,10,0,0,3,0,0,1,500,0,0,1,3,-1,100,0,0,2,2,0,1,-1,-1,-1,-1,-1,10,-1,1,1,3,-1,-1,-1,0,0,1,0,0,10,0,0,0,18.61
1,0,0,0,-1,0,1,4,0,0,0,0,3,2,0,-1,0,1,1,2,2,3,0,16,150,0,9223372036800000000,240,0,10,0,0,3,0,0,1,500,0,0,1,3,-1,100,0,0,2,2,0,1,-1,-1,-1,-1,-1,10,-1,1,1,3,-1,-1,-1,0,0,1,0,0,10,0,0,0,18.61
1,0,0,0,-1,0,1,4,0,0,0,0,3,-1,0,2,-1,-1,-1,-1,-1,0,0,-1,100,0,9223372036800000000,0,0,10,0,0,10,1,1,1,40,0,1,1,1,2,-1,0,0,2,2,0,1,-1,-1,-1,-1,-1,10,-1,1,1,3,-1,-1,-1,0,0,1,1,0,10,0,0,0,5.96
1,0,0,0,-1,0,1,4,0,0,0,0,3,2,0,-1,0,1,-1,2,2,3,0,16,150,0,9223372036800000000,1,0,10,0,0,3,0,0,1,500,0,0,1,3,-1,100,0,0,2,2,0,1,-1,-1,-1,-1,-1,10,-1,1,1,3,-1,-1,-1,0,0,1,0,0,10,0,0,0,19.48
1,0,0,0,-1,0,1,4,0,0,0,0,3,2,0,-1,0,1,1,2,2,3,0,16,150,0,9223372036800000000,1,0,10,0,0,3,0,0,1,500,0,0,1,3,-1,20,0,0,2,2,0,1,-1,-1,-1,-1,-1,10,-1,1,1,3,-1,-1,-1,0,0,1,0,0,10,0,0,0,18.61
1,0,0,0,-1,0,1,4,0,0,0,0,3,2,0,-1,0,1,1,2,2,3,0,16,150,0,9223372036800000000,50,0,10,0,0,3,0,0,1,500,0,0,1,3,-1,100,0,0,2,2,0,1,-1,-1,-1,-1,-1,10,-1,1,1,3,-1,-1,-1,0,0,1,0,0,10,0,0,0,18.61
1,0,0,0,-1,0,1,4,0,0,0,0,3,2,0,-1,2,1,1,2,2,3,0,16,150,0,9223372036800000000,1,0,10,0,0,3,0,0,1,500,0,0,1,-1,-1,100,0,0,2,2,0,1,-1,-1,-1,-1,-1,10,-1,1,1,3,-1,-1,-1,0,0,1,0,0,10,0,0,0,20.91
1,0,0,0,-1,0,1,3,0,0,0,0,-1,2,0,-1,1,0,1,1,-1,3,0,2,200,0,9223372036800000000,30,0,10,0,0,15,1,2,1,100,0,1,1,-1,0,0,0,0,1,2,0,1,-1,-1,-1,-1,0,10,-1,1,1,3,-1,-1,-1,0,0,1,2,0,10,0,0,0,13.63
1,0,0,0,-1,0,1,4,0,0,0,0,3,2,0,-1,0,1,1,2,2,3,0,16,150,0,9223372036800000000,1,0,10,0,0,3,0,0,1,500,0,0,1,3,-1,100,0,0,2,2,0,1,-1,-1,-1,-1,-1,10,-1,1,1,3,-1,-1,-1,0,0,1,0,0,10,0,0,0,18.61
1,0,0,0,-1,0,1,4,0,0,0,0,3,2,0,-1,0,1,1,2,2,3,0,16,150,0,9223372036800000000,1,0,10,0,0,3,0,0,1,500,0,0,1,-1,-1,100,0,0,2,2,0,1,-1,-1,-1,-1,-1,10,-1,1,1,3,-1,-1,-1,0,0,1,0,0,10,0,0,0,20.91
1,0,0,0,-1,0,1,4,0,0,0,0,3,2,0,-1,0,1,1,2,2,3,0,16,150,0,9223372036800000000,1,0,10,0,0,3,0,0,1,500,0,0,1,-1,-1,100,0,0,-1,2,0,1,-1,-1,-1,-1,-1,10,-1,1,1,3,-1,-1,-1,0,0,1,0,0,10,0,0,0,21.02
1,0,0,0,-1,0,1,5,0,0,0,0,-1,0,-1,-1,2,1,2,0,2,3,0,1,10,0,9223372036800000000,20,0,10,0,0,3,-1,1,1,20,0,0,1,-1,-1,1000,0,0,-1,2,0,1,-1,-1,-1,-1,-1,10,-1,1,1,3,-1,-1,-1,0,0,1,0,0,10,0,0,0,29.94
1,0,0,0,-1,0,1,1,0,0,0,0,1,1,1,2,0,1,2,1,2,3,0,4,25,0,9223372036800000000,0,0,10,0,0,5,1,0,1,100,0,3,1,3,1,1000,0,5,0,2,0,1,-1,1,-1,-1,0,10,-1,1,1,3,-1,-1,-1,0,0,1,1,0,10,0,0,0,27.62
1,0,0,0,-1,0,1,4,0,0,0,0,3,2,0,-1,0,1,1,2,2,3,0,16,150,0,9223372036800000000,1,0,10,0,0,3,0,0,1,500,0,0,1,0,-1,100,0,0,-1,2,0,1,-1,-1,-1,-1,-1,10,-1,1,1,3,-1,-1,-1,0,0,1,0,0,10,0,0,0,22.9
1,0,0,0,-1,0,1,0,0,0,0,0,0,3,1,2,0,1,1,2,1,3,0,2,25,0,9223372036800000000,120,0,10,0,0,2,1,2,1,20,0,1,1,1,-1,0,0,0,3,2,0,1,-1,-1,-1,-1,0,10,-1,1,1,3,-1,-1,-1,0,0,1,0,0,10,0,0,0,13.04
1,0,0,0,-1,0,1,0,0,0,0,0,3,2,-1,2,0,2,1,0,0,3,0,16,100,0,9223372036800000000,2,0,10,0,0,5,0,2,1,40,0,2,1,1,1,0,0,2,4,2,0,1,-1,-1,-1,-1,1,10,-1,1,1,3,-1,-1,-1,0,0,1,5,0,10,0,0,0,20.16
1,0,0,0,-1,0,1,0,0,0,0,0,0,3,1,2,0,1,1,2,1,3,0,2,25,0,9223372036800000000,50,0,10,0,0,2,1,2,1,20,0,1,1,1,-1,0,0,0,3,2,0,1,-1,-1,-1,-1,0,10,-1,1,1,3,-1,-1,-1,0,0,1,0,0,10,0,0,0,13.04
1,0,0,0,-1,0,1,0,0,0,0,0,0,1,1,2,0,1,1,2,1,3,0,2,25,0,9223372036800000000,5,0,10,0,0,2,1,2,1,20,0,1,1,1,-1,0,0,0,3,2,0,1,-1,-1,-1,-1,0,10,-1,1,1,3,-1,-1,-1,0,0,1,0,0,10,0,0,0,13.88
1,0,0,0,-1,0,1,0,0,0,0,0,0,1,1,2,0,1,1,2,1,3,0,2,25,0,9223372036800000000,50,0,10,0,0,2,-1,2,1,20,0,1,1,1,-1,0,0,0,3,2,0,1,-1,-1,-1,-1,0,10,-1,1,1,3,-1,-1,-1,0,0,1,0,0,10,0,0,0,14.47
1,0,0,0,-1,0,1,2,0,0,0,0,2,2,0,2,0,1,1,0,0,3,0,2,100,0,9223372036800000000,5,0,10,0,0,7,-1,2,1,1000,0,3,1,0,0,0,0,0,1,2,0,1,-1,-1,-1,-1,-1,10,-1,1,1,3,-1,-1,-1,0,0,1,0,0,10,0,0,0,20.81
1,0,0,0,-1,0,1,0,0,0,0,0,0,1,1,2,0,1,1,2,1,3,0,2,25,0,9223372036800000000,50,0,10,0,0,2,1,2,1,20,0,1,1,1,-1,1000,0,0,3,2,0,1,-1,-1,-1,-1,0,10,-1,1,1,3,-1,-1,-1,0,0,1,0,0,10,0,0,0,16.92
1,0,0,0,-1,0,1,0,0,0,0,0,0,1,0,2,0,1,1,2,1,3,0,2,25,0,9223372036800000000,50,0,10,0,0,2,1,2,1,20,0,1,1,1,-1,0,0,0,3,2,0,1,-1,-1,-1,-1,0,10,-1,1,1,3,-1,-1,-1,0,0,1,0,0,10,0,0,0,13.88
1,0,0,0,-1,0,1,0,0,0,0,0,0,1,1,2,0,1,1,2,1,3,0,2,25,0,9223372036800000000,50,0,10,0,0,2,1,2,1,20,0,1,1,1,-1,0,0,0,3,2,0,1,-1,-1,-1,-1,0,10,-1,1,1,3,-1,-1,-1,0,0,1,0,0,10,0,0,0,13.88
1,0,0,0,-1,0,1,0,0,0,0,0,0,1,1,2,0,1,1,2,1,3,0,2,25,0,9223372036800000000,50,0,10,0,0,2,1,2,1,20,0,1,1,0,0,200,0,0,3,2,0,1,-1,-1,-1,-1,0,10,-1,1,1,3,-1,-1,-1,0,0,1,0,0,10,0,0,0,14.49
1,0,0,0,-1,0,1,0,0,0,0,0,0,1,1,2,0,1,1,2,1,3,0,2,25,0,9223372036800000000,50,0,10,0,0,2,0,2,1,20,0,1,1,3,0,0,0,0,3,2,0,1,-1,-1,-1,-1,1,10,-1,1,1,3,-1,-1,-1,0,0,1,0,0,10,0,0,0,17.27
1,0,0,0,-1,0,1,0,0,0,0,0,3,1,1,2,0,1,1,2,1,3,0,2,25,0,9223372036800000000,50,0,10,0,0,2,0,2,1,20,0,1,1,3,0,0,0,0,3,2,0,1,-1,-1,-1,-1,0,10,-1,1,1,3,-1,-1,-1,0,0,1,0,0,10,0,0,0,15.99
1,0,0,0,-1,0,1,0,0,0,0,0,0,1,1,2,0,1,1,2,1,3,0,2,25,0,9223372036800000000,10,0,10,0,0,2,0,2,1,20,0,1,1,3,0,0,0,0,3,2,0,1,-1,-1,-1,-1,0,10,-1,1,1,3,-1,-1,-1,0,0,1,0,0,10,0,0,0,15.99
1,0,0,0,-1,0,1,0,0,0,0,0,0,1,-1,2,0,1,1,2,1,3,0,2,25,0,9223372036800000000,50,0,10,0,0,2,0,2,1,20,0,1,1,3,0,0,0,0,3,2,0,1,-1,-1,-1,-1,0,10,-1,1,1,3,-1,-1,-1,0,0,1,0,0,10,0,0,0,15.99
1,0,0,0,-1,0,1,0,0,0,0,0,0,1,1,2,0,1,1,-1,1,3,0,2,25,0,9223372036800000000,50,0,10,0,0,2,0,2,1,20,0,1,1,3,0,0,0,0,3,2,0,1,-1,-1,-1,-1,0,10,-1,1,1,3,-1,-1,-1,0,0,1,0,0,10,0,0,0,18.06
1,0,0,0,-1,0,1,0,0,0,0,0,0,1,1,2,0,1,1,0,1,3,0,2,25,0,9223372036800000000,50,0,10,0,0,2,0,2,1,20,0,1,1,3,0,0,0,0,3,2,0,1,-1,-1,-1,-1,0,10,-1,1,1,3,-1,-1,-1,0,0,1,0,0,10,0,0,0,18.17
1,0,0,0,-1,0,1,0,0,0,0,0,0,1,1,2,0,1,1,2,1,3,0,16,25,0,9223372036800000000,50,0,10,0,0,2,0,2,1,20,0,1,1,3,0,0,0,0,3,2,0,1,-1,-1,-1,-1,0,10,-1,1,1,3,-1,-1,-1,0,0,1,0,0,10,0,0,0,16.32
1,0,0,0,-1,0,1,0,0,0,0,0,-1,0,-1,2,0,0,-1,0,1,3,0,2,10,0,9223372036800000000,240,0,10,0,0,2,1,2,1,100,0,3,1,-1,-1,1000,0,0,-1,2,0,1,-1,-1,-1,-1,-1,10,-1,1,1,3,-1,-1,-1,0,0,1,0,0,10,0,0,0,22.34
1,0,0,0,-1,0,1,0,0,0,0,0,0,1,1,2,0,1,1,2,1,3,0,2,25,0,9223372036800000000,50,0,10,0,0,2,0,2,1,20,0,1,1,3,0,0,0,0,3,2,0,1,-1,-1,-1,-1,0,10,-1,1,1,3,-1,-1,-1,0,0,1,0,0,10,0,0,0,15.99
1,0,0,0,-1,0,1,0,0,0,0,0,0,-1,0,1,-1,1,0,1,1,3,0,1,100,0,9223372036800000000,240,0,10,0,0,2,1,2,1,500,0,1,1,1,-1,-1,0,0,2,2,0,1,-1,-1,-1,-1,0,10,-1,1,1,3,-1,-1,-1,0,0,1,0,0,10,0,0,0,6.64
1,0,0,0,-1,0,1,0,0,0,0,0,0,1,0,1,-1,1,0,1,1,3,0,1,100,0,9223372036800000000,240,0,10,0,0,2,1,2,1,500,0,1,1,1,-1,60,0,0,2,2,0,1,-1,-1,-1,-1,0,10,-1,1,1,3,-1,-1,-1,0,0,1,0,0,10,0,0,0,7.02
1,0,0,0,-1,0,1,2,0,0,0,0,-1,1,1,-1,2,0,-1,1,-1,3,0,-1,10,0,9223372036800000000,1e+75,0,10,0,0,7,0,0,1,0,0,0,1,0,-1,0,0,0,0,2,0,1,-1,-1,-1,-1,0,10,-1,1,1,3,-1,-1,-1,0,0,1,0,0,10,0,0,0,20.16
1,0,0,0,-1,0,1,5,0,0,0,0,-1,3,1,-1,2,-1,-1,1,-1,3,0,-1,200,0,9223372036800000000,1e+75,0,10,0,0,7,0,2,1,0,0,3,1,0,2,0,0,0,1,2,0,1,-1,-1,-1,-1,0,10,-1,1,1,3,-1,-1,-1,0,0,1,0,0,10,0,0,0,21.49
1,0,0,0,-1,0,1,3,0,0,0,0,2,0,1,2,1,-1,-1,0,0,3,0,1,10,0,9223372036800000000,1e+75,0,10,0,0,7,0,1,1,40,0,1,1,0,-1,0,0,0,0,2,0,1,-1,-1,-1,-1,0,10,-1,1,1,3,-1,-1,-1,0,0,1,0,0,10,0,0,0,6.62
1,0,0,0,-1,0,1,4,0,0,0,0,-1,3,1,1,2,0,1,-1,2,3,0,-1,100,0,9223372036800000000,1e+75,0,10,0,0,7,0,2,1,0,0,1,1,0,1,0,0,0,-1,2,0,1,-1,-1,-1,-1,0,10,-1,1,1,3,-1,-1,-1,0,0,1,0,0,10,0,0,0,19.98
1,0,0,0,-1,0,1,5,0,0,0,0,-1,3,1,-1,2,-1,-1,1,-1,3,0,-1,200,0,9223372036800000000,1e+75,0,10,0,0,7,0,1,1,0,0,3,1,0,2,0,0,0,0,2,0,1,-1,-1,-1,-1,0,10,-1,1,1,3,-1,-1,-1,0,0,1,0,0,10,0,0,0,22.04
1,0,0,0,-1,0,1,5,0,0,0,0,-1,3,1,2,2,-1,-1,1,-1,3,0,-1,200,0,9223372036800000000,1e+75,0,10,0,0,7,0,2,1,0,0,3,1,0,2,0,0,0,0,2,0,1,-1,-1,-1,-1,0,10,-1,1,1,3,-1,-1,-1,0,0,1,0,0,10,0,0,0,20.78
1,0,0,0,-1,0,1,0,0,0,0,0,0,0,0,2,2,0,2,0,0,3,0,-1,200,0,9223372036800000000,1e+75,0,10,0,0,7,0,0,1,0,0,1,1,0,0,0,0,0,0,2,0,1,-1,-1,-1,-1,0,10,-1,1,1,3,-1,-1,-1,0,0,1,0,0,10,0,0,0,15.18
1,0,0,0,-1,0,1,2,0,0,0,0,-1,1,1,0,2,0,-1,1,-1,3,0,-1,10,0,9223372036800000000,1e+75,0,10,0,0,7,0,2,1,0,0,0,1,0,-1,0,0,0,0,2,0,1,-1,-1,-1,-1,0,10,-1,1,1,3,-1,-1,-1,0,0,1,0,0,10,0,0,0,18.3
1,0,0,0,-1,0,1,0,0,0,0,0,2,0,0,0,2,1,0,0,1,3,0,4,400,0,9223372036800000000,5,0,10,0,0,7,0,3,1,20,0,3,1,2,-1,60,0,0,4,2,0,1,-1,-1,-1,-1,-1,10,-1,1,1,3,-1,-1,-1,0,0,1,0,0,10,0,0,0,18.68
1,0,0,0,-1,0,1,0,0,0,0,0,3,0,0,0,-1,0,0,2,0,3,0,-1,200,0,9223372036800000000,1e+75,0,10,0,0,7,0,3,1,0,0,1,1,0,-1,40,0,0,2,2,0,1,-1,-1,-1,-1,0,10,-1,1,1,3,-1,-1,-1,0,0,1,0,0,10,0,0,0,12.43
1,0,0,0,-1,0,1,5,0,0,0,0,1,3,1,-1,2,-1,0,1,-1,3,0,-1,200,0,9223372036800000000,1e+75,0,10,0,0,7,0,2,1,0,0,3,1,0,2,0,0,0,0,2,0,1,-1,-1,-1,-1,0,10,-1,1,1,3,-1,-1,-1,0,0,1,0,0,10,0,0,0,17.96
1,0,0,0,-1,0,1,4,0,0,0,0,0,3,1,1,2,0,1,-1,2,3,0,-1,100,0,9223372036800000000,1e+75,0,10,0,0,7,0,2,1,0,0,1,1,0,0,0,0,0,4,2,0,1,-1,-1,-1,-1,0,10,-1,1,1,3,-1,-1,-1,0,0,1,0,0,10,0,0,0,17.35
1,0,0,0,-1,0,1,2,0,0,0,0,-1,3,0,0,1,0,0,-1,1,3,0,-1,200,0,9223372036800000000,1e+75,0,10,0,0,7,0,1,1,0,0,0,1,0,0,0,0,0,4,2,0,1,-1,-1,-1,-1,0,10,-1,1,1,3,-1,-1,-1,0,0,1,0,0,10,0,0,0,23.91
1,0,0,0,-1,0,1,0,0,0,0,0,0,0,0,2,2,0,2,0,1,3,0,-1,10,0,9223372036800000000,1e+75,0,10,0,0,7,0,0,1,0,0,1,1,0,0,0,0,0,0,2,0,1,-1,-1,-1,-1,0,10,-1,1,1,3,-1,-1,-1,0,0,1,0,0,10,0,0,0,16.74
1,0,0,0,-1,0,1,4,0,0,0,0,3,0,-1,2,0,0,-1,2,-1,3,0,-1,800,0,9223372036800000000,1e+75,0,10,0,0,7,0,2,1,0,0,1,1,0,3,0,0,0,2,2,0,1,-1,-1,-1,-1,0,10,-1,1,1,3,-1,-1,-1,0,0,1,0,0,10,0,0,0,10.63
1,0,0,0,-1,0,1,1,0,0,0,0,1,-1,1,-1,0,-1,2,-1,1,3,0,16,400,0,9223372036800000000,60,0,10,0,0,3,0,1,1,40,0,1,1,-1,-1,20,0,0,2,2,0,1,-1,-1,-1,-1,-1,10,-1,1,1,3,-1,-1,-1,0,0,1,0,0,10,0,0,0,22.87
1,0,0,0,-1,0,1,4,0,0,0,0,3,-1,-1,2,0,0,-1,2,1,3,0,-1,800,0,9223372036800000000,1e+75,0,10,0,0,7,0,2,1,0,0,1,1,0,3,0,0,0,2,2,0,1,-1,-1,-1,-1,0,10,-1,1,1,3,-1,-1,-1,0,0,1,0,0,10,0,0,0,11.23
1,0,0,0,-1,0,1,4,0,0,0,0,3,-1,-1,2,0,0,-1,2,-1,3,0,-1,150,0,9223372036800000000,1e+75,0,10,0,0,7,0,2,1,0,0,1,1,0,3,0,0,0,2,2,0,1,-1,-1,-1,-1,0,10,-1,1,1,3,-1,-1,-1,0,0,1,0,0,10,0,0,0,11.23
1,0,0,0,-1,0,1,2,0,0,0,0,-1,1,1,0,2,0,-1,1,-1,3,0,-1,800,0,9223372036800000000,1e+75,0,10,0,0,7,0,0,1,0,0,0,1,0,-1,0,0,0,0,2,0,1,-1,-1,-1,-1,0,10,-1,1,1,3,-1,-1,-1,0,0,1,0,0,10,0,0,0,18.76
1,0,0,0,-1,0,1,0,0,0,0,0,0,2,0,-1,2,1,2,2,2,3,0,8,25,0,9223372036800000000,120,0,10,0,0,3,1,0,1,0,0,2,1,0,-1,500,0,0,0,2,0,1,-1,-1,-1,-1,0,10,-1,1,1,3,-1,-1,-1,0,0,1,0,0,10,0,0,0,19.06
1,0,0,0,-1,0,1,4,0,0,0,0,0,1,0,2,1,0,-1,1,1,3,0,-1,100,0,9223372036800000000,1,0,10,0,0,10,0,3,1,500,0,2,1,-1,2,60,0,0,3,2,0,1,-1,-1,-1,-1,1,10,-1,1,1,3,-1,-1,-1,0,0,1,0,0,10,0,0,0,18.25
1,0,0,0,-1,0,1,4,0,0,0,0,3,-1,-1,2,0,0,-1,2,-1,3,0,-1,25,0,9223372036800000000,1e+75,0,10,0,0,7,0,2,1,0,0,1,1,0,3,0,0,0,2,2,0,1,-1,-1,-1,-1,0,10,-1,1,1,3,-1,-1,-1,0,0,1,0,0,10,0,0,0,12.48
1,0,0,0,-1,0,1,3,0,0,0,0,2,0,1,1,1,-1,-1,0,0,3,0,-1,10,0,9223372036800000000,1e+75,0,10,0,0,7,0,0,1,0,0,1,1,0,0,0,0,0,0,2,0,1,-1,-1,-1,-1,0,10,-1,1,1,3,-1,-1,-1,0,0,1,0,0,10,0,0,0,16.07
1,0,0,0,-1,0,1,5,0,0,0,0,3,-1,-1,2,0,1,-1,2,-1,3,0,-1,800,0,9223372036800000000,1e+75,0,10,0,0,7,0,2,1,0,0,1,1,0,3,0,0,0,2,2,0,1,-1,-1,-1,-1,0,10,-1,1,1,3,-1,-1,-1,0,0,1,0,0,10,0,0,0,17.29
1,0,0,0,-1,0,1,4,0,0,0,0,2,1,1,0,0,1,2,-1,2,3,0,-1,150,0,9223372036800000000,1e+75,0,10,0,0,7,0,2,1,0,0,3,1,0,1,0,0,0,0,2,0,1,-1,-1,-1,-1,0,10,-1,1,1,3,-1,-1,-1,0,0,1,0,0,10,0,0,0,20.28
1,0,0,0,-1,0,1,5,0,0,0,0,-1,3,1,-1,2,-1,-1,1,-1,3,0,-1,200,0,9223372036800000000,1e+75,0,10,0,0,7,0,2,1,0,0,3,1,0,2,0,0,0,3,2,0,1,-1,-1,-1,-1,0,10,-1,1,1,3,-1,-1,-1,0,0,1,0,0,10,0,0,0,21.1
1,0,0,0,-1,0,1,5,0,0,0,0,2,0,-1,-1,2,1,0,2,2,3,0,-1,200,0,9223372036800000000,1e+75,0,10,0,0,7,0,1,1,0,0,0,1,0,3,0,0,0,3,2,0,1,-1,-1,-1,-1,0,10,-1,1,1,3,-1,-1,-1,0,0,1,0,0,10,0,0,0,21.7
1,0,0,0,-1,0,1,4,0,0,0,0,3,-1,0,2,-1,-1,-1,-1,-1,3,0,-1,100,0,9223372036800000000,0,0,10,0,0,10,0,1,1,20,0,1,1,0,2,100,0,0,2,2,0,1,-1,-1,-1,-1,-1,10,-1,1,1,3,-1,-1,-1,0,0,1,0,0,10,0,0,0,13.93
1,0,0,0,-1,0,1,5,0,0,0,0,3,3,-1,-1,-1,0,1,1,2,3,0,-1,25,0,9223372036800000000,1e+75,0,10,0,0,7,0,3,1,0,0,2,1,0,3,0,0,0,4,2,0,1,-1,-1,-1,-1,0,10,-1,1,1,3,-1,-1,-1,0,0,1,0,0,10,0,0,0,19.29
1,0,0,0,-1,0,1,5,0,0,0,0,3,3,-1,-1,0,0,1,1,2,3,0,-1,25,0,9223372036800000000,1e+75,0,10,0,0,7,0,3,1,0,0,2,1,0,3,0,0,0,3,2,0,1,-1,-1,-1,-1,0,10,-1,1,1,3,-1,-1,-1,0,0,1,0,0,10,0,0,0,19.38
1,0,0,0,-1,0,1,1,0,0,0,0,1,-1,1,-1,0,-1,2,-1,1,3,0,16,400,0,9223372036800000000,60,0,10,0,0,3,0,2,1,100,0,1,1,-1,3,20,0,0,2,2,0,1,-1,-1,-1,-1,-1,10,-1,1,1,3,-1,-1,-1,0,0,1,0,0,10,0,0,0,21.72
1,0,0,0,-1,0,1,2,0,0,0,0,-1,1,1,0,2,0,-1,1,-1,3,0,-1,10,0,9223372036800000000,1e+75,0,10,0,0,7,0,0,1,0,0,0,1,0,-1,0,0,0,0,2,0,1,-1,-1,-1,-1,0,10,-1,1,1,3,-1,-1,-1,0,0,1,0,0,10,0,0,0,18.93
1,0,0,0,-1,0,1,4,0,0,0,0,3,-1,0,2,-1,-1,-1,-1,-1,3,0,-1,100,0,9223372036800000000,0,0,10,0,0,10,1,1,1,20,0,1,1,0,-1,-1,0,0,2,2,0,1,-1,-1,-1,-1,-1,10,-1,1,1,3,-1,-1,-1,0,0,1,0,0,10,0,0,0,9.76
1,0,0,0,-1,0,1,5,0,0,0,0,3,3,-1,-1,-1,0,0,1,2,3,0,-1,25,0,9223372036800000000,1e+75,0,10,0,0,7,0,3,1,0,0,2,1,0,3,0,0,0,3,2,0,1,-1,-1,-1,-1,0,10,-1,1,1,3,-1,-1,-1,0,0,1,0,0,10,0,0,0,19.56
1,0,0,0,-1,0,1,5,0,0,0,0,3,3,-1,-1,-1,0,-1,1,2,3,0,-1,25,0,9223372036800000000,1e+75,0,10,0,0,7,0,3,1,0,0,2,1,0,0,0,0,0,3,2,0,1,-1,-1,-1,-1,0,10,-1,1,1,3,-1,-1,-1,0,0,1,0,0,10,0,0,0,19.56
1,0,0,0,-1,0,1,0,0,0,0,0,0,2,-1,0,2,1,0,1,0,3,0,4,150,0,9223372036800000000,120,0,10,0,0,0,-1,2,1,20,0,1,1,-1,3,500,0,4,-1,2,0,1,-1,-1,-1,-1,0,10,-1,1,1,3,-1,-1,-1,0,0,1,3,0,10,0,0,0,21.78
1,0,0,0,-1,0,1,5,0,0,0,0,3,3,-1,-1,-1,0,-1,1,2,3,0,-1,800,0,9223372036800000000,1e+75,0,10,0,0,7,0,3,1,0,0,2,1,0,3,0,0,0,2,2,0,1,-1,-1,-1,-1,0,10,-1,1,1,3,-1,-1,-1,0,0,1,0,0,10,0,0,0,22.14
1,0,0,0,-1,0,1,0,0,0,0,0,-1,3,-1,1,2,1,2,0,0,3,0,-1,25,0,9223372036800000000,1e+75,0,10,0,0,7,0,1,1,0,0,1,1,0,1,0,0,0,1,2,0,1,-1,-1,-1,-1,0,10,-1,1,1,3,-1,-1,-1,0,0,1,0,0,10,0,0,0,13.77
1,0,0,0,-1,0,1,3,0,0,0,0,2,0,0,0,1,-1,-1,0,0,3,0,16,10,0,9223372036800000000,60,0,10,0,0,2,1,3,1,0,0,1,1,-1,3,100,0,2,1,2,0,1,-1,-1,-1,-1,-1,10,-1,1,1,3,-1,-1,-1,0,0,1,4,0,10,0,0,0,12.15
1,0,0,0,-1,0,1,0,0,0,0,0,-1,3,-1,1,-1,1,-1,0,0,3,0,-1,25,0,9223372036800000000,1e+75,0,10,0,0,7,0,1,1,0,0,1,1,0,1,0,0,0,1,2,0,1,-1,-1,-1,-1,0,10,-1,1,1,3,-1,-1,-1,0,0,1,0,0,10,0,0,0,15.24
1,0,0,0,-1,0,1,5,0,0,0,0,-1,1,1,-1,2,-1,-1,1,-1,3,0,-1,200,0,9223372036800000000,1e+75,0,10,0,0,7,0,2,1,0,0,3,1,0,2,0,0,0,0,2,0,1,-1,-1,-1,-1,0,10,-1,1,1,3,-1,-1,-1,0,0,1,0,0,10,0,0,0,19.27
1,0,0,0,-1,0,1,0,0,0,0,0,2,0,0,-1,2,1,2,2,-1,3,0,-1,200,0,9223372036800000000,1e+75,0,10,0,0,7,0,0,1,0,0,1,1,0,0,0,0,0,0,2,0,1,-1,-1,-1,-1,0,10,-1,1,1,3,-1,-1,-1,0,0,1,0,0,10,0,0,0,12.57
1,0,0,0,-1,0,1,5,0,0,0,0,-1,-1,-1,0,2,2,1,0,-1,3,0,4,25,0,9223372036800000000,0,0,10,0,0,4,-1,1,1,-1,0,3,1,-1,1,0,0,4,-1,2,0,1,-1,-1,-1,-1,-1,10,-1,1,1,3,-1,-1,-1,0,0,1,1,0,10,0,0,0,32.54
1,0,0,0,-1,0,1,0,0,0,0,0,-1,3,-1,1,-1,1,2,0,0,3,0,-1,25,0,9223372036800000000,1e+75,0,10,0,0,7,0,1,1,0,0,1,1,0,1,0,0,0,1,2,0,1,-1,-1,-1,-1,0,10,-1,1,1,3,-1,-1,-1,0,0,1,0,0,10,0,0,0,13.81
1,0,0,0,-1,0,1,2,0,0,0,0,3,0,1,0,0,0,-1,2,2,3,0,-1,25,0,9223372036800000000,1e+75,0,10,0,0,7,0,0,1,0,0,1,1,0,0,0,0,0,0,2,0,1,-1,-1,-1,-1,0,10,-1,1,1,3,-1,-1,-1,0,0,1,0,0,10,0,0,0,13.28
1,0,0,0,-1,0,1,0,0,0,0,0,-1,-1,-1,1,-1,0,2,0,0,3,0,-1,400,0,9223372036800000000,1e+75,0,10,0,0,7,0,1,1,0,0,1,1,0,1,0,0,0,1,2,0,1,-1,-1,-1,-1,0,10,-1,1,1,3,-1,-1,-1,0,0,1,0,0,10,0,0,0,15.32
1,0,0,0,-1,0,1,5,0,0,0,0,0,1,0,-1,2,1,1,2,1,3,0,4,50,0,9223372036800000000,2,0,10,0,0,0,-1,0,1,0,0,3,1,0,3,100,0,0,3,2,0,1,-1,-1,-1,-1,0,10,-1,1,1,3,-1,-1,-1,0,0,1,0,0,10,0,0,0,20.36
1,0,0,0,-1,0,1,4,0,0,0,0,3,-1,0,2,-1,-1,-1,-1,-1,3,0,-1,100,0,9223372036800000000,0,0,10,0,0,10,1,1,1,40,0,1,1,1,2,-1,0,0,2,2,0,1,-1,-1,-1,-1,-1,10,-1,1,1,3,-1,-1,-1,0,0,1,1,0,10,4,0,0,5.96
1,0,0,0,-1,0,1,5,0,0,0,0,3,-1,0,-1,0,2,1,-1,0,3,0,1,25,0,9223372036800000000,0,0,10,0,0,7,0,3,1,0,0,1,1,0,0,500,0,0,4,2,0,1,-1,-1,-1,-1,0,10,-1,1,1,3,-1,-1,-1,0,0,1,0,0,10,0,0,0,17
1,0,0,0,-1,0,1,4,0,0,0,0,3,-1,0,-1,0,1,1,2,2,3,0,16,150,0,9223372036800000000,1,0,10,0,0,3,0,0,1,500,0,0,1,3,-1,100,0,0,2,2,0,1,-1,-1,-1,-1,-1,10,-1,1,1,3,-1,-1,-1,0,0,1,0,0,10,0,0,0,20.95
1,0,0,0,-1,0,1,0,0,0,0,0,-1,3,-1,1,-1,0,2,0,0,3,0,-1,400,0,9223372036800000000,1e+75,0,10,0,0,7,0,1,1,0,0,1,1,0,1,0,0,0,1,2,0,1,-1,-1,-1,-1,0,10,-1,1,1,3,-1,-1,-1,0,0,1,0,0,10,0,0,0,15.23
1,0,0,0,-1,0,1,0,0,0,0,0,-1,3,-1,0,-1,0,1,0,0,3,0,-1,400,0,9223372036800000000,1e+75,0,10,0,0,7,0,1,1,0,0,1,1,0,1,0,0,0,1,2,0,1,-1,-1,-1,-1,0,10,-1,1,1,3,-1,-1,-1,0,0,1,0,0,10,0,0,0,15.98
1,0,0,0,-1,0,1,1,0,0,0,0,1,-1,0,2,-1,0,-1,2,0,3,0,-1,50,0,9223372036800000000,1e+75,0,10,0,0,7,0,2,1,0,0,2,1,0,0,0,0,0,1,2,0,1,-1,-1,-1,-1,0,10,-1,1,1,3,-1,-1,-1,0,0,1,0,0,10,0,0,0,20.38
1,0,0,0,-1,0,1,5,0,0,0,0,2,0,-1,-1,2,1,0,2,1,3,0,-1,100,0,9223372036800000000,1e+75,0,10,0,0,7,0,1,1,0,0,1,1,0,3,0,0,0,3,2,0,1,-1,-1,-1,-1,0,10,-1,1,1,3,-1,-1,-1,0,0,1,0,0,10,0,0,0,17.77
1,0,0,0,-1,0,1,2,0,0,0,0,0,0,-1,2,-1,1,0,1,0,3,0,-1,100,0,9223372036800000000,1e+75,0,10,0,0,7,0,0,1,0,0,1,1,0,0,0,0,0,0,2,0,1,-1,-1,-1,-1,0,10,-1,1,1,3,-1,-1,-1,0,0,1,0,0,10,0,0,0,18.79
1,0,0,0,-1,0,1,1,0,0,0,0,3,0,-1,-1,1,1,0,-1,0,3,0,-1,100,0,9223372036800000000,1e+75,0,10,0,0,7,0,0,1,0,0,1,1,0,0,0,0,0,0,2,0,1,-1,-1,-1,-1,0,10,-1,1,1,3,-1,-1,-1,0,0,1,0,0,10,0,0,0,21.68
1,0,0,0,-1,0,1,0,0,0,0,0,2,-1,1,1,-1,2,-1,0,-1,3,0,-1,400,0,9223372036800000000,1e+75,0,10,0,0,7,0,3,1,0,0,1,1,0,2,0,0,0,3,2,0,1,-1,-1,-1,-1,0,10,-1,1,1,3,-1,-1,-1,0,0,1,0,0,10,0,0,0,17.34
1,0,0,0,-1,0,1,2,0,0,0,0,1,1,1,1,0,0,-1,0,2,3,0,-1,25,0,9223372036800000000,1e+75,0,10,0,0,7,0,3,1,0,0,2,1,0,-1,0,0,0,2,2,0,1,-1,-1,-1,-1,0,10,-1,1,1,3,-1,-1,-1,0,0,1,0,0,10,0,0,0,18.36
1,0,0,0,-1,0,1,0,0,0,0,0,2,0,0,0,0,1,0,0,1,3,0,4,400,0,9223372036800000000,5,0,10,0,0,7,0,3,1,100,0,3,1,2,-1,60,0,0,4,2,0,1,-1,-1,-1,-1,-1,10,-1,1,1,3,-1,-1,-1,0,0,1,0,0,10,0,0,0,20.9
1,0,0,0,-1,0,1,2,0,0,0,0,1,1,1,1,0,0,-1,0,2,3,0,-1,25,0,9223372036800000000,1e+75,0,10,0,0,7,0,3,1,0,0,2,1,0,-1,0,0,0,0,2,0,1,-1,-1,-1,-1,0,10,-1,1,1,3,-1,-1,-1,0,0,1,0,0,10,0,0,0,18.05
1,0,0,0,-1,0,1,5,0,0,0,0,3,0,1,0,0,1,1,-1,1,3,0,-1,400,0,9223372036800000000,1e+75,0,10,0,0,7,0,0,1,0,0,1,1,0,0,0,0,0,0,2,0,1,-1,-1,-1,-1,0,10,-1,1,1,3,-1,-1,-1,0,0,1,0,0,10,0,0,0,17.9
1,0,0,0,-1,0,1,4,0,0,0,0,3,-1,-1,2,0,0,-1,2,-1,3,0,-1,800,0,9223372036800000000,1e+75,0,10,0,0,7,0,2,1,0,0,1,1,0,-1,0,0,0,2,2,0,1,-1,-1,-1,-1,0,10,-1,1,1,3,-1,-1,-1,0,0,1,0,0,10,0,0,0,13.57
1,0,0,0,-1,0,1,4,0,0,0,0,3,-1,0,2,-1,-1,-1,-1,-1,3,0,-1,100,0,9223372036800000000,0,0,10,0,0,10,1,1,1,40,0,1,1,1,2,-1,2,0,2,2,0,1,-1,-1,-1,-1,-1,10,-1,1,1,3,-1,-1,-1,0,0,1,0,0,10,0,0,0,6.25
1,0,0,0,-1,0,1,2,0,0,0,0,1,1,1,1,0,0,-1,0,-1,3,0,-1,25,0,9223372036800000000,1e+75,0,10,0,0,7,0,3,1,0,0,2,1,0,1,0,0,0,4,2,0,1,-1,-1,-1,-1,0,10,-1,1,1,3,-1,-1,-1,0,0,1,0,0,10,0,0,0,17.61
1,0,0,0,-1,0,1,0,0,0,0,0,-1,3,-1,-1,0,-1,0,-1,-1,3,0,16,200,0,9223372036800000000,40,0,10,0,0,7,-1,3,1,500,0,2,1,2,3,100,0,1,3,2,0,1,-1,0,-1,-1,0,10,-1,1,1,3,-1,-1,-1,0,0,1,5,0,10,0,0,0,24.55
1,0,0,0,-1,0,1,2,0,0,0,0,3,2,0,2,0,2,-1,1,2,3,0,8,25,0,9223372036800000000,0,0,10,0,0,3,-1,0,1,500,0,1,1,0,3,500,0,3,3,2,0,1,-1,-1,-1,-1,-1,10,-1,1,1,3,-1,-1,-1,0,0,1,1,0,10,0,0,0,17.25
1,0,0,0,-1,0,1,4,0,0,0,0,0,3,1,1,2,0,1,-1,2,3,0,-1,100,0,9223372036800000000,1e+75,0,10,0,0,7,0,2,1,0,0,1,1,0,1,0,0,0,-1,2,0,1,-1,-1,-1,-1,0,10,-1,1,1,3,-1,-1,-1,0,0,1,0,0,10,0,0,0,19.98
1,0,0,0,-1,0,1,2,0,0,0,0,1,1,1,1,0,0,-1,0,2,3,0,-1,25,0,9223372036800000000,1e+75,0,10,0,0,7,0,0,1,0,0,2,1,0,1,0,0,0,1,2,0,1,-1,-1,-1,-1,0,10,-1,1,1,3,-1,-1,-1,0,0,1,0,0,10,0,0,0,19.85
1,0,0,0,-1,0,1,0,0,0,0,0,3,0,0,0,-1,2,0,2,0,3,0,-1,200,0,9223372036800000000,1e+75,0,10,0,0,7,0,0,1,0,0,1,1,0,-1,0,0,0,2,2,0,1,-1,-1,-1,-1,0,10,-1,1,1,3,-1,-1,-1,0,0,1,0,0,10,0,0,0,15.02
1,0,0,0,-1,0,1,0,0,0,0,0,0,1,0,-1,0,2,-1,2,2,3,0,4,200,0,9223372036800000000,240,0,10,0,0,30,1,1,1,100,0,1,1,1,2,20,0,3,-1,2,0,1,-1,-1,-1,-1,0,10,-1,1,1,3,-1,-1,-1,0,0,1,4,0,10,0,0,0,22.45
1,0,0,0,-1,0,1,5,0,0,0,0,3,3,-1,-1,-1,1,1,1,2,3,0,-1,25,0,9223372036800000000,1e+75,0,10,0,0,7,0,3,1,0,0,2,1,0,3,0,0,0,3,2,0,1,-1,-1,-1,-1,0,10,-1,1,1,3,-1,-1,-1,0,0,1,0,0,10,0,0,0,20.52
1,0,0,0,-1,0,1,0,0,0,0,0,0,2,-1,0,2,1,0,1,0,3,0,4,25,0,9223372036800000000,120,0,10,0,0,0,-1,2,1,20,0,1,1,-1,2,500,0,4,-1,2,0,1,-1,-1,-1,-1,0,10,-1,1,1,3,-1,-1,-1,0,0,1,3,0,10,0,0,0,23.88
1,0,0,0,-1,0,1,2,0,0,0,0,1,1,1,1,0,0,0,0,2,3,0,-1,25,0,9223372036800000000,1e+75,0,10,0,0,7,0,0,1,0,0,2,1,0,1,0,0,0,4,2,0,1,-1,-1,-1,-1,0,10,-1,1,1,3,-1,-1,-1,0,0,1,0,0,10,0,0,0,18.64
1,0,0,0,-1,0,1,3,0,0,0,0,3,0,1,-1,0,1,2,1,-1,3,0,-1,150,0,9223372036800000000,1e+75,0,10,0,0,7,0,0,1,0,0,1,1,0,3,0,0,0,0,2,0,1,-1,-1,-1,-1,0,10,-1,1,1,3,-1,-1,-1,0,0,1,0,0,10,0,0,0,12.38
1,0,0,0,-1,0,1,1,0,0,0,0,0,0,-1,2,-1,1,0,1,0,3,0,-1,25,0,9223372036800000000,1e+75,0,10,0,0,7,0,0,1,0,0,1,1,0,0,0,0,0,0,2,0,1,-1,-1,-1,-1,0,10,-1,1,1,3,-1,-1,-1,0,0,1,0,0,10,0,0,0,21.92
1,0,0,0,-1,0,1,0,0,0,0,0,0,2,0,0,-1,-1,0,2,1,3,0,-1,200,0,9223372036800000000,60,0,10,0,0,3,0,2,1,20,0,3,1,1,3,0,0,3,3,2,0,1,-1,-1,-1,-1,1,10,-1,1,1,3,-1,-1,-1,0,0,1,4,0,10,0,0,0,22.73
1,0,0,0,-1,0,1,0,0,0,0,0,3,0,0,0,0,0,0,2,0,3,0,-1,200,0,9223372036800000000,1e+75,0,10,0,0,7,0,0,1,0,0,1,1,0,3,0,0,0,2,2,0,1,-1,-1,-1,-1,0,10,-1,1,1,3,-1,-1,-1,0,0,1,0,0,10,0,0,0,12.38
1,0,0,0,-1,0,1,5,0,0,0,0,0,1,0,2,2,0,-1,1,-1,3,0,-1,25,0,9223372036800000000,120,0,10,0,0,0,-1,3,1,0,0,0,1,0,3,40,0,0,3,2,0,1,-1,-1,-1,-1,0,10,-1,1,1,3,-1,-1,-1,0,0,1,0,0,10,0,0,0,19.21
1,0,0,0,-1,0,1,0,0,0,0,0,2,-1,0,1,2,0,-1,1,-1,3,0,-1,25,0,9223372036800000000,1e+75,0,10,0,0,7,0,3,1,0,0,1,1,0,1,0,0,0,0,2,0,1,-1,-1,-1,-1,0,10,-1,1,1,3,-1,-1,-1,0,0,1,0,0,10,0,0,0,15.18
1,0,0,0,-1,0,1,0,0,0,0,0,3,-1,0,-1,2,0,1,2,-1,3,0,4,100,0,9223372036800000000,10,0,10,0,0,30,0,2,1,0,0,1,1,3,3,40,0,0,1,2,0,1,-1,-1,-1,-1,-1,10,-1,1,1,3,-1,-1,-1,0,0,1,0,0,10,0,0,0,19.1
1,0,0,0,-1,0,1,0,0,0,0,0,0,-1,0,-1,0,2,-1,2,2,3,0,4,200,0,9223372036800000000,30,0,10,0,0,30,1,1,1,100,0,1,1,1,2,20,0,3,-1,2,0,1,-1,-1,-1,-1,0,10,-1,1,1,3,-1,-1,-1,0,0,1,4,0,10,0,0,0,22.45
1,0,0,0,-1,0,1,0,0,0,0,0,-1,3,-1,1,-1,0,2,0,0,3,0,-1,50,0,9223372036800000000,1e+75,0,10,0,0,7,0,1,1,0,0,1,1,0,1,0,0,0,1,2,0,1,-1,-1,-1,-1,0,10,-1,1,1,3,-1,-1,-1,0,0,1,0,0,10,0,0,0,15.38
1,0,0,0,-1,0,1,3,0,0,0,0,-1,2,0,-1,1,0,1,1,-1,3,0,2,200,0,9223372036800000000,30,0,10,0,0,15,1,2,1,100,0,1,1,-1,0,1000,0,0,1,2,0,1,-1,-1,-1,-1,0,10,-1,1,1,3,-1,-1,-1,0,0,1,3,0,10,0,0,0,15.04
1,0,0,0,-1,0,1,0,0,0,0,0,2,2,0,-1,2,0,-1,1,-1,3,0,-1,25,0,9223372036800000000,1e+75,0,10,0,0,7,0,3,1,0,0,1,1,0,1,0,0,0,0,2,0,1,-1,-1,-1,-1,0,10,-1,1,1,3,-1,-1,-1,0,0,1,0,0,10,0,0,0,18.9
1,0,0,0,-1,0,1,5,0,0,0,0,3,-1,-1,-1,2,-1,1,-1,1,3,0,16,10,0,9223372036800000000,50,0,10,0,0,2,0,3,1,0,0,1,1,0,0,40,0,0,0,2,0,1,-1,-1,-1,-1,0,10,-1,1,1,3,-1,-1,-1,0,0,1,0,0,10,0,0,0,16.31
1,0,0,0,-1,0,1,0,0,0,0,0,-1,3,-1,1,-1,1,2,0,0,3,0,-1,25,0,9223372036800000000,1e+75,0,10,0,0,7,0,1,1,0,0,1,1,0,1,0,0,0,3,2,0,1,-1,-1,-1,-1,0,10,-1,1,1,3,-1,-1,-1,0,0,1,0,0,10,0,0,0,16.1
1,0,0,0,-1,0,1,4,0,0,0,0,1,0,1,0,0,0,-1,2,2,3,0,-1,25,0,9223372036800000000,1e+75,0,10,0,0,7,0,0,1,0,0,1,1,0,0,0,0,0,0,2,0,1,-1,-1,-1,-1,0,10,-1,1,1,3,-1,-1,-1,0,0,1,0,0,10,0,0,0,15.58
1,0,0,0,-1,0,1,0,0,0,0,0,2,2,0,1,2,0,-1,1,-1,3,0,-1,25,0,9223372036800000000,1e+75,0,10,0,0,7,0,3,1,0,0,1,1,0,0,0,0,0,0,2,0,1,-1,-1,-1,-1,0,10,-1,1,1,3,-1,-1,-1,0,0,1,0,0,10,0,0,0,14.74
1,0,0,0,-1,0,1,0,0,0,0,0,-1,1,0,1,-1,1,0,-1,-1,3,0,8,800,0,9223372036800000000,60,0,10,0,0,15,0,0,1,100,0,1,1,1,-1,100,0,1,1,2,0,1,-1,0,-1,-1,0,10,-1,1,1,3,-1,-1,-1,0,0,1,2,0,10,0,0,0,15.92
1,0,0,0,-1,0,1,5,0,0,0,0,3,1,0,2,2,-1,1,0,-1,3,0,-1,10,0,9223372036800000000,20,0,10,0,0,15,-1,2,1,0,0,1,1,-1,1,-1,0,2,2,2,0,1,-1,-1,-1,-1,1,10,-1,1,1,3,-1,-1,-1,0,0,1,0,0,10,0,0,0,17.05
1,0,0,0,-1,0,1,4,0,0,0,0,3,-1,-1,2,0,0,-1,2,-1,3,0,-1,800,0,9223372036800000000,1e+75,0,10,0,0,7,0,2,1,0,0,1,1,0,3,0,0,0,3,2,0,1,-1,-1,-1,-1,0,10,-1,1,1,3,-1,-1,-1,0,0,1,0,0,10,0,0,0,13.99
1,0,0,0,-1,0,1,0,0,0,0,0,3,0,0,0,-1,0,0,2,0,3,0,-1,200,0,9223372036800000000,1e+75,0,10,0,0,7,0,0,1,0,0,1,1,0,0,0,0,0,1,2,0,1,-1,-1,-1,-1,0,10,-1,1,1,3,-1,-1,-1,0,0,1,0,0,10,0,0,0,14.17
1,0,0,0,-1,0,1,3,0,0,0,0,2,3,1,2,1,-1,-1,0,0,3,0,-1,10,0,9223372036800000000,1e+75,0,10,0,0,7,0,0,1,0,0,1,1,0,-1,0,0,0,0,2,0,1,-1,-1,-1,-1,0,10,-1,1,1,3,-1,-1,-1,0,0,1,0,0,10,0,0,0,10.29
1,0,0,0,-1,0,1,0,0,0,0,0,3,0,0,0,-1,0,0,2,0,3,0,-1,200,0,9223372036800000000,50,0,10,0,0,7,0,3,1,0,0,1,1,0,-1,1000,0,0,2,2,0,1,-1,-1,-1,-1,0,10,-1,1,1,3,-1,-1,-1,0,0,1,0,0,10,0,0,0,11.8
1,0,0,0,-1,0,1,2,0,0,0,0,-1,1,1,-1,2,0,-1,1,-1,3,0,-1,10,0,9223372036800000000,1e+75,0,10,0,0,7,0,0,1,0,0,0,1,0,0,0,0,0,0,2,0,1,-1,-1,-1,-1,0,10,-1,1,1,3,-1,-1,-1,0,0,1,0,0,10,0,0,0,19.98
1,0,0,0,-1,0,1,5,0,0,0,0,3,1,1,2,2,-1,1,0,-1,3,0,-1,10,0,9223372036800000000,20,0,10,0,0,15,-1,2,1,100,0,1,1,-1,1,-1,0,2,2,2,0,1,-1,-1,-1,-1,1,10,-1,1,1,3,-1,-1,-1,0,0,1,0,0,10,0,0,0,17.49
1,0,0,0,-1,0,1,4,0,0,0,0,1,2,0,2,-1,-1,1,1,0,3,0,2,200,0,9223372036800000000,30,0,10,0,0,7,1,3,1,0,0,1,1,0,2,-1,0,0,1,2,0,1,-1,-1,-1,-1,0,10,-1,1,1,3,-1,-1,-1,0,0,1,0,0,10,0,0,0,16.22
1,0,0,0,-1,0,1,0,0,0,0,0,2,2,0,1,2,0,-1,1,-1,3,0,-1,25,0,9223372036800000000,1e+75,0,10,0,0,7,0,3,1,0,0,1,1,0,1,0,0,0,0,2,0,1,-1,-1,-1,-1,0,10,-1,1,1,3,-1,-1,-1,0,0,1,0,0,10,0,0,0,14.74
1,0,0,0,-1,0,1,5,0,0,0,0,0,2,-1,0,2,1,0,1,0,3,0,4,150,0,9223372036800000000,120,0,10,0,0,0,-1,2,1,20,0,1,1,-1,2,500,0,4,-1,2,0,1,-1,-1,-1,-1,0,10,-1,1,1,3,-1,-1,-1,0,0,1,3,0,10,0,0,0,23.47
1,0,0,0,-1,0,1,0,0,0,0,0,2,2,0,1,2,0,-1,1,-1,3,0,-1,100,0,9223372036800000000,1e+75,0,10,0,0,7,0,3,1,0,0,1,1,0,1,0,0,0,0,2,0,1,-1,-1,-1,-1,0,10,-1,1,1,3,-1,-1,-1,0,0,1,0,0,10,0,0,0,15.78
1,0,0,0,-1,0,1,3,0,0,0,0,-1,0,-1,0,2,-1,2,2,1,3,0,-1,100,0,9223372036800000000,1e+75,0,10,0,0,7,0,0,1,0,0,1,1,0,-1,0,0,0,0,2,0,1,-1,-1,-1,-1,0,10,-1,1,1,3,-1,-1,-1,0,0,1,0,0,10,0,0,0,11.8
1,0,0,0,-1,0,1,0,0,0,0,0,2,0,0,1,0,2,2,1,1,3,0,-1,10,0,9223372036800000000,1e+75,0,10,0,0,7,0,0,1,0,0,1,1,0,3,0,0,0,0,2,0,1,-1,-1,-1,-1,0,10,-1,1,1,3,-1,-1,-1,0,0,1,0,0,10,0,0,0,17.58
1,0,0,0,-1,0,1,1,0,0,0,0,1,0,0,2,0,0,-1,2,0,3,0,-1,50,0,9223372036800000000,1e+75,0,10,0,0,7,0,2,1,0,0,2,1,0,0,0,0,0,1,2,0,1,-1,-1,-1,-1,0,10,-1,1,1,3,-1,-1,-1,0,0,1,0,0,10,0,0,0,21.35
1,0,0,0,-1,0,1,4,0,0,0,0,3,-1,0,2,-1,-1,-1,-1,-1,3,0,8,100,0,9223372036800000000,0,0,10,0,0,10,1,1,1,40,0,1,1,1,2,-1,0,0,2,2,0,1,-1,-1,-1,-1,-1,10,-1,1,1,3,-1,-1,-1,0,0,1,0,0,10,0,0,0,6.25
1,0,0,0,-1,0,1,1,0,0,0,0,1,-1,0,2,0,0,-1,2,0,3,0,-1,50,0,9223372036800000000,1e+75,0,10,0,0,7,0,2,1,0,0,2,1,0,0,0,0,0,0,2,0,1,-1,-1,-1,-1,0,10,-1,1,1,3,-1,-1,-1,0,0,1,0,0,10,0,0,0,19.81
1,0,0,0,-1,0,1,3,0,0,0,0,2,0,0,0,1,-1,-1,0,0,3,0,16,10,0,9223372036800000000,1e+75,0,10,0,0,2,1,3,1,0,0,1,1,-1,3,100,0,2,0,2,0,1,-1,-1,-1,-1,-1,10,-1,1,1,3,-1,-1,-1,0,0,1,4,0,10,0,0,0,14.04
1,0,0,0,-1,0,1,0,0,0,0,0,3,0,0,0,-1,0,0,2,0,3,0,-1,200,0,9223372036800000000,1e+75,0,10,0,0,7,0,3,1,0,0,1,1,0,-1,60,0,0,2,2,0,1,-1,-1,-1,-1,0,10,-1,1,1,3,-1,-1,-1,0,0,1,0,0,10,0,0,0,11.86
1,0,0,0,-1,0,1,4,0,0,0,0,3,-1,-1,0,0,0,-1,2,-1,3,0,-1,800,0,9223372036800000000,1e+75,0,10,0,0,7,0,2,1,0,0,1,1,0,3,0,0,0,2,2,0,1,-1,-1,-1,-1,0,10,-1,1,1,3,-1,-1,-1,0,0,1,0,0,10,0,0,0,12.69
1,0,0,0,-1,0,1,1,0,0,0,0,1,-1,0,2,0,0,-1,2,0,3,0,-1,50,0,9223372036800000000,1e+75,0,10,0,0,7,0,2,1,0,0,2,1,0,1,0,0,0,1,2,0,1,-1,-1,-1,-1,0,10,-1,1,1,3,-1,-1,-1,0,0,1,0,0,10,0,0,0,20.38
1,0,0,0,-1,0,1,1,0,0,0,0,1,-1,0,2,0,0,-1,2,0,3,0,-1,50,0,9223372036800000000,1e+75,0,10,0,0,7,0,2,1,0,0,2,1,0,0,0,0,0,-1,2,0,1,-1,-1,-1,-1,0,10,-1,1,1,3,-1,-1,-1,0,0,1,0,0,10,0,0,0,22.73
1,0,0,0,-1,0,1,2,0,0,0,0,-1,3,0,1,0,0,1,1,0,3,0,16,800,0,9223372036800000000,50,0,10,0,0,4,0,0,1,0,0,1,1,0,3,0,0,0,0,2,0,1,-1,-1,-1,-1,0,10,-1,1,1,3,-1,-1,-1,0,0,1,0,0,10,0,0,0,15.54
1,0,0,0,-1,0,1,1,0,0,0,0,1,-1,0,2,0,-1,-1,2,0,3,0,-1,50,0,9223372036800000000,1e+75,0,10,0,0,7,0,2,1,0,0,2,1,0,0,0,0,0,1,2,0,1,-1,-1,-1,-1,0,10,-1,1,1,3,-1,-1,-1,0,0,1,0,0,10,0,0,0,21.33
1,0,0,0,-1,0,1,2,0,0,0,0,3,2,0,1,0,2,-1,1,2,3,0,8,25,0,9223372036800000000,0,0,10,0,0,3,-1,0,1,500,0,1,1,0,3,-1,0,3,3,2,0,1,-1,-1,-1,-1,-1,10,-1,1,1,3,-1,-1,-1,0,0,1,5,0,10,0,0,0,17
1,0,0,0,-1,0,1,0,0,0,0,0,-1,1,1,0,2,0,-1,1,-1,3,0,-1,10,0,9223372036800000000,1e+75,0,10,0,0,7,0,0,1,0,0,0,1,0,-1,0,0,0,0,2,0,1,-1,-1,-1,-1,0,10,-1,1,1,3,-1,-1,-1,0,0,1,0,0,10,0,0,0,19.76
1,0,0,0,-1,0,1,1,0,0,0,0,1,-1,0,2,2,0,-1,2,0,3,0,-1,50,0,9223372036800000000,1e+75,0,10,0,0,7,0,2,1,0,0,2,1,0,0,0,0,0,1,2,0,1,-1,-1,-1,-1,0,10,-1,1,1,3,-1,-1,-1,0,0,1,0,0,10,0,0,0,20.38
1,0,0,0,-1,0,1,0,0,0,0,0,2,2,0,1,2,0,-1,1,-1,3,0,-1,800,0,9223372036800000000,1e+75,0,10,0,0,7,0,3,1,0,0,1,1,0,1,0,0,0,0,2,0,1,-1,-1,-1,-1,0,10,-1,1,1,3,-1,-1,-1,0,0,1,0,0,10,0,0,0,15.78
1,0,0,0,-1,0,1,5,0,0,0,0,2,0,-1,-1,2,-1,0,2,2,3,0,-1,100,0,9223372036800000000,1e+75,0,10,0,0,7,0,1,1,0,0,0,1,0,3,0,0,0,3,2,0,1,-1,-1,-1,-1,0,10,-1,1,1,3,-1,-1,-1,0,0,1,0,0,10,0,0,0,22.12
1,0,0,0,-1,0,1,5,0,0,0,0,2,-1,1,0,1,0,-1,-1,0,3,0,16,100,0,9223372036800000000,30,0,10,0,0,7,0,3,1,-1,0,1,1,1,3,500,0,4,3,2,0,1,-1,-1,-1,-1,1,10,-1,1,1,3,-1,-1,-1,0,0,1,3,0,10,0,0,0,16.28
1,0,0,0,-1,0,1,4,0,0,0,0,3,2,0,-1,0,1,1,2,0,3,0,16,150,0,9223372036800000000,1,0,10,0,0,3,0,0,1,500,0,0,1,-1,-1,100,0,0,2,2,0,1,-1,-1,-1,-1,-1,10,-1,1,1,3,-1,-1,-1,0,0,1,0,0,10,0,0,0,20.91
1,0,0,0,-1,0,1,5,0,0,0,0,3,-1,0,-1,0,2,1,-1,0,3,0,2,25,0,9223372036800000000,0,0,10,0,0,7,0,3,1,0,0,1,1,0,0,0,0,0,4,2,0,1,-1,-1,-1,-1,0,10,-1,1,1,3,-1,-1,-1,0,0,1,0,0,10,0,0,0,17.98
1,0,0,0,-1,0,1,3,0,0,0,0,-1,2,0,-1,1,0,1,1,-1,3,0,4,200,0,9223372036800000000,30,0,10,0,0,15,1,2,1,100,0,1,1,-1,0,1000,0,0,1,2,0,1,-1,-1,-1,-1,0,10,-1,1,1,3,-1,-1,-1,0,0,1,3,0,10,0,0,0,15.64
1,0,0,0,-1,0,1,5,0,0,0,0,2,1,0,2,-1,-1,0,1,1,3,0,1,50,0,9223372036800000000,20,0,10,0,0,4,1,2,1,0,0,1,1,0,2,0,0,0,0,2,0,1,-1,-1,-1,-1,0,10,-1,1,1,3,-1,-1,-1,0,0,1,0,0,10,0,0,0,12.63
1,0,0,0,-1,0,1,4,0,0,0,0,0,2,1,1,2,0,1,-1,2,3,0,-1,100,0,9223372036800000000,1e+75,0,10,0,0,7,0,1,1,0,0,1,1,0,1,0,0,0,4,2,0,1,-1,-1,-1,-1,0,10,-1,1,1,3,-1,-1,-1,0,0,1,0,0,10,0,0,0,16.5
1,0,0,0,-1,0,1,0,0,0,0,0,0,2,0,0,-1,-1,0,2,1,3,0,2,200,0,9223372036800000000,60,0,10,0,0,3,0,2,1,20,0,3,1,1,3,0,0,1,3,2,0,1,-1,-1,-1,-1,1,10,-1,1,1,3,-1,-1,-1,0,0,1,4,0,10,0,0,0,20.76
1,0,0,0,-1,0,1,5,0,0,0,0,2,1,0,2,2,-1,1,0,-1,3,0,-1,10,0,9223372036800000000,20,0,10,0,0,15,-1,2,1,0,0,1,1,-1,1,-1,0,2,2,2,0,1,-1,-1,-1,-1,1,10,-1,1,1,3,-1,-1,-1,0,0,1,0,0,10,0,0,0,17.05
1,0,0,0,-1,0,1,0,0,0,0,0,0,-1,0,1,-1,1,0,1,1,3,0,1,100,0,9223372036800000000,240,0,10,0,0,2,1,2,1,500,0,1,1,0,-1,60,0,0,2,2,0,1,-1,-1,-1,-1,0,10,-1,1,1,3,-1,-1,-1,0,0,1,0,0,10,0,0,0,10.48
1,0,0,0,-1,0,1,5,0,0,0,0,2,3,-1,0,-1,2,0,2,0,3,0,1,50,0,9223372036800000000,20,0,10,0,0,0,0,0,1,500,0,2,1,-1,2,1000,0,2,1,2,0,1,-1,-1,-1,-1,1,10,-1,1,1,3,-1,-1,-1,0,0,1,4,0,10,0,0,0,26.32
1,0,0,0,-1,0,1,4,0,0,0,0,2,3,1,1,2,0,1,-1,2,3,0,-1,100,0,9223372036800000000,1e+75,0,10,0,0,7,0,1,1,0,0,1,1,0,1,0,0,0,4,2,0,1,-1,-1,-1,-1,0,10,-1,1,1,3,-1,-1,-1,0,0,1,0,0,10,0,0,0,16.7
1,0,0,0,-1,0,1,0,0,0,0,0,3,-1,-1,-1,2,0,1,-1,2,3,0,16,150,0,9223372036800000000,50,0,10,0,0,2,0,3,1,0,0,1,1,0,0,40,0,0,0,2,0,1,-1,-1,-1,-1,0,10,-1,1,1,3,-1,-1,-1,0,0,1,0,0,10,0,0,0,16.6
1,0,0,0,-1,0,1,4,0,0,0,0,-1,3,1,1,2,0,1,-1,2,3,0,-1,100,0,9223372036800000000,1e+75,0,10,0,0,7,0,1,1,0,0,1,1,0,1,0,0,0,4,2,0,1,-1,-1,-1,-1,0,10,-1,1,1,3,-1,-1,-1,0,0,1,0,0,10,0,0,0,16.5
1,0,0,0,-1,0,1,0,0,0,0,0,3,1,-1,1,2,0,0,0,-1,3,0,2,100,0,9223372036800000000,50,0,10,0,0,30,0,2,1,0,0,0,1,0,2,1000,0,0,2,2,0,1,-1,-1,-1,-1,0,10,-1,1,1,3,-1,-1,-1,0,0,1,0,0,10,0,0,0,19.81
1,0,0,0,-1,0,1,4,0,0,0,0,0,3,1,1,2,0,1,-1,2,3,0,-1,100,0,9223372036800000000,1e+75,0,10,0,0,7,0,2,1,0,0,1,1,0,2,0,0,0,-1,2,0,1,-1,-1,-1,-1,0,10,-1,1,1,3,-1,-1,-1,0,0,1,0,0,10,0,0,0,19.98
1,0,0,0,-1,0,1,0,0,0,0,0,1,0,0,2,0,2,2,-1,2,3,0,-1,10,0,9223372036800000000,40,0,10,0,0,0,-1,2,1,0,0,1,1,0,0,-1,0,0,2,2,0,1,-1,-1,-1,-1,0,10,-1,1,1,3,-1,-1,-1,0,0,1,0,0,10,0,0,0,16.13
1,0,0,0,-1,0,1,3,0,0,0,0,-1,2,0,-1,1,0,1,1,-1,3,0,-1,200,0,9223372036800000000,30,0,10,0,0,15,1,2,1,100,0,1,1,-1,0,1000,0,0,1,2,0,1,-1,-1,-1,-1,0,10,-1,1,1,3,-1,-1,-1,0,0,1,3,0,10,0,0,0,15.64
1,0,0,0,-1,0,1,0,0,0,0,0,0,2,0,-1,2,1,2,0,2,3,0,8,25,0,9223372036800000000,120,0,10,0,0,3,1,0,1,0,0,2,1,0,-1,500,0,0,0,2,0,1,-1,-1,-1,-1,0,10,-1,1,1,3,-1,-1,-1,0,0,1,0,0,10,0,0,0,20.72
1,0,0,0,-1,0,1,5,0,0,0,0,-1,-1,-1,0,2,2,1,0,-1,3,0,4,25,0,9223372036800000000,0,0,10,0,0,4,-1,1,1,-1,0,3,1,-1,1,0,0,2,-1,2,0,1,-1,-1,-1,-1,-1,10,-1,1,1,3,-1,-1,-1,0,0,1,1,0,10,0,0,0,21.49
1,0,0,0,-1,0,1,5,0,0,0,0,3,3,-1,-1,-1,0,-1,1,2,3,0,-1,400,0,9223372036800000000,1e+75,0,10,0,0,7,0,3,1,0,0,2,1,0,3,0,0,0,2,2,0,1,-1,-1,-1,-1,0,10,-1,1,1,3,-1,-1,-1,0,0,1,0,0,10,0,0,0,22.14
1,0,0,0,-1,0,1,4,0,0,0,0,0,3,1,0,2,0,1,-1,2,3,0,-1,100,0,9223372036800000000,1e+75,0,10,0,0,7,0,2,1,0,0,1,1,0,1,0,0,0,-1,2,0,1,-1,-1,-1,-1,0,10,-1,1,1,3,-1,-1,-1,0,0,1,0,0,10,0,0,0,19.98
1,0,0,0,-1,0,1,5,0,0,0,0,-1,-1,1,1,2,2,2,2,2,3,0,1,400,0,9223372036800000000,0,0,10,0,0,2,-1,1,1,0,0,3,1,0,3,100,0,2,1,2,0,1,-1,-1,-1,-1,0,10,-1,1,1,3,-1,-1,-1,0,0,1,5,0,10,0,0,0,27.93
1,0,0,0,-1,0,1,0,0,0,0,0,0,3,-1,1,-1,0,2,0,0,3,0,-1,400,0,9223372036800000000,1e+75,0,10,0,0,7,0,1,1,0,0,1,1,0,1,0,0,0,1,2,0,1,-1,-1,-1,-1,0,10,-1,1,1,3,-1,-1,-1,0,0,1,0,0,10,0,0,0,15.23
1,0,0,0,-1,0,1,0,0,0,0,0,0,1,1,2,0,1,1,2,1,3,0,2,25,0,9223372036800000000,50,0,10,0,0,2,1,2,1,20,0,1,1,1,-1,0,0,0,4,2,0,1,-1,-1,-1,-1,0,10,-1,1,1,3,-1,-1,-1,0,0,1,0,0,10,0,0,0,13.73
1,0,0,0,-1,0,1,0,0,0,0,0,-1,3,-1,1,-1,1,2,0,1,3,0,-1,25,0,9223372036800000000,1e+75,0,10,0,0,7,0,1,1,0,0,1,1,0,1,0,0,0,1,2,0,1,-1,-1,-1,-1,0,10,-1,1,1,3,-1,-1,-1,0,0,1,0,0,10,0,0,0,13.81
1,0,0,0,-1,0,1,4,0,0,0,0,3,-1,0,2,-1,-1,-1,-1,-1,3,0,-1,100,0,9223372036800000000,0,0,10,0,0,10,1,1,1,40,0,1,1,1,2,-1,0,0,2,2,0,1,-1,1,-1,-1,-1,10,-1,1,1,3,-1,-1,-1,0,0,1,1,0,10,0,0,0,5.96
1,0,0,0,-1,0,1,0,0,0,0,0,2,0,0,1,0,2,-1,1,1,3,0,-1,10,0,9223372036800000000,1e+75,0,10,0,0,7,0,0,1,0,0,1,1,0,3,0,0,0,0,2,0,1,-1,-1,-1,-1,0,10,-1,1,1,3,-1,-1,-1,0,0,1,0,0,10,0,0,0,16.39
1,0,0,0,-1,0,1,5,0,0,0,0,2,0,-1,-1,2,1,0,-1,2,3,0,-1,100,0,9223372036800000000,1e+75,0,10,0,0,7,0,1,1,0,0,1,1,0,3,0,0,0,3,2,0,1,-1,-1,-1,-1,0,10,-1,1,1,3,-1,-1,-1,0,0,1,0,0,10,0,0,0,15.89
1,0,0,0,-1,0,1,5,0,0,0,0,3,0,-1,-1,2,1,1,-1,1,3,0,-1,800,0,9223372036800000000,1e+75,0,10,0,0,7,0,0,1,0,0,1,1,0,0,0,0,0,0,2,0,1,-1,-1,-1,-1,0,10,-1,1,1,3,-1,-1,-1,0,0,1,0,0,10,0,0,0,14.94
1,0,0,0,-1,0,1,0,0,0,0,0,0,-1,0,-1,2,0,1,2,-1,3,0,4,100,0,9223372036800000000,10,0,10,0,0,30,0,2,1,0,0,1,1,3,-1,20,0,0,1,2,0,1,-1,-1,-1,-1,-1,10,-1,1,1,3,-1,-1,-1,0,0,1,0,0,10,0,0,0,19.51
1,0,0,0,-1,0,1,5,0,0,0,0,2,2,-1,-1,2,1,0,2,2,3,0,-1,100,0,9223372036800000000,1e+75,0,10,0,0,7,0,1,1,0,0,1,1,0,3,0,0,0,3,2,0,1,-1,-1,-1,-1,0,10,-1,1,1,3,-1,-1,-1,0,0,1,0,0,10,0,0,0,17.77
1,0,0,0,-1,0,1,5,0,0,0,0,0,1,0,2,2,0,-1,2,-1,3,0,16,25,0,9223372036800000000,120,0,10,0,0,0,-1,3,1,0,0,0,1,0,3,40,0,0,3,2,0,1,-1,-1,-1,-1,0,10,-1,1,1,3,-1,-1,-1,0,0,1,0,0,10,0,0,0,20.27
1,0,0,0,-1,0,1,4,0,0,0,0,0,3,0,1,2,0,1,-1,2,3,0,-1,100,0,9223372036800000000,1e+75,0,10,0,0,7,0,2,1,0,0,1,1,0,1,0,0,0,-1,2,0,1,-1,-1,-1,-1,0,10,-1,1,1,3,-1,-1,-1,0,0,1,0,0,10,0,0,0,19.98
1,0,0,0,-1,0,1,5,0,0,0,0,2,0,-1,-1,2,1,0,2,2,3,0,-1,100,0,9223372036800000000,1e+75,0,10,0,0,7,0,1,1,0,0,1,1,0,3,0,0,0,3,2,0,1,-1,-1,-1,-1,0,10,-1,1,1,3,-1,-1,-1,0,0,1,0,0,10,0,0,0,17.77
1,0,0,0,-1,0,1,0,0,0,0,0,3,1,-1,1,2,0,0,0,-1,3,0,4,100,0,9223372036800000000,60,0,10,0,0,30,0,2,1,0,0,0,1,0,2,1000,0,0,2,2,0,1,-1,-1,-1,-1,0,10,-1,1,1,3,-1,-1,-1,0,0,1,0,0,10,0,0,0,20.25
1,0,0,0,-1,0,1,0,0,0,0,0,2,0,1,0,0,1,0,0,1,3,0,4,400,0,9223372036800000000,5,0,10,0,0,7,0,3,1,20,0,3,1,2,-1,60,0,0,4,2,0,1,-1,-1,-1,-1,-1,10,-1,1,1,3,-1,-1,-1,0,0,1,0,0,10,0,0,0,18.68
1,0,0,0,-1,0,1,0,0,0,0,0,1,0,1,0,0,0,2,1,-1,3,0,-1,150,0,9223372036800000000,1e+75,0,10,0,0,7,0,0,1,0,0,1,1,0,0,0,0,0,0,2,0,1,-1,-1,-1,-1,0,10,-1,1,1,3,-1,-1,-1,0,0,1,0,0,10,0,0,0,14.28
1,0,0,0,-1,0,1,0,0,0,0,0,2,2,0,1,2,0,-1,1,-1,3,0,-1,10,0,9223372036800000000,1e+75,0,10,0,0,7,0,3,1,0,0,1,1,0,1,0,0,0,0,2,0,1,-1,-1,-1,-1,0,10,-1,1,1,3,-1,-1,-1,0,0,1,0,0,10,0,0,0,18.54
1,0,0,0,-1,0,1,5,0,0,0,0,3,3,-1,-1,-1,0,-1,1,2,3,0,-1,25,0,9223372036800000000,1e+75,0,10,0,0,7,0,3,1,0,0,2,1,0,2,0,0,0,2,2,0,1,-1,-1,-1,-1,0,10,-1,1,1,3,-1,-1,-1,0,0,1,0,0,10,0,0,0,20.72
1,0,0,0,-1,0,1,5,0,0,0,0,2,0,-1,2,2,1,0,2,2,3,0,-1,100,0,9223372036800000000,1e+75,0,10,0,0,7,0,1,1,0,0,0,1,0,3,0,0,0,3,2,0,1,-1,-1,-1,-1,0,10,-1,1,1,3,-1,-1,-1,0,0,1,0,0,10,0,0,0,23.84
1,0,0,0,-1,0,1,0,0,0,0,0,2,0,1,0,0,0,2,1,-1,3,0,-1,25,0,9223372036800000000,1e+75,0,10,0,0,7,0,0,1,0,0,1,1,0,0,0,0,0,0,2,0,1,-1,-1,-1,-1,0,10,-1,1,1,3,-1,-1,-1,0,0,1,0,0,10,0,0,0,13.76
1,0,0,0,-1,0,1,0,0,0,0,0,1,0,0,2,0,2,2,1,2,3,0,-1,10,0,9223372036800000000,40,0,10,0,0,0,-1,2,1,0,0,0,1,0,0,200,0,0,1,2,0,1,-1,-1,-1,-1,0,10,-1,1,1,3,-1,-1,-1,0,0,1,0,0,10,0,0,0,20.66
1,0,0,0,-1,0,1,5,0,0,0,0,2,0,-1,-1,2,2,0,2,2,3,0,-1,100,0,9223372036800000000,1e+75,0,10,0,0,7,0,1,1,0,0,0,1,0,1,0,0,0,3,2,0,1,-1,-1,-1,-1,0,10,-1,1,1,3,-1,-1,-1,0,0,1,0,0,10,0,0,0,21.83
1,0,0,0,-1,0,1,5,0,0,0,0,2,0,-1,-1,2,2,0,2,2,3,0,-1,100,0,9223372036800000000,1e+75,0,10,0,0,7,0,1,1,0,0,0,1,0,3,0,0,0,3,2,0,1,-1,-1,-1,-1,0,10,-1,1,1,3,-1,-1,-1,0,0,1,0,0,10,0,0,0,21.83
1,0,0,0,-1,0,1,0,0,0,0,0,0,2,-1,0,2,1,0,1,0,3,0,4,150,0,9223372036800000000,30,0,10,0,0,0,-1,2,1,20,0,1,1,-1,2,500,0,4,-1,2,0,1,-1,-1,-1,-1,0,10,-1,1,1,3,-1,-1,-1,0,0,1,3,0,10,0,0,0,21.78
1,0,0,0,-1,0,1,2,0,0,0,0,-1,0,1,0,0,0,2,2,2,3,0,-1,25,0,9223372036800000000,1e+75,0,10,0,0,7,0,0,1,0,0,1,1,0,0,0,0,0,0,2,0,1,-1,-1,-1,-1,0,10,-1,1,1,3,-1,-1,-1,0,0,1,0,0,10,0,0,0,11.89
1,0,0,0,-1,0,1,0,0,0,0,0,0,-1,0,1,2,1,0,1,1,3,0,1,100,0,9223372036800000000,240,0,10,0,0,2,1,2,1,500,0,1,1,1,-1,60,0,0,2,2,0,1,-1,-1,-1,-1,0,10,-1,1,1,3,-1,-1,-1,0,0,1,0,0,10,0,0,0,7.02
1,0,0,0,-1,0,1,3,0,0,0,0,2,0,0,0,1,-1,-1,0,0,3,0,16,10,0,9223372036800000000,1e+75,0,10,0,0,2,1,3,1,0,0,1,1,-1,3,200,0,2,1,2,0,1,-1,-1,-1,-1,-1,10,-1,1,1,3,-1,-1,-1,0,0,1,4,0,10,0,0,0,12.13
1,0,0,0,-1,0,1,0,0,0,0,0,-1,-1,1,2,1,0,-1,0,-1,3,0,-1,50,0,9223372036800000000,1e+75,0,10,0,0,7,0,3,1,0,0,2,1,0,-1,0,0,0,-1,2,0,1,-1,-1,-1,-1,0,10,-1,1,1,3,-1,-1,-1,0,0,1,0,0,10,0,0,0,19.75
1,0,0,0,-1,0,1,0,0,0,0,0,-1,-1,1,2,-1,0,-1,0,-1,3,0,-1,50,0,9223372036800000000,1e+75,0,10,0,0,7,0,3,1,0,0,2,1,0,-1,0,0,0,-1,2,0,1,-1,-1,-1,-1,0,10,-1,1,1,3,-1,-1,-1,0,0,1,0,0,10,0,0,0,19.75
1,0,0,0,-1,0,1,5,0,0,0,0,3,-1,0,-1,0,2,1,-1,0,3,0,1,25,0,9223372036800000000,0,0,10,0,0,7,0,3,1,0,0,1,1,0,0,0,0,0,2,2,0,1,-1,-1,-1,-1,0,10,-1,1,1,3,-1,-1,-1,0,0,1,0,0,10,0,0,0,21.18
1,0,0,0,-1,0,1,0,0,0,0,0,-1,-1,1,2,-1,0,-1,2,-1,3,0,-1,50,0,9223372036800000000,1e+75,0,10,0,0,7,0,3,1,0,0,2,1,0,0,0,0,0,-1,2,0,1,-1,-1,-1,-1,0,10,-1,1,1,3,-1,-1,-1,0,0,1,0,0,10,0,0,0,20.62
1,0,0,0,-1,0,1,5,0,0,0,0,3,2,1,-1,2,0,1,2,2,3,0,8,10,0,9223372036800000000,2,0,10,0,0,7,-1,3,1,0,0,2,1,0,-1,200,0,0,0,2,0,1,-1,-1,-1,-1,0,10,-1,1,1,3,-1,-1,-1,0,0,1,0,0,10,0,0,0,21.16
1,0,0,0,-1,0,1,0,0,0,0,0,3,1,-1,2,2,0,0,0,-1,3,0,2,100,0,9223372036800000000,60,0,10,0,0,30,0,2,1,0,0,0,1,0,2,1000,0,0,2,2,0,1,-1,-1,-1,-1,0,10,-1,1,1,3,-1,-1,-1,0,0,1,0,0,10,0,0,0,19.81
1,0,0,0,-1,0,1,5,0,0,0,0,2,-1,1,0,1,0,-1,-1,0,3,0,16,150,0,9223372036800000000,40,0,10,0,0,7,0,3,1,-1,0,1,1,1,3,500,0,4,3,2,0,1,-1,-1,-1,-1,1,10,-1,1,1,3,-1,-1,-1,0,0,1,3,0,10,0,0,0,16.28
1,0,0,0,-1,0,1,5,0,0,0,0,2,1,0,2,-1,-1,0,1,1,3,0,1,50,0,9223372036800000000,20,0,10,0,0,4,1,1,1,0,0,1,1,0,2,0,0,0,0,2,0,1,-1,-1,-1,-1,0,10,-1,1,1,3,-1,-1,-1,0,0,1,0,0,10,0,0,0,12.63
1,0,0,0,-1,0,1,1,0,0,0,0,1,-1,0,2,0,0,-1,2,0,3,0,-1,50,0,9223372036800000000,1e+75,0,10,0,0,7,0,2,1,0,0,2,1,0,0,0,0,0,1,2,0,1,-1,-1,-1,-1,0,10,-1,1,1,3,-1,-1,-1,0,0,1,0,0,10,0,0,0,20.38
1,0,0,0,-1,0,1,0,0,0,0,0,-1,-1,1,2,-1,0,-1,2,-1,3,0,-1,50,0,9223372036800000000,1e+75,0,10,0,0,7,0,2,1,0,0,0,1,0,-1,0,0,0,-1,2,0,1,-1,-1,-1,-1,0,10,-1,1,1,3,-1,-1,-1,0,0,1,0,0,10,0,0,0,21.69
1,0,0,0,-1,0,1,0,0,0,0,0,3,0,0,0,-1,0,2,2,0,3,0,-1,200,0,9223372036800000000,1e+75,0,10,0,0,7,0,0,1,0,0,1,1,0,-1,0,0,0,2,2,0,1,-1,-1,-1,-1,0,10,-1,1,1,3,-1,-1,-1,0,0,1,0,0,10,0,0,0,13.61
1,0,0,0,-1,0,1,3,0,0,0,0,2,0,1,2,-1,-1,-1,0,0,3,0,-1,10,0,9223372036800000000,1e+75,0,10,0,0,7,0,0,1,0,0,1,1,0,0,0,0,0,0,2,0,1,-1,-1,-1,-1,0,10,-1,1,1,3,-1,-1,-1,0,0,1,0,0,10,0,0,0,12.58
1,0,0,0,-1,0,1,0,0,0,0,0,3,0,0,0,-1,0,0,2,0,3,0,-1,200,0,9223372036800000000,1e+75,0,10,0,0,7,0,1,1,0,0,1,1,0,0,0,0,0,2,2,0,1,-1,-1,-1,-1,0,10,-1,1,1,3,-1,-1,-1,0,0,1,0,0,10,0,0,0,13.2
1,0,0,0,-1,0,1,0,0,0,0,0,-1,1,0,1,-1,1,0,-1,-1,3,0,8,150,0,9223372036800000000,60,0,10,0,0,15,0,0,1,100,0,1,1,1,-1,100,0,1,1,2,0,1,-1,0,-1,-1,0,10,-1,1,1,3,-1,-1,-1,0,0,1,2,0,10,0,0,0,15.92
1,0,0,0,-1,0,1,2,0,0,0,0,2,2,0,2,0,1,2,0,0,3,0,2,100,0,9223372036800000000,5,0,10,0,0,7,0,2,1,1000,0,3,1,0,0,0,0,0,2,2,0,1,-1,-1,-1,-1,-1,10,-1,1,1,3,-1,-1,-1,0,0,1,0,0,10,0,0,0,17.65
1,0,0,0,-1,0,1,2,0,0,0,0,2,0,1,-1,2,-1,1,2,-1,3,0,-1,50,0,9223372036800000000,1e+75,0,10,0,0,7,0,0,1,0,0,1,1,0,0,0,0,0,0,2,0,1,-1,-1,-1,-1,0,10,-1,1,1,3,-1,-1,-1,0,0,1,0,0,10,0,0,0,13.49
1,0,0,0,-1,0,1,0,0,0,0,0,-1,3,1,-1,2,-1,-1,1,-1,3,0,-1,200,0,9223372036800000000,1e+75,0,10,0,0,7,0,2,1,0,0,3,1,0,2,0,0,0,0,2,0,1,-1,-1,-1,-1,0,10,-1,1,1,3,-1,-1,-1,0,0,1,0,0,10,0,0,0,17.84
1,0,0,0,-1,0,1,5,0,0,0,0,3,0,-1,-1,2,1,1,1,0,3,0,-1,800,0,9223372036800000000,1e+75,0,10,0,0,7,0,0,1,0,0,1,1,0,0,0,0,0,0,2,0,1,-1,-1,-1,-1,0,10,-1,1,1,3,-1,-1,-1,0,0,1,0,0,10,0,0,0,17.94
1,0,0,0,-1,0,1,0,0,0,0,0,3,0,0,0,0,0,0,2,0,3,0,-1,200,0,9223372036800000000,1e+75,0,10,0,0,7,0,0,1,0,0,1,1,0,0,0,0,0,2,2,0,1,-1,-1,-1,-1,0,10,-1,1,1,3,-1,-1,-1,0,0,1,0,0,10,0,0,0,12.38
1,0,0,0,-1,0,1,3,0,0,0,0,2,0,1,2,1,-1,-1,0,0,3,0,-1,10,0,9223372036800000000,1e+75,0,10,0,0,7,0,1,1,0,0,1,1,0,-1,0,0,0,0,2,0,1,-1,-1,-1,-1,0,10,-1,1,1,3,-1,-1,-1,0,0,1,0,0,10,0,0,0,10.13
1,0,0,0,-1,0,1,4,0,0,0,0,3,-1,0,2,-1,-1,-1,-1,-1,3,0,-1,100,0,9223372036800000000,0,0,10,0,0,10,1,1,1,40,0,1,1,1,2,-1,0,0,2,2,0,1,-1,-1,-1,-1,-1,10,-1,1,1,3,-1,-1,-1,0,0,-1,1,0,10,0,0,0,5.96
1,0,0,0,-1,0,1,0,0,0,0,0,0,-1,0,1,-1,1,0,1,1,3,0,1,100,0,9223372036800000000,240,0,10,0,0,2,1,2,1,500,0,1,1,1,0,60,0,0,2,2,0,1,-1,-1,-1,-1,0,10,-1,1,1,3,-1,-1,-1,0,0,1,0,0,10,0,0,0,9.01
1,0,0,0,-1,0,1,0,0,0,0,0,-1,3,-1,1,-1,1,2,0,0,3,0,-1,100,0,9223372036800000000,1e+75,0,10,0,0,7,0,1,1,0,0,1,1,0,1,0,0,0,1,2,0,1,-1,-1,-1,-1,0,10,-1,1,1,3,-1,-1,-1,0,0,1,0,0,10,0,0,0,14.1
1,0,0,0,-1,0,1,2,0,0,0,0,-1,0,1,-1,2,0,-1,1,-1,3,0,-1,10,0,9223372036800000000,1e+75,0,10,0,0,7,0,0,1,0,0,2,1,0,-1,0,0,0,0,2,0,1,-1,-1,-1,-1,0,10,-1,1,1,3,-1,-1,-1,0,0,1,0,0,10,0,0,0,20.86
1,0,0,0,-1,0,1,0,0,0,0,0,3,-1,0,-1,2,0,1,-1,1,3,0,16,150,0,9223372036800000000,50,0,10,0,0,2,0,3,1,0,0,1,1,0,0,40,0,0,0,2,0,1,-1,-1,-1,-1,0,10,-1,1,1,3,-1,-1,-1,0,0,1,0,0,10,0,0,0,16.6
1,0,0,0,-1,0,1,3,0,0,0,0,2,0,1,2,1,-1,-1,0,0,3,0,-1,10,0,9223372036800000000,1e+75,0,10,0,0,7,0,0,1,0,0,3,1,0,-1,0,0,0,0,2,0,1,-1,-1,-1,-1,0,10,-1,1,1,3,-1,-1,-1,0,0,1,0,0,10,0,0,0,19.3
1,0,0,0,-1,0,1,2,0,0,0,0,1,1,1,1,0,0,-1,0,2,3,0,-1,100,0,9223372036800000000,1e+75,0,10,0,0,7,0,3,1,0,0,2,1,0,1,0,0,0,4,2,0,1,-1,-1,-1,-1,0,10,-1,1,1,3,-1,-1,-1,0,0,1,0,0,10,0,0,0,20.16
1,0,0,0,-1,0,1,1,0,0,0,0,1,0,0,-1,0,0,-1,0,1,3,0,-1,25,0,9223372036800000000,1e+75,0,10,0,0,7,0,0,1,0,0,1,1,0,1,0,0,0,0,2,0,1,-1,-1,-1,-1,0,10,-1,1,1,3,-1,-1,-1,0,0,1,0,0,10,0,0,0,21.05
1,0,0,0,-1,0,1,3,0,0,0,0,2,0,1,2,1,-1,-1,0,0,3,0,-1,10,0,9223372036800000000,1e+75,0,10,0,0,7,0,0,1,0,0,2,1,0,-1,0,0,0,0,2,0,1,-1,-1,-1,-1,0,10,-1,1,1,3,-1,-1,-1,0,0,1,0,0,10,0,0,0,16.49
1,0,0,0,-1,0,1,3,0,0,0,0,2,0,1,2,1,-1,-1,0,0,3,0,-1,10,0,9223372036800000000,1e+75,0,10,0,0,7,0,0,1,0,0,1,1,0,-1,0,0,0,4,2,0,1,-1,-1,-1,-1,0,10,-1,1,1,3,-1,-1,-1,0,0,1,0,0,10,0,0,0,13.03
1,0,0,0,-1,0,1,3,0,0,0,0,2,0,1,2,1,-1,-1,0,0,3,0,-1,10,0,9223372036800000000,1e+75,0,10,0,0,7,0,0,1,0,0,1,1,0,-1,0,0,0,-1,2,0,1,-1,-1,-1,-1,0,10,-1,1,1,3,-1,-1,-1,0,0,1,0,0,10,0,0,0,16.32
1,0,0,0,-1,0,1,4,0,0,0,0,1,0,0,2,-1,-1,-1,1,0,3,0,2,200,0,9223372036800000000,30,0,10,0,0,7,1,3,1,0,0,1,1,0,2,-1,0,0,1,2,0,1,-1,-1,-1,-1,0,10,-1,1,1,3,-1,-1,-1,0,0,1,0,0,10,0,0,0,15.4
1,0,0,0,-1,0,1,3,0,0,0,0,2,2,1,2,1,-1,-1,0,0,3,0,-1,10,0,9223372036800000000,1e+75,0,10,0,0,7,0,0,1,0,0,1,1,0,-1,0,0,0,0,2,0,1,-1,-1,-1,-1,0,10,-1,1,1,3,-1,-1,-1,0,0,1,0,0,10,0,0,0,10.29
1,0,0,0,-1,0,1,3,0,0,0,0,2,1,1,2,1,-1,-1,0,0,3,0,-1,10,0,9223372036800000000,1e+75,0,10,0,0,7,0,0,1,0,0,1,1,0,-1,0,0,0,0,2,0,1,-1,-1,-1,-1,0,10,-1,1,1,3,-1,-1,-1,0,0,1,0,0,10,0,0,0,11.22
1,0,0,0,-1,0,1,5,0,0,0,0,2,-1,1,0,1,0,-1,-1,0,3,0,16,100,0,9223372036800000000,40,0,10,0,0,7,0,3,1,-1,0,1,1,1,3,500,0,0,3,2,0,1,-1,-1,-1,-1,1,10,-1,1,1,3,-1,-1,-1,0,0,1,3,0,10,0,0,0,14.83
1,0,0,0,-1,0,1,0,0,0,0,0,2,0,0,-1,2,1,2,2,1,3,0,-1,200,0,9223372036800000000,1e+75,0,10,0,0,7,0,0,1,0,0,1,1,0,0,0,0,0,0,2,0,1,-1,-1,-1,-1,0,10,-1,1,1,3,-1,-1,-1,0,0,1,0,0,10,0,0,0,12.57
1,0,0,0,-1,0,1,5,0,0,0,0,-1,3,1,0,2,-1,-1,1,-1,3,0,-1,200,0,9223372036800000000,1e+75,0,10,0,0,7,0,2,1,0,0,3,1,0,2,0,0,0,0,2,0,1,-1,-1,-1,-1,0,10,-1,1,1,3,-1,-1,-1,0,0,1,0,0,10,0,0,0,20.76
1,0,0,0,-1,0,1,2,0,0,0,0,0,3,0,1,2,-1,2,0,0,3,0,2,400,0,9223372036800000000,10,0,10,0,0,30,0,3,1,500,0,0,1,3,2,-1,0,0,3,2,0,1,-1,-1,-1,-1,1,10,-1,1,1,3,-1,-1,-1,0,0,1,0,0,10,0,0,0,17.99
1,0,0,0,-1,0,1,0,0,0,0,0,2,0,0,-1,2,1,2,2,-1,3,0,-1,200,0,9223372036800000000,1e+75,0,10,0,0,7,0,0,1,0,0,1,1,0,2,0,0,0,0,2,0,1,-1,-1,-1,-1,0,10,-1,1,1,3,-1,-1,-1,0,0,1,0,0,10,0,0,0,12.57
1,0,0,0,-1,0,1,0,0,0,0,0,2,0,0,-1,2,1,-1,2,-1,3,0,-1,200,0,9223372036800000000,1e+75,0,10,0,0,7,0,0,1,0,0,1,1,0,0,0,0,0,0,2,0,1,-1,-1,-1,-1,0,10,-1,1,1,3,-1,-1,-1,0,0,1,0,0,10,0,0,0,12.97
1,0,0,0,-1,0,1,2,0,0,0,0,1,1,1,1,0,0,-1,0,2,3,0,-1,25,0,9223372036800000000,1e+75,0,10,0,0,7,0,0,1,0,0,2,1,0,1,0,0,0,4,2,0,1,-1,-1,-1,-1,0,10,-1,1,1,3,-1,-1,-1,0,0,1,0,0,10,0,0,0,18.33
1,0,0,0,-1,0,1,5,0,0,0,0,-1,0,-1,2,0,1,1,0,2,3,0,-1,10,0,9223372036800000000,1e+75,0,10,0,0,7,0,0,1,0,0,1,1,0,2,0,0,0,0,2,0,1,-1,-1,-1,-1,0,10,-1,1,1,3,-1,-1,-1,0,0,1,0,0,10,0,0,0,15.35
1,0,0,0,-1,0,1,0,0,0,0,0,1,0,0,2,0,2,2,1,2,3,0,-1,10,0,9223372036800000000,40,0,10,0,0,0,-1,2,1,0,0,0,1,0,0,1000,0,0,0,2,0,1,-1,-1,-1,-1,0,10,-1,1,1,3,-1,-1,-1,0,0,1,0,0,10,0,0,0,19.96
1,0,0,0,-1,0,1,3,0,0,0,0,2,0,1,2,1,-1,-1,0,0,3,0,1,10,0,9223372036800000000,1e+75,0,10,0,0,7,0,1,1,0,0,1,1,1,-1,0,0,0,0,2,0,1,-1,-1,-1,-1,0,10,-1,1,1,3,-1,-1,-1,0,0,1,0,0,10,0,0,0,12.07
1,0,0,0,-1,0,1,3,0,0,0,0,3,0,1,1,2,0,1,1,0,3,0,-1,200,0,9223372036800000000,1e+75,0,10,0,0,7,0,0,1,0,0,1,1,0,1,0,0,0,0,2,0,1,-1,-1,-1,-1,0,10,-1,1,1,3,-1,-1,-1,0,0,1,0,0,10,0,0,0,13.03
1,0,0,0,-1,0,1,3,0,0,0,0,2,0,1,2,1,-1,-1,0,0,3,0,-1,10,0,9223372036800000000,1e+75,0,10,0,0,30,0,1,1,0,0,1,1,0,-1,0,0,0,0,2,0,1,-1,-1,-1,-1,0,10,-1,1,1,3,-1,-1,-1,0,0,1,0,0,10,0,0,0,10.13
1,0,0,0,-1,0,1,5,0,0,0,0,0,1,0,-1,2,0,-1,1,-1,3,0,16,25,0,9223372036800000000,0,0,10,0,0,0,-1,3,1,0,0,0,1,0,3,40,0,0,3,2,0,1,-1,-1,-1,-1,0,10,-1,1,1,3,-1,-1,-1,0,0,1,0,0,10,0,0,0,21.05
1,0,0,0,-1,0,1,4,0,0,0,0,3,2,0,-1,0,1,1,2,2,3,0,16,100,0,9223372036800000000,1,0,10,0,0,3,0,0,1,500,0,0,1,3,-1,100,0,0,2,2,0,1,-1,-1,-1,-1,-1,10,-1,1,1,3,-1,-1,-1,0,0,1,0,0,10,0,0,0,18.61
1,0,0,0,-1,0,1,3,0,0,0,0,3,0,1,1,2,0,1,1,0,3,0,-1,25,0,9223372036800000000,1e+75,0,10,0,0,7,0,0,1,0,0,1,1,0,1,0,0,0,0,2,0,1,-1,-1,-1,-1,0,10,-1,1,1,3,-1,-1,-1,0,0,1,0,0,10,0,0,0,12.91
1,0,0,0,-1,0,1,0,0,0,0,0,2,0,0,1,0,2,-1,1,1,3,0,-1,10,0,9223372036800000000,1e+75,0,10,0,0,7,0,0,1,0,0,1,1,0,-1,0,0,0,0,2,0,1,-1,-1,-1,-1,0,10,-1,1,1,3,-1,-1,-1,0,0,1,0,0,10,0,0,0,13.98
1,0,0,0,-1,0,1,4,0,0,0,0,0,2,0,2,1,0,-1,1,1,3,0,-1,100,0,9223372036800000000,1,0,10,0,0,10,0,3,1,1000,0,2,1,-1,2,60,0,0,3,2,0,1,-1,-1,-1,-1,1,10,-1,1,1,3,-1,-1,-1,0,0,1,0,0,10,0,0,0,19.67
1,0,0,0,-1,0,1,4,0,0,0,0,0,3,1,1,2,0,1,-1,2,3,0,-1,100,0,9223372036800000000,1e+75,0,10,0,0,7,0,1,1,0,0,1,1,0,1,0,0,0,4,2,0,1,-1,-1,-1,-1,0,10,-1,1,1,3,-1,-1,-1,0,0,1,0,0,10,0,0,0,16.5
1,0,0,0,-1,0,1,0,0,0,0,0,2,0,0,1,0,1,-1,1,1,3,0,-1,10,0,9223372036800000000,1e+75,0,10,0,0,7,0,0,1,0,0,1,1,0,3,0,0,0,0,2,0,1,-1,-1,-1,-1,0,10,-1,1,1,3,-1,-1,-1,0,0,1,0,0,10,0,0,0,17.3
1,0,0,0,-1,0,1,0,0,0,0,0,3,-1,0,-1,2,0,1,2,-1,3,0,4,150,0,9223372036800000000,10,0,10,0,0,30,0,2,1,0,0,3,1,3,-1,20,0,0,1,2,0,1,-1,-1,-1,-1,-1,10,-1,1,1,3,-1,-1,-1,0,0,1,0,0,10,0,0,0,20.04
1,0,0,0,-1,0,1,4,0,0,0,0,3,2,1,-1,2,0,2,1,2,3,0,8,10,0,9223372036800000000,2,0,10,0,0,7,-1,3,1,0,0,2,1,0,-1,200,0,0,0,2,0,1,-1,-1,-1,-1,0,10,-1,1,1,3,-1,-1,-1,0,0,1,0,0,10,0,0,0,18.15
1,0,0,0,-1,0,1,4,0,0,0,0,3,-1,-1,2,0,0,-1,2,-1,3,0,-1,800,0,9223372036800000000,1e+75,0,10,0,0,7,0,2,1,0,0,1,1,0,3,0,0,0,2,2,0,1,-1,-1,-1,-1,0,10,-1,1,1,3,-1,-1,-1,0,0,1,0,0,10,0,0,0,11.23
1,0,0,0,-1,0,1,5,0,0,0,0,0,1,0,2,2,0,-1,1,-1,3,0,4,25,0,9223372036800000000,120,0,10,0,0,0,-1,3,1,0,0,0,1,0,3,40,0,0,3,2,0,1,-1,-1,-1,-1,0,10,-1,1,1,3,-1,-1,-1,0,0,1,0,0,10,0,0,0,19.21
1,0,0,0,-1,0,1,4,0,0,0,0,3,2,1,-1,2,0,1,1,2,3,0,8,10,0,9223372036800000000,2,0,10,0,0,7,-1,3,1,0,0,2,1,0,0,200,0,0,0,2,0,1,-1,-1,-1,-1,0,10,-1,1,1,3,-1,-1,-1,0,0,1,0,0,10,0,0,0,20.07
1,0,0,0,-1,0,1,4,0,0,1,0,3,-1,0,2,-1,-1,-1,-1,-1,3,0,-1,100,0,9223372036800000000,0,0,10,0,0,10,1,1,1,40,0,1,1,1,2,-1,0,0,2,2,0,1,-1,-1,-1,-1,-1,10,-1,1,1,3,-1,-1,-1,0,0,1,1,0,10,0,0,0,5.96
1,0,0,0,-1,0,1,0,0,0,0,0,2,0,0,1,0,2,-1,1,-1,3,0,-1,10,0,9223372036800000000,1e+75,0,10,0,0,7,0,0,1,0,0,1,1,0,3,0,0,0,0,2,0,1,-1,-1,-1,-1,0,10,-1,1,1,3,-1,-1,-1,0,0,1,0,0,10,0,0,0,16.39
1,0,0,0,-1,0,1,1,0,0,0,0,0,0,-1,2,1,1,0,0,0,3,0,-1,100,0,9223372036800000000,1e+75,0,10,0,0,7,0,0,1,0,0,1,1,0,0,0,0,0,0,2,0,1,-1,-1,-1,-1,0,10,-1,1,1,3,-1,-1,-1,0,0,1,0,0,10,0,0,0,20.59
1,0,0,0,-1,0,1,0,0,0,0,0,3,-1,-1,-1,2,0,1,-1,1,3,0,16,150,0,9223372036800000000,40,0,10,0,0,2,0,3,1,0,0,1,1,0,0,40,0,0,0,2,0,1,-1,-1,-1,-1,0,10,-1,1,1,3,-1,-1,-1,0,0,1,0,0,10,0,0,0,16.6
1,0,0,0,-1,0,1,3,0,0,0,0,2,0,0,0,1,-1,-1,0,0,3,0,1,10,0,9223372036800000000,1e+75,0,10,0,0,2,1,3,1,0,0,1,1,-1,3,100,0,2,1,2,0,1,-1,-1,-1,-1,-1,10,-1,1,1,3,-1,-1,-1,0,0,1,4,0,10,0,0,0,17.8
1,0,0,0,-1,0,1,1,0,0,0,0,1,-1,0,2,0,0,-1,-1,0,3,0,-1,50,0,9223372036800000000,1e+75,0,10,0,0,7,0,2,1,0,0,2,1,0,0,0,0,0,1,2,0,1,-1,-1,-1,-1,0,10,-1,1,1,3,-1,-1,-1,0,0,1,0,0,10,0,0,0,23.45
1,0,0,0,-1,0,1,0,0,0,0,0,-1,-1,-1,0,-1,-1,1,1,0,3,0,4,50,0,9223372036800000000,50,0,10,0,0,0,0,3,1,500,0,3,1,0,2,200,0,1,3,2,0,1,-1,-1,-1,-1,1,10,-1,1,1,3,-1,-1,-1,0,0,1,4,0,10,0,0,0,19.65
1,0,0,0,-1,0,1,3,0,0,0,0,3,0,1,2,0,1,2,1,-1,3,0,-1,200,0,9223372036800000000,1e+75,0,10,0,0,7,0,0,1,0,0,1,1,0,3,0,0,0,0,2,0,1,-1,-1,-1,-1,0,10,-1,1,1,3,-1,-1,-1,0,0,1,0,0,10,0,0,0,15.19
1,0,0,0,-1,0,1,0,0,0,0,0,3,0,1,-1,0,1,2,1,-1,3,0,-1,150,0,9223372036800000000,1e+75,0,10,0,0,7,0,0,1,0,0,1,1,0,3,0,0,0,0,2,0,1,-1,-1,-1,-1,0,10,-1,1,1,3,-1,-1,-1,0,0,1,0,0,10,0,0,0,17.55
1,0,0,0,-1,0,1,1,0,0,0,0,1,-1,1,-1,0,-1,2,-1,1,3,0,16,400,0,9223372036800000000,20,0,10,0,0,3,0,2,1,40,0,1,1,-1,-1,20,0,0,2,2,0,1,-1,-1,-1,-1,-1,10,-1,1,1,3,-1,-1,-1,0,0,1,0,0,10,0,0,0,20.45
1,0,0,0,-1,0,1,3,0,0,0,0,2,0,1,-1,2,0,2,1,2,3,0,-1,150,0,9223372036800000000,1e+75,0,10,0,0,7,0,0,1,0,0,1,1,0,2,0,0,0,0,2,0,1,-1,-1,-1,-1,0,10,-1,1,1,3,-1,-1,-1,0,0,1,0,0,10,0,0,0,15.89
1,0,0,0,-1,0,1,0,0,0,0,0,3,0,0,0,0,0,0,2,0,3,0,-1,200,0,9223372036800000000,1e+75,0,10,0,0,7,0,0,1,0,0,1,1,0,2,0,0,0,0,2,0,1,-1,-1,-1,-1,0,10,-1,1,1,3,-1,-1,-1,0,0,1,0,0,10,0,0,0,12.53
1,0,0,0,-1,0,1,0,0,0,0,0,3,0,0,0,-1,0,0,2,0,3,0,-1,200,0,9223372036800000000,1e+75,0,10,0,0,7,0,3,1,20,0,1,1,0,-1,60,0,0,2,2,0,1,-1,-1,-1,-1,0,10,-1,1,1,3,-1,-1,-1,0,0,1,0,0,10,0,0,0,13.26
1,0,0,0,-1,0,1,4,0,0,4,0,3,-1,0,2,-1,-1,-1,-1,-1,3,0,-1,100,0,9223372036800000000,0,0,10,0,0,10,1,1,1,40,0,1,1,1,2,-1,0,0,2,2,0,1,-1,-1,-1,-1,-1,10,-1,1,1,3,-1,-1,-1,0,0,1,1,0,10,0,0,0,5.96
1,0,0,0,-1,0,1,3,0,0,0,0,2,0,-1,1,2,0,2,1,2,3,0,-1,150,0,9223372036800000000,1e+75,0,10,0,0,7,0,0,1,0,0,1,1,0,2,0,0,0,0,2,0,1,-1,-1,-1,-1,0,10,-1,1,1,3,-1,-1,-1,0,0,1,0,0,10,0,0,0,12.02
1,0,0,0,-1,0,1,4,0,0,0,0,1,0,0,2,-1,-1,1,1,0,3,0,2,200,0,9223372036800000000,40,0,10,0,0,7,1,3,1,0,0,1,1,0,2,-1,0,0,1,2,0,1,-1,-1,-1,-1,0,10,-1,1,1,3,-1,-1,-1,0,0,1,0,0,10,0,0,0,14.76
1,0,0,0,-1,0,1,5,0,0,0,0,2,-1,1,0,1,0,-1,-1,0,3,0,16,100,0,9223372036800000000,40,0,10,0,0,7,0,3,1,-1,0,1,1,1,3,500,0,4,3,2,0,1,-1,-1,-1,-1,1,10,-1,1,1,3,-1,-1,-1,0,0,1,3,0,10,0,0,0,16.28
1,0,0,0,-1,0,1,3,0,0,0,0,2,0,1,1,2,0,0,1,2,3,0,-1,150,0,9223372036800000000,1e+75,0,10,0,0,7,0,0,1,0,0,1,1,0,2,0,0,0,0,2,0,1,-1,-1,-1,-1,0,10,-1,1,1,3,-1,-1,-1,0,0,1,0,0,10,0,0,0,12.02
1,0,0,0,-1,0,1,1,0,0,0,0,1,-1,0,2,0,0,-1,2,1,3,0,-1,50,0,9223372036800000000,1e+75,0,10,0,0,7,0,2,1,0,0,2,1,0,0,0,0,0,1,2,0,1,-1,-1,-1,-1,0,10,-1,1,1,3,-1,-1,-1,0,0,1,0,0,10,0,0,0,20.38
1,0,0,0,-1,0,1,0,0,0,0,0,3,0,1,2,0,1,2,2,0,3,0,-1,800,0,9223372036800000000,1e+75,0,10,0,0,7,0,0,1,0,0,1,1,0,2,0,0,0,0,2,0,1,-1,-1,-1,-1,0,10,-1,1,1,3,-1,-1,-1,0,0,1,0,0,10,0,0,0,13.35
1,0,0,0,-1,0,1,0,0,0,0,0,3,0,0,0,-1,0,0,2,0,3,0,-1,200,0,9223372036800000000,1e+75,0,10,0,0,7,0,3,1,0,0,1,1,0,3,1000,0,0,2,2,0,1,-1,-1,-1,-1,0,10,-1,1,1,3,-1,-1,-1,0,0,1,0,0,10,0,0,0,12.81
1,0,0,0,-1,0,1,0,0,0,0,0,1,3,0,0,-1,-1,0,0,-1,3,0,-1,10,0,9223372036800000000,1e+75,0,10,0,0,7,0,2,1,0,0,0,1,0,-1,0,0,0,1,2,0,1,-1,-1,-1,-1,0,10,-1,1,1,3,-1,-1,-1,0,0,1,0,0,10,0,0,0,21.66
1,0,0,0,-1,0,1,5,0,0,0,0,3,0,-1,-1,-1,0,1,1,2,3,0,-1,25,0,9223372036800000000,1e+75,0,10,0,0,7,0,3,1,0,0,2,1,0,3,0,0,0,3,2,0,1,-1,-1,-1,-1,0,10,-1,1,1,3,-1,-1,-1,0,0,1,0,0,10,0,0,0,19.29
1,0,0,0,-1,0,1,0,0,0,0,0,3,1,-1,1,2,0,0,0,-1,3,0,-1,100,0,9223372036800000000,60,0,10,0,0,30,0,2,1,0,0,0,1,0,2,1000,0,0,2,2,0,1,-1,-1,-1,-1,0,10,-1,1,1,3,-1,-1,-1,0,0,1,0,0,10,0,0,0,20.25
1,0,0,0,-1,0,1,0,0,0,0,0,3,0,0,0,-1,0,0,2,0,3,0,-1,200,0,9223372036800000000,1e+75,0,10,0,0,7,0,0,1,0,0,1,1,0,0,0,0,0,2,2,0,1,-1,-1,-1,-1,0,10,-1,1,1,3,-1,-1,-1,0,0,1,0,0,10,0,0,0,12.32
1,0,0,0,-1,0,1,0,0,0,0,0,3,0,0,0,0,0,0,0,0,3,0,-1,100,0,9223372036800000000,1e+75,0,10,0,0,7,0,0,1,0,0,1,1,0,0,0,0,0,0,2,0,1,-1,-1,-1,-1,0,10,-1,1,1,3,-1,-1,-1,0,0,1,0,0,10,0,0,0,14.27
1,0,0,0,-1,0,1,0,0,0,0,0,0,0,-1,2,1,-1,1,2,-1,3,0,8,200,0,9223372036800000000,20,0,10,0,0,2,-1,0,1,100,0,0,1,-1,2,0,0,3,-1,2,0,1,-1,-1,-1,-1,0,10,-1,1,1,3,-1,-1,-1,0,0,1,2,0,10,0,0,0,23.12
1,0,0,0,-1,0,1,5,0,0,0,0,0,0,-1,0,2,0,1,1,-1,3,0,-1,800,0,9223372036800000000,1e+75,0,10,0,0,7,0,0,1,0,0,1,1,0,1,0,0,0,0,2,0,1,-1,-1,-1,-1,0,10,-1,1,1,3,-1,-1,-1,0,0,1,0,0,10,0,0,0,20.13
1,0,0,0,-1,0,1,4,0,0,0,0,1,3,0,2,-1,-1,1,1,0,3,0,2,200,0,9223372036800000000,30,0,10,0,0,7,1,3,1,0,0,1,1,0,2,-1,0,0,1,2,0,1,-1,-1,-1,-1,0,10,-1,1,1,3,-1,-1,-1,0,0,1,0,0,10,0,0,0,16.22
1,0,0,0,-1,0,1,3,0,0,0,0,2,0,1,2,1,-1,-1,0,0,3,0,1,10,0,9223372036800000000,1e+75,0,10,0,0,7,0,1,1,0,0,1,1,3,-1,0,0,0,0,2,0,1,-1,-1,-1,-1,0,10,-1,1,1,3,-1,-1,-1,0,0,1,0,0,10,0,0,0,21.97
1,0,0,0,-1,0,1,5,0,0,0,0,-1,-1,1,1,-1,1,0,0,0,3,0,-1,10,0,9223372036800000000,30,0,10,0,0,30,-1,1,1,1000,0,3,1,0,2,60,0,0,1,2,0,1,-1,-1,-1,-1,0,10,-1,1,1,3,-1,-1,-1,0,0,1,0,0,10,0,0,0,18.55
1,0,0,0,-1,0,1,0,0,0,0,0,1,0,1,0,0,0,2,0,-1,3,0,-1,25,0,9223372036800000000,1e+75,0,10,0,0,7,0,0,1,0,0,1,1,0,0,0,0,0,0,2,0,1,-1,-1,-1,-1,0,10,-1,1,1,3,-1,-1,-1,0,0,1,0,0,10,0,0,0,18.42
1,0,0,0,-1,0,1,0,0,0,0,0,2,0,1,-1,1,1,-1,0,0,3,0,-1,100,0,9223372036800000000,1e+75,0,10,0,0,7,0,0,1,0,0,1,1,0,-1,0,0,0,0,2,0,1,-1,-1,-1,-1,0,10,-1,1,1,3,-1,-1,-1,0,0,1,0,0,10,0,0,0,16.32
1,0,0,0,-1,0,1,0,0,0,0,0,0,0,0,2,2,-1,1,0,1,3,0,-1,200,0,9223372036800000000,1e+75,0,10,0,0,7,0,0,1,0,0,1,1,0,0,0,0,0,0,2,0,1,-1,-1,-1,-1,0,10,-1,1,1,3,-1,-1,-1,0,0,1,0,0,10,0,0,0,16.95
1,0,0,0,-1,0,1,3,0,0,0,0,-1,0,-1,-1,2,1,-1,-1,0,3,0,-1,800,0,9223372036800000000,1e+75,0,10,0,0,7,0,0,1,0,0,1,1,0,0,0,0,0,0,2,0,1,-1,-1,-1,-1,0,10,-1,1,1,3,-1,-1,-1,0,0,1,0,0,10,0,0,0,12.87
1,0,0,0,-1,0,1,2,0,0,0,0,-1,0,1,-1,-1,-1,1,-1,-1,3,0,4,25,0,9223372036800000000,1,0,10,0,0,10,1,0,1,1000,0,0,1,1,2,40,0,5,4,2,0,1,-1,-1,-1,-1,-1,10,-1,1,1,3,-1,-1,-1,0,0,1,3,0,10,0,0,0,33.63
1,0,0,0,-1,0,1,5,0,0,0,0,-1,3,1,-1,2,-1,-1,1,-1,3,0,-1,200,0,9223372036800000000,1e+75,0,10,0,0,7,0,2,1,0,0,3,1,0,2,0,0,0,4,2,0,1,-1,-1,-1,-1,0,10,-1,1,1,3,-1,-1,-1,0,0,1,0,0,10,0,0,0,18.29
1,0,0,0,-1,0,1,2,0,0,0,0,-1,-1,0,-1,2,2,-1,1,-1,3,0,-1,10,0,9223372036800000000,60,0,10,0,0,2,1,0,1,0,0,0,1,0,3,100,0,0,3,2,0,1,-1,-1,-1,-1,0,10,-1,1,1,3,-1,-1,-1,0,0,1,0,0,10,0,0,0,22
2,0,0,0,-1,0,1,4,0,0,0,0,3,-1,0,2,-1,-1,-1,-1,-1,3,0,-1,100,0,9223372036800000000,0,0,10,0,0,10,1,1,1,40,0,1,1,1,2,-1,0,0,2,2,0,1,-1,-1,-1,-1,-1,10,-1,1,1,3,-1,-1,-1,0,0,1,1,0,10,0,0,0,5.96
1,0,0,0,-1,0,1,0,0,0,0,0,2,2,0,1,2,0,1,1,-1,3,0,-1,25,0,9223372036800000000,1e+75,0,10,0,0,7,0,3,1,0,0,1,1,0,1,0,0,0,0,2,0,1,-1,-1,-1,-1,0,10,-1,1,1,3,-1,-1,-1,0,0,1,0,0,10,0,0,0,17.08
1,0,0,0,-1,0,1,0,0,0,0,0,0,2,1,0,2,1,0,1,0,3,0,4,150,0,9223372036800000000,120,0,10,0,0,0,-1,2,1,20,0,1,1,-1,2,500,0,4,-1,2,0,1,-1,-1,-1,-1,0,10,-1,1,1,3,-1,-1,-1,0,0,1,3,0,10,0,0,0,21.78
1,0,0,0,-1,0,1,0,0,0,0,0,1,0,-1,-1,-1,0,-1,1,-1,3,0,-1,400,0,9223372036800000000,1e+75,0,10,0,0,7,0,0,1,0,0,1,1,0,3,0,0,0,0,2,0,1,-1,-1,-1,-1,0,10,-1,1,1,3,-1,-1,-1,0,0,1,0,0,10,0,0,0,16.57
1,0,0,0,-1,0,1,0,0,0,0,0,-1,3,-1,1,2,0,2,0,0,3,0,-1,400,0,9223372036800000000,1e+75,0,10,0,0,7,0,1,1,0,0,1,1,0,1,0,0,0,1,2,0,1,-1,-1,-1,-1,0,10,-1,1,1,3,-1,-1,-1,0,0,1,0,0,10,0,0,0,15.24
1,0,0,0,-1,0,1,4,0,0,0,0,3,2,1,-1,2,0,1,1,2,3,0,4,10,0,9223372036800000000,2,0,10,0,0,7,-1,3,1,0,0,2,1,0,-1,200,0,0,0,2,0,1,-1,-1,-1,-1,0,10,-1,1,1,3,-1,-1,-1,0,0,1,0,0,10,0,0,0,17.68
1,0,0,0,-1,0,1,5,0,0,0,0,3,0,-1,2,0,0,-1,0,2,3,0,-1,10,0,9223372036800000000,1e+75,0,10,0,0,7,0,0,1,0,0,1,1,0,0,0,0,0,0,2,0,1,-1,-1,-1,-1,0,10,-1,1,1,3,-1,-1,-1,0,0,1,0,0,10,0,0,0,15.22
1,0,0,0,-1,0,1,0,0,0,0,0,-1,0,0,-1,2,1,2,2,-1,3,0,-1,200,0,9223372036800000000,1e+75,0,10,0,0,7,0,0,1,0,0,1,1,0,0,0,0,0,0,2,0,1,-1,-1,-1,-1,0,10,-1,1,1,3,-1,-1,-1,0,0,1,0,0,10,0,0,0,13.58
1,0,0,0,-1,0,1,3,0,0,0,0,2,0,0,0,1,-1,-1,0,0,3,0,-1,10,0,9223372036800000000,1e+75,0,10,0,0,2,1,3,1,0,0,1,1,-1,3,100,0,2,0,2,0,1,-1,-1,-1,-1,-1,10,-1,1,1,3,-1,-1,-1,0,0,1,0,0,10,0,0,0,7.72
1,0,0,0,-1,0,1,5,0,0,0,0,3,0,-1,-1,2,0,1,-1,0,3,0,-1,200,0,9223372036800000000,1e+75,0,10,0,0,7,0,0,1,0,0,1,1,0,0,0,0,0,0,2,0,1,-1,-1,-1,-1,0,10,-1,1,1,3,-1,-1,-1,0,0,1,0,0,10,0,0,0,15.26
1,0,0,0,-1,0,1,5,0,0,0,0,-1,-1,-1,0,2,2,1,0,2,3,0,4,25,0,9223372036800000000,0,0,10,0,0,4,-1,1,1,-1,0,3,1,-1,1,0,0,2,-1,2,0,1,-1,-1,-1,-1,-1,10,-1,1,1,3,-1,-1,-1,0,0,1,1,0,10,0,0,0,21.91
1,0,0,0,-1,0,1,3,0,0,0,0,2,0,1,2,1,-1,-1,0,0,3,0,-1,10,0,9223372036800000000,1e+75,0,10,0,0,10,0,1,1,0,0,1,1,0,-1,0,0,0,0,2,0,1,-1,-1,-1,-1,0,10,-1,1,1,3,-1,-1,-1,0,0,1,0,0,10,0,0,0,10.13
1,0,0,0,-1,0,1,0,0,0,0,0,2,0,1,0,2,-1,1,0,-1,3,0,-1,50,0,9223372036800000000,1e+75,0,10,0,0,7,0,0,1,0,0,1,1,0,0,0,0,0,0,2,0,1,-1,-1,-1,-1,0,10,-1,1,1,3,-1,-1,-1,0,0,1,0,0,10,0,0,0,17.33
1,0,0,0,-1,0,1,3,0,0,0,0,2,0,1,2,1,-1,1,0,0,3,0,-1,10,0,9223372036800000000,1e+75,0,10,0,0,7,0,0,1,0,0,1,1,0,0,0,0,0,0,2,0,1,-1,-1,-1,-1,0,10,-1,1,1,3,-1,-1,-1,0,0,1,0,0,10,0,0,0,13.16
1,0,0,0,-1,0,1,4,0,0,0,0,0,3,1,1,2,0,1,-1,-1,3,0,-1,100,0,9223372036800000000,1e+75,0,10,0,0,7,0,1,1,0,0,1,1,0,1,0,0,0,4,2,0,1,-1,-1,-1,-1,0,10,-1,1,1,3,-1,-1,-1,0,0,1,0,0,10,0,0,0,16.5
1,0,0,0,-1,0,1,3,0,0,0,0,2,0,1,2,1,-1,-1,0,0,3,0,-1,10,0,9223372036800000000,1e+75,0,10,0,0,7,0,1,1,0,0,1,1,0,-1,60,0,0,0,2,0,1,-1,-1,-1,-1,0,10,-1,1,1,3,-1,-1,-1,0,0,1,0,0,10,0,0,0,13.72
1,0,0,0,-1,0,1,3,0,0,0,0,2,0,1,2,1,-1,-1,0,0,3,0,-1,10,0,9223372036800000000,1e+75,0,10,0,0,7,0,1,1,0,0,1,1,0,-1,200,0,0,0,2,0,1,-1,-1,-1,-1,0,10,-1,1,1,3,-1,-1,-1,0,0,1,0,0,10,0,0,0,12.91
1,0,0,0,-1,0,1,2,0,0,0,0,1,1,1,1,0,0,-1,0,2,3,0,-1,25,0,9223372036800000000,1e+75,0,10,0,0,7,0,3,1,0,0,2,1,0,1,0,0,0,0,2,0,1,-1,-1,-1,-1,0,10,-1,1,1,3,-1,-1,-1,0,0,1,0,0,10,0,0,0,17.92
1,0,0,0,-1,0,1,5,0,0,0,0,-1,1,0,-1,2,1,1,2,1,3,0,4,50,0,9223372036800000000,2,0,10,0,0,0,-1,0,1,0,0,3,1,0,3,100,0,0,2,2,0,1,-1,-1,-1,-1,0,10,-1,1,1,3,-1,-1,-1,0,0,1,0,0,10,0,0,0,19.78
1,0,0,0,-1,0,1,3,0,0,0,0,3,0,1,1,2,0,-1,1,0,3,0,-1,25,0,9223372036800000000,1e+75,0,10,0,0,7,0,0,1,0,0,1,1,0,1,0,0,0,0,2,0,1,-1,-1,-1,-1,0,10,-1,1,1,3,-1,-1,-1,0,0,1,0,0,10,0,0,0,12.05
1,0,0,0,-1,0,1,2,0,0,0,0,0,3,0,1,1,2,2,0,0,3,0,2,400,0,9223372036800000000,10,0,10,0,0,30,0,3,1,500,0,0,1,3,2,100,0,0,3,2,0,1,-1,-1,-1,-1,-1,10,-1,1,1,3,-1,-1,-1,0,0,1,0,0,10,0,0,0,19.41
1,0,0,0,-1,0,1,0,0,0,0,0,2,2,0,1,1,0,-1,1,-1,3,0,-1,150,0,9223372036800000000,1e+75,0,10,0,0,7,0,3,1,0,0,1,1,0,1,0,0,0,0,2,0,1,-1,-1,-1,-1,0,10,-1,1,1,3,-1,-1,-1,0,0,1,0,0,10,0,0,0,15.78
1,0,0,0,-1,0,1,4,0,0,0,0,0,3,1,1,2,0,1,-1,2,3,0,-1,100,0,9223372036800000000,1e+75,0,10,0,0,7,0,1,1,0,0,3,1,0,1,0,0,0,4,2,0,1,-1,-1,-1,-1,0,10,-1,1,1,3,-1,-1,-1,0,0,1,0,0,10,0,0,0,21.3
1,0,0,0,-1,0,1,0,0,0,0,0,0,0,-1,2,1,1,1,0,-1,3,0,8,200,0,9223372036800000000,20,0,10,0,0,2,-1,0,1,20,0,0,1,-1,2,0,0,3,-1,2,0,1,-1,-1,-1,-1,0,10,-1,1,1,3,-1,-1,-1,0,0,1,2,0,10,0,0,0,23.6
1,0,0,0,-1,0,1,0,0,0,0,0,3,0,0,0,-1,0,0,2,0,3,0,-1,200,0,9223372036800000000,240,0,10,0,0,7,0,0,1,0,0,1,1,0,-1,60,0,0,2,2,0,1,-1,-1,-1,-1,0,10,-1,1,1,3,-1,-1,-1,0,0,1,0,0,10,0,0,0,11.87
1,0,0,0,-1,0,1,0,0,0,0,0,1,0,-1,1,0,2,0,2,2,3,0,-1,200,0,9223372036800000000,1e+75,0,10,0,0,7,0,0,1,0,0,1,1,0,0,0,0,0,0,2,0,1,-1,-1,-1,-1,0,10,-1,1,1,3,-1,-1,-1,0,0,1,0,0,10,0,0,0,11.81
1,0,0,0,-1,0,1,5,0,0,0,0,3,3,-1,-1,-1,0,-1,1,2,3,0,-1,25,0,9223372036800000000,1e+75,0,10,0,0,7,0,3,1,0,0,2,1,0,3,0,0,0,2,2,0,1,-1,-1,-1,-1,0,10,-1,1,1,3,-1,-1,-1,0,0,1,0,0,10,0,0,0,20.72
1,0,0,0,-1,0,1,1,0,0,0,0,-1,0,-1,2,0,1,2,2,-1,3,0,-1,50,0,9223372036800000000,1e+75,0,10,0,0,7,0,0,1,0,0,1,1,0,0,0,0,0,0,2,0,1,-1,-1,-1,-1,0,10,-1,1,1,3,-1,-1,-1,0,0,1,0,0,10,0,0,0,18.31
1,0,0,0,-1,0,1,0,0,0,0,0,2,-1,-1,2,-1,1,1,1,2,3,0,1,200,0,9223372036800000000,10,0,10,0,0,0,-1,3,1,0,0,0,1,0,0,0,0,0,3,2,0,1,-1,-1,-1,-1,0,10,-1,1,1,3,-1,-1,-1,0,0,1,0,0,10,0,0,0,25.77
1,0,0,0,-1,0,1,4,0,0,0,0,3,2,0,-1,0,1,1,2,2,3,0,16,150,0,9223372036800000000,1,0,10,0,0,3,0,0,1,500,0,0,1,3,-1,-1,0,0,2,2,0,1,-1,-1,-1,-1,-1,10,-1,1,1,3,-1,-1,-1,0,0,1,0,0,10,0,0,0,21.41
1,0,0,0,-1,0,1,5,0,0,0,0,3,0,-1,-1,2,1,0,-1,0,3,0,-1,800,0,9223372036800000000,1e+75,0,10,0,0,7,0,0,1,0,0,1,1,0,0,0,0,0,0,2,0,1,-1,-1,-1,-1,0,10,-1,1,1,3,-1,-1,-1,0,0,1,0,0,10,0,0,0,15.47
1,0,0,0,-1,0,1,0,0,0,0,0,1,0,1,1,0,2,0,2,-1,3,0,-1,200,0,9223372036800000000,1e+75,0,10,0,0,7,0,0,1,0,0,1,1,0,0,0,0,0,0,2,0,1,-1,-1,-1,-1,0,10,-1,1,1,3,-1,-1,-1,0,0,1,0,0,10,0,0,0,11.81
1,0,0,0,-1,0,1,2,0,0,0,0,-1,2,0,1,0,0,1,1,0,3,0,1,800,0,9223372036800000000,50,0,10,0,0,4,0,0,1,0,0,1,1,0,3,0,0,0,0,2,0,1,-1,-1,-1,-1,0,10,-1,1,1,3,-1,-1,-1,0,0,1,0,0,10,0,0,0,14.74
1,0,0,0,-1,0,1,0,0,0,0,0,1,0,-1,1,-1,2,0,2,-1,3,0,-1,200,0,9223372036800000000,1e+75,0,10,0,0,7,0,0,1,0,0,1,1,0,0,0,0,0,0,2,0,1,-1,-1,-1,-1,0,10,-1,1,1,3,-1,-1,-1,0,0,1,0,0,10,0,0,0,11.86
1,0,0,0,-1,0,1,4,0,0,0,0,2,0,0,-1,2,-1,1,0,-1,3,0,-1,50,0,9223372036800000000,1e+75,0,10,0,0,7,0,0,1,0,0,1,1,0,0,0,0,0,0,2,0,1,-1,-1,-1,-1,0,10,-1,1,1,3,-1,-1,-1,0,0,1,0,0,10,0,0,0,15.51
1,0,0,0,-1,0,1,4,0,0,0,0,1,0,0,1,-1,-1,1,1,0,3,0,2,200,0,9223372036800000000,30,0,10,0,0,7,0,3,1,0,0,1,1,0,2,-1,0,0,1,2,0,1,-1,-1,-1,-1,0,10,-1,1,1,3,-1,-1,-1,0,0,1,0,0,10,0,0,0,16.09
1,0,0,0,-1,0,1,4,0,0,0,0,-1,0,1,0,2,1,1,2,-1,3,0,-1,50,0,9223372036800000000,1e+75,0,10,0,0,7,0,0,1,0,0,1,1,0,1,0,0,0,0,2,0,1,-1,-1,-1,-1,0,10,-1,1,1,3,-1,-1,-1,0,0,1,0,0,10,0,0,0,12.41
1,0,0,0,-1,0,1,0,0,0,0,0,-1,-1,1,2,-1,0,-1,2,-1,3,0,-1,50,0,9223372036800000000,1e+75,0,10,0,0,7,0,3,1,0,0,0,1,0,-1,0,0,0,4,2,0,1,-1,-1,-1,-1,0,10,-1,1,1,3,-1,-1,-1,0,0,1,0,0,10,0,0,0,22.71
1,0,0,0,-1,0,1,0,0,0,0,0,-1,3,-1,1,-1,1,2,0,0,3,0,-1,400,0,9223372036800000000,1e+75,0,10,0,0,7,0,1,1,0,0,2,1,0,1,0,0,0,1,2,0,1,-1,-1,-1,-1,0,10,-1,1,1,3,-1,-1,-1,0,0,1,0,0,10,0,0,0,19.39
1,0,0,0,-1,0,1,0,0,0,0,0,1,0,-1,1,1,2,0,2,-1,3,0,-1,200,0,9223372036800000000,1e+75,0,10,0,0,7,0,0,1,0,0,1,1,0,0,0,0,0,0,2,0,1,-1,-1,-1,-1,0,10,-1,1,1,3,-1,-1,-1,0,0,1,0,0,10,0,0,0,11.81
1,0,0,0,-1,0,1,0,0,0,0,0,3,0,0,0,0,2,0,0,0,3,0,-1,200,0,9223372036800000000,1e+75,0,10,0,0,7,0,0,1,0,0,1,1,0,0,0,0,0,0,2,0,1,-1,-1,-1,-1,0,10,-1,1,1,3,-1,-1,-1,0,0,1,0,0,10,0,0,0,18.23
1,0,0,0,-1,0,1,5,0,0,0,0,0,0,-1,2,0,0,-1,0,2,3,0,-1,10,0,9223372036800000000,1e+75,0,10,0,0,7,0,0,1,0,0,1,1,0,0,0,0,0,0,2,0,1,-1,-1,-1,-1,0,10,-1,1,1,3,-1,-1,-1,0,0,1,0,0,10,0,0,0,15.18
1,0,0,0,-1,0,1,3,0,0,0,0,2,0,0,0,1,-1,-1,0,0,3,0,16,10,0,9223372036800000000,5,0,10,0,0,2,1,3,1,0,0,1,1,-1,3,100,0,2,1,2,0,1,-1,-1,-1,-1,-1,10,-1,1,1,3,-1,-1,-1,0,0,1,0,0,10,0,0,0,10.89
1,0,0,0,-1,0,1,4,0,0,0,0,0,3,1,1,2,0,1,-1,2,3,0,-1,10,0,9223372036800000000,1e+75,0,10,0,0,7,0,2,1,0,0,1,1,0,1,0,0,0,-1,2,0,1,-1,-1,-1,-1,0,10,-1,1,1,3,-1,-1,-1,0,0,1,0,0,10,0,0,0,20.45
1,0,0,0,-1,0,1,0,0,0,0,0,1,0,1,-1,-1,1,1,-1,2,3,0,-1,150,0,9223372036800000000,1e+75,0,10,0,0,7,0,0,1,0,0,1,1,0,0,0,0,0,0,2,0,1,-1,-1,-1,-1,0,10,-1,1,1,3,-1,-1,-1,0,0,1,0,0,10,0,0,0,18.84
1,0,0,0,-1,0,1,5,0,0,0,0,2,-1,1,0,1,0,-1,-1,0,3,0,16,200,0,9223372036800000000,40,0,10,0,0,7,0,3,1,-1,0,1,1,1,3,500,0,4,3,2,0,1,-1,-1,-1,-1,1,10,-1,1,1,3,-1,-1,-1,0,0,1,3,0,10,0,0,0,16.28
1,0,0,0,-1,0,1,0,0,0,0,0,1,0,0,2,0,2,2,1,2,3,0,-1,10,0,9223372036800000000,40,0,10,0,0,0,-1,2,1,0,0,1,1,0,0,1000,0,0,1,2,0,1,-1,-1,-1,-1,0,10,-1,1,1,3,-1,-1,-1,0,0,1,0,0,10,0,0,0,15.47
1,0,0,0,-1,0,1,0,0,0,0,0,1,0,-1,1,0,2,-1,2,-1,3,0,-1,100,0,9223372036800000000,1e+75,0,10,0,0,7,0,0,1,0,0,1,1,0,0,0,0,0,0,2,0,1,-1,-1,-1,-1,0,10,-1,1,1,3,-1,-1,-1,0,0,1,0,0,10,0,0,0,10.53
1,0,0,0,-1,0,1,0,0,0,0,0,2,-1,-1,-1,-1,1,2,-1,-1,3,0,1,50,0,9223372036800000000,120,0,10,0,0,7,1,0,1,100,0,3,1,3,2,1000,0,0,4,2,0,1,-1,-1,-1,-1,0,10,-1,1,1,3,-1,-1,-1,0,0,1,1,0,10,0,0,0,26.16
1,0,0,0,-1,0,1,4,0,0,0,0,0,0,-1,2,0,0,-1,0,2,3,0,-1,10,0,9223372036800000000,1e+75,0,10,0,0,7,0,0,1,0,0,1,1,0,0,0,0,0,0,2,0,1,-1,-1,-1,-1,0,10,-1,1,1,3,-1,-1,-1,0,0,1,0,0,10,0,0,0,15.68
1,0,0,0,-1,0,1,2,0,0,0,0,1,0,1,0,0,0,-1,2,2,3,0,-1,150,0,9223372036800000000,1e+75,0,10,0,0,7,0,0,1,0,0,1,1,0,0,0,0,0,0,2,0,1,-1,-1,-1,-1,0,10,-1,1,1,3,-1,-1,-1,0,0,1,0,0,10,0,0,0,15.97
1,0,0,0,-1,0,1,0,0,0,0,0,0,2,0,-1,2,-1,2,2,2,3,0,8,25,0,9223372036800000000,20,0,10,0,0,3,1,0,1,0,0,2,1,0,-1,500,0,0,0,2,0,1,-1,-1,-1,-1,0,10,-1,1,1,3,-1,-1,-1,0,0,1,0,0,10,0,0,0,19.15
1,0,0,0,-1,0,1,0,0,0,0,0,0,0,0,-1,0,-1,0,1,-1,3,0,-1,200,0,9223372036800000000,1e+75,0,10,0,0,7,0,0,1,0,0,1,1,0,0,0,0,0,0,2,0,1,-1,-1,-1,-1,0,10,-1,1,1,3,-1,-1,-1,0,0,1,0,0,10,0,0,0,18.03
1,0,0,0,-1,0,1,0,0,0,0,0,2,2,0,1,2,1,-1,1,-1,3,0,-1,25,0,9223372036800000000,1e+75,0,10,0,0,7,0,3,1,0,0,1,1,0,1,0,0,0,0,2,0,1,-1,-1,-1,-1,0,10,-1,1,1,3,-1,-1,-1,0,0,1,0,0,10,0,0,0,17.23
1,0,0,0,-1,0,1,5,0,0,0,0,0,1,0,-1,2,1,1,2,1,3,0,1,50,0,9223372036800000000,2,0,10,0,0,0,-1,0,1,0,0,3,1,0,3,100,0,0,3,2,0,1,-1,-1,-1,-1,0,10,-1,1,1,3,-1,-1,-1,0,0,1,0,0,10,0,0,0,22.5
1,0,0,0,-1,0,1,2,0,0,0,0,-1,0,-1,2,-1,2,2,1,-1,3,0,-1,150,0,9223372036800000000,1e+75,0,10,0,0,7,0,0,1,0,0,1,1,0,0,0,0,0,0,2,0,1,-1,-1,-1,-1,0,10,-1,1,1,3,-1,-1,-1,0,0,1,0,0,10,0,0,0,14.15
1,0,0,0,-1,0,1,5,0,0,0,0,3,0,1,0,-1,1,-1,-1,1,3,0,-1,25,0,9223372036800000000,1e+75,0,10,0,0,7,0,0,1,0,0,1,1,0,0,0,0,0,0,2,0,1,-1,-1,-1,-1,0,10,-1,1,1,3,-1,-1,-1,0,0,1,0,0,10,0,0,0,14.97
1,0,0,0,-1,0,1,0,0,0,0,0,1,0,1,0,-1,0,2,1,-1,3,0,-1,400,0,9223372036800000000,1e+75,0,10,0,0,7,0,0,1,0,0,1,1,0,0,0,0,0,0,2,0,1,-1,-1,-1,-1,0,10,-1,1,1,3,-1,-1,-1,0,0,1,0,0,10,0,0,0,16.61
1,0,0,0,-1,0,1,2,0,0,0,0,-1,0,1,2,2,2,2,1,-1,3,0,-1,10,0,9223372036800000000,1e+75,0,10,0,0,7,0,0,1,0,0,1,1,0,0,0,0,0,0,2,0,1,-1,-1,-1,-1,0,10,-1,1,1,3,-1,-1,-1,0,0,1,0,0,10,0,0,0,19.26
1,0,0,0,-1,0,1,5,0,0,0,0,2,0,-1,-1,1,1,0,2,2,3,0,-1,100,0,9223372036800000000,1e+75,0,10,0,0,7,0,1,1,0,0,0,1,0,3,0,0,0,3,2,0,1,-1,-1,-1,-1,0,10,-1,1,1,3,-1,-1,-1,0,0,1,0,0,10,0,0,0,21.7
1,0,0,0,-1,0,1,0,0,0,0,0,3,-1,0,-1,2,0,1,2,-1,3,0,4,200,0,9223372036800000000,10,0,10,0,0,30,0,2,1,0,0,1,1,3,-1,40,0,0,1,2,0,1,-1,-1,-1,-1,-1,10,-1,1,1,3,-1,-1,-1,0,0,1,0,0,10,0,0,0,17.32
1,0,0,0,-1,0,1,3,0,0,0,0,1,0,1,0,0,0,-1,2,2,3,0,-1,25,0,9223372036800000000,1e+75,0,10,0,0,7,0,0,1,0,0,1,1,0,0,0,0,0,0,2,0,1,-1,-1,-1,-1,0,10,-1,1,1,3,-1,-1,-1,0,0,1,0,0,10,0,0,0,14.72
1,0,0,0,-1,0,1,0,0,0,0,0,0,-1,0,-1,0,2,-1,0,2,3,0,4,200,0,9223372036800000000,240,0,10,0,0,30,1,1,1,100,0,1,1,1,2,20,0,3,-1,2,0,1,-1,-1,-1,-1,0,10,-1,1,1,3,-1,-1,-1,0,0,1,4,0,10,0,0,0,23.51
1,0,0,0,-1,0,1,0,0,0,0,0,0,1,1,2,0,1,1,2,1,3,0,2,25,0,9223372036800000000,50,0,10,0,0,2,0,2,1,20,0,1,1,3,0,500,0,0,3,2,0,1,-1,-1,-1,-1,0,10,-1,1,1,3,-1,-1,-1,0,0,1,0,0,10,0,0,0,16.94
1,0,0,0,-1,0,1,2,0,0,0,0,-1,0,-1,2,2,2,2,1,-1,3,0,-1,10,0,9223372036800000000,1e+75,0,10,0,0,7,0,0,1,0,0,1,1,0,0,0,0,0,0,2,0,1,-1,-1,-1,-1,0,10,-1,1,1,3,-1,-1,-1,0,0,1,0,0,10,0,0,0,19.26
1,0,0,0,-1,0,1,0,0,0,0,0,-1,0,-1,-1,2,1,-1,-1,0,3,0,-1,800,0,9223372036800000000,1e+75,0,10,0,0,7,0,0,1,0,0,1,1,0,0,0,0,0,0,2,0,1,-1,-1,-1,-1,0,10,-1,1,1,3,-1,-1,-1,0,0,1,0,0,10,0,0,0,19.17
1,0,0,0,-1,0,1,5,0,0,0,0,-1,0,-1,-1,1,1,2,-1,2,3,0,8,400,0,9223372036800000000,120,0,10,0,0,2,0,3,1,-1,0,3,1,1,3,60,0,1,3,2,0,1,-1,-1,-1,-1,1,10,-1,1,1,3,-1,-1,-1,0,0,1,0,0,10,0,0,0,21.03
1,0,0,0,-1,0,1,5,0,0,0,0,-1,1,1,1,-1,1,0,0,0,3,0,-1,10,0,9223372036800000000,20,0,10,0,0,30,-1,3,1,1000,0,3,1,0,2,60,0,0,1,2,0,1,-1,-1,-1,-1,0,10,-1,1,1,3,-1,-1,-1,0,0,1,0,0,10,0,0,0,18.79
1,0,0,0,-1,0,1,1,0,0,0,0,1,1,1,2,0,1,2,1,2,3,0,4,25,0,9223372036800000000,0,0,10,0,0,5,1,0,1,500,0,3,1,3,1,1000,0,5,0,2,0,1,-1,-1,-1,-1,0,10,-1,1,1,3,-1,-1,-1,0,0,1,1,0,10,0,0,0,27.01
1,0,0,0,-1,0,1,5,0,0,0,0,-1,3,1,-1,2,-1,2,1,-1,3,0,-1,200,0,9223372036800000000,1e+75,0,10,0,0,7,0,2,1,0,0,3,1,0,2,0,0,0,0,2,0,1,-1,-1,-1,-1,0,10,-1,1,1,3,-1,-1,-1,0,0,1,0,0,10,0,0,0,17.96
1,0,0,0,-1,0,1,4,0,0,0,0,0,3,-1,1,2,0,1,-1,2,3,0,-1,100,0,9223372036800000000,1e+75,0,10,0,0,7,0,2,1,0,0,1,1,0,1,0,0,0,-1,2,0,1,-1,-1,-1,-1,0,10,-1,1,1,3,-1,-1,-1,0,0,1,0,0,10,0,0,0,19.98
1,0,0,0,-1,0,1,0,0,0,0,0,0,-1,0,-1,0,2,-1,2,2,3,0,4,200,0,9223372036800000000,240,0,10,0,0,30,1,1,1,0,0,1,1,1,2,20,0,3,-1,2,0,1,-1,-1,-1,-1,0,10,-1,1,1,3,-1,-1,-1,0,0,1,4,0,10,0,0,0,24.12
1,0,0,0,-1,0,1,2,0,0,0,0,-1,1,1,0,2,0,-1,1,-1,3,0,-1,10,0,9223372036800000000,1e+75,0,10,0,0,7,0,0,1,0,0,0,1,0,-1,0,0,0,2,2,0,1,-1,-1,-1,-1,0,10,-1,1,1,3,-1,-1,-1,0,0,1,0,0,10,0,0,0,20.65
1,0,0,0,-1,0,1,5,0,0,0,0,3,0,-1,-1,2,0,1,-1,0,3,0,-1,10,0,9223372036800000000,1e+75,0,10,0,0,7,0,0,1,0,0,1,1,0,0,0,0,0,0,2,0,1,-1,-1,-1,-1,0,10,-1,1,1,3,-1,-1,-1,0,0,1,0,0,10,0,0,0,15.07
1,0,0,0,-1,0,1,5,0,0,0,0,3,0,-1,2,0,0,0,0,-1,3,0,-1,50,0,9223372036800000000,1e+75,0,10,0,0,7,0,0,1,0,0,1,1,0,0,0,0,0,0,2,0,1,-1,-1,-1,-1,0,10,-1,1,1,3,-1,-1,-1,0,0,1,0,0,10,0,0,0,16.9
1,0,0,0,-1,0,1,2,0,0,0,0,-1,3,0,1,0,0,1,1,0,3,0,1,800,0,9223372036800000000,50,0,10,0,0,4,0,0,1,0,0,1,1,0,3,0,0,0,0,2,0,1,-1,-1,-1,-1,0,10,-1,1,1,3,-1,-1,-1,0,0,1,0,0,10,0,0,0,14.74
1,0,0,0,-1,0,1,2,0,0,0,0,2,0,1,2,1,-1,-1,2,0,3,0,-1,10,0,9223372036800000000,1e+75,0,10,0,0,7,0,0,1,0,0,1,1,0,0,0,0,0,0,2,0,1,-1,-1,-1,-1,0,10,-1,1,1,3,-1,-1,-1,0,0,1,0,0,10,0,0,0,12.08
1,0,0,0,-1,0,1,0,0,0,0,0,0,0,-1,1,0,2,0,2,-1,3,0,-1,200,0,9223372036800000000,1e+75,0,10,0,0,7,0,0,1,0,0,1,1,0,0,0,0,0,0,2,0,1,-1,-1,-1,-1,0,10,-1,1,1,3,-1,-1,-1,0,0,1,0,0,10,0,0,0,11.81
1,0,0,0,-1,0,1,3,0,0,0,0,2,0,1,2,1,-1,-1,0,0,3,0,-1,10,0,9223372036800000000,1e+75,0,10,0,0,7,0,1,1,0,0,1,1,0,-1,1000,0,0,0,2,0,1,-1,-1,-1,-1,0,10,-1,1,1,3,-1,-1,-1,0,0,1,0,0,10,0,0,0,12.91
1,0,0,0,-1,0,1,5,0,0,0,0,1,3,1,-1,1,0,-1,0,2,3,0,1,50,0,9223372036800000000,2,0,10,0,0,7,0,0,1,500,0,3,1,-1,-1,500,0,0,3,2,0,1,-1,-1,-1,-1,0,10,-1,1,1,3,-1,-1,-1,0,0,1,0,0,10,0,0,0,22.66
1,0,0,0,-1,0,1,4,0,0,0,0,0,3,1,0,2,0,1,-1,2,3,0,-1,100,0,9223372036800000000,1e+75,0,10,0,0,7,0,1,1,0,0,1,1,0,1,0,0,0,4,2,0,1,-1,-1,-1,-1,0,10,-1,1,1,3,-1,-1,-1,0,0,1,0,0,10,0,0,0,16.5
1,0,0,0,-1,0,1,0,0,0,0,0,3,2,-1,2,0,2,1,2,0,3,0,16,100,0,9223372036800000000,2,0,10,0,0,5,0,2,1,40,0,2,1,1,1,0,0,2,4,2,0,1,-1,-1,-1,-1,1,10,-1,1,1,3,-1,-1,-1,0,0,1,2,0,10,0,0,0,18.39
1,0,0,0,-1,0,1,3,0,0,0,0,-1,0,0,0,-1,-1,2,2,1,3,0,-1,100,0,9223372036800000000,1e+75,0,10,0,0,7,0,0,1,0,0,1,1,0,-1,0,0,0,0,2,0,1,-1,-1,-1,-1,0,10,-1,1,1,3,-1,-1,-1,0,0,1,0,0,10,0,0,0,12.02
1,0,0,0,-1,0,1,1,0,0,0,0,-1,0,-1,2,0,2,2,1,-1,3,0,-1,10,0,9223372036800000000,1e+75,0,10,0,0,7,0,0,1,0,0,1,1,0,0,0,0,0,0,2,0,1,-1,-1,-1,-1,0,10,-1,1,1,3,-1,-1,-1,0,0,1,0,0,10,0,0,0,20.3
1,0,0,0,-1,0,1,0,0,0,0,0,-1,-1,1,2,-1,0,-1,0,-1,3,0,-1,50,0,9223372036800000000,1e+75,0,10,0,0,7,0,3,1,0,0,0,1,0,-1,0,0,0,4,2,0,1,-1,-1,-1,-1,0,10,-1,1,1,3,-1,-1,-1,0,0,1,0,0,10,0,0,0,22.1
1,0,0,0,-1,0,1,3,0,0,0,0,3,0,1,-1,2,0,1,1,0,3,0,-1,25,0,9223372036800000000,1e+75,0,10,0,0,7,0,0,1,0,0,1,1,0,1,0,0,0,0,2,0,1,-1,-1,-1,-1,0,10,-1,1,1,3,-1,-1,-1,0,0,1,0,0,10,0,0,0,18.93
1,0,0,0,-1,0,1,4,0,0,0,0,3,2,1,-1,2,2,1,1,0,3,0,8,10,0,9223372036800000000,2,0,10,0,0,7,-1,3,1,0,0,2,1,0,-1,200,0,0,0,2,0,1,-1,-1,-1,-1,0,10,-1,1,1,3,-1,-1,-1,0,0,1,0,0,10,0,0,0,18.13
1,0,0,0,-1,0,1,1,0,0,0,0,-1,0,-1,1,2,2,2,1,-1,3,0,-1,100,0,9223372036800000000,1e+75,0,10,0,0,7,0,0,1,0,0,1,1,0,0,0,0,0,0,2,0,1,-1,-1,-1,-1,0,10,-1,1,1,3,-1,-1,-1,0,0,1,0,0,10,0,0,0,22.34
1,0,0,0,-1,0,1,0,0,0,0,0,3,0,0,0,0,1,0,0,0,3,0,-1,200,0,9223372036800000000,1e+75,0,10,0,0,7,0,0,1,0,0,1,1,0,0,0,0,0,0,2,0,1,-1,-1,-1,-1,0,10,-1,1,1,3,-1,-1,-1,0,0,1,0,0,10,0,0,0,17.07
1,0,0,0,-1,0,1,5,0,0,0,0,-1,-1,1,1,0,1,0,0,0,3,0,-1,10,0,9223372036800000000,30,0,10,0,0,30,-1,3,1,1000,0,3,1,0,2,60,0,0,1,2,0,1,-1,-1,-1,-1,0,10,-1,1,1,3,-1,-1,-1,0,0,1,0,0,10,0,0,0,18.65
1,0,0,0,-1,0,1,5,0,0,0,0,3,-1,1,-1,0,2,1,-1,0,3,0,1,25,0,9223372036800000000,0,0,10,0,0,7,0,3,1,0,0,1,1,0,0,0,0,0,4,2,0,1,-1,-1,-1,-1,0,10,-1,1,1,3,-1,-1,-1,0,0,1,0,0,10,0,0,0,15.78
1,0,0,0,-1,0,1,3,0,0,0,0,2,0,1,2,1,-1,-1,0,0,3,0,-1,10,0,9223372036800000000,1e+75,0,10,0,0,7,0,0,1,0,0,0,1,0,-1,0,0,0,0,2,0,1,-1,-1,-1,-1,0,10,-1,1,1,3,-1,-1,-1,0,0,1,0,0,10,0,0,0,22.19
1,0,0,0,-1,0,1,5,0,0,0,0,2,0,1,-1,2,2,0,2,2,3,0,-1,100,0,9223372036800000000,1e+75,0,10,0,0,7,0,1,1,0,0,0,1,0,3,0,0,0,3,2,0,1,-1,-1,-1,-1,0,10,-1,1,1,3,-1,-1,-1,0,0,1,0,0,10,0,0,0,21.83
1,0,0,0,-1,0,1,4,0,0,0,0,2,2,0,-1,0,1,1,2,2,3,0,16,150,0,9223372036800000000,1,0,10,0,0,3,0,0,1,500,0,0,1,3,-1,100,0,0,2,2,0,1,-1,-1,-1,-1,-1,10,-1,1,1,3,-1,-1,-1,0,0,1,0,0,10,0,0,0,18.61
1,0,0,0,-1,0,1,3,0,0,0,0,2,0,1,2,1,-1,-1,0,2,3,0,-1,10,0,9223372036800000000,1e+75,0,10,0,0,7,0,0,1,0,0,1,1,0,0,0,0,0,0,2,0,1,-1,-1,-1,-1,0,10,-1,1,1,3,-1,-1,-1,0,0,1,0,0,10,0,0,0,10.35
1,0,0,0,-1,0,1,1,0,0,0,0,1,-1,1,-1,0,-1,2,-1,1,3,0,16,400,0,9223372036800000000,50,0,10,0,0,3,0,2,1,40,0,1,1,-1,-1,20,0,0,2,2,0,1,-1,-1,-1,-1,-1,10,-1,1,1,3,-1,-1,-1,0,0,1,0,0,10,0,0,0,20.45
1,0,0,0,-1,0,1,0,0,0,0,0,1,0,1,0,0,-1,2,1,-1,3,0,-1,400,0,9223372036800000000,1e+75,0,10,0,0,7,0,0,1,0,0,1,1,0,0,0,0,0,0,2,0,1,-1,-1,-1,-1,0,10,-1,1,1,3,-1,-1,-1,0,0,1,0,0,10,0,0,0,18.32
1,0,0,0,-1,0,1,0,0,0,0,0,3,1,-1,1,2,0,0,0,-1,3,0,2,100,0,9223372036800000000,60,0,10,0,0,30,0,2,1,0,0,3,1,0,2,-1,0,0,2,2,0,1,-1,-1,-1,-1,0,10,-1,1,1,3,-1,-1,-1,0,0,1,0,0,10,0,0,0,18.49
1,0,0,0,-1,0,1,0,0,0,0,0,-1,3,-1,1,-1,0,2,0,0,3,0,-1,400,0,9223372036800000000,1e+75,0,10,0,0,7,0,1,1,0,0,1,1,0,0,0,0,0,1,2,0,1,-1,-1,-1,-1,0,10,-1,1,1,3,-1,-1,-1,0,0,1,0,0,10,0,0,0,15.23
1,0,0,0,-1,0,1,2,0,0,0,0,3,2,1,0,-1,-1,1,0,2,3,0,4,50,0,9223372036800000000,10,0,10,0,0,5,-1,2,1,500,0,1,1,-1,2,20,0,0,3,2,0,1,-1,1,-1,-1,-1,10,-1,1,1,3,-1,-1,-1,0,0,1,5,0,10,0,0,0,17.61
1,0,0,0,-1,0,1,0,0,0,0,0,0,0,-1,2,1,-1,1,0,-1,3,0,8,200,0,9223372036800000000,20,0,10,0,0,2,-1,0,1,20,0,0,1,-1,2,40,0,3,-1,2,0,1,-1,-1,-1,-1,0,10,-1,1,1,3,-1,-1,-1,0,0,1,2,0,10,0,0,0,21.58
1,0,0,0,-1,0,1,5,0,0,0,0,3,0,-1,-1,2,1,1,-1,0,3,0,-1,800,0,9223372036800000000,1e+75,0,10,0,0,7,0,0,1,0,0,1,1,0,0,0,0,0,0,2,0,1,-1,-1,-1,-1,0,10,-1,1,1,3,-1,-1,-1,0,0,1,0,0,10,0,0,0,14.94
1,0,0,0,-1,0,1,5,0,0,0,0,2,0,0,-1,2,1,2,1,0,3,0,-1,200,0,9223372036800000000,1e+75,0,10,0,0,7,0,0,1,0,0,1,1,0,1,0,0,0,0,2,0,1,-1,-1,-1,-1,0,10,-1,1,1,3,-1,-1,-1,0,0,1,0,0,10,0,0,0,19.11
1,0,0,0,-1,0,1,1,0,0,0,0,1,3,0,2,0,0,-1,2,0,3,0,-1,50,0,9223372036800000000,1e+75,0,10,0,0,7,0,2,1,0,0,2,1,0,0,0,0,0,1,2,0,1,-1,-1,-1,-1,0,10,-1,1,1,3,-1,-1,-1,0,0,1,0,0,10,0,0,0,21.35
1,0,0,0,-1,0,1,2,0,0,0,0,2,2,0,2,0,1,1,0,0,3,0,2,100,0,9223372036800000000,5,0,10,0,0,7,-1,3,1,1000,0,3,1,0,0,0,0,0,2,2,0,1,-1,-1,-1,-1,-1,10,-1,1,1,3,-1,-1,-1,0,0,1,0,0,10,0,0,0,20.6
1,0,0,0,-1,0,1,0,0,0,0,0,3,0,1,0,0,0,0,0,0,3,0,-1,200,0,9223372036800000000,1e+75,0,10,0,0,7,0,0,1,0,0,1,1,0,0,0,0,0,0,2,0,1,-1,-1,-1,-1,0,10,-1,1,1,3,-1,-1,-1,0,0,1,0,0,10,0,0,0,14.27
1,0,0,0,-1,0,1,2,0,0,0,0,-1,1,1,0,2,0,-1,1,-1,3,0,-1,10,0,9223372036800000000,1e+75,0,10,0,0,7,0,2,1,0,0,3,1,0,-1,0,0,0,0,2,0,1,-1,-1,-1,-1,0,10,-1,1,1,3,-1,-1,-1,0,0,1,0,0,10,0,0,0,19.18
1,0,0,0,-1,0,1,3,0,0,0,0,2,0,1,2,1,-1,-1,0,0,3,0,-1,10,0,9223372036800000000,1e+75,0,10,0,0,7,0,0,1,0,0,1,1,0,-1,0,0,0,1,2,0,1,-1,-1,-1,-1,0,10,-1,1,1,3,-1,-1,-1,0,0,1,0,0,10,0,0,0,11.35
1,0,0,0,-1,0,1,0,0,0,0,0,1,0,0,2,0,2,2,1,2,3,0,16,10,0,9223372036800000000,40,0,10,0,0,0,-1,2,1,0,0,0,1,0,0,20,0,0,1,2,0,1,-1,-1,-1,-1,0,10,-1,1,1,3,-1,-1,-1,0,0,1,0,0,10,0,0,0,20.84
1,0,0,0,-1,0,1,4,0,0,0,0,3,-1,1,2,-1,-1,-1,-1,-1,3,0,-1,100,0,9223372036800000000,0,0,10,0,0,10,1,1,1,40,0,1,1,1,2,-1,0,0,2,2,0,1,-1,-1,-1,-1,-1,10,-1,1,1,3,-1,-1,-1,0,0,1,0,0,10,0,0,0,6.25
1,0,0,0,-1,0,1,4,0,0,0,0,2,0,1,-1,2,-1,1,0,0,3,0,-1,50,0,9223372036800000000,1e+75,0,10,0,0,7,0,0,1,0,0,1,1,0,0,0,0,0,0,2,0,1,-1,-1,-1,-1,0,10,-1,1,1,3,-1,-1,-1,0,0,1,0,0,10,0,0,0,15.51
1,0,0,0,-1,0,1,2,0,0,0,0,-1,0,1,2,-1,0,-1,-1,-1,3,0,-1,25,0,9223372036800000000,1e+75,0,10,0,0,7,0,0,1,0,0,1,1,0,2,0,0,0,0,2,0,1,-1,-1,-1,-1,0,10,-1,1,1,3,-1,-1,-1,0,0,1,0,0,10,0,0,0,15.05
1,0,0,0,-1,0,1,5,0,0,0,0,3,0,-1,-1,2,0,1,-1,0,3,0,-1,800,0,9223372036800000000,1e+75,0,10,0,0,7,0,0,1,0,0,1,1,0,0,0,0,0,0,2,0,1,-1,-1,-1,-1,0,10,-1,1,1,3,-1,-1,-1,0,0,1,0,0,10,0,0,0,15.26
1,0,0,0,-1,0,1,0,0,0,0,0,3,0,0,0,0,0,0,0,0,3,0,-1,400,0,9223372036800000000,1e+75,0,10,0,0,7,0,0,1,0,0,1,1,0,0,0,0,0,0,2,0,1,-1,-1,-1,-1,0,10,-1,1,1,3,-1,-1,-1,0,0,1,0,0,10,0,0,0,14.27
1,0,0,0,-1,0,1,2,0,0,0,0,0,0,-1,2,-1,-1,2,1,0,3,0,-1,100,0,9223372036800000000,1e+75,0,10,0,0,7,0,0,1,0,0,1,1,0,0,0,0,0,0,2,0,1,-1,-1,-1,-1,0,10,-1,1,1,3,-1,-1,-1,0,0,1,0,0,10,0,0,0,16.06
1,0,0,0,-1,0,1,3,0,0,0,0,3,0,1,2,1,-1,-1,0,0,3,0,-1,10,0,9223372036800000000,1e+75,0,10,0,0,7,0,0,1,0,0,1,1,0,0,0,0,0,0,2,0,1,-1,-1,-1,-1,0,10,-1,1,1,3,-1,-1,-1,0,0,1,0,0,10,0,0,0,10.35
1,0,0,0,-1,0,1,2,0,0,0,0,2,0,1,-1,2,-1,1,0,-1,3,0,-1,50,0,9223372036800000000,1e+75,0,10,0,0,7,0,0,1,0,0,1,1,0,0,0,0,0,0,2,0,1,-1,-1,-1,-1,0,10,-1,1,1,3,-1,-1,-1,0,0,1,0,0,10,0,0,0,16.44
1,0,0,0,-1,0,1,2,0,0,0,0,1,1,1,1,0,0,-1,0,2,3,0,-1,25,0,9223372036800000000,1e+75,0,10,0,0,7,0,3,1,0,0,2,1,0,1,0,0,0,4,2,0,1,-1,-1,-1,-1,0,10,-1,1,1,3,-1,-1,-1,0,0,1,0,0,10,0,0,0,17.61
1,0,0,0,-1,0,1,5,0,0,0,0,3,0,1,0,0,1,-1,-1,1,3,0,-1,50,0,9223372036800000000,1e+75,0,10,0,0,7,0,0,1,0,0,1,1,0,0,0,0,0,0,2,0,1,-1,-1,-1,-1,0,10,-1,1,1,3,-1,-1,-1,0,0,1,0,0,10,0,0,0,15.54
1,0,0,0,-1,0,1,0,0,0,0,0,3,0,0,0,2,0,0,2,0,3,0,-1,200,0,9223372036800000000,1e+75,0,10,0,0,7,0,0,1,0,0,1,1,0,-1,0,0,0,2,2,0,1,-1,-1,-1,-1,0,10,-1,1,1,3,-1,-1,-1,0,0,1,0,0,10,0,0,0,13.65
1,0,0,0,-1,0,1,1,0,0,0,0,2,0,1,-1,2,-1,1,2,-1,3,0,-1,50,0,9223372036800000000,1e+75,0,10,0,0,7,0,0,1,0,0,1,1,0,0,0,0,0,0,2,0,1,-1,-1,-1,-1,0,10,-1,1,1,3,-1,-1,-1,0,0,1,0,0,10,0,0,0,20.77
1,0,0,0,-1,0,1,2,0,0,0,0,0,0,-1,2,-1,1,0,1,0,3,0,-1,200,0,9223372036800000000,1e+75,0,10,0,0,7,0,0,1,0,0,1,1,0,0,0,0,0,0,2,0,1,-1,-1,-1,-1,0,10,-1,1,1,3,-1,-1,-1,0,0,1,0,0,10,0,0,0,18.79
1,0,0,0,-1,0,1,0,0,0,0,0,0,0,0,2,2,0,2,0,1,3,0,-1,200,0,9223372036800000000,1e+75,0,10,0,0,7,0,0,1,0,0,1,1,0,0,0,0,0,0,2,0,1,-1,-1,-1,-1,0,10,-1,1,1,3,-1,-1,-1,0,0,1,0,0,10,0,0,0,15.18
1,0,0,0,-1,0,1,5,0,0,0,0,-1,0,-1,-1,0,1,2,-1,2,3,0,8,400,0,9223372036800000000,20,0,10,0,0,2,0,3,1,-1,0,3,1,1,3,60,0,1,4,2,0,1,-1,-1,-1,-1,1,10,-1,1,1,3,-1,-1,-1,0,0,1,0,0,10,0,0,0,23.94
1,0,0,0,-1,0,1,5,0,0,0,0,2,1,0,2,-1,-1,0,1,1,3,0,1,50,0,9223372036800000000,20,0,10,0,0,4,1,2,1,0,0,0,1,0,2,-1,0,0,2,2,0,1,-1,-1,-1,-1,0,10,-1,1,1,3,-1,-1,-1,0,0,1,0,0,10,0,0,0,25.25
1,0,0,0,-1,0,1,4,0,0,0,0,3,-1,0,2,-1,-1,-1,-1,-1,3,0,-1,100,0,9223372036800000000,0,0,10,0,0,10,1,1,1,40,0,1,1,1,2,-1,0,1,2,2,0,1,-1,-1,-1,-1,-1,10,-1,1,1,3,-1,-1,-1,0,0,1,0,0,10,0,0,0,8.26
1,0,0,0,-1,0,1,0,0,0,0,0,3,2,-1,1,2,0,0,0,-1,3,0,2,100,0,9223372036800000000,60,0,10,0,0,30,0,2,1,0,0,0,1,0,2,1000,0,0,2,2,0,1,-1,-1,-1,-1,0,10,-1,1,1,3,-1,-1,-1,0,0,1,0,0,10,0,0,0,20.17
1,0,0,0,-1,0,1,3,0,0,0,0,2,0,1,2,1,-1,-1,0,0,3,0,1,10,0,9223372036800000000,1e+75,0,10,0,0,7,0,1,1,0,0,1,1,0,-1,0,0,0,0,2,0,1,-1,-1,-1,-1,0,10,-1,1,1,3,-1,-1,2,0,0,1,0,0,10,0,0,0,7.38
1,0,0,0,-1,0,1,2,0,0,0,0,1,0,1,0,0,0,-1,-1,2,3,0,-1,25,0,9223372036800000000,1e+75,0,10,0,0,7,0,0,1,0,0,1,1,0,0,0,0,0,0,2,0,1,-1,-1,-1,-1,0,10,-1,1,1,3,-1,-1,-1,0,0,1,0,0,10,0,0,0,15.89
1,0,0,0,-1,0,1,2,0,0,0,0,-1,0,-1,2,2,2,2,0,-1,3,0,-1,150,0,9223372036800000000,1e+75,0,10,0,0,7,0,0,1,0,0,1,1,0,0,0,0,0,0,2,0,1,-1,-1,-1,-1,0,10,-1,1,1,3,-1,-1,-1,0,0,1,0,0,10,0,0,0,17
1,0,0,0,-1,0,1,5,0,0,0,0,3,0,-1,-1,0,1,-1,-1,0,3,0,-1,800,0,9223372036800000000,1e+75,0,10,0,0,7,0,0,1,0,0,1,1,0,0,0,0,0,0,2,0,1,-1,-1,-1,-1,0,10,-1,1,1,3,-1,-1,-1,0,0,1,0,0,10,0,0,0,13.21
1,0,0,0,-1,0,1,4,0,0,0,0,3,-1,0,2,-1,-1,-1,-1,-1,3,0,-1,100,0,9223372036800000000,0,0,10,0,0,10,1,1,1,40,0,1,1,1,2,-1,0,0,2,2,0,1,-1,-1,-1,-1,-1,10,-1,1,1,3,-1,-1,-1,0,0,1,1,0,10,3,0,0,5.96
1,0,0,0,-1,0,1,4,0,0,0,0,1,-1,-1,2,0,1,-1,2,-1,3,0,-1,800,0,9223372036800000000,1e+75,0,10,0,0,7,0,2,1,0,0,1,1,0,3,0,0,0,2,2,0,1,-1,-1,-1,-1,0,10,-1,1,1,3,-1,-1,-1,0,0,1,0,0,10,0,0,0,11.96
1,0,0,0,-1,0,1,0,0,0,0,0,1,0,-1,1,0,0,0,2,-1,3,0,-1,200,0,9223372036800000000,1e+75,0,10,0,0,7,0,0,1,0,0,1,1,0,0,0,0,0,0,2,0,1,-1,-1,-1,-1,0,10,-1,1,1,3,-1,-1,-1,0,0,1,0,0,10,0,0,0,14.81
1,0,0,0,-1,0,1,0,0,0,0,0,3,1,-1,1,2,0,0,0,-1,3,0,2,100,0,9223372036800000000,60,0,10,0,0,30,0,2,1,0,0,0,1,0,2,20,0,0,2,2,0,1,-1,-1,-1,-1,0,10,-1,1,1,3,-1,-1,-1,0,0,1,0,0,10,0,0,0,20.15
1,0,0,0,-1,0,1,3,0,0,0,0,2,0,1,2,1,-1,-1,2,0,3,0,-1,10,0,9223372036800000000,1e+75,0,10,0,0,7,0,0,1,0,0,1,1,0,0,0,0,0,0,2,0,1,-1,-1,-1,-1,0,10,-1,1,1,3,-1,-1,-1,0,0,1,0,0,10,0,0,0,10.72
1,0,0,0,-1,0,1,0,0,0,0,0,2,0,1,-1,2,-1,1,1,-1,3,0,-1,50,0,9223372036800000000,1e+75,0,10,0,0,7,0,0,1,0,0,1,1,0,0,0,0,0,0,2,0,1,-1,-1,-1,-1,0,10,-1,1,1,3,-1,-1,-1,0,0,1,0,0,10,0,0,0,18.24
1,0,0,0,-1,0,1,4,0,0,0,0,3,-1,-1,2,0,1,-1,0,-1,3,0,-1,800,0,9223372036800000000,1e+75,0,10,0,0,7,0,2,1,0,0,1,1,0,3,0,0,0,2,2,0,1,-1,-1,-1,-1,0,10,-1,1,1,3,-1,-1,-1,0,0,1,0,0,10,0,0,0,18.3
1,0,0,0,-1,0,1,2,0,0,0,0,-1,3,0,1,0,0,-1,1,0,3,0,8,800,0,9223372036800000000,50,0,10,0,0,4,0,0,1,0,0,3,1,0,3,0,0,0,4,2,0,1,-1,-1,-1,-1,0,10,-1,1,1,3,-1,-1,-1,0,0,1,0,0,10,0,0,0,18.38
1,0,0,0,-1,0,1,1,0,0,0,0,-1,0,-1,2,2,2,2,1,-1,3,0,-1,10,0,9223372036800000000,1e+75,0,10,0,0,7,0,0,1,0,0,1,1,0,0,0,0,0,0,2,0,1,-1,-1,-1,-1,0,10,-1,1,1,3,-1,-1,-1,0,0,1,0,0,10,0,0,0,20.3
1,0,0,0,-1,0,1,3,0,0,0,0,2,0,1,1,2,0,1,1,2,3,0,-1,150,0,9223372036800000000,1e+75,0,10,0,0,7,0,0,1,0,0,1,1,0,2,0,0,0,0,2,0,1,-1,-1,-1,-1,0,10,-1,1,1,3,-1,-1,-1,0,0,1,0,0,10,0,0,0,13.03
1,0,0,0,-1,0,1,0,0,0,0,0,0,0,0,2,2,0,2,0,1,3,0,-1,50,0,9223372036800000000,1e+75,0,10,0,0,7,0,0,1,0,0,1,1,0,0,0,0,0,0,2,0,1,-1,-1,-1,-1,0,10,-1,1,1,3,-1,-1,-1,0,0,1,0,0,10,0,0,0,15.87
1,0,0,0,-1,0,1,1,0,0,0,0,0,0,-1,2,1,1,2,1,0,3,0,-1,100,0,9223372036800000000,1e+75,0,10,0,0,7,0,0,1,0,0,1,1,0,0,0,0,0,0,2,0,1,-1,-1,-1,-1,0,10,-1,1,1,3,-1,-1,-1,0,0,1,0,0,10,0,0,0,19.98
1,0,0,0,-1,0,1,2,0,0,0,0,1,0,1,0,0,0,-1,2,2,3,0,-1,100,0,9223372036800000000,1e+75,0,10,0,0,7,0,0,1,0,0,1,1,0,0,0,0,0,0,2,0,1,-1,-1,-1,-1,0,10,-1,1,1,3,-1,-1,-1,0,0,1,0,0,10,0,0,0,15.97
1,0,0,0,-1,0,1,2,0,0,0,0,-1,3,0,1,0,0,1,1,0,3,0,-1,800,0,9223372036800000000,50,0,10,0,0,4,0,0,1,0,0,3,1,0,3,0,0,0,0,2,0,1,-1,-1,-1,-1,0,10,-1,1,1,3,-1,-1,-1,0,0,1,0,0,10,0,0,0,18.04
1,0,0,0,-1,0,1,1,0,0,0,0,0,0,-1,-1,1,1,0,1,0,3,0,-1,100,0,9223372036800000000,1e+75,0,10,0,0,7,0,0,1,0,0,1,1,0,0,0,0,0,0,2,0,1,-1,-1,-1,-1,0,10,-1,1,1,3,-1,-1,-1,0,0,1,0,0,10,0,0,0,20.58
1,0,0,0,-1,0,1,0,0,0,0,0,3,-1,1,2,-1,0,-1,2,-1,3,0,-1,50,0,9223372036800000000,1e+75,0,10,0,0,7,0,3,1,0,0,0,1,0,-1,0,0,0,-1,2,0,1,-1,-1,-1,-1,0,10,-1,1,1,3,-1,-1,-1,0,0,1,0,0,10,0,0,0,20.81
1,0,0,0,-1,0,1,5,0,0,0,0,3,0,-1,-1,2,1,-1,-1,0,3,0,-1,50,0,9223372036800000000,1e+75,0,10,0,0,7,0,0,1,0,0,1,1,0,0,0,0,0,0,2,0,1,-1,-1,-1,-1,0,10,-1,1,1,3,-1,-1,-1,0,0,1,0,0,10,0,0,0,13.21
1,0,0,0,-1,0,1,0,0,0,0,0,0,2,0,-1,2,-1,2,2,2,3,0,8,25,0,9223372036800000000,120,0,10,0,0,3,1,0,1,0,0,2,1,0,2,500,0,0,0,2,0,1,-1,-1,-1,-1,0,10,-1,1,1,3,-1,-1,-1,0,0,1,0,0,10,0,0,0,20.93
1,0,0,0,-1,0,1,0,0,0,0,0,0,1,1,2,0,1,1,2,1,3,0,2,25,0,9223372036800000000,50,0,10,0,0,2,1,2,1,500,0,1,1,1,-1,0,0,0,3,2,0,1,-1,-1,-1,-1,0,10,-1,1,1,3,-1,-1,-1,0,0,1,0,0,10,0,0,0,13.98
1,0,0,0,-1,0,1,5,0,0,0,0,3,-1,0,-1,0,2,1,2,0,3,0,8,25,0,9223372036800000000,0,0,10,0,0,7,0,3,1,0,0,1,1,0,0,0,0,0,4,2,0,1,-1,-1,-1,-1,0,10,-1,1,1,3,-1,-1,-1,0,0,1,0,0,10,0,0,0,18.19
1,0,0,0,-1,0,1,0,0,0,0,0,3,-1,0,-1,2,0,1,2,-1,3,0,8,100,0,9223372036800000000,10,0,10,0,0,30,0,2,1,0,0,3,1,3,-1,20,0,0,1,2,0,1,-1,-1,-1,-1,-1,10,-1,1,1,3,-1,-1,-1,0,0,1,0,0,10,0,0,0,20.04
1,0,0,0,-1,0,1,4,0,0,0,0,0,2,1,2,1,0,-1,1,1,3,0,-1,100,0,9223372036800000000,1,0,10,0,0,10,0,3,1,500,0,2,1,-1,2,60,0,0,3,2,0,1,-1,-1,-1,-1,1,10,-1,1,1,3,-1,-1,-1,0,0,1,0,0,10,0,0,0,18.8
1,0,0,0,-1,0,1,3,0,0,0,0,2,0,1,2,1,-1,-1,0,0,3,0,1,10,0,9223372036800000000,1e+75,0,10,0,0,7,0,1,1,-1,0,1,1,0,-1,0,0,0,0,2,0,1,-1,-1,-1,-1,0,10,-1,1,1,3,-1,-1,-1,0,0,1,0,0,10,0,0,0,36.64
1,0,0,0,-1,0,1,0,0,0,0,0,3,0,0,0,-1,0,0,2,0,3,0,-1,200,0,9223372036800000000,1e+75,0,10,0,0,7,0,3,1,0,0,1,1,0,-1,-1,0,0,2,2,0,1,-1,-1,-1,-1,0,10,-1,1,1,3,-1,-1,-1,0,0,1,0,0,10,0,0,0,14.32
1,0,0,0,-1,0,1,5,0,0,0,0,0,0,0,2,2,-1,2,0,1,3,0,-1,200,0,9223372036800000000,1e+75,0,10,0,0,7,0,0,1,0,0,1,1,0,0,0,0,0,0,2,0,1,-1,-1,-1,-1,0,10,-1,1,1,3,-1,-1,-1,0,0,1,0,0,10,0,0,0,15.96
1,0,0,0,-1,0,1,4,0,0,0,0,0,2,0,2,1,0,-1,1,1,3,0,-1,100,0,9223372036800000000,30,0,10,0,0,10,0,3,1,500,0,2,1,-1,2,60,0,0,3,2,0,1,-1,-1,-1,-1,1,10,-1,1,1,3,-1,-1,-1,0,0,1,0,0,10,0,0,0,18.8
1,0,0,0,-1,0,1,2,0,0,0,0,2,2,0,2,0,1,-1,0,0,3,0,2,100,0,9223372036800000000,5,0,10,0,0,7,0,1,1,1000,0,3,1,0,0,0,0,0,2,2,0,1,-1,-1,-1,-1,-1,10,-1,1,1,3,-1,-1,-1,0,0,1,0,0,10,0,0,0,21.12
1,0,0,0,-1,0,1,5,0,0,0,0,-1,3,1,-1,2,-1,0,0,-1,3,0,-1,200,0,9223372036800000000,1e+75,0,10,0,0,7,0,2,1,0,0,3,1,0,2,0,0,0,0,2,0,1,-1,-1,-1,-1,0,10,-1,1,1,3,-1,-1,-1,0,0,1,0,0,10,0,0,0,21.48
1,0,0,0,-1,0,1,1,0,0,0,0,1,-1,1,-1,0,-1,2,-1,1,3,0,16,400,0,9223372036800000000,60,0,10,0,0,3,0,2,1,500,0,1,1,1,3,20,0,0,2,2,0,1,-1,-1,-1,-1,-1,10,-1,1,1,3,-1,-1,-1,0,0,1,0,0,10,0,0,0,25.13
1,0,0,0,-1,0,1,5,0,0,0,0,0,1,0,-1,2,1,1,2,1,3,0,4,50,0,9223372036800000000,2,0,10,0,0,0,-1,0,1,0,0,3,1,0,3,200,0,0,2,2,0,1,-1,-1,-1,-1,0,10,-1,1,1,3,-1,-1,-1,0,0,1,0,0,10,0,0,0,19.78
1,0,0,0,-1,0,1,0,0,0,0,0,-1,-1,-1,0,-1,-1,1,1,0,3,0,4,50,0,9223372036800000000,50,0,10,0,0,0,0,3,1,500,0,3,1,0,2,200,0,1,3,2,0,1,-1,-1,-1,-1,-1,10,-1,1,1,3,-1,-1,-1,0,0,1,3,0,10,0,0,0,20.11
1,0,0,0,-1,0,1,1,0,0,0,0,0,0,-1,2,1,1,0,1,0,3,0,-1,100,0,9223372036800000000,1e+75,0,10,0,0,7,0,0,1,0,0,1,1,0,0,0,0,0,0,2,0,1,-1,-1,-1,-1,0,10,-1,1,1,3,-1,-1,-1,0,0,1,0,0,10,0,0,0,19.98
1,0,0,0,-1,0,1,1,0,0,0,0,-1,0,0,-1,2,0,1,-1,1,3,0,-1,10,0,9223372036800000000,1e+75,0,10,0,0,7,0,0,1,0,0,1,1,0,0,0,0,0,0,2,0,1,-1,-1,-1,-1,0,10,-1,1,1,3,-1,-1,-1,0,0,1,0,0,10,0,0,0,24.04
1,0,0,0,-1,0,1,0,0,0,0,0,0,2,0,-1,2,-1,2,2,2,3,0,8,25,0,9223372036800000000,120,0,10,0,0,3,1,0,1,0,0,2,1,0,0,500,0,0,0,2,0,1,-1,-1,-1,-1,0,10,-1,1,1,3,-1,-1,-1,0,0,1,0,0,10,0,0,0,20.93
1,0,0,0,-1,0,1,0,0,0,0,0,3,0,0,0,-1,0,0,2,0,3,0,-1,100,0,9223372036800000000,1e+75,0,10,0,0,7,0,0,1,0,0,1,1,0,0,0,0,0,2,2,0,1,-1,-1,-1,-1,0,10,-1,1,1,3,-1,-1,-1,0,0,1,0,0,10,0,0,0,12.32
1,0,0,0,-1,0,1,0,0,0,0,0,1,0,-1,1,2,2,0,2,-1,3,0,-1,200,0,9223372036800000000,1e+75,0,10,0,0,7,0,0,1,0,0,1,1,0,0,0,0,0,0,2,0,1,-1,-1,-1,-1,0,10,-1,1,1,3,-1,-1,-1,0,0,1,0,0,10,0,0,0,11.81
1,0,0,0,-1,0,1,2,0,0,0,0,3,2,0,2,0,2,-1,1,2,3,0,8,25,0,9223372036800000000,0,0,10,0,0,3,-1,0,1,500,0,1,1,0,3,-1,0,4,3,2,0,1,-1,-1,-1,-1,-1,10,-1,1,1,3,-1,-1,-1,0,0,1,5,0,10,0,0,0,20.04
1,0,0,0,-1,0,1,2,0,0,0,0,0,3,0,1,1,2,2,0,0,3,0,2,400,0,9223372036800000000,10,0,10,0,0,30,0,3,1,500,0,0,1,1,2,-1,0,0,3,2,0,1,-1,-1,-1,-1,1,10,-1,1,1,3,-1,-1,-1,0,0,1,0,0,10,0,0,0,19.91
1,0,0,0,-1,0,1,0,0,0,0,0,3,0,0,0,0,0,-1,0,0,3,0,-1,200,0,9223372036800000000,1e+75,0,10,0,0,7,0,0,1,0,0,1,1,0,0,0,0,0,0,2,0,1,-1,-1,-1,-1,0,10,-1,1,1,3,-1,-1,-1,0,0,1,0,0,10,0,0,0,15.55
1,0,0,0,-1,0,1,2,0,0,0,0,-1,0,1,2,0,0,-1,-1,-1,3,0,-1,25,0,9223372036800000000,1e+75,0,10,0,0,7,0,0,1,0,0,1,1,0,-1,0,0,0,0,2,0,1,-1,-1,-1,-1,0,10,-1,1,1,3,-1,-1,-1,0,0,1,0,0,10,0,0,0,15.27
1,0,0,0,-1,0,1,5,0,0,0,0,3,0,1,0,1,1,-1,-1,1,3,0,-1,50,0,9223372036800000000,1e+75,0,10,0,0,7,0,0,1,0,0,1,1,0,0,0,0,0,0,2,0,1,-1,-1,-1,-1,0,10,-1,1,1,3,-1,-1,-1,0,0,1,0,0,10,0,0,0,15.54
1,0,0,0,-1,0,1,2,0,0,0,0,0,-1,0,1,1,2,2,0,0,3,0,2,400,0,9223372036800000000,10,0,10,0,0,30,0,3,1,500,0,0,1,0,2,100,0,0,3,2,0,1,-1,-1,-1,-1,1,10,-1,1,1,3,-1,-1,-1,0,0,1,0,0,10,0,0,0,19.59
1,0,0,0,-1,0,1,5,0,0,0,0,-1,0,-1,2,0,1,1,0,1,3,0,-1,10,0,9223372036800000000,1e+75,0,10,0,0,7,0,0,1,0,0,1,1,0,2,0,0,0,0,2,0,1,-1,-1,-1,-1,0,10,-1,1,1,3,-1,-1,-1,0,0,1,0,0,10,0,0,0,15.35
1,0,0,0,-1,0,1,0,0,0,0,0,2,0,-1,1,0,2,0,2,-1,3,0,-1,200,0,9223372036800000000,1e+75,0,10,0,0,7,0,0,1,0,0,1,1,0,0,0,0,0,0,2,0,1,-1,-1,-1,-1,0,10,-1,1,1,3,-1,-1,-1,0,0,1,0,0,10,0,0,0,12.52
1,0,0,0,-1,0,1,0,0,0,0,0,3,0,0,1,0,0,0,2,0,3,0,-1,200,0,9223372036800000000,1e+75,0,10,0,0,7,0,0,1,0,0,1,1,0,0,0,0,0,0,2,0,1,-1,-1,-1,-1,0,10,-1,1,1,3,-1,-1,-1,0,0,1,0,0,10,0,0,0,14.81
1,0,0,0,-1,0,1,0,0,0,0,0,2,0,0,0,0,1,0,0,1,3,0,4,400,0,9223372036800000000,5,0,10,0,0,7,0,3,1,20,0,3,1,2,-1,100,0,0,4,2,0,1,-1,-1,-1,-1,-1,10,-1,1,1,3,-1,-1,-1,0,0,1,0,0,10,0,0,0,18.8
1,0,0,0,-1,0,1,0,0,0,0,0,1,0,1,-1,2,1,2,-1,2,3,0,-1,50,0,9223372036800000000,1e+75,0,10,0,0,7,0,0,1,0,0,1,1,0,1,0,0,0,0,2,0,1,-1,-1,-1,-1,0,10,-1,1,1,3,-1,-1,-1,0,0,1,0,0,10,0,0,0,19.32
1,0,0,0,-1,0,1,5,0,0,0,0,3,0,1,0,0,1,1,-1,1,3,0,-1,50,0,9223372036800000000,1e+75,0,10,0,0,7,0,0,1,0,0,1,1,0,0,0,0,0,0,2,0,1,-1,-1,-1,-1,0,10,-1,1,1,3,-1,-1,-1,0,0,1,0,0,10,0,0,0,17.9
1,0,0,0,-1,0,1,5,0,0,0,0,2,0,-1,-1,2,1,0,2,2,3,0,-1,100,0,9223372036800000000,1e+75,0,10,0,0,7,0,1,1,0,0,0,1,0,3,0,0,0,0,2,0,1,-1,-1,-1,-1,0,10,-1,1,1,3,-1,-1,-1,0,0,1,0,0,10,0,0,0,22.2
1,0,0,0,-1,0,1,2,0,0,0,0,-1,0,1,2,-1,0,-1,-1,-1,3,0,-1,25,0,9223372036800000000,1e+75,0,10,0,0,7,0,0,1,0,0,1,1,0,-1,0,0,0,0,2,0,1,-1,-1,-1,-1,0,10,-1,1,1,3,-1,-1,-1,0,0,1,0,0,10,0,0,0,15.22
1,0,0,0,-1,0,1,0,0,0,0,0,2,-1,-1,-1,-1,1,2,-1,-1,3,0,16,50,0,9223372036800000000,20,0,10,0,0,7,1,0,1,100,0,3,1,3,2,1000,0,0,4,2,0,1,-1,-1,-1,-1,0,10,-1,1,1,3,-1,-1,-1,0,0,1,1,0,10,0,0,0,23.61
1,0,0,0,-1,0,1,5,0,0,0,0,0,1,0,2,2,0,-1,1,-1,3,0,2,25,0,9223372036800000000,120,0,10,0,0,0,-1,3,1,0,0,0,1,0,3,40,0,0,3,2,0,1,-1,-1,-1,-1,0,10,-1,1,1,3,-1,-1,-1,0,0,1,0,0,10,0,0,0,19.27
1,0,0,0,-1,0,1,0,0,0,0,0,0,0,0,0,0,0,0,1,0,3,0,-1,200,0,9223372036800000000,1e+75,0,10,0,0,7,0,0,1,0,0,1,1,0,0,0,0,0,0,2,0,1,-1,-1,-1,-1,0,10,-1,1,1,3,-1,-1,-1,0,0,1,0,0,10,0,0,0,16.2
1,0,0,0,-1,0,1,0,0,0,0,0,0,0,0,0,0,0,0,0,0,3,0,-1,200,0,9223372036800000000,1e+75,0,10,0,0,7,0,0,1,0,0,1,1,0,0,0,0,0,0,2,0,1,-1,-1,-1,-1,0,10,-1,1,1,3,-1,-1,-1,0,0,1,0,0,10,0,0,0,14.96
1,0,0,0,-1,0,1,4,0,0,0,0,2,0,1,-1,2,-1,1,0,-1,3,0,-1,50,0,9223372036800000000,1e+75,0,10,0,0,7,0,0,1,0,0,1,1,0,0,0,0,0,0,2,0,1,-1,-1,-1,-1,0,10,-1,1,1,3,-1,-1,-1,0,0,1,0,0,10,0,0,0,15.51
1,0,0,0,-1,0,1,0,0,0,0,0,-1,-1,1,2,-1,0,-1,0,-1,3,0,-1,50,0,9223372036800000000,1e+75,0,10,0,0,7,0,3,1,0,0,1,1,0,-1,0,0,0,-1,2,0,1,-1,-1,-1,-1,0,10,-1,1,1,3,-1,-1,-1,0,0,1,0,0,10,0,0,0,18.79
1,0,0,0,-1,0,1,0,0,0,0,0,0,2,-1,0,2,1,0,1,0,3,0,4,150,0,9223372036800000000,120,0,10,0,0,0,-1,2,1,20,0,2,1,-1,2,500,0,4,-1,2,0,1,-1,-1,-1,-1,0,10,-1,1,1,3,-1,-1,-1,0,0,1,3,0,10,0,0,0,22.67
1,0,0,0,-1,0,1,4,0,0,0,0,2,0,1,-1,2,-1,1,1,-1,3,0,-1,50,0,9223372036800000000,1e+75,0,10,0,0,7,0,0,1,0,0,1,1,0,0,0,0,0,0,2,0,1,-1,-1,-1,-1,0,10,-1,1,1,3,-1,-1,-1,0,0,1,0,0,10,0,0,0,16.9
1,0,0,0,-1,0,1,0,0,0,0,0,0,1,1,2,0,1,1,2,1,3,0,2,25,0,9223372036800000000,240,0,10,0,0,2,0,2,1,20,0,1,1,0,0,0,0,0,3,2,0,1,-1,-1,-1,-1,0,10,-1,1,1,3,-1,-1,-1,0,0,1,0,0,10,0,0,0,15.05
1,0,0,0,-1,0,1,5,0,0,0,0,0,1,0,2,2,0,-1,1,2,3,0,16,25,0,9223372036800000000,0,0,10,0,0,0,-1,3,1,0,0,0,1,0,3,40,0,0,3,2,0,1,-1,-1,-1,-1,0,10,-1,1,1,3,-1,-1,-1,0,0,1,0,0,10,0,0,0,19.12
1,0,0,0,-1,0,1,4,0,0,0,0,3,-1,0,2,-1,-1,-1,-1,-1,3,0,-1,100,0,9223372036800000000,0,0,10,0,0,10,1,1,1,40,0,1,1,1,2,-1,0,0,2,2,0,1,-1,-1,-1,-1,-1,10,-1,1,1,3,-1,-1,-1,0,0,0,1,0,10,0,0,0,5.96
1,0,0,0,-1,0,1,3,0,0,0,0,3,0,1,-1,0,1,2,1,-1,3,0,-1,400,0,9223372036800000000,1e+75,0,10,0,0,7,0,0,1,0,0,1,1,0,3,0,0,0,0,2,0,1,-1,-1,-1,-1,0,10,-1,1,1,3,-1,-1,-1,0,0,1,0,0,10,0,0,0,12.38
1,0,0,0,-1,0,1,4,0,0,0,0,0,3,1,1,2,0,1,-1,2,3,0,-1,100,0,9223372036800000000,1e+75,0,10,0,0,7,0,2,1,0,0,1,1,0,1,0,0,0,4,2,0,1,-1,-1,-1,-1,0,10,-1,1,1,3,-1,-1,-1,0,0,1,0,0,10,0,0,0,17.35
1,0,0,0,-1,0,1,5,0,0,0,0,3,-1,-1,-1,2,0,1,-1,1,3,0,16,150,0,9223372036800000000,30,0,10,0,0,2,0,3,1,0,0,1,1,0,0,40,0,0,0,2,0,1,-1,-1,-1,-1,0,10,-1,1,1,3,-1,-1,-1,0,0,1,0,0,10,0,0,0,15.67
1,0,0,0,-1,0,1,0,0,0,0,0,3,0,0,0,1,0,0,2,0,3,0,-1,200,0,9223372036800000000,1e+75,0,10,0,0,7,0,0,1,0,0,1,1,0,0,0,0,0,2,2,0,1,-1,-1,-1,-1,0,10,-1,1,1,3,-1,-1,-1,0,0,1,0,0,10,0,0,0,12.38
1,0,0,0,-1,0,1,0,0,0,0,0,1,0,-1,1,0,2,0,2,-1,3,0,-1,200,0,9223372036800000000,1e+75,0,10,0,0,7,0,0,1,0,0,1,1,0,0,0,0,0,0,2,0,1,-1,-1,-1,-1,0,10,-1,1,1,3,-1,-1,-1,0,0,1,0,0,10,0,0,0,11.81
1,0,0,0,-1,0,1,0,0,0,0,0,3,0,0,0,0,0,0,2,0,3,0,-1,800,0,9223372036800000000,1e+75,0,10,0,0,7,0,0,1,0,0,1,1,0,0,0,0,0,0,2,0,1,-1,-1,-1,-1,0,10,-1,1,1,3,-1,-1,-1,0,0,1,0,0,10,0,0,0,12.53
1,0,0,0,-1,0,1,1,0,0,0,0,1,-1,1,-1,0,-1,1,-1,1,3,0,16,400,0,9223372036800000000,60,0,10,0,0,3,0,2,1,40,0,1,1,-1,-1,20,0,0,2,2,0,1,-1,-1,-1,-1,-1,10,-1,1,1,3,-1,-1,-1,0,0,1,0,0,10,0,0,0,21.15
1,0,0,0,-1,0,1,2,0,0,0,0,-1,0,1,-1,2,0,-1,1,-1,3,0,-1,10,0,9223372036800000000,1e+75,0,10,0,0,7,0,0,1,0,0,0,1,0,-1,0,0,0,0,2,0,1,-1,-1,-1,-1,0,10,-1,1,1,3,-1,-1,-1,0,0,1,0,0,10,0,0,0,21.46
1,0,0,0,-1,0,1,5,0,0,0,0,2,1,0,2,-1,-1,0,1,1,3,0,2,50,0,9223372036800000000,20,0,10,0,0,4,1,2,1,0,0,1,1,0,2,0,0,0,2,2,0,1,-1,-1,-1,-1,0,10,-1,1,1,3,-1,-1,-1,0,0,1,0,0,10,0,0,0,19.25
1,0,0,0,-1,0,1,0,0,0,0,0,3,0,-1,2,-1,-1,1,0,0,3,0,-1,10,0,9223372036800000000,1e+75,0,10,0,0,7,0,0,1,0,0,1,1,0,3,0,0,0,0,2,0,1,-1,-1,-1,-1,0,10,-1,1,1,3,-1,-1,-1,0,0,1,0,0,10,0,0,0,15.24
1,0,0,0,-1,0,1,1,0,0,0,0,0,0,-1,2,1,1,0,1,0,3,0,-1,150,0,9223372036800000000,1e+75,0,10,0,0,7,0,0,1,0,0,1,1,0,0,0,0,0,0,2,0,1,-1,-1,-1,-1,0,10,-1,1,1,3,-1,-1,-1,0,0,1,0,0,10,0,0,0,19.98
1,0,0,0,-1,0,1,0,0,0,0,0,3,-1,0,-1,2,0,1,2,-1,3,0,4,100,0,9223372036800000000,10,0,10,0,0,30,0,2,1,0,0,1,1,3,-1,40,0,0,1,2,0,1,-1,-1,-1,-1,-1,10,-1,1,1,3,-1,-1,-1,0,0,1,0,0,10,0,0,0,17.32
1,0,0,0,-1,0,1,1,0,0,0,0,3,0,1,0,0,1,-1,-1,1,3,0,-1,50,0,9223372036800000000,1e+75,0,10,0,0,7,0,0,1,0,0,1,1,0,0,0,0,0,0,2,0,1,-1,-1,-1,-1,0,10,-1,1,1,3,-1,-1,-1,0,0,1,0,0,10,0,0,0,24.12
1,0,0,0,-1,0,1,2,0,0,0,0,3,2,1,0,-1,-1,1,0,2,3,0,4,50,0,9223372036800000000,240,0,10,0,0,5,-1,2,1,500,0,3,1,-1,2,20,0,0,3,2,0,1,-1,1,-1,-1,-1,10,-1,1,1,3,-1,-1,-1,0,0,1,5,0,10,0,0,0,19.95
1,0,0,0,-1,0,1,2,0,0,0,0,2,2,0,2,0,1,1,0,0,3,0,2,50,0,9223372036800000000,5,0,10,0,0,7,-1,2,1,1000,0,3,1,0,0,0,0,0,2,2,0,1,-1,-1,-1,-1,-1,10,-1,1,1,3,-1,-1,-1,0,0,1,0,0,10,0,0,0,20.29
1,0,0,0,-1,0,1,0,0,0,0,0,1,0,1,1,0,0,0,2,-1,3,0,-1,200,0,9223372036800000000,1e+75,0,10,0,0,7,0,0,1,0,0,1,1,0,0,0,0,0,0,2,0,1,-1,-1,-1,-1,0,10,-1,1,1,3,-1,-1,-1,0,0,1,0,0,10,0,0,0,14.81
1,0,0,0,-1,0,1,0,0,0,0,0,3,0,0,0,0,0,0,0,0,3,0,-1,200,0,9223372036800000000,1e+75,0,10,0,0,7,0,0,1,0,0,1,1,0,0,0,0,0,0,2,0,1,-1,-1,-1,-1,0,10,-1,1,1,3,-1,-1,-1,0,0,1,0,0,10,0,0,0,14.27
1,0,0,0,-1,0,1,0,0,0,0,0,-1,2,-1,1,-1,2,-1,2,2,3,0,2,400,0,9223372036800000000,20,0,10,0,0,15,0,3,1,-1,0,3,1,-1,3,1000,0,0,3,2,0,1,-1,1,-1,-1,1,10,-1,1,1,3,-1,-1,-1,0,0,1,4,0,10,0,0,0,21.13
1,0,0,0,-1,0,1,5,0,0,0,0,3,-1,0,-1,0,2,1,2,0,3,0,2,25,0,9223372036800000000,0,0,10,0,0,7,0,3,1,0,0,1,1,0,0,0,0,0,4,2,0,1,-1,-1,-1,-1,0,10,-1,1,1,3,-1,-1,-1,0,0,1,0,0,10,0,0,0,17.72
1,0,0,0,-1,0,1,5,0,0,0,0,3,3,-1,-1,-1,0,1,1,2,3,0,-1,100,0,9223372036800000000,1e+75,0,10,0,0,7,0,3,1,0,0,2,1,0,3,0,0,0,3,2,0,1,-1,-1,-1,-1,0,10,-1,1,1,3,-1,-1,-1,0,0,1,0,0,10,0,0,0,20.18
1,0,0,0,-1,0,1,2,0,0,0,0,1,1,1,1,0,0,2,0,2,3,0,-1,25,0,9223372036800000000,1e+75,0,10,0,0,7,0,3,1,0,0,2,1,0,1,0,0,0,4,2,0,1,-1,-1,-1,-1,0,10,-1,1,1,3,-1,-1,-1,0,0,1,0,0,10,0,0,0,18.29
1,0,0,0,-1,0,1,4,0,0,0,0,3,2,1,-1,2,2,1,1,2,3,0,8,10,0,9223372036800000000,2,0,10,0,0,7,-1,3,1,0,0,2,1,0,-1,200,0,0,2,2,0,1,-1,-1,-1,-1,0,10,-1,1,1,3,-1,-1,-1,0,0,1,0,0,10,0,0,0,20.69
1,0,0,0,-1,0,1,4,0,0,0,0,1,0,1,1,1,0,-1,-1,1,3,0,-1,200,0,9223372036800000000,1e+75,0,10,0,0,7,0,0,1,0,0,1,1,0,0,0,0,0,0,2,0,1,-1,-1,-1,-1,0,10,-1,1,1,3,-1,-1,-1,0,0,1,0,0,10,0,0,0,18.49
1,0,0,0,-1,0,1,5,0,0,0,0,3,0,1,0,0,1,1,-1,-1,3,0,-1,50,0,9223372036800000000,1e+75,0,10,0,0,7,0,0,1,0,0,1,1,0,0,0,0,0,0,2,0,1,-1,-1,-1,-1,0,10,-1,1,1,3,-1,-1,-1,0,0,1,0,0,10,0,0,0,17.9
1,0,0,0,-1,0,1,1,0,0,0,0,-1,0,-1,2,2,2,0,1,-1,3,0,-1,10,0,9223372036800000000,1e+75,0,10,0,0,7,0,0,1,0,0,1,1,0,0,0,0,0,0,2,0,1,-1,-1,-1,-1,0,10,-1,1,1,3,-1,-1,-1,0,0,1,0,0,10,0,0,0,20.3
1,0,0,0,-1,0,1,5,0,0,0,0,3,0,-1,-1,2,1,2,-1,0,3,0,-1,800,0,9223372036800000000,1e+75,0,10,0,0,7,0,0,1,0,0,1,1,0,0,0,0,0,0,2,0,1,-1,-1,-1,-1,0,10,-1,1,1,3,-1,-1,-1,0,0,1,0,0,10,0,0,0,14.54
1,0,0,0,-1,0,1,5,0,0,0,0,3,0,1,1,0,2,-1,-1,0,3,0,-1,150,0,9223372036800000000,1e+75,0,10,0,0,7,0,2,1,0,0,2,1,0,-1,0,0,0,4,2,0,1,-1,-1,-1,-1,0,10,-1,1,1,3,-1,-1,-1,0,0,1,0,0,10,0,0,0,22.37
1,0,0,0,-1,0,1,3,0,0,0,0,2,0,1,2,1,-1,-1,0,0,3,0,-1,10,0,9223372036800000000,1e+75,0,10,0,0,7,0,1,1,0,0,1,1,0,-1,100,0,0,0,2,0,1,-1,-1,-1,-1,0,10,-1,1,1,3,-1,-1,-1,0,0,1,0,0,10,0,0,0,13.58
1,0,0,0,-1,0,1,2,0,0,0,0,2,0,1,2,-1,2,0,2,2,3,0,4,25,0,9223372036800000000,1e+75,0,10,0,0,10,0,0,1,100,0,3,1,1,2,-1,0,5,-1,2,0,1,-1,-1,-1,-1,1,10,-1,1,1,3,-1,-1,-1,0,0,1,3,0,10,0,0,0,30.12
1,0,0,0,-1,0,1,5,0,0,0,0,-1,1,1,1,-1,1,0,0,0,3,0,-1,10,0,9223372036800000000,30,0,10,0,0,30,-1,3,1,1000,0,3,1,1,2,60,0,0,1,2,0,1,-1,-1,-1,-1,0,10,-1,1,1,3,-1,-1,-1,0,0,1,0,0,10,0,0,0,20.61
1,0,0,0,-1,0,1,3,0,0,0,0,-1,0,-1,-1,2,-1,2,2,1,3,0,-1,100,0,9223372036800000000,1e+75,0,10,0,0,7,0,0,1,0,0,1,1,0,-1,0,0,0,0,2,0,1,-1,-1,-1,-1,0,10,-1,1,1,3,-1,-1,-1,0,0,1,0,0,10,0,0,0,15.71
1,0,0,0,-1,0,1,5,0,0,0,0,1,1,1,1,0,0,-1,0,2,3,0,-1,25,0,9223372036800000000,1e+75,0,10,0,0,7,0,3,1,0,0,2,1,0,-1,0,0,0,4,2,0,1,-1,-1,-1,-1,0,10,-1,1,1,3,-1,-1,-1,0,0,1,0,0,10,0,0,0,20.99
1,0,0,0,-1,0,1,0,0,0,0,0,-1,-1,-1,0,-1,-1,1,1,0,3,0,4,50,0,9223372036800000000,50,0,10,0,0,0,0,3,1,-1,0,3,1,0,2,200,0,1,3,2,0,1,-1,-1,-1,-1,1,10,-1,1,1,3,-1,-1,-1,0,0,1,0,0,10,0,0,0,20.17
1,0,0,0,-1,0,1,0,0,0,0,0,0,0,0,0,0,2,0,0,0,3,0,-1,200,0,9223372036800000000,1e+75,0,10,0,0,7,0,0,1,0,0,1,1,0,0,0,0,0,0,2,0,1,-1,-1,-1,-1,0,10,-1,1,1,3,-1,-1,-1,0,0,1,0,0,10,0,0,0,16.75
1,0,0,0,-1,0,1,0,0,0,0,0,0,-1,0,1,-1,1,0,1,1,3,0,1,100,0,9223372036800000000,240,0,10,0,0,2,1,2,1,500,0,1,1,1,-1,60,0,0,2,2,0,1,-1,-1,-1,-1,0,10,-1,1,1,3,-1,-1,-1,0,0,1,0,0,10,0,0,0,7.02
1,0,0,0,-1,0,1,5,0,0,0,0,3,0,1,0,0,1,1,-1,1,3,0,-1,150,0,9223372036800000000,1e+75,0,10,0,0,7,0,0,1,0,0,1,1,0,0,0,0,0,0,2,0,1,-1,-1,-1,-1,0,10,-1,1,1,3,-1,-1,-1,0,0,1,0,0,10,0,0,0,17.9
1,0,0,0,-1,0,1,0,0,0,0,0,0,-1,0,-1,0,2,-1,2,2,3,0,4,200,0,9223372036800000000,2,0,10,0,0,30,1,1,1,100,0,1,1,1,2,20,0,3,-1,2,0,1,-1,-1,-1,-1,0,10,-1,1,1,3,-1,-1,-1,0,0,1,4,0,10,0,0,0,22.45
1,0,0,0,-1,0,1,5,0,0,0,0,3,3,-1,-1,-1,0,-1,1,2,3,0,-1,25,0,9223372036800000000,1e+75,0,10,0,0,7,0,3,1,0,0,2,1,0,3,0,0,0,3,2,0,1,-1,-1,-1,-1,0,10,-1,1,1,3,-1,-1,-1,0,0,1,0,0,10,0,0,0,19.56
1,0,0,0,-1,0,1,0,0,0,0,0,3,1,-1,1,2,0,0,0,-1,3,0,2,400,0,9223372036800000000,60,0,10,0,0,30,0,1,1,0,0,3,1,0,2,-1,0,0,2,2,0,1,-1,-1,-1,-1,0,10,-1,1,1,3,-1,-1,-1,0,0,1,0,0,10,0,0,0,17.04
1,0,0,0,-1,0,1,5,0,0,0,0,3,0,1,0,0,1,1,0,1,3,0,-1,50,0,9223372036800000000,1e+75,0,10,0,0,7,0,0,1,0,0,1,1,0,0,0,0,0,0,2,0,1,-1,-1,-1,-1,0,10,-1,1,1,3,-1,-1,-1,0,0,1,0,0,10,0,0,0,20.23
1,0,0,0,-1,0,1,5,0,0,0,0,-1,3,1,-1,0,-1,-1,1,-1,3,0,-1,200,0,9223372036800000000,1e+75,0,10,0,0,7,0,2,1,0,0,3,1,0,2,0,0,0,0,2,0,1,-1,-1,-1,-1,0,10,-1,1,1,3,-1,-1,-1,0,0,1,0,0,10,0,0,0,17.66
1,0,0,0,-1,0,1,5,0,0,0,0,3,0,0,0,-1,0,0,2,0,3,0,-1,200,0,9223372036800000000,1e+75,0,10,0,0,7,0,3,1,0,0,1,1,0,-1,60,0,0,2,2,0,1,-1,-1,-1,-1,0,10,-1,1,1,3,-1,-1,-1,0,0,1,0,0,10,0,0,0,20.44
1,0,0,0,-1,0,1,3,0,0,0,0,-1,0,-1,0,2,-1,2,2,1,3,0,-1,100,0,9223372036800000000,1e+75,0,10,0,0,7,0,0,1,0,0,1,1,0,1,0,0,0,0,2,0,1,-1,-1,-1,-1,0,10,-1,1,1,3,-1,-1,-1,0,0,1,0,0,10,0,0,0,10.96
1,0,0,0,-1,0,1,0,0,0,0,0,0,0,0,2,2,0,0,0,1,3,0,-1,200,0,9223372036800000000,1e+75,0,10,0,0,7,0,0,1,0,0,1,1,0,0,0,0,0,0,2,0,1,-1,-1,-1,-1,0,10,-1,1,1,3,-1,-1,-1,0,0,1,0,0,10,0,0,0,16
1,0,0,0,-1,0,1,3,0,0,0,0,2,0,0,0,1,-1,-1,0,0,3,0,16,10,0,9223372036800000000,0,0,10,0,0,2,1,3,1,0,0,1,1,-1,3,100,0,2,0,2,0,1,-1,-1,-1,-1,-1,10,-1,1,1,3,-1,-1,-1,0,0,1,0,0,10,0,0,0,10.22
1,0,0,0,-1,0,1,0,0,0,0,0,3,0,0,0,-1,0,0,2,0,3,0,-1,25,0,9223372036800000000,1e+75,0,10,0,0,7,0,3,1,0,0,1,1,0,-1,60,0,0,2,2,0,1,-1,-1,-1,-1,0,10,-1,1,1,3,-1,-1,-1,0,0,1,0,0,10,0,0,0,15.66
1,0,0,0,-1,0,1,5,0,0,0,0,2,0,0,0,0,1,0,0,1,3,0,4,400,0,9223372036800000000,5,0,10,0,0,7,0,3,1,20,0,3,1,2,-1,60,0,0,4,2,0,1,-1,-1,-1,-1,-1,10,-1,1,1,3,-1,-1,-1,0,0,1,0,0,10,0,0,0,20.49
1,0,0,0,-1,0,1,4,0,0,0,0,3,-1,-1,2,2,0,-1,2,-1,3,0,-1,800,0,9223372036800000000,1e+75,0,10,0,0,7,0,2,1,0,0,1,1,0,3,0,0,0,2,2,0,1,-1,-1,-1,-1,0,10,-1,1,1,3,-1,-1,-1,0,0,1,0,0,10,0,0,0,11.23
1,0,0,0,-1,0,1,0,0,0,0,0,3,0,0,0,-1,0,0,2,0,3,0,-1,200,0,9223372036800000000,240,0,10,0,0,7,0,3,1,0,0,1,1,0,-1,1000,0,0,2,2,0,1,-1,-1,-1,-1,0,10,-1,1,1,3,-1,-1,-1,0,0,1,0,0,10,0,0,0,11.8
1,0,0,0,-1,0,1,0,0,0,0,0,3,3,0,0,-1,0,0,2,0,3,0,-1,200,0,9223372036800000000,1e+75,0,10,0,0,7,0,0,1,0,0,1,1,0,0,0,0,0,2,2,0,1,-1,-1,-1,-1,0,10,-1,1,1,3,-1,-1,-1,0,0,1,0,0,10,0,0,0,13.13
1,0,0,0,-1,0,1,5,0,0,0,0,0,1,1,-1,2,1,1,2,1,3,0,1,50,0,9223372036800000000,2,0,10,0,0,0,-1,0,1,0,0,3,1,0,3,100,0,0,3,2,0,1,-1,-1,-1,-1,0,10,-1,1,1,3,-1,-1,-1,0,0,1,0,0,10,0,0,0,22.5
1,0,0,0,-1,0,1,2,0,0,0,0,1,1,1,1,0,0,-1,0,2,3,0,-1,25,0,9223372036800000000,1e+75,0,10,0,0,7,0,3,1,0,0,2,1,0,1,0,0,0,1,2,0,1,-1,-1,-1,-1,0,10,-1,1,1,3,-1,-1,-1,0,0,1,0,0,10,0,0,0,19.63
1,0,0,0,-1,0,1,0,0,0,0,0,2,2,0,1,2,0,-1,1,-1,3,0,-1,150,0,9223372036800000000,1e+75,0,10,0,0,7,0,0,1,0,0,1,1,0,1,0,0,0,0,2,0,1,-1,-1,-1,-1,0,10,-1,1,1,3,-1,-1,-1,0,0,1,0,0,10,0,0,0,16.54
1,0,0,0,-1,0,1,0,0,0,0,0,2,3,0,1,2,0,-1,1,-1,3,0,-1,25,0,9223372036800000000,1e+75,0,10,0,0,7,0,3,1,0,0,1,1,0,1,0,0,0,0,2,0,1,-1,-1,-1,-1,0,10,-1,1,1,3,-1,-1,-1,0,0,1,0,0,10,0,0,0,14.74
1,0,0,0,-1,0,1,3,0,0,0,0,2,0,1,2,1,-1,-1,0,0,3,0,-1,10,0,9223372036800000000,1e+75,0,10,0,0,4,0,1,1,0,0,1,1,0,-1,0,0,0,0,2,0,1,-1,-1,-1,-1,0,10,-1,1,1,3,-1,-1,-1,0,0,1,0,0,10,0,0,0,10.13
1,0,0,0,-1,0,1,2,0,0,0,0,3,2,0,2,0,2,-1,1,2,3,0,8,25,0,9223372036800000000,0,0,10,0,0,3,-1,0,1,500,0,1,1,0,3,-1,0,3,3,2,0,1,-1,-1,-1,-1,1,10,-1,1,1,3,-1,-1,-1,0,0,1,5,0,10,0,0,0,17.15
1,0,0,0,-1,0,1,4,0,0,0,0,1,0,0,2,-1,-1,1,1,0,3,0,2,200,0,9223372036800000000,30,0,10,0,0,7,1,3,1,0,0,1,1,0,0,-1,0,0,1,2,0,1,-1,-1,-1,-1,0,10,-1,1,1,3,-1,-1,-1,0,0,1,0,0,10,0,0,0,14.76
1,0,0,0,-1,0,1,2,0,0,0,0,1,1,1,1,-1,0,-1,0,2,3,0,-1,25,0,9223372036800000000,1e+75,0,10,0,0,7,0,3,1,0,0,2,1,0,1,0,0,0,4,2,0,1,-1,-1,-1,-1,0,10,-1,1,1,3,-1,-1,-1,0,0,1,0,0,10,0,0,0,19.85
1,0,0,0,-1,0,1,0,0,0,0,0,0,-1,0,1,-1,1,0,1,1,3,0,1,100,0,9223372036800000000,240,0,10,0,0,2,1,2,1,500,0,1,1,1,-1,200,0,0,2,2,0,1,-1,-1,-1,-1,0,10,-1,1,1,3,-1,-1,-1,0,0,1,0,0,10,0,0,0,7.75
1,0,0,0,-1,0,1,2,0,0,0,0,1,1,1,1,0,0,-1,0,2,3,0,-1,25,0,9223372036800000000,1e+75,0,10,0,0,7,0,3,1,0,0,2,1,0,0,0,0,0,4,2,0,1,-1,-1,-1,-1,0,10,-1,1,1,3,-1,-1,-1,0,0,1,0,0,10,0,0,0,17.61
1,0,0,0,-1,0,1,0,0,0,0,0,3,0,0,0,-1,0,2,2,0,3,0,-1,200,0,9223372036800000000,1e+75,0,10,0,0,7,0,0,1,0,0,1,1,0,-1,60,0,0,2,2,0,1,-1,-1,-1,-1,0,10,-1,1,1,3,-1,-1,-1,0,0,1,0,0,10,0,0,0,11.99
1,0,0,0,-1,0,1,0,0,0,0,0,3,0,0,0,-1,0,0,0,0,3,0,-1,200,0,9223372036800000000,1e+75,0,10,0,0,7,0,0,1,0,0,1,1,0,-1,60,0,0,2,2,0,1,-1,-1,-1,-1,0,10,-1,1,1,3,-1,-1,-1,0,0,1,0,0,10,0,0,0,15.92
1,0,0,0,-1,0,1,4,0,0,0,0,3,2,0,-1,0,1,1,2,0,3,0,16,150,0,9223372036800000000,1,0,10,0,0,3,0,0,1,500,0,0,1,0,-1,100,0,0,-1,2,0,1,-1,-1,-1,-1,-1,10,-1,1,1,3,-1,-1,-1,0,0,1,0,0,10,0,0,0,22.9
1,0,0,0,-1,0,1,4,0,0,0,0,2,0,1,-1,2,-1,1,-1,-1,3,0,-1,50,0,9223372036800000000,1e+75,0,10,0,0,7,0,0,1,0,0,1,1,0,0,0,0,0,0,2,0,1,-1,-1,-1,-1,0,10,-1,1,1,3,-1,-1,-1,0,0,1,0,0,10,0,0,0,20.4
1,0,0,0,-1,0,1,0,0,0,0,0,2,2,0,1,1,0,-1,1,-1,3,0,-1,25,0,9223372036800000000,1e+75,0,10,0,0,7,0,3,1,0,0,1,1,0,1,0,0,0,0,2,0,1,-1,-1,-1,-1,0,10,-1,1,1,3,-1,-1,-1,0,0,1,0,0,10,0,0,0,14.74
1,0,0,0,-1,0,1,0,0,0,0,0,3,1,-1,1,2,0,0,0,-1,3,0,2,100,0,9223372036800000000,60,0,10,0,0,30,0,2,1,0,0,3,1,0,2,1000,0,0,2,2,0,1,-1,-1,-1,-1,0,10,-1,1,1,3,-1,-1,-1,0,0,1,0,0,10,0,0,0,19.16
1,0,0,0,-1,0,1,2,0,0,0,0,1,0,-1,1,0,2,0,2,-1,3,0,-1,200,0,9223372036800000000,1e+75,0,10,0,0,7,0,0,1,0,0,1,1,0,0,0,0,0,0,2,0,1,-1,-1,-1,-1,0,10,-1,1,1,3,-1,-1,-1,0,0,1,0,0,10,0,0,0,13.18
1,0,0,0,-1,0,1,0,0,0,0,0,-1,-1,1,-1,-1,0,-1,0,-1,3,0,-1,50,0,9223372036800000000,1e+75,0,10,0,0,7,0,3,1,0,0,2,1,0,-1,0,0,0,-1,2,0,1,-1,-1,-1,-1,0,10,-1,1,1,3,-1,-1,-1,0,0,1,0,0,10,0,0,0,21.35
1,0,0,0,-1,0,1,4,0,0,0,0,3,-1,-1,2,0,0,-1,2,-1,3,0,-1,800,0,9223372036800000000,1e+75,0,10,0,0,7,0,0,1,0,0,1,1,0,3,0,0,0,2,2,0,1,-1,-1,-1,-1,0,10,-1,1,1,3,-1,-1,-1,0,0,1,0,0,10,0,0,0,13.64
1,0,0,0,-1,0,1,5,0,0,0,0,3,1,0,2,2,-1,1,0,-1,3,0,-1,10,0,9223372036800000000,20,0,10,0,0,15,-1,2,1,100,0,1,1,0,1,1000,0,2,2,2,0,1,-1,-1,-1,-1,1,10,-1,1,1,3,-1,-1,-1,0,0,1,0,0,10,0,0,0,18.73
1,0,0,0,-1,0,1,2,0,0,0,0,2,0,1,-1,2,-1,1,-1,-1,3,0,-1,50,0,9223372036800000000,1e+75,0,10,0,0,7,0,0,1,0,0,1,1,0,0,0,0,0,0,2,0,1,-1,-1,-1,-1,0,10,-1,1,1,3,-1,-1,-1,0,0,1,0,0,10,0,0,0,14.51
1,0,0,0,-1,0,1,2,0,0,0,0,1,0,1,0,0,0,1,2,2,3,0,-1,50,0,9223372036800000000,1e+75,0,10,0,0,7,0,0,1,0,0,1,1,0,0,0,0,0,0,2,0,1,-1,-1,-1,-1,0,10,-1,1,1,3,-1,-1,-1,0,0,1,0,0,10,0,0,0,12.63
1,0,0,0,-1,0,1,0,0,0,0,0,3,0,0,0,-1,0,0,2,0,3,0,-1,200,0,9223372036800000000,1e+75,0,10,0,0,7,0,0,1,0,0,1,1,0,-1,0,0,0,-1,2,0,1,-1,-1,-1,-1,0,10,-1,1,1,3,-1,-1,-1,0,0,1,0,0,10,0,0,0,17.76
1,0,0,0,-1,0,1,3,0,0,0,0,2,0,1,-1,1,1,-1,0,0,3,0,-1,200,0,9223372036800000000,1e+75,0,10,0,0,7,0,0,1,0,0,1,1,0,-1,0,0,0,0,2,0,1,-1,-1,-1,-1,0,10,-1,1,1,3,-1,-1,-1,0,0,1,0,0,10,0,0,0,15.62
1,0,0,0,-1,0,1,4,0,0,0,0,3,-1,-1,2,0,0,-1,2,-1,3,0,-1,800,0,9223372036800000000,1e+75,0,10,0,0,7,0,2,1,0,0,1,1,0,0,0,0,0,2,2,0,1,-1,-1,-1,-1,0,10,-1,1,1,3,-1,-1,-1,0,0,1,0,0,10,0,0,0,11.23
1,0,0,0,-1,0,1,2,0,0,0,0,-1,3,0,1,0,0,1,1,0,3,0,1,800,0,9223372036800000000,50,0,10,0,0,4,0,1,1,0,0,1,1,0,3,0,0,0,3,2,0,1,-1,-1,-1,-1,0,10,-1,1,1,3,-1,-1,-1,0,0,1,0,0,10,0,0,0,14.16
1,0,0,0,-1,0,1,1,0,0,0,0,1,-1,0,2,0,0,-1,2,0,3,0,-1,50,0,9223372036800000000,1e+75,0,10,0,0,7,0,2,1,0,0,2,1,0,0,0,0,0,2,2,0,1,-1,-1,-1,-1,0,10,-1,1,1,3,-1,-1,-1,0,0,1,0,0,10,0,0,0,20.48
1,0,0,0,-1,0,1,0,0,0,0,0,2,2,0,1,2,0,-1,1,-1,3,0,-1,150,0,9223372036800000000,1e+75,0,10,0,0,7,0,3,1,0,0,1,1,0,1,0,0,0,0,2,0,1,-1,-1,-1,-1,0,10,-1,1,1,3,-1,-1,-1,0,0,1,0,0,10,0,0,0,15.78
1,0,0,0,-1,0,1,1,0,0,0,0,3,0,-1,2,1,1,0,1,0,3,0,-1,25,0,9223372036800000000,1e+75,0,10,0,0,7,0,0,1,0,0,1,1,0,0,0,0,0,0,2,0,1,-1,-1,-1,-1,0,10,-1,1,1,3,-1,-1,-1,0,0,1,0,0,10,0,0,0,21.22
1,0,0,0,-1,0,1,4,0,0,0,0,1,0,0,2,-1,-1,1,1,0,3,0,2,200,0,9223372036800000000,30,0,10,0,0,7,1,3,1,0,0,1,1,0,2,1000,0,0,1,2,0,1,-1,-1,-1,-1,0,10,-1,1,1,3,-1,-1,-1,0,0,1,0,0,10,0,0,0,15.57
1,0,0,0,-1,0,1,1,0,0,0,0,1,3,1,-1,0,-1,2,-1,1,3,0,16,400,0,9223372036800000000,60,0,10,0,0,3,-1,2,1,500,0,1,1,-1,3,20,0,0,2,2,0,1,-1,-1,-1,-1,-1,10,-1,1,1,3,-1,-1,-1,0,0,1,0,0,10,0,0,0,23.67
1,0,0,0,-1,0,1,5,0,0,0,0,3,3,-1,0,-1,0,-1,1,2,3,0,-1,25,0,9223372036800000000,1e+75,0,10,0,0,7,0,3,1,0,0,2,1,0,3,0,0,0,3,2,0,1,-1,-1,-1,-1,0,10,-1,1,1,3,-1,-1,-1,0,0,1,0,0,10,0,0,0,20.55
1,0,0,0,-1,0,1,5,0,0,0,0,-1,3,1,-1,2,-1,-1,1,-1,3,0,-1,200,0,9223372036800000000,1e+75,0,10,0,0,7,0,2,1,0,0,3,1,0,2,0,0,0,0,2,0,1,-1,-1,-1,-1,0,10,-1,1,1,3,-1,-1,-1,0,0,1,0,0,10,0,0,0,17.66
1,0,0,0,-1,0,1,5,0,0,0,0,0,0,1,2,0,0,-1,0,2,3,0,-1,10,0,9223372036800000000,1e+75,0,10,0,0,7,0,0,1,0,0,1,1,0,0,0,0,0,0,2,0,1,-1,-1,-1,-1,0,10,-1,1,1,3,-1,-1,-1,0,0,1,0,0,10,0,0,0,15.18
1,0,0,0,-1,0,1,0,0,0,0,0,0,-1,0,1,-1,1,0,1,1,3,0,1,100,0,9223372036800000000,240,0,10,0,0,2,1,2,1,500,0,1,1,1,-1,60,0,0,4,2,0,1,-1,-1,-1,-1,0,10,-1,1,1,3,-1,-1,-1,0,0,1,0,0,10,0,0,0,9.16
1,0,0,0,-1,0,1,0,0,0,0,0,3,0,0,0,0,0,0,2,0,3,0,-1,200,0,9223372036800000000,1e+75,0,10,0,0,7,0,3,1,0,0,1,1,0,0,0,0,0,0,2,0,1,-1,-1,-1,-1,0,10,-1,1,1,3,-1,-1,-1,0,0,1,0,0,10,0,0,0,13.52
1,0,0,0,-1,0,1,5,0,0,0,0,-1,0,1,0,0,1,-1,-1,1,3,0,-1,25,0,9223372036800000000,1e+75,0,10,0,0,7,0,0,1,0,0,1,1,0,0,0,0,0,0,2,0,1,-1,-1,-1,-1,0,10,-1,1,1,3,-1,-1,-1,0,0,1,0,0,10,0,0,0,15.03
1,0,0,0,-1,0,1,5,0,0,0,0,3,0,1,0,0,1,-1,0,1,3,0,-1,50,0,9223372036800000000,1e+75,0,10,0,0,7,0,0,1,0,0,1,1,0,0,0,0,0,0,2,0,1,-1,-1,-1,-1,0,10,-1,1,1,3,-1,-1,-1,0,0,1,0,0,10,0,0,0,18.71
1,0,0,0,-1,0,1,0,0,0,0,0,1,0,0,2,0,2,2,1,2,3,0,1,10,0,9223372036800000000,40,0,10,0,0,0,-1,2,1,0,0,1,1,0,0,1000,0,0,1,2,0,1,-1,-1,-1,-1,0,10,-1,1,1,3,-1,-1,-1,0,0,1,0,0,10,0,0,0,20.13
1,0,0,0,-1,0,1,0,0,0,0,0,3,-1,-1,-1,2,0,1,-1,1,3,0,-1,150,0,9223372036800000000,50,0,10,0,0,2,0,3,1,0,0,1,1,0,0,40,0,0,0,2,0,1,-1,-1,-1,-1,0,10,-1,1,1,3,-1,-1,-1,0,0,1,0,0,10,0,0,0,16.6
1,0,0,0,-1,0,1,0,0,0,0,0,3,0,0,0,-1,0,0,2,0,3,0,-1,200,0,9223372036800000000,1e+75,0,10,0,0,7,0,3,1,0,0,1,1,0,-1,60,0,0,3,2,0,1,-1,-1,-1,-1,0,10,-1,1,1,3,-1,-1,-1,0,0,1,0,0,10,0,0,0,14.65
1,0,0,0,-1,0,1,5,0,0,0,0,0,1,0,-1,2,1,1,2,1,3,0,1,50,0,9223372036800000000,2,0,10,0,0,0,-1,0,1,0,0,3,1,0,1,100,0,0,3,2,0,1,-1,-1,-1,-1,0,10,-1,1,1,3,-1,-1,-1,0,0,1,0,0,10,0,0,0,22.5
1,0,0,0,-1,0,1,5,0,0,0,0,-1,-1,1,1,-1,1,0,0,0,3,0,-1,10,0,9223372036800000000,30,0,10,0,0,30,-1,3,1,1000,0,3,1,2,2,60,0,0,1,2,0,1,-1,-1,-1,-1,0,10,-1,1,1,3,-1,-1,-1,0,0,1,0,0,10,0,0,0,19.05
1,0,0,0,-1,0,1,5,0,0,0,0,3,0,1,0,0,1,1,-1,1,3,0,-1,25,0,9223372036800000000,1e+75,0,10,0,0,7,0,0,1,0,0,1,1,0,0,0,0,0,0,2,0,1,-1,-1,-1,-1,0,10,-1,1,1,3,-1,-1,-1,0,0,1,0,0,10,0,0,0,17.03
1,0,0,0,-1,0,1,5,0,0,0,0,-1,2,-1,-1,0,1,2,-1,2,3,0,8,400,0,9223372036800000000,20,0,10,0,0,2,0,3,1,-1,0,3,1,1,3,60,0,1,4,2,0,1,-1,-1,-1,-1,1,10,-1,1,1,3,-1,-1,-1,0,0,1,0,0,10,0,0,0,23.94
1,0,0,0,-1,0,1,3,0,0,0,0,2,0,1,2,1,-1,-1,0,0,3,0,1,10,0,9223372036800000000,1e+75,0,10,0,0,7,0,1,1,0,0,1,1,0,-1,0,0,0,0,2,0,1,-1,-1,-1,-1,1,10,-1,1,1,3,-1,-1,-1,0,0,1,0,0,10,0,0,0,7.84
1,0,0,0,-1,0,1,5,0,0,0,0,-1,3,1,-1,2,-1,-1,1,-1,3,0,-1,200,0,9223372036800000000,1e+75,0,10,0,0,7,0,3,1,0,0,3,1,0,2,0,0,0,0,2,0,1,-1,-1,-1,-1,0,10,-1,1,1,3,-1,-1,-1,0,0,1,0,0,10,0,0,0,21.54
1,0,0,0,-1,0,1,1,0,0,0,0,-1,0,-1,2,2,2,2,1,-1,3,0,-1,150,0,9223372036800000000,1e+75,0,10,0,0,7,0,0,1,0,0,1,1,0,0,0,0,0,0,2,0,1,-1,-1,-1,-1,0,10,-1,1,1,3,-1,-1,-1,0,0,1,0,0,10,0,0,0,20.84
1,0,0,0,-1,0,1,0,0,0,0,0,-1,-1,1,2,-1,0,-1,0,-1,3,0,-1,50,0,9223372036800000000,1e+75,0,10,0,0,7,0,3,1,0,0,2,1,0,-1,0,0,0,2,2,0,1,-1,-1,-1,-1,0,10,-1,1,1,3,-1,-1,-1,0,0,1,0,0,10,0,0,0,20.56
1,0,0,0,-1,0,1,0,0,0,0,0,1,0,1,0,0,0,2,1,-1,3,0,-1,25,0,9223372036800000000,1e+75,0,10,0,0,7,0,0,1,0,0,1,1,0,0,0,0,0,0,2,0,1,-1,-1,-1,-1,0,10,-1,1,1,3,-1,-1,-1,0,0,1,0,0,10,0,0,0,13.54
1,0,0,0,-1,0,1,4,0,0,0,0,2,0,1,-1,2,-1,1,2,-1,3,0,-1,50,0,9223372036800000000,1e+75,0,10,0,0,7,0,0,1,0,0,1,1,0,0,0,0,0,0,2,0,1,-1,-1,-1,-1,0,10,-1,1,1,3,-1,-1,-1,0,0,1,0,0,10,0,0,0,13.74
1,0,0,0,-1,0,1,0,0,0,0,0,0,0,0,2,2,-1,2,1,1,3,0,-1,200,0,9223372036800000000,1e+75,0,10,0,0,7,0,0,1,0,0,1,1,0,0,0,0,0,0,2,0,1,-1,-1,-1,-1,0,10,-1,1,1,3,-1,-1,-1,0,0,1,0,0,10,0,0,0,17.07
1,0,0,0,-1,0,1,0,0,0,0,0,3,0,0,0,-1,0,0,2,0,3,0,-1,200,0,9223372036800000000,1e+75,0,10,0,0,7,0,0,1,0,0,1,1,0,-1,200,0,0,2,2,0,1,-1,-1,-1,-1,0,10,-1,1,1,3,-1,-1,-1,0,0,1,0,0,10,0,0,0,12.89
1,0,0,0,-1,0,1,0,0,0,0,0,3,0,0,0,-1,0,0,2,0,3,0,-1,100,0,9223372036800000000,1e+75,0,10,0,0,7,0,3,1,0,0,1,1,0,-1,60,0,0,2,2,0,1,-1,-1,-1,-1,0,10,-1,1,1,3,-1,-1,-1,0,0,1,0,0,10,0,0,0,11.86
1,0,0,0,-1,0,1,0,0,0,0,0,0,0,0,2,2,-1,2,0,1,3,0,-1,200,0,9223372036800000000,1e+75,0,10,0,0,7,0,0,1,0,0,1,1,0,0,0,0,0,0,2,0,1,-1,-1,-1,-1,0,10,-1,1,1,3,-1,-1,-1,0,0,1,0,0,10,0,0,0,15.39
1,0,0,0,-1,0,1,5,0,0,0,0,3,0,1,0,0,1,-1,-1,-1,3,0,-1,25,0,9223372036800000000,1e+75,0,10,0,0,7,0,0,1,0,0,1,1,0,0,0,0,0,0,2,0,1,-1,-1,-1,-1,0,10,-1,1,1,3,-1,-1,-1,0,0,1,0,0,10,0,0,0,14.97
1,0,0,0,-1,0,1,5,0,0,0,0,-1,0,-1,-1,0,1,1,-1,2,3,0,8,400,0,9223372036800000000,120,0,10,0,0,2,0,3,1,-1,0,3,1,1,3,60,0,1,3,2,0,1,-1,-1,-1,-1,1,10,-1,1,1,3,-1,-1,-1,0,0,1,0,0,10,0,0,0,21.27
1,0,0,0,-1,0,1,4,0,0,0,0,-1,2,0,2,1,0,-1,1,1,3,0,-1,100,0,9223372036800000000,1,0,10,0,0,10,0,3,1,500,0,2,1,-1,2,60,0,0,3,2,0,1,-1,-1,-1,-1,1,10,-1,1,1,3,-1,-1,-1,0,0,1,0,0,10,0,0,0,18.8
1,0,0,0,-1,0,1,0,0,0,0,0,3,0,0,0,-1,0,0,2,0,3,0,-1,200,0,9223372036800000000,1e+75,0,10,0,0,7,0,0,1,0,0,1,1,0,0,0,0,0,0,2,0,1,-1,-1,-1,-1,0,10,-1,1,1,3,-1,-1,-1,0,0,1,0,0,10,0,0,0,14.94
1,0,0,0,-1,0,1,5,0,0,0,0,3,0,1,0,0,1,-1,-1,1,3,0,-1,25,0,9223372036800000000,1e+75,0,10,0,0,7,0,0,1,0,0,1,1,0,0,0,0,0,0,2,0,1,-1,-1,-1,-1,0,10,-1,1,1,3,-1,-1,-1,0,0,1,0,0,10,0,0,0,14.97
1,0,0,0,-1,0,1,1,0,0,0,0,-1,0,-1,2,-1,2,2,1,-1,3,0,-1,10,0,9223372036800000000,1e+75,0,10,0,0,7,0,0,1,0,0,1,1,0,0,0,0,0,0,2,0,1,-1,-1,-1,-1,0,10,-1,1,1,3,-1,-1,-1,0,0,1,0,0,10,0,0,0,22.54
1,0,0,0,-1,0,1,2,0,0,0,0,0,3,0,1,1,-1,2,0,0,3,0,2,400,0,9223372036800000000,5,0,10,0,0,30,0,3,1,500,0,0,1,3,2,-1,0,0,3,2,0,1,-1,-1,-1,-1,1,10,-1,1,1,3,-1,-1,-1,0,0,1,0,0,10,0,0,0,17.99
1,0,0,0,-1,0,1,0,0,0,0,0,-1,-1,1,2,-1,0,-1,2,-1,3,0,-1,50,0,9223372036800000000,1e+75,0,10,0,0,7,0,3,1,0,0,0,1,0,-1,0,0,0,-1,2,0,1,-1,-1,-1,-1,0,10,-1,1,1,3,-1,-1,-1,0,0,1,0,0,10,0,0,0,20.77
1,0,0,0,-1,0,1,0,0,0,0,0,0,0,-1,2,1,-1,1,0,-1,3,0,8,200,0,9223372036800000000,20,0,10,0,0,2,-1,0,1,20,0,0,1,-1,2,0,0,3,-1,2,0,1,-1,-1,-1,-1,0,10,-1,1,1,3,-1,-1,-1,0,0,1,2,0,10,0,0,0,22.35
1,0,0,0,-1,0,1,3,0,0,0,0,2,0,1,-1,1,1,-1,0,0,3,0,-1,25,0,9223372036800000000,1e+75,0,10,0,0,7,0,0,1,0,0,1,1,0,-1,0,0,0,0,2,0,1,-1,-1,-1,-1,0,10,-1,1,1,3,-1,-1,-1,0,0,1,0,0,10,0,0,0,14.58
1,0,0,0,-1,0,1,5,0,0,0,0,2,0,-1,-1,2,1,0,2,2,3,0,-1,100,0,9223372036800000000,1e+75,0,10,0,0,7,0,2,1,0,0,0,1,0,3,0,0,0,3,2,0,1,-1,-1,-1,-1,0,10,-1,1,1,3,-1,-1,-1,0,0,1,0,0,10,0,0,0,21.7
1,0,0,0,-1,0,1,0,0,0,0,0,0,0,-1,2,2,-1,2,0,1,3,0,-1,200,0,9223372036800000000,1e+75,0,10,0,0,7,0,0,1,0,0,1,1,0,0,0,0,0,0,2,0,1,-1,-1,-1,-1,0,10,-1,1,1,3,-1,-1,-1,0,0,1,0,0,10,0,0,0,15.39
1,0,0,0,-1,0,1,1,0,0,0,0,1,-1,0,2,0,0,-1,2,0,3,0,-1,50,0,9223372036800000000,1e+75,0,10,0,0,7,0,2,1,0,0,3,1,0,0,0,0,0,1,2,0,1,-1,-1,-1,-1,0,10,-1,1,1,3,-1,-1,-1,0,0,1,0,0,10,0,0,0,21.19
1,0,0,0,-1,0,1,5,0,0,0,0,2,-1,1,0,1,0,-1,-1,0,3,0,16,100,0,9223372036800000000,40,0,10,0,0,7,0,3,1,-1,0,1,1,1,3,500,0,4,1,2,0,1,-1,-1,-1,-1,1,10,-1,1,1,3,-1,-1,-1,0,0,1,3,0,10,0,0,0,26.43
1,0,0,0,-1,0,1,4,0,0,0,0,1,0,1,0,0,0,2,1,-1,3,0,-1,25,0,9223372036800000000,1e+75,0,10,0,0,7,0,0,1,0,0,1,1,0,0,0,0,0,0,2,0,1,-1,-1,-1,-1,0,10,-1,1,1,3,-1,-1,-1,0,0,1,0,0,10,0,0,0,14.45
1,0,0,0,-1,0,1,1,0,0,0,0,1,1,1,2,0,1,2,1,2,3,0,4,25,0,9223372036800000000,0,0,10,0,0,5,1,0,1,500,0,3,1,3,1,1000,0,0,0,2,0,1,-1,1,-1,-1,0,10,-1,1,1,3,-1,-1,-1,0,0,1,1,0,10,0,0,0,22.9
1,0,0,0,-1,0,1,5,0,0,0,0,0,1,0,2,2,0,-1,1,-1,3,0,16,25,0,9223372036800000000,240,0,10,0,0,0,-1,3,1,0,0,0,1,0,3,40,0,0,3,2,0,1,-1,-1,-1,-1,0,10,-1,1,1,3,-1,-1,-1,0,0,1,0,0,10,0,0,0,19.21
1,0,0,0,-1,0,1,0,0,0,0,0,-1,3,-1,-1,0,-1,0,-1,-1,3,0,16,200,0,9223372036800000000,50,0,10,0,0,7,-1,3,1,500,0,2,1,2,3,100,0,1,3,2,0,1,-1,0,-1,-1,0,10,-1,1,1,3,-1,-1,-1,0,0,1,5,0,10,0,0,0,24.55
1,0,0,0,-1,0,1,5,0,0,0,0,0,1,0,1,2,1,1,2,1,3,0,4,50,0,9223372036800000000,2,0,10,0,0,0,-1,0,1,0,0,3,1,0,3,100,0,0,2,2,0,1,-1,-1,-1,-1,0,10,-1,1,1,3,-1,-1,-1,0,0,1,0,0,10,0,0,0,21.03
1,0,0,0,-1,0,1,4,0,0,0,0,0,3,1,1,2,0,0,-1,2,3,0,-1,100,0,9223372036800000000,1e+75,0,10,0,0,7,0,2,1,0,0,1,1,0,1,0,0,0,-1,2,0,1,-1,-1,-1,-1,0,10,-1,1,1,3,-1,-1,-1,0,0,1,0,0,10,0,0,0,19.94
1,0,0,0,-1,0,1,0,0,0,0,0,2,0,0,0,0,-1,0,0,1,3,0,4,400,0,9223372036800000000,5,0,10,0,0,7,0,3,1,20,0,3,1,2,-1,100,0,0,4,2,0,1,-1,-1,-1,-1,-1,10,-1,1,1,3,-1,-1,-1,0,0,1,0,0,10,0,0,0,19.39
1,0,0,0,-1,0,1,1,0,0,0,0,1,0,-1,2,2,2,2,1,-1,3,0,-1,10,0,9223372036800000000,1e+75,0,10,0,0,7,0,0,1,0,0,1,1,0,0,0,0,0,0,2,0,1,-1,-1,-1,-1,0,10,-1,1,1,3,-1,-1,-1,0,0,1,0,0,10,0,0,0,20.3
1,0,0,0,-1,0,1,5,0,0,0,0,-1,1,1,1,-1,1,0,0,0,3,0,-1,10,0,9223372036800000000,30,0,10,0,0,30,-1,3,1,1000,0,3,1,0,2,60,0,0,1,2,0,1,-1,-1,-1,-1,0,10,-1,1,1,3,-1,-1,-1,0,0,1,0,0,10,0,0,0,18.79
1,0,0,0,-1,0,1,2,0,0,0,0,1,0,1,0,0,0,2,2,0,3,0,-1,25,0,9223372036800000000,1e+75,0,10,0,0,7,0,0,1,0,0,1,1,0,0,0,0,0,0,2,0,1,-1,-1,-1,-1,0,10,-1,1,1,3,-1,-1,-1,0,0,1,0,0,10,0,0,0,11.89
1,0,0,0,-1,0,1,0,0,0,0,0,1,0,1,0,0,0,2,-1,-1,3,0,-1,25,0,9223372036800000000,1e+75,0,10,0,0,7,0,0,1,0,0,1,1,0,0,0,0,0,0,2,0,1,-1,-1,-1,-1,0,10,-1,1,1,3,-1,-1,-1,0,0,1,0,0,10,0,0,0,15.24
1,0,0,0,-1,0,1,0,0,0,0,0,-1,1,0,1,-1,1,0,-1,-1,3,0,8,800,0,9223372036800000000,60,0,10,0,0,15,0,0,1,1000,0,1,1,1,-1,100,0,1,1,2,0,1,-1,0,-1,-1,0,10,-1,1,1,3,-1,-1,-1,0,0,1,2,0,10,0,0,0,16.02
1,0,0,0,-1,0,1,0,0,0,0,0,0,-1,0,1,-1,1,0,1,1,3,0,1,100,0,9223372036800000000,240,0,10,0,0,2,1,2,1,500,0,1,1,1,-1,0,0,0,2,2,0,1,-1,-1,-1,-1,0,10,-1,1,1,3,-1,-1,-1,0,0,1,0,0,10,0,0,0,8.66
1,0,0,0,-1,0,1,0,0,0,0,0,1,0,0,2,0,2,-1,1,2,3,0,-1,800,0,9223372036800000000,10,0,10,0,0,0,-1,2,1,0,0,1,1,0,0,-1,0,0,2,2,0,1,-1,-1,-1,-1,0,10,-1,1,1,3,-1,-1,-1,0,0,1,0,0,10,0,0,0,10.29
1,0,0,0,-1,0,1,0,0,0,0,0,3,1,-1,1,0,0,0,0,-1,3,0,2,100,0,9223372036800000000,60,0,10,0,0,30,0,2,1,0,0,0,1,0,2,1000,0,0,2,2,0,1,-1,-1,-1,-1,0,10,-1,1,1,3,-1,-1,-1,0,0,1,0,0,10,0,0,0,19.81
1,0,0,0,-1,0,1,4,0,0,0,0,3,-1,0,2,-1,-1,-1,-1,-1,3,0,-1,100,0,9223372036800000000,0,0,10,0,0,10,1,1,1,40,0,1,1,1,2,-1,0,0,2,2,0,1,-1,-1,-1,-1,-1,10,-1,1,1,3,-1,-1,-1,0,0,1,1,0,10,1,0,0,5.96
1,0,0,0,-1,0,1,0,0,0,0,0,3,0,0,2,2,-1,2,0,1,3,0,-1,200,0,9223372036800000000,1e+75,0,10,0,0,7,0,0,1,0,0,1,1,0,0,0,0,0,0,2,0,1,-1,-1,-1,-1,0,10,-1,1,1,3,-1,-1,-1,0,0,1,0,0,10,0,0,0,15.98
1,0,0,0,-1,0,1,1,0,0,0,0,1,1,-1,2,-1,-1,1,-1,0,3,0,-1,400,0,9223372036800000000,1e+75,0,10,0,0,7,0,3,1,0,0,3,1,0,-1,0,0,0,3,2,0,1,-1,-1,-1,-1,0,10,-1,1,1,3,-1,-1,-1,0,0,1,0,0,10,0,0,0,25.88
1,0,0,0,-1,0,1,2,0,0,0,0,0,0,-1,1,-1,-1,0,1,0,3,0,-1,100,0,9223372036800000000,1e+75,0,10,0,0,7,0,0,1,0,0,1,1,0,0,0,0,0,0,2,0,1,-1,-1,-1,-1,0,10,-1,1,1,3,-1,-1,-1,0,0,1,0,0,10,0,0,0,14.61
1,0,0,0,-1,0,1,0,0,0,0,0,0,0,0,2,2,0,1,0,1,3,0,-1,200,0,9223372036800000000,1e+75,0,10,0,0,7,0,0,1,0,0,1,1,0,0,0,0,0,0,2,0,1,-1,-1,-1,-1,0,10,-1,1,1,3,-1,-1,-1,0,0,1,0,0,10,0,0,0,17.09
1,0,0,0,-1,0,1,0,0,0,0,0,-1,0,0,2,2,-1,2,1,1,3,0,-1,200,0,9223372036800000000,1e+75,0,10,0,0,7,0,0,1,0,0,1,1,0,0,0,0,0,0,2,0,1,-1,-1,-1,-1,0,10,-1,1,1,3,-1,-1,-1,0,0,1,0,0,10,0,0,0,17.07
1,0,0,0,-1,0,1,3,0,0,0,0,2,0,1,0,1,-1,-1,0,0,3,0,-1,10,0,9223372036800000000,1e+75,0,10,0,0,7,0,0,1,0,0,1,1,0,0,0,0,0,0,2,0,1,-1,-1,-1,-1,0,10,-1,1,1,3,-1,-1,-1,0,0,1,0,0,10,0,0,0,11.06
1,0,0,0,-1,0,1,5,0,0,0,0,0,3,0,2,2,0,-1,1,-1,3,0,16,25,0,9223372036800000000,0,0,10,0,0,0,-1,3,1,0,0,0,1,0,3,40,0,0,3,2,0,1,-1,-1,-1,-1,0,10,-1,1,1,3,-1,-1,-1,0,0,1,0,0,10,0,0,0,20.88
1,0,0,0,-1,0,1,0,0,0,0,0,3,0,0,0,-1,0,-1,2,0,3,0,-1,200,0,9223372036800000000,1e+75,0,10,0,0,7,0,0,1,0,0,1,1,0,-1,0,0,0,2,2,0,1,-1,-1,-1,-1,0,10,-1,1,1,3,-1,-1,-1,0,0,1,0,0,10,0,0,0,13.66
1,0,0,0,-1,0,1,0,0,0,0,0,1,0,1,0,0,0,2,1,2,3,0,-1,400,0,9223372036800000000,1e+75,0,10,0,0,7,0,0,1,0,0,1,1,0,0,0,0,0,0,2,0,1,-1,-1,-1,-1,0,10,-1,1,1,3,-1,-1,-1,0,0,1,0,0,10,0,0,0,14.28
1,0,0,0,-1,0,1,4,0,0,0,0,3,-1,-1,2,0,0,-1,2,-1,3,0,-1,100,0,9223372036800000000,1e+75,0,10,0,0,7,0,2,1,0,0,1,1,0,3,0,0,0,2,2,0,1,-1,-1,-1,-1,0,10,-1,1,1,3,-1,-1,-1,0,0,1,0,0,10,0,0,0,11.74
1,0,0,0,-1,0,1,0,0,0,0,0,2,2,0,1,0,0,-1,1,-1,3,0,-1,25,0,9223372036800000000,1e+75,0,10,0,0,7,0,3,1,0,0,1,1,0,1,0,0,0,0,2,0,1,-1,-1,-1,-1,0,10,-1,1,1,3,-1,-1,-1,0,0,1,0,0,10,0,0,0,14.74
1,0,0,0,-1,0,1,4,0,0,0,0,3,0,-1,-1,2,1,-1,-1,0,3,0,-1,800,0,9223372036800000000,1e+75,0,10,0,0,7,0,0,1,0,0,1,1,0,0,0,0,0,0,2,0,1,-1,-1,-1,-1,0,10,-1,1,1,3,-1,-1,-1,0,0,1,0,0,10,0,0,0,21
1,0,0,0,-1,0,1,0,0,0,0,0,0,0,0,0,0,0,0,0,0,3,0,-1,10,0,9223372036800000000,1e+75,0,10,0,0,7,0,0,1,0,0,1,1,0,0,0,0,0,0,2,0,1,-1,-1,-1,-1,0,10,-1,1,1,3,-1,-1,-1,0,0,1,0,0,10,0,0,0,15.26
1,0,0,0,-1,0,1,0,0,0,0,0,0,-1,0,1,-1,1,0,1,1,3,0,1,100,0,9223372036800000000,120,0,10,0,0,2,1,2,1,500,0,1,1,1,-1,60,0,0,2,2,0,1,-1,-1,-1,-1,0,10,-1,1,1,3,-1,-1,-1,0,0,1,0,0,10,0,0,0,7.02
1,0,0,0,-1,0,1,5,0,0,0,0,-1,0,1,0,0,1,-1,-1,1,3,0,-1,50,0,9223372036800000000,1e+75,0,10,0,0,7,0,0,1,0,0,1,1,0,0,0,0,0,0,2,0,1,-1,-1,-1,-1,0,10,-1,1,1,3,-1,-1,-1,0,0,1,0,0,10,0,0,0,15.57
1,0,0,0,-1,0,1,0,0,0,0,0,1,0,1,-1,2,-1,1,0,-1,3,0,-1,50,0,9223372036800000000,1e+75,0,10,0,0,7,0,0,1,0,0,1,1,0,0,0,0,0,0,2,0,1,-1,-1,-1,-1,0,10,-1,1,1,3,-1,-1,-1,0,0,1,0,0,10,0,0,0,17.36
1,0,0,0,-1,0,1,5,0,0,0,0,2,1,-1,1,2,2,1,-1,2,3,0,-1,50,0,9223372036800000000,1e+75,0,10,0,0,7,0,1,1,0,0,3,1,0,3,0,0,0,4,2,0,1,-1,-1,-1,-1,0,10,-1,1,1,3,-1,-1,-1,0,0,1,0,0,10,0,0,0,21.86
1,0,0,0,-1,0,1,2,0,0,0,0,0,3,0,1,1,-1,2,0,0,3,0,-1,400,0,9223372036800000000,10,0,10,0,0,30,0,3,1,500,0,0,1,3,2,-1,0,0,3,2,0,1,-1,-1,-1,-1,1,10,-1,1,1,3,-1,-1,-1,0,0,1,0,0,10,0,0,0,20.49
1,0,0,0,-1,0,1,0,0,0,0,0,3,0,0,-1,0,0,0,2,0,3,0,-1,200,0,9223372036800000000,1e+75,0,10,0,0,7,0,0,1,0,0,1,1,0,0,0,0,0,2,2,0,1,-1,-1,-1,-1,0,10,-1,1,1,3,-1,-1,-1,0,0,1,0,0,10,0,0,0,13.62
1,0,0,0,-1,0,1,1,0,0,0,0,-1,0,-1,2,2,2,2,1,-1,3,0,-1,100,0,9223372036800000000,1e+75,0,10,0,0,7,0,0,1,0,0,1,1,0,0,0,0,0,0,2,0,1,-1,-1,-1,-1,0,10,-1,1,1,3,-1,-1,-1,0,0,1,0,0,10,0,0,0,20.84
1,0,0,0,-1,0,1,4,0,0,0,0,3,2,0,-1,0,1,2,2,2,3,0,16,150,0,9223372036800000000,1,0,10,0,0,3,0,0,1,500,0,0,1,0,-1,100,0,0,-1,2,0,1,-1,-1,-1,-1,-1,10,-1,1,1,3,-1,-1,-1,0,0,1,0,0,10,0,0,0,22.9
1,0,0,0,-1,0,1,3,0,0,0,0,0,3,1,2,-1,-1,-1,-1,0,3,0,1,50,0,9223372036800000000,10,0,10,0,0,4,1,0,1,0,0,0,1,0,3,0,0,0,0,2,0,1,-1,-1,-1,-1,0,10,-1,1,1,3,-1,-1,-1,0,0,1,0,0,10,0,0,0,27.75
1,0,0,0,-1,0,1,1,0,0,0,0,1,-1,1,-1,0,-1,2,-1,1,3,0,16,400,0,9223372036800000000,60,0,10,0,0,3,0,2,1,500,0,1,1,-1,-1,20,0,0,2,2,0,1,-1,-1,-1,-1,-1,10,-1,1,1,3,-1,-1,-1,0,0,1,0,0,10,0,0,0,20.67
1,0,0,0,-1,0,1,2,0,0,0,0,1,2,-1,2,1,2,2,1,-1,3,0,16,25,0,9223372036800000000,120,0,10,0,0,30,1,2,1,1000,0,2,1,3,1,200,0,0,3,2,0,1,-1,-1,-1,-1,-1,10,-1,1,1,3,-1,-1,-1,0,0,1,0,0,10,0,0,0,22.38
1,0,0,0,-1,0,1,0,0,0,0,0,0,-1,0,1,-1,1,0,1,1,3,0,1,100,0,9223372036800000000,240,0,10,0,0,2,1,2,1,-1,0,1,1,1,-1,60,0,0,2,2,0,1,-1,-1,-1,-1,0,10,-1,1,1,3,-1,-1,-1,0,0,1,0,0,10,0,0,0,7.8
1,0,0,0,-1,0,1,5,0,0,0,0,-1,1,1,1,-1,1,0,0,0,3,0,-1,10,0,9223372036800000000,30,0,10,0,0,30,-1,3,1,1000,0,3,1,0,2,-1,0,0,1,2,0,1,-1,-1,-1,-1,0,10,-1,1,1,3,-1,-1,-1,0,0,1,0,0,10,0,0,0,19.15
1,0,0,0,-1,0,1,0,0,0,0,0,3,0,-1,2,-1,-1,-1,0,2,3,0,-1,10,0,9223372036800000000,1e+75,0,10,0,0,7,0,0,1,0,0,1,1,0,3,0,0,0,0,2,0,1,-1,-1,-1,-1,0,10,-1,1,1,3,-1,-1,-1,0,0,1,0,0,10,0,0,0,17.03
1,0,0,0,-1,0,1,1,0,0,0,0,-1,0,-1,2,2,2,2,-1,-1,3,0,-1,100,0,9223372036800000000,1e+75,0,10,0,0,7,0,0,1,0,0,1,1,0,0,0,0,0,0,2,0,1,-1,-1,-1,-1,0,10,-1,1,1,3,-1,-1,-1,0,0,1,0,0,10,0,0,0,22.11
1,0,0,0,-1,0,1,0,0,0,0,0,1,-1,0,1,-1,1,0,1,1,3,0,1,100,0,9223372036800000000,240,0,10,0,0,2,1,2,1,500,0,1,1,1,-1,60,0,0,2,2,0,1,-1,-1,-1,-1,0,10,-1,1,1,3,-1,-1,-1,0,0,1,0,0,10,0,0,0,7.02
1,0,0,0,-1,0,1,0,0,0,0,0,0,0,0,2,2,0,2,0,2,3,0,-1,200,0,9223372036800000000,1e+75,0,10,0,0,7,0,0,1,0,0,1,1,0,0,0,0,0,0,2,0,1,-1,-1,-1,-1,0,10,-1,1,1,3,-1,-1,-1,0,0,1,0,0,10,0,0,0,15.18
1,0,0,0,-1,0,1,2,0,0,0,0,1,0,1,0,0,0,2,1,-1,3,0,-1,25,0,9223372036800000000,1e+75,0,10,0,0,7,0,0,1,0,0,1,1,0,0,0,0,0,0,2,0,1,-1,-1,-1,-1,0,10,-1,1,1,3,-1,-1,-1,0,0,1,0,0,10,0,0,0,13.84
1,0,0,0,-1,0,1,0,0,0,0,0,-1,3,-1,-1,0,-1,0,-1,-1,3,0,16,200,0,9223372036800000000,240,0,10,0,0,3,-1,3,1,500,0,2,1,2,3,100,0,2,3,2,0,1,-1,0,-1,-1,0,10,-1,1,1,3,-1,-1,-1,0,0,1,5,0,10,0,0,0,23.06
1,0,0,0,-1,0,1,0,0,0,0,0,3,2,-1,2,0,2,1,2,0,3,0,16,100,0,9223372036800000000,2,0,10,0,0,5,0,2,1,-1,0,2,1,1,1,0,0,2,4,2,0,1,-1,-1,-1,-1,1,10,-1,1,1,3,-1,-1,-1,0,0,1,5,0,10,0,0,0,18.45
1,0,0,0,-1,0,1,0,0,0,0,0,3,3,-1,-1,2,0,1,-1,1,3,0,16,150,0,9223372036800000000,50,0,10,0,0,2,0,3,1,0,0,1,1,0,0,40,0,0,0,2,0,1,-1,-1,-1,-1,0,10,-1,1,1,3,-1,-1,-1,0,0,1,0,0,10,0,0,0,17.08
1,0,0,0,-1,0,1,5,0,0,0,0,3,-1,-1,-1,2,0,1,-1,1,3,0,16,800,0,9223372036800000000,50,0,10,0,0,2,0,3,1,0,0,1,1,0,0,40,0,0,0,2,0,1,-1,-1,-1,-1,0,10,-1,1,1,3,-1,-1,-1,0,0,1,0,0,10,0,0,0,15.67
1,0,0,0,-1,0,1,0,0,0,0,0,1,1,1,2,0,1,2,1,2,3,0,4,25,0,9223372036800000000,0,0,10,0,0,5,1,0,1,500,0,3,1,3,1,1000,0,0,0,2,0,1,-1,1,-1,-1,0,10,-1,1,1,3,-1,-1,-1,0,0,1,1,0,10,0,0,0,23.09
1,0,0,0,-1,0,1,1,0,0,0,0,1,-1,0,2,0,0,-1,2,0,3,0,-1,50,0,9223372036800000000,1e+75,0,10,0,0,7,0,2,1,0,0,0,1,0,0,0,0,0,1,2,0,1,-1,-1,-1,-1,0,10,-1,1,1,3,-1,-1,-1,0,0,1,0,0,10,0,0,0,24.24
1,0,0,0,-1,0,1,2,0,0,0,0,2,0,1,2,-1,2,0,2,0,3,0,4,25,0,9223372036800000000,2,0,10,0,0,10,0,0,1,100,0,3,1,1,2,-1,0,5,-1,2,0,1,-1,-1,-1,-1,1,10,-1,1,1,3,-1,-1,-1,0,0,1,3,0,10,0,0,0,30.12
1,0,0,0,-1,0,1,0,0,0,0,0,0,0,0,0,0,0,0,0,1,3,0,-1,200,0,9223372036800000000,1e+75,0,10,0,0,7,0,0,1,0,0,1,1,0,0,0,0,0,0,2,0,1,-1,-1,-1,-1,0,10,-1,1,1,3,-1,-1,-1,0,0,1,0,0,10,0,0,0,14.96
1,0,0,0,-1,0,1,0,0,0,0,0,1,0,0,2,0,2,-1,1,2,3,0,-1,800,0,9223372036800000000,1,0,10,0,0,0,-1,2,1,0,0,1,1,0,0,-1,0,0,2,2,0,1,-1,-1,-1,-1,0,10,-1,1,1,3,-1,-1,-1,0,0,1,0,0,10,0,0,0,10.29
1,0,0,0,-1,0,1,1,0,0,0,0,1,0,-1,1,0,2,0,2,-1,3,0,-1,200,0,9223372036800000000,1e+75,0,10,0,0,7,0,0,1,0,0,1,1,0,0,0,0,0,0,2,0,1,-1,-1,-1,-1,0,10,-1,1,1,3,-1,-1,-1,0,0,1,0,0,10,0,0,0,20.62
1,0,0,0,-1,0,1,2,0,0,0,0,1,0,1,0,0,0,2,2,2,3,0,-1,25,0,9223372036800000000,1e+75,0,10,0,0,7,0,0,1,0,0,1,1,0,0,0,0,0,0,2,0,1,-1,-1,-1,-1,0,10,-1,1,1,3,-1,-1,-1,0,0,1,0,0,10,0,0,0,11.89
1,0,0,0,-1,0,1,3,0,0,0,0,2,0,1,2,1,-1,-1,0,0,3,0,-1,10,0,9223372036800000000,1e+75,0,10,0,0,7,0,0,1,0,0,1,1,0,-1,0,0,0,2,2,0,1,-1,-1,-1,-1,0,10,-1,1,1,3,-1,-1,-1,0,0,1,0,0,10,0,0,0,12.03
1,0,0,0,-1,0,1,4,0,0,0,0,3,-1,-1,2,0,1,-1,2,-1,3,0,-1,800,0,9223372036800000000,1e+75,0,10,0,0,7,0,2,1,0,0,1,1,0,3,0,0,0,2,2,0,1,-1,-1,-1,-1,0,10,-1,1,1,3,-1,-1,-1,0,0,1,0,0,10,0,0,0,12.54
1,0,0,0,-1,0,1,5,0,0,0,0,3,-1,0,-1,0,2,1,2,0,3,0,2,25,0,9223372036800000000,5,0,10,0,0,7,0,3,1,0,0,1,1,0,0,0,0,0,4,2,0,1,-1,-1,-1,-1,0,10,-1,1,1,3,-1,-1,-1,0,0,1,0,0,10,0,0,0,18.75
1,0,0,0,-1,0,1,0,0,0,0,0,3,0,0,0,-1,0,0,2,2,3,0,-1,200,0,9223372036800000000,1e+75,0,10,0,0,7,0,0,1,0,0,1,1,0,0,0,0,0,2,2,0,1,-1,-1,-1,-1,0,10,-1,1,1,3,-1,-1,-1,0,0,1,0,0,10,0,0,0,12.32
1,0,0,0,-1,0,1,5,0,0,0,0,0,1,0,0,2,0,-1,1,-1,3,0,16,25,0,9223372036800000000,120,0,10,0,0,0,-1,3,1,0,0,0,1,0,3,40,0,0,3,2,0,1,-1,-1,-1,-1,0,10,-1,1,1,3,-1,-1,-1,0,0,1,0,0,10,0,0,0,20.1
1,0,0,0,-1,0,1,3,0,0,0,0,2,-1,1,2,1,-1,-1,0,0,3,0,-1,10,0,9223372036800000000,1e+75,0,10,0,0,7,0,0,1,0,0,1,1,0,-1,0,0,0,0,2,0,1,-1,-1,-1,-1,0,10,-1,1,1,3,-1,-1,-1,0,0,1,0,0,10,0,0,0,11.6
1,0,0,0,-1,0,1,0,0,0,0,0,2,0,1,-1,2,-1,1,2,-1,3,0,-1,50,0,9223372036800000000,1e+75,0,10,0,0,7,0,0,1,0,0,1,1,0,0,0,0,0,0,2,0,1,-1,-1,-1,-1,0,10,-1,1,1,3,-1,-1,-1,0,0,1,0,0,10,0,0,0,15.28
1,0,0,0,-1,0,1,0,0,0,0,0,3,0,0,0,-1,0,-1,2,0,3,0,-1,200,0,9223372036800000000,1e+75,0,10,0,0,7,0,3,1,0,0,1,1,0,-1,1000,0,0,2,2,0,1,-1,-1,-1,-1,0,10,-1,1,1,3,-1,-1,-1,0,0,1,0,0,10,0,0,0,15.27
1,0,0,0,-1,0,1,4,0,0,0,0,2,0,1,2,-1,2,2,-1,2,3,0,-1,400,0,9223372036800000000,1e+75,0,10,0,0,7,0,0,1,0,0,1,1,0,0,0,0,0,0,2,0,1,-1,-1,-1,-1,0,10,-1,1,1,3,-1,-1,-1,0,0,1,0,0,10,0,0,0,17.32
1,0,0,0,-1,0,1,2,0,0,0,0,-1,1,1,1,2,0,-1,1,-1,3,0,-1,800,0,9223372036800000000,1e+75,0,10,0,0,7,0,2,1,0,0,0,1,0,-1,0,0,0,0,2,0,1,-1,-1,-1,-1,0,10,-1,1,1,3,-1,-1,-1,0,0,1,0,0,10,0,0,0,22.23
1,0,0,0,-1,0,1,0,0,0,0,0,2,0,0,2,0,-1,0,-1,-1,3,0,-1,10,0,9223372036800000000,1e+75,0,10,0,0,7,0,0,1,0,0,1,1,0,0,0,0,0,0,2,0,1,-1,-1,-1,-1,0,10,-1,1,1,3,-1,-1,-1,0,0,1,0,0,10,0,0,0,17.14
1,0,0,0,-1,0,1,0,0,0,0,0,1,0,-1,1,0,-1,0,2,-1,3,0,-1,150,0,9223372036800000000,1e+75,0,10,0,0,7,0,0,1,0,0,1,1,0,0,0,0,0,0,2,0,1,-1,-1,-1,-1,0,10,-1,1,1,3,-1,-1,-1,0,0,1,0,0,10,0,0,0,14.99
1,0,0,0,-1,0,1,0,0,0,0,0,1,0,0,2,0,2,-1,1,2,3,0,-1,800,0,9223372036800000000,40,0,10,0,0,0,-1,2,1,0,0,1,1,0,0,-1,0,0,-1,2,0,1,-1,-1,-1,-1,0,10,-1,1,1,3,-1,-1,-1,0,0,1,0,0,10,0,0,0,15.59
1,0,0,0,-1,0,1,4,0,0,0,0,3,-1,0,2,0,0,-1,2,-1,3,0,-1,800,0,9223372036800000000,1e+75,0,10,0,0,7,0,2,1,0,0,1,1,0,3,0,0,0,2,2,0,1,-1,-1,-1,-1,0,10,-1,1,1,3,-1,-1,-1,0,0,1,0,0,10,0,0,0,11.23
1,0,0,0,-1,0,1,0,0,0,0,0,3,0,0,0,1,0,0,2,0,3,0,-1,200,0,9223372036800000000,1e+75,0,10,0,0,7,0,0,1,0,0,1,1,0,0,0,0,0,0,2,0,1,-1,-1,-1,-1,0,10,-1,1,1,3,-1,-1,-1,0,0,1,0,0,10,0,0,0,12.53
1,0,0,0,-1,0,1,0,0,0,0,0,2,0,1,2,1,-1,-1,2,0,3,0,-1,10,0,9223372036800000000,1e+75,0,10,0,0,7,0,0,1,0,0,1,1,0,0,0,0,0,0,2,0,1,-1,-1,-1,-1,0,10,-1,1,1,3,-1,-1,-1,0,0,1,0,0,10,0,0,0,10.61
1,0,0,0,-1,0,1,3,0,0,0,0,2,0,1,2,1,-1,-1,1,0,3,0,-1,10,0,9223372036800000000,1e+75,0,10,0,0,7,0,0,1,0,0,1,1,0,0,0,0,0,0,2,0,1,-1,-1,-1,-1,0,10,-1,1,1,3,-1,-1,-1,0,0,1,0,0,10,0,0,0,13.17
1,0,0,0,-1,0,1,3,0,0,0,0,2,0,1,2,1,-1,-1,0,0,3,0,-1,10,0,9223372036800000000,1e+75,0,10,0,0,7,0,0,1,0,0,1,1,0,0,0,0,0,0,2,0,1,-1,-1,-1,-1,0,10,-1,1,1,3,-1,-1,-1,0,0,1,0,0,10,0,0,0,10.35
1,0,0,0,-1,0,1,2,0,0,0,0,1,-1,0,-1,0,1,1,2,-1,3,0,4,100,0,9223372036800000000,0,0,10,0,0,2,-1,2,1,1000,0,1,1,2,-1,1000,0,2,0,2,0,1,-1,-1,-1,-1,0,10,-1,1,1,3,-1,-1,-1,0,0,1,3,0,10,0,0,0,13.8
1,0,0,0,-1,0,1,1,0,0,0,0,1,-1,0,2,0,0,-1,2,0,3,0,-1,50,0,9223372036800000000,1e+75,0,10,0,0,7,0,1,1,0,0,2,1,0,0,0,0,0,0,2,0,1,-1,-1,-1,-1,0,10,-1,1,1,3,-1,-1,-1,0,0,1,0,0,10,0,0,0,19.31
1,0,0,0,-1,0,1,3,0,0,0,0,2,0,0,2,1,-1,-1,0,0,3,0,-1,10,0,9223372036800000000,1e+75,0,10,0,0,7,0,0,1,0,0,1,1,0,0,0,0,0,0,2,0,1,-1,-1,-1,-1,0,10,-1,1,1,3,-1,-1,-1,0,0,1,0,0,10,0,0,0,10.35
1,0,0,0,-1,0,1,0,0,0,0,0,3,0,0,0,-1,0,0,2,0,3,0,-1,200,0,9223372036800000000,1e+75,0,10,0,0,7,0,0,1,0,0,1,1,0,1,0,0,0,2,2,0,1,-1,-1,-1,-1,0,10,-1,1,1,3,-1,-1,-1,0,0,1,0,0,10,0,0,0,12.32
1,0,0,0,-1,0,1,5,0,0,0,0,0,0,-1,2,0,0,1,0,2,3,0,-1,10,0,9223372036800000000,1e+75,0,10,0,0,7,0,0,1,0,0,1,1,0,0,0,0,0,0,2,0,1,-1,-1,-1,-1,0,10,-1,1,1,3,-1,-1,-1,0,0,1,0,0,10,0,0,0,16.41
1,0,0,0,-1,0,1,4,0,0,0,0,2,0,1,1,-1,0,0,1,2,3,0,-1,10,0,9223372036800000000,1e+75,0,10,0,0,7,0,0,1,0,0,1,1,0,0,0,0,0,0,2,0,1,-1,-1,-1,-1,0,10,-1,1,1,3,-1,-1,-1,0,0,1,0,0,10,0,0,0,18.04
1,0,0,0,-1,0,1,0,0,0,0,0,0,1,1,2,0,1,1,2,1,3,0,2,25,0,9223372036800000000,50,0,10,0,0,2,1,2,1,-1,0,1,1,1,0,0,0,0,3,2,0,1,-1,-1,-1,-1,0,10,-1,1,1,3,-1,-1,-1,0,0,1,0,0,10,0,0,0,14.63
1,0,0,0,-1,0,1,3,0,0,0,0,-1,0,-1,2,2,2,2,1,-1,3,0,-1,150,0,9223372036800000000,1e+75,0,10,0,0,7,0,0,1,0,0,1,1,0,0,0,0,0,0,2,0,1,-1,-1,-1,-1,0,10,-1,1,1,3,-1,-1,-1,0,0,1,0,0,10,0,0,0,12.95
1,0,0,0,-1,0,1,4,0,0,0,0,3,0,0,0,0,0,0,2,0,3,0,-1,200,0,9223372036800000000,1e+75,0,10,0,0,7,0,0,1,0,0,1,1,0,0,0,0,0,0,2,0,1,-1,-1,-1,-1,0,10,-1,1,1,3,-1,-1,-1,0,0,1,0,0,10,0,0,0,16.75
1,0,0,0,-1,0,1,0,0,0,0,0,0,2,0,-1,0,-1,2,2,2,3,0,8,25,0,9223372036800000000,120,0,10,0,0,3,1,2,1,0,0,2,1,0,-1,500,0,0,0,2,0,1,-1,-1,-1,-1,0,10,-1,1,1,3,-1,-1,-1,0,0,1,0,0,10,0,0,0,19.52
1,0,0,0,-1,0,1,0,0,0,0,0,3,-1,0,-1,2,0,1,2,-1,3,0,4,100,0,9223372036800000000,10,0,10,0,0,30,0,2,1,0,0,1,1,3,-1,20,0,0,4,2,0,1,-1,-1,-1,-1,-1,10,-1,1,1,3,-1,-1,-1,0,0,1,0,0,10,0,0,0,20.24
1,0,0,0,-1,0,1,3,0,0,0,0,2,0,1,2,1,-1,2,0,0,3,0,-1,10,0,9223372036800000000,1e+75,0,10,0,0,7,0,0,1,0,0,1,1,0,0,0,0,0,0,2,0,1,-1,-1,-1,-1,0,10,-1,1,1,3,-1,-1,-1,0,0,1,0,0,10,0,0,0,11.84
1,0,0,0,-1,0,1,0,0,0,0,0,-1,2,-1,1,-1,2,-1,2,2,3,0,16,400,0,9223372036800000000,20,0,10,0,0,15,0,3,1,-1,0,3,1,1,3,1000,0,0,3,2,0,1,-1,1,-1,-1,1,10,-1,1,1,3,-1,-1,-1,0,0,1,4,0,10,0,0,0,20.17
1,0,0,0,-1,0,1,5,0,0,0,0,2,0,-1,-1,2,1,0,2,2,3,0,-1,100,0,9223372036800000000,1e+75,0,10,0,0,7,0,1,1,0,0,0,1,0,3,0,0,0,-1,2,0,1,-1,-1,-1,-1,0,10,-1,1,1,3,-1,-1,-1,0,0,1,0,0,10,0,0,0,23.85
1,0,0,0,-1,0,1,0,0,0,0,0,3,2,-1,0,0,0,1,-1,-1,3,0,-1,150,0,9223372036800000000,1e+75,0,10,0,0,7,0,3,1,0,0,0,1,0,-1,0,0,0,3,2,0,1,-1,-1,-1,-1,0,10,-1,1,1,3,-1,-1,-1,0,0,1,0,0,10,0,0,0,20.59
1,0,0,0,-1,0,1,2,0,0,0,0,1,0,1,0,0,0,-1,2,2,3,0,-1,25,0,9223372036800000000,1e+75,0,10,0,0,7,0,0,1,0,0,1,1,0,0,0,0,0,0,2,0,1,-1,-1,-1,-1,0,10,-1,1,1,3,-1,-1,-1,0,0,1,0,0,10,0,0,0,11.45
1,0,0,0,-1,0,1,2,0,0,0,0,0,0,-1,2,-1,-1,0,1,0,3,0,-1,100,0,9223372036800000000,1e+75,0,10,0,0,7,0,0,1,0,0,1,1,0,0,0,0,0,0,2,0,1,-1,-1,-1,-1,0,10,-1,1,1,3,-1,-1,-1,0,0,1,0,0,10,0,0,0,13.62
1,0,0,0,-1,0,1,3,0,0,0,0,2,0,1,2,1,-1,-1,0,1,3,0,-1,10,0,9223372036800000000,1e+75,0,10,0,0,7,0,0,1,0,0,1,1,0,0,0,0,0,0,2,0,1,-1,-1,-1,-1,0,10,-1,1,1,3,-1,-1,-1,0,0,1,0,0,10,0,0,0,10.35
1,0,0,0,-1,0,1,2,0,0,0,0,-1,3,0,1,0,0,-1,1,0,3,0,1,800,0,9223372036800000000,50,0,10,0,0,4,0,0,1,0,0,1,1,0,3,0,0,0,3,2,0,1,-1,-1,-1,-1,0,10,-1,1,1,3,-1,-1,-1,0,0,1,0,0,10,0,0,0,13.64
1,0,0,0,-1,0,1,5,0,0,0,0,3,3,-1,-1,-1,0,1,1,1,3,0,-1,25,0,9223372036800000000,1e+75,0,10,0,0,7,0,3,1,0,0,2,1,0,3,0,0,0,3,2,0,1,-1,-1,-1,-1,0,10,-1,1,1,3,-1,-1,-1,0,0,1,0,0,10,0,0,0,19.29
1,0,0,0,-1,0,1,3,0,0,0,0,2,0,1,2,1,-1,-1,0,0,3,0,-1,10,0,9223372036800000000,1e+75,0,10,0,0,7,0,0,1,0,0,1,1,0,-1,0,0,0,3,2,0,1,-1,-1,-1,-1,0,10,-1,1,1,3,-1,-1,-1,0,0,1,0,0,10,0,0,0,16.41
1,0,0,0,-1,0,1,5,0,0,0,0,0,0,-1,2,1,0,-1,0,2,3,0,-1,10,0,9223372036800000000,1e+75,0,10,0,0,7,0,0,1,0,0,1,1,0,0,0,0,0,0,2,0,1,-1,-1,-1,-1,0,10,-1,1,1,3,-1,-1,-1,0,0,1,0,0,10,0,0,0,15.18
1,0,0,0,-1,0,1,2,0,0,0,0,1,0,1,0,0,0,0,2,2,3,0,-1,25,0,9223372036800000000,1e+75,0,10,0,0,7,0,0,1,0,0,1,1,0,0,0,0,0,0,2,0,1,-1,-1,-1,-1,0,10,-1,1,1,3,-1,-1,-1,0,0,1,0,0,10,0,0,0,12.74
1,0,0,0,-1,0,1,0,0,0,0,0,3,-1,1,2,-1,-1,-1,2,-1,3,0,-1,50,0,9223372036800000000,1e+75,0,10,0,0,7,0,3,1,0,0,0,1,0,-1,0,0,0,-1,2,0,1,-1,-1,-1,-1,0,10,-1,1,1,3,-1,-1,-1,0,0,1,0,0,10,0,0,0,20.85
1,0,0,0,-1,0,1,0,0,0,0,0,3,0,0,0,-1,0,0,2,0,3,0,-1,200,0,9223372036800000000,1e+75,0,10,0,0,7,0,1,1,0,0,1,1,0,-1,0,0,0,2,2,0,1,-1,-1,-1,-1,0,10,-1,1,1,3,-1,-1,-1,0,0,1,0,0,10,0,0,0,14.45
1,0,0,0,-1,0,1,5,0,0,0,0,1,1,0,2,-1,-1,0,1,1,3,0,1,50,0,9223372036800000000,20,0,10,0,0,4,1,2,1,0,0,1,1,0,2,0,0,0,2,2,0,1,-1,-1,-1,-1,0,10,-1,1,1,3,-1,-1,-1,0,0,1,0,0,10,0,0,0,14.41
1,0,0,0,-1,0,1,0,0,0,0,0,0,-1,0,1,-1,1,0,1,1,3,0,1,100,0,9223372036800000000,1,0,10,0,0,2,1,2,1,500,0,1,1,1,-1,60,0,0,2,2,0,1,-1,-1,-1,-1,0,10,-1,1,1,3,-1,-1,-1,0,0,1,0,0,10,0,0,0,7.02
1,0,0,0,-1,0,1,2,0,0,0,0,-1,1,1,0,2,0,-1,1,-1,3,0,-1,800,0,9223372036800000000,1e+75,0,10,0,0,7,0,2,1,0,0,0,1,0,-1,0,0,0,1,2,0,1,-1,-1,-1,-1,0,10,-1,1,1,3,-1,-1,-1,0,0,1,0,0,10,0,0,0,19.71
1,0,0,0,-1,0,1,3,0,0,0,0,2,0,1,2,1,-1,-1,0,0,3,0,-1,10,0,9223372036800000000,1e+75,0,10,0,0,7,0,1,1,0,0,1,1,0,-1,500,0,0,0,2,0,1,-1,-1,-1,-1,0,10,-1,1,1,3,-1,-1,-1,0,0,1,0,0,10,0,0,0,12.91
1,0,0,0,-1,0,1,0,0,0,0,0,-1,3,-1,-1,0,-1,0,-1,-1,3,0,4,200,0,9223372036800000000,240,0,10,0,0,7,-1,3,1,500,0,2,1,2,3,100,0,1,3,2,0,1,-1,0,-1,-1,0,10,-1,1,1,3,-1,-1,-1,0,0,1,5,0,10,0,0,0,24.55
1,0,0,0,-1,0,1,2,0,0,0,0,2,0,1,2,1,-1,-1,0,0,3,0,-1,10,0,9223372036800000000,1e+75,0,10,0,0,7,0,0,1,0,0,1,1,0,0,0,0,0,0,2,0,1,-1,-1,-1,-1,0,10,-1,1,1,3,-1,-1,-1,0,0,1,0,0,10,0,0,0,15.71
1,0,0,0,-1,0,1,3,0,0,0,0,2,0,1,2,2,-1,-1,0,0,3,0,-1,10,0,9223372036800000000,1e+75,0,10,0,0,7,0,0,1,0,0,1,1,0,0,0,0,0,0,2,0,1,-1,-1,-1,-1,0,10,-1,1,1,3,-1,-1,-1,0,0,1,0,0,10,0,0,0,10.35
1,0,0,0,-1,0,1,0,0,0,0,0,1,0,1,2,0,0,2,1,-1,3,0,-1,400,0,9223372036800000000,1e+75,0,10,0,0,7,0,0,1,0,0,1,1,0,0,0,0,0,0,2,0,1,-1,-1,-1,-1,0,10,-1,1,1,3,-1,-1,-1,0,0,1,0,0,10,0,0,0,18.3
1,0,0,0,-1,0,1,5,0,0,0,0,3,0,1,0,0,1,-1,-1,1,3,0,-1,800,0,9223372036800000000,1e+75,0,10,0,0,7,0,0,1,0,0,1,1,0,0,0,0,0,0,2,0,1,-1,-1,-1,-1,0,10,-1,1,1,3,-1,-1,-1,0,0,1,0,0,10,0,0,0,15.54
1,0,0,0,-1,0,1,5,0,0,0,0,-1,3,1,-1,2,2,-1,1,-1,3,0,-1,200,0,9223372036800000000,1e+75,0,10,0,0,7,0,2,1,0,0,3,1,0,2,0,0,0,0,2,0,1,-1,-1,-1,-1,0,10,-1,1,1,3,-1,-1,-1,0,0,1,0,0,10,0,0,0,21.33
1,0,0,0,-1,0,1,1,0,0,0,0,1,0,1,2,0,0,2,1,-1,3,0,-1,400,0,9223372036800000000,1e+75,0,10,0,0,7,0,0,1,0,0,1,1,0,0,0,0,0,0,2,0,1,-1,-1,-1,-1,0,10,-1,1,1,3,-1,-1,-1,0,0,1,0,0,10,0,0,0,22.34
1,0,0,0,-1,0,1,0,0,0,0,0,-1,-1,1,2,-1,0,-1,2,-1,3,0,-1,50,0,9223372036800000000,1e+75,0,10,0,0,7,0,3,1,0,0,2,1,0,-1,0,0,0,-1,2,0,1,-1,-1,-1,-1,0,10,-1,1,1,3,-1,-1,-1,0,0,1,0,0,10,0,0,0,20.73
1,0,0,0,-1,0,1,2,0,0,0,0,-1,1,1,0,2,0,-1,1,-1,3,0,-1,100,0,9223372036800000000,1e+75,0,10,0,0,7,0,2,1,0,0,0,1,0,-1,0,0,0,0,2,0,1,-1,-1,-1,-1,0,10,-1,1,1,3,-1,-1,-1,0,0,1,0,0,10,0,0,0,17.91
1,0,0,0,-1,0,1,0,0,0,0,0,0,2,0,0,-1,-1,0,1,1,3,0,-1,200,0,9223372036800000000,60,0,10,0,0,3,0,2,1,20,0,3,1,1,3,0,0,1,3,2,0,1,-1,-1,-1,-1,1,10,-1,1,1,3,-1,-1,-1,0,0,1,4,0,10,0,0,0,20.76
1,0,0,0,-1,0,1,2,0,0,0,0,1,1,1,1,0,0,0,0,2,3,0,-1,10,0,9223372036800000000,1e+75,0,10,0,0,7,0,0,1,0,0,2,1,0,1,0,0,0,4,2,0,1,-1,-1,-1,-1,0,10,-1,1,1,3,-1,-1,-1,0,0,1,0,0,10,0,0,0,18.9
1,0,0,0,-1,0,1,0,0,0,0,0,1,0,-1,1,0,2,-1,2,-1,3,0,-1,200,0,9223372036800000000,1e+75,0,10,0,0,7,0,0,1,0,0,1,1,0,0,0,0,0,0,2,0,1,-1,-1,-1,-1,0,10,-1,1,1,3,-1,-1,-1,0,0,1,0,0,10,0,0,0,10.53
1,0,0,0,-1,0,1,5,0,0,0,0,3,0,-1,2,0,0,-1,0,2,3,0,-1,50,0,9223372036800000000,1e+75,0,10,0,0,7,0,0,1,0,0,1,1,0,0,0,0,0,0,2,0,1,-1,-1,-1,-1,0,10,-1,1,1,3,-1,-1,-1,0,0,1,0,0,10,0,0,0,16.62
1,0,0,0,-1,0,1,0,0,0,0,0,1,0,1,0,0,0,2,2,-1,3,0,-1,25,0,9223372036800000000,1e+75,0,10,0,0,7,0,0,1,0,0,1,1,0,0,0,0,0,0,2,0,1,-1,-1,-1,-1,0,10,-1,1,1,3,-1,-1,-1,0,0,1,0,0,10,0,0,0,17.46
1,0,0,0,-1,0,1,5,0,0,0,0,3,3,1,2,0,1,1,-1,-1,3,0,-1,200,0,9223372036800000000,1e+75,0,10,0,0,7,0,2,1,0,0,0,1,0,0,0,0,0,0,2,0,1,-1,-1,-1,-1,0,10,-1,1,1,3,-1,-1,-1,0,0,1,0,0,10,0,0,0,22.45
1,0,0,0,-1,0,1,5,0,0,0,0,2,1,0,2,-1,-1,-1,1,1,3,0,1,50,0,9223372036800000000,20,0,10,0,0,4,1,2,1,0,0,0,1,0,2,-1,0,0,2,2,0,1,-1,-1,-1,-1,0,10,-1,1,1,3,-1,-1,-1,0,0,1,0,0,10,0,0,0,25.25
1,0,0,0,-1,0,1,5,0,0,0,0,3,3,-1,-1,2,0,1,1,2,3,0,-1,25,0,9223372036800000000,1e+75,0,10,0,0,7,0,3,1,0,0,2,1,0,3,0,0,0,3,2,0,1,-1,-1,-1,-1,0,10,-1,1,1,3,-1,-1,-1,0,0,1,0,0,10,0,0,0,19.38
1,0,0,0,-1,0,1,4,0,0,0,0,-1,0,1,0,2,1,2,2,-1,3,0,-1,150,0,9223372036800000000,1e+75,0,10,0,0,7,0,0,1,0,0,1,1,0,1,0,0,0,0,2,0,1,-1,-1,-1,-1,0,10,-1,1,1,3,-1,-1,-1,0,0,1,0,0,10,0,0,0,13.83
1,0,0,0,-1,0,1,5,0,0,0,0,0,1,0,2,2,0,-1,0,-1,3,0,16,25,0,9223372036800000000,120,0,10,0,0,0,-1,3,1,0,0,0,1,0,3,40,0,0,3,2,0,1,-1,-1,-1,-1,0,10,-1,1,1,3,-1,-1,-1,0,0,1,0,0,10,0,0,0,22.22
1,0,0,0,-1,0,1,5,0,0,0,0,1,0,1,0,0,0,2,1,-1,3,0,-1,25,0,9223372036800000000,1e+75,0,10,0,0,7,0,0,1,0,0,1,1,0,0,0,0,0,0,2,0,1,-1,-1,-1,-1,0,10,-1,1,1,3,-1,-1,-1,0,0,1,0,0,10,0,0,0,19.6
1,0,0,0,-1,0,1,0,0,0,0,0,1,0,1,0,0,0,2,1,-1,3,0,-1,10,0,9223372036800000000,1e+75,0,10,0,0,7,0,0,1,0,0,1,1,0,0,0,0,0,0,2,0,1,-1,-1,-1,-1,0,10,-1,1,1,3,-1,-1,-1,0,0,1,0,0,10,0,0,0,17.78
1,0,0,0,-1,0,1,2,0,0,0,0,1,0,1,0,0,0,-1,0,2,3,0,-1,25,0,9223372036800000000,1e+75,0,10,0,0,7,0,0,1,0,0,1,1,0,0,0,0,0,0,2,0,1,-1,-1,-1,-1,0,10,-1,1,1,3,-1,-1,-1,0,0,1,0,0,10,0,0,0,17.47
1,0,0,0,-1,0,1,4,0,0,0,0,3,2,-1,-1,2,0,1,2,2,3,0,8,10,0,9223372036800000000,2,0,10,0,0,7,-1,3,1,0,0,2,1,0,-1,200,0,0,0,2,0,1,-1,-1,-1,-1,0,10,-1,1,1,3,-1,-1,-1,0,0,1,0,0,10,0,0,0,17.2
1,0,0,0,-1,1,1,4,0,0,0,0,3,-1,0,2,-1,-1,-1,-1,-1,3,0,-1,100,0,9223372036800000000,0,0,10,0,0,10,1,1,1,40,0,1,1,1,2,-1,0,0,2,2,0,1,-1,-1,-1,-1,-1,10,-1,1,1,3,-1,-1,-1,0,0,1,1,0,10,0,0,0,5.96
1,0,0,0,-1,0,1,2,0,0,0,0,1,0,1,0,0,0,2,2,2,3,0,-1,50,0,9223372036800000000,1e+75,0,10,0,0,7,0,0,1,0,0,1,1,0,0,0,0,0,0,2,0,1,-1,-1,-1,-1,0,10,-1,1,1,3,-1,-1,-1,0,0,1,0,0,10,0,0,0,12.66
1,0,0,0,-1,0,1,2,0,0,0,0,-1,0,1,0,0,0,-1,2,2,3,0,-1,25,0,9223372036800000000,1e+75,0,10,0,0,7,0,0,1,0,0,1,1,0,0,0,0,0,0,2,0,1,-1,-1,-1,-1,0,10,-1,1,1,3,-1,-1,-1,0,0,1,0,0,10,0,0,0,11.45
1,0,0,0,-1,0,1,4,0,0,0,0,3,2,0,-1,0,1,0,2,2,3,0,16,150,0,9223372036800000000,1,0,10,0,0,3,0,0,1,500,0,0,1,-1,-1,100,0,0,-1,2,0,1,-1,-1,-1,-1,-1,10,-1,1,1,3,-1,-1,-1,0,0,1,0,0,10,0,0,0,21.02
1,0,0,0,-1,0,1,0,0,0,0,0,-1,0,0,0,-1,0,0,2,0,3,0,-1,200,0,9223372036800000000,1e+75,0,10,0,0,7,0,3,1,0,0,1,1,0,-1,60,0,0,2,2,0,1,-1,-1,-1,-1,0,10,-1,1,1,3,-1,-1,-1,0,0,1,0,0,10,0,0,0,13.2
1,0,0,0,-1,0,1,4,0,0,0,0,3,2,1,-1,2,0,1,2,2,3,0,8,10,0,9223372036800000000,2,0,10,0,0,3,-1,3,1,0,0,2,1,0,-1,0,0,0,0,2,0,1,-1,-1,-1,-1,0,10,-1,1,1,3,-1,-1,-1,0,0,1,0,0,10,0,0,0,17.78
1,0,0,0,-1,0,1,2,0,0,0,0,0,0,-1,2,0,0,-1,0,2,3,0,-1,10,0,9223372036800000000,1e+75,0,10,0,0,7,0,0,1,0,0,1,1,0,0,0,0,0,0,2,0,1,-1,-1,-1,-1,0,10,-1,1,1,3,-1,-1,-1,0,0,1,0,0,10,0,0,0,15.4
1,0,0,0,-1,0,1,0,0,0,0,0,2,0,0,0,0,1,0,0,1,3,0,4,400,0,9223372036800000000,1,0,10,0,0,7,0,3,1,20,0,3,1,2,-1,60,0,0,4,2,0,1,-1,-1,-1,-1,-1,10,-1,1,1,3,-1,-1,-1,0,0,1,0,0,10,0,0,0,18.68
1,0,0,0,-1,0,1,0,0,0,0,0,2,2,0,1,2,0,-1,1,-1,3,0,-1,150,0,9223372036800000000,1e+75,0,10,0,0,7,0,3,1,0,0,1,1,0,1,0,0,0,3,2,0,1,-1,-1,-1,-1,0,10,-1,1,1,3,-1,-1,-1,0,0,1,0,0,10,0,0,0,15.4
1,0,0,0,-1,0,1,0,0,0,0,0,-1,-1,1,2,-1,0,-1,0,-1,3,0,-1,50,0,9223372036800000000,1e+75,0,10,0,0,7,0,3,1,0,0,1,1,0,-1,0,0,0,4,2,0,1,-1,-1,-1,-1,0,10,-1,1,1,3,-1,-1,-1,0,0,1,0,0,10,0,0,0,15.23
1,0,0,0,-1,0,1,1,0,0,0,0,0,2,0,-1,2,-1,2,2,2,3,0,8,25,0,9223372036800000000,120,0,10,0,0,3,1,2,1,0,0,2,1,0,-1,500,0,0,-1,2,0,1,-1,-1,-1,-1,0,10,-1,1,1,3,-1,-1,-1,0,0,1,0,0,10,0,0,0,24.08
1,0,0,0,-1,0,1,4,0,0,0,0,3,2,0,-1,0,0,1,2,2,3,0,16,150,0,9223372036800000000,1,0,10,0,0,3,0,0,1,500,0,0,1,3,-1,100,0,0,2,2,0,1,-1,-1,-1,-1,-1,10,-1,1,1,3,-1,-1,-1,0,0,1,0,0,10,0,0,0,19.23
1,0,0,0,-1,0,1,0,0,0,0,0,3,0,0,1,0,0,0,0,0,3,0,-1,200,0,9223372036800000000,1e+75,0,10,0,0,7,0,0,1,0,0,1,1,0,0,0,0,0,0,2,0,1,-1,-1,-1,-1,0,10,-1,1,1,3,-1,-1,-1,0,0,1,0,0,10,0,0,0,15
1,0,0,0,-1,0,1,5,0,0,0,0,1,0,1,0,0,0,-1,2,2,3,0,-1,25,0,9223372036800000000,1e+75,0,10,0,0,7,0,0,1,0,0,1,1,0,0,0,0,0,0,2,0,1,-1,-1,-1,-1,0,10,-1,1,1,3,-1,-1,-1,0,0,1,0,0,10,0,0,0,20.53
1,0,0,0,-1,0,1,1,0,0,0,0,-1,0,-1,2,2,2,-1,1,-1,3,0,-1,10,0,9223372036800000000,1e+75,0,10,0,0,7,0,0,1,0,0,1,1,0,0,0,0,0,0,2,0,1,-1,-1,-1,-1,0,10,-1,1,1,3,-1,-1,-1,0,0,1,0,0,10,0,0,0,22.88
1,0,0,0,-1,0,1,3,0,0,0,0,2,0,1,2,1,-1,-1,0,0,3,0,-1,10,0,9223372036800000000,240,0,10,0,0,7,0,1,1,0,0,1,1,0,-1,0,0,0,0,2,0,1,-1,-1,-1,-1,0,10,-1,1,1,3,-1,-1,-1,0,0,1,0,0,10,0,0,0,10.13
1,0,0,0,-1,0,1,5,0,0,0,0,-1,0,-1,2,0,1,1,0,2,3,0,-1,400,0,9223372036800000000,1e+75,0,10,0,0,7,0,0,1,0,0,1,1,0,2,0,0,0,0,2,0,1,-1,-1,-1,-1,0,10,-1,1,1,3,-1,-1,-1,0,0,1,0,0,10,0,0,0,16.15
1,0,0,0,-1,0,1,5,0,0,0,0,3,-1,0,-1,0,2,1,-1,0,3,0,1,150,0,9223372036800000000,0,0,10,0,0,7,0,3,1,0,0,1,1,0,0,0,0,0,4,2,0,1,-1,-1,-1,-1,0,10,-1,1,1,3,-1,-1,-1,0,0,1,0,0,10,0,0,0,15.78
1,0,0,0,-1,0,1,0,0,0,0,0,0,-1,0,-1,0,2,-1,2,2,3,0,4,200,0,9223372036800000000,240,0,10,0,0,30,1,1,1,100,0,1,1,1,2,20,0,3,-1,2,0,1,-1,-1,-1,-1,0,10,-1,1,1,3,-1,-1,-1,0,0,1,4,0,10,0,0,0,22.45
1,0,0,0,-1,0,1,5,0,0,0,0,2,0,-1,-1,2,1,0,2,2,3,0,-1,150,0,9223372036800000000,1e+75,0,10,0,0,7,0,1,1,0,0,0,1,0,3,0,0,0,3,2,0,1,-1,-1,-1,-1,0,10,-1,1,1,3,-1,-1,-1,0,0,1,0,0,10,0,0,0,21.7
1,0,0,0,-1,0,1,0,0,0,0,0,3,0,-1,0,-1,0,0,2,0,3,0,-1,200,0,9223372036800000000,1e+75,0,10,0,0,7,0,3,1,0,0,1,1,0,-1,60,0,0,2,2,0,1,-1,-1,-1,-1,0,10,-1,1,1,3,-1,-1,-1,0,0,1,0,0,10,0,0,0,11.86
1,0,0,0,-1,0,1,2,0,0,0,0,1,0,1,0,0,0,-1,2,-1,3,0,-1,25,0,9223372036800000000,1e+75,0,10,0,0,7,0,0,1,0,0,1,1,0,0,0,0,0,0,2,0,1,-1,-1,-1,-1,0,10,-1,1,1,3,-1,-1,-1,0,0,1,0,0,10,0,0,0,11.45
1,0,0,0,-1,0,1,1,0,0,0,0,1,0,0,-1,0,1,2,1,1,3,0,-1,400,0,9223372036800000000,1e+75,0,10,0,0,7,0,0,1,0,0,1,1,0,0,0,0,0,0,2,0,1,-1,-1,-1,-1,0,10,-1,1,1,3,-1,-1,-1,0,0,1,0,0,10,0,0,0,20.75
1,0,0,0,-1,0,1,5,0,0,0,0,3,0,-1,2,0,0,0,0,2,3,0,-1,50,0,9223372036800000000,1e+75,0,10,0,0,7,0,0,1,0,0,1,1,0,0,0,0,0,0,2,0,1,-1,-1,-1,-1,0,10,-1,1,1,3,-1,-1,-1,0,0,1,0,0,10,0,0,0,16.9
1,0,0,0,-1,0,1,3,0,0,0,0,-1,2,0,-1,-1,0,1,1,-1,3,0,2,200,0,9223372036800000000,30,0,10,0,0,15,1,2,1,100,0,1,1,-1,0,1000,0,0,1,2,0,1,-1,-1,-1,-1,0,10,-1,1,1,3,-1,-1,-1,0,0,1,3,0,10,0,0,0,16.01
1,0,0,0,-1,0,1,1,0,0,0,0,-1,0,-1,2,2,2,2,1,-1,3,0,-1,25,0,9223372036800000000,1e+75,0,10,0,0,7,0,0,1,0,0,1,1,0,0,0,0,0,0,2,0,1,-1,-1,-1,-1,0,10,-1,1,1,3,-1,-1,-1,0,0,1,0,0,10,0,0,0,23
1,0,0,0,-1,0,1,0,0,0,0,0,3,-1,0,-1,2,0,1,2,-1,3,0,4,100,0,9223372036800000000,10,0,10,0,0,30,0,2,1,-1,0,1,1,3,-1,20,0,0,1,2,0,1,-1,-1,-1,-1,-1,10,-1,1,1,3,-1,-1,-1,0,0,1,0,0,10,0,0,0,21.99
1,0,0,0,-1,0,1,2,0,0,0,0,2,0,1,2,-1,2,0,2,2,3,0,4,25,0,9223372036800000000,2,0,10,0,0,10,-1,0,1,100,0,3,1,1,3,-1,0,5,-1,2,0,1,-1,-1,-1,-1,1,10,-1,1,1,3,-1,-1,-1,0,0,1,3,0,10,0,0,0,23.82
1,0,0,0,-1,0,1,3,0,0,0,0,2,0,0,0,1,-1,-1,0,0,3,0,16,10,0,9223372036800000000,1e+75,0,10,0,0,2,1,3,1,0,0,1,1,-1,3,100,0,4,1,2,0,1,-1,-1,-1,-1,-1,10,-1,1,1,3,-1,-1,-1,0,0,1,4,0,10,0,0,0,30.25
1,0,0,0,-1,0,1,0,0,0,0,0,-1,-1,-1,1,-1,1,2,0,0,3,0,-1,25,0,9223372036800000000,1e+75,0,10,0,0,7,0,1,1,0,0,1,1,0,1,0,0,0,1,2,0,1,-1,-1,-1,-1,0,10,-1,1,1,3,-1,-1,-1,0,0,1,0,0,10,0,0,0,14.7
1,0,0,0,-1,0,1,5,0,0,0,0,3,0,-1,2,0,0,1,0,2,3,0,-1,10,0,9223372036800000000,1e+75,0,10,0,0,7,0,0,1,0,0,1,1,0,0,0,0,0,0,2,0,1,-1,-1,-1,-1,0,10,-1,1,1,3,-1,-1,-1,0,0,1,0,0,10,0,0,0,16.41
1,0,0,0,-1,0,1,3,0,0,0,0,0,2,-1,0,-1,-1,-1,2,-1,3,0,-1,50,0,9223372036800000000,0,0,10,0,0,2,-1,0,1,1000,0,3,1,1,3,100,0,0,2,2,0,1,-1,1,-1,-1,-1,10,-1,1,1,3,-1,-1,-1,0,0,1,1,0,10,0,0,0,19.05
1,0,0,0,-1,0,1,5,0,0,0,0,3,0,1,0,-1,1,-1,-1,1,3,0,-1,50,0,9223372036800000000,1e+75,0,10,0,0,7,0,0,1,0,0,1,1,0,0,0,0,0,0,2,0,1,-1,-1,-1,-1,0,10,-1,1,1,3,-1,-1,-1,0,0,1,0,0,10,0,0,0,15.54
1,0,0,0,-1,0,1,5,0,0,0,0,-1,0,0,2,0,1,1,0,1,3,0,-1,10,0,9223372036800000000,1e+75,0,10,0,0,7,0,0,1,0,0,1,1,0,2,0,0,0,0,2,0,1,-1,-1,-1,-1,0,10,-1,1,1,3,-1,-1,-1,0,0,1,0,0,10,0,0,0,15.35
1,0,0,0,-1,0,1,0,0,0,0,0,1,0,0,2,0,2,2,1,2,3,0,-1,10,0,9223372036800000000,40,0,10,0,0,0,-1,2,1,0,0,0,1,0,-1,20,0,0,1,2,0,1,-1,-1,-1,-1,0,10,-1,1,1,3,-1,-1,-1,0,0,1,0,0,10,0,0,0,20.95
1,0,0,0,-1,0,1,1,0,0,0,0,1,1,1,2,0,1,2,1,2,3,0,4,25,0,9223372036800000000,40,0,10,0,0,5,1,0,1,500,0,3,1,3,1,1000,0,0,0,2,0,1,-1,1,-1,-1,0,10,-1,1,1,3,-1,-1,-1,0,0,1,1,0,10,0,0,0,25.75
1,0,0,0,-1,0,1,1,0,0,0,0,1,-1,1,-1,0,-1,2,-1,1,3,0,16,400,0,9223372036800000000,60,0,10,0,0,3,0,2,1,40,0,1,1,-1,2,20,0,0,2,2,0,1,-1,-1,-1,-1,-1,10,-1,1,1,3,-1,-1,-1,0,0,1,0,0,10,0,0,0,22.82
1,0,0,0,-1,0,1,0,0,0,0,0,-1,-1,1,2,-1,0,-1,2,-1,3,0,-1,50,0,9223372036800000000,1e+75,0,10,0,0,7,0,1,1,0,0,0,1,0,-1,0,0,0,-1,2,0,1,-1,-1,-1,-1,0,10,-1,1,1,3,-1,-1,-1,0,0,1,0,0,10,0,0,0,21.69
1,0,0,0,-1,0,1,5,0,0,0,0,0,0,-1,2,0,0,-1,2,2,3,0,-1,10,0,9223372036800000000,1e+75,0,10,0,0,7,0,0,1,0,0,1,1,0,0,0,0,0,0,2,0,1,-1,-1,-1,-1,0,10,-1,1,1,3,-1,-1,-1,0,0,1,0,0,10,0,0,0,21.3
1,0,0,0,-1,0,1,1,0,0,0,0,1,-1,1,-1,0,-1,2,-1,1,3,0,16,400,0,9223372036800000000,60,0,10,0,0,3,0,2,1,40,0,1,1,-1,-1,200,0,0,2,2,0,1,-1,-1,-1,-1,-1,10,-1,1,1,3,-1,-1,-1,0,0,1,0,0,10,0,0,0,22.34
1,0,0,0,-1,0,1,2,0,0,0,0,-1,3,0,1,0,0,1,1,0,3,0,1,800,0,9223372036800000000,1,0,10,0,0,4,0,0,1,0,0,1,1,0,3,0,0,0,0,2,0,1,-1,-1,-1,-1,0,10,-1,1,1,3,-1,-1,-1,0,0,1,0,0,10,0,0,0,14.74
1,0,0,0,-1,0,1,4,0,0,0,0,0,2,0,2,1,0,-1,1,1,3,0,-1,100,0,9223372036800000000,1,0,10,0,0,3,0,3,1,500,0,2,1,-1,2,60,0,0,3,2,0,1,-1,-1,-1,-1,1,10,-1,1,1,3,-1,-1,-1,0,0,1,0,0,10,0,0,0,19.96
1,0,0,0,-1,0,1,5,0,0,0,0,3,0,-1,-1,2,1,-1,-1,0,3,0,-1,800,0,9223372036800000000,1e+75,0,10,0,0,7,0,0,1,0,0,1,1,0,0,0,0,0,0,2,0,1,-1,-1,-1,-1,0,10,-1,1,1,3,-1,-1,-1,0,0,1,0,0,10,0,0,0,13.21
1,0,0,0,-1,0,1,1,0,0,0,0,1,-1,1,-1,0,-1,1,-1,1,3,0,16,400,0,9223372036800000000,60,0,10,0,0,3,0,2,1,500,0,1,1,-1,-1,20,0,0,2,2,0,1,-1,-1,-1,-1,-1,10,-1,1,1,3,-1,-1,-1,0,0,1,0,0,10,0,0,0,22.66
1,0,0,0,-1,0,1,1,0,0,0,0,3,0,-1,2,-1,1,0,1,0,3,0,-1,100,0,9223372036800000000,1e+75,0,10,0,0,7,0,0,1,0,0,1,1,0,0,0,0,0,0,2,0,1,-1,-1,-1,-1,0,10,-1,1,1,3,-1,-1,-1,0,0,1,0,0,10,0,0,0,19.9
1,0,0,0,-1,0,1,2,0,0,0,0,-1,0,1,2,1,0,-1,-1,-1,3,0,-1,25,0,9223372036800000000,1e+75,0,10,0,0,7,0,0,1,0,0,1,1,0,-1,0,0,0,0,2,0,1,-1,-1,-1,-1,0,10,-1,1,1,3,-1,-1,-1,0,0,1,0,0,10,0,0,0,15.27
1,0,0,0,-1,0,1,0,0,0,0,0,0,-1,-1,0,-1,2,-1,-1,1,3,0,-1,150,0,9223372036800000000,2,0,10,0,0,2,-1,2,1,500,0,3,1,1,2,500,0,1,-1,2,0,1,-1,0,-1,-1,0,10,-1,1,1,3,-1,-1,-1,0,0,1,0,0,10,0,0,0,21.88
1,0,0,0,-1,0,1,1,0,0,0,0,0,0,-1,2,-1,1,0,1,0,3,0,-1,150,0,9223372036800000000,1e+75,0,10,0,0,7,0,0,1,0,0,1,1,0,0,0,0,0,0,2,0,1,-1,-1,-1,-1,0,10,-1,1,1,3,-1,-1,-1,0,0,1,0,0,10,0,0,0,19.9
1,0,0,0,-1,0,1,5,0,0,0,0,2,0,-1,-1,2,1,0,2,2,3,0,-1,800,0,9223372036800000000,1e+75,0,10,0,0,7,0,1,1,0,0,0,1,0,3,0,0,0,3,2,0,1,-1,-1,-1,-1,0,10,-1,1,1,3,-1,-1,-1,0,0,1,0,0,10,0,0,0,21.7
1,0,0,0,-1,0,1,1,0,0,0,0,3,0,-1,2,0,0,-1,0,2,3,0,-1,50,0,9223372036800000000,1e+75,0,10,0,0,7,0,0,1,0,0,1,1,0,0,0,0,0,0,2,0,1,-1,-1,-1,-1,0,10,-1,1,1,3,-1,-1,-1,0,0,1,0,0,10,0,0,0,21.27
1,0,0,0,-1,0,1,1,0,0,0,0,0,0,-1,2,0,0,-1,0,2,3,0,-1,10,0,9223372036800000000,1e+75,0,10,0,0,7,0,0,1,0,0,1,1,0,0,0,0,0,0,2,0,1,-1,-1,-1,-1,0,10,-1,1,1,3,-1,-1,-1,0,0,1,0,0,10,0,0,0,21.74
1,0,0,0,-1,0,1,0,0,0,0,0,3,0,0,0,-1,0,0,2,0,3,0,-1,200,0,9223372036800000000,1e+75,0,10,0,0,7,0,0,1,0,0,1,1,0,-1,60,0,0,2,2,0,1,-1,-1,-1,-1,0,10,-1,1,1,3,-1,-1,-1,0,0,1,0,0,10,0,0,0,11.87
1,0,0,0,-1,0,1,5,0,0,0,0,-1,-1,1,1,-1,1,0,0,0,3,0,-1,10,0,9223372036800000000,5,0,10,0,0,30,-1,3,1,1000,0,3,1,0,2,60,0,0,1,2,0,1,-1,-1,-1,-1,0,10,-1,1,1,3,-1,-1,-1,0,0,1,0,0,10,0,0,0,18.55
1,0,0,0,-1,0,1,0,0,0,0,0,3,-1,-1,-1,2,0,1,-1,1,3,0,16,150,0,9223372036800000000,30,0,10,0,0,2,0,3,1,0,0,1,1,0,0,40,0,0,0,2,0,1,-1,-1,-1,-1,0,10,-1,1,1,3,-1,-1,-1,0,0,1,0,0,10,0,0,0,16.6
1,0,0,0,-1,0,1,3,0,0,0,0,2,0,1,2,1,-1,-1,0,0,3,0,1,10,0,9223372036800000000,1e+75,0,10,0,0,7,0,1,1,0,0,1,1,0,-1,0,0,0,0,2,0,1,-1,-1,-1,-1,-1,10,-1,1,1,3,-1,-1,-1,0,0,1,0,0,10,0,0,0,7.38
1,0,0,0,-1,0,1,0,0,0,0,0,1,0,1,-1,-1,1,0,1,-1,3,0,-1,10,0,9223372036800000000,1e+75,0,10,0,0,7,0,0,1,0,0,1,1,0,-1,0,0,0,0,2,0,1,-1,-1,-1,-1,0,10,-1,1,1,3,-1,-1,-1,0,0,1,0,0,10,0,0,0,16.2
1,0,0,0,-1,0,1,0,0,0,0,0,0,1,0,-1,2,1,1,2,1,3,0,4,50,0,9223372036800000000,2,0,10,0,0,0,-1,0,1,0,0,3,1,0,1,100,0,0,2,2,0,1,-1,-1,-1,-1,0,10,-1,1,1,3,-1,-1,-1,0,0,1,0,0,10,0,0,0,17.93
1,0,0,0,-1,0,1,0,0,0,0,0,3,0,1,2,0,-1,2,0,1,3,0,-1,10,0,9223372036800000000,1e+75,0,10,0,0,7,0,0,1,0,0,1,1,0,-1,0,0,0,0,2,0,1,-1,-1,-1,-1,0,10,-1,1,1,3,-1,-1,-1,0,0,1,0,0,10,0,0,0,17.25
1,0,0,0,-1,0,1,4,0,0,0,0,3,-1,0,2,-1,-1,-1,-1,-1,3,0,-1,100,0,9223372036800000000,0,0,10,0,0,10,1,1,1,40,0,1,1,1,2,-1,0,0,2,2,0,1,-1,-1,-1,1,-1,10,-1,1,1,3,-1,-1,-1,0,0,1,1,0,10,0,0,0,5.96
1,0,0,0,-1,0,1,5,0,0,0,0,-1,3,1,-1,2,-1,0,1,-1,3,0,-1,200,0,9223372036800000000,1e+75,0,10,0,0,7,0,2,1,0,0,3,1,0,2,0,0,0,0,2,0,1,-1,-1,-1,-1,0,10,-1,1,1,3,-1,-1,-1,0,0,1,0,0,10,0,0,0,17.96
1,0,0,0,-1,0,1,0,0,0,0,0,1,0,1,0,0,0,2,1,-1,3,0,-1,400,0,9223372036800000000,1e+75,0,10,0,0,7,0,0,1,0,0,1,1,0,0,0,0,0,0,2,0,1,-1,-1,-1,-1,0,10,-1,1,1,3,-1,-1,-1,0,0,1,0,0,10,0,0,0,14.28
1,0,0,0,-1,0,1,1,0,0,0,0,3,0,-1,2,1,1,0,-1,0,3,0,-1,100,0,9223372036800000000,1e+75,0,10,0,0,7,0,0,1,0,0,1,1,0,0,0,0,0,0,2,0,1,-1,-1,-1,-1,0,10,-1,1,1,3,-1,-1,-1,0,0,1,0,0,10,0,0,0,22.29
1,0,0,0,-1,0,1,4,0,0,0,0,3,2,1,-1,2,0,1,2,2,3,0,8,10,0,9223372036800000000,2,0,10,0,0,7,-1,3,1,0,0,2,1,0,0,200,0,0,0,2,0,1,-1,-1,-1,-1,0,10,-1,1,1,3,-1,-1,-1,0,0,1,0,0,10,0,0,0,19.51
1,0,0,0,-1,0,1,1,0,0,0,0,-1,0,1,1,1,-1,0,2,2,3,0,-1,100,0,9223372036800000000,1e+75,0,10,0,0,7,0,0,1,0,0,1,1,0,0,0,0,0,0,2,0,1,-1,-1,-1,-1,0,10,-1,1,1,3,-1,-1,-1,0,0,1,0,0,10,0,0,0,23.68
1,0,0,0,-1,0,1,0,0,0,0,0,3,0,-1,2,-1,1,1,0,2,3,0,-1,10,0,9223372036800000000,1e+75,0,10,0,0,7,0,0,1,0,0,1,1,0,3,0,0,0,0,2,0,1,-1,-1,-1,-1,0,10,-1,1,1,3,-1,-1,-1,0,0,1,0,0,10,0,0,0,16.21
1,0,0,0,-1,0,1,5,0,0,0,0,-1,-1,1,1,-1,1,0,0,0,3,0,-1,10,0,9223372036800000000,30,0,10,0,0,30,-1,3,1,1000,0,3,1,0,2,60,0,0,2,2,0,1,-1,-1,-1,-1,0,10,-1,1,1,3,-1,-1,-1,0,0,1,0,0,10,0,0,0,21.01
1,0,0,0,-1,0,1,0,0,0,0,0,3,0,0,0,0,0,0,0,0,3,0,-1,150,0,9223372036800000000,1e+75,0,10,0,0,7,0,0,1,0,0,1,1,0,0,0,0,0,0,2,0,1,-1,-1,-1,-1,0,10,-1,1,1,3,-1,-1,-1,0,0,1,0,0,10,0,0,0,14.27
1,0,0,0,-1,0,1,2,0,0,0,0,-1,3,0,1,0,0,-1,1,0,3,0,8,800,0,9223372036800000000,50,0,10,0,0,4,0,0,1,0,0,3,1,0,3,1000,0,0,0,2,0,1,-1,-1,-1,-1,0,10,-1,1,1,3,-1,-1,-1,0,0,1,0,0,10,0,0,0,19
1,0,0,0,-1,0,1,1,0,0,0,0,3,0,-1,2,1,1,0,1,0,3,0,-1,100,0,9223372036800000000,1e+75,0,10,0,0,7,0,0,1,0,0,1,1,0,0,0,0,0,0,2,0,1,-1,-1,-1,-1,0,10,-1,1,1,3,-1,-1,-1,0,0,1,0,0,10,0,0,0,20
1,0,0,0,-1,0,1,4,0,0,0,0,1,0,0,2,-1,-1,1,1,0,3,0,1,200,0,9223372036800000000,30,0,10,0,0,7,1,3,1,0,0,1,1,0,2,-1,0,0,1,2,0,1,-1,-1,-1,-1,0,10,-1,1,1,3,-1,-1,-1,0,0,1,0,0,10,0,0,0,22.52
1,0,0,0,-1,0,1,0,0,0,0,0,-1,3,1,1,-1,1,2,0,0,3,0,-1,25,0,9223372036800000000,1e+75,0,10,0,0,7,0,1,1,0,0,1,1,0,1,0,0,0,1,2,0,1,-1,-1,-1,-1,0,10,-1,1,1,3,-1,-1,-1,0,0,1,0,0,10,0,0,0,13.81
1,0,0,0,-1,0,1,0,0,0,0,0,3,0,0,0,-1,0,0,2,0,3,0,-1,200,0,9223372036800000000,1e+75,0,10,0,0,7,0,3,1,0,0,1,1,0,-1,60,0,0,4,2,0,1,-1,-1,-1,-1,0,10,-1,1,1,3,-1,-1,-1,0,0,1,0,0,10,0,0,0,14.83
1,0,0,0,-1,0,1,2,0,0,0,0,-1,1,1,0,2,0,-1,1,-1,3,0,-1,800,0,9223372036800000000,1e+75,0,10,0,0,7,0,2,1,0,0,0,1,0,-1,0,0,0,0,2,0,1,-1,-1,-1,-1,0,10,-1,1,1,3,-1,-1,-1,0,0,1,0,0,10,0,0,0,17.91
1,0,0,0,-1,0,1,4,0,0,0,0,3,-1,-1,2,0,1,-1,2,-1,3,0,-1,25,0,9223372036800000000,1e+75,0,10,0,0,7,0,2,1,0,0,1,1,0,3,0,0,0,2,2,0,1,-1,-1,-1,-1,0,10,-1,1,1,3,-1,-1,-1,0,0,1,0,0,10,0,0,0,13.03
1,0,0,0,-1,0,1,0,0,0,0,0,3,-1,0,-1,2,0,1,2,-1,3,0,4,100,0,9223372036800000000,10,0,10,0,0,30,0,2,1,0,0,1,1,3,-1,500,0,0,1,2,0,1,-1,-1,-1,-1,-1,10,-1,1,1,3,-1,-1,-1,0,0,1,0,0,10,0,0,0,17.32
1,0,0,0,-1,0,1,1,0,0,0,0,0,0,-1,2,-1,1,0,1,0,3,0,-1,100,0,9223372036800000000,1e+75,0,10,0,0,7,0,0,1,0,0,1,1,0,0,0,0,0,0,2,0,1,-1,-1,-1,-1,0,10,-1,1,1,3,-1,-1,-1,0,0,1,0,0,10,0,0,0,19.9
1,0,0,0,-1,0,1,0,0,0,0,0,1,0,1,0,0,0,-1,1,-1,3,0,-1,25,0,9223372036800000000,1e+75,0,10,0,0,7,0,0,1,0,0,1,1,0,0,0,0,0,0,2,0,1,-1,-1,-1,-1,0,10,-1,1,1,3,-1,-1,-1,0,0,1,0,0,10,0,0,0,18.53
1,0,0,0,-1,0,1,0,0,0,0,0,2,2,-1,1,2,0,-1,1,-1,3,0,-1,25,0,9223372036800000000,1e+75,0,10,0,0,7,0,3,1,0,0,1,1,0,1,0,0,0,0,2,0,1,-1,-1,-1,-1,0,10,-1,1,1,3,-1,-1,-1,0,0,1,0,0,10,0,0,0,14.74
1,0,0,0,-1,0,1,0,0,0,0,0,3,0,-1,2,0,-1,1,0,2,3,0,-1,10,0,9223372036800000000,1e+75,0,10,0,0,7,0,0,1,0,0,1,1,0,3,0,0,0,0,2,0,1,-1,-1,-1,-1,0,10,-1,1,1,3,-1,-1,-1,0,0,1,0,0,10,0,0,0,17.18
1,0,0,0,-1,0,1,5,0,0,0,0,3,-1,0,-1,0,2,1,-1,0,3,0,1,25,0,9223372036800000000,0,0,10,0,0,7,0,3,1,0,0,1,1,0,0,0,0,0,4,2,0,1,-1,-1,-1,-1,0,10,-1,1,1,3,-1,-1,-1,0,0,1,0,0,10,0,0,0,15.78
1,0,0,0,-1,0,1,5,0,0,0,0,-1,0,-1,2,0,1,1,0,1,3,0,-1,400,0,9223372036800000000,1e+75,0,10,0,0,7,0,0,1,0,0,1,1,0,2,0,0,0,0,2,0,1,-1,-1,-1,-1,0,10,-1,1,1,3,-1,-1,-1,0,0,1,0,0,10,0,0,0,16.15
1,0,0,0,-1,0,1,5,0,0,0,0,-1,-1,-1,0,2,2,1,0,-1,3,0,4,25,0,9223372036800000000,0,0,10,0,0,4,-1,1,1,-1,0,3,1,-1,1,0,0,1,-1,2,0,1,-1,-1,-1,-1,-1,10,-1,1,1,3,-1,-1,-1,0,0,1,1,0,10,0,0,0,22.38
1,0,0,0,-1,0,1,2,0,0,0,0,-1,0,0,2,-1,0,-1,-1,-1,3,0,-1,25,0,9223372036800000000,1e+75,0,10,0,0,7,0,0,1,0,0,1,1,0,-1,0,0,0,0,2,0,1,-1,-1,-1,-1,0,10,-1,1,1,3,-1,-1,-1,0,0,1,0,0,10,0,0,0,15.22
1,0,0,0,-1,0,1,4,0,0,0,0,1,0,0,2,-1,-1,1,1,0,3,0,2,200,0,9223372036800000000,60,0,10,0,0,7,1,3,1,0,0,1,1,0,2,-1,0,0,1,2,0,1,-1,-1,-1,-1,0,10,-1,1,1,3,-1,-1,-1,0,0,1,0,0,10,0,0,0,14.76
1,0,0,0,-1,0,1,4,0,0,0,0,-1,0,1,0,2,1,2,2,-1,3,0,-1,50,0,9223372036800000000,1e+75,0,10,0,0,7,0,0,1,0,0,1,1,0,1,0,0,0,0,2,0,1,-1,-1,-1,-1,0,10,-1,1,1,3,-1,-1,-1,0,0,1,0,0,10,0,0,0,13.29
1,0,0,0,-1,0,1,4,0,0,0,0,0,0,1,0,2,1,2,2,-1,3,0,-1,150,0,9223372036800000000,1e+75,0,10,0,0,7,0,0,1,0,0,1,1,0,1,0,0,0,0,2,0,1,-1,-1,-1,-1,0,10,-1,1,1,3,-1,-1,-1,0,0,1,0,0,10,0,0,0,13.83
1,0,0,0,-1,0,1,0,0,0,0,0,0,1,1,2,0,1,1,2,1,3,0,2,100,0,9223372036800000000,50,0,10,0,0,2,1,2,1,20,0,1,1,1,-1,0,0,0,3,2,0,1,-1,-1,-1,-1,0,10,-1,1,1,3,-1,-1,-1,0,0,1,0,0,10,0,0,0,14.63
1,0,0,0,-1,0,1,0,0,0,0,0,1,0,0,2,0,-1,-1,1,2,3,0,-1,400,0,9223372036800000000,40,0,10,0,0,0,-1,2,1,0,0,1,1,0,0,-1,0,0,2,2,0,1,-1,-1,-1,-1,0,10,-1,1,1,3,-1,-1,-1,0,0,1,0,0,10,0,0,0,16.58
1,0,0,0,-1,0,1,5,0,0,0,0,2,1,0,2,-1,-1,0,1,1,3,0,1,50,0,9223372036800000000,20,0,10,0,0,4,1,2,1,0,0,0,1,0,-1,0,0,0,2,2,0,1,-1,-1,-1,-1,0,10,-1,1,1,3,-1,-1,-1,0,0,1,0,0,10,0,0,0,28.51
1,0,0,0,-1,0,1,3,0,0,0,0,2,0,1,2,1,-1,-1,0,0,3,0,-1,10,0,9223372036800000000,1e+75,0,10,0,0,7,0,0,1,0,0,1,1,0,-1,0,0,0,0,2,0,1,-1,-1,-1,-1,0,10,-1,1,1,3,-1,-1,-1,0,0,1,0,0,10,0,0,0,10.29
1,0,0,0,-1,0,1,5,0,0,0,0,3,1,0,2,2,-1,1,0,-1,3,0,-1,10,0,9223372036800000000,20,0,10,0,0,15,-1,2,1,100,0,1,1,0,1,500,0,2,2,2,0,1,-1,-1,-1,-1,1,10,-1,1,1,3,-1,-1,-1,0,0,1,0,0,10,0,0,0,18.73
1,0,0,0,-1,0,1,2,0,0,0,0,-1,-1,1,0,2,0,-1,1,-1,3,0,-1,10,0,9223372036800000000,1e+75,0,10,0,0,7,0,2,1,0,0,0,1,0,-1,0,0,0,0,2,0,1,-1,-1,-1,-1,0,10,-1,1,1,3,-1,-1,-1,0,0,1,0,0,10,0,0,0,20.04
1,0,0,0,-1,0,1,0,0,0,0,0,0,0,0,2,2,1,2,0,1,3,0,-1,200,0,9223372036800000000,1e+75,0,10,0,0,7,0,0,1,0,0,1,1,0,0,0,0,0,0,2,0,1,-1,-1,-1,-1,0,10,-1,1,1,3,-1,-1,-1,0,0,1,0,0,10,0,0,0,15.41
1,0,0,0,-1,0,1,2,0,0,0,0,-1,1,1,0,2,0,-1,1,-1,3,0,-1,10,0,9223372036800000000,1e+75,0,10,0,0,7,0,2,1,0,0,2,1,0,-1,0,0,0,0,2,0,1,-1,-1,-1,-1,0,10,-1,1,1,3,-1,-1,-1,0,0,1,0,0,10,0,0,0,18.63
1,0,0,0,-1,0,1,0,0,0,0,0,3,0,0,-1,2,0,1,2,-1,3,0,4,100,0,9223372036800000000,10,0,10,0,0,30,0,2,1,0,0,1,1,3,-1,40,0,0,1,2,0,1,-1,-1,-1,-1,-1,10,-1,1,1,3,-1,-1,-1,0,0,1,0,0,10,0,0,0,17.34
1,0,0,0,-1,0,1,2,0,0,0,0,-1,1,1,2,2,0,-1,1,-1,3,0,-1,800,0,9223372036800000000,1e+75,0,10,0,0,7,0,2,1,0,0,0,1,0,-1,0,0,0,0,2,0,1,-1,-1,-1,-1,0,10,-1,1,1,3,-1,-1,-1,0,0,1,0,0,10,0,0,0,21.03
1,0,0,0,-1,0,1,2,0,0,0,0,-1,0,1,0,2,0,-1,1,-1,3,0,-1,800,0,9223372036800000000,1e+75,0,10,0,0,7,0,2,1,0,0,0,1,0,-1,0,0,0,0,2,0,1,-1,-1,-1,-1,0,10,-1,1,1,3,-1,-1,-1,0,0,1,0,0,10,0,0,0,21.22
1,0,0,0,-1,0,1,5,0,0,0,0,-1,1,1,0,2,0,-1,1,-1,3,0,-1,800,0,9223372036800000000,1e+75,0,10,0,0,7,0,2,1,0,0,0,1,0,-1,0,0,0,0,2,0,1,-1,-1,-1,-1,0,10,-1,1,1,3,-1,-1,-1,0,0,1,0,0,10,0,0,0,20.72
1,0,0,0,-1,0,1,3,0,0,0,0,2,0,1,2,1,-1,-1,0,0,3,0,-1,10,0,9223372036800000000,1,0,10,0,0,7,0,1,1,0,0,1,1,0,-1,0,0,0,0,2,0,1,-1,-1,-1,-1,0,10,-1,1,1,3,-1,-1,-1,0,0,1,0,0,10,0,0,0,10.13
1,0,0,0,-1,0,1,3,0,0,0,0,2,0,1,2,1,-1,-1,0,0,3,0,-1,10,0,9223372036800000000,2,0,10,0,0,7,0,1,1,0,0,1,1,0,-1,0,0,0,0,2,0,1,-1,-1,-1,-1,0,10,-1,1,1,3,-1,-1,-1,0,0,1,0,0,10,0,0,0,10.13
1,0,0,0,-1,0,1,5,0,0,0,0,2,0,-1,-1,2,1,0,2,2,3,0,-1,100,0,9223372036800000000,1e+75,0,10,0,0,7,0,1,1,0,0,0,1,0,3,0,0,0,3,2,0,1,-1,-1,-1,-1,0,10,-1,1,1,3,-1,-1,-1,0,0,1,0,0,10,0,0,0,21.7
1,0,0,0,-1,0,1,3,0,0,0,0,2,0,1,2,1,-1,-1,0,0,3,0,-1,10,0,9223372036800000000,5,0,10,0,0,7,0,1,1,0,0,1,1,0,-1,0,0,0,0,2,0,1,-1,-1,-1,-1,0,10,-1,1,1,3,-1,-1,-1,0,0,1,0,0,10,0,0,0,10.13
1,0,0,0,-1,0,1,3,0,0,0,0,2,0,1,2,1,-1,-1,0,0,3,0,-1,10,0,9223372036800000000,10,0,10,0,0,7,0,1,1,0,0,1,1,0,-1,0,0,0,0,2,0,1,-1,-1,-1,-1,0,10,-1,1,1,3,-1,-1,-1,0,0,1,0,0,10,0,0,0,10.13
1,0,0,0,-1,0,1,3,0,0,0,0,2,0,1,2,1,-1,-1,0,0,3,0,-1,10,0,9223372036800000000,20,0,10,0,0,7,0,1,1,0,0,1,1,0,-1,0,0,0,0,2,0,1,-1,-1,-1,-1,0,10,-1,1,1,3,-1,-1,-1,0,0,1,0,0,10,0,0,0,10.13
1,0,0,0,-1,0,1,5,0,0,0,0,0,0,0,2,1,0,1,-1,1,3,0,-1,800,0,9223372036800000000,1e+75,0,10,0,0,7,0,0,1,0,0,1,1,0,3,0,0,0,0,2,0,1,-1,-1,-1,-1,0,10,-1,1,1,3,-1,-1,-1,0,0,1,0,0,10,0,0,0,17.34
1,0,0,0,-1,0,1,3,0,0,0,0,2,0,1,2,1,-1,-1,0,0,3,0,-1,10,0,9223372036800000000,30,0,10,0,0,7,0,1,1,0,0,1,1,0,-1,0,0,0,0,2,0,1,-1,-1,-1,-1,0,10,-1,1,1,3,-1,-1,-1,0,0,1,0,0,10,0,0,0,10.13
1,0,0,0,-1,0,1,4,0,0,0,0,0,0,0,2,0,-1,1,1,0,3,0,2,200,0,9223372036800000000,30,0,10,0,0,7,1,3,1,0,0,1,1,0,2,-1,0,0,4,2,0,1,-1,-1,-1,-1,0,10,-1,1,1,3,-1,-1,-1,0,0,1,0,0,10,0,0,0,15.37
1,0,0,0,-1,0,1,0,0,0,0,0,3,0,0,0,-1,0,0,2,0,3,0,-1,400,0,9223372036800000000,1e+75,0,10,0,0,7,0,3,1,0,0,1,1,0,-1,60,0,0,2,2,0,1,-1,-1,-1,-1,0,10,-1,1,1,3,-1,-1,-1,0,0,1,0,0,10,0,0,0,11.86
1,0,0,0,-1,0,1,5,0,0,0,0,2,1,0,2,-1,-1,0,1,1,3,0,1,50,0,9223372036800000000,1e+75,0,10,0,0,4,1,2,1,0,0,1,1,0,2,0,0,0,0,2,0,1,-1,-1,-1,-1,0,10,-1,1,1,3,-1,-1,-1,0,0,1,0,0,10,0,0,0,12.63
1,0,0,0,-1,0,1,3,0,0,0,0,2,0,1,2,1,-1,-1,0,0,3,0,-1,10,0,9223372036800000000,60,0,10,0,0,7,0,1,1,0,0,1,1,0,-1,0,0,0,0,2,0,1,-1,-1,-1,-1,0,10,-1,1,1,3,-1,-1,-1,0,0,1,0,0,10,0,0,0,10.13
1,0,0,0,-1,0,1,0,0,0,0,0,3,1,-1,1,2,0,0,0,-1,3,0,1,100,0,9223372036800000000,60,0,10,0,0,30,0,2,1,0,0,0,1,0,2,1000,0,0,2,2,0,1,-1,-1,-1,-1,0,10,-1,1,1,3,-1,-1,-1,0,0,1,0,0,10,0,0,0,26.24
1,0,0,0,-1,0,1,2,0,0,0,0,-1,0,0,1,0,0,1,1,0,3,0,8,800,0,9223372036800000000,50,0,10,0,0,4,0,0,1,0,0,3,1,0,3,0,0,0,0,2,0,1,-1,-1,-1,-1,0,10,-1,1,1,3,-1,-1,-1,0,0,1,0,0,10,0,0,0,19.77
1,0,0,0,-1,0,1,4,0,0,0,0,0,-1,-1,0,-1,-1,1,-1,2,3,0,16,100,0,9223372036800000000,240,0,10,0,0,2,0,2,1,20,0,3,1,0,3,20,0,0,0,2,0,1,-1,-1,-1,-1,-1,10,-1,1,1,3,-1,-1,-1,0,0,1,0,0,10,0,0,0,23.4
1,0,0,0,-1,0,1,0,0,0,0,0,0,0,-1,2,1,-1,1,2,-1,3,0,8,200,0,9223372036800000000,0,0,10,0,0,2,0,0,1,20,0,0,1,-1,2,20,0,3,-1,2,0,1,-1,-1,-1,-1,0,10,-1,1,1,3,-1,-1,-1,0,0,1,2,0,10,0,0,0,26.79
1,0,0,0,-1,0,1,0,0,0,0,0,3,0,0,0,0,0,0,2,0,3,0,-1,200,0,9223372036800000000,1e+75,0,10,0,0,7,0,0,1,0,0,1,1,0,0,0,0,0,0,2,0,1,-1,-1,-1,-1,0,10,-1,1,1,3,-1,-1,-1,0,0,1,0,0,10,0,0,0,12.53
1,0,0,0,-1,0,1,3,0,0,0,0,2,0,1,2,1,-1,-1,0,0,3,0,-1,10,0,9223372036800000000,1e+75,0,10,0,0,7,0,1,1,0,0,1,1,0,-1,-1,0,0,0,2,0,1,-1,-1,-1,-1,0,10,-1,1,1,3,-1,-1,-1,0,0,1,0,0,10,0,0,0,10.63
1,0,0,0,-1,0,1,3,0,0,0,0,2,0,1,2,1,-1,-1,0,0,3,0,-1,10,0,9223372036800000000,1e+75,0,10,0,0,7,0,1,1,0,0,1,1,0,-1,20,0,0,0,2,0,1,-1,-1,-1,-1,0,10,-1,1,1,3,-1,-1,-1,0,0,1,0,0,10,0,0,0,13.14
1,0,0,0,-1,0,1,5,0,0,0,0,3,0,1,0,1,1,1,-1,1,3,0,-1,50,0,9223372036800000000,1e+75,0,10,0,0,7,0,0,1,0,0,1,1,0,0,0,0,0,0,2,0,1,-1,-1,-1,-1,0,10,-1,1,1,3,-1,-1,-1,0,0,1,0,0,10,0,0,0,17.9
1,0,0,0,-1,0,1,5,0,0,0,0,0,1,0,2,2,0,-1,1,-1,3,0,16,25,0,9223372036800000000,120,0,10,0,0,0,1,3,1,0,0,0,1,0,3,40,0,0,3,2,0,1,-1,-1,-1,-1,0,10,-1,1,1,3,-1,-1,-1,0,0,1,0,0,10,0,0,0,22.03
1,0,0,0,-1,0,1,5,0,0,0,0,0,1,0,2,2,0,-1,1,-1,3,0,16,10,0,9223372036800000000,120,0,10,0,0,0,-1,3,1,0,0,0,1,0,3,40,0,0,3,2,0,1,-1,-1,-1,-1,0,10,-1,1,1,3,-1,-1,-1,0,0,1,0,0,10,0,0,0,21.25
1,0,0,0,-1,0,1,2,0,0,0,0,-1,3,0,1,0,-1,-1,1,0,3,0,8,800,0,9223372036800000000,50,0,10,0,0,4,0,0,1,0,0,3,1,0,3,0,0,0,4,2,0,1,-1,-1,-1,-1,0,10,-1,1,1,3,-1,-1,-1,0,0,1,0,0,10,0,0,0,18.21
1,0,0,0,-1,0,1,3,0,0,0,0,2,0,1,2,1,-1,-1,0,0,3,0,-1,10,0,9223372036800000000,1e+75,0,10,0,0,0,0,1,1,0,0,1,1,0,-1,0,0,0,0,2,0,1,-1,-1,-1,-1,0,10,-1,1,1,3,-1,-1,-1,0,0,1,0,0,10,0,0,0,10.13
1,0,0,0,-1,0,1,3,0,0,0,0,2,0,1,2,1,-1,-1,0,0,3,0,-1,10,0,9223372036800000000,1e+75,0,10,0,0,2,0,1,1,0,0,1,1,0,-1,0,0,0,0,2,0,1,-1,-1,-1,-1,0,10,-1,1,1,3,-1,-1,-1,0,0,1,0,0,10,0,0,0,10.13
1,0,0,0,-1,0,1,3,0,0,0,0,2,0,1,2,1,-1,-1,0,0,3,0,-1,10,0,9223372036800000000,1e+75,0,10,0,0,3,0,1,1,0,0,1,1,0,-1,0,0,0,0,2,0,1,-1,-1,-1,-1,0,10,-1,1,1,3,-1,-1,-1,0,0,1,0,0,10,0,0,0,10.13
1,0,0,0,-1,0,1,3,0,0,0,0,2,0,1,2,1,-1,-1,0,0,3,0,-1,10,0,9223372036800000000,1e+75,0,10,0,0,5,0,1,1,0,0,1,1,0,-1,0,0,0,0,2,0,1,-1,-1,-1,-1,0,10,-1,1,1,3,-1,-1,-1,0,0,1,0,0,10,0,0,0,10.13
1,0,0,0,-1,0,1,3,0,0,0,0,2,0,1,2,1,-1,-1,0,0,3,0,1,10,0,9223372036800000000,1e+75,0,10,0,0,7,0,1,1,0,0,1,1,0,-1,0,0,0,0,2,0,1,-1,-1,-1,-1,0,10,-1,1,1,3,-1,-1,4,0,0,1,0,0,10,0,0,0,7.38
1,0,0,0,-1,0,1,3,0,0,0,0,2,0,1,2,1,-1,-1,0,0,3,0,-1,10,0,9223372036800000000,1e+75,0,10,0,0,15,0,1,1,0,0,1,1,0,-1,0,0,0,0,2,0,1,-1,-1,-1,-1,0,10,-1,1,1,3,-1,-1,-1,0,0,1,0,0,10,0,0,0,10.13
1,0,0,0,-1,0,1,3,0,0,0,0,2,0,1,2,1,-1,-1,0,0,3,0,-1,10,0,9223372036800000000,1e+75,0,10,0,0,7,1,1,1,0,0,1,1,0,-1,0,0,0,0,2,0,1,-1,-1,-1,-1,0,10,-1,1,1,3,-1,-1,-1,0,0,1,0,0,10,0,0,0,12.59
1,0,0,0,-1,0,1,3,0,0,0,0,2,0,1,2,1,-1,-1,0,0,3,0,1,10,0,9223372036800000000,1e+75,0,10,0,0,7,0,1,1,0,0,1,1,0,-1,0,0,0,0,2,0,1,-1,-1,-1,-1,0,10,-1,1,1,3,-1,-1,-1,0,0,1,0,0,10,0,0,0,7.38
1,0,0,0,-1,0,1,3,0,0,0,0,2,0,1,2,1,-1,-1,0,0,3,0,-1,10,0,9223372036800000000,40,0,10,0,0,7,0,1,1,0,0,1,1,0,-1,0,0,0,0,2,0,1,-1,-1,-1,-1,0,10,-1,1,1,3,-1,-1,-1,0,0,1,0,0,10,0,0,0,10.13
1,0,0,0,-1,0,1,0,0,0,0,0,0,2,0,-1,2,1,2,2,2,3,0,8,25,0,9223372036800000000,120,0,10,0,0,3,1,3,1,0,0,2,1,0,-1,500,0,0,0,2,0,1,-1,-1,-1,-1,0,10,-1,1,1,3,-1,-1,-1,0,0,1,0,0,10,0,0,0,19.06
1,0,0,0,-1,0,1,5,0,0,0,0,3,3,-1,-1,-1,0,-1,1,2,3,0,-1,25,0,9223372036800000000,1e+75,0,10,0,0,7,0,3,1,0,0,2,1,0,3,0,0,0,0,2,0,1,-1,-1,-1,-1,0,10,-1,1,1,3,-1,-1,-1,0,0,1,0,0,10,0,0,0,21.36
1,0,0,0,-1,0,1,0,0,0,0,0,3,-1,-1,-1,2,0,1,-1,1,3,0,16,150,0,9223372036800000000,50,0,10,0,0,2,0,3,1,0,0,1,1,0,0,100,0,0,0,2,0,1,-1,-1,-1,-1,0,10,-1,1,1,3,-1,-1,-1,0,0,1,0,0,10,0,0,0,16.93
1,0,0,0,-1,0,1,2,0,0,0,0,0,3,0,1,1,2,2,0,0,3,0,2,400,0,9223372036800000000,60,0,10,0,0,30,0,3,1,500,0,0,1,3,2,-1,0,0,3,2,0,1,-1,-1,-1,-1,1,10,-1,1,1,3,-1,-1,-1,0,0,1,0,0,10,0,0,0,19.04
1,0,0,0,-1,0,1,0,0,0,0,0,3,0,0,0,-1,1,0,2,0,3,0,-1,200,0,9223372036800000000,1e+75,0,10,0,0,7,0,0,1,0,0,1,1,0,-1,0,0,0,2,2,0,1,-1,-1,-1,-1,0,10,-1,1,1,3,-1,-1,-1,0,0,1,0,0,10,0,0,0,13.04
1,0,0,0,-1,0,1,0,0,0,0,0,3,0,0,0,-1,0,0,2,0,3,0,-1,200,0,9223372036800000000,1e+75,0,10,0,0,7,0,0,1,0,0,1,1,0,2,0,0,0,2,2,0,1,-1,-1,-1,-1,0,10,-1,1,1,3,-1,-1,-1,0,0,1,0,0,10,0,0,0,12.32
1,0,0,0,-1,0,1,5,0,0,0,0,2,1,0,2,-1,-1,0,1,1,3,0,1,50,0,9223372036800000000,240,0,10,0,0,4,1,2,1,0,0,1,1,0,2,0,0,0,0,2,0,1,-1,-1,-1,-1,0,10,-1,1,1,3,-1,-1,-1,0,0,1,0,0,10,0,0,0,12.63
1,0,0,0,-1,0,1,3,0,0,0,0,2,0,1,2,1,-1,-1,0,0,3,0,1,10,0,9223372036800000000,1e+75,0,10,0,0,7,0,1,1,0,1,1,1,0,-1,0,0,0,0,2,0,1,-1,-1,-1,-1,0,10,-1,1,1,3,-1,-1,-1,0,0,1,0,0,10,0,0,0,9.76
1,0,0,0,-1,0,1,4,0,0,0,0,3,2,1,-1,2,0,1,2,2,3,0,8,10,0,9223372036800000000,2,0,10,0,0,30,-1,3,1,0,0,2,1,0,-1,200,0,0,0,2,0,1,-1,-1,-1,-1,0,10,-1,1,1,3,-1,-1,-1,0,0,1,0,0,10,0,0,0,17.72
1,0,0,0,-1,0,1,0,0,0,0,0,3,3,0,0,-1,0,0,2,0,3,0,-1,200,0,9223372036800000000,1e+75,0,10,0,0,7,0,0,1,0,0,1,1,0,-1,0,0,0,2,2,0,1,-1,-1,-1,-1,0,10,-1,1,1,3,-1,-1,-1,0,0,1,0,0,10,0,0,0,13.63
1,0,0,0,-1,0,1,5,0,0,0,0,2,-1,1,0,1,0,-1,-1,0,3,0,16,100,0,9223372036800000000,40,0,10,0,0,7,0,3,1,500,0,1,1,1,3,500,0,4,0,2,0,1,-1,-1,-1,-1,1,10,-1,1,1,3,-1,-1,-1,0,0,1,3,0,10,0,0,0,28.31
1,0,0,0,-1,0,1,0,0,0,0,0,3,0,0,0,-1,0,0,2,0,3,0,-1,200,0,9223372036800000000,1e+75,0,10,0,0,7,0,0,1,0,0,1,1,0,3,60,0,0,2,2,0,1,-1,-1,-1,-1,0,10,-1,1,1,3,-1,-1,-1,0,0,1,0,0,10,0,0,0,15.65
1,0,0,0,-1,0,1,0,0,0,0,0,-1,0,0,0,-1,0,0,2,0,3,0,-1,200,0,9223372036800000000,1e+75,0,10,0,0,7,0,0,1,0,0,1,1,0,-1,60,0,0,2,2,0,1,-1,-1,-1,-1,0,10,-1,1,1,3,-1,-1,-1,0,0,1,0,0,10,0,0,0,14.4
1,0,0,0,-1,0,1,0,0,0,0,0,3,0,0,0,-1,0,0,2,0,3,0,-1,200,0,9223372036800000000,40,0,10,0,0,7,0,3,1,0,0,1,1,0,-1,1000,0,0,2,2,0,1,-1,-1,-1,-1,0,10,-1,1,1,3,-1,-1,-1,0,0,1,0,0,10,0,0,0,11.8
1,0,0,0,-1,0,1,0,0,0,0,0,3,0,0,0,-1,0,0,2,0,3,0,-1,200,0,9223372036800000000,1e+75,0,10,0,0,7,1,0,1,0,0,1,1,0,-1,60,0,0,2,2,0,1,-1,-1,-1,-1,0,10,-1,1,1,3,-1,-1,-1,0,0,1,0,0,10,0,0,0,13.25
1,0,0,0,-1,0,1,5,0,0,0,0,-1,0,1,1,-1,-1,1,-1,1,3,0,-1,150,0,9223372036800000000,1e+75,0,10,0,0,7,0,1,1,0,0,2,1,0,3,0,0,0,1,2,0,1,-1,-1,-1,-1,0,10,-1,1,1,3,-1,-1,-1,0,0,1,0,0,10,0,0,0,25.76
1,0,0,0,-1,0,1,0,0,0,0,0,3,-1,0,0,-1,0,0,2,0,3,0,-1,200,0,9223372036800000000,1e+75,0,10,0,0,7,0,0,1,0,0,1,1,0,-1,60,0,0,2,2,0,1,-1,-1,-1,-1,0,10,-1,1,1,3,-1,-1,-1,0,0,1,0,0,10,0,0,0,14.58
1,0,0,0,-1,0,1,5,0,0,0,0,3,0,-1,-1,2,0,1,-1,0,3,0,-1,400,0,9223372036800000000,1e+75,0,10,0,0,7,0,0,1,0,0,1,1,0,0,0,0,0,0,2,0,1,-1,-1,-1,-1,0,10,-1,1,1,3,-1,-1,-1,0,0,1,0,0,10,0,0,0,15.26
1,0,0,0,-1,0,1,0,0,0,0,0,3,0,0,0,2,0,0,2,0,3,0,-1,200,0,9223372036800000000,1e+75,0,10,0,0,7,0,0,1,0,0,1,1,0,-1,60,0,0,2,2,0,1,-1,-1,-1,-1,0,10,-1,1,1,3,-1,-1,-1,0,0,1,0,0,10,0,0,0,13.74
1,0,0,0,-1,0,1,5,0,0,0,0,2,-1,1,0,1,0,-1,-1,0,3,0,16,100,0,9223372036800000000,40,0,10,0,0,7,0,3,1,100,0,1,1,1,3,500,0,4,3,2,0,1,-1,-1,-1,-1,1,10,-1,1,1,3,-1,-1,-1,0,0,1,3,0,10,0,0,0,18.68
1,0,0,0,-1,0,1,0,0,0,0,0,1,0,0,2,0,2,1,1,2,3,0,-1,800,0,9223372036800000000,40,0,10,0,0,0,-1,2,1,0,0,1,1,0,0,-1,0,0,2,2,0,1,-1,-1,-1,-1,0,10,-1,1,1,3,-1,-1,-1,0,0,1,0,0,10,0,0,0,11.21
1,0,0,0,-1,0,1,5,0,0,0,0,3,-1,0,-1,0,2,1,-1,0,3,0,1,800,0,9223372036800000000,0,0,10,0,0,7,0,3,1,0,0,1,1,0,0,0,0,0,4,2,0,1,-1,-1,-1,-1,0,10,-1,1,1,3,-1,-1,-1,0,0,1,0,0,10,0,0,0,15.78
1,0,0,0,-1,0,1,0,0,0,0,0,0,0,0,0,-1,0,0,2,0,3,0,-1,200,0,9223372036800000000,1e+75,0,10,0,0,7,0,0,1,0,0,1,1,0,-1,60,0,0,2,2,0,1,-1,-1,-1,-1,0,10,-1,1,1,3,-1,-1,-1,0,0,1,0,0,10,0,0,0,14.4
1,0,0,0,-1,0,1,0,0,0,0,0,3,0,0,0,-1,0,0,2,0,3,0,-1,400,0,9223372036800000000,1e+75,0,10,0,0,7,0,0,1,0,0,1,1,0,-1,60,0,0,2,2,0,1,-1,-1,-1,-1,0,10,-1,1,1,3,-1,-1,-1,0,0,1,0,0,10,0,0,0,11.87
1,0,0,0,-1,0,3,4,0,0,0,0,3,-1,0,2,-1,-1,-1,-1,-1,3,0,-1,100,0,9223372036800000000,0,0,10,0,0,10,1,1,1,40,0,1,1,1,2,-1,0,0,2,2,0,1,-1,-1,-1,-1,-1,10,-1,1,1,3,-1,-1,-1,0,0,1,1,0,10,0,0,0,5.96
1,0,0,0,-1,0,1,0,0,0,0,0,3,0,0,0,-1,0,0,2,0,3,0,-1,200,0,9223372036800000000,40,0,10,0,0,7,0,0,1,0,0,1,1,0,-1,60,0,0,2,2,0,1,-1,-1,-1,-1,0,10,-1,1,1,3,-1,-1,-1,0,0,1,0,0,10,0,0,0,11.87
1,0,0,0,-1,0,1,0,0,0,0,0,3,-1,0,-1,2,0,1,2,-1,3,0,4,100,0,9223372036800000000,5,0,10,0,0,30,0,2,1,0,0,1,1,3,-1,20,0,0,1,2,0,1,-1,-1,-1,-1,-1,10,-1,1,1,3,-1,-1,-1,0,0,1,0,0,10,0,0,0,19.51
1,0,0,0,-1,0,1,0,0,0,0,0,-1,2,-1,1,-1,2,-1,2,2,3,0,16,400,0,9223372036800000000,20,0,10,0,0,15,0,3,1,-1,0,3,1,-1,2,1000,0,0,3,2,0,1,-1,1,-1,-1,1,10,-1,1,1,3,-1,-1,-1,0,0,1,4,0,10,0,0,0,20.17
1,0,0,0,-1,0,1,2,0,0,0,0,2,0,1,2,-1,2,0,2,2,3,0,4,25,0,9223372036800000000,2,0,10,0,0,10,-1,0,1,100,0,3,1,1,-1,-1,0,5,-1,2,0,1,-1,-1,-1,-1,1,10,-1,1,1,3,-1,-1,-1,0,0,1,3,0,10,0,0,0,23.02
1,0,0,0,-1,0,1,0,0,0,0,0,3,0,0,0,-1,0,0,2,0,3,0,1,200,0,9223372036800000000,1e+75,0,10,0,0,7,0,3,1,0,0,1,1,0,-1,60,0,0,2,2,0,1,-1,-1,-1,-1,0,10,-1,1,1,3,-1,-1,-1,0,0,1,0,0,10,0,0,0,17.91
1,0,0,0,-1,0,1,4,0,0,0,0,0,3,1,1,2,0,1,-1,2,3,0,-1,100,0,9223372036800000000,1e+75,0,10,0,0,7,0,1,1,0,0,1,1,0,1,0,0,0,-1,2,0,1,-1,-1,-1,-1,0,10,-1,1,1,3,-1,-1,-1,0,0,1,0,0,10,0,0,0,19.62
1,0,0,0,-1,0,1,0,0,0,0,0,3,0,0,0,-1,0,1,2,0,3,0,-1,200,0,9223372036800000000,1e+75,0,10,0,0,7,0,3,1,0,0,1,1,0,-1,60,0,0,2,2,0,1,-1,-1,-1,-1,0,10,-1,1,1,3,-1,-1,-1,0,0,1,0,0,10,0,0,0,12.69
1,0,0,0,-1,0,1,0,0,0,0,0,3,0,0,0,-1,-1,0,2,0,3,0,-1,200,0,9223372036800000000,1e+75,0,10,0,0,7,0,3,1,0,0,1,1,0,-1,60,0,0,2,2,0,1,-1,-1,-1,-1,0,10,-1,1,1,3,-1,-1,-1,0,0,1,0,0,10,0,0,0,16.53
1,0,0,0,-1,0,1,1,0,0,0,0,0,2,0,-1,2,-1,2,2,2,3,0,8,25,0,9223372036800000000,120,0,10,0,0,3,1,2,1,0,0,2,1,0,-1,500,0,0,4,2,0,1,-1,-1,-1,-1,0,10,-1,1,1,3,-1,-1,-1,0,0,1,0,0,10,0,0,0,20.48
1,0,0,0,-1,0,1,0,0,0,0,0,3,0,0,0,-1,0,0,2,0,3,0,-1,200,0,9223372036800000000,30,0,10,0,0,7,0,3,1,0,0,1,1,0,-1,60,0,0,2,2,0,1,-1,-1,-1,-1,0,10,-1,1,1,3,-1,-1,-1,0,0,1,0,0,10,0,0,0,11.86
1,0,0,0,-1,0,1,3,0,0,0,0,3,1,-1,-1,1,-1,-1,-1,0,3,0,-1,400,0,9223372036800000000,40,0,10,0,0,0,1,3,1,0,0,2,1,0,0,60,0,0,3,2,0,1,-1,-1,-1,-1,0,10,-1,1,1,3,-1,-1,-1,0,0,1,0,0,10,0,0,0,23.7
1,0,0,0,-1,0,1,0,0,0,0,0,1,0,0,2,0,2,2,1,2,3,0,-1,10,0,9223372036800000000,40,0,10,0,0,0,-1,2,1,0,0,0,1,0,0,20,0,0,1,2,0,1,-1,-1,-1,-1,0,10,-1,1,1,3,-1,-1,-1,0,0,1,0,0,10,0,0,0,20.84
1,0,0,0,-1,0,1,0,0,0,0,0,1,0,0,2,0,0,2,1,2,3,0,-1,10,0,9223372036800000000,40,0,10,0,0,0,-1,2,1,0,0,0,1,0,0,20,0,0,1,2,0,1,-1,-1,-1,-1,0,10,-1,1,1,3,-1,-1,-1,0,0,1,0,0,10,0,0,0,21.07
1,0,0,0,-1,0,1,2,0,0,0,0,0,3,0,1,1,2,2,0,0,3,0,2,400,0,9223372036800000000,10,0,10,0,0,30,0,3,1,-1,0,0,1,3,2,-1,0,0,3,2,0,1,-1,-1,-1,-1,1,10,-1,1,1,3,-1,-1,-1,0,0,1,0,0,10,0,0,0,19.87
1,0,0,0,-1,0,1,0,0,0,0,0,3,0,-1,2,-1,-1,1,0,2,3,0,-1,10,0,9223372036800000000,1e+75,0,10,0,0,7,0,0,1,0,0,1,1,0,3,0,0,0,0,2,0,1,-1,-1,-1,-1,0,10,-1,1,1,3,-1,-1,-1,0,0,1,0,0,10,0,0,0,15.24
1,0,0,0,-1,0,1,0,0,0,0,0,1,0,0,2,0,2,-1,1,2,3,0,-1,25,0,9223372036800000000,40,0,10,0,0,0,-1,2,1,0,0,1,1,0,0,-1,0,0,2,2,0,1,-1,-1,-1,-1,0,10,-1,1,1,3,-1,-1,-1,0,0,1,0,0,10,0,0,0,13.93
1,0,0,0,-1,0,1,0,0,0,0,0,0,-1,1,1,-1,2,2,2,1,3,0,16,400,0,9223372036800000000,40,0,10,0,0,7,1,2,1,0,0,2,1,0,0,20,0,0,4,2,0,1,-1,-1,-1,-1,0,10,-1,1,1,3,-1,-1,-1,0,0,1,0,0,10,0,0,0,22.23
1,0,0,0,-1,0,1,2,0,0,0,0,-1,0,-1,2,2,2,2,2,-1,3,0,-1,150,0,9223372036800000000,1e+75,0,10,0,0,7,0,0,1,0,0,1,1,0,0,0,0,0,0,2,0,1,-1,-1,-1,-1,0,10,-1,1,1,3,-1,-1,-1,0,0,1,0,0,10,0,0,0,11.27
1,0,0,0,-1,0,1,4,0,0,0,0,3,2,1,-1,2,0,1,2,2,3,0,8,10,0,9223372036800000000,60,0,10,0,0,7,-1,3,1,0,0,2,1,0,-1,200,0,0,0,2,0,1,-1,-1,-1,-1,0,10,-1,1,1,3,-1,-1,-1,0,0,1,0,0,10,0,0,0,17.2
1,0,0,0,-1,0,1,0,0,0,0,0,1,0,0,2,0,2,2,1,2,3,0,1,10,0,9223372036800000000,40,0,10,0,0,0,-1,2,1,0,0,0,1,0,0,20,0,0,1,2,0,1,-1,-1,-1,-1,0,10,-1,1,1,3,-1,-1,-1,0,0,1,0,0,10,0,0,0,28.49
1,0,0,0,-1,0,1,5,0,0,0,0,3,-1,-1,-1,2,0,1,-1,1,3,0,16,150,0,9223372036800000000,5,0,10,0,0,2,0,3,1,0,0,1,1,0,0,40,0,0,0,2,0,1,-1,-1,-1,-1,0,10,-1,1,1,3,-1,-1,-1,0,0,1,0,0,10,0,0,0,15.67
1,0,0,0,-1,0,1,3,0,0,0,0,2,0,1,2,1,-1,-1,0,0,3,0,-1,10,0,9223372036800000000,120,0,10,0,0,7,0,1,1,0,0,1,1,0,-1,0,0,0,0,2,0,1,-1,-1,-1,-1,0,10,-1,1,1,3,-1,-1,-1,0,0,1,0,0,10,0,0,0,10.13
1,0,0,0,-1,0,1,0,0,0,0,0,1,0,0,2,0,2,2,1,2,3,0,-1,10,0,9223372036800000000,40,0,10,0,0,0,-1,2,1,0,0,0,1,0,0,1000,0,0,1,2,0,1,-1,-1,-1,-1,0,10,-1,1,1,3,-1,-1,-1,0,0,1,0,0,10,0,0,0,20.66
1,0,0,0,-1,0,1,5,0,0,0,0,3,0,-1,0,0,2,-1,2,1,3,0,-1,800,0,9223372036800000000,1e+75,0,10,0,0,7,0,0,1,0,0,1,1,0,0,0,0,0,0,2,0,1,-1,-1,-1,-1,0,10,-1,1,1,3,-1,-1,-1,0,0,1,0,0,10,0,0,0,17.74
1,0,0,0,-1,0,1,0,0,0,0,0,1,0,0,2,0,2,2,1,-1,3,0,-1,10,0,9223372036800000000,40,0,10,0,0,0,-1,2,1,0,0,0,1,0,0,20,0,0,1,2,0,1,-1,-1,-1,-1,0,10,-1,1,1,3,-1,-1,-1,0,0,1,0,0,10,0,0,0,20.84
1,0,0,0,-1,0,1,0,0,0,0,0,1,0,0,2,0,2,2,1,2,3,0,-1,10,0,9223372036800000000,40,0,10,0,0,0,-1,2,1,0,0,1,1,0,0,-1,0,0,1,2,0,1,-1,-1,-1,-1,0,10,-1,1,1,3,-1,-1,-1,0,0,1,0,0,10,0,0,0,14.4
1,0,0,0,-1,0,1,0,0,0,0,0,1,2,0,2,0,2,2,1,2,3,0,-1,10,0,9223372036800000000,40,0,10,0,0,0,-1,2,1,0,0,1,1,0,0,-1,0,0,1,2,0,1,-1,-1,-1,-1,0,10,-1,1,1,3,-1,-1,-1,0,0,1,0,0,10,0,0,0,15.88
1,0,0,0,-1,0,1,5,0,0,0,0,3,-1,0,-1,0,2,1,-1,0,3,0,1,25,0,9223372036800000000,0,0,10,0,0,7,-1,3,1,0,0,1,1,0,0,0,0,0,4,2,0,1,-1,-1,-1,-1,0,10,-1,1,1,3,-1,-1,-1,0,0,1,0,0,10,0,0,0,17.12
1,0,0,0,-1,0,1,0,0,0,0,0,3,0,0,0,-1,-1,0,2,0,3,0,-1,200,0,9223372036800000000,1e+75,0,10,0,0,7,0,0,1,0,0,1,1,0,-1,60,0,0,2,2,0,1,-1,-1,-1,-1,0,10,-1,1,1,3,-1,-1,-1,0,0,1,0,0,10,0,0,0,13.45
1,0,0,0,-1,0,1,5,0,0,0,0,-1,1,1,1,-1,1,0,0,0,3,0,-1,10,0,9223372036800000000,30,0,10,0,0,30,-1,3,1,20,0,3,1,0,2,60,0,0,0,2,0,1,-1,-1,-1,-1,0,10,-1,1,1,3,-1,-1,-1,0,0,1,0,0,10,0,0,0,21.31
1,0,0,0,-1,0,1,0,0,0,0,0,1,3,0,2,0,2,2,1,2,3,0,-1,800,0,9223372036800000000,40,0,10,0,0,0,-1,2,1,0,0,1,1,0,0,-1,0,0,2,2,0,1,-1,-1,-1,-1,0,10,-1,1,1,3,-1,-1,-1,0,0,1,0,0,10,0,0,0,13.35
1,0,0,0,-1,0,1,0,0,0,0,0,1,0,0,2,0,2,-1,1,2,3,0,-1,800,0,9223372036800000000,40,0,10,0,0,0,-1,2,1,0,0,1,1,0,0,-1,0,0,2,2,0,1,-1,-1,-1,-1,0,10,-1,1,1,3,-1,-1,-1,0,0,1,0,0,10,0,0,0,10.29
1,0,0,0,-1,0,1,2,0,0,0,0,-1,3,0,1,0,0,1,1,-1,3,0,1,800,0,9223372036800000000,50,0,10,0,0,4,0,0,1,0,0,1,1,0,3,0,0,0,3,2,0,1,-1,-1,-1,-1,0,10,-1,1,1,3,-1,-1,-1,0,0,1,0,0,10,0,0,0,13.64
1,0,0,0,-1,0,1,4,0,0,0,0,3,3,1,1,1,-1,0,2,-1,3,0,1,200,0,9223372036800000000,60,0,10,0,0,7,0,2,1,0,0,0,1,0,3,1000,0,0,2,2,0,1,-1,-1,-1,-1,0,10,-1,1,1,3,-1,-1,-1,0,0,1,0,0,10,0,0,0,26.76
1,0,0,0,-1,0,1,0,0,0,0,0,1,0,0,2,0,0,-1,1,2,3,0,-1,800,0,9223372036800000000,40,0,10,0,0,0,-1,2,1,0,0,1,1,0,0,-1,0,0,2,2,0,1,-1,-1,-1,-1,0,10,-1,1,1,3,-1,-1,-1,0,0,1,0,0,10,0,0,0,14.96
1,0,0,0,-1,0,1,5,0,0,0,0,1,-1,-1,0,2,2,2,-1,1,3,0,-1,400,0,9223372036800000000,240,0,10,0,0,3,1,1,1,0,0,0,1,0,-1,100,0,0,1,2,0,1,-1,-1,-1,-1,0,10,-1,1,1,3,-1,-1,-1,0,0,1,0,0,10,0,0,0,21.55
1,0,0,0,-1,0,1,2,0,0,0,0,-1,0,-1,2,2,2,2,1,-1,3,0,-1,150,0,9223372036800000000,1e+75,0,10,0,0,7,0,0,1,0,0,1,1,0,0,0,0,0,0,2,0,1,-1,-1,-1,-1,0,10,-1,1,1,3,-1,-1,-1,0,0,1,0,0,10,0,0,0,12.01
1,0,0,0,-1,0,1,1,0,0,0,0,0,2,0,-1,2,-1,2,2,2,3,0,8,25,0,9223372036800000000,120,0,10,0,0,3,1,2,1,0,0,2,1,0,-1,40,0,0,4,2,0,1,-1,-1,-1,-1,0,10,-1,1,1,3,-1,-1,-1,0,0,1,0,0,10,0,0,0,20.76
1,0,0,0,-1,0,1,4,0,0,0,0,3,-1,0,2,-1,-1,-1,-1,-1,3,0,-1,100,0,9223372036800000000,0,0,10,0,0,10,1,1,1,20,0,1,1,0,2,20,0,0,2,2,0,1,-1,-1,-1,-1,-1,10,-1,1,1,3,-1,-1,-1,0,0,1,0,0,10,0,0,0,10.91
1,0,0,0,-1,0,1,2,0,0,0,0,0,-1,0,1,1,2,2,0,0,3,0,2,400,0,9223372036800000000,10,0,10,0,0,30,0,3,1,500,0,0,1,3,2,100,0,0,0,2,0,1,-1,-1,-1,-1,1,10,-1,1,1,3,-1,-1,-1,0,0,1,0,0,10,0,0,0,20.92
1,0,0,0,-1,0,1,1,0,0,0,0,0,2,0,-1,2,-1,2,2,2,3,0,8,25,0,9223372036800000000,120,0,10,0,0,3,1,2,1,0,0,2,1,0,2,500,0,0,4,2,0,1,-1,-1,-1,-1,0,10,-1,1,1,3,-1,-1,-1,0,0,1,0,0,10,0,0,0,20.95
1,0,0,0,-1,0,1,0,0,0,0,0,0,2,-1,0,2,-1,0,1,0,3,0,4,800,0,9223372036800000000,120,0,10,0,0,0,-1,2,1,20,0,1,1,-1,2,500,0,4,-1,2,0,1,-1,-1,-1,-1,0,10,-1,1,1,3,-1,-1,-1,0,0,1,3,0,10,0,0,0,21.78
1,0,0,0,-1,0,1,1,0,0,0,0,0,2,0,-1,2,-1,2,2,2,3,0,8,25,0,9223372036800000000,40,0,10,0,0,3,1,2,1,0,0,2,1,0,-1,500,0,0,4,2,0,1,-1,-1,-1,-1,0,10,-1,1,1,3,-1,-1,-1,0,0,1,0,0,10,0,0,0,20.48
1,0,0,0,-1,0,1,2,0,0,0,0,0,3,0,1,1,2,0,0,0,3,0,2,400,0,9223372036800000000,10,0,10,0,0,30,0,3,1,500,0,0,1,3,2,100,0,0,3,2,0,1,-1,-1,-1,-1,1,10,-1,1,1,3,-1,-1,-1,0,0,1,0,0,10,0,0,0,19.17
1,0,0,0,-1,0,1,4,0,0,0,0,3,2,1,-1,2,0,1,1,2,3,0,8,10,0,9223372036800000000,2,0,10,0,0,7,-1,3,1,0,0,2,1,0,-1,500,0,0,0,2,0,1,-1,-1,-1,-1,0,10,-1,1,1,3,-1,-1,-1,0,0,1,0,0,10,0,0,0,18.18
1,0,0,0,-1,0,1,1,0,0,0,0,0,2,0,-1,2,-1,2,2,2,3,0,8,25,0,9223372036800000000,2,0,10,0,0,3,1,2,1,0,0,2,1,0,-1,500,0,0,4,2,0,1,-1,-1,-1,-1,0,10,-1,1,1,3,-1,-1,-1,0,0,1,0,0,10,0,0,0,20.48
1,0,0,2,-1,0,1,4,0,0,0,0,3,-1,0,2,-1,-1,-1,-1,-1,3,0,-1,100,0,9223372036800000000,0,0,10,0,0,10,1,1,1,40,0,1,1,1,2,-1,0,0,2,2,0,1,-1,-1,-1,-1,-1,10,-1,1,1,3,-1,-1,-1,0,0,1,1,0,10,0,0,0,5.96
1,0,0,0,-1,0,1,1,0,0,0,0,0,2,0,-1,2,-1,2,2,-1,3,0,8,25,0,9223372036800000000,120,0,10,0,0,3,1,2,1,0,0,2,1,0,-1,500,0,0,4,2,0,1,-1,-1,-1,-1,0,10,-1,1,1,3,-1,-1,-1,0,0,1,0,0,10,0,0,0,20.48
1,0,0,0,-1,0,1,5,0,0,0,0,0,0,-1,2,0,0,-1,0,1,3,0,-1,10,0,9223372036800000000,1e+75,0,10,0,0,7,0,0,1,0,0,1,1,0,0,0,0,0,0,2,0,1,-1,-1,-1,-1,0,10,-1,1,1,3,-1,-1,-1,0,0,1,0,0,10,0,0,0,15.18
1,0,0,0,-1,0,1,1,0,0,0,0,0,2,0,-1,2,-1,2,2,2,3,0,8,25,0,9223372036800000000,120,0,10,0,0,3,1,2,1,0,0,2,1,0,-1,500,0,0,2,2,0,1,-1,-1,-1,-1,0,10,-1,1,1,3,-1,-1,-1,0,0,1,0,0,10,0,0,0,22.54
1,0,0,0,-1,2,1,4,0,0,0,0,3,-1,0,2,-1,-1,-1,-1,-1,3,0,-1,100,0,9223372036800000000,0,0,10,0,0,10,1,1,1,40,0,1,1,1,2,-1,0,0,2,2,0,1,-1,-1,-1,-1,-1,10,-1,1,1,3,-1,-1,-1,0,0,1,1,0,10,0,0,0,5.96
1,0,0,0,-1,0,1,4,0,0,0,0,1,0,0,2,-1,-1,1,1,0,3,0,2,200,0,9223372036800000000,30,0,10,0,0,7,0,2,1,0,0,1,1,0,2,-1,0,0,1,2,0,1,-1,-1,-1,-1,0,10,-1,1,1,3,-1,-1,-1,0,0,1,0,0,10,0,0,0,14.93
1,0,0,0,-1,0,1,1,0,0,0,0,0,2,0,-1,2,-1,2,2,2,3,0,8,25,0,9223372036800000000,0,0,10,0,0,3,1,2,1,0,0,2,1,0,-1,500,0,0,4,2,0,1,-1,-1,-1,-1,0,10,-1,1,1,3,-1,-1,-1,0,0,1,0,0,10,0,0,0,20.48
1,0,0,0,-1,0,1,0,0,0,0,0,0,1,1,2,0,1,1,2,1,3,0,2,25,0,9223372036800000000,50,0,10,0,0,2,1,2,1,20,0,1,1,1,0,0,0,0,3,2,0,1,-1,-1,-1,-1,0,10,-1,1,1,3,-1,-1,-1,0,0,1,0,0,10,0,0,0,14.48
1,0,0,0,-1,0,1,0,0,0,0,0,0,2,0,-1,2,-1,2,2,2,3,0,8,25,0,9223372036800000000,120,0,10,0,0,3,1,2,1,0,0,2,1,0,-1,500,0,0,4,2,0,1,-1,-1,-1,-1,0,10,-1,1,1,3,-1,-1,-1,0,0,1,0,0,10,0,0,0,19.8
1,0,0,0,-1,0,1,2,0,0,0,0,1,0,1,0,0,0,2,2,2,3,0,-1,200,0,9223372036800000000,1e+75,0,10,0,0,7,0,0,1,0,0,1,1,0,0,0,0,0,0,2,0,1,-1,-1,-1,-1,0,10,-1,1,1,3,-1,-1,-1,0,0,1,0,0,10,0,0,0,13.12
1,0,0,0,-1,0,1,0,0,0,0,0,3,1,-1,1,2,0,0,0,-1,3,0,2,100,0,9223372036800000000,60,0,10,0,0,30,0,2,1,0,0,0,1,0,-1,1000,0,0,2,2,0,1,-1,-1,-1,-1,0,10,-1,1,1,3,-1,-1,-1,0,0,1,0,0,10,0,0,0,20.64
1,0,0,0,-1,0,1,0,0,0,0,0,0,2,0,-1,2,-1,2,2,2,3,0,8,25,0,9223372036800000000,120,0,10,0,0,3,1,2,1,0,0,2,1,0,-1,500,0,0,0,2,0,1,-1,-1,-1,-1,0,10,-1,1,1,3,-1,-1,-1,0,0,1,0,0,10,0,0,0,19.52
1,0,0,0,-1,0,1,2,0,0,0,0,1,1,1,1,0,0,0,0,2,3,0,-1,10,0,9223372036800000000,1e+75,0,10,0,0,7,0,0,1,0,0,2,1,0,3,0,0,0,4,2,0,1,-1,-1,-1,-1,0,10,-1,1,1,3,-1,-1,-1,0,0,1,0,0,10,0,0,0,18.9
1,0,0,0,-1,0,1,0,0,0,0,0,0,2,0,-1,2,-1,2,2,2,3,0,8,25,0,9223372036800000000,120,0,10,0,0,3,1,2,1,0,0,2,1,0,2,500,0,0,4,2,0,1,-1,-1,-1,-1,0,10,-1,1,1,3,-1,-1,-1,0,0,1,0,0,10,0,0,0,19.73
1,0,0,0,-1,0,1,0,0,0,0,0,0,2,0,-1,2,-1,2,2,-1,3,0,8,25,0,9223372036800000000,120,0,10,0,0,3,1,2,1,0,0,2,1,0,-1,500,0,0,0,2,0,1,-1,-1,-1,-1,0,10,-1,1,1,3,-1,-1,-1,0,0,1,0,0,10,0,0,0,19.52
1,0,0,0,-1,0,1,0,0,0,0,0,-1,3,-1,1,-1,1,2,0,0,3,0,-1,400,0,9223372036800000000,1e+75,0,10,0,0,7,0,1,1,0,0,1,1,0,1,0,0,0,1,2,0,1,-1,-1,-1,-1,0,10,-1,1,1,3,-1,-1,-1,0,0,1,0,0,10,0,0,0,14.1
1,0,0,0,-1,0,1,0,0,0,0,0,0,2,0,-1,2,-1,2,2,2,3,0,8,25,0,9223372036800000000,120,0,10,0,0,3,1,0,1,0,0,2,1,0,-1,500,0,0,0,2,0,1,-1,-1,-1,-1,0,10,-1,1,1,3,-1,-1,-1,0,0,1,0,0,10,0,0,0,19.15
1,0,0,0,-1,0,1,1,0,0,0,0,1,-1,0,2,-1,0,-1,2,0,3,0,-1,50,0,9223372036800000000,1e+75,0,10,0,0,7,0,2,1,0,0,2,1,0,0,0,0,0,0,2,0,1,-1,-1,-1,-1,0,10,-1,1,1,3,-1,-1,-1,0,0,1,0,0,10,0,0,0,18.48
1,0,0,0,-1,0,1,0,0,0,0,0,0,2,0,-1,2,1,2,2,1,3,0,8,25,0,9223372036800000000,120,0,10,0,0,3,1,0,1,0,0,2,1,0,-1,500,0,0,0,2,0,1,-1,-1,-1,-1,0,10,-1,1,1,3,-1,-1,-1,0,0,1,0,0,10,0,0,0,19.06
1,0,0,0,-1,0,1,0,0,0,0,0,-1,3,-1,-1,0,-1,0,-1,-1,3,0,16,200,0,9223372036800000000,240,0,10,0,0,3,-1,3,1,500,0,1,1,2,3,100,0,2,3,2,0,1,-1,0,-1,-1,0,10,-1,1,1,3,-1,-1,-1,0,0,1,5,0,10,0,0,0,10.3
1,0,0,0,-1,0,1,0,0,0,0,0,0,2,0,-1,2,1,0,2,2,3,0,8,25,0,9223372036800000000,120,0,10,0,0,3,1,0,1,0,0,2,1,0,-1,500,0,0,0,2,0,1,-1,-1,-1,-1,0,10,-1,1,1,3,-1,-1,-1,0,0,1,0,0,10,0,0,0,19.37
1,0,0,0,-1,0,1,1,0,0,0,0,1,-1,1,-1,0,-1,2,-1,1,3,0,16,400,0,9223372036800000000,40,0,10,0,0,3,0,2,1,40,0,1,1,-1,-1,20,0,0,2,2,0,1,-1,-1,-1,-1,-1,10,-1,1,1,3,-1,-1,-1,0,0,1,0,0,10,0,0,0,20.45
1,0,0,0,-1,0,1,0,0,0,0,0,0,2,0,-1,2,1,2,2,2,3,0,8,25,0,9223372036800000000,120,0,10,0,0,3,1,0,1,0,0,2,1,0,1,500,0,0,0,2,0,1,-1,-1,-1,-1,0,10,-1,1,1,3,-1,-1,-1,0,0,1,0,0,10,0,0,0,20.13
1,0,0,0,-1,0,1,0,0,0,0,0,3,1,-1,1,2,0,0,0,-1,3,0,2,100,0,9223372036800000000,10,0,10,0,0,30,0,2,1,0,0,0,1,0,2,1000,0,0,2,2,0,1,-1,-1,-1,-1,0,10,-1,1,1,3,-1,-1,-1,0,0,1,0,0,10,0,0,0,19.81
1,0,0,0,-1,0,1,0,0,0,0,0,0,2,0,-1,2,1,2,2,2,3,0,8,25,0,9223372036800000000,120,0,10,0,0,3,1,0,1,0,0,2,1,0,-1,60,0,0,0,2,0,1,-1,-1,-1,-1,0,10,-1,1,1,3,-1,-1,-1,0,0,1,0,0,10,0,0,0,19.17
1,0,0,0,-1,0,1,1,0,0,0,0,1,-1,1,-1,0,-1,2,-1,1,3,0,16,400,0,9223372036800000000,60,0,10,0,0,3,0,2,1,500,0,1,1,3,-1,20,0,0,2,2,0,1,-1,-1,-1,-1,-1,10,-1,1,1,3,-1,-1,-1,0,0,1,0,0,10,0,0,0,23.85
1,0,0,0,-1,0,1,4,0,0,0,0,1,0,0,2,0,-1,1,1,0,3,0,-1,200,0,9223372036800000000,30,0,10,0,0,7,1,3,1,0,0,1,1,0,2,-1,0,0,4,2,0,1,-1,-1,-1,-1,0,10,-1,1,1,3,-1,-1,-1,0,0,1,0,0,10,0,0,0,17.82
1,0,0,0,-1,0,1,0,0,0,0,0,3,0,0,0,-1,0,0,2,0,3,0,-1,200,0,9223372036800000000,1e+75,0,10,0,0,7,0,3,1,-1,0,1,1,0,-1,60,0,0,2,2,0,1,-1,-1,-1,-1,0,10,-1,1,1,3,-1,-1,-1,0,0,1,0,0,10,0,0,0,18.49
1,0,0,0,-1,0,1,4,0,0,0,0,1,0,0,2,0,-1,1,1,0,3,0,2,200,0,9223372036800000000,30,0,10,0,0,7,1,3,1,0,0,1,1,0,2,-1,0,0,4,2,0,1,-1,-1,-1,-1,0,10,-1,1,1,3,-1,-1,-1,0,0,1,0,0,10,0,0,0,15.37
1,0,0,0,-1,0,1,4,0,0,0,0,1,0,0,2,0,-1,1,1,0,3,0,-1,200,0,9223372036800000000,30,0,10,0,0,7,1,3,1,0,0,1,1,0,1,-1,0,0,4,2,0,1,-1,-1,-1,-1,0,10,-1,1,1,3,-1,-1,-1,0,0,1,0,0,10,0,0,0,17.82
1,0,0,0,-1,0,1,4,0,0,0,0,1,0,0,2,0,-1,1,1,0,3,0,2,200,0,9223372036800000000,30,0,10,0,0,7,1,3,1,0,0,1,1,0,2,-1,0,0,1,2,0,1,-1,-1,-1,-1,0,10,-1,1,1,3,-1,-1,-1,0,0,1,0,0,10,0,0,0,15.01
1,0,0,0,-1,0,1,4,0,0,0,0,1,0,0,2,0,-1,1,1,0,3,0,2,200,0,9223372036800000000,30,0,10,0,0,7,1,2,1,0,0,1,1,0,2,-1,0,0,1,2,0,1,-1,-1,-1,-1,0,10,-1,1,1,3,-1,-1,-1,0,0,1,0,0,10,0,0,0,15.08
1,0,0,0,-1,0,1,4,0,0,0,0,1,0,0,2,0,-1,1,1,0,3,0,2,200,0,9223372036800000000,50,0,10,0,0,7,1,3,1,0,0,1,1,0,2,-1,0,0,1,2,0,1,-1,-1,-1,-1,0,10,-1,1,1,3,-1,-1,-1,0,0,1,0,0,10,0,0,0,15.01
1,0,0,0,-1,0,1,5,0,0,0,0,3,-1,-1,-1,2,0,1,-1,1,3,0,16,150,0,9223372036800000000,50,0,10,0,0,2,0,3,1,0,0,1,1,0,0,40,0,0,0,2,0,1,-1,-1,-1,-1,0,10,-1,1,1,3,-1,-1,-1,0,0,1,0,0,10,0,0,0,15.67
1,0,0,0,-1,0,1,0,0,0,0,0,0,2,-1,0,2,1,0,1,0,3,0,4,150,0,9223372036800000000,2,0,10,0,0,0,-1,2,1,20,0,1,1,-1,2,500,0,4,-1,2,0,1,-1,-1,-1,-1,0,10,-1,1,1,3,-1,-1,-1,0,0,1,3,0,10,0,0,0,21.78
1,0,0,0,-1,0,1,0,0,0,0,0,3,0,0,0,-1,0,0,2,0,3,0,-1,200,0,9223372036800000000,1e+75,0,10,0,0,7,0,3,1,0,0,1,1,0,-1,1000,0,0,2,2,0,1,-1,-1,-1,-1,0,10,-1,1,1,3,-1,-1,-1,0,0,1,2,0,10,0,0,0,16.09
1,0,0,0,-1,0,1,4,0,0,0,0,1,0,0,2,-1,-1,1,1,0,3,0,2,200,0,9223372036800000000,30,0,10,0,0,7,1,3,1,0,0,1,1,0,2,-1,0,0,1,2,0,1,-1,-1,-1,-1,0,10,-1,1,1,3,-1,-1,-1,0,0,1,0,0,10,0,0,0,14.76
1,0,0,0,-1,0,1,5,0,0,0,0,2,1,0,2,-1,-1,0,1,1,3,0,1,50,0,9223372036800000000,20,0,10,0,0,4,1,2,1,0,0,1,1,0,2,200,0,0,0,2,0,1,-1,-1,-1,-1,0,10,-1,1,1,3,-1,-1,-1,0,0,1,0,0,10,0,0,0,13.65
1,0,0,0,-1,0,1,4,0,0,0,0,1,1,0,2,0,-1,1,1,0,3,0,2,200,0,9223372036800000000,30,0,10,0,0,7,1,3,1,0,0,1,1,0,2,-1,0,0,1,2,0,1,-1,-1,-1,-1,0,10,-1,1,1,3,-1,-1,-1,0,0,1,0,0,10,0,0,0,16.38
1,0,0,0,-1,0,1,4,0,0,0,0,1,0,0,2,-1,-1,1,1,0,3,0,2,200,0,9223372036800000000,30,0,10,0,0,7,1,3,1,0,0,0,1,0,2,-1,0,0,1,2,0,1,-1,-1,-1,-1,0,10,-1,1,1,3,-1,-1,-1,0,0,1,0,0,10,0,0,0,20.56
1,0,0,0,-1,0,1,5,0,0,0,0,-1,3,0,-1,2,-1,-1,1,-1,3,0,-1,200,0,9223372036800000000,1e+75,0,10,0,0,7,0,2,1,0,0,3,1,0,2,0,0,0,0,2,0,1,-1,-1,-1,-1,0,10,-1,1,1,3,-1,-1,-1,0,0,1,0,0,10,0,0,0,17.66
1,0,0,0,-1,0,1,4,0,0,0,0,3,0,0,2,-1,-1,1,1,0,3,0,2,200,0,9223372036800000000,30,0,10,0,0,7,1,3,1,0,0,1,1,0,2,-1,0,0,1,2,0,1,-1,-1,-1,-1,0,10,-1,1,1,3,-1,-1,-1,0,0,1,0,0,10,0,0,0,15.02
1,0,0,0,-1,0,1,4,0,0,0,0,1,0,0,2,1,-1,1,1,0,3,0,2,200,0,9223372036800000000,30,0,10,0,0,7,1,3,1,0,0,1,1,0,2,-1,0,0,1,2,0,1,-1,-1,-1,-1,0,10,-1,1,1,3,-1,-1,-1,0,0,1,0,0,10,0,0,0,15.01
1,0,0,0,-1,0,1,4,0,0,0,0,1,0,0,2,-1,-1,1,1,0,3,0,2,200,0,9223372036800000000,10,0,10,0,0,7,1,3,1,0,0,1,1,0,2,-1,0,0,1,2,0,1,-1,-1,-1,-1,0,10,-1,1,1,3,-1,-1,-1,0,0,1,0,0,10,0,0,0,14.76
1,0,0,0,-1,0,1,4,0,0,0,0,1,0,0,2,-1,-1,1,1,0,3,0,2,200,0,9223372036800000000,30,0,10,0,0,7,1,3,1,0,0,1,1,0,2,-1,0,0,4,2,0,1,-1,-1,-1,-1,0,10,-1,1,1,3,-1,-1,-1,0,0,1,0,0,10,0,0,0,16.25
1,0,0,0,-1,0,1,5,0,0,0,0,3,-1,-1,-1,2,0,1,-1,1,3,0,16,150,0,9223372036800000000,50,0,10,0,0,2,0,3,1,0,0,1,1,0,0,1000,0,0,0,2,0,1,-1,-1,-1,-1,0,10,-1,1,1,3,-1,-1,-1,0,0,1,0,0,10,0,0,0,16.44
1,0,0,0,-1,0,1,5,0,0,0,0,0,1,0,-1,2,1,1,2,1,3,0,1,50,0,9223372036800000000,2,0,10,0,0,0,-1,1,1,0,0,3,1,0,3,100,0,0,2,2,0,1,-1,-1,-1,-1,0,10,-1,1,1,3,-1,-1,-1,0,0,1,0,0,10,0,0,0,24.34
1,0,0,0,-1,0,1,5,0,0,0,0,-1,1,1,1,-1,1,0,0,0,3,0,-1,10,0,9223372036800000000,30,0,10,0,0,30,-1,3,1,1000,0,3,1,0,2,60,0,0,2,2,0,1,-1,-1,-1,-1,0,10,-1,1,1,3,-1,-1,-1,0,0,1,0,0,10,0,0,0,21.22
1,0,0,0,-1,0,1,4,0,0,0,0,1,0,1,2,-1,-1,1,1,0,3,0,2,200,0,9223372036800000000,30,0,10,0,0,7,0,3,1,0,0,1,1,0,2,-1,0,0,1,2,0,1,-1,-1,-1,-1,0,10,-1,1,1,3,-1,-1,-1,0,0,1,0,0,10,0,0,0,13.92
1,0,0,0,-1,0,1,0,0,0,0,0,3,0,0,0,0,1,0,2,0,3,0,-1,200,0,9223372036800000000,1e+75,0,10,0,0,7,0,0,1,0,0,1,1,0,0,0,0,0,0,2,0,1,-1,-1,-1,-1,0,10,-1,1,1,3,-1,-1,-1,0,0,1,0,0,10,0,0,0,12.91
1,0,0,0,-1,0,1,0,0,0,0,0,2,0,0,0,0,1,0,0,1,3,0,4,400,0,9223372036800000000,5,0,10,0,0,7,0,3,1,40,0,3,1,2,-1,60,0,0,4,2,0,1,-1,-1,-1,-1,-1,10,-1,1,1,3,-1,-1,-1,0,0,1,0,0,10,0,0,0,20.13
1,0,0,0,-1,0,1,0,0,0,0,0,0,1,1,2,0,1,1,2,1,3,0,2,25,0,9223372036800000000,50,0,10,0,0,2,0,2,1,20,0,1,1,3,1,0,0,0,3,2,0,1,-1,-1,-1,-1,0,10,-1,1,1,3,-1,-1,-1,0,0,1,0,0,10,0,0,0,15.99
1,0,0,0,-1,0,1,5,0,0,0,0,0,1,0,-1,2,1,1,2,1,3,0,1,50,0,9223372036800000000,2,0,10,0,0,0,-1,0,1,0,0,3,1,0,3,100,0,0,2,2,0,1,-1,-1,-1,-1,0,10,-1,1,1,3,-1,-1,-1,0,0,1,0,0,10,0,0,0,24.34
1,0,0,0,-1,0,1,5,0,0,0,0,0,1,1,-1,2,1,1,2,1,3,0,1,50,0,9223372036800000000,2,0,10,0,0,0,-1,0,1,0,0,3,1,0,3,100,0,0,2,2,0,1,-1,-1,-1,-1,0,10,-1,1,1,3,-1,-1,-1,0,0,1,0,0,10,0,0,0,24.34
1,0,0,0,-1,0,1,5,0,0,0,0,0,1,0,-1,2,1,1,2,1,3,0,1,50,0,9223372036800000000,2,0,10,0,0,0,-1,0,1,0,0,3,1,0,2,100,0,0,2,2,0,1,-1,-1,-1,-1,0,10,-1,1,1,3,-1,-1,-1,0,0,1,0,0,10,0,0,0,24.34
1,0,0,0,-1,0,1,5,0,0,0,0,0,1,0,-1,2,1,1,2,1,3,0,1,50,0,9223372036800000000,40,0,10,0,0,0,-1,0,1,0,0,3,1,0,3,100,0,0,3,2,0,1,-1,-1,-1,-1,0,10,-1,1,1,3,-1,-1,-1,0,0,1,0,0,10,0,0,0,22.5
1,0,0,0,-1,0,1,0,0,0,0,0,3,0,0,0,-1,0,0,2,0,3,0,-1,200,0,9223372036800000000,1e+75,0,10,0,0,7,0,0,1,0,0,1,1,0,0,0,0,0,-1,2,0,1,-1,-1,-1,-1,0,10,-1,1,1,3,-1,-1,-1,0,0,1,0,0,10,0,0,0,16.69
1,0,0,0,-1,0,1,3,0,0,0,0,-1,0,-1,0,-1,-1,2,2,1,3,0,-1,100,0,9223372036800000000,1e+75,0,10,0,0,7,0,0,1,0,0,1,1,0,-1,0,0,0,0,2,0,1,-1,-1,-1,-1,0,10,-1,1,1,3,-1,-1,-1,0,0,1,0,0,10,0,0,0,12.02
1,0,0,0,-1,0,1,5,0,0,0,0,0,1,0,-1,2,1,1,2,1,3,0,4,50,0,9223372036800000000,2,0,10,0,0,0,-1,0,1,0,0,3,1,0,3,100,0,0,2,2,0,1,-1,-1,-1,-1,0,10,-1,1,1,3,-1,-1,-1,0,0,1,0,0,10,0,0,0,19.78
1,0,0,0,-1,0,1,5,0,0,0,0,0,1,0,-1,2,1,1,2,1,3,0,4,50,0,9223372036800000000,60,0,10,0,0,0,-1,0,1,0,0,3,1,0,3,100,0,0,3,2,0,1,-1,-1,-1,-1,0,10,-1,1,1,3,-1,-1,-1,0,0,1,0,0,10,0,0,0,20.36
1,0,0,0,-1,0,1,5,0,0,0,0,0,1,0,-1,2,1,1,2,0,3,0,4,50,0,9223372036800000000,2,0,10,0,0,0,-1,0,1,0,0,3,1,0,3,100,0,0,2,2,0,1,-1,-1,-1,-1,0,10,-1,1,1,3,-1,-1,-1,0,0,1,0,0,10,0,0,0,19.78
1,0,0,0,-1,0,1,5,0,0,0,0,0,1,0,-1,2,1,1,2,1,3,0,16,50,0,9223372036800000000,2,0,10,0,0,0,-1,0,1,0,0,3,1,0,3,100,0,0,2,2,0,1,-1,-1,-1,-1,0,10,-1,1,1,3,-1,-1,-1,0,0,1,0,0,10,0,0,0,19.78
1,0,0,0,-1,0,1,2,0,0,0,0,-1,3,0,1,0,0,1,1,0,3,0,8,800,0,9223372036800000000,50,0,10,0,0,4,0,0,1,0,0,3,1,0,3,40,0,0,0,2,0,1,-1,-1,-1,-1,0,10,-1,1,1,3,-1,-1,-1,0,0,1,0,0,10,0,0,0,19.94
1,0,0,0,-1,0,1,4,0,0,0,0,3,0,0,0,0,0,0,0,0,3,0,-1,200,0,9223372036800000000,1e+75,0,10,0,0,7,0,0,1,0,0,1,1,0,0,0,0,0,0,2,0,1,-1,-1,-1,-1,0,10,-1,1,1,3,-1,-1,-1,0,0,1,0,0,10,0,0,0,16.85
1,0,0,0,-1,0,1,1,0,0,0,0,0,2,0,-1,2,-1,2,2,2,3,0,8,25,0,9223372036800000000,120,0,10,0,0,3,0,2,1,0,0,2,1,0,-1,500,0,0,4,2,0,1,-1,-1,-1,-1,0,10,-1,1,1,3,-1,-1,-1,0,0,1,0,0,10,0,0,0,21.33
1,0,0,0,-1,0,1,0,0,0,0,0,0,1,0,-1,2,1,1,2,1,3,0,4,50,0,9223372036800000000,2,0,10,0,0,0,-1,0,1,0,0,3,1,0,3,100,0,0,2,2,0,1,-1,-1,-1,-1,0,10,-1,1,1,3,-1,-1,-1,0,0,1,0,0,10,0,0,0,17.93
1,0,0,0,-1,0,1,2,0,0,0,0,0,3,0,1,1,-1,2,0,0,3,0,2,400,0,9223372036800000000,10,0,10,0,0,30,0,3,1,500,0,0,1,3,2,-1,0,0,-1,2,0,1,-1,-1,-1,-1,1,10,-1,1,1,3,-1,-1,-1,0,0,1,0,0,10,0,0,0,21.48
1,0,0,0,-1,0,1,1,0,0,0,0,0,2,0,-1,2,-1,2,2,2,3,0,2,25,0,9223372036800000000,120,0,10,0,0,3,1,2,1,0,0,2,1,0,-1,500,0,0,4,2,0,1,-1,-1,-1,-1,0,10,-1,1,1,3,-1,-1,-1,0,0,1,0,0,10,0,0,0,22.85
1,0,0,0,-1,0,1,0,0,0,0,0,0,1,0,-1,2,1,1,2,1,3,0,4,50,0,9223372036800000000,1e+75,0,10,0,0,0,-1,0,1,0,0,3,1,0,3,100,0,0,2,2,0,1,-1,-1,-1,-1,0,10,-1,1,1,3,-1,-1,-1,0,0,1,0,0,10,0,0,0,17.93
1,0,0,0,-1,0,1,0,0,0,0,0,0,1,0,-1,2,1,1,2,1,3,0,4,50,0,9223372036800000000,2,0,10,0,0,0,-1,0,1,0,0,3,1,0,3,20,0,0,2,2,0,1,-1,-1,-1,-1,0,10,-1,1,1,3,-1,-1,-1,0,0,1,0,0,10,0,0,0,18.5
1,0,0,0,-1,0,1,0,0,0,0,0,0,1,0,-1,2,1,1,2,1,3,0,4,50,0,9223372036800000000,2,0,10,0,0,0,-1,0,1,0,0,3,1,0,3,40,0,0,2,2,0,1,-1,-1,-1,-1,0,10,-1,1,1,3,-1,-1,-1,0,0,1,0,0,10,0,0,0,18.48
1,0,0,0,-1,0,1,5,0,0,0,0,3,3,-1,-1,-1,0,1,1,2,3,0,-1,25,0,9223372036800000000,1e+75,0,10,0,0,7,0,3,1,0,0,2,1,0,3,0,0,0,3,2,0,1,-1,-1,-1,-1,0,10,-1,1,1,3,-1,-1,-1,0,0,1,0,0,10,0,0,0,19.29
1,0,0,0,-1,0,1,0,0,0,0,0,0,1,0,-1,2,1,1,2,1,3,0,4,150,0,9223372036800000000,2,0,10,0,0,0,-1,0,1,0,0,3,1,0,3,100,0,0,2,2,0,1,-1,-1,-1,-1,0,10,-1,1,1,3,-1,-1,-1,0,0,1,0,0,10,0,0,0,17.3
1,0,0,0,-1,0,1,0,0,0,0,0,0,-1,0,1,0,1,0,1,1,3,0,1,100,0,9223372036800000000,240,0,10,0,0,2,1,2,1,500,0,1,1,1,-1,60,0,0,2,2,0,1,-1,-1,-1,-1,0,10,-1,1,1,3,-1,-1,-1,0,0,1,0,0,10,0,0,0,7.02
1,0,0,0,-1,0,1,4,0,0,0,0,0,3,1,1,2,0,1,-1,2,3,0,-1,50,0,9223372036800000000,1e+75,0,10,0,0,7,0,1,1,0,0,1,1,0,1,0,0,0,4,2,0,1,-1,-1,-1,-1,0,10,-1,1,1,3,-1,-1,-1,0,0,1,0,0,10,0,0,0,16.91
1,0,0,0,-1,0,1,0,0,0,0,0,0,1,0,-1,2,1,1,2,1,3,0,4,800,0,9223372036800000000,2,0,10,0,0,0,-1,0,1,0,0,3,1,0,3,100,0,0,2,2,0,1,-1,-1,-1,-1,0,10,-1,1,1,3,-1,-1,-1,0,0,1,0,0,10,0,0,0,17.3
1,0,0,0,-1,0,1,3,0,0,0,0,2,0,1,2,1,-1,-1,0,0,3,0,-1,10,0,9223372036800000000,0,0,10,0,0,7,0,1,1,0,0,1,1,0,-1,0,0,0,0,2,0,1,-1,-1,-1,-1,0,10,-1,1,1,3,-1,-1,-1,0,0,1,0,0,10,0,0,0,10.13
1,0,0,0,-1,0,1,4,0,0,0,0,3,0,1,-1,2,0,1,2,2,3,0,8,10,0,9223372036800000000,2,0,10,0,0,7,-1,3,1,0,0,2,1,0,-1,200,0,0,0,2,0,1,-1,-1,-1,-1,0,10,-1,1,1,3,-1,-1,-1,0,0,1,0,0,10,0,0,0,17.88
1,0,0,0,-1,0,1,5,0,0,0,0,-1,1,1,1,-1,1,0,0,0,3,0,-1,10,0,9223372036800000000,0,0,10,0,0,30,-1,3,1,1000,0,3,1,0,2,60,0,0,0,2,0,1,-1,-1,-1,-1,0,10,-1,1,1,3,-1,-1,-1,0,0,1,0,0,10,0,0,0,21.05
1,0,0,0,-1,0,1,0,0,0,0,0,3,0,0,0,-1,0,0,2,0,3,0,16,200,0,9223372036800000000,1e+75,0,10,0,0,7,0,0,1,0,0,1,1,0,-1,0,0,0,2,2,0,1,-1,-1,-1,-1,0,10,-1,1,1,3,-1,-1,-1,0,0,1,0,0,10,0,0,0,12.19
1,0,0,0,-1,0,1,0,0,0,0,0,0,1,0,-1,2,1,1,2,1,3,0,4,150,0,9223372036800000000,2,0,10,0,0,0,-1,3,1,0,0,3,1,0,3,100,0,0,2,2,0,1,-1,-1,-1,-1,0,10,-1,1,1,3,-1,-1,-1,0,0,1,0,0,10,0,0,0,17.3
1,0,0,0,-1,0,1,0,0,0,0,0,-1,0,0,0,-1,0,0,2,0,3,0,-1,200,0,9223372036800000000,1e+75,0,10,0,0,7,0,3,1,0,0,1,1,0,-1,1000,0,0,2,2,0,1,-1,-1,-1,-1,0,10,-1,1,1,3,-1,-1,-1,0,0,1,0,0,10,0,0,0,12.53
1,0,0,0,-1,0,1,0,0,0,0,0,0,1,0,-1,2,1,1,2,1,3,0,4,150,0,9223372036800000000,2,0,10,0,0,0,-1,0,1,0,0,3,1,0,3,60,0,0,2,2,0,1,-1,-1,-1,-1,0,10,-1,1,1,3,-1,-1,-1,0,0,1,0,0,10,0,0,0,17.83
1,0,0,0,-1,0,1,5,0,0,0,0,2,-1,0,-1,0,2,1,-1,0,3,0,1,25,0,9223372036800000000,0,0,10,0,0,7,0,3,1,0,0,1,1,0,0,0,0,0,4,2,0,1,-1,-1,-1,-1,0,10,-1,1,1,3,-1,-1,-1,0,0,1,0,0,10,0,0,0,15.78
1,0,0,0,-1,0,1,0,0,0,0,0,-1,1,0,-1,2,1,1,2,1,3,0,4,150,0,9223372036800000000,2,0,10,0,0,0,-1,0,1,0,0,3,1,0,3,100,0,0,2,2,0,1,-1,-1,-1,-1,0,10,-1,1,1,3,-1,-1,-1,0,0,1,0,0,10,0,0,0,17.3
1,0,0,0,-1,0,1,4,0,0,0,0,3,2,1,-1,2,0,1,1,2,3,0,8,10,0,9223372036800000000,2,0,10,0,0,7,-1,3,1,0,0,2,1,0,-1,100,0,0,0,2,0,1,-1,-1,-1,-1,0,10,-1,1,1,3,-1,-1,-1,0,0,1,0,0,10,0,0,0,20.27
1,0,0,0,-1,0,1,0,0,0,0,0,3,0,0,0,-1,0,0,2,0,3,0,-1,200,0,9223372036800000000,1e+75,0,10,0,0,7,0,3,1,0,0,0,1,0,-1,60,0,0,2,2,0,1,-1,-1,-1,-1,0,10,-1,1,1,3,-1,-1,-1,0,0,1,0,0,10,0,0,0,20.83
1,0,0,0,-1,0,1,2,0,0,0,0,0,-1,0,1,1,2,2,0,0,3,0,2,400,0,9223372036800000000,10,0,10,0,0,30,0,3,1,500,0,0,1,3,2,100,0,0,3,2,0,1,-1,-1,-1,-1,1,10,-1,1,1,3,-1,-1,-1,0,0,1,0,0,10,0,0,0,19.41
1,0,0,0,-1,0,1,0,0,0,0,0,-1,3,0,2,2,1,0,-1,-1,3,0,8,50,0,9223372036800000000,50,0,10,0,0,30,0,2,1,0,0,3,1,0,0,60,0,0,2,2,0,1,-1,-1,-1,-1,0,10,-1,1,1,3,-1,-1,-1,0,0,1,0,0,10,0,0,0,20.94
1,0,0,0,-1,0,1,2,0,0,0,0,1,1,1,1,0,0,-1,0,2,3,0,-1,25,0,9223372036800000000,1e+75,0,10,0,0,7,0,3,1,0,0,2,1,0,-1,0,0,0,4,2,0,1,-1,-1,-1,-1,0,10,-1,1,1,3,-1,-1,-1,0,0,1,0,0,10,0,0,0,17.03
1,0,0,0,-1,0,1,0,0,0,0,0,-1,1,-1,1,2,0,0,0,-1,3,0,2,100,0,9223372036800000000,60,0,10,0,0,30,0,2,1,0,0,0,1,0,2,1000,0,0,2,2,0,1,-1,-1,-1,-1,0,10,-1,1,1,3,-1,-1,-1,0,0,1,0,0,10,0,0,0,19.81
1,0,0,0,-1,0,1,0,0,0,0,0,1,1,-1,1,2,0,0,0,-1,3,0,2,100,0,9223372036800000000,60,0,10,0,0,30,0,2,1,0,0,0,1,0,2,1000,0,0,2,2,0,1,-1,-1,-1,-1,0,10,-1,1,1,3,-1,-1,-1,0,0,1,0,0,10,0,0,0,19.81
1,0,0,0,-1,0,1,0,0,0,0,0,0,0,-1,2,1,-1,1,0,-1,3,0,8,200,0,9223372036800000000,20,0,10,0,0,2,-1,0,1,20,0,0,1,-1,2,0,0,3,-1,2,0,1,-1,-1,-1,-1,0,10,-1,1,1,3,-1,-1,-1,0,0,1,0,0,10,0,0,0,23.44
1,0,0,0,-1,0,1,0,0,0,0,0,3,1,-1,1,2,0,0,0,2,3,0,2,100,0,9223372036800000000,60,0,10,0,0,30,0,2,1,0,0,0,1,0,2,1000,0,0,2,2,0,1,-1,-1,-1,-1,0,10,-1,1,1,3,-1,-1,-1,0,0,1,0,0,10,0,0,0,19.81
1,0,0,0,-1,0,1,0,0,0,0,0,3,1,-1,1,2,0,0,0,-1,3,0,2,100,0,9223372036800000000,60,0,10,0,0,30,0,0,1,0,0,0,1,0,2,1000,0,0,2,2,0,1,-1,-1,-1,-1,0,10,-1,1,1,3,-1,-1,-1,0,0,1,0,0,10,0,0,0,20.24
1,0,0,0,-1,0,1,0,0,0,0,0,3,1,-1,1,2,0,0,0,-1,3,0,2,100,0,9223372036800000000,60,0,10,0,0,30,0,2,1,0,0,0,1,0,2,200,0,0,2,2,0,1,-1,-1,-1,-1,0,10,-1,1,1,3,-1,-1,-1,0,0,1,0,0,10,0,0,0,20.17
1,0,0,0,-1,0,1,0,0,0,0,0,3,1,-1,1,2,0,0,0,-1,3,0,2,100,0,9223372036800000000,60,0,10,0,0,30,1,2,1,0,0,0,1,0,2,1000,0,0,2,2,0,1,-1,-1,-1,-1,0,10,-1,1,1,3,-1,-1,-1,0,0,1,0,0,10,0,0,0,19.91
1,0,0,0,-1,0,1,0,0,0,0,0,0,3,0,2,0,1,1,2,1,3,0,2,25,0,9223372036800000000,50,0,10,0,0,2,1,2,1,20,0,1,1,1,-1,0,0,0,3,2,0,1,-1,-1,-1,-1,0,10,-1,1,1,3,-1,-1,-1,0,0,1,0,0,10,0,0,0,13.04
1,0,0,0,-1,0,1,0,0,0,0,0,3,3,-1,1,2,0,0,0,-1,3,0,2,100,0,9223372036800000000,60,0,10,0,0,30,0,2,1,0,0,0,1,0,2,1000,0,0,2,2,0,1,-1,-1,-1,-1,0,10,-1,1,1,3,-1,-1,-1,0,0,1,0,0,10,0,0,0,20.17
1,0,0,0,-1,0,1,0,0,0,0,0,3,1,-1,1,2,0,0,0,-1,3,0,2,100,0,9223372036800000000,60,0,10,0,0,30,0,2,1,0,0,0,1,0,2,1000,0,0,0,2,0,1,-1,-1,-1,-1,0,10,-1,1,1,3,-1,-1,-1,0,0,1,0,0,10,0,0,0,20.16
1,0,0,0,-1,0,1,3,0,0,0,0,3,0,1,2,0,1,2,1,-1,3,0,-1,150,0,9223372036800000000,1e+75,0,10,0,0,7,0,0,1,0,0,1,1,0,3,0,0,0,0,2,0,1,-1,-1,-1,-1,0,10,-1,1,1,3,-1,-1,-1,0,0,1,0,0,10,0,0,0,15.19
1,0,0,0,-1,0,1,0,0,0,0,0,3,1,-1,1,2,0,0,0,-1,3,0,2,100,0,9223372036800000000,60,0,10,0,0,30,0,2,1,0,0,0,1,0,2,0,0,0,2,2,0,1,-1,-1,-1,-1,0,10,-1,1,1,3,-1,-1,-1,0,0,1,0,0,10,0,0,0,20.58
1,0,0,0,-1,0,1,0,0,0,0,0,2,0,0,0,0,0,0,0,1,3,0,4,400,0,9223372036800000000,5,0,10,0,0,7,0,3,1,20,0,3,1,2,-1,60,0,0,4,2,0,1,-1,-1,-1,-1,-1,10,-1,1,1,3,-1,-1,-1,0,0,1,0,0,10,0,0,0,19.97
1,0,0,0,-1,0,1,2,0,0,0,0,0,3,0,1,1,2,2,0,0,3,0,2,400,0,9223372036800000000,10,0,10,0,0,30,0,3,1,500,0,0,1,3,2,-1,0,0,1,2,0,1,-1,-1,-1,-1,1,10,-1,1,1,3,-1,-1,-1,0,0,1,0,0,10,0,0,0,21.77
1,0,0,0,-1,0,1,0,0,0,0,0,0,1,0,-1,2,1,1,2,1,3,0,4,150,0,9223372036800000000,2,0,10,0,0,0,-1,0,1,0,0,3,1,0,2,100,0,0,2,2,0,1,-1,-1,-1,-1,0,10,-1,1,1,3,-1,-1,-1,0,0,1,0,0,10,0,0,0,17.3
1,0,0,0,-1,0,1,0,0,0,0,0,3,1,-1,1,2,0,0,-1,-1,3,0,2,100,0,9223372036800000000,60,0,10,0,0,30,0,2,1,0,0,3,1,0,2,1000,0,0,2,2,0,1,-1,-1,-1,-1,0,10,-1,1,1,3,-1,-1,-1,0,0,1,0,0,10,0,0,0,19.55
1,0,0,0,-1,0,1,0,0,0,0,0,1,0,0,2,0,2,2,1,2,3,0,4,10,0,9223372036800000000,40,0,10,0,0,0,-1,2,1,0,0,0,1,0,0,1000,0,0,1,2,0,1,-1,-1,-1,-1,0,10,-1,1,1,3,-1,-1,-1,0,0,1,0,0,10,0,0,0,20.66
1,0,0,0,-1,0,1,0,0,0,0,0,3,1,-1,1,2,0,0,0,-1,3,0,2,400,0,9223372036800000000,60,0,10,0,0,30,0,2,1,0,0,3,1,0,2,-1,0,0,2,2,0,1,-1,-1,-1,-1,0,10,-1,1,1,3,-1,-1,-1,0,0,1,0,0,10,0,0,0,18.49
1,0,0,0,-1,0,1,0,0,0,0,0,1,0,0,2,0,2,2,1,2,3,0,-1,800,0,9223372036800000000,40,0,10,0,0,0,-1,2,1,0,0,1,1,0,0,-1,0,0,2,2,0,1,-1,-1,-1,-1,0,10,-1,1,1,3,-1,-1,-1,0,0,1,0,0,10,0,0,0,11.77
1,0,0,0,-1,0,1,0,0,0,0,0,3,3,-1,1,2,0,0,0,-1,3,0,2,100,0,9223372036800000000,60,0,10,0,0,30,0,2,1,0,0,3,1,0,2,-1,0,0,2,2,0,1,-1,-1,-1,-1,0,10,-1,1,1,3,-1,-1,-1,0,0,1,0,0,10,0,0,0,19.95
1,0,0,0,-1,0,1,0,0,0,0,0,3,1,-1,1,2,0,0,0,-1,3,0,2,100,0,9223372036800000000,60,0,10,0,0,30,0,1,1,0,0,3,1,0,2,-1,0,0,2,2,0,1,-1,-1,-1,-1,0,10,-1,1,1,3,-1,-1,-1,0,0,1,0,0,10,0,0,0,17.04
1,0,0,0,-1,0,1,5,0,0,0,0,0,1,0,2,2,0,-1,1,-1,3,0,16,25,0,9223372036800000000,30,0,10,0,0,0,-1,3,1,0,0,0,1,0,3,40,0,0,3,2,0,1,-1,-1,-1,-1,0,10,-1,1,1,3,-1,-1,-1,0,0,1,0,0,10,0,0,0,19.21
1,0,0,0,-1,0,1,2,0,0,0,0,2,2,0,2,0,1,1,0,0,3,0,2,100,0,9223372036800000000,5,0,10,0,0,7,0,2,1,1000,0,3,1,0,0,500,0,0,2,2,0,1,-1,-1,-1,-1,-1,10,-1,1,1,3,-1,-1,-1,0,0,1,0,0,10,0,0,0,18.61
1,0,0,0,-1,0,1,0,0,0,0,0,0,1,1,1,2,2,0,1,-1,3,0,1,800,0,9223372036800000000,1e+75,0,10,0,0,0,-1,2,1,0,0,1,1,0,3,1000,0,0,-1,2,0,1,-1,-1,-1,-1,0,10,-1,1,1,3,-1,-1,-1,0,0,1,0,0,10,0,0,0,22.58
1,0,0,0,-1,0,1,0,0,0,0,0,3,1,-1,1,2,2,0,0,-1,3,0,2,100,0,9223372036800000000,60,0,10,0,0,30,0,2,1,0,0,3,1,0,2,-1,0,0,2,2,0,1,-1,-1,-1,-1,0,10,-1,1,1,3,-1,-1,-1,0,0,1,0,0,10,0,0,0,18.49
1,0,0,0,-1,0,1,2,0,0,0,0,-1,3,0,1,0,0,1,1,0,3,0,8,800,0,9223372036800000000,50,0,10,0,0,4,0,0,1,0,0,3,1,0,3,0,0,0,0,2,0,1,-1,-1,-1,-1,0,10,-1,1,1,3,-1,-1,-1,0,0,1,0,0,10,0,0,0,18.04
1,0,0,0,-1,0,1,0,0,0,0,0,3,1,-1,1,2,0,0,0,-1,3,0,2,100,0,9223372036800000000,60,0,10,0,0,30,0,1,1,0,0,3,1,0,2,20,0,0,2,2,0,1,-1,-1,-1,-1,0,10,-1,1,1,3,-1,-1,-1,0,0,1,0,0,10,0,0,0,19.09
1,0,0,0,-1,0,1,5,0,0,0,0,2,0,-1,-1,2,1,1,2,2,3,0,-1,100,0,9223372036800000000,1e+75,0,10,0,0,7,0,1,1,0,0,0,1,0,3,0,0,0,3,2,0,1,-1,-1,-1,-1,0,10,-1,1,1,3,-1,-1,-1,0,0,1,0,0,10,0,0,0,22.12
1,0,0,0,-1,0,1,2,0,0,0,0,-1,3,0,1,0,0,-1,1,0,3,0,8,800,0,9223372036800000000,50,0,10,0,0,4,0,0,1,0,0,1,1,0,3,0,0,0,0,2,0,1,-1,-1,-1,-1,0,10,-1,1,1,3,-1,-1,-1,0,0,1,0,0,10,0,0,0,16.15
1,0,0,0,-1,0,1,5,0,0,0,0,0,1,0,2,2,0,-1,1,-1,3,0,16,25,0,9223372036800000000,120,0,10,0,0,0,-1,3,1,0,0,0,1,0,3,40,0,0,3,2,0,1,-1,-1,-1,-1,0,10,-1,1,1,3,-1,-1,-1,0,0,1,0,0,10,0,0,0,19.21
1,0,0,0,-1,0,1,2,0,0,0,0,-1,3,0,1,0,0,1,1,0,3,0,1,800,0,9223372036800000000,50,0,10,0,0,4,0,0,1,0,0,3,1,0,3,0,0,0,0,2,0,1,-1,-1,-1,-1,0,10,-1,1,1,3,-1,-1,-1,0,0,1,0,0,10,0,0,0,23.87
1,0,0,0,-1,0,1,0,0,0,0,0,0,-1,0,1,-1,1,0,1,1,3,0,1,100,0,9223372036800000000,240,0,10,0,0,2,1,2,1,500,0,1,1,2,-1,60,0,0,2,2,0,1,-1,-1,-1,-1,0,10,-1,1,1,3,-1,-1,-1,0,0,1,0,0,10,0,0,0,15.41
1,0,0,0,-1,0,1,5,0,0,0,0,3,3,-1,-1,-1,0,1,1,2,3,0,-1,25,0,9223372036800000000,1e+75,0,10,0,0,7,0,3,1,0,0,2,1,0,1,0,0,0,3,2,0,1,-1,-1,-1,-1,0,10,-1,1,1,3,-1,-1,-1,0,0,1,0,0,10,0,0,0,19.29
1,0,0,0,-1,0,1,5,0,0,0,0,0,1,0,2,2,0,-1,1,-1,3,0,16,25,0,9223372036800000000,120,0,10,0,0,0,-1,2,1,0,0,0,1,0,3,40,0,0,3,2,0,1,-1,-1,-1,-1,0,10,-1,1,1,3,-1,-1,-1,0,0,1,0,0,10,0,0,0,19.21
1,0,0,0,-1,0,1,5,0,0,0,0,0,1,0,2,2,0,-1,1,-1,3,0,16,150,0,9223372036800000000,120,0,10,0,0,0,-1,3,1,0,0,0,1,0,3,40,0,0,3,2,0,1,-1,-1,-1,-1,0,10,-1,1,1,3,-1,-1,-1,0,0,1,0,0,10,0,0,0,21.24
1,0,0,0,-1,0,1,1,0,0,0,0,1,-1,0,2,0,0,-1,2,0,3,0,-1,100,0,9223372036800000000,1e+75,0,10,0,0,7,0,2,1,0,0,2,1,0,0,0,0,0,1,2,0,1,-1,-1,-1,-1,0,10,-1,1,1,3,-1,-1,-1,0,0,1,0,0,10,0,0,0,20.38
1,0,0,0,-1,0,1,0,0,0,0,0,0,0,0,0,0,0,-1,0,0,3,0,-1,200,0,9223372036800000000,1e+75,0,10,0,0,7,0,0,1,0,0,1,1,0,0,0,0,0,0,2,0,1,-1,-1,-1,-1,0,10,-1,1,1,3,-1,-1,-1,0,0,1,0,0,10,0,0,0,17.33
1,0,0,0,-1,0,1,5,0,0,0,0,0,1,0,2,2,0,-1,1,2,3,0,16,25,0,9223372036800000000,120,0,10,0,0,0,-1,3,1,0,0,0,1,0,3,40,0,0,3,2,0,1,-1,-1,-1,-1,0,10,-1,1,1,3,-1,-1,-1,0,0,1,0,0,10,0,0,0,19.21
1,0,0,0,-1,0,1,4,0,0,0,0,0,2,0,2,1,0,-1,1,1,3,0,-1,50,0,9223372036800000000,1,0,10,0,0,10,0,3,1,500,0,2,1,-1,2,60,0,0,3,2,0,1,-1,-1,-1,-1,1,10,-1,1,1,3,-1,-1,-1,0,0,1,0,0,10,0,0,0,20.81
1,0,0,0,-1,0,1,4,0,0,0,0,3,2,0,-1,0,1,1,2,2,3,0,1,150,0,9223372036800000000,1,0,10,0,0,3,0,0,1,500,0,0,1,0,-1,100,0,0,-1,2,0,1,-1,-1,-1,-1,-1,10,-1,1,1,3,-1,-1,-1,0,0,1,0,0,10,0,0,0,30.23
1,0,0,0,-1,0,1,0,0,0,0,0,2,0,0,0,0,1,0,0,1,3,0,4,400,0,9223372036800000000,5,0,10,0,0,7,0,3,1,20,0,3,1,2,1,100,0,0,4,2,0,1,-1,-1,-1,-1,-1,10,-1,1,1,3,-1,-1,-1,0,0,1,0,0,10,0,0,0,18.95
1,0,0,0,-1,0,1,0,0,0,0,0,1,0,0,2,0,2,-1,1,2,3,0,-1,150,0,9223372036800000000,40,0,10,0,0,0,-1,2,1,0,0,1,1,0,0,-1,0,0,2,2,0,1,-1,-1,-1,-1,0,10,-1,1,1,3,-1,-1,-1,0,0,1,0,0,10,0,0,0,10.29
1,0,0,0,-1,0,1,5,0,0,0,0,0,1,0,2,2,0,-1,1,-1,3,0,16,25,0,9223372036800000000,2,0,10,0,0,0,-1,3,1,0,0,0,1,0,3,40,0,0,3,2,0,1,-1,-1,-1,-1,0,10,-1,1,1,3,-1,-1,-1,0,0,1,0,0,10,0,0,0,19.21
1,0,0,0,-1,0,1,5,0,0,0,0,3,-1,-1,-1,2,2,1,-1,1,3,0,16,150,0,9223372036800000000,50,0,10,0,0,2,0,3,1,0,0,1,1,0,0,40,0,0,0,2,0,1,-1,-1,-1,-1,0,10,-1,1,1,3,-1,-1,-1,0,0,1,0,0,10,0,0,0,15.67
1,0,0,0,-1,0,1,5,0,0,0,0,0,1,0,2,2,2,-1,1,-1,3,0,16,25,0,9223372036800000000,120,0,10,0,0,0,-1,3,1,0,0,0,1,0,3,40,0,0,3,2,0,1,-1,-1,-1,-1,0,10,-1,1,1,3,-1,-1,-1,0,0,1,0,0,10,0,0,0,22.16
1,0,0,0,-1,0,1,3,0,0,0,0,2,0,1,-1,1,1,-1,0,0,3,0,-1,10,0,9223372036800000000,1e+75,0,10,0,0,7,0,0,1,0,0,1,1,0,-1,0,0,0,0,2,0,1,-1,-1,-1,-1,0,10,-1,1,1,3,-1,-1,-1,0,0,1,0,0,10,0,0,0,15.3
1,0,0,0,-1,0,1,5,0,0,0,0,0,1,0,2,2,0,-1,1,-1,3,0,16,25,0,9223372036800000000,120,0,10,0,0,0,-1,3,1,0,0,0,1,0,1,40,0,0,3,2,0,1,-1,-1,-1,-1,0,10,-1,1,1,3,-1,-1,-1,0,0,1,0,0,10,0,0,0,19.21
1,0,0,0,-1,0,1,3,0,0,0,0,0,2,-1,0,-1,1,-1,-1,-1,3,0,-1,50,0,9223372036800000000,0,0,10,0,0,2,-1,0,1,500,0,3,1,1,3,100,0,0,2,2,0,1,-1,1,-1,-1,-1,10,-1,1,1,3,-1,-1,-1,0,0,1,1,0,10,0,0,0,20.68
1,0,0,0,-1,0,1,0,0,0,0,0,0,1,1,2,0,1,1,2,1,3,0,2,25,0,9223372036800000000,50,0,10,0,0,2,0,2,1,20,0,1,1,0,0,0,0,0,3,2,0,1,-1,-1,-1,-1,0,10,-1,1,1,3,-1,-1,-1,0,0,1,0,0,10,0,0,0,15.05
1,0,0,0,-1,0,1,5,0,0,0,0,0,1,0,1,2,0,-1,1,-1,3,0,16,25,0,9223372036800000000,120,0,10,0,0,0,-1,3,1,0,0,0,1,0,3,40,0,0,3,2,0,1,-1,-1,-1,-1,0,10,-1,1,1,3,-1,-1,-1,0,0,1,0,0,10,0,0,0,20.18
1,0,0,0,-1,0,1,5,0,0,0,0,3,1,0,2,2,-1,1,0,-1,3,0,-1,10,0,9223372036800000000,20,0,10,0,0,15,-1,2,1,100,0,1,1,0,1,40,0,2,2,2,0,1,-1,-1,-1,-1,1,10,-1,1,1,3,-1,-1,-1,0,0,1,0,0,10,0,0,0,18.16
1,0,0,0,-1,0,1,1,0,0,0,0,1,1,0,2,0,0,-1,2,0,3,0,-1,50,0,9223372036800000000,1e+75,0,10,0,0,7,0,2,1,0,0,2,1,0,0,0,0,0,1,2,0,1,-1,-1,-1,-1,0,10,-1,1,1,3,-1,-1,-1,0,0,1,0,0,10,0,0,0,20.38
1,0,0,0,-1,0,1,3,0,0,0,0,2,0,1,2,1,-1,-1,0,0,3,0,-1,10,0,9223372036800000000,1e+75,0,10,0,0,7,-1,1,1,0,0,1,1,0,-1,0,0,0,0,2,0,1,-1,-1,-1,-1,0,10,-1,1,1,3,-1,-1,-1,0,0,1,0,0,10,0,0,0,13.03
1,0,0,0,-1,0,1,5,0,0,0,0,0,1,0,2,2,1,-1,1,-1,3,0,16,25,0,9223372036800000000,120,0,10,0,0,0,-1,3,1,0,0,0,1,0,3,40,0,0,3,2,0,1,-1,-1,-1,-1,0,10,-1,1,1,3,-1,-1,-1,0,0,1,0,0,10,0,0,0,22.86
1,0,0,0,-1,0,1,5,0,0,0,0,0,0,-1,2,-1,0,-1,0,2,3,0,-1,10,0,9223372036800000000,1e+75,0,10,0,0,7,0,0,1,0,0,1,1,0,0,0,0,0,0,2,0,1,-1,-1,-1,-1,0,10,-1,1,1,3,-1,-1,-1,0,0,1,0,0,10,0,0,0,15.18
1,0,0,0,-1,0,1,5,0,0,0,0,3,-1,-1,-1,2,0,2,-1,1,3,0,16,150,0,9223372036800000000,50,0,10,0,0,2,0,3,1,0,0,1,1,0,0,40,0,0,0,2,0,1,-1,-1,-1,-1,0,10,-1,1,1,3,-1,-1,-1,0,0,1,0,0,10,0,0,0,17.64
1,0,0,0,-1,0,1,4,0,0,0,0,3,-1,-1,2,0,1,-1,2,1,3,0,-1,800,0,9223372036800000000,1e+75,0,10,0,0,7,0,2,1,0,0,1,1,0,3,0,0,0,2,2,0,1,-1,-1,-1,-1,0,10,-1,1,1,3,-1,-1,-1,0,0,1,0,0,10,0,0,0,12.54
1,0,0,0,-1,0,1,5,0,0,0,0,0,1,0,2,2,0,-1,1,-1,3,0,16,25,0,9223372036800000000,0,0,10,0,0,0,-1,3,1,0,0,0,1,0,3,40,0,0,3,2,0,1,-1,-1,-1,-1,0,10,-1,1,1,3,-1,-1,-1,0,0,1,0,0,10,0,0,0,19.12
1,0,0,0,-1,0,1,0,0,0,0,0,3,0,0,0,-1,0,0,2,0,3,0,-1,10,0,9223372036800000000,1e+75,0,10,0,0,7,0,3,1,0,0,1,1,0,-1,60,0,0,2,2,0,1,-1,-1,-1,-1,0,10,-1,1,1,3,-1,-1,-1,0,0,1,0,0,10,0,0,0,15.54
1,0,0,0,-1,0,1,2,0,0,0,0,2,2,0,2,0,1,1,0,0,3,0,2,100,0,9223372036800000000,5,0,10,0,0,7,-1,0,1,1000,0,3,1,0,0,0,0,0,2,2,0,1,-1,-1,-1,-1,-1,10,-1,1,1,3,-1,-1,-1,0,0,1,0,0,10,0,0,0,20.6
1,0,0,0,-1,0,1,5,0,0,0,0,0,1,0,2,2,0,-1,1,-1,3,0,16,25,0,9223372036800000000,0,0,10,0,0,0,-1,3,1,0,0,0,1,0,3,1000,0,0,3,2,0,1,-1,-1,-1,-1,0,10,-1,1,1,3,-1,-1,-1,0,0,1,0,0,10,0,0,0,19.12
1,0,0,0,-1,0,1,5,0,0,0,0,0,1,0,2,2,0,-1,1,-1,3,0,16,25,0,9223372036800000000,10,0,10,0,0,0,-1,3,1,0,0,0,1,0,3,40,0,0,3,2,0,1,-1,-1,-1,-1,0,10,-1,1,1,3,-1,-1,-1,0,0,1,0,0,10,0,0,0,19.21
1,0,0,0,-1,0,1,5,0,0,0,0,-1,1,1,1,-1,1,0,-1,0,3,0,-1,10,0,9223372036800000000,30,0,10,0,0,30,-1,3,1,1000,0,3,1,0,2,60,0,0,1,2,0,1,-1,-1,-1,-1,0,10,-1,1,1,3,-1,-1,-1,0,0,1,0,0,10,0,0,0,23.41
1,0,0,0,-1,0,1,5,0,0,0,0,0,1,0,2,2,0,-1,1,-1,3,0,16,10,0,9223372036800000000,0,0,10,0,0,0,-1,3,1,0,0,0,1,0,3,40,0,0,3,2,0,1,-1,-1,-1,-1,0,10,-1,1,1,3,-1,-1,-1,0,0,1,0,0,10,0,0,0,20.36
1,0,0,0,-1,0,1,0,0,0,0,0,2,0,0,0,0,1,0,0,1,3,0,4,400,0,9223372036800000000,5,0,10,0,0,7,0,3,1,20,0,3,1,2,-1,60,0,0,4,2,0,1,-1,-1,-1,-1,-1,10,-1,1,1,3,-1,-1,-1,0,0,1,0,0,10,0,0,0,18.68
1,0,0,0,-1,0,1,5,0,0,0,0,0,1,0,2,2,0,-1,0,-1,3,0,16,25,0,9223372036800000000,0,0,10,0,0,0,-1,3,1,0,0,0,1,0,3,40,0,0,3,2,0,1,-1,-1,-1,-1,0,10,-1,1,1,3,-1,-1,-1,0,0,1,0,0,10,0,0,0,22.98
1,0,0,0,-1,0,1,0,0,0,0,0,0,2,1,-1,0,1,1,-1,1,3,0,2,400,0,9223372036800000000,50,0,10,0,0,4,1,1,1,0,0,1,1,0,3,200,0,0,3,2,0,1,-1,-1,-1,-1,0,10,-1,1,1,3,-1,-1,-1,0,0,1,0,0,10,0,0,0,19.61
1,0,0,0,-1,0,1,2,0,0,0,0,-1,3,0,1,0,0,-1,1,0,3,0,8,800,0,9223372036800000000,50,0,10,0,0,4,0,0,1,0,0,3,1,0,3,0,0,0,0,2,0,1,-1,-1,-1,-1,0,10,-1,1,1,3,-1,-1,-1,0,0,1,0,0,10,0,0,0,18.09
1,0,0,0,-1,0,1,5,0,0,0,0,3,-1,0,-1,0,2,1,-1,0,3,0,1,25,0,9223372036800000000,0,0,10,0,0,7,0,3,1,0,0,1,1,0,0,20,0,0,4,2,0,1,-1,-1,-1,-1,0,10,-1,1,1,3,-1,-1,-1,0,0,1,0,0,10,0,0,0,17
1,0,0,0,-1,0,1,0,0,0,0,0,2,-1,-1,-1,-1,1,2,-1,-1,3,0,16,50,0,9223372036800000000,50,0,10,0,0,7,1,0,1,100,0,3,1,3,2,1000,0,0,4,2,0,1,-1,-1,-1,-1,0,10,-1,1,1,3,-1,-1,-1,0,0,1,1,0,10,0,0,0,23.61
1,0,0,0,-1,0,1,2,0,0,0,0,1,-1,0,-1,0,1,1,2,-1,3,0,16,100,0,9223372036800000000,0,0,10,0,0,2,-1,2,1,1000,0,1,1,2,-1,1000,0,2,0,2,0,1,-1,-1,-1,-1,0,10,-1,1,1,3,-1,-1,-1,0,0,1,3,0,10,0,0,0,13.8
1,0,0,0,-1,0,1,2,0,0,0,0,-1,3,0,1,0,0,-1,1,0,3,0,8,50,0,9223372036800000000,50,0,10,0,0,4,0,0,1,0,0,3,1,0,3,0,0,0,0,2,0,1,-1,-1,-1,-1,0,10,-1,1,1,3,-1,-1,-1,0,0,1,0,0,10,0,0,0,20.26
1,0,0,0,-1,0,1,2,0,0,0,0,-1,3,0,1,0,0,-1,1,0,3,0,8,800,0,9223372036800000000,50,0,10,0,0,4,0,0,1,0,0,0,1,0,3,0,0,0,0,2,0,1,-1,-1,-1,-1,0,10,-1,1,1,3,-1,-1,-1,0,0,1,0,0,10,0,0,0,21.75
1,0,0,0,-1,0,1,5,0,0,0,0,2,1,-1,2,-1,-1,0,1,1,3,0,1,50,0,9223372036800000000,20,0,10,0,0,4,1,2,1,0,0,1,1,0,2,0,0,0,0,2,0,1,-1,-1,-1,-1,0,10,-1,1,1,3,-1,-1,-1,0,0,1,0,0,10,0,0,0,12.63
1,0,0,0,-1,0,1,0,0,0,0,0,1,0,0,2,0,2,2,1,2,3,0,-1,10,0,9223372036800000000,40,0,10,0,0,0,-1,2,1,0,0,1,1,0,0,-1,0,0,2,2,0,1,-1,-1,-1,-1,0,10,-1,1,1,3,-1,-1,-1,0,0,1,0,0,10,0,0,0,14.37
1,0,0,0,-1,0,1,2,0,0,0,0,-1,3,0,1,0,0,1,1,0,3,0,8,800,0,9223372036800000000,50,0,10,0,0,4,0,0,1,0,0,3,1,0,3,0,0,0,2,2,0,1,-1,-1,-1,-1,0,10,-1,1,1,3,-1,-1,-1,0,0,1,0,0,10,0,0,0,19.87
1,0,0,0,-1,0,1,4,0,0,0,0,1,0,0,2,-1,-1,1,1,0,3,0,2,200,0,9223372036800000000,30,0,10,0,0,7,0,3,1,0,0,1,1,0,3,-1,0,0,1,2,0,1,-1,-1,-1,-1,0,10,-1,1,1,3,-1,-1,-1,0,0,1,0,0,10,0,0,0,13.92
1,0,0,0,-1,0,1,2,0,0,0,0,-1,2,0,1,0,0,1,1,0,3,0,8,800,0,9223372036800000000,50,0,10,0,0,4,0,0,1,0,0,3,1,0,3,0,0,0,0,2,0,1,-1,-1,-1,-1,0,10,-1,1,1,3,-1,-1,-1,0,0,1,0,0,10,0,0,0,18.04
1,0,0,0,-1,0,1,2,0,0,0,0,-1,3,0,1,0,0,1,1,0,3,0,16,800,0,9223372036800000000,50,0,10,0,0,4,0,0,1,0,0,3,1,0,3,0,0,0,0,2,0,1,-1,-1,-1,-1,0,10,-1,1,1,3,-1,-1,-1,0,0,1,0,0,10,0,0,0,18.04
1,0,0,0,-1,0,1,2,0,0,0,0,-1,3,0,1,0,0,1,1,0,3,0,8,800,0,9223372036800000000,50,0,10,0,0,4,0,0,1,0,0,1,1,0,3,0,0,0,0,2,0,1,-1,-1,-1,-1,0,10,-1,1,1,3,-1,-1,-1,0,0,1,0,0,10,0,0,0,15.54
1,0,0,0,-1,0,1,5,0,0,0,0,0,1,0,-1,2,1,1,2,1,3,0,1,200,0,9223372036800000000,2,0,10,0,0,0,-1,0,1,0,0,3,1,0,3,100,0,0,3,2,0,1,-1,-1,-1,-1,0,10,-1,1,1,3,-1,-1,-1,0,0,1,0,0,10,0,0,0,22.5
1,0,0,0,-1,0,1,2,0,0,0,0,-1,3,0,1,0,0,1,1,0,3,0,1,800,0,9223372036800000000,50,0,10,0,0,4,0,0,1,0,0,1,1,0,3,0,0,0,3,2,0,1,-1,-1,-1,-1,0,10,-1,1,1,3,-1,-1,-1,0,0,1,0,0,10,0,0,0,13.64
1,0,0,0,-1,0,1,1,0,0,0,0,1,-1,0,2,1,0,-1,2,0,3,0,-1,50,0,9223372036800000000,1e+75,0,10,0,0,7,0,2,1,0,0,2,1,0,0,0,0,0,1,2,0,1,-1,-1,-1,-1,0,10,-1,1,1,3,-1,-1,-1,0,0,1,0,0,10,0,0,0,20.38
1,0,0,0,-1,0,1,0,0,0,0,0,3,-1,0,-1,2,0,1,2,-1,3,0,4,100,0,9223372036800000000,10,0,10,0,0,30,0,3,1,0,0,3,1,3,-1,20,0,0,1,2,0,1,-1,-1,-1,-1,-1,10,-1,1,1,3,-1,-1,-1,0,0,1,0,0,10,0,0,0,20.59
1,0,0,0,-1,0,1,2,0,0,0,0,-1,3,0,1,0,-1,1,1,0,3,0,1,800,0,9223372036800000000,50,0,10,0,0,4,0,0,1,0,0,1,1,0,3,0,0,0,3,2,0,1,-1,-1,-1,-1,0,10,-1,1,1,3,-1,-1,-1,0,0,1,0,0,10,0,0,0,13.64
1,0,0,0,-1,0,1,0,0,0,0,0,-1,-1,1,2,-1,0,-1,0,-1,3,0,-1,10,0,9223372036800000000,1e+75,0,10,0,0,7,0,3,1,0,0,1,1,0,-1,0,0,0,-1,2,0,1,-1,-1,-1,-1,0,10,-1,1,1,3,-1,-1,-1,0,0,1,0,0,10,0,0,0,18.08
1,0,0,0,-1,0,1,2,0,0,0,0,-1,3,0,1,0,0,1,1,0,3,0,8,800,0,9223372036800000000,50,0,10,0,0,4,0,0,1,0,0,1,1,0,3,0,0,0,3,2,0,1,-1,-1,-1,-1,0,10,-1,1,1,3,-1,-1,-1,0,0,1,0,0,10,0,0,0,17.34
1,0,0,0,-1,0,1,2,0,0,0,0,-1,0,0,1,0,0,1,1,0,3,0,1,800,0,9223372036800000000,50,0,10,0,0,4,0,0,1,0,0,1,1,0,3,0,0,0,3,2,0,1,-1,-1,-1,-1,0,10,-1,1,1,3,-1,-1,-1,0,0,1,0,0,10,0,0,0,13.64
1,0,0,0,-1,0,1,2,0,0,0,0,0,3,-1,0,1,1,1,-1,2,3,0,1,50,0,9223372036800000000,40,0,10,0,0,7,-1,1,1,0,0,1,1,0,2,40,0,0,2,2,0,1,-1,-1,-1,-1,0,10,-1,1,1,3,-1,-1,-1,0,0,1,0,0,10,0,0,0,19.17
1,0,0,0,-1,0,1,5,0,0,0,0,3,-1,0,-1,0,2,1,2,0,3,0,8,25,0,9223372036800000000,0,0,10,0,0,7,0,3,1,0,0,1,1,0,0,500,0,0,4,2,0,1,-1,-1,-1,-1,0,10,-1,1,1,3,-1,-1,-1,0,0,1,0,0,10,0,0,0,18.17
1,0,0,0,-1,0,1,0,0,0,0,0,-1,-1,-1,-1,1,1,1,1,0,3,0,2,800,0,9223372036800000000,2,0,10,0,0,15,1,3,1,20,0,0,1,-1,0,40,0,1,4,2,0,1,-1,-1,-1,-1,-1,10,-1,1,1,3,-1,-1,-1,0,0,1,0,0,10,0,0,0,20.13
1,0,0,0,-1,0,1,5,0,0,0,0,3,-1,0,-1,0,2,1,2,0,3,0,1,25,0,9223372036800000000,0,0,10,0,0,7,0,3,1,0,0,1,1,0,0,0,0,0,4,2,0,1,-1,-1,-1,-1,0,10,-1,1,1,3,-1,-1,-1,0,0,1,0,0,10,0,0,0,16.11
1,0,0,0,-1,0,1,5,0,0,0,0,3,-1,0,-1,0,2,1,-1,0,3,0,1,10,0,9223372036800000000,0,0,10,0,0,7,0,3,1,0,0,1,1,0,0,0,0,0,4,2,0,1,-1,-1,-1,-1,0,10,-1,1,1,3,-1,-1,-1,0,0,1,0,0,10,0,0,0,15.78
1,0,0,0,-1,0,1,5,0,0,0,0,3,-1,0,-1,0,2,1,-1,1,3,0,1,25,0,9223372036800000000,0,0,10,0,0,7,0,3,1,0,0,1,1,0,0,0,0,0,4,2,0,1,-1,-1,-1,-1,0,10,-1,1,1,3,-1,-1,-1,0,0,1,0,0,10,0,0,0,15.78
1,0,0,0,-1,0,1,0,0,0,0,0,3,0,0,0,-1,0,0,2,0,3,0,-1,200,0,9223372036800000000,1e+75,0,10,0,0,7,0,1,1,0,0,1,1,0,-1,60,0,0,2,2,0,1,-1,-1,-1,-1,0,10,-1,1,1,3,-1,-1,-1,0,0,1,0,0,10,0,0,0,12.39
1,0,0,0,-1,0,1,0,0,0,0,0,3,-1,-1,-1,2,0,-1,-1,1,3,0,16,150,0,9223372036800000000,50,0,10,0,0,2,0,3,1,0,0,1,1,0,0,40,0,0,0,2,0,1,-1,-1,-1,-1,0,10,-1,1,1,3,-1,-1,-1,0,0,1,0,0,10,0,0,0,20.05
1,0,0,0,-1,0,1,5,0,0,0,0,3,-1,0,-1,0,2,1,-1,2,3,0,1,25,0,9223372036800000000,0,0,10,0,0,7,0,3,1,0,0,1,1,0,0,0,0,0,4,2,0,1,-1,-1,-1,-1,0,10,-1,1,1,3,-1,-1,-1,0,0,1,0,0,10,0,0,0,15.78
1,0,0,0,-1,0,1,0,0,0,0,0,3,0,0,0,-1,0,0,2,2,3,0,-1,200,0,9223372036800000000,1e+75,0,10,0,0,7,0,3,1,0,0,1,1,0,-1,1000,0,0,2,2,0,1,-1,-1,-1,-1,0,10,-1,1,1,3,-1,-1,-1,0,0,1,0,0,10,0,0,0,11.8
1,0,0,0,-1,0,1,5,0,0,0,0,3,-1,0,-1,1,2,1,-1,0,3,0,1,25,0,9223372036800000000,0,0,10,0,0,7,0,3,1,0,0,1,1,0,0,0,0,0,4,2,0,1,-1,-1,-1,-1,0,10,-1,1,1,3,-1,-1,-1,0,0,1,0,0,10,0,0,0,15.78
1,0,0,0,-1,0,1,5,0,0,0,0,3,-1,0,-1,0,2,1,-1,0,3,0,1,25,0,9223372036800000000,0,0,10,0,0,7,0,3,1,0,0,1,1,0,0,0,0,0,-1,2,0,1,-1,-1,-1,-1,0,10,-1,1,1,3,-1,-1,-1,0,0,1,0,0,10,0,0,0,25.99
1,0,0,0,-1,0,1,5,0,0,0,0,-1,1,-1,0,2,-1,1,0,1,3,0,16,200,0,9223372036800000000,5,0,10,0,0,4,0,1,1,1000,0,0,1,1,-1,20,0,0,2,2,0,1,-1,1,-1,-1,1,10,-1,1,1,3,-1,-1,-1,0,0,1,2,0,10,0,0,0,22.59
1,0,0,0,-1,0,1,2,0,0,0,0,1,-1,0,-1,0,1,1,2,-1,3,0,-1,100,0,9223372036800000000,0,0,10,0,0,2,1,2,1,1000,0,1,1,2,-1,40,0,2,0,2,0,1,-1,-1,-1,-1,0,10,-1,1,1,3,-1,-1,-1,0,0,1,3,0,10,0,0,0,17.39
1,0,0,0,-1,0,1,5,0,0,0,0,-1,1,1,1,-1,1,0,0,0,3,0,-1,10,0,9223372036800000000,30,0,10,0,0,30,-1,3,1,100,0,3,1,0,2,60,0,0,1,2,0,1,-1,-1,-1,-1,0,10,-1,1,1,3,-1,-1,-1,0,0,1,0,0,10,0,0,0,18.81
1,0,0,0,-1,0,1,5,0,0,0,0,3,-1,0,-1,0,2,1,-1,0,3,0,1,25,0,9223372036800000000,0,0,10,0,0,7,0,3,1,0,0,1,1,0,-1,0,0,0,4,2,0,1,-1,-1,-1,-1,0,10,-1,1,1,3,-1,-1,-1,0,0,1,0,0,10,0,0,0,15.78
1,0,0,0,-1,0,1,5,0,0,0,0,3,-1,0,-1,0,2,1,-1,0,3,0,1,25,0,9223372036800000000,0,0,10,0,0,7,0,0,1,0,0,1,1,0,0,0,0,0,4,2,0,1,-1,-1,-1,-1,0,10,-1,1,1,3,-1,-1,-1,0,0,1,0,0,10,0,0,0,17.78
1,0,0,0,-1,0,1,5,0,0,0,0,3,0,-1,-1,2,1,1,-1,0,3,0,-1,50,0,9223372036800000000,1e+75,0,10,0,0,7,0,0,1,0,0,1,1,0,0,0,0,0,0,2,0,1,-1,-1,-1,-1,0,10,-1,1,1,3,-1,-1,-1,0,0,1,0,0,10,0,0,0,14.94
1,0,0,0,-1,0,1,5,0,0,0,0,2,0,-1,-1,2,1,0,2,2,3,0,-1,100,0,9223372036800000000,1e+75,0,10,0,0,7,0,1,1,0,0,1,1,0,3,0,0,0,-1,2,0,1,-1,-1,-1,-1,0,10,-1,1,1,3,-1,-1,-1,0,0,1,0,0,10,0,0,0,19.5
1,0,0,0,-1,0,1,0,0,0,0,0,-1,1,1,2,-1,0,-1,0,-1,3,0,-1,50,0,9223372036800000000,1e+75,0,10,0,0,7,0,3,1,0,0,1,1,0,-1,0,0,0,4,2,0,1,-1,-1,-1,-1,0,10,-1,1,1,3,-1,-1,-1,0,0,1,0,0,10,0,0,0,14.22
1,0,0,0,-1,0,1,2,0,0,0,0,0,3,0,1,1,-1,2,0,0,3,0,2,400,0,9223372036800000000,10,0,10,0,0,30,0,3,1,500,0,0,1,3,2,-1,0,0,3,2,0,1,-1,-1,-1,-1,1,10,-1,1,1,3,-1,-1,-1,0,0,1,0,0,10,0,0,0,17.99
1,0,0,0,-1,0,1,2,0,0,0,0,1,0,0,-1,0,1,1,2,-1,3,0,16,100,0,9223372036800000000,0,0,10,0,0,2,-1,2,1,1000,0,1,1,2,-1,1000,0,2,0,2,0,1,-1,-1,-1,-1,0,10,-1,1,1,3,-1,-1,-1,0,0,1,3,0,10,0,0,0,14.38
1,0,0,0,-1,0,1,0,0,0,0,0,1,0,0,2,0,2,-1,1,2,3,0,-1,800,0,9223372036800000000,40,0,10,0,0,0,1,2,1,0,0,1,1,0,0,-1,0,0,2,2,0,1,-1,-1,-1,-1,0,10,-1,1,1,3,-1,-1,-1,0,0,1,0,0,10,0,0,0,17.33
1,0,0,0,-1,0,1,5,0,0,0,0,3,-1,0,-1,0,2,1,-1,0,3,0,1,25,0,9223372036800000000,0,0,10,0,0,7,0,1,1,0,0,1,1,0,0,0,0,0,4,2,0,1,-1,-1,-1,-1,0,10,-1,1,1,3,-1,-1,-1,0,0,1,0,0,10,0,0,0,16.47
1,0,0,0,-1,0,1,5,0,0,0,0,3,-1,0,2,0,2,1,-1,0,3,0,1,25,0,9223372036800000000,0,0,10,0,0,7,0,3,1,0,0,1,1,0,0,0,0,0,4,2,0,1,-1,-1,-1,-1,0,10,-1,1,1,3,-1,-1,-1,0,0,1,0,0,10,0,0,0,15.78
1,0,0,0,-1,0,1,0,0,0,0,0,3,0,0,0,-1,0,0,2,0,3,0,-1,200,0,9223372036800000000,1e+75,0,10,0,0,7,0,0,1,0,0,1,1,0,-1,0,0,0,2,2,0,1,-1,-1,-1,-1,0,10,-1,1,1,3,-1,-1,-1,0,0,1,0,0,10,0,0,0,12.19
1,0,0,0,-1,0,1,5,0,0,0,0,3,0,-1,2,2,1,-1,-1,0,3,0,-1,800,0,9223372036800000000,1e+75,0,10,0,0,7,0,0,1,0,0,1,1,0,0,0,0,0,0,2,0,1,-1,-1,-1,-1,0,10,-1,1,1,3,-1,-1,-1,0,0,1,0,0,10,0,0,0,15.54
1,0,0,0,-1,0,1,5,0,0,0,0,3,-1,0,-1,0,2,1,-1,0,3,0,1,25,0,9223372036800000000,0,0,10,0,0,7,1,3,1,0,0,1,1,0,0,0,0,0,4,2,0,1,-1,-1,-1,-1,0,10,-1,1,1,3,-1,-1,-1,0,0,1,0,0,10,0,0,0,16.52
1,0,0,0,-1,0,1,0,0,0,0,0,2,0,0,0,-1,0,0,2,0,3,0,-1,200,0,9223372036800000000,1e+75,0,10,0,0,7,0,0,1,0,0,1,1,0,-1,0,0,0,2,2,0,1,-1,-1,-1,-1,0,10,-1,1,1,3,-1,-1,-1,0,0,1,0,0,10,0,0,0,12.19
1,0,0,0,-1,0,1,3,0,0,0,0,2,0,1,2,1,-1,-1,0,0,3,0,-1,10,0,9223372036800000000,1e+75,0,10,0,0,7,0,1,1,0,0,1,1,0,-1,40,0,0,0,2,0,1,-1,-1,-1,-1,0,10,-1,1,1,3,-1,-1,-1,0,0,1,0,0,10,0,0,0,12.41
1,0,0,0,-1,0,1,0,0,0,0,0,3,-1,-1,-1,2,0,1,-1,1,3,0,16,150,0,9223372036800000000,50,0,10,0,0,2,0,3,1,0,0,1,1,0,0,-1,0,0,0,2,0,1,-1,-1,-1,-1,0,10,-1,1,1,3,-1,-1,-1,0,0,1,0,0,10,0,0,0,18.03
1,0,0,0,-1,0,1,0,0,0,0,0,3,0,0,0,-1,0,0,2,0,3,0,-1,200,0,9223372036800000000,240,0,10,0,0,7,0,3,1,0,0,1,1,0,-1,60,0,0,2,2,0,1,-1,-1,-1,-1,0,10,-1,1,1,3,-1,-1,-1,0,0,1,0,0,10,0,0,0,11.86
1,0,0,0,-1,0,1,5,0,0,0,0,3,-1,0,-1,0,2,1,-1,0,3,0,4,25,0,9223372036800000000,0,0,10,0,0,7,0,3,1,0,0,1,1,0,0,0,0,0,4,2,0,1,-1,-1,-1,-1,0,10,-1,1,1,3,-1,-1,-1,0,0,1,0,0,10,0,0,0,17.98
1,0,0,0,-1,0,1,0,0,0,0,0,3,-1,-1,-1,2,0,1,-1,1,3,0,16,150,0,9223372036800000000,50,0,10,0,0,2,0,3,1,0,0,1,1,0,0,40,0,0,0,2,0,1,-1,-1,-1,-1,0,10,-1,1,1,3,-1,-1,-1,0,0,1,0,0,10,0,0,0,16.6
1,0,0,0,-1,0,1,0,0,0,0,0,3,-1,-1,-1,-1,0,1,-1,1,3,0,16,150,0,9223372036800000000,50,0,10,0,0,2,0,3,1,0,0,1,1,0,0,40,0,0,0,2,0,1,-1,-1,-1,-1,0,10,-1,1,1,3,-1,-1,-1,0,0,1,0,0,10,0,0,0,16.6
1,0,0,0,-1,0,1,1,0,0,0,0,-1,0,-1,1,-1,0,1,0,0,3,0,-1,25,0,9223372036800000000,1e+75,0,10,0,0,7,0,0,1,0,0,1,1,0,0,0,0,0,0,2,0,1,-1,-1,-1,-1,0,10,-1,1,1,3,-1,-1,-1,0,0,1,0,0,10,0,0,0,21.06
1,0,0,0,-1,0,1,0,0,0,0,0,3,-1,0,-1,2,0,1,2,-1,3,0,4,100,0,9223372036800000000,10,0,10,0,0,30,0,2,1,20,0,3,1,3,-1,20,0,0,1,2,0,1,-1,-1,-1,-1,-1,10,-1,1,1,3,-1,-1,-1,0,0,1,0,0,10,0,0,0,22.15
1,0,0,0,-1,0,1,0,0,0,0,0,3,-1,-1,-1,2,0,1,-1,1,3,0,16,150,0,9223372036800000000,60,0,10,0,0,2,0,3,1,0,0,1,1,0,0,40,0,0,0,2,0,1,-1,-1,-1,-1,0,10,-1,1,1,3,-1,-1,-1,0,0,1,0,0,10,0,0,0,16.6
1,0,0,0,-1,0,1,0,0,0,0,0,-1,3,-1,-1,0,-1,0,-1,-1,3,0,16,200,0,9223372036800000000,240,0,10,0,0,7,-1,3,1,500,0,2,1,2,3,100,0,2,3,2,0,1,-1,0,-1,-1,0,10,-1,1,1,3,-1,-1,-1,0,0,1,5,0,10,0,0,0,23.06
1,0,0,0,-1,0,1,5,0,0,0,0,3,-1,-1,-1,1,0,1,-1,1,3,0,16,150,0,9223372036800000000,50,0,10,0,0,2,0,3,1,0,0,1,1,0,0,40,0,0,0,2,0,1,-1,-1,-1,-1,0,10,-1,1,1,3,-1,-1,-1,0,0,1,0,0,10,0,0,0,15.67
1,0,0,0,-1,0,1,2,0,0,0,0,3,2,1,0,-1,-1,1,0,2,3,0,4,50,0,9223372036800000000,240,0,10,0,0,5,-1,2,1,40,0,3,1,-1,2,20,0,0,3,2,0,1,-1,1,-1,-1,-1,10,-1,1,1,3,-1,-1,-1,0,0,1,5,0,10,0,0,0,20
1,0,0,0,-1,0,1,5,0,0,0,0,3,-1,-1,-1,2,0,1,-1,1,3,0,16,150,0,9223372036800000000,1e+75,0,10,0,0,2,0,3,1,0,0,1,1,0,0,40,0,0,0,2,0,1,-1,-1,-1,-1,0,10,-1,1,1,3,-1,-1,-1,0,0,1,0,0,10,0,0,0,15.67
1,0,0,0,-1,0,1,5,0,0,0,0,3,-1,-1,-1,2,0,1,-1,1,3,0,16,150,0,9223372036800000000,2,0,10,0,0,2,0,3,1,0,0,1,1,0,0,40,0,0,0,2,0,1,-1,-1,-1,-1,0,10,-1,1,1,3,-1,-1,-1,0,0,1,0,0,10,0,0,0,15.67
1,0,0,0,-1,0,1,5,0,0,0,0,3,-1,-1,-1,2,0,1,-1,1,3,0,16,150,0,9223372036800000000,50,0,10,0,0,2,0,3,1,0,0,1,1,0,0,500,0,0,0,2,0,1,-1,-1,-1,-1,0,10,-1,1,1,3,-1,-1,-1,0,0,1,0,0,10,0,0,0,16.44
1,0,0,0,-1,0,1,5,0,0,0,0,3,-1,1,-1,2,0,1,-1,1,3,0,16,150,0,9223372036800000000,50,0,10,0,0,2,0,3,1,0,0,1,1,0,0,40,0,0,0,2,0,1,-1,-1,-1,-1,0,10,-1,1,1,3,-1,-1,-1,0,0,1,0,0,10,0,0,0,15.67
1,0,0,0,-1,0,1,5,0,0,0,0,3,-1,-1,-1,2,0,1,-1,1,3,0,-1,150,0,9223372036800000000,50,0,10,0,0,2,0,3,1,0,0,1,1,0,0,40,0,0,0,2,0,1,-1,-1,-1,-1,0,10,-1,1,1,3,-1,-1,-1,0,0,1,0,0,10,0,0,0,15.67
1,0,0,0,-1,0,1,0,0,0,0,0,0,2,0,-1,2,-1,2,2,2,3,0,8,25,0,9223372036800000000,120,0,10,0,0,10,1,2,1,0,0,2,1,0,-1,500,0,0,0,2,0,1,-1,-1,-1,-1,0,10,-1,1,1,3,-1,-1,-1,0,0,1,0,0,10,0,0,0,20.04
1,0,0,0,-1,0,1,5,0,0,0,0,3,-1,-1,-1,2,0,1,-1,1,3,0,16,150,0,9223372036800000000,50,0,10,0,0,2,0,3,1,0,0,1,1,0,0,40,0,0,2,2,0,1,-1,-1,-1,-1,0,10,-1,1,1,3,-1,-1,-1,0,0,1,0,0,10,0,0,0,21.12
1,0,0,0,-1,0,1,0,0,0,0,0,-1,-1,1,2,-1,0,-1,2,1,3,0,-1,50,0,9223372036800000000,1e+75,0,10,0,0,7,0,3,1,0,0,0,1,0,-1,0,0,0,-1,2,0,1,-1,-1,-1,-1,0,10,-1,1,1,3,-1,-1,-1,0,0,1,0,0,10,0,0,0,20.77
1,0,0,0,-1,0,1,3,0,0,0,0,2,0,1,2,1,-1,-1,0,0,3,0,1,10,0,9223372036800000000,1e+75,0,10,0,0,7,0,1,1,0,0,1,0,0,-1,0,0,0,0,2,0,1,-1,-1,-1,-1,0,10,-1,1,1,3,-1,-1,-1,0,0,1,0,0,10,0,0,0,7.38
1,0,0,0,-1,0,1,0,0,0,0,0,3,-1,0,0,-1,0,0,2,0,3,0,-1,200,0,9223372036800000000,1e+75,0,10,0,0,7,0,0,1,0,0,1,1,0,0,0,0,0,2,2,0,1,-1,-1,-1,-1,0,10,-1,1,1,3,-1,-1,-1,0,0,1,0,0,10,0,0,0,15.19
1,0,0,0,-1,0,1,5,0,0,0,0,2,1,0,2,-1,-1,0,1,1,3,0,1,50,0,9223372036800000000,20,0,10,0,0,4,1,2,1,0,0,0,1,0,2,0,0,0,2,2,0,1,-1,-1,-1,-1,0,10,-1,1,1,3,-1,-1,-1,0,0,1,0,0,10,0,0,0,24.65
1,0,0,0,-1,0,1,0,0,0,0,0,3,2,-1,2,0,2,1,2,0,3,0,16,100,0,9223372036800000000,2,0,10,0,0,5,0,2,1,40,0,2,1,1,1,0,0,2,4,2,0,1,-1,-1,-1,-1,1,10,-1,1,1,3,-1,-1,-1,0,0,1,1,0,10,0,0,0,17.39
1,0,0,0,-1,0,1,0,0,0,0,0,2,0,0,0,0,1,0,0,1,3,0,16,400,0,9223372036800000000,5,0,10,0,0,7,0,3,1,20,0,3,1,2,-1,60,0,0,4,2,0,1,-1,-1,-1,-1,-1,10,-1,1,1,3,-1,-1,-1,0,0,1,0,0,10,0,0,0,18.68
1,0,0,0,-1,0,1,5,0,0,0,0,2,1,0,2,-1,-1,0,1,1,3,0,1,50,0,9223372036800000000,20,0,10,0,0,4,1,0,1,0,0,0,1,0,2,0,0,0,2,2,0,1,-1,-1,-1,-1,0,10,-1,1,1,3,-1,-1,-1,0,0,1,0,0,10,0,0,0,24.65
1,0,0,0,-1,0,1,5,0,0,0,0,-1,0,-1,-1,2,1,-1,-1,0,3,0,-1,800,0,9223372036800000000,1e+75,0,10,0,0,7,0,0,1,0,0,1,1,0,0,0,0,0,0,2,0,1,-1,-1,-1,-1,0,10,-1,1,1,3,-1,-1,-1,0,0,1,0,0,10,0,0,0,13
1,0,0,0,-1,0,1,5,0,0,0,0,2,1,0,2,-1,-1,0,1,1,3,0,1,50,0,9223372036800000000,120,0,10,0,0,4,1,2,1,0,0,0,1,0,2,0,0,0,2,2,0,1,-1,-1,-1,-1,0,10,-1,1,1,3,-1,-1,-1,0,0,1,0,0,10,0,0,0,24.65
1,0,0,0,-1,0,1,5,0,0,0,0,2,1,0,2,-1,0,0,1,1,3,0,1,50,0,9223372036800000000,20,0,10,0,0,4,1,2,1,0,0,0,1,0,2,0,0,0,2,2,0,1,-1,-1,-1,-1,0,10,-1,1,1,3,-1,-1,-1,0,0,1,0,0,10,0,0,0,24.65
1,0,0,0,-1,0,1,0,0,0,0,0,0,2,-1,1,2,1,0,1,0,3,0,4,150,0,9223372036800000000,120,0,10,0,0,0,-1,2,1,20,0,1,1,-1,2,500,0,4,-1,2,0,1,-1,-1,-1,-1,0,10,-1,1,1,3,-1,-1,-1,0,0,1,3,0,10,0,0,0,22.12
1,0,0,0,-1,0,1,5,0,0,0,0,3,-1,0,-1,0,2,1,-1,0,3,0,1,25,0,9223372036800000000,0,0,10,0,0,7,0,2,1,0,0,1,1,0,0,0,0,0,4,2,0,1,-1,-1,-1,-1,0,10,-1,1,1,3,-1,-1,-1,0,0,1,0,0,10,0,0,0,17.53
1,0,0,0,-1,0,1,0,0,0,0,0,0,0,0,2,2,-1,-1,0,1,3,0,-1,200,0,9223372036800000000,1e+75,0,10,0,0,7,0,0,1,0,0,1,1,0,0,0,0,0,0,2,0,1,-1,-1,-1,-1,0,10,-1,1,1,3,-1,-1,-1,0,0,1,0,0,10,0,0,0,16.49
1,0,0,0,-1,0,1,0,0,0,0,0,3,-1,0,-1,2,0,-1,2,-1,3,0,4,100,0,9223372036800000000,10,0,10,0,0,30,0,0,1,0,0,3,1,3,-1,20,0,0,1,2,0,1,-1,-1,-1,-1,-1,10,-1,1,1,3,-1,-1,-1,0,0,1,0,0,10,0,0,0,20.31
1,0,0,0,-1,0,1,5,0,0,0,0,2,-1,1,0,1,0,-1,-1,0,3,0,16,100,0,9223372036800000000,40,0,10,0,0,7,0,3,1,-1,0,1,1,1,-1,500,0,0,3,2,0,1,-1,-1,-1,-1,1,10,-1,1,1,3,-1,-1,-1,0,0,1,3,0,10,0,0,0,13.73
1,0,0,0,-1,0,1,5,0,0,0,0,2,1,0,2,-1,-1,0,1,1,3,0,1,50,0,9223372036800000000,20,0,10,0,0,4,1,2,1,0,0,0,1,0,2,0,0,0,1,2,0,1,-1,-1,-1,-1,0,10,-1,1,1,3,-1,-1,-1,0,0,1,0,0,10,0,0,0,27.29
1,0,0,0,-1,0,1,0,0,0,0,0,-1,-1,-1,0,-1,-1,1,1,0,3,0,4,50,0,9223372036800000000,50,0,10,0,0,0,1,3,1,500,0,3,1,0,2,200,0,1,3,2,0,1,-1,-1,-1,-1,-1,10,-1,1,1,3,-1,-1,-1,0,0,1,0,0,10,0,0,0,24.43
1,0,0,0,-1,0,1,5,0,0,0,0,0,0,-1,2,0,0,-1,0,2,3,0,-1,25,0,9223372036800000000,1e+75,0,10,0,0,7,0,0,1,0,0,1,1,0,0,0,0,0,0,2,0,1,-1,-1,-1,-1,0,10,-1,1,1,3,-1,-1,-1,0,0,1,0,0,10,0,0,0,16.07
1,0,0,0,-1,0,1,5,0,0,0,0,2,1,0,2,-1,-1,0,1,1,3,0,8,50,0,9223372036800000000,20,0,10,0,0,4,1,2,1,0,0,0,1,0,2,0,0,0,2,2,0,1,-1,-1,-1,-1,0,10,-1,1,1,3,-1,-1,-1,0,0,1,0,0,10,0,0,0,22.34
1,0,0,0,-1,0,1,5,0,0,0,0,0,0,-1,2,0,0,-1,-1,2,3,0,-1,10,0,9223372036800000000,1e+75,0,10,0,0,7,0,0,1,0,0,1,1,0,0,0,0,0,0,2,0,1,-1,-1,-1,-1,0,10,-1,1,1,3,-1,-1,-1,0,0,1,0,0,10,0,0,0,17.08
1,0,0,0,-1,0,1,5,0,0,0,0,2,1,0,2,-1,-1,0,1,1,3,0,1,50,0,9223372036800000000,20,0,10,0,0,4,1,2,1,0,0,1,1,0,2,0,0,0,2,2,0,1,-1,-1,-1,-1,0,10,-1,1,1,3,-1,-1,-1,0,0,1,0,0,10,0,0,0,14.41
1,0,0,0,-1,0,1,4,0,0,0,0,3,-1,-1,2,-1,-1,-1,-1,-1,3,0,-1,100,0,9223372036800000000,0,0,10,0,0,10,1,1,1,20,0,1,1,0,2,40,0,0,2,2,0,1,-1,-1,-1,-1,-1,10,-1,1,1,3,-1,-1,-1,0,0,1,0,0,10,0,0,0,10.09
1,0,0,0,-1,0,1,5,0,0,0,0,2,1,0,2,-1,-1,0,1,1,3,0,1,50,0,9223372036800000000,20,0,10,0,0,4,1,3,1,0,0,1,1,0,2,0,0,0,2,2,0,1,-1,-1,-1,-1,0,10,-1,1,1,3,-1,-1,-1,0,0,1,0,0,10,0,0,0,14.41
1,0,0,0,-1,0,1,5,0,0,0,0,3,0,-1,-1,2,1,-1,-1,0,3,0,-1,25,0,9223372036800000000,1e+75,0,10,0,0,7,0,0,1,0,0,1,1,0,0,0,0,0,0,2,0,1,-1,-1,-1,-1,0,10,-1,1,1,3,-1,-1,-1,0,0,1,0,0,10,0,0,0,14.14
1,0,0,0,-1,0,1,5,0,0,0,0,2,1,0,2,-1,-1,0,1,1,3,0,1,50,0,9223372036800000000,20,0,10,0,0,4,1,2,1,0,0,1,1,0,2,0,0,0,4,2,0,1,-1,-1,-1,-1,0,10,-1,1,1,3,-1,-1,-1,0,0,1,0,0,10,0,0,0,14.64
1,0,0,0,-1,0,1,4,0,0,0,0,1,2,-1,-1,2,-1,-1,0,1,3,0,-1,100,0,9223372036800000000,1e+75,0,10,0,0,7,0,2,1,0,0,2,1,0,1,0,0,0,0,2,0,1,-1,-1,-1,-1,0,10,-1,1,1,3,-1,-1,-1,0,0,1,0,0,10,0,0,0,20.8
1,0,0,0,-1,0,1,0,0,0,0,0,2,0,0,0,0,1,0,0,1,3,0,4,400,0,9223372036800000000,5,0,10,0,0,7,0,3,1,20,0,3,1,2,-1,-1,0,0,4,2,0,1,-1,-1,-1,-1,-1,10,-1,1,1,3,-1,-1,-1,0,0,1,0,0,10,0,0,0,21.3
1,0,0,0,-1,0,1,5,0,0,0,0,2,-1,0,2,-1,-1,0,1,1,3,0,1,50,0,9223372036800000000,20,0,10,0,0,4,1,2,1,0,0,1,1,0,2,0,0,0,2,2,0,1,-1,-1,-1,-1,0,10,-1,1,1,3,-1,-1,-1,0,0,1,0,0,10,0,0,0,14.41
1,0,0,0,-1,0,1,5,0,0,0,0,2,1,0,2,-1,-1,0,1,1,3,0,1,50,0,9223372036800000000,20,0,10,0,0,4,0,2,1,0,0,1,1,0,2,0,0,0,2,2,0,1,-1,-1,-1,-1,0,10,-1,1,1,3,-1,-1,-1,0,0,1,0,0,10,0,0,0,15.88
1,0,0,0,-1,0,1,2,0,0,0,0,0,1,0,1,1,2,2,0,0,3,0,2,400,0,9223372036800000000,10,0,10,0,0,30,0,3,1,500,0,0,1,3,2,-1,0,0,3,2,0,1,-1,-1,-1,-1,1,10,-1,1,1,3,-1,-1,-1,0,0,1,0,0,10,0,0,0,19.09
1,0,0,0,-1,0,1,5,0,0,0,0,2,1,0,2,-1,-1,0,1,1,3,0,1,50,0,9223372036800000000,40,0,10,0,0,4,1,2,1,0,0,1,1,0,2,0,0,0,2,2,0,1,-1,-1,-1,-1,0,10,-1,1,1,3,-1,-1,-1,0,0,1,0,0,10,0,0,0,14.41
1,0,0,0,-1,0,1,0,0,0,0,0,0,-1,0,1,-1,1,0,1,1,3,0,1,100,0,9223372036800000000,240,0,10,0,0,2,1,2,1,500,0,1,1,1,-1,60,0,0,2,2,0,1,-1,-1,-1,-1,1,10,-1,1,1,3,-1,-1,-1,0,0,1,0,0,10,0,0,0,7.96
1,0,0,0,-1,0,1,0,0,0,0,0,3,-1,0,-1,2,0,1,2,-1,3,0,4,100,0,9223372036800000000,10,0,10,0,0,30,0,1,1,0,0,1,1,3,-1,40,0,0,1,2,0,1,-1,-1,-1,-1,-1,10,-1,1,1,3,-1,-1,-1,0,0,1,0,0,10,0,0,0,18.65
1,0,0,0,-1,0,1,5,0,0,0,0,2,1,0,2,-1,1,0,1,1,3,0,1,50,0,9223372036800000000,20,0,10,0,0,4,1,2,1,0,0,1,1,0,2,0,0,0,2,2,0,1,-1,-1,-1,-1,0,10,-1,1,1,3,-1,-1,-1,0,0,1,0,0,10,0,0,0,14.41
1,0,0,0,-1,0,1,0,0,0,0,0,2,0,1,-1,2,-1,1,0,-1,3,0,-1,50,0,9223372036800000000,1e+75,0,10,0,0,7,0,0,1,0,0,1,1,0,0,0,0,0,0,2,0,1,-1,-1,-1,-1,0,10,-1,1,1,3,-1,-1,-1,0,0,1,0,0,10,0,0,0,16.91
1,0,0,0,-1,0,1,1,0,0,0,0,0,0,-1,2,1,2,0,1,0,3,0,-1,100,0,9223372036800000000,1e+75,0,10,0,0,7,0,0,1,0,0,1,1,0,0,0,0,0,0,2,0,1,-1,-1,-1,-1,0,10,-1,1,1,3,-1,-1,-1,0,0,1,0,0,10,0,0,0,21.61
1,0,0,0,-1,0,1,5,0,0,0,0,2,1,0,2,-1,-1,0,1,1,3,0,1,50,0,9223372036800000000,20,0,10,0,0,4,1,2,1,0,0,1,1,0,0,0,0,0,2,2,0,1,-1,-1,-1,-1,0,10,-1,1,1,3,-1,-1,-1,0,0,1,0,0,10,0,0,0,14.41
1,0,0,0,-1,0,1,0,0,0,0,0,-1,3,-1,-1,0,1,0,-1,-1,3,0,16,200,0,9223372036800000000,240,0,10,0,0,7,-1,3,1,500,0,2,1,2,3,100,0,2,3,2,0,1,-1,0,-1,-1,0,10,-1,1,1,3,-1,-1,-1,0,0,1,5,0,10,0,0,0,24.59
1,0,0,0,-1,0,1,4,0,0,0,0,3,2,1,-1,2,2,1,1,2,3,0,8,10,0,9223372036800000000,2,0,10,0,0,7,-1,3,1,0,0,2,1,0,-1,200,0,0,0,2,0,1,-1,-1,-1,-1,0,10,-1,1,1,3,-1,-1,-1,0,0,1,0,0,10,0,0,0,18.13
1,0,0,0,-1,0,1,0,0,0,0,0,2,0,0,0,0,1,0,0,1,3,0,4,200,0,9223372036800000000,5,0,10,0,0,7,0,3,1,20,0,3,1,2,-1,60,0,0,4,2,0,1,-1,-1,-1,-1,-1,10,-1,1,1,3,-1,-1,-1,0,0,1,0,0,10,0,0,0,18.68
1,0,0,0,-1,0,1,4,0,0,0,0,3,2,1,-1,2,2,1,1,2,3,0,8,25,0,9223372036800000000,2,0,10,0,0,7,-1,3,1,0,0,2,1,0,-1,200,0,0,0,2,0,1,-1,-1,-1,-1,0,10,-1,1,1,3,-1,-1,-1,0,0,1,0,0,10,0,0,0,20.56
1,0,0,0,-1,0,1,4,0,0,0,0,3,-1,0,2,-1,-1,-1,-1,-1,3,0,-1,100,0,9223372036800000000,0,0,10,0,0,10,1,1,1,40,0,1,1,1,2,-1,5,0,2,2,0,1,-1,-1,-1,-1,-1,10,-1,1,1,3,-1,-1,-1,0,0,1,0,0,10,0,0,0,8.43
1,0,0,0,-1,0,1,4,0,0,0,0,3,2,1,-1,2,0,1,1,2,3,0,8,10,0,9223372036800000000,2,0,10,0,0,7,-1,3,1,0,0,2,1,0,-1,200,0,0,0,2,0,1,-1,-1,-1,-1,0,10,-1,1,1,3,-1,-1,-1,0,0,1,0,0,10,0,0,0,17.68
1,0,0,0,-1,0,1,4,0,0,0,0,3,2,1,-1,2,2,1,1,-1,3,0,8,10,0,9223372036800000000,2,0,10,0,0,7,-1,3,1,0,0,2,1,0,-1,200,0,0,0,2,0,1,-1,-1,-1,-1,0,10,-1,1,1,3,-1,-1,-1,0,0,1,0,0,10,0,0,0,18.13
1,0,0,0,-1,0,1,0,0,0,0,0,3,-1,0,-1,2,0,1,2,-1,3,0,4,10,0,9223372036800000000,10,0,10,0,0,30,0,2,1,0,0,1,1,3,-1,20,0,0,1,2,0,1,-1,-1,-1,-1,-1,10,-1,1,1,3,-1,-1,-1,0,0,1,0,0,10,0,0,0,21.4
1,0,0,0,-1,0,1,0,0,0,0,0,3,-1,0,-1,1,0,1,2,-1,3,0,4,100,0,9223372036800000000,10,0,10,0,0,30,0,2,1,0,0,1,1,3,-1,40,0,0,1,2,0,1,-1,-1,-1,-1,-1,10,-1,1,1,3,-1,-1,-1,0,0,1,0,0,10,0,0,0,17.32
1,0,0,0,-1,0,1,4,0,0,0,0,-1,0,1,0,2,1,2,0,-1,3,0,-1,50,0,9223372036800000000,1e+75,0,10,0,0,7,0,0,1,0,0,1,1,0,1,0,0,0,0,2,0,1,-1,-1,-1,-1,0,10,-1,1,1,3,-1,-1,-1,0,0,1,0,0,10,0,0,0,17.59
1,0,0,0,-1,0,1,4,0,0,0,0,3,2,1,-1,2,0,1,2,2,3,0,8,10,0,9223372036800000000,2,0,10,0,0,7,-1,3,1,0,0,2,1,0,-1,200,0,0,0,2,0,1,-1,-1,-1,-1,0,10,-1,1,1,3,-1,-1,-1,0,0,1,0,0,10,0,0,0,17.2
1,0,0,0,-1,0,1,0,0,0,0,0,3,0,0,0,-1,0,0,2,0,3,0,-1,200,0,9223372036800000000,1e+75,0,10,0,0,7,0,1,1,0,0,1,1,0,-1,1000,0,0,2,2,0,1,-1,-1,-1,-1,0,10,-1,1,1,3,-1,-1,-1,0,0,1,0,0,10,0,0,0,12.19
1,0,0,0,-1,0,1,4,0,0,0,0,3,2,1,-1,2,0,1,2,2,3,0,8,10,0,9223372036800000000,2,0,10,0,0,7,-1,3,1,0,0,2,1,0,2,200,0,0,0,2,0,1,-1,-1,-1,-1,0,10,-1,1,1,3,-1,-1,-1,0,0,1,0,0,10,0,0,0,19.51
1,0,0,0,-1,0,1,5,0,0,0,0,3,-1,-1,-1,2,0,1,-1,1,3,0,16,150,0,9223372036800000000,1,0,10,0,0,2,0,3,1,0,0,1,1,0,0,40,0,0,0,2,0,1,-1,-1,-1,-1,0,10,-1,1,1,3,-1,-1,-1,0,0,1,0,0,10,0,0,0,15.67
1,0,0,0,-1,0,1,4,0,0,0,0,3,2,1,-1,2,0,1,2,2,3,0,8,10,0,9223372036800000000,0,0,10,0,0,7,-1,3,1,0,0,2,1,0,-1,200,0,0,0,2,0,1,-1,-1,-1,-1,0,10,-1,1,1,3,-1,-1,-1,0,0,1,0,0,10,0,0,0,17.2
1,0,0,0,-1,0,1,4,0,0,0,0,3,3,1,-1,2,0,1,2,2,3,0,8,10,0,9223372036800000000,2,0,10,0,0,7,-1,3,1,0,0,2,1,0,-1,200,0,0,0,2,0,1,-1,-1,-1,-1,0,10,-1,1,1,3,-1,-1,-1,0,0,1,0,0,10,0,0,0,17.2
1,0,0,0,-1,0,1,4,0,0,0,0,3,2,1,-1,2,0,1,2,2,3,0,8,10,0,9223372036800000000,2,0,10,0,0,7,-1,3,1,0,0,2,1,0,-1,0,0,0,0,2,0,1,-1,-1,-1,-1,0,10,-1,1,1,3,-1,-1,-1,0,0,1,0,0,10,0,0,0,17.16
1,0,0,0,-1,0,1,2,0,0,0,0,3,0,1,-1,2,-1,1,2,-1,3,0,-1,50,0,9223372036800000000,1e+75,0,10,0,0,7,0,0,1,0,0,1,1,0,0,0,0,0,0,2,0,1,-1,-1,-1,-1,0,10,-1,1,1,3,-1,-1,-1,0,0,1,0,0,10,0,0,0,13.49
1,0,0,0,-1,0,1,4,0,0,0,0,3,2,1,-1,1,0,1,2,2,3,0,8,10,0,9223372036800000000,2,0,10,0,0,7,-1,3,1,0,0,2,1,0,-1,200,0,0,0,2,0,1,-1,-1,-1,-1,0,10,-1,1,1,3,-1,-1,-1,0,0,1,0,0,10,0,0,0,17.2
1,0,0,0,-1,0,1,2,0,0,0,0,1,1,1,1,0,0,0,0,2,3,0,-1,25,0,9223372036800000000,1e+75,0,10,0,0,7,0,3,1,0,0,2,1,0,-1,0,0,0,4,2,0,1,-1,-1,-1,-1,0,10,-1,1,1,3,-1,-1,-1,0,0,1,0,0,10,0,0,0,19.61
1,0,0,0,-1,0,1,4,0,0,0,0,0,2,1,-1,2,0,1,2,2,3,0,8,10,0,9223372036800000000,2,0,10,0,0,7,-1,3,1,0,0,2,1,0,-1,0,0,0,0,2,0,1,-1,-1,-1,-1,0,10,-1,1,1,3,-1,-1,-1,0,0,1,0,0,10,0,0,0,17.16
1,0,0,0,-1,0,1,0,0,0,0,0,-1,1,0,1,-1,1,0,-1,1,3,0,8,800,0,9223372036800000000,60,0,10,0,0,15,0,0,1,100,0,1,1,1,-1,100,0,1,1,2,0,1,-1,0,-1,-1,0,10,-1,1,1,3,-1,-1,-1,0,0,1,2,0,10,0,0,0,15.92
1,0,0,0,-1,0,1,4,0,0,0,0,3,2,1,-1,2,0,1,2,2,3,0,8,10,0,9223372036800000000,2,0,10,0,0,7,-1,3,1,0,0,2,1,0,-1,0,0,0,2,2,0,1,-1,-1,-1,-1,0,10,-1,1,1,3,-1,-1,-1,0,0,1,0,0,10,0,0,0,18.18
1,0,0,0,-1,0,1,0,0,0,0,0,1,0,0,0,0,0,2,1,-1,3,0,-1,25,0,9223372036800000000,1e+75,0,10,0,0,7,0,0,1,0,0,1,1,0,0,0,0,0,0,2,0,1,-1,-1,-1,-1,0,10,-1,1,1,3,-1,-1,-1,0,0,1,0,0,10,0,0,0,13.54
1,0,0,0,-1,0,1,5,0,0,0,0,3,2,1,-1,2,0,1,2,2,3,0,8,10,0,9223372036800000000,2,0,10,0,0,7,-1,3,1,0,0,2,1,0,-1,0,0,0,0,2,0,1,-1,-1,-1,-1,0,10,-1,1,1,3,-1,-1,-1,0,0,1,0,0,10,0,0,0,20.88
1,0,0,0,-1,0,1,3,0,0,0,0,2,0,1,2,1,-1,-1,0,0,3,0,1,10,0,9223372036800000000,1e+75,0,10,0,0,7,0,1,1,0,0,1,1,-1,-1,0,0,0,0,2,0,1,-1,-1,-1,-1,0,10,-1,1,1,3,-1,-1,-1,0,0,1,0,0,10,0,0,0,9.93
1,0,0,0,-1,0,1,3,0,0,0,0,2,0,1,2,1,-1,-1,0,0,3,0,1,10,0,9223372036800000000,1e+75,0,10,0,0,7,0,1,1,0,0,1,1,2,-1,0,0,0,0,2,0,1,-1,-1,-1,-1,0,10,-1,1,1,3,-1,-1,-1,0,0,1,0,0,10,0,0,0,11.4
1,0,0,0,-1,0,1,3,0,0,0,0,2,0,1,2,1,-1,-1,0,0,3,0,1,10,0,9223372036800000000,1e+75,0,10,0,0,7,0,1,1,0,0,1,1,0,-1,0,0,0,0,2,0,1,-1,-1,-1,-1,0,10,-1,0,1,3,-1,-1,-1,0,0,1,0,0,10,0,0,0,8.65
1,0,0,0,-1,0,1,3,0,0,0,0,2,0,1,2,1,-1,-1,0,0,3,0,1,10,0,9223372036800000000,1e+75,0,10,0,0,7,0,1,1,0,0,1,1,0,-1,0,0,0,0,2,0,1,-1,-1,-1,-1,0,10,-1,1,1,3,-1,-1,0,0,0,1,0,0,10,0,0,0,7.38
1,0,0,0,-1,0,1,3,0,0,0,0,2,0,1,2,1,-1,-1,0,0,3,0,1,10,0,9223372036800000000,1e+75,0,10,0,0,7,0,1,1,0,0,1,1,0,-1,0,0,0,0,2,0,1,-1,-1,-1,-1,0,10,-1,1,1,3,-1,-1,1,0,0,1,0,0,10,0,0,0,7.38
1,0,0,0,-1,0,1,3,0,0,0,0,2,0,1,2,1,-1,-1,0,0,3,0,1,10,0,9223372036800000000,1e+75,0,10,0,0,7,0,1,1,0,0,1,1,0,-1,0,0,0,0,2,0,1,-1,-1,-1,-1,0,10,-1,1,1,3,-1,-1,3,0,0,1,0,0,10,0,0,0,7.38
1,0,0,0,-1,0,1,3,0,0,0,0,2,0,1,2,1,-1,-1,0,0,3,0,1,10,0,9223372036800000000,1e+75,0,10,0,0,7,0,1,1,0,0,1,1,0,-1,0,0,0,0,2,0,1,-1,-1,-1,-1,0,10,-1,1,1,3,-1,-1,5,0,0,1,0,0,10,0,0,0,7.38
1,0,0,0,-1,0,1,0,0,0,0,0,0,1,1,2,0,1,1,2,1,3,0,2,25,0,9223372036800000000,50,0,10,0,0,2,1,2,1,20,0,1,1,0,0,0,0,0,3,2,0,1,-1,-1,-1,-1,0,10,-1,1,1,3,-1,-1,-1,0,0,1,0,0,10,0,0,0,14.67
1,0,0,0,-1,0,1,0,0,0,0,0,3,0,0,0,-1,0,0,2,0,3,0,-1,200,0,9223372036800000000,1e+75,0,10,0,0,7,0,3,1,0,0,1,1,3,-1,60,0,0,2,2,0,1,-1,-1,-1,-1,0,10,-1,1,1,3,-1,-1,-1,0,0,1,0,0,10,0,0,0,17.16
1,0,0,0,-1,0,1,0,0,0,0,0,0,-1,0,1,-1,1,0,1,1,3,0,1,100,0,9223372036800000000,20,0,10,0,0,2,1,2,1,500,0,1,1,1,-1,-1,0,0,2,2,0,1,-1,-1,-1,-1,0,10,-1,1,1,3,-1,-1,-1,0,0,1,0,0,10,0,0,0,6.64
1,0,0,0,-1,0,1,0,0,0,0,0,3,0,0,0,-1,0,0,2,0,3,0,4,200,0,9223372036800000000,1e+75,0,10,0,0,7,0,3,1,0,0,1,1,0,-1,60,0,0,2,2,0,1,-1,-1,-1,-1,0,10,-1,1,1,3,-1,-1,-1,0,0,1,0,0,10,0,0,0,11.86
1,0,0,0,-1,0,1,2,0,0,0,0,0,0,1,0,0,0,-1,2,2,3,0,-1,25,0,9223372036800000000,1e+75,0,10,0,0,7,0,0,1,0,0,1,1,0,0,0,0,0,0,2,0,1,-1,-1,-1,-1,0,10,-1,1,1,3,-1,-1,-1,0,0,1,0,0,10,0,0,0,11.45
1,0,0,0,-1,0,1,3,0,0,0,0,2,0,1,2,1,-1,-1,0,0,3,0,1,10,0,9223372036800000000,1e+75,0,10,0,0,7,0,1,1,20,0,1,1,0,-1,0,0,0,0,2,0,1,-1,-1,-1,-1,0,10,-1,1,1,3,-1,-1,-1,0,0,1,0,0,10,0,0,0,9.36
1,0,0,0,-1,0,1,5,0,0,0,0,-1,1,1,1,-1,1,0,0,0,3,0,-1,10,0,9223372036800000000,30,0,10,0,0,30,-1,3,1,1000,0,3,1,0,2,60,0,0,0,2,0,1,-1,-1,-1,-1,0,10,-1,1,1,3,-1,-1,-1,0,0,1,0,0,10,0,0,0,20.57
1,0,0,0,-1,0,1,0,0,0,0,0,3,0,0,0,-1,0,0,2,2,3,0,-1,200,0,9223372036800000000,1e+75,0,10,0,0,7,0,3,1,0,0,1,1,0,-1,60,0,0,2,2,0,1,-1,-1,-1,-1,0,10,-1,1,1,3,-1,-1,-1,0,0,1,0,0,10,0,0,0,11.86
1,0,0,0,-1,0,1,5,0,0,0,0,2,1,0,0,-1,-1,0,1,1,3,0,1,50,0,9223372036800000000,20,0,10,0,0,4,1,2,1,0,0,1,1,0,2,0,0,0,0,2,0,1,-1,-1,-1,-1,0,10,-1,1,1,3,-1,-1,-1,0,0,1,0,0,10,0,0,0,12.63
1,0,0,0,-1,0,1,0,0,0,0,0,3,0,0,0,-1,0,0,2,0,3,0,-1,200,0,9223372036800000000,1e+75,0,10,0,0,7,0,3,1,40,0,1,1,0,-1,60,0,0,2,2,0,1,-1,-1,-1,-1,0,10,-1,1,1,3,-1,-1,-1,0,0,1,0,0,10,0,0,0,14.9
1,0,0,0,-1,0,1,0,0,0,0,0,2,0,0,0,0,1,0,0,1,3,0,4,400,0,9223372036800000000,5,0,10,0,0,7,0,3,1,500,0,3,1,2,-1,60,0,0,4,2,0,1,-1,-1,-1,-1,-1,10,-1,1,1,3,-1,-1,-1,0,0,1,0,0,10,0,0,0,20.06
1,0,0,0,-1,0,1,0,0,0,0,0,1,0,-1,1,0,0,0,2,-1,3,0,-1,150,0,9223372036800000000,1e+75,0,10,0,0,7,0,0,1,0,0,1,1,0,0,0,0,0,0,2,0,1,-1,-1,-1,-1,0,10,-1,1,1,3,-1,-1,-1,0,0,1,0,0,10,0,0,0,14.81
1,0,0,0,-1,0,1,0,0,0,0,0,2,0,0,0,-1,0,0,2,0,3,0,-1,200,0,9223372036800000000,1e+75,0,10,0,0,7,0,3,1,0,0,1,1,0,-1,60,0,0,2,2,0,1,-1,-1,-1,-1,0,10,-1,1,1,3,-1,-1,-1,0,0,1,0,0,10,0,0,0,11.86
1,0,0,0,-1,0,1,0,0,0,0,0,3,0,0,0,-1,0,2,2,0,3,0,-1,200,0,9223372036800000000,1e+75,0,10,0,0,7,0,3,1,0,0,1,1,0,-1,60,0,0,2,2,0,1,-1,-1,-1,-1,0,10,-1,1,1,3,-1,-1,-1,0,0,1,0,0,10,0,0,0,12.13
1,0,0,0,-1,0,1,0,0,0,0,0,3,0,0,0,-1,0,0,1,0,3,0,-1,200,0,9223372036800000000,1e+75,0,10,0,0,7,0,3,1,0,0,1,1,0,-1,60,0,0,2,2,0,1,-1,-1,-1,-1,0,10,-1,1,1,3,-1,-1,-1,0,0,1,0,0,10,0,0,0,14.65
1,0,0,0,-1,0,1,4,0,0,0,0,3,2,0,-1,0,1,1,2,2,3,0,16,400,0,9223372036800000000,1,0,10,0,0,3,0,0,1,500,0,0,1,3,-1,100,0,0,2,2,0,1,-1,-1,-1,-1,-1,10,-1,1,1,3,-1,-1,-1,0,0,1,0,0,10,0,0,0,18.61
1,0,0,0,-1,0,1,0,0,0,0,0,3,0,0,0,-1,0,0,2,0,3,0,-1,200,0,9223372036800000000,1e+75,0,10,0,0,7,0,3,1,0,0,1,1,0,-1,60,0,0,-1,2,0,1,-1,-1,-1,-1,0,10,-1,1,1,3,-1,-1,-1,0,0,1,0,0,10,0,0,0,17.54
1,0,0,0,-1,0,1,0,0,0,0,0,3,0,0,0,-1,0,0,2,0,3,0,-1,200,0,9223372036800000000,1e+75,0,10,0,0,7,0,3,1,0,0,1,1,0,-1,1000,0,0,2,2,0,1,-1,-1,-1,-1,0,10,-1,1,1,3,-1,-1,-1,0,0,1,0,0,10,0,0,0,11.8
1,0,0,0,-1,0,1,0,0,0,0,0,3,0,0,0,-1,0,0,2,0,3,0,16,200,0,9223372036800000000,1e+75,0,10,0,0,7,0,3,1,0,0,1,1,0,-1,1000,0,0,2,2,0,1,-1,-1,-1,-1,0,10,-1,1,1,3,-1,-1,-1,0,0,1,0,0,10,0,0,0,11.8
1,0,0,0,-1,0,1,1,0,0,0,0,1,-1,1,-1,0,-1,2,-1,1,3,0,16,400,0,9223372036800000000,1,0,10,0,0,3,0,2,1,40,0,1,1,-1,-1,20,0,0,2,2,0,1,-1,-1,-1,-1,-1,10,-1,1,1,3,-1,-1,-1,0,0,1,0,0,10,0,0,0,20.45
1,0,0,0,-1,0,1,0,0,0,0,0,0,-1,-1,2,1,2,0,2,-1,3,0,8,150,0,9223372036800000000,1e+75,0,10,0,0,30,-1,2,1,40,0,0,1,0,-1,-1,0,0,-1,2,0,1,-1,-1,-1,-1,1,10,-1,1,1,3,-1,-1,-1,0,0,1,0,0,10,0,0,0,20.51
1,0,0,0,-1,0,1,0,0,0,0,0,3,-1,0,-1,2,0,1,2,-1,3,0,4,100,0,9223372036800000000,10,0,10,0,0,30,0,0,1,0,0,3,1,3,-1,20,0,0,1,2,0,1,-1,-1,-1,-1,-1,10,-1,1,1,3,-1,-1,-1,0,0,1,0,0,10,0,0,0,20.32
1,0,0,0,-1,0,1,0,0,0,0,0,3,-1,0,-1,2,0,1,2,-1,3,0,4,400,0,9223372036800000000,10,0,10,0,0,30,0,0,1,0,0,3,1,3,-1,20,0,0,1,2,0,1,-1,-1,-1,-1,-1,10,-1,1,1,3,-1,-1,-1,0,0,1,0,0,10,0,0,0,20.32
1,0,0,0,-1,0,1,5,0,0,0,0,3,0,1,1,0,1,-1,-1,1,3,0,-1,25,0,9223372036800000000,1e+75,0,10,0,0,7,0,0,1,0,0,1,1,0,0,0,0,0,0,2,0,1,-1,-1,-1,-1,0,10,-1,1,1,3,-1,-1,-1,0,0,1,0,0,10,0,0,0,14.97
1,0,0,0,-1,0,1,0,0,0,0,0,3,-1,0,-1,2,0,1,2,-1,3,0,4,100,0,9223372036800000000,10,0,10,0,0,30,0,2,1,0,0,3,1,3,-1,20,0,0,1,2,0,1,-1,-1,-1,-1,-1,10,-1,1,1,3,-1,-1,-1,0,0,1,0,0,10,0,0,0,20.04
1,0,0,0,-1,0,1,0,0,0,0,0,3,-1,0,-1,2,0,1,2,-1,3,0,4,100,0,9223372036800000000,10,0,10,0,0,30,0,2,1,0,0,1,1,3,-1,20,0,0,1,2,0,1,-1,-1,-1,-1,-1,10,-1,1,1,3,-1,-1,-1,0,0,1,0,0,10,0,0,0,19.51
1,0,0,0,-1,0,1,0,0,0,0,0,2,0,1,-1,1,-1,0,-1,-1,3,0,-1,100,0,9223372036800000000,1e+75,0,10,0,0,7,0,0,1,0,0,1,1,0,2,0,0,0,0,2,0,1,-1,-1,-1,-1,0,10,-1,1,1,3,-1,-1,-1,0,0,1,0,0,10,0,0,0,15.88
1,0,0,0,-1,0,1,0,0,0,0,0,3,-1,0,-1,2,0,1,2,-1,3,0,4,100,0,9223372036800000000,240,0,10,0,0,30,0,2,1,0,0,1,1,3,-1,20,0,0,1,2,0,1,-1,-1,-1,-1,-1,10,-1,1,1,3,-1,-1,-1,0,0,1,0,0,10,0,0,0,19.51
1,0,0,0,-1,0,1,0,0,0,0,0,2,0,0,0,0,1,0,0,1,3,0,4,400,0,9223372036800000000,5,0,10,0,0,7,0,3,1,20,0,3,1,2,-1,60,0,0,2,2,0,1,-1,-1,-1,-1,-1,10,-1,1,1,3,-1,-1,-1,0,0,1,0,0,10,0,0,0,22.04
1,0,0,0,-1,0,1,0,0,0,0,0,3,1,-1,1,2,0,0,0,-1,3,0,2,100,0,9223372036800000000,60,0,10,0,0,30,0,2,1,0,0,0,1,0,2,1000,0,0,2,2,0,1,-1,-1,-1,-1,0,10,-1,1,1,3,-1,-1,-1,0,0,1,0,0,10,0,0,0,19.81
1,0,0,0,-1,0,1,0,0,0,0,0,3,-1,0,2,2,0,1,2,-1,3,0,4,100,0,9223372036800000000,10,0,10,0,0,30,0,2,1,0,0,1,1,3,-1,40,0,0,1,2,0,1,-1,-1,-1,-1,-1,10,-1,1,1,3,-1,-1,-1,0,0,1,0,0,10,0,0,0,18.62
1,0,0,0,-1,0,1,0,0,0,0,0,-1,3,-1,0,-1,0,2,0,0,3,0,-1,400,0,9223372036800000000,1e+75,0,10,0,0,7,0,1,1,0,0,1,1,0,1,0,0,0,1,2,0,1,-1,-1,-1,-1,0,10,-1,1,1,3,-1,-1,-1,0,0,1,0,0,10,0,0,0,15.53
1,0,0,0,-1,0,1,5,0,0,0,0,2,0,-1,-1,-1,0,0,1,-1,3,0,-1,25,0,9223372036800000000,1e+75,0,10,0,0,7,0,0,1,0,0,1,1,0,0,0,0,0,0,2,0,1,-1,-1,-1,-1,0,10,-1,1,1,3,-1,-1,-1,0,0,1,0,0,10,0,0,0,20.19
1,0,0,0,-1,0,1,0,0,0,0,0,3,-1,0,-1,2,0,1,2,-1,3,0,4,100,0,9223372036800000000,10,0,10,0,0,30,0,2,1,0,0,1,1,3,-1,40,0,0,-1,2,0,1,-1,-1,-1,-1,-1,10,-1,1,1,3,-1,-1,-1,0,0,1,0,0,10,0,0,0,20.97
1,0,0,0,-1,0,1,5,0,0,0,0,0,1,0,2,2,0,-1,1,-1,3,0,16,800,0,9223372036800000000,120,0,10,0,0,0,-1,3,1,0,0,0,1,0,3,40,0,0,3,2,0,1,-1,-1,-1,-1,0,10,-1,1,1,3,-1,-1,-1,0,0,1,0,0,10,0,0,0,21.24
1,0,0,0,-1,0,1,0,0,0,0,0,3,-1,0,-1,2,1,1,2,-1,3,0,4,100,0,9223372036800000000,10,0,10,0,0,30,0,2,1,0,0,1,1,3,-1,40,0,0,1,2,0,1,-1,-1,-1,-1,-1,10,-1,1,1,3,-1,-1,-1,0,0,1,0,0,10,0,0,0,18.69
1,0,0,0,-1,0,1,0,0,0,0,0,3,-1,0,-1,2,0,1,2,-1,3,0,4,100,0,9223372036800000000,10,0,10,0,0,30,0,2,1,0,0,1,1,3,-1,40,0,0,0,2,0,1,-1,-1,-1,-1,-1,10,-1,1,1,3,-1,-1,-1,0,0,1,0,0,10,0,0,0,21.81
1,0,0,0,-1,0,1,1,0,0,0,0,0,2,0,-1,2,-1,2,2,2,3,0,8,25,0,9223372036800000000,120,0,10,0,0,3,1,2,1,0,0,0,1,0,-1,500,0,0,4,2,0,1,-1,-1,-1,-1,0,10,-1,1,1,3,-1,-1,-1,0,0,1,0,0,10,0,0,0,22.85
1,0,0,0,-1,0,1,0,0,0,0,0,2,0,0,0,0,1,0,0,1,3,0,4,400,0,9223372036800000000,5,0,10,0,0,7,0,3,1,20,0,0,1,2,-1,100,0,0,4,2,0,1,-1,-1,-1,-1,-1,10,-1,1,1,3,-1,-1,-1,0,0,1,0,0,10,0,0,0,20.88
1,0,0,0,-1,0,1,0,0,0,0,0,2,0,0,0,0,1,0,0,1,3,0,4,400,0,9223372036800000000,5,0,10,0,0,7,0,3,1,20,0,0,1,2,3,100,0,0,4,2,0,1,-1,-1,-1,-1,-1,10,-1,1,1,3,-1,-1,-1,0,0,1,0,0,10,0,0,0,20.82
1,0,0,0,-1,0,1,5,0,0,0,0,-1,-1,-1,0,2,2,1,0,-1,3,0,4,25,0,9223372036800000000,40,0,10,0,0,4,-1,1,1,-1,0,3,1,-1,1,0,0,2,-1,2,0,1,-1,-1,-1,-1,-1,10,-1,1,1,3,-1,-1,-1,0,0,1,1,0,10,0,0,0,21.77
1,0,0,0,-1,0,1,0,0,0,0,0,2,0,0,-1,0,1,0,0,1,3,0,4,400,0,9223372036800000000,5,0,10,0,0,7,0,3,1,20,0,3,1,2,-1,100,0,0,4,2,0,1,-1,-1,-1,-1,-1,10,-1,1,1,3,-1,-1,-1,0,0,1,0,0,10,0,0,0,20.17
1,0,0,0,-1,0,1,0,0,0,0,0,2,0,0,0,0,1,0,0,1,3,0,4,400,0,9223372036800000000,5,0,10,0,0,7,0,3,1,20,0,3,1,-1,-1,100,0,0,4,2,0,1,-1,-1,-1,-1,-1,10,-1,1,1,3,-1,-1,-1,0,0,1,0,0,10,0,0,0,21.13
1,0,0,0,-1,0,1,0,0,0,0,0,2,0,0,0,0,1,0,0,1,3,0,4,400,0,9223372036800000000,20,0,10,0,0,7,0,3,1,20,0,3,1,2,-1,100,0,0,4,2,0,1,-1,-1,-1,-1,-1,10,-1,1,1,3,-1,-1,-1,0,0,1,0,0,10,0,0,0,18.8
1,0,0,0,-1,0,1,2,0,0,0,0,3,2,0,-1,0,2,-1,1,2,3,0,2,25,0,9223372036800000000,240,0,10,0,0,3,-1,0,1,500,0,1,1,0,3,-1,0,3,3,2,0,1,-1,-1,-1,-1,-1,10,-1,1,1,3,-1,-1,-1,0,0,1,5,0,10,0,0,0,19.53
1,0,0,0,-1,0,1,0,0,0,0,0,2,0,0,0,0,1,0,1,1,3,0,4,400,0,9223372036800000000,5,0,10,0,0,7,0,3,1,20,0,3,1,2,-1,60,0,0,4,2,0,1,-1,-1,-1,-1,-1,10,-1,1,1,3,-1,-1,-1,0,0,1,0,0,10,0,0,0,19.06
1,0,0,0,-1,0,1,0,0,0,0,0,3,2,-1,2,0,2,1,2,0,3,0,16,100,0,9223372036800000000,2,0,10,0,0,5,0,1,1,40,0,2,1,1,1,0,0,2,4,2,0,1,-1,-1,-1,-1,1,10,-1,1,1,3,-1,-1,-1,0,0,1,5,0,10,0,0,0,19.04
1,0,0,0,-1,0,1,0,0,0,0,0,2,0,0,0,0,1,0,0,1,3,0,4,10,0,9223372036800000000,5,0,10,0,0,7,0,3,1,20,0,3,1,2,-1,60,0,0,4,2,0,1,-1,-1,-1,-1,-1,10,-1,1,1,3,-1,-1,-1,0,0,1,0,0,10,0,0,0,19.28
1,0,0,0,-1,0,1,0,0,0,0,0,2,0,0,0,0,1,0,0,1,3,0,4,400,0,9223372036800000000,5,0,10,0,0,7,0,3,1,1000,0,3,1,2,-1,60,0,0,4,2,0,1,-1,-1,-1,-1,-1,10,-1,1,1,3,-1,-1,-1,0,0,1,0,0,10,0,0,0,19.45
1,0,0,0,-1,0,1,0,0,0,0,0,2,0,0,0,0,1,0,0,1,3,0,4,400,0,9223372036800000000,5,0,10,0,0,7,0,3,1,20,0,3,1,2,-1,0,0,0,4,2,0,1,-1,-1,-1,-1,-1,10,-1,1,1,3,-1,-1,-1,0,0,1,0,0,10,0,0,0,20.15
1,0,0,0,-1,0,1,0,0,0,0,0,0,0,0,2,2,2,2,0,1,3,0,-1,200,0,9223372036800000000,1e+75,0,10,0,0,7,0,0,1,0,0,1,1,0,0,0,0,0,0,2,0,1,-1,-1,-1,-1,0,10,-1,1,1,3,-1,-1,-1,0,0,1,0,0,10,0,0,0,15.18
1,0,0,0,-1,0,1,0,0,0,0,0,2,0,0,0,0,1,0,-1,1,3,0,4,400,0,9223372036800000000,5,0,10,0,0,7,0,3,1,20,0,3,1,2,-1,60,0,0,4,2,0,1,-1,-1,-1,-1,-1,10,-1,1,1,3,-1,-1,-1,0,0,1,0,0,10,0,0,0,20.24
1,0,0,0,-1,0,1,0,0,0,0,0,3,2,-1,-1,0,2,1,2,0,3,0,16,100,0,9223372036800000000,2,0,10,0,0,5,0,2,1,40,0,2,1,1,1,0,0,2,4,2,0,1,-1,-1,-1,-1,1,10,-1,1,1,3,-1,-1,-1,0,0,1,5,0,10,0,0,0,17.55
1,0,0,0,-1,0,1,2,0,0,0,0,1,1,1,1,0,0,0,0,2,3,0,-1,25,0,9223372036800000000,1e+75,0,10,0,0,7,0,2,1,0,0,2,1,0,1,0,0,0,4,2,0,1,-1,-1,-1,-1,0,10,-1,1,1,3,-1,-1,-1,0,0,1,0,0,10,0,0,0,20.66
1,0,0,0,-1,0,1,5,0,0,0,0,3,-1,0,-1,0,2,1,-1,0,3,0,1,25,0,9223372036800000000,0,0,10,0,0,7,0,3,1,0,0,1,1,0,0,60,0,0,4,2,0,1,-1,-1,-1,-1,0,10,-1,1,1,3,-1,-1,-1,0,0,1,0,0,10,0,0,0,17
1,0,0,0,-1,0,1,0,0,0,0,0,3,-1,0,-1,2,0,1,2,-1,3,0,4,100,0,9223372036800000000,10,0,10,0,0,30,-1,2,1,0,0,1,1,3,-1,40,0,0,1,2,0,1,-1,-1,-1,-1,-1,10,-1,1,1,3,-1,-1,-1,0,0,1,0,0,10,0,0,0,17.55
1,0,0,0,-1,0,1,5,0,0,0,0,-1,1,1,1,-1,1,0,-1,0,3,0,-1,10,0,9223372036800000000,30,0,10,0,0,30,-1,3,1,1000,0,0,1,0,2,60,0,0,0,2,0,1,-1,-1,-1,-1,0,10,-1,1,1,3,-1,-1,-1,0,0,1,0,0,10,0,0,0,24.58
1,0,0,0,-1,0,1,5,0,0,0,0,-1,1,1,1,-1,1,0,0,0,3,0,-1,25,0,9223372036800000000,30,0,10,0,0,30,-1,3,1,1000,0,3,1,0,2,60,0,0,0,2,0,1,-1,-1,-1,-1,0,10,-1,1,1,3,-1,-1,-1,0,0,1,0,0,10,0,0,0,20.78
1,0,0,0,-1,0,1,3,0,0,0,0,2,0,1,2,1,-1,-1,0,0,3,0,-1,10,0,9223372036800000000,50,0,10,0,0,7,0,1,1,0,0,1,1,0,-1,0,0,0,0,2,0,1,-1,-1,-1,-1,0,10,-1,1,1,3,-1,-1,-1,0,0,1,0,0,10,0,0,0,10.13
1,0,0,0,-1,0,1,5,0,0,0,0,-1,1,1,1,-1,1,0,0,0,3,0,-1,10,0,9223372036800000000,40,0,10,0,0,30,-1,3,1,1000,0,3,1,0,2,60,0,0,0,2,0,1,-1,-1,-1,-1,0,10,-1,1,1,3,-1,-1,-1,0,0,1,0,0,10,0,0,0,20.57
1,0,0,0,-1,0,1,0,0,0,0,0,0,2,-1,0,2,1,0,1,0,3,0,4,150,0,9223372036800000000,120,0,10,0,0,0,-1,2,1,20,0,1,1,-1,2,60,0,4,-1,2,0,1,-1,-1,-1,-1,0,10,-1,1,1,3,-1,-1,-1,0,0,1,3,0,10,0,0,0,22
1,0,0,0,-1,0,1,5,0,0,0,0,-1,1,1,1,-1,1,0,-1,0,3,0,-1,10,0,9223372036800000000,30,0,10,0,0,30,-1,3,1,1000,0,3,1,0,2,60,0,0,0,2,0,1,-1,-1,-1,-1,0,10,-1,1,1,3,-1,-1,-1,0,0,1,0,0,10,0,0,0,21.81
1,0,0,0,-1,0,1,5,0,0,0,0,-1,1,1,1,-1,1,0,0,0,3,0,-1,10,0,9223372036800000000,1e+75,0,10,0,0,30,-1,3,1,1000,0,3,1,0,2,60,0,0,0,2,0,1,-1,-1,-1,-1,0,10,-1,1,1,3,-1,-1,-1,0,0,1,0,0,10,0,0,0,20.57
1,0,0,0,-1,0,1,2,0,0,0,0,2,0,1,2,-1,2,0,2,2,3,0,4,25,0,9223372036800000000,2,0,10,0,0,10,-1,0,1,100,0,3,1,1,2,-1,0,5,-1,2,0,1,-1,-1,-1,-1,1,10,-1,1,1,3,-1,-1,-1,0,0,1,3,0,10,0,0,0,23.82
1,0,0,0,-1,0,1,5,0,0,0,0,-1,1,1,1,-1,1,0,0,0,3,0,-1,10,0,9223372036800000000,30,0,10,0,0,30,-1,3,1,1000,0,3,1,0,2,-1,0,0,0,2,0,1,-1,-1,-1,-1,0,10,-1,1,1,3,-1,-1,-1,0,0,1,0,0,10,0,0,0,21.56
1,0,0,0,-1,0,1,5,0,0,0,0,-1,-1,1,1,-1,1,0,0,0,3,0,-1,10,0,9223372036800000000,30,0,10,0,0,30,-1,3,1,1000,0,3,1,0,2,60,0,0,1,2,0,1,-1,-1,-1,-1,0,10,-1,1,1,3,-1,-1,-1,0,0,1,0,0,10,0,0,0,18.55
1,0,0,0,-1,0,1,3,0,0,0,0,2,0,-1,2,1,-1,-1,0,0,3,0,-1,10,0,9223372036800000000,1e+75,0,10,0,0,7,0,0,1,0,0,1,1,0,0,0,0,0,0,2,0,1,-1,-1,-1,-1,0,10,-1,1,1,3,-1,-1,-1,0,0,1,0,0,10,0,0,0,10.35
1,0,0,0,-1,0,1,5,0,0,0,0,-1,-1,1,1,-1,1,0,0,0,3,0,8,10,0,9223372036800000000,30,0,10,0,0,30,-1,3,1,1000,0,3,1,0,2,60,0,0,1,2,0,1,-1,-1,-1,-1,0,10,-1,1,1,3,-1,-1,-1,0,0,1,0,0,10,0,0,0,18.55
1,0,0,0,-1,0,1,5,0,0,0,0,-1,-1,1,1,-1,1,0,0,0,3,0,-1,10,0,9223372036800000000,30,0,10,0,0,30,1,3,1,1000,0,3,1,0,2,60,0,0,1,2,0,1,-1,-1,-1,-1,0,10,-1,1,1,3,-1,-1,-1,0,0,1,0,0,10,0,0,0,19.67
1,0,0,0,-1,0,1,4,0,0,0,0,1,0,0,2,-1,-1,1,-1,0,3,0,2,200,0,9223372036800000000,30,0,10,0,0,7,0,3,1,0,0,1,1,0,2,-1,0,0,1,2,0,1,-1,-1,-1,-1,0,10,-1,1,1,3,-1,-1,-1,0,0,1,0,0,10,0,0,0,20.52
1,0,0,0,-1,0,1,0,0,0,0,0,1,0,-1,1,0,1,0,2,-1,3,0,-1,200,0,9223372036800000000,1e+75,0,10,0,0,7,0,0,1,0,0,1,1,0,0,0,0,0,0,2,0,1,-1,-1,-1,-1,0,10,-1,1,1,3,-1,-1,-1,0,0,1,0,0,10,0,0,0,13.26
1,0,0,0,-1,0,1,2,0,0,0,0,-1,3,0,1,0,0,1,1,0,3,0,8,800,0,9223372036800000000,240,0,10,0,0,4,0,0,1,0,0,3,1,0,3,0,0,0,0,2,0,1,-1,-1,-1,-1,0,10,-1,1,1,3,-1,-1,-1,0,0,1,0,0,10,0,0,0,18.04
1,0,0,0,-1,0,1,5,0,0,0,0,-1,-1,1,1,-1,1,0,0,0,3,0,-1,10,0,9223372036800000000,50,0,10,0,0,30,-1,3,1,1000,0,3,1,0,2,60,0,0,1,2,0,1,-1,-1,-1,-1,0,10,-1,1,1,3,-1,-1,-1,0,0,1,0,0,10,0,0,0,18.55
1,0,0,0,-1,0,1,0,0,0,0,0,2,2,0,1,2,2,-1,1,-1,3,0,-1,25,0,9223372036800000000,1e+75,0,10,0,0,7,0,3,1,0,0,1,1,0,1,0,0,0,0,2,0,1,-1,-1,-1,-1,0,10,-1,1,1,3,-1,-1,-1,0,0,1,0,0,10,0,0,0,15.26
1,0,0,0,-1,0,1,4,0,0,0,0,1,0,0,2,-1,-1,1,1,0,3,0,2,200,0,9223372036800000000,30,0,10,0,0,7,0,3,1,0,0,1,1,0,2,-1,0,0,1,2,0,1,-1,-1,-1,-1,0,10,-1,1,1,3,-1,-1,-1,0,0,1,0,0,10,0,0,0,13.92
1,0,0,0,-1,0,1,4,0,0,0,0,3,2,1,-1,2,2,1,1,2,3,0,8,10,0,9223372036800000000,2,0,10,0,0,7,-1,3,1,0,0,2,1,0,-1,0,0,0,0,2,0,1,-1,-1,-1,-1,0,10,-1,1,1,3,-1,-1,-1,0,0,1,0,0,10,0,0,0,20.67
1,0,0,0,-1,0,1,5,0,0,0,0,-1,-1,1,1,-1,1,0,0,0,3,0,1,10,0,9223372036800000000,30,0,10,0,0,30,-1,3,1,1000,0,3,1,0,2,60,0,0,1,2,0,1,-1,-1,-1,-1,0,10,-1,1,1,3,-1,-1,-1,0,0,1,0,0,10,0,0,0,27.93
1,0,0,0,-1,0,1,5,0,0,0,0,-1,-1,1,1,-1,1,0,0,-1,3,0,-1,10,0,9223372036800000000,30,0,10,0,0,30,-1,3,1,1000,0,3,1,0,2,60,0,0,1,2,0,1,-1,-1,-1,-1,0,10,-1,1,1,3,-1,-1,-1,0,0,1,0,0,10,0,0,0,18.55
1,0,0,0,-1,0,1,0,0,0,0,0,0,0,-1,2,1,-1,1,2,-1,3,0,8,200,0,9223372036800000000,20,0,10,0,0,2,0,0,1,20,0,3,1,-1,2,0,0,3,-1,2,0,1,-1,-1,-1,-1,0,10,-1,1,1,3,-1,-1,-1,0,0,1,2,0,10,0,0,0,23.84
1,0,0,0,-1,0,1,5,0,0,0,0,-1,1,1,2,-1,-1,-1,-1,0,3,0,16,400,0,9223372036800000000,120,0,10,0,0,30,1,1,1,40,0,0,1,2,1,200,0,0,4,2,0,1,-1,-1,-1,-1,1,10,-1,1,1,3,-1,-1,-1,0,0,1,0,0,10,0,0,0,26.17
1,0,0,0,-1,0,1,3,0,0,0,0,2,0,1,1,2,0,2,1,2,3,0,-1,150,0,9223372036800000000,1e+75,0,10,0,0,7,0,0,1,0,0,1,1,0,2,0,0,0,0,2,0,1,-1,-1,-1,-1,0,10,-1,1,1,3,-1,-1,-1,0,0,1,0,0,10,0,0,0,12.02
1,0,0,0,-1,0,1,2,0,0,0,0,0,-1,0,1,1,2,2,0,0,3,0,2,400,0,9223372036800000000,10,0,10,0,0,30,0,3,1,500,0,0,1,3,2,60,0,0,3,2,0,1,-1,-1,-1,-1,1,10,-1,1,1,3,-1,-1,-1,0,0,1,0,0,10,0,0,0,19.41
1,0,0,0,-1,0,1,2,0,0,0,0,0,-1,0,1,1,2,2,0,0,3,0,2,400,0,9223372036800000000,10,0,10,0,0,30,0,3,1,500,0,0,1,3,1,100,0,0,3,2,0,1,-1,-1,-1,-1,1,10,-1,1,1,3,-1,-1,-1,0,0,1,0,0,10,0,0,0,19.41
1,0,0,0,-1,0,1,4,0,0,0,0,1,0,0,2,-1,-1,0,1,0,3,0,2,200,0,9223372036800000000,30,0,10,0,0,7,0,3,1,0,0,1,1,0,2,-1,0,0,1,2,0,1,-1,-1,-1,-1,0,10,-1,1,1,3,-1,-1,-1,0,0,1,0,0,10,0,0,0,15.85
1,0,0,0,-1,0,1,2,0,0,0,0,0,3,0,1,1,2,2,0,0,3,0,2,400,0,9223372036800000000,10,0,10,0,0,30,0,3,1,500,0,0,1,3,2,100,0,0,3,2,0,1,-1,-1,-1,-1,1,10,-1,1,1,3,-1,-1,-1,0,0,1,0,0,10,0,0,0,19.17
1,0,0,0,-1,0,1,2,0,0,0,0,0,-1,0,1,1,2,2,0,0,3,0,2,800,0,9223372036800000000,10,0,10,0,0,30,0,3,1,500,0,0,1,3,2,100,0,0,3,2,0,1,-1,-1,-1,-1,1,10,-1,1,1,3,-1,-1,-1,0,0,1,0,0,10,0,0,0,19.41
1,0,0,0,-1,0,1,4,0,0,0,0,3,-1,0,2,-1,-1,-1,-1,0,3,0,-1,100,0,9223372036800000000,0,0,10,0,0,10,1,1,1,40,0,1,1,1,2,-1,0,0,2,2,0,1,-1,-1,-1,-1,-1,10,-1,1,1,3,-1,-1,-1,0,0,1,0,0,10,0,0,0,6.25
1,0,0,0,-1,0,1,2,0,0,0,0,0,3,0,1,0,2,2,0,0,3,0,2,400,0,9223372036800000000,10,0,10,0,0,30,0,3,1,500,0,0,1,3,2,100,0,0,3,2,0,1,-1,-1,-1,-1,1,10,-1,1,1,3,-1,-1,-1,0,0,1,0,0,10,0,0,0,19.17
1,0,0,0,-1,0,1,2,0,0,0,0,0,3,0,1,1,2,2,0,0,3,0,2,400,0,9223372036800000000,10,0,10,0,0,30,0,3,1,500,0,0,1,3,2,-1,0,0,3,2,0,1,-1,-1,-1,-1,1,10,-1,1,1,3,-1,-1,-1,0,0,1,0,0,10,0,0,0,19.04
1,0,0,0,-1,0,1,4,0,0,0,0,3,2,0,-1,0,1,1,2,2,3,0,16,150,0,9223372036800000000,1,0,10,0,0,3,0,0,1,500,0,0,1,-1,1,100,0,0,2,2,0,1,-1,-1,-1,-1,-1,10,-1,1,1,3,-1,-1,-1,0,0,1,0,0,10,0,0,0,21.12
1,0,0,0,-1,0,1,3,0,0,0,0,3,0,1,2,2,0,1,1,0,3,0,-1,25,0,9223372036800000000,1e+75,0,10,0,0,7,0,0,1,0,0,1,1,0,1,0,0,0,0,2,0,1,-1,-1,-1,-1,0,10,-1,1,1,3,-1,-1,-1,0,0,1,0,0,10,0,0,0,11.42
1,0,0,0,-1,0,1,0,0,0,0,0,1,0,0,2,0,2,-1,1,2,3,0,2,800,0,9223372036800000000,40,0,10,0,0,0,-1,2,1,0,0,1,1,0,0,-1,0,0,2,2,0,1,-1,-1,-1,-1,0,10,-1,1,1,3,-1,-1,-1,0,0,1,0,0,10,0,0,0,11.13
1,0,0,0,-1,0,1,2,0,0,0,0,0,3,0,1,1,2,2,0,0,3,0,2,400,0,9223372036800000000,10,0,10,0,0,30,0,3,1,500,0,0,1,3,2,60,0,0,3,2,0,1,-1,-1,-1,-1,1,10,-1,1,1,3,-1,-1,-1,0,0,1,0,0,10,0,0,0,19.17
1,0,0,0,-1,0,1,0,0,0,0,0,0,-1,0,1,-1,1,0,1,2,3,0,1,100,0,9223372036800000000,240,0,10,0,0,2,1,2,1,500,0,1,1,1,-1,-1,0,0,2,2,0,1,-1,-1,-1,-1,0,10,-1,1,1,3,-1,-1,-1,0,0,1,0,0,10,0,0,0,6.64
1,0,0,0,-1,0,1,0,0,0,0,0,-1,3,-1,1,-1,1,2,1,0,3,0,-1,25,0,9223372036800000000,1e+75,0,10,0,0,7,0,1,1,0,0,1,1,0,1,0,0,0,1,2,0,1,-1,-1,-1,-1,0,10,-1,1,1,3,-1,-1,-1,0,0,1,0,0,10,0,0,0,16.12
1,0,0,0,-1,0,1,2,0,0,0,0,0,3,0,1,1,2,2,0,0,3,0,2,800,0,9223372036800000000,10,0,10,0,0,30,0,3,1,500,0,0,1,3,2,-1,0,0,3,2,0,1,-1,-1,-1,-1,1,10,-1,1,1,3,-1,-1,-1,0,0,1,0,0,10,0,0,0,19.04
1,0,0,0,-1,0,1,2,0,0,0,0,0,3,0,1,1,-1,2,0,0,3,0,16,400,0,9223372036800000000,10,0,10,0,0,30,0,3,1,500,0,0,1,3,2,-1,0,0,3,2,0,1,-1,-1,-1,-1,1,10,-1,1,1,3,-1,-1,-1,0,0,1,0,0,10,0,0,0,20.49
1,0,0,0,-1,0,1,2,0,0,0,0,0,3,0,1,1,-1,2,0,0,3,0,2,400,0,9223372036800000000,10,0,10,0,0,30,0,3,1,100,0,0,1,3,2,-1,0,0,3,2,0,1,-1,-1,-1,-1,1,10,-1,1,1,3,-1,-1,-1,0,0,1,0,0,10,0,0,0,22.75
1,0,0,0,-1,0,1,0,0,0,0,0,3,0,0,0,-1,0,0,2,0,3,0,-1,150,0,9223372036800000000,1e+75,0,10,0,0,7,0,3,1,0,0,1,1,0,-1,60,0,0,2,2,0,1,-1,-1,-1,-1,0,10,-1,1,1,3,-1,-1,-1,0,0,1,0,0,10,0,0,0,11.86
1,0,0,0,-1,0,1,3,0,0,0,0,2,0,1,-1,1,1,-1,0,0,3,0,-1,100,0,9223372036800000000,1e+75,0,10,0,0,7,0,0,1,0,0,1,1,0,-1,0,0,0,0,2,0,1,-1,-1,-1,-1,0,10,-1,1,1,3,-1,-1,-1,0,0,1,0,0,10,0,0,0,15.62
1,0,0,0,-1,0,1,2,0,0,0,0,0,3,0,1,1,-1,2,0,0,3,0,2,400,0,9223372036800000000,10,0,10,0,0,30,0,3,1,500,0,0,1,2,2,-1,0,0,3,2,0,1,-1,-1,-1,-1,1,10,-1,1,1,3,-1,-1,-1,0,0,1,0,0,10,0,0,0,19.49
1,0,0,0,-1,0,1,5,0,0,0,0,3,3,-1,-1,-1,0,2,1,2,3,0,-1,25,0,9223372036800000000,1e+75,0,10,0,0,7,0,3,1,0,0,2,1,0,3,0,0,0,3,2,0,1,-1,-1,-1,-1,0,10,-1,1,1,3,-1,-1,-1,0,0,1,0,0,10,0,0,0,19.56
1,0,0,0,-1,0,1,2,0,0,0,0,0,3,0,1,1,-1,-1,0,0,3,0,2,400,0,9223372036800000000,10,0,10,0,0,30,0,3,1,500,0,0,1,3,2,-1,0,0,3,2,0,1,-1,-1,-1,-1,1,10,-1,1,1,3,-1,-1,-1,0,0,1,0,0,10,0,0,0,21.37
1,0,0,0,-1,0,1,0,0,0,0,0,0,-1,0,1,-1,1,0,1,1,3,0,1,100,0,9223372036800000000,240,0,10,0,0,2,1,2,1,500,0,1,1,1,3,60,0,0,2,2,0,1,-1,-1,-1,-1,0,10,-1,1,1,3,-1,-1,-1,0,0,1,0,0,10,0,0,0,9.01
1,0,0,0,-1,0,1,0,0,0,0,0,0,-1,0,1,-1,1,0,1,1,3,0,1,100,0,9223372036800000000,240,0,10,0,0,2,1,2,1,500,0,1,1,-1,-1,60,0,0,2,2,0,1,-1,-1,-1,-1,0,10,-1,1,1,3,-1,-1,-1,0,0,1,0,0,10,0,0,0,7.21
1,0,0,0,-1,0,1,0,0,0,0,0,0,-1,0,1,-1,1,0,1,1,3,0,1,100,0,9223372036800000000,240,0,10,0,0,2,1,2,1,20,0,1,1,1,-1,60,0,0,2,2,0,1,-1,-1,-1,-1,0,10,-1,1,1,3,-1,-1,-1,0,0,1,0,0,10,0,0,0,8.02
1,0,0,0,-1,0,1,0,0,0,0,0,1,-1,1,2,-1,0,-1,2,-1,3,0,-1,50,0,9223372036800000000,1e+75,0,10,0,0,7,0,3,1,0,0,0,1,0,-1,0,0,0,-1,2,0,1,-1,-1,-1,-1,0,10,-1,1,1,3,-1,-1,-1,0,0,1,0,0,10,0,0,0,20.77
1,0,0,0,-1,0,1,5,0,0,0,0,2,1,0,2,-1,1,0,1,1,3,0,1,50,0,9223372036800000000,20,0,10,0,0,4,1,2,1,0,0,0,1,0,2,0,0,0,2,2,0,1,-1,-1,-1,-1,0,10,-1,1,1,3,-1,-1,-1,0,0,1,0,0,10,0,0,0,24.65
1,0,0,0,-1,0,1,0,0,0,0,0,0,-1,0,1,-1,1,2,1,1,3,0,1,100,0,9223372036800000000,240,0,10,0,0,2,1,2,1,500,0,1,1,1,-1,60,0,0,2,2,0,1,-1,-1,-1,-1,0,10,-1,1,1,3,-1,-1,-1,0,0,1,0,0,10,0,0,0,7.02
1,0,0,0,-1,0,1,0,0,0,0,0,0,-1,0,1,-1,0,0,1,1,3,0,1,100,0,9223372036800000000,240,0,10,0,0,2,1,2,1,500,0,1,1,1,-1,60,0,0,2,2,0,1,-1,-1,-1,-1,0,10,-1,1,1,3,-1,-1,-1,0,0,1,0,0,10,0,0,0,7.02
1,0,0,0,-1,0,1,0,0,0,0,0,0,-1,0,1,-1,1,0,1,1,3,0,1,50,0,9223372036800000000,240,0,10,0,0,2,1,2,1,500,0,1,1,1,-1,60,0,0,2,2,0,1,-1,-1,-1,-1,0,10,-1,1,1,3,-1,-1,-1,0,0,1,0,0,10,0,0,0,7.02
1,0,0,0,-1,0,1,2,0,0,0,0,2,0,1,-1,2,-1,1,1,-1,3,0,-1,50,0,9223372036800000000,1e+75,0,10,0,0,7,0,0,1,0,0,1,1,0,0,0,0,0,0,2,0,1,-1,-1,-1,-1,0,10,-1,1,1,3,-1,-1,-1,0,0,1,0,0,10,0,0,0,16.03
1,0,0,0,-1,0,1,0,0,0,0,0,0,-1,0,1,-1,1,0,1,1,3,0,1,100,0,9223372036800000000,40,0,10,0,0,2,1,2,1,500,0,1,1,1,-1,60,0,0,2,2,0,1,-1,-1,-1,-1,0,10,-1,1,1,3,-1,-1,-1,0,0,1,0,0,10,0,0,0,7.02
1,0,0,0,-1,0,1,4,0,0,2,0,3,-1,0,2,-1,-1,-1,-1,-1,3,0,-1,100,0,9223372036800000000,0,0,10,0,0,10,1,1,1,40,0,1,1,1,2,-1,0,0,2,2,0,1,-1,-1,-1,-1,-1,10,-1,1,1,3,-1,-1,-1,0,0,1,1,0,10,0,0,0,5.96
1,0,0,0,-1,0,1,5,0,0,0,0,2,1,0,-1,-1,-1,0,1,1,3,0,1,50,0,9223372036800000000,20,0,10,0,0,4,1,2,1,0,0,1,1,0,2,0,0,0,0,2,0,1,-1,-1,-1,-1,0,10,-1,1,1,3,-1,-1,-1,0,0,1,0,0,10,0,0,0,12.63
1,0,0,0,-1,0,1,0,0,0,0,0,0,-1,0,1,-1,1,0,1,1,3,0,1,100,0,9223372036800000000,240,0,10,0,0,2,1,2,1,500,0,1,1,3,-1,60,0,0,2,2,0,1,-1,-1,-1,-1,0,10,-1,1,1,3,-1,-1,-1,0,0,1,0,0,10,0,0,0,20.62
1,0,0,0,-1,0,1,0,0,0,0,0,0,-1,0,1,-1,1,0,1,1,3,0,1,25,0,9223372036800000000,240,0,10,0,0,2,1,2,1,500,0,1,1,1,-1,60,0,0,2,2,0,1,-1,-1,-1,-1,0,10,-1,1,1,3,-1,-1,-1,0,0,1,0,0,10,0,0,0,7.02
