EvalID,TimeEvaluated,ObjectiveValue,Gap,UpperBound,LowerBound,ConfigID,MipStartID,WorkerID,Iteration,Phase
1,4,8.04,8.040000,364.000000,334.748820,14921508010286178949,null,0,1,0
2,9,8.04,8.040000,364.000000,334.748820,5988662020493846908,null,0,1,0
3,3,0,0.000000,340.000000,340.000000,11241451296496662947,null,1,1,0
4,3,0,0.000000,340.000000,340.000000,8954485303003286464,null,2,1,0
5,4,1.54,1.540000,340.000000,334.750000,7373394827421423834,null,3,1,0
6,3,0,0.000000,340.000000,340.000000,18379961273715640155,null,4,1,0
7,4,1.54,1.540000,340.000000,334.758000,4219310975337039051,null,5,1,0
8,4,8.04,8.040000,364.000000,334.749000,1444401272916840857,null,6,1,0
9,4,8.04,8.040000,364.000000,334.749000,1309985513500527677,null,7,1,0
