EvalID,TimeEvaluated,ObjectiveValue,Gap,UpperBound,LowerBound,ConfigID,MipStartID,WorkerID,Iteration,Phase
1,4,8.04,8.040000,364.000000,334.748820,14921508010286178949,null,0,1,0
2,9,8.04,8.040000,364.000000,334.748820,2823934824078185206,null,0,1,0
3,13,8.04,8.040000,364.000000,334.748820,844706301316953147,null,0,1,0
4,18,8.04,8.040000,364.000000,334.748820,13575339350133640537,null,0,1,0
5,23,8.04,8.040000,364.000000,334.748820,10926055034921966546,null,0,1,0
6,27,8.04,8.040000,364.000000,334.748820,13290681019215308220,null,0,1,0
7,31,0,0.000000,340.000000,340.000000,16957666276679199244,null,0,1,0
