EvalID,TimeEvaluated,SolverRuntimeSeconds,ObjectiveValue,Gap,UpperBound,LowerBound,ConfigID,MipStartID,WorkerID,Iteration,Phase
1,5,5.064333,8.04,8.040000,364.000000,334.748820,14921508010286178949,null,0,1,0
2,5,5.006020,1.54,1.540000,340.000000,334.750000,17514050945686148453,null,1,1,0
3,5,5.005990,1.54,1.540000,340.000000,334.750000,2804053118686667685,null,2,1,0
4,3,3.912910,0,0.000000,340.000000,340.000000,145401686263944303,null,3,1,0
