1,0,0,0,-1,0,1,3,0,0,0,0,-1,0,1,2,-1,-1,-1,-1,0,3,0,-1,800,0,9223372036800000000,1e+75,0,10,0,0,7,0,0,3,40,0,1,0,2,0,0,0,0,4,2,0,1,-1,-1,-1,-1,1,10,-1,1,1,3,-1,-1,4,0,0,1,0,0,10,0,0,0,15.94
1,0,0,0,-1,0,1,3,0,0,0,0,-1,0,1,2,-1,-1,-1,-1,0,3,0,-1,800,0,9223372036800000000,1e+75,0,10,0,0,7,0,0,0,40,0,1,0,2,0,0,0,0,4,2,0,1,-1,-1,-1,-1,1,10,-1,1,1,3,-1,-1,4,0,0,1,0,0,10,0,0,0,15.94
1,0,0,0,-1,0,1,3,0,0,0,0,-1,0,1,2,-1,-1,-1,-1,0,3,0,-1,800,0,9223372036800000000,1e+75,0,10,0,0,7,0,0,1,40,0,1,0,2,0,0,0,0,4,2,2,1,-1,-1,-1,-1,1,10,-1,1,1,3,-1,-1,4,0,0,1,0,0,10,0,0,0,15.94
1,0,0,0,-1,0,1,3,0,0,0,0,-1,0,1,2,-1,-1,-1,-1,0,3,0,-1,800,0,9223372036800000000,1e+75,0,10,0,0,7,0,0,1,40,0,1,0,2,0,0,0,0,4,3,0,1,-1,-1,-1,-1,1,10,-1,1,1,3,-1,-1,4,0,0,1,0,0,10,0,0,0,15.94
1,0,0,0,-1,0,1,3,0,0,0,0,-1,0,1,2,-1,-1,-1,-1,0,3,0,-1,800,0,9223372036800000000,1e+75,0,10,0,0,7,0,0,1,40,0,1,0,2,0,0,0,0,4,1,0,1,-1,-1,-1,-1,1,10,-1,1,1,3,-1,-1,4,0,0,1,0,0,10,0,0,0,15.94
1,0,0,0,-1,0,1,3,0,0,0,0,-1,0,1,2,-1,-1,-1,-1,0,3,0,-1,800,0,9223372036800000000,1e+75,0,10,0,2,7,0,0,1,40,0,1,0,2,0,0,0,0,4,2,0,1,-1,-1,-1,-1,1,10,-1,1,1,3,-1,-1,4,0,0,1,0,0,10,0,0,0,15.94
1,0,0,0,-1,0,1,3,1,0,0,0,-1,0,1,2,-1,-1,-1,-1,0,3,0,-1,800,0,9223372036800000000,1e+75,0,10,0,0,7,0,0,1,40,0,1,0,2,0,0,0,0,4,2,0,1,-1,-1,-1,-1,1,10,-1,1,1,3,-1,-1,4,0,0,1,0,0,10,0,0,0,18.39
1,0,0,0,-1,0,1,3,0,0,4,0,-1,0,1,2,-1,-1,-1,-1,0,3,0,-1,800,0,9223372036800000000,1e+75,0,10,0,0,7,0,0,1,40,0,1,0,2,0,0,0,0,4,2,0,1,-1,-1,-1,-1,1,10,-1,1,1,3,-1,-1,4,0,0,1,0,0,10,0,0,0,15.94
1,0,0,0,-1,0,1,3,0,0,0,0,-1,0,1,2,-1,-1,-1,-1,0,3,0,-1,800,0,9223372036800000000,1e+75,0,10,0,0,7,0,0,1,40,0,1,0,2,0,0,0,0,4,2,0,1,-1,-1,-1,3,1,10,-1,1,1,3,-1,-1,4,0,0,1,0,0,10,0,0,0,15.94
1,0,0,0,-1,0,1,3,0,0,0,0,-1,0,1,2,-1,-1,-1,-1,0,3,0,-1,800,0,9223372036800000000,1e+75,0,10,0,0,7,0,0,1,40,0,1,0,2,0,0,0,0,4,2,0,1,-1,-1,-1,-1,1,10,-1,1,1,3,-1,-1,4,0,0,-1,0,0,10,0,0,0,15.94
1,0,0,0,-1,0,1,3,0,0,0,0,-1,0,1,2,-1,-1,-1,-1,0,3,0,-1,800,0,9223372036800000000,1e+75,0,10,0,0,7,0,0,1,40,0,1,0,2,0,0,0,0,4,2,0,1,-1,-1,1,-1,1,10,-1,1,1,3,-1,-1,4,0,0,1,0,0,10,0,0,0,15.94
1,0,0,0,-1,0,1,3,0,0,0,0,-1,0,1,2,-1,-1,-1,-1,0,3,0,-1,800,0,9223372036800000000,1e+75,0,10,0,0,7,0,0,1,40,0,1,0,2,0,0,0,0,4,2,1,1,-1,-1,-1,-1,1,10,-1,1,1,3,-1,-1,4,0,0,1,0,0,10,0,0,0,15.94
1,0,0,0,-1,0,1,3,0,0,0,0,-1,0,1,2,-1,-1,-1,-1,0,3,0,-1,800,0,9223372036800000000,1e+75,0,10,0,0,7,0,0,1,40,0,1,0,2,0,0,0,0,4,2,0,1,-1,1,-1,-1,1,10,-1,1,1,3,-1,-1,4,0,0,1,0,0,10,0,0,0,15.94
1,0,0,0,-1,0,1,0,0,0,0,0,2,0,1,-1,-1,2,2,2,2,3,0,-1,50,0,9223372036800000000,1e+75,0,10,0,0,7,-1,0,1,100,0,1,1,1,0,0,0,2,1,2,0,1,-1,-1,-1,-1,-1,10,-1,1,1,3,-1,-1,1,0,0,1,0,0,10,0,0,0,38.59
1,0,0,0,-1,0,1,0,0,0,0,0,2,0,1,-1,-1,2,2,2,2,3,0,-1,150,0,9223372036800000000,1e+75,0,10,0,0,7,-1,0,1,100,0,1,1,1,0,0,0,4,1,2,0,1,-1,-1,-1,-1,-1,10,-1,1,1,3,-1,-1,1,0,0,1,0,0,10,0,0,0,36.39
1,0,0,0,-1,0,1,0,0,0,0,0,2,0,1,-1,-1,2,2,2,2,3,0,-1,200,0,9223372036800000000,1e+75,0,10,0,0,7,-1,0,1,100,0,1,1,1,0,0,0,1,1,2,0,1,-1,-1,-1,-1,-1,10,-1,1,1,3,-1,-1,1,0,0,1,0,0,10,0,0,0,46.25
1,0,0,0,-1,0,1,0,0,0,0,0,2,0,1,-1,-1,2,2,2,2,3,0,-1,200,0,9223372036800000000,1e+75,0,10,0,0,7,0,0,1,100,0,1,1,1,0,0,0,4,1,2,0,1,-1,-1,-1,-1,-1,10,-1,1,1,3,-1,-1,1,0,0,1,0,0,10,0,0,0,36.39
1,0,0,0,-1,0,1,5,0,0,0,0,2,0,1,1,1,-1,1,-1,-1,3,0,-1,50,0,9223372036800000000,1e+75,0,10,0,0,7,0,0,1,-1,0,1,1,-1,0,0,0,0,4,2,0,1,-1,-1,-1,-1,0,10,-1,1,1,3,-1,-1,1,0,0,1,0,0,10,0,0,0,38.51
1,0,0,0,-1,0,1,0,0,0,0,0,-1,0,-1,-1,-1,-1,1,2,1,3,0,-1,50,0,9223372036800000000,1e+75,0,10,0,0,7,1,0,1,1000,0,1,1,3,0,0,0,1,-1,2,0,1,-1,-1,-1,-1,1,10,-1,1,1,3,-1,-1,2,0,0,1,0,0,10,0,0,0,43.98
1,0,0,0,-1,0,1,0,0,0,0,0,-1,0,-1,-1,-1,-1,2,-1,-1,3,0,-1,150,0,9223372036800000000,1e+75,0,10,0,0,7,0,0,1,20,1,1,1,-1,0,0,0,1,2,2,0,1,-1,-1,-1,-1,0,10,-1,1,1,3,-1,-1,4,0,0,1,0,0,10,0,0,0,22.76
1,0,0,0,-1,0,1,2,0,0,0,0,-1,0,0,1,0,2,0,-1,1,3,0,-1,150,0,9223372036800000000,1e+75,0,10,0,0,7,-1,0,1,0,1,1,1,2,0,0,0,5,2,2,0,1,-1,-1,-1,-1,1,10,-1,1,1,3,-1,-1,2,0,0,1,0,0,10,0,0,0,50.59
1,0,0,0,-1,0,1,0,0,0,0,0,0,0,0,1,0,1,2,0,1,3,0,-1,25,0,9223372036800000000,1e+75,0,10,0,0,7,1,0,1,-1,0,1,0,3,0,0,0,0,1,2,0,1,-1,-1,-1,-1,0,10,-1,1,1,3,-1,-1,0,0,0,1,0,0,10,0,0,0,36.95
1,0,0,0,-1,0,1,0,0,0,0,0,0,0,0,1,0,1,1,0,1,3,0,-1,25,0,9223372036800000000,1e+75,0,10,0,0,7,1,0,1,0,0,1,0,3,0,0,0,0,1,2,0,1,-1,-1,-1,-1,0,10,-1,1,1,3,-1,-1,0,0,0,1,0,0,10,0,0,0,36.94
1,0,0,0,-1,0,1,4,0,0,0,0,0,0,0,1,0,1,2,0,1,3,0,-1,25,0,9223372036800000000,1e+75,0,10,0,0,7,1,0,1,0,0,1,0,-1,0,0,0,0,1,2,0,1,-1,-1,-1,-1,0,10,-1,1,1,3,-1,-1,0,0,0,1,0,0,10,0,0,0,36.98
1,0,0,0,-1,0,1,4,0,0,0,0,-1,0,0,1,0,-1,-1,1,-1,3,0,-1,25,0,9223372036800000000,1e+75,0,10,0,0,7,0,0,1,100,1,1,0,1,0,0,0,5,1,2,0,1,-1,-1,-1,-1,-1,10,-1,1,1,3,-1,-1,2,0,0,1,0,0,10,0,0,0,44.78
1,0,0,0,-1,0,1,4,0,0,0,0,0,0,0,1,0,1,2,0,1,3,0,-1,25,0,9223372036800000000,1e+75,0,10,0,0,7,1,0,1,0,0,1,0,3,0,0,0,0,1,2,0,1,-1,-1,-1,-1,0,10,-1,1,1,3,-1,-1,0,0,0,1,0,0,10,0,0,0,36.98
1,0,0,0,-1,0,1,5,0,0,0,0,1,0,1,1,-1,1,2,2,0,3,0,-1,200,0,9223372036800000000,1e+75,0,10,0,0,7,1,0,1,1000,0,1,1,3,0,0,0,1,3,2,0,1,-1,-1,-1,-1,-1,10,-1,1,1,3,-1,-1,3,0,0,1,0,0,10,0,0,0,60
1,0,0,0,-1,0,1,5,0,0,0,0,1,0,1,1,1,1,2,2,0,3,0,-1,200,0,9223372036800000000,1e+75,0,10,0,0,7,1,0,1,500,0,1,1,3,0,0,0,1,3,2,0,1,-1,-1,-1,-1,-1,10,-1,1,1,3,-1,-1,3,0,0,1,0,0,10,0,0,0,60
1,0,0,0,-1,0,1,0,0,0,0,0,3,0,-1,-1,-1,-1,1,2,1,3,0,-1,50,0,9223372036800000000,1e+75,0,10,0,0,7,1,0,1,1000,0,1,1,3,0,0,0,1,-1,2,0,1,-1,-1,-1,-1,1,10,-1,1,1,3,-1,-1,3,0,0,1,0,0,10,0,0,0,40.09
1,0,0,0,-1,0,1,0,0,0,0,0,1,0,-1,-1,0,2,-1,0,1,3,0,-1,400,0,9223372036800000000,1e+75,0,10,0,0,7,-1,0,1,100,1,1,1,1,0,0,0,3,1,2,0,1,-1,-1,-1,-1,0,10,-1,1,1,3,-1,-1,0,0,0,1,0,0,10,0,0,0,40.66
1,0,0,0,-1,0,1,0,0,0,0,0,1,0,-1,-1,0,2,2,0,1,3,0,-1,400,0,9223372036800000000,1e+75,0,10,0,0,7,-1,0,1,100,1,1,1,-1,0,0,0,3,1,2,0,1,-1,-1,-1,-1,0,10,-1,1,1,3,-1,-1,0,0,0,1,0,0,10,0,0,0,40.66
1,0,0,0,-1,0,1,0,0,0,0,0,1,0,-1,-1,0,2,-1,0,1,3,0,-1,400,0,9223372036800000000,1e+75,0,10,0,0,7,-1,0,1,100,1,1,1,-1,0,0,0,1,1,2,0,1,-1,-1,-1,-1,0,10,-1,1,1,3,-1,-1,0,0,0,1,0,0,10,0,0,0,46.25
1,0,0,0,-1,0,1,0,0,0,0,0,1,0,-1,-1,0,2,-1,0,1,3,0,-1,50,0,9223372036800000000,1e+75,0,10,0,0,7,-1,0,1,100,1,1,1,-1,0,0,0,3,1,2,0,1,-1,-1,-1,-1,0,10,-1,1,1,3,-1,-1,0,0,0,1,0,0,10,0,0,0,40.66
1,0,0,0,-1,0,1,0,0,0,0,0,1,0,-1,-1,0,2,-1,-1,1,3,0,-1,400,0,9223372036800000000,1e+75,0,10,0,0,7,-1,0,1,100,1,1,1,-1,0,0,0,3,1,2,0,1,-1,-1,-1,-1,1,10,-1,1,1,3,-1,-1,0,0,0,1,0,0,10,0,0,0,42.22
1,0,0,0,-1,0,1,0,0,0,0,0,1,0,-1,-1,0,2,-1,0,1,3,0,-1,400,0,9223372036800000000,1e+75,0,10,0,0,7,-1,0,1,20,1,1,1,-1,0,0,0,3,1,2,0,1,-1,-1,-1,-1,1,10,-1,1,1,3,-1,-1,0,0,0,1,0,0,10,0,0,0,42.22
1,0,0,0,-1,0,1,3,0,0,0,0,0,0,-1,1,0,2,-1,2,2,3,0,-1,150,0,9223372036800000000,1e+75,0,10,0,0,7,1,0,1,40,0,1,0,2,0,0,0,5,-1,2,0,1,-1,-1,-1,-1,0,10,-1,1,1,3,-1,-1,-1,0,0,1,0,0,10,0,0,0,34.49
1,0,0,0,-1,0,1,0,0,0,0,0,1,0,-1,-1,0,2,-1,0,1,3,0,-1,400,0,9223372036800000000,1e+75,0,10,0,0,7,-1,0,1,100,1,1,1,-1,0,0,0,3,1,2,0,1,-1,-1,-1,-1,0,10,-1,1,1,3,-1,-1,0,0,0,1,0,0,10,0,0,0,40.66
1,0,0,0,-1,0,1,3,0,0,0,0,0,0,-1,1,0,2,-1,2,2,3,0,-1,800,0,9223372036800000000,1e+75,0,10,0,0,7,1,0,1,40,0,1,0,2,0,0,0,3,-1,2,0,1,-1,-1,-1,-1,1,10,-1,1,1,3,-1,-1,-1,0,0,1,0,0,10,0,0,0,43.82
1,0,0,0,-1,0,1,3,0,0,0,0,0,0,-1,1,0,2,-1,2,2,3,0,-1,800,0,9223372036800000000,1e+75,0,10,0,0,7,1,0,1,40,0,1,0,2,0,0,0,5,-1,2,0,1,-1,-1,-1,-1,0,10,-1,1,1,3,-1,-1,-1,0,0,1,0,0,10,0,0,0,41.83
1,0,0,0,-1,0,1,0,0,0,0,0,0,0,-1,-1,-1,2,-1,2,1,3,0,-1,800,0,9223372036800000000,1e+75,0,10,0,0,7,0,0,1,500,0,1,0,2,0,0,0,5,-1,2,0,1,-1,-1,-1,-1,1,10,-1,1,1,3,-1,-1,3,0,0,1,0,0,10,0,0,0,46.7
1,0,0,0,-1,0,1,3,0,0,0,0,0,0,-1,1,0,2,-1,2,2,3,0,-1,800,0,9223372036800000000,1e+75,0,10,0,0,7,1,0,1,40,0,1,0,2,0,0,0,5,-1,2,0,1,-1,-1,-1,-1,1,10,-1,1,1,3,-1,-1,1,0,0,1,0,0,10,0,0,0,44.32
1,0,0,0,-1,0,1,2,0,0,0,0,1,0,1,2,1,2,0,-1,-1,3,0,-1,200,0,9223372036800000000,1e+75,0,10,0,0,7,1,0,1,1000,0,1,1,0,0,0,0,1,0,2,0,1,-1,-1,-1,-1,0,10,-1,1,1,3,-1,-1,0,0,0,1,0,0,10,0,0,0,42.85
1,0,0,0,-1,0,1,2,0,0,0,0,1,0,1,2,1,2,0,-1,-1,3,0,-1,200,0,9223372036800000000,1e+75,0,10,0,0,7,1,0,1,20,0,1,1,0,0,0,0,1,0,2,0,1,-1,-1,-1,-1,1,10,-1,1,1,3,-1,-1,0,0,0,1,0,0,10,0,0,0,43.71
1,0,0,0,-1,0,1,2,0,0,0,0,1,0,1,2,1,2,0,-1,-1,3,0,-1,200,0,9223372036800000000,1e+75,0,10,0,0,7,1,0,1,40,0,1,1,0,0,0,0,1,0,2,0,1,-1,-1,-1,-1,1,10,-1,1,1,3,-1,-1,0,0,0,1,0,0,10,0,0,0,43.71
1,0,0,0,-1,0,1,2,0,0,0,0,1,0,1,2,1,2,0,-1,-1,3,0,-1,200,0,9223372036800000000,1e+75,0,10,0,0,7,1,0,1,0,0,1,1,0,0,0,0,1,0,2,0,1,-1,-1,-1,-1,1,10,-1,1,1,3,-1,-1,0,0,0,1,0,0,10,0,0,0,43.71
1,0,0,0,-1,0,1,4,0,0,0,0,-1,0,1,-1,-1,1,1,2,-1,3,0,-1,150,0,9223372036800000000,1e+75,0,10,0,0,7,0,0,1,40,0,1,1,2,0,0,0,2,3,2,0,1,-1,-1,-1,-1,1,10,-1,1,1,3,-1,-1,-1,0,0,1,0,0,10,0,0,0,38.64
1,0,0,0,-1,0,1,4,0,0,0,0,-1,0,1,-1,-1,1,1,2,-1,3,0,-1,200,0,9223372036800000000,1e+75,0,10,0,0,7,0,0,1,40,0,1,1,2,0,0,0,2,1,2,0,1,-1,-1,-1,-1,1,10,-1,1,1,3,-1,-1,-1,0,0,1,0,0,10,0,0,0,27.07
1,0,0,0,-1,0,1,4,0,0,0,0,-1,0,1,-1,-1,1,1,0,-1,3,0,-1,200,0,9223372036800000000,1e+75,0,10,0,0,7,0,0,1,40,0,1,1,2,0,0,0,2,3,2,0,1,-1,-1,-1,-1,1,10,-1,1,1,3,-1,-1,-1,0,0,1,0,0,10,0,0,0,38.64
1,0,0,0,-1,0,1,0,0,0,0,0,2,0,-1,-1,0,2,-1,0,1,3,0,-1,100,0,9223372036800000000,1e+75,0,10,0,0,7,0,0,1,-1,0,1,0,1,0,0,0,4,-1,2,0,1,-1,-1,-1,-1,1,10,-1,1,1,3,-1,-1,-1,0,0,1,0,0,10,0,0,0,30.59
1,0,0,0,-1,0,1,0,0,0,0,0,2,0,-1,-1,0,2,-1,0,1,3,0,-1,100,0,9223372036800000000,1e+75,0,10,0,0,7,0,0,1,100,0,1,0,1,0,0,0,4,-1,2,0,1,-1,-1,-1,-1,1,10,-1,1,1,3,-1,-1,-1,0,0,1,0,0,10,0,0,0,28.11
1,0,0,0,-1,0,1,0,0,0,0,0,1,0,1,-1,1,2,0,-1,-1,3,0,-1,50,0,9223372036800000000,1e+75,0,10,0,0,7,1,0,1,20,1,1,1,-1,0,0,0,1,-1,2,0,1,-1,-1,-1,-1,1,10,-1,1,1,3,-1,-1,0,0,0,1,0,0,10,0,0,0,45.42
1,0,0,0,-1,0,1,0,0,0,0,0,2,0,-1,-1,0,2,1,0,1,3,0,-1,100,0,9223372036800000000,1e+75,0,10,0,0,7,0,0,1,1000,0,1,0,1,0,0,0,4,-1,2,0,1,-1,-1,-1,-1,1,10,-1,1,1,3,-1,-1,1,0,0,1,0,0,10,0,0,0,41.3
1,0,0,0,-1,0,1,0,0,0,0,0,2,0,-1,-1,0,2,-1,0,1,3,0,-1,100,0,9223372036800000000,1e+75,0,10,0,0,7,0,0,1,1000,0,1,0,1,0,0,0,4,-1,2,0,1,-1,-1,-1,-1,1,10,-1,1,1,3,-1,-1,1,0,0,1,0,0,10,0,0,0,41.3
1,0,0,0,-1,0,1,0,0,0,0,0,2,0,-1,1,0,2,0,0,0,3,0,-1,800,0,9223372036800000000,1e+75,0,10,0,0,7,-1,0,1,-1,1,1,0,2,0,0,0,3,3,2,0,1,-1,-1,-1,-1,-1,10,-1,1,1,3,-1,-1,2,0,0,1,0,0,10,0,0,0,1.79769e+308
1,0,0,0,-1,0,1,2,0,0,0,0,3,0,1,0,-1,2,2,-1,0,3,0,-1,100,0,9223372036800000000,1e+75,0,10,0,0,7,-1,0,1,1000,1,1,1,0,0,0,0,2,-1,2,0,1,-1,-1,-1,-1,-1,10,-1,1,1,3,-1,-1,4,0,0,1,0,0,10,0,0,0,22.3
1,0,0,0,-1,0,1,2,0,0,0,0,3,0,1,0,-1,2,2,-1,0,3,0,-1,100,0,9223372036800000000,1e+75,0,10,0,0,7,-1,0,1,1000,1,1,1,0,0,0,0,2,-1,2,0,1,-1,-1,-1,-1,1,10,-1,1,1,3,-1,-1,0,0,0,1,0,0,10,0,0,0,37.9
1,0,0,0,-1,0,1,2,0,0,0,0,3,0,1,0,-1,2,2,-1,0,3,0,-1,100,0,9223372036800000000,1e+75,0,10,0,0,7,-1,0,1,1000,1,1,1,0,0,0,0,2,-1,2,0,1,-1,-1,-1,-1,1,10,-1,1,1,3,-1,-1,4,0,0,1,0,0,10,0,0,0,23.18
1,0,0,0,-1,0,1,2,0,0,0,0,3,0,1,0,-1,2,2,-1,0,3,0,-1,100,0,9223372036800000000,1e+75,0,10,0,0,7,-1,0,1,1000,1,1,1,0,0,0,0,2,-1,2,0,1,-1,-1,-1,-1,1,10,-1,1,1,3,-1,-1,2,0,0,1,0,0,10,0,0,0,32.45
1,0,0,0,-1,0,1,2,0,0,0,0,3,0,1,0,-1,2,2,-1,0,3,0,-1,100,0,9223372036800000000,1e+75,0,10,0,0,7,-1,0,1,20,1,1,1,0,0,0,0,2,3,2,0,1,-1,-1,-1,-1,1,10,-1,1,1,3,-1,-1,2,0,0,1,0,0,10,0,0,0,37.27
1,0,0,0,-1,0,1,2,0,0,0,0,3,0,1,0,-1,2,2,-1,0,3,0,-1,100,0,9223372036800000000,1e+75,0,10,0,0,7,-1,0,1,1000,1,1,1,0,0,0,0,2,3,2,0,1,-1,-1,-1,-1,1,10,-1,1,1,3,-1,-1,2,0,0,1,0,0,10,0,0,0,37.27
1,0,0,0,-1,0,1,0,0,0,0,0,3,0,-1,0,-1,-1,-1,1,2,3,0,-1,25,0,9223372036800000000,1e+75,0,10,0,0,7,-1,0,1,40,0,1,1,0,0,0,0,1,3,2,0,1,-1,-1,-1,-1,-1,10,-1,1,1,3,-1,-1,0,0,0,1,0,0,10,0,0,0,48.84
1,0,0,0,-1,0,1,2,0,0,0,0,3,0,1,0,-1,2,2,-1,0,3,0,-1,25,0,9223372036800000000,1e+75,0,10,0,0,7,-1,0,1,1000,1,1,1,0,0,0,0,2,3,2,0,1,-1,-1,-1,-1,1,10,-1,1,1,3,-1,-1,2,0,0,1,0,0,10,0,0,0,38.2
1,0,0,0,-1,0,1,3,0,0,0,0,-1,0,-1,-1,1,0,2,1,1,3,0,-1,150,0,9223372036800000000,1e+75,0,10,0,0,7,0,0,1,0,0,1,1,0,0,0,0,0,0,2,0,1,-1,-1,-1,-1,0,10,-1,1,1,3,-1,-1,4,0,0,1,0,0,10,0,0,0,25.9
1,0,0,0,-1,0,1,3,0,0,0,0,-1,0,-1,-1,1,0,2,1,1,3,0,-1,50,0,9223372036800000000,1e+75,0,10,0,0,7,0,0,1,0,0,1,1,0,0,0,0,0,0,2,0,1,-1,-1,-1,-1,0,10,-1,1,1,3,-1,-1,4,0,0,1,0,0,10,0,0,0,25.92
1,0,0,0,-1,0,1,3,0,0,0,0,-1,0,-1,-1,1,0,2,1,1,3,0,-1,800,0,9223372036800000000,1e+75,0,10,0,0,7,0,0,1,0,0,1,1,0,0,0,0,5,0,2,0,1,-1,-1,-1,-1,0,10,-1,1,1,3,-1,-1,4,0,0,1,0,0,10,0,0,0,21.65
1,0,0,0,-1,0,1,0,0,0,0,0,2,0,-1,-1,0,2,-1,0,1,3,0,-1,100,0,9223372036800000000,1e+75,0,10,0,0,7,0,0,1,1000,0,1,0,0,0,0,0,4,-1,2,0,1,-1,-1,-1,-1,1,10,-1,1,1,3,-1,-1,-1,0,0,1,0,0,10,0,0,0,28.11
1,0,0,0,-1,0,4,3,0,0,0,0,-1,0,1,2,-1,-1,-1,-1,0,3,0,-1,800,0,9223372036800000000,1e+75,0,10,0,0,7,0,0,1,40,0,1,0,2,0,0,0,0,4,2,0,1,-1,-1,-1,-1,1,10,-1,1,1,3,-1,-1,4,0,0,1,0,0,10,0,0,0,18.27
1,0,0,0,-1,0,3,3,0,0,0,0,-1,0,1,2,-1,-1,-1,-1,0,3,0,-1,800,0,9223372036800000000,1e+75,0,10,0,0,7,0,0,1,40,0,1,0,2,0,0,0,0,4,2,0,1,-1,-1,-1,-1,1,10,-1,1,1,3,-1,-1,4,0,0,1,0,0,10,0,0,0,18.43
1,0,0,0,-1,0,1,2,0,0,0,0,1,0,1,2,1,2,0,-1,-1,3,0,-1,200,0,9223372036800000000,1e+75,0,10,0,0,7,1,0,1,0,0,1,1,0,0,0,0,1,0,2,0,1,-1,-1,-1,-1,0,10,-1,1,1,3,-1,-1,0,0,0,1,0,0,10,0,0,0,42.85
1,0,0,0,-1,0,1,3,0,0,0,0,-1,0,-1,-1,1,0,2,1,1,3,0,-1,800,0,9223372036800000000,1e+75,0,10,0,0,7,0,0,1,1000,0,1,1,0,0,0,0,0,0,2,0,1,-1,-1,-1,-1,0,10,-1,1,1,3,-1,-1,4,0,0,1,0,0,10,0,0,0,18.9
1,0,0,0,-1,0,2,3,0,0,0,0,-1,0,1,2,-1,-1,-1,-1,0,3,0,-1,800,0,9223372036800000000,1e+75,0,10,0,0,7,0,0,1,40,0,1,0,2,0,0,0,0,4,2,0,1,-1,-1,-1,-1,1,10,-1,1,1,3,-1,-1,4,0,0,1,0,0,10,0,0,0,18.33
1,0,0,0,-1,2,1,3,0,0,0,0,-1,0,1,2,-1,-1,-1,-1,0,3,0,-1,800,0,9223372036800000000,1e+75,0,10,0,0,7,0,0,1,40,0,1,0,2,0,0,0,0,4,2,0,1,-1,-1,-1,-1,1,10,-1,1,1,3,-1,-1,4,0,0,1,0,0,10,0,0,0,18.33
1,0,0,0,-1,0,1,3,0,0,0,0,-1,0,1,2,-1,-1,-1,-1,0,3,0,-1,800,0,9223372036800000000,1e+75,0,10,0,0,7,0,0,1,40,0,1,0,2,0,0,0,0,4,2,0,1,-1,-1,-1,-1,1,40,-1,1,1,3,-1,-1,4,0,0,1,0,0,10,0,0,0,19.33
1,0,0,0,-1,0,1,3,0,0,0,0,-1,0,1,2,-1,-1,-1,-1,0,3,0,-1,800,0,9223372036800000000,1e+75,0,10,0,0,7,0,0,1,40,0,1,0,2,0,0,0,0,4,2,0,1,-1,-1,-1,-1,1,5,-1,1,1,3,-1,-1,4,0,0,1,0,0,10,0,0,0,16.22
1,0,0,0,-1,0,1,3,0,0,0,0,-1,0,1,2,-1,-1,-1,-1,0,3,0,-1,800,0,9223372036800000000,1e+75,0,10,0,0,7,0,0,1,40,0,1,0,2,0,0,0,0,4,2,0,1,-1,-1,-1,-1,1,2,-1,1,1,3,-1,-1,4,0,0,1,0,0,10,0,0,0,16.22
1,0,0,0,-1,0,1,0,0,0,0,0,2,0,1,-1,-1,2,2,2,2,3,0,-1,50,0,9223372036800000000,1e+75,0,10,0,0,7,-1,0,1,100,0,1,1,1,0,0,0,4,1,2,0,1,-1,-1,-1,-1,-1,10,-1,1,1,3,-1,-1,1,0,0,1,0,0,10,0,0,0,38.4
2,0,0,0,-1,0,1,3,0,0,0,0,-1,0,1,2,-1,-1,-1,-1,0,3,0,-1,800,0,9223372036800000000,1e+75,0,10,0,0,7,0,0,1,40,0,1,0,2,0,0,0,0,4,2,0,1,-1,-1,-1,-1,1,10,-1,1,1,3,-1,-1,4,0,0,1,0,0,10,0,0,0,15.94
1,0,0,0,-1,0,1,3,0,0,0,0,-1,0,1,2,-1,-1,-1,-1,0,3,0,-1,800,0,9223372036800000000,1e+75,0,10,0,0,7,0,0,1,40,0,1,0,2,0,0,0,0,4,2,0,1,-1,-1,-1,-1,1,10,-1,1,1,3,-1,-1,4,0,0,1,0,0,10,1,0,0,15.94
1,0,0,0,-1,0,1,3,0,0,0,0,-1,0,1,2,-1,-1,-1,-1,0,3,0,-1,800,0,9223372036800000000,1e+75,0,10,0,0,7,0,0,1,40,0,1,0,2,0,0,0,0,4,2,0,1,-1,-1,-1,-1,1,10,-1,1,1,3,-1,-1,4,0,0,1,3,0,10,0,0,0,19.82
1,0,0,0,-1,0,1,3,0,0,0,0,-1,0,1,2,-1,-1,-1,-1,0,3,0,-1,800,0,9223372036800000000,1e+75,0,10,0,0,7,0,0,1,40,0,1,0,2,0,0,0,0,4,2,0,1,-1,-1,-1,-1,1,10,-1,1,1,3,-1,-1,4,0,0,1,2,0,10,0,0,0,15.94
1,0,0,0,-1,0,1,3,0,0,0,0,-1,0,1,2,-1,-1,-1,-1,0,3,0,-1,800,0,9223372036800000000,1e+75,0,10,0,0,7,0,0,1,40,0,1,0,2,0,0,0,0,4,2,0,1,-1,-1,-1,-1,1,10,-1,1,1,3,-1,-1,4,0,0,1,1,0,10,0,0,0,19.18
1,0,0,0,-1,0,1,3,0,0,0,0,-1,0,1,2,-1,-1,-1,-1,0,3,0,-1,800,0,9223372036800000000,1e+75,0,10,0,0,7,0,0,1,40,0,1,0,2,0,0,6,0,4,2,0,1,-1,-1,-1,-1,1,10,-1,1,1,3,-1,-1,4,0,0,1,0,0,10,0,0,0,17.75
1,0,0,0,-1,0,1,3,0,0,0,0,-1,0,1,2,-1,-1,-1,-1,0,3,0,-1,800,0,9223372036800000000,1e+75,0,10,0,0,7,0,0,1,40,0,1,0,2,0,0,4,0,4,2,0,1,-1,-1,-1,-1,1,10,-1,1,1,3,-1,-1,4,0,0,1,0,0,10,0,0,0,18.97
1,0,0,0,-1,0,1,0,0,0,0,0,-1,0,-1,2,0,2,2,-1,-1,3,0,-1,200,0,9223372036800000000,1e+75,0,10,0,0,7,0,0,1,0,0,1,0,3,0,0,0,0,1,2,0,1,-1,-1,-1,-1,1,10,-1,1,1,3,-1,-1,0,0,0,1,0,0,10,0,0,0,29.34
1,0,0,0,-1,0,1,0,0,0,0,0,2,0,-1,2,0,2,2,-1,-1,3,0,-1,200,0,9223372036800000000,1e+75,0,10,0,0,7,0,0,1,0,0,1,0,1,0,0,0,0,1,2,0,1,-1,-1,-1,-1,1,10,-1,1,1,3,-1,-1,0,0,0,1,0,0,10,0,0,0,29.34
1,0,0,0,-1,0,1,0,0,0,0,0,2,0,-1,2,0,2,2,-1,-1,3,0,-1,200,0,9223372036800000000,1e+75,0,10,0,0,7,0,0,1,0,0,1,0,3,0,0,0,0,1,2,0,1,-1,-1,-1,-1,1,10,-1,1,1,3,-1,-1,0,0,0,1,0,0,10,0,0,0,29.34
1,0,0,0,-1,0,1,0,0,0,0,0,2,0,-1,2,0,2,2,-1,1,3,0,-1,150,0,9223372036800000000,1e+75,0,10,0,0,7,0,0,1,0,0,1,0,3,0,0,0,0,1,2,0,1,-1,-1,-1,-1,1,10,-1,1,1,3,-1,-1,0,0,0,1,0,0,10,0,0,0,30.02
1,0,0,0,-1,0,1,0,0,0,0,0,2,0,-1,2,0,2,0,-1,-1,3,0,-1,150,0,9223372036800000000,1e+75,0,10,0,0,7,0,0,1,0,0,1,0,3,0,0,0,0,1,2,0,1,-1,-1,-1,-1,1,10,-1,1,1,3,-1,-1,0,0,0,1,0,0,10,0,0,0,30.02
1,0,0,0,-1,0,1,0,0,0,0,0,2,0,-1,2,0,2,2,-1,-1,3,0,-1,150,0,9223372036800000000,1e+75,0,10,0,0,7,0,0,1,0,0,1,0,1,0,0,0,0,1,2,0,1,-1,-1,-1,-1,1,10,-1,1,1,3,-1,-1,0,0,0,1,0,0,10,0,0,0,30.07
1,0,0,0,-1,0,1,0,0,0,0,0,2,0,-1,2,0,2,2,-1,0,3,0,-1,150,0,9223372036800000000,1e+75,0,10,0,0,7,0,0,1,0,0,1,0,3,0,0,0,0,1,2,0,1,-1,-1,-1,-1,1,10,-1,1,1,3,-1,-1,0,0,0,1,0,0,10,0,0,0,30.02
1,0,0,0,-1,0,1,0,0,0,0,0,2,0,-1,2,0,2,2,-1,2,3,0,-1,150,0,9223372036800000000,1e+75,0,10,0,0,7,0,0,1,0,0,1,0,3,0,0,0,0,1,2,0,1,-1,-1,-1,-1,1,10,-1,1,1,3,-1,-1,0,0,0,1,0,0,10,0,0,0,30.02
1,0,0,0,-1,0,1,0,0,0,0,0,3,0,-1,2,0,2,2,-1,-1,3,0,-1,150,0,9223372036800000000,1e+75,0,10,0,0,7,0,0,1,0,0,1,0,3,0,0,0,0,1,2,0,1,-1,-1,-1,-1,1,10,-1,1,1,3,-1,-1,0,0,0,1,0,0,10,0,0,0,30.02
1,0,0,0,-1,0,1,0,0,0,0,0,2,0,-1,2,0,2,2,-1,-1,3,0,-1,150,0,9223372036800000000,1e+75,0,10,0,0,7,0,0,1,100,0,1,0,3,0,0,0,0,1,2,0,1,-1,-1,-1,-1,1,10,-1,1,1,3,-1,-1,0,0,0,1,0,0,10,0,0,0,30.02
1,0,0,0,-1,0,1,0,0,0,0,0,2,0,-1,2,0,2,2,-1,-1,3,0,-1,150,0,9223372036800000000,1e+75,0,10,0,0,7,0,0,1,0,0,1,0,3,0,0,0,0,1,2,0,1,-1,-1,-1,-1,0,10,-1,1,1,3,-1,-1,0,0,0,1,0,0,10,0,0,0,30.41
1,0,0,0,-1,0,1,4,0,0,0,0,1,0,1,1,2,2,2,-1,-1,3,0,-1,150,0,9223372036800000000,1e+75,0,10,0,0,7,1,0,1,40,0,1,0,2,0,0,0,0,1,2,0,1,-1,-1,-1,-1,0,10,-1,1,1,3,-1,-1,4,0,0,1,0,0,10,0,0,0,22.03
1,0,0,0,-1,0,1,4,0,0,0,0,1,0,1,1,2,2,2,-1,-1,3,0,-1,150,0,9223372036800000000,1e+75,0,10,0,0,7,1,0,1,100,0,1,0,2,0,0,0,0,1,2,0,1,-1,-1,-1,-1,0,10,-1,1,1,3,-1,-1,4,0,0,1,0,0,10,0,0,0,20.6
1,0,0,0,-1,0,1,4,0,0,0,0,1,0,1,1,2,2,2,-1,-1,3,0,-1,150,0,9223372036800000000,1e+75,0,10,0,0,7,1,0,1,100,0,1,0,2,0,0,0,0,-1,2,0,1,-1,-1,-1,-1,0,10,-1,1,1,3,-1,-1,2,0,0,1,0,0,10,0,0,0,29.98
1,0,0,0,-1,0,1,4,0,0,0,0,1,0,1,1,2,2,2,-1,-1,3,0,-1,150,0,9223372036800000000,1e+75,0,10,0,0,7,1,0,1,100,0,1,0,2,0,0,0,0,1,2,0,1,-1,-1,-1,-1,0,10,-1,1,1,3,-1,-1,2,0,0,1,0,0,10,0,0,0,27.21
1,0,0,0,-1,0,1,4,0,0,0,0,1,0,1,1,2,2,1,-1,-1,3,0,-1,50,0,9223372036800000000,1e+75,0,10,0,0,7,1,0,1,100,0,1,0,2,0,0,0,0,1,2,0,1,-1,-1,-1,-1,0,10,-1,1,1,3,-1,-1,-1,0,0,1,0,0,10,0,0,0,30.33
1,0,0,0,-1,0,1,4,0,0,0,0,1,0,1,1,0,2,2,-1,-1,3,0,-1,50,0,9223372036800000000,1e+75,0,10,0,0,7,1,0,1,100,0,1,0,2,0,0,0,0,1,2,0,1,-1,-1,-1,-1,0,10,-1,1,1,3,-1,-1,-1,0,0,1,0,0,10,0,0,0,30.33
1,0,0,0,-1,0,1,4,0,0,0,0,-1,0,-1,-1,2,2,2,0,2,3,0,-1,10,0,9223372036800000000,1e+75,0,10,0,0,7,-1,0,1,20,0,1,0,-1,0,0,0,0,-1,2,0,1,-1,-1,-1,-1,-1,10,-1,1,1,3,-1,-1,2,0,0,1,0,0,10,0,0,0,35.47
1,0,0,0,-1,0,1,0,0,0,0,0,-1,0,-1,2,1,0,-1,0,1,3,0,-1,10,0,9223372036800000000,1e+75,0,10,0,0,7,0,0,1,100,1,1,1,-1,0,0,0,0,-1,2,0,1,-1,-1,-1,-1,-1,10,-1,1,1,3,-1,-1,4,0,0,1,0,0,10,0,0,0,21.04
1,0,0,0,-1,0,1,0,0,0,0,0,-1,0,-1,2,0,0,-1,0,1,3,0,-1,100,0,9223372036800000000,1e+75,0,10,0,0,7,0,0,1,100,1,1,1,-1,0,0,0,0,-1,2,0,1,-1,-1,-1,-1,-1,10,-1,1,1,3,-1,-1,4,0,0,1,0,0,10,0,0,0,21.04
1,0,0,0,-1,0,1,0,0,0,0,0,-1,0,-1,2,0,0,-1,0,1,3,0,-1,10,0,9223372036800000000,1e+75,0,10,0,0,7,-1,0,1,100,1,1,1,-1,0,0,0,0,-1,2,0,1,-1,-1,-1,-1,-1,10,-1,1,1,3,-1,-1,4,0,0,1,0,0,10,0,0,0,23.67
1,0,0,0,-1,0,1,0,0,0,0,0,-1,0,-1,-1,-1,-1,2,-1,-1,3,0,-1,150,0,9223372036800000000,1e+75,0,10,0,0,7,0,0,1,1000,1,1,1,-1,0,0,0,2,2,2,0,1,-1,-1,-1,-1,0,10,-1,1,1,3,-1,-1,4,0,0,1,0,0,10,0,0,0,22.54
1,0,0,0,-1,0,1,0,0,0,0,0,-1,0,-1,2,0,0,-1,2,1,3,0,-1,10,0,9223372036800000000,1e+75,0,10,0,0,7,0,0,1,100,1,1,1,-1,0,0,0,0,-1,2,0,1,-1,-1,-1,-1,-1,10,-1,1,1,3,-1,-1,4,0,0,1,0,0,10,0,0,0,21.04
1,0,0,0,-1,0,1,0,0,0,0,0,0,0,-1,2,0,0,-1,0,1,3,0,-1,10,0,9223372036800000000,1e+75,0,10,0,0,7,0,0,1,100,1,1,1,-1,0,0,0,0,-1,2,0,1,-1,-1,-1,-1,-1,10,-1,1,1,3,-1,-1,4,0,0,1,0,0,10,0,0,0,21.04
1,0,0,0,-1,0,1,0,0,0,0,0,-1,0,-1,-1,0,0,-1,0,1,3,0,-1,10,0,9223372036800000000,1e+75,0,10,0,0,7,0,0,1,100,1,1,1,-1,0,0,0,0,-1,2,0,1,-1,-1,-1,-1,-1,10,-1,1,1,3,-1,-1,4,0,0,1,0,0,10,0,0,0,21.04
1,0,0,0,-1,0,1,3,0,0,3,0,-1,0,1,2,-1,-1,-1,-1,0,3,0,-1,800,0,9223372036800000000,1e+75,0,10,0,0,7,0,0,1,40,0,1,0,2,0,0,0,0,4,2,0,1,-1,-1,-1,-1,1,10,-1,1,1,3,-1,-1,4,0,0,1,0,0,10,0,0,0,15.94
1,0,0,0,-1,0,1,0,0,0,0,0,-1,0,-1,2,0,0,-1,-1,1,3,0,-1,10,0,9223372036800000000,1e+75,0,10,0,0,7,0,0,1,100,1,1,1,-1,0,0,0,0,-1,2,0,1,-1,-1,-1,-1,-1,10,-1,1,1,3,-1,-1,4,0,0,1,0,0,10,0,0,0,21.04
1,0,0,0,-1,0,1,0,0,0,0,0,-1,0,-1,2,0,0,-1,1,1,3,0,-1,10,0,9223372036800000000,1e+75,0,10,0,0,7,0,0,1,100,1,1,1,-1,0,0,0,0,-1,2,0,1,-1,-1,-1,-1,-1,10,-1,1,1,3,-1,-1,4,0,0,1,0,0,10,0,0,0,21.04
1,0,0,0,-1,0,1,0,0,0,0,0,0,0,0,1,-1,2,1,1,1,3,0,-1,10,0,9223372036800000000,1e+75,0,10,0,0,7,1,0,1,500,1,1,0,2,0,0,0,0,1,2,0,1,-1,-1,-1,-1,0,10,-1,1,1,3,-1,-1,2,0,0,1,0,0,10,0,0,0,29.21
1,0,0,0,-1,0,1,0,0,0,0,0,0,0,0,1,-1,2,1,1,1,3,0,-1,10,0,9223372036800000000,1e+75,0,10,0,0,7,1,0,1,-1,1,1,0,1,0,0,0,0,1,2,0,1,-1,-1,-1,-1,0,10,-1,1,1,3,-1,-1,2,0,0,1,0,0,10,0,0,0,27.44
1,0,0,0,-1,0,1,0,0,0,0,0,0,0,0,1,0,1,2,0,1,3,0,-1,25,0,9223372036800000000,1e+75,0,10,0,0,7,1,0,1,0,0,1,0,3,0,0,0,5,1,2,0,1,-1,-1,-1,-1,0,10,-1,1,1,3,-1,-1,0,0,0,1,0,0,10,0,0,0,40.66
1,0,0,0,-1,0,1,0,0,0,0,0,0,0,0,1,-1,2,1,1,1,3,0,-1,10,0,9223372036800000000,1e+75,0,10,0,0,7,1,0,1,500,1,1,0,1,0,0,0,0,1,2,0,1,-1,-1,-1,-1,0,10,-1,1,1,3,-1,-1,2,0,0,1,0,0,10,0,0,0,26.87
1,0,0,0,-1,0,1,0,0,0,0,0,0,0,0,0,-1,2,1,1,1,3,0,-1,100,0,9223372036800000000,1e+75,0,10,0,0,7,1,0,1,500,1,1,0,1,0,0,0,0,1,2,0,1,-1,-1,-1,-1,0,10,-1,1,1,3,-1,-1,2,0,0,1,0,0,10,0,0,0,27.58
1,0,0,0,-1,0,1,0,0,0,0,0,0,0,0,1,-1,2,1,1,1,3,0,-1,100,0,9223372036800000000,1e+75,0,10,0,0,7,1,0,1,500,1,1,0,1,0,0,0,0,1,2,0,1,-1,-1,-1,-1,0,10,-1,1,1,3,-1,-1,2,0,0,1,0,0,10,0,0,0,27.58
1,0,0,0,-1,0,1,3,0,0,0,0,-1,0,1,2,-1,-1,-1,-1,0,3,0,-1,800,0,9223372036800000000,1e+75,0,10,0,0,7,0,0,1,40,0,1,0,2,0,0,0,0,4,2,0,1,-1,0,-1,-1,1,10,-1,1,1,3,-1,-1,4,0,0,1,0,0,10,0,0,0,15.94
1,0,0,0,-1,0,1,0,0,0,0,0,0,0,0,1,-1,2,1,1,1,3,0,-1,100,0,9223372036800000000,1e+75,0,10,0,0,7,1,0,1,500,1,1,0,3,0,0,0,0,1,2,0,1,-1,-1,-1,-1,0,10,-1,1,1,3,-1,-1,3,0,0,1,0,0,10,0,0,0,28.96
1,0,0,0,-1,0,1,3,0,0,0,0,-1,0,1,2,-1,-1,-1,-1,-1,3,0,-1,800,0,9223372036800000000,1e+75,0,10,0,0,7,0,0,1,40,0,1,0,2,0,0,0,0,4,2,0,1,-1,-1,-1,-1,1,10,-1,1,1,3,-1,-1,4,0,0,1,0,0,10,0,0,0,15.94
1,0,0,0,-1,0,1,0,0,0,0,0,0,0,0,1,-1,2,1,1,0,3,0,-1,10,0,9223372036800000000,1e+75,0,10,0,0,7,1,0,1,500,1,1,0,1,0,0,0,0,1,2,0,1,-1,-1,-1,-1,0,10,-1,1,1,3,-1,-1,2,0,0,1,0,0,10,0,0,0,26.87
1,0,0,0,-1,0,1,3,0,0,0,0,1,0,1,2,-1,-1,-1,-1,0,3,0,-1,800,0,9223372036800000000,1e+75,0,10,0,0,7,0,0,1,40,0,1,0,2,0,0,0,0,4,2,0,1,-1,-1,-1,-1,1,10,-1,1,1,3,-1,-1,4,0,0,1,0,0,10,0,0,0,16.9
1,0,0,0,-1,0,1,3,0,0,0,0,-1,0,1,-1,-1,-1,-1,-1,0,3,0,-1,800,0,9223372036800000000,1e+75,0,10,0,0,7,0,0,1,40,0,1,0,2,0,0,0,0,4,2,0,1,-1,-1,-1,-1,1,10,-1,1,1,3,-1,-1,4,0,0,1,0,0,10,0,0,0,15.94
1,0,0,0,-1,0,1,3,0,0,0,0,-1,0,1,2,-1,-1,-1,-1,0,3,0,-1,800,0,9223372036800000000,1e+75,0,10,0,0,7,-1,0,1,40,0,1,0,2,0,0,0,0,4,2,0,1,-1,-1,-1,-1,1,10,-1,1,1,3,-1,-1,4,0,0,1,0,0,10,0,0,0,15.94
1,0,0,0,-1,0,1,3,0,0,0,0,-1,0,1,2,-1,-1,-1,-1,0,3,0,-1,800,0,9223372036800000000,1e+75,0,10,0,0,7,0,0,1,40,0,1,0,2,0,0,0,0,4,2,0,1,-1,-1,-1,-1,-1,10,-1,1,1,3,-1,-1,4,0,0,1,0,0,10,0,0,0,19.35
1,0,0,0,-1,0,1,3,0,0,0,0,-1,0,1,2,-1,-1,-1,-1,0,3,0,-1,800,0,9223372036800000000,1e+75,0,10,0,0,7,0,0,1,40,0,1,0,-1,0,0,0,0,4,2,0,1,-1,-1,-1,-1,1,10,-1,1,1,3,-1,-1,4,0,0,1,0,0,10,0,0,0,15.94
1,0,0,0,-1,0,1,3,0,0,0,0,-1,0,1,2,-1,-1,-1,-1,0,3,0,-1,800,0,9223372036800000000,1e+75,0,10,0,0,7,0,0,1,500,0,1,0,2,0,0,0,0,4,2,0,1,-1,-1,-1,-1,1,10,-1,1,1,3,-1,-1,4,0,0,1,0,0,10,0,0,0,15.94
1,0,0,0,-1,0,1,1,0,0,0,0,3,0,-1,0,0,2,-1,-1,0,3,0,-1,800,0,9223372036800000000,1e+75,0,10,0,0,7,-1,0,1,40,1,1,0,-1,0,0,0,0,4,2,0,1,-1,-1,-1,-1,0,10,-1,1,1,3,-1,-1,1,0,0,1,0,0,10,0,0,0,29.88
1,0,0,0,-1,0,1,4,0,0,0,0,-1,0,1,-1,-1,1,1,2,-1,3,0,-1,200,0,9223372036800000000,1e+75,0,10,0,0,7,0,0,1,40,0,1,1,2,0,0,0,2,1,2,0,1,-1,-1,-1,-1,1,10,-1,1,1,3,-1,-1,2,0,0,1,0,0,10,0,0,0,28.11
1,0,0,0,-1,0,1,0,0,0,0,0,-1,0,-1,2,0,0,-1,0,1,3,0,-1,10,0,9223372036800000000,1e+75,0,10,0,0,7,0,0,1,100,1,1,1,3,0,0,0,0,-1,2,0,1,-1,-1,-1,-1,-1,10,-1,1,1,3,-1,-1,4,0,0,1,0,0,10,0,0,0,23.64
1,0,0,0,-1,0,1,5,0,0,0,0,2,0,0,1,-1,0,2,1,0,3,0,-1,25,0,9223372036800000000,1e+75,0,10,0,0,7,-1,0,1,100,0,1,1,1,0,0,0,0,4,2,0,1,-1,-1,-1,-1,-1,10,-1,1,1,3,-1,-1,3,0,0,1,0,0,10,0,0,0,40.66
1,0,0,0,-1,0,1,5,0,0,0,0,2,0,0,1,-1,0,2,1,0,3,0,-1,100,0,9223372036800000000,1e+75,0,10,0,0,7,-1,0,1,100,0,1,1,1,0,0,0,0,4,2,0,1,-1,-1,-1,-1,-1,10,-1,1,1,3,-1,-1,4,0,0,1,0,0,10,0,0,0,19.35
1,0,0,0,-1,0,1,5,0,0,0,0,2,0,0,1,-1,0,2,1,0,3,0,-1,200,0,9223372036800000000,1e+75,0,10,0,0,7,0,0,1,100,0,1,1,1,0,0,0,0,4,2,0,1,-1,-1,-1,-1,-1,10,-1,1,1,3,-1,-1,4,0,0,1,0,0,10,0,0,0,19.71
1,0,0,0,-1,0,1,5,0,0,0,0,2,0,0,1,-1,0,2,1,0,3,0,-1,25,0,9223372036800000000,1e+75,0,10,0,0,7,0,0,1,100,0,1,1,1,0,0,0,0,4,2,0,1,-1,-1,-1,-1,-1,10,-1,1,1,3,-1,-1,-1,0,0,1,0,0,10,0,0,0,40.66
1,0,0,0,-1,0,1,5,0,0,0,0,2,0,0,1,-1,0,2,1,0,3,0,-1,25,0,9223372036800000000,1e+75,0,10,0,0,7,0,0,1,100,0,1,1,1,0,0,0,0,4,2,0,1,-1,-1,-1,-1,1,10,-1,1,1,3,-1,-1,4,0,0,1,0,0,10,0,0,0,28.27
1,0,0,0,-1,0,1,5,0,0,0,0,2,0,0,1,-1,0,2,1,0,3,0,-1,25,0,9223372036800000000,1e+75,0,10,0,0,7,0,0,1,100,0,1,1,0,0,0,0,0,4,2,0,1,-1,-1,-1,-1,-1,10,-1,1,1,3,-1,-1,4,0,0,1,0,0,10,0,0,0,19.71
1,0,0,0,-1,0,1,0,0,0,0,0,0,0,0,1,0,1,2,0,1,3,0,-1,25,0,9223372036800000000,1e+75,0,10,0,0,7,1,0,1,0,0,1,0,3,0,0,0,0,1,2,0,1,-1,-1,-1,-1,0,10,-1,1,1,3,-1,-1,0,0,0,1,0,0,10,0,0,0,36.94
1,0,0,0,-1,0,1,0,0,0,0,0,0,0,0,1,0,2,1,1,1,3,0,-1,10,0,9223372036800000000,1e+75,0,10,0,0,7,1,0,1,500,1,1,0,1,0,0,0,0,1,2,0,1,-1,-1,-1,-1,0,10,-1,1,1,3,-1,-1,2,0,0,1,0,0,10,0,0,0,26.87
1,0,0,0,-1,0,1,3,0,0,0,0,-1,0,0,2,0,-1,-1,-1,2,3,0,-1,25,0,9223372036800000000,1e+75,0,10,0,0,7,-1,0,1,0,1,1,1,3,0,0,0,0,-1,2,0,1,-1,-1,-1,-1,0,10,-1,1,1,3,-1,-1,0,0,0,1,0,0,10,0,0,0,43.11
1,0,0,0,-1,0,1,0,0,0,0,0,2,0,-1,0,-1,2,-1,1,-1,3,0,-1,200,0,9223372036800000000,1e+75,0,10,0,0,7,0,0,1,1000,1,1,0,2,0,0,0,0,1,2,0,1,-1,-1,-1,-1,0,10,-1,1,1,3,-1,-1,4,0,0,1,0,0,10,0,0,0,22.12
1,0,0,0,-1,0,1,0,0,0,0,0,2,0,-1,0,-1,2,-1,1,-1,3,0,-1,200,0,9223372036800000000,1e+75,0,10,0,0,7,0,0,1,1000,1,1,0,3,0,0,0,0,1,2,0,1,-1,-1,-1,-1,0,10,-1,1,1,3,-1,-1,4,0,0,1,0,0,10,0,0,0,20.74
1,0,0,0,-1,0,1,2,0,0,0,0,3,0,1,0,-1,2,2,-1,0,3,0,-1,10,0,9223372036800000000,1e+75,0,10,0,0,7,-1,0,1,1000,1,1,1,0,0,0,0,2,-1,2,0,1,-1,-1,-1,-1,1,10,-1,1,1,3,-1,-1,4,0,0,1,0,0,10,0,0,0,23.3
1,0,0,0,-1,0,1,0,0,0,0,0,2,0,-1,0,1,2,-1,1,-1,3,0,-1,200,0,9223372036800000000,1e+75,0,10,0,0,7,0,0,1,1000,1,1,0,0,0,0,0,0,1,2,0,1,-1,-1,-1,-1,0,10,-1,1,1,3,-1,-1,4,0,0,1,0,0,10,0,0,0,19.48
1,0,0,0,-1,0,1,0,0,0,0,0,2,0,-1,0,-1,2,-1,1,2,3,0,-1,200,0,9223372036800000000,1e+75,0,10,0,0,7,0,0,1,1000,1,1,0,0,0,0,0,0,1,2,0,1,-1,-1,-1,-1,0,10,-1,1,1,3,-1,-1,4,0,0,1,0,0,10,0,0,0,19.48
1,0,0,0,-1,0,1,3,0,0,0,0,0,0,-1,1,0,2,-1,2,2,3,0,-1,150,0,9223372036800000000,1e+75,0,10,0,0,7,1,0,1,0,0,1,0,2,0,0,0,5,-1,2,0,1,-1,-1,-1,-1,0,10,-1,1,1,3,-1,-1,-1,0,0,1,0,0,10,0,0,0,34.49
1,0,0,0,-1,0,1,0,0,0,0,0,2,0,-1,0,-1,2,-1,1,-1,3,0,-1,200,0,9223372036800000000,1e+75,0,10,0,0,7,0,0,1,1000,1,1,0,1,0,0,0,0,1,2,0,1,-1,-1,-1,-1,0,10,-1,1,1,3,-1,-1,4,0,0,1,0,0,10,0,0,0,22.02
1,0,0,0,-1,0,1,0,0,0,0,0,2,0,-1,0,-1,2,-1,1,-1,3,0,-1,200,0,9223372036800000000,1e+75,0,10,0,0,7,0,0,1,1000,1,1,0,0,0,0,0,0,1,2,0,1,-1,-1,-1,-1,0,10,-1,1,1,3,-1,-1,4,0,0,1,0,0,10,0,0,0,19.48
1,0,0,0,-1,0,1,3,0,0,0,0,-1,0,1,2,-1,-1,-1,-1,0,3,0,-1,800,0,9223372036800000000,1e+75,0,10,0,0,7,0,0,1,1000,0,1,0,2,0,0,0,0,4,2,0,1,-1,-1,-1,-1,1,10,-1,1,1,3,-1,-1,4,0,0,1,0,0,10,0,0,0,15.94
1,0,0,0,-1,0,1,0,0,0,0,0,2,0,-1,0,-1,2,-1,2,-1,3,0,-1,10,0,9223372036800000000,1e+75,0,10,0,0,7,0,0,1,1000,1,1,0,0,0,0,0,0,1,2,0,1,-1,-1,-1,-1,0,10,-1,1,1,3,-1,-1,4,0,0,1,0,0,10,0,0,0,20.51
1,0,0,0,-1,0,1,0,0,0,0,0,3,0,-1,0,-1,2,-1,1,-1,3,0,-1,10,0,9223372036800000000,1e+75,0,10,0,0,7,0,0,1,1000,1,1,0,0,0,0,0,0,1,2,0,1,-1,-1,-1,-1,0,10,-1,1,1,3,-1,-1,4,0,0,1,0,0,10,0,0,0,20.51
1,0,0,0,-1,0,1,0,0,0,0,0,2,0,-1,0,-1,2,-1,1,0,3,0,-1,10,0,9223372036800000000,1e+75,0,10,0,0,7,0,0,1,1000,1,1,0,0,0,0,0,0,1,2,0,1,-1,-1,-1,-1,0,10,-1,1,1,3,-1,-1,4,0,0,1,0,0,10,0,0,0,20.51
1,0,0,0,-1,0,1,2,0,0,0,0,1,0,-1,2,0,1,1,-1,2,3,0,-1,100,0,9223372036800000000,1e+75,0,10,0,0,7,1,0,1,100,1,1,0,2,0,0,0,0,4,2,0,1,-1,-1,-1,-1,0,10,-1,1,1,3,-1,-1,0,0,0,1,0,0,10,0,0,0,34.86
1,0,0,0,-1,0,1,5,0,0,0,0,2,0,1,2,-1,0,1,0,2,3,0,-1,150,0,9223372036800000000,1e+75,0,10,0,0,7,0,0,1,-1,1,1,1,0,0,0,0,0,4,2,0,1,-1,-1,-1,-1,1,10,-1,1,1,3,-1,-1,5,0,0,1,0,0,10,0,0,0,27.68
1,0,0,0,-1,0,1,2,0,0,0,0,0,0,1,2,-1,0,1,1,0,3,0,-1,400,0,9223372036800000000,1e+75,0,10,0,0,7,-1,0,1,40,1,1,0,0,0,0,0,0,-1,2,0,1,-1,-1,-1,-1,-1,10,-1,1,1,3,-1,-1,3,0,0,1,0,0,10,0,0,0,26.6
1,0,0,0,-1,0,1,2,0,0,0,0,0,0,1,2,-1,0,1,1,0,3,0,-1,100,0,9223372036800000000,1e+75,0,10,0,0,7,-1,0,1,40,1,1,0,1,0,0,0,0,-1,2,0,1,-1,-1,-1,-1,-1,10,-1,1,1,3,-1,-1,3,0,0,1,0,0,10,0,0,0,26.81
1,0,0,0,-1,0,1,2,0,0,0,0,0,0,1,2,-1,0,1,1,0,3,0,-1,400,0,9223372036800000000,1e+75,0,10,0,0,7,-1,0,1,40,1,1,0,3,0,0,0,0,-1,2,0,1,-1,-1,-1,-1,-1,10,-1,1,1,3,-1,-1,3,0,0,1,0,0,10,0,0,0,27.56
1,0,0,0,-1,0,1,0,0,0,0,0,2,0,-1,2,0,2,2,-1,-1,3,0,-1,200,0,9223372036800000000,1e+75,0,10,0,0,7,0,0,1,0,1,1,0,3,0,0,0,0,1,2,0,1,-1,-1,-1,-1,1,10,-1,1,1,3,-1,-1,0,0,0,1,0,0,10,0,0,0,26.65
1,0,0,0,-1,0,1,2,0,0,0,0,0,0,1,2,-1,0,1,1,0,3,0,-1,400,0,9223372036800000000,1e+75,0,10,0,0,7,-1,0,1,40,1,1,0,1,0,0,0,0,1,2,0,1,-1,-1,-1,-1,-1,10,-1,1,1,3,-1,-1,3,0,0,1,0,0,10,0,0,0,29.43
1,0,0,0,-1,0,1,0,0,0,0,0,0,0,0,1,-1,2,1,1,0,3,0,-1,100,0,9223372036800000000,1e+75,0,10,0,0,7,1,0,1,500,1,1,0,1,0,0,0,0,1,2,0,1,-1,-1,-1,-1,0,10,-1,1,1,3,-1,-1,2,0,0,1,0,0,10,0,0,0,27.58
1,0,0,0,-1,0,1,3,0,0,0,0,-1,0,1,2,-1,-1,-1,-1,0,3,0,-1,800,0,9223372036800000000,1e+75,0,10,0,0,7,0,0,1,40,0,1,0,1,0,0,0,0,4,2,0,1,-1,-1,-1,-1,1,10,-1,1,1,3,-1,-1,4,0,0,1,0,0,10,0,0,0,15.94
1,0,0,0,-1,0,1,2,0,0,0,0,3,0,1,2,-1,0,1,1,0,3,0,-1,400,0,9223372036800000000,1e+75,0,10,0,0,7,-1,0,1,40,1,1,0,1,0,0,0,0,-1,2,0,1,-1,-1,-1,-1,-1,10,-1,1,1,3,-1,-1,3,0,0,1,0,0,10,0,0,0,26.6
1,0,0,0,-1,0,1,2,0,0,0,0,0,0,1,2,-1,0,1,1,2,3,0,-1,400,0,9223372036800000000,1e+75,0,10,0,0,7,-1,0,1,40,1,1,0,1,0,0,0,0,-1,2,0,1,-1,-1,-1,-1,-1,10,-1,1,1,3,-1,-1,3,0,0,1,0,0,10,0,0,0,26.6
1,0,0,0,-1,0,1,2,0,0,0,0,0,0,1,1,-1,0,1,1,0,3,0,-1,400,0,9223372036800000000,1e+75,0,10,0,0,7,-1,0,1,40,1,1,0,1,0,0,0,0,-1,2,0,1,-1,-1,-1,-1,-1,10,-1,1,1,3,-1,-1,3,0,0,1,0,0,10,0,0,0,26.6
1,0,0,0,-1,0,1,3,0,0,1,0,-1,0,1,2,-1,-1,-1,-1,0,3,0,-1,800,0,9223372036800000000,1e+75,0,10,0,0,7,0,0,1,40,0,1,0,2,0,0,0,0,4,2,0,1,-1,-1,-1,-1,1,10,-1,1,1,3,-1,-1,4,0,0,1,0,0,10,0,0,0,15.94
1,0,0,0,-1,0,1,2,0,0,0,0,0,0,-1,2,-1,0,1,1,0,3,0,-1,400,0,9223372036800000000,1e+75,0,10,0,0,7,-1,0,1,40,1,1,0,1,0,0,0,0,-1,2,0,1,-1,-1,-1,-1,-1,10,-1,1,1,3,-1,-1,3,0,0,1,0,0,10,0,0,0,26.6
1,0,0,0,-1,0,1,2,0,0,0,0,0,0,1,2,-1,0,1,1,0,3,0,-1,400,0,9223372036800000000,1e+75,0,10,0,0,7,-1,0,1,40,1,1,0,1,0,0,0,0,-1,2,0,1,-1,-1,-1,-1,1,10,-1,1,1,3,-1,-1,3,0,0,1,0,0,10,0,0,0,32.94
1,0,0,0,-1,0,1,2,0,0,0,0,0,0,1,2,-1,0,-1,1,0,3,0,-1,400,0,9223372036800000000,1e+75,0,10,0,0,7,-1,0,1,40,1,1,0,1,0,0,0,0,-1,2,0,1,-1,-1,-1,-1,-1,10,-1,1,1,3,-1,-1,3,0,0,1,0,0,10,0,0,0,26.6
1,0,0,0,-1,0,1,4,0,0,0,0,2,0,-1,2,0,2,2,-1,-1,3,0,-1,150,0,9223372036800000000,1e+75,0,10,0,0,7,0,0,1,0,0,1,0,3,0,0,0,0,1,2,0,1,-1,-1,-1,-1,1,10,-1,1,1,3,-1,-1,0,0,0,1,0,0,10,0,0,0,30.07
1,0,0,0,-1,0,1,0,0,0,0,0,3,0,1,-1,2,0,1,2,-1,3,0,-1,100,0,9223372036800000000,1e+75,0,10,0,0,7,0,0,1,0,0,1,0,3,0,0,0,0,-1,2,0,1,-1,-1,-1,-1,-1,10,-1,1,1,3,-1,-1,3,0,0,1,0,0,10,0,0,0,31.71
1,0,0,0,-1,0,1,3,0,0,0,0,2,0,1,2,-1,-1,1,2,2,3,0,-1,100,0,9223372036800000000,1e+75,0,10,0,0,7,-1,0,1,40,1,1,0,-1,0,0,0,0,0,2,0,1,-1,-1,-1,-1,1,10,-1,1,1,3,-1,-1,1,0,0,1,0,0,10,0,0,0,41.88
1,0,0,0,-1,0,1,3,0,0,0,0,2,0,1,2,-1,-1,1,2,2,3,0,-1,100,0,9223372036800000000,1e+75,0,10,0,0,7,-1,0,1,40,1,1,0,-1,0,0,0,0,0,2,0,1,-1,-1,-1,-1,1,10,-1,1,1,3,-1,-1,3,0,0,1,0,0,10,0,0,0,36.06
1,0,0,0,-1,0,1,3,0,0,0,0,2,0,1,2,-1,-1,1,2,-1,3,0,-1,100,0,9223372036800000000,1e+75,0,10,0,0,7,-1,0,1,40,1,1,0,-1,0,0,0,0,0,2,0,1,-1,-1,-1,-1,1,10,-1,1,1,3,-1,-1,4,0,0,1,0,0,10,0,0,0,16.9
1,0,0,0,-1,0,1,3,0,0,0,0,-1,0,1,2,-1,-1,-1,-1,0,5,0,-1,800,0,9223372036800000000,1e+75,0,10,0,0,7,0,0,1,40,0,1,0,2,0,0,0,0,4,2,0,1,-1,-1,-1,-1,1,10,-1,1,1,3,-1,-1,4,0,0,1,0,0,10,0,0,0,15.94
1,0,0,0,-1,0,1,3,0,0,0,0,2,0,1,2,1,-1,1,2,2,3,0,-1,100,0,9223372036800000000,1e+75,0,10,0,0,7,-1,0,1,40,1,1,0,-1,0,0,0,0,0,2,0,1,-1,-1,-1,-1,1,10,-1,1,1,3,-1,-1,4,0,0,1,0,0,10,0,0,0,16.9
1,0,0,0,-1,0,1,3,0,0,0,0,2,0,1,2,2,-1,1,2,2,3,0,-1,100,0,9223372036800000000,1e+75,0,10,0,0,7,-1,0,1,40,1,1,0,-1,0,0,0,0,0,2,0,1,-1,-1,-1,-1,1,10,-1,1,1,3,-1,-1,4,0,0,1,0,0,10,0,0,0,16.9
1,0,0,0,-1,0,1,3,0,0,0,0,2,0,1,2,-1,-1,1,2,2,3,0,-1,100,0,9223372036800000000,1e+75,0,10,0,0,7,-1,0,1,100,1,1,0,-1,0,0,0,0,0,2,0,1,-1,-1,-1,-1,1,10,-1,1,1,3,-1,-1,4,0,0,1,0,0,10,0,0,0,16.9
1,0,0,0,-1,0,1,3,0,0,0,0,2,0,1,2,-1,-1,1,2,2,3,0,-1,100,0,9223372036800000000,1e+75,0,10,0,0,7,-1,0,1,500,1,1,0,-1,0,0,0,0,0,2,0,1,-1,-1,-1,-1,1,10,-1,1,1,3,-1,-1,4,0,0,1,0,0,10,0,0,0,16.9
1,0,0,0,-1,0,1,3,0,0,0,0,2,0,1,2,-1,-1,1,2,2,3,0,-1,100,0,9223372036800000000,1e+75,0,10,0,0,7,-1,0,1,20,1,1,0,-1,0,0,0,0,0,2,0,1,-1,-1,-1,-1,1,10,-1,1,1,3,-1,-1,4,0,0,1,0,0,10,0,0,0,16.9
1,0,0,0,-1,0,1,3,0,0,0,0,2,0,1,2,-1,-1,1,-1,2,3,0,-1,100,0,9223372036800000000,1e+75,0,10,0,0,7,-1,0,1,40,1,1,0,-1,0,0,0,0,0,2,0,1,-1,-1,-1,-1,1,10,-1,1,1,3,-1,-1,4,0,0,1,0,0,10,0,0,0,16.9
1,0,0,0,-1,0,1,5,0,0,0,0,2,0,0,1,-1,0,2,1,0,3,0,-1,25,0,9223372036800000000,1e+75,0,10,0,0,7,0,0,1,500,0,1,1,1,0,0,0,0,4,2,0,1,-1,-1,-1,-1,-1,10,-1,1,1,3,-1,-1,4,0,0,1,0,0,10,0,0,0,19.71
1,0,0,0,-1,0,1,3,0,0,0,0,3,0,1,2,-1,-1,1,2,2,3,0,-1,100,0,9223372036800000000,1e+75,0,10,0,0,7,-1,0,1,40,1,1,0,-1,0,0,0,0,0,2,0,1,-1,-1,-1,-1,1,10,-1,1,1,3,-1,-1,4,0,0,1,0,0,10,0,0,0,16.9
1,0,0,0,-1,0,1,0,0,0,0,0,0,0,1,1,2,2,2,0,-1,3,0,-1,200,0,9223372036800000000,1e+75,0,10,0,0,7,0,0,1,1000,1,1,0,1,0,0,0,0,-1,2,0,1,-1,-1,-1,-1,0,10,-1,1,1,3,-1,-1,4,0,0,1,0,0,10,0,0,0,22.28
1,0,0,0,-1,0,1,3,0,0,0,0,2,0,1,2,-1,-1,1,2,2,3,0,-1,100,0,9223372036800000000,1e+75,0,10,0,0,7,-1,0,1,40,1,1,0,-1,0,0,0,0,0,2,0,1,-1,-1,-1,-1,1,10,-1,1,1,3,-1,-1,4,0,0,1,0,0,10,0,0,0,16.9
1,0,0,0,-1,0,1,0,0,0,0,0,2,0,-1,0,-1,2,-1,1,-1,3,0,-1,200,0,9223372036800000000,1e+75,0,10,0,0,7,-1,0,1,1000,1,1,0,0,0,0,0,0,1,2,0,1,-1,-1,-1,-1,0,10,-1,1,1,3,-1,-1,4,0,0,1,0,0,10,0,0,0,24.99
1,0,0,0,-1,0,1,0,0,0,0,0,0,0,1,1,-1,2,2,2,-1,3,0,-1,400,0,9223372036800000000,1e+75,0,10,0,0,7,1,0,1,20,1,1,0,3,0,0,0,0,2,2,0,1,-1,-1,-1,-1,1,10,-1,1,1,3,-1,-1,3,0,0,1,0,0,10,0,0,0,35.16
1,0,0,0,-1,0,1,0,0,0,0,0,0,0,1,1,-1,1,2,2,1,3,0,-1,400,0,9223372036800000000,1e+75,0,10,0,0,7,1,0,1,20,1,1,0,3,0,0,0,0,2,2,0,1,-1,-1,-1,-1,1,10,-1,1,1,3,-1,-1,3,0,0,1,0,0,10,0,0,0,35.16
1,0,0,0,-1,0,1,0,0,0,0,0,0,0,1,1,-1,2,2,2,1,3,0,-1,400,0,9223372036800000000,1e+75,0,10,0,0,7,1,0,1,100,1,1,0,3,0,0,0,0,2,2,0,1,-1,-1,-1,-1,1,10,-1,1,1,3,-1,-1,3,0,0,1,0,0,10,0,0,0,35.16
1,0,0,0,-1,0,1,0,0,0,0,0,0,0,1,1,-1,2,2,2,1,3,0,-1,150,0,9223372036800000000,1e+75,0,10,0,0,7,1,0,1,20,1,1,0,3,0,0,0,0,2,2,0,1,-1,-1,-1,-1,1,10,-1,1,1,3,-1,-1,3,0,0,1,0,0,10,0,0,0,35.16
1,0,0,0,-1,0,1,0,0,0,0,0,3,0,1,1,-1,2,2,2,1,3,0,-1,400,0,9223372036800000000,1e+75,0,10,0,0,7,1,0,1,20,1,1,0,3,0,0,0,0,2,2,0,1,-1,-1,-1,-1,1,10,-1,1,1,3,-1,-1,3,0,0,1,0,0,10,0,0,0,35.16
1,0,0,0,-1,0,1,0,0,0,0,0,0,0,1,1,-1,2,2,2,1,3,0,-1,400,0,9223372036800000000,1e+75,0,10,0,0,7,1,0,1,20,1,1,0,3,0,0,0,0,2,2,0,1,-1,-1,-1,-1,1,10,-1,1,1,3,-1,-1,1,0,0,1,0,0,10,0,0,0,38.97
1,0,0,0,-1,0,1,0,0,0,0,0,0,0,1,-1,-1,2,2,2,1,3,0,-1,400,0,9223372036800000000,1e+75,0,10,0,0,7,1,0,1,20,1,1,0,3,0,0,0,0,2,2,0,1,-1,-1,-1,-1,1,10,-1,1,1,3,-1,-1,3,0,0,1,0,0,10,0,0,0,35.16
1,0,0,0,-1,0,1,0,0,0,0,0,0,0,1,1,1,2,2,2,1,3,0,-1,400,0,9223372036800000000,1e+75,0,10,0,0,7,1,0,1,20,1,1,0,3,0,0,0,0,2,2,0,1,-1,-1,-1,-1,1,10,-1,1,1,3,-1,-1,3,0,0,1,0,0,10,0,0,0,35.16
1,0,0,0,-1,0,1,5,0,0,0,0,2,0,0,1,-1,0,2,1,0,3,0,-1,25,0,9223372036800000000,1e+75,0,10,0,0,7,0,0,1,100,0,1,1,1,0,0,0,0,4,2,0,1,-1,-1,-1,-1,-1,10,-1,1,1,3,-1,-1,4,0,0,1,0,0,10,0,0,0,19.71
1,0,0,0,-1,0,1,0,0,0,0,0,0,0,1,1,-1,2,2,2,1,3,0,-1,25,0,9223372036800000000,1e+75,0,10,0,0,7,1,0,1,20,1,1,0,3,0,0,0,0,2,2,0,1,-1,-1,-1,-1,0,10,-1,1,1,3,-1,-1,3,0,0,1,0,0,10,0,0,0,40.67
1,0,0,0,-1,0,1,0,0,0,0,0,0,0,1,1,-1,2,2,2,1,3,0,-1,400,0,9223372036800000000,1e+75,0,10,0,0,7,1,0,1,20,1,1,0,3,0,0,0,0,2,2,0,1,-1,-1,-1,-1,0,10,-1,1,1,3,-1,-1,3,0,0,1,0,0,10,0,0,0,39.02
1,0,0,0,-1,0,1,3,0,0,0,0,-1,0,1,2,-1,-1,-1,-1,0,3,0,-1,800,0,9223372036800000000,1e+75,0,10,0,0,7,0,0,2,40,0,1,0,2,0,0,0,0,4,2,0,1,-1,-1,-1,-1,1,10,-1,1,1,3,-1,-1,4,0,0,1,0,0,10,0,0,0,15.94
1,0,0,0,-1,0,1,4,0,0,0,0,0,0,-1,-1,1,1,1,0,-1,3,0,-1,100,0,9223372036800000000,1e+75,0,10,0,0,7,1,0,1,20,1,1,0,-1,0,0,0,0,2,2,0,1,-1,-1,-1,-1,-1,10,-1,1,1,3,-1,-1,-1,0,0,1,0,0,10,0,0,0,41.17
1,0,0,0,-1,0,1,0,0,0,0,0,2,0,-1,2,-1,-1,1,1,1,3,0,-1,150,0,9223372036800000000,1e+75,0,10,0,0,7,0,0,1,20,0,1,1,2,0,0,0,0,1,2,0,1,-1,-1,-1,-1,0,10,-1,1,1,3,-1,-1,0,0,0,1,0,0,10,0,0,0,31.66
1,0,0,0,-1,0,1,0,0,0,0,0,1,0,-1,-1,0,2,-1,0,1,3,0,-1,400,0,9223372036800000000,1e+75,0,10,0,0,7,-1,0,1,100,1,1,1,-1,0,0,0,3,1,2,0,1,-1,-1,-1,-1,1,10,-1,1,1,3,-1,-1,0,0,0,1,0,0,10,0,0,0,42.22
1,0,0,0,-1,0,1,0,0,0,0,0,2,0,-1,2,-1,2,1,1,1,3,0,-1,150,0,9223372036800000000,1e+75,0,10,0,0,7,0,0,1,20,0,1,1,2,0,0,0,0,1,2,0,1,-1,-1,-1,-1,0,10,-1,1,1,3,-1,-1,1,0,0,1,0,0,10,0,0,0,30.41
1,0,0,0,-1,0,1,3,0,0,0,0,2,0,1,0,-1,-1,1,2,2,3,0,-1,100,0,9223372036800000000,1e+75,0,10,0,0,7,-1,0,1,40,1,1,0,-1,0,0,0,0,0,2,0,1,-1,-1,-1,-1,1,10,-1,1,1,3,-1,-1,4,0,0,1,0,0,10,0,0,0,16.9
1,0,0,0,-1,0,1,0,0,0,0,0,2,0,-1,2,2,-1,1,1,1,3,0,-1,150,0,9223372036800000000,1e+75,0,10,0,0,7,0,0,1,20,0,1,1,2,0,0,0,0,1,2,0,1,-1,-1,-1,-1,0,10,-1,1,1,3,-1,-1,1,0,0,1,0,0,10,0,0,0,31.66
1,0,0,0,-1,0,1,0,0,0,0,0,2,0,-1,0,-1,2,-1,1,-1,3,0,-1,800,0,9223372036800000000,1e+75,0,10,0,0,7,0,0,1,1000,1,1,0,0,0,0,0,0,1,2,0,1,-1,-1,-1,-1,0,10,-1,1,1,3,-1,-1,4,0,0,1,0,0,10,0,0,0,20.72
1,0,0,0,-1,0,1,0,0,0,0,0,2,0,-1,2,-1,-1,2,1,1,3,0,-1,150,0,9223372036800000000,1e+75,0,10,0,0,7,0,0,1,20,0,1,1,2,0,0,0,0,1,2,0,1,-1,-1,-1,-1,0,10,-1,1,1,3,-1,-1,1,0,0,1,0,0,10,0,0,0,31.66
1,0,0,0,-1,0,1,0,0,0,0,0,2,0,-1,2,-1,-1,1,1,1,3,0,-1,150,0,9223372036800000000,1e+75,0,10,0,0,7,0,0,1,20,0,1,1,2,0,0,0,0,1,2,0,1,-1,-1,-1,-1,0,10,-1,1,1,3,-1,-1,1,0,0,1,0,0,10,0,0,0,31.66
1,0,0,0,-1,0,1,0,0,0,0,0,1,0,-1,2,-1,-1,1,1,1,3,0,-1,150,0,9223372036800000000,1e+75,0,10,0,0,7,0,0,1,500,0,1,1,2,0,0,0,0,1,2,0,1,-1,-1,-1,-1,0,10,-1,1,1,3,-1,-1,1,0,0,1,0,0,10,0,0,0,36.09
1,0,0,0,-1,0,1,0,0,0,0,0,2,0,-1,2,-1,-1,1,1,1,3,0,-1,150,0,9223372036800000000,1e+75,0,10,0,0,7,0,0,1,500,0,1,1,2,0,0,0,0,1,2,0,1,-1,-1,-1,-1,0,10,-1,1,1,3,-1,-1,1,0,0,1,0,0,10,0,0,0,33.04
1,0,0,0,-1,0,1,5,0,0,0,0,2,0,-1,0,-1,-1,1,1,1,3,0,-1,150,0,9223372036800000000,1e+75,0,10,0,0,7,0,0,1,500,0,1,1,2,0,0,0,0,1,2,0,1,-1,-1,-1,-1,0,10,-1,1,1,3,-1,-1,1,0,0,1,0,0,10,0,0,0,58.02
1,0,0,0,-1,0,1,5,0,0,0,0,2,0,-1,2,-1,-1,2,1,1,3,0,-1,150,0,9223372036800000000,1e+75,0,10,0,0,7,0,0,1,500,0,1,1,2,0,0,0,0,1,2,0,1,-1,-1,-1,-1,0,10,-1,1,1,3,-1,-1,1,0,0,1,0,0,10,0,0,0,58.02
1,0,0,0,-1,0,1,3,0,0,0,0,-1,0,-1,-1,1,0,2,1,1,3,0,-1,800,0,9223372036800000000,1e+75,0,10,0,0,7,0,0,1,0,0,1,1,0,0,0,0,0,0,2,0,1,-1,-1,-1,-1,0,10,-1,1,1,3,-1,-1,2,0,0,1,0,0,10,0,0,0,31.37
1,0,0,0,-1,0,1,3,0,0,0,0,-1,0,1,2,-1,-1,-1,-1,0,3,0,-1,800,0,9223372036800000000,1e+75,0,10,0,0,7,0,0,1,40,0,1,0,2,0,0,0,0,4,2,0,1,-1,-1,-1,-1,1,20,-1,1,1,3,-1,-1,4,0,0,1,0,0,10,0,0,0,19.33
1,0,0,0,-1,0,1,0,0,0,0,0,0,0,1,2,-1,0,1,1,0,3,0,-1,400,0,9223372036800000000,1e+75,0,10,0,0,7,-1,0,1,40,1,1,0,1,0,0,0,0,-1,2,0,1,-1,-1,-1,-1,-1,10,-1,1,1,3,-1,-1,3,0,0,1,0,0,10,0,0,0,26.6
1,0,0,0,-1,0,1,3,0,0,0,0,-1,0,-1,1,1,0,2,1,1,3,0,-1,800,0,9223372036800000000,1e+75,0,10,0,0,7,0,0,1,0,0,1,1,0,0,0,0,0,0,2,0,1,-1,-1,-1,-1,0,10,-1,1,1,3,-1,-1,4,0,0,1,0,0,10,0,0,0,18.9
1,0,0,0,-1,0,1,3,0,0,0,0,-1,0,-1,-1,1,0,2,-1,1,3,0,-1,800,0,9223372036800000000,1e+75,0,10,0,0,7,0,0,1,0,0,1,1,0,0,0,0,0,0,2,0,1,-1,-1,-1,-1,0,10,-1,1,1,3,-1,-1,4,0,0,1,0,0,10,0,0,0,18.9
1,0,0,0,-1,0,1,3,0,0,0,0,-1,0,-1,-1,1,0,2,1,1,3,0,-1,800,0,9223372036800000000,1e+75,0,10,0,0,7,0,0,1,0,0,1,1,0,0,0,0,0,0,2,0,1,-1,-1,-1,-1,-1,10,-1,1,1,3,-1,-1,4,0,0,1,0,0,10,0,0,0,18.9
1,0,0,0,-1,0,1,5,0,0,0,0,2,0,0,1,-1,0,2,2,0,3,0,-1,25,0,9223372036800000000,1e+75,0,10,0,0,7,0,0,1,100,0,1,1,1,0,0,0,0,4,2,0,1,-1,-1,-1,-1,-1,10,-1,1,1,3,-1,-1,4,0,0,1,0,0,10,0,0,0,19.71
1,0,0,0,-1,0,1,3,0,0,0,0,-1,0,-1,-1,1,0,2,1,1,3,0,-1,800,0,9223372036800000000,1e+75,0,10,0,0,7,0,0,1,0,0,1,1,1,0,0,0,0,0,2,0,1,-1,-1,-1,-1,0,10,-1,1,1,3,-1,-1,4,0,0,1,0,0,10,0,0,0,18.9
1,0,0,0,-1,0,1,3,0,0,0,0,-1,0,-1,-1,1,0,2,1,2,3,0,-1,800,0,9223372036800000000,1e+75,0,10,0,0,7,0,0,1,0,0,1,1,0,0,0,0,0,0,2,0,1,-1,-1,-1,-1,0,10,-1,1,1,3,-1,-1,4,0,0,1,0,0,10,0,0,0,18.9
1,0,0,0,-1,0,1,3,0,0,0,0,-1,0,-1,-1,1,0,2,1,1,3,0,-1,800,0,9223372036800000000,1e+75,0,10,0,0,7,0,0,1,40,0,1,1,0,0,0,0,0,0,2,0,1,-1,-1,-1,-1,0,10,-1,1,1,3,-1,-1,4,0,0,1,0,0,10,0,0,0,18.9
1,0,0,0,-1,0,1,3,0,0,0,0,-1,0,-1,-1,1,0,2,1,1,3,0,-1,800,0,9223372036800000000,1e+75,0,10,0,0,7,0,0,1,0,0,1,1,-1,0,0,0,0,0,2,0,1,-1,-1,-1,-1,0,10,-1,1,1,3,-1,-1,1,0,0,1,0,0,10,0,0,0,27.65
1,0,0,0,-1,0,1,0,0,0,0,0,-1,0,0,0,2,-1,2,-1,2,3,0,-1,100,0,9223372036800000000,1e+75,0,10,0,0,7,1,0,1,-1,0,1,0,-1,0,0,0,0,0,2,0,1,-1,-1,-1,-1,1,10,-1,1,1,3,-1,-1,4,0,0,1,0,0,10,0,0,0,19.07
1,0,0,0,-1,0,1,0,0,0,0,0,-1,0,0,0,2,-1,2,-1,2,3,0,-1,100,0,9223372036800000000,1e+75,0,10,0,0,7,1,0,1,0,1,1,0,-1,0,0,0,0,0,2,0,1,-1,-1,-1,-1,1,10,-1,1,1,3,-1,-1,4,0,0,1,0,0,10,0,0,0,18.07
1,0,0,0,-1,0,1,5,0,0,0,0,-1,0,0,1,2,-1,2,0,1,3,0,-1,200,0,9223372036800000000,1e+75,0,10,0,0,7,1,0,1,0,0,1,0,0,0,0,0,0,3,2,0,1,-1,-1,-1,-1,0,10,-1,1,1,3,-1,-1,-1,0,0,1,0,0,10,0,0,0,45.13
1,0,0,0,-1,0,1,5,0,0,0,0,-1,0,0,1,2,-1,2,0,1,3,0,-1,200,0,9223372036800000000,1e+75,0,10,0,0,7,1,0,1,0,0,1,0,2,0,0,0,0,3,2,0,1,-1,-1,-1,-1,0,10,-1,1,1,3,-1,-1,-1,0,0,1,0,0,10,0,0,0,45.13
1,0,0,0,-1,0,1,5,0,0,0,0,-1,0,0,1,2,-1,2,0,1,3,0,-1,200,0,9223372036800000000,1e+75,0,10,0,0,7,1,0,1,0,0,1,0,-1,0,0,0,0,3,2,0,1,-1,-1,-1,-1,0,10,-1,1,1,3,-1,-1,-1,0,0,1,0,0,10,0,0,0,45.13
1,0,0,0,-1,0,1,5,0,0,0,0,-1,0,0,1,2,-1,2,1,1,3,0,-1,200,0,9223372036800000000,1e+75,0,10,0,0,7,1,0,1,0,0,1,0,3,0,0,0,0,3,2,0,1,-1,-1,-1,-1,0,10,-1,1,1,3,-1,-1,-1,0,0,1,0,0,10,0,0,0,45.13
1,0,0,0,-1,0,1,0,0,0,0,0,2,0,-1,-1,0,2,-1,0,1,3,0,-1,100,0,9223372036800000000,1e+75,0,10,0,0,7,0,0,1,1000,0,1,0,1,0,0,0,4,-1,2,0,1,-1,-1,-1,-1,1,10,-1,1,1,3,-1,-1,-1,0,0,1,0,0,10,0,0,0,28.11
1,0,0,0,-1,0,1,5,0,0,0,0,-1,0,0,1,2,-1,2,0,0,3,0,-1,200,0,9223372036800000000,1e+75,0,10,0,0,7,1,0,1,0,0,1,0,3,0,0,0,0,3,2,0,1,-1,-1,-1,-1,0,10,-1,1,1,3,-1,-1,-1,0,0,1,0,0,10,0,0,0,45.13
1,0,0,0,-1,0,1,3,0,0,0,0,-1,0,1,2,-1,-1,-1,-1,0,3,0,-1,800,0,9223372036800000000,1e+75,0,10,0,1,7,0,0,1,40,0,1,0,2,0,0,0,0,4,2,0,1,-1,-1,-1,-1,1,10,-1,1,1,3,-1,-1,4,0,0,1,0,0,10,0,0,0,15.94
1,0,0,0,-1,0,1,1,0,0,0,0,-1,0,1,-1,-1,0,2,1,-1,3,0,-1,25,0,9223372036800000000,1e+75,0,10,0,0,7,0,0,1,0,0,1,0,0,0,0,0,0,1,2,0,1,-1,-1,-1,-1,1,10,-1,1,1,3,-1,-1,2,0,0,1,0,0,10,0,0,0,26.3
1,0,0,0,-1,0,1,1,0,0,0,0,-1,0,1,-1,-1,0,2,1,1,3,0,-1,25,0,9223372036800000000,1e+75,0,10,0,0,7,0,0,1,0,0,1,0,0,0,0,0,0,1,2,0,1,-1,-1,-1,-1,0,10,-1,1,1,3,-1,-1,2,0,0,1,0,0,10,0,0,0,27.41
1,0,0,0,-1,0,1,2,0,0,0,0,0,0,1,2,-1,0,1,1,0,3,0,-1,200,0,9223372036800000000,1e+75,0,10,0,0,7,-1,0,1,40,1,1,0,1,0,0,0,0,-1,2,0,1,-1,-1,-1,-1,-1,10,-1,1,1,3,-1,-1,3,0,0,1,0,0,10,0,0,0,28.08
1,0,0,0,-1,0,1,1,0,0,0,0,-1,0,1,-1,-1,0,2,1,-1,3,0,-1,400,0,9223372036800000000,1e+75,0,10,0,0,7,0,0,1,0,0,1,0,0,0,0,0,0,1,2,0,1,-1,-1,-1,-1,0,10,-1,1,1,3,-1,-1,2,0,0,1,0,0,10,0,0,0,29.95
1,0,0,0,-1,0,1,0,0,0,0,0,3,0,0,1,-1,1,2,-1,-1,3,0,-1,800,0,9223372036800000000,1e+75,0,10,0,0,7,1,0,1,0,0,1,0,3,0,0,0,0,4,2,0,1,-1,-1,-1,-1,1,10,-1,1,1,3,-1,-1,4,0,0,1,0,0,10,0,0,0,18.93
1,0,0,0,-1,0,1,0,0,0,0,0,3,0,0,1,1,1,2,-1,-1,3,0,-1,800,0,9223372036800000000,1e+75,0,10,0,0,7,1,0,1,0,0,1,0,3,0,0,0,0,4,2,0,1,-1,-1,-1,-1,-1,10,-1,1,1,3,-1,-1,4,0,0,1,0,0,10,0,0,0,19.39
1,0,0,0,-1,0,1,5,0,0,0,0,1,0,1,1,1,1,2,2,0,3,0,-1,400,0,9223372036800000000,1e+75,0,10,0,0,7,1,0,1,1000,0,1,1,3,0,0,0,1,3,2,0,1,-1,-1,-1,-1,-1,10,-1,1,1,3,-1,-1,3,0,0,1,0,0,10,0,0,0,60
1,0,0,0,-1,0,1,0,0,0,0,0,2,0,-1,2,0,2,2,-1,-1,3,0,-1,200,0,9223372036800000000,1e+75,0,10,0,0,7,0,0,1,0,0,1,0,3,0,0,0,0,1,2,0,1,-1,-1,-1,-1,1,10,-1,1,1,3,-1,-1,3,0,0,1,0,0,10,0,0,0,27.62
1,0,0,0,-1,0,1,0,0,0,0,0,3,0,0,1,1,1,2,-1,1,3,0,-1,800,0,9223372036800000000,1e+75,0,10,0,0,7,1,0,1,0,0,1,0,3,0,0,0,0,4,2,0,1,-1,-1,-1,-1,1,10,-1,1,1,3,-1,-1,4,0,0,1,0,0,10,0,0,0,18.93
1,0,0,0,-1,0,1,0,0,0,0,0,3,0,0,1,1,1,2,-1,-1,3,0,-1,800,0,9223372036800000000,1e+75,0,10,0,0,7,1,0,1,0,0,1,0,2,0,0,0,0,4,2,0,1,-1,-1,-1,-1,-1,10,-1,1,1,3,-1,-1,4,0,0,1,0,0,10,0,0,0,21.93
1,0,0,0,-1,0,1,0,0,0,0,0,3,0,0,1,1,1,2,-1,-1,3,0,-1,800,0,9223372036800000000,1e+75,0,10,0,0,7,1,0,1,0,0,1,0,3,0,0,0,0,4,2,0,1,-1,-1,-1,-1,1,10,-1,1,1,3,-1,-1,4,0,0,1,0,0,10,0,0,0,18.93
1,0,0,0,-1,0,1,0,0,0,0,0,3,0,0,1,1,1,2,-1,-1,3,0,-1,800,0,9223372036800000000,1e+75,0,10,0,0,7,1,0,1,0,0,1,0,2,0,0,0,0,4,2,0,1,-1,-1,-1,-1,1,10,-1,1,1,3,-1,-1,4,0,0,1,0,0,10,0,0,0,20.12
1,0,0,0,-1,0,1,0,0,0,0,0,3,0,-1,1,2,-1,1,0,-1,3,0,-1,800,0,9223372036800000000,1e+75,0,10,0,0,7,0,0,1,0,0,1,0,3,0,0,0,0,2,2,0,1,-1,-1,-1,-1,0,10,-1,1,1,3,-1,-1,-1,0,0,1,0,0,10,0,0,0,38.64
1,0,0,0,-1,0,1,0,0,0,0,0,1,0,0,1,-1,0,1,1,2,3,0,-1,800,0,9223372036800000000,1e+75,0,10,0,0,7,0,0,1,0,0,1,0,3,0,0,0,0,2,2,0,1,-1,-1,-1,-1,0,10,-1,1,1,3,-1,-1,0,0,0,1,0,0,10,0,0,0,36.18
1,0,0,0,-1,0,1,3,0,0,0,0,1,0,-1,1,-1,2,-1,1,0,3,0,-1,200,0,9223372036800000000,1e+75,0,10,0,0,7,0,0,1,0,0,1,1,0,0,0,0,0,2,2,0,1,-1,-1,-1,-1,-1,10,-1,1,1,3,-1,-1,3,0,0,1,0,0,10,0,0,0,33.67
1,0,0,0,-1,0,1,3,0,0,0,0,3,0,-1,1,-1,2,-1,1,0,3,0,-1,200,0,9223372036800000000,1e+75,0,10,0,0,7,0,0,1,0,0,1,1,0,0,0,0,0,2,2,0,1,-1,-1,-1,-1,-1,10,-1,1,1,3,-1,-1,4,0,0,1,0,0,10,0,0,0,27.58
1,0,0,0,-1,0,1,3,0,0,0,0,1,0,-1,1,-1,2,-1,1,1,3,0,-1,200,0,9223372036800000000,1e+75,0,10,0,0,7,0,0,1,0,0,1,1,0,0,0,0,0,2,2,0,1,-1,-1,-1,-1,-1,10,-1,1,1,3,-1,-1,4,0,0,1,0,0,10,0,0,0,27.58
1,0,0,0,-1,0,1,0,0,0,0,0,3,0,-1,2,0,0,-1,0,1,3,0,-1,10,0,9223372036800000000,1e+75,0,10,0,0,7,0,0,1,100,1,1,1,-1,0,0,0,0,-1,2,0,1,-1,-1,-1,-1,-1,10,-1,1,1,3,-1,-1,4,0,0,1,0,0,10,0,0,0,23.64
1,0,0,0,-1,0,1,3,0,0,0,0,1,0,-1,1,-1,2,-1,1,0,3,0,-1,200,0,9223372036800000000,1e+75,0,10,0,0,7,0,0,1,0,0,1,1,1,0,0,0,0,2,2,0,1,-1,-1,-1,-1,-1,10,-1,1,1,3,-1,-1,4,0,0,1,0,0,10,0,0,0,27.58
1,0,0,0,-1,0,1,0,0,0,0,0,2,0,-1,-1,-1,-1,1,1,1,3,0,-1,150,0,9223372036800000000,1e+75,0,10,0,0,7,0,0,1,500,0,1,1,2,0,0,0,0,1,2,0,1,-1,-1,-1,-1,0,10,-1,1,1,3,-1,-1,1,0,0,1,0,0,10,0,0,0,33.04
1,0,0,0,-1,0,1,3,0,0,0,0,1,0,-1,1,-1,2,-1,1,0,3,0,-1,50,0,9223372036800000000,1e+75,0,10,0,0,7,0,0,1,0,0,1,1,0,0,0,0,0,2,2,0,1,-1,-1,-1,-1,-1,10,-1,1,1,3,-1,-1,4,0,0,1,0,0,10,0,0,0,27.58
1,0,0,0,-1,0,1,3,0,0,0,0,1,0,-1,1,-1,2,-1,1,0,3,0,-1,200,0,9223372036800000000,1e+75,0,10,0,0,7,0,0,1,0,0,1,1,0,0,0,0,0,2,2,0,1,-1,-1,-1,-1,-1,10,-1,1,1,3,-1,-1,4,0,0,1,0,0,10,0,0,0,27.58
1,0,0,0,-1,0,1,0,0,0,0,0,2,0,-1,0,2,-1,-1,0,2,3,0,-1,800,0,9223372036800000000,1e+75,0,10,0,0,7,1,0,1,0,0,1,1,3,0,0,0,0,-1,2,0,1,-1,-1,-1,-1,0,10,-1,1,1,3,-1,-1,2,0,0,1,0,0,10,0,0,0,31.59
1,0,0,0,-1,0,1,0,0,0,0,0,2,0,-1,0,2,-1,-1,0,-1,3,0,-1,800,0,9223372036800000000,1e+75,0,10,0,0,7,1,0,1,0,0,1,1,3,0,0,0,0,-1,2,0,1,-1,-1,-1,-1,0,10,-1,1,1,3,-1,-1,4,0,0,1,0,0,10,0,0,0,21.68
1,0,0,0,-1,0,1,2,0,0,0,0,1,0,1,2,1,2,0,-1,-1,3,0,-1,10,0,9223372036800000000,1e+75,0,10,0,0,7,1,0,1,0,0,1,1,0,0,0,0,1,0,2,0,1,-1,-1,-1,-1,1,10,-1,1,1,3,-1,-1,0,0,0,1,0,0,10,0,0,0,52.38
1,0,0,0,-1,0,1,3,0,0,0,0,2,0,1,2,-1,-1,1,2,2,3,0,-1,100,0,9223372036800000000,1e+75,0,10,0,0,7,-1,0,1,40,1,1,0,-1,0,0,0,0,0,2,0,1,-1,-1,-1,-1,-1,10,-1,1,1,3,-1,-1,4,0,0,1,0,0,10,0,0,0,19.35
1,0,0,0,-1,0,1,0,0,0,0,0,2,0,-1,0,2,-1,-1,0,2,3,0,-1,800,0,9223372036800000000,1e+75,0,10,0,0,7,1,0,1,0,0,1,1,3,0,0,0,0,-1,2,0,1,-1,-1,-1,-1,0,10,-1,1,1,3,-1,-1,-1,0,0,1,0,0,10,0,0,0,28.87
1,0,0,0,-1,0,1,0,0,0,0,0,2,0,-1,0,2,-1,-1,0,2,3,0,-1,800,0,9223372036800000000,1e+75,0,10,0,0,7,1,0,1,0,0,1,1,3,0,0,0,0,-1,2,0,1,-1,-1,-1,-1,0,10,-1,1,1,3,-1,-1,0,0,0,1,0,0,10,0,0,0,36.09
1,0,0,0,-1,0,1,0,0,0,0,0,2,0,-1,0,1,-1,-1,0,2,3,0,-1,800,0,9223372036800000000,1e+75,0,10,0,0,7,1,0,1,0,0,1,1,3,0,0,0,0,-1,2,0,1,-1,-1,-1,-1,0,10,-1,1,1,3,-1,-1,4,0,0,1,0,0,10,0,0,0,21.68
1,0,0,0,-1,0,1,0,0,0,0,0,2,0,-1,1,2,-1,-1,0,2,3,0,-1,800,0,9223372036800000000,1e+75,0,10,0,0,7,1,0,1,0,0,1,1,3,0,0,0,0,-1,2,0,1,-1,-1,-1,-1,0,10,-1,1,1,3,-1,-1,4,0,0,1,0,0,10,0,0,0,21.68
1,0,0,0,-1,0,1,0,0,0,0,0,0,0,0,1,-1,2,1,1,1,3,0,-1,100,0,9223372036800000000,1e+75,0,10,0,0,7,1,0,1,500,1,1,0,1,0,0,0,0,-1,2,0,1,-1,-1,-1,-1,0,10,-1,1,1,3,-1,-1,3,0,0,1,0,0,10,0,0,0,30.36
1,0,0,0,-1,0,1,0,0,0,0,0,2,0,-1,0,2,-1,-1,0,2,3,0,-1,800,0,9223372036800000000,1e+75,0,10,0,0,7,1,0,1,0,0,1,1,3,0,0,0,0,-1,2,0,1,-1,-1,-1,-1,0,10,-1,1,1,3,-1,-1,4,0,0,1,0,0,10,0,0,0,21.68
1,0,0,0,-1,0,1,3,0,0,0,0,-1,0,1,2,-1,-1,-1,-1,0,3,0,-1,800,0,9223372036800000000,1e+75,0,10,0,0,7,0,0,1,40,0,1,0,2,0,0,5,0,4,2,0,1,-1,-1,-1,-1,1,10,-1,1,1,3,-1,-1,4,0,0,1,0,0,10,0,0,0,18.83
1,0,0,0,-1,0,1,3,0,0,0,0,-1,0,1,2,-1,-1,-1,-1,1,3,0,-1,800,0,9223372036800000000,1e+75,0,10,0,0,7,0,0,1,40,0,1,0,2,0,0,0,0,4,2,0,1,-1,-1,-1,-1,1,10,-1,1,1,3,-1,-1,4,0,0,1,0,0,10,0,0,0,15.94
1,0,0,0,-1,0,1,1,0,0,0,0,3,0,1,2,-1,-1,2,1,0,3,0,-1,800,0,9223372036800000000,1e+75,0,10,0,0,7,1,0,1,0,0,1,1,3,0,0,0,0,1,2,0,1,-1,-1,-1,-1,0,10,-1,1,1,3,-1,-1,-1,0,0,1,0,0,10,0,0,0,26.04
1,0,0,0,-1,0,1,0,0,0,0,0,-1,0,1,0,2,-1,-1,-1,1,3,0,-1,25,0,9223372036800000000,1e+75,0,10,0,0,7,0,0,1,0,0,1,0,0,0,0,0,0,1,2,0,1,-1,-1,-1,-1,1,10,-1,1,1,3,-1,-1,2,0,0,1,0,0,10,0,0,0,26.34
1,0,0,0,-1,0,1,0,0,0,0,0,-1,0,1,0,2,-1,-1,-1,1,3,0,-1,25,0,9223372036800000000,1e+75,0,10,0,0,7,0,0,1,0,0,1,0,0,0,0,0,0,-1,2,0,1,-1,-1,-1,-1,-1,10,-1,1,1,3,-1,-1,2,0,0,1,0,0,10,0,0,0,32.86
1,0,0,0,-1,0,1,0,0,0,0,0,-1,0,1,0,2,-1,-1,-1,1,3,0,-1,25,0,9223372036800000000,1e+75,0,10,0,0,7,0,0,1,0,0,1,0,0,0,0,0,0,1,2,0,1,-1,-1,-1,-1,-1,10,-1,1,1,3,-1,-1,2,0,0,1,0,0,10,0,0,0,30.1
1,0,0,0,-1,0,1,3,0,0,0,0,-1,0,1,0,2,-1,-1,-1,1,3,0,-1,25,0,9223372036800000000,1e+75,0,10,0,0,7,0,0,1,0,0,1,0,0,0,0,0,0,1,2,0,1,-1,-1,-1,-1,-1,10,-1,1,1,3,-1,-1,3,0,0,1,0,0,10,0,0,0,34.4
1,0,0,0,-1,0,1,3,0,0,0,0,-1,0,1,0,2,-1,-1,-1,1,3,0,-1,25,0,9223372036800000000,1e+75,0,10,0,0,7,0,0,1,0,0,1,0,0,0,0,0,0,1,2,0,1,-1,-1,-1,-1,-1,10,-1,1,1,3,-1,-1,2,0,0,1,0,0,10,0,0,0,34.47
1,0,0,0,-1,0,1,3,0,0,0,0,-1,0,1,2,-1,-1,-1,-1,0,2,0,-1,800,0,9223372036800000000,1e+75,0,10,0,0,7,0,0,1,40,0,1,0,2,0,0,0,0,4,2,0,1,-1,-1,-1,-1,1,10,-1,1,1,3,-1,-1,4,0,0,1,0,0,10,0,0,0,15.94
1,0,0,0,-1,0,1,0,0,0,0,0,1,0,1,2,0,2,2,1,2,3,0,-1,10,0,9223372036800000000,1e+75,0,10,0,0,7,0,0,1,0,0,1,1,1,0,0,0,0,1,2,0,1,-1,-1,-1,-1,0,10,-1,1,1,3,-1,-1,2,0,0,1,0,0,10,0,0,0,30.15
1,0,0,0,-1,0,1,4,0,0,0,0,1,0,1,1,2,2,2,-1,-1,3,0,-1,50,0,9223372036800000000,1e+75,0,10,0,0,7,1,0,1,100,0,1,0,2,0,0,0,0,1,2,0,1,-1,-1,-1,-1,0,10,-1,1,1,3,-1,-1,-1,0,0,1,0,0,10,0,0,0,30.33
1,0,0,0,-1,0,1,0,0,0,0,0,1,0,1,2,0,2,2,1,-1,3,0,-1,10,0,9223372036800000000,1e+75,0,10,0,0,7,0,0,1,0,0,1,1,1,0,0,0,0,1,2,0,1,-1,-1,-1,-1,0,10,-1,1,1,3,-1,-1,0,0,0,1,0,0,10,0,0,0,37.41
1,0,0,0,-1,0,1,0,0,0,0,0,1,0,1,2,0,2,2,1,2,3,0,-1,25,0,9223372036800000000,1e+75,0,10,0,0,7,-1,0,1,0,0,1,1,1,0,0,0,0,1,2,0,1,-1,-1,-1,-1,0,10,-1,1,1,3,-1,-1,0,0,0,1,0,0,10,0,0,0,40.11
1,0,0,0,-1,0,1,3,0,0,0,0,-1,0,-1,-1,1,0,2,1,0,3,0,-1,800,0,9223372036800000000,1e+75,0,10,0,0,7,0,0,1,0,0,1,1,0,0,0,0,0,0,2,0,1,-1,-1,-1,-1,0,10,-1,1,1,3,-1,-1,4,0,0,1,0,0,10,0,0,0,18.9
1,0,0,0,-1,0,1,0,0,0,0,0,1,0,1,2,0,2,2,1,2,3,0,-1,10,0,9223372036800000000,1e+75,0,10,0,0,7,0,0,1,0,0,1,1,1,0,0,0,0,1,2,0,1,-1,-1,-1,-1,0,10,-1,1,1,3,-1,-1,0,0,0,1,0,0,10,0,0,0,37.41
1,0,0,0,-1,0,1,2,0,0,0,0,1,0,1,2,1,2,0,-1,-1,3,0,-1,200,0,9223372036800000000,1e+75,0,10,0,0,7,1,0,1,1000,0,1,1,0,0,0,0,1,0,2,0,1,-1,-1,-1,-1,1,10,-1,1,1,3,-1,-1,0,0,0,1,0,0,10,0,0,0,43.71
1,0,0,0,-1,0,1,4,0,0,0,0,-1,0,-1,0,0,1,0,0,2,3,0,-1,100,0,9223372036800000000,1e+75,0,10,0,0,7,0,0,1,0,0,1,1,0,0,0,0,0,-1,2,0,1,-1,-1,-1,-1,-1,10,-1,1,1,3,-1,-1,2,0,0,1,0,0,10,0,0,0,30.69
1,0,0,0,-1,0,1,4,0,0,0,0,3,0,-1,0,0,1,0,0,2,3,0,-1,800,0,9223372036800000000,1e+75,0,10,0,0,7,0,0,1,0,0,1,1,0,0,0,0,0,-1,2,0,1,-1,-1,-1,-1,-1,10,-1,1,1,3,-1,-1,2,0,0,1,0,0,10,0,0,0,29.02
1,0,0,0,-1,0,1,4,0,0,0,0,-1,0,-1,0,0,1,0,0,2,3,0,-1,25,0,9223372036800000000,1e+75,0,10,0,0,7,0,0,1,0,0,1,1,0,0,0,0,0,-1,2,0,1,-1,-1,-1,-1,-1,10,-1,1,1,3,-1,-1,2,0,0,1,0,0,10,0,0,0,27.21
1,0,0,0,-1,0,1,5,0,0,0,0,2,0,0,1,1,0,2,1,0,3,0,-1,25,0,9223372036800000000,1e+75,0,10,0,0,7,0,0,1,100,0,1,1,1,0,0,0,0,4,2,0,1,-1,-1,-1,-1,-1,10,-1,1,1,3,-1,-1,4,0,0,1,0,0,10,0,0,0,19.71
1,0,0,0,-1,0,1,4,0,0,0,0,-1,0,-1,0,0,1,0,0,2,3,0,-1,800,0,9223372036800000000,1e+75,0,10,0,0,7,0,0,1,0,0,1,1,0,0,0,0,0,-1,2,0,1,-1,-1,-1,-1,-1,10,-1,1,1,3,-1,-1,2,0,0,1,0,0,10,0,0,0,29.02
1,0,0,0,-1,0,1,4,0,0,0,0,-1,0,-1,-1,0,1,0,0,2,3,0,-1,800,0,9223372036800000000,1e+75,0,10,0,0,7,0,0,1,0,0,1,1,0,0,0,0,0,-1,2,0,1,-1,-1,-1,-1,-1,10,-1,1,1,3,-1,-1,1,0,0,1,0,0,10,0,0,0,33.76
1,0,0,0,-1,0,1,4,0,0,0,0,0,0,-1,-1,1,1,0,-1,-1,3,0,-1,50,0,9223372036800000000,1e+75,0,10,0,0,7,0,0,1,0,0,1,1,-1,0,0,0,0,-1,2,0,1,-1,-1,-1,-1,1,10,-1,1,1,3,-1,-1,1,0,0,1,0,0,10,0,0,0,39.93
1,0,0,0,-1,0,1,0,0,0,0,0,3,0,-1,-1,-1,-1,2,2,2,3,0,-1,400,0,9223372036800000000,1e+75,0,10,0,0,7,1,0,1,0,0,1,1,0,0,0,0,0,1,2,0,1,-1,-1,-1,-1,1,10,-1,1,1,3,-1,-1,1,0,0,1,0,0,10,0,0,0,37.48
1,0,0,0,-1,0,1,0,0,0,0,0,2,0,-1,-1,-1,-1,2,2,2,3,0,-1,400,0,9223372036800000000,1e+75,0,10,0,0,7,1,0,1,0,0,1,1,0,0,0,0,0,1,2,0,1,-1,-1,-1,-1,1,10,-1,1,1,3,-1,-1,4,0,0,1,0,0,10,0,0,0,19.28
1,0,0,0,-1,0,1,0,0,0,0,0,3,0,-1,-1,-1,-1,2,2,2,3,0,-1,400,0,9223372036800000000,1e+75,0,10,0,0,7,1,0,1,0,0,1,1,0,0,0,0,0,1,2,0,1,-1,-1,-1,-1,1,10,-1,1,1,3,-1,-1,4,0,0,1,0,0,10,0,0,0,19.28
1,0,0,0,-1,0,1,4,0,0,0,0,0,0,1,1,2,-1,-1,2,-1,3,0,-1,100,0,9223372036800000000,1e+75,0,10,0,0,7,1,0,1,0,0,1,0,1,0,0,0,0,0,2,0,1,-1,-1,-1,-1,1,10,-1,1,1,3,-1,-1,4,0,0,1,0,0,10,0,0,0,19.47
1,0,0,0,-1,0,1,4,0,0,0,0,0,0,1,1,2,-1,-1,2,1,3,0,-1,100,0,9223372036800000000,1e+75,0,10,0,0,7,1,0,1,0,0,1,0,1,0,0,0,0,0,2,0,1,-1,-1,-1,-1,1,10,-1,1,1,3,-1,-1,2,0,0,1,0,0,10,0,0,0,24.22
1,0,0,0,-1,0,1,4,0,0,0,0,0,0,1,1,2,-1,1,2,1,3,0,-1,100,0,9223372036800000000,1e+75,0,10,0,0,7,1,0,1,0,0,1,0,1,0,0,0,0,0,2,0,1,-1,-1,-1,-1,1,10,-1,1,1,3,-1,-1,4,0,0,1,0,0,10,0,0,0,19.47
1,0,0,0,-1,0,1,4,0,0,0,0,1,0,1,1,2,-1,-1,2,1,3,0,-1,100,0,9223372036800000000,1e+75,0,10,0,0,7,1,0,1,0,0,1,0,1,0,0,0,0,0,2,0,1,-1,-1,-1,-1,1,10,-1,1,1,3,-1,-1,4,0,0,1,0,0,10,0,0,0,19.47
1,0,0,0,-1,0,1,0,0,0,0,0,2,0,-1,-1,0,-1,-1,0,1,3,0,-1,800,0,9223372036800000000,1e+75,0,10,0,0,7,0,0,1,1000,0,1,0,1,0,0,0,4,-1,2,0,1,-1,-1,-1,-1,1,10,-1,1,1,3,-1,-1,-1,0,0,1,0,0,10,0,0,0,28.11
1,0,0,0,-1,0,1,4,0,0,0,0,0,0,1,1,2,-1,-1,0,1,3,0,-1,100,0,9223372036800000000,1e+75,0,10,0,0,7,1,0,1,0,0,1,0,1,0,0,0,0,0,2,0,1,-1,-1,-1,-1,1,10,-1,1,1,3,-1,-1,4,0,0,1,0,0,10,0,0,0,19.47
1,0,0,0,-1,0,1,4,0,0,0,0,-1,0,1,-1,2,-1,1,1,-1,3,0,-1,100,0,9223372036800000000,1e+75,0,10,0,0,7,0,0,1,0,0,1,0,1,0,0,0,0,-1,2,0,1,-1,-1,-1,-1,1,10,-1,1,1,3,-1,-1,3,0,0,1,0,0,10,0,0,0,29.65
1,0,0,0,-1,0,1,4,0,0,0,0,0,0,1,1,2,-1,-1,2,1,3,0,-1,100,0,9223372036800000000,1e+75,0,10,0,0,7,1,0,1,0,0,1,0,1,0,0,0,0,0,2,0,1,-1,-1,-1,-1,1,10,-1,1,1,3,-1,-1,4,0,0,1,0,0,10,0,0,0,19.47
1,0,0,0,-1,0,1,3,0,0,0,0,-1,0,-1,-1,0,0,2,1,1,3,0,-1,800,0,9223372036800000000,1e+75,0,10,0,0,7,0,0,1,0,0,1,1,0,0,0,0,0,0,2,0,1,-1,-1,-1,-1,0,10,-1,1,1,3,-1,-1,1,0,0,1,0,0,10,0,0,0,27.65
1,0,0,0,-1,0,1,3,0,0,0,0,-1,0,-1,-1,1,0,2,1,1,3,0,-1,800,0,9223372036800000000,1e+75,0,10,0,0,7,0,0,1,0,0,1,1,0,0,0,0,0,-1,2,0,1,-1,-1,-1,-1,0,10,-1,1,1,3,-1,-1,1,0,0,1,0,0,10,0,0,0,33.32
1,0,0,0,-1,0,1,3,0,0,0,0,-1,0,-1,-1,1,0,2,1,-1,3,0,-1,800,0,9223372036800000000,1e+75,0,10,0,0,7,0,0,1,0,0,1,1,0,0,0,0,0,0,2,0,1,-1,-1,-1,-1,0,10,-1,1,1,3,-1,-1,1,0,0,1,0,0,10,0,0,0,27.65
1,0,0,0,-1,0,1,3,0,0,0,0,2,0,-1,-1,1,0,2,1,1,3,0,-1,800,0,9223372036800000000,1e+75,0,10,0,0,7,0,0,1,0,0,1,1,0,0,0,0,0,0,2,0,1,-1,-1,-1,-1,0,10,-1,1,1,3,-1,-1,4,0,0,1,0,0,10,0,0,0,18.9
1,0,0,0,-1,0,1,3,0,0,0,0,-1,0,-1,-1,1,0,-1,1,1,3,0,-1,800,0,9223372036800000000,1e+75,0,10,0,0,7,0,0,1,0,0,1,1,0,0,0,0,0,0,2,0,1,-1,-1,-1,-1,0,10,-1,1,1,3,-1,-1,1,0,0,1,0,0,10,0,0,0,27.65
1,0,0,0,-1,0,1,5,0,0,0,0,-1,0,0,1,2,-1,2,0,1,3,0,-1,200,0,9223372036800000000,1e+75,0,10,0,0,7,1,0,1,0,0,1,0,3,0,0,0,0,3,2,0,1,-1,-1,-1,-1,0,10,-1,1,1,3,-1,-1,-1,0,0,1,0,0,10,0,0,0,45.13
1,0,0,0,-1,0,1,3,0,0,0,0,-1,0,-1,-1,1,0,2,1,1,3,0,-1,800,0,9223372036800000000,1e+75,0,10,0,0,7,0,0,1,0,0,1,1,0,0,0,0,0,0,2,0,1,-1,-1,-1,-1,0,10,-1,1,1,3,-1,-1,3,0,0,1,0,0,10,0,0,0,29.95
1,0,0,0,-1,0,1,3,0,0,0,0,3,0,-1,-1,-1,1,-1,1,2,3,0,-1,150,0,9223372036800000000,1e+75,0,10,0,0,7,0,0,1,0,0,1,0,2,0,0,0,0,1,2,0,1,-1,-1,-1,-1,0,10,-1,1,1,3,-1,-1,5,0,0,1,0,0,10,0,0,0,29.04
0,0,0,0,-1,0,1,3,0,0,0,0,-1,0,1,2,-1,-1,-1,-1,0,3,0,-1,800,0,9223372036800000000,1e+75,0,10,0,0,7,0,0,1,40,0,1,0,2,0,0,0,0,4,2,0,1,-1,-1,-1,-1,1,10,-1,1,1,3,-1,-1,4,0,0,1,0,0,10,0,0,0,15.94
1,0,0,0,-1,0,1,3,0,0,0,0,3,0,-1,-1,-1,1,-1,1,2,3,0,-1,150,0,9223372036800000000,1e+75,0,10,0,0,7,0,0,1,0,0,1,0,1,0,0,0,0,-1,2,0,1,-1,-1,-1,-1,0,10,-1,1,1,3,-1,-1,5,0,0,1,0,0,10,0,0,0,29.04
1,0,0,0,-1,0,1,3,0,0,0,0,3,0,-1,-1,-1,1,-1,1,2,3,0,-1,150,0,9223372036800000000,1e+75,0,10,0,0,7,0,0,1,0,0,1,0,1,0,0,0,0,1,2,0,1,-1,-1,-1,-1,0,10,-1,1,1,3,-1,-1,5,0,0,1,0,0,10,0,0,0,29.04
1,0,0,0,-1,0,1,3,0,0,0,0,3,0,-1,-1,-1,1,-1,1,2,3,0,-1,25,0,9223372036800000000,1e+75,0,10,0,0,7,-1,0,1,0,0,1,0,1,0,0,0,0,1,2,0,1,-1,-1,-1,-1,0,10,-1,1,1,3,-1,-1,5,0,0,1,0,0,10,0,0,0,31.66
1,0,0,0,-1,0,1,3,0,0,0,0,3,0,-1,-1,-1,-1,-1,1,2,3,0,-1,50,0,9223372036800000000,1e+75,0,10,0,0,7,0,0,1,0,0,1,0,1,0,0,0,0,1,2,0,1,-1,-1,-1,-1,0,10,-1,1,1,3,-1,-1,5,0,0,1,0,0,10,0,0,0,36.62
1,0,0,0,-1,0,1,4,0,0,0,0,1,0,1,1,2,2,2,-1,-1,3,0,-1,400,0,9223372036800000000,1e+75,0,10,0,0,7,1,0,1,100,0,1,0,2,0,0,0,0,1,2,0,1,-1,-1,-1,-1,0,10,-1,1,1,3,-1,-1,-1,0,0,1,0,0,10,0,0,0,40.66
1,0,0,0,-1,0,1,3,0,0,0,0,3,0,-1,-1,-1,1,-1,1,2,3,0,-1,25,0,9223372036800000000,1e+75,0,10,0,0,7,0,0,1,0,0,1,0,3,0,0,0,0,1,2,0,1,-1,-1,-1,-1,0,10,-1,1,1,3,-1,-1,5,0,0,1,0,0,10,0,0,0,31.66
1,0,0,0,-1,0,1,3,0,0,0,0,3,0,-1,2,-1,1,-1,1,2,3,0,-1,25,0,9223372036800000000,1e+75,0,10,0,0,7,0,0,1,0,0,1,0,1,0,0,0,0,1,2,0,1,-1,-1,-1,-1,0,10,-1,1,1,3,-1,-1,5,0,0,1,0,0,10,0,0,0,31.66
1,0,0,0,-1,0,1,3,0,0,0,0,3,0,-1,-1,-1,1,-1,1,2,3,0,-1,25,0,9223372036800000000,1e+75,0,10,0,0,7,0,0,1,0,0,1,0,1,0,0,0,0,-1,2,0,1,-1,-1,-1,-1,0,10,-1,1,1,3,-1,-1,5,0,0,1,0,0,10,0,0,0,31.66
1,0,0,0,-1,0,1,3,0,0,0,0,3,0,-1,-1,-1,1,-1,1,2,3,0,-1,800,0,9223372036800000000,1e+75,0,10,0,0,7,0,0,1,0,0,1,0,1,0,0,0,0,1,2,0,1,-1,-1,-1,-1,0,10,-1,1,1,3,-1,-1,5,0,0,1,0,0,10,0,0,0,36.4
1,0,0,0,-1,0,1,1,0,0,0,0,-1,0,0,-1,2,0,1,-1,1,3,0,-1,150,0,9223372036800000000,5,0,10,0,0,7,0,0,1,0,0,1,1,0,0,0,0,0,0,2,0,1,-1,-1,-1,-1,0,10,-1,1,1,3,-1,-1,-1,0,0,1,0,0,10,0,0,0,23.6
1,0,0,0,-1,0,1,1,0,0,0,0,0,0,-1,2,1,0,-1,2,2,3,0,-1,10,0,9223372036800000000,1e+75,0,10,0,0,7,0,0,1,0,0,1,1,0,0,0,0,0,0,2,0,1,-1,-1,-1,-1,0,10,-1,1,1,3,-1,-1,-1,0,0,1,0,0,10,0,0,0,27.41
1,0,0,0,-1,0,1,3,0,0,0,0,-1,0,-1,-1,1,2,-1,1,1,3,0,-1,800,0,9223372036800000000,1e+75,0,10,0,0,7,0,0,1,0,0,1,1,0,0,0,0,0,0,2,0,1,-1,-1,-1,-1,0,10,-1,1,1,3,-1,-1,-1,0,0,1,0,0,10,0,0,0,30.01
1,0,0,0,-1,0,1,3,0,0,0,0,1,0,0,1,0,2,1,0,0,3,0,-1,200,0,9223372036800000000,1e+75,0,10,0,0,7,0,0,1,0,0,1,0,-1,0,0,0,0,-1,2,0,1,-1,-1,-1,-1,0,10,-1,1,1,3,-1,-1,2,0,0,1,0,0,10,0,0,0,31.9
1,0,0,0,-1,0,1,1,0,0,0,0,-1,0,0,-1,2,0,1,-1,1,3,0,-1,150,0,9223372036800000000,2,0,10,0,0,7,0,0,1,0,0,1,1,0,0,0,0,0,0,2,0,1,-1,-1,-1,-1,0,10,-1,1,1,3,-1,-1,-1,0,0,1,0,0,10,0,0,0,23.6
1,0,0,0,-1,0,1,3,0,0,0,0,-1,0,1,2,-1,-1,-1,-1,0,3,0,-1,800,0,9223372036800000000,1e+75,0,10,0,0,7,0,0,1,40,0,1,0,2,0,0,0,0,4,2,0,1,-1,-1,-1,1,1,10,-1,1,1,3,-1,-1,4,0,0,1,0,0,10,0,0,0,15.94
1,0,0,0,-1,0,1,0,0,0,0,0,0,0,0,-1,2,-1,0,1,-1,3,0,-1,150,0,9223372036800000000,1e+75,0,10,0,0,7,0,0,1,0,0,1,1,0,0,0,0,0,0,2,0,1,-1,-1,-1,-1,0,10,-1,1,1,3,-1,-1,-1,0,0,1,0,0,10,0,0,0,25.5
1,0,0,0,-1,0,1,1,0,0,0,0,1,0,-1,-1,-1,-1,2,1,-1,3,0,-1,25,0,9223372036800000000,1e+75,0,10,0,0,7,1,0,1,0,0,1,1,2,0,0,0,0,3,2,0,1,-1,-1,-1,-1,0,10,-1,1,1,3,-1,-1,2,0,0,1,0,0,10,0,0,0,42.53
1,0,0,0,-1,0,1,2,0,0,0,0,0,0,1,2,-1,0,1,1,0,3,0,-1,400,0,9223372036800000000,1e+75,0,10,0,0,7,-1,0,1,40,1,1,0,1,0,0,0,0,-1,2,0,1,-1,-1,-1,-1,-1,10,-1,1,1,3,-1,-1,-1,0,0,1,0,0,10,0,0,0,26.6
1,0,0,0,-1,0,1,2,0,0,0,0,3,0,1,0,0,0,2,1,-1,3,0,-1,100,0,9223372036800000000,1e+75,0,10,0,0,7,0,0,1,0,0,1,1,0,0,0,0,0,0,2,0,1,-1,-1,-1,-1,0,10,-1,1,1,3,-1,-1,-1,0,0,1,0,0,10,0,0,0,32.02
1,0,0,0,-1,0,1,0,0,0,0,0,1,0,-1,-1,0,-1,2,0,2,3,0,-1,800,0,9223372036800000000,1e+75,0,10,0,0,7,0,0,1,0,1,1,1,3,0,0,0,5,-1,2,0,1,-1,-1,-1,-1,1,10,-1,1,1,3,-1,-1,1,0,0,1,0,0,10,0,0,0,48.84
1,0,0,0,-1,0,1,3,0,0,0,0,-1,0,-1,-1,1,0,2,1,1,3,0,-1,800,0,9223372036800000000,1e+75,0,10,0,0,7,0,0,1,0,0,1,1,3,0,0,0,0,0,2,0,1,-1,-1,-1,-1,0,10,-1,1,1,3,-1,-1,4,0,0,1,0,0,10,0,0,0,18.9
1,0,0,0,-1,0,1,1,0,0,0,0,-1,0,0,-1,2,0,1,-1,1,3,0,-1,150,0,9223372036800000000,1e+75,0,10,0,0,7,0,0,1,0,0,0,1,0,0,0,0,0,0,2,0,1,-1,-1,-1,-1,0,10,-1,1,1,3,-1,-1,-1,0,0,1,0,0,10,0,0,0,23.6
1,0,0,0,-1,0,1,3,0,0,5,0,-1,0,1,2,-1,-1,-1,-1,0,3,0,-1,800,0,9223372036800000000,1e+75,0,10,0,0,7,0,0,1,40,0,1,0,2,0,0,0,0,4,2,0,1,-1,-1,-1,-1,1,10,-1,1,1,3,-1,-1,4,0,0,1,0,0,10,0,0,0,15.94
1,0,0,0,-1,0,1,0,0,0,0,0,2,0,-1,-1,0,2,-1,0,1,3,0,-1,100,0,9223372036800000000,1e+75,0,10,0,0,7,0,0,1,20,0,1,0,1,0,0,0,4,-1,2,0,1,-1,-1,-1,-1,1,10,-1,1,1,3,-1,-1,-1,0,0,1,0,0,10,0,0,0,28.11
1,0,0,0,-1,0,1,1,0,0,0,0,-1,0,0,-1,2,0,1,-1,1,3,0,-1,150,0,9223372036800000000,1e+75,0,10,0,0,7,0,0,1,0,0,1,1,0,0,0,0,0,-1,2,0,1,-1,-1,-1,-1,0,10,-1,1,1,3,-1,-1,-1,0,0,1,0,0,10,0,0,0,33.27
1,0,0,0,-1,0,1,3,0,0,0,0,-1,0,1,2,-1,-1,-1,-1,0,1,0,-1,800,0,9223372036800000000,1e+75,0,10,0,0,7,0,0,1,40,0,1,0,2,0,0,0,0,4,2,0,1,-1,-1,-1,-1,1,10,-1,1,1,3,-1,-1,4,0,0,1,0,0,10,0,0,0,15.94
1,0,0,0,-1,0,1,1,0,0,0,0,-1,3,0,-1,2,0,1,-1,1,3,0,-1,150,0,9223372036800000000,1e+75,0,10,0,0,7,0,0,1,0,0,1,1,0,0,0,0,0,0,2,0,1,-1,-1,-1,-1,0,10,-1,1,1,3,-1,-1,-1,0,0,1,0,0,10,0,0,0,23.6
1,0,0,0,-1,0,1,2,0,0,0,0,2,0,1,2,1,-1,-1,2,1,3,0,-1,800,0,9223372036800000000,1e+75,0,10,0,0,7,0,0,1,0,0,1,1,0,0,0,0,0,0,2,0,1,-1,-1,-1,-1,0,10,-1,1,1,3,-1,-1,-1,0,0,1,0,0,10,0,0,0,25.5
1,0,0,0,-1,0,1,1,0,0,0,0,-1,0,0,-1,2,0,1,-1,1,3,0,-1,25,0,9223372036800000000,1e+75,0,10,0,0,7,0,0,1,0,0,1,1,0,0,0,0,0,0,2,0,1,-1,-1,-1,-1,0,10,-1,1,1,3,-1,-1,-1,0,0,1,0,0,10,0,0,0,26.22
1,0,0,0,-1,0,1,2,0,0,0,0,0,0,-1,2,-1,1,0,2,1,3,0,-1,200,0,9223372036800000000,1e+75,0,10,0,0,7,-1,0,1,0,0,1,1,0,0,0,0,0,-1,2,0,1,-1,-1,-1,-1,0,10,-1,1,1,3,-1,-1,-1,0,0,1,0,0,10,0,0,0,31.8
1,0,0,0,-1,0,1,1,0,0,0,0,-1,0,0,-1,2,0,1,-1,1,3,0,-1,150,0,9223372036800000000,1e+75,0,10,0,0,7,0,0,1,0,0,1,1,0,1,0,0,0,0,2,0,1,-1,-1,-1,-1,0,10,-1,1,1,3,-1,-1,-1,0,0,1,0,0,10,0,0,0,23.6
1,0,0,0,-1,0,1,1,0,0,0,0,0,0,1,1,1,2,2,1,-1,3,0,-1,400,0,9223372036800000000,1e+75,0,10,0,0,7,0,0,1,0,0,1,1,0,0,0,0,0,0,2,0,1,-1,-1,-1,-1,0,10,-1,1,1,3,-1,-1,-1,0,0,1,0,0,10,0,0,0,27.93
1,0,0,0,-1,0,1,0,0,0,0,0,2,0,-1,-1,2,1,2,2,-1,3,0,-1,400,0,9223372036800000000,1e+75,0,10,0,0,7,0,0,1,0,0,1,0,-1,0,0,0,0,2,2,0,1,-1,-1,-1,-1,0,10,-1,1,1,3,-1,-1,0,0,0,1,0,0,10,0,0,0,35.38
1,0,0,1,-1,0,1,3,0,0,0,0,-1,0,1,2,-1,-1,-1,-1,0,3,0,-1,800,0,9223372036800000000,1e+75,0,10,0,0,7,0,0,1,40,0,1,0,2,0,0,0,0,4,2,0,1,-1,-1,-1,-1,1,10,-1,1,1,3,-1,-1,4,0,0,1,0,0,10,0,0,0,18.38
1,0,0,0,-1,0,1,0,0,0,0,0,0,0,0,-1,-1,-1,1,1,1,3,0,-1,100,0,9223372036800000000,1e+75,0,10,0,0,7,0,0,1,0,0,1,1,0,0,0,0,0,0,2,0,1,-1,-1,-1,-1,0,10,-1,1,1,3,-1,-1,-1,0,0,1,0,0,10,0,0,0,25.5
1,0,0,0,-1,0,1,0,0,0,0,0,2,0,-1,2,-1,-1,1,1,1,3,0,-1,150,0,9223372036800000000,1e+75,0,10,0,0,7,0,0,1,1000,0,1,1,2,0,0,0,0,1,2,0,1,-1,-1,-1,-1,0,10,-1,1,1,3,-1,-1,1,0,0,1,0,0,10,0,0,0,33.04
1,0,0,0,-1,0,1,0,0,0,0,0,0,0,0,-1,2,-1,-1,1,1,3,0,-1,100,0,9223372036800000000,1e+75,0,10,0,0,7,0,0,1,0,0,1,1,0,0,0,0,0,0,2,0,1,-1,-1,-1,-1,0,10,-1,1,1,3,-1,-1,-1,0,0,1,0,0,10,0,0,0,25.5
1,0,0,0,-1,0,1,0,0,0,0,0,0,0,0,-1,0,-1,1,1,1,3,0,-1,100,0,9223372036800000000,1e+75,0,10,0,0,7,0,0,1,0,0,1,1,0,0,0,0,0,0,2,0,1,-1,-1,-1,-1,0,10,-1,1,1,3,-1,-1,-1,0,0,1,0,0,10,0,0,0,25.5
1,0,0,0,-1,0,1,1,0,0,0,0,-1,0,0,-1,2,0,1,-1,1,3,0,-1,150,0,9223372036800000000,1e+75,0,10,0,0,7,0,1,1,0,0,1,1,0,0,0,0,0,0,2,0,1,-1,-1,-1,-1,0,10,-1,1,1,3,-1,-1,-1,0,0,1,0,0,10,0,0,0,27.39
1,0,0,0,-1,0,1,3,0,0,0,0,-1,0,1,2,-1,-1,-1,-1,0,3,0,-1,800,0,9223372036800000000,1e+75,0,10,0,0,7,0,0,1,40,0,1,0,2,0,0,0,0,4,2,0,1,-1,-1,-1,2,1,10,-1,1,1,3,-1,-1,4,0,0,1,0,0,10,0,0,0,15.94
1,0,0,0,-1,0,1,0,0,0,0,0,-1,0,1,1,1,-1,-1,2,1,3,0,-1,150,0,9223372036800000000,1e+75,0,10,0,0,7,0,0,1,0,0,1,1,0,0,0,0,0,4,2,0,1,-1,-1,-1,-1,0,10,-1,1,1,3,-1,-1,-1,0,0,1,0,0,10,0,0,0,25.5
1,0,0,0,-1,0,1,0,0,0,0,0,1,0,-1,-1,2,2,1,1,2,3,0,-1,50,0,9223372036800000000,1e+75,0,10,0,0,7,1,0,1,0,0,1,1,2,0,0,0,0,-1,2,0,1,-1,-1,-1,-1,0,10,-1,1,1,3,-1,-1,4,0,0,1,0,0,10,0,0,0,22.25
1,0,0,0,-1,0,1,4,0,0,0,0,1,0,1,-1,2,2,2,-1,-1,3,0,-1,150,0,9223372036800000000,1e+75,0,10,0,0,7,1,0,1,100,0,1,0,2,0,0,0,0,1,2,0,1,-1,-1,-1,-1,0,10,-1,1,1,3,-1,-1,4,0,0,1,0,0,10,0,0,0,20.6
1,0,0,0,-1,0,1,1,0,0,0,0,-1,0,0,-1,2,0,1,-1,1,3,0,-1,150,0,9223372036800000000,1e+75,0,10,0,0,7,0,0,1,0,0,3,1,0,0,0,0,0,0,2,0,1,-1,-1,-1,-1,0,10,-1,1,1,3,-1,-1,-1,0,0,1,0,0,10,0,0,0,23.6
1,0,0,0,-1,0,1,3,0,0,0,0,-1,0,1,2,-1,-1,-1,-1,0,3,0,-1,800,0,9223372036800000000,1e+75,0,10,0,0,7,0,0,1,40,0,1,0,2,0,0,0,0,4,2,0,1,-1,-1,-1,-1,1,10,-1,1,1,3,-1,-1,4,0,0,1,0,0,10,4,0,0,15.94
1,0,0,0,-1,0,1,1,0,0,0,0,-1,0,-1,0,2,1,2,2,2,3,0,-1,10,0,9223372036800000000,1e+75,0,10,0,0,7,0,0,1,0,0,1,1,0,0,0,0,0,0,2,0,1,-1,-1,-1,-1,0,10,-1,1,1,3,-1,-1,-1,0,0,1,0,0,10,0,0,0,27.41
1,0,0,0,-1,0,1,3,0,0,0,0,-1,0,1,2,-1,-1,-1,-1,0,3,0,-1,800,0,9223372036800000000,1e+75,0,10,0,0,7,0,0,1,40,0,1,0,2,0,0,0,0,4,2,0,1,-1,-1,-1,-1,1,10,-1,1,1,3,-1,-1,0,0,0,1,0,0,10,0,0,0,40.88
1,0,0,0,-1,0,1,0,0,0,0,0,0,0,0,-1,2,-1,1,-1,1,3,0,-1,100,0,9223372036800000000,1e+75,0,10,0,0,7,0,0,1,0,0,1,1,0,0,0,0,0,0,2,0,1,-1,-1,-1,-1,0,10,-1,1,1,3,-1,-1,-1,0,0,1,0,0,10,0,0,0,25.5
1,0,0,0,-1,0,1,2,0,0,0,0,2,0,1,1,1,-1,-1,2,0,3,0,-1,800,0,9223372036800000000,1e+75,0,10,0,0,7,0,0,1,0,0,1,1,0,0,0,0,0,0,2,0,1,-1,-1,-1,-1,0,10,-1,1,1,3,-1,-1,-1,0,0,1,0,0,10,0,0,0,25.5
1,0,0,0,-1,0,1,2,0,0,0,0,2,0,1,2,0,-1,-1,2,0,3,0,-1,800,0,9223372036800000000,1e+75,0,10,0,0,7,0,0,1,0,0,1,1,0,0,0,0,0,0,2,0,1,-1,-1,-1,-1,0,10,-1,1,1,3,-1,-1,-1,0,0,1,0,0,10,0,0,0,25.5
1,0,0,0,-1,0,1,0,0,0,0,0,1,0,-1,-1,-1,2,2,0,-1,3,0,-1,200,0,9223372036800000000,1e+75,0,10,0,0,7,1,0,1,0,0,1,1,0,0,0,0,0,2,2,0,1,-1,-1,-1,-1,0,10,-1,1,1,3,-1,-1,-1,0,0,1,0,0,10,0,0,0,35.78
1,0,0,0,-1,0,1,4,0,0,0,0,0,0,-1,0,0,2,2,1,2,3,0,-1,100,0,9223372036800000000,1e+75,0,10,0,0,7,0,0,1,0,0,1,1,0,0,0,0,0,0,2,0,1,-1,-1,-1,-1,0,10,-1,1,1,3,-1,-1,-1,0,0,1,0,0,10,0,0,0,33.25
1,0,0,0,-1,0,1,0,0,0,0,0,-1,0,1,0,2,1,1,1,2,3,0,-1,25,0,9223372036800000000,1e+75,0,10,0,0,7,-1,0,1,0,0,1,1,3,0,0,0,0,3,2,0,1,-1,-1,-1,-1,0,10,-1,1,1,3,-1,-1,4,0,0,1,0,0,10,0,0,0,25.33
1,0,0,0,-1,0,1,0,0,0,0,0,0,0,1,1,2,2,-1,1,-1,3,0,-1,800,0,9223372036800000000,1e+75,0,10,0,0,7,-1,0,1,0,0,1,0,3,0,0,0,0,-1,2,0,1,-1,-1,-1,-1,-1,10,-1,1,1,3,-1,-1,2,0,0,1,0,0,10,0,0,0,30.42
1,0,0,0,-1,0,1,2,0,0,0,0,2,0,1,2,2,-1,-1,2,0,3,0,-1,800,0,9223372036800000000,1e+75,0,10,0,0,7,0,0,1,0,0,1,1,0,0,0,0,0,0,2,0,1,-1,-1,-1,-1,0,10,-1,1,1,3,-1,-1,-1,0,0,1,0,0,10,0,0,0,25.5
1,0,0,0,-1,0,1,0,0,0,0,0,2,0,1,-1,-1,2,2,2,2,3,0,-1,200,0,9223372036800000000,1e+75,0,10,0,0,7,-1,0,1,100,0,1,1,1,0,0,0,0,1,2,0,1,-1,-1,-1,-1,-1,10,-1,1,1,3,-1,-1,1,0,0,1,0,0,10,0,0,0,28.47
1,0,0,0,-1,0,1,2,0,0,0,0,2,0,1,2,-1,-1,-1,2,0,3,0,-1,800,0,9223372036800000000,1e+75,0,10,0,0,7,0,0,1,0,0,1,1,0,0,0,0,0,0,2,0,1,-1,-1,-1,-1,0,10,-1,1,1,3,-1,-1,-1,0,0,1,0,0,10,0,0,0,25.5
1,0,0,0,-1,1,1,3,0,0,0,0,-1,0,1,2,-1,-1,-1,-1,0,3,0,-1,800,0,9223372036800000000,1e+75,0,10,0,0,7,0,0,1,40,0,1,0,2,0,0,0,0,4,2,0,1,-1,-1,-1,-1,1,10,-1,1,1,3,-1,-1,4,0,0,1,0,0,10,0,0,0,15.94
1,0,0,0,-1,0,1,0,0,0,0,0,2,0,-1,0,-1,2,-1,1,-1,3,0,-1,10,0,9223372036800000000,1e+75,0,10,0,0,7,0,0,1,1000,1,1,0,0,0,0,0,0,1,2,0,1,-1,-1,-1,-1,0,10,-1,1,1,3,-1,-1,4,0,0,1,0,0,10,0,0,0,20.51
1,0,0,0,-1,0,1,3,0,0,0,0,2,0,1,2,-1,-1,1,2,2,3,0,-1,100,0,9223372036800000000,1e+75,0,10,0,0,7,-1,0,1,40,1,1,0,-1,0,0,0,0,0,2,0,1,-1,-1,-1,-1,1,10,-1,1,1,3,-1,-1,2,0,0,1,0,0,10,0,0,0,32.25
1,0,0,0,-1,0,1,1,0,0,0,0,-1,0,0,-1,2,0,1,-1,1,3,0,-1,150,0,9223372036800000000,1e+75,0,10,0,0,7,0,0,1,0,0,1,1,0,0,0,0,0,4,2,0,1,-1,-1,-1,-1,0,10,-1,1,1,3,-1,-1,-1,0,0,1,0,0,10,0,0,0,23.6
1,0,0,0,-1,0,1,3,0,0,0,0,-1,0,1,2,-1,-1,-1,-1,0,3,0,-1,800,0,9223372036800000000,1e+75,0,10,0,3,7,0,0,1,40,0,1,0,2,0,0,0,0,4,2,0,1,-1,-1,-1,-1,1,10,-1,1,1,3,-1,-1,4,0,0,1,0,0,10,0,0,0,15.94
1,0,0,0,-1,0,1,2,0,0,0,0,2,0,1,2,1,-1,2,2,0,3,0,-1,800,0,9223372036800000000,1e+75,0,10,0,0,7,0,0,1,0,0,1,1,0,0,0,0,0,0,2,0,1,-1,-1,-1,-1,0,10,-1,1,1,3,-1,-1,-1,0,0,1,0,0,10,0,0,0,25.5
1,0,0,0,-1,0,1,0,0,0,0,0,0,0,-1,0,2,1,1,2,1,3,0,-1,150,0,9223372036800000000,1e+75,0,10,0,0,7,1,0,1,0,0,1,1,0,0,0,0,0,3,2,0,1,-1,-1,-1,-1,0,10,-1,1,1,3,-1,-1,-1,0,0,1,0,0,10,0,0,0,36.35
1,0,0,0,-1,0,1,5,0,0,0,0,3,0,0,-1,0,2,2,2,0,3,0,-1,25,0,9223372036800000000,1e+75,0,10,0,0,7,0,0,1,0,0,1,0,0,0,0,0,0,3,2,0,1,-1,-1,-1,-1,0,10,-1,1,1,3,-1,-1,1,0,0,1,0,0,10,0,0,0,48.75
1,0,0,0,-1,0,1,1,0,0,0,0,-1,0,0,-1,2,0,1,-1,1,3,0,-1,150,0,9223372036800000000,1e+75,0,10,0,0,7,0,0,1,0,0,1,1,0,0,0,0,0,3,2,0,1,-1,-1,-1,-1,0,10,-1,1,1,3,-1,-1,-1,0,0,1,0,0,10,0,0,0,39.81
1,0,0,0,-1,0,1,5,0,0,0,0,3,0,-1,-1,2,0,1,-1,0,3,0,-1,800,0,9223372036800000000,1e+75,0,10,0,0,7,0,0,1,0,0,1,1,0,0,0,0,0,0,2,0,1,-1,-1,-1,-1,0,10,-1,1,1,3,-1,-1,-1,0,0,1,0,0,10,0,0,0,32.16
1,0,0,0,-1,0,1,5,0,0,0,0,3,0,-1,1,2,1,2,1,-1,3,0,-1,800,0,9223372036800000000,1e+75,0,10,0,0,7,0,0,1,0,0,1,1,0,0,0,0,0,0,2,0,1,-1,-1,-1,-1,0,10,-1,1,1,3,-1,-1,-1,0,0,1,0,0,10,0,0,0,33.28
1,0,0,0,-1,0,1,4,0,0,0,0,2,0,1,1,0,1,2,1,1,3,0,-1,150,0,9223372036800000000,1e+75,0,10,0,0,7,-1,0,1,100,1,1,1,3,0,0,0,5,3,2,0,1,-1,-1,-1,-1,1,10,-1,1,1,3,-1,-1,1,0,0,1,0,0,10,0,0,0,52.38
1,0,0,0,-1,0,1,1,0,0,0,0,-1,0,0,-1,2,0,1,-1,1,3,0,-1,150,0,9223372036800000000,1e+75,0,10,0,0,2,0,0,1,0,0,1,1,0,0,0,0,0,0,2,0,1,-1,-1,-1,-1,0,10,-1,1,1,3,-1,-1,-1,0,0,1,0,0,10,0,0,0,23.6
1,0,0,0,-1,0,1,1,0,0,0,0,-1,2,0,-1,2,0,1,-1,1,3,0,-1,150,0,9223372036800000000,1e+75,0,10,0,0,7,0,0,1,0,0,1,1,0,0,0,0,0,0,2,0,1,-1,-1,-1,-1,0,10,-1,1,1,3,-1,-1,-1,0,0,1,0,0,10,0,0,0,23.6
1,0,0,0,-1,0,1,3,0,0,0,0,2,0,1,-1,2,-1,1,0,-1,3,0,-1,25,0,9223372036800000000,1e+75,0,10,0,0,7,0,0,1,0,0,1,1,0,0,0,0,0,0,2,0,1,-1,-1,-1,-1,0,10,-1,1,1,3,-1,-1,-1,0,0,1,0,0,10,0,0,0,33.23
1,0,0,0,-1,0,1,0,0,0,0,0,3,0,0,1,1,1,1,0,1,3,0,-1,10,0,9223372036800000000,1e+75,0,10,0,0,7,0,0,1,0,0,1,1,0,0,0,0,0,0,2,0,1,-1,-1,-1,-1,0,10,-1,1,1,3,-1,-1,-1,0,0,1,0,0,10,0,0,0,25.5
1,0,0,0,-1,0,1,0,0,0,0,0,-1,0,-1,-1,-1,-1,1,2,1,3,0,-1,50,0,9223372036800000000,1e+75,0,10,0,0,7,1,0,1,1000,0,1,1,3,0,0,0,1,-1,2,0,1,-1,-1,-1,-1,1,10,-1,1,1,3,-1,-1,3,0,0,1,0,0,10,0,0,0,40.09
1,0,0,0,-1,0,1,2,0,0,0,0,2,0,1,-1,2,-1,1,0,-1,3,0,-1,25,0,9223372036800000000,1e+75,0,10,0,0,7,0,0,1,0,0,1,1,0,0,0,0,0,0,2,0,1,-1,-1,-1,-1,0,10,-1,1,1,3,-1,-1,-1,0,0,1,0,0,10,0,0,0,25.5
1,0,0,0,-1,0,1,5,0,0,0,0,1,0,1,1,1,1,2,-1,0,3,0,-1,200,0,9223372036800000000,1e+75,0,10,0,0,7,1,0,1,1000,0,1,1,3,0,0,0,1,3,2,0,1,-1,-1,-1,-1,-1,10,-1,1,1,3,-1,-1,3,0,0,1,0,0,10,0,0,0,60
1,0,0,0,-1,0,1,0,0,0,0,0,-1,0,1,-1,2,-1,1,0,-1,3,0,-1,25,0,9223372036800000000,1e+75,0,10,0,0,7,0,0,1,0,0,1,1,0,0,0,0,0,0,2,0,1,-1,-1,-1,-1,0,10,-1,1,1,3,-1,-1,-1,0,0,1,0,0,10,0,0,0,25.5
1,0,0,0,-1,0,1,1,0,0,0,0,-1,0,0,-1,2,0,1,-1,1,3,0,-1,150,0,9223372036800000000,1e+75,0,10,0,0,7,0,0,1,0,0,1,1,0,0,0,0,0,0,2,0,1,-1,-1,-1,-1,0,10,-1,1,1,3,-1,-1,4,0,0,1,0,0,10,0,0,0,20.41
1,0,0,0,-1,0,1,0,0,0,0,0,0,0,0,-1,2,-1,1,0,1,3,0,-1,100,0,9223372036800000000,1e+75,0,10,0,0,7,0,0,1,0,0,1,1,0,0,0,0,0,0,2,0,1,-1,-1,-1,-1,0,10,-1,1,1,3,-1,-1,-1,0,0,1,0,0,10,0,0,0,25.5
1,0,0,0,-1,0,1,0,0,0,0,0,0,0,-1,-1,2,2,1,2,2,3,0,-1,50,0,9223372036800000000,1e+75,0,10,0,0,7,1,0,1,0,0,1,1,2,0,0,0,0,-1,2,0,1,-1,-1,-1,-1,0,10,-1,1,1,3,-1,-1,5,0,0,1,0,0,10,0,0,0,29.99
1,0,0,0,-1,0,1,0,0,0,0,0,0,0,1,-1,0,0,1,-1,1,3,0,-1,400,0,9223372036800000000,1e+75,0,10,0,0,7,0,0,1,0,0,1,0,1,0,0,0,0,1,2,0,1,-1,-1,-1,-1,0,10,-1,1,1,3,-1,-1,1,0,0,1,0,0,10,0,0,0,32.16
1,0,0,0,-1,0,1,3,0,0,0,0,-1,0,0,-1,-1,-1,1,-1,2,3,0,-1,25,0,9223372036800000000,1e+75,0,10,0,0,7,0,0,1,0,0,1,1,0,0,0,0,0,0,2,0,1,-1,-1,-1,-1,0,10,-1,1,1,3,-1,-1,-1,0,0,1,0,0,10,0,0,0,30.42
1,0,0,0,-1,0,1,3,0,0,0,0,3,0,0,0,0,0,2,1,-1,3,0,-1,400,0,9223372036800000000,1e+75,0,10,0,0,7,0,0,1,0,0,1,1,0,0,0,0,0,0,2,0,1,-1,-1,-1,-1,0,10,-1,1,1,3,-1,-1,-1,0,0,1,0,0,10,0,0,0,30.9
1,0,0,0,-1,0,1,0,0,0,0,0,2,0,1,-1,1,-1,0,-1,-1,3,0,-1,10,0,9223372036800000000,1e+75,0,10,0,0,7,0,0,1,0,0,1,1,0,0,0,0,0,0,2,0,1,-1,-1,-1,-1,0,10,-1,1,1,3,-1,-1,-1,0,0,1,0,0,10,0,0,0,25.5
1,0,0,0,-1,0,1,2,0,0,0,0,0,0,-1,2,-1,1,0,2,1,3,0,-1,150,0,9223372036800000000,1e+75,0,10,0,0,7,-1,0,1,0,0,1,1,0,0,0,0,0,-1,2,0,1,-1,-1,-1,-1,0,10,-1,1,1,3,-1,-1,-1,0,0,1,0,0,10,0,0,0,33.33
1,0,0,0,-1,0,1,0,0,0,0,0,1,0,1,0,2,-1,-1,0,-1,3,0,-1,10,0,9223372036800000000,1e+75,0,10,0,0,7,-1,0,1,0,0,1,0,0,0,0,0,0,-1,2,0,1,-1,-1,-1,-1,0,10,-1,1,1,3,-1,-1,2,0,0,1,0,0,10,0,0,0,37.01
1,0,0,0,-1,0,1,0,0,0,0,0,1,0,-1,1,0,-1,0,-1,-1,3,0,-1,50,0,9223372036800000000,1e+75,0,10,0,0,7,0,0,1,0,0,1,1,0,0,0,0,0,0,2,0,1,-1,-1,-1,-1,0,10,-1,1,1,3,-1,-1,-1,0,0,1,0,0,10,0,0,0,25.5
1,0,0,0,-1,0,1,5,0,0,0,0,1,0,1,1,1,1,2,2,0,3,0,-1,200,0,9223372036800000000,1e+75,0,10,0,0,7,1,0,1,1000,0,1,1,3,0,0,0,5,3,2,0,1,-1,-1,-1,-1,-1,10,-1,1,1,3,-1,-1,3,0,0,1,0,0,10,0,0,0,62.03
1,0,0,0,-1,0,1,0,0,0,0,0,-1,0,-1,1,0,-1,0,2,-1,3,0,-1,50,0,9223372036800000000,1e+75,0,10,0,0,7,0,0,1,0,0,1,1,0,0,0,0,0,0,2,0,1,-1,-1,-1,-1,0,10,-1,1,1,3,-1,-1,-1,0,0,1,0,0,10,0,0,0,25.5
1,0,0,0,-1,0,1,0,0,0,0,0,1,0,-1,1,0,-1,0,1,-1,3,0,-1,50,0,9223372036800000000,1e+75,0,10,0,0,7,0,0,1,0,0,1,1,0,0,0,0,0,0,2,0,1,-1,-1,-1,-1,0,10,-1,1,1,3,-1,-1,-1,0,0,1,0,0,10,0,0,0,25.5
1,0,0,0,-1,0,1,0,0,0,0,0,2,0,-1,2,-1,-1,1,1,1,3,0,-1,150,0,9223372036800000000,1e+75,0,10,0,0,7,0,0,1,20,0,1,1,1,0,0,0,0,1,2,0,1,-1,-1,-1,-1,0,10,-1,1,1,3,-1,-1,1,0,0,1,0,0,10,0,0,0,37.33
1,0,0,0,-1,0,1,0,0,0,0,0,2,0,-1,1,0,-1,0,2,-1,3,0,-1,50,0,9223372036800000000,1e+75,0,10,0,0,7,0,0,1,0,0,1,1,0,0,0,0,0,0,2,0,1,-1,-1,-1,-1,0,10,-1,1,1,3,-1,-1,-1,0,0,1,0,0,10,0,0,0,25.5
1,0,0,0,-1,0,1,0,0,0,0,0,1,0,-1,1,0,-1,-1,2,-1,3,0,-1,50,0,9223372036800000000,1e+75,0,10,0,0,7,0,0,1,0,0,1,1,0,0,0,0,0,0,2,0,1,-1,-1,-1,-1,0,10,-1,1,1,3,-1,-1,-1,0,0,1,0,0,10,0,0,0,25.5
1,0,0,0,-1,0,1,3,0,0,0,0,-1,0,1,2,-1,-1,-1,-1,0,3,0,-1,800,0,9223372036800000000,1e+75,0,10,0,0,7,0,0,1,40,0,1,0,2,0,0,0,5,4,2,0,1,-1,-1,-1,-1,1,10,-1,1,1,3,-1,-1,4,0,0,1,0,0,10,0,0,0,24.59
1,0,0,0,-1,0,1,1,0,0,0,0,0,0,0,-1,2,-1,1,1,1,3,0,-1,100,0,9223372036800000000,1e+75,0,10,0,0,7,0,0,1,0,0,1,1,0,0,0,0,0,0,2,0,1,-1,-1,-1,-1,0,10,-1,1,1,3,-1,-1,-1,0,0,1,0,0,10,0,0,0,27.41
1,0,0,0,-1,0,1,3,0,0,0,0,-1,0,-1,1,1,2,2,1,1,3,0,-1,800,0,9223372036800000000,1e+75,0,10,0,0,7,0,0,1,0,0,1,1,0,0,0,0,0,0,2,0,1,-1,-1,-1,-1,0,10,-1,1,1,3,-1,-1,-1,0,0,1,0,0,10,0,0,0,30.01
1,0,0,0,-1,0,1,0,0,0,0,0,0,0,1,1,0,2,2,0,-1,3,0,-1,100,0,9223372036800000000,1e+75,0,10,0,0,7,0,0,1,0,0,1,1,2,0,0,0,0,1,2,0,1,-1,-1,-1,-1,0,10,-1,1,1,3,-1,-1,1,0,0,1,0,0,10,0,0,0,27.71
1,0,0,0,-1,0,1,0,0,0,0,0,2,0,1,-1,2,0,1,0,-1,3,0,-1,25,0,9223372036800000000,1e+75,0,10,0,0,7,0,0,1,0,0,1,1,0,0,0,0,0,0,2,0,1,-1,-1,-1,-1,0,10,-1,1,1,3,-1,-1,-1,0,0,1,0,0,10,0,0,0,26.43
1,0,0,0,-1,0,1,0,0,0,0,0,0,0,-1,2,2,2,-1,0,1,3,0,-1,25,0,9223372036800000000,1e+75,0,10,0,0,7,-1,0,1,0,0,1,1,-1,0,0,0,0,-1,2,0,1,-1,-1,-1,-1,0,10,-1,1,1,3,-1,-1,2,0,0,1,0,0,10,0,0,0,37.01
1,0,0,0,-1,0,1,5,0,0,0,0,1,0,1,1,1,1,2,2,0,3,0,-1,200,0,9223372036800000000,1e+75,0,10,0,0,7,1,0,1,1000,0,1,1,3,0,0,0,1,-1,2,0,1,-1,-1,-1,-1,-1,10,-1,1,1,3,-1,-1,3,0,0,1,0,0,10,0,0,0,60
1,0,0,0,-1,0,1,4,0,0,0,0,1,0,1,1,2,2,2,-1,-1,3,0,-1,50,0,9223372036800000000,1e+75,0,10,0,0,7,0,0,1,100,0,1,0,2,0,0,0,0,1,2,0,1,-1,-1,-1,-1,0,10,-1,1,1,3,-1,-1,-1,0,0,1,0,0,10,0,0,0,42.99
1,0,0,0,-1,0,1,5,0,0,0,0,2,0,0,1,-1,0,2,1,0,3,0,-1,50,0,9223372036800000000,1e+75,0,10,0,0,7,-1,0,1,100,0,1,1,1,0,0,0,0,4,2,0,1,-1,-1,-1,-1,-1,10,-1,1,1,3,-1,-1,4,0,0,1,0,0,10,0,0,0,19.35
1,0,0,0,-1,0,1,5,0,0,0,0,2,0,-1,-1,1,0,-1,1,-1,3,0,-1,10,0,9223372036800000000,1e+75,0,10,0,0,7,0,0,1,0,0,1,1,0,0,0,0,0,0,2,0,1,-1,-1,-1,-1,0,10,-1,1,1,3,-1,-1,-1,0,0,1,0,0,10,0,0,0,45.45
1,0,0,0,-1,0,1,0,0,0,0,0,0,0,0,-1,2,-1,1,1,1,3,0,-1,100,0,9223372036800000000,1e+75,0,10,0,0,7,0,0,1,0,0,1,1,0,0,0,0,0,0,2,0,1,-1,-1,-1,-1,0,10,-1,1,1,3,-1,-1,-1,0,0,1,0,0,10,0,0,0,25.5
1,0,0,0,-1,0,1,3,0,0,0,0,-1,0,-1,-1,1,0,2,1,1,3,0,-1,800,0,9223372036800000000,1e+75,0,10,0,0,7,0,0,1,0,0,1,1,-1,0,0,0,0,0,2,0,1,-1,-1,-1,-1,0,10,-1,1,1,3,-1,-1,-1,0,0,1,0,0,10,0,0,0,29.95
1,0,0,0,-1,0,1,3,0,0,0,0,0,0,0,2,2,1,0,-1,2,3,0,-1,50,0,9223372036800000000,1e+75,0,10,0,0,7,0,0,1,0,0,1,1,0,0,0,0,0,0,2,0,1,-1,-1,-1,-1,0,10,-1,1,1,3,-1,-1,-1,0,0,1,0,0,10,0,0,0,36.1
1,0,0,0,-1,0,1,0,0,0,0,0,2,0,0,0,2,2,-1,2,-1,3,0,-1,25,0,9223372036800000000,1e+75,0,10,0,0,7,-1,0,1,0,0,1,1,1,0,0,0,0,2,2,0,1,-1,-1,-1,-1,0,10,-1,1,1,3,-1,-1,4,0,0,1,0,0,10,0,0,0,22.24
1,0,0,0,-1,0,1,0,0,0,0,0,3,0,-1,-1,-1,-1,2,2,2,3,0,-1,400,0,9223372036800000000,1e+75,0,10,0,0,7,1,0,1,0,0,1,1,-1,0,0,0,0,1,2,0,1,-1,-1,-1,-1,1,10,-1,1,1,3,-1,-1,4,0,0,1,0,0,10,0,0,0,20.73
1,0,0,0,-1,0,1,4,0,0,0,0,0,0,-1,2,1,0,-1,2,2,3,0,-1,150,0,9223372036800000000,1e+75,0,10,0,0,7,0,0,1,0,0,1,1,0,0,0,0,0,0,2,0,1,-1,-1,-1,-1,0,10,-1,1,1,3,-1,-1,-1,0,0,1,0,0,10,0,0,0,31.26
1,0,0,0,-1,0,1,3,0,0,0,0,-1,0,1,2,-1,-1,-1,-1,0,3,0,-1,800,0,9223372036800000000,1e+75,0,10,0,0,7,0,0,1,20,0,1,0,2,0,0,0,0,4,2,0,1,-1,-1,-1,-1,1,10,-1,1,1,3,-1,-1,4,0,0,1,0,0,10,0,0,0,15.94
1,0,0,0,-1,0,1,2,0,0,0,0,2,0,1,2,1,-1,-1,2,2,3,0,-1,800,0,9223372036800000000,1e+75,0,10,0,0,7,0,0,1,0,0,1,1,0,0,0,0,0,0,2,0,1,-1,-1,-1,-1,0,10,-1,1,1,3,-1,-1,-1,0,0,1,0,0,10,0,0,0,25.5
1,0,0,0,-1,0,1,1,0,0,0,0,0,0,-1,2,1,0,-1,2,2,3,0,-1,100,0,9223372036800000000,1e+75,0,10,0,0,7,0,0,1,0,0,1,1,0,0,0,0,0,0,2,0,1,-1,-1,-1,-1,0,10,-1,1,1,3,-1,-1,-1,0,0,1,0,0,10,0,0,0,23.6
1,0,0,0,-1,0,1,5,0,0,0,0,3,0,-1,1,2,-1,2,1,0,3,0,-1,50,0,9223372036800000000,1e+75,0,10,0,0,7,1,0,1,500,1,1,1,3,0,0,0,0,0,2,0,1,-1,-1,-1,-1,1,10,-1,1,1,3,-1,-1,5,0,0,1,0,0,10,0,0,0,48.84
1,0,0,0,-1,0,1,0,0,0,0,0,0,0,0,0,2,-1,1,1,1,3,0,-1,100,0,9223372036800000000,1e+75,0,10,0,0,7,0,0,1,0,0,1,1,0,0,0,0,0,0,2,0,1,-1,-1,-1,-1,0,10,-1,1,1,3,-1,-1,-1,0,0,1,0,0,10,0,0,0,25.5
1,0,0,0,-1,0,1,1,0,0,0,0,-1,0,0,-1,2,0,1,-1,1,3,0,-1,150,0,9223372036800000000,10,0,10,0,0,7,0,0,1,0,0,1,1,0,0,0,0,0,0,2,0,1,-1,-1,-1,-1,0,10,-1,1,1,3,-1,-1,-1,0,0,1,0,0,10,0,0,0,23.6
1,0,0,0,-1,0,1,2,0,0,0,0,0,0,-1,2,1,0,-1,2,2,3,0,-1,150,0,9223372036800000000,1e+75,0,10,0,0,7,0,0,1,0,0,1,1,0,0,0,0,0,0,2,0,1,-1,-1,-1,-1,0,10,-1,1,1,3,-1,-1,-1,0,0,1,0,0,10,0,0,0,32.02
1,0,0,0,-1,0,1,2,0,0,0,0,0,0,1,2,-1,0,1,1,0,3,0,-1,400,0,9223372036800000000,1e+75,0,10,0,0,7,-1,0,1,40,1,1,0,1,0,0,0,0,-1,2,0,1,-1,-1,-1,-1,-1,10,-1,1,1,3,-1,-1,2,0,0,1,0,0,10,0,0,0,28.52
1,0,0,0,-1,0,1,3,0,0,0,0,0,0,1,1,1,2,2,-1,-1,3,0,-1,400,0,9223372036800000000,1e+75,0,10,0,0,7,0,0,1,0,0,1,1,0,0,0,0,0,0,2,0,1,-1,-1,-1,-1,0,10,-1,1,1,3,-1,-1,-1,0,0,1,0,0,10,0,0,0,30.61
1,0,0,0,-1,0,1,3,0,0,0,0,-1,0,1,2,-1,-1,-1,-1,0,3,0,-1,800,0,9223372036800000000,1e+75,0,10,0,0,7,0,0,1,40,0,1,0,2,0,0,0,0,4,2,0,1,-1,-1,-1,-1,1,10,-1,1,1,3,-1,-1,4,0,0,1,5,0,10,0,0,0,17.63
1,0,0,0,-1,0,1,0,0,0,0,0,0,0,1,1,-1,2,2,2,1,3,0,-1,400,0,9223372036800000000,1e+75,0,10,0,0,7,1,0,1,0,1,1,0,3,0,0,0,0,2,2,0,1,-1,-1,-1,-1,1,10,-1,1,1,3,-1,-1,3,0,0,1,0,0,10,0,0,0,35.16
1,0,0,0,-1,0,1,0,0,0,0,0,0,0,0,2,0,-1,0,1,-1,3,0,-1,150,0,9223372036800000000,1e+75,0,10,0,0,7,0,0,1,0,0,1,1,0,0,0,0,0,0,2,0,1,-1,-1,-1,-1,0,10,-1,1,1,3,-1,-1,-1,0,0,1,0,0,10,0,0,0,25.5
1,0,0,0,-1,0,1,1,0,0,0,0,2,0,-1,2,1,0,-1,2,2,3,0,-1,150,0,9223372036800000000,1e+75,0,10,0,0,7,0,0,1,0,0,1,1,0,0,0,0,0,0,2,0,1,-1,-1,-1,-1,0,10,-1,1,1,3,-1,-1,-1,0,0,1,0,0,10,0,0,0,23.6
1,0,0,0,-1,0,1,0,0,0,0,0,0,0,0,1,-1,2,1,1,1,3,0,-1,100,0,9223372036800000000,1e+75,0,10,0,0,7,1,0,1,500,1,1,0,1,0,0,0,0,1,2,0,1,-1,-1,-1,-1,0,10,-1,1,1,3,-1,-1,1,0,0,1,0,0,10,0,0,0,27.71
1,0,0,0,-1,0,1,1,0,0,0,0,1,0,-1,2,1,0,-1,2,2,3,0,-1,150,0,9223372036800000000,1e+75,0,10,0,0,7,0,0,1,0,0,1,1,0,0,0,0,0,0,2,0,1,-1,-1,-1,-1,0,10,-1,1,1,3,-1,-1,-1,0,0,1,0,0,10,0,0,0,23.6
1,0,0,0,-1,0,1,3,0,0,0,0,-1,0,1,2,-1,-1,-1,-1,0,3,0,-1,800,0,9223372036800000000,1e+75,0,10,0,0,7,0,0,1,40,0,1,0,2,0,0,0,0,4,2,0,1,-1,-1,-1,-1,1,10,-1,1,1,3,-1,-1,4,0,0,1,4,0,10,0,0,0,18.27
1,0,0,0,-1,0,1,1,0,0,0,0,0,0,-1,2,1,0,-1,2,2,3,0,-1,50,0,9223372036800000000,1e+75,0,10,0,0,7,0,0,1,0,0,1,1,0,0,0,0,0,0,2,0,1,-1,-1,-1,-1,0,10,-1,1,1,3,-1,-1,-1,0,0,1,0,0,10,0,0,0,30.75
1,0,0,0,-1,0,1,3,0,0,0,0,1,0,0,1,1,2,1,0,0,3,0,-1,800,0,9223372036800000000,1e+75,0,10,0,0,7,0,0,1,0,0,1,0,-1,0,0,0,0,-1,2,0,1,-1,-1,-1,-1,0,10,-1,1,1,3,-1,-1,1,0,0,1,0,0,10,0,0,0,34.23
1,0,0,0,-1,0,1,1,0,0,0,0,0,0,-1,2,1,0,0,2,2,3,0,-1,150,0,9223372036800000000,1e+75,0,10,0,0,7,0,0,1,0,0,1,1,0,0,0,0,0,0,2,0,1,-1,-1,-1,-1,0,10,-1,1,1,3,-1,-1,-1,0,0,1,0,0,10,0,0,0,23.6
1,0,0,0,-1,0,1,4,0,0,0,0,1,0,1,1,2,2,2,-1,-1,3,0,-1,150,0,9223372036800000000,1e+75,0,10,0,0,7,1,0,1,100,0,1,0,2,0,0,0,0,1,2,0,1,-1,-1,-1,-1,0,10,-1,1,1,3,-1,-1,-1,0,0,1,0,0,10,0,0,0,28.58
1,0,0,0,-1,0,1,1,0,0,0,0,0,0,-1,2,-1,0,-1,2,2,3,0,-1,150,0,9223372036800000000,1e+75,0,10,0,0,7,0,0,1,0,0,1,1,0,0,0,0,0,0,2,0,1,-1,-1,-1,-1,0,10,-1,1,1,3,-1,-1,-1,0,0,1,0,0,10,0,0,0,23.6
1,0,0,0,-1,0,1,0,0,0,0,0,1,0,-1,-1,2,2,1,2,2,3,0,-1,50,0,9223372036800000000,1e+75,0,10,0,0,7,1,0,1,0,0,1,1,2,0,0,0,0,-1,2,0,1,-1,-1,-1,-1,0,10,-1,1,1,3,-1,-1,4,0,0,1,0,0,10,0,0,0,22.25
1,0,0,0,-1,0,1,1,0,0,0,0,0,0,-1,2,1,0,-1,-1,2,3,0,-1,25,0,9223372036800000000,1e+75,0,10,0,0,7,0,0,1,0,0,1,1,0,0,0,0,0,0,2,0,1,-1,-1,-1,-1,0,10,-1,1,1,3,-1,-1,-1,0,0,1,0,0,10,0,0,0,26.22
1,0,0,0,-1,0,1,5,0,0,0,0,-1,0,0,1,2,-1,1,0,1,3,0,-1,200,0,9223372036800000000,1e+75,0,10,0,0,7,1,0,1,0,0,1,0,3,0,0,0,0,3,2,0,1,-1,-1,-1,-1,0,10,-1,1,1,3,-1,-1,-1,0,0,1,0,0,10,0,0,0,45.13
1,0,0,0,-1,0,1,0,0,0,0,0,2,0,1,-1,1,-1,1,0,-1,3,0,-1,25,0,9223372036800000000,1e+75,0,10,0,0,7,0,0,1,0,0,1,1,0,0,0,0,0,0,2,0,1,-1,-1,-1,-1,0,10,-1,1,1,3,-1,-1,-1,0,0,1,0,0,10,0,0,0,25.5
1,0,0,0,-1,0,1,4,0,0,0,0,-1,0,1,-1,-1,1,1,2,-1,3,0,-1,200,0,9223372036800000000,1e+75,0,10,0,0,7,0,0,1,0,0,1,1,2,0,0,0,2,3,2,0,1,-1,-1,-1,-1,1,10,-1,1,1,3,-1,-1,-1,0,0,1,0,0,10,0,0,0,38.64
1,0,0,0,-1,0,1,0,0,0,0,0,0,0,0,-1,2,1,1,1,1,3,0,-1,100,0,9223372036800000000,1e+75,0,10,0,0,7,0,0,1,0,0,1,1,0,0,0,0,0,0,2,0,1,-1,-1,-1,-1,0,10,-1,1,1,3,-1,-1,-1,0,0,1,0,0,10,0,0,0,30.51
1,0,0,0,-1,0,1,0,0,0,0,0,0,0,-1,2,2,2,-1,0,1,3,0,-1,25,0,9223372036800000000,1e+75,0,10,0,0,7,-1,0,1,0,0,1,1,-1,0,0,0,0,1,2,0,1,-1,-1,-1,-1,0,10,-1,1,1,3,-1,-1,4,0,0,1,0,0,10,0,0,0,25.26
1,0,0,0,-1,0,1,1,0,0,0,0,0,0,-1,2,1,0,-1,2,2,3,0,-1,25,0,9223372036800000000,1e+75,0,10,0,0,7,0,0,1,0,0,1,1,0,0,0,0,0,0,2,0,1,-1,-1,-1,-1,0,10,-1,1,1,3,-1,-1,-1,0,0,1,0,0,10,0,0,0,26.22
1,0,0,0,-1,0,1,3,0,0,0,0,0,0,1,1,1,2,2,1,-1,3,0,-1,800,0,9223372036800000000,1e+75,0,10,0,0,7,0,0,1,0,0,1,1,0,0,0,0,0,0,2,0,1,-1,-1,-1,-1,0,10,-1,1,1,3,-1,-1,-1,0,0,1,0,0,10,0,0,0,31.3
1,0,0,0,-1,0,1,0,0,0,0,0,0,0,0,-1,0,1,0,1,-1,3,0,-1,150,0,9223372036800000000,1e+75,0,10,0,0,7,0,0,1,0,0,1,1,0,0,0,0,0,0,2,0,1,-1,-1,-1,-1,0,10,-1,1,1,3,-1,-1,-1,0,0,1,0,0,10,0,0,0,30.51
1,0,0,0,-1,0,1,0,0,0,0,0,0,0,-1,-1,2,-1,1,1,1,3,0,-1,100,0,9223372036800000000,1e+75,0,10,0,0,7,0,0,1,0,0,1,1,0,0,0,0,0,0,2,0,1,-1,-1,-1,-1,0,10,-1,1,1,3,-1,-1,-1,0,0,1,0,0,10,0,0,0,25.5
1,0,0,0,-1,0,1,4,0,0,0,0,2,0,1,2,-1,2,2,-1,2,3,0,-1,400,0,9223372036800000000,1e+75,0,10,0,0,7,0,0,1,0,0,1,1,0,0,0,0,0,0,2,0,1,-1,-1,-1,-1,0,10,-1,1,1,3,-1,-1,-1,0,0,1,0,0,10,0,0,0,32.84
1,0,0,0,-1,0,1,3,0,0,0,0,2,0,1,2,1,-1,-1,1,0,3,0,-1,800,0,9223372036800000000,1e+75,0,10,0,0,7,0,0,1,0,0,1,1,0,0,0,0,0,0,2,0,1,-1,-1,-1,-1,0,10,-1,1,1,3,-1,-1,-1,0,0,1,0,0,10,0,0,0,33.23
1,0,0,0,-1,0,1,3,0,0,0,0,3,0,0,1,2,1,1,0,1,3,0,-1,10,0,9223372036800000000,1e+75,0,10,0,0,7,0,0,1,0,0,1,1,0,0,0,0,0,0,2,0,1,-1,-1,-1,-1,0,10,-1,1,1,3,-1,-1,-1,0,0,1,0,0,10,0,0,0,33.23
1,0,0,0,-1,0,1,2,0,0,0,0,1,0,1,2,1,2,0,-1,-1,3,0,-1,50,0,9223372036800000000,1e+75,0,10,0,0,7,1,0,1,0,0,1,1,0,0,0,0,1,0,2,0,1,-1,-1,-1,-1,0,10,-1,1,1,3,-1,-1,0,0,0,1,0,0,10,0,0,0,46.51
1,0,0,0,-1,0,1,4,0,0,0,0,1,0,1,1,2,2,2,-1,-1,3,0,-1,150,0,9223372036800000000,1e+75,0,10,0,0,7,1,0,1,100,0,1,0,2,0,0,0,0,1,2,0,1,-1,-1,-1,-1,1,10,-1,1,1,3,-1,-1,-1,0,0,1,0,0,10,0,0,0,28.65
1,0,0,0,-1,0,1,3,0,0,0,0,-1,0,-1,-1,1,0,2,1,1,3,0,-1,200,0,9223372036800000000,1e+75,0,10,0,0,7,0,0,1,0,0,1,1,0,0,0,0,0,0,2,0,1,-1,-1,-1,-1,0,10,-1,1,1,3,-1,-1,-1,0,0,1,0,0,10,0,0,0,30.12
1,0,0,0,-1,0,1,0,0,0,0,0,0,0,1,-1,2,-1,1,0,-1,3,0,-1,25,0,9223372036800000000,1e+75,0,10,0,0,7,0,0,1,0,0,1,1,0,0,0,0,0,0,2,0,1,-1,-1,-1,-1,0,10,-1,1,1,3,-1,-1,-1,0,0,1,0,0,10,0,0,0,25.5
1,0,0,0,-1,0,1,1,0,0,0,0,-1,0,1,-1,-1,0,2,1,-1,3,0,-1,10,0,9223372036800000000,1e+75,0,10,0,0,7,0,0,1,0,0,1,0,0,0,0,0,0,1,2,0,1,-1,-1,-1,-1,0,10,-1,1,1,3,-1,-1,2,0,0,1,0,0,10,0,0,0,28.34
1,0,0,0,-1,0,1,0,0,0,0,0,3,0,0,1,2,1,1,-1,1,3,0,-1,10,0,9223372036800000000,1e+75,0,10,0,0,7,0,0,1,0,0,1,1,0,0,0,0,0,0,2,0,1,-1,-1,-1,-1,0,10,-1,1,1,3,-1,-1,-1,0,0,1,0,0,10,0,0,0,25.5
1,0,0,0,-1,0,1,1,0,0,0,0,-1,0,0,-1,2,0,1,-1,1,3,0,-1,150,0,9223372036800000000,1e+75,0,10,0,0,7,-1,0,1,0,0,1,1,0,0,0,0,0,0,2,0,1,-1,-1,-1,-1,0,10,-1,1,1,3,-1,-1,-1,0,0,1,0,0,10,0,0,0,38.87
1,0,0,0,-1,0,1,0,0,0,0,0,1,0,-1,1,1,-1,0,2,-1,3,0,-1,50,0,9223372036800000000,1e+75,0,10,0,0,7,0,0,1,0,0,1,1,0,0,0,0,0,0,2,0,1,-1,-1,-1,-1,0,10,-1,1,1,3,-1,-1,-1,0,0,1,0,0,10,0,0,0,25.5
1,0,0,0,-1,0,1,5,0,0,0,0,0,0,-1,2,1,0,-1,2,2,3,0,-1,150,0,9223372036800000000,1e+75,0,10,0,0,7,0,0,1,0,0,1,1,0,0,0,0,0,0,2,0,1,-1,-1,-1,-1,0,10,-1,1,1,3,-1,-1,-1,0,0,1,0,0,10,0,0,0,31.26
1,0,0,0,-1,0,1,0,0,0,0,0,3,0,0,1,2,-1,1,0,1,3,0,-1,100,0,9223372036800000000,1e+75,0,10,0,0,7,0,0,1,0,0,1,1,0,0,0,0,0,0,2,0,1,-1,-1,-1,-1,0,10,-1,1,1,3,-1,-1,-1,0,0,1,0,0,10,0,0,0,25.5
1,0,0,0,-1,0,1,0,0,0,0,0,1,0,-1,1,0,2,0,2,-1,3,0,-1,50,0,9223372036800000000,1e+75,0,10,0,0,7,0,0,1,0,0,1,1,0,0,0,0,0,0,2,0,1,-1,-1,-1,-1,0,10,-1,1,1,3,-1,-1,-1,0,0,1,0,0,10,0,0,0,32.42
1,0,0,0,-1,0,1,0,0,0,0,0,-1,0,-1,2,0,0,-1,0,1,3,0,-1,10,0,9223372036800000000,1e+75,0,10,0,0,7,0,0,1,100,1,1,1,1,0,0,0,0,-1,2,0,1,-1,-1,-1,-1,-1,10,-1,1,1,3,-1,-1,4,0,0,1,0,0,10,0,0,0,23.64
1,0,0,0,-1,0,1,3,0,0,0,0,-1,0,1,2,-1,-1,-1,-1,0,3,0,-1,800,0,9223372036800000000,1e+75,0,10,0,0,7,0,0,1,0,0,1,0,2,0,0,0,0,4,2,0,1,-1,-1,-1,-1,1,10,-1,1,1,3,-1,-1,4,0,0,1,0,0,10,0,0,0,15.94
1,0,0,0,-1,0,1,0,0,0,0,0,2,0,0,1,2,1,1,0,1,3,0,-1,10,0,9223372036800000000,1e+75,0,10,0,0,7,0,0,1,0,0,1,1,0,0,0,0,0,0,2,0,1,-1,-1,-1,-1,0,10,-1,1,1,3,-1,-1,-1,0,0,1,0,0,10,0,0,0,25.5
1,0,0,0,-1,0,1,4,0,0,0,0,0,0,1,0,0,-1,0,2,1,3,0,-1,100,0,9223372036800000000,1e+75,0,10,0,0,7,0,0,1,100,1,1,0,2,0,0,0,0,3,2,0,1,-1,-1,-1,-1,1,10,-1,1,1,3,-1,-1,2,0,0,1,0,0,10,0,0,0,37.99
1,0,0,0,-1,0,1,0,0,0,0,0,0,0,0,-1,0,-1,1,1,-1,3,0,-1,150,0,9223372036800000000,1e+75,0,10,0,0,7,0,0,1,0,0,1,1,0,0,0,0,0,0,2,0,1,-1,-1,-1,-1,0,10,-1,1,1,3,-1,-1,-1,0,0,1,0,0,10,0,0,0,25.5
1,0,0,0,-1,0,1,0,0,0,0,0,3,0,0,1,2,1,1,0,1,3,0,-1,50,0,9223372036800000000,1e+75,0,10,0,0,7,0,0,1,0,0,1,1,0,0,0,0,0,0,2,0,1,-1,-1,-1,-1,0,10,-1,1,1,3,-1,-1,-1,0,0,1,0,0,10,0,0,0,26.69
1,0,0,0,-1,0,1,0,0,0,0,0,-1,0,-1,-1,-1,-1,1,2,1,3,0,-1,50,0,9223372036800000000,1e+75,0,10,0,0,7,1,0,1,1000,0,1,1,3,0,0,0,3,-1,2,0,1,-1,-1,-1,-1,1,10,-1,1,1,3,-1,-1,3,0,0,1,0,0,10,0,0,0,42.35
1,0,0,0,-1,0,1,0,0,0,0,0,-1,0,-1,2,0,0,-1,0,1,3,0,-1,25,0,9223372036800000000,1e+75,0,10,0,0,7,0,0,1,100,1,1,1,-1,0,0,0,0,-1,2,0,1,-1,-1,-1,-1,-1,10,-1,1,1,3,-1,-1,4,0,0,1,0,0,10,0,0,0,21.04
1,0,0,0,-1,0,1,4,0,0,0,0,3,0,1,0,0,0,2,1,-1,3,0,-1,10,0,9223372036800000000,1e+75,0,10,0,0,7,0,0,1,0,0,1,1,0,0,0,0,0,0,2,0,1,-1,-1,-1,-1,0,10,-1,1,1,3,-1,-1,-1,0,0,1,0,0,10,0,0,0,34.91
1,0,0,0,-1,0,1,3,0,0,2,0,-1,0,1,2,-1,-1,-1,-1,0,3,0,-1,800,0,9223372036800000000,1e+75,0,10,0,0,7,0,0,1,40,0,1,0,2,0,0,0,0,4,2,0,1,-1,-1,-1,-1,1,10,-1,1,1,3,-1,-1,4,0,0,1,0,0,10,0,0,0,15.94
1,0,0,0,-1,0,1,2,0,0,0,0,3,0,1,0,0,0,2,1,-1,3,0,-1,400,0,9223372036800000000,1e+75,0,10,0,0,7,0,0,1,0,0,1,1,0,0,0,0,0,0,2,0,1,-1,-1,-1,-1,0,10,-1,1,1,3,-1,-1,-1,0,0,1,0,0,10,0,0,0,31.81
1,0,0,0,-1,0,1,4,0,0,0,0,1,0,1,1,2,2,2,-1,-1,3,0,-1,150,0,9223372036800000000,1e+75,0,10,0,0,7,1,0,1,100,0,1,0,3,0,0,0,0,1,2,0,1,-1,-1,-1,-1,0,10,-1,1,1,3,-1,-1,2,0,0,1,0,0,10,0,0,0,27.21
1,0,0,0,-1,0,1,1,0,0,0,0,-1,0,1,-1,-1,0,2,1,-1,3,0,-1,25,0,9223372036800000000,1e+75,0,10,0,0,7,0,0,1,0,0,1,0,0,0,0,0,0,1,2,0,1,-1,-1,-1,-1,0,10,-1,1,1,3,-1,-1,2,0,0,1,0,0,10,0,0,0,27.41
1,0,0,0,-1,0,1,0,0,0,0,0,1,0,1,2,0,2,2,1,2,3,0,-1,10,0,9223372036800000000,1e+75,0,10,0,0,7,-1,0,1,0,0,1,1,1,0,0,0,0,1,2,0,1,-1,-1,-1,-1,0,10,-1,1,1,3,-1,-1,0,0,0,1,0,0,10,0,0,0,43.5
1,0,0,0,-1,0,1,0,0,0,0,0,0,0,1,1,0,2,-1,0,-1,3,0,-1,50,0,9223372036800000000,1e+75,0,10,0,0,7,0,0,1,0,0,1,1,2,0,0,0,0,1,2,0,1,-1,-1,-1,-1,0,10,-1,1,1,3,-1,-1,2,0,0,1,0,0,10,0,0,0,29.69
1,0,0,0,-1,0,1,0,0,0,0,0,1,0,-1,1,-1,-1,0,2,-1,3,0,-1,50,0,9223372036800000000,1e+75,0,10,0,0,7,0,0,1,0,0,1,1,0,0,0,0,0,0,2,0,1,-1,-1,-1,-1,0,10,-1,1,1,3,-1,-1,-1,0,0,1,0,0,10,0,0,0,25.5
1,0,0,0,-1,0,1,1,0,0,0,0,0,0,1,0,1,2,2,1,-1,3,0,-1,400,0,9223372036800000000,1e+75,0,10,0,0,7,0,0,1,0,0,1,1,0,0,0,0,0,0,2,0,1,-1,-1,-1,-1,0,10,-1,1,1,3,-1,-1,-1,0,0,1,0,0,10,0,0,0,27.93
1,0,0,0,-1,0,1,0,0,0,0,0,1,0,-1,-1,-1,-1,-1,1,-1,3,0,-1,150,0,9223372036800000000,1e+75,0,10,0,0,7,1,0,1,0,0,1,1,0,0,0,0,0,2,2,0,1,-1,-1,-1,-1,0,10,-1,1,1,3,-1,-1,-1,0,0,1,0,0,10,0,0,0,32.61
1,0,0,0,-1,0,1,4,0,0,0,0,2,0,-1,1,0,2,1,1,-1,3,0,-1,150,0,9223372036800000000,1e+75,0,10,0,0,7,1,0,1,0,0,1,1,0,0,0,0,0,1,2,0,1,-1,-1,-1,-1,0,10,-1,1,1,3,-1,-1,-1,0,0,1,0,0,10,0,0,0,28.58
1,0,0,0,-1,0,1,1,0,0,0,0,0,0,-1,2,1,0,-1,2,2,3,0,-1,150,0,9223372036800000000,1e+75,0,10,0,0,7,0,0,1,0,0,1,1,0,0,0,0,0,0,2,0,1,-1,-1,-1,-1,0,10,-1,1,1,3,-1,-1,-1,0,0,1,0,0,10,0,0,0,23.6
1,0,0,0,-1,0,1,3,0,0,0,0,3,0,1,0,0,0,2,1,-1,3,0,-1,400,0,9223372036800000000,1e+75,0,10,0,0,7,0,0,1,0,0,1,1,0,0,0,0,0,0,2,0,1,-1,-1,-1,-1,0,10,-1,1,1,3,-1,-1,-1,0,0,1,0,0,10,0,0,0,30.9
1,0,0,0,-1,0,1,3,0,0,0,0,2,0,1,2,1,-1,-1,2,0,3,0,-1,800,0,9223372036800000000,1e+75,0,10,0,0,7,0,0,1,0,0,1,1,0,0,0,0,0,0,2,0,1,-1,-1,-1,-1,0,10,-1,1,1,3,-1,-1,-1,0,0,1,0,0,10,0,0,0,33.23
1,0,0,0,-1,0,1,3,0,0,0,0,0,0,0,-1,2,-1,1,1,1,3,0,-1,100,0,9223372036800000000,1e+75,0,10,0,0,7,0,0,1,0,0,1,1,0,0,0,0,0,0,2,0,1,-1,-1,-1,-1,0,10,-1,1,1,3,-1,-1,-1,0,0,1,0,0,10,0,0,0,33.23
1,0,0,0,-1,0,1,2,0,0,0,0,1,0,1,0,0,0,2,1,-1,3,0,-1,10,0,9223372036800000000,1e+75,0,10,0,0,7,0,0,1,0,0,1,1,0,0,0,0,0,0,2,0,1,-1,-1,-1,-1,0,10,-1,1,1,3,-1,-1,-1,0,0,1,0,0,10,0,0,0,25.5
1,0,0,0,-1,0,1,3,0,0,0,0,-1,0,1,2,-1,-1,-1,-1,0,3,0,-1,800,0,9223372036800000000,1e+75,0,10,0,0,7,0,0,1,40,0,1,0,2,0,0,0,2,4,2,0,1,-1,-1,-1,-1,1,10,-1,1,1,3,-1,-1,4,0,0,1,0,0,10,0,0,0,15.94
1,0,0,0,-1,0,1,0,0,0,0,0,0,0,1,1,1,2,2,1,-1,3,0,-1,400,0,9223372036800000000,1e+75,0,10,0,0,7,0,0,1,0,0,1,1,0,0,0,0,0,0,2,0,1,-1,-1,-1,-1,0,10,-1,1,1,3,-1,-1,-1,0,0,1,0,0,10,0,0,0,32.84
1,0,0,0,-1,0,1,3,0,0,0,0,-1,0,1,2,-1,-1,-1,-1,0,3,0,-1,800,0,9223372036800000000,1e+75,0,10,0,0,7,0,0,1,40,0,1,0,2,0,0,1,0,4,2,0,1,-1,-1,-1,-1,1,10,-1,1,1,3,-1,-1,4,0,0,1,0,0,10,0,0,0,18.6
1,0,0,0,-1,0,1,0,0,0,0,0,1,0,0,1,0,-1,0,2,-1,3,0,-1,50,0,9223372036800000000,1e+75,0,10,0,0,7,0,0,1,0,0,1,1,0,0,0,0,0,0,2,0,1,-1,-1,-1,-1,0,10,-1,1,1,3,-1,-1,-1,0,0,1,0,0,10,0,0,0,25.5
1,0,0,0,-1,0,1,1,0,0,0,0,-1,0,0,2,2,0,1,-1,1,3,0,-1,150,0,9223372036800000000,1e+75,0,10,0,0,7,0,0,1,0,0,1,1,0,0,0,0,0,0,2,0,1,-1,-1,-1,-1,0,10,-1,1,1,3,-1,-1,-1,0,0,1,0,0,10,0,0,0,23.6
1,0,0,0,-1,0,1,4,0,0,0,0,1,0,1,-1,2,2,2,-1,-1,3,0,-1,50,0,9223372036800000000,1e+75,0,10,0,0,7,1,0,1,100,0,1,0,2,0,0,0,0,1,2,0,1,-1,-1,-1,-1,0,10,-1,1,1,3,-1,-1,-1,0,0,1,0,0,10,0,0,0,30.33
1,0,0,0,-1,0,1,0,0,0,0,0,-1,0,1,0,2,1,1,1,2,3,0,-1,400,0,9223372036800000000,1e+75,0,10,0,0,7,-1,0,1,0,0,1,1,3,0,0,0,0,3,2,0,1,-1,-1,-1,-1,0,10,-1,1,1,3,-1,-1,4,0,0,1,0,0,10,0,0,0,25.31
1,0,0,0,-1,3,1,3,0,0,0,0,-1,0,1,2,-1,-1,-1,-1,0,3,0,-1,800,0,9223372036800000000,1e+75,0,10,0,0,7,0,0,1,40,0,1,0,2,0,0,0,0,4,2,0,1,-1,-1,-1,-1,1,10,-1,1,1,3,-1,-1,4,0,0,1,0,0,10,0,0,0,15.94
1,0,0,0,-1,0,1,3,0,0,0,0,0,0,-1,-1,1,0,2,1,1,3,0,-1,800,0,9223372036800000000,1e+75,0,10,0,0,7,0,0,1,0,0,1,1,0,0,0,0,0,0,2,0,1,-1,-1,-1,-1,0,10,-1,1,1,3,-1,-1,-1,0,0,1,0,0,10,0,0,0,31.67
1,0,0,0,-1,0,1,0,0,0,0,0,1,0,-1,1,0,-1,0,0,-1,3,0,-1,50,0,9223372036800000000,1e+75,0,10,0,0,7,0,0,1,0,0,1,1,0,0,0,0,0,0,2,0,1,-1,-1,-1,-1,0,10,-1,1,1,3,-1,-1,-1,0,0,1,0,0,10,0,0,0,25.5
1,0,0,0,-1,0,1,1,0,0,0,0,0,0,1,1,1,2,-1,1,-1,3,0,-1,400,0,9223372036800000000,1e+75,0,10,0,0,7,0,0,1,0,0,1,1,0,0,0,0,0,0,2,0,1,-1,-1,-1,-1,0,10,-1,1,1,3,-1,-1,-1,0,0,1,0,0,10,0,0,0,27.93
1,0,0,0,-1,0,1,0,0,0,0,0,2,0,1,-1,1,-1,0,0,-1,3,0,-1,10,0,9223372036800000000,1e+75,0,10,0,0,7,0,0,1,0,0,1,1,0,0,0,0,0,0,2,0,1,-1,-1,-1,-1,0,10,-1,1,1,3,-1,-1,-1,0,0,1,0,0,10,0,0,0,25.5
1,0,0,0,-1,0,1,3,0,0,0,0,1,0,1,0,1,1,2,1,1,3,0,-1,50,0,9223372036800000000,1e+75,0,10,0,0,7,1,0,1,0,0,1,0,0,0,0,0,0,4,2,0,1,-1,-1,-1,-1,0,10,-1,1,1,3,-1,-1,1,0,0,1,0,0,10,0,0,0,33.78
1,0,0,0,-1,0,1,0,0,0,0,0,0,0,-1,1,0,2,-1,2,2,3,0,-1,150,0,9223372036800000000,1e+75,0,10,0,0,7,1,0,1,40,0,1,0,2,0,0,0,5,-1,2,0,1,-1,-1,-1,-1,0,10,-1,1,1,3,-1,-1,-1,0,0,1,0,0,10,0,0,0,36.51
1,0,0,0,-1,0,1,0,0,0,0,0,1,0,-1,1,0,-1,2,2,-1,3,0,-1,50,0,9223372036800000000,1e+75,0,10,0,0,7,0,0,1,0,0,1,1,0,0,0,0,0,0,2,0,1,-1,-1,-1,-1,0,10,-1,1,1,3,-1,-1,-1,0,0,1,0,0,10,0,0,0,25.5
1,0,0,0,-1,0,1,1,0,0,0,0,3,0,1,0,0,0,2,1,-1,3,0,-1,10,0,9223372036800000000,1e+75,0,10,0,0,7,0,0,1,0,0,1,1,0,0,0,0,0,0,2,0,1,-1,-1,-1,-1,0,10,-1,1,1,3,-1,-1,-1,0,0,1,0,0,10,0,0,0,27.41
1,0,0,0,-1,0,1,0,0,0,0,0,2,0,-1,-1,-1,2,-1,0,1,3,0,-1,100,0,9223372036800000000,1e+75,0,10,0,0,7,0,0,1,1000,0,1,0,1,0,0,0,4,-1,2,0,1,-1,-1,-1,-1,1,10,-1,1,1,3,-1,-1,-1,0,0,1,0,0,10,0,0,0,28.11
1,0,0,0,-1,0,1,1,0,0,0,0,-1,0,0,-1,2,0,1,-1,1,3,0,-1,150,0,9223372036800000000,1e+75,0,10,0,0,7,0,0,1,0,0,1,1,0,3,0,0,0,0,2,0,1,-1,-1,-1,-1,0,10,-1,1,1,3,-1,-1,-1,0,0,1,0,0,10,0,0,0,27.64
1,0,0,0,-1,0,1,0,0,0,0,0,1,0,1,-1,2,-1,1,0,-1,3,0,-1,25,0,9223372036800000000,1e+75,0,10,0,0,7,0,0,1,0,0,1,1,0,0,0,0,0,0,2,0,1,-1,-1,-1,-1,0,10,-1,1,1,3,-1,-1,-1,0,0,1,0,0,10,0,0,0,25.5
1,0,0,0,-1,0,1,0,0,0,0,0,2,0,1,0,2,-1,1,0,-1,3,0,-1,25,0,9223372036800000000,1e+75,0,10,0,0,7,0,0,1,0,0,1,1,0,0,0,0,0,0,2,0,1,-1,-1,-1,-1,0,10,-1,1,1,3,-1,-1,-1,0,0,1,0,0,10,0,0,0,25.5
1,0,0,0,-1,0,1,2,0,0,0,0,0,0,0,2,0,1,-1,-1,1,3,0,-1,150,0,9223372036800000000,1e+75,0,10,0,0,7,0,0,1,0,0,1,1,0,0,0,0,0,0,2,0,1,-1,-1,-1,-1,0,10,-1,1,1,3,-1,-1,-1,0,0,1,0,0,10,0,0,0,30.51
1,0,0,0,-1,0,1,3,0,0,0,0,0,0,-1,-1,1,2,2,1,1,3,0,-1,800,0,9223372036800000000,1e+75,0,10,0,0,7,0,0,1,0,0,1,1,0,0,0,0,0,0,2,0,1,-1,-1,-1,-1,0,10,-1,1,1,3,-1,-1,-1,0,0,1,0,0,10,0,0,0,31.3
1,0,0,0,-1,0,1,1,0,0,0,0,-1,0,0,-1,2,0,1,-1,1,3,0,-1,150,0,9223372036800000000,1e+75,0,10,0,0,7,0,3,1,0,0,1,1,0,0,0,0,0,0,2,0,1,-1,-1,-1,-1,0,10,-1,1,1,3,-1,-1,-1,0,0,1,0,0,10,0,0,0,27.15
1,0,0,0,-1,0,1,0,0,0,0,0,3,0,-1,-1,-1,-1,2,2,-1,3,0,-1,400,0,9223372036800000000,1e+75,0,10,0,0,7,1,0,1,0,0,1,1,0,0,0,0,0,1,2,0,1,-1,-1,-1,-1,1,10,-1,1,1,3,-1,-1,4,0,0,1,0,0,10,0,0,0,19.28
1,0,0,0,-1,0,1,1,0,0,0,0,-1,0,0,-1,2,0,1,-1,1,3,0,-1,150,0,9223372036800000000,0,0,10,0,0,7,0,0,1,0,0,1,1,0,0,0,0,0,0,2,0,1,-1,-1,-1,-1,0,10,-1,1,1,3,-1,-1,-1,0,0,1,0,0,10,0,0,0,40.19
1,0,0,0,-1,0,1,5,0,0,0,0,2,0,-1,-1,-1,0,0,1,-1,3,0,-1,25,0,9223372036800000000,1e+75,0,10,0,0,7,0,0,1,0,0,1,1,0,0,0,0,0,0,2,0,1,-1,-1,-1,-1,0,10,-1,1,1,3,-1,-1,-1,0,0,1,0,0,10,0,0,0,40.66
1,0,0,0,-1,0,1,1,0,0,0,0,-1,0,-1,0,0,0,2,2,2,3,0,-1,10,0,9223372036800000000,1e+75,0,10,0,0,7,0,0,1,0,0,1,1,0,0,0,0,0,0,2,0,1,-1,-1,-1,-1,0,10,-1,1,1,3,-1,-1,-1,0,0,1,0,0,10,0,0,0,27.41
1,0,0,0,-1,0,1,0,0,0,0,0,-1,0,-1,-1,-1,-1,1,2,1,3,0,-1,50,0,9223372036800000000,1e+75,0,10,0,0,7,1,0,1,1000,0,1,1,3,0,0,0,1,-1,2,0,1,-1,-1,-1,-1,-1,10,-1,1,1,3,-1,-1,2,0,0,1,0,0,10,0,0,0,39.12
1,0,0,0,-1,0,1,0,0,0,0,0,0,0,0,2,2,-1,1,1,1,3,0,-1,100,0,9223372036800000000,1e+75,0,10,0,0,7,0,0,1,0,0,1,1,0,0,0,0,0,0,2,0,1,-1,-1,-1,-1,0,10,-1,1,1,3,-1,-1,-1,0,0,1,0,0,10,0,0,0,25.5
1,0,0,0,-1,0,1,0,0,0,0,0,0,0,0,-1,2,-1,0,1,1,3,0,-1,100,0,9223372036800000000,1e+75,0,10,0,0,7,0,0,1,0,0,1,1,0,0,0,0,0,0,2,0,1,-1,-1,-1,-1,0,10,-1,1,1,3,-1,-1,-1,0,0,1,0,0,10,0,0,0,25.5
1,0,0,0,-1,0,1,3,0,0,0,0,1,0,0,1,-1,2,1,0,0,3,0,-1,200,0,9223372036800000000,1e+75,0,10,0,0,7,0,0,1,0,0,1,0,-1,0,0,0,0,-1,2,0,1,-1,-1,-1,-1,0,10,-1,1,1,3,-1,-1,1,0,0,1,0,0,10,0,0,0,32.62
1,0,0,0,-1,0,1,0,0,0,0,0,2,0,1,-1,2,-1,0,0,-1,3,0,-1,25,0,9223372036800000000,1e+75,0,10,0,0,7,0,0,1,0,0,1,1,0,0,0,0,0,0,2,0,1,-1,-1,-1,-1,0,10,-1,1,1,3,-1,-1,-1,0,0,1,0,0,10,0,0,0,25.5
1,0,0,0,-1,0,1,1,0,0,0,0,-1,1,0,-1,2,0,1,-1,1,3,0,-1,150,0,9223372036800000000,1e+75,0,10,0,0,7,0,0,1,0,0,1,1,0,0,0,0,0,0,2,0,1,-1,-1,-1,-1,0,10,-1,1,1,3,-1,-1,-1,0,0,1,0,0,10,0,0,0,25.16
1,0,0,0,-1,0,1,0,0,0,0,0,0,0,0,1,0,-1,0,1,-1,3,0,-1,150,0,9223372036800000000,1e+75,0,10,0,0,7,0,0,1,0,0,1,1,0,0,0,0,0,0,2,0,1,-1,-1,-1,-1,0,10,-1,1,1,3,-1,-1,-1,0,0,1,0,0,10,0,0,0,25.5
1,0,0,0,-1,0,1,4,0,0,0,0,-1,0,1,-1,-1,1,1,2,-1,3,0,-1,200,0,9223372036800000000,1e+75,0,10,0,0,7,0,0,1,40,0,1,1,3,0,0,0,2,3,2,0,1,-1,-1,-1,-1,1,10,-1,1,1,3,-1,-1,-1,0,0,1,0,0,10,0,0,0,38.64
1,0,0,0,-1,0,1,4,0,0,0,0,-1,0,-1,0,2,0,2,2,2,3,0,-1,10,0,9223372036800000000,1e+75,0,10,0,0,7,0,0,1,0,0,1,1,0,0,0,0,0,0,2,0,1,-1,-1,-1,-1,0,10,-1,1,1,3,-1,-1,-1,0,0,1,0,0,10,0,0,0,34.91
1,0,0,0,-1,0,1,3,0,0,0,0,-1,0,1,2,-1,-1,-1,-1,0,3,0,-1,800,0,9223372036800000000,1e+75,0,10,0,0,7,0,0,1,40,0,1,0,2,0,0,0,0,4,2,0,1,-1,-1,-1,-1,1,10,-1,1,1,3,-1,-1,4,0,0,1,0,0,10,3,0,0,15.94
1,0,0,0,-1,0,1,3,0,0,0,0,-1,0,1,2,-1,-1,-1,-1,0,3,0,-1,800,0,9223372036800000000,1e+75,0,10,0,0,7,0,0,1,40,0,1,0,2,0,0,0,0,4,2,0,1,-1,-1,-1,-1,1,10,-1,1,1,3,-1,-1,1,0,0,1,0,0,10,0,0,0,40.88
1,0,0,0,-1,0,1,1,0,0,0,0,-1,0,-1,0,2,0,2,2,2,3,0,-1,400,0,9223372036800000000,1e+75,0,10,0,0,7,0,0,1,0,0,1,1,0,0,0,0,0,0,2,0,1,-1,-1,-1,-1,0,10,-1,1,1,3,-1,-1,-1,0,0,1,0,0,10,0,0,0,28.99
1,0,0,0,-1,0,1,3,0,0,0,0,-1,0,1,2,-1,-1,-1,-1,0,3,0,-1,800,0,9223372036800000000,1e+75,0,10,0,0,7,0,0,1,40,0,1,0,2,0,0,0,3,4,2,0,1,-1,-1,-1,-1,1,10,-1,1,1,3,-1,-1,4,0,0,1,0,0,10,0,0,0,23.11
1,0,0,0,-1,0,1,1,0,0,0,0,1,0,-1,0,2,0,2,2,2,3,0,-1,10,0,9223372036800000000,1e+75,0,10,0,0,7,0,0,1,0,0,1,1,0,0,0,0,0,0,2,0,1,-1,-1,-1,-1,0,10,-1,1,1,3,-1,-1,-1,0,0,1,0,0,10,0,0,0,27.41
1,0,0,0,-1,0,1,1,0,0,0,0,-1,-1,0,-1,2,0,1,-1,1,3,0,-1,150,0,9223372036800000000,1e+75,0,10,0,0,7,0,0,1,0,0,1,1,0,0,0,0,0,0,2,0,1,-1,-1,-1,-1,0,10,-1,1,1,3,-1,-1,-1,0,0,1,0,0,10,0,0,0,25.16
1,0,0,0,-1,0,1,1,0,0,0,0,-1,0,-1,2,2,2,2,1,-1,3,0,-1,100,0,9223372036800000000,1e+75,0,10,0,0,7,0,0,1,0,0,1,1,0,0,0,0,0,0,2,0,1,-1,-1,-1,-1,0,10,-1,1,1,3,-1,-1,-1,0,0,1,0,0,10,0,0,0,37.73
1,0,0,0,-1,0,1,5,0,0,0,0,2,0,0,1,-1,0,2,1,0,3,0,-1,10,0,9223372036800000000,1e+75,0,10,0,0,7,0,0,1,100,0,1,1,1,0,0,0,0,4,2,0,1,-1,-1,-1,-1,-1,10,-1,1,1,3,-1,-1,4,0,0,1,0,0,10,0,0,0,19.71
1,0,0,0,-1,0,1,0,0,0,0,0,0,0,1,-1,2,2,0,2,0,3,0,-1,100,0,9223372036800000000,1e+75,0,10,0,0,7,1,0,1,0,0,1,1,0,0,0,0,0,2,2,0,1,-1,-1,-1,-1,0,10,-1,1,1,3,-1,-1,-1,0,0,1,0,0,10,0,0,0,37.84
1,0,0,0,-1,0,1,3,0,0,0,0,-1,0,-1,-1,1,2,0,1,1,3,0,-1,800,0,9223372036800000000,1e+75,0,10,0,0,7,0,0,1,0,0,1,1,0,0,0,0,0,0,2,0,1,-1,-1,-1,-1,0,10,-1,1,1,3,-1,-1,-1,0,0,1,0,0,10,0,0,0,30.01
1,0,0,0,-1,0,1,5,0,0,0,0,2,0,-1,2,-1,-1,1,1,1,3,0,-1,150,0,9223372036800000000,1e+75,0,10,0,0,7,0,0,1,500,0,1,1,2,0,0,0,0,1,2,0,1,-1,-1,-1,-1,0,10,-1,1,1,3,-1,-1,1,0,0,1,0,0,10,0,0,0,58.02
1,0,0,0,-1,0,1,1,0,0,0,0,-1,0,0,-1,2,0,1,-1,1,3,0,-1,150,0,9223372036800000000,1e+75,0,10,0,0,0,0,0,1,0,0,1,1,0,0,0,0,0,0,2,0,1,-1,-1,-1,-1,0,10,-1,1,1,3,-1,-1,-1,0,0,1,0,0,10,0,0,0,23.6
1,0,0,0,-1,0,1,0,0,0,0,0,3,0,0,1,2,1,1,0,1,3,0,-1,200,0,9223372036800000000,1e+75,0,10,0,0,7,0,0,1,0,0,1,1,0,0,0,0,0,0,2,0,1,-1,-1,-1,-1,0,10,-1,1,1,3,-1,-1,-1,0,0,1,0,0,10,0,0,0,33.29
1,0,0,0,-1,0,1,4,0,0,0,0,2,0,-1,-1,0,2,1,1,-1,3,0,-1,150,0,9223372036800000000,1e+75,0,10,0,0,7,-1,0,1,0,0,1,1,0,0,0,0,0,1,2,0,1,-1,-1,-1,-1,0,10,-1,1,1,3,-1,-1,-1,0,0,1,0,0,10,0,0,0,28.58
1,0,0,0,-1,0,1,3,0,0,0,0,-1,0,-1,-1,1,0,2,1,1,3,0,-1,800,0,9223372036800000000,1e+75,0,10,0,0,7,-1,0,1,0,0,1,1,0,0,0,0,0,0,2,0,1,-1,-1,-1,-1,0,10,-1,1,1,3,-1,-1,-1,0,0,1,0,0,10,0,0,0,29.95
1,0,0,0,-1,0,1,0,0,0,0,0,3,0,0,1,2,1,0,0,1,3,0,-1,10,0,9223372036800000000,1e+75,0,10,0,0,7,0,0,1,0,0,1,1,0,0,0,0,0,0,2,0,1,-1,-1,-1,-1,0,10,-1,1,1,3,-1,-1,-1,0,0,1,0,0,10,0,0,0,25.5
1,0,0,0,-1,0,1,4,0,0,0,0,2,0,1,-1,2,-1,1,0,-1,3,0,-1,25,0,9223372036800000000,1e+75,0,10,0,0,7,0,0,1,0,0,1,1,0,0,0,0,0,0,2,0,1,-1,-1,-1,-1,0,10,-1,1,1,3,-1,-1,-1,0,0,1,0,0,10,0,0,0,34.91
1,0,0,0,-1,0,1,4,0,0,0,0,-1,0,1,-1,-1,1,1,2,-1,3,0,-1,200,0,9223372036800000000,1e+75,0,10,0,0,7,0,0,1,40,0,1,1,2,0,0,0,2,3,2,0,1,-1,-1,-1,-1,1,10,-1,1,1,3,-1,-1,-1,0,0,1,0,0,10,0,0,0,38.64
1,0,0,0,-1,0,1,0,0,0,0,0,3,0,-1,1,2,-1,1,0,-1,3,0,-1,800,0,9223372036800000000,1e+75,0,10,0,0,7,0,0,1,0,0,1,0,2,0,0,0,0,1,2,0,1,-1,-1,-1,-1,0,10,-1,1,1,3,-1,-1,-1,0,0,1,0,0,10,0,0,0,25.75
1,0,0,0,-1,0,1,1,0,0,0,0,-1,0,-1,0,2,0,2,0,2,3,0,-1,10,0,9223372036800000000,1e+75,0,10,0,0,7,0,0,1,0,0,1,1,0,0,0,0,0,0,2,0,1,-1,-1,-1,-1,0,10,-1,1,1,3,-1,-1,-1,0,0,1,0,0,10,0,0,0,27.41
1,0,0,0,-1,0,1,0,0,0,0,0,2,0,-1,2,0,2,2,-1,-1,3,0,-1,150,0,9223372036800000000,1e+75,0,10,0,0,7,0,0,1,20,0,1,0,3,0,0,0,0,1,2,0,1,-1,-1,-1,-1,1,10,-1,1,1,3,-1,-1,0,0,0,1,0,0,10,0,0,0,30.02
1,0,0,0,-1,0,1,1,0,0,0,0,-1,0,0,1,2,0,1,-1,1,3,0,-1,150,0,9223372036800000000,1e+75,0,10,0,0,7,0,0,1,0,0,1,1,0,0,0,0,0,0,2,0,1,-1,-1,-1,-1,0,10,-1,1,1,3,-1,-1,-1,0,0,1,0,0,10,0,0,0,23.6
1,0,0,0,-1,0,1,0,0,0,0,0,1,0,-1,2,-1,1,2,1,1,3,0,-1,100,0,9223372036800000000,1e+75,0,10,0,0,7,0,0,1,0,0,1,1,0,0,0,0,0,2,2,0,1,-1,-1,-1,-1,0,10,-1,1,1,3,-1,-1,-1,0,0,1,0,0,10,0,0,0,34.93
1,0,0,0,-1,0,1,0,0,0,0,0,2,0,-1,0,2,1,1,2,1,3,0,-1,150,0,9223372036800000000,1e+75,0,10,0,0,7,1,0,1,0,0,1,1,0,0,0,0,0,3,2,0,1,-1,-1,-1,-1,0,10,-1,1,1,3,-1,-1,-1,0,0,1,0,0,10,0,0,0,36.35
1,0,0,0,-1,0,1,0,0,0,0,0,-1,0,0,0,2,-1,2,-1,2,3,0,-1,100,0,9223372036800000000,1e+75,0,10,0,0,7,1,0,1,0,0,1,0,-1,0,0,0,0,0,2,0,1,-1,-1,-1,-1,1,10,-1,1,1,3,-1,-1,4,0,0,1,0,0,10,0,0,0,18.05
1,0,0,0,-1,0,1,3,0,0,0,0,-1,0,-1,-1,1,2,2,1,1,3,0,-1,200,0,9223372036800000000,1e+75,0,10,0,0,7,0,0,1,0,0,1,1,0,0,0,0,0,0,2,0,1,-1,-1,-1,-1,0,10,-1,1,1,3,-1,-1,-1,0,0,1,0,0,10,0,0,0,30.12
1,0,0,0,-1,0,1,3,0,0,0,0,-1,0,-1,-1,1,2,2,1,1,3,0,-1,400,0,9223372036800000000,1e+75,0,10,0,0,7,0,0,1,0,0,1,1,0,0,0,0,0,0,2,0,1,-1,-1,-1,-1,0,10,-1,1,1,3,-1,-1,-1,0,0,1,0,0,10,0,0,0,30.91
1,0,0,0,-1,0,1,0,0,0,0,0,2,0,-1,0,-1,2,-1,1,-1,3,0,-1,200,0,9223372036800000000,1e+75,0,10,0,0,7,0,0,1,1000,1,1,0,0,0,0,0,0,1,2,0,1,-1,-1,-1,-1,-1,10,-1,1,1,3,-1,-1,4,0,0,1,0,0,10,0,0,0,19.48
1,0,0,0,-1,0,1,3,0,0,0,0,3,0,-1,-1,-1,1,2,1,2,3,0,-1,25,0,9223372036800000000,1e+75,0,10,0,0,7,0,0,1,0,0,1,0,1,0,0,0,0,1,2,0,1,-1,-1,-1,-1,0,10,-1,1,1,3,-1,-1,5,0,0,1,0,0,10,0,0,0,31.66
1,0,0,0,-1,0,1,0,0,0,0,0,0,0,0,0,0,0,0,0,0,3,0,-1,200,0,9223372036800000000,1e+75,0,10,0,0,7,0,0,1,0,0,1,1,0,0,0,0,0,0,2,0,1,-1,-1,-1,-1,0,10,-1,1,1,3,-1,-1,-1,0,0,1,0,0,10,0,0,0,31.21
1,0,0,0,-1,0,1,0,0,0,0,0,2,0,0,2,-1,2,2,0,0,3,0,-1,400,0,9223372036800000000,1e+75,0,10,0,0,7,0,0,1,0,0,1,1,0,0,0,0,0,-1,2,0,1,-1,-1,-1,-1,0,10,-1,1,1,3,-1,-1,-1,0,0,1,0,0,10,0,0,0,33.54
1,0,0,0,-1,0,1,0,0,0,0,0,2,0,-1,2,-1,2,1,1,1,3,0,-1,150,0,9223372036800000000,1e+75,0,10,0,0,7,0,0,1,20,0,1,1,0,0,0,0,0,1,2,0,1,-1,-1,-1,-1,0,10,-1,1,1,3,-1,-1,1,0,0,1,0,0,10,0,0,0,30.41
1,0,0,0,-1,0,1,0,0,0,0,0,-1,0,0,-1,0,-1,0,1,-1,3,0,-1,150,0,9223372036800000000,1e+75,0,10,0,0,7,0,0,1,0,0,1,1,0,0,0,0,0,0,2,0,1,-1,-1,-1,-1,0,10,-1,1,1,3,-1,-1,-1,0,0,1,0,0,10,0,0,0,25.5
1,0,0,0,-1,0,1,1,0,0,0,0,-1,0,-1,0,2,0,2,2,2,3,0,-1,800,0,9223372036800000000,1e+75,0,10,0,0,7,0,0,1,0,0,1,1,0,0,0,0,0,0,2,0,1,-1,-1,-1,-1,0,10,-1,1,1,3,-1,-1,-1,0,0,1,0,0,10,0,0,0,29.38
1,0,0,0,-1,0,1,1,0,0,0,0,-1,0,-1,0,2,0,2,2,-1,3,0,-1,10,0,9223372036800000000,1e+75,0,10,0,0,7,0,0,1,0,0,1,1,0,0,0,0,0,0,2,0,1,-1,-1,-1,-1,0,10,-1,1,1,3,-1,-1,-1,0,0,1,0,0,10,0,0,0,27.41
1,0,0,0,-1,0,1,1,0,0,0,0,-1,0,0,-1,2,0,1,-1,1,3,0,-1,150,0,9223372036800000000,1e+75,0,10,0,0,7,0,0,1,0,0,1,1,0,0,500,0,0,0,2,0,1,-1,-1,-1,-1,0,10,-1,1,1,3,-1,-1,-1,0,0,1,0,0,10,0,0,0,34.37
1,0,0,0,-1,0,1,0,0,0,0,0,2,0,-1,-1,2,1,2,2,-1,3,0,-1,400,0,9223372036800000000,1e+75,0,10,0,0,7,0,0,1,0,0,1,0,-1,0,0,0,0,2,2,0,1,-1,-1,-1,-1,0,10,-1,1,1,3,-1,-1,-1,0,0,1,0,0,10,0,0,0,37.74
1,0,0,0,-1,0,1,5,0,0,0,0,0,0,0,-1,0,-1,0,1,-1,3,0,-1,150,0,9223372036800000000,1e+75,0,10,0,0,7,0,0,1,0,0,1,1,0,0,0,0,0,0,2,0,1,-1,-1,-1,-1,0,10,-1,1,1,3,-1,-1,-1,0,0,1,0,0,10,0,0,0,45.45
1,0,0,0,-1,0,1,1,0,0,0,0,0,0,-1,2,1,0,-1,2,2,3,0,-1,400,0,9223372036800000000,1e+75,0,10,0,0,7,0,0,1,0,0,1,1,0,0,0,0,0,0,2,0,1,-1,-1,-1,-1,0,10,-1,1,1,3,-1,-1,-1,0,0,1,0,0,10,0,0,0,28.99
1,0,0,0,-1,0,1,0,0,0,0,0,0,0,0,-1,0,-1,0,1,-1,3,0,-1,150,0,9223372036800000000,1e+75,0,10,0,0,7,0,0,1,0,0,1,1,0,0,0,0,0,0,2,0,1,-1,-1,-1,-1,0,10,-1,1,1,3,-1,-1,-1,0,0,1,0,0,10,0,0,0,25.5
1,0,0,0,-1,0,1,0,0,0,0,0,0,0,1,1,0,2,-1,0,-1,3,0,-1,100,0,9223372036800000000,1e+75,0,10,0,0,7,0,0,1,0,0,1,1,2,0,0,0,0,1,2,0,1,-1,-1,-1,-1,0,10,-1,1,1,3,-1,-1,2,0,0,1,0,0,10,0,0,0,27.58
1,0,0,0,-1,0,1,3,0,0,0,0,3,0,-1,-1,1,2,2,1,1,3,0,-1,800,0,9223372036800000000,1e+75,0,10,0,0,7,0,0,1,0,0,1,1,0,0,0,0,0,0,2,0,1,-1,-1,-1,-1,0,10,-1,1,1,3,-1,-1,-1,0,0,1,0,0,10,0,0,0,31.3
1,0,0,0,-1,0,1,0,0,0,0,0,1,0,-1,2,1,0,0,1,0,3,0,-1,10,0,9223372036800000000,1e+75,0,10,0,0,7,1,0,1,0,0,1,1,0,0,0,0,0,1,2,0,1,-1,-1,-1,-1,0,10,-1,1,1,3,-1,-1,-1,0,0,1,0,0,10,0,0,0,27.19
1,0,0,0,-1,0,1,0,0,0,0,0,3,0,0,1,2,1,1,0,0,3,0,-1,10,0,9223372036800000000,1e+75,0,10,0,0,7,0,0,1,0,0,1,1,0,0,0,0,0,0,2,0,1,-1,-1,-1,-1,0,10,-1,1,1,3,-1,-1,-1,0,0,1,0,0,10,0,0,0,25.5
1,0,0,0,-1,0,1,0,0,0,0,0,2,0,1,-1,2,-1,1,1,-1,3,0,-1,25,0,9223372036800000000,1e+75,0,10,0,0,7,0,0,1,0,0,1,1,0,0,0,0,0,0,2,0,1,-1,-1,-1,-1,0,10,-1,1,1,3,-1,-1,-1,0,0,1,0,0,10,0,0,0,25.5
1,0,0,0,-1,0,1,1,0,0,0,0,-1,0,0,-1,2,0,1,-1,1,3,0,-1,800,0,9223372036800000000,1e+75,0,10,0,0,7,0,0,1,0,0,1,1,0,0,0,0,0,0,2,0,1,-1,-1,-1,-1,0,10,-1,1,1,3,-1,-1,-1,0,0,1,0,0,10,0,0,0,29.38
1,0,0,0,-1,0,1,1,0,0,0,0,-1,0,0,0,2,0,2,2,2,3,0,-1,10,0,9223372036800000000,1e+75,0,10,0,0,7,0,0,1,0,0,1,1,0,0,0,0,0,0,2,0,1,-1,-1,-1,-1,0,10,-1,1,1,3,-1,-1,-1,0,0,1,0,0,10,0,0,0,27.41
1,0,0,0,-1,0,1,0,0,0,0,0,2,0,-1,2,-1,-1,1,1,1,3,0,-1,150,0,9223372036800000000,1e+75,0,10,0,0,7,0,0,1,500,1,1,1,2,0,0,0,0,1,2,0,1,-1,-1,-1,-1,0,10,-1,1,1,3,-1,-1,1,0,0,1,0,0,10,0,0,0,35.87
1,0,0,0,-1,0,1,1,0,0,0,0,-1,0,-1,0,2,0,2,-1,2,3,0,-1,10,0,9223372036800000000,1e+75,0,10,0,0,7,0,0,1,0,0,1,1,0,0,0,0,0,0,2,0,1,-1,-1,-1,-1,0,10,-1,1,1,3,-1,-1,-1,0,0,1,0,0,10,0,0,0,27.41
1,0,0,0,-1,0,1,0,0,0,0,0,3,0,1,-1,2,-1,1,0,-1,3,0,-1,25,0,9223372036800000000,1e+75,0,10,0,0,7,0,0,1,0,0,1,1,0,0,0,0,0,0,2,0,1,-1,-1,-1,-1,0,10,-1,1,1,3,-1,-1,-1,0,0,1,0,0,10,0,0,0,25.5
1,0,0,0,-1,0,1,0,0,0,0,0,-1,0,0,0,2,-1,2,-1,2,3,0,-1,100,0,9223372036800000000,1e+75,0,10,0,0,7,1,0,1,0,0,1,0,-1,0,0,0,0,-1,2,0,1,-1,-1,-1,-1,0,10,-1,1,1,3,-1,-1,4,0,0,1,0,0,10,0,0,0,23.05
1,0,0,0,-1,0,1,1,0,0,0,0,0,0,0,-1,2,0,1,-1,1,3,0,-1,150,0,9223372036800000000,1e+75,0,10,0,0,7,0,0,1,0,0,1,1,0,0,0,0,0,0,2,0,1,-1,-1,-1,-1,0,10,-1,1,1,3,-1,-1,-1,0,0,1,0,0,10,0,0,0,23.6
1,0,0,0,-1,0,1,5,0,0,0,0,-1,0,1,1,1,1,1,2,2,3,0,-1,150,0,9223372036800000000,1e+75,0,10,0,0,7,-1,0,1,-1,0,1,1,1,0,0,0,1,-1,2,0,1,-1,-1,-1,-1,1,10,-1,1,1,3,-1,-1,3,0,0,1,0,0,10,0,0,0,1.79769e+308
1,0,0,0,-1,0,1,0,0,0,0,0,3,0,-1,-1,-1,-1,2,2,2,3,0,-1,400,0,9223372036800000000,1e+75,0,10,0,0,7,1,0,1,0,0,1,1,0,0,0,0,0,1,2,0,1,-1,-1,-1,-1,1,10,-1,1,1,3,-1,-1,3,0,0,1,0,0,10,0,0,0,26.16
1,0,0,0,-1,0,1,1,0,0,0,0,-1,0,-1,0,2,0,2,1,2,3,0,-1,10,0,9223372036800000000,1e+75,0,10,0,0,7,0,0,1,0,0,1,1,0,0,0,0,0,0,2,0,1,-1,-1,-1,-1,0,10,-1,1,1,3,-1,-1,-1,0,0,1,0,0,10,0,0,0,27.41
1,0,0,2,-1,0,1,3,0,0,0,0,-1,0,1,2,-1,-1,-1,-1,0,3,0,-1,800,0,9223372036800000000,1e+75,0,10,0,0,7,0,0,1,40,0,1,0,2,0,0,0,0,4,2,0,1,-1,-1,-1,-1,1,10,-1,1,1,3,-1,-1,4,0,0,1,0,0,10,0,0,0,15.94
1,0,0,0,-1,0,1,3,0,0,0,0,0,0,1,2,-1,-1,1,2,2,3,0,-1,100,0,9223372036800000000,1e+75,0,10,0,0,7,-1,0,1,40,1,1,0,-1,0,0,0,0,0,2,0,1,-1,-1,-1,-1,1,10,-1,1,1,3,-1,-1,4,0,0,1,0,0,10,0,0,0,16.9
1,0,0,0,-1,0,1,1,0,0,0,0,0,0,1,1,1,2,2,1,-1,3,0,-1,25,0,9223372036800000000,1e+75,0,10,0,0,7,0,0,1,0,0,1,1,0,0,0,0,0,0,2,0,1,-1,-1,-1,-1,0,10,-1,1,1,3,-1,-1,-1,0,0,1,0,0,10,0,0,0,26.22
1,0,0,0,-1,0,1,0,0,0,0,0,-1,0,-1,-1,-1,-1,1,2,1,3,0,-1,50,0,9223372036800000000,1e+75,0,10,0,0,7,1,0,1,1000,0,1,1,3,0,0,0,1,-1,2,0,1,-1,-1,-1,-1,-1,10,-1,1,1,3,-1,-1,3,0,0,1,0,0,10,0,0,0,39.12
1,0,0,0,-1,0,1,1,0,0,0,0,3,0,1,0,0,0,2,1,-1,3,0,-1,400,0,9223372036800000000,1e+75,0,10,0,0,7,0,0,1,0,0,1,1,0,0,0,0,0,0,2,0,1,-1,-1,-1,-1,0,10,-1,1,1,3,-1,-1,-1,0,0,1,0,0,10,0,0,0,28.99
1,0,0,0,-1,0,1,0,0,0,0,0,-1,0,-1,2,0,0,-1,0,1,3,0,-1,10,0,9223372036800000000,1e+75,0,10,0,0,7,0,0,1,-1,1,1,1,-1,0,0,0,0,-1,2,0,1,-1,-1,-1,-1,-1,10,-1,1,1,3,-1,-1,4,0,0,1,0,0,10,0,0,0,22.02
1,0,0,0,-1,0,1,0,0,0,0,0,0,0,0,-1,0,-1,0,1,0,3,0,-1,150,0,9223372036800000000,1e+75,0,10,0,0,7,0,0,1,0,0,1,1,0,0,0,0,0,0,2,0,1,-1,-1,-1,-1,0,10,-1,1,1,3,-1,-1,-1,0,0,1,0,0,10,0,0,0,25.5
1,0,0,0,-1,0,1,1,0,0,0,0,0,0,1,1,1,2,2,1,-1,3,0,-1,200,0,9223372036800000000,1e+75,0,10,0,0,7,0,0,1,0,0,1,1,0,0,0,0,0,0,2,0,1,-1,-1,-1,-1,0,10,-1,1,1,3,-1,-1,-1,0,0,1,0,0,10,0,0,0,28.67
1,0,0,0,-1,0,1,1,0,0,0,0,-1,0,0,-1,2,0,1,-1,1,3,0,-1,100,0,9223372036800000000,1e+75,0,10,0,0,7,0,0,1,0,0,1,1,0,0,0,0,0,0,2,0,1,-1,-1,-1,-1,0,10,-1,1,1,3,-1,-1,-1,0,0,1,0,0,10,0,0,0,23.6
1,0,0,0,-1,0,1,3,0,0,0,0,-1,0,1,2,-1,-1,-1,-1,0,3,0,-1,800,0,9223372036800000000,1e+75,0,10,0,0,7,0,0,1,40,0,1,0,2,0,0,0,0,4,2,0,1,-1,-1,-1,-1,1,10,-1,1,1,3,-1,-1,4,0,0,1,0,0,10,-1,0,0,15.94
1,0,0,0,-1,0,1,0,0,0,0,0,3,0,-1,1,2,-1,1,0,-1,3,0,-1,800,0,9223372036800000000,1e+75,0,10,0,0,7,0,0,1,0,0,1,0,3,0,0,0,0,1,2,0,1,-1,-1,-1,-1,0,10,-1,1,1,3,-1,-1,3,0,0,1,0,0,10,0,0,0,25.94
1,0,0,0,-1,0,1,0,0,0,0,0,0,0,-1,2,2,2,-1,0,-1,3,0,-1,25,0,9223372036800000000,1e+75,0,10,0,0,7,-1,0,1,0,0,1,1,-1,0,0,0,0,-1,2,0,1,-1,-1,-1,-1,0,10,-1,1,1,3,-1,-1,4,0,0,1,0,0,10,0,0,0,23.67
1,0,0,0,-1,0,1,5,0,0,0,0,3,0,0,1,2,1,1,0,1,3,0,-1,10,0,9223372036800000000,1e+75,0,10,0,0,7,0,0,1,0,0,1,1,0,0,0,0,0,0,2,0,1,-1,-1,-1,-1,0,10,-1,1,1,3,-1,-1,-1,0,0,1,0,0,10,0,0,0,45.45
1,0,0,0,-1,0,1,0,0,0,0,0,-1,0,-1,-1,1,2,2,1,1,3,0,-1,800,0,9223372036800000000,1e+75,0,10,0,0,7,0,0,1,0,0,1,1,0,0,0,0,0,0,2,0,1,-1,-1,-1,-1,0,10,-1,1,1,3,-1,-1,-1,0,0,1,0,0,10,0,0,0,30.42
1,0,0,0,-1,0,1,2,0,0,0,0,0,0,-1,2,-1,1,0,2,1,3,0,-1,200,0,9223372036800000000,1e+75,0,10,0,0,7,-1,0,1,0,0,1,1,0,0,0,0,0,4,2,0,1,-1,-1,-1,-1,0,10,-1,1,1,3,-1,-1,-1,0,0,1,0,0,10,0,0,0,33.45
1,0,0,0,-1,0,1,2,0,0,0,0,3,0,1,-1,0,0,2,1,-1,3,0,-1,10,0,9223372036800000000,1e+75,0,10,0,0,7,0,0,1,0,0,1,1,0,0,0,0,0,0,2,0,1,-1,-1,-1,-1,0,10,-1,1,1,3,-1,-1,-1,0,0,1,0,0,10,0,0,0,25.5
1,0,0,0,-1,0,1,1,0,0,0,0,-1,0,-1,1,2,0,2,2,2,3,0,-1,10,0,9223372036800000000,1e+75,0,10,0,0,7,0,0,1,0,0,1,1,0,0,0,0,0,0,2,0,1,-1,-1,-1,-1,0,10,-1,1,1,3,-1,-1,-1,0,0,1,0,0,10,0,0,0,27.41
1,0,0,0,-1,0,1,0,0,0,0,0,2,0,1,-1,-1,2,2,2,2,3,0,-1,200,0,9223372036800000000,1e+75,0,10,0,0,7,-1,0,1,100,0,1,1,1,0,0,0,2,1,2,0,1,-1,-1,-1,-1,-1,10,-1,1,1,3,-1,-1,1,0,0,1,0,0,10,0,0,0,32.7
1,0,0,0,-1,0,1,3,0,0,0,0,2,0,1,2,-1,-1,1,2,2,3,0,-1,100,0,9223372036800000000,1e+75,0,10,0,0,7,-1,0,1,40,1,1,0,-1,0,0,0,0,0,2,0,1,-1,-1,-1,-1,0,10,-1,1,1,3,-1,-1,4,0,0,1,0,0,10,0,0,0,19.35
1,0,0,0,-1,0,1,1,0,0,0,0,-1,0,-1,0,1,0,2,2,2,3,0,-1,10,0,9223372036800000000,1e+75,0,10,0,0,7,0,0,1,0,0,1,1,0,0,0,0,0,0,2,0,1,-1,-1,-1,-1,0,10,-1,1,1,3,-1,-1,-1,0,0,1,0,0,10,0,0,0,27.41
1,0,0,0,-1,0,1,0,0,0,0,0,0,0,-1,2,2,2,-1,0,1,3,0,-1,25,0,9223372036800000000,1e+75,0,10,0,0,7,-1,0,1,0,0,1,1,-1,0,0,0,0,-1,2,0,1,-1,-1,-1,-1,0,10,-1,1,1,3,-1,-1,4,0,0,1,0,0,10,0,0,0,23.67
1,0,0,0,-1,0,1,0,0,0,0,0,-1,0,-1,-1,-1,-1,2,-1,-1,3,0,-1,150,0,9223372036800000000,1e+75,0,10,0,0,7,0,0,1,20,1,1,1,-1,0,0,0,2,2,2,0,1,-1,-1,-1,-1,0,10,-1,1,1,3,-1,-1,4,0,0,1,0,0,10,0,0,0,22.54
1,0,0,0,-1,0,1,3,0,0,0,0,-1,0,1,1,1,2,2,1,-1,3,0,-1,400,0,9223372036800000000,1e+75,0,10,0,0,7,0,0,1,0,0,1,1,0,0,0,0,0,0,2,0,1,-1,-1,-1,-1,0,10,-1,1,1,3,-1,-1,-1,0,0,1,0,0,10,0,0,0,30.91
1,0,0,0,-1,0,1,1,0,0,0,0,-1,0,0,-1,2,0,1,-1,1,3,0,-1,150,0,9223372036800000000,1,0,10,0,0,7,0,0,1,0,0,1,1,0,0,0,0,0,0,2,0,1,-1,-1,-1,-1,0,10,-1,1,1,3,-1,-1,-1,0,0,1,0,0,10,0,0,0,23.6
1,0,0,0,-1,0,1,1,0,0,0,0,-1,0,0,-1,1,0,1,-1,1,3,0,-1,150,0,9223372036800000000,1e+75,0,10,0,0,7,0,0,1,0,0,1,1,0,0,0,0,0,0,2,0,1,-1,-1,-1,-1,0,10,-1,1,1,3,-1,-1,-1,0,0,1,0,0,10,0,0,0,23.6
1,0,0,0,-1,0,1,0,0,0,0,0,-1,0,-1,-1,-1,-1,2,-1,1,3,0,-1,150,0,9223372036800000000,1e+75,0,10,0,0,7,0,0,1,20,1,1,1,-1,0,0,0,2,2,2,0,1,-1,-1,-1,-1,0,10,-1,1,1,3,-1,-1,4,0,0,1,0,0,10,0,0,0,22.54
1,0,0,0,-1,0,1,1,0,0,0,0,-1,0,0,-1,2,0,1,-1,1,3,0,-1,150,0,9223372036800000000,1e+75,0,10,0,0,7,0,0,1,0,0,1,1,0,0,0,0,0,2,2,0,1,-1,-1,-1,-1,0,10,-1,1,1,3,-1,-1,-1,0,0,1,0,0,10,0,0,0,39.69
1,0,0,0,-1,0,1,0,0,0,0,0,2,0,1,-1,2,-1,1,0,-1,3,0,-1,25,0,9223372036800000000,1e+75,0,10,0,0,7,0,0,1,0,0,1,1,0,0,0,0,0,0,2,0,1,-1,-1,-1,-1,0,10,-1,1,1,3,-1,-1,-1,0,0,1,0,0,10,0,0,0,25.5
1,0,0,0,-1,0,1,1,0,0,0,0,-1,0,0,-1,2,0,1,-1,1,3,0,-1,150,0,9223372036800000000,120,0,10,0,0,7,0,0,1,0,0,1,1,0,0,0,0,0,0,2,0,1,-1,-1,-1,-1,0,10,-1,1,1,3,-1,-1,-1,0,0,1,0,0,10,0,0,0,23.6
1,0,0,0,-1,0,1,1,0,0,0,0,0,0,-1,2,1,0,-1,2,2,3,0,-1,800,0,9223372036800000000,1e+75,0,10,0,0,7,0,0,1,0,0,1,1,0,0,0,0,0,0,2,0,1,-1,-1,-1,-1,0,10,-1,1,1,3,-1,-1,-1,0,0,1,0,0,10,0,0,0,29.38
1,0,0,0,-1,0,1,0,0,0,0,0,-1,0,-1,2,0,0,-1,0,1,3,0,-1,10,0,9223372036800000000,1e+75,0,10,0,0,7,0,0,1,100,1,1,1,-1,0,0,0,0,-1,2,0,1,-1,-1,-1,-1,-1,10,-1,1,1,3,-1,-1,4,0,0,1,0,0,10,0,0,0,21.04
1,0,0,0,-1,0,1,3,0,0,0,0,1,0,0,1,-1,2,1,0,0,3,0,-1,150,0,9223372036800000000,1e+75,0,10,0,0,7,0,0,1,0,0,1,0,-1,0,0,0,0,-1,2,0,1,-1,-1,-1,-1,0,10,-1,1,1,3,-1,-1,2,0,0,1,0,0,10,0,0,0,31.95
1,0,0,0,-1,0,1,0,0,0,0,0,2,0,0,-1,0,-1,0,1,-1,3,0,-1,150,0,9223372036800000000,1e+75,0,10,0,0,7,0,0,1,0,0,1,1,0,0,0,0,0,0,2,0,1,-1,-1,-1,-1,0,10,-1,1,1,3,-1,-1,-1,0,0,1,0,0,10,0,0,0,25.5
1,0,0,0,-1,0,1,2,0,0,0,0,3,0,1,0,-1,2,2,-1,0,3,0,-1,25,0,9223372036800000000,1e+75,0,10,0,0,7,-1,0,1,500,1,1,1,0,0,0,0,2,3,2,0,1,-1,-1,-1,-1,1,10,-1,1,1,3,-1,-1,2,0,0,1,0,0,10,0,0,0,38.2
1,0,0,0,-1,0,1,3,0,0,0,0,-1,0,-1,-1,-1,0,2,1,1,3,0,-1,800,0,9223372036800000000,1e+75,0,10,0,0,7,0,0,1,0,0,1,1,0,0,0,0,0,0,2,0,1,-1,-1,-1,-1,0,10,-1,1,1,3,-1,-1,1,0,0,1,0,0,10,0,0,0,27.65
1,0,0,0,-1,0,1,1,0,0,0,0,-1,0,0,-1,2,0,1,-1,1,3,0,-1,150,0,9223372036800000000,1e+75,0,10,0,0,7,0,0,1,0,0,1,1,0,0,200,0,0,0,2,0,1,-1,-1,-1,-1,0,10,-1,1,1,3,-1,-1,-1,0,0,1,0,0,10,0,0,0,34.37
1,0,0,0,-1,0,1,0,0,0,0,0,1,0,-1,-1,0,2,-1,0,1,3,0,-1,400,0,9223372036800000000,1e+75,0,10,0,0,7,-1,0,1,100,1,1,1,0,0,0,0,3,1,2,0,1,-1,-1,-1,-1,1,10,-1,1,1,3,-1,-1,0,0,0,1,0,0,10,0,0,0,42.22
1,0,0,0,-1,0,1,1,0,0,0,0,-1,0,-1,0,-1,0,2,2,2,3,0,-1,10,0,9223372036800000000,1e+75,0,10,0,0,7,0,0,1,0,0,1,1,0,0,0,0,0,0,2,0,1,-1,-1,-1,-1,0,10,-1,1,1,3,-1,-1,-1,0,0,1,0,0,10,0,0,0,27.41
1,0,0,0,-1,0,1,0,0,0,0,0,2,0,1,-1,2,-1,-1,0,-1,3,0,-1,25,0,9223372036800000000,1e+75,0,10,0,0,7,0,0,1,0,0,1,1,0,0,0,0,0,0,2,0,1,-1,-1,-1,-1,0,10,-1,1,1,3,-1,-1,-1,0,0,1,0,0,10,0,0,0,25.5
1,0,0,0,-1,0,1,1,0,0,0,0,-1,0,0,-1,2,0,1,-1,1,3,0,-1,150,0,9223372036800000000,1e+75,0,10,0,0,7,0,0,1,0,0,1,1,0,0,0,0,0,0,2,0,1,-1,-1,-1,-1,0,10,-1,0,1,3,-1,-1,-1,0,0,1,0,0,10,0,0,0,31.53
1,0,0,0,-1,0,1,0,0,0,0,0,-1,0,-1,-1,-1,-1,2,-1,-1,3,0,-1,150,0,9223372036800000000,1e+75,0,10,0,0,7,0,0,1,20,1,1,1,-1,0,0,0,3,2,2,0,1,-1,-1,-1,-1,0,10,-1,1,1,3,-1,-1,4,0,0,1,0,0,10,0,0,0,28.74
1,0,0,0,-1,0,1,3,0,0,0,0,1,0,-1,1,-1,2,-1,1,-1,3,0,-1,200,0,9223372036800000000,1e+75,0,10,0,0,7,0,0,1,0,0,1,1,0,0,0,0,0,2,2,0,1,-1,-1,-1,-1,-1,10,-1,1,1,3,-1,-1,4,0,0,1,0,0,10,0,0,0,27.58
1,0,0,0,-1,0,1,0,0,0,0,0,2,0,1,-1,2,-1,1,-1,-1,3,0,-1,25,0,9223372036800000000,1e+75,0,10,0,0,7,0,0,1,0,0,1,1,0,0,0,0,0,0,2,0,1,-1,-1,-1,-1,0,10,-1,1,1,3,-1,-1,-1,0,0,1,0,0,10,0,0,0,25.5
1,0,0,0,-1,0,1,1,0,0,0,0,-1,0,0,-1,2,0,1,-1,1,3,0,-1,150,0,9223372036800000000,1e+75,0,10,0,0,7,0,2,1,0,0,1,1,0,0,0,0,0,0,2,0,1,-1,-1,-1,-1,0,10,-1,1,1,3,-1,-1,-1,0,0,1,0,0,10,0,0,0,27.64
1,0,0,0,-1,0,1,1,0,0,0,0,-1,0,-1,0,2,2,2,2,2,3,0,-1,10,0,9223372036800000000,1e+75,0,10,0,0,7,0,0,1,0,0,1,1,0,0,0,0,0,0,2,0,1,-1,-1,-1,-1,0,10,-1,1,1,3,-1,-1,-1,0,0,1,0,0,10,0,0,0,27.41
1,0,0,0,-1,0,1,1,0,0,0,0,3,0,1,0,-1,0,2,1,-1,3,0,-1,10,0,9223372036800000000,1e+75,0,10,0,0,7,0,0,1,0,0,1,1,0,0,0,0,0,0,2,0,1,-1,-1,-1,-1,0,10,-1,1,1,3,-1,-1,-1,0,0,1,0,0,10,0,0,0,27.41
1,0,0,0,-1,0,1,1,0,0,0,0,-1,0,0,-1,2,0,1,-1,1,3,0,4,150,0,9223372036800000000,1e+75,0,10,0,0,7,0,0,1,0,0,1,1,0,0,0,0,0,0,2,0,1,-1,-1,-1,-1,0,10,-1,1,1,3,-1,-1,-1,0,0,1,0,0,10,0,0,0,23.6
1,0,0,0,-1,0,1,0,0,0,0,0,3,0,0,1,2,1,1,0,1,3,0,-1,10,0,9223372036800000000,1e+75,0,10,0,0,7,0,0,1,0,0,1,1,0,0,0,0,0,0,2,0,1,-1,-1,-1,-1,0,10,-1,1,1,3,-1,-1,-1,0,0,1,0,0,10,0,0,0,25.5
1,0,0,0,-1,0,1,0,0,0,0,0,0,0,0,0,0,-1,0,1,-1,3,0,-1,150,0,9223372036800000000,1e+75,0,10,0,0,7,0,0,1,0,0,1,1,0,0,0,0,0,0,2,0,1,-1,-1,-1,-1,0,10,-1,1,1,3,-1,-1,-1,0,0,1,0,0,10,0,0,0,25.5
1,0,0,0,-1,0,1,0,0,0,0,0,0,0,0,-1,0,-1,0,-1,-1,3,0,-1,150,0,9223372036800000000,1e+75,0,10,0,0,7,0,0,1,0,0,1,1,0,0,0,0,0,0,2,0,1,-1,-1,-1,-1,0,10,-1,1,1,3,-1,-1,-1,0,0,1,0,0,10,0,0,0,25.5
1,0,0,0,-1,0,1,0,0,0,0,0,2,0,-1,1,-1,-1,1,0,-1,3,0,-1,10,0,9223372036800000000,1e+75,0,10,0,0,7,0,0,1,0,0,1,0,0,0,0,0,0,1,2,0,1,-1,-1,-1,-1,0,10,-1,1,1,3,-1,-1,5,0,0,1,0,0,10,0,0,0,25.95
1,0,0,0,-1,0,1,1,0,0,0,0,-1,0,0,-1,2,0,1,-1,1,3,0,-1,400,0,9223372036800000000,1e+75,0,10,0,0,7,0,0,1,0,0,1,1,0,0,0,0,0,0,2,0,1,-1,-1,-1,-1,0,10,-1,1,1,3,-1,-1,-1,0,0,1,0,0,10,0,0,0,28.99
1,0,0,0,-1,0,1,3,0,0,0,0,-1,0,-1,-1,1,2,2,1,1,3,0,-1,800,0,9223372036800000000,1e+75,0,10,0,0,7,0,0,1,0,0,1,1,0,0,0,0,0,0,2,0,1,-1,-1,-1,-1,0,10,-1,1,1,3,-1,-1,-1,0,0,1,0,0,10,0,0,0,30.01
1,0,0,0,-1,0,1,0,0,0,0,0,0,0,1,-1,0,-1,0,1,-1,3,0,-1,150,0,9223372036800000000,1e+75,0,10,0,0,7,0,0,1,0,0,1,1,0,0,0,0,0,0,2,0,1,-1,-1,-1,-1,0,10,-1,1,1,3,-1,-1,-1,0,0,1,0,0,10,0,0,0,25.5
1,0,0,0,-1,0,1,3,0,0,0,0,-1,0,1,2,-1,-1,-1,-1,0,3,0,-1,800,0,9223372036800000000,1e+75,0,10,0,0,7,0,0,1,40,0,1,0,2,0,0,0,0,4,2,0,1,-1,-1,-1,0,1,10,-1,1,1,3,-1,-1,4,0,0,1,0,0,10,0,0,0,15.94
1,0,0,0,-1,0,1,1,0,0,0,0,-1,0,0,-1,2,0,1,-1,1,3,0,-1,150,0,9223372036800000000,1e+75,0,10,0,0,7,0,0,1,0,0,1,1,0,2,0,0,0,0,2,0,1,-1,-1,-1,-1,0,10,-1,1,1,3,-1,-1,-1,0,0,1,0,0,10,0,0,0,23.6
1,0,0,0,-1,0,1,2,0,0,0,0,-1,0,0,-1,2,0,1,-1,1,3,0,-1,150,0,9223372036800000000,1e+75,0,10,0,0,7,0,0,1,0,0,1,1,0,0,0,0,0,0,2,0,1,-1,-1,-1,-1,0,10,-1,1,1,3,-1,-1,-1,0,0,1,0,0,10,0,0,0,32.02
1,0,0,0,-1,0,1,0,0,0,0,0,1,0,-1,2,2,2,-1,0,1,3,0,-1,25,0,9223372036800000000,1e+75,0,10,0,0,7,-1,0,1,0,0,1,1,3,0,0,0,0,-1,2,0,1,-1,-1,-1,-1,0,10,-1,1,1,3,-1,-1,4,0,0,1,0,0,10,0,0,0,23.65
1,0,0,0,-1,0,1,2,0,0,0,0,2,0,1,2,1,-1,-1,0,0,3,0,-1,800,0,9223372036800000000,1e+75,0,10,0,0,7,0,0,1,0,0,1,1,0,0,0,0,0,0,2,0,1,-1,-1,-1,-1,0,10,-1,1,1,3,-1,-1,-1,0,0,1,0,0,10,0,0,0,25.5
1,0,0,0,-1,0,1,0,0,0,0,0,2,0,-1,-1,2,1,1,2,-1,3,0,-1,200,0,9223372036800000000,1e+75,0,10,0,0,7,0,0,1,0,0,1,0,-1,0,0,0,0,2,2,0,1,-1,-1,-1,-1,0,10,-1,1,1,3,-1,-1,-1,0,0,1,0,0,10,0,0,0,37.03
1,0,0,0,-1,0,1,1,0,0,0,0,0,0,-1,2,1,0,2,2,2,3,0,-1,150,0,9223372036800000000,1e+75,0,10,0,0,7,0,0,1,0,0,1,1,0,0,0,0,0,0,2,0,1,-1,-1,-1,-1,0,10,-1,1,1,3,-1,-1,-1,0,0,1,0,0,10,0,0,0,23.6
1,0,0,0,-1,0,1,0,0,0,0,0,0,0,0,-1,0,2,0,1,-1,3,0,-1,150,0,9223372036800000000,1e+75,0,10,0,0,7,0,0,1,0,0,1,1,0,0,0,0,0,0,2,0,1,-1,-1,-1,-1,0,10,-1,1,1,3,-1,-1,-1,0,0,1,0,0,10,0,0,0,31.41
1,0,0,0,-1,0,1,0,0,0,0,0,0,0,0,1,0,1,2,0,1,3,0,-1,25,0,9223372036800000000,1e+75,0,10,0,0,7,0,0,1,0,0,1,0,3,0,0,0,0,1,2,0,1,-1,-1,-1,-1,0,10,-1,1,1,3,-1,-1,0,0,0,1,0,0,10,0,0,0,38.42
1,0,0,0,-1,0,1,0,0,0,0,0,0,0,0,-1,0,-1,2,1,-1,3,0,-1,150,0,9223372036800000000,1e+75,0,10,0,0,7,0,0,1,0,0,1,1,0,0,0,0,0,0,2,0,1,-1,-1,-1,-1,0,10,-1,1,1,3,-1,-1,-1,0,0,1,0,0,10,0,0,0,25.5
1,0,0,0,-1,0,1,0,0,0,0,0,1,0,-1,1,0,0,0,2,-1,3,0,-1,50,0,9223372036800000000,1e+75,0,10,0,0,7,0,0,1,0,0,1,1,0,0,0,0,0,0,2,0,1,-1,-1,-1,-1,0,10,-1,1,1,3,-1,-1,-1,0,0,1,0,0,10,0,0,0,35.09
1,0,0,0,-1,0,1,3,0,0,0,0,-1,0,-1,-1,1,2,2,1,2,3,0,-1,800,0,9223372036800000000,1e+75,0,10,0,0,7,0,0,1,0,0,1,1,0,0,0,0,0,0,2,0,1,-1,-1,-1,-1,0,10,-1,1,1,3,-1,-1,-1,0,0,1,0,0,10,0,0,0,30.01
1,0,0,0,-1,0,1,0,0,0,0,0,2,0,-1,-1,2,1,2,2,-1,3,0,-1,200,0,9223372036800000000,1e+75,0,10,0,0,7,0,0,1,0,0,1,0,-1,0,0,0,0,2,2,0,1,-1,-1,-1,-1,0,10,-1,1,1,3,-1,-1,-1,0,0,1,0,0,10,0,0,0,37.03
1,0,0,0,-1,0,1,1,0,0,0,0,0,0,1,2,1,2,2,1,-1,3,0,-1,400,0,9223372036800000000,1e+75,0,10,0,0,7,0,0,1,0,0,1,1,0,0,0,0,0,0,2,0,1,-1,-1,-1,-1,0,10,-1,1,1,3,-1,-1,-1,0,0,1,0,0,10,0,0,0,27.93
1,0,0,0,-1,0,1,0,0,0,0,0,0,0,0,-1,0,-1,-1,1,-1,3,0,-1,150,0,9223372036800000000,1e+75,0,10,0,0,7,0,0,1,0,0,1,1,0,0,0,0,0,0,2,0,1,-1,-1,-1,-1,0,10,-1,1,1,3,-1,-1,-1,0,0,1,0,0,10,0,0,0,25.5
1,0,0,0,-1,0,1,2,0,0,0,0,1,0,1,2,1,2,0,-1,-1,3,0,-1,200,0,9223372036800000000,1e+75,0,10,0,0,7,1,0,1,0,0,1,1,0,0,0,0,3,0,2,0,1,-1,-1,-1,-1,1,10,-1,1,1,3,-1,-1,0,0,0,1,0,0,10,0,0,0,43.82
1,0,0,0,-1,0,1,0,0,0,0,0,1,0,-1,1,0,-1,0,2,-1,3,0,-1,50,0,9223372036800000000,1e+75,0,10,0,0,7,0,0,1,0,0,1,1,0,0,0,0,0,0,2,0,1,-1,-1,-1,-1,0,10,-1,1,1,3,-1,-1,-1,0,0,1,0,0,10,0,0,0,25.5
1,0,0,0,-1,0,1,0,0,0,0,0,1,0,1,2,0,2,2,0,2,3,0,-1,10,0,9223372036800000000,1e+75,0,10,0,0,7,0,0,1,0,0,1,1,1,0,0,0,0,1,2,0,1,-1,-1,-1,-1,0,10,-1,1,1,3,-1,-1,2,0,0,1,0,0,10,0,0,0,30.15
1,0,0,0,-1,0,1,1,0,0,0,0,-1,0,0,-1,2,0,1,-1,-1,3,0,-1,10,0,9223372036800000000,1e+75,0,10,0,0,7,0,0,1,0,0,1,1,0,0,0,0,0,0,2,0,1,-1,-1,-1,-1,0,10,-1,1,1,3,-1,-1,-1,0,0,1,0,0,10,0,0,0,27.41
1,0,0,0,-1,0,1,0,0,0,0,0,3,0,-1,-1,2,-1,1,0,-1,3,0,-1,800,0,9223372036800000000,1e+75,0,10,0,0,7,0,0,1,0,0,1,0,3,0,0,0,0,1,2,0,1,-1,-1,-1,-1,0,10,-1,1,1,3,-1,-1,-1,0,0,1,0,0,10,0,0,0,25.94
1,0,0,0,-1,0,1,0,0,0,0,0,2,0,-1,-1,2,-1,1,0,-1,3,0,-1,25,0,9223372036800000000,1e+75,0,10,0,0,7,0,0,1,0,0,1,1,0,0,0,0,0,0,2,0,1,-1,-1,-1,-1,0,10,-1,1,1,3,-1,-1,-1,0,0,1,0,0,10,0,0,0,25.5
1,0,0,0,-1,0,1,5,0,0,0,0,1,0,1,1,0,1,2,0,-1,3,0,-1,150,0,9223372036800000000,1e+75,0,10,0,0,7,-1,0,1,-1,1,1,1,1,0,0,0,0,4,2,0,1,-1,-1,-1,-1,-1,10,-1,1,1,3,-1,-1,1,0,0,1,0,0,10,0,0,0,1.79769e+308
1,0,0,0,-1,0,1,2,0,0,0,0,2,0,1,2,1,-1,-1,2,0,3,0,-1,800,0,9223372036800000000,1e+75,0,10,0,0,7,0,0,1,0,0,1,1,0,0,0,0,0,0,2,0,1,-1,-1,-1,-1,0,10,-1,1,1,3,-1,-1,-1,0,0,1,0,0,10,0,0,0,25.5
1,0,0,0,-1,0,1,0,0,0,0,0,2,0,0,2,-1,2,2,0,0,3,0,-1,400,0,9223372036800000000,1e+75,0,10,0,0,7,0,0,1,0,0,1,1,0,0,0,0,0,1,2,0,1,-1,-1,-1,-1,0,10,-1,1,1,3,-1,-1,-1,0,0,1,0,0,10,0,0,0,40.66
1,0,0,0,-1,0,1,0,0,0,0,0,3,0,0,1,2,1,-1,0,1,3,0,-1,10,0,9223372036800000000,1e+75,0,10,0,0,7,0,0,1,0,0,1,1,0,0,0,0,0,0,2,0,1,-1,-1,-1,-1,0,10,-1,1,1,3,-1,-1,-1,0,0,1,0,0,10,0,0,0,25.5
1,0,0,0,-1,0,1,1,0,0,0,0,-1,0,0,-1,2,0,1,-1,1,3,0,-1,150,0,9223372036800000000,1e+75,0,10,0,0,7,0,0,1,0,0,1,1,0,0,0,0,0,0,2,0,1,-1,-1,-1,-1,0,10,-1,1,1,3,-1,-1,-1,0,0,1,0,0,10,0,0,0,23.6
1,0,0,0,-1,0,1,3,0,0,0,0,0,0,1,1,1,2,2,1,-1,3,0,-1,25,0,9223372036800000000,1e+75,0,10,0,0,7,0,0,1,0,0,1,1,0,0,0,0,0,0,2,0,1,-1,-1,-1,-1,0,10,-1,1,1,3,-1,-1,-1,0,0,1,0,0,10,0,0,0,36.59
1,0,0,0,-1,0,1,3,0,0,0,0,-1,0,-1,-1,1,0,2,1,2,3,0,-1,800,0,9223372036800000000,1e+75,0,10,0,0,7,0,0,1,0,0,1,1,0,0,0,0,0,0,2,0,1,-1,-1,-1,-1,0,10,-1,1,1,3,-1,-1,-1,0,0,1,0,0,10,0,0,0,29.95
1,0,0,0,-1,0,1,1,0,0,0,0,-1,0,0,-1,2,0,1,-1,1,3,0,-1,150,0,9223372036800000000,1e+75,0,10,0,0,10,0,0,1,0,0,1,1,0,0,0,0,0,0,2,0,1,-1,-1,-1,-1,0,10,-1,1,1,3,-1,-1,-1,0,0,1,0,0,10,0,0,0,23.6
1,0,0,0,-1,0,1,3,0,0,0,0,-1,0,-1,-1,1,2,2,1,1,3,0,-1,100,0,9223372036800000000,1e+75,0,10,0,0,7,0,0,1,0,0,1,1,0,0,0,0,0,0,2,0,1,-1,-1,-1,-1,0,10,-1,1,1,3,-1,-1,-1,0,0,1,0,0,10,0,0,0,30.51
1,0,0,0,-1,0,1,2,0,0,0,0,3,0,1,0,0,0,2,1,-1,3,0,-1,10,0,9223372036800000000,1e+75,0,10,0,0,7,0,0,1,0,0,1,1,0,0,0,0,0,0,2,0,1,-1,-1,-1,-1,0,10,-1,1,1,3,-1,-1,-1,0,0,1,0,0,10,0,0,0,25.5
1,0,0,0,-1,0,1,3,0,0,0,0,-1,0,1,2,-1,-1,-1,-1,0,3,0,-1,800,0,9223372036800000000,1e+75,0,10,0,0,7,0,0,1,40,0,1,0,2,0,0,0,0,4,2,3,1,-1,-1,-1,-1,1,10,-1,1,1,3,-1,-1,4,0,0,1,0,0,10,0,0,0,15.94
1,0,0,0,-1,0,1,0,0,0,0,0,0,0,0,-1,2,-1,1,2,1,3,0,-1,100,0,9223372036800000000,1e+75,0,10,0,0,7,0,0,1,0,0,1,1,0,0,0,0,0,0,2,0,1,-1,-1,-1,-1,0,10,-1,1,1,3,-1,-1,-1,0,0,1,0,0,10,0,0,0,25.5
1,0,0,0,-1,0,1,2,0,0,0,0,2,0,1,2,1,-1,1,2,0,3,0,-1,800,0,9223372036800000000,1e+75,0,10,0,0,7,0,0,1,0,0,1,1,0,0,0,0,0,0,2,0,1,-1,-1,-1,-1,0,10,-1,1,1,3,-1,-1,-1,0,0,1,0,0,10,0,0,0,25.5
1,0,0,0,-1,0,1,3,0,0,0,0,-1,0,1,2,-1,-1,-1,-1,0,3,0,-1,800,0,9223372036800000000,1e+75,0,10,0,0,7,0,0,1,40,0,1,0,2,0,0,0,0,4,2,0,1,-1,-1,-1,-1,1,10,-1,1,1,3,-1,-1,4,0,0,0,0,0,10,0,0,0,15.94
1,0,0,0,-1,0,1,0,0,0,0,0,1,0,-1,1,0,0,0,2,-1,3,0,-1,200,0,9223372036800000000,1e+75,0,10,0,0,7,0,0,1,0,0,1,1,0,0,0,0,0,0,2,0,1,-1,-1,-1,-1,0,10,-1,1,1,3,-1,-1,-1,0,0,1,0,0,10,0,0,0,31.21
1,0,0,0,-1,0,1,1,0,0,0,0,-1,0,0,-1,2,0,1,-1,1,3,0,-1,50,0,9223372036800000000,1e+75,0,10,0,0,7,0,0,1,0,0,1,1,0,0,0,0,0,0,2,0,1,-1,-1,-1,-1,0,10,-1,1,1,3,-1,-1,-1,0,0,1,0,0,10,0,0,0,30.75
1,0,0,0,-1,0,1,3,0,0,0,0,-1,0,-1,0,1,2,2,1,1,3,0,-1,800,0,9223372036800000000,1e+75,0,10,0,0,7,0,0,1,0,0,1,1,0,0,0,0,0,0,2,0,1,-1,-1,-1,-1,0,10,-1,1,1,3,-1,-1,-1,0,0,1,0,0,10,0,0,0,30.01
1,0,0,0,-1,0,1,1,0,0,0,0,0,0,-1,2,1,0,1,2,2,3,0,-1,150,0,9223372036800000000,1e+75,0,10,0,0,7,0,0,1,0,0,1,1,0,0,0,0,0,0,2,0,1,-1,-1,-1,-1,0,10,-1,1,1,3,-1,-1,-1,0,0,1,0,0,10,0,0,0,23.6
1,0,0,0,-1,0,1,0,0,0,0,0,0,0,0,2,0,2,0,2,1,3,0,-1,50,0,9223372036800000000,1e+75,0,10,0,0,7,0,0,1,0,0,1,1,0,0,0,0,0,0,2,0,1,-1,-1,-1,-1,0,10,-1,1,1,3,-1,-1,-1,0,0,1,0,0,10,0,0,0,32.42
1,0,0,0,-1,0,1,4,0,0,0,0,-1,0,-1,0,0,1,0,0,2,3,0,-1,800,0,9223372036800000000,1e+75,0,10,0,0,7,0,0,1,0,0,1,1,0,0,0,0,0,-1,2,0,1,-1,-1,-1,-1,-1,10,-1,1,1,3,-1,-1,1,0,0,1,0,0,10,0,0,0,33.76
1,0,0,0,-1,0,1,0,0,0,0,0,1,0,1,0,-1,-1,-1,1,1,3,0,-1,10,0,9223372036800000000,1e+75,0,10,0,0,7,0,0,1,0,0,1,0,0,0,0,0,0,0,2,0,1,-1,-1,-1,-1,0,10,-1,1,1,3,-1,-1,1,0,0,1,0,0,10,0,0,0,35.94
1,0,0,0,-1,0,1,0,0,0,0,0,2,0,-1,-1,2,1,2,2,-1,3,0,-1,25,0,9223372036800000000,1e+75,0,10,0,0,7,0,0,1,0,0,1,0,-1,0,0,0,0,2,2,0,1,-1,-1,-1,-1,0,10,-1,1,1,3,-1,-1,0,0,0,1,0,0,10,0,0,0,46.24
1,0,0,0,-1,0,1,3,0,0,0,0,-1,0,-1,-1,1,-1,2,1,1,3,0,-1,200,0,9223372036800000000,1e+75,0,10,0,0,7,0,0,1,0,0,1,1,0,0,0,0,0,0,2,0,1,-1,-1,-1,-1,0,10,-1,1,1,3,-1,-1,-1,0,0,1,0,0,10,0,0,0,30.42
1,0,0,0,-1,0,1,0,0,0,0,0,0,0,0,1,0,1,2,0,1,3,0,-1,25,0,9223372036800000000,1e+75,0,10,0,0,7,1,0,1,40,0,1,0,3,0,0,0,0,1,2,0,1,-1,-1,-1,-1,0,10,-1,1,1,3,-1,-1,0,0,0,1,0,0,10,0,0,0,39.95
1,0,0,0,-1,0,1,3,0,0,0,0,0,0,1,2,1,2,2,1,-1,3,0,-1,400,0,9223372036800000000,1e+75,0,10,0,0,7,0,0,1,0,0,1,1,0,0,0,0,0,0,2,0,1,-1,-1,-1,-1,0,10,-1,1,1,3,-1,-1,-1,0,0,1,0,0,10,0,0,0,30.61
1,0,0,0,-1,0,1,0,0,0,0,0,0,0,1,1,0,2,2,0,-1,3,0,-1,100,0,9223372036800000000,1e+75,0,10,0,0,7,0,0,1,0,0,1,1,2,0,0,0,0,1,2,0,1,-1,-1,-1,-1,0,10,-1,1,1,3,-1,-1,5,0,0,1,0,0,10,0,0,0,28.96
1,0,0,0,-1,0,1,0,0,0,0,0,1,0,-1,-1,-1,2,2,0,0,3,0,-1,200,0,9223372036800000000,1e+75,0,10,0,0,7,1,0,1,0,0,1,1,0,0,0,0,0,2,2,0,1,-1,-1,-1,-1,0,10,-1,1,1,3,-1,-1,-1,0,0,1,0,0,10,0,0,0,35.78
1,0,0,0,-1,0,1,0,0,0,0,0,2,0,-1,1,2,1,2,2,-1,3,0,-1,400,0,9223372036800000000,1e+75,0,10,0,0,7,0,0,1,0,0,1,0,-1,0,0,0,0,2,2,0,1,-1,-1,-1,-1,0,10,-1,1,1,3,-1,-1,0,0,0,1,0,0,10,0,0,0,35.38
1,0,0,0,-1,0,1,0,0,0,0,0,0,0,0,1,2,-1,1,1,1,3,0,-1,100,0,9223372036800000000,1e+75,0,10,0,0,7,0,0,1,0,0,1,1,0,0,0,0,0,0,2,0,1,-1,-1,-1,-1,0,10,-1,1,1,3,-1,-1,-1,0,0,1,0,0,10,0,0,0,25.5
1,0,0,0,-1,0,1,2,0,0,0,0,3,0,1,0,0,0,2,1,-1,3,0,-1,25,0,9223372036800000000,1e+75,0,10,0,0,7,0,0,1,0,0,1,1,0,0,0,0,0,0,2,0,1,-1,-1,-1,-1,0,10,-1,1,1,3,-1,-1,-1,0,0,1,0,0,10,0,0,0,26.43
1,0,0,0,-1,0,1,1,0,0,0,0,-1,0,0,-1,2,0,1,-1,1,3,0,-1,150,0,9223372036800000000,60,0,10,0,0,7,0,0,1,0,0,1,1,0,0,0,0,0,0,2,0,1,-1,-1,-1,-1,0,10,-1,1,1,3,-1,-1,-1,0,0,1,0,0,10,0,0,0,23.6
1,0,0,0,-1,0,1,0,0,0,0,0,3,0,0,1,2,-1,1,0,-1,3,0,-1,800,0,9223372036800000000,1e+75,0,10,0,0,7,0,0,1,0,0,1,0,3,0,0,0,0,1,2,0,1,-1,-1,-1,-1,0,10,-1,1,1,3,-1,-1,-1,0,0,1,0,0,10,0,0,0,25.94
1,0,0,0,-1,0,1,3,0,0,0,0,-1,0,0,0,2,1,2,-1,2,3,0,-1,100,0,9223372036800000000,1e+75,0,10,0,0,7,1,0,1,0,0,1,0,-1,0,0,0,0,0,2,0,1,-1,-1,-1,-1,0,10,-1,1,1,3,-1,-1,2,0,0,1,0,0,10,0,0,0,32.72
1,0,0,0,-1,0,1,5,0,0,0,0,3,0,1,0,0,0,2,1,-1,3,0,-1,10,0,9223372036800000000,1e+75,0,10,0,0,7,0,0,1,0,0,1,1,0,0,0,0,0,0,2,0,1,-1,-1,-1,-1,0,10,-1,1,1,3,-1,-1,-1,0,0,1,0,0,10,0,0,0,45.45
1,0,0,0,-1,0,1,0,0,0,0,0,-1,0,-1,-1,1,0,2,1,1,3,0,-1,800,0,9223372036800000000,1e+75,0,10,0,0,7,0,0,1,0,0,1,1,0,0,0,0,0,0,2,0,1,-1,-1,-1,-1,0,10,-1,1,1,3,-1,-1,-1,0,0,1,0,0,10,0,0,0,32.62
1,0,0,0,-1,0,1,1,0,0,0,0,-1,0,0,-1,2,0,1,-1,2,3,0,-1,150,0,9223372036800000000,1e+75,0,10,0,0,7,0,0,1,0,0,1,1,0,0,0,0,0,0,2,0,1,-1,-1,-1,-1,0,10,-1,1,1,3,-1,-1,-1,0,0,1,0,0,10,0,0,0,23.6
1,0,0,0,-1,0,1,4,0,0,0,0,-1,0,1,-1,-1,1,1,2,2,3,0,-1,200,0,9223372036800000000,1e+75,0,10,0,0,7,0,0,1,40,0,1,1,2,0,0,0,2,1,2,0,1,-1,-1,-1,-1,1,10,-1,1,1,3,-1,-1,-1,0,0,1,0,0,10,0,0,0,27.07
1,0,0,0,-1,0,1,1,0,0,0,0,-1,0,0,-1,2,0,2,-1,1,3,0,-1,150,0,9223372036800000000,1e+75,0,10,0,0,7,0,0,1,0,0,1,1,0,0,0,0,0,0,2,0,1,-1,-1,-1,-1,0,10,-1,1,1,3,-1,-1,-1,0,0,1,0,0,10,0,0,0,23.6
1,0,0,0,-1,0,1,3,0,0,0,0,3,0,-1,-1,-1,1,-1,1,2,3,0,-1,25,0,9223372036800000000,1e+75,0,10,0,0,7,0,0,1,0,0,1,0,1,0,0,0,0,1,2,0,1,-1,-1,-1,-1,0,10,-1,1,1,3,-1,-1,5,0,0,1,0,0,10,0,0,0,31.66
1,0,0,0,-1,0,1,1,0,0,0,0,-1,0,0,-1,2,0,-1,-1,1,3,0,-1,150,0,9223372036800000000,1e+75,0,10,0,0,7,0,0,1,0,0,1,1,0,0,0,0,0,0,2,0,1,-1,-1,-1,-1,0,10,-1,1,1,3,-1,-1,-1,0,0,1,0,0,10,0,0,0,23.6
1,0,0,0,-1,0,1,0,0,0,0,0,0,0,-1,2,1,2,-1,0,1,3,0,-1,25,0,9223372036800000000,1e+75,0,10,0,0,7,-1,0,1,0,0,1,1,-1,0,0,0,0,-1,2,0,1,-1,-1,-1,-1,0,10,-1,1,1,3,-1,-1,4,0,0,1,0,0,10,0,0,0,23.67
1,0,0,0,-1,0,1,4,0,0,0,0,1,0,-1,0,0,1,0,0,2,3,0,-1,25,0,9223372036800000000,1e+75,0,10,0,0,7,0,0,1,0,0,1,1,0,0,0,0,0,-1,2,0,1,-1,-1,-1,-1,-1,10,-1,1,1,3,-1,-1,2,0,0,1,0,0,10,0,0,0,27.21
1,0,0,0,-1,0,1,1,0,0,0,0,-1,0,-1,-1,2,0,2,2,2,3,0,-1,10,0,9223372036800000000,1e+75,0,10,0,0,7,0,0,1,0,0,1,1,0,0,0,0,0,0,2,0,1,-1,-1,-1,-1,0,10,-1,1,1,3,-1,-1,-1,0,0,1,0,0,10,0,0,0,27.41
1,0,0,0,-1,0,1,0,0,0,0,0,-1,0,1,0,2,1,1,1,-1,3,0,-1,25,0,9223372036800000000,1e+75,0,10,0,0,7,-1,0,1,0,0,1,1,3,0,0,0,0,3,2,0,1,-1,-1,-1,-1,0,10,-1,1,1,3,-1,-1,4,0,0,1,0,0,10,0,0,0,25.33
1,0,0,0,-1,0,1,3,0,0,0,0,-1,0,1,2,-1,-1,-1,-1,0,0,0,-1,800,0,9223372036800000000,1e+75,0,10,0,0,7,0,0,1,40,0,1,0,2,0,0,0,0,4,2,0,1,-1,-1,-1,-1,1,10,-1,1,1,3,-1,-1,4,0,0,1,0,0,10,0,0,0,15.94
1,0,0,0,-1,0,1,3,0,0,0,0,-1,0,-1,-1,2,2,2,1,1,3,0,-1,800,0,9223372036800000000,1e+75,0,10,0,0,7,0,0,1,0,0,1,1,0,0,0,0,0,0,2,0,1,-1,-1,-1,-1,0,10,-1,1,1,3,-1,-1,-1,0,0,1,0,0,10,0,0,0,30.01
1,0,0,0,-1,0,1,0,0,0,0,0,3,0,0,1,1,1,2,-1,-1,3,0,-1,800,0,9223372036800000000,1e+75,0,10,0,0,7,1,0,1,0,0,1,0,3,0,0,0,0,1,2,0,1,-1,-1,-1,-1,1,10,-1,1,1,3,-1,-1,4,0,0,1,0,0,10,0,0,0,20.14
1,0,0,0,-1,0,1,0,0,0,0,0,-1,0,1,0,2,1,1,1,2,3,0,-1,400,0,9223372036800000000,1e+75,0,10,0,0,7,-1,0,1,0,0,1,1,1,0,0,0,0,3,2,0,1,-1,-1,-1,-1,0,10,-1,1,1,3,-1,-1,4,0,0,1,0,0,10,0,0,0,25.33
1,0,0,0,-1,0,1,3,0,0,0,0,0,0,-1,1,0,2,-1,2,2,3,0,-1,800,0,9223372036800000000,1e+75,0,10,0,0,7,1,0,1,40,0,1,0,2,0,0,0,5,-1,2,0,1,-1,-1,-1,-1,1,10,-1,1,1,3,-1,-1,-1,0,0,1,0,0,10,0,0,0,42.45
1,0,0,0,-1,0,1,3,0,0,0,0,-1,0,-1,-1,1,0,2,1,1,3,0,-1,800,0,9223372036800000000,1e+75,0,10,0,0,7,0,0,1,0,0,1,1,0,0,0,0,0,0,2,0,1,-1,-1,-1,-1,0,10,-1,1,1,3,-1,-1,-1,0,0,1,0,0,10,0,0,0,29.95
1,0,0,0,-1,0,1,0,0,0,0,0,1,0,-1,1,0,-1,1,2,-1,3,0,-1,50,0,9223372036800000000,1e+75,0,10,0,0,7,0,0,1,0,0,1,1,0,0,0,0,0,0,2,0,1,-1,-1,-1,-1,0,10,-1,1,1,3,-1,-1,-1,0,0,1,0,0,10,0,0,0,25.5
1,0,0,0,-1,0,1,3,0,0,0,0,-1,0,-1,-1,1,0,2,1,1,3,0,-1,800,0,9223372036800000000,1e+75,0,10,0,0,7,0,0,1,0,0,1,1,1,0,0,0,0,0,2,0,1,-1,-1,-1,-1,0,10,-1,1,1,3,-1,-1,-1,0,0,1,0,0,10,0,0,0,29.95
1,0,0,0,-1,0,1,1,0,0,0,0,-1,0,0,-1,2,0,1,-1,1,3,0,-1,150,0,9223372036800000000,1e+75,0,10,0,0,7,0,0,1,0,0,2,1,0,0,0,0,0,0,2,0,1,-1,-1,-1,-1,0,10,-1,1,1,3,-1,-1,-1,0,0,1,0,0,10,0,0,0,23.6
1,0,0,0,-1,0,1,0,0,0,0,0,2,0,0,2,2,2,-1,2,-1,3,0,-1,800,0,9223372036800000000,1e+75,0,10,0,0,7,-1,0,1,0,0,1,1,1,0,0,0,0,2,2,0,1,-1,-1,-1,-1,0,10,-1,1,1,3,-1,-1,5,0,0,1,0,0,10,0,0,0,37.32
1,0,0,0,-1,0,1,4,0,0,0,0,0,0,1,1,2,2,2,-1,-1,3,0,-1,150,0,9223372036800000000,1e+75,0,10,0,0,7,1,0,1,100,0,1,0,2,0,0,0,0,1,2,0,1,-1,-1,-1,-1,0,10,-1,1,1,3,-1,-1,2,0,0,1,0,0,10,0,0,0,27.21
1,0,0,0,-1,0,1,0,0,0,0,0,3,0,0,-1,0,-1,0,1,-1,3,0,-1,150,0,9223372036800000000,1e+75,0,10,0,0,7,0,0,1,0,0,1,1,0,0,0,0,0,0,2,0,1,-1,-1,-1,-1,0,10,-1,1,1,3,-1,-1,-1,0,0,1,0,0,10,0,0,0,25.5
1,0,0,0,-1,0,1,5,0,0,0,0,2,0,0,1,-1,0,2,1,0,3,0,-1,150,0,9223372036800000000,1e+75,0,10,0,0,7,0,0,1,100,0,1,1,1,0,0,0,0,4,2,0,1,-1,-1,-1,-1,-1,10,-1,1,1,3,-1,-1,4,0,0,1,0,0,10,0,0,0,19.71
1,0,0,0,-1,0,1,0,0,0,0,0,1,0,-1,0,-1,1,2,1,1,3,0,-1,100,0,9223372036800000000,1e+75,0,10,0,0,7,0,0,1,0,0,1,1,0,0,0,0,0,2,2,0,1,-1,-1,-1,-1,0,10,-1,1,1,3,-1,-1,-1,0,0,1,0,0,10,0,0,0,34.93
1,0,0,0,-1,0,1,0,0,0,0,0,0,0,0,-1,2,-1,1,1,0,3,0,-1,100,0,9223372036800000000,1e+75,0,10,0,0,7,0,0,1,0,0,1,1,0,0,0,0,0,0,2,0,1,-1,-1,-1,-1,0,10,-1,1,1,3,-1,-1,-1,0,0,1,0,0,10,0,0,0,25.5
1,0,0,0,-1,0,1,0,0,0,0,0,1,0,1,0,-1,-1,-1,1,1,3,0,-1,10,0,9223372036800000000,1e+75,0,10,0,0,7,0,0,1,0,0,1,0,0,0,0,0,0,0,2,0,1,-1,-1,-1,-1,0,10,-1,1,1,3,-1,-1,4,0,0,1,0,0,10,0,0,0,19.54
1,0,0,0,-1,0,1,1,0,0,0,0,-1,0,1,-1,-1,0,2,1,-1,3,0,-1,25,0,9223372036800000000,1e+75,0,10,0,0,7,0,0,1,0,0,1,0,0,0,0,0,0,-1,2,0,1,-1,-1,-1,-1,0,10,-1,1,1,3,-1,-1,2,0,0,1,0,0,10,0,0,0,28.63
1,0,0,0,-1,0,1,1,0,0,0,0,3,0,1,2,0,0,2,1,-1,3,0,-1,400,0,9223372036800000000,1e+75,0,10,0,0,7,0,0,1,0,0,1,1,0,0,0,0,0,0,2,0,1,-1,-1,-1,-1,0,10,-1,1,1,3,-1,-1,-1,0,0,1,0,0,10,0,0,0,28.99
1,0,0,0,-1,0,1,1,0,0,0,0,-1,0,0,-1,-1,0,1,-1,1,3,0,-1,150,0,9223372036800000000,1e+75,0,10,0,0,7,0,0,1,0,0,1,1,0,0,0,0,0,0,2,0,1,-1,-1,-1,-1,0,10,-1,1,1,3,-1,-1,-1,0,0,1,0,0,10,0,0,0,23.6
1,0,0,0,-1,0,1,3,0,0,0,0,-1,0,-1,0,2,0,2,2,2,3,0,-1,10,0,9223372036800000000,1e+75,0,10,0,0,7,0,0,1,0,0,1,1,0,0,0,0,0,0,2,0,1,-1,-1,-1,-1,0,10,-1,1,1,3,-1,-1,-1,0,0,1,0,0,10,0,0,0,30.42
1,0,0,0,-1,0,1,1,0,0,0,0,1,0,1,1,1,2,2,1,-1,3,0,-1,25,0,9223372036800000000,1e+75,0,10,0,0,7,0,0,1,0,0,1,1,0,0,0,0,0,0,2,0,1,-1,-1,-1,-1,0,10,-1,1,1,3,-1,-1,-1,0,0,1,0,0,10,0,0,0,26.22
1,0,0,0,-1,0,1,2,0,0,0,0,3,0,1,0,0,0,2,-1,-1,3,0,-1,10,0,9223372036800000000,1e+75,0,10,0,0,7,0,0,1,0,0,1,1,0,0,0,0,0,0,2,0,1,-1,-1,-1,-1,0,10,-1,1,1,3,-1,-1,-1,0,0,1,0,0,10,0,0,0,25.5
1,0,0,0,-1,0,1,1,0,0,0,0,-1,0,0,-1,2,0,1,0,1,3,0,-1,150,0,9223372036800000000,1e+75,0,10,0,0,7,0,0,1,0,0,1,1,0,0,0,0,0,0,2,0,1,-1,-1,-1,-1,0,10,-1,1,1,3,-1,-1,-1,0,0,1,0,0,10,0,0,0,23.6
1,0,0,0,-1,0,1,5,0,0,0,0,-1,0,-1,0,2,0,2,2,2,3,0,-1,10,0,9223372036800000000,1e+75,0,10,0,0,7,0,0,1,0,0,1,1,0,0,0,0,0,0,2,0,1,-1,-1,-1,-1,0,10,-1,1,1,3,-1,-1,-1,0,0,1,0,0,10,0,0,0,45.45
1,0,0,0,-1,0,1,0,0,0,0,0,0,0,1,1,-1,-1,2,2,1,3,0,-1,100,0,9223372036800000000,1e+75,0,10,0,0,7,1,0,1,20,1,1,0,3,0,0,0,0,2,2,0,1,-1,-1,-1,-1,1,10,-1,1,1,3,-1,-1,3,0,0,1,0,0,10,0,0,0,35.16
1,0,0,0,-1,0,1,0,0,0,0,0,2,0,-1,1,-1,-1,1,0,-1,3,0,-1,10,0,9223372036800000000,1e+75,0,10,0,0,7,0,0,1,0,0,1,0,0,0,0,0,0,1,2,0,1,-1,-1,-1,-1,0,10,-1,1,1,3,-1,-1,0,0,0,1,0,0,10,0,0,0,35.7
1,0,0,0,-1,0,1,0,0,0,0,0,1,0,1,-1,2,2,1,2,2,3,0,-1,50,0,9223372036800000000,1e+75,0,10,0,0,7,1,0,1,0,0,1,1,2,0,0,0,0,-1,2,0,1,-1,-1,-1,-1,0,10,-1,1,1,3,-1,-1,4,0,0,1,0,0,10,0,0,0,22.25
1,0,0,0,-1,0,1,1,0,0,0,0,0,0,1,1,1,2,2,1,-1,3,0,-1,50,0,9223372036800000000,1e+75,0,10,0,0,7,0,0,1,0,0,1,1,0,0,0,0,0,0,2,0,1,-1,-1,-1,-1,0,10,-1,1,1,3,-1,-1,-1,0,0,1,0,0,10,0,0,0,32.42
1,0,0,0,-1,0,1,0,0,0,0,0,2,0,-1,2,0,2,2,-1,-1,3,0,-1,150,0,9223372036800000000,1e+75,0,10,0,0,7,0,0,1,0,0,1,0,3,0,0,0,0,1,2,0,1,-1,-1,-1,-1,1,10,-1,1,1,3,-1,-1,0,0,0,1,0,0,10,0,0,0,30.02
1,0,0,0,-1,0,1,3,0,0,0,0,2,0,1,2,-1,-1,-1,-1,0,3,0,-1,800,0,9223372036800000000,1e+75,0,10,0,0,7,0,0,1,40,0,1,0,2,0,0,0,0,4,2,0,1,-1,-1,-1,-1,1,10,-1,1,1,3,-1,-1,4,0,0,1,0,0,10,0,0,0,16.9
1,0,0,0,-1,0,1,0,0,0,0,0,3,0,0,1,2,1,1,0,1,3,0,-1,100,0,9223372036800000000,1e+75,0,10,0,0,7,0,0,1,0,0,1,1,0,0,0,0,0,0,2,0,1,-1,-1,-1,-1,0,10,-1,1,1,3,-1,-1,-1,0,0,1,0,0,10,0,0,0,30.51
1,0,0,0,-1,0,1,1,0,0,0,0,-1,0,0,-1,2,0,1,-1,1,3,0,-1,150,0,9223372036800000000,50,0,10,0,0,7,0,0,1,0,0,1,1,0,0,0,0,0,0,2,0,1,-1,-1,-1,-1,0,10,-1,1,1,3,-1,-1,-1,0,0,1,0,0,10,0,0,0,23.6
1,0,0,0,-1,0,1,1,0,0,0,0,0,0,-1,1,1,2,2,1,-1,3,0,-1,25,0,9223372036800000000,1e+75,0,10,0,0,7,0,0,1,0,0,1,1,0,0,0,0,0,0,2,0,1,-1,-1,-1,-1,0,10,-1,1,1,3,-1,-1,-1,0,0,1,0,0,10,0,0,0,26.22
1,0,0,0,-1,0,1,0,0,0,0,0,2,0,-1,1,-1,-1,1,0,2,3,0,-1,10,0,9223372036800000000,1e+75,0,10,0,0,7,0,0,1,0,0,1,0,0,0,0,0,0,1,2,0,1,-1,-1,-1,-1,0,10,-1,1,1,3,-1,-1,5,0,0,1,0,0,10,0,0,0,25.95
1,0,0,0,-1,0,1,0,0,0,0,0,3,0,0,1,2,1,1,0,1,3,0,-1,400,0,9223372036800000000,1e+75,0,10,0,0,7,0,0,1,0,0,1,1,0,0,0,0,0,0,2,0,1,-1,-1,-1,-1,0,10,-1,1,1,3,-1,-1,-1,0,0,1,0,0,10,0,0,0,30.78
1,0,0,0,-1,0,1,0,0,0,0,0,0,0,0,1,-1,2,1,1,1,3,0,-1,800,0,9223372036800000000,1e+75,0,10,0,0,7,1,0,1,500,1,1,0,1,0,0,0,0,1,2,0,1,-1,-1,-1,-1,0,10,-1,1,1,3,-1,-1,2,0,0,1,0,0,10,0,0,0,27.65
1,0,0,0,-1,0,1,0,0,0,0,0,-1,0,0,0,2,-1,2,-1,2,3,0,-1,100,0,9223372036800000000,1e+75,0,10,0,0,7,1,0,1,20,0,1,0,-1,0,0,0,0,0,2,0,1,-1,-1,-1,-1,1,10,-1,1,1,3,-1,-1,4,0,0,1,0,0,10,0,0,0,19.33
1,0,0,0,-1,0,1,1,0,0,0,0,-1,0,0,-1,2,0,1,-1,1,3,0,-1,150,0,9223372036800000000,20,0,10,0,0,7,0,0,1,0,0,1,1,0,0,0,0,0,0,2,0,1,-1,-1,-1,-1,0,10,-1,1,1,3,-1,-1,-1,0,0,1,0,0,10,0,0,0,23.6
1,0,0,0,-1,0,1,1,0,0,0,0,-1,0,0,-1,2,0,1,-1,1,3,0,-1,150,0,9223372036800000000,1e+75,0,10,0,0,7,0,0,1,0,0,1,1,1,0,0,0,0,0,2,0,1,-1,-1,-1,-1,0,10,-1,1,1,3,-1,-1,-1,0,0,1,0,0,10,0,0,0,27.64
1,0,0,0,-1,0,1,1,0,0,0,0,-1,0,0,-1,2,0,1,-1,1,3,0,-1,150,0,9223372036800000000,30,0,10,0,0,7,0,0,1,0,0,1,1,0,0,0,0,0,0,2,0,1,-1,-1,-1,-1,0,10,-1,1,1,3,-1,-1,-1,0,0,1,0,0,10,0,0,0,23.6
1,0,0,0,-1,0,1,3,0,0,0,0,1,0,0,1,-1,2,1,0,0,3,0,-1,200,0,9223372036800000000,1e+75,0,10,0,0,7,0,0,1,0,0,1,0,-1,0,0,0,0,-1,2,0,1,-1,-1,-1,-1,0,10,-1,1,1,3,-1,-1,2,0,0,1,0,0,10,0,0,0,31.9
1,0,0,0,-1,0,1,3,0,0,0,0,-1,0,-1,-1,1,0,2,1,1,3,0,-1,800,0,9223372036800000000,1e+75,0,10,0,0,7,0,0,1,0,0,1,1,0,0,0,0,0,0,2,0,1,-1,-1,-1,-1,0,10,-1,1,1,3,-1,-1,4,0,0,1,0,0,10,0,0,0,18.9
1,0,0,0,-1,0,1,3,0,0,0,0,0,0,0,1,-1,2,1,0,0,3,0,-1,200,0,9223372036800000000,1e+75,0,10,0,0,7,0,0,1,0,0,1,0,-1,0,0,0,0,-1,2,0,1,-1,-1,-1,-1,0,10,-1,1,1,3,-1,-1,2,0,0,1,0,0,10,0,0,0,31.9
1,0,0,0,-1,0,1,0,0,0,0,0,-1,0,-1,2,0,0,-1,0,1,3,0,-1,800,0,9223372036800000000,1e+75,0,10,0,0,7,0,0,1,100,1,1,1,-1,0,0,0,0,-1,2,0,1,-1,-1,-1,-1,-1,10,-1,1,1,3,-1,-1,4,0,0,1,0,0,10,0,0,0,22.25
1,0,0,0,-1,0,1,1,0,0,0,0,-1,0,0,-1,2,0,1,-1,1,3,0,-1,150,0,9223372036800000000,1e+75,0,10,0,0,7,0,0,1,0,0,1,1,0,0,-1,0,0,0,2,0,1,-1,-1,-1,-1,0,10,-1,1,1,3,-1,-1,-1,0,0,1,0,0,10,0,0,0,24.92
1,0,0,0,-1,0,1,1,0,0,0,0,-1,0,0,-1,2,0,1,-1,1,3,0,-1,150,0,9223372036800000000,1e+75,0,10,0,0,7,0,0,1,0,0,1,1,0,0,20,0,0,0,2,0,1,-1,-1,-1,-1,0,10,-1,1,1,3,-1,-1,-1,0,0,1,0,0,10,0,0,0,34.37
1,0,0,0,-1,0,1,0,0,0,0,0,0,0,-1,0,2,2,-1,0,1,3,0,-1,25,0,9223372036800000000,1e+75,0,10,0,0,7,-1,0,1,0,0,1,1,-1,0,0,0,0,-1,2,0,1,-1,-1,-1,-1,0,10,-1,1,1,3,-1,-1,4,0,0,1,0,0,10,0,0,0,23.67
1,0,0,0,-1,0,1,1,0,0,0,0,-1,0,0,-1,2,0,1,-1,1,3,0,-1,150,0,9223372036800000000,1e+75,0,10,0,0,7,0,0,1,0,0,1,1,0,-1,0,0,0,0,2,0,1,-1,-1,-1,-1,0,10,-1,1,1,3,-1,-1,-1,0,0,1,0,0,10,0,0,0,40.19
1,0,0,0,-1,0,1,1,0,0,0,0,-1,0,0,-1,2,0,1,-1,1,3,0,-1,150,0,9223372036800000000,1e+75,0,10,0,0,7,0,0,1,0,0,1,1,0,0,40,0,0,0,2,0,1,-1,-1,-1,-1,0,10,-1,1,1,3,-1,-1,-1,0,0,1,0,0,10,0,0,0,34.37
1,0,0,0,-1,0,1,1,0,0,0,0,-1,0,0,-1,2,0,1,-1,1,3,0,-1,150,0,9223372036800000000,1e+75,0,10,0,0,7,0,0,1,0,0,1,1,0,0,60,0,0,0,2,0,1,-1,-1,-1,-1,0,10,-1,1,1,3,-1,-1,-1,0,0,1,0,0,10,0,0,0,34.37
1,0,0,0,-1,0,1,1,0,0,0,0,-1,0,0,-1,2,0,1,-1,1,3,0,-1,150,0,9223372036800000000,1e+75,0,10,0,0,7,0,0,1,0,0,1,1,0,0,1000,0,0,0,2,0,1,-1,-1,-1,-1,0,10,-1,1,1,3,-1,-1,-1,0,0,1,0,0,10,0,0,0,34.37
1,0,0,0,-1,0,1,0,0,0,0,0,1,0,-1,-1,-1,2,1,0,0,3,0,-1,200,0,9223372036800000000,1e+75,0,10,0,0,7,1,0,1,0,0,1,1,0,0,0,0,0,2,2,0,1,-1,-1,-1,-1,0,10,-1,1,1,3,-1,-1,-1,0,0,1,0,0,10,0,0,0,35.78
1,0,0,0,-1,0,1,2,0,0,0,0,3,0,1,2,1,-1,-1,2,0,3,0,-1,800,0,9223372036800000000,1e+75,0,10,0,0,7,0,0,1,0,0,1,1,0,0,0,0,0,0,2,0,1,-1,-1,-1,-1,0,10,-1,1,1,3,-1,-1,-1,0,0,1,0,0,10,0,0,0,25.5
1,0,0,0,-1,0,1,1,0,0,0,0,-1,0,0,-1,2,0,1,-1,1,3,0,-1,150,0,9223372036800000000,1e+75,0,10,0,0,3,0,0,1,0,0,1,1,0,0,0,0,0,0,2,0,1,-1,-1,-1,-1,0,10,-1,1,1,3,-1,-1,-1,0,0,1,0,0,10,0,0,0,23.6
1,0,0,0,-1,0,1,3,0,0,0,0,2,0,1,2,-1,-1,1,2,2,3,0,-1,100,0,9223372036800000000,1e+75,0,10,0,0,7,-1,0,1,1000,1,1,0,-1,0,0,0,0,0,2,0,1,-1,-1,-1,-1,1,10,-1,1,1,3,-1,-1,4,0,0,1,0,0,10,0,0,0,16.9
1,0,0,0,-1,0,1,0,0,0,0,0,1,0,-1,1,0,-1,0,2,2,3,0,-1,50,0,9223372036800000000,1e+75,0,10,0,0,7,0,0,1,0,0,1,1,0,0,0,0,0,0,2,0,1,-1,-1,-1,-1,0,10,-1,1,1,3,-1,-1,-1,0,0,1,0,0,10,0,0,0,25.5
1,0,0,0,-1,0,1,1,0,0,0,0,-1,0,0,-1,2,0,1,-1,1,3,0,-1,150,0,9223372036800000000,1e+75,0,10,0,0,4,0,0,1,0,0,1,1,0,0,0,0,0,0,2,0,1,-1,-1,-1,-1,0,10,-1,1,1,3,-1,-1,-1,0,0,1,0,0,10,0,0,0,23.6
1,0,0,0,-1,0,1,1,0,0,0,0,-1,0,0,-1,2,0,1,-1,1,3,0,-1,150,0,9223372036800000000,1e+75,0,10,0,0,5,0,0,1,0,0,1,1,0,0,0,0,0,0,2,0,1,-1,-1,-1,-1,0,10,-1,1,1,3,-1,-1,-1,0,0,1,0,0,10,0,0,0,23.6
1,0,0,0,-1,0,1,1,0,0,0,0,-1,0,0,-1,2,0,1,-1,1,3,0,-1,150,0,9223372036800000000,1e+75,0,10,0,0,15,0,0,1,0,0,1,1,0,0,0,0,0,0,2,0,1,-1,-1,-1,-1,0,10,-1,1,1,3,-1,-1,-1,0,0,1,0,0,10,0,0,0,23.6
1,0,0,0,-1,0,1,1,0,0,0,0,-1,0,0,-1,2,0,1,-1,1,3,0,16,150,0,9223372036800000000,1e+75,0,10,0,0,7,0,0,1,0,0,1,1,0,0,0,0,0,0,2,0,1,-1,-1,-1,-1,0,10,-1,1,1,3,-1,-1,-1,0,0,1,0,0,10,0,0,0,23.6
1,0,0,0,-1,0,1,5,0,0,0,0,-1,0,1,0,0,1,0,-1,0,3,0,-1,100,0,9223372036800000000,1e+75,0,10,0,0,7,-1,0,1,0,0,1,1,3,0,0,0,0,3,2,0,1,-1,-1,-1,-1,-1,10,-1,1,1,3,-1,-1,2,0,0,1,0,0,10,0,0,0,58.02
1,0,0,0,-1,0,1,0,0,0,0,0,0,0,-1,2,2,2,-1,0,1,3,0,-1,25,0,9223372036800000000,1e+75,0,10,0,0,7,-1,0,1,0,0,1,1,-1,0,0,0,0,-1,2,0,1,-1,-1,-1,-1,0,10,-1,1,1,3,-1,-1,3,0,0,1,0,0,10,0,0,0,40.2
1,0,0,0,-1,0,1,1,0,0,0,0,-1,0,0,-1,2,0,1,-1,1,3,0,-1,150,0,9223372036800000000,1e+75,0,10,0,0,7,1,0,1,0,0,1,1,0,0,0,0,0,0,2,0,1,-1,-1,-1,-1,0,10,-1,1,1,3,-1,-1,-1,0,0,1,0,0,10,0,0,0,26.02
1,0,0,0,-1,0,1,0,0,0,0,0,-1,0,1,0,2,1,1,1,2,3,0,-1,800,0,9223372036800000000,1e+75,0,10,0,0,7,-1,0,1,0,0,1,1,3,0,0,0,0,3,2,0,1,-1,-1,-1,-1,0,10,-1,1,1,3,-1,-1,4,0,0,1,0,0,10,0,0,0,25.71
1,0,0,0,-1,0,1,0,0,0,0,0,1,0,-1,-1,2,2,1,-1,2,3,0,-1,25,0,9223372036800000000,1e+75,0,10,0,0,7,1,0,1,0,0,1,1,2,0,0,0,0,-1,2,0,1,-1,-1,-1,-1,0,10,-1,1,1,3,-1,-1,5,0,0,1,0,0,10,0,0,0,31.09
1,0,0,0,-1,0,1,1,0,0,0,0,-1,0,0,-1,2,0,1,-1,1,3,0,2,150,0,9223372036800000000,1e+75,0,10,0,0,7,0,0,1,0,0,1,1,0,0,0,0,0,0,2,0,1,-1,-1,-1,-1,0,10,-1,1,1,3,-1,-1,-1,0,0,1,0,0,10,0,0,0,23.6
1,0,0,0,-1,0,1,0,0,0,0,0,1,0,-1,-1,2,2,1,0,2,3,0,-1,25,0,9223372036800000000,1e+75,0,10,0,0,7,1,0,1,0,0,1,1,2,0,0,0,0,-1,2,0,1,-1,-1,-1,-1,0,10,-1,1,1,3,-1,-1,5,0,0,1,0,0,10,0,0,0,31.09
1,0,0,0,-1,0,1,2,0,0,0,0,2,0,1,0,1,-1,-1,2,0,3,0,-1,800,0,9223372036800000000,1e+75,0,10,0,0,7,0,0,1,0,0,1,1,0,0,0,0,0,0,2,0,1,-1,-1,-1,-1,0,10,-1,1,1,3,-1,-1,-1,0,0,1,0,0,10,0,0,0,25.5
1,0,0,0,-1,0,1,3,0,0,0,0,-1,0,-1,-1,0,0,2,1,1,3,0,-1,800,0,9223372036800000000,1e+75,0,10,0,0,7,0,0,1,0,0,1,1,0,0,0,0,0,0,2,0,1,-1,-1,-1,-1,0,10,-1,1,1,3,-1,-1,-1,0,0,1,0,0,10,0,0,0,29.95
1,0,0,0,-1,0,1,0,0,0,0,0,-1,0,0,-1,2,-1,1,1,1,3,0,-1,100,0,9223372036800000000,1e+75,0,10,0,0,7,0,0,1,0,0,1,1,0,0,0,0,0,0,2,0,1,-1,-1,-1,-1,0,10,-1,1,1,3,-1,-1,-1,0,0,1,0,0,10,0,0,0,25.5
1,0,0,0,-1,0,1,3,0,0,0,0,-1,0,-1,1,1,0,2,1,1,3,0,-1,800,0,9223372036800000000,1e+75,0,10,0,0,7,0,0,1,0,0,1,1,0,0,0,0,0,0,2,0,1,-1,-1,-1,-1,0,10,-1,1,1,3,-1,-1,-1,0,0,1,0,0,10,0,0,0,29.95
1,0,0,0,-1,0,1,0,0,0,0,0,2,0,-1,2,0,2,2,-1,-1,3,0,-1,150,0,9223372036800000000,1e+75,0,10,0,0,7,0,0,1,0,0,1,0,3,0,0,0,0,1,2,0,1,-1,-1,-1,-1,-1,10,-1,1,1,3,-1,-1,0,0,0,1,0,0,10,0,0,0,30.41
1,0,0,0,-1,0,1,3,0,0,0,0,3,0,-1,-1,-1,1,-1,1,2,3,0,-1,25,0,9223372036800000000,1e+75,0,10,0,0,7,0,0,1,0,0,1,0,0,0,0,0,0,1,2,0,1,-1,-1,-1,-1,0,10,-1,1,1,3,-1,-1,5,0,0,1,0,0,10,0,0,0,31.66
1,0,0,0,-1,0,1,3,0,0,0,0,-1,0,-1,-1,1,0,-1,1,1,3,0,-1,800,0,9223372036800000000,1e+75,0,10,0,0,7,0,0,1,0,0,1,1,0,0,0,0,0,0,2,0,1,-1,-1,-1,-1,0,10,-1,1,1,3,-1,-1,4,0,0,1,0,0,10,0,0,0,18.9
1,0,0,0,-1,0,1,3,0,0,0,0,-1,0,-1,-1,1,0,2,1,1,3,0,-1,10,0,9223372036800000000,1e+75,0,10,0,0,7,0,0,1,0,0,1,1,0,0,0,0,0,0,2,0,1,-1,-1,-1,-1,0,10,-1,1,1,3,-1,-1,-1,0,0,1,0,0,10,0,0,0,30.42
1,0,0,0,-1,0,1,0,0,0,0,0,-1,0,0,0,2,-1,2,-1,2,3,0,-1,100,0,9223372036800000000,1e+75,0,10,0,0,7,1,0,1,0,0,1,0,-1,0,0,0,0,0,2,0,1,-1,-1,-1,-1,-1,10,-1,1,1,3,-1,-1,4,0,0,1,0,0,10,0,0,0,18.08
1,0,0,0,-1,0,1,1,0,0,0,0,2,0,-1,-1,2,2,-1,2,2,3,0,-1,150,0,9223372036800000000,1e+75,0,10,0,0,7,-1,0,1,0,0,1,1,0,0,0,0,0,0,2,0,1,-1,-1,-1,-1,0,10,-1,1,1,3,-1,-1,-1,0,0,1,0,0,10,0,0,0,38.46
1,0,0,0,-1,0,1,2,0,0,0,0,3,0,0,1,-1,-1,1,0,2,3,0,-1,10,0,9223372036800000000,1e+75,0,10,0,0,7,0,0,1,0,0,1,0,0,0,0,0,0,2,2,0,1,-1,-1,-1,-1,0,10,-1,1,1,3,-1,-1,2,0,0,1,0,0,10,0,0,0,45.13
1,0,0,0,-1,0,1,0,0,0,0,0,2,0,-1,1,-1,-1,1,0,-1,3,0,-1,10,0,9223372036800000000,1e+75,0,10,0,0,7,0,0,1,0,0,1,0,0,0,0,0,0,2,2,0,1,-1,-1,-1,-1,0,10,-1,1,1,3,-1,-1,5,0,0,1,0,0,10,0,0,0,41.86
1,0,0,0,-1,0,1,0,0,0,0,0,1,0,0,0,-1,1,2,1,1,3,0,-1,100,0,9223372036800000000,1e+75,0,10,0,0,7,0,0,1,0,0,1,1,0,0,0,0,0,2,2,0,1,-1,-1,-1,-1,0,10,-1,1,1,3,-1,-1,-1,0,0,1,0,0,10,0,0,0,34.93
1,0,0,0,-1,0,1,0,0,0,0,0,1,0,-1,0,-1,1,2,1,1,3,0,-1,100,0,9223372036800000000,1e+75,0,10,0,0,7,0,0,1,0,0,1,1,0,0,0,0,0,3,2,0,1,-1,-1,-1,-1,0,10,-1,1,1,3,-1,-1,-1,0,0,1,0,0,10,0,0,0,36.21
1,0,0,0,-1,0,1,0,0,0,0,0,-1,0,0,2,2,2,-1,2,0,3,0,-1,800,0,9223372036800000000,1e+75,0,10,0,0,7,-1,0,1,0,0,1,1,1,0,0,0,0,2,2,0,1,-1,-1,-1,-1,0,10,-1,1,1,3,-1,-1,4,0,0,1,0,0,10,0,0,0,26.04
1,0,0,0,-1,0,1,4,0,0,0,0,3,0,1,0,2,2,-1,0,1,3,0,-1,150,0,9223372036800000000,1e+75,0,10,0,0,7,1,0,1,0,0,1,1,0,0,0,0,0,1,2,0,1,-1,-1,-1,-1,0,10,-1,1,1,3,-1,-1,-1,0,0,1,0,0,10,0,0,0,28.58
1,0,0,0,-1,0,1,0,0,0,0,0,-1,0,1,1,1,-1,-1,2,2,3,0,-1,150,0,9223372036800000000,1e+75,0,10,0,0,7,0,0,1,0,0,1,1,0,0,0,0,0,4,2,0,1,-1,-1,-1,-1,0,10,-1,1,1,3,-1,-1,-1,0,0,1,0,0,10,0,0,0,25.5
1,0,0,0,-1,0,1,0,0,0,0,0,2,0,0,2,2,2,-1,2,-1,3,0,-1,800,0,9223372036800000000,1e+75,0,10,0,0,7,-1,0,1,0,0,1,1,1,0,0,0,0,2,2,0,1,-1,-1,-1,-1,0,10,-1,1,1,3,-1,-1,4,0,0,1,0,0,10,0,0,0,24.67
1,0,0,0,-1,0,1,0,0,0,0,0,-1,0,-1,1,1,-1,-1,2,2,3,0,-1,150,0,9223372036800000000,1e+75,0,10,0,0,7,0,0,1,0,0,1,1,0,0,0,0,0,4,2,0,1,-1,-1,-1,-1,0,10,-1,1,1,3,-1,-1,-1,0,0,1,0,0,10,0,0,0,25.5
1,0,0,0,-1,0,1,1,0,0,0,0,-1,0,0,-1,2,0,1,-1,1,3,0,-1,150,0,9223372036800000000,40,0,10,0,0,7,0,0,1,0,0,1,1,0,0,0,0,0,0,2,0,1,-1,-1,-1,-1,0,10,-1,1,1,3,-1,-1,-1,0,0,1,0,0,10,0,0,0,23.6
1,0,0,0,-1,0,1,0,0,0,0,0,-1,0,1,1,0,-1,-1,2,2,3,0,-1,150,0,9223372036800000000,1e+75,0,10,0,0,7,0,0,1,0,0,1,1,0,0,0,0,0,4,2,0,1,-1,-1,-1,-1,0,10,-1,1,1,3,-1,-1,-1,0,0,1,0,0,10,0,0,0,25.5
1,0,0,0,-1,0,1,0,0,0,0,0,-1,0,1,1,1,-1,-1,1,2,3,0,-1,150,0,9223372036800000000,1e+75,0,10,0,0,7,0,0,1,0,0,1,1,0,0,0,0,0,4,2,0,1,-1,-1,-1,-1,0,10,-1,1,1,3,-1,-1,-1,0,0,1,0,0,10,0,0,0,25.5
1,0,0,0,-1,0,1,0,0,0,0,0,2,0,-1,-1,2,1,2,2,-1,3,0,-1,200,0,9223372036800000000,1e+75,0,10,0,0,7,0,0,1,0,0,1,0,-1,0,0,0,0,2,2,0,1,-1,-1,-1,-1,0,10,-1,1,1,3,-1,-1,0,0,0,1,0,0,10,0,0,0,35.55
1,0,0,0,-1,0,1,0,0,0,0,0,2,0,-1,0,-1,2,-1,1,-1,3,0,-1,10,0,9223372036800000000,1e+75,0,10,0,0,7,1,0,1,1000,1,1,0,0,0,0,0,0,1,2,0,1,-1,-1,-1,-1,0,10,-1,1,1,3,-1,-1,4,0,0,1,0,0,10,0,0,0,20.53
1,0,0,0,-1,0,1,4,0,0,0,0,2,0,-1,0,1,2,1,1,1,3,0,-1,25,0,9223372036800000000,1e+75,0,10,0,0,7,0,0,1,0,0,1,1,0,0,0,0,0,3,2,0,1,-1,-1,-1,-1,0,10,-1,1,1,3,-1,-1,-1,0,0,1,0,0,10,0,0,0,47.31
1,0,0,0,-1,0,1,5,0,0,0,0,1,0,1,1,1,1,2,2,0,3,0,-1,200,0,9223372036800000000,1e+75,0,10,0,0,7,1,0,1,40,0,1,1,3,0,0,0,1,3,2,0,1,-1,-1,-1,-1,-1,10,-1,1,1,3,-1,-1,3,0,0,1,0,0,10,0,0,0,60
1,0,0,0,-1,0,1,3,0,0,0,0,1,0,-1,1,0,-1,0,2,-1,3,0,-1,50,0,9223372036800000000,1e+75,0,10,0,0,7,0,0,1,0,0,1,1,0,0,0,0,0,0,2,0,1,-1,-1,-1,-1,0,10,-1,1,1,3,-1,-1,-1,0,0,1,0,0,10,0,0,0,30.91
1,0,0,0,-1,0,1,2,0,0,0,0,-1,0,0,2,-1,1,2,1,0,3,0,-1,10,0,9223372036800000000,1e+75,0,10,0,0,7,-1,0,1,0,0,1,1,0,0,0,0,0,4,2,0,1,-1,-1,-1,-1,0,10,-1,1,1,3,-1,-1,-1,0,0,1,0,0,10,0,0,0,35.83
1,0,0,0,-1,0,1,0,0,0,0,0,0,0,1,1,-1,2,2,2,1,3,0,-1,400,0,9223372036800000000,1e+75,0,10,0,0,7,1,0,1,20,1,1,0,3,0,0,0,0,2,2,0,1,-1,-1,-1,-1,1,10,-1,1,1,3,-1,-1,3,0,0,1,0,0,10,0,0,0,35.16
1,0,0,0,-1,0,1,0,0,0,0,0,3,0,-1,1,2,-1,1,0,-1,3,0,-1,800,0,9223372036800000000,1e+75,0,10,0,0,7,0,0,1,0,0,1,0,3,0,0,0,0,1,2,0,1,-1,-1,-1,-1,0,10,-1,1,1,3,-1,-1,-1,0,0,1,0,0,10,0,0,0,25.94
1,0,0,0,-1,0,1,0,0,0,0,0,2,0,1,1,0,2,-1,0,-1,3,0,-1,100,0,9223372036800000000,1e+75,0,10,0,0,7,0,0,1,0,0,1,1,2,0,0,0,0,1,2,0,1,-1,-1,-1,-1,0,10,-1,1,1,3,-1,-1,5,0,0,1,0,0,10,0,0,0,28.96
1,0,0,0,-1,0,1,5,0,0,0,0,1,0,1,1,1,1,2,2,0,3,0,-1,200,0,9223372036800000000,1e+75,0,10,0,0,7,1,0,1,20,0,1,1,3,0,0,0,1,3,2,0,1,-1,-1,-1,-1,-1,10,-1,1,1,3,-1,-1,3,0,0,1,0,0,10,0,0,0,60
1,0,0,0,-1,0,1,0,0,0,0,0,0,0,0,-1,0,-1,0,0,-1,3,0,-1,150,0,9223372036800000000,1e+75,0,10,0,0,7,0,0,1,0,0,1,1,0,0,0,0,0,0,2,0,1,-1,-1,-1,-1,0,10,-1,1,1,3,-1,-1,-1,0,0,1,0,0,10,0,0,0,25.5
1,0,0,0,-1,0,1,0,0,0,0,0,2,0,0,2,-1,2,2,0,0,3,0,-1,400,0,9223372036800000000,1e+75,0,10,0,0,7,1,0,1,0,0,1,1,0,0,0,0,0,-1,2,0,1,-1,-1,-1,-1,0,10,-1,1,1,3,-1,-1,-1,0,0,1,0,0,10,0,0,0,33.54
1,0,0,0,-1,0,1,0,0,0,0,0,2,0,-1,-1,2,1,2,2,-1,3,0,-1,25,0,9223372036800000000,1e+75,0,10,0,0,7,0,0,1,0,0,1,0,-1,0,0,0,0,2,2,0,1,-1,-1,-1,-1,0,10,-1,1,1,3,-1,-1,-1,0,0,1,0,0,10,0,0,0,42.36
1,0,0,0,-1,0,1,0,0,0,0,0,2,0,0,2,-1,2,2,0,0,3,0,-1,800,0,9223372036800000000,1e+75,0,10,0,0,7,0,0,1,0,0,1,1,0,0,0,0,0,-1,2,0,1,-1,-1,-1,-1,0,10,-1,1,1,3,-1,-1,-1,0,0,1,0,0,10,0,0,0,33.32
1,0,0,0,-1,0,1,3,0,0,0,0,2,0,-1,2,0,1,2,-1,0,3,0,-1,150,0,9223372036800000000,1e+75,0,10,0,0,7,-1,0,1,0,0,1,1,0,0,0,0,0,2,2,0,1,-1,-1,-1,-1,0,10,-1,1,1,3,-1,-1,-1,0,0,1,0,0,10,0,0,0,37.3
1,0,0,0,-1,0,1,0,0,0,0,0,1,0,-1,-1,-1,2,2,0,2,3,0,-1,200,0,9223372036800000000,1e+75,0,10,0,0,7,1,0,1,0,0,1,1,0,0,0,0,0,2,2,0,1,-1,-1,-1,-1,0,10,-1,1,1,3,-1,-1,-1,0,0,1,0,0,10,0,0,0,35.78
1,0,0,0,-1,0,1,1,0,0,0,0,-1,0,0,-1,2,0,1,-1,1,3,0,-1,150,0,9223372036800000000,1e+75,0,10,0,0,7,0,0,1,0,0,1,1,0,0,0,0,0,1,2,0,1,-1,-1,-1,-1,0,10,-1,1,1,3,-1,-1,-1,0,0,1,0,0,10,0,0,0,26.93
1,0,0,0,-1,0,1,0,0,0,0,0,1,0,-1,-1,-1,2,-1,0,0,3,0,-1,200,0,9223372036800000000,1e+75,0,10,0,0,7,1,0,1,0,0,1,1,0,0,0,0,0,2,2,0,1,-1,-1,-1,-1,0,10,-1,1,1,3,-1,-1,-1,0,0,1,0,0,10,0,0,0,35.78
1,0,0,0,-1,0,1,0,0,0,0,0,0,0,1,1,-1,2,2,2,1,3,0,-1,400,0,9223372036800000000,1e+75,0,10,0,0,7,1,0,1,20,1,1,0,1,0,0,0,0,2,2,0,1,-1,-1,-1,-1,1,10,-1,1,1,3,-1,-1,3,0,0,1,0,0,10,0,0,0,35.16
1,0,0,0,-1,0,1,0,0,0,0,0,1,0,-1,1,2,2,1,2,2,3,0,-1,25,0,9223372036800000000,1e+75,0,10,0,0,7,1,0,1,0,0,1,1,2,0,0,0,0,-1,2,0,1,-1,-1,-1,-1,0,10,-1,1,1,3,-1,-1,5,0,0,1,0,0,10,0,0,0,31.09
1,0,0,0,-1,0,1,1,0,0,0,0,0,0,1,1,1,2,2,1,0,3,0,-1,400,0,9223372036800000000,1e+75,0,10,0,0,7,0,0,1,0,0,1,1,0,0,0,0,0,0,2,0,1,-1,-1,-1,-1,0,10,-1,1,1,3,-1,-1,-1,0,0,1,0,0,10,0,0,0,27.93
1,0,0,0,-1,0,1,0,0,0,0,0,-1,0,0,-1,1,2,-1,0,1,3,0,-1,100,0,9223372036800000000,1e+75,0,10,0,0,7,0,0,1,0,0,1,1,0,0,0,0,0,2,2,0,1,-1,-1,-1,-1,0,10,-1,1,1,3,-1,-1,-1,0,0,1,0,0,10,0,0,0,37.84
1,0,0,0,-1,0,1,0,0,0,0,0,2,0,-1,1,1,-1,1,0,-1,3,0,-1,10,0,9223372036800000000,1e+75,0,10,0,0,7,0,0,1,0,0,1,0,0,0,0,0,0,1,2,0,1,-1,-1,-1,-1,0,10,-1,1,1,3,-1,-1,5,0,0,1,0,0,10,0,0,0,25.95
1,0,0,0,-1,0,1,3,0,0,0,0,-1,0,-1,0,2,1,2,-1,2,3,0,-1,100,0,9223372036800000000,1e+75,0,10,0,0,7,1,0,1,0,0,1,0,-1,0,0,0,0,0,2,0,1,-1,-1,-1,-1,0,10,-1,1,1,3,-1,-1,4,0,0,1,0,0,10,0,0,0,19.4
1,0,0,0,-1,0,1,2,0,0,0,0,-1,0,0,2,-1,1,2,1,0,3,0,-1,10,0,9223372036800000000,1e+75,0,10,0,0,7,1,0,1,0,0,1,1,0,0,0,0,0,4,2,0,1,-1,-1,-1,-1,0,10,-1,1,1,3,-1,-1,-1,0,0,1,0,0,10,0,0,0,26.72
1,0,0,0,-1,0,1,3,0,0,0,0,-1,0,1,2,-1,-1,-1,-1,0,3,0,-1,800,0,9223372036800000000,1e+75,0,10,0,0,7,0,0,1,40,0,1,0,2,0,0,0,0,4,2,0,1,-1,-1,3,-1,1,10,-1,1,1,3,-1,-1,4,0,0,1,0,0,10,0,0,0,15.94
1,0,0,0,-1,0,1,0,0,0,0,0,1,0,-1,1,0,0,0,2,-1,3,0,-1,150,0,9223372036800000000,1e+75,0,10,0,0,7,0,0,1,0,0,1,1,0,0,0,0,0,0,2,0,1,-1,-1,-1,-1,0,10,-1,1,1,3,-1,-1,-1,0,0,1,0,0,10,0,0,0,32.02
1,0,0,0,-1,0,1,2,0,0,0,0,-1,0,0,2,-1,1,2,1,0,3,0,-1,800,0,9223372036800000000,1e+75,0,10,0,0,7,-1,0,1,0,0,1,1,0,0,0,0,0,4,2,0,1,-1,-1,-1,-1,0,10,-1,1,1,3,-1,-1,-1,0,0,1,0,0,10,0,0,0,33.4
1,0,0,0,-1,0,1,3,0,0,0,0,-1,0,1,2,-1,-1,-1,-1,0,3,0,-1,800,0,9223372036800000000,1e+75,0,10,0,0,7,0,0,1,40,0,1,0,2,0,0,0,1,4,2,0,1,-1,-1,-1,-1,1,10,-1,1,1,3,-1,-1,4,0,0,1,0,0,10,0,0,0,29.4
1,0,0,0,-1,0,1,0,0,0,0,0,0,0,1,1,-1,2,-1,0,-1,3,0,-1,100,0,9223372036800000000,1e+75,0,10,0,0,7,0,0,1,0,0,1,1,2,0,0,0,0,1,2,0,1,-1,-1,-1,-1,0,10,-1,1,1,3,-1,-1,2,0,0,1,0,0,10,0,0,0,27.58
1,0,0,0,-1,0,1,2,0,0,0,0,-1,0,0,2,-1,1,2,1,2,3,0,-1,10,0,9223372036800000000,1e+75,0,10,0,0,7,1,0,1,0,0,1,1,0,0,0,0,0,4,2,0,1,-1,-1,-1,-1,0,10,-1,1,1,3,-1,-1,-1,0,0,1,0,0,10,0,0,0,26.72
1,0,0,0,-1,0,1,3,0,0,0,0,-1,0,1,2,-1,-1,-1,-1,0,3,0,-1,800,0,9223372036800000000,1e+75,0,10,0,0,7,0,0,1,40,0,1,0,2,0,0,2,0,4,2,0,1,-1,-1,-1,-1,1,10,-1,1,1,3,-1,-1,4,0,0,1,0,0,10,0,0,0,18.92
1,0,0,0,-1,0,1,5,0,0,0,0,0,0,0,0,-1,1,1,1,1,3,0,-1,800,0,9223372036800000000,1e+75,0,10,0,0,7,1,0,1,20,1,1,0,1,0,0,0,0,-1,2,0,1,-1,-1,-1,-1,-1,10,-1,1,1,3,-1,-1,0,0,0,1,0,0,10,0,0,0,58.02
1,0,0,0,-1,0,1,4,0,0,0,0,0,0,-1,0,0,2,-1,1,2,3,0,-1,100,0,9223372036800000000,1e+75,0,10,0,0,7,0,0,1,0,0,1,1,0,0,0,0,0,0,2,0,1,-1,-1,-1,-1,0,10,-1,1,1,3,-1,-1,-1,0,0,1,0,0,10,0,0,0,33.25
1,0,0,0,-1,0,1,3,0,0,0,0,2,0,-1,0,-1,2,0,-1,0,3,0,-1,50,0,9223372036800000000,1e+75,0,10,0,0,7,-1,0,1,0,0,1,1,0,0,0,0,0,1,2,0,1,-1,-1,-1,-1,0,10,-1,1,1,3,-1,-1,-1,0,0,1,0,0,10,0,0,0,34.1
1,0,0,0,-1,0,1,4,0,0,0,0,2,0,0,-1,2,-1,2,1,0,3,0,-1,100,0,9223372036800000000,1e+75,0,10,0,0,7,1,0,1,0,0,1,1,0,0,0,0,0,3,2,0,1,-1,-1,-1,-1,0,10,-1,1,1,3,-1,-1,-1,0,0,1,0,0,10,0,0,0,45.88
1,0,0,0,-1,0,1,0,0,0,0,0,-1,0,-1,-1,-1,-1,2,-1,0,3,0,-1,150,0,9223372036800000000,1e+75,0,10,0,0,7,0,0,1,20,1,1,1,-1,0,0,0,3,2,2,0,1,-1,-1,-1,-1,0,10,-1,1,1,3,-1,-1,4,0,0,1,0,0,10,0,0,0,28.74
1,0,0,0,-1,0,1,0,0,0,0,0,0,0,0,-1,-1,2,1,1,1,3,0,-1,100,0,9223372036800000000,1e+75,0,10,0,0,7,1,0,1,500,1,1,0,1,0,0,0,0,1,2,0,1,-1,-1,-1,-1,0,10,-1,1,1,3,-1,-1,3,0,0,1,0,0,10,0,0,0,28.96
1,0,0,0,-1,0,1,0,0,0,0,0,2,0,1,-1,2,-1,1,0,0,3,0,-1,25,0,9223372036800000000,1e+75,0,10,0,0,7,0,0,1,0,0,1,1,0,0,0,0,0,0,2,0,1,-1,-1,-1,-1,0,10,-1,1,1,3,-1,-1,-1,0,0,1,0,0,10,0,0,0,25.5
1,0,0,0,-1,0,1,0,0,0,0,0,0,0,-1,0,0,2,-1,1,2,3,0,-1,100,0,9223372036800000000,1e+75,0,10,0,0,7,0,0,1,0,0,1,1,0,0,0,0,0,0,2,0,1,-1,-1,-1,-1,0,10,-1,1,1,3,-1,-1,-1,0,0,1,0,0,10,0,0,0,30.36
1,0,0,0,-1,0,1,0,0,0,0,0,0,0,-1,0,0,2,-1,1,2,3,0,-1,150,0,9223372036800000000,1e+75,0,10,0,0,7,0,0,1,0,0,1,1,0,0,0,0,0,0,2,0,1,-1,-1,-1,-1,0,10,-1,1,1,3,-1,-1,-1,0,0,1,0,0,10,0,0,0,31.41
1,0,0,0,-1,0,1,2,0,0,0,0,2,0,-1,2,1,-1,-1,2,0,3,0,-1,800,0,9223372036800000000,1e+75,0,10,0,0,7,0,0,1,0,0,1,1,0,0,0,0,0,0,2,0,1,-1,-1,-1,-1,0,10,-1,1,1,3,-1,-1,-1,0,0,1,0,0,10,0,0,0,25.5
1,0,0,0,-1,0,1,0,0,0,0,0,1,0,-1,-1,2,2,1,2,2,3,0,-1,25,0,9223372036800000000,1e+75,0,10,0,0,7,1,0,1,0,0,1,1,2,0,0,0,0,-1,2,0,1,-1,-1,-1,-1,0,10,-1,1,1,3,-1,-1,5,0,0,1,0,0,10,0,0,0,31.09
1,0,0,0,-1,0,1,0,0,0,0,0,0,0,-1,0,2,2,-1,1,2,3,0,-1,100,0,9223372036800000000,1e+75,0,10,0,0,7,0,0,1,0,0,1,1,0,0,0,0,0,0,2,0,1,-1,-1,-1,-1,0,10,-1,1,1,3,-1,-1,-1,0,0,1,0,0,10,0,0,0,30.36
1,0,0,0,-1,0,1,0,0,0,0,0,-1,0,-1,-1,-1,-1,1,2,1,3,0,-1,50,0,9223372036800000000,1e+75,0,10,0,0,7,1,0,1,40,0,1,1,3,0,0,0,1,-1,2,0,1,-1,-1,-1,-1,-1,10,-1,1,1,3,-1,-1,3,0,0,1,0,0,10,0,0,0,39.12
1,0,0,0,-1,0,1,4,0,0,0,0,1,0,1,1,2,2,2,-1,-1,3,0,-1,150,0,9223372036800000000,1e+75,0,10,0,0,7,1,0,1,100,0,1,0,2,0,0,0,0,1,2,0,1,-1,-1,-1,-1,0,10,-1,1,1,3,-1,-1,0,0,0,1,0,0,10,0,0,0,30.41
1,0,0,0,-1,0,1,0,0,0,0,0,2,0,0,2,1,1,1,-1,0,3,0,-1,400,0,9223372036800000000,1e+75,0,10,0,0,7,0,0,1,0,0,1,0,-1,0,0,0,0,1,2,0,1,-1,-1,-1,-1,0,10,-1,1,1,3,-1,-1,1,0,0,1,0,0,10,0,0,0,32.61
1,0,0,0,-1,0,1,0,0,0,0,0,-1,0,0,0,2,-1,2,-1,2,3,0,-1,100,0,9223372036800000000,1e+75,0,10,0,0,7,1,0,1,40,0,1,0,-1,0,0,0,0,0,2,0,1,-1,-1,-1,-1,1,10,-1,1,1,3,-1,-1,4,0,0,1,0,0,10,0,0,0,18.04
1,0,0,0,-1,0,1,3,0,0,0,0,3,0,-1,-1,-1,1,-1,1,2,3,0,-1,25,0,9223372036800000000,1e+75,0,10,0,0,7,0,0,1,0,0,1,0,1,0,0,0,0,1,2,0,1,-1,-1,-1,-1,0,10,-1,1,1,3,-1,-1,1,0,0,1,0,0,10,0,0,0,37.67
1,0,0,0,-1,0,1,0,0,0,0,0,2,0,1,-1,1,-1,0,-1,-1,3,0,-1,10,0,9223372036800000000,1e+75,0,10,0,0,7,-1,0,1,0,0,1,1,0,0,0,0,0,0,2,0,1,-1,-1,-1,-1,0,10,-1,1,1,3,-1,-1,-1,0,0,1,0,0,10,0,0,0,35.83
1,0,0,0,-1,0,1,5,0,0,0,0,1,0,1,1,1,1,2,2,0,3,0,-1,200,0,9223372036800000000,1e+75,0,10,0,0,7,1,0,1,1000,0,1,1,3,0,0,0,1,3,2,0,1,-1,-1,-1,-1,-1,10,-1,1,1,3,-1,-1,3,0,0,1,0,0,10,0,0,0,60
1,0,0,0,-1,0,1,0,0,0,0,0,0,0,1,1,-1,2,1,2,1,3,0,-1,400,0,9223372036800000000,1e+75,0,10,0,0,7,1,0,1,20,1,1,0,3,0,0,0,0,2,2,0,1,-1,-1,-1,-1,1,10,-1,1,1,3,-1,-1,3,0,0,1,0,0,10,0,0,0,35.16
1,0,0,0,-1,0,1,3,0,0,0,0,-1,0,-1,-1,1,0,2,1,1,3,0,-1,800,0,9223372036800000000,1e+75,0,10,0,0,7,0,0,1,0,0,1,1,3,0,0,0,0,0,2,0,1,-1,-1,-1,-1,0,10,-1,1,1,3,-1,-1,1,0,0,1,0,0,10,0,0,0,27.65
1,0,0,0,-1,0,1,0,0,0,0,0,-1,0,0,1,2,1,1,0,1,3,0,-1,10,0,9223372036800000000,1e+75,0,10,0,0,7,0,0,1,0,0,1,1,0,0,0,0,0,0,2,0,1,-1,-1,-1,-1,0,10,-1,1,1,3,-1,-1,-1,0,0,1,0,0,10,0,0,0,25.5
1,0,0,0,-1,0,1,0,0,0,0,0,2,0,1,-1,1,-1,0,-1,0,3,0,-1,10,0,9223372036800000000,1e+75,0,10,0,0,7,0,0,1,0,0,1,1,0,0,0,0,0,0,2,0,1,-1,-1,-1,-1,0,10,-1,1,1,3,-1,-1,-1,0,0,1,0,0,10,0,0,0,25.5
1,0,0,0,-1,0,1,2,0,0,0,0,0,0,-1,2,-1,-1,0,2,1,3,0,-1,200,0,9223372036800000000,1e+75,0,10,0,0,7,-1,0,1,0,0,1,1,0,0,0,0,0,-1,2,0,1,-1,-1,-1,-1,0,10,-1,1,1,3,-1,-1,-1,0,0,1,0,0,10,0,0,0,35.96
1,0,0,0,-1,0,1,3,0,0,0,0,-1,0,0,-1,1,2,2,1,1,3,0,-1,800,0,9223372036800000000,1e+75,0,10,0,0,7,0,0,1,0,0,1,1,0,0,0,0,0,0,2,0,1,-1,-1,-1,-1,0,10,-1,1,1,3,-1,-1,-1,0,0,1,0,0,10,0,0,0,30.01
1,0,0,0,-1,0,1,4,0,0,0,0,2,0,-1,1,0,2,1,1,-1,3,0,-1,150,0,9223372036800000000,1e+75,0,10,0,0,7,-1,0,1,0,0,1,1,0,0,0,0,0,1,2,0,1,-1,-1,-1,-1,0,10,-1,1,1,3,-1,-1,-1,0,0,1,0,0,10,0,0,0,28.58
1,0,0,0,-1,0,1,3,0,0,0,0,-1,0,0,0,2,1,2,-1,2,3,0,-1,100,0,9223372036800000000,1e+75,0,10,0,0,7,1,0,1,0,0,1,0,-1,0,0,0,0,0,2,0,1,-1,-1,-1,-1,0,10,-1,1,1,3,-1,-1,4,0,0,1,0,0,10,0,0,0,19.4
1,0,0,0,-1,0,1,4,0,0,0,0,2,0,-1,1,1,2,1,1,-1,3,0,-1,150,0,9223372036800000000,1e+75,0,10,0,0,7,-1,0,1,0,0,1,1,0,0,0,0,0,1,2,0,1,-1,-1,-1,-1,0,10,-1,1,1,3,-1,-1,-1,0,0,1,0,0,10,0,0,0,28.58
1,0,0,0,-1,0,1,0,0,0,0,0,-1,0,0,0,1,-1,2,-1,2,3,0,-1,100,0,9223372036800000000,1e+75,0,10,0,0,7,1,0,1,0,0,1,0,-1,0,0,0,0,0,2,0,1,-1,-1,-1,-1,0,10,-1,1,1,3,-1,-1,4,0,0,1,0,0,10,0,0,0,18.08
1,0,0,0,-1,0,1,4,0,0,0,0,2,0,-1,1,2,2,1,1,-1,3,0,-1,150,0,9223372036800000000,1e+75,0,10,0,0,7,-1,0,1,0,0,1,1,0,0,0,0,0,1,2,0,1,-1,-1,-1,-1,0,10,-1,1,1,3,-1,-1,-1,0,0,1,0,0,10,0,0,0,28.58
1,0,0,0,-1,0,1,0,0,0,0,0,1,0,-1,1,2,-1,0,2,-1,3,0,-1,50,0,9223372036800000000,1e+75,0,10,0,0,7,0,0,1,0,0,1,1,0,0,0,0,0,0,2,0,1,-1,-1,-1,-1,0,10,-1,1,1,3,-1,-1,-1,0,0,1,0,0,10,0,0,0,25.5
1,0,0,0,-1,0,1,3,0,0,0,0,1,0,0,2,-1,2,1,0,0,3,0,-1,200,0,9223372036800000000,1e+75,0,10,0,0,7,0,0,1,0,0,1,0,-1,0,0,0,0,-1,2,0,1,-1,-1,-1,-1,0,10,-1,1,1,3,-1,-1,1,0,0,1,0,0,10,0,0,0,32.62
1,0,0,0,-1,0,1,0,0,0,0,0,0,0,-1,2,-1,1,0,2,1,3,0,-1,200,0,9223372036800000000,1e+75,0,10,0,0,7,-1,0,1,0,0,1,1,0,0,0,0,0,-1,2,0,1,-1,-1,-1,-1,0,10,-1,1,1,3,-1,-1,-1,0,0,1,0,0,10,0,0,0,31.8
1,0,0,0,-1,0,1,0,0,0,0,0,-1,0,-1,-1,1,0,2,1,1,3,0,-1,800,0,9223372036800000000,1e+75,0,10,0,0,7,0,0,1,0,0,1,1,0,0,0,0,0,0,2,0,1,-1,-1,-1,-1,0,10,-1,1,1,3,-1,-1,4,0,0,1,0,0,10,0,0,0,20.63
1,0,0,0,-1,0,1,2,0,0,0,0,2,0,0,2,1,-1,-1,2,0,3,0,-1,800,0,9223372036800000000,1e+75,0,10,0,0,7,0,0,1,0,0,1,1,0,0,0,0,0,0,2,0,1,-1,-1,-1,-1,0,10,-1,1,1,3,-1,-1,-1,0,0,1,0,0,10,0,0,0,25.5
1,0,0,0,-1,0,1,1,0,0,0,0,-1,0,0,-1,2,0,1,-1,1,3,0,8,150,0,9223372036800000000,1e+75,0,10,0,0,7,0,0,1,0,0,1,1,0,0,0,0,0,0,2,0,1,-1,-1,-1,-1,0,10,-1,1,1,3,-1,-1,-1,0,0,1,0,0,10,0,0,0,23.6
1,0,0,0,-1,0,1,0,0,0,0,0,3,0,1,2,0,2,2,2,0,3,0,-1,800,0,9223372036800000000,1e+75,0,10,0,0,7,-1,0,1,0,0,1,1,0,0,0,0,0,2,2,0,1,-1,-1,-1,-1,0,10,-1,1,1,3,-1,-1,-1,0,0,1,0,0,10,0,0,0,37.32
1,0,0,0,-1,0,1,0,0,0,0,0,0,0,-1,0,-1,1,1,2,1,3,0,-1,150,0,9223372036800000000,1e+75,0,10,0,0,7,1,0,1,0,0,1,1,0,0,0,0,0,3,2,0,1,-1,-1,-1,-1,0,10,-1,1,1,3,-1,-1,-1,0,0,1,0,0,10,0,0,0,36.35
1,0,0,0,-1,0,1,0,0,0,0,0,0,0,-1,0,2,1,1,1,1,3,0,-1,150,0,9223372036800000000,1e+75,0,10,0,0,7,1,0,1,0,0,1,1,0,0,0,0,0,3,2,0,1,-1,-1,-1,-1,0,10,-1,1,1,3,-1,-1,-1,0,0,1,0,0,10,0,0,0,36.35
1,0,0,0,-1,0,1,0,0,0,0,0,1,0,0,2,2,2,-1,2,-1,3,0,-1,800,0,9223372036800000000,1e+75,0,10,0,0,7,-1,0,1,0,0,1,1,1,0,0,0,0,2,2,0,1,-1,-1,-1,-1,0,10,-1,1,1,3,-1,-1,4,0,0,1,0,0,10,0,0,0,26.04
1,0,0,0,-1,0,1,0,0,0,0,0,0,0,-1,0,2,2,1,2,1,3,0,-1,150,0,9223372036800000000,1e+75,0,10,0,0,7,1,0,1,0,0,1,1,0,0,0,0,0,3,2,0,1,-1,-1,-1,-1,0,10,-1,1,1,3,-1,-1,-1,0,0,1,0,0,10,0,0,0,37.45
1,0,0,0,-1,0,1,0,0,0,0,0,2,0,1,-1,-1,2,2,2,2,3,0,-1,200,0,9223372036800000000,1e+75,0,10,0,0,7,-1,0,1,100,0,1,1,1,0,0,0,4,1,2,0,1,-1,-1,-1,-1,-1,10,-1,1,1,3,-1,-1,1,0,0,1,0,0,10,0,0,0,36.39
1,0,0,0,-1,0,1,2,0,0,0,0,0,0,1,2,-1,0,1,1,0,3,0,-1,400,0,9223372036800000000,1e+75,0,10,0,0,7,-1,0,1,40,1,1,0,1,0,0,0,0,-1,2,0,1,-1,-1,-1,-1,-1,10,-1,1,1,3,-1,-1,3,0,0,1,0,0,10,0,0,0,26.6
1,0,0,0,-1,0,1,3,0,0,0,0,3,0,-1,-1,-1,1,-1,1,1,3,0,-1,25,0,9223372036800000000,1e+75,0,10,0,0,7,0,0,1,0,0,1,0,1,0,0,0,0,1,2,0,1,-1,-1,-1,-1,0,10,-1,1,1,3,-1,-1,5,0,0,1,0,0,10,0,0,0,31.66
1,0,0,0,-1,0,1,0,0,0,0,0,3,0,1,1,0,2,-1,0,-1,3,0,-1,100,0,9223372036800000000,1e+75,0,10,0,0,7,0,0,1,0,0,1,1,2,0,0,0,0,1,2,0,1,-1,-1,-1,-1,0,10,-1,1,1,3,-1,-1,5,0,0,1,0,0,10,0,0,0,28.96
1,0,0,0,-1,0,1,0,0,0,0,0,2,0,-1,1,-1,-1,1,0,-1,3,0,-1,10,0,9223372036800000000,1e+75,0,10,0,0,7,0,0,1,0,0,1,0,1,0,0,0,0,1,2,0,1,-1,-1,-1,-1,0,10,-1,1,1,3,-1,-1,5,0,0,1,0,0,10,0,0,0,27.08
1,0,0,0,-1,0,1,0,0,0,0,0,1,0,1,0,-1,-1,-1,1,1,3,0,-1,10,0,9223372036800000000,1e+75,0,10,0,0,7,0,0,1,0,0,1,0,2,0,0,0,0,0,2,0,1,-1,-1,-1,-1,0,10,-1,1,1,3,-1,-1,4,0,0,1,0,0,10,0,0,0,19.54
1,0,0,0,-1,0,1,3,0,0,0,0,-1,0,-1,0,-1,2,0,-1,0,3,0,-1,25,0,9223372036800000000,1e+75,0,10,0,0,7,-1,0,1,0,0,1,1,0,0,0,0,0,1,2,0,1,-1,-1,-1,-1,0,10,-1,1,1,3,-1,-1,-1,0,0,1,0,0,10,0,0,0,31.87
1,0,0,0,-1,0,1,0,0,0,0,0,1,0,1,-1,2,2,2,-1,2,3,0,-1,50,0,9223372036800000000,1e+75,0,10,0,0,7,1,0,1,0,0,1,1,0,0,0,0,0,2,2,0,1,-1,-1,-1,-1,0,10,-1,1,1,3,-1,-1,-1,0,0,1,0,0,10,0,0,0,35.17
1,0,0,0,-1,0,1,3,0,0,0,0,-1,0,-1,1,-1,2,0,-1,0,3,0,-1,25,0,9223372036800000000,1e+75,0,10,0,0,7,-1,0,1,0,0,1,1,0,0,0,0,0,1,2,0,1,-1,-1,-1,-1,0,10,-1,1,1,3,-1,-1,-1,0,0,1,0,0,10,0,0,0,31.87
1,0,0,0,-1,0,1,3,0,0,0,0,-1,0,-1,0,-1,2,0,-1,0,3,0,-1,50,0,9223372036800000000,1e+75,0,10,0,0,7,-1,0,1,0,0,1,1,0,0,0,0,0,1,2,0,1,-1,-1,-1,-1,0,10,-1,1,1,3,-1,-1,-1,0,0,1,0,0,10,0,0,0,28.01
1,0,0,0,-1,0,1,0,0,0,0,0,0,0,0,1,-1,2,1,1,1,3,0,-1,10,0,9223372036800000000,1e+75,0,10,0,0,7,1,0,1,500,1,1,0,1,0,0,0,0,1,2,0,1,-1,-1,-1,-1,0,10,-1,1,1,3,-1,-1,-1,0,0,1,0,0,10,0,0,0,27.5
1,0,0,0,-1,0,1,0,0,0,0,0,0,0,-1,2,2,2,-1,0,1,3,0,-1,50,0,9223372036800000000,1e+75,0,10,0,0,7,-1,0,1,0,0,1,1,-1,0,0,0,0,-1,2,0,1,-1,-1,-1,-1,0,10,-1,1,1,3,-1,-1,4,0,0,1,0,0,10,0,0,0,23.67
1,0,0,0,-1,0,1,3,0,0,0,0,3,0,-1,-1,1,0,2,1,1,3,0,-1,800,0,9223372036800000000,1e+75,0,10,0,0,7,0,0,1,0,0,1,1,0,0,0,0,0,0,2,0,1,-1,-1,-1,-1,0,10,-1,1,1,3,-1,-1,-1,0,0,1,0,0,10,0,0,0,31.67
1,0,0,0,-1,0,1,3,0,0,0,0,0,0,1,1,1,2,2,1,-1,3,0,-1,400,0,9223372036800000000,1e+75,0,10,0,0,7,0,0,1,0,0,1,1,0,0,0,0,0,0,2,0,1,-1,-1,-1,-1,0,10,-1,1,1,3,-1,-1,-1,0,0,1,0,0,10,0,0,0,30.61
1,0,0,0,-1,0,1,2,0,0,0,0,2,0,1,2,1,-1,-1,1,0,3,0,-1,800,0,9223372036800000000,1e+75,0,10,0,0,7,0,0,1,0,0,1,1,0,0,0,0,0,0,2,0,1,-1,-1,-1,-1,0,10,-1,1,1,3,-1,-1,-1,0,0,1,0,0,10,0,0,0,25.5
1,0,0,0,-1,0,1,3,0,0,0,0,-1,0,-1,0,-1,2,0,-1,0,3,0,-1,200,0,9223372036800000000,1e+75,0,10,0,0,7,-1,0,1,0,0,1,1,0,0,0,0,0,1,2,0,1,-1,-1,-1,-1,0,10,-1,1,1,3,-1,-1,-1,0,0,1,0,0,10,0,0,0,24.64
1,0,0,0,-1,0,1,0,0,0,0,0,2,0,1,-1,-1,-1,1,0,-1,3,0,-1,25,0,9223372036800000000,1e+75,0,10,0,0,7,0,0,1,0,0,1,1,0,0,0,0,0,0,2,0,1,-1,-1,-1,-1,0,10,-1,1,1,3,-1,-1,-1,0,0,1,0,0,10,0,0,0,25.5
1,0,0,0,-1,0,1,1,0,0,0,0,-1,0,0,-1,2,0,1,-1,1,3,0,-1,150,0,9223372036800000000,1e+75,0,10,0,0,7,0,0,1,0,0,1,1,2,0,0,0,0,0,2,0,1,-1,-1,-1,-1,0,10,-1,1,1,3,-1,-1,-1,0,0,1,0,0,10,0,0,0,27.39
1,0,0,0,-1,0,1,1,0,0,0,0,-1,0,0,-1,2,0,1,-1,1,3,0,-1,150,0,9223372036800000000,1e+75,0,10,0,0,7,0,0,1,0,0,1,1,3,0,0,0,0,0,2,0,1,-1,-1,-1,-1,0,10,-1,1,1,3,-1,-1,-1,0,0,1,0,0,10,0,0,0,27.39
1,0,0,0,-1,0,1,1,0,0,0,0,-1,0,0,-1,2,0,1,-1,1,3,0,-1,150,0,9223372036800000000,1e+75,0,10,0,0,7,0,0,1,0,0,1,1,-1,0,0,0,0,0,2,0,1,-1,-1,-1,-1,0,10,-1,1,1,3,-1,-1,-1,0,0,1,0,0,10,0,0,0,25.41
1,0,0,0,-1,0,1,1,0,0,0,0,-1,0,0,-1,2,0,1,-1,1,3,0,-1,150,0,9223372036800000000,1e+75,0,10,0,0,7,0,0,1,0,0,1,0,0,0,0,0,0,0,2,0,1,-1,-1,-1,-1,0,10,-1,1,1,3,-1,-1,-1,0,0,1,0,0,10,0,0,0,23.6
1,0,0,0,-1,0,1,0,0,0,0,0,-1,0,-1,-1,-1,-1,1,2,1,3,0,-1,50,0,9223372036800000000,1e+75,0,10,0,0,7,1,0,1,1000,0,1,1,3,0,0,0,1,1,2,0,1,-1,-1,-1,-1,1,10,-1,1,1,3,-1,-1,3,0,0,1,0,0,10,0,0,0,41.41
1,0,0,0,-1,0,1,1,0,0,0,0,-1,0,0,-1,2,0,1,-1,1,3,0,-1,150,0,9223372036800000000,1e+75,0,10,0,0,7,0,0,1,0,0,1,1,0,0,0,0,0,0,2,0,1,-1,-1,-1,-1,0,10,-1,1,1,3,-1,-1,0,0,0,1,0,0,10,0,0,0,41.16
1,0,0,0,-1,0,1,3,0,0,0,0,0,0,-1,1,0,2,-1,2,2,3,0,-1,800,0,9223372036800000000,1e+75,0,10,0,0,7,0,0,1,40,0,1,0,2,0,0,0,5,-1,2,0,1,-1,-1,-1,-1,1,10,-1,1,1,3,-1,-1,1,0,0,1,0,0,10,0,0,0,44.32
1,0,0,0,-1,0,1,4,0,0,0,0,-1,0,1,-1,-1,1,-1,2,-1,3,0,-1,200,0,9223372036800000000,1e+75,0,10,0,0,7,0,0,1,40,0,1,1,2,0,0,0,2,3,2,0,1,-1,-1,-1,-1,1,10,-1,1,1,3,-1,-1,-1,0,0,1,0,0,10,0,0,0,38.64
1,0,0,0,-1,0,1,1,0,0,0,0,-1,0,0,-1,2,0,1,-1,1,3,0,-1,150,0,9223372036800000000,1e+75,0,10,0,0,7,0,0,1,0,0,1,1,0,0,0,0,0,0,2,0,1,-1,-1,-1,-1,0,10,-1,1,1,3,-1,-1,1,0,0,1,0,0,10,0,0,0,41.16
1,0,0,0,-1,0,1,0,0,0,0,0,-1,0,-1,1,-1,-1,1,0,-1,3,0,-1,10,0,9223372036800000000,1e+75,0,10,0,0,7,0,0,1,0,0,1,0,0,0,0,0,0,1,2,0,1,-1,-1,-1,-1,0,10,-1,1,1,3,-1,-1,5,0,0,1,0,0,10,0,0,0,25.95
1,0,0,0,-1,0,1,1,0,0,0,0,-1,0,0,-1,2,0,1,-1,1,3,0,-1,150,0,9223372036800000000,1e+75,0,10,0,0,7,0,0,1,0,0,1,1,0,0,0,0,0,0,2,0,1,-1,-1,-1,-1,0,10,-1,1,1,3,-1,-1,2,0,0,1,0,0,10,0,0,0,29.31
1,0,0,0,-1,0,1,1,0,0,0,0,-1,0,0,-1,2,0,1,-1,1,3,0,-1,150,0,9223372036800000000,1e+75,0,10,0,0,7,0,0,1,0,0,1,1,0,0,0,0,0,0,2,0,1,-1,-1,-1,-1,0,10,-1,1,1,3,-1,-1,3,0,0,1,0,0,10,0,0,0,23.6
1,0,0,0,-1,0,1,0,0,0,0,0,-1,0,-1,-1,-1,-1,2,-1,-1,3,0,-1,150,0,9223372036800000000,1e+75,0,10,0,0,7,0,0,1,20,1,1,1,-1,0,0,0,2,2,2,0,1,-1,-1,-1,-1,0,10,-1,1,1,3,-1,-1,2,0,0,1,0,0,10,0,0,0,38.64
1,0,0,0,-1,0,1,0,0,0,0,0,-1,0,1,0,-1,-1,-1,1,1,3,0,-1,10,0,9223372036800000000,1e+75,0,10,0,0,7,0,0,1,0,0,1,0,0,0,0,0,0,0,2,0,1,-1,-1,-1,-1,0,10,-1,1,1,3,-1,-1,2,0,0,1,0,0,10,0,0,0,23.07
1,0,0,0,-1,0,1,3,0,0,0,0,-1,0,-1,-1,1,0,2,1,1,3,0,-1,800,0,9223372036800000000,1e+75,0,10,0,0,7,0,0,1,0,0,1,1,0,0,0,0,0,0,2,0,1,-1,-1,-1,-1,0,10,-1,1,1,3,-1,-1,5,0,0,1,0,0,10,0,0,0,29.95
1,0,0,0,-1,0,1,3,0,0,0,0,-1,0,-1,-1,1,0,2,1,1,3,0,-1,800,0,9223372036800000000,1e+75,0,10,0,0,7,0,0,1,0,0,1,1,0,0,0,0,0,1,2,0,1,-1,-1,-1,-1,0,10,-1,1,1,3,-1,-1,4,0,0,1,0,0,10,0,0,0,21.46
1,0,0,0,-1,0,1,3,0,0,0,0,-1,0,-1,-1,1,0,-1,1,1,3,0,-1,800,0,9223372036800000000,1e+75,0,10,0,0,7,0,0,1,0,0,1,1,0,0,0,0,0,0,2,0,1,-1,-1,-1,-1,0,10,-1,1,1,3,-1,-1,-1,0,0,1,0,0,10,0,0,0,29.95
1,0,0,0,-1,0,1,3,0,0,0,0,-1,0,-1,-1,1,0,2,1,1,3,0,-1,400,0,9223372036800000000,1e+75,0,10,0,0,7,0,0,1,0,0,1,1,0,0,0,0,0,0,2,0,1,-1,-1,-1,-1,0,10,-1,1,1,3,-1,-1,-1,0,0,1,0,0,10,0,0,0,30.84
1,0,0,0,-1,0,1,1,0,0,0,0,-1,0,0,-1,0,0,1,-1,1,3,0,-1,150,0,9223372036800000000,1e+75,0,10,0,0,7,0,0,1,0,0,1,1,0,0,0,0,0,0,2,0,1,-1,-1,-1,-1,0,10,-1,1,1,3,-1,-1,-1,0,0,1,0,0,10,0,0,0,23.6
1,0,0,0,-1,0,1,3,0,0,0,0,-1,0,-1,-1,1,0,2,1,1,3,0,-1,25,0,9223372036800000000,1e+75,0,10,0,0,7,0,0,1,0,0,1,1,0,0,0,0,0,0,2,0,1,-1,-1,-1,-1,0,10,-1,1,1,3,-1,-1,-1,0,0,1,0,0,10,0,0,0,33.27
1,0,0,0,-1,0,1,0,0,0,0,0,3,0,0,1,2,1,1,1,1,3,0,-1,10,0,9223372036800000000,1e+75,0,10,0,0,7,0,0,1,0,0,1,1,0,0,0,0,0,0,2,0,1,-1,-1,-1,-1,0,10,-1,1,1,3,-1,-1,-1,0,0,1,0,0,10,0,0,0,25.5
1,0,0,0,-1,0,1,3,0,0,0,0,-1,0,-1,-1,1,-1,2,1,1,3,0,-1,800,0,9223372036800000000,1e+75,0,10,0,0,7,0,0,1,0,0,1,1,0,0,0,0,0,0,2,0,1,-1,-1,-1,-1,0,10,-1,1,1,3,-1,-1,-1,0,0,1,0,0,10,0,0,0,30.42
1,0,0,0,-1,0,1,5,0,0,0,0,3,0,-1,0,-1,1,0,2,2,3,0,-1,50,0,9223372036800000000,1e+75,0,10,0,0,7,0,0,1,0,0,1,1,-1,0,0,0,0,-1,2,0,1,-1,-1,-1,-1,0,10,-1,1,1,3,-1,-1,2,0,0,1,0,0,10,0,0,0,36.49
1,0,0,0,-1,0,1,1,0,0,0,0,-1,0,0,-1,2,0,1,-1,1,3,0,-1,150,0,9223372036800000000,1e+75,0,10,0,0,7,0,0,1,0,0,1,1,0,0,100,0,0,0,2,0,1,-1,-1,-1,-1,0,10,-1,1,1,3,-1,-1,-1,0,0,1,0,0,10,0,0,0,34.37
1,0,0,0,-1,0,1,3,0,0,0,0,-1,0,-1,-1,1,0,2,1,1,3,0,-1,800,0,9223372036800000000,1e+75,0,10,0,0,7,0,0,1,0,0,1,1,0,0,0,0,0,0,2,0,1,-1,-1,-1,-1,0,10,-1,1,1,3,-1,-1,1,0,0,1,0,0,10,0,0,0,27.65
1,0,0,0,-1,0,1,3,0,0,0,0,1,0,0,1,-1,2,-1,0,0,3,0,-1,200,0,9223372036800000000,1e+75,0,10,0,0,7,0,0,1,0,0,1,0,-1,0,0,0,0,-1,2,0,1,-1,-1,-1,-1,0,10,-1,1,1,3,-1,-1,2,0,0,1,0,0,10,0,0,0,31.9
1,0,0,0,-1,0,1,1,0,0,0,0,1,0,-1,-1,1,1,1,2,-1,3,0,-1,10,0,9223372036800000000,1e+75,0,10,0,0,7,-1,0,1,0,0,1,1,0,0,0,0,0,0,2,0,1,-1,-1,-1,-1,0,10,-1,1,1,3,-1,-1,0,0,0,1,0,0,10,0,0,0,48.59
1,0,0,0,-1,0,1,0,0,0,0,0,1,0,-1,2,2,2,-1,0,1,3,0,-1,25,0,9223372036800000000,1e+75,0,10,0,0,7,-1,0,1,0,0,1,1,-1,0,0,0,0,-1,2,0,1,-1,-1,-1,-1,0,10,-1,1,1,3,-1,-1,4,0,0,1,0,0,10,0,0,0,23.67
1,0,0,0,-1,0,1,0,0,0,0,0,0,0,1,1,-1,2,2,2,1,3,0,-1,400,0,9223372036800000000,1e+75,0,10,0,0,7,1,0,1,40,1,1,0,3,0,0,0,0,2,2,0,1,-1,-1,-1,-1,1,10,-1,1,1,3,-1,-1,3,0,0,1,0,0,10,0,0,0,35.16
1,0,0,0,-1,0,1,0,0,0,0,0,-1,0,1,0,2,1,1,1,2,3,0,-1,25,0,9223372036800000000,1e+75,0,10,0,0,7,-1,0,1,0,0,1,1,3,0,0,0,0,3,2,0,1,-1,-1,-1,-1,0,10,-1,1,1,3,-1,-1,0,0,0,1,0,0,10,0,0,0,44.67
1,0,0,0,-1,0,1,0,0,0,0,0,3,0,0,1,2,0,1,0,1,3,0,-1,100,0,9223372036800000000,1e+75,0,10,0,0,7,0,0,1,0,0,1,1,0,0,0,0,0,0,2,0,1,-1,-1,-1,-1,0,10,-1,1,1,3,-1,-1,-1,0,0,1,0,0,10,0,0,0,32.02
1,0,0,0,-1,0,1,0,0,0,0,0,0,0,-1,2,2,2,-1,-1,1,3,0,-1,25,0,9223372036800000000,1e+75,0,10,0,0,7,-1,0,1,0,0,1,1,-1,0,0,0,0,-1,2,0,1,-1,-1,-1,-1,0,10,-1,1,1,3,-1,-1,4,0,0,1,0,0,10,0,0,0,23.67
1,0,0,0,-1,0,1,0,0,0,0,0,-1,0,0,2,2,2,-1,2,-1,3,0,-1,800,0,9223372036800000000,1e+75,0,10,0,0,7,-1,0,1,0,0,1,1,1,0,0,0,0,2,2,0,1,-1,-1,-1,-1,0,10,-1,1,1,3,-1,-1,5,0,0,1,0,0,10,0,0,0,37.32
1,0,0,0,-1,0,1,0,0,0,0,0,0,0,-1,2,2,2,-1,0,1,3,0,-1,25,0,9223372036800000000,1e+75,0,10,0,0,7,-1,0,1,0,0,1,1,3,0,0,0,0,-1,2,0,1,-1,-1,-1,-1,0,10,-1,1,1,3,-1,-1,4,0,0,1,0,0,10,0,0,0,23.65
1,0,0,0,-1,0,1,0,0,0,0,0,0,0,-1,-1,2,2,-1,0,1,3,0,-1,25,0,9223372036800000000,1e+75,0,10,0,0,7,-1,0,1,0,0,1,1,3,0,0,0,0,-1,2,0,1,-1,-1,-1,-1,0,10,-1,1,1,3,-1,-1,4,0,0,1,0,0,10,0,0,0,23.65
1,0,0,0,-1,0,1,0,0,0,0,0,0,0,-1,2,2,2,-1,0,1,3,0,-1,400,0,9223372036800000000,1e+75,0,10,0,0,7,-1,0,1,0,0,1,1,3,0,0,0,0,-1,2,0,1,-1,-1,-1,-1,0,10,-1,1,1,3,-1,-1,4,0,0,1,0,0,10,0,0,0,23.65
1,0,0,0,-1,0,1,5,0,0,0,0,1,0,-1,2,-1,-1,1,1,1,3,0,-1,150,0,9223372036800000000,1e+75,0,10,0,0,7,0,0,1,500,0,1,1,2,0,0,0,0,1,2,0,1,-1,-1,-1,-1,0,10,-1,1,1,3,-1,-1,1,0,0,1,0,0,10,0,0,0,58.02
1,0,0,0,-1,0,1,0,0,0,0,0,2,0,-1,-1,2,1,1,2,-1,3,0,-1,200,0,9223372036800000000,1e+75,0,10,0,0,7,0,0,1,0,0,1,0,-1,0,0,0,0,2,2,0,1,-1,-1,-1,-1,0,10,-1,1,1,3,-1,-1,0,0,0,1,0,0,10,0,0,0,35.55
1,0,0,0,-1,0,1,0,0,0,0,0,-1,0,-1,-1,-1,-1,2,-1,-1,3,0,-1,150,0,9223372036800000000,1e+75,0,10,0,0,7,0,0,1,20,1,1,1,-1,0,0,0,2,2,2,0,1,-1,-1,-1,-1,-1,10,-1,1,1,3,-1,-1,4,0,0,1,0,0,10,0,0,0,22.54
1,0,0,0,-1,0,1,0,0,0,0,0,0,0,0,1,-1,2,1,1,1,3,0,-1,100,0,9223372036800000000,1e+75,0,10,0,0,7,1,0,1,500,1,1,0,1,0,0,0,0,1,2,0,1,-1,-1,-1,-1,0,10,-1,1,1,3,-1,-1,3,0,0,1,0,0,10,0,0,0,28.96
1,0,0,0,-1,0,1,0,0,0,0,0,2,0,-1,-1,1,1,2,2,-1,3,0,-1,200,0,9223372036800000000,1e+75,0,10,0,0,7,0,0,1,0,0,1,0,-1,0,0,0,0,2,2,0,1,-1,-1,-1,-1,0,10,-1,1,1,3,-1,-1,0,0,0,1,0,0,10,0,0,0,35.55
1,0,0,0,-1,0,1,0,0,0,0,0,2,0,-1,-1,2,1,2,2,-1,3,0,-1,150,0,9223372036800000000,1e+75,0,10,0,0,7,0,0,1,0,0,1,0,-1,0,0,0,0,2,2,0,1,-1,-1,-1,-1,0,10,-1,1,1,3,-1,-1,0,0,0,1,0,0,10,0,0,0,35.86
1,0,0,0,-1,0,1,0,0,0,0,0,0,0,1,1,-1,2,2,2,1,3,0,-1,400,0,9223372036800000000,1e+75,0,10,0,0,7,1,0,1,20,0,1,0,3,0,0,0,0,2,2,0,1,-1,-1,-1,-1,1,10,-1,1,1,3,-1,-1,3,0,0,1,0,0,10,0,0,0,36.67
1,0,0,0,-1,0,1,3,0,0,0,0,2,0,-1,-1,1,0,2,1,1,3,0,-1,800,0,9223372036800000000,1e+75,0,10,0,0,7,0,0,1,0,0,1,1,0,0,0,0,0,0,2,0,1,-1,-1,-1,-1,0,10,-1,1,1,3,-1,-1,1,0,0,1,0,0,10,0,0,0,33.11
1,0,0,0,-1,0,1,0,0,0,0,0,2,0,-1,0,2,1,2,2,-1,3,0,-1,400,0,9223372036800000000,1e+75,0,10,0,0,7,0,0,1,0,0,1,0,-1,0,0,0,0,2,2,0,1,-1,-1,-1,-1,0,10,-1,1,1,3,-1,-1,0,0,0,1,0,0,10,0,0,0,35.38
1,0,0,0,-1,0,1,2,0,0,0,0,-1,0,0,2,-1,1,2,1,0,3,0,-1,25,0,9223372036800000000,1e+75,0,10,0,0,7,1,0,1,0,0,1,1,0,0,0,0,0,4,2,0,1,-1,-1,-1,-1,0,10,-1,1,1,3,-1,-1,-1,0,0,1,0,0,10,0,0,0,24.7
1,0,0,0,-1,0,1,3,0,0,0,0,-1,0,0,0,2,1,2,-1,-1,3,0,-1,100,0,9223372036800000000,1e+75,0,10,0,0,7,1,0,1,0,0,1,0,-1,0,0,0,0,0,2,0,1,-1,-1,-1,-1,0,10,-1,1,1,3,-1,-1,4,0,0,1,0,0,10,0,0,0,19.4
1,0,0,0,-1,0,1,0,0,0,0,0,2,0,-1,2,0,2,1,1,1,3,0,-1,150,0,9223372036800000000,1e+75,0,10,0,0,7,0,0,1,20,0,1,1,2,0,0,0,0,1,2,0,1,-1,-1,-1,-1,0,10,-1,1,1,3,-1,-1,1,0,0,1,0,0,10,0,0,0,30.41
1,0,0,0,-1,0,1,3,0,0,0,0,2,0,-1,-1,1,0,2,1,1,3,0,-1,800,0,9223372036800000000,1e+75,0,10,0,0,7,0,0,1,0,0,1,1,0,0,0,0,0,0,2,0,1,-1,-1,-1,-1,0,10,-1,1,1,3,-1,-1,-1,0,0,1,0,0,10,0,0,0,31.67
1,0,0,0,-1,0,1,3,0,0,0,0,-1,0,0,0,2,1,2,-1,2,3,0,-1,100,0,9223372036800000000,1e+75,0,10,0,0,7,1,0,1,0,0,1,0,1,0,0,0,0,0,2,0,1,-1,-1,-1,-1,0,10,-1,1,1,3,-1,-1,4,0,0,1,0,0,10,0,0,0,19.4
1,0,0,0,-1,0,1,5,0,0,0,0,2,0,0,1,-1,0,2,1,0,3,0,-1,25,0,9223372036800000000,1e+75,0,10,0,0,7,-1,0,1,100,0,1,1,1,0,0,0,0,4,2,0,1,-1,-1,-1,-1,-1,10,-1,1,1,3,-1,-1,4,0,0,1,0,0,10,0,0,0,19.35
1,0,0,0,-1,0,1,0,0,0,0,0,-1,0,0,0,2,-1,2,-1,0,3,0,-1,100,0,9223372036800000000,1e+75,0,10,0,0,7,1,0,1,0,0,1,0,-1,0,0,0,0,0,2,0,1,-1,-1,-1,-1,0,10,-1,1,1,3,-1,-1,4,0,0,1,0,0,10,0,0,0,18.08
1,0,0,0,-1,0,1,0,0,0,0,0,1,0,-1,0,2,2,1,2,2,3,0,-1,50,0,9223372036800000000,1e+75,0,10,0,0,7,1,0,1,0,0,1,1,2,0,0,0,0,-1,2,0,1,-1,-1,-1,-1,0,10,-1,1,1,3,-1,-1,5,0,0,1,0,0,10,0,0,0,29.99
1,0,0,0,-1,0,1,0,0,0,0,0,0,0,-1,0,1,2,2,0,-1,3,0,-1,25,0,9223372036800000000,1e+75,0,10,0,0,7,-1,0,1,0,0,1,1,3,0,0,0,0,-1,2,0,1,-1,-1,-1,-1,-1,10,-1,1,1,3,-1,-1,1,0,0,1,0,0,10,0,0,0,45.25
1,0,0,0,-1,0,1,3,0,0,0,0,-1,0,0,0,2,-1,2,-1,2,3,0,-1,100,0,9223372036800000000,1e+75,0,10,0,0,7,1,0,1,0,0,1,0,-1,0,0,0,0,0,2,0,1,-1,-1,-1,-1,0,10,-1,1,1,3,-1,-1,4,0,0,1,0,0,10,0,0,0,19.35
1,0,0,0,-1,0,1,0,0,0,0,0,1,0,1,0,-1,-1,-1,1,2,3,0,-1,10,0,9223372036800000000,1e+75,0,10,0,0,7,0,0,1,0,0,1,0,0,0,0,0,0,0,2,0,1,-1,-1,-1,-1,0,10,-1,1,1,3,-1,-1,4,0,0,1,0,0,10,0,0,0,19.54
1,0,0,0,-1,0,1,3,0,0,0,0,-1,0,1,1,-1,-1,-1,-1,0,3,0,-1,800,0,9223372036800000000,1e+75,0,10,0,0,7,0,0,1,40,0,1,0,2,0,0,0,0,4,2,0,1,-1,-1,-1,-1,1,10,-1,1,1,3,-1,-1,4,0,0,1,0,0,10,0,0,0,15.94
1,0,0,0,-1,0,1,0,0,0,0,0,-1,0,0,0,2,-1,2,-1,2,3,0,-1,100,0,9223372036800000000,1e+75,0,10,0,0,7,1,0,1,0,0,1,0,-1,0,0,0,0,0,2,0,1,-1,-1,-1,-1,0,10,-1,1,1,3,-1,-1,4,0,0,1,0,0,10,0,0,0,18.08
1,0,0,0,-1,0,1,0,0,0,0,0,0,0,0,1,-1,2,1,1,1,3,0,-1,200,0,9223372036800000000,1e+75,0,10,0,0,7,1,0,1,500,1,1,0,1,0,0,0,0,1,2,0,1,-1,-1,-1,-1,0,10,-1,1,1,3,-1,-1,1,0,0,1,0,0,10,0,0,0,28.47
1,0,0,0,-1,0,1,0,0,0,0,0,2,0,-1,-1,2,1,2,2,0,3,0,-1,400,0,9223372036800000000,1e+75,0,10,0,0,7,0,0,1,0,0,1,0,-1,0,0,0,0,2,2,0,1,-1,-1,-1,-1,0,10,-1,1,1,3,-1,-1,0,0,0,1,0,0,10,0,0,0,35.38
1,0,0,0,-1,0,1,0,0,0,0,0,2,0,-1,-1,2,1,2,2,-1,3,0,-1,200,0,9223372036800000000,1e+75,0,10,0,0,7,0,0,1,0,0,1,0,3,0,0,0,0,2,2,0,1,-1,-1,-1,-1,0,10,-1,1,1,3,-1,-1,0,0,0,1,0,0,10,0,0,0,35.55
1,0,0,0,-1,0,1,0,0,0,0,0,1,0,1,0,-1,-1,2,1,1,3,0,-1,10,0,9223372036800000000,1e+75,0,10,0,0,7,0,0,1,0,0,1,0,0,0,0,0,0,0,2,0,1,-1,-1,-1,-1,0,10,-1,1,1,3,-1,-1,2,0,0,1,0,0,10,0,0,0,23.07
1,0,0,0,-1,0,1,3,0,0,0,0,-1,0,1,2,-1,-1,-1,-1,0,3,0,-1,800,0,9223372036800000000,1e+75,0,10,0,0,7,0,0,1,40,0,1,0,2,0,0,0,0,4,2,0,1,-1,-1,-1,-1,1,10,-1,1,1,3,-1,-1,4,0,0,1,0,0,10,2,0,0,15.94
1,0,0,0,-1,0,1,0,0,0,0,0,2,0,-1,0,-1,2,-1,1,-1,3,0,-1,10,0,9223372036800000000,1e+75,0,10,0,0,7,0,0,1,1000,1,1,0,0,0,0,0,0,1,2,0,1,-1,-1,-1,-1,0,10,-1,1,1,3,-1,-1,2,0,0,1,0,0,10,0,0,0,28.27
1,0,0,0,-1,0,1,3,0,0,0,0,1,0,0,0,2,-1,2,-1,2,3,0,-1,100,0,9223372036800000000,1e+75,0,10,0,0,7,1,0,1,0,0,1,0,-1,0,0,0,0,0,2,0,1,-1,-1,-1,-1,0,10,-1,1,1,3,-1,-1,4,0,0,1,0,0,10,0,0,0,19.35
1,0,0,0,-1,0,1,3,0,0,0,0,-1,0,-1,2,1,0,2,1,1,3,0,-1,800,0,9223372036800000000,1e+75,0,10,0,0,7,0,0,1,0,0,1,1,0,0,0,0,0,0,2,0,1,-1,-1,-1,-1,0,10,-1,1,1,3,-1,-1,-1,0,0,1,0,0,10,0,0,0,29.95
1,0,0,0,-1,0,1,0,0,0,0,0,-1,0,0,0,2,-1,2,-1,2,3,0,-1,100,0,9223372036800000000,1e+75,0,10,0,0,7,1,0,1,0,0,1,0,-1,0,0,0,0,0,2,0,1,-1,-1,-1,-1,0,10,-1,1,1,3,-1,-1,-1,0,0,1,0,0,10,0,0,0,26.29
1,0,0,0,-1,0,1,0,0,0,0,0,2,0,-1,1,-1,-1,1,0,-1,3,0,-1,10,0,9223372036800000000,1e+75,0,10,0,0,7,0,0,1,0,0,1,0,0,0,0,0,0,2,2,0,1,-1,-1,-1,-1,0,10,-1,1,1,3,-1,-1,-1,0,0,1,0,0,10,0,0,0,43.53
1,0,0,0,-1,0,1,0,0,0,0,0,2,0,-1,1,2,-1,1,0,-1,3,0,-1,10,0,9223372036800000000,1e+75,0,10,0,0,7,0,0,1,0,0,1,0,0,0,0,0,0,2,2,0,1,-1,-1,-1,-1,0,10,-1,1,1,3,-1,-1,5,0,0,1,0,0,10,0,0,0,41.86
1,0,0,0,-1,0,1,5,0,0,0,0,2,0,0,1,-1,2,2,1,0,3,0,-1,25,0,9223372036800000000,1e+75,0,10,0,0,7,0,0,1,100,0,1,1,1,0,0,0,0,4,2,0,1,-1,-1,-1,-1,-1,10,-1,1,1,3,-1,-1,4,0,0,1,0,0,10,0,0,0,19.71
1,0,0,0,-1,0,1,0,0,0,0,0,2,0,1,2,2,-1,1,0,-1,3,0,-1,25,0,9223372036800000000,1e+75,0,10,0,0,7,0,0,1,0,0,1,1,0,0,0,0,0,0,2,0,1,-1,-1,-1,-1,0,10,-1,1,1,3,-1,-1,-1,0,0,1,0,0,10,0,0,0,25.5
1,0,0,0,-1,0,1,0,0,0,0,0,2,0,-1,1,-1,-1,2,0,-1,3,0,-1,10,0,9223372036800000000,1e+75,0,10,0,0,7,0,0,1,0,0,1,0,0,0,0,0,0,2,2,0,1,-1,-1,-1,-1,0,10,-1,1,1,3,-1,-1,5,0,0,1,0,0,10,0,0,0,41.86
1,0,0,0,-1,0,1,0,0,0,0,0,2,0,-1,1,-1,2,1,0,-1,3,0,-1,10,0,9223372036800000000,1e+75,0,10,0,0,7,0,0,1,0,0,1,0,0,0,0,0,0,2,2,0,1,-1,-1,-1,-1,0,10,-1,1,1,3,-1,-1,5,0,0,1,0,0,10,0,0,0,41.86
1,0,0,0,-1,0,1,3,0,0,0,0,-1,0,1,2,-1,-1,-1,-1,0,3,0,-1,800,0,9223372036800000000,1e+75,0,10,0,0,7,0,0,1,40,0,1,0,2,0,0,0,4,4,2,0,1,-1,-1,-1,-1,1,10,-1,1,1,3,-1,-1,4,0,0,1,0,0,10,0,0,0,21.15
1,0,0,0,-1,0,1,3,0,0,0,0,1,0,0,1,-1,2,1,0,0,3,0,-1,25,0,9223372036800000000,1e+75,0,10,0,0,7,0,0,1,0,0,1,0,-1,0,0,0,0,-1,2,0,1,-1,-1,-1,-1,0,10,-1,1,1,3,-1,-1,2,0,0,1,0,0,10,0,0,0,38.11
1,0,0,0,-1,0,1,3,0,0,0,0,-1,0,1,2,-1,-1,-1,-1,0,10,0,-1,800,0,9223372036800000000,1e+75,0,10,0,0,7,0,0,1,40,0,1,0,2,0,0,0,0,4,2,0,1,-1,-1,-1,-1,1,10,-1,1,1,3,-1,-1,4,0,0,1,0,0,10,0,0,0,15.94
1,0,0,0,-1,0,1,0,0,0,0,0,3,0,-1,1,2,2,1,0,-1,3,0,-1,800,0,9223372036800000000,1e+75,0,10,0,0,7,0,0,1,0,0,1,0,3,0,0,0,0,1,2,0,1,-1,-1,-1,-1,0,10,-1,1,1,3,-1,-1,-1,0,0,1,0,0,10,0,0,0,29.02
1,0,0,0,-1,0,1,0,0,0,0,0,2,0,-1,1,-1,-1,1,0,1,3,0,-1,10,0,9223372036800000000,1e+75,0,10,0,0,7,0,0,1,0,0,1,0,0,0,0,0,0,2,2,0,1,-1,-1,-1,-1,0,10,-1,1,1,3,-1,-1,5,0,0,1,0,0,10,0,0,0,41.86
1,0,0,0,-1,0,1,0,0,0,0,0,2,0,-1,1,-1,-1,1,0,-1,3,0,-1,10,0,9223372036800000000,1e+75,0,10,0,0,7,-1,0,1,0,0,1,0,0,0,0,0,0,1,2,0,1,-1,-1,-1,-1,0,10,-1,1,1,3,-1,-1,5,0,0,1,0,0,10,0,0,0,43
1,0,0,0,-1,0,1,0,0,0,0,0,0,0,0,-1,0,-1,0,1,1,3,0,-1,150,0,9223372036800000000,1e+75,0,10,0,0,7,0,0,1,0,0,1,1,0,0,0,0,0,0,2,0,1,-1,-1,-1,-1,0,10,-1,1,1,3,-1,-1,-1,0,0,1,0,0,10,0,0,0,25.5
1,0,0,0,-1,0,1,0,0,0,0,0,2,0,-1,1,-1,-1,1,1,-1,3,0,-1,10,0,9223372036800000000,1e+75,0,10,0,0,7,0,0,1,0,0,1,0,0,0,0,0,0,1,2,0,1,-1,-1,-1,-1,0,10,-1,1,1,3,-1,-1,5,0,0,1,0,0,10,0,0,0,25.95
1,0,0,0,-1,0,1,3,0,0,0,0,1,0,0,1,-1,2,1,0,0,3,0,-1,800,0,9223372036800000000,1e+75,0,10,0,0,7,0,0,1,0,0,1,0,-1,0,0,0,0,-1,2,0,1,-1,-1,-1,-1,0,10,-1,1,1,3,-1,-1,0,0,0,1,0,0,10,0,0,0,34.23
1,0,0,0,-1,0,1,0,0,0,0,0,3,0,-1,-1,-1,-1,2,1,2,3,0,-1,400,0,9223372036800000000,1e+75,0,10,0,0,7,1,0,1,0,0,1,1,0,0,0,0,0,1,2,0,1,-1,-1,-1,-1,1,10,-1,1,1,3,-1,-1,4,0,0,1,0,0,10,0,0,0,19.28
1,0,0,0,-1,0,1,0,0,0,0,0,2,0,0,2,-1,-1,2,0,0,3,0,-1,25,0,9223372036800000000,1e+75,0,10,0,0,7,0,0,1,0,0,1,1,0,0,0,0,0,-1,2,0,1,-1,-1,-1,-1,0,10,-1,1,1,3,-1,-1,-1,0,0,1,0,0,10,0,0,0,32.94
1,0,0,0,-1,0,1,1,0,0,0,0,-1,0,0,-1,2,0,1,-1,1,3,0,1,150,0,9223372036800000000,1e+75,0,10,0,0,7,0,0,1,0,0,1,1,0,0,0,0,0,0,2,0,1,-1,-1,-1,-1,0,10,-1,1,1,3,-1,-1,-1,0,0,1,0,0,10,0,0,0,26.05
1,0,0,0,-1,0,1,0,0,0,0,0,2,0,-1,0,-1,-1,1,0,-1,3,0,-1,10,0,9223372036800000000,1e+75,0,10,0,0,7,0,0,1,0,0,1,0,0,0,0,0,0,1,2,0,1,-1,-1,-1,-1,0,10,-1,1,1,3,-1,-1,5,0,0,1,0,0,10,0,0,0,25.95
1,0,0,0,-1,0,1,0,0,0,0,0,1,0,1,0,-1,-1,-1,1,1,3,0,-1,10,0,9223372036800000000,1e+75,0,10,0,0,7,0,0,1,0,0,1,0,0,0,0,0,0,0,2,0,1,-1,-1,-1,-1,0,10,-1,1,1,3,-1,-1,-1,0,0,1,0,0,10,0,0,0,25.5
1,0,0,0,-1,0,1,0,0,0,0,0,1,0,1,0,-1,-1,-1,1,1,3,0,-1,10,0,9223372036800000000,1e+75,0,10,0,0,7,0,0,1,0,0,1,0,0,0,0,0,0,0,2,0,1,-1,-1,-1,-1,0,10,-1,1,1,3,-1,-1,2,0,0,1,0,0,10,0,0,0,23.07
1,0,0,0,-1,0,1,0,0,0,0,0,0,0,0,1,-1,2,1,1,2,3,0,-1,100,0,9223372036800000000,1e+75,0,10,0,0,7,1,0,1,500,1,1,0,1,0,0,0,0,1,2,0,1,-1,-1,-1,-1,0,10,-1,1,1,3,-1,-1,2,0,0,1,0,0,10,0,0,0,27.58
1,0,0,0,-1,0,1,0,0,0,0,0,0,0,1,1,0,2,-1,0,-1,3,0,-1,100,0,9223372036800000000,1e+75,0,10,0,0,7,0,0,1,0,0,1,1,2,0,0,0,0,1,2,0,1,-1,-1,-1,-1,0,10,-1,1,1,3,-1,-1,5,0,0,1,0,0,10,0,0,0,28.96
1,0,0,0,-1,0,1,0,0,0,0,0,1,0,1,0,-1,-1,-1,2,1,3,0,-1,10,0,9223372036800000000,1e+75,0,10,0,0,7,0,0,1,0,0,1,0,0,0,0,0,0,0,2,0,1,-1,-1,-1,-1,0,10,-1,1,1,3,-1,-1,-1,0,0,1,0,0,10,0,0,0,25.5
1,0,0,0,-1,0,1,0,0,0,0,0,1,0,1,0,2,-1,-1,-1,1,3,0,-1,25,0,9223372036800000000,1e+75,0,10,0,0,7,0,0,1,0,0,1,0,0,0,0,0,0,1,2,0,1,-1,-1,-1,-1,-1,10,-1,1,1,3,-1,-1,2,0,0,1,0,0,10,0,0,0,30.1
1,0,0,0,-1,0,1,0,0,0,0,0,2,0,1,-1,1,1,0,-1,-1,3,0,-1,10,0,9223372036800000000,1e+75,0,10,0,0,7,0,0,1,0,0,1,1,0,0,0,0,0,0,2,0,1,-1,-1,-1,-1,0,10,-1,1,1,3,-1,-1,-1,0,0,1,0,0,10,0,0,0,25.5
1,0,0,0,-1,0,1,0,0,0,0,0,1,0,1,0,-1,-1,1,1,1,3,0,-1,10,0,9223372036800000000,1e+75,0,10,0,0,7,0,0,1,0,0,1,0,0,0,0,0,0,0,2,0,1,-1,-1,-1,-1,0,10,-1,1,1,3,-1,-1,2,0,0,1,0,0,10,0,0,0,23.07
1,0,0,0,-1,0,1,0,0,0,0,0,1,0,1,0,-1,-1,-1,1,1,3,0,-1,10,0,9223372036800000000,1e+75,0,10,0,0,7,0,0,1,0,0,1,0,0,0,0,0,0,0,2,0,1,-1,-1,-1,-1,0,10,-1,1,1,3,-1,-1,0,0,0,1,0,0,10,0,0,0,35.94
1,0,0,0,-1,0,1,0,0,0,0,0,2,0,-1,0,-1,2,1,1,-1,3,0,-1,10,0,9223372036800000000,1e+75,0,10,0,0,7,0,0,1,1000,1,1,0,0,0,0,0,0,1,2,0,1,-1,-1,-1,-1,0,10,-1,1,1,3,-1,-1,4,0,0,1,0,0,10,0,0,0,20.51
1,0,0,0,-1,0,1,0,0,0,0,0,-1,0,1,0,2,1,1,1,1,3,0,-1,400,0,9223372036800000000,1e+75,0,10,0,0,7,-1,0,1,0,0,1,1,3,0,0,0,0,3,2,0,1,-1,-1,-1,-1,0,10,-1,1,1,3,-1,-1,4,0,0,1,0,0,10,0,0,0,25.31
1,0,0,0,-1,0,1,0,0,0,0,0,1,0,1,0,-1,-1,-1,1,1,3,0,-1,10,0,9223372036800000000,1e+75,0,10,0,0,7,-1,0,1,0,0,1,0,0,0,0,0,0,0,2,0,1,-1,-1,-1,-1,0,10,-1,1,1,3,-1,-1,2,0,0,1,0,0,10,0,0,0,35.24
1,0,0,0,-1,0,1,0,0,0,0,0,0,0,1,1,0,2,-1,0,-1,3,0,-1,100,0,9223372036800000000,1e+75,0,10,0,0,7,0,0,1,0,0,1,1,2,0,0,0,0,1,2,0,1,-1,-1,-1,-1,0,10,-1,1,1,3,-1,-1,-1,0,0,1,0,0,10,0,0,0,28.96
1,0,0,0,-1,0,1,0,0,0,0,0,2,0,-1,0,-1,2,-1,1,1,3,0,-1,200,0,9223372036800000000,1e+75,0,10,0,0,7,0,0,1,1000,1,1,0,0,0,0,0,0,1,2,0,1,-1,-1,-1,-1,0,10,-1,1,1,3,-1,-1,4,0,0,1,0,0,10,0,0,0,19.48
1,0,0,0,-1,0,1,3,0,0,0,0,-1,0,-1,-1,1,0,2,1,1,3,0,-1,200,0,9223372036800000000,1e+75,0,10,0,0,7,0,0,1,0,0,1,1,0,0,0,0,0,0,2,0,1,-1,-1,-1,-1,0,10,-1,1,1,3,-1,-1,4,0,0,1,0,0,10,0,0,0,25.89
1,0,0,0,-1,0,1,1,0,0,0,0,-1,0,0,-1,2,0,1,-1,1,3,0,-1,10,0,9223372036800000000,1e+75,0,10,0,0,7,0,0,1,0,0,1,1,0,0,0,0,0,0,2,0,1,-1,-1,-1,-1,0,10,-1,1,1,3,-1,-1,-1,0,0,1,0,0,10,0,0,0,27.41
1,0,0,0,-1,0,1,2,0,0,0,0,0,0,0,-1,2,-1,1,1,1,3,0,-1,100,0,9223372036800000000,1e+75,0,10,0,0,7,0,0,1,0,0,1,1,0,0,0,0,0,0,2,0,1,-1,-1,-1,-1,0,10,-1,1,1,3,-1,-1,-1,0,0,1,0,0,10,0,0,0,25.5
1,0,0,0,-1,0,1,3,0,0,0,0,-1,0,0,0,2,1,2,-1,0,3,0,-1,100,0,9223372036800000000,1e+75,0,10,0,0,7,1,0,1,0,0,1,0,-1,0,0,0,0,0,2,0,1,-1,-1,-1,-1,0,10,-1,1,1,3,-1,-1,4,0,0,1,0,0,10,0,0,0,19.4
1,0,0,0,-1,0,1,0,0,0,0,0,1,0,1,1,-1,-1,-1,1,1,3,0,-1,10,0,9223372036800000000,1e+75,0,10,0,0,7,0,0,1,0,0,1,0,0,0,0,0,0,0,2,0,1,-1,-1,-1,-1,0,10,-1,1,1,3,-1,-1,2,0,0,1,0,0,10,0,0,0,23.07
1,0,0,0,-1,0,1,0,0,0,0,0,1,0,1,0,1,-1,-1,1,1,3,0,-1,10,0,9223372036800000000,1e+75,0,10,0,0,7,0,0,1,0,0,1,0,0,0,0,0,0,0,2,0,1,-1,-1,-1,-1,0,10,-1,1,1,3,-1,-1,4,0,0,1,0,0,10,0,0,0,19.54
1,0,0,0,-1,0,1,0,0,0,0,0,-1,0,0,2,2,2,2,2,-1,3,0,-1,800,0,9223372036800000000,1e+75,0,10,0,0,7,-1,0,1,0,0,1,1,1,0,0,0,0,2,2,0,1,-1,-1,-1,-1,0,10,-1,1,1,3,-1,-1,4,0,0,1,0,0,10,0,0,0,26.04
1,0,0,0,-1,0,1,3,0,0,0,0,0,0,0,1,1,2,2,1,-1,3,0,-1,400,0,9223372036800000000,1e+75,0,10,0,0,7,0,0,1,0,0,1,1,0,0,0,0,0,0,2,0,1,-1,-1,-1,-1,0,10,-1,1,1,3,-1,-1,-1,0,0,1,0,0,10,0,0,0,30.61
1,0,0,0,-1,0,1,1,0,0,0,0,0,0,1,1,1,0,2,1,-1,3,0,-1,25,0,9223372036800000000,1e+75,0,10,0,0,7,0,0,1,0,0,1,1,0,0,0,0,0,0,2,0,1,-1,-1,-1,-1,0,10,-1,1,1,3,-1,-1,-1,0,0,1,0,0,10,0,0,0,26.22
1,0,0,0,-1,0,1,0,0,0,0,0,1,0,1,0,-1,-1,-1,1,1,3,0,-1,10,0,9223372036800000000,1e+75,0,10,0,0,7,0,0,1,0,0,1,0,0,0,0,0,0,-1,2,0,1,-1,-1,-1,-1,0,10,-1,1,1,3,-1,-1,4,0,0,1,0,0,10,0,0,0,24.44
1,0,0,0,-1,0,1,0,0,0,0,0,2,0,0,-1,0,1,1,0,-1,3,0,-1,800,0,9223372036800000000,1e+75,0,10,0,0,7,0,0,1,0,0,1,1,0,0,0,0,0,0,2,0,1,-1,-1,-1,-1,0,10,-1,1,1,3,-1,-1,-1,0,0,1,0,0,10,0,0,0,33.4
1,0,0,0,-1,0,1,1,0,0,0,0,-1,0,0,-1,2,0,1,-1,1,3,0,-1,150,0,9223372036800000000,240,0,10,0,0,7,0,0,1,0,0,1,1,0,0,0,0,0,0,2,0,1,-1,-1,-1,-1,0,10,-1,1,1,3,-1,-1,-1,0,0,1,0,0,10,0,0,0,23.6
1,0,0,0,-1,0,1,0,0,0,0,0,0,0,1,1,0,2,-1,1,-1,3,0,-1,100,0,9223372036800000000,1e+75,0,10,0,0,7,0,0,1,0,0,1,1,2,0,0,0,0,1,2,0,1,-1,-1,-1,-1,0,10,-1,1,1,3,-1,-1,5,0,0,1,0,0,10,0,0,0,28.96
1,0,0,0,-1,0,1,0,0,0,0,0,0,0,1,1,0,2,-1,0,-1,3,0,-1,25,0,9223372036800000000,1e+75,0,10,0,0,7,0,0,1,0,0,1,1,2,0,0,0,0,1,2,0,1,-1,-1,-1,-1,0,10,-1,1,1,3,-1,-1,5,0,0,1,0,0,10,0,0,0,32.07
1,0,0,0,-1,0,1,5,0,0,0,0,0,0,1,1,0,2,-1,0,-1,3,0,-1,100,0,9223372036800000000,1e+75,0,10,0,0,7,0,0,1,0,0,1,1,2,0,0,0,0,1,2,0,1,-1,-1,-1,-1,0,10,-1,1,1,3,-1,-1,5,0,0,1,0,0,10,0,0,0,29.85
1,0,0,0,-1,0,1,3,0,0,0,0,-1,0,1,2,-1,-1,-1,-1,0,3,0,-1,800,0,9223372036800000000,1e+75,0,10,0,0,7,0,0,1,40,0,1,0,2,0,0,3,0,4,2,0,1,-1,-1,-1,-1,1,10,-1,1,1,3,-1,-1,4,0,0,1,0,0,10,0,0,0,18.97
1,0,0,0,-1,0,1,0,0,0,0,0,1,0,1,0,1,1,1,-1,0,3,0,-1,10,0,9223372036800000000,1e+75,0,10,0,0,7,-1,0,1,0,0,1,0,0,0,0,0,0,2,2,0,1,-1,-1,-1,-1,0,10,-1,1,1,3,-1,-1,1,0,0,1,0,0,10,0,0,0,46.72
1,0,0,0,-1,0,1,0,0,0,0,0,0,0,1,1,0,2,-1,0,-1,3,0,-1,100,0,9223372036800000000,1e+75,0,10,0,0,7,0,0,1,0,0,1,1,2,0,0,0,0,1,2,0,1,-1,-1,-1,-1,0,10,-1,1,1,3,-1,-1,1,0,0,1,0,0,10,0,0,0,27.71
1,0,0,0,-1,0,1,0,0,0,0,0,0,0,1,1,2,2,-1,0,-1,3,0,-1,100,0,9223372036800000000,1e+75,0,10,0,0,7,0,0,1,0,0,1,1,2,0,0,0,0,1,2,0,1,-1,-1,-1,-1,0,10,-1,1,1,3,-1,-1,2,0,0,1,0,0,10,0,0,0,27.58
1,0,0,0,-1,0,1,3,0,0,0,0,0,0,1,1,0,0,-1,0,1,3,0,-1,400,0,9223372036800000000,1e+75,0,10,0,0,7,1,0,1,0,0,1,1,3,0,0,0,0,4,2,0,1,-1,-1,-1,-1,-1,10,-1,1,1,3,-1,-1,-1,0,0,1,0,0,10,0,0,0,30.9
1,0,0,0,-1,0,1,0,0,0,0,0,-1,0,1,0,2,1,1,1,2,3,0,-1,800,0,9223372036800000000,1e+75,0,10,0,0,7,-1,0,1,0,0,1,1,3,0,0,0,0,3,2,0,1,-1,-1,-1,-1,0,10,-1,1,1,3,-1,-1,0,0,0,1,0,0,10,0,0,0,32.12
1,0,0,0,-1,0,1,0,0,0,0,0,3,0,-1,0,0,-1,1,-1,-1,3,0,-1,800,0,9223372036800000000,1e+75,0,10,0,0,7,-1,0,1,0,0,1,1,0,0,0,0,0,3,2,0,1,-1,-1,-1,-1,0,10,-1,1,1,3,-1,-1,5,0,0,1,0,0,10,0,0,0,45.88
1,0,0,0,-1,0,1,0,0,0,0,0,-1,0,0,0,2,-1,2,-1,2,3,0,-1,100,0,9223372036800000000,1e+75,0,10,0,0,7,1,0,1,0,0,1,0,1,0,0,0,0,0,2,0,1,-1,-1,-1,-1,0,10,-1,1,1,3,-1,-1,4,0,0,1,0,0,10,0,0,0,18.08
1,0,0,0,-1,0,1,0,0,0,0,0,-1,0,1,0,-1,1,1,1,2,3,0,-1,800,0,9223372036800000000,1e+75,0,10,0,0,7,-1,0,1,0,0,1,1,3,0,0,0,0,3,2,0,1,-1,-1,-1,-1,0,10,-1,1,1,3,-1,-1,0,0,0,1,0,0,10,0,0,0,32.12
1,0,0,0,-1,0,1,0,0,0,0,0,0,0,1,0,2,1,1,1,2,3,0,-1,800,0,9223372036800000000,1e+75,0,10,0,0,7,-1,0,1,0,0,1,1,3,0,0,0,0,3,2,0,1,-1,-1,-1,-1,0,10,-1,1,1,3,-1,-1,0,0,0,1,0,0,10,0,0,0,32.12
1,0,0,0,-1,0,1,0,0,0,0,0,-1,0,-1,-1,-1,-1,1,2,1,3,0,-1,50,0,9223372036800000000,1e+75,0,10,0,0,7,1,0,1,20,0,1,1,3,0,0,0,1,1,2,0,1,-1,-1,-1,-1,1,10,-1,1,1,3,-1,-1,3,0,0,1,0,0,10,0,0,0,41.41
1,0,0,0,-1,0,1,0,0,0,0,0,-1,0,1,0,2,1,1,1,2,3,0,-1,800,0,9223372036800000000,1e+75,0,10,0,0,7,-1,0,1,0,0,1,1,3,0,0,0,0,3,2,0,1,-1,-1,-1,-1,0,10,-1,1,1,3,-1,-1,-1,0,0,1,0,0,10,0,0,0,31.31
1,0,0,0,-1,0,1,0,0,0,0,0,1,0,-1,0,-1,1,2,1,1,3,0,-1,150,0,9223372036800000000,1e+75,0,10,0,0,7,0,0,1,0,0,1,1,0,0,0,0,0,2,2,0,1,-1,-1,-1,-1,0,10,-1,1,1,3,-1,-1,-1,0,0,1,0,0,10,0,0,0,34.93
1,0,0,0,-1,0,1,1,0,0,0,0,0,0,-1,2,0,0,-1,2,2,3,0,-1,150,0,9223372036800000000,1e+75,0,10,0,0,7,0,0,1,0,0,1,1,0,0,0,0,0,0,2,0,1,-1,-1,-1,-1,0,10,-1,1,1,3,-1,-1,-1,0,0,1,0,0,10,0,0,0,23.6
1,0,0,0,-1,0,1,0,0,0,0,0,-1,0,1,0,2,2,1,1,2,3,0,-1,25,0,9223372036800000000,1e+75,0,10,0,0,7,-1,0,1,0,0,1,1,3,0,0,0,0,3,2,0,1,-1,-1,-1,-1,0,10,-1,1,1,3,-1,-1,4,0,0,1,0,0,10,0,0,0,25.33
1,0,0,0,-1,0,1,0,0,0,0,0,2,0,1,2,1,-1,-1,2,0,3,0,-1,800,0,9223372036800000000,1e+75,0,10,0,0,7,0,0,1,0,0,1,1,0,0,0,0,0,0,2,0,1,-1,-1,-1,-1,0,10,-1,1,1,3,-1,-1,-1,0,0,1,0,0,10,0,0,0,25.5
1,0,0,0,-1,0,1,0,0,0,0,0,-1,0,1,0,2,1,2,1,2,3,0,-1,25,0,9223372036800000000,1e+75,0,10,0,0,7,-1,0,1,0,0,1,1,3,0,0,0,0,3,2,0,1,-1,-1,-1,-1,0,10,-1,1,1,3,-1,-1,4,0,0,1,0,0,10,0,0,0,25.33
1,0,0,0,-1,0,1,0,0,0,0,0,0,0,0,1,0,1,2,1,1,3,0,-1,25,0,9223372036800000000,1e+75,0,10,0,0,7,1,0,1,0,0,1,0,3,0,0,0,0,1,2,0,1,-1,-1,-1,-1,0,10,-1,1,1,3,-1,-1,0,0,0,1,0,0,10,0,0,0,36.94
1,0,0,0,-1,0,1,0,0,0,0,0,-1,0,1,0,2,1,1,1,2,3,0,-1,400,0,9223372036800000000,1e+75,0,10,0,0,7,-1,0,1,0,0,1,1,0,0,0,0,0,3,2,0,1,-1,-1,-1,-1,0,10,-1,1,1,3,-1,-1,4,0,0,1,0,0,10,0,0,0,25.33
1,0,0,0,-1,0,1,0,0,0,0,0,-1,0,1,0,2,1,1,1,2,3,0,-1,400,0,9223372036800000000,1e+75,0,10,0,0,7,-1,0,1,0,0,1,1,3,0,0,0,0,3,2,0,1,-1,-1,-1,-1,0,10,-1,1,1,3,-1,-1,5,0,0,1,0,0,10,0,0,0,32.15
1,0,0,0,-1,0,1,3,0,0,0,0,1,0,0,1,-1,2,1,0,0,3,0,-1,800,0,9223372036800000000,1e+75,0,10,0,0,7,0,0,1,0,0,1,0,-1,0,0,0,0,-1,2,0,1,-1,-1,-1,-1,0,10,-1,1,1,3,-1,-1,1,0,0,1,0,0,10,0,0,0,34.23
1,0,0,0,-1,0,1,3,0,0,0,0,0,0,0,1,2,-1,-1,-1,-1,3,0,-1,800,0,9223372036800000000,1e+75,0,10,0,0,7,-1,0,1,0,0,1,0,3,0,0,0,0,-1,2,0,1,-1,-1,-1,-1,0,10,-1,1,1,3,-1,-1,0,0,0,1,0,0,10,0,0,0,43.61
1,0,0,0,-1,0,1,0,0,0,0,0,0,0,1,-1,2,-1,1,1,1,3,0,-1,100,0,9223372036800000000,1e+75,0,10,0,0,7,0,0,1,0,0,1,1,0,0,0,0,0,0,2,0,1,-1,-1,-1,-1,0,10,-1,1,1,3,-1,-1,-1,0,0,1,0,0,10,0,0,0,25.5
1,0,0,0,-1,0,1,3,0,0,0,0,1,0,0,2,-1,2,1,0,0,3,0,-1,800,0,9223372036800000000,1e+75,0,10,0,0,7,0,0,1,0,0,1,0,-1,0,0,0,0,-1,2,0,1,-1,-1,-1,-1,0,10,-1,1,1,3,-1,-1,1,0,0,1,0,0,10,0,0,0,34.23
1,0,0,0,-1,0,1,1,0,0,0,0,-1,0,0,-1,2,0,1,-1,1,3,0,-1,150,0,9223372036800000000,1e+75,0,10,0,0,30,0,0,1,0,0,1,1,0,0,0,0,0,0,2,0,1,-1,-1,-1,-1,0,10,-1,1,1,3,-1,-1,-1,0,0,1,0,0,10,0,0,0,23.6
1,0,0,0,-1,0,1,3,0,0,0,0,1,0,0,1,-1,2,1,0,0,3,0,-1,200,0,9223372036800000000,1e+75,0,10,0,0,7,0,0,1,0,0,1,0,3,0,0,0,0,-1,2,0,1,-1,-1,-1,-1,0,10,-1,1,1,3,-1,-1,2,0,0,1,0,0,10,0,0,0,31.9
1,0,0,0,-1,0,1,2,0,0,0,0,0,0,1,2,-1,0,1,-1,0,3,0,-1,400,0,9223372036800000000,1e+75,0,10,0,0,7,-1,0,1,40,1,1,0,1,0,0,0,0,-1,2,0,1,-1,-1,-1,-1,-1,10,-1,1,1,3,-1,-1,3,0,0,1,0,0,10,0,0,0,26.6
1,0,0,0,-1,0,1,1,0,0,0,0,-1,0,-1,0,2,0,2,2,2,3,0,-1,10,0,9223372036800000000,1e+75,0,10,0,0,7,0,0,1,0,0,1,1,0,0,0,0,0,0,2,0,1,-1,-1,-1,-1,0,10,-1,1,1,3,-1,-1,-1,0,0,1,0,0,10,0,0,0,27.41
1,0,0,0,-1,0,1,3,0,0,0,0,1,0,0,1,-1,2,1,0,1,3,0,-1,200,0,9223372036800000000,1e+75,0,10,0,0,7,0,0,1,0,0,1,0,-1,0,0,0,0,-1,2,0,1,-1,-1,-1,-1,0,10,-1,1,1,3,-1,-1,2,0,0,1,0,0,10,0,0,0,31.9
1,0,0,0,-1,0,1,3,0,0,0,0,-1,0,-1,-1,1,2,2,1,1,3,0,-1,50,0,9223372036800000000,1e+75,0,10,0,0,7,0,0,1,0,0,1,1,0,0,0,0,0,0,2,0,1,-1,-1,-1,-1,0,10,-1,1,1,3,-1,-1,-1,0,0,1,0,0,10,0,0,0,37.79
1,0,0,0,-1,0,1,3,0,0,0,0,1,0,0,2,-1,2,1,0,0,3,0,-1,200,0,9223372036800000000,1e+75,0,10,0,0,7,0,0,1,0,0,1,0,-1,0,0,0,0,-1,2,0,1,-1,-1,-1,-1,0,10,-1,1,1,3,-1,-1,2,0,0,1,0,0,10,0,0,0,31.9
1,0,0,0,-1,0,1,0,0,0,0,0,3,0,0,1,2,1,1,0,1,3,0,-1,800,0,9223372036800000000,1e+75,0,10,0,0,7,0,0,1,0,0,1,1,0,0,0,0,0,0,2,0,1,-1,-1,-1,-1,0,10,-1,1,1,3,-1,-1,-1,0,0,1,0,0,10,0,0,0,33.4
1,0,0,0,-1,0,1,0,0,0,0,0,1,0,-1,-1,2,2,1,2,2,3,0,-1,25,0,9223372036800000000,1e+75,0,10,0,0,7,1,0,1,0,0,1,1,2,0,0,0,0,-1,2,0,1,-1,-1,-1,-1,0,10,-1,1,1,3,-1,-1,0,0,0,1,0,0,10,0,0,0,39.05
1,0,0,0,-1,0,1,0,0,0,0,0,1,0,-1,-1,2,2,1,2,2,3,0,-1,50,0,9223372036800000000,1e+75,0,10,0,0,7,1,0,1,0,0,1,1,2,0,0,0,0,-1,2,0,1,-1,-1,-1,-1,0,10,-1,1,1,3,-1,-1,0,0,0,1,0,0,10,0,0,0,35.56
1,0,0,0,-1,0,1,0,0,0,0,0,2,0,1,-1,-1,2,2,2,2,3,0,-1,200,0,9223372036800000000,1e+75,0,10,0,0,7,-1,0,1,20,0,1,1,1,0,0,0,4,1,2,0,1,-1,-1,-1,-1,-1,10,-1,1,1,3,-1,-1,1,0,0,1,0,0,10,0,0,0,36.39
1,0,0,0,-1,0,1,3,0,0,0,0,-1,0,1,2,-1,-1,-1,-1,0,3,0,-1,800,0,9223372036800000000,1e+75,0,10,0,0,7,0,0,1,40,0,1,0,2,0,0,0,0,4,2,0,1,-1,-1,-1,-1,1,10,-1,1,1,3,-1,-1,4,0,0,1,0,0,10,0,0,0,15.94
1,0,0,0,-1,0,1,0,0,0,0,0,1,0,-1,-1,2,2,1,2,2,3,0,-1,50,0,9223372036800000000,1e+75,0,10,0,0,7,1,0,1,0,0,1,1,2,0,0,0,0,-1,2,0,1,-1,-1,-1,-1,0,10,-1,1,1,3,-1,-1,5,0,0,1,0,0,10,0,0,0,29.99
1,0,0,0,-1,0,1,0,0,0,0,0,1,0,-1,-1,2,2,1,2,2,3,0,-1,50,0,9223372036800000000,1e+75,0,10,0,0,7,1,0,1,0,0,1,1,2,0,0,0,0,-1,2,0,1,-1,-1,-1,-1,0,10,-1,1,1,3,-1,-1,2,0,0,1,0,0,10,0,0,0,29.12
1,0,0,0,-1,0,1,0,0,0,0,0,-1,0,1,0,2,-1,-1,-1,1,3,0,-1,25,0,9223372036800000000,1e+75,0,10,0,0,7,0,0,1,0,0,1,0,2,0,0,0,0,1,2,0,1,-1,-1,-1,-1,-1,10,-1,1,1,3,-1,-1,2,0,0,1,0,0,10,0,0,0,30.27
1,0,0,0,-1,0,1,0,0,0,0,0,-1,0,0,2,2,2,-1,2,-1,3,0,-1,800,0,9223372036800000000,1e+75,0,10,0,0,7,-1,0,1,0,0,1,1,1,0,0,0,0,2,2,0,1,-1,-1,-1,-1,0,10,-1,1,1,3,-1,-1,4,0,0,1,0,0,10,0,0,0,26.04
1,0,0,0,-1,0,1,0,0,0,0,0,2,0,1,1,-1,2,-1,0,-1,3,0,-1,400,0,9223372036800000000,1e+75,0,10,0,0,7,-1,0,1,0,0,1,1,0,0,0,0,0,2,2,0,1,-1,-1,-1,-1,0,10,-1,1,1,3,-1,-1,-1,0,0,1,0,0,10,0,0,0,39.02
1,0,0,0,-1,0,1,0,0,0,0,0,-1,0,-1,2,0,0,-1,0,1,3,0,-1,10,0,9223372036800000000,1e+75,0,10,0,0,7,0,0,1,100,0,1,1,-1,0,0,0,0,-1,2,0,1,-1,-1,-1,-1,-1,10,-1,1,1,3,-1,-1,4,0,0,1,0,0,10,0,0,0,22.31
1,0,0,0,-1,0,1,0,0,0,0,0,-1,0,1,2,2,2,-1,2,-1,3,0,-1,800,0,9223372036800000000,1e+75,0,10,0,0,7,-1,0,1,0,0,1,1,1,0,0,0,0,2,2,0,1,-1,-1,-1,-1,0,10,-1,1,1,3,-1,-1,4,0,0,1,0,0,10,0,0,0,26.04
1,0,0,0,-1,0,1,3,0,0,0,0,-1,0,1,2,-1,-1,-1,-1,0,3,0,-1,800,0,9223372036800000000,1e+75,0,10,0,0,7,0,0,1,40,0,1,0,2,0,0,0,0,4,2,0,1,-1,-1,0,-1,1,10,-1,1,1,3,-1,-1,4,0,0,1,0,0,10,0,0,0,15.94
1,0,0,0,-1,0,1,0,0,0,0,0,-1,0,0,2,2,2,-1,0,-1,3,0,-1,800,0,9223372036800000000,1e+75,0,10,0,0,7,-1,0,1,0,0,1,1,1,0,0,0,0,2,2,0,1,-1,-1,-1,-1,0,10,-1,1,1,3,-1,-1,4,0,0,1,0,0,10,0,0,0,26.04
1,0,0,0,-1,0,1,0,0,0,0,0,-1,0,0,2,2,2,-1,1,-1,3,0,-1,800,0,9223372036800000000,1e+75,0,10,0,0,7,-1,0,1,0,0,1,1,1,0,0,0,0,2,2,0,1,-1,-1,-1,-1,0,10,-1,1,1,3,-1,-1,4,0,0,1,0,0,10,0,0,0,26.04
1,0,0,0,-1,0,1,2,0,0,0,0,0,0,1,2,-1,0,1,1,0,3,0,-1,800,0,9223372036800000000,1e+75,0,10,0,0,7,-1,0,1,40,1,1,0,1,0,0,0,0,-1,2,0,1,-1,-1,-1,-1,-1,10,-1,1,1,3,-1,-1,3,0,0,1,0,0,10,0,0,0,26.62
1,0,0,0,-1,0,1,4,0,0,0,0,0,0,-1,1,2,-1,-1,2,1,3,0,-1,100,0,9223372036800000000,1e+75,0,10,0,0,7,1,0,1,0,0,1,0,1,0,0,0,0,0,2,0,1,-1,-1,-1,-1,1,10,-1,1,1,3,-1,-1,4,0,0,1,0,0,10,0,0,0,19.47
1,0,0,0,-1,0,1,0,0,0,0,0,2,0,0,2,2,2,-1,2,-1,3,0,-1,25,0,9223372036800000000,1e+75,0,10,0,0,7,-1,0,1,0,0,1,1,1,0,0,0,0,2,2,0,1,-1,-1,-1,-1,0,10,-1,1,1,3,-1,-1,4,0,0,1,0,0,10,0,0,0,22.24
1,0,0,0,-1,0,1,3,0,0,0,0,-1,0,1,2,-1,-1,-1,-1,0,3,0,-1,800,0,9223372036800000000,1e+75,0,10,0,0,7,0,0,1,40,0,1,0,2,0,0,0,0,4,2,0,1,-1,-1,2,-1,1,10,-1,1,1,3,-1,-1,4,0,0,1,0,0,10,0,0,0,15.94
1,0,0,0,-1,0,1,0,0,0,0,0,2,0,0,2,2,2,-1,-1,-1,3,0,-1,25,0,9223372036800000000,1e+75,0,10,0,0,7,-1,0,1,0,0,1,1,1,0,0,0,0,2,2,0,1,-1,-1,-1,-1,0,10,-1,1,1,3,-1,-1,4,0,0,1,0,0,10,0,0,0,22.24
1,0,0,0,-1,0,1,5,0,0,0,0,3,0,0,1,-1,0,2,1,0,3,0,-1,25,0,9223372036800000000,1e+75,0,10,0,0,7,0,0,1,100,0,1,1,1,0,0,0,0,4,2,0,1,-1,-1,-1,-1,-1,10,-1,1,1,3,-1,-1,4,0,0,1,0,0,10,0,0,0,19.71
1,0,0,0,-1,0,1,3,0,0,0,0,-1,0,-1,-1,1,0,2,1,1,3,0,-1,800,0,9223372036800000000,1e+75,0,10,0,0,7,0,0,1,20,0,1,1,0,0,0,0,0,0,2,0,1,-1,-1,-1,-1,0,10,-1,1,1,3,-1,-1,4,0,0,1,0,0,10,0,0,0,18.9
1,0,0,0,-1,0,1,0,0,0,0,0,2,0,0,2,2,2,2,2,-1,3,0,-1,25,0,9223372036800000000,1e+75,0,10,0,0,7,-1,0,1,0,0,1,1,1,0,0,0,0,2,2,0,1,-1,-1,-1,-1,0,10,-1,1,1,3,-1,-1,4,0,0,1,0,0,10,0,0,0,24.8
1,0,0,0,-1,0,1,0,0,0,0,0,2,0,-1,2,0,0,-1,0,1,3,0,-1,10,0,9223372036800000000,1e+75,0,10,0,0,7,0,0,1,100,1,1,1,-1,0,0,0,0,-1,2,0,1,-1,-1,-1,-1,-1,10,-1,1,1,3,-1,-1,4,0,0,1,0,0,10,0,0,0,23.64
1,0,0,0,-1,0,1,0,0,0,0,0,-1,0,-1,0,0,2,-1,1,2,3,0,-1,200,0,9223372036800000000,1e+75,0,10,0,0,7,-1,0,1,0,0,1,0,0,0,0,0,0,1,2,0,1,-1,-1,-1,-1,1,10,-1,1,1,3,-1,-1,-1,0,0,1,0,0,10,0,0,0,36.93
1,0,0,0,-1,0,1,1,0,0,0,0,-1,0,1,0,0,0,2,1,-1,3,0,-1,400,0,9223372036800000000,1e+75,0,10,0,0,7,0,0,1,0,0,1,1,0,0,0,0,0,0,2,0,1,-1,-1,-1,-1,0,10,-1,1,1,3,-1,-1,-1,0,0,1,0,0,10,0,0,0,28.99
1,0,0,0,-1,0,1,0,0,0,0,0,1,0,-1,-1,2,2,1,2,2,3,0,-1,400,0,9223372036800000000,1e+75,0,10,0,0,7,1,0,1,0,0,1,1,2,0,0,0,0,-1,2,0,1,-1,-1,-1,-1,0,10,-1,1,1,3,-1,-1,5,0,0,1,0,0,10,0,0,0,33.54
1,0,0,0,-1,0,1,0,0,0,0,0,2,0,0,-1,2,2,-1,2,-1,3,0,-1,25,0,9223372036800000000,1e+75,0,10,0,0,7,-1,0,1,0,0,1,1,1,0,0,0,0,2,2,0,1,-1,-1,-1,-1,0,10,-1,1,1,3,-1,-1,4,0,0,1,0,0,10,0,0,0,22.24
1,0,0,0,-1,0,1,3,0,0,0,0,3,0,-1,-1,-1,1,-1,1,2,3,0,-1,25,0,9223372036800000000,1e+75,0,10,0,0,7,0,0,1,0,0,1,0,2,0,0,0,0,1,2,0,1,-1,-1,-1,-1,0,10,-1,1,1,3,-1,-1,5,0,0,1,0,0,10,0,0,0,31.66
