[INFO]:[01:36:30] Worker 1 starting.
[INFO]:[01:36:30] Worker 1 received order for step 1.
[INFO]:[01:36:30] Worker 1 running exploration phase for iteration 1.
[INFO]:[01:36:30] Worker 1 at iteration 1 will not use a MIP start file. Current best MIP-start upper bound threshold is 1.79769e+308.
[INFO]:[01:36:30] Starting local search phase...
[INFO]:[01:36:30] Creating local search space from parameter space file: /scratch/yorig/mpils-results-grid-seconds-5-4may/easy/2proc/seed-1/2_fastxgemm-n2r6s0t2_seed-1_20260505_013629/iterated_local_search/search_space/search_space_file_1_worker_1.txt
[INFO]:[01:36:30] Local search space loaded from file: /scratch/yorig/mpils-results-grid-seconds-5-4may/easy/2proc/seed-1/2_fastxgemm-n2r6s0t2_seed-1_20260505_013629/iterated_local_search/search_space/search_space_file_1_worker_1.txt
[INFO]:[01:36:30] Number of parameters in local search space: 71
[INFO]:[01:36:30] Number of forbidden tuples in local search space: 0
[INFO]:[01:36:30] Number of conditionals in local search space: 6
[INFO]:[01:36:30] MIP start option not enabled. Local search will proceed without MIP start.
[INFO]:[01:36:30] Evaluating initial configuration for local search phase...
[INFO]:[01:36:30] Starting CPLEX solver on instance: /home/yorig/tuner/mpils-tests/instances/miplib/easy/fastxgemm-n2r6s0t2.mps with config: /scratch/yorig/mpils-results-grid-seconds-5-4may/easy/2proc/seed-1/2_fastxgemm-n2r6s0t2_seed-1_20260505_013629/iterated_local_search/run_1_worker_1/ils_config_4742023368992659407.prm
[INFO]:[01:36:30] Starting CPLEX solver on instance: /home/yorig/tuner/mpils-tests/instances/miplib/easy/fastxgemm-n2r6s0t2.mps with config: /scratch/yorig/mpils-results-grid-seconds-5-4may/easy/2proc/seed-1/2_fastxgemm-n2r6s0t2_seed-1_20260505_013629/iterated_local_search/run_1_worker_1/ils_config_4742023368992659407.prm
[INFO]:[01:36:35] CPLEX results. Gap: 94.880000, upper bound: 527.000000, lower bound: 27.000000
[INFO]:[01:36:35] CPLEX solver finished. Gap: 94.880000
[INFO]:[01:36:35] Initial configuration evaluated with objective value: 94.88
[INFO]:[01:36:35] Starting CPLEX solver on instance: /home/yorig/tuner/mpils-tests/instances/miplib/easy/fastxgemm-n2r6s0t2.mps with config: /scratch/yorig/mpils-results-grid-seconds-5-4may/easy/2proc/seed-1/2_fastxgemm-n2r6s0t2_seed-1_20260505_013629/iterated_local_search/run_1_worker_1/ils_config_6256578975208963304.prm
[INFO]:[01:36:35] Starting CPLEX solver on instance: /home/yorig/tuner/mpils-tests/instances/miplib/easy/fastxgemm-n2r6s0t2.mps with config: /scratch/yorig/mpils-results-grid-seconds-5-4may/easy/2proc/seed-1/2_fastxgemm-n2r6s0t2_seed-1_20260505_013629/iterated_local_search/run_1_worker_1/ils_config_6256578975208963304.prm
[INFO]:[01:36:40] CPLEX results. Gap: 94.880000, upper bound: 527.000000, lower bound: 27.000000
[INFO]:[01:36:40] CPLEX solver finished. Gap: 94.880000
[INFO]:[01:36:40] Starting CPLEX solver on instance: /home/yorig/tuner/mpils-tests/instances/miplib/easy/fastxgemm-n2r6s0t2.mps with config: /scratch/yorig/mpils-results-grid-seconds-5-4may/easy/2proc/seed-1/2_fastxgemm-n2r6s0t2_seed-1_20260505_013629/iterated_local_search/run_1_worker_1/ils_config_4212311836723003975.prm
[INFO]:[01:36:40] Starting CPLEX solver on instance: /home/yorig/tuner/mpils-tests/instances/miplib/easy/fastxgemm-n2r6s0t2.mps with config: /scratch/yorig/mpils-results-grid-seconds-5-4may/easy/2proc/seed-1/2_fastxgemm-n2r6s0t2_seed-1_20260505_013629/iterated_local_search/run_1_worker_1/ils_config_4212311836723003975.prm
[INFO]:[01:36:45] CPLEX results. Gap: 94.880000, upper bound: 527.000000, lower bound: 27.000000
[INFO]:[01:36:45] CPLEX solver finished. Gap: 94.880000
[INFO]:[01:36:45] Starting CPLEX solver on instance: /home/yorig/tuner/mpils-tests/instances/miplib/easy/fastxgemm-n2r6s0t2.mps with config: /scratch/yorig/mpils-results-grid-seconds-5-4may/easy/2proc/seed-1/2_fastxgemm-n2r6s0t2_seed-1_20260505_013629/iterated_local_search/run_1_worker_1/ils_config_2573251395108725737.prm
[INFO]:[01:36:45] Starting CPLEX solver on instance: /home/yorig/tuner/mpils-tests/instances/miplib/easy/fastxgemm-n2r6s0t2.mps with config: /scratch/yorig/mpils-results-grid-seconds-5-4may/easy/2proc/seed-1/2_fastxgemm-n2r6s0t2_seed-1_20260505_013629/iterated_local_search/run_1_worker_1/ils_config_2573251395108725737.prm
[INFO]:[01:36:50] CPLEX results. Gap: 94.880000, upper bound: 527.000000, lower bound: 27.000000
[INFO]:[01:36:50] CPLEX solver finished. Gap: 94.880000
[INFO]:[01:36:50] Starting CPLEX solver on instance: /home/yorig/tuner/mpils-tests/instances/miplib/easy/fastxgemm-n2r6s0t2.mps with config: /scratch/yorig/mpils-results-grid-seconds-5-4may/easy/2proc/seed-1/2_fastxgemm-n2r6s0t2_seed-1_20260505_013629/iterated_local_search/run_1_worker_1/ils_config_1919750748207864055.prm
[INFO]:[01:36:50] Starting CPLEX solver on instance: /home/yorig/tuner/mpils-tests/instances/miplib/easy/fastxgemm-n2r6s0t2.mps with config: /scratch/yorig/mpils-results-grid-seconds-5-4may/easy/2proc/seed-1/2_fastxgemm-n2r6s0t2_seed-1_20260505_013629/iterated_local_search/run_1_worker_1/ils_config_1919750748207864055.prm
[INFO]:[01:36:55] CPLEX results. Gap: 94.880000, upper bound: 527.000000, lower bound: 27.000000
[INFO]:[01:36:55] CPLEX solver finished. Gap: 94.880000
[INFO]:[01:36:55] Starting CPLEX solver on instance: /home/yorig/tuner/mpils-tests/instances/miplib/easy/fastxgemm-n2r6s0t2.mps with config: /scratch/yorig/mpils-results-grid-seconds-5-4may/easy/2proc/seed-1/2_fastxgemm-n2r6s0t2_seed-1_20260505_013629/iterated_local_search/run_1_worker_1/ils_config_4037327426761599479.prm
[INFO]:[01:36:55] Starting CPLEX solver on instance: /home/yorig/tuner/mpils-tests/instances/miplib/easy/fastxgemm-n2r6s0t2.mps with config: /scratch/yorig/mpils-results-grid-seconds-5-4may/easy/2proc/seed-1/2_fastxgemm-n2r6s0t2_seed-1_20260505_013629/iterated_local_search/run_1_worker_1/ils_config_4037327426761599479.prm
[INFO]:[01:37:00] CPLEX results. Gap: 94.880000, upper bound: 527.000000, lower bound: 27.000000
[INFO]:[01:37:00] CPLEX solver finished. Gap: 94.880000
[INFO]:[01:37:00] Starting CPLEX solver on instance: /home/yorig/tuner/mpils-tests/instances/miplib/easy/fastxgemm-n2r6s0t2.mps with config: /scratch/yorig/mpils-results-grid-seconds-5-4may/easy/2proc/seed-1/2_fastxgemm-n2r6s0t2_seed-1_20260505_013629/iterated_local_search/run_1_worker_1/ils_config_13327723921508961553.prm
[INFO]:[01:37:00] Starting CPLEX solver on instance: /home/yorig/tuner/mpils-tests/instances/miplib/easy/fastxgemm-n2r6s0t2.mps with config: /scratch/yorig/mpils-results-grid-seconds-5-4may/easy/2proc/seed-1/2_fastxgemm-n2r6s0t2_seed-1_20260505_013629/iterated_local_search/run_1_worker_1/ils_config_13327723921508961553.prm
[INFO]:[01:37:05] CPLEX results. Gap: 88.260000, upper bound: 230.000000, lower bound: 27.000000
[INFO]:[01:37:05] CPLEX solver finished. Gap: 88.260000
[INFO]:[01:37:05] New incumbent found with objective value: 88.26
[INFO]:[01:37:05] Starting CPLEX solver on instance: /home/yorig/tuner/mpils-tests/instances/miplib/easy/fastxgemm-n2r6s0t2.mps with config: /scratch/yorig/mpils-results-grid-seconds-5-4may/easy/2proc/seed-1/2_fastxgemm-n2r6s0t2_seed-1_20260505_013629/iterated_local_search/run_1_worker_1/ils_config_10864103372178583637.prm
[INFO]:[01:37:05] Starting CPLEX solver on instance: /home/yorig/tuner/mpils-tests/instances/miplib/easy/fastxgemm-n2r6s0t2.mps with config: /scratch/yorig/mpils-results-grid-seconds-5-4may/easy/2proc/seed-1/2_fastxgemm-n2r6s0t2_seed-1_20260505_013629/iterated_local_search/run_1_worker_1/ils_config_10864103372178583637.prm
[INFO]:[01:37:10] CPLEX results. Gap: 88.260000, upper bound: 230.000000, lower bound: 27.000000
[INFO]:[01:37:10] CPLEX solver finished. Gap: 88.260000
[INFO]:[01:37:10] Starting CPLEX solver on instance: /home/yorig/tuner/mpils-tests/instances/miplib/easy/fastxgemm-n2r6s0t2.mps with config: /scratch/yorig/mpils-results-grid-seconds-5-4may/easy/2proc/seed-1/2_fastxgemm-n2r6s0t2_seed-1_20260505_013629/iterated_local_search/run_1_worker_1/ils_config_16147429571841459241.prm
[INFO]:[01:37:10] Starting CPLEX solver on instance: /home/yorig/tuner/mpils-tests/instances/miplib/easy/fastxgemm-n2r6s0t2.mps with config: /scratch/yorig/mpils-results-grid-seconds-5-4may/easy/2proc/seed-1/2_fastxgemm-n2r6s0t2_seed-1_20260505_013629/iterated_local_search/run_1_worker_1/ils_config_16147429571841459241.prm
[INFO]:[01:37:15] CPLEX results. Gap: 88.260000, upper bound: 230.000000, lower bound: 27.000000
[INFO]:[01:37:15] CPLEX solver finished. Gap: 88.260000
[INFO]:[01:37:15] Starting CPLEX solver on instance: /home/yorig/tuner/mpils-tests/instances/miplib/easy/fastxgemm-n2r6s0t2.mps with config: /scratch/yorig/mpils-results-grid-seconds-5-4may/easy/2proc/seed-1/2_fastxgemm-n2r6s0t2_seed-1_20260505_013629/iterated_local_search/run_1_worker_1/ils_config_14561434355021959506.prm
[INFO]:[01:37:15] Starting CPLEX solver on instance: /home/yorig/tuner/mpils-tests/instances/miplib/easy/fastxgemm-n2r6s0t2.mps with config: /scratch/yorig/mpils-results-grid-seconds-5-4may/easy/2proc/seed-1/2_fastxgemm-n2r6s0t2_seed-1_20260505_013629/iterated_local_search/run_1_worker_1/ils_config_14561434355021959506.prm
[INFO]:[01:37:20] CPLEX results. Gap: 94.880000, upper bound: 527.000000, lower bound: 27.000000
[INFO]:[01:37:20] CPLEX solver finished. Gap: 94.880000
[INFO]:[01:37:20] Starting CPLEX solver on instance: /home/yorig/tuner/mpils-tests/instances/miplib/easy/fastxgemm-n2r6s0t2.mps with config: /scratch/yorig/mpils-results-grid-seconds-5-4may/easy/2proc/seed-1/2_fastxgemm-n2r6s0t2_seed-1_20260505_013629/iterated_local_search/run_1_worker_1/ils_config_7466374203367753774.prm
[INFO]:[01:37:20] Starting CPLEX solver on instance: /home/yorig/tuner/mpils-tests/instances/miplib/easy/fastxgemm-n2r6s0t2.mps with config: /scratch/yorig/mpils-results-grid-seconds-5-4may/easy/2proc/seed-1/2_fastxgemm-n2r6s0t2_seed-1_20260505_013629/iterated_local_search/run_1_worker_1/ils_config_7466374203367753774.prm
[INFO]:[01:37:25] CPLEX results. Gap: 98.700000, upper bound: 2072.450000, lower bound: 27.000000
[INFO]:[01:37:25] CPLEX solver finished. Gap: 98.700000
[INFO]:[01:37:25] Starting CPLEX solver on instance: /home/yorig/tuner/mpils-tests/instances/miplib/easy/fastxgemm-n2r6s0t2.mps with config: /scratch/yorig/mpils-results-grid-seconds-5-4may/easy/2proc/seed-1/2_fastxgemm-n2r6s0t2_seed-1_20260505_013629/iterated_local_search/run_1_worker_1/ils_config_13836284468188558343.prm
[INFO]:[01:37:25] Starting CPLEX solver on instance: /home/yorig/tuner/mpils-tests/instances/miplib/easy/fastxgemm-n2r6s0t2.mps with config: /scratch/yorig/mpils-results-grid-seconds-5-4may/easy/2proc/seed-1/2_fastxgemm-n2r6s0t2_seed-1_20260505_013629/iterated_local_search/run_1_worker_1/ils_config_13836284468188558343.prm
[INFO]:[01:37:30] CPLEX results. Gap: 94.880000, upper bound: 527.000000, lower bound: 27.000000
[INFO]:[01:37:30] CPLEX solver finished. Gap: 94.880000
[INFO]:[01:37:30] Starting CPLEX solver on instance: /home/yorig/tuner/mpils-tests/instances/miplib/easy/fastxgemm-n2r6s0t2.mps with config: /scratch/yorig/mpils-results-grid-seconds-5-4may/easy/2proc/seed-1/2_fastxgemm-n2r6s0t2_seed-1_20260505_013629/iterated_local_search/run_1_worker_1/ils_config_9486979592366530650.prm
[INFO]:[01:37:30] Starting CPLEX solver on instance: /home/yorig/tuner/mpils-tests/instances/miplib/easy/fastxgemm-n2r6s0t2.mps with config: /scratch/yorig/mpils-results-grid-seconds-5-4may/easy/2proc/seed-1/2_fastxgemm-n2r6s0t2_seed-1_20260505_013629/iterated_local_search/run_1_worker_1/ils_config_9486979592366530650.prm
[INFO]:[01:37:35] CPLEX results. Gap: 88.560000, upper bound: 236.000000, lower bound: 27.000000
[INFO]:[01:37:35] CPLEX solver finished. Gap: 88.560000
[INFO]:[01:37:35] Starting CPLEX solver on instance: /home/yorig/tuner/mpils-tests/instances/miplib/easy/fastxgemm-n2r6s0t2.mps with config: /scratch/yorig/mpils-results-grid-seconds-5-4may/easy/2proc/seed-1/2_fastxgemm-n2r6s0t2_seed-1_20260505_013629/iterated_local_search/run_1_worker_1/ils_config_1198093384868298249.prm
[INFO]:[01:37:35] Starting CPLEX solver on instance: /home/yorig/tuner/mpils-tests/instances/miplib/easy/fastxgemm-n2r6s0t2.mps with config: /scratch/yorig/mpils-results-grid-seconds-5-4may/easy/2proc/seed-1/2_fastxgemm-n2r6s0t2_seed-1_20260505_013629/iterated_local_search/run_1_worker_1/ils_config_1198093384868298249.prm
[INFO]:[01:37:40] CPLEX results. Gap: 88.260000, upper bound: 230.000000, lower bound: 27.000000
[INFO]:[01:37:40] CPLEX solver finished. Gap: 88.260000
[INFO]:[01:37:40] Starting CPLEX solver on instance: /home/yorig/tuner/mpils-tests/instances/miplib/easy/fastxgemm-n2r6s0t2.mps with config: /scratch/yorig/mpils-results-grid-seconds-5-4may/easy/2proc/seed-1/2_fastxgemm-n2r6s0t2_seed-1_20260505_013629/iterated_local_search/run_1_worker_1/ils_config_7079102194130129224.prm
[INFO]:[01:37:40] Starting CPLEX solver on instance: /home/yorig/tuner/mpils-tests/instances/miplib/easy/fastxgemm-n2r6s0t2.mps with config: /scratch/yorig/mpils-results-grid-seconds-5-4may/easy/2proc/seed-1/2_fastxgemm-n2r6s0t2_seed-1_20260505_013629/iterated_local_search/run_1_worker_1/ils_config_7079102194130129224.prm
[INFO]:[01:37:45] CPLEX results. Gap: 94.880000, upper bound: 527.000000, lower bound: 27.000000
[INFO]:[01:37:45] CPLEX solver finished. Gap: 94.880000
[INFO]:[01:37:45] Starting CPLEX solver on instance: /home/yorig/tuner/mpils-tests/instances/miplib/easy/fastxgemm-n2r6s0t2.mps with config: /scratch/yorig/mpils-results-grid-seconds-5-4may/easy/2proc/seed-1/2_fastxgemm-n2r6s0t2_seed-1_20260505_013629/iterated_local_search/run_1_worker_1/ils_config_15609265497299073930.prm
[INFO]:[01:37:45] Starting CPLEX solver on instance: /home/yorig/tuner/mpils-tests/instances/miplib/easy/fastxgemm-n2r6s0t2.mps with config: /scratch/yorig/mpils-results-grid-seconds-5-4may/easy/2proc/seed-1/2_fastxgemm-n2r6s0t2_seed-1_20260505_013629/iterated_local_search/run_1_worker_1/ils_config_15609265497299073930.prm
[INFO]:[01:37:50] CPLEX results. Gap: 88.260000, upper bound: 230.000000, lower bound: 27.000000
[INFO]:[01:37:50] CPLEX solver finished. Gap: 88.260000
[INFO]:[01:37:50] Starting CPLEX solver on instance: /home/yorig/tuner/mpils-tests/instances/miplib/easy/fastxgemm-n2r6s0t2.mps with config: /scratch/yorig/mpils-results-grid-seconds-5-4may/easy/2proc/seed-1/2_fastxgemm-n2r6s0t2_seed-1_20260505_013629/iterated_local_search/run_1_worker_1/ils_config_1347111551364561635.prm
[INFO]:[01:37:50] Starting CPLEX solver on instance: /home/yorig/tuner/mpils-tests/instances/miplib/easy/fastxgemm-n2r6s0t2.mps with config: /scratch/yorig/mpils-results-grid-seconds-5-4may/easy/2proc/seed-1/2_fastxgemm-n2r6s0t2_seed-1_20260505_013629/iterated_local_search/run_1_worker_1/ils_config_1347111551364561635.prm
[INFO]:[01:37:55] CPLEX results. Gap: 88.260000, upper bound: 230.000000, lower bound: 27.000000
[INFO]:[01:37:55] CPLEX solver finished. Gap: 88.260000
[INFO]:[01:37:55] Starting CPLEX solver on instance: /home/yorig/tuner/mpils-tests/instances/miplib/easy/fastxgemm-n2r6s0t2.mps with config: /scratch/yorig/mpils-results-grid-seconds-5-4may/easy/2proc/seed-1/2_fastxgemm-n2r6s0t2_seed-1_20260505_013629/iterated_local_search/run_1_worker_1/ils_config_9327209232310595604.prm
[INFO]:[01:37:55] Starting CPLEX solver on instance: /home/yorig/tuner/mpils-tests/instances/miplib/easy/fastxgemm-n2r6s0t2.mps with config: /scratch/yorig/mpils-results-grid-seconds-5-4may/easy/2proc/seed-1/2_fastxgemm-n2r6s0t2_seed-1_20260505_013629/iterated_local_search/run_1_worker_1/ils_config_9327209232310595604.prm
[INFO]:[01:38:00] CPLEX results. Gap: 88.260000, upper bound: 230.000000, lower bound: 27.000000
[INFO]:[01:38:00] CPLEX solver finished. Gap: 88.260000
[INFO]:[01:38:00] Starting CPLEX solver on instance: /home/yorig/tuner/mpils-tests/instances/miplib/easy/fastxgemm-n2r6s0t2.mps with config: /scratch/yorig/mpils-results-grid-seconds-5-4may/easy/2proc/seed-1/2_fastxgemm-n2r6s0t2_seed-1_20260505_013629/iterated_local_search/run_1_worker_1/ils_config_2513688956973018280.prm
[INFO]:[01:38:00] Starting CPLEX solver on instance: /home/yorig/tuner/mpils-tests/instances/miplib/easy/fastxgemm-n2r6s0t2.mps with config: /scratch/yorig/mpils-results-grid-seconds-5-4may/easy/2proc/seed-1/2_fastxgemm-n2r6s0t2_seed-1_20260505_013629/iterated_local_search/run_1_worker_1/ils_config_2513688956973018280.prm
[INFO]:[01:38:05] CPLEX results. Gap: 88.260000, upper bound: 230.000000, lower bound: 27.000000
[INFO]:[01:38:05] CPLEX solver finished. Gap: 88.260000
[INFO]:[01:38:05] Starting CPLEX solver on instance: /home/yorig/tuner/mpils-tests/instances/miplib/easy/fastxgemm-n2r6s0t2.mps with config: /scratch/yorig/mpils-results-grid-seconds-5-4may/easy/2proc/seed-1/2_fastxgemm-n2r6s0t2_seed-1_20260505_013629/iterated_local_search/run_1_worker_1/ils_config_9572275258202388650.prm
[INFO]:[01:38:05] Starting CPLEX solver on instance: /home/yorig/tuner/mpils-tests/instances/miplib/easy/fastxgemm-n2r6s0t2.mps with config: /scratch/yorig/mpils-results-grid-seconds-5-4may/easy/2proc/seed-1/2_fastxgemm-n2r6s0t2_seed-1_20260505_013629/iterated_local_search/run_1_worker_1/ils_config_9572275258202388650.prm
[INFO]:[01:38:10] CPLEX results. Gap: 88.260000, upper bound: 230.000000, lower bound: 27.000000
[INFO]:[01:38:10] CPLEX solver finished. Gap: 88.260000
[INFO]:[01:38:10] Local search phase completed.
[INFO]:[01:38:10] Total number of new local-search evaluations: 20
[INFO]:[01:38:10] Final incumbent objective value: 88.26
[INFO]:[01:38:10] Worker 1 completed exploration phase.
[INFO]:[01:38:10] Worker 1 received order for step 2.
[INFO]:[01:38:10] Worker 1 running expansion phase for iteration 1.
[INFO]:[01:38:10] Worker 1 will use solver log file: /scratch/yorig/mpils-results-grid-seconds-5-4may/easy/2proc/seed-1/2_fastxgemm-n2r6s0t2_seed-1_20260505_013629/solver/cplex.log_iteration_expansion_1_worker_1
[INFO]:[01:38:10] Expansion Worker 1 starting expansion for iteration 1.
[INFO]:[01:38:10] Starting CPLEX solver on instance: /home/yorig/tuner/mpils-tests/instances/miplib/easy/fastxgemm-n2r6s0t2.mps with config: /scratch/yorig/mpils-results-grid-seconds-5-4may/easy/2proc/seed-1/2_fastxgemm-n2r6s0t2_seed-1_20260505_013629/expansion/config_param_CPXPARAM_MIP_Strategy_Probe_1_iter_1.prm
[INFO]:[01:38:15] CPLEX results. Gap: 85.650000, upper bound: 230.000000, lower bound: 33.000000
[INFO]:[01:38:15] CPLEX solver finished. Gap: 85.650000
[INFO]:[01:38:15] Starting CPLEX solver on instance: /home/yorig/tuner/mpils-tests/instances/miplib/easy/fastxgemm-n2r6s0t2.mps with config: /scratch/yorig/mpils-results-grid-seconds-5-4may/easy/2proc/seed-1/2_fastxgemm-n2r6s0t2_seed-1_20260505_013629/expansion/config_param_CPXPARAM_MIP_Strategy_Probe_3_iter_1.prm
[INFO]:[01:38:20] CPLEX results. Gap: 85.000000, upper bound: 230.000000, lower bound: 34.500000
[INFO]:[01:38:20] CPLEX solver finished. Gap: 85.000000
[INFO]:[01:38:20] Starting CPLEX solver on instance: /home/yorig/tuner/mpils-tests/instances/miplib/easy/fastxgemm-n2r6s0t2.mps with config: /scratch/yorig/mpils-results-grid-seconds-5-4may/easy/2proc/seed-1/2_fastxgemm-n2r6s0t2_seed-1_20260505_013629/expansion/config_param_CPXPARAM_MIP_Cuts_Covers_1_iter_1.prm
[INFO]:[01:38:25] CPLEX results. Gap: 85.000000, upper bound: 230.000000, lower bound: 34.500000
[INFO]:[01:38:25] CPLEX solver finished. Gap: 85.000000
[INFO]:[01:38:25] Starting CPLEX solver on instance: /home/yorig/tuner/mpils-tests/instances/miplib/easy/fastxgemm-n2r6s0t2.mps with config: /scratch/yorig/mpils-results-grid-seconds-5-4may/easy/2proc/seed-1/2_fastxgemm-n2r6s0t2_seed-1_20260505_013629/expansion/config_param_CPXPARAM_MIP_Cuts_Covers_3_iter_1.prm
[INFO]:[01:38:30] CPLEX results. Gap: 85.000000, upper bound: 230.000000, lower bound: 34.500000
[INFO]:[01:38:30] CPLEX solver finished. Gap: 85.000000
[INFO]:[01:38:30] Starting CPLEX solver on instance: /home/yorig/tuner/mpils-tests/instances/miplib/easy/fastxgemm-n2r6s0t2.mps with config: /scratch/yorig/mpils-results-grid-seconds-5-4may/easy/2proc/seed-1/2_fastxgemm-n2r6s0t2_seed-1_20260505_013629/expansion/config_param_CPXPARAM_MIP_Strategy_VariableSelect_1_iter_1.prm
[INFO]:[01:38:35] CPLEX results. Gap: 94.310000, upper bound: 527.000000, lower bound: 30.000000
[INFO]:[01:38:35] CPLEX solver finished. Gap: 94.310000
[INFO]:[01:38:35] Starting CPLEX solver on instance: /home/yorig/tuner/mpils-tests/instances/miplib/easy/fastxgemm-n2r6s0t2.mps with config: /scratch/yorig/mpils-results-grid-seconds-5-4may/easy/2proc/seed-1/2_fastxgemm-n2r6s0t2_seed-1_20260505_013629/expansion/config_param_CPXPARAM_MIP_Strategy_VariableSelect_3_iter_1.prm
[INFO]:[01:38:40] CPLEX results. Gap: 88.120000, upper bound: 230.000000, lower bound: 27.333333
[INFO]:[01:38:40] CPLEX solver finished. Gap: 88.120000
[INFO]:[01:38:40] Starting CPLEX solver on instance: /home/yorig/tuner/mpils-tests/instances/miplib/easy/fastxgemm-n2r6s0t2.mps with config: /scratch/yorig/mpils-results-grid-seconds-5-4may/easy/2proc/seed-1/2_fastxgemm-n2r6s0t2_seed-1_20260505_013629/expansion/config_param_CPXPARAM_MIP_Strategy_NodeSelect_0_iter_1.prm
[INFO]:[01:38:45] CPLEX results. Gap: 88.260000, upper bound: 230.000000, lower bound: 27.000000
[INFO]:[01:38:45] CPLEX solver finished. Gap: 88.260000
[INFO]:[01:38:45] Starting CPLEX solver on instance: /home/yorig/tuner/mpils-tests/instances/miplib/easy/fastxgemm-n2r6s0t2.mps with config: /scratch/yorig/mpils-results-grid-seconds-5-4may/easy/2proc/seed-1/2_fastxgemm-n2r6s0t2_seed-1_20260505_013629/expansion/config_param_CPXPARAM_MIP_Strategy_NodeSelect_3_iter_1.prm
[INFO]:[01:38:50] CPLEX results. Gap: 88.260000, upper bound: 230.000000, lower bound: 27.000000
[INFO]:[01:38:50] CPLEX solver finished. Gap: 88.260000
[INFO]:[01:38:50] Starting CPLEX solver on instance: /home/yorig/tuner/mpils-tests/instances/miplib/easy/fastxgemm-n2r6s0t2.mps with config: /scratch/yorig/mpils-results-grid-seconds-5-4may/easy/2proc/seed-1/2_fastxgemm-n2r6s0t2_seed-1_20260505_013629/expansion/config_param_CPXPARAM_MIP_Strategy_Dive_2_iter_1.prm
[INFO]:[01:38:55] CPLEX results. Gap: 85.220000, upper bound: 230.000000, lower bound: 34.000000
[INFO]:[01:38:55] CPLEX solver finished. Gap: 85.220000
[INFO]:[01:38:55] Starting CPLEX solver on instance: /home/yorig/tuner/mpils-tests/instances/miplib/easy/fastxgemm-n2r6s0t2.mps with config: /scratch/yorig/mpils-results-grid-seconds-5-4may/easy/2proc/seed-1/2_fastxgemm-n2r6s0t2_seed-1_20260505_013629/expansion/config_param_CPXPARAM_MIP_Limits_ProbeTime_0_iter_1.prm
[INFO]:[01:39:00] CPLEX results. Gap: 94.880000, upper bound: 527.000000, lower bound: 27.000000
[INFO]:[01:39:00] CPLEX solver finished. Gap: 94.880000
[INFO]:[01:39:00] Starting CPLEX solver on instance: /home/yorig/tuner/mpils-tests/instances/miplib/easy/fastxgemm-n2r6s0t2.mps with config: /scratch/yorig/mpils-results-grid-seconds-5-4may/easy/2proc/seed-1/2_fastxgemm-n2r6s0t2_seed-1_20260505_013629/expansion/config_param_CPXPARAM_MIP_Limits_ProbeTime_2_iter_1.prm
[INFO]:[01:39:05] CPLEX results. Gap: 85.000000, upper bound: 230.000000, lower bound: 34.500000
[INFO]:[01:39:05] CPLEX solver finished. Gap: 85.000000
[INFO]:[01:39:05] Starting CPLEX solver on instance: /home/yorig/tuner/mpils-tests/instances/miplib/easy/fastxgemm-n2r6s0t2.mps with config: /scratch/yorig/mpils-results-grid-seconds-5-4may/easy/2proc/seed-1/2_fastxgemm-n2r6s0t2_seed-1_20260505_013629/expansion/config_param_CPXPARAM_MIP_Limits_ProbeTime_10_iter_1.prm
[INFO]:[01:39:10] CPLEX results. Gap: 85.000000, upper bound: 230.000000, lower bound: 34.500000
[INFO]:[01:39:10] CPLEX solver finished. Gap: 85.000000
[INFO]:[01:39:10] Starting CPLEX solver on instance: /home/yorig/tuner/mpils-tests/instances/miplib/easy/fastxgemm-n2r6s0t2.mps with config: /scratch/yorig/mpils-results-grid-seconds-5-4may/easy/2proc/seed-1/2_fastxgemm-n2r6s0t2_seed-1_20260505_013629/expansion/config_param_CPXPARAM_MIP_Limits_ProbeTime_30_iter_1.prm
[INFO]:[01:39:15] CPLEX results. Gap: 85.000000, upper bound: 230.000000, lower bound: 34.500000
[INFO]:[01:39:15] CPLEX solver finished. Gap: 85.000000
[INFO]:[01:39:15] Starting CPLEX solver on instance: /home/yorig/tuner/mpils-tests/instances/miplib/easy/fastxgemm-n2r6s0t2.mps with config: /scratch/yorig/mpils-results-grid-seconds-5-4may/easy/2proc/seed-1/2_fastxgemm-n2r6s0t2_seed-1_20260505_013629/expansion/config_param_CPXPARAM_MIP_Limits_ProbeTime_50_iter_1.prm
[INFO]:[01:39:20] CPLEX results. Gap: 85.000000, upper bound: 230.000000, lower bound: 34.500000
[INFO]:[01:39:20] CPLEX solver finished. Gap: 85.000000
[INFO]:[01:39:20] Starting CPLEX solver on instance: /home/yorig/tuner/mpils-tests/instances/miplib/easy/fastxgemm-n2r6s0t2.mps with config: /scratch/yorig/mpils-results-grid-seconds-5-4may/easy/2proc/seed-1/2_fastxgemm-n2r6s0t2_seed-1_20260505_013629/expansion/config_param_CPXPARAM_MIP_Limits_ProbeTime_120_iter_1.prm
[INFO]:[01:39:25] CPLEX results. Gap: 85.000000, upper bound: 230.000000, lower bound: 34.500000
[INFO]:[01:39:25] CPLEX solver finished. Gap: 85.000000
[INFO]:[01:39:25] Starting CPLEX solver on instance: /home/yorig/tuner/mpils-tests/instances/miplib/easy/fastxgemm-n2r6s0t2.mps with config: /scratch/yorig/mpils-results-grid-seconds-5-4may/easy/2proc/seed-1/2_fastxgemm-n2r6s0t2_seed-1_20260505_013629/expansion/config_param_CPXPARAM_MIP_Strategy_RINSHeur_-1_iter_1.prm
[INFO]:[01:39:30] CPLEX results. Gap: 84.350000, upper bound: 230.000000, lower bound: 36.000000
[INFO]:[01:39:30] CPLEX solver finished. Gap: 84.350000
[INFO]:[01:39:30] Expansion Worker 1 found an improving configuration with objective value 84.35.
[INFO]:[01:39:30] Expansion Worker 1 stopping early after global MPI expansion stop was activated.
[INFO]:[01:39:30] Expansion Worker 1 completed expansion.
[INFO]:[01:39:30] Worker 1 completed expansion phase.
[INFO]:[01:39:31] Worker 1 received order for step 1.
[INFO]:[01:39:31] Worker 1 running exploration phase for iteration 2.
[INFO]:[01:39:31] Worker 1 at iteration 2 will not use a MIP start file. Current best MIP-start upper bound threshold is 1.79769e+308.
[INFO]:[01:39:31] Starting local search phase...
[INFO]:[01:39:31] Creating local search space from parameter space file: /scratch/yorig/mpils-results-grid-seconds-5-4may/easy/2proc/seed-1/2_fastxgemm-n2r6s0t2_seed-1_20260505_013629/iterated_local_search/search_space/search_space_file_2_worker_1.txt
[INFO]:[01:39:31] Local search space loaded from file: /scratch/yorig/mpils-results-grid-seconds-5-4may/easy/2proc/seed-1/2_fastxgemm-n2r6s0t2_seed-1_20260505_013629/iterated_local_search/search_space/search_space_file_2_worker_1.txt
[INFO]:[01:39:31] Number of parameters in local search space: 71
[INFO]:[01:39:31] Number of forbidden tuples in local search space: 14
[INFO]:[01:39:31] Number of conditionals in local search space: 6
[INFO]:[01:39:31] MIP start option not enabled. Local search will proceed without MIP start.
[INFO]:[01:39:31] Evaluating initial configuration for local search phase...
[INFO]:[01:39:31] Starting CPLEX solver on instance: /home/yorig/tuner/mpils-tests/instances/miplib/easy/fastxgemm-n2r6s0t2.mps with config: /scratch/yorig/mpils-results-grid-seconds-5-4may/easy/2proc/seed-1/2_fastxgemm-n2r6s0t2_seed-1_20260505_013629/iterated_local_search/run_2_worker_1/ils_config_12066334090868212688.prm
[INFO]:[01:39:31] Starting CPLEX solver on instance: /home/yorig/tuner/mpils-tests/instances/miplib/easy/fastxgemm-n2r6s0t2.mps with config: /scratch/yorig/mpils-results-grid-seconds-5-4may/easy/2proc/seed-1/2_fastxgemm-n2r6s0t2_seed-1_20260505_013629/iterated_local_search/run_2_worker_1/ils_config_12066334090868212688.prm
[INFO]:[01:39:36] CPLEX results. Gap: 88.260000, upper bound: 230.000000, lower bound: 27.000000
[INFO]:[01:39:36] CPLEX solver finished. Gap: 88.260000
[INFO]:[01:39:36] Initial configuration evaluated with objective value: 88.26
[INFO]:[01:39:36] Starting CPLEX solver on instance: /home/yorig/tuner/mpils-tests/instances/miplib/easy/fastxgemm-n2r6s0t2.mps with config: /scratch/yorig/mpils-results-grid-seconds-5-4may/easy/2proc/seed-1/2_fastxgemm-n2r6s0t2_seed-1_20260505_013629/iterated_local_search/run_2_worker_1/ils_config_15133441225663850462.prm
[INFO]:[01:39:36] Starting CPLEX solver on instance: /home/yorig/tuner/mpils-tests/instances/miplib/easy/fastxgemm-n2r6s0t2.mps with config: /scratch/yorig/mpils-results-grid-seconds-5-4may/easy/2proc/seed-1/2_fastxgemm-n2r6s0t2_seed-1_20260505_013629/iterated_local_search/run_2_worker_1/ils_config_15133441225663850462.prm
[INFO]:[01:39:41] CPLEX results. Gap: 88.560000, upper bound: 236.000000, lower bound: 27.000000
[INFO]:[01:39:41] CPLEX solver finished. Gap: 88.560000
[INFO]:[01:39:41] Starting CPLEX solver on instance: /home/yorig/tuner/mpils-tests/instances/miplib/easy/fastxgemm-n2r6s0t2.mps with config: /scratch/yorig/mpils-results-grid-seconds-5-4may/easy/2proc/seed-1/2_fastxgemm-n2r6s0t2_seed-1_20260505_013629/iterated_local_search/run_2_worker_1/ils_config_14879371165176108191.prm
[INFO]:[01:39:41] Starting CPLEX solver on instance: /home/yorig/tuner/mpils-tests/instances/miplib/easy/fastxgemm-n2r6s0t2.mps with config: /scratch/yorig/mpils-results-grid-seconds-5-4may/easy/2proc/seed-1/2_fastxgemm-n2r6s0t2_seed-1_20260505_013629/iterated_local_search/run_2_worker_1/ils_config_14879371165176108191.prm
[INFO]:[01:39:46] CPLEX results. Gap: 88.560000, upper bound: 236.000000, lower bound: 27.000000
[INFO]:[01:39:46] CPLEX solver finished. Gap: 88.560000
[INFO]:[01:39:46] Starting CPLEX solver on instance: /home/yorig/tuner/mpils-tests/instances/miplib/easy/fastxgemm-n2r6s0t2.mps with config: /scratch/yorig/mpils-results-grid-seconds-5-4may/easy/2proc/seed-1/2_fastxgemm-n2r6s0t2_seed-1_20260505_013629/iterated_local_search/run_2_worker_1/ils_config_8158844225357264084.prm
[INFO]:[01:39:46] Starting CPLEX solver on instance: /home/yorig/tuner/mpils-tests/instances/miplib/easy/fastxgemm-n2r6s0t2.mps with config: /scratch/yorig/mpils-results-grid-seconds-5-4may/easy/2proc/seed-1/2_fastxgemm-n2r6s0t2_seed-1_20260505_013629/iterated_local_search/run_2_worker_1/ils_config_8158844225357264084.prm
[INFO]:[01:39:51] CPLEX results. Gap: 94.880000, upper bound: 527.000000, lower bound: 27.000000
[INFO]:[01:39:51] CPLEX solver finished. Gap: 94.880000
[INFO]:[01:39:51] Starting CPLEX solver on instance: /home/yorig/tuner/mpils-tests/instances/miplib/easy/fastxgemm-n2r6s0t2.mps with config: /scratch/yorig/mpils-results-grid-seconds-5-4may/easy/2proc/seed-1/2_fastxgemm-n2r6s0t2_seed-1_20260505_013629/iterated_local_search/run_2_worker_1/ils_config_1105130687558715166.prm
[INFO]:[01:39:51] Starting CPLEX solver on instance: /home/yorig/tuner/mpils-tests/instances/miplib/easy/fastxgemm-n2r6s0t2.mps with config: /scratch/yorig/mpils-results-grid-seconds-5-4may/easy/2proc/seed-1/2_fastxgemm-n2r6s0t2_seed-1_20260505_013629/iterated_local_search/run_2_worker_1/ils_config_1105130687558715166.prm
[INFO]:[01:39:56] CPLEX results. Gap: 88.260000, upper bound: 230.000000, lower bound: 27.000000
[INFO]:[01:39:56] CPLEX solver finished. Gap: 88.260000
[INFO]:[01:39:56] Starting CPLEX solver on instance: /home/yorig/tuner/mpils-tests/instances/miplib/easy/fastxgemm-n2r6s0t2.mps with config: /scratch/yorig/mpils-results-grid-seconds-5-4may/easy/2proc/seed-1/2_fastxgemm-n2r6s0t2_seed-1_20260505_013629/iterated_local_search/run_2_worker_1/ils_config_1299470930734636538.prm
[INFO]:[01:39:56] Starting CPLEX solver on instance: /home/yorig/tuner/mpils-tests/instances/miplib/easy/fastxgemm-n2r6s0t2.mps with config: /scratch/yorig/mpils-results-grid-seconds-5-4may/easy/2proc/seed-1/2_fastxgemm-n2r6s0t2_seed-1_20260505_013629/iterated_local_search/run_2_worker_1/ils_config_1299470930734636538.prm
[INFO]:[01:40:01] CPLEX results. Gap: 88.260000, upper bound: 230.000000, lower bound: 27.000000
[INFO]:[01:40:01] CPLEX solver finished. Gap: 88.260000
[INFO]:[01:40:01] Local search phase completed.
[INFO]:[01:40:01] Total number of new local-search evaluations: 6
[INFO]:[01:40:01] Final incumbent objective value: 88.26
[INFO]:[01:40:01] Worker 1 completed exploration phase.
[INFO]:[01:40:01] Worker 1 received order for step 2.
[INFO]:[01:40:01] Worker 1 running expansion phase for iteration 2.
[INFO]:[01:40:01] Worker 1 will use solver log file: /scratch/yorig/mpils-results-grid-seconds-5-4may/easy/2proc/seed-1/2_fastxgemm-n2r6s0t2_seed-1_20260505_013629/solver/cplex.log_iteration_expansion_2_worker_1
[INFO]:[01:40:01] Expansion Worker 1 starting expansion for iteration 2.
[INFO]:[01:40:01] Starting CPLEX solver on instance: /home/yorig/tuner/mpils-tests/instances/miplib/easy/fastxgemm-n2r6s0t2.mps with config: /scratch/yorig/mpils-results-grid-seconds-5-4may/easy/2proc/seed-1/2_fastxgemm-n2r6s0t2_seed-1_20260505_013629/expansion/config_param_CPXPARAM_MIP_Strategy_BBInterval_2_iter_2.prm
[INFO]:[01:40:06] CPLEX results. Gap: 84.350000, upper bound: 230.000000, lower bound: 36.000000
[INFO]:[01:40:06] CPLEX solver finished. Gap: 84.350000
[INFO]:[01:40:06] Starting CPLEX solver on instance: /home/yorig/tuner/mpils-tests/instances/miplib/easy/fastxgemm-n2r6s0t2.mps with config: /scratch/yorig/mpils-results-grid-seconds-5-4may/easy/2proc/seed-1/2_fastxgemm-n2r6s0t2_seed-1_20260505_013629/expansion/config_param_CPXPARAM_MIP_Strategy_BBInterval_4_iter_2.prm
[INFO]:[01:40:11] CPLEX results. Gap: 84.350000, upper bound: 230.000000, lower bound: 36.000000
[INFO]:[01:40:11] CPLEX solver finished. Gap: 84.350000
[INFO]:[01:40:11] Starting CPLEX solver on instance: /home/yorig/tuner/mpils-tests/instances/miplib/easy/fastxgemm-n2r6s0t2.mps with config: /scratch/yorig/mpils-results-grid-seconds-5-4may/easy/2proc/seed-1/2_fastxgemm-n2r6s0t2_seed-1_20260505_013629/expansion/config_param_CPXPARAM_MIP_Strategy_BBInterval_10_iter_2.prm
[INFO]:[01:40:16] CPLEX results. Gap: 84.350000, upper bound: 230.000000, lower bound: 36.000000
[INFO]:[01:40:16] CPLEX solver finished. Gap: 84.350000
[INFO]:[01:40:16] Starting CPLEX solver on instance: /home/yorig/tuner/mpils-tests/instances/miplib/easy/fastxgemm-n2r6s0t2.mps with config: /scratch/yorig/mpils-results-grid-seconds-5-4may/easy/2proc/seed-1/2_fastxgemm-n2r6s0t2_seed-1_20260505_013629/expansion/config_param_CPXPARAM_MIP_Strategy_BBInterval_30_iter_2.prm
[INFO]:[01:40:21] CPLEX results. Gap: 84.350000, upper bound: 230.000000, lower bound: 36.000000
[INFO]:[01:40:21] CPLEX solver finished. Gap: 84.350000
[INFO]:[01:40:21] Starting CPLEX solver on instance: /home/yorig/tuner/mpils-tests/instances/miplib/easy/fastxgemm-n2r6s0t2.mps with config: /scratch/yorig/mpils-results-grid-seconds-5-4may/easy/2proc/seed-1/2_fastxgemm-n2r6s0t2_seed-1_20260505_013629/expansion/config_param_CPXPARAM_MIP_Strategy_Branch_1_iter_2.prm
[INFO]:[01:40:26] CPLEX results. Gap: 86.300000, upper bound: 230.000000, lower bound: 31.500000
[INFO]:[01:40:26] CPLEX solver finished. Gap: 86.300000
[INFO]:[01:40:26] Starting CPLEX solver on instance: /home/yorig/tuner/mpils-tests/instances/miplib/easy/fastxgemm-n2r6s0t2.mps with config: /scratch/yorig/mpils-results-grid-seconds-5-4may/easy/2proc/seed-1/2_fastxgemm-n2r6s0t2_seed-1_20260505_013629/expansion/config_param_CPXPARAM_MIP_Limits_CutsFactor_2_iter_2.prm
[INFO]:[01:40:31] CPLEX results. Gap: 84.350000, upper bound: 230.000000, lower bound: 36.000000
[INFO]:[01:40:31] CPLEX solver finished. Gap: 84.350000
[INFO]:[01:40:31] Starting CPLEX solver on instance: /home/yorig/tuner/mpils-tests/instances/miplib/easy/fastxgemm-n2r6s0t2.mps with config: /scratch/yorig/mpils-results-grid-seconds-5-4may/easy/2proc/seed-1/2_fastxgemm-n2r6s0t2_seed-1_20260505_013629/expansion/config_param_CPXPARAM_MIP_Limits_CutsFactor_8_iter_2.prm
[INFO]:[01:40:36] CPLEX results. Gap: 84.350000, upper bound: 230.000000, lower bound: 36.000000
[INFO]:[01:40:36] CPLEX solver finished. Gap: 84.350000
[INFO]:[01:40:36] Starting CPLEX solver on instance: /home/yorig/tuner/mpils-tests/instances/miplib/easy/fastxgemm-n2r6s0t2.mps with config: /scratch/yorig/mpils-results-grid-seconds-5-4may/easy/2proc/seed-1/2_fastxgemm-n2r6s0t2_seed-1_20260505_013629/expansion/config_param_CPXPARAM_MIP_Strategy_PresolveNode_-1_iter_2.prm
[INFO]:[01:40:41] CPLEX results. Gap: 85.650000, upper bound: 230.000000, lower bound: 33.000000
[INFO]:[01:40:41] CPLEX solver finished. Gap: 85.650000
[INFO]:[01:40:41] Starting CPLEX solver on instance: /home/yorig/tuner/mpils-tests/instances/miplib/easy/fastxgemm-n2r6s0t2.mps with config: /scratch/yorig/mpils-results-grid-seconds-5-4may/easy/2proc/seed-1/2_fastxgemm-n2r6s0t2_seed-1_20260505_013629/expansion/config_param_CPXPARAM_MIP_Strategy_PresolveNode_2_iter_2.prm
[INFO]:[01:40:46] CPLEX results. Gap: 85.220000, upper bound: 230.000000, lower bound: 34.000000
[INFO]:[01:40:46] CPLEX solver finished. Gap: 85.220000
[INFO]:[01:40:46] Expansion Worker 1 stopping early after global MPI expansion stop was activated.
[INFO]:[01:40:46] Expansion Worker 1 completed expansion.
[INFO]:[01:40:46] Worker 1 completed expansion phase.
[INFO]:[01:40:46] Worker 1 received order for step 1.
[INFO]:[01:40:46] Worker 1 running exploration phase for iteration 3.
[INFO]:[01:40:46] Worker 1 at iteration 3 will not use a MIP start file. Current best MIP-start upper bound threshold is 1.79769e+308.
[INFO]:[01:40:46] Starting local search phase...
[INFO]:[01:40:46] Creating local search space from parameter space file: /scratch/yorig/mpils-results-grid-seconds-5-4may/easy/2proc/seed-1/2_fastxgemm-n2r6s0t2_seed-1_20260505_013629/iterated_local_search/search_space/search_space_file_3_worker_1.txt
[INFO]:[01:40:46] Local search space loaded from file: /scratch/yorig/mpils-results-grid-seconds-5-4may/easy/2proc/seed-1/2_fastxgemm-n2r6s0t2_seed-1_20260505_013629/iterated_local_search/search_space/search_space_file_3_worker_1.txt
[INFO]:[01:40:46] Number of parameters in local search space: 71
[INFO]:[01:40:46] Number of forbidden tuples in local search space: 29
[INFO]:[01:40:46] Number of conditionals in local search space: 6
[INFO]:[01:40:46] MIP start option not enabled. Local search will proceed without MIP start.
[INFO]:[01:40:46] Evaluating initial configuration for local search phase...
[INFO]:[01:40:46] Starting CPLEX solver on instance: /home/yorig/tuner/mpils-tests/instances/miplib/easy/fastxgemm-n2r6s0t2.mps with config: /scratch/yorig/mpils-results-grid-seconds-5-4may/easy/2proc/seed-1/2_fastxgemm-n2r6s0t2_seed-1_20260505_013629/iterated_local_search/run_3_worker_1/ils_config_5173427619210896753.prm
[INFO]:[01:40:46] Starting CPLEX solver on instance: /home/yorig/tuner/mpils-tests/instances/miplib/easy/fastxgemm-n2r6s0t2.mps with config: /scratch/yorig/mpils-results-grid-seconds-5-4may/easy/2proc/seed-1/2_fastxgemm-n2r6s0t2_seed-1_20260505_013629/iterated_local_search/run_3_worker_1/ils_config_5173427619210896753.prm
[INFO]:[01:40:51] CPLEX results. Gap: 88.260000, upper bound: 230.000000, lower bound: 27.000000
[INFO]:[01:40:51] CPLEX solver finished. Gap: 88.260000
[INFO]:[01:40:51] Initial configuration evaluated with objective value: 88.26
[INFO]:[01:40:51] Starting CPLEX solver on instance: /home/yorig/tuner/mpils-tests/instances/miplib/easy/fastxgemm-n2r6s0t2.mps with config: /scratch/yorig/mpils-results-grid-seconds-5-4may/easy/2proc/seed-1/2_fastxgemm-n2r6s0t2_seed-1_20260505_013629/iterated_local_search/run_3_worker_1/ils_config_1710147635087202682.prm
[INFO]:[01:40:51] Starting CPLEX solver on instance: /home/yorig/tuner/mpils-tests/instances/miplib/easy/fastxgemm-n2r6s0t2.mps with config: /scratch/yorig/mpils-results-grid-seconds-5-4may/easy/2proc/seed-1/2_fastxgemm-n2r6s0t2_seed-1_20260505_013629/iterated_local_search/run_3_worker_1/ils_config_1710147635087202682.prm
[INFO]:[01:40:56] CPLEX results. Gap: 88.260000, upper bound: 230.000000, lower bound: 27.000000
[INFO]:[01:40:56] CPLEX solver finished. Gap: 88.260000
[INFO]:[01:40:56] Starting CPLEX solver on instance: /home/yorig/tuner/mpils-tests/instances/miplib/easy/fastxgemm-n2r6s0t2.mps with config: /scratch/yorig/mpils-results-grid-seconds-5-4may/easy/2proc/seed-1/2_fastxgemm-n2r6s0t2_seed-1_20260505_013629/iterated_local_search/run_3_worker_1/ils_config_13573920141516825553.prm
[INFO]:[01:40:56] Starting CPLEX solver on instance: /home/yorig/tuner/mpils-tests/instances/miplib/easy/fastxgemm-n2r6s0t2.mps with config: /scratch/yorig/mpils-results-grid-seconds-5-4may/easy/2proc/seed-1/2_fastxgemm-n2r6s0t2_seed-1_20260505_013629/iterated_local_search/run_3_worker_1/ils_config_13573920141516825553.prm
[INFO]:[01:41:01] CPLEX results. Gap: 88.260000, upper bound: 230.000000, lower bound: 27.000000
[INFO]:[01:41:01] CPLEX solver finished. Gap: 88.260000
[INFO]:[01:41:01] Starting CPLEX solver on instance: /home/yorig/tuner/mpils-tests/instances/miplib/easy/fastxgemm-n2r6s0t2.mps with config: /scratch/yorig/mpils-results-grid-seconds-5-4may/easy/2proc/seed-1/2_fastxgemm-n2r6s0t2_seed-1_20260505_013629/iterated_local_search/run_3_worker_1/ils_config_11660858720437273125.prm
[INFO]:[01:41:01] Starting CPLEX solver on instance: /home/yorig/tuner/mpils-tests/instances/miplib/easy/fastxgemm-n2r6s0t2.mps with config: /scratch/yorig/mpils-results-grid-seconds-5-4may/easy/2proc/seed-1/2_fastxgemm-n2r6s0t2_seed-1_20260505_013629/iterated_local_search/run_3_worker_1/ils_config_11660858720437273125.prm
[INFO]:[01:41:06] CPLEX results. Gap: 88.260000, upper bound: 230.000000, lower bound: 27.000000
[INFO]:[01:41:06] CPLEX solver finished. Gap: 88.260000
[INFO]:[01:41:06] Starting CPLEX solver on instance: /home/yorig/tuner/mpils-tests/instances/miplib/easy/fastxgemm-n2r6s0t2.mps with config: /scratch/yorig/mpils-results-grid-seconds-5-4may/easy/2proc/seed-1/2_fastxgemm-n2r6s0t2_seed-1_20260505_013629/iterated_local_search/run_3_worker_1/ils_config_366781169930672627.prm
[INFO]:[01:41:06] Starting CPLEX solver on instance: /home/yorig/tuner/mpils-tests/instances/miplib/easy/fastxgemm-n2r6s0t2.mps with config: /scratch/yorig/mpils-results-grid-seconds-5-4may/easy/2proc/seed-1/2_fastxgemm-n2r6s0t2_seed-1_20260505_013629/iterated_local_search/run_3_worker_1/ils_config_366781169930672627.prm
[INFO]:[01:41:11] CPLEX results. Gap: 88.260000, upper bound: 230.000000, lower bound: 27.000000
[INFO]:[01:41:11] CPLEX solver finished. Gap: 88.260000
[INFO]:[01:41:11] Starting CPLEX solver on instance: /home/yorig/tuner/mpils-tests/instances/miplib/easy/fastxgemm-n2r6s0t2.mps with config: /scratch/yorig/mpils-results-grid-seconds-5-4may/easy/2proc/seed-1/2_fastxgemm-n2r6s0t2_seed-1_20260505_013629/iterated_local_search/run_3_worker_1/ils_config_656717026828299428.prm
[INFO]:[01:41:11] Starting CPLEX solver on instance: /home/yorig/tuner/mpils-tests/instances/miplib/easy/fastxgemm-n2r6s0t2.mps with config: /scratch/yorig/mpils-results-grid-seconds-5-4may/easy/2proc/seed-1/2_fastxgemm-n2r6s0t2_seed-1_20260505_013629/iterated_local_search/run_3_worker_1/ils_config_656717026828299428.prm
[INFO]:[01:41:16] CPLEX results. Gap: 88.260000, upper bound: 230.000000, lower bound: 27.000000
[INFO]:[01:41:16] CPLEX solver finished. Gap: 88.260000
[INFO]:[01:41:16] Starting CPLEX solver on instance: /home/yorig/tuner/mpils-tests/instances/miplib/easy/fastxgemm-n2r6s0t2.mps with config: /scratch/yorig/mpils-results-grid-seconds-5-4may/easy/2proc/seed-1/2_fastxgemm-n2r6s0t2_seed-1_20260505_013629/iterated_local_search/run_3_worker_1/ils_config_5356580994562498556.prm
[INFO]:[01:41:16] Starting CPLEX solver on instance: /home/yorig/tuner/mpils-tests/instances/miplib/easy/fastxgemm-n2r6s0t2.mps with config: /scratch/yorig/mpils-results-grid-seconds-5-4may/easy/2proc/seed-1/2_fastxgemm-n2r6s0t2_seed-1_20260505_013629/iterated_local_search/run_3_worker_1/ils_config_5356580994562498556.prm
[INFO]:[01:41:21] CPLEX results. Gap: 88.260000, upper bound: 230.000000, lower bound: 27.000000
[INFO]:[01:41:21] CPLEX solver finished. Gap: 88.260000
[INFO]:[01:41:21] Starting CPLEX solver on instance: /home/yorig/tuner/mpils-tests/instances/miplib/easy/fastxgemm-n2r6s0t2.mps with config: /scratch/yorig/mpils-results-grid-seconds-5-4may/easy/2proc/seed-1/2_fastxgemm-n2r6s0t2_seed-1_20260505_013629/iterated_local_search/run_3_worker_1/ils_config_12715950164694218273.prm
[INFO]:[01:41:21] Starting CPLEX solver on instance: /home/yorig/tuner/mpils-tests/instances/miplib/easy/fastxgemm-n2r6s0t2.mps with config: /scratch/yorig/mpils-results-grid-seconds-5-4may/easy/2proc/seed-1/2_fastxgemm-n2r6s0t2_seed-1_20260505_013629/iterated_local_search/run_3_worker_1/ils_config_12715950164694218273.prm
[INFO]:[01:41:26] CPLEX results. Gap: 88.260000, upper bound: 230.000000, lower bound: 27.000000
[INFO]:[01:41:26] CPLEX solver finished. Gap: 88.260000
[INFO]:[01:41:26] Starting CPLEX solver on instance: /home/yorig/tuner/mpils-tests/instances/miplib/easy/fastxgemm-n2r6s0t2.mps with config: /scratch/yorig/mpils-results-grid-seconds-5-4may/easy/2proc/seed-1/2_fastxgemm-n2r6s0t2_seed-1_20260505_013629/iterated_local_search/run_3_worker_1/ils_config_558000127467906251.prm
[INFO]:[01:41:26] Starting CPLEX solver on instance: /home/yorig/tuner/mpils-tests/instances/miplib/easy/fastxgemm-n2r6s0t2.mps with config: /scratch/yorig/mpils-results-grid-seconds-5-4may/easy/2proc/seed-1/2_fastxgemm-n2r6s0t2_seed-1_20260505_013629/iterated_local_search/run_3_worker_1/ils_config_558000127467906251.prm
[INFO]:[01:41:31] CPLEX results. Gap: 88.260000, upper bound: 230.000000, lower bound: 27.000000
[INFO]:[01:41:31] CPLEX solver finished. Gap: 88.260000
[INFO]:[01:41:31] Starting CPLEX solver on instance: /home/yorig/tuner/mpils-tests/instances/miplib/easy/fastxgemm-n2r6s0t2.mps with config: /scratch/yorig/mpils-results-grid-seconds-5-4may/easy/2proc/seed-1/2_fastxgemm-n2r6s0t2_seed-1_20260505_013629/iterated_local_search/run_3_worker_1/ils_config_11191994332705250903.prm
[INFO]:[01:41:31] Starting CPLEX solver on instance: /home/yorig/tuner/mpils-tests/instances/miplib/easy/fastxgemm-n2r6s0t2.mps with config: /scratch/yorig/mpils-results-grid-seconds-5-4may/easy/2proc/seed-1/2_fastxgemm-n2r6s0t2_seed-1_20260505_013629/iterated_local_search/run_3_worker_1/ils_config_11191994332705250903.prm
[INFO]:[01:41:36] CPLEX results. Gap: 88.260000, upper bound: 230.000000, lower bound: 27.000000
[INFO]:[01:41:36] CPLEX solver finished. Gap: 88.260000
[INFO]:[01:41:36] Starting CPLEX solver on instance: /home/yorig/tuner/mpils-tests/instances/miplib/easy/fastxgemm-n2r6s0t2.mps with config: /scratch/yorig/mpils-results-grid-seconds-5-4may/easy/2proc/seed-1/2_fastxgemm-n2r6s0t2_seed-1_20260505_013629/iterated_local_search/run_3_worker_1/ils_config_3468389040040952814.prm
[INFO]:[01:41:36] Starting CPLEX solver on instance: /home/yorig/tuner/mpils-tests/instances/miplib/easy/fastxgemm-n2r6s0t2.mps with config: /scratch/yorig/mpils-results-grid-seconds-5-4may/easy/2proc/seed-1/2_fastxgemm-n2r6s0t2_seed-1_20260505_013629/iterated_local_search/run_3_worker_1/ils_config_3468389040040952814.prm
[INFO]:[01:41:41] CPLEX results. Gap: 88.260000, upper bound: 230.000000, lower bound: 27.000000
[INFO]:[01:41:41] CPLEX solver finished. Gap: 88.260000
[INFO]:[01:41:41] Starting CPLEX solver on instance: /home/yorig/tuner/mpils-tests/instances/miplib/easy/fastxgemm-n2r6s0t2.mps with config: /scratch/yorig/mpils-results-grid-seconds-5-4may/easy/2proc/seed-1/2_fastxgemm-n2r6s0t2_seed-1_20260505_013629/iterated_local_search/run_3_worker_1/ils_config_9841395596631288371.prm
[INFO]:[01:41:41] Starting CPLEX solver on instance: /home/yorig/tuner/mpils-tests/instances/miplib/easy/fastxgemm-n2r6s0t2.mps with config: /scratch/yorig/mpils-results-grid-seconds-5-4may/easy/2proc/seed-1/2_fastxgemm-n2r6s0t2_seed-1_20260505_013629/iterated_local_search/run_3_worker_1/ils_config_9841395596631288371.prm
[INFO]:[01:41:46] CPLEX results. Gap: 88.260000, upper bound: 230.000000, lower bound: 27.000000
[INFO]:[01:41:46] CPLEX solver finished. Gap: 88.260000
[INFO]:[01:41:46] Starting CPLEX solver on instance: /home/yorig/tuner/mpils-tests/instances/miplib/easy/fastxgemm-n2r6s0t2.mps with config: /scratch/yorig/mpils-results-grid-seconds-5-4may/easy/2proc/seed-1/2_fastxgemm-n2r6s0t2_seed-1_20260505_013629/iterated_local_search/run_3_worker_1/ils_config_11181488988611307772.prm
[INFO]:[01:41:46] Starting CPLEX solver on instance: /home/yorig/tuner/mpils-tests/instances/miplib/easy/fastxgemm-n2r6s0t2.mps with config: /scratch/yorig/mpils-results-grid-seconds-5-4may/easy/2proc/seed-1/2_fastxgemm-n2r6s0t2_seed-1_20260505_013629/iterated_local_search/run_3_worker_1/ils_config_11181488988611307772.prm
[INFO]:[01:41:51] CPLEX results. Gap: 88.260000, upper bound: 230.000000, lower bound: 27.000000
[INFO]:[01:41:51] CPLEX solver finished. Gap: 88.260000
[INFO]:[01:41:51] Starting CPLEX solver on instance: /home/yorig/tuner/mpils-tests/instances/miplib/easy/fastxgemm-n2r6s0t2.mps with config: /scratch/yorig/mpils-results-grid-seconds-5-4may/easy/2proc/seed-1/2_fastxgemm-n2r6s0t2_seed-1_20260505_013629/iterated_local_search/run_3_worker_1/ils_config_13352543164348067405.prm
[INFO]:[01:41:51] Starting CPLEX solver on instance: /home/yorig/tuner/mpils-tests/instances/miplib/easy/fastxgemm-n2r6s0t2.mps with config: /scratch/yorig/mpils-results-grid-seconds-5-4may/easy/2proc/seed-1/2_fastxgemm-n2r6s0t2_seed-1_20260505_013629/iterated_local_search/run_3_worker_1/ils_config_13352543164348067405.prm
[INFO]:[01:41:56] CPLEX results. Gap: 88.260000, upper bound: 230.000000, lower bound: 27.000000
[INFO]:[01:41:56] CPLEX solver finished. Gap: 88.260000
[INFO]:[01:41:56] Starting CPLEX solver on instance: /home/yorig/tuner/mpils-tests/instances/miplib/easy/fastxgemm-n2r6s0t2.mps with config: /scratch/yorig/mpils-results-grid-seconds-5-4may/easy/2proc/seed-1/2_fastxgemm-n2r6s0t2_seed-1_20260505_013629/iterated_local_search/run_3_worker_1/ils_config_9842303027442172200.prm
[INFO]:[01:41:56] Starting CPLEX solver on instance: /home/yorig/tuner/mpils-tests/instances/miplib/easy/fastxgemm-n2r6s0t2.mps with config: /scratch/yorig/mpils-results-grid-seconds-5-4may/easy/2proc/seed-1/2_fastxgemm-n2r6s0t2_seed-1_20260505_013629/iterated_local_search/run_3_worker_1/ils_config_9842303027442172200.prm
[INFO]:[01:42:01] CPLEX results. Gap: 88.260000, upper bound: 230.000000, lower bound: 27.000000
[INFO]:[01:42:01] CPLEX solver finished. Gap: 88.260000
[INFO]:[01:42:01] Local search phase completed.
[INFO]:[01:42:01] Total number of new local-search evaluations: 15
[INFO]:[01:42:01] Final incumbent objective value: 88.26
[INFO]:[01:42:01] Worker 1 completed exploration phase.
[INFO]:[01:42:01] Worker 1 received order for step 2.
[INFO]:[01:42:01] Worker 1 running expansion phase for iteration 3.
[INFO]:[01:42:01] Worker 1 will use solver log file: /scratch/yorig/mpils-results-grid-seconds-5-4may/easy/2proc/seed-1/2_fastxgemm-n2r6s0t2_seed-1_20260505_013629/solver/cplex.log_iteration_expansion_3_worker_1
[INFO]:[01:42:01] Expansion Worker 1 starting expansion for iteration 3.
[INFO]:[01:42:01] Starting CPLEX solver on instance: /home/yorig/tuner/mpils-tests/instances/miplib/easy/fastxgemm-n2r6s0t2.mps with config: /scratch/yorig/mpils-results-grid-seconds-5-4may/easy/2proc/seed-1/2_fastxgemm-n2r6s0t2_seed-1_20260505_013629/expansion/config_param_CPXPARAM_Preprocessing_Presolve_0_iter_3.prm
[INFO]:[01:42:06] CPLEX results. Gap: 94.880000, upper bound: 527.000000, lower bound: 27.000000
[INFO]:[01:42:06] CPLEX solver finished. Gap: 94.880000
[INFO]:[01:42:06] Expansion Worker 1 stopping early after global MPI expansion stop was activated.
[INFO]:[01:42:06] Expansion Worker 1 completed expansion.
[INFO]:[01:42:06] Worker 1 completed expansion phase.
[INFO]:[01:42:06] Worker 1 received order for step 1.
[INFO]:[01:42:06] Worker 1 running exploration phase for iteration 4.
[INFO]:[01:42:06] Worker 1 at iteration 4 will not use a MIP start file. Current best MIP-start upper bound threshold is 1.79769e+308.
[INFO]:[01:42:06] Starting local search phase...
[INFO]:[01:42:06] Creating local search space from parameter space file: /scratch/yorig/mpils-results-grid-seconds-5-4may/easy/2proc/seed-1/2_fastxgemm-n2r6s0t2_seed-1_20260505_013629/iterated_local_search/search_space/search_space_file_4_worker_1.txt
[INFO]:[01:42:06] Local search space loaded from file: /scratch/yorig/mpils-results-grid-seconds-5-4may/easy/2proc/seed-1/2_fastxgemm-n2r6s0t2_seed-1_20260505_013629/iterated_local_search/search_space/search_space_file_4_worker_1.txt
[INFO]:[01:42:06] Number of parameters in local search space: 71
[INFO]:[01:42:06] Number of forbidden tuples in local search space: 42
[INFO]:[01:42:06] Number of conditionals in local search space: 6
[INFO]:[01:42:06] MIP start option not enabled. Local search will proceed without MIP start.
[INFO]:[01:42:06] Evaluating initial configuration for local search phase...
[INFO]:[01:42:06] Starting CPLEX solver on instance: /home/yorig/tuner/mpils-tests/instances/miplib/easy/fastxgemm-n2r6s0t2.mps with config: /scratch/yorig/mpils-results-grid-seconds-5-4may/easy/2proc/seed-1/2_fastxgemm-n2r6s0t2_seed-1_20260505_013629/iterated_local_search/run_4_worker_1/ils_config_17052511870973231959.prm
[INFO]:[01:42:06] Starting CPLEX solver on instance: /home/yorig/tuner/mpils-tests/instances/miplib/easy/fastxgemm-n2r6s0t2.mps with config: /scratch/yorig/mpils-results-grid-seconds-5-4may/easy/2proc/seed-1/2_fastxgemm-n2r6s0t2_seed-1_20260505_013629/iterated_local_search/run_4_worker_1/ils_config_17052511870973231959.prm
[INFO]:[01:42:11] CPLEX results. Gap: 88.560000, upper bound: 236.000000, lower bound: 27.000000
[INFO]:[01:42:11] CPLEX solver finished. Gap: 88.560000
[INFO]:[01:42:11] Initial configuration evaluated with objective value: 88.56
[INFO]:[01:42:11] Starting CPLEX solver on instance: /home/yorig/tuner/mpils-tests/instances/miplib/easy/fastxgemm-n2r6s0t2.mps with config: /scratch/yorig/mpils-results-grid-seconds-5-4may/easy/2proc/seed-1/2_fastxgemm-n2r6s0t2_seed-1_20260505_013629/iterated_local_search/run_4_worker_1/ils_config_5595794622492829935.prm
[INFO]:[01:42:11] Starting CPLEX solver on instance: /home/yorig/tuner/mpils-tests/instances/miplib/easy/fastxgemm-n2r6s0t2.mps with config: /scratch/yorig/mpils-results-grid-seconds-5-4may/easy/2proc/seed-1/2_fastxgemm-n2r6s0t2_seed-1_20260505_013629/iterated_local_search/run_4_worker_1/ils_config_5595794622492829935.prm
[INFO]:[01:42:16] CPLEX results. Gap: 88.560000, upper bound: 236.000000, lower bound: 27.000000
[INFO]:[01:42:16] CPLEX solver finished. Gap: 88.560000
[INFO]:[01:42:16] Starting CPLEX solver on instance: /home/yorig/tuner/mpils-tests/instances/miplib/easy/fastxgemm-n2r6s0t2.mps with config: /scratch/yorig/mpils-results-grid-seconds-5-4may/easy/2proc/seed-1/2_fastxgemm-n2r6s0t2_seed-1_20260505_013629/iterated_local_search/run_4_worker_1/ils_config_12093798785408424360.prm
[INFO]:[01:42:16] Starting CPLEX solver on instance: /home/yorig/tuner/mpils-tests/instances/miplib/easy/fastxgemm-n2r6s0t2.mps with config: /scratch/yorig/mpils-results-grid-seconds-5-4may/easy/2proc/seed-1/2_fastxgemm-n2r6s0t2_seed-1_20260505_013629/iterated_local_search/run_4_worker_1/ils_config_12093798785408424360.prm
[INFO]:[01:42:21] CPLEX results. Gap: 88.260000, upper bound: 230.000000, lower bound: 27.000000
[INFO]:[01:42:21] CPLEX solver finished. Gap: 88.260000
[INFO]:[01:42:21] New incumbent found with objective value: 88.26
[INFO]:[01:42:21] Starting CPLEX solver on instance: /home/yorig/tuner/mpils-tests/instances/miplib/easy/fastxgemm-n2r6s0t2.mps with config: /scratch/yorig/mpils-results-grid-seconds-5-4may/easy/2proc/seed-1/2_fastxgemm-n2r6s0t2_seed-1_20260505_013629/iterated_local_search/run_4_worker_1/ils_config_15070936812475674342.prm
[INFO]:[01:42:21] Starting CPLEX solver on instance: /home/yorig/tuner/mpils-tests/instances/miplib/easy/fastxgemm-n2r6s0t2.mps with config: /scratch/yorig/mpils-results-grid-seconds-5-4may/easy/2proc/seed-1/2_fastxgemm-n2r6s0t2_seed-1_20260505_013629/iterated_local_search/run_4_worker_1/ils_config_15070936812475674342.prm
[INFO]:[01:42:26] CPLEX results. Gap: 88.260000, upper bound: 230.000000, lower bound: 27.000000
[INFO]:[01:42:26] CPLEX solver finished. Gap: 88.260000
[INFO]:[01:42:26] Starting CPLEX solver on instance: /home/yorig/tuner/mpils-tests/instances/miplib/easy/fastxgemm-n2r6s0t2.mps with config: /scratch/yorig/mpils-results-grid-seconds-5-4may/easy/2proc/seed-1/2_fastxgemm-n2r6s0t2_seed-1_20260505_013629/iterated_local_search/run_4_worker_1/ils_config_18082912899893930901.prm
[INFO]:[01:42:26] Starting CPLEX solver on instance: /home/yorig/tuner/mpils-tests/instances/miplib/easy/fastxgemm-n2r6s0t2.mps with config: /scratch/yorig/mpils-results-grid-seconds-5-4may/easy/2proc/seed-1/2_fastxgemm-n2r6s0t2_seed-1_20260505_013629/iterated_local_search/run_4_worker_1/ils_config_18082912899893930901.prm
[INFO]:[01:42:31] CPLEX results. Gap: 88.260000, upper bound: 230.000000, lower bound: 27.000000
[INFO]:[01:42:31] CPLEX solver finished. Gap: 88.260000
[INFO]:[01:42:31] Starting CPLEX solver on instance: /home/yorig/tuner/mpils-tests/instances/miplib/easy/fastxgemm-n2r6s0t2.mps with config: /scratch/yorig/mpils-results-grid-seconds-5-4may/easy/2proc/seed-1/2_fastxgemm-n2r6s0t2_seed-1_20260505_013629/iterated_local_search/run_4_worker_1/ils_config_10772488999769874362.prm
[INFO]:[01:42:31] Starting CPLEX solver on instance: /home/yorig/tuner/mpils-tests/instances/miplib/easy/fastxgemm-n2r6s0t2.mps with config: /scratch/yorig/mpils-results-grid-seconds-5-4may/easy/2proc/seed-1/2_fastxgemm-n2r6s0t2_seed-1_20260505_013629/iterated_local_search/run_4_worker_1/ils_config_10772488999769874362.prm
[INFO]:[01:42:36] CPLEX results. Gap: 88.260000, upper bound: 230.000000, lower bound: 27.000000
[INFO]:[01:42:36] CPLEX solver finished. Gap: 88.260000
[INFO]:[01:42:36] Starting CPLEX solver on instance: /home/yorig/tuner/mpils-tests/instances/miplib/easy/fastxgemm-n2r6s0t2.mps with config: /scratch/yorig/mpils-results-grid-seconds-5-4may/easy/2proc/seed-1/2_fastxgemm-n2r6s0t2_seed-1_20260505_013629/iterated_local_search/run_4_worker_1/ils_config_8891422012814361437.prm
[INFO]:[01:42:36] Starting CPLEX solver on instance: /home/yorig/tuner/mpils-tests/instances/miplib/easy/fastxgemm-n2r6s0t2.mps with config: /scratch/yorig/mpils-results-grid-seconds-5-4may/easy/2proc/seed-1/2_fastxgemm-n2r6s0t2_seed-1_20260505_013629/iterated_local_search/run_4_worker_1/ils_config_8891422012814361437.prm
[INFO]:[01:42:42] CPLEX results. Gap: 88.260000, upper bound: 230.000000, lower bound: 27.000000
[INFO]:[01:42:42] CPLEX solver finished. Gap: 88.260000
[INFO]:[01:42:42] Local search phase completed.
[INFO]:[01:42:42] Total number of new local-search evaluations: 7
[INFO]:[01:42:42] Final incumbent objective value: 88.26
[INFO]:[01:42:42] Worker 1 completed exploration phase.
[INFO]:[01:42:42] Worker 1 received order for step 2.
[INFO]:[01:42:42] Worker 1 running expansion phase for iteration 4.
[INFO]:[01:42:42] Worker 1 will use solver log file: /scratch/yorig/mpils-results-grid-seconds-5-4may/easy/2proc/seed-1/2_fastxgemm-n2r6s0t2_seed-1_20260505_013629/solver/cplex.log_iteration_expansion_4_worker_1
[INFO]:[01:42:42] Expansion Worker 1 starting expansion for iteration 4.
[INFO]:[01:42:42] Starting CPLEX solver on instance: /home/yorig/tuner/mpils-tests/instances/miplib/easy/fastxgemm-n2r6s0t2.mps with config: /scratch/yorig/mpils-results-grid-seconds-5-4may/easy/2proc/seed-1/2_fastxgemm-n2r6s0t2_seed-1_20260505_013629/expansion/config_param_CPXPARAM_Preprocessing_Symmetry_0_iter_4.prm
[INFO]:[01:42:47] CPLEX results. Gap: 85.650000, upper bound: 230.000000, lower bound: 33.000000
[INFO]:[01:42:47] CPLEX solver finished. Gap: 85.650000
[INFO]:[01:42:47] Starting CPLEX solver on instance: /home/yorig/tuner/mpils-tests/instances/miplib/easy/fastxgemm-n2r6s0t2.mps with config: /scratch/yorig/mpils-results-grid-seconds-5-4may/easy/2proc/seed-1/2_fastxgemm-n2r6s0t2_seed-1_20260505_013629/expansion/config_param_CPXPARAM_Preprocessing_Symmetry_2_iter_4.prm
[INFO]:[01:42:52] CPLEX results. Gap: 84.410000, upper bound: 230.000000, lower bound: 35.857143
[INFO]:[01:42:52] CPLEX solver finished. Gap: 84.410000
[INFO]:[01:42:52] Starting CPLEX solver on instance: /home/yorig/tuner/mpils-tests/instances/miplib/easy/fastxgemm-n2r6s0t2.mps with config: /scratch/yorig/mpils-results-grid-seconds-5-4may/easy/2proc/seed-1/2_fastxgemm-n2r6s0t2_seed-1_20260505_013629/expansion/config_param_CPXPARAM_Preprocessing_Symmetry_4_iter_4.prm
[INFO]:[01:42:57] CPLEX results. Gap: 84.130000, upper bound: 230.000000, lower bound: 36.500000
[INFO]:[01:42:57] CPLEX solver finished. Gap: 84.130000
[INFO]:[01:42:57] Starting CPLEX solver on instance: /home/yorig/tuner/mpils-tests/instances/miplib/easy/fastxgemm-n2r6s0t2.mps with config: /scratch/yorig/mpils-results-grid-seconds-5-4may/easy/2proc/seed-1/2_fastxgemm-n2r6s0t2_seed-1_20260505_013629/expansion/config_param_CPXPARAM_Preprocessing_Dual_-1_iter_4.prm
[INFO]:[01:43:02] CPLEX results. Gap: 84.060000, upper bound: 230.000000, lower bound: 36.666667
[INFO]:[01:43:02] CPLEX solver finished. Gap: 84.060000
[INFO]:[01:43:02] Expansion Worker 1 stopping early after global MPI expansion stop was activated.
[INFO]:[01:43:02] Expansion Worker 1 completed expansion.
[INFO]:[01:43:02] Worker 1 completed expansion phase.
[INFO]:[01:43:02] Worker 1 received order for step 1.
[INFO]:[01:43:02] Worker 1 running exploration phase for iteration 5.
[INFO]:[01:43:02] Worker 1 at iteration 5 will not use a MIP start file. Current best MIP-start upper bound threshold is 1.79769e+308.
[INFO]:[01:43:02] Starting local search phase...
[INFO]:[01:43:02] Creating local search space from parameter space file: /scratch/yorig/mpils-results-grid-seconds-5-4may/easy/2proc/seed-1/2_fastxgemm-n2r6s0t2_seed-1_20260505_013629/iterated_local_search/search_space/search_space_file_5_worker_1.txt
[INFO]:[01:43:02] Local search space loaded from file: /scratch/yorig/mpils-results-grid-seconds-5-4may/easy/2proc/seed-1/2_fastxgemm-n2r6s0t2_seed-1_20260505_013629/iterated_local_search/search_space/search_space_file_5_worker_1.txt
[INFO]:[01:43:02] Number of parameters in local search space: 71
[INFO]:[01:43:02] Number of forbidden tuples in local search space: 65
[INFO]:[01:43:02] Number of conditionals in local search space: 6
[INFO]:[01:43:02] MIP start option not enabled. Local search will proceed without MIP start.
[INFO]:[01:43:02] Evaluating initial configuration for local search phase...
[INFO]:[01:43:02] Starting CPLEX solver on instance: /home/yorig/tuner/mpils-tests/instances/miplib/easy/fastxgemm-n2r6s0t2.mps with config: /scratch/yorig/mpils-results-grid-seconds-5-4may/easy/2proc/seed-1/2_fastxgemm-n2r6s0t2_seed-1_20260505_013629/iterated_local_search/run_5_worker_1/ils_config_17592236508828841881.prm
[INFO]:[01:43:02] Starting CPLEX solver on instance: /home/yorig/tuner/mpils-tests/instances/miplib/easy/fastxgemm-n2r6s0t2.mps with config: /scratch/yorig/mpils-results-grid-seconds-5-4may/easy/2proc/seed-1/2_fastxgemm-n2r6s0t2_seed-1_20260505_013629/iterated_local_search/run_5_worker_1/ils_config_17592236508828841881.prm
[INFO]:[01:43:07] CPLEX results. Gap: 94.880000, upper bound: 527.000000, lower bound: 27.000000
[INFO]:[01:43:07] CPLEX solver finished. Gap: 94.880000
[INFO]:[01:43:07] Initial configuration evaluated with objective value: 94.88
[INFO]:[01:43:07] Starting CPLEX solver on instance: /home/yorig/tuner/mpils-tests/instances/miplib/easy/fastxgemm-n2r6s0t2.mps with config: /scratch/yorig/mpils-results-grid-seconds-5-4may/easy/2proc/seed-1/2_fastxgemm-n2r6s0t2_seed-1_20260505_013629/iterated_local_search/run_5_worker_1/ils_config_559192484756447676.prm
[INFO]:[01:43:07] Starting CPLEX solver on instance: /home/yorig/tuner/mpils-tests/instances/miplib/easy/fastxgemm-n2r6s0t2.mps with config: /scratch/yorig/mpils-results-grid-seconds-5-4may/easy/2proc/seed-1/2_fastxgemm-n2r6s0t2_seed-1_20260505_013629/iterated_local_search/run_5_worker_1/ils_config_559192484756447676.prm
[INFO]:[01:43:12] CPLEX results. Gap: 88.260000, upper bound: 230.000000, lower bound: 27.000000
[INFO]:[01:43:12] CPLEX solver finished. Gap: 88.260000
[INFO]:[01:43:12] New incumbent found with objective value: 88.26
[INFO]:[01:43:12] Starting CPLEX solver on instance: /home/yorig/tuner/mpils-tests/instances/miplib/easy/fastxgemm-n2r6s0t2.mps with config: /scratch/yorig/mpils-results-grid-seconds-5-4may/easy/2proc/seed-1/2_fastxgemm-n2r6s0t2_seed-1_20260505_013629/iterated_local_search/run_5_worker_1/ils_config_885777828251449393.prm
[INFO]:[01:43:12] Starting CPLEX solver on instance: /home/yorig/tuner/mpils-tests/instances/miplib/easy/fastxgemm-n2r6s0t2.mps with config: /scratch/yorig/mpils-results-grid-seconds-5-4may/easy/2proc/seed-1/2_fastxgemm-n2r6s0t2_seed-1_20260505_013629/iterated_local_search/run_5_worker_1/ils_config_885777828251449393.prm
[INFO]:[01:43:17] CPLEX results. Gap: 88.260000, upper bound: 230.000000, lower bound: 27.000000
[INFO]:[01:43:17] CPLEX solver finished. Gap: 88.260000
[INFO]:[01:43:17] Starting CPLEX solver on instance: /home/yorig/tuner/mpils-tests/instances/miplib/easy/fastxgemm-n2r6s0t2.mps with config: /scratch/yorig/mpils-results-grid-seconds-5-4may/easy/2proc/seed-1/2_fastxgemm-n2r6s0t2_seed-1_20260505_013629/iterated_local_search/run_5_worker_1/ils_config_8744111638793523070.prm
[INFO]:[01:43:17] Starting CPLEX solver on instance: /home/yorig/tuner/mpils-tests/instances/miplib/easy/fastxgemm-n2r6s0t2.mps with config: /scratch/yorig/mpils-results-grid-seconds-5-4may/easy/2proc/seed-1/2_fastxgemm-n2r6s0t2_seed-1_20260505_013629/iterated_local_search/run_5_worker_1/ils_config_8744111638793523070.prm
[INFO]:[01:43:22] CPLEX results. Gap: 88.260000, upper bound: 230.000000, lower bound: 27.000000
[INFO]:[01:43:22] CPLEX solver finished. Gap: 88.260000
[INFO]:[01:43:22] Starting CPLEX solver on instance: /home/yorig/tuner/mpils-tests/instances/miplib/easy/fastxgemm-n2r6s0t2.mps with config: /scratch/yorig/mpils-results-grid-seconds-5-4may/easy/2proc/seed-1/2_fastxgemm-n2r6s0t2_seed-1_20260505_013629/iterated_local_search/run_5_worker_1/ils_config_17212298065037401865.prm
[INFO]:[01:43:22] Starting CPLEX solver on instance: /home/yorig/tuner/mpils-tests/instances/miplib/easy/fastxgemm-n2r6s0t2.mps with config: /scratch/yorig/mpils-results-grid-seconds-5-4may/easy/2proc/seed-1/2_fastxgemm-n2r6s0t2_seed-1_20260505_013629/iterated_local_search/run_5_worker_1/ils_config_17212298065037401865.prm
[INFO]:[01:43:27] CPLEX results. Gap: 88.260000, upper bound: 230.000000, lower bound: 27.000000
[INFO]:[01:43:27] CPLEX solver finished. Gap: 88.260000
[INFO]:[01:43:27] Starting CPLEX solver on instance: /home/yorig/tuner/mpils-tests/instances/miplib/easy/fastxgemm-n2r6s0t2.mps with config: /scratch/yorig/mpils-results-grid-seconds-5-4may/easy/2proc/seed-1/2_fastxgemm-n2r6s0t2_seed-1_20260505_013629/iterated_local_search/run_5_worker_1/ils_config_13507668718985023109.prm
[INFO]:[01:43:27] Starting CPLEX solver on instance: /home/yorig/tuner/mpils-tests/instances/miplib/easy/fastxgemm-n2r6s0t2.mps with config: /scratch/yorig/mpils-results-grid-seconds-5-4may/easy/2proc/seed-1/2_fastxgemm-n2r6s0t2_seed-1_20260505_013629/iterated_local_search/run_5_worker_1/ils_config_13507668718985023109.prm
[INFO]:[01:43:32] CPLEX results. Gap: 88.260000, upper bound: 230.000000, lower bound: 27.000000
[INFO]:[01:43:32] CPLEX solver finished. Gap: 88.260000
[INFO]:[01:43:32] Starting CPLEX solver on instance: /home/yorig/tuner/mpils-tests/instances/miplib/easy/fastxgemm-n2r6s0t2.mps with config: /scratch/yorig/mpils-results-grid-seconds-5-4may/easy/2proc/seed-1/2_fastxgemm-n2r6s0t2_seed-1_20260505_013629/iterated_local_search/run_5_worker_1/ils_config_6825220359254263536.prm
[INFO]:[01:43:32] Starting CPLEX solver on instance: /home/yorig/tuner/mpils-tests/instances/miplib/easy/fastxgemm-n2r6s0t2.mps with config: /scratch/yorig/mpils-results-grid-seconds-5-4may/easy/2proc/seed-1/2_fastxgemm-n2r6s0t2_seed-1_20260505_013629/iterated_local_search/run_5_worker_1/ils_config_6825220359254263536.prm
[INFO]:[01:43:37] CPLEX results. Gap: 88.260000, upper bound: 230.000000, lower bound: 27.000000
[INFO]:[01:43:37] CPLEX solver finished. Gap: 88.260000
[INFO]:[01:43:37] Starting CPLEX solver on instance: /home/yorig/tuner/mpils-tests/instances/miplib/easy/fastxgemm-n2r6s0t2.mps with config: /scratch/yorig/mpils-results-grid-seconds-5-4may/easy/2proc/seed-1/2_fastxgemm-n2r6s0t2_seed-1_20260505_013629/iterated_local_search/run_5_worker_1/ils_config_13575379084903152647.prm
[INFO]:[01:43:37] Starting CPLEX solver on instance: /home/yorig/tuner/mpils-tests/instances/miplib/easy/fastxgemm-n2r6s0t2.mps with config: /scratch/yorig/mpils-results-grid-seconds-5-4may/easy/2proc/seed-1/2_fastxgemm-n2r6s0t2_seed-1_20260505_013629/iterated_local_search/run_5_worker_1/ils_config_13575379084903152647.prm
[INFO]:[01:43:42] CPLEX results. Gap: 88.560000, upper bound: 236.000000, lower bound: 27.000000
[INFO]:[01:43:42] CPLEX solver finished. Gap: 88.560000
[INFO]:[01:43:42] Starting CPLEX solver on instance: /home/yorig/tuner/mpils-tests/instances/miplib/easy/fastxgemm-n2r6s0t2.mps with config: /scratch/yorig/mpils-results-grid-seconds-5-4may/easy/2proc/seed-1/2_fastxgemm-n2r6s0t2_seed-1_20260505_013629/iterated_local_search/run_5_worker_1/ils_config_8312518896925864294.prm
[INFO]:[01:43:42] Starting CPLEX solver on instance: /home/yorig/tuner/mpils-tests/instances/miplib/easy/fastxgemm-n2r6s0t2.mps with config: /scratch/yorig/mpils-results-grid-seconds-5-4may/easy/2proc/seed-1/2_fastxgemm-n2r6s0t2_seed-1_20260505_013629/iterated_local_search/run_5_worker_1/ils_config_8312518896925864294.prm
[INFO]:[01:43:47] CPLEX results. Gap: 94.880000, upper bound: 527.000000, lower bound: 27.000000
[INFO]:[01:43:47] CPLEX solver finished. Gap: 94.880000
[INFO]:[01:43:47] Starting CPLEX solver on instance: /home/yorig/tuner/mpils-tests/instances/miplib/easy/fastxgemm-n2r6s0t2.mps with config: /scratch/yorig/mpils-results-grid-seconds-5-4may/easy/2proc/seed-1/2_fastxgemm-n2r6s0t2_seed-1_20260505_013629/iterated_local_search/run_5_worker_1/ils_config_1386700429628019099.prm
[INFO]:[01:43:47] Starting CPLEX solver on instance: /home/yorig/tuner/mpils-tests/instances/miplib/easy/fastxgemm-n2r6s0t2.mps with config: /scratch/yorig/mpils-results-grid-seconds-5-4may/easy/2proc/seed-1/2_fastxgemm-n2r6s0t2_seed-1_20260505_013629/iterated_local_search/run_5_worker_1/ils_config_1386700429628019099.prm
[INFO]:[01:43:52] CPLEX results. Gap: 88.260000, upper bound: 230.000000, lower bound: 27.000000
[INFO]:[01:43:52] CPLEX solver finished. Gap: 88.260000
[INFO]:[01:43:52] Starting CPLEX solver on instance: /home/yorig/tuner/mpils-tests/instances/miplib/easy/fastxgemm-n2r6s0t2.mps with config: /scratch/yorig/mpils-results-grid-seconds-5-4may/easy/2proc/seed-1/2_fastxgemm-n2r6s0t2_seed-1_20260505_013629/iterated_local_search/run_5_worker_1/ils_config_2280996211743502109.prm
[INFO]:[01:43:52] Starting CPLEX solver on instance: /home/yorig/tuner/mpils-tests/instances/miplib/easy/fastxgemm-n2r6s0t2.mps with config: /scratch/yorig/mpils-results-grid-seconds-5-4may/easy/2proc/seed-1/2_fastxgemm-n2r6s0t2_seed-1_20260505_013629/iterated_local_search/run_5_worker_1/ils_config_2280996211743502109.prm
[INFO]:[01:43:57] CPLEX results. Gap: 88.260000, upper bound: 230.000000, lower bound: 27.000000
[INFO]:[01:43:57] CPLEX solver finished. Gap: 88.260000
[INFO]:[01:43:57] Starting CPLEX solver on instance: /home/yorig/tuner/mpils-tests/instances/miplib/easy/fastxgemm-n2r6s0t2.mps with config: /scratch/yorig/mpils-results-grid-seconds-5-4may/easy/2proc/seed-1/2_fastxgemm-n2r6s0t2_seed-1_20260505_013629/iterated_local_search/run_5_worker_1/ils_config_7625078517039448772.prm
[INFO]:[01:43:57] Starting CPLEX solver on instance: /home/yorig/tuner/mpils-tests/instances/miplib/easy/fastxgemm-n2r6s0t2.mps with config: /scratch/yorig/mpils-results-grid-seconds-5-4may/easy/2proc/seed-1/2_fastxgemm-n2r6s0t2_seed-1_20260505_013629/iterated_local_search/run_5_worker_1/ils_config_7625078517039448772.prm
[INFO]:[01:44:02] CPLEX results. Gap: 88.260000, upper bound: 230.000000, lower bound: 27.000000
[INFO]:[01:44:02] CPLEX solver finished. Gap: 88.260000
[INFO]:[01:44:02] Starting CPLEX solver on instance: /home/yorig/tuner/mpils-tests/instances/miplib/easy/fastxgemm-n2r6s0t2.mps with config: /scratch/yorig/mpils-results-grid-seconds-5-4may/easy/2proc/seed-1/2_fastxgemm-n2r6s0t2_seed-1_20260505_013629/iterated_local_search/run_5_worker_1/ils_config_6816700198873742621.prm
[INFO]:[01:44:02] Starting CPLEX solver on instance: /home/yorig/tuner/mpils-tests/instances/miplib/easy/fastxgemm-n2r6s0t2.mps with config: /scratch/yorig/mpils-results-grid-seconds-5-4may/easy/2proc/seed-1/2_fastxgemm-n2r6s0t2_seed-1_20260505_013629/iterated_local_search/run_5_worker_1/ils_config_6816700198873742621.prm
[INFO]:[01:44:07] CPLEX results. Gap: 88.560000, upper bound: 236.000000, lower bound: 27.000000
[INFO]:[01:44:07] CPLEX solver finished. Gap: 88.560000
[INFO]:[01:44:07] Starting CPLEX solver on instance: /home/yorig/tuner/mpils-tests/instances/miplib/easy/fastxgemm-n2r6s0t2.mps with config: /scratch/yorig/mpils-results-grid-seconds-5-4may/easy/2proc/seed-1/2_fastxgemm-n2r6s0t2_seed-1_20260505_013629/iterated_local_search/run_5_worker_1/ils_config_15904934647168930825.prm
[INFO]:[01:44:07] Starting CPLEX solver on instance: /home/yorig/tuner/mpils-tests/instances/miplib/easy/fastxgemm-n2r6s0t2.mps with config: /scratch/yorig/mpils-results-grid-seconds-5-4may/easy/2proc/seed-1/2_fastxgemm-n2r6s0t2_seed-1_20260505_013629/iterated_local_search/run_5_worker_1/ils_config_15904934647168930825.prm
[INFO]:[01:44:12] CPLEX results. Gap: 88.260000, upper bound: 230.000000, lower bound: 27.000000
[INFO]:[01:44:12] CPLEX solver finished. Gap: 88.260000
[INFO]:[01:44:12] Starting CPLEX solver on instance: /home/yorig/tuner/mpils-tests/instances/miplib/easy/fastxgemm-n2r6s0t2.mps with config: /scratch/yorig/mpils-results-grid-seconds-5-4may/easy/2proc/seed-1/2_fastxgemm-n2r6s0t2_seed-1_20260505_013629/iterated_local_search/run_5_worker_1/ils_config_3753248118438794221.prm
[INFO]:[01:44:12] Starting CPLEX solver on instance: /home/yorig/tuner/mpils-tests/instances/miplib/easy/fastxgemm-n2r6s0t2.mps with config: /scratch/yorig/mpils-results-grid-seconds-5-4may/easy/2proc/seed-1/2_fastxgemm-n2r6s0t2_seed-1_20260505_013629/iterated_local_search/run_5_worker_1/ils_config_3753248118438794221.prm
[INFO]:[01:44:17] CPLEX results. Gap: 88.260000, upper bound: 230.000000, lower bound: 27.000000
[INFO]:[01:44:17] CPLEX solver finished. Gap: 88.260000
[INFO]:[01:44:17] Starting CPLEX solver on instance: /home/yorig/tuner/mpils-tests/instances/miplib/easy/fastxgemm-n2r6s0t2.mps with config: /scratch/yorig/mpils-results-grid-seconds-5-4may/easy/2proc/seed-1/2_fastxgemm-n2r6s0t2_seed-1_20260505_013629/iterated_local_search/run_5_worker_1/ils_config_2043454048645265684.prm
[INFO]:[01:44:17] Starting CPLEX solver on instance: /home/yorig/tuner/mpils-tests/instances/miplib/easy/fastxgemm-n2r6s0t2.mps with config: /scratch/yorig/mpils-results-grid-seconds-5-4may/easy/2proc/seed-1/2_fastxgemm-n2r6s0t2_seed-1_20260505_013629/iterated_local_search/run_5_worker_1/ils_config_2043454048645265684.prm
[INFO]:[01:44:22] CPLEX results. Gap: 88.260000, upper bound: 230.000000, lower bound: 27.000000
[INFO]:[01:44:22] CPLEX solver finished. Gap: 88.260000
[INFO]:[01:44:22] Starting CPLEX solver on instance: /home/yorig/tuner/mpils-tests/instances/miplib/easy/fastxgemm-n2r6s0t2.mps with config: /scratch/yorig/mpils-results-grid-seconds-5-4may/easy/2proc/seed-1/2_fastxgemm-n2r6s0t2_seed-1_20260505_013629/iterated_local_search/run_5_worker_1/ils_config_16561190681743019970.prm
[INFO]:[01:44:22] Starting CPLEX solver on instance: /home/yorig/tuner/mpils-tests/instances/miplib/easy/fastxgemm-n2r6s0t2.mps with config: /scratch/yorig/mpils-results-grid-seconds-5-4may/easy/2proc/seed-1/2_fastxgemm-n2r6s0t2_seed-1_20260505_013629/iterated_local_search/run_5_worker_1/ils_config_16561190681743019970.prm
[INFO]:[01:44:27] CPLEX results. Gap: 88.260000, upper bound: 230.000000, lower bound: 27.000000
[INFO]:[01:44:27] CPLEX solver finished. Gap: 88.260000
[INFO]:[01:44:27] Starting CPLEX solver on instance: /home/yorig/tuner/mpils-tests/instances/miplib/easy/fastxgemm-n2r6s0t2.mps with config: /scratch/yorig/mpils-results-grid-seconds-5-4may/easy/2proc/seed-1/2_fastxgemm-n2r6s0t2_seed-1_20260505_013629/iterated_local_search/run_5_worker_1/ils_config_1120428433343454449.prm
[INFO]:[01:44:27] Starting CPLEX solver on instance: /home/yorig/tuner/mpils-tests/instances/miplib/easy/fastxgemm-n2r6s0t2.mps with config: /scratch/yorig/mpils-results-grid-seconds-5-4may/easy/2proc/seed-1/2_fastxgemm-n2r6s0t2_seed-1_20260505_013629/iterated_local_search/run_5_worker_1/ils_config_1120428433343454449.prm
[INFO]:[01:44:32] CPLEX results. Gap: 88.260000, upper bound: 230.000000, lower bound: 27.000000
[INFO]:[01:44:32] CPLEX solver finished. Gap: 88.260000
[INFO]:[01:44:32] Local search phase completed.
[INFO]:[01:44:32] Total number of new local-search evaluations: 18
[INFO]:[01:44:32] Final incumbent objective value: 88.26
[INFO]:[01:44:32] Worker 1 completed exploration phase.
[INFO]:[01:44:32] Worker 1 received order for step 2.
[INFO]:[01:44:32] Worker 1 running expansion phase for iteration 5.
[INFO]:[01:44:32] Worker 1 will use solver log file: /scratch/yorig/mpils-results-grid-seconds-5-4may/easy/2proc/seed-1/2_fastxgemm-n2r6s0t2_seed-1_20260505_013629/solver/cplex.log_iteration_expansion_5_worker_1
[INFO]:[01:44:32] Expansion Worker 1 starting expansion for iteration 5.
[INFO]:[01:44:32] Starting CPLEX solver on instance: /home/yorig/tuner/mpils-tests/instances/miplib/easy/fastxgemm-n2r6s0t2.mps with config: /scratch/yorig/mpils-results-grid-seconds-5-4may/easy/2proc/seed-1/2_fastxgemm-n2r6s0t2_seed-1_20260505_013629/expansion/config_param_CPXPARAM_Preprocessing_Dual_1_iter_5.prm
[INFO]:[01:44:37] CPLEX results. Gap: 93.740000, upper bound: 527.000000, lower bound: 33.000000
[INFO]:[01:44:37] CPLEX solver finished. Gap: 93.740000
[INFO]:[01:44:37] Starting CPLEX solver on instance: /home/yorig/tuner/mpils-tests/instances/miplib/easy/fastxgemm-n2r6s0t2.mps with config: /scratch/yorig/mpils-results-grid-seconds-5-4may/easy/2proc/seed-1/2_fastxgemm-n2r6s0t2_seed-1_20260505_013629/expansion/config_param_CPXPARAM_MIP_Strategy_HeuristicFreq_-1_iter_5.prm
[WARN]:[01:44:42] CPLEX finished without a primal feasible solution for config /scratch/yorig/mpils-results-grid-seconds-5-4may/easy/2proc/seed-1/2_fastxgemm-n2r6s0t2_seed-1_20260505_013629/expansion/config_param_CPXPARAM_MIP_Strategy_HeuristicFreq_-1_iter_5.prm.
[INFO]:[01:44:42] CPLEX results. Gap: unavailable, upper bound: null, lower bound: 38.999997
[INFO]:[01:44:42] CPLEX solver finished. Gap: 179769313486231570814527423731704356798070567525844996598917476803157260780028538760589558632766878171540458953514382464234321326889464182768467546703537516986049910576551282076245490090389328944075868508455133942304583236903222948165808559332123348274797826204144723168738177180919299881250404026184124858368.000000
[INFO]:[01:44:42] Starting CPLEX solver on instance: /home/yorig/tuner/mpils-tests/instances/miplib/easy/fastxgemm-n2r6s0t2.mps with config: /scratch/yorig/mpils-results-grid-seconds-5-4may/easy/2proc/seed-1/2_fastxgemm-n2r6s0t2_seed-1_20260505_013629/expansion/config_param_CPXPARAM_MIP_Strategy_HeuristicFreq_40_iter_5.prm
[INFO]:[01:44:47] CPLEX results. Gap: 85.510000, upper bound: 230.000000, lower bound: 33.333333
[INFO]:[01:44:47] CPLEX solver finished. Gap: 85.510000
[INFO]:[01:44:47] Starting CPLEX solver on instance: /home/yorig/tuner/mpils-tests/instances/miplib/easy/fastxgemm-n2r6s0t2.mps with config: /scratch/yorig/mpils-results-grid-seconds-5-4may/easy/2proc/seed-1/2_fastxgemm-n2r6s0t2_seed-1_20260505_013629/expansion/config_param_CPXPARAM_MIP_Strategy_HeuristicFreq_500_iter_5.prm
[INFO]:[01:44:52] CPLEX results. Gap: 85.220000, upper bound: 230.000000, lower bound: 34.000000
[INFO]:[01:44:52] CPLEX solver finished. Gap: 85.220000
[INFO]:[01:44:52] Starting CPLEX solver on instance: /home/yorig/tuner/mpils-tests/instances/miplib/easy/fastxgemm-n2r6s0t2.mps with config: /scratch/yorig/mpils-results-grid-seconds-5-4may/easy/2proc/seed-1/2_fastxgemm-n2r6s0t2_seed-1_20260505_013629/expansion/config_param_CPXPARAM_MIP_Strategy_StartAlgorithm_1_iter_5.prm
[INFO]:[01:44:57] CPLEX results. Gap: 93.740000, upper bound: 527.000000, lower bound: 33.000000
[INFO]:[01:44:57] CPLEX solver finished. Gap: 93.740000
[INFO]:[01:44:57] Starting CPLEX solver on instance: /home/yorig/tuner/mpils-tests/instances/miplib/easy/fastxgemm-n2r6s0t2.mps with config: /scratch/yorig/mpils-results-grid-seconds-5-4may/easy/2proc/seed-1/2_fastxgemm-n2r6s0t2_seed-1_20260505_013629/expansion/config_param_CPXPARAM_MIP_Strategy_StartAlgorithm_3_iter_5.prm
[INFO]:[01:45:02] CPLEX results. Gap: 85.890000, upper bound: 230.000000, lower bound: 32.464286
[INFO]:[01:45:02] CPLEX solver finished. Gap: 85.890000
[INFO]:[01:45:02] Starting CPLEX solver on instance: /home/yorig/tuner/mpils-tests/instances/miplib/easy/fastxgemm-n2r6s0t2.mps with config: /scratch/yorig/mpils-results-grid-seconds-5-4may/easy/2proc/seed-1/2_fastxgemm-n2r6s0t2_seed-1_20260505_013629/expansion/config_param_CPXPARAM_MIP_Strategy_StartAlgorithm_5_iter_5.prm
[INFO]:[01:45:07] CPLEX results. Gap: 84.350000, upper bound: 230.000000, lower bound: 36.000000
[INFO]:[01:45:07] CPLEX solver finished. Gap: 84.350000
[INFO]:[01:45:07] Starting CPLEX solver on instance: /home/yorig/tuner/mpils-tests/instances/miplib/easy/fastxgemm-n2r6s0t2.mps with config: /scratch/yorig/mpils-results-grid-seconds-5-4may/easy/2proc/seed-1/2_fastxgemm-n2r6s0t2_seed-1_20260505_013629/expansion/config_param_CPXPARAM_MIP_Strategy_SubAlgorithm_1_iter_5.prm
[INFO]:[01:45:12] CPLEX results. Gap: 96.260000, upper bound: 827.000000, lower bound: 30.970588
[INFO]:[01:45:12] CPLEX solver finished. Gap: 96.260000
[INFO]:[01:45:12] Starting CPLEX solver on instance: /home/yorig/tuner/mpils-tests/instances/miplib/easy/fastxgemm-n2r6s0t2.mps with config: /scratch/yorig/mpils-results-grid-seconds-5-4may/easy/2proc/seed-1/2_fastxgemm-n2r6s0t2_seed-1_20260505_013629/expansion/config_param_CPXPARAM_MIP_Strategy_SubAlgorithm_3_iter_5.prm
[INFO]:[01:45:17] CPLEX results. Gap: 96.770000, upper bound: 836.000000, lower bound: 27.000000
[INFO]:[01:45:17] CPLEX solver finished. Gap: 96.770000
[INFO]:[01:45:17] Starting CPLEX solver on instance: /home/yorig/tuner/mpils-tests/instances/miplib/easy/fastxgemm-n2r6s0t2.mps with config: /scratch/yorig/mpils-results-grid-seconds-5-4may/easy/2proc/seed-1/2_fastxgemm-n2r6s0t2_seed-1_20260505_013629/expansion/config_param_CPXPARAM_MIP_Strategy_SubAlgorithm_5_iter_5.prm
[INFO]:[01:45:22] CPLEX results. Gap: 96.740000, upper bound: 827.000000, lower bound: 27.000000
[INFO]:[01:45:22] CPLEX solver finished. Gap: 96.740000
[INFO]:[01:45:22] Starting CPLEX solver on instance: /home/yorig/tuner/mpils-tests/instances/miplib/easy/fastxgemm-n2r6s0t2.mps with config: /scratch/yorig/mpils-results-grid-seconds-5-4may/easy/2proc/seed-1/2_fastxgemm-n2r6s0t2_seed-1_20260505_013629/expansion/config_param_CPXPARAM_Simplex_DGradient_2_iter_5.prm
[INFO]:[01:45:27] CPLEX results. Gap: 85.870000, upper bound: 230.000000, lower bound: 32.500000
[INFO]:[01:45:27] CPLEX solver finished. Gap: 85.870000
[INFO]:[01:45:27] Starting CPLEX solver on instance: /home/yorig/tuner/mpils-tests/instances/miplib/easy/fastxgemm-n2r6s0t2.mps with config: /scratch/yorig/mpils-results-grid-seconds-5-4may/easy/2proc/seed-1/2_fastxgemm-n2r6s0t2_seed-1_20260505_013629/expansion/config_param_CPXPARAM_Simplex_DGradient_4_iter_5.prm
[INFO]:[01:45:32] CPLEX results. Gap: 85.650000, upper bound: 230.000000, lower bound: 33.000000
[INFO]:[01:45:32] CPLEX solver finished. Gap: 85.650000
[INFO]:[01:45:32] Starting CPLEX solver on instance: /home/yorig/tuner/mpils-tests/instances/miplib/easy/fastxgemm-n2r6s0t2.mps with config: /scratch/yorig/mpils-results-grid-seconds-5-4may/easy/2proc/seed-1/2_fastxgemm-n2r6s0t2_seed-1_20260505_013629/expansion/config_param_CPXPARAM_Simplex_PGradient_-1_iter_5.prm
[INFO]:[01:45:37] CPLEX results. Gap: 93.880000, upper bound: 527.000000, lower bound: 32.250000
[INFO]:[01:45:37] CPLEX solver finished. Gap: 93.880000
[INFO]:[01:45:37] Starting CPLEX solver on instance: /home/yorig/tuner/mpils-tests/instances/miplib/easy/fastxgemm-n2r6s0t2.mps with config: /scratch/yorig/mpils-results-grid-seconds-5-4may/easy/2proc/seed-1/2_fastxgemm-n2r6s0t2_seed-1_20260505_013629/expansion/config_param_CPXPARAM_Simplex_PGradient_2_iter_5.prm
[INFO]:[01:45:42] CPLEX results. Gap: 86.150000, upper bound: 230.000000, lower bound: 31.852941
[INFO]:[01:45:42] CPLEX solver finished. Gap: 86.150000
[INFO]:[01:45:42] Starting CPLEX solver on instance: /home/yorig/tuner/mpils-tests/instances/miplib/easy/fastxgemm-n2r6s0t2.mps with config: /scratch/yorig/mpils-results-grid-seconds-5-4may/easy/2proc/seed-1/2_fastxgemm-n2r6s0t2_seed-1_20260505_013629/expansion/config_param_CPXPARAM_Simplex_PGradient_4_iter_5.prm
[INFO]:[01:45:47] CPLEX results. Gap: 85.650000, upper bound: 230.000000, lower bound: 33.000000
[INFO]:[01:45:47] CPLEX solver finished. Gap: 85.650000
[INFO]:[01:45:47] Starting CPLEX solver on instance: /home/yorig/tuner/mpils-tests/instances/miplib/easy/fastxgemm-n2r6s0t2.mps with config: /scratch/yorig/mpils-results-grid-seconds-5-4may/easy/2proc/seed-1/2_fastxgemm-n2r6s0t2_seed-1_20260505_013629/expansion/config_param_CPXPARAM_Advance_2_iter_5.prm
[INFO]:[01:45:52] CPLEX results. Gap: 77.690000, upper bound: 230.000000, lower bound: 51.305556
[INFO]:[01:45:52] CPLEX solver finished. Gap: 77.690000
[INFO]:[01:45:52] Starting CPLEX solver on instance: /home/yorig/tuner/mpils-tests/instances/miplib/easy/fastxgemm-n2r6s0t2.mps with config: /scratch/yorig/mpils-results-grid-seconds-5-4may/easy/2proc/seed-1/2_fastxgemm-n2r6s0t2_seed-1_20260505_013629/expansion/config_param_CPXPARAM_MIP_Limits_AggForCut_1_iter_5.prm
[INFO]:[01:45:57] CPLEX results. Gap: 85.220000, upper bound: 230.000000, lower bound: 34.000000
[INFO]:[01:45:57] CPLEX solver finished. Gap: 85.220000
[INFO]:[01:45:57] Starting CPLEX solver on instance: /home/yorig/tuner/mpils-tests/instances/miplib/easy/fastxgemm-n2r6s0t2.mps with config: /scratch/yorig/mpils-results-grid-seconds-5-4may/easy/2proc/seed-1/2_fastxgemm-n2r6s0t2_seed-1_20260505_013629/expansion/config_param_CPXPARAM_MIP_Limits_AggForCut_5_iter_5.prm
[INFO]:[01:46:03] CPLEX results. Gap: 85.000000, upper bound: 230.000000, lower bound: 34.500000
[INFO]:[01:46:03] CPLEX solver finished. Gap: 85.000000
[INFO]:[01:46:03] Starting CPLEX solver on instance: /home/yorig/tuner/mpils-tests/instances/miplib/easy/fastxgemm-n2r6s0t2.mps with config: /scratch/yorig/mpils-results-grid-seconds-5-4may/easy/2proc/seed-1/2_fastxgemm-n2r6s0t2_seed-1_20260505_013629/expansion/config_param_CPXPARAM_Preprocessing_Fill_2_iter_5.prm
[INFO]:[01:46:08] CPLEX results. Gap: 77.690000, upper bound: 230.000000, lower bound: 51.305556
[INFO]:[01:46:08] CPLEX solver finished. Gap: 77.690000
[INFO]:[01:46:08] Starting CPLEX solver on instance: /home/yorig/tuner/mpils-tests/instances/miplib/easy/fastxgemm-n2r6s0t2.mps with config: /scratch/yorig/mpils-results-grid-seconds-5-4may/easy/2proc/seed-1/2_fastxgemm-n2r6s0t2_seed-1_20260505_013629/expansion/config_param_CPXPARAM_Preprocessing_Fill_20_iter_5.prm
[INFO]:[01:46:13] CPLEX results. Gap: 77.690000, upper bound: 230.000000, lower bound: 51.305556
[INFO]:[01:46:13] CPLEX solver finished. Gap: 77.690000
[INFO]:[01:46:18] Expansion Worker 1 completed expansion.
[INFO]:[01:46:18] Worker 1 completed expansion phase.
[INFO]:[01:46:18] Worker 1 received order for step 1.
[INFO]:[01:46:18] Worker 1 running exploration phase for iteration 6.
[INFO]:[01:46:18] Worker 1 at iteration 6 will not use a MIP start file. Current best MIP-start upper bound threshold is 1.79769e+308.
[INFO]:[01:46:18] Starting local search phase...
[INFO]:[01:46:18] Creating local search space from parameter space file: /scratch/yorig/mpils-results-grid-seconds-5-4may/easy/2proc/seed-1/2_fastxgemm-n2r6s0t2_seed-1_20260505_013629/iterated_local_search/search_space/search_space_file_6_worker_1.txt
[INFO]:[01:46:18] Local search space loaded from file: /scratch/yorig/mpils-results-grid-seconds-5-4may/easy/2proc/seed-1/2_fastxgemm-n2r6s0t2_seed-1_20260505_013629/iterated_local_search/search_space/search_space_file_6_worker_1.txt
[INFO]:[01:46:18] Number of parameters in local search space: 71
[INFO]:[01:46:18] Number of forbidden tuples in local search space: 67
[INFO]:[01:46:18] Number of conditionals in local search space: 6
[INFO]:[01:46:18] MIP start option not enabled. Local search will proceed without MIP start.
[INFO]:[01:46:18] Evaluating initial configuration for local search phase...
[INFO]:[01:46:18] Starting CPLEX solver on instance: /home/yorig/tuner/mpils-tests/instances/miplib/easy/fastxgemm-n2r6s0t2.mps with config: /scratch/yorig/mpils-results-grid-seconds-5-4may/easy/2proc/seed-1/2_fastxgemm-n2r6s0t2_seed-1_20260505_013629/iterated_local_search/run_6_worker_1/ils_config_7034506788782339224.prm
[INFO]:[01:46:18] Starting CPLEX solver on instance: /home/yorig/tuner/mpils-tests/instances/miplib/easy/fastxgemm-n2r6s0t2.mps with config: /scratch/yorig/mpils-results-grid-seconds-5-4may/easy/2proc/seed-1/2_fastxgemm-n2r6s0t2_seed-1_20260505_013629/iterated_local_search/run_6_worker_1/ils_config_7034506788782339224.prm
[INFO]:[01:46:23] CPLEX results. Gap: 88.260000, upper bound: 230.000000, lower bound: 27.000000
[INFO]:[01:46:23] CPLEX solver finished. Gap: 88.260000
[INFO]:[01:46:23] Initial configuration evaluated with objective value: 88.26
[INFO]:[01:46:23] Starting CPLEX solver on instance: /home/yorig/tuner/mpils-tests/instances/miplib/easy/fastxgemm-n2r6s0t2.mps with config: /scratch/yorig/mpils-results-grid-seconds-5-4may/easy/2proc/seed-1/2_fastxgemm-n2r6s0t2_seed-1_20260505_013629/iterated_local_search/run_6_worker_1/ils_config_1989099782744596890.prm
[INFO]:[01:46:23] Starting CPLEX solver on instance: /home/yorig/tuner/mpils-tests/instances/miplib/easy/fastxgemm-n2r6s0t2.mps with config: /scratch/yorig/mpils-results-grid-seconds-5-4may/easy/2proc/seed-1/2_fastxgemm-n2r6s0t2_seed-1_20260505_013629/iterated_local_search/run_6_worker_1/ils_config_1989099782744596890.prm
[INFO]:[01:46:28] CPLEX results. Gap: 94.880000, upper bound: 527.000000, lower bound: 27.000000
[INFO]:[01:46:28] CPLEX solver finished. Gap: 94.880000
[INFO]:[01:46:28] Starting CPLEX solver on instance: /home/yorig/tuner/mpils-tests/instances/miplib/easy/fastxgemm-n2r6s0t2.mps with config: /scratch/yorig/mpils-results-grid-seconds-5-4may/easy/2proc/seed-1/2_fastxgemm-n2r6s0t2_seed-1_20260505_013629/iterated_local_search/run_6_worker_1/ils_config_544030990020129652.prm
[INFO]:[01:46:28] Starting CPLEX solver on instance: /home/yorig/tuner/mpils-tests/instances/miplib/easy/fastxgemm-n2r6s0t2.mps with config: /scratch/yorig/mpils-results-grid-seconds-5-4may/easy/2proc/seed-1/2_fastxgemm-n2r6s0t2_seed-1_20260505_013629/iterated_local_search/run_6_worker_1/ils_config_544030990020129652.prm
[INFO]:[01:46:33] CPLEX results. Gap: 88.260000, upper bound: 230.000000, lower bound: 27.000000
[INFO]:[01:46:33] CPLEX solver finished. Gap: 88.260000
[INFO]:[01:46:33] Starting CPLEX solver on instance: /home/yorig/tuner/mpils-tests/instances/miplib/easy/fastxgemm-n2r6s0t2.mps with config: /scratch/yorig/mpils-results-grid-seconds-5-4may/easy/2proc/seed-1/2_fastxgemm-n2r6s0t2_seed-1_20260505_013629/iterated_local_search/run_6_worker_1/ils_config_616611078254266076.prm
[INFO]:[01:46:33] Starting CPLEX solver on instance: /home/yorig/tuner/mpils-tests/instances/miplib/easy/fastxgemm-n2r6s0t2.mps with config: /scratch/yorig/mpils-results-grid-seconds-5-4may/easy/2proc/seed-1/2_fastxgemm-n2r6s0t2_seed-1_20260505_013629/iterated_local_search/run_6_worker_1/ils_config_616611078254266076.prm
[INFO]:[01:46:38] CPLEX results. Gap: 88.260000, upper bound: 230.000000, lower bound: 27.000000
[INFO]:[01:46:38] CPLEX solver finished. Gap: 88.260000
[INFO]:[01:46:38] Starting CPLEX solver on instance: /home/yorig/tuner/mpils-tests/instances/miplib/easy/fastxgemm-n2r6s0t2.mps with config: /scratch/yorig/mpils-results-grid-seconds-5-4may/easy/2proc/seed-1/2_fastxgemm-n2r6s0t2_seed-1_20260505_013629/iterated_local_search/run_6_worker_1/ils_config_17361846973475359070.prm
[INFO]:[01:46:38] Starting CPLEX solver on instance: /home/yorig/tuner/mpils-tests/instances/miplib/easy/fastxgemm-n2r6s0t2.mps with config: /scratch/yorig/mpils-results-grid-seconds-5-4may/easy/2proc/seed-1/2_fastxgemm-n2r6s0t2_seed-1_20260505_013629/iterated_local_search/run_6_worker_1/ils_config_17361846973475359070.prm
[INFO]:[01:46:43] CPLEX results. Gap: 88.260000, upper bound: 230.000000, lower bound: 27.000000
[INFO]:[01:46:43] CPLEX solver finished. Gap: 88.260000
[INFO]:[01:46:43] Starting CPLEX solver on instance: /home/yorig/tuner/mpils-tests/instances/miplib/easy/fastxgemm-n2r6s0t2.mps with config: /scratch/yorig/mpils-results-grid-seconds-5-4may/easy/2proc/seed-1/2_fastxgemm-n2r6s0t2_seed-1_20260505_013629/iterated_local_search/run_6_worker_1/ils_config_5869514389980944618.prm
[INFO]:[01:46:43] Starting CPLEX solver on instance: /home/yorig/tuner/mpils-tests/instances/miplib/easy/fastxgemm-n2r6s0t2.mps with config: /scratch/yorig/mpils-results-grid-seconds-5-4may/easy/2proc/seed-1/2_fastxgemm-n2r6s0t2_seed-1_20260505_013629/iterated_local_search/run_6_worker_1/ils_config_5869514389980944618.prm
[INFO]:[01:46:48] CPLEX results. Gap: 88.260000, upper bound: 230.000000, lower bound: 27.000000
[INFO]:[01:46:48] CPLEX solver finished. Gap: 88.260000
[INFO]:[01:46:48] Starting CPLEX solver on instance: /home/yorig/tuner/mpils-tests/instances/miplib/easy/fastxgemm-n2r6s0t2.mps with config: /scratch/yorig/mpils-results-grid-seconds-5-4may/easy/2proc/seed-1/2_fastxgemm-n2r6s0t2_seed-1_20260505_013629/iterated_local_search/run_6_worker_1/ils_config_7921167167842348475.prm
[INFO]:[01:46:48] Starting CPLEX solver on instance: /home/yorig/tuner/mpils-tests/instances/miplib/easy/fastxgemm-n2r6s0t2.mps with config: /scratch/yorig/mpils-results-grid-seconds-5-4may/easy/2proc/seed-1/2_fastxgemm-n2r6s0t2_seed-1_20260505_013629/iterated_local_search/run_6_worker_1/ils_config_7921167167842348475.prm
[INFO]:[01:46:53] CPLEX results. Gap: 88.260000, upper bound: 230.000000, lower bound: 27.000000
[INFO]:[01:46:53] CPLEX solver finished. Gap: 88.260000
[INFO]:[01:46:53] Starting CPLEX solver on instance: /home/yorig/tuner/mpils-tests/instances/miplib/easy/fastxgemm-n2r6s0t2.mps with config: /scratch/yorig/mpils-results-grid-seconds-5-4may/easy/2proc/seed-1/2_fastxgemm-n2r6s0t2_seed-1_20260505_013629/iterated_local_search/run_6_worker_1/ils_config_7906085706767162853.prm
[INFO]:[01:46:53] Starting CPLEX solver on instance: /home/yorig/tuner/mpils-tests/instances/miplib/easy/fastxgemm-n2r6s0t2.mps with config: /scratch/yorig/mpils-results-grid-seconds-5-4may/easy/2proc/seed-1/2_fastxgemm-n2r6s0t2_seed-1_20260505_013629/iterated_local_search/run_6_worker_1/ils_config_7906085706767162853.prm
[INFO]:[01:46:58] CPLEX results. Gap: 88.560000, upper bound: 236.000000, lower bound: 27.000000
[INFO]:[01:46:58] CPLEX solver finished. Gap: 88.560000
[INFO]:[01:46:58] Starting CPLEX solver on instance: /home/yorig/tuner/mpils-tests/instances/miplib/easy/fastxgemm-n2r6s0t2.mps with config: /scratch/yorig/mpils-results-grid-seconds-5-4may/easy/2proc/seed-1/2_fastxgemm-n2r6s0t2_seed-1_20260505_013629/iterated_local_search/run_6_worker_1/ils_config_2498976173219465227.prm
[INFO]:[01:46:58] Starting CPLEX solver on instance: /home/yorig/tuner/mpils-tests/instances/miplib/easy/fastxgemm-n2r6s0t2.mps with config: /scratch/yorig/mpils-results-grid-seconds-5-4may/easy/2proc/seed-1/2_fastxgemm-n2r6s0t2_seed-1_20260505_013629/iterated_local_search/run_6_worker_1/ils_config_2498976173219465227.prm
[INFO]:[01:47:03] CPLEX results. Gap: 88.260000, upper bound: 230.000000, lower bound: 27.000000
[INFO]:[01:47:03] CPLEX solver finished. Gap: 88.260000
[INFO]:[01:47:03] Local search phase completed.
[INFO]:[01:47:03] Total number of new local-search evaluations: 9
[INFO]:[01:47:03] Final incumbent objective value: 88.26
[INFO]:[01:47:03] Worker 1 completed exploration phase.
[INFO]:[01:47:03] Worker 1 received order for step 2.
[INFO]:[01:47:03] Worker 1 running expansion phase for iteration 6.
[INFO]:[01:47:03] Worker 1 will use solver log file: /scratch/yorig/mpils-results-grid-seconds-5-4may/easy/2proc/seed-1/2_fastxgemm-n2r6s0t2_seed-1_20260505_013629/solver/cplex.log_iteration_expansion_6_worker_1
[INFO]:[01:47:03] Expansion Worker 1 starting expansion for iteration 6.
[INFO]:[01:47:03] Starting CPLEX solver on instance: /home/yorig/tuner/mpils-tests/instances/miplib/easy/fastxgemm-n2r6s0t2.mps with config: /scratch/yorig/mpils-results-grid-seconds-5-4may/easy/2proc/seed-1/2_fastxgemm-n2r6s0t2_seed-1_20260505_013629/expansion/config_param_CPXPARAM_Barrier_Crossover_2_iter_6.prm
[INFO]:[01:47:08] CPLEX results. Gap: 77.690000, upper bound: 230.000000, lower bound: 51.305556
[INFO]:[01:47:08] CPLEX solver finished. Gap: 77.690000
[INFO]:[01:47:08] Starting CPLEX solver on instance: /home/yorig/tuner/mpils-tests/instances/miplib/easy/fastxgemm-n2r6s0t2.mps with config: /scratch/yorig/mpils-results-grid-seconds-5-4may/easy/2proc/seed-1/2_fastxgemm-n2r6s0t2_seed-1_20260505_013629/expansion/config_param_CPXPARAM_Barrier_Ordering_2_iter_6.prm
[INFO]:[01:47:13] CPLEX results. Gap: 77.690000, upper bound: 230.000000, lower bound: 51.305556
[INFO]:[01:47:13] CPLEX solver finished. Gap: 77.690000
[INFO]:[01:47:13] Starting CPLEX solver on instance: /home/yorig/tuner/mpils-tests/instances/miplib/easy/fastxgemm-n2r6s0t2.mps with config: /scratch/yorig/mpils-results-grid-seconds-5-4may/easy/2proc/seed-1/2_fastxgemm-n2r6s0t2_seed-1_20260505_013629/expansion/config_param_CPXPARAM_Barrier_StartAlg_2_iter_6.prm
[INFO]:[01:47:18] CPLEX results. Gap: 77.690000, upper bound: 230.000000, lower bound: 51.305556
[INFO]:[01:47:18] CPLEX solver finished. Gap: 77.690000
[INFO]:[01:47:18] Starting CPLEX solver on instance: /home/yorig/tuner/mpils-tests/instances/miplib/easy/fastxgemm-n2r6s0t2.mps with config: /scratch/yorig/mpils-results-grid-seconds-5-4may/easy/2proc/seed-1/2_fastxgemm-n2r6s0t2_seed-1_20260505_013629/expansion/config_param_CPXPARAM_Barrier_StartAlg_4_iter_6.prm
[INFO]:[01:47:23] CPLEX results. Gap: 77.690000, upper bound: 230.000000, lower bound: 51.305556
[INFO]:[01:47:23] CPLEX solver finished. Gap: 77.690000
[INFO]:[01:47:23] Starting CPLEX solver on instance: /home/yorig/tuner/mpils-tests/instances/miplib/easy/fastxgemm-n2r6s0t2.mps with config: /scratch/yorig/mpils-results-grid-seconds-5-4may/easy/2proc/seed-1/2_fastxgemm-n2r6s0t2_seed-1_20260505_013629/expansion/config_param_CPXPARAM_Preprocessing_BoundStrength_1_iter_6.prm
[INFO]:[01:47:28] CPLEX results. Gap: 77.690000, upper bound: 230.000000, lower bound: 51.305556
[INFO]:[01:47:28] CPLEX solver finished. Gap: 77.690000
[INFO]:[01:47:28] Starting CPLEX solver on instance: /home/yorig/tuner/mpils-tests/instances/miplib/easy/fastxgemm-n2r6s0t2.mps with config: /scratch/yorig/mpils-results-grid-seconds-5-4may/easy/2proc/seed-1/2_fastxgemm-n2r6s0t2_seed-1_20260505_013629/expansion/config_param_CPXPARAM_Preprocessing_CoeffReduce_1_iter_6.prm
[INFO]:[01:47:33] CPLEX results. Gap: 77.690000, upper bound: 230.000000, lower bound: 51.305556
[INFO]:[01:47:33] CPLEX solver finished. Gap: 77.690000
[INFO]:[01:47:33] Starting CPLEX solver on instance: /home/yorig/tuner/mpils-tests/instances/miplib/easy/fastxgemm-n2r6s0t2.mps with config: /scratch/yorig/mpils-results-grid-seconds-5-4may/easy/2proc/seed-1/2_fastxgemm-n2r6s0t2_seed-1_20260505_013629/expansion/config_param_CPXPARAM_Preprocessing_CoeffReduce_3_iter_6.prm
[INFO]:[01:47:38] CPLEX results. Gap: 77.690000, upper bound: 230.000000, lower bound: 51.305556
[INFO]:[01:47:38] CPLEX solver finished. Gap: 77.690000
[INFO]:[01:47:38] Starting CPLEX solver on instance: /home/yorig/tuner/mpils-tests/instances/miplib/easy/fastxgemm-n2r6s0t2.mps with config: /scratch/yorig/mpils-results-grid-seconds-5-4may/easy/2proc/seed-1/2_fastxgemm-n2r6s0t2_seed-1_20260505_013629/expansion/config_param_CPXPARAM_Simplex_Crash_0_iter_6.prm
[INFO]:[01:47:43] CPLEX results. Gap: 77.690000, upper bound: 230.000000, lower bound: 51.305556
[INFO]:[01:47:43] CPLEX solver finished. Gap: 77.690000
[INFO]:[01:47:43] Starting CPLEX solver on instance: /home/yorig/tuner/mpils-tests/instances/miplib/easy/fastxgemm-n2r6s0t2.mps with config: /scratch/yorig/mpils-results-grid-seconds-5-4may/easy/2proc/seed-1/2_fastxgemm-n2r6s0t2_seed-1_20260505_013629/expansion/config_param_CPXPARAM_Preprocessing_Dependency_1_iter_6.prm
[INFO]:[01:47:48] CPLEX results. Gap: 85.650000, upper bound: 230.000000, lower bound: 33.000000
[INFO]:[01:47:48] CPLEX solver finished. Gap: 85.650000
[INFO]:[01:47:48] Starting CPLEX solver on instance: /home/yorig/tuner/mpils-tests/instances/miplib/easy/fastxgemm-n2r6s0t2.mps with config: /scratch/yorig/mpils-results-grid-seconds-5-4may/easy/2proc/seed-1/2_fastxgemm-n2r6s0t2_seed-1_20260505_013629/expansion/config_param_CPXPARAM_Preprocessing_Dependency_3_iter_6.prm
[INFO]:[01:47:53] CPLEX results. Gap: 85.650000, upper bound: 230.000000, lower bound: 33.000000
[INFO]:[01:47:53] CPLEX solver finished. Gap: 85.650000
[INFO]:[01:47:53] Starting CPLEX solver on instance: /home/yorig/tuner/mpils-tests/instances/miplib/easy/fastxgemm-n2r6s0t2.mps with config: /scratch/yorig/mpils-results-grid-seconds-5-4may/easy/2proc/seed-1/2_fastxgemm-n2r6s0t2_seed-1_20260505_013629/expansion/config_param_CPXPARAM_Feasopt_Mode_2_iter_6.prm
[INFO]:[01:47:58] CPLEX results. Gap: 77.690000, upper bound: 230.000000, lower bound: 51.305556
[INFO]:[01:47:58] CPLEX solver finished. Gap: 77.690000
[INFO]:[01:47:58] Starting CPLEX solver on instance: /home/yorig/tuner/mpils-tests/instances/miplib/easy/fastxgemm-n2r6s0t2.mps with config: /scratch/yorig/mpils-results-grid-seconds-5-4may/easy/2proc/seed-1/2_fastxgemm-n2r6s0t2_seed-1_20260505_013629/expansion/config_param_CPXPARAM_Feasopt_Mode_4_iter_6.prm
[INFO]:[01:48:03] CPLEX results. Gap: 77.690000, upper bound: 230.000000, lower bound: 51.305556
[INFO]:[01:48:03] CPLEX solver finished. Gap: 77.690000
[INFO]:[01:48:03] Starting CPLEX solver on instance: /home/yorig/tuner/mpils-tests/instances/miplib/easy/fastxgemm-n2r6s0t2.mps with config: /scratch/yorig/mpils-results-grid-seconds-5-4may/easy/2proc/seed-1/2_fastxgemm-n2r6s0t2_seed-1_20260505_013629/expansion/config_param_CPXPARAM_Emphasis_Memory_1_iter_6.prm
[INFO]:[01:48:08] CPLEX results. Gap: 96.290000, upper bound: 827.000000, lower bound: 30.669444
[INFO]:[01:48:08] CPLEX solver finished. Gap: 96.290000
[INFO]:[01:48:08] Starting CPLEX solver on instance: /home/yorig/tuner/mpils-tests/instances/miplib/easy/fastxgemm-n2r6s0t2.mps with config: /scratch/yorig/mpils-results-grid-seconds-5-4may/easy/2proc/seed-1/2_fastxgemm-n2r6s0t2_seed-1_20260505_013629/expansion/config_param_CPXPARAM_MIP_OrderType_2_iter_6.prm
[INFO]:[01:48:13] CPLEX results. Gap: 87.540000, upper bound: 230.000000, lower bound: 28.666667
[INFO]:[01:48:13] CPLEX solver finished. Gap: 87.540000
[INFO]:[01:48:18] Expansion Worker 1 completed expansion.
[INFO]:[01:48:18] Worker 1 completed expansion phase.
[INFO]:[01:48:18] Worker 1 received order for step 1.
[INFO]:[01:48:18] Worker 1 running exploration phase for iteration 7.
[INFO]:[01:48:18] Worker 1 at iteration 7 will not use a MIP start file. Current best MIP-start upper bound threshold is 1.79769e+308.
[INFO]:[01:48:18] Starting local search phase...
[INFO]:[01:48:18] Creating local search space from parameter space file: /scratch/yorig/mpils-results-grid-seconds-5-4may/easy/2proc/seed-1/2_fastxgemm-n2r6s0t2_seed-1_20260505_013629/iterated_local_search/search_space/search_space_file_7_worker_1.txt
[INFO]:[01:48:18] Local search space loaded from file: /scratch/yorig/mpils-results-grid-seconds-5-4may/easy/2proc/seed-1/2_fastxgemm-n2r6s0t2_seed-1_20260505_013629/iterated_local_search/search_space/search_space_file_7_worker_1.txt
[INFO]:[01:48:18] Number of parameters in local search space: 71
[INFO]:[01:48:18] Number of forbidden tuples in local search space: 68
[INFO]:[01:48:18] Number of conditionals in local search space: 6
[INFO]:[01:48:18] MIP start option not enabled. Local search will proceed without MIP start.
[INFO]:[01:48:18] Evaluating initial configuration for local search phase...
[INFO]:[01:48:18] Starting CPLEX solver on instance: /home/yorig/tuner/mpils-tests/instances/miplib/easy/fastxgemm-n2r6s0t2.mps with config: /scratch/yorig/mpils-results-grid-seconds-5-4may/easy/2proc/seed-1/2_fastxgemm-n2r6s0t2_seed-1_20260505_013629/iterated_local_search/run_7_worker_1/ils_config_2430645223583704034.prm
[INFO]:[01:48:18] Starting CPLEX solver on instance: /home/yorig/tuner/mpils-tests/instances/miplib/easy/fastxgemm-n2r6s0t2.mps with config: /scratch/yorig/mpils-results-grid-seconds-5-4may/easy/2proc/seed-1/2_fastxgemm-n2r6s0t2_seed-1_20260505_013629/iterated_local_search/run_7_worker_1/ils_config_2430645223583704034.prm
[INFO]:[01:48:23] CPLEX results. Gap: 94.880000, upper bound: 527.000000, lower bound: 27.000000
[INFO]:[01:48:23] CPLEX solver finished. Gap: 94.880000
[INFO]:[01:48:23] Initial configuration evaluated with objective value: 94.88
[INFO]:[01:48:23] Starting CPLEX solver on instance: /home/yorig/tuner/mpils-tests/instances/miplib/easy/fastxgemm-n2r6s0t2.mps with config: /scratch/yorig/mpils-results-grid-seconds-5-4may/easy/2proc/seed-1/2_fastxgemm-n2r6s0t2_seed-1_20260505_013629/iterated_local_search/run_7_worker_1/ils_config_13293498214645700177.prm
[INFO]:[01:48:23] Starting CPLEX solver on instance: /home/yorig/tuner/mpils-tests/instances/miplib/easy/fastxgemm-n2r6s0t2.mps with config: /scratch/yorig/mpils-results-grid-seconds-5-4may/easy/2proc/seed-1/2_fastxgemm-n2r6s0t2_seed-1_20260505_013629/iterated_local_search/run_7_worker_1/ils_config_13293498214645700177.prm
[INFO]:[01:48:28] CPLEX results. Gap: 94.880000, upper bound: 527.000000, lower bound: 27.000000
[INFO]:[01:48:28] CPLEX solver finished. Gap: 94.880000
[INFO]:[01:48:28] Starting CPLEX solver on instance: /home/yorig/tuner/mpils-tests/instances/miplib/easy/fastxgemm-n2r6s0t2.mps with config: /scratch/yorig/mpils-results-grid-seconds-5-4may/easy/2proc/seed-1/2_fastxgemm-n2r6s0t2_seed-1_20260505_013629/iterated_local_search/run_7_worker_1/ils_config_6595208002404932401.prm
[INFO]:[01:48:28] Starting CPLEX solver on instance: /home/yorig/tuner/mpils-tests/instances/miplib/easy/fastxgemm-n2r6s0t2.mps with config: /scratch/yorig/mpils-results-grid-seconds-5-4may/easy/2proc/seed-1/2_fastxgemm-n2r6s0t2_seed-1_20260505_013629/iterated_local_search/run_7_worker_1/ils_config_6595208002404932401.prm
[INFO]:[01:48:33] CPLEX results. Gap: 94.880000, upper bound: 527.000000, lower bound: 27.000000
[INFO]:[01:48:33] CPLEX solver finished. Gap: 94.880000
[INFO]:[01:48:33] Starting CPLEX solver on instance: /home/yorig/tuner/mpils-tests/instances/miplib/easy/fastxgemm-n2r6s0t2.mps with config: /scratch/yorig/mpils-results-grid-seconds-5-4may/easy/2proc/seed-1/2_fastxgemm-n2r6s0t2_seed-1_20260505_013629/iterated_local_search/run_7_worker_1/ils_config_9999126483492721353.prm
[INFO]:[01:48:33] Starting CPLEX solver on instance: /home/yorig/tuner/mpils-tests/instances/miplib/easy/fastxgemm-n2r6s0t2.mps with config: /scratch/yorig/mpils-results-grid-seconds-5-4may/easy/2proc/seed-1/2_fastxgemm-n2r6s0t2_seed-1_20260505_013629/iterated_local_search/run_7_worker_1/ils_config_9999126483492721353.prm
[INFO]:[01:48:38] CPLEX results. Gap: 94.880000, upper bound: 527.000000, lower bound: 27.000000
[INFO]:[01:48:38] CPLEX solver finished. Gap: 94.880000
[INFO]:[01:48:38] Starting CPLEX solver on instance: /home/yorig/tuner/mpils-tests/instances/miplib/easy/fastxgemm-n2r6s0t2.mps with config: /scratch/yorig/mpils-results-grid-seconds-5-4may/easy/2proc/seed-1/2_fastxgemm-n2r6s0t2_seed-1_20260505_013629/iterated_local_search/run_7_worker_1/ils_config_17817344844324135338.prm
[INFO]:[01:48:38] Starting CPLEX solver on instance: /home/yorig/tuner/mpils-tests/instances/miplib/easy/fastxgemm-n2r6s0t2.mps with config: /scratch/yorig/mpils-results-grid-seconds-5-4may/easy/2proc/seed-1/2_fastxgemm-n2r6s0t2_seed-1_20260505_013629/iterated_local_search/run_7_worker_1/ils_config_17817344844324135338.prm
[INFO]:[01:48:43] CPLEX results. Gap: 94.880000, upper bound: 527.000000, lower bound: 27.000000
[INFO]:[01:48:43] CPLEX solver finished. Gap: 94.880000
[INFO]:[01:48:43] Starting CPLEX solver on instance: /home/yorig/tuner/mpils-tests/instances/miplib/easy/fastxgemm-n2r6s0t2.mps with config: /scratch/yorig/mpils-results-grid-seconds-5-4may/easy/2proc/seed-1/2_fastxgemm-n2r6s0t2_seed-1_20260505_013629/iterated_local_search/run_7_worker_1/ils_config_11568580537658915068.prm
[INFO]:[01:48:43] Starting CPLEX solver on instance: /home/yorig/tuner/mpils-tests/instances/miplib/easy/fastxgemm-n2r6s0t2.mps with config: /scratch/yorig/mpils-results-grid-seconds-5-4may/easy/2proc/seed-1/2_fastxgemm-n2r6s0t2_seed-1_20260505_013629/iterated_local_search/run_7_worker_1/ils_config_11568580537658915068.prm
[INFO]:[01:48:48] CPLEX results. Gap: 94.880000, upper bound: 527.000000, lower bound: 27.000000
[INFO]:[01:48:48] CPLEX solver finished. Gap: 94.880000
[INFO]:[01:48:48] Starting CPLEX solver on instance: /home/yorig/tuner/mpils-tests/instances/miplib/easy/fastxgemm-n2r6s0t2.mps with config: /scratch/yorig/mpils-results-grid-seconds-5-4may/easy/2proc/seed-1/2_fastxgemm-n2r6s0t2_seed-1_20260505_013629/iterated_local_search/run_7_worker_1/ils_config_11679579429464880123.prm
[INFO]:[01:48:48] Starting CPLEX solver on instance: /home/yorig/tuner/mpils-tests/instances/miplib/easy/fastxgemm-n2r6s0t2.mps with config: /scratch/yorig/mpils-results-grid-seconds-5-4may/easy/2proc/seed-1/2_fastxgemm-n2r6s0t2_seed-1_20260505_013629/iterated_local_search/run_7_worker_1/ils_config_11679579429464880123.prm
[INFO]:[01:48:53] CPLEX results. Gap: 94.880000, upper bound: 527.000000, lower bound: 27.000000
[INFO]:[01:48:53] CPLEX solver finished. Gap: 94.880000
[INFO]:[01:48:53] Starting CPLEX solver on instance: /home/yorig/tuner/mpils-tests/instances/miplib/easy/fastxgemm-n2r6s0t2.mps with config: /scratch/yorig/mpils-results-grid-seconds-5-4may/easy/2proc/seed-1/2_fastxgemm-n2r6s0t2_seed-1_20260505_013629/iterated_local_search/run_7_worker_1/ils_config_4166275344183163808.prm
[INFO]:[01:48:53] Starting CPLEX solver on instance: /home/yorig/tuner/mpils-tests/instances/miplib/easy/fastxgemm-n2r6s0t2.mps with config: /scratch/yorig/mpils-results-grid-seconds-5-4may/easy/2proc/seed-1/2_fastxgemm-n2r6s0t2_seed-1_20260505_013629/iterated_local_search/run_7_worker_1/ils_config_4166275344183163808.prm
[INFO]:[01:48:58] CPLEX results. Gap: 94.880000, upper bound: 527.000000, lower bound: 27.000000
[INFO]:[01:48:58] CPLEX solver finished. Gap: 94.880000
[INFO]:[01:48:58] Starting CPLEX solver on instance: /home/yorig/tuner/mpils-tests/instances/miplib/easy/fastxgemm-n2r6s0t2.mps with config: /scratch/yorig/mpils-results-grid-seconds-5-4may/easy/2proc/seed-1/2_fastxgemm-n2r6s0t2_seed-1_20260505_013629/iterated_local_search/run_7_worker_1/ils_config_7454912224296640500.prm
[INFO]:[01:48:58] Starting CPLEX solver on instance: /home/yorig/tuner/mpils-tests/instances/miplib/easy/fastxgemm-n2r6s0t2.mps with config: /scratch/yorig/mpils-results-grid-seconds-5-4may/easy/2proc/seed-1/2_fastxgemm-n2r6s0t2_seed-1_20260505_013629/iterated_local_search/run_7_worker_1/ils_config_7454912224296640500.prm
[INFO]:[01:49:03] CPLEX results. Gap: 94.880000, upper bound: 527.000000, lower bound: 27.000000
[INFO]:[01:49:03] CPLEX solver finished. Gap: 94.880000
[INFO]:[01:49:03] Starting CPLEX solver on instance: /home/yorig/tuner/mpils-tests/instances/miplib/easy/fastxgemm-n2r6s0t2.mps with config: /scratch/yorig/mpils-results-grid-seconds-5-4may/easy/2proc/seed-1/2_fastxgemm-n2r6s0t2_seed-1_20260505_013629/iterated_local_search/run_7_worker_1/ils_config_13680701359149873676.prm
[INFO]:[01:49:03] Starting CPLEX solver on instance: /home/yorig/tuner/mpils-tests/instances/miplib/easy/fastxgemm-n2r6s0t2.mps with config: /scratch/yorig/mpils-results-grid-seconds-5-4may/easy/2proc/seed-1/2_fastxgemm-n2r6s0t2_seed-1_20260505_013629/iterated_local_search/run_7_worker_1/ils_config_13680701359149873676.prm
[INFO]:[01:49:08] CPLEX results. Gap: 96.820000, upper bound: 848.000000, lower bound: 27.000000
[INFO]:[01:49:08] CPLEX solver finished. Gap: 96.820000
[INFO]:[01:49:08] Starting CPLEX solver on instance: /home/yorig/tuner/mpils-tests/instances/miplib/easy/fastxgemm-n2r6s0t2.mps with config: /scratch/yorig/mpils-results-grid-seconds-5-4may/easy/2proc/seed-1/2_fastxgemm-n2r6s0t2_seed-1_20260505_013629/iterated_local_search/run_7_worker_1/ils_config_14348821710504131785.prm
[INFO]:[01:49:08] Starting CPLEX solver on instance: /home/yorig/tuner/mpils-tests/instances/miplib/easy/fastxgemm-n2r6s0t2.mps with config: /scratch/yorig/mpils-results-grid-seconds-5-4may/easy/2proc/seed-1/2_fastxgemm-n2r6s0t2_seed-1_20260505_013629/iterated_local_search/run_7_worker_1/ils_config_14348821710504131785.prm
[INFO]:[01:49:13] CPLEX results. Gap: 94.880000, upper bound: 527.000000, lower bound: 27.000000
[INFO]:[01:49:13] CPLEX solver finished. Gap: 94.880000
[INFO]:[01:49:13] Starting CPLEX solver on instance: /home/yorig/tuner/mpils-tests/instances/miplib/easy/fastxgemm-n2r6s0t2.mps with config: /scratch/yorig/mpils-results-grid-seconds-5-4may/easy/2proc/seed-1/2_fastxgemm-n2r6s0t2_seed-1_20260505_013629/iterated_local_search/run_7_worker_1/ils_config_15611825339920199137.prm
[INFO]:[01:49:13] Starting CPLEX solver on instance: /home/yorig/tuner/mpils-tests/instances/miplib/easy/fastxgemm-n2r6s0t2.mps with config: /scratch/yorig/mpils-results-grid-seconds-5-4may/easy/2proc/seed-1/2_fastxgemm-n2r6s0t2_seed-1_20260505_013629/iterated_local_search/run_7_worker_1/ils_config_15611825339920199137.prm
[INFO]:[01:49:18] CPLEX results. Gap: 94.880000, upper bound: 527.000000, lower bound: 27.000000
[INFO]:[01:49:18] CPLEX solver finished. Gap: 94.880000
[INFO]:[01:49:18] Starting CPLEX solver on instance: /home/yorig/tuner/mpils-tests/instances/miplib/easy/fastxgemm-n2r6s0t2.mps with config: /scratch/yorig/mpils-results-grid-seconds-5-4may/easy/2proc/seed-1/2_fastxgemm-n2r6s0t2_seed-1_20260505_013629/iterated_local_search/run_7_worker_1/ils_config_14498735782197240021.prm
[INFO]:[01:49:18] Starting CPLEX solver on instance: /home/yorig/tuner/mpils-tests/instances/miplib/easy/fastxgemm-n2r6s0t2.mps with config: /scratch/yorig/mpils-results-grid-seconds-5-4may/easy/2proc/seed-1/2_fastxgemm-n2r6s0t2_seed-1_20260505_013629/iterated_local_search/run_7_worker_1/ils_config_14498735782197240021.prm
[INFO]:[01:49:23] CPLEX results. Gap: 94.880000, upper bound: 527.000000, lower bound: 27.000000
[INFO]:[01:49:23] CPLEX solver finished. Gap: 94.880000
[INFO]:[01:49:23] Starting CPLEX solver on instance: /home/yorig/tuner/mpils-tests/instances/miplib/easy/fastxgemm-n2r6s0t2.mps with config: /scratch/yorig/mpils-results-grid-seconds-5-4may/easy/2proc/seed-1/2_fastxgemm-n2r6s0t2_seed-1_20260505_013629/iterated_local_search/run_7_worker_1/ils_config_3185714470190733975.prm
[INFO]:[01:49:23] Starting CPLEX solver on instance: /home/yorig/tuner/mpils-tests/instances/miplib/easy/fastxgemm-n2r6s0t2.mps with config: /scratch/yorig/mpils-results-grid-seconds-5-4may/easy/2proc/seed-1/2_fastxgemm-n2r6s0t2_seed-1_20260505_013629/iterated_local_search/run_7_worker_1/ils_config_3185714470190733975.prm
[INFO]:[01:49:28] CPLEX results. Gap: 94.880000, upper bound: 527.000000, lower bound: 27.000000
[INFO]:[01:49:28] CPLEX solver finished. Gap: 94.880000
[INFO]:[01:49:28] Starting CPLEX solver on instance: /home/yorig/tuner/mpils-tests/instances/miplib/easy/fastxgemm-n2r6s0t2.mps with config: /scratch/yorig/mpils-results-grid-seconds-5-4may/easy/2proc/seed-1/2_fastxgemm-n2r6s0t2_seed-1_20260505_013629/iterated_local_search/run_7_worker_1/ils_config_15757008753880114231.prm
[INFO]:[01:49:28] Starting CPLEX solver on instance: /home/yorig/tuner/mpils-tests/instances/miplib/easy/fastxgemm-n2r6s0t2.mps with config: /scratch/yorig/mpils-results-grid-seconds-5-4may/easy/2proc/seed-1/2_fastxgemm-n2r6s0t2_seed-1_20260505_013629/iterated_local_search/run_7_worker_1/ils_config_15757008753880114231.prm
[INFO]:[01:49:33] CPLEX results. Gap: 94.880000, upper bound: 527.000000, lower bound: 27.000000
[INFO]:[01:49:33] CPLEX solver finished. Gap: 94.880000
[INFO]:[01:49:33] Starting CPLEX solver on instance: /home/yorig/tuner/mpils-tests/instances/miplib/easy/fastxgemm-n2r6s0t2.mps with config: /scratch/yorig/mpils-results-grid-seconds-5-4may/easy/2proc/seed-1/2_fastxgemm-n2r6s0t2_seed-1_20260505_013629/iterated_local_search/run_7_worker_1/ils_config_13027471210015910904.prm
[INFO]:[01:49:33] Starting CPLEX solver on instance: /home/yorig/tuner/mpils-tests/instances/miplib/easy/fastxgemm-n2r6s0t2.mps with config: /scratch/yorig/mpils-results-grid-seconds-5-4may/easy/2proc/seed-1/2_fastxgemm-n2r6s0t2_seed-1_20260505_013629/iterated_local_search/run_7_worker_1/ils_config_13027471210015910904.prm
[INFO]:[01:49:38] CPLEX results. Gap: 94.880000, upper bound: 527.000000, lower bound: 27.000000
[INFO]:[01:49:38] CPLEX solver finished. Gap: 94.880000
[INFO]:[01:49:38] Starting CPLEX solver on instance: /home/yorig/tuner/mpils-tests/instances/miplib/easy/fastxgemm-n2r6s0t2.mps with config: /scratch/yorig/mpils-results-grid-seconds-5-4may/easy/2proc/seed-1/2_fastxgemm-n2r6s0t2_seed-1_20260505_013629/iterated_local_search/run_7_worker_1/ils_config_15070003975448416707.prm
[INFO]:[01:49:38] Starting CPLEX solver on instance: /home/yorig/tuner/mpils-tests/instances/miplib/easy/fastxgemm-n2r6s0t2.mps with config: /scratch/yorig/mpils-results-grid-seconds-5-4may/easy/2proc/seed-1/2_fastxgemm-n2r6s0t2_seed-1_20260505_013629/iterated_local_search/run_7_worker_1/ils_config_15070003975448416707.prm
[INFO]:[01:49:43] CPLEX results. Gap: 94.880000, upper bound: 527.000000, lower bound: 27.000000
[INFO]:[01:49:43] CPLEX solver finished. Gap: 94.880000
[INFO]:[01:49:43] Starting CPLEX solver on instance: /home/yorig/tuner/mpils-tests/instances/miplib/easy/fastxgemm-n2r6s0t2.mps with config: /scratch/yorig/mpils-results-grid-seconds-5-4may/easy/2proc/seed-1/2_fastxgemm-n2r6s0t2_seed-1_20260505_013629/iterated_local_search/run_7_worker_1/ils_config_13537027257207310008.prm
[INFO]:[01:49:43] Starting CPLEX solver on instance: /home/yorig/tuner/mpils-tests/instances/miplib/easy/fastxgemm-n2r6s0t2.mps with config: /scratch/yorig/mpils-results-grid-seconds-5-4may/easy/2proc/seed-1/2_fastxgemm-n2r6s0t2_seed-1_20260505_013629/iterated_local_search/run_7_worker_1/ils_config_13537027257207310008.prm
[INFO]:[01:49:48] CPLEX results. Gap: 94.880000, upper bound: 527.000000, lower bound: 27.000000
[INFO]:[01:49:48] CPLEX solver finished. Gap: 94.880000
[INFO]:[01:49:48] Local search phase completed.
[INFO]:[01:49:48] Total number of new local-search evaluations: 18
[INFO]:[01:49:48] Final incumbent objective value: 94.88
[INFO]:[01:49:49] Worker 1 completed exploration phase.
[INFO]:[01:49:49] Worker 1 received order for step 2.
[INFO]:[01:49:49] Worker 1 running expansion phase for iteration 7.
[INFO]:[01:49:49] Worker 1 will use solver log file: /scratch/yorig/mpils-results-grid-seconds-5-4may/easy/2proc/seed-1/2_fastxgemm-n2r6s0t2_seed-1_20260505_013629/solver/cplex.log_iteration_expansion_7_worker_1
[INFO]:[01:49:49] Expansion Worker 1 starting expansion for iteration 7.
[INFO]:[01:49:49] Starting CPLEX solver on instance: /home/yorig/tuner/mpils-tests/instances/miplib/easy/fastxgemm-n2r6s0t2.mps with config: /scratch/yorig/mpils-results-grid-seconds-5-4may/easy/2proc/seed-1/2_fastxgemm-n2r6s0t2_seed-1_20260505_013629/expansion/config_param_CPXPARAM_Network_NetFind_3_iter_7.prm
[INFO]:[01:49:54] CPLEX results. Gap: 77.440000, upper bound: 230.000000, lower bound: 51.888889
[INFO]:[01:49:54] CPLEX solver finished. Gap: 77.440000
[INFO]:[01:49:54] Starting CPLEX solver on instance: /home/yorig/tuner/mpils-tests/instances/miplib/easy/fastxgemm-n2r6s0t2.mps with config: /scratch/yorig/mpils-results-grid-seconds-5-4may/easy/2proc/seed-1/2_fastxgemm-n2r6s0t2_seed-1_20260505_013629/expansion/config_param_CPXPARAM_Network_Pricing_2_iter_7.prm
[INFO]:[01:49:59] CPLEX results. Gap: 77.110000, upper bound: 230.000000, lower bound: 52.642857
[INFO]:[01:49:59] CPLEX solver finished. Gap: 77.110000
[INFO]:[01:49:59] Starting CPLEX solver on instance: /home/yorig/tuner/mpils-tests/instances/miplib/easy/fastxgemm-n2r6s0t2.mps with config: /scratch/yorig/mpils-results-grid-seconds-5-4may/easy/2proc/seed-1/2_fastxgemm-n2r6s0t2_seed-1_20260505_013629/expansion/config_param_CPXPARAM_MIP_Strategy_File_0_iter_7.prm
[INFO]:[01:50:04] CPLEX results. Gap: 77.110000, upper bound: 230.000000, lower bound: 52.642857
[INFO]:[01:50:04] CPLEX solver finished. Gap: 77.110000
[INFO]:[01:50:04] Starting CPLEX solver on instance: /home/yorig/tuner/mpils-tests/instances/miplib/easy/fastxgemm-n2r6s0t2.mps with config: /scratch/yorig/mpils-results-grid-seconds-5-4may/easy/2proc/seed-1/2_fastxgemm-n2r6s0t2_seed-1_20260505_013629/expansion/config_param_CPXPARAM_MIP_Strategy_File_3_iter_7.prm
[INFO]:[01:50:09] CPLEX results. Gap: 77.110000, upper bound: 230.000000, lower bound: 52.642857
[INFO]:[01:50:09] CPLEX solver finished. Gap: 77.110000
[INFO]:[01:50:09] Starting CPLEX solver on instance: /home/yorig/tuner/mpils-tests/instances/miplib/easy/fastxgemm-n2r6s0t2.mps with config: /scratch/yorig/mpils-results-grid-seconds-5-4may/easy/2proc/seed-1/2_fastxgemm-n2r6s0t2_seed-1_20260505_013629/expansion/config_param_CPXPARAM_Preprocessing_Reduce_0_iter_7.prm
[INFO]:[01:50:14] CPLEX results. Gap: 94.880000, upper bound: 527.000000, lower bound: 27.000000
[INFO]:[01:50:14] CPLEX solver finished. Gap: 94.880000
[INFO]:[01:50:14] Starting CPLEX solver on instance: /home/yorig/tuner/mpils-tests/instances/miplib/easy/fastxgemm-n2r6s0t2.mps with config: /scratch/yorig/mpils-results-grid-seconds-5-4may/easy/2proc/seed-1/2_fastxgemm-n2r6s0t2_seed-1_20260505_013629/expansion/config_param_CPXPARAM_Preprocessing_Reduce_2_iter_7.prm
[INFO]:[01:50:19] CPLEX results. Gap: 94.880000, upper bound: 527.000000, lower bound: 27.000000
[INFO]:[01:50:19] CPLEX solver finished. Gap: 94.880000
[INFO]:[01:50:19] Starting CPLEX solver on instance: /home/yorig/tuner/mpils-tests/instances/miplib/easy/fastxgemm-n2r6s0t2.mps with config: /scratch/yorig/mpils-results-grid-seconds-5-4may/easy/2proc/seed-1/2_fastxgemm-n2r6s0t2_seed-1_20260505_013629/expansion/config_param_CPXPARAM_Preprocessing_Relax_1_iter_7.prm
[INFO]:[01:50:24] CPLEX results. Gap: 77.110000, upper bound: 230.000000, lower bound: 52.642857
[INFO]:[01:50:24] CPLEX solver finished. Gap: 77.110000
[INFO]:[01:50:24] Starting CPLEX solver on instance: /home/yorig/tuner/mpils-tests/instances/miplib/easy/fastxgemm-n2r6s0t2.mps with config: /scratch/yorig/mpils-results-grid-seconds-5-4may/easy/2proc/seed-1/2_fastxgemm-n2r6s0t2_seed-1_20260505_013629/expansion/config_param_CPXPARAM_Preprocessing_RepeatPresolve_1_iter_7.prm
[INFO]:[01:50:29] CPLEX results. Gap: 85.650000, upper bound: 230.000000, lower bound: 33.000000
[INFO]:[01:50:29] CPLEX solver finished. Gap: 85.650000
[INFO]:[01:50:29] Expansion Worker 1 stopping early after global MPI expansion stop was activated.
[INFO]:[01:50:29] Expansion Worker 1 completed expansion.
[INFO]:[01:50:29] Worker 1 completed expansion phase.
[INFO]:[01:50:29] Worker 1 received order for step 1.
[INFO]:[01:50:29] Worker 1 running exploration phase for iteration 8.
[INFO]:[01:50:29] Worker 1 at iteration 8 will not use a MIP start file. Current best MIP-start upper bound threshold is 1.79769e+308.
[INFO]:[01:50:29] Starting local search phase...
[INFO]:[01:50:29] Creating local search space from parameter space file: /scratch/yorig/mpils-results-grid-seconds-5-4may/easy/2proc/seed-1/2_fastxgemm-n2r6s0t2_seed-1_20260505_013629/iterated_local_search/search_space/search_space_file_8_worker_1.txt
[INFO]:[01:50:29] Local search space loaded from file: /scratch/yorig/mpils-results-grid-seconds-5-4may/easy/2proc/seed-1/2_fastxgemm-n2r6s0t2_seed-1_20260505_013629/iterated_local_search/search_space/search_space_file_8_worker_1.txt
[INFO]:[01:50:29] Number of parameters in local search space: 71
[INFO]:[01:50:29] Number of forbidden tuples in local search space: 68
[INFO]:[01:50:29] Number of conditionals in local search space: 6
[INFO]:[01:50:29] MIP start option not enabled. Local search will proceed without MIP start.
[INFO]:[01:50:29] Evaluating initial configuration for local search phase...
[INFO]:[01:50:29] Starting CPLEX solver on instance: /home/yorig/tuner/mpils-tests/instances/miplib/easy/fastxgemm-n2r6s0t2.mps with config: /scratch/yorig/mpils-results-grid-seconds-5-4may/easy/2proc/seed-1/2_fastxgemm-n2r6s0t2_seed-1_20260505_013629/iterated_local_search/run_8_worker_1/ils_config_14421172648839907742.prm
[INFO]:[01:50:29] Starting CPLEX solver on instance: /home/yorig/tuner/mpils-tests/instances/miplib/easy/fastxgemm-n2r6s0t2.mps with config: /scratch/yorig/mpils-results-grid-seconds-5-4may/easy/2proc/seed-1/2_fastxgemm-n2r6s0t2_seed-1_20260505_013629/iterated_local_search/run_8_worker_1/ils_config_14421172648839907742.prm
[INFO]:[01:50:34] CPLEX results. Gap: 99.580000, upper bound: 6427.720000, lower bound: 27.000000
[INFO]:[01:50:34] CPLEX solver finished. Gap: 99.580000
[INFO]:[01:50:34] Initial configuration evaluated with objective value: 99.58
[INFO]:[01:50:34] Starting CPLEX solver on instance: /home/yorig/tuner/mpils-tests/instances/miplib/easy/fastxgemm-n2r6s0t2.mps with config: /scratch/yorig/mpils-results-grid-seconds-5-4may/easy/2proc/seed-1/2_fastxgemm-n2r6s0t2_seed-1_20260505_013629/iterated_local_search/run_8_worker_1/ils_config_5487599452084038360.prm
[INFO]:[01:50:34] Starting CPLEX solver on instance: /home/yorig/tuner/mpils-tests/instances/miplib/easy/fastxgemm-n2r6s0t2.mps with config: /scratch/yorig/mpils-results-grid-seconds-5-4may/easy/2proc/seed-1/2_fastxgemm-n2r6s0t2_seed-1_20260505_013629/iterated_local_search/run_8_worker_1/ils_config_5487599452084038360.prm
[INFO]:[01:50:39] CPLEX results. Gap: 99.580000, upper bound: 6427.720000, lower bound: 27.000000
[INFO]:[01:50:39] CPLEX solver finished. Gap: 99.580000
[INFO]:[01:50:39] Starting CPLEX solver on instance: /home/yorig/tuner/mpils-tests/instances/miplib/easy/fastxgemm-n2r6s0t2.mps with config: /scratch/yorig/mpils-results-grid-seconds-5-4may/easy/2proc/seed-1/2_fastxgemm-n2r6s0t2_seed-1_20260505_013629/iterated_local_search/run_8_worker_1/ils_config_9076646733610239864.prm
[INFO]:[01:50:39] Starting CPLEX solver on instance: /home/yorig/tuner/mpils-tests/instances/miplib/easy/fastxgemm-n2r6s0t2.mps with config: /scratch/yorig/mpils-results-grid-seconds-5-4may/easy/2proc/seed-1/2_fastxgemm-n2r6s0t2_seed-1_20260505_013629/iterated_local_search/run_8_worker_1/ils_config_9076646733610239864.prm
[INFO]:[01:50:44] CPLEX results. Gap: 99.580000, upper bound: 6427.720000, lower bound: 27.000000
[INFO]:[01:50:44] CPLEX solver finished. Gap: 99.580000
[INFO]:[01:50:44] Starting CPLEX solver on instance: /home/yorig/tuner/mpils-tests/instances/miplib/easy/fastxgemm-n2r6s0t2.mps with config: /scratch/yorig/mpils-results-grid-seconds-5-4may/easy/2proc/seed-1/2_fastxgemm-n2r6s0t2_seed-1_20260505_013629/iterated_local_search/run_8_worker_1/ils_config_4767284917064223220.prm
[INFO]:[01:50:44] Starting CPLEX solver on instance: /home/yorig/tuner/mpils-tests/instances/miplib/easy/fastxgemm-n2r6s0t2.mps with config: /scratch/yorig/mpils-results-grid-seconds-5-4may/easy/2proc/seed-1/2_fastxgemm-n2r6s0t2_seed-1_20260505_013629/iterated_local_search/run_8_worker_1/ils_config_4767284917064223220.prm
[INFO]:[01:50:49] CPLEX results. Gap: 44.780000, upper bound: 230.000000, lower bound: 127.000000
[INFO]:[01:50:49] CPLEX solver finished. Gap: 44.780000
[INFO]:[01:50:49] New incumbent found with objective value: 44.78
[INFO]:[01:50:49] Starting CPLEX solver on instance: /home/yorig/tuner/mpils-tests/instances/miplib/easy/fastxgemm-n2r6s0t2.mps with config: /scratch/yorig/mpils-results-grid-seconds-5-4may/easy/2proc/seed-1/2_fastxgemm-n2r6s0t2_seed-1_20260505_013629/iterated_local_search/run_8_worker_1/ils_config_17805817684296433522.prm
[INFO]:[01:50:49] Starting CPLEX solver on instance: /home/yorig/tuner/mpils-tests/instances/miplib/easy/fastxgemm-n2r6s0t2.mps with config: /scratch/yorig/mpils-results-grid-seconds-5-4may/easy/2proc/seed-1/2_fastxgemm-n2r6s0t2_seed-1_20260505_013629/iterated_local_search/run_8_worker_1/ils_config_17805817684296433522.prm
[INFO]:[01:50:51] CPLEX results. Gap: 0.000000, upper bound: 230.000000, lower bound: 230.000000
[INFO]:[01:50:51] CPLEX solver finished. Gap: 0.000000
[INFO]:[01:50:51] Stopping local search: gap 0 reached the acceptance threshold 0.
[INFO]:[01:50:51] New incumbent found with objective value: 0
[INFO]:[01:50:51] Local search phase completed.
[INFO]:[01:50:51] Total number of new local-search evaluations: 5
[INFO]:[01:50:51] Final incumbent objective value: 0
[INFO]:[01:50:59] Worker 1 completed exploration phase.
[INFO]:[01:50:59] Worker 1 received order for step 3.
[INFO]:[01:50:59] Worker 1 finished.
