[INFO]:[19:16:31] Worker 14 starting.
[INFO]:[19:16:31] Worker 14 received order for step 1.
[INFO]:[19:16:31] Worker 14 running exploration phase for iteration 1.
[INFO]:[19:16:31] Worker 14 at iteration 1 will not use a MIP start file. Current best MIP-start upper bound threshold is 1.79769e+308.
[INFO]:[19:16:31] Starting local search phase...
[INFO]:[19:16:31] Creating local search space from parameter space file: /scratch/yorig/mpils-results-grid-seconds-10-4may/medium-2/24proc/seed-2/2_neos-4954672-berkel_seed-2_20260504_191630/iterated_local_search/search_space/search_space_file_1_worker_14.txt
[INFO]:[19:16:31] Local search space loaded from file: /scratch/yorig/mpils-results-grid-seconds-10-4may/medium-2/24proc/seed-2/2_neos-4954672-berkel_seed-2_20260504_191630/iterated_local_search/search_space/search_space_file_1_worker_14.txt
[INFO]:[19:16:31] Number of parameters in local search space: 71
[INFO]:[19:16:31] Number of forbidden tuples in local search space: 0
[INFO]:[19:16:31] Number of conditionals in local search space: 6
[INFO]:[19:16:31] MIP start option not enabled. Local search will proceed without MIP start.
[INFO]:[19:16:31] Evaluating initial configuration for local search phase...
[INFO]:[19:16:31] Starting CPLEX solver on instance: /home/yorig/tuner/mpils-tests/instances/miplib/medium-2/neos-4954672-berkel.mps with config: /scratch/yorig/mpils-results-grid-seconds-10-4may/medium-2/24proc/seed-2/2_neos-4954672-berkel_seed-2_20260504_191630/iterated_local_search/run_1_worker_14/ils_config_14124161760517373201.prm
[INFO]:[19:16:31] Starting CPLEX solver on instance: /home/yorig/tuner/mpils-tests/instances/miplib/medium-2/neos-4954672-berkel.mps with config: /scratch/yorig/mpils-results-grid-seconds-10-4may/medium-2/24proc/seed-2/2_neos-4954672-berkel_seed-2_20260504_191630/iterated_local_search/run_1_worker_14/ils_config_14124161760517373201.prm
[INFO]:[19:16:41] CPLEX results. Gap: 23.050000, upper bound: 2615849.000000, lower bound: 2012935.390391
[INFO]:[19:16:41] CPLEX solver finished. Gap: 23.050000
[INFO]:[19:16:41] Initial configuration evaluated with objective value: 23.05
[INFO]:[19:16:41] Starting CPLEX solver on instance: /home/yorig/tuner/mpils-tests/instances/miplib/medium-2/neos-4954672-berkel.mps with config: /scratch/yorig/mpils-results-grid-seconds-10-4may/medium-2/24proc/seed-2/2_neos-4954672-berkel_seed-2_20260504_191630/iterated_local_search/run_1_worker_14/ils_config_18096407756888155357.prm
[INFO]:[19:16:41] Starting CPLEX solver on instance: /home/yorig/tuner/mpils-tests/instances/miplib/medium-2/neos-4954672-berkel.mps with config: /scratch/yorig/mpils-results-grid-seconds-10-4may/medium-2/24proc/seed-2/2_neos-4954672-berkel_seed-2_20260504_191630/iterated_local_search/run_1_worker_14/ils_config_18096407756888155357.prm
[INFO]:[19:16:51] CPLEX results. Gap: 23.870000, upper bound: 2639871.000000, lower bound: 2009649.852638
[INFO]:[19:16:51] CPLEX solver finished. Gap: 23.870000
[INFO]:[19:16:51] Starting CPLEX solver on instance: /home/yorig/tuner/mpils-tests/instances/miplib/medium-2/neos-4954672-berkel.mps with config: /scratch/yorig/mpils-results-grid-seconds-10-4may/medium-2/24proc/seed-2/2_neos-4954672-berkel_seed-2_20260504_191630/iterated_local_search/run_1_worker_14/ils_config_443758251825276683.prm
[INFO]:[19:16:51] Starting CPLEX solver on instance: /home/yorig/tuner/mpils-tests/instances/miplib/medium-2/neos-4954672-berkel.mps with config: /scratch/yorig/mpils-results-grid-seconds-10-4may/medium-2/24proc/seed-2/2_neos-4954672-berkel_seed-2_20260504_191630/iterated_local_search/run_1_worker_14/ils_config_443758251825276683.prm
[INFO]:[19:17:01] CPLEX results. Gap: 23.050000, upper bound: 2615849.000000, lower bound: 2012935.390391
[INFO]:[19:17:02] CPLEX solver finished. Gap: 23.050000
[INFO]:[19:17:02] Starting CPLEX solver on instance: /home/yorig/tuner/mpils-tests/instances/miplib/medium-2/neos-4954672-berkel.mps with config: /scratch/yorig/mpils-results-grid-seconds-10-4may/medium-2/24proc/seed-2/2_neos-4954672-berkel_seed-2_20260504_191630/iterated_local_search/run_1_worker_14/ils_config_14361973435642062298.prm
[INFO]:[19:17:02] Starting CPLEX solver on instance: /home/yorig/tuner/mpils-tests/instances/miplib/medium-2/neos-4954672-berkel.mps with config: /scratch/yorig/mpils-results-grid-seconds-10-4may/medium-2/24proc/seed-2/2_neos-4954672-berkel_seed-2_20260504_191630/iterated_local_search/run_1_worker_14/ils_config_14361973435642062298.prm
[INFO]:[19:17:12] CPLEX results. Gap: 23.610000, upper bound: 2638246.999999, lower bound: 2015469.361864
[INFO]:[19:17:12] CPLEX solver finished. Gap: 23.610000
[INFO]:[19:17:12] Starting CPLEX solver on instance: /home/yorig/tuner/mpils-tests/instances/miplib/medium-2/neos-4954672-berkel.mps with config: /scratch/yorig/mpils-results-grid-seconds-10-4may/medium-2/24proc/seed-2/2_neos-4954672-berkel_seed-2_20260504_191630/iterated_local_search/run_1_worker_14/ils_config_981519305722803168.prm
[INFO]:[19:17:12] Starting CPLEX solver on instance: /home/yorig/tuner/mpils-tests/instances/miplib/medium-2/neos-4954672-berkel.mps with config: /scratch/yorig/mpils-results-grid-seconds-10-4may/medium-2/24proc/seed-2/2_neos-4954672-berkel_seed-2_20260504_191630/iterated_local_search/run_1_worker_14/ils_config_981519305722803168.prm
[INFO]:[19:17:22] CPLEX results. Gap: 23.050000, upper bound: 2615849.000000, lower bound: 2012935.390391
[INFO]:[19:17:22] CPLEX solver finished. Gap: 23.050000
[INFO]:[19:17:22] Starting CPLEX solver on instance: /home/yorig/tuner/mpils-tests/instances/miplib/medium-2/neos-4954672-berkel.mps with config: /scratch/yorig/mpils-results-grid-seconds-10-4may/medium-2/24proc/seed-2/2_neos-4954672-berkel_seed-2_20260504_191630/iterated_local_search/run_1_worker_14/ils_config_18406804116862837298.prm
[INFO]:[19:17:22] Starting CPLEX solver on instance: /home/yorig/tuner/mpils-tests/instances/miplib/medium-2/neos-4954672-berkel.mps with config: /scratch/yorig/mpils-results-grid-seconds-10-4may/medium-2/24proc/seed-2/2_neos-4954672-berkel_seed-2_20260504_191630/iterated_local_search/run_1_worker_14/ils_config_18406804116862837298.prm
[INFO]:[19:17:32] CPLEX results. Gap: 22.950000, upper bound: 2618445.000000, lower bound: 2017421.756253
[INFO]:[19:17:32] CPLEX solver finished. Gap: 22.950000
[INFO]:[19:17:32] New incumbent found with objective value: 22.95
[INFO]:[19:17:32] Starting CPLEX solver on instance: /home/yorig/tuner/mpils-tests/instances/miplib/medium-2/neos-4954672-berkel.mps with config: /scratch/yorig/mpils-results-grid-seconds-10-4may/medium-2/24proc/seed-2/2_neos-4954672-berkel_seed-2_20260504_191630/iterated_local_search/run_1_worker_14/ils_config_17049584162170763509.prm
[INFO]:[19:17:32] Starting CPLEX solver on instance: /home/yorig/tuner/mpils-tests/instances/miplib/medium-2/neos-4954672-berkel.mps with config: /scratch/yorig/mpils-results-grid-seconds-10-4may/medium-2/24proc/seed-2/2_neos-4954672-berkel_seed-2_20260504_191630/iterated_local_search/run_1_worker_14/ils_config_17049584162170763509.prm
[INFO]:[19:17:42] CPLEX results. Gap: 23.450000, upper bound: 2619985.000000, lower bound: 2005650.712741
[INFO]:[19:17:42] CPLEX solver finished. Gap: 23.450000
[INFO]:[19:17:42] Starting CPLEX solver on instance: /home/yorig/tuner/mpils-tests/instances/miplib/medium-2/neos-4954672-berkel.mps with config: /scratch/yorig/mpils-results-grid-seconds-10-4may/medium-2/24proc/seed-2/2_neos-4954672-berkel_seed-2_20260504_191630/iterated_local_search/run_1_worker_14/ils_config_8634410222128838722.prm
[INFO]:[19:17:42] Starting CPLEX solver on instance: /home/yorig/tuner/mpils-tests/instances/miplib/medium-2/neos-4954672-berkel.mps with config: /scratch/yorig/mpils-results-grid-seconds-10-4may/medium-2/24proc/seed-2/2_neos-4954672-berkel_seed-2_20260504_191630/iterated_local_search/run_1_worker_14/ils_config_8634410222128838722.prm
[INFO]:[19:17:52] CPLEX results. Gap: 23.140000, upper bound: 2615849.000000, lower bound: 2010412.197113
[INFO]:[19:17:52] CPLEX solver finished. Gap: 23.140000
[INFO]:[19:17:52] Starting CPLEX solver on instance: /home/yorig/tuner/mpils-tests/instances/miplib/medium-2/neos-4954672-berkel.mps with config: /scratch/yorig/mpils-results-grid-seconds-10-4may/medium-2/24proc/seed-2/2_neos-4954672-berkel_seed-2_20260504_191630/iterated_local_search/run_1_worker_14/ils_config_16943734959934220679.prm
[INFO]:[19:17:52] Starting CPLEX solver on instance: /home/yorig/tuner/mpils-tests/instances/miplib/medium-2/neos-4954672-berkel.mps with config: /scratch/yorig/mpils-results-grid-seconds-10-4may/medium-2/24proc/seed-2/2_neos-4954672-berkel_seed-2_20260504_191630/iterated_local_search/run_1_worker_14/ils_config_16943734959934220679.prm
[INFO]:[19:18:02] CPLEX results. Gap: 22.950000, upper bound: 2618445.000000, lower bound: 2017421.756253
[INFO]:[19:18:02] CPLEX solver finished. Gap: 22.950000
[INFO]:[19:18:02] Starting CPLEX solver on instance: /home/yorig/tuner/mpils-tests/instances/miplib/medium-2/neos-4954672-berkel.mps with config: /scratch/yorig/mpils-results-grid-seconds-10-4may/medium-2/24proc/seed-2/2_neos-4954672-berkel_seed-2_20260504_191630/iterated_local_search/run_1_worker_14/ils_config_12061127856729701147.prm
[INFO]:[19:18:02] Starting CPLEX solver on instance: /home/yorig/tuner/mpils-tests/instances/miplib/medium-2/neos-4954672-berkel.mps with config: /scratch/yorig/mpils-results-grid-seconds-10-4may/medium-2/24proc/seed-2/2_neos-4954672-berkel_seed-2_20260504_191630/iterated_local_search/run_1_worker_14/ils_config_12061127856729701147.prm
[INFO]:[19:18:12] CPLEX results. Gap: 17.830000, upper bound: 2682192.000000, lower bound: 2203990.863590
[INFO]:[19:18:12] CPLEX solver finished. Gap: 17.830000
[INFO]:[19:18:12] New incumbent found with objective value: 17.83
[INFO]:[19:18:12] Starting CPLEX solver on instance: /home/yorig/tuner/mpils-tests/instances/miplib/medium-2/neos-4954672-berkel.mps with config: /scratch/yorig/mpils-results-grid-seconds-10-4may/medium-2/24proc/seed-2/2_neos-4954672-berkel_seed-2_20260504_191630/iterated_local_search/run_1_worker_14/ils_config_9612378476427208860.prm
[INFO]:[19:18:12] Starting CPLEX solver on instance: /home/yorig/tuner/mpils-tests/instances/miplib/medium-2/neos-4954672-berkel.mps with config: /scratch/yorig/mpils-results-grid-seconds-10-4may/medium-2/24proc/seed-2/2_neos-4954672-berkel_seed-2_20260504_191630/iterated_local_search/run_1_worker_14/ils_config_9612378476427208860.prm
[INFO]:[19:18:22] CPLEX results. Gap: 21.920000, upper bound: 2620845.000000, lower bound: 2046302.481058
[INFO]:[19:18:22] CPLEX solver finished. Gap: 21.920000
[INFO]:[19:18:22] Starting CPLEX solver on instance: /home/yorig/tuner/mpils-tests/instances/miplib/medium-2/neos-4954672-berkel.mps with config: /scratch/yorig/mpils-results-grid-seconds-10-4may/medium-2/24proc/seed-2/2_neos-4954672-berkel_seed-2_20260504_191630/iterated_local_search/run_1_worker_14/ils_config_501438755026188192.prm
[INFO]:[19:18:22] Starting CPLEX solver on instance: /home/yorig/tuner/mpils-tests/instances/miplib/medium-2/neos-4954672-berkel.mps with config: /scratch/yorig/mpils-results-grid-seconds-10-4may/medium-2/24proc/seed-2/2_neos-4954672-berkel_seed-2_20260504_191630/iterated_local_search/run_1_worker_14/ils_config_501438755026188192.prm
[INFO]:[19:18:32] CPLEX results. Gap: 16.970000, upper bound: 2701565.000000, lower bound: 2243221.036928
[INFO]:[19:18:32] CPLEX solver finished. Gap: 16.970000
[INFO]:[19:18:32] New incumbent found with objective value: 16.97
[INFO]:[19:18:32] Starting CPLEX solver on instance: /home/yorig/tuner/mpils-tests/instances/miplib/medium-2/neos-4954672-berkel.mps with config: /scratch/yorig/mpils-results-grid-seconds-10-4may/medium-2/24proc/seed-2/2_neos-4954672-berkel_seed-2_20260504_191630/iterated_local_search/run_1_worker_14/ils_config_12800502932578622771.prm
[INFO]:[19:18:32] Starting CPLEX solver on instance: /home/yorig/tuner/mpils-tests/instances/miplib/medium-2/neos-4954672-berkel.mps with config: /scratch/yorig/mpils-results-grid-seconds-10-4may/medium-2/24proc/seed-2/2_neos-4954672-berkel_seed-2_20260504_191630/iterated_local_search/run_1_worker_14/ils_config_12800502932578622771.prm
[INFO]:[19:18:42] CPLEX results. Gap: 16.970000, upper bound: 2701565.000000, lower bound: 2243158.373897
[INFO]:[19:18:42] CPLEX solver finished. Gap: 16.970000
[INFO]:[19:18:42] Starting CPLEX solver on instance: /home/yorig/tuner/mpils-tests/instances/miplib/medium-2/neos-4954672-berkel.mps with config: /scratch/yorig/mpils-results-grid-seconds-10-4may/medium-2/24proc/seed-2/2_neos-4954672-berkel_seed-2_20260504_191630/iterated_local_search/run_1_worker_14/ils_config_11703873207785314961.prm
[INFO]:[19:18:42] Starting CPLEX solver on instance: /home/yorig/tuner/mpils-tests/instances/miplib/medium-2/neos-4954672-berkel.mps with config: /scratch/yorig/mpils-results-grid-seconds-10-4may/medium-2/24proc/seed-2/2_neos-4954672-berkel_seed-2_20260504_191630/iterated_local_search/run_1_worker_14/ils_config_11703873207785314961.prm
[INFO]:[19:18:52] CPLEX results. Gap: 16.950000, upper bound: 2701565.000000, lower bound: 2243722.140964
[INFO]:[19:18:52] CPLEX solver finished. Gap: 16.950000
[INFO]:[19:18:52] New incumbent found with objective value: 16.95
[INFO]:[19:18:52] Starting CPLEX solver on instance: /home/yorig/tuner/mpils-tests/instances/miplib/medium-2/neos-4954672-berkel.mps with config: /scratch/yorig/mpils-results-grid-seconds-10-4may/medium-2/24proc/seed-2/2_neos-4954672-berkel_seed-2_20260504_191630/iterated_local_search/run_1_worker_14/ils_config_12694075433498437296.prm
[INFO]:[19:18:52] Starting CPLEX solver on instance: /home/yorig/tuner/mpils-tests/instances/miplib/medium-2/neos-4954672-berkel.mps with config: /scratch/yorig/mpils-results-grid-seconds-10-4may/medium-2/24proc/seed-2/2_neos-4954672-berkel_seed-2_20260504_191630/iterated_local_search/run_1_worker_14/ils_config_12694075433498437296.prm
[INFO]:[19:19:02] CPLEX results. Gap: 15.640000, upper bound: 2693885.000000, lower bound: 2272543.231224
[INFO]:[19:19:02] CPLEX solver finished. Gap: 15.640000
[INFO]:[19:19:02] New incumbent found with objective value: 15.64
[INFO]:[19:19:02] Starting CPLEX solver on instance: /home/yorig/tuner/mpils-tests/instances/miplib/medium-2/neos-4954672-berkel.mps with config: /scratch/yorig/mpils-results-grid-seconds-10-4may/medium-2/24proc/seed-2/2_neos-4954672-berkel_seed-2_20260504_191630/iterated_local_search/run_1_worker_14/ils_config_9906198593307224708.prm
[INFO]:[19:19:02] Starting CPLEX solver on instance: /home/yorig/tuner/mpils-tests/instances/miplib/medium-2/neos-4954672-berkel.mps with config: /scratch/yorig/mpils-results-grid-seconds-10-4may/medium-2/24proc/seed-2/2_neos-4954672-berkel_seed-2_20260504_191630/iterated_local_search/run_1_worker_14/ils_config_9906198593307224708.prm
[INFO]:[19:19:12] CPLEX results. Gap: 23.210000, upper bound: 2639477.000000, lower bound: 2026954.295146
[INFO]:[19:19:12] CPLEX solver finished. Gap: 23.210000
[INFO]:[19:19:12] Starting CPLEX solver on instance: /home/yorig/tuner/mpils-tests/instances/miplib/medium-2/neos-4954672-berkel.mps with config: /scratch/yorig/mpils-results-grid-seconds-10-4may/medium-2/24proc/seed-2/2_neos-4954672-berkel_seed-2_20260504_191630/iterated_local_search/run_1_worker_14/ils_config_950578934347040349.prm
[INFO]:[19:19:12] Starting CPLEX solver on instance: /home/yorig/tuner/mpils-tests/instances/miplib/medium-2/neos-4954672-berkel.mps with config: /scratch/yorig/mpils-results-grid-seconds-10-4may/medium-2/24proc/seed-2/2_neos-4954672-berkel_seed-2_20260504_191630/iterated_local_search/run_1_worker_14/ils_config_950578934347040349.prm
[INFO]:[19:19:22] CPLEX results. Gap: 13.810000, upper bound: 2659476.000000, lower bound: 2292100.982274
[INFO]:[19:19:22] CPLEX solver finished. Gap: 13.810000
[INFO]:[19:19:22] New incumbent found with objective value: 13.81
[INFO]:[19:19:22] Starting CPLEX solver on instance: /home/yorig/tuner/mpils-tests/instances/miplib/medium-2/neos-4954672-berkel.mps with config: /scratch/yorig/mpils-results-grid-seconds-10-4may/medium-2/24proc/seed-2/2_neos-4954672-berkel_seed-2_20260504_191630/iterated_local_search/run_1_worker_14/ils_config_6060347478033256170.prm
[INFO]:[19:19:22] Starting CPLEX solver on instance: /home/yorig/tuner/mpils-tests/instances/miplib/medium-2/neos-4954672-berkel.mps with config: /scratch/yorig/mpils-results-grid-seconds-10-4may/medium-2/24proc/seed-2/2_neos-4954672-berkel_seed-2_20260504_191630/iterated_local_search/run_1_worker_14/ils_config_6060347478033256170.prm
[INFO]:[19:19:32] CPLEX results. Gap: 13.830000, upper bound: 2659476.000000, lower bound: 2291595.355130
[INFO]:[19:19:32] CPLEX solver finished. Gap: 13.830000
[INFO]:[19:19:32] Starting CPLEX solver on instance: /home/yorig/tuner/mpils-tests/instances/miplib/medium-2/neos-4954672-berkel.mps with config: /scratch/yorig/mpils-results-grid-seconds-10-4may/medium-2/24proc/seed-2/2_neos-4954672-berkel_seed-2_20260504_191630/iterated_local_search/run_1_worker_14/ils_config_9493873839675519077.prm
[INFO]:[19:19:32] Starting CPLEX solver on instance: /home/yorig/tuner/mpils-tests/instances/miplib/medium-2/neos-4954672-berkel.mps with config: /scratch/yorig/mpils-results-grid-seconds-10-4may/medium-2/24proc/seed-2/2_neos-4954672-berkel_seed-2_20260504_191630/iterated_local_search/run_1_worker_14/ils_config_9493873839675519077.prm
[INFO]:[19:19:42] CPLEX results. Gap: 13.810000, upper bound: 2659476.000000, lower bound: 2292192.859890
[INFO]:[19:19:42] CPLEX solver finished. Gap: 13.810000
[INFO]:[19:19:42] Starting CPLEX solver on instance: /home/yorig/tuner/mpils-tests/instances/miplib/medium-2/neos-4954672-berkel.mps with config: /scratch/yorig/mpils-results-grid-seconds-10-4may/medium-2/24proc/seed-2/2_neos-4954672-berkel_seed-2_20260504_191630/iterated_local_search/run_1_worker_14/ils_config_3154090471500630766.prm
[INFO]:[19:19:42] Starting CPLEX solver on instance: /home/yorig/tuner/mpils-tests/instances/miplib/medium-2/neos-4954672-berkel.mps with config: /scratch/yorig/mpils-results-grid-seconds-10-4may/medium-2/24proc/seed-2/2_neos-4954672-berkel_seed-2_20260504_191630/iterated_local_search/run_1_worker_14/ils_config_3154090471500630766.prm
[INFO]:[19:19:52] CPLEX results. Gap: 13.770000, upper bound: 2659476.000000, lower bound: 2293166.193293
[INFO]:[19:19:52] CPLEX solver finished. Gap: 13.770000
[INFO]:[19:19:52] New incumbent found with objective value: 13.77
[INFO]:[19:19:52] Local search phase completed.
[INFO]:[19:19:52] Total number of new local-search evaluations: 20
[INFO]:[19:19:52] Final incumbent objective value: 13.77
[INFO]:[19:19:52] Worker 14 completed exploration phase.
[INFO]:[19:19:52] Worker 14 received order for step 2.
[INFO]:[19:19:52] Worker 14 running expansion phase for iteration 1.
[INFO]:[19:19:52] Worker 14 will use solver log file: /scratch/yorig/mpils-results-grid-seconds-10-4may/medium-2/24proc/seed-2/2_neos-4954672-berkel_seed-2_20260504_191630/solver/cplex.log_iteration_expansion_1_worker_14
[INFO]:[19:19:52] Expansion Worker 14 starting expansion for iteration 1.
[INFO]:[19:19:52] Starting CPLEX solver on instance: /home/yorig/tuner/mpils-tests/instances/miplib/medium-2/neos-4954672-berkel.mps with config: /scratch/yorig/mpils-results-grid-seconds-10-4may/medium-2/24proc/seed-2/2_neos-4954672-berkel_seed-2_20260504_191630/expansion/config_param_CPXPARAM_MIP_Strategy_NodeSelect_2_iter_1.prm
[INFO]:[19:20:02] CPLEX results. Gap: 17.510000, upper bound: 2625155.999995, lower bound: 2165581.932545
[INFO]:[19:20:02] CPLEX solver finished. Gap: 17.510000
[INFO]:[19:20:02] Starting CPLEX solver on instance: /home/yorig/tuner/mpils-tests/instances/miplib/medium-2/neos-4954672-berkel.mps with config: /scratch/yorig/mpils-results-grid-seconds-10-4may/medium-2/24proc/seed-2/2_neos-4954672-berkel_seed-2_20260504_191630/expansion/config_param_CPXPARAM_MIP_Strategy_RINSHeur_1000_iter_1.prm
[INFO]:[19:20:12] CPLEX results. Gap: 15.010000, upper bound: 2625156.000000, lower bound: 2231181.013182
[INFO]:[19:20:12] CPLEX solver finished. Gap: 15.010000
[INFO]:[19:20:22] Expansion Worker 14 stopping early after global MPI expansion stop was activated.
[INFO]:[19:20:22] Expansion Worker 14 completed expansion.
[INFO]:[19:20:22] Worker 14 completed expansion phase.
[INFO]:[19:20:23] Worker 14 received order for step 1.
[INFO]:[19:20:23] Worker 14 running exploration phase for iteration 2.
[INFO]:[19:20:23] Worker 14 at iteration 2 will not use a MIP start file. Current best MIP-start upper bound threshold is 1.79769e+308.
[INFO]:[19:20:23] Starting local search phase...
[INFO]:[19:20:23] Creating local search space from parameter space file: /scratch/yorig/mpils-results-grid-seconds-10-4may/medium-2/24proc/seed-2/2_neos-4954672-berkel_seed-2_20260504_191630/iterated_local_search/search_space/search_space_file_2_worker_14.txt
[INFO]:[19:20:23] Local search space loaded from file: /scratch/yorig/mpils-results-grid-seconds-10-4may/medium-2/24proc/seed-2/2_neos-4954672-berkel_seed-2_20260504_191630/iterated_local_search/search_space/search_space_file_2_worker_14.txt
[INFO]:[19:20:23] Number of parameters in local search space: 71
[INFO]:[19:20:23] Number of forbidden tuples in local search space: 26
[INFO]:[19:20:23] Number of conditionals in local search space: 6
[INFO]:[19:20:23] MIP start option not enabled. Local search will proceed without MIP start.
[INFO]:[19:20:23] Evaluating initial configuration for local search phase...
[INFO]:[19:20:23] Starting CPLEX solver on instance: /home/yorig/tuner/mpils-tests/instances/miplib/medium-2/neos-4954672-berkel.mps with config: /scratch/yorig/mpils-results-grid-seconds-10-4may/medium-2/24proc/seed-2/2_neos-4954672-berkel_seed-2_20260504_191630/iterated_local_search/run_2_worker_14/ils_config_5129044554834127786.prm
[INFO]:[19:20:23] Starting CPLEX solver on instance: /home/yorig/tuner/mpils-tests/instances/miplib/medium-2/neos-4954672-berkel.mps with config: /scratch/yorig/mpils-results-grid-seconds-10-4may/medium-2/24proc/seed-2/2_neos-4954672-berkel_seed-2_20260504_191630/iterated_local_search/run_2_worker_14/ils_config_5129044554834127786.prm
[INFO]:[19:20:33] CPLEX results. Gap: 21.910000, upper bound: 2620820.000000, lower bound: 2046558.302755
[INFO]:[19:20:33] CPLEX solver finished. Gap: 21.910000
[INFO]:[19:20:33] Initial configuration evaluated with objective value: 21.91
[INFO]:[19:20:33] Starting CPLEX solver on instance: /home/yorig/tuner/mpils-tests/instances/miplib/medium-2/neos-4954672-berkel.mps with config: /scratch/yorig/mpils-results-grid-seconds-10-4may/medium-2/24proc/seed-2/2_neos-4954672-berkel_seed-2_20260504_191630/iterated_local_search/run_2_worker_14/ils_config_1544432301955920682.prm
[INFO]:[19:20:33] Starting CPLEX solver on instance: /home/yorig/tuner/mpils-tests/instances/miplib/medium-2/neos-4954672-berkel.mps with config: /scratch/yorig/mpils-results-grid-seconds-10-4may/medium-2/24proc/seed-2/2_neos-4954672-berkel_seed-2_20260504_191630/iterated_local_search/run_2_worker_14/ils_config_1544432301955920682.prm
[INFO]:[19:20:43] CPLEX results. Gap: 22.220000, upper bound: 2620845.000000, lower bound: 2038384.734204
[INFO]:[19:20:43] CPLEX solver finished. Gap: 22.220000
[INFO]:[19:20:43] Starting CPLEX solver on instance: /home/yorig/tuner/mpils-tests/instances/miplib/medium-2/neos-4954672-berkel.mps with config: /scratch/yorig/mpils-results-grid-seconds-10-4may/medium-2/24proc/seed-2/2_neos-4954672-berkel_seed-2_20260504_191630/iterated_local_search/run_2_worker_14/ils_config_3533721136278387949.prm
[INFO]:[19:20:43] Starting CPLEX solver on instance: /home/yorig/tuner/mpils-tests/instances/miplib/medium-2/neos-4954672-berkel.mps with config: /scratch/yorig/mpils-results-grid-seconds-10-4may/medium-2/24proc/seed-2/2_neos-4954672-berkel_seed-2_20260504_191630/iterated_local_search/run_2_worker_14/ils_config_3533721136278387949.prm
[INFO]:[19:20:53] CPLEX results. Gap: 21.840000, upper bound: 2640120.000000, lower bound: 2063534.017603
[INFO]:[19:20:53] CPLEX solver finished. Gap: 21.840000
[INFO]:[19:20:53] New incumbent found with objective value: 21.84
[INFO]:[19:20:53] Starting CPLEX solver on instance: /home/yorig/tuner/mpils-tests/instances/miplib/medium-2/neos-4954672-berkel.mps with config: /scratch/yorig/mpils-results-grid-seconds-10-4may/medium-2/24proc/seed-2/2_neos-4954672-berkel_seed-2_20260504_191630/iterated_local_search/run_2_worker_14/ils_config_13247399830540192536.prm
[INFO]:[19:20:53] Starting CPLEX solver on instance: /home/yorig/tuner/mpils-tests/instances/miplib/medium-2/neos-4954672-berkel.mps with config: /scratch/yorig/mpils-results-grid-seconds-10-4may/medium-2/24proc/seed-2/2_neos-4954672-berkel_seed-2_20260504_191630/iterated_local_search/run_2_worker_14/ils_config_13247399830540192536.prm
[INFO]:[19:21:03] CPLEX results. Gap: 21.840000, upper bound: 2640120.000000, lower bound: 2063534.017603
[INFO]:[19:21:03] CPLEX solver finished. Gap: 21.840000
[INFO]:[19:21:03] Starting CPLEX solver on instance: /home/yorig/tuner/mpils-tests/instances/miplib/medium-2/neos-4954672-berkel.mps with config: /scratch/yorig/mpils-results-grid-seconds-10-4may/medium-2/24proc/seed-2/2_neos-4954672-berkel_seed-2_20260504_191630/iterated_local_search/run_2_worker_14/ils_config_2151877368700774192.prm
[INFO]:[19:21:03] Starting CPLEX solver on instance: /home/yorig/tuner/mpils-tests/instances/miplib/medium-2/neos-4954672-berkel.mps with config: /scratch/yorig/mpils-results-grid-seconds-10-4may/medium-2/24proc/seed-2/2_neos-4954672-berkel_seed-2_20260504_191630/iterated_local_search/run_2_worker_14/ils_config_2151877368700774192.prm
[INFO]:[19:21:13] CPLEX results. Gap: 21.840000, upper bound: 2640120.000000, lower bound: 2063534.017603
[INFO]:[19:21:13] CPLEX solver finished. Gap: 21.840000
[INFO]:[19:21:13] Starting CPLEX solver on instance: /home/yorig/tuner/mpils-tests/instances/miplib/medium-2/neos-4954672-berkel.mps with config: /scratch/yorig/mpils-results-grid-seconds-10-4may/medium-2/24proc/seed-2/2_neos-4954672-berkel_seed-2_20260504_191630/iterated_local_search/run_2_worker_14/ils_config_10986848067631569583.prm
[INFO]:[19:21:13] Starting CPLEX solver on instance: /home/yorig/tuner/mpils-tests/instances/miplib/medium-2/neos-4954672-berkel.mps with config: /scratch/yorig/mpils-results-grid-seconds-10-4may/medium-2/24proc/seed-2/2_neos-4954672-berkel_seed-2_20260504_191630/iterated_local_search/run_2_worker_14/ils_config_10986848067631569583.prm
[INFO]:[19:21:23] CPLEX results. Gap: 21.030000, upper bound: 2640120.000000, lower bound: 2085020.841921
[INFO]:[19:21:23] CPLEX solver finished. Gap: 21.030000
[INFO]:[19:21:23] New incumbent found with objective value: 21.03
[INFO]:[19:21:23] Starting CPLEX solver on instance: /home/yorig/tuner/mpils-tests/instances/miplib/medium-2/neos-4954672-berkel.mps with config: /scratch/yorig/mpils-results-grid-seconds-10-4may/medium-2/24proc/seed-2/2_neos-4954672-berkel_seed-2_20260504_191630/iterated_local_search/run_2_worker_14/ils_config_11058374612340117828.prm
[INFO]:[19:21:23] Starting CPLEX solver on instance: /home/yorig/tuner/mpils-tests/instances/miplib/medium-2/neos-4954672-berkel.mps with config: /scratch/yorig/mpils-results-grid-seconds-10-4may/medium-2/24proc/seed-2/2_neos-4954672-berkel_seed-2_20260504_191630/iterated_local_search/run_2_worker_14/ils_config_11058374612340117828.prm
[INFO]:[19:21:33] CPLEX results. Gap: 21.030000, upper bound: 2640120.000000, lower bound: 2085020.841921
[INFO]:[19:21:33] CPLEX solver finished. Gap: 21.030000
[INFO]:[19:21:33] Starting CPLEX solver on instance: /home/yorig/tuner/mpils-tests/instances/miplib/medium-2/neos-4954672-berkel.mps with config: /scratch/yorig/mpils-results-grid-seconds-10-4may/medium-2/24proc/seed-2/2_neos-4954672-berkel_seed-2_20260504_191630/iterated_local_search/run_2_worker_14/ils_config_3268138600262519557.prm
[INFO]:[19:21:33] Starting CPLEX solver on instance: /home/yorig/tuner/mpils-tests/instances/miplib/medium-2/neos-4954672-berkel.mps with config: /scratch/yorig/mpils-results-grid-seconds-10-4may/medium-2/24proc/seed-2/2_neos-4954672-berkel_seed-2_20260504_191630/iterated_local_search/run_2_worker_14/ils_config_3268138600262519557.prm
[INFO]:[19:21:43] CPLEX results. Gap: 22.640000, upper bound: 2686537.999987, lower bound: 2078411.192553
[INFO]:[19:21:43] CPLEX solver finished. Gap: 22.640000
[INFO]:[19:21:43] Starting CPLEX solver on instance: /home/yorig/tuner/mpils-tests/instances/miplib/medium-2/neos-4954672-berkel.mps with config: /scratch/yorig/mpils-results-grid-seconds-10-4may/medium-2/24proc/seed-2/2_neos-4954672-berkel_seed-2_20260504_191630/iterated_local_search/run_2_worker_14/ils_config_15143315875320032046.prm
[INFO]:[19:21:43] Starting CPLEX solver on instance: /home/yorig/tuner/mpils-tests/instances/miplib/medium-2/neos-4954672-berkel.mps with config: /scratch/yorig/mpils-results-grid-seconds-10-4may/medium-2/24proc/seed-2/2_neos-4954672-berkel_seed-2_20260504_191630/iterated_local_search/run_2_worker_14/ils_config_15143315875320032046.prm
[INFO]:[19:21:53] CPLEX results. Gap: 21.030000, upper bound: 2640120.000000, lower bound: 2085020.841921
[INFO]:[19:21:53] CPLEX solver finished. Gap: 21.030000
[INFO]:[19:21:53] Starting CPLEX solver on instance: /home/yorig/tuner/mpils-tests/instances/miplib/medium-2/neos-4954672-berkel.mps with config: /scratch/yorig/mpils-results-grid-seconds-10-4may/medium-2/24proc/seed-2/2_neos-4954672-berkel_seed-2_20260504_191630/iterated_local_search/run_2_worker_14/ils_config_8447531126121071957.prm
[INFO]:[19:21:53] Starting CPLEX solver on instance: /home/yorig/tuner/mpils-tests/instances/miplib/medium-2/neos-4954672-berkel.mps with config: /scratch/yorig/mpils-results-grid-seconds-10-4may/medium-2/24proc/seed-2/2_neos-4954672-berkel_seed-2_20260504_191630/iterated_local_search/run_2_worker_14/ils_config_8447531126121071957.prm
[INFO]:[19:22:03] CPLEX results. Gap: 21.030000, upper bound: 2640120.000000, lower bound: 2085020.841921
[INFO]:[19:22:03] CPLEX solver finished. Gap: 21.030000
[INFO]:[19:22:03] Starting CPLEX solver on instance: /home/yorig/tuner/mpils-tests/instances/miplib/medium-2/neos-4954672-berkel.mps with config: /scratch/yorig/mpils-results-grid-seconds-10-4may/medium-2/24proc/seed-2/2_neos-4954672-berkel_seed-2_20260504_191630/iterated_local_search/run_2_worker_14/ils_config_14734105172645997347.prm
[INFO]:[19:22:03] Starting CPLEX solver on instance: /home/yorig/tuner/mpils-tests/instances/miplib/medium-2/neos-4954672-berkel.mps with config: /scratch/yorig/mpils-results-grid-seconds-10-4may/medium-2/24proc/seed-2/2_neos-4954672-berkel_seed-2_20260504_191630/iterated_local_search/run_2_worker_14/ils_config_14734105172645997347.prm
[INFO]:[19:22:13] CPLEX results. Gap: 21.170000, upper bound: 2640197.000000, lower bound: 2081262.709531
[INFO]:[19:22:13] CPLEX solver finished. Gap: 21.170000
[INFO]:[19:22:13] Starting CPLEX solver on instance: /home/yorig/tuner/mpils-tests/instances/miplib/medium-2/neos-4954672-berkel.mps with config: /scratch/yorig/mpils-results-grid-seconds-10-4may/medium-2/24proc/seed-2/2_neos-4954672-berkel_seed-2_20260504_191630/iterated_local_search/run_2_worker_14/ils_config_9077772804568557591.prm
[INFO]:[19:22:13] Starting CPLEX solver on instance: /home/yorig/tuner/mpils-tests/instances/miplib/medium-2/neos-4954672-berkel.mps with config: /scratch/yorig/mpils-results-grid-seconds-10-4may/medium-2/24proc/seed-2/2_neos-4954672-berkel_seed-2_20260504_191630/iterated_local_search/run_2_worker_14/ils_config_9077772804568557591.prm
[INFO]:[19:22:23] CPLEX results. Gap: 21.130000, upper bound: 2640120.000000, lower bound: 2082260.256070
[INFO]:[19:22:23] CPLEX solver finished. Gap: 21.130000
[INFO]:[19:22:23] Starting CPLEX solver on instance: /home/yorig/tuner/mpils-tests/instances/miplib/medium-2/neos-4954672-berkel.mps with config: /scratch/yorig/mpils-results-grid-seconds-10-4may/medium-2/24proc/seed-2/2_neos-4954672-berkel_seed-2_20260504_191630/iterated_local_search/run_2_worker_14/ils_config_13424841625883270055.prm
[INFO]:[19:22:23] Starting CPLEX solver on instance: /home/yorig/tuner/mpils-tests/instances/miplib/medium-2/neos-4954672-berkel.mps with config: /scratch/yorig/mpils-results-grid-seconds-10-4may/medium-2/24proc/seed-2/2_neos-4954672-berkel_seed-2_20260504_191630/iterated_local_search/run_2_worker_14/ils_config_13424841625883270055.prm
[INFO]:[19:22:33] CPLEX results. Gap: 21.030000, upper bound: 2640120.000000, lower bound: 2085020.841921
[INFO]:[19:22:33] CPLEX solver finished. Gap: 21.030000
[INFO]:[19:22:33] Starting CPLEX solver on instance: /home/yorig/tuner/mpils-tests/instances/miplib/medium-2/neos-4954672-berkel.mps with config: /scratch/yorig/mpils-results-grid-seconds-10-4may/medium-2/24proc/seed-2/2_neos-4954672-berkel_seed-2_20260504_191630/iterated_local_search/run_2_worker_14/ils_config_4208344918030588031.prm
[INFO]:[19:22:33] Starting CPLEX solver on instance: /home/yorig/tuner/mpils-tests/instances/miplib/medium-2/neos-4954672-berkel.mps with config: /scratch/yorig/mpils-results-grid-seconds-10-4may/medium-2/24proc/seed-2/2_neos-4954672-berkel_seed-2_20260504_191630/iterated_local_search/run_2_worker_14/ils_config_4208344918030588031.prm
[INFO]:[19:22:43] CPLEX results. Gap: 21.030000, upper bound: 2640120.000000, lower bound: 2085020.841921
[INFO]:[19:22:43] CPLEX solver finished. Gap: 21.030000
[INFO]:[19:22:43] Starting CPLEX solver on instance: /home/yorig/tuner/mpils-tests/instances/miplib/medium-2/neos-4954672-berkel.mps with config: /scratch/yorig/mpils-results-grid-seconds-10-4may/medium-2/24proc/seed-2/2_neos-4954672-berkel_seed-2_20260504_191630/iterated_local_search/run_2_worker_14/ils_config_4938627331580098516.prm
[INFO]:[19:22:43] Starting CPLEX solver on instance: /home/yorig/tuner/mpils-tests/instances/miplib/medium-2/neos-4954672-berkel.mps with config: /scratch/yorig/mpils-results-grid-seconds-10-4may/medium-2/24proc/seed-2/2_neos-4954672-berkel_seed-2_20260504_191630/iterated_local_search/run_2_worker_14/ils_config_4938627331580098516.prm
[INFO]:[19:22:53] CPLEX results. Gap: 21.690000, upper bound: 2640120.000000, lower bound: 2067530.229734
[INFO]:[19:22:53] CPLEX solver finished. Gap: 21.690000
[INFO]:[19:22:53] Local search phase completed.
[INFO]:[19:22:53] Total number of new local-search evaluations: 15
[INFO]:[19:22:53] Final incumbent objective value: 21.03
[INFO]:[19:22:53] Worker 14 completed exploration phase.
[INFO]:[19:22:54] Worker 14 received order for step 2.
[INFO]:[19:22:54] Worker 14 running expansion phase for iteration 2.
[INFO]:[19:22:54] Worker 14 will use solver log file: /scratch/yorig/mpils-results-grid-seconds-10-4may/medium-2/24proc/seed-2/2_neos-4954672-berkel_seed-2_20260504_191630/solver/cplex.log_iteration_expansion_2_worker_14
[INFO]:[19:22:54] Expansion Worker 14 starting expansion for iteration 2.
[INFO]:[19:22:54] Starting CPLEX solver on instance: /home/yorig/tuner/mpils-tests/instances/miplib/medium-2/neos-4954672-berkel.mps with config: /scratch/yorig/mpils-results-grid-seconds-10-4may/medium-2/24proc/seed-2/2_neos-4954672-berkel_seed-2_20260504_191630/expansion/config_param_CPXPARAM_MIP_Strategy_LBHeur_1_iter_2.prm
[INFO]:[19:23:04] CPLEX results. Gap: 16.330000, upper bound: 2656672.000000, lower bound: 2222737.640780
[INFO]:[19:23:04] CPLEX solver finished. Gap: 16.330000
[INFO]:[19:23:14] Expansion Worker 14 stopping early after global MPI expansion stop was activated.
[INFO]:[19:23:14] Expansion Worker 14 completed expansion.
[INFO]:[19:23:14] Worker 14 completed expansion phase.
[INFO]:[19:23:14] Worker 14 received order for step 1.
[INFO]:[19:23:14] Worker 14 running exploration phase for iteration 3.
[INFO]:[19:23:14] Worker 14 at iteration 3 will not use a MIP start file. Current best MIP-start upper bound threshold is 1.79769e+308.
[INFO]:[19:23:14] Starting local search phase...
[INFO]:[19:23:14] Creating local search space from parameter space file: /scratch/yorig/mpils-results-grid-seconds-10-4may/medium-2/24proc/seed-2/2_neos-4954672-berkel_seed-2_20260504_191630/iterated_local_search/search_space/search_space_file_3_worker_14.txt
[INFO]:[19:23:14] Local search space loaded from file: /scratch/yorig/mpils-results-grid-seconds-10-4may/medium-2/24proc/seed-2/2_neos-4954672-berkel_seed-2_20260504_191630/iterated_local_search/search_space/search_space_file_3_worker_14.txt
[INFO]:[19:23:14] Number of parameters in local search space: 71
[INFO]:[19:23:14] Number of forbidden tuples in local search space: 49
[INFO]:[19:23:14] Number of conditionals in local search space: 6
[INFO]:[19:23:14] MIP start option not enabled. Local search will proceed without MIP start.
[INFO]:[19:23:14] Evaluating initial configuration for local search phase...
[INFO]:[19:23:14] Starting CPLEX solver on instance: /home/yorig/tuner/mpils-tests/instances/miplib/medium-2/neos-4954672-berkel.mps with config: /scratch/yorig/mpils-results-grid-seconds-10-4may/medium-2/24proc/seed-2/2_neos-4954672-berkel_seed-2_20260504_191630/iterated_local_search/run_3_worker_14/ils_config_2520781754525452889.prm
[INFO]:[19:23:14] Starting CPLEX solver on instance: /home/yorig/tuner/mpils-tests/instances/miplib/medium-2/neos-4954672-berkel.mps with config: /scratch/yorig/mpils-results-grid-seconds-10-4may/medium-2/24proc/seed-2/2_neos-4954672-berkel_seed-2_20260504_191630/iterated_local_search/run_3_worker_14/ils_config_2520781754525452889.prm
[INFO]:[19:23:24] CPLEX results. Gap: 26.280000, upper bound: 2670738.000000, lower bound: 1968911.964420
[INFO]:[19:23:24] CPLEX solver finished. Gap: 26.280000
[INFO]:[19:23:24] Initial configuration evaluated with objective value: 26.28
[INFO]:[19:23:24] Starting CPLEX solver on instance: /home/yorig/tuner/mpils-tests/instances/miplib/medium-2/neos-4954672-berkel.mps with config: /scratch/yorig/mpils-results-grid-seconds-10-4may/medium-2/24proc/seed-2/2_neos-4954672-berkel_seed-2_20260504_191630/iterated_local_search/run_3_worker_14/ils_config_12160433949243773928.prm
[INFO]:[19:23:24] Starting CPLEX solver on instance: /home/yorig/tuner/mpils-tests/instances/miplib/medium-2/neos-4954672-berkel.mps with config: /scratch/yorig/mpils-results-grid-seconds-10-4may/medium-2/24proc/seed-2/2_neos-4954672-berkel_seed-2_20260504_191630/iterated_local_search/run_3_worker_14/ils_config_12160433949243773928.prm
[INFO]:[19:23:34] CPLEX results. Gap: 23.250000, upper bound: 2670360.999995, lower bound: 2049407.248163
[INFO]:[19:23:34] CPLEX solver finished. Gap: 23.250000
[INFO]:[19:23:34] New incumbent found with objective value: 23.25
[INFO]:[19:23:34] Starting CPLEX solver on instance: /home/yorig/tuner/mpils-tests/instances/miplib/medium-2/neos-4954672-berkel.mps with config: /scratch/yorig/mpils-results-grid-seconds-10-4may/medium-2/24proc/seed-2/2_neos-4954672-berkel_seed-2_20260504_191630/iterated_local_search/run_3_worker_14/ils_config_5601124419817089408.prm
[INFO]:[19:23:34] Starting CPLEX solver on instance: /home/yorig/tuner/mpils-tests/instances/miplib/medium-2/neos-4954672-berkel.mps with config: /scratch/yorig/mpils-results-grid-seconds-10-4may/medium-2/24proc/seed-2/2_neos-4954672-berkel_seed-2_20260504_191630/iterated_local_search/run_3_worker_14/ils_config_5601124419817089408.prm
[INFO]:[19:23:44] CPLEX results. Gap: 23.250000, upper bound: 2670360.999995, lower bound: 2049407.248163
[INFO]:[19:23:44] CPLEX solver finished. Gap: 23.250000
[INFO]:[19:23:44] Starting CPLEX solver on instance: /home/yorig/tuner/mpils-tests/instances/miplib/medium-2/neos-4954672-berkel.mps with config: /scratch/yorig/mpils-results-grid-seconds-10-4may/medium-2/24proc/seed-2/2_neos-4954672-berkel_seed-2_20260504_191630/iterated_local_search/run_3_worker_14/ils_config_1793039723093959198.prm
[INFO]:[19:23:44] Starting CPLEX solver on instance: /home/yorig/tuner/mpils-tests/instances/miplib/medium-2/neos-4954672-berkel.mps with config: /scratch/yorig/mpils-results-grid-seconds-10-4may/medium-2/24proc/seed-2/2_neos-4954672-berkel_seed-2_20260504_191630/iterated_local_search/run_3_worker_14/ils_config_1793039723093959198.prm
[INFO]:[19:23:54] CPLEX results. Gap: 21.680000, upper bound: 2617901.000000, lower bound: 2050223.659639
[INFO]:[19:23:54] CPLEX solver finished. Gap: 21.680000
[INFO]:[19:23:54] New incumbent found with objective value: 21.68
[INFO]:[19:23:54] Starting CPLEX solver on instance: /home/yorig/tuner/mpils-tests/instances/miplib/medium-2/neos-4954672-berkel.mps with config: /scratch/yorig/mpils-results-grid-seconds-10-4may/medium-2/24proc/seed-2/2_neos-4954672-berkel_seed-2_20260504_191630/iterated_local_search/run_3_worker_14/ils_config_13524353957427166677.prm
[INFO]:[19:23:54] Starting CPLEX solver on instance: /home/yorig/tuner/mpils-tests/instances/miplib/medium-2/neos-4954672-berkel.mps with config: /scratch/yorig/mpils-results-grid-seconds-10-4may/medium-2/24proc/seed-2/2_neos-4954672-berkel_seed-2_20260504_191630/iterated_local_search/run_3_worker_14/ils_config_13524353957427166677.prm
[INFO]:[19:24:04] CPLEX results. Gap: 22.790000, upper bound: 2650060.000000, lower bound: 2046130.066949
[INFO]:[19:24:04] CPLEX solver finished. Gap: 22.790000
[INFO]:[19:24:04] Starting CPLEX solver on instance: /home/yorig/tuner/mpils-tests/instances/miplib/medium-2/neos-4954672-berkel.mps with config: /scratch/yorig/mpils-results-grid-seconds-10-4may/medium-2/24proc/seed-2/2_neos-4954672-berkel_seed-2_20260504_191630/iterated_local_search/run_3_worker_14/ils_config_12534841955972815453.prm
[INFO]:[19:24:04] Starting CPLEX solver on instance: /home/yorig/tuner/mpils-tests/instances/miplib/medium-2/neos-4954672-berkel.mps with config: /scratch/yorig/mpils-results-grid-seconds-10-4may/medium-2/24proc/seed-2/2_neos-4954672-berkel_seed-2_20260504_191630/iterated_local_search/run_3_worker_14/ils_config_12534841955972815453.prm
[INFO]:[19:24:14] CPLEX results. Gap: 21.680000, upper bound: 2617901.000000, lower bound: 2050223.659639
[INFO]:[19:24:14] CPLEX solver finished. Gap: 21.680000
[INFO]:[19:24:14] Starting CPLEX solver on instance: /home/yorig/tuner/mpils-tests/instances/miplib/medium-2/neos-4954672-berkel.mps with config: /scratch/yorig/mpils-results-grid-seconds-10-4may/medium-2/24proc/seed-2/2_neos-4954672-berkel_seed-2_20260504_191630/iterated_local_search/run_3_worker_14/ils_config_5413906453750360624.prm
[INFO]:[19:24:14] Starting CPLEX solver on instance: /home/yorig/tuner/mpils-tests/instances/miplib/medium-2/neos-4954672-berkel.mps with config: /scratch/yorig/mpils-results-grid-seconds-10-4may/medium-2/24proc/seed-2/2_neos-4954672-berkel_seed-2_20260504_191630/iterated_local_search/run_3_worker_14/ils_config_5413906453750360624.prm
[INFO]:[19:24:24] CPLEX results. Gap: 21.680000, upper bound: 2617901.000000, lower bound: 2050223.659639
[INFO]:[19:24:24] CPLEX solver finished. Gap: 21.680000
[INFO]:[19:24:24] Starting CPLEX solver on instance: /home/yorig/tuner/mpils-tests/instances/miplib/medium-2/neos-4954672-berkel.mps with config: /scratch/yorig/mpils-results-grid-seconds-10-4may/medium-2/24proc/seed-2/2_neos-4954672-berkel_seed-2_20260504_191630/iterated_local_search/run_3_worker_14/ils_config_13412345248857833070.prm
[INFO]:[19:24:24] Starting CPLEX solver on instance: /home/yorig/tuner/mpils-tests/instances/miplib/medium-2/neos-4954672-berkel.mps with config: /scratch/yorig/mpils-results-grid-seconds-10-4may/medium-2/24proc/seed-2/2_neos-4954672-berkel_seed-2_20260504_191630/iterated_local_search/run_3_worker_14/ils_config_13412345248857833070.prm
[INFO]:[19:24:34] CPLEX results. Gap: 23.100000, upper bound: 2648687.000000, lower bound: 2036798.658906
[INFO]:[19:24:34] CPLEX solver finished. Gap: 23.100000
[INFO]:[19:24:35] Starting CPLEX solver on instance: /home/yorig/tuner/mpils-tests/instances/miplib/medium-2/neos-4954672-berkel.mps with config: /scratch/yorig/mpils-results-grid-seconds-10-4may/medium-2/24proc/seed-2/2_neos-4954672-berkel_seed-2_20260504_191630/iterated_local_search/run_3_worker_14/ils_config_3080117678016902464.prm
[INFO]:[19:24:35] Starting CPLEX solver on instance: /home/yorig/tuner/mpils-tests/instances/miplib/medium-2/neos-4954672-berkel.mps with config: /scratch/yorig/mpils-results-grid-seconds-10-4may/medium-2/24proc/seed-2/2_neos-4954672-berkel_seed-2_20260504_191630/iterated_local_search/run_3_worker_14/ils_config_3080117678016902464.prm
[INFO]:[19:24:45] CPLEX results. Gap: 21.680000, upper bound: 2617901.000000, lower bound: 2050223.659639
[INFO]:[19:24:45] CPLEX solver finished. Gap: 21.680000
[INFO]:[19:24:45] Starting CPLEX solver on instance: /home/yorig/tuner/mpils-tests/instances/miplib/medium-2/neos-4954672-berkel.mps with config: /scratch/yorig/mpils-results-grid-seconds-10-4may/medium-2/24proc/seed-2/2_neos-4954672-berkel_seed-2_20260504_191630/iterated_local_search/run_3_worker_14/ils_config_12318928128245396270.prm
[INFO]:[19:24:45] Starting CPLEX solver on instance: /home/yorig/tuner/mpils-tests/instances/miplib/medium-2/neos-4954672-berkel.mps with config: /scratch/yorig/mpils-results-grid-seconds-10-4may/medium-2/24proc/seed-2/2_neos-4954672-berkel_seed-2_20260504_191630/iterated_local_search/run_3_worker_14/ils_config_12318928128245396270.prm
[INFO]:[19:24:55] CPLEX results. Gap: 21.350000, upper bound: 2632130.000000, lower bound: 2070087.900223
[INFO]:[19:24:55] CPLEX solver finished. Gap: 21.350000
[INFO]:[19:24:55] New incumbent found with objective value: 21.35
[INFO]:[19:24:55] Starting CPLEX solver on instance: /home/yorig/tuner/mpils-tests/instances/miplib/medium-2/neos-4954672-berkel.mps with config: /scratch/yorig/mpils-results-grid-seconds-10-4may/medium-2/24proc/seed-2/2_neos-4954672-berkel_seed-2_20260504_191630/iterated_local_search/run_3_worker_14/ils_config_6299197378616220598.prm
[INFO]:[19:24:55] Starting CPLEX solver on instance: /home/yorig/tuner/mpils-tests/instances/miplib/medium-2/neos-4954672-berkel.mps with config: /scratch/yorig/mpils-results-grid-seconds-10-4may/medium-2/24proc/seed-2/2_neos-4954672-berkel_seed-2_20260504_191630/iterated_local_search/run_3_worker_14/ils_config_6299197378616220598.prm
[INFO]:[19:25:05] CPLEX results. Gap: 22.550000, upper bound: 2685126.999999, lower bound: 2079520.181076
[INFO]:[19:25:05] CPLEX solver finished. Gap: 22.550000
[INFO]:[19:25:05] Starting CPLEX solver on instance: /home/yorig/tuner/mpils-tests/instances/miplib/medium-2/neos-4954672-berkel.mps with config: /scratch/yorig/mpils-results-grid-seconds-10-4may/medium-2/24proc/seed-2/2_neos-4954672-berkel_seed-2_20260504_191630/iterated_local_search/run_3_worker_14/ils_config_14406656977411126357.prm
[INFO]:[19:25:05] Starting CPLEX solver on instance: /home/yorig/tuner/mpils-tests/instances/miplib/medium-2/neos-4954672-berkel.mps with config: /scratch/yorig/mpils-results-grid-seconds-10-4may/medium-2/24proc/seed-2/2_neos-4954672-berkel_seed-2_20260504_191630/iterated_local_search/run_3_worker_14/ils_config_14406656977411126357.prm
[INFO]:[19:25:15] CPLEX results. Gap: 20.920000, upper bound: 2612709.999995, lower bound: 2066103.872561
[INFO]:[19:25:15] CPLEX solver finished. Gap: 20.920000
[INFO]:[19:25:15] New incumbent found with objective value: 20.92
[INFO]:[19:25:15] Starting CPLEX solver on instance: /home/yorig/tuner/mpils-tests/instances/miplib/medium-2/neos-4954672-berkel.mps with config: /scratch/yorig/mpils-results-grid-seconds-10-4may/medium-2/24proc/seed-2/2_neos-4954672-berkel_seed-2_20260504_191630/iterated_local_search/run_3_worker_14/ils_config_5463911676851641864.prm
[INFO]:[19:25:15] Starting CPLEX solver on instance: /home/yorig/tuner/mpils-tests/instances/miplib/medium-2/neos-4954672-berkel.mps with config: /scratch/yorig/mpils-results-grid-seconds-10-4may/medium-2/24proc/seed-2/2_neos-4954672-berkel_seed-2_20260504_191630/iterated_local_search/run_3_worker_14/ils_config_5463911676851641864.prm
[INFO]:[19:25:25] CPLEX results. Gap: 21.510000, upper bound: 2637377.999997, lower bound: 2069982.599394
[INFO]:[19:25:25] CPLEX solver finished. Gap: 21.510000
[INFO]:[19:25:25] Starting CPLEX solver on instance: /home/yorig/tuner/mpils-tests/instances/miplib/medium-2/neos-4954672-berkel.mps with config: /scratch/yorig/mpils-results-grid-seconds-10-4may/medium-2/24proc/seed-2/2_neos-4954672-berkel_seed-2_20260504_191630/iterated_local_search/run_3_worker_14/ils_config_12039963848796512574.prm
[INFO]:[19:25:25] Starting CPLEX solver on instance: /home/yorig/tuner/mpils-tests/instances/miplib/medium-2/neos-4954672-berkel.mps with config: /scratch/yorig/mpils-results-grid-seconds-10-4may/medium-2/24proc/seed-2/2_neos-4954672-berkel_seed-2_20260504_191630/iterated_local_search/run_3_worker_14/ils_config_12039963848796512574.prm
[INFO]:[19:25:35] CPLEX results. Gap: 21.340000, upper bound: 2632522.999995, lower bound: 2070835.699542
[INFO]:[19:25:35] CPLEX solver finished. Gap: 21.340000
[INFO]:[19:25:35] Starting CPLEX solver on instance: /home/yorig/tuner/mpils-tests/instances/miplib/medium-2/neos-4954672-berkel.mps with config: /scratch/yorig/mpils-results-grid-seconds-10-4may/medium-2/24proc/seed-2/2_neos-4954672-berkel_seed-2_20260504_191630/iterated_local_search/run_3_worker_14/ils_config_16913328187089190282.prm
[INFO]:[19:25:35] Starting CPLEX solver on instance: /home/yorig/tuner/mpils-tests/instances/miplib/medium-2/neos-4954672-berkel.mps with config: /scratch/yorig/mpils-results-grid-seconds-10-4may/medium-2/24proc/seed-2/2_neos-4954672-berkel_seed-2_20260504_191630/iterated_local_search/run_3_worker_14/ils_config_16913328187089190282.prm
[INFO]:[19:25:45] CPLEX results. Gap: 22.120000, upper bound: 2643017.000000, lower bound: 2058284.140080
[INFO]:[19:25:45] CPLEX solver finished. Gap: 22.120000
[INFO]:[19:25:45] Starting CPLEX solver on instance: /home/yorig/tuner/mpils-tests/instances/miplib/medium-2/neos-4954672-berkel.mps with config: /scratch/yorig/mpils-results-grid-seconds-10-4may/medium-2/24proc/seed-2/2_neos-4954672-berkel_seed-2_20260504_191630/iterated_local_search/run_3_worker_14/ils_config_17680887938072986717.prm
[INFO]:[19:25:45] Starting CPLEX solver on instance: /home/yorig/tuner/mpils-tests/instances/miplib/medium-2/neos-4954672-berkel.mps with config: /scratch/yorig/mpils-results-grid-seconds-10-4may/medium-2/24proc/seed-2/2_neos-4954672-berkel_seed-2_20260504_191630/iterated_local_search/run_3_worker_14/ils_config_17680887938072986717.prm
[INFO]:[19:25:55] CPLEX results. Gap: 22.060000, upper bound: 2644385.999999, lower bound: 2061139.543822
[INFO]:[19:25:55] CPLEX solver finished. Gap: 22.060000
[INFO]:[19:25:55] Starting CPLEX solver on instance: /home/yorig/tuner/mpils-tests/instances/miplib/medium-2/neos-4954672-berkel.mps with config: /scratch/yorig/mpils-results-grid-seconds-10-4may/medium-2/24proc/seed-2/2_neos-4954672-berkel_seed-2_20260504_191630/iterated_local_search/run_3_worker_14/ils_config_6234933117562092718.prm
[INFO]:[19:25:55] Starting CPLEX solver on instance: /home/yorig/tuner/mpils-tests/instances/miplib/medium-2/neos-4954672-berkel.mps with config: /scratch/yorig/mpils-results-grid-seconds-10-4may/medium-2/24proc/seed-2/2_neos-4954672-berkel_seed-2_20260504_191630/iterated_local_search/run_3_worker_14/ils_config_6234933117562092718.prm
[INFO]:[19:26:05] CPLEX results. Gap: 20.740000, upper bound: 2612710.000000, lower bound: 2070835.699542
[INFO]:[19:26:05] CPLEX solver finished. Gap: 20.740000
[INFO]:[19:26:05] New incumbent found with objective value: 20.74
[INFO]:[19:26:05] Starting CPLEX solver on instance: /home/yorig/tuner/mpils-tests/instances/miplib/medium-2/neos-4954672-berkel.mps with config: /scratch/yorig/mpils-results-grid-seconds-10-4may/medium-2/24proc/seed-2/2_neos-4954672-berkel_seed-2_20260504_191630/iterated_local_search/run_3_worker_14/ils_config_11468560967885281527.prm
[INFO]:[19:26:05] Starting CPLEX solver on instance: /home/yorig/tuner/mpils-tests/instances/miplib/medium-2/neos-4954672-berkel.mps with config: /scratch/yorig/mpils-results-grid-seconds-10-4may/medium-2/24proc/seed-2/2_neos-4954672-berkel_seed-2_20260504_191630/iterated_local_search/run_3_worker_14/ils_config_11468560967885281527.prm
[INFO]:[19:26:15] CPLEX results. Gap: 21.350000, upper bound: 2632130.000000, lower bound: 2070087.900223
[INFO]:[19:26:15] CPLEX solver finished. Gap: 21.350000
[INFO]:[19:26:15] Starting CPLEX solver on instance: /home/yorig/tuner/mpils-tests/instances/miplib/medium-2/neos-4954672-berkel.mps with config: /scratch/yorig/mpils-results-grid-seconds-10-4may/medium-2/24proc/seed-2/2_neos-4954672-berkel_seed-2_20260504_191630/iterated_local_search/run_3_worker_14/ils_config_17645394933237171980.prm
[INFO]:[19:26:15] Starting CPLEX solver on instance: /home/yorig/tuner/mpils-tests/instances/miplib/medium-2/neos-4954672-berkel.mps with config: /scratch/yorig/mpils-results-grid-seconds-10-4may/medium-2/24proc/seed-2/2_neos-4954672-berkel_seed-2_20260504_191630/iterated_local_search/run_3_worker_14/ils_config_17645394933237171980.prm
[INFO]:[19:26:25] CPLEX results. Gap: 21.400000, upper bound: 2634130.999998, lower bound: 2070360.639819
[INFO]:[19:26:25] CPLEX solver finished. Gap: 21.400000
[INFO]:[19:26:25] Starting CPLEX solver on instance: /home/yorig/tuner/mpils-tests/instances/miplib/medium-2/neos-4954672-berkel.mps with config: /scratch/yorig/mpils-results-grid-seconds-10-4may/medium-2/24proc/seed-2/2_neos-4954672-berkel_seed-2_20260504_191630/iterated_local_search/run_3_worker_14/ils_config_5946007891336971188.prm
[INFO]:[19:26:25] Starting CPLEX solver on instance: /home/yorig/tuner/mpils-tests/instances/miplib/medium-2/neos-4954672-berkel.mps with config: /scratch/yorig/mpils-results-grid-seconds-10-4may/medium-2/24proc/seed-2/2_neos-4954672-berkel_seed-2_20260504_191630/iterated_local_search/run_3_worker_14/ils_config_5946007891336971188.prm
[INFO]:[19:26:35] CPLEX results. Gap: 21.520000, upper bound: 2669565.999996, lower bound: 2095163.826888
[INFO]:[19:26:35] CPLEX solver finished. Gap: 21.520000
[INFO]:[19:26:35] Starting CPLEX solver on instance: /home/yorig/tuner/mpils-tests/instances/miplib/medium-2/neos-4954672-berkel.mps with config: /scratch/yorig/mpils-results-grid-seconds-10-4may/medium-2/24proc/seed-2/2_neos-4954672-berkel_seed-2_20260504_191630/iterated_local_search/run_3_worker_14/ils_config_4435463718348083719.prm
[INFO]:[19:26:35] Starting CPLEX solver on instance: /home/yorig/tuner/mpils-tests/instances/miplib/medium-2/neos-4954672-berkel.mps with config: /scratch/yorig/mpils-results-grid-seconds-10-4may/medium-2/24proc/seed-2/2_neos-4954672-berkel_seed-2_20260504_191630/iterated_local_search/run_3_worker_14/ils_config_4435463718348083719.prm
[INFO]:[19:26:45] CPLEX results. Gap: 21.680000, upper bound: 2617901.000000, lower bound: 2050223.659639
[INFO]:[19:26:45] CPLEX solver finished. Gap: 21.680000
[INFO]:[19:26:45] Starting CPLEX solver on instance: /home/yorig/tuner/mpils-tests/instances/miplib/medium-2/neos-4954672-berkel.mps with config: /scratch/yorig/mpils-results-grid-seconds-10-4may/medium-2/24proc/seed-2/2_neos-4954672-berkel_seed-2_20260504_191630/iterated_local_search/run_3_worker_14/ils_config_4252075620332200924.prm
[INFO]:[19:26:45] Starting CPLEX solver on instance: /home/yorig/tuner/mpils-tests/instances/miplib/medium-2/neos-4954672-berkel.mps with config: /scratch/yorig/mpils-results-grid-seconds-10-4may/medium-2/24proc/seed-2/2_neos-4954672-berkel_seed-2_20260504_191630/iterated_local_search/run_3_worker_14/ils_config_4252075620332200924.prm
[INFO]:[19:26:55] CPLEX results. Gap: 21.720000, upper bound: 2634675.000000, lower bound: 2062353.564235
[INFO]:[19:26:55] CPLEX solver finished. Gap: 21.720000
[INFO]:[19:26:55] Starting CPLEX solver on instance: /home/yorig/tuner/mpils-tests/instances/miplib/medium-2/neos-4954672-berkel.mps with config: /scratch/yorig/mpils-results-grid-seconds-10-4may/medium-2/24proc/seed-2/2_neos-4954672-berkel_seed-2_20260504_191630/iterated_local_search/run_3_worker_14/ils_config_15070244775462588262.prm
[INFO]:[19:26:55] Starting CPLEX solver on instance: /home/yorig/tuner/mpils-tests/instances/miplib/medium-2/neos-4954672-berkel.mps with config: /scratch/yorig/mpils-results-grid-seconds-10-4may/medium-2/24proc/seed-2/2_neos-4954672-berkel_seed-2_20260504_191630/iterated_local_search/run_3_worker_14/ils_config_15070244775462588262.prm
[INFO]:[19:27:05] CPLEX results. Gap: 32.850000, upper bound: 2996854.000000, lower bound: 2012429.230072
[INFO]:[19:27:05] CPLEX solver finished. Gap: 32.850000
[INFO]:[19:27:05] Starting CPLEX solver on instance: /home/yorig/tuner/mpils-tests/instances/miplib/medium-2/neos-4954672-berkel.mps with config: /scratch/yorig/mpils-results-grid-seconds-10-4may/medium-2/24proc/seed-2/2_neos-4954672-berkel_seed-2_20260504_191630/iterated_local_search/run_3_worker_14/ils_config_18113995067612000423.prm
[INFO]:[19:27:05] Starting CPLEX solver on instance: /home/yorig/tuner/mpils-tests/instances/miplib/medium-2/neos-4954672-berkel.mps with config: /scratch/yorig/mpils-results-grid-seconds-10-4may/medium-2/24proc/seed-2/2_neos-4954672-berkel_seed-2_20260504_191630/iterated_local_search/run_3_worker_14/ils_config_18113995067612000423.prm
[INFO]:[19:27:15] CPLEX results. Gap: 21.640000, upper bound: 2657658.000000, lower bound: 2082632.373013
[INFO]:[19:27:15] CPLEX solver finished. Gap: 21.640000
[INFO]:[19:27:15] Starting CPLEX solver on instance: /home/yorig/tuner/mpils-tests/instances/miplib/medium-2/neos-4954672-berkel.mps with config: /scratch/yorig/mpils-results-grid-seconds-10-4may/medium-2/24proc/seed-2/2_neos-4954672-berkel_seed-2_20260504_191630/iterated_local_search/run_3_worker_14/ils_config_2268771224773148494.prm
[INFO]:[19:27:15] Starting CPLEX solver on instance: /home/yorig/tuner/mpils-tests/instances/miplib/medium-2/neos-4954672-berkel.mps with config: /scratch/yorig/mpils-results-grid-seconds-10-4may/medium-2/24proc/seed-2/2_neos-4954672-berkel_seed-2_20260504_191630/iterated_local_search/run_3_worker_14/ils_config_2268771224773148494.prm
[INFO]:[19:27:25] CPLEX results. Gap: 22.410000, upper bound: 2648444.000000, lower bound: 2054904.681456
[INFO]:[19:27:25] CPLEX solver finished. Gap: 22.410000
[INFO]:[19:27:25] Local search phase completed.
[INFO]:[19:27:25] Total number of new local-search evaluations: 25
[INFO]:[19:27:25] Final incumbent objective value: 20.74
[INFO]:[19:27:27] Worker 14 completed exploration phase.
[INFO]:[19:27:27] Worker 14 received order for step 2.
[INFO]:[19:27:27] Worker 14 running expansion phase for iteration 3.
[INFO]:[19:27:27] Worker 14 will use solver log file: /scratch/yorig/mpils-results-grid-seconds-10-4may/medium-2/24proc/seed-2/2_neos-4954672-berkel_seed-2_20260504_191630/solver/cplex.log_iteration_expansion_3_worker_14
[INFO]:[19:27:27] Expansion Worker 14 starting expansion for iteration 3.
[INFO]:[19:27:27] Starting CPLEX solver on instance: /home/yorig/tuner/mpils-tests/instances/miplib/medium-2/neos-4954672-berkel.mps with config: /scratch/yorig/mpils-results-grid-seconds-10-4may/medium-2/24proc/seed-2/2_neos-4954672-berkel_seed-2_20260504_191630/expansion/config_param_CPXPARAM_Preprocessing_Fill_20_iter_3.prm
[INFO]:[19:27:37] CPLEX results. Gap: 12.800000, upper bound: 2628215.999999, lower bound: 2291721.325293
[INFO]:[19:27:37] CPLEX solver finished. Gap: 12.800000
[INFO]:[19:27:47] Expansion Worker 14 stopping early after global MPI expansion stop was activated.
[INFO]:[19:27:47] Expansion Worker 14 completed expansion.
[INFO]:[19:27:47] Worker 14 completed expansion phase.
[INFO]:[19:27:48] Worker 14 received order for step 1.
[INFO]:[19:27:48] Worker 14 running exploration phase for iteration 4.
[INFO]:[19:27:48] Worker 14 at iteration 4 will not use a MIP start file. Current best MIP-start upper bound threshold is 1.79769e+308.
[INFO]:[19:27:48] Starting local search phase...
[INFO]:[19:27:48] Creating local search space from parameter space file: /scratch/yorig/mpils-results-grid-seconds-10-4may/medium-2/24proc/seed-2/2_neos-4954672-berkel_seed-2_20260504_191630/iterated_local_search/search_space/search_space_file_4_worker_14.txt
[INFO]:[19:27:48] Local search space loaded from file: /scratch/yorig/mpils-results-grid-seconds-10-4may/medium-2/24proc/seed-2/2_neos-4954672-berkel_seed-2_20260504_191630/iterated_local_search/search_space/search_space_file_4_worker_14.txt
[INFO]:[19:27:48] Number of parameters in local search space: 71
[INFO]:[19:27:48] Number of forbidden tuples in local search space: 76
[INFO]:[19:27:48] Number of conditionals in local search space: 6
[INFO]:[19:27:48] MIP start option not enabled. Local search will proceed without MIP start.
[INFO]:[19:27:48] Evaluating initial configuration for local search phase...
[INFO]:[19:27:48] Starting CPLEX solver on instance: /home/yorig/tuner/mpils-tests/instances/miplib/medium-2/neos-4954672-berkel.mps with config: /scratch/yorig/mpils-results-grid-seconds-10-4may/medium-2/24proc/seed-2/2_neos-4954672-berkel_seed-2_20260504_191630/iterated_local_search/run_4_worker_14/ils_config_10341818969088503466.prm
[INFO]:[19:27:48] Starting CPLEX solver on instance: /home/yorig/tuner/mpils-tests/instances/miplib/medium-2/neos-4954672-berkel.mps with config: /scratch/yorig/mpils-results-grid-seconds-10-4may/medium-2/24proc/seed-2/2_neos-4954672-berkel_seed-2_20260504_191630/iterated_local_search/run_4_worker_14/ils_config_10341818969088503466.prm
[INFO]:[19:27:58] CPLEX results. Gap: 36.830000, upper bound: 2742885.000000, lower bound: 1732775.189400
[INFO]:[19:27:58] CPLEX solver finished. Gap: 36.830000
[INFO]:[19:27:58] Initial configuration evaluated with objective value: 36.83
[INFO]:[19:27:58] Starting CPLEX solver on instance: /home/yorig/tuner/mpils-tests/instances/miplib/medium-2/neos-4954672-berkel.mps with config: /scratch/yorig/mpils-results-grid-seconds-10-4may/medium-2/24proc/seed-2/2_neos-4954672-berkel_seed-2_20260504_191630/iterated_local_search/run_4_worker_14/ils_config_2899758264862678214.prm
[INFO]:[19:27:58] Starting CPLEX solver on instance: /home/yorig/tuner/mpils-tests/instances/miplib/medium-2/neos-4954672-berkel.mps with config: /scratch/yorig/mpils-results-grid-seconds-10-4may/medium-2/24proc/seed-2/2_neos-4954672-berkel_seed-2_20260504_191630/iterated_local_search/run_4_worker_14/ils_config_2899758264862678214.prm
[INFO]:[19:28:08] CPLEX results. Gap: 32.160000, upper bound: 2667796.000000, lower bound: 1809744.950818
[INFO]:[19:28:08] CPLEX solver finished. Gap: 32.160000
[INFO]:[19:28:08] New incumbent found with objective value: 32.16
[INFO]:[19:28:08] Starting CPLEX solver on instance: /home/yorig/tuner/mpils-tests/instances/miplib/medium-2/neos-4954672-berkel.mps with config: /scratch/yorig/mpils-results-grid-seconds-10-4may/medium-2/24proc/seed-2/2_neos-4954672-berkel_seed-2_20260504_191630/iterated_local_search/run_4_worker_14/ils_config_276936502387252355.prm
[INFO]:[19:28:08] Starting CPLEX solver on instance: /home/yorig/tuner/mpils-tests/instances/miplib/medium-2/neos-4954672-berkel.mps with config: /scratch/yorig/mpils-results-grid-seconds-10-4may/medium-2/24proc/seed-2/2_neos-4954672-berkel_seed-2_20260504_191630/iterated_local_search/run_4_worker_14/ils_config_276936502387252355.prm
[INFO]:[19:28:18] CPLEX results. Gap: 32.160000, upper bound: 2667796.000000, lower bound: 1809744.950818
[INFO]:[19:28:18] CPLEX solver finished. Gap: 32.160000
[INFO]:[19:28:18] Starting CPLEX solver on instance: /home/yorig/tuner/mpils-tests/instances/miplib/medium-2/neos-4954672-berkel.mps with config: /scratch/yorig/mpils-results-grid-seconds-10-4may/medium-2/24proc/seed-2/2_neos-4954672-berkel_seed-2_20260504_191630/iterated_local_search/run_4_worker_14/ils_config_17126275411513020807.prm
[INFO]:[19:28:18] Starting CPLEX solver on instance: /home/yorig/tuner/mpils-tests/instances/miplib/medium-2/neos-4954672-berkel.mps with config: /scratch/yorig/mpils-results-grid-seconds-10-4may/medium-2/24proc/seed-2/2_neos-4954672-berkel_seed-2_20260504_191630/iterated_local_search/run_4_worker_14/ils_config_17126275411513020807.prm
[INFO]:[19:28:28] CPLEX results. Gap: 32.160000, upper bound: 2667796.000000, lower bound: 1809744.950818
[INFO]:[19:28:28] CPLEX solver finished. Gap: 32.160000
[INFO]:[19:28:28] Starting CPLEX solver on instance: /home/yorig/tuner/mpils-tests/instances/miplib/medium-2/neos-4954672-berkel.mps with config: /scratch/yorig/mpils-results-grid-seconds-10-4may/medium-2/24proc/seed-2/2_neos-4954672-berkel_seed-2_20260504_191630/iterated_local_search/run_4_worker_14/ils_config_10296614338733855211.prm
[INFO]:[19:28:28] Starting CPLEX solver on instance: /home/yorig/tuner/mpils-tests/instances/miplib/medium-2/neos-4954672-berkel.mps with config: /scratch/yorig/mpils-results-grid-seconds-10-4may/medium-2/24proc/seed-2/2_neos-4954672-berkel_seed-2_20260504_191630/iterated_local_search/run_4_worker_14/ils_config_10296614338733855211.prm
[INFO]:[19:28:38] CPLEX results. Gap: 32.160000, upper bound: 2667796.000000, lower bound: 1809744.950818
[INFO]:[19:28:38] CPLEX solver finished. Gap: 32.160000
[INFO]:[19:28:39] Starting CPLEX solver on instance: /home/yorig/tuner/mpils-tests/instances/miplib/medium-2/neos-4954672-berkel.mps with config: /scratch/yorig/mpils-results-grid-seconds-10-4may/medium-2/24proc/seed-2/2_neos-4954672-berkel_seed-2_20260504_191630/iterated_local_search/run_4_worker_14/ils_config_17396171269052109221.prm
[INFO]:[19:28:39] Starting CPLEX solver on instance: /home/yorig/tuner/mpils-tests/instances/miplib/medium-2/neos-4954672-berkel.mps with config: /scratch/yorig/mpils-results-grid-seconds-10-4may/medium-2/24proc/seed-2/2_neos-4954672-berkel_seed-2_20260504_191630/iterated_local_search/run_4_worker_14/ils_config_17396171269052109221.prm
[INFO]:[19:28:49] CPLEX results. Gap: 30.020000, upper bound: 2644602.000000, lower bound: 1850657.662447
[INFO]:[19:28:49] CPLEX solver finished. Gap: 30.020000
[INFO]:[19:28:49] New incumbent found with objective value: 30.02
[INFO]:[19:28:49] Starting CPLEX solver on instance: /home/yorig/tuner/mpils-tests/instances/miplib/medium-2/neos-4954672-berkel.mps with config: /scratch/yorig/mpils-results-grid-seconds-10-4may/medium-2/24proc/seed-2/2_neos-4954672-berkel_seed-2_20260504_191630/iterated_local_search/run_4_worker_14/ils_config_861362087913514140.prm
[INFO]:[19:28:49] Starting CPLEX solver on instance: /home/yorig/tuner/mpils-tests/instances/miplib/medium-2/neos-4954672-berkel.mps with config: /scratch/yorig/mpils-results-grid-seconds-10-4may/medium-2/24proc/seed-2/2_neos-4954672-berkel_seed-2_20260504_191630/iterated_local_search/run_4_worker_14/ils_config_861362087913514140.prm
[INFO]:[19:28:59] CPLEX results. Gap: 30.020000, upper bound: 2644602.000000, lower bound: 1850657.662447
[INFO]:[19:28:59] CPLEX solver finished. Gap: 30.020000
[INFO]:[19:28:59] Starting CPLEX solver on instance: /home/yorig/tuner/mpils-tests/instances/miplib/medium-2/neos-4954672-berkel.mps with config: /scratch/yorig/mpils-results-grid-seconds-10-4may/medium-2/24proc/seed-2/2_neos-4954672-berkel_seed-2_20260504_191630/iterated_local_search/run_4_worker_14/ils_config_4925933854292195672.prm
[INFO]:[19:28:59] Starting CPLEX solver on instance: /home/yorig/tuner/mpils-tests/instances/miplib/medium-2/neos-4954672-berkel.mps with config: /scratch/yorig/mpils-results-grid-seconds-10-4may/medium-2/24proc/seed-2/2_neos-4954672-berkel_seed-2_20260504_191630/iterated_local_search/run_4_worker_14/ils_config_4925933854292195672.prm
[INFO]:[19:29:09] CPLEX results. Gap: 30.720000, upper bound: 2656804.999998, lower bound: 1840599.495703
[INFO]:[19:29:09] CPLEX solver finished. Gap: 30.720000
[INFO]:[19:29:09] Starting CPLEX solver on instance: /home/yorig/tuner/mpils-tests/instances/miplib/medium-2/neos-4954672-berkel.mps with config: /scratch/yorig/mpils-results-grid-seconds-10-4may/medium-2/24proc/seed-2/2_neos-4954672-berkel_seed-2_20260504_191630/iterated_local_search/run_4_worker_14/ils_config_15612886511504356807.prm
[INFO]:[19:29:09] Starting CPLEX solver on instance: /home/yorig/tuner/mpils-tests/instances/miplib/medium-2/neos-4954672-berkel.mps with config: /scratch/yorig/mpils-results-grid-seconds-10-4may/medium-2/24proc/seed-2/2_neos-4954672-berkel_seed-2_20260504_191630/iterated_local_search/run_4_worker_14/ils_config_15612886511504356807.prm
[INFO]:[19:29:19] CPLEX results. Gap: 30.690000, upper bound: 2647853.999999, lower bound: 1835230.647839
[INFO]:[19:29:19] CPLEX solver finished. Gap: 30.690000
[INFO]:[19:29:19] Starting CPLEX solver on instance: /home/yorig/tuner/mpils-tests/instances/miplib/medium-2/neos-4954672-berkel.mps with config: /scratch/yorig/mpils-results-grid-seconds-10-4may/medium-2/24proc/seed-2/2_neos-4954672-berkel_seed-2_20260504_191630/iterated_local_search/run_4_worker_14/ils_config_13101631797710469723.prm
[INFO]:[19:29:19] Starting CPLEX solver on instance: /home/yorig/tuner/mpils-tests/instances/miplib/medium-2/neos-4954672-berkel.mps with config: /scratch/yorig/mpils-results-grid-seconds-10-4may/medium-2/24proc/seed-2/2_neos-4954672-berkel_seed-2_20260504_191630/iterated_local_search/run_4_worker_14/ils_config_13101631797710469723.prm
[INFO]:[19:29:29] CPLEX results. Gap: 30.020000, upper bound: 2644602.000000, lower bound: 1850657.662447
[INFO]:[19:29:29] CPLEX solver finished. Gap: 30.020000
[INFO]:[19:29:29] Starting CPLEX solver on instance: /home/yorig/tuner/mpils-tests/instances/miplib/medium-2/neos-4954672-berkel.mps with config: /scratch/yorig/mpils-results-grid-seconds-10-4may/medium-2/24proc/seed-2/2_neos-4954672-berkel_seed-2_20260504_191630/iterated_local_search/run_4_worker_14/ils_config_2439128221299293845.prm
[INFO]:[19:29:29] Starting CPLEX solver on instance: /home/yorig/tuner/mpils-tests/instances/miplib/medium-2/neos-4954672-berkel.mps with config: /scratch/yorig/mpils-results-grid-seconds-10-4may/medium-2/24proc/seed-2/2_neos-4954672-berkel_seed-2_20260504_191630/iterated_local_search/run_4_worker_14/ils_config_2439128221299293845.prm
[INFO]:[19:29:39] CPLEX results. Gap: 32.380000, upper bound: 2655998.000000, lower bound: 1796068.130796
[INFO]:[19:29:39] CPLEX solver finished. Gap: 32.380000
[INFO]:[19:29:39] Starting CPLEX solver on instance: /home/yorig/tuner/mpils-tests/instances/miplib/medium-2/neos-4954672-berkel.mps with config: /scratch/yorig/mpils-results-grid-seconds-10-4may/medium-2/24proc/seed-2/2_neos-4954672-berkel_seed-2_20260504_191630/iterated_local_search/run_4_worker_14/ils_config_438267476284776832.prm
[INFO]:[19:29:39] Starting CPLEX solver on instance: /home/yorig/tuner/mpils-tests/instances/miplib/medium-2/neos-4954672-berkel.mps with config: /scratch/yorig/mpils-results-grid-seconds-10-4may/medium-2/24proc/seed-2/2_neos-4954672-berkel_seed-2_20260504_191630/iterated_local_search/run_4_worker_14/ils_config_438267476284776832.prm
[INFO]:[19:29:49] CPLEX results. Gap: 30.520000, upper bound: 2621517.999991, lower bound: 1821436.220804
[INFO]:[19:29:49] CPLEX solver finished. Gap: 30.520000
[INFO]:[19:29:49] Starting CPLEX solver on instance: /home/yorig/tuner/mpils-tests/instances/miplib/medium-2/neos-4954672-berkel.mps with config: /scratch/yorig/mpils-results-grid-seconds-10-4may/medium-2/24proc/seed-2/2_neos-4954672-berkel_seed-2_20260504_191630/iterated_local_search/run_4_worker_14/ils_config_8281695880250314948.prm
[INFO]:[19:29:49] Starting CPLEX solver on instance: /home/yorig/tuner/mpils-tests/instances/miplib/medium-2/neos-4954672-berkel.mps with config: /scratch/yorig/mpils-results-grid-seconds-10-4may/medium-2/24proc/seed-2/2_neos-4954672-berkel_seed-2_20260504_191630/iterated_local_search/run_4_worker_14/ils_config_8281695880250314948.prm
[INFO]:[19:29:59] CPLEX results. Gap: 33.760000, upper bound: 2741130.999992, lower bound: 1815606.124963
[INFO]:[19:29:59] CPLEX solver finished. Gap: 33.760000
[INFO]:[19:29:59] Starting CPLEX solver on instance: /home/yorig/tuner/mpils-tests/instances/miplib/medium-2/neos-4954672-berkel.mps with config: /scratch/yorig/mpils-results-grid-seconds-10-4may/medium-2/24proc/seed-2/2_neos-4954672-berkel_seed-2_20260504_191630/iterated_local_search/run_4_worker_14/ils_config_7900715192322889126.prm
[INFO]:[19:29:59] Starting CPLEX solver on instance: /home/yorig/tuner/mpils-tests/instances/miplib/medium-2/neos-4954672-berkel.mps with config: /scratch/yorig/mpils-results-grid-seconds-10-4may/medium-2/24proc/seed-2/2_neos-4954672-berkel_seed-2_20260504_191630/iterated_local_search/run_4_worker_14/ils_config_7900715192322889126.prm
[INFO]:[19:30:09] CPLEX results. Gap: 31.180000, upper bound: 2634207.000000, lower bound: 1812842.275098
[INFO]:[19:30:09] CPLEX solver finished. Gap: 31.180000
[INFO]:[19:30:09] Local search phase completed.
[INFO]:[19:30:09] Total number of new local-search evaluations: 14
[INFO]:[19:30:09] Final incumbent objective value: 30.02
[INFO]:[19:30:10] Worker 14 completed exploration phase.
[INFO]:[19:30:10] Worker 14 received order for step 2.
[INFO]:[19:30:10] Worker 14 running expansion phase for iteration 4.
[INFO]:[19:30:10] Worker 14 will use solver log file: /scratch/yorig/mpils-results-grid-seconds-10-4may/medium-2/24proc/seed-2/2_neos-4954672-berkel_seed-2_20260504_191630/solver/cplex.log_iteration_expansion_4_worker_14
[INFO]:[19:30:10] Expansion Worker 14 starting expansion for iteration 4.
[INFO]:[19:30:10] Starting CPLEX solver on instance: /home/yorig/tuner/mpils-tests/instances/miplib/medium-2/neos-4954672-berkel.mps with config: /scratch/yorig/mpils-results-grid-seconds-10-4may/medium-2/24proc/seed-2/2_neos-4954672-berkel_seed-2_20260504_191630/expansion/config_param_CPXPARAM_MIP_OrderType_3_iter_4.prm
[INFO]:[19:30:20] CPLEX results. Gap: 12.990000, upper bound: 2620845.000000, lower bound: 2280343.493745
[INFO]:[19:30:20] CPLEX solver finished. Gap: 12.990000
[INFO]:[19:30:30] Expansion Worker 14 completed expansion.
[INFO]:[19:30:30] Worker 14 completed expansion phase.
[INFO]:[19:30:32] Worker 14 received order for step 1.
[INFO]:[19:30:32] Worker 14 running exploration phase for iteration 5.
[INFO]:[19:30:32] Worker 14 at iteration 5 will not use a MIP start file. Current best MIP-start upper bound threshold is 1.79769e+308.
[INFO]:[19:30:32] Starting local search phase...
[INFO]:[19:30:32] Creating local search space from parameter space file: /scratch/yorig/mpils-results-grid-seconds-10-4may/medium-2/24proc/seed-2/2_neos-4954672-berkel_seed-2_20260504_191630/iterated_local_search/search_space/search_space_file_5_worker_14.txt
[INFO]:[19:30:32] Local search space loaded from file: /scratch/yorig/mpils-results-grid-seconds-10-4may/medium-2/24proc/seed-2/2_neos-4954672-berkel_seed-2_20260504_191630/iterated_local_search/search_space/search_space_file_5_worker_14.txt
[INFO]:[19:30:32] Number of parameters in local search space: 71
[INFO]:[19:30:32] Number of forbidden tuples in local search space: 82
[INFO]:[19:30:32] Number of conditionals in local search space: 6
[INFO]:[19:30:32] MIP start option not enabled. Local search will proceed without MIP start.
[INFO]:[19:30:32] Evaluating initial configuration for local search phase...
[INFO]:[19:30:32] Starting CPLEX solver on instance: /home/yorig/tuner/mpils-tests/instances/miplib/medium-2/neos-4954672-berkel.mps with config: /scratch/yorig/mpils-results-grid-seconds-10-4may/medium-2/24proc/seed-2/2_neos-4954672-berkel_seed-2_20260504_191630/iterated_local_search/run_5_worker_14/ils_config_13883893359171632300.prm
[INFO]:[19:30:32] Starting CPLEX solver on instance: /home/yorig/tuner/mpils-tests/instances/miplib/medium-2/neos-4954672-berkel.mps with config: /scratch/yorig/mpils-results-grid-seconds-10-4may/medium-2/24proc/seed-2/2_neos-4954672-berkel_seed-2_20260504_191630/iterated_local_search/run_5_worker_14/ils_config_13883893359171632300.prm
[INFO]:[19:30:42] CPLEX results. Gap: 35.870000, upper bound: 2778225.999950, lower bound: 1781733.009945
[INFO]:[19:30:42] CPLEX solver finished. Gap: 35.870000
[INFO]:[19:30:42] Initial configuration evaluated with objective value: 35.87
[INFO]:[19:30:42] Starting CPLEX solver on instance: /home/yorig/tuner/mpils-tests/instances/miplib/medium-2/neos-4954672-berkel.mps with config: /scratch/yorig/mpils-results-grid-seconds-10-4may/medium-2/24proc/seed-2/2_neos-4954672-berkel_seed-2_20260504_191630/iterated_local_search/run_5_worker_14/ils_config_17851515312225062143.prm
[INFO]:[19:30:42] Starting CPLEX solver on instance: /home/yorig/tuner/mpils-tests/instances/miplib/medium-2/neos-4954672-berkel.mps with config: /scratch/yorig/mpils-results-grid-seconds-10-4may/medium-2/24proc/seed-2/2_neos-4954672-berkel_seed-2_20260504_191630/iterated_local_search/run_5_worker_14/ils_config_17851515312225062143.prm
[INFO]:[19:30:52] CPLEX results. Gap: 35.870000, upper bound: 2778225.999950, lower bound: 1781733.009945
[INFO]:[19:30:52] CPLEX solver finished. Gap: 35.870000
[INFO]:[19:30:52] Starting CPLEX solver on instance: /home/yorig/tuner/mpils-tests/instances/miplib/medium-2/neos-4954672-berkel.mps with config: /scratch/yorig/mpils-results-grid-seconds-10-4may/medium-2/24proc/seed-2/2_neos-4954672-berkel_seed-2_20260504_191630/iterated_local_search/run_5_worker_14/ils_config_9969578933951451981.prm
[INFO]:[19:30:52] Starting CPLEX solver on instance: /home/yorig/tuner/mpils-tests/instances/miplib/medium-2/neos-4954672-berkel.mps with config: /scratch/yorig/mpils-results-grid-seconds-10-4may/medium-2/24proc/seed-2/2_neos-4954672-berkel_seed-2_20260504_191630/iterated_local_search/run_5_worker_14/ils_config_9969578933951451981.prm
[INFO]:[19:31:02] CPLEX results. Gap: 36.690000, upper bound: 2816131.999989, lower bound: 1782965.259584
[INFO]:[19:31:02] CPLEX solver finished. Gap: 36.690000
[INFO]:[19:31:02] Starting CPLEX solver on instance: /home/yorig/tuner/mpils-tests/instances/miplib/medium-2/neos-4954672-berkel.mps with config: /scratch/yorig/mpils-results-grid-seconds-10-4may/medium-2/24proc/seed-2/2_neos-4954672-berkel_seed-2_20260504_191630/iterated_local_search/run_5_worker_14/ils_config_6322531026598875508.prm
[INFO]:[19:31:02] Starting CPLEX solver on instance: /home/yorig/tuner/mpils-tests/instances/miplib/medium-2/neos-4954672-berkel.mps with config: /scratch/yorig/mpils-results-grid-seconds-10-4may/medium-2/24proc/seed-2/2_neos-4954672-berkel_seed-2_20260504_191630/iterated_local_search/run_5_worker_14/ils_config_6322531026598875508.prm
[INFO]:[19:31:12] CPLEX results. Gap: 36.350000, upper bound: 2835717.999969, lower bound: 1805023.030981
[INFO]:[19:31:12] CPLEX solver finished. Gap: 36.350000
[INFO]:[19:31:12] Starting CPLEX solver on instance: /home/yorig/tuner/mpils-tests/instances/miplib/medium-2/neos-4954672-berkel.mps with config: /scratch/yorig/mpils-results-grid-seconds-10-4may/medium-2/24proc/seed-2/2_neos-4954672-berkel_seed-2_20260504_191630/iterated_local_search/run_5_worker_14/ils_config_257162540976295452.prm
[INFO]:[19:31:12] Starting CPLEX solver on instance: /home/yorig/tuner/mpils-tests/instances/miplib/medium-2/neos-4954672-berkel.mps with config: /scratch/yorig/mpils-results-grid-seconds-10-4may/medium-2/24proc/seed-2/2_neos-4954672-berkel_seed-2_20260504_191630/iterated_local_search/run_5_worker_14/ils_config_257162540976295452.prm
[INFO]:[19:31:22] CPLEX results. Gap: 34.760000, upper bound: 2752408.999954, lower bound: 1795804.433917
[INFO]:[19:31:22] CPLEX solver finished. Gap: 34.760000
[INFO]:[19:31:22] New incumbent found with objective value: 34.76
[INFO]:[19:31:22] Starting CPLEX solver on instance: /home/yorig/tuner/mpils-tests/instances/miplib/medium-2/neos-4954672-berkel.mps with config: /scratch/yorig/mpils-results-grid-seconds-10-4may/medium-2/24proc/seed-2/2_neos-4954672-berkel_seed-2_20260504_191630/iterated_local_search/run_5_worker_14/ils_config_8312632628403546189.prm
[INFO]:[19:31:22] Starting CPLEX solver on instance: /home/yorig/tuner/mpils-tests/instances/miplib/medium-2/neos-4954672-berkel.mps with config: /scratch/yorig/mpils-results-grid-seconds-10-4may/medium-2/24proc/seed-2/2_neos-4954672-berkel_seed-2_20260504_191630/iterated_local_search/run_5_worker_14/ils_config_8312632628403546189.prm
[INFO]:[19:31:32] CPLEX results. Gap: 34.760000, upper bound: 2752408.999954, lower bound: 1795804.433917
[INFO]:[19:31:32] CPLEX solver finished. Gap: 34.760000
[INFO]:[19:31:32] Starting CPLEX solver on instance: /home/yorig/tuner/mpils-tests/instances/miplib/medium-2/neos-4954672-berkel.mps with config: /scratch/yorig/mpils-results-grid-seconds-10-4may/medium-2/24proc/seed-2/2_neos-4954672-berkel_seed-2_20260504_191630/iterated_local_search/run_5_worker_14/ils_config_12186074210614776010.prm
[INFO]:[19:31:32] Starting CPLEX solver on instance: /home/yorig/tuner/mpils-tests/instances/miplib/medium-2/neos-4954672-berkel.mps with config: /scratch/yorig/mpils-results-grid-seconds-10-4may/medium-2/24proc/seed-2/2_neos-4954672-berkel_seed-2_20260504_191630/iterated_local_search/run_5_worker_14/ils_config_12186074210614776010.prm
[INFO]:[19:31:42] CPLEX results. Gap: 36.280000, upper bound: 2816083.999987, lower bound: 1794534.155853
[INFO]:[19:31:42] CPLEX solver finished. Gap: 36.280000
[INFO]:[19:31:42] Starting CPLEX solver on instance: /home/yorig/tuner/mpils-tests/instances/miplib/medium-2/neos-4954672-berkel.mps with config: /scratch/yorig/mpils-results-grid-seconds-10-4may/medium-2/24proc/seed-2/2_neos-4954672-berkel_seed-2_20260504_191630/iterated_local_search/run_5_worker_14/ils_config_6711554240826871258.prm
[INFO]:[19:31:42] Starting CPLEX solver on instance: /home/yorig/tuner/mpils-tests/instances/miplib/medium-2/neos-4954672-berkel.mps with config: /scratch/yorig/mpils-results-grid-seconds-10-4may/medium-2/24proc/seed-2/2_neos-4954672-berkel_seed-2_20260504_191630/iterated_local_search/run_5_worker_14/ils_config_6711554240826871258.prm
[INFO]:[19:31:52] CPLEX results. Gap: 32.270000, upper bound: 2641821.999998, lower bound: 1789399.414344
[INFO]:[19:31:52] CPLEX solver finished. Gap: 32.270000
[INFO]:[19:31:52] New incumbent found with objective value: 32.27
[INFO]:[19:31:52] Starting CPLEX solver on instance: /home/yorig/tuner/mpils-tests/instances/miplib/medium-2/neos-4954672-berkel.mps with config: /scratch/yorig/mpils-results-grid-seconds-10-4may/medium-2/24proc/seed-2/2_neos-4954672-berkel_seed-2_20260504_191630/iterated_local_search/run_5_worker_14/ils_config_13797776921652093262.prm
[INFO]:[19:31:52] Starting CPLEX solver on instance: /home/yorig/tuner/mpils-tests/instances/miplib/medium-2/neos-4954672-berkel.mps with config: /scratch/yorig/mpils-results-grid-seconds-10-4may/medium-2/24proc/seed-2/2_neos-4954672-berkel_seed-2_20260504_191630/iterated_local_search/run_5_worker_14/ils_config_13797776921652093262.prm
[INFO]:[19:32:02] CPLEX results. Gap: 37.820000, upper bound: 2958068.999963, lower bound: 1839474.957887
[INFO]:[19:32:02] CPLEX solver finished. Gap: 37.820000
[INFO]:[19:32:02] Starting CPLEX solver on instance: /home/yorig/tuner/mpils-tests/instances/miplib/medium-2/neos-4954672-berkel.mps with config: /scratch/yorig/mpils-results-grid-seconds-10-4may/medium-2/24proc/seed-2/2_neos-4954672-berkel_seed-2_20260504_191630/iterated_local_search/run_5_worker_14/ils_config_2648413525750527830.prm
[INFO]:[19:32:02] Starting CPLEX solver on instance: /home/yorig/tuner/mpils-tests/instances/miplib/medium-2/neos-4954672-berkel.mps with config: /scratch/yorig/mpils-results-grid-seconds-10-4may/medium-2/24proc/seed-2/2_neos-4954672-berkel_seed-2_20260504_191630/iterated_local_search/run_5_worker_14/ils_config_2648413525750527830.prm
[INFO]:[19:32:12] CPLEX results. Gap: 32.020000, upper bound: 2707087.999950, lower bound: 1840214.669044
[INFO]:[19:32:12] CPLEX solver finished. Gap: 32.020000
[INFO]:[19:32:12] New incumbent found with objective value: 32.02
[INFO]:[19:32:13] Starting CPLEX solver on instance: /home/yorig/tuner/mpils-tests/instances/miplib/medium-2/neos-4954672-berkel.mps with config: /scratch/yorig/mpils-results-grid-seconds-10-4may/medium-2/24proc/seed-2/2_neos-4954672-berkel_seed-2_20260504_191630/iterated_local_search/run_5_worker_14/ils_config_3620181732540402180.prm
[INFO]:[19:32:13] Starting CPLEX solver on instance: /home/yorig/tuner/mpils-tests/instances/miplib/medium-2/neos-4954672-berkel.mps with config: /scratch/yorig/mpils-results-grid-seconds-10-4may/medium-2/24proc/seed-2/2_neos-4954672-berkel_seed-2_20260504_191630/iterated_local_search/run_5_worker_14/ils_config_3620181732540402180.prm
[INFO]:[19:32:23] CPLEX results. Gap: 32.020000, upper bound: 2707087.999950, lower bound: 1840214.669044
[INFO]:[19:32:23] CPLEX solver finished. Gap: 32.020000
[INFO]:[19:32:23] Starting CPLEX solver on instance: /home/yorig/tuner/mpils-tests/instances/miplib/medium-2/neos-4954672-berkel.mps with config: /scratch/yorig/mpils-results-grid-seconds-10-4may/medium-2/24proc/seed-2/2_neos-4954672-berkel_seed-2_20260504_191630/iterated_local_search/run_5_worker_14/ils_config_10191792360726920937.prm
[INFO]:[19:32:23] Starting CPLEX solver on instance: /home/yorig/tuner/mpils-tests/instances/miplib/medium-2/neos-4954672-berkel.mps with config: /scratch/yorig/mpils-results-grid-seconds-10-4may/medium-2/24proc/seed-2/2_neos-4954672-berkel_seed-2_20260504_191630/iterated_local_search/run_5_worker_14/ils_config_10191792360726920937.prm
[INFO]:[19:32:33] CPLEX results. Gap: 33.500000, upper bound: 2763903.000000, lower bound: 1838031.792981
[INFO]:[19:32:33] CPLEX solver finished. Gap: 33.500000
[INFO]:[19:32:33] Starting CPLEX solver on instance: /home/yorig/tuner/mpils-tests/instances/miplib/medium-2/neos-4954672-berkel.mps with config: /scratch/yorig/mpils-results-grid-seconds-10-4may/medium-2/24proc/seed-2/2_neos-4954672-berkel_seed-2_20260504_191630/iterated_local_search/run_5_worker_14/ils_config_16980722686234541811.prm
[INFO]:[19:32:33] Starting CPLEX solver on instance: /home/yorig/tuner/mpils-tests/instances/miplib/medium-2/neos-4954672-berkel.mps with config: /scratch/yorig/mpils-results-grid-seconds-10-4may/medium-2/24proc/seed-2/2_neos-4954672-berkel_seed-2_20260504_191630/iterated_local_search/run_5_worker_14/ils_config_16980722686234541811.prm
[INFO]:[19:32:43] CPLEX results. Gap: 32.550000, upper bound: 2680518.999993, lower bound: 1808029.202157
[INFO]:[19:32:43] CPLEX solver finished. Gap: 32.550000
[INFO]:[19:32:43] Starting CPLEX solver on instance: /home/yorig/tuner/mpils-tests/instances/miplib/medium-2/neos-4954672-berkel.mps with config: /scratch/yorig/mpils-results-grid-seconds-10-4may/medium-2/24proc/seed-2/2_neos-4954672-berkel_seed-2_20260504_191630/iterated_local_search/run_5_worker_14/ils_config_12326858413150670962.prm
[INFO]:[19:32:43] Starting CPLEX solver on instance: /home/yorig/tuner/mpils-tests/instances/miplib/medium-2/neos-4954672-berkel.mps with config: /scratch/yorig/mpils-results-grid-seconds-10-4may/medium-2/24proc/seed-2/2_neos-4954672-berkel_seed-2_20260504_191630/iterated_local_search/run_5_worker_14/ils_config_12326858413150670962.prm
[INFO]:[19:32:53] CPLEX results. Gap: 32.050000, upper bound: 2708220.999961, lower bound: 1840214.669044
[INFO]:[19:32:53] CPLEX solver finished. Gap: 32.050000
[INFO]:[19:32:53] Starting CPLEX solver on instance: /home/yorig/tuner/mpils-tests/instances/miplib/medium-2/neos-4954672-berkel.mps with config: /scratch/yorig/mpils-results-grid-seconds-10-4may/medium-2/24proc/seed-2/2_neos-4954672-berkel_seed-2_20260504_191630/iterated_local_search/run_5_worker_14/ils_config_18112612567069650591.prm
[INFO]:[19:32:53] Starting CPLEX solver on instance: /home/yorig/tuner/mpils-tests/instances/miplib/medium-2/neos-4954672-berkel.mps with config: /scratch/yorig/mpils-results-grid-seconds-10-4may/medium-2/24proc/seed-2/2_neos-4954672-berkel_seed-2_20260504_191630/iterated_local_search/run_5_worker_14/ils_config_18112612567069650591.prm
[INFO]:[19:33:03] CPLEX results. Gap: 32.020000, upper bound: 2707087.999950, lower bound: 1840214.669044
[INFO]:[19:33:03] CPLEX solver finished. Gap: 32.020000
[INFO]:[19:33:03] Starting CPLEX solver on instance: /home/yorig/tuner/mpils-tests/instances/miplib/medium-2/neos-4954672-berkel.mps with config: /scratch/yorig/mpils-results-grid-seconds-10-4may/medium-2/24proc/seed-2/2_neos-4954672-berkel_seed-2_20260504_191630/iterated_local_search/run_5_worker_14/ils_config_15924353861657527265.prm
[INFO]:[19:33:03] Starting CPLEX solver on instance: /home/yorig/tuner/mpils-tests/instances/miplib/medium-2/neos-4954672-berkel.mps with config: /scratch/yorig/mpils-results-grid-seconds-10-4may/medium-2/24proc/seed-2/2_neos-4954672-berkel_seed-2_20260504_191630/iterated_local_search/run_5_worker_14/ils_config_15924353861657527265.prm
[INFO]:[19:33:13] CPLEX results. Gap: 31.550000, upper bound: 2668342.999948, lower bound: 1826527.111341
[INFO]:[19:33:13] CPLEX solver finished. Gap: 31.550000
[INFO]:[19:33:13] New incumbent found with objective value: 31.55
[INFO]:[19:33:13] Starting CPLEX solver on instance: /home/yorig/tuner/mpils-tests/instances/miplib/medium-2/neos-4954672-berkel.mps with config: /scratch/yorig/mpils-results-grid-seconds-10-4may/medium-2/24proc/seed-2/2_neos-4954672-berkel_seed-2_20260504_191630/iterated_local_search/run_5_worker_14/ils_config_2777191884535919216.prm
[INFO]:[19:33:13] Starting CPLEX solver on instance: /home/yorig/tuner/mpils-tests/instances/miplib/medium-2/neos-4954672-berkel.mps with config: /scratch/yorig/mpils-results-grid-seconds-10-4may/medium-2/24proc/seed-2/2_neos-4954672-berkel_seed-2_20260504_191630/iterated_local_search/run_5_worker_14/ils_config_2777191884535919216.prm
[INFO]:[19:33:23] CPLEX results. Gap: 33.320000, upper bound: 2685973.999965, lower bound: 1790959.863452
[INFO]:[19:33:23] CPLEX solver finished. Gap: 33.320000
[INFO]:[19:33:23] Starting CPLEX solver on instance: /home/yorig/tuner/mpils-tests/instances/miplib/medium-2/neos-4954672-berkel.mps with config: /scratch/yorig/mpils-results-grid-seconds-10-4may/medium-2/24proc/seed-2/2_neos-4954672-berkel_seed-2_20260504_191630/iterated_local_search/run_5_worker_14/ils_config_1147800244502981068.prm
[INFO]:[19:33:23] Starting CPLEX solver on instance: /home/yorig/tuner/mpils-tests/instances/miplib/medium-2/neos-4954672-berkel.mps with config: /scratch/yorig/mpils-results-grid-seconds-10-4may/medium-2/24proc/seed-2/2_neos-4954672-berkel_seed-2_20260504_191630/iterated_local_search/run_5_worker_14/ils_config_1147800244502981068.prm
[INFO]:[19:33:33] CPLEX results. Gap: 31.550000, upper bound: 2668342.999948, lower bound: 1826527.111341
[INFO]:[19:33:33] CPLEX solver finished. Gap: 31.550000
[INFO]:[19:33:33] Starting CPLEX solver on instance: /home/yorig/tuner/mpils-tests/instances/miplib/medium-2/neos-4954672-berkel.mps with config: /scratch/yorig/mpils-results-grid-seconds-10-4may/medium-2/24proc/seed-2/2_neos-4954672-berkel_seed-2_20260504_191630/iterated_local_search/run_5_worker_14/ils_config_16124648855001103881.prm
[INFO]:[19:33:33] Starting CPLEX solver on instance: /home/yorig/tuner/mpils-tests/instances/miplib/medium-2/neos-4954672-berkel.mps with config: /scratch/yorig/mpils-results-grid-seconds-10-4may/medium-2/24proc/seed-2/2_neos-4954672-berkel_seed-2_20260504_191630/iterated_local_search/run_5_worker_14/ils_config_16124648855001103881.prm
[INFO]:[19:33:43] CPLEX results. Gap: 32.010000, upper bound: 2686657.000000, lower bound: 1826527.111341
[INFO]:[19:33:43] CPLEX solver finished. Gap: 32.010000
[INFO]:[19:33:43] Starting CPLEX solver on instance: /home/yorig/tuner/mpils-tests/instances/miplib/medium-2/neos-4954672-berkel.mps with config: /scratch/yorig/mpils-results-grid-seconds-10-4may/medium-2/24proc/seed-2/2_neos-4954672-berkel_seed-2_20260504_191630/iterated_local_search/run_5_worker_14/ils_config_5321502623919205969.prm
[INFO]:[19:33:43] Starting CPLEX solver on instance: /home/yorig/tuner/mpils-tests/instances/miplib/medium-2/neos-4954672-berkel.mps with config: /scratch/yorig/mpils-results-grid-seconds-10-4may/medium-2/24proc/seed-2/2_neos-4954672-berkel_seed-2_20260504_191630/iterated_local_search/run_5_worker_14/ils_config_5321502623919205969.prm
[INFO]:[19:33:53] CPLEX results. Gap: 31.870000, upper bound: 2715879.999990, lower bound: 1850346.476934
[INFO]:[19:33:53] CPLEX solver finished. Gap: 31.870000
[INFO]:[19:33:53] Starting CPLEX solver on instance: /home/yorig/tuner/mpils-tests/instances/miplib/medium-2/neos-4954672-berkel.mps with config: /scratch/yorig/mpils-results-grid-seconds-10-4may/medium-2/24proc/seed-2/2_neos-4954672-berkel_seed-2_20260504_191630/iterated_local_search/run_5_worker_14/ils_config_6789375705859966515.prm
[INFO]:[19:33:53] Starting CPLEX solver on instance: /home/yorig/tuner/mpils-tests/instances/miplib/medium-2/neos-4954672-berkel.mps with config: /scratch/yorig/mpils-results-grid-seconds-10-4may/medium-2/24proc/seed-2/2_neos-4954672-berkel_seed-2_20260504_191630/iterated_local_search/run_5_worker_14/ils_config_6789375705859966515.prm
[INFO]:[19:34:03] CPLEX results. Gap: 33.010000, upper bound: 2750496.999996, lower bound: 1842628.027286
[INFO]:[19:34:03] CPLEX solver finished. Gap: 33.010000
[INFO]:[19:34:03] Starting CPLEX solver on instance: /home/yorig/tuner/mpils-tests/instances/miplib/medium-2/neos-4954672-berkel.mps with config: /scratch/yorig/mpils-results-grid-seconds-10-4may/medium-2/24proc/seed-2/2_neos-4954672-berkel_seed-2_20260504_191630/iterated_local_search/run_5_worker_14/ils_config_17349327503763775833.prm
[INFO]:[19:34:03] Starting CPLEX solver on instance: /home/yorig/tuner/mpils-tests/instances/miplib/medium-2/neos-4954672-berkel.mps with config: /scratch/yorig/mpils-results-grid-seconds-10-4may/medium-2/24proc/seed-2/2_neos-4954672-berkel_seed-2_20260504_191630/iterated_local_search/run_5_worker_14/ils_config_17349327503763775833.prm
[INFO]:[19:34:13] CPLEX results. Gap: 33.050000, upper bound: 2769305.999996, lower bound: 1853987.255019
[INFO]:[19:34:13] CPLEX solver finished. Gap: 33.050000
[INFO]:[19:34:13] Starting CPLEX solver on instance: /home/yorig/tuner/mpils-tests/instances/miplib/medium-2/neos-4954672-berkel.mps with config: /scratch/yorig/mpils-results-grid-seconds-10-4may/medium-2/24proc/seed-2/2_neos-4954672-berkel_seed-2_20260504_191630/iterated_local_search/run_5_worker_14/ils_config_9167894320742518373.prm
[INFO]:[19:34:13] Starting CPLEX solver on instance: /home/yorig/tuner/mpils-tests/instances/miplib/medium-2/neos-4954672-berkel.mps with config: /scratch/yorig/mpils-results-grid-seconds-10-4may/medium-2/24proc/seed-2/2_neos-4954672-berkel_seed-2_20260504_191630/iterated_local_search/run_5_worker_14/ils_config_9167894320742518373.prm
[INFO]:[19:34:23] CPLEX results. Gap: 32.140000, upper bound: 2633084.999960, lower bound: 1786809.989028
[INFO]:[19:34:23] CPLEX solver finished. Gap: 32.140000
[INFO]:[19:34:23] Starting CPLEX solver on instance: /home/yorig/tuner/mpils-tests/instances/miplib/medium-2/neos-4954672-berkel.mps with config: /scratch/yorig/mpils-results-grid-seconds-10-4may/medium-2/24proc/seed-2/2_neos-4954672-berkel_seed-2_20260504_191630/iterated_local_search/run_5_worker_14/ils_config_10721644758014500824.prm
[INFO]:[19:34:23] Starting CPLEX solver on instance: /home/yorig/tuner/mpils-tests/instances/miplib/medium-2/neos-4954672-berkel.mps with config: /scratch/yorig/mpils-results-grid-seconds-10-4may/medium-2/24proc/seed-2/2_neos-4954672-berkel_seed-2_20260504_191630/iterated_local_search/run_5_worker_14/ils_config_10721644758014500824.prm
[INFO]:[19:34:33] CPLEX results. Gap: 30.530000, upper bound: 2664048.999999, lower bound: 1850600.390361
[INFO]:[19:34:33] CPLEX solver finished. Gap: 30.530000
[INFO]:[19:34:33] New incumbent found with objective value: 30.53
[INFO]:[19:34:33] Starting CPLEX solver on instance: /home/yorig/tuner/mpils-tests/instances/miplib/medium-2/neos-4954672-berkel.mps with config: /scratch/yorig/mpils-results-grid-seconds-10-4may/medium-2/24proc/seed-2/2_neos-4954672-berkel_seed-2_20260504_191630/iterated_local_search/run_5_worker_14/ils_config_17969199167995704955.prm
[INFO]:[19:34:33] Starting CPLEX solver on instance: /home/yorig/tuner/mpils-tests/instances/miplib/medium-2/neos-4954672-berkel.mps with config: /scratch/yorig/mpils-results-grid-seconds-10-4may/medium-2/24proc/seed-2/2_neos-4954672-berkel_seed-2_20260504_191630/iterated_local_search/run_5_worker_14/ils_config_17969199167995704955.prm
[INFO]:[19:34:43] CPLEX results. Gap: 36.080000, upper bound: 2784418.999988, lower bound: 1779727.589854
[INFO]:[19:34:43] CPLEX solver finished. Gap: 36.080000
[INFO]:[19:34:43] Starting CPLEX solver on instance: /home/yorig/tuner/mpils-tests/instances/miplib/medium-2/neos-4954672-berkel.mps with config: /scratch/yorig/mpils-results-grid-seconds-10-4may/medium-2/24proc/seed-2/2_neos-4954672-berkel_seed-2_20260504_191630/iterated_local_search/run_5_worker_14/ils_config_5163330276265668044.prm
[INFO]:[19:34:43] Starting CPLEX solver on instance: /home/yorig/tuner/mpils-tests/instances/miplib/medium-2/neos-4954672-berkel.mps with config: /scratch/yorig/mpils-results-grid-seconds-10-4may/medium-2/24proc/seed-2/2_neos-4954672-berkel_seed-2_20260504_191630/iterated_local_search/run_5_worker_14/ils_config_5163330276265668044.prm
[INFO]:[19:34:53] CPLEX results. Gap: 26.920000, upper bound: 2744433.999962, lower bound: 2005725.617650
[INFO]:[19:34:53] CPLEX solver finished. Gap: 26.920000
[INFO]:[19:34:53] New incumbent found with objective value: 26.92
[INFO]:[19:34:53] Starting CPLEX solver on instance: /home/yorig/tuner/mpils-tests/instances/miplib/medium-2/neos-4954672-berkel.mps with config: /scratch/yorig/mpils-results-grid-seconds-10-4may/medium-2/24proc/seed-2/2_neos-4954672-berkel_seed-2_20260504_191630/iterated_local_search/run_5_worker_14/ils_config_15881497083208520371.prm
[INFO]:[19:34:53] Starting CPLEX solver on instance: /home/yorig/tuner/mpils-tests/instances/miplib/medium-2/neos-4954672-berkel.mps with config: /scratch/yorig/mpils-results-grid-seconds-10-4may/medium-2/24proc/seed-2/2_neos-4954672-berkel_seed-2_20260504_191630/iterated_local_search/run_5_worker_14/ils_config_15881497083208520371.prm
[INFO]:[19:35:03] CPLEX results. Gap: 26.920000, upper bound: 2744433.999962, lower bound: 2005725.617650
[INFO]:[19:35:03] CPLEX solver finished. Gap: 26.920000
[INFO]:[19:35:03] Starting CPLEX solver on instance: /home/yorig/tuner/mpils-tests/instances/miplib/medium-2/neos-4954672-berkel.mps with config: /scratch/yorig/mpils-results-grid-seconds-10-4may/medium-2/24proc/seed-2/2_neos-4954672-berkel_seed-2_20260504_191630/iterated_local_search/run_5_worker_14/ils_config_14632533426793385408.prm
[INFO]:[19:35:03] Starting CPLEX solver on instance: /home/yorig/tuner/mpils-tests/instances/miplib/medium-2/neos-4954672-berkel.mps with config: /scratch/yorig/mpils-results-grid-seconds-10-4may/medium-2/24proc/seed-2/2_neos-4954672-berkel_seed-2_20260504_191630/iterated_local_search/run_5_worker_14/ils_config_14632533426793385408.prm
[INFO]:[19:35:13] CPLEX results. Gap: 26.410000, upper bound: 2744106.999946, lower bound: 2019306.883993
[INFO]:[19:35:13] CPLEX solver finished. Gap: 26.410000
[INFO]:[19:35:13] New incumbent found with objective value: 26.41
[INFO]:[19:35:13] Starting CPLEX solver on instance: /home/yorig/tuner/mpils-tests/instances/miplib/medium-2/neos-4954672-berkel.mps with config: /scratch/yorig/mpils-results-grid-seconds-10-4may/medium-2/24proc/seed-2/2_neos-4954672-berkel_seed-2_20260504_191630/iterated_local_search/run_5_worker_14/ils_config_10506317427471666720.prm
[INFO]:[19:35:13] Starting CPLEX solver on instance: /home/yorig/tuner/mpils-tests/instances/miplib/medium-2/neos-4954672-berkel.mps with config: /scratch/yorig/mpils-results-grid-seconds-10-4may/medium-2/24proc/seed-2/2_neos-4954672-berkel_seed-2_20260504_191630/iterated_local_search/run_5_worker_14/ils_config_10506317427471666720.prm
[INFO]:[19:35:23] CPLEX results. Gap: 26.960000, upper bound: 2765122.999957, lower bound: 2019665.510556
[INFO]:[19:35:23] CPLEX solver finished. Gap: 26.960000
[INFO]:[19:35:23] Starting CPLEX solver on instance: /home/yorig/tuner/mpils-tests/instances/miplib/medium-2/neos-4954672-berkel.mps with config: /scratch/yorig/mpils-results-grid-seconds-10-4may/medium-2/24proc/seed-2/2_neos-4954672-berkel_seed-2_20260504_191630/iterated_local_search/run_5_worker_14/ils_config_16731039786669816048.prm
[INFO]:[19:35:23] Starting CPLEX solver on instance: /home/yorig/tuner/mpils-tests/instances/miplib/medium-2/neos-4954672-berkel.mps with config: /scratch/yorig/mpils-results-grid-seconds-10-4may/medium-2/24proc/seed-2/2_neos-4954672-berkel_seed-2_20260504_191630/iterated_local_search/run_5_worker_14/ils_config_16731039786669816048.prm
[INFO]:[19:35:33] CPLEX results. Gap: 27.240000, upper bound: 2793916.999957, lower bound: 2032891.171139
[INFO]:[19:35:33] CPLEX solver finished. Gap: 27.240000
[INFO]:[19:35:33] Local search phase completed.
[INFO]:[19:35:33] Total number of new local-search evaluations: 30
[INFO]:[19:35:33] Final incumbent objective value: 26.41
[INFO]:[19:35:35] Worker 14 completed exploration phase.
[INFO]:[19:35:35] Worker 14 received order for step 2.
[INFO]:[19:35:35] Worker 14 running expansion phase for iteration 5.
[INFO]:[19:35:35] Worker 14 will use solver log file: /scratch/yorig/mpils-results-grid-seconds-10-4may/medium-2/24proc/seed-2/2_neos-4954672-berkel_seed-2_20260504_191630/solver/cplex.log_iteration_expansion_5_worker_14
[INFO]:[19:35:35] Expansion Worker 14 starting expansion for iteration 5.
[INFO]:[19:35:35] Starting CPLEX solver on instance: /home/yorig/tuner/mpils-tests/instances/miplib/medium-2/neos-4954672-berkel.mps with config: /scratch/yorig/mpils-results-grid-seconds-10-4may/medium-2/24proc/seed-2/2_neos-4954672-berkel_seed-2_20260504_191630/expansion/config_param_CPXPARAM_Sifting_Algorithm_1_iter_5.prm
[INFO]:[19:35:45] CPLEX results. Gap: 12.420000, upper bound: 2625155.999999, lower bound: 2299004.775320
[INFO]:[19:35:45] CPLEX solver finished. Gap: 12.420000
[INFO]:[19:35:45] Expansion Worker 14 stopping early after global MPI expansion stop was activated.
[INFO]:[19:35:45] Expansion Worker 14 completed expansion.
[INFO]:[19:35:45] Worker 14 completed expansion phase.
[INFO]:[19:35:49] Worker 14 received order for step 1.
[INFO]:[19:35:49] Worker 14 running exploration phase for iteration 6.
[INFO]:[19:35:49] Worker 14 at iteration 6 will not use a MIP start file. Current best MIP-start upper bound threshold is 1.79769e+308.
[INFO]:[19:35:49] Starting local search phase...
[INFO]:[19:35:49] Creating local search space from parameter space file: /scratch/yorig/mpils-results-grid-seconds-10-4may/medium-2/24proc/seed-2/2_neos-4954672-berkel_seed-2_20260504_191630/iterated_local_search/search_space/search_space_file_6_worker_14.txt
[INFO]:[19:35:49] Local search space loaded from file: /scratch/yorig/mpils-results-grid-seconds-10-4may/medium-2/24proc/seed-2/2_neos-4954672-berkel_seed-2_20260504_191630/iterated_local_search/search_space/search_space_file_6_worker_14.txt
[INFO]:[19:35:49] Number of parameters in local search space: 71
[INFO]:[19:35:49] Number of forbidden tuples in local search space: 132
[INFO]:[19:35:49] Number of conditionals in local search space: 6
[INFO]:[19:35:49] MIP start option not enabled. Local search will proceed without MIP start.
[INFO]:[19:35:49] Evaluating initial configuration for local search phase...
[INFO]:[19:35:49] Starting CPLEX solver on instance: /home/yorig/tuner/mpils-tests/instances/miplib/medium-2/neos-4954672-berkel.mps with config: /scratch/yorig/mpils-results-grid-seconds-10-4may/medium-2/24proc/seed-2/2_neos-4954672-berkel_seed-2_20260504_191630/iterated_local_search/run_6_worker_14/ils_config_1849481316005553924.prm
[INFO]:[19:35:49] Starting CPLEX solver on instance: /home/yorig/tuner/mpils-tests/instances/miplib/medium-2/neos-4954672-berkel.mps with config: /scratch/yorig/mpils-results-grid-seconds-10-4may/medium-2/24proc/seed-2/2_neos-4954672-berkel_seed-2_20260504_191630/iterated_local_search/run_6_worker_14/ils_config_1849481316005553924.prm
[INFO]:[19:35:59] CPLEX results. Gap: 30.060000, upper bound: 2617164.999984, lower bound: 1830491.689212
[INFO]:[19:35:59] CPLEX solver finished. Gap: 30.060000
[INFO]:[19:35:59] Initial configuration evaluated with objective value: 30.06
[INFO]:[19:35:59] Starting CPLEX solver on instance: /home/yorig/tuner/mpils-tests/instances/miplib/medium-2/neos-4954672-berkel.mps with config: /scratch/yorig/mpils-results-grid-seconds-10-4may/medium-2/24proc/seed-2/2_neos-4954672-berkel_seed-2_20260504_191630/iterated_local_search/run_6_worker_14/ils_config_2533288991537309282.prm
[INFO]:[19:35:59] Starting CPLEX solver on instance: /home/yorig/tuner/mpils-tests/instances/miplib/medium-2/neos-4954672-berkel.mps with config: /scratch/yorig/mpils-results-grid-seconds-10-4may/medium-2/24proc/seed-2/2_neos-4954672-berkel_seed-2_20260504_191630/iterated_local_search/run_6_worker_14/ils_config_2533288991537309282.prm
[INFO]:[19:36:09] CPLEX results. Gap: 30.060000, upper bound: 2617164.999984, lower bound: 1830491.689212
[INFO]:[19:36:09] CPLEX solver finished. Gap: 30.060000
[INFO]:[19:36:09] Starting CPLEX solver on instance: /home/yorig/tuner/mpils-tests/instances/miplib/medium-2/neos-4954672-berkel.mps with config: /scratch/yorig/mpils-results-grid-seconds-10-4may/medium-2/24proc/seed-2/2_neos-4954672-berkel_seed-2_20260504_191630/iterated_local_search/run_6_worker_14/ils_config_17220505441201760403.prm
[INFO]:[19:36:09] Starting CPLEX solver on instance: /home/yorig/tuner/mpils-tests/instances/miplib/medium-2/neos-4954672-berkel.mps with config: /scratch/yorig/mpils-results-grid-seconds-10-4may/medium-2/24proc/seed-2/2_neos-4954672-berkel_seed-2_20260504_191630/iterated_local_search/run_6_worker_14/ils_config_17220505441201760403.prm
[INFO]:[19:36:19] CPLEX results. Gap: 44.170000, upper bound: 2768212.999925, lower bound: 1545618.766621
[INFO]:[19:36:19] CPLEX solver finished. Gap: 44.170000
[INFO]:[19:36:19] Starting CPLEX solver on instance: /home/yorig/tuner/mpils-tests/instances/miplib/medium-2/neos-4954672-berkel.mps with config: /scratch/yorig/mpils-results-grid-seconds-10-4may/medium-2/24proc/seed-2/2_neos-4954672-berkel_seed-2_20260504_191630/iterated_local_search/run_6_worker_14/ils_config_3792383406864142845.prm
[INFO]:[19:36:19] Starting CPLEX solver on instance: /home/yorig/tuner/mpils-tests/instances/miplib/medium-2/neos-4954672-berkel.mps with config: /scratch/yorig/mpils-results-grid-seconds-10-4may/medium-2/24proc/seed-2/2_neos-4954672-berkel_seed-2_20260504_191630/iterated_local_search/run_6_worker_14/ils_config_3792383406864142845.prm
[INFO]:[19:36:29] CPLEX results. Gap: 30.290000, upper bound: 2625750.999978, lower bound: 1830491.689212
[INFO]:[19:36:29] CPLEX solver finished. Gap: 30.290000
[INFO]:[19:36:29] Starting CPLEX solver on instance: /home/yorig/tuner/mpils-tests/instances/miplib/medium-2/neos-4954672-berkel.mps with config: /scratch/yorig/mpils-results-grid-seconds-10-4may/medium-2/24proc/seed-2/2_neos-4954672-berkel_seed-2_20260504_191630/iterated_local_search/run_6_worker_14/ils_config_4841932602176726253.prm
[INFO]:[19:36:29] Starting CPLEX solver on instance: /home/yorig/tuner/mpils-tests/instances/miplib/medium-2/neos-4954672-berkel.mps with config: /scratch/yorig/mpils-results-grid-seconds-10-4may/medium-2/24proc/seed-2/2_neos-4954672-berkel_seed-2_20260504_191630/iterated_local_search/run_6_worker_14/ils_config_4841932602176726253.prm
[INFO]:[19:36:39] CPLEX results. Gap: 30.490000, upper bound: 2633289.999988, lower bound: 1830491.689212
[INFO]:[19:36:39] CPLEX solver finished. Gap: 30.490000
[INFO]:[19:36:39] Starting CPLEX solver on instance: /home/yorig/tuner/mpils-tests/instances/miplib/medium-2/neos-4954672-berkel.mps with config: /scratch/yorig/mpils-results-grid-seconds-10-4may/medium-2/24proc/seed-2/2_neos-4954672-berkel_seed-2_20260504_191630/iterated_local_search/run_6_worker_14/ils_config_259762485395523915.prm
[INFO]:[19:36:39] Starting CPLEX solver on instance: /home/yorig/tuner/mpils-tests/instances/miplib/medium-2/neos-4954672-berkel.mps with config: /scratch/yorig/mpils-results-grid-seconds-10-4may/medium-2/24proc/seed-2/2_neos-4954672-berkel_seed-2_20260504_191630/iterated_local_search/run_6_worker_14/ils_config_259762485395523915.prm
[INFO]:[19:36:49] CPLEX results. Gap: 30.390000, upper bound: 2629736.999995, lower bound: 1830491.689212
[INFO]:[19:36:49] CPLEX solver finished. Gap: 30.390000
[INFO]:[19:36:49] Starting CPLEX solver on instance: /home/yorig/tuner/mpils-tests/instances/miplib/medium-2/neos-4954672-berkel.mps with config: /scratch/yorig/mpils-results-grid-seconds-10-4may/medium-2/24proc/seed-2/2_neos-4954672-berkel_seed-2_20260504_191630/iterated_local_search/run_6_worker_14/ils_config_2298254013650727831.prm
[INFO]:[19:36:49] Starting CPLEX solver on instance: /home/yorig/tuner/mpils-tests/instances/miplib/medium-2/neos-4954672-berkel.mps with config: /scratch/yorig/mpils-results-grid-seconds-10-4may/medium-2/24proc/seed-2/2_neos-4954672-berkel_seed-2_20260504_191630/iterated_local_search/run_6_worker_14/ils_config_2298254013650727831.prm
[INFO]:[19:37:00] CPLEX results. Gap: 27.500000, upper bound: 2627207.999980, lower bound: 1904651.303460
[INFO]:[19:37:00] CPLEX solver finished. Gap: 27.500000
[INFO]:[19:37:00] New incumbent found with objective value: 27.5
[INFO]:[19:37:00] Starting CPLEX solver on instance: /home/yorig/tuner/mpils-tests/instances/miplib/medium-2/neos-4954672-berkel.mps with config: /scratch/yorig/mpils-results-grid-seconds-10-4may/medium-2/24proc/seed-2/2_neos-4954672-berkel_seed-2_20260504_191630/iterated_local_search/run_6_worker_14/ils_config_10668700578745220374.prm
[INFO]:[19:37:00] Starting CPLEX solver on instance: /home/yorig/tuner/mpils-tests/instances/miplib/medium-2/neos-4954672-berkel.mps with config: /scratch/yorig/mpils-results-grid-seconds-10-4may/medium-2/24proc/seed-2/2_neos-4954672-berkel_seed-2_20260504_191630/iterated_local_search/run_6_worker_14/ils_config_10668700578745220374.prm
[INFO]:[19:37:10] CPLEX results. Gap: 28.240000, upper bound: 2626373.999975, lower bound: 1884732.264614
[INFO]:[19:37:10] CPLEX solver finished. Gap: 28.240000
[INFO]:[19:37:10] Starting CPLEX solver on instance: /home/yorig/tuner/mpils-tests/instances/miplib/medium-2/neos-4954672-berkel.mps with config: /scratch/yorig/mpils-results-grid-seconds-10-4may/medium-2/24proc/seed-2/2_neos-4954672-berkel_seed-2_20260504_191630/iterated_local_search/run_6_worker_14/ils_config_11431890839396813529.prm
[INFO]:[19:37:10] Starting CPLEX solver on instance: /home/yorig/tuner/mpils-tests/instances/miplib/medium-2/neos-4954672-berkel.mps with config: /scratch/yorig/mpils-results-grid-seconds-10-4may/medium-2/24proc/seed-2/2_neos-4954672-berkel_seed-2_20260504_191630/iterated_local_search/run_6_worker_14/ils_config_11431890839396813529.prm
[INFO]:[19:37:20] CPLEX results. Gap: 27.820000, upper bound: 2650753.999983, lower bound: 1913206.281379
[INFO]:[19:37:20] CPLEX solver finished. Gap: 27.820000
[INFO]:[19:37:20] Starting CPLEX solver on instance: /home/yorig/tuner/mpils-tests/instances/miplib/medium-2/neos-4954672-berkel.mps with config: /scratch/yorig/mpils-results-grid-seconds-10-4may/medium-2/24proc/seed-2/2_neos-4954672-berkel_seed-2_20260504_191630/iterated_local_search/run_6_worker_14/ils_config_7983558817495422265.prm
[INFO]:[19:37:20] Starting CPLEX solver on instance: /home/yorig/tuner/mpils-tests/instances/miplib/medium-2/neos-4954672-berkel.mps with config: /scratch/yorig/mpils-results-grid-seconds-10-4may/medium-2/24proc/seed-2/2_neos-4954672-berkel_seed-2_20260504_191630/iterated_local_search/run_6_worker_14/ils_config_7983558817495422265.prm
[INFO]:[19:37:30] CPLEX results. Gap: 27.530000, upper bound: 2628160.999984, lower bound: 1904651.303460
[INFO]:[19:37:30] CPLEX solver finished. Gap: 27.530000
[INFO]:[19:37:30] Starting CPLEX solver on instance: /home/yorig/tuner/mpils-tests/instances/miplib/medium-2/neos-4954672-berkel.mps with config: /scratch/yorig/mpils-results-grid-seconds-10-4may/medium-2/24proc/seed-2/2_neos-4954672-berkel_seed-2_20260504_191630/iterated_local_search/run_6_worker_14/ils_config_3360106649373247666.prm
[INFO]:[19:37:30] Starting CPLEX solver on instance: /home/yorig/tuner/mpils-tests/instances/miplib/medium-2/neos-4954672-berkel.mps with config: /scratch/yorig/mpils-results-grid-seconds-10-4may/medium-2/24proc/seed-2/2_neos-4954672-berkel_seed-2_20260504_191630/iterated_local_search/run_6_worker_14/ils_config_3360106649373247666.prm
[INFO]:[19:37:40] CPLEX results. Gap: 27.530000, upper bound: 2628333.999977, lower bound: 1904651.303460
[INFO]:[19:37:40] CPLEX solver finished. Gap: 27.530000
[INFO]:[19:37:40] Starting CPLEX solver on instance: /home/yorig/tuner/mpils-tests/instances/miplib/medium-2/neos-4954672-berkel.mps with config: /scratch/yorig/mpils-results-grid-seconds-10-4may/medium-2/24proc/seed-2/2_neos-4954672-berkel_seed-2_20260504_191630/iterated_local_search/run_6_worker_14/ils_config_16200380868267352510.prm
[INFO]:[19:37:40] Starting CPLEX solver on instance: /home/yorig/tuner/mpils-tests/instances/miplib/medium-2/neos-4954672-berkel.mps with config: /scratch/yorig/mpils-results-grid-seconds-10-4may/medium-2/24proc/seed-2/2_neos-4954672-berkel_seed-2_20260504_191630/iterated_local_search/run_6_worker_14/ils_config_16200380868267352510.prm
[INFO]:[19:37:50] CPLEX results. Gap: 28.400000, upper bound: 2648318.999944, lower bound: 1896178.297404
[INFO]:[19:37:50] CPLEX solver finished. Gap: 28.400000
[INFO]:[19:37:50] Starting CPLEX solver on instance: /home/yorig/tuner/mpils-tests/instances/miplib/medium-2/neos-4954672-berkel.mps with config: /scratch/yorig/mpils-results-grid-seconds-10-4may/medium-2/24proc/seed-2/2_neos-4954672-berkel_seed-2_20260504_191630/iterated_local_search/run_6_worker_14/ils_config_9968886142922251953.prm
[INFO]:[19:37:50] Starting CPLEX solver on instance: /home/yorig/tuner/mpils-tests/instances/miplib/medium-2/neos-4954672-berkel.mps with config: /scratch/yorig/mpils-results-grid-seconds-10-4may/medium-2/24proc/seed-2/2_neos-4954672-berkel_seed-2_20260504_191630/iterated_local_search/run_6_worker_14/ils_config_9968886142922251953.prm
[INFO]:[19:38:00] CPLEX results. Gap: 29.230000, upper bound: 2620688.999976, lower bound: 1854749.750593
[INFO]:[19:38:00] CPLEX solver finished. Gap: 29.230000
[INFO]:[19:38:00] Starting CPLEX solver on instance: /home/yorig/tuner/mpils-tests/instances/miplib/medium-2/neos-4954672-berkel.mps with config: /scratch/yorig/mpils-results-grid-seconds-10-4may/medium-2/24proc/seed-2/2_neos-4954672-berkel_seed-2_20260504_191630/iterated_local_search/run_6_worker_14/ils_config_10908862462188308784.prm
[INFO]:[19:38:00] Starting CPLEX solver on instance: /home/yorig/tuner/mpils-tests/instances/miplib/medium-2/neos-4954672-berkel.mps with config: /scratch/yorig/mpils-results-grid-seconds-10-4may/medium-2/24proc/seed-2/2_neos-4954672-berkel_seed-2_20260504_191630/iterated_local_search/run_6_worker_14/ils_config_10908862462188308784.prm
[INFO]:[19:38:10] CPLEX results. Gap: 27.460000, upper bound: 2625574.999979, lower bound: 1904651.303460
[INFO]:[19:38:10] CPLEX solver finished. Gap: 27.460000
[INFO]:[19:38:10] New incumbent found with objective value: 27.46
[INFO]:[19:38:10] Starting CPLEX solver on instance: /home/yorig/tuner/mpils-tests/instances/miplib/medium-2/neos-4954672-berkel.mps with config: /scratch/yorig/mpils-results-grid-seconds-10-4may/medium-2/24proc/seed-2/2_neos-4954672-berkel_seed-2_20260504_191630/iterated_local_search/run_6_worker_14/ils_config_16050787165204485156.prm
[INFO]:[19:38:10] Starting CPLEX solver on instance: /home/yorig/tuner/mpils-tests/instances/miplib/medium-2/neos-4954672-berkel.mps with config: /scratch/yorig/mpils-results-grid-seconds-10-4may/medium-2/24proc/seed-2/2_neos-4954672-berkel_seed-2_20260504_191630/iterated_local_search/run_6_worker_14/ils_config_16050787165204485156.prm
[INFO]:[19:38:20] CPLEX results. Gap: 27.100000, upper bound: 2612709.999984, lower bound: 1904651.303460
[INFO]:[19:38:20] CPLEX solver finished. Gap: 27.100000
[INFO]:[19:38:20] New incumbent found with objective value: 27.1
[INFO]:[19:38:20] Starting CPLEX solver on instance: /home/yorig/tuner/mpils-tests/instances/miplib/medium-2/neos-4954672-berkel.mps with config: /scratch/yorig/mpils-results-grid-seconds-10-4may/medium-2/24proc/seed-2/2_neos-4954672-berkel_seed-2_20260504_191630/iterated_local_search/run_6_worker_14/ils_config_3929792320297824494.prm
[INFO]:[19:38:20] Starting CPLEX solver on instance: /home/yorig/tuner/mpils-tests/instances/miplib/medium-2/neos-4954672-berkel.mps with config: /scratch/yorig/mpils-results-grid-seconds-10-4may/medium-2/24proc/seed-2/2_neos-4954672-berkel_seed-2_20260504_191630/iterated_local_search/run_6_worker_14/ils_config_3929792320297824494.prm
[INFO]:[19:38:31] CPLEX results. Gap: 30.810000, upper bound: 2637571.999990, lower bound: 1825008.201554
[INFO]:[19:38:31] CPLEX solver finished. Gap: 30.810000
[INFO]:[19:38:31] Starting CPLEX solver on instance: /home/yorig/tuner/mpils-tests/instances/miplib/medium-2/neos-4954672-berkel.mps with config: /scratch/yorig/mpils-results-grid-seconds-10-4may/medium-2/24proc/seed-2/2_neos-4954672-berkel_seed-2_20260504_191630/iterated_local_search/run_6_worker_14/ils_config_18337658633187391667.prm
[INFO]:[19:38:31] Starting CPLEX solver on instance: /home/yorig/tuner/mpils-tests/instances/miplib/medium-2/neos-4954672-berkel.mps with config: /scratch/yorig/mpils-results-grid-seconds-10-4may/medium-2/24proc/seed-2/2_neos-4954672-berkel_seed-2_20260504_191630/iterated_local_search/run_6_worker_14/ils_config_18337658633187391667.prm
[INFO]:[19:38:41] CPLEX results. Gap: 30.150000, upper bound: 2636046.999983, lower bound: 1841360.790803
[INFO]:[19:38:41] CPLEX solver finished. Gap: 30.150000
[INFO]:[19:38:41] Starting CPLEX solver on instance: /home/yorig/tuner/mpils-tests/instances/miplib/medium-2/neos-4954672-berkel.mps with config: /scratch/yorig/mpils-results-grid-seconds-10-4may/medium-2/24proc/seed-2/2_neos-4954672-berkel_seed-2_20260504_191630/iterated_local_search/run_6_worker_14/ils_config_18350723933423186046.prm
[INFO]:[19:38:41] Starting CPLEX solver on instance: /home/yorig/tuner/mpils-tests/instances/miplib/medium-2/neos-4954672-berkel.mps with config: /scratch/yorig/mpils-results-grid-seconds-10-4may/medium-2/24proc/seed-2/2_neos-4954672-berkel_seed-2_20260504_191630/iterated_local_search/run_6_worker_14/ils_config_18350723933423186046.prm
[INFO]:[19:38:51] CPLEX results. Gap: 25.370000, upper bound: 2634129.999996, lower bound: 1965766.865563
[INFO]:[19:38:51] CPLEX solver finished. Gap: 25.370000
[INFO]:[19:38:51] New incumbent found with objective value: 25.37
[INFO]:[19:38:51] Local search phase completed.
[INFO]:[19:38:51] Total number of new local-search evaluations: 18
[INFO]:[19:38:51] Final incumbent objective value: 25.37
[INFO]:[19:38:51] Worker 14 completed exploration phase.
[INFO]:[19:38:51] Worker 14 received order for step 2.
[INFO]:[19:38:51] Worker 14 running expansion phase for iteration 6.
[INFO]:[19:38:51] Worker 14 will use solver log file: /scratch/yorig/mpils-results-grid-seconds-10-4may/medium-2/24proc/seed-2/2_neos-4954672-berkel_seed-2_20260504_191630/solver/cplex.log_iteration_expansion_6_worker_14
[INFO]:[19:38:51] Expansion Worker 14 starting expansion for iteration 6.
[INFO]:[19:38:51] Starting CPLEX solver on instance: /home/yorig/tuner/mpils-tests/instances/miplib/medium-2/neos-4954672-berkel.mps with config: /scratch/yorig/mpils-results-grid-seconds-10-4may/medium-2/24proc/seed-2/2_neos-4954672-berkel_seed-2_20260504_191630/expansion/config_param_CPXPARAM_Simplex_Limits_Singularity_5_iter_6.prm
[INFO]:[19:39:01] CPLEX results. Gap: 11.510000, upper bound: 2628216.000000, lower bound: 2325716.169574
[INFO]:[19:39:01] CPLEX solver finished. Gap: 11.510000
[INFO]:[19:39:11] Expansion Worker 14 stopping early after global MPI expansion stop was activated.
[INFO]:[19:39:11] Expansion Worker 14 completed expansion.
[INFO]:[19:39:11] Worker 14 completed expansion phase.
[INFO]:[19:39:16] Worker 14 received order for step 1.
[INFO]:[19:39:16] Worker 14 running exploration phase for iteration 7.
[INFO]:[19:39:16] Worker 14 at iteration 7 will not use a MIP start file. Current best MIP-start upper bound threshold is 1.79769e+308.
[INFO]:[19:39:16] Starting local search phase...
[INFO]:[19:39:16] Creating local search space from parameter space file: /scratch/yorig/mpils-results-grid-seconds-10-4may/medium-2/24proc/seed-2/2_neos-4954672-berkel_seed-2_20260504_191630/iterated_local_search/search_space/search_space_file_7_worker_14.txt
[INFO]:[19:39:16] Local search space loaded from file: /scratch/yorig/mpils-results-grid-seconds-10-4may/medium-2/24proc/seed-2/2_neos-4954672-berkel_seed-2_20260504_191630/iterated_local_search/search_space/search_space_file_7_worker_14.txt
[INFO]:[19:39:16] Number of parameters in local search space: 71
[INFO]:[19:39:16] Number of forbidden tuples in local search space: 160
[INFO]:[19:39:16] Number of conditionals in local search space: 6
[INFO]:[19:39:16] MIP start option not enabled. Local search will proceed without MIP start.
[INFO]:[19:39:16] Evaluating initial configuration for local search phase...
[INFO]:[19:39:16] Starting CPLEX solver on instance: /home/yorig/tuner/mpils-tests/instances/miplib/medium-2/neos-4954672-berkel.mps with config: /scratch/yorig/mpils-results-grid-seconds-10-4may/medium-2/24proc/seed-2/2_neos-4954672-berkel_seed-2_20260504_191630/iterated_local_search/run_7_worker_14/ils_config_792891820648040095.prm
[INFO]:[19:39:16] Starting CPLEX solver on instance: /home/yorig/tuner/mpils-tests/instances/miplib/medium-2/neos-4954672-berkel.mps with config: /scratch/yorig/mpils-results-grid-seconds-10-4may/medium-2/24proc/seed-2/2_neos-4954672-berkel_seed-2_20260504_191630/iterated_local_search/run_7_worker_14/ils_config_792891820648040095.prm
[INFO]:[19:39:26] CPLEX results. Gap: 49.160000, upper bound: 2697714.000000, lower bound: 1371574.276482
[INFO]:[19:39:26] CPLEX solver finished. Gap: 49.160000
[INFO]:[19:39:26] Initial configuration evaluated with objective value: 49.16
[INFO]:[19:39:26] Starting CPLEX solver on instance: /home/yorig/tuner/mpils-tests/instances/miplib/medium-2/neos-4954672-berkel.mps with config: /scratch/yorig/mpils-results-grid-seconds-10-4may/medium-2/24proc/seed-2/2_neos-4954672-berkel_seed-2_20260504_191630/iterated_local_search/run_7_worker_14/ils_config_17026501698287300057.prm
[INFO]:[19:39:26] Starting CPLEX solver on instance: /home/yorig/tuner/mpils-tests/instances/miplib/medium-2/neos-4954672-berkel.mps with config: /scratch/yorig/mpils-results-grid-seconds-10-4may/medium-2/24proc/seed-2/2_neos-4954672-berkel_seed-2_20260504_191630/iterated_local_search/run_7_worker_14/ils_config_17026501698287300057.prm
[INFO]:[19:39:36] CPLEX results. Gap: 49.160000, upper bound: 2697714.000000, lower bound: 1371574.276482
[INFO]:[19:39:36] CPLEX solver finished. Gap: 49.160000
[INFO]:[19:39:36] Starting CPLEX solver on instance: /home/yorig/tuner/mpils-tests/instances/miplib/medium-2/neos-4954672-berkel.mps with config: /scratch/yorig/mpils-results-grid-seconds-10-4may/medium-2/24proc/seed-2/2_neos-4954672-berkel_seed-2_20260504_191630/iterated_local_search/run_7_worker_14/ils_config_1967370269358561325.prm
[INFO]:[19:39:36] Starting CPLEX solver on instance: /home/yorig/tuner/mpils-tests/instances/miplib/medium-2/neos-4954672-berkel.mps with config: /scratch/yorig/mpils-results-grid-seconds-10-4may/medium-2/24proc/seed-2/2_neos-4954672-berkel_seed-2_20260504_191630/iterated_local_search/run_7_worker_14/ils_config_1967370269358561325.prm
[INFO]:[19:39:46] CPLEX results. Gap: 49.400000, upper bound: 2745894.000000, lower bound: 1389350.329563
[INFO]:[19:39:46] CPLEX solver finished. Gap: 49.400000
[INFO]:[19:39:46] Starting CPLEX solver on instance: /home/yorig/tuner/mpils-tests/instances/miplib/medium-2/neos-4954672-berkel.mps with config: /scratch/yorig/mpils-results-grid-seconds-10-4may/medium-2/24proc/seed-2/2_neos-4954672-berkel_seed-2_20260504_191630/iterated_local_search/run_7_worker_14/ils_config_3348776237194227697.prm
[INFO]:[19:39:46] Starting CPLEX solver on instance: /home/yorig/tuner/mpils-tests/instances/miplib/medium-2/neos-4954672-berkel.mps with config: /scratch/yorig/mpils-results-grid-seconds-10-4may/medium-2/24proc/seed-2/2_neos-4954672-berkel_seed-2_20260504_191630/iterated_local_search/run_7_worker_14/ils_config_3348776237194227697.prm
[INFO]:[19:39:56] CPLEX results. Gap: 48.430000, upper bound: 2709073.000000, lower bound: 1397197.348904
[INFO]:[19:39:56] CPLEX solver finished. Gap: 48.430000
[INFO]:[19:39:56] New incumbent found with objective value: 48.43
[INFO]:[19:39:56] Starting CPLEX solver on instance: /home/yorig/tuner/mpils-tests/instances/miplib/medium-2/neos-4954672-berkel.mps with config: /scratch/yorig/mpils-results-grid-seconds-10-4may/medium-2/24proc/seed-2/2_neos-4954672-berkel_seed-2_20260504_191630/iterated_local_search/run_7_worker_14/ils_config_9945459216482015092.prm
[INFO]:[19:39:56] Starting CPLEX solver on instance: /home/yorig/tuner/mpils-tests/instances/miplib/medium-2/neos-4954672-berkel.mps with config: /scratch/yorig/mpils-results-grid-seconds-10-4may/medium-2/24proc/seed-2/2_neos-4954672-berkel_seed-2_20260504_191630/iterated_local_search/run_7_worker_14/ils_config_9945459216482015092.prm
[INFO]:[19:40:06] CPLEX results. Gap: 48.430000, upper bound: 2709073.000000, lower bound: 1397197.348904
[INFO]:[19:40:06] CPLEX solver finished. Gap: 48.430000
[INFO]:[19:40:06] Starting CPLEX solver on instance: /home/yorig/tuner/mpils-tests/instances/miplib/medium-2/neos-4954672-berkel.mps with config: /scratch/yorig/mpils-results-grid-seconds-10-4may/medium-2/24proc/seed-2/2_neos-4954672-berkel_seed-2_20260504_191630/iterated_local_search/run_7_worker_14/ils_config_15648403010132514812.prm
[INFO]:[19:40:06] Starting CPLEX solver on instance: /home/yorig/tuner/mpils-tests/instances/miplib/medium-2/neos-4954672-berkel.mps with config: /scratch/yorig/mpils-results-grid-seconds-10-4may/medium-2/24proc/seed-2/2_neos-4954672-berkel_seed-2_20260504_191630/iterated_local_search/run_7_worker_14/ils_config_15648403010132514812.prm
[INFO]:[19:40:16] CPLEX results. Gap: 49.220000, upper bound: 2700883.000000, lower bound: 1371574.276482
[INFO]:[19:40:16] CPLEX solver finished. Gap: 49.220000
[INFO]:[19:40:16] Starting CPLEX solver on instance: /home/yorig/tuner/mpils-tests/instances/miplib/medium-2/neos-4954672-berkel.mps with config: /scratch/yorig/mpils-results-grid-seconds-10-4may/medium-2/24proc/seed-2/2_neos-4954672-berkel_seed-2_20260504_191630/iterated_local_search/run_7_worker_14/ils_config_4076350496215927066.prm
[INFO]:[19:40:16] Starting CPLEX solver on instance: /home/yorig/tuner/mpils-tests/instances/miplib/medium-2/neos-4954672-berkel.mps with config: /scratch/yorig/mpils-results-grid-seconds-10-4may/medium-2/24proc/seed-2/2_neos-4954672-berkel_seed-2_20260504_191630/iterated_local_search/run_7_worker_14/ils_config_4076350496215927066.prm
[INFO]:[19:40:26] CPLEX results. Gap: 48.200000, upper bound: 2699179.000000, lower bound: 1398137.509879
[INFO]:[19:40:26] CPLEX solver finished. Gap: 48.200000
[INFO]:[19:40:26] New incumbent found with objective value: 48.2
[INFO]:[19:40:26] Starting CPLEX solver on instance: /home/yorig/tuner/mpils-tests/instances/miplib/medium-2/neos-4954672-berkel.mps with config: /scratch/yorig/mpils-results-grid-seconds-10-4may/medium-2/24proc/seed-2/2_neos-4954672-berkel_seed-2_20260504_191630/iterated_local_search/run_7_worker_14/ils_config_5223754048529191064.prm
[INFO]:[19:40:26] Starting CPLEX solver on instance: /home/yorig/tuner/mpils-tests/instances/miplib/medium-2/neos-4954672-berkel.mps with config: /scratch/yorig/mpils-results-grid-seconds-10-4may/medium-2/24proc/seed-2/2_neos-4954672-berkel_seed-2_20260504_191630/iterated_local_search/run_7_worker_14/ils_config_5223754048529191064.prm
[INFO]:[19:40:36] CPLEX results. Gap: 49.230000, upper bound: 2699179.000000, lower bound: 1370292.516821
[INFO]:[19:40:36] CPLEX solver finished. Gap: 49.230000
[INFO]:[19:40:36] Starting CPLEX solver on instance: /home/yorig/tuner/mpils-tests/instances/miplib/medium-2/neos-4954672-berkel.mps with config: /scratch/yorig/mpils-results-grid-seconds-10-4may/medium-2/24proc/seed-2/2_neos-4954672-berkel_seed-2_20260504_191630/iterated_local_search/run_7_worker_14/ils_config_8173443685023170523.prm
[INFO]:[19:40:36] Starting CPLEX solver on instance: /home/yorig/tuner/mpils-tests/instances/miplib/medium-2/neos-4954672-berkel.mps with config: /scratch/yorig/mpils-results-grid-seconds-10-4may/medium-2/24proc/seed-2/2_neos-4954672-berkel_seed-2_20260504_191630/iterated_local_search/run_7_worker_14/ils_config_8173443685023170523.prm
[INFO]:[19:40:46] CPLEX results. Gap: 48.200000, upper bound: 2699179.000000, lower bound: 1398137.509879
[INFO]:[19:40:46] CPLEX solver finished. Gap: 48.200000
[INFO]:[19:40:46] Starting CPLEX solver on instance: /home/yorig/tuner/mpils-tests/instances/miplib/medium-2/neos-4954672-berkel.mps with config: /scratch/yorig/mpils-results-grid-seconds-10-4may/medium-2/24proc/seed-2/2_neos-4954672-berkel_seed-2_20260504_191630/iterated_local_search/run_7_worker_14/ils_config_4089488067084284795.prm
[INFO]:[19:40:46] Starting CPLEX solver on instance: /home/yorig/tuner/mpils-tests/instances/miplib/medium-2/neos-4954672-berkel.mps with config: /scratch/yorig/mpils-results-grid-seconds-10-4may/medium-2/24proc/seed-2/2_neos-4954672-berkel_seed-2_20260504_191630/iterated_local_search/run_7_worker_14/ils_config_4089488067084284795.prm
[INFO]:[19:40:56] CPLEX results. Gap: 49.640000, upper bound: 2790861.999954, lower bound: 1405570.777485
[INFO]:[19:40:56] CPLEX solver finished. Gap: 49.640000
[INFO]:[19:40:56] Starting CPLEX solver on instance: /home/yorig/tuner/mpils-tests/instances/miplib/medium-2/neos-4954672-berkel.mps with config: /scratch/yorig/mpils-results-grid-seconds-10-4may/medium-2/24proc/seed-2/2_neos-4954672-berkel_seed-2_20260504_191630/iterated_local_search/run_7_worker_14/ils_config_5774228166798103518.prm
[INFO]:[19:40:56] Starting CPLEX solver on instance: /home/yorig/tuner/mpils-tests/instances/miplib/medium-2/neos-4954672-berkel.mps with config: /scratch/yorig/mpils-results-grid-seconds-10-4may/medium-2/24proc/seed-2/2_neos-4954672-berkel_seed-2_20260504_191630/iterated_local_search/run_7_worker_14/ils_config_5774228166798103518.prm
[INFO]:[19:41:06] CPLEX results. Gap: 48.200000, upper bound: 2699179.000000, lower bound: 1398137.509879
[INFO]:[19:41:06] CPLEX solver finished. Gap: 48.200000
[INFO]:[19:41:06] Starting CPLEX solver on instance: /home/yorig/tuner/mpils-tests/instances/miplib/medium-2/neos-4954672-berkel.mps with config: /scratch/yorig/mpils-results-grid-seconds-10-4may/medium-2/24proc/seed-2/2_neos-4954672-berkel_seed-2_20260504_191630/iterated_local_search/run_7_worker_14/ils_config_16757456796251434908.prm
[INFO]:[19:41:06] Starting CPLEX solver on instance: /home/yorig/tuner/mpils-tests/instances/miplib/medium-2/neos-4954672-berkel.mps with config: /scratch/yorig/mpils-results-grid-seconds-10-4may/medium-2/24proc/seed-2/2_neos-4954672-berkel_seed-2_20260504_191630/iterated_local_search/run_7_worker_14/ils_config_16757456796251434908.prm
[INFO]:[19:41:16] CPLEX results. Gap: 56.470000, upper bound: 2748572.999985, lower bound: 1196528.308824
[INFO]:[19:41:16] CPLEX solver finished. Gap: 56.470000
[INFO]:[19:41:16] Starting CPLEX solver on instance: /home/yorig/tuner/mpils-tests/instances/miplib/medium-2/neos-4954672-berkel.mps with config: /scratch/yorig/mpils-results-grid-seconds-10-4may/medium-2/24proc/seed-2/2_neos-4954672-berkel_seed-2_20260504_191630/iterated_local_search/run_7_worker_14/ils_config_9291383357036784113.prm
[INFO]:[19:41:16] Starting CPLEX solver on instance: /home/yorig/tuner/mpils-tests/instances/miplib/medium-2/neos-4954672-berkel.mps with config: /scratch/yorig/mpils-results-grid-seconds-10-4may/medium-2/24proc/seed-2/2_neos-4954672-berkel_seed-2_20260504_191630/iterated_local_search/run_7_worker_14/ils_config_9291383357036784113.prm
[INFO]:[19:41:26] CPLEX results. Gap: 49.210000, upper bound: 2777962.000000, lower bound: 1410856.356198
[INFO]:[19:41:26] CPLEX solver finished. Gap: 49.210000
[INFO]:[19:41:26] Starting CPLEX solver on instance: /home/yorig/tuner/mpils-tests/instances/miplib/medium-2/neos-4954672-berkel.mps with config: /scratch/yorig/mpils-results-grid-seconds-10-4may/medium-2/24proc/seed-2/2_neos-4954672-berkel_seed-2_20260504_191630/iterated_local_search/run_7_worker_14/ils_config_6281760658300166425.prm
[INFO]:[19:41:26] Starting CPLEX solver on instance: /home/yorig/tuner/mpils-tests/instances/miplib/medium-2/neos-4954672-berkel.mps with config: /scratch/yorig/mpils-results-grid-seconds-10-4may/medium-2/24proc/seed-2/2_neos-4954672-berkel_seed-2_20260504_191630/iterated_local_search/run_7_worker_14/ils_config_6281760658300166425.prm
[INFO]:[19:41:36] CPLEX results. Gap: 48.200000, upper bound: 2699179.000000, lower bound: 1398137.509879
[INFO]:[19:41:36] CPLEX solver finished. Gap: 48.200000
[INFO]:[19:41:36] Starting CPLEX solver on instance: /home/yorig/tuner/mpils-tests/instances/miplib/medium-2/neos-4954672-berkel.mps with config: /scratch/yorig/mpils-results-grid-seconds-10-4may/medium-2/24proc/seed-2/2_neos-4954672-berkel_seed-2_20260504_191630/iterated_local_search/run_7_worker_14/ils_config_2700550244941312586.prm
[INFO]:[19:41:36] Starting CPLEX solver on instance: /home/yorig/tuner/mpils-tests/instances/miplib/medium-2/neos-4954672-berkel.mps with config: /scratch/yorig/mpils-results-grid-seconds-10-4may/medium-2/24proc/seed-2/2_neos-4954672-berkel_seed-2_20260504_191630/iterated_local_search/run_7_worker_14/ils_config_2700550244941312586.prm
[INFO]:[19:41:46] CPLEX results. Gap: 50.040000, upper bound: 2742754.000000, lower bound: 1370292.516821
[INFO]:[19:41:46] CPLEX solver finished. Gap: 50.040000
[INFO]:[19:41:46] Starting CPLEX solver on instance: /home/yorig/tuner/mpils-tests/instances/miplib/medium-2/neos-4954672-berkel.mps with config: /scratch/yorig/mpils-results-grid-seconds-10-4may/medium-2/24proc/seed-2/2_neos-4954672-berkel_seed-2_20260504_191630/iterated_local_search/run_7_worker_14/ils_config_7375393058473542034.prm
[INFO]:[19:41:46] Starting CPLEX solver on instance: /home/yorig/tuner/mpils-tests/instances/miplib/medium-2/neos-4954672-berkel.mps with config: /scratch/yorig/mpils-results-grid-seconds-10-4may/medium-2/24proc/seed-2/2_neos-4954672-berkel_seed-2_20260504_191630/iterated_local_search/run_7_worker_14/ils_config_7375393058473542034.prm
[INFO]:[19:41:56] CPLEX results. Gap: 48.200000, upper bound: 2699179.000000, lower bound: 1398137.509879
[INFO]:[19:41:56] CPLEX solver finished. Gap: 48.200000
[INFO]:[19:41:56] Starting CPLEX solver on instance: /home/yorig/tuner/mpils-tests/instances/miplib/medium-2/neos-4954672-berkel.mps with config: /scratch/yorig/mpils-results-grid-seconds-10-4may/medium-2/24proc/seed-2/2_neos-4954672-berkel_seed-2_20260504_191630/iterated_local_search/run_7_worker_14/ils_config_291070543246993350.prm
[INFO]:[19:41:56] Starting CPLEX solver on instance: /home/yorig/tuner/mpils-tests/instances/miplib/medium-2/neos-4954672-berkel.mps with config: /scratch/yorig/mpils-results-grid-seconds-10-4may/medium-2/24proc/seed-2/2_neos-4954672-berkel_seed-2_20260504_191630/iterated_local_search/run_7_worker_14/ils_config_291070543246993350.prm
[INFO]:[19:42:06] CPLEX results. Gap: 46.990000, upper bound: 2667023.999959, lower bound: 1413755.103430
[INFO]:[19:42:06] CPLEX solver finished. Gap: 46.990000
[INFO]:[19:42:06] New incumbent found with objective value: 46.99
[INFO]:[19:42:07] Starting CPLEX solver on instance: /home/yorig/tuner/mpils-tests/instances/miplib/medium-2/neos-4954672-berkel.mps with config: /scratch/yorig/mpils-results-grid-seconds-10-4may/medium-2/24proc/seed-2/2_neos-4954672-berkel_seed-2_20260504_191630/iterated_local_search/run_7_worker_14/ils_config_3518297112463112698.prm
[INFO]:[19:42:07] Starting CPLEX solver on instance: /home/yorig/tuner/mpils-tests/instances/miplib/medium-2/neos-4954672-berkel.mps with config: /scratch/yorig/mpils-results-grid-seconds-10-4may/medium-2/24proc/seed-2/2_neos-4954672-berkel_seed-2_20260504_191630/iterated_local_search/run_7_worker_14/ils_config_3518297112463112698.prm
[INFO]:[19:42:17] CPLEX results. Gap: 47.800000, upper bound: 2667023.999959, lower bound: 1392113.383845
[INFO]:[19:42:17] CPLEX solver finished. Gap: 47.800000
[INFO]:[19:42:17] Starting CPLEX solver on instance: /home/yorig/tuner/mpils-tests/instances/miplib/medium-2/neos-4954672-berkel.mps with config: /scratch/yorig/mpils-results-grid-seconds-10-4may/medium-2/24proc/seed-2/2_neos-4954672-berkel_seed-2_20260504_191630/iterated_local_search/run_7_worker_14/ils_config_6844626384532201211.prm
[INFO]:[19:42:17] Starting CPLEX solver on instance: /home/yorig/tuner/mpils-tests/instances/miplib/medium-2/neos-4954672-berkel.mps with config: /scratch/yorig/mpils-results-grid-seconds-10-4may/medium-2/24proc/seed-2/2_neos-4954672-berkel_seed-2_20260504_191630/iterated_local_search/run_7_worker_14/ils_config_6844626384532201211.prm
[INFO]:[19:42:27] CPLEX results. Gap: 46.990000, upper bound: 2667023.999959, lower bound: 1413755.103430
[INFO]:[19:42:27] CPLEX solver finished. Gap: 46.990000
[INFO]:[19:42:27] Starting CPLEX solver on instance: /home/yorig/tuner/mpils-tests/instances/miplib/medium-2/neos-4954672-berkel.mps with config: /scratch/yorig/mpils-results-grid-seconds-10-4may/medium-2/24proc/seed-2/2_neos-4954672-berkel_seed-2_20260504_191630/iterated_local_search/run_7_worker_14/ils_config_2892464953929458305.prm
[INFO]:[19:42:27] Starting CPLEX solver on instance: /home/yorig/tuner/mpils-tests/instances/miplib/medium-2/neos-4954672-berkel.mps with config: /scratch/yorig/mpils-results-grid-seconds-10-4may/medium-2/24proc/seed-2/2_neos-4954672-berkel_seed-2_20260504_191630/iterated_local_search/run_7_worker_14/ils_config_2892464953929458305.prm
[INFO]:[19:42:37] CPLEX results. Gap: 47.110000, upper bound: 2692429.999987, lower bound: 1423977.602677
[INFO]:[19:42:37] CPLEX solver finished. Gap: 47.110000
[INFO]:[19:42:37] Starting CPLEX solver on instance: /home/yorig/tuner/mpils-tests/instances/miplib/medium-2/neos-4954672-berkel.mps with config: /scratch/yorig/mpils-results-grid-seconds-10-4may/medium-2/24proc/seed-2/2_neos-4954672-berkel_seed-2_20260504_191630/iterated_local_search/run_7_worker_14/ils_config_7077232014004847762.prm
[INFO]:[19:42:37] Starting CPLEX solver on instance: /home/yorig/tuner/mpils-tests/instances/miplib/medium-2/neos-4954672-berkel.mps with config: /scratch/yorig/mpils-results-grid-seconds-10-4may/medium-2/24proc/seed-2/2_neos-4954672-berkel_seed-2_20260504_191630/iterated_local_search/run_7_worker_14/ils_config_7077232014004847762.prm
[INFO]:[19:42:47] CPLEX results. Gap: 46.990000, upper bound: 2667023.999959, lower bound: 1413755.103430
[INFO]:[19:42:47] CPLEX solver finished. Gap: 46.990000
[INFO]:[19:42:47] Starting CPLEX solver on instance: /home/yorig/tuner/mpils-tests/instances/miplib/medium-2/neos-4954672-berkel.mps with config: /scratch/yorig/mpils-results-grid-seconds-10-4may/medium-2/24proc/seed-2/2_neos-4954672-berkel_seed-2_20260504_191630/iterated_local_search/run_7_worker_14/ils_config_5179412661457241425.prm
[INFO]:[19:42:47] Starting CPLEX solver on instance: /home/yorig/tuner/mpils-tests/instances/miplib/medium-2/neos-4954672-berkel.mps with config: /scratch/yorig/mpils-results-grid-seconds-10-4may/medium-2/24proc/seed-2/2_neos-4954672-berkel_seed-2_20260504_191630/iterated_local_search/run_7_worker_14/ils_config_5179412661457241425.prm
[INFO]:[19:42:57] CPLEX results. Gap: 56.620000, upper bound: 2749395.999973, lower bound: 1192771.287647
[INFO]:[19:42:57] CPLEX solver finished. Gap: 56.620000
[INFO]:[19:42:57] Starting CPLEX solver on instance: /home/yorig/tuner/mpils-tests/instances/miplib/medium-2/neos-4954672-berkel.mps with config: /scratch/yorig/mpils-results-grid-seconds-10-4may/medium-2/24proc/seed-2/2_neos-4954672-berkel_seed-2_20260504_191630/iterated_local_search/run_7_worker_14/ils_config_2012147711149795038.prm
[INFO]:[19:42:57] Starting CPLEX solver on instance: /home/yorig/tuner/mpils-tests/instances/miplib/medium-2/neos-4954672-berkel.mps with config: /scratch/yorig/mpils-results-grid-seconds-10-4may/medium-2/24proc/seed-2/2_neos-4954672-berkel_seed-2_20260504_191630/iterated_local_search/run_7_worker_14/ils_config_2012147711149795038.prm
[INFO]:[19:43:07] CPLEX results. Gap: 42.160000, upper bound: 2643318.000000, lower bound: 1528947.277258
[INFO]:[19:43:07] CPLEX solver finished. Gap: 42.160000
[INFO]:[19:43:07] New incumbent found with objective value: 42.16
[INFO]:[19:43:07] Starting CPLEX solver on instance: /home/yorig/tuner/mpils-tests/instances/miplib/medium-2/neos-4954672-berkel.mps with config: /scratch/yorig/mpils-results-grid-seconds-10-4may/medium-2/24proc/seed-2/2_neos-4954672-berkel_seed-2_20260504_191630/iterated_local_search/run_7_worker_14/ils_config_3071362222930985685.prm
[INFO]:[19:43:07] Starting CPLEX solver on instance: /home/yorig/tuner/mpils-tests/instances/miplib/medium-2/neos-4954672-berkel.mps with config: /scratch/yorig/mpils-results-grid-seconds-10-4may/medium-2/24proc/seed-2/2_neos-4954672-berkel_seed-2_20260504_191630/iterated_local_search/run_7_worker_14/ils_config_3071362222930985685.prm
[INFO]:[19:43:17] CPLEX results. Gap: 42.380000, upper bound: 2654515.999996, lower bound: 1529585.050791
[INFO]:[19:43:17] CPLEX solver finished. Gap: 42.380000
[INFO]:[19:43:17] Starting CPLEX solver on instance: /home/yorig/tuner/mpils-tests/instances/miplib/medium-2/neos-4954672-berkel.mps with config: /scratch/yorig/mpils-results-grid-seconds-10-4may/medium-2/24proc/seed-2/2_neos-4954672-berkel_seed-2_20260504_191630/iterated_local_search/run_7_worker_14/ils_config_18303107708328445438.prm
[INFO]:[19:43:17] Starting CPLEX solver on instance: /home/yorig/tuner/mpils-tests/instances/miplib/medium-2/neos-4954672-berkel.mps with config: /scratch/yorig/mpils-results-grid-seconds-10-4may/medium-2/24proc/seed-2/2_neos-4954672-berkel_seed-2_20260504_191630/iterated_local_search/run_7_worker_14/ils_config_18303107708328445438.prm
[INFO]:[19:43:27] CPLEX results. Gap: 42.500000, upper bound: 2658683.999998, lower bound: 1528696.365654
[INFO]:[19:43:27] CPLEX solver finished. Gap: 42.500000
[INFO]:[19:43:27] Starting CPLEX solver on instance: /home/yorig/tuner/mpils-tests/instances/miplib/medium-2/neos-4954672-berkel.mps with config: /scratch/yorig/mpils-results-grid-seconds-10-4may/medium-2/24proc/seed-2/2_neos-4954672-berkel_seed-2_20260504_191630/iterated_local_search/run_7_worker_14/ils_config_15942461671369450527.prm
[INFO]:[19:43:27] Starting CPLEX solver on instance: /home/yorig/tuner/mpils-tests/instances/miplib/medium-2/neos-4954672-berkel.mps with config: /scratch/yorig/mpils-results-grid-seconds-10-4may/medium-2/24proc/seed-2/2_neos-4954672-berkel_seed-2_20260504_191630/iterated_local_search/run_7_worker_14/ils_config_15942461671369450527.prm
[INFO]:[19:43:37] CPLEX results. Gap: 42.190000, upper bound: 2649403.000000, lower bound: 1531562.033436
[INFO]:[19:43:37] CPLEX solver finished. Gap: 42.190000
[INFO]:[19:43:37] Starting CPLEX solver on instance: /home/yorig/tuner/mpils-tests/instances/miplib/medium-2/neos-4954672-berkel.mps with config: /scratch/yorig/mpils-results-grid-seconds-10-4may/medium-2/24proc/seed-2/2_neos-4954672-berkel_seed-2_20260504_191630/iterated_local_search/run_7_worker_14/ils_config_9975885377383072138.prm
[INFO]:[19:43:37] Starting CPLEX solver on instance: /home/yorig/tuner/mpils-tests/instances/miplib/medium-2/neos-4954672-berkel.mps with config: /scratch/yorig/mpils-results-grid-seconds-10-4may/medium-2/24proc/seed-2/2_neos-4954672-berkel_seed-2_20260504_191630/iterated_local_search/run_7_worker_14/ils_config_9975885377383072138.prm
[INFO]:[19:43:47] CPLEX results. Gap: 51.680000, upper bound: 2623764.999985, lower bound: 1267784.898235
[INFO]:[19:43:47] CPLEX solver finished. Gap: 51.680000
[INFO]:[19:43:47] Starting CPLEX solver on instance: /home/yorig/tuner/mpils-tests/instances/miplib/medium-2/neos-4954672-berkel.mps with config: /scratch/yorig/mpils-results-grid-seconds-10-4may/medium-2/24proc/seed-2/2_neos-4954672-berkel_seed-2_20260504_191630/iterated_local_search/run_7_worker_14/ils_config_480184713959037851.prm
[INFO]:[19:43:47] Starting CPLEX solver on instance: /home/yorig/tuner/mpils-tests/instances/miplib/medium-2/neos-4954672-berkel.mps with config: /scratch/yorig/mpils-results-grid-seconds-10-4may/medium-2/24proc/seed-2/2_neos-4954672-berkel_seed-2_20260504_191630/iterated_local_search/run_7_worker_14/ils_config_480184713959037851.prm
[INFO]:[19:43:57] CPLEX results. Gap: 42.470000, upper bound: 2654497.999992, lower bound: 1527124.633357
[INFO]:[19:43:57] CPLEX solver finished. Gap: 42.470000
[INFO]:[19:43:57] Starting CPLEX solver on instance: /home/yorig/tuner/mpils-tests/instances/miplib/medium-2/neos-4954672-berkel.mps with config: /scratch/yorig/mpils-results-grid-seconds-10-4may/medium-2/24proc/seed-2/2_neos-4954672-berkel_seed-2_20260504_191630/iterated_local_search/run_7_worker_14/ils_config_4523428350703261254.prm
[INFO]:[19:43:57] Starting CPLEX solver on instance: /home/yorig/tuner/mpils-tests/instances/miplib/medium-2/neos-4954672-berkel.mps with config: /scratch/yorig/mpils-results-grid-seconds-10-4may/medium-2/24proc/seed-2/2_neos-4954672-berkel_seed-2_20260504_191630/iterated_local_search/run_7_worker_14/ils_config_4523428350703261254.prm
[INFO]:[19:44:07] CPLEX results. Gap: 39.910000, upper bound: 2617164.999994, lower bound: 1572751.655497
[INFO]:[19:44:07] CPLEX solver finished. Gap: 39.910000
[INFO]:[19:44:07] New incumbent found with objective value: 39.91
[INFO]:[19:44:07] Starting CPLEX solver on instance: /home/yorig/tuner/mpils-tests/instances/miplib/medium-2/neos-4954672-berkel.mps with config: /scratch/yorig/mpils-results-grid-seconds-10-4may/medium-2/24proc/seed-2/2_neos-4954672-berkel_seed-2_20260504_191630/iterated_local_search/run_7_worker_14/ils_config_7406960880102986381.prm
[INFO]:[19:44:07] Starting CPLEX solver on instance: /home/yorig/tuner/mpils-tests/instances/miplib/medium-2/neos-4954672-berkel.mps with config: /scratch/yorig/mpils-results-grid-seconds-10-4may/medium-2/24proc/seed-2/2_neos-4954672-berkel_seed-2_20260504_191630/iterated_local_search/run_7_worker_14/ils_config_7406960880102986381.prm
[INFO]:[19:44:17] CPLEX results. Gap: 39.950000, upper bound: 2626527.999995, lower bound: 1577169.105817
[INFO]:[19:44:17] CPLEX solver finished. Gap: 39.950000
[INFO]:[19:44:17] Local search phase completed.
[INFO]:[19:44:17] Total number of new local-search evaluations: 30
[INFO]:[19:44:17] Final incumbent objective value: 39.91
[INFO]:[19:44:21] Worker 14 completed exploration phase.
[INFO]:[19:44:21] Worker 14 received order for step 2.
[INFO]:[19:44:21] Worker 14 running expansion phase for iteration 7.
[INFO]:[19:44:21] Worker 14 will use solver log file: /scratch/yorig/mpils-results-grid-seconds-10-4may/medium-2/24proc/seed-2/2_neos-4954672-berkel_seed-2_20260504_191630/solver/cplex.log_iteration_expansion_7_worker_14
[INFO]:[19:44:21] Expansion Worker 14 starting expansion for iteration 7.
[INFO]:[19:44:21] Expansion Worker 14 completed expansion.
[INFO]:[19:44:21] Worker 14 completed expansion phase.
[INFO]:[19:44:29] Worker 14 received order for step 1.
[INFO]:[19:44:29] Worker 14 running exploration phase for iteration 8.
[INFO]:[19:44:29] Worker 14 at iteration 8 will not use a MIP start file. Current best MIP-start upper bound threshold is 1.79769e+308.
[INFO]:[19:44:29] Starting local search phase...
[INFO]:[19:44:29] Creating local search space from parameter space file: /scratch/yorig/mpils-results-grid-seconds-10-4may/medium-2/24proc/seed-2/2_neos-4954672-berkel_seed-2_20260504_191630/iterated_local_search/search_space/search_space_file_8_worker_14.txt
[INFO]:[19:44:29] Local search space loaded from file: /scratch/yorig/mpils-results-grid-seconds-10-4may/medium-2/24proc/seed-2/2_neos-4954672-berkel_seed-2_20260504_191630/iterated_local_search/search_space/search_space_file_8_worker_14.txt
[INFO]:[19:44:29] Number of parameters in local search space: 71
[INFO]:[19:44:29] Number of forbidden tuples in local search space: 188
[INFO]:[19:44:29] Number of conditionals in local search space: 6
[INFO]:[19:44:29] MIP start option not enabled. Local search will proceed without MIP start.
[INFO]:[19:44:29] Evaluating initial configuration for local search phase...
[INFO]:[19:44:29] Starting CPLEX solver on instance: /home/yorig/tuner/mpils-tests/instances/miplib/medium-2/neos-4954672-berkel.mps with config: /scratch/yorig/mpils-results-grid-seconds-10-4may/medium-2/24proc/seed-2/2_neos-4954672-berkel_seed-2_20260504_191630/iterated_local_search/run_8_worker_14/ils_config_6582960975071354134.prm
[INFO]:[19:44:29] Starting CPLEX solver on instance: /home/yorig/tuner/mpils-tests/instances/miplib/medium-2/neos-4954672-berkel.mps with config: /scratch/yorig/mpils-results-grid-seconds-10-4may/medium-2/24proc/seed-2/2_neos-4954672-berkel_seed-2_20260504_191630/iterated_local_search/run_8_worker_14/ils_config_6582960975071354134.prm
[INFO]:[19:44:31] CPLEX results. Gap: 72.890000, upper bound: 6444091.999989, lower bound: 1747069.494179
[INFO]:[19:44:31] CPLEX solver finished. Gap: 72.890000
[INFO]:[19:44:31] Initial configuration evaluated with objective value: 72.89
[INFO]:[19:44:31] Starting CPLEX solver on instance: /home/yorig/tuner/mpils-tests/instances/miplib/medium-2/neos-4954672-berkel.mps with config: /scratch/yorig/mpils-results-grid-seconds-10-4may/medium-2/24proc/seed-2/2_neos-4954672-berkel_seed-2_20260504_191630/iterated_local_search/run_8_worker_14/ils_config_8960433155062439635.prm
[INFO]:[19:44:31] Starting CPLEX solver on instance: /home/yorig/tuner/mpils-tests/instances/miplib/medium-2/neos-4954672-berkel.mps with config: /scratch/yorig/mpils-results-grid-seconds-10-4may/medium-2/24proc/seed-2/2_neos-4954672-berkel_seed-2_20260504_191630/iterated_local_search/run_8_worker_14/ils_config_8960433155062439635.prm
[INFO]:[19:44:33] CPLEX results. Gap: 67.370000, upper bound: 5149275.999913, lower bound: 1680399.885346
[INFO]:[19:44:33] CPLEX solver finished. Gap: 67.370000
[INFO]:[19:44:33] New incumbent found with objective value: 67.37
[INFO]:[19:44:33] Starting CPLEX solver on instance: /home/yorig/tuner/mpils-tests/instances/miplib/medium-2/neos-4954672-berkel.mps with config: /scratch/yorig/mpils-results-grid-seconds-10-4may/medium-2/24proc/seed-2/2_neos-4954672-berkel_seed-2_20260504_191630/iterated_local_search/run_8_worker_14/ils_config_258150804893820057.prm
[INFO]:[19:44:33] Starting CPLEX solver on instance: /home/yorig/tuner/mpils-tests/instances/miplib/medium-2/neos-4954672-berkel.mps with config: /scratch/yorig/mpils-results-grid-seconds-10-4may/medium-2/24proc/seed-2/2_neos-4954672-berkel_seed-2_20260504_191630/iterated_local_search/run_8_worker_14/ils_config_258150804893820057.prm
[INFO]:[19:44:38] CPLEX results. Gap: 44.600000, upper bound: 3206337.999979, lower bound: 1776338.161375
[INFO]:[19:44:38] CPLEX solver finished. Gap: 44.600000
[INFO]:[19:44:38] New incumbent found with objective value: 44.6
[INFO]:[19:44:38] Starting CPLEX solver on instance: /home/yorig/tuner/mpils-tests/instances/miplib/medium-2/neos-4954672-berkel.mps with config: /scratch/yorig/mpils-results-grid-seconds-10-4may/medium-2/24proc/seed-2/2_neos-4954672-berkel_seed-2_20260504_191630/iterated_local_search/run_8_worker_14/ils_config_9396755560526278738.prm
[INFO]:[19:44:38] Starting CPLEX solver on instance: /home/yorig/tuner/mpils-tests/instances/miplib/medium-2/neos-4954672-berkel.mps with config: /scratch/yorig/mpils-results-grid-seconds-10-4may/medium-2/24proc/seed-2/2_neos-4954672-berkel_seed-2_20260504_191630/iterated_local_search/run_8_worker_14/ils_config_9396755560526278738.prm
[INFO]:[19:44:42] CPLEX results. Gap: 45.230000, upper bound: 3206337.999979, lower bound: 1756054.732938
[INFO]:[19:44:42] CPLEX solver finished. Gap: 45.230000
[INFO]:[19:44:42] Starting CPLEX solver on instance: /home/yorig/tuner/mpils-tests/instances/miplib/medium-2/neos-4954672-berkel.mps with config: /scratch/yorig/mpils-results-grid-seconds-10-4may/medium-2/24proc/seed-2/2_neos-4954672-berkel_seed-2_20260504_191630/iterated_local_search/run_8_worker_14/ils_config_17520266543831222167.prm
[INFO]:[19:44:42] Starting CPLEX solver on instance: /home/yorig/tuner/mpils-tests/instances/miplib/medium-2/neos-4954672-berkel.mps with config: /scratch/yorig/mpils-results-grid-seconds-10-4may/medium-2/24proc/seed-2/2_neos-4954672-berkel_seed-2_20260504_191630/iterated_local_search/run_8_worker_14/ils_config_17520266543831222167.prm
[INFO]:[19:44:47] CPLEX results. Gap: 40.000000, upper bound: 2807891.999951, lower bound: 1684721.218465
[INFO]:[19:44:47] CPLEX solver finished. Gap: 40.000000
[INFO]:[19:44:47] New incumbent found with objective value: 40
[INFO]:[19:44:47] Starting CPLEX solver on instance: /home/yorig/tuner/mpils-tests/instances/miplib/medium-2/neos-4954672-berkel.mps with config: /scratch/yorig/mpils-results-grid-seconds-10-4may/medium-2/24proc/seed-2/2_neos-4954672-berkel_seed-2_20260504_191630/iterated_local_search/run_8_worker_14/ils_config_9347216136909276174.prm
[INFO]:[19:44:47] Starting CPLEX solver on instance: /home/yorig/tuner/mpils-tests/instances/miplib/medium-2/neos-4954672-berkel.mps with config: /scratch/yorig/mpils-results-grid-seconds-10-4may/medium-2/24proc/seed-2/2_neos-4954672-berkel_seed-2_20260504_191630/iterated_local_search/run_8_worker_14/ils_config_9347216136909276174.prm
[INFO]:[19:44:51] CPLEX results. Gap: 40.000000, upper bound: 2807891.999951, lower bound: 1684721.218465
[INFO]:[19:44:51] CPLEX solver finished. Gap: 40.000000
[INFO]:[19:44:51] Starting CPLEX solver on instance: /home/yorig/tuner/mpils-tests/instances/miplib/medium-2/neos-4954672-berkel.mps with config: /scratch/yorig/mpils-results-grid-seconds-10-4may/medium-2/24proc/seed-2/2_neos-4954672-berkel_seed-2_20260504_191630/iterated_local_search/run_8_worker_14/ils_config_1240009320343620569.prm
[INFO]:[19:44:51] Starting CPLEX solver on instance: /home/yorig/tuner/mpils-tests/instances/miplib/medium-2/neos-4954672-berkel.mps with config: /scratch/yorig/mpils-results-grid-seconds-10-4may/medium-2/24proc/seed-2/2_neos-4954672-berkel_seed-2_20260504_191630/iterated_local_search/run_8_worker_14/ils_config_1240009320343620569.prm
[INFO]:[19:44:55] CPLEX results. Gap: 40.000000, upper bound: 2807891.999951, lower bound: 1684721.218465
[INFO]:[19:44:55] CPLEX solver finished. Gap: 40.000000
[INFO]:[19:44:55] Starting CPLEX solver on instance: /home/yorig/tuner/mpils-tests/instances/miplib/medium-2/neos-4954672-berkel.mps with config: /scratch/yorig/mpils-results-grid-seconds-10-4may/medium-2/24proc/seed-2/2_neos-4954672-berkel_seed-2_20260504_191630/iterated_local_search/run_8_worker_14/ils_config_1333551000917684153.prm
[INFO]:[19:44:55] Starting CPLEX solver on instance: /home/yorig/tuner/mpils-tests/instances/miplib/medium-2/neos-4954672-berkel.mps with config: /scratch/yorig/mpils-results-grid-seconds-10-4may/medium-2/24proc/seed-2/2_neos-4954672-berkel_seed-2_20260504_191630/iterated_local_search/run_8_worker_14/ils_config_1333551000917684153.prm
[INFO]:[19:44:59] CPLEX results. Gap: 40.000000, upper bound: 2807891.999951, lower bound: 1684721.218465
[INFO]:[19:44:59] CPLEX solver finished. Gap: 40.000000
[INFO]:[19:44:59] Starting CPLEX solver on instance: /home/yorig/tuner/mpils-tests/instances/miplib/medium-2/neos-4954672-berkel.mps with config: /scratch/yorig/mpils-results-grid-seconds-10-4may/medium-2/24proc/seed-2/2_neos-4954672-berkel_seed-2_20260504_191630/iterated_local_search/run_8_worker_14/ils_config_5304997468984840962.prm
[INFO]:[19:44:59] Starting CPLEX solver on instance: /home/yorig/tuner/mpils-tests/instances/miplib/medium-2/neos-4954672-berkel.mps with config: /scratch/yorig/mpils-results-grid-seconds-10-4may/medium-2/24proc/seed-2/2_neos-4954672-berkel_seed-2_20260504_191630/iterated_local_search/run_8_worker_14/ils_config_5304997468984840962.prm
[INFO]:[19:45:04] CPLEX results. Gap: 42.860000, upper bound: 2995453.999957, lower bound: 1711546.094316
[INFO]:[19:45:04] CPLEX solver finished. Gap: 42.860000
[INFO]:[19:45:04] Local search phase completed.
[INFO]:[19:45:04] Total number of new local-search evaluations: 9
[INFO]:[19:45:04] Final incumbent objective value: 40
[INFO]:[19:46:02] Worker 14 completed exploration phase.
[INFO]:[19:46:02] Worker 14 received order for step 3.
[INFO]:[19:46:02] Worker 14 finished.
