[INFO]:[04:40:27] Worker 3 starting.
[INFO]:[04:40:27] Worker 3 received order for step 1.
[INFO]:[04:40:27] Worker 3 running exploration phase for iteration 1.
[INFO]:[04:40:27] Worker 3 at iteration 1 will not use a MIP start file. Current best MIP-start upper bound threshold is 1.79769e+308.
[INFO]:[04:40:27] Starting local search phase...
[INFO]:[04:40:27] Creating local search space from parameter space file: /scratch/yorig/mpils-results-grid-ticks-10000-7may/easy/8proc/seed-1/4_lotsize_seed-1_20260509_044026/iterated_local_search/search_space/search_space_file_1_worker_3.txt
[INFO]:[04:40:27] Local search space loaded from file: /scratch/yorig/mpils-results-grid-ticks-10000-7may/easy/8proc/seed-1/4_lotsize_seed-1_20260509_044026/iterated_local_search/search_space/search_space_file_1_worker_3.txt
[INFO]:[04:40:27] Number of parameters in local search space: 71
[INFO]:[04:40:27] Number of forbidden tuples in local search space: 0
[INFO]:[04:40:27] Number of conditionals in local search space: 6
[INFO]:[04:40:27] MIP start option not enabled. Local search will proceed without MIP start.
[INFO]:[04:40:27] Evaluating initial configuration for local search phase...
[INFO]:[04:40:27] Starting CPLEX solver on instance: /home/yorig/tuner/mpils-tests/instances/miplib/easy/lotsize.mps with config: /scratch/yorig/mpils-results-grid-ticks-10000-7may/easy/8proc/seed-1/4_lotsize_seed-1_20260509_044026/iterated_local_search/run_1_worker_3/ils_config_11565528793410549368.prm
[INFO]:[04:40:27] Starting CPLEX solver on instance: /home/yorig/tuner/mpils-tests/instances/miplib/easy/lotsize.mps with config: /scratch/yorig/mpils-results-grid-ticks-10000-7may/easy/8proc/seed-1/4_lotsize_seed-1_20260509_044026/iterated_local_search/run_1_worker_3/ils_config_11565528793410549368.prm
[INFO]:[04:40:32] CPLEX results. Gap: 31.180000, upper bound: 1898632.999995, lower bound: 1306701.109516
[INFO]:[04:40:32] CPLEX solver finished. Gap: 31.180000
[INFO]:[04:40:32] Initial configuration evaluated with objective value: 31.18
[INFO]:[04:40:32] Starting CPLEX solver on instance: /home/yorig/tuner/mpils-tests/instances/miplib/easy/lotsize.mps with config: /scratch/yorig/mpils-results-grid-ticks-10000-7may/easy/8proc/seed-1/4_lotsize_seed-1_20260509_044026/iterated_local_search/run_1_worker_3/ils_config_9397522946743369557.prm
[INFO]:[04:40:32] Starting CPLEX solver on instance: /home/yorig/tuner/mpils-tests/instances/miplib/easy/lotsize.mps with config: /scratch/yorig/mpils-results-grid-ticks-10000-7may/easy/8proc/seed-1/4_lotsize_seed-1_20260509_044026/iterated_local_search/run_1_worker_3/ils_config_9397522946743369557.prm
[INFO]:[04:40:38] CPLEX results. Gap: 31.820000, upper bound: 1910463.999995, lower bound: 1302503.291229
[INFO]:[04:40:38] CPLEX solver finished. Gap: 31.820000
[INFO]:[04:40:38] Starting CPLEX solver on instance: /home/yorig/tuner/mpils-tests/instances/miplib/easy/lotsize.mps with config: /scratch/yorig/mpils-results-grid-ticks-10000-7may/easy/8proc/seed-1/4_lotsize_seed-1_20260509_044026/iterated_local_search/run_1_worker_3/ils_config_13710408054629134346.prm
[INFO]:[04:40:38] Starting CPLEX solver on instance: /home/yorig/tuner/mpils-tests/instances/miplib/easy/lotsize.mps with config: /scratch/yorig/mpils-results-grid-ticks-10000-7may/easy/8proc/seed-1/4_lotsize_seed-1_20260509_044026/iterated_local_search/run_1_worker_3/ils_config_13710408054629134346.prm
[INFO]:[04:40:44] CPLEX results. Gap: 31.450000, upper bound: 1910463.999995, lower bound: 1309536.282339
[INFO]:[04:40:44] CPLEX solver finished. Gap: 31.450000
[INFO]:[04:40:44] Starting CPLEX solver on instance: /home/yorig/tuner/mpils-tests/instances/miplib/easy/lotsize.mps with config: /scratch/yorig/mpils-results-grid-ticks-10000-7may/easy/8proc/seed-1/4_lotsize_seed-1_20260509_044026/iterated_local_search/run_1_worker_3/ils_config_2748598918444556601.prm
[INFO]:[04:40:44] Starting CPLEX solver on instance: /home/yorig/tuner/mpils-tests/instances/miplib/easy/lotsize.mps with config: /scratch/yorig/mpils-results-grid-ticks-10000-7may/easy/8proc/seed-1/4_lotsize_seed-1_20260509_044026/iterated_local_search/run_1_worker_3/ils_config_2748598918444556601.prm
[INFO]:[04:40:49] CPLEX results. Gap: 31.180000, upper bound: 1898632.999995, lower bound: 1306701.109516
[INFO]:[04:40:49] CPLEX solver finished. Gap: 31.180000
[INFO]:[04:40:50] Starting CPLEX solver on instance: /home/yorig/tuner/mpils-tests/instances/miplib/easy/lotsize.mps with config: /scratch/yorig/mpils-results-grid-ticks-10000-7may/easy/8proc/seed-1/4_lotsize_seed-1_20260509_044026/iterated_local_search/run_1_worker_3/ils_config_1958950036889164730.prm
[INFO]:[04:40:50] Starting CPLEX solver on instance: /home/yorig/tuner/mpils-tests/instances/miplib/easy/lotsize.mps with config: /scratch/yorig/mpils-results-grid-ticks-10000-7may/easy/8proc/seed-1/4_lotsize_seed-1_20260509_044026/iterated_local_search/run_1_worker_3/ils_config_1958950036889164730.prm
[INFO]:[04:40:55] CPLEX results. Gap: 31.230000, upper bound: 1898632.999995, lower bound: 1305680.074373
[INFO]:[04:40:55] CPLEX solver finished. Gap: 31.230000
[INFO]:[04:40:55] Starting CPLEX solver on instance: /home/yorig/tuner/mpils-tests/instances/miplib/easy/lotsize.mps with config: /scratch/yorig/mpils-results-grid-ticks-10000-7may/easy/8proc/seed-1/4_lotsize_seed-1_20260509_044026/iterated_local_search/run_1_worker_3/ils_config_2533709451826991416.prm
[INFO]:[04:40:55] Starting CPLEX solver on instance: /home/yorig/tuner/mpils-tests/instances/miplib/easy/lotsize.mps with config: /scratch/yorig/mpils-results-grid-ticks-10000-7may/easy/8proc/seed-1/4_lotsize_seed-1_20260509_044026/iterated_local_search/run_1_worker_3/ils_config_2533709451826991416.prm
[INFO]:[04:41:01] CPLEX results. Gap: 31.170000, upper bound: 1910062.999995, lower bound: 1314730.770944
[INFO]:[04:41:01] CPLEX solver finished. Gap: 31.170000
[INFO]:[04:41:01] New incumbent found with objective value: 31.17
[INFO]:[04:41:01] Starting CPLEX solver on instance: /home/yorig/tuner/mpils-tests/instances/miplib/easy/lotsize.mps with config: /scratch/yorig/mpils-results-grid-ticks-10000-7may/easy/8proc/seed-1/4_lotsize_seed-1_20260509_044026/iterated_local_search/run_1_worker_3/ils_config_5166722563387173272.prm
[INFO]:[04:41:01] Starting CPLEX solver on instance: /home/yorig/tuner/mpils-tests/instances/miplib/easy/lotsize.mps with config: /scratch/yorig/mpils-results-grid-ticks-10000-7may/easy/8proc/seed-1/4_lotsize_seed-1_20260509_044026/iterated_local_search/run_1_worker_3/ils_config_5166722563387173272.prm
[INFO]:[04:41:06] CPLEX results. Gap: 31.360000, upper bound: 1914340.999994, lower bound: 1314001.035671
[INFO]:[04:41:06] CPLEX solver finished. Gap: 31.360000
[INFO]:[04:41:06] Starting CPLEX solver on instance: /home/yorig/tuner/mpils-tests/instances/miplib/easy/lotsize.mps with config: /scratch/yorig/mpils-results-grid-ticks-10000-7may/easy/8proc/seed-1/4_lotsize_seed-1_20260509_044026/iterated_local_search/run_1_worker_3/ils_config_1580696725337345597.prm
[INFO]:[04:41:06] Starting CPLEX solver on instance: /home/yorig/tuner/mpils-tests/instances/miplib/easy/lotsize.mps with config: /scratch/yorig/mpils-results-grid-ticks-10000-7may/easy/8proc/seed-1/4_lotsize_seed-1_20260509_044026/iterated_local_search/run_1_worker_3/ils_config_1580696725337345597.prm
[INFO]:[04:41:12] CPLEX results. Gap: 31.170000, upper bound: 1910062.999995, lower bound: 1314730.770944
[INFO]:[04:41:12] CPLEX solver finished. Gap: 31.170000
[INFO]:[04:41:12] Starting CPLEX solver on instance: /home/yorig/tuner/mpils-tests/instances/miplib/easy/lotsize.mps with config: /scratch/yorig/mpils-results-grid-ticks-10000-7may/easy/8proc/seed-1/4_lotsize_seed-1_20260509_044026/iterated_local_search/run_1_worker_3/ils_config_14958651940687767845.prm
[INFO]:[04:41:12] Starting CPLEX solver on instance: /home/yorig/tuner/mpils-tests/instances/miplib/easy/lotsize.mps with config: /scratch/yorig/mpils-results-grid-ticks-10000-7may/easy/8proc/seed-1/4_lotsize_seed-1_20260509_044026/iterated_local_search/run_1_worker_3/ils_config_14958651940687767845.prm
[INFO]:[04:41:19] CPLEX results. Gap: 20.120000, upper bound: 1614918.000000, lower bound: 1289933.847259
[INFO]:[04:41:19] CPLEX solver finished. Gap: 20.120000
[INFO]:[04:41:19] New incumbent found with objective value: 20.12
[INFO]:[04:41:19] Starting CPLEX solver on instance: /home/yorig/tuner/mpils-tests/instances/miplib/easy/lotsize.mps with config: /scratch/yorig/mpils-results-grid-ticks-10000-7may/easy/8proc/seed-1/4_lotsize_seed-1_20260509_044026/iterated_local_search/run_1_worker_3/ils_config_16744409636106099034.prm
[INFO]:[04:41:19] Starting CPLEX solver on instance: /home/yorig/tuner/mpils-tests/instances/miplib/easy/lotsize.mps with config: /scratch/yorig/mpils-results-grid-ticks-10000-7may/easy/8proc/seed-1/4_lotsize_seed-1_20260509_044026/iterated_local_search/run_1_worker_3/ils_config_16744409636106099034.prm
[INFO]:[04:41:26] CPLEX results. Gap: 22.580000, upper bound: 1678044.000000, lower bound: 1299139.120642
[INFO]:[04:41:26] CPLEX solver finished. Gap: 22.580000
[INFO]:[04:41:26] Starting CPLEX solver on instance: /home/yorig/tuner/mpils-tests/instances/miplib/easy/lotsize.mps with config: /scratch/yorig/mpils-results-grid-ticks-10000-7may/easy/8proc/seed-1/4_lotsize_seed-1_20260509_044026/iterated_local_search/run_1_worker_3/ils_config_11764807147730977216.prm
[INFO]:[04:41:26] Starting CPLEX solver on instance: /home/yorig/tuner/mpils-tests/instances/miplib/easy/lotsize.mps with config: /scratch/yorig/mpils-results-grid-ticks-10000-7may/easy/8proc/seed-1/4_lotsize_seed-1_20260509_044026/iterated_local_search/run_1_worker_3/ils_config_11764807147730977216.prm
[INFO]:[04:41:34] CPLEX results. Gap: 18.260000, upper bound: 1559524.000000, lower bound: 1274687.785304
[INFO]:[04:41:34] CPLEX solver finished. Gap: 18.260000
[INFO]:[04:41:34] New incumbent found with objective value: 18.26
[INFO]:[04:41:34] Starting CPLEX solver on instance: /home/yorig/tuner/mpils-tests/instances/miplib/easy/lotsize.mps with config: /scratch/yorig/mpils-results-grid-ticks-10000-7may/easy/8proc/seed-1/4_lotsize_seed-1_20260509_044026/iterated_local_search/run_1_worker_3/ils_config_11634189101377155713.prm
[INFO]:[04:41:34] Starting CPLEX solver on instance: /home/yorig/tuner/mpils-tests/instances/miplib/easy/lotsize.mps with config: /scratch/yorig/mpils-results-grid-ticks-10000-7may/easy/8proc/seed-1/4_lotsize_seed-1_20260509_044026/iterated_local_search/run_1_worker_3/ils_config_11634189101377155713.prm
[INFO]:[04:41:41] CPLEX results. Gap: 24.520000, upper bound: 1722290.000000, lower bound: 1299952.274991
[INFO]:[04:41:41] CPLEX solver finished. Gap: 24.520000
[INFO]:[04:41:41] Starting CPLEX solver on instance: /home/yorig/tuner/mpils-tests/instances/miplib/easy/lotsize.mps with config: /scratch/yorig/mpils-results-grid-ticks-10000-7may/easy/8proc/seed-1/4_lotsize_seed-1_20260509_044026/iterated_local_search/run_1_worker_3/ils_config_3159881194921594461.prm
[INFO]:[04:41:41] Starting CPLEX solver on instance: /home/yorig/tuner/mpils-tests/instances/miplib/easy/lotsize.mps with config: /scratch/yorig/mpils-results-grid-ticks-10000-7may/easy/8proc/seed-1/4_lotsize_seed-1_20260509_044026/iterated_local_search/run_1_worker_3/ils_config_3159881194921594461.prm
[INFO]:[04:41:47] CPLEX results. Gap: 33.210000, upper bound: 1940615.000000, lower bound: 1296180.951233
[INFO]:[04:41:47] CPLEX solver finished. Gap: 33.210000
[INFO]:[04:41:47] Starting CPLEX solver on instance: /home/yorig/tuner/mpils-tests/instances/miplib/easy/lotsize.mps with config: /scratch/yorig/mpils-results-grid-ticks-10000-7may/easy/8proc/seed-1/4_lotsize_seed-1_20260509_044026/iterated_local_search/run_1_worker_3/ils_config_2555090732300018361.prm
[INFO]:[04:41:47] Starting CPLEX solver on instance: /home/yorig/tuner/mpils-tests/instances/miplib/easy/lotsize.mps with config: /scratch/yorig/mpils-results-grid-ticks-10000-7may/easy/8proc/seed-1/4_lotsize_seed-1_20260509_044026/iterated_local_search/run_1_worker_3/ils_config_2555090732300018361.prm
[INFO]:[04:41:54] CPLEX results. Gap: 22.130000, upper bound: 1620284.000000, lower bound: 1261668.149000
[INFO]:[04:41:54] CPLEX solver finished. Gap: 22.130000
[INFO]:[04:41:54] Starting CPLEX solver on instance: /home/yorig/tuner/mpils-tests/instances/miplib/easy/lotsize.mps with config: /scratch/yorig/mpils-results-grid-ticks-10000-7may/easy/8proc/seed-1/4_lotsize_seed-1_20260509_044026/iterated_local_search/run_1_worker_3/ils_config_13690583343775392103.prm
[INFO]:[04:41:54] Starting CPLEX solver on instance: /home/yorig/tuner/mpils-tests/instances/miplib/easy/lotsize.mps with config: /scratch/yorig/mpils-results-grid-ticks-10000-7may/easy/8proc/seed-1/4_lotsize_seed-1_20260509_044026/iterated_local_search/run_1_worker_3/ils_config_13690583343775392103.prm
[INFO]:[04:42:02] CPLEX results. Gap: 18.260000, upper bound: 1559524.000000, lower bound: 1274687.785304
[INFO]:[04:42:02] CPLEX solver finished. Gap: 18.260000
[INFO]:[04:42:02] Starting CPLEX solver on instance: /home/yorig/tuner/mpils-tests/instances/miplib/easy/lotsize.mps with config: /scratch/yorig/mpils-results-grid-ticks-10000-7may/easy/8proc/seed-1/4_lotsize_seed-1_20260509_044026/iterated_local_search/run_1_worker_3/ils_config_7894455331636600541.prm
[INFO]:[04:42:02] Starting CPLEX solver on instance: /home/yorig/tuner/mpils-tests/instances/miplib/easy/lotsize.mps with config: /scratch/yorig/mpils-results-grid-ticks-10000-7may/easy/8proc/seed-1/4_lotsize_seed-1_20260509_044026/iterated_local_search/run_1_worker_3/ils_config_7894455331636600541.prm
[INFO]:[04:42:10] CPLEX results. Gap: 18.260000, upper bound: 1558557.000000, lower bound: 1273902.527932
[INFO]:[04:42:10] CPLEX solver finished. Gap: 18.260000
[INFO]:[04:42:10] Starting CPLEX solver on instance: /home/yorig/tuner/mpils-tests/instances/miplib/easy/lotsize.mps with config: /scratch/yorig/mpils-results-grid-ticks-10000-7may/easy/8proc/seed-1/4_lotsize_seed-1_20260509_044026/iterated_local_search/run_1_worker_3/ils_config_14791428371158116548.prm
[INFO]:[04:42:10] Starting CPLEX solver on instance: /home/yorig/tuner/mpils-tests/instances/miplib/easy/lotsize.mps with config: /scratch/yorig/mpils-results-grid-ticks-10000-7may/easy/8proc/seed-1/4_lotsize_seed-1_20260509_044026/iterated_local_search/run_1_worker_3/ils_config_14791428371158116548.prm
[INFO]:[04:42:18] CPLEX results. Gap: 18.260000, upper bound: 1559524.000000, lower bound: 1274687.785304
[INFO]:[04:42:18] CPLEX solver finished. Gap: 18.260000
[INFO]:[04:42:18] Starting CPLEX solver on instance: /home/yorig/tuner/mpils-tests/instances/miplib/easy/lotsize.mps with config: /scratch/yorig/mpils-results-grid-ticks-10000-7may/easy/8proc/seed-1/4_lotsize_seed-1_20260509_044026/iterated_local_search/run_1_worker_3/ils_config_9050611768762475966.prm
[INFO]:[04:42:18] Starting CPLEX solver on instance: /home/yorig/tuner/mpils-tests/instances/miplib/easy/lotsize.mps with config: /scratch/yorig/mpils-results-grid-ticks-10000-7may/easy/8proc/seed-1/4_lotsize_seed-1_20260509_044026/iterated_local_search/run_1_worker_3/ils_config_9050611768762475966.prm
[INFO]:[04:42:24] CPLEX results. Gap: 18.280000, upper bound: 1524560.000000, lower bound: 1245840.059561
[INFO]:[04:42:24] CPLEX solver finished. Gap: 18.280000
[INFO]:[04:42:24] Starting CPLEX solver on instance: /home/yorig/tuner/mpils-tests/instances/miplib/easy/lotsize.mps with config: /scratch/yorig/mpils-results-grid-ticks-10000-7may/easy/8proc/seed-1/4_lotsize_seed-1_20260509_044026/iterated_local_search/run_1_worker_3/ils_config_3407008119778239194.prm
[INFO]:[04:42:24] Starting CPLEX solver on instance: /home/yorig/tuner/mpils-tests/instances/miplib/easy/lotsize.mps with config: /scratch/yorig/mpils-results-grid-ticks-10000-7may/easy/8proc/seed-1/4_lotsize_seed-1_20260509_044026/iterated_local_search/run_1_worker_3/ils_config_3407008119778239194.prm
[INFO]:[04:42:33] CPLEX results. Gap: 19.890000, upper bound: 1530392.000000, lower bound: 1225986.949533
[INFO]:[04:42:33] CPLEX solver finished. Gap: 19.890000
[INFO]:[04:42:33] Starting CPLEX solver on instance: /home/yorig/tuner/mpils-tests/instances/miplib/easy/lotsize.mps with config: /scratch/yorig/mpils-results-grid-ticks-10000-7may/easy/8proc/seed-1/4_lotsize_seed-1_20260509_044026/iterated_local_search/run_1_worker_3/ils_config_10852214837927063871.prm
[INFO]:[04:42:33] Starting CPLEX solver on instance: /home/yorig/tuner/mpils-tests/instances/miplib/easy/lotsize.mps with config: /scratch/yorig/mpils-results-grid-ticks-10000-7may/easy/8proc/seed-1/4_lotsize_seed-1_20260509_044026/iterated_local_search/run_1_worker_3/ils_config_10852214837927063871.prm
[INFO]:[04:42:38] CPLEX results. Gap: 30.980000, upper bound: 1921085.999995, lower bound: 1326003.687148
[INFO]:[04:42:38] CPLEX solver finished. Gap: 30.980000
[INFO]:[04:42:38] Local search phase completed.
[INFO]:[04:42:38] Total number of new local-search evaluations: 20
[INFO]:[04:42:38] Final incumbent objective value: 18.26
[INFO]:[04:42:42] Worker 3 completed exploration phase.
[INFO]:[04:42:42] Worker 3 received order for step 2.
[INFO]:[04:42:42] Worker 3 running expansion phase for iteration 1.
[INFO]:[04:42:42] Worker 3 will use solver log file: /scratch/yorig/mpils-results-grid-ticks-10000-7may/easy/8proc/seed-1/4_lotsize_seed-1_20260509_044026/solver/cplex.log_iteration_expansion_1_worker_3
[INFO]:[04:42:42] Expansion Worker 3 starting expansion for iteration 1.
[INFO]:[04:42:42] Starting CPLEX solver on instance: /home/yorig/tuner/mpils-tests/instances/miplib/easy/lotsize.mps with config: /scratch/yorig/mpils-results-grid-ticks-10000-7may/easy/8proc/seed-1/4_lotsize_seed-1_20260509_044026/expansion/config_param_CPXPARAM_MIP_Strategy_Probe_3_iter_1.prm
[INFO]:[04:42:48] CPLEX results. Gap: 14.050000, upper bound: 1562462.000000, lower bound: 1342924.059876
[INFO]:[04:42:48] CPLEX solver finished. Gap: 14.050000
[INFO]:[04:42:48] Expansion Worker 3 found an improving configuration with objective value 14.05.
[INFO]:[04:42:49] Expansion Worker 3 stopping early after global MPI expansion stop was activated.
[INFO]:[04:42:49] Expansion Worker 3 completed expansion.
[INFO]:[04:42:49] Worker 3 completed expansion phase.
[INFO]:[04:42:49] Worker 3 received order for step 1.
[INFO]:[04:42:49] Worker 3 running exploration phase for iteration 2.
[INFO]:[04:42:49] Worker 3 at iteration 2 will not use a MIP start file. Current best MIP-start upper bound threshold is 1.79769e+308.
[INFO]:[04:42:49] Starting local search phase...
[INFO]:[04:42:49] Creating local search space from parameter space file: /scratch/yorig/mpils-results-grid-ticks-10000-7may/easy/8proc/seed-1/4_lotsize_seed-1_20260509_044026/iterated_local_search/search_space/search_space_file_2_worker_3.txt
[INFO]:[04:42:49] Local search space loaded from file: /scratch/yorig/mpils-results-grid-ticks-10000-7may/easy/8proc/seed-1/4_lotsize_seed-1_20260509_044026/iterated_local_search/search_space/search_space_file_2_worker_3.txt
[INFO]:[04:42:49] Number of parameters in local search space: 71
[INFO]:[04:42:49] Number of forbidden tuples in local search space: 24
[INFO]:[04:42:49] Number of conditionals in local search space: 6
[INFO]:[04:42:49] MIP start option not enabled. Local search will proceed without MIP start.
[INFO]:[04:42:49] Evaluating initial configuration for local search phase...
[INFO]:[04:42:49] Starting CPLEX solver on instance: /home/yorig/tuner/mpils-tests/instances/miplib/easy/lotsize.mps with config: /scratch/yorig/mpils-results-grid-ticks-10000-7may/easy/8proc/seed-1/4_lotsize_seed-1_20260509_044026/iterated_local_search/run_2_worker_3/ils_config_17069279307650388132.prm
[INFO]:[04:42:49] Starting CPLEX solver on instance: /home/yorig/tuner/mpils-tests/instances/miplib/easy/lotsize.mps with config: /scratch/yorig/mpils-results-grid-ticks-10000-7may/easy/8proc/seed-1/4_lotsize_seed-1_20260509_044026/iterated_local_search/run_2_worker_3/ils_config_17069279307650388132.prm
[INFO]:[04:42:54] CPLEX results. Gap: 39.570000, upper bound: 1956863.999995, lower bound: 1182600.700781
[INFO]:[04:42:54] CPLEX solver finished. Gap: 39.570000
[INFO]:[04:42:54] Initial configuration evaluated with objective value: 39.57
[INFO]:[04:42:54] Starting CPLEX solver on instance: /home/yorig/tuner/mpils-tests/instances/miplib/easy/lotsize.mps with config: /scratch/yorig/mpils-results-grid-ticks-10000-7may/easy/8proc/seed-1/4_lotsize_seed-1_20260509_044026/iterated_local_search/run_2_worker_3/ils_config_996413353681532631.prm
[INFO]:[04:42:54] Starting CPLEX solver on instance: /home/yorig/tuner/mpils-tests/instances/miplib/easy/lotsize.mps with config: /scratch/yorig/mpils-results-grid-ticks-10000-7may/easy/8proc/seed-1/4_lotsize_seed-1_20260509_044026/iterated_local_search/run_2_worker_3/ils_config_996413353681532631.prm
[INFO]:[04:42:59] CPLEX results. Gap: 36.990000, upper bound: 1897728.999995, lower bound: 1195691.048197
[INFO]:[04:42:59] CPLEX solver finished. Gap: 36.990000
[INFO]:[04:42:59] New incumbent found with objective value: 36.99
[INFO]:[04:42:59] Starting CPLEX solver on instance: /home/yorig/tuner/mpils-tests/instances/miplib/easy/lotsize.mps with config: /scratch/yorig/mpils-results-grid-ticks-10000-7may/easy/8proc/seed-1/4_lotsize_seed-1_20260509_044026/iterated_local_search/run_2_worker_3/ils_config_11335859403575821481.prm
[INFO]:[04:42:59] Starting CPLEX solver on instance: /home/yorig/tuner/mpils-tests/instances/miplib/easy/lotsize.mps with config: /scratch/yorig/mpils-results-grid-ticks-10000-7may/easy/8proc/seed-1/4_lotsize_seed-1_20260509_044026/iterated_local_search/run_2_worker_3/ils_config_11335859403575821481.prm
[INFO]:[04:43:05] CPLEX results. Gap: 39.200000, upper bound: 1966951.999995, lower bound: 1195909.692498
[INFO]:[04:43:05] CPLEX solver finished. Gap: 39.200000
[INFO]:[04:43:05] Starting CPLEX solver on instance: /home/yorig/tuner/mpils-tests/instances/miplib/easy/lotsize.mps with config: /scratch/yorig/mpils-results-grid-ticks-10000-7may/easy/8proc/seed-1/4_lotsize_seed-1_20260509_044026/iterated_local_search/run_2_worker_3/ils_config_15589970378816195213.prm
[INFO]:[04:43:05] Starting CPLEX solver on instance: /home/yorig/tuner/mpils-tests/instances/miplib/easy/lotsize.mps with config: /scratch/yorig/mpils-results-grid-ticks-10000-7may/easy/8proc/seed-1/4_lotsize_seed-1_20260509_044026/iterated_local_search/run_2_worker_3/ils_config_15589970378816195213.prm
[INFO]:[04:43:10] CPLEX results. Gap: 40.770000, upper bound: 1992701.999995, lower bound: 1180310.159572
[INFO]:[04:43:10] CPLEX solver finished. Gap: 40.770000
[INFO]:[04:43:10] Starting CPLEX solver on instance: /home/yorig/tuner/mpils-tests/instances/miplib/easy/lotsize.mps with config: /scratch/yorig/mpils-results-grid-ticks-10000-7may/easy/8proc/seed-1/4_lotsize_seed-1_20260509_044026/iterated_local_search/run_2_worker_3/ils_config_16670262888339753978.prm
[INFO]:[04:43:10] Starting CPLEX solver on instance: /home/yorig/tuner/mpils-tests/instances/miplib/easy/lotsize.mps with config: /scratch/yorig/mpils-results-grid-ticks-10000-7may/easy/8proc/seed-1/4_lotsize_seed-1_20260509_044026/iterated_local_search/run_2_worker_3/ils_config_16670262888339753978.prm
[INFO]:[04:43:16] CPLEX results. Gap: 38.720000, upper bound: 1939908.999995, lower bound: 1188733.469127
[INFO]:[04:43:16] CPLEX solver finished. Gap: 38.720000
[INFO]:[04:43:16] Local search phase completed.
[INFO]:[04:43:16] Total number of new local-search evaluations: 5
[INFO]:[04:43:16] Final incumbent objective value: 36.99
[INFO]:[04:43:25] Worker 3 completed exploration phase.
[INFO]:[04:43:26] Worker 3 received order for step 2.
[INFO]:[04:43:26] Worker 3 running expansion phase for iteration 2.
[INFO]:[04:43:26] Worker 3 will use solver log file: /scratch/yorig/mpils-results-grid-ticks-10000-7may/easy/8proc/seed-1/4_lotsize_seed-1_20260509_044026/solver/cplex.log_iteration_expansion_2_worker_3
[INFO]:[04:43:26] Expansion Worker 3 starting expansion for iteration 2.
[INFO]:[04:43:26] Starting CPLEX solver on instance: /home/yorig/tuner/mpils-tests/instances/miplib/easy/lotsize.mps with config: /scratch/yorig/mpils-results-grid-ticks-10000-7may/easy/8proc/seed-1/4_lotsize_seed-1_20260509_044026/expansion/config_param_CPXPARAM_MIP_Cuts_Covers_3_iter_2.prm
[INFO]:[04:43:32] CPLEX results. Gap: 14.310000, upper bound: 1516209.000000, lower bound: 1299300.081125
[INFO]:[04:43:32] CPLEX solver finished. Gap: 14.310000
[INFO]:[04:43:34] Expansion Worker 3 stopping early after global MPI expansion stop was activated.
[INFO]:[04:43:34] Expansion Worker 3 completed expansion.
[INFO]:[04:43:34] Worker 3 completed expansion phase.
[INFO]:[04:43:34] Worker 3 received order for step 1.
[INFO]:[04:43:34] Worker 3 running exploration phase for iteration 3.
[INFO]:[04:43:34] Worker 3 at iteration 3 will not use a MIP start file. Current best MIP-start upper bound threshold is 1.79769e+308.
[INFO]:[04:43:34] Starting local search phase...
[INFO]:[04:43:34] Creating local search space from parameter space file: /scratch/yorig/mpils-results-grid-ticks-10000-7may/easy/8proc/seed-1/4_lotsize_seed-1_20260509_044026/iterated_local_search/search_space/search_space_file_3_worker_3.txt
[INFO]:[04:43:34] Local search space loaded from file: /scratch/yorig/mpils-results-grid-ticks-10000-7may/easy/8proc/seed-1/4_lotsize_seed-1_20260509_044026/iterated_local_search/search_space/search_space_file_3_worker_3.txt
[INFO]:[04:43:34] Number of parameters in local search space: 71
[INFO]:[04:43:34] Number of forbidden tuples in local search space: 48
[INFO]:[04:43:34] Number of conditionals in local search space: 6
[INFO]:[04:43:34] MIP start option not enabled. Local search will proceed without MIP start.
[INFO]:[04:43:34] Evaluating initial configuration for local search phase...
[INFO]:[04:43:34] Starting CPLEX solver on instance: /home/yorig/tuner/mpils-tests/instances/miplib/easy/lotsize.mps with config: /scratch/yorig/mpils-results-grid-ticks-10000-7may/easy/8proc/seed-1/4_lotsize_seed-1_20260509_044026/iterated_local_search/run_3_worker_3/ils_config_18355589013666457903.prm
[INFO]:[04:43:34] Starting CPLEX solver on instance: /home/yorig/tuner/mpils-tests/instances/miplib/easy/lotsize.mps with config: /scratch/yorig/mpils-results-grid-ticks-10000-7may/easy/8proc/seed-1/4_lotsize_seed-1_20260509_044026/iterated_local_search/run_3_worker_3/ils_config_18355589013666457903.prm
[INFO]:[04:43:40] CPLEX results. Gap: 39.960000, upper bound: 1971261.999995, lower bound: 1183533.393145
[INFO]:[04:43:40] CPLEX solver finished. Gap: 39.960000
[INFO]:[04:43:40] Initial configuration evaluated with objective value: 39.96
[INFO]:[04:43:40] Starting CPLEX solver on instance: /home/yorig/tuner/mpils-tests/instances/miplib/easy/lotsize.mps with config: /scratch/yorig/mpils-results-grid-ticks-10000-7may/easy/8proc/seed-1/4_lotsize_seed-1_20260509_044026/iterated_local_search/run_3_worker_3/ils_config_7681954283419039628.prm
[INFO]:[04:43:40] Starting CPLEX solver on instance: /home/yorig/tuner/mpils-tests/instances/miplib/easy/lotsize.mps with config: /scratch/yorig/mpils-results-grid-ticks-10000-7may/easy/8proc/seed-1/4_lotsize_seed-1_20260509_044026/iterated_local_search/run_3_worker_3/ils_config_7681954283419039628.prm
[INFO]:[04:43:45] CPLEX results. Gap: 39.170000, upper bound: 1958049.999994, lower bound: 1191069.547272
[INFO]:[04:43:45] CPLEX solver finished. Gap: 39.170000
[INFO]:[04:43:45] New incumbent found with objective value: 39.17
[INFO]:[04:43:45] Starting CPLEX solver on instance: /home/yorig/tuner/mpils-tests/instances/miplib/easy/lotsize.mps with config: /scratch/yorig/mpils-results-grid-ticks-10000-7may/easy/8proc/seed-1/4_lotsize_seed-1_20260509_044026/iterated_local_search/run_3_worker_3/ils_config_15608746231492836261.prm
[INFO]:[04:43:45] Starting CPLEX solver on instance: /home/yorig/tuner/mpils-tests/instances/miplib/easy/lotsize.mps with config: /scratch/yorig/mpils-results-grid-ticks-10000-7may/easy/8proc/seed-1/4_lotsize_seed-1_20260509_044026/iterated_local_search/run_3_worker_3/ils_config_15608746231492836261.prm
[INFO]:[04:43:50] CPLEX results. Gap: 40.630000, upper bound: 2011643.999995, lower bound: 1194212.534055
[INFO]:[04:43:50] CPLEX solver finished. Gap: 40.630000
[INFO]:[04:43:50] Starting CPLEX solver on instance: /home/yorig/tuner/mpils-tests/instances/miplib/easy/lotsize.mps with config: /scratch/yorig/mpils-results-grid-ticks-10000-7may/easy/8proc/seed-1/4_lotsize_seed-1_20260509_044026/iterated_local_search/run_3_worker_3/ils_config_15070665230009412844.prm
[INFO]:[04:43:50] Starting CPLEX solver on instance: /home/yorig/tuner/mpils-tests/instances/miplib/easy/lotsize.mps with config: /scratch/yorig/mpils-results-grid-ticks-10000-7may/easy/8proc/seed-1/4_lotsize_seed-1_20260509_044026/iterated_local_search/run_3_worker_3/ils_config_15070665230009412844.prm
[INFO]:[04:43:56] CPLEX results. Gap: 40.400000, upper bound: 1982495.999995, lower bound: 1181595.615112
[INFO]:[04:43:56] CPLEX solver finished. Gap: 40.400000
[INFO]:[04:43:56] Starting CPLEX solver on instance: /home/yorig/tuner/mpils-tests/instances/miplib/easy/lotsize.mps with config: /scratch/yorig/mpils-results-grid-ticks-10000-7may/easy/8proc/seed-1/4_lotsize_seed-1_20260509_044026/iterated_local_search/run_3_worker_3/ils_config_9588081692390504729.prm
[INFO]:[04:43:56] Starting CPLEX solver on instance: /home/yorig/tuner/mpils-tests/instances/miplib/easy/lotsize.mps with config: /scratch/yorig/mpils-results-grid-ticks-10000-7may/easy/8proc/seed-1/4_lotsize_seed-1_20260509_044026/iterated_local_search/run_3_worker_3/ils_config_9588081692390504729.prm
[INFO]:[04:44:01] CPLEX results. Gap: 39.170000, upper bound: 1958049.999994, lower bound: 1191069.547272
[INFO]:[04:44:01] CPLEX solver finished. Gap: 39.170000
[INFO]:[04:44:01] Local search phase completed.
[INFO]:[04:44:01] Total number of new local-search evaluations: 5
[INFO]:[04:44:01] Final incumbent objective value: 39.17
[INFO]:[04:44:13] Worker 3 completed exploration phase.
[INFO]:[04:44:13] Worker 3 received order for step 2.
[INFO]:[04:44:13] Worker 3 running expansion phase for iteration 3.
[INFO]:[04:44:13] Worker 3 will use solver log file: /scratch/yorig/mpils-results-grid-ticks-10000-7may/easy/8proc/seed-1/4_lotsize_seed-1_20260509_044026/solver/cplex.log_iteration_expansion_3_worker_3
[INFO]:[04:44:13] Expansion Worker 3 starting expansion for iteration 3.
[INFO]:[04:44:13] Starting CPLEX solver on instance: /home/yorig/tuner/mpils-tests/instances/miplib/easy/lotsize.mps with config: /scratch/yorig/mpils-results-grid-ticks-10000-7may/easy/8proc/seed-1/4_lotsize_seed-1_20260509_044026/expansion/config_param_CPXPARAM_MIP_Strategy_VariableSelect_3_iter_3.prm
[INFO]:[04:44:19] CPLEX results. Gap: 87.310000, upper bound: 7916314.000000, lower bound: 1004906.684353
[INFO]:[04:44:19] CPLEX solver finished. Gap: 87.310000
[INFO]:[04:44:21] Starting CPLEX solver on instance: /home/yorig/tuner/mpils-tests/instances/miplib/easy/lotsize.mps with config: /scratch/yorig/mpils-results-grid-ticks-10000-7may/easy/8proc/seed-1/4_lotsize_seed-1_20260509_044026/expansion/config_param_CPXPARAM_MIP_Limits_ProbeTime_0_iter_3.prm
[INFO]:[04:44:28] CPLEX results. Gap: 13.560000, upper bound: 1525678.000000, lower bound: 1318791.090041
[INFO]:[04:44:28] CPLEX solver finished. Gap: 13.560000
[INFO]:[04:44:29] Starting CPLEX solver on instance: /home/yorig/tuner/mpils-tests/instances/miplib/easy/lotsize.mps with config: /scratch/yorig/mpils-results-grid-ticks-10000-7may/easy/8proc/seed-1/4_lotsize_seed-1_20260509_044026/expansion/config_param_CPXPARAM_MIP_Limits_ProbeTime_50_iter_3.prm
[INFO]:[04:44:37] CPLEX results. Gap: 13.560000, upper bound: 1525678.000000, lower bound: 1318791.090041
[INFO]:[04:44:37] CPLEX solver finished. Gap: 13.560000
[INFO]:[04:44:37] Starting CPLEX solver on instance: /home/yorig/tuner/mpils-tests/instances/miplib/easy/lotsize.mps with config: /scratch/yorig/mpils-results-grid-ticks-10000-7may/easy/8proc/seed-1/4_lotsize_seed-1_20260509_044026/expansion/config_param_CPXPARAM_MIP_Strategy_RINSHeur_100_iter_3.prm
[INFO]:[04:44:44] CPLEX results. Gap: 22.240000, upper bound: 1805021.000000, lower bound: 1403590.178606
[INFO]:[04:44:44] CPLEX solver finished. Gap: 22.240000
[INFO]:[04:44:44] Starting CPLEX solver on instance: /home/yorig/tuner/mpils-tests/instances/miplib/easy/lotsize.mps with config: /scratch/yorig/mpils-results-grid-ticks-10000-7may/easy/8proc/seed-1/4_lotsize_seed-1_20260509_044026/expansion/config_param_CPXPARAM_MIP_Strategy_BBInterval_5_iter_3.prm
[INFO]:[04:44:51] CPLEX results. Gap: 14.600000, upper bound: 1544216.000000, lower bound: 1318791.090041
[INFO]:[04:44:51] CPLEX solver finished. Gap: 14.600000
[INFO]:[04:44:51] Starting CPLEX solver on instance: /home/yorig/tuner/mpils-tests/instances/miplib/easy/lotsize.mps with config: /scratch/yorig/mpils-results-grid-ticks-10000-7may/easy/8proc/seed-1/4_lotsize_seed-1_20260509_044026/expansion/config_param_CPXPARAM_MIP_Limits_CutsFactor_4_iter_3.prm
[INFO]:[04:44:59] CPLEX results. Gap: 13.560000, upper bound: 1525678.000000, lower bound: 1318791.090041
[INFO]:[04:44:59] CPLEX solver finished. Gap: 13.560000
[INFO]:[04:45:08] Expansion Worker 3 completed expansion.
[INFO]:[04:45:08] Worker 3 completed expansion phase.
[INFO]:[04:45:08] Worker 3 received order for step 1.
[INFO]:[04:45:08] Worker 3 running exploration phase for iteration 4.
[INFO]:[04:45:08] Worker 3 at iteration 4 will not use a MIP start file. Current best MIP-start upper bound threshold is 1.79769e+308.
[INFO]:[04:45:08] Starting local search phase...
[INFO]:[04:45:08] Creating local search space from parameter space file: /scratch/yorig/mpils-results-grid-ticks-10000-7may/easy/8proc/seed-1/4_lotsize_seed-1_20260509_044026/iterated_local_search/search_space/search_space_file_4_worker_3.txt
[INFO]:[04:45:08] Local search space loaded from file: /scratch/yorig/mpils-results-grid-ticks-10000-7may/easy/8proc/seed-1/4_lotsize_seed-1_20260509_044026/iterated_local_search/search_space/search_space_file_4_worker_3.txt
[INFO]:[04:45:08] Number of parameters in local search space: 71
[INFO]:[04:45:08] Number of forbidden tuples in local search space: 71
[INFO]:[04:45:08] Number of conditionals in local search space: 6
[INFO]:[04:45:08] MIP start option not enabled. Local search will proceed without MIP start.
[INFO]:[04:45:08] Evaluating initial configuration for local search phase...
[INFO]:[04:45:08] Starting CPLEX solver on instance: /home/yorig/tuner/mpils-tests/instances/miplib/easy/lotsize.mps with config: /scratch/yorig/mpils-results-grid-ticks-10000-7may/easy/8proc/seed-1/4_lotsize_seed-1_20260509_044026/iterated_local_search/run_4_worker_3/ils_config_8011617406605284739.prm
[INFO]:[04:45:08] Starting CPLEX solver on instance: /home/yorig/tuner/mpils-tests/instances/miplib/easy/lotsize.mps with config: /scratch/yorig/mpils-results-grid-ticks-10000-7may/easy/8proc/seed-1/4_lotsize_seed-1_20260509_044026/iterated_local_search/run_4_worker_3/ils_config_8011617406605284739.prm
[INFO]:[04:45:14] CPLEX results. Gap: 63.660000, upper bound: 2016180.000000, lower bound: 732715.797415
[INFO]:[04:45:14] CPLEX solver finished. Gap: 63.660000
[INFO]:[04:45:14] Initial configuration evaluated with objective value: 63.66
[INFO]:[04:45:14] Starting CPLEX solver on instance: /home/yorig/tuner/mpils-tests/instances/miplib/easy/lotsize.mps with config: /scratch/yorig/mpils-results-grid-ticks-10000-7may/easy/8proc/seed-1/4_lotsize_seed-1_20260509_044026/iterated_local_search/run_4_worker_3/ils_config_1380516041756205144.prm
[INFO]:[04:45:14] Starting CPLEX solver on instance: /home/yorig/tuner/mpils-tests/instances/miplib/easy/lotsize.mps with config: /scratch/yorig/mpils-results-grid-ticks-10000-7may/easy/8proc/seed-1/4_lotsize_seed-1_20260509_044026/iterated_local_search/run_4_worker_3/ils_config_1380516041756205144.prm
[INFO]:[04:45:20] CPLEX results. Gap: 64.370000, upper bound: 2057409.000000, lower bound: 733124.029698
[INFO]:[04:45:20] CPLEX solver finished. Gap: 64.370000
[INFO]:[04:45:20] Starting CPLEX solver on instance: /home/yorig/tuner/mpils-tests/instances/miplib/easy/lotsize.mps with config: /scratch/yorig/mpils-results-grid-ticks-10000-7may/easy/8proc/seed-1/4_lotsize_seed-1_20260509_044026/iterated_local_search/run_4_worker_3/ils_config_11953040019966731660.prm
[INFO]:[04:45:20] Starting CPLEX solver on instance: /home/yorig/tuner/mpils-tests/instances/miplib/easy/lotsize.mps with config: /scratch/yorig/mpils-results-grid-ticks-10000-7may/easy/8proc/seed-1/4_lotsize_seed-1_20260509_044026/iterated_local_search/run_4_worker_3/ils_config_11953040019966731660.prm
[INFO]:[04:45:25] CPLEX results. Gap: 58.790000, upper bound: 1767106.000000, lower bound: 728274.930535
[INFO]:[04:45:25] CPLEX solver finished. Gap: 58.790000
[INFO]:[04:45:25] New incumbent found with objective value: 58.79
[INFO]:[04:45:25] Starting CPLEX solver on instance: /home/yorig/tuner/mpils-tests/instances/miplib/easy/lotsize.mps with config: /scratch/yorig/mpils-results-grid-ticks-10000-7may/easy/8proc/seed-1/4_lotsize_seed-1_20260509_044026/iterated_local_search/run_4_worker_3/ils_config_6049988688233429579.prm
[INFO]:[04:45:25] Starting CPLEX solver on instance: /home/yorig/tuner/mpils-tests/instances/miplib/easy/lotsize.mps with config: /scratch/yorig/mpils-results-grid-ticks-10000-7may/easy/8proc/seed-1/4_lotsize_seed-1_20260509_044026/iterated_local_search/run_4_worker_3/ils_config_6049988688233429579.prm
[INFO]:[04:45:31] CPLEX results. Gap: 58.790000, upper bound: 1767106.000000, lower bound: 728274.930535
[INFO]:[04:45:31] CPLEX solver finished. Gap: 58.790000
[INFO]:[04:45:31] Starting CPLEX solver on instance: /home/yorig/tuner/mpils-tests/instances/miplib/easy/lotsize.mps with config: /scratch/yorig/mpils-results-grid-ticks-10000-7may/easy/8proc/seed-1/4_lotsize_seed-1_20260509_044026/iterated_local_search/run_4_worker_3/ils_config_18413422324634470514.prm
[INFO]:[04:45:31] Starting CPLEX solver on instance: /home/yorig/tuner/mpils-tests/instances/miplib/easy/lotsize.mps with config: /scratch/yorig/mpils-results-grid-ticks-10000-7may/easy/8proc/seed-1/4_lotsize_seed-1_20260509_044026/iterated_local_search/run_4_worker_3/ils_config_18413422324634470514.prm
[INFO]:[04:45:37] CPLEX results. Gap: 58.790000, upper bound: 1767106.000000, lower bound: 728274.930535
[INFO]:[04:45:37] CPLEX solver finished. Gap: 58.790000
[INFO]:[04:45:37] Starting CPLEX solver on instance: /home/yorig/tuner/mpils-tests/instances/miplib/easy/lotsize.mps with config: /scratch/yorig/mpils-results-grid-ticks-10000-7may/easy/8proc/seed-1/4_lotsize_seed-1_20260509_044026/iterated_local_search/run_4_worker_3/ils_config_6021056711958809380.prm
[INFO]:[04:45:37] Starting CPLEX solver on instance: /home/yorig/tuner/mpils-tests/instances/miplib/easy/lotsize.mps with config: /scratch/yorig/mpils-results-grid-ticks-10000-7may/easy/8proc/seed-1/4_lotsize_seed-1_20260509_044026/iterated_local_search/run_4_worker_3/ils_config_6021056711958809380.prm
[INFO]:[04:45:42] CPLEX results. Gap: 61.350000, upper bound: 2005763.999995, lower bound: 775325.451799
[INFO]:[04:45:42] CPLEX solver finished. Gap: 61.350000
[INFO]:[04:45:42] Starting CPLEX solver on instance: /home/yorig/tuner/mpils-tests/instances/miplib/easy/lotsize.mps with config: /scratch/yorig/mpils-results-grid-ticks-10000-7may/easy/8proc/seed-1/4_lotsize_seed-1_20260509_044026/iterated_local_search/run_4_worker_3/ils_config_1714365211113424841.prm
[INFO]:[04:45:42] Starting CPLEX solver on instance: /home/yorig/tuner/mpils-tests/instances/miplib/easy/lotsize.mps with config: /scratch/yorig/mpils-results-grid-ticks-10000-7may/easy/8proc/seed-1/4_lotsize_seed-1_20260509_044026/iterated_local_search/run_4_worker_3/ils_config_1714365211113424841.prm
[INFO]:[04:45:47] CPLEX results. Gap: 58.790000, upper bound: 1767106.000000, lower bound: 728274.930535
[INFO]:[04:45:47] CPLEX solver finished. Gap: 58.790000
[INFO]:[04:45:47] Local search phase completed.
[INFO]:[04:45:47] Total number of new local-search evaluations: 7
[INFO]:[04:45:47] Final incumbent objective value: 58.79
[INFO]:[04:46:05] Worker 3 completed exploration phase.
[INFO]:[04:46:05] Worker 3 received order for step 2.
[INFO]:[04:46:05] Worker 3 running expansion phase for iteration 4.
[INFO]:[04:46:05] Worker 3 will use solver log file: /scratch/yorig/mpils-results-grid-ticks-10000-7may/easy/8proc/seed-1/4_lotsize_seed-1_20260509_044026/solver/cplex.log_iteration_expansion_4_worker_3
[INFO]:[04:46:05] Expansion Worker 3 starting expansion for iteration 4.
[INFO]:[04:46:05] Starting CPLEX solver on instance: /home/yorig/tuner/mpils-tests/instances/miplib/easy/lotsize.mps with config: /scratch/yorig/mpils-results-grid-ticks-10000-7may/easy/8proc/seed-1/4_lotsize_seed-1_20260509_044026/expansion/config_param_CPXPARAM_Preprocessing_Symmetry_2_iter_4.prm
[INFO]:[04:46:13] CPLEX results. Gap: 13.560000, upper bound: 1525678.000000, lower bound: 1318791.090041
[INFO]:[04:46:13] CPLEX solver finished. Gap: 13.560000
[INFO]:[04:46:13] Starting CPLEX solver on instance: /home/yorig/tuner/mpils-tests/instances/miplib/easy/lotsize.mps with config: /scratch/yorig/mpils-results-grid-ticks-10000-7may/easy/8proc/seed-1/4_lotsize_seed-1_20260509_044026/expansion/config_param_CPXPARAM_MIP_Strategy_HeuristicFreq_20_iter_4.prm
[INFO]:[04:46:21] CPLEX results. Gap: 17.520000, upper bound: 1559565.000000, lower bound: 1286267.935782
[INFO]:[04:46:21] CPLEX solver finished. Gap: 17.520000
[INFO]:[04:46:22] Expansion Worker 3 stopping early after global MPI expansion stop was activated.
[INFO]:[04:46:22] Expansion Worker 3 completed expansion.
[INFO]:[04:46:22] Worker 3 completed expansion phase.
[INFO]:[04:46:22] Worker 3 received order for step 1.
[INFO]:[04:46:22] Worker 3 running exploration phase for iteration 5.
[INFO]:[04:46:22] Worker 3 at iteration 5 will not use a MIP start file. Current best MIP-start upper bound threshold is 1.79769e+308.
[INFO]:[04:46:22] Starting local search phase...
[INFO]:[04:46:22] Creating local search space from parameter space file: /scratch/yorig/mpils-results-grid-ticks-10000-7may/easy/8proc/seed-1/4_lotsize_seed-1_20260509_044026/iterated_local_search/search_space/search_space_file_5_worker_3.txt
[INFO]:[04:46:22] Local search space loaded from file: /scratch/yorig/mpils-results-grid-ticks-10000-7may/easy/8proc/seed-1/4_lotsize_seed-1_20260509_044026/iterated_local_search/search_space/search_space_file_5_worker_3.txt
[INFO]:[04:46:22] Number of parameters in local search space: 71
[INFO]:[04:46:22] Number of forbidden tuples in local search space: 89
[INFO]:[04:46:22] Number of conditionals in local search space: 6
[INFO]:[04:46:22] MIP start option not enabled. Local search will proceed without MIP start.
[INFO]:[04:46:22] Evaluating initial configuration for local search phase...
[INFO]:[04:46:22] Starting CPLEX solver on instance: /home/yorig/tuner/mpils-tests/instances/miplib/easy/lotsize.mps with config: /scratch/yorig/mpils-results-grid-ticks-10000-7may/easy/8proc/seed-1/4_lotsize_seed-1_20260509_044026/iterated_local_search/run_5_worker_3/ils_config_17058860572878797617.prm
[INFO]:[04:46:22] Starting CPLEX solver on instance: /home/yorig/tuner/mpils-tests/instances/miplib/easy/lotsize.mps with config: /scratch/yorig/mpils-results-grid-ticks-10000-7may/easy/8proc/seed-1/4_lotsize_seed-1_20260509_044026/iterated_local_search/run_5_worker_3/ils_config_17058860572878797617.prm
[INFO]:[04:46:29] CPLEX results. Gap: 18.670000, upper bound: 1635795.000000, lower bound: 1330407.908203
[INFO]:[04:46:29] CPLEX solver finished. Gap: 18.670000
[INFO]:[04:46:29] Initial configuration evaluated with objective value: 18.67
[INFO]:[04:46:29] Starting CPLEX solver on instance: /home/yorig/tuner/mpils-tests/instances/miplib/easy/lotsize.mps with config: /scratch/yorig/mpils-results-grid-ticks-10000-7may/easy/8proc/seed-1/4_lotsize_seed-1_20260509_044026/iterated_local_search/run_5_worker_3/ils_config_16797488683623847401.prm
[INFO]:[04:46:29] Starting CPLEX solver on instance: /home/yorig/tuner/mpils-tests/instances/miplib/easy/lotsize.mps with config: /scratch/yorig/mpils-results-grid-ticks-10000-7may/easy/8proc/seed-1/4_lotsize_seed-1_20260509_044026/iterated_local_search/run_5_worker_3/ils_config_16797488683623847401.prm
[INFO]:[04:46:36] CPLEX results. Gap: 20.350000, upper bound: 1597677.000000, lower bound: 1272476.938739
[INFO]:[04:46:36] CPLEX solver finished. Gap: 20.350000
[INFO]:[04:46:36] Starting CPLEX solver on instance: /home/yorig/tuner/mpils-tests/instances/miplib/easy/lotsize.mps with config: /scratch/yorig/mpils-results-grid-ticks-10000-7may/easy/8proc/seed-1/4_lotsize_seed-1_20260509_044026/iterated_local_search/run_5_worker_3/ils_config_14083230839665457297.prm
[INFO]:[04:46:36] Starting CPLEX solver on instance: /home/yorig/tuner/mpils-tests/instances/miplib/easy/lotsize.mps with config: /scratch/yorig/mpils-results-grid-ticks-10000-7may/easy/8proc/seed-1/4_lotsize_seed-1_20260509_044026/iterated_local_search/run_5_worker_3/ils_config_14083230839665457297.prm
[INFO]:[04:46:43] CPLEX results. Gap: 16.320000, upper bound: 1560574.000000, lower bound: 1305963.371527
[INFO]:[04:46:43] CPLEX solver finished. Gap: 16.320000
[INFO]:[04:46:43] New incumbent found with objective value: 16.32
[INFO]:[04:46:43] Starting CPLEX solver on instance: /home/yorig/tuner/mpils-tests/instances/miplib/easy/lotsize.mps with config: /scratch/yorig/mpils-results-grid-ticks-10000-7may/easy/8proc/seed-1/4_lotsize_seed-1_20260509_044026/iterated_local_search/run_5_worker_3/ils_config_9560566428321120527.prm
[INFO]:[04:46:43] Starting CPLEX solver on instance: /home/yorig/tuner/mpils-tests/instances/miplib/easy/lotsize.mps with config: /scratch/yorig/mpils-results-grid-ticks-10000-7may/easy/8proc/seed-1/4_lotsize_seed-1_20260509_044026/iterated_local_search/run_5_worker_3/ils_config_9560566428321120527.prm
[INFO]:[04:46:50] CPLEX results. Gap: 16.320000, upper bound: 1560574.000000, lower bound: 1305963.371527
[INFO]:[04:46:50] CPLEX solver finished. Gap: 16.320000
[INFO]:[04:46:50] Starting CPLEX solver on instance: /home/yorig/tuner/mpils-tests/instances/miplib/easy/lotsize.mps with config: /scratch/yorig/mpils-results-grid-ticks-10000-7may/easy/8proc/seed-1/4_lotsize_seed-1_20260509_044026/iterated_local_search/run_5_worker_3/ils_config_4373451886335511205.prm
[INFO]:[04:46:50] Starting CPLEX solver on instance: /home/yorig/tuner/mpils-tests/instances/miplib/easy/lotsize.mps with config: /scratch/yorig/mpils-results-grid-ticks-10000-7may/easy/8proc/seed-1/4_lotsize_seed-1_20260509_044026/iterated_local_search/run_5_worker_3/ils_config_4373451886335511205.prm
[INFO]:[04:46:58] CPLEX results. Gap: 19.100000, upper bound: 1568565.000000, lower bound: 1268981.197860
[INFO]:[04:46:58] CPLEX solver finished. Gap: 19.100000
[INFO]:[04:46:58] Starting CPLEX solver on instance: /home/yorig/tuner/mpils-tests/instances/miplib/easy/lotsize.mps with config: /scratch/yorig/mpils-results-grid-ticks-10000-7may/easy/8proc/seed-1/4_lotsize_seed-1_20260509_044026/iterated_local_search/run_5_worker_3/ils_config_12569511326589571507.prm
[INFO]:[04:46:58] Starting CPLEX solver on instance: /home/yorig/tuner/mpils-tests/instances/miplib/easy/lotsize.mps with config: /scratch/yorig/mpils-results-grid-ticks-10000-7may/easy/8proc/seed-1/4_lotsize_seed-1_20260509_044026/iterated_local_search/run_5_worker_3/ils_config_12569511326589571507.prm
[INFO]:[04:47:05] CPLEX results. Gap: 24.350000, upper bound: 1746103.000000, lower bound: 1320947.595338
[INFO]:[04:47:05] CPLEX solver finished. Gap: 24.350000
[INFO]:[04:47:05] Starting CPLEX solver on instance: /home/yorig/tuner/mpils-tests/instances/miplib/easy/lotsize.mps with config: /scratch/yorig/mpils-results-grid-ticks-10000-7may/easy/8proc/seed-1/4_lotsize_seed-1_20260509_044026/iterated_local_search/run_5_worker_3/ils_config_8989387017956714205.prm
[INFO]:[04:47:05] Starting CPLEX solver on instance: /home/yorig/tuner/mpils-tests/instances/miplib/easy/lotsize.mps with config: /scratch/yorig/mpils-results-grid-ticks-10000-7may/easy/8proc/seed-1/4_lotsize_seed-1_20260509_044026/iterated_local_search/run_5_worker_3/ils_config_8989387017956714205.prm
[INFO]:[04:47:12] CPLEX results. Gap: 33.940000, upper bound: 1834708.000000, lower bound: 1211949.398612
[INFO]:[04:47:12] CPLEX solver finished. Gap: 33.940000
[INFO]:[04:47:12] Starting CPLEX solver on instance: /home/yorig/tuner/mpils-tests/instances/miplib/easy/lotsize.mps with config: /scratch/yorig/mpils-results-grid-ticks-10000-7may/easy/8proc/seed-1/4_lotsize_seed-1_20260509_044026/iterated_local_search/run_5_worker_3/ils_config_2664163795697142069.prm
[INFO]:[04:47:12] Starting CPLEX solver on instance: /home/yorig/tuner/mpils-tests/instances/miplib/easy/lotsize.mps with config: /scratch/yorig/mpils-results-grid-ticks-10000-7may/easy/8proc/seed-1/4_lotsize_seed-1_20260509_044026/iterated_local_search/run_5_worker_3/ils_config_2664163795697142069.prm
[INFO]:[04:47:19] CPLEX results. Gap: 29.530000, upper bound: 1820155.000000, lower bound: 1282610.453405
[INFO]:[04:47:19] CPLEX solver finished. Gap: 29.530000
[INFO]:[04:47:19] Starting CPLEX solver on instance: /home/yorig/tuner/mpils-tests/instances/miplib/easy/lotsize.mps with config: /scratch/yorig/mpils-results-grid-ticks-10000-7may/easy/8proc/seed-1/4_lotsize_seed-1_20260509_044026/iterated_local_search/run_5_worker_3/ils_config_12033794110109617342.prm
[INFO]:[04:47:19] Starting CPLEX solver on instance: /home/yorig/tuner/mpils-tests/instances/miplib/easy/lotsize.mps with config: /scratch/yorig/mpils-results-grid-ticks-10000-7may/easy/8proc/seed-1/4_lotsize_seed-1_20260509_044026/iterated_local_search/run_5_worker_3/ils_config_12033794110109617342.prm
[INFO]:[04:47:26] CPLEX results. Gap: 23.100000, upper bound: 1573355.000000, lower bound: 1209852.934366
[INFO]:[04:47:26] CPLEX solver finished. Gap: 23.100000
[INFO]:[04:47:26] Starting CPLEX solver on instance: /home/yorig/tuner/mpils-tests/instances/miplib/easy/lotsize.mps with config: /scratch/yorig/mpils-results-grid-ticks-10000-7may/easy/8proc/seed-1/4_lotsize_seed-1_20260509_044026/iterated_local_search/run_5_worker_3/ils_config_15476196266936858279.prm
[INFO]:[04:47:26] Starting CPLEX solver on instance: /home/yorig/tuner/mpils-tests/instances/miplib/easy/lotsize.mps with config: /scratch/yorig/mpils-results-grid-ticks-10000-7may/easy/8proc/seed-1/4_lotsize_seed-1_20260509_044026/iterated_local_search/run_5_worker_3/ils_config_15476196266936858279.prm
[INFO]:[04:47:33] CPLEX results. Gap: 16.320000, upper bound: 1560574.000000, lower bound: 1305963.371527
[INFO]:[04:47:33] CPLEX solver finished. Gap: 16.320000
[INFO]:[04:47:33] Starting CPLEX solver on instance: /home/yorig/tuner/mpils-tests/instances/miplib/easy/lotsize.mps with config: /scratch/yorig/mpils-results-grid-ticks-10000-7may/easy/8proc/seed-1/4_lotsize_seed-1_20260509_044026/iterated_local_search/run_5_worker_3/ils_config_16559045278197812627.prm
[INFO]:[04:47:33] Starting CPLEX solver on instance: /home/yorig/tuner/mpils-tests/instances/miplib/easy/lotsize.mps with config: /scratch/yorig/mpils-results-grid-ticks-10000-7may/easy/8proc/seed-1/4_lotsize_seed-1_20260509_044026/iterated_local_search/run_5_worker_3/ils_config_16559045278197812627.prm
[INFO]:[04:47:41] CPLEX results. Gap: 19.180000, upper bound: 1566976.000000, lower bound: 1266475.060629
[INFO]:[04:47:41] CPLEX solver finished. Gap: 19.180000
[INFO]:[04:47:41] Starting CPLEX solver on instance: /home/yorig/tuner/mpils-tests/instances/miplib/easy/lotsize.mps with config: /scratch/yorig/mpils-results-grid-ticks-10000-7may/easy/8proc/seed-1/4_lotsize_seed-1_20260509_044026/iterated_local_search/run_5_worker_3/ils_config_13777428989460432058.prm
[INFO]:[04:47:41] Starting CPLEX solver on instance: /home/yorig/tuner/mpils-tests/instances/miplib/easy/lotsize.mps with config: /scratch/yorig/mpils-results-grid-ticks-10000-7may/easy/8proc/seed-1/4_lotsize_seed-1_20260509_044026/iterated_local_search/run_5_worker_3/ils_config_13777428989460432058.prm
[INFO]:[04:47:47] CPLEX results. Gap: 19.880000, upper bound: 1574228.000000, lower bound: 1261269.408389
[INFO]:[04:47:47] CPLEX solver finished. Gap: 19.880000
[INFO]:[04:47:47] Starting CPLEX solver on instance: /home/yorig/tuner/mpils-tests/instances/miplib/easy/lotsize.mps with config: /scratch/yorig/mpils-results-grid-ticks-10000-7may/easy/8proc/seed-1/4_lotsize_seed-1_20260509_044026/iterated_local_search/run_5_worker_3/ils_config_14134674781060854633.prm
[INFO]:[04:47:47] Starting CPLEX solver on instance: /home/yorig/tuner/mpils-tests/instances/miplib/easy/lotsize.mps with config: /scratch/yorig/mpils-results-grid-ticks-10000-7may/easy/8proc/seed-1/4_lotsize_seed-1_20260509_044026/iterated_local_search/run_5_worker_3/ils_config_14134674781060854633.prm
[INFO]:[04:47:53] CPLEX results. Gap: 40.900000, upper bound: 1990761.000000, lower bound: 1176632.885220
[INFO]:[04:47:53] CPLEX solver finished. Gap: 40.900000
[INFO]:[04:47:53] Starting CPLEX solver on instance: /home/yorig/tuner/mpils-tests/instances/miplib/easy/lotsize.mps with config: /scratch/yorig/mpils-results-grid-ticks-10000-7may/easy/8proc/seed-1/4_lotsize_seed-1_20260509_044026/iterated_local_search/run_5_worker_3/ils_config_6560699229034780007.prm
[INFO]:[04:47:53] Starting CPLEX solver on instance: /home/yorig/tuner/mpils-tests/instances/miplib/easy/lotsize.mps with config: /scratch/yorig/mpils-results-grid-ticks-10000-7may/easy/8proc/seed-1/4_lotsize_seed-1_20260509_044026/iterated_local_search/run_5_worker_3/ils_config_6560699229034780007.prm
[INFO]:[04:48:00] CPLEX results. Gap: 20.860000, upper bound: 1573790.000000, lower bound: 1245472.384159
[INFO]:[04:48:00] CPLEX solver finished. Gap: 20.860000
[INFO]:[04:48:00] Starting CPLEX solver on instance: /home/yorig/tuner/mpils-tests/instances/miplib/easy/lotsize.mps with config: /scratch/yorig/mpils-results-grid-ticks-10000-7may/easy/8proc/seed-1/4_lotsize_seed-1_20260509_044026/iterated_local_search/run_5_worker_3/ils_config_9254299155177072638.prm
[INFO]:[04:48:00] Starting CPLEX solver on instance: /home/yorig/tuner/mpils-tests/instances/miplib/easy/lotsize.mps with config: /scratch/yorig/mpils-results-grid-ticks-10000-7may/easy/8proc/seed-1/4_lotsize_seed-1_20260509_044026/iterated_local_search/run_5_worker_3/ils_config_9254299155177072638.prm
[INFO]:[04:48:07] CPLEX results. Gap: 20.070000, upper bound: 1577917.000000, lower bound: 1261169.892320
[INFO]:[04:48:07] CPLEX solver finished. Gap: 20.070000
[INFO]:[04:48:07] Starting CPLEX solver on instance: /home/yorig/tuner/mpils-tests/instances/miplib/easy/lotsize.mps with config: /scratch/yorig/mpils-results-grid-ticks-10000-7may/easy/8proc/seed-1/4_lotsize_seed-1_20260509_044026/iterated_local_search/run_5_worker_3/ils_config_2586890156298758974.prm
[INFO]:[04:48:07] Starting CPLEX solver on instance: /home/yorig/tuner/mpils-tests/instances/miplib/easy/lotsize.mps with config: /scratch/yorig/mpils-results-grid-ticks-10000-7may/easy/8proc/seed-1/4_lotsize_seed-1_20260509_044026/iterated_local_search/run_5_worker_3/ils_config_2586890156298758974.prm
[INFO]:[04:48:14] CPLEX results. Gap: 20.250000, upper bound: 1549089.000000, lower bound: 1235475.448739
[INFO]:[04:48:14] CPLEX solver finished. Gap: 20.250000
[INFO]:[04:48:14] Starting CPLEX solver on instance: /home/yorig/tuner/mpils-tests/instances/miplib/easy/lotsize.mps with config: /scratch/yorig/mpils-results-grid-ticks-10000-7may/easy/8proc/seed-1/4_lotsize_seed-1_20260509_044026/iterated_local_search/run_5_worker_3/ils_config_2778368409244327971.prm
[INFO]:[04:48:14] Starting CPLEX solver on instance: /home/yorig/tuner/mpils-tests/instances/miplib/easy/lotsize.mps with config: /scratch/yorig/mpils-results-grid-ticks-10000-7may/easy/8proc/seed-1/4_lotsize_seed-1_20260509_044026/iterated_local_search/run_5_worker_3/ils_config_2778368409244327971.prm
[INFO]:[04:48:21] CPLEX results. Gap: 17.010000, upper bound: 1559277.000000, lower bound: 1293997.815848
[INFO]:[04:48:21] CPLEX solver finished. Gap: 17.010000
[INFO]:[04:48:21] Starting CPLEX solver on instance: /home/yorig/tuner/mpils-tests/instances/miplib/easy/lotsize.mps with config: /scratch/yorig/mpils-results-grid-ticks-10000-7may/easy/8proc/seed-1/4_lotsize_seed-1_20260509_044026/iterated_local_search/run_5_worker_3/ils_config_7280401062426545812.prm
[INFO]:[04:48:21] Starting CPLEX solver on instance: /home/yorig/tuner/mpils-tests/instances/miplib/easy/lotsize.mps with config: /scratch/yorig/mpils-results-grid-ticks-10000-7may/easy/8proc/seed-1/4_lotsize_seed-1_20260509_044026/iterated_local_search/run_5_worker_3/ils_config_7280401062426545812.prm
[INFO]:[04:48:28] CPLEX results. Gap: 20.840000, upper bound: 1621853.000000, lower bound: 1283892.823545
[INFO]:[04:48:28] CPLEX solver finished. Gap: 20.840000
[INFO]:[04:48:28] Local search phase completed.
[INFO]:[04:48:28] Total number of new local-search evaluations: 18
[INFO]:[04:48:28] Final incumbent objective value: 16.32
[INFO]:[04:48:43] Worker 3 completed exploration phase.
[INFO]:[04:48:43] Worker 3 received order for step 2.
[INFO]:[04:48:43] Worker 3 running expansion phase for iteration 5.
[INFO]:[04:48:43] Worker 3 will use solver log file: /scratch/yorig/mpils-results-grid-ticks-10000-7may/easy/8proc/seed-1/4_lotsize_seed-1_20260509_044026/solver/cplex.log_iteration_expansion_5_worker_3
[INFO]:[04:48:43] Expansion Worker 3 starting expansion for iteration 5.
[INFO]:[04:48:43] Starting CPLEX solver on instance: /home/yorig/tuner/mpils-tests/instances/miplib/easy/lotsize.mps with config: /scratch/yorig/mpils-results-grid-ticks-10000-7may/easy/8proc/seed-1/4_lotsize_seed-1_20260509_044026/expansion/config_param_CPXPARAM_MIP_Strategy_StartAlgorithm_4_iter_5.prm
[INFO]:[04:48:50] CPLEX results. Gap: 16.960000, upper bound: 1530592.000000, lower bound: 1270947.215121
[INFO]:[04:48:50] CPLEX solver finished. Gap: 16.960000
[INFO]:[04:48:51] Expansion Worker 3 stopping early after global MPI expansion stop was activated.
[INFO]:[04:48:51] Expansion Worker 3 completed expansion.
[INFO]:[04:48:51] Worker 3 completed expansion phase.
[INFO]:[04:48:51] Worker 3 received order for step 1.
[INFO]:[04:48:51] Worker 3 running exploration phase for iteration 6.
[INFO]:[04:48:51] Worker 3 at iteration 6 will not use a MIP start file. Current best MIP-start upper bound threshold is 1.79769e+308.
[INFO]:[04:48:51] Starting local search phase...
[INFO]:[04:48:51] Creating local search space from parameter space file: /scratch/yorig/mpils-results-grid-ticks-10000-7may/easy/8proc/seed-1/4_lotsize_seed-1_20260509_044026/iterated_local_search/search_space/search_space_file_6_worker_3.txt
[INFO]:[04:48:51] Local search space loaded from file: /scratch/yorig/mpils-results-grid-ticks-10000-7may/easy/8proc/seed-1/4_lotsize_seed-1_20260509_044026/iterated_local_search/search_space/search_space_file_6_worker_3.txt
[INFO]:[04:48:51] Number of parameters in local search space: 71
[INFO]:[04:48:51] Number of forbidden tuples in local search space: 108
[INFO]:[04:48:51] Number of conditionals in local search space: 6
[INFO]:[04:48:51] MIP start option not enabled. Local search will proceed without MIP start.
[INFO]:[04:48:51] Evaluating initial configuration for local search phase...
[INFO]:[04:48:51] Starting CPLEX solver on instance: /home/yorig/tuner/mpils-tests/instances/miplib/easy/lotsize.mps with config: /scratch/yorig/mpils-results-grid-ticks-10000-7may/easy/8proc/seed-1/4_lotsize_seed-1_20260509_044026/iterated_local_search/run_6_worker_3/ils_config_18032070867536229277.prm
[INFO]:[04:48:51] Starting CPLEX solver on instance: /home/yorig/tuner/mpils-tests/instances/miplib/easy/lotsize.mps with config: /scratch/yorig/mpils-results-grid-ticks-10000-7may/easy/8proc/seed-1/4_lotsize_seed-1_20260509_044026/iterated_local_search/run_6_worker_3/ils_config_18032070867536229277.prm
[INFO]:[04:48:59] CPLEX results. Gap: 28.180000, upper bound: 1541112.000000, lower bound: 1106827.454160
[INFO]:[04:48:59] CPLEX solver finished. Gap: 28.180000
[INFO]:[04:48:59] Initial configuration evaluated with objective value: 28.18
[INFO]:[04:48:59] Starting CPLEX solver on instance: /home/yorig/tuner/mpils-tests/instances/miplib/easy/lotsize.mps with config: /scratch/yorig/mpils-results-grid-ticks-10000-7may/easy/8proc/seed-1/4_lotsize_seed-1_20260509_044026/iterated_local_search/run_6_worker_3/ils_config_10058288305424863360.prm
[INFO]:[04:48:59] Starting CPLEX solver on instance: /home/yorig/tuner/mpils-tests/instances/miplib/easy/lotsize.mps with config: /scratch/yorig/mpils-results-grid-ticks-10000-7may/easy/8proc/seed-1/4_lotsize_seed-1_20260509_044026/iterated_local_search/run_6_worker_3/ils_config_10058288305424863360.prm
[INFO]:[04:49:07] CPLEX results. Gap: 30.770000, upper bound: 1637837.000000, lower bound: 1133931.908852
[INFO]:[04:49:07] CPLEX solver finished. Gap: 30.770000
[INFO]:[04:49:07] Starting CPLEX solver on instance: /home/yorig/tuner/mpils-tests/instances/miplib/easy/lotsize.mps with config: /scratch/yorig/mpils-results-grid-ticks-10000-7may/easy/8proc/seed-1/4_lotsize_seed-1_20260509_044026/iterated_local_search/run_6_worker_3/ils_config_11325416632431196812.prm
[INFO]:[04:49:07] Starting CPLEX solver on instance: /home/yorig/tuner/mpils-tests/instances/miplib/easy/lotsize.mps with config: /scratch/yorig/mpils-results-grid-ticks-10000-7may/easy/8proc/seed-1/4_lotsize_seed-1_20260509_044026/iterated_local_search/run_6_worker_3/ils_config_11325416632431196812.prm
[INFO]:[04:49:14] CPLEX results. Gap: 28.180000, upper bound: 1541112.000000, lower bound: 1106827.454160
[INFO]:[04:49:14] CPLEX solver finished. Gap: 28.180000
[INFO]:[04:49:14] Starting CPLEX solver on instance: /home/yorig/tuner/mpils-tests/instances/miplib/easy/lotsize.mps with config: /scratch/yorig/mpils-results-grid-ticks-10000-7may/easy/8proc/seed-1/4_lotsize_seed-1_20260509_044026/iterated_local_search/run_6_worker_3/ils_config_9575271431965310477.prm
[INFO]:[04:49:14] Starting CPLEX solver on instance: /home/yorig/tuner/mpils-tests/instances/miplib/easy/lotsize.mps with config: /scratch/yorig/mpils-results-grid-ticks-10000-7may/easy/8proc/seed-1/4_lotsize_seed-1_20260509_044026/iterated_local_search/run_6_worker_3/ils_config_9575271431965310477.prm
[INFO]:[04:49:22] CPLEX results. Gap: 28.180000, upper bound: 1541112.000000, lower bound: 1106827.454160
[INFO]:[04:49:22] CPLEX solver finished. Gap: 28.180000
[INFO]:[04:49:22] Starting CPLEX solver on instance: /home/yorig/tuner/mpils-tests/instances/miplib/easy/lotsize.mps with config: /scratch/yorig/mpils-results-grid-ticks-10000-7may/easy/8proc/seed-1/4_lotsize_seed-1_20260509_044026/iterated_local_search/run_6_worker_3/ils_config_69411527586594210.prm
[INFO]:[04:49:22] Starting CPLEX solver on instance: /home/yorig/tuner/mpils-tests/instances/miplib/easy/lotsize.mps with config: /scratch/yorig/mpils-results-grid-ticks-10000-7may/easy/8proc/seed-1/4_lotsize_seed-1_20260509_044026/iterated_local_search/run_6_worker_3/ils_config_69411527586594210.prm
[INFO]:[04:49:29] CPLEX results. Gap: 28.180000, upper bound: 1541112.000000, lower bound: 1106827.454160
[INFO]:[04:49:29] CPLEX solver finished. Gap: 28.180000
[INFO]:[04:49:29] Starting CPLEX solver on instance: /home/yorig/tuner/mpils-tests/instances/miplib/easy/lotsize.mps with config: /scratch/yorig/mpils-results-grid-ticks-10000-7may/easy/8proc/seed-1/4_lotsize_seed-1_20260509_044026/iterated_local_search/run_6_worker_3/ils_config_15589515386399907646.prm
[INFO]:[04:49:29] Starting CPLEX solver on instance: /home/yorig/tuner/mpils-tests/instances/miplib/easy/lotsize.mps with config: /scratch/yorig/mpils-results-grid-ticks-10000-7may/easy/8proc/seed-1/4_lotsize_seed-1_20260509_044026/iterated_local_search/run_6_worker_3/ils_config_15589515386399907646.prm
[INFO]:[04:49:36] CPLEX results. Gap: 32.990000, upper bound: 1678189.000000, lower bound: 1124492.767411
[INFO]:[04:49:36] CPLEX solver finished. Gap: 32.990000
[INFO]:[04:49:36] Starting CPLEX solver on instance: /home/yorig/tuner/mpils-tests/instances/miplib/easy/lotsize.mps with config: /scratch/yorig/mpils-results-grid-ticks-10000-7may/easy/8proc/seed-1/4_lotsize_seed-1_20260509_044026/iterated_local_search/run_6_worker_3/ils_config_9326141308444644007.prm
[INFO]:[04:49:36] Starting CPLEX solver on instance: /home/yorig/tuner/mpils-tests/instances/miplib/easy/lotsize.mps with config: /scratch/yorig/mpils-results-grid-ticks-10000-7may/easy/8proc/seed-1/4_lotsize_seed-1_20260509_044026/iterated_local_search/run_6_worker_3/ils_config_9326141308444644007.prm
[INFO]:[04:49:43] CPLEX results. Gap: 33.370000, upper bound: 1654522.000000, lower bound: 1102382.175322
[INFO]:[04:49:43] CPLEX solver finished. Gap: 33.370000
[INFO]:[04:49:43] Starting CPLEX solver on instance: /home/yorig/tuner/mpils-tests/instances/miplib/easy/lotsize.mps with config: /scratch/yorig/mpils-results-grid-ticks-10000-7may/easy/8proc/seed-1/4_lotsize_seed-1_20260509_044026/iterated_local_search/run_6_worker_3/ils_config_5041370943595211689.prm
[INFO]:[04:49:43] Starting CPLEX solver on instance: /home/yorig/tuner/mpils-tests/instances/miplib/easy/lotsize.mps with config: /scratch/yorig/mpils-results-grid-ticks-10000-7may/easy/8proc/seed-1/4_lotsize_seed-1_20260509_044026/iterated_local_search/run_6_worker_3/ils_config_5041370943595211689.prm
[INFO]:[04:49:51] CPLEX results. Gap: 30.310000, upper bound: 1589520.000000, lower bound: 1107814.854356
[INFO]:[04:49:51] CPLEX solver finished. Gap: 30.310000
[INFO]:[04:49:51] Starting CPLEX solver on instance: /home/yorig/tuner/mpils-tests/instances/miplib/easy/lotsize.mps with config: /scratch/yorig/mpils-results-grid-ticks-10000-7may/easy/8proc/seed-1/4_lotsize_seed-1_20260509_044026/iterated_local_search/run_6_worker_3/ils_config_17103077678863962210.prm
[INFO]:[04:49:51] Starting CPLEX solver on instance: /home/yorig/tuner/mpils-tests/instances/miplib/easy/lotsize.mps with config: /scratch/yorig/mpils-results-grid-ticks-10000-7may/easy/8proc/seed-1/4_lotsize_seed-1_20260509_044026/iterated_local_search/run_6_worker_3/ils_config_17103077678863962210.prm
[INFO]:[04:49:59] CPLEX results. Gap: 36.230000, upper bound: 1781445.000000, lower bound: 1136006.336534
[INFO]:[04:49:59] CPLEX solver finished. Gap: 36.230000
[INFO]:[04:49:59] Local search phase completed.
[INFO]:[04:49:59] Total number of new local-search evaluations: 9
[INFO]:[04:49:59] Final incumbent objective value: 28.18
[INFO]:[04:50:00] Worker 3 completed exploration phase.
[INFO]:[04:50:00] Worker 3 received order for step 2.
[INFO]:[04:50:00] Worker 3 running expansion phase for iteration 6.
[INFO]:[04:50:00] Worker 3 will use solver log file: /scratch/yorig/mpils-results-grid-ticks-10000-7may/easy/8proc/seed-1/4_lotsize_seed-1_20260509_044026/solver/cplex.log_iteration_expansion_6_worker_3
[INFO]:[04:50:00] Expansion Worker 3 starting expansion for iteration 6.
[INFO]:[04:50:00] Starting CPLEX solver on instance: /home/yorig/tuner/mpils-tests/instances/miplib/easy/lotsize.mps with config: /scratch/yorig/mpils-results-grid-ticks-10000-7may/easy/8proc/seed-1/4_lotsize_seed-1_20260509_044026/expansion/config_param_CPXPARAM_MIP_Strategy_SubAlgorithm_4_iter_6.prm
[INFO]:[04:50:07] CPLEX results. Gap: 79.730000, upper bound: 4642475.999999, lower bound: 941035.761955
[INFO]:[04:50:07] CPLEX solver finished. Gap: 79.730000
[INFO]:[04:50:08] Starting CPLEX solver on instance: /home/yorig/tuner/mpils-tests/instances/miplib/easy/lotsize.mps with config: /scratch/yorig/mpils-results-grid-ticks-10000-7may/easy/8proc/seed-1/4_lotsize_seed-1_20260509_044026/expansion/config_param_CPXPARAM_Simplex_PGradient_1_iter_6.prm
[INFO]:[04:50:15] CPLEX results. Gap: 11.750000, upper bound: 1520904.000000, lower bound: 1342163.574163
[INFO]:[04:50:15] CPLEX solver finished. Gap: 11.750000
[INFO]:[04:50:15] Starting CPLEX solver on instance: /home/yorig/tuner/mpils-tests/instances/miplib/easy/lotsize.mps with config: /scratch/yorig/mpils-results-grid-ticks-10000-7may/easy/8proc/seed-1/4_lotsize_seed-1_20260509_044026/expansion/config_param_CPXPARAM_MIP_Limits_AggForCut_2_iter_6.prm
[INFO]:[04:50:22] CPLEX results. Gap: 34.510000, upper bound: 1635988.000000, lower bound: 1071425.868780
[INFO]:[04:50:22] CPLEX solver finished. Gap: 34.510000
[INFO]:[04:50:24] Expansion Worker 3 stopping early after global MPI expansion stop was activated.
[INFO]:[04:50:24] Expansion Worker 3 completed expansion.
[INFO]:[04:50:24] Worker 3 completed expansion phase.
[INFO]:[04:50:24] Worker 3 received order for step 1.
[INFO]:[04:50:24] Worker 3 running exploration phase for iteration 7.
[INFO]:[04:50:24] Worker 3 at iteration 7 will not use a MIP start file. Current best MIP-start upper bound threshold is 1.79769e+308.
[INFO]:[04:50:24] Starting local search phase...
[INFO]:[04:50:24] Creating local search space from parameter space file: /scratch/yorig/mpils-results-grid-ticks-10000-7may/easy/8proc/seed-1/4_lotsize_seed-1_20260509_044026/iterated_local_search/search_space/search_space_file_7_worker_3.txt
[INFO]:[04:50:24] Local search space loaded from file: /scratch/yorig/mpils-results-grid-ticks-10000-7may/easy/8proc/seed-1/4_lotsize_seed-1_20260509_044026/iterated_local_search/search_space/search_space_file_7_worker_3.txt
[INFO]:[04:50:24] Number of parameters in local search space: 71
[INFO]:[04:50:24] Number of forbidden tuples in local search space: 159
[INFO]:[04:50:24] Number of conditionals in local search space: 6
[INFO]:[04:50:24] MIP start option not enabled. Local search will proceed without MIP start.
[INFO]:[04:50:24] Evaluating initial configuration for local search phase...
[INFO]:[04:50:24] Starting CPLEX solver on instance: /home/yorig/tuner/mpils-tests/instances/miplib/easy/lotsize.mps with config: /scratch/yorig/mpils-results-grid-ticks-10000-7may/easy/8proc/seed-1/4_lotsize_seed-1_20260509_044026/iterated_local_search/run_7_worker_3/ils_config_11153566237179968900.prm
[INFO]:[04:50:24] Starting CPLEX solver on instance: /home/yorig/tuner/mpils-tests/instances/miplib/easy/lotsize.mps with config: /scratch/yorig/mpils-results-grid-ticks-10000-7may/easy/8proc/seed-1/4_lotsize_seed-1_20260509_044026/iterated_local_search/run_7_worker_3/ils_config_11153566237179968900.prm
[INFO]:[04:50:30] CPLEX results. Gap: 87.050000, upper bound: 8407027.000000, lower bound: 1088779.028069
[INFO]:[04:50:30] CPLEX solver finished. Gap: 87.050000
[INFO]:[04:50:30] Initial configuration evaluated with objective value: 87.05
[INFO]:[04:50:30] Starting CPLEX solver on instance: /home/yorig/tuner/mpils-tests/instances/miplib/easy/lotsize.mps with config: /scratch/yorig/mpils-results-grid-ticks-10000-7may/easy/8proc/seed-1/4_lotsize_seed-1_20260509_044026/iterated_local_search/run_7_worker_3/ils_config_12721130943900806156.prm
[INFO]:[04:50:30] Starting CPLEX solver on instance: /home/yorig/tuner/mpils-tests/instances/miplib/easy/lotsize.mps with config: /scratch/yorig/mpils-results-grid-ticks-10000-7may/easy/8proc/seed-1/4_lotsize_seed-1_20260509_044026/iterated_local_search/run_7_worker_3/ils_config_12721130943900806156.prm
[INFO]:[04:50:36] CPLEX results. Gap: 41.490000, upper bound: 2147480.000000, lower bound: 1256530.077616
[INFO]:[04:50:36] CPLEX solver finished. Gap: 41.490000
[INFO]:[04:50:36] New incumbent found with objective value: 41.49
[INFO]:[04:50:36] Starting CPLEX solver on instance: /home/yorig/tuner/mpils-tests/instances/miplib/easy/lotsize.mps with config: /scratch/yorig/mpils-results-grid-ticks-10000-7may/easy/8proc/seed-1/4_lotsize_seed-1_20260509_044026/iterated_local_search/run_7_worker_3/ils_config_12851352645966707544.prm
[INFO]:[04:50:36] Starting CPLEX solver on instance: /home/yorig/tuner/mpils-tests/instances/miplib/easy/lotsize.mps with config: /scratch/yorig/mpils-results-grid-ticks-10000-7may/easy/8proc/seed-1/4_lotsize_seed-1_20260509_044026/iterated_local_search/run_7_worker_3/ils_config_12851352645966707544.prm
[INFO]:[04:50:43] CPLEX results. Gap: 40.000000, upper bound: 2093639.000000, lower bound: 1256283.216540
[INFO]:[04:50:43] CPLEX solver finished. Gap: 40.000000
[INFO]:[04:50:43] New incumbent found with objective value: 40
[INFO]:[04:50:43] Starting CPLEX solver on instance: /home/yorig/tuner/mpils-tests/instances/miplib/easy/lotsize.mps with config: /scratch/yorig/mpils-results-grid-ticks-10000-7may/easy/8proc/seed-1/4_lotsize_seed-1_20260509_044026/iterated_local_search/run_7_worker_3/ils_config_1645859075928006519.prm
[INFO]:[04:50:43] Starting CPLEX solver on instance: /home/yorig/tuner/mpils-tests/instances/miplib/easy/lotsize.mps with config: /scratch/yorig/mpils-results-grid-ticks-10000-7may/easy/8proc/seed-1/4_lotsize_seed-1_20260509_044026/iterated_local_search/run_7_worker_3/ils_config_1645859075928006519.prm
[INFO]:[04:50:49] CPLEX results. Gap: 40.160000, upper bound: 2093639.000000, lower bound: 1252890.765918
[INFO]:[04:50:49] CPLEX solver finished. Gap: 40.160000
[INFO]:[04:50:49] Starting CPLEX solver on instance: /home/yorig/tuner/mpils-tests/instances/miplib/easy/lotsize.mps with config: /scratch/yorig/mpils-results-grid-ticks-10000-7may/easy/8proc/seed-1/4_lotsize_seed-1_20260509_044026/iterated_local_search/run_7_worker_3/ils_config_772688658634792443.prm
[INFO]:[04:50:49] Starting CPLEX solver on instance: /home/yorig/tuner/mpils-tests/instances/miplib/easy/lotsize.mps with config: /scratch/yorig/mpils-results-grid-ticks-10000-7may/easy/8proc/seed-1/4_lotsize_seed-1_20260509_044026/iterated_local_search/run_7_worker_3/ils_config_772688658634792443.prm
[INFO]:[04:50:59] CPLEX results. Gap: 22.680000, upper bound: 1703565.000000, lower bound: 1317200.638622
[INFO]:[04:50:59] CPLEX solver finished. Gap: 22.680000
[INFO]:[04:50:59] New incumbent found with objective value: 22.68
[INFO]:[04:50:59] Starting CPLEX solver on instance: /home/yorig/tuner/mpils-tests/instances/miplib/easy/lotsize.mps with config: /scratch/yorig/mpils-results-grid-ticks-10000-7may/easy/8proc/seed-1/4_lotsize_seed-1_20260509_044026/iterated_local_search/run_7_worker_3/ils_config_12397946178542316869.prm
[INFO]:[04:50:59] Starting CPLEX solver on instance: /home/yorig/tuner/mpils-tests/instances/miplib/easy/lotsize.mps with config: /scratch/yorig/mpils-results-grid-ticks-10000-7may/easy/8proc/seed-1/4_lotsize_seed-1_20260509_044026/iterated_local_search/run_7_worker_3/ils_config_12397946178542316869.prm
[INFO]:[04:51:07] CPLEX results. Gap: 38.670000, upper bound: 2144289.000000, lower bound: 1315121.256389
[INFO]:[04:51:08] CPLEX solver finished. Gap: 38.670000
[INFO]:[04:51:08] Starting CPLEX solver on instance: /home/yorig/tuner/mpils-tests/instances/miplib/easy/lotsize.mps with config: /scratch/yorig/mpils-results-grid-ticks-10000-7may/easy/8proc/seed-1/4_lotsize_seed-1_20260509_044026/iterated_local_search/run_7_worker_3/ils_config_1578958869994607418.prm
[INFO]:[04:51:08] Starting CPLEX solver on instance: /home/yorig/tuner/mpils-tests/instances/miplib/easy/lotsize.mps with config: /scratch/yorig/mpils-results-grid-ticks-10000-7may/easy/8proc/seed-1/4_lotsize_seed-1_20260509_044026/iterated_local_search/run_7_worker_3/ils_config_1578958869994607418.prm
[INFO]:[04:51:17] CPLEX results. Gap: 22.680000, upper bound: 1703565.000000, lower bound: 1317200.638622
[INFO]:[04:51:17] CPLEX solver finished. Gap: 22.680000
[INFO]:[04:51:17] Starting CPLEX solver on instance: /home/yorig/tuner/mpils-tests/instances/miplib/easy/lotsize.mps with config: /scratch/yorig/mpils-results-grid-ticks-10000-7may/easy/8proc/seed-1/4_lotsize_seed-1_20260509_044026/iterated_local_search/run_7_worker_3/ils_config_17234006789967253955.prm
[INFO]:[04:51:17] Starting CPLEX solver on instance: /home/yorig/tuner/mpils-tests/instances/miplib/easy/lotsize.mps with config: /scratch/yorig/mpils-results-grid-ticks-10000-7may/easy/8proc/seed-1/4_lotsize_seed-1_20260509_044026/iterated_local_search/run_7_worker_3/ils_config_17234006789967253955.prm
[INFO]:[04:51:26] CPLEX results. Gap: 22.680000, upper bound: 1703565.000000, lower bound: 1317200.638622
[INFO]:[04:51:26] CPLEX solver finished. Gap: 22.680000
[INFO]:[04:51:26] Starting CPLEX solver on instance: /home/yorig/tuner/mpils-tests/instances/miplib/easy/lotsize.mps with config: /scratch/yorig/mpils-results-grid-ticks-10000-7may/easy/8proc/seed-1/4_lotsize_seed-1_20260509_044026/iterated_local_search/run_7_worker_3/ils_config_15146377495041473709.prm
[INFO]:[04:51:26] Starting CPLEX solver on instance: /home/yorig/tuner/mpils-tests/instances/miplib/easy/lotsize.mps with config: /scratch/yorig/mpils-results-grid-ticks-10000-7may/easy/8proc/seed-1/4_lotsize_seed-1_20260509_044026/iterated_local_search/run_7_worker_3/ils_config_15146377495041473709.prm
[INFO]:[04:51:35] CPLEX results. Gap: 27.440000, upper bound: 1815280.000000, lower bound: 1317200.638622
[INFO]:[04:51:35] CPLEX solver finished. Gap: 27.440000
[INFO]:[04:51:35] Starting CPLEX solver on instance: /home/yorig/tuner/mpils-tests/instances/miplib/easy/lotsize.mps with config: /scratch/yorig/mpils-results-grid-ticks-10000-7may/easy/8proc/seed-1/4_lotsize_seed-1_20260509_044026/iterated_local_search/run_7_worker_3/ils_config_16528731165979545869.prm
[INFO]:[04:51:35] Starting CPLEX solver on instance: /home/yorig/tuner/mpils-tests/instances/miplib/easy/lotsize.mps with config: /scratch/yorig/mpils-results-grid-ticks-10000-7may/easy/8proc/seed-1/4_lotsize_seed-1_20260509_044026/iterated_local_search/run_7_worker_3/ils_config_16528731165979545869.prm
[INFO]:[04:51:45] CPLEX results. Gap: 39.330000, upper bound: 2173668.000000, lower bound: 1318853.407351
[INFO]:[04:51:45] CPLEX solver finished. Gap: 39.330000
[INFO]:[04:51:45] Starting CPLEX solver on instance: /home/yorig/tuner/mpils-tests/instances/miplib/easy/lotsize.mps with config: /scratch/yorig/mpils-results-grid-ticks-10000-7may/easy/8proc/seed-1/4_lotsize_seed-1_20260509_044026/iterated_local_search/run_7_worker_3/ils_config_11307712726202454292.prm
[INFO]:[04:51:45] Starting CPLEX solver on instance: /home/yorig/tuner/mpils-tests/instances/miplib/easy/lotsize.mps with config: /scratch/yorig/mpils-results-grid-ticks-10000-7may/easy/8proc/seed-1/4_lotsize_seed-1_20260509_044026/iterated_local_search/run_7_worker_3/ils_config_11307712726202454292.prm
[INFO]:[04:51:53] CPLEX results. Gap: 42.030000, upper bound: 2268564.000000, lower bound: 1315008.915398
[INFO]:[04:51:53] CPLEX solver finished. Gap: 42.030000
[INFO]:[04:51:53] Starting CPLEX solver on instance: /home/yorig/tuner/mpils-tests/instances/miplib/easy/lotsize.mps with config: /scratch/yorig/mpils-results-grid-ticks-10000-7may/easy/8proc/seed-1/4_lotsize_seed-1_20260509_044026/iterated_local_search/run_7_worker_3/ils_config_18150014274802628602.prm
[INFO]:[04:51:53] Starting CPLEX solver on instance: /home/yorig/tuner/mpils-tests/instances/miplib/easy/lotsize.mps with config: /scratch/yorig/mpils-results-grid-ticks-10000-7may/easy/8proc/seed-1/4_lotsize_seed-1_20260509_044026/iterated_local_search/run_7_worker_3/ils_config_18150014274802628602.prm
[INFO]:[04:52:03] CPLEX results. Gap: 22.680000, upper bound: 1703565.000000, lower bound: 1317200.638622
[INFO]:[04:52:03] CPLEX solver finished. Gap: 22.680000
[INFO]:[04:52:03] Starting CPLEX solver on instance: /home/yorig/tuner/mpils-tests/instances/miplib/easy/lotsize.mps with config: /scratch/yorig/mpils-results-grid-ticks-10000-7may/easy/8proc/seed-1/4_lotsize_seed-1_20260509_044026/iterated_local_search/run_7_worker_3/ils_config_350043018294585347.prm
[INFO]:[04:52:03] Starting CPLEX solver on instance: /home/yorig/tuner/mpils-tests/instances/miplib/easy/lotsize.mps with config: /scratch/yorig/mpils-results-grid-ticks-10000-7may/easy/8proc/seed-1/4_lotsize_seed-1_20260509_044026/iterated_local_search/run_7_worker_3/ils_config_350043018294585347.prm
[INFO]:[04:52:12] CPLEX results. Gap: 36.600000, upper bound: 2076714.000000, lower bound: 1316667.563493
[INFO]:[04:52:12] CPLEX solver finished. Gap: 36.600000
[INFO]:[04:52:12] Starting CPLEX solver on instance: /home/yorig/tuner/mpils-tests/instances/miplib/easy/lotsize.mps with config: /scratch/yorig/mpils-results-grid-ticks-10000-7may/easy/8proc/seed-1/4_lotsize_seed-1_20260509_044026/iterated_local_search/run_7_worker_3/ils_config_5206912034567503043.prm
[INFO]:[04:52:12] Starting CPLEX solver on instance: /home/yorig/tuner/mpils-tests/instances/miplib/easy/lotsize.mps with config: /scratch/yorig/mpils-results-grid-ticks-10000-7may/easy/8proc/seed-1/4_lotsize_seed-1_20260509_044026/iterated_local_search/run_7_worker_3/ils_config_5206912034567503043.prm
[INFO]:[04:52:20] CPLEX results. Gap: 69.850000, upper bound: 3027439.000000, lower bound: 912768.184956
[INFO]:[04:52:20] CPLEX solver finished. Gap: 69.850000
[INFO]:[04:52:20] Starting CPLEX solver on instance: /home/yorig/tuner/mpils-tests/instances/miplib/easy/lotsize.mps with config: /scratch/yorig/mpils-results-grid-ticks-10000-7may/easy/8proc/seed-1/4_lotsize_seed-1_20260509_044026/iterated_local_search/run_7_worker_3/ils_config_634062253112607650.prm
[INFO]:[04:52:20] Starting CPLEX solver on instance: /home/yorig/tuner/mpils-tests/instances/miplib/easy/lotsize.mps with config: /scratch/yorig/mpils-results-grid-ticks-10000-7may/easy/8proc/seed-1/4_lotsize_seed-1_20260509_044026/iterated_local_search/run_7_worker_3/ils_config_634062253112607650.prm
[INFO]:[04:52:29] CPLEX results. Gap: 27.900000, upper bound: 1829439.000000, lower bound: 1318936.863813
[INFO]:[04:52:29] CPLEX solver finished. Gap: 27.900000
[INFO]:[04:52:29] Starting CPLEX solver on instance: /home/yorig/tuner/mpils-tests/instances/miplib/easy/lotsize.mps with config: /scratch/yorig/mpils-results-grid-ticks-10000-7may/easy/8proc/seed-1/4_lotsize_seed-1_20260509_044026/iterated_local_search/run_7_worker_3/ils_config_14311444759684130070.prm
[INFO]:[04:52:29] Starting CPLEX solver on instance: /home/yorig/tuner/mpils-tests/instances/miplib/easy/lotsize.mps with config: /scratch/yorig/mpils-results-grid-ticks-10000-7may/easy/8proc/seed-1/4_lotsize_seed-1_20260509_044026/iterated_local_search/run_7_worker_3/ils_config_14311444759684130070.prm
[INFO]:[04:52:39] CPLEX results. Gap: 22.680000, upper bound: 1703565.000000, lower bound: 1317200.638622
[INFO]:[04:52:39] CPLEX solver finished. Gap: 22.680000
[INFO]:[04:52:39] Starting CPLEX solver on instance: /home/yorig/tuner/mpils-tests/instances/miplib/easy/lotsize.mps with config: /scratch/yorig/mpils-results-grid-ticks-10000-7may/easy/8proc/seed-1/4_lotsize_seed-1_20260509_044026/iterated_local_search/run_7_worker_3/ils_config_10506406541206027644.prm
[INFO]:[04:52:39] Starting CPLEX solver on instance: /home/yorig/tuner/mpils-tests/instances/miplib/easy/lotsize.mps with config: /scratch/yorig/mpils-results-grid-ticks-10000-7may/easy/8proc/seed-1/4_lotsize_seed-1_20260509_044026/iterated_local_search/run_7_worker_3/ils_config_10506406541206027644.prm
[INFO]:[04:52:48] CPLEX results. Gap: 26.150000, upper bound: 1775468.000000, lower bound: 1311245.543738
[INFO]:[04:52:48] CPLEX solver finished. Gap: 26.150000
[INFO]:[04:52:48] Starting CPLEX solver on instance: /home/yorig/tuner/mpils-tests/instances/miplib/easy/lotsize.mps with config: /scratch/yorig/mpils-results-grid-ticks-10000-7may/easy/8proc/seed-1/4_lotsize_seed-1_20260509_044026/iterated_local_search/run_7_worker_3/ils_config_11384779414574836894.prm
[INFO]:[04:52:48] Starting CPLEX solver on instance: /home/yorig/tuner/mpils-tests/instances/miplib/easy/lotsize.mps with config: /scratch/yorig/mpils-results-grid-ticks-10000-7may/easy/8proc/seed-1/4_lotsize_seed-1_20260509_044026/iterated_local_search/run_7_worker_3/ils_config_11384779414574836894.prm
[INFO]:[04:52:54] CPLEX results. Gap: 33.050000, upper bound: 1917028.999995, lower bound: 1283462.010549
[INFO]:[04:52:54] CPLEX solver finished. Gap: 33.050000
[INFO]:[04:52:54] Local search phase completed.
[INFO]:[04:52:54] Total number of new local-search evaluations: 18
[INFO]:[04:52:54] Final incumbent objective value: 22.68
[INFO]:[04:52:54] Worker 3 completed exploration phase.
[INFO]:[04:52:55] Worker 3 received order for step 2.
[INFO]:[04:52:55] Worker 3 running expansion phase for iteration 7.
[INFO]:[04:52:55] Worker 3 will use solver log file: /scratch/yorig/mpils-results-grid-ticks-10000-7may/easy/8proc/seed-1/4_lotsize_seed-1_20260509_044026/solver/cplex.log_iteration_expansion_7_worker_3
[INFO]:[04:52:55] Expansion Worker 3 starting expansion for iteration 7.
[INFO]:[04:52:55] Starting CPLEX solver on instance: /home/yorig/tuner/mpils-tests/instances/miplib/easy/lotsize.mps with config: /scratch/yorig/mpils-results-grid-ticks-10000-7may/easy/8proc/seed-1/4_lotsize_seed-1_20260509_044026/expansion/config_param_CPXPARAM_Preprocessing_Fill_40_iter_7.prm
[INFO]:[04:53:02] CPLEX results. Gap: 11.340000, upper bound: 1520042.000000, lower bound: 1347732.066178
[INFO]:[04:53:02] CPLEX solver finished. Gap: 11.340000
[INFO]:[04:53:02] Starting CPLEX solver on instance: /home/yorig/tuner/mpils-tests/instances/miplib/easy/lotsize.mps with config: /scratch/yorig/mpils-results-grid-ticks-10000-7may/easy/8proc/seed-1/4_lotsize_seed-1_20260509_044026/expansion/config_param_CPXPARAM_Barrier_StartAlg_4_iter_7.prm
[INFO]:[04:53:09] CPLEX results. Gap: 11.340000, upper bound: 1520042.000000, lower bound: 1347732.066178
[INFO]:[04:53:09] CPLEX solver finished. Gap: 11.340000
[INFO]:[04:53:10] Starting CPLEX solver on instance: /home/yorig/tuner/mpils-tests/instances/miplib/easy/lotsize.mps with config: /scratch/yorig/mpils-results-grid-ticks-10000-7may/easy/8proc/seed-1/4_lotsize_seed-1_20260509_044026/expansion/config_param_CPXPARAM_Simplex_Crash_0_iter_7.prm
[INFO]:[04:53:17] CPLEX results. Gap: 11.340000, upper bound: 1520042.000000, lower bound: 1347732.066178
[INFO]:[04:53:17] CPLEX solver finished. Gap: 11.340000
[INFO]:[04:53:17] Starting CPLEX solver on instance: /home/yorig/tuner/mpils-tests/instances/miplib/easy/lotsize.mps with config: /scratch/yorig/mpils-results-grid-ticks-10000-7may/easy/8proc/seed-1/4_lotsize_seed-1_20260509_044026/expansion/config_param_CPXPARAM_Feasopt_Mode_4_iter_7.prm
[INFO]:[04:53:24] CPLEX results. Gap: 11.340000, upper bound: 1520042.000000, lower bound: 1347732.066178
[INFO]:[04:53:24] CPLEX solver finished. Gap: 11.340000
[INFO]:[04:53:24] Expansion Worker 3 completed expansion.
[INFO]:[04:53:24] Worker 3 completed expansion phase.
[INFO]:[04:53:25] Worker 3 received order for step 1.
[INFO]:[04:53:25] Worker 3 running exploration phase for iteration 8.
[INFO]:[04:53:25] Worker 3 at iteration 8 will not use a MIP start file. Current best MIP-start upper bound threshold is 1.79769e+308.
[INFO]:[04:53:25] Starting local search phase...
[INFO]:[04:53:25] Creating local search space from parameter space file: /scratch/yorig/mpils-results-grid-ticks-10000-7may/easy/8proc/seed-1/4_lotsize_seed-1_20260509_044026/iterated_local_search/search_space/search_space_file_8_worker_3.txt
[INFO]:[04:53:25] Local search space loaded from file: /scratch/yorig/mpils-results-grid-ticks-10000-7may/easy/8proc/seed-1/4_lotsize_seed-1_20260509_044026/iterated_local_search/search_space/search_space_file_8_worker_3.txt
[INFO]:[04:53:25] Number of parameters in local search space: 71
[INFO]:[04:53:25] Number of forbidden tuples in local search space: 180
[INFO]:[04:53:25] Number of conditionals in local search space: 6
[INFO]:[04:53:25] MIP start option not enabled. Local search will proceed without MIP start.
[INFO]:[04:53:25] Evaluating initial configuration for local search phase...
[INFO]:[04:53:25] Starting CPLEX solver on instance: /home/yorig/tuner/mpils-tests/instances/miplib/easy/lotsize.mps with config: /scratch/yorig/mpils-results-grid-ticks-10000-7may/easy/8proc/seed-1/4_lotsize_seed-1_20260509_044026/iterated_local_search/run_8_worker_3/ils_config_14624314569158222908.prm
[INFO]:[04:53:25] Starting CPLEX solver on instance: /home/yorig/tuner/mpils-tests/instances/miplib/easy/lotsize.mps with config: /scratch/yorig/mpils-results-grid-ticks-10000-7may/easy/8proc/seed-1/4_lotsize_seed-1_20260509_044026/iterated_local_search/run_8_worker_3/ils_config_14624314569158222908.prm
[INFO]:[04:53:31] CPLEX results. Gap: 20.690000, upper bound: 1688215.000000, lower bound: 1338891.670704
[INFO]:[04:53:31] CPLEX solver finished. Gap: 20.690000
[INFO]:[04:53:31] Initial configuration evaluated with objective value: 20.69
[INFO]:[04:53:31] Starting CPLEX solver on instance: /home/yorig/tuner/mpils-tests/instances/miplib/easy/lotsize.mps with config: /scratch/yorig/mpils-results-grid-ticks-10000-7may/easy/8proc/seed-1/4_lotsize_seed-1_20260509_044026/iterated_local_search/run_8_worker_3/ils_config_17575061028633299169.prm
[INFO]:[04:53:31] Starting CPLEX solver on instance: /home/yorig/tuner/mpils-tests/instances/miplib/easy/lotsize.mps with config: /scratch/yorig/mpils-results-grid-ticks-10000-7may/easy/8proc/seed-1/4_lotsize_seed-1_20260509_044026/iterated_local_search/run_8_worker_3/ils_config_17575061028633299169.prm
[INFO]:[04:53:37] CPLEX results. Gap: 24.910000, upper bound: 1788389.000000, lower bound: 1342970.714873
[INFO]:[04:53:37] CPLEX solver finished. Gap: 24.910000
[INFO]:[04:53:37] Starting CPLEX solver on instance: /home/yorig/tuner/mpils-tests/instances/miplib/easy/lotsize.mps with config: /scratch/yorig/mpils-results-grid-ticks-10000-7may/easy/8proc/seed-1/4_lotsize_seed-1_20260509_044026/iterated_local_search/run_8_worker_3/ils_config_4592253327393554807.prm
[INFO]:[04:53:37] Starting CPLEX solver on instance: /home/yorig/tuner/mpils-tests/instances/miplib/easy/lotsize.mps with config: /scratch/yorig/mpils-results-grid-ticks-10000-7may/easy/8proc/seed-1/4_lotsize_seed-1_20260509_044026/iterated_local_search/run_8_worker_3/ils_config_4592253327393554807.prm
[INFO]:[04:53:43] CPLEX results. Gap: 26.280000, upper bound: 1817668.999994, lower bound: 1339950.226098
[INFO]:[04:53:43] CPLEX solver finished. Gap: 26.280000
[INFO]:[04:53:43] Starting CPLEX solver on instance: /home/yorig/tuner/mpils-tests/instances/miplib/easy/lotsize.mps with config: /scratch/yorig/mpils-results-grid-ticks-10000-7may/easy/8proc/seed-1/4_lotsize_seed-1_20260509_044026/iterated_local_search/run_8_worker_3/ils_config_9885035601765705469.prm
[INFO]:[04:53:43] Starting CPLEX solver on instance: /home/yorig/tuner/mpils-tests/instances/miplib/easy/lotsize.mps with config: /scratch/yorig/mpils-results-grid-ticks-10000-7may/easy/8proc/seed-1/4_lotsize_seed-1_20260509_044026/iterated_local_search/run_8_worker_3/ils_config_9885035601765705469.prm
[INFO]:[04:53:49] CPLEX results. Gap: 23.600000, upper bound: 1762957.000000, lower bound: 1346936.398028
[INFO]:[04:53:49] CPLEX solver finished. Gap: 23.600000
[INFO]:[04:53:49] Starting CPLEX solver on instance: /home/yorig/tuner/mpils-tests/instances/miplib/easy/lotsize.mps with config: /scratch/yorig/mpils-results-grid-ticks-10000-7may/easy/8proc/seed-1/4_lotsize_seed-1_20260509_044026/iterated_local_search/run_8_worker_3/ils_config_15476595006804012955.prm
[INFO]:[04:53:49] Starting CPLEX solver on instance: /home/yorig/tuner/mpils-tests/instances/miplib/easy/lotsize.mps with config: /scratch/yorig/mpils-results-grid-ticks-10000-7may/easy/8proc/seed-1/4_lotsize_seed-1_20260509_044026/iterated_local_search/run_8_worker_3/ils_config_15476595006804012955.prm
[INFO]:[04:53:55] CPLEX results. Gap: 25.580000, upper bound: 1798206.000000, lower bound: 1338166.996339
[INFO]:[04:53:55] CPLEX solver finished. Gap: 25.580000
[INFO]:[04:53:55] Starting CPLEX solver on instance: /home/yorig/tuner/mpils-tests/instances/miplib/easy/lotsize.mps with config: /scratch/yorig/mpils-results-grid-ticks-10000-7may/easy/8proc/seed-1/4_lotsize_seed-1_20260509_044026/iterated_local_search/run_8_worker_3/ils_config_2579128126055774004.prm
[INFO]:[04:53:55] Starting CPLEX solver on instance: /home/yorig/tuner/mpils-tests/instances/miplib/easy/lotsize.mps with config: /scratch/yorig/mpils-results-grid-ticks-10000-7may/easy/8proc/seed-1/4_lotsize_seed-1_20260509_044026/iterated_local_search/run_8_worker_3/ils_config_2579128126055774004.prm
[INFO]:[04:54:00] CPLEX results. Gap: 34.870000, upper bound: 1909541.999995, lower bound: 1243620.677269
[INFO]:[04:54:00] CPLEX solver finished. Gap: 34.870000
[INFO]:[04:54:00] Starting CPLEX solver on instance: /home/yorig/tuner/mpils-tests/instances/miplib/easy/lotsize.mps with config: /scratch/yorig/mpils-results-grid-ticks-10000-7may/easy/8proc/seed-1/4_lotsize_seed-1_20260509_044026/iterated_local_search/run_8_worker_3/ils_config_8939233276552666102.prm
[INFO]:[04:54:00] Starting CPLEX solver on instance: /home/yorig/tuner/mpils-tests/instances/miplib/easy/lotsize.mps with config: /scratch/yorig/mpils-results-grid-ticks-10000-7may/easy/8proc/seed-1/4_lotsize_seed-1_20260509_044026/iterated_local_search/run_8_worker_3/ils_config_8939233276552666102.prm
[INFO]:[04:54:07] CPLEX results. Gap: 36.730000, upper bound: 2017069.000000, lower bound: 1276120.472587
[INFO]:[04:54:07] CPLEX solver finished. Gap: 36.730000
[INFO]:[04:54:07] Starting CPLEX solver on instance: /home/yorig/tuner/mpils-tests/instances/miplib/easy/lotsize.mps with config: /scratch/yorig/mpils-results-grid-ticks-10000-7may/easy/8proc/seed-1/4_lotsize_seed-1_20260509_044026/iterated_local_search/run_8_worker_3/ils_config_916504988709177093.prm
[INFO]:[04:54:07] Starting CPLEX solver on instance: /home/yorig/tuner/mpils-tests/instances/miplib/easy/lotsize.mps with config: /scratch/yorig/mpils-results-grid-ticks-10000-7may/easy/8proc/seed-1/4_lotsize_seed-1_20260509_044026/iterated_local_search/run_8_worker_3/ils_config_916504988709177093.prm
[INFO]:[04:54:13] CPLEX results. Gap: 31.270000, upper bound: 1917869.999997, lower bound: 1318083.369316
[INFO]:[04:54:13] CPLEX solver finished. Gap: 31.270000
[INFO]:[04:54:13] Starting CPLEX solver on instance: /home/yorig/tuner/mpils-tests/instances/miplib/easy/lotsize.mps with config: /scratch/yorig/mpils-results-grid-ticks-10000-7may/easy/8proc/seed-1/4_lotsize_seed-1_20260509_044026/iterated_local_search/run_8_worker_3/ils_config_4222807918534084424.prm
[INFO]:[04:54:13] Starting CPLEX solver on instance: /home/yorig/tuner/mpils-tests/instances/miplib/easy/lotsize.mps with config: /scratch/yorig/mpils-results-grid-ticks-10000-7may/easy/8proc/seed-1/4_lotsize_seed-1_20260509_044026/iterated_local_search/run_8_worker_3/ils_config_4222807918534084424.prm
[INFO]:[04:54:19] CPLEX results. Gap: 28.500000, upper bound: 1883673.999993, lower bound: 1346900.098928
[INFO]:[04:54:19] CPLEX solver finished. Gap: 28.500000
[INFO]:[04:54:19] Starting CPLEX solver on instance: /home/yorig/tuner/mpils-tests/instances/miplib/easy/lotsize.mps with config: /scratch/yorig/mpils-results-grid-ticks-10000-7may/easy/8proc/seed-1/4_lotsize_seed-1_20260509_044026/iterated_local_search/run_8_worker_3/ils_config_6898717289878919355.prm
[INFO]:[04:54:19] Starting CPLEX solver on instance: /home/yorig/tuner/mpils-tests/instances/miplib/easy/lotsize.mps with config: /scratch/yorig/mpils-results-grid-ticks-10000-7may/easy/8proc/seed-1/4_lotsize_seed-1_20260509_044026/iterated_local_search/run_8_worker_3/ils_config_6898717289878919355.prm
[INFO]:[04:54:24] CPLEX results. Gap: 17.640000, upper bound: 1635215.000000, lower bound: 1346836.834759
[INFO]:[04:54:24] CPLEX solver finished. Gap: 17.640000
[INFO]:[04:54:24] New incumbent found with objective value: 17.64
[INFO]:[04:54:24] Starting CPLEX solver on instance: /home/yorig/tuner/mpils-tests/instances/miplib/easy/lotsize.mps with config: /scratch/yorig/mpils-results-grid-ticks-10000-7may/easy/8proc/seed-1/4_lotsize_seed-1_20260509_044026/iterated_local_search/run_8_worker_3/ils_config_392823607554042672.prm
[INFO]:[04:54:24] Starting CPLEX solver on instance: /home/yorig/tuner/mpils-tests/instances/miplib/easy/lotsize.mps with config: /scratch/yorig/mpils-results-grid-ticks-10000-7may/easy/8proc/seed-1/4_lotsize_seed-1_20260509_044026/iterated_local_search/run_8_worker_3/ils_config_392823607554042672.prm
[INFO]:[04:54:30] CPLEX results. Gap: 30.980000, upper bound: 1962561.000000, lower bound: 1354546.066090
[INFO]:[04:54:30] CPLEX solver finished. Gap: 30.980000
[INFO]:[04:54:30] Starting CPLEX solver on instance: /home/yorig/tuner/mpils-tests/instances/miplib/easy/lotsize.mps with config: /scratch/yorig/mpils-results-grid-ticks-10000-7may/easy/8proc/seed-1/4_lotsize_seed-1_20260509_044026/iterated_local_search/run_8_worker_3/ils_config_13735017738296417303.prm
[INFO]:[04:54:30] Starting CPLEX solver on instance: /home/yorig/tuner/mpils-tests/instances/miplib/easy/lotsize.mps with config: /scratch/yorig/mpils-results-grid-ticks-10000-7may/easy/8proc/seed-1/4_lotsize_seed-1_20260509_044026/iterated_local_search/run_8_worker_3/ils_config_13735017738296417303.prm
[INFO]:[04:54:36] CPLEX results. Gap: 17.640000, upper bound: 1635215.000000, lower bound: 1346836.834759
[INFO]:[04:54:36] CPLEX solver finished. Gap: 17.640000
[INFO]:[04:54:36] Starting CPLEX solver on instance: /home/yorig/tuner/mpils-tests/instances/miplib/easy/lotsize.mps with config: /scratch/yorig/mpils-results-grid-ticks-10000-7may/easy/8proc/seed-1/4_lotsize_seed-1_20260509_044026/iterated_local_search/run_8_worker_3/ils_config_4674564454729245915.prm
[INFO]:[04:54:36] Starting CPLEX solver on instance: /home/yorig/tuner/mpils-tests/instances/miplib/easy/lotsize.mps with config: /scratch/yorig/mpils-results-grid-ticks-10000-7may/easy/8proc/seed-1/4_lotsize_seed-1_20260509_044026/iterated_local_search/run_8_worker_3/ils_config_4674564454729245915.prm
[INFO]:[04:54:42] CPLEX results. Gap: 19.260000, upper bound: 1662246.000000, lower bound: 1342129.211554
[INFO]:[04:54:42] CPLEX solver finished. Gap: 19.260000
[INFO]:[04:54:42] Starting CPLEX solver on instance: /home/yorig/tuner/mpils-tests/instances/miplib/easy/lotsize.mps with config: /scratch/yorig/mpils-results-grid-ticks-10000-7may/easy/8proc/seed-1/4_lotsize_seed-1_20260509_044026/iterated_local_search/run_8_worker_3/ils_config_5843468735487627002.prm
[INFO]:[04:54:42] Starting CPLEX solver on instance: /home/yorig/tuner/mpils-tests/instances/miplib/easy/lotsize.mps with config: /scratch/yorig/mpils-results-grid-ticks-10000-7may/easy/8proc/seed-1/4_lotsize_seed-1_20260509_044026/iterated_local_search/run_8_worker_3/ils_config_5843468735487627002.prm
[INFO]:[04:54:47] CPLEX results. Gap: 17.640000, upper bound: 1635215.000000, lower bound: 1346836.834759
[INFO]:[04:54:47] CPLEX solver finished. Gap: 17.640000
[INFO]:[04:54:47] Starting CPLEX solver on instance: /home/yorig/tuner/mpils-tests/instances/miplib/easy/lotsize.mps with config: /scratch/yorig/mpils-results-grid-ticks-10000-7may/easy/8proc/seed-1/4_lotsize_seed-1_20260509_044026/iterated_local_search/run_8_worker_3/ils_config_11339627780033796059.prm
[INFO]:[04:54:47] Starting CPLEX solver on instance: /home/yorig/tuner/mpils-tests/instances/miplib/easy/lotsize.mps with config: /scratch/yorig/mpils-results-grid-ticks-10000-7may/easy/8proc/seed-1/4_lotsize_seed-1_20260509_044026/iterated_local_search/run_8_worker_3/ils_config_11339627780033796059.prm
[INFO]:[04:54:53] CPLEX results. Gap: 24.060000, upper bound: 1773551.000000, lower bound: 1346881.812555
[INFO]:[04:54:53] CPLEX solver finished. Gap: 24.060000
[INFO]:[04:54:53] Starting CPLEX solver on instance: /home/yorig/tuner/mpils-tests/instances/miplib/easy/lotsize.mps with config: /scratch/yorig/mpils-results-grid-ticks-10000-7may/easy/8proc/seed-1/4_lotsize_seed-1_20260509_044026/iterated_local_search/run_8_worker_3/ils_config_14796273853615703720.prm
[INFO]:[04:54:53] Starting CPLEX solver on instance: /home/yorig/tuner/mpils-tests/instances/miplib/easy/lotsize.mps with config: /scratch/yorig/mpils-results-grid-ticks-10000-7may/easy/8proc/seed-1/4_lotsize_seed-1_20260509_044026/iterated_local_search/run_8_worker_3/ils_config_14796273853615703720.prm
[INFO]:[04:54:59] CPLEX results. Gap: 17.640000, upper bound: 1635215.000000, lower bound: 1346836.834759
[INFO]:[04:54:59] CPLEX solver finished. Gap: 17.640000
[INFO]:[04:54:59] Starting CPLEX solver on instance: /home/yorig/tuner/mpils-tests/instances/miplib/easy/lotsize.mps with config: /scratch/yorig/mpils-results-grid-ticks-10000-7may/easy/8proc/seed-1/4_lotsize_seed-1_20260509_044026/iterated_local_search/run_8_worker_3/ils_config_206956931085780646.prm
[INFO]:[04:54:59] Starting CPLEX solver on instance: /home/yorig/tuner/mpils-tests/instances/miplib/easy/lotsize.mps with config: /scratch/yorig/mpils-results-grid-ticks-10000-7may/easy/8proc/seed-1/4_lotsize_seed-1_20260509_044026/iterated_local_search/run_8_worker_3/ils_config_206956931085780646.prm
[INFO]:[04:55:04] CPLEX results. Gap: 39.490000, upper bound: 1601176.000000, lower bound: 968809.865530
[INFO]:[04:55:04] CPLEX solver finished. Gap: 39.490000
[INFO]:[04:55:04] Starting CPLEX solver on instance: /home/yorig/tuner/mpils-tests/instances/miplib/easy/lotsize.mps with config: /scratch/yorig/mpils-results-grid-ticks-10000-7may/easy/8proc/seed-1/4_lotsize_seed-1_20260509_044026/iterated_local_search/run_8_worker_3/ils_config_7787766827703418486.prm
[INFO]:[04:55:04] Starting CPLEX solver on instance: /home/yorig/tuner/mpils-tests/instances/miplib/easy/lotsize.mps with config: /scratch/yorig/mpils-results-grid-ticks-10000-7may/easy/8proc/seed-1/4_lotsize_seed-1_20260509_044026/iterated_local_search/run_8_worker_3/ils_config_7787766827703418486.prm
[INFO]:[04:55:10] CPLEX results. Gap: 20.690000, upper bound: 1688215.000000, lower bound: 1338891.670704
[INFO]:[04:55:10] CPLEX solver finished. Gap: 20.690000
[INFO]:[04:55:10] Local search phase completed.
[INFO]:[04:55:10] Total number of new local-search evaluations: 18
[INFO]:[04:55:10] Final incumbent objective value: 17.64
[INFO]:[04:55:57] Worker 3 completed exploration phase.
[INFO]:[04:55:57] Worker 3 received order for step 2.
[INFO]:[04:55:57] Worker 3 running expansion phase for iteration 8.
[INFO]:[04:55:57] Worker 3 will use solver log file: /scratch/yorig/mpils-results-grid-ticks-10000-7may/easy/8proc/seed-1/4_lotsize_seed-1_20260509_044026/solver/cplex.log_iteration_expansion_8_worker_3
[INFO]:[04:55:57] Expansion Worker 3 starting expansion for iteration 8.
[INFO]:[04:55:57] Starting CPLEX solver on instance: /home/yorig/tuner/mpils-tests/instances/miplib/easy/lotsize.mps with config: /scratch/yorig/mpils-results-grid-ticks-10000-7may/easy/8proc/seed-1/4_lotsize_seed-1_20260509_044026/expansion/config_param_CPXPARAM_Network_NetFind_1_iter_8.prm
[INFO]:[04:56:06] CPLEX results. Gap: 14.540000, upper bound: 1578824.000000, lower bound: 1349223.368700
[INFO]:[04:56:06] CPLEX solver finished. Gap: 14.540000
[INFO]:[04:56:06] Starting CPLEX solver on instance: /home/yorig/tuner/mpils-tests/instances/miplib/easy/lotsize.mps with config: /scratch/yorig/mpils-results-grid-ticks-10000-7may/easy/8proc/seed-1/4_lotsize_seed-1_20260509_044026/expansion/config_param_CPXPARAM_Emphasis_Numerical_1_iter_8.prm
[INFO]:[04:56:13] CPLEX results. Gap: 83.130000, upper bound: 7929874.000000, lower bound: 1337883.870711
[INFO]:[04:56:13] CPLEX solver finished. Gap: 83.130000
[INFO]:[04:56:13] Starting CPLEX solver on instance: /home/yorig/tuner/mpils-tests/instances/miplib/easy/lotsize.mps with config: /scratch/yorig/mpils-results-grid-ticks-10000-7may/easy/8proc/seed-1/4_lotsize_seed-1_20260509_044026/expansion/config_param_CPXPARAM_Preprocessing_RepeatPresolve_2_iter_8.prm
[INFO]:[04:56:21] CPLEX results. Gap: 12.060000, upper bound: 1586661.000000, lower bound: 1395386.233318
[INFO]:[04:56:21] CPLEX solver finished. Gap: 12.060000
[INFO]:[04:56:21] Starting CPLEX solver on instance: /home/yorig/tuner/mpils-tests/instances/miplib/easy/lotsize.mps with config: /scratch/yorig/mpils-results-grid-ticks-10000-7may/easy/8proc/seed-1/4_lotsize_seed-1_20260509_044026/expansion/config_param_CPXPARAM_Read_Scale_-1_iter_8.prm
[INFO]:[04:56:30] CPLEX results. Gap: 31.400000, upper bound: 1983110.000000, lower bound: 1360414.919774
[INFO]:[04:56:30] CPLEX solver finished. Gap: 31.400000
[INFO]:[04:56:30] Expansion Worker 3 completed expansion.
[INFO]:[04:56:30] Worker 3 completed expansion phase.
[INFO]:[04:56:31] Worker 3 received order for step 1.
[INFO]:[04:56:31] Worker 3 running exploration phase for iteration 9.
[INFO]:[04:56:31] Worker 3 at iteration 9 will not use a MIP start file. Current best MIP-start upper bound threshold is 1.79769e+308.
[INFO]:[04:56:31] Starting local search phase...
[INFO]:[04:56:31] Creating local search space from parameter space file: /scratch/yorig/mpils-results-grid-ticks-10000-7may/easy/8proc/seed-1/4_lotsize_seed-1_20260509_044026/iterated_local_search/search_space/search_space_file_9_worker_3.txt
[INFO]:[04:56:31] Local search space loaded from file: /scratch/yorig/mpils-results-grid-ticks-10000-7may/easy/8proc/seed-1/4_lotsize_seed-1_20260509_044026/iterated_local_search/search_space/search_space_file_9_worker_3.txt
[INFO]:[04:56:31] Number of parameters in local search space: 71
[INFO]:[04:56:31] Number of forbidden tuples in local search space: 208
[INFO]:[04:56:31] Number of conditionals in local search space: 6
[INFO]:[04:56:31] MIP start option not enabled. Local search will proceed without MIP start.
[INFO]:[04:56:31] Evaluating initial configuration for local search phase...
[INFO]:[04:56:31] Starting CPLEX solver on instance: /home/yorig/tuner/mpils-tests/instances/miplib/easy/lotsize.mps with config: /scratch/yorig/mpils-results-grid-ticks-10000-7may/easy/8proc/seed-1/4_lotsize_seed-1_20260509_044026/iterated_local_search/run_9_worker_3/ils_config_6325959018199391216.prm
[INFO]:[04:56:31] Starting CPLEX solver on instance: /home/yorig/tuner/mpils-tests/instances/miplib/easy/lotsize.mps with config: /scratch/yorig/mpils-results-grid-ticks-10000-7may/easy/8proc/seed-1/4_lotsize_seed-1_20260509_044026/iterated_local_search/run_9_worker_3/ils_config_6325959018199391216.prm
[WARN]:[04:56:37] CPLEX finished without a primal feasible solution for config /scratch/yorig/mpils-results-grid-ticks-10000-7may/easy/8proc/seed-1/4_lotsize_seed-1_20260509_044026/iterated_local_search/run_9_worker_3/ils_config_6325959018199391216.prm.
[INFO]:[04:56:37] CPLEX results. Gap: unavailable, upper bound: null, lower bound: 1106627.095607
[INFO]:[04:56:37] CPLEX solver finished. Gap: 179769313486231570814527423731704356798070567525844996598917476803157260780028538760589558632766878171540458953514382464234321326889464182768467546703537516986049910576551282076245490090389328944075868508455133942304583236903222948165808559332123348274797826204144723168738177180919299881250404026184124858368.000000
[INFO]:[04:56:37] Initial configuration evaluated with objective value: 1.79769e+308
[INFO]:[04:56:37] Starting CPLEX solver on instance: /home/yorig/tuner/mpils-tests/instances/miplib/easy/lotsize.mps with config: /scratch/yorig/mpils-results-grid-ticks-10000-7may/easy/8proc/seed-1/4_lotsize_seed-1_20260509_044026/iterated_local_search/run_9_worker_3/ils_config_13797627276222113155.prm
[INFO]:[04:56:37] Starting CPLEX solver on instance: /home/yorig/tuner/mpils-tests/instances/miplib/easy/lotsize.mps with config: /scratch/yorig/mpils-results-grid-ticks-10000-7may/easy/8proc/seed-1/4_lotsize_seed-1_20260509_044026/iterated_local_search/run_9_worker_3/ils_config_13797627276222113155.prm
[WARN]:[04:56:44] CPLEX finished without a primal feasible solution for config /scratch/yorig/mpils-results-grid-ticks-10000-7may/easy/8proc/seed-1/4_lotsize_seed-1_20260509_044026/iterated_local_search/run_9_worker_3/ils_config_13797627276222113155.prm.
[INFO]:[04:56:44] CPLEX results. Gap: unavailable, upper bound: null, lower bound: 1106627.095607
[INFO]:[04:56:44] CPLEX solver finished. Gap: 179769313486231570814527423731704356798070567525844996598917476803157260780028538760589558632766878171540458953514382464234321326889464182768467546703537516986049910576551282076245490090389328944075868508455133942304583236903222948165808559332123348274797826204144723168738177180919299881250404026184124858368.000000
[INFO]:[04:56:44] Starting CPLEX solver on instance: /home/yorig/tuner/mpils-tests/instances/miplib/easy/lotsize.mps with config: /scratch/yorig/mpils-results-grid-ticks-10000-7may/easy/8proc/seed-1/4_lotsize_seed-1_20260509_044026/iterated_local_search/run_9_worker_3/ils_config_17552120950353952675.prm
[INFO]:[04:56:44] Starting CPLEX solver on instance: /home/yorig/tuner/mpils-tests/instances/miplib/easy/lotsize.mps with config: /scratch/yorig/mpils-results-grid-ticks-10000-7may/easy/8proc/seed-1/4_lotsize_seed-1_20260509_044026/iterated_local_search/run_9_worker_3/ils_config_17552120950353952675.prm
[WARN]:[04:56:50] CPLEX finished without a primal feasible solution for config /scratch/yorig/mpils-results-grid-ticks-10000-7may/easy/8proc/seed-1/4_lotsize_seed-1_20260509_044026/iterated_local_search/run_9_worker_3/ils_config_17552120950353952675.prm.
[INFO]:[04:56:50] CPLEX results. Gap: unavailable, upper bound: null, lower bound: 1122119.060766
[INFO]:[04:56:50] CPLEX solver finished. Gap: 179769313486231570814527423731704356798070567525844996598917476803157260780028538760589558632766878171540458953514382464234321326889464182768467546703537516986049910576551282076245490090389328944075868508455133942304583236903222948165808559332123348274797826204144723168738177180919299881250404026184124858368.000000
[INFO]:[04:56:50] Starting CPLEX solver on instance: /home/yorig/tuner/mpils-tests/instances/miplib/easy/lotsize.mps with config: /scratch/yorig/mpils-results-grid-ticks-10000-7may/easy/8proc/seed-1/4_lotsize_seed-1_20260509_044026/iterated_local_search/run_9_worker_3/ils_config_246041601198073216.prm
[INFO]:[04:56:50] Starting CPLEX solver on instance: /home/yorig/tuner/mpils-tests/instances/miplib/easy/lotsize.mps with config: /scratch/yorig/mpils-results-grid-ticks-10000-7may/easy/8proc/seed-1/4_lotsize_seed-1_20260509_044026/iterated_local_search/run_9_worker_3/ils_config_246041601198073216.prm
[INFO]:[04:56:56] CPLEX results. Gap: 35.770000, upper bound: 1778104.000000, lower bound: 1142095.515425
[INFO]:[04:56:56] CPLEX solver finished. Gap: 35.770000
[INFO]:[04:56:56] New incumbent found with objective value: 35.77
[INFO]:[04:56:56] Starting CPLEX solver on instance: /home/yorig/tuner/mpils-tests/instances/miplib/easy/lotsize.mps with config: /scratch/yorig/mpils-results-grid-ticks-10000-7may/easy/8proc/seed-1/4_lotsize_seed-1_20260509_044026/iterated_local_search/run_9_worker_3/ils_config_1602109740343511897.prm
[INFO]:[04:56:56] Starting CPLEX solver on instance: /home/yorig/tuner/mpils-tests/instances/miplib/easy/lotsize.mps with config: /scratch/yorig/mpils-results-grid-ticks-10000-7may/easy/8proc/seed-1/4_lotsize_seed-1_20260509_044026/iterated_local_search/run_9_worker_3/ils_config_1602109740343511897.prm
[INFO]:[04:57:02] CPLEX results. Gap: 47.160000, upper bound: 1778104.000000, lower bound: 939533.082713
[INFO]:[04:57:02] CPLEX solver finished. Gap: 47.160000
[INFO]:[04:57:02] Starting CPLEX solver on instance: /home/yorig/tuner/mpils-tests/instances/miplib/easy/lotsize.mps with config: /scratch/yorig/mpils-results-grid-ticks-10000-7may/easy/8proc/seed-1/4_lotsize_seed-1_20260509_044026/iterated_local_search/run_9_worker_3/ils_config_17157590485212671239.prm
[INFO]:[04:57:02] Starting CPLEX solver on instance: /home/yorig/tuner/mpils-tests/instances/miplib/easy/lotsize.mps with config: /scratch/yorig/mpils-results-grid-ticks-10000-7may/easy/8proc/seed-1/4_lotsize_seed-1_20260509_044026/iterated_local_search/run_9_worker_3/ils_config_17157590485212671239.prm
[INFO]:[04:57:08] CPLEX results. Gap: 28.750000, upper bound: 1778104.000000, lower bound: 1266846.962034
[INFO]:[04:57:08] CPLEX solver finished. Gap: 28.750000
[INFO]:[04:57:08] New incumbent found with objective value: 28.75
[INFO]:[04:57:08] Starting CPLEX solver on instance: /home/yorig/tuner/mpils-tests/instances/miplib/easy/lotsize.mps with config: /scratch/yorig/mpils-results-grid-ticks-10000-7may/easy/8proc/seed-1/4_lotsize_seed-1_20260509_044026/iterated_local_search/run_9_worker_3/ils_config_14549826442539775555.prm
[INFO]:[04:57:08] Starting CPLEX solver on instance: /home/yorig/tuner/mpils-tests/instances/miplib/easy/lotsize.mps with config: /scratch/yorig/mpils-results-grid-ticks-10000-7may/easy/8proc/seed-1/4_lotsize_seed-1_20260509_044026/iterated_local_search/run_9_worker_3/ils_config_14549826442539775555.prm
[INFO]:[04:57:13] CPLEX results. Gap: 31.970000, upper bound: 1875095.000000, lower bound: 1275567.210721
[INFO]:[04:57:13] CPLEX solver finished. Gap: 31.970000
[INFO]:[04:57:13] Starting CPLEX solver on instance: /home/yorig/tuner/mpils-tests/instances/miplib/easy/lotsize.mps with config: /scratch/yorig/mpils-results-grid-ticks-10000-7may/easy/8proc/seed-1/4_lotsize_seed-1_20260509_044026/iterated_local_search/run_9_worker_3/ils_config_881060446249501164.prm
[INFO]:[04:57:13] Starting CPLEX solver on instance: /home/yorig/tuner/mpils-tests/instances/miplib/easy/lotsize.mps with config: /scratch/yorig/mpils-results-grid-ticks-10000-7may/easy/8proc/seed-1/4_lotsize_seed-1_20260509_044026/iterated_local_search/run_9_worker_3/ils_config_881060446249501164.prm
[INFO]:[04:57:19] CPLEX results. Gap: 28.630000, upper bound: 1778104.000000, lower bound: 1269023.167588
[INFO]:[04:57:19] CPLEX solver finished. Gap: 28.630000
[INFO]:[04:57:19] New incumbent found with objective value: 28.63
[INFO]:[04:57:19] Starting CPLEX solver on instance: /home/yorig/tuner/mpils-tests/instances/miplib/easy/lotsize.mps with config: /scratch/yorig/mpils-results-grid-ticks-10000-7may/easy/8proc/seed-1/4_lotsize_seed-1_20260509_044026/iterated_local_search/run_9_worker_3/ils_config_8314522605757700577.prm
[INFO]:[04:57:19] Starting CPLEX solver on instance: /home/yorig/tuner/mpils-tests/instances/miplib/easy/lotsize.mps with config: /scratch/yorig/mpils-results-grid-ticks-10000-7may/easy/8proc/seed-1/4_lotsize_seed-1_20260509_044026/iterated_local_search/run_9_worker_3/ils_config_8314522605757700577.prm
[INFO]:[04:57:25] CPLEX results. Gap: 28.630000, upper bound: 1778104.000000, lower bound: 1269023.167588
[INFO]:[04:57:25] CPLEX solver finished. Gap: 28.630000
[INFO]:[04:57:25] Starting CPLEX solver on instance: /home/yorig/tuner/mpils-tests/instances/miplib/easy/lotsize.mps with config: /scratch/yorig/mpils-results-grid-ticks-10000-7may/easy/8proc/seed-1/4_lotsize_seed-1_20260509_044026/iterated_local_search/run_9_worker_3/ils_config_18368851245538646342.prm
[INFO]:[04:57:25] Starting CPLEX solver on instance: /home/yorig/tuner/mpils-tests/instances/miplib/easy/lotsize.mps with config: /scratch/yorig/mpils-results-grid-ticks-10000-7may/easy/8proc/seed-1/4_lotsize_seed-1_20260509_044026/iterated_local_search/run_9_worker_3/ils_config_18368851245538646342.prm
[INFO]:[04:57:31] CPLEX results. Gap: 27.200000, upper bound: 1768002.999995, lower bound: 1287127.878848
[INFO]:[04:57:31] CPLEX solver finished. Gap: 27.200000
[INFO]:[04:57:31] New incumbent found with objective value: 27.2
[INFO]:[04:57:31] Starting CPLEX solver on instance: /home/yorig/tuner/mpils-tests/instances/miplib/easy/lotsize.mps with config: /scratch/yorig/mpils-results-grid-ticks-10000-7may/easy/8proc/seed-1/4_lotsize_seed-1_20260509_044026/iterated_local_search/run_9_worker_3/ils_config_2007850014604105028.prm
[INFO]:[04:57:31] Starting CPLEX solver on instance: /home/yorig/tuner/mpils-tests/instances/miplib/easy/lotsize.mps with config: /scratch/yorig/mpils-results-grid-ticks-10000-7may/easy/8proc/seed-1/4_lotsize_seed-1_20260509_044026/iterated_local_search/run_9_worker_3/ils_config_2007850014604105028.prm
[INFO]:[04:57:37] CPLEX results. Gap: 29.100000, upper bound: 1807768.000000, lower bound: 1281744.788960
[INFO]:[04:57:37] CPLEX solver finished. Gap: 29.100000
[INFO]:[04:57:37] Starting CPLEX solver on instance: /home/yorig/tuner/mpils-tests/instances/miplib/easy/lotsize.mps with config: /scratch/yorig/mpils-results-grid-ticks-10000-7may/easy/8proc/seed-1/4_lotsize_seed-1_20260509_044026/iterated_local_search/run_9_worker_3/ils_config_14782365600058125760.prm
[INFO]:[04:57:37] Starting CPLEX solver on instance: /home/yorig/tuner/mpils-tests/instances/miplib/easy/lotsize.mps with config: /scratch/yorig/mpils-results-grid-ticks-10000-7may/easy/8proc/seed-1/4_lotsize_seed-1_20260509_044026/iterated_local_search/run_9_worker_3/ils_config_14782365600058125760.prm
[INFO]:[04:57:43] CPLEX results. Gap: 27.100000, upper bound: 1773508.000000, lower bound: 1292970.271955
[INFO]:[04:57:43] CPLEX solver finished. Gap: 27.100000
[INFO]:[04:57:43] New incumbent found with objective value: 27.1
[INFO]:[04:57:43] Starting CPLEX solver on instance: /home/yorig/tuner/mpils-tests/instances/miplib/easy/lotsize.mps with config: /scratch/yorig/mpils-results-grid-ticks-10000-7may/easy/8proc/seed-1/4_lotsize_seed-1_20260509_044026/iterated_local_search/run_9_worker_3/ils_config_7674922342664876385.prm
[INFO]:[04:57:43] Starting CPLEX solver on instance: /home/yorig/tuner/mpils-tests/instances/miplib/easy/lotsize.mps with config: /scratch/yorig/mpils-results-grid-ticks-10000-7may/easy/8proc/seed-1/4_lotsize_seed-1_20260509_044026/iterated_local_search/run_9_worker_3/ils_config_7674922342664876385.prm
[WARN]:[04:57:51] CPLEX finished without a primal feasible solution for config /scratch/yorig/mpils-results-grid-ticks-10000-7may/easy/8proc/seed-1/4_lotsize_seed-1_20260509_044026/iterated_local_search/run_9_worker_3/ils_config_7674922342664876385.prm.
[INFO]:[04:57:51] CPLEX results. Gap: unavailable, upper bound: null, lower bound: 1265295.552010
[INFO]:[04:57:51] CPLEX solver finished. Gap: 179769313486231570814527423731704356798070567525844996598917476803157260780028538760589558632766878171540458953514382464234321326889464182768467546703537516986049910576551282076245490090389328944075868508455133942304583236903222948165808559332123348274797826204144723168738177180919299881250404026184124858368.000000
[INFO]:[04:57:51] Starting CPLEX solver on instance: /home/yorig/tuner/mpils-tests/instances/miplib/easy/lotsize.mps with config: /scratch/yorig/mpils-results-grid-ticks-10000-7may/easy/8proc/seed-1/4_lotsize_seed-1_20260509_044026/iterated_local_search/run_9_worker_3/ils_config_1590101080379550001.prm
[INFO]:[04:57:51] Starting CPLEX solver on instance: /home/yorig/tuner/mpils-tests/instances/miplib/easy/lotsize.mps with config: /scratch/yorig/mpils-results-grid-ticks-10000-7may/easy/8proc/seed-1/4_lotsize_seed-1_20260509_044026/iterated_local_search/run_9_worker_3/ils_config_1590101080379550001.prm
[INFO]:[04:57:57] CPLEX results. Gap: 24.560000, upper bound: 1732131.000000, lower bound: 1306760.163647
[INFO]:[04:57:57] CPLEX solver finished. Gap: 24.560000
[INFO]:[04:57:57] New incumbent found with objective value: 24.56
[INFO]:[04:57:57] Starting CPLEX solver on instance: /home/yorig/tuner/mpils-tests/instances/miplib/easy/lotsize.mps with config: /scratch/yorig/mpils-results-grid-ticks-10000-7may/easy/8proc/seed-1/4_lotsize_seed-1_20260509_044026/iterated_local_search/run_9_worker_3/ils_config_5436110872335527903.prm
[INFO]:[04:57:57] Starting CPLEX solver on instance: /home/yorig/tuner/mpils-tests/instances/miplib/easy/lotsize.mps with config: /scratch/yorig/mpils-results-grid-ticks-10000-7may/easy/8proc/seed-1/4_lotsize_seed-1_20260509_044026/iterated_local_search/run_9_worker_3/ils_config_5436110872335527903.prm
[INFO]:[04:58:03] CPLEX results. Gap: 24.560000, upper bound: 1732131.000000, lower bound: 1306760.163647
[INFO]:[04:58:03] CPLEX solver finished. Gap: 24.560000
[INFO]:[04:58:03] Starting CPLEX solver on instance: /home/yorig/tuner/mpils-tests/instances/miplib/easy/lotsize.mps with config: /scratch/yorig/mpils-results-grid-ticks-10000-7may/easy/8proc/seed-1/4_lotsize_seed-1_20260509_044026/iterated_local_search/run_9_worker_3/ils_config_10456546718392349582.prm
[INFO]:[04:58:03] Starting CPLEX solver on instance: /home/yorig/tuner/mpils-tests/instances/miplib/easy/lotsize.mps with config: /scratch/yorig/mpils-results-grid-ticks-10000-7may/easy/8proc/seed-1/4_lotsize_seed-1_20260509_044026/iterated_local_search/run_9_worker_3/ils_config_10456546718392349582.prm
[INFO]:[04:58:09] CPLEX results. Gap: 23.110000, upper bound: 1687470.000000, lower bound: 1297514.551517
[INFO]:[04:58:09] CPLEX solver finished. Gap: 23.110000
[INFO]:[04:58:09] New incumbent found with objective value: 23.11
[INFO]:[04:58:09] Starting CPLEX solver on instance: /home/yorig/tuner/mpils-tests/instances/miplib/easy/lotsize.mps with config: /scratch/yorig/mpils-results-grid-ticks-10000-7may/easy/8proc/seed-1/4_lotsize_seed-1_20260509_044026/iterated_local_search/run_9_worker_3/ils_config_17452101995609918635.prm
[INFO]:[04:58:09] Starting CPLEX solver on instance: /home/yorig/tuner/mpils-tests/instances/miplib/easy/lotsize.mps with config: /scratch/yorig/mpils-results-grid-ticks-10000-7may/easy/8proc/seed-1/4_lotsize_seed-1_20260509_044026/iterated_local_search/run_9_worker_3/ils_config_17452101995609918635.prm
[INFO]:[04:58:15] CPLEX results. Gap: 23.110000, upper bound: 1687470.000000, lower bound: 1297514.551517
[INFO]:[04:58:15] CPLEX solver finished. Gap: 23.110000
[INFO]:[04:58:15] Starting CPLEX solver on instance: /home/yorig/tuner/mpils-tests/instances/miplib/easy/lotsize.mps with config: /scratch/yorig/mpils-results-grid-ticks-10000-7may/easy/8proc/seed-1/4_lotsize_seed-1_20260509_044026/iterated_local_search/run_9_worker_3/ils_config_17141637046218282542.prm
[INFO]:[04:58:15] Starting CPLEX solver on instance: /home/yorig/tuner/mpils-tests/instances/miplib/easy/lotsize.mps with config: /scratch/yorig/mpils-results-grid-ticks-10000-7may/easy/8proc/seed-1/4_lotsize_seed-1_20260509_044026/iterated_local_search/run_9_worker_3/ils_config_17141637046218282542.prm
[INFO]:[04:58:21] CPLEX results. Gap: 25.560000, upper bound: 1729352.000000, lower bound: 1287271.042953
[INFO]:[04:58:21] CPLEX solver finished. Gap: 25.560000
[INFO]:[04:58:21] Starting CPLEX solver on instance: /home/yorig/tuner/mpils-tests/instances/miplib/easy/lotsize.mps with config: /scratch/yorig/mpils-results-grid-ticks-10000-7may/easy/8proc/seed-1/4_lotsize_seed-1_20260509_044026/iterated_local_search/run_9_worker_3/ils_config_16561525950181224557.prm
[INFO]:[04:58:21] Starting CPLEX solver on instance: /home/yorig/tuner/mpils-tests/instances/miplib/easy/lotsize.mps with config: /scratch/yorig/mpils-results-grid-ticks-10000-7may/easy/8proc/seed-1/4_lotsize_seed-1_20260509_044026/iterated_local_search/run_9_worker_3/ils_config_16561525950181224557.prm
[INFO]:[04:58:27] CPLEX results. Gap: 31.480000, upper bound: 1900810.000000, lower bound: 1302477.855897
[INFO]:[04:58:27] CPLEX solver finished. Gap: 31.480000
[INFO]:[04:58:27] Starting CPLEX solver on instance: /home/yorig/tuner/mpils-tests/instances/miplib/easy/lotsize.mps with config: /scratch/yorig/mpils-results-grid-ticks-10000-7may/easy/8proc/seed-1/4_lotsize_seed-1_20260509_044026/iterated_local_search/run_9_worker_3/ils_config_15865885422498646441.prm
[INFO]:[04:58:27] Starting CPLEX solver on instance: /home/yorig/tuner/mpils-tests/instances/miplib/easy/lotsize.mps with config: /scratch/yorig/mpils-results-grid-ticks-10000-7may/easy/8proc/seed-1/4_lotsize_seed-1_20260509_044026/iterated_local_search/run_9_worker_3/ils_config_15865885422498646441.prm
[INFO]:[04:58:32] CPLEX results. Gap: 33.270000, upper bound: 1958002.000000, lower bound: 1306494.092454
[INFO]:[04:58:32] CPLEX solver finished. Gap: 33.270000
[INFO]:[04:58:32] Starting CPLEX solver on instance: /home/yorig/tuner/mpils-tests/instances/miplib/easy/lotsize.mps with config: /scratch/yorig/mpils-results-grid-ticks-10000-7may/easy/8proc/seed-1/4_lotsize_seed-1_20260509_044026/iterated_local_search/run_9_worker_3/ils_config_16007679520798616446.prm
[INFO]:[04:58:32] Starting CPLEX solver on instance: /home/yorig/tuner/mpils-tests/instances/miplib/easy/lotsize.mps with config: /scratch/yorig/mpils-results-grid-ticks-10000-7may/easy/8proc/seed-1/4_lotsize_seed-1_20260509_044026/iterated_local_search/run_9_worker_3/ils_config_16007679520798616446.prm
[WARN]:[04:58:38] CPLEX finished without a primal feasible solution for config /scratch/yorig/mpils-results-grid-ticks-10000-7may/easy/8proc/seed-1/4_lotsize_seed-1_20260509_044026/iterated_local_search/run_9_worker_3/ils_config_16007679520798616446.prm.
[INFO]:[04:58:38] CPLEX results. Gap: unavailable, upper bound: null, lower bound: 1275445.062907
[INFO]:[04:58:38] CPLEX solver finished. Gap: 179769313486231570814527423731704356798070567525844996598917476803157260780028538760589558632766878171540458953514382464234321326889464182768467546703537516986049910576551282076245490090389328944075868508455133942304583236903222948165808559332123348274797826204144723168738177180919299881250404026184124858368.000000
[INFO]:[04:58:38] Starting CPLEX solver on instance: /home/yorig/tuner/mpils-tests/instances/miplib/easy/lotsize.mps with config: /scratch/yorig/mpils-results-grid-ticks-10000-7may/easy/8proc/seed-1/4_lotsize_seed-1_20260509_044026/iterated_local_search/run_9_worker_3/ils_config_12068903075967522397.prm
[INFO]:[04:58:38] Starting CPLEX solver on instance: /home/yorig/tuner/mpils-tests/instances/miplib/easy/lotsize.mps with config: /scratch/yorig/mpils-results-grid-ticks-10000-7may/easy/8proc/seed-1/4_lotsize_seed-1_20260509_044026/iterated_local_search/run_9_worker_3/ils_config_12068903075967522397.prm
[INFO]:[04:58:44] CPLEX results. Gap: 26.900000, upper bound: 1732776.000000, lower bound: 1266690.639758
[INFO]:[04:58:44] CPLEX solver finished. Gap: 26.900000
[INFO]:[04:58:44] Starting CPLEX solver on instance: /home/yorig/tuner/mpils-tests/instances/miplib/easy/lotsize.mps with config: /scratch/yorig/mpils-results-grid-ticks-10000-7may/easy/8proc/seed-1/4_lotsize_seed-1_20260509_044026/iterated_local_search/run_9_worker_3/ils_config_8647155744993982775.prm
[INFO]:[04:58:44] Starting CPLEX solver on instance: /home/yorig/tuner/mpils-tests/instances/miplib/easy/lotsize.mps with config: /scratch/yorig/mpils-results-grid-ticks-10000-7may/easy/8proc/seed-1/4_lotsize_seed-1_20260509_044026/iterated_local_search/run_9_worker_3/ils_config_8647155744993982775.prm
[INFO]:[04:58:50] CPLEX results. Gap: 23.110000, upper bound: 1687470.000000, lower bound: 1297514.551517
[INFO]:[04:58:50] CPLEX solver finished. Gap: 23.110000
[INFO]:[04:58:50] Starting CPLEX solver on instance: /home/yorig/tuner/mpils-tests/instances/miplib/easy/lotsize.mps with config: /scratch/yorig/mpils-results-grid-ticks-10000-7may/easy/8proc/seed-1/4_lotsize_seed-1_20260509_044026/iterated_local_search/run_9_worker_3/ils_config_7298753645220246125.prm
[INFO]:[04:58:50] Starting CPLEX solver on instance: /home/yorig/tuner/mpils-tests/instances/miplib/easy/lotsize.mps with config: /scratch/yorig/mpils-results-grid-ticks-10000-7may/easy/8proc/seed-1/4_lotsize_seed-1_20260509_044026/iterated_local_search/run_9_worker_3/ils_config_7298753645220246125.prm
[INFO]:[04:58:56] CPLEX results. Gap: 23.110000, upper bound: 1687470.000000, lower bound: 1297514.551517
[INFO]:[04:58:56] CPLEX solver finished. Gap: 23.110000
[INFO]:[04:58:56] Starting CPLEX solver on instance: /home/yorig/tuner/mpils-tests/instances/miplib/easy/lotsize.mps with config: /scratch/yorig/mpils-results-grid-ticks-10000-7may/easy/8proc/seed-1/4_lotsize_seed-1_20260509_044026/iterated_local_search/run_9_worker_3/ils_config_9753795580158138015.prm
[INFO]:[04:58:56] Starting CPLEX solver on instance: /home/yorig/tuner/mpils-tests/instances/miplib/easy/lotsize.mps with config: /scratch/yorig/mpils-results-grid-ticks-10000-7may/easy/8proc/seed-1/4_lotsize_seed-1_20260509_044026/iterated_local_search/run_9_worker_3/ils_config_9753795580158138015.prm
[INFO]:[04:59:01] CPLEX results. Gap: 23.110000, upper bound: 1687470.000000, lower bound: 1297514.551517
[INFO]:[04:59:01] CPLEX solver finished. Gap: 23.110000
[INFO]:[04:59:01] Starting CPLEX solver on instance: /home/yorig/tuner/mpils-tests/instances/miplib/easy/lotsize.mps with config: /scratch/yorig/mpils-results-grid-ticks-10000-7may/easy/8proc/seed-1/4_lotsize_seed-1_20260509_044026/iterated_local_search/run_9_worker_3/ils_config_2801579513739709509.prm
[INFO]:[04:59:01] Starting CPLEX solver on instance: /home/yorig/tuner/mpils-tests/instances/miplib/easy/lotsize.mps with config: /scratch/yorig/mpils-results-grid-ticks-10000-7may/easy/8proc/seed-1/4_lotsize_seed-1_20260509_044026/iterated_local_search/run_9_worker_3/ils_config_2801579513739709509.prm
[WARN]:[04:59:10] CPLEX finished without a primal feasible solution for config /scratch/yorig/mpils-results-grid-ticks-10000-7may/easy/8proc/seed-1/4_lotsize_seed-1_20260509_044026/iterated_local_search/run_9_worker_3/ils_config_2801579513739709509.prm.
[INFO]:[04:59:10] CPLEX results. Gap: unavailable, upper bound: null, lower bound: 1259324.563062
[INFO]:[04:59:10] CPLEX solver finished. Gap: 179769313486231570814527423731704356798070567525844996598917476803157260780028538760589558632766878171540458953514382464234321326889464182768467546703537516986049910576551282076245490090389328944075868508455133942304583236903222948165808559332123348274797826204144723168738177180919299881250404026184124858368.000000
[INFO]:[04:59:10] Starting CPLEX solver on instance: /home/yorig/tuner/mpils-tests/instances/miplib/easy/lotsize.mps with config: /scratch/yorig/mpils-results-grid-ticks-10000-7may/easy/8proc/seed-1/4_lotsize_seed-1_20260509_044026/iterated_local_search/run_9_worker_3/ils_config_815217046633568147.prm
[INFO]:[04:59:10] Starting CPLEX solver on instance: /home/yorig/tuner/mpils-tests/instances/miplib/easy/lotsize.mps with config: /scratch/yorig/mpils-results-grid-ticks-10000-7may/easy/8proc/seed-1/4_lotsize_seed-1_20260509_044026/iterated_local_search/run_9_worker_3/ils_config_815217046633568147.prm
[INFO]:[04:59:16] CPLEX results. Gap: 18.960000, upper bound: 1653516.000000, lower bound: 1339969.946242
[INFO]:[04:59:16] CPLEX solver finished. Gap: 18.960000
[INFO]:[04:59:16] New incumbent found with objective value: 18.96
[INFO]:[04:59:16] Local search phase completed.
[INFO]:[04:59:16] Total number of new local-search evaluations: 27
[INFO]:[04:59:16] Final incumbent objective value: 18.96
[INFO]:[05:00:35] Worker 3 completed exploration phase.
[INFO]:[05:00:35] Worker 3 received order for step 2.
[INFO]:[05:00:35] Worker 3 running expansion phase for iteration 9.
[INFO]:[05:00:35] Worker 3 will use solver log file: /scratch/yorig/mpils-results-grid-ticks-10000-7may/easy/8proc/seed-1/4_lotsize_seed-1_20260509_044026/solver/cplex.log_iteration_expansion_9_worker_3
[INFO]:[05:00:35] Expansion Worker 3 starting expansion for iteration 9.
[INFO]:[05:00:35] Starting CPLEX solver on instance: /home/yorig/tuner/mpils-tests/instances/miplib/easy/lotsize.mps with config: /scratch/yorig/mpils-results-grid-ticks-10000-7may/easy/8proc/seed-1/4_lotsize_seed-1_20260509_044026/expansion/config_param_CPXPARAM_Sifting_Algorithm_4_iter_9.prm
[INFO]:[05:00:41] CPLEX results. Gap: 10.700000, upper bound: 1560860.000000, lower bound: 1393887.698134
[INFO]:[05:00:41] CPLEX solver finished. Gap: 10.700000
[INFO]:[05:00:41] Expansion Worker 3 stopping early after global MPI expansion stop was activated.
[INFO]:[05:00:41] Expansion Worker 3 completed expansion.
[INFO]:[05:00:41] Worker 3 completed expansion phase.
[INFO]:[05:00:43] Worker 3 received order for step 1.
[INFO]:[05:00:43] Worker 3 running exploration phase for iteration 10.
[INFO]:[05:00:43] Worker 3 at iteration 10 will not use a MIP start file. Current best MIP-start upper bound threshold is 1.79769e+308.
[INFO]:[05:00:43] Starting local search phase...
[INFO]:[05:00:43] Creating local search space from parameter space file: /scratch/yorig/mpils-results-grid-ticks-10000-7may/easy/8proc/seed-1/4_lotsize_seed-1_20260509_044026/iterated_local_search/search_space/search_space_file_10_worker_3.txt
[INFO]:[05:00:43] Local search space loaded from file: /scratch/yorig/mpils-results-grid-ticks-10000-7may/easy/8proc/seed-1/4_lotsize_seed-1_20260509_044026/iterated_local_search/search_space/search_space_file_10_worker_3.txt
[INFO]:[05:00:43] Number of parameters in local search space: 71
[INFO]:[05:00:43] Number of forbidden tuples in local search space: 243
[INFO]:[05:00:43] Number of conditionals in local search space: 6
[INFO]:[05:00:43] MIP start option not enabled. Local search will proceed without MIP start.
[INFO]:[05:00:43] Evaluating initial configuration for local search phase...
[INFO]:[05:00:43] Starting CPLEX solver on instance: /home/yorig/tuner/mpils-tests/instances/miplib/easy/lotsize.mps with config: /scratch/yorig/mpils-results-grid-ticks-10000-7may/easy/8proc/seed-1/4_lotsize_seed-1_20260509_044026/iterated_local_search/run_10_worker_3/ils_config_14703960927983887436.prm
[INFO]:[05:00:43] Starting CPLEX solver on instance: /home/yorig/tuner/mpils-tests/instances/miplib/easy/lotsize.mps with config: /scratch/yorig/mpils-results-grid-ticks-10000-7may/easy/8proc/seed-1/4_lotsize_seed-1_20260509_044026/iterated_local_search/run_10_worker_3/ils_config_14703960927983887436.prm
[INFO]:[05:00:49] CPLEX results. Gap: 72.930000, upper bound: 2574819.000000, lower bound: 696901.612012
[INFO]:[05:00:49] CPLEX solver finished. Gap: 72.930000
[INFO]:[05:00:49] Initial configuration evaluated with objective value: 72.93
[INFO]:[05:00:49] Starting CPLEX solver on instance: /home/yorig/tuner/mpils-tests/instances/miplib/easy/lotsize.mps with config: /scratch/yorig/mpils-results-grid-ticks-10000-7may/easy/8proc/seed-1/4_lotsize_seed-1_20260509_044026/iterated_local_search/run_10_worker_3/ils_config_12433215237160684496.prm
[INFO]:[05:00:49] Starting CPLEX solver on instance: /home/yorig/tuner/mpils-tests/instances/miplib/easy/lotsize.mps with config: /scratch/yorig/mpils-results-grid-ticks-10000-7may/easy/8proc/seed-1/4_lotsize_seed-1_20260509_044026/iterated_local_search/run_10_worker_3/ils_config_12433215237160684496.prm
[INFO]:[05:00:55] CPLEX results. Gap: 72.350000, upper bound: 2565702.000000, lower bound: 709363.598642
[INFO]:[05:00:55] CPLEX solver finished. Gap: 72.350000
[INFO]:[05:00:55] New incumbent found with objective value: 72.35
[INFO]:[05:00:55] Starting CPLEX solver on instance: /home/yorig/tuner/mpils-tests/instances/miplib/easy/lotsize.mps with config: /scratch/yorig/mpils-results-grid-ticks-10000-7may/easy/8proc/seed-1/4_lotsize_seed-1_20260509_044026/iterated_local_search/run_10_worker_3/ils_config_6536979882929005656.prm
[INFO]:[05:00:55] Starting CPLEX solver on instance: /home/yorig/tuner/mpils-tests/instances/miplib/easy/lotsize.mps with config: /scratch/yorig/mpils-results-grid-ticks-10000-7may/easy/8proc/seed-1/4_lotsize_seed-1_20260509_044026/iterated_local_search/run_10_worker_3/ils_config_6536979882929005656.prm
[INFO]:[05:01:01] CPLEX results. Gap: 95.570000, upper bound: 16015010.000000, lower bound: 708804.141606
[INFO]:[05:01:01] CPLEX solver finished. Gap: 95.570000
[INFO]:[05:01:01] Starting CPLEX solver on instance: /home/yorig/tuner/mpils-tests/instances/miplib/easy/lotsize.mps with config: /scratch/yorig/mpils-results-grid-ticks-10000-7may/easy/8proc/seed-1/4_lotsize_seed-1_20260509_044026/iterated_local_search/run_10_worker_3/ils_config_1315088954680072401.prm
[INFO]:[05:01:01] Starting CPLEX solver on instance: /home/yorig/tuner/mpils-tests/instances/miplib/easy/lotsize.mps with config: /scratch/yorig/mpils-results-grid-ticks-10000-7may/easy/8proc/seed-1/4_lotsize_seed-1_20260509_044026/iterated_local_search/run_10_worker_3/ils_config_1315088954680072401.prm
[INFO]:[05:01:07] CPLEX results. Gap: 65.430000, upper bound: 2598063.000000, lower bound: 898276.871166
[INFO]:[05:01:07] CPLEX solver finished. Gap: 65.430000
[INFO]:[05:01:07] New incumbent found with objective value: 65.43
[INFO]:[05:01:07] Starting CPLEX solver on instance: /home/yorig/tuner/mpils-tests/instances/miplib/easy/lotsize.mps with config: /scratch/yorig/mpils-results-grid-ticks-10000-7may/easy/8proc/seed-1/4_lotsize_seed-1_20260509_044026/iterated_local_search/run_10_worker_3/ils_config_11648488340861191213.prm
[INFO]:[05:01:07] Starting CPLEX solver on instance: /home/yorig/tuner/mpils-tests/instances/miplib/easy/lotsize.mps with config: /scratch/yorig/mpils-results-grid-ticks-10000-7may/easy/8proc/seed-1/4_lotsize_seed-1_20260509_044026/iterated_local_search/run_10_worker_3/ils_config_11648488340861191213.prm
[INFO]:[05:01:13] CPLEX results. Gap: 65.430000, upper bound: 2598063.000000, lower bound: 898276.871166
[INFO]:[05:01:13] CPLEX solver finished. Gap: 65.430000
[INFO]:[05:01:13] Starting CPLEX solver on instance: /home/yorig/tuner/mpils-tests/instances/miplib/easy/lotsize.mps with config: /scratch/yorig/mpils-results-grid-ticks-10000-7may/easy/8proc/seed-1/4_lotsize_seed-1_20260509_044026/iterated_local_search/run_10_worker_3/ils_config_2425656844349541695.prm
[INFO]:[05:01:13] Starting CPLEX solver on instance: /home/yorig/tuner/mpils-tests/instances/miplib/easy/lotsize.mps with config: /scratch/yorig/mpils-results-grid-ticks-10000-7may/easy/8proc/seed-1/4_lotsize_seed-1_20260509_044026/iterated_local_search/run_10_worker_3/ils_config_2425656844349541695.prm
[INFO]:[05:01:19] CPLEX results. Gap: 65.430000, upper bound: 2598063.000000, lower bound: 898276.871166
[INFO]:[05:01:19] CPLEX solver finished. Gap: 65.430000
[INFO]:[05:01:19] Starting CPLEX solver on instance: /home/yorig/tuner/mpils-tests/instances/miplib/easy/lotsize.mps with config: /scratch/yorig/mpils-results-grid-ticks-10000-7may/easy/8proc/seed-1/4_lotsize_seed-1_20260509_044026/iterated_local_search/run_10_worker_3/ils_config_4366990631050979827.prm
[INFO]:[05:01:19] Starting CPLEX solver on instance: /home/yorig/tuner/mpils-tests/instances/miplib/easy/lotsize.mps with config: /scratch/yorig/mpils-results-grid-ticks-10000-7may/easy/8proc/seed-1/4_lotsize_seed-1_20260509_044026/iterated_local_search/run_10_worker_3/ils_config_4366990631050979827.prm
[INFO]:[05:01:25] CPLEX results. Gap: 65.430000, upper bound: 2598063.000000, lower bound: 898276.871166
[INFO]:[05:01:25] CPLEX solver finished. Gap: 65.430000
[INFO]:[05:01:25] Starting CPLEX solver on instance: /home/yorig/tuner/mpils-tests/instances/miplib/easy/lotsize.mps with config: /scratch/yorig/mpils-results-grid-ticks-10000-7may/easy/8proc/seed-1/4_lotsize_seed-1_20260509_044026/iterated_local_search/run_10_worker_3/ils_config_7435014850459417134.prm
[INFO]:[05:01:25] Starting CPLEX solver on instance: /home/yorig/tuner/mpils-tests/instances/miplib/easy/lotsize.mps with config: /scratch/yorig/mpils-results-grid-ticks-10000-7may/easy/8proc/seed-1/4_lotsize_seed-1_20260509_044026/iterated_local_search/run_10_worker_3/ils_config_7435014850459417134.prm
[INFO]:[05:01:31] CPLEX results. Gap: 65.430000, upper bound: 2598063.000000, lower bound: 898276.871166
[INFO]:[05:01:31] CPLEX solver finished. Gap: 65.430000
[INFO]:[05:01:31] Starting CPLEX solver on instance: /home/yorig/tuner/mpils-tests/instances/miplib/easy/lotsize.mps with config: /scratch/yorig/mpils-results-grid-ticks-10000-7may/easy/8proc/seed-1/4_lotsize_seed-1_20260509_044026/iterated_local_search/run_10_worker_3/ils_config_8895849163461708692.prm
[INFO]:[05:01:31] Starting CPLEX solver on instance: /home/yorig/tuner/mpils-tests/instances/miplib/easy/lotsize.mps with config: /scratch/yorig/mpils-results-grid-ticks-10000-7may/easy/8proc/seed-1/4_lotsize_seed-1_20260509_044026/iterated_local_search/run_10_worker_3/ils_config_8895849163461708692.prm
[INFO]:[05:01:37] CPLEX results. Gap: 65.430000, upper bound: 2598063.000000, lower bound: 898276.871166
[INFO]:[05:01:37] CPLEX solver finished. Gap: 65.430000
[INFO]:[05:01:37] Starting CPLEX solver on instance: /home/yorig/tuner/mpils-tests/instances/miplib/easy/lotsize.mps with config: /scratch/yorig/mpils-results-grid-ticks-10000-7may/easy/8proc/seed-1/4_lotsize_seed-1_20260509_044026/iterated_local_search/run_10_worker_3/ils_config_630845661473379319.prm
[INFO]:[05:01:37] Starting CPLEX solver on instance: /home/yorig/tuner/mpils-tests/instances/miplib/easy/lotsize.mps with config: /scratch/yorig/mpils-results-grid-ticks-10000-7may/easy/8proc/seed-1/4_lotsize_seed-1_20260509_044026/iterated_local_search/run_10_worker_3/ils_config_630845661473379319.prm
[INFO]:[05:01:43] CPLEX results. Gap: 65.210000, upper bound: 2565702.000000, lower bound: 892682.621395
[INFO]:[05:01:43] CPLEX solver finished. Gap: 65.210000
[INFO]:[05:01:43] New incumbent found with objective value: 65.21
[INFO]:[05:01:43] Starting CPLEX solver on instance: /home/yorig/tuner/mpils-tests/instances/miplib/easy/lotsize.mps with config: /scratch/yorig/mpils-results-grid-ticks-10000-7may/easy/8proc/seed-1/4_lotsize_seed-1_20260509_044026/iterated_local_search/run_10_worker_3/ils_config_14276822852004314193.prm
[INFO]:[05:01:43] Starting CPLEX solver on instance: /home/yorig/tuner/mpils-tests/instances/miplib/easy/lotsize.mps with config: /scratch/yorig/mpils-results-grid-ticks-10000-7may/easy/8proc/seed-1/4_lotsize_seed-1_20260509_044026/iterated_local_search/run_10_worker_3/ils_config_14276822852004314193.prm
[INFO]:[05:01:49] CPLEX results. Gap: 64.450000, upper bound: 2518769.000000, lower bound: 895381.990204
[INFO]:[05:01:49] CPLEX solver finished. Gap: 64.450000
[INFO]:[05:01:49] New incumbent found with objective value: 64.45
[INFO]:[05:01:49] Starting CPLEX solver on instance: /home/yorig/tuner/mpils-tests/instances/miplib/easy/lotsize.mps with config: /scratch/yorig/mpils-results-grid-ticks-10000-7may/easy/8proc/seed-1/4_lotsize_seed-1_20260509_044026/iterated_local_search/run_10_worker_3/ils_config_8846395271961124906.prm
[INFO]:[05:01:49] Starting CPLEX solver on instance: /home/yorig/tuner/mpils-tests/instances/miplib/easy/lotsize.mps with config: /scratch/yorig/mpils-results-grid-ticks-10000-7may/easy/8proc/seed-1/4_lotsize_seed-1_20260509_044026/iterated_local_search/run_10_worker_3/ils_config_8846395271961124906.prm
[INFO]:[05:01:55] CPLEX results. Gap: 64.450000, upper bound: 2518769.000000, lower bound: 895381.990204
[INFO]:[05:01:55] CPLEX solver finished. Gap: 64.450000
[INFO]:[05:01:55] Starting CPLEX solver on instance: /home/yorig/tuner/mpils-tests/instances/miplib/easy/lotsize.mps with config: /scratch/yorig/mpils-results-grid-ticks-10000-7may/easy/8proc/seed-1/4_lotsize_seed-1_20260509_044026/iterated_local_search/run_10_worker_3/ils_config_15259030544985971315.prm
[INFO]:[05:01:55] Starting CPLEX solver on instance: /home/yorig/tuner/mpils-tests/instances/miplib/easy/lotsize.mps with config: /scratch/yorig/mpils-results-grid-ticks-10000-7may/easy/8proc/seed-1/4_lotsize_seed-1_20260509_044026/iterated_local_search/run_10_worker_3/ils_config_15259030544985971315.prm
[INFO]:[05:02:01] CPLEX results. Gap: 49.140000, upper bound: 1778054.000000, lower bound: 904238.352235
[INFO]:[05:02:01] CPLEX solver finished. Gap: 49.140000
[INFO]:[05:02:01] New incumbent found with objective value: 49.14
[INFO]:[05:02:01] Starting CPLEX solver on instance: /home/yorig/tuner/mpils-tests/instances/miplib/easy/lotsize.mps with config: /scratch/yorig/mpils-results-grid-ticks-10000-7may/easy/8proc/seed-1/4_lotsize_seed-1_20260509_044026/iterated_local_search/run_10_worker_3/ils_config_14992773506259658618.prm
[INFO]:[05:02:01] Starting CPLEX solver on instance: /home/yorig/tuner/mpils-tests/instances/miplib/easy/lotsize.mps with config: /scratch/yorig/mpils-results-grid-ticks-10000-7may/easy/8proc/seed-1/4_lotsize_seed-1_20260509_044026/iterated_local_search/run_10_worker_3/ils_config_14992773506259658618.prm
[INFO]:[05:02:07] CPLEX results. Gap: 42.510000, upper bound: 1568929.000000, lower bound: 901976.865611
[INFO]:[05:02:07] CPLEX solver finished. Gap: 42.510000
[INFO]:[05:02:07] New incumbent found with objective value: 42.51
[INFO]:[05:02:07] Starting CPLEX solver on instance: /home/yorig/tuner/mpils-tests/instances/miplib/easy/lotsize.mps with config: /scratch/yorig/mpils-results-grid-ticks-10000-7may/easy/8proc/seed-1/4_lotsize_seed-1_20260509_044026/iterated_local_search/run_10_worker_3/ils_config_5300839647451232448.prm
[INFO]:[05:02:07] Starting CPLEX solver on instance: /home/yorig/tuner/mpils-tests/instances/miplib/easy/lotsize.mps with config: /scratch/yorig/mpils-results-grid-ticks-10000-7may/easy/8proc/seed-1/4_lotsize_seed-1_20260509_044026/iterated_local_search/run_10_worker_3/ils_config_5300839647451232448.prm
[INFO]:[05:02:12] CPLEX results. Gap: 46.790000, upper bound: 1700299.000000, lower bound: 904665.003440
[INFO]:[05:02:12] CPLEX solver finished. Gap: 46.790000
[INFO]:[05:02:12] Starting CPLEX solver on instance: /home/yorig/tuner/mpils-tests/instances/miplib/easy/lotsize.mps with config: /scratch/yorig/mpils-results-grid-ticks-10000-7may/easy/8proc/seed-1/4_lotsize_seed-1_20260509_044026/iterated_local_search/run_10_worker_3/ils_config_15496380294792214824.prm
[INFO]:[05:02:12] Starting CPLEX solver on instance: /home/yorig/tuner/mpils-tests/instances/miplib/easy/lotsize.mps with config: /scratch/yorig/mpils-results-grid-ticks-10000-7may/easy/8proc/seed-1/4_lotsize_seed-1_20260509_044026/iterated_local_search/run_10_worker_3/ils_config_15496380294792214824.prm
[INFO]:[05:02:18] CPLEX results. Gap: 48.000000, upper bound: 1776237.000000, lower bound: 923569.326950
[INFO]:[05:02:19] CPLEX solver finished. Gap: 48.000000
[INFO]:[05:02:19] Starting CPLEX solver on instance: /home/yorig/tuner/mpils-tests/instances/miplib/easy/lotsize.mps with config: /scratch/yorig/mpils-results-grid-ticks-10000-7may/easy/8proc/seed-1/4_lotsize_seed-1_20260509_044026/iterated_local_search/run_10_worker_3/ils_config_13291095304917920280.prm
[INFO]:[05:02:19] Starting CPLEX solver on instance: /home/yorig/tuner/mpils-tests/instances/miplib/easy/lotsize.mps with config: /scratch/yorig/mpils-results-grid-ticks-10000-7may/easy/8proc/seed-1/4_lotsize_seed-1_20260509_044026/iterated_local_search/run_10_worker_3/ils_config_13291095304917920280.prm
[INFO]:[05:02:24] CPLEX results. Gap: 46.780000, upper bound: 1716253.000000, lower bound: 913331.335677
[INFO]:[05:02:24] CPLEX solver finished. Gap: 46.780000
[INFO]:[05:02:24] Starting CPLEX solver on instance: /home/yorig/tuner/mpils-tests/instances/miplib/easy/lotsize.mps with config: /scratch/yorig/mpils-results-grid-ticks-10000-7may/easy/8proc/seed-1/4_lotsize_seed-1_20260509_044026/iterated_local_search/run_10_worker_3/ils_config_5092995552098291049.prm
[INFO]:[05:02:24] Starting CPLEX solver on instance: /home/yorig/tuner/mpils-tests/instances/miplib/easy/lotsize.mps with config: /scratch/yorig/mpils-results-grid-ticks-10000-7may/easy/8proc/seed-1/4_lotsize_seed-1_20260509_044026/iterated_local_search/run_10_worker_3/ils_config_5092995552098291049.prm
[INFO]:[05:02:30] CPLEX results. Gap: 42.510000, upper bound: 1568929.000000, lower bound: 901976.865611
[INFO]:[05:02:30] CPLEX solver finished. Gap: 42.510000
[INFO]:[05:02:30] Local search phase completed.
[INFO]:[05:02:30] Total number of new local-search evaluations: 18
[INFO]:[05:02:30] Final incumbent objective value: 42.51
[INFO]:[05:03:20] Worker 3 completed exploration phase.
[INFO]:[05:03:20] Worker 3 received order for step 2.
[INFO]:[05:03:20] Worker 3 running expansion phase for iteration 10.
[INFO]:[05:03:20] Worker 3 will use solver log file: /scratch/yorig/mpils-results-grid-ticks-10000-7may/easy/8proc/seed-1/4_lotsize_seed-1_20260509_044026/solver/cplex.log_iteration_expansion_10_worker_3
[INFO]:[05:03:20] Expansion Worker 3 starting expansion for iteration 10.
[INFO]:[05:03:20] Starting CPLEX solver on instance: /home/yorig/tuner/mpils-tests/instances/miplib/easy/lotsize.mps with config: /scratch/yorig/mpils-results-grid-ticks-10000-7may/easy/8proc/seed-1/4_lotsize_seed-1_20260509_044026/expansion/config_param_CPXPARAM_MIP_Limits_StrongCand_2_iter_10.prm
[INFO]:[05:03:26] CPLEX results. Gap: 7.000000, upper bound: 1507735.000000, lower bound: 1402160.575658
[INFO]:[05:03:26] CPLEX solver finished. Gap: 7.000000
[INFO]:[05:03:30] Expansion Worker 3 completed expansion.
[INFO]:[05:03:30] Worker 3 completed expansion phase.
[INFO]:[05:03:32] Worker 3 received order for step 1.
[INFO]:[05:03:32] Worker 3 running exploration phase for iteration 11.
[INFO]:[05:03:32] Worker 3 at iteration 11 will not use a MIP start file. Current best MIP-start upper bound threshold is 1.79769e+308.
[INFO]:[05:03:32] Starting local search phase...
[INFO]:[05:03:32] Creating local search space from parameter space file: /scratch/yorig/mpils-results-grid-ticks-10000-7may/easy/8proc/seed-1/4_lotsize_seed-1_20260509_044026/iterated_local_search/search_space/search_space_file_11_worker_3.txt
[INFO]:[05:03:32] Local search space loaded from file: /scratch/yorig/mpils-results-grid-ticks-10000-7may/easy/8proc/seed-1/4_lotsize_seed-1_20260509_044026/iterated_local_search/search_space/search_space_file_11_worker_3.txt
[INFO]:[05:03:32] Number of parameters in local search space: 71
[INFO]:[05:03:32] Number of forbidden tuples in local search space: 258
[INFO]:[05:03:32] Number of conditionals in local search space: 6
[INFO]:[05:03:32] MIP start option not enabled. Local search will proceed without MIP start.
[INFO]:[05:03:32] Evaluating initial configuration for local search phase...
[INFO]:[05:03:32] Starting CPLEX solver on instance: /home/yorig/tuner/mpils-tests/instances/miplib/easy/lotsize.mps with config: /scratch/yorig/mpils-results-grid-ticks-10000-7may/easy/8proc/seed-1/4_lotsize_seed-1_20260509_044026/iterated_local_search/run_11_worker_3/ils_config_17747171858025551433.prm
[INFO]:[05:03:32] Starting CPLEX solver on instance: /home/yorig/tuner/mpils-tests/instances/miplib/easy/lotsize.mps with config: /scratch/yorig/mpils-results-grid-ticks-10000-7may/easy/8proc/seed-1/4_lotsize_seed-1_20260509_044026/iterated_local_search/run_11_worker_3/ils_config_17747171858025551433.prm
[INFO]:[05:03:38] CPLEX results. Gap: 54.300000, upper bound: 2490777.000000, lower bound: 1138239.379188
[INFO]:[05:03:38] CPLEX solver finished. Gap: 54.300000
[INFO]:[05:03:38] Initial configuration evaluated with objective value: 54.3
[INFO]:[05:03:38] Starting CPLEX solver on instance: /home/yorig/tuner/mpils-tests/instances/miplib/easy/lotsize.mps with config: /scratch/yorig/mpils-results-grid-ticks-10000-7may/easy/8proc/seed-1/4_lotsize_seed-1_20260509_044026/iterated_local_search/run_11_worker_3/ils_config_738045821578280134.prm
[INFO]:[05:03:38] Starting CPLEX solver on instance: /home/yorig/tuner/mpils-tests/instances/miplib/easy/lotsize.mps with config: /scratch/yorig/mpils-results-grid-ticks-10000-7may/easy/8proc/seed-1/4_lotsize_seed-1_20260509_044026/iterated_local_search/run_11_worker_3/ils_config_738045821578280134.prm
[INFO]:[05:03:44] CPLEX results. Gap: 54.300000, upper bound: 2490777.000000, lower bound: 1138239.379188
[INFO]:[05:03:44] CPLEX solver finished. Gap: 54.300000
[INFO]:[05:03:44] Starting CPLEX solver on instance: /home/yorig/tuner/mpils-tests/instances/miplib/easy/lotsize.mps with config: /scratch/yorig/mpils-results-grid-ticks-10000-7may/easy/8proc/seed-1/4_lotsize_seed-1_20260509_044026/iterated_local_search/run_11_worker_3/ils_config_2766334519986280491.prm
[INFO]:[05:03:44] Starting CPLEX solver on instance: /home/yorig/tuner/mpils-tests/instances/miplib/easy/lotsize.mps with config: /scratch/yorig/mpils-results-grid-ticks-10000-7may/easy/8proc/seed-1/4_lotsize_seed-1_20260509_044026/iterated_local_search/run_11_worker_3/ils_config_2766334519986280491.prm
[INFO]:[05:03:50] CPLEX results. Gap: 54.300000, upper bound: 2490777.000000, lower bound: 1138239.379188
[INFO]:[05:03:50] CPLEX solver finished. Gap: 54.300000
[INFO]:[05:03:50] Starting CPLEX solver on instance: /home/yorig/tuner/mpils-tests/instances/miplib/easy/lotsize.mps with config: /scratch/yorig/mpils-results-grid-ticks-10000-7may/easy/8proc/seed-1/4_lotsize_seed-1_20260509_044026/iterated_local_search/run_11_worker_3/ils_config_2530267692550587841.prm
[INFO]:[05:03:50] Starting CPLEX solver on instance: /home/yorig/tuner/mpils-tests/instances/miplib/easy/lotsize.mps with config: /scratch/yorig/mpils-results-grid-ticks-10000-7may/easy/8proc/seed-1/4_lotsize_seed-1_20260509_044026/iterated_local_search/run_11_worker_3/ils_config_2530267692550587841.prm
[INFO]:[05:03:55] CPLEX results. Gap: 73.510000, upper bound: 4218869.000000, lower bound: 1117721.280307
[INFO]:[05:03:55] CPLEX solver finished. Gap: 73.510000
[INFO]:[05:03:55] Starting CPLEX solver on instance: /home/yorig/tuner/mpils-tests/instances/miplib/easy/lotsize.mps with config: /scratch/yorig/mpils-results-grid-ticks-10000-7may/easy/8proc/seed-1/4_lotsize_seed-1_20260509_044026/iterated_local_search/run_11_worker_3/ils_config_4808739087553225223.prm
[INFO]:[05:03:55] Starting CPLEX solver on instance: /home/yorig/tuner/mpils-tests/instances/miplib/easy/lotsize.mps with config: /scratch/yorig/mpils-results-grid-ticks-10000-7may/easy/8proc/seed-1/4_lotsize_seed-1_20260509_044026/iterated_local_search/run_11_worker_3/ils_config_4808739087553225223.prm
[INFO]:[05:04:01] CPLEX results. Gap: 54.300000, upper bound: 2490777.000000, lower bound: 1138239.379188
[INFO]:[05:04:01] CPLEX solver finished. Gap: 54.300000
[INFO]:[05:04:01] Starting CPLEX solver on instance: /home/yorig/tuner/mpils-tests/instances/miplib/easy/lotsize.mps with config: /scratch/yorig/mpils-results-grid-ticks-10000-7may/easy/8proc/seed-1/4_lotsize_seed-1_20260509_044026/iterated_local_search/run_11_worker_3/ils_config_11954268479783904588.prm
[INFO]:[05:04:01] Starting CPLEX solver on instance: /home/yorig/tuner/mpils-tests/instances/miplib/easy/lotsize.mps with config: /scratch/yorig/mpils-results-grid-ticks-10000-7may/easy/8proc/seed-1/4_lotsize_seed-1_20260509_044026/iterated_local_search/run_11_worker_3/ils_config_11954268479783904588.prm
[INFO]:[05:04:07] CPLEX results. Gap: 54.300000, upper bound: 2490777.000000, lower bound: 1138239.379188
[INFO]:[05:04:07] CPLEX solver finished. Gap: 54.300000
[INFO]:[05:04:07] Starting CPLEX solver on instance: /home/yorig/tuner/mpils-tests/instances/miplib/easy/lotsize.mps with config: /scratch/yorig/mpils-results-grid-ticks-10000-7may/easy/8proc/seed-1/4_lotsize_seed-1_20260509_044026/iterated_local_search/run_11_worker_3/ils_config_11253608036672081598.prm
[INFO]:[05:04:07] Starting CPLEX solver on instance: /home/yorig/tuner/mpils-tests/instances/miplib/easy/lotsize.mps with config: /scratch/yorig/mpils-results-grid-ticks-10000-7may/easy/8proc/seed-1/4_lotsize_seed-1_20260509_044026/iterated_local_search/run_11_worker_3/ils_config_11253608036672081598.prm
[INFO]:[05:04:13] CPLEX results. Gap: 90.880000, upper bound: 12344120.000000, lower bound: 1125584.055390
[INFO]:[05:04:13] CPLEX solver finished. Gap: 90.880000
[INFO]:[05:04:13] Starting CPLEX solver on instance: /home/yorig/tuner/mpils-tests/instances/miplib/easy/lotsize.mps with config: /scratch/yorig/mpils-results-grid-ticks-10000-7may/easy/8proc/seed-1/4_lotsize_seed-1_20260509_044026/iterated_local_search/run_11_worker_3/ils_config_306696967949769161.prm
[INFO]:[05:04:13] Starting CPLEX solver on instance: /home/yorig/tuner/mpils-tests/instances/miplib/easy/lotsize.mps with config: /scratch/yorig/mpils-results-grid-ticks-10000-7may/easy/8proc/seed-1/4_lotsize_seed-1_20260509_044026/iterated_local_search/run_11_worker_3/ils_config_306696967949769161.prm
[INFO]:[05:04:19] CPLEX results. Gap: 54.300000, upper bound: 2490777.000000, lower bound: 1138239.379188
[INFO]:[05:04:19] CPLEX solver finished. Gap: 54.300000
[INFO]:[05:04:19] Starting CPLEX solver on instance: /home/yorig/tuner/mpils-tests/instances/miplib/easy/lotsize.mps with config: /scratch/yorig/mpils-results-grid-ticks-10000-7may/easy/8proc/seed-1/4_lotsize_seed-1_20260509_044026/iterated_local_search/run_11_worker_3/ils_config_2371024197958490222.prm
[INFO]:[05:04:19] Starting CPLEX solver on instance: /home/yorig/tuner/mpils-tests/instances/miplib/easy/lotsize.mps with config: /scratch/yorig/mpils-results-grid-ticks-10000-7may/easy/8proc/seed-1/4_lotsize_seed-1_20260509_044026/iterated_local_search/run_11_worker_3/ils_config_2371024197958490222.prm
[INFO]:[05:04:25] CPLEX results. Gap: 54.300000, upper bound: 2490777.000000, lower bound: 1138239.379188
[INFO]:[05:04:25] CPLEX solver finished. Gap: 54.300000
[INFO]:[05:04:25] Starting CPLEX solver on instance: /home/yorig/tuner/mpils-tests/instances/miplib/easy/lotsize.mps with config: /scratch/yorig/mpils-results-grid-ticks-10000-7may/easy/8proc/seed-1/4_lotsize_seed-1_20260509_044026/iterated_local_search/run_11_worker_3/ils_config_4310364305257693844.prm
[INFO]:[05:04:25] Starting CPLEX solver on instance: /home/yorig/tuner/mpils-tests/instances/miplib/easy/lotsize.mps with config: /scratch/yorig/mpils-results-grid-ticks-10000-7may/easy/8proc/seed-1/4_lotsize_seed-1_20260509_044026/iterated_local_search/run_11_worker_3/ils_config_4310364305257693844.prm
[INFO]:[05:04:31] CPLEX results. Gap: 54.300000, upper bound: 2490777.000000, lower bound: 1138239.379188
[INFO]:[05:04:31] CPLEX solver finished. Gap: 54.300000
[INFO]:[05:04:31] Starting CPLEX solver on instance: /home/yorig/tuner/mpils-tests/instances/miplib/easy/lotsize.mps with config: /scratch/yorig/mpils-results-grid-ticks-10000-7may/easy/8proc/seed-1/4_lotsize_seed-1_20260509_044026/iterated_local_search/run_11_worker_3/ils_config_5610336806020318635.prm
[INFO]:[05:04:31] Starting CPLEX solver on instance: /home/yorig/tuner/mpils-tests/instances/miplib/easy/lotsize.mps with config: /scratch/yorig/mpils-results-grid-ticks-10000-7may/easy/8proc/seed-1/4_lotsize_seed-1_20260509_044026/iterated_local_search/run_11_worker_3/ils_config_5610336806020318635.prm
[INFO]:[05:04:37] CPLEX results. Gap: 78.700000, upper bound: 5441089.000000, lower bound: 1159172.563861
[INFO]:[05:04:37] CPLEX solver finished. Gap: 78.700000
[INFO]:[05:04:37] Starting CPLEX solver on instance: /home/yorig/tuner/mpils-tests/instances/miplib/easy/lotsize.mps with config: /scratch/yorig/mpils-results-grid-ticks-10000-7may/easy/8proc/seed-1/4_lotsize_seed-1_20260509_044026/iterated_local_search/run_11_worker_3/ils_config_7140743677893950786.prm
[INFO]:[05:04:37] Starting CPLEX solver on instance: /home/yorig/tuner/mpils-tests/instances/miplib/easy/lotsize.mps with config: /scratch/yorig/mpils-results-grid-ticks-10000-7may/easy/8proc/seed-1/4_lotsize_seed-1_20260509_044026/iterated_local_search/run_11_worker_3/ils_config_7140743677893950786.prm
[INFO]:[05:04:43] CPLEX results. Gap: 59.040000, upper bound: 2830624.000000, lower bound: 1159350.145081
[INFO]:[05:04:43] CPLEX solver finished. Gap: 59.040000
[INFO]:[05:04:43] Starting CPLEX solver on instance: /home/yorig/tuner/mpils-tests/instances/miplib/easy/lotsize.mps with config: /scratch/yorig/mpils-results-grid-ticks-10000-7may/easy/8proc/seed-1/4_lotsize_seed-1_20260509_044026/iterated_local_search/run_11_worker_3/ils_config_10829236251255359910.prm
[INFO]:[05:04:43] Starting CPLEX solver on instance: /home/yorig/tuner/mpils-tests/instances/miplib/easy/lotsize.mps with config: /scratch/yorig/mpils-results-grid-ticks-10000-7may/easy/8proc/seed-1/4_lotsize_seed-1_20260509_044026/iterated_local_search/run_11_worker_3/ils_config_10829236251255359910.prm
[WARN]:[05:04:48] CPLEX finished without a primal feasible solution for config /scratch/yorig/mpils-results-grid-ticks-10000-7may/easy/8proc/seed-1/4_lotsize_seed-1_20260509_044026/iterated_local_search/run_11_worker_3/ils_config_10829236251255359910.prm.
[INFO]:[05:04:48] CPLEX results. Gap: unavailable, upper bound: null, lower bound: 1100707.779816
[INFO]:[05:04:48] CPLEX solver finished. Gap: 179769313486231570814527423731704356798070567525844996598917476803157260780028538760589558632766878171540458953514382464234321326889464182768467546703537516986049910576551282076245490090389328944075868508455133942304583236903222948165808559332123348274797826204144723168738177180919299881250404026184124858368.000000
[INFO]:[05:04:48] Starting CPLEX solver on instance: /home/yorig/tuner/mpils-tests/instances/miplib/easy/lotsize.mps with config: /scratch/yorig/mpils-results-grid-ticks-10000-7may/easy/8proc/seed-1/4_lotsize_seed-1_20260509_044026/iterated_local_search/run_11_worker_3/ils_config_4571048136307017373.prm
[INFO]:[05:04:48] Starting CPLEX solver on instance: /home/yorig/tuner/mpils-tests/instances/miplib/easy/lotsize.mps with config: /scratch/yorig/mpils-results-grid-ticks-10000-7may/easy/8proc/seed-1/4_lotsize_seed-1_20260509_044026/iterated_local_search/run_11_worker_3/ils_config_4571048136307017373.prm
[INFO]:[05:04:54] CPLEX results. Gap: 54.300000, upper bound: 2490777.000000, lower bound: 1138239.379188
[INFO]:[05:04:54] CPLEX solver finished. Gap: 54.300000
[INFO]:[05:04:54] Starting CPLEX solver on instance: /home/yorig/tuner/mpils-tests/instances/miplib/easy/lotsize.mps with config: /scratch/yorig/mpils-results-grid-ticks-10000-7may/easy/8proc/seed-1/4_lotsize_seed-1_20260509_044026/iterated_local_search/run_11_worker_3/ils_config_4956540701921325259.prm
[INFO]:[05:04:54] Starting CPLEX solver on instance: /home/yorig/tuner/mpils-tests/instances/miplib/easy/lotsize.mps with config: /scratch/yorig/mpils-results-grid-ticks-10000-7may/easy/8proc/seed-1/4_lotsize_seed-1_20260509_044026/iterated_local_search/run_11_worker_3/ils_config_4956540701921325259.prm
[INFO]:[05:05:00] CPLEX results. Gap: 73.510000, upper bound: 4218869.000000, lower bound: 1117721.280307
[INFO]:[05:05:00] CPLEX solver finished. Gap: 73.510000
[INFO]:[05:05:00] Starting CPLEX solver on instance: /home/yorig/tuner/mpils-tests/instances/miplib/easy/lotsize.mps with config: /scratch/yorig/mpils-results-grid-ticks-10000-7may/easy/8proc/seed-1/4_lotsize_seed-1_20260509_044026/iterated_local_search/run_11_worker_3/ils_config_4946010371774599879.prm
[INFO]:[05:05:00] Starting CPLEX solver on instance: /home/yorig/tuner/mpils-tests/instances/miplib/easy/lotsize.mps with config: /scratch/yorig/mpils-results-grid-ticks-10000-7may/easy/8proc/seed-1/4_lotsize_seed-1_20260509_044026/iterated_local_search/run_11_worker_3/ils_config_4946010371774599879.prm
[INFO]:[05:05:06] CPLEX results. Gap: 29.000000, upper bound: 1886257.000000, lower bound: 1339166.397979
[INFO]:[05:05:06] CPLEX solver finished. Gap: 29.000000
[INFO]:[05:05:06] New incumbent found with objective value: 29
[INFO]:[05:05:06] Starting CPLEX solver on instance: /home/yorig/tuner/mpils-tests/instances/miplib/easy/lotsize.mps with config: /scratch/yorig/mpils-results-grid-ticks-10000-7may/easy/8proc/seed-1/4_lotsize_seed-1_20260509_044026/iterated_local_search/run_11_worker_3/ils_config_143668288201697468.prm
[INFO]:[05:05:06] Starting CPLEX solver on instance: /home/yorig/tuner/mpils-tests/instances/miplib/easy/lotsize.mps with config: /scratch/yorig/mpils-results-grid-ticks-10000-7may/easy/8proc/seed-1/4_lotsize_seed-1_20260509_044026/iterated_local_search/run_11_worker_3/ils_config_143668288201697468.prm
[INFO]:[05:05:12] CPLEX results. Gap: 30.030000, upper bound: 1922997.000000, lower bound: 1345570.848835
[INFO]:[05:05:12] CPLEX solver finished. Gap: 30.030000
[INFO]:[05:05:12] Starting CPLEX solver on instance: /home/yorig/tuner/mpils-tests/instances/miplib/easy/lotsize.mps with config: /scratch/yorig/mpils-results-grid-ticks-10000-7may/easy/8proc/seed-1/4_lotsize_seed-1_20260509_044026/iterated_local_search/run_11_worker_3/ils_config_1005498948321900948.prm
[INFO]:[05:05:12] Starting CPLEX solver on instance: /home/yorig/tuner/mpils-tests/instances/miplib/easy/lotsize.mps with config: /scratch/yorig/mpils-results-grid-ticks-10000-7may/easy/8proc/seed-1/4_lotsize_seed-1_20260509_044026/iterated_local_search/run_11_worker_3/ils_config_1005498948321900948.prm
[INFO]:[05:05:19] CPLEX results. Gap: 29.000000, upper bound: 1886257.000000, lower bound: 1339166.397979
[INFO]:[05:05:19] CPLEX solver finished. Gap: 29.000000
[INFO]:[05:05:19] Starting CPLEX solver on instance: /home/yorig/tuner/mpils-tests/instances/miplib/easy/lotsize.mps with config: /scratch/yorig/mpils-results-grid-ticks-10000-7may/easy/8proc/seed-1/4_lotsize_seed-1_20260509_044026/iterated_local_search/run_11_worker_3/ils_config_4404162899449087088.prm
[INFO]:[05:05:19] Starting CPLEX solver on instance: /home/yorig/tuner/mpils-tests/instances/miplib/easy/lotsize.mps with config: /scratch/yorig/mpils-results-grid-ticks-10000-7may/easy/8proc/seed-1/4_lotsize_seed-1_20260509_044026/iterated_local_search/run_11_worker_3/ils_config_4404162899449087088.prm
[INFO]:[05:05:25] CPLEX results. Gap: 27.190000, upper bound: 1856323.000000, lower bound: 1351594.548800
[INFO]:[05:05:25] CPLEX solver finished. Gap: 27.190000
[INFO]:[05:05:25] New incumbent found with objective value: 27.19
[INFO]:[05:05:25] Starting CPLEX solver on instance: /home/yorig/tuner/mpils-tests/instances/miplib/easy/lotsize.mps with config: /scratch/yorig/mpils-results-grid-ticks-10000-7may/easy/8proc/seed-1/4_lotsize_seed-1_20260509_044026/iterated_local_search/run_11_worker_3/ils_config_2436858182228081892.prm
[INFO]:[05:05:25] Starting CPLEX solver on instance: /home/yorig/tuner/mpils-tests/instances/miplib/easy/lotsize.mps with config: /scratch/yorig/mpils-results-grid-ticks-10000-7may/easy/8proc/seed-1/4_lotsize_seed-1_20260509_044026/iterated_local_search/run_11_worker_3/ils_config_2436858182228081892.prm
[INFO]:[05:05:31] CPLEX results. Gap: 25.130000, upper bound: 1805064.000000, lower bound: 1351363.354087
[INFO]:[05:05:31] CPLEX solver finished. Gap: 25.130000
[INFO]:[05:05:31] New incumbent found with objective value: 25.13
[INFO]:[05:05:31] Starting CPLEX solver on instance: /home/yorig/tuner/mpils-tests/instances/miplib/easy/lotsize.mps with config: /scratch/yorig/mpils-results-grid-ticks-10000-7may/easy/8proc/seed-1/4_lotsize_seed-1_20260509_044026/iterated_local_search/run_11_worker_3/ils_config_8460046057449765616.prm
[INFO]:[05:05:31] Starting CPLEX solver on instance: /home/yorig/tuner/mpils-tests/instances/miplib/easy/lotsize.mps with config: /scratch/yorig/mpils-results-grid-ticks-10000-7may/easy/8proc/seed-1/4_lotsize_seed-1_20260509_044026/iterated_local_search/run_11_worker_3/ils_config_8460046057449765616.prm
[INFO]:[05:05:38] CPLEX results. Gap: 25.130000, upper bound: 1805064.000000, lower bound: 1351363.354087
[INFO]:[05:05:38] CPLEX solver finished. Gap: 25.130000
[INFO]:[05:05:38] Starting CPLEX solver on instance: /home/yorig/tuner/mpils-tests/instances/miplib/easy/lotsize.mps with config: /scratch/yorig/mpils-results-grid-ticks-10000-7may/easy/8proc/seed-1/4_lotsize_seed-1_20260509_044026/iterated_local_search/run_11_worker_3/ils_config_12801771931044593659.prm
[INFO]:[05:05:38] Starting CPLEX solver on instance: /home/yorig/tuner/mpils-tests/instances/miplib/easy/lotsize.mps with config: /scratch/yorig/mpils-results-grid-ticks-10000-7may/easy/8proc/seed-1/4_lotsize_seed-1_20260509_044026/iterated_local_search/run_11_worker_3/ils_config_12801771931044593659.prm
[INFO]:[05:05:44] CPLEX results. Gap: 25.130000, upper bound: 1805064.000000, lower bound: 1351363.354087
[INFO]:[05:05:44] CPLEX solver finished. Gap: 25.130000
[INFO]:[05:05:44] Starting CPLEX solver on instance: /home/yorig/tuner/mpils-tests/instances/miplib/easy/lotsize.mps with config: /scratch/yorig/mpils-results-grid-ticks-10000-7may/easy/8proc/seed-1/4_lotsize_seed-1_20260509_044026/iterated_local_search/run_11_worker_3/ils_config_9474792092001038615.prm
[INFO]:[05:05:44] Starting CPLEX solver on instance: /home/yorig/tuner/mpils-tests/instances/miplib/easy/lotsize.mps with config: /scratch/yorig/mpils-results-grid-ticks-10000-7may/easy/8proc/seed-1/4_lotsize_seed-1_20260509_044026/iterated_local_search/run_11_worker_3/ils_config_9474792092001038615.prm
[INFO]:[05:05:50] CPLEX results. Gap: 29.530000, upper bound: 1916203.000000, lower bound: 1350407.670876
[INFO]:[05:05:50] CPLEX solver finished. Gap: 29.530000
[INFO]:[05:05:50] Starting CPLEX solver on instance: /home/yorig/tuner/mpils-tests/instances/miplib/easy/lotsize.mps with config: /scratch/yorig/mpils-results-grid-ticks-10000-7may/easy/8proc/seed-1/4_lotsize_seed-1_20260509_044026/iterated_local_search/run_11_worker_3/ils_config_15177321592821082119.prm
[INFO]:[05:05:50] Starting CPLEX solver on instance: /home/yorig/tuner/mpils-tests/instances/miplib/easy/lotsize.mps with config: /scratch/yorig/mpils-results-grid-ticks-10000-7may/easy/8proc/seed-1/4_lotsize_seed-1_20260509_044026/iterated_local_search/run_11_worker_3/ils_config_15177321592821082119.prm
[INFO]:[05:05:57] CPLEX results. Gap: 25.130000, upper bound: 1805064.000000, lower bound: 1351363.354087
[INFO]:[05:05:57] CPLEX solver finished. Gap: 25.130000
[INFO]:[05:05:57] Starting CPLEX solver on instance: /home/yorig/tuner/mpils-tests/instances/miplib/easy/lotsize.mps with config: /scratch/yorig/mpils-results-grid-ticks-10000-7may/easy/8proc/seed-1/4_lotsize_seed-1_20260509_044026/iterated_local_search/run_11_worker_3/ils_config_378253301970907581.prm
[INFO]:[05:05:57] Starting CPLEX solver on instance: /home/yorig/tuner/mpils-tests/instances/miplib/easy/lotsize.mps with config: /scratch/yorig/mpils-results-grid-ticks-10000-7may/easy/8proc/seed-1/4_lotsize_seed-1_20260509_044026/iterated_local_search/run_11_worker_3/ils_config_378253301970907581.prm
[INFO]:[05:06:03] CPLEX results. Gap: 40.610000, upper bound: 2173091.000000, lower bound: 1290637.385771
[INFO]:[05:06:03] CPLEX solver finished. Gap: 40.610000
[INFO]:[05:06:03] Starting CPLEX solver on instance: /home/yorig/tuner/mpils-tests/instances/miplib/easy/lotsize.mps with config: /scratch/yorig/mpils-results-grid-ticks-10000-7may/easy/8proc/seed-1/4_lotsize_seed-1_20260509_044026/iterated_local_search/run_11_worker_3/ils_config_13991104561414294488.prm
[INFO]:[05:06:03] Starting CPLEX solver on instance: /home/yorig/tuner/mpils-tests/instances/miplib/easy/lotsize.mps with config: /scratch/yorig/mpils-results-grid-ticks-10000-7may/easy/8proc/seed-1/4_lotsize_seed-1_20260509_044026/iterated_local_search/run_11_worker_3/ils_config_13991104561414294488.prm
[INFO]:[05:06:09] CPLEX results. Gap: 27.550000, upper bound: 1858482.000000, lower bound: 1346420.558439
[INFO]:[05:06:09] CPLEX solver finished. Gap: 27.550000
[INFO]:[05:06:09] Starting CPLEX solver on instance: /home/yorig/tuner/mpils-tests/instances/miplib/easy/lotsize.mps with config: /scratch/yorig/mpils-results-grid-ticks-10000-7may/easy/8proc/seed-1/4_lotsize_seed-1_20260509_044026/iterated_local_search/run_11_worker_3/ils_config_16493289959101896073.prm
[INFO]:[05:06:09] Starting CPLEX solver on instance: /home/yorig/tuner/mpils-tests/instances/miplib/easy/lotsize.mps with config: /scratch/yorig/mpils-results-grid-ticks-10000-7may/easy/8proc/seed-1/4_lotsize_seed-1_20260509_044026/iterated_local_search/run_11_worker_3/ils_config_16493289959101896073.prm
[INFO]:[05:06:15] CPLEX results. Gap: 25.130000, upper bound: 1805064.000000, lower bound: 1351363.354087
[INFO]:[05:06:15] CPLEX solver finished. Gap: 25.130000
[INFO]:[05:06:15] Local search phase completed.
[INFO]:[05:06:15] Total number of new local-search evaluations: 27
[INFO]:[05:06:15] Final incumbent objective value: 25.13
[INFO]:[05:06:42] Worker 3 completed exploration phase.
[INFO]:[05:06:42] Worker 3 received order for step 3.
[INFO]:[05:06:42] Worker 3 finished.
