EvalID,TimeEvaluated,ObjectiveValue,Gap,UpperBound,LowerBound,ConfigID,MipStartID,WorkerID,Iteration,Phase
1,4,8.04,8.040000,364.000000,334.748820,14921508010286178949,null,0,1,0
2,9,8.04,8.040000,364.000000,334.748820,844706301316953147,null,0,1,0
3,13,8.04,8.040000,364.000000,334.748820,13575339350133640537,null,0,1,0
4,17,1.54,1.540000,340.000000,334.750246,5834979808369545068,null,0,1,0
5,22,1.54,1.540000,340.000000,334.750246,11685875680524305772,null,0,1,0
6,26,1.54,1.540000,340.000000,334.750246,14402697572535995164,null,0,1,0
7,30,0,0.000000,340.000000,340.000000,5398713608842390699,null,0,1,0
