EvalID,TimeEvaluated,ObjectiveValue,Gap,UpperBound,LowerBound,ConfigID,MipStartID,WorkerID,Iteration,Phase
1,4,8.04,8.040000,364.000000,334.748820,14921508010286178949,null,0,1,0
2,9,8.04,8.040000,364.000000,334.748820,5643427149002281568,null,0,1,0
3,4,1.54,1.540000,340.000000,334.750000,17514050945686148453,null,1,1,0
4,4,1.54,1.540000,340.000000,334.750000,2804053118686667685,null,2,1,0
5,3,0,0.000000,340.000000,340.000000,145401686263944303,null,3,1,0
