EvalID,TimeEvaluated,SolverRuntimeSeconds,ObjectiveValue,Gap,UpperBound,LowerBound,ConfigID,MipStartID,WorkerID,Iteration,Phase
1,8,8.259455,0,0.000000,340.000000,340.000000,14921508010286178949,null,0,1,0
2,5,5.824070,0,0.000000,340.000000,340.000000,8723278136865304665,null,1,1,0
3,3,3.785330,0,0.000000,340.000000,340.000000,15446065792237984030,null,2,1,0
4,9,9.834330,0,0.000000,340.000000,340.000000,14075347302301588864,null,3,1,0
