EvalID,TimeEvaluated,SolverRuntimeSeconds,ObjectiveValue,Gap,UpperBound,LowerBound,ConfigID,MipStartID,WorkerID,Iteration,Phase
1,8,8.281982,0,0.000000,340.000000,340.000000,14921508010286178949,null,0,1,0
2,7,6.953230,0,0.000000,340.000000,340.000000,6439873165248256756,null,1,1,0
