[INFO]:[04:14:18] Reading parameters from file: /home/yorig/tuner/mpils/cplex/params_12_cpx.txt
[INFO]:[04:14:18] Finished reading parameters.
[DEBUG]:[04:14:18] Printing 71 parameters:
Parameter: CPXPARAM_Emphasis_MIP, Values: 0 1 2 3 4 5 , Default: 0
Parameter: CPXPARAM_MIP_Cuts_Cliques, Values: -1 0 1 2 3 , Default: 0
Parameter: CPXPARAM_MIP_Cuts_MIRCut, Values: -1 0 1 2 , Default: 0
Parameter: CPXPARAM_MIP_Cuts_Implied, Values: -1 0 1 2 , Default: 0
Parameter: CPXPARAM_MIP_Cuts_Disjunctive, Values: -1 0 1 , Default: 0
Parameter: CPXPARAM_MIP_Cuts_FlowCovers, Values: -1 0 1 2 , Default: 0
Parameter: CPXPARAM_MIP_Cuts_PathCut, Values: -1 0 1 2 , Default: 0
Parameter: CPXPARAM_MIP_Cuts_GUBCovers, Values: -1 0 1 2 , Default: 0
Parameter: CPXPARAM_MIP_Cuts_Gomory, Values: -1 0 1 2 , Default: 0
Parameter: CPXPARAM_MIP_Limits_GomoryCand, Values: 10 25 50 100 150 200 400 800 , Default: 200
Parameter: CPXPARAM_MIP_Strategy_Probe, Values: -1 0 1 2 3 , Default: 0
Parameter: CPXPARAM_MIP_Cuts_Covers, Values: -1 0 1 2 3 , Default: 0
Parameter: CPXPARAM_MIP_Strategy_VariableSelect, Values: -1 0 1 2 3 4 , Default: 0
Parameter: CPXPARAM_MIP_Strategy_NodeSelect, Values: 0 1 2 3 , Default: 1
Parameter: CPXPARAM_MIP_Strategy_Dive, Values: 0 1 2 3 , Default: 0
Parameter: CPXPARAM_MIP_Limits_ProbeTime, Values: 0 1 2 5 10 20 30 40 50 60 120 240 1e+75 , Default: 1e+75
Parameter: CPXPARAM_MIP_Strategy_RINSHeur, Values: -1 0 20 40 60 100 200 500 1000 , Default: 0
Parameter: CPXPARAM_MIP_Strategy_BBInterval, Values: 0 2 3 4 5 7 10 15 30 , Default: 7
Parameter: CPXPARAM_MIP_Strategy_Branch, Values: -1 0 1 , Default: 0
Parameter: CPXPARAM_MIP_Limits_CutsFactor, Values: -1 1 2 4 8 16 , Default: -1
Parameter: CPXPARAM_MIP_Strategy_PresolveNode, Values: -1 0 1 2 3 , Default: 0
Parameter: CPXPARAM_MIP_Strategy_Order, Values: 0 1 , Default: 1
Parameter: CPXPARAM_MIP_Limits_GomoryPass, Values: 0 , Default: 0
Parameter: CPXPARAM_MIP_Limits_CutPasses, Values: 0 , Default: 0
Parameter: CPXPARAM_Preprocessing_Presolve, Values: 0 1 , Default: 1
Parameter: CPXPARAM_Preprocessing_Symmetry, Values: -1 0 1 2 3 4 5 , Default: -1
Parameter: CPXPARAM_Preprocessing_NumPass, Values: -1 , Default: -1
Parameter: CPXPARAM_Preprocessing_Dual, Values: -1 0 1 , Default: 0
Parameter: CPXPARAM_MIP_Strategy_LBHeur, Values: 0 1 , Default: 0
Parameter: CPXPARAM_MIP_Strategy_HeuristicFreq, Values: -1 0 20 40 100 500 1000 , Default: 0
Parameter: CPXPARAM_MIP_Strategy_StartAlgorithm, Values: 0 1 2 3 4 5 6 , Default: 0
Parameter: CPXPARAM_MIP_Strategy_SubAlgorithm, Values: 0 1 2 3 4 5 , Default: 0
Parameter: CPXPARAM_Simplex_DGradient, Values: 0 1 2 3 4 5 , Default: 0
Parameter: CPXPARAM_Simplex_PGradient, Values: -1 0 1 2 3 4 , Default: 0
Parameter: CPXPARAM_Simplex_Pricing, Values: 0 , Default: 0
Parameter: CPXPARAM_Advance, Values: 0 1 2 , Default: 1
Parameter: CPXPARAM_MIP_Limits_AggForCut, Values: 0 1 2 3 5 10 , Default: 3
Parameter: CPXPARAM_Preprocessing_Fill, Values: 2 5 10 20 40 , Default: 10
Parameter: CPXPARAM_Preprocessing_Aggregator, Values: -1 , Default: -1
Parameter: CPXPARAM_Barrier_ColNonzeros, Values: 0 , Default: 0
Parameter: CPXPARAM_Barrier_Crossover, Values: 0 1 2 , Default: 0
Parameter: CPXPARAM_Barrier_Limits_Corrections, Values: -1 , Default: -1
Parameter: CPXPARAM_Barrier_Ordering, Values: 0 1 2 3 , Default: 0
Parameter: CPXPARAM_Barrier_StartAlg, Values: 1 2 3 4 , Default: 1
Parameter: CPXPARAM_Preprocessing_BoundStrength, Values: -1 0 1 , Default: -1
Parameter: CPXPARAM_Preprocessing_CoeffReduce, Values: -1 0 1 2 3 , Default: -1
Parameter: CPXPARAM_Simplex_Crash, Values: -1 0 1 , Default: 1
Parameter: CPXPARAM_Preprocessing_Dependency, Values: -1 0 1 2 3 , Default: -1
Parameter: CPXPARAM_Feasopt_Mode, Values: 0 1 2 3 4 5 , Default: 0
Parameter: CPXPARAM_Emphasis_Memory, Values: 0 1 , Default: 0
Parameter: CPXPARAM_MIP_OrderType, Values: 0 1 2 3 , Default: 0
Parameter: CPXPARAM_Network_NetFind, Values: 1 2 3 , Default: 2
Parameter: CPXPARAM_Network_Pricing, Values: 0 1 2 3 , Default: 0
Parameter: CPXPARAM_MIP_Strategy_File, Values: 0 1 2 3 , Default: 1
Parameter: CPXPARAM_Emphasis_Numerical, Values: 0 1 , Default: 0
Parameter: CPXPARAM_Preprocessing_Reduce, Values: 0 1 2 3 , Default: 3
Parameter: CPXPARAM_Simplex_Refactor, Values: 0 , Default: 0
Parameter: CPXPARAM_Preprocessing_Relax, Values: -1 0 1 , Default: -1
Parameter: CPXPARAM_Preprocessing_RepeatPresolve, Values: -1 0 1 2 3 , Default: -1
Parameter: CPXPARAM_LPMethod, Values: 0 1 2 3 4 5 6 , Default: 0
Parameter: CPXPARAM_Read_Scale, Values: -1 0 1 , Default: 0
Parameter: CPXPARAM_Sifting_Algorithm, Values: 0 1 2 3 4 , Default: 0
Parameter: CPXPARAM_Simplex_Limits_Singularity, Values: 0 2 5 10 20 40 , Default: 10
Parameter: CPXPARAM_Barrier_Algorithm, Values: 0 1 2 3 , Default: 0
Parameter: CPXPARAM_MIP_Limits_RepairTries, Values: 0 , Default: 0
Parameter: CPXPARAM_MIP_Limits_StrongCand, Values: 2 5 10 20 40 , Default: 10
Parameter: CPXPARAM_MIP_Limits_StrongIt, Values: 0 , Default: 0
Parameter: CPXPARAM_Preprocessing_QPMakePSD, Values: 0 1 , Default: 1
Parameter: CPXPARAM_Simplex_Limits_Perturbation, Values: 0 , Default: 0
Parameter: CPXPARAM_MIP_Limits_Nodes, Values: 0 9223372036800000000 , Default: 9223372036800000000
Parameter: CPXPARAM_Parallel, Values: 1 , Default: 1

[INFO]:[04:14:18] Seting up the MPILS tuner
[INFO]:[04:14:18] Set all parameter flags finished. Fixed discarded at setup: 12, Tunable initially selected: 10, Tunable residual: 49
[DEBUG]:[04:14:18] Tuned Parameters:
[DEBUG]:[04:14:18] Printing 0 parameters:

[DEBUG]:[04:14:18] Selected Parameters:
[DEBUG]:[04:14:18] Printing 10 parameters:
Parameter: CPXPARAM_Emphasis_MIP, Values: 0 1 2 3 4 5 , Default: 0
Parameter: CPXPARAM_MIP_Cuts_Cliques, Values: -1 0 1 2 3 , Default: 0
Parameter: CPXPARAM_MIP_Cuts_MIRCut, Values: -1 0 1 2 , Default: 0
Parameter: CPXPARAM_MIP_Cuts_Implied, Values: -1 0 1 2 , Default: 0
Parameter: CPXPARAM_MIP_Cuts_Disjunctive, Values: -1 0 1 , Default: 0
Parameter: CPXPARAM_MIP_Cuts_FlowCovers, Values: -1 0 1 2 , Default: 0
Parameter: CPXPARAM_MIP_Cuts_PathCut, Values: -1 0 1 2 , Default: 0
Parameter: CPXPARAM_MIP_Cuts_GUBCovers, Values: -1 0 1 2 , Default: 0
Parameter: CPXPARAM_MIP_Cuts_Gomory, Values: -1 0 1 2 , Default: 0
Parameter: CPXPARAM_MIP_Limits_GomoryCand, Values: 10 25 50 100 150 200 400 800 , Default: 200

[INFO]:[04:14:18] Default configuration created with default parameter values.
[DEBUG]:[04:14:18] After adding selected to tuned via running, Tuned Parameters:
[DEBUG]:[04:14:18] Printing 0 parameters:

[DEBUG]:[04:14:18] After adding selected to tuned via running, Selected Parameters:
[DEBUG]:[04:14:18] Printing 10 parameters:
Parameter: CPXPARAM_Emphasis_MIP, Values: 0 1 2 3 4 5 , Default: 0
Parameter: CPXPARAM_MIP_Cuts_Cliques, Values: -1 0 1 2 3 , Default: 0
Parameter: CPXPARAM_MIP_Cuts_MIRCut, Values: -1 0 1 2 , Default: 0
Parameter: CPXPARAM_MIP_Cuts_Implied, Values: -1 0 1 2 , Default: 0
Parameter: CPXPARAM_MIP_Cuts_Disjunctive, Values: -1 0 1 , Default: 0
Parameter: CPXPARAM_MIP_Cuts_FlowCovers, Values: -1 0 1 2 , Default: 0
Parameter: CPXPARAM_MIP_Cuts_PathCut, Values: -1 0 1 2 , Default: 0
Parameter: CPXPARAM_MIP_Cuts_GUBCovers, Values: -1 0 1 2 , Default: 0
Parameter: CPXPARAM_MIP_Cuts_Gomory, Values: -1 0 1 2 , Default: 0
Parameter: CPXPARAM_MIP_Limits_GomoryCand, Values: 10 25 50 100 150 200 400 800 , Default: 200

[INFO]:[04:14:18] Writing parameter IDs of configuration to file: /scratch/yorig/mpils-results-grid-ticks-10000-7may/medium-2/24proc-4pils/seed-2/6_sorrell3_seed-2_20260510_041416/parameter_ids.txt
[INFO]:[04:14:18] Finished writing parameter IDs to file: /scratch/yorig/mpils-results-grid-ticks-10000-7may/medium-2/24proc-4pils/seed-2/6_sorrell3_seed-2_20260510_041416/parameter_ids.txt
[INFO]:[04:14:18] Tuner setup complete.
[INFO]:[04:14:18] Running the MPILS tuner
[INFO]:[04:14:18] Starting iteration 1
[INFO]:[04:14:18] Starting exploration phase...
[INFO]:[04:14:18] Selecting number of evaluations for tuning phase...
[INFO]:[04:14:18] Selecting initial configurations for tuning phase...
[INFO]:[04:14:18] No best exploration configuration without MIP start in memory; using default master ILS initial configuration.
[INFO]:[04:14:18] Worker 1 global-best exploration initial configuration matches master; using a random diversified initial configuration.
[INFO]:[04:14:18] Number of evaluations for this tuning phase: 20
[INFO]:[04:14:18] ILS shared cache is disabled for this exploration phase.
[INFO]:[04:14:18] Local search backend for this exploration phase: iterated_local_search
[INFO]:[04:14:18] Running IteratedLocalSearch Engine...
[INFO]:[04:14:18] Mip start is disabled for this iteration.
[INFO]:[04:14:18] Writing ILS search space file for worker 0...
[INFO]:[04:14:18] ILS search space file written: /scratch/yorig/mpils-results-grid-ticks-10000-7may/medium-2/24proc-4pils/seed-2/6_sorrell3_seed-2_20260510_041416/iterated_local_search/search_space/search_space_file_1.txt
[INFO]:[04:14:18] Writing ILS search space file for worker 1...
[INFO]:[04:14:18] ILS search space file written: /scratch/yorig/mpils-results-grid-ticks-10000-7may/medium-2/24proc-4pils/seed-2/6_sorrell3_seed-2_20260510_041416/iterated_local_search/search_space/search_space_file_1_worker_1.txt
[INFO]:[04:14:18] Writing ILS search space file for worker 2...
[INFO]:[04:14:18] ILS search space file written: /scratch/yorig/mpils-results-grid-ticks-10000-7may/medium-2/24proc-4pils/seed-2/6_sorrell3_seed-2_20260510_041416/iterated_local_search/search_space/search_space_file_1_worker_2.txt
[INFO]:[04:14:18] Writing ILS search space file for worker 3...
[INFO]:[04:14:18] ILS search space file written: /scratch/yorig/mpils-results-grid-ticks-10000-7may/medium-2/24proc-4pils/seed-2/6_sorrell3_seed-2_20260510_041416/iterated_local_search/search_space/search_space_file_1_worker_3.txt
[INFO]:[04:14:18] Writing ILS search space file for worker 4...
[INFO]:[04:14:18] ILS search space file written: /scratch/yorig/mpils-results-grid-ticks-10000-7may/medium-2/24proc-4pils/seed-2/6_sorrell3_seed-2_20260510_041416/iterated_local_search/search_space/search_space_file_1_worker_4.txt
[INFO]:[04:14:18] Writing ILS search space file for worker 5...
[INFO]:[04:14:18] ILS search space file written: /scratch/yorig/mpils-results-grid-ticks-10000-7may/medium-2/24proc-4pils/seed-2/6_sorrell3_seed-2_20260510_041416/iterated_local_search/search_space/search_space_file_1_worker_5.txt
[INFO]:[04:14:18] Writing ILS search space file for worker 6...
[INFO]:[04:14:18] ILS search space file written: /scratch/yorig/mpils-results-grid-ticks-10000-7may/medium-2/24proc-4pils/seed-2/6_sorrell3_seed-2_20260510_041416/iterated_local_search/search_space/search_space_file_1_worker_6.txt
[INFO]:[04:14:18] Writing ILS search space file for worker 7...
[INFO]:[04:14:18] ILS search space file written: /scratch/yorig/mpils-results-grid-ticks-10000-7may/medium-2/24proc-4pils/seed-2/6_sorrell3_seed-2_20260510_041416/iterated_local_search/search_space/search_space_file_1_worker_7.txt
[INFO]:[04:14:18] Writing ILS search space file for worker 8...
[INFO]:[04:14:18] ILS search space file written: /scratch/yorig/mpils-results-grid-ticks-10000-7may/medium-2/24proc-4pils/seed-2/6_sorrell3_seed-2_20260510_041416/iterated_local_search/search_space/search_space_file_1_worker_8.txt
[INFO]:[04:14:18] Writing ILS search space file for worker 9...
[INFO]:[04:14:18] ILS search space file written: /scratch/yorig/mpils-results-grid-ticks-10000-7may/medium-2/24proc-4pils/seed-2/6_sorrell3_seed-2_20260510_041416/iterated_local_search/search_space/search_space_file_1_worker_9.txt
[INFO]:[04:14:18] Writing ILS search space file for worker 10...
[INFO]:[04:14:18] ILS search space file written: /scratch/yorig/mpils-results-grid-ticks-10000-7may/medium-2/24proc-4pils/seed-2/6_sorrell3_seed-2_20260510_041416/iterated_local_search/search_space/search_space_file_1_worker_10.txt
[INFO]:[04:14:18] Writing ILS search space file for worker 11...
[INFO]:[04:14:18] ILS search space file written: /scratch/yorig/mpils-results-grid-ticks-10000-7may/medium-2/24proc-4pils/seed-2/6_sorrell3_seed-2_20260510_041416/iterated_local_search/search_space/search_space_file_1_worker_11.txt
[INFO]:[04:14:18] Writing ILS search space file for worker 12...
[INFO]:[04:14:18] ILS search space file written: /scratch/yorig/mpils-results-grid-ticks-10000-7may/medium-2/24proc-4pils/seed-2/6_sorrell3_seed-2_20260510_041416/iterated_local_search/search_space/search_space_file_1_worker_12.txt
[INFO]:[04:14:18] Writing ILS search space file for worker 13...
[INFO]:[04:14:18] ILS search space file written: /scratch/yorig/mpils-results-grid-ticks-10000-7may/medium-2/24proc-4pils/seed-2/6_sorrell3_seed-2_20260510_041416/iterated_local_search/search_space/search_space_file_1_worker_13.txt
[INFO]:[04:14:18] Writing ILS search space file for worker 14...
[INFO]:[04:14:18] ILS search space file written: /scratch/yorig/mpils-results-grid-ticks-10000-7may/medium-2/24proc-4pils/seed-2/6_sorrell3_seed-2_20260510_041416/iterated_local_search/search_space/search_space_file_1_worker_14.txt
[INFO]:[04:14:18] Writing ILS search space file for worker 15...
[INFO]:[04:14:18] ILS search space file written: /scratch/yorig/mpils-results-grid-ticks-10000-7may/medium-2/24proc-4pils/seed-2/6_sorrell3_seed-2_20260510_041416/iterated_local_search/search_space/search_space_file_1_worker_15.txt
[INFO]:[04:14:18] Writing ILS search space file for worker 16...
[INFO]:[04:14:18] ILS search space file written: /scratch/yorig/mpils-results-grid-ticks-10000-7may/medium-2/24proc-4pils/seed-2/6_sorrell3_seed-2_20260510_041416/iterated_local_search/search_space/search_space_file_1_worker_16.txt
[INFO]:[04:14:18] Writing ILS search space file for worker 17...
[INFO]:[04:14:18] ILS search space file written: /scratch/yorig/mpils-results-grid-ticks-10000-7may/medium-2/24proc-4pils/seed-2/6_sorrell3_seed-2_20260510_041416/iterated_local_search/search_space/search_space_file_1_worker_17.txt
[INFO]:[04:14:18] Writing ILS search space file for worker 18...
[INFO]:[04:14:18] ILS search space file written: /scratch/yorig/mpils-results-grid-ticks-10000-7may/medium-2/24proc-4pils/seed-2/6_sorrell3_seed-2_20260510_041416/iterated_local_search/search_space/search_space_file_1_worker_18.txt
[INFO]:[04:14:18] Writing ILS search space file for worker 19...
[INFO]:[04:14:18] ILS search space file written: /scratch/yorig/mpils-results-grid-ticks-10000-7may/medium-2/24proc-4pils/seed-2/6_sorrell3_seed-2_20260510_041416/iterated_local_search/search_space/search_space_file_1_worker_19.txt
[INFO]:[04:14:18] Writing ILS search space file for worker 20...
[INFO]:[04:14:18] ILS search space file written: /scratch/yorig/mpils-results-grid-ticks-10000-7may/medium-2/24proc-4pils/seed-2/6_sorrell3_seed-2_20260510_041416/iterated_local_search/search_space/search_space_file_1_worker_20.txt
[INFO]:[04:14:18] Writing ILS search space file for worker 21...
[INFO]:[04:14:18] ILS search space file written: /scratch/yorig/mpils-results-grid-ticks-10000-7may/medium-2/24proc-4pils/seed-2/6_sorrell3_seed-2_20260510_041416/iterated_local_search/search_space/search_space_file_1_worker_21.txt
[INFO]:[04:14:18] Writing ILS search space file for worker 22...
[INFO]:[04:14:18] ILS search space file written: /scratch/yorig/mpils-results-grid-ticks-10000-7may/medium-2/24proc-4pils/seed-2/6_sorrell3_seed-2_20260510_041416/iterated_local_search/search_space/search_space_file_1_worker_22.txt
[INFO]:[04:14:18] Writing ILS search space file for worker 23...
[INFO]:[04:14:18] ILS search space file written: /scratch/yorig/mpils-results-grid-ticks-10000-7may/medium-2/24proc-4pils/seed-2/6_sorrell3_seed-2_20260510_041416/iterated_local_search/search_space/search_space_file_1_worker_23.txt
[INFO]:[04:14:18] Launching Local Search Workers via MPI...
[INFO]:[04:14:18] Local Search Workers launched.
[INFO]:[04:14:18] Starting local search phase...
[INFO]:[04:14:18] Creating local search space from parameter space file: /scratch/yorig/mpils-results-grid-ticks-10000-7may/medium-2/24proc-4pils/seed-2/6_sorrell3_seed-2_20260510_041416/iterated_local_search/search_space/search_space_file_1.txt
[INFO]:[04:14:18] Local search space loaded from file: /scratch/yorig/mpils-results-grid-ticks-10000-7may/medium-2/24proc-4pils/seed-2/6_sorrell3_seed-2_20260510_041416/iterated_local_search/search_space/search_space_file_1.txt
[INFO]:[04:14:18] Number of parameters in local search space: 71
[INFO]:[04:14:18] Number of forbidden tuples in local search space: 0
[INFO]:[04:14:18] Number of conditionals in local search space: 6
[INFO]:[04:14:18] MIP start option not enabled. Local search will proceed without MIP start.
[INFO]:[04:14:18] Starting CPLEX solver on instance: /home/yorig/tuner/mpils-tests/instances/miplib/medium-2/sorrell3.mps with config: /scratch/yorig/mpils-results-grid-ticks-10000-7may/medium-2/24proc-4pils/seed-2/6_sorrell3_seed-2_20260510_041416/iterated_local_search/run_1_worker_0/ils_config_14921508010286178949.prm
[INFO]:[04:14:18] Starting CPLEX solver on instance: /home/yorig/tuner/mpils-tests/instances/miplib/medium-2/sorrell3.mps with config: /scratch/yorig/mpils-results-grid-ticks-10000-7may/medium-2/24proc-4pils/seed-2/6_sorrell3_seed-2_20260510_041416/iterated_local_search/run_1_worker_0/ils_config_14921508010286178949.prm
[INFO]:[04:14:24] CPLEX results. Gap: 33.480000, upper bound: -15.000000, lower bound: -20.021351
[INFO]:[04:14:24] CPLEX solver finished. Gap: 33.480000
[INFO]:[04:14:24] Starting CPLEX solver on instance: /home/yorig/tuner/mpils-tests/instances/miplib/medium-2/sorrell3.mps with config: /scratch/yorig/mpils-results-grid-ticks-10000-7may/medium-2/24proc-4pils/seed-2/6_sorrell3_seed-2_20260510_041416/iterated_local_search/run_1_worker_0/ils_config_10101538263502436884.prm
[INFO]:[04:14:24] Starting CPLEX solver on instance: /home/yorig/tuner/mpils-tests/instances/miplib/medium-2/sorrell3.mps with config: /scratch/yorig/mpils-results-grid-ticks-10000-7may/medium-2/24proc-4pils/seed-2/6_sorrell3_seed-2_20260510_041416/iterated_local_search/run_1_worker_0/ils_config_10101538263502436884.prm
[INFO]:[04:14:31] CPLEX results. Gap: 42.660000, upper bound: -15.000000, lower bound: -21.398340
[INFO]:[04:14:31] CPLEX solver finished. Gap: 42.660000
[INFO]:[04:14:31] New incumbent found with objective value: 33.37
[INFO]:[04:14:31] Starting CPLEX solver on instance: /home/yorig/tuner/mpils-tests/instances/miplib/medium-2/sorrell3.mps with config: /scratch/yorig/mpils-results-grid-ticks-10000-7may/medium-2/24proc-4pils/seed-2/6_sorrell3_seed-2_20260510_041416/iterated_local_search/run_1_worker_0/ils_config_3212834183101422475.prm
[INFO]:[04:14:31] Starting CPLEX solver on instance: /home/yorig/tuner/mpils-tests/instances/miplib/medium-2/sorrell3.mps with config: /scratch/yorig/mpils-results-grid-ticks-10000-7may/medium-2/24proc-4pils/seed-2/6_sorrell3_seed-2_20260510_041416/iterated_local_search/run_1_worker_0/ils_config_3212834183101422475.prm
[INFO]:[04:14:37] CPLEX results. Gap: 35.310000, upper bound: -15.000000, lower bound: -20.296397
[INFO]:[04:14:37] CPLEX solver finished. Gap: 35.310000
[INFO]:[04:14:37] Starting CPLEX solver on instance: /home/yorig/tuner/mpils-tests/instances/miplib/medium-2/sorrell3.mps with config: /scratch/yorig/mpils-results-grid-ticks-10000-7may/medium-2/24proc-4pils/seed-2/6_sorrell3_seed-2_20260510_041416/iterated_local_search/run_1_worker_0/ils_config_12911295086759950527.prm
[INFO]:[04:14:37] Starting CPLEX solver on instance: /home/yorig/tuner/mpils-tests/instances/miplib/medium-2/sorrell3.mps with config: /scratch/yorig/mpils-results-grid-ticks-10000-7may/medium-2/24proc-4pils/seed-2/6_sorrell3_seed-2_20260510_041416/iterated_local_search/run_1_worker_0/ils_config_12911295086759950527.prm
[INFO]:[04:14:44] CPLEX results. Gap: 33.370000, upper bound: -15.000000, lower bound: -20.005596
[INFO]:[04:14:44] CPLEX solver finished. Gap: 33.370000
[INFO]:[04:14:44] Starting CPLEX solver on instance: /home/yorig/tuner/mpils-tests/instances/miplib/medium-2/sorrell3.mps with config: /scratch/yorig/mpils-results-grid-ticks-10000-7may/medium-2/24proc-4pils/seed-2/6_sorrell3_seed-2_20260510_041416/iterated_local_search/run_1_worker_0/ils_config_3870910360695831303.prm
[INFO]:[04:14:44] Starting CPLEX solver on instance: /home/yorig/tuner/mpils-tests/instances/miplib/medium-2/sorrell3.mps with config: /scratch/yorig/mpils-results-grid-ticks-10000-7may/medium-2/24proc-4pils/seed-2/6_sorrell3_seed-2_20260510_041416/iterated_local_search/run_1_worker_0/ils_config_3870910360695831303.prm
[INFO]:[04:14:50] CPLEX results. Gap: 33.370000, upper bound: -15.000000, lower bound: -20.005596
[INFO]:[04:14:50] CPLEX solver finished. Gap: 33.370000
[INFO]:[04:14:50] Local search phase completed.
[INFO]:[04:14:50] Total number of new local-search evaluations: 20
[INFO]:[04:14:50] Final incumbent objective value: 33.37
[INFO]:[04:14:50] recordEvaluation produced_mip_start=0 mip_start_file=''
[INFO]:[04:14:50] ***************
[INFO]:[04:14:50] New best evaluation without MIP start found at time 6s, with objective 33.48 and configuration ID 14921508010286178949
[INFO]:[04:14:50] With config: 14921508010286178949 -> 
Configuration: CPXPARAM_Advance=1 CPXPARAM_Barrier_Algorithm=0 CPXPARAM_Barrier_ColNonzeros=0 CPXPARAM_Barrier_Crossover=0 CPXPARAM_Barrier_Limits_Corrections=-1 CPXPARAM_Barrier_Ordering=0 CPXPARAM_Barrier_StartAlg=1 CPXPARAM_Emphasis_MIP=0 CPXPARAM_Emphasis_Memory=0 CPXPARAM_Emphasis_Numerical=0 CPXPARAM_Feasopt_Mode=0 CPXPARAM_LPMethod=0 CPXPARAM_MIP_Cuts_Cliques=0 CPXPARAM_MIP_Cuts_Covers=0 CPXPARAM_MIP_Cuts_Disjunctive=0 CPXPARAM_MIP_Cuts_FlowCovers=0 CPXPARAM_MIP_Cuts_GUBCovers=0 CPXPARAM_MIP_Cuts_Gomory=0 CPXPARAM_MIP_Cuts_Implied=0 CPXPARAM_MIP_Cuts_MIRCut=0 CPXPARAM_MIP_Cuts_PathCut=0 CPXPARAM_MIP_Limits_AggForCut=3 CPXPARAM_MIP_Limits_CutPasses=0 CPXPARAM_MIP_Limits_CutsFactor=-1 CPXPARAM_MIP_Limits_GomoryCand=200 CPXPARAM_MIP_Limits_GomoryPass=0 CPXPARAM_MIP_Limits_Nodes=9223372036800000000 CPXPARAM_MIP_Limits_ProbeTime=1e+75 CPXPARAM_MIP_Limits_RepairTries=0 CPXPARAM_MIP_Limits_StrongCand=10 CPXPARAM_MIP_Limits_StrongIt=0 CPXPARAM_MIP_OrderType=0 CPXPARAM_MIP_Strategy_BBInterval=7 CPXPARAM_MIP_Strategy_Branch=0 CPXPARAM_MIP_Strategy_Dive=0 CPXPARAM_MIP_Strategy_File=1 CPXPARAM_MIP_Strategy_HeuristicFreq=0 CPXPARAM_MIP_Strategy_LBHeur=0 CPXPARAM_MIP_Strategy_NodeSelect=1 CPXPARAM_MIP_Strategy_Order=1 CPXPARAM_MIP_Strategy_PresolveNode=0 CPXPARAM_MIP_Strategy_Probe=0 CPXPARAM_MIP_Strategy_RINSHeur=0 CPXPARAM_MIP_Strategy_StartAlgorithm=0 CPXPARAM_MIP_Strategy_SubAlgorithm=0 CPXPARAM_MIP_Strategy_VariableSelect=0 CPXPARAM_Network_NetFind=2 CPXPARAM_Network_Pricing=0 CPXPARAM_Parallel=1 CPXPARAM_Preprocessing_Aggregator=-1 CPXPARAM_Preprocessing_BoundStrength=-1 CPXPARAM_Preprocessing_CoeffReduce=-1 CPXPARAM_Preprocessing_Dependency=-1 CPXPARAM_Preprocessing_Dual=0 CPXPARAM_Preprocessing_Fill=10 CPXPARAM_Preprocessing_NumPass=-1 CPXPARAM_Preprocessing_Presolve=1 CPXPARAM_Preprocessing_QPMakePSD=1 CPXPARAM_Preprocessing_Reduce=3 CPXPARAM_Preprocessing_Relax=-1 CPXPARAM_Preprocessing_RepeatPresolve=-1 CPXPARAM_Preprocessing_Symmetry=-1 CPXPARAM_Read_Scale=0 CPXPARAM_Sifting_Algorithm=0 CPXPARAM_Simplex_Crash=1 CPXPARAM_Simplex_DGradient=0 CPXPARAM_Simplex_Limits_Perturbation=0 CPXPARAM_Simplex_Limits_Singularity=10 CPXPARAM_Simplex_PGradient=0 CPXPARAM_Simplex_Pricing=0 CPXPARAM_Simplex_Refactor=0 | MIP Start: No 
[INFO]:[04:14:50] ***************
[DEBUG]:[04:14:50] Added evaluation to memory with objective: 33.48, ConfigId: 14921508010286178949, EvalId: 1. Total evaluations stored: 1
[INFO]:[04:14:50] recordEvaluation produced_mip_start=0 mip_start_file=''
[DEBUG]:[04:14:50] Added evaluation to memory with objective: 42.66, ConfigId: 15315726882871790359, EvalId: 2. Total evaluations stored: 2
[INFO]:[04:14:50] recordEvaluation produced_mip_start=0 mip_start_file=''
[DEBUG]:[04:14:50] Added evaluation to memory with objective: 34.29, ConfigId: 56266242180763339, EvalId: 3. Total evaluations stored: 3
[INFO]:[04:14:50] recordEvaluation produced_mip_start=0 mip_start_file=''
[DEBUG]:[04:14:50] Added evaluation to memory with objective: 35.12, ConfigId: 5530053259497326143, EvalId: 4. Total evaluations stored: 4
[INFO]:[04:14:50] recordEvaluation produced_mip_start=0 mip_start_file=''
[DEBUG]:[04:14:50] Added evaluation to memory with objective: 42.66, ConfigId: 10101538263502436884, EvalId: 5. Total evaluations stored: 5
[INFO]:[04:14:50] recordEvaluation produced_mip_start=0 mip_start_file=''
[INFO]:[04:14:50] ***************
[INFO]:[04:14:50] New best evaluation without MIP start found at time 13s, with objective 33.37 and configuration ID 5988662020493846908
[INFO]:[04:14:50] With config: 5988662020493846908 -> 
Configuration: CPXPARAM_Advance=1 CPXPARAM_Barrier_Algorithm=0 CPXPARAM_Barrier_ColNonzeros=0 CPXPARAM_Barrier_Crossover=0 CPXPARAM_Barrier_Limits_Corrections=-1 CPXPARAM_Barrier_Ordering=0 CPXPARAM_Barrier_StartAlg=1 CPXPARAM_Emphasis_MIP=0 CPXPARAM_Emphasis_Memory=0 CPXPARAM_Emphasis_Numerical=0 CPXPARAM_Feasopt_Mode=0 CPXPARAM_LPMethod=0 CPXPARAM_MIP_Cuts_Cliques=0 CPXPARAM_MIP_Cuts_Covers=0 CPXPARAM_MIP_Cuts_Disjunctive=0 CPXPARAM_MIP_Cuts_FlowCovers=0 CPXPARAM_MIP_Cuts_GUBCovers=0 CPXPARAM_MIP_Cuts_Gomory=0 CPXPARAM_MIP_Cuts_Implied=0 CPXPARAM_MIP_Cuts_MIRCut=0 CPXPARAM_MIP_Cuts_PathCut=0 CPXPARAM_MIP_Limits_AggForCut=3 CPXPARAM_MIP_Limits_CutPasses=0 CPXPARAM_MIP_Limits_CutsFactor=-1 CPXPARAM_MIP_Limits_GomoryCand=100 CPXPARAM_MIP_Limits_GomoryPass=0 CPXPARAM_MIP_Limits_Nodes=9223372036800000000 CPXPARAM_MIP_Limits_ProbeTime=1e+75 CPXPARAM_MIP_Limits_RepairTries=0 CPXPARAM_MIP_Limits_StrongCand=10 CPXPARAM_MIP_Limits_StrongIt=0 CPXPARAM_MIP_OrderType=0 CPXPARAM_MIP_Strategy_BBInterval=7 CPXPARAM_MIP_Strategy_Branch=0 CPXPARAM_MIP_Strategy_Dive=0 CPXPARAM_MIP_Strategy_File=1 CPXPARAM_MIP_Strategy_HeuristicFreq=0 CPXPARAM_MIP_Strategy_LBHeur=0 CPXPARAM_MIP_Strategy_NodeSelect=1 CPXPARAM_MIP_Strategy_Order=1 CPXPARAM_MIP_Strategy_PresolveNode=0 CPXPARAM_MIP_Strategy_Probe=0 CPXPARAM_MIP_Strategy_RINSHeur=0 CPXPARAM_MIP_Strategy_StartAlgorithm=0 CPXPARAM_MIP_Strategy_SubAlgorithm=0 CPXPARAM_MIP_Strategy_VariableSelect=0 CPXPARAM_Network_NetFind=2 CPXPARAM_Network_Pricing=0 CPXPARAM_Parallel=1 CPXPARAM_Preprocessing_Aggregator=-1 CPXPARAM_Preprocessing_BoundStrength=-1 CPXPARAM_Preprocessing_CoeffReduce=-1 CPXPARAM_Preprocessing_Dependency=-1 CPXPARAM_Preprocessing_Dual=0 CPXPARAM_Preprocessing_Fill=10 CPXPARAM_Preprocessing_NumPass=-1 CPXPARAM_Preprocessing_Presolve=1 CPXPARAM_Preprocessing_QPMakePSD=1 CPXPARAM_Preprocessing_Reduce=3 CPXPARAM_Preprocessing_Relax=-1 CPXPARAM_Preprocessing_RepeatPresolve=-1 CPXPARAM_Preprocessing_Symmetry=-1 CPXPARAM_Read_Scale=0 CPXPARAM_Sifting_Algorithm=0 CPXPARAM_Simplex_Crash=1 CPXPARAM_Simplex_DGradient=0 CPXPARAM_Simplex_Limits_Perturbation=0 CPXPARAM_Simplex_Limits_Singularity=10 CPXPARAM_Simplex_PGradient=0 CPXPARAM_Simplex_Pricing=0 CPXPARAM_Simplex_Refactor=0 | MIP Start: No 
[INFO]:[04:14:50] ***************
[DEBUG]:[04:14:50] Added evaluation to memory with objective: 33.37, ConfigId: 5988662020493846908, EvalId: 6. Total evaluations stored: 6
[INFO]:[04:14:50] recordEvaluation produced_mip_start=0 mip_start_file=''
[DEBUG]:[04:14:50] Added evaluation to memory with objective: 33.48, ConfigId: 10905844833752053842, EvalId: 7. Total evaluations stored: 7
[INFO]:[04:14:50] recordEvaluation produced_mip_start=0 mip_start_file=''
[DEBUG]:[04:14:50] Added evaluation to memory with objective: 33.48, ConfigId: 10346973009034893901, EvalId: 8. Total evaluations stored: 8
[INFO]:[04:14:50] recordEvaluation produced_mip_start=0 mip_start_file=''
[DEBUG]:[04:14:50] Added evaluation to memory with objective: 35.31, ConfigId: 3212834183101422475, EvalId: 9. Total evaluations stored: 9
[INFO]:[04:14:50] recordEvaluation produced_mip_start=0 mip_start_file=''
[DEBUG]:[04:14:50] Added evaluation to memory with objective: 33.37, ConfigId: 16706754388871331692, EvalId: 10. Total evaluations stored: 10
[INFO]:[04:14:50] recordEvaluation produced_mip_start=0 mip_start_file=''
[DEBUG]:[04:14:50] Added evaluation to memory with objective: 33.37, ConfigId: 16579847008488147396, EvalId: 11. Total evaluations stored: 11
[INFO]:[04:14:50] recordEvaluation produced_mip_start=0 mip_start_file=''
[DEBUG]:[04:14:50] Added evaluation to memory with objective: 33.48, ConfigId: 16450644818478286277, EvalId: 12. Total evaluations stored: 12
[INFO]:[04:14:50] recordEvaluation produced_mip_start=0 mip_start_file=''
[DEBUG]:[04:14:50] Added evaluation to memory with objective: 33.37, ConfigId: 12911295086759950527, EvalId: 13. Total evaluations stored: 13
[INFO]:[04:14:50] recordEvaluation produced_mip_start=0 mip_start_file=''
[DEBUG]:[04:14:50] Added evaluation to memory with objective: 33.37, ConfigId: 3895283216737288575, EvalId: 14. Total evaluations stored: 14
[INFO]:[04:14:50] recordEvaluation produced_mip_start=0 mip_start_file=''
[DEBUG]:[04:14:50] Added evaluation to memory with objective: 33.48, ConfigId: 8683817217222751575, EvalId: 15. Total evaluations stored: 15
[INFO]:[04:14:50] recordEvaluation produced_mip_start=0 mip_start_file=''
[DEBUG]:[04:14:50] Added evaluation to memory with objective: 33.37, ConfigId: 4974937575069386215, EvalId: 16. Total evaluations stored: 16
[INFO]:[04:14:50] recordEvaluation produced_mip_start=0 mip_start_file=''
[DEBUG]:[04:14:50] Added evaluation to memory with objective: 33.37, ConfigId: 3870910360695831303, EvalId: 17. Total evaluations stored: 17
[INFO]:[04:14:50] recordEvaluation produced_mip_start=0 mip_start_file=''
[DEBUG]:[04:14:50] Added evaluation to memory with objective: 33.37, ConfigId: 10712609067010993414, EvalId: 18. Total evaluations stored: 18
[INFO]:[04:14:50] recordEvaluation produced_mip_start=0 mip_start_file=''
[DEBUG]:[04:14:50] Added evaluation to memory with objective: 33.48, ConfigId: 14921508010286178949, EvalId: 19. Total evaluations stored: 19
[INFO]:[04:14:50] recordEvaluation produced_mip_start=0 mip_start_file=''
[DEBUG]:[04:14:50] Added evaluation to memory with objective: 33.37, ConfigId: 7236448467737835169, EvalId: 20. Total evaluations stored: 20
[INFO]:[04:14:50] Waiting for Local Search Workers via MPI...
[INFO]:[04:14:51] Local Search Workers have completed.
[INFO]:[04:14:51] recordEvaluation produced_mip_start=0 mip_start_file=''
[DEBUG]:[04:14:51] Added evaluation to memory with objective: 42.71, ConfigId: 15967469245584910126, EvalId: 21. Total evaluations stored: 21
[INFO]:[04:14:51] recordEvaluation produced_mip_start=0 mip_start_file=''
[DEBUG]:[04:14:51] Added evaluation to memory with objective: 42.92, ConfigId: 10869707893492639323, EvalId: 22. Total evaluations stored: 22
[INFO]:[04:14:51] recordEvaluation produced_mip_start=0 mip_start_file=''
[DEBUG]:[04:14:51] Added evaluation to memory with objective: 33.48, ConfigId: 5142107393769321730, EvalId: 23. Total evaluations stored: 23
[INFO]:[04:14:51] recordEvaluation produced_mip_start=0 mip_start_file=''
[DEBUG]:[04:14:51] Added evaluation to memory with objective: 33.37, ConfigId: 11149949764820712236, EvalId: 24. Total evaluations stored: 24
[INFO]:[04:14:51] recordEvaluation produced_mip_start=0 mip_start_file=''
[DEBUG]:[04:14:51] Added evaluation to memory with objective: 33.48, ConfigId: 15176750146216334189, EvalId: 25. Total evaluations stored: 25
[INFO]:[04:14:51] recordEvaluation produced_mip_start=0 mip_start_file=''
[DEBUG]:[04:14:51] Added evaluation to memory with objective: 34.02, ConfigId: 346677025084701484, EvalId: 26. Total evaluations stored: 26
[INFO]:[04:14:51] recordEvaluation produced_mip_start=0 mip_start_file=''
[DEBUG]:[04:14:51] Added evaluation to memory with objective: 33.37, ConfigId: 11849838507774492127, EvalId: 27. Total evaluations stored: 27
[INFO]:[04:14:51] recordEvaluation produced_mip_start=0 mip_start_file=''
[DEBUG]:[04:14:51] Added evaluation to memory with objective: 33.37, ConfigId: 16783671081273218017, EvalId: 28. Total evaluations stored: 28
[INFO]:[04:14:51] recordEvaluation produced_mip_start=0 mip_start_file=''
[DEBUG]:[04:14:51] Added evaluation to memory with objective: 33.37, ConfigId: 2346234559049650742, EvalId: 29. Total evaluations stored: 29
[INFO]:[04:14:51] recordEvaluation produced_mip_start=0 mip_start_file=''
[DEBUG]:[04:14:51] Added evaluation to memory with objective: 33.37, ConfigId: 2249562376498686319, EvalId: 30. Total evaluations stored: 30
[INFO]:[04:14:51] recordEvaluation produced_mip_start=0 mip_start_file=''
[DEBUG]:[04:14:51] Added evaluation to memory with objective: 33.37, ConfigId: 16992785306615914736, EvalId: 31. Total evaluations stored: 31
[INFO]:[04:14:51] recordEvaluation produced_mip_start=0 mip_start_file=''
[DEBUG]:[04:14:51] Added evaluation to memory with objective: 33.37, ConfigId: 6437838215296405073, EvalId: 32. Total evaluations stored: 32
[INFO]:[04:14:51] recordEvaluation produced_mip_start=0 mip_start_file=''
[DEBUG]:[04:14:51] Added evaluation to memory with objective: 33.37, ConfigId: 13670073590654916660, EvalId: 33. Total evaluations stored: 33
[INFO]:[04:14:51] recordEvaluation produced_mip_start=0 mip_start_file=''
[DEBUG]:[04:14:51] Added evaluation to memory with objective: 33.37, ConfigId: 14849431848596990139, EvalId: 34. Total evaluations stored: 34
[INFO]:[04:14:51] recordEvaluation produced_mip_start=0 mip_start_file=''
[DEBUG]:[04:14:51] Added evaluation to memory with objective: 35.31, ConfigId: 6605060248070563902, EvalId: 35. Total evaluations stored: 35
[INFO]:[04:14:51] recordEvaluation produced_mip_start=0 mip_start_file=''
[DEBUG]:[04:14:51] Added evaluation to memory with objective: 33.37, ConfigId: 3755966090379223352, EvalId: 36. Total evaluations stored: 36
[INFO]:[04:14:51] recordEvaluation produced_mip_start=0 mip_start_file=''
[DEBUG]:[04:14:51] Added evaluation to memory with objective: 33.37, ConfigId: 976875673280204071, EvalId: 37. Total evaluations stored: 37
[INFO]:[04:14:51] recordEvaluation produced_mip_start=0 mip_start_file=''
[DEBUG]:[04:14:51] Added evaluation to memory with objective: 33.37, ConfigId: 8784766915191659863, EvalId: 38. Total evaluations stored: 38
[INFO]:[04:14:51] recordEvaluation produced_mip_start=0 mip_start_file=''
[DEBUG]:[04:14:51] Added evaluation to memory with objective: 33.48, ConfigId: 3808375383821237905, EvalId: 39. Total evaluations stored: 39
[INFO]:[04:14:51] recordEvaluation produced_mip_start=0 mip_start_file=''
[DEBUG]:[04:14:51] Added evaluation to memory with objective: 33.37, ConfigId: 11620509511764362458, EvalId: 40. Total evaluations stored: 40
[INFO]:[04:14:51] recordEvaluation produced_mip_start=0 mip_start_file=''
[DEBUG]:[04:14:51] Added evaluation to memory with objective: 33.37, ConfigId: 4576507832747671317, EvalId: 41. Total evaluations stored: 41
[INFO]:[04:14:51] recordEvaluation produced_mip_start=0 mip_start_file=''
[DEBUG]:[04:14:51] Added evaluation to memory with objective: 33.37, ConfigId: 12396218151131135542, EvalId: 42. Total evaluations stored: 42
[INFO]:[04:14:51] recordEvaluation produced_mip_start=0 mip_start_file=''
[DEBUG]:[04:14:51] Added evaluation to memory with objective: 42.6, ConfigId: 3417100910797898270, EvalId: 43. Total evaluations stored: 43
[INFO]:[04:14:51] recordEvaluation produced_mip_start=0 mip_start_file=''
[DEBUG]:[04:14:51] Added evaluation to memory with objective: 33.48, ConfigId: 6606871851972106930, EvalId: 44. Total evaluations stored: 44
[INFO]:[04:14:51] recordEvaluation produced_mip_start=0 mip_start_file=''
[DEBUG]:[04:14:51] Added evaluation to memory with objective: 33.37, ConfigId: 13918578203811198730, EvalId: 45. Total evaluations stored: 45
[INFO]:[04:14:51] recordEvaluation produced_mip_start=0 mip_start_file=''
[DEBUG]:[04:14:51] Added evaluation to memory with objective: 33.37, ConfigId: 11999484675313402272, EvalId: 46. Total evaluations stored: 46
[INFO]:[04:14:51] recordEvaluation produced_mip_start=0 mip_start_file=''
[DEBUG]:[04:14:51] Added evaluation to memory with objective: 33.37, ConfigId: 4973211445724395571, EvalId: 47. Total evaluations stored: 47
[INFO]:[04:14:51] recordEvaluation produced_mip_start=0 mip_start_file=''
[DEBUG]:[04:14:51] Added evaluation to memory with objective: 33.37, ConfigId: 7562547825121972366, EvalId: 48. Total evaluations stored: 48
[INFO]:[04:14:51] recordEvaluation produced_mip_start=0 mip_start_file=''
[DEBUG]:[04:14:51] Added evaluation to memory with objective: 33.48, ConfigId: 12862435656438415488, EvalId: 49. Total evaluations stored: 49
[INFO]:[04:14:51] recordEvaluation produced_mip_start=0 mip_start_file=''
[DEBUG]:[04:14:51] Added evaluation to memory with objective: 33.48, ConfigId: 16862038666428724040, EvalId: 50. Total evaluations stored: 50
[INFO]:[04:14:51] recordEvaluation produced_mip_start=0 mip_start_file=''
[DEBUG]:[04:14:51] Added evaluation to memory with objective: 33.37, ConfigId: 17164202165493951963, EvalId: 51. Total evaluations stored: 51
[INFO]:[04:14:51] recordEvaluation produced_mip_start=0 mip_start_file=''
[DEBUG]:[04:14:51] Added evaluation to memory with objective: 33.37, ConfigId: 17525534000643593371, EvalId: 52. Total evaluations stored: 52
[INFO]:[04:14:51] recordEvaluation produced_mip_start=0 mip_start_file=''
[DEBUG]:[04:14:51] Added evaluation to memory with objective: 33.37, ConfigId: 8037424948878194507, EvalId: 53. Total evaluations stored: 53
[INFO]:[04:14:51] recordEvaluation produced_mip_start=0 mip_start_file=''
[DEBUG]:[04:14:51] Added evaluation to memory with objective: 33.37, ConfigId: 14567595852021779411, EvalId: 54. Total evaluations stored: 54
[INFO]:[04:14:51] recordEvaluation produced_mip_start=0 mip_start_file=''
[DEBUG]:[04:14:51] Added evaluation to memory with objective: 33.37, ConfigId: 17300019665060163464, EvalId: 55. Total evaluations stored: 55
[INFO]:[04:14:51] recordEvaluation produced_mip_start=0 mip_start_file=''
[DEBUG]:[04:14:51] Added evaluation to memory with objective: 33.48, ConfigId: 13951427912704566098, EvalId: 56. Total evaluations stored: 56
[INFO]:[04:14:51] recordEvaluation produced_mip_start=0 mip_start_file=''
[DEBUG]:[04:14:51] Added evaluation to memory with objective: 33.37, ConfigId: 2558354523071996996, EvalId: 57. Total evaluations stored: 57
[INFO]:[04:14:51] recordEvaluation produced_mip_start=0 mip_start_file=''
[DEBUG]:[04:14:51] Added evaluation to memory with objective: 33.37, ConfigId: 7877294417290185590, EvalId: 58. Total evaluations stored: 58
[INFO]:[04:14:51] recordEvaluation produced_mip_start=0 mip_start_file=''
[DEBUG]:[04:14:51] Added evaluation to memory with objective: 33.37, ConfigId: 12480083132632785462, EvalId: 59. Total evaluations stored: 59
[INFO]:[04:14:51] recordEvaluation produced_mip_start=0 mip_start_file=''
[DEBUG]:[04:14:51] Added evaluation to memory with objective: 33.37, ConfigId: 17098663800055536694, EvalId: 60. Total evaluations stored: 60
[INFO]:[04:14:51] recordEvaluation produced_mip_start=0 mip_start_file=''
[DEBUG]:[04:14:51] Added evaluation to memory with objective: 33.48, ConfigId: 9835285789935760647, EvalId: 61. Total evaluations stored: 61
[INFO]:[04:14:51] recordEvaluation produced_mip_start=0 mip_start_file=''
[DEBUG]:[04:14:51] Added evaluation to memory with objective: 33.75, ConfigId: 16693004179552802109, EvalId: 62. Total evaluations stored: 62
[INFO]:[04:14:51] recordEvaluation produced_mip_start=0 mip_start_file=''
[DEBUG]:[04:14:51] Added evaluation to memory with objective: 33.37, ConfigId: 10220693112937904844, EvalId: 63. Total evaluations stored: 63
[INFO]:[04:14:51] recordEvaluation produced_mip_start=0 mip_start_file=''
[DEBUG]:[04:14:51] Added evaluation to memory with objective: 33.48, ConfigId: 8680118397648825513, EvalId: 64. Total evaluations stored: 64
[INFO]:[04:14:51] recordEvaluation produced_mip_start=0 mip_start_file=''
[DEBUG]:[04:14:51] Added evaluation to memory with objective: 33.37, ConfigId: 13184733612677358017, EvalId: 65. Total evaluations stored: 65
[INFO]:[04:14:51] recordEvaluation produced_mip_start=0 mip_start_file=''
[DEBUG]:[04:14:51] Added evaluation to memory with objective: 33.37, ConfigId: 16272013555774728096, EvalId: 66. Total evaluations stored: 66
[INFO]:[04:14:51] recordEvaluation produced_mip_start=0 mip_start_file=''
[DEBUG]:[04:14:51] Added evaluation to memory with objective: 33.37, ConfigId: 5458342197696944110, EvalId: 67. Total evaluations stored: 67
[INFO]:[04:14:51] recordEvaluation produced_mip_start=0 mip_start_file=''
[DEBUG]:[04:14:51] Added evaluation to memory with objective: 33.37, ConfigId: 3597186301596928146, EvalId: 68. Total evaluations stored: 68
[INFO]:[04:14:51] recordEvaluation produced_mip_start=0 mip_start_file=''
[DEBUG]:[04:14:51] Added evaluation to memory with objective: 33.37, ConfigId: 9588408687828226323, EvalId: 69. Total evaluations stored: 69
[INFO]:[04:14:51] recordEvaluation produced_mip_start=0 mip_start_file=''
[DEBUG]:[04:14:51] Added evaluation to memory with objective: 33.37, ConfigId: 9178345993577754640, EvalId: 70. Total evaluations stored: 70
[INFO]:[04:14:51] recordEvaluation produced_mip_start=0 mip_start_file=''
[DEBUG]:[04:14:51] Added evaluation to memory with objective: 33.37, ConfigId: 4810235768086958904, EvalId: 71. Total evaluations stored: 71
[INFO]:[04:14:51] recordEvaluation produced_mip_start=0 mip_start_file=''
[DEBUG]:[04:14:51] Added evaluation to memory with objective: 33.37, ConfigId: 10935554230693549789, EvalId: 72. Total evaluations stored: 72
[INFO]:[04:14:51] recordEvaluation produced_mip_start=0 mip_start_file=''
[DEBUG]:[04:14:51] Added evaluation to memory with objective: 33.37, ConfigId: 12267553522415383752, EvalId: 73. Total evaluations stored: 73
[INFO]:[04:14:51] recordEvaluation produced_mip_start=0 mip_start_file=''
[DEBUG]:[04:14:51] Added evaluation to memory with objective: 33.37, ConfigId: 16747184043600334437, EvalId: 74. Total evaluations stored: 74
[INFO]:[04:14:51] recordEvaluation produced_mip_start=0 mip_start_file=''
[DEBUG]:[04:14:51] Added evaluation to memory with objective: 36.3, ConfigId: 14735799493947156050, EvalId: 75. Total evaluations stored: 75
[INFO]:[04:14:51] recordEvaluation produced_mip_start=0 mip_start_file=''
[DEBUG]:[04:14:51] Added evaluation to memory with objective: 33.48, ConfigId: 15432465829673800846, EvalId: 76. Total evaluations stored: 76
[INFO]:[04:14:51] recordEvaluation produced_mip_start=0 mip_start_file=''
[DEBUG]:[04:14:51] Added evaluation to memory with objective: 33.48, ConfigId: 716576181049872679, EvalId: 77. Total evaluations stored: 77
[INFO]:[04:14:51] recordEvaluation produced_mip_start=0 mip_start_file=''
[DEBUG]:[04:14:51] Added evaluation to memory with objective: 38.65, ConfigId: 14410284334548887753, EvalId: 78. Total evaluations stored: 78
[INFO]:[04:14:51] recordEvaluation produced_mip_start=0 mip_start_file=''
[DEBUG]:[04:14:51] Added evaluation to memory with objective: 33.37, ConfigId: 2044139079228027866, EvalId: 79. Total evaluations stored: 79
[INFO]:[04:14:51] recordEvaluation produced_mip_start=0 mip_start_file=''
[DEBUG]:[04:14:51] Added evaluation to memory with objective: 33.37, ConfigId: 6388764254807495647, EvalId: 80. Total evaluations stored: 80
[INFO]:[04:14:51] recordEvaluation produced_mip_start=0 mip_start_file=''
[DEBUG]:[04:14:51] Added evaluation to memory with objective: 33.37, ConfigId: 12164534061271228568, EvalId: 81. Total evaluations stored: 81
[INFO]:[04:14:51] recordEvaluation produced_mip_start=0 mip_start_file=''
[DEBUG]:[04:14:51] Added evaluation to memory with objective: 42.52, ConfigId: 14561719546540016113, EvalId: 82. Total evaluations stored: 82
[INFO]:[04:14:51] recordEvaluation produced_mip_start=0 mip_start_file=''
[DEBUG]:[04:14:51] Added evaluation to memory with objective: 33.37, ConfigId: 2827860647322145319, EvalId: 83. Total evaluations stored: 83
[INFO]:[04:14:51] recordEvaluation produced_mip_start=0 mip_start_file=''
[DEBUG]:[04:14:51] Added evaluation to memory with objective: 33.48, ConfigId: 13795231978716049713, EvalId: 84. Total evaluations stored: 84
[INFO]:[04:14:51] recordEvaluation produced_mip_start=0 mip_start_file=''
[DEBUG]:[04:14:51] Added evaluation to memory with objective: 33.48, ConfigId: 14805211976241895796, EvalId: 85. Total evaluations stored: 85
[INFO]:[04:14:51] recordEvaluation produced_mip_start=0 mip_start_file=''
[DEBUG]:[04:14:51] Added evaluation to memory with objective: 33.37, ConfigId: 5406972316566220376, EvalId: 86. Total evaluations stored: 86
[INFO]:[04:14:51] recordEvaluation produced_mip_start=0 mip_start_file=''
[DEBUG]:[04:14:51] Added evaluation to memory with objective: 33.37, ConfigId: 14281162125891243466, EvalId: 87. Total evaluations stored: 87
[INFO]:[04:14:51] recordEvaluation produced_mip_start=0 mip_start_file=''
[DEBUG]:[04:14:51] Added evaluation to memory with objective: 33.37, ConfigId: 6782372363691663130, EvalId: 88. Total evaluations stored: 88
[INFO]:[04:14:51] recordEvaluation produced_mip_start=0 mip_start_file=''
[DEBUG]:[04:14:51] Added evaluation to memory with objective: 33.37, ConfigId: 11027065067103866831, EvalId: 89. Total evaluations stored: 89
[INFO]:[04:14:51] recordEvaluation produced_mip_start=0 mip_start_file=''
[DEBUG]:[04:14:51] Added evaluation to memory with objective: 33.37, ConfigId: 8254126732486526392, EvalId: 90. Total evaluations stored: 90
[INFO]:[04:14:51] recordEvaluation produced_mip_start=0 mip_start_file=''
[DEBUG]:[04:14:51] Added evaluation to memory with objective: 33.37, ConfigId: 2412797442834138033, EvalId: 91. Total evaluations stored: 91
[INFO]:[04:14:51] recordEvaluation produced_mip_start=0 mip_start_file=''
[DEBUG]:[04:14:51] Added evaluation to memory with objective: 33.48, ConfigId: 11265809367849686124, EvalId: 92. Total evaluations stored: 92
[INFO]:[04:14:51] recordEvaluation produced_mip_start=0 mip_start_file=''
[DEBUG]:[04:14:51] Added evaluation to memory with objective: 33.64, ConfigId: 988639390600039766, EvalId: 93. Total evaluations stored: 93
[INFO]:[04:14:51] recordEvaluation produced_mip_start=0 mip_start_file=''
[DEBUG]:[04:14:51] Added evaluation to memory with objective: 35.23, ConfigId: 1008080308702618514, EvalId: 94. Total evaluations stored: 94
[INFO]:[04:14:51] recordEvaluation produced_mip_start=0 mip_start_file=''
[DEBUG]:[04:14:51] Added evaluation to memory with objective: 33.37, ConfigId: 7041110049764530614, EvalId: 95. Total evaluations stored: 95
[INFO]:[04:14:51] recordEvaluation produced_mip_start=0 mip_start_file=''
[DEBUG]:[04:14:51] Added evaluation to memory with objective: 38.65, ConfigId: 347011044510451388, EvalId: 96. Total evaluations stored: 96
[INFO]:[04:14:51] recordEvaluation produced_mip_start=0 mip_start_file=''
[DEBUG]:[04:14:51] Added evaluation to memory with objective: 33.37, ConfigId: 16271251055084451091, EvalId: 97. Total evaluations stored: 97
[INFO]:[04:14:51] recordEvaluation produced_mip_start=0 mip_start_file=''
[DEBUG]:[04:14:51] Added evaluation to memory with objective: 33.37, ConfigId: 4436167456103731776, EvalId: 98. Total evaluations stored: 98
[INFO]:[04:14:51] recordEvaluation produced_mip_start=0 mip_start_file=''
[DEBUG]:[04:14:51] Added evaluation to memory with objective: 33.48, ConfigId: 451470127680472146, EvalId: 99. Total evaluations stored: 99
[INFO]:[04:14:51] recordEvaluation produced_mip_start=0 mip_start_file=''
[DEBUG]:[04:14:51] Added evaluation to memory with objective: 42.62, ConfigId: 6839058685312724602, EvalId: 100. Total evaluations stored: 100
[INFO]:[04:14:51] recordEvaluation produced_mip_start=0 mip_start_file=''
[DEBUG]:[04:14:51] Added evaluation to memory with objective: 34.02, ConfigId: 7520454777219911058, EvalId: 101. Total evaluations stored: 101
[INFO]:[04:14:51] recordEvaluation produced_mip_start=0 mip_start_file=''
[DEBUG]:[04:14:51] Added evaluation to memory with objective: 35.42, ConfigId: 17177272616769456500, EvalId: 102. Total evaluations stored: 102
[INFO]:[04:14:51] recordEvaluation produced_mip_start=0 mip_start_file=''
[DEBUG]:[04:14:51] Added evaluation to memory with objective: 38.65, ConfigId: 12746817110915635316, EvalId: 103. Total evaluations stored: 103
[INFO]:[04:14:51] recordEvaluation produced_mip_start=0 mip_start_file=''
[DEBUG]:[04:14:51] Added evaluation to memory with objective: 42.92, ConfigId: 17408219791843151976, EvalId: 104. Total evaluations stored: 104
[INFO]:[04:14:51] recordEvaluation produced_mip_start=0 mip_start_file=''
[DEBUG]:[04:14:51] Added evaluation to memory with objective: 34.02, ConfigId: 11727742547340320227, EvalId: 105. Total evaluations stored: 105
[INFO]:[04:14:51] recordEvaluation produced_mip_start=0 mip_start_file=''
[DEBUG]:[04:14:51] Added evaluation to memory with objective: 34.29, ConfigId: 136249515164635565, EvalId: 106. Total evaluations stored: 106
[INFO]:[04:14:51] recordEvaluation produced_mip_start=0 mip_start_file=''
[DEBUG]:[04:14:51] Added evaluation to memory with objective: 34.02, ConfigId: 4577946215446289067, EvalId: 107. Total evaluations stored: 107
[INFO]:[04:14:51] recordEvaluation produced_mip_start=0 mip_start_file=''
[DEBUG]:[04:14:51] Added evaluation to memory with objective: 33.75, ConfigId: 17367020046916931948, EvalId: 108. Total evaluations stored: 108
[INFO]:[04:14:51] recordEvaluation produced_mip_start=0 mip_start_file=''
[DEBUG]:[04:14:51] Added evaluation to memory with objective: 35.23, ConfigId: 2557271883747040939, EvalId: 109. Total evaluations stored: 109
[INFO]:[04:14:51] recordEvaluation produced_mip_start=0 mip_start_file=''
[DEBUG]:[04:14:51] Added evaluation to memory with objective: 33.75, ConfigId: 16643613186923804845, EvalId: 110. Total evaluations stored: 110
[INFO]:[04:14:51] recordEvaluation produced_mip_start=0 mip_start_file=''
[DEBUG]:[04:14:51] Added evaluation to memory with objective: 33.75, ConfigId: 7996073548619181474, EvalId: 111. Total evaluations stored: 111
[INFO]:[04:14:51] recordEvaluation produced_mip_start=0 mip_start_file=''
[DEBUG]:[04:14:51] Added evaluation to memory with objective: 33.48, ConfigId: 11453507037877011399, EvalId: 112. Total evaluations stored: 112
[INFO]:[04:14:51] recordEvaluation produced_mip_start=0 mip_start_file=''
[DEBUG]:[04:14:51] Added evaluation to memory with objective: 33.69, ConfigId: 9339750052274925894, EvalId: 113. Total evaluations stored: 113
[INFO]:[04:14:51] recordEvaluation produced_mip_start=0 mip_start_file=''
[DEBUG]:[04:14:51] Added evaluation to memory with objective: 33.48, ConfigId: 9636307852311769843, EvalId: 114. Total evaluations stored: 114
[INFO]:[04:14:51] recordEvaluation produced_mip_start=0 mip_start_file=''
[DEBUG]:[04:14:51] Added evaluation to memory with objective: 33.48, ConfigId: 6720622751821836922, EvalId: 115. Total evaluations stored: 115
[INFO]:[04:14:51] recordEvaluation produced_mip_start=0 mip_start_file=''
[DEBUG]:[04:14:51] Added evaluation to memory with objective: 33.48, ConfigId: 2217997409553344383, EvalId: 116. Total evaluations stored: 116
[INFO]:[04:14:51] recordEvaluation produced_mip_start=0 mip_start_file=''
[DEBUG]:[04:14:51] Added evaluation to memory with objective: 33.48, ConfigId: 9138039104933333462, EvalId: 117. Total evaluations stored: 117
[INFO]:[04:14:51] recordEvaluation produced_mip_start=0 mip_start_file=''
[DEBUG]:[04:14:51] Added evaluation to memory with objective: 33.56, ConfigId: 2599989025049358180, EvalId: 118. Total evaluations stored: 118
[INFO]:[04:14:51] recordEvaluation produced_mip_start=0 mip_start_file=''
[DEBUG]:[04:14:51] Added evaluation to memory with objective: 42.64, ConfigId: 2208789331372965047, EvalId: 119. Total evaluations stored: 119
[INFO]:[04:14:51] recordEvaluation produced_mip_start=0 mip_start_file=''
[DEBUG]:[04:14:51] Added evaluation to memory with objective: 38.65, ConfigId: 27856715100988387, EvalId: 120. Total evaluations stored: 120
[INFO]:[04:14:51] IteratedLocalSearch Engine completed.
[INFO]:[04:14:51] Added120 evaluations to memory from exploration phase at iteration 1
[INFO]:[04:14:51] Exploration phase completed.
[INFO]:[04:14:51] Starting expansion phase...
[INFO]:[04:14:51] Selecting parameters for expansion phase...
[INFO]:[04:14:51] Selected expansion parameters: 10
[INFO]:[04:14:51] Creating configuration files for expansion parameters...
[INFO]:[04:14:51] Creating configurations for parameter: CPXPARAM_MIP_Strategy_Probe
[DEBUG]:[04:14:51] Parameter CPXPARAM_MIP_Strategy_Probe will be evaluated on 4 alternative value(s) after excluding the current base configuration value.
[DEBUG]:[04:14:51] Created configuration file for parameter CPXPARAM_MIP_Strategy_Probe with value -1 at /scratch/yorig/mpils-results-grid-ticks-10000-7may/medium-2/24proc-4pils/seed-2/6_sorrell3_seed-2_20260510_041416/expansion/config_param_CPXPARAM_MIP_Strategy_Probe_-1_iter_1.prm
[DEBUG]:[04:14:51] Created configuration file for parameter CPXPARAM_MIP_Strategy_Probe with value 1 at /scratch/yorig/mpils-results-grid-ticks-10000-7may/medium-2/24proc-4pils/seed-2/6_sorrell3_seed-2_20260510_041416/expansion/config_param_CPXPARAM_MIP_Strategy_Probe_1_iter_1.prm
[DEBUG]:[04:14:51] Created configuration file for parameter CPXPARAM_MIP_Strategy_Probe with value 2 at /scratch/yorig/mpils-results-grid-ticks-10000-7may/medium-2/24proc-4pils/seed-2/6_sorrell3_seed-2_20260510_041416/expansion/config_param_CPXPARAM_MIP_Strategy_Probe_2_iter_1.prm
[DEBUG]:[04:14:51] Created configuration file for parameter CPXPARAM_MIP_Strategy_Probe with value 3 at /scratch/yorig/mpils-results-grid-ticks-10000-7may/medium-2/24proc-4pils/seed-2/6_sorrell3_seed-2_20260510_041416/expansion/config_param_CPXPARAM_MIP_Strategy_Probe_3_iter_1.prm
[INFO]:[04:14:51] Creating configurations for parameter: CPXPARAM_MIP_Cuts_Covers
[DEBUG]:[04:14:51] Parameter CPXPARAM_MIP_Cuts_Covers will be evaluated on 4 alternative value(s) after excluding the current base configuration value.
[DEBUG]:[04:14:51] Created configuration file for parameter CPXPARAM_MIP_Cuts_Covers with value -1 at /scratch/yorig/mpils-results-grid-ticks-10000-7may/medium-2/24proc-4pils/seed-2/6_sorrell3_seed-2_20260510_041416/expansion/config_param_CPXPARAM_MIP_Cuts_Covers_-1_iter_1.prm
[DEBUG]:[04:14:51] Created configuration file for parameter CPXPARAM_MIP_Cuts_Covers with value 1 at /scratch/yorig/mpils-results-grid-ticks-10000-7may/medium-2/24proc-4pils/seed-2/6_sorrell3_seed-2_20260510_041416/expansion/config_param_CPXPARAM_MIP_Cuts_Covers_1_iter_1.prm
[DEBUG]:[04:14:51] Created configuration file for parameter CPXPARAM_MIP_Cuts_Covers with value 2 at /scratch/yorig/mpils-results-grid-ticks-10000-7may/medium-2/24proc-4pils/seed-2/6_sorrell3_seed-2_20260510_041416/expansion/config_param_CPXPARAM_MIP_Cuts_Covers_2_iter_1.prm
[DEBUG]:[04:14:51] Created configuration file for parameter CPXPARAM_MIP_Cuts_Covers with value 3 at /scratch/yorig/mpils-results-grid-ticks-10000-7may/medium-2/24proc-4pils/seed-2/6_sorrell3_seed-2_20260510_041416/expansion/config_param_CPXPARAM_MIP_Cuts_Covers_3_iter_1.prm
[INFO]:[04:14:51] Creating configurations for parameter: CPXPARAM_MIP_Strategy_VariableSelect
[DEBUG]:[04:14:51] Parameter CPXPARAM_MIP_Strategy_VariableSelect will be evaluated on 5 alternative value(s) after excluding the current base configuration value.
[DEBUG]:[04:14:51] Created configuration file for parameter CPXPARAM_MIP_Strategy_VariableSelect with value -1 at /scratch/yorig/mpils-results-grid-ticks-10000-7may/medium-2/24proc-4pils/seed-2/6_sorrell3_seed-2_20260510_041416/expansion/config_param_CPXPARAM_MIP_Strategy_VariableSelect_-1_iter_1.prm
[DEBUG]:[04:14:51] Created configuration file for parameter CPXPARAM_MIP_Strategy_VariableSelect with value 1 at /scratch/yorig/mpils-results-grid-ticks-10000-7may/medium-2/24proc-4pils/seed-2/6_sorrell3_seed-2_20260510_041416/expansion/config_param_CPXPARAM_MIP_Strategy_VariableSelect_1_iter_1.prm
[DEBUG]:[04:14:51] Created configuration file for parameter CPXPARAM_MIP_Strategy_VariableSelect with value 2 at /scratch/yorig/mpils-results-grid-ticks-10000-7may/medium-2/24proc-4pils/seed-2/6_sorrell3_seed-2_20260510_041416/expansion/config_param_CPXPARAM_MIP_Strategy_VariableSelect_2_iter_1.prm
[DEBUG]:[04:14:51] Created configuration file for parameter CPXPARAM_MIP_Strategy_VariableSelect with value 3 at /scratch/yorig/mpils-results-grid-ticks-10000-7may/medium-2/24proc-4pils/seed-2/6_sorrell3_seed-2_20260510_041416/expansion/config_param_CPXPARAM_MIP_Strategy_VariableSelect_3_iter_1.prm
[DEBUG]:[04:14:51] Created configuration file for parameter CPXPARAM_MIP_Strategy_VariableSelect with value 4 at /scratch/yorig/mpils-results-grid-ticks-10000-7may/medium-2/24proc-4pils/seed-2/6_sorrell3_seed-2_20260510_041416/expansion/config_param_CPXPARAM_MIP_Strategy_VariableSelect_4_iter_1.prm
[INFO]:[04:14:51] Creating configurations for parameter: CPXPARAM_MIP_Strategy_NodeSelect
[DEBUG]:[04:14:51] Parameter CPXPARAM_MIP_Strategy_NodeSelect will be evaluated on 3 alternative value(s) after excluding the current base configuration value.
[DEBUG]:[04:14:51] Created configuration file for parameter CPXPARAM_MIP_Strategy_NodeSelect with value 0 at /scratch/yorig/mpils-results-grid-ticks-10000-7may/medium-2/24proc-4pils/seed-2/6_sorrell3_seed-2_20260510_041416/expansion/config_param_CPXPARAM_MIP_Strategy_NodeSelect_0_iter_1.prm
[DEBUG]:[04:14:51] Created configuration file for parameter CPXPARAM_MIP_Strategy_NodeSelect with value 2 at /scratch/yorig/mpils-results-grid-ticks-10000-7may/medium-2/24proc-4pils/seed-2/6_sorrell3_seed-2_20260510_041416/expansion/config_param_CPXPARAM_MIP_Strategy_NodeSelect_2_iter_1.prm
[DEBUG]:[04:14:51] Created configuration file for parameter CPXPARAM_MIP_Strategy_NodeSelect with value 3 at /scratch/yorig/mpils-results-grid-ticks-10000-7may/medium-2/24proc-4pils/seed-2/6_sorrell3_seed-2_20260510_041416/expansion/config_param_CPXPARAM_MIP_Strategy_NodeSelect_3_iter_1.prm
[INFO]:[04:14:51] Creating configurations for parameter: CPXPARAM_MIP_Strategy_Dive
[DEBUG]:[04:14:51] Parameter CPXPARAM_MIP_Strategy_Dive will be evaluated on 3 alternative value(s) after excluding the current base configuration value.
[DEBUG]:[04:14:51] Created configuration file for parameter CPXPARAM_MIP_Strategy_Dive with value 1 at /scratch/yorig/mpils-results-grid-ticks-10000-7may/medium-2/24proc-4pils/seed-2/6_sorrell3_seed-2_20260510_041416/expansion/config_param_CPXPARAM_MIP_Strategy_Dive_1_iter_1.prm
[DEBUG]:[04:14:51] Created configuration file for parameter CPXPARAM_MIP_Strategy_Dive with value 2 at /scratch/yorig/mpils-results-grid-ticks-10000-7may/medium-2/24proc-4pils/seed-2/6_sorrell3_seed-2_20260510_041416/expansion/config_param_CPXPARAM_MIP_Strategy_Dive_2_iter_1.prm
[DEBUG]:[04:14:51] Created configuration file for parameter CPXPARAM_MIP_Strategy_Dive with value 3 at /scratch/yorig/mpils-results-grid-ticks-10000-7may/medium-2/24proc-4pils/seed-2/6_sorrell3_seed-2_20260510_041416/expansion/config_param_CPXPARAM_MIP_Strategy_Dive_3_iter_1.prm
[INFO]:[04:14:51] Creating configurations for parameter: CPXPARAM_MIP_Limits_ProbeTime
[DEBUG]:[04:14:51] Parameter CPXPARAM_MIP_Limits_ProbeTime will be evaluated on 12 alternative value(s) after excluding the current base configuration value.
[DEBUG]:[04:14:51] Created configuration file for parameter CPXPARAM_MIP_Limits_ProbeTime with value 0 at /scratch/yorig/mpils-results-grid-ticks-10000-7may/medium-2/24proc-4pils/seed-2/6_sorrell3_seed-2_20260510_041416/expansion/config_param_CPXPARAM_MIP_Limits_ProbeTime_0_iter_1.prm
[DEBUG]:[04:14:51] Created configuration file for parameter CPXPARAM_MIP_Limits_ProbeTime with value 1 at /scratch/yorig/mpils-results-grid-ticks-10000-7may/medium-2/24proc-4pils/seed-2/6_sorrell3_seed-2_20260510_041416/expansion/config_param_CPXPARAM_MIP_Limits_ProbeTime_1_iter_1.prm
[DEBUG]:[04:14:51] Created configuration file for parameter CPXPARAM_MIP_Limits_ProbeTime with value 2 at /scratch/yorig/mpils-results-grid-ticks-10000-7may/medium-2/24proc-4pils/seed-2/6_sorrell3_seed-2_20260510_041416/expansion/config_param_CPXPARAM_MIP_Limits_ProbeTime_2_iter_1.prm
[DEBUG]:[04:14:51] Created configuration file for parameter CPXPARAM_MIP_Limits_ProbeTime with value 5 at /scratch/yorig/mpils-results-grid-ticks-10000-7may/medium-2/24proc-4pils/seed-2/6_sorrell3_seed-2_20260510_041416/expansion/config_param_CPXPARAM_MIP_Limits_ProbeTime_5_iter_1.prm
[DEBUG]:[04:14:51] Created configuration file for parameter CPXPARAM_MIP_Limits_ProbeTime with value 10 at /scratch/yorig/mpils-results-grid-ticks-10000-7may/medium-2/24proc-4pils/seed-2/6_sorrell3_seed-2_20260510_041416/expansion/config_param_CPXPARAM_MIP_Limits_ProbeTime_10_iter_1.prm
[DEBUG]:[04:14:51] Created configuration file for parameter CPXPARAM_MIP_Limits_ProbeTime with value 20 at /scratch/yorig/mpils-results-grid-ticks-10000-7may/medium-2/24proc-4pils/seed-2/6_sorrell3_seed-2_20260510_041416/expansion/config_param_CPXPARAM_MIP_Limits_ProbeTime_20_iter_1.prm
[DEBUG]:[04:14:51] Created configuration file for parameter CPXPARAM_MIP_Limits_ProbeTime with value 30 at /scratch/yorig/mpils-results-grid-ticks-10000-7may/medium-2/24proc-4pils/seed-2/6_sorrell3_seed-2_20260510_041416/expansion/config_param_CPXPARAM_MIP_Limits_ProbeTime_30_iter_1.prm
[DEBUG]:[04:14:51] Created configuration file for parameter CPXPARAM_MIP_Limits_ProbeTime with value 40 at /scratch/yorig/mpils-results-grid-ticks-10000-7may/medium-2/24proc-4pils/seed-2/6_sorrell3_seed-2_20260510_041416/expansion/config_param_CPXPARAM_MIP_Limits_ProbeTime_40_iter_1.prm
[DEBUG]:[04:14:51] Created configuration file for parameter CPXPARAM_MIP_Limits_ProbeTime with value 50 at /scratch/yorig/mpils-results-grid-ticks-10000-7may/medium-2/24proc-4pils/seed-2/6_sorrell3_seed-2_20260510_041416/expansion/config_param_CPXPARAM_MIP_Limits_ProbeTime_50_iter_1.prm
[DEBUG]:[04:14:51] Created configuration file for parameter CPXPARAM_MIP_Limits_ProbeTime with value 60 at /scratch/yorig/mpils-results-grid-ticks-10000-7may/medium-2/24proc-4pils/seed-2/6_sorrell3_seed-2_20260510_041416/expansion/config_param_CPXPARAM_MIP_Limits_ProbeTime_60_iter_1.prm
[DEBUG]:[04:14:51] Created configuration file for parameter CPXPARAM_MIP_Limits_ProbeTime with value 120 at /scratch/yorig/mpils-results-grid-ticks-10000-7may/medium-2/24proc-4pils/seed-2/6_sorrell3_seed-2_20260510_041416/expansion/config_param_CPXPARAM_MIP_Limits_ProbeTime_120_iter_1.prm
[DEBUG]:[04:14:51] Created configuration file for parameter CPXPARAM_MIP_Limits_ProbeTime with value 240 at /scratch/yorig/mpils-results-grid-ticks-10000-7may/medium-2/24proc-4pils/seed-2/6_sorrell3_seed-2_20260510_041416/expansion/config_param_CPXPARAM_MIP_Limits_ProbeTime_240_iter_1.prm
[INFO]:[04:14:51] Creating configurations for parameter: CPXPARAM_MIP_Strategy_RINSHeur
[DEBUG]:[04:14:51] Parameter CPXPARAM_MIP_Strategy_RINSHeur will be evaluated on 8 alternative value(s) after excluding the current base configuration value.
[DEBUG]:[04:14:51] Created configuration file for parameter CPXPARAM_MIP_Strategy_RINSHeur with value -1 at /scratch/yorig/mpils-results-grid-ticks-10000-7may/medium-2/24proc-4pils/seed-2/6_sorrell3_seed-2_20260510_041416/expansion/config_param_CPXPARAM_MIP_Strategy_RINSHeur_-1_iter_1.prm
[DEBUG]:[04:14:51] Created configuration file for parameter CPXPARAM_MIP_Strategy_RINSHeur with value 20 at /scratch/yorig/mpils-results-grid-ticks-10000-7may/medium-2/24proc-4pils/seed-2/6_sorrell3_seed-2_20260510_041416/expansion/config_param_CPXPARAM_MIP_Strategy_RINSHeur_20_iter_1.prm
[DEBUG]:[04:14:51] Created configuration file for parameter CPXPARAM_MIP_Strategy_RINSHeur with value 40 at /scratch/yorig/mpils-results-grid-ticks-10000-7may/medium-2/24proc-4pils/seed-2/6_sorrell3_seed-2_20260510_041416/expansion/config_param_CPXPARAM_MIP_Strategy_RINSHeur_40_iter_1.prm
[DEBUG]:[04:14:51] Created configuration file for parameter CPXPARAM_MIP_Strategy_RINSHeur with value 60 at /scratch/yorig/mpils-results-grid-ticks-10000-7may/medium-2/24proc-4pils/seed-2/6_sorrell3_seed-2_20260510_041416/expansion/config_param_CPXPARAM_MIP_Strategy_RINSHeur_60_iter_1.prm
[DEBUG]:[04:14:51] Created configuration file for parameter CPXPARAM_MIP_Strategy_RINSHeur with value 100 at /scratch/yorig/mpils-results-grid-ticks-10000-7may/medium-2/24proc-4pils/seed-2/6_sorrell3_seed-2_20260510_041416/expansion/config_param_CPXPARAM_MIP_Strategy_RINSHeur_100_iter_1.prm
[DEBUG]:[04:14:51] Created configuration file for parameter CPXPARAM_MIP_Strategy_RINSHeur with value 200 at /scratch/yorig/mpils-results-grid-ticks-10000-7may/medium-2/24proc-4pils/seed-2/6_sorrell3_seed-2_20260510_041416/expansion/config_param_CPXPARAM_MIP_Strategy_RINSHeur_200_iter_1.prm
[DEBUG]:[04:14:51] Created configuration file for parameter CPXPARAM_MIP_Strategy_RINSHeur with value 500 at /scratch/yorig/mpils-results-grid-ticks-10000-7may/medium-2/24proc-4pils/seed-2/6_sorrell3_seed-2_20260510_041416/expansion/config_param_CPXPARAM_MIP_Strategy_RINSHeur_500_iter_1.prm
[DEBUG]:[04:14:51] Created configuration file for parameter CPXPARAM_MIP_Strategy_RINSHeur with value 1000 at /scratch/yorig/mpils-results-grid-ticks-10000-7may/medium-2/24proc-4pils/seed-2/6_sorrell3_seed-2_20260510_041416/expansion/config_param_CPXPARAM_MIP_Strategy_RINSHeur_1000_iter_1.prm
[INFO]:[04:14:51] Creating configurations for parameter: CPXPARAM_MIP_Strategy_BBInterval
[DEBUG]:[04:14:51] Parameter CPXPARAM_MIP_Strategy_BBInterval will be evaluated on 8 alternative value(s) after excluding the current base configuration value.
[DEBUG]:[04:14:51] Created configuration file for parameter CPXPARAM_MIP_Strategy_BBInterval with value 0 at /scratch/yorig/mpils-results-grid-ticks-10000-7may/medium-2/24proc-4pils/seed-2/6_sorrell3_seed-2_20260510_041416/expansion/config_param_CPXPARAM_MIP_Strategy_BBInterval_0_iter_1.prm
[DEBUG]:[04:14:51] Created configuration file for parameter CPXPARAM_MIP_Strategy_BBInterval with value 2 at /scratch/yorig/mpils-results-grid-ticks-10000-7may/medium-2/24proc-4pils/seed-2/6_sorrell3_seed-2_20260510_041416/expansion/config_param_CPXPARAM_MIP_Strategy_BBInterval_2_iter_1.prm
[DEBUG]:[04:14:51] Created configuration file for parameter CPXPARAM_MIP_Strategy_BBInterval with value 3 at /scratch/yorig/mpils-results-grid-ticks-10000-7may/medium-2/24proc-4pils/seed-2/6_sorrell3_seed-2_20260510_041416/expansion/config_param_CPXPARAM_MIP_Strategy_BBInterval_3_iter_1.prm
[DEBUG]:[04:14:51] Created configuration file for parameter CPXPARAM_MIP_Strategy_BBInterval with value 4 at /scratch/yorig/mpils-results-grid-ticks-10000-7may/medium-2/24proc-4pils/seed-2/6_sorrell3_seed-2_20260510_041416/expansion/config_param_CPXPARAM_MIP_Strategy_BBInterval_4_iter_1.prm
[DEBUG]:[04:14:51] Created configuration file for parameter CPXPARAM_MIP_Strategy_BBInterval with value 5 at /scratch/yorig/mpils-results-grid-ticks-10000-7may/medium-2/24proc-4pils/seed-2/6_sorrell3_seed-2_20260510_041416/expansion/config_param_CPXPARAM_MIP_Strategy_BBInterval_5_iter_1.prm
[DEBUG]:[04:14:51] Created configuration file for parameter CPXPARAM_MIP_Strategy_BBInterval with value 10 at /scratch/yorig/mpils-results-grid-ticks-10000-7may/medium-2/24proc-4pils/seed-2/6_sorrell3_seed-2_20260510_041416/expansion/config_param_CPXPARAM_MIP_Strategy_BBInterval_10_iter_1.prm
[DEBUG]:[04:14:51] Created configuration file for parameter CPXPARAM_MIP_Strategy_BBInterval with value 15 at /scratch/yorig/mpils-results-grid-ticks-10000-7may/medium-2/24proc-4pils/seed-2/6_sorrell3_seed-2_20260510_041416/expansion/config_param_CPXPARAM_MIP_Strategy_BBInterval_15_iter_1.prm
[DEBUG]:[04:14:51] Created configuration file for parameter CPXPARAM_MIP_Strategy_BBInterval with value 30 at /scratch/yorig/mpils-results-grid-ticks-10000-7may/medium-2/24proc-4pils/seed-2/6_sorrell3_seed-2_20260510_041416/expansion/config_param_CPXPARAM_MIP_Strategy_BBInterval_30_iter_1.prm
[INFO]:[04:14:51] Creating configurations for parameter: CPXPARAM_MIP_Strategy_Branch
[DEBUG]:[04:14:51] Parameter CPXPARAM_MIP_Strategy_Branch will be evaluated on 2 alternative value(s) after excluding the current base configuration value.
[DEBUG]:[04:14:51] Created configuration file for parameter CPXPARAM_MIP_Strategy_Branch with value -1 at /scratch/yorig/mpils-results-grid-ticks-10000-7may/medium-2/24proc-4pils/seed-2/6_sorrell3_seed-2_20260510_041416/expansion/config_param_CPXPARAM_MIP_Strategy_Branch_-1_iter_1.prm
[DEBUG]:[04:14:51] Created configuration file for parameter CPXPARAM_MIP_Strategy_Branch with value 1 at /scratch/yorig/mpils-results-grid-ticks-10000-7may/medium-2/24proc-4pils/seed-2/6_sorrell3_seed-2_20260510_041416/expansion/config_param_CPXPARAM_MIP_Strategy_Branch_1_iter_1.prm
[INFO]:[04:14:51] Creating configurations for parameter: CPXPARAM_MIP_Limits_CutsFactor
[DEBUG]:[04:14:51] Parameter CPXPARAM_MIP_Limits_CutsFactor will be evaluated on 5 alternative value(s) after excluding the current base configuration value.
[DEBUG]:[04:14:51] Created configuration file for parameter CPXPARAM_MIP_Limits_CutsFactor with value 1 at /scratch/yorig/mpils-results-grid-ticks-10000-7may/medium-2/24proc-4pils/seed-2/6_sorrell3_seed-2_20260510_041416/expansion/config_param_CPXPARAM_MIP_Limits_CutsFactor_1_iter_1.prm
[DEBUG]:[04:14:51] Created configuration file for parameter CPXPARAM_MIP_Limits_CutsFactor with value 2 at /scratch/yorig/mpils-results-grid-ticks-10000-7may/medium-2/24proc-4pils/seed-2/6_sorrell3_seed-2_20260510_041416/expansion/config_param_CPXPARAM_MIP_Limits_CutsFactor_2_iter_1.prm
[DEBUG]:[04:14:51] Created configuration file for parameter CPXPARAM_MIP_Limits_CutsFactor with value 4 at /scratch/yorig/mpils-results-grid-ticks-10000-7may/medium-2/24proc-4pils/seed-2/6_sorrell3_seed-2_20260510_041416/expansion/config_param_CPXPARAM_MIP_Limits_CutsFactor_4_iter_1.prm
[DEBUG]:[04:14:51] Created configuration file for parameter CPXPARAM_MIP_Limits_CutsFactor with value 8 at /scratch/yorig/mpils-results-grid-ticks-10000-7may/medium-2/24proc-4pils/seed-2/6_sorrell3_seed-2_20260510_041416/expansion/config_param_CPXPARAM_MIP_Limits_CutsFactor_8_iter_1.prm
[DEBUG]:[04:14:51] Created configuration file for parameter CPXPARAM_MIP_Limits_CutsFactor with value 16 at /scratch/yorig/mpils-results-grid-ticks-10000-7may/medium-2/24proc-4pils/seed-2/6_sorrell3_seed-2_20260510_041416/expansion/config_param_CPXPARAM_MIP_Limits_CutsFactor_16_iter_1.prm
[INFO]:[04:14:51] Created 54 configuration files for expansion phase at iteration 1.
[INFO]:[04:14:51] Skipped 0 expansion parameter(s) with no alternative value to evaluate.
[INFO]:[04:14:51] Launching Expansion Workers via MPI...
[INFO]:[04:14:51] Expansion Workers launched.
[INFO]:[04:14:51] Evaluating expansion parameters...
[INFO]:[04:14:51] Starting CPLEX solver on instance: /home/yorig/tuner/mpils-tests/instances/miplib/medium-2/sorrell3.mps with config: /scratch/yorig/mpils-results-grid-ticks-10000-7may/medium-2/24proc-4pils/seed-2/6_sorrell3_seed-2_20260510_041416/expansion/config_param_CPXPARAM_MIP_Strategy_Probe_-1_iter_1.prm
[INFO]:[04:14:57] CPLEX results. Gap: 33.370000, upper bound: -15.000000, lower bound: -20.005596
[INFO]:[04:14:57] CPLEX solver finished. Gap: 33.370000
[INFO]:[04:14:57] Expansion early stop activated in MPI after 1 master-side evaluation(s). Remaining not-yet-evaluated parameters stay residual.
[INFO]:[04:14:57] Strict sequential expansion early stop ignored 21 already-computed result(s) after first improving config id 2.
[INFO]:[04:14:57] recordEvaluation produced_mip_start=0 mip_start_file=''
[DEBUG]:[04:14:57] Added evaluation to memory with objective: 33.37, ConfigId: 4412006577479808680, EvalId: 121. Total evaluations stored: 121
[INFO]:[04:14:57] recordEvaluation produced_mip_start=0 mip_start_file=''
[DEBUG]:[04:14:57] Added evaluation to memory with objective: 33.37, ConfigId: 832080117678935140, EvalId: 122. Total evaluations stored: 122
[INFO]:[04:14:57] recordEvaluation produced_mip_start=0 mip_start_file=''
[INFO]:[04:14:57] ***************
[INFO]:[04:14:57] New best evaluation without MIP start found at time 39s, with objective 33.18 and configuration ID 459856714994675816
[INFO]:[04:14:57] With config: 459856714994675816 -> 
Configuration: CPXPARAM_Advance=1 CPXPARAM_Barrier_Algorithm=0 CPXPARAM_Barrier_ColNonzeros=0 CPXPARAM_Barrier_Crossover=0 CPXPARAM_Barrier_Limits_Corrections=-1 CPXPARAM_Barrier_Ordering=0 CPXPARAM_Barrier_StartAlg=1 CPXPARAM_Emphasis_MIP=0 CPXPARAM_Emphasis_Memory=0 CPXPARAM_Emphasis_Numerical=0 CPXPARAM_Feasopt_Mode=0 CPXPARAM_LPMethod=0 CPXPARAM_MIP_Cuts_Cliques=0 CPXPARAM_MIP_Cuts_Covers=0 CPXPARAM_MIP_Cuts_Disjunctive=0 CPXPARAM_MIP_Cuts_FlowCovers=0 CPXPARAM_MIP_Cuts_GUBCovers=0 CPXPARAM_MIP_Cuts_Gomory=0 CPXPARAM_MIP_Cuts_Implied=0 CPXPARAM_MIP_Cuts_MIRCut=0 CPXPARAM_MIP_Cuts_PathCut=0 CPXPARAM_MIP_Limits_AggForCut=3 CPXPARAM_MIP_Limits_CutPasses=0 CPXPARAM_MIP_Limits_CutsFactor=-1 CPXPARAM_MIP_Limits_GomoryCand=100 CPXPARAM_MIP_Limits_GomoryPass=0 CPXPARAM_MIP_Limits_Nodes=9223372036800000000 CPXPARAM_MIP_Limits_ProbeTime=1e+75 CPXPARAM_MIP_Limits_RepairTries=0 CPXPARAM_MIP_Limits_StrongCand=10 CPXPARAM_MIP_Limits_StrongIt=0 CPXPARAM_MIP_OrderType=0 CPXPARAM_MIP_Strategy_BBInterval=7 CPXPARAM_MIP_Strategy_Branch=0 CPXPARAM_MIP_Strategy_Dive=0 CPXPARAM_MIP_Strategy_File=1 CPXPARAM_MIP_Strategy_HeuristicFreq=0 CPXPARAM_MIP_Strategy_LBHeur=0 CPXPARAM_MIP_Strategy_NodeSelect=1 CPXPARAM_MIP_Strategy_Order=1 CPXPARAM_MIP_Strategy_PresolveNode=0 CPXPARAM_MIP_Strategy_Probe=2 CPXPARAM_MIP_Strategy_RINSHeur=0 CPXPARAM_MIP_Strategy_StartAlgorithm=0 CPXPARAM_MIP_Strategy_SubAlgorithm=0 CPXPARAM_MIP_Strategy_VariableSelect=0 CPXPARAM_Network_NetFind=2 CPXPARAM_Network_Pricing=0 CPXPARAM_Parallel=1 CPXPARAM_Preprocessing_Aggregator=-1 CPXPARAM_Preprocessing_BoundStrength=-1 CPXPARAM_Preprocessing_CoeffReduce=-1 CPXPARAM_Preprocessing_Dependency=-1 CPXPARAM_Preprocessing_Dual=0 CPXPARAM_Preprocessing_Fill=10 CPXPARAM_Preprocessing_NumPass=-1 CPXPARAM_Preprocessing_Presolve=1 CPXPARAM_Preprocessing_QPMakePSD=1 CPXPARAM_Preprocessing_Reduce=3 CPXPARAM_Preprocessing_Relax=-1 CPXPARAM_Preprocessing_RepeatPresolve=-1 CPXPARAM_Preprocessing_Symmetry=-1 CPXPARAM_Read_Scale=0 CPXPARAM_Sifting_Algorithm=0 CPXPARAM_Simplex_Crash=1 CPXPARAM_Simplex_DGradient=0 CPXPARAM_Simplex_Limits_Perturbation=0 CPXPARAM_Simplex_Limits_Singularity=10 CPXPARAM_Simplex_PGradient=0 CPXPARAM_Simplex_Pricing=0 CPXPARAM_Simplex_Refactor=0 | MIP Start: No 
[INFO]:[04:14:57] ***************
[DEBUG]:[04:14:57] Added evaluation to memory with objective: 33.18, ConfigId: 459856714994675816, EvalId: 123. Total evaluations stored: 123
[INFO]:[04:14:57] Waiting for Expansion Workers via MPI...
[INFO]:[04:14:57] Expansion Workers have completed.
[INFO]:[04:14:57] Evaluated expansion parameters: 1
[INFO]:[04:14:57] Classifying expansion parameters...
[DEBUG]:[04:14:57] Parameter CPXPARAM_MIP_Strategy_Probe valid evaluations: 3, invalid evaluations: 0, c_p: 33.18, s_p: 0.13435, selected_stage_1: Yes, discarded_by_threshold: No
[DEBUG]:[04:14:57] Parameter CPXPARAM_MIP_Strategy_Probe metrics - c_p: 33.18, s_p: 0.13435, selected_stage_1: Yes, discarded_by_threshold: No, dominated: No
[INFO]:[04:14:57] Updating parameter flags based on classification...
[INFO]:[04:14:57] Parameter CPXPARAM_MIP_Strategy_Probe selected for tuning.
[DEBUG]:[04:14:57] Classified parameters at iteration 1 - To Select: 1, To Discard: 0
[DEBUG]:[04:14:57] Parameter: CPXPARAM_MIP_Strategy_Probe, To Select: Yes, To Discard: No
[INFO]:[04:14:57] Added 3 evaluations to memory from expansion phase at iteration 1
[INFO]:[04:14:57] Expansion phase completed.
[INFO]:[04:14:57] Starting pruning phase...
[INFO]:[04:14:57] Writing learner file for pruning phase: /scratch/yorig/mpils-results-grid-ticks-10000-7may/medium-2/24proc-4pils/seed-2/6_sorrell3_seed-2_20260510_041416/pruning/input/learner_file_1.txt
[INFO]:[04:14:57] Learner file written successfully: /scratch/yorig/mpils-results-grid-ticks-10000-7may/medium-2/24proc-4pils/seed-2/6_sorrell3_seed-2_20260510_041416/pruning/input/learner_file_1.txt
[INFO]:[04:14:57] Extracting forbidden tuples from memory...
[INFO]:[04:14:57] Redirecting learner stdout/stderr to: /scratch/yorig/mpils-results-grid-ticks-10000-7may/medium-2/24proc-4pils/seed-2/6_sorrell3_seed-2_20260510_041416/pruning/learner_iteration_1.log
[INFO]:[04:14:57] Forbidden tuples extracted: 35
[INFO]:[04:14:57] Applying pruning with 35 forbidden tuples...
[DEBUG]:[04:14:57] Adding forbidden value from single-element tuple: CPXPARAM_Emphasis_MIP=1
[DEBUG]:[04:14:57] Adding forbidden value from single-element tuple: CPXPARAM_Emphasis_MIP=2
[DEBUG]:[04:14:57] Adding forbidden value from single-element tuple: CPXPARAM_Emphasis_MIP=4
[DEBUG]:[04:14:57] Adding forbidden value from single-element tuple: CPXPARAM_MIP_Cuts_Cliques=0
[DEBUG]:[04:14:57] Adding forbidden value from single-element tuple: CPXPARAM_MIP_Cuts_Cliques=1
[DEBUG]:[04:14:57] Adding forbidden value from single-element tuple: CPXPARAM_MIP_Cuts_Cliques=2
[DEBUG]:[04:14:57] Adding forbidden value from single-element tuple: CPXPARAM_MIP_Cuts_Cliques=3
[DEBUG]:[04:14:57] Adding forbidden value from single-element tuple: CPXPARAM_MIP_Cuts_FlowCovers=0
[DEBUG]:[04:14:57] Adding forbidden tuple of size 2: 
[DEBUG]:[04:14:57]   CPXPARAM_Emphasis_MIP=1
[DEBUG]:[04:14:57]   CPXPARAM_MIP_Cuts_Cliques=0
[DEBUG]:[04:14:57] Adding forbidden tuple of size 2: 
[DEBUG]:[04:14:57]   CPXPARAM_Emphasis_MIP=1
[DEBUG]:[04:14:57]   CPXPARAM_MIP_Cuts_Cliques=1
[DEBUG]:[04:14:57] Adding forbidden tuple of size 2: 
[DEBUG]:[04:14:57]   CPXPARAM_Emphasis_MIP=1
[DEBUG]:[04:14:57]   CPXPARAM_MIP_Cuts_Cliques=2
[DEBUG]:[04:14:57] Adding forbidden tuple of size 2: 
[DEBUG]:[04:14:57]   CPXPARAM_Emphasis_MIP=1
[DEBUG]:[04:14:57]   CPXPARAM_MIP_Cuts_Cliques=3
[DEBUG]:[04:14:57] Adding forbidden tuple of size 2: 
[DEBUG]:[04:14:57]   CPXPARAM_Emphasis_MIP=1
[DEBUG]:[04:14:57]   CPXPARAM_MIP_Cuts_FlowCovers=1
[DEBUG]:[04:14:57] Adding forbidden tuple of size 2: 
[DEBUG]:[04:14:57]   CPXPARAM_Emphasis_MIP=1
[DEBUG]:[04:14:57]   CPXPARAM_MIP_Cuts_FlowCovers=2
[DEBUG]:[04:14:57] Adding forbidden tuple of size 2: 
[DEBUG]:[04:14:57]   CPXPARAM_Emphasis_MIP=2
[DEBUG]:[04:14:57]   CPXPARAM_MIP_Cuts_Cliques=1
[DEBUG]:[04:14:57] Adding forbidden tuple of size 2: 
[DEBUG]:[04:14:57]   CPXPARAM_Emphasis_MIP=2
[DEBUG]:[04:14:57]   CPXPARAM_MIP_Cuts_Cliques=2
[DEBUG]:[04:14:57] Adding forbidden tuple of size 2: 
[DEBUG]:[04:14:57]   CPXPARAM_Emphasis_MIP=2
[DEBUG]:[04:14:57]   CPXPARAM_MIP_Cuts_Cliques=3
[DEBUG]:[04:14:57] Adding forbidden tuple of size 2: 
[DEBUG]:[04:14:57]   CPXPARAM_Emphasis_MIP=2
[DEBUG]:[04:14:57]   CPXPARAM_MIP_Cuts_FlowCovers=0
[DEBUG]:[04:14:57] Adding forbidden tuple of size 2: 
[DEBUG]:[04:14:57]   CPXPARAM_Emphasis_MIP=2
[DEBUG]:[04:14:57]   CPXPARAM_MIP_Cuts_FlowCovers=1
[DEBUG]:[04:14:57] Adding forbidden tuple of size 2: 
[DEBUG]:[04:14:57]   CPXPARAM_Emphasis_MIP=3
[DEBUG]:[04:14:57]   CPXPARAM_MIP_Cuts_Cliques=0
[DEBUG]:[04:14:57] Adding forbidden tuple of size 2: 
[DEBUG]:[04:14:57]   CPXPARAM_Emphasis_MIP=3
[DEBUG]:[04:14:57]   CPXPARAM_MIP_Cuts_Cliques=1
[DEBUG]:[04:14:57] Adding forbidden tuple of size 2: 
[DEBUG]:[04:14:57]   CPXPARAM_Emphasis_MIP=3
[DEBUG]:[04:14:57]   CPXPARAM_MIP_Cuts_Cliques=2
[DEBUG]:[04:14:57] Adding forbidden tuple of size 2: 
[DEBUG]:[04:14:57]   CPXPARAM_Emphasis_MIP=3
[DEBUG]:[04:14:57]   CPXPARAM_MIP_Cuts_Cliques=3
[DEBUG]:[04:14:57] Adding forbidden tuple of size 2: 
[DEBUG]:[04:14:57]   CPXPARAM_Emphasis_MIP=3
[DEBUG]:[04:14:57]   CPXPARAM_MIP_Cuts_FlowCovers=0
[DEBUG]:[04:14:57] Adding forbidden tuple of size 2: 
[DEBUG]:[04:14:57]   CPXPARAM_Emphasis_MIP=3
[DEBUG]:[04:14:57]   CPXPARAM_MIP_Cuts_FlowCovers=1
[DEBUG]:[04:14:57] Adding forbidden tuple of size 2: 
[DEBUG]:[04:14:57]   CPXPARAM_Emphasis_MIP=3
[DEBUG]:[04:14:57]   CPXPARAM_MIP_Cuts_FlowCovers=2
[DEBUG]:[04:14:57] Adding forbidden tuple of size 2: 
[DEBUG]:[04:14:57]   CPXPARAM_Emphasis_MIP=4
[DEBUG]:[04:14:57]   CPXPARAM_MIP_Cuts_Cliques=0
[DEBUG]:[04:14:57] Adding forbidden tuple of size 2: 
[DEBUG]:[04:14:57]   CPXPARAM_Emphasis_MIP=4
[DEBUG]:[04:14:57]   CPXPARAM_MIP_Cuts_Cliques=1
[DEBUG]:[04:14:57] Adding forbidden tuple of size 2: 
[DEBUG]:[04:14:57]   CPXPARAM_Emphasis_MIP=4
[DEBUG]:[04:14:57]   CPXPARAM_MIP_Cuts_Cliques=2
[DEBUG]:[04:14:57] Adding forbidden tuple of size 2: 
[DEBUG]:[04:14:57]   CPXPARAM_Emphasis_MIP=4
[DEBUG]:[04:14:57]   CPXPARAM_MIP_Cuts_Cliques=3
[DEBUG]:[04:14:57] Adding forbidden tuple of size 2: 
[DEBUG]:[04:14:57]   CPXPARAM_Emphasis_MIP=4
[DEBUG]:[04:14:57]   CPXPARAM_MIP_Cuts_FlowCovers=0
[DEBUG]:[04:14:57] Adding forbidden tuple of size 2: 
[DEBUG]:[04:14:57]   CPXPARAM_Emphasis_MIP=4
[DEBUG]:[04:14:57]   CPXPARAM_MIP_Cuts_FlowCovers=1
[DEBUG]:[04:14:57] Adding forbidden tuple of size 2: 
[DEBUG]:[04:14:57]   CPXPARAM_Emphasis_MIP=4
[DEBUG]:[04:14:57]   CPXPARAM_MIP_Cuts_FlowCovers=2
[DEBUG]:[04:14:57] Adding forbidden tuple of size 2: 
[DEBUG]:[04:14:57]   CPXPARAM_Emphasis_MIP=5
[DEBUG]:[04:14:57]   CPXPARAM_MIP_Cuts_Cliques=0
[DEBUG]:[04:14:57] Adding forbidden tuple of size 2: 
[DEBUG]:[04:14:57]   CPXPARAM_Emphasis_MIP=5
[DEBUG]:[04:14:57]   CPXPARAM_MIP_Cuts_Cliques=1
[INFO]:[04:14:57] Pruning applied successfully.
[INFO]:[04:14:57] Pruning phase completed.
[INFO]:[04:14:57] Completed iteration 1
[INFO]:[04:14:57] Starting iteration 2
[INFO]:[04:14:57] Starting exploration phase...
[INFO]:[04:14:57] Selecting number of evaluations for tuning phase...
[INFO]:[04:14:57] Selecting initial configurations for tuning phase...
[INFO]:[04:14:57] Using worker 0 best exploration configuration without MIP start as master ILS initial configuration.
[INFO]:[04:14:57] Worker 1 global-best exploration initial configuration matches master; using a random diversified initial configuration.
[INFO]:[04:14:57] Number of evaluations for this tuning phase: 5
[INFO]:[04:14:57] ILS shared cache is disabled for this exploration phase.
[INFO]:[04:14:57] Local search backend for this exploration phase: iterated_local_search
[INFO]:[04:14:57] Running IteratedLocalSearch Engine...
[INFO]:[04:14:57] Mip start is disabled for this iteration.
[INFO]:[04:14:57] Writing ILS search space file for worker 0...
[INFO]:[04:14:57] Warning: Initial value for parameter CPXPARAM_MIP_Cuts_Cliques is forbidden. So unforbidden it for the ILS initial configuration at iteration 2.
[INFO]:[04:14:57] Warning: Initial value for parameter CPXPARAM_MIP_Cuts_FlowCovers is forbidden. So unforbidden it for the ILS initial configuration at iteration 2.
[INFO]:[04:14:57] ILS search space file written: /scratch/yorig/mpils-results-grid-ticks-10000-7may/medium-2/24proc-4pils/seed-2/6_sorrell3_seed-2_20260510_041416/iterated_local_search/search_space/search_space_file_2.txt
[INFO]:[04:14:57] Writing ILS search space file for worker 1...
[INFO]:[04:14:57] Warning: Initial value for parameter CPXPARAM_Emphasis_MIP is forbidden. So unforbidden it for the ILS initial configuration at iteration 2.
[INFO]:[04:14:57] Warning: Initial value for parameter CPXPARAM_MIP_Cuts_FlowCovers is forbidden. So unforbidden it for the ILS initial configuration at iteration 2.
[INFO]:[04:14:57] ILS search space file written: /scratch/yorig/mpils-results-grid-ticks-10000-7may/medium-2/24proc-4pils/seed-2/6_sorrell3_seed-2_20260510_041416/iterated_local_search/search_space/search_space_file_2_worker_1.txt
[INFO]:[04:14:57] Writing ILS search space file for worker 2...
[INFO]:[04:14:57] Warning: Initial value for parameter CPXPARAM_Emphasis_MIP is forbidden. So unforbidden it for the ILS initial configuration at iteration 2.
[INFO]:[04:14:57] Warning: Initial value for parameter CPXPARAM_MIP_Cuts_Cliques is forbidden. So unforbidden it for the ILS initial configuration at iteration 2.
[INFO]:[04:14:57] Warning: Initial configuration contains a forbidden tuple. So unforbidden it for ILS at iteration 2.
[INFO]:[04:14:57] ILS search space file written: /scratch/yorig/mpils-results-grid-ticks-10000-7may/medium-2/24proc-4pils/seed-2/6_sorrell3_seed-2_20260510_041416/iterated_local_search/search_space/search_space_file_2_worker_2.txt
[INFO]:[04:14:57] Writing ILS search space file for worker 3...
[INFO]:[04:14:57] Warning: Initial value for parameter CPXPARAM_Emphasis_MIP is forbidden. So unforbidden it for the ILS initial configuration at iteration 2.
[INFO]:[04:14:57] Warning: Initial value for parameter CPXPARAM_MIP_Cuts_Cliques is forbidden. So unforbidden it for the ILS initial configuration at iteration 2.
[INFO]:[04:14:57] Warning: Initial value for parameter CPXPARAM_MIP_Cuts_FlowCovers is forbidden. So unforbidden it for the ILS initial configuration at iteration 2.
[INFO]:[04:14:57] Warning: Initial configuration contains a forbidden tuple. So unforbidden it for ILS at iteration 2.
[INFO]:[04:14:57] Warning: Initial configuration contains a forbidden tuple. So unforbidden it for ILS at iteration 2.
[INFO]:[04:14:57] ILS search space file written: /scratch/yorig/mpils-results-grid-ticks-10000-7may/medium-2/24proc-4pils/seed-2/6_sorrell3_seed-2_20260510_041416/iterated_local_search/search_space/search_space_file_2_worker_3.txt
[INFO]:[04:14:57] Writing ILS search space file for worker 4...
[INFO]:[04:14:57] Warning: Initial value for parameter CPXPARAM_MIP_Cuts_Cliques is forbidden. So unforbidden it for the ILS initial configuration at iteration 2.
[INFO]:[04:14:57] Warning: Initial value for parameter CPXPARAM_MIP_Cuts_FlowCovers is forbidden. So unforbidden it for the ILS initial configuration at iteration 2.
[INFO]:[04:14:57] ILS search space file written: /scratch/yorig/mpils-results-grid-ticks-10000-7may/medium-2/24proc-4pils/seed-2/6_sorrell3_seed-2_20260510_041416/iterated_local_search/search_space/search_space_file_2_worker_4.txt
[INFO]:[04:14:57] Writing ILS search space file for worker 5...
[INFO]:[04:14:57] Warning: Initial value for parameter CPXPARAM_MIP_Cuts_Cliques is forbidden. So unforbidden it for the ILS initial configuration at iteration 2.
[INFO]:[04:14:57] Warning: Initial value for parameter CPXPARAM_MIP_Cuts_FlowCovers is forbidden. So unforbidden it for the ILS initial configuration at iteration 2.
[INFO]:[04:14:57] ILS search space file written: /scratch/yorig/mpils-results-grid-ticks-10000-7may/medium-2/24proc-4pils/seed-2/6_sorrell3_seed-2_20260510_041416/iterated_local_search/search_space/search_space_file_2_worker_5.txt
[INFO]:[04:14:57] Writing ILS search space file for worker 6...
[INFO]:[04:14:57] Warning: Initial value for parameter CPXPARAM_Emphasis_MIP is forbidden. So unforbidden it for the ILS initial configuration at iteration 2.
[INFO]:[04:14:57] Warning: Initial value for parameter CPXPARAM_MIP_Cuts_Cliques is forbidden. So unforbidden it for the ILS initial configuration at iteration 2.
[INFO]:[04:14:57] Warning: Initial value for parameter CPXPARAM_MIP_Cuts_FlowCovers is forbidden. So unforbidden it for the ILS initial configuration at iteration 2.
[INFO]:[04:14:57] Warning: Initial configuration contains a forbidden tuple. So unforbidden it for ILS at iteration 2.
[INFO]:[04:14:57] Warning: Initial configuration contains a forbidden tuple. So unforbidden it for ILS at iteration 2.
[INFO]:[04:14:57] ILS search space file written: /scratch/yorig/mpils-results-grid-ticks-10000-7may/medium-2/24proc-4pils/seed-2/6_sorrell3_seed-2_20260510_041416/iterated_local_search/search_space/search_space_file_2_worker_6.txt
[INFO]:[04:14:57] Writing ILS search space file for worker 7...
[INFO]:[04:14:57] Warning: Initial value for parameter CPXPARAM_MIP_Cuts_Cliques is forbidden. So unforbidden it for the ILS initial configuration at iteration 2.
[INFO]:[04:14:57] ILS search space file written: /scratch/yorig/mpils-results-grid-ticks-10000-7may/medium-2/24proc-4pils/seed-2/6_sorrell3_seed-2_20260510_041416/iterated_local_search/search_space/search_space_file_2_worker_7.txt
[INFO]:[04:14:57] Writing ILS search space file for worker 8...
[INFO]:[04:14:57] Warning: Initial value for parameter CPXPARAM_Emphasis_MIP is forbidden. So unforbidden it for the ILS initial configuration at iteration 2.
[INFO]:[04:14:57] Warning: Initial value for parameter CPXPARAM_MIP_Cuts_Cliques is forbidden. So unforbidden it for the ILS initial configuration at iteration 2.
[INFO]:[04:14:57] Warning: Initial configuration contains a forbidden tuple. So unforbidden it for ILS at iteration 2.
[INFO]:[04:14:57] Warning: Initial configuration contains a forbidden tuple. So unforbidden it for ILS at iteration 2.
[INFO]:[04:14:57] ILS search space file written: /scratch/yorig/mpils-results-grid-ticks-10000-7may/medium-2/24proc-4pils/seed-2/6_sorrell3_seed-2_20260510_041416/iterated_local_search/search_space/search_space_file_2_worker_8.txt
[INFO]:[04:14:57] Writing ILS search space file for worker 9...
[INFO]:[04:14:57] Warning: Initial value for parameter CPXPARAM_MIP_Cuts_Cliques is forbidden. So unforbidden it for the ILS initial configuration at iteration 2.
[INFO]:[04:14:57] ILS search space file written: /scratch/yorig/mpils-results-grid-ticks-10000-7may/medium-2/24proc-4pils/seed-2/6_sorrell3_seed-2_20260510_041416/iterated_local_search/search_space/search_space_file_2_worker_9.txt
[INFO]:[04:14:57] Writing ILS search space file for worker 10...
[INFO]:[04:14:57] Warning: Initial value for parameter CPXPARAM_Emphasis_MIP is forbidden. So unforbidden it for the ILS initial configuration at iteration 2.
[INFO]:[04:14:57] Warning: Initial value for parameter CPXPARAM_MIP_Cuts_Cliques is forbidden. So unforbidden it for the ILS initial configuration at iteration 2.
[INFO]:[04:14:57] Warning: Initial value for parameter CPXPARAM_MIP_Cuts_FlowCovers is forbidden. So unforbidden it for the ILS initial configuration at iteration 2.
[INFO]:[04:14:57] Warning: Initial configuration contains a forbidden tuple. So unforbidden it for ILS at iteration 2.
[INFO]:[04:14:57] Warning: Initial configuration contains a forbidden tuple. So unforbidden it for ILS at iteration 2.
[INFO]:[04:14:57] ILS search space file written: /scratch/yorig/mpils-results-grid-ticks-10000-7may/medium-2/24proc-4pils/seed-2/6_sorrell3_seed-2_20260510_041416/iterated_local_search/search_space/search_space_file_2_worker_10.txt
[INFO]:[04:14:57] Writing ILS search space file for worker 11...
[INFO]:[04:14:57] Warning: Initial value for parameter CPXPARAM_MIP_Cuts_Cliques is forbidden. So unforbidden it for the ILS initial configuration at iteration 2.
[INFO]:[04:14:57] ILS search space file written: /scratch/yorig/mpils-results-grid-ticks-10000-7may/medium-2/24proc-4pils/seed-2/6_sorrell3_seed-2_20260510_041416/iterated_local_search/search_space/search_space_file_2_worker_11.txt
[INFO]:[04:14:57] Writing ILS search space file for worker 12...
[INFO]:[04:14:57] Warning: Initial value for parameter CPXPARAM_Emphasis_MIP is forbidden. So unforbidden it for the ILS initial configuration at iteration 2.
[INFO]:[04:14:57] Warning: Initial value for parameter CPXPARAM_MIP_Cuts_Cliques is forbidden. So unforbidden it for the ILS initial configuration at iteration 2.
[INFO]:[04:14:57] Warning: Initial configuration contains a forbidden tuple. So unforbidden it for ILS at iteration 2.
[INFO]:[04:14:57] ILS search space file written: /scratch/yorig/mpils-results-grid-ticks-10000-7may/medium-2/24proc-4pils/seed-2/6_sorrell3_seed-2_20260510_041416/iterated_local_search/search_space/search_space_file_2_worker_12.txt
[INFO]:[04:14:57] Writing ILS search space file for worker 13...
[INFO]:[04:14:57] Warning: Initial value for parameter CPXPARAM_MIP_Cuts_Cliques is forbidden. So unforbidden it for the ILS initial configuration at iteration 2.
[INFO]:[04:14:57] Warning: Initial configuration contains a forbidden tuple. So unforbidden it for ILS at iteration 2.
[INFO]:[04:14:57] ILS search space file written: /scratch/yorig/mpils-results-grid-ticks-10000-7may/medium-2/24proc-4pils/seed-2/6_sorrell3_seed-2_20260510_041416/iterated_local_search/search_space/search_space_file_2_worker_13.txt
[INFO]:[04:14:57] Writing ILS search space file for worker 14...
[INFO]:[04:14:57] Warning: Initial value for parameter CPXPARAM_Emphasis_MIP is forbidden. So unforbidden it for the ILS initial configuration at iteration 2.
[INFO]:[04:14:57] Warning: Initial value for parameter CPXPARAM_MIP_Cuts_Cliques is forbidden. So unforbidden it for the ILS initial configuration at iteration 2.
[INFO]:[04:14:57] Warning: Initial value for parameter CPXPARAM_MIP_Cuts_FlowCovers is forbidden. So unforbidden it for the ILS initial configuration at iteration 2.
[INFO]:[04:14:57] Warning: Initial configuration contains a forbidden tuple. So unforbidden it for ILS at iteration 2.
[INFO]:[04:14:57] ILS search space file written: /scratch/yorig/mpils-results-grid-ticks-10000-7may/medium-2/24proc-4pils/seed-2/6_sorrell3_seed-2_20260510_041416/iterated_local_search/search_space/search_space_file_2_worker_14.txt
[INFO]:[04:14:57] Writing ILS search space file for worker 15...
[INFO]:[04:14:57] Warning: Initial value for parameter CPXPARAM_Emphasis_MIP is forbidden. So unforbidden it for the ILS initial configuration at iteration 2.
[INFO]:[04:14:57] Warning: Initial value for parameter CPXPARAM_MIP_Cuts_Cliques is forbidden. So unforbidden it for the ILS initial configuration at iteration 2.
[INFO]:[04:14:57] Warning: Initial value for parameter CPXPARAM_MIP_Cuts_FlowCovers is forbidden. So unforbidden it for the ILS initial configuration at iteration 2.
[INFO]:[04:14:57] Warning: Initial configuration contains a forbidden tuple. So unforbidden it for ILS at iteration 2.
[INFO]:[04:14:57] Warning: Initial configuration contains a forbidden tuple. So unforbidden it for ILS at iteration 2.
[INFO]:[04:14:57] ILS search space file written: /scratch/yorig/mpils-results-grid-ticks-10000-7may/medium-2/24proc-4pils/seed-2/6_sorrell3_seed-2_20260510_041416/iterated_local_search/search_space/search_space_file_2_worker_15.txt
[INFO]:[04:14:57] Writing ILS search space file for worker 16...
[INFO]:[04:14:57] Warning: Initial value for parameter CPXPARAM_Emphasis_MIP is forbidden. So unforbidden it for the ILS initial configuration at iteration 2.
[INFO]:[04:14:57] Warning: Initial value for parameter CPXPARAM_MIP_Cuts_Cliques is forbidden. So unforbidden it for the ILS initial configuration at iteration 2.
[INFO]:[04:14:57] Warning: Initial configuration contains a forbidden tuple. So unforbidden it for ILS at iteration 2.
[INFO]:[04:14:57] Warning: Initial configuration contains a forbidden tuple. So unforbidden it for ILS at iteration 2.
[INFO]:[04:14:57] ILS search space file written: /scratch/yorig/mpils-results-grid-ticks-10000-7may/medium-2/24proc-4pils/seed-2/6_sorrell3_seed-2_20260510_041416/iterated_local_search/search_space/search_space_file_2_worker_16.txt
[INFO]:[04:14:57] Writing ILS search space file for worker 17...
[INFO]:[04:14:57] Warning: Initial value for parameter CPXPARAM_MIP_Cuts_FlowCovers is forbidden. So unforbidden it for the ILS initial configuration at iteration 2.
[INFO]:[04:14:57] ILS search space file written: /scratch/yorig/mpils-results-grid-ticks-10000-7may/medium-2/24proc-4pils/seed-2/6_sorrell3_seed-2_20260510_041416/iterated_local_search/search_space/search_space_file_2_worker_17.txt
[INFO]:[04:14:57] Writing ILS search space file for worker 18...
[INFO]:[04:14:57] Warning: Initial value for parameter CPXPARAM_MIP_Cuts_Cliques is forbidden. So unforbidden it for the ILS initial configuration at iteration 2.
[INFO]:[04:14:57] Warning: Initial configuration contains a forbidden tuple. So unforbidden it for ILS at iteration 2.
[INFO]:[04:14:57] Warning: Initial configuration contains a forbidden tuple. So unforbidden it for ILS at iteration 2.
[INFO]:[04:14:57] ILS search space file written: /scratch/yorig/mpils-results-grid-ticks-10000-7may/medium-2/24proc-4pils/seed-2/6_sorrell3_seed-2_20260510_041416/iterated_local_search/search_space/search_space_file_2_worker_18.txt
[INFO]:[04:14:57] Writing ILS search space file for worker 19...
[INFO]:[04:14:57] Warning: Initial value for parameter CPXPARAM_Emphasis_MIP is forbidden. So unforbidden it for the ILS initial configuration at iteration 2.
[INFO]:[04:14:57] Warning: Initial value for parameter CPXPARAM_MIP_Cuts_Cliques is forbidden. So unforbidden it for the ILS initial configuration at iteration 2.
[INFO]:[04:14:57] Warning: Initial configuration contains a forbidden tuple. So unforbidden it for ILS at iteration 2.
[INFO]:[04:14:57] Warning: Initial configuration contains a forbidden tuple. So unforbidden it for ILS at iteration 2.
[INFO]:[04:14:57] ILS search space file written: /scratch/yorig/mpils-results-grid-ticks-10000-7may/medium-2/24proc-4pils/seed-2/6_sorrell3_seed-2_20260510_041416/iterated_local_search/search_space/search_space_file_2_worker_19.txt
[INFO]:[04:14:57] Writing ILS search space file for worker 20...
[INFO]:[04:14:57] Warning: Initial value for parameter CPXPARAM_Emphasis_MIP is forbidden. So unforbidden it for the ILS initial configuration at iteration 2.
[INFO]:[04:14:57] Warning: Initial configuration contains a forbidden tuple. So unforbidden it for ILS at iteration 2.
[INFO]:[04:14:57] ILS search space file written: /scratch/yorig/mpils-results-grid-ticks-10000-7may/medium-2/24proc-4pils/seed-2/6_sorrell3_seed-2_20260510_041416/iterated_local_search/search_space/search_space_file_2_worker_20.txt
[INFO]:[04:14:57] Writing ILS search space file for worker 21...
[INFO]:[04:14:57] Warning: Initial value for parameter CPXPARAM_MIP_Cuts_Cliques is forbidden. So unforbidden it for the ILS initial configuration at iteration 2.
[INFO]:[04:14:57] ILS search space file written: /scratch/yorig/mpils-results-grid-ticks-10000-7may/medium-2/24proc-4pils/seed-2/6_sorrell3_seed-2_20260510_041416/iterated_local_search/search_space/search_space_file_2_worker_21.txt
[INFO]:[04:14:57] Writing ILS search space file for worker 22...
[INFO]:[04:14:57] Warning: Initial value for parameter CPXPARAM_MIP_Cuts_Cliques is forbidden. So unforbidden it for the ILS initial configuration at iteration 2.
[INFO]:[04:14:57] Warning: Initial value for parameter CPXPARAM_MIP_Cuts_FlowCovers is forbidden. So unforbidden it for the ILS initial configuration at iteration 2.
[INFO]:[04:14:57] ILS search space file written: /scratch/yorig/mpils-results-grid-ticks-10000-7may/medium-2/24proc-4pils/seed-2/6_sorrell3_seed-2_20260510_041416/iterated_local_search/search_space/search_space_file_2_worker_22.txt
[INFO]:[04:14:57] Writing ILS search space file for worker 23...
[INFO]:[04:14:57] Warning: Initial value for parameter CPXPARAM_Emphasis_MIP is forbidden. So unforbidden it for the ILS initial configuration at iteration 2.
[INFO]:[04:14:57] ILS search space file written: /scratch/yorig/mpils-results-grid-ticks-10000-7may/medium-2/24proc-4pils/seed-2/6_sorrell3_seed-2_20260510_041416/iterated_local_search/search_space/search_space_file_2_worker_23.txt
[INFO]:[04:14:57] Launching Local Search Workers via MPI...
[INFO]:[04:14:57] Local Search Workers launched.
[INFO]:[04:14:57] Starting local search phase...
[INFO]:[04:14:57] Creating local search space from parameter space file: /scratch/yorig/mpils-results-grid-ticks-10000-7may/medium-2/24proc-4pils/seed-2/6_sorrell3_seed-2_20260510_041416/iterated_local_search/search_space/search_space_file_2.txt
[INFO]:[04:14:57] Local search space loaded from file: /scratch/yorig/mpils-results-grid-ticks-10000-7may/medium-2/24proc-4pils/seed-2/6_sorrell3_seed-2_20260510_041416/iterated_local_search/search_space/search_space_file_2.txt
[INFO]:[04:14:57] Number of parameters in local search space: 71
[INFO]:[04:14:57] Number of forbidden tuples in local search space: 27
[INFO]:[04:14:57] Number of conditionals in local search space: 6
[INFO]:[04:14:57] MIP start option not enabled. Local search will proceed without MIP start.
[INFO]:[04:14:57] Seeded initial configuration into local search cache with known objective value: 33.37
[INFO]:[04:14:57] Starting CPLEX solver on instance: /home/yorig/tuner/mpils-tests/instances/miplib/medium-2/sorrell3.mps with config: /scratch/yorig/mpils-results-grid-ticks-10000-7may/medium-2/24proc-4pils/seed-2/6_sorrell3_seed-2_20260510_041416/iterated_local_search/run_2_worker_0/ils_config_5522176685013083009.prm
[INFO]:[04:14:57] Starting CPLEX solver on instance: /home/yorig/tuner/mpils-tests/instances/miplib/medium-2/sorrell3.mps with config: /scratch/yorig/mpils-results-grid-ticks-10000-7may/medium-2/24proc-4pils/seed-2/6_sorrell3_seed-2_20260510_041416/iterated_local_search/run_2_worker_0/ils_config_5522176685013083009.prm
[INFO]:[04:15:04] CPLEX results. Gap: 33.370000, upper bound: -15.000000, lower bound: -20.005596
[INFO]:[04:15:04] CPLEX solver finished. Gap: 33.370000
[INFO]:[04:15:04] Starting CPLEX solver on instance: /home/yorig/tuner/mpils-tests/instances/miplib/medium-2/sorrell3.mps with config: /scratch/yorig/mpils-results-grid-ticks-10000-7may/medium-2/24proc-4pils/seed-2/6_sorrell3_seed-2_20260510_041416/iterated_local_search/run_2_worker_0/ils_config_10926055034921966546.prm
[INFO]:[04:15:04] Starting CPLEX solver on instance: /home/yorig/tuner/mpils-tests/instances/miplib/medium-2/sorrell3.mps with config: /scratch/yorig/mpils-results-grid-ticks-10000-7may/medium-2/24proc-4pils/seed-2/6_sorrell3_seed-2_20260510_041416/iterated_local_search/run_2_worker_0/ils_config_10926055034921966546.prm
[INFO]:[04:15:10] CPLEX results. Gap: 33.370000, upper bound: -15.000000, lower bound: -20.005596
[INFO]:[04:15:10] CPLEX solver finished. Gap: 33.370000
[INFO]:[04:15:10] Local search phase completed.
[INFO]:[04:15:10] Total number of new local-search evaluations: 8
[INFO]:[04:15:10] Final incumbent objective value: 33.37
[INFO]:[04:15:10] recordEvaluation produced_mip_start=0 mip_start_file=''
[DEBUG]:[04:15:10] Added evaluation to memory with objective: 33.37, ConfigId: 5522176685013083009, EvalId: 124. Total evaluations stored: 124
[INFO]:[04:15:10] recordEvaluation produced_mip_start=0 mip_start_file=''
[DEBUG]:[04:15:10] Added evaluation to memory with objective: 33.37, ConfigId: 4224704790384270877, EvalId: 125. Total evaluations stored: 125
[INFO]:[04:15:10] recordEvaluation produced_mip_start=0 mip_start_file=''
[DEBUG]:[04:15:10] Added evaluation to memory with objective: 33.48, ConfigId: 11062262435210923053, EvalId: 126. Total evaluations stored: 126
[INFO]:[04:15:10] recordEvaluation produced_mip_start=0 mip_start_file=''
[DEBUG]:[04:15:10] Added evaluation to memory with objective: 33.56, ConfigId: 793450278422729020, EvalId: 127. Total evaluations stored: 127
[INFO]:[04:15:10] recordEvaluation produced_mip_start=0 mip_start_file=''
[DEBUG]:[04:15:10] Added evaluation to memory with objective: 33.37, ConfigId: 10926055034921966546, EvalId: 128. Total evaluations stored: 128
[INFO]:[04:15:10] recordEvaluation produced_mip_start=0 mip_start_file=''
[DEBUG]:[04:15:10] Added evaluation to memory with objective: 33.37, ConfigId: 3895283216737288575, EvalId: 129. Total evaluations stored: 129
[INFO]:[04:15:10] recordEvaluation produced_mip_start=0 mip_start_file=''
[DEBUG]:[04:15:10] Added evaluation to memory with objective: 33.37, ConfigId: 15743638518301921207, EvalId: 130. Total evaluations stored: 130
[INFO]:[04:15:10] recordEvaluation produced_mip_start=0 mip_start_file=''
[DEBUG]:[04:15:10] Added evaluation to memory with objective: 33.48, ConfigId: 14770251354950928531, EvalId: 131. Total evaluations stored: 131
[INFO]:[04:15:10] Waiting for Local Search Workers via MPI...
[INFO]:[04:15:10] Local Search Workers have completed.
[INFO]:[04:15:10] recordEvaluation produced_mip_start=0 mip_start_file=''
[DEBUG]:[04:15:10] Added evaluation to memory with objective: 42.79, ConfigId: 6727294960977768888, EvalId: 132. Total evaluations stored: 132
[INFO]:[04:15:10] recordEvaluation produced_mip_start=0 mip_start_file=''
[DEBUG]:[04:15:10] Added evaluation to memory with objective: 42.6, ConfigId: 11524964334308141883, EvalId: 133. Total evaluations stored: 133
[INFO]:[04:15:10] recordEvaluation produced_mip_start=0 mip_start_file=''
[DEBUG]:[04:15:10] Added evaluation to memory with objective: 42.61, ConfigId: 4378007428688372710, EvalId: 134. Total evaluations stored: 134
[INFO]:[04:15:10] recordEvaluation produced_mip_start=0 mip_start_file=''
[DEBUG]:[04:15:10] Added evaluation to memory with objective: 42.79, ConfigId: 3408330891602827327, EvalId: 135. Total evaluations stored: 135
[INFO]:[04:15:10] recordEvaluation produced_mip_start=0 mip_start_file=''
[DEBUG]:[04:15:10] Added evaluation to memory with objective: 42.62, ConfigId: 18323842799343855354, EvalId: 136. Total evaluations stored: 136
[INFO]:[04:15:10] recordEvaluation produced_mip_start=0 mip_start_file=''
[DEBUG]:[04:15:10] Added evaluation to memory with objective: 42.6, ConfigId: 9037803924442801868, EvalId: 137. Total evaluations stored: 137
[INFO]:[04:15:10] recordEvaluation produced_mip_start=0 mip_start_file=''
[DEBUG]:[04:15:10] Added evaluation to memory with objective: 42.6, ConfigId: 17768680262583302524, EvalId: 138. Total evaluations stored: 138
[INFO]:[04:15:10] recordEvaluation produced_mip_start=0 mip_start_file=''
[DEBUG]:[04:15:10] Added evaluation to memory with objective: 42.6, ConfigId: 7185411887620270855, EvalId: 139. Total evaluations stored: 139
[INFO]:[04:15:10] recordEvaluation produced_mip_start=0 mip_start_file=''
[DEBUG]:[04:15:10] Added evaluation to memory with objective: 35.23, ConfigId: 18040154834504787564, EvalId: 140. Total evaluations stored: 140
[INFO]:[04:15:10] recordEvaluation produced_mip_start=0 mip_start_file=''
[DEBUG]:[04:15:10] Added evaluation to memory with objective: 42.6, ConfigId: 14504662057538576817, EvalId: 141. Total evaluations stored: 141
[INFO]:[04:15:10] recordEvaluation produced_mip_start=0 mip_start_file=''
[DEBUG]:[04:15:10] Added evaluation to memory with objective: 33.25, ConfigId: 12918681413390512333, EvalId: 142. Total evaluations stored: 142
[INFO]:[04:15:10] recordEvaluation produced_mip_start=0 mip_start_file=''
[DEBUG]:[04:15:10] Added evaluation to memory with objective: 42.92, ConfigId: 2144049019652940249, EvalId: 143. Total evaluations stored: 143
[INFO]:[04:15:10] recordEvaluation produced_mip_start=0 mip_start_file=''
[DEBUG]:[04:15:10] Added evaluation to memory with objective: 33.44, ConfigId: 11335398641439277241, EvalId: 144. Total evaluations stored: 144
[INFO]:[04:15:10] recordEvaluation produced_mip_start=0 mip_start_file=''
[DEBUG]:[04:15:10] Added evaluation to memory with objective: 33.25, ConfigId: 14382215984935806327, EvalId: 145. Total evaluations stored: 145
[INFO]:[04:15:10] recordEvaluation produced_mip_start=0 mip_start_file=''
[DEBUG]:[04:15:10] Added evaluation to memory with objective: 33.75, ConfigId: 9462396665914245227, EvalId: 146. Total evaluations stored: 146
[INFO]:[04:15:10] recordEvaluation produced_mip_start=0 mip_start_file=''
[DEBUG]:[04:15:10] Added evaluation to memory with objective: 33.25, ConfigId: 8817491066814285078, EvalId: 147. Total evaluations stored: 147
[INFO]:[04:15:11] recordEvaluation produced_mip_start=0 mip_start_file=''
[DEBUG]:[04:15:11] Added evaluation to memory with objective: 33.48, ConfigId: 14955836827159143160, EvalId: 148. Total evaluations stored: 148
[INFO]:[04:15:11] recordEvaluation produced_mip_start=0 mip_start_file=''
[DEBUG]:[04:15:11] Added evaluation to memory with objective: 33.26, ConfigId: 1833881041332297634, EvalId: 149. Total evaluations stored: 149
[INFO]:[04:15:11] recordEvaluation produced_mip_start=0 mip_start_file=''
[DEBUG]:[04:15:11] Added evaluation to memory with objective: 42.6, ConfigId: 11471457518979839902, EvalId: 150. Total evaluations stored: 150
[INFO]:[04:15:11] recordEvaluation produced_mip_start=0 mip_start_file=''
[DEBUG]:[04:15:11] Added evaluation to memory with objective: 33.37, ConfigId: 18176522451774334489, EvalId: 151. Total evaluations stored: 151
[INFO]:[04:15:11] recordEvaluation produced_mip_start=0 mip_start_file=''
[DEBUG]:[04:15:11] Added evaluation to memory with objective: 33.26, ConfigId: 2094918404734162573, EvalId: 152. Total evaluations stored: 152
[INFO]:[04:15:11] recordEvaluation produced_mip_start=0 mip_start_file=''
[DEBUG]:[04:15:11] Added evaluation to memory with objective: 33.26, ConfigId: 11387482654846961958, EvalId: 153. Total evaluations stored: 153
[INFO]:[04:15:11] recordEvaluation produced_mip_start=0 mip_start_file=''
[DEBUG]:[04:15:11] Added evaluation to memory with objective: 33.26, ConfigId: 4704664601667290652, EvalId: 154. Total evaluations stored: 154
[INFO]:[04:15:11] recordEvaluation produced_mip_start=0 mip_start_file=''
[DEBUG]:[04:15:11] Added evaluation to memory with objective: 33.26, ConfigId: 12374517833173505740, EvalId: 155. Total evaluations stored: 155
[INFO]:[04:15:11] recordEvaluation produced_mip_start=0 mip_start_file=''
[DEBUG]:[04:15:11] Added evaluation to memory with objective: 35.12, ConfigId: 905649183106980474, EvalId: 156. Total evaluations stored: 156
[INFO]:[04:15:11] recordEvaluation produced_mip_start=0 mip_start_file=''
[DEBUG]:[04:15:11] Added evaluation to memory with objective: 42.62, ConfigId: 9368912135289722538, EvalId: 157. Total evaluations stored: 157
[INFO]:[04:15:11] recordEvaluation produced_mip_start=0 mip_start_file=''
[DEBUG]:[04:15:11] Added evaluation to memory with objective: 42.51, ConfigId: 2944581746571690016, EvalId: 158. Total evaluations stored: 158
[INFO]:[04:15:11] recordEvaluation produced_mip_start=0 mip_start_file=''
[DEBUG]:[04:15:11] Added evaluation to memory with objective: 33.48, ConfigId: 9346431107588194954, EvalId: 159. Total evaluations stored: 159
[INFO]:[04:15:11] recordEvaluation produced_mip_start=0 mip_start_file=''
[DEBUG]:[04:15:11] Added evaluation to memory with objective: 33.48, ConfigId: 1465144595746146765, EvalId: 160. Total evaluations stored: 160
[INFO]:[04:15:11] recordEvaluation produced_mip_start=0 mip_start_file=''
[DEBUG]:[04:15:11] Added evaluation to memory with objective: 42.62, ConfigId: 13397397352827560924, EvalId: 161. Total evaluations stored: 161
[INFO]:[04:15:11] recordEvaluation produced_mip_start=0 mip_start_file=''
[DEBUG]:[04:15:11] Added evaluation to memory with objective: 33.37, ConfigId: 14873731802633382161, EvalId: 162. Total evaluations stored: 162
[INFO]:[04:15:11] recordEvaluation produced_mip_start=0 mip_start_file=''
[DEBUG]:[04:15:11] Added evaluation to memory with objective: 33.48, ConfigId: 12751299635417618409, EvalId: 163. Total evaluations stored: 163
[INFO]:[04:15:11] recordEvaluation produced_mip_start=0 mip_start_file=''
[DEBUG]:[04:15:11] Added evaluation to memory with objective: 42.71, ConfigId: 11547222017195310261, EvalId: 164. Total evaluations stored: 164
[INFO]:[04:15:11] recordEvaluation produced_mip_start=0 mip_start_file=''
[DEBUG]:[04:15:11] Added evaluation to memory with objective: 42.79, ConfigId: 9124363767889773984, EvalId: 165. Total evaluations stored: 165
[INFO]:[04:15:11] recordEvaluation produced_mip_start=0 mip_start_file=''
[DEBUG]:[04:15:11] Added evaluation to memory with objective: 42.66, ConfigId: 16606454878376872095, EvalId: 166. Total evaluations stored: 166
[INFO]:[04:15:11] recordEvaluation produced_mip_start=0 mip_start_file=''
[DEBUG]:[04:15:11] Added evaluation to memory with objective: 42.79, ConfigId: 8064506936373070083, EvalId: 167. Total evaluations stored: 167
[INFO]:[04:15:11] recordEvaluation produced_mip_start=0 mip_start_file=''
[DEBUG]:[04:15:11] Added evaluation to memory with objective: 42.66, ConfigId: 7382940301964176015, EvalId: 168. Total evaluations stored: 168
[INFO]:[04:15:11] recordEvaluation produced_mip_start=0 mip_start_file=''
[DEBUG]:[04:15:11] Added evaluation to memory with objective: 42.66, ConfigId: 13897018570607241950, EvalId: 169. Total evaluations stored: 169
[INFO]:[04:15:11] recordEvaluation produced_mip_start=0 mip_start_file=''
[DEBUG]:[04:15:11] Added evaluation to memory with objective: 42.66, ConfigId: 1395008528225092959, EvalId: 170. Total evaluations stored: 170
[INFO]:[04:15:11] recordEvaluation produced_mip_start=0 mip_start_file=''
[DEBUG]:[04:15:11] Added evaluation to memory with objective: 42.66, ConfigId: 18313946172880582402, EvalId: 171. Total evaluations stored: 171
[INFO]:[04:15:11] IteratedLocalSearch Engine completed.
[INFO]:[04:15:11] Added48 evaluations to memory from exploration phase at iteration 2
[INFO]:[04:15:11] Exploration phase completed.
[INFO]:[04:15:11] Starting expansion phase...
[INFO]:[04:15:11] Selecting parameters for expansion phase...
[INFO]:[04:15:11] Selected expansion parameters: 10
[INFO]:[04:15:11] Creating configuration files for expansion parameters...
[INFO]:[04:15:11] Creating configurations for parameter: CPXPARAM_MIP_Cuts_Covers
[DEBUG]:[04:15:11] Parameter CPXPARAM_MIP_Cuts_Covers will be evaluated on 4 alternative value(s) after excluding the current base configuration value.
[DEBUG]:[04:15:11] Created configuration file for parameter CPXPARAM_MIP_Cuts_Covers with value -1 at /scratch/yorig/mpils-results-grid-ticks-10000-7may/medium-2/24proc-4pils/seed-2/6_sorrell3_seed-2_20260510_041416/expansion/config_param_CPXPARAM_MIP_Cuts_Covers_-1_iter_2.prm
[DEBUG]:[04:15:11] Created configuration file for parameter CPXPARAM_MIP_Cuts_Covers with value 1 at /scratch/yorig/mpils-results-grid-ticks-10000-7may/medium-2/24proc-4pils/seed-2/6_sorrell3_seed-2_20260510_041416/expansion/config_param_CPXPARAM_MIP_Cuts_Covers_1_iter_2.prm
[DEBUG]:[04:15:11] Created configuration file for parameter CPXPARAM_MIP_Cuts_Covers with value 2 at /scratch/yorig/mpils-results-grid-ticks-10000-7may/medium-2/24proc-4pils/seed-2/6_sorrell3_seed-2_20260510_041416/expansion/config_param_CPXPARAM_MIP_Cuts_Covers_2_iter_2.prm
[DEBUG]:[04:15:11] Created configuration file for parameter CPXPARAM_MIP_Cuts_Covers with value 3 at /scratch/yorig/mpils-results-grid-ticks-10000-7may/medium-2/24proc-4pils/seed-2/6_sorrell3_seed-2_20260510_041416/expansion/config_param_CPXPARAM_MIP_Cuts_Covers_3_iter_2.prm
[INFO]:[04:15:11] Creating configurations for parameter: CPXPARAM_MIP_Strategy_VariableSelect
[DEBUG]:[04:15:11] Parameter CPXPARAM_MIP_Strategy_VariableSelect will be evaluated on 5 alternative value(s) after excluding the current base configuration value.
[DEBUG]:[04:15:11] Created configuration file for parameter CPXPARAM_MIP_Strategy_VariableSelect with value -1 at /scratch/yorig/mpils-results-grid-ticks-10000-7may/medium-2/24proc-4pils/seed-2/6_sorrell3_seed-2_20260510_041416/expansion/config_param_CPXPARAM_MIP_Strategy_VariableSelect_-1_iter_2.prm
[DEBUG]:[04:15:11] Created configuration file for parameter CPXPARAM_MIP_Strategy_VariableSelect with value 1 at /scratch/yorig/mpils-results-grid-ticks-10000-7may/medium-2/24proc-4pils/seed-2/6_sorrell3_seed-2_20260510_041416/expansion/config_param_CPXPARAM_MIP_Strategy_VariableSelect_1_iter_2.prm
[DEBUG]:[04:15:11] Created configuration file for parameter CPXPARAM_MIP_Strategy_VariableSelect with value 2 at /scratch/yorig/mpils-results-grid-ticks-10000-7may/medium-2/24proc-4pils/seed-2/6_sorrell3_seed-2_20260510_041416/expansion/config_param_CPXPARAM_MIP_Strategy_VariableSelect_2_iter_2.prm
[DEBUG]:[04:15:11] Created configuration file for parameter CPXPARAM_MIP_Strategy_VariableSelect with value 3 at /scratch/yorig/mpils-results-grid-ticks-10000-7may/medium-2/24proc-4pils/seed-2/6_sorrell3_seed-2_20260510_041416/expansion/config_param_CPXPARAM_MIP_Strategy_VariableSelect_3_iter_2.prm
[DEBUG]:[04:15:11] Created configuration file for parameter CPXPARAM_MIP_Strategy_VariableSelect with value 4 at /scratch/yorig/mpils-results-grid-ticks-10000-7may/medium-2/24proc-4pils/seed-2/6_sorrell3_seed-2_20260510_041416/expansion/config_param_CPXPARAM_MIP_Strategy_VariableSelect_4_iter_2.prm
[INFO]:[04:15:11] Creating configurations for parameter: CPXPARAM_MIP_Strategy_NodeSelect
[DEBUG]:[04:15:11] Parameter CPXPARAM_MIP_Strategy_NodeSelect will be evaluated on 3 alternative value(s) after excluding the current base configuration value.
[DEBUG]:[04:15:11] Created configuration file for parameter CPXPARAM_MIP_Strategy_NodeSelect with value 0 at /scratch/yorig/mpils-results-grid-ticks-10000-7may/medium-2/24proc-4pils/seed-2/6_sorrell3_seed-2_20260510_041416/expansion/config_param_CPXPARAM_MIP_Strategy_NodeSelect_0_iter_2.prm
[DEBUG]:[04:15:11] Created configuration file for parameter CPXPARAM_MIP_Strategy_NodeSelect with value 2 at /scratch/yorig/mpils-results-grid-ticks-10000-7may/medium-2/24proc-4pils/seed-2/6_sorrell3_seed-2_20260510_041416/expansion/config_param_CPXPARAM_MIP_Strategy_NodeSelect_2_iter_2.prm
[DEBUG]:[04:15:11] Created configuration file for parameter CPXPARAM_MIP_Strategy_NodeSelect with value 3 at /scratch/yorig/mpils-results-grid-ticks-10000-7may/medium-2/24proc-4pils/seed-2/6_sorrell3_seed-2_20260510_041416/expansion/config_param_CPXPARAM_MIP_Strategy_NodeSelect_3_iter_2.prm
[INFO]:[04:15:11] Creating configurations for parameter: CPXPARAM_MIP_Strategy_Dive
[DEBUG]:[04:15:11] Parameter CPXPARAM_MIP_Strategy_Dive will be evaluated on 3 alternative value(s) after excluding the current base configuration value.
[DEBUG]:[04:15:11] Created configuration file for parameter CPXPARAM_MIP_Strategy_Dive with value 1 at /scratch/yorig/mpils-results-grid-ticks-10000-7may/medium-2/24proc-4pils/seed-2/6_sorrell3_seed-2_20260510_041416/expansion/config_param_CPXPARAM_MIP_Strategy_Dive_1_iter_2.prm
[DEBUG]:[04:15:11] Created configuration file for parameter CPXPARAM_MIP_Strategy_Dive with value 2 at /scratch/yorig/mpils-results-grid-ticks-10000-7may/medium-2/24proc-4pils/seed-2/6_sorrell3_seed-2_20260510_041416/expansion/config_param_CPXPARAM_MIP_Strategy_Dive_2_iter_2.prm
[DEBUG]:[04:15:11] Created configuration file for parameter CPXPARAM_MIP_Strategy_Dive with value 3 at /scratch/yorig/mpils-results-grid-ticks-10000-7may/medium-2/24proc-4pils/seed-2/6_sorrell3_seed-2_20260510_041416/expansion/config_param_CPXPARAM_MIP_Strategy_Dive_3_iter_2.prm
[INFO]:[04:15:11] Creating configurations for parameter: CPXPARAM_MIP_Limits_ProbeTime
[DEBUG]:[04:15:11] Parameter CPXPARAM_MIP_Limits_ProbeTime will be evaluated on 12 alternative value(s) after excluding the current base configuration value.
[DEBUG]:[04:15:11] Created configuration file for parameter CPXPARAM_MIP_Limits_ProbeTime with value 0 at /scratch/yorig/mpils-results-grid-ticks-10000-7may/medium-2/24proc-4pils/seed-2/6_sorrell3_seed-2_20260510_041416/expansion/config_param_CPXPARAM_MIP_Limits_ProbeTime_0_iter_2.prm
[DEBUG]:[04:15:11] Created configuration file for parameter CPXPARAM_MIP_Limits_ProbeTime with value 1 at /scratch/yorig/mpils-results-grid-ticks-10000-7may/medium-2/24proc-4pils/seed-2/6_sorrell3_seed-2_20260510_041416/expansion/config_param_CPXPARAM_MIP_Limits_ProbeTime_1_iter_2.prm
[DEBUG]:[04:15:11] Created configuration file for parameter CPXPARAM_MIP_Limits_ProbeTime with value 2 at /scratch/yorig/mpils-results-grid-ticks-10000-7may/medium-2/24proc-4pils/seed-2/6_sorrell3_seed-2_20260510_041416/expansion/config_param_CPXPARAM_MIP_Limits_ProbeTime_2_iter_2.prm
[DEBUG]:[04:15:11] Created configuration file for parameter CPXPARAM_MIP_Limits_ProbeTime with value 5 at /scratch/yorig/mpils-results-grid-ticks-10000-7may/medium-2/24proc-4pils/seed-2/6_sorrell3_seed-2_20260510_041416/expansion/config_param_CPXPARAM_MIP_Limits_ProbeTime_5_iter_2.prm
[DEBUG]:[04:15:11] Created configuration file for parameter CPXPARAM_MIP_Limits_ProbeTime with value 10 at /scratch/yorig/mpils-results-grid-ticks-10000-7may/medium-2/24proc-4pils/seed-2/6_sorrell3_seed-2_20260510_041416/expansion/config_param_CPXPARAM_MIP_Limits_ProbeTime_10_iter_2.prm
[DEBUG]:[04:15:11] Created configuration file for parameter CPXPARAM_MIP_Limits_ProbeTime with value 20 at /scratch/yorig/mpils-results-grid-ticks-10000-7may/medium-2/24proc-4pils/seed-2/6_sorrell3_seed-2_20260510_041416/expansion/config_param_CPXPARAM_MIP_Limits_ProbeTime_20_iter_2.prm
[DEBUG]:[04:15:11] Created configuration file for parameter CPXPARAM_MIP_Limits_ProbeTime with value 30 at /scratch/yorig/mpils-results-grid-ticks-10000-7may/medium-2/24proc-4pils/seed-2/6_sorrell3_seed-2_20260510_041416/expansion/config_param_CPXPARAM_MIP_Limits_ProbeTime_30_iter_2.prm
[DEBUG]:[04:15:11] Created configuration file for parameter CPXPARAM_MIP_Limits_ProbeTime with value 40 at /scratch/yorig/mpils-results-grid-ticks-10000-7may/medium-2/24proc-4pils/seed-2/6_sorrell3_seed-2_20260510_041416/expansion/config_param_CPXPARAM_MIP_Limits_ProbeTime_40_iter_2.prm
[DEBUG]:[04:15:11] Created configuration file for parameter CPXPARAM_MIP_Limits_ProbeTime with value 50 at /scratch/yorig/mpils-results-grid-ticks-10000-7may/medium-2/24proc-4pils/seed-2/6_sorrell3_seed-2_20260510_041416/expansion/config_param_CPXPARAM_MIP_Limits_ProbeTime_50_iter_2.prm
[DEBUG]:[04:15:11] Created configuration file for parameter CPXPARAM_MIP_Limits_ProbeTime with value 60 at /scratch/yorig/mpils-results-grid-ticks-10000-7may/medium-2/24proc-4pils/seed-2/6_sorrell3_seed-2_20260510_041416/expansion/config_param_CPXPARAM_MIP_Limits_ProbeTime_60_iter_2.prm
[DEBUG]:[04:15:11] Created configuration file for parameter CPXPARAM_MIP_Limits_ProbeTime with value 120 at /scratch/yorig/mpils-results-grid-ticks-10000-7may/medium-2/24proc-4pils/seed-2/6_sorrell3_seed-2_20260510_041416/expansion/config_param_CPXPARAM_MIP_Limits_ProbeTime_120_iter_2.prm
[DEBUG]:[04:15:11] Created configuration file for parameter CPXPARAM_MIP_Limits_ProbeTime with value 240 at /scratch/yorig/mpils-results-grid-ticks-10000-7may/medium-2/24proc-4pils/seed-2/6_sorrell3_seed-2_20260510_041416/expansion/config_param_CPXPARAM_MIP_Limits_ProbeTime_240_iter_2.prm
[INFO]:[04:15:11] Creating configurations for parameter: CPXPARAM_MIP_Strategy_RINSHeur
[DEBUG]:[04:15:11] Parameter CPXPARAM_MIP_Strategy_RINSHeur will be evaluated on 8 alternative value(s) after excluding the current base configuration value.
[DEBUG]:[04:15:11] Created configuration file for parameter CPXPARAM_MIP_Strategy_RINSHeur with value -1 at /scratch/yorig/mpils-results-grid-ticks-10000-7may/medium-2/24proc-4pils/seed-2/6_sorrell3_seed-2_20260510_041416/expansion/config_param_CPXPARAM_MIP_Strategy_RINSHeur_-1_iter_2.prm
[DEBUG]:[04:15:11] Created configuration file for parameter CPXPARAM_MIP_Strategy_RINSHeur with value 20 at /scratch/yorig/mpils-results-grid-ticks-10000-7may/medium-2/24proc-4pils/seed-2/6_sorrell3_seed-2_20260510_041416/expansion/config_param_CPXPARAM_MIP_Strategy_RINSHeur_20_iter_2.prm
[DEBUG]:[04:15:11] Created configuration file for parameter CPXPARAM_MIP_Strategy_RINSHeur with value 40 at /scratch/yorig/mpils-results-grid-ticks-10000-7may/medium-2/24proc-4pils/seed-2/6_sorrell3_seed-2_20260510_041416/expansion/config_param_CPXPARAM_MIP_Strategy_RINSHeur_40_iter_2.prm
[DEBUG]:[04:15:11] Created configuration file for parameter CPXPARAM_MIP_Strategy_RINSHeur with value 60 at /scratch/yorig/mpils-results-grid-ticks-10000-7may/medium-2/24proc-4pils/seed-2/6_sorrell3_seed-2_20260510_041416/expansion/config_param_CPXPARAM_MIP_Strategy_RINSHeur_60_iter_2.prm
[DEBUG]:[04:15:11] Created configuration file for parameter CPXPARAM_MIP_Strategy_RINSHeur with value 100 at /scratch/yorig/mpils-results-grid-ticks-10000-7may/medium-2/24proc-4pils/seed-2/6_sorrell3_seed-2_20260510_041416/expansion/config_param_CPXPARAM_MIP_Strategy_RINSHeur_100_iter_2.prm
[DEBUG]:[04:15:11] Created configuration file for parameter CPXPARAM_MIP_Strategy_RINSHeur with value 200 at /scratch/yorig/mpils-results-grid-ticks-10000-7may/medium-2/24proc-4pils/seed-2/6_sorrell3_seed-2_20260510_041416/expansion/config_param_CPXPARAM_MIP_Strategy_RINSHeur_200_iter_2.prm
[DEBUG]:[04:15:11] Created configuration file for parameter CPXPARAM_MIP_Strategy_RINSHeur with value 500 at /scratch/yorig/mpils-results-grid-ticks-10000-7may/medium-2/24proc-4pils/seed-2/6_sorrell3_seed-2_20260510_041416/expansion/config_param_CPXPARAM_MIP_Strategy_RINSHeur_500_iter_2.prm
[DEBUG]:[04:15:11] Created configuration file for parameter CPXPARAM_MIP_Strategy_RINSHeur with value 1000 at /scratch/yorig/mpils-results-grid-ticks-10000-7may/medium-2/24proc-4pils/seed-2/6_sorrell3_seed-2_20260510_041416/expansion/config_param_CPXPARAM_MIP_Strategy_RINSHeur_1000_iter_2.prm
[INFO]:[04:15:11] Creating configurations for parameter: CPXPARAM_MIP_Strategy_BBInterval
[DEBUG]:[04:15:11] Parameter CPXPARAM_MIP_Strategy_BBInterval will be evaluated on 8 alternative value(s) after excluding the current base configuration value.
[DEBUG]:[04:15:11] Created configuration file for parameter CPXPARAM_MIP_Strategy_BBInterval with value 0 at /scratch/yorig/mpils-results-grid-ticks-10000-7may/medium-2/24proc-4pils/seed-2/6_sorrell3_seed-2_20260510_041416/expansion/config_param_CPXPARAM_MIP_Strategy_BBInterval_0_iter_2.prm
[DEBUG]:[04:15:11] Created configuration file for parameter CPXPARAM_MIP_Strategy_BBInterval with value 2 at /scratch/yorig/mpils-results-grid-ticks-10000-7may/medium-2/24proc-4pils/seed-2/6_sorrell3_seed-2_20260510_041416/expansion/config_param_CPXPARAM_MIP_Strategy_BBInterval_2_iter_2.prm
[DEBUG]:[04:15:11] Created configuration file for parameter CPXPARAM_MIP_Strategy_BBInterval with value 3 at /scratch/yorig/mpils-results-grid-ticks-10000-7may/medium-2/24proc-4pils/seed-2/6_sorrell3_seed-2_20260510_041416/expansion/config_param_CPXPARAM_MIP_Strategy_BBInterval_3_iter_2.prm
[DEBUG]:[04:15:11] Created configuration file for parameter CPXPARAM_MIP_Strategy_BBInterval with value 4 at /scratch/yorig/mpils-results-grid-ticks-10000-7may/medium-2/24proc-4pils/seed-2/6_sorrell3_seed-2_20260510_041416/expansion/config_param_CPXPARAM_MIP_Strategy_BBInterval_4_iter_2.prm
[DEBUG]:[04:15:11] Created configuration file for parameter CPXPARAM_MIP_Strategy_BBInterval with value 5 at /scratch/yorig/mpils-results-grid-ticks-10000-7may/medium-2/24proc-4pils/seed-2/6_sorrell3_seed-2_20260510_041416/expansion/config_param_CPXPARAM_MIP_Strategy_BBInterval_5_iter_2.prm
[DEBUG]:[04:15:11] Created configuration file for parameter CPXPARAM_MIP_Strategy_BBInterval with value 10 at /scratch/yorig/mpils-results-grid-ticks-10000-7may/medium-2/24proc-4pils/seed-2/6_sorrell3_seed-2_20260510_041416/expansion/config_param_CPXPARAM_MIP_Strategy_BBInterval_10_iter_2.prm
[DEBUG]:[04:15:11] Created configuration file for parameter CPXPARAM_MIP_Strategy_BBInterval with value 15 at /scratch/yorig/mpils-results-grid-ticks-10000-7may/medium-2/24proc-4pils/seed-2/6_sorrell3_seed-2_20260510_041416/expansion/config_param_CPXPARAM_MIP_Strategy_BBInterval_15_iter_2.prm
[DEBUG]:[04:15:11] Created configuration file for parameter CPXPARAM_MIP_Strategy_BBInterval with value 30 at /scratch/yorig/mpils-results-grid-ticks-10000-7may/medium-2/24proc-4pils/seed-2/6_sorrell3_seed-2_20260510_041416/expansion/config_param_CPXPARAM_MIP_Strategy_BBInterval_30_iter_2.prm
[INFO]:[04:15:11] Creating configurations for parameter: CPXPARAM_MIP_Strategy_Branch
[DEBUG]:[04:15:11] Parameter CPXPARAM_MIP_Strategy_Branch will be evaluated on 2 alternative value(s) after excluding the current base configuration value.
[DEBUG]:[04:15:11] Created configuration file for parameter CPXPARAM_MIP_Strategy_Branch with value -1 at /scratch/yorig/mpils-results-grid-ticks-10000-7may/medium-2/24proc-4pils/seed-2/6_sorrell3_seed-2_20260510_041416/expansion/config_param_CPXPARAM_MIP_Strategy_Branch_-1_iter_2.prm
[DEBUG]:[04:15:11] Created configuration file for parameter CPXPARAM_MIP_Strategy_Branch with value 1 at /scratch/yorig/mpils-results-grid-ticks-10000-7may/medium-2/24proc-4pils/seed-2/6_sorrell3_seed-2_20260510_041416/expansion/config_param_CPXPARAM_MIP_Strategy_Branch_1_iter_2.prm
[INFO]:[04:15:11] Creating configurations for parameter: CPXPARAM_MIP_Limits_CutsFactor
[DEBUG]:[04:15:11] Parameter CPXPARAM_MIP_Limits_CutsFactor will be evaluated on 5 alternative value(s) after excluding the current base configuration value.
[DEBUG]:[04:15:11] Created configuration file for parameter CPXPARAM_MIP_Limits_CutsFactor with value 1 at /scratch/yorig/mpils-results-grid-ticks-10000-7may/medium-2/24proc-4pils/seed-2/6_sorrell3_seed-2_20260510_041416/expansion/config_param_CPXPARAM_MIP_Limits_CutsFactor_1_iter_2.prm
[DEBUG]:[04:15:11] Created configuration file for parameter CPXPARAM_MIP_Limits_CutsFactor with value 2 at /scratch/yorig/mpils-results-grid-ticks-10000-7may/medium-2/24proc-4pils/seed-2/6_sorrell3_seed-2_20260510_041416/expansion/config_param_CPXPARAM_MIP_Limits_CutsFactor_2_iter_2.prm
[DEBUG]:[04:15:11] Created configuration file for parameter CPXPARAM_MIP_Limits_CutsFactor with value 4 at /scratch/yorig/mpils-results-grid-ticks-10000-7may/medium-2/24proc-4pils/seed-2/6_sorrell3_seed-2_20260510_041416/expansion/config_param_CPXPARAM_MIP_Limits_CutsFactor_4_iter_2.prm
[DEBUG]:[04:15:11] Created configuration file for parameter CPXPARAM_MIP_Limits_CutsFactor with value 8 at /scratch/yorig/mpils-results-grid-ticks-10000-7may/medium-2/24proc-4pils/seed-2/6_sorrell3_seed-2_20260510_041416/expansion/config_param_CPXPARAM_MIP_Limits_CutsFactor_8_iter_2.prm
[DEBUG]:[04:15:11] Created configuration file for parameter CPXPARAM_MIP_Limits_CutsFactor with value 16 at /scratch/yorig/mpils-results-grid-ticks-10000-7may/medium-2/24proc-4pils/seed-2/6_sorrell3_seed-2_20260510_041416/expansion/config_param_CPXPARAM_MIP_Limits_CutsFactor_16_iter_2.prm
[INFO]:[04:15:11] Creating configurations for parameter: CPXPARAM_MIP_Strategy_PresolveNode
[DEBUG]:[04:15:11] Parameter CPXPARAM_MIP_Strategy_PresolveNode will be evaluated on 4 alternative value(s) after excluding the current base configuration value.
[DEBUG]:[04:15:11] Created configuration file for parameter CPXPARAM_MIP_Strategy_PresolveNode with value -1 at /scratch/yorig/mpils-results-grid-ticks-10000-7may/medium-2/24proc-4pils/seed-2/6_sorrell3_seed-2_20260510_041416/expansion/config_param_CPXPARAM_MIP_Strategy_PresolveNode_-1_iter_2.prm
[DEBUG]:[04:15:11] Created configuration file for parameter CPXPARAM_MIP_Strategy_PresolveNode with value 1 at /scratch/yorig/mpils-results-grid-ticks-10000-7may/medium-2/24proc-4pils/seed-2/6_sorrell3_seed-2_20260510_041416/expansion/config_param_CPXPARAM_MIP_Strategy_PresolveNode_1_iter_2.prm
[DEBUG]:[04:15:11] Created configuration file for parameter CPXPARAM_MIP_Strategy_PresolveNode with value 2 at /scratch/yorig/mpils-results-grid-ticks-10000-7may/medium-2/24proc-4pils/seed-2/6_sorrell3_seed-2_20260510_041416/expansion/config_param_CPXPARAM_MIP_Strategy_PresolveNode_2_iter_2.prm
[DEBUG]:[04:15:11] Created configuration file for parameter CPXPARAM_MIP_Strategy_PresolveNode with value 3 at /scratch/yorig/mpils-results-grid-ticks-10000-7may/medium-2/24proc-4pils/seed-2/6_sorrell3_seed-2_20260510_041416/expansion/config_param_CPXPARAM_MIP_Strategy_PresolveNode_3_iter_2.prm
[INFO]:[04:15:11] Created 54 configuration files for expansion phase at iteration 2.
[INFO]:[04:15:11] Skipped 0 expansion parameter(s) with no alternative value to evaluate.
[INFO]:[04:15:11] Launching Expansion Workers via MPI...
[INFO]:[04:15:11] Expansion Workers launched.
[INFO]:[04:15:11] Evaluating expansion parameters...
[INFO]:[04:15:11] Starting CPLEX solver on instance: /home/yorig/tuner/mpils-tests/instances/miplib/medium-2/sorrell3.mps with config: /scratch/yorig/mpils-results-grid-ticks-10000-7may/medium-2/24proc-4pils/seed-2/6_sorrell3_seed-2_20260510_041416/expansion/config_param_CPXPARAM_MIP_Cuts_Covers_-1_iter_2.prm
[INFO]:[04:15:17] CPLEX results. Gap: 33.180000, upper bound: -15.000000, lower bound: -19.976956
[INFO]:[04:15:17] CPLEX solver finished. Gap: 33.180000
[INFO]:[04:15:17] Expansion early stop activated in MPI after 1 master-side evaluation(s). Remaining not-yet-evaluated parameters stay residual.
[INFO]:[04:15:17] Strict sequential expansion early stop ignored 7 already-computed result(s) after first improving config id 16.
[INFO]:[04:15:17] recordEvaluation produced_mip_start=0 mip_start_file=''
[DEBUG]:[04:15:17] Added evaluation to memory with objective: 33.18, ConfigId: 8625485619655781039, EvalId: 172. Total evaluations stored: 172
[INFO]:[04:15:17] recordEvaluation produced_mip_start=0 mip_start_file=''
[DEBUG]:[04:15:17] Added evaluation to memory with objective: 33.18, ConfigId: 15527310761714021925, EvalId: 173. Total evaluations stored: 173
[INFO]:[04:15:17] recordEvaluation produced_mip_start=0 mip_start_file=''
[DEBUG]:[04:15:17] Added evaluation to memory with objective: 33.18, ConfigId: 16131867921220583073, EvalId: 174. Total evaluations stored: 174
[INFO]:[04:15:17] recordEvaluation produced_mip_start=0 mip_start_file=''
[DEBUG]:[04:15:17] Added evaluation to memory with objective: 33.18, ConfigId: 9520053299659168364, EvalId: 175. Total evaluations stored: 175
[INFO]:[04:15:17] recordEvaluation produced_mip_start=0 mip_start_file=''
[DEBUG]:[04:15:17] Added evaluation to memory with objective: 33.18, ConfigId: 13296141898819153914, EvalId: 176. Total evaluations stored: 176
[INFO]:[04:15:17] recordEvaluation produced_mip_start=0 mip_start_file=''
[DEBUG]:[04:15:17] Added evaluation to memory with objective: 33.18, ConfigId: 8627955946737327972, EvalId: 177. Total evaluations stored: 177
[INFO]:[04:15:17] recordEvaluation produced_mip_start=0 mip_start_file=''
[DEBUG]:[04:15:17] Added evaluation to memory with objective: 33.18, ConfigId: 2525935393234716263, EvalId: 178. Total evaluations stored: 178
[INFO]:[04:15:17] recordEvaluation produced_mip_start=0 mip_start_file=''
[DEBUG]:[04:15:17] Added evaluation to memory with objective: 33.18, ConfigId: 10965130248014715460, EvalId: 179. Total evaluations stored: 179
[INFO]:[04:15:17] recordEvaluation produced_mip_start=0 mip_start_file=''
[DEBUG]:[04:15:17] Added evaluation to memory with objective: 33.18, ConfigId: 7720825023275015472, EvalId: 180. Total evaluations stored: 180
[INFO]:[04:15:17] recordEvaluation produced_mip_start=0 mip_start_file=''
[DEBUG]:[04:15:17] Added evaluation to memory with objective: 33.18, ConfigId: 3882138167558989236, EvalId: 181. Total evaluations stored: 181
[INFO]:[04:15:17] recordEvaluation produced_mip_start=0 mip_start_file=''
[DEBUG]:[04:15:17] Added evaluation to memory with objective: 33.18, ConfigId: 7970542116281813806, EvalId: 182. Total evaluations stored: 182
[INFO]:[04:15:17] recordEvaluation produced_mip_start=0 mip_start_file=''
[DEBUG]:[04:15:17] Added evaluation to memory with objective: 33.18, ConfigId: 15789455558195617899, EvalId: 183. Total evaluations stored: 183
[INFO]:[04:15:17] recordEvaluation produced_mip_start=0 mip_start_file=''
[DEBUG]:[04:15:17] Added evaluation to memory with objective: 33.18, ConfigId: 8852684103086384273, EvalId: 184. Total evaluations stored: 184
[INFO]:[04:15:17] recordEvaluation produced_mip_start=0 mip_start_file=''
[DEBUG]:[04:15:17] Added evaluation to memory with objective: 33.18, ConfigId: 9025888922165008361, EvalId: 185. Total evaluations stored: 185
[INFO]:[04:15:17] recordEvaluation produced_mip_start=0 mip_start_file=''
[DEBUG]:[04:15:17] Added evaluation to memory with objective: 33.18, ConfigId: 5873240528863108009, EvalId: 186. Total evaluations stored: 186
[INFO]:[04:15:17] recordEvaluation produced_mip_start=0 mip_start_file=''
[DEBUG]:[04:15:17] Added evaluation to memory with objective: 33.18, ConfigId: 7083701882754272189, EvalId: 187. Total evaluations stored: 187
[INFO]:[04:15:17] recordEvaluation produced_mip_start=0 mip_start_file=''
[INFO]:[04:15:17] ***************
[INFO]:[04:15:17] New best evaluation without MIP start found at time 59s, with objective 33.03 and configuration ID 12977528154936704253
[INFO]:[04:15:17] With config: 12977528154936704253 -> 
Configuration: CPXPARAM_Advance=1 CPXPARAM_Barrier_Algorithm=0 CPXPARAM_Barrier_ColNonzeros=0 CPXPARAM_Barrier_Crossover=0 CPXPARAM_Barrier_Limits_Corrections=-1 CPXPARAM_Barrier_Ordering=0 CPXPARAM_Barrier_StartAlg=1 CPXPARAM_Emphasis_MIP=0 CPXPARAM_Emphasis_Memory=0 CPXPARAM_Emphasis_Numerical=0 CPXPARAM_Feasopt_Mode=0 CPXPARAM_LPMethod=0 CPXPARAM_MIP_Cuts_Cliques=0 CPXPARAM_MIP_Cuts_Covers=0 CPXPARAM_MIP_Cuts_Disjunctive=0 CPXPARAM_MIP_Cuts_FlowCovers=0 CPXPARAM_MIP_Cuts_GUBCovers=0 CPXPARAM_MIP_Cuts_Gomory=0 CPXPARAM_MIP_Cuts_Implied=0 CPXPARAM_MIP_Cuts_MIRCut=0 CPXPARAM_MIP_Cuts_PathCut=0 CPXPARAM_MIP_Limits_AggForCut=3 CPXPARAM_MIP_Limits_CutPasses=0 CPXPARAM_MIP_Limits_CutsFactor=-1 CPXPARAM_MIP_Limits_GomoryCand=100 CPXPARAM_MIP_Limits_GomoryPass=0 CPXPARAM_MIP_Limits_Nodes=9223372036800000000 CPXPARAM_MIP_Limits_ProbeTime=1 CPXPARAM_MIP_Limits_RepairTries=0 CPXPARAM_MIP_Limits_StrongCand=10 CPXPARAM_MIP_Limits_StrongIt=0 CPXPARAM_MIP_OrderType=0 CPXPARAM_MIP_Strategy_BBInterval=7 CPXPARAM_MIP_Strategy_Branch=0 CPXPARAM_MIP_Strategy_Dive=0 CPXPARAM_MIP_Strategy_File=1 CPXPARAM_MIP_Strategy_HeuristicFreq=0 CPXPARAM_MIP_Strategy_LBHeur=0 CPXPARAM_MIP_Strategy_NodeSelect=1 CPXPARAM_MIP_Strategy_Order=1 CPXPARAM_MIP_Strategy_PresolveNode=0 CPXPARAM_MIP_Strategy_Probe=2 CPXPARAM_MIP_Strategy_RINSHeur=0 CPXPARAM_MIP_Strategy_StartAlgorithm=0 CPXPARAM_MIP_Strategy_SubAlgorithm=0 CPXPARAM_MIP_Strategy_VariableSelect=0 CPXPARAM_Network_NetFind=2 CPXPARAM_Network_Pricing=0 CPXPARAM_Parallel=1 CPXPARAM_Preprocessing_Aggregator=-1 CPXPARAM_Preprocessing_BoundStrength=-1 CPXPARAM_Preprocessing_CoeffReduce=-1 CPXPARAM_Preprocessing_Dependency=-1 CPXPARAM_Preprocessing_Dual=0 CPXPARAM_Preprocessing_Fill=10 CPXPARAM_Preprocessing_NumPass=-1 CPXPARAM_Preprocessing_Presolve=1 CPXPARAM_Preprocessing_QPMakePSD=1 CPXPARAM_Preprocessing_Reduce=3 CPXPARAM_Preprocessing_Relax=-1 CPXPARAM_Preprocessing_RepeatPresolve=-1 CPXPARAM_Preprocessing_Symmetry=-1 CPXPARAM_Read_Scale=0 CPXPARAM_Sifting_Algorithm=0 CPXPARAM_Simplex_Crash=1 CPXPARAM_Simplex_DGradient=0 CPXPARAM_Simplex_Limits_Perturbation=0 CPXPARAM_Simplex_Limits_Singularity=10 CPXPARAM_Simplex_PGradient=0 CPXPARAM_Simplex_Pricing=0 CPXPARAM_Simplex_Refactor=0 | MIP Start: No 
[INFO]:[04:15:17] ***************
[DEBUG]:[04:15:17] Added evaluation to memory with objective: 33.03, ConfigId: 12977528154936704253, EvalId: 188. Total evaluations stored: 188
[INFO]:[04:15:17] Waiting for Expansion Workers via MPI...
[INFO]:[04:15:17] Expansion Workers have completed.
[INFO]:[04:15:17] Evaluated expansion parameters: 5
[INFO]:[04:15:17] Classifying expansion parameters...
[DEBUG]:[04:15:17] Parameter CPXPARAM_MIP_Cuts_Covers valid evaluations: 4, invalid evaluations: 0, c_p: 33.18, s_p: 0, selected_stage_1: No, discarded_by_threshold: No
[DEBUG]:[04:15:17] Parameter CPXPARAM_MIP_Strategy_VariableSelect valid evaluations: 5, invalid evaluations: 0, c_p: 33.18, s_p: 0, selected_stage_1: No, discarded_by_threshold: No
[DEBUG]:[04:15:17] Parameter CPXPARAM_MIP_Strategy_NodeSelect valid evaluations: 3, invalid evaluations: 0, c_p: 33.18, s_p: 0, selected_stage_1: No, discarded_by_threshold: No
[DEBUG]:[04:15:17] Parameter CPXPARAM_MIP_Strategy_Dive valid evaluations: 3, invalid evaluations: 0, c_p: 33.18, s_p: 0, selected_stage_1: No, discarded_by_threshold: No
[DEBUG]:[04:15:17] Parameter CPXPARAM_MIP_Limits_ProbeTime valid evaluations: 2, invalid evaluations: 0, c_p: 33.03, s_p: 0.15, selected_stage_1: Yes, discarded_by_threshold: No
[DEBUG]:[04:15:17] Parameter CPXPARAM_MIP_Cuts_Covers metrics - c_p: 33.18, s_p: 0, selected_stage_1: No, discarded_by_threshold: No, dominated: No
[DEBUG]:[04:15:17] Parameter CPXPARAM_MIP_Strategy_VariableSelect metrics - c_p: 33.18, s_p: 0, selected_stage_1: No, discarded_by_threshold: No, dominated: No
[DEBUG]:[04:15:17] Parameter CPXPARAM_MIP_Strategy_NodeSelect metrics - c_p: 33.18, s_p: 0, selected_stage_1: No, discarded_by_threshold: No, dominated: No
[DEBUG]:[04:15:17] Parameter CPXPARAM_MIP_Strategy_Dive metrics - c_p: 33.18, s_p: 0, selected_stage_1: No, discarded_by_threshold: No, dominated: No
[DEBUG]:[04:15:17] Parameter CPXPARAM_MIP_Limits_ProbeTime metrics - c_p: 33.03, s_p: 0.15, selected_stage_1: Yes, discarded_by_threshold: No, dominated: No
[INFO]:[04:15:17] Updating parameter flags based on classification...
[INFO]:[04:15:17] Parameter CPXPARAM_MIP_Cuts_Covers selected for tuning.
[INFO]:[04:15:17] Parameter CPXPARAM_MIP_Strategy_VariableSelect selected for tuning.
[INFO]:[04:15:17] Parameter CPXPARAM_MIP_Strategy_NodeSelect selected for tuning.
[INFO]:[04:15:17] Parameter CPXPARAM_MIP_Strategy_Dive selected for tuning.
[INFO]:[04:15:17] Parameter CPXPARAM_MIP_Limits_ProbeTime selected for tuning.
[DEBUG]:[04:15:17] Classified parameters at iteration 2 - To Select: 5, To Discard: 0
[DEBUG]:[04:15:17] Parameter: CPXPARAM_MIP_Cuts_Covers, To Select: Yes, To Discard: No
[DEBUG]:[04:15:17] Parameter: CPXPARAM_MIP_Strategy_VariableSelect, To Select: Yes, To Discard: No
[DEBUG]:[04:15:17] Parameter: CPXPARAM_MIP_Strategy_NodeSelect, To Select: Yes, To Discard: No
[DEBUG]:[04:15:17] Parameter: CPXPARAM_MIP_Strategy_Dive, To Select: Yes, To Discard: No
[DEBUG]:[04:15:17] Parameter: CPXPARAM_MIP_Limits_ProbeTime, To Select: Yes, To Discard: No
[INFO]:[04:15:17] Added 17 evaluations to memory from expansion phase at iteration 2
[INFO]:[04:15:17] Expansion phase completed.
[INFO]:[04:15:17] Starting pruning phase...
[INFO]:[04:15:17] Writing learner file for pruning phase: /scratch/yorig/mpils-results-grid-ticks-10000-7may/medium-2/24proc-4pils/seed-2/6_sorrell3_seed-2_20260510_041416/pruning/input/learner_file_2.txt
[INFO]:[04:15:17] Learner file written successfully: /scratch/yorig/mpils-results-grid-ticks-10000-7may/medium-2/24proc-4pils/seed-2/6_sorrell3_seed-2_20260510_041416/pruning/input/learner_file_2.txt
[INFO]:[04:15:17] Extracting forbidden tuples from memory...
[INFO]:[04:15:17] Redirecting learner stdout/stderr to: /scratch/yorig/mpils-results-grid-ticks-10000-7may/medium-2/24proc-4pils/seed-2/6_sorrell3_seed-2_20260510_041416/pruning/learner_iteration_2.log
[INFO]:[04:15:17] Forbidden tuples extracted: 33
[INFO]:[04:15:17] Applying pruning with 33 forbidden tuples...
[DEBUG]:[04:15:17] Adding forbidden value from single-element tuple: CPXPARAM_Emphasis_MIP=1
[DEBUG]:[04:15:17] Adding forbidden value from single-element tuple: CPXPARAM_Emphasis_MIP=2
[DEBUG]:[04:15:17] Adding forbidden value from single-element tuple: CPXPARAM_Emphasis_MIP=4
[DEBUG]:[04:15:17] Adding forbidden value from single-element tuple: CPXPARAM_MIP_Cuts_Cliques=0
[DEBUG]:[04:15:17] Adding forbidden value from single-element tuple: CPXPARAM_MIP_Cuts_Cliques=1
[DEBUG]:[04:15:17] Adding forbidden value from single-element tuple: CPXPARAM_MIP_Cuts_Cliques=2
[DEBUG]:[04:15:17] Adding forbidden value from single-element tuple: CPXPARAM_MIP_Cuts_Cliques=3
[DEBUG]:[04:15:17] Adding forbidden value from single-element tuple: CPXPARAM_MIP_Cuts_Gomory=0
[DEBUG]:[04:15:17] Adding forbidden value from single-element tuple: CPXPARAM_MIP_Strategy_Probe=1
[DEBUG]:[04:15:17] Adding forbidden value from single-element tuple: CPXPARAM_MIP_Strategy_Probe=3
[DEBUG]:[04:15:17] Adding forbidden tuple of size 2: 
[DEBUG]:[04:15:17]   CPXPARAM_Emphasis_MIP=1
[DEBUG]:[04:15:17]   CPXPARAM_MIP_Cuts_Cliques=0
[DEBUG]:[04:15:17] Adding forbidden tuple of size 2: 
[DEBUG]:[04:15:17]   CPXPARAM_Emphasis_MIP=1
[DEBUG]:[04:15:17]   CPXPARAM_MIP_Cuts_Cliques=1
[DEBUG]:[04:15:17] Adding forbidden tuple of size 2: 
[DEBUG]:[04:15:17]   CPXPARAM_Emphasis_MIP=1
[DEBUG]:[04:15:17]   CPXPARAM_MIP_Cuts_Cliques=2
[DEBUG]:[04:15:17] Adding forbidden tuple of size 2: 
[DEBUG]:[04:15:17]   CPXPARAM_Emphasis_MIP=1
[DEBUG]:[04:15:17]   CPXPARAM_MIP_Cuts_Cliques=3
[DEBUG]:[04:15:17] Adding forbidden tuple of size 2: 
[DEBUG]:[04:15:17]   CPXPARAM_Emphasis_MIP=1
[DEBUG]:[04:15:17]   CPXPARAM_MIP_Cuts_Gomory=1
[DEBUG]:[04:15:17] Adding forbidden tuple of size 2: 
[DEBUG]:[04:15:17]   CPXPARAM_Emphasis_MIP=1
[DEBUG]:[04:15:17]   CPXPARAM_MIP_Cuts_Implied=1
[DEBUG]:[04:15:17] Adding forbidden tuple of size 2: 
[DEBUG]:[04:15:17]   CPXPARAM_Emphasis_MIP=1
[DEBUG]:[04:15:17]   CPXPARAM_MIP_Cuts_Implied=2
[DEBUG]:[04:15:17] Adding forbidden tuple of size 2: 
[DEBUG]:[04:15:17]   CPXPARAM_Emphasis_MIP=1
[DEBUG]:[04:15:17]   CPXPARAM_MIP_Cuts_PathCut=1
[DEBUG]:[04:15:17] Adding forbidden tuple of size 2: 
[DEBUG]:[04:15:17]   CPXPARAM_Emphasis_MIP=1
[DEBUG]:[04:15:17]   CPXPARAM_MIP_Strategy_Probe=0
[DEBUG]:[04:15:17] Adding forbidden tuple of size 2: 
[DEBUG]:[04:15:17]   CPXPARAM_Emphasis_MIP=1
[DEBUG]:[04:15:17]   CPXPARAM_MIP_Strategy_Probe=1
[DEBUG]:[04:15:17] Adding forbidden tuple of size 2: 
[DEBUG]:[04:15:17]   CPXPARAM_Emphasis_MIP=2
[DEBUG]:[04:15:17]   CPXPARAM_MIP_Cuts_Cliques=0
[DEBUG]:[04:15:17] Adding forbidden tuple of size 2: 
[DEBUG]:[04:15:17]   CPXPARAM_Emphasis_MIP=2
[DEBUG]:[04:15:17]   CPXPARAM_MIP_Cuts_Cliques=1
[DEBUG]:[04:15:17] Adding forbidden tuple of size 2: 
[DEBUG]:[04:15:17]   CPXPARAM_Emphasis_MIP=2
[DEBUG]:[04:15:17]   CPXPARAM_MIP_Cuts_Cliques=2
[DEBUG]:[04:15:17] Adding forbidden tuple of size 2: 
[DEBUG]:[04:15:17]   CPXPARAM_Emphasis_MIP=2
[DEBUG]:[04:15:17]   CPXPARAM_MIP_Cuts_Cliques=3
[DEBUG]:[04:15:17] Adding forbidden tuple of size 2: 
[DEBUG]:[04:15:17]   CPXPARAM_Emphasis_MIP=2
[DEBUG]:[04:15:17]   CPXPARAM_MIP_Cuts_Gomory=0
[DEBUG]:[04:15:17] Adding forbidden tuple of size 2: 
[DEBUG]:[04:15:17]   CPXPARAM_Emphasis_MIP=2
[DEBUG]:[04:15:17]   CPXPARAM_MIP_Cuts_Gomory=1
[DEBUG]:[04:15:17] Adding forbidden tuple of size 2: 
[DEBUG]:[04:15:17]   CPXPARAM_Emphasis_MIP=2
[DEBUG]:[04:15:17]   CPXPARAM_MIP_Cuts_Gomory=2
[DEBUG]:[04:15:17] Adding forbidden tuple of size 2: 
[DEBUG]:[04:15:17]   CPXPARAM_Emphasis_MIP=2
[DEBUG]:[04:15:17]   CPXPARAM_MIP_Cuts_Implied=0
[DEBUG]:[04:15:17] Adding forbidden tuple of size 2: 
[DEBUG]:[04:15:17]   CPXPARAM_Emphasis_MIP=2
[DEBUG]:[04:15:17]   CPXPARAM_MIP_Cuts_Implied=1
[DEBUG]:[04:15:17] Adding forbidden tuple of size 2: 
[DEBUG]:[04:15:17]   CPXPARAM_Emphasis_MIP=2
[DEBUG]:[04:15:17]   CPXPARAM_MIP_Cuts_Implied=2
[DEBUG]:[04:15:17] Adding forbidden tuple of size 2: 
[DEBUG]:[04:15:17]   CPXPARAM_Emphasis_MIP=2
[DEBUG]:[04:15:17]   CPXPARAM_MIP_Cuts_PathCut=0
[DEBUG]:[04:15:17] Adding forbidden tuple of size 2: 
[DEBUG]:[04:15:17]   CPXPARAM_Emphasis_MIP=2
[DEBUG]:[04:15:17]   CPXPARAM_MIP_Cuts_PathCut=1
[DEBUG]:[04:15:17] Adding forbidden tuple of size 2: 
[DEBUG]:[04:15:17]   CPXPARAM_Emphasis_MIP=2
[DEBUG]:[04:15:17]   CPXPARAM_MIP_Cuts_PathCut=2
[INFO]:[04:15:17] Pruning applied successfully.
[INFO]:[04:15:17] Pruning phase completed.
[INFO]:[04:15:17] Completed iteration 2
[INFO]:[04:15:17] Starting iteration 3
[INFO]:[04:15:17] Starting exploration phase...
[INFO]:[04:15:17] Selecting number of evaluations for tuning phase...
[INFO]:[04:15:17] Selecting initial configurations for tuning phase...
[INFO]:[04:15:17] Using worker 0 best exploration configuration without MIP start as master ILS initial configuration.
[INFO]:[04:15:17] Using global best exploration configuration without MIP start as worker 1 ILS initial configuration.
[INFO]:[04:15:17] Number of evaluations for this tuning phase: 25
[INFO]:[04:15:17] ILS shared cache is disabled for this exploration phase.
[INFO]:[04:15:17] Local search backend for this exploration phase: iterated_local_search
[INFO]:[04:15:17] Running IteratedLocalSearch Engine...
[INFO]:[04:15:17] Mip start is disabled for this iteration.
[INFO]:[04:15:17] Writing ILS search space file for worker 0...
[INFO]:[04:15:17] Warning: Initial value for parameter CPXPARAM_MIP_Cuts_Cliques is forbidden. So unforbidden it for the ILS initial configuration at iteration 3.
[INFO]:[04:15:17] Warning: Initial value for parameter CPXPARAM_MIP_Cuts_FlowCovers is forbidden. So unforbidden it for the ILS initial configuration at iteration 3.
[INFO]:[04:15:17] Warning: Initial value for parameter CPXPARAM_MIP_Cuts_Gomory is forbidden. So unforbidden it for the ILS initial configuration at iteration 3.
[INFO]:[04:15:17] ILS search space file written: /scratch/yorig/mpils-results-grid-ticks-10000-7may/medium-2/24proc-4pils/seed-2/6_sorrell3_seed-2_20260510_041416/iterated_local_search/search_space/search_space_file_3.txt
[INFO]:[04:15:17] Writing ILS search space file for worker 1...
[INFO]:[04:15:17] Warning: Initial value for parameter CPXPARAM_MIP_Cuts_Cliques is forbidden. So unforbidden it for the ILS initial configuration at iteration 3.
[INFO]:[04:15:17] Warning: Initial value for parameter CPXPARAM_MIP_Strategy_Probe is forbidden. So unforbidden it for the ILS initial configuration at iteration 3.
[INFO]:[04:15:17] ILS search space file written: /scratch/yorig/mpils-results-grid-ticks-10000-7may/medium-2/24proc-4pils/seed-2/6_sorrell3_seed-2_20260510_041416/iterated_local_search/search_space/search_space_file_3_worker_1.txt
[INFO]:[04:15:17] Writing ILS search space file for worker 2...
[INFO]:[04:15:17] Warning: Initial value for parameter CPXPARAM_Emphasis_MIP is forbidden. So unforbidden it for the ILS initial configuration at iteration 3.
[INFO]:[04:15:17] Warning: Initial value for parameter CPXPARAM_MIP_Cuts_Cliques is forbidden. So unforbidden it for the ILS initial configuration at iteration 3.
[INFO]:[04:15:17] Warning: Initial configuration contains a forbidden tuple. So unforbidden it for ILS at iteration 3.
[INFO]:[04:15:17] Warning: Initial configuration contains a forbidden tuple. So unforbidden it for ILS at iteration 3.
[INFO]:[04:15:17] Warning: Initial configuration contains a forbidden tuple. So unforbidden it for ILS at iteration 3.
[INFO]:[04:15:17] ILS search space file written: /scratch/yorig/mpils-results-grid-ticks-10000-7may/medium-2/24proc-4pils/seed-2/6_sorrell3_seed-2_20260510_041416/iterated_local_search/search_space/search_space_file_3_worker_2.txt
[INFO]:[04:15:17] Writing ILS search space file for worker 3...
[INFO]:[04:15:17] Warning: Initial value for parameter CPXPARAM_MIP_Cuts_Cliques is forbidden. So unforbidden it for the ILS initial configuration at iteration 3.
[INFO]:[04:15:17] Warning: Initial value for parameter CPXPARAM_MIP_Cuts_FlowCovers is forbidden. So unforbidden it for the ILS initial configuration at iteration 3.
[INFO]:[04:15:17] ILS search space file written: /scratch/yorig/mpils-results-grid-ticks-10000-7may/medium-2/24proc-4pils/seed-2/6_sorrell3_seed-2_20260510_041416/iterated_local_search/search_space/search_space_file_3_worker_3.txt
[INFO]:[04:15:17] Writing ILS search space file for worker 4...
[INFO]:[04:15:17] Warning: Initial value for parameter CPXPARAM_Emphasis_MIP is forbidden. So unforbidden it for the ILS initial configuration at iteration 3.
[INFO]:[04:15:17] Warning: Initial value for parameter CPXPARAM_MIP_Cuts_Cliques is forbidden. So unforbidden it for the ILS initial configuration at iteration 3.
[INFO]:[04:15:17] Warning: Initial value for parameter CPXPARAM_MIP_Strategy_Probe is forbidden. So unforbidden it for the ILS initial configuration at iteration 3.
[INFO]:[04:15:17] Warning: Initial configuration contains a forbidden tuple. So unforbidden it for ILS at iteration 3.
[INFO]:[04:15:17] Warning: Initial configuration contains a forbidden tuple. So unforbidden it for ILS at iteration 3.
[INFO]:[04:15:17] ILS search space file written: /scratch/yorig/mpils-results-grid-ticks-10000-7may/medium-2/24proc-4pils/seed-2/6_sorrell3_seed-2_20260510_041416/iterated_local_search/search_space/search_space_file_3_worker_4.txt
[INFO]:[04:15:17] Writing ILS search space file for worker 5...
[INFO]:[04:15:17] Warning: Initial value for parameter CPXPARAM_Emphasis_MIP is forbidden. So unforbidden it for the ILS initial configuration at iteration 3.
[INFO]:[04:15:17] Warning: Initial value for parameter CPXPARAM_MIP_Cuts_Cliques is forbidden. So unforbidden it for the ILS initial configuration at iteration 3.
[INFO]:[04:15:17] Warning: Initial value for parameter CPXPARAM_MIP_Cuts_FlowCovers is forbidden. So unforbidden it for the ILS initial configuration at iteration 3.
[INFO]:[04:15:17] Warning: Initial configuration contains a forbidden tuple. So unforbidden it for ILS at iteration 3.
[INFO]:[04:15:17] Warning: Initial configuration contains a forbidden tuple. So unforbidden it for ILS at iteration 3.
[INFO]:[04:15:17] ILS search space file written: /scratch/yorig/mpils-results-grid-ticks-10000-7may/medium-2/24proc-4pils/seed-2/6_sorrell3_seed-2_20260510_041416/iterated_local_search/search_space/search_space_file_3_worker_5.txt
[INFO]:[04:15:17] Writing ILS search space file for worker 6...
[INFO]:[04:15:17] Warning: Initial value for parameter CPXPARAM_MIP_Cuts_Cliques is forbidden. So unforbidden it for the ILS initial configuration at iteration 3.
[INFO]:[04:15:17] ILS search space file written: /scratch/yorig/mpils-results-grid-ticks-10000-7may/medium-2/24proc-4pils/seed-2/6_sorrell3_seed-2_20260510_041416/iterated_local_search/search_space/search_space_file_3_worker_6.txt
[INFO]:[04:15:17] Writing ILS search space file for worker 7...
[INFO]:[04:15:17] Warning: Initial value for parameter CPXPARAM_MIP_Cuts_Cliques is forbidden. So unforbidden it for the ILS initial configuration at iteration 3.
[INFO]:[04:15:17] Warning: Initial value for parameter CPXPARAM_MIP_Cuts_Gomory is forbidden. So unforbidden it for the ILS initial configuration at iteration 3.
[INFO]:[04:15:17] Warning: Initial value for parameter CPXPARAM_MIP_Strategy_Probe is forbidden. So unforbidden it for the ILS initial configuration at iteration 3.
[INFO]:[04:15:17] Warning: Initial configuration contains a forbidden tuple. So unforbidden it for ILS at iteration 3.
[INFO]:[04:15:17] ILS search space file written: /scratch/yorig/mpils-results-grid-ticks-10000-7may/medium-2/24proc-4pils/seed-2/6_sorrell3_seed-2_20260510_041416/iterated_local_search/search_space/search_space_file_3_worker_7.txt
[INFO]:[04:15:17] Writing ILS search space file for worker 8...
[INFO]:[04:15:17] Warning: Initial value for parameter CPXPARAM_Emphasis_MIP is forbidden. So unforbidden it for the ILS initial configuration at iteration 3.
[INFO]:[04:15:17] Warning: Initial value for parameter CPXPARAM_MIP_Strategy_Probe is forbidden. So unforbidden it for the ILS initial configuration at iteration 3.
[INFO]:[04:15:17] Warning: Initial configuration contains a forbidden tuple. So unforbidden it for ILS at iteration 3.
[INFO]:[04:15:17] Warning: Initial configuration contains a forbidden tuple. So unforbidden it for ILS at iteration 3.
[INFO]:[04:15:17] Warning: Initial configuration contains a forbidden tuple. So unforbidden it for ILS at iteration 3.
[INFO]:[04:15:17] ILS search space file written: /scratch/yorig/mpils-results-grid-ticks-10000-7may/medium-2/24proc-4pils/seed-2/6_sorrell3_seed-2_20260510_041416/iterated_local_search/search_space/search_space_file_3_worker_8.txt
[INFO]:[04:15:17] Writing ILS search space file for worker 9...
[INFO]:[04:15:17] Warning: Initial value for parameter CPXPARAM_Emphasis_MIP is forbidden. So unforbidden it for the ILS initial configuration at iteration 3.
[INFO]:[04:15:17] Warning: Initial value for parameter CPXPARAM_MIP_Strategy_Probe is forbidden. So unforbidden it for the ILS initial configuration at iteration 3.
[INFO]:[04:15:17] Warning: Initial configuration contains a forbidden tuple. So unforbidden it for ILS at iteration 3.
[INFO]:[04:15:17] Warning: Initial configuration contains a forbidden tuple. So unforbidden it for ILS at iteration 3.
[INFO]:[04:15:17] Warning: Initial configuration contains a forbidden tuple. So unforbidden it for ILS at iteration 3.
[INFO]:[04:15:17] Warning: Initial configuration contains a forbidden tuple. So unforbidden it for ILS at iteration 3.
[INFO]:[04:15:17] ILS search space file written: /scratch/yorig/mpils-results-grid-ticks-10000-7may/medium-2/24proc-4pils/seed-2/6_sorrell3_seed-2_20260510_041416/iterated_local_search/search_space/search_space_file_3_worker_9.txt
[INFO]:[04:15:17] Writing ILS search space file for worker 10...
[INFO]:[04:15:17] Warning: Initial value for parameter CPXPARAM_MIP_Cuts_Cliques is forbidden. So unforbidden it for the ILS initial configuration at iteration 3.
[INFO]:[04:15:17] Warning: Initial value for parameter CPXPARAM_MIP_Cuts_Gomory is forbidden. So unforbidden it for the ILS initial configuration at iteration 3.
[INFO]:[04:15:17] Warning: Initial configuration contains a forbidden tuple. So unforbidden it for ILS at iteration 3.
[INFO]:[04:15:17] ILS search space file written: /scratch/yorig/mpils-results-grid-ticks-10000-7may/medium-2/24proc-4pils/seed-2/6_sorrell3_seed-2_20260510_041416/iterated_local_search/search_space/search_space_file_3_worker_10.txt
[INFO]:[04:15:17] Writing ILS search space file for worker 11...
[INFO]:[04:15:17] Warning: Initial value for parameter CPXPARAM_MIP_Cuts_Cliques is forbidden. So unforbidden it for the ILS initial configuration at iteration 3.
[INFO]:[04:15:17] Warning: Initial value for parameter CPXPARAM_MIP_Cuts_Gomory is forbidden. So unforbidden it for the ILS initial configuration at iteration 3.
[INFO]:[04:15:17] Warning: Initial value for parameter CPXPARAM_MIP_Strategy_Probe is forbidden. So unforbidden it for the ILS initial configuration at iteration 3.
[INFO]:[04:15:17] ILS search space file written: /scratch/yorig/mpils-results-grid-ticks-10000-7may/medium-2/24proc-4pils/seed-2/6_sorrell3_seed-2_20260510_041416/iterated_local_search/search_space/search_space_file_3_worker_11.txt
[INFO]:[04:15:17] Writing ILS search space file for worker 12...
[INFO]:[04:15:17] Warning: Initial value for parameter CPXPARAM_Emphasis_MIP is forbidden. So unforbidden it for the ILS initial configuration at iteration 3.
[INFO]:[04:15:17] Warning: Initial configuration contains a forbidden tuple. So unforbidden it for ILS at iteration 3.
[INFO]:[04:15:17] Warning: Initial configuration contains a forbidden tuple. So unforbidden it for ILS at iteration 3.
[INFO]:[04:15:17] Warning: Initial configuration contains a forbidden tuple. So unforbidden it for ILS at iteration 3.
[INFO]:[04:15:17] Warning: Initial configuration contains a forbidden tuple. So unforbidden it for ILS at iteration 3.
[INFO]:[04:15:17] ILS search space file written: /scratch/yorig/mpils-results-grid-ticks-10000-7may/medium-2/24proc-4pils/seed-2/6_sorrell3_seed-2_20260510_041416/iterated_local_search/search_space/search_space_file_3_worker_12.txt
[INFO]:[04:15:17] Writing ILS search space file for worker 13...
[INFO]:[04:15:17] Warning: Initial value for parameter CPXPARAM_MIP_Cuts_Cliques is forbidden. So unforbidden it for the ILS initial configuration at iteration 3.
[INFO]:[04:15:17] Warning: Initial configuration contains a forbidden tuple. So unforbidden it for ILS at iteration 3.
[INFO]:[04:15:17] ILS search space file written: /scratch/yorig/mpils-results-grid-ticks-10000-7may/medium-2/24proc-4pils/seed-2/6_sorrell3_seed-2_20260510_041416/iterated_local_search/search_space/search_space_file_3_worker_13.txt
[INFO]:[04:15:17] Writing ILS search space file for worker 14...
[INFO]:[04:15:17] Warning: Initial value for parameter CPXPARAM_Emphasis_MIP is forbidden. So unforbidden it for the ILS initial configuration at iteration 3.
[INFO]:[04:15:17] Warning: Initial value for parameter CPXPARAM_MIP_Cuts_Cliques is forbidden. So unforbidden it for the ILS initial configuration at iteration 3.
[INFO]:[04:15:17] Warning: Initial configuration contains a forbidden tuple. So unforbidden it for ILS at iteration 3.
[INFO]:[04:15:17] Warning: Initial configuration contains a forbidden tuple. So unforbidden it for ILS at iteration 3.
[INFO]:[04:15:17] Warning: Initial configuration contains a forbidden tuple. So unforbidden it for ILS at iteration 3.
[INFO]:[04:15:17] Warning: Initial configuration contains a forbidden tuple. So unforbidden it for ILS at iteration 3.
[INFO]:[04:15:17] ILS search space file written: /scratch/yorig/mpils-results-grid-ticks-10000-7may/medium-2/24proc-4pils/seed-2/6_sorrell3_seed-2_20260510_041416/iterated_local_search/search_space/search_space_file_3_worker_14.txt
[INFO]:[04:15:17] Writing ILS search space file for worker 15...
[INFO]:[04:15:17] Warning: Initial value for parameter CPXPARAM_MIP_Cuts_Cliques is forbidden. So unforbidden it for the ILS initial configuration at iteration 3.
[INFO]:[04:15:17] Warning: Initial configuration contains a forbidden tuple. So unforbidden it for ILS at iteration 3.
[INFO]:[04:15:17] Warning: Initial configuration contains a forbidden tuple. So unforbidden it for ILS at iteration 3.
[INFO]:[04:15:17] ILS search space file written: /scratch/yorig/mpils-results-grid-ticks-10000-7may/medium-2/24proc-4pils/seed-2/6_sorrell3_seed-2_20260510_041416/iterated_local_search/search_space/search_space_file_3_worker_15.txt
[INFO]:[04:15:17] Writing ILS search space file for worker 16...
[INFO]:[04:15:17] Warning: Initial value for parameter CPXPARAM_MIP_Cuts_Cliques is forbidden. So unforbidden it for the ILS initial configuration at iteration 3.
[INFO]:[04:15:17] Warning: Initial value for parameter CPXPARAM_MIP_Cuts_Gomory is forbidden. So unforbidden it for the ILS initial configuration at iteration 3.
[INFO]:[04:15:17] Warning: Initial configuration contains a forbidden tuple. So unforbidden it for ILS at iteration 3.
[INFO]:[04:15:17] Warning: Initial configuration contains a forbidden tuple. So unforbidden it for ILS at iteration 3.
[INFO]:[04:15:17] ILS search space file written: /scratch/yorig/mpils-results-grid-ticks-10000-7may/medium-2/24proc-4pils/seed-2/6_sorrell3_seed-2_20260510_041416/iterated_local_search/search_space/search_space_file_3_worker_16.txt
[INFO]:[04:15:17] Writing ILS search space file for worker 17...
[INFO]:[04:15:17] Warning: Initial value for parameter CPXPARAM_MIP_Cuts_FlowCovers is forbidden. So unforbidden it for the ILS initial configuration at iteration 3.
[INFO]:[04:15:17] Warning: Initial configuration contains a forbidden tuple. So unforbidden it for ILS at iteration 3.
[INFO]:[04:15:17] ILS search space file written: /scratch/yorig/mpils-results-grid-ticks-10000-7may/medium-2/24proc-4pils/seed-2/6_sorrell3_seed-2_20260510_041416/iterated_local_search/search_space/search_space_file_3_worker_17.txt
[INFO]:[04:15:17] Writing ILS search space file for worker 18...
[INFO]:[04:15:17] Warning: Initial value for parameter CPXPARAM_MIP_Cuts_Cliques is forbidden. So unforbidden it for the ILS initial configuration at iteration 3.
[INFO]:[04:15:17] Warning: Initial value for parameter CPXPARAM_MIP_Strategy_Probe is forbidden. So unforbidden it for the ILS initial configuration at iteration 3.
[INFO]:[04:15:17] ILS search space file written: /scratch/yorig/mpils-results-grid-ticks-10000-7may/medium-2/24proc-4pils/seed-2/6_sorrell3_seed-2_20260510_041416/iterated_local_search/search_space/search_space_file_3_worker_18.txt
[INFO]:[04:15:17] Writing ILS search space file for worker 19...
[INFO]:[04:15:17] Warning: Initial value for parameter CPXPARAM_MIP_Cuts_Cliques is forbidden. So unforbidden it for the ILS initial configuration at iteration 3.
[INFO]:[04:15:17] Warning: Initial value for parameter CPXPARAM_MIP_Cuts_Gomory is forbidden. So unforbidden it for the ILS initial configuration at iteration 3.
[INFO]:[04:15:17] Warning: Initial value for parameter CPXPARAM_MIP_Strategy_Probe is forbidden. So unforbidden it for the ILS initial configuration at iteration 3.
[INFO]:[04:15:17] ILS search space file written: /scratch/yorig/mpils-results-grid-ticks-10000-7may/medium-2/24proc-4pils/seed-2/6_sorrell3_seed-2_20260510_041416/iterated_local_search/search_space/search_space_file_3_worker_19.txt
[INFO]:[04:15:17] Writing ILS search space file for worker 20...
[INFO]:[04:15:17] Warning: Initial value for parameter CPXPARAM_Emphasis_MIP is forbidden. So unforbidden it for the ILS initial configuration at iteration 3.
[INFO]:[04:15:17] Warning: Initial value for parameter CPXPARAM_MIP_Cuts_Cliques is forbidden. So unforbidden it for the ILS initial configuration at iteration 3.
[INFO]:[04:15:17] Warning: Initial value for parameter CPXPARAM_MIP_Cuts_Gomory is forbidden. So unforbidden it for the ILS initial configuration at iteration 3.
[INFO]:[04:15:17] Warning: Initial configuration contains a forbidden tuple. So unforbidden it for ILS at iteration 3.
[INFO]:[04:15:17] Warning: Initial configuration contains a forbidden tuple. So unforbidden it for ILS at iteration 3.
[INFO]:[04:15:17] Warning: Initial configuration contains a forbidden tuple. So unforbidden it for ILS at iteration 3.
[INFO]:[04:15:17] Warning: Initial configuration contains a forbidden tuple. So unforbidden it for ILS at iteration 3.
[INFO]:[04:15:17] ILS search space file written: /scratch/yorig/mpils-results-grid-ticks-10000-7may/medium-2/24proc-4pils/seed-2/6_sorrell3_seed-2_20260510_041416/iterated_local_search/search_space/search_space_file_3_worker_20.txt
[INFO]:[04:15:17] Writing ILS search space file for worker 21...
[INFO]:[04:15:17] Warning: Initial value for parameter CPXPARAM_Emphasis_MIP is forbidden. So unforbidden it for the ILS initial configuration at iteration 3.
[INFO]:[04:15:17] Warning: Initial value for parameter CPXPARAM_MIP_Cuts_Cliques is forbidden. So unforbidden it for the ILS initial configuration at iteration 3.
[INFO]:[04:15:17] Warning: Initial value for parameter CPXPARAM_MIP_Cuts_FlowCovers is forbidden. So unforbidden it for the ILS initial configuration at iteration 3.
[INFO]:[04:15:17] Warning: Initial configuration contains a forbidden tuple. So unforbidden it for ILS at iteration 3.
[INFO]:[04:15:17] Warning: Initial configuration contains a forbidden tuple. So unforbidden it for ILS at iteration 3.
[INFO]:[04:15:17] ILS search space file written: /scratch/yorig/mpils-results-grid-ticks-10000-7may/medium-2/24proc-4pils/seed-2/6_sorrell3_seed-2_20260510_041416/iterated_local_search/search_space/search_space_file_3_worker_21.txt
[INFO]:[04:15:17] Writing ILS search space file for worker 22...
[INFO]:[04:15:17] Warning: Initial value for parameter CPXPARAM_Emphasis_MIP is forbidden. So unforbidden it for the ILS initial configuration at iteration 3.
[INFO]:[04:15:17] Warning: Initial value for parameter CPXPARAM_MIP_Cuts_Cliques is forbidden. So unforbidden it for the ILS initial configuration at iteration 3.
[INFO]:[04:15:17] Warning: Initial configuration contains a forbidden tuple. So unforbidden it for ILS at iteration 3.
[INFO]:[04:15:17] Warning: Initial configuration contains a forbidden tuple. So unforbidden it for ILS at iteration 3.
[INFO]:[04:15:17] Warning: Initial configuration contains a forbidden tuple. So unforbidden it for ILS at iteration 3.
[INFO]:[04:15:17] ILS search space file written: /scratch/yorig/mpils-results-grid-ticks-10000-7may/medium-2/24proc-4pils/seed-2/6_sorrell3_seed-2_20260510_041416/iterated_local_search/search_space/search_space_file_3_worker_22.txt
[INFO]:[04:15:17] Writing ILS search space file for worker 23...
[INFO]:[04:15:17] Warning: Initial value for parameter CPXPARAM_MIP_Cuts_Cliques is forbidden. So unforbidden it for the ILS initial configuration at iteration 3.
[INFO]:[04:15:17] Warning: Initial configuration contains a forbidden tuple. So unforbidden it for ILS at iteration 3.
[INFO]:[04:15:17] Warning: Initial configuration contains a forbidden tuple. So unforbidden it for ILS at iteration 3.
[INFO]:[04:15:17] ILS search space file written: /scratch/yorig/mpils-results-grid-ticks-10000-7may/medium-2/24proc-4pils/seed-2/6_sorrell3_seed-2_20260510_041416/iterated_local_search/search_space/search_space_file_3_worker_23.txt
[INFO]:[04:15:17] Launching Local Search Workers via MPI...
[INFO]:[04:15:17] Local Search Workers launched.
[INFO]:[04:15:17] Starting local search phase...
[INFO]:[04:15:17] Creating local search space from parameter space file: /scratch/yorig/mpils-results-grid-ticks-10000-7may/medium-2/24proc-4pils/seed-2/6_sorrell3_seed-2_20260510_041416/iterated_local_search/search_space/search_space_file_3.txt
[INFO]:[04:15:17] Local search space loaded from file: /scratch/yorig/mpils-results-grid-ticks-10000-7may/medium-2/24proc-4pils/seed-2/6_sorrell3_seed-2_20260510_041416/iterated_local_search/search_space/search_space_file_3.txt
[INFO]:[04:15:17] Number of parameters in local search space: 71
[INFO]:[04:15:17] Number of forbidden tuples in local search space: 50
[INFO]:[04:15:17] Number of conditionals in local search space: 6
[INFO]:[04:15:17] MIP start option not enabled. Local search will proceed without MIP start.
[INFO]:[04:15:17] Seeded initial configuration into local search cache with known objective value: 33.37
[INFO]:[04:15:17] Starting CPLEX solver on instance: /home/yorig/tuner/mpils-tests/instances/miplib/medium-2/sorrell3.mps with config: /scratch/yorig/mpils-results-grid-ticks-10000-7may/medium-2/24proc-4pils/seed-2/6_sorrell3_seed-2_20260510_041416/iterated_local_search/run_3_worker_0/ils_config_793450278422729020.prm
[INFO]:[04:15:17] Starting CPLEX solver on instance: /home/yorig/tuner/mpils-tests/instances/miplib/medium-2/sorrell3.mps with config: /scratch/yorig/mpils-results-grid-ticks-10000-7may/medium-2/24proc-4pils/seed-2/6_sorrell3_seed-2_20260510_041416/iterated_local_search/run_3_worker_0/ils_config_793450278422729020.prm
[INFO]:[04:15:24] CPLEX results. Gap: 33.560000, upper bound: -15.000000, lower bound: -20.033824
[INFO]:[04:15:24] CPLEX solver finished. Gap: 33.560000
[INFO]:[04:15:24] Starting CPLEX solver on instance: /home/yorig/tuner/mpils-tests/instances/miplib/medium-2/sorrell3.mps with config: /scratch/yorig/mpils-results-grid-ticks-10000-7may/medium-2/24proc-4pils/seed-2/6_sorrell3_seed-2_20260510_041416/iterated_local_search/run_3_worker_0/ils_config_8939324108178075431.prm
[INFO]:[04:15:24] Starting CPLEX solver on instance: /home/yorig/tuner/mpils-tests/instances/miplib/medium-2/sorrell3.mps with config: /scratch/yorig/mpils-results-grid-ticks-10000-7may/medium-2/24proc-4pils/seed-2/6_sorrell3_seed-2_20260510_041416/iterated_local_search/run_3_worker_0/ils_config_8939324108178075431.prm
[INFO]:[04:15:30] CPLEX results. Gap: 33.570000, upper bound: -15.000000, lower bound: -20.035138
[INFO]:[04:15:30] CPLEX solver finished. Gap: 33.570000
[INFO]:[04:15:30] Starting CPLEX solver on instance: /home/yorig/tuner/mpils-tests/instances/miplib/medium-2/sorrell3.mps with config: /scratch/yorig/mpils-results-grid-ticks-10000-7may/medium-2/24proc-4pils/seed-2/6_sorrell3_seed-2_20260510_041416/iterated_local_search/run_3_worker_0/ils_config_3112372258055136965.prm
[INFO]:[04:15:30] Starting CPLEX solver on instance: /home/yorig/tuner/mpils-tests/instances/miplib/medium-2/sorrell3.mps with config: /scratch/yorig/mpils-results-grid-ticks-10000-7may/medium-2/24proc-4pils/seed-2/6_sorrell3_seed-2_20260510_041416/iterated_local_search/run_3_worker_0/ils_config_3112372258055136965.prm
[INFO]:[04:15:37] CPLEX results. Gap: 33.570000, upper bound: -15.000000, lower bound: -20.035138
[INFO]:[04:15:37] CPLEX solver finished. Gap: 33.570000
[INFO]:[04:15:37] Starting CPLEX solver on instance: /home/yorig/tuner/mpils-tests/instances/miplib/medium-2/sorrell3.mps with config: /scratch/yorig/mpils-results-grid-ticks-10000-7may/medium-2/24proc-4pils/seed-2/6_sorrell3_seed-2_20260510_041416/iterated_local_search/run_3_worker_0/ils_config_7236448467737835169.prm
[INFO]:[04:15:37] Starting CPLEX solver on instance: /home/yorig/tuner/mpils-tests/instances/miplib/medium-2/sorrell3.mps with config: /scratch/yorig/mpils-results-grid-ticks-10000-7may/medium-2/24proc-4pils/seed-2/6_sorrell3_seed-2_20260510_041416/iterated_local_search/run_3_worker_0/ils_config_7236448467737835169.prm
[INFO]:[04:15:43] CPLEX results. Gap: 33.370000, upper bound: -15.000000, lower bound: -20.005596
[INFO]:[04:15:43] CPLEX solver finished. Gap: 33.370000
[INFO]:[04:15:43] Starting CPLEX solver on instance: /home/yorig/tuner/mpils-tests/instances/miplib/medium-2/sorrell3.mps with config: /scratch/yorig/mpils-results-grid-ticks-10000-7may/medium-2/24proc-4pils/seed-2/6_sorrell3_seed-2_20260510_041416/iterated_local_search/run_3_worker_0/ils_config_5006299183894238419.prm
[INFO]:[04:15:43] Starting CPLEX solver on instance: /home/yorig/tuner/mpils-tests/instances/miplib/medium-2/sorrell3.mps with config: /scratch/yorig/mpils-results-grid-ticks-10000-7may/medium-2/24proc-4pils/seed-2/6_sorrell3_seed-2_20260510_041416/iterated_local_search/run_3_worker_0/ils_config_5006299183894238419.prm
[INFO]:[04:15:49] CPLEX results. Gap: 33.370000, upper bound: -15.000000, lower bound: -20.005596
[INFO]:[04:15:49] CPLEX solver finished. Gap: 33.370000
[INFO]:[04:15:49] Starting CPLEX solver on instance: /home/yorig/tuner/mpils-tests/instances/miplib/medium-2/sorrell3.mps with config: /scratch/yorig/mpils-results-grid-ticks-10000-7may/medium-2/24proc-4pils/seed-2/6_sorrell3_seed-2_20260510_041416/iterated_local_search/run_3_worker_0/ils_config_16579847008488147396.prm
[INFO]:[04:15:49] Starting CPLEX solver on instance: /home/yorig/tuner/mpils-tests/instances/miplib/medium-2/sorrell3.mps with config: /scratch/yorig/mpils-results-grid-ticks-10000-7may/medium-2/24proc-4pils/seed-2/6_sorrell3_seed-2_20260510_041416/iterated_local_search/run_3_worker_0/ils_config_16579847008488147396.prm
[INFO]:[04:15:56] CPLEX results. Gap: 33.370000, upper bound: -15.000000, lower bound: -20.005596
[INFO]:[04:15:56] CPLEX solver finished. Gap: 33.370000
[INFO]:[04:15:56] Starting CPLEX solver on instance: /home/yorig/tuner/mpils-tests/instances/miplib/medium-2/sorrell3.mps with config: /scratch/yorig/mpils-results-grid-ticks-10000-7may/medium-2/24proc-4pils/seed-2/6_sorrell3_seed-2_20260510_041416/iterated_local_search/run_3_worker_0/ils_config_10926055034921966546.prm
[INFO]:[04:15:56] Starting CPLEX solver on instance: /home/yorig/tuner/mpils-tests/instances/miplib/medium-2/sorrell3.mps with config: /scratch/yorig/mpils-results-grid-ticks-10000-7may/medium-2/24proc-4pils/seed-2/6_sorrell3_seed-2_20260510_041416/iterated_local_search/run_3_worker_0/ils_config_10926055034921966546.prm
[INFO]:[04:16:02] CPLEX results. Gap: 33.370000, upper bound: -15.000000, lower bound: -20.005596
[INFO]:[04:16:02] CPLEX solver finished. Gap: 33.370000
[INFO]:[04:16:02] Local search phase completed.
[INFO]:[04:16:02] Total number of new local-search evaluations: 28
[INFO]:[04:16:02] Final incumbent objective value: 33.37
[INFO]:[04:16:02] recordEvaluation produced_mip_start=0 mip_start_file=''
[DEBUG]:[04:16:02] Added evaluation to memory with objective: 33.56, ConfigId: 793450278422729020, EvalId: 189. Total evaluations stored: 189
[INFO]:[04:16:02] recordEvaluation produced_mip_start=0 mip_start_file=''
[DEBUG]:[04:16:02] Added evaluation to memory with objective: 33.37, ConfigId: 1278288556398397965, EvalId: 190. Total evaluations stored: 190
[INFO]:[04:16:02] recordEvaluation produced_mip_start=0 mip_start_file=''
[DEBUG]:[04:16:02] Added evaluation to memory with objective: 33.37, ConfigId: 5757718786072073584, EvalId: 191. Total evaluations stored: 191
[INFO]:[04:16:02] recordEvaluation produced_mip_start=0 mip_start_file=''
[DEBUG]:[04:16:02] Added evaluation to memory with objective: 33.37, ConfigId: 4224704790384270877, EvalId: 192. Total evaluations stored: 192
[INFO]:[04:16:02] recordEvaluation produced_mip_start=0 mip_start_file=''
[DEBUG]:[04:16:02] Added evaluation to memory with objective: 33.57, ConfigId: 8939324108178075431, EvalId: 193. Total evaluations stored: 193
[INFO]:[04:16:02] recordEvaluation produced_mip_start=0 mip_start_file=''
[DEBUG]:[04:16:02] Added evaluation to memory with objective: 33.37, ConfigId: 767254754094978441, EvalId: 194. Total evaluations stored: 194
[INFO]:[04:16:02] recordEvaluation produced_mip_start=0 mip_start_file=''
[DEBUG]:[04:16:02] Added evaluation to memory with objective: 33.37, ConfigId: 14560498925330565640, EvalId: 195. Total evaluations stored: 195
[INFO]:[04:16:02] recordEvaluation produced_mip_start=0 mip_start_file=''
[DEBUG]:[04:16:02] Added evaluation to memory with objective: 33.57, ConfigId: 10693252998133713076, EvalId: 196. Total evaluations stored: 196
[INFO]:[04:16:02] recordEvaluation produced_mip_start=0 mip_start_file=''
[DEBUG]:[04:16:02] Added evaluation to memory with objective: 33.57, ConfigId: 3112372258055136965, EvalId: 197. Total evaluations stored: 197
[INFO]:[04:16:02] recordEvaluation produced_mip_start=0 mip_start_file=''
[DEBUG]:[04:16:02] Added evaluation to memory with objective: 33.37, ConfigId: 272539242269618436, EvalId: 198. Total evaluations stored: 198
[INFO]:[04:16:02] recordEvaluation produced_mip_start=0 mip_start_file=''
[DEBUG]:[04:16:02] Added evaluation to memory with objective: 33.48, ConfigId: 14921508010286178949, EvalId: 199. Total evaluations stored: 199
[INFO]:[04:16:02] recordEvaluation produced_mip_start=0 mip_start_file=''
[DEBUG]:[04:16:02] Added evaluation to memory with objective: 33.37, ConfigId: 12006947474152818308, EvalId: 200. Total evaluations stored: 200
[INFO]:[04:16:02] recordEvaluation produced_mip_start=0 mip_start_file=''
[DEBUG]:[04:16:02] Added evaluation to memory with objective: 33.37, ConfigId: 7236448467737835169, EvalId: 201. Total evaluations stored: 201
[INFO]:[04:16:02] recordEvaluation produced_mip_start=0 mip_start_file=''
[DEBUG]:[04:16:02] Added evaluation to memory with objective: 33.57, ConfigId: 5140416267705662669, EvalId: 202. Total evaluations stored: 202
[INFO]:[04:16:02] recordEvaluation produced_mip_start=0 mip_start_file=''
[DEBUG]:[04:16:02] Added evaluation to memory with objective: 33.37, ConfigId: 2856735509868955916, EvalId: 203. Total evaluations stored: 203
[INFO]:[04:16:02] recordEvaluation produced_mip_start=0 mip_start_file=''
[DEBUG]:[04:16:02] Added evaluation to memory with objective: 33.37, ConfigId: 4412006577479808680, EvalId: 204. Total evaluations stored: 204
[INFO]:[04:16:02] recordEvaluation produced_mip_start=0 mip_start_file=''
[DEBUG]:[04:16:02] Added evaluation to memory with objective: 33.37, ConfigId: 5006299183894238419, EvalId: 205. Total evaluations stored: 205
[INFO]:[04:16:02] recordEvaluation produced_mip_start=0 mip_start_file=''
[DEBUG]:[04:16:02] Added evaluation to memory with objective: 33.37, ConfigId: 6806436011659456668, EvalId: 206. Total evaluations stored: 206
[INFO]:[04:16:02] recordEvaluation produced_mip_start=0 mip_start_file=''
[DEBUG]:[04:16:02] Added evaluation to memory with objective: 33.37, ConfigId: 5522176685013083009, EvalId: 207. Total evaluations stored: 207
[INFO]:[04:16:02] recordEvaluation produced_mip_start=0 mip_start_file=''
[DEBUG]:[04:16:02] Added evaluation to memory with objective: 33.37, ConfigId: 6399949157172823641, EvalId: 208. Total evaluations stored: 208
[INFO]:[04:16:02] recordEvaluation produced_mip_start=0 mip_start_file=''
[DEBUG]:[04:16:02] Added evaluation to memory with objective: 33.37, ConfigId: 16579847008488147396, EvalId: 209. Total evaluations stored: 209
[INFO]:[04:16:02] recordEvaluation produced_mip_start=0 mip_start_file=''
[DEBUG]:[04:16:02] Added evaluation to memory with objective: 33.37, ConfigId: 3895283216737288575, EvalId: 210. Total evaluations stored: 210
[INFO]:[04:16:02] recordEvaluation produced_mip_start=0 mip_start_file=''
[DEBUG]:[04:16:02] Added evaluation to memory with objective: 33.48, ConfigId: 14770251354950928531, EvalId: 211. Total evaluations stored: 211
[INFO]:[04:16:02] recordEvaluation produced_mip_start=0 mip_start_file=''
[DEBUG]:[04:16:02] Added evaluation to memory with objective: 33.37, ConfigId: 11220090396177968345, EvalId: 212. Total evaluations stored: 212
[INFO]:[04:16:02] recordEvaluation produced_mip_start=0 mip_start_file=''
[DEBUG]:[04:16:02] Added evaluation to memory with objective: 33.37, ConfigId: 10926055034921966546, EvalId: 213. Total evaluations stored: 213
[INFO]:[04:16:02] recordEvaluation produced_mip_start=0 mip_start_file=''
[DEBUG]:[04:16:02] Added evaluation to memory with objective: 33.37, ConfigId: 16519253465711850367, EvalId: 214. Total evaluations stored: 214
[INFO]:[04:16:02] recordEvaluation produced_mip_start=0 mip_start_file=''
[DEBUG]:[04:16:02] Added evaluation to memory with objective: 33.57, ConfigId: 11593224796292760191, EvalId: 215. Total evaluations stored: 215
[INFO]:[04:16:02] recordEvaluation produced_mip_start=0 mip_start_file=''
[DEBUG]:[04:16:02] Added evaluation to memory with objective: 33.37, ConfigId: 15743638518301921207, EvalId: 216. Total evaluations stored: 216
[INFO]:[04:16:02] Waiting for Local Search Workers via MPI...
[INFO]:[04:16:04] Local Search Workers have completed.
[INFO]:[04:16:04] recordEvaluation produced_mip_start=0 mip_start_file=''
[DEBUG]:[04:16:04] Added evaluation to memory with objective: 33.66, ConfigId: 4014198568563723429, EvalId: 217. Total evaluations stored: 217
[INFO]:[04:16:04] recordEvaluation produced_mip_start=0 mip_start_file=''
[DEBUG]:[04:16:04] Added evaluation to memory with objective: 42.59, ConfigId: 10609694173915081882, EvalId: 218. Total evaluations stored: 218
[INFO]:[04:16:04] recordEvaluation produced_mip_start=0 mip_start_file=''
[DEBUG]:[04:16:04] Added evaluation to memory with objective: 42.8, ConfigId: 14599900236617171438, EvalId: 219. Total evaluations stored: 219
[INFO]:[04:16:04] recordEvaluation produced_mip_start=0 mip_start_file=''
[DEBUG]:[04:16:04] Added evaluation to memory with objective: 33.13, ConfigId: 17444704696287266557, EvalId: 220. Total evaluations stored: 220
[INFO]:[04:16:04] recordEvaluation produced_mip_start=0 mip_start_file=''
[DEBUG]:[04:16:04] Added evaluation to memory with objective: 33.6, ConfigId: 9239263838530894057, EvalId: 221. Total evaluations stored: 221
[INFO]:[04:16:04] recordEvaluation produced_mip_start=0 mip_start_file=''
[DEBUG]:[04:16:04] Added evaluation to memory with objective: 33.13, ConfigId: 7045391591147074928, EvalId: 222. Total evaluations stored: 222
[INFO]:[04:16:04] recordEvaluation produced_mip_start=0 mip_start_file=''
[DEBUG]:[04:16:04] Added evaluation to memory with objective: 33.13, ConfigId: 15424633571905771903, EvalId: 223. Total evaluations stored: 223
[INFO]:[04:16:04] recordEvaluation produced_mip_start=0 mip_start_file=''
[DEBUG]:[04:16:04] Added evaluation to memory with objective: 33.13, ConfigId: 8770289992916939949, EvalId: 224. Total evaluations stored: 224
[INFO]:[04:16:04] recordEvaluation produced_mip_start=0 mip_start_file=''
[DEBUG]:[04:16:04] Added evaluation to memory with objective: 33.13, ConfigId: 3000095566866020699, EvalId: 225. Total evaluations stored: 225
[INFO]:[04:16:04] recordEvaluation produced_mip_start=0 mip_start_file=''
[DEBUG]:[04:16:04] Added evaluation to memory with objective: 33.13, ConfigId: 13479037463363240098, EvalId: 226. Total evaluations stored: 226
[INFO]:[04:16:04] recordEvaluation produced_mip_start=0 mip_start_file=''
[DEBUG]:[04:16:04] Added evaluation to memory with objective: 33.13, ConfigId: 1412338333648191965, EvalId: 227. Total evaluations stored: 227
[INFO]:[04:16:04] recordEvaluation produced_mip_start=0 mip_start_file=''
[DEBUG]:[04:16:04] Added evaluation to memory with objective: 33.25, ConfigId: 12938618145761286854, EvalId: 228. Total evaluations stored: 228
[INFO]:[04:16:04] recordEvaluation produced_mip_start=0 mip_start_file=''
[DEBUG]:[04:16:04] Added evaluation to memory with objective: 42.71, ConfigId: 15862524702068091922, EvalId: 229. Total evaluations stored: 229
[INFO]:[04:16:04] recordEvaluation produced_mip_start=0 mip_start_file=''
[DEBUG]:[04:16:04] Added evaluation to memory with objective: 33.13, ConfigId: 987876198430515969, EvalId: 230. Total evaluations stored: 230
[INFO]:[04:16:04] recordEvaluation produced_mip_start=0 mip_start_file=''
[DEBUG]:[04:16:04] Added evaluation to memory with objective: 33.13, ConfigId: 1977520936784166821, EvalId: 231. Total evaluations stored: 231
[INFO]:[04:16:04] recordEvaluation produced_mip_start=0 mip_start_file=''
[DEBUG]:[04:16:04] Added evaluation to memory with objective: 33.13, ConfigId: 4069463722170943342, EvalId: 232. Total evaluations stored: 232
[INFO]:[04:16:04] recordEvaluation produced_mip_start=0 mip_start_file=''
[DEBUG]:[04:16:04] Added evaluation to memory with objective: 33.13, ConfigId: 16310651142921736175, EvalId: 233. Total evaluations stored: 233
[INFO]:[04:16:04] recordEvaluation produced_mip_start=0 mip_start_file=''
[DEBUG]:[04:16:04] Added evaluation to memory with objective: 33.13, ConfigId: 9062005555872152952, EvalId: 234. Total evaluations stored: 234
[INFO]:[04:16:04] recordEvaluation produced_mip_start=0 mip_start_file=''
[DEBUG]:[04:16:04] Added evaluation to memory with objective: 33.51, ConfigId: 9737835684847343326, EvalId: 235. Total evaluations stored: 235
[INFO]:[04:16:04] recordEvaluation produced_mip_start=0 mip_start_file=''
[DEBUG]:[04:16:04] Added evaluation to memory with objective: 33.13, ConfigId: 11731036429482581338, EvalId: 236. Total evaluations stored: 236
[INFO]:[04:16:04] recordEvaluation produced_mip_start=0 mip_start_file=''
[DEBUG]:[04:16:04] Added evaluation to memory with objective: 33.13, ConfigId: 11145569082836132591, EvalId: 237. Total evaluations stored: 237
[INFO]:[04:16:04] recordEvaluation produced_mip_start=0 mip_start_file=''
[DEBUG]:[04:16:04] Added evaluation to memory with objective: 33.13, ConfigId: 6423704358168550923, EvalId: 238. Total evaluations stored: 238
[INFO]:[04:16:04] recordEvaluation produced_mip_start=0 mip_start_file=''
[DEBUG]:[04:16:04] Added evaluation to memory with objective: 33.13, ConfigId: 3951297722680753216, EvalId: 239. Total evaluations stored: 239
[INFO]:[04:16:04] recordEvaluation produced_mip_start=0 mip_start_file=''
[DEBUG]:[04:16:04] Added evaluation to memory with objective: 33.13, ConfigId: 6332190987589584532, EvalId: 240. Total evaluations stored: 240
[INFO]:[04:16:04] recordEvaluation produced_mip_start=0 mip_start_file=''
[DEBUG]:[04:16:04] Added evaluation to memory with objective: 33.6, ConfigId: 24812700441547583, EvalId: 241. Total evaluations stored: 241
[INFO]:[04:16:04] recordEvaluation produced_mip_start=0 mip_start_file=''
[DEBUG]:[04:16:04] Added evaluation to memory with objective: 33.22, ConfigId: 8959670488961500097, EvalId: 242. Total evaluations stored: 242
[INFO]:[04:16:04] recordEvaluation produced_mip_start=0 mip_start_file=''
[DEBUG]:[04:16:04] Added evaluation to memory with objective: 33.13, ConfigId: 16374539896274114562, EvalId: 243. Total evaluations stored: 243
[INFO]:[04:16:04] recordEvaluation produced_mip_start=0 mip_start_file=''
[DEBUG]:[04:16:04] Added evaluation to memory with objective: 33.13, ConfigId: 10817444171129128264, EvalId: 244. Total evaluations stored: 244
[INFO]:[04:16:04] recordEvaluation produced_mip_start=0 mip_start_file=''
[DEBUG]:[04:16:04] Added evaluation to memory with objective: 42.73, ConfigId: 16293986182615418123, EvalId: 245. Total evaluations stored: 245
[INFO]:[04:16:04] recordEvaluation produced_mip_start=0 mip_start_file=''
[DEBUG]:[04:16:04] Added evaluation to memory with objective: 42.51, ConfigId: 15393071020218930542, EvalId: 246. Total evaluations stored: 246
[INFO]:[04:16:04] recordEvaluation produced_mip_start=0 mip_start_file=''
[DEBUG]:[04:16:04] Added evaluation to memory with objective: 42.8, ConfigId: 15705051822300134569, EvalId: 247. Total evaluations stored: 247
[INFO]:[04:16:04] recordEvaluation produced_mip_start=0 mip_start_file=''
[DEBUG]:[04:16:04] Added evaluation to memory with objective: 42.57, ConfigId: 14825882280275837230, EvalId: 248. Total evaluations stored: 248
[INFO]:[04:16:04] recordEvaluation produced_mip_start=0 mip_start_file=''
[DEBUG]:[04:16:04] Added evaluation to memory with objective: 42.51, ConfigId: 9898838630432268154, EvalId: 249. Total evaluations stored: 249
[INFO]:[04:16:04] recordEvaluation produced_mip_start=0 mip_start_file=''
[DEBUG]:[04:16:04] Added evaluation to memory with objective: 42.51, ConfigId: 9479435627104556557, EvalId: 250. Total evaluations stored: 250
[INFO]:[04:16:04] recordEvaluation produced_mip_start=0 mip_start_file=''
[DEBUG]:[04:16:04] Added evaluation to memory with objective: 42.51, ConfigId: 7600706342035576086, EvalId: 251. Total evaluations stored: 251
[INFO]:[04:16:04] recordEvaluation produced_mip_start=0 mip_start_file=''
[DEBUG]:[04:16:04] Added evaluation to memory with objective: 42.51, ConfigId: 10084624148386504834, EvalId: 252. Total evaluations stored: 252
[INFO]:[04:16:04] recordEvaluation produced_mip_start=0 mip_start_file=''
[DEBUG]:[04:16:04] Added evaluation to memory with objective: 42.51, ConfigId: 8520681272863675241, EvalId: 253. Total evaluations stored: 253
[INFO]:[04:16:04] recordEvaluation produced_mip_start=0 mip_start_file=''
[DEBUG]:[04:16:04] Added evaluation to memory with objective: 42.51, ConfigId: 11990590480875621464, EvalId: 254. Total evaluations stored: 254
[INFO]:[04:16:04] recordEvaluation produced_mip_start=0 mip_start_file=''
[DEBUG]:[04:16:04] Added evaluation to memory with objective: 42.79, ConfigId: 2828391028142045428, EvalId: 255. Total evaluations stored: 255
[INFO]:[04:16:04] recordEvaluation produced_mip_start=0 mip_start_file=''
[DEBUG]:[04:16:04] Added evaluation to memory with objective: 42.28, ConfigId: 13954783493204917113, EvalId: 256. Total evaluations stored: 256
[INFO]:[04:16:04] recordEvaluation produced_mip_start=0 mip_start_file=''
[DEBUG]:[04:16:04] Added evaluation to memory with objective: 42.51, ConfigId: 15393071020218930542, EvalId: 257. Total evaluations stored: 257
[INFO]:[04:16:04] recordEvaluation produced_mip_start=0 mip_start_file=''
[DEBUG]:[04:16:04] Added evaluation to memory with objective: 42.28, ConfigId: 13748345804573076734, EvalId: 258. Total evaluations stored: 258
[INFO]:[04:16:04] recordEvaluation produced_mip_start=0 mip_start_file=''
[DEBUG]:[04:16:04] Added evaluation to memory with objective: 42.79, ConfigId: 16649970705178759024, EvalId: 259. Total evaluations stored: 259
[INFO]:[04:16:04] recordEvaluation produced_mip_start=0 mip_start_file=''
[DEBUG]:[04:16:04] Added evaluation to memory with objective: 42.28, ConfigId: 15832198313402375655, EvalId: 260. Total evaluations stored: 260
[INFO]:[04:16:04] recordEvaluation produced_mip_start=0 mip_start_file=''
[DEBUG]:[04:16:04] Added evaluation to memory with objective: 42.28, ConfigId: 13989211616840552302, EvalId: 261. Total evaluations stored: 261
[INFO]:[04:16:04] recordEvaluation produced_mip_start=0 mip_start_file=''
[DEBUG]:[04:16:04] Added evaluation to memory with objective: 42.39, ConfigId: 8658093834053160905, EvalId: 262. Total evaluations stored: 262
[INFO]:[04:16:04] recordEvaluation produced_mip_start=0 mip_start_file=''
[DEBUG]:[04:16:04] Added evaluation to memory with objective: 33.7, ConfigId: 5809036118451283720, EvalId: 263. Total evaluations stored: 263
[INFO]:[04:16:04] recordEvaluation produced_mip_start=0 mip_start_file=''
[DEBUG]:[04:16:04] Added evaluation to memory with objective: 42.28, ConfigId: 13684225137925029842, EvalId: 264. Total evaluations stored: 264
[INFO]:[04:16:04] recordEvaluation produced_mip_start=0 mip_start_file=''
[DEBUG]:[04:16:04] Added evaluation to memory with objective: 33.7, ConfigId: 16990138131399801351, EvalId: 265. Total evaluations stored: 265
[INFO]:[04:16:04] recordEvaluation produced_mip_start=0 mip_start_file=''
[DEBUG]:[04:16:04] Added evaluation to memory with objective: 33.7, ConfigId: 2465443807117085630, EvalId: 266. Total evaluations stored: 266
[INFO]:[04:16:04] recordEvaluation produced_mip_start=0 mip_start_file=''
[DEBUG]:[04:16:04] Added evaluation to memory with objective: 33.38, ConfigId: 18140625894300198731, EvalId: 267. Total evaluations stored: 267
[INFO]:[04:16:04] recordEvaluation produced_mip_start=0 mip_start_file=''
[DEBUG]:[04:16:04] Added evaluation to memory with objective: 33.7, ConfigId: 6125222107291752222, EvalId: 268. Total evaluations stored: 268
[INFO]:[04:16:04] recordEvaluation produced_mip_start=0 mip_start_file=''
[DEBUG]:[04:16:04] Added evaluation to memory with objective: 33.7, ConfigId: 5809036118451283720, EvalId: 269. Total evaluations stored: 269
[INFO]:[04:16:04] recordEvaluation produced_mip_start=0 mip_start_file=''
[DEBUG]:[04:16:04] Added evaluation to memory with objective: 33.7, ConfigId: 2542025651345438847, EvalId: 270. Total evaluations stored: 270
[INFO]:[04:16:04] recordEvaluation produced_mip_start=0 mip_start_file=''
[DEBUG]:[04:16:04] Added evaluation to memory with objective: 42.39, ConfigId: 837865030313300051, EvalId: 271. Total evaluations stored: 271
[INFO]:[04:16:04] recordEvaluation produced_mip_start=0 mip_start_file=''
[DEBUG]:[04:16:04] Added evaluation to memory with objective: 42.39, ConfigId: 4726853114748656679, EvalId: 272. Total evaluations stored: 272
[INFO]:[04:16:04] recordEvaluation produced_mip_start=0 mip_start_file=''
[DEBUG]:[04:16:04] Added evaluation to memory with objective: 42.77, ConfigId: 5991303210767466484, EvalId: 273. Total evaluations stored: 273
[INFO]:[04:16:04] recordEvaluation produced_mip_start=0 mip_start_file=''
[DEBUG]:[04:16:04] Added evaluation to memory with objective: 42.69, ConfigId: 11770270149554531430, EvalId: 274. Total evaluations stored: 274
[INFO]:[04:16:04] recordEvaluation produced_mip_start=0 mip_start_file=''
[DEBUG]:[04:16:04] Added evaluation to memory with objective: 42.71, ConfigId: 6944902048376566285, EvalId: 275. Total evaluations stored: 275
[INFO]:[04:16:04] recordEvaluation produced_mip_start=0 mip_start_file=''
[DEBUG]:[04:16:04] Added evaluation to memory with objective: 42.79, ConfigId: 9951297619913369712, EvalId: 276. Total evaluations stored: 276
[INFO]:[04:16:04] recordEvaluation produced_mip_start=0 mip_start_file=''
[DEBUG]:[04:16:04] Added evaluation to memory with objective: 42.69, ConfigId: 1728577165994405276, EvalId: 277. Total evaluations stored: 277
[INFO]:[04:16:04] recordEvaluation produced_mip_start=0 mip_start_file=''
[DEBUG]:[04:16:04] Added evaluation to memory with objective: 42.69, ConfigId: 1576062987747749939, EvalId: 278. Total evaluations stored: 278
[INFO]:[04:16:04] recordEvaluation produced_mip_start=0 mip_start_file=''
[DEBUG]:[04:16:04] Added evaluation to memory with objective: 42.69, ConfigId: 10849106689864373603, EvalId: 279. Total evaluations stored: 279
[INFO]:[04:16:04] recordEvaluation produced_mip_start=0 mip_start_file=''
[DEBUG]:[04:16:04] Added evaluation to memory with objective: 42.69, ConfigId: 13224104047943130755, EvalId: 280. Total evaluations stored: 280
[INFO]:[04:16:04] recordEvaluation produced_mip_start=0 mip_start_file=''
[DEBUG]:[04:16:04] Added evaluation to memory with objective: 42.69, ConfigId: 7892735327579125808, EvalId: 281. Total evaluations stored: 281
[INFO]:[04:16:04] recordEvaluation produced_mip_start=0 mip_start_file=''
[DEBUG]:[04:16:04] Added evaluation to memory with objective: 42.69, ConfigId: 13653540575847931113, EvalId: 282. Total evaluations stored: 282
[INFO]:[04:16:04] recordEvaluation produced_mip_start=0 mip_start_file=''
[DEBUG]:[04:16:04] Added evaluation to memory with objective: 42.69, ConfigId: 6613731613915638139, EvalId: 283. Total evaluations stored: 283
[INFO]:[04:16:04] recordEvaluation produced_mip_start=0 mip_start_file=''
[DEBUG]:[04:16:04] Added evaluation to memory with objective: 42.69, ConfigId: 952072943224087007, EvalId: 284. Total evaluations stored: 284
[INFO]:[04:16:04] recordEvaluation produced_mip_start=0 mip_start_file=''
[DEBUG]:[04:16:04] Added evaluation to memory with objective: 42.69, ConfigId: 18173124266774397215, EvalId: 285. Total evaluations stored: 285
[INFO]:[04:16:04] recordEvaluation produced_mip_start=0 mip_start_file=''
[DEBUG]:[04:16:04] Added evaluation to memory with objective: 42.72, ConfigId: 10495260561732208013, EvalId: 286. Total evaluations stored: 286
[INFO]:[04:16:04] recordEvaluation produced_mip_start=0 mip_start_file=''
[DEBUG]:[04:16:04] Added evaluation to memory with objective: 42.69, ConfigId: 16995276760221889162, EvalId: 287. Total evaluations stored: 287
[INFO]:[04:16:04] recordEvaluation produced_mip_start=0 mip_start_file=''
[DEBUG]:[04:16:04] Added evaluation to memory with objective: 42.69, ConfigId: 2530824677714992159, EvalId: 288. Total evaluations stored: 288
[INFO]:[04:16:04] recordEvaluation produced_mip_start=0 mip_start_file=''
[DEBUG]:[04:16:04] Added evaluation to memory with objective: 42.51, ConfigId: 3071648265037028226, EvalId: 289. Total evaluations stored: 289
[INFO]:[04:16:04] recordEvaluation produced_mip_start=0 mip_start_file=''
[DEBUG]:[04:16:04] Added evaluation to memory with objective: 42.77, ConfigId: 15293015362326716549, EvalId: 290. Total evaluations stored: 290
[INFO]:[04:16:04] recordEvaluation produced_mip_start=0 mip_start_file=''
[DEBUG]:[04:16:04] Added evaluation to memory with objective: 42.69, ConfigId: 12905909236101066284, EvalId: 291. Total evaluations stored: 291
[INFO]:[04:16:04] recordEvaluation produced_mip_start=0 mip_start_file=''
[DEBUG]:[04:16:04] Added evaluation to memory with objective: 42.45, ConfigId: 4817484475594060203, EvalId: 292. Total evaluations stored: 292
[INFO]:[04:16:04] recordEvaluation produced_mip_start=0 mip_start_file=''
[DEBUG]:[04:16:04] Added evaluation to memory with objective: 42.45, ConfigId: 6867011062497682992, EvalId: 293. Total evaluations stored: 293
[INFO]:[04:16:04] recordEvaluation produced_mip_start=0 mip_start_file=''
[DEBUG]:[04:16:04] Added evaluation to memory with objective: 42.45, ConfigId: 10410605218904152702, EvalId: 294. Total evaluations stored: 294
[INFO]:[04:16:04] recordEvaluation produced_mip_start=0 mip_start_file=''
[DEBUG]:[04:16:04] Added evaluation to memory with objective: 42.45, ConfigId: 4917167673394302501, EvalId: 295. Total evaluations stored: 295
[INFO]:[04:16:04] recordEvaluation produced_mip_start=0 mip_start_file=''
[DEBUG]:[04:16:04] Added evaluation to memory with objective: 42.45, ConfigId: 1264629452737685355, EvalId: 296. Total evaluations stored: 296
[INFO]:[04:16:04] recordEvaluation produced_mip_start=0 mip_start_file=''
[DEBUG]:[04:16:04] Added evaluation to memory with objective: 42.45, ConfigId: 1057549448657233887, EvalId: 297. Total evaluations stored: 297
[INFO]:[04:16:04] recordEvaluation produced_mip_start=0 mip_start_file=''
[DEBUG]:[04:16:04] Added evaluation to memory with objective: 42.45, ConfigId: 14239808427428132429, EvalId: 298. Total evaluations stored: 298
[INFO]:[04:16:04] recordEvaluation produced_mip_start=0 mip_start_file=''
[DEBUG]:[04:16:04] Added evaluation to memory with objective: 42.77, ConfigId: 17567717302282444861, EvalId: 299. Total evaluations stored: 299
[INFO]:[04:16:04] recordEvaluation produced_mip_start=0 mip_start_file=''
[DEBUG]:[04:16:04] Added evaluation to memory with objective: 42.51, ConfigId: 12120539057124437713, EvalId: 300. Total evaluations stored: 300
[INFO]:[04:16:04] recordEvaluation produced_mip_start=0 mip_start_file=''
[DEBUG]:[04:16:04] Added evaluation to memory with objective: 33.4, ConfigId: 10499593389314979440, EvalId: 301. Total evaluations stored: 301
[INFO]:[04:16:04] recordEvaluation produced_mip_start=0 mip_start_file=''
[DEBUG]:[04:16:04] Added evaluation to memory with objective: 42.31, ConfigId: 6757797381007376396, EvalId: 302. Total evaluations stored: 302
[INFO]:[04:16:04] recordEvaluation produced_mip_start=0 mip_start_file=''
[DEBUG]:[04:16:04] Added evaluation to memory with objective: 42.49, ConfigId: 13581919096284104186, EvalId: 303. Total evaluations stored: 303
[INFO]:[04:16:04] recordEvaluation produced_mip_start=0 mip_start_file=''
[DEBUG]:[04:16:04] Added evaluation to memory with objective: 42.51, ConfigId: 12753475026354226375, EvalId: 304. Total evaluations stored: 304
[INFO]:[04:16:04] recordEvaluation produced_mip_start=0 mip_start_file=''
[DEBUG]:[04:16:04] Added evaluation to memory with objective: 33.4, ConfigId: 4743540014092649786, EvalId: 305. Total evaluations stored: 305
[INFO]:[04:16:04] recordEvaluation produced_mip_start=0 mip_start_file=''
[DEBUG]:[04:16:04] Added evaluation to memory with objective: 33.4, ConfigId: 16240656389415502767, EvalId: 306. Total evaluations stored: 306
[INFO]:[04:16:04] recordEvaluation produced_mip_start=0 mip_start_file=''
[DEBUG]:[04:16:04] Added evaluation to memory with objective: 33.39, ConfigId: 4426671877642587858, EvalId: 307. Total evaluations stored: 307
[INFO]:[04:16:04] recordEvaluation produced_mip_start=0 mip_start_file=''
[DEBUG]:[04:16:04] Added evaluation to memory with objective: 33.4, ConfigId: 10127586041739369780, EvalId: 308. Total evaluations stored: 308
[INFO]:[04:16:04] recordEvaluation produced_mip_start=0 mip_start_file=''
[DEBUG]:[04:16:04] Added evaluation to memory with objective: 33.39, ConfigId: 12151294521772682000, EvalId: 309. Total evaluations stored: 309
[INFO]:[04:16:04] recordEvaluation produced_mip_start=0 mip_start_file=''
[DEBUG]:[04:16:04] Added evaluation to memory with objective: 33.39, ConfigId: 8813976329479796278, EvalId: 310. Total evaluations stored: 310
[INFO]:[04:16:04] recordEvaluation produced_mip_start=0 mip_start_file=''
[DEBUG]:[04:16:04] Added evaluation to memory with objective: 33.39, ConfigId: 7216648888089908765, EvalId: 311. Total evaluations stored: 311
[INFO]:[04:16:04] recordEvaluation produced_mip_start=0 mip_start_file=''
[DEBUG]:[04:16:04] Added evaluation to memory with objective: 33.39, ConfigId: 16342697963976715008, EvalId: 312. Total evaluations stored: 312
[INFO]:[04:16:04] recordEvaluation produced_mip_start=0 mip_start_file=''
[DEBUG]:[04:16:04] Added evaluation to memory with objective: 33.76, ConfigId: 11807342392739991058, EvalId: 313. Total evaluations stored: 313
[INFO]:[04:16:04] recordEvaluation produced_mip_start=0 mip_start_file=''
[DEBUG]:[04:16:04] Added evaluation to memory with objective: 33.39, ConfigId: 8638332793136368490, EvalId: 314. Total evaluations stored: 314
[INFO]:[04:16:04] recordEvaluation produced_mip_start=0 mip_start_file=''
[DEBUG]:[04:16:04] Added evaluation to memory with objective: 33.39, ConfigId: 13429043924827143054, EvalId: 315. Total evaluations stored: 315
[INFO]:[04:16:04] recordEvaluation produced_mip_start=0 mip_start_file=''
[DEBUG]:[04:16:04] Added evaluation to memory with objective: 33.39, ConfigId: 2725171622110483120, EvalId: 316. Total evaluations stored: 316
[INFO]:[04:16:04] recordEvaluation produced_mip_start=0 mip_start_file=''
[DEBUG]:[04:16:04] Added evaluation to memory with objective: 33.39, ConfigId: 1148228930034254004, EvalId: 317. Total evaluations stored: 317
[INFO]:[04:16:04] recordEvaluation produced_mip_start=0 mip_start_file=''
[DEBUG]:[04:16:04] Added evaluation to memory with objective: 36.05, ConfigId: 3385907676674051941, EvalId: 318. Total evaluations stored: 318
[INFO]:[04:16:04] recordEvaluation produced_mip_start=0 mip_start_file=''
[DEBUG]:[04:16:04] Added evaluation to memory with objective: 33.39, ConfigId: 13952050558527268054, EvalId: 319. Total evaluations stored: 319
[INFO]:[04:16:04] recordEvaluation produced_mip_start=0 mip_start_file=''
[DEBUG]:[04:16:04] Added evaluation to memory with objective: 33.6, ConfigId: 12363581406348185261, EvalId: 320. Total evaluations stored: 320
[INFO]:[04:16:04] recordEvaluation produced_mip_start=0 mip_start_file=''
[DEBUG]:[04:16:04] Added evaluation to memory with objective: 42.59, ConfigId: 7973992685244346724, EvalId: 321. Total evaluations stored: 321
[INFO]:[04:16:04] recordEvaluation produced_mip_start=0 mip_start_file=''
[DEBUG]:[04:16:04] Added evaluation to memory with objective: 33.39, ConfigId: 2608457300262631286, EvalId: 322. Total evaluations stored: 322
[INFO]:[04:16:04] recordEvaluation produced_mip_start=0 mip_start_file=''
[DEBUG]:[04:16:04] Added evaluation to memory with objective: 33.39, ConfigId: 1398170548144857344, EvalId: 323. Total evaluations stored: 323
[INFO]:[04:16:04] recordEvaluation produced_mip_start=0 mip_start_file=''
[DEBUG]:[04:16:04] Added evaluation to memory with objective: 33.39, ConfigId: 8759823313623749119, EvalId: 324. Total evaluations stored: 324
[INFO]:[04:16:04] recordEvaluation produced_mip_start=0 mip_start_file=''
[DEBUG]:[04:16:04] Added evaluation to memory with objective: 33.39, ConfigId: 2379337209956278288, EvalId: 325. Total evaluations stored: 325
[INFO]:[04:16:04] recordEvaluation produced_mip_start=0 mip_start_file=''
[DEBUG]:[04:16:04] Added evaluation to memory with objective: 33.39, ConfigId: 7313454543533167580, EvalId: 326. Total evaluations stored: 326
[INFO]:[04:16:04] recordEvaluation produced_mip_start=0 mip_start_file=''
[DEBUG]:[04:16:04] Added evaluation to memory with objective: 33.39, ConfigId: 11211916524112534442, EvalId: 327. Total evaluations stored: 327
[INFO]:[04:16:04] recordEvaluation produced_mip_start=0 mip_start_file=''
[DEBUG]:[04:16:04] Added evaluation to memory with objective: 33.39, ConfigId: 10022303093987016921, EvalId: 328. Total evaluations stored: 328
[INFO]:[04:16:04] recordEvaluation produced_mip_start=0 mip_start_file=''
[DEBUG]:[04:16:04] Added evaluation to memory with objective: 33.57, ConfigId: 17384052362776356226, EvalId: 329. Total evaluations stored: 329
[INFO]:[04:16:04] recordEvaluation produced_mip_start=0 mip_start_file=''
[DEBUG]:[04:16:04] Added evaluation to memory with objective: 42.79, ConfigId: 5839694845147304531, EvalId: 330. Total evaluations stored: 330
[INFO]:[04:16:04] recordEvaluation produced_mip_start=0 mip_start_file=''
[DEBUG]:[04:16:04] Added evaluation to memory with objective: 33.18, ConfigId: 12739523052288502052, EvalId: 331. Total evaluations stored: 331
[INFO]:[04:16:04] recordEvaluation produced_mip_start=0 mip_start_file=''
[DEBUG]:[04:16:04] Added evaluation to memory with objective: 42.68, ConfigId: 6112179867533087471, EvalId: 332. Total evaluations stored: 332
[INFO]:[04:16:04] recordEvaluation produced_mip_start=0 mip_start_file=''
[DEBUG]:[04:16:04] Added evaluation to memory with objective: 33.18, ConfigId: 17316425400011415809, EvalId: 333. Total evaluations stored: 333
[INFO]:[04:16:04] recordEvaluation produced_mip_start=0 mip_start_file=''
[DEBUG]:[04:16:04] Added evaluation to memory with objective: 33.26, ConfigId: 2482164957651152046, EvalId: 334. Total evaluations stored: 334
[INFO]:[04:16:04] recordEvaluation produced_mip_start=0 mip_start_file=''
[DEBUG]:[04:16:04] Added evaluation to memory with objective: 33.18, ConfigId: 11998449384100060066, EvalId: 335. Total evaluations stored: 335
[INFO]:[04:16:04] recordEvaluation produced_mip_start=0 mip_start_file=''
[DEBUG]:[04:16:04] Added evaluation to memory with objective: 33.18, ConfigId: 10732610309445056377, EvalId: 336. Total evaluations stored: 336
[INFO]:[04:16:04] recordEvaluation produced_mip_start=0 mip_start_file=''
[DEBUG]:[04:16:04] Added evaluation to memory with objective: 33.18, ConfigId: 573000020288105239, EvalId: 337. Total evaluations stored: 337
[INFO]:[04:16:04] recordEvaluation produced_mip_start=0 mip_start_file=''
[DEBUG]:[04:16:04] Added evaluation to memory with objective: 33.03, ConfigId: 13332066274014669570, EvalId: 338. Total evaluations stored: 338
[INFO]:[04:16:04] recordEvaluation produced_mip_start=0 mip_start_file=''
[DEBUG]:[04:16:04] Added evaluation to memory with objective: 33.03, ConfigId: 6132463884494755025, EvalId: 339. Total evaluations stored: 339
[INFO]:[04:16:04] recordEvaluation produced_mip_start=0 mip_start_file=''
[DEBUG]:[04:16:04] Added evaluation to memory with objective: 42.64, ConfigId: 4318085458692232815, EvalId: 340. Total evaluations stored: 340
[INFO]:[04:16:04] recordEvaluation produced_mip_start=0 mip_start_file=''
[DEBUG]:[04:16:04] Added evaluation to memory with objective: 33.03, ConfigId: 6132463884494755025, EvalId: 341. Total evaluations stored: 341
[INFO]:[04:16:04] recordEvaluation produced_mip_start=0 mip_start_file=''
[DEBUG]:[04:16:04] Added evaluation to memory with objective: 33.03, ConfigId: 11524652797785427046, EvalId: 342. Total evaluations stored: 342
[INFO]:[04:16:04] recordEvaluation produced_mip_start=0 mip_start_file=''
[DEBUG]:[04:16:04] Added evaluation to memory with objective: 33.03, ConfigId: 9629944615043538473, EvalId: 343. Total evaluations stored: 343
[INFO]:[04:16:04] recordEvaluation produced_mip_start=0 mip_start_file=''
[DEBUG]:[04:16:04] Added evaluation to memory with objective: 33.03, ConfigId: 15682136140873698593, EvalId: 344. Total evaluations stored: 344
[INFO]:[04:16:04] recordEvaluation produced_mip_start=0 mip_start_file=''
[DEBUG]:[04:16:04] Added evaluation to memory with objective: 33.03, ConfigId: 86456783139319085, EvalId: 345. Total evaluations stored: 345
[INFO]:[04:16:04] recordEvaluation produced_mip_start=0 mip_start_file=''
[DEBUG]:[04:16:04] Added evaluation to memory with objective: 33.03, ConfigId: 6255000208168192515, EvalId: 346. Total evaluations stored: 346
[INFO]:[04:16:04] recordEvaluation produced_mip_start=0 mip_start_file=''
[DEBUG]:[04:16:04] Added evaluation to memory with objective: 33.03, ConfigId: 7305988090370626013, EvalId: 347. Total evaluations stored: 347
[INFO]:[04:16:04] recordEvaluation produced_mip_start=0 mip_start_file=''
[DEBUG]:[04:16:04] Added evaluation to memory with objective: 33.18, ConfigId: 12739523052288502052, EvalId: 348. Total evaluations stored: 348
[INFO]:[04:16:04] recordEvaluation produced_mip_start=0 mip_start_file=''
[DEBUG]:[04:16:04] Added evaluation to memory with objective: 33.13, ConfigId: 14988850262874344497, EvalId: 349. Total evaluations stored: 349
[INFO]:[04:16:04] recordEvaluation produced_mip_start=0 mip_start_file=''
[DEBUG]:[04:16:04] Added evaluation to memory with objective: 33.03, ConfigId: 6378361567654950679, EvalId: 350. Total evaluations stored: 350
[INFO]:[04:16:04] recordEvaluation produced_mip_start=0 mip_start_file=''
[DEBUG]:[04:16:04] Added evaluation to memory with objective: 33.57, ConfigId: 4722523905928107070, EvalId: 351. Total evaluations stored: 351
[INFO]:[04:16:04] recordEvaluation produced_mip_start=0 mip_start_file=''
[DEBUG]:[04:16:04] Added evaluation to memory with objective: 33.03, ConfigId: 1531846980120716756, EvalId: 352. Total evaluations stored: 352
[INFO]:[04:16:04] recordEvaluation produced_mip_start=0 mip_start_file=''
[DEBUG]:[04:16:04] Added evaluation to memory with objective: 33.03, ConfigId: 6360333985688585881, EvalId: 353. Total evaluations stored: 353
[INFO]:[04:16:04] recordEvaluation produced_mip_start=0 mip_start_file=''
[DEBUG]:[04:16:04] Added evaluation to memory with objective: 33.03, ConfigId: 16945565880870613404, EvalId: 354. Total evaluations stored: 354
[INFO]:[04:16:04] recordEvaluation produced_mip_start=0 mip_start_file=''
[DEBUG]:[04:16:04] Added evaluation to memory with objective: 33.57, ConfigId: 1034309433327947196, EvalId: 355. Total evaluations stored: 355
[INFO]:[04:16:04] recordEvaluation produced_mip_start=0 mip_start_file=''
[DEBUG]:[04:16:04] Added evaluation to memory with objective: 33.03, ConfigId: 15781174819868250467, EvalId: 356. Total evaluations stored: 356
[INFO]:[04:16:04] IteratedLocalSearch Engine completed.
[INFO]:[04:16:04] Added168 evaluations to memory from exploration phase at iteration 3
[INFO]:[04:16:04] Exploration phase completed.
[INFO]:[04:16:04] Starting expansion phase...
[INFO]:[04:16:04] Selecting parameters for expansion phase...
[INFO]:[04:16:04] Selected expansion parameters: 10
[INFO]:[04:16:04] Creating configuration files for expansion parameters...
[INFO]:[04:16:04] Creating configurations for parameter: CPXPARAM_MIP_Strategy_RINSHeur
[DEBUG]:[04:16:04] Parameter CPXPARAM_MIP_Strategy_RINSHeur will be evaluated on 8 alternative value(s) after excluding the current base configuration value.
[DEBUG]:[04:16:04] Created configuration file for parameter CPXPARAM_MIP_Strategy_RINSHeur with value -1 at /scratch/yorig/mpils-results-grid-ticks-10000-7may/medium-2/24proc-4pils/seed-2/6_sorrell3_seed-2_20260510_041416/expansion/config_param_CPXPARAM_MIP_Strategy_RINSHeur_-1_iter_3.prm
[DEBUG]:[04:16:04] Created configuration file for parameter CPXPARAM_MIP_Strategy_RINSHeur with value 20 at /scratch/yorig/mpils-results-grid-ticks-10000-7may/medium-2/24proc-4pils/seed-2/6_sorrell3_seed-2_20260510_041416/expansion/config_param_CPXPARAM_MIP_Strategy_RINSHeur_20_iter_3.prm
[DEBUG]:[04:16:04] Created configuration file for parameter CPXPARAM_MIP_Strategy_RINSHeur with value 40 at /scratch/yorig/mpils-results-grid-ticks-10000-7may/medium-2/24proc-4pils/seed-2/6_sorrell3_seed-2_20260510_041416/expansion/config_param_CPXPARAM_MIP_Strategy_RINSHeur_40_iter_3.prm
[DEBUG]:[04:16:04] Created configuration file for parameter CPXPARAM_MIP_Strategy_RINSHeur with value 60 at /scratch/yorig/mpils-results-grid-ticks-10000-7may/medium-2/24proc-4pils/seed-2/6_sorrell3_seed-2_20260510_041416/expansion/config_param_CPXPARAM_MIP_Strategy_RINSHeur_60_iter_3.prm
[DEBUG]:[04:16:04] Created configuration file for parameter CPXPARAM_MIP_Strategy_RINSHeur with value 100 at /scratch/yorig/mpils-results-grid-ticks-10000-7may/medium-2/24proc-4pils/seed-2/6_sorrell3_seed-2_20260510_041416/expansion/config_param_CPXPARAM_MIP_Strategy_RINSHeur_100_iter_3.prm
[DEBUG]:[04:16:04] Created configuration file for parameter CPXPARAM_MIP_Strategy_RINSHeur with value 200 at /scratch/yorig/mpils-results-grid-ticks-10000-7may/medium-2/24proc-4pils/seed-2/6_sorrell3_seed-2_20260510_041416/expansion/config_param_CPXPARAM_MIP_Strategy_RINSHeur_200_iter_3.prm
[DEBUG]:[04:16:04] Created configuration file for parameter CPXPARAM_MIP_Strategy_RINSHeur with value 500 at /scratch/yorig/mpils-results-grid-ticks-10000-7may/medium-2/24proc-4pils/seed-2/6_sorrell3_seed-2_20260510_041416/expansion/config_param_CPXPARAM_MIP_Strategy_RINSHeur_500_iter_3.prm
[DEBUG]:[04:16:04] Created configuration file for parameter CPXPARAM_MIP_Strategy_RINSHeur with value 1000 at /scratch/yorig/mpils-results-grid-ticks-10000-7may/medium-2/24proc-4pils/seed-2/6_sorrell3_seed-2_20260510_041416/expansion/config_param_CPXPARAM_MIP_Strategy_RINSHeur_1000_iter_3.prm
[INFO]:[04:16:04] Creating configurations for parameter: CPXPARAM_MIP_Strategy_BBInterval
[DEBUG]:[04:16:04] Parameter CPXPARAM_MIP_Strategy_BBInterval will be evaluated on 8 alternative value(s) after excluding the current base configuration value.
[DEBUG]:[04:16:04] Created configuration file for parameter CPXPARAM_MIP_Strategy_BBInterval with value 0 at /scratch/yorig/mpils-results-grid-ticks-10000-7may/medium-2/24proc-4pils/seed-2/6_sorrell3_seed-2_20260510_041416/expansion/config_param_CPXPARAM_MIP_Strategy_BBInterval_0_iter_3.prm
[DEBUG]:[04:16:04] Created configuration file for parameter CPXPARAM_MIP_Strategy_BBInterval with value 2 at /scratch/yorig/mpils-results-grid-ticks-10000-7may/medium-2/24proc-4pils/seed-2/6_sorrell3_seed-2_20260510_041416/expansion/config_param_CPXPARAM_MIP_Strategy_BBInterval_2_iter_3.prm
[DEBUG]:[04:16:04] Created configuration file for parameter CPXPARAM_MIP_Strategy_BBInterval with value 3 at /scratch/yorig/mpils-results-grid-ticks-10000-7may/medium-2/24proc-4pils/seed-2/6_sorrell3_seed-2_20260510_041416/expansion/config_param_CPXPARAM_MIP_Strategy_BBInterval_3_iter_3.prm
[DEBUG]:[04:16:04] Created configuration file for parameter CPXPARAM_MIP_Strategy_BBInterval with value 4 at /scratch/yorig/mpils-results-grid-ticks-10000-7may/medium-2/24proc-4pils/seed-2/6_sorrell3_seed-2_20260510_041416/expansion/config_param_CPXPARAM_MIP_Strategy_BBInterval_4_iter_3.prm
[DEBUG]:[04:16:04] Created configuration file for parameter CPXPARAM_MIP_Strategy_BBInterval with value 5 at /scratch/yorig/mpils-results-grid-ticks-10000-7may/medium-2/24proc-4pils/seed-2/6_sorrell3_seed-2_20260510_041416/expansion/config_param_CPXPARAM_MIP_Strategy_BBInterval_5_iter_3.prm
[DEBUG]:[04:16:04] Created configuration file for parameter CPXPARAM_MIP_Strategy_BBInterval with value 10 at /scratch/yorig/mpils-results-grid-ticks-10000-7may/medium-2/24proc-4pils/seed-2/6_sorrell3_seed-2_20260510_041416/expansion/config_param_CPXPARAM_MIP_Strategy_BBInterval_10_iter_3.prm
[DEBUG]:[04:16:04] Created configuration file for parameter CPXPARAM_MIP_Strategy_BBInterval with value 15 at /scratch/yorig/mpils-results-grid-ticks-10000-7may/medium-2/24proc-4pils/seed-2/6_sorrell3_seed-2_20260510_041416/expansion/config_param_CPXPARAM_MIP_Strategy_BBInterval_15_iter_3.prm
[DEBUG]:[04:16:04] Created configuration file for parameter CPXPARAM_MIP_Strategy_BBInterval with value 30 at /scratch/yorig/mpils-results-grid-ticks-10000-7may/medium-2/24proc-4pils/seed-2/6_sorrell3_seed-2_20260510_041416/expansion/config_param_CPXPARAM_MIP_Strategy_BBInterval_30_iter_3.prm
[INFO]:[04:16:04] Creating configurations for parameter: CPXPARAM_MIP_Strategy_Branch
[DEBUG]:[04:16:04] Parameter CPXPARAM_MIP_Strategy_Branch will be evaluated on 2 alternative value(s) after excluding the current base configuration value.
[DEBUG]:[04:16:04] Created configuration file for parameter CPXPARAM_MIP_Strategy_Branch with value -1 at /scratch/yorig/mpils-results-grid-ticks-10000-7may/medium-2/24proc-4pils/seed-2/6_sorrell3_seed-2_20260510_041416/expansion/config_param_CPXPARAM_MIP_Strategy_Branch_-1_iter_3.prm
[DEBUG]:[04:16:04] Created configuration file for parameter CPXPARAM_MIP_Strategy_Branch with value 1 at /scratch/yorig/mpils-results-grid-ticks-10000-7may/medium-2/24proc-4pils/seed-2/6_sorrell3_seed-2_20260510_041416/expansion/config_param_CPXPARAM_MIP_Strategy_Branch_1_iter_3.prm
[INFO]:[04:16:04] Creating configurations for parameter: CPXPARAM_MIP_Limits_CutsFactor
[DEBUG]:[04:16:04] Parameter CPXPARAM_MIP_Limits_CutsFactor will be evaluated on 5 alternative value(s) after excluding the current base configuration value.
[DEBUG]:[04:16:04] Created configuration file for parameter CPXPARAM_MIP_Limits_CutsFactor with value 1 at /scratch/yorig/mpils-results-grid-ticks-10000-7may/medium-2/24proc-4pils/seed-2/6_sorrell3_seed-2_20260510_041416/expansion/config_param_CPXPARAM_MIP_Limits_CutsFactor_1_iter_3.prm
[DEBUG]:[04:16:04] Created configuration file for parameter CPXPARAM_MIP_Limits_CutsFactor with value 2 at /scratch/yorig/mpils-results-grid-ticks-10000-7may/medium-2/24proc-4pils/seed-2/6_sorrell3_seed-2_20260510_041416/expansion/config_param_CPXPARAM_MIP_Limits_CutsFactor_2_iter_3.prm
[DEBUG]:[04:16:04] Created configuration file for parameter CPXPARAM_MIP_Limits_CutsFactor with value 4 at /scratch/yorig/mpils-results-grid-ticks-10000-7may/medium-2/24proc-4pils/seed-2/6_sorrell3_seed-2_20260510_041416/expansion/config_param_CPXPARAM_MIP_Limits_CutsFactor_4_iter_3.prm
[DEBUG]:[04:16:04] Created configuration file for parameter CPXPARAM_MIP_Limits_CutsFactor with value 8 at /scratch/yorig/mpils-results-grid-ticks-10000-7may/medium-2/24proc-4pils/seed-2/6_sorrell3_seed-2_20260510_041416/expansion/config_param_CPXPARAM_MIP_Limits_CutsFactor_8_iter_3.prm
[DEBUG]:[04:16:04] Created configuration file for parameter CPXPARAM_MIP_Limits_CutsFactor with value 16 at /scratch/yorig/mpils-results-grid-ticks-10000-7may/medium-2/24proc-4pils/seed-2/6_sorrell3_seed-2_20260510_041416/expansion/config_param_CPXPARAM_MIP_Limits_CutsFactor_16_iter_3.prm
[INFO]:[04:16:04] Creating configurations for parameter: CPXPARAM_MIP_Strategy_PresolveNode
[DEBUG]:[04:16:04] Parameter CPXPARAM_MIP_Strategy_PresolveNode will be evaluated on 4 alternative value(s) after excluding the current base configuration value.
[DEBUG]:[04:16:04] Created configuration file for parameter CPXPARAM_MIP_Strategy_PresolveNode with value -1 at /scratch/yorig/mpils-results-grid-ticks-10000-7may/medium-2/24proc-4pils/seed-2/6_sorrell3_seed-2_20260510_041416/expansion/config_param_CPXPARAM_MIP_Strategy_PresolveNode_-1_iter_3.prm
[DEBUG]:[04:16:04] Created configuration file for parameter CPXPARAM_MIP_Strategy_PresolveNode with value 1 at /scratch/yorig/mpils-results-grid-ticks-10000-7may/medium-2/24proc-4pils/seed-2/6_sorrell3_seed-2_20260510_041416/expansion/config_param_CPXPARAM_MIP_Strategy_PresolveNode_1_iter_3.prm
[DEBUG]:[04:16:04] Created configuration file for parameter CPXPARAM_MIP_Strategy_PresolveNode with value 2 at /scratch/yorig/mpils-results-grid-ticks-10000-7may/medium-2/24proc-4pils/seed-2/6_sorrell3_seed-2_20260510_041416/expansion/config_param_CPXPARAM_MIP_Strategy_PresolveNode_2_iter_3.prm
[DEBUG]:[04:16:04] Created configuration file for parameter CPXPARAM_MIP_Strategy_PresolveNode with value 3 at /scratch/yorig/mpils-results-grid-ticks-10000-7may/medium-2/24proc-4pils/seed-2/6_sorrell3_seed-2_20260510_041416/expansion/config_param_CPXPARAM_MIP_Strategy_PresolveNode_3_iter_3.prm
[INFO]:[04:16:04] Creating configurations for parameter: CPXPARAM_MIP_Strategy_Order
[DEBUG]:[04:16:04] Parameter CPXPARAM_MIP_Strategy_Order will be evaluated on 1 alternative value(s) after excluding the current base configuration value.
[DEBUG]:[04:16:04] Created configuration file for parameter CPXPARAM_MIP_Strategy_Order with value 0 at /scratch/yorig/mpils-results-grid-ticks-10000-7may/medium-2/24proc-4pils/seed-2/6_sorrell3_seed-2_20260510_041416/expansion/config_param_CPXPARAM_MIP_Strategy_Order_0_iter_3.prm
[INFO]:[04:16:04] Creating configurations for parameter: CPXPARAM_Preprocessing_Presolve
[DEBUG]:[04:16:04] Parameter CPXPARAM_Preprocessing_Presolve will be evaluated on 1 alternative value(s) after excluding the current base configuration value.
[DEBUG]:[04:16:04] Created configuration file for parameter CPXPARAM_Preprocessing_Presolve with value 0 at /scratch/yorig/mpils-results-grid-ticks-10000-7may/medium-2/24proc-4pils/seed-2/6_sorrell3_seed-2_20260510_041416/expansion/config_param_CPXPARAM_Preprocessing_Presolve_0_iter_3.prm
[INFO]:[04:16:04] Creating configurations for parameter: CPXPARAM_Preprocessing_Symmetry
[DEBUG]:[04:16:04] Parameter CPXPARAM_Preprocessing_Symmetry will be evaluated on 6 alternative value(s) after excluding the current base configuration value.
[DEBUG]:[04:16:04] Created configuration file for parameter CPXPARAM_Preprocessing_Symmetry with value 0 at /scratch/yorig/mpils-results-grid-ticks-10000-7may/medium-2/24proc-4pils/seed-2/6_sorrell3_seed-2_20260510_041416/expansion/config_param_CPXPARAM_Preprocessing_Symmetry_0_iter_3.prm
[DEBUG]:[04:16:04] Created configuration file for parameter CPXPARAM_Preprocessing_Symmetry with value 1 at /scratch/yorig/mpils-results-grid-ticks-10000-7may/medium-2/24proc-4pils/seed-2/6_sorrell3_seed-2_20260510_041416/expansion/config_param_CPXPARAM_Preprocessing_Symmetry_1_iter_3.prm
[DEBUG]:[04:16:04] Created configuration file for parameter CPXPARAM_Preprocessing_Symmetry with value 2 at /scratch/yorig/mpils-results-grid-ticks-10000-7may/medium-2/24proc-4pils/seed-2/6_sorrell3_seed-2_20260510_041416/expansion/config_param_CPXPARAM_Preprocessing_Symmetry_2_iter_3.prm
[DEBUG]:[04:16:04] Created configuration file for parameter CPXPARAM_Preprocessing_Symmetry with value 3 at /scratch/yorig/mpils-results-grid-ticks-10000-7may/medium-2/24proc-4pils/seed-2/6_sorrell3_seed-2_20260510_041416/expansion/config_param_CPXPARAM_Preprocessing_Symmetry_3_iter_3.prm
[DEBUG]:[04:16:04] Created configuration file for parameter CPXPARAM_Preprocessing_Symmetry with value 4 at /scratch/yorig/mpils-results-grid-ticks-10000-7may/medium-2/24proc-4pils/seed-2/6_sorrell3_seed-2_20260510_041416/expansion/config_param_CPXPARAM_Preprocessing_Symmetry_4_iter_3.prm
[DEBUG]:[04:16:04] Created configuration file for parameter CPXPARAM_Preprocessing_Symmetry with value 5 at /scratch/yorig/mpils-results-grid-ticks-10000-7may/medium-2/24proc-4pils/seed-2/6_sorrell3_seed-2_20260510_041416/expansion/config_param_CPXPARAM_Preprocessing_Symmetry_5_iter_3.prm
[INFO]:[04:16:04] Creating configurations for parameter: CPXPARAM_Preprocessing_Dual
[DEBUG]:[04:16:04] Parameter CPXPARAM_Preprocessing_Dual will be evaluated on 2 alternative value(s) after excluding the current base configuration value.
[DEBUG]:[04:16:04] Created configuration file for parameter CPXPARAM_Preprocessing_Dual with value -1 at /scratch/yorig/mpils-results-grid-ticks-10000-7may/medium-2/24proc-4pils/seed-2/6_sorrell3_seed-2_20260510_041416/expansion/config_param_CPXPARAM_Preprocessing_Dual_-1_iter_3.prm
[DEBUG]:[04:16:04] Created configuration file for parameter CPXPARAM_Preprocessing_Dual with value 1 at /scratch/yorig/mpils-results-grid-ticks-10000-7may/medium-2/24proc-4pils/seed-2/6_sorrell3_seed-2_20260510_041416/expansion/config_param_CPXPARAM_Preprocessing_Dual_1_iter_3.prm
[INFO]:[04:16:04] Creating configurations for parameter: CPXPARAM_MIP_Strategy_LBHeur
[DEBUG]:[04:16:04] Parameter CPXPARAM_MIP_Strategy_LBHeur will be evaluated on 1 alternative value(s) after excluding the current base configuration value.
[DEBUG]:[04:16:04] Created configuration file for parameter CPXPARAM_MIP_Strategy_LBHeur with value 1 at /scratch/yorig/mpils-results-grid-ticks-10000-7may/medium-2/24proc-4pils/seed-2/6_sorrell3_seed-2_20260510_041416/expansion/config_param_CPXPARAM_MIP_Strategy_LBHeur_1_iter_3.prm
[INFO]:[04:16:04] Created 38 configuration files for expansion phase at iteration 3.
[INFO]:[04:16:04] Skipped 0 expansion parameter(s) with no alternative value to evaluate.
[INFO]:[04:16:04] Launching Expansion Workers via MPI...
[INFO]:[04:16:04] Expansion Workers launched.
[INFO]:[04:16:04] Evaluating expansion parameters...
[INFO]:[04:16:04] Starting CPLEX solver on instance: /home/yorig/tuner/mpils-tests/instances/miplib/medium-2/sorrell3.mps with config: /scratch/yorig/mpils-results-grid-ticks-10000-7may/medium-2/24proc-4pils/seed-2/6_sorrell3_seed-2_20260510_041416/expansion/config_param_CPXPARAM_MIP_Strategy_RINSHeur_-1_iter_3.prm
[INFO]:[04:16:10] CPLEX results. Gap: 32.920000, upper bound: -15.000000, lower bound: -19.937416
[INFO]:[04:16:10] CPLEX solver finished. Gap: 32.920000
[INFO]:[04:16:10] Expansion early stop improvement found on master by parameter CPXPARAM_MIP_Strategy_RINSHeur with objective value 32.92.
[INFO]:[04:16:10] Expansion early stop activated in MPI after 1 master-side evaluation(s). Remaining not-yet-evaluated parameters stay residual.
[INFO]:[04:16:10] Strict sequential expansion early stop ignored 23 already-computed result(s) after first improving config id 0.
[INFO]:[04:16:10] recordEvaluation produced_mip_start=0 mip_start_file=''
[INFO]:[04:16:10] ***************
[INFO]:[04:16:10] New best evaluation without MIP start found at time 112s, with objective 32.92 and configuration ID 4165147063928750339
[INFO]:[04:16:10] With config: 4165147063928750339 -> 
Configuration: CPXPARAM_Advance=1 CPXPARAM_Barrier_Algorithm=0 CPXPARAM_Barrier_ColNonzeros=0 CPXPARAM_Barrier_Crossover=0 CPXPARAM_Barrier_Limits_Corrections=-1 CPXPARAM_Barrier_Ordering=0 CPXPARAM_Barrier_StartAlg=1 CPXPARAM_Emphasis_MIP=0 CPXPARAM_Emphasis_Memory=0 CPXPARAM_Emphasis_Numerical=0 CPXPARAM_Feasopt_Mode=0 CPXPARAM_LPMethod=0 CPXPARAM_MIP_Cuts_Cliques=0 CPXPARAM_MIP_Cuts_Covers=0 CPXPARAM_MIP_Cuts_Disjunctive=0 CPXPARAM_MIP_Cuts_FlowCovers=0 CPXPARAM_MIP_Cuts_GUBCovers=0 CPXPARAM_MIP_Cuts_Gomory=0 CPXPARAM_MIP_Cuts_Implied=0 CPXPARAM_MIP_Cuts_MIRCut=0 CPXPARAM_MIP_Cuts_PathCut=0 CPXPARAM_MIP_Limits_AggForCut=3 CPXPARAM_MIP_Limits_CutPasses=0 CPXPARAM_MIP_Limits_CutsFactor=-1 CPXPARAM_MIP_Limits_GomoryCand=100 CPXPARAM_MIP_Limits_GomoryPass=0 CPXPARAM_MIP_Limits_Nodes=9223372036800000000 CPXPARAM_MIP_Limits_ProbeTime=1 CPXPARAM_MIP_Limits_RepairTries=0 CPXPARAM_MIP_Limits_StrongCand=10 CPXPARAM_MIP_Limits_StrongIt=0 CPXPARAM_MIP_OrderType=0 CPXPARAM_MIP_Strategy_BBInterval=7 CPXPARAM_MIP_Strategy_Branch=0 CPXPARAM_MIP_Strategy_Dive=0 CPXPARAM_MIP_Strategy_File=1 CPXPARAM_MIP_Strategy_HeuristicFreq=0 CPXPARAM_MIP_Strategy_LBHeur=0 CPXPARAM_MIP_Strategy_NodeSelect=1 CPXPARAM_MIP_Strategy_Order=1 CPXPARAM_MIP_Strategy_PresolveNode=0 CPXPARAM_MIP_Strategy_Probe=2 CPXPARAM_MIP_Strategy_RINSHeur=-1 CPXPARAM_MIP_Strategy_StartAlgorithm=0 CPXPARAM_MIP_Strategy_SubAlgorithm=0 CPXPARAM_MIP_Strategy_VariableSelect=0 CPXPARAM_Network_NetFind=2 CPXPARAM_Network_Pricing=0 CPXPARAM_Parallel=1 CPXPARAM_Preprocessing_Aggregator=-1 CPXPARAM_Preprocessing_BoundStrength=-1 CPXPARAM_Preprocessing_CoeffReduce=-1 CPXPARAM_Preprocessing_Dependency=-1 CPXPARAM_Preprocessing_Dual=0 CPXPARAM_Preprocessing_Fill=10 CPXPARAM_Preprocessing_NumPass=-1 CPXPARAM_Preprocessing_Presolve=1 CPXPARAM_Preprocessing_QPMakePSD=1 CPXPARAM_Preprocessing_Reduce=3 CPXPARAM_Preprocessing_Relax=-1 CPXPARAM_Preprocessing_RepeatPresolve=-1 CPXPARAM_Preprocessing_Symmetry=-1 CPXPARAM_Read_Scale=0 CPXPARAM_Sifting_Algorithm=0 CPXPARAM_Simplex_Crash=1 CPXPARAM_Simplex_DGradient=0 CPXPARAM_Simplex_Limits_Perturbation=0 CPXPARAM_Simplex_Limits_Singularity=10 CPXPARAM_Simplex_PGradient=0 CPXPARAM_Simplex_Pricing=0 CPXPARAM_Simplex_Refactor=0 | MIP Start: No 
[INFO]:[04:16:10] ***************
[DEBUG]:[04:16:10] Added evaluation to memory with objective: 32.92, ConfigId: 4165147063928750339, EvalId: 357. Total evaluations stored: 357
[INFO]:[04:16:10] Waiting for Expansion Workers via MPI...
[INFO]:[04:16:10] Expansion Workers have completed.
[INFO]:[04:16:10] Evaluated expansion parameters: 1
[INFO]:[04:16:10] Classifying expansion parameters...
[DEBUG]:[04:16:10] Parameter CPXPARAM_MIP_Strategy_RINSHeur valid evaluations: 1, invalid evaluations: 0, c_p: 32.92, s_p: 0, selected_stage_1: Yes, discarded_by_threshold: No
[DEBUG]:[04:16:10] Parameter CPXPARAM_MIP_Strategy_RINSHeur metrics - c_p: 32.92, s_p: 0, selected_stage_1: Yes, discarded_by_threshold: No, dominated: No
[INFO]:[04:16:10] Updating parameter flags based on classification...
[INFO]:[04:16:10] Parameter CPXPARAM_MIP_Strategy_RINSHeur selected for tuning.
[DEBUG]:[04:16:10] Classified parameters at iteration 3 - To Select: 1, To Discard: 0
[DEBUG]:[04:16:10] Parameter: CPXPARAM_MIP_Strategy_RINSHeur, To Select: Yes, To Discard: No
[INFO]:[04:16:10] Added 1 evaluations to memory from expansion phase at iteration 3
[INFO]:[04:16:10] Expansion phase completed.
[INFO]:[04:16:10] Starting pruning phase...
[INFO]:[04:16:10] Writing learner file for pruning phase: /scratch/yorig/mpils-results-grid-ticks-10000-7may/medium-2/24proc-4pils/seed-2/6_sorrell3_seed-2_20260510_041416/pruning/input/learner_file_3.txt
[INFO]:[04:16:10] Learner file written successfully: /scratch/yorig/mpils-results-grid-ticks-10000-7may/medium-2/24proc-4pils/seed-2/6_sorrell3_seed-2_20260510_041416/pruning/input/learner_file_3.txt
[INFO]:[04:16:10] Extracting forbidden tuples from memory...
[INFO]:[04:16:10] Redirecting learner stdout/stderr to: /scratch/yorig/mpils-results-grid-ticks-10000-7may/medium-2/24proc-4pils/seed-2/6_sorrell3_seed-2_20260510_041416/pruning/learner_iteration_3.log
[INFO]:[04:16:10] Forbidden tuples extracted: 27
[INFO]:[04:16:10] Applying pruning with 27 forbidden tuples...
[DEBUG]:[04:16:10] Adding forbidden value from single-element tuple: CPXPARAM_Emphasis_MIP=2
[DEBUG]:[04:16:10] Adding forbidden value from single-element tuple: CPXPARAM_MIP_Cuts_Cliques=0
[DEBUG]:[04:16:10] Adding forbidden value from single-element tuple: CPXPARAM_MIP_Cuts_Cliques=1
[DEBUG]:[04:16:10] Adding forbidden value from single-element tuple: CPXPARAM_MIP_Cuts_Cliques=2
[DEBUG]:[04:16:10] Adding forbidden value from single-element tuple: CPXPARAM_MIP_Cuts_Cliques=3
[DEBUG]:[04:16:10] Adding forbidden value from single-element tuple: CPXPARAM_MIP_Cuts_FlowCovers=0
[DEBUG]:[04:16:10] Adding forbidden value from single-element tuple: CPXPARAM_MIP_Strategy_Probe=3
[DEBUG]:[04:16:10] Adding forbidden value from single-element tuple: CPXPARAM_MIP_Strategy_VariableSelect=1
[DEBUG]:[04:16:10] Adding forbidden tuple of size 2: 
[DEBUG]:[04:16:10]   CPXPARAM_Emphasis_MIP=1
[DEBUG]:[04:16:10]   CPXPARAM_MIP_Cuts_Cliques=0
[DEBUG]:[04:16:10] Adding forbidden tuple of size 2: 
[DEBUG]:[04:16:10]   CPXPARAM_Emphasis_MIP=1
[DEBUG]:[04:16:10]   CPXPARAM_MIP_Cuts_Cliques=1
[DEBUG]:[04:16:10] Adding forbidden tuple of size 2: 
[DEBUG]:[04:16:10]   CPXPARAM_Emphasis_MIP=1
[DEBUG]:[04:16:10]   CPXPARAM_MIP_Cuts_Cliques=2
[DEBUG]:[04:16:10] Adding forbidden tuple of size 2: 
[DEBUG]:[04:16:10]   CPXPARAM_Emphasis_MIP=1
[DEBUG]:[04:16:10]   CPXPARAM_MIP_Cuts_Cliques=3
[DEBUG]:[04:16:10] Adding forbidden tuple of size 2: 
[DEBUG]:[04:16:10]   CPXPARAM_Emphasis_MIP=1
[DEBUG]:[04:16:10]   CPXPARAM_MIP_Cuts_FlowCovers=1
[DEBUG]:[04:16:10] Adding forbidden tuple of size 2: 
[DEBUG]:[04:16:10]   CPXPARAM_Emphasis_MIP=1
[DEBUG]:[04:16:10]   CPXPARAM_MIP_Cuts_FlowCovers=2
[DEBUG]:[04:16:10] Adding forbidden tuple of size 2: 
[DEBUG]:[04:16:10]   CPXPARAM_Emphasis_MIP=1
[DEBUG]:[04:16:10]   CPXPARAM_MIP_Cuts_GUBCovers=0
[DEBUG]:[04:16:10] Adding forbidden tuple of size 2: 
[DEBUG]:[04:16:10]   CPXPARAM_Emphasis_MIP=1
[DEBUG]:[04:16:10]   CPXPARAM_MIP_Cuts_GUBCovers=1
[DEBUG]:[04:16:10] Adding forbidden tuple of size 2: 
[DEBUG]:[04:16:10]   CPXPARAM_Emphasis_MIP=1
[DEBUG]:[04:16:10]   CPXPARAM_MIP_Cuts_Gomory=0
[DEBUG]:[04:16:10] Adding forbidden tuple of size 2: 
[DEBUG]:[04:16:10]   CPXPARAM_Emphasis_MIP=1
[DEBUG]:[04:16:10]   CPXPARAM_MIP_Cuts_Gomory=1
[DEBUG]:[04:16:10] Adding forbidden tuple of size 2: 
[DEBUG]:[04:16:10]   CPXPARAM_Emphasis_MIP=1
[DEBUG]:[04:16:10]   CPXPARAM_MIP_Cuts_Gomory=2
[DEBUG]:[04:16:10] Adding forbidden tuple of size 2: 
[DEBUG]:[04:16:10]   CPXPARAM_Emphasis_MIP=1
[DEBUG]:[04:16:10]   CPXPARAM_MIP_Cuts_PathCut=1
[DEBUG]:[04:16:10] Adding forbidden tuple of size 2: 
[DEBUG]:[04:16:10]   CPXPARAM_Emphasis_MIP=1
[DEBUG]:[04:16:10]   CPXPARAM_MIP_Cuts_PathCut=2
[DEBUG]:[04:16:10] Adding forbidden tuple of size 2: 
[DEBUG]:[04:16:10]   CPXPARAM_Emphasis_MIP=1
[DEBUG]:[04:16:10]   CPXPARAM_MIP_Limits_GomoryCand=25
[DEBUG]:[04:16:10] Adding forbidden tuple of size 2: 
[DEBUG]:[04:16:10]   CPXPARAM_Emphasis_MIP=1
[DEBUG]:[04:16:10]   CPXPARAM_MIP_Limits_GomoryCand=50
[DEBUG]:[04:16:10] Adding forbidden tuple of size 2: 
[DEBUG]:[04:16:10]   CPXPARAM_Emphasis_MIP=1
[DEBUG]:[04:16:10]   CPXPARAM_MIP_Limits_GomoryCand=100
[DEBUG]:[04:16:10] Adding forbidden tuple of size 2: 
[DEBUG]:[04:16:10]   CPXPARAM_Emphasis_MIP=1
[DEBUG]:[04:16:10]   CPXPARAM_MIP_Limits_GomoryCand=150
[DEBUG]:[04:16:10] Adding forbidden tuple of size 2: 
[DEBUG]:[04:16:10]   CPXPARAM_Emphasis_MIP=1
[DEBUG]:[04:16:10]   CPXPARAM_MIP_Limits_GomoryCand=400
[DEBUG]:[04:16:10] Adding forbidden tuple of size 2: 
[DEBUG]:[04:16:10]   CPXPARAM_Emphasis_MIP=1
[DEBUG]:[04:16:10]   CPXPARAM_MIP_Limits_ProbeTime=10
[INFO]:[04:16:10] Pruning applied successfully.
[INFO]:[04:16:10] Pruning phase completed.
[INFO]:[04:16:10] Completed iteration 3
[INFO]:[04:16:10] Starting iteration 4
[INFO]:[04:16:10] Starting exploration phase...
[INFO]:[04:16:10] Selecting number of evaluations for tuning phase...
[INFO]:[04:16:10] Selecting initial configurations for tuning phase...
[INFO]:[04:16:10] Using worker 0 best exploration configuration without MIP start as master ILS initial configuration.
[INFO]:[04:16:10] Using global best exploration configuration without MIP start as worker 1 ILS initial configuration.
[INFO]:[04:16:10] Number of evaluations for this tuning phase: 7
[INFO]:[04:16:10] ILS shared cache is disabled for this exploration phase.
[INFO]:[04:16:10] Local search backend for this exploration phase: iterated_local_search
[INFO]:[04:16:10] Running IteratedLocalSearch Engine...
[INFO]:[04:16:10] Mip start is disabled for this iteration.
[INFO]:[04:16:10] Writing ILS search space file for worker 0...
[INFO]:[04:16:10] Warning: Initial value for parameter CPXPARAM_MIP_Cuts_Cliques is forbidden. So unforbidden it for the ILS initial configuration at iteration 4.
[INFO]:[04:16:10] Warning: Initial value for parameter CPXPARAM_MIP_Cuts_FlowCovers is forbidden. So unforbidden it for the ILS initial configuration at iteration 4.
[INFO]:[04:16:10] Warning: Initial value for parameter CPXPARAM_MIP_Cuts_Gomory is forbidden. So unforbidden it for the ILS initial configuration at iteration 4.
[INFO]:[04:16:10] ILS search space file written: /scratch/yorig/mpils-results-grid-ticks-10000-7may/medium-2/24proc-4pils/seed-2/6_sorrell3_seed-2_20260510_041416/iterated_local_search/search_space/search_space_file_4.txt
[INFO]:[04:16:10] Writing ILS search space file for worker 1...
[INFO]:[04:16:10] Warning: Initial value for parameter CPXPARAM_Emphasis_MIP is forbidden. So unforbidden it for the ILS initial configuration at iteration 4.
[INFO]:[04:16:10] Warning: Initial value for parameter CPXPARAM_MIP_Cuts_Cliques is forbidden. So unforbidden it for the ILS initial configuration at iteration 4.
[INFO]:[04:16:10] Warning: Initial value for parameter CPXPARAM_MIP_Cuts_Gomory is forbidden. So unforbidden it for the ILS initial configuration at iteration 4.
[INFO]:[04:16:10] Warning: Initial value for parameter CPXPARAM_MIP_Strategy_VariableSelect is forbidden. So unforbidden it for the ILS initial configuration at iteration 4.
[INFO]:[04:16:10] Warning: Initial configuration contains a forbidden tuple. So unforbidden it for ILS at iteration 4.
[INFO]:[04:16:10] Warning: Initial configuration contains a forbidden tuple. So unforbidden it for ILS at iteration 4.
[INFO]:[04:16:10] Warning: Initial configuration contains a forbidden tuple. So unforbidden it for ILS at iteration 4.
[INFO]:[04:16:10] Warning: Initial configuration contains a forbidden tuple. So unforbidden it for ILS at iteration 4.
[INFO]:[04:16:10] ILS search space file written: /scratch/yorig/mpils-results-grid-ticks-10000-7may/medium-2/24proc-4pils/seed-2/6_sorrell3_seed-2_20260510_041416/iterated_local_search/search_space/search_space_file_4_worker_1.txt
[INFO]:[04:16:10] Writing ILS search space file for worker 2...
[INFO]:[04:16:10] Warning: Initial value for parameter CPXPARAM_Emphasis_MIP is forbidden. So unforbidden it for the ILS initial configuration at iteration 4.
[INFO]:[04:16:10] Warning: Initial value for parameter CPXPARAM_MIP_Cuts_Cliques is forbidden. So unforbidden it for the ILS initial configuration at iteration 4.
[INFO]:[04:16:10] Warning: Initial value for parameter CPXPARAM_MIP_Strategy_VariableSelect is forbidden. So unforbidden it for the ILS initial configuration at iteration 4.
[INFO]:[04:16:10] Warning: Initial configuration contains a forbidden tuple. So unforbidden it for ILS at iteration 4.
[INFO]:[04:16:10] Warning: Initial configuration contains a forbidden tuple. So unforbidden it for ILS at iteration 4.
[INFO]:[04:16:10] Warning: Initial configuration contains a forbidden tuple. So unforbidden it for ILS at iteration 4.
[INFO]:[04:16:10] Warning: Initial configuration contains a forbidden tuple. So unforbidden it for ILS at iteration 4.
[INFO]:[04:16:10] Warning: Initial configuration contains a forbidden tuple. So unforbidden it for ILS at iteration 4.
[INFO]:[04:16:10] Warning: Initial configuration contains a forbidden tuple. So unforbidden it for ILS at iteration 4.
[INFO]:[04:16:10] Warning: Initial configuration contains a forbidden tuple. So unforbidden it for ILS at iteration 4.
[INFO]:[04:16:10] Warning: Initial configuration contains a forbidden tuple. So unforbidden it for ILS at iteration 4.
[INFO]:[04:16:10] ILS search space file written: /scratch/yorig/mpils-results-grid-ticks-10000-7may/medium-2/24proc-4pils/seed-2/6_sorrell3_seed-2_20260510_041416/iterated_local_search/search_space/search_space_file_4_worker_2.txt
[INFO]:[04:16:10] Writing ILS search space file for worker 3...
[INFO]:[04:16:10] Warning: Initial value for parameter CPXPARAM_Emphasis_MIP is forbidden. So unforbidden it for the ILS initial configuration at iteration 4.
[INFO]:[04:16:10] Warning: Initial value for parameter CPXPARAM_MIP_Cuts_Cliques is forbidden. So unforbidden it for the ILS initial configuration at iteration 4.
[INFO]:[04:16:10] Warning: Initial value for parameter CPXPARAM_MIP_Cuts_FlowCovers is forbidden. So unforbidden it for the ILS initial configuration at iteration 4.
[INFO]:[04:16:10] Warning: Initial value for parameter CPXPARAM_MIP_Strategy_Probe is forbidden. So unforbidden it for the ILS initial configuration at iteration 4.
[INFO]:[04:16:10] Warning: Initial configuration contains a forbidden tuple. So unforbidden it for ILS at iteration 4.
[INFO]:[04:16:10] Warning: Initial configuration contains a forbidden tuple. So unforbidden it for ILS at iteration 4.
[INFO]:[04:16:10] Warning: Initial configuration contains a forbidden tuple. So unforbidden it for ILS at iteration 4.
[INFO]:[04:16:10] Warning: Initial configuration contains a forbidden tuple. So unforbidden it for ILS at iteration 4.
[INFO]:[04:16:10] Warning: Initial configuration contains a forbidden tuple. So unforbidden it for ILS at iteration 4.
[INFO]:[04:16:10] ILS search space file written: /scratch/yorig/mpils-results-grid-ticks-10000-7may/medium-2/24proc-4pils/seed-2/6_sorrell3_seed-2_20260510_041416/iterated_local_search/search_space/search_space_file_4_worker_3.txt
[INFO]:[04:16:10] Writing ILS search space file for worker 4...
[INFO]:[04:16:10] Warning: Initial value for parameter CPXPARAM_MIP_Cuts_Cliques is forbidden. So unforbidden it for the ILS initial configuration at iteration 4.
[INFO]:[04:16:10] Warning: Initial value for parameter CPXPARAM_MIP_Cuts_Gomory is forbidden. So unforbidden it for the ILS initial configuration at iteration 4.
[INFO]:[04:16:10] Warning: Initial configuration contains a forbidden tuple. So unforbidden it for ILS at iteration 4.
[INFO]:[04:16:10] ILS search space file written: /scratch/yorig/mpils-results-grid-ticks-10000-7may/medium-2/24proc-4pils/seed-2/6_sorrell3_seed-2_20260510_041416/iterated_local_search/search_space/search_space_file_4_worker_4.txt
[INFO]:[04:16:10] Writing ILS search space file for worker 5...
[INFO]:[04:16:10] Warning: Initial value for parameter CPXPARAM_MIP_Cuts_Cliques is forbidden. So unforbidden it for the ILS initial configuration at iteration 4.
[INFO]:[04:16:10] ILS search space file written: /scratch/yorig/mpils-results-grid-ticks-10000-7may/medium-2/24proc-4pils/seed-2/6_sorrell3_seed-2_20260510_041416/iterated_local_search/search_space/search_space_file_4_worker_5.txt
[INFO]:[04:16:10] Writing ILS search space file for worker 6...
[INFO]:[04:16:10] Warning: Initial value for parameter CPXPARAM_MIP_Cuts_Cliques is forbidden. So unforbidden it for the ILS initial configuration at iteration 4.
[INFO]:[04:16:10] Warning: Initial value for parameter CPXPARAM_MIP_Cuts_FlowCovers is forbidden. So unforbidden it for the ILS initial configuration at iteration 4.
[INFO]:[04:16:10] Warning: Initial configuration contains a forbidden tuple. So unforbidden it for ILS at iteration 4.
[INFO]:[04:16:10] Warning: Initial configuration contains a forbidden tuple. So unforbidden it for ILS at iteration 4.
[INFO]:[04:16:10] ILS search space file written: /scratch/yorig/mpils-results-grid-ticks-10000-7may/medium-2/24proc-4pils/seed-2/6_sorrell3_seed-2_20260510_041416/iterated_local_search/search_space/search_space_file_4_worker_6.txt
[INFO]:[04:16:10] Writing ILS search space file for worker 7...
[INFO]:[04:16:10] Warning: Initial value for parameter CPXPARAM_Emphasis_MIP is forbidden. So unforbidden it for the ILS initial configuration at iteration 4.
[INFO]:[04:16:10] Warning: Initial value for parameter CPXPARAM_MIP_Cuts_FlowCovers is forbidden. So unforbidden it for the ILS initial configuration at iteration 4.
[INFO]:[04:16:10] Warning: Initial value for parameter CPXPARAM_MIP_Strategy_Probe is forbidden. So unforbidden it for the ILS initial configuration at iteration 4.
[INFO]:[04:16:10] Warning: Initial configuration contains a forbidden tuple. So unforbidden it for ILS at iteration 4.
[INFO]:[04:16:10] Warning: Initial configuration contains a forbidden tuple. So unforbidden it for ILS at iteration 4.
[INFO]:[04:16:10] Warning: Initial configuration contains a forbidden tuple. So unforbidden it for ILS at iteration 4.
[INFO]:[04:16:10] Warning: Initial configuration contains a forbidden tuple. So unforbidden it for ILS at iteration 4.
[INFO]:[04:16:10] ILS search space file written: /scratch/yorig/mpils-results-grid-ticks-10000-7may/medium-2/24proc-4pils/seed-2/6_sorrell3_seed-2_20260510_041416/iterated_local_search/search_space/search_space_file_4_worker_7.txt
[INFO]:[04:16:10] Writing ILS search space file for worker 8...
[INFO]:[04:16:10] Warning: Initial value for parameter CPXPARAM_Emphasis_MIP is forbidden. So unforbidden it for the ILS initial configuration at iteration 4.
[INFO]:[04:16:10] Warning: Initial configuration contains a forbidden tuple. So unforbidden it for ILS at iteration 4.
[INFO]:[04:16:10] Warning: Initial configuration contains a forbidden tuple. So unforbidden it for ILS at iteration 4.
[INFO]:[04:16:10] Warning: Initial configuration contains a forbidden tuple. So unforbidden it for ILS at iteration 4.
[INFO]:[04:16:10] Warning: Initial configuration contains a forbidden tuple. So unforbidden it for ILS at iteration 4.
[INFO]:[04:16:10] Warning: Initial configuration contains a forbidden tuple. So unforbidden it for ILS at iteration 4.
[INFO]:[04:16:10] ILS search space file written: /scratch/yorig/mpils-results-grid-ticks-10000-7may/medium-2/24proc-4pils/seed-2/6_sorrell3_seed-2_20260510_041416/iterated_local_search/search_space/search_space_file_4_worker_8.txt
[INFO]:[04:16:10] Writing ILS search space file for worker 9...
[INFO]:[04:16:10] Warning: Initial value for parameter CPXPARAM_Emphasis_MIP is forbidden. So unforbidden it for the ILS initial configuration at iteration 4.
[INFO]:[04:16:10] Warning: Initial value for parameter CPXPARAM_MIP_Strategy_VariableSelect is forbidden. So unforbidden it for the ILS initial configuration at iteration 4.
[INFO]:[04:16:10] Warning: Initial configuration contains a forbidden tuple. So unforbidden it for ILS at iteration 4.
[INFO]:[04:16:10] Warning: Initial configuration contains a forbidden tuple. So unforbidden it for ILS at iteration 4.
[INFO]:[04:16:10] ILS search space file written: /scratch/yorig/mpils-results-grid-ticks-10000-7may/medium-2/24proc-4pils/seed-2/6_sorrell3_seed-2_20260510_041416/iterated_local_search/search_space/search_space_file_4_worker_9.txt
[INFO]:[04:16:10] Writing ILS search space file for worker 10...
[INFO]:[04:16:10] Warning: Initial value for parameter CPXPARAM_Emphasis_MIP is forbidden. So unforbidden it for the ILS initial configuration at iteration 4.
[INFO]:[04:16:10] Warning: Initial value for parameter CPXPARAM_MIP_Cuts_Cliques is forbidden. So unforbidden it for the ILS initial configuration at iteration 4.
[INFO]:[04:16:10] Warning: Initial configuration contains a forbidden tuple. So unforbidden it for ILS at iteration 4.
[INFO]:[04:16:10] Warning: Initial configuration contains a forbidden tuple. So unforbidden it for ILS at iteration 4.
[INFO]:[04:16:10] Warning: Initial configuration contains a forbidden tuple. So unforbidden it for ILS at iteration 4.
[INFO]:[04:16:10] Warning: Initial configuration contains a forbidden tuple. So unforbidden it for ILS at iteration 4.
[INFO]:[04:16:10] Warning: Initial configuration contains a forbidden tuple. So unforbidden it for ILS at iteration 4.
[INFO]:[04:16:10] Warning: Initial configuration contains a forbidden tuple. So unforbidden it for ILS at iteration 4.
[INFO]:[04:16:10] Warning: Initial configuration contains a forbidden tuple. So unforbidden it for ILS at iteration 4.
[INFO]:[04:16:10] Warning: Initial configuration contains a forbidden tuple. So unforbidden it for ILS at iteration 4.
[INFO]:[04:16:10] ILS search space file written: /scratch/yorig/mpils-results-grid-ticks-10000-7may/medium-2/24proc-4pils/seed-2/6_sorrell3_seed-2_20260510_041416/iterated_local_search/search_space/search_space_file_4_worker_10.txt
[INFO]:[04:16:10] Writing ILS search space file for worker 11...
[INFO]:[04:16:10] Warning: Initial value for parameter CPXPARAM_Emphasis_MIP is forbidden. So unforbidden it for the ILS initial configuration at iteration 4.
[INFO]:[04:16:10] Warning: Initial value for parameter CPXPARAM_MIP_Cuts_Gomory is forbidden. So unforbidden it for the ILS initial configuration at iteration 4.
[INFO]:[04:16:10] Warning: Initial value for parameter CPXPARAM_MIP_Strategy_Probe is forbidden. So unforbidden it for the ILS initial configuration at iteration 4.
[INFO]:[04:16:10] Warning: Initial configuration contains a forbidden tuple. So unforbidden it for ILS at iteration 4.
[INFO]:[04:16:10] Warning: Initial configuration contains a forbidden tuple. So unforbidden it for ILS at iteration 4.
[INFO]:[04:16:10] Warning: Initial configuration contains a forbidden tuple. So unforbidden it for ILS at iteration 4.
[INFO]:[04:16:10] Warning: Initial configuration contains a forbidden tuple. So unforbidden it for ILS at iteration 4.
[INFO]:[04:16:10] ILS search space file written: /scratch/yorig/mpils-results-grid-ticks-10000-7may/medium-2/24proc-4pils/seed-2/6_sorrell3_seed-2_20260510_041416/iterated_local_search/search_space/search_space_file_4_worker_11.txt
[INFO]:[04:16:10] Writing ILS search space file for worker 12...
[INFO]:[04:16:10] Warning: Initial value for parameter CPXPARAM_Emphasis_MIP is forbidden. So unforbidden it for the ILS initial configuration at iteration 4.
[INFO]:[04:16:10] Warning: Initial value for parameter CPXPARAM_MIP_Cuts_Cliques is forbidden. So unforbidden it for the ILS initial configuration at iteration 4.
[INFO]:[04:16:10] Warning: Initial value for parameter CPXPARAM_MIP_Cuts_Gomory is forbidden. So unforbidden it for the ILS initial configuration at iteration 4.
[INFO]:[04:16:10] Warning: Initial configuration contains a forbidden tuple. So unforbidden it for ILS at iteration 4.
[INFO]:[04:16:10] ILS search space file written: /scratch/yorig/mpils-results-grid-ticks-10000-7may/medium-2/24proc-4pils/seed-2/6_sorrell3_seed-2_20260510_041416/iterated_local_search/search_space/search_space_file_4_worker_12.txt
[INFO]:[04:16:10] Writing ILS search space file for worker 13...
[INFO]:[04:16:10] Warning: Initial value for parameter CPXPARAM_MIP_Cuts_Cliques is forbidden. So unforbidden it for the ILS initial configuration at iteration 4.
[INFO]:[04:16:10] Warning: Initial value for parameter CPXPARAM_MIP_Cuts_Gomory is forbidden. So unforbidden it for the ILS initial configuration at iteration 4.
[INFO]:[04:16:10] Warning: Initial value for parameter CPXPARAM_MIP_Strategy_VariableSelect is forbidden. So unforbidden it for the ILS initial configuration at iteration 4.
[INFO]:[04:16:10] Warning: Initial configuration contains a forbidden tuple. So unforbidden it for ILS at iteration 4.
[INFO]:[04:16:10] ILS search space file written: /scratch/yorig/mpils-results-grid-ticks-10000-7may/medium-2/24proc-4pils/seed-2/6_sorrell3_seed-2_20260510_041416/iterated_local_search/search_space/search_space_file_4_worker_13.txt
[INFO]:[04:16:10] Writing ILS search space file for worker 14...
[INFO]:[04:16:10] Warning: Initial value for parameter CPXPARAM_Emphasis_MIP is forbidden. So unforbidden it for the ILS initial configuration at iteration 4.
[INFO]:[04:16:10] Warning: Initial value for parameter CPXPARAM_MIP_Cuts_FlowCovers is forbidden. So unforbidden it for the ILS initial configuration at iteration 4.
[INFO]:[04:16:10] Warning: Initial value for parameter CPXPARAM_MIP_Cuts_Gomory is forbidden. So unforbidden it for the ILS initial configuration at iteration 4.
[INFO]:[04:16:10] Warning: Initial value for parameter CPXPARAM_MIP_Strategy_Probe is forbidden. So unforbidden it for the ILS initial configuration at iteration 4.
[INFO]:[04:16:10] Warning: Initial value for parameter CPXPARAM_MIP_Strategy_VariableSelect is forbidden. So unforbidden it for the ILS initial configuration at iteration 4.
[INFO]:[04:16:10] Warning: Initial configuration contains a forbidden tuple. So unforbidden it for ILS at iteration 4.
[INFO]:[04:16:10] ILS search space file written: /scratch/yorig/mpils-results-grid-ticks-10000-7may/medium-2/24proc-4pils/seed-2/6_sorrell3_seed-2_20260510_041416/iterated_local_search/search_space/search_space_file_4_worker_14.txt
[INFO]:[04:16:10] Writing ILS search space file for worker 15...
[INFO]:[04:16:10] Warning: Initial value for parameter CPXPARAM_Emphasis_MIP is forbidden. So unforbidden it for the ILS initial configuration at iteration 4.
[INFO]:[04:16:10] Warning: Initial value for parameter CPXPARAM_MIP_Strategy_Probe is forbidden. So unforbidden it for the ILS initial configuration at iteration 4.
[INFO]:[04:16:10] Warning: Initial configuration contains a forbidden tuple. So unforbidden it for ILS at iteration 4.
[INFO]:[04:16:10] Warning: Initial configuration contains a forbidden tuple. So unforbidden it for ILS at iteration 4.
[INFO]:[04:16:10] ILS search space file written: /scratch/yorig/mpils-results-grid-ticks-10000-7may/medium-2/24proc-4pils/seed-2/6_sorrell3_seed-2_20260510_041416/iterated_local_search/search_space/search_space_file_4_worker_15.txt
[INFO]:[04:16:10] Writing ILS search space file for worker 16...
[INFO]:[04:16:10] Warning: Initial value for parameter CPXPARAM_MIP_Cuts_Cliques is forbidden. So unforbidden it for the ILS initial configuration at iteration 4.
[INFO]:[04:16:10] Warning: Initial configuration contains a forbidden tuple. So unforbidden it for ILS at iteration 4.
[INFO]:[04:16:10] ILS search space file written: /scratch/yorig/mpils-results-grid-ticks-10000-7may/medium-2/24proc-4pils/seed-2/6_sorrell3_seed-2_20260510_041416/iterated_local_search/search_space/search_space_file_4_worker_16.txt
[INFO]:[04:16:10] Writing ILS search space file for worker 17...
[INFO]:[04:16:10] Warning: Initial value for parameter CPXPARAM_Emphasis_MIP is forbidden. So unforbidden it for the ILS initial configuration at iteration 4.
[INFO]:[04:16:10] Warning: Initial value for parameter CPXPARAM_MIP_Cuts_Cliques is forbidden. So unforbidden it for the ILS initial configuration at iteration 4.
[INFO]:[04:16:10] Warning: Initial configuration contains a forbidden tuple. So unforbidden it for ILS at iteration 4.
[INFO]:[04:16:10] Warning: Initial configuration contains a forbidden tuple. So unforbidden it for ILS at iteration 4.
[INFO]:[04:16:10] Warning: Initial configuration contains a forbidden tuple. So unforbidden it for ILS at iteration 4.
[INFO]:[04:16:10] Warning: Initial configuration contains a forbidden tuple. So unforbidden it for ILS at iteration 4.
[INFO]:[04:16:10] Warning: Initial configuration contains a forbidden tuple. So unforbidden it for ILS at iteration 4.
[INFO]:[04:16:10] Warning: Initial configuration contains a forbidden tuple. So unforbidden it for ILS at iteration 4.
[INFO]:[04:16:10] Warning: Initial configuration contains a forbidden tuple. So unforbidden it for ILS at iteration 4.
[INFO]:[04:16:10] Warning: Initial configuration contains a forbidden tuple. So unforbidden it for ILS at iteration 4.
[INFO]:[04:16:10] Warning: Initial configuration contains a forbidden tuple. So unforbidden it for ILS at iteration 4.
[INFO]:[04:16:10] ILS search space file written: /scratch/yorig/mpils-results-grid-ticks-10000-7may/medium-2/24proc-4pils/seed-2/6_sorrell3_seed-2_20260510_041416/iterated_local_search/search_space/search_space_file_4_worker_17.txt
[INFO]:[04:16:10] Writing ILS search space file for worker 18...
[INFO]:[04:16:10] Warning: Initial value for parameter CPXPARAM_Emphasis_MIP is forbidden. So unforbidden it for the ILS initial configuration at iteration 4.
[INFO]:[04:16:10] Warning: Initial value for parameter CPXPARAM_MIP_Strategy_Probe is forbidden. So unforbidden it for the ILS initial configuration at iteration 4.
[INFO]:[04:16:10] Warning: Initial configuration contains a forbidden tuple. So unforbidden it for ILS at iteration 4.
[INFO]:[04:16:10] ILS search space file written: /scratch/yorig/mpils-results-grid-ticks-10000-7may/medium-2/24proc-4pils/seed-2/6_sorrell3_seed-2_20260510_041416/iterated_local_search/search_space/search_space_file_4_worker_18.txt
[INFO]:[04:16:10] Writing ILS search space file for worker 19...
[INFO]:[04:16:10] Warning: Initial value for parameter CPXPARAM_Emphasis_MIP is forbidden. So unforbidden it for the ILS initial configuration at iteration 4.
[INFO]:[04:16:10] Warning: Initial value for parameter CPXPARAM_MIP_Cuts_Cliques is forbidden. So unforbidden it for the ILS initial configuration at iteration 4.
[INFO]:[04:16:10] Warning: Initial value for parameter CPXPARAM_MIP_Cuts_FlowCovers is forbidden. So unforbidden it for the ILS initial configuration at iteration 4.
[INFO]:[04:16:10] Warning: Initial configuration contains a forbidden tuple. So unforbidden it for ILS at iteration 4.
[INFO]:[04:16:10] Warning: Initial configuration contains a forbidden tuple. So unforbidden it for ILS at iteration 4.
[INFO]:[04:16:10] ILS search space file written: /scratch/yorig/mpils-results-grid-ticks-10000-7may/medium-2/24proc-4pils/seed-2/6_sorrell3_seed-2_20260510_041416/iterated_local_search/search_space/search_space_file_4_worker_19.txt
[INFO]:[04:16:10] Writing ILS search space file for worker 20...
[INFO]:[04:16:10] Warning: Initial value for parameter CPXPARAM_Emphasis_MIP is forbidden. So unforbidden it for the ILS initial configuration at iteration 4.
[INFO]:[04:16:10] Warning: Initial value for parameter CPXPARAM_MIP_Cuts_Cliques is forbidden. So unforbidden it for the ILS initial configuration at iteration 4.
[INFO]:[04:16:10] Warning: Initial value for parameter CPXPARAM_MIP_Cuts_Gomory is forbidden. So unforbidden it for the ILS initial configuration at iteration 4.
[INFO]:[04:16:10] Warning: Initial configuration contains a forbidden tuple. So unforbidden it for ILS at iteration 4.
[INFO]:[04:16:10] Warning: Initial configuration contains a forbidden tuple. So unforbidden it for ILS at iteration 4.
[INFO]:[04:16:10] ILS search space file written: /scratch/yorig/mpils-results-grid-ticks-10000-7may/medium-2/24proc-4pils/seed-2/6_sorrell3_seed-2_20260510_041416/iterated_local_search/search_space/search_space_file_4_worker_20.txt
[INFO]:[04:16:10] Writing ILS search space file for worker 21...
[INFO]:[04:16:10] Warning: Initial value for parameter CPXPARAM_MIP_Cuts_FlowCovers is forbidden. So unforbidden it for the ILS initial configuration at iteration 4.
[INFO]:[04:16:10] Warning: Initial value for parameter CPXPARAM_MIP_Strategy_Probe is forbidden. So unforbidden it for the ILS initial configuration at iteration 4.
[INFO]:[04:16:10] Warning: Initial configuration contains a forbidden tuple. So unforbidden it for ILS at iteration 4.
[INFO]:[04:16:10] ILS search space file written: /scratch/yorig/mpils-results-grid-ticks-10000-7may/medium-2/24proc-4pils/seed-2/6_sorrell3_seed-2_20260510_041416/iterated_local_search/search_space/search_space_file_4_worker_21.txt
[INFO]:[04:16:10] Writing ILS search space file for worker 22...
[INFO]:[04:16:10] Warning: Initial value for parameter CPXPARAM_MIP_Cuts_Cliques is forbidden. So unforbidden it for the ILS initial configuration at iteration 4.
[INFO]:[04:16:10] Warning: Initial value for parameter CPXPARAM_MIP_Cuts_FlowCovers is forbidden. So unforbidden it for the ILS initial configuration at iteration 4.
[INFO]:[04:16:10] Warning: Initial value for parameter CPXPARAM_MIP_Cuts_Gomory is forbidden. So unforbidden it for the ILS initial configuration at iteration 4.
[INFO]:[04:16:10] ILS search space file written: /scratch/yorig/mpils-results-grid-ticks-10000-7may/medium-2/24proc-4pils/seed-2/6_sorrell3_seed-2_20260510_041416/iterated_local_search/search_space/search_space_file_4_worker_22.txt
[INFO]:[04:16:10] Writing ILS search space file for worker 23...
[INFO]:[04:16:10] Warning: Initial value for parameter CPXPARAM_MIP_Cuts_Cliques is forbidden. So unforbidden it for the ILS initial configuration at iteration 4.
[INFO]:[04:16:10] Warning: Initial configuration contains a forbidden tuple. So unforbidden it for ILS at iteration 4.
[INFO]:[04:16:10] Warning: Initial configuration contains a forbidden tuple. So unforbidden it for ILS at iteration 4.
[INFO]:[04:16:10] ILS search space file written: /scratch/yorig/mpils-results-grid-ticks-10000-7may/medium-2/24proc-4pils/seed-2/6_sorrell3_seed-2_20260510_041416/iterated_local_search/search_space/search_space_file_4_worker_23.txt
[INFO]:[04:16:10] Launching Local Search Workers via MPI...
[INFO]:[04:16:10] Local Search Workers launched.
[INFO]:[04:16:10] Starting local search phase...
[INFO]:[04:16:10] Creating local search space from parameter space file: /scratch/yorig/mpils-results-grid-ticks-10000-7may/medium-2/24proc-4pils/seed-2/6_sorrell3_seed-2_20260510_041416/iterated_local_search/search_space/search_space_file_4.txt
[INFO]:[04:16:10] Local search space loaded from file: /scratch/yorig/mpils-results-grid-ticks-10000-7may/medium-2/24proc-4pils/seed-2/6_sorrell3_seed-2_20260510_041416/iterated_local_search/search_space/search_space_file_4.txt
[INFO]:[04:16:10] Number of parameters in local search space: 71
[INFO]:[04:16:10] Number of forbidden tuples in local search space: 69
[INFO]:[04:16:10] Number of conditionals in local search space: 6
[INFO]:[04:16:10] MIP start option not enabled. Local search will proceed without MIP start.
[INFO]:[04:16:10] Seeded initial configuration into local search cache with known objective value: 33.37
[INFO]:[04:16:10] Starting CPLEX solver on instance: /home/yorig/tuner/mpils-tests/instances/miplib/medium-2/sorrell3.mps with config: /scratch/yorig/mpils-results-grid-ticks-10000-7may/medium-2/24proc-4pils/seed-2/6_sorrell3_seed-2_20260510_041416/iterated_local_search/run_4_worker_0/ils_config_6284458665004178572.prm
[INFO]:[04:16:10] Starting CPLEX solver on instance: /home/yorig/tuner/mpils-tests/instances/miplib/medium-2/sorrell3.mps with config: /scratch/yorig/mpils-results-grid-ticks-10000-7may/medium-2/24proc-4pils/seed-2/6_sorrell3_seed-2_20260510_041416/iterated_local_search/run_4_worker_0/ils_config_6284458665004178572.prm
[INFO]:[04:16:17] CPLEX results. Gap: 33.270000, upper bound: -15.000000, lower bound: -19.990665
[INFO]:[04:16:17] CPLEX solver finished. Gap: 33.270000
[INFO]:[04:16:17] New incumbent found with objective value: 33.27
[INFO]:[04:16:17] Starting CPLEX solver on instance: /home/yorig/tuner/mpils-tests/instances/miplib/medium-2/sorrell3.mps with config: /scratch/yorig/mpils-results-grid-ticks-10000-7may/medium-2/24proc-4pils/seed-2/6_sorrell3_seed-2_20260510_041416/iterated_local_search/run_4_worker_0/ils_config_10960318993017655543.prm
[INFO]:[04:16:17] Starting CPLEX solver on instance: /home/yorig/tuner/mpils-tests/instances/miplib/medium-2/sorrell3.mps with config: /scratch/yorig/mpils-results-grid-ticks-10000-7may/medium-2/24proc-4pils/seed-2/6_sorrell3_seed-2_20260510_041416/iterated_local_search/run_4_worker_0/ils_config_10960318993017655543.prm
[INFO]:[04:16:23] CPLEX results. Gap: 33.270000, upper bound: -15.000000, lower bound: -19.990665
[INFO]:[04:16:23] CPLEX solver finished. Gap: 33.270000
[INFO]:[04:16:23] Local search phase completed.
[INFO]:[04:16:23] Total number of new local-search evaluations: 8
[INFO]:[04:16:23] Final incumbent objective value: 33.27
[INFO]:[04:16:23] recordEvaluation produced_mip_start=0 mip_start_file=''
[DEBUG]:[04:16:23] Added evaluation to memory with objective: 33.27, ConfigId: 6284458665004178572, EvalId: 358. Total evaluations stored: 358
[INFO]:[04:16:23] recordEvaluation produced_mip_start=0 mip_start_file=''
[DEBUG]:[04:16:23] Added evaluation to memory with objective: 33.37, ConfigId: 4224704790384270877, EvalId: 359. Total evaluations stored: 359
[INFO]:[04:16:23] recordEvaluation produced_mip_start=0 mip_start_file=''
[DEBUG]:[04:16:23] Added evaluation to memory with objective: 33.37, ConfigId: 3429035059020355772, EvalId: 360. Total evaluations stored: 360
[INFO]:[04:16:23] recordEvaluation produced_mip_start=0 mip_start_file=''
[DEBUG]:[04:16:23] Added evaluation to memory with objective: 33.57, ConfigId: 10693252998133713076, EvalId: 361. Total evaluations stored: 361
[INFO]:[04:16:23] recordEvaluation produced_mip_start=0 mip_start_file=''
[DEBUG]:[04:16:23] Added evaluation to memory with objective: 33.27, ConfigId: 10960318993017655543, EvalId: 362. Total evaluations stored: 362
[INFO]:[04:16:23] recordEvaluation produced_mip_start=0 mip_start_file=''
[DEBUG]:[04:16:23] Added evaluation to memory with objective: 33.27, ConfigId: 652966075771758341, EvalId: 363. Total evaluations stored: 363
[INFO]:[04:16:23] recordEvaluation produced_mip_start=0 mip_start_file=''
[DEBUG]:[04:16:23] Added evaluation to memory with objective: 33.27, ConfigId: 2200868217532533803, EvalId: 364. Total evaluations stored: 364
[INFO]:[04:16:23] recordEvaluation produced_mip_start=0 mip_start_file=''
[DEBUG]:[04:16:23] Added evaluation to memory with objective: 33.27, ConfigId: 9657121599667050969, EvalId: 365. Total evaluations stored: 365
[INFO]:[04:16:23] Waiting for Local Search Workers via MPI...
[INFO]:[04:16:25] Local Search Workers have completed.
[INFO]:[04:16:25] recordEvaluation produced_mip_start=0 mip_start_file=''
[DEBUG]:[04:16:25] Added evaluation to memory with objective: 38.65, ConfigId: 8856126602050067917, EvalId: 366. Total evaluations stored: 366
[INFO]:[04:16:25] recordEvaluation produced_mip_start=0 mip_start_file=''
[DEBUG]:[04:16:25] Added evaluation to memory with objective: 33.91, ConfigId: 4016574730981882589, EvalId: 367. Total evaluations stored: 367
[INFO]:[04:16:25] recordEvaluation produced_mip_start=0 mip_start_file=''
[DEBUG]:[04:16:25] Added evaluation to memory with objective: 38.65, ConfigId: 5451938727087723805, EvalId: 368. Total evaluations stored: 368
[INFO]:[04:16:25] recordEvaluation produced_mip_start=0 mip_start_file=''
[DEBUG]:[04:16:25] Added evaluation to memory with objective: 38.65, ConfigId: 172747721519349927, EvalId: 369. Total evaluations stored: 369
[INFO]:[04:16:25] recordEvaluation produced_mip_start=0 mip_start_file=''
[DEBUG]:[04:16:25] Added evaluation to memory with objective: 33.34, ConfigId: 3935517880838413063, EvalId: 370. Total evaluations stored: 370
[INFO]:[04:16:25] recordEvaluation produced_mip_start=0 mip_start_file=''
[DEBUG]:[04:16:25] Added evaluation to memory with objective: 33.91, ConfigId: 3659236331540649365, EvalId: 371. Total evaluations stored: 371
[INFO]:[04:16:25] recordEvaluation produced_mip_start=0 mip_start_file=''
[DEBUG]:[04:16:25] Added evaluation to memory with objective: 33.91, ConfigId: 1854020655216629442, EvalId: 372. Total evaluations stored: 372
[INFO]:[04:16:25] recordEvaluation produced_mip_start=0 mip_start_file=''
[DEBUG]:[04:16:25] Added evaluation to memory with objective: 33.69, ConfigId: 12913555590853539171, EvalId: 373. Total evaluations stored: 373
[INFO]:[04:16:25] recordEvaluation produced_mip_start=0 mip_start_file=''
[DEBUG]:[04:16:25] Added evaluation to memory with objective: 42.4, ConfigId: 14062370407797640662, EvalId: 374. Total evaluations stored: 374
[INFO]:[04:16:25] recordEvaluation produced_mip_start=0 mip_start_file=''
[DEBUG]:[04:16:25] Added evaluation to memory with objective: 42.85, ConfigId: 18191911004410062642, EvalId: 375. Total evaluations stored: 375
[INFO]:[04:16:25] recordEvaluation produced_mip_start=0 mip_start_file=''
[DEBUG]:[04:16:25] Added evaluation to memory with objective: 42.85, ConfigId: 10447776314478789511, EvalId: 376. Total evaluations stored: 376
[INFO]:[04:16:25] recordEvaluation produced_mip_start=0 mip_start_file=''
[DEBUG]:[04:16:25] Added evaluation to memory with objective: 42.71, ConfigId: 5786318737003394431, EvalId: 377. Total evaluations stored: 377
[INFO]:[04:16:25] recordEvaluation produced_mip_start=0 mip_start_file=''
[DEBUG]:[04:16:25] Added evaluation to memory with objective: 42.4, ConfigId: 8594205563444101088, EvalId: 378. Total evaluations stored: 378
[INFO]:[04:16:25] recordEvaluation produced_mip_start=0 mip_start_file=''
[DEBUG]:[04:16:25] Added evaluation to memory with objective: 42.4, ConfigId: 3827779127493094728, EvalId: 379. Total evaluations stored: 379
[INFO]:[04:16:25] recordEvaluation produced_mip_start=0 mip_start_file=''
[DEBUG]:[04:16:25] Added evaluation to memory with objective: 42.18, ConfigId: 1672938753326953763, EvalId: 380. Total evaluations stored: 380
[INFO]:[04:16:25] recordEvaluation produced_mip_start=0 mip_start_file=''
[DEBUG]:[04:16:25] Added evaluation to memory with objective: 42.4, ConfigId: 16555056291232473973, EvalId: 381. Total evaluations stored: 381
[INFO]:[04:16:25] recordEvaluation produced_mip_start=0 mip_start_file=''
[DEBUG]:[04:16:25] Added evaluation to memory with objective: 33.36, ConfigId: 16025961206756537477, EvalId: 382. Total evaluations stored: 382
[INFO]:[04:16:25] recordEvaluation produced_mip_start=0 mip_start_file=''
[DEBUG]:[04:16:25] Added evaluation to memory with objective: 33.37, ConfigId: 4594741371742787024, EvalId: 383. Total evaluations stored: 383
[INFO]:[04:16:25] recordEvaluation produced_mip_start=0 mip_start_file=''
[DEBUG]:[04:16:25] Added evaluation to memory with objective: 42.55, ConfigId: 12628204932599581527, EvalId: 384. Total evaluations stored: 384
[INFO]:[04:16:25] recordEvaluation produced_mip_start=0 mip_start_file=''
[DEBUG]:[04:16:25] Added evaluation to memory with objective: 32.92, ConfigId: 1076507670336017781, EvalId: 385. Total evaluations stored: 385
[INFO]:[04:16:25] recordEvaluation produced_mip_start=0 mip_start_file=''
[DEBUG]:[04:16:25] Added evaluation to memory with objective: 32.92, ConfigId: 6830506170636166144, EvalId: 386. Total evaluations stored: 386
[INFO]:[04:16:25] recordEvaluation produced_mip_start=0 mip_start_file=''
[DEBUG]:[04:16:25] Added evaluation to memory with objective: 32.92, ConfigId: 10935337431552057837, EvalId: 387. Total evaluations stored: 387
[INFO]:[04:16:25] recordEvaluation produced_mip_start=0 mip_start_file=''
[DEBUG]:[04:16:25] Added evaluation to memory with objective: 33.09, ConfigId: 11839930394589340466, EvalId: 388. Total evaluations stored: 388
[INFO]:[04:16:25] recordEvaluation produced_mip_start=0 mip_start_file=''
[DEBUG]:[04:16:25] Added evaluation to memory with objective: 32.92, ConfigId: 9144558585194475662, EvalId: 389. Total evaluations stored: 389
[INFO]:[04:16:25] recordEvaluation produced_mip_start=0 mip_start_file=''
[DEBUG]:[04:16:25] Added evaluation to memory with objective: 42.92, ConfigId: 8094399925012226135, EvalId: 390. Total evaluations stored: 390
[INFO]:[04:16:25] recordEvaluation produced_mip_start=0 mip_start_file=''
[DEBUG]:[04:16:25] Added evaluation to memory with objective: 33.48, ConfigId: 7281438445201506277, EvalId: 391. Total evaluations stored: 391
[INFO]:[04:16:25] recordEvaluation produced_mip_start=0 mip_start_file=''
[DEBUG]:[04:16:25] Added evaluation to memory with objective: 33.48, ConfigId: 12525745243363521447, EvalId: 392. Total evaluations stored: 392
[INFO]:[04:16:25] recordEvaluation produced_mip_start=0 mip_start_file=''
[DEBUG]:[04:16:25] Added evaluation to memory with objective: 32.92, ConfigId: 7096866789311782616, EvalId: 393. Total evaluations stored: 393
[INFO]:[04:16:25] recordEvaluation produced_mip_start=0 mip_start_file=''
[DEBUG]:[04:16:25] Added evaluation to memory with objective: 32.92, ConfigId: 2103783121993131970, EvalId: 394. Total evaluations stored: 394
[INFO]:[04:16:25] recordEvaluation produced_mip_start=0 mip_start_file=''
[DEBUG]:[04:16:25] Added evaluation to memory with objective: 33.13, ConfigId: 828077756933731600, EvalId: 395. Total evaluations stored: 395
[INFO]:[04:16:25] recordEvaluation produced_mip_start=0 mip_start_file=''
[DEBUG]:[04:16:25] Added evaluation to memory with objective: 32.92, ConfigId: 410942517511690780, EvalId: 396. Total evaluations stored: 396
[INFO]:[04:16:25] recordEvaluation produced_mip_start=0 mip_start_file=''
[DEBUG]:[04:16:25] Added evaluation to memory with objective: 32.92, ConfigId: 12789527589341083983, EvalId: 397. Total evaluations stored: 397
[INFO]:[04:16:25] recordEvaluation produced_mip_start=0 mip_start_file=''
[DEBUG]:[04:16:25] Added evaluation to memory with objective: 33.44, ConfigId: 13125783053512768662, EvalId: 398. Total evaluations stored: 398
[INFO]:[04:16:25] recordEvaluation produced_mip_start=0 mip_start_file=''
[DEBUG]:[04:16:25] Added evaluation to memory with objective: 42.8, ConfigId: 6146563744011390288, EvalId: 399. Total evaluations stored: 399
[INFO]:[04:16:25] recordEvaluation produced_mip_start=0 mip_start_file=''
[DEBUG]:[04:16:25] Added evaluation to memory with objective: 33.48, ConfigId: 14227553603688800714, EvalId: 400. Total evaluations stored: 400
[INFO]:[04:16:25] recordEvaluation produced_mip_start=0 mip_start_file=''
[DEBUG]:[04:16:25] Added evaluation to memory with objective: 42.31, ConfigId: 8635335366893008665, EvalId: 401. Total evaluations stored: 401
[INFO]:[04:16:25] recordEvaluation produced_mip_start=0 mip_start_file=''
[DEBUG]:[04:16:25] Added evaluation to memory with objective: 33.48, ConfigId: 8676290959875997313, EvalId: 402. Total evaluations stored: 402
[INFO]:[04:16:25] recordEvaluation produced_mip_start=0 mip_start_file=''
[DEBUG]:[04:16:25] Added evaluation to memory with objective: 33.44, ConfigId: 10854327845192016404, EvalId: 403. Total evaluations stored: 403
[INFO]:[04:16:25] recordEvaluation produced_mip_start=0 mip_start_file=''
[DEBUG]:[04:16:25] Added evaluation to memory with objective: 33.44, ConfigId: 11753984060021650722, EvalId: 404. Total evaluations stored: 404
[INFO]:[04:16:25] recordEvaluation produced_mip_start=0 mip_start_file=''
[DEBUG]:[04:16:25] Added evaluation to memory with objective: 33.44, ConfigId: 6121249163709628239, EvalId: 405. Total evaluations stored: 405
[INFO]:[04:16:25] IteratedLocalSearch Engine completed.
[INFO]:[04:16:25] Added48 evaluations to memory from exploration phase at iteration 4
[INFO]:[04:16:25] Exploration phase completed.
[INFO]:[04:16:25] Starting expansion phase...
[INFO]:[04:16:25] Selecting parameters for expansion phase...
[INFO]:[04:16:25] Selected expansion parameters: 10
[INFO]:[04:16:25] Creating configuration files for expansion parameters...
[INFO]:[04:16:25] Creating configurations for parameter: CPXPARAM_MIP_Strategy_BBInterval
[DEBUG]:[04:16:25] Parameter CPXPARAM_MIP_Strategy_BBInterval will be evaluated on 8 alternative value(s) after excluding the current base configuration value.
[DEBUG]:[04:16:25] Created configuration file for parameter CPXPARAM_MIP_Strategy_BBInterval with value 0 at /scratch/yorig/mpils-results-grid-ticks-10000-7may/medium-2/24proc-4pils/seed-2/6_sorrell3_seed-2_20260510_041416/expansion/config_param_CPXPARAM_MIP_Strategy_BBInterval_0_iter_4.prm
[DEBUG]:[04:16:25] Created configuration file for parameter CPXPARAM_MIP_Strategy_BBInterval with value 2 at /scratch/yorig/mpils-results-grid-ticks-10000-7may/medium-2/24proc-4pils/seed-2/6_sorrell3_seed-2_20260510_041416/expansion/config_param_CPXPARAM_MIP_Strategy_BBInterval_2_iter_4.prm
[DEBUG]:[04:16:25] Created configuration file for parameter CPXPARAM_MIP_Strategy_BBInterval with value 3 at /scratch/yorig/mpils-results-grid-ticks-10000-7may/medium-2/24proc-4pils/seed-2/6_sorrell3_seed-2_20260510_041416/expansion/config_param_CPXPARAM_MIP_Strategy_BBInterval_3_iter_4.prm
[DEBUG]:[04:16:25] Created configuration file for parameter CPXPARAM_MIP_Strategy_BBInterval with value 4 at /scratch/yorig/mpils-results-grid-ticks-10000-7may/medium-2/24proc-4pils/seed-2/6_sorrell3_seed-2_20260510_041416/expansion/config_param_CPXPARAM_MIP_Strategy_BBInterval_4_iter_4.prm
[DEBUG]:[04:16:25] Created configuration file for parameter CPXPARAM_MIP_Strategy_BBInterval with value 5 at /scratch/yorig/mpils-results-grid-ticks-10000-7may/medium-2/24proc-4pils/seed-2/6_sorrell3_seed-2_20260510_041416/expansion/config_param_CPXPARAM_MIP_Strategy_BBInterval_5_iter_4.prm
[DEBUG]:[04:16:25] Created configuration file for parameter CPXPARAM_MIP_Strategy_BBInterval with value 10 at /scratch/yorig/mpils-results-grid-ticks-10000-7may/medium-2/24proc-4pils/seed-2/6_sorrell3_seed-2_20260510_041416/expansion/config_param_CPXPARAM_MIP_Strategy_BBInterval_10_iter_4.prm
[DEBUG]:[04:16:25] Created configuration file for parameter CPXPARAM_MIP_Strategy_BBInterval with value 15 at /scratch/yorig/mpils-results-grid-ticks-10000-7may/medium-2/24proc-4pils/seed-2/6_sorrell3_seed-2_20260510_041416/expansion/config_param_CPXPARAM_MIP_Strategy_BBInterval_15_iter_4.prm
[DEBUG]:[04:16:25] Created configuration file for parameter CPXPARAM_MIP_Strategy_BBInterval with value 30 at /scratch/yorig/mpils-results-grid-ticks-10000-7may/medium-2/24proc-4pils/seed-2/6_sorrell3_seed-2_20260510_041416/expansion/config_param_CPXPARAM_MIP_Strategy_BBInterval_30_iter_4.prm
[INFO]:[04:16:25] Creating configurations for parameter: CPXPARAM_MIP_Strategy_Branch
[DEBUG]:[04:16:25] Parameter CPXPARAM_MIP_Strategy_Branch will be evaluated on 2 alternative value(s) after excluding the current base configuration value.
[DEBUG]:[04:16:25] Created configuration file for parameter CPXPARAM_MIP_Strategy_Branch with value -1 at /scratch/yorig/mpils-results-grid-ticks-10000-7may/medium-2/24proc-4pils/seed-2/6_sorrell3_seed-2_20260510_041416/expansion/config_param_CPXPARAM_MIP_Strategy_Branch_-1_iter_4.prm
[DEBUG]:[04:16:25] Created configuration file for parameter CPXPARAM_MIP_Strategy_Branch with value 1 at /scratch/yorig/mpils-results-grid-ticks-10000-7may/medium-2/24proc-4pils/seed-2/6_sorrell3_seed-2_20260510_041416/expansion/config_param_CPXPARAM_MIP_Strategy_Branch_1_iter_4.prm
[INFO]:[04:16:25] Creating configurations for parameter: CPXPARAM_MIP_Limits_CutsFactor
[DEBUG]:[04:16:25] Parameter CPXPARAM_MIP_Limits_CutsFactor will be evaluated on 5 alternative value(s) after excluding the current base configuration value.
[DEBUG]:[04:16:25] Created configuration file for parameter CPXPARAM_MIP_Limits_CutsFactor with value 1 at /scratch/yorig/mpils-results-grid-ticks-10000-7may/medium-2/24proc-4pils/seed-2/6_sorrell3_seed-2_20260510_041416/expansion/config_param_CPXPARAM_MIP_Limits_CutsFactor_1_iter_4.prm
[DEBUG]:[04:16:25] Created configuration file for parameter CPXPARAM_MIP_Limits_CutsFactor with value 2 at /scratch/yorig/mpils-results-grid-ticks-10000-7may/medium-2/24proc-4pils/seed-2/6_sorrell3_seed-2_20260510_041416/expansion/config_param_CPXPARAM_MIP_Limits_CutsFactor_2_iter_4.prm
[DEBUG]:[04:16:25] Created configuration file for parameter CPXPARAM_MIP_Limits_CutsFactor with value 4 at /scratch/yorig/mpils-results-grid-ticks-10000-7may/medium-2/24proc-4pils/seed-2/6_sorrell3_seed-2_20260510_041416/expansion/config_param_CPXPARAM_MIP_Limits_CutsFactor_4_iter_4.prm
[DEBUG]:[04:16:25] Created configuration file for parameter CPXPARAM_MIP_Limits_CutsFactor with value 8 at /scratch/yorig/mpils-results-grid-ticks-10000-7may/medium-2/24proc-4pils/seed-2/6_sorrell3_seed-2_20260510_041416/expansion/config_param_CPXPARAM_MIP_Limits_CutsFactor_8_iter_4.prm
[DEBUG]:[04:16:25] Created configuration file for parameter CPXPARAM_MIP_Limits_CutsFactor with value 16 at /scratch/yorig/mpils-results-grid-ticks-10000-7may/medium-2/24proc-4pils/seed-2/6_sorrell3_seed-2_20260510_041416/expansion/config_param_CPXPARAM_MIP_Limits_CutsFactor_16_iter_4.prm
[INFO]:[04:16:25] Creating configurations for parameter: CPXPARAM_MIP_Strategy_PresolveNode
[DEBUG]:[04:16:25] Parameter CPXPARAM_MIP_Strategy_PresolveNode will be evaluated on 4 alternative value(s) after excluding the current base configuration value.
[DEBUG]:[04:16:25] Created configuration file for parameter CPXPARAM_MIP_Strategy_PresolveNode with value -1 at /scratch/yorig/mpils-results-grid-ticks-10000-7may/medium-2/24proc-4pils/seed-2/6_sorrell3_seed-2_20260510_041416/expansion/config_param_CPXPARAM_MIP_Strategy_PresolveNode_-1_iter_4.prm
[DEBUG]:[04:16:25] Created configuration file for parameter CPXPARAM_MIP_Strategy_PresolveNode with value 1 at /scratch/yorig/mpils-results-grid-ticks-10000-7may/medium-2/24proc-4pils/seed-2/6_sorrell3_seed-2_20260510_041416/expansion/config_param_CPXPARAM_MIP_Strategy_PresolveNode_1_iter_4.prm
[DEBUG]:[04:16:25] Created configuration file for parameter CPXPARAM_MIP_Strategy_PresolveNode with value 2 at /scratch/yorig/mpils-results-grid-ticks-10000-7may/medium-2/24proc-4pils/seed-2/6_sorrell3_seed-2_20260510_041416/expansion/config_param_CPXPARAM_MIP_Strategy_PresolveNode_2_iter_4.prm
[DEBUG]:[04:16:25] Created configuration file for parameter CPXPARAM_MIP_Strategy_PresolveNode with value 3 at /scratch/yorig/mpils-results-grid-ticks-10000-7may/medium-2/24proc-4pils/seed-2/6_sorrell3_seed-2_20260510_041416/expansion/config_param_CPXPARAM_MIP_Strategy_PresolveNode_3_iter_4.prm
[INFO]:[04:16:25] Creating configurations for parameter: CPXPARAM_MIP_Strategy_Order
[DEBUG]:[04:16:25] Parameter CPXPARAM_MIP_Strategy_Order will be evaluated on 1 alternative value(s) after excluding the current base configuration value.
[DEBUG]:[04:16:25] Created configuration file for parameter CPXPARAM_MIP_Strategy_Order with value 0 at /scratch/yorig/mpils-results-grid-ticks-10000-7may/medium-2/24proc-4pils/seed-2/6_sorrell3_seed-2_20260510_041416/expansion/config_param_CPXPARAM_MIP_Strategy_Order_0_iter_4.prm
[INFO]:[04:16:25] Creating configurations for parameter: CPXPARAM_Preprocessing_Presolve
[DEBUG]:[04:16:25] Parameter CPXPARAM_Preprocessing_Presolve will be evaluated on 1 alternative value(s) after excluding the current base configuration value.
[DEBUG]:[04:16:25] Created configuration file for parameter CPXPARAM_Preprocessing_Presolve with value 0 at /scratch/yorig/mpils-results-grid-ticks-10000-7may/medium-2/24proc-4pils/seed-2/6_sorrell3_seed-2_20260510_041416/expansion/config_param_CPXPARAM_Preprocessing_Presolve_0_iter_4.prm
[INFO]:[04:16:25] Creating configurations for parameter: CPXPARAM_Preprocessing_Symmetry
[DEBUG]:[04:16:25] Parameter CPXPARAM_Preprocessing_Symmetry will be evaluated on 6 alternative value(s) after excluding the current base configuration value.
[DEBUG]:[04:16:25] Created configuration file for parameter CPXPARAM_Preprocessing_Symmetry with value 0 at /scratch/yorig/mpils-results-grid-ticks-10000-7may/medium-2/24proc-4pils/seed-2/6_sorrell3_seed-2_20260510_041416/expansion/config_param_CPXPARAM_Preprocessing_Symmetry_0_iter_4.prm
[DEBUG]:[04:16:25] Created configuration file for parameter CPXPARAM_Preprocessing_Symmetry with value 1 at /scratch/yorig/mpils-results-grid-ticks-10000-7may/medium-2/24proc-4pils/seed-2/6_sorrell3_seed-2_20260510_041416/expansion/config_param_CPXPARAM_Preprocessing_Symmetry_1_iter_4.prm
[DEBUG]:[04:16:25] Created configuration file for parameter CPXPARAM_Preprocessing_Symmetry with value 2 at /scratch/yorig/mpils-results-grid-ticks-10000-7may/medium-2/24proc-4pils/seed-2/6_sorrell3_seed-2_20260510_041416/expansion/config_param_CPXPARAM_Preprocessing_Symmetry_2_iter_4.prm
[DEBUG]:[04:16:25] Created configuration file for parameter CPXPARAM_Preprocessing_Symmetry with value 3 at /scratch/yorig/mpils-results-grid-ticks-10000-7may/medium-2/24proc-4pils/seed-2/6_sorrell3_seed-2_20260510_041416/expansion/config_param_CPXPARAM_Preprocessing_Symmetry_3_iter_4.prm
[DEBUG]:[04:16:25] Created configuration file for parameter CPXPARAM_Preprocessing_Symmetry with value 4 at /scratch/yorig/mpils-results-grid-ticks-10000-7may/medium-2/24proc-4pils/seed-2/6_sorrell3_seed-2_20260510_041416/expansion/config_param_CPXPARAM_Preprocessing_Symmetry_4_iter_4.prm
[DEBUG]:[04:16:25] Created configuration file for parameter CPXPARAM_Preprocessing_Symmetry with value 5 at /scratch/yorig/mpils-results-grid-ticks-10000-7may/medium-2/24proc-4pils/seed-2/6_sorrell3_seed-2_20260510_041416/expansion/config_param_CPXPARAM_Preprocessing_Symmetry_5_iter_4.prm
[INFO]:[04:16:25] Creating configurations for parameter: CPXPARAM_Preprocessing_Dual
[DEBUG]:[04:16:25] Parameter CPXPARAM_Preprocessing_Dual will be evaluated on 2 alternative value(s) after excluding the current base configuration value.
[DEBUG]:[04:16:25] Created configuration file for parameter CPXPARAM_Preprocessing_Dual with value -1 at /scratch/yorig/mpils-results-grid-ticks-10000-7may/medium-2/24proc-4pils/seed-2/6_sorrell3_seed-2_20260510_041416/expansion/config_param_CPXPARAM_Preprocessing_Dual_-1_iter_4.prm
[DEBUG]:[04:16:25] Created configuration file for parameter CPXPARAM_Preprocessing_Dual with value 1 at /scratch/yorig/mpils-results-grid-ticks-10000-7may/medium-2/24proc-4pils/seed-2/6_sorrell3_seed-2_20260510_041416/expansion/config_param_CPXPARAM_Preprocessing_Dual_1_iter_4.prm
[INFO]:[04:16:25] Creating configurations for parameter: CPXPARAM_MIP_Strategy_LBHeur
[DEBUG]:[04:16:25] Parameter CPXPARAM_MIP_Strategy_LBHeur will be evaluated on 1 alternative value(s) after excluding the current base configuration value.
[DEBUG]:[04:16:25] Created configuration file for parameter CPXPARAM_MIP_Strategy_LBHeur with value 1 at /scratch/yorig/mpils-results-grid-ticks-10000-7may/medium-2/24proc-4pils/seed-2/6_sorrell3_seed-2_20260510_041416/expansion/config_param_CPXPARAM_MIP_Strategy_LBHeur_1_iter_4.prm
[INFO]:[04:16:25] Creating configurations for parameter: CPXPARAM_MIP_Strategy_HeuristicFreq
[DEBUG]:[04:16:25] Parameter CPXPARAM_MIP_Strategy_HeuristicFreq will be evaluated on 6 alternative value(s) after excluding the current base configuration value.
[DEBUG]:[04:16:25] Created configuration file for parameter CPXPARAM_MIP_Strategy_HeuristicFreq with value -1 at /scratch/yorig/mpils-results-grid-ticks-10000-7may/medium-2/24proc-4pils/seed-2/6_sorrell3_seed-2_20260510_041416/expansion/config_param_CPXPARAM_MIP_Strategy_HeuristicFreq_-1_iter_4.prm
[DEBUG]:[04:16:25] Created configuration file for parameter CPXPARAM_MIP_Strategy_HeuristicFreq with value 20 at /scratch/yorig/mpils-results-grid-ticks-10000-7may/medium-2/24proc-4pils/seed-2/6_sorrell3_seed-2_20260510_041416/expansion/config_param_CPXPARAM_MIP_Strategy_HeuristicFreq_20_iter_4.prm
[DEBUG]:[04:16:25] Created configuration file for parameter CPXPARAM_MIP_Strategy_HeuristicFreq with value 40 at /scratch/yorig/mpils-results-grid-ticks-10000-7may/medium-2/24proc-4pils/seed-2/6_sorrell3_seed-2_20260510_041416/expansion/config_param_CPXPARAM_MIP_Strategy_HeuristicFreq_40_iter_4.prm
[DEBUG]:[04:16:25] Created configuration file for parameter CPXPARAM_MIP_Strategy_HeuristicFreq with value 100 at /scratch/yorig/mpils-results-grid-ticks-10000-7may/medium-2/24proc-4pils/seed-2/6_sorrell3_seed-2_20260510_041416/expansion/config_param_CPXPARAM_MIP_Strategy_HeuristicFreq_100_iter_4.prm
[DEBUG]:[04:16:25] Created configuration file for parameter CPXPARAM_MIP_Strategy_HeuristicFreq with value 500 at /scratch/yorig/mpils-results-grid-ticks-10000-7may/medium-2/24proc-4pils/seed-2/6_sorrell3_seed-2_20260510_041416/expansion/config_param_CPXPARAM_MIP_Strategy_HeuristicFreq_500_iter_4.prm
[DEBUG]:[04:16:25] Created configuration file for parameter CPXPARAM_MIP_Strategy_HeuristicFreq with value 1000 at /scratch/yorig/mpils-results-grid-ticks-10000-7may/medium-2/24proc-4pils/seed-2/6_sorrell3_seed-2_20260510_041416/expansion/config_param_CPXPARAM_MIP_Strategy_HeuristicFreq_1000_iter_4.prm
[INFO]:[04:16:25] Created 36 configuration files for expansion phase at iteration 4.
[INFO]:[04:16:25] Skipped 0 expansion parameter(s) with no alternative value to evaluate.
[INFO]:[04:16:25] Launching Expansion Workers via MPI...
[INFO]:[04:16:25] Expansion Workers launched.
[INFO]:[04:16:25] Evaluating expansion parameters...
[INFO]:[04:16:25] Starting CPLEX solver on instance: /home/yorig/tuner/mpils-tests/instances/miplib/medium-2/sorrell3.mps with config: /scratch/yorig/mpils-results-grid-ticks-10000-7may/medium-2/24proc-4pils/seed-2/6_sorrell3_seed-2_20260510_041416/expansion/config_param_CPXPARAM_MIP_Strategy_BBInterval_0_iter_4.prm
[INFO]:[04:16:31] CPLEX results. Gap: 32.920000, upper bound: -15.000000, lower bound: -19.937416
[INFO]:[04:16:31] CPLEX solver finished. Gap: 32.920000
[INFO]:[04:16:33] Starting CPLEX solver on instance: /home/yorig/tuner/mpils-tests/instances/miplib/medium-2/sorrell3.mps with config: /scratch/yorig/mpils-results-grid-ticks-10000-7may/medium-2/24proc-4pils/seed-2/6_sorrell3_seed-2_20260510_041416/expansion/config_param_CPXPARAM_Preprocessing_Symmetry_3_iter_4.prm
[INFO]:[04:16:39] CPLEX results. Gap: 32.920000, upper bound: -15.000000, lower bound: -19.937416
[INFO]:[04:16:39] CPLEX solver finished. Gap: 32.920000
[INFO]:[04:16:39] recordEvaluation produced_mip_start=0 mip_start_file=''
[DEBUG]:[04:16:39] Added evaluation to memory with objective: 32.92, ConfigId: 10367867505090772480, EvalId: 406. Total evaluations stored: 406
[INFO]:[04:16:39] recordEvaluation produced_mip_start=0 mip_start_file=''
[DEBUG]:[04:16:39] Added evaluation to memory with objective: 32.92, ConfigId: 6981505466559507100, EvalId: 407. Total evaluations stored: 407
[INFO]:[04:16:39] recordEvaluation produced_mip_start=0 mip_start_file=''
[DEBUG]:[04:16:39] Added evaluation to memory with objective: 32.92, ConfigId: 9217648412605150455, EvalId: 408. Total evaluations stored: 408
[INFO]:[04:16:39] recordEvaluation produced_mip_start=0 mip_start_file=''
[DEBUG]:[04:16:39] Added evaluation to memory with objective: 32.92, ConfigId: 669868332949300222, EvalId: 409. Total evaluations stored: 409
[INFO]:[04:16:39] recordEvaluation produced_mip_start=0 mip_start_file=''
[DEBUG]:[04:16:39] Added evaluation to memory with objective: 32.92, ConfigId: 7664530252204812683, EvalId: 410. Total evaluations stored: 410
[INFO]:[04:16:39] recordEvaluation produced_mip_start=0 mip_start_file=''
[DEBUG]:[04:16:39] Added evaluation to memory with objective: 32.92, ConfigId: 943308696457746187, EvalId: 411. Total evaluations stored: 411
[INFO]:[04:16:39] recordEvaluation produced_mip_start=0 mip_start_file=''
[DEBUG]:[04:16:39] Added evaluation to memory with objective: 32.92, ConfigId: 4274992816194908291, EvalId: 412. Total evaluations stored: 412
[INFO]:[04:16:39] recordEvaluation produced_mip_start=0 mip_start_file=''
[DEBUG]:[04:16:39] Added evaluation to memory with objective: 32.92, ConfigId: 6125076477284576236, EvalId: 413. Total evaluations stored: 413
[INFO]:[04:16:39] recordEvaluation produced_mip_start=0 mip_start_file=''
[DEBUG]:[04:16:39] Added evaluation to memory with objective: 32.92, ConfigId: 17681797125992855324, EvalId: 414. Total evaluations stored: 414
[INFO]:[04:16:39] recordEvaluation produced_mip_start=0 mip_start_file=''
[DEBUG]:[04:16:39] Added evaluation to memory with objective: 32.92, ConfigId: 7985137452936602758, EvalId: 415. Total evaluations stored: 415
[INFO]:[04:16:39] recordEvaluation produced_mip_start=0 mip_start_file=''
[DEBUG]:[04:16:39] Added evaluation to memory with objective: 42.56, ConfigId: 5405969670083783803, EvalId: 416. Total evaluations stored: 416
[INFO]:[04:16:39] recordEvaluation produced_mip_start=0 mip_start_file=''
[DEBUG]:[04:16:39] Added evaluation to memory with objective: 32.92, ConfigId: 8651854617063964045, EvalId: 417. Total evaluations stored: 417
[INFO]:[04:16:39] recordEvaluation produced_mip_start=0 mip_start_file=''
[DEBUG]:[04:16:39] Added evaluation to memory with objective: 32.92, ConfigId: 16308655040189208719, EvalId: 418. Total evaluations stored: 418
[INFO]:[04:16:39] recordEvaluation produced_mip_start=0 mip_start_file=''
[DEBUG]:[04:16:39] Added evaluation to memory with objective: 32.92, ConfigId: 11132296250054667672, EvalId: 419. Total evaluations stored: 419
[INFO]:[04:16:39] recordEvaluation produced_mip_start=0 mip_start_file=''
[DEBUG]:[04:16:39] Added evaluation to memory with objective: 32.92, ConfigId: 17461320997485066910, EvalId: 420. Total evaluations stored: 420
[INFO]:[04:16:39] recordEvaluation produced_mip_start=0 mip_start_file=''
[DEBUG]:[04:16:39] Added evaluation to memory with objective: 32.92, ConfigId: 2068528652657864843, EvalId: 421. Total evaluations stored: 421
[INFO]:[04:16:39] recordEvaluation produced_mip_start=0 mip_start_file=''
[DEBUG]:[04:16:39] Added evaluation to memory with objective: 32.92, ConfigId: 18186993191888081152, EvalId: 422. Total evaluations stored: 422
[INFO]:[04:16:39] recordEvaluation produced_mip_start=0 mip_start_file=''
[DEBUG]:[04:16:39] Added evaluation to memory with objective: 32.92, ConfigId: 1803083922139384784, EvalId: 423. Total evaluations stored: 423
[INFO]:[04:16:39] recordEvaluation produced_mip_start=0 mip_start_file=''
[DEBUG]:[04:16:39] Added evaluation to memory with objective: 32.92, ConfigId: 14562930175590744358, EvalId: 424. Total evaluations stored: 424
[INFO]:[04:16:39] recordEvaluation produced_mip_start=0 mip_start_file=''
[DEBUG]:[04:16:39] Added evaluation to memory with objective: 32.92, ConfigId: 16338999682052608436, EvalId: 425. Total evaluations stored: 425
[INFO]:[04:16:39] recordEvaluation produced_mip_start=0 mip_start_file=''
[DEBUG]:[04:16:39] Added evaluation to memory with objective: 3313.33, ConfigId: 11593668206648620575, EvalId: 426. Total evaluations stored: 426
[INFO]:[04:16:39] recordEvaluation produced_mip_start=0 mip_start_file=''
[DEBUG]:[04:16:39] Added evaluation to memory with objective: 32.92, ConfigId: 10028251195629324529, EvalId: 427. Total evaluations stored: 427
[INFO]:[04:16:39] recordEvaluation produced_mip_start=0 mip_start_file=''
[DEBUG]:[04:16:39] Added evaluation to memory with objective: 32.92, ConfigId: 15439435433143548603, EvalId: 428. Total evaluations stored: 428
[INFO]:[04:16:39] recordEvaluation produced_mip_start=0 mip_start_file=''
[DEBUG]:[04:16:39] Added evaluation to memory with objective: 32.92, ConfigId: 13280380096018188739, EvalId: 429. Total evaluations stored: 429
[INFO]:[04:16:39] recordEvaluation produced_mip_start=0 mip_start_file=''
[DEBUG]:[04:16:39] Added evaluation to memory with objective: 32.92, ConfigId: 13482802129621885552, EvalId: 430. Total evaluations stored: 430
[INFO]:[04:16:39] recordEvaluation produced_mip_start=0 mip_start_file=''
[DEBUG]:[04:16:39] Added evaluation to memory with objective: 32.92, ConfigId: 14569149825375705340, EvalId: 431. Total evaluations stored: 431
[INFO]:[04:16:39] recordEvaluation produced_mip_start=0 mip_start_file=''
[DEBUG]:[04:16:39] Added evaluation to memory with objective: 32.92, ConfigId: 750251753627997940, EvalId: 432. Total evaluations stored: 432
[INFO]:[04:16:39] recordEvaluation produced_mip_start=0 mip_start_file=''
[DEBUG]:[04:16:39] Added evaluation to memory with objective: 32.92, ConfigId: 11995855590946747981, EvalId: 433. Total evaluations stored: 433
[INFO]:[04:16:39] recordEvaluation produced_mip_start=0 mip_start_file=''
[DEBUG]:[04:16:39] Added evaluation to memory with objective: 33.04, ConfigId: 14866671834987414611, EvalId: 434. Total evaluations stored: 434
[INFO]:[04:16:39] recordEvaluation produced_mip_start=0 mip_start_file=''
[DEBUG]:[04:16:39] Added evaluation to memory with objective: 32.92, ConfigId: 16555568845072023429, EvalId: 435. Total evaluations stored: 435
[INFO]:[04:16:39] recordEvaluation produced_mip_start=0 mip_start_file=''
[DEBUG]:[04:16:39] Added evaluation to memory with objective: 1.79769e+308, ConfigId: 16140037225041629813, EvalId: 436. Total evaluations stored: 436
[INFO]:[04:16:39] recordEvaluation produced_mip_start=0 mip_start_file=''
[DEBUG]:[04:16:39] Added evaluation to memory with objective: 32.92, ConfigId: 2975791128221212644, EvalId: 437. Total evaluations stored: 437
[INFO]:[04:16:39] recordEvaluation produced_mip_start=0 mip_start_file=''
[DEBUG]:[04:16:39] Added evaluation to memory with objective: 32.92, ConfigId: 10891338502605733006, EvalId: 438. Total evaluations stored: 438
[INFO]:[04:16:39] recordEvaluation produced_mip_start=0 mip_start_file=''
[DEBUG]:[04:16:39] Added evaluation to memory with objective: 32.92, ConfigId: 9564105978352375351, EvalId: 439. Total evaluations stored: 439
[INFO]:[04:16:39] recordEvaluation produced_mip_start=0 mip_start_file=''
[DEBUG]:[04:16:39] Added evaluation to memory with objective: 32.92, ConfigId: 18111559722648473763, EvalId: 440. Total evaluations stored: 440
[INFO]:[04:16:39] recordEvaluation produced_mip_start=0 mip_start_file=''
[DEBUG]:[04:16:39] Added evaluation to memory with objective: 32.92, ConfigId: 17774970268413448022, EvalId: 441. Total evaluations stored: 441
[INFO]:[04:16:39] Waiting for Expansion Workers via MPI...
[INFO]:[04:16:39] Expansion Workers have completed.
[INFO]:[04:16:39] Evaluated expansion parameters: 10
[INFO]:[04:16:39] Classifying expansion parameters...
[DEBUG]:[04:16:39] Parameter CPXPARAM_MIP_Strategy_BBInterval valid evaluations: 8, invalid evaluations: 0, c_p: 32.92, s_p: 0, selected_stage_1: No, discarded_by_threshold: No
[DEBUG]:[04:16:39] Parameter CPXPARAM_MIP_Strategy_Branch valid evaluations: 2, invalid evaluations: 0, c_p: 32.92, s_p: 0, selected_stage_1: No, discarded_by_threshold: No
[DEBUG]:[04:16:39] Parameter CPXPARAM_MIP_Limits_CutsFactor valid evaluations: 5, invalid evaluations: 0, c_p: 32.92, s_p: 4.82, selected_stage_1: No, discarded_by_threshold: No
[DEBUG]:[04:16:39] Parameter CPXPARAM_MIP_Strategy_PresolveNode valid evaluations: 4, invalid evaluations: 0, c_p: 32.92, s_p: 0, selected_stage_1: No, discarded_by_threshold: No
[DEBUG]:[04:16:39] Parameter CPXPARAM_MIP_Strategy_Order valid evaluations: 1, invalid evaluations: 0, c_p: 32.92, s_p: 0, selected_stage_1: No, discarded_by_threshold: No
[DEBUG]:[04:16:39] Parameter CPXPARAM_Preprocessing_Presolve valid evaluations: 1, invalid evaluations: 0, c_p: 3313.33, s_p: 0, selected_stage_1: No, discarded_by_threshold: No
[DEBUG]:[04:16:39] Parameter CPXPARAM_Preprocessing_Symmetry valid evaluations: 6, invalid evaluations: 0, c_p: 32.92, s_p: 0, selected_stage_1: No, discarded_by_threshold: No
[DEBUG]:[04:16:39] Parameter CPXPARAM_Preprocessing_Dual valid evaluations: 2, invalid evaluations: 0, c_p: 32.92, s_p: 0.12, selected_stage_1: No, discarded_by_threshold: No
[DEBUG]:[04:16:39] Parameter CPXPARAM_MIP_Strategy_LBHeur valid evaluations: 1, invalid evaluations: 0, c_p: 32.92, s_p: 0, selected_stage_1: No, discarded_by_threshold: No
[DEBUG]:[04:16:39] Parameter CPXPARAM_MIP_Strategy_HeuristicFreq valid evaluations: 5, invalid evaluations: 1, c_p: 32.92, s_p: 0, selected_stage_1: No, discarded_by_threshold: No
[DEBUG]:[04:16:39] Parameter CPXPARAM_MIP_Strategy_BBInterval is dominated by parameter CPXPARAM_MIP_Limits_CutsFactor.
[DEBUG]:[04:16:39] Parameter CPXPARAM_MIP_Strategy_Branch is dominated by parameter CPXPARAM_MIP_Limits_CutsFactor.
[DEBUG]:[04:16:39] Parameter CPXPARAM_MIP_Strategy_PresolveNode is dominated by parameter CPXPARAM_MIP_Limits_CutsFactor.
[DEBUG]:[04:16:39] Parameter CPXPARAM_MIP_Strategy_Order is dominated by parameter CPXPARAM_MIP_Limits_CutsFactor.
[DEBUG]:[04:16:39] Parameter CPXPARAM_Preprocessing_Presolve is dominated by parameter CPXPARAM_MIP_Strategy_BBInterval.
[DEBUG]:[04:16:39] Parameter CPXPARAM_Preprocessing_Symmetry is dominated by parameter CPXPARAM_MIP_Limits_CutsFactor.
[DEBUG]:[04:16:39] Parameter CPXPARAM_Preprocessing_Dual is dominated by parameter CPXPARAM_MIP_Limits_CutsFactor.
[DEBUG]:[04:16:39] Parameter CPXPARAM_MIP_Strategy_LBHeur is dominated by parameter CPXPARAM_MIP_Limits_CutsFactor.
[DEBUG]:[04:16:39] Parameter CPXPARAM_MIP_Strategy_HeuristicFreq is dominated by parameter CPXPARAM_MIP_Limits_CutsFactor.
[DEBUG]:[04:16:39] Parameter CPXPARAM_MIP_Strategy_BBInterval metrics - c_p: 32.92, s_p: 0, selected_stage_1: No, discarded_by_threshold: No, dominated: Yes
[DEBUG]:[04:16:39] Parameter CPXPARAM_MIP_Strategy_Branch metrics - c_p: 32.92, s_p: 0, selected_stage_1: No, discarded_by_threshold: No, dominated: Yes
[DEBUG]:[04:16:39] Parameter CPXPARAM_MIP_Limits_CutsFactor metrics - c_p: 32.92, s_p: 4.82, selected_stage_1: No, discarded_by_threshold: No, dominated: No
[DEBUG]:[04:16:39] Parameter CPXPARAM_MIP_Strategy_PresolveNode metrics - c_p: 32.92, s_p: 0, selected_stage_1: No, discarded_by_threshold: No, dominated: Yes
[DEBUG]:[04:16:39] Parameter CPXPARAM_MIP_Strategy_Order metrics - c_p: 32.92, s_p: 0, selected_stage_1: No, discarded_by_threshold: No, dominated: Yes
[DEBUG]:[04:16:39] Parameter CPXPARAM_Preprocessing_Presolve metrics - c_p: 3313.33, s_p: 0, selected_stage_1: No, discarded_by_threshold: No, dominated: Yes
[DEBUG]:[04:16:39] Parameter CPXPARAM_Preprocessing_Symmetry metrics - c_p: 32.92, s_p: 0, selected_stage_1: No, discarded_by_threshold: No, dominated: Yes
[DEBUG]:[04:16:39] Parameter CPXPARAM_Preprocessing_Dual metrics - c_p: 32.92, s_p: 0.12, selected_stage_1: No, discarded_by_threshold: No, dominated: Yes
[DEBUG]:[04:16:39] Parameter CPXPARAM_MIP_Strategy_LBHeur metrics - c_p: 32.92, s_p: 0, selected_stage_1: No, discarded_by_threshold: No, dominated: Yes
[DEBUG]:[04:16:39] Parameter CPXPARAM_MIP_Strategy_HeuristicFreq metrics - c_p: 32.92, s_p: 0, selected_stage_1: No, discarded_by_threshold: No, dominated: Yes
[INFO]:[04:16:39] Updating parameter flags based on classification...
[INFO]:[04:16:39] Parameter CPXPARAM_MIP_Strategy_BBInterval discarded from tuning.
[INFO]:[04:16:39] Parameter CPXPARAM_MIP_Strategy_Branch discarded from tuning.
[INFO]:[04:16:39] Parameter CPXPARAM_MIP_Limits_CutsFactor selected for tuning.
[INFO]:[04:16:39] Parameter CPXPARAM_MIP_Strategy_PresolveNode discarded from tuning.
[INFO]:[04:16:39] Parameter CPXPARAM_MIP_Strategy_Order discarded from tuning.
[INFO]:[04:16:39] Parameter CPXPARAM_Preprocessing_Presolve discarded from tuning.
[INFO]:[04:16:39] Parameter CPXPARAM_Preprocessing_Symmetry discarded from tuning.
[INFO]:[04:16:39] Parameter CPXPARAM_Preprocessing_Dual discarded from tuning.
[INFO]:[04:16:39] Parameter CPXPARAM_MIP_Strategy_LBHeur discarded from tuning.
[INFO]:[04:16:39] Parameter CPXPARAM_MIP_Strategy_HeuristicFreq discarded from tuning.
[DEBUG]:[04:16:39] Classified parameters at iteration 4 - To Select: 1, To Discard: 9
[DEBUG]:[04:16:39] Parameter: CPXPARAM_MIP_Strategy_BBInterval, To Select: No, To Discard: Yes
[DEBUG]:[04:16:39] Parameter: CPXPARAM_MIP_Strategy_Branch, To Select: No, To Discard: Yes
[DEBUG]:[04:16:39] Parameter: CPXPARAM_MIP_Limits_CutsFactor, To Select: Yes, To Discard: No
[DEBUG]:[04:16:39] Parameter: CPXPARAM_MIP_Strategy_PresolveNode, To Select: No, To Discard: Yes
[DEBUG]:[04:16:39] Parameter: CPXPARAM_MIP_Strategy_Order, To Select: No, To Discard: Yes
[DEBUG]:[04:16:39] Parameter: CPXPARAM_Preprocessing_Presolve, To Select: No, To Discard: Yes
[DEBUG]:[04:16:39] Parameter: CPXPARAM_Preprocessing_Symmetry, To Select: No, To Discard: Yes
[DEBUG]:[04:16:39] Parameter: CPXPARAM_Preprocessing_Dual, To Select: No, To Discard: Yes
[DEBUG]:[04:16:39] Parameter: CPXPARAM_MIP_Strategy_LBHeur, To Select: No, To Discard: Yes
[DEBUG]:[04:16:39] Parameter: CPXPARAM_MIP_Strategy_HeuristicFreq, To Select: No, To Discard: Yes
[INFO]:[04:16:39] Added 36 evaluations to memory from expansion phase at iteration 4
[INFO]:[04:16:39] Expansion phase completed.
[INFO]:[04:16:39] Starting pruning phase...
[INFO]:[04:16:39] Writing learner file for pruning phase: /scratch/yorig/mpils-results-grid-ticks-10000-7may/medium-2/24proc-4pils/seed-2/6_sorrell3_seed-2_20260510_041416/pruning/input/learner_file_4.txt
[INFO]:[04:16:39] Learner file written successfully: /scratch/yorig/mpils-results-grid-ticks-10000-7may/medium-2/24proc-4pils/seed-2/6_sorrell3_seed-2_20260510_041416/pruning/input/learner_file_4.txt
[INFO]:[04:16:39] Extracting forbidden tuples from memory...
[INFO]:[04:16:39] Redirecting learner stdout/stderr to: /scratch/yorig/mpils-results-grid-ticks-10000-7may/medium-2/24proc-4pils/seed-2/6_sorrell3_seed-2_20260510_041416/pruning/learner_iteration_4.log
[INFO]:[04:16:39] Forbidden tuples extracted: 6
[INFO]:[04:16:39] Applying pruning with 6 forbidden tuples...
[DEBUG]:[04:16:39] Adding forbidden value from single-element tuple: CPXPARAM_MIP_Strategy_HeuristicFreq=0
[DEBUG]:[04:16:39] Adding forbidden value from single-element tuple: CPXPARAM_MIP_Strategy_HeuristicFreq=20
[DEBUG]:[04:16:39] Adding forbidden value from single-element tuple: CPXPARAM_MIP_Strategy_HeuristicFreq=40
[DEBUG]:[04:16:39] Adding forbidden value from single-element tuple: CPXPARAM_MIP_Strategy_HeuristicFreq=100
[DEBUG]:[04:16:39] Adding forbidden value from single-element tuple: CPXPARAM_MIP_Strategy_HeuristicFreq=500
[DEBUG]:[04:16:39] Adding forbidden value from single-element tuple: CPXPARAM_MIP_Strategy_HeuristicFreq=1000
[INFO]:[04:16:39] Pruning applied successfully.
[INFO]:[04:16:39] Pruning phase completed.
[INFO]:[04:16:39] Completed iteration 4
[INFO]:[04:16:39] Starting iteration 5
[INFO]:[04:16:39] Starting exploration phase...
[INFO]:[04:16:39] Selecting number of evaluations for tuning phase...
[INFO]:[04:16:39] Selecting initial configurations for tuning phase...
[INFO]:[04:16:39] Using worker 0 best exploration configuration without MIP start as master ILS initial configuration.
[INFO]:[04:16:39] Using global best exploration configuration without MIP start as worker 1 ILS initial configuration.
[INFO]:[04:16:39] Number of evaluations for this tuning phase: 9
[INFO]:[04:16:39] ILS shared cache is disabled for this exploration phase.
[INFO]:[04:16:39] Local search backend for this exploration phase: iterated_local_search
[INFO]:[04:16:39] Running IteratedLocalSearch Engine...
[INFO]:[04:16:39] Mip start is disabled for this iteration.
[INFO]:[04:16:39] Writing ILS search space file for worker 0...
[INFO]:[04:16:39] Warning: Initial value for parameter CPXPARAM_MIP_Cuts_Cliques is forbidden. So unforbidden it for the ILS initial configuration at iteration 5.
[INFO]:[04:16:39] Warning: Initial value for parameter CPXPARAM_MIP_Cuts_FlowCovers is forbidden. So unforbidden it for the ILS initial configuration at iteration 5.
[INFO]:[04:16:39] Warning: Initial value for parameter CPXPARAM_MIP_Cuts_Gomory is forbidden. So unforbidden it for the ILS initial configuration at iteration 5.
[INFO]:[04:16:39] ILS search space file written: /scratch/yorig/mpils-results-grid-ticks-10000-7may/medium-2/24proc-4pils/seed-2/6_sorrell3_seed-2_20260510_041416/iterated_local_search/search_space/search_space_file_5.txt
[INFO]:[04:16:39] Writing ILS search space file for worker 1...
[INFO]:[04:16:39] Warning: Initial value for parameter CPXPARAM_MIP_Cuts_Cliques is forbidden. So unforbidden it for the ILS initial configuration at iteration 5.
[INFO]:[04:16:39] ILS search space file written: /scratch/yorig/mpils-results-grid-ticks-10000-7may/medium-2/24proc-4pils/seed-2/6_sorrell3_seed-2_20260510_041416/iterated_local_search/search_space/search_space_file_5_worker_1.txt
[INFO]:[04:16:39] Writing ILS search space file for worker 2...
[INFO]:[04:16:39] Warning: Initial value for parameter CPXPARAM_Emphasis_MIP is forbidden. So unforbidden it for the ILS initial configuration at iteration 5.
[INFO]:[04:16:39] Warning: Initial value for parameter CPXPARAM_MIP_Cuts_Cliques is forbidden. So unforbidden it for the ILS initial configuration at iteration 5.
[INFO]:[04:16:39] Warning: Initial value for parameter CPXPARAM_MIP_Strategy_VariableSelect is forbidden. So unforbidden it for the ILS initial configuration at iteration 5.
[INFO]:[04:16:39] Warning: Initial configuration contains a forbidden tuple. So unforbidden it for ILS at iteration 5.
[INFO]:[04:16:39] Warning: Initial configuration contains a forbidden tuple. So unforbidden it for ILS at iteration 5.
[INFO]:[04:16:39] ILS search space file written: /scratch/yorig/mpils-results-grid-ticks-10000-7may/medium-2/24proc-4pils/seed-2/6_sorrell3_seed-2_20260510_041416/iterated_local_search/search_space/search_space_file_5_worker_2.txt
[INFO]:[04:16:39] Writing ILS search space file for worker 3...
[INFO]:[04:16:39] Warning: Initial value for parameter CPXPARAM_Emphasis_MIP is forbidden. So unforbidden it for the ILS initial configuration at iteration 5.
[INFO]:[04:16:39] Warning: Initial value for parameter CPXPARAM_MIP_Cuts_Cliques is forbidden. So unforbidden it for the ILS initial configuration at iteration 5.
[INFO]:[04:16:39] Warning: Initial value for parameter CPXPARAM_MIP_Cuts_FlowCovers is forbidden. So unforbidden it for the ILS initial configuration at iteration 5.
[INFO]:[04:16:39] Warning: Initial value for parameter CPXPARAM_MIP_Strategy_Probe is forbidden. So unforbidden it for the ILS initial configuration at iteration 5.
[INFO]:[04:16:39] Warning: Initial value for parameter CPXPARAM_MIP_Strategy_VariableSelect is forbidden. So unforbidden it for the ILS initial configuration at iteration 5.
[INFO]:[04:16:39] Warning: Initial configuration contains a forbidden tuple. So unforbidden it for ILS at iteration 5.
[INFO]:[04:16:39] Warning: Initial configuration contains a forbidden tuple. So unforbidden it for ILS at iteration 5.
[INFO]:[04:16:39] ILS search space file written: /scratch/yorig/mpils-results-grid-ticks-10000-7may/medium-2/24proc-4pils/seed-2/6_sorrell3_seed-2_20260510_041416/iterated_local_search/search_space/search_space_file_5_worker_3.txt
[INFO]:[04:16:39] Writing ILS search space file for worker 4...
[INFO]:[04:16:39] Warning: Initial value for parameter CPXPARAM_Emphasis_MIP is forbidden. So unforbidden it for the ILS initial configuration at iteration 5.
[INFO]:[04:16:39] Warning: Initial value for parameter CPXPARAM_MIP_Cuts_Cliques is forbidden. So unforbidden it for the ILS initial configuration at iteration 5.
[INFO]:[04:16:39] Warning: Initial configuration contains a forbidden tuple. So unforbidden it for ILS at iteration 5.
[INFO]:[04:16:39] Warning: Initial configuration contains a forbidden tuple. So unforbidden it for ILS at iteration 5.
[INFO]:[04:16:39] ILS search space file written: /scratch/yorig/mpils-results-grid-ticks-10000-7may/medium-2/24proc-4pils/seed-2/6_sorrell3_seed-2_20260510_041416/iterated_local_search/search_space/search_space_file_5_worker_4.txt
[INFO]:[04:16:39] Writing ILS search space file for worker 5...
[INFO]:[04:16:39] Warning: Initial value for parameter CPXPARAM_MIP_Strategy_VariableSelect is forbidden. So unforbidden it for the ILS initial configuration at iteration 5.
[INFO]:[04:16:39] Warning: Initial configuration contains a forbidden tuple. So unforbidden it for ILS at iteration 5.
[INFO]:[04:16:39] ILS search space file written: /scratch/yorig/mpils-results-grid-ticks-10000-7may/medium-2/24proc-4pils/seed-2/6_sorrell3_seed-2_20260510_041416/iterated_local_search/search_space/search_space_file_5_worker_5.txt
[INFO]:[04:16:39] Writing ILS search space file for worker 6...
[INFO]:[04:16:39] Warning: Initial value for parameter CPXPARAM_MIP_Cuts_Cliques is forbidden. So unforbidden it for the ILS initial configuration at iteration 5.
[INFO]:[04:16:39] Warning: Initial value for parameter CPXPARAM_MIP_Strategy_VariableSelect is forbidden. So unforbidden it for the ILS initial configuration at iteration 5.
[INFO]:[04:16:39] Warning: Initial configuration contains a forbidden tuple. So unforbidden it for ILS at iteration 5.
[INFO]:[04:16:39] Warning: Initial configuration contains a forbidden tuple. So unforbidden it for ILS at iteration 5.
[INFO]:[04:16:39] ILS search space file written: /scratch/yorig/mpils-results-grid-ticks-10000-7may/medium-2/24proc-4pils/seed-2/6_sorrell3_seed-2_20260510_041416/iterated_local_search/search_space/search_space_file_5_worker_6.txt
[INFO]:[04:16:39] Writing ILS search space file for worker 7...
[INFO]:[04:16:39] Warning: Initial value for parameter CPXPARAM_MIP_Cuts_Cliques is forbidden. So unforbidden it for the ILS initial configuration at iteration 5.
[INFO]:[04:16:39] Warning: Initial value for parameter CPXPARAM_MIP_Strategy_Probe is forbidden. So unforbidden it for the ILS initial configuration at iteration 5.
[INFO]:[04:16:39] Warning: Initial value for parameter CPXPARAM_MIP_Strategy_VariableSelect is forbidden. So unforbidden it for the ILS initial configuration at iteration 5.
[INFO]:[04:16:39] Warning: Initial configuration contains a forbidden tuple. So unforbidden it for ILS at iteration 5.
[INFO]:[04:16:39] Warning: Initial configuration contains a forbidden tuple. So unforbidden it for ILS at iteration 5.
[INFO]:[04:16:39] ILS search space file written: /scratch/yorig/mpils-results-grid-ticks-10000-7may/medium-2/24proc-4pils/seed-2/6_sorrell3_seed-2_20260510_041416/iterated_local_search/search_space/search_space_file_5_worker_7.txt
[INFO]:[04:16:39] Writing ILS search space file for worker 8...
[INFO]:[04:16:39] Warning: Initial value for parameter CPXPARAM_Emphasis_MIP is forbidden. So unforbidden it for the ILS initial configuration at iteration 5.
[INFO]:[04:16:39] Warning: Initial value for parameter CPXPARAM_MIP_Cuts_Cliques is forbidden. So unforbidden it for the ILS initial configuration at iteration 5.
[INFO]:[04:16:39] Warning: Initial configuration contains a forbidden tuple. So unforbidden it for ILS at iteration 5.
[INFO]:[04:16:39] Warning: Initial configuration contains a forbidden tuple. So unforbidden it for ILS at iteration 5.
[INFO]:[04:16:39] ILS search space file written: /scratch/yorig/mpils-results-grid-ticks-10000-7may/medium-2/24proc-4pils/seed-2/6_sorrell3_seed-2_20260510_041416/iterated_local_search/search_space/search_space_file_5_worker_8.txt
[INFO]:[04:16:39] Writing ILS search space file for worker 9...
[INFO]:[04:16:39] Warning: Initial value for parameter CPXPARAM_MIP_Cuts_Cliques is forbidden. So unforbidden it for the ILS initial configuration at iteration 5.
[INFO]:[04:16:39] Warning: Initial value for parameter CPXPARAM_MIP_Strategy_VariableSelect is forbidden. So unforbidden it for the ILS initial configuration at iteration 5.
[INFO]:[04:16:39] ILS search space file written: /scratch/yorig/mpils-results-grid-ticks-10000-7may/medium-2/24proc-4pils/seed-2/6_sorrell3_seed-2_20260510_041416/iterated_local_search/search_space/search_space_file_5_worker_9.txt
[INFO]:[04:16:39] Writing ILS search space file for worker 10...
[INFO]:[04:16:39] Warning: Initial value for parameter CPXPARAM_MIP_Cuts_Cliques is forbidden. So unforbidden it for the ILS initial configuration at iteration 5.
[INFO]:[04:16:39] Warning: Initial value for parameter CPXPARAM_MIP_Cuts_FlowCovers is forbidden. So unforbidden it for the ILS initial configuration at iteration 5.
[INFO]:[04:16:39] Warning: Initial value for parameter CPXPARAM_MIP_Cuts_Gomory is forbidden. So unforbidden it for the ILS initial configuration at iteration 5.
[INFO]:[04:16:39] Warning: Initial value for parameter CPXPARAM_MIP_Strategy_VariableSelect is forbidden. So unforbidden it for the ILS initial configuration at iteration 5.
[INFO]:[04:16:39] Warning: Initial configuration contains a forbidden tuple. So unforbidden it for ILS at iteration 5.
[INFO]:[04:16:39] ILS search space file written: /scratch/yorig/mpils-results-grid-ticks-10000-7may/medium-2/24proc-4pils/seed-2/6_sorrell3_seed-2_20260510_041416/iterated_local_search/search_space/search_space_file_5_worker_10.txt
[INFO]:[04:16:39] Writing ILS search space file for worker 11...
[INFO]:[04:16:39] Warning: Initial value for parameter CPXPARAM_Emphasis_MIP is forbidden. So unforbidden it for the ILS initial configuration at iteration 5.
[INFO]:[04:16:39] Warning: Initial value for parameter CPXPARAM_MIP_Cuts_Cliques is forbidden. So unforbidden it for the ILS initial configuration at iteration 5.
[INFO]:[04:16:39] Warning: Initial value for parameter CPXPARAM_MIP_Cuts_Gomory is forbidden. So unforbidden it for the ILS initial configuration at iteration 5.
[INFO]:[04:16:39] Warning: Initial value for parameter CPXPARAM_MIP_Strategy_Probe is forbidden. So unforbidden it for the ILS initial configuration at iteration 5.
[INFO]:[04:16:39] Warning: Initial configuration contains a forbidden tuple. So unforbidden it for ILS at iteration 5.
[INFO]:[04:16:39] ILS search space file written: /scratch/yorig/mpils-results-grid-ticks-10000-7may/medium-2/24proc-4pils/seed-2/6_sorrell3_seed-2_20260510_041416/iterated_local_search/search_space/search_space_file_5_worker_11.txt
[INFO]:[04:16:39] Writing ILS search space file for worker 12...
[INFO]:[04:16:39] Warning: Initial value for parameter CPXPARAM_Emphasis_MIP is forbidden. So unforbidden it for the ILS initial configuration at iteration 5.
[INFO]:[04:16:39] Warning: Initial value for parameter CPXPARAM_MIP_Cuts_Cliques is forbidden. So unforbidden it for the ILS initial configuration at iteration 5.
[INFO]:[04:16:39] Warning: Initial value for parameter CPXPARAM_MIP_Strategy_Probe is forbidden. So unforbidden it for the ILS initial configuration at iteration 5.
[INFO]:[04:16:39] Warning: Initial configuration contains a forbidden tuple. So unforbidden it for ILS at iteration 5.
[INFO]:[04:16:39] Warning: Initial configuration contains a forbidden tuple. So unforbidden it for ILS at iteration 5.
[INFO]:[04:16:39] Warning: Initial configuration contains a forbidden tuple. So unforbidden it for ILS at iteration 5.
[INFO]:[04:16:39] Warning: Initial configuration contains a forbidden tuple. So unforbidden it for ILS at iteration 5.
[INFO]:[04:16:39] Warning: Initial configuration contains a forbidden tuple. So unforbidden it for ILS at iteration 5.
[INFO]:[04:16:39] Warning: Initial configuration contains a forbidden tuple. So unforbidden it for ILS at iteration 5.
[INFO]:[04:16:39] ILS search space file written: /scratch/yorig/mpils-results-grid-ticks-10000-7may/medium-2/24proc-4pils/seed-2/6_sorrell3_seed-2_20260510_041416/iterated_local_search/search_space/search_space_file_5_worker_12.txt
[INFO]:[04:16:39] Writing ILS search space file for worker 13...
[INFO]:[04:16:39] Warning: Initial value for parameter CPXPARAM_Emphasis_MIP is forbidden. So unforbidden it for the ILS initial configuration at iteration 5.
[INFO]:[04:16:39] Warning: Initial value for parameter CPXPARAM_MIP_Cuts_FlowCovers is forbidden. So unforbidden it for the ILS initial configuration at iteration 5.
[INFO]:[04:16:39] Warning: Initial configuration contains a forbidden tuple. So unforbidden it for ILS at iteration 5.
[INFO]:[04:16:39] Warning: Initial configuration contains a forbidden tuple. So unforbidden it for ILS at iteration 5.
[INFO]:[04:16:39] Warning: Initial configuration contains a forbidden tuple. So unforbidden it for ILS at iteration 5.
[INFO]:[04:16:39] Warning: Initial configuration contains a forbidden tuple. So unforbidden it for ILS at iteration 5.
[INFO]:[04:16:39] ILS search space file written: /scratch/yorig/mpils-results-grid-ticks-10000-7may/medium-2/24proc-4pils/seed-2/6_sorrell3_seed-2_20260510_041416/iterated_local_search/search_space/search_space_file_5_worker_13.txt
[INFO]:[04:16:39] Writing ILS search space file for worker 14...
[INFO]:[04:16:39] Warning: Initial value for parameter CPXPARAM_MIP_Cuts_Cliques is forbidden. So unforbidden it for the ILS initial configuration at iteration 5.
[INFO]:[04:16:39] ILS search space file written: /scratch/yorig/mpils-results-grid-ticks-10000-7may/medium-2/24proc-4pils/seed-2/6_sorrell3_seed-2_20260510_041416/iterated_local_search/search_space/search_space_file_5_worker_14.txt
[INFO]:[04:16:39] Writing ILS search space file for worker 15...
[INFO]:[04:16:39] Warning: Initial value for parameter CPXPARAM_MIP_Cuts_Cliques is forbidden. So unforbidden it for the ILS initial configuration at iteration 5.
[INFO]:[04:16:39] Warning: Initial configuration contains a forbidden tuple. So unforbidden it for ILS at iteration 5.
[INFO]:[04:16:39] Warning: Initial configuration contains a forbidden tuple. So unforbidden it for ILS at iteration 5.
[INFO]:[04:16:39] ILS search space file written: /scratch/yorig/mpils-results-grid-ticks-10000-7may/medium-2/24proc-4pils/seed-2/6_sorrell3_seed-2_20260510_041416/iterated_local_search/search_space/search_space_file_5_worker_15.txt
[INFO]:[04:16:39] Writing ILS search space file for worker 16...
[INFO]:[04:16:39] Warning: Initial value for parameter CPXPARAM_Emphasis_MIP is forbidden. So unforbidden it for the ILS initial configuration at iteration 5.
[INFO]:[04:16:39] Warning: Initial value for parameter CPXPARAM_MIP_Cuts_Cliques is forbidden. So unforbidden it for the ILS initial configuration at iteration 5.
[INFO]:[04:16:39] Warning: Initial configuration contains a forbidden tuple. So unforbidden it for ILS at iteration 5.
[INFO]:[04:16:39] Warning: Initial configuration contains a forbidden tuple. So unforbidden it for ILS at iteration 5.
[INFO]:[04:16:39] Warning: Initial configuration contains a forbidden tuple. So unforbidden it for ILS at iteration 5.
[INFO]:[04:16:39] Warning: Initial configuration contains a forbidden tuple. So unforbidden it for ILS at iteration 5.
[INFO]:[04:16:39] Warning: Initial configuration contains a forbidden tuple. So unforbidden it for ILS at iteration 5.
[INFO]:[04:16:39] Warning: Initial configuration contains a forbidden tuple. So unforbidden it for ILS at iteration 5.
[INFO]:[04:16:39] Warning: Initial configuration contains a forbidden tuple. So unforbidden it for ILS at iteration 5.
[INFO]:[04:16:39] ILS search space file written: /scratch/yorig/mpils-results-grid-ticks-10000-7may/medium-2/24proc-4pils/seed-2/6_sorrell3_seed-2_20260510_041416/iterated_local_search/search_space/search_space_file_5_worker_16.txt
[INFO]:[04:16:39] Writing ILS search space file for worker 17...
[INFO]:[04:16:39] Warning: Initial value for parameter CPXPARAM_Emphasis_MIP is forbidden. So unforbidden it for the ILS initial configuration at iteration 5.
[INFO]:[04:16:39] Warning: Initial value for parameter CPXPARAM_MIP_Cuts_Cliques is forbidden. So unforbidden it for the ILS initial configuration at iteration 5.
[INFO]:[04:16:39] Warning: Initial value for parameter CPXPARAM_MIP_Strategy_Probe is forbidden. So unforbidden it for the ILS initial configuration at iteration 5.
[INFO]:[04:16:39] Warning: Initial configuration contains a forbidden tuple. So unforbidden it for ILS at iteration 5.
[INFO]:[04:16:39] ILS search space file written: /scratch/yorig/mpils-results-grid-ticks-10000-7may/medium-2/24proc-4pils/seed-2/6_sorrell3_seed-2_20260510_041416/iterated_local_search/search_space/search_space_file_5_worker_17.txt
[INFO]:[04:16:39] Writing ILS search space file for worker 18...
[INFO]:[04:16:39] Warning: Initial value for parameter CPXPARAM_Emphasis_MIP is forbidden. So unforbidden it for the ILS initial configuration at iteration 5.
[INFO]:[04:16:39] Warning: Initial value for parameter CPXPARAM_MIP_Cuts_Gomory is forbidden. So unforbidden it for the ILS initial configuration at iteration 5.
[INFO]:[04:16:39] Warning: Initial value for parameter CPXPARAM_MIP_Strategy_Probe is forbidden. So unforbidden it for the ILS initial configuration at iteration 5.
[INFO]:[04:16:39] Warning: Initial configuration contains a forbidden tuple. So unforbidden it for ILS at iteration 5.
[INFO]:[04:16:39] Warning: Initial configuration contains a forbidden tuple. So unforbidden it for ILS at iteration 5.
[INFO]:[04:16:39] Warning: Initial configuration contains a forbidden tuple. So unforbidden it for ILS at iteration 5.
[INFO]:[04:16:39] ILS search space file written: /scratch/yorig/mpils-results-grid-ticks-10000-7may/medium-2/24proc-4pils/seed-2/6_sorrell3_seed-2_20260510_041416/iterated_local_search/search_space/search_space_file_5_worker_18.txt
[INFO]:[04:16:39] Writing ILS search space file for worker 19...
[INFO]:[04:16:39] Warning: Initial value for parameter CPXPARAM_MIP_Cuts_Cliques is forbidden. So unforbidden it for the ILS initial configuration at iteration 5.
[INFO]:[04:16:39] Warning: Initial value for parameter CPXPARAM_MIP_Strategy_Probe is forbidden. So unforbidden it for the ILS initial configuration at iteration 5.
[INFO]:[04:16:39] ILS search space file written: /scratch/yorig/mpils-results-grid-ticks-10000-7may/medium-2/24proc-4pils/seed-2/6_sorrell3_seed-2_20260510_041416/iterated_local_search/search_space/search_space_file_5_worker_19.txt
[INFO]:[04:16:39] Writing ILS search space file for worker 20...
[INFO]:[04:16:39] Warning: Initial value for parameter CPXPARAM_Emphasis_MIP is forbidden. So unforbidden it for the ILS initial configuration at iteration 5.
[INFO]:[04:16:39] Warning: Initial value for parameter CPXPARAM_MIP_Cuts_Cliques is forbidden. So unforbidden it for the ILS initial configuration at iteration 5.
[INFO]:[04:16:39] Warning: Initial configuration contains a forbidden tuple. So unforbidden it for ILS at iteration 5.
[INFO]:[04:16:39] Warning: Initial configuration contains a forbidden tuple. So unforbidden it for ILS at iteration 5.
[INFO]:[04:16:39] Warning: Initial configuration contains a forbidden tuple. So unforbidden it for ILS at iteration 5.
[INFO]:[04:16:39] Warning: Initial configuration contains a forbidden tuple. So unforbidden it for ILS at iteration 5.
[INFO]:[04:16:39] Warning: Initial configuration contains a forbidden tuple. So unforbidden it for ILS at iteration 5.
[INFO]:[04:16:39] Warning: Initial configuration contains a forbidden tuple. So unforbidden it for ILS at iteration 5.
[INFO]:[04:16:39] ILS search space file written: /scratch/yorig/mpils-results-grid-ticks-10000-7may/medium-2/24proc-4pils/seed-2/6_sorrell3_seed-2_20260510_041416/iterated_local_search/search_space/search_space_file_5_worker_20.txt
[INFO]:[04:16:39] Writing ILS search space file for worker 21...
[INFO]:[04:16:39] Warning: Initial value for parameter CPXPARAM_MIP_Cuts_Cliques is forbidden. So unforbidden it for the ILS initial configuration at iteration 5.
[INFO]:[04:16:39] Warning: Initial value for parameter CPXPARAM_MIP_Strategy_VariableSelect is forbidden. So unforbidden it for the ILS initial configuration at iteration 5.
[INFO]:[04:16:39] Warning: Initial configuration contains a forbidden tuple. So unforbidden it for ILS at iteration 5.
[INFO]:[04:16:39] ILS search space file written: /scratch/yorig/mpils-results-grid-ticks-10000-7may/medium-2/24proc-4pils/seed-2/6_sorrell3_seed-2_20260510_041416/iterated_local_search/search_space/search_space_file_5_worker_21.txt
[INFO]:[04:16:39] Writing ILS search space file for worker 22...
[INFO]:[04:16:39] Warning: Initial value for parameter CPXPARAM_Emphasis_MIP is forbidden. So unforbidden it for the ILS initial configuration at iteration 5.
[INFO]:[04:16:39] Warning: Initial value for parameter CPXPARAM_MIP_Cuts_Cliques is forbidden. So unforbidden it for the ILS initial configuration at iteration 5.
[INFO]:[04:16:39] Warning: Initial value for parameter CPXPARAM_MIP_Strategy_Probe is forbidden. So unforbidden it for the ILS initial configuration at iteration 5.
[INFO]:[04:16:39] Warning: Initial configuration contains a forbidden tuple. So unforbidden it for ILS at iteration 5.
[INFO]:[04:16:39] Warning: Initial configuration contains a forbidden tuple. So unforbidden it for ILS at iteration 5.
[INFO]:[04:16:39] Warning: Initial configuration contains a forbidden tuple. So unforbidden it for ILS at iteration 5.
[INFO]:[04:16:39] Warning: Initial configuration contains a forbidden tuple. So unforbidden it for ILS at iteration 5.
[INFO]:[04:16:39] Warning: Initial configuration contains a forbidden tuple. So unforbidden it for ILS at iteration 5.
[INFO]:[04:16:39] Warning: Initial configuration contains a forbidden tuple. So unforbidden it for ILS at iteration 5.
[INFO]:[04:16:39] ILS search space file written: /scratch/yorig/mpils-results-grid-ticks-10000-7may/medium-2/24proc-4pils/seed-2/6_sorrell3_seed-2_20260510_041416/iterated_local_search/search_space/search_space_file_5_worker_22.txt
[INFO]:[04:16:39] Writing ILS search space file for worker 23...
[INFO]:[04:16:39] Warning: Initial value for parameter CPXPARAM_Emphasis_MIP is forbidden. So unforbidden it for the ILS initial configuration at iteration 5.
[INFO]:[04:16:39] Warning: Initial value for parameter CPXPARAM_MIP_Cuts_Cliques is forbidden. So unforbidden it for the ILS initial configuration at iteration 5.
[INFO]:[04:16:39] Warning: Initial configuration contains a forbidden tuple. So unforbidden it for ILS at iteration 5.
[INFO]:[04:16:39] Warning: Initial configuration contains a forbidden tuple. So unforbidden it for ILS at iteration 5.
[INFO]:[04:16:39] Warning: Initial configuration contains a forbidden tuple. So unforbidden it for ILS at iteration 5.
[INFO]:[04:16:39] ILS search space file written: /scratch/yorig/mpils-results-grid-ticks-10000-7may/medium-2/24proc-4pils/seed-2/6_sorrell3_seed-2_20260510_041416/iterated_local_search/search_space/search_space_file_5_worker_23.txt
[INFO]:[04:16:39] Launching Local Search Workers via MPI...
[INFO]:[04:16:39] Local Search Workers launched.
[INFO]:[04:16:39] Starting local search phase...
[INFO]:[04:16:39] Creating local search space from parameter space file: /scratch/yorig/mpils-results-grid-ticks-10000-7may/medium-2/24proc-4pils/seed-2/6_sorrell3_seed-2_20260510_041416/iterated_local_search/search_space/search_space_file_5.txt
[INFO]:[04:16:39] Local search space loaded from file: /scratch/yorig/mpils-results-grid-ticks-10000-7may/medium-2/24proc-4pils/seed-2/6_sorrell3_seed-2_20260510_041416/iterated_local_search/search_space/search_space_file_5.txt
[INFO]:[04:16:39] Number of parameters in local search space: 71
[INFO]:[04:16:39] Number of forbidden tuples in local search space: 69
[INFO]:[04:16:39] Number of conditionals in local search space: 6
[INFO]:[04:16:39] MIP start option not enabled. Local search will proceed without MIP start.
[INFO]:[04:16:39] Seeded initial configuration into local search cache with known objective value: 33.27
[INFO]:[04:16:39] Starting CPLEX solver on instance: /home/yorig/tuner/mpils-tests/instances/miplib/medium-2/sorrell3.mps with config: /scratch/yorig/mpils-results-grid-ticks-10000-7may/medium-2/24proc-4pils/seed-2/6_sorrell3_seed-2_20260510_041416/iterated_local_search/run_5_worker_0/ils_config_8397559641555650328.prm
[INFO]:[04:16:39] Starting CPLEX solver on instance: /home/yorig/tuner/mpils-tests/instances/miplib/medium-2/sorrell3.mps with config: /scratch/yorig/mpils-results-grid-ticks-10000-7may/medium-2/24proc-4pils/seed-2/6_sorrell3_seed-2_20260510_041416/iterated_local_search/run_5_worker_0/ils_config_8397559641555650328.prm
[INFO]:[04:16:45] CPLEX results. Gap: 33.270000, upper bound: -15.000000, lower bound: -19.990665
[INFO]:[04:16:45] CPLEX solver finished. Gap: 33.270000
[INFO]:[04:16:45] Starting CPLEX solver on instance: /home/yorig/tuner/mpils-tests/instances/miplib/medium-2/sorrell3.mps with config: /scratch/yorig/mpils-results-grid-ticks-10000-7may/medium-2/24proc-4pils/seed-2/6_sorrell3_seed-2_20260510_041416/iterated_local_search/run_5_worker_0/ils_config_6156212775766088192.prm
[INFO]:[04:16:45] Starting CPLEX solver on instance: /home/yorig/tuner/mpils-tests/instances/miplib/medium-2/sorrell3.mps with config: /scratch/yorig/mpils-results-grid-ticks-10000-7may/medium-2/24proc-4pils/seed-2/6_sorrell3_seed-2_20260510_041416/iterated_local_search/run_5_worker_0/ils_config_6156212775766088192.prm
[INFO]:[04:16:52] CPLEX results. Gap: 33.270000, upper bound: -15.000000, lower bound: -19.990665
[INFO]:[04:16:52] CPLEX solver finished. Gap: 33.270000
[INFO]:[04:16:52] Starting CPLEX solver on instance: /home/yorig/tuner/mpils-tests/instances/miplib/medium-2/sorrell3.mps with config: /scratch/yorig/mpils-results-grid-ticks-10000-7may/medium-2/24proc-4pils/seed-2/6_sorrell3_seed-2_20260510_041416/iterated_local_search/run_5_worker_0/ils_config_18258285067840551.prm
[INFO]:[04:16:52] Starting CPLEX solver on instance: /home/yorig/tuner/mpils-tests/instances/miplib/medium-2/sorrell3.mps with config: /scratch/yorig/mpils-results-grid-ticks-10000-7may/medium-2/24proc-4pils/seed-2/6_sorrell3_seed-2_20260510_041416/iterated_local_search/run_5_worker_0/ils_config_18258285067840551.prm
[INFO]:[04:16:58] CPLEX results. Gap: 33.270000, upper bound: -15.000000, lower bound: -19.990665
[INFO]:[04:16:58] CPLEX solver finished. Gap: 33.270000
[INFO]:[04:16:58] Local search phase completed.
[INFO]:[04:16:58] Total number of new local-search evaluations: 12
[INFO]:[04:16:58] Final incumbent objective value: 33.27
[INFO]:[04:16:58] recordEvaluation produced_mip_start=0 mip_start_file=''
[DEBUG]:[04:16:58] Added evaluation to memory with objective: 33.27, ConfigId: 8397559641555650328, EvalId: 442. Total evaluations stored: 442
[INFO]:[04:16:58] recordEvaluation produced_mip_start=0 mip_start_file=''
[DEBUG]:[04:16:58] Added evaluation to memory with objective: 33.27, ConfigId: 537545194242083477, EvalId: 443. Total evaluations stored: 443
[INFO]:[04:16:58] recordEvaluation produced_mip_start=0 mip_start_file=''
[DEBUG]:[04:16:58] Added evaluation to memory with objective: 33.37, ConfigId: 8341930451596123643, EvalId: 444. Total evaluations stored: 444
[INFO]:[04:16:58] recordEvaluation produced_mip_start=0 mip_start_file=''
[DEBUG]:[04:16:58] Added evaluation to memory with objective: 33.27, ConfigId: 8518222868503015260, EvalId: 445. Total evaluations stored: 445
[INFO]:[04:16:58] recordEvaluation produced_mip_start=0 mip_start_file=''
[DEBUG]:[04:16:58] Added evaluation to memory with objective: 33.27, ConfigId: 6156212775766088192, EvalId: 446. Total evaluations stored: 446
[INFO]:[04:16:58] recordEvaluation produced_mip_start=0 mip_start_file=''
[DEBUG]:[04:16:58] Added evaluation to memory with objective: 33.27, ConfigId: 16828104216871254481, EvalId: 447. Total evaluations stored: 447
[INFO]:[04:16:58] recordEvaluation produced_mip_start=0 mip_start_file=''
[DEBUG]:[04:16:58] Added evaluation to memory with objective: 33.27, ConfigId: 12695176628546231593, EvalId: 448. Total evaluations stored: 448
[INFO]:[04:16:58] recordEvaluation produced_mip_start=0 mip_start_file=''
[DEBUG]:[04:16:58] Added evaluation to memory with objective: 42.55, ConfigId: 5538009809427587900, EvalId: 449. Total evaluations stored: 449
[INFO]:[04:16:58] recordEvaluation produced_mip_start=0 mip_start_file=''
[DEBUG]:[04:16:58] Added evaluation to memory with objective: 33.27, ConfigId: 18258285067840551, EvalId: 450. Total evaluations stored: 450
[INFO]:[04:16:58] recordEvaluation produced_mip_start=0 mip_start_file=''
[DEBUG]:[04:16:58] Added evaluation to memory with objective: 33.27, ConfigId: 13792264024182173013, EvalId: 451. Total evaluations stored: 451
[INFO]:[04:16:58] recordEvaluation produced_mip_start=0 mip_start_file=''
[DEBUG]:[04:16:58] Added evaluation to memory with objective: 33.3, ConfigId: 10053928452960923886, EvalId: 452. Total evaluations stored: 452
[INFO]:[04:16:58] recordEvaluation produced_mip_start=0 mip_start_file=''
[DEBUG]:[04:16:58] Added evaluation to memory with objective: 33.27, ConfigId: 16309308553550332763, EvalId: 453. Total evaluations stored: 453
[INFO]:[04:16:58] Waiting for Local Search Workers via MPI...
[INFO]:[04:16:59] Local Search Workers have completed.
[INFO]:[04:16:59] recordEvaluation produced_mip_start=0 mip_start_file=''
[DEBUG]:[04:16:59] Added evaluation to memory with objective: 42.3, ConfigId: 5187519022177054762, EvalId: 454. Total evaluations stored: 454
[INFO]:[04:16:59] recordEvaluation produced_mip_start=0 mip_start_file=''
[DEBUG]:[04:16:59] Added evaluation to memory with objective: 42.92, ConfigId: 313599574996573452, EvalId: 455. Total evaluations stored: 455
[INFO]:[04:16:59] recordEvaluation produced_mip_start=0 mip_start_file=''
[DEBUG]:[04:16:59] Added evaluation to memory with objective: 42.85, ConfigId: 68693031085045047, EvalId: 456. Total evaluations stored: 456
[INFO]:[04:16:59] recordEvaluation produced_mip_start=0 mip_start_file=''
[DEBUG]:[04:16:59] Added evaluation to memory with objective: 38.65, ConfigId: 8090610132524996648, EvalId: 457. Total evaluations stored: 457
[INFO]:[04:16:59] recordEvaluation produced_mip_start=0 mip_start_file=''
[DEBUG]:[04:16:59] Added evaluation to memory with objective: 38.65, ConfigId: 9245375587430034092, EvalId: 458. Total evaluations stored: 458
[INFO]:[04:16:59] recordEvaluation produced_mip_start=0 mip_start_file=''
[DEBUG]:[04:16:59] Added evaluation to memory with objective: 38.65, ConfigId: 3888422721613084068, EvalId: 459. Total evaluations stored: 459
[INFO]:[04:16:59] recordEvaluation produced_mip_start=0 mip_start_file=''
[DEBUG]:[04:16:59] Added evaluation to memory with objective: 38.65, ConfigId: 5358628200996522462, EvalId: 460. Total evaluations stored: 460
[INFO]:[04:16:59] recordEvaluation produced_mip_start=0 mip_start_file=''
[DEBUG]:[04:16:59] Added evaluation to memory with objective: 38.65, ConfigId: 8097575556117312451, EvalId: 461. Total evaluations stored: 461
[INFO]:[04:16:59] recordEvaluation produced_mip_start=0 mip_start_file=''
[DEBUG]:[04:16:59] Added evaluation to memory with objective: 38.65, ConfigId: 5517393670552899198, EvalId: 462. Total evaluations stored: 462
[INFO]:[04:16:59] recordEvaluation produced_mip_start=0 mip_start_file=''
[DEBUG]:[04:16:59] Added evaluation to memory with objective: 38.65, ConfigId: 2986110803912194416, EvalId: 463. Total evaluations stored: 463
[INFO]:[04:16:59] recordEvaluation produced_mip_start=0 mip_start_file=''
[DEBUG]:[04:16:59] Added evaluation to memory with objective: 38.65, ConfigId: 10726990056353818607, EvalId: 464. Total evaluations stored: 464
[INFO]:[04:16:59] recordEvaluation produced_mip_start=0 mip_start_file=''
[DEBUG]:[04:16:59] Added evaluation to memory with objective: 38.65, ConfigId: 17646788118292865566, EvalId: 465. Total evaluations stored: 465
[INFO]:[04:16:59] recordEvaluation produced_mip_start=0 mip_start_file=''
[DEBUG]:[04:16:59] Added evaluation to memory with objective: 32.97, ConfigId: 10808375609648763074, EvalId: 466. Total evaluations stored: 466
[INFO]:[04:16:59] recordEvaluation produced_mip_start=0 mip_start_file=''
[DEBUG]:[04:16:59] Added evaluation to memory with objective: 33.39, ConfigId: 15124312190777058390, EvalId: 467. Total evaluations stored: 467
[INFO]:[04:16:59] recordEvaluation produced_mip_start=0 mip_start_file=''
[DEBUG]:[04:16:59] Added evaluation to memory with objective: 41.93, ConfigId: 17779696222252728963, EvalId: 468. Total evaluations stored: 468
[INFO]:[04:16:59] recordEvaluation produced_mip_start=0 mip_start_file=''
[DEBUG]:[04:16:59] Added evaluation to memory with objective: 42.44, ConfigId: 5689853037222908159, EvalId: 469. Total evaluations stored: 469
[INFO]:[04:16:59] recordEvaluation produced_mip_start=0 mip_start_file=''
[DEBUG]:[04:16:59] Added evaluation to memory with objective: 32.97, ConfigId: 9212917096249619496, EvalId: 470. Total evaluations stored: 470
[INFO]:[04:16:59] recordEvaluation produced_mip_start=0 mip_start_file=''
[DEBUG]:[04:16:59] Added evaluation to memory with objective: 32.97, ConfigId: 16415478127374736646, EvalId: 471. Total evaluations stored: 471
[INFO]:[04:16:59] recordEvaluation produced_mip_start=0 mip_start_file=''
[DEBUG]:[04:16:59] Added evaluation to memory with objective: 32.97, ConfigId: 8101145452504763821, EvalId: 472. Total evaluations stored: 472
[INFO]:[04:16:59] recordEvaluation produced_mip_start=0 mip_start_file=''
[DEBUG]:[04:16:59] Added evaluation to memory with objective: 32.97, ConfigId: 16969661517724535907, EvalId: 473. Total evaluations stored: 473
[INFO]:[04:16:59] recordEvaluation produced_mip_start=0 mip_start_file=''
[DEBUG]:[04:16:59] Added evaluation to memory with objective: 32.97, ConfigId: 18279653793100451508, EvalId: 474. Total evaluations stored: 474
[INFO]:[04:16:59] recordEvaluation produced_mip_start=0 mip_start_file=''
[DEBUG]:[04:16:59] Added evaluation to memory with objective: 42.61, ConfigId: 13930724368750710337, EvalId: 475. Total evaluations stored: 475
[INFO]:[04:16:59] recordEvaluation produced_mip_start=0 mip_start_file=''
[DEBUG]:[04:16:59] Added evaluation to memory with objective: 32.97, ConfigId: 5435725128970753278, EvalId: 476. Total evaluations stored: 476
[INFO]:[04:16:59] recordEvaluation produced_mip_start=0 mip_start_file=''
[DEBUG]:[04:16:59] Added evaluation to memory with objective: 32.97, ConfigId: 14739607979890580154, EvalId: 477. Total evaluations stored: 477
[INFO]:[04:16:59] recordEvaluation produced_mip_start=0 mip_start_file=''
[DEBUG]:[04:16:59] Added evaluation to memory with objective: 35.07, ConfigId: 11572196489457088246, EvalId: 478. Total evaluations stored: 478
[INFO]:[04:16:59] recordEvaluation produced_mip_start=0 mip_start_file=''
[DEBUG]:[04:16:59] Added evaluation to memory with objective: 32.92, ConfigId: 6612017825065931857, EvalId: 479. Total evaluations stored: 479
[INFO]:[04:16:59] recordEvaluation produced_mip_start=0 mip_start_file=''
[DEBUG]:[04:16:59] Added evaluation to memory with objective: 42.85, ConfigId: 2694341037463321838, EvalId: 480. Total evaluations stored: 480
[INFO]:[04:16:59] recordEvaluation produced_mip_start=0 mip_start_file=''
[DEBUG]:[04:16:59] Added evaluation to memory with objective: 42.72, ConfigId: 360068085510052912, EvalId: 481. Total evaluations stored: 481
[INFO]:[04:16:59] recordEvaluation produced_mip_start=0 mip_start_file=''
[DEBUG]:[04:16:59] Added evaluation to memory with objective: 33.03, ConfigId: 2052266830008293688, EvalId: 482. Total evaluations stored: 482
[INFO]:[04:16:59] recordEvaluation produced_mip_start=0 mip_start_file=''
[DEBUG]:[04:16:59] Added evaluation to memory with objective: 32.92, ConfigId: 7374399441598840432, EvalId: 483. Total evaluations stored: 483
[INFO]:[04:16:59] recordEvaluation produced_mip_start=0 mip_start_file=''
[DEBUG]:[04:16:59] Added evaluation to memory with objective: 32.97, ConfigId: 10888523290990882959, EvalId: 484. Total evaluations stored: 484
[INFO]:[04:16:59] recordEvaluation produced_mip_start=0 mip_start_file=''
[DEBUG]:[04:16:59] Added evaluation to memory with objective: 32.92, ConfigId: 3534444573585596717, EvalId: 485. Total evaluations stored: 485
[INFO]:[04:16:59] recordEvaluation produced_mip_start=0 mip_start_file=''
[DEBUG]:[04:16:59] Added evaluation to memory with objective: 32.92, ConfigId: 7966187755687254934, EvalId: 486. Total evaluations stored: 486
[INFO]:[04:16:59] recordEvaluation produced_mip_start=0 mip_start_file=''
[DEBUG]:[04:16:59] Added evaluation to memory with objective: 32.92, ConfigId: 6175204040700542537, EvalId: 487. Total evaluations stored: 487
[INFO]:[04:16:59] recordEvaluation produced_mip_start=0 mip_start_file=''
[DEBUG]:[04:16:59] Added evaluation to memory with objective: 32.92, ConfigId: 10628959208484835260, EvalId: 488. Total evaluations stored: 488
[INFO]:[04:16:59] recordEvaluation produced_mip_start=0 mip_start_file=''
[DEBUG]:[04:16:59] Added evaluation to memory with objective: 32.92, ConfigId: 11189309203665576719, EvalId: 489. Total evaluations stored: 489
[INFO]:[04:16:59] recordEvaluation produced_mip_start=0 mip_start_file=''
[DEBUG]:[04:16:59] Added evaluation to memory with objective: 35.48, ConfigId: 7072495407819521878, EvalId: 490. Total evaluations stored: 490
[INFO]:[04:16:59] recordEvaluation produced_mip_start=0 mip_start_file=''
[DEBUG]:[04:16:59] Added evaluation to memory with objective: 42.64, ConfigId: 11900705979337771480, EvalId: 491. Total evaluations stored: 491
[INFO]:[04:16:59] recordEvaluation produced_mip_start=0 mip_start_file=''
[DEBUG]:[04:16:59] Added evaluation to memory with objective: 33.48, ConfigId: 18210719979975295827, EvalId: 492. Total evaluations stored: 492
[INFO]:[04:16:59] recordEvaluation produced_mip_start=0 mip_start_file=''
[DEBUG]:[04:16:59] Added evaluation to memory with objective: 41.91, ConfigId: 12957042197444232460, EvalId: 493. Total evaluations stored: 493
[INFO]:[04:16:59] recordEvaluation produced_mip_start=0 mip_start_file=''
[DEBUG]:[04:16:59] Added evaluation to memory with objective: 33.48, ConfigId: 2681626190943409513, EvalId: 494. Total evaluations stored: 494
[INFO]:[04:16:59] recordEvaluation produced_mip_start=0 mip_start_file=''
[DEBUG]:[04:16:59] Added evaluation to memory with objective: 33.48, ConfigId: 14361134611381721602, EvalId: 495. Total evaluations stored: 495
[INFO]:[04:16:59] recordEvaluation produced_mip_start=0 mip_start_file=''
[DEBUG]:[04:16:59] Added evaluation to memory with objective: 33.48, ConfigId: 9581639256804139047, EvalId: 496. Total evaluations stored: 496
[INFO]:[04:16:59] recordEvaluation produced_mip_start=0 mip_start_file=''
[DEBUG]:[04:16:59] Added evaluation to memory with objective: 33.48, ConfigId: 17364271213332811017, EvalId: 497. Total evaluations stored: 497
[INFO]:[04:16:59] recordEvaluation produced_mip_start=0 mip_start_file=''
[DEBUG]:[04:16:59] Added evaluation to memory with objective: 33.48, ConfigId: 2922379258130363499, EvalId: 498. Total evaluations stored: 498
[INFO]:[04:16:59] recordEvaluation produced_mip_start=0 mip_start_file=''
[DEBUG]:[04:16:59] Added evaluation to memory with objective: 33.48, ConfigId: 12768724105884286280, EvalId: 499. Total evaluations stored: 499
[INFO]:[04:16:59] recordEvaluation produced_mip_start=0 mip_start_file=''
[DEBUG]:[04:16:59] Added evaluation to memory with objective: 33.48, ConfigId: 3627498349934718245, EvalId: 500. Total evaluations stored: 500
[INFO]:[04:16:59] recordEvaluation produced_mip_start=0 mip_start_file=''
[DEBUG]:[04:16:59] Added evaluation to memory with objective: 33.48, ConfigId: 16732289325062882810, EvalId: 501. Total evaluations stored: 501
[INFO]:[04:16:59] recordEvaluation produced_mip_start=0 mip_start_file=''
[DEBUG]:[04:16:59] Added evaluation to memory with objective: 42.92, ConfigId: 11082227454386829544, EvalId: 502. Total evaluations stored: 502
[INFO]:[04:16:59] recordEvaluation produced_mip_start=0 mip_start_file=''
[DEBUG]:[04:16:59] Added evaluation to memory with objective: 42.91, ConfigId: 2108566471168124230, EvalId: 503. Total evaluations stored: 503
[INFO]:[04:16:59] recordEvaluation produced_mip_start=0 mip_start_file=''
[DEBUG]:[04:16:59] Added evaluation to memory with objective: 33.48, ConfigId: 15268170162125080375, EvalId: 504. Total evaluations stored: 504
[INFO]:[04:16:59] recordEvaluation produced_mip_start=0 mip_start_file=''
[DEBUG]:[04:16:59] Added evaluation to memory with objective: 42.14, ConfigId: 5051045697483021934, EvalId: 505. Total evaluations stored: 505
[INFO]:[04:16:59] recordEvaluation produced_mip_start=0 mip_start_file=''
[DEBUG]:[04:16:59] Added evaluation to memory with objective: 33.48, ConfigId: 4902134859738286356, EvalId: 506. Total evaluations stored: 506
[INFO]:[04:16:59] recordEvaluation produced_mip_start=0 mip_start_file=''
[DEBUG]:[04:16:59] Added evaluation to memory with objective: 33.48, ConfigId: 18420020086807554673, EvalId: 507. Total evaluations stored: 507
[INFO]:[04:16:59] recordEvaluation produced_mip_start=0 mip_start_file=''
[DEBUG]:[04:16:59] Added evaluation to memory with objective: 33.03, ConfigId: 11961483020975308047, EvalId: 508. Total evaluations stored: 508
[INFO]:[04:16:59] recordEvaluation produced_mip_start=0 mip_start_file=''
[DEBUG]:[04:16:59] Added evaluation to memory with objective: 33.48, ConfigId: 9604657944729884649, EvalId: 509. Total evaluations stored: 509
[INFO]:[04:16:59] recordEvaluation produced_mip_start=0 mip_start_file=''
[DEBUG]:[04:16:59] Added evaluation to memory with objective: 33.03, ConfigId: 12835755272723622600, EvalId: 510. Total evaluations stored: 510
[INFO]:[04:16:59] recordEvaluation produced_mip_start=0 mip_start_file=''
[DEBUG]:[04:16:59] Added evaluation to memory with objective: 33.03, ConfigId: 11067356659480671034, EvalId: 511. Total evaluations stored: 511
[INFO]:[04:16:59] recordEvaluation produced_mip_start=0 mip_start_file=''
[DEBUG]:[04:16:59] Added evaluation to memory with objective: 33.03, ConfigId: 15045375104983208798, EvalId: 512. Total evaluations stored: 512
[INFO]:[04:16:59] recordEvaluation produced_mip_start=0 mip_start_file=''
[DEBUG]:[04:16:59] Added evaluation to memory with objective: 33.03, ConfigId: 2110103721390104086, EvalId: 513. Total evaluations stored: 513
[INFO]:[04:16:59] IteratedLocalSearch Engine completed.
[INFO]:[04:16:59] Added72 evaluations to memory from exploration phase at iteration 5
[INFO]:[04:16:59] Exploration phase completed.
[INFO]:[04:16:59] Starting expansion phase...
[INFO]:[04:16:59] Selecting parameters for expansion phase...
[INFO]:[04:16:59] Selected expansion parameters: 10
[INFO]:[04:16:59] Creating configuration files for expansion parameters...
[INFO]:[04:16:59] Creating configurations for parameter: CPXPARAM_MIP_Strategy_StartAlgorithm
[DEBUG]:[04:16:59] Parameter CPXPARAM_MIP_Strategy_StartAlgorithm will be evaluated on 6 alternative value(s) after excluding the current base configuration value.
[DEBUG]:[04:16:59] Created configuration file for parameter CPXPARAM_MIP_Strategy_StartAlgorithm with value 1 at /scratch/yorig/mpils-results-grid-ticks-10000-7may/medium-2/24proc-4pils/seed-2/6_sorrell3_seed-2_20260510_041416/expansion/config_param_CPXPARAM_MIP_Strategy_StartAlgorithm_1_iter_5.prm
[DEBUG]:[04:16:59] Created configuration file for parameter CPXPARAM_MIP_Strategy_StartAlgorithm with value 2 at /scratch/yorig/mpils-results-grid-ticks-10000-7may/medium-2/24proc-4pils/seed-2/6_sorrell3_seed-2_20260510_041416/expansion/config_param_CPXPARAM_MIP_Strategy_StartAlgorithm_2_iter_5.prm
[DEBUG]:[04:16:59] Created configuration file for parameter CPXPARAM_MIP_Strategy_StartAlgorithm with value 3 at /scratch/yorig/mpils-results-grid-ticks-10000-7may/medium-2/24proc-4pils/seed-2/6_sorrell3_seed-2_20260510_041416/expansion/config_param_CPXPARAM_MIP_Strategy_StartAlgorithm_3_iter_5.prm
[DEBUG]:[04:16:59] Created configuration file for parameter CPXPARAM_MIP_Strategy_StartAlgorithm with value 4 at /scratch/yorig/mpils-results-grid-ticks-10000-7may/medium-2/24proc-4pils/seed-2/6_sorrell3_seed-2_20260510_041416/expansion/config_param_CPXPARAM_MIP_Strategy_StartAlgorithm_4_iter_5.prm
[DEBUG]:[04:16:59] Created configuration file for parameter CPXPARAM_MIP_Strategy_StartAlgorithm with value 5 at /scratch/yorig/mpils-results-grid-ticks-10000-7may/medium-2/24proc-4pils/seed-2/6_sorrell3_seed-2_20260510_041416/expansion/config_param_CPXPARAM_MIP_Strategy_StartAlgorithm_5_iter_5.prm
[DEBUG]:[04:16:59] Created configuration file for parameter CPXPARAM_MIP_Strategy_StartAlgorithm with value 6 at /scratch/yorig/mpils-results-grid-ticks-10000-7may/medium-2/24proc-4pils/seed-2/6_sorrell3_seed-2_20260510_041416/expansion/config_param_CPXPARAM_MIP_Strategy_StartAlgorithm_6_iter_5.prm
[INFO]:[04:16:59] Creating configurations for parameter: CPXPARAM_MIP_Strategy_SubAlgorithm
[DEBUG]:[04:16:59] Parameter CPXPARAM_MIP_Strategy_SubAlgorithm will be evaluated on 5 alternative value(s) after excluding the current base configuration value.
[DEBUG]:[04:16:59] Created configuration file for parameter CPXPARAM_MIP_Strategy_SubAlgorithm with value 1 at /scratch/yorig/mpils-results-grid-ticks-10000-7may/medium-2/24proc-4pils/seed-2/6_sorrell3_seed-2_20260510_041416/expansion/config_param_CPXPARAM_MIP_Strategy_SubAlgorithm_1_iter_5.prm
[DEBUG]:[04:16:59] Created configuration file for parameter CPXPARAM_MIP_Strategy_SubAlgorithm with value 2 at /scratch/yorig/mpils-results-grid-ticks-10000-7may/medium-2/24proc-4pils/seed-2/6_sorrell3_seed-2_20260510_041416/expansion/config_param_CPXPARAM_MIP_Strategy_SubAlgorithm_2_iter_5.prm
[DEBUG]:[04:16:59] Created configuration file for parameter CPXPARAM_MIP_Strategy_SubAlgorithm with value 3 at /scratch/yorig/mpils-results-grid-ticks-10000-7may/medium-2/24proc-4pils/seed-2/6_sorrell3_seed-2_20260510_041416/expansion/config_param_CPXPARAM_MIP_Strategy_SubAlgorithm_3_iter_5.prm
[DEBUG]:[04:16:59] Created configuration file for parameter CPXPARAM_MIP_Strategy_SubAlgorithm with value 4 at /scratch/yorig/mpils-results-grid-ticks-10000-7may/medium-2/24proc-4pils/seed-2/6_sorrell3_seed-2_20260510_041416/expansion/config_param_CPXPARAM_MIP_Strategy_SubAlgorithm_4_iter_5.prm
[DEBUG]:[04:16:59] Created configuration file for parameter CPXPARAM_MIP_Strategy_SubAlgorithm with value 5 at /scratch/yorig/mpils-results-grid-ticks-10000-7may/medium-2/24proc-4pils/seed-2/6_sorrell3_seed-2_20260510_041416/expansion/config_param_CPXPARAM_MIP_Strategy_SubAlgorithm_5_iter_5.prm
[INFO]:[04:16:59] Creating configurations for parameter: CPXPARAM_Simplex_DGradient
[DEBUG]:[04:16:59] Parameter CPXPARAM_Simplex_DGradient will be evaluated on 5 alternative value(s) after excluding the current base configuration value.
[DEBUG]:[04:16:59] Created configuration file for parameter CPXPARAM_Simplex_DGradient with value 1 at /scratch/yorig/mpils-results-grid-ticks-10000-7may/medium-2/24proc-4pils/seed-2/6_sorrell3_seed-2_20260510_041416/expansion/config_param_CPXPARAM_Simplex_DGradient_1_iter_5.prm
[DEBUG]:[04:16:59] Created configuration file for parameter CPXPARAM_Simplex_DGradient with value 2 at /scratch/yorig/mpils-results-grid-ticks-10000-7may/medium-2/24proc-4pils/seed-2/6_sorrell3_seed-2_20260510_041416/expansion/config_param_CPXPARAM_Simplex_DGradient_2_iter_5.prm
[DEBUG]:[04:16:59] Created configuration file for parameter CPXPARAM_Simplex_DGradient with value 3 at /scratch/yorig/mpils-results-grid-ticks-10000-7may/medium-2/24proc-4pils/seed-2/6_sorrell3_seed-2_20260510_041416/expansion/config_param_CPXPARAM_Simplex_DGradient_3_iter_5.prm
[DEBUG]:[04:16:59] Created configuration file for parameter CPXPARAM_Simplex_DGradient with value 4 at /scratch/yorig/mpils-results-grid-ticks-10000-7may/medium-2/24proc-4pils/seed-2/6_sorrell3_seed-2_20260510_041416/expansion/config_param_CPXPARAM_Simplex_DGradient_4_iter_5.prm
[DEBUG]:[04:16:59] Created configuration file for parameter CPXPARAM_Simplex_DGradient with value 5 at /scratch/yorig/mpils-results-grid-ticks-10000-7may/medium-2/24proc-4pils/seed-2/6_sorrell3_seed-2_20260510_041416/expansion/config_param_CPXPARAM_Simplex_DGradient_5_iter_5.prm
[INFO]:[04:16:59] Creating configurations for parameter: CPXPARAM_Simplex_PGradient
[DEBUG]:[04:16:59] Parameter CPXPARAM_Simplex_PGradient will be evaluated on 5 alternative value(s) after excluding the current base configuration value.
[DEBUG]:[04:16:59] Created configuration file for parameter CPXPARAM_Simplex_PGradient with value -1 at /scratch/yorig/mpils-results-grid-ticks-10000-7may/medium-2/24proc-4pils/seed-2/6_sorrell3_seed-2_20260510_041416/expansion/config_param_CPXPARAM_Simplex_PGradient_-1_iter_5.prm
[DEBUG]:[04:16:59] Created configuration file for parameter CPXPARAM_Simplex_PGradient with value 1 at /scratch/yorig/mpils-results-grid-ticks-10000-7may/medium-2/24proc-4pils/seed-2/6_sorrell3_seed-2_20260510_041416/expansion/config_param_CPXPARAM_Simplex_PGradient_1_iter_5.prm
[DEBUG]:[04:16:59] Created configuration file for parameter CPXPARAM_Simplex_PGradient with value 2 at /scratch/yorig/mpils-results-grid-ticks-10000-7may/medium-2/24proc-4pils/seed-2/6_sorrell3_seed-2_20260510_041416/expansion/config_param_CPXPARAM_Simplex_PGradient_2_iter_5.prm
[DEBUG]:[04:16:59] Created configuration file for parameter CPXPARAM_Simplex_PGradient with value 3 at /scratch/yorig/mpils-results-grid-ticks-10000-7may/medium-2/24proc-4pils/seed-2/6_sorrell3_seed-2_20260510_041416/expansion/config_param_CPXPARAM_Simplex_PGradient_3_iter_5.prm
[DEBUG]:[04:16:59] Created configuration file for parameter CPXPARAM_Simplex_PGradient with value 4 at /scratch/yorig/mpils-results-grid-ticks-10000-7may/medium-2/24proc-4pils/seed-2/6_sorrell3_seed-2_20260510_041416/expansion/config_param_CPXPARAM_Simplex_PGradient_4_iter_5.prm
[INFO]:[04:16:59] Creating configurations for parameter: CPXPARAM_Advance
[DEBUG]:[04:16:59] Parameter CPXPARAM_Advance will be evaluated on 2 alternative value(s) after excluding the current base configuration value.
[DEBUG]:[04:16:59] Created configuration file for parameter CPXPARAM_Advance with value 0 at /scratch/yorig/mpils-results-grid-ticks-10000-7may/medium-2/24proc-4pils/seed-2/6_sorrell3_seed-2_20260510_041416/expansion/config_param_CPXPARAM_Advance_0_iter_5.prm
[DEBUG]:[04:16:59] Created configuration file for parameter CPXPARAM_Advance with value 2 at /scratch/yorig/mpils-results-grid-ticks-10000-7may/medium-2/24proc-4pils/seed-2/6_sorrell3_seed-2_20260510_041416/expansion/config_param_CPXPARAM_Advance_2_iter_5.prm
[INFO]:[04:16:59] Creating configurations for parameter: CPXPARAM_MIP_Limits_AggForCut
[DEBUG]:[04:16:59] Parameter CPXPARAM_MIP_Limits_AggForCut will be evaluated on 5 alternative value(s) after excluding the current base configuration value.
[DEBUG]:[04:16:59] Created configuration file for parameter CPXPARAM_MIP_Limits_AggForCut with value 0 at /scratch/yorig/mpils-results-grid-ticks-10000-7may/medium-2/24proc-4pils/seed-2/6_sorrell3_seed-2_20260510_041416/expansion/config_param_CPXPARAM_MIP_Limits_AggForCut_0_iter_5.prm
[DEBUG]:[04:16:59] Created configuration file for parameter CPXPARAM_MIP_Limits_AggForCut with value 1 at /scratch/yorig/mpils-results-grid-ticks-10000-7may/medium-2/24proc-4pils/seed-2/6_sorrell3_seed-2_20260510_041416/expansion/config_param_CPXPARAM_MIP_Limits_AggForCut_1_iter_5.prm
[DEBUG]:[04:16:59] Created configuration file for parameter CPXPARAM_MIP_Limits_AggForCut with value 2 at /scratch/yorig/mpils-results-grid-ticks-10000-7may/medium-2/24proc-4pils/seed-2/6_sorrell3_seed-2_20260510_041416/expansion/config_param_CPXPARAM_MIP_Limits_AggForCut_2_iter_5.prm
[DEBUG]:[04:16:59] Created configuration file for parameter CPXPARAM_MIP_Limits_AggForCut with value 5 at /scratch/yorig/mpils-results-grid-ticks-10000-7may/medium-2/24proc-4pils/seed-2/6_sorrell3_seed-2_20260510_041416/expansion/config_param_CPXPARAM_MIP_Limits_AggForCut_5_iter_5.prm
[DEBUG]:[04:16:59] Created configuration file for parameter CPXPARAM_MIP_Limits_AggForCut with value 10 at /scratch/yorig/mpils-results-grid-ticks-10000-7may/medium-2/24proc-4pils/seed-2/6_sorrell3_seed-2_20260510_041416/expansion/config_param_CPXPARAM_MIP_Limits_AggForCut_10_iter_5.prm
[INFO]:[04:16:59] Creating configurations for parameter: CPXPARAM_Preprocessing_Fill
[DEBUG]:[04:16:59] Parameter CPXPARAM_Preprocessing_Fill will be evaluated on 4 alternative value(s) after excluding the current base configuration value.
[DEBUG]:[04:16:59] Created configuration file for parameter CPXPARAM_Preprocessing_Fill with value 2 at /scratch/yorig/mpils-results-grid-ticks-10000-7may/medium-2/24proc-4pils/seed-2/6_sorrell3_seed-2_20260510_041416/expansion/config_param_CPXPARAM_Preprocessing_Fill_2_iter_5.prm
[DEBUG]:[04:16:59] Created configuration file for parameter CPXPARAM_Preprocessing_Fill with value 5 at /scratch/yorig/mpils-results-grid-ticks-10000-7may/medium-2/24proc-4pils/seed-2/6_sorrell3_seed-2_20260510_041416/expansion/config_param_CPXPARAM_Preprocessing_Fill_5_iter_5.prm
[DEBUG]:[04:16:59] Created configuration file for parameter CPXPARAM_Preprocessing_Fill with value 20 at /scratch/yorig/mpils-results-grid-ticks-10000-7may/medium-2/24proc-4pils/seed-2/6_sorrell3_seed-2_20260510_041416/expansion/config_param_CPXPARAM_Preprocessing_Fill_20_iter_5.prm
[DEBUG]:[04:16:59] Created configuration file for parameter CPXPARAM_Preprocessing_Fill with value 40 at /scratch/yorig/mpils-results-grid-ticks-10000-7may/medium-2/24proc-4pils/seed-2/6_sorrell3_seed-2_20260510_041416/expansion/config_param_CPXPARAM_Preprocessing_Fill_40_iter_5.prm
[INFO]:[04:16:59] Creating configurations for parameter: CPXPARAM_Barrier_Crossover
[DEBUG]:[04:16:59] Parameter CPXPARAM_Barrier_Crossover will be evaluated on 2 alternative value(s) after excluding the current base configuration value.
[DEBUG]:[04:16:59] Created configuration file for parameter CPXPARAM_Barrier_Crossover with value 1 at /scratch/yorig/mpils-results-grid-ticks-10000-7may/medium-2/24proc-4pils/seed-2/6_sorrell3_seed-2_20260510_041416/expansion/config_param_CPXPARAM_Barrier_Crossover_1_iter_5.prm
[DEBUG]:[04:16:59] Created configuration file for parameter CPXPARAM_Barrier_Crossover with value 2 at /scratch/yorig/mpils-results-grid-ticks-10000-7may/medium-2/24proc-4pils/seed-2/6_sorrell3_seed-2_20260510_041416/expansion/config_param_CPXPARAM_Barrier_Crossover_2_iter_5.prm
[INFO]:[04:16:59] Creating configurations for parameter: CPXPARAM_Barrier_Ordering
[DEBUG]:[04:16:59] Parameter CPXPARAM_Barrier_Ordering will be evaluated on 3 alternative value(s) after excluding the current base configuration value.
[DEBUG]:[04:16:59] Created configuration file for parameter CPXPARAM_Barrier_Ordering with value 1 at /scratch/yorig/mpils-results-grid-ticks-10000-7may/medium-2/24proc-4pils/seed-2/6_sorrell3_seed-2_20260510_041416/expansion/config_param_CPXPARAM_Barrier_Ordering_1_iter_5.prm
[DEBUG]:[04:16:59] Created configuration file for parameter CPXPARAM_Barrier_Ordering with value 2 at /scratch/yorig/mpils-results-grid-ticks-10000-7may/medium-2/24proc-4pils/seed-2/6_sorrell3_seed-2_20260510_041416/expansion/config_param_CPXPARAM_Barrier_Ordering_2_iter_5.prm
[DEBUG]:[04:16:59] Created configuration file for parameter CPXPARAM_Barrier_Ordering with value 3 at /scratch/yorig/mpils-results-grid-ticks-10000-7may/medium-2/24proc-4pils/seed-2/6_sorrell3_seed-2_20260510_041416/expansion/config_param_CPXPARAM_Barrier_Ordering_3_iter_5.prm
[INFO]:[04:16:59] Creating configurations for parameter: CPXPARAM_Barrier_StartAlg
[DEBUG]:[04:16:59] Parameter CPXPARAM_Barrier_StartAlg will be evaluated on 3 alternative value(s) after excluding the current base configuration value.
[DEBUG]:[04:16:59] Created configuration file for parameter CPXPARAM_Barrier_StartAlg with value 2 at /scratch/yorig/mpils-results-grid-ticks-10000-7may/medium-2/24proc-4pils/seed-2/6_sorrell3_seed-2_20260510_041416/expansion/config_param_CPXPARAM_Barrier_StartAlg_2_iter_5.prm
[DEBUG]:[04:16:59] Created configuration file for parameter CPXPARAM_Barrier_StartAlg with value 3 at /scratch/yorig/mpils-results-grid-ticks-10000-7may/medium-2/24proc-4pils/seed-2/6_sorrell3_seed-2_20260510_041416/expansion/config_param_CPXPARAM_Barrier_StartAlg_3_iter_5.prm
[DEBUG]:[04:16:59] Created configuration file for parameter CPXPARAM_Barrier_StartAlg with value 4 at /scratch/yorig/mpils-results-grid-ticks-10000-7may/medium-2/24proc-4pils/seed-2/6_sorrell3_seed-2_20260510_041416/expansion/config_param_CPXPARAM_Barrier_StartAlg_4_iter_5.prm
[INFO]:[04:16:59] Created 40 configuration files for expansion phase at iteration 5.
[INFO]:[04:16:59] Skipped 0 expansion parameter(s) with no alternative value to evaluate.
[INFO]:[04:16:59] Launching Expansion Workers via MPI...
[INFO]:[04:16:59] Expansion Workers launched.
[INFO]:[04:16:59] Evaluating expansion parameters...
[INFO]:[04:16:59] Starting CPLEX solver on instance: /home/yorig/tuner/mpils-tests/instances/miplib/medium-2/sorrell3.mps with config: /scratch/yorig/mpils-results-grid-ticks-10000-7may/medium-2/24proc-4pils/seed-2/6_sorrell3_seed-2_20260510_041416/expansion/config_param_CPXPARAM_MIP_Strategy_StartAlgorithm_1_iter_5.prm
[INFO]:[04:17:05] CPLEX results. Gap: 32.920000, upper bound: -15.000000, lower bound: -19.937416
[INFO]:[04:17:05] CPLEX solver finished. Gap: 32.920000
[INFO]:[04:17:05] Expansion early stop activated in MPI after 1 master-side evaluation(s). Remaining not-yet-evaluated parameters stay residual.
[INFO]:[04:17:05] Strict sequential expansion early stop ignored 19 already-computed result(s) after first improving config id 4.
[INFO]:[04:17:05] recordEvaluation produced_mip_start=0 mip_start_file=''
[DEBUG]:[04:17:05] Added evaluation to memory with objective: 32.92, ConfigId: 293937020305319758, EvalId: 514. Total evaluations stored: 514
[INFO]:[04:17:05] recordEvaluation produced_mip_start=0 mip_start_file=''
[DEBUG]:[04:17:05] Added evaluation to memory with objective: 32.96, ConfigId: 4546709976401831859, EvalId: 515. Total evaluations stored: 515
[INFO]:[04:17:05] recordEvaluation produced_mip_start=0 mip_start_file=''
[DEBUG]:[04:17:05] Added evaluation to memory with objective: 33.03, ConfigId: 16311197947570842203, EvalId: 516. Total evaluations stored: 516
[INFO]:[04:17:05] recordEvaluation produced_mip_start=0 mip_start_file=''
[DEBUG]:[04:17:05] Added evaluation to memory with objective: 45.77, ConfigId: 4304326338210196069, EvalId: 517. Total evaluations stored: 517
[INFO]:[04:17:05] recordEvaluation produced_mip_start=0 mip_start_file=''
[INFO]:[04:17:05] ***************
[INFO]:[04:17:05] New best evaluation without MIP start found at time 167s, with objective 32.8 and configuration ID 16394479532908538932
[INFO]:[04:17:05] With config: 16394479532908538932 -> 
Configuration: CPXPARAM_Advance=1 CPXPARAM_Barrier_Algorithm=0 CPXPARAM_Barrier_ColNonzeros=0 CPXPARAM_Barrier_Crossover=0 CPXPARAM_Barrier_Limits_Corrections=-1 CPXPARAM_Barrier_Ordering=0 CPXPARAM_Barrier_StartAlg=1 CPXPARAM_Emphasis_MIP=0 CPXPARAM_Emphasis_Memory=0 CPXPARAM_Emphasis_Numerical=0 CPXPARAM_Feasopt_Mode=0 CPXPARAM_LPMethod=0 CPXPARAM_MIP_Cuts_Cliques=0 CPXPARAM_MIP_Cuts_Covers=0 CPXPARAM_MIP_Cuts_Disjunctive=0 CPXPARAM_MIP_Cuts_FlowCovers=0 CPXPARAM_MIP_Cuts_GUBCovers=0 CPXPARAM_MIP_Cuts_Gomory=0 CPXPARAM_MIP_Cuts_Implied=0 CPXPARAM_MIP_Cuts_MIRCut=0 CPXPARAM_MIP_Cuts_PathCut=0 CPXPARAM_MIP_Limits_AggForCut=3 CPXPARAM_MIP_Limits_CutPasses=0 CPXPARAM_MIP_Limits_CutsFactor=-1 CPXPARAM_MIP_Limits_GomoryCand=100 CPXPARAM_MIP_Limits_GomoryPass=0 CPXPARAM_MIP_Limits_Nodes=9223372036800000000 CPXPARAM_MIP_Limits_ProbeTime=1 CPXPARAM_MIP_Limits_RepairTries=0 CPXPARAM_MIP_Limits_StrongCand=10 CPXPARAM_MIP_Limits_StrongIt=0 CPXPARAM_MIP_OrderType=0 CPXPARAM_MIP_Strategy_BBInterval=7 CPXPARAM_MIP_Strategy_Branch=0 CPXPARAM_MIP_Strategy_Dive=0 CPXPARAM_MIP_Strategy_File=1 CPXPARAM_MIP_Strategy_HeuristicFreq=0 CPXPARAM_MIP_Strategy_LBHeur=0 CPXPARAM_MIP_Strategy_NodeSelect=1 CPXPARAM_MIP_Strategy_Order=1 CPXPARAM_MIP_Strategy_PresolveNode=0 CPXPARAM_MIP_Strategy_Probe=2 CPXPARAM_MIP_Strategy_RINSHeur=-1 CPXPARAM_MIP_Strategy_StartAlgorithm=5 CPXPARAM_MIP_Strategy_SubAlgorithm=0 CPXPARAM_MIP_Strategy_VariableSelect=0 CPXPARAM_Network_NetFind=2 CPXPARAM_Network_Pricing=0 CPXPARAM_Parallel=1 CPXPARAM_Preprocessing_Aggregator=-1 CPXPARAM_Preprocessing_BoundStrength=-1 CPXPARAM_Preprocessing_CoeffReduce=-1 CPXPARAM_Preprocessing_Dependency=-1 CPXPARAM_Preprocessing_Dual=0 CPXPARAM_Preprocessing_Fill=10 CPXPARAM_Preprocessing_NumPass=-1 CPXPARAM_Preprocessing_Presolve=1 CPXPARAM_Preprocessing_QPMakePSD=1 CPXPARAM_Preprocessing_Reduce=3 CPXPARAM_Preprocessing_Relax=-1 CPXPARAM_Preprocessing_RepeatPresolve=-1 CPXPARAM_Preprocessing_Symmetry=-1 CPXPARAM_Read_Scale=0 CPXPARAM_Sifting_Algorithm=0 CPXPARAM_Simplex_Crash=1 CPXPARAM_Simplex_DGradient=0 CPXPARAM_Simplex_Limits_Perturbation=0 CPXPARAM_Simplex_Limits_Singularity=10 CPXPARAM_Simplex_PGradient=0 CPXPARAM_Simplex_Pricing=0 CPXPARAM_Simplex_Refactor=0 | MIP Start: No 
[INFO]:[04:17:05] ***************
[DEBUG]:[04:17:05] Added evaluation to memory with objective: 32.8, ConfigId: 16394479532908538932, EvalId: 518. Total evaluations stored: 518
[INFO]:[04:17:05] Waiting for Expansion Workers via MPI...
[INFO]:[04:17:05] Expansion Workers have completed.
[INFO]:[04:17:05] Evaluated expansion parameters: 1
[INFO]:[04:17:05] Classifying expansion parameters...
[DEBUG]:[04:17:05] Parameter CPXPARAM_MIP_Strategy_StartAlgorithm valid evaluations: 5, invalid evaluations: 0, c_p: 32.8, s_p: 6.42555, selected_stage_1: Yes, discarded_by_threshold: No
[DEBUG]:[04:17:05] Parameter CPXPARAM_MIP_Strategy_StartAlgorithm metrics - c_p: 32.8, s_p: 6.42555, selected_stage_1: Yes, discarded_by_threshold: No, dominated: No
[INFO]:[04:17:05] Updating parameter flags based on classification...
[INFO]:[04:17:05] Parameter CPXPARAM_MIP_Strategy_StartAlgorithm selected for tuning.
[DEBUG]:[04:17:05] Classified parameters at iteration 5 - To Select: 1, To Discard: 0
[DEBUG]:[04:17:05] Parameter: CPXPARAM_MIP_Strategy_StartAlgorithm, To Select: Yes, To Discard: No
[INFO]:[04:17:05] Added 5 evaluations to memory from expansion phase at iteration 5
[INFO]:[04:17:05] Expansion phase completed.
[INFO]:[04:17:05] Starting pruning phase...
[INFO]:[04:17:05] Writing learner file for pruning phase: /scratch/yorig/mpils-results-grid-ticks-10000-7may/medium-2/24proc-4pils/seed-2/6_sorrell3_seed-2_20260510_041416/pruning/input/learner_file_5.txt
[INFO]:[04:17:05] Learner file written successfully: /scratch/yorig/mpils-results-grid-ticks-10000-7may/medium-2/24proc-4pils/seed-2/6_sorrell3_seed-2_20260510_041416/pruning/input/learner_file_5.txt
[INFO]:[04:17:05] Extracting forbidden tuples from memory...
[INFO]:[04:17:05] Redirecting learner stdout/stderr to: /scratch/yorig/mpils-results-grid-ticks-10000-7may/medium-2/24proc-4pils/seed-2/6_sorrell3_seed-2_20260510_041416/pruning/learner_iteration_5.log
[INFO]:[04:17:05] Forbidden tuples extracted: 6
[INFO]:[04:17:05] Applying pruning with 6 forbidden tuples...
[DEBUG]:[04:17:05] Adding forbidden value from single-element tuple: CPXPARAM_MIP_Strategy_HeuristicFreq=0
[DEBUG]:[04:17:05] Adding forbidden value from single-element tuple: CPXPARAM_MIP_Strategy_HeuristicFreq=20
[DEBUG]:[04:17:05] Adding forbidden value from single-element tuple: CPXPARAM_MIP_Strategy_HeuristicFreq=40
[DEBUG]:[04:17:05] Adding forbidden value from single-element tuple: CPXPARAM_MIP_Strategy_HeuristicFreq=100
[DEBUG]:[04:17:05] Adding forbidden value from single-element tuple: CPXPARAM_MIP_Strategy_HeuristicFreq=500
[DEBUG]:[04:17:05] Adding forbidden value from single-element tuple: CPXPARAM_MIP_Strategy_HeuristicFreq=1000
[INFO]:[04:17:05] Pruning applied successfully.
[INFO]:[04:17:05] Pruning phase completed.
[INFO]:[04:17:05] Completed iteration 5
[INFO]:[04:17:05] Starting iteration 6
[INFO]:[04:17:05] Starting exploration phase...
[INFO]:[04:17:05] Selecting number of evaluations for tuning phase...
[INFO]:[04:17:05] Selecting initial configurations for tuning phase...
[INFO]:[04:17:05] Using worker 0 best exploration configuration without MIP start as master ILS initial configuration.
[INFO]:[04:17:05] Using global best exploration configuration without MIP start as worker 1 ILS initial configuration.
[INFO]:[04:17:05] Number of evaluations for this tuning phase: 9
[INFO]:[04:17:05] ILS shared cache is disabled for this exploration phase.
[INFO]:[04:17:05] Local search backend for this exploration phase: iterated_local_search
[INFO]:[04:17:05] Running IteratedLocalSearch Engine...
[INFO]:[04:17:05] Mip start is disabled for this iteration.
[INFO]:[04:17:05] Writing ILS search space file for worker 0...
[INFO]:[04:17:05] Warning: Initial value for parameter CPXPARAM_MIP_Cuts_Cliques is forbidden. So unforbidden it for the ILS initial configuration at iteration 6.
[INFO]:[04:17:05] Warning: Initial value for parameter CPXPARAM_MIP_Cuts_FlowCovers is forbidden. So unforbidden it for the ILS initial configuration at iteration 6.
[INFO]:[04:17:05] Warning: Initial value for parameter CPXPARAM_MIP_Cuts_Gomory is forbidden. So unforbidden it for the ILS initial configuration at iteration 6.
[INFO]:[04:17:05] ILS search space file written: /scratch/yorig/mpils-results-grid-ticks-10000-7may/medium-2/24proc-4pils/seed-2/6_sorrell3_seed-2_20260510_041416/iterated_local_search/search_space/search_space_file_6.txt
[INFO]:[04:17:05] Writing ILS search space file for worker 1...
[INFO]:[04:17:05] Warning: Initial value for parameter CPXPARAM_MIP_Cuts_Cliques is forbidden. So unforbidden it for the ILS initial configuration at iteration 6.
[INFO]:[04:17:05] ILS search space file written: /scratch/yorig/mpils-results-grid-ticks-10000-7may/medium-2/24proc-4pils/seed-2/6_sorrell3_seed-2_20260510_041416/iterated_local_search/search_space/search_space_file_6_worker_1.txt
[INFO]:[04:17:05] Writing ILS search space file for worker 2...
[INFO]:[04:17:05] Warning: Initial value for parameter CPXPARAM_MIP_Cuts_Cliques is forbidden. So unforbidden it for the ILS initial configuration at iteration 6.
[INFO]:[04:17:05] Warning: Initial value for parameter CPXPARAM_MIP_Strategy_Probe is forbidden. So unforbidden it for the ILS initial configuration at iteration 6.
[INFO]:[04:17:05] Warning: Initial value for parameter CPXPARAM_MIP_Strategy_VariableSelect is forbidden. So unforbidden it for the ILS initial configuration at iteration 6.
[INFO]:[04:17:05] Warning: Initial configuration contains a forbidden tuple. So unforbidden it for ILS at iteration 6.
[INFO]:[04:17:05] ILS search space file written: /scratch/yorig/mpils-results-grid-ticks-10000-7may/medium-2/24proc-4pils/seed-2/6_sorrell3_seed-2_20260510_041416/iterated_local_search/search_space/search_space_file_6_worker_2.txt
[INFO]:[04:17:05] Writing ILS search space file for worker 3...
[INFO]:[04:17:05] Warning: Initial value for parameter CPXPARAM_Emphasis_MIP is forbidden. So unforbidden it for the ILS initial configuration at iteration 6.
[INFO]:[04:17:05] ILS search space file written: /scratch/yorig/mpils-results-grid-ticks-10000-7may/medium-2/24proc-4pils/seed-2/6_sorrell3_seed-2_20260510_041416/iterated_local_search/search_space/search_space_file_6_worker_3.txt
[INFO]:[04:17:05] Writing ILS search space file for worker 4...
[INFO]:[04:17:05] Warning: Initial value for parameter CPXPARAM_Emphasis_MIP is forbidden. So unforbidden it for the ILS initial configuration at iteration 6.
[INFO]:[04:17:05] Warning: Initial value for parameter CPXPARAM_MIP_Cuts_Cliques is forbidden. So unforbidden it for the ILS initial configuration at iteration 6.
[INFO]:[04:17:05] Warning: Initial configuration contains a forbidden tuple. So unforbidden it for ILS at iteration 6.
[INFO]:[04:17:05] Warning: Initial configuration contains a forbidden tuple. So unforbidden it for ILS at iteration 6.
[INFO]:[04:17:05] Warning: Initial configuration contains a forbidden tuple. So unforbidden it for ILS at iteration 6.
[INFO]:[04:17:05] Warning: Initial configuration contains a forbidden tuple. So unforbidden it for ILS at iteration 6.
[INFO]:[04:17:05] Warning: Initial configuration contains a forbidden tuple. So unforbidden it for ILS at iteration 6.
[INFO]:[04:17:05] ILS search space file written: /scratch/yorig/mpils-results-grid-ticks-10000-7may/medium-2/24proc-4pils/seed-2/6_sorrell3_seed-2_20260510_041416/iterated_local_search/search_space/search_space_file_6_worker_4.txt
[INFO]:[04:17:05] Writing ILS search space file for worker 5...
[INFO]:[04:17:05] Warning: Initial value for parameter CPXPARAM_MIP_Cuts_Cliques is forbidden. So unforbidden it for the ILS initial configuration at iteration 6.
[INFO]:[04:17:05] Warning: Initial value for parameter CPXPARAM_MIP_Cuts_Gomory is forbidden. So unforbidden it for the ILS initial configuration at iteration 6.
[INFO]:[04:17:05] ILS search space file written: /scratch/yorig/mpils-results-grid-ticks-10000-7may/medium-2/24proc-4pils/seed-2/6_sorrell3_seed-2_20260510_041416/iterated_local_search/search_space/search_space_file_6_worker_5.txt
[INFO]:[04:17:05] Writing ILS search space file for worker 6...
[INFO]:[04:17:05] Warning: Initial value for parameter CPXPARAM_MIP_Cuts_Cliques is forbidden. So unforbidden it for the ILS initial configuration at iteration 6.
[INFO]:[04:17:05] Warning: Initial value for parameter CPXPARAM_MIP_Cuts_FlowCovers is forbidden. So unforbidden it for the ILS initial configuration at iteration 6.
[INFO]:[04:17:05] ILS search space file written: /scratch/yorig/mpils-results-grid-ticks-10000-7may/medium-2/24proc-4pils/seed-2/6_sorrell3_seed-2_20260510_041416/iterated_local_search/search_space/search_space_file_6_worker_6.txt
[INFO]:[04:17:05] Writing ILS search space file for worker 7...
[INFO]:[04:17:05] Warning: Initial value for parameter CPXPARAM_MIP_Cuts_Cliques is forbidden. So unforbidden it for the ILS initial configuration at iteration 6.
[INFO]:[04:17:05] Warning: Initial value for parameter CPXPARAM_MIP_Cuts_Gomory is forbidden. So unforbidden it for the ILS initial configuration at iteration 6.
[INFO]:[04:17:05] Warning: Initial value for parameter CPXPARAM_MIP_Strategy_VariableSelect is forbidden. So unforbidden it for the ILS initial configuration at iteration 6.
[INFO]:[04:17:05] Warning: Initial configuration contains a forbidden tuple. So unforbidden it for ILS at iteration 6.
[INFO]:[04:17:05] ILS search space file written: /scratch/yorig/mpils-results-grid-ticks-10000-7may/medium-2/24proc-4pils/seed-2/6_sorrell3_seed-2_20260510_041416/iterated_local_search/search_space/search_space_file_6_worker_7.txt
[INFO]:[04:17:05] Writing ILS search space file for worker 8...
[INFO]:[04:17:05] Warning: Initial value for parameter CPXPARAM_Emphasis_MIP is forbidden. So unforbidden it for the ILS initial configuration at iteration 6.
[INFO]:[04:17:05] Warning: Initial value for parameter CPXPARAM_MIP_Strategy_Probe is forbidden. So unforbidden it for the ILS initial configuration at iteration 6.
[INFO]:[04:17:05] Warning: Initial configuration contains a forbidden tuple. So unforbidden it for ILS at iteration 6.
[INFO]:[04:17:05] Warning: Initial configuration contains a forbidden tuple. So unforbidden it for ILS at iteration 6.
[INFO]:[04:17:05] Warning: Initial configuration contains a forbidden tuple. So unforbidden it for ILS at iteration 6.
[INFO]:[04:17:05] ILS search space file written: /scratch/yorig/mpils-results-grid-ticks-10000-7may/medium-2/24proc-4pils/seed-2/6_sorrell3_seed-2_20260510_041416/iterated_local_search/search_space/search_space_file_6_worker_8.txt
[INFO]:[04:17:05] Writing ILS search space file for worker 9...
[INFO]:[04:17:05] Warning: Initial value for parameter CPXPARAM_MIP_Cuts_Cliques is forbidden. So unforbidden it for the ILS initial configuration at iteration 6.
[INFO]:[04:17:05] Warning: Initial value for parameter CPXPARAM_MIP_Strategy_Probe is forbidden. So unforbidden it for the ILS initial configuration at iteration 6.
[INFO]:[04:17:05] Warning: Initial configuration contains a forbidden tuple. So unforbidden it for ILS at iteration 6.
[INFO]:[04:17:05] ILS search space file written: /scratch/yorig/mpils-results-grid-ticks-10000-7may/medium-2/24proc-4pils/seed-2/6_sorrell3_seed-2_20260510_041416/iterated_local_search/search_space/search_space_file_6_worker_9.txt
[INFO]:[04:17:05] Writing ILS search space file for worker 10...
[INFO]:[04:17:05] Warning: Initial value for parameter CPXPARAM_MIP_Cuts_Cliques is forbidden. So unforbidden it for the ILS initial configuration at iteration 6.
[INFO]:[04:17:05] Warning: Initial value for parameter CPXPARAM_MIP_Cuts_FlowCovers is forbidden. So unforbidden it for the ILS initial configuration at iteration 6.
[INFO]:[04:17:05] Warning: Initial value for parameter CPXPARAM_MIP_Strategy_VariableSelect is forbidden. So unforbidden it for the ILS initial configuration at iteration 6.
[INFO]:[04:17:05] Warning: Initial configuration contains a forbidden tuple. So unforbidden it for ILS at iteration 6.
[INFO]:[04:17:05] Warning: Initial configuration contains a forbidden tuple. So unforbidden it for ILS at iteration 6.
[INFO]:[04:17:05] ILS search space file written: /scratch/yorig/mpils-results-grid-ticks-10000-7may/medium-2/24proc-4pils/seed-2/6_sorrell3_seed-2_20260510_041416/iterated_local_search/search_space/search_space_file_6_worker_10.txt
[INFO]:[04:17:05] Writing ILS search space file for worker 11...
[INFO]:[04:17:05] Warning: Initial value for parameter CPXPARAM_Emphasis_MIP is forbidden. So unforbidden it for the ILS initial configuration at iteration 6.
[INFO]:[04:17:05] Warning: Initial value for parameter CPXPARAM_MIP_Cuts_Cliques is forbidden. So unforbidden it for the ILS initial configuration at iteration 6.
[INFO]:[04:17:05] Warning: Initial configuration contains a forbidden tuple. So unforbidden it for ILS at iteration 6.
[INFO]:[04:17:05] Warning: Initial configuration contains a forbidden tuple. So unforbidden it for ILS at iteration 6.
[INFO]:[04:17:05] Warning: Initial configuration contains a forbidden tuple. So unforbidden it for ILS at iteration 6.
[INFO]:[04:17:05] Warning: Initial configuration contains a forbidden tuple. So unforbidden it for ILS at iteration 6.
[INFO]:[04:17:05] ILS search space file written: /scratch/yorig/mpils-results-grid-ticks-10000-7may/medium-2/24proc-4pils/seed-2/6_sorrell3_seed-2_20260510_041416/iterated_local_search/search_space/search_space_file_6_worker_11.txt
[INFO]:[04:17:05] Writing ILS search space file for worker 12...
[INFO]:[04:17:05] Warning: Initial value for parameter CPXPARAM_MIP_Cuts_Cliques is forbidden. So unforbidden it for the ILS initial configuration at iteration 6.
[INFO]:[04:17:05] Warning: Initial value for parameter CPXPARAM_MIP_Cuts_Gomory is forbidden. So unforbidden it for the ILS initial configuration at iteration 6.
[INFO]:[04:17:05] Warning: Initial configuration contains a forbidden tuple. So unforbidden it for ILS at iteration 6.
[INFO]:[04:17:05] ILS search space file written: /scratch/yorig/mpils-results-grid-ticks-10000-7may/medium-2/24proc-4pils/seed-2/6_sorrell3_seed-2_20260510_041416/iterated_local_search/search_space/search_space_file_6_worker_12.txt
[INFO]:[04:17:05] Writing ILS search space file for worker 13...
[INFO]:[04:17:05] Warning: Initial value for parameter CPXPARAM_MIP_Cuts_Cliques is forbidden. So unforbidden it for the ILS initial configuration at iteration 6.
[INFO]:[04:17:05] Warning: Initial value for parameter CPXPARAM_MIP_Cuts_FlowCovers is forbidden. So unforbidden it for the ILS initial configuration at iteration 6.
[INFO]:[04:17:05] Warning: Initial value for parameter CPXPARAM_MIP_Strategy_VariableSelect is forbidden. So unforbidden it for the ILS initial configuration at iteration 6.
[INFO]:[04:17:05] Warning: Initial configuration contains a forbidden tuple. So unforbidden it for ILS at iteration 6.
[INFO]:[04:17:05] ILS search space file written: /scratch/yorig/mpils-results-grid-ticks-10000-7may/medium-2/24proc-4pils/seed-2/6_sorrell3_seed-2_20260510_041416/iterated_local_search/search_space/search_space_file_6_worker_13.txt
[INFO]:[04:17:05] Writing ILS search space file for worker 14...
[INFO]:[04:17:05] ILS search space file written: /scratch/yorig/mpils-results-grid-ticks-10000-7may/medium-2/24proc-4pils/seed-2/6_sorrell3_seed-2_20260510_041416/iterated_local_search/search_space/search_space_file_6_worker_14.txt
[INFO]:[04:17:05] Writing ILS search space file for worker 15...
[INFO]:[04:17:05] Warning: Initial value for parameter CPXPARAM_MIP_Cuts_Cliques is forbidden. So unforbidden it for the ILS initial configuration at iteration 6.
[INFO]:[04:17:05] Warning: Initial value for parameter CPXPARAM_MIP_Strategy_Probe is forbidden. So unforbidden it for the ILS initial configuration at iteration 6.
[INFO]:[04:17:05] Warning: Initial configuration contains a forbidden tuple. So unforbidden it for ILS at iteration 6.
[INFO]:[04:17:05] ILS search space file written: /scratch/yorig/mpils-results-grid-ticks-10000-7may/medium-2/24proc-4pils/seed-2/6_sorrell3_seed-2_20260510_041416/iterated_local_search/search_space/search_space_file_6_worker_15.txt
[INFO]:[04:17:05] Writing ILS search space file for worker 16...
[INFO]:[04:17:05] ILS search space file written: /scratch/yorig/mpils-results-grid-ticks-10000-7may/medium-2/24proc-4pils/seed-2/6_sorrell3_seed-2_20260510_041416/iterated_local_search/search_space/search_space_file_6_worker_16.txt
[INFO]:[04:17:05] Writing ILS search space file for worker 17...
[INFO]:[04:17:05] Warning: Initial value for parameter CPXPARAM_MIP_Cuts_Cliques is forbidden. So unforbidden it for the ILS initial configuration at iteration 6.
[INFO]:[04:17:05] Warning: Initial value for parameter CPXPARAM_MIP_Cuts_FlowCovers is forbidden. So unforbidden it for the ILS initial configuration at iteration 6.
[INFO]:[04:17:05] Warning: Initial configuration contains a forbidden tuple. So unforbidden it for ILS at iteration 6.
[INFO]:[04:17:05] Warning: Initial configuration contains a forbidden tuple. So unforbidden it for ILS at iteration 6.
[INFO]:[04:17:05] ILS search space file written: /scratch/yorig/mpils-results-grid-ticks-10000-7may/medium-2/24proc-4pils/seed-2/6_sorrell3_seed-2_20260510_041416/iterated_local_search/search_space/search_space_file_6_worker_17.txt
[INFO]:[04:17:05] Writing ILS search space file for worker 18...
[INFO]:[04:17:05] Warning: Initial value for parameter CPXPARAM_MIP_Cuts_Gomory is forbidden. So unforbidden it for the ILS initial configuration at iteration 6.
[INFO]:[04:17:05] Warning: Initial value for parameter CPXPARAM_MIP_Strategy_Probe is forbidden. So unforbidden it for the ILS initial configuration at iteration 6.
[INFO]:[04:17:05] Warning: Initial configuration contains a forbidden tuple. So unforbidden it for ILS at iteration 6.
[INFO]:[04:17:05] ILS search space file written: /scratch/yorig/mpils-results-grid-ticks-10000-7may/medium-2/24proc-4pils/seed-2/6_sorrell3_seed-2_20260510_041416/iterated_local_search/search_space/search_space_file_6_worker_18.txt
[INFO]:[04:17:05] Writing ILS search space file for worker 19...
[INFO]:[04:17:05] Warning: Initial value for parameter CPXPARAM_Emphasis_MIP is forbidden. So unforbidden it for the ILS initial configuration at iteration 6.
[INFO]:[04:17:05] Warning: Initial value for parameter CPXPARAM_MIP_Cuts_Cliques is forbidden. So unforbidden it for the ILS initial configuration at iteration 6.
[INFO]:[04:17:05] Warning: Initial configuration contains a forbidden tuple. So unforbidden it for ILS at iteration 6.
[INFO]:[04:17:05] Warning: Initial configuration contains a forbidden tuple. So unforbidden it for ILS at iteration 6.
[INFO]:[04:17:05] ILS search space file written: /scratch/yorig/mpils-results-grid-ticks-10000-7may/medium-2/24proc-4pils/seed-2/6_sorrell3_seed-2_20260510_041416/iterated_local_search/search_space/search_space_file_6_worker_19.txt
[INFO]:[04:17:05] Writing ILS search space file for worker 20...
[INFO]:[04:17:05] Warning: Initial value for parameter CPXPARAM_MIP_Cuts_Cliques is forbidden. So unforbidden it for the ILS initial configuration at iteration 6.
[INFO]:[04:17:05] Warning: Initial value for parameter CPXPARAM_MIP_Cuts_Gomory is forbidden. So unforbidden it for the ILS initial configuration at iteration 6.
[INFO]:[04:17:05] Warning: Initial value for parameter CPXPARAM_MIP_Strategy_Probe is forbidden. So unforbidden it for the ILS initial configuration at iteration 6.
[INFO]:[04:17:05] ILS search space file written: /scratch/yorig/mpils-results-grid-ticks-10000-7may/medium-2/24proc-4pils/seed-2/6_sorrell3_seed-2_20260510_041416/iterated_local_search/search_space/search_space_file_6_worker_20.txt
[INFO]:[04:17:05] Writing ILS search space file for worker 21...
[INFO]:[04:17:05] Warning: Initial value for parameter CPXPARAM_Emphasis_MIP is forbidden. So unforbidden it for the ILS initial configuration at iteration 6.
[INFO]:[04:17:05] Warning: Initial value for parameter CPXPARAM_MIP_Cuts_Cliques is forbidden. So unforbidden it for the ILS initial configuration at iteration 6.
[INFO]:[04:17:05] Warning: Initial value for parameter CPXPARAM_MIP_Cuts_Gomory is forbidden. So unforbidden it for the ILS initial configuration at iteration 6.
[INFO]:[04:17:05] Warning: Initial value for parameter CPXPARAM_MIP_Strategy_Probe is forbidden. So unforbidden it for the ILS initial configuration at iteration 6.
[INFO]:[04:17:05] Warning: Initial configuration contains a forbidden tuple. So unforbidden it for ILS at iteration 6.
[INFO]:[04:17:05] Warning: Initial configuration contains a forbidden tuple. So unforbidden it for ILS at iteration 6.
[INFO]:[04:17:05] Warning: Initial configuration contains a forbidden tuple. So unforbidden it for ILS at iteration 6.
[INFO]:[04:17:05] Warning: Initial configuration contains a forbidden tuple. So unforbidden it for ILS at iteration 6.
[INFO]:[04:17:05] Warning: Initial configuration contains a forbidden tuple. So unforbidden it for ILS at iteration 6.
[INFO]:[04:17:05] Warning: Initial configuration contains a forbidden tuple. So unforbidden it for ILS at iteration 6.
[INFO]:[04:17:05] Warning: Initial configuration contains a forbidden tuple. So unforbidden it for ILS at iteration 6.
[INFO]:[04:17:05] Warning: Initial configuration contains a forbidden tuple. So unforbidden it for ILS at iteration 6.
[INFO]:[04:17:05] Warning: Initial configuration contains a forbidden tuple. So unforbidden it for ILS at iteration 6.
[INFO]:[04:17:05] ILS search space file written: /scratch/yorig/mpils-results-grid-ticks-10000-7may/medium-2/24proc-4pils/seed-2/6_sorrell3_seed-2_20260510_041416/iterated_local_search/search_space/search_space_file_6_worker_21.txt
[INFO]:[04:17:05] Writing ILS search space file for worker 22...
[INFO]:[04:17:05] Warning: Initial value for parameter CPXPARAM_MIP_Cuts_FlowCovers is forbidden. So unforbidden it for the ILS initial configuration at iteration 6.
[INFO]:[04:17:05] Warning: Initial configuration contains a forbidden tuple. So unforbidden it for ILS at iteration 6.
[INFO]:[04:17:05] ILS search space file written: /scratch/yorig/mpils-results-grid-ticks-10000-7may/medium-2/24proc-4pils/seed-2/6_sorrell3_seed-2_20260510_041416/iterated_local_search/search_space/search_space_file_6_worker_22.txt
[INFO]:[04:17:05] Writing ILS search space file for worker 23...
[INFO]:[04:17:05] Warning: Initial value for parameter CPXPARAM_Emphasis_MIP is forbidden. So unforbidden it for the ILS initial configuration at iteration 6.
[INFO]:[04:17:05] Warning: Initial value for parameter CPXPARAM_MIP_Cuts_Cliques is forbidden. So unforbidden it for the ILS initial configuration at iteration 6.
[INFO]:[04:17:05] Warning: Initial value for parameter CPXPARAM_MIP_Strategy_VariableSelect is forbidden. So unforbidden it for the ILS initial configuration at iteration 6.
[INFO]:[04:17:05] Warning: Initial configuration contains a forbidden tuple. So unforbidden it for ILS at iteration 6.
[INFO]:[04:17:05] Warning: Initial configuration contains a forbidden tuple. So unforbidden it for ILS at iteration 6.
[INFO]:[04:17:05] ILS search space file written: /scratch/yorig/mpils-results-grid-ticks-10000-7may/medium-2/24proc-4pils/seed-2/6_sorrell3_seed-2_20260510_041416/iterated_local_search/search_space/search_space_file_6_worker_23.txt
[INFO]:[04:17:05] Launching Local Search Workers via MPI...
[INFO]:[04:17:05] Local Search Workers launched.
[INFO]:[04:17:05] Starting local search phase...
[INFO]:[04:17:05] Creating local search space from parameter space file: /scratch/yorig/mpils-results-grid-ticks-10000-7may/medium-2/24proc-4pils/seed-2/6_sorrell3_seed-2_20260510_041416/iterated_local_search/search_space/search_space_file_6.txt
[INFO]:[04:17:05] Local search space loaded from file: /scratch/yorig/mpils-results-grid-ticks-10000-7may/medium-2/24proc-4pils/seed-2/6_sorrell3_seed-2_20260510_041416/iterated_local_search/search_space/search_space_file_6.txt
[INFO]:[04:17:05] Number of parameters in local search space: 71
[INFO]:[04:17:05] Number of forbidden tuples in local search space: 69
[INFO]:[04:17:05] Number of conditionals in local search space: 6
[INFO]:[04:17:05] MIP start option not enabled. Local search will proceed without MIP start.
[INFO]:[04:17:05] Seeded initial configuration into local search cache with known objective value: 33.27
[INFO]:[04:17:05] Starting CPLEX solver on instance: /home/yorig/tuner/mpils-tests/instances/miplib/medium-2/sorrell3.mps with config: /scratch/yorig/mpils-results-grid-ticks-10000-7may/medium-2/24proc-4pils/seed-2/6_sorrell3_seed-2_20260510_041416/iterated_local_search/run_6_worker_0/ils_config_16722798556720318694.prm
[INFO]:[04:17:05] Starting CPLEX solver on instance: /home/yorig/tuner/mpils-tests/instances/miplib/medium-2/sorrell3.mps with config: /scratch/yorig/mpils-results-grid-ticks-10000-7may/medium-2/24proc-4pils/seed-2/6_sorrell3_seed-2_20260510_041416/iterated_local_search/run_6_worker_0/ils_config_16722798556720318694.prm
[INFO]:[04:17:12] CPLEX results. Gap: 33.440000, upper bound: -15.000000, lower bound: -20.015956
[INFO]:[04:17:12] CPLEX solver finished. Gap: 33.440000
[INFO]:[04:17:12] Starting CPLEX solver on instance: /home/yorig/tuner/mpils-tests/instances/miplib/medium-2/sorrell3.mps with config: /scratch/yorig/mpils-results-grid-ticks-10000-7may/medium-2/24proc-4pils/seed-2/6_sorrell3_seed-2_20260510_041416/iterated_local_search/run_6_worker_0/ils_config_8573858731270831512.prm
[INFO]:[04:17:12] Starting CPLEX solver on instance: /home/yorig/tuner/mpils-tests/instances/miplib/medium-2/sorrell3.mps with config: /scratch/yorig/mpils-results-grid-ticks-10000-7may/medium-2/24proc-4pils/seed-2/6_sorrell3_seed-2_20260510_041416/iterated_local_search/run_6_worker_0/ils_config_8573858731270831512.prm
[INFO]:[04:17:18] CPLEX results. Gap: 33.270000, upper bound: -15.000000, lower bound: -19.990665
[INFO]:[04:17:18] CPLEX solver finished. Gap: 33.270000
[INFO]:[04:17:18] Starting CPLEX solver on instance: /home/yorig/tuner/mpils-tests/instances/miplib/medium-2/sorrell3.mps with config: /scratch/yorig/mpils-results-grid-ticks-10000-7may/medium-2/24proc-4pils/seed-2/6_sorrell3_seed-2_20260510_041416/iterated_local_search/run_6_worker_0/ils_config_7373138032489523596.prm
[INFO]:[04:17:18] Starting CPLEX solver on instance: /home/yorig/tuner/mpils-tests/instances/miplib/medium-2/sorrell3.mps with config: /scratch/yorig/mpils-results-grid-ticks-10000-7may/medium-2/24proc-4pils/seed-2/6_sorrell3_seed-2_20260510_041416/iterated_local_search/run_6_worker_0/ils_config_7373138032489523596.prm
[INFO]:[04:17:24] CPLEX results. Gap: 33.270000, upper bound: -15.000000, lower bound: -19.990665
[INFO]:[04:17:24] CPLEX solver finished. Gap: 33.270000
[INFO]:[04:17:24] Local search phase completed.
[INFO]:[04:17:24] Total number of new local-search evaluations: 12
[INFO]:[04:17:24] Final incumbent objective value: 33.27
[INFO]:[04:17:24] recordEvaluation produced_mip_start=0 mip_start_file=''
[DEBUG]:[04:17:24] Added evaluation to memory with objective: 33.44, ConfigId: 16722798556720318694, EvalId: 519. Total evaluations stored: 519
[INFO]:[04:17:24] recordEvaluation produced_mip_start=0 mip_start_file=''
[DEBUG]:[04:17:24] Added evaluation to memory with objective: 33.37, ConfigId: 5988662020493846908, EvalId: 520. Total evaluations stored: 520
[INFO]:[04:17:24] recordEvaluation produced_mip_start=0 mip_start_file=''
[DEBUG]:[04:17:24] Added evaluation to memory with objective: 33.44, ConfigId: 12925428112809501740, EvalId: 521. Total evaluations stored: 521
[INFO]:[04:17:24] recordEvaluation produced_mip_start=0 mip_start_file=''
[DEBUG]:[04:17:24] Added evaluation to memory with objective: 33.27, ConfigId: 18386661090113115349, EvalId: 522. Total evaluations stored: 522
[INFO]:[04:17:24] recordEvaluation produced_mip_start=0 mip_start_file=''
[DEBUG]:[04:17:24] Added evaluation to memory with objective: 33.27, ConfigId: 8573858731270831512, EvalId: 523. Total evaluations stored: 523
[INFO]:[04:17:24] recordEvaluation produced_mip_start=0 mip_start_file=''
[DEBUG]:[04:17:24] Added evaluation to memory with objective: 33.44, ConfigId: 4887989024368701277, EvalId: 524. Total evaluations stored: 524
[INFO]:[04:17:24] recordEvaluation produced_mip_start=0 mip_start_file=''
[DEBUG]:[04:17:24] Added evaluation to memory with objective: 33.27, ConfigId: 2835496817536822755, EvalId: 525. Total evaluations stored: 525
[INFO]:[04:17:24] recordEvaluation produced_mip_start=0 mip_start_file=''
[DEBUG]:[04:17:24] Added evaluation to memory with objective: 33.27, ConfigId: 14053420088270566333, EvalId: 526. Total evaluations stored: 526
[INFO]:[04:17:24] recordEvaluation produced_mip_start=0 mip_start_file=''
[DEBUG]:[04:17:24] Added evaluation to memory with objective: 33.27, ConfigId: 7373138032489523596, EvalId: 527. Total evaluations stored: 527
[INFO]:[04:17:24] recordEvaluation produced_mip_start=0 mip_start_file=''
[DEBUG]:[04:17:24] Added evaluation to memory with objective: 33.27, ConfigId: 16336278901731669836, EvalId: 528. Total evaluations stored: 528
[INFO]:[04:17:24] recordEvaluation produced_mip_start=0 mip_start_file=''
[DEBUG]:[04:17:24] Added evaluation to memory with objective: 33.3, ConfigId: 17990556678070065320, EvalId: 529. Total evaluations stored: 529
[INFO]:[04:17:24] recordEvaluation produced_mip_start=0 mip_start_file=''
[DEBUG]:[04:17:24] Added evaluation to memory with objective: 42.55, ConfigId: 5538009809427587900, EvalId: 530. Total evaluations stored: 530
[INFO]:[04:17:24] Waiting for Local Search Workers via MPI...
[INFO]:[04:17:25] Local Search Workers have completed.
[INFO]:[04:17:25] recordEvaluation produced_mip_start=0 mip_start_file=''
[DEBUG]:[04:17:25] Added evaluation to memory with objective: 33.44, ConfigId: 8473095831061630641, EvalId: 531. Total evaluations stored: 531
[INFO]:[04:17:25] recordEvaluation produced_mip_start=0 mip_start_file=''
[DEBUG]:[04:17:25] Added evaluation to memory with objective: 33.34, ConfigId: 6747978466974204635, EvalId: 532. Total evaluations stored: 532
[INFO]:[04:17:25] recordEvaluation produced_mip_start=0 mip_start_file=''
[DEBUG]:[04:17:25] Added evaluation to memory with objective: 52.46, ConfigId: 2761721083159653579, EvalId: 533. Total evaluations stored: 533
[INFO]:[04:17:25] recordEvaluation produced_mip_start=0 mip_start_file=''
[DEBUG]:[04:17:25] Added evaluation to memory with objective: 42.92, ConfigId: 16248159917913821129, EvalId: 534. Total evaluations stored: 534
[INFO]:[04:17:25] recordEvaluation produced_mip_start=0 mip_start_file=''
[DEBUG]:[04:17:25] Added evaluation to memory with objective: 33.34, ConfigId: 2868835853129371162, EvalId: 535. Total evaluations stored: 535
[INFO]:[04:17:25] recordEvaluation produced_mip_start=0 mip_start_file=''
[DEBUG]:[04:17:25] Added evaluation to memory with objective: 33.51, ConfigId: 7171568126260222038, EvalId: 536. Total evaluations stored: 536
[INFO]:[04:17:25] recordEvaluation produced_mip_start=0 mip_start_file=''
[DEBUG]:[04:17:25] Added evaluation to memory with objective: 33.34, ConfigId: 12860940179893179268, EvalId: 537. Total evaluations stored: 537
[INFO]:[04:17:25] recordEvaluation produced_mip_start=0 mip_start_file=''
[DEBUG]:[04:17:25] Added evaluation to memory with objective: 33.34, ConfigId: 8157186353367165630, EvalId: 538. Total evaluations stored: 538
[INFO]:[04:17:25] recordEvaluation produced_mip_start=0 mip_start_file=''
[DEBUG]:[04:17:25] Added evaluation to memory with objective: 33.34, ConfigId: 14861209213438910576, EvalId: 539. Total evaluations stored: 539
[INFO]:[04:17:25] recordEvaluation produced_mip_start=0 mip_start_file=''
[DEBUG]:[04:17:25] Added evaluation to memory with objective: 33.34, ConfigId: 7629744632483769067, EvalId: 540. Total evaluations stored: 540
[INFO]:[04:17:25] recordEvaluation produced_mip_start=0 mip_start_file=''
[DEBUG]:[04:17:25] Added evaluation to memory with objective: 33.34, ConfigId: 18370320004402453424, EvalId: 541. Total evaluations stored: 541
[INFO]:[04:17:25] recordEvaluation produced_mip_start=0 mip_start_file=''
[DEBUG]:[04:17:25] Added evaluation to memory with objective: 33.51, ConfigId: 17313639888336832503, EvalId: 542. Total evaluations stored: 542
[INFO]:[04:17:25] recordEvaluation produced_mip_start=0 mip_start_file=''
[DEBUG]:[04:17:25] Added evaluation to memory with objective: 53.13, ConfigId: 14554986805384692895, EvalId: 543. Total evaluations stored: 543
[INFO]:[04:17:25] recordEvaluation produced_mip_start=0 mip_start_file=''
[DEBUG]:[04:17:25] Added evaluation to memory with objective: 42.77, ConfigId: 11528709356331855719, EvalId: 544. Total evaluations stored: 544
[INFO]:[04:17:25] recordEvaluation produced_mip_start=0 mip_start_file=''
[DEBUG]:[04:17:25] Added evaluation to memory with objective: 42.92, ConfigId: 8156532422624677827, EvalId: 545. Total evaluations stored: 545
[INFO]:[04:17:25] recordEvaluation produced_mip_start=0 mip_start_file=''
[DEBUG]:[04:17:25] Added evaluation to memory with objective: 42.56, ConfigId: 11311146645938021554, EvalId: 546. Total evaluations stored: 546
[INFO]:[04:17:25] recordEvaluation produced_mip_start=0 mip_start_file=''
[DEBUG]:[04:17:25] Added evaluation to memory with objective: 42.58, ConfigId: 16575820547585064635, EvalId: 547. Total evaluations stored: 547
[INFO]:[04:17:25] recordEvaluation produced_mip_start=0 mip_start_file=''
[DEBUG]:[04:17:25] Added evaluation to memory with objective: 42.56, ConfigId: 10021039843566247042, EvalId: 548. Total evaluations stored: 548
[INFO]:[04:17:25] recordEvaluation produced_mip_start=0 mip_start_file=''
[DEBUG]:[04:17:25] Added evaluation to memory with objective: 42.56, ConfigId: 8530067055825489773, EvalId: 549. Total evaluations stored: 549
[INFO]:[04:17:25] recordEvaluation produced_mip_start=0 mip_start_file=''
[DEBUG]:[04:17:25] Added evaluation to memory with objective: 42.56, ConfigId: 5137890444654160352, EvalId: 550. Total evaluations stored: 550
[INFO]:[04:17:25] recordEvaluation produced_mip_start=0 mip_start_file=''
[DEBUG]:[04:17:25] Added evaluation to memory with objective: 42.71, ConfigId: 11114579955059287515, EvalId: 551. Total evaluations stored: 551
[INFO]:[04:17:25] recordEvaluation produced_mip_start=0 mip_start_file=''
[DEBUG]:[04:17:25] Added evaluation to memory with objective: 42.56, ConfigId: 10025031995387742389, EvalId: 552. Total evaluations stored: 552
[INFO]:[04:17:25] recordEvaluation produced_mip_start=0 mip_start_file=''
[DEBUG]:[04:17:25] Added evaluation to memory with objective: 42.56, ConfigId: 13067200573051432953, EvalId: 553. Total evaluations stored: 553
[INFO]:[04:17:25] recordEvaluation produced_mip_start=0 mip_start_file=''
[DEBUG]:[04:17:25] Added evaluation to memory with objective: 42.56, ConfigId: 12277186340059228736, EvalId: 554. Total evaluations stored: 554
[INFO]:[04:17:25] recordEvaluation produced_mip_start=0 mip_start_file=''
[DEBUG]:[04:17:25] Added evaluation to memory with objective: 42.92, ConfigId: 10454763771478041863, EvalId: 555. Total evaluations stored: 555
[INFO]:[04:17:25] recordEvaluation produced_mip_start=0 mip_start_file=''
[DEBUG]:[04:17:25] Added evaluation to memory with objective: 42.73, ConfigId: 227022721357251407, EvalId: 556. Total evaluations stored: 556
[INFO]:[04:17:25] recordEvaluation produced_mip_start=0 mip_start_file=''
[DEBUG]:[04:17:25] Added evaluation to memory with objective: 64.77, ConfigId: 6406152561061993383, EvalId: 557. Total evaluations stored: 557
[INFO]:[04:17:25] recordEvaluation produced_mip_start=0 mip_start_file=''
[DEBUG]:[04:17:25] Added evaluation to memory with objective: 42.76, ConfigId: 15813378118972462929, EvalId: 558. Total evaluations stored: 558
[INFO]:[04:17:25] recordEvaluation produced_mip_start=0 mip_start_file=''
[DEBUG]:[04:17:25] Added evaluation to memory with objective: 41.85, ConfigId: 8971509435238757874, EvalId: 559. Total evaluations stored: 559
[INFO]:[04:17:25] recordEvaluation produced_mip_start=0 mip_start_file=''
[DEBUG]:[04:17:25] Added evaluation to memory with objective: 42.72, ConfigId: 7597800683867846234, EvalId: 560. Total evaluations stored: 560
[INFO]:[04:17:25] recordEvaluation produced_mip_start=0 mip_start_file=''
[DEBUG]:[04:17:25] Added evaluation to memory with objective: 53.09, ConfigId: 17218908848842940478, EvalId: 561. Total evaluations stored: 561
[INFO]:[04:17:25] recordEvaluation produced_mip_start=0 mip_start_file=''
[DEBUG]:[04:17:25] Added evaluation to memory with objective: 42.73, ConfigId: 8103722446781983558, EvalId: 562. Total evaluations stored: 562
[INFO]:[04:17:25] recordEvaluation produced_mip_start=0 mip_start_file=''
[DEBUG]:[04:17:25] Added evaluation to memory with objective: 41.91, ConfigId: 14090345260510790244, EvalId: 563. Total evaluations stored: 563
[INFO]:[04:17:25] recordEvaluation produced_mip_start=0 mip_start_file=''
[DEBUG]:[04:17:25] Added evaluation to memory with objective: 41.85, ConfigId: 14591179901364445247, EvalId: 564. Total evaluations stored: 564
[INFO]:[04:17:25] recordEvaluation produced_mip_start=0 mip_start_file=''
[DEBUG]:[04:17:25] Added evaluation to memory with objective: 41.85, ConfigId: 11505661050487586168, EvalId: 565. Total evaluations stored: 565
[INFO]:[04:17:25] recordEvaluation produced_mip_start=0 mip_start_file=''
[DEBUG]:[04:17:25] Added evaluation to memory with objective: 42.04, ConfigId: 10099856353352161171, EvalId: 566. Total evaluations stored: 566
[INFO]:[04:17:25] recordEvaluation produced_mip_start=0 mip_start_file=''
[DEBUG]:[04:17:25] Added evaluation to memory with objective: 42.92, ConfigId: 8424617316658751331, EvalId: 567. Total evaluations stored: 567
[INFO]:[04:17:25] recordEvaluation produced_mip_start=0 mip_start_file=''
[DEBUG]:[04:17:25] Added evaluation to memory with objective: 42.79, ConfigId: 4596596166344493517, EvalId: 568. Total evaluations stored: 568
[INFO]:[04:17:25] recordEvaluation produced_mip_start=0 mip_start_file=''
[DEBUG]:[04:17:25] Added evaluation to memory with objective: 42.72, ConfigId: 11464864862465149166, EvalId: 569. Total evaluations stored: 569
[INFO]:[04:17:25] recordEvaluation produced_mip_start=0 mip_start_file=''
[DEBUG]:[04:17:25] Added evaluation to memory with objective: 42.72, ConfigId: 10162372583266856412, EvalId: 570. Total evaluations stored: 570
[INFO]:[04:17:25] recordEvaluation produced_mip_start=0 mip_start_file=''
[DEBUG]:[04:17:25] Added evaluation to memory with objective: 42.72, ConfigId: 8557093905521990997, EvalId: 571. Total evaluations stored: 571
[INFO]:[04:17:25] recordEvaluation produced_mip_start=0 mip_start_file=''
[DEBUG]:[04:17:25] Added evaluation to memory with objective: 42.72, ConfigId: 14674755637838892732, EvalId: 572. Total evaluations stored: 572
[INFO]:[04:17:25] recordEvaluation produced_mip_start=0 mip_start_file=''
[DEBUG]:[04:17:25] Added evaluation to memory with objective: 42.72, ConfigId: 14022172518311152778, EvalId: 573. Total evaluations stored: 573
[INFO]:[04:17:25] recordEvaluation produced_mip_start=0 mip_start_file=''
[DEBUG]:[04:17:25] Added evaluation to memory with objective: 42.72, ConfigId: 7359144746329993225, EvalId: 574. Total evaluations stored: 574
[INFO]:[04:17:25] recordEvaluation produced_mip_start=0 mip_start_file=''
[DEBUG]:[04:17:25] Added evaluation to memory with objective: 42.72, ConfigId: 14793245918541906489, EvalId: 575. Total evaluations stored: 575
[INFO]:[04:17:25] recordEvaluation produced_mip_start=0 mip_start_file=''
[DEBUG]:[04:17:25] Added evaluation to memory with objective: 42.72, ConfigId: 6998010667878495561, EvalId: 576. Total evaluations stored: 576
[INFO]:[04:17:25] recordEvaluation produced_mip_start=0 mip_start_file=''
[DEBUG]:[04:17:25] Added evaluation to memory with objective: 42.72, ConfigId: 2038242554292355650, EvalId: 577. Total evaluations stored: 577
[INFO]:[04:17:25] recordEvaluation produced_mip_start=0 mip_start_file=''
[DEBUG]:[04:17:25] Added evaluation to memory with objective: 42.71, ConfigId: 13809037300750405538, EvalId: 578. Total evaluations stored: 578
[INFO]:[04:17:25] recordEvaluation produced_mip_start=0 mip_start_file=''
[DEBUG]:[04:17:25] Added evaluation to memory with objective: 42.92, ConfigId: 12562829715042180790, EvalId: 579. Total evaluations stored: 579
[INFO]:[04:17:25] recordEvaluation produced_mip_start=0 mip_start_file=''
[DEBUG]:[04:17:25] Added evaluation to memory with objective: 42.72, ConfigId: 13353652578876550186, EvalId: 580. Total evaluations stored: 580
[INFO]:[04:17:25] recordEvaluation produced_mip_start=0 mip_start_file=''
[DEBUG]:[04:17:25] Added evaluation to memory with objective: 42.8, ConfigId: 12852285094865803540, EvalId: 581. Total evaluations stored: 581
[INFO]:[04:17:25] recordEvaluation produced_mip_start=0 mip_start_file=''
[DEBUG]:[04:17:25] Added evaluation to memory with objective: 42.79, ConfigId: 17815326368228641261, EvalId: 582. Total evaluations stored: 582
[INFO]:[04:17:25] recordEvaluation produced_mip_start=0 mip_start_file=''
[DEBUG]:[04:17:25] Added evaluation to memory with objective: 42.72, ConfigId: 317447927592084457, EvalId: 583. Total evaluations stored: 583
[INFO]:[04:17:25] recordEvaluation produced_mip_start=0 mip_start_file=''
[DEBUG]:[04:17:25] Added evaluation to memory with objective: 42.72, ConfigId: 11750846738668615061, EvalId: 584. Total evaluations stored: 584
[INFO]:[04:17:25] recordEvaluation produced_mip_start=0 mip_start_file=''
[DEBUG]:[04:17:25] Added evaluation to memory with objective: 42.72, ConfigId: 12278101119056613864, EvalId: 585. Total evaluations stored: 585
[INFO]:[04:17:25] recordEvaluation produced_mip_start=0 mip_start_file=''
[DEBUG]:[04:17:25] Added evaluation to memory with objective: 42.72, ConfigId: 4203677525211757662, EvalId: 586. Total evaluations stored: 586
[INFO]:[04:17:25] recordEvaluation produced_mip_start=0 mip_start_file=''
[DEBUG]:[04:17:25] Added evaluation to memory with objective: 42.72, ConfigId: 3423181269781672335, EvalId: 587. Total evaluations stored: 587
[INFO]:[04:17:25] recordEvaluation produced_mip_start=0 mip_start_file=''
[DEBUG]:[04:17:25] Added evaluation to memory with objective: 42.72, ConfigId: 5679035997706208054, EvalId: 588. Total evaluations stored: 588
[INFO]:[04:17:25] recordEvaluation produced_mip_start=0 mip_start_file=''
[DEBUG]:[04:17:25] Added evaluation to memory with objective: 41.93, ConfigId: 11514116875377518987, EvalId: 589. Total evaluations stored: 589
[INFO]:[04:17:25] recordEvaluation produced_mip_start=0 mip_start_file=''
[DEBUG]:[04:17:25] Added evaluation to memory with objective: 42.72, ConfigId: 12638566539681220916, EvalId: 590. Total evaluations stored: 590
[INFO]:[04:17:25] IteratedLocalSearch Engine completed.
[INFO]:[04:17:25] Added72 evaluations to memory from exploration phase at iteration 6
[INFO]:[04:17:25] Exploration phase completed.
[INFO]:[04:17:25] Starting expansion phase...
[INFO]:[04:17:25] Selecting parameters for expansion phase...
[INFO]:[04:17:25] Selected expansion parameters: 10
[INFO]:[04:17:25] Creating configuration files for expansion parameters...
[INFO]:[04:17:25] Creating configurations for parameter: CPXPARAM_MIP_Strategy_SubAlgorithm
[DEBUG]:[04:17:25] Parameter CPXPARAM_MIP_Strategy_SubAlgorithm will be evaluated on 5 alternative value(s) after excluding the current base configuration value.
[DEBUG]:[04:17:25] Created configuration file for parameter CPXPARAM_MIP_Strategy_SubAlgorithm with value 1 at /scratch/yorig/mpils-results-grid-ticks-10000-7may/medium-2/24proc-4pils/seed-2/6_sorrell3_seed-2_20260510_041416/expansion/config_param_CPXPARAM_MIP_Strategy_SubAlgorithm_1_iter_6.prm
[DEBUG]:[04:17:25] Created configuration file for parameter CPXPARAM_MIP_Strategy_SubAlgorithm with value 2 at /scratch/yorig/mpils-results-grid-ticks-10000-7may/medium-2/24proc-4pils/seed-2/6_sorrell3_seed-2_20260510_041416/expansion/config_param_CPXPARAM_MIP_Strategy_SubAlgorithm_2_iter_6.prm
[DEBUG]:[04:17:25] Created configuration file for parameter CPXPARAM_MIP_Strategy_SubAlgorithm with value 3 at /scratch/yorig/mpils-results-grid-ticks-10000-7may/medium-2/24proc-4pils/seed-2/6_sorrell3_seed-2_20260510_041416/expansion/config_param_CPXPARAM_MIP_Strategy_SubAlgorithm_3_iter_6.prm
[DEBUG]:[04:17:25] Created configuration file for parameter CPXPARAM_MIP_Strategy_SubAlgorithm with value 4 at /scratch/yorig/mpils-results-grid-ticks-10000-7may/medium-2/24proc-4pils/seed-2/6_sorrell3_seed-2_20260510_041416/expansion/config_param_CPXPARAM_MIP_Strategy_SubAlgorithm_4_iter_6.prm
[DEBUG]:[04:17:25] Created configuration file for parameter CPXPARAM_MIP_Strategy_SubAlgorithm with value 5 at /scratch/yorig/mpils-results-grid-ticks-10000-7may/medium-2/24proc-4pils/seed-2/6_sorrell3_seed-2_20260510_041416/expansion/config_param_CPXPARAM_MIP_Strategy_SubAlgorithm_5_iter_6.prm
[INFO]:[04:17:25] Creating configurations for parameter: CPXPARAM_Simplex_DGradient
[DEBUG]:[04:17:25] Parameter CPXPARAM_Simplex_DGradient will be evaluated on 5 alternative value(s) after excluding the current base configuration value.
[DEBUG]:[04:17:25] Created configuration file for parameter CPXPARAM_Simplex_DGradient with value 1 at /scratch/yorig/mpils-results-grid-ticks-10000-7may/medium-2/24proc-4pils/seed-2/6_sorrell3_seed-2_20260510_041416/expansion/config_param_CPXPARAM_Simplex_DGradient_1_iter_6.prm
[DEBUG]:[04:17:25] Created configuration file for parameter CPXPARAM_Simplex_DGradient with value 2 at /scratch/yorig/mpils-results-grid-ticks-10000-7may/medium-2/24proc-4pils/seed-2/6_sorrell3_seed-2_20260510_041416/expansion/config_param_CPXPARAM_Simplex_DGradient_2_iter_6.prm
[DEBUG]:[04:17:25] Created configuration file for parameter CPXPARAM_Simplex_DGradient with value 3 at /scratch/yorig/mpils-results-grid-ticks-10000-7may/medium-2/24proc-4pils/seed-2/6_sorrell3_seed-2_20260510_041416/expansion/config_param_CPXPARAM_Simplex_DGradient_3_iter_6.prm
[DEBUG]:[04:17:25] Created configuration file for parameter CPXPARAM_Simplex_DGradient with value 4 at /scratch/yorig/mpils-results-grid-ticks-10000-7may/medium-2/24proc-4pils/seed-2/6_sorrell3_seed-2_20260510_041416/expansion/config_param_CPXPARAM_Simplex_DGradient_4_iter_6.prm
[DEBUG]:[04:17:25] Created configuration file for parameter CPXPARAM_Simplex_DGradient with value 5 at /scratch/yorig/mpils-results-grid-ticks-10000-7may/medium-2/24proc-4pils/seed-2/6_sorrell3_seed-2_20260510_041416/expansion/config_param_CPXPARAM_Simplex_DGradient_5_iter_6.prm
[INFO]:[04:17:25] Creating configurations for parameter: CPXPARAM_Simplex_PGradient
[DEBUG]:[04:17:25] Parameter CPXPARAM_Simplex_PGradient will be evaluated on 5 alternative value(s) after excluding the current base configuration value.
[DEBUG]:[04:17:25] Created configuration file for parameter CPXPARAM_Simplex_PGradient with value -1 at /scratch/yorig/mpils-results-grid-ticks-10000-7may/medium-2/24proc-4pils/seed-2/6_sorrell3_seed-2_20260510_041416/expansion/config_param_CPXPARAM_Simplex_PGradient_-1_iter_6.prm
[DEBUG]:[04:17:25] Created configuration file for parameter CPXPARAM_Simplex_PGradient with value 1 at /scratch/yorig/mpils-results-grid-ticks-10000-7may/medium-2/24proc-4pils/seed-2/6_sorrell3_seed-2_20260510_041416/expansion/config_param_CPXPARAM_Simplex_PGradient_1_iter_6.prm
[DEBUG]:[04:17:25] Created configuration file for parameter CPXPARAM_Simplex_PGradient with value 2 at /scratch/yorig/mpils-results-grid-ticks-10000-7may/medium-2/24proc-4pils/seed-2/6_sorrell3_seed-2_20260510_041416/expansion/config_param_CPXPARAM_Simplex_PGradient_2_iter_6.prm
[DEBUG]:[04:17:25] Created configuration file for parameter CPXPARAM_Simplex_PGradient with value 3 at /scratch/yorig/mpils-results-grid-ticks-10000-7may/medium-2/24proc-4pils/seed-2/6_sorrell3_seed-2_20260510_041416/expansion/config_param_CPXPARAM_Simplex_PGradient_3_iter_6.prm
[DEBUG]:[04:17:25] Created configuration file for parameter CPXPARAM_Simplex_PGradient with value 4 at /scratch/yorig/mpils-results-grid-ticks-10000-7may/medium-2/24proc-4pils/seed-2/6_sorrell3_seed-2_20260510_041416/expansion/config_param_CPXPARAM_Simplex_PGradient_4_iter_6.prm
[INFO]:[04:17:25] Creating configurations for parameter: CPXPARAM_Advance
[DEBUG]:[04:17:25] Parameter CPXPARAM_Advance will be evaluated on 2 alternative value(s) after excluding the current base configuration value.
[DEBUG]:[04:17:25] Created configuration file for parameter CPXPARAM_Advance with value 0 at /scratch/yorig/mpils-results-grid-ticks-10000-7may/medium-2/24proc-4pils/seed-2/6_sorrell3_seed-2_20260510_041416/expansion/config_param_CPXPARAM_Advance_0_iter_6.prm
[DEBUG]:[04:17:25] Created configuration file for parameter CPXPARAM_Advance with value 2 at /scratch/yorig/mpils-results-grid-ticks-10000-7may/medium-2/24proc-4pils/seed-2/6_sorrell3_seed-2_20260510_041416/expansion/config_param_CPXPARAM_Advance_2_iter_6.prm
[INFO]:[04:17:25] Creating configurations for parameter: CPXPARAM_MIP_Limits_AggForCut
[DEBUG]:[04:17:25] Parameter CPXPARAM_MIP_Limits_AggForCut will be evaluated on 5 alternative value(s) after excluding the current base configuration value.
[DEBUG]:[04:17:25] Created configuration file for parameter CPXPARAM_MIP_Limits_AggForCut with value 0 at /scratch/yorig/mpils-results-grid-ticks-10000-7may/medium-2/24proc-4pils/seed-2/6_sorrell3_seed-2_20260510_041416/expansion/config_param_CPXPARAM_MIP_Limits_AggForCut_0_iter_6.prm
[DEBUG]:[04:17:25] Created configuration file for parameter CPXPARAM_MIP_Limits_AggForCut with value 1 at /scratch/yorig/mpils-results-grid-ticks-10000-7may/medium-2/24proc-4pils/seed-2/6_sorrell3_seed-2_20260510_041416/expansion/config_param_CPXPARAM_MIP_Limits_AggForCut_1_iter_6.prm
[DEBUG]:[04:17:25] Created configuration file for parameter CPXPARAM_MIP_Limits_AggForCut with value 2 at /scratch/yorig/mpils-results-grid-ticks-10000-7may/medium-2/24proc-4pils/seed-2/6_sorrell3_seed-2_20260510_041416/expansion/config_param_CPXPARAM_MIP_Limits_AggForCut_2_iter_6.prm
[DEBUG]:[04:17:25] Created configuration file for parameter CPXPARAM_MIP_Limits_AggForCut with value 5 at /scratch/yorig/mpils-results-grid-ticks-10000-7may/medium-2/24proc-4pils/seed-2/6_sorrell3_seed-2_20260510_041416/expansion/config_param_CPXPARAM_MIP_Limits_AggForCut_5_iter_6.prm
[DEBUG]:[04:17:25] Created configuration file for parameter CPXPARAM_MIP_Limits_AggForCut with value 10 at /scratch/yorig/mpils-results-grid-ticks-10000-7may/medium-2/24proc-4pils/seed-2/6_sorrell3_seed-2_20260510_041416/expansion/config_param_CPXPARAM_MIP_Limits_AggForCut_10_iter_6.prm
[INFO]:[04:17:25] Creating configurations for parameter: CPXPARAM_Preprocessing_Fill
[DEBUG]:[04:17:25] Parameter CPXPARAM_Preprocessing_Fill will be evaluated on 4 alternative value(s) after excluding the current base configuration value.
[DEBUG]:[04:17:25] Created configuration file for parameter CPXPARAM_Preprocessing_Fill with value 2 at /scratch/yorig/mpils-results-grid-ticks-10000-7may/medium-2/24proc-4pils/seed-2/6_sorrell3_seed-2_20260510_041416/expansion/config_param_CPXPARAM_Preprocessing_Fill_2_iter_6.prm
[DEBUG]:[04:17:25] Created configuration file for parameter CPXPARAM_Preprocessing_Fill with value 5 at /scratch/yorig/mpils-results-grid-ticks-10000-7may/medium-2/24proc-4pils/seed-2/6_sorrell3_seed-2_20260510_041416/expansion/config_param_CPXPARAM_Preprocessing_Fill_5_iter_6.prm
[DEBUG]:[04:17:25] Created configuration file for parameter CPXPARAM_Preprocessing_Fill with value 20 at /scratch/yorig/mpils-results-grid-ticks-10000-7may/medium-2/24proc-4pils/seed-2/6_sorrell3_seed-2_20260510_041416/expansion/config_param_CPXPARAM_Preprocessing_Fill_20_iter_6.prm
[DEBUG]:[04:17:25] Created configuration file for parameter CPXPARAM_Preprocessing_Fill with value 40 at /scratch/yorig/mpils-results-grid-ticks-10000-7may/medium-2/24proc-4pils/seed-2/6_sorrell3_seed-2_20260510_041416/expansion/config_param_CPXPARAM_Preprocessing_Fill_40_iter_6.prm
[INFO]:[04:17:25] Creating configurations for parameter: CPXPARAM_Barrier_Crossover
[DEBUG]:[04:17:25] Parameter CPXPARAM_Barrier_Crossover will be evaluated on 2 alternative value(s) after excluding the current base configuration value.
[DEBUG]:[04:17:25] Created configuration file for parameter CPXPARAM_Barrier_Crossover with value 1 at /scratch/yorig/mpils-results-grid-ticks-10000-7may/medium-2/24proc-4pils/seed-2/6_sorrell3_seed-2_20260510_041416/expansion/config_param_CPXPARAM_Barrier_Crossover_1_iter_6.prm
[DEBUG]:[04:17:25] Created configuration file for parameter CPXPARAM_Barrier_Crossover with value 2 at /scratch/yorig/mpils-results-grid-ticks-10000-7may/medium-2/24proc-4pils/seed-2/6_sorrell3_seed-2_20260510_041416/expansion/config_param_CPXPARAM_Barrier_Crossover_2_iter_6.prm
[INFO]:[04:17:25] Creating configurations for parameter: CPXPARAM_Barrier_Ordering
[DEBUG]:[04:17:25] Parameter CPXPARAM_Barrier_Ordering will be evaluated on 3 alternative value(s) after excluding the current base configuration value.
[DEBUG]:[04:17:25] Created configuration file for parameter CPXPARAM_Barrier_Ordering with value 1 at /scratch/yorig/mpils-results-grid-ticks-10000-7may/medium-2/24proc-4pils/seed-2/6_sorrell3_seed-2_20260510_041416/expansion/config_param_CPXPARAM_Barrier_Ordering_1_iter_6.prm
[DEBUG]:[04:17:25] Created configuration file for parameter CPXPARAM_Barrier_Ordering with value 2 at /scratch/yorig/mpils-results-grid-ticks-10000-7may/medium-2/24proc-4pils/seed-2/6_sorrell3_seed-2_20260510_041416/expansion/config_param_CPXPARAM_Barrier_Ordering_2_iter_6.prm
[DEBUG]:[04:17:25] Created configuration file for parameter CPXPARAM_Barrier_Ordering with value 3 at /scratch/yorig/mpils-results-grid-ticks-10000-7may/medium-2/24proc-4pils/seed-2/6_sorrell3_seed-2_20260510_041416/expansion/config_param_CPXPARAM_Barrier_Ordering_3_iter_6.prm
[INFO]:[04:17:25] Creating configurations for parameter: CPXPARAM_Barrier_StartAlg
[DEBUG]:[04:17:25] Parameter CPXPARAM_Barrier_StartAlg will be evaluated on 3 alternative value(s) after excluding the current base configuration value.
[DEBUG]:[04:17:25] Created configuration file for parameter CPXPARAM_Barrier_StartAlg with value 2 at /scratch/yorig/mpils-results-grid-ticks-10000-7may/medium-2/24proc-4pils/seed-2/6_sorrell3_seed-2_20260510_041416/expansion/config_param_CPXPARAM_Barrier_StartAlg_2_iter_6.prm
[DEBUG]:[04:17:25] Created configuration file for parameter CPXPARAM_Barrier_StartAlg with value 3 at /scratch/yorig/mpils-results-grid-ticks-10000-7may/medium-2/24proc-4pils/seed-2/6_sorrell3_seed-2_20260510_041416/expansion/config_param_CPXPARAM_Barrier_StartAlg_3_iter_6.prm
[DEBUG]:[04:17:25] Created configuration file for parameter CPXPARAM_Barrier_StartAlg with value 4 at /scratch/yorig/mpils-results-grid-ticks-10000-7may/medium-2/24proc-4pils/seed-2/6_sorrell3_seed-2_20260510_041416/expansion/config_param_CPXPARAM_Barrier_StartAlg_4_iter_6.prm
[INFO]:[04:17:25] Creating configurations for parameter: CPXPARAM_Preprocessing_BoundStrength
[DEBUG]:[04:17:25] Parameter CPXPARAM_Preprocessing_BoundStrength will be evaluated on 2 alternative value(s) after excluding the current base configuration value.
[DEBUG]:[04:17:25] Created configuration file for parameter CPXPARAM_Preprocessing_BoundStrength with value 0 at /scratch/yorig/mpils-results-grid-ticks-10000-7may/medium-2/24proc-4pils/seed-2/6_sorrell3_seed-2_20260510_041416/expansion/config_param_CPXPARAM_Preprocessing_BoundStrength_0_iter_6.prm
[DEBUG]:[04:17:25] Created configuration file for parameter CPXPARAM_Preprocessing_BoundStrength with value 1 at /scratch/yorig/mpils-results-grid-ticks-10000-7may/medium-2/24proc-4pils/seed-2/6_sorrell3_seed-2_20260510_041416/expansion/config_param_CPXPARAM_Preprocessing_BoundStrength_1_iter_6.prm
[INFO]:[04:17:25] Created 36 configuration files for expansion phase at iteration 6.
[INFO]:[04:17:25] Skipped 0 expansion parameter(s) with no alternative value to evaluate.
[INFO]:[04:17:25] Launching Expansion Workers via MPI...
[INFO]:[04:17:25] Expansion Workers launched.
[INFO]:[04:17:25] Evaluating expansion parameters...
[INFO]:[04:17:25] Starting CPLEX solver on instance: /home/yorig/tuner/mpils-tests/instances/miplib/medium-2/sorrell3.mps with config: /scratch/yorig/mpils-results-grid-ticks-10000-7may/medium-2/24proc-4pils/seed-2/6_sorrell3_seed-2_20260510_041416/expansion/config_param_CPXPARAM_MIP_Strategy_SubAlgorithm_1_iter_6.prm
[INFO]:[04:17:31] CPLEX results. Gap: 38.580000, upper bound: -15.000000, lower bound: -20.786675
[INFO]:[04:17:31] CPLEX solver finished. Gap: 38.580000
[INFO]:[04:17:31] Starting CPLEX solver on instance: /home/yorig/tuner/mpils-tests/instances/miplib/medium-2/sorrell3.mps with config: /scratch/yorig/mpils-results-grid-ticks-10000-7may/medium-2/24proc-4pils/seed-2/6_sorrell3_seed-2_20260510_041416/expansion/config_param_CPXPARAM_Preprocessing_Fill_20_iter_6.prm
[INFO]:[04:17:38] CPLEX results. Gap: 32.800000, upper bound: -15.000000, lower bound: -19.919394
[INFO]:[04:17:38] CPLEX solver finished. Gap: 32.800000
[INFO]:[04:17:38] recordEvaluation produced_mip_start=0 mip_start_file=''
[DEBUG]:[04:17:38] Added evaluation to memory with objective: 38.58, ConfigId: 7496453400567551435, EvalId: 591. Total evaluations stored: 591
[INFO]:[04:17:38] recordEvaluation produced_mip_start=0 mip_start_file=''
[DEBUG]:[04:17:38] Added evaluation to memory with objective: 32.8, ConfigId: 15620493344928369766, EvalId: 592. Total evaluations stored: 592
[INFO]:[04:17:38] recordEvaluation produced_mip_start=0 mip_start_file=''
[DEBUG]:[04:17:38] Added evaluation to memory with objective: 42.92, ConfigId: 12588462624669120974, EvalId: 593. Total evaluations stored: 593
[INFO]:[04:17:38] recordEvaluation produced_mip_start=0 mip_start_file=''
[DEBUG]:[04:17:38] Added evaluation to memory with objective: 32.87, ConfigId: 3851793974995515233, EvalId: 594. Total evaluations stored: 594
[INFO]:[04:17:38] recordEvaluation produced_mip_start=0 mip_start_file=''
[DEBUG]:[04:17:38] Added evaluation to memory with objective: 33.37, ConfigId: 12254854301193432009, EvalId: 595. Total evaluations stored: 595
[INFO]:[04:17:38] recordEvaluation produced_mip_start=0 mip_start_file=''
[DEBUG]:[04:17:38] Added evaluation to memory with objective: 38.58, ConfigId: 7833579618183997707, EvalId: 596. Total evaluations stored: 596
[INFO]:[04:17:38] recordEvaluation produced_mip_start=0 mip_start_file=''
[DEBUG]:[04:17:38] Added evaluation to memory with objective: 32.8, ConfigId: 7938662762240503362, EvalId: 597. Total evaluations stored: 597
[INFO]:[04:17:38] recordEvaluation produced_mip_start=0 mip_start_file=''
[DEBUG]:[04:17:38] Added evaluation to memory with objective: 33.26, ConfigId: 8834733326519148889, EvalId: 598. Total evaluations stored: 598
[INFO]:[04:17:38] recordEvaluation produced_mip_start=0 mip_start_file=''
[DEBUG]:[04:17:38] Added evaluation to memory with objective: 33.04, ConfigId: 188898269515295909, EvalId: 599. Total evaluations stored: 599
[INFO]:[04:17:38] recordEvaluation produced_mip_start=0 mip_start_file=''
[DEBUG]:[04:17:38] Added evaluation to memory with objective: 33.43, ConfigId: 13740825742399371873, EvalId: 600. Total evaluations stored: 600
[INFO]:[04:17:38] recordEvaluation produced_mip_start=0 mip_start_file=''
[DEBUG]:[04:17:38] Added evaluation to memory with objective: 32.8, ConfigId: 13347353695295740102, EvalId: 601. Total evaluations stored: 601
[INFO]:[04:17:38] recordEvaluation produced_mip_start=0 mip_start_file=''
[DEBUG]:[04:17:38] Added evaluation to memory with objective: 32.8, ConfigId: 7309833204371935092, EvalId: 602. Total evaluations stored: 602
[INFO]:[04:17:38] recordEvaluation produced_mip_start=0 mip_start_file=''
[DEBUG]:[04:17:38] Added evaluation to memory with objective: 33.03, ConfigId: 14599744665184757505, EvalId: 603. Total evaluations stored: 603
[INFO]:[04:17:38] recordEvaluation produced_mip_start=0 mip_start_file=''
[DEBUG]:[04:17:38] Added evaluation to memory with objective: 32.8, ConfigId: 10581565506189662342, EvalId: 604. Total evaluations stored: 604
[INFO]:[04:17:38] recordEvaluation produced_mip_start=0 mip_start_file=''
[DEBUG]:[04:17:38] Added evaluation to memory with objective: 32.8, ConfigId: 6793464724506672489, EvalId: 605. Total evaluations stored: 605
[INFO]:[04:17:38] recordEvaluation produced_mip_start=0 mip_start_file=''
[DEBUG]:[04:17:38] Added evaluation to memory with objective: 32.8, ConfigId: 18431685130146007375, EvalId: 606. Total evaluations stored: 606
[INFO]:[04:17:38] recordEvaluation produced_mip_start=0 mip_start_file=''
[DEBUG]:[04:17:38] Added evaluation to memory with objective: 32.8, ConfigId: 17891097064870045189, EvalId: 607. Total evaluations stored: 607
[INFO]:[04:17:38] recordEvaluation produced_mip_start=0 mip_start_file=''
[DEBUG]:[04:17:38] Added evaluation to memory with objective: 32.8, ConfigId: 5145959440841846756, EvalId: 608. Total evaluations stored: 608
[INFO]:[04:17:38] recordEvaluation produced_mip_start=0 mip_start_file=''
[DEBUG]:[04:17:38] Added evaluation to memory with objective: 32.8, ConfigId: 14280821069046210015, EvalId: 609. Total evaluations stored: 609
[INFO]:[04:17:38] recordEvaluation produced_mip_start=0 mip_start_file=''
[DEBUG]:[04:17:38] Added evaluation to memory with objective: 32.8, ConfigId: 8464832144322254271, EvalId: 610. Total evaluations stored: 610
[INFO]:[04:17:38] recordEvaluation produced_mip_start=0 mip_start_file=''
[DEBUG]:[04:17:38] Added evaluation to memory with objective: 32.8, ConfigId: 13042212714386733326, EvalId: 611. Total evaluations stored: 611
[INFO]:[04:17:38] recordEvaluation produced_mip_start=0 mip_start_file=''
[DEBUG]:[04:17:38] Added evaluation to memory with objective: 32.8, ConfigId: 14913483671412320091, EvalId: 612. Total evaluations stored: 612
[INFO]:[04:17:38] recordEvaluation produced_mip_start=0 mip_start_file=''
[DEBUG]:[04:17:38] Added evaluation to memory with objective: 32.8, ConfigId: 353117731962587696, EvalId: 613. Total evaluations stored: 613
[INFO]:[04:17:38] recordEvaluation produced_mip_start=0 mip_start_file=''
[DEBUG]:[04:17:38] Added evaluation to memory with objective: 32.8, ConfigId: 3057236176237495404, EvalId: 614. Total evaluations stored: 614
[INFO]:[04:17:38] recordEvaluation produced_mip_start=0 mip_start_file=''
[DEBUG]:[04:17:38] Added evaluation to memory with objective: 32.8, ConfigId: 2706521697386257671, EvalId: 615. Total evaluations stored: 615
[INFO]:[04:17:38] recordEvaluation produced_mip_start=0 mip_start_file=''
[DEBUG]:[04:17:38] Added evaluation to memory with objective: 32.8, ConfigId: 7184895151110676106, EvalId: 616. Total evaluations stored: 616
[INFO]:[04:17:38] recordEvaluation produced_mip_start=0 mip_start_file=''
[DEBUG]:[04:17:38] Added evaluation to memory with objective: 32.8, ConfigId: 873042221884738521, EvalId: 617. Total evaluations stored: 617
[INFO]:[04:17:38] recordEvaluation produced_mip_start=0 mip_start_file=''
[DEBUG]:[04:17:38] Added evaluation to memory with objective: 32.83, ConfigId: 728978657166941618, EvalId: 618. Total evaluations stored: 618
[INFO]:[04:17:38] recordEvaluation produced_mip_start=0 mip_start_file=''
[DEBUG]:[04:17:38] Added evaluation to memory with objective: 32.8, ConfigId: 3724554956037719052, EvalId: 619. Total evaluations stored: 619
[INFO]:[04:17:38] recordEvaluation produced_mip_start=0 mip_start_file=''
[DEBUG]:[04:17:38] Added evaluation to memory with objective: 32.8, ConfigId: 18087332866039557058, EvalId: 620. Total evaluations stored: 620
[INFO]:[04:17:38] recordEvaluation produced_mip_start=0 mip_start_file=''
[DEBUG]:[04:17:38] Added evaluation to memory with objective: 32.8, ConfigId: 459791512049337162, EvalId: 621. Total evaluations stored: 621
[INFO]:[04:17:38] recordEvaluation produced_mip_start=0 mip_start_file=''
[DEBUG]:[04:17:38] Added evaluation to memory with objective: 32.8, ConfigId: 3861214692282690636, EvalId: 622. Total evaluations stored: 622
[INFO]:[04:17:38] recordEvaluation produced_mip_start=0 mip_start_file=''
[DEBUG]:[04:17:38] Added evaluation to memory with objective: 32.8, ConfigId: 3509363650540334242, EvalId: 623. Total evaluations stored: 623
[INFO]:[04:17:38] recordEvaluation produced_mip_start=0 mip_start_file=''
[DEBUG]:[04:17:38] Added evaluation to memory with objective: 32.8, ConfigId: 6569626457648519635, EvalId: 624. Total evaluations stored: 624
[INFO]:[04:17:38] recordEvaluation produced_mip_start=0 mip_start_file=''
[DEBUG]:[04:17:38] Added evaluation to memory with objective: 32.8, ConfigId: 221316126900512214, EvalId: 625. Total evaluations stored: 625
[INFO]:[04:17:38] recordEvaluation produced_mip_start=0 mip_start_file=''
[DEBUG]:[04:17:38] Added evaluation to memory with objective: 32.8, ConfigId: 7528768796201695827, EvalId: 626. Total evaluations stored: 626
[INFO]:[04:17:38] Waiting for Expansion Workers via MPI...
[INFO]:[04:17:38] Expansion Workers have completed.
[INFO]:[04:17:38] Evaluated expansion parameters: 10
[INFO]:[04:17:38] Classifying expansion parameters...
[DEBUG]:[04:17:38] Parameter CPXPARAM_MIP_Strategy_SubAlgorithm valid evaluations: 5, invalid evaluations: 0, c_p: 32.8, s_p: 5.83422, selected_stage_1: No, discarded_by_threshold: No
[DEBUG]:[04:17:38] Parameter CPXPARAM_Simplex_DGradient valid evaluations: 5, invalid evaluations: 0, c_p: 32.8, s_p: 2.91867, selected_stage_1: No, discarded_by_threshold: No
[DEBUG]:[04:17:38] Parameter CPXPARAM_Simplex_PGradient valid evaluations: 5, invalid evaluations: 0, c_p: 32.8, s_p: 0.115, selected_stage_1: No, discarded_by_threshold: No
[DEBUG]:[04:17:38] Parameter CPXPARAM_Advance valid evaluations: 2, invalid evaluations: 0, c_p: 32.8, s_p: 0, selected_stage_1: No, discarded_by_threshold: No
[DEBUG]:[04:17:38] Parameter CPXPARAM_MIP_Limits_AggForCut valid evaluations: 5, invalid evaluations: 0, c_p: 32.8, s_p: 0, selected_stage_1: No, discarded_by_threshold: No
[DEBUG]:[04:17:38] Parameter CPXPARAM_Preprocessing_Fill valid evaluations: 4, invalid evaluations: 0, c_p: 32.8, s_p: 0, selected_stage_1: No, discarded_by_threshold: No
[DEBUG]:[04:17:38] Parameter CPXPARAM_Barrier_Crossover valid evaluations: 2, invalid evaluations: 0, c_p: 32.8, s_p: 0.03, selected_stage_1: No, discarded_by_threshold: No
[DEBUG]:[04:17:38] Parameter CPXPARAM_Barrier_Ordering valid evaluations: 3, invalid evaluations: 0, c_p: 32.8, s_p: 0, selected_stage_1: No, discarded_by_threshold: No
[DEBUG]:[04:17:38] Parameter CPXPARAM_Barrier_StartAlg valid evaluations: 3, invalid evaluations: 0, c_p: 32.8, s_p: 0, selected_stage_1: No, discarded_by_threshold: No
[DEBUG]:[04:17:38] Parameter CPXPARAM_Preprocessing_BoundStrength valid evaluations: 2, invalid evaluations: 0, c_p: 32.8, s_p: 0, selected_stage_1: No, discarded_by_threshold: No
[DEBUG]:[04:17:38] Parameter CPXPARAM_Simplex_DGradient is dominated by parameter CPXPARAM_MIP_Strategy_SubAlgorithm.
[DEBUG]:[04:17:38] Parameter CPXPARAM_Simplex_PGradient is dominated by parameter CPXPARAM_MIP_Strategy_SubAlgorithm.
[DEBUG]:[04:17:38] Parameter CPXPARAM_Advance is dominated by parameter CPXPARAM_MIP_Strategy_SubAlgorithm.
[DEBUG]:[04:17:38] Parameter CPXPARAM_MIP_Limits_AggForCut is dominated by parameter CPXPARAM_MIP_Strategy_SubAlgorithm.
[DEBUG]:[04:17:38] Parameter CPXPARAM_Preprocessing_Fill is dominated by parameter CPXPARAM_MIP_Strategy_SubAlgorithm.
[DEBUG]:[04:17:38] Parameter CPXPARAM_Barrier_Crossover is dominated by parameter CPXPARAM_MIP_Strategy_SubAlgorithm.
[DEBUG]:[04:17:38] Parameter CPXPARAM_Barrier_Ordering is dominated by parameter CPXPARAM_MIP_Strategy_SubAlgorithm.
[DEBUG]:[04:17:38] Parameter CPXPARAM_Barrier_StartAlg is dominated by parameter CPXPARAM_MIP_Strategy_SubAlgorithm.
[DEBUG]:[04:17:38] Parameter CPXPARAM_Preprocessing_BoundStrength is dominated by parameter CPXPARAM_MIP_Strategy_SubAlgorithm.
[DEBUG]:[04:17:38] Parameter CPXPARAM_MIP_Strategy_SubAlgorithm metrics - c_p: 32.8, s_p: 5.83422, selected_stage_1: No, discarded_by_threshold: No, dominated: No
[DEBUG]:[04:17:38] Parameter CPXPARAM_Simplex_DGradient metrics - c_p: 32.8, s_p: 2.91867, selected_stage_1: No, discarded_by_threshold: No, dominated: Yes
[DEBUG]:[04:17:38] Parameter CPXPARAM_Simplex_PGradient metrics - c_p: 32.8, s_p: 0.115, selected_stage_1: No, discarded_by_threshold: No, dominated: Yes
[DEBUG]:[04:17:38] Parameter CPXPARAM_Advance metrics - c_p: 32.8, s_p: 0, selected_stage_1: No, discarded_by_threshold: No, dominated: Yes
[DEBUG]:[04:17:38] Parameter CPXPARAM_MIP_Limits_AggForCut metrics - c_p: 32.8, s_p: 0, selected_stage_1: No, discarded_by_threshold: No, dominated: Yes
[DEBUG]:[04:17:38] Parameter CPXPARAM_Preprocessing_Fill metrics - c_p: 32.8, s_p: 0, selected_stage_1: No, discarded_by_threshold: No, dominated: Yes
[DEBUG]:[04:17:38] Parameter CPXPARAM_Barrier_Crossover metrics - c_p: 32.8, s_p: 0.03, selected_stage_1: No, discarded_by_threshold: No, dominated: Yes
[DEBUG]:[04:17:38] Parameter CPXPARAM_Barrier_Ordering metrics - c_p: 32.8, s_p: 0, selected_stage_1: No, discarded_by_threshold: No, dominated: Yes
[DEBUG]:[04:17:38] Parameter CPXPARAM_Barrier_StartAlg metrics - c_p: 32.8, s_p: 0, selected_stage_1: No, discarded_by_threshold: No, dominated: Yes
[DEBUG]:[04:17:38] Parameter CPXPARAM_Preprocessing_BoundStrength metrics - c_p: 32.8, s_p: 0, selected_stage_1: No, discarded_by_threshold: No, dominated: Yes
[INFO]:[04:17:38] Updating parameter flags based on classification...
[INFO]:[04:17:38] Parameter CPXPARAM_MIP_Strategy_SubAlgorithm selected for tuning.
[INFO]:[04:17:38] Parameter CPXPARAM_Simplex_DGradient discarded from tuning.
[INFO]:[04:17:38] Parameter CPXPARAM_Simplex_PGradient discarded from tuning.
[INFO]:[04:17:38] Parameter CPXPARAM_Advance discarded from tuning.
[INFO]:[04:17:38] Parameter CPXPARAM_MIP_Limits_AggForCut discarded from tuning.
[INFO]:[04:17:38] Parameter CPXPARAM_Preprocessing_Fill discarded from tuning.
[INFO]:[04:17:38] Parameter CPXPARAM_Barrier_Crossover discarded from tuning.
[INFO]:[04:17:38] Parameter CPXPARAM_Barrier_Ordering discarded from tuning.
[INFO]:[04:17:38] Parameter CPXPARAM_Barrier_StartAlg discarded from tuning.
[INFO]:[04:17:38] Parameter CPXPARAM_Preprocessing_BoundStrength discarded from tuning.
[DEBUG]:[04:17:38] Classified parameters at iteration 6 - To Select: 1, To Discard: 9
[DEBUG]:[04:17:38] Parameter: CPXPARAM_MIP_Strategy_SubAlgorithm, To Select: Yes, To Discard: No
[DEBUG]:[04:17:38] Parameter: CPXPARAM_Simplex_DGradient, To Select: No, To Discard: Yes
[DEBUG]:[04:17:38] Parameter: CPXPARAM_Simplex_PGradient, To Select: No, To Discard: Yes
[DEBUG]:[04:17:38] Parameter: CPXPARAM_Advance, To Select: No, To Discard: Yes
[DEBUG]:[04:17:38] Parameter: CPXPARAM_MIP_Limits_AggForCut, To Select: No, To Discard: Yes
[DEBUG]:[04:17:38] Parameter: CPXPARAM_Preprocessing_Fill, To Select: No, To Discard: Yes
[DEBUG]:[04:17:38] Parameter: CPXPARAM_Barrier_Crossover, To Select: No, To Discard: Yes
[DEBUG]:[04:17:38] Parameter: CPXPARAM_Barrier_Ordering, To Select: No, To Discard: Yes
[DEBUG]:[04:17:38] Parameter: CPXPARAM_Barrier_StartAlg, To Select: No, To Discard: Yes
[DEBUG]:[04:17:38] Parameter: CPXPARAM_Preprocessing_BoundStrength, To Select: No, To Discard: Yes
[INFO]:[04:17:38] Added 36 evaluations to memory from expansion phase at iteration 6
[INFO]:[04:17:38] Expansion phase completed.
[INFO]:[04:17:38] Starting pruning phase...
[INFO]:[04:17:38] Writing learner file for pruning phase: /scratch/yorig/mpils-results-grid-ticks-10000-7may/medium-2/24proc-4pils/seed-2/6_sorrell3_seed-2_20260510_041416/pruning/input/learner_file_6.txt
[INFO]:[04:17:38] Learner file written successfully: /scratch/yorig/mpils-results-grid-ticks-10000-7may/medium-2/24proc-4pils/seed-2/6_sorrell3_seed-2_20260510_041416/pruning/input/learner_file_6.txt
[INFO]:[04:17:38] Extracting forbidden tuples from memory...
[INFO]:[04:17:38] Redirecting learner stdout/stderr to: /scratch/yorig/mpils-results-grid-ticks-10000-7may/medium-2/24proc-4pils/seed-2/6_sorrell3_seed-2_20260510_041416/pruning/learner_iteration_6.log
[INFO]:[04:17:38] Forbidden tuples extracted: 6
[INFO]:[04:17:38] Applying pruning with 6 forbidden tuples...
[DEBUG]:[04:17:38] Adding forbidden value from single-element tuple: CPXPARAM_MIP_Strategy_HeuristicFreq=0
[DEBUG]:[04:17:38] Adding forbidden value from single-element tuple: CPXPARAM_MIP_Strategy_HeuristicFreq=20
[DEBUG]:[04:17:38] Adding forbidden value from single-element tuple: CPXPARAM_MIP_Strategy_HeuristicFreq=40
[DEBUG]:[04:17:38] Adding forbidden value from single-element tuple: CPXPARAM_MIP_Strategy_HeuristicFreq=100
[DEBUG]:[04:17:38] Adding forbidden value from single-element tuple: CPXPARAM_MIP_Strategy_HeuristicFreq=500
[DEBUG]:[04:17:38] Adding forbidden value from single-element tuple: CPXPARAM_MIP_Strategy_HeuristicFreq=1000
[INFO]:[04:17:38] Pruning applied successfully.
[INFO]:[04:17:38] Pruning phase completed.
[INFO]:[04:17:38] Completed iteration 6
[INFO]:[04:17:38] Starting iteration 7
[INFO]:[04:17:38] Starting exploration phase...
[INFO]:[04:17:38] Selecting number of evaluations for tuning phase...
[INFO]:[04:17:38] Selecting initial configurations for tuning phase...
[INFO]:[04:17:38] Using worker 0 best exploration configuration without MIP start as master ILS initial configuration.
[INFO]:[04:17:38] Using global best exploration configuration without MIP start as worker 1 ILS initial configuration.
[INFO]:[04:17:38] Number of evaluations for this tuning phase: 9
[INFO]:[04:17:38] ILS shared cache is disabled for this exploration phase.
[INFO]:[04:17:38] Local search backend for this exploration phase: iterated_local_search
[INFO]:[04:17:38] Running IteratedLocalSearch Engine...
[INFO]:[04:17:38] Mip start is disabled for this iteration.
[INFO]:[04:17:38] Writing ILS search space file for worker 0...
[INFO]:[04:17:38] Warning: Initial value for parameter CPXPARAM_MIP_Cuts_Cliques is forbidden. So unforbidden it for the ILS initial configuration at iteration 7.
[INFO]:[04:17:38] Warning: Initial value for parameter CPXPARAM_MIP_Cuts_FlowCovers is forbidden. So unforbidden it for the ILS initial configuration at iteration 7.
[INFO]:[04:17:38] Warning: Initial value for parameter CPXPARAM_MIP_Cuts_Gomory is forbidden. So unforbidden it for the ILS initial configuration at iteration 7.
[INFO]:[04:17:38] ILS search space file written: /scratch/yorig/mpils-results-grid-ticks-10000-7may/medium-2/24proc-4pils/seed-2/6_sorrell3_seed-2_20260510_041416/iterated_local_search/search_space/search_space_file_7.txt
[INFO]:[04:17:38] Writing ILS search space file for worker 1...
[INFO]:[04:17:38] Warning: Initial value for parameter CPXPARAM_MIP_Cuts_Cliques is forbidden. So unforbidden it for the ILS initial configuration at iteration 7.
[INFO]:[04:17:38] ILS search space file written: /scratch/yorig/mpils-results-grid-ticks-10000-7may/medium-2/24proc-4pils/seed-2/6_sorrell3_seed-2_20260510_041416/iterated_local_search/search_space/search_space_file_7_worker_1.txt
[INFO]:[04:17:38] Writing ILS search space file for worker 2...
[INFO]:[04:17:38] Warning: Initial value for parameter CPXPARAM_Emphasis_MIP is forbidden. So unforbidden it for the ILS initial configuration at iteration 7.
[INFO]:[04:17:38] Warning: Initial value for parameter CPXPARAM_MIP_Cuts_Cliques is forbidden. So unforbidden it for the ILS initial configuration at iteration 7.
[INFO]:[04:17:38] Warning: Initial value for parameter CPXPARAM_MIP_Cuts_FlowCovers is forbidden. So unforbidden it for the ILS initial configuration at iteration 7.
[INFO]:[04:17:38] Warning: Initial configuration contains a forbidden tuple. So unforbidden it for ILS at iteration 7.
[INFO]:[04:17:38] Warning: Initial configuration contains a forbidden tuple. So unforbidden it for ILS at iteration 7.
[INFO]:[04:17:38] Warning: Initial configuration contains a forbidden tuple. So unforbidden it for ILS at iteration 7.
[INFO]:[04:17:38] Warning: Initial configuration contains a forbidden tuple. So unforbidden it for ILS at iteration 7.
[INFO]:[04:17:38] Warning: Initial configuration contains a forbidden tuple. So unforbidden it for ILS at iteration 7.
[INFO]:[04:17:38] Warning: Initial configuration contains a forbidden tuple. So unforbidden it for ILS at iteration 7.
[INFO]:[04:17:38] ILS search space file written: /scratch/yorig/mpils-results-grid-ticks-10000-7may/medium-2/24proc-4pils/seed-2/6_sorrell3_seed-2_20260510_041416/iterated_local_search/search_space/search_space_file_7_worker_2.txt
[INFO]:[04:17:38] Writing ILS search space file for worker 3...
[INFO]:[04:17:38] Warning: Initial value for parameter CPXPARAM_MIP_Cuts_Cliques is forbidden. So unforbidden it for the ILS initial configuration at iteration 7.
[INFO]:[04:17:38] Warning: Initial value for parameter CPXPARAM_MIP_Cuts_FlowCovers is forbidden. So unforbidden it for the ILS initial configuration at iteration 7.
[INFO]:[04:17:38] Warning: Initial value for parameter CPXPARAM_MIP_Strategy_VariableSelect is forbidden. So unforbidden it for the ILS initial configuration at iteration 7.
[INFO]:[04:17:38] ILS search space file written: /scratch/yorig/mpils-results-grid-ticks-10000-7may/medium-2/24proc-4pils/seed-2/6_sorrell3_seed-2_20260510_041416/iterated_local_search/search_space/search_space_file_7_worker_3.txt
[INFO]:[04:17:38] Writing ILS search space file for worker 4...
[INFO]:[04:17:38] Warning: Initial value for parameter CPXPARAM_Emphasis_MIP is forbidden. So unforbidden it for the ILS initial configuration at iteration 7.
[INFO]:[04:17:38] Warning: Initial value for parameter CPXPARAM_MIP_Cuts_Cliques is forbidden. So unforbidden it for the ILS initial configuration at iteration 7.
[INFO]:[04:17:38] Warning: Initial value for parameter CPXPARAM_MIP_Cuts_FlowCovers is forbidden. So unforbidden it for the ILS initial configuration at iteration 7.
[INFO]:[04:17:38] Warning: Initial value for parameter CPXPARAM_MIP_Strategy_VariableSelect is forbidden. So unforbidden it for the ILS initial configuration at iteration 7.
[INFO]:[04:17:38] Warning: Initial configuration contains a forbidden tuple. So unforbidden it for ILS at iteration 7.
[INFO]:[04:17:38] Warning: Initial configuration contains a forbidden tuple. So unforbidden it for ILS at iteration 7.
[INFO]:[04:17:38] Warning: Initial configuration contains a forbidden tuple. So unforbidden it for ILS at iteration 7.
[INFO]:[04:17:38] Warning: Initial configuration contains a forbidden tuple. So unforbidden it for ILS at iteration 7.
[INFO]:[04:17:38] Warning: Initial configuration contains a forbidden tuple. So unforbidden it for ILS at iteration 7.
[INFO]:[04:17:38] Warning: Initial configuration contains a forbidden tuple. So unforbidden it for ILS at iteration 7.
[INFO]:[04:17:38] Warning: Initial configuration contains a forbidden tuple. So unforbidden it for ILS at iteration 7.
[INFO]:[04:17:38] ILS search space file written: /scratch/yorig/mpils-results-grid-ticks-10000-7may/medium-2/24proc-4pils/seed-2/6_sorrell3_seed-2_20260510_041416/iterated_local_search/search_space/search_space_file_7_worker_4.txt
[INFO]:[04:17:38] Writing ILS search space file for worker 5...
[INFO]:[04:17:38] Warning: Initial value for parameter CPXPARAM_Emphasis_MIP is forbidden. So unforbidden it for the ILS initial configuration at iteration 7.
[INFO]:[04:17:38] Warning: Initial value for parameter CPXPARAM_MIP_Cuts_FlowCovers is forbidden. So unforbidden it for the ILS initial configuration at iteration 7.
[INFO]:[04:17:38] Warning: Initial configuration contains a forbidden tuple. So unforbidden it for ILS at iteration 7.
[INFO]:[04:17:38] ILS search space file written: /scratch/yorig/mpils-results-grid-ticks-10000-7may/medium-2/24proc-4pils/seed-2/6_sorrell3_seed-2_20260510_041416/iterated_local_search/search_space/search_space_file_7_worker_5.txt
[INFO]:[04:17:38] Writing ILS search space file for worker 6...
[INFO]:[04:17:38] Warning: Initial value for parameter CPXPARAM_MIP_Cuts_Cliques is forbidden. So unforbidden it for the ILS initial configuration at iteration 7.
[INFO]:[04:17:38] ILS search space file written: /scratch/yorig/mpils-results-grid-ticks-10000-7may/medium-2/24proc-4pils/seed-2/6_sorrell3_seed-2_20260510_041416/iterated_local_search/search_space/search_space_file_7_worker_6.txt
[INFO]:[04:17:38] Writing ILS search space file for worker 7...
[INFO]:[04:17:38] Warning: Initial value for parameter CPXPARAM_MIP_Cuts_Cliques is forbidden. So unforbidden it for the ILS initial configuration at iteration 7.
[INFO]:[04:17:38] Warning: Initial value for parameter CPXPARAM_MIP_Strategy_Probe is forbidden. So unforbidden it for the ILS initial configuration at iteration 7.
[INFO]:[04:17:38] Warning: Initial configuration contains a forbidden tuple. So unforbidden it for ILS at iteration 7.
[INFO]:[04:17:38] ILS search space file written: /scratch/yorig/mpils-results-grid-ticks-10000-7may/medium-2/24proc-4pils/seed-2/6_sorrell3_seed-2_20260510_041416/iterated_local_search/search_space/search_space_file_7_worker_7.txt
[INFO]:[04:17:38] Writing ILS search space file for worker 8...
[INFO]:[04:17:38] Warning: Initial value for parameter CPXPARAM_MIP_Cuts_Cliques is forbidden. So unforbidden it for the ILS initial configuration at iteration 7.
[INFO]:[04:17:38] ILS search space file written: /scratch/yorig/mpils-results-grid-ticks-10000-7may/medium-2/24proc-4pils/seed-2/6_sorrell3_seed-2_20260510_041416/iterated_local_search/search_space/search_space_file_7_worker_8.txt
[INFO]:[04:17:38] Writing ILS search space file for worker 9...
[INFO]:[04:17:38] Warning: Initial value for parameter CPXPARAM_Emphasis_MIP is forbidden. So unforbidden it for the ILS initial configuration at iteration 7.
[INFO]:[04:17:38] Warning: Initial value for parameter CPXPARAM_MIP_Cuts_Cliques is forbidden. So unforbidden it for the ILS initial configuration at iteration 7.
[INFO]:[04:17:38] Warning: Initial configuration contains a forbidden tuple. So unforbidden it for ILS at iteration 7.
[INFO]:[04:17:38] Warning: Initial configuration contains a forbidden tuple. So unforbidden it for ILS at iteration 7.
[INFO]:[04:17:38] Warning: Initial configuration contains a forbidden tuple. So unforbidden it for ILS at iteration 7.
[INFO]:[04:17:38] Warning: Initial configuration contains a forbidden tuple. So unforbidden it for ILS at iteration 7.
[INFO]:[04:17:38] Warning: Initial configuration contains a forbidden tuple. So unforbidden it for ILS at iteration 7.
[INFO]:[04:17:38] ILS search space file written: /scratch/yorig/mpils-results-grid-ticks-10000-7may/medium-2/24proc-4pils/seed-2/6_sorrell3_seed-2_20260510_041416/iterated_local_search/search_space/search_space_file_7_worker_9.txt
[INFO]:[04:17:38] Writing ILS search space file for worker 10...
[INFO]:[04:17:38] Warning: Initial value for parameter CPXPARAM_MIP_Cuts_Cliques is forbidden. So unforbidden it for the ILS initial configuration at iteration 7.
[INFO]:[04:17:38] Warning: Initial value for parameter CPXPARAM_MIP_Cuts_FlowCovers is forbidden. So unforbidden it for the ILS initial configuration at iteration 7.
[INFO]:[04:17:38] Warning: Initial value for parameter CPXPARAM_MIP_Strategy_Probe is forbidden. So unforbidden it for the ILS initial configuration at iteration 7.
[INFO]:[04:17:38] ILS search space file written: /scratch/yorig/mpils-results-grid-ticks-10000-7may/medium-2/24proc-4pils/seed-2/6_sorrell3_seed-2_20260510_041416/iterated_local_search/search_space/search_space_file_7_worker_10.txt
[INFO]:[04:17:38] Writing ILS search space file for worker 11...
[INFO]:[04:17:38] Warning: Initial value for parameter CPXPARAM_Emphasis_MIP is forbidden. So unforbidden it for the ILS initial configuration at iteration 7.
[INFO]:[04:17:38] Warning: Initial value for parameter CPXPARAM_MIP_Cuts_Cliques is forbidden. So unforbidden it for the ILS initial configuration at iteration 7.
[INFO]:[04:17:38] Warning: Initial value for parameter CPXPARAM_MIP_Strategy_VariableSelect is forbidden. So unforbidden it for the ILS initial configuration at iteration 7.
[INFO]:[04:17:38] Warning: Initial configuration contains a forbidden tuple. So unforbidden it for ILS at iteration 7.
[INFO]:[04:17:38] Warning: Initial configuration contains a forbidden tuple. So unforbidden it for ILS at iteration 7.
[INFO]:[04:17:38] ILS search space file written: /scratch/yorig/mpils-results-grid-ticks-10000-7may/medium-2/24proc-4pils/seed-2/6_sorrell3_seed-2_20260510_041416/iterated_local_search/search_space/search_space_file_7_worker_11.txt
[INFO]:[04:17:38] Writing ILS search space file for worker 12...
[INFO]:[04:17:38] Warning: Initial value for parameter CPXPARAM_MIP_Cuts_Cliques is forbidden. So unforbidden it for the ILS initial configuration at iteration 7.
[INFO]:[04:17:38] Warning: Initial value for parameter CPXPARAM_MIP_Strategy_Probe is forbidden. So unforbidden it for the ILS initial configuration at iteration 7.
[INFO]:[04:17:38] ILS search space file written: /scratch/yorig/mpils-results-grid-ticks-10000-7may/medium-2/24proc-4pils/seed-2/6_sorrell3_seed-2_20260510_041416/iterated_local_search/search_space/search_space_file_7_worker_12.txt
[INFO]:[04:17:38] Writing ILS search space file for worker 13...
[INFO]:[04:17:38] Warning: Initial value for parameter CPXPARAM_MIP_Cuts_Cliques is forbidden. So unforbidden it for the ILS initial configuration at iteration 7.
[INFO]:[04:17:38] Warning: Initial value for parameter CPXPARAM_MIP_Cuts_FlowCovers is forbidden. So unforbidden it for the ILS initial configuration at iteration 7.
[INFO]:[04:17:38] Warning: Initial value for parameter CPXPARAM_MIP_Strategy_Probe is forbidden. So unforbidden it for the ILS initial configuration at iteration 7.
[INFO]:[04:17:38] Warning: Initial configuration contains a forbidden tuple. So unforbidden it for ILS at iteration 7.
[INFO]:[04:17:38] Warning: Initial configuration contains a forbidden tuple. So unforbidden it for ILS at iteration 7.
[INFO]:[04:17:38] ILS search space file written: /scratch/yorig/mpils-results-grid-ticks-10000-7may/medium-2/24proc-4pils/seed-2/6_sorrell3_seed-2_20260510_041416/iterated_local_search/search_space/search_space_file_7_worker_13.txt
[INFO]:[04:17:38] Writing ILS search space file for worker 14...
[INFO]:[04:17:38] Warning: Initial value for parameter CPXPARAM_MIP_Cuts_Cliques is forbidden. So unforbidden it for the ILS initial configuration at iteration 7.
[INFO]:[04:17:38] Warning: Initial value for parameter CPXPARAM_MIP_Cuts_Gomory is forbidden. So unforbidden it for the ILS initial configuration at iteration 7.
[INFO]:[04:17:38] Warning: Initial configuration contains a forbidden tuple. So unforbidden it for ILS at iteration 7.
[INFO]:[04:17:38] ILS search space file written: /scratch/yorig/mpils-results-grid-ticks-10000-7may/medium-2/24proc-4pils/seed-2/6_sorrell3_seed-2_20260510_041416/iterated_local_search/search_space/search_space_file_7_worker_14.txt
[INFO]:[04:17:38] Writing ILS search space file for worker 15...
[INFO]:[04:17:38] Warning: Initial value for parameter CPXPARAM_Emphasis_MIP is forbidden. So unforbidden it for the ILS initial configuration at iteration 7.
[INFO]:[04:17:38] Warning: Initial value for parameter CPXPARAM_MIP_Cuts_Cliques is forbidden. So unforbidden it for the ILS initial configuration at iteration 7.
[INFO]:[04:17:38] Warning: Initial value for parameter CPXPARAM_MIP_Cuts_Gomory is forbidden. So unforbidden it for the ILS initial configuration at iteration 7.
[INFO]:[04:17:38] Warning: Initial value for parameter CPXPARAM_MIP_Strategy_Probe is forbidden. So unforbidden it for the ILS initial configuration at iteration 7.
[INFO]:[04:17:38] Warning: Initial configuration contains a forbidden tuple. So unforbidden it for ILS at iteration 7.
[INFO]:[04:17:38] Warning: Initial configuration contains a forbidden tuple. So unforbidden it for ILS at iteration 7.
[INFO]:[04:17:38] Warning: Initial configuration contains a forbidden tuple. So unforbidden it for ILS at iteration 7.
[INFO]:[04:17:38] Warning: Initial configuration contains a forbidden tuple. So unforbidden it for ILS at iteration 7.
[INFO]:[04:17:38] ILS search space file written: /scratch/yorig/mpils-results-grid-ticks-10000-7may/medium-2/24proc-4pils/seed-2/6_sorrell3_seed-2_20260510_041416/iterated_local_search/search_space/search_space_file_7_worker_15.txt
[INFO]:[04:17:38] Writing ILS search space file for worker 16...
[INFO]:[04:17:38] Warning: Initial value for parameter CPXPARAM_Emphasis_MIP is forbidden. So unforbidden it for the ILS initial configuration at iteration 7.
[INFO]:[04:17:38] Warning: Initial value for parameter CPXPARAM_MIP_Cuts_Cliques is forbidden. So unforbidden it for the ILS initial configuration at iteration 7.
[INFO]:[04:17:38] Warning: Initial value for parameter CPXPARAM_MIP_Cuts_FlowCovers is forbidden. So unforbidden it for the ILS initial configuration at iteration 7.
[INFO]:[04:17:38] Warning: Initial value for parameter CPXPARAM_MIP_Cuts_Gomory is forbidden. So unforbidden it for the ILS initial configuration at iteration 7.
[INFO]:[04:17:38] Warning: Initial configuration contains a forbidden tuple. So unforbidden it for ILS at iteration 7.
[INFO]:[04:17:38] Warning: Initial configuration contains a forbidden tuple. So unforbidden it for ILS at iteration 7.
[INFO]:[04:17:38] Warning: Initial configuration contains a forbidden tuple. So unforbidden it for ILS at iteration 7.
[INFO]:[04:17:38] Warning: Initial configuration contains a forbidden tuple. So unforbidden it for ILS at iteration 7.
[INFO]:[04:17:38] Warning: Initial configuration contains a forbidden tuple. So unforbidden it for ILS at iteration 7.
[INFO]:[04:17:38] Warning: Initial configuration contains a forbidden tuple. So unforbidden it for ILS at iteration 7.
[INFO]:[04:17:38] ILS search space file written: /scratch/yorig/mpils-results-grid-ticks-10000-7may/medium-2/24proc-4pils/seed-2/6_sorrell3_seed-2_20260510_041416/iterated_local_search/search_space/search_space_file_7_worker_16.txt
[INFO]:[04:17:38] Writing ILS search space file for worker 17...
[INFO]:[04:17:38] Warning: Initial value for parameter CPXPARAM_Emphasis_MIP is forbidden. So unforbidden it for the ILS initial configuration at iteration 7.
[INFO]:[04:17:38] Warning: Initial value for parameter CPXPARAM_MIP_Cuts_Cliques is forbidden. So unforbidden it for the ILS initial configuration at iteration 7.
[INFO]:[04:17:38] Warning: Initial value for parameter CPXPARAM_MIP_Cuts_Gomory is forbidden. So unforbidden it for the ILS initial configuration at iteration 7.
[INFO]:[04:17:38] Warning: Initial value for parameter CPXPARAM_MIP_Strategy_Probe is forbidden. So unforbidden it for the ILS initial configuration at iteration 7.
[INFO]:[04:17:38] Warning: Initial configuration contains a forbidden tuple. So unforbidden it for ILS at iteration 7.
[INFO]:[04:17:38] Warning: Initial configuration contains a forbidden tuple. So unforbidden it for ILS at iteration 7.
[INFO]:[04:17:38] Warning: Initial configuration contains a forbidden tuple. So unforbidden it for ILS at iteration 7.
[INFO]:[04:17:38] ILS search space file written: /scratch/yorig/mpils-results-grid-ticks-10000-7may/medium-2/24proc-4pils/seed-2/6_sorrell3_seed-2_20260510_041416/iterated_local_search/search_space/search_space_file_7_worker_17.txt
[INFO]:[04:17:38] Writing ILS search space file for worker 18...
[INFO]:[04:17:38] Warning: Initial value for parameter CPXPARAM_MIP_Cuts_Cliques is forbidden. So unforbidden it for the ILS initial configuration at iteration 7.
[INFO]:[04:17:38] Warning: Initial value for parameter CPXPARAM_MIP_Strategy_Probe is forbidden. So unforbidden it for the ILS initial configuration at iteration 7.
[INFO]:[04:17:38] Warning: Initial configuration contains a forbidden tuple. So unforbidden it for ILS at iteration 7.
[INFO]:[04:17:38] Warning: Initial configuration contains a forbidden tuple. So unforbidden it for ILS at iteration 7.
[INFO]:[04:17:38] ILS search space file written: /scratch/yorig/mpils-results-grid-ticks-10000-7may/medium-2/24proc-4pils/seed-2/6_sorrell3_seed-2_20260510_041416/iterated_local_search/search_space/search_space_file_7_worker_18.txt
[INFO]:[04:17:38] Writing ILS search space file for worker 19...
[INFO]:[04:17:38] Warning: Initial value for parameter CPXPARAM_Emphasis_MIP is forbidden. So unforbidden it for the ILS initial configuration at iteration 7.
[INFO]:[04:17:38] Warning: Initial value for parameter CPXPARAM_MIP_Cuts_Gomory is forbidden. So unforbidden it for the ILS initial configuration at iteration 7.
[INFO]:[04:17:38] Warning: Initial configuration contains a forbidden tuple. So unforbidden it for ILS at iteration 7.
[INFO]:[04:17:38] Warning: Initial configuration contains a forbidden tuple. So unforbidden it for ILS at iteration 7.
[INFO]:[04:17:38] Warning: Initial configuration contains a forbidden tuple. So unforbidden it for ILS at iteration 7.
[INFO]:[04:17:38] Warning: Initial configuration contains a forbidden tuple. So unforbidden it for ILS at iteration 7.
[INFO]:[04:17:38] Warning: Initial configuration contains a forbidden tuple. So unforbidden it for ILS at iteration 7.
[INFO]:[04:17:38] Warning: Initial configuration contains a forbidden tuple. So unforbidden it for ILS at iteration 7.
[INFO]:[04:17:38] ILS search space file written: /scratch/yorig/mpils-results-grid-ticks-10000-7may/medium-2/24proc-4pils/seed-2/6_sorrell3_seed-2_20260510_041416/iterated_local_search/search_space/search_space_file_7_worker_19.txt
[INFO]:[04:17:38] Writing ILS search space file for worker 20...
[INFO]:[04:17:38] Warning: Initial value for parameter CPXPARAM_MIP_Cuts_Cliques is forbidden. So unforbidden it for the ILS initial configuration at iteration 7.
[INFO]:[04:17:38] Warning: Initial value for parameter CPXPARAM_MIP_Strategy_VariableSelect is forbidden. So unforbidden it for the ILS initial configuration at iteration 7.
[INFO]:[04:17:38] ILS search space file written: /scratch/yorig/mpils-results-grid-ticks-10000-7may/medium-2/24proc-4pils/seed-2/6_sorrell3_seed-2_20260510_041416/iterated_local_search/search_space/search_space_file_7_worker_20.txt
[INFO]:[04:17:38] Writing ILS search space file for worker 21...
[INFO]:[04:17:38] Warning: Initial value for parameter CPXPARAM_MIP_Cuts_Cliques is forbidden. So unforbidden it for the ILS initial configuration at iteration 7.
[INFO]:[04:17:38] Warning: Initial value for parameter CPXPARAM_MIP_Strategy_Probe is forbidden. So unforbidden it for the ILS initial configuration at iteration 7.
[INFO]:[04:17:38] ILS search space file written: /scratch/yorig/mpils-results-grid-ticks-10000-7may/medium-2/24proc-4pils/seed-2/6_sorrell3_seed-2_20260510_041416/iterated_local_search/search_space/search_space_file_7_worker_21.txt
[INFO]:[04:17:38] Writing ILS search space file for worker 22...
[INFO]:[04:17:38] Warning: Initial value for parameter CPXPARAM_Emphasis_MIP is forbidden. So unforbidden it for the ILS initial configuration at iteration 7.
[INFO]:[04:17:38] Warning: Initial value for parameter CPXPARAM_MIP_Cuts_Cliques is forbidden. So unforbidden it for the ILS initial configuration at iteration 7.
[INFO]:[04:17:38] Warning: Initial configuration contains a forbidden tuple. So unforbidden it for ILS at iteration 7.
[INFO]:[04:17:38] Warning: Initial configuration contains a forbidden tuple. So unforbidden it for ILS at iteration 7.
[INFO]:[04:17:38] ILS search space file written: /scratch/yorig/mpils-results-grid-ticks-10000-7may/medium-2/24proc-4pils/seed-2/6_sorrell3_seed-2_20260510_041416/iterated_local_search/search_space/search_space_file_7_worker_22.txt
[INFO]:[04:17:38] Writing ILS search space file for worker 23...
[INFO]:[04:17:38] Warning: Initial value for parameter CPXPARAM_MIP_Cuts_Cliques is forbidden. So unforbidden it for the ILS initial configuration at iteration 7.
[INFO]:[04:17:38] ILS search space file written: /scratch/yorig/mpils-results-grid-ticks-10000-7may/medium-2/24proc-4pils/seed-2/6_sorrell3_seed-2_20260510_041416/iterated_local_search/search_space/search_space_file_7_worker_23.txt
[INFO]:[04:17:38] Launching Local Search Workers via MPI...
[INFO]:[04:17:38] Local Search Workers launched.
[INFO]:[04:17:38] Starting local search phase...
[INFO]:[04:17:38] Creating local search space from parameter space file: /scratch/yorig/mpils-results-grid-ticks-10000-7may/medium-2/24proc-4pils/seed-2/6_sorrell3_seed-2_20260510_041416/iterated_local_search/search_space/search_space_file_7.txt
[INFO]:[04:17:38] Local search space loaded from file: /scratch/yorig/mpils-results-grid-ticks-10000-7may/medium-2/24proc-4pils/seed-2/6_sorrell3_seed-2_20260510_041416/iterated_local_search/search_space/search_space_file_7.txt
[INFO]:[04:17:38] Number of parameters in local search space: 71
[INFO]:[04:17:38] Number of forbidden tuples in local search space: 69
[INFO]:[04:17:38] Number of conditionals in local search space: 6
[INFO]:[04:17:38] MIP start option not enabled. Local search will proceed without MIP start.
[INFO]:[04:17:38] Seeded initial configuration into local search cache with known objective value: 33.27
[INFO]:[04:17:38] Starting CPLEX solver on instance: /home/yorig/tuner/mpils-tests/instances/miplib/medium-2/sorrell3.mps with config: /scratch/yorig/mpils-results-grid-ticks-10000-7may/medium-2/24proc-4pils/seed-2/6_sorrell3_seed-2_20260510_041416/iterated_local_search/run_7_worker_0/ils_config_14768099629477749265.prm
[INFO]:[04:17:38] Starting CPLEX solver on instance: /home/yorig/tuner/mpils-tests/instances/miplib/medium-2/sorrell3.mps with config: /scratch/yorig/mpils-results-grid-ticks-10000-7may/medium-2/24proc-4pils/seed-2/6_sorrell3_seed-2_20260510_041416/iterated_local_search/run_7_worker_0/ils_config_14768099629477749265.prm
[INFO]:[04:17:44] CPLEX results. Gap: 33.270000, upper bound: -15.000000, lower bound: -19.990665
[INFO]:[04:17:44] CPLEX solver finished. Gap: 33.270000
[INFO]:[04:17:45] Starting CPLEX solver on instance: /home/yorig/tuner/mpils-tests/instances/miplib/medium-2/sorrell3.mps with config: /scratch/yorig/mpils-results-grid-ticks-10000-7may/medium-2/24proc-4pils/seed-2/6_sorrell3_seed-2_20260510_041416/iterated_local_search/run_7_worker_0/ils_config_3343070089468705249.prm
[INFO]:[04:17:45] Starting CPLEX solver on instance: /home/yorig/tuner/mpils-tests/instances/miplib/medium-2/sorrell3.mps with config: /scratch/yorig/mpils-results-grid-ticks-10000-7may/medium-2/24proc-4pils/seed-2/6_sorrell3_seed-2_20260510_041416/iterated_local_search/run_7_worker_0/ils_config_3343070089468705249.prm
[INFO]:[04:17:51] CPLEX results. Gap: 33.270000, upper bound: -15.000000, lower bound: -19.990665
[INFO]:[04:17:51] CPLEX solver finished. Gap: 33.270000
[INFO]:[04:17:51] Starting CPLEX solver on instance: /home/yorig/tuner/mpils-tests/instances/miplib/medium-2/sorrell3.mps with config: /scratch/yorig/mpils-results-grid-ticks-10000-7may/medium-2/24proc-4pils/seed-2/6_sorrell3_seed-2_20260510_041416/iterated_local_search/run_7_worker_0/ils_config_2200868217532533803.prm
[INFO]:[04:17:51] Starting CPLEX solver on instance: /home/yorig/tuner/mpils-tests/instances/miplib/medium-2/sorrell3.mps with config: /scratch/yorig/mpils-results-grid-ticks-10000-7may/medium-2/24proc-4pils/seed-2/6_sorrell3_seed-2_20260510_041416/iterated_local_search/run_7_worker_0/ils_config_2200868217532533803.prm
[INFO]:[04:17:57] CPLEX results. Gap: 33.270000, upper bound: -15.000000, lower bound: -19.990665
[INFO]:[04:17:57] CPLEX solver finished. Gap: 33.270000
[INFO]:[04:17:57] Local search phase completed.
[INFO]:[04:17:57] Total number of new local-search evaluations: 12
[INFO]:[04:17:57] Final incumbent objective value: 33.27
[INFO]:[04:17:57] recordEvaluation produced_mip_start=0 mip_start_file=''
[DEBUG]:[04:17:57] Added evaluation to memory with objective: 33.27, ConfigId: 14768099629477749265, EvalId: 627. Total evaluations stored: 627
[INFO]:[04:17:57] recordEvaluation produced_mip_start=0 mip_start_file=''
[DEBUG]:[04:17:57] Added evaluation to memory with objective: 33.44, ConfigId: 16722798556720318694, EvalId: 628. Total evaluations stored: 628
[INFO]:[04:17:57] recordEvaluation produced_mip_start=0 mip_start_file=''
[DEBUG]:[04:17:57] Added evaluation to memory with objective: 33.37, ConfigId: 8341930451596123643, EvalId: 629. Total evaluations stored: 629
[INFO]:[04:17:57] recordEvaluation produced_mip_start=0 mip_start_file=''
[DEBUG]:[04:17:57] Added evaluation to memory with objective: 33.27, ConfigId: 13292182718202846964, EvalId: 630. Total evaluations stored: 630
[INFO]:[04:17:57] recordEvaluation produced_mip_start=0 mip_start_file=''
[DEBUG]:[04:17:57] Added evaluation to memory with objective: 33.27, ConfigId: 3343070089468705249, EvalId: 631. Total evaluations stored: 631
[INFO]:[04:17:57] recordEvaluation produced_mip_start=0 mip_start_file=''
[DEBUG]:[04:17:57] Added evaluation to memory with objective: 33.44, ConfigId: 12925428112809501740, EvalId: 632. Total evaluations stored: 632
[INFO]:[04:17:57] recordEvaluation produced_mip_start=0 mip_start_file=''
[DEBUG]:[04:17:57] Added evaluation to memory with objective: 33.27, ConfigId: 8655235309773504371, EvalId: 633. Total evaluations stored: 633
[INFO]:[04:17:57] recordEvaluation produced_mip_start=0 mip_start_file=''
[DEBUG]:[04:17:57] Added evaluation to memory with objective: 33.56, ConfigId: 14489434621665809425, EvalId: 634. Total evaluations stored: 634
[INFO]:[04:17:57] recordEvaluation produced_mip_start=0 mip_start_file=''
[DEBUG]:[04:17:57] Added evaluation to memory with objective: 33.27, ConfigId: 2200868217532533803, EvalId: 635. Total evaluations stored: 635
[INFO]:[04:17:57] recordEvaluation produced_mip_start=0 mip_start_file=''
[DEBUG]:[04:17:57] Added evaluation to memory with objective: 33.27, ConfigId: 2835496817536822755, EvalId: 636. Total evaluations stored: 636
[INFO]:[04:17:57] recordEvaluation produced_mip_start=0 mip_start_file=''
[DEBUG]:[04:17:57] Added evaluation to memory with objective: 33.27, ConfigId: 14053420088270566333, EvalId: 637. Total evaluations stored: 637
[INFO]:[04:17:57] recordEvaluation produced_mip_start=0 mip_start_file=''
[DEBUG]:[04:17:57] Added evaluation to memory with objective: 42.71, ConfigId: 4779370898362351999, EvalId: 638. Total evaluations stored: 638
[INFO]:[04:17:57] Waiting for Local Search Workers via MPI...
[INFO]:[04:17:59] Local Search Workers have completed.
[INFO]:[04:17:59] recordEvaluation produced_mip_start=0 mip_start_file=''
[DEBUG]:[04:17:59] Added evaluation to memory with objective: 42.92, ConfigId: 13737815323795363413, EvalId: 639. Total evaluations stored: 639
[INFO]:[04:17:59] recordEvaluation produced_mip_start=0 mip_start_file=''
[DEBUG]:[04:17:59] Added evaluation to memory with objective: 53.06, ConfigId: 2500295373551014521, EvalId: 640. Total evaluations stored: 640
[INFO]:[04:17:59] recordEvaluation produced_mip_start=0 mip_start_file=''
[DEBUG]:[04:17:59] Added evaluation to memory with objective: 42.92, ConfigId: 2234514734082238069, EvalId: 641. Total evaluations stored: 641
[INFO]:[04:17:59] recordEvaluation produced_mip_start=0 mip_start_file=''
[DEBUG]:[04:17:59] Added evaluation to memory with objective: 42.92, ConfigId: 8584270366635862958, EvalId: 642. Total evaluations stored: 642
[INFO]:[04:17:59] recordEvaluation produced_mip_start=0 mip_start_file=''
[DEBUG]:[04:17:59] Added evaluation to memory with objective: 42.92, ConfigId: 10024581960509739684, EvalId: 643. Total evaluations stored: 643
[INFO]:[04:17:59] recordEvaluation produced_mip_start=0 mip_start_file=''
[DEBUG]:[04:17:59] Added evaluation to memory with objective: 42.92, ConfigId: 1988435659133141306, EvalId: 644. Total evaluations stored: 644
[INFO]:[04:17:59] recordEvaluation produced_mip_start=0 mip_start_file=''
[DEBUG]:[04:17:59] Added evaluation to memory with objective: 42.92, ConfigId: 5598668786605466755, EvalId: 645. Total evaluations stored: 645
[INFO]:[04:17:59] recordEvaluation produced_mip_start=0 mip_start_file=''
[DEBUG]:[04:17:59] Added evaluation to memory with objective: 42.92, ConfigId: 12105588945288867813, EvalId: 646. Total evaluations stored: 646
[INFO]:[04:17:59] recordEvaluation produced_mip_start=0 mip_start_file=''
[DEBUG]:[04:17:59] Added evaluation to memory with objective: 42.92, ConfigId: 8425072254643255848, EvalId: 647. Total evaluations stored: 647
[INFO]:[04:17:59] recordEvaluation produced_mip_start=0 mip_start_file=''
[DEBUG]:[04:17:59] Added evaluation to memory with objective: 42.92, ConfigId: 11096462999494410659, EvalId: 648. Total evaluations stored: 648
[INFO]:[04:17:59] recordEvaluation produced_mip_start=0 mip_start_file=''
[DEBUG]:[04:17:59] Added evaluation to memory with objective: 42.92, ConfigId: 7151951833580478900, EvalId: 649. Total evaluations stored: 649
[INFO]:[04:17:59] recordEvaluation produced_mip_start=0 mip_start_file=''
[DEBUG]:[04:17:59] Added evaluation to memory with objective: 42.92, ConfigId: 13761718187439172441, EvalId: 650. Total evaluations stored: 650
[INFO]:[04:17:59] recordEvaluation produced_mip_start=0 mip_start_file=''
[DEBUG]:[04:17:59] Added evaluation to memory with objective: 42.79, ConfigId: 11826829086675359486, EvalId: 651. Total evaluations stored: 651
[INFO]:[04:17:59] recordEvaluation produced_mip_start=0 mip_start_file=''
[DEBUG]:[04:17:59] Added evaluation to memory with objective: 42.92, ConfigId: 9782216220822089570, EvalId: 652. Total evaluations stored: 652
[INFO]:[04:17:59] recordEvaluation produced_mip_start=0 mip_start_file=''
[DEBUG]:[04:17:59] Added evaluation to memory with objective: 42.92, ConfigId: 9114347141416072939, EvalId: 653. Total evaluations stored: 653
[INFO]:[04:17:59] recordEvaluation produced_mip_start=0 mip_start_file=''
[DEBUG]:[04:17:59] Added evaluation to memory with objective: 42.92, ConfigId: 7321464971685746414, EvalId: 654. Total evaluations stored: 654
[INFO]:[04:17:59] recordEvaluation produced_mip_start=0 mip_start_file=''
[DEBUG]:[04:17:59] Added evaluation to memory with objective: 42.79, ConfigId: 18444617938424092593, EvalId: 655. Total evaluations stored: 655
[INFO]:[04:17:59] recordEvaluation produced_mip_start=0 mip_start_file=''
[DEBUG]:[04:17:59] Added evaluation to memory with objective: 42.56, ConfigId: 12722717680641198074, EvalId: 656. Total evaluations stored: 656
[INFO]:[04:17:59] recordEvaluation produced_mip_start=0 mip_start_file=''
[DEBUG]:[04:17:59] Added evaluation to memory with objective: 42.79, ConfigId: 14340410523938560054, EvalId: 657. Total evaluations stored: 657
[INFO]:[04:17:59] recordEvaluation produced_mip_start=0 mip_start_file=''
[DEBUG]:[04:17:59] Added evaluation to memory with objective: 42.79, ConfigId: 2455274027011947348, EvalId: 658. Total evaluations stored: 658
[INFO]:[04:17:59] recordEvaluation produced_mip_start=0 mip_start_file=''
[DEBUG]:[04:17:59] Added evaluation to memory with objective: 42.56, ConfigId: 3010357971879034900, EvalId: 659. Total evaluations stored: 659
[INFO]:[04:17:59] recordEvaluation produced_mip_start=0 mip_start_file=''
[DEBUG]:[04:17:59] Added evaluation to memory with objective: 42.56, ConfigId: 12209294515429326318, EvalId: 660. Total evaluations stored: 660
[INFO]:[04:17:59] recordEvaluation produced_mip_start=0 mip_start_file=''
[DEBUG]:[04:17:59] Added evaluation to memory with objective: 42.56, ConfigId: 443844200017027923, EvalId: 661. Total evaluations stored: 661
[INFO]:[04:17:59] recordEvaluation produced_mip_start=0 mip_start_file=''
[DEBUG]:[04:17:59] Added evaluation to memory with objective: 42.56, ConfigId: 10708176675907641901, EvalId: 662. Total evaluations stored: 662
[INFO]:[04:17:59] recordEvaluation produced_mip_start=0 mip_start_file=''
[DEBUG]:[04:17:59] Added evaluation to memory with objective: 64.91, ConfigId: 3500982862121301019, EvalId: 663. Total evaluations stored: 663
[INFO]:[04:17:59] recordEvaluation produced_mip_start=0 mip_start_file=''
[DEBUG]:[04:17:59] Added evaluation to memory with objective: 42.71, ConfigId: 17915465609065680108, EvalId: 664. Total evaluations stored: 664
[INFO]:[04:17:59] recordEvaluation produced_mip_start=0 mip_start_file=''
[DEBUG]:[04:17:59] Added evaluation to memory with objective: 42.85, ConfigId: 4797058568718014357, EvalId: 665. Total evaluations stored: 665
[INFO]:[04:17:59] recordEvaluation produced_mip_start=0 mip_start_file=''
[DEBUG]:[04:17:59] Added evaluation to memory with objective: 42.92, ConfigId: 9673818862433001945, EvalId: 666. Total evaluations stored: 666
[INFO]:[04:17:59] recordEvaluation produced_mip_start=0 mip_start_file=''
[DEBUG]:[04:17:59] Added evaluation to memory with objective: 42.71, ConfigId: 13696550661939213533, EvalId: 667. Total evaluations stored: 667
[INFO]:[04:17:59] recordEvaluation produced_mip_start=0 mip_start_file=''
[DEBUG]:[04:17:59] Added evaluation to memory with objective: 42.71, ConfigId: 16283136808577682971, EvalId: 668. Total evaluations stored: 668
[INFO]:[04:17:59] recordEvaluation produced_mip_start=0 mip_start_file=''
[DEBUG]:[04:17:59] Added evaluation to memory with objective: 42.3, ConfigId: 3019088267156285338, EvalId: 669. Total evaluations stored: 669
[INFO]:[04:17:59] recordEvaluation produced_mip_start=0 mip_start_file=''
[DEBUG]:[04:17:59] Added evaluation to memory with objective: 42.71, ConfigId: 15261600205450783532, EvalId: 670. Total evaluations stored: 670
[INFO]:[04:17:59] recordEvaluation produced_mip_start=0 mip_start_file=''
[DEBUG]:[04:17:59] Added evaluation to memory with objective: 42.3, ConfigId: 10817013063619605419, EvalId: 671. Total evaluations stored: 671
[INFO]:[04:17:59] recordEvaluation produced_mip_start=0 mip_start_file=''
[DEBUG]:[04:17:59] Added evaluation to memory with objective: 42.3, ConfigId: 7073631726412274571, EvalId: 672. Total evaluations stored: 672
[INFO]:[04:17:59] recordEvaluation produced_mip_start=0 mip_start_file=''
[DEBUG]:[04:17:59] Added evaluation to memory with objective: 42.3, ConfigId: 7493758430408702130, EvalId: 673. Total evaluations stored: 673
[INFO]:[04:17:59] recordEvaluation produced_mip_start=0 mip_start_file=''
[DEBUG]:[04:17:59] Added evaluation to memory with objective: 42.3, ConfigId: 3662611511911367400, EvalId: 674. Total evaluations stored: 674
[INFO]:[04:17:59] recordEvaluation produced_mip_start=0 mip_start_file=''
[DEBUG]:[04:17:59] Added evaluation to memory with objective: 35.34, ConfigId: 12549146215303351395, EvalId: 675. Total evaluations stored: 675
[INFO]:[04:17:59] recordEvaluation produced_mip_start=0 mip_start_file=''
[DEBUG]:[04:17:59] Added evaluation to memory with objective: 42.85, ConfigId: 6253594145583101689, EvalId: 676. Total evaluations stored: 676
[INFO]:[04:17:59] recordEvaluation produced_mip_start=0 mip_start_file=''
[DEBUG]:[04:17:59] Added evaluation to memory with objective: 42.73, ConfigId: 9222839335129696542, EvalId: 677. Total evaluations stored: 677
[INFO]:[04:17:59] recordEvaluation produced_mip_start=0 mip_start_file=''
[DEBUG]:[04:17:59] Added evaluation to memory with objective: 42.92, ConfigId: 2115795966614081946, EvalId: 678. Total evaluations stored: 678
[INFO]:[04:17:59] recordEvaluation produced_mip_start=0 mip_start_file=''
[DEBUG]:[04:17:59] Added evaluation to memory with objective: 35.34, ConfigId: 14432688718218441322, EvalId: 679. Total evaluations stored: 679
[INFO]:[04:17:59] recordEvaluation produced_mip_start=0 mip_start_file=''
[DEBUG]:[04:17:59] Added evaluation to memory with objective: 35.34, ConfigId: 1097057379651178369, EvalId: 680. Total evaluations stored: 680
[INFO]:[04:17:59] recordEvaluation produced_mip_start=0 mip_start_file=''
[DEBUG]:[04:17:59] Added evaluation to memory with objective: 35.34, ConfigId: 18310721106487785442, EvalId: 681. Total evaluations stored: 681
[INFO]:[04:17:59] recordEvaluation produced_mip_start=0 mip_start_file=''
[DEBUG]:[04:17:59] Added evaluation to memory with objective: 35.55, ConfigId: 6520386579670556700, EvalId: 682. Total evaluations stored: 682
[INFO]:[04:17:59] recordEvaluation produced_mip_start=0 mip_start_file=''
[DEBUG]:[04:17:59] Added evaluation to memory with objective: 35.34, ConfigId: 1241989080832286332, EvalId: 683. Total evaluations stored: 683
[INFO]:[04:17:59] recordEvaluation produced_mip_start=0 mip_start_file=''
[DEBUG]:[04:17:59] Added evaluation to memory with objective: 35.34, ConfigId: 10029090690694137116, EvalId: 684. Total evaluations stored: 684
[INFO]:[04:17:59] recordEvaluation produced_mip_start=0 mip_start_file=''
[DEBUG]:[04:17:59] Added evaluation to memory with objective: 35.34, ConfigId: 14251699670965344676, EvalId: 685. Total evaluations stored: 685
[INFO]:[04:17:59] recordEvaluation produced_mip_start=0 mip_start_file=''
[DEBUG]:[04:17:59] Added evaluation to memory with objective: 42.56, ConfigId: 12300548020632627131, EvalId: 686. Total evaluations stored: 686
[INFO]:[04:17:59] recordEvaluation produced_mip_start=0 mip_start_file=''
[DEBUG]:[04:17:59] Added evaluation to memory with objective: 42.92, ConfigId: 13553446677764030770, EvalId: 687. Total evaluations stored: 687
[INFO]:[04:17:59] recordEvaluation produced_mip_start=0 mip_start_file=''
[DEBUG]:[04:17:59] Added evaluation to memory with objective: 52.74, ConfigId: 8281896058675069686, EvalId: 688. Total evaluations stored: 688
[INFO]:[04:17:59] recordEvaluation produced_mip_start=0 mip_start_file=''
[DEBUG]:[04:17:59] Added evaluation to memory with objective: 34.68, ConfigId: 14799528608807772298, EvalId: 689. Total evaluations stored: 689
[INFO]:[04:17:59] recordEvaluation produced_mip_start=0 mip_start_file=''
[DEBUG]:[04:17:59] Added evaluation to memory with objective: 42.92, ConfigId: 10558310151888249388, EvalId: 690. Total evaluations stored: 690
[INFO]:[04:17:59] recordEvaluation produced_mip_start=0 mip_start_file=''
[DEBUG]:[04:17:59] Added evaluation to memory with objective: 34.68, ConfigId: 10315298648710922165, EvalId: 691. Total evaluations stored: 691
[INFO]:[04:17:59] recordEvaluation produced_mip_start=0 mip_start_file=''
[DEBUG]:[04:17:59] Added evaluation to memory with objective: 34.68, ConfigId: 16604718247652523273, EvalId: 692. Total evaluations stored: 692
[INFO]:[04:17:59] recordEvaluation produced_mip_start=0 mip_start_file=''
[DEBUG]:[04:17:59] Added evaluation to memory with objective: 34.28, ConfigId: 613705615037695721, EvalId: 693. Total evaluations stored: 693
[INFO]:[04:17:59] recordEvaluation produced_mip_start=0 mip_start_file=''
[DEBUG]:[04:17:59] Added evaluation to memory with objective: 43.87, ConfigId: 15098288840490540054, EvalId: 694. Total evaluations stored: 694
[INFO]:[04:17:59] recordEvaluation produced_mip_start=0 mip_start_file=''
[DEBUG]:[04:17:59] Added evaluation to memory with objective: 34.28, ConfigId: 18036953171114234971, EvalId: 695. Total evaluations stored: 695
[INFO]:[04:17:59] recordEvaluation produced_mip_start=0 mip_start_file=''
[DEBUG]:[04:17:59] Added evaluation to memory with objective: 34, ConfigId: 4234618154322951605, EvalId: 696. Total evaluations stored: 696
[INFO]:[04:17:59] recordEvaluation produced_mip_start=0 mip_start_file=''
[DEBUG]:[04:17:59] Added evaluation to memory with objective: 34.28, ConfigId: 7098287703104387071, EvalId: 697. Total evaluations stored: 697
[INFO]:[04:17:59] recordEvaluation produced_mip_start=0 mip_start_file=''
[DEBUG]:[04:17:59] Added evaluation to memory with objective: 34.28, ConfigId: 6765542538366917106, EvalId: 698. Total evaluations stored: 698
[INFO]:[04:17:59] IteratedLocalSearch Engine completed.
[INFO]:[04:17:59] Added72 evaluations to memory from exploration phase at iteration 7
[INFO]:[04:17:59] Exploration phase completed.
[INFO]:[04:17:59] Starting expansion phase...
[INFO]:[04:17:59] Selecting parameters for expansion phase...
[INFO]:[04:17:59] Selected expansion parameters: 10
[INFO]:[04:17:59] Creating configuration files for expansion parameters...
[INFO]:[04:17:59] Creating configurations for parameter: CPXPARAM_Preprocessing_CoeffReduce
[DEBUG]:[04:17:59] Parameter CPXPARAM_Preprocessing_CoeffReduce will be evaluated on 4 alternative value(s) after excluding the current base configuration value.
[DEBUG]:[04:17:59] Created configuration file for parameter CPXPARAM_Preprocessing_CoeffReduce with value 0 at /scratch/yorig/mpils-results-grid-ticks-10000-7may/medium-2/24proc-4pils/seed-2/6_sorrell3_seed-2_20260510_041416/expansion/config_param_CPXPARAM_Preprocessing_CoeffReduce_0_iter_7.prm
[DEBUG]:[04:17:59] Created configuration file for parameter CPXPARAM_Preprocessing_CoeffReduce with value 1 at /scratch/yorig/mpils-results-grid-ticks-10000-7may/medium-2/24proc-4pils/seed-2/6_sorrell3_seed-2_20260510_041416/expansion/config_param_CPXPARAM_Preprocessing_CoeffReduce_1_iter_7.prm
[DEBUG]:[04:17:59] Created configuration file for parameter CPXPARAM_Preprocessing_CoeffReduce with value 2 at /scratch/yorig/mpils-results-grid-ticks-10000-7may/medium-2/24proc-4pils/seed-2/6_sorrell3_seed-2_20260510_041416/expansion/config_param_CPXPARAM_Preprocessing_CoeffReduce_2_iter_7.prm
[DEBUG]:[04:17:59] Created configuration file for parameter CPXPARAM_Preprocessing_CoeffReduce with value 3 at /scratch/yorig/mpils-results-grid-ticks-10000-7may/medium-2/24proc-4pils/seed-2/6_sorrell3_seed-2_20260510_041416/expansion/config_param_CPXPARAM_Preprocessing_CoeffReduce_3_iter_7.prm
[INFO]:[04:17:59] Creating configurations for parameter: CPXPARAM_Simplex_Crash
[DEBUG]:[04:17:59] Parameter CPXPARAM_Simplex_Crash will be evaluated on 2 alternative value(s) after excluding the current base configuration value.
[DEBUG]:[04:17:59] Created configuration file for parameter CPXPARAM_Simplex_Crash with value -1 at /scratch/yorig/mpils-results-grid-ticks-10000-7may/medium-2/24proc-4pils/seed-2/6_sorrell3_seed-2_20260510_041416/expansion/config_param_CPXPARAM_Simplex_Crash_-1_iter_7.prm
[DEBUG]:[04:17:59] Created configuration file for parameter CPXPARAM_Simplex_Crash with value 0 at /scratch/yorig/mpils-results-grid-ticks-10000-7may/medium-2/24proc-4pils/seed-2/6_sorrell3_seed-2_20260510_041416/expansion/config_param_CPXPARAM_Simplex_Crash_0_iter_7.prm
[INFO]:[04:17:59] Creating configurations for parameter: CPXPARAM_Preprocessing_Dependency
[DEBUG]:[04:17:59] Parameter CPXPARAM_Preprocessing_Dependency will be evaluated on 4 alternative value(s) after excluding the current base configuration value.
[DEBUG]:[04:17:59] Created configuration file for parameter CPXPARAM_Preprocessing_Dependency with value 0 at /scratch/yorig/mpils-results-grid-ticks-10000-7may/medium-2/24proc-4pils/seed-2/6_sorrell3_seed-2_20260510_041416/expansion/config_param_CPXPARAM_Preprocessing_Dependency_0_iter_7.prm
[DEBUG]:[04:17:59] Created configuration file for parameter CPXPARAM_Preprocessing_Dependency with value 1 at /scratch/yorig/mpils-results-grid-ticks-10000-7may/medium-2/24proc-4pils/seed-2/6_sorrell3_seed-2_20260510_041416/expansion/config_param_CPXPARAM_Preprocessing_Dependency_1_iter_7.prm
[DEBUG]:[04:17:59] Created configuration file for parameter CPXPARAM_Preprocessing_Dependency with value 2 at /scratch/yorig/mpils-results-grid-ticks-10000-7may/medium-2/24proc-4pils/seed-2/6_sorrell3_seed-2_20260510_041416/expansion/config_param_CPXPARAM_Preprocessing_Dependency_2_iter_7.prm
[DEBUG]:[04:17:59] Created configuration file for parameter CPXPARAM_Preprocessing_Dependency with value 3 at /scratch/yorig/mpils-results-grid-ticks-10000-7may/medium-2/24proc-4pils/seed-2/6_sorrell3_seed-2_20260510_041416/expansion/config_param_CPXPARAM_Preprocessing_Dependency_3_iter_7.prm
[INFO]:[04:17:59] Creating configurations for parameter: CPXPARAM_Feasopt_Mode
[DEBUG]:[04:17:59] Parameter CPXPARAM_Feasopt_Mode will be evaluated on 5 alternative value(s) after excluding the current base configuration value.
[DEBUG]:[04:17:59] Created configuration file for parameter CPXPARAM_Feasopt_Mode with value 1 at /scratch/yorig/mpils-results-grid-ticks-10000-7may/medium-2/24proc-4pils/seed-2/6_sorrell3_seed-2_20260510_041416/expansion/config_param_CPXPARAM_Feasopt_Mode_1_iter_7.prm
[DEBUG]:[04:17:59] Created configuration file for parameter CPXPARAM_Feasopt_Mode with value 2 at /scratch/yorig/mpils-results-grid-ticks-10000-7may/medium-2/24proc-4pils/seed-2/6_sorrell3_seed-2_20260510_041416/expansion/config_param_CPXPARAM_Feasopt_Mode_2_iter_7.prm
[DEBUG]:[04:17:59] Created configuration file for parameter CPXPARAM_Feasopt_Mode with value 3 at /scratch/yorig/mpils-results-grid-ticks-10000-7may/medium-2/24proc-4pils/seed-2/6_sorrell3_seed-2_20260510_041416/expansion/config_param_CPXPARAM_Feasopt_Mode_3_iter_7.prm
[DEBUG]:[04:17:59] Created configuration file for parameter CPXPARAM_Feasopt_Mode with value 4 at /scratch/yorig/mpils-results-grid-ticks-10000-7may/medium-2/24proc-4pils/seed-2/6_sorrell3_seed-2_20260510_041416/expansion/config_param_CPXPARAM_Feasopt_Mode_4_iter_7.prm
[DEBUG]:[04:17:59] Created configuration file for parameter CPXPARAM_Feasopt_Mode with value 5 at /scratch/yorig/mpils-results-grid-ticks-10000-7may/medium-2/24proc-4pils/seed-2/6_sorrell3_seed-2_20260510_041416/expansion/config_param_CPXPARAM_Feasopt_Mode_5_iter_7.prm
[INFO]:[04:17:59] Creating configurations for parameter: CPXPARAM_Emphasis_Memory
[DEBUG]:[04:17:59] Parameter CPXPARAM_Emphasis_Memory will be evaluated on 1 alternative value(s) after excluding the current base configuration value.
[DEBUG]:[04:17:59] Created configuration file for parameter CPXPARAM_Emphasis_Memory with value 1 at /scratch/yorig/mpils-results-grid-ticks-10000-7may/medium-2/24proc-4pils/seed-2/6_sorrell3_seed-2_20260510_041416/expansion/config_param_CPXPARAM_Emphasis_Memory_1_iter_7.prm
[INFO]:[04:17:59] Creating configurations for parameter: CPXPARAM_MIP_OrderType
[DEBUG]:[04:17:59] Parameter CPXPARAM_MIP_OrderType will be evaluated on 3 alternative value(s) after excluding the current base configuration value.
[DEBUG]:[04:17:59] Created configuration file for parameter CPXPARAM_MIP_OrderType with value 1 at /scratch/yorig/mpils-results-grid-ticks-10000-7may/medium-2/24proc-4pils/seed-2/6_sorrell3_seed-2_20260510_041416/expansion/config_param_CPXPARAM_MIP_OrderType_1_iter_7.prm
[DEBUG]:[04:17:59] Created configuration file for parameter CPXPARAM_MIP_OrderType with value 2 at /scratch/yorig/mpils-results-grid-ticks-10000-7may/medium-2/24proc-4pils/seed-2/6_sorrell3_seed-2_20260510_041416/expansion/config_param_CPXPARAM_MIP_OrderType_2_iter_7.prm
[DEBUG]:[04:17:59] Created configuration file for parameter CPXPARAM_MIP_OrderType with value 3 at /scratch/yorig/mpils-results-grid-ticks-10000-7may/medium-2/24proc-4pils/seed-2/6_sorrell3_seed-2_20260510_041416/expansion/config_param_CPXPARAM_MIP_OrderType_3_iter_7.prm
[INFO]:[04:17:59] Creating configurations for parameter: CPXPARAM_Network_NetFind
[DEBUG]:[04:17:59] Parameter CPXPARAM_Network_NetFind will be evaluated on 2 alternative value(s) after excluding the current base configuration value.
[DEBUG]:[04:17:59] Created configuration file for parameter CPXPARAM_Network_NetFind with value 1 at /scratch/yorig/mpils-results-grid-ticks-10000-7may/medium-2/24proc-4pils/seed-2/6_sorrell3_seed-2_20260510_041416/expansion/config_param_CPXPARAM_Network_NetFind_1_iter_7.prm
[DEBUG]:[04:17:59] Created configuration file for parameter CPXPARAM_Network_NetFind with value 3 at /scratch/yorig/mpils-results-grid-ticks-10000-7may/medium-2/24proc-4pils/seed-2/6_sorrell3_seed-2_20260510_041416/expansion/config_param_CPXPARAM_Network_NetFind_3_iter_7.prm
[INFO]:[04:17:59] Creating configurations for parameter: CPXPARAM_Network_Pricing
[DEBUG]:[04:17:59] Parameter CPXPARAM_Network_Pricing will be evaluated on 3 alternative value(s) after excluding the current base configuration value.
[DEBUG]:[04:17:59] Created configuration file for parameter CPXPARAM_Network_Pricing with value 1 at /scratch/yorig/mpils-results-grid-ticks-10000-7may/medium-2/24proc-4pils/seed-2/6_sorrell3_seed-2_20260510_041416/expansion/config_param_CPXPARAM_Network_Pricing_1_iter_7.prm
[DEBUG]:[04:17:59] Created configuration file for parameter CPXPARAM_Network_Pricing with value 2 at /scratch/yorig/mpils-results-grid-ticks-10000-7may/medium-2/24proc-4pils/seed-2/6_sorrell3_seed-2_20260510_041416/expansion/config_param_CPXPARAM_Network_Pricing_2_iter_7.prm
[DEBUG]:[04:17:59] Created configuration file for parameter CPXPARAM_Network_Pricing with value 3 at /scratch/yorig/mpils-results-grid-ticks-10000-7may/medium-2/24proc-4pils/seed-2/6_sorrell3_seed-2_20260510_041416/expansion/config_param_CPXPARAM_Network_Pricing_3_iter_7.prm
[INFO]:[04:17:59] Creating configurations for parameter: CPXPARAM_MIP_Strategy_File
[DEBUG]:[04:17:59] Parameter CPXPARAM_MIP_Strategy_File will be evaluated on 3 alternative value(s) after excluding the current base configuration value.
[DEBUG]:[04:17:59] Created configuration file for parameter CPXPARAM_MIP_Strategy_File with value 0 at /scratch/yorig/mpils-results-grid-ticks-10000-7may/medium-2/24proc-4pils/seed-2/6_sorrell3_seed-2_20260510_041416/expansion/config_param_CPXPARAM_MIP_Strategy_File_0_iter_7.prm
[DEBUG]:[04:17:59] Created configuration file for parameter CPXPARAM_MIP_Strategy_File with value 2 at /scratch/yorig/mpils-results-grid-ticks-10000-7may/medium-2/24proc-4pils/seed-2/6_sorrell3_seed-2_20260510_041416/expansion/config_param_CPXPARAM_MIP_Strategy_File_2_iter_7.prm
[DEBUG]:[04:17:59] Created configuration file for parameter CPXPARAM_MIP_Strategy_File with value 3 at /scratch/yorig/mpils-results-grid-ticks-10000-7may/medium-2/24proc-4pils/seed-2/6_sorrell3_seed-2_20260510_041416/expansion/config_param_CPXPARAM_MIP_Strategy_File_3_iter_7.prm
[INFO]:[04:17:59] Creating configurations for parameter: CPXPARAM_Emphasis_Numerical
[DEBUG]:[04:17:59] Parameter CPXPARAM_Emphasis_Numerical will be evaluated on 1 alternative value(s) after excluding the current base configuration value.
[DEBUG]:[04:17:59] Created configuration file for parameter CPXPARAM_Emphasis_Numerical with value 1 at /scratch/yorig/mpils-results-grid-ticks-10000-7may/medium-2/24proc-4pils/seed-2/6_sorrell3_seed-2_20260510_041416/expansion/config_param_CPXPARAM_Emphasis_Numerical_1_iter_7.prm
[INFO]:[04:17:59] Created 28 configuration files for expansion phase at iteration 7.
[INFO]:[04:17:59] Skipped 0 expansion parameter(s) with no alternative value to evaluate.
[INFO]:[04:17:59] Launching Expansion Workers via MPI...
[INFO]:[04:17:59] Expansion Workers launched.
[INFO]:[04:17:59] Evaluating expansion parameters...
[INFO]:[04:17:59] Starting CPLEX solver on instance: /home/yorig/tuner/mpils-tests/instances/miplib/medium-2/sorrell3.mps with config: /scratch/yorig/mpils-results-grid-ticks-10000-7may/medium-2/24proc-4pils/seed-2/6_sorrell3_seed-2_20260510_041416/expansion/config_param_CPXPARAM_Preprocessing_CoeffReduce_0_iter_7.prm
[INFO]:[04:18:06] CPLEX results. Gap: 32.800000, upper bound: -15.000000, lower bound: -19.919394
[INFO]:[04:18:06] CPLEX solver finished. Gap: 32.800000
[INFO]:[04:18:06] Expansion early stop activated in MPI after 1 master-side evaluation(s). Remaining not-yet-evaluated parameters stay residual.
[INFO]:[04:18:06] Strict sequential expansion early stop ignored 8 already-computed result(s) after first improving config id 15.
[INFO]:[04:18:06] recordEvaluation produced_mip_start=0 mip_start_file=''
[DEBUG]:[04:18:06] Added evaluation to memory with objective: 32.8, ConfigId: 10330038543570825806, EvalId: 699. Total evaluations stored: 699
[INFO]:[04:18:06] recordEvaluation produced_mip_start=0 mip_start_file=''
[DEBUG]:[04:18:06] Added evaluation to memory with objective: 32.8, ConfigId: 871577812247361303, EvalId: 700. Total evaluations stored: 700
[INFO]:[04:18:06] recordEvaluation produced_mip_start=0 mip_start_file=''
[DEBUG]:[04:18:06] Added evaluation to memory with objective: 32.8, ConfigId: 431264403605407956, EvalId: 701. Total evaluations stored: 701
[INFO]:[04:18:06] recordEvaluation produced_mip_start=0 mip_start_file=''
[DEBUG]:[04:18:06] Added evaluation to memory with objective: 32.8, ConfigId: 1940757741428804208, EvalId: 702. Total evaluations stored: 702
[INFO]:[04:18:06] recordEvaluation produced_mip_start=0 mip_start_file=''
[DEBUG]:[04:18:06] Added evaluation to memory with objective: 32.8, ConfigId: 9665936732180174555, EvalId: 703. Total evaluations stored: 703
[INFO]:[04:18:06] recordEvaluation produced_mip_start=0 mip_start_file=''
[DEBUG]:[04:18:06] Added evaluation to memory with objective: 32.8, ConfigId: 16652097702901680175, EvalId: 704. Total evaluations stored: 704
[INFO]:[04:18:06] recordEvaluation produced_mip_start=0 mip_start_file=''
[DEBUG]:[04:18:06] Added evaluation to memory with objective: 32.8, ConfigId: 6175652625055157538, EvalId: 705. Total evaluations stored: 705
[INFO]:[04:18:06] recordEvaluation produced_mip_start=0 mip_start_file=''
[DEBUG]:[04:18:06] Added evaluation to memory with objective: 32.8, ConfigId: 16231937863125566758, EvalId: 706. Total evaluations stored: 706
[INFO]:[04:18:06] recordEvaluation produced_mip_start=0 mip_start_file=''
[DEBUG]:[04:18:06] Added evaluation to memory with objective: 32.8, ConfigId: 221322192846527602, EvalId: 707. Total evaluations stored: 707
[INFO]:[04:18:06] recordEvaluation produced_mip_start=0 mip_start_file=''
[DEBUG]:[04:18:06] Added evaluation to memory with objective: 32.8, ConfigId: 3898963315563895483, EvalId: 708. Total evaluations stored: 708
[INFO]:[04:18:06] recordEvaluation produced_mip_start=0 mip_start_file=''
[DEBUG]:[04:18:06] Added evaluation to memory with objective: 32.8, ConfigId: 15039174282165947684, EvalId: 709. Total evaluations stored: 709
[INFO]:[04:18:06] recordEvaluation produced_mip_start=0 mip_start_file=''
[DEBUG]:[04:18:06] Added evaluation to memory with objective: 32.8, ConfigId: 12751268051923131845, EvalId: 710. Total evaluations stored: 710
[INFO]:[04:18:06] recordEvaluation produced_mip_start=0 mip_start_file=''
[DEBUG]:[04:18:06] Added evaluation to memory with objective: 32.8, ConfigId: 10742783195889598932, EvalId: 711. Total evaluations stored: 711
[INFO]:[04:18:06] recordEvaluation produced_mip_start=0 mip_start_file=''
[DEBUG]:[04:18:06] Added evaluation to memory with objective: 32.8, ConfigId: 5242060825154096238, EvalId: 712. Total evaluations stored: 712
[INFO]:[04:18:06] recordEvaluation produced_mip_start=0 mip_start_file=''
[DEBUG]:[04:18:06] Added evaluation to memory with objective: 32.8, ConfigId: 1926978999732750651, EvalId: 713. Total evaluations stored: 713
[INFO]:[04:18:06] recordEvaluation produced_mip_start=0 mip_start_file=''
[INFO]:[04:18:06] ***************
[INFO]:[04:18:06] New best evaluation without MIP start found at time 227s, with objective 32.12 and configuration ID 7546806612625478846
[INFO]:[04:18:06] With config: 7546806612625478846 -> 
Configuration: CPXPARAM_Advance=1 CPXPARAM_Barrier_Algorithm=0 CPXPARAM_Barrier_ColNonzeros=0 CPXPARAM_Barrier_Crossover=0 CPXPARAM_Barrier_Limits_Corrections=-1 CPXPARAM_Barrier_Ordering=0 CPXPARAM_Barrier_StartAlg=1 CPXPARAM_Emphasis_MIP=0 CPXPARAM_Emphasis_Memory=1 CPXPARAM_Emphasis_Numerical=0 CPXPARAM_Feasopt_Mode=0 CPXPARAM_LPMethod=0 CPXPARAM_MIP_Cuts_Cliques=0 CPXPARAM_MIP_Cuts_Covers=0 CPXPARAM_MIP_Cuts_Disjunctive=0 CPXPARAM_MIP_Cuts_FlowCovers=0 CPXPARAM_MIP_Cuts_GUBCovers=0 CPXPARAM_MIP_Cuts_Gomory=0 CPXPARAM_MIP_Cuts_Implied=0 CPXPARAM_MIP_Cuts_MIRCut=0 CPXPARAM_MIP_Cuts_PathCut=0 CPXPARAM_MIP_Limits_AggForCut=3 CPXPARAM_MIP_Limits_CutPasses=0 CPXPARAM_MIP_Limits_CutsFactor=-1 CPXPARAM_MIP_Limits_GomoryCand=100 CPXPARAM_MIP_Limits_GomoryPass=0 CPXPARAM_MIP_Limits_Nodes=9223372036800000000 CPXPARAM_MIP_Limits_ProbeTime=1 CPXPARAM_MIP_Limits_RepairTries=0 CPXPARAM_MIP_Limits_StrongCand=10 CPXPARAM_MIP_Limits_StrongIt=0 CPXPARAM_MIP_OrderType=0 CPXPARAM_MIP_Strategy_BBInterval=7 CPXPARAM_MIP_Strategy_Branch=0 CPXPARAM_MIP_Strategy_Dive=0 CPXPARAM_MIP_Strategy_File=1 CPXPARAM_MIP_Strategy_HeuristicFreq=0 CPXPARAM_MIP_Strategy_LBHeur=0 CPXPARAM_MIP_Strategy_NodeSelect=1 CPXPARAM_MIP_Strategy_Order=1 CPXPARAM_MIP_Strategy_PresolveNode=0 CPXPARAM_MIP_Strategy_Probe=2 CPXPARAM_MIP_Strategy_RINSHeur=-1 CPXPARAM_MIP_Strategy_StartAlgorithm=5 CPXPARAM_MIP_Strategy_SubAlgorithm=0 CPXPARAM_MIP_Strategy_VariableSelect=0 CPXPARAM_Network_NetFind=2 CPXPARAM_Network_Pricing=0 CPXPARAM_Parallel=1 CPXPARAM_Preprocessing_Aggregator=-1 CPXPARAM_Preprocessing_BoundStrength=-1 CPXPARAM_Preprocessing_CoeffReduce=-1 CPXPARAM_Preprocessing_Dependency=-1 CPXPARAM_Preprocessing_Dual=0 CPXPARAM_Preprocessing_Fill=10 CPXPARAM_Preprocessing_NumPass=-1 CPXPARAM_Preprocessing_Presolve=1 CPXPARAM_Preprocessing_QPMakePSD=1 CPXPARAM_Preprocessing_Reduce=3 CPXPARAM_Preprocessing_Relax=-1 CPXPARAM_Preprocessing_RepeatPresolve=-1 CPXPARAM_Preprocessing_Symmetry=-1 CPXPARAM_Read_Scale=0 CPXPARAM_Sifting_Algorithm=0 CPXPARAM_Simplex_Crash=1 CPXPARAM_Simplex_DGradient=0 CPXPARAM_Simplex_Limits_Perturbation=0 CPXPARAM_Simplex_Limits_Singularity=10 CPXPARAM_Simplex_PGradient=0 CPXPARAM_Simplex_Pricing=0 CPXPARAM_Simplex_Refactor=0 | MIP Start: No 
[INFO]:[04:18:06] ***************
[DEBUG]:[04:18:06] Added evaluation to memory with objective: 32.12, ConfigId: 7546806612625478846, EvalId: 714. Total evaluations stored: 714
[INFO]:[04:18:06] Waiting for Expansion Workers via MPI...
[INFO]:[04:18:06] Expansion Workers have completed.
[INFO]:[04:18:06] Evaluated expansion parameters: 5
[INFO]:[04:18:06] Classifying expansion parameters...
[DEBUG]:[04:18:06] Parameter CPXPARAM_Preprocessing_CoeffReduce valid evaluations: 4, invalid evaluations: 0, c_p: 32.8, s_p: 0, selected_stage_1: No, discarded_by_threshold: No
[DEBUG]:[04:18:06] Parameter CPXPARAM_Simplex_Crash valid evaluations: 2, invalid evaluations: 0, c_p: 32.8, s_p: 0, selected_stage_1: No, discarded_by_threshold: No
[DEBUG]:[04:18:06] Parameter CPXPARAM_Preprocessing_Dependency valid evaluations: 4, invalid evaluations: 0, c_p: 32.8, s_p: 0, selected_stage_1: No, discarded_by_threshold: No
[DEBUG]:[04:18:06] Parameter CPXPARAM_Feasopt_Mode valid evaluations: 5, invalid evaluations: 0, c_p: 32.8, s_p: 0, selected_stage_1: No, discarded_by_threshold: No
[DEBUG]:[04:18:06] Parameter CPXPARAM_Emphasis_Memory valid evaluations: 1, invalid evaluations: 0, c_p: 32.12, s_p: 0, selected_stage_1: Yes, discarded_by_threshold: No
[DEBUG]:[04:18:06] Parameter CPXPARAM_Preprocessing_CoeffReduce metrics - c_p: 32.8, s_p: 0, selected_stage_1: No, discarded_by_threshold: No, dominated: No
[DEBUG]:[04:18:06] Parameter CPXPARAM_Simplex_Crash metrics - c_p: 32.8, s_p: 0, selected_stage_1: No, discarded_by_threshold: No, dominated: No
[DEBUG]:[04:18:06] Parameter CPXPARAM_Preprocessing_Dependency metrics - c_p: 32.8, s_p: 0, selected_stage_1: No, discarded_by_threshold: No, dominated: No
[DEBUG]:[04:18:06] Parameter CPXPARAM_Feasopt_Mode metrics - c_p: 32.8, s_p: 0, selected_stage_1: No, discarded_by_threshold: No, dominated: No
[DEBUG]:[04:18:06] Parameter CPXPARAM_Emphasis_Memory metrics - c_p: 32.12, s_p: 0, selected_stage_1: Yes, discarded_by_threshold: No, dominated: No
[INFO]:[04:18:06] Updating parameter flags based on classification...
[INFO]:[04:18:06] Parameter CPXPARAM_Preprocessing_CoeffReduce selected for tuning.
[INFO]:[04:18:06] Parameter CPXPARAM_Simplex_Crash selected for tuning.
[INFO]:[04:18:06] Parameter CPXPARAM_Preprocessing_Dependency selected for tuning.
[INFO]:[04:18:06] Parameter CPXPARAM_Feasopt_Mode selected for tuning.
[INFO]:[04:18:06] Parameter CPXPARAM_Emphasis_Memory selected for tuning.
[DEBUG]:[04:18:06] Classified parameters at iteration 7 - To Select: 5, To Discard: 0
[DEBUG]:[04:18:06] Parameter: CPXPARAM_Preprocessing_CoeffReduce, To Select: Yes, To Discard: No
[DEBUG]:[04:18:06] Parameter: CPXPARAM_Simplex_Crash, To Select: Yes, To Discard: No
[DEBUG]:[04:18:06] Parameter: CPXPARAM_Preprocessing_Dependency, To Select: Yes, To Discard: No
[DEBUG]:[04:18:06] Parameter: CPXPARAM_Feasopt_Mode, To Select: Yes, To Discard: No
[DEBUG]:[04:18:06] Parameter: CPXPARAM_Emphasis_Memory, To Select: Yes, To Discard: No
[INFO]:[04:18:06] Added 16 evaluations to memory from expansion phase at iteration 7
[INFO]:[04:18:06] Expansion phase completed.
[INFO]:[04:18:06] Starting pruning phase...
[INFO]:[04:18:06] Writing learner file for pruning phase: /scratch/yorig/mpils-results-grid-ticks-10000-7may/medium-2/24proc-4pils/seed-2/6_sorrell3_seed-2_20260510_041416/pruning/input/learner_file_7.txt
[INFO]:[04:18:06] Learner file written successfully: /scratch/yorig/mpils-results-grid-ticks-10000-7may/medium-2/24proc-4pils/seed-2/6_sorrell3_seed-2_20260510_041416/pruning/input/learner_file_7.txt
[INFO]:[04:18:06] Extracting forbidden tuples from memory...
[INFO]:[04:18:06] Redirecting learner stdout/stderr to: /scratch/yorig/mpils-results-grid-ticks-10000-7may/medium-2/24proc-4pils/seed-2/6_sorrell3_seed-2_20260510_041416/pruning/learner_iteration_7.log
[INFO]:[04:18:06] Forbidden tuples extracted: 6
[INFO]:[04:18:06] Applying pruning with 6 forbidden tuples...
[DEBUG]:[04:18:06] Adding forbidden value from single-element tuple: CPXPARAM_MIP_Strategy_HeuristicFreq=0
[DEBUG]:[04:18:06] Adding forbidden value from single-element tuple: CPXPARAM_MIP_Strategy_HeuristicFreq=20
[DEBUG]:[04:18:06] Adding forbidden value from single-element tuple: CPXPARAM_MIP_Strategy_HeuristicFreq=40
[DEBUG]:[04:18:06] Adding forbidden value from single-element tuple: CPXPARAM_MIP_Strategy_HeuristicFreq=100
[DEBUG]:[04:18:06] Adding forbidden value from single-element tuple: CPXPARAM_MIP_Strategy_HeuristicFreq=500
[DEBUG]:[04:18:06] Adding forbidden value from single-element tuple: CPXPARAM_MIP_Strategy_HeuristicFreq=1000
[INFO]:[04:18:06] Pruning applied successfully.
[INFO]:[04:18:06] Pruning phase completed.
[INFO]:[04:18:06] Completed iteration 7
[INFO]:[04:18:06] Starting iteration 8
[INFO]:[04:18:06] Starting exploration phase...
[INFO]:[04:18:06] Selecting number of evaluations for tuning phase...
[INFO]:[04:18:06] Selecting initial configurations for tuning phase...
[INFO]:[04:18:06] Using worker 0 best exploration configuration without MIP start as master ILS initial configuration.
[INFO]:[04:18:06] Using global best exploration configuration without MIP start as worker 1 ILS initial configuration.
[INFO]:[04:18:06] Number of evaluations for this tuning phase: 30
[INFO]:[04:18:06] ILS shared cache is disabled for this exploration phase.
[INFO]:[04:18:06] Local search backend for this exploration phase: iterated_local_search
[INFO]:[04:18:06] Running IteratedLocalSearch Engine...
[INFO]:[04:18:06] Mip start is disabled for this iteration.
[INFO]:[04:18:06] Writing ILS search space file for worker 0...
[INFO]:[04:18:06] Warning: Initial value for parameter CPXPARAM_MIP_Cuts_Cliques is forbidden. So unforbidden it for the ILS initial configuration at iteration 8.
[INFO]:[04:18:06] Warning: Initial value for parameter CPXPARAM_MIP_Cuts_FlowCovers is forbidden. So unforbidden it for the ILS initial configuration at iteration 8.
[INFO]:[04:18:06] Warning: Initial value for parameter CPXPARAM_MIP_Cuts_Gomory is forbidden. So unforbidden it for the ILS initial configuration at iteration 8.
[INFO]:[04:18:06] ILS search space file written: /scratch/yorig/mpils-results-grid-ticks-10000-7may/medium-2/24proc-4pils/seed-2/6_sorrell3_seed-2_20260510_041416/iterated_local_search/search_space/search_space_file_8.txt
[INFO]:[04:18:06] Writing ILS search space file for worker 1...
[INFO]:[04:18:06] Warning: Initial value for parameter CPXPARAM_MIP_Cuts_Cliques is forbidden. So unforbidden it for the ILS initial configuration at iteration 8.
[INFO]:[04:18:06] ILS search space file written: /scratch/yorig/mpils-results-grid-ticks-10000-7may/medium-2/24proc-4pils/seed-2/6_sorrell3_seed-2_20260510_041416/iterated_local_search/search_space/search_space_file_8_worker_1.txt
[INFO]:[04:18:06] Writing ILS search space file for worker 2...
[INFO]:[04:18:06] Warning: Initial value for parameter CPXPARAM_MIP_Cuts_Cliques is forbidden. So unforbidden it for the ILS initial configuration at iteration 8.
[INFO]:[04:18:06] Warning: Initial value for parameter CPXPARAM_MIP_Strategy_Probe is forbidden. So unforbidden it for the ILS initial configuration at iteration 8.
[INFO]:[04:18:06] ILS search space file written: /scratch/yorig/mpils-results-grid-ticks-10000-7may/medium-2/24proc-4pils/seed-2/6_sorrell3_seed-2_20260510_041416/iterated_local_search/search_space/search_space_file_8_worker_2.txt
[INFO]:[04:18:06] Writing ILS search space file for worker 3...
[INFO]:[04:18:06] Warning: Initial value for parameter CPXPARAM_MIP_Cuts_Cliques is forbidden. So unforbidden it for the ILS initial configuration at iteration 8.
[INFO]:[04:18:06] Warning: Initial configuration contains a forbidden tuple. So unforbidden it for ILS at iteration 8.
[INFO]:[04:18:06] ILS search space file written: /scratch/yorig/mpils-results-grid-ticks-10000-7may/medium-2/24proc-4pils/seed-2/6_sorrell3_seed-2_20260510_041416/iterated_local_search/search_space/search_space_file_8_worker_3.txt
[INFO]:[04:18:06] Writing ILS search space file for worker 4...
[INFO]:[04:18:06] Warning: Initial value for parameter CPXPARAM_Emphasis_MIP is forbidden. So unforbidden it for the ILS initial configuration at iteration 8.
[INFO]:[04:18:06] Warning: Initial value for parameter CPXPARAM_MIP_Cuts_Cliques is forbidden. So unforbidden it for the ILS initial configuration at iteration 8.
[INFO]:[04:18:06] Warning: Initial value for parameter CPXPARAM_MIP_Cuts_Gomory is forbidden. So unforbidden it for the ILS initial configuration at iteration 8.
[INFO]:[04:18:06] Warning: Initial value for parameter CPXPARAM_MIP_Strategy_Probe is forbidden. So unforbidden it for the ILS initial configuration at iteration 8.
[INFO]:[04:18:06] Warning: Initial configuration contains a forbidden tuple. So unforbidden it for ILS at iteration 8.
[INFO]:[04:18:06] Warning: Initial configuration contains a forbidden tuple. So unforbidden it for ILS at iteration 8.
[INFO]:[04:18:06] ILS search space file written: /scratch/yorig/mpils-results-grid-ticks-10000-7may/medium-2/24proc-4pils/seed-2/6_sorrell3_seed-2_20260510_041416/iterated_local_search/search_space/search_space_file_8_worker_4.txt
[INFO]:[04:18:06] Writing ILS search space file for worker 5...
[INFO]:[04:18:06] Warning: Initial value for parameter CPXPARAM_Emphasis_MIP is forbidden. So unforbidden it for the ILS initial configuration at iteration 8.
[INFO]:[04:18:06] Warning: Initial value for parameter CPXPARAM_MIP_Cuts_Cliques is forbidden. So unforbidden it for the ILS initial configuration at iteration 8.
[INFO]:[04:18:06] Warning: Initial value for parameter CPXPARAM_MIP_Cuts_FlowCovers is forbidden. So unforbidden it for the ILS initial configuration at iteration 8.
[INFO]:[04:18:06] Warning: Initial value for parameter CPXPARAM_MIP_Cuts_Gomory is forbidden. So unforbidden it for the ILS initial configuration at iteration 8.
[INFO]:[04:18:06] Warning: Initial value for parameter CPXPARAM_MIP_Strategy_Probe is forbidden. So unforbidden it for the ILS initial configuration at iteration 8.
[INFO]:[04:18:06] Warning: Initial configuration contains a forbidden tuple. So unforbidden it for ILS at iteration 8.
[INFO]:[04:18:06] Warning: Initial configuration contains a forbidden tuple. So unforbidden it for ILS at iteration 8.
[INFO]:[04:18:06] ILS search space file written: /scratch/yorig/mpils-results-grid-ticks-10000-7may/medium-2/24proc-4pils/seed-2/6_sorrell3_seed-2_20260510_041416/iterated_local_search/search_space/search_space_file_8_worker_5.txt
[INFO]:[04:18:06] Writing ILS search space file for worker 6...
[INFO]:[04:18:06] Warning: Initial value for parameter CPXPARAM_MIP_Cuts_Cliques is forbidden. So unforbidden it for the ILS initial configuration at iteration 8.
[INFO]:[04:18:06] ILS search space file written: /scratch/yorig/mpils-results-grid-ticks-10000-7may/medium-2/24proc-4pils/seed-2/6_sorrell3_seed-2_20260510_041416/iterated_local_search/search_space/search_space_file_8_worker_6.txt
[INFO]:[04:18:06] Writing ILS search space file for worker 7...
[INFO]:[04:18:06] Warning: Initial value for parameter CPXPARAM_MIP_Cuts_Cliques is forbidden. So unforbidden it for the ILS initial configuration at iteration 8.
[INFO]:[04:18:06] Warning: Initial value for parameter CPXPARAM_MIP_Cuts_Gomory is forbidden. So unforbidden it for the ILS initial configuration at iteration 8.
[INFO]:[04:18:06] Warning: Initial value for parameter CPXPARAM_MIP_Strategy_VariableSelect is forbidden. So unforbidden it for the ILS initial configuration at iteration 8.
[INFO]:[04:18:06] Warning: Initial configuration contains a forbidden tuple. So unforbidden it for ILS at iteration 8.
[INFO]:[04:18:06] ILS search space file written: /scratch/yorig/mpils-results-grid-ticks-10000-7may/medium-2/24proc-4pils/seed-2/6_sorrell3_seed-2_20260510_041416/iterated_local_search/search_space/search_space_file_8_worker_7.txt
[INFO]:[04:18:06] Writing ILS search space file for worker 8...
[INFO]:[04:18:06] Warning: Initial value for parameter CPXPARAM_MIP_Cuts_Cliques is forbidden. So unforbidden it for the ILS initial configuration at iteration 8.
[INFO]:[04:18:06] Warning: Initial value for parameter CPXPARAM_MIP_Cuts_Gomory is forbidden. So unforbidden it for the ILS initial configuration at iteration 8.
[INFO]:[04:18:06] Warning: Initial value for parameter CPXPARAM_MIP_Strategy_Probe is forbidden. So unforbidden it for the ILS initial configuration at iteration 8.
[INFO]:[04:18:06] Warning: Initial value for parameter CPXPARAM_MIP_Strategy_VariableSelect is forbidden. So unforbidden it for the ILS initial configuration at iteration 8.
[INFO]:[04:18:06] ILS search space file written: /scratch/yorig/mpils-results-grid-ticks-10000-7may/medium-2/24proc-4pils/seed-2/6_sorrell3_seed-2_20260510_041416/iterated_local_search/search_space/search_space_file_8_worker_8.txt
[INFO]:[04:18:06] Writing ILS search space file for worker 9...
[INFO]:[04:18:06] Warning: Initial value for parameter CPXPARAM_Emphasis_MIP is forbidden. So unforbidden it for the ILS initial configuration at iteration 8.
[INFO]:[04:18:06] Warning: Initial value for parameter CPXPARAM_MIP_Cuts_Cliques is forbidden. So unforbidden it for the ILS initial configuration at iteration 8.
[INFO]:[04:18:06] Warning: Initial configuration contains a forbidden tuple. So unforbidden it for ILS at iteration 8.
[INFO]:[04:18:06] Warning: Initial configuration contains a forbidden tuple. So unforbidden it for ILS at iteration 8.
[INFO]:[04:18:06] Warning: Initial configuration contains a forbidden tuple. So unforbidden it for ILS at iteration 8.
[INFO]:[04:18:06] Warning: Initial configuration contains a forbidden tuple. So unforbidden it for ILS at iteration 8.
[INFO]:[04:18:06] Warning: Initial configuration contains a forbidden tuple. So unforbidden it for ILS at iteration 8.
[INFO]:[04:18:06] ILS search space file written: /scratch/yorig/mpils-results-grid-ticks-10000-7may/medium-2/24proc-4pils/seed-2/6_sorrell3_seed-2_20260510_041416/iterated_local_search/search_space/search_space_file_8_worker_9.txt
[INFO]:[04:18:06] Writing ILS search space file for worker 10...
[INFO]:[04:18:06] Warning: Initial value for parameter CPXPARAM_Emphasis_MIP is forbidden. So unforbidden it for the ILS initial configuration at iteration 8.
[INFO]:[04:18:06] Warning: Initial value for parameter CPXPARAM_MIP_Cuts_Cliques is forbidden. So unforbidden it for the ILS initial configuration at iteration 8.
[INFO]:[04:18:06] Warning: Initial configuration contains a forbidden tuple. So unforbidden it for ILS at iteration 8.
[INFO]:[04:18:06] Warning: Initial configuration contains a forbidden tuple. So unforbidden it for ILS at iteration 8.
[INFO]:[04:18:06] Warning: Initial configuration contains a forbidden tuple. So unforbidden it for ILS at iteration 8.
[INFO]:[04:18:06] Warning: Initial configuration contains a forbidden tuple. So unforbidden it for ILS at iteration 8.
[INFO]:[04:18:06] Warning: Initial configuration contains a forbidden tuple. So unforbidden it for ILS at iteration 8.
[INFO]:[04:18:06] Warning: Initial configuration contains a forbidden tuple. So unforbidden it for ILS at iteration 8.
[INFO]:[04:18:06] Warning: Initial configuration contains a forbidden tuple. So unforbidden it for ILS at iteration 8.
[INFO]:[04:18:06] Warning: Initial configuration contains a forbidden tuple. So unforbidden it for ILS at iteration 8.
[INFO]:[04:18:06] ILS search space file written: /scratch/yorig/mpils-results-grid-ticks-10000-7may/medium-2/24proc-4pils/seed-2/6_sorrell3_seed-2_20260510_041416/iterated_local_search/search_space/search_space_file_8_worker_10.txt
[INFO]:[04:18:06] Writing ILS search space file for worker 11...
[INFO]:[04:18:06] Warning: Initial value for parameter CPXPARAM_Emphasis_MIP is forbidden. So unforbidden it for the ILS initial configuration at iteration 8.
[INFO]:[04:18:06] Warning: Initial value for parameter CPXPARAM_MIP_Cuts_Gomory is forbidden. So unforbidden it for the ILS initial configuration at iteration 8.
[INFO]:[04:18:06] Warning: Initial value for parameter CPXPARAM_MIP_Strategy_Probe is forbidden. So unforbidden it for the ILS initial configuration at iteration 8.
[INFO]:[04:18:06] Warning: Initial configuration contains a forbidden tuple. So unforbidden it for ILS at iteration 8.
[INFO]:[04:18:06] Warning: Initial configuration contains a forbidden tuple. So unforbidden it for ILS at iteration 8.
[INFO]:[04:18:06] Warning: Initial configuration contains a forbidden tuple. So unforbidden it for ILS at iteration 8.
[INFO]:[04:18:06] ILS search space file written: /scratch/yorig/mpils-results-grid-ticks-10000-7may/medium-2/24proc-4pils/seed-2/6_sorrell3_seed-2_20260510_041416/iterated_local_search/search_space/search_space_file_8_worker_11.txt
[INFO]:[04:18:06] Writing ILS search space file for worker 12...
[INFO]:[04:18:06] Warning: Initial value for parameter CPXPARAM_MIP_Cuts_Cliques is forbidden. So unforbidden it for the ILS initial configuration at iteration 8.
[INFO]:[04:18:06] Warning: Initial value for parameter CPXPARAM_MIP_Cuts_Gomory is forbidden. So unforbidden it for the ILS initial configuration at iteration 8.
[INFO]:[04:18:06] Warning: Initial value for parameter CPXPARAM_MIP_Strategy_Probe is forbidden. So unforbidden it for the ILS initial configuration at iteration 8.
[INFO]:[04:18:06] Warning: Initial configuration contains a forbidden tuple. So unforbidden it for ILS at iteration 8.
[INFO]:[04:18:06] ILS search space file written: /scratch/yorig/mpils-results-grid-ticks-10000-7may/medium-2/24proc-4pils/seed-2/6_sorrell3_seed-2_20260510_041416/iterated_local_search/search_space/search_space_file_8_worker_12.txt
[INFO]:[04:18:06] Writing ILS search space file for worker 13...
[INFO]:[04:18:06] Warning: Initial value for parameter CPXPARAM_MIP_Cuts_Cliques is forbidden. So unforbidden it for the ILS initial configuration at iteration 8.
[INFO]:[04:18:06] Warning: Initial value for parameter CPXPARAM_MIP_Strategy_VariableSelect is forbidden. So unforbidden it for the ILS initial configuration at iteration 8.
[INFO]:[04:18:06] Warning: Initial configuration contains a forbidden tuple. So unforbidden it for ILS at iteration 8.
[INFO]:[04:18:06] ILS search space file written: /scratch/yorig/mpils-results-grid-ticks-10000-7may/medium-2/24proc-4pils/seed-2/6_sorrell3_seed-2_20260510_041416/iterated_local_search/search_space/search_space_file_8_worker_13.txt
[INFO]:[04:18:06] Writing ILS search space file for worker 14...
[INFO]:[04:18:06] Warning: Initial value for parameter CPXPARAM_MIP_Cuts_Cliques is forbidden. So unforbidden it for the ILS initial configuration at iteration 8.
[INFO]:[04:18:06] Warning: Initial value for parameter CPXPARAM_MIP_Cuts_FlowCovers is forbidden. So unforbidden it for the ILS initial configuration at iteration 8.
[INFO]:[04:18:06] Warning: Initial value for parameter CPXPARAM_MIP_Strategy_VariableSelect is forbidden. So unforbidden it for the ILS initial configuration at iteration 8.
[INFO]:[04:18:06] Warning: Initial configuration contains a forbidden tuple. So unforbidden it for ILS at iteration 8.
[INFO]:[04:18:06] ILS search space file written: /scratch/yorig/mpils-results-grid-ticks-10000-7may/medium-2/24proc-4pils/seed-2/6_sorrell3_seed-2_20260510_041416/iterated_local_search/search_space/search_space_file_8_worker_14.txt
[INFO]:[04:18:06] Writing ILS search space file for worker 15...
[INFO]:[04:18:06] Warning: Initial value for parameter CPXPARAM_MIP_Cuts_Cliques is forbidden. So unforbidden it for the ILS initial configuration at iteration 8.
[INFO]:[04:18:06] Warning: Initial value for parameter CPXPARAM_MIP_Cuts_Gomory is forbidden. So unforbidden it for the ILS initial configuration at iteration 8.
[INFO]:[04:18:06] Warning: Initial value for parameter CPXPARAM_MIP_Strategy_VariableSelect is forbidden. So unforbidden it for the ILS initial configuration at iteration 8.
[INFO]:[04:18:06] Warning: Initial configuration contains a forbidden tuple. So unforbidden it for ILS at iteration 8.
[INFO]:[04:18:06] ILS search space file written: /scratch/yorig/mpils-results-grid-ticks-10000-7may/medium-2/24proc-4pils/seed-2/6_sorrell3_seed-2_20260510_041416/iterated_local_search/search_space/search_space_file_8_worker_15.txt
[INFO]:[04:18:06] Writing ILS search space file for worker 16...
[INFO]:[04:18:06] Warning: Initial value for parameter CPXPARAM_Emphasis_MIP is forbidden. So unforbidden it for the ILS initial configuration at iteration 8.
[INFO]:[04:18:06] Warning: Initial value for parameter CPXPARAM_MIP_Cuts_Cliques is forbidden. So unforbidden it for the ILS initial configuration at iteration 8.
[INFO]:[04:18:06] Warning: Initial configuration contains a forbidden tuple. So unforbidden it for ILS at iteration 8.
[INFO]:[04:18:06] Warning: Initial configuration contains a forbidden tuple. So unforbidden it for ILS at iteration 8.
[INFO]:[04:18:06] Warning: Initial configuration contains a forbidden tuple. So unforbidden it for ILS at iteration 8.
[INFO]:[04:18:06] Warning: Initial configuration contains a forbidden tuple. So unforbidden it for ILS at iteration 8.
[INFO]:[04:18:06] ILS search space file written: /scratch/yorig/mpils-results-grid-ticks-10000-7may/medium-2/24proc-4pils/seed-2/6_sorrell3_seed-2_20260510_041416/iterated_local_search/search_space/search_space_file_8_worker_16.txt
[INFO]:[04:18:06] Writing ILS search space file for worker 17...
[INFO]:[04:18:06] Warning: Initial value for parameter CPXPARAM_Emphasis_MIP is forbidden. So unforbidden it for the ILS initial configuration at iteration 8.
[INFO]:[04:18:06] Warning: Initial value for parameter CPXPARAM_MIP_Cuts_Cliques is forbidden. So unforbidden it for the ILS initial configuration at iteration 8.
[INFO]:[04:18:06] Warning: Initial value for parameter CPXPARAM_MIP_Strategy_Probe is forbidden. So unforbidden it for the ILS initial configuration at iteration 8.
[INFO]:[04:18:06] Warning: Initial configuration contains a forbidden tuple. So unforbidden it for ILS at iteration 8.
[INFO]:[04:18:06] Warning: Initial configuration contains a forbidden tuple. So unforbidden it for ILS at iteration 8.
[INFO]:[04:18:06] ILS search space file written: /scratch/yorig/mpils-results-grid-ticks-10000-7may/medium-2/24proc-4pils/seed-2/6_sorrell3_seed-2_20260510_041416/iterated_local_search/search_space/search_space_file_8_worker_17.txt
[INFO]:[04:18:06] Writing ILS search space file for worker 18...
[INFO]:[04:18:06] Warning: Initial value for parameter CPXPARAM_MIP_Cuts_Cliques is forbidden. So unforbidden it for the ILS initial configuration at iteration 8.
[INFO]:[04:18:06] ILS search space file written: /scratch/yorig/mpils-results-grid-ticks-10000-7may/medium-2/24proc-4pils/seed-2/6_sorrell3_seed-2_20260510_041416/iterated_local_search/search_space/search_space_file_8_worker_18.txt
[INFO]:[04:18:06] Writing ILS search space file for worker 19...
[INFO]:[04:18:06] Warning: Initial value for parameter CPXPARAM_MIP_Cuts_Cliques is forbidden. So unforbidden it for the ILS initial configuration at iteration 8.
[INFO]:[04:18:06] Warning: Initial value for parameter CPXPARAM_MIP_Cuts_FlowCovers is forbidden. So unforbidden it for the ILS initial configuration at iteration 8.
[INFO]:[04:18:06] Warning: Initial configuration contains a forbidden tuple. So unforbidden it for ILS at iteration 8.
[INFO]:[04:18:06] Warning: Initial configuration contains a forbidden tuple. So unforbidden it for ILS at iteration 8.
[INFO]:[04:18:06] ILS search space file written: /scratch/yorig/mpils-results-grid-ticks-10000-7may/medium-2/24proc-4pils/seed-2/6_sorrell3_seed-2_20260510_041416/iterated_local_search/search_space/search_space_file_8_worker_19.txt
[INFO]:[04:18:06] Writing ILS search space file for worker 20...
[INFO]:[04:18:06] Warning: Initial value for parameter CPXPARAM_Emphasis_MIP is forbidden. So unforbidden it for the ILS initial configuration at iteration 8.
[INFO]:[04:18:06] Warning: Initial value for parameter CPXPARAM_MIP_Cuts_Cliques is forbidden. So unforbidden it for the ILS initial configuration at iteration 8.
[INFO]:[04:18:06] Warning: Initial value for parameter CPXPARAM_MIP_Cuts_Gomory is forbidden. So unforbidden it for the ILS initial configuration at iteration 8.
[INFO]:[04:18:06] Warning: Initial value for parameter CPXPARAM_MIP_Strategy_VariableSelect is forbidden. So unforbidden it for the ILS initial configuration at iteration 8.
[INFO]:[04:18:06] Warning: Initial configuration contains a forbidden tuple. So unforbidden it for ILS at iteration 8.
[INFO]:[04:18:06] Warning: Initial configuration contains a forbidden tuple. So unforbidden it for ILS at iteration 8.
[INFO]:[04:18:06] Warning: Initial configuration contains a forbidden tuple. So unforbidden it for ILS at iteration 8.
[INFO]:[04:18:06] Warning: Initial configuration contains a forbidden tuple. So unforbidden it for ILS at iteration 8.
[INFO]:[04:18:06] Warning: Initial configuration contains a forbidden tuple. So unforbidden it for ILS at iteration 8.
[INFO]:[04:18:06] Warning: Initial configuration contains a forbidden tuple. So unforbidden it for ILS at iteration 8.
[INFO]:[04:18:06] Warning: Initial configuration contains a forbidden tuple. So unforbidden it for ILS at iteration 8.
[INFO]:[04:18:06] Warning: Initial configuration contains a forbidden tuple. So unforbidden it for ILS at iteration 8.
[INFO]:[04:18:06] Warning: Initial configuration contains a forbidden tuple. So unforbidden it for ILS at iteration 8.
[INFO]:[04:18:06] ILS search space file written: /scratch/yorig/mpils-results-grid-ticks-10000-7may/medium-2/24proc-4pils/seed-2/6_sorrell3_seed-2_20260510_041416/iterated_local_search/search_space/search_space_file_8_worker_20.txt
[INFO]:[04:18:06] Writing ILS search space file for worker 21...
[INFO]:[04:18:06] Warning: Initial value for parameter CPXPARAM_MIP_Cuts_Cliques is forbidden. So unforbidden it for the ILS initial configuration at iteration 8.
[INFO]:[04:18:06] Warning: Initial value for parameter CPXPARAM_MIP_Strategy_VariableSelect is forbidden. So unforbidden it for the ILS initial configuration at iteration 8.
[INFO]:[04:18:06] ILS search space file written: /scratch/yorig/mpils-results-grid-ticks-10000-7may/medium-2/24proc-4pils/seed-2/6_sorrell3_seed-2_20260510_041416/iterated_local_search/search_space/search_space_file_8_worker_21.txt
[INFO]:[04:18:06] Writing ILS search space file for worker 22...
[INFO]:[04:18:06] Warning: Initial value for parameter CPXPARAM_Emphasis_MIP is forbidden. So unforbidden it for the ILS initial configuration at iteration 8.
[INFO]:[04:18:06] Warning: Initial value for parameter CPXPARAM_MIP_Cuts_Cliques is forbidden. So unforbidden it for the ILS initial configuration at iteration 8.
[INFO]:[04:18:06] Warning: Initial value for parameter CPXPARAM_MIP_Cuts_FlowCovers is forbidden. So unforbidden it for the ILS initial configuration at iteration 8.
[INFO]:[04:18:06] Warning: Initial configuration contains a forbidden tuple. So unforbidden it for ILS at iteration 8.
[INFO]:[04:18:06] Warning: Initial configuration contains a forbidden tuple. So unforbidden it for ILS at iteration 8.
[INFO]:[04:18:06] ILS search space file written: /scratch/yorig/mpils-results-grid-ticks-10000-7may/medium-2/24proc-4pils/seed-2/6_sorrell3_seed-2_20260510_041416/iterated_local_search/search_space/search_space_file_8_worker_22.txt
[INFO]:[04:18:06] Writing ILS search space file for worker 23...
[INFO]:[04:18:06] Warning: Initial value for parameter CPXPARAM_Emphasis_MIP is forbidden. So unforbidden it for the ILS initial configuration at iteration 8.
[INFO]:[04:18:06] Warning: Initial value for parameter CPXPARAM_MIP_Cuts_Gomory is forbidden. So unforbidden it for the ILS initial configuration at iteration 8.
[INFO]:[04:18:06] Warning: Initial value for parameter CPXPARAM_MIP_Strategy_Probe is forbidden. So unforbidden it for the ILS initial configuration at iteration 8.
[INFO]:[04:18:06] Warning: Initial configuration contains a forbidden tuple. So unforbidden it for ILS at iteration 8.
[INFO]:[04:18:06] Warning: Initial configuration contains a forbidden tuple. So unforbidden it for ILS at iteration 8.
[INFO]:[04:18:06] ILS search space file written: /scratch/yorig/mpils-results-grid-ticks-10000-7may/medium-2/24proc-4pils/seed-2/6_sorrell3_seed-2_20260510_041416/iterated_local_search/search_space/search_space_file_8_worker_23.txt
[INFO]:[04:18:06] Launching Local Search Workers via MPI...
[INFO]:[04:18:06] Local Search Workers launched.
[INFO]:[04:18:06] Starting local search phase...
[INFO]:[04:18:06] Creating local search space from parameter space file: /scratch/yorig/mpils-results-grid-ticks-10000-7may/medium-2/24proc-4pils/seed-2/6_sorrell3_seed-2_20260510_041416/iterated_local_search/search_space/search_space_file_8.txt
[INFO]:[04:18:06] Local search space loaded from file: /scratch/yorig/mpils-results-grid-ticks-10000-7may/medium-2/24proc-4pils/seed-2/6_sorrell3_seed-2_20260510_041416/iterated_local_search/search_space/search_space_file_8.txt
[INFO]:[04:18:06] Number of parameters in local search space: 71
[INFO]:[04:18:06] Number of forbidden tuples in local search space: 69
[INFO]:[04:18:06] Number of conditionals in local search space: 6
[INFO]:[04:18:06] MIP start option not enabled. Local search will proceed without MIP start.
[INFO]:[04:18:06] Seeded initial configuration into local search cache with known objective value: 33.27
[INFO]:[04:18:06] Starting CPLEX solver on instance: /home/yorig/tuner/mpils-tests/instances/miplib/medium-2/sorrell3.mps with config: /scratch/yorig/mpils-results-grid-ticks-10000-7may/medium-2/24proc-4pils/seed-2/6_sorrell3_seed-2_20260510_041416/iterated_local_search/run_8_worker_0/ils_config_14053420088270566333.prm
[INFO]:[04:18:06] Starting CPLEX solver on instance: /home/yorig/tuner/mpils-tests/instances/miplib/medium-2/sorrell3.mps with config: /scratch/yorig/mpils-results-grid-ticks-10000-7may/medium-2/24proc-4pils/seed-2/6_sorrell3_seed-2_20260510_041416/iterated_local_search/run_8_worker_0/ils_config_14053420088270566333.prm
[INFO]:[04:18:12] CPLEX results. Gap: 33.270000, upper bound: -15.000000, lower bound: -19.990665
[INFO]:[04:18:12] CPLEX solver finished. Gap: 33.270000
[INFO]:[04:18:12] Starting CPLEX solver on instance: /home/yorig/tuner/mpils-tests/instances/miplib/medium-2/sorrell3.mps with config: /scratch/yorig/mpils-results-grid-ticks-10000-7may/medium-2/24proc-4pils/seed-2/6_sorrell3_seed-2_20260510_041416/iterated_local_search/run_8_worker_0/ils_config_13128550272582209440.prm
[INFO]:[04:18:12] Starting CPLEX solver on instance: /home/yorig/tuner/mpils-tests/instances/miplib/medium-2/sorrell3.mps with config: /scratch/yorig/mpils-results-grid-ticks-10000-7may/medium-2/24proc-4pils/seed-2/6_sorrell3_seed-2_20260510_041416/iterated_local_search/run_8_worker_0/ils_config_13128550272582209440.prm
[INFO]:[04:18:19] CPLEX results. Gap: 33.270000, upper bound: -15.000000, lower bound: -19.990665
[INFO]:[04:18:19] CPLEX solver finished. Gap: 33.270000
[INFO]:[04:18:19] New incumbent found with objective value: 32.53
[INFO]:[04:18:19] Starting CPLEX solver on instance: /home/yorig/tuner/mpils-tests/instances/miplib/medium-2/sorrell3.mps with config: /scratch/yorig/mpils-results-grid-ticks-10000-7may/medium-2/24proc-4pils/seed-2/6_sorrell3_seed-2_20260510_041416/iterated_local_search/run_8_worker_0/ils_config_4926672825181183967.prm
[INFO]:[04:18:19] Starting CPLEX solver on instance: /home/yorig/tuner/mpils-tests/instances/miplib/medium-2/sorrell3.mps with config: /scratch/yorig/mpils-results-grid-ticks-10000-7may/medium-2/24proc-4pils/seed-2/6_sorrell3_seed-2_20260510_041416/iterated_local_search/run_8_worker_0/ils_config_4926672825181183967.prm
[INFO]:[04:18:25] CPLEX results. Gap: 32.530000, upper bound: -15.000000, lower bound: -19.879076
[INFO]:[04:18:25] CPLEX solver finished. Gap: 32.530000
[INFO]:[04:18:25] Starting CPLEX solver on instance: /home/yorig/tuner/mpils-tests/instances/miplib/medium-2/sorrell3.mps with config: /scratch/yorig/mpils-results-grid-ticks-10000-7may/medium-2/24proc-4pils/seed-2/6_sorrell3_seed-2_20260510_041416/iterated_local_search/run_8_worker_0/ils_config_4133259864663075382.prm
[INFO]:[04:18:25] Starting CPLEX solver on instance: /home/yorig/tuner/mpils-tests/instances/miplib/medium-2/sorrell3.mps with config: /scratch/yorig/mpils-results-grid-ticks-10000-7may/medium-2/24proc-4pils/seed-2/6_sorrell3_seed-2_20260510_041416/iterated_local_search/run_8_worker_0/ils_config_4133259864663075382.prm
[INFO]:[04:18:31] CPLEX results. Gap: 32.530000, upper bound: -15.000000, lower bound: -19.879076
[INFO]:[04:18:31] CPLEX solver finished. Gap: 32.530000
[INFO]:[04:18:31] New incumbent found with objective value: 32.12
[INFO]:[04:18:31] Starting CPLEX solver on instance: /home/yorig/tuner/mpils-tests/instances/miplib/medium-2/sorrell3.mps with config: /scratch/yorig/mpils-results-grid-ticks-10000-7may/medium-2/24proc-4pils/seed-2/6_sorrell3_seed-2_20260510_041416/iterated_local_search/run_8_worker_0/ils_config_3891103038658437232.prm
[INFO]:[04:18:31] Starting CPLEX solver on instance: /home/yorig/tuner/mpils-tests/instances/miplib/medium-2/sorrell3.mps with config: /scratch/yorig/mpils-results-grid-ticks-10000-7may/medium-2/24proc-4pils/seed-2/6_sorrell3_seed-2_20260510_041416/iterated_local_search/run_8_worker_0/ils_config_3891103038658437232.prm
[INFO]:[04:18:37] CPLEX results. Gap: 32.120000, upper bound: -15.000000, lower bound: -19.817619
[INFO]:[04:18:37] CPLEX solver finished. Gap: 32.120000
[INFO]:[04:18:37] Starting CPLEX solver on instance: /home/yorig/tuner/mpils-tests/instances/miplib/medium-2/sorrell3.mps with config: /scratch/yorig/mpils-results-grid-ticks-10000-7may/medium-2/24proc-4pils/seed-2/6_sorrell3_seed-2_20260510_041416/iterated_local_search/run_8_worker_0/ils_config_5524080540690815790.prm
[INFO]:[04:18:37] Starting CPLEX solver on instance: /home/yorig/tuner/mpils-tests/instances/miplib/medium-2/sorrell3.mps with config: /scratch/yorig/mpils-results-grid-ticks-10000-7may/medium-2/24proc-4pils/seed-2/6_sorrell3_seed-2_20260510_041416/iterated_local_search/run_8_worker_0/ils_config_5524080540690815790.prm
[INFO]:[04:18:43] CPLEX results. Gap: 32.120000, upper bound: -15.000000, lower bound: -19.817619
[INFO]:[04:18:43] CPLEX solver finished. Gap: 32.120000
[INFO]:[04:18:43] Starting CPLEX solver on instance: /home/yorig/tuner/mpils-tests/instances/miplib/medium-2/sorrell3.mps with config: /scratch/yorig/mpils-results-grid-ticks-10000-7may/medium-2/24proc-4pils/seed-2/6_sorrell3_seed-2_20260510_041416/iterated_local_search/run_8_worker_0/ils_config_17516876648541526780.prm
[INFO]:[04:18:43] Starting CPLEX solver on instance: /home/yorig/tuner/mpils-tests/instances/miplib/medium-2/sorrell3.mps with config: /scratch/yorig/mpils-results-grid-ticks-10000-7may/medium-2/24proc-4pils/seed-2/6_sorrell3_seed-2_20260510_041416/iterated_local_search/run_8_worker_0/ils_config_17516876648541526780.prm
[INFO]:[04:18:48] CPLEX results. Gap: 32.120000, upper bound: -15.000000, lower bound: -19.817619
[INFO]:[04:18:48] CPLEX solver finished. Gap: 32.120000
[INFO]:[04:18:48] Starting CPLEX solver on instance: /home/yorig/tuner/mpils-tests/instances/miplib/medium-2/sorrell3.mps with config: /scratch/yorig/mpils-results-grid-ticks-10000-7may/medium-2/24proc-4pils/seed-2/6_sorrell3_seed-2_20260510_041416/iterated_local_search/run_8_worker_0/ils_config_1632626893815130269.prm
[INFO]:[04:18:48] Starting CPLEX solver on instance: /home/yorig/tuner/mpils-tests/instances/miplib/medium-2/sorrell3.mps with config: /scratch/yorig/mpils-results-grid-ticks-10000-7may/medium-2/24proc-4pils/seed-2/6_sorrell3_seed-2_20260510_041416/iterated_local_search/run_8_worker_0/ils_config_1632626893815130269.prm
[INFO]:[04:18:54] CPLEX results. Gap: 32.120000, upper bound: -15.000000, lower bound: -19.817619
[INFO]:[04:18:54] CPLEX solver finished. Gap: 32.120000
[INFO]:[04:18:54] Local search phase completed.
[INFO]:[04:18:54] Total number of new local-search evaluations: 32
[INFO]:[04:18:54] Final incumbent objective value: 32.12
[INFO]:[04:18:54] recordEvaluation produced_mip_start=0 mip_start_file=''
[DEBUG]:[04:18:54] Added evaluation to memory with objective: 33.27, ConfigId: 14053420088270566333, EvalId: 715. Total evaluations stored: 715
[INFO]:[04:18:54] recordEvaluation produced_mip_start=0 mip_start_file=''
[DEBUG]:[04:18:54] Added evaluation to memory with objective: 33.27, ConfigId: 10804972737025078269, EvalId: 716. Total evaluations stored: 716
[INFO]:[04:18:54] recordEvaluation produced_mip_start=0 mip_start_file=''
[DEBUG]:[04:18:54] Added evaluation to memory with objective: 36.56, ConfigId: 7972724567459446560, EvalId: 717. Total evaluations stored: 717
[INFO]:[04:18:54] recordEvaluation produced_mip_start=0 mip_start_file=''
[DEBUG]:[04:18:54] Added evaluation to memory with objective: 33.27, ConfigId: 13792264024182173013, EvalId: 718. Total evaluations stored: 718
[INFO]:[04:18:54] recordEvaluation produced_mip_start=0 mip_start_file=''
[DEBUG]:[04:18:54] Added evaluation to memory with objective: 33.27, ConfigId: 13128550272582209440, EvalId: 719. Total evaluations stored: 719
[INFO]:[04:18:54] recordEvaluation produced_mip_start=0 mip_start_file=''
[DEBUG]:[04:18:54] Added evaluation to memory with objective: 33.27, ConfigId: 6598983877176760887, EvalId: 720. Total evaluations stored: 720
[INFO]:[04:18:54] recordEvaluation produced_mip_start=0 mip_start_file=''
[DEBUG]:[04:18:54] Added evaluation to memory with objective: 33.27, ConfigId: 5655695077292458993, EvalId: 721. Total evaluations stored: 721
[INFO]:[04:18:54] recordEvaluation produced_mip_start=0 mip_start_file=''
[DEBUG]:[04:18:54] Added evaluation to memory with objective: 32.53, ConfigId: 17155878114930089722, EvalId: 722. Total evaluations stored: 722
[INFO]:[04:18:54] recordEvaluation produced_mip_start=0 mip_start_file=''
[DEBUG]:[04:18:54] Added evaluation to memory with objective: 32.53, ConfigId: 4926672825181183967, EvalId: 723. Total evaluations stored: 723
[INFO]:[04:18:54] recordEvaluation produced_mip_start=0 mip_start_file=''
[DEBUG]:[04:18:54] Added evaluation to memory with objective: 37.47, ConfigId: 3097508538715708626, EvalId: 724. Total evaluations stored: 724
[INFO]:[04:18:54] recordEvaluation produced_mip_start=0 mip_start_file=''
[DEBUG]:[04:18:54] Added evaluation to memory with objective: 32.53, ConfigId: 4048411240875223012, EvalId: 725. Total evaluations stored: 725
[INFO]:[04:18:54] recordEvaluation produced_mip_start=0 mip_start_file=''
[DEBUG]:[04:18:54] Added evaluation to memory with objective: 32.53, ConfigId: 15976189772818404268, EvalId: 726. Total evaluations stored: 726
[INFO]:[04:18:54] recordEvaluation produced_mip_start=0 mip_start_file=''
[DEBUG]:[04:18:54] Added evaluation to memory with objective: 32.53, ConfigId: 4133259864663075382, EvalId: 727. Total evaluations stored: 727
[INFO]:[04:18:54] recordEvaluation produced_mip_start=0 mip_start_file=''
[DEBUG]:[04:18:54] Added evaluation to memory with objective: 32.53, ConfigId: 10311859635343630172, EvalId: 728. Total evaluations stored: 728
[INFO]:[04:18:54] recordEvaluation produced_mip_start=0 mip_start_file=''
[DEBUG]:[04:18:54] Added evaluation to memory with objective: 32.12, ConfigId: 15643093838470275468, EvalId: 729. Total evaluations stored: 729
[INFO]:[04:18:54] recordEvaluation produced_mip_start=0 mip_start_file=''
[DEBUG]:[04:18:54] Added evaluation to memory with objective: 32.53, ConfigId: 6986538217059676419, EvalId: 730. Total evaluations stored: 730
[INFO]:[04:18:54] recordEvaluation produced_mip_start=0 mip_start_file=''
[DEBUG]:[04:18:54] Added evaluation to memory with objective: 32.12, ConfigId: 3891103038658437232, EvalId: 731. Total evaluations stored: 731
[INFO]:[04:18:54] recordEvaluation produced_mip_start=0 mip_start_file=''
[DEBUG]:[04:18:54] Added evaluation to memory with objective: 32.12, ConfigId: 1736022195934418371, EvalId: 732. Total evaluations stored: 732
[INFO]:[04:18:54] recordEvaluation produced_mip_start=0 mip_start_file=''
[DEBUG]:[04:18:54] Added evaluation to memory with objective: 32.53, ConfigId: 7573170744737824234, EvalId: 733. Total evaluations stored: 733
[INFO]:[04:18:54] recordEvaluation produced_mip_start=0 mip_start_file=''
[DEBUG]:[04:18:54] Added evaluation to memory with objective: 32.12, ConfigId: 4177239451909183615, EvalId: 734. Total evaluations stored: 734
[INFO]:[04:18:54] recordEvaluation produced_mip_start=0 mip_start_file=''
[DEBUG]:[04:18:54] Added evaluation to memory with objective: 32.12, ConfigId: 5524080540690815790, EvalId: 735. Total evaluations stored: 735
[INFO]:[04:18:54] recordEvaluation produced_mip_start=0 mip_start_file=''
[DEBUG]:[04:18:54] Added evaluation to memory with objective: 32.12, ConfigId: 4773702577625432937, EvalId: 736. Total evaluations stored: 736
[INFO]:[04:18:54] recordEvaluation produced_mip_start=0 mip_start_file=''
[DEBUG]:[04:18:54] Added evaluation to memory with objective: 32.12, ConfigId: 1103732453552642616, EvalId: 737. Total evaluations stored: 737
[INFO]:[04:18:54] recordEvaluation produced_mip_start=0 mip_start_file=''
[DEBUG]:[04:18:54] Added evaluation to memory with objective: 32.12, ConfigId: 1405033979240869055, EvalId: 738. Total evaluations stored: 738
[INFO]:[04:18:54] recordEvaluation produced_mip_start=0 mip_start_file=''
[DEBUG]:[04:18:54] Added evaluation to memory with objective: 32.12, ConfigId: 17516876648541526780, EvalId: 739. Total evaluations stored: 739
[INFO]:[04:18:54] recordEvaluation produced_mip_start=0 mip_start_file=''
[DEBUG]:[04:18:54] Added evaluation to memory with objective: 32.12, ConfigId: 3768463315897888203, EvalId: 740. Total evaluations stored: 740
[INFO]:[04:18:54] recordEvaluation produced_mip_start=0 mip_start_file=''
[DEBUG]:[04:18:54] Added evaluation to memory with objective: 32.12, ConfigId: 7333048580691694815, EvalId: 741. Total evaluations stored: 741
[INFO]:[04:18:54] recordEvaluation produced_mip_start=0 mip_start_file=''
[DEBUG]:[04:18:54] Added evaluation to memory with objective: 32.12, ConfigId: 14106375627207178002, EvalId: 742. Total evaluations stored: 742
[INFO]:[04:18:54] recordEvaluation produced_mip_start=0 mip_start_file=''
[DEBUG]:[04:18:54] Added evaluation to memory with objective: 32.12, ConfigId: 1632626893815130269, EvalId: 743. Total evaluations stored: 743
[INFO]:[04:18:54] recordEvaluation produced_mip_start=0 mip_start_file=''
[DEBUG]:[04:18:54] Added evaluation to memory with objective: 32.12, ConfigId: 2825284607145204599, EvalId: 744. Total evaluations stored: 744
[INFO]:[04:18:54] recordEvaluation produced_mip_start=0 mip_start_file=''
[DEBUG]:[04:18:54] Added evaluation to memory with objective: 41.73, ConfigId: 6291841590841639970, EvalId: 745. Total evaluations stored: 745
[INFO]:[04:18:54] recordEvaluation produced_mip_start=0 mip_start_file=''
[DEBUG]:[04:18:54] Added evaluation to memory with objective: 32.12, ConfigId: 4226208353084322824, EvalId: 746. Total evaluations stored: 746
[INFO]:[04:18:54] Waiting for Local Search Workers via MPI...
[INFO]:[04:18:57] Local Search Workers have completed.
[INFO]:[04:18:57] recordEvaluation produced_mip_start=0 mip_start_file=''
[DEBUG]:[04:18:57] Added evaluation to memory with objective: 42.92, ConfigId: 2563882160428435289, EvalId: 747. Total evaluations stored: 747
[INFO]:[04:18:57] recordEvaluation produced_mip_start=0 mip_start_file=''
[DEBUG]:[04:18:57] Added evaluation to memory with objective: 42.8, ConfigId: 9455161130104800422, EvalId: 748. Total evaluations stored: 748
[INFO]:[04:18:57] recordEvaluation produced_mip_start=0 mip_start_file=''
[DEBUG]:[04:18:57] Added evaluation to memory with objective: 45.12, ConfigId: 9812754357461766038, EvalId: 749. Total evaluations stored: 749
[INFO]:[04:18:57] recordEvaluation produced_mip_start=0 mip_start_file=''
[DEBUG]:[04:18:57] Added evaluation to memory with objective: 42.92, ConfigId: 8719000739999376172, EvalId: 750. Total evaluations stored: 750
[INFO]:[04:18:57] recordEvaluation produced_mip_start=0 mip_start_file=''
[DEBUG]:[04:18:57] Added evaluation to memory with objective: 42.92, ConfigId: 14324237644932445174, EvalId: 751. Total evaluations stored: 751
[INFO]:[04:18:57] recordEvaluation produced_mip_start=0 mip_start_file=''
[DEBUG]:[04:18:57] Added evaluation to memory with objective: 42.8, ConfigId: 16569933963699936811, EvalId: 752. Total evaluations stored: 752
[INFO]:[04:18:57] recordEvaluation produced_mip_start=0 mip_start_file=''
[DEBUG]:[04:18:57] Added evaluation to memory with objective: 42.8, ConfigId: 4327414341467480950, EvalId: 753. Total evaluations stored: 753
[INFO]:[04:18:57] recordEvaluation produced_mip_start=0 mip_start_file=''
[DEBUG]:[04:18:57] Added evaluation to memory with objective: 42.8, ConfigId: 12692404107202794766, EvalId: 754. Total evaluations stored: 754
[INFO]:[04:18:57] recordEvaluation produced_mip_start=0 mip_start_file=''
[DEBUG]:[04:18:57] Added evaluation to memory with objective: 42.8, ConfigId: 2440486995301341329, EvalId: 755. Total evaluations stored: 755
[INFO]:[04:18:57] recordEvaluation produced_mip_start=0 mip_start_file=''
[DEBUG]:[04:18:57] Added evaluation to memory with objective: 42.8, ConfigId: 861234645716648714, EvalId: 756. Total evaluations stored: 756
[INFO]:[04:18:57] recordEvaluation produced_mip_start=0 mip_start_file=''
[DEBUG]:[04:18:57] Added evaluation to memory with objective: 42.8, ConfigId: 8566632841006319128, EvalId: 757. Total evaluations stored: 757
[INFO]:[04:18:57] recordEvaluation produced_mip_start=0 mip_start_file=''
[DEBUG]:[04:18:57] Added evaluation to memory with objective: 42.8, ConfigId: 13292071715091379698, EvalId: 758. Total evaluations stored: 758
[INFO]:[04:18:57] recordEvaluation produced_mip_start=0 mip_start_file=''
[DEBUG]:[04:18:57] Added evaluation to memory with objective: 42.8, ConfigId: 1735142531012419785, EvalId: 759. Total evaluations stored: 759
[INFO]:[04:18:57] recordEvaluation produced_mip_start=0 mip_start_file=''
[DEBUG]:[04:18:57] Added evaluation to memory with objective: 42.8, ConfigId: 266456843021131748, EvalId: 760. Total evaluations stored: 760
[INFO]:[04:18:57] recordEvaluation produced_mip_start=0 mip_start_file=''
[DEBUG]:[04:18:57] Added evaluation to memory with objective: 42.8, ConfigId: 3898773556698307520, EvalId: 761. Total evaluations stored: 761
[INFO]:[04:18:57] recordEvaluation produced_mip_start=0 mip_start_file=''
[DEBUG]:[04:18:57] Added evaluation to memory with objective: 42.8, ConfigId: 7433204455222843516, EvalId: 762. Total evaluations stored: 762
[INFO]:[04:18:57] recordEvaluation produced_mip_start=0 mip_start_file=''
[DEBUG]:[04:18:57] Added evaluation to memory with objective: 42.8, ConfigId: 136730428923032123, EvalId: 763. Total evaluations stored: 763
[INFO]:[04:18:57] recordEvaluation produced_mip_start=0 mip_start_file=''
[DEBUG]:[04:18:57] Added evaluation to memory with objective: 42.8, ConfigId: 10830351984319178467, EvalId: 764. Total evaluations stored: 764
[INFO]:[04:18:57] recordEvaluation produced_mip_start=0 mip_start_file=''
[DEBUG]:[04:18:57] Added evaluation to memory with objective: 42.8, ConfigId: 18222795417246747305, EvalId: 765. Total evaluations stored: 765
[INFO]:[04:18:57] recordEvaluation produced_mip_start=0 mip_start_file=''
[DEBUG]:[04:18:57] Added evaluation to memory with objective: 42.8, ConfigId: 4203113115451053855, EvalId: 766. Total evaluations stored: 766
[INFO]:[04:18:57] recordEvaluation produced_mip_start=0 mip_start_file=''
[DEBUG]:[04:18:57] Added evaluation to memory with objective: 42.8, ConfigId: 11057885843328767347, EvalId: 767. Total evaluations stored: 767
[INFO]:[04:18:57] recordEvaluation produced_mip_start=0 mip_start_file=''
[DEBUG]:[04:18:57] Added evaluation to memory with objective: 42.8, ConfigId: 2377836579165170479, EvalId: 768. Total evaluations stored: 768
[INFO]:[04:18:57] recordEvaluation produced_mip_start=0 mip_start_file=''
[DEBUG]:[04:18:57] Added evaluation to memory with objective: 42.8, ConfigId: 13104868037715488652, EvalId: 769. Total evaluations stored: 769
[INFO]:[04:18:57] recordEvaluation produced_mip_start=0 mip_start_file=''
[DEBUG]:[04:18:57] Added evaluation to memory with objective: 42.79, ConfigId: 4653858012387370492, EvalId: 770. Total evaluations stored: 770
[INFO]:[04:18:57] recordEvaluation produced_mip_start=0 mip_start_file=''
[DEBUG]:[04:18:57] Added evaluation to memory with objective: 42.79, ConfigId: 11175031057121909708, EvalId: 771. Total evaluations stored: 771
[INFO]:[04:18:57] recordEvaluation produced_mip_start=0 mip_start_file=''
[DEBUG]:[04:18:57] Added evaluation to memory with objective: 42.79, ConfigId: 9312691564528823791, EvalId: 772. Total evaluations stored: 772
[INFO]:[04:18:57] recordEvaluation produced_mip_start=0 mip_start_file=''
[DEBUG]:[04:18:57] Added evaluation to memory with objective: 42.68, ConfigId: 11091533304239315433, EvalId: 773. Total evaluations stored: 773
[INFO]:[04:18:57] recordEvaluation produced_mip_start=0 mip_start_file=''
[DEBUG]:[04:18:57] Added evaluation to memory with objective: 42.79, ConfigId: 3971607818368355443, EvalId: 774. Total evaluations stored: 774
[INFO]:[04:18:57] recordEvaluation produced_mip_start=0 mip_start_file=''
[DEBUG]:[04:18:57] Added evaluation to memory with objective: 42.68, ConfigId: 4205002840194293119, EvalId: 775. Total evaluations stored: 775
[INFO]:[04:18:57] recordEvaluation produced_mip_start=0 mip_start_file=''
[DEBUG]:[04:18:57] Added evaluation to memory with objective: 42.65, ConfigId: 10187013043059637134, EvalId: 776. Total evaluations stored: 776
[INFO]:[04:18:57] recordEvaluation produced_mip_start=0 mip_start_file=''
[DEBUG]:[04:18:57] Added evaluation to memory with objective: 42.68, ConfigId: 10290128682157980791, EvalId: 777. Total evaluations stored: 777
[INFO]:[04:18:57] recordEvaluation produced_mip_start=0 mip_start_file=''
[DEBUG]:[04:18:57] Added evaluation to memory with objective: 42.79, ConfigId: 4653858012387370492, EvalId: 778. Total evaluations stored: 778
[INFO]:[04:18:57] recordEvaluation produced_mip_start=0 mip_start_file=''
[DEBUG]:[04:18:57] Added evaluation to memory with objective: 33.66, ConfigId: 8565990501653311537, EvalId: 779. Total evaluations stored: 779
[INFO]:[04:18:57] recordEvaluation produced_mip_start=0 mip_start_file=''
[INFO]:[04:18:57] ***************
[INFO]:[04:18:57] New best evaluation without MIP start found at time 234s, with objective 29.93 and configuration ID 17408962595745531738
[INFO]:[04:18:57] With config: 17408962595745531738 -> 
Configuration: CPXPARAM_Advance=1 CPXPARAM_Barrier_Algorithm=0 CPXPARAM_Barrier_ColNonzeros=0 CPXPARAM_Barrier_Crossover=0 CPXPARAM_Barrier_Limits_Corrections=-1 CPXPARAM_Barrier_Ordering=0 CPXPARAM_Barrier_StartAlg=1 CPXPARAM_Emphasis_MIP=5 CPXPARAM_Emphasis_Memory=1 CPXPARAM_Emphasis_Numerical=0 CPXPARAM_Feasopt_Mode=2 CPXPARAM_LPMethod=0 CPXPARAM_MIP_Cuts_Cliques=-1 CPXPARAM_MIP_Cuts_Covers=-1 CPXPARAM_MIP_Cuts_Disjunctive=1 CPXPARAM_MIP_Cuts_FlowCovers=-1 CPXPARAM_MIP_Cuts_GUBCovers=2 CPXPARAM_MIP_Cuts_Gomory=-1 CPXPARAM_MIP_Cuts_Implied=2 CPXPARAM_MIP_Cuts_MIRCut=2 CPXPARAM_MIP_Cuts_PathCut=0 CPXPARAM_MIP_Limits_AggForCut=3 CPXPARAM_MIP_Limits_CutPasses=0 CPXPARAM_MIP_Limits_CutsFactor=2 CPXPARAM_MIP_Limits_GomoryCand=400 CPXPARAM_MIP_Limits_GomoryPass=0 CPXPARAM_MIP_Limits_Nodes=9223372036800000000 CPXPARAM_MIP_Limits_ProbeTime=120 CPXPARAM_MIP_Limits_RepairTries=0 CPXPARAM_MIP_Limits_StrongCand=10 CPXPARAM_MIP_Limits_StrongIt=0 CPXPARAM_MIP_OrderType=0 CPXPARAM_MIP_Strategy_BBInterval=7 CPXPARAM_MIP_Strategy_Branch=0 CPXPARAM_MIP_Strategy_Dive=1 CPXPARAM_MIP_Strategy_File=1 CPXPARAM_MIP_Strategy_HeuristicFreq=0 CPXPARAM_MIP_Strategy_LBHeur=0 CPXPARAM_MIP_Strategy_NodeSelect=0 CPXPARAM_MIP_Strategy_Order=1 CPXPARAM_MIP_Strategy_PresolveNode=0 CPXPARAM_MIP_Strategy_Probe=-1 CPXPARAM_MIP_Strategy_RINSHeur=20 CPXPARAM_MIP_Strategy_StartAlgorithm=4 CPXPARAM_MIP_Strategy_SubAlgorithm=1 CPXPARAM_MIP_Strategy_VariableSelect=3 CPXPARAM_Network_NetFind=2 CPXPARAM_Network_Pricing=0 CPXPARAM_Parallel=1 CPXPARAM_Preprocessing_Aggregator=-1 CPXPARAM_Preprocessing_BoundStrength=-1 CPXPARAM_Preprocessing_CoeffReduce=1 CPXPARAM_Preprocessing_Dependency=-1 CPXPARAM_Preprocessing_Dual=0 CPXPARAM_Preprocessing_Fill=10 CPXPARAM_Preprocessing_NumPass=-1 CPXPARAM_Preprocessing_Presolve=1 CPXPARAM_Preprocessing_QPMakePSD=1 CPXPARAM_Preprocessing_Reduce=3 CPXPARAM_Preprocessing_Relax=-1 CPXPARAM_Preprocessing_RepeatPresolve=-1 CPXPARAM_Preprocessing_Symmetry=-1 CPXPARAM_Read_Scale=0 CPXPARAM_Sifting_Algorithm=0 CPXPARAM_Simplex_Crash=0 CPXPARAM_Simplex_DGradient=0 CPXPARAM_Simplex_Limits_Perturbation=0 CPXPARAM_Simplex_Limits_Singularity=10 CPXPARAM_Simplex_PGradient=0 CPXPARAM_Simplex_Pricing=0 CPXPARAM_Simplex_Refactor=0 | MIP Start: No 
[INFO]:[04:18:57] ***************
[DEBUG]:[04:18:57] Added evaluation to memory with objective: 29.93, ConfigId: 17408962595745531738, EvalId: 780. Total evaluations stored: 780
[INFO]:[04:18:57] recordEvaluation produced_mip_start=0 mip_start_file=''
[DEBUG]:[04:18:57] Added evaluation to memory with objective: 52.22, ConfigId: 8789965415960629611, EvalId: 781. Total evaluations stored: 781
[INFO]:[04:18:57] recordEvaluation produced_mip_start=0 mip_start_file=''
[DEBUG]:[04:18:57] Added evaluation to memory with objective: 42.8, ConfigId: 2200716776936238786, EvalId: 782. Total evaluations stored: 782
[INFO]:[04:18:57] recordEvaluation produced_mip_start=0 mip_start_file=''
[DEBUG]:[04:18:57] Added evaluation to memory with objective: 29.93, ConfigId: 16447741525732640969, EvalId: 783. Total evaluations stored: 783
[INFO]:[04:18:57] recordEvaluation produced_mip_start=0 mip_start_file=''
[DEBUG]:[04:18:57] Added evaluation to memory with objective: 29.93, ConfigId: 6110761424661700398, EvalId: 784. Total evaluations stored: 784
[INFO]:[04:18:57] recordEvaluation produced_mip_start=0 mip_start_file=''
[DEBUG]:[04:18:57] Added evaluation to memory with objective: 29.93, ConfigId: 11230803024153419721, EvalId: 785. Total evaluations stored: 785
[INFO]:[04:18:57] recordEvaluation produced_mip_start=0 mip_start_file=''
[DEBUG]:[04:18:57] Added evaluation to memory with objective: 29.93, ConfigId: 4441003893794464283, EvalId: 786. Total evaluations stored: 786
[INFO]:[04:18:57] recordEvaluation produced_mip_start=0 mip_start_file=''
[INFO]:[04:18:57] ***************
[INFO]:[04:18:57] New best evaluation without MIP start found at time 246s, with objective 29.89 and configuration ID 15317458083732419638
[INFO]:[04:18:57] With config: 15317458083732419638 -> 
Configuration: CPXPARAM_Advance=1 CPXPARAM_Barrier_Algorithm=0 CPXPARAM_Barrier_ColNonzeros=0 CPXPARAM_Barrier_Crossover=0 CPXPARAM_Barrier_Limits_Corrections=-1 CPXPARAM_Barrier_Ordering=0 CPXPARAM_Barrier_StartAlg=1 CPXPARAM_Emphasis_MIP=5 CPXPARAM_Emphasis_Memory=1 CPXPARAM_Emphasis_Numerical=0 CPXPARAM_Feasopt_Mode=2 CPXPARAM_LPMethod=0 CPXPARAM_MIP_Cuts_Cliques=-1 CPXPARAM_MIP_Cuts_Covers=-1 CPXPARAM_MIP_Cuts_Disjunctive=1 CPXPARAM_MIP_Cuts_FlowCovers=-1 CPXPARAM_MIP_Cuts_GUBCovers=2 CPXPARAM_MIP_Cuts_Gomory=0 CPXPARAM_MIP_Cuts_Implied=2 CPXPARAM_MIP_Cuts_MIRCut=2 CPXPARAM_MIP_Cuts_PathCut=0 CPXPARAM_MIP_Limits_AggForCut=3 CPXPARAM_MIP_Limits_CutPasses=0 CPXPARAM_MIP_Limits_CutsFactor=2 CPXPARAM_MIP_Limits_GomoryCand=400 CPXPARAM_MIP_Limits_GomoryPass=0 CPXPARAM_MIP_Limits_Nodes=9223372036800000000 CPXPARAM_MIP_Limits_ProbeTime=120 CPXPARAM_MIP_Limits_RepairTries=0 CPXPARAM_MIP_Limits_StrongCand=10 CPXPARAM_MIP_Limits_StrongIt=0 CPXPARAM_MIP_OrderType=0 CPXPARAM_MIP_Strategy_BBInterval=7 CPXPARAM_MIP_Strategy_Branch=0 CPXPARAM_MIP_Strategy_Dive=1 CPXPARAM_MIP_Strategy_File=1 CPXPARAM_MIP_Strategy_HeuristicFreq=0 CPXPARAM_MIP_Strategy_LBHeur=0 CPXPARAM_MIP_Strategy_NodeSelect=0 CPXPARAM_MIP_Strategy_Order=1 CPXPARAM_MIP_Strategy_PresolveNode=0 CPXPARAM_MIP_Strategy_Probe=-1 CPXPARAM_MIP_Strategy_RINSHeur=20 CPXPARAM_MIP_Strategy_StartAlgorithm=4 CPXPARAM_MIP_Strategy_SubAlgorithm=1 CPXPARAM_MIP_Strategy_VariableSelect=3 CPXPARAM_Network_NetFind=2 CPXPARAM_Network_Pricing=0 CPXPARAM_Parallel=1 CPXPARAM_Preprocessing_Aggregator=-1 CPXPARAM_Preprocessing_BoundStrength=-1 CPXPARAM_Preprocessing_CoeffReduce=1 CPXPARAM_Preprocessing_Dependency=-1 CPXPARAM_Preprocessing_Dual=0 CPXPARAM_Preprocessing_Fill=10 CPXPARAM_Preprocessing_NumPass=-1 CPXPARAM_Preprocessing_Presolve=1 CPXPARAM_Preprocessing_QPMakePSD=1 CPXPARAM_Preprocessing_Reduce=3 CPXPARAM_Preprocessing_Relax=-1 CPXPARAM_Preprocessing_RepeatPresolve=-1 CPXPARAM_Preprocessing_Symmetry=-1 CPXPARAM_Read_Scale=0 CPXPARAM_Sifting_Algorithm=0 CPXPARAM_Simplex_Crash=0 CPXPARAM_Simplex_DGradient=0 CPXPARAM_Simplex_Limits_Perturbation=0 CPXPARAM_Simplex_Limits_Singularity=10 CPXPARAM_Simplex_PGradient=0 CPXPARAM_Simplex_Pricing=0 CPXPARAM_Simplex_Refactor=0 | MIP Start: No 
[INFO]:[04:18:57] ***************
[DEBUG]:[04:18:57] Added evaluation to memory with objective: 29.89, ConfigId: 15317458083732419638, EvalId: 787. Total evaluations stored: 787
[INFO]:[04:18:57] recordEvaluation produced_mip_start=0 mip_start_file=''
[DEBUG]:[04:18:57] Added evaluation to memory with objective: 29.93, ConfigId: 1920373179948108927, EvalId: 788. Total evaluations stored: 788
[INFO]:[04:18:57] recordEvaluation produced_mip_start=0 mip_start_file=''
[DEBUG]:[04:18:57] Added evaluation to memory with objective: 29.93, ConfigId: 4576818608716898704, EvalId: 789. Total evaluations stored: 789
[INFO]:[04:18:57] recordEvaluation produced_mip_start=0 mip_start_file=''
[DEBUG]:[04:18:57] Added evaluation to memory with objective: 29.93, ConfigId: 3131205979504585259, EvalId: 790. Total evaluations stored: 790
[INFO]:[04:18:57] recordEvaluation produced_mip_start=0 mip_start_file=''
[DEBUG]:[04:18:57] Added evaluation to memory with objective: 29.89, ConfigId: 6244788871721116453, EvalId: 791. Total evaluations stored: 791
[INFO]:[04:18:57] recordEvaluation produced_mip_start=0 mip_start_file=''
[DEBUG]:[04:18:57] Added evaluation to memory with objective: 29.89, ConfigId: 1015458983050227865, EvalId: 792. Total evaluations stored: 792
[INFO]:[04:18:57] recordEvaluation produced_mip_start=0 mip_start_file=''
[DEBUG]:[04:18:57] Added evaluation to memory with objective: 30.05, ConfigId: 3398293250639705500, EvalId: 793. Total evaluations stored: 793
[INFO]:[04:18:57] recordEvaluation produced_mip_start=0 mip_start_file=''
[DEBUG]:[04:18:57] Added evaluation to memory with objective: 29.89, ConfigId: 99090868272276822, EvalId: 794. Total evaluations stored: 794
[INFO]:[04:18:57] recordEvaluation produced_mip_start=0 mip_start_file=''
[DEBUG]:[04:18:57] Added evaluation to memory with objective: 29.89, ConfigId: 4604266569641937731, EvalId: 795. Total evaluations stored: 795
[INFO]:[04:18:57] recordEvaluation produced_mip_start=0 mip_start_file=''
[DEBUG]:[04:18:57] Added evaluation to memory with objective: 60.07, ConfigId: 8378122864498237885, EvalId: 796. Total evaluations stored: 796
[INFO]:[04:18:57] recordEvaluation produced_mip_start=0 mip_start_file=''
[DEBUG]:[04:18:57] Added evaluation to memory with objective: 29.89, ConfigId: 10633018634084744504, EvalId: 797. Total evaluations stored: 797
[INFO]:[04:18:57] recordEvaluation produced_mip_start=0 mip_start_file=''
[DEBUG]:[04:18:57] Added evaluation to memory with objective: 29.89, ConfigId: 9161109912290376982, EvalId: 798. Total evaluations stored: 798
[INFO]:[04:18:57] recordEvaluation produced_mip_start=0 mip_start_file=''
[DEBUG]:[04:18:57] Added evaluation to memory with objective: 29.89, ConfigId: 6740845118198534759, EvalId: 799. Total evaluations stored: 799
[INFO]:[04:18:57] recordEvaluation produced_mip_start=0 mip_start_file=''
[DEBUG]:[04:18:57] Added evaluation to memory with objective: 29.93, ConfigId: 1928409697321356185, EvalId: 800. Total evaluations stored: 800
[INFO]:[04:18:57] recordEvaluation produced_mip_start=0 mip_start_file=''
[DEBUG]:[04:18:57] Added evaluation to memory with objective: 30.05, ConfigId: 5811780926728830216, EvalId: 801. Total evaluations stored: 801
[INFO]:[04:18:57] recordEvaluation produced_mip_start=0 mip_start_file=''
[DEBUG]:[04:18:57] Added evaluation to memory with objective: 29.89, ConfigId: 14436708959055354114, EvalId: 802. Total evaluations stored: 802
[INFO]:[04:18:57] recordEvaluation produced_mip_start=0 mip_start_file=''
[DEBUG]:[04:18:57] Added evaluation to memory with objective: 29.89, ConfigId: 16551272153274987619, EvalId: 803. Total evaluations stored: 803
[INFO]:[04:18:57] recordEvaluation produced_mip_start=0 mip_start_file=''
[DEBUG]:[04:18:57] Added evaluation to memory with objective: 29.89, ConfigId: 1936600753992433048, EvalId: 804. Total evaluations stored: 804
[INFO]:[04:18:57] recordEvaluation produced_mip_start=0 mip_start_file=''
[DEBUG]:[04:18:57] Added evaluation to memory with objective: 29.89, ConfigId: 18332727997554896299, EvalId: 805. Total evaluations stored: 805
[INFO]:[04:18:57] recordEvaluation produced_mip_start=0 mip_start_file=''
[DEBUG]:[04:18:57] Added evaluation to memory with objective: 29.89, ConfigId: 13677710144803492907, EvalId: 806. Total evaluations stored: 806
[INFO]:[04:18:57] recordEvaluation produced_mip_start=0 mip_start_file=''
[DEBUG]:[04:18:57] Added evaluation to memory with objective: 29.89, ConfigId: 16015717233151969484, EvalId: 807. Total evaluations stored: 807
[INFO]:[04:18:57] recordEvaluation produced_mip_start=0 mip_start_file=''
[DEBUG]:[04:18:57] Added evaluation to memory with objective: 29.89, ConfigId: 17308855729219717577, EvalId: 808. Total evaluations stored: 808
[INFO]:[04:18:57] recordEvaluation produced_mip_start=0 mip_start_file=''
[INFO]:[04:18:57] ***************
[INFO]:[04:18:57] New best evaluation without MIP start found at time 279s, with objective 29.79 and configuration ID 11179702860151911947
[INFO]:[04:18:57] With config: 11179702860151911947 -> 
Configuration: CPXPARAM_Advance=1 CPXPARAM_Barrier_Algorithm=0 CPXPARAM_Barrier_ColNonzeros=0 CPXPARAM_Barrier_Crossover=0 CPXPARAM_Barrier_Limits_Corrections=-1 CPXPARAM_Barrier_Ordering=0 CPXPARAM_Barrier_StartAlg=1 CPXPARAM_Emphasis_MIP=3 CPXPARAM_Emphasis_Memory=1 CPXPARAM_Emphasis_Numerical=0 CPXPARAM_Feasopt_Mode=2 CPXPARAM_LPMethod=0 CPXPARAM_MIP_Cuts_Cliques=-1 CPXPARAM_MIP_Cuts_Covers=-1 CPXPARAM_MIP_Cuts_Disjunctive=1 CPXPARAM_MIP_Cuts_FlowCovers=-1 CPXPARAM_MIP_Cuts_GUBCovers=2 CPXPARAM_MIP_Cuts_Gomory=0 CPXPARAM_MIP_Cuts_Implied=2 CPXPARAM_MIP_Cuts_MIRCut=2 CPXPARAM_MIP_Cuts_PathCut=0 CPXPARAM_MIP_Limits_AggForCut=3 CPXPARAM_MIP_Limits_CutPasses=0 CPXPARAM_MIP_Limits_CutsFactor=2 CPXPARAM_MIP_Limits_GomoryCand=400 CPXPARAM_MIP_Limits_GomoryPass=0 CPXPARAM_MIP_Limits_Nodes=9223372036800000000 CPXPARAM_MIP_Limits_ProbeTime=120 CPXPARAM_MIP_Limits_RepairTries=0 CPXPARAM_MIP_Limits_StrongCand=10 CPXPARAM_MIP_Limits_StrongIt=0 CPXPARAM_MIP_OrderType=0 CPXPARAM_MIP_Strategy_BBInterval=7 CPXPARAM_MIP_Strategy_Branch=0 CPXPARAM_MIP_Strategy_Dive=1 CPXPARAM_MIP_Strategy_File=1 CPXPARAM_MIP_Strategy_HeuristicFreq=0 CPXPARAM_MIP_Strategy_LBHeur=0 CPXPARAM_MIP_Strategy_NodeSelect=0 CPXPARAM_MIP_Strategy_Order=1 CPXPARAM_MIP_Strategy_PresolveNode=0 CPXPARAM_MIP_Strategy_Probe=-1 CPXPARAM_MIP_Strategy_RINSHeur=20 CPXPARAM_MIP_Strategy_StartAlgorithm=4 CPXPARAM_MIP_Strategy_SubAlgorithm=1 CPXPARAM_MIP_Strategy_VariableSelect=3 CPXPARAM_Network_NetFind=2 CPXPARAM_Network_Pricing=0 CPXPARAM_Parallel=1 CPXPARAM_Preprocessing_Aggregator=-1 CPXPARAM_Preprocessing_BoundStrength=-1 CPXPARAM_Preprocessing_CoeffReduce=1 CPXPARAM_Preprocessing_Dependency=-1 CPXPARAM_Preprocessing_Dual=0 CPXPARAM_Preprocessing_Fill=10 CPXPARAM_Preprocessing_NumPass=-1 CPXPARAM_Preprocessing_Presolve=1 CPXPARAM_Preprocessing_QPMakePSD=1 CPXPARAM_Preprocessing_Reduce=3 CPXPARAM_Preprocessing_Relax=-1 CPXPARAM_Preprocessing_RepeatPresolve=-1 CPXPARAM_Preprocessing_Symmetry=-1 CPXPARAM_Read_Scale=0 CPXPARAM_Sifting_Algorithm=0 CPXPARAM_Simplex_Crash=0 CPXPARAM_Simplex_DGradient=0 CPXPARAM_Simplex_Limits_Perturbation=0 CPXPARAM_Simplex_Limits_Singularity=10 CPXPARAM_Simplex_PGradient=0 CPXPARAM_Simplex_Pricing=0 CPXPARAM_Simplex_Refactor=0 | MIP Start: No 
[INFO]:[04:18:57] ***************
[DEBUG]:[04:18:57] Added evaluation to memory with objective: 29.79, ConfigId: 11179702860151911947, EvalId: 809. Total evaluations stored: 809
[INFO]:[04:18:57] recordEvaluation produced_mip_start=0 mip_start_file=''
[DEBUG]:[04:18:57] Added evaluation to memory with objective: 29.89, ConfigId: 1281402110505533231, EvalId: 810. Total evaluations stored: 810
[INFO]:[04:18:57] recordEvaluation produced_mip_start=0 mip_start_file=''
[DEBUG]:[04:18:57] Added evaluation to memory with objective: 29.85, ConfigId: 6860188420384935449, EvalId: 811. Total evaluations stored: 811
[INFO]:[04:18:57] recordEvaluation produced_mip_start=0 mip_start_file=''
[DEBUG]:[04:18:57] Added evaluation to memory with objective: 53.13, ConfigId: 16573019480806191630, EvalId: 812. Total evaluations stored: 812
[INFO]:[04:18:57] recordEvaluation produced_mip_start=0 mip_start_file=''
[DEBUG]:[04:18:57] Added evaluation to memory with objective: 42.91, ConfigId: 647585824390257960, EvalId: 813. Total evaluations stored: 813
[INFO]:[04:18:57] recordEvaluation produced_mip_start=0 mip_start_file=''
[INFO]:[04:18:57] ***************
[INFO]:[04:18:57] New best evaluation without MIP start found at time 234s, with objective 29.66 and configuration ID 11094680040498716746
[INFO]:[04:18:57] With config: 11094680040498716746 -> 
Configuration: CPXPARAM_Advance=1 CPXPARAM_Barrier_Algorithm=0 CPXPARAM_Barrier_ColNonzeros=0 CPXPARAM_Barrier_Crossover=0 CPXPARAM_Barrier_Limits_Corrections=-1 CPXPARAM_Barrier_Ordering=0 CPXPARAM_Barrier_StartAlg=1 CPXPARAM_Emphasis_MIP=5 CPXPARAM_Emphasis_Memory=1 CPXPARAM_Emphasis_Numerical=0 CPXPARAM_Feasopt_Mode=5 CPXPARAM_LPMethod=0 CPXPARAM_MIP_Cuts_Cliques=-1 CPXPARAM_MIP_Cuts_Covers=2 CPXPARAM_MIP_Cuts_Disjunctive=-1 CPXPARAM_MIP_Cuts_FlowCovers=2 CPXPARAM_MIP_Cuts_GUBCovers=-1 CPXPARAM_MIP_Cuts_Gomory=1 CPXPARAM_MIP_Cuts_Implied=2 CPXPARAM_MIP_Cuts_MIRCut=2 CPXPARAM_MIP_Cuts_PathCut=-1 CPXPARAM_MIP_Limits_AggForCut=3 CPXPARAM_MIP_Limits_CutPasses=0 CPXPARAM_MIP_Limits_CutsFactor=2 CPXPARAM_MIP_Limits_GomoryCand=10 CPXPARAM_MIP_Limits_GomoryPass=0 CPXPARAM_MIP_Limits_Nodes=9223372036800000000 CPXPARAM_MIP_Limits_ProbeTime=50 CPXPARAM_MIP_Limits_RepairTries=0 CPXPARAM_MIP_Limits_StrongCand=10 CPXPARAM_MIP_Limits_StrongIt=0 CPXPARAM_MIP_OrderType=0 CPXPARAM_MIP_Strategy_BBInterval=7 CPXPARAM_MIP_Strategy_Branch=0 CPXPARAM_MIP_Strategy_Dive=2 CPXPARAM_MIP_Strategy_File=1 CPXPARAM_MIP_Strategy_HeuristicFreq=0 CPXPARAM_MIP_Strategy_LBHeur=0 CPXPARAM_MIP_Strategy_NodeSelect=2 CPXPARAM_MIP_Strategy_Order=1 CPXPARAM_MIP_Strategy_PresolveNode=0 CPXPARAM_MIP_Strategy_Probe=-1 CPXPARAM_MIP_Strategy_RINSHeur=200 CPXPARAM_MIP_Strategy_StartAlgorithm=2 CPXPARAM_MIP_Strategy_SubAlgorithm=2 CPXPARAM_MIP_Strategy_VariableSelect=3 CPXPARAM_Network_NetFind=2 CPXPARAM_Network_Pricing=0 CPXPARAM_Parallel=1 CPXPARAM_Preprocessing_Aggregator=-1 CPXPARAM_Preprocessing_BoundStrength=-1 CPXPARAM_Preprocessing_CoeffReduce=0 CPXPARAM_Preprocessing_Dependency=2 CPXPARAM_Preprocessing_Dual=0 CPXPARAM_Preprocessing_Fill=10 CPXPARAM_Preprocessing_NumPass=-1 CPXPARAM_Preprocessing_Presolve=1 CPXPARAM_Preprocessing_QPMakePSD=1 CPXPARAM_Preprocessing_Reduce=3 CPXPARAM_Preprocessing_Relax=-1 CPXPARAM_Preprocessing_RepeatPresolve=-1 CPXPARAM_Preprocessing_Symmetry=-1 CPXPARAM_Read_Scale=0 CPXPARAM_Sifting_Algorithm=0 CPXPARAM_Simplex_Crash=-1 CPXPARAM_Simplex_DGradient=0 CPXPARAM_Simplex_Limits_Perturbation=0 CPXPARAM_Simplex_Limits_Singularity=10 CPXPARAM_Simplex_PGradient=0 CPXPARAM_Simplex_Pricing=0 CPXPARAM_Simplex_Refactor=0 | MIP Start: No 
[INFO]:[04:18:57] ***************
[DEBUG]:[04:18:57] Added evaluation to memory with objective: 29.66, ConfigId: 11094680040498716746, EvalId: 814. Total evaluations stored: 814
[INFO]:[04:18:57] recordEvaluation produced_mip_start=0 mip_start_file=''
[DEBUG]:[04:18:57] Added evaluation to memory with objective: 29.66, ConfigId: 10018294692087008860, EvalId: 815. Total evaluations stored: 815
[INFO]:[04:18:57] recordEvaluation produced_mip_start=0 mip_start_file=''
[DEBUG]:[04:18:57] Added evaluation to memory with objective: 29.66, ConfigId: 11142391000404342147, EvalId: 816. Total evaluations stored: 816
[INFO]:[04:18:57] recordEvaluation produced_mip_start=0 mip_start_file=''
[DEBUG]:[04:18:57] Added evaluation to memory with objective: 29.66, ConfigId: 14543802640312097303, EvalId: 817. Total evaluations stored: 817
[INFO]:[04:18:57] recordEvaluation produced_mip_start=0 mip_start_file=''
[DEBUG]:[04:18:57] Added evaluation to memory with objective: 29.66, ConfigId: 12047835219230982438, EvalId: 818. Total evaluations stored: 818
[INFO]:[04:18:57] recordEvaluation produced_mip_start=0 mip_start_file=''
[DEBUG]:[04:18:57] Added evaluation to memory with objective: 29.66, ConfigId: 14935472367902654655, EvalId: 819. Total evaluations stored: 819
[INFO]:[04:18:57] recordEvaluation produced_mip_start=0 mip_start_file=''
[DEBUG]:[04:18:57] Added evaluation to memory with objective: 29.66, ConfigId: 937238870123070599, EvalId: 820. Total evaluations stored: 820
[INFO]:[04:18:57] recordEvaluation produced_mip_start=0 mip_start_file=''
[DEBUG]:[04:18:57] Added evaluation to memory with objective: 29.66, ConfigId: 4635785829633960880, EvalId: 821. Total evaluations stored: 821
[INFO]:[04:18:57] recordEvaluation produced_mip_start=0 mip_start_file=''
[DEBUG]:[04:18:57] Added evaluation to memory with objective: 29.66, ConfigId: 4355310572621154792, EvalId: 822. Total evaluations stored: 822
[INFO]:[04:18:57] recordEvaluation produced_mip_start=0 mip_start_file=''
[DEBUG]:[04:18:57] Added evaluation to memory with objective: 29.66, ConfigId: 14418869425396236154, EvalId: 823. Total evaluations stored: 823
[INFO]:[04:18:57] recordEvaluation produced_mip_start=0 mip_start_file=''
[DEBUG]:[04:18:57] Added evaluation to memory with objective: 29.66, ConfigId: 10976474372612791019, EvalId: 824. Total evaluations stored: 824
[INFO]:[04:18:57] recordEvaluation produced_mip_start=0 mip_start_file=''
[DEBUG]:[04:18:57] Added evaluation to memory with objective: 29.66, ConfigId: 16407936379798505668, EvalId: 825. Total evaluations stored: 825
[INFO]:[04:18:57] recordEvaluation produced_mip_start=0 mip_start_file=''
[DEBUG]:[04:18:57] Added evaluation to memory with objective: 29.8, ConfigId: 18315849339404228286, EvalId: 826. Total evaluations stored: 826
[INFO]:[04:18:57] recordEvaluation produced_mip_start=0 mip_start_file=''
[DEBUG]:[04:18:57] Added evaluation to memory with objective: 29.66, ConfigId: 3190026754205122425, EvalId: 827. Total evaluations stored: 827
[INFO]:[04:18:57] recordEvaluation produced_mip_start=0 mip_start_file=''
[DEBUG]:[04:18:57] Added evaluation to memory with objective: 29.66, ConfigId: 281053154598801478, EvalId: 828. Total evaluations stored: 828
[INFO]:[04:18:57] recordEvaluation produced_mip_start=0 mip_start_file=''
[DEBUG]:[04:18:57] Added evaluation to memory with objective: 42.72, ConfigId: 11256964340829829327, EvalId: 829. Total evaluations stored: 829
[INFO]:[04:18:57] recordEvaluation produced_mip_start=0 mip_start_file=''
[DEBUG]:[04:18:57] Added evaluation to memory with objective: 29.8, ConfigId: 12222913687406389090, EvalId: 830. Total evaluations stored: 830
[INFO]:[04:18:57] recordEvaluation produced_mip_start=0 mip_start_file=''
[DEBUG]:[04:18:57] Added evaluation to memory with objective: 29.66, ConfigId: 5675857546634650622, EvalId: 831. Total evaluations stored: 831
[INFO]:[04:18:57] recordEvaluation produced_mip_start=0 mip_start_file=''
[INFO]:[04:18:57] ***************
[INFO]:[04:18:57] New best evaluation without MIP start found at time 263s, with objective 29.41 and configuration ID 4391757330320948565
[INFO]:[04:18:57] With config: 4391757330320948565 -> 
Configuration: CPXPARAM_Advance=1 CPXPARAM_Barrier_Algorithm=0 CPXPARAM_Barrier_ColNonzeros=0 CPXPARAM_Barrier_Crossover=0 CPXPARAM_Barrier_Limits_Corrections=-1 CPXPARAM_Barrier_Ordering=0 CPXPARAM_Barrier_StartAlg=1 CPXPARAM_Emphasis_MIP=5 CPXPARAM_Emphasis_Memory=1 CPXPARAM_Emphasis_Numerical=0 CPXPARAM_Feasopt_Mode=5 CPXPARAM_LPMethod=0 CPXPARAM_MIP_Cuts_Cliques=-1 CPXPARAM_MIP_Cuts_Covers=2 CPXPARAM_MIP_Cuts_Disjunctive=-1 CPXPARAM_MIP_Cuts_FlowCovers=2 CPXPARAM_MIP_Cuts_GUBCovers=-1 CPXPARAM_MIP_Cuts_Gomory=1 CPXPARAM_MIP_Cuts_Implied=2 CPXPARAM_MIP_Cuts_MIRCut=2 CPXPARAM_MIP_Cuts_PathCut=-1 CPXPARAM_MIP_Limits_AggForCut=3 CPXPARAM_MIP_Limits_CutPasses=0 CPXPARAM_MIP_Limits_CutsFactor=2 CPXPARAM_MIP_Limits_GomoryCand=10 CPXPARAM_MIP_Limits_GomoryPass=0 CPXPARAM_MIP_Limits_Nodes=9223372036800000000 CPXPARAM_MIP_Limits_ProbeTime=50 CPXPARAM_MIP_Limits_RepairTries=0 CPXPARAM_MIP_Limits_StrongCand=10 CPXPARAM_MIP_Limits_StrongIt=0 CPXPARAM_MIP_OrderType=0 CPXPARAM_MIP_Strategy_BBInterval=7 CPXPARAM_MIP_Strategy_Branch=0 CPXPARAM_MIP_Strategy_Dive=2 CPXPARAM_MIP_Strategy_File=1 CPXPARAM_MIP_Strategy_HeuristicFreq=0 CPXPARAM_MIP_Strategy_LBHeur=0 CPXPARAM_MIP_Strategy_NodeSelect=2 CPXPARAM_MIP_Strategy_Order=1 CPXPARAM_MIP_Strategy_PresolveNode=0 CPXPARAM_MIP_Strategy_Probe=-1 CPXPARAM_MIP_Strategy_RINSHeur=200 CPXPARAM_MIP_Strategy_StartAlgorithm=2 CPXPARAM_MIP_Strategy_SubAlgorithm=2 CPXPARAM_MIP_Strategy_VariableSelect=2 CPXPARAM_Network_NetFind=2 CPXPARAM_Network_Pricing=0 CPXPARAM_Parallel=1 CPXPARAM_Preprocessing_Aggregator=-1 CPXPARAM_Preprocessing_BoundStrength=-1 CPXPARAM_Preprocessing_CoeffReduce=0 CPXPARAM_Preprocessing_Dependency=2 CPXPARAM_Preprocessing_Dual=0 CPXPARAM_Preprocessing_Fill=10 CPXPARAM_Preprocessing_NumPass=-1 CPXPARAM_Preprocessing_Presolve=1 CPXPARAM_Preprocessing_QPMakePSD=1 CPXPARAM_Preprocessing_Reduce=3 CPXPARAM_Preprocessing_Relax=-1 CPXPARAM_Preprocessing_RepeatPresolve=-1 CPXPARAM_Preprocessing_Symmetry=-1 CPXPARAM_Read_Scale=0 CPXPARAM_Sifting_Algorithm=0 CPXPARAM_Simplex_Crash=-1 CPXPARAM_Simplex_DGradient=0 CPXPARAM_Simplex_Limits_Perturbation=0 CPXPARAM_Simplex_Limits_Singularity=10 CPXPARAM_Simplex_PGradient=0 CPXPARAM_Simplex_Pricing=0 CPXPARAM_Simplex_Refactor=0 | MIP Start: No 
[INFO]:[04:18:57] ***************
[DEBUG]:[04:18:57] Added evaluation to memory with objective: 29.41, ConfigId: 4391757330320948565, EvalId: 832. Total evaluations stored: 832
[INFO]:[04:18:57] recordEvaluation produced_mip_start=0 mip_start_file=''
[DEBUG]:[04:18:57] Added evaluation to memory with objective: 29.66, ConfigId: 11965810813638385783, EvalId: 833. Total evaluations stored: 833
[INFO]:[04:18:57] recordEvaluation produced_mip_start=0 mip_start_file=''
[DEBUG]:[04:18:57] Added evaluation to memory with objective: 29.66, ConfigId: 345765669668646411, EvalId: 834. Total evaluations stored: 834
[INFO]:[04:18:57] recordEvaluation produced_mip_start=0 mip_start_file=''
[DEBUG]:[04:18:57] Added evaluation to memory with objective: 29.41, ConfigId: 8572292767105664238, EvalId: 835. Total evaluations stored: 835
[INFO]:[04:18:57] recordEvaluation produced_mip_start=0 mip_start_file=''
[DEBUG]:[04:18:57] Added evaluation to memory with objective: 29.41, ConfigId: 4410724847770709564, EvalId: 836. Total evaluations stored: 836
[INFO]:[04:18:57] recordEvaluation produced_mip_start=0 mip_start_file=''
[DEBUG]:[04:18:57] Added evaluation to memory with objective: 29.41, ConfigId: 15919637404668746572, EvalId: 837. Total evaluations stored: 837
[INFO]:[04:18:57] recordEvaluation produced_mip_start=0 mip_start_file=''
[DEBUG]:[04:18:57] Added evaluation to memory with objective: 29.41, ConfigId: 3395585809339763464, EvalId: 838. Total evaluations stored: 838
[INFO]:[04:18:57] recordEvaluation produced_mip_start=0 mip_start_file=''
[DEBUG]:[04:18:57] Added evaluation to memory with objective: 29.66, ConfigId: 3346784459897717316, EvalId: 839. Total evaluations stored: 839
[INFO]:[04:18:57] recordEvaluation produced_mip_start=0 mip_start_file=''
[DEBUG]:[04:18:57] Added evaluation to memory with objective: 29.41, ConfigId: 10225382825424099488, EvalId: 840. Total evaluations stored: 840
[INFO]:[04:18:57] recordEvaluation produced_mip_start=0 mip_start_file=''
[DEBUG]:[04:18:57] Added evaluation to memory with objective: 29.41, ConfigId: 8957743018059917366, EvalId: 841. Total evaluations stored: 841
[INFO]:[04:18:57] recordEvaluation produced_mip_start=0 mip_start_file=''
[DEBUG]:[04:18:57] Added evaluation to memory with objective: 29.66, ConfigId: 1354868561101115560, EvalId: 842. Total evaluations stored: 842
[INFO]:[04:18:57] recordEvaluation produced_mip_start=0 mip_start_file=''
[DEBUG]:[04:18:57] Added evaluation to memory with objective: 29.84, ConfigId: 7915310172969480307, EvalId: 843. Total evaluations stored: 843
[INFO]:[04:18:57] recordEvaluation produced_mip_start=0 mip_start_file=''
[DEBUG]:[04:18:57] Added evaluation to memory with objective: 42.72, ConfigId: 9800800715377163507, EvalId: 844. Total evaluations stored: 844
[INFO]:[04:18:57] recordEvaluation produced_mip_start=0 mip_start_file=''
[DEBUG]:[04:18:57] Added evaluation to memory with objective: 38.72, ConfigId: 15871767579222328401, EvalId: 845. Total evaluations stored: 845
[INFO]:[04:18:57] recordEvaluation produced_mip_start=0 mip_start_file=''
[DEBUG]:[04:18:57] Added evaluation to memory with objective: 42.62, ConfigId: 11994831976815213719, EvalId: 846. Total evaluations stored: 846
[INFO]:[04:18:57] recordEvaluation produced_mip_start=0 mip_start_file=''
[DEBUG]:[04:18:57] Added evaluation to memory with objective: 29.84, ConfigId: 11417564371929733516, EvalId: 847. Total evaluations stored: 847
[INFO]:[04:18:57] recordEvaluation produced_mip_start=0 mip_start_file=''
[DEBUG]:[04:18:57] Added evaluation to memory with objective: 29.84, ConfigId: 3785555972577004597, EvalId: 848. Total evaluations stored: 848
[INFO]:[04:18:57] recordEvaluation produced_mip_start=0 mip_start_file=''
[DEBUG]:[04:18:57] Added evaluation to memory with objective: 29.84, ConfigId: 7908430399743998653, EvalId: 849. Total evaluations stored: 849
[INFO]:[04:18:57] recordEvaluation produced_mip_start=0 mip_start_file=''
[DEBUG]:[04:18:57] Added evaluation to memory with objective: 29.84, ConfigId: 17795352453111521137, EvalId: 850. Total evaluations stored: 850
[INFO]:[04:18:57] recordEvaluation produced_mip_start=0 mip_start_file=''
[DEBUG]:[04:18:57] Added evaluation to memory with objective: 29.84, ConfigId: 4043448691333046415, EvalId: 851. Total evaluations stored: 851
[INFO]:[04:18:57] recordEvaluation produced_mip_start=0 mip_start_file=''
[DEBUG]:[04:18:57] Added evaluation to memory with objective: 29.84, ConfigId: 16069495902513703694, EvalId: 852. Total evaluations stored: 852
[INFO]:[04:18:57] recordEvaluation produced_mip_start=0 mip_start_file=''
[DEBUG]:[04:18:57] Added evaluation to memory with objective: 32.05, ConfigId: 7352750680133183586, EvalId: 853. Total evaluations stored: 853
[INFO]:[04:18:57] recordEvaluation produced_mip_start=0 mip_start_file=''
[DEBUG]:[04:18:57] Added evaluation to memory with objective: 29.84, ConfigId: 81462098035493747, EvalId: 854. Total evaluations stored: 854
[INFO]:[04:18:57] recordEvaluation produced_mip_start=0 mip_start_file=''
[DEBUG]:[04:18:57] Added evaluation to memory with objective: 29.84, ConfigId: 8987059905520575809, EvalId: 855. Total evaluations stored: 855
[INFO]:[04:18:57] recordEvaluation produced_mip_start=0 mip_start_file=''
[DEBUG]:[04:18:57] Added evaluation to memory with objective: 29.75, ConfigId: 10246998607764190454, EvalId: 856. Total evaluations stored: 856
[INFO]:[04:18:57] recordEvaluation produced_mip_start=0 mip_start_file=''
[DEBUG]:[04:18:57] Added evaluation to memory with objective: 29.84, ConfigId: 450499066995544580, EvalId: 857. Total evaluations stored: 857
[INFO]:[04:18:57] recordEvaluation produced_mip_start=0 mip_start_file=''
[DEBUG]:[04:18:57] Added evaluation to memory with objective: 29.84, ConfigId: 14360541582139431086, EvalId: 858. Total evaluations stored: 858
[INFO]:[04:18:57] recordEvaluation produced_mip_start=0 mip_start_file=''
[DEBUG]:[04:18:57] Added evaluation to memory with objective: 29.75, ConfigId: 16912956152061634964, EvalId: 859. Total evaluations stored: 859
[INFO]:[04:18:57] recordEvaluation produced_mip_start=0 mip_start_file=''
[DEBUG]:[04:18:57] Added evaluation to memory with objective: 29.75, ConfigId: 15934770867431169225, EvalId: 860. Total evaluations stored: 860
[INFO]:[04:18:57] recordEvaluation produced_mip_start=0 mip_start_file=''
[DEBUG]:[04:18:57] Added evaluation to memory with objective: 29.84, ConfigId: 17795352453111521137, EvalId: 861. Total evaluations stored: 861
[INFO]:[04:18:57] recordEvaluation produced_mip_start=0 mip_start_file=''
[DEBUG]:[04:18:57] Added evaluation to memory with objective: 29.75, ConfigId: 3795663178887605460, EvalId: 862. Total evaluations stored: 862
[INFO]:[04:18:57] recordEvaluation produced_mip_start=0 mip_start_file=''
[DEBUG]:[04:18:57] Added evaluation to memory with objective: 29.75, ConfigId: 8136201628067206958, EvalId: 863. Total evaluations stored: 863
[INFO]:[04:18:57] recordEvaluation produced_mip_start=0 mip_start_file=''
[DEBUG]:[04:18:57] Added evaluation to memory with objective: 29.75, ConfigId: 3218800169283902449, EvalId: 864. Total evaluations stored: 864
[INFO]:[04:18:57] recordEvaluation produced_mip_start=0 mip_start_file=''
[DEBUG]:[04:18:57] Added evaluation to memory with objective: 29.75, ConfigId: 1186418872946540427, EvalId: 865. Total evaluations stored: 865
[INFO]:[04:18:57] recordEvaluation produced_mip_start=0 mip_start_file=''
[DEBUG]:[04:18:57] Added evaluation to memory with objective: 29.75, ConfigId: 12584482949688239273, EvalId: 866. Total evaluations stored: 866
[INFO]:[04:18:57] recordEvaluation produced_mip_start=0 mip_start_file=''
[DEBUG]:[04:18:57] Added evaluation to memory with objective: 29.75, ConfigId: 8635276711292809777, EvalId: 867. Total evaluations stored: 867
[INFO]:[04:18:57] recordEvaluation produced_mip_start=0 mip_start_file=''
[INFO]:[04:18:57] ***************
[INFO]:[04:18:57] New best evaluation without MIP start found at time 269s, with objective 29.37 and configuration ID 8943512480254046512
[INFO]:[04:18:57] With config: 8943512480254046512 -> 
Configuration: CPXPARAM_Advance=1 CPXPARAM_Barrier_Algorithm=0 CPXPARAM_Barrier_ColNonzeros=0 CPXPARAM_Barrier_Crossover=0 CPXPARAM_Barrier_Limits_Corrections=-1 CPXPARAM_Barrier_Ordering=0 CPXPARAM_Barrier_StartAlg=1 CPXPARAM_Emphasis_MIP=2 CPXPARAM_Emphasis_Memory=1 CPXPARAM_Emphasis_Numerical=0 CPXPARAM_Feasopt_Mode=1 CPXPARAM_LPMethod=0 CPXPARAM_MIP_Cuts_Cliques=0 CPXPARAM_MIP_Cuts_Covers=2 CPXPARAM_MIP_Cuts_Disjunctive=0 CPXPARAM_MIP_Cuts_FlowCovers=-1 CPXPARAM_MIP_Cuts_GUBCovers=0 CPXPARAM_MIP_Cuts_Gomory=2 CPXPARAM_MIP_Cuts_Implied=2 CPXPARAM_MIP_Cuts_MIRCut=0 CPXPARAM_MIP_Cuts_PathCut=2 CPXPARAM_MIP_Limits_AggForCut=3 CPXPARAM_MIP_Limits_CutPasses=0 CPXPARAM_MIP_Limits_CutsFactor=1 CPXPARAM_MIP_Limits_GomoryCand=50 CPXPARAM_MIP_Limits_GomoryPass=0 CPXPARAM_MIP_Limits_Nodes=9223372036800000000 CPXPARAM_MIP_Limits_ProbeTime=20 CPXPARAM_MIP_Limits_RepairTries=0 CPXPARAM_MIP_Limits_StrongCand=10 CPXPARAM_MIP_Limits_StrongIt=0 CPXPARAM_MIP_OrderType=0 CPXPARAM_MIP_Strategy_BBInterval=7 CPXPARAM_MIP_Strategy_Branch=0 CPXPARAM_MIP_Strategy_Dive=2 CPXPARAM_MIP_Strategy_File=1 CPXPARAM_MIP_Strategy_HeuristicFreq=0 CPXPARAM_MIP_Strategy_LBHeur=0 CPXPARAM_MIP_Strategy_NodeSelect=0 CPXPARAM_MIP_Strategy_Order=1 CPXPARAM_MIP_Strategy_PresolveNode=0 CPXPARAM_MIP_Strategy_Probe=-1 CPXPARAM_MIP_Strategy_RINSHeur=60 CPXPARAM_MIP_Strategy_StartAlgorithm=1 CPXPARAM_MIP_Strategy_SubAlgorithm=0 CPXPARAM_MIP_Strategy_VariableSelect=0 CPXPARAM_Network_NetFind=2 CPXPARAM_Network_Pricing=0 CPXPARAM_Parallel=1 CPXPARAM_Preprocessing_Aggregator=-1 CPXPARAM_Preprocessing_BoundStrength=-1 CPXPARAM_Preprocessing_CoeffReduce=0 CPXPARAM_Preprocessing_Dependency=2 CPXPARAM_Preprocessing_Dual=0 CPXPARAM_Preprocessing_Fill=10 CPXPARAM_Preprocessing_NumPass=-1 CPXPARAM_Preprocessing_Presolve=1 CPXPARAM_Preprocessing_QPMakePSD=1 CPXPARAM_Preprocessing_Reduce=3 CPXPARAM_Preprocessing_Relax=-1 CPXPARAM_Preprocessing_RepeatPresolve=-1 CPXPARAM_Preprocessing_Symmetry=-1 CPXPARAM_Read_Scale=0 CPXPARAM_Sifting_Algorithm=0 CPXPARAM_Simplex_Crash=1 CPXPARAM_Simplex_DGradient=0 CPXPARAM_Simplex_Limits_Perturbation=0 CPXPARAM_Simplex_Limits_Singularity=10 CPXPARAM_Simplex_PGradient=0 CPXPARAM_Simplex_Pricing=0 CPXPARAM_Simplex_Refactor=0 | MIP Start: No 
[INFO]:[04:18:57] ***************
[DEBUG]:[04:18:57] Added evaluation to memory with objective: 29.37, ConfigId: 8943512480254046512, EvalId: 868. Total evaluations stored: 868
[INFO]:[04:18:57] recordEvaluation produced_mip_start=0 mip_start_file=''
[DEBUG]:[04:18:57] Added evaluation to memory with objective: 29.75, ConfigId: 12298021262037652791, EvalId: 869. Total evaluations stored: 869
[INFO]:[04:18:57] recordEvaluation produced_mip_start=0 mip_start_file=''
[DEBUG]:[04:18:57] Added evaluation to memory with objective: 29.75, ConfigId: 15683259760230160941, EvalId: 870. Total evaluations stored: 870
[INFO]:[04:18:57] recordEvaluation produced_mip_start=0 mip_start_file=''
[DEBUG]:[04:18:57] Added evaluation to memory with objective: 29.37, ConfigId: 5984423083186236739, EvalId: 871. Total evaluations stored: 871
[INFO]:[04:18:57] recordEvaluation produced_mip_start=0 mip_start_file=''
[DEBUG]:[04:18:57] Added evaluation to memory with objective: 29.37, ConfigId: 1455485130282916652, EvalId: 872. Total evaluations stored: 872
[INFO]:[04:18:57] recordEvaluation produced_mip_start=0 mip_start_file=''
[DEBUG]:[04:18:57] Added evaluation to memory with objective: 29.37, ConfigId: 17602451439396723034, EvalId: 873. Total evaluations stored: 873
[INFO]:[04:18:57] recordEvaluation produced_mip_start=0 mip_start_file=''
[DEBUG]:[04:18:57] Added evaluation to memory with objective: 29.37, ConfigId: 7828368556362542070, EvalId: 874. Total evaluations stored: 874
[INFO]:[04:18:57] recordEvaluation produced_mip_start=0 mip_start_file=''
[DEBUG]:[04:18:57] Added evaluation to memory with objective: 35.52, ConfigId: 8545803625910454453, EvalId: 875. Total evaluations stored: 875
[INFO]:[04:18:57] recordEvaluation produced_mip_start=0 mip_start_file=''
[DEBUG]:[04:18:57] Added evaluation to memory with objective: 42.92, ConfigId: 9177252777301791005, EvalId: 876. Total evaluations stored: 876
[INFO]:[04:18:57] recordEvaluation produced_mip_start=0 mip_start_file=''
[DEBUG]:[04:18:57] Added evaluation to memory with objective: 29.61, ConfigId: 6497143008265304344, EvalId: 877. Total evaluations stored: 877
[INFO]:[04:18:57] recordEvaluation produced_mip_start=0 mip_start_file=''
[DEBUG]:[04:18:57] Added evaluation to memory with objective: 33.58, ConfigId: 15946208866707745909, EvalId: 878. Total evaluations stored: 878
[INFO]:[04:18:57] recordEvaluation produced_mip_start=0 mip_start_file=''
[DEBUG]:[04:18:57] Added evaluation to memory with objective: 29.61, ConfigId: 10022621160049610873, EvalId: 879. Total evaluations stored: 879
[INFO]:[04:18:57] recordEvaluation produced_mip_start=0 mip_start_file=''
[DEBUG]:[04:18:57] Added evaluation to memory with objective: 29.59, ConfigId: 3132887376317447442, EvalId: 880. Total evaluations stored: 880
[INFO]:[04:18:57] recordEvaluation produced_mip_start=0 mip_start_file=''
[DEBUG]:[04:18:57] Added evaluation to memory with objective: 29.61, ConfigId: 2664056415124008555, EvalId: 881. Total evaluations stored: 881
[INFO]:[04:18:57] recordEvaluation produced_mip_start=0 mip_start_file=''
[DEBUG]:[04:18:57] Added evaluation to memory with objective: 29.86, ConfigId: 3343198453161433063, EvalId: 882. Total evaluations stored: 882
[INFO]:[04:18:57] recordEvaluation produced_mip_start=0 mip_start_file=''
[DEBUG]:[04:18:57] Added evaluation to memory with objective: 48, ConfigId: 4917596891735186969, EvalId: 883. Total evaluations stored: 883
[INFO]:[04:18:57] recordEvaluation produced_mip_start=0 mip_start_file=''
[DEBUG]:[04:18:57] Added evaluation to memory with objective: 29.59, ConfigId: 15682249014851635845, EvalId: 884. Total evaluations stored: 884
[INFO]:[04:18:57] recordEvaluation produced_mip_start=0 mip_start_file=''
[DEBUG]:[04:18:57] Added evaluation to memory with objective: 29.59, ConfigId: 14225285828877939819, EvalId: 885. Total evaluations stored: 885
[INFO]:[04:18:57] recordEvaluation produced_mip_start=0 mip_start_file=''
[DEBUG]:[04:18:57] Added evaluation to memory with objective: 29.74, ConfigId: 1560241179231662673, EvalId: 886. Total evaluations stored: 886
[INFO]:[04:18:57] recordEvaluation produced_mip_start=0 mip_start_file=''
[DEBUG]:[04:18:57] Added evaluation to memory with objective: 29.59, ConfigId: 1700950332450462628, EvalId: 887. Total evaluations stored: 887
[INFO]:[04:18:57] recordEvaluation produced_mip_start=0 mip_start_file=''
[DEBUG]:[04:18:57] Added evaluation to memory with objective: 29.59, ConfigId: 11367395434237905255, EvalId: 888. Total evaluations stored: 888
[INFO]:[04:18:57] recordEvaluation produced_mip_start=0 mip_start_file=''
[DEBUG]:[04:18:57] Added evaluation to memory with objective: 29.4, ConfigId: 18086470305108431136, EvalId: 889. Total evaluations stored: 889
[INFO]:[04:18:57] recordEvaluation produced_mip_start=0 mip_start_file=''
[DEBUG]:[04:18:57] Added evaluation to memory with objective: 29.77, ConfigId: 6432269293568932865, EvalId: 890. Total evaluations stored: 890
[INFO]:[04:18:57] recordEvaluation produced_mip_start=0 mip_start_file=''
[DEBUG]:[04:18:57] Added evaluation to memory with objective: 29.4, ConfigId: 15493734970227739825, EvalId: 891. Total evaluations stored: 891
[INFO]:[04:18:57] recordEvaluation produced_mip_start=0 mip_start_file=''
[DEBUG]:[04:18:57] Added evaluation to memory with objective: 29.4, ConfigId: 8954594199582421238, EvalId: 892. Total evaluations stored: 892
[INFO]:[04:18:57] recordEvaluation produced_mip_start=0 mip_start_file=''
[INFO]:[04:18:57] ***************
[INFO]:[04:18:57] New best evaluation without MIP start found at time 260s, with objective 24.03 and configuration ID 18052553725150070393
[INFO]:[04:18:57] With config: 18052553725150070393 -> 
Configuration: CPXPARAM_Advance=1 CPXPARAM_Barrier_Algorithm=0 CPXPARAM_Barrier_ColNonzeros=0 CPXPARAM_Barrier_Crossover=0 CPXPARAM_Barrier_Limits_Corrections=-1 CPXPARAM_Barrier_Ordering=0 CPXPARAM_Barrier_StartAlg=1 CPXPARAM_Emphasis_MIP=0 CPXPARAM_Emphasis_Memory=1 CPXPARAM_Emphasis_Numerical=0 CPXPARAM_Feasopt_Mode=0 CPXPARAM_LPMethod=0 CPXPARAM_MIP_Cuts_Cliques=0 CPXPARAM_MIP_Cuts_Covers=0 CPXPARAM_MIP_Cuts_Disjunctive=1 CPXPARAM_MIP_Cuts_FlowCovers=2 CPXPARAM_MIP_Cuts_GUBCovers=-1 CPXPARAM_MIP_Cuts_Gomory=-1 CPXPARAM_MIP_Cuts_Implied=0 CPXPARAM_MIP_Cuts_MIRCut=0 CPXPARAM_MIP_Cuts_PathCut=2 CPXPARAM_MIP_Limits_AggForCut=3 CPXPARAM_MIP_Limits_CutPasses=0 CPXPARAM_MIP_Limits_CutsFactor=16 CPXPARAM_MIP_Limits_GomoryCand=200 CPXPARAM_MIP_Limits_GomoryPass=0 CPXPARAM_MIP_Limits_Nodes=9223372036800000000 CPXPARAM_MIP_Limits_ProbeTime=1e+75 CPXPARAM_MIP_Limits_RepairTries=0 CPXPARAM_MIP_Limits_StrongCand=10 CPXPARAM_MIP_Limits_StrongIt=0 CPXPARAM_MIP_OrderType=0 CPXPARAM_MIP_Strategy_BBInterval=7 CPXPARAM_MIP_Strategy_Branch=0 CPXPARAM_MIP_Strategy_Dive=2 CPXPARAM_MIP_Strategy_File=1 CPXPARAM_MIP_Strategy_HeuristicFreq=0 CPXPARAM_MIP_Strategy_LBHeur=0 CPXPARAM_MIP_Strategy_NodeSelect=0 CPXPARAM_MIP_Strategy_Order=1 CPXPARAM_MIP_Strategy_PresolveNode=0 CPXPARAM_MIP_Strategy_Probe=0 CPXPARAM_MIP_Strategy_RINSHeur=40 CPXPARAM_MIP_Strategy_StartAlgorithm=4 CPXPARAM_MIP_Strategy_SubAlgorithm=5 CPXPARAM_MIP_Strategy_VariableSelect=2 CPXPARAM_Network_NetFind=2 CPXPARAM_Network_Pricing=0 CPXPARAM_Parallel=1 CPXPARAM_Preprocessing_Aggregator=-1 CPXPARAM_Preprocessing_BoundStrength=-1 CPXPARAM_Preprocessing_CoeffReduce=3 CPXPARAM_Preprocessing_Dependency=1 CPXPARAM_Preprocessing_Dual=0 CPXPARAM_Preprocessing_Fill=10 CPXPARAM_Preprocessing_NumPass=-1 CPXPARAM_Preprocessing_Presolve=1 CPXPARAM_Preprocessing_QPMakePSD=1 CPXPARAM_Preprocessing_Reduce=3 CPXPARAM_Preprocessing_Relax=-1 CPXPARAM_Preprocessing_RepeatPresolve=-1 CPXPARAM_Preprocessing_Symmetry=-1 CPXPARAM_Read_Scale=0 CPXPARAM_Sifting_Algorithm=0 CPXPARAM_Simplex_Crash=-1 CPXPARAM_Simplex_DGradient=0 CPXPARAM_Simplex_Limits_Perturbation=0 CPXPARAM_Simplex_Limits_Singularity=10 CPXPARAM_Simplex_PGradient=0 CPXPARAM_Simplex_Pricing=0 CPXPARAM_Simplex_Refactor=0 | MIP Start: No 
[INFO]:[04:18:57] ***************
[DEBUG]:[04:18:57] Added evaluation to memory with objective: 24.03, ConfigId: 18052553725150070393, EvalId: 893. Total evaluations stored: 893
[INFO]:[04:18:57] recordEvaluation produced_mip_start=0 mip_start_file=''
[DEBUG]:[04:18:57] Added evaluation to memory with objective: 29.4, ConfigId: 6787781333108773591, EvalId: 894. Total evaluations stored: 894
[INFO]:[04:18:57] recordEvaluation produced_mip_start=0 mip_start_file=''
[DEBUG]:[04:18:57] Added evaluation to memory with objective: 56.36, ConfigId: 17912706854042353611, EvalId: 895. Total evaluations stored: 895
[INFO]:[04:18:57] recordEvaluation produced_mip_start=0 mip_start_file=''
[DEBUG]:[04:18:57] Added evaluation to memory with objective: 24.03, ConfigId: 15302093548246648274, EvalId: 896. Total evaluations stored: 896
[INFO]:[04:18:57] recordEvaluation produced_mip_start=0 mip_start_file=''
[DEBUG]:[04:18:57] Added evaluation to memory with objective: 52.63, ConfigId: 13921304930437764077, EvalId: 897. Total evaluations stored: 897
[INFO]:[04:18:57] recordEvaluation produced_mip_start=0 mip_start_file=''
[DEBUG]:[04:18:57] Added evaluation to memory with objective: 32.56, ConfigId: 10004529136649418870, EvalId: 898. Total evaluations stored: 898
[INFO]:[04:18:57] recordEvaluation produced_mip_start=0 mip_start_file=''
[DEBUG]:[04:18:57] Added evaluation to memory with objective: 24.03, ConfigId: 13195095183326888169, EvalId: 899. Total evaluations stored: 899
[INFO]:[04:18:57] recordEvaluation produced_mip_start=0 mip_start_file=''
[DEBUG]:[04:18:57] Added evaluation to memory with objective: 24.18, ConfigId: 2130564038150199608, EvalId: 900. Total evaluations stored: 900
[INFO]:[04:18:57] recordEvaluation produced_mip_start=0 mip_start_file=''
[DEBUG]:[04:18:57] Added evaluation to memory with objective: 24.03, ConfigId: 1405955320664194572, EvalId: 901. Total evaluations stored: 901
[INFO]:[04:18:57] recordEvaluation produced_mip_start=0 mip_start_file=''
[DEBUG]:[04:18:57] Added evaluation to memory with objective: 24.03, ConfigId: 7830118084607222592, EvalId: 902. Total evaluations stored: 902
[INFO]:[04:18:57] recordEvaluation produced_mip_start=0 mip_start_file=''
[DEBUG]:[04:18:57] Added evaluation to memory with objective: 24.03, ConfigId: 16654263122896138780, EvalId: 903. Total evaluations stored: 903
[INFO]:[04:18:57] recordEvaluation produced_mip_start=0 mip_start_file=''
[DEBUG]:[04:18:57] Added evaluation to memory with objective: 29.4, ConfigId: 18086470305108431136, EvalId: 904. Total evaluations stored: 904
[INFO]:[04:18:57] recordEvaluation produced_mip_start=0 mip_start_file=''
[DEBUG]:[04:18:57] Added evaluation to memory with objective: 24.16, ConfigId: 14918420735313415349, EvalId: 905. Total evaluations stored: 905
[INFO]:[04:18:57] recordEvaluation produced_mip_start=0 mip_start_file=''
[DEBUG]:[04:18:57] Added evaluation to memory with objective: 29.74, ConfigId: 1781488245524755004, EvalId: 906. Total evaluations stored: 906
[INFO]:[04:18:57] IteratedLocalSearch Engine completed.
[INFO]:[04:18:57] Added192 evaluations to memory from exploration phase at iteration 8
[INFO]:[04:18:57] Exploration phase completed.
[INFO]:[04:18:57] Starting expansion phase...
[INFO]:[04:18:57] Selecting parameters for expansion phase...
[INFO]:[04:18:57] Selected expansion parameters: 10
[INFO]:[04:18:57] Creating configuration files for expansion parameters...
[INFO]:[04:18:57] Creating configurations for parameter: CPXPARAM_MIP_OrderType
[DEBUG]:[04:18:57] Parameter CPXPARAM_MIP_OrderType will be evaluated on 3 alternative value(s) after excluding the current base configuration value.
[DEBUG]:[04:18:57] Created configuration file for parameter CPXPARAM_MIP_OrderType with value 1 at /scratch/yorig/mpils-results-grid-ticks-10000-7may/medium-2/24proc-4pils/seed-2/6_sorrell3_seed-2_20260510_041416/expansion/config_param_CPXPARAM_MIP_OrderType_1_iter_8.prm
[DEBUG]:[04:18:57] Created configuration file for parameter CPXPARAM_MIP_OrderType with value 2 at /scratch/yorig/mpils-results-grid-ticks-10000-7may/medium-2/24proc-4pils/seed-2/6_sorrell3_seed-2_20260510_041416/expansion/config_param_CPXPARAM_MIP_OrderType_2_iter_8.prm
[DEBUG]:[04:18:57] Created configuration file for parameter CPXPARAM_MIP_OrderType with value 3 at /scratch/yorig/mpils-results-grid-ticks-10000-7may/medium-2/24proc-4pils/seed-2/6_sorrell3_seed-2_20260510_041416/expansion/config_param_CPXPARAM_MIP_OrderType_3_iter_8.prm
[INFO]:[04:18:57] Creating configurations for parameter: CPXPARAM_Network_NetFind
[DEBUG]:[04:18:57] Parameter CPXPARAM_Network_NetFind will be evaluated on 2 alternative value(s) after excluding the current base configuration value.
[DEBUG]:[04:18:57] Created configuration file for parameter CPXPARAM_Network_NetFind with value 1 at /scratch/yorig/mpils-results-grid-ticks-10000-7may/medium-2/24proc-4pils/seed-2/6_sorrell3_seed-2_20260510_041416/expansion/config_param_CPXPARAM_Network_NetFind_1_iter_8.prm
[DEBUG]:[04:18:57] Created configuration file for parameter CPXPARAM_Network_NetFind with value 3 at /scratch/yorig/mpils-results-grid-ticks-10000-7may/medium-2/24proc-4pils/seed-2/6_sorrell3_seed-2_20260510_041416/expansion/config_param_CPXPARAM_Network_NetFind_3_iter_8.prm
[INFO]:[04:18:57] Creating configurations for parameter: CPXPARAM_Network_Pricing
[DEBUG]:[04:18:57] Parameter CPXPARAM_Network_Pricing will be evaluated on 3 alternative value(s) after excluding the current base configuration value.
[DEBUG]:[04:18:57] Created configuration file for parameter CPXPARAM_Network_Pricing with value 1 at /scratch/yorig/mpils-results-grid-ticks-10000-7may/medium-2/24proc-4pils/seed-2/6_sorrell3_seed-2_20260510_041416/expansion/config_param_CPXPARAM_Network_Pricing_1_iter_8.prm
[DEBUG]:[04:18:57] Created configuration file for parameter CPXPARAM_Network_Pricing with value 2 at /scratch/yorig/mpils-results-grid-ticks-10000-7may/medium-2/24proc-4pils/seed-2/6_sorrell3_seed-2_20260510_041416/expansion/config_param_CPXPARAM_Network_Pricing_2_iter_8.prm
[DEBUG]:[04:18:57] Created configuration file for parameter CPXPARAM_Network_Pricing with value 3 at /scratch/yorig/mpils-results-grid-ticks-10000-7may/medium-2/24proc-4pils/seed-2/6_sorrell3_seed-2_20260510_041416/expansion/config_param_CPXPARAM_Network_Pricing_3_iter_8.prm
[INFO]:[04:18:57] Creating configurations for parameter: CPXPARAM_MIP_Strategy_File
[DEBUG]:[04:18:57] Parameter CPXPARAM_MIP_Strategy_File will be evaluated on 3 alternative value(s) after excluding the current base configuration value.
[DEBUG]:[04:18:57] Created configuration file for parameter CPXPARAM_MIP_Strategy_File with value 0 at /scratch/yorig/mpils-results-grid-ticks-10000-7may/medium-2/24proc-4pils/seed-2/6_sorrell3_seed-2_20260510_041416/expansion/config_param_CPXPARAM_MIP_Strategy_File_0_iter_8.prm
[DEBUG]:[04:18:57] Created configuration file for parameter CPXPARAM_MIP_Strategy_File with value 2 at /scratch/yorig/mpils-results-grid-ticks-10000-7may/medium-2/24proc-4pils/seed-2/6_sorrell3_seed-2_20260510_041416/expansion/config_param_CPXPARAM_MIP_Strategy_File_2_iter_8.prm
[DEBUG]:[04:18:57] Created configuration file for parameter CPXPARAM_MIP_Strategy_File with value 3 at /scratch/yorig/mpils-results-grid-ticks-10000-7may/medium-2/24proc-4pils/seed-2/6_sorrell3_seed-2_20260510_041416/expansion/config_param_CPXPARAM_MIP_Strategy_File_3_iter_8.prm
[INFO]:[04:18:57] Creating configurations for parameter: CPXPARAM_Emphasis_Numerical
[DEBUG]:[04:18:57] Parameter CPXPARAM_Emphasis_Numerical will be evaluated on 1 alternative value(s) after excluding the current base configuration value.
[DEBUG]:[04:18:57] Created configuration file for parameter CPXPARAM_Emphasis_Numerical with value 1 at /scratch/yorig/mpils-results-grid-ticks-10000-7may/medium-2/24proc-4pils/seed-2/6_sorrell3_seed-2_20260510_041416/expansion/config_param_CPXPARAM_Emphasis_Numerical_1_iter_8.prm
[INFO]:[04:18:57] Creating configurations for parameter: CPXPARAM_Preprocessing_Reduce
[DEBUG]:[04:18:57] Parameter CPXPARAM_Preprocessing_Reduce will be evaluated on 3 alternative value(s) after excluding the current base configuration value.
[DEBUG]:[04:18:57] Created configuration file for parameter CPXPARAM_Preprocessing_Reduce with value 0 at /scratch/yorig/mpils-results-grid-ticks-10000-7may/medium-2/24proc-4pils/seed-2/6_sorrell3_seed-2_20260510_041416/expansion/config_param_CPXPARAM_Preprocessing_Reduce_0_iter_8.prm
[DEBUG]:[04:18:57] Created configuration file for parameter CPXPARAM_Preprocessing_Reduce with value 1 at /scratch/yorig/mpils-results-grid-ticks-10000-7may/medium-2/24proc-4pils/seed-2/6_sorrell3_seed-2_20260510_041416/expansion/config_param_CPXPARAM_Preprocessing_Reduce_1_iter_8.prm
[DEBUG]:[04:18:57] Created configuration file for parameter CPXPARAM_Preprocessing_Reduce with value 2 at /scratch/yorig/mpils-results-grid-ticks-10000-7may/medium-2/24proc-4pils/seed-2/6_sorrell3_seed-2_20260510_041416/expansion/config_param_CPXPARAM_Preprocessing_Reduce_2_iter_8.prm
[INFO]:[04:18:57] Creating configurations for parameter: CPXPARAM_Preprocessing_Relax
[DEBUG]:[04:18:57] Parameter CPXPARAM_Preprocessing_Relax will be evaluated on 2 alternative value(s) after excluding the current base configuration value.
[DEBUG]:[04:18:57] Created configuration file for parameter CPXPARAM_Preprocessing_Relax with value 0 at /scratch/yorig/mpils-results-grid-ticks-10000-7may/medium-2/24proc-4pils/seed-2/6_sorrell3_seed-2_20260510_041416/expansion/config_param_CPXPARAM_Preprocessing_Relax_0_iter_8.prm
[DEBUG]:[04:18:57] Created configuration file for parameter CPXPARAM_Preprocessing_Relax with value 1 at /scratch/yorig/mpils-results-grid-ticks-10000-7may/medium-2/24proc-4pils/seed-2/6_sorrell3_seed-2_20260510_041416/expansion/config_param_CPXPARAM_Preprocessing_Relax_1_iter_8.prm
[INFO]:[04:18:57] Creating configurations for parameter: CPXPARAM_Preprocessing_RepeatPresolve
[DEBUG]:[04:18:57] Parameter CPXPARAM_Preprocessing_RepeatPresolve will be evaluated on 4 alternative value(s) after excluding the current base configuration value.
[DEBUG]:[04:18:57] Created configuration file for parameter CPXPARAM_Preprocessing_RepeatPresolve with value 0 at /scratch/yorig/mpils-results-grid-ticks-10000-7may/medium-2/24proc-4pils/seed-2/6_sorrell3_seed-2_20260510_041416/expansion/config_param_CPXPARAM_Preprocessing_RepeatPresolve_0_iter_8.prm
[DEBUG]:[04:18:57] Created configuration file for parameter CPXPARAM_Preprocessing_RepeatPresolve with value 1 at /scratch/yorig/mpils-results-grid-ticks-10000-7may/medium-2/24proc-4pils/seed-2/6_sorrell3_seed-2_20260510_041416/expansion/config_param_CPXPARAM_Preprocessing_RepeatPresolve_1_iter_8.prm
[DEBUG]:[04:18:57] Created configuration file for parameter CPXPARAM_Preprocessing_RepeatPresolve with value 2 at /scratch/yorig/mpils-results-grid-ticks-10000-7may/medium-2/24proc-4pils/seed-2/6_sorrell3_seed-2_20260510_041416/expansion/config_param_CPXPARAM_Preprocessing_RepeatPresolve_2_iter_8.prm
[DEBUG]:[04:18:57] Created configuration file for parameter CPXPARAM_Preprocessing_RepeatPresolve with value 3 at /scratch/yorig/mpils-results-grid-ticks-10000-7may/medium-2/24proc-4pils/seed-2/6_sorrell3_seed-2_20260510_041416/expansion/config_param_CPXPARAM_Preprocessing_RepeatPresolve_3_iter_8.prm
[INFO]:[04:18:57] Creating configurations for parameter: CPXPARAM_LPMethod
[DEBUG]:[04:18:57] Parameter CPXPARAM_LPMethod will be evaluated on 6 alternative value(s) after excluding the current base configuration value.
[DEBUG]:[04:18:57] Created configuration file for parameter CPXPARAM_LPMethod with value 1 at /scratch/yorig/mpils-results-grid-ticks-10000-7may/medium-2/24proc-4pils/seed-2/6_sorrell3_seed-2_20260510_041416/expansion/config_param_CPXPARAM_LPMethod_1_iter_8.prm
[DEBUG]:[04:18:57] Created configuration file for parameter CPXPARAM_LPMethod with value 2 at /scratch/yorig/mpils-results-grid-ticks-10000-7may/medium-2/24proc-4pils/seed-2/6_sorrell3_seed-2_20260510_041416/expansion/config_param_CPXPARAM_LPMethod_2_iter_8.prm
[DEBUG]:[04:18:57] Created configuration file for parameter CPXPARAM_LPMethod with value 3 at /scratch/yorig/mpils-results-grid-ticks-10000-7may/medium-2/24proc-4pils/seed-2/6_sorrell3_seed-2_20260510_041416/expansion/config_param_CPXPARAM_LPMethod_3_iter_8.prm
[DEBUG]:[04:18:57] Created configuration file for parameter CPXPARAM_LPMethod with value 4 at /scratch/yorig/mpils-results-grid-ticks-10000-7may/medium-2/24proc-4pils/seed-2/6_sorrell3_seed-2_20260510_041416/expansion/config_param_CPXPARAM_LPMethod_4_iter_8.prm
[DEBUG]:[04:18:57] Created configuration file for parameter CPXPARAM_LPMethod with value 5 at /scratch/yorig/mpils-results-grid-ticks-10000-7may/medium-2/24proc-4pils/seed-2/6_sorrell3_seed-2_20260510_041416/expansion/config_param_CPXPARAM_LPMethod_5_iter_8.prm
[DEBUG]:[04:18:57] Created configuration file for parameter CPXPARAM_LPMethod with value 6 at /scratch/yorig/mpils-results-grid-ticks-10000-7may/medium-2/24proc-4pils/seed-2/6_sorrell3_seed-2_20260510_041416/expansion/config_param_CPXPARAM_LPMethod_6_iter_8.prm
[INFO]:[04:18:57] Creating configurations for parameter: CPXPARAM_Read_Scale
[DEBUG]:[04:18:57] Parameter CPXPARAM_Read_Scale will be evaluated on 2 alternative value(s) after excluding the current base configuration value.
[DEBUG]:[04:18:57] Created configuration file for parameter CPXPARAM_Read_Scale with value -1 at /scratch/yorig/mpils-results-grid-ticks-10000-7may/medium-2/24proc-4pils/seed-2/6_sorrell3_seed-2_20260510_041416/expansion/config_param_CPXPARAM_Read_Scale_-1_iter_8.prm
[DEBUG]:[04:18:57] Created configuration file for parameter CPXPARAM_Read_Scale with value 1 at /scratch/yorig/mpils-results-grid-ticks-10000-7may/medium-2/24proc-4pils/seed-2/6_sorrell3_seed-2_20260510_041416/expansion/config_param_CPXPARAM_Read_Scale_1_iter_8.prm
[INFO]:[04:18:57] Created 29 configuration files for expansion phase at iteration 8.
[INFO]:[04:18:57] Skipped 0 expansion parameter(s) with no alternative value to evaluate.
[INFO]:[04:18:57] Launching Expansion Workers via MPI...
[INFO]:[04:18:57] Expansion Workers launched.
[INFO]:[04:18:57] Evaluating expansion parameters...
[INFO]:[04:18:57] Starting CPLEX solver on instance: /home/yorig/tuner/mpils-tests/instances/miplib/medium-2/sorrell3.mps with config: /scratch/yorig/mpils-results-grid-ticks-10000-7may/medium-2/24proc-4pils/seed-2/6_sorrell3_seed-2_20260510_041416/expansion/config_param_CPXPARAM_MIP_OrderType_1_iter_8.prm
[INFO]:[04:19:03] CPLEX results. Gap: 24.030000, upper bound: -16.000000, lower bound: -19.845157
[INFO]:[04:19:03] CPLEX solver finished. Gap: 24.030000
[INFO]:[04:19:03] Expansion early stop activated in MPI after 1 master-side evaluation(s). Remaining not-yet-evaluated parameters stay residual.
[INFO]:[04:19:03] Strict sequential expansion early stop ignored 6 already-computed result(s) after first improving config id 17.
[INFO]:[04:19:03] recordEvaluation produced_mip_start=0 mip_start_file=''
[DEBUG]:[04:19:03] Added evaluation to memory with objective: 24.03, ConfigId: 7646429013427005328, EvalId: 907. Total evaluations stored: 907
[INFO]:[04:19:03] recordEvaluation produced_mip_start=0 mip_start_file=''
[DEBUG]:[04:19:03] Added evaluation to memory with objective: 24.03, ConfigId: 17956658235112764095, EvalId: 908. Total evaluations stored: 908
[INFO]:[04:19:03] recordEvaluation produced_mip_start=0 mip_start_file=''
[DEBUG]:[04:19:03] Added evaluation to memory with objective: 24.03, ConfigId: 2059313125975510057, EvalId: 909. Total evaluations stored: 909
[INFO]:[04:19:03] recordEvaluation produced_mip_start=0 mip_start_file=''
[DEBUG]:[04:19:03] Added evaluation to memory with objective: 24.03, ConfigId: 8890151284540604964, EvalId: 910. Total evaluations stored: 910
[INFO]:[04:19:03] recordEvaluation produced_mip_start=0 mip_start_file=''
[DEBUG]:[04:19:03] Added evaluation to memory with objective: 24.03, ConfigId: 2926629890027204295, EvalId: 911. Total evaluations stored: 911
[INFO]:[04:19:03] recordEvaluation produced_mip_start=0 mip_start_file=''
[DEBUG]:[04:19:03] Added evaluation to memory with objective: 24.03, ConfigId: 5384318251548852043, EvalId: 912. Total evaluations stored: 912
[INFO]:[04:19:03] recordEvaluation produced_mip_start=0 mip_start_file=''
[DEBUG]:[04:19:03] Added evaluation to memory with objective: 24.03, ConfigId: 2696290947722191058, EvalId: 913. Total evaluations stored: 913
[INFO]:[04:19:03] recordEvaluation produced_mip_start=0 mip_start_file=''
[DEBUG]:[04:19:03] Added evaluation to memory with objective: 24.03, ConfigId: 8766347391901687925, EvalId: 914. Total evaluations stored: 914
[INFO]:[04:19:03] recordEvaluation produced_mip_start=0 mip_start_file=''
[DEBUG]:[04:19:03] Added evaluation to memory with objective: 24.03, ConfigId: 10079496660203166014, EvalId: 915. Total evaluations stored: 915
[INFO]:[04:19:03] recordEvaluation produced_mip_start=0 mip_start_file=''
[DEBUG]:[04:19:03] Added evaluation to memory with objective: 24.03, ConfigId: 10973483708592976989, EvalId: 916. Total evaluations stored: 916
[INFO]:[04:19:03] recordEvaluation produced_mip_start=0 mip_start_file=''
[DEBUG]:[04:19:03] Added evaluation to memory with objective: 24.03, ConfigId: 15188085848780718397, EvalId: 917. Total evaluations stored: 917
[INFO]:[04:19:03] recordEvaluation produced_mip_start=0 mip_start_file=''
[DEBUG]:[04:19:03] Added evaluation to memory with objective: 24.12, ConfigId: 4528250631550732393, EvalId: 918. Total evaluations stored: 918
[INFO]:[04:19:03] recordEvaluation produced_mip_start=0 mip_start_file=''
[DEBUG]:[04:19:03] Added evaluation to memory with objective: 3838.46, ConfigId: 7213039502117621128, EvalId: 919. Total evaluations stored: 919
[INFO]:[04:19:03] recordEvaluation produced_mip_start=0 mip_start_file=''
[DEBUG]:[04:19:03] Added evaluation to memory with objective: 24.18, ConfigId: 8852249562240945146, EvalId: 920. Total evaluations stored: 920
[INFO]:[04:19:03] recordEvaluation produced_mip_start=0 mip_start_file=''
[DEBUG]:[04:19:03] Added evaluation to memory with objective: 3838.46, ConfigId: 9215285661093157409, EvalId: 921. Total evaluations stored: 921
[INFO]:[04:19:03] recordEvaluation produced_mip_start=0 mip_start_file=''
[DEBUG]:[04:19:03] Added evaluation to memory with objective: 24.03, ConfigId: 17782990165954251262, EvalId: 922. Total evaluations stored: 922
[INFO]:[04:19:03] recordEvaluation produced_mip_start=0 mip_start_file=''
[DEBUG]:[04:19:03] Added evaluation to memory with objective: 24.03, ConfigId: 8367332082097958239, EvalId: 923. Total evaluations stored: 923
[INFO]:[04:19:03] recordEvaluation produced_mip_start=0 mip_start_file=''
[INFO]:[04:19:03] ***************
[INFO]:[04:19:03] New best evaluation without MIP start found at time 285s, with objective 23.95 and configuration ID 11170031613547876923
[INFO]:[04:19:03] With config: 11170031613547876923 -> 
Configuration: CPXPARAM_Advance=1 CPXPARAM_Barrier_Algorithm=0 CPXPARAM_Barrier_ColNonzeros=0 CPXPARAM_Barrier_Crossover=0 CPXPARAM_Barrier_Limits_Corrections=-1 CPXPARAM_Barrier_Ordering=0 CPXPARAM_Barrier_StartAlg=1 CPXPARAM_Emphasis_MIP=0 CPXPARAM_Emphasis_Memory=1 CPXPARAM_Emphasis_Numerical=0 CPXPARAM_Feasopt_Mode=0 CPXPARAM_LPMethod=0 CPXPARAM_MIP_Cuts_Cliques=0 CPXPARAM_MIP_Cuts_Covers=0 CPXPARAM_MIP_Cuts_Disjunctive=1 CPXPARAM_MIP_Cuts_FlowCovers=2 CPXPARAM_MIP_Cuts_GUBCovers=-1 CPXPARAM_MIP_Cuts_Gomory=-1 CPXPARAM_MIP_Cuts_Implied=0 CPXPARAM_MIP_Cuts_MIRCut=0 CPXPARAM_MIP_Cuts_PathCut=2 CPXPARAM_MIP_Limits_AggForCut=3 CPXPARAM_MIP_Limits_CutPasses=0 CPXPARAM_MIP_Limits_CutsFactor=16 CPXPARAM_MIP_Limits_GomoryCand=200 CPXPARAM_MIP_Limits_GomoryPass=0 CPXPARAM_MIP_Limits_Nodes=9223372036800000000 CPXPARAM_MIP_Limits_ProbeTime=1e+75 CPXPARAM_MIP_Limits_RepairTries=0 CPXPARAM_MIP_Limits_StrongCand=10 CPXPARAM_MIP_Limits_StrongIt=0 CPXPARAM_MIP_OrderType=0 CPXPARAM_MIP_Strategy_BBInterval=7 CPXPARAM_MIP_Strategy_Branch=0 CPXPARAM_MIP_Strategy_Dive=2 CPXPARAM_MIP_Strategy_File=1 CPXPARAM_MIP_Strategy_HeuristicFreq=0 CPXPARAM_MIP_Strategy_LBHeur=0 CPXPARAM_MIP_Strategy_NodeSelect=0 CPXPARAM_MIP_Strategy_Order=1 CPXPARAM_MIP_Strategy_PresolveNode=0 CPXPARAM_MIP_Strategy_Probe=0 CPXPARAM_MIP_Strategy_RINSHeur=40 CPXPARAM_MIP_Strategy_StartAlgorithm=4 CPXPARAM_MIP_Strategy_SubAlgorithm=5 CPXPARAM_MIP_Strategy_VariableSelect=2 CPXPARAM_Network_NetFind=2 CPXPARAM_Network_Pricing=0 CPXPARAM_Parallel=1 CPXPARAM_Preprocessing_Aggregator=-1 CPXPARAM_Preprocessing_BoundStrength=-1 CPXPARAM_Preprocessing_CoeffReduce=3 CPXPARAM_Preprocessing_Dependency=1 CPXPARAM_Preprocessing_Dual=0 CPXPARAM_Preprocessing_Fill=10 CPXPARAM_Preprocessing_NumPass=-1 CPXPARAM_Preprocessing_Presolve=1 CPXPARAM_Preprocessing_QPMakePSD=1 CPXPARAM_Preprocessing_Reduce=3 CPXPARAM_Preprocessing_Relax=-1 CPXPARAM_Preprocessing_RepeatPresolve=0 CPXPARAM_Preprocessing_Symmetry=-1 CPXPARAM_Read_Scale=0 CPXPARAM_Sifting_Algorithm=0 CPXPARAM_Simplex_Crash=-1 CPXPARAM_Simplex_DGradient=0 CPXPARAM_Simplex_Limits_Perturbation=0 CPXPARAM_Simplex_Limits_Singularity=10 CPXPARAM_Simplex_PGradient=0 CPXPARAM_Simplex_Pricing=0 CPXPARAM_Simplex_Refactor=0 | MIP Start: No 
[INFO]:[04:19:03] ***************
[DEBUG]:[04:19:03] Added evaluation to memory with objective: 23.95, ConfigId: 11170031613547876923, EvalId: 924. Total evaluations stored: 924
[INFO]:[04:19:03] Waiting for Expansion Workers via MPI...
[INFO]:[04:19:03] Expansion Workers have completed.
[INFO]:[04:19:03] Evaluated expansion parameters: 8
[INFO]:[04:19:03] Classifying expansion parameters...
[DEBUG]:[04:19:03] Parameter CPXPARAM_MIP_OrderType valid evaluations: 3, invalid evaluations: 0, c_p: 24.03, s_p: 0, selected_stage_1: No, discarded_by_threshold: No
[DEBUG]:[04:19:03] Parameter CPXPARAM_Network_NetFind valid evaluations: 2, invalid evaluations: 0, c_p: 24.03, s_p: 0, selected_stage_1: No, discarded_by_threshold: No
[DEBUG]:[04:19:03] Parameter CPXPARAM_Network_Pricing valid evaluations: 3, invalid evaluations: 0, c_p: 24.03, s_p: 0, selected_stage_1: No, discarded_by_threshold: No
[DEBUG]:[04:19:03] Parameter CPXPARAM_MIP_Strategy_File valid evaluations: 3, invalid evaluations: 0, c_p: 24.03, s_p: 0, selected_stage_1: No, discarded_by_threshold: No
[DEBUG]:[04:19:03] Parameter CPXPARAM_Emphasis_Numerical valid evaluations: 1, invalid evaluations: 0, c_p: 24.12, s_p: 0, selected_stage_1: No, discarded_by_threshold: No
[DEBUG]:[04:19:03] Parameter CPXPARAM_Preprocessing_Reduce valid evaluations: 3, invalid evaluations: 0, c_p: 24.18, s_p: 3814.43, selected_stage_1: No, discarded_by_threshold: No
[DEBUG]:[04:19:03] Parameter CPXPARAM_Preprocessing_Relax valid evaluations: 2, invalid evaluations: 0, c_p: 24.03, s_p: 0, selected_stage_1: No, discarded_by_threshold: No
[DEBUG]:[04:19:03] Parameter CPXPARAM_Preprocessing_RepeatPresolve valid evaluations: 1, invalid evaluations: 0, c_p: 23.95, s_p: 0, selected_stage_1: Yes, discarded_by_threshold: No
[DEBUG]:[04:19:03] Parameter CPXPARAM_Emphasis_Numerical is dominated by parameter CPXPARAM_MIP_OrderType.
[DEBUG]:[04:19:03] Parameter CPXPARAM_MIP_OrderType metrics - c_p: 24.03, s_p: 0, selected_stage_1: No, discarded_by_threshold: No, dominated: No
[DEBUG]:[04:19:03] Parameter CPXPARAM_Network_NetFind metrics - c_p: 24.03, s_p: 0, selected_stage_1: No, discarded_by_threshold: No, dominated: No
[DEBUG]:[04:19:03] Parameter CPXPARAM_Network_Pricing metrics - c_p: 24.03, s_p: 0, selected_stage_1: No, discarded_by_threshold: No, dominated: No
[DEBUG]:[04:19:03] Parameter CPXPARAM_MIP_Strategy_File metrics - c_p: 24.03, s_p: 0, selected_stage_1: No, discarded_by_threshold: No, dominated: No
[DEBUG]:[04:19:03] Parameter CPXPARAM_Emphasis_Numerical metrics - c_p: 24.12, s_p: 0, selected_stage_1: No, discarded_by_threshold: No, dominated: Yes
[DEBUG]:[04:19:03] Parameter CPXPARAM_Preprocessing_Reduce metrics - c_p: 24.18, s_p: 3814.43, selected_stage_1: No, discarded_by_threshold: No, dominated: No
[DEBUG]:[04:19:03] Parameter CPXPARAM_Preprocessing_Relax metrics - c_p: 24.03, s_p: 0, selected_stage_1: No, discarded_by_threshold: No, dominated: No
[DEBUG]:[04:19:03] Parameter CPXPARAM_Preprocessing_RepeatPresolve metrics - c_p: 23.95, s_p: 0, selected_stage_1: Yes, discarded_by_threshold: No, dominated: No
[INFO]:[04:19:03] Updating parameter flags based on classification...
[INFO]:[04:19:03] Parameter CPXPARAM_MIP_OrderType selected for tuning.
[INFO]:[04:19:03] Parameter CPXPARAM_Network_NetFind selected for tuning.
[INFO]:[04:19:03] Parameter CPXPARAM_Network_Pricing selected for tuning.
[INFO]:[04:19:03] Parameter CPXPARAM_MIP_Strategy_File selected for tuning.
[INFO]:[04:19:03] Parameter CPXPARAM_Emphasis_Numerical discarded from tuning.
[INFO]:[04:19:03] Parameter CPXPARAM_Preprocessing_Reduce selected for tuning.
[INFO]:[04:19:03] Parameter CPXPARAM_Preprocessing_Relax selected for tuning.
[INFO]:[04:19:03] Parameter CPXPARAM_Preprocessing_RepeatPresolve selected for tuning.
[DEBUG]:[04:19:03] Classified parameters at iteration 8 - To Select: 7, To Discard: 1
[DEBUG]:[04:19:03] Parameter: CPXPARAM_MIP_OrderType, To Select: Yes, To Discard: No
[DEBUG]:[04:19:03] Parameter: CPXPARAM_Network_NetFind, To Select: Yes, To Discard: No
[DEBUG]:[04:19:03] Parameter: CPXPARAM_Network_Pricing, To Select: Yes, To Discard: No
[DEBUG]:[04:19:03] Parameter: CPXPARAM_MIP_Strategy_File, To Select: Yes, To Discard: No
[DEBUG]:[04:19:03] Parameter: CPXPARAM_Emphasis_Numerical, To Select: No, To Discard: Yes
[DEBUG]:[04:19:03] Parameter: CPXPARAM_Preprocessing_Reduce, To Select: Yes, To Discard: No
[DEBUG]:[04:19:03] Parameter: CPXPARAM_Preprocessing_Relax, To Select: Yes, To Discard: No
[DEBUG]:[04:19:03] Parameter: CPXPARAM_Preprocessing_RepeatPresolve, To Select: Yes, To Discard: No
[INFO]:[04:19:03] Added 18 evaluations to memory from expansion phase at iteration 8
[INFO]:[04:19:03] Expansion phase completed.
[INFO]:[04:19:03] Starting pruning phase...
[INFO]:[04:19:03] Writing learner file for pruning phase: /scratch/yorig/mpils-results-grid-ticks-10000-7may/medium-2/24proc-4pils/seed-2/6_sorrell3_seed-2_20260510_041416/pruning/input/learner_file_8.txt
[INFO]:[04:19:03] Learner file written successfully: /scratch/yorig/mpils-results-grid-ticks-10000-7may/medium-2/24proc-4pils/seed-2/6_sorrell3_seed-2_20260510_041416/pruning/input/learner_file_8.txt
[INFO]:[04:19:03] Extracting forbidden tuples from memory...
[INFO]:[04:19:03] Redirecting learner stdout/stderr to: /scratch/yorig/mpils-results-grid-ticks-10000-7may/medium-2/24proc-4pils/seed-2/6_sorrell3_seed-2_20260510_041416/pruning/learner_iteration_8.log
[INFO]:[04:19:03] Forbidden tuples extracted: 6
[INFO]:[04:19:03] Applying pruning with 6 forbidden tuples...
[DEBUG]:[04:19:03] Adding forbidden value from single-element tuple: CPXPARAM_MIP_Strategy_HeuristicFreq=0
[DEBUG]:[04:19:03] Adding forbidden value from single-element tuple: CPXPARAM_MIP_Strategy_HeuristicFreq=20
[DEBUG]:[04:19:03] Adding forbidden value from single-element tuple: CPXPARAM_MIP_Strategy_HeuristicFreq=40
[DEBUG]:[04:19:03] Adding forbidden value from single-element tuple: CPXPARAM_MIP_Strategy_HeuristicFreq=100
[DEBUG]:[04:19:03] Adding forbidden value from single-element tuple: CPXPARAM_MIP_Strategy_HeuristicFreq=500
[DEBUG]:[04:19:03] Adding forbidden value from single-element tuple: CPXPARAM_MIP_Strategy_HeuristicFreq=1000
[INFO]:[04:19:03] Pruning applied successfully.
[INFO]:[04:19:03] Pruning phase completed.
[INFO]:[04:19:03] Completed iteration 8
[INFO]:[04:19:03] Starting iteration 9
[INFO]:[04:19:03] Starting exploration phase...
[INFO]:[04:19:03] Selecting number of evaluations for tuning phase...
[INFO]:[04:19:03] Selecting initial configurations for tuning phase...
[INFO]:[04:19:03] Using worker 0 best exploration configuration without MIP start as master ILS initial configuration.
[INFO]:[04:19:03] Using global best exploration configuration without MIP start as worker 1 ILS initial configuration.
[INFO]:[04:19:03] Number of evaluations for this tuning phase: 30
[INFO]:[04:19:03] ILS shared cache is disabled for this exploration phase.
[INFO]:[04:19:03] Local search backend for this exploration phase: iterated_local_search
[INFO]:[04:19:03] Running IteratedLocalSearch Engine...
[INFO]:[04:19:03] Mip start is disabled for this iteration.
[INFO]:[04:19:03] Writing ILS search space file for worker 0...
[INFO]:[04:19:03] Warning: Initial value for parameter CPXPARAM_MIP_Cuts_Cliques is forbidden. So unforbidden it for the ILS initial configuration at iteration 9.
[INFO]:[04:19:03] Warning: Initial value for parameter CPXPARAM_MIP_Cuts_FlowCovers is forbidden. So unforbidden it for the ILS initial configuration at iteration 9.
[INFO]:[04:19:03] Warning: Initial value for parameter CPXPARAM_MIP_Cuts_Gomory is forbidden. So unforbidden it for the ILS initial configuration at iteration 9.
[INFO]:[04:19:03] ILS search space file written: /scratch/yorig/mpils-results-grid-ticks-10000-7may/medium-2/24proc-4pils/seed-2/6_sorrell3_seed-2_20260510_041416/iterated_local_search/search_space/search_space_file_9.txt
[INFO]:[04:19:03] Writing ILS search space file for worker 1...
[INFO]:[04:19:03] Warning: Initial value for parameter CPXPARAM_MIP_Cuts_Cliques is forbidden. So unforbidden it for the ILS initial configuration at iteration 9.
[INFO]:[04:19:03] ILS search space file written: /scratch/yorig/mpils-results-grid-ticks-10000-7may/medium-2/24proc-4pils/seed-2/6_sorrell3_seed-2_20260510_041416/iterated_local_search/search_space/search_space_file_9_worker_1.txt
[INFO]:[04:19:03] Writing ILS search space file for worker 2...
[INFO]:[04:19:03] Warning: Initial value for parameter CPXPARAM_MIP_Cuts_Cliques is forbidden. So unforbidden it for the ILS initial configuration at iteration 9.
[INFO]:[04:19:03] ILS search space file written: /scratch/yorig/mpils-results-grid-ticks-10000-7may/medium-2/24proc-4pils/seed-2/6_sorrell3_seed-2_20260510_041416/iterated_local_search/search_space/search_space_file_9_worker_2.txt
[INFO]:[04:19:03] Writing ILS search space file for worker 3...
[INFO]:[04:19:03] Warning: Initial value for parameter CPXPARAM_MIP_Cuts_FlowCovers is forbidden. So unforbidden it for the ILS initial configuration at iteration 9.
[INFO]:[04:19:03] ILS search space file written: /scratch/yorig/mpils-results-grid-ticks-10000-7may/medium-2/24proc-4pils/seed-2/6_sorrell3_seed-2_20260510_041416/iterated_local_search/search_space/search_space_file_9_worker_3.txt
[INFO]:[04:19:03] Writing ILS search space file for worker 4...
[INFO]:[04:19:03] Warning: Initial configuration contains a forbidden tuple. So unforbidden it for ILS at iteration 9.
[INFO]:[04:19:03] ILS search space file written: /scratch/yorig/mpils-results-grid-ticks-10000-7may/medium-2/24proc-4pils/seed-2/6_sorrell3_seed-2_20260510_041416/iterated_local_search/search_space/search_space_file_9_worker_4.txt
[INFO]:[04:19:03] Writing ILS search space file for worker 5...
[INFO]:[04:19:03] Warning: Initial value for parameter CPXPARAM_MIP_Cuts_Cliques is forbidden. So unforbidden it for the ILS initial configuration at iteration 9.
[INFO]:[04:19:03] Warning: Initial value for parameter CPXPARAM_MIP_Cuts_Gomory is forbidden. So unforbidden it for the ILS initial configuration at iteration 9.
[INFO]:[04:19:03] Warning: Initial value for parameter CPXPARAM_MIP_Strategy_Probe is forbidden. So unforbidden it for the ILS initial configuration at iteration 9.
[INFO]:[04:19:03] Warning: Initial configuration contains a forbidden tuple. So unforbidden it for ILS at iteration 9.
[INFO]:[04:19:03] ILS search space file written: /scratch/yorig/mpils-results-grid-ticks-10000-7may/medium-2/24proc-4pils/seed-2/6_sorrell3_seed-2_20260510_041416/iterated_local_search/search_space/search_space_file_9_worker_5.txt
[INFO]:[04:19:03] Writing ILS search space file for worker 6...
[INFO]:[04:19:03] Warning: Initial value for parameter CPXPARAM_MIP_Cuts_Cliques is forbidden. So unforbidden it for the ILS initial configuration at iteration 9.
[INFO]:[04:19:03] Warning: Initial value for parameter CPXPARAM_MIP_Strategy_Probe is forbidden. So unforbidden it for the ILS initial configuration at iteration 9.
[INFO]:[04:19:03] Warning: Initial value for parameter CPXPARAM_MIP_Strategy_VariableSelect is forbidden. So unforbidden it for the ILS initial configuration at iteration 9.
[INFO]:[04:19:03] ILS search space file written: /scratch/yorig/mpils-results-grid-ticks-10000-7may/medium-2/24proc-4pils/seed-2/6_sorrell3_seed-2_20260510_041416/iterated_local_search/search_space/search_space_file_9_worker_6.txt
[INFO]:[04:19:03] Writing ILS search space file for worker 7...
[INFO]:[04:19:03] Warning: Initial value for parameter CPXPARAM_MIP_Cuts_Cliques is forbidden. So unforbidden it for the ILS initial configuration at iteration 9.
[INFO]:[04:19:03] Warning: Initial value for parameter CPXPARAM_MIP_Cuts_Gomory is forbidden. So unforbidden it for the ILS initial configuration at iteration 9.
[INFO]:[04:19:03] Warning: Initial value for parameter CPXPARAM_MIP_Strategy_VariableSelect is forbidden. So unforbidden it for the ILS initial configuration at iteration 9.
[INFO]:[04:19:03] ILS search space file written: /scratch/yorig/mpils-results-grid-ticks-10000-7may/medium-2/24proc-4pils/seed-2/6_sorrell3_seed-2_20260510_041416/iterated_local_search/search_space/search_space_file_9_worker_7.txt
[INFO]:[04:19:03] Writing ILS search space file for worker 8...
[INFO]:[04:19:03] Warning: Initial value for parameter CPXPARAM_Emphasis_MIP is forbidden. So unforbidden it for the ILS initial configuration at iteration 9.
[INFO]:[04:19:03] Warning: Initial value for parameter CPXPARAM_MIP_Cuts_Cliques is forbidden. So unforbidden it for the ILS initial configuration at iteration 9.
[INFO]:[04:19:03] Warning: Initial value for parameter CPXPARAM_MIP_Strategy_Probe is forbidden. So unforbidden it for the ILS initial configuration at iteration 9.
[INFO]:[04:19:03] Warning: Initial configuration contains a forbidden tuple. So unforbidden it for ILS at iteration 9.
[INFO]:[04:19:03] Warning: Initial configuration contains a forbidden tuple. So unforbidden it for ILS at iteration 9.
[INFO]:[04:19:03] Warning: Initial configuration contains a forbidden tuple. So unforbidden it for ILS at iteration 9.
[INFO]:[04:19:03] Warning: Initial configuration contains a forbidden tuple. So unforbidden it for ILS at iteration 9.
[INFO]:[04:19:03] Warning: Initial configuration contains a forbidden tuple. So unforbidden it for ILS at iteration 9.
[INFO]:[04:19:03] Warning: Initial configuration contains a forbidden tuple. So unforbidden it for ILS at iteration 9.
[INFO]:[04:19:03] Warning: Initial configuration contains a forbidden tuple. So unforbidden it for ILS at iteration 9.
[INFO]:[04:19:03] Warning: Initial configuration contains a forbidden tuple. So unforbidden it for ILS at iteration 9.
[INFO]:[04:19:03] ILS search space file written: /scratch/yorig/mpils-results-grid-ticks-10000-7may/medium-2/24proc-4pils/seed-2/6_sorrell3_seed-2_20260510_041416/iterated_local_search/search_space/search_space_file_9_worker_8.txt
[INFO]:[04:19:03] Writing ILS search space file for worker 9...
[INFO]:[04:19:03] Warning: Initial value for parameter CPXPARAM_Emphasis_MIP is forbidden. So unforbidden it for the ILS initial configuration at iteration 9.
[INFO]:[04:19:03] Warning: Initial value for parameter CPXPARAM_MIP_Strategy_Probe is forbidden. So unforbidden it for the ILS initial configuration at iteration 9.
[INFO]:[04:19:03] Warning: Initial configuration contains a forbidden tuple. So unforbidden it for ILS at iteration 9.
[INFO]:[04:19:03] Warning: Initial configuration contains a forbidden tuple. So unforbidden it for ILS at iteration 9.
[INFO]:[04:19:03] ILS search space file written: /scratch/yorig/mpils-results-grid-ticks-10000-7may/medium-2/24proc-4pils/seed-2/6_sorrell3_seed-2_20260510_041416/iterated_local_search/search_space/search_space_file_9_worker_9.txt
[INFO]:[04:19:03] Writing ILS search space file for worker 10...
[INFO]:[04:19:03] Warning: Initial value for parameter CPXPARAM_Emphasis_MIP is forbidden. So unforbidden it for the ILS initial configuration at iteration 9.
[INFO]:[04:19:03] Warning: Initial configuration contains a forbidden tuple. So unforbidden it for ILS at iteration 9.
[INFO]:[04:19:03] ILS search space file written: /scratch/yorig/mpils-results-grid-ticks-10000-7may/medium-2/24proc-4pils/seed-2/6_sorrell3_seed-2_20260510_041416/iterated_local_search/search_space/search_space_file_9_worker_10.txt
[INFO]:[04:19:03] Writing ILS search space file for worker 11...
[INFO]:[04:19:03] Warning: Initial value for parameter CPXPARAM_Emphasis_MIP is forbidden. So unforbidden it for the ILS initial configuration at iteration 9.
[INFO]:[04:19:03] Warning: Initial value for parameter CPXPARAM_MIP_Cuts_Cliques is forbidden. So unforbidden it for the ILS initial configuration at iteration 9.
[INFO]:[04:19:03] Warning: Initial value for parameter CPXPARAM_MIP_Cuts_FlowCovers is forbidden. So unforbidden it for the ILS initial configuration at iteration 9.
[INFO]:[04:19:03] Warning: Initial configuration contains a forbidden tuple. So unforbidden it for ILS at iteration 9.
[INFO]:[04:19:03] Warning: Initial configuration contains a forbidden tuple. So unforbidden it for ILS at iteration 9.
[INFO]:[04:19:03] Warning: Initial configuration contains a forbidden tuple. So unforbidden it for ILS at iteration 9.
[INFO]:[04:19:03] Warning: Initial configuration contains a forbidden tuple. So unforbidden it for ILS at iteration 9.
[INFO]:[04:19:03] Warning: Initial configuration contains a forbidden tuple. So unforbidden it for ILS at iteration 9.
[INFO]:[04:19:03] ILS search space file written: /scratch/yorig/mpils-results-grid-ticks-10000-7may/medium-2/24proc-4pils/seed-2/6_sorrell3_seed-2_20260510_041416/iterated_local_search/search_space/search_space_file_9_worker_11.txt
[INFO]:[04:19:03] Writing ILS search space file for worker 12...
[INFO]:[04:19:03] Warning: Initial value for parameter CPXPARAM_Emphasis_MIP is forbidden. So unforbidden it for the ILS initial configuration at iteration 9.
[INFO]:[04:19:03] Warning: Initial value for parameter CPXPARAM_MIP_Cuts_FlowCovers is forbidden. So unforbidden it for the ILS initial configuration at iteration 9.
[INFO]:[04:19:03] Warning: Initial value for parameter CPXPARAM_MIP_Cuts_Gomory is forbidden. So unforbidden it for the ILS initial configuration at iteration 9.
[INFO]:[04:19:03] Warning: Initial value for parameter CPXPARAM_MIP_Strategy_Probe is forbidden. So unforbidden it for the ILS initial configuration at iteration 9.
[INFO]:[04:19:03] Warning: Initial configuration contains a forbidden tuple. So unforbidden it for ILS at iteration 9.
[INFO]:[04:19:03] ILS search space file written: /scratch/yorig/mpils-results-grid-ticks-10000-7may/medium-2/24proc-4pils/seed-2/6_sorrell3_seed-2_20260510_041416/iterated_local_search/search_space/search_space_file_9_worker_12.txt
[INFO]:[04:19:03] Writing ILS search space file for worker 13...
[INFO]:[04:19:03] Warning: Initial value for parameter CPXPARAM_MIP_Cuts_Cliques is forbidden. So unforbidden it for the ILS initial configuration at iteration 9.
[INFO]:[04:19:03] Warning: Initial value for parameter CPXPARAM_MIP_Cuts_Gomory is forbidden. So unforbidden it for the ILS initial configuration at iteration 9.
[INFO]:[04:19:03] Warning: Initial configuration contains a forbidden tuple. So unforbidden it for ILS at iteration 9.
[INFO]:[04:19:03] Warning: Initial configuration contains a forbidden tuple. So unforbidden it for ILS at iteration 9.
[INFO]:[04:19:03] ILS search space file written: /scratch/yorig/mpils-results-grid-ticks-10000-7may/medium-2/24proc-4pils/seed-2/6_sorrell3_seed-2_20260510_041416/iterated_local_search/search_space/search_space_file_9_worker_13.txt
[INFO]:[04:19:03] Writing ILS search space file for worker 14...
[INFO]:[04:19:03] Warning: Initial value for parameter CPXPARAM_Emphasis_MIP is forbidden. So unforbidden it for the ILS initial configuration at iteration 9.
[INFO]:[04:19:03] Warning: Initial value for parameter CPXPARAM_MIP_Cuts_Cliques is forbidden. So unforbidden it for the ILS initial configuration at iteration 9.
[INFO]:[04:19:03] Warning: Initial configuration contains a forbidden tuple. So unforbidden it for ILS at iteration 9.
[INFO]:[04:19:03] Warning: Initial configuration contains a forbidden tuple. So unforbidden it for ILS at iteration 9.
[INFO]:[04:19:03] ILS search space file written: /scratch/yorig/mpils-results-grid-ticks-10000-7may/medium-2/24proc-4pils/seed-2/6_sorrell3_seed-2_20260510_041416/iterated_local_search/search_space/search_space_file_9_worker_14.txt
[INFO]:[04:19:03] Writing ILS search space file for worker 15...
[INFO]:[04:19:03] Warning: Initial value for parameter CPXPARAM_Emphasis_MIP is forbidden. So unforbidden it for the ILS initial configuration at iteration 9.
[INFO]:[04:19:03] Warning: Initial value for parameter CPXPARAM_MIP_Cuts_Cliques is forbidden. So unforbidden it for the ILS initial configuration at iteration 9.
[INFO]:[04:19:03] Warning: Initial configuration contains a forbidden tuple. So unforbidden it for ILS at iteration 9.
[INFO]:[04:19:03] Warning: Initial configuration contains a forbidden tuple. So unforbidden it for ILS at iteration 9.
[INFO]:[04:19:03] Warning: Initial configuration contains a forbidden tuple. So unforbidden it for ILS at iteration 9.
[INFO]:[04:19:03] Warning: Initial configuration contains a forbidden tuple. So unforbidden it for ILS at iteration 9.
[INFO]:[04:19:03] Warning: Initial configuration contains a forbidden tuple. So unforbidden it for ILS at iteration 9.
[INFO]:[04:19:03] Warning: Initial configuration contains a forbidden tuple. So unforbidden it for ILS at iteration 9.
[INFO]:[04:19:03] ILS search space file written: /scratch/yorig/mpils-results-grid-ticks-10000-7may/medium-2/24proc-4pils/seed-2/6_sorrell3_seed-2_20260510_041416/iterated_local_search/search_space/search_space_file_9_worker_15.txt
[INFO]:[04:19:03] Writing ILS search space file for worker 16...
[INFO]:[04:19:03] Warning: Initial value for parameter CPXPARAM_MIP_Cuts_Gomory is forbidden. So unforbidden it for the ILS initial configuration at iteration 9.
[INFO]:[04:19:03] Warning: Initial configuration contains a forbidden tuple. So unforbidden it for ILS at iteration 9.
[INFO]:[04:19:03] ILS search space file written: /scratch/yorig/mpils-results-grid-ticks-10000-7may/medium-2/24proc-4pils/seed-2/6_sorrell3_seed-2_20260510_041416/iterated_local_search/search_space/search_space_file_9_worker_16.txt
[INFO]:[04:19:03] Writing ILS search space file for worker 17...
[INFO]:[04:19:03] Warning: Initial value for parameter CPXPARAM_MIP_Strategy_Probe is forbidden. So unforbidden it for the ILS initial configuration at iteration 9.
[INFO]:[04:19:03] Warning: Initial value for parameter CPXPARAM_MIP_Strategy_VariableSelect is forbidden. So unforbidden it for the ILS initial configuration at iteration 9.
[INFO]:[04:19:03] ILS search space file written: /scratch/yorig/mpils-results-grid-ticks-10000-7may/medium-2/24proc-4pils/seed-2/6_sorrell3_seed-2_20260510_041416/iterated_local_search/search_space/search_space_file_9_worker_17.txt
[INFO]:[04:19:03] Writing ILS search space file for worker 18...
[INFO]:[04:19:03] ILS search space file written: /scratch/yorig/mpils-results-grid-ticks-10000-7may/medium-2/24proc-4pils/seed-2/6_sorrell3_seed-2_20260510_041416/iterated_local_search/search_space/search_space_file_9_worker_18.txt
[INFO]:[04:19:03] Writing ILS search space file for worker 19...
[INFO]:[04:19:03] Warning: Initial value for parameter CPXPARAM_Emphasis_MIP is forbidden. So unforbidden it for the ILS initial configuration at iteration 9.
[INFO]:[04:19:03] Warning: Initial value for parameter CPXPARAM_MIP_Cuts_Cliques is forbidden. So unforbidden it for the ILS initial configuration at iteration 9.
[INFO]:[04:19:03] Warning: Initial value for parameter CPXPARAM_MIP_Cuts_FlowCovers is forbidden. So unforbidden it for the ILS initial configuration at iteration 9.
[INFO]:[04:19:03] Warning: Initial value for parameter CPXPARAM_MIP_Strategy_Probe is forbidden. So unforbidden it for the ILS initial configuration at iteration 9.
[INFO]:[04:19:03] Warning: Initial configuration contains a forbidden tuple. So unforbidden it for ILS at iteration 9.
[INFO]:[04:19:03] Warning: Initial configuration contains a forbidden tuple. So unforbidden it for ILS at iteration 9.
[INFO]:[04:19:03] Warning: Initial configuration contains a forbidden tuple. So unforbidden it for ILS at iteration 9.
[INFO]:[04:19:03] Warning: Initial configuration contains a forbidden tuple. So unforbidden it for ILS at iteration 9.
[INFO]:[04:19:03] Warning: Initial configuration contains a forbidden tuple. So unforbidden it for ILS at iteration 9.
[INFO]:[04:19:03] ILS search space file written: /scratch/yorig/mpils-results-grid-ticks-10000-7may/medium-2/24proc-4pils/seed-2/6_sorrell3_seed-2_20260510_041416/iterated_local_search/search_space/search_space_file_9_worker_19.txt
[INFO]:[04:19:03] Writing ILS search space file for worker 20...
[INFO]:[04:19:03] Warning: Initial value for parameter CPXPARAM_MIP_Cuts_Cliques is forbidden. So unforbidden it for the ILS initial configuration at iteration 9.
[INFO]:[04:19:03] Warning: Initial value for parameter CPXPARAM_MIP_Strategy_VariableSelect is forbidden. So unforbidden it for the ILS initial configuration at iteration 9.
[INFO]:[04:19:03] ILS search space file written: /scratch/yorig/mpils-results-grid-ticks-10000-7may/medium-2/24proc-4pils/seed-2/6_sorrell3_seed-2_20260510_041416/iterated_local_search/search_space/search_space_file_9_worker_20.txt
[INFO]:[04:19:03] Writing ILS search space file for worker 21...
[INFO]:[04:19:03] Warning: Initial value for parameter CPXPARAM_Emphasis_MIP is forbidden. So unforbidden it for the ILS initial configuration at iteration 9.
[INFO]:[04:19:04] Warning: Initial value for parameter CPXPARAM_MIP_Cuts_Cliques is forbidden. So unforbidden it for the ILS initial configuration at iteration 9.
[INFO]:[04:19:04] Warning: Initial configuration contains a forbidden tuple. So unforbidden it for ILS at iteration 9.
[INFO]:[04:19:04] ILS search space file written: /scratch/yorig/mpils-results-grid-ticks-10000-7may/medium-2/24proc-4pils/seed-2/6_sorrell3_seed-2_20260510_041416/iterated_local_search/search_space/search_space_file_9_worker_21.txt
[INFO]:[04:19:04] Writing ILS search space file for worker 22...
[INFO]:[04:19:04] ILS search space file written: /scratch/yorig/mpils-results-grid-ticks-10000-7may/medium-2/24proc-4pils/seed-2/6_sorrell3_seed-2_20260510_041416/iterated_local_search/search_space/search_space_file_9_worker_22.txt
[INFO]:[04:19:04] Writing ILS search space file for worker 23...
[INFO]:[04:19:04] Warning: Initial value for parameter CPXPARAM_Emphasis_MIP is forbidden. So unforbidden it for the ILS initial configuration at iteration 9.
[INFO]:[04:19:04] Warning: Initial value for parameter CPXPARAM_MIP_Cuts_Cliques is forbidden. So unforbidden it for the ILS initial configuration at iteration 9.
[INFO]:[04:19:04] Warning: Initial value for parameter CPXPARAM_MIP_Cuts_FlowCovers is forbidden. So unforbidden it for the ILS initial configuration at iteration 9.
[INFO]:[04:19:04] Warning: Initial value for parameter CPXPARAM_MIP_Strategy_Probe is forbidden. So unforbidden it for the ILS initial configuration at iteration 9.
[INFO]:[04:19:04] Warning: Initial configuration contains a forbidden tuple. So unforbidden it for ILS at iteration 9.
[INFO]:[04:19:04] Warning: Initial configuration contains a forbidden tuple. So unforbidden it for ILS at iteration 9.
[INFO]:[04:19:04] Warning: Initial configuration contains a forbidden tuple. So unforbidden it for ILS at iteration 9.
[INFO]:[04:19:04] Warning: Initial configuration contains a forbidden tuple. So unforbidden it for ILS at iteration 9.
[INFO]:[04:19:04] Warning: Initial configuration contains a forbidden tuple. So unforbidden it for ILS at iteration 9.
[INFO]:[04:19:04] Warning: Initial configuration contains a forbidden tuple. So unforbidden it for ILS at iteration 9.
[INFO]:[04:19:04] ILS search space file written: /scratch/yorig/mpils-results-grid-ticks-10000-7may/medium-2/24proc-4pils/seed-2/6_sorrell3_seed-2_20260510_041416/iterated_local_search/search_space/search_space_file_9_worker_23.txt
[INFO]:[04:19:04] Launching Local Search Workers via MPI...
[INFO]:[04:19:04] Local Search Workers launched.
[INFO]:[04:19:04] Starting local search phase...
[INFO]:[04:19:04] Creating local search space from parameter space file: /scratch/yorig/mpils-results-grid-ticks-10000-7may/medium-2/24proc-4pils/seed-2/6_sorrell3_seed-2_20260510_041416/iterated_local_search/search_space/search_space_file_9.txt
[INFO]:[04:19:04] Local search space loaded from file: /scratch/yorig/mpils-results-grid-ticks-10000-7may/medium-2/24proc-4pils/seed-2/6_sorrell3_seed-2_20260510_041416/iterated_local_search/search_space/search_space_file_9.txt
[INFO]:[04:19:04] Number of parameters in local search space: 71
[INFO]:[04:19:04] Number of forbidden tuples in local search space: 69
[INFO]:[04:19:04] Number of conditionals in local search space: 6
[INFO]:[04:19:04] MIP start option not enabled. Local search will proceed without MIP start.
[INFO]:[04:19:04] Seeded initial configuration into local search cache with known objective value: 32.12
[INFO]:[04:19:04] Starting CPLEX solver on instance: /home/yorig/tuner/mpils-tests/instances/miplib/medium-2/sorrell3.mps with config: /scratch/yorig/mpils-results-grid-ticks-10000-7may/medium-2/24proc-4pils/seed-2/6_sorrell3_seed-2_20260510_041416/iterated_local_search/run_9_worker_0/ils_config_11967186563819558289.prm
[INFO]:[04:19:04] Starting CPLEX solver on instance: /home/yorig/tuner/mpils-tests/instances/miplib/medium-2/sorrell3.mps with config: /scratch/yorig/mpils-results-grid-ticks-10000-7may/medium-2/24proc-4pils/seed-2/6_sorrell3_seed-2_20260510_041416/iterated_local_search/run_9_worker_0/ils_config_11967186563819558289.prm
[INFO]:[04:19:09] CPLEX results. Gap: 31.910000, upper bound: -15.000000, lower bound: -19.786994
[INFO]:[04:19:09] CPLEX solver finished. Gap: 31.910000
[INFO]:[04:19:09] New incumbent found with objective value: 31.91
[INFO]:[04:19:09] Starting CPLEX solver on instance: /home/yorig/tuner/mpils-tests/instances/miplib/medium-2/sorrell3.mps with config: /scratch/yorig/mpils-results-grid-ticks-10000-7may/medium-2/24proc-4pils/seed-2/6_sorrell3_seed-2_20260510_041416/iterated_local_search/run_9_worker_0/ils_config_15361848819525847619.prm
[INFO]:[04:19:09] Starting CPLEX solver on instance: /home/yorig/tuner/mpils-tests/instances/miplib/medium-2/sorrell3.mps with config: /scratch/yorig/mpils-results-grid-ticks-10000-7may/medium-2/24proc-4pils/seed-2/6_sorrell3_seed-2_20260510_041416/iterated_local_search/run_9_worker_0/ils_config_15361848819525847619.prm
[INFO]:[04:19:15] CPLEX results. Gap: 33.140000, upper bound: -15.000000, lower bound: -19.970346
[INFO]:[04:19:15] CPLEX solver finished. Gap: 33.140000
[INFO]:[04:19:15] Starting CPLEX solver on instance: /home/yorig/tuner/mpils-tests/instances/miplib/medium-2/sorrell3.mps with config: /scratch/yorig/mpils-results-grid-ticks-10000-7may/medium-2/24proc-4pils/seed-2/6_sorrell3_seed-2_20260510_041416/iterated_local_search/run_9_worker_0/ils_config_17285155498197391330.prm
[INFO]:[04:19:15] Starting CPLEX solver on instance: /home/yorig/tuner/mpils-tests/instances/miplib/medium-2/sorrell3.mps with config: /scratch/yorig/mpils-results-grid-ticks-10000-7may/medium-2/24proc-4pils/seed-2/6_sorrell3_seed-2_20260510_041416/iterated_local_search/run_9_worker_0/ils_config_17285155498197391330.prm
[INFO]:[04:19:21] CPLEX results. Gap: 23.860000, upper bound: -16.000000, lower bound: -19.817543
[INFO]:[04:19:21] CPLEX solver finished. Gap: 23.860000
[INFO]:[04:19:21] New incumbent found with objective value: 23.86
[INFO]:[04:19:21] Starting CPLEX solver on instance: /home/yorig/tuner/mpils-tests/instances/miplib/medium-2/sorrell3.mps with config: /scratch/yorig/mpils-results-grid-ticks-10000-7may/medium-2/24proc-4pils/seed-2/6_sorrell3_seed-2_20260510_041416/iterated_local_search/run_9_worker_0/ils_config_5587257195533474725.prm
[INFO]:[04:19:21] Starting CPLEX solver on instance: /home/yorig/tuner/mpils-tests/instances/miplib/medium-2/sorrell3.mps with config: /scratch/yorig/mpils-results-grid-ticks-10000-7may/medium-2/24proc-4pils/seed-2/6_sorrell3_seed-2_20260510_041416/iterated_local_search/run_9_worker_0/ils_config_5587257195533474725.prm
[INFO]:[04:19:27] CPLEX results. Gap: 23.870000, upper bound: -16.000000, lower bound: -19.819166
[INFO]:[04:19:27] CPLEX solver finished. Gap: 23.870000
[INFO]:[04:19:27] Starting CPLEX solver on instance: /home/yorig/tuner/mpils-tests/instances/miplib/medium-2/sorrell3.mps with config: /scratch/yorig/mpils-results-grid-ticks-10000-7may/medium-2/24proc-4pils/seed-2/6_sorrell3_seed-2_20260510_041416/iterated_local_search/run_9_worker_0/ils_config_11967186563819558289.prm
[INFO]:[04:19:27] Starting CPLEX solver on instance: /home/yorig/tuner/mpils-tests/instances/miplib/medium-2/sorrell3.mps with config: /scratch/yorig/mpils-results-grid-ticks-10000-7may/medium-2/24proc-4pils/seed-2/6_sorrell3_seed-2_20260510_041416/iterated_local_search/run_9_worker_0/ils_config_11967186563819558289.prm
[INFO]:[04:19:32] CPLEX results. Gap: 31.910000, upper bound: -15.000000, lower bound: -19.786994
[INFO]:[04:19:32] CPLEX solver finished. Gap: 31.910000
[INFO]:[04:19:33] Starting CPLEX solver on instance: /home/yorig/tuner/mpils-tests/instances/miplib/medium-2/sorrell3.mps with config: /scratch/yorig/mpils-results-grid-ticks-10000-7may/medium-2/24proc-4pils/seed-2/6_sorrell3_seed-2_20260510_041416/iterated_local_search/run_9_worker_0/ils_config_10739445091095835587.prm
[INFO]:[04:19:33] Starting CPLEX solver on instance: /home/yorig/tuner/mpils-tests/instances/miplib/medium-2/sorrell3.mps with config: /scratch/yorig/mpils-results-grid-ticks-10000-7may/medium-2/24proc-4pils/seed-2/6_sorrell3_seed-2_20260510_041416/iterated_local_search/run_9_worker_0/ils_config_10739445091095835587.prm
[INFO]:[04:19:39] CPLEX results. Gap: 23.860000, upper bound: -16.000000, lower bound: -19.817543
[INFO]:[04:19:39] CPLEX solver finished. Gap: 23.860000
[INFO]:[04:19:39] Starting CPLEX solver on instance: /home/yorig/tuner/mpils-tests/instances/miplib/medium-2/sorrell3.mps with config: /scratch/yorig/mpils-results-grid-ticks-10000-7may/medium-2/24proc-4pils/seed-2/6_sorrell3_seed-2_20260510_041416/iterated_local_search/run_9_worker_0/ils_config_331488841156725981.prm
[INFO]:[04:19:39] Starting CPLEX solver on instance: /home/yorig/tuner/mpils-tests/instances/miplib/medium-2/sorrell3.mps with config: /scratch/yorig/mpils-results-grid-ticks-10000-7may/medium-2/24proc-4pils/seed-2/6_sorrell3_seed-2_20260510_041416/iterated_local_search/run_9_worker_0/ils_config_331488841156725981.prm
[INFO]:[04:19:44] CPLEX results. Gap: 32.120000, upper bound: -15.000000, lower bound: -19.817619
[INFO]:[04:19:44] CPLEX solver finished. Gap: 32.120000
[INFO]:[04:19:45] Starting CPLEX solver on instance: /home/yorig/tuner/mpils-tests/instances/miplib/medium-2/sorrell3.mps with config: /scratch/yorig/mpils-results-grid-ticks-10000-7may/medium-2/24proc-4pils/seed-2/6_sorrell3_seed-2_20260510_041416/iterated_local_search/run_9_worker_0/ils_config_4403462579477530441.prm
[INFO]:[04:19:45] Starting CPLEX solver on instance: /home/yorig/tuner/mpils-tests/instances/miplib/medium-2/sorrell3.mps with config: /scratch/yorig/mpils-results-grid-ticks-10000-7may/medium-2/24proc-4pils/seed-2/6_sorrell3_seed-2_20260510_041416/iterated_local_search/run_9_worker_0/ils_config_4403462579477530441.prm
[INFO]:[04:19:50] CPLEX results. Gap: 23.860000, upper bound: -16.000000, lower bound: -19.817543
[INFO]:[04:19:50] CPLEX solver finished. Gap: 23.860000
[INFO]:[04:19:54] Local search phase completed.
[INFO]:[04:19:54] Total number of new local-search evaluations: 32
[INFO]:[04:19:54] Final incumbent objective value: 23.86
[INFO]:[04:19:54] recordEvaluation produced_mip_start=0 mip_start_file=''
[DEBUG]:[04:19:54] Added evaluation to memory with objective: 31.91, ConfigId: 11967186563819558289, EvalId: 925. Total evaluations stored: 925
[INFO]:[04:19:54] recordEvaluation produced_mip_start=0 mip_start_file=''
[DEBUG]:[04:19:54] Added evaluation to memory with objective: 32.13, ConfigId: 15875571691303089108, EvalId: 926. Total evaluations stored: 926
[INFO]:[04:19:54] recordEvaluation produced_mip_start=0 mip_start_file=''
[DEBUG]:[04:19:54] Added evaluation to memory with objective: 32.12, ConfigId: 18154021182527681920, EvalId: 927. Total evaluations stored: 927
[INFO]:[04:19:54] recordEvaluation produced_mip_start=0 mip_start_file=''
[DEBUG]:[04:19:54] Added evaluation to memory with objective: 32.12, ConfigId: 14546604925926397059, EvalId: 928. Total evaluations stored: 928
[INFO]:[04:19:54] recordEvaluation produced_mip_start=0 mip_start_file=''
[DEBUG]:[04:19:54] Added evaluation to memory with objective: 33.14, ConfigId: 15361848819525847619, EvalId: 929. Total evaluations stored: 929
[INFO]:[04:19:54] recordEvaluation produced_mip_start=0 mip_start_file=''
[DEBUG]:[04:19:54] Added evaluation to memory with objective: 31.91, ConfigId: 17745246103102259278, EvalId: 930. Total evaluations stored: 930
[INFO]:[04:19:54] recordEvaluation produced_mip_start=0 mip_start_file=''
[DEBUG]:[04:19:54] Added evaluation to memory with objective: 32.12, ConfigId: 12922533632776215281, EvalId: 931. Total evaluations stored: 931
[INFO]:[04:19:54] recordEvaluation produced_mip_start=0 mip_start_file=''
[DEBUG]:[04:19:54] Added evaluation to memory with objective: 31.91, ConfigId: 9748065625720153093, EvalId: 932. Total evaluations stored: 932
[INFO]:[04:19:54] recordEvaluation produced_mip_start=0 mip_start_file=''
[INFO]:[04:19:54] ***************
[INFO]:[04:19:54] New best evaluation without MIP start found at time 303s, with objective 23.86 and configuration ID 17285155498197391330
[INFO]:[04:19:54] With config: 17285155498197391330 -> 
Configuration: CPXPARAM_Advance=1 CPXPARAM_Barrier_Algorithm=0 CPXPARAM_Barrier_ColNonzeros=0 CPXPARAM_Barrier_Crossover=0 CPXPARAM_Barrier_Limits_Corrections=-1 CPXPARAM_Barrier_Ordering=0 CPXPARAM_Barrier_StartAlg=1 CPXPARAM_Emphasis_MIP=0 CPXPARAM_Emphasis_Memory=1 CPXPARAM_Emphasis_Numerical=0 CPXPARAM_Feasopt_Mode=0 CPXPARAM_LPMethod=0 CPXPARAM_MIP_Cuts_Cliques=0 CPXPARAM_MIP_Cuts_Covers=0 CPXPARAM_MIP_Cuts_Disjunctive=0 CPXPARAM_MIP_Cuts_FlowCovers=0 CPXPARAM_MIP_Cuts_GUBCovers=0 CPXPARAM_MIP_Cuts_Gomory=0 CPXPARAM_MIP_Cuts_Implied=0 CPXPARAM_MIP_Cuts_MIRCut=0 CPXPARAM_MIP_Cuts_PathCut=0 CPXPARAM_MIP_Limits_AggForCut=3 CPXPARAM_MIP_Limits_CutPasses=0 CPXPARAM_MIP_Limits_CutsFactor=-1 CPXPARAM_MIP_Limits_GomoryCand=100 CPXPARAM_MIP_Limits_GomoryPass=0 CPXPARAM_MIP_Limits_Nodes=9223372036800000000 CPXPARAM_MIP_Limits_ProbeTime=1e+75 CPXPARAM_MIP_Limits_RepairTries=0 CPXPARAM_MIP_Limits_StrongCand=10 CPXPARAM_MIP_Limits_StrongIt=0 CPXPARAM_MIP_OrderType=0 CPXPARAM_MIP_Strategy_BBInterval=7 CPXPARAM_MIP_Strategy_Branch=0 CPXPARAM_MIP_Strategy_Dive=0 CPXPARAM_MIP_Strategy_File=1 CPXPARAM_MIP_Strategy_HeuristicFreq=0 CPXPARAM_MIP_Strategy_LBHeur=0 CPXPARAM_MIP_Strategy_NodeSelect=1 CPXPARAM_MIP_Strategy_Order=1 CPXPARAM_MIP_Strategy_PresolveNode=0 CPXPARAM_MIP_Strategy_Probe=0 CPXPARAM_MIP_Strategy_RINSHeur=0 CPXPARAM_MIP_Strategy_StartAlgorithm=4 CPXPARAM_MIP_Strategy_SubAlgorithm=0 CPXPARAM_MIP_Strategy_VariableSelect=0 CPXPARAM_Network_NetFind=2 CPXPARAM_Network_Pricing=0 CPXPARAM_Parallel=1 CPXPARAM_Preprocessing_Aggregator=-1 CPXPARAM_Preprocessing_BoundStrength=-1 CPXPARAM_Preprocessing_CoeffReduce=-1 CPXPARAM_Preprocessing_Dependency=-1 CPXPARAM_Preprocessing_Dual=0 CPXPARAM_Preprocessing_Fill=10 CPXPARAM_Preprocessing_NumPass=-1 CPXPARAM_Preprocessing_Presolve=1 CPXPARAM_Preprocessing_QPMakePSD=1 CPXPARAM_Preprocessing_Reduce=3 CPXPARAM_Preprocessing_Relax=-1 CPXPARAM_Preprocessing_RepeatPresolve=-1 CPXPARAM_Preprocessing_Symmetry=-1 CPXPARAM_Read_Scale=0 CPXPARAM_Sifting_Algorithm=0 CPXPARAM_Simplex_Crash=1 CPXPARAM_Simplex_DGradient=0 CPXPARAM_Simplex_Limits_Perturbation=0 CPXPARAM_Simplex_Limits_Singularity=10 CPXPARAM_Simplex_PGradient=0 CPXPARAM_Simplex_Pricing=0 CPXPARAM_Simplex_Refactor=0 | MIP Start: No 
[INFO]:[04:19:54] ***************
[DEBUG]:[04:19:54] Added evaluation to memory with objective: 23.86, ConfigId: 17285155498197391330, EvalId: 933. Total evaluations stored: 933
[INFO]:[04:19:54] recordEvaluation produced_mip_start=0 mip_start_file=''
[DEBUG]:[04:19:54] Added evaluation to memory with objective: 32.02, ConfigId: 16716149206831740973, EvalId: 934. Total evaluations stored: 934
[INFO]:[04:19:54] recordEvaluation produced_mip_start=0 mip_start_file=''
[DEBUG]:[04:19:54] Added evaluation to memory with objective: 32.03, ConfigId: 17080660020560297689, EvalId: 935. Total evaluations stored: 935
[INFO]:[04:19:54] recordEvaluation produced_mip_start=0 mip_start_file=''
[DEBUG]:[04:19:54] Added evaluation to memory with objective: 31.91, ConfigId: 12002403800113660315, EvalId: 936. Total evaluations stored: 936
[INFO]:[04:19:54] recordEvaluation produced_mip_start=0 mip_start_file=''
[DEBUG]:[04:19:54] Added evaluation to memory with objective: 23.87, ConfigId: 5587257195533474725, EvalId: 937. Total evaluations stored: 937
[INFO]:[04:19:54] recordEvaluation produced_mip_start=0 mip_start_file=''
[DEBUG]:[04:19:54] Added evaluation to memory with objective: 23.86, ConfigId: 1155649061950596270, EvalId: 938. Total evaluations stored: 938
[INFO]:[04:19:54] recordEvaluation produced_mip_start=0 mip_start_file=''
[DEBUG]:[04:19:54] Added evaluation to memory with objective: 23.86, ConfigId: 11485539941456778734, EvalId: 939. Total evaluations stored: 939
[INFO]:[04:19:54] recordEvaluation produced_mip_start=0 mip_start_file=''
[DEBUG]:[04:19:54] Added evaluation to memory with objective: 23.86, ConfigId: 13141160682693020876, EvalId: 940. Total evaluations stored: 940
[INFO]:[04:19:54] recordEvaluation produced_mip_start=0 mip_start_file=''
[DEBUG]:[04:19:54] Added evaluation to memory with objective: 31.91, ConfigId: 11967186563819558289, EvalId: 941. Total evaluations stored: 941
[INFO]:[04:19:54] recordEvaluation produced_mip_start=0 mip_start_file=''
[DEBUG]:[04:19:54] Added evaluation to memory with objective: 23.86, ConfigId: 5898852971572198513, EvalId: 942. Total evaluations stored: 942
[INFO]:[04:19:54] recordEvaluation produced_mip_start=0 mip_start_file=''
[DEBUG]:[04:19:54] Added evaluation to memory with objective: 23.86, ConfigId: 4154866425810634540, EvalId: 943. Total evaluations stored: 943
[INFO]:[04:19:54] recordEvaluation produced_mip_start=0 mip_start_file=''
[DEBUG]:[04:19:54] Added evaluation to memory with objective: 23.86, ConfigId: 2375269699810153000, EvalId: 944. Total evaluations stored: 944
[INFO]:[04:19:54] recordEvaluation produced_mip_start=0 mip_start_file=''
[DEBUG]:[04:19:54] Added evaluation to memory with objective: 23.86, ConfigId: 10739445091095835587, EvalId: 945. Total evaluations stored: 945
[INFO]:[04:19:54] recordEvaluation produced_mip_start=0 mip_start_file=''
[DEBUG]:[04:19:54] Added evaluation to memory with objective: 33.14, ConfigId: 1674757542053197873, EvalId: 946. Total evaluations stored: 946
[INFO]:[04:19:54] recordEvaluation produced_mip_start=0 mip_start_file=''
[DEBUG]:[04:19:54] Added evaluation to memory with objective: 23.86, ConfigId: 8841995607856857716, EvalId: 947. Total evaluations stored: 947
[INFO]:[04:19:54] recordEvaluation produced_mip_start=0 mip_start_file=''
[DEBUG]:[04:19:54] Added evaluation to memory with objective: 23.86, ConfigId: 13016465792987001775, EvalId: 948. Total evaluations stored: 948
[INFO]:[04:19:54] recordEvaluation produced_mip_start=0 mip_start_file=''
[DEBUG]:[04:19:54] Added evaluation to memory with objective: 32.12, ConfigId: 331488841156725981, EvalId: 949. Total evaluations stored: 949
[INFO]:[04:19:54] recordEvaluation produced_mip_start=0 mip_start_file=''
[DEBUG]:[04:19:54] Added evaluation to memory with objective: 37.13, ConfigId: 15756574763196576929, EvalId: 950. Total evaluations stored: 950
[INFO]:[04:19:54] recordEvaluation produced_mip_start=0 mip_start_file=''
[DEBUG]:[04:19:54] Added evaluation to memory with objective: 23.87, ConfigId: 4067242713014994751, EvalId: 951. Total evaluations stored: 951
[INFO]:[04:19:54] recordEvaluation produced_mip_start=0 mip_start_file=''
[DEBUG]:[04:19:54] Added evaluation to memory with objective: 32.53, ConfigId: 6646979086087063790, EvalId: 952. Total evaluations stored: 952
[INFO]:[04:19:54] recordEvaluation produced_mip_start=0 mip_start_file=''
[DEBUG]:[04:19:54] Added evaluation to memory with objective: 23.86, ConfigId: 4403462579477530441, EvalId: 953. Total evaluations stored: 953
[INFO]:[04:19:54] recordEvaluation produced_mip_start=0 mip_start_file=''
[DEBUG]:[04:19:54] Added evaluation to memory with objective: 3823.08, ConfigId: 7700014575349207631, EvalId: 954. Total evaluations stored: 954
[INFO]:[04:19:54] recordEvaluation produced_mip_start=0 mip_start_file=''
[DEBUG]:[04:19:54] Added evaluation to memory with objective: 32.12, ConfigId: 4488003697844472256, EvalId: 955. Total evaluations stored: 955
[INFO]:[04:19:54] recordEvaluation produced_mip_start=0 mip_start_file=''
[DEBUG]:[04:19:54] Added evaluation to memory with objective: 23.86, ConfigId: 9312650023263055122, EvalId: 956. Total evaluations stored: 956
[INFO]:[04:19:54] Waiting for Local Search Workers via MPI...
[INFO]:[04:21:01] Local Search Workers have completed.
[INFO]:[04:21:01] recordEvaluation produced_mip_start=0 mip_start_file=''
[DEBUG]:[04:21:01] Added evaluation to memory with objective: 3310, ConfigId: 12343835414804523450, EvalId: 957. Total evaluations stored: 957
[INFO]:[04:21:01] recordEvaluation produced_mip_start=0 mip_start_file=''
[DEBUG]:[04:21:01] Added evaluation to memory with objective: 3313.33, ConfigId: 2586673235848503602, EvalId: 958. Total evaluations stored: 958
[INFO]:[04:21:01] recordEvaluation produced_mip_start=0 mip_start_file=''
[DEBUG]:[04:21:01] Added evaluation to memory with objective: 42.92, ConfigId: 4461301753120714098, EvalId: 959. Total evaluations stored: 959
[INFO]:[04:21:01] recordEvaluation produced_mip_start=0 mip_start_file=''
[DEBUG]:[04:21:01] Added evaluation to memory with objective: 42.92, ConfigId: 2158921822423756300, EvalId: 960. Total evaluations stored: 960
[INFO]:[04:21:01] recordEvaluation produced_mip_start=0 mip_start_file=''
[DEBUG]:[04:21:01] Added evaluation to memory with objective: 42.92, ConfigId: 16835960420117190578, EvalId: 961. Total evaluations stored: 961
[INFO]:[04:21:01] recordEvaluation produced_mip_start=0 mip_start_file=''
[DEBUG]:[04:21:01] Added evaluation to memory with objective: 42.92, ConfigId: 13592376371809565944, EvalId: 962. Total evaluations stored: 962
[INFO]:[04:21:01] recordEvaluation produced_mip_start=0 mip_start_file=''
[DEBUG]:[04:21:01] Added evaluation to memory with objective: 42.92, ConfigId: 14494425545622499026, EvalId: 963. Total evaluations stored: 963
[INFO]:[04:21:01] recordEvaluation produced_mip_start=0 mip_start_file=''
[DEBUG]:[04:21:01] Added evaluation to memory with objective: 42.92, ConfigId: 6474779896156041034, EvalId: 964. Total evaluations stored: 964
[INFO]:[04:21:01] recordEvaluation produced_mip_start=0 mip_start_file=''
[DEBUG]:[04:21:01] Added evaluation to memory with objective: 42.92, ConfigId: 7672717499336809870, EvalId: 965. Total evaluations stored: 965
[INFO]:[04:21:01] recordEvaluation produced_mip_start=0 mip_start_file=''
[DEBUG]:[04:21:01] Added evaluation to memory with objective: 42.92, ConfigId: 5895303090246394145, EvalId: 966. Total evaluations stored: 966
[INFO]:[04:21:01] recordEvaluation produced_mip_start=0 mip_start_file=''
[DEBUG]:[04:21:01] Added evaluation to memory with objective: 42.92, ConfigId: 17961545914321054187, EvalId: 967. Total evaluations stored: 967
[INFO]:[04:21:01] recordEvaluation produced_mip_start=0 mip_start_file=''
[DEBUG]:[04:21:01] Added evaluation to memory with objective: 42.92, ConfigId: 5171508923663162315, EvalId: 968. Total evaluations stored: 968
[INFO]:[04:21:01] recordEvaluation produced_mip_start=0 mip_start_file=''
[DEBUG]:[04:21:01] Added evaluation to memory with objective: 42.92, ConfigId: 12286507686203846537, EvalId: 969. Total evaluations stored: 969
[INFO]:[04:21:01] recordEvaluation produced_mip_start=0 mip_start_file=''
[DEBUG]:[04:21:01] Added evaluation to memory with objective: 42.92, ConfigId: 11553751048754424174, EvalId: 970. Total evaluations stored: 970
[INFO]:[04:21:01] recordEvaluation produced_mip_start=0 mip_start_file=''
[DEBUG]:[04:21:01] Added evaluation to memory with objective: 41.91, ConfigId: 7732767467050590415, EvalId: 971. Total evaluations stored: 971
[INFO]:[04:21:01] recordEvaluation produced_mip_start=0 mip_start_file=''
[DEBUG]:[04:21:01] Added evaluation to memory with objective: 42.92, ConfigId: 7406413560821696592, EvalId: 972. Total evaluations stored: 972
[INFO]:[04:21:01] recordEvaluation produced_mip_start=0 mip_start_file=''
[DEBUG]:[04:21:01] Added evaluation to memory with objective: 41.91, ConfigId: 8914589249326122424, EvalId: 973. Total evaluations stored: 973
[INFO]:[04:21:01] recordEvaluation produced_mip_start=0 mip_start_file=''
[DEBUG]:[04:21:01] Added evaluation to memory with objective: 42.01, ConfigId: 4948086616723037461, EvalId: 974. Total evaluations stored: 974
[INFO]:[04:21:01] recordEvaluation produced_mip_start=0 mip_start_file=''
[DEBUG]:[04:21:01] Added evaluation to memory with objective: 41.91, ConfigId: 2726450476125516079, EvalId: 975. Total evaluations stored: 975
[INFO]:[04:21:01] recordEvaluation produced_mip_start=0 mip_start_file=''
[DEBUG]:[04:21:01] Added evaluation to memory with objective: 53.17, ConfigId: 3356359246322171144, EvalId: 976. Total evaluations stored: 976
[INFO]:[04:21:01] recordEvaluation produced_mip_start=0 mip_start_file=''
[DEBUG]:[04:21:01] Added evaluation to memory with objective: 41.91, ConfigId: 6879846326537286374, EvalId: 977. Total evaluations stored: 977
[INFO]:[04:21:01] recordEvaluation produced_mip_start=0 mip_start_file=''
[DEBUG]:[04:21:01] Added evaluation to memory with objective: 41.91, ConfigId: 16605733073173174394, EvalId: 978. Total evaluations stored: 978
[INFO]:[04:21:01] recordEvaluation produced_mip_start=0 mip_start_file=''
[DEBUG]:[04:21:01] Added evaluation to memory with objective: 41.91, ConfigId: 10432312854268042955, EvalId: 979. Total evaluations stored: 979
[INFO]:[04:21:01] recordEvaluation produced_mip_start=0 mip_start_file=''
[DEBUG]:[04:21:01] Added evaluation to memory with objective: 41.91, ConfigId: 6810244725570788923, EvalId: 980. Total evaluations stored: 980
[INFO]:[04:21:01] recordEvaluation produced_mip_start=0 mip_start_file=''
[DEBUG]:[04:21:01] Added evaluation to memory with objective: 41.91, ConfigId: 7406688400558850857, EvalId: 981. Total evaluations stored: 981
[INFO]:[04:21:01] recordEvaluation produced_mip_start=0 mip_start_file=''
[DEBUG]:[04:21:01] Added evaluation to memory with objective: 41.91, ConfigId: 12308381534460498284, EvalId: 982. Total evaluations stored: 982
[INFO]:[04:21:01] recordEvaluation produced_mip_start=0 mip_start_file=''
[DEBUG]:[04:21:01] Added evaluation to memory with objective: 42.79, ConfigId: 3576797076272291990, EvalId: 983. Total evaluations stored: 983
[INFO]:[04:21:01] recordEvaluation produced_mip_start=0 mip_start_file=''
[DEBUG]:[04:21:01] Added evaluation to memory with objective: 42.92, ConfigId: 2268852665604004941, EvalId: 984. Total evaluations stored: 984
[INFO]:[04:21:01] recordEvaluation produced_mip_start=0 mip_start_file=''
[DEBUG]:[04:21:01] Added evaluation to memory with objective: 41.91, ConfigId: 13319673055546680466, EvalId: 985. Total evaluations stored: 985
[INFO]:[04:21:01] recordEvaluation produced_mip_start=0 mip_start_file=''
[DEBUG]:[04:21:01] Added evaluation to memory with objective: 41.91, ConfigId: 14250466315026258908, EvalId: 986. Total evaluations stored: 986
[INFO]:[04:21:01] recordEvaluation produced_mip_start=0 mip_start_file=''
[DEBUG]:[04:21:01] Added evaluation to memory with objective: 41.91, ConfigId: 9512483454155963556, EvalId: 987. Total evaluations stored: 987
[INFO]:[04:21:01] recordEvaluation produced_mip_start=0 mip_start_file=''
[DEBUG]:[04:21:01] Added evaluation to memory with objective: 41.91, ConfigId: 2247108406316152271, EvalId: 988. Total evaluations stored: 988
[INFO]:[04:21:01] recordEvaluation produced_mip_start=0 mip_start_file=''
[DEBUG]:[04:21:01] Added evaluation to memory with objective: 55.44, ConfigId: 11356049984223430709, EvalId: 989. Total evaluations stored: 989
[INFO]:[04:21:01] recordEvaluation produced_mip_start=0 mip_start_file=''
[DEBUG]:[04:21:01] Added evaluation to memory with objective: 52.92, ConfigId: 17540462551965269460, EvalId: 990. Total evaluations stored: 990
[INFO]:[04:21:01] recordEvaluation produced_mip_start=0 mip_start_file=''
[DEBUG]:[04:21:01] Added evaluation to memory with objective: 48.54, ConfigId: 13328115517805853515, EvalId: 991. Total evaluations stored: 991
[INFO]:[04:21:01] recordEvaluation produced_mip_start=0 mip_start_file=''
[DEBUG]:[04:21:01] Added evaluation to memory with objective: 4554.55, ConfigId: 11080352080928210306, EvalId: 992. Total evaluations stored: 992
[INFO]:[04:21:01] recordEvaluation produced_mip_start=0 mip_start_file=''
[DEBUG]:[04:21:01] Added evaluation to memory with objective: 48.54, ConfigId: 7960630705739709885, EvalId: 993. Total evaluations stored: 993
[INFO]:[04:21:01] recordEvaluation produced_mip_start=0 mip_start_file=''
[DEBUG]:[04:21:01] Added evaluation to memory with objective: 48.54, ConfigId: 5718528685857471829, EvalId: 994. Total evaluations stored: 994
[INFO]:[04:21:01] recordEvaluation produced_mip_start=0 mip_start_file=''
[DEBUG]:[04:21:01] Added evaluation to memory with objective: 48.54, ConfigId: 9092186559600238794, EvalId: 995. Total evaluations stored: 995
[INFO]:[04:21:01] recordEvaluation produced_mip_start=0 mip_start_file=''
[DEBUG]:[04:21:01] Added evaluation to memory with objective: 48.54, ConfigId: 15167921858663631323, EvalId: 996. Total evaluations stored: 996
[INFO]:[04:21:01] recordEvaluation produced_mip_start=0 mip_start_file=''
[DEBUG]:[04:21:01] Added evaluation to memory with objective: 48.54, ConfigId: 2375806396476788315, EvalId: 997. Total evaluations stored: 997
[INFO]:[04:21:01] recordEvaluation produced_mip_start=0 mip_start_file=''
[DEBUG]:[04:21:01] Added evaluation to memory with objective: 29.97, ConfigId: 8391428420643826049, EvalId: 998. Total evaluations stored: 998
[INFO]:[04:21:01] recordEvaluation produced_mip_start=0 mip_start_file=''
[DEBUG]:[04:21:01] Added evaluation to memory with objective: 48.54, ConfigId: 1536868119630239991, EvalId: 999. Total evaluations stored: 999
[INFO]:[04:21:01] recordEvaluation produced_mip_start=0 mip_start_file=''
[DEBUG]:[04:21:01] Added evaluation to memory with objective: 48.54, ConfigId: 10170148766784675333, EvalId: 1000. Total evaluations stored: 1000
[INFO]:[04:21:01] recordEvaluation produced_mip_start=0 mip_start_file=''
[DEBUG]:[04:21:01] Added evaluation to memory with objective: 29.97, ConfigId: 3829956359680026240, EvalId: 1001. Total evaluations stored: 1001
[INFO]:[04:21:01] recordEvaluation produced_mip_start=0 mip_start_file=''
[DEBUG]:[04:21:01] Added evaluation to memory with objective: 29.97, ConfigId: 4150776212043973402, EvalId: 1002. Total evaluations stored: 1002
[INFO]:[04:21:01] recordEvaluation produced_mip_start=0 mip_start_file=''
[DEBUG]:[04:21:01] Added evaluation to memory with objective: 30.05, ConfigId: 6311839615493091201, EvalId: 1003. Total evaluations stored: 1003
[INFO]:[04:21:01] recordEvaluation produced_mip_start=0 mip_start_file=''
[DEBUG]:[04:21:01] Added evaluation to memory with objective: 29.97, ConfigId: 4224339971326650757, EvalId: 1004. Total evaluations stored: 1004
[INFO]:[04:21:01] recordEvaluation produced_mip_start=0 mip_start_file=''
[DEBUG]:[04:21:01] Added evaluation to memory with objective: 29.97, ConfigId: 27502842605800192, EvalId: 1005. Total evaluations stored: 1005
[INFO]:[04:21:01] recordEvaluation produced_mip_start=0 mip_start_file=''
[DEBUG]:[04:21:01] Added evaluation to memory with objective: 29.97, ConfigId: 5653789599962835477, EvalId: 1006. Total evaluations stored: 1006
[INFO]:[04:21:01] recordEvaluation produced_mip_start=0 mip_start_file=''
[DEBUG]:[04:21:01] Added evaluation to memory with objective: 30.05, ConfigId: 14682186791595270375, EvalId: 1007. Total evaluations stored: 1007
[INFO]:[04:21:01] recordEvaluation produced_mip_start=0 mip_start_file=''
[DEBUG]:[04:21:01] Added evaluation to memory with objective: 29.97, ConfigId: 6748882099827021671, EvalId: 1008. Total evaluations stored: 1008
[INFO]:[04:21:01] recordEvaluation produced_mip_start=0 mip_start_file=''
[DEBUG]:[04:21:01] Added evaluation to memory with objective: 48.54, ConfigId: 16998439001958643722, EvalId: 1009. Total evaluations stored: 1009
[INFO]:[04:21:01] recordEvaluation produced_mip_start=0 mip_start_file=''
[DEBUG]:[04:21:01] Added evaluation to memory with objective: 29.97, ConfigId: 17315089836622992965, EvalId: 1010. Total evaluations stored: 1010
[INFO]:[04:21:01] recordEvaluation produced_mip_start=0 mip_start_file=''
[DEBUG]:[04:21:01] Added evaluation to memory with objective: 29.97, ConfigId: 401847181231519348, EvalId: 1011. Total evaluations stored: 1011
[INFO]:[04:21:01] recordEvaluation produced_mip_start=0 mip_start_file=''
[DEBUG]:[04:21:01] Added evaluation to memory with objective: 29.97, ConfigId: 9124530929492990783, EvalId: 1012. Total evaluations stored: 1012
[INFO]:[04:21:01] recordEvaluation produced_mip_start=0 mip_start_file=''
[DEBUG]:[04:21:01] Added evaluation to memory with objective: 29.97, ConfigId: 6409659293332127417, EvalId: 1013. Total evaluations stored: 1013
[INFO]:[04:21:01] recordEvaluation produced_mip_start=0 mip_start_file=''
[DEBUG]:[04:21:01] Added evaluation to memory with objective: 30.05, ConfigId: 3169497504074540715, EvalId: 1014. Total evaluations stored: 1014
[INFO]:[04:21:01] recordEvaluation produced_mip_start=0 mip_start_file=''
[DEBUG]:[04:21:01] Added evaluation to memory with objective: 29.97, ConfigId: 10650846065089133377, EvalId: 1015. Total evaluations stored: 1015
[INFO]:[04:21:01] recordEvaluation produced_mip_start=0 mip_start_file=''
[DEBUG]:[04:21:01] Added evaluation to memory with objective: 29.97, ConfigId: 6732549565814791546, EvalId: 1016. Total evaluations stored: 1016
[INFO]:[04:21:01] recordEvaluation produced_mip_start=0 mip_start_file=''
[DEBUG]:[04:21:01] Added evaluation to memory with objective: 29.97, ConfigId: 13365056466534857400, EvalId: 1017. Total evaluations stored: 1017
[INFO]:[04:21:01] recordEvaluation produced_mip_start=0 mip_start_file=''
[DEBUG]:[04:21:01] Added evaluation to memory with objective: 29.97, ConfigId: 17604731643620595430, EvalId: 1018. Total evaluations stored: 1018
[INFO]:[04:21:01] recordEvaluation produced_mip_start=0 mip_start_file=''
[DEBUG]:[04:21:01] Added evaluation to memory with objective: 29.97, ConfigId: 6183851560154818027, EvalId: 1019. Total evaluations stored: 1019
[INFO]:[04:21:01] recordEvaluation produced_mip_start=0 mip_start_file=''
[DEBUG]:[04:21:01] Added evaluation to memory with objective: 29.97, ConfigId: 6228214849213733860, EvalId: 1020. Total evaluations stored: 1020
[INFO]:[04:21:01] recordEvaluation produced_mip_start=0 mip_start_file=''
[DEBUG]:[04:21:01] Added evaluation to memory with objective: 53.06, ConfigId: 8215843918629013968, EvalId: 1021. Total evaluations stored: 1021
[INFO]:[04:21:01] recordEvaluation produced_mip_start=0 mip_start_file=''
[DEBUG]:[04:21:01] Added evaluation to memory with objective: 64.95, ConfigId: 17834583410764424668, EvalId: 1022. Total evaluations stored: 1022
[INFO]:[04:21:01] recordEvaluation produced_mip_start=0 mip_start_file=''
[DEBUG]:[04:21:01] Added evaluation to memory with objective: 3313.33, ConfigId: 17688096357506603727, EvalId: 1023. Total evaluations stored: 1023
[INFO]:[04:21:01] recordEvaluation produced_mip_start=0 mip_start_file=''
[DEBUG]:[04:21:01] Added evaluation to memory with objective: 3838.46, ConfigId: 5376688802580891747, EvalId: 1024. Total evaluations stored: 1024
[INFO]:[04:21:01] recordEvaluation produced_mip_start=0 mip_start_file=''
[DEBUG]:[04:21:01] Added evaluation to memory with objective: 53.06, ConfigId: 6779995419132250461, EvalId: 1025. Total evaluations stored: 1025
[INFO]:[04:21:01] recordEvaluation produced_mip_start=0 mip_start_file=''
[DEBUG]:[04:21:01] Added evaluation to memory with objective: 53.06, ConfigId: 4307860166418801191, EvalId: 1026. Total evaluations stored: 1026
[INFO]:[04:21:01] recordEvaluation produced_mip_start=0 mip_start_file=''
[DEBUG]:[04:21:01] Added evaluation to memory with objective: 53.06, ConfigId: 9519439153671691905, EvalId: 1027. Total evaluations stored: 1027
[INFO]:[04:21:01] recordEvaluation produced_mip_start=0 mip_start_file=''
[DEBUG]:[04:21:01] Added evaluation to memory with objective: 64.83, ConfigId: 8302320343301053114, EvalId: 1028. Total evaluations stored: 1028
[INFO]:[04:21:01] recordEvaluation produced_mip_start=0 mip_start_file=''
[DEBUG]:[04:21:01] Added evaluation to memory with objective: 53.06, ConfigId: 11920423719316526532, EvalId: 1029. Total evaluations stored: 1029
[INFO]:[04:21:01] recordEvaluation produced_mip_start=0 mip_start_file=''
[DEBUG]:[04:21:01] Added evaluation to memory with objective: 53.06, ConfigId: 6476991217170655907, EvalId: 1030. Total evaluations stored: 1030
[INFO]:[04:21:01] recordEvaluation produced_mip_start=0 mip_start_file=''
[DEBUG]:[04:21:01] Added evaluation to memory with objective: 53.06, ConfigId: 720871622667886393, EvalId: 1031. Total evaluations stored: 1031
[INFO]:[04:21:01] recordEvaluation produced_mip_start=0 mip_start_file=''
[DEBUG]:[04:21:01] Added evaluation to memory with objective: 3313.33, ConfigId: 17873511803731578350, EvalId: 1032. Total evaluations stored: 1032
[INFO]:[04:21:01] recordEvaluation produced_mip_start=0 mip_start_file=''
[DEBUG]:[04:21:01] Added evaluation to memory with objective: 53.06, ConfigId: 16155760728786453828, EvalId: 1033. Total evaluations stored: 1033
[INFO]:[04:21:01] recordEvaluation produced_mip_start=0 mip_start_file=''
[DEBUG]:[04:21:01] Added evaluation to memory with objective: 53.06, ConfigId: 11762282690091782242, EvalId: 1034. Total evaluations stored: 1034
[INFO]:[04:21:01] recordEvaluation produced_mip_start=0 mip_start_file=''
[DEBUG]:[04:21:01] Added evaluation to memory with objective: 53.06, ConfigId: 6986888290782222542, EvalId: 1035. Total evaluations stored: 1035
[INFO]:[04:21:01] recordEvaluation produced_mip_start=0 mip_start_file=''
[DEBUG]:[04:21:01] Added evaluation to memory with objective: 3313.33, ConfigId: 2474270273217413480, EvalId: 1036. Total evaluations stored: 1036
[INFO]:[04:21:01] recordEvaluation produced_mip_start=0 mip_start_file=''
[DEBUG]:[04:21:01] Added evaluation to memory with objective: 53.06, ConfigId: 18272129498900342612, EvalId: 1037. Total evaluations stored: 1037
[INFO]:[04:21:01] recordEvaluation produced_mip_start=0 mip_start_file=''
[DEBUG]:[04:21:01] Added evaluation to memory with objective: 53.06, ConfigId: 11558274716131229424, EvalId: 1038. Total evaluations stored: 1038
[INFO]:[04:21:01] recordEvaluation produced_mip_start=0 mip_start_file=''
[DEBUG]:[04:21:01] Added evaluation to memory with objective: 53.06, ConfigId: 18437789140305806602, EvalId: 1039. Total evaluations stored: 1039
[INFO]:[04:21:01] recordEvaluation produced_mip_start=0 mip_start_file=''
[DEBUG]:[04:21:01] Added evaluation to memory with objective: 53.06, ConfigId: 6846546316760190980, EvalId: 1040. Total evaluations stored: 1040
[INFO]:[04:21:01] recordEvaluation produced_mip_start=0 mip_start_file=''
[DEBUG]:[04:21:01] Added evaluation to memory with objective: 53.06, ConfigId: 12537072124190938454, EvalId: 1041. Total evaluations stored: 1041
[INFO]:[04:21:01] recordEvaluation produced_mip_start=0 mip_start_file=''
[DEBUG]:[04:21:01] Added evaluation to memory with objective: 53.06, ConfigId: 1812592510053452821, EvalId: 1042. Total evaluations stored: 1042
[INFO]:[04:21:01] recordEvaluation produced_mip_start=0 mip_start_file=''
[DEBUG]:[04:21:01] Added evaluation to memory with objective: 42.79, ConfigId: 10591811726278359452, EvalId: 1043. Total evaluations stored: 1043
[INFO]:[04:21:01] recordEvaluation produced_mip_start=0 mip_start_file=''
[DEBUG]:[04:21:01] Added evaluation to memory with objective: 53.06, ConfigId: 10947364134278018959, EvalId: 1044. Total evaluations stored: 1044
[INFO]:[04:21:01] recordEvaluation produced_mip_start=0 mip_start_file=''
[DEBUG]:[04:21:01] Added evaluation to memory with objective: 42.79, ConfigId: 11721841750384694631, EvalId: 1045. Total evaluations stored: 1045
[INFO]:[04:21:01] recordEvaluation produced_mip_start=0 mip_start_file=''
[DEBUG]:[04:21:01] Added evaluation to memory with objective: 42.79, ConfigId: 14178736751998840224, EvalId: 1046. Total evaluations stored: 1046
[INFO]:[04:21:01] recordEvaluation produced_mip_start=0 mip_start_file=''
[DEBUG]:[04:21:01] Added evaluation to memory with objective: 42.79, ConfigId: 11120985752861028012, EvalId: 1047. Total evaluations stored: 1047
[INFO]:[04:21:01] recordEvaluation produced_mip_start=0 mip_start_file=''
[DEBUG]:[04:21:01] Added evaluation to memory with objective: 42.79, ConfigId: 12776283711379731079, EvalId: 1048. Total evaluations stored: 1048
[INFO]:[04:21:01] recordEvaluation produced_mip_start=0 mip_start_file=''
[DEBUG]:[04:21:01] Added evaluation to memory with objective: 42.77, ConfigId: 12790072665849033000, EvalId: 1049. Total evaluations stored: 1049
[INFO]:[04:21:01] recordEvaluation produced_mip_start=0 mip_start_file=''
[DEBUG]:[04:21:01] Added evaluation to memory with objective: 42.79, ConfigId: 15809631068982516008, EvalId: 1050. Total evaluations stored: 1050
[INFO]:[04:21:01] recordEvaluation produced_mip_start=0 mip_start_file=''
[DEBUG]:[04:21:01] Added evaluation to memory with objective: 42.79, ConfigId: 11988751929107610651, EvalId: 1051. Total evaluations stored: 1051
[INFO]:[04:21:01] recordEvaluation produced_mip_start=0 mip_start_file=''
[DEBUG]:[04:21:01] Added evaluation to memory with objective: 42.79, ConfigId: 10662988576304605966, EvalId: 1052. Total evaluations stored: 1052
[INFO]:[04:21:01] recordEvaluation produced_mip_start=0 mip_start_file=''
[DEBUG]:[04:21:01] Added evaluation to memory with objective: 6300, ConfigId: 7212005043726067025, EvalId: 1053. Total evaluations stored: 1053
[INFO]:[04:21:01] recordEvaluation produced_mip_start=0 mip_start_file=''
[DEBUG]:[04:21:01] Added evaluation to memory with objective: 42.93, ConfigId: 9163370293446805990, EvalId: 1054. Total evaluations stored: 1054
[INFO]:[04:21:01] recordEvaluation produced_mip_start=0 mip_start_file=''
[DEBUG]:[04:21:01] Added evaluation to memory with objective: 33.45, ConfigId: 6118224137646252907, EvalId: 1055. Total evaluations stored: 1055
[INFO]:[04:21:01] recordEvaluation produced_mip_start=0 mip_start_file=''
[DEBUG]:[04:21:01] Added evaluation to memory with objective: 42.79, ConfigId: 9927287897752767799, EvalId: 1056. Total evaluations stored: 1056
[INFO]:[04:21:01] recordEvaluation produced_mip_start=0 mip_start_file=''
[DEBUG]:[04:21:01] Added evaluation to memory with objective: 33.45, ConfigId: 13591086270127393769, EvalId: 1057. Total evaluations stored: 1057
[INFO]:[04:21:01] recordEvaluation produced_mip_start=0 mip_start_file=''
[DEBUG]:[04:21:01] Added evaluation to memory with objective: 33.45, ConfigId: 363081152386748584, EvalId: 1058. Total evaluations stored: 1058
[INFO]:[04:21:01] recordEvaluation produced_mip_start=0 mip_start_file=''
[DEBUG]:[04:21:01] Added evaluation to memory with objective: 33.45, ConfigId: 8613161442047145067, EvalId: 1059. Total evaluations stored: 1059
[INFO]:[04:21:01] recordEvaluation produced_mip_start=0 mip_start_file=''
[DEBUG]:[04:21:01] Added evaluation to memory with objective: 33.45, ConfigId: 2748514522169748423, EvalId: 1060. Total evaluations stored: 1060
[INFO]:[04:21:01] recordEvaluation produced_mip_start=0 mip_start_file=''
[DEBUG]:[04:21:01] Added evaluation to memory with objective: 33.71, ConfigId: 6606298978056105418, EvalId: 1061. Total evaluations stored: 1061
[INFO]:[04:21:01] recordEvaluation produced_mip_start=0 mip_start_file=''
[DEBUG]:[04:21:01] Added evaluation to memory with objective: 33.45, ConfigId: 14293645300119880941, EvalId: 1062. Total evaluations stored: 1062
[INFO]:[04:21:01] recordEvaluation produced_mip_start=0 mip_start_file=''
[DEBUG]:[04:21:01] Added evaluation to memory with objective: 33.45, ConfigId: 15832293022199711942, EvalId: 1063. Total evaluations stored: 1063
[INFO]:[04:21:01] recordEvaluation produced_mip_start=0 mip_start_file=''
[DEBUG]:[04:21:01] Added evaluation to memory with objective: 33.45, ConfigId: 2562874370195465570, EvalId: 1064. Total evaluations stored: 1064
[INFO]:[04:21:01] recordEvaluation produced_mip_start=0 mip_start_file=''
[DEBUG]:[04:21:01] Added evaluation to memory with objective: 33.45, ConfigId: 227935509443219614, EvalId: 1065. Total evaluations stored: 1065
[INFO]:[04:21:01] recordEvaluation produced_mip_start=0 mip_start_file=''
[DEBUG]:[04:21:01] Added evaluation to memory with objective: 33.45, ConfigId: 14162796052652434207, EvalId: 1066. Total evaluations stored: 1066
[INFO]:[04:21:01] recordEvaluation produced_mip_start=0 mip_start_file=''
[DEBUG]:[04:21:01] Added evaluation to memory with objective: 33.45, ConfigId: 16979988937761210818, EvalId: 1067. Total evaluations stored: 1067
[INFO]:[04:21:01] recordEvaluation produced_mip_start=0 mip_start_file=''
[DEBUG]:[04:21:01] Added evaluation to memory with objective: 33.45, ConfigId: 12714182472134665040, EvalId: 1068. Total evaluations stored: 1068
[INFO]:[04:21:01] recordEvaluation produced_mip_start=0 mip_start_file=''
[DEBUG]:[04:21:01] Added evaluation to memory with objective: 33.45, ConfigId: 7476196756175714086, EvalId: 1069. Total evaluations stored: 1069
[INFO]:[04:21:01] recordEvaluation produced_mip_start=0 mip_start_file=''
[DEBUG]:[04:21:01] Added evaluation to memory with objective: 41.85, ConfigId: 9163492839672405205, EvalId: 1070. Total evaluations stored: 1070
[INFO]:[04:21:01] recordEvaluation produced_mip_start=0 mip_start_file=''
[DEBUG]:[04:21:01] Added evaluation to memory with objective: 33.45, ConfigId: 7374684440828988485, EvalId: 1071. Total evaluations stored: 1071
[INFO]:[04:21:01] recordEvaluation produced_mip_start=0 mip_start_file=''
[DEBUG]:[04:21:01] Added evaluation to memory with objective: 33.45, ConfigId: 5938860753386030874, EvalId: 1072. Total evaluations stored: 1072
[INFO]:[04:21:01] recordEvaluation produced_mip_start=0 mip_start_file=''
[DEBUG]:[04:21:01] Added evaluation to memory with objective: 42.35, ConfigId: 850525869307776033, EvalId: 1073. Total evaluations stored: 1073
[INFO]:[04:21:01] recordEvaluation produced_mip_start=0 mip_start_file=''
[DEBUG]:[04:21:01] Added evaluation to memory with objective: 33.45, ConfigId: 16600413861535742100, EvalId: 1074. Total evaluations stored: 1074
[INFO]:[04:21:01] recordEvaluation produced_mip_start=0 mip_start_file=''
[DEBUG]:[04:21:01] Added evaluation to memory with objective: 33.71, ConfigId: 6978939706703713276, EvalId: 1075. Total evaluations stored: 1075
[INFO]:[04:21:01] recordEvaluation produced_mip_start=0 mip_start_file=''
[DEBUG]:[04:21:01] Added evaluation to memory with objective: 33.45, ConfigId: 12689665523630525221, EvalId: 1076. Total evaluations stored: 1076
[INFO]:[04:21:01] recordEvaluation produced_mip_start=0 mip_start_file=''
[DEBUG]:[04:21:01] Added evaluation to memory with objective: 33.45, ConfigId: 5750617264734809090, EvalId: 1077. Total evaluations stored: 1077
[INFO]:[04:21:01] recordEvaluation produced_mip_start=0 mip_start_file=''
[DEBUG]:[04:21:01] Added evaluation to memory with objective: 29.7, ConfigId: 16574226843670945916, EvalId: 1078. Total evaluations stored: 1078
[INFO]:[04:21:01] recordEvaluation produced_mip_start=0 mip_start_file=''
[DEBUG]:[04:21:01] Added evaluation to memory with objective: 33.45, ConfigId: 18354664471322956209, EvalId: 1079. Total evaluations stored: 1079
[INFO]:[04:21:01] recordEvaluation produced_mip_start=0 mip_start_file=''
[DEBUG]:[04:21:01] Added evaluation to memory with objective: 33.45, ConfigId: 13886509404657220684, EvalId: 1080. Total evaluations stored: 1080
[INFO]:[04:21:01] recordEvaluation produced_mip_start=0 mip_start_file=''
[DEBUG]:[04:21:01] Added evaluation to memory with objective: 29.7, ConfigId: 3092807210343219027, EvalId: 1081. Total evaluations stored: 1081
[INFO]:[04:21:01] recordEvaluation produced_mip_start=0 mip_start_file=''
[DEBUG]:[04:21:01] Added evaluation to memory with objective: 38.41, ConfigId: 4619928622945822178, EvalId: 1082. Total evaluations stored: 1082
[INFO]:[04:21:01] recordEvaluation produced_mip_start=0 mip_start_file=''
[DEBUG]:[04:21:01] Added evaluation to memory with objective: 38.39, ConfigId: 13509848590979088761, EvalId: 1083. Total evaluations stored: 1083
[INFO]:[04:21:01] recordEvaluation produced_mip_start=0 mip_start_file=''
[DEBUG]:[04:21:01] Added evaluation to memory with objective: 38.33, ConfigId: 6923648744254904530, EvalId: 1084. Total evaluations stored: 1084
[INFO]:[04:21:01] recordEvaluation produced_mip_start=0 mip_start_file=''
[DEBUG]:[04:21:01] Added evaluation to memory with objective: 42.92, ConfigId: 16366466922478385637, EvalId: 1085. Total evaluations stored: 1085
[INFO]:[04:21:01] recordEvaluation produced_mip_start=0 mip_start_file=''
[DEBUG]:[04:21:01] Added evaluation to memory with objective: 3310, ConfigId: 12585598414568920974, EvalId: 1086. Total evaluations stored: 1086
[INFO]:[04:21:01] recordEvaluation produced_mip_start=0 mip_start_file=''
[DEBUG]:[04:21:01] Added evaluation to memory with objective: 52.95, ConfigId: 744686869585807812, EvalId: 1087. Total evaluations stored: 1087
[INFO]:[04:21:01] recordEvaluation produced_mip_start=0 mip_start_file=''
[DEBUG]:[04:21:01] Added evaluation to memory with objective: 3313.33, ConfigId: 7834066716637971803, EvalId: 1088. Total evaluations stored: 1088
[INFO]:[04:21:01] recordEvaluation produced_mip_start=0 mip_start_file=''
[DEBUG]:[04:21:01] Added evaluation to memory with objective: 42.92, ConfigId: 7580281663086674669, EvalId: 1089. Total evaluations stored: 1089
[INFO]:[04:21:01] recordEvaluation produced_mip_start=0 mip_start_file=''
[DEBUG]:[04:21:01] Added evaluation to memory with objective: 42.92, ConfigId: 17536703387612589534, EvalId: 1090. Total evaluations stored: 1090
[INFO]:[04:21:01] recordEvaluation produced_mip_start=0 mip_start_file=''
[DEBUG]:[04:21:01] Added evaluation to memory with objective: 53.13, ConfigId: 6314381053577440215, EvalId: 1091. Total evaluations stored: 1091
[INFO]:[04:21:01] recordEvaluation produced_mip_start=0 mip_start_file=''
[DEBUG]:[04:21:01] Added evaluation to memory with objective: 42.92, ConfigId: 13010873011958156260, EvalId: 1092. Total evaluations stored: 1092
[INFO]:[04:21:01] recordEvaluation produced_mip_start=0 mip_start_file=''
[DEBUG]:[04:21:01] Added evaluation to memory with objective: 42.92, ConfigId: 9161746609283400632, EvalId: 1093. Total evaluations stored: 1093
[INFO]:[04:21:01] recordEvaluation produced_mip_start=0 mip_start_file=''
[DEBUG]:[04:21:01] Added evaluation to memory with objective: 42.92, ConfigId: 9626753529535084486, EvalId: 1094. Total evaluations stored: 1094
[INFO]:[04:21:01] recordEvaluation produced_mip_start=0 mip_start_file=''
[DEBUG]:[04:21:01] Added evaluation to memory with objective: 42.92, ConfigId: 8155978902709613084, EvalId: 1095. Total evaluations stored: 1095
[INFO]:[04:21:01] recordEvaluation produced_mip_start=0 mip_start_file=''
[DEBUG]:[04:21:01] Added evaluation to memory with objective: 42.92, ConfigId: 440473046717544389, EvalId: 1096. Total evaluations stored: 1096
[INFO]:[04:21:01] recordEvaluation produced_mip_start=0 mip_start_file=''
[DEBUG]:[04:21:01] Added evaluation to memory with objective: 42.92, ConfigId: 9787608857590047941, EvalId: 1097. Total evaluations stored: 1097
[INFO]:[04:21:01] recordEvaluation produced_mip_start=0 mip_start_file=''
[DEBUG]:[04:21:01] Added evaluation to memory with objective: 42.92, ConfigId: 17998171146061896460, EvalId: 1098. Total evaluations stored: 1098
[INFO]:[04:21:01] recordEvaluation produced_mip_start=0 mip_start_file=''
[DEBUG]:[04:21:01] Added evaluation to memory with objective: 42.92, ConfigId: 9998342358749675725, EvalId: 1099. Total evaluations stored: 1099
[INFO]:[04:21:01] recordEvaluation produced_mip_start=0 mip_start_file=''
[DEBUG]:[04:21:01] Added evaluation to memory with objective: 42.92, ConfigId: 13184482930705687240, EvalId: 1100. Total evaluations stored: 1100
[INFO]:[04:21:01] recordEvaluation produced_mip_start=0 mip_start_file=''
[DEBUG]:[04:21:01] Added evaluation to memory with objective: 42.92, ConfigId: 15593530902514957421, EvalId: 1101. Total evaluations stored: 1101
[INFO]:[04:21:01] recordEvaluation produced_mip_start=0 mip_start_file=''
[DEBUG]:[04:21:01] Added evaluation to memory with objective: 53.13, ConfigId: 7440585386814709999, EvalId: 1102. Total evaluations stored: 1102
[INFO]:[04:21:01] recordEvaluation produced_mip_start=0 mip_start_file=''
[DEBUG]:[04:21:01] Added evaluation to memory with objective: 42.92, ConfigId: 14291786228163465766, EvalId: 1103. Total evaluations stored: 1103
[INFO]:[04:21:01] recordEvaluation produced_mip_start=0 mip_start_file=''
[DEBUG]:[04:21:01] Added evaluation to memory with objective: 42.92, ConfigId: 2871680473489583253, EvalId: 1104. Total evaluations stored: 1104
[INFO]:[04:21:01] recordEvaluation produced_mip_start=0 mip_start_file=''
[DEBUG]:[04:21:01] Added evaluation to memory with objective: 26.19, ConfigId: 6463066251811670287, EvalId: 1105. Total evaluations stored: 1105
[INFO]:[04:21:01] recordEvaluation produced_mip_start=0 mip_start_file=''
[DEBUG]:[04:21:01] Added evaluation to memory with objective: 53.13, ConfigId: 13211877950945489970, EvalId: 1106. Total evaluations stored: 1106
[INFO]:[04:21:01] recordEvaluation produced_mip_start=0 mip_start_file=''
[DEBUG]:[04:21:01] Added evaluation to memory with objective: 42.92, ConfigId: 875057861198342252, EvalId: 1107. Total evaluations stored: 1107
[INFO]:[04:21:01] recordEvaluation produced_mip_start=0 mip_start_file=''
[DEBUG]:[04:21:01] Added evaluation to memory with objective: 42.92, ConfigId: 16663081472499874161, EvalId: 1108. Total evaluations stored: 1108
[INFO]:[04:21:01] recordEvaluation produced_mip_start=0 mip_start_file=''
[DEBUG]:[04:21:01] Added evaluation to memory with objective: 26.19, ConfigId: 7948923940542421263, EvalId: 1109. Total evaluations stored: 1109
[INFO]:[04:21:01] recordEvaluation produced_mip_start=0 mip_start_file=''
[DEBUG]:[04:21:01] Added evaluation to memory with objective: 26.19, ConfigId: 2547636386332809119, EvalId: 1110. Total evaluations stored: 1110
[INFO]:[04:21:01] recordEvaluation produced_mip_start=0 mip_start_file=''
[DEBUG]:[04:21:01] Added evaluation to memory with objective: 26.19, ConfigId: 1328670691244076488, EvalId: 1111. Total evaluations stored: 1111
[INFO]:[04:21:01] recordEvaluation produced_mip_start=0 mip_start_file=''
[DEBUG]:[04:21:01] Added evaluation to memory with objective: 27.43, ConfigId: 654309274897855175, EvalId: 1112. Total evaluations stored: 1112
[INFO]:[04:21:01] recordEvaluation produced_mip_start=0 mip_start_file=''
[DEBUG]:[04:21:01] Added evaluation to memory with objective: 26.19, ConfigId: 6035529593408679087, EvalId: 1113. Total evaluations stored: 1113
[INFO]:[04:21:01] recordEvaluation produced_mip_start=0 mip_start_file=''
[DEBUG]:[04:21:01] Added evaluation to memory with objective: 26.19, ConfigId: 16745110683500857347, EvalId: 1114. Total evaluations stored: 1114
[INFO]:[04:21:01] recordEvaluation produced_mip_start=0 mip_start_file=''
[DEBUG]:[04:21:01] Added evaluation to memory with objective: 26.19, ConfigId: 8899923857415545350, EvalId: 1115. Total evaluations stored: 1115
[INFO]:[04:21:01] recordEvaluation produced_mip_start=0 mip_start_file=''
[DEBUG]:[04:21:01] Added evaluation to memory with objective: 26.19, ConfigId: 6353273900242238696, EvalId: 1116. Total evaluations stored: 1116
[INFO]:[04:21:01] IteratedLocalSearch Engine completed.
[INFO]:[04:21:01] Added192 evaluations to memory from exploration phase at iteration 9
[INFO]:[04:21:01] Exploration phase completed.
[INFO]:[04:21:01] Starting expansion phase...
[INFO]:[04:21:01] Selecting parameters for expansion phase...
[INFO]:[04:21:01] Selected expansion parameters: 8
[INFO]:[04:21:01] Creating configuration files for expansion parameters...
[INFO]:[04:21:01] Creating configurations for parameter: CPXPARAM_LPMethod
[DEBUG]:[04:21:01] Parameter CPXPARAM_LPMethod will be evaluated on 6 alternative value(s) after excluding the current base configuration value.
[DEBUG]:[04:21:01] Created configuration file for parameter CPXPARAM_LPMethod with value 1 at /scratch/yorig/mpils-results-grid-ticks-10000-7may/medium-2/24proc-4pils/seed-2/6_sorrell3_seed-2_20260510_041416/expansion/config_param_CPXPARAM_LPMethod_1_iter_9.prm
[DEBUG]:[04:21:01] Created configuration file for parameter CPXPARAM_LPMethod with value 2 at /scratch/yorig/mpils-results-grid-ticks-10000-7may/medium-2/24proc-4pils/seed-2/6_sorrell3_seed-2_20260510_041416/expansion/config_param_CPXPARAM_LPMethod_2_iter_9.prm
[DEBUG]:[04:21:01] Created configuration file for parameter CPXPARAM_LPMethod with value 3 at /scratch/yorig/mpils-results-grid-ticks-10000-7may/medium-2/24proc-4pils/seed-2/6_sorrell3_seed-2_20260510_041416/expansion/config_param_CPXPARAM_LPMethod_3_iter_9.prm
[DEBUG]:[04:21:01] Created configuration file for parameter CPXPARAM_LPMethod with value 4 at /scratch/yorig/mpils-results-grid-ticks-10000-7may/medium-2/24proc-4pils/seed-2/6_sorrell3_seed-2_20260510_041416/expansion/config_param_CPXPARAM_LPMethod_4_iter_9.prm
[DEBUG]:[04:21:01] Created configuration file for parameter CPXPARAM_LPMethod with value 5 at /scratch/yorig/mpils-results-grid-ticks-10000-7may/medium-2/24proc-4pils/seed-2/6_sorrell3_seed-2_20260510_041416/expansion/config_param_CPXPARAM_LPMethod_5_iter_9.prm
[DEBUG]:[04:21:01] Created configuration file for parameter CPXPARAM_LPMethod with value 6 at /scratch/yorig/mpils-results-grid-ticks-10000-7may/medium-2/24proc-4pils/seed-2/6_sorrell3_seed-2_20260510_041416/expansion/config_param_CPXPARAM_LPMethod_6_iter_9.prm
[INFO]:[04:21:01] Creating configurations for parameter: CPXPARAM_Read_Scale
[DEBUG]:[04:21:01] Parameter CPXPARAM_Read_Scale will be evaluated on 2 alternative value(s) after excluding the current base configuration value.
[DEBUG]:[04:21:01] Created configuration file for parameter CPXPARAM_Read_Scale with value -1 at /scratch/yorig/mpils-results-grid-ticks-10000-7may/medium-2/24proc-4pils/seed-2/6_sorrell3_seed-2_20260510_041416/expansion/config_param_CPXPARAM_Read_Scale_-1_iter_9.prm
[DEBUG]:[04:21:01] Created configuration file for parameter CPXPARAM_Read_Scale with value 1 at /scratch/yorig/mpils-results-grid-ticks-10000-7may/medium-2/24proc-4pils/seed-2/6_sorrell3_seed-2_20260510_041416/expansion/config_param_CPXPARAM_Read_Scale_1_iter_9.prm
[INFO]:[04:21:01] Creating configurations for parameter: CPXPARAM_Sifting_Algorithm
[DEBUG]:[04:21:01] Parameter CPXPARAM_Sifting_Algorithm will be evaluated on 4 alternative value(s) after excluding the current base configuration value.
[DEBUG]:[04:21:01] Created configuration file for parameter CPXPARAM_Sifting_Algorithm with value 1 at /scratch/yorig/mpils-results-grid-ticks-10000-7may/medium-2/24proc-4pils/seed-2/6_sorrell3_seed-2_20260510_041416/expansion/config_param_CPXPARAM_Sifting_Algorithm_1_iter_9.prm
[DEBUG]:[04:21:01] Created configuration file for parameter CPXPARAM_Sifting_Algorithm with value 2 at /scratch/yorig/mpils-results-grid-ticks-10000-7may/medium-2/24proc-4pils/seed-2/6_sorrell3_seed-2_20260510_041416/expansion/config_param_CPXPARAM_Sifting_Algorithm_2_iter_9.prm
[DEBUG]:[04:21:01] Created configuration file for parameter CPXPARAM_Sifting_Algorithm with value 3 at /scratch/yorig/mpils-results-grid-ticks-10000-7may/medium-2/24proc-4pils/seed-2/6_sorrell3_seed-2_20260510_041416/expansion/config_param_CPXPARAM_Sifting_Algorithm_3_iter_9.prm
[DEBUG]:[04:21:01] Created configuration file for parameter CPXPARAM_Sifting_Algorithm with value 4 at /scratch/yorig/mpils-results-grid-ticks-10000-7may/medium-2/24proc-4pils/seed-2/6_sorrell3_seed-2_20260510_041416/expansion/config_param_CPXPARAM_Sifting_Algorithm_4_iter_9.prm
[INFO]:[04:21:01] Creating configurations for parameter: CPXPARAM_Simplex_Limits_Singularity
[DEBUG]:[04:21:01] Parameter CPXPARAM_Simplex_Limits_Singularity will be evaluated on 5 alternative value(s) after excluding the current base configuration value.
[DEBUG]:[04:21:01] Created configuration file for parameter CPXPARAM_Simplex_Limits_Singularity with value 0 at /scratch/yorig/mpils-results-grid-ticks-10000-7may/medium-2/24proc-4pils/seed-2/6_sorrell3_seed-2_20260510_041416/expansion/config_param_CPXPARAM_Simplex_Limits_Singularity_0_iter_9.prm
[DEBUG]:[04:21:01] Created configuration file for parameter CPXPARAM_Simplex_Limits_Singularity with value 2 at /scratch/yorig/mpils-results-grid-ticks-10000-7may/medium-2/24proc-4pils/seed-2/6_sorrell3_seed-2_20260510_041416/expansion/config_param_CPXPARAM_Simplex_Limits_Singularity_2_iter_9.prm
[DEBUG]:[04:21:01] Created configuration file for parameter CPXPARAM_Simplex_Limits_Singularity with value 5 at /scratch/yorig/mpils-results-grid-ticks-10000-7may/medium-2/24proc-4pils/seed-2/6_sorrell3_seed-2_20260510_041416/expansion/config_param_CPXPARAM_Simplex_Limits_Singularity_5_iter_9.prm
[DEBUG]:[04:21:01] Created configuration file for parameter CPXPARAM_Simplex_Limits_Singularity with value 20 at /scratch/yorig/mpils-results-grid-ticks-10000-7may/medium-2/24proc-4pils/seed-2/6_sorrell3_seed-2_20260510_041416/expansion/config_param_CPXPARAM_Simplex_Limits_Singularity_20_iter_9.prm
[DEBUG]:[04:21:01] Created configuration file for parameter CPXPARAM_Simplex_Limits_Singularity with value 40 at /scratch/yorig/mpils-results-grid-ticks-10000-7may/medium-2/24proc-4pils/seed-2/6_sorrell3_seed-2_20260510_041416/expansion/config_param_CPXPARAM_Simplex_Limits_Singularity_40_iter_9.prm
[INFO]:[04:21:01] Creating configurations for parameter: CPXPARAM_Barrier_Algorithm
[DEBUG]:[04:21:01] Parameter CPXPARAM_Barrier_Algorithm will be evaluated on 3 alternative value(s) after excluding the current base configuration value.
[DEBUG]:[04:21:01] Created configuration file for parameter CPXPARAM_Barrier_Algorithm with value 1 at /scratch/yorig/mpils-results-grid-ticks-10000-7may/medium-2/24proc-4pils/seed-2/6_sorrell3_seed-2_20260510_041416/expansion/config_param_CPXPARAM_Barrier_Algorithm_1_iter_9.prm
[DEBUG]:[04:21:01] Created configuration file for parameter CPXPARAM_Barrier_Algorithm with value 2 at /scratch/yorig/mpils-results-grid-ticks-10000-7may/medium-2/24proc-4pils/seed-2/6_sorrell3_seed-2_20260510_041416/expansion/config_param_CPXPARAM_Barrier_Algorithm_2_iter_9.prm
[DEBUG]:[04:21:01] Created configuration file for parameter CPXPARAM_Barrier_Algorithm with value 3 at /scratch/yorig/mpils-results-grid-ticks-10000-7may/medium-2/24proc-4pils/seed-2/6_sorrell3_seed-2_20260510_041416/expansion/config_param_CPXPARAM_Barrier_Algorithm_3_iter_9.prm
[INFO]:[04:21:01] Creating configurations for parameter: CPXPARAM_MIP_Limits_StrongCand
[DEBUG]:[04:21:01] Parameter CPXPARAM_MIP_Limits_StrongCand will be evaluated on 4 alternative value(s) after excluding the current base configuration value.
[DEBUG]:[04:21:01] Created configuration file for parameter CPXPARAM_MIP_Limits_StrongCand with value 2 at /scratch/yorig/mpils-results-grid-ticks-10000-7may/medium-2/24proc-4pils/seed-2/6_sorrell3_seed-2_20260510_041416/expansion/config_param_CPXPARAM_MIP_Limits_StrongCand_2_iter_9.prm
[DEBUG]:[04:21:01] Created configuration file for parameter CPXPARAM_MIP_Limits_StrongCand with value 5 at /scratch/yorig/mpils-results-grid-ticks-10000-7may/medium-2/24proc-4pils/seed-2/6_sorrell3_seed-2_20260510_041416/expansion/config_param_CPXPARAM_MIP_Limits_StrongCand_5_iter_9.prm
[DEBUG]:[04:21:01] Created configuration file for parameter CPXPARAM_MIP_Limits_StrongCand with value 20 at /scratch/yorig/mpils-results-grid-ticks-10000-7may/medium-2/24proc-4pils/seed-2/6_sorrell3_seed-2_20260510_041416/expansion/config_param_CPXPARAM_MIP_Limits_StrongCand_20_iter_9.prm
[DEBUG]:[04:21:01] Created configuration file for parameter CPXPARAM_MIP_Limits_StrongCand with value 40 at /scratch/yorig/mpils-results-grid-ticks-10000-7may/medium-2/24proc-4pils/seed-2/6_sorrell3_seed-2_20260510_041416/expansion/config_param_CPXPARAM_MIP_Limits_StrongCand_40_iter_9.prm
[INFO]:[04:21:01] Creating configurations for parameter: CPXPARAM_Preprocessing_QPMakePSD
[DEBUG]:[04:21:01] Parameter CPXPARAM_Preprocessing_QPMakePSD will be evaluated on 1 alternative value(s) after excluding the current base configuration value.
[DEBUG]:[04:21:01] Created configuration file for parameter CPXPARAM_Preprocessing_QPMakePSD with value 0 at /scratch/yorig/mpils-results-grid-ticks-10000-7may/medium-2/24proc-4pils/seed-2/6_sorrell3_seed-2_20260510_041416/expansion/config_param_CPXPARAM_Preprocessing_QPMakePSD_0_iter_9.prm
[INFO]:[04:21:01] Creating configurations for parameter: CPXPARAM_MIP_Limits_Nodes
[DEBUG]:[04:21:01] Parameter CPXPARAM_MIP_Limits_Nodes will be evaluated on 1 alternative value(s) after excluding the current base configuration value.
[DEBUG]:[04:21:01] Created configuration file for parameter CPXPARAM_MIP_Limits_Nodes with value 0 at /scratch/yorig/mpils-results-grid-ticks-10000-7may/medium-2/24proc-4pils/seed-2/6_sorrell3_seed-2_20260510_041416/expansion/config_param_CPXPARAM_MIP_Limits_Nodes_0_iter_9.prm
[INFO]:[04:21:01] Created 26 configuration files for expansion phase at iteration 9.
[INFO]:[04:21:01] Skipped 0 expansion parameter(s) with no alternative value to evaluate.
[INFO]:[04:21:01] Launching Expansion Workers via MPI...
[INFO]:[04:21:01] Expansion Workers launched.
[INFO]:[04:21:01] Evaluating expansion parameters...
[INFO]:[04:21:01] Starting CPLEX solver on instance: /home/yorig/tuner/mpils-tests/instances/miplib/medium-2/sorrell3.mps with config: /scratch/yorig/mpils-results-grid-ticks-10000-7may/medium-2/24proc-4pils/seed-2/6_sorrell3_seed-2_20260510_041416/expansion/config_param_CPXPARAM_LPMethod_1_iter_9.prm
[INFO]:[04:21:07] CPLEX results. Gap: 23.860000, upper bound: -16.000000, lower bound: -19.817543
[INFO]:[04:21:07] CPLEX solver finished. Gap: 23.860000
[INFO]:[04:21:07] Expansion early stop activated in MPI after 1 master-side evaluation(s). Remaining not-yet-evaluated parameters stay residual.
[INFO]:[04:21:07] Strict sequential expansion early stop ignored 6 already-computed result(s) after first improving config id 17.
[INFO]:[04:21:07] recordEvaluation produced_mip_start=0 mip_start_file=''
[DEBUG]:[04:21:07] Added evaluation to memory with objective: 23.86, ConfigId: 18305882896481599253, EvalId: 1117. Total evaluations stored: 1117
[INFO]:[04:21:07] recordEvaluation produced_mip_start=0 mip_start_file=''
[DEBUG]:[04:21:07] Added evaluation to memory with objective: 23.86, ConfigId: 10115158146189519105, EvalId: 1118. Total evaluations stored: 1118
[INFO]:[04:21:07] recordEvaluation produced_mip_start=0 mip_start_file=''
[DEBUG]:[04:21:07] Added evaluation to memory with objective: 23.86, ConfigId: 6800666299040265397, EvalId: 1119. Total evaluations stored: 1119
[INFO]:[04:21:07] recordEvaluation produced_mip_start=0 mip_start_file=''
[DEBUG]:[04:21:07] Added evaluation to memory with objective: 23.86, ConfigId: 12684117816842937212, EvalId: 1120. Total evaluations stored: 1120
[INFO]:[04:21:07] recordEvaluation produced_mip_start=0 mip_start_file=''
[DEBUG]:[04:21:07] Added evaluation to memory with objective: 23.86, ConfigId: 17463841863952111719, EvalId: 1121. Total evaluations stored: 1121
[INFO]:[04:21:07] recordEvaluation produced_mip_start=0 mip_start_file=''
[DEBUG]:[04:21:07] Added evaluation to memory with objective: 23.86, ConfigId: 2915758627042219674, EvalId: 1122. Total evaluations stored: 1122
[INFO]:[04:21:07] recordEvaluation produced_mip_start=0 mip_start_file=''
[DEBUG]:[04:21:07] Added evaluation to memory with objective: 23.86, ConfigId: 6742140376739011631, EvalId: 1123. Total evaluations stored: 1123
[INFO]:[04:21:07] recordEvaluation produced_mip_start=0 mip_start_file=''
[DEBUG]:[04:21:07] Added evaluation to memory with objective: 23.95, ConfigId: 12095199738951297715, EvalId: 1124. Total evaluations stored: 1124
[INFO]:[04:21:07] recordEvaluation produced_mip_start=0 mip_start_file=''
[DEBUG]:[04:21:07] Added evaluation to memory with objective: 23.86, ConfigId: 10364191051052098304, EvalId: 1125. Total evaluations stored: 1125
[INFO]:[04:21:07] recordEvaluation produced_mip_start=0 mip_start_file=''
[DEBUG]:[04:21:07] Added evaluation to memory with objective: 23.86, ConfigId: 3604813228721848502, EvalId: 1126. Total evaluations stored: 1126
[INFO]:[04:21:07] recordEvaluation produced_mip_start=0 mip_start_file=''
[DEBUG]:[04:21:07] Added evaluation to memory with objective: 23.86, ConfigId: 10074878850045357149, EvalId: 1127. Total evaluations stored: 1127
[INFO]:[04:21:07] recordEvaluation produced_mip_start=0 mip_start_file=''
[DEBUG]:[04:21:07] Added evaluation to memory with objective: 23.86, ConfigId: 5997466867267542644, EvalId: 1128. Total evaluations stored: 1128
[INFO]:[04:21:07] recordEvaluation produced_mip_start=0 mip_start_file=''
[DEBUG]:[04:21:07] Added evaluation to memory with objective: 23.86, ConfigId: 2786039927092874594, EvalId: 1129. Total evaluations stored: 1129
[INFO]:[04:21:07] recordEvaluation produced_mip_start=0 mip_start_file=''
[DEBUG]:[04:21:07] Added evaluation to memory with objective: 23.86, ConfigId: 17855129105648563022, EvalId: 1130. Total evaluations stored: 1130
[INFO]:[04:21:07] recordEvaluation produced_mip_start=0 mip_start_file=''
[DEBUG]:[04:21:07] Added evaluation to memory with objective: 23.86, ConfigId: 3359606405365120626, EvalId: 1131. Total evaluations stored: 1131
[INFO]:[04:21:07] recordEvaluation produced_mip_start=0 mip_start_file=''
[DEBUG]:[04:21:07] Added evaluation to memory with objective: 23.86, ConfigId: 16813949499005146878, EvalId: 1132. Total evaluations stored: 1132
[INFO]:[04:21:07] recordEvaluation produced_mip_start=0 mip_start_file=''
[DEBUG]:[04:21:07] Added evaluation to memory with objective: 23.86, ConfigId: 244870252380858851, EvalId: 1133. Total evaluations stored: 1133
[INFO]:[04:21:07] recordEvaluation produced_mip_start=0 mip_start_file=''
[INFO]:[04:21:07] ***************
[INFO]:[04:21:07] New best evaluation without MIP start found at time 409s, with objective 23.73 and configuration ID 5632517519569581925
[INFO]:[04:21:07] With config: 5632517519569581925 -> 
Configuration: CPXPARAM_Advance=1 CPXPARAM_Barrier_Algorithm=1 CPXPARAM_Barrier_ColNonzeros=0 CPXPARAM_Barrier_Crossover=0 CPXPARAM_Barrier_Limits_Corrections=-1 CPXPARAM_Barrier_Ordering=0 CPXPARAM_Barrier_StartAlg=1 CPXPARAM_Emphasis_MIP=0 CPXPARAM_Emphasis_Memory=1 CPXPARAM_Emphasis_Numerical=0 CPXPARAM_Feasopt_Mode=0 CPXPARAM_LPMethod=0 CPXPARAM_MIP_Cuts_Cliques=0 CPXPARAM_MIP_Cuts_Covers=0 CPXPARAM_MIP_Cuts_Disjunctive=0 CPXPARAM_MIP_Cuts_FlowCovers=0 CPXPARAM_MIP_Cuts_GUBCovers=0 CPXPARAM_MIP_Cuts_Gomory=0 CPXPARAM_MIP_Cuts_Implied=0 CPXPARAM_MIP_Cuts_MIRCut=0 CPXPARAM_MIP_Cuts_PathCut=0 CPXPARAM_MIP_Limits_AggForCut=3 CPXPARAM_MIP_Limits_CutPasses=0 CPXPARAM_MIP_Limits_CutsFactor=-1 CPXPARAM_MIP_Limits_GomoryCand=100 CPXPARAM_MIP_Limits_GomoryPass=0 CPXPARAM_MIP_Limits_Nodes=9223372036800000000 CPXPARAM_MIP_Limits_ProbeTime=1e+75 CPXPARAM_MIP_Limits_RepairTries=0 CPXPARAM_MIP_Limits_StrongCand=10 CPXPARAM_MIP_Limits_StrongIt=0 CPXPARAM_MIP_OrderType=0 CPXPARAM_MIP_Strategy_BBInterval=7 CPXPARAM_MIP_Strategy_Branch=0 CPXPARAM_MIP_Strategy_Dive=0 CPXPARAM_MIP_Strategy_File=1 CPXPARAM_MIP_Strategy_HeuristicFreq=0 CPXPARAM_MIP_Strategy_LBHeur=0 CPXPARAM_MIP_Strategy_NodeSelect=1 CPXPARAM_MIP_Strategy_Order=1 CPXPARAM_MIP_Strategy_PresolveNode=0 CPXPARAM_MIP_Strategy_Probe=0 CPXPARAM_MIP_Strategy_RINSHeur=0 CPXPARAM_MIP_Strategy_StartAlgorithm=4 CPXPARAM_MIP_Strategy_SubAlgorithm=0 CPXPARAM_MIP_Strategy_VariableSelect=0 CPXPARAM_Network_NetFind=2 CPXPARAM_Network_Pricing=0 CPXPARAM_Parallel=1 CPXPARAM_Preprocessing_Aggregator=-1 CPXPARAM_Preprocessing_BoundStrength=-1 CPXPARAM_Preprocessing_CoeffReduce=-1 CPXPARAM_Preprocessing_Dependency=-1 CPXPARAM_Preprocessing_Dual=0 CPXPARAM_Preprocessing_Fill=10 CPXPARAM_Preprocessing_NumPass=-1 CPXPARAM_Preprocessing_Presolve=1 CPXPARAM_Preprocessing_QPMakePSD=1 CPXPARAM_Preprocessing_Reduce=3 CPXPARAM_Preprocessing_Relax=-1 CPXPARAM_Preprocessing_RepeatPresolve=-1 CPXPARAM_Preprocessing_Symmetry=-1 CPXPARAM_Read_Scale=0 CPXPARAM_Sifting_Algorithm=0 CPXPARAM_Simplex_Crash=1 CPXPARAM_Simplex_DGradient=0 CPXPARAM_Simplex_Limits_Perturbation=0 CPXPARAM_Simplex_Limits_Singularity=10 CPXPARAM_Simplex_PGradient=0 CPXPARAM_Simplex_Pricing=0 CPXPARAM_Simplex_Refactor=0 | MIP Start: No 
[INFO]:[04:21:07] ***************
[DEBUG]:[04:21:07] Added evaluation to memory with objective: 23.73, ConfigId: 5632517519569581925, EvalId: 1134. Total evaluations stored: 1134
[INFO]:[04:21:07] Waiting for Expansion Workers via MPI...
[INFO]:[04:21:07] Expansion Workers have completed.
[INFO]:[04:21:07] Evaluated expansion parameters: 5
[INFO]:[04:21:07] Classifying expansion parameters...
[DEBUG]:[04:21:07] Parameter CPXPARAM_LPMethod valid evaluations: 6, invalid evaluations: 0, c_p: 23.86, s_p: 0, selected_stage_1: No, discarded_by_threshold: No
[DEBUG]:[04:21:07] Parameter CPXPARAM_Read_Scale valid evaluations: 2, invalid evaluations: 0, c_p: 23.86, s_p: 0.09, selected_stage_1: No, discarded_by_threshold: No
[DEBUG]:[04:21:07] Parameter CPXPARAM_Sifting_Algorithm valid evaluations: 4, invalid evaluations: 0, c_p: 23.86, s_p: 0, selected_stage_1: No, discarded_by_threshold: No
[DEBUG]:[04:21:07] Parameter CPXPARAM_Simplex_Limits_Singularity valid evaluations: 5, invalid evaluations: 0, c_p: 23.86, s_p: 0, selected_stage_1: No, discarded_by_threshold: No
[DEBUG]:[04:21:07] Parameter CPXPARAM_Barrier_Algorithm valid evaluations: 1, invalid evaluations: 0, c_p: 23.73, s_p: 0, selected_stage_1: Yes, discarded_by_threshold: No
[DEBUG]:[04:21:07] Parameter CPXPARAM_LPMethod is dominated by parameter CPXPARAM_Read_Scale.
[DEBUG]:[04:21:07] Parameter CPXPARAM_Sifting_Algorithm is dominated by parameter CPXPARAM_Read_Scale.
[DEBUG]:[04:21:07] Parameter CPXPARAM_Simplex_Limits_Singularity is dominated by parameter CPXPARAM_Read_Scale.
[DEBUG]:[04:21:07] Parameter CPXPARAM_LPMethod metrics - c_p: 23.86, s_p: 0, selected_stage_1: No, discarded_by_threshold: No, dominated: Yes
[DEBUG]:[04:21:07] Parameter CPXPARAM_Read_Scale metrics - c_p: 23.86, s_p: 0.09, selected_stage_1: No, discarded_by_threshold: No, dominated: No
[DEBUG]:[04:21:07] Parameter CPXPARAM_Sifting_Algorithm metrics - c_p: 23.86, s_p: 0, selected_stage_1: No, discarded_by_threshold: No, dominated: Yes
[DEBUG]:[04:21:07] Parameter CPXPARAM_Simplex_Limits_Singularity metrics - c_p: 23.86, s_p: 0, selected_stage_1: No, discarded_by_threshold: No, dominated: Yes
[DEBUG]:[04:21:07] Parameter CPXPARAM_Barrier_Algorithm metrics - c_p: 23.73, s_p: 0, selected_stage_1: Yes, discarded_by_threshold: No, dominated: No
[INFO]:[04:21:07] Updating parameter flags based on classification...
[INFO]:[04:21:07] Parameter CPXPARAM_LPMethod discarded from tuning.
[INFO]:[04:21:07] Parameter CPXPARAM_Read_Scale selected for tuning.
[INFO]:[04:21:07] Parameter CPXPARAM_Sifting_Algorithm discarded from tuning.
[INFO]:[04:21:07] Parameter CPXPARAM_Simplex_Limits_Singularity discarded from tuning.
[INFO]:[04:21:07] Parameter CPXPARAM_Barrier_Algorithm selected for tuning.
[DEBUG]:[04:21:07] Classified parameters at iteration 9 - To Select: 2, To Discard: 3
[DEBUG]:[04:21:07] Parameter: CPXPARAM_LPMethod, To Select: No, To Discard: Yes
[DEBUG]:[04:21:07] Parameter: CPXPARAM_Read_Scale, To Select: Yes, To Discard: No
[DEBUG]:[04:21:07] Parameter: CPXPARAM_Sifting_Algorithm, To Select: No, To Discard: Yes
[DEBUG]:[04:21:07] Parameter: CPXPARAM_Simplex_Limits_Singularity, To Select: No, To Discard: Yes
[DEBUG]:[04:21:07] Parameter: CPXPARAM_Barrier_Algorithm, To Select: Yes, To Discard: No
[INFO]:[04:21:07] Added 18 evaluations to memory from expansion phase at iteration 9
[INFO]:[04:21:07] Expansion phase completed.
[INFO]:[04:21:07] Starting pruning phase...
[INFO]:[04:21:07] Writing learner file for pruning phase: /scratch/yorig/mpils-results-grid-ticks-10000-7may/medium-2/24proc-4pils/seed-2/6_sorrell3_seed-2_20260510_041416/pruning/input/learner_file_9.txt
[INFO]:[04:21:07] Learner file written successfully: /scratch/yorig/mpils-results-grid-ticks-10000-7may/medium-2/24proc-4pils/seed-2/6_sorrell3_seed-2_20260510_041416/pruning/input/learner_file_9.txt
[INFO]:[04:21:07] Extracting forbidden tuples from memory...
[INFO]:[04:21:07] Redirecting learner stdout/stderr to: /scratch/yorig/mpils-results-grid-ticks-10000-7may/medium-2/24proc-4pils/seed-2/6_sorrell3_seed-2_20260510_041416/pruning/learner_iteration_9.log
[INFO]:[04:21:07] Forbidden tuples extracted: 6
[INFO]:[04:21:07] Applying pruning with 6 forbidden tuples...
[DEBUG]:[04:21:07] Adding forbidden value from single-element tuple: CPXPARAM_MIP_Strategy_HeuristicFreq=0
[DEBUG]:[04:21:07] Adding forbidden value from single-element tuple: CPXPARAM_MIP_Strategy_HeuristicFreq=20
[DEBUG]:[04:21:07] Adding forbidden value from single-element tuple: CPXPARAM_MIP_Strategy_HeuristicFreq=40
[DEBUG]:[04:21:07] Adding forbidden value from single-element tuple: CPXPARAM_MIP_Strategy_HeuristicFreq=100
[DEBUG]:[04:21:07] Adding forbidden value from single-element tuple: CPXPARAM_MIP_Strategy_HeuristicFreq=500
[DEBUG]:[04:21:07] Adding forbidden value from single-element tuple: CPXPARAM_MIP_Strategy_HeuristicFreq=1000
[INFO]:[04:21:07] Pruning applied successfully.
[INFO]:[04:21:07] Pruning phase completed.
[INFO]:[04:21:07] Completed iteration 9
[INFO]:[04:21:07] Starting iteration 10
[INFO]:[04:21:07] Starting exploration phase...
[INFO]:[04:21:07] Selecting number of evaluations for tuning phase...
[INFO]:[04:21:07] Selecting initial configurations for tuning phase...
[INFO]:[04:21:07] Using worker 0 best exploration configuration without MIP start as master ILS initial configuration.
[INFO]:[04:21:07] Worker 1 global-best exploration initial configuration matches master; using a random diversified initial configuration.
[INFO]:[04:21:07] Number of evaluations for this tuning phase: 18
[INFO]:[04:21:07] ILS shared cache is disabled for this exploration phase.
[INFO]:[04:21:07] Local search backend for this exploration phase: iterated_local_search
[INFO]:[04:21:07] Running IteratedLocalSearch Engine...
[INFO]:[04:21:07] Mip start is disabled for this iteration.
[INFO]:[04:21:07] Writing ILS search space file for worker 0...
[INFO]:[04:21:07] Warning: Initial value for parameter CPXPARAM_MIP_Cuts_Cliques is forbidden. So unforbidden it for the ILS initial configuration at iteration 10.
[INFO]:[04:21:07] Warning: Initial value for parameter CPXPARAM_MIP_Cuts_FlowCovers is forbidden. So unforbidden it for the ILS initial configuration at iteration 10.
[INFO]:[04:21:07] Warning: Initial value for parameter CPXPARAM_MIP_Cuts_Gomory is forbidden. So unforbidden it for the ILS initial configuration at iteration 10.
[INFO]:[04:21:07] ILS search space file written: /scratch/yorig/mpils-results-grid-ticks-10000-7may/medium-2/24proc-4pils/seed-2/6_sorrell3_seed-2_20260510_041416/iterated_local_search/search_space/search_space_file_10.txt
[INFO]:[04:21:07] Writing ILS search space file for worker 1...
[INFO]:[04:21:07] Warning: Initial value for parameter CPXPARAM_MIP_Cuts_Cliques is forbidden. So unforbidden it for the ILS initial configuration at iteration 10.
[INFO]:[04:21:07] Warning: Initial value for parameter CPXPARAM_MIP_Cuts_Gomory is forbidden. So unforbidden it for the ILS initial configuration at iteration 10.
[INFO]:[04:21:07] ILS search space file written: /scratch/yorig/mpils-results-grid-ticks-10000-7may/medium-2/24proc-4pils/seed-2/6_sorrell3_seed-2_20260510_041416/iterated_local_search/search_space/search_space_file_10_worker_1.txt
[INFO]:[04:21:07] Writing ILS search space file for worker 2...
[INFO]:[04:21:07] Warning: Initial value for parameter CPXPARAM_MIP_Cuts_FlowCovers is forbidden. So unforbidden it for the ILS initial configuration at iteration 10.
[INFO]:[04:21:07] Warning: Initial value for parameter CPXPARAM_MIP_Strategy_VariableSelect is forbidden. So unforbidden it for the ILS initial configuration at iteration 10.
[INFO]:[04:21:07] ILS search space file written: /scratch/yorig/mpils-results-grid-ticks-10000-7may/medium-2/24proc-4pils/seed-2/6_sorrell3_seed-2_20260510_041416/iterated_local_search/search_space/search_space_file_10_worker_2.txt
[INFO]:[04:21:07] Writing ILS search space file for worker 3...
[INFO]:[04:21:07] Warning: Initial value for parameter CPXPARAM_Emphasis_MIP is forbidden. So unforbidden it for the ILS initial configuration at iteration 10.
[INFO]:[04:21:07] Warning: Initial value for parameter CPXPARAM_MIP_Cuts_Cliques is forbidden. So unforbidden it for the ILS initial configuration at iteration 10.
[INFO]:[04:21:07] Warning: Initial value for parameter CPXPARAM_MIP_Cuts_FlowCovers is forbidden. So unforbidden it for the ILS initial configuration at iteration 10.
[INFO]:[04:21:07] Warning: Initial value for parameter CPXPARAM_MIP_Strategy_Probe is forbidden. So unforbidden it for the ILS initial configuration at iteration 10.
[INFO]:[04:21:07] Warning: Initial configuration contains a forbidden tuple. So unforbidden it for ILS at iteration 10.
[INFO]:[04:21:07] Warning: Initial configuration contains a forbidden tuple. So unforbidden it for ILS at iteration 10.
[INFO]:[04:21:07] Warning: Initial configuration contains a forbidden tuple. So unforbidden it for ILS at iteration 10.
[INFO]:[04:21:07] Warning: Initial configuration contains a forbidden tuple. So unforbidden it for ILS at iteration 10.
[INFO]:[04:21:07] Warning: Initial configuration contains a forbidden tuple. So unforbidden it for ILS at iteration 10.
[INFO]:[04:21:07] Warning: Initial configuration contains a forbidden tuple. So unforbidden it for ILS at iteration 10.
[INFO]:[04:21:07] Warning: Initial configuration contains a forbidden tuple. So unforbidden it for ILS at iteration 10.
[INFO]:[04:21:07] Warning: Initial configuration contains a forbidden tuple. So unforbidden it for ILS at iteration 10.
[INFO]:[04:21:07] Warning: Initial configuration contains a forbidden tuple. So unforbidden it for ILS at iteration 10.
[INFO]:[04:21:07] Warning: Initial configuration contains a forbidden tuple. So unforbidden it for ILS at iteration 10.
[INFO]:[04:21:07] ILS search space file written: /scratch/yorig/mpils-results-grid-ticks-10000-7may/medium-2/24proc-4pils/seed-2/6_sorrell3_seed-2_20260510_041416/iterated_local_search/search_space/search_space_file_10_worker_3.txt
[INFO]:[04:21:07] Writing ILS search space file for worker 4...
[INFO]:[04:21:07] Warning: Initial value for parameter CPXPARAM_Emphasis_MIP is forbidden. So unforbidden it for the ILS initial configuration at iteration 10.
[INFO]:[04:21:07] Warning: Initial value for parameter CPXPARAM_MIP_Cuts_Cliques is forbidden. So unforbidden it for the ILS initial configuration at iteration 10.
[INFO]:[04:21:07] Warning: Initial configuration contains a forbidden tuple. So unforbidden it for ILS at iteration 10.
[INFO]:[04:21:07] Warning: Initial configuration contains a forbidden tuple. So unforbidden it for ILS at iteration 10.
[INFO]:[04:21:07] Warning: Initial configuration contains a forbidden tuple. So unforbidden it for ILS at iteration 10.
[INFO]:[04:21:07] Warning: Initial configuration contains a forbidden tuple. So unforbidden it for ILS at iteration 10.
[INFO]:[04:21:07] ILS search space file written: /scratch/yorig/mpils-results-grid-ticks-10000-7may/medium-2/24proc-4pils/seed-2/6_sorrell3_seed-2_20260510_041416/iterated_local_search/search_space/search_space_file_10_worker_4.txt
[INFO]:[04:21:07] Writing ILS search space file for worker 5...
[INFO]:[04:21:07] Warning: Initial value for parameter CPXPARAM_MIP_Cuts_Cliques is forbidden. So unforbidden it for the ILS initial configuration at iteration 10.
[INFO]:[04:21:07] Warning: Initial value for parameter CPXPARAM_MIP_Cuts_Gomory is forbidden. So unforbidden it for the ILS initial configuration at iteration 10.
[INFO]:[04:21:07] Warning: Initial value for parameter CPXPARAM_MIP_Strategy_Probe is forbidden. So unforbidden it for the ILS initial configuration at iteration 10.
[INFO]:[04:21:07] Warning: Initial configuration contains a forbidden tuple. So unforbidden it for ILS at iteration 10.
[INFO]:[04:21:07] Warning: Initial configuration contains a forbidden tuple. So unforbidden it for ILS at iteration 10.
[INFO]:[04:21:07] ILS search space file written: /scratch/yorig/mpils-results-grid-ticks-10000-7may/medium-2/24proc-4pils/seed-2/6_sorrell3_seed-2_20260510_041416/iterated_local_search/search_space/search_space_file_10_worker_5.txt
[INFO]:[04:21:07] Writing ILS search space file for worker 6...
[INFO]:[04:21:07] Warning: Initial value for parameter CPXPARAM_MIP_Strategy_VariableSelect is forbidden. So unforbidden it for the ILS initial configuration at iteration 10.
[INFO]:[04:21:07] ILS search space file written: /scratch/yorig/mpils-results-grid-ticks-10000-7may/medium-2/24proc-4pils/seed-2/6_sorrell3_seed-2_20260510_041416/iterated_local_search/search_space/search_space_file_10_worker_6.txt
[INFO]:[04:21:07] Writing ILS search space file for worker 7...
[INFO]:[04:21:07] ILS search space file written: /scratch/yorig/mpils-results-grid-ticks-10000-7may/medium-2/24proc-4pils/seed-2/6_sorrell3_seed-2_20260510_041416/iterated_local_search/search_space/search_space_file_10_worker_7.txt
[INFO]:[04:21:07] Writing ILS search space file for worker 8...
[INFO]:[04:21:07] Warning: Initial value for parameter CPXPARAM_MIP_Cuts_Cliques is forbidden. So unforbidden it for the ILS initial configuration at iteration 10.
[INFO]:[04:21:07] Warning: Initial configuration contains a forbidden tuple. So unforbidden it for ILS at iteration 10.
[INFO]:[04:21:07] ILS search space file written: /scratch/yorig/mpils-results-grid-ticks-10000-7may/medium-2/24proc-4pils/seed-2/6_sorrell3_seed-2_20260510_041416/iterated_local_search/search_space/search_space_file_10_worker_8.txt
[INFO]:[04:21:07] Writing ILS search space file for worker 9...
[INFO]:[04:21:07] Warning: Initial value for parameter CPXPARAM_Emphasis_MIP is forbidden. So unforbidden it for the ILS initial configuration at iteration 10.
[INFO]:[04:21:07] Warning: Initial value for parameter CPXPARAM_MIP_Cuts_Cliques is forbidden. So unforbidden it for the ILS initial configuration at iteration 10.
[INFO]:[04:21:07] Warning: Initial value for parameter CPXPARAM_MIP_Strategy_Probe is forbidden. So unforbidden it for the ILS initial configuration at iteration 10.
[INFO]:[04:21:07] Warning: Initial configuration contains a forbidden tuple. So unforbidden it for ILS at iteration 10.
[INFO]:[04:21:07] Warning: Initial configuration contains a forbidden tuple. So unforbidden it for ILS at iteration 10.
[INFO]:[04:21:07] Warning: Initial configuration contains a forbidden tuple. So unforbidden it for ILS at iteration 10.
[INFO]:[04:21:07] Warning: Initial configuration contains a forbidden tuple. So unforbidden it for ILS at iteration 10.
[INFO]:[04:21:07] Warning: Initial configuration contains a forbidden tuple. So unforbidden it for ILS at iteration 10.
[INFO]:[04:21:07] Warning: Initial configuration contains a forbidden tuple. So unforbidden it for ILS at iteration 10.
[INFO]:[04:21:07] Warning: Initial configuration contains a forbidden tuple. So unforbidden it for ILS at iteration 10.
[INFO]:[04:21:07] ILS search space file written: /scratch/yorig/mpils-results-grid-ticks-10000-7may/medium-2/24proc-4pils/seed-2/6_sorrell3_seed-2_20260510_041416/iterated_local_search/search_space/search_space_file_10_worker_9.txt
[INFO]:[04:21:07] Writing ILS search space file for worker 10...
[INFO]:[04:21:07] Warning: Initial value for parameter CPXPARAM_MIP_Cuts_Cliques is forbidden. So unforbidden it for the ILS initial configuration at iteration 10.
[INFO]:[04:21:07] ILS search space file written: /scratch/yorig/mpils-results-grid-ticks-10000-7may/medium-2/24proc-4pils/seed-2/6_sorrell3_seed-2_20260510_041416/iterated_local_search/search_space/search_space_file_10_worker_10.txt
[INFO]:[04:21:07] Writing ILS search space file for worker 11...
[INFO]:[04:21:07] Warning: Initial value for parameter CPXPARAM_Emphasis_MIP is forbidden. So unforbidden it for the ILS initial configuration at iteration 10.
[INFO]:[04:21:07] Warning: Initial value for parameter CPXPARAM_MIP_Cuts_Cliques is forbidden. So unforbidden it for the ILS initial configuration at iteration 10.
[INFO]:[04:21:07] Warning: Initial value for parameter CPXPARAM_MIP_Strategy_VariableSelect is forbidden. So unforbidden it for the ILS initial configuration at iteration 10.
[INFO]:[04:21:07] Warning: Initial configuration contains a forbidden tuple. So unforbidden it for ILS at iteration 10.
[INFO]:[04:21:07] Warning: Initial configuration contains a forbidden tuple. So unforbidden it for ILS at iteration 10.
[INFO]:[04:21:07] Warning: Initial configuration contains a forbidden tuple. So unforbidden it for ILS at iteration 10.
[INFO]:[04:21:07] Warning: Initial configuration contains a forbidden tuple. So unforbidden it for ILS at iteration 10.
[INFO]:[04:21:07] Warning: Initial configuration contains a forbidden tuple. So unforbidden it for ILS at iteration 10.
[INFO]:[04:21:07] Warning: Initial configuration contains a forbidden tuple. So unforbidden it for ILS at iteration 10.
[INFO]:[04:21:07] Warning: Initial configuration contains a forbidden tuple. So unforbidden it for ILS at iteration 10.
[INFO]:[04:21:07] ILS search space file written: /scratch/yorig/mpils-results-grid-ticks-10000-7may/medium-2/24proc-4pils/seed-2/6_sorrell3_seed-2_20260510_041416/iterated_local_search/search_space/search_space_file_10_worker_11.txt
[INFO]:[04:21:07] Writing ILS search space file for worker 12...
[INFO]:[04:21:07] Warning: Initial value for parameter CPXPARAM_MIP_Cuts_Cliques is forbidden. So unforbidden it for the ILS initial configuration at iteration 10.
[INFO]:[04:21:07] Warning: Initial configuration contains a forbidden tuple. So unforbidden it for ILS at iteration 10.
[INFO]:[04:21:07] Warning: Initial configuration contains a forbidden tuple. So unforbidden it for ILS at iteration 10.
[INFO]:[04:21:07] ILS search space file written: /scratch/yorig/mpils-results-grid-ticks-10000-7may/medium-2/24proc-4pils/seed-2/6_sorrell3_seed-2_20260510_041416/iterated_local_search/search_space/search_space_file_10_worker_12.txt
[INFO]:[04:21:07] Writing ILS search space file for worker 13...
[INFO]:[04:21:07] Warning: Initial value for parameter CPXPARAM_MIP_Cuts_Cliques is forbidden. So unforbidden it for the ILS initial configuration at iteration 10.
[INFO]:[04:21:07] ILS search space file written: /scratch/yorig/mpils-results-grid-ticks-10000-7may/medium-2/24proc-4pils/seed-2/6_sorrell3_seed-2_20260510_041416/iterated_local_search/search_space/search_space_file_10_worker_13.txt
[INFO]:[04:21:07] Writing ILS search space file for worker 14...
[INFO]:[04:21:07] Warning: Initial value for parameter CPXPARAM_MIP_Strategy_Probe is forbidden. So unforbidden it for the ILS initial configuration at iteration 10.
[INFO]:[04:21:07] Warning: Initial configuration contains a forbidden tuple. So unforbidden it for ILS at iteration 10.
[INFO]:[04:21:07] ILS search space file written: /scratch/yorig/mpils-results-grid-ticks-10000-7may/medium-2/24proc-4pils/seed-2/6_sorrell3_seed-2_20260510_041416/iterated_local_search/search_space/search_space_file_10_worker_14.txt
[INFO]:[04:21:07] Writing ILS search space file for worker 15...
[INFO]:[04:21:07] Warning: Initial value for parameter CPXPARAM_Emphasis_MIP is forbidden. So unforbidden it for the ILS initial configuration at iteration 10.
[INFO]:[04:21:07] Warning: Initial value for parameter CPXPARAM_MIP_Strategy_Probe is forbidden. So unforbidden it for the ILS initial configuration at iteration 10.
[INFO]:[04:21:07] Warning: Initial value for parameter CPXPARAM_MIP_Strategy_VariableSelect is forbidden. So unforbidden it for the ILS initial configuration at iteration 10.
[INFO]:[04:21:07] Warning: Initial configuration contains a forbidden tuple. So unforbidden it for ILS at iteration 10.
[INFO]:[04:21:07] Warning: Initial configuration contains a forbidden tuple. So unforbidden it for ILS at iteration 10.
[INFO]:[04:21:07] Warning: Initial configuration contains a forbidden tuple. So unforbidden it for ILS at iteration 10.
[INFO]:[04:21:07] ILS search space file written: /scratch/yorig/mpils-results-grid-ticks-10000-7may/medium-2/24proc-4pils/seed-2/6_sorrell3_seed-2_20260510_041416/iterated_local_search/search_space/search_space_file_10_worker_15.txt
[INFO]:[04:21:07] Writing ILS search space file for worker 16...
[INFO]:[04:21:07] Warning: Initial value for parameter CPXPARAM_Emphasis_MIP is forbidden. So unforbidden it for the ILS initial configuration at iteration 10.
[INFO]:[04:21:07] Warning: Initial value for parameter CPXPARAM_MIP_Cuts_Gomory is forbidden. So unforbidden it for the ILS initial configuration at iteration 10.
[INFO]:[04:21:07] Warning: Initial value for parameter CPXPARAM_MIP_Strategy_Probe is forbidden. So unforbidden it for the ILS initial configuration at iteration 10.
[INFO]:[04:21:07] Warning: Initial configuration contains a forbidden tuple. So unforbidden it for ILS at iteration 10.
[INFO]:[04:21:07] Warning: Initial configuration contains a forbidden tuple. So unforbidden it for ILS at iteration 10.
[INFO]:[04:21:07] ILS search space file written: /scratch/yorig/mpils-results-grid-ticks-10000-7may/medium-2/24proc-4pils/seed-2/6_sorrell3_seed-2_20260510_041416/iterated_local_search/search_space/search_space_file_10_worker_16.txt
[INFO]:[04:21:07] Writing ILS search space file for worker 17...
[INFO]:[04:21:07] Warning: Initial value for parameter CPXPARAM_Emphasis_MIP is forbidden. So unforbidden it for the ILS initial configuration at iteration 10.
[INFO]:[04:21:07] Warning: Initial value for parameter CPXPARAM_MIP_Cuts_Cliques is forbidden. So unforbidden it for the ILS initial configuration at iteration 10.
[INFO]:[04:21:07] Warning: Initial value for parameter CPXPARAM_MIP_Cuts_FlowCovers is forbidden. So unforbidden it for the ILS initial configuration at iteration 10.
[INFO]:[04:21:07] Warning: Initial configuration contains a forbidden tuple. So unforbidden it for ILS at iteration 10.
[INFO]:[04:21:07] Warning: Initial configuration contains a forbidden tuple. So unforbidden it for ILS at iteration 10.
[INFO]:[04:21:07] Warning: Initial configuration contains a forbidden tuple. So unforbidden it for ILS at iteration 10.
[INFO]:[04:21:07] Warning: Initial configuration contains a forbidden tuple. So unforbidden it for ILS at iteration 10.
[INFO]:[04:21:07] Warning: Initial configuration contains a forbidden tuple. So unforbidden it for ILS at iteration 10.
[INFO]:[04:21:07] Warning: Initial configuration contains a forbidden tuple. So unforbidden it for ILS at iteration 10.
[INFO]:[04:21:07] ILS search space file written: /scratch/yorig/mpils-results-grid-ticks-10000-7may/medium-2/24proc-4pils/seed-2/6_sorrell3_seed-2_20260510_041416/iterated_local_search/search_space/search_space_file_10_worker_17.txt
[INFO]:[04:21:07] Writing ILS search space file for worker 18...
[INFO]:[04:21:07] Warning: Initial value for parameter CPXPARAM_Emphasis_MIP is forbidden. So unforbidden it for the ILS initial configuration at iteration 10.
[INFO]:[04:21:07] Warning: Initial value for parameter CPXPARAM_MIP_Cuts_Gomory is forbidden. So unforbidden it for the ILS initial configuration at iteration 10.
[INFO]:[04:21:07] Warning: Initial configuration contains a forbidden tuple. So unforbidden it for ILS at iteration 10.
[INFO]:[04:21:07] Warning: Initial configuration contains a forbidden tuple. So unforbidden it for ILS at iteration 10.
[INFO]:[04:21:07] ILS search space file written: /scratch/yorig/mpils-results-grid-ticks-10000-7may/medium-2/24proc-4pils/seed-2/6_sorrell3_seed-2_20260510_041416/iterated_local_search/search_space/search_space_file_10_worker_18.txt
[INFO]:[04:21:07] Writing ILS search space file for worker 19...
[INFO]:[04:21:07] Warning: Initial value for parameter CPXPARAM_MIP_Cuts_FlowCovers is forbidden. So unforbidden it for the ILS initial configuration at iteration 10.
[INFO]:[04:21:07] Warning: Initial value for parameter CPXPARAM_MIP_Cuts_Gomory is forbidden. So unforbidden it for the ILS initial configuration at iteration 10.
[INFO]:[04:21:07] ILS search space file written: /scratch/yorig/mpils-results-grid-ticks-10000-7may/medium-2/24proc-4pils/seed-2/6_sorrell3_seed-2_20260510_041416/iterated_local_search/search_space/search_space_file_10_worker_19.txt
[INFO]:[04:21:07] Writing ILS search space file for worker 20...
[INFO]:[04:21:07] Warning: Initial value for parameter CPXPARAM_MIP_Strategy_Probe is forbidden. So unforbidden it for the ILS initial configuration at iteration 10.
[INFO]:[04:21:07] ILS search space file written: /scratch/yorig/mpils-results-grid-ticks-10000-7may/medium-2/24proc-4pils/seed-2/6_sorrell3_seed-2_20260510_041416/iterated_local_search/search_space/search_space_file_10_worker_20.txt
[INFO]:[04:21:07] Writing ILS search space file for worker 21...
[INFO]:[04:21:07] Warning: Initial value for parameter CPXPARAM_Emphasis_MIP is forbidden. So unforbidden it for the ILS initial configuration at iteration 10.
[INFO]:[04:21:07] Warning: Initial value for parameter CPXPARAM_MIP_Cuts_Cliques is forbidden. So unforbidden it for the ILS initial configuration at iteration 10.
[INFO]:[04:21:07] Warning: Initial value for parameter CPXPARAM_MIP_Cuts_FlowCovers is forbidden. So unforbidden it for the ILS initial configuration at iteration 10.
[INFO]:[04:21:07] Warning: Initial configuration contains a forbidden tuple. So unforbidden it for ILS at iteration 10.
[INFO]:[04:21:07] Warning: Initial configuration contains a forbidden tuple. So unforbidden it for ILS at iteration 10.
[INFO]:[04:21:07] Warning: Initial configuration contains a forbidden tuple. So unforbidden it for ILS at iteration 10.
[INFO]:[04:21:07] Warning: Initial configuration contains a forbidden tuple. So unforbidden it for ILS at iteration 10.
[INFO]:[04:21:07] ILS search space file written: /scratch/yorig/mpils-results-grid-ticks-10000-7may/medium-2/24proc-4pils/seed-2/6_sorrell3_seed-2_20260510_041416/iterated_local_search/search_space/search_space_file_10_worker_21.txt
[INFO]:[04:21:07] Writing ILS search space file for worker 22...
[INFO]:[04:21:07] Warning: Initial value for parameter CPXPARAM_MIP_Cuts_Cliques is forbidden. So unforbidden it for the ILS initial configuration at iteration 10.
[INFO]:[04:21:07] Warning: Initial value for parameter CPXPARAM_MIP_Cuts_FlowCovers is forbidden. So unforbidden it for the ILS initial configuration at iteration 10.
[INFO]:[04:21:07] Warning: Initial value for parameter CPXPARAM_MIP_Strategy_Probe is forbidden. So unforbidden it for the ILS initial configuration at iteration 10.
[INFO]:[04:21:07] ILS search space file written: /scratch/yorig/mpils-results-grid-ticks-10000-7may/medium-2/24proc-4pils/seed-2/6_sorrell3_seed-2_20260510_041416/iterated_local_search/search_space/search_space_file_10_worker_22.txt
[INFO]:[04:21:07] Writing ILS search space file for worker 23...
[INFO]:[04:21:07] Warning: Initial value for parameter CPXPARAM_Emphasis_MIP is forbidden. So unforbidden it for the ILS initial configuration at iteration 10.
[INFO]:[04:21:07] Warning: Initial value for parameter CPXPARAM_MIP_Cuts_Cliques is forbidden. So unforbidden it for the ILS initial configuration at iteration 10.
[INFO]:[04:21:07] Warning: Initial configuration contains a forbidden tuple. So unforbidden it for ILS at iteration 10.
[INFO]:[04:21:07] Warning: Initial configuration contains a forbidden tuple. So unforbidden it for ILS at iteration 10.
[INFO]:[04:21:07] Warning: Initial configuration contains a forbidden tuple. So unforbidden it for ILS at iteration 10.
[INFO]:[04:21:07] ILS search space file written: /scratch/yorig/mpils-results-grid-ticks-10000-7may/medium-2/24proc-4pils/seed-2/6_sorrell3_seed-2_20260510_041416/iterated_local_search/search_space/search_space_file_10_worker_23.txt
[INFO]:[04:21:07] Launching Local Search Workers via MPI...
[INFO]:[04:21:07] Local Search Workers launched.
[INFO]:[04:21:07] Starting local search phase...
[INFO]:[04:21:07] Creating local search space from parameter space file: /scratch/yorig/mpils-results-grid-ticks-10000-7may/medium-2/24proc-4pils/seed-2/6_sorrell3_seed-2_20260510_041416/iterated_local_search/search_space/search_space_file_10.txt
[INFO]:[04:21:07] Local search space loaded from file: /scratch/yorig/mpils-results-grid-ticks-10000-7may/medium-2/24proc-4pils/seed-2/6_sorrell3_seed-2_20260510_041416/iterated_local_search/search_space/search_space_file_10.txt
[INFO]:[04:21:07] Number of parameters in local search space: 71
[INFO]:[04:21:07] Number of forbidden tuples in local search space: 69
[INFO]:[04:21:07] Number of conditionals in local search space: 6
[INFO]:[04:21:07] MIP start option not enabled. Local search will proceed without MIP start.
[INFO]:[04:21:07] Seeded initial configuration into local search cache with known objective value: 23.86
[INFO]:[04:21:07] Starting CPLEX solver on instance: /home/yorig/tuner/mpils-tests/instances/miplib/medium-2/sorrell3.mps with config: /scratch/yorig/mpils-results-grid-ticks-10000-7may/medium-2/24proc-4pils/seed-2/6_sorrell3_seed-2_20260510_041416/iterated_local_search/run_10_worker_0/ils_config_7840642222922317902.prm
[INFO]:[04:21:07] Starting CPLEX solver on instance: /home/yorig/tuner/mpils-tests/instances/miplib/medium-2/sorrell3.mps with config: /scratch/yorig/mpils-results-grid-ticks-10000-7may/medium-2/24proc-4pils/seed-2/6_sorrell3_seed-2_20260510_041416/iterated_local_search/run_10_worker_0/ils_config_7840642222922317902.prm
[INFO]:[04:21:13] CPLEX results. Gap: 45.190000, upper bound: -14.000000, lower bound: -20.327254
[INFO]:[04:21:13] CPLEX solver finished. Gap: 45.190000
[INFO]:[04:21:13] Starting CPLEX solver on instance: /home/yorig/tuner/mpils-tests/instances/miplib/medium-2/sorrell3.mps with config: /scratch/yorig/mpils-results-grid-ticks-10000-7may/medium-2/24proc-4pils/seed-2/6_sorrell3_seed-2_20260510_041416/iterated_local_search/run_10_worker_0/ils_config_14117640925982252209.prm
[INFO]:[04:21:13] Starting CPLEX solver on instance: /home/yorig/tuner/mpils-tests/instances/miplib/medium-2/sorrell3.mps with config: /scratch/yorig/mpils-results-grid-ticks-10000-7may/medium-2/24proc-4pils/seed-2/6_sorrell3_seed-2_20260510_041416/iterated_local_search/run_10_worker_0/ils_config_14117640925982252209.prm
[INFO]:[04:21:19] CPLEX results. Gap: 23.860000, upper bound: -16.000000, lower bound: -19.817543
[INFO]:[04:21:19] CPLEX solver finished. Gap: 23.860000
[INFO]:[04:21:19] Starting CPLEX solver on instance: /home/yorig/tuner/mpils-tests/instances/miplib/medium-2/sorrell3.mps with config: /scratch/yorig/mpils-results-grid-ticks-10000-7may/medium-2/24proc-4pils/seed-2/6_sorrell3_seed-2_20260510_041416/iterated_local_search/run_10_worker_0/ils_config_7649567551272815777.prm
[INFO]:[04:21:19] Starting CPLEX solver on instance: /home/yorig/tuner/mpils-tests/instances/miplib/medium-2/sorrell3.mps with config: /scratch/yorig/mpils-results-grid-ticks-10000-7may/medium-2/24proc-4pils/seed-2/6_sorrell3_seed-2_20260510_041416/iterated_local_search/run_10_worker_0/ils_config_7649567551272815777.prm
[INFO]:[04:21:25] CPLEX results. Gap: 23.860000, upper bound: -16.000000, lower bound: -19.817619
[INFO]:[04:21:25] CPLEX solver finished. Gap: 23.860000
[INFO]:[04:21:25] Starting CPLEX solver on instance: /home/yorig/tuner/mpils-tests/instances/miplib/medium-2/sorrell3.mps with config: /scratch/yorig/mpils-results-grid-ticks-10000-7may/medium-2/24proc-4pils/seed-2/6_sorrell3_seed-2_20260510_041416/iterated_local_search/run_10_worker_0/ils_config_17009164037345707199.prm
[INFO]:[04:21:25] Starting CPLEX solver on instance: /home/yorig/tuner/mpils-tests/instances/miplib/medium-2/sorrell3.mps with config: /scratch/yorig/mpils-results-grid-ticks-10000-7may/medium-2/24proc-4pils/seed-2/6_sorrell3_seed-2_20260510_041416/iterated_local_search/run_10_worker_0/ils_config_17009164037345707199.prm
[INFO]:[04:21:31] CPLEX results. Gap: 23.860000, upper bound: -16.000000, lower bound: -19.817543
[INFO]:[04:21:31] CPLEX solver finished. Gap: 23.860000
[INFO]:[04:21:31] Starting CPLEX solver on instance: /home/yorig/tuner/mpils-tests/instances/miplib/medium-2/sorrell3.mps with config: /scratch/yorig/mpils-results-grid-ticks-10000-7may/medium-2/24proc-4pils/seed-2/6_sorrell3_seed-2_20260510_041416/iterated_local_search/run_10_worker_0/ils_config_3655784426881150365.prm
[INFO]:[04:21:31] Starting CPLEX solver on instance: /home/yorig/tuner/mpils-tests/instances/miplib/medium-2/sorrell3.mps with config: /scratch/yorig/mpils-results-grid-ticks-10000-7may/medium-2/24proc-4pils/seed-2/6_sorrell3_seed-2_20260510_041416/iterated_local_search/run_10_worker_0/ils_config_3655784426881150365.prm
[INFO]:[04:21:37] CPLEX results. Gap: 23.860000, upper bound: -16.000000, lower bound: -19.817543
[INFO]:[04:21:37] CPLEX solver finished. Gap: 23.860000
[INFO]:[04:21:41] Local search phase completed.
[INFO]:[04:21:41] Total number of new local-search evaluations: 20
[INFO]:[04:21:41] Final incumbent objective value: 23.86
[INFO]:[04:21:41] recordEvaluation produced_mip_start=0 mip_start_file=''
[DEBUG]:[04:21:41] Added evaluation to memory with objective: 45.19, ConfigId: 7840642222922317902, EvalId: 1135. Total evaluations stored: 1135
[INFO]:[04:21:41] recordEvaluation produced_mip_start=0 mip_start_file=''
[DEBUG]:[04:21:41] Added evaluation to memory with objective: 32.53, ConfigId: 13339414892055564495, EvalId: 1136. Total evaluations stored: 1136
[INFO]:[04:21:41] recordEvaluation produced_mip_start=0 mip_start_file=''
[DEBUG]:[04:21:41] Added evaluation to memory with objective: 23.86, ConfigId: 318905542537416756, EvalId: 1137. Total evaluations stored: 1137
[INFO]:[04:21:41] recordEvaluation produced_mip_start=0 mip_start_file=''
[DEBUG]:[04:21:41] Added evaluation to memory with objective: 23.86, ConfigId: 4625449861315406636, EvalId: 1138. Total evaluations stored: 1138
[INFO]:[04:21:41] recordEvaluation produced_mip_start=0 mip_start_file=''
[DEBUG]:[04:21:41] Added evaluation to memory with objective: 23.86, ConfigId: 14117640925982252209, EvalId: 1139. Total evaluations stored: 1139
[INFO]:[04:21:41] recordEvaluation produced_mip_start=0 mip_start_file=''
[DEBUG]:[04:21:41] Added evaluation to memory with objective: 23.86, ConfigId: 6057649974895747198, EvalId: 1140. Total evaluations stored: 1140
[INFO]:[04:21:41] recordEvaluation produced_mip_start=0 mip_start_file=''
[DEBUG]:[04:21:41] Added evaluation to memory with objective: 32.05, ConfigId: 544206993840805125, EvalId: 1141. Total evaluations stored: 1141
[INFO]:[04:21:41] recordEvaluation produced_mip_start=0 mip_start_file=''
[DEBUG]:[04:21:41] Added evaluation to memory with objective: 23.86, ConfigId: 10567066015842854968, EvalId: 1142. Total evaluations stored: 1142
[INFO]:[04:21:41] recordEvaluation produced_mip_start=0 mip_start_file=''
[DEBUG]:[04:21:41] Added evaluation to memory with objective: 23.86, ConfigId: 7649567551272815777, EvalId: 1143. Total evaluations stored: 1143
[INFO]:[04:21:41] recordEvaluation produced_mip_start=0 mip_start_file=''
[DEBUG]:[04:21:41] Added evaluation to memory with objective: 23.86, ConfigId: 14903502806572893339, EvalId: 1144. Total evaluations stored: 1144
[INFO]:[04:21:41] recordEvaluation produced_mip_start=0 mip_start_file=''
[DEBUG]:[04:21:41] Added evaluation to memory with objective: 32.05, ConfigId: 18384756271301724462, EvalId: 1145. Total evaluations stored: 1145
[INFO]:[04:21:41] recordEvaluation produced_mip_start=0 mip_start_file=''
[DEBUG]:[04:21:41] Added evaluation to memory with objective: 23.86, ConfigId: 7122224616390514311, EvalId: 1146. Total evaluations stored: 1146
[INFO]:[04:21:41] recordEvaluation produced_mip_start=0 mip_start_file=''
[DEBUG]:[04:21:41] Added evaluation to memory with objective: 23.86, ConfigId: 17009164037345707199, EvalId: 1147. Total evaluations stored: 1147
[INFO]:[04:21:41] recordEvaluation produced_mip_start=0 mip_start_file=''
[DEBUG]:[04:21:41] Added evaluation to memory with objective: 23.86, ConfigId: 16155110541313490869, EvalId: 1148. Total evaluations stored: 1148
[INFO]:[04:21:41] recordEvaluation produced_mip_start=0 mip_start_file=''
[DEBUG]:[04:21:41] Added evaluation to memory with objective: 23.86, ConfigId: 6792154123921425544, EvalId: 1149. Total evaluations stored: 1149
[INFO]:[04:21:41] recordEvaluation produced_mip_start=0 mip_start_file=''
[DEBUG]:[04:21:41] Added evaluation to memory with objective: 23.86, ConfigId: 6595075342416187723, EvalId: 1150. Total evaluations stored: 1150
[INFO]:[04:21:41] recordEvaluation produced_mip_start=0 mip_start_file=''
[DEBUG]:[04:21:41] Added evaluation to memory with objective: 23.86, ConfigId: 3655784426881150365, EvalId: 1151. Total evaluations stored: 1151
[INFO]:[04:21:41] recordEvaluation produced_mip_start=0 mip_start_file=''
[DEBUG]:[04:21:41] Added evaluation to memory with objective: 23.86, ConfigId: 5391231252435633468, EvalId: 1152. Total evaluations stored: 1152
[INFO]:[04:21:41] recordEvaluation produced_mip_start=0 mip_start_file=''
[DEBUG]:[04:21:41] Added evaluation to memory with objective: 3823.08, ConfigId: 7700014575349207631, EvalId: 1153. Total evaluations stored: 1153
[INFO]:[04:21:41] recordEvaluation produced_mip_start=0 mip_start_file=''
[DEBUG]:[04:21:41] Added evaluation to memory with objective: 23.86, ConfigId: 12926031863134205090, EvalId: 1154. Total evaluations stored: 1154
[INFO]:[04:21:41] Waiting for Local Search Workers via MPI...
[INFO]:[04:22:38] Local Search Workers have completed.
[INFO]:[04:22:38] recordEvaluation produced_mip_start=0 mip_start_file=''
[DEBUG]:[04:22:38] Added evaluation to memory with objective: 3310, ConfigId: 18182012267789181788, EvalId: 1155. Total evaluations stored: 1155
[INFO]:[04:22:38] recordEvaluation produced_mip_start=0 mip_start_file=''
[DEBUG]:[04:22:38] Added evaluation to memory with objective: 4166.67, ConfigId: 11017852947404954537, EvalId: 1156. Total evaluations stored: 1156
[INFO]:[04:22:38] recordEvaluation produced_mip_start=0 mip_start_file=''
[DEBUG]:[04:22:38] Added evaluation to memory with objective: 3283.33, ConfigId: 14478367576505798483, EvalId: 1157. Total evaluations stored: 1157
[INFO]:[04:22:38] recordEvaluation produced_mip_start=0 mip_start_file=''
[DEBUG]:[04:22:38] Added evaluation to memory with objective: 29.24, ConfigId: 14436907079033467378, EvalId: 1158. Total evaluations stored: 1158
[INFO]:[04:22:38] recordEvaluation produced_mip_start=0 mip_start_file=''
[DEBUG]:[04:22:38] Added evaluation to memory with objective: 29.24, ConfigId: 6013435995882815654, EvalId: 1159. Total evaluations stored: 1159
[INFO]:[04:22:38] recordEvaluation produced_mip_start=0 mip_start_file=''
[DEBUG]:[04:22:38] Added evaluation to memory with objective: 29.24, ConfigId: 15909184924175688985, EvalId: 1160. Total evaluations stored: 1160
[INFO]:[04:22:38] recordEvaluation produced_mip_start=0 mip_start_file=''
[DEBUG]:[04:22:38] Added evaluation to memory with objective: 29.24, ConfigId: 4592604421191458000, EvalId: 1161. Total evaluations stored: 1161
[INFO]:[04:22:38] recordEvaluation produced_mip_start=0 mip_start_file=''
[DEBUG]:[04:22:38] Added evaluation to memory with objective: 29.3, ConfigId: 17424398782705482616, EvalId: 1162. Total evaluations stored: 1162
[INFO]:[04:22:38] recordEvaluation produced_mip_start=0 mip_start_file=''
[DEBUG]:[04:22:38] Added evaluation to memory with objective: 29.24, ConfigId: 15004225601065223563, EvalId: 1163. Total evaluations stored: 1163
[INFO]:[04:22:38] recordEvaluation produced_mip_start=0 mip_start_file=''
[DEBUG]:[04:22:38] Added evaluation to memory with objective: 29.24, ConfigId: 2428289860109127456, EvalId: 1164. Total evaluations stored: 1164
[INFO]:[04:22:38] recordEvaluation produced_mip_start=0 mip_start_file=''
[DEBUG]:[04:22:38] Added evaluation to memory with objective: 29.24, ConfigId: 9230602586673705317, EvalId: 1165. Total evaluations stored: 1165
[INFO]:[04:22:38] recordEvaluation produced_mip_start=0 mip_start_file=''
[DEBUG]:[04:22:38] Added evaluation to memory with objective: 29.22, ConfigId: 13333201871257441916, EvalId: 1166. Total evaluations stored: 1166
[INFO]:[04:22:38] recordEvaluation produced_mip_start=0 mip_start_file=''
[DEBUG]:[04:22:38] Added evaluation to memory with objective: 28.8, ConfigId: 14091162057281538882, EvalId: 1167. Total evaluations stored: 1167
[INFO]:[04:22:38] recordEvaluation produced_mip_start=0 mip_start_file=''
[DEBUG]:[04:22:38] Added evaluation to memory with objective: 29.22, ConfigId: 5674508167931135117, EvalId: 1168. Total evaluations stored: 1168
[INFO]:[04:22:38] recordEvaluation produced_mip_start=0 mip_start_file=''
[DEBUG]:[04:22:38] Added evaluation to memory with objective: 29.22, ConfigId: 5442774565764899661, EvalId: 1169. Total evaluations stored: 1169
[INFO]:[04:22:38] recordEvaluation produced_mip_start=0 mip_start_file=''
[DEBUG]:[04:22:38] Added evaluation to memory with objective: 29.22, ConfigId: 15231016710378002034, EvalId: 1170. Total evaluations stored: 1170
[INFO]:[04:22:38] recordEvaluation produced_mip_start=0 mip_start_file=''
[DEBUG]:[04:22:38] Added evaluation to memory with objective: 28.8, ConfigId: 2496740204185113682, EvalId: 1171. Total evaluations stored: 1171
[INFO]:[04:22:38] recordEvaluation produced_mip_start=0 mip_start_file=''
[DEBUG]:[04:22:38] Added evaluation to memory with objective: 28.8, ConfigId: 10954205417342715445, EvalId: 1172. Total evaluations stored: 1172
[INFO]:[04:22:38] recordEvaluation produced_mip_start=0 mip_start_file=''
[DEBUG]:[04:22:38] Added evaluation to memory with objective: 28.8, ConfigId: 10172188099991967756, EvalId: 1173. Total evaluations stored: 1173
[INFO]:[04:22:38] recordEvaluation produced_mip_start=0 mip_start_file=''
[DEBUG]:[04:22:38] Added evaluation to memory with objective: 29.57, ConfigId: 4000528697255531067, EvalId: 1174. Total evaluations stored: 1174
[INFO]:[04:22:38] recordEvaluation produced_mip_start=0 mip_start_file=''
[DEBUG]:[04:22:38] Added evaluation to memory with objective: 3306.67, ConfigId: 5120843119146016674, EvalId: 1175. Total evaluations stored: 1175
[INFO]:[04:22:38] recordEvaluation produced_mip_start=0 mip_start_file=''
[DEBUG]:[04:22:38] Added evaluation to memory with objective: 29.13, ConfigId: 9116581029722515650, EvalId: 1176. Total evaluations stored: 1176
[INFO]:[04:22:38] recordEvaluation produced_mip_start=0 mip_start_file=''
[DEBUG]:[04:22:38] Added evaluation to memory with objective: 9209.09, ConfigId: 12849946453812249948, EvalId: 1177. Total evaluations stored: 1177
[INFO]:[04:22:38] recordEvaluation produced_mip_start=0 mip_start_file=''
[DEBUG]:[04:22:38] Added evaluation to memory with objective: 49.04, ConfigId: 4290877172898745085, EvalId: 1178. Total evaluations stored: 1178
[INFO]:[04:22:38] recordEvaluation produced_mip_start=0 mip_start_file=''
[DEBUG]:[04:22:38] Added evaluation to memory with objective: 29.13, ConfigId: 14562971968816582503, EvalId: 1179. Total evaluations stored: 1179
[INFO]:[04:22:38] recordEvaluation produced_mip_start=0 mip_start_file=''
[DEBUG]:[04:22:38] Added evaluation to memory with objective: 29.13, ConfigId: 10906977390936118024, EvalId: 1180. Total evaluations stored: 1180
[INFO]:[04:22:38] recordEvaluation produced_mip_start=0 mip_start_file=''
[DEBUG]:[04:22:38] Added evaluation to memory with objective: 29.01, ConfigId: 6063632187700627844, EvalId: 1181. Total evaluations stored: 1181
[INFO]:[04:22:38] recordEvaluation produced_mip_start=0 mip_start_file=''
[DEBUG]:[04:22:38] Added evaluation to memory with objective: 29.13, ConfigId: 4020222268227963071, EvalId: 1182. Total evaluations stored: 1182
[INFO]:[04:22:38] recordEvaluation produced_mip_start=0 mip_start_file=''
[DEBUG]:[04:22:38] Added evaluation to memory with objective: 29.01, ConfigId: 13827640517270762283, EvalId: 1183. Total evaluations stored: 1183
[INFO]:[04:22:38] recordEvaluation produced_mip_start=0 mip_start_file=''
[DEBUG]:[04:22:38] Added evaluation to memory with objective: 29.01, ConfigId: 13871811594919396990, EvalId: 1184. Total evaluations stored: 1184
[INFO]:[04:22:38] recordEvaluation produced_mip_start=0 mip_start_file=''
[DEBUG]:[04:22:38] Added evaluation to memory with objective: 29.01, ConfigId: 1212106334965368879, EvalId: 1185. Total evaluations stored: 1185
[INFO]:[04:22:38] recordEvaluation produced_mip_start=0 mip_start_file=''
[DEBUG]:[04:22:38] Added evaluation to memory with objective: 29.01, ConfigId: 4270096767418162732, EvalId: 1186. Total evaluations stored: 1186
[INFO]:[04:22:38] recordEvaluation produced_mip_start=0 mip_start_file=''
[DEBUG]:[04:22:38] Added evaluation to memory with objective: 29.01, ConfigId: 175217576961872965, EvalId: 1187. Total evaluations stored: 1187
[INFO]:[04:22:38] recordEvaluation produced_mip_start=0 mip_start_file=''
[DEBUG]:[04:22:38] Added evaluation to memory with objective: 29.01, ConfigId: 2631533003746674525, EvalId: 1188. Total evaluations stored: 1188
[INFO]:[04:22:38] recordEvaluation produced_mip_start=0 mip_start_file=''
[DEBUG]:[04:22:38] Added evaluation to memory with objective: 29.01, ConfigId: 11098836964503478037, EvalId: 1189. Total evaluations stored: 1189
[INFO]:[04:22:38] recordEvaluation produced_mip_start=0 mip_start_file=''
[DEBUG]:[04:22:38] Added evaluation to memory with objective: 29.01, ConfigId: 8683791697655315032, EvalId: 1190. Total evaluations stored: 1190
[INFO]:[04:22:38] recordEvaluation produced_mip_start=0 mip_start_file=''
[DEBUG]:[04:22:38] Added evaluation to memory with objective: 29.01, ConfigId: 62760689102430823, EvalId: 1191. Total evaluations stored: 1191
[INFO]:[04:22:38] recordEvaluation produced_mip_start=0 mip_start_file=''
[DEBUG]:[04:22:38] Added evaluation to memory with objective: 29.01, ConfigId: 4914852637701224679, EvalId: 1192. Total evaluations stored: 1192
[INFO]:[04:22:38] recordEvaluation produced_mip_start=0 mip_start_file=''
[DEBUG]:[04:22:38] Added evaluation to memory with objective: 29.57, ConfigId: 17095098991375775342, EvalId: 1193. Total evaluations stored: 1193
[INFO]:[04:22:38] recordEvaluation produced_mip_start=0 mip_start_file=''
[DEBUG]:[04:22:38] Added evaluation to memory with objective: 29.33, ConfigId: 5926821808424092690, EvalId: 1194. Total evaluations stored: 1194
[INFO]:[04:22:38] recordEvaluation produced_mip_start=0 mip_start_file=''
[DEBUG]:[04:22:38] Added evaluation to memory with objective: 3310, ConfigId: 10732673303500433366, EvalId: 1195. Total evaluations stored: 1195
[INFO]:[04:22:38] recordEvaluation produced_mip_start=0 mip_start_file=''
[DEBUG]:[04:22:38] Added evaluation to memory with objective: 3310, ConfigId: 16603899816501813001, EvalId: 1196. Total evaluations stored: 1196
[INFO]:[04:22:38] recordEvaluation produced_mip_start=0 mip_start_file=''
[DEBUG]:[04:22:38] Added evaluation to memory with objective: 3313.33, ConfigId: 1888314685453789852, EvalId: 1197. Total evaluations stored: 1197
[INFO]:[04:22:38] recordEvaluation produced_mip_start=0 mip_start_file=''
[DEBUG]:[04:22:38] Added evaluation to memory with objective: 3313.33, ConfigId: 2295811935255347313, EvalId: 1198. Total evaluations stored: 1198
[INFO]:[04:22:38] recordEvaluation produced_mip_start=0 mip_start_file=''
[DEBUG]:[04:22:38] Added evaluation to memory with objective: 56.83, ConfigId: 6705339680404041088, EvalId: 1199. Total evaluations stored: 1199
[INFO]:[04:22:38] recordEvaluation produced_mip_start=0 mip_start_file=''
[DEBUG]:[04:22:38] Added evaluation to memory with objective: 3100, ConfigId: 9492404519135622079, EvalId: 1200. Total evaluations stored: 1200
[INFO]:[04:22:38] recordEvaluation produced_mip_start=0 mip_start_file=''
[DEBUG]:[04:22:38] Added evaluation to memory with objective: 35.72, ConfigId: 9006430350076946702, EvalId: 1201. Total evaluations stored: 1201
[INFO]:[04:22:38] recordEvaluation produced_mip_start=0 mip_start_file=''
[DEBUG]:[04:22:38] Added evaluation to memory with objective: 3310, ConfigId: 6682288601729655923, EvalId: 1202. Total evaluations stored: 1202
[INFO]:[04:22:38] recordEvaluation produced_mip_start=0 mip_start_file=''
[DEBUG]:[04:22:38] Added evaluation to memory with objective: 35.72, ConfigId: 5017787579355104558, EvalId: 1203. Total evaluations stored: 1203
[INFO]:[04:22:38] recordEvaluation produced_mip_start=0 mip_start_file=''
[DEBUG]:[04:22:38] Added evaluation to memory with objective: 35.72, ConfigId: 2746886277109392360, EvalId: 1204. Total evaluations stored: 1204
[INFO]:[04:22:38] recordEvaluation produced_mip_start=0 mip_start_file=''
[DEBUG]:[04:22:38] Added evaluation to memory with objective: 35.72, ConfigId: 832941221356480813, EvalId: 1205. Total evaluations stored: 1205
[INFO]:[04:22:38] recordEvaluation produced_mip_start=0 mip_start_file=''
[DEBUG]:[04:22:38] Added evaluation to memory with objective: 35.72, ConfigId: 200195210547526636, EvalId: 1206. Total evaluations stored: 1206
[INFO]:[04:22:38] recordEvaluation produced_mip_start=0 mip_start_file=''
[DEBUG]:[04:22:38] Added evaluation to memory with objective: 35.72, ConfigId: 18092398573378825616, EvalId: 1207. Total evaluations stored: 1207
[INFO]:[04:22:38] recordEvaluation produced_mip_start=0 mip_start_file=''
[DEBUG]:[04:22:38] Added evaluation to memory with objective: 35.72, ConfigId: 762434105487783845, EvalId: 1208. Total evaluations stored: 1208
[INFO]:[04:22:38] recordEvaluation produced_mip_start=0 mip_start_file=''
[DEBUG]:[04:22:38] Added evaluation to memory with objective: 35.72, ConfigId: 10798220446571466226, EvalId: 1209. Total evaluations stored: 1209
[INFO]:[04:22:38] recordEvaluation produced_mip_start=0 mip_start_file=''
[DEBUG]:[04:22:38] Added evaluation to memory with objective: 35.72, ConfigId: 9780174726480512211, EvalId: 1210. Total evaluations stored: 1210
[INFO]:[04:22:38] recordEvaluation produced_mip_start=0 mip_start_file=''
[DEBUG]:[04:22:38] Added evaluation to memory with objective: 34.52, ConfigId: 4422218701569728934, EvalId: 1211. Total evaluations stored: 1211
[INFO]:[04:22:38] recordEvaluation produced_mip_start=0 mip_start_file=''
[DEBUG]:[04:22:38] Added evaluation to memory with objective: 34.52, ConfigId: 10792752432337005831, EvalId: 1212. Total evaluations stored: 1212
[INFO]:[04:22:38] recordEvaluation produced_mip_start=0 mip_start_file=''
[DEBUG]:[04:22:38] Added evaluation to memory with objective: 35.72, ConfigId: 13338585072747073822, EvalId: 1213. Total evaluations stored: 1213
[INFO]:[04:22:38] recordEvaluation produced_mip_start=0 mip_start_file=''
[DEBUG]:[04:22:38] Added evaluation to memory with objective: 35.72, ConfigId: 11240329920945030830, EvalId: 1214. Total evaluations stored: 1214
[INFO]:[04:22:38] recordEvaluation produced_mip_start=0 mip_start_file=''
[DEBUG]:[04:22:38] Added evaluation to memory with objective: 3313.33, ConfigId: 2670169062129565487, EvalId: 1215. Total evaluations stored: 1215
[INFO]:[04:22:38] recordEvaluation produced_mip_start=0 mip_start_file=''
[DEBUG]:[04:22:38] Added evaluation to memory with objective: 38.65, ConfigId: 18112299114762195887, EvalId: 1216. Total evaluations stored: 1216
[INFO]:[04:22:38] recordEvaluation produced_mip_start=0 mip_start_file=''
[DEBUG]:[04:22:38] Added evaluation to memory with objective: 38.36, ConfigId: 14127517837929557140, EvalId: 1217. Total evaluations stored: 1217
[INFO]:[04:22:38] recordEvaluation produced_mip_start=0 mip_start_file=''
[DEBUG]:[04:22:38] Added evaluation to memory with objective: 37.75, ConfigId: 101106086242033522, EvalId: 1218. Total evaluations stored: 1218
[INFO]:[04:22:38] recordEvaluation produced_mip_start=0 mip_start_file=''
[DEBUG]:[04:22:38] Added evaluation to memory with objective: 9209.09, ConfigId: 6061608047568445226, EvalId: 1219. Total evaluations stored: 1219
[INFO]:[04:22:38] recordEvaluation produced_mip_start=0 mip_start_file=''
[DEBUG]:[04:22:38] Added evaluation to memory with objective: 37.75, ConfigId: 9452182953275806000, EvalId: 1220. Total evaluations stored: 1220
[INFO]:[04:22:38] recordEvaluation produced_mip_start=0 mip_start_file=''
[DEBUG]:[04:22:38] Added evaluation to memory with objective: 48.08, ConfigId: 2429412477682053781, EvalId: 1221. Total evaluations stored: 1221
[INFO]:[04:22:38] recordEvaluation produced_mip_start=0 mip_start_file=''
[DEBUG]:[04:22:38] Added evaluation to memory with objective: 37.75, ConfigId: 3079094969124116183, EvalId: 1222. Total evaluations stored: 1222
[INFO]:[04:22:38] recordEvaluation produced_mip_start=0 mip_start_file=''
[DEBUG]:[04:22:38] Added evaluation to memory with objective: 38.31, ConfigId: 5498348844817788875, EvalId: 1223. Total evaluations stored: 1223
[INFO]:[04:22:38] recordEvaluation produced_mip_start=0 mip_start_file=''
[DEBUG]:[04:22:38] Added evaluation to memory with objective: 37.75, ConfigId: 14961194795843013833, EvalId: 1224. Total evaluations stored: 1224
[INFO]:[04:22:38] recordEvaluation produced_mip_start=0 mip_start_file=''
[DEBUG]:[04:22:38] Added evaluation to memory with objective: 37.75, ConfigId: 4721415967869595301, EvalId: 1225. Total evaluations stored: 1225
[INFO]:[04:22:38] recordEvaluation produced_mip_start=0 mip_start_file=''
[DEBUG]:[04:22:38] Added evaluation to memory with objective: 38.38, ConfigId: 331903290459247861, EvalId: 1226. Total evaluations stored: 1226
[INFO]:[04:22:38] recordEvaluation produced_mip_start=0 mip_start_file=''
[DEBUG]:[04:22:38] Added evaluation to memory with objective: 37.75, ConfigId: 6912439338025686437, EvalId: 1227. Total evaluations stored: 1227
[INFO]:[04:22:38] recordEvaluation produced_mip_start=0 mip_start_file=''
[DEBUG]:[04:22:38] Added evaluation to memory with objective: 38.43, ConfigId: 2901682268663581826, EvalId: 1228. Total evaluations stored: 1228
[INFO]:[04:22:38] recordEvaluation produced_mip_start=0 mip_start_file=''
[DEBUG]:[04:22:38] Added evaluation to memory with objective: 37.75, ConfigId: 4916686014020551038, EvalId: 1229. Total evaluations stored: 1229
[INFO]:[04:22:38] recordEvaluation produced_mip_start=0 mip_start_file=''
[DEBUG]:[04:22:38] Added evaluation to memory with objective: 37.75, ConfigId: 1286297448806489381, EvalId: 1230. Total evaluations stored: 1230
[INFO]:[04:22:38] recordEvaluation produced_mip_start=0 mip_start_file=''
[DEBUG]:[04:22:38] Added evaluation to memory with objective: 37.75, ConfigId: 17418208022788055130, EvalId: 1231. Total evaluations stored: 1231
[INFO]:[04:22:38] recordEvaluation produced_mip_start=0 mip_start_file=''
[DEBUG]:[04:22:38] Added evaluation to memory with objective: 37.75, ConfigId: 12586835027462250804, EvalId: 1232. Total evaluations stored: 1232
[INFO]:[04:22:38] recordEvaluation produced_mip_start=0 mip_start_file=''
[DEBUG]:[04:22:38] Added evaluation to memory with objective: 37.75, ConfigId: 10746313981863613875, EvalId: 1233. Total evaluations stored: 1233
[INFO]:[04:22:38] recordEvaluation produced_mip_start=0 mip_start_file=''
[DEBUG]:[04:22:38] Added evaluation to memory with objective: 48.08, ConfigId: 674431012518892055, EvalId: 1234. Total evaluations stored: 1234
[INFO]:[04:22:38] recordEvaluation produced_mip_start=0 mip_start_file=''
[DEBUG]:[04:22:38] Added evaluation to memory with objective: 48.29, ConfigId: 7669993477379920800, EvalId: 1235. Total evaluations stored: 1235
[INFO]:[04:22:38] recordEvaluation produced_mip_start=0 mip_start_file=''
[DEBUG]:[04:22:38] Added evaluation to memory with objective: 3313.33, ConfigId: 13107349861124065475, EvalId: 1236. Total evaluations stored: 1236
[INFO]:[04:22:38] recordEvaluation produced_mip_start=0 mip_start_file=''
[DEBUG]:[04:22:38] Added evaluation to memory with objective: 3313.33, ConfigId: 6399417336946322420, EvalId: 1237. Total evaluations stored: 1237
[INFO]:[04:22:38] recordEvaluation produced_mip_start=0 mip_start_file=''
[DEBUG]:[04:22:38] Added evaluation to memory with objective: 4166.67, ConfigId: 6533139216927064558, EvalId: 1238. Total evaluations stored: 1238
[INFO]:[04:22:38] recordEvaluation produced_mip_start=0 mip_start_file=''
[DEBUG]:[04:22:38] Added evaluation to memory with objective: 48.29, ConfigId: 6978080732675182322, EvalId: 1239. Total evaluations stored: 1239
[INFO]:[04:22:38] recordEvaluation produced_mip_start=0 mip_start_file=''
[DEBUG]:[04:22:38] Added evaluation to memory with objective: 48.29, ConfigId: 15395962453949760993, EvalId: 1240. Total evaluations stored: 1240
[INFO]:[04:22:38] recordEvaluation produced_mip_start=0 mip_start_file=''
[DEBUG]:[04:22:38] Added evaluation to memory with objective: 48.29, ConfigId: 3289296490849801962, EvalId: 1241. Total evaluations stored: 1241
[INFO]:[04:22:38] recordEvaluation produced_mip_start=0 mip_start_file=''
[DEBUG]:[04:22:38] Added evaluation to memory with objective: 48.29, ConfigId: 7409888346573504634, EvalId: 1242. Total evaluations stored: 1242
[INFO]:[04:22:38] recordEvaluation produced_mip_start=0 mip_start_file=''
[DEBUG]:[04:22:38] Added evaluation to memory with objective: 48.29, ConfigId: 16721874188542447223, EvalId: 1243. Total evaluations stored: 1243
[INFO]:[04:22:38] recordEvaluation produced_mip_start=0 mip_start_file=''
[DEBUG]:[04:22:38] Added evaluation to memory with objective: 48.29, ConfigId: 11908048344403011168, EvalId: 1244. Total evaluations stored: 1244
[INFO]:[04:22:38] recordEvaluation produced_mip_start=0 mip_start_file=''
[DEBUG]:[04:22:38] Added evaluation to memory with objective: 48.29, ConfigId: 12713633728862005249, EvalId: 1245. Total evaluations stored: 1245
[INFO]:[04:22:38] recordEvaluation produced_mip_start=0 mip_start_file=''
[DEBUG]:[04:22:38] Added evaluation to memory with objective: 48.14, ConfigId: 14112634835448017279, EvalId: 1246. Total evaluations stored: 1246
[INFO]:[04:22:38] recordEvaluation produced_mip_start=0 mip_start_file=''
[DEBUG]:[04:22:38] Added evaluation to memory with objective: 48.14, ConfigId: 4242179469311975957, EvalId: 1247. Total evaluations stored: 1247
[INFO]:[04:22:38] recordEvaluation produced_mip_start=0 mip_start_file=''
[DEBUG]:[04:22:38] Added evaluation to memory with objective: 52.94, ConfigId: 4015692539619511506, EvalId: 1248. Total evaluations stored: 1248
[INFO]:[04:22:38] recordEvaluation produced_mip_start=0 mip_start_file=''
[DEBUG]:[04:22:38] Added evaluation to memory with objective: 48.14, ConfigId: 973999141229978116, EvalId: 1249. Total evaluations stored: 1249
[INFO]:[04:22:38] recordEvaluation produced_mip_start=0 mip_start_file=''
[DEBUG]:[04:22:38] Added evaluation to memory with objective: 48.14, ConfigId: 739254318143584826, EvalId: 1250. Total evaluations stored: 1250
[INFO]:[04:22:38] recordEvaluation produced_mip_start=0 mip_start_file=''
[DEBUG]:[04:22:38] Added evaluation to memory with objective: 48.14, ConfigId: 12174540358536359795, EvalId: 1251. Total evaluations stored: 1251
[INFO]:[04:22:38] recordEvaluation produced_mip_start=0 mip_start_file=''
[DEBUG]:[04:22:38] Added evaluation to memory with objective: 48.14, ConfigId: 13170482129134339321, EvalId: 1252. Total evaluations stored: 1252
[INFO]:[04:22:38] recordEvaluation produced_mip_start=0 mip_start_file=''
[DEBUG]:[04:22:38] Added evaluation to memory with objective: 48.14, ConfigId: 16453567002719128542, EvalId: 1253. Total evaluations stored: 1253
[INFO]:[04:22:38] recordEvaluation produced_mip_start=0 mip_start_file=''
[DEBUG]:[04:22:38] Added evaluation to memory with objective: 48.14, ConfigId: 66691203913857282, EvalId: 1254. Total evaluations stored: 1254
[INFO]:[04:22:38] IteratedLocalSearch Engine completed.
[INFO]:[04:22:38] Added120 evaluations to memory from exploration phase at iteration 10
[INFO]:[04:22:38] Exploration phase completed.
[INFO]:[04:22:38] Starting expansion phase...
[INFO]:[04:22:38] Selecting parameters for expansion phase...
[INFO]:[04:22:38] Selected expansion parameters: 3
[INFO]:[04:22:38] Creating configuration files for expansion parameters...
[INFO]:[04:22:38] Creating configurations for parameter: CPXPARAM_MIP_Limits_StrongCand
[DEBUG]:[04:22:38] Parameter CPXPARAM_MIP_Limits_StrongCand will be evaluated on 4 alternative value(s) after excluding the current base configuration value.
[DEBUG]:[04:22:38] Created configuration file for parameter CPXPARAM_MIP_Limits_StrongCand with value 2 at /scratch/yorig/mpils-results-grid-ticks-10000-7may/medium-2/24proc-4pils/seed-2/6_sorrell3_seed-2_20260510_041416/expansion/config_param_CPXPARAM_MIP_Limits_StrongCand_2_iter_10.prm
[DEBUG]:[04:22:38] Created configuration file for parameter CPXPARAM_MIP_Limits_StrongCand with value 5 at /scratch/yorig/mpils-results-grid-ticks-10000-7may/medium-2/24proc-4pils/seed-2/6_sorrell3_seed-2_20260510_041416/expansion/config_param_CPXPARAM_MIP_Limits_StrongCand_5_iter_10.prm
[DEBUG]:[04:22:38] Created configuration file for parameter CPXPARAM_MIP_Limits_StrongCand with value 20 at /scratch/yorig/mpils-results-grid-ticks-10000-7may/medium-2/24proc-4pils/seed-2/6_sorrell3_seed-2_20260510_041416/expansion/config_param_CPXPARAM_MIP_Limits_StrongCand_20_iter_10.prm
[DEBUG]:[04:22:38] Created configuration file for parameter CPXPARAM_MIP_Limits_StrongCand with value 40 at /scratch/yorig/mpils-results-grid-ticks-10000-7may/medium-2/24proc-4pils/seed-2/6_sorrell3_seed-2_20260510_041416/expansion/config_param_CPXPARAM_MIP_Limits_StrongCand_40_iter_10.prm
[INFO]:[04:22:38] Creating configurations for parameter: CPXPARAM_Preprocessing_QPMakePSD
[DEBUG]:[04:22:38] Parameter CPXPARAM_Preprocessing_QPMakePSD will be evaluated on 1 alternative value(s) after excluding the current base configuration value.
[DEBUG]:[04:22:38] Created configuration file for parameter CPXPARAM_Preprocessing_QPMakePSD with value 0 at /scratch/yorig/mpils-results-grid-ticks-10000-7may/medium-2/24proc-4pils/seed-2/6_sorrell3_seed-2_20260510_041416/expansion/config_param_CPXPARAM_Preprocessing_QPMakePSD_0_iter_10.prm
[INFO]:[04:22:38] Creating configurations for parameter: CPXPARAM_MIP_Limits_Nodes
[DEBUG]:[04:22:38] Parameter CPXPARAM_MIP_Limits_Nodes will be evaluated on 1 alternative value(s) after excluding the current base configuration value.
[DEBUG]:[04:22:38] Created configuration file for parameter CPXPARAM_MIP_Limits_Nodes with value 0 at /scratch/yorig/mpils-results-grid-ticks-10000-7may/medium-2/24proc-4pils/seed-2/6_sorrell3_seed-2_20260510_041416/expansion/config_param_CPXPARAM_MIP_Limits_Nodes_0_iter_10.prm
[INFO]:[04:22:38] Created 6 configuration files for expansion phase at iteration 10.
[INFO]:[04:22:38] Skipped 0 expansion parameter(s) with no alternative value to evaluate.
[INFO]:[04:22:38] Launching Expansion Workers via MPI...
[INFO]:[04:22:38] Expansion Workers launched.
[INFO]:[04:22:38] Evaluating expansion parameters...
[INFO]:[04:22:38] Starting CPLEX solver on instance: /home/yorig/tuner/mpils-tests/instances/miplib/medium-2/sorrell3.mps with config: /scratch/yorig/mpils-results-grid-ticks-10000-7may/medium-2/24proc-4pils/seed-2/6_sorrell3_seed-2_20260510_041416/expansion/config_param_CPXPARAM_MIP_Limits_StrongCand_2_iter_10.prm
[INFO]:[04:22:44] CPLEX results. Gap: 23.730000, upper bound: -16.000000, lower bound: -19.797105
[INFO]:[04:22:44] CPLEX solver finished. Gap: 23.730000
[INFO]:[04:22:44] recordEvaluation produced_mip_start=0 mip_start_file=''
[DEBUG]:[04:22:44] Added evaluation to memory with objective: 23.73, ConfigId: 11612576451932369973, EvalId: 1255. Total evaluations stored: 1255
[INFO]:[04:22:44] recordEvaluation produced_mip_start=0 mip_start_file=''
[DEBUG]:[04:22:44] Added evaluation to memory with objective: 23.73, ConfigId: 7634973898754662100, EvalId: 1256. Total evaluations stored: 1256
[INFO]:[04:22:44] recordEvaluation produced_mip_start=0 mip_start_file=''
[DEBUG]:[04:22:44] Added evaluation to memory with objective: 23.73, ConfigId: 1379917828118104549, EvalId: 1257. Total evaluations stored: 1257
[INFO]:[04:22:44] recordEvaluation produced_mip_start=0 mip_start_file=''
[DEBUG]:[04:22:44] Added evaluation to memory with objective: 23.73, ConfigId: 18325783196023966060, EvalId: 1258. Total evaluations stored: 1258
[INFO]:[04:22:44] recordEvaluation produced_mip_start=0 mip_start_file=''
[DEBUG]:[04:22:44] Added evaluation to memory with objective: 23.73, ConfigId: 3173818721766023443, EvalId: 1259. Total evaluations stored: 1259
[INFO]:[04:22:44] recordEvaluation produced_mip_start=0 mip_start_file=''
[DEBUG]:[04:22:44] Added evaluation to memory with objective: 23.86, ConfigId: 10489776227966123147, EvalId: 1260. Total evaluations stored: 1260
[INFO]:[04:22:44] Waiting for Expansion Workers via MPI...
[INFO]:[04:22:44] Expansion Workers have completed.
[INFO]:[04:22:44] Evaluated expansion parameters: 3
[INFO]:[04:22:44] Classifying expansion parameters...
[DEBUG]:[04:22:44] Parameter CPXPARAM_MIP_Limits_StrongCand valid evaluations: 4, invalid evaluations: 0, c_p: 23.73, s_p: 0, selected_stage_1: No, discarded_by_threshold: No
[DEBUG]:[04:22:44] Parameter CPXPARAM_Preprocessing_QPMakePSD valid evaluations: 1, invalid evaluations: 0, c_p: 23.73, s_p: 0, selected_stage_1: No, discarded_by_threshold: No
[DEBUG]:[04:22:44] Parameter CPXPARAM_MIP_Limits_Nodes valid evaluations: 1, invalid evaluations: 0, c_p: 23.86, s_p: 0, selected_stage_1: No, discarded_by_threshold: No
[DEBUG]:[04:22:44] Parameter CPXPARAM_MIP_Limits_Nodes is dominated by parameter CPXPARAM_MIP_Limits_StrongCand.
[DEBUG]:[04:22:44] Parameter CPXPARAM_MIP_Limits_StrongCand metrics - c_p: 23.73, s_p: 0, selected_stage_1: No, discarded_by_threshold: No, dominated: No
[DEBUG]:[04:22:44] Parameter CPXPARAM_Preprocessing_QPMakePSD metrics - c_p: 23.73, s_p: 0, selected_stage_1: No, discarded_by_threshold: No, dominated: No
[DEBUG]:[04:22:44] Parameter CPXPARAM_MIP_Limits_Nodes metrics - c_p: 23.86, s_p: 0, selected_stage_1: No, discarded_by_threshold: No, dominated: Yes
[INFO]:[04:22:44] Updating parameter flags based on classification...
[INFO]:[04:22:44] Parameter CPXPARAM_MIP_Limits_StrongCand selected for tuning.
[INFO]:[04:22:44] Parameter CPXPARAM_Preprocessing_QPMakePSD selected for tuning.
[INFO]:[04:22:44] Parameter CPXPARAM_MIP_Limits_Nodes discarded from tuning.
[DEBUG]:[04:22:44] Classified parameters at iteration 10 - To Select: 2, To Discard: 1
[DEBUG]:[04:22:44] Parameter: CPXPARAM_MIP_Limits_StrongCand, To Select: Yes, To Discard: No
[DEBUG]:[04:22:44] Parameter: CPXPARAM_Preprocessing_QPMakePSD, To Select: Yes, To Discard: No
[DEBUG]:[04:22:44] Parameter: CPXPARAM_MIP_Limits_Nodes, To Select: No, To Discard: Yes
[INFO]:[04:22:44] Added 6 evaluations to memory from expansion phase at iteration 10
[INFO]:[04:22:44] Expansion phase completed.
[INFO]:[04:22:44] Starting pruning phase...
[INFO]:[04:22:44] Writing learner file for pruning phase: /scratch/yorig/mpils-results-grid-ticks-10000-7may/medium-2/24proc-4pils/seed-2/6_sorrell3_seed-2_20260510_041416/pruning/input/learner_file_10.txt
[INFO]:[04:22:44] Learner file written successfully: /scratch/yorig/mpils-results-grid-ticks-10000-7may/medium-2/24proc-4pils/seed-2/6_sorrell3_seed-2_20260510_041416/pruning/input/learner_file_10.txt
[INFO]:[04:22:44] Extracting forbidden tuples from memory...
[INFO]:[04:22:44] Redirecting learner stdout/stderr to: /scratch/yorig/mpils-results-grid-ticks-10000-7may/medium-2/24proc-4pils/seed-2/6_sorrell3_seed-2_20260510_041416/pruning/learner_iteration_10.log
[INFO]:[04:22:45] Forbidden tuples extracted: 6
[INFO]:[04:22:45] Applying pruning with 6 forbidden tuples...
[DEBUG]:[04:22:45] Adding forbidden value from single-element tuple: CPXPARAM_MIP_Strategy_HeuristicFreq=0
[DEBUG]:[04:22:45] Adding forbidden value from single-element tuple: CPXPARAM_MIP_Strategy_HeuristicFreq=20
[DEBUG]:[04:22:45] Adding forbidden value from single-element tuple: CPXPARAM_MIP_Strategy_HeuristicFreq=40
[DEBUG]:[04:22:45] Adding forbidden value from single-element tuple: CPXPARAM_MIP_Strategy_HeuristicFreq=100
[DEBUG]:[04:22:45] Adding forbidden value from single-element tuple: CPXPARAM_MIP_Strategy_HeuristicFreq=500
[DEBUG]:[04:22:45] Adding forbidden value from single-element tuple: CPXPARAM_MIP_Strategy_HeuristicFreq=1000
[INFO]:[04:22:45] Pruning applied successfully.
[INFO]:[04:22:45] Pruning phase completed.
[INFO]:[04:22:45] Completed iteration 10
[INFO]:[04:22:45] Starting iteration 11
[INFO]:[04:22:45] Starting exploration phase...
[INFO]:[04:22:45] Selecting number of evaluations for tuning phase...
[INFO]:[04:22:45] Selecting initial configurations for tuning phase...
[INFO]:[04:22:45] Using worker 0 best exploration configuration without MIP start as master ILS initial configuration.
[INFO]:[04:22:45] Worker 1 global-best exploration initial configuration matches master; using a random diversified initial configuration.
[INFO]:[04:22:45] Number of evaluations for this tuning phase: 18
[INFO]:[04:22:45] ILS shared cache is disabled for this exploration phase.
[INFO]:[04:22:45] Local search backend for this exploration phase: iterated_local_search
[INFO]:[04:22:45] Running IteratedLocalSearch Engine...
[INFO]:[04:22:45] Mip start is disabled for this iteration.
[INFO]:[04:22:45] Writing ILS search space file for worker 0...
[INFO]:[04:22:45] Warning: Initial value for parameter CPXPARAM_MIP_Cuts_Cliques is forbidden. So unforbidden it for the ILS initial configuration at iteration 11.
[INFO]:[04:22:45] Warning: Initial value for parameter CPXPARAM_MIP_Cuts_FlowCovers is forbidden. So unforbidden it for the ILS initial configuration at iteration 11.
[INFO]:[04:22:45] Warning: Initial value for parameter CPXPARAM_MIP_Cuts_Gomory is forbidden. So unforbidden it for the ILS initial configuration at iteration 11.
[INFO]:[04:22:45] ILS search space file written: /scratch/yorig/mpils-results-grid-ticks-10000-7may/medium-2/24proc-4pils/seed-2/6_sorrell3_seed-2_20260510_041416/iterated_local_search/search_space/search_space_file_11.txt
[INFO]:[04:22:45] Writing ILS search space file for worker 1...
[INFO]:[04:22:45] Warning: Initial value for parameter CPXPARAM_MIP_Cuts_Cliques is forbidden. So unforbidden it for the ILS initial configuration at iteration 11.
[INFO]:[04:22:45] Warning: Initial configuration contains a forbidden tuple. So unforbidden it for ILS at iteration 11.
[INFO]:[04:22:45] ILS search space file written: /scratch/yorig/mpils-results-grid-ticks-10000-7may/medium-2/24proc-4pils/seed-2/6_sorrell3_seed-2_20260510_041416/iterated_local_search/search_space/search_space_file_11_worker_1.txt
[INFO]:[04:22:45] Writing ILS search space file for worker 2...
[INFO]:[04:22:45] Warning: Initial value for parameter CPXPARAM_Emphasis_MIP is forbidden. So unforbidden it for the ILS initial configuration at iteration 11.
[INFO]:[04:22:45] Warning: Initial value for parameter CPXPARAM_MIP_Cuts_Cliques is forbidden. So unforbidden it for the ILS initial configuration at iteration 11.
[INFO]:[04:22:45] Warning: Initial value for parameter CPXPARAM_MIP_Cuts_FlowCovers is forbidden. So unforbidden it for the ILS initial configuration at iteration 11.
[INFO]:[04:22:45] Warning: Initial value for parameter CPXPARAM_MIP_Strategy_Probe is forbidden. So unforbidden it for the ILS initial configuration at iteration 11.
[INFO]:[04:22:45] Warning: Initial configuration contains a forbidden tuple. So unforbidden it for ILS at iteration 11.
[INFO]:[04:22:45] Warning: Initial configuration contains a forbidden tuple. So unforbidden it for ILS at iteration 11.
[INFO]:[04:22:45] ILS search space file written: /scratch/yorig/mpils-results-grid-ticks-10000-7may/medium-2/24proc-4pils/seed-2/6_sorrell3_seed-2_20260510_041416/iterated_local_search/search_space/search_space_file_11_worker_2.txt
[INFO]:[04:22:45] Writing ILS search space file for worker 3...
[INFO]:[04:22:45] Warning: Initial value for parameter CPXPARAM_Emphasis_MIP is forbidden. So unforbidden it for the ILS initial configuration at iteration 11.
[INFO]:[04:22:45] Warning: Initial value for parameter CPXPARAM_MIP_Cuts_FlowCovers is forbidden. So unforbidden it for the ILS initial configuration at iteration 11.
[INFO]:[04:22:45] Warning: Initial configuration contains a forbidden tuple. So unforbidden it for ILS at iteration 11.
[INFO]:[04:22:45] Warning: Initial configuration contains a forbidden tuple. So unforbidden it for ILS at iteration 11.
[INFO]:[04:22:45] Warning: Initial configuration contains a forbidden tuple. So unforbidden it for ILS at iteration 11.
[INFO]:[04:22:45] Warning: Initial configuration contains a forbidden tuple. So unforbidden it for ILS at iteration 11.
[INFO]:[04:22:45] Warning: Initial configuration contains a forbidden tuple. So unforbidden it for ILS at iteration 11.
[INFO]:[04:22:45] Warning: Initial configuration contains a forbidden tuple. So unforbidden it for ILS at iteration 11.
[INFO]:[04:22:45] ILS search space file written: /scratch/yorig/mpils-results-grid-ticks-10000-7may/medium-2/24proc-4pils/seed-2/6_sorrell3_seed-2_20260510_041416/iterated_local_search/search_space/search_space_file_11_worker_3.txt
[INFO]:[04:22:45] Writing ILS search space file for worker 4...
[INFO]:[04:22:45] Warning: Initial value for parameter CPXPARAM_Emphasis_MIP is forbidden. So unforbidden it for the ILS initial configuration at iteration 11.
[INFO]:[04:22:45] Warning: Initial configuration contains a forbidden tuple. So unforbidden it for ILS at iteration 11.
[INFO]:[04:22:45] Warning: Initial configuration contains a forbidden tuple. So unforbidden it for ILS at iteration 11.
[INFO]:[04:22:45] Warning: Initial configuration contains a forbidden tuple. So unforbidden it for ILS at iteration 11.
[INFO]:[04:22:45] ILS search space file written: /scratch/yorig/mpils-results-grid-ticks-10000-7may/medium-2/24proc-4pils/seed-2/6_sorrell3_seed-2_20260510_041416/iterated_local_search/search_space/search_space_file_11_worker_4.txt
[INFO]:[04:22:45] Writing ILS search space file for worker 5...
[INFO]:[04:22:45] ILS search space file written: /scratch/yorig/mpils-results-grid-ticks-10000-7may/medium-2/24proc-4pils/seed-2/6_sorrell3_seed-2_20260510_041416/iterated_local_search/search_space/search_space_file_11_worker_5.txt
[INFO]:[04:22:45] Writing ILS search space file for worker 6...
[INFO]:[04:22:45] Warning: Initial value for parameter CPXPARAM_MIP_Cuts_Cliques is forbidden. So unforbidden it for the ILS initial configuration at iteration 11.
[INFO]:[04:22:45] Warning: Initial value for parameter CPXPARAM_MIP_Cuts_FlowCovers is forbidden. So unforbidden it for the ILS initial configuration at iteration 11.
[INFO]:[04:22:45] Warning: Initial value for parameter CPXPARAM_MIP_Strategy_Probe is forbidden. So unforbidden it for the ILS initial configuration at iteration 11.
[INFO]:[04:22:45] Warning: Initial configuration contains a forbidden tuple. So unforbidden it for ILS at iteration 11.
[INFO]:[04:22:45] ILS search space file written: /scratch/yorig/mpils-results-grid-ticks-10000-7may/medium-2/24proc-4pils/seed-2/6_sorrell3_seed-2_20260510_041416/iterated_local_search/search_space/search_space_file_11_worker_6.txt
[INFO]:[04:22:45] Writing ILS search space file for worker 7...
[INFO]:[04:22:45] Warning: Initial value for parameter CPXPARAM_Emphasis_MIP is forbidden. So unforbidden it for the ILS initial configuration at iteration 11.
[INFO]:[04:22:45] Warning: Initial value for parameter CPXPARAM_MIP_Cuts_FlowCovers is forbidden. So unforbidden it for the ILS initial configuration at iteration 11.
[INFO]:[04:22:45] Warning: Initial value for parameter CPXPARAM_MIP_Cuts_Gomory is forbidden. So unforbidden it for the ILS initial configuration at iteration 11.
[INFO]:[04:22:45] Warning: Initial value for parameter CPXPARAM_MIP_Strategy_Probe is forbidden. So unforbidden it for the ILS initial configuration at iteration 11.
[INFO]:[04:22:45] Warning: Initial value for parameter CPXPARAM_MIP_Strategy_VariableSelect is forbidden. So unforbidden it for the ILS initial configuration at iteration 11.
[INFO]:[04:22:45] Warning: Initial configuration contains a forbidden tuple. So unforbidden it for ILS at iteration 11.
[INFO]:[04:22:45] Warning: Initial configuration contains a forbidden tuple. So unforbidden it for ILS at iteration 11.
[INFO]:[04:22:45] Warning: Initial configuration contains a forbidden tuple. So unforbidden it for ILS at iteration 11.
[INFO]:[04:22:45] Warning: Initial configuration contains a forbidden tuple. So unforbidden it for ILS at iteration 11.
[INFO]:[04:22:45] ILS search space file written: /scratch/yorig/mpils-results-grid-ticks-10000-7may/medium-2/24proc-4pils/seed-2/6_sorrell3_seed-2_20260510_041416/iterated_local_search/search_space/search_space_file_11_worker_7.txt
[INFO]:[04:22:45] Writing ILS search space file for worker 8...
[INFO]:[04:22:45] Warning: Initial value for parameter CPXPARAM_MIP_Cuts_Cliques is forbidden. So unforbidden it for the ILS initial configuration at iteration 11.
[INFO]:[04:22:45] Warning: Initial value for parameter CPXPARAM_MIP_Cuts_FlowCovers is forbidden. So unforbidden it for the ILS initial configuration at iteration 11.
[INFO]:[04:22:45] ILS search space file written: /scratch/yorig/mpils-results-grid-ticks-10000-7may/medium-2/24proc-4pils/seed-2/6_sorrell3_seed-2_20260510_041416/iterated_local_search/search_space/search_space_file_11_worker_8.txt
[INFO]:[04:22:45] Writing ILS search space file for worker 9...
[INFO]:[04:22:45] Warning: Initial value for parameter CPXPARAM_MIP_Cuts_Cliques is forbidden. So unforbidden it for the ILS initial configuration at iteration 11.
[INFO]:[04:22:45] Warning: Initial value for parameter CPXPARAM_MIP_Cuts_FlowCovers is forbidden. So unforbidden it for the ILS initial configuration at iteration 11.
[INFO]:[04:22:45] Warning: Initial value for parameter CPXPARAM_MIP_Cuts_Gomory is forbidden. So unforbidden it for the ILS initial configuration at iteration 11.
[INFO]:[04:22:45] Warning: Initial configuration contains a forbidden tuple. So unforbidden it for ILS at iteration 11.
[INFO]:[04:22:45] Warning: Initial configuration contains a forbidden tuple. So unforbidden it for ILS at iteration 11.
[INFO]:[04:22:45] ILS search space file written: /scratch/yorig/mpils-results-grid-ticks-10000-7may/medium-2/24proc-4pils/seed-2/6_sorrell3_seed-2_20260510_041416/iterated_local_search/search_space/search_space_file_11_worker_9.txt
[INFO]:[04:22:45] Writing ILS search space file for worker 10...
[INFO]:[04:22:45] ILS search space file written: /scratch/yorig/mpils-results-grid-ticks-10000-7may/medium-2/24proc-4pils/seed-2/6_sorrell3_seed-2_20260510_041416/iterated_local_search/search_space/search_space_file_11_worker_10.txt
[INFO]:[04:22:45] Writing ILS search space file for worker 11...
[INFO]:[04:22:45] Warning: Initial value for parameter CPXPARAM_MIP_Cuts_Cliques is forbidden. So unforbidden it for the ILS initial configuration at iteration 11.
[INFO]:[04:22:45] Warning: Initial value for parameter CPXPARAM_MIP_Strategy_Probe is forbidden. So unforbidden it for the ILS initial configuration at iteration 11.
[INFO]:[04:22:45] Warning: Initial configuration contains a forbidden tuple. So unforbidden it for ILS at iteration 11.
[INFO]:[04:22:45] Warning: Initial configuration contains a forbidden tuple. So unforbidden it for ILS at iteration 11.
[INFO]:[04:22:45] ILS search space file written: /scratch/yorig/mpils-results-grid-ticks-10000-7may/medium-2/24proc-4pils/seed-2/6_sorrell3_seed-2_20260510_041416/iterated_local_search/search_space/search_space_file_11_worker_11.txt
[INFO]:[04:22:45] Writing ILS search space file for worker 12...
[INFO]:[04:22:45] Warning: Initial value for parameter CPXPARAM_MIP_Cuts_Cliques is forbidden. So unforbidden it for the ILS initial configuration at iteration 11.
[INFO]:[04:22:45] Warning: Initial configuration contains a forbidden tuple. So unforbidden it for ILS at iteration 11.
[INFO]:[04:22:45] Warning: Initial configuration contains a forbidden tuple. So unforbidden it for ILS at iteration 11.
[INFO]:[04:22:45] ILS search space file written: /scratch/yorig/mpils-results-grid-ticks-10000-7may/medium-2/24proc-4pils/seed-2/6_sorrell3_seed-2_20260510_041416/iterated_local_search/search_space/search_space_file_11_worker_12.txt
[INFO]:[04:22:45] Writing ILS search space file for worker 13...
[INFO]:[04:22:45] Warning: Initial value for parameter CPXPARAM_Emphasis_MIP is forbidden. So unforbidden it for the ILS initial configuration at iteration 11.
[INFO]:[04:22:45] Warning: Initial value for parameter CPXPARAM_MIP_Cuts_Cliques is forbidden. So unforbidden it for the ILS initial configuration at iteration 11.
[INFO]:[04:22:45] Warning: Initial configuration contains a forbidden tuple. So unforbidden it for ILS at iteration 11.
[INFO]:[04:22:45] Warning: Initial configuration contains a forbidden tuple. So unforbidden it for ILS at iteration 11.
[INFO]:[04:22:45] Warning: Initial configuration contains a forbidden tuple. So unforbidden it for ILS at iteration 11.
[INFO]:[04:22:45] ILS search space file written: /scratch/yorig/mpils-results-grid-ticks-10000-7may/medium-2/24proc-4pils/seed-2/6_sorrell3_seed-2_20260510_041416/iterated_local_search/search_space/search_space_file_11_worker_13.txt
[INFO]:[04:22:45] Writing ILS search space file for worker 14...
[INFO]:[04:22:45] Warning: Initial value for parameter CPXPARAM_Emphasis_MIP is forbidden. So unforbidden it for the ILS initial configuration at iteration 11.
[INFO]:[04:22:45] Warning: Initial value for parameter CPXPARAM_MIP_Cuts_Cliques is forbidden. So unforbidden it for the ILS initial configuration at iteration 11.
[INFO]:[04:22:45] Warning: Initial configuration contains a forbidden tuple. So unforbidden it for ILS at iteration 11.
[INFO]:[04:22:45] Warning: Initial configuration contains a forbidden tuple. So unforbidden it for ILS at iteration 11.
[INFO]:[04:22:45] Warning: Initial configuration contains a forbidden tuple. So unforbidden it for ILS at iteration 11.
[INFO]:[04:22:45] Warning: Initial configuration contains a forbidden tuple. So unforbidden it for ILS at iteration 11.
[INFO]:[04:22:45] Warning: Initial configuration contains a forbidden tuple. So unforbidden it for ILS at iteration 11.
[INFO]:[04:22:45] ILS search space file written: /scratch/yorig/mpils-results-grid-ticks-10000-7may/medium-2/24proc-4pils/seed-2/6_sorrell3_seed-2_20260510_041416/iterated_local_search/search_space/search_space_file_11_worker_14.txt
[INFO]:[04:22:45] Writing ILS search space file for worker 15...
[INFO]:[04:22:45] Warning: Initial value for parameter CPXPARAM_MIP_Cuts_Cliques is forbidden. So unforbidden it for the ILS initial configuration at iteration 11.
[INFO]:[04:22:45] Warning: Initial configuration contains a forbidden tuple. So unforbidden it for ILS at iteration 11.
[INFO]:[04:22:45] Warning: Initial configuration contains a forbidden tuple. So unforbidden it for ILS at iteration 11.
[INFO]:[04:22:45] ILS search space file written: /scratch/yorig/mpils-results-grid-ticks-10000-7may/medium-2/24proc-4pils/seed-2/6_sorrell3_seed-2_20260510_041416/iterated_local_search/search_space/search_space_file_11_worker_15.txt
[INFO]:[04:22:45] Writing ILS search space file for worker 16...
[INFO]:[04:22:45] Warning: Initial value for parameter CPXPARAM_MIP_Cuts_Cliques is forbidden. So unforbidden it for the ILS initial configuration at iteration 11.
[INFO]:[04:22:45] Warning: Initial value for parameter CPXPARAM_MIP_Strategy_VariableSelect is forbidden. So unforbidden it for the ILS initial configuration at iteration 11.
[INFO]:[04:22:45] Warning: Initial configuration contains a forbidden tuple. So unforbidden it for ILS at iteration 11.
[INFO]:[04:22:45] ILS search space file written: /scratch/yorig/mpils-results-grid-ticks-10000-7may/medium-2/24proc-4pils/seed-2/6_sorrell3_seed-2_20260510_041416/iterated_local_search/search_space/search_space_file_11_worker_16.txt
[INFO]:[04:22:45] Writing ILS search space file for worker 17...
[INFO]:[04:22:45] Warning: Initial value for parameter CPXPARAM_Emphasis_MIP is forbidden. So unforbidden it for the ILS initial configuration at iteration 11.
[INFO]:[04:22:45] Warning: Initial value for parameter CPXPARAM_MIP_Cuts_FlowCovers is forbidden. So unforbidden it for the ILS initial configuration at iteration 11.
[INFO]:[04:22:45] Warning: Initial configuration contains a forbidden tuple. So unforbidden it for ILS at iteration 11.
[INFO]:[04:22:45] ILS search space file written: /scratch/yorig/mpils-results-grid-ticks-10000-7may/medium-2/24proc-4pils/seed-2/6_sorrell3_seed-2_20260510_041416/iterated_local_search/search_space/search_space_file_11_worker_17.txt
[INFO]:[04:22:45] Writing ILS search space file for worker 18...
[INFO]:[04:22:45] Warning: Initial value for parameter CPXPARAM_MIP_Cuts_Cliques is forbidden. So unforbidden it for the ILS initial configuration at iteration 11.
[INFO]:[04:22:45] Warning: Initial value for parameter CPXPARAM_MIP_Cuts_FlowCovers is forbidden. So unforbidden it for the ILS initial configuration at iteration 11.
[INFO]:[04:22:45] Warning: Initial value for parameter CPXPARAM_MIP_Strategy_Probe is forbidden. So unforbidden it for the ILS initial configuration at iteration 11.
[INFO]:[04:22:45] Warning: Initial configuration contains a forbidden tuple. So unforbidden it for ILS at iteration 11.
[INFO]:[04:22:45] Warning: Initial configuration contains a forbidden tuple. So unforbidden it for ILS at iteration 11.
[INFO]:[04:22:45] ILS search space file written: /scratch/yorig/mpils-results-grid-ticks-10000-7may/medium-2/24proc-4pils/seed-2/6_sorrell3_seed-2_20260510_041416/iterated_local_search/search_space/search_space_file_11_worker_18.txt
[INFO]:[04:22:45] Writing ILS search space file for worker 19...
[INFO]:[04:22:45] Warning: Initial value for parameter CPXPARAM_Emphasis_MIP is forbidden. So unforbidden it for the ILS initial configuration at iteration 11.
[INFO]:[04:22:45] Warning: Initial value for parameter CPXPARAM_MIP_Cuts_Cliques is forbidden. So unforbidden it for the ILS initial configuration at iteration 11.
[INFO]:[04:22:45] Warning: Initial configuration contains a forbidden tuple. So unforbidden it for ILS at iteration 11.
[INFO]:[04:22:45] Warning: Initial configuration contains a forbidden tuple. So unforbidden it for ILS at iteration 11.
[INFO]:[04:22:45] Warning: Initial configuration contains a forbidden tuple. So unforbidden it for ILS at iteration 11.
[INFO]:[04:22:45] Warning: Initial configuration contains a forbidden tuple. So unforbidden it for ILS at iteration 11.
[INFO]:[04:22:45] Warning: Initial configuration contains a forbidden tuple. So unforbidden it for ILS at iteration 11.
[INFO]:[04:22:45] Warning: Initial configuration contains a forbidden tuple. So unforbidden it for ILS at iteration 11.
[INFO]:[04:22:45] ILS search space file written: /scratch/yorig/mpils-results-grid-ticks-10000-7may/medium-2/24proc-4pils/seed-2/6_sorrell3_seed-2_20260510_041416/iterated_local_search/search_space/search_space_file_11_worker_19.txt
[INFO]:[04:22:45] Writing ILS search space file for worker 20...
[INFO]:[04:22:45] Warning: Initial value for parameter CPXPARAM_Emphasis_MIP is forbidden. So unforbidden it for the ILS initial configuration at iteration 11.
[INFO]:[04:22:45] Warning: Initial value for parameter CPXPARAM_MIP_Cuts_Cliques is forbidden. So unforbidden it for the ILS initial configuration at iteration 11.
[INFO]:[04:22:45] Warning: Initial value for parameter CPXPARAM_MIP_Cuts_Gomory is forbidden. So unforbidden it for the ILS initial configuration at iteration 11.
[INFO]:[04:22:45] Warning: Initial value for parameter CPXPARAM_MIP_Strategy_Probe is forbidden. So unforbidden it for the ILS initial configuration at iteration 11.
[INFO]:[04:22:45] Warning: Initial configuration contains a forbidden tuple. So unforbidden it for ILS at iteration 11.
[INFO]:[04:22:45] Warning: Initial configuration contains a forbidden tuple. So unforbidden it for ILS at iteration 11.
[INFO]:[04:22:45] Warning: Initial configuration contains a forbidden tuple. So unforbidden it for ILS at iteration 11.
[INFO]:[04:22:45] Warning: Initial configuration contains a forbidden tuple. So unforbidden it for ILS at iteration 11.
[INFO]:[04:22:45] Warning: Initial configuration contains a forbidden tuple. So unforbidden it for ILS at iteration 11.
[INFO]:[04:22:45] Warning: Initial configuration contains a forbidden tuple. So unforbidden it for ILS at iteration 11.
[INFO]:[04:22:45] Warning: Initial configuration contains a forbidden tuple. So unforbidden it for ILS at iteration 11.
[INFO]:[04:22:45] Warning: Initial configuration contains a forbidden tuple. So unforbidden it for ILS at iteration 11.
[INFO]:[04:22:45] Warning: Initial configuration contains a forbidden tuple. So unforbidden it for ILS at iteration 11.
[INFO]:[04:22:45] ILS search space file written: /scratch/yorig/mpils-results-grid-ticks-10000-7may/medium-2/24proc-4pils/seed-2/6_sorrell3_seed-2_20260510_041416/iterated_local_search/search_space/search_space_file_11_worker_20.txt
[INFO]:[04:22:45] Writing ILS search space file for worker 21...
[INFO]:[04:22:45] Warning: Initial value for parameter CPXPARAM_Emphasis_MIP is forbidden. So unforbidden it for the ILS initial configuration at iteration 11.
[INFO]:[04:22:45] Warning: Initial value for parameter CPXPARAM_MIP_Cuts_Cliques is forbidden. So unforbidden it for the ILS initial configuration at iteration 11.
[INFO]:[04:22:45] Warning: Initial value for parameter CPXPARAM_MIP_Cuts_Gomory is forbidden. So unforbidden it for the ILS initial configuration at iteration 11.
[INFO]:[04:22:45] Warning: Initial configuration contains a forbidden tuple. So unforbidden it for ILS at iteration 11.
[INFO]:[04:22:45] Warning: Initial configuration contains a forbidden tuple. So unforbidden it for ILS at iteration 11.
[INFO]:[04:22:45] Warning: Initial configuration contains a forbidden tuple. So unforbidden it for ILS at iteration 11.
[INFO]:[04:22:45] Warning: Initial configuration contains a forbidden tuple. So unforbidden it for ILS at iteration 11.
[INFO]:[04:22:45] Warning: Initial configuration contains a forbidden tuple. So unforbidden it for ILS at iteration 11.
[INFO]:[04:22:45] ILS search space file written: /scratch/yorig/mpils-results-grid-ticks-10000-7may/medium-2/24proc-4pils/seed-2/6_sorrell3_seed-2_20260510_041416/iterated_local_search/search_space/search_space_file_11_worker_21.txt
[INFO]:[04:22:45] Writing ILS search space file for worker 22...
[INFO]:[04:22:45] Warning: Initial value for parameter CPXPARAM_Emphasis_MIP is forbidden. So unforbidden it for the ILS initial configuration at iteration 11.
[INFO]:[04:22:45] Warning: Initial value for parameter CPXPARAM_MIP_Cuts_Cliques is forbidden. So unforbidden it for the ILS initial configuration at iteration 11.
[INFO]:[04:22:45] Warning: Initial configuration contains a forbidden tuple. So unforbidden it for ILS at iteration 11.
[INFO]:[04:22:45] Warning: Initial configuration contains a forbidden tuple. So unforbidden it for ILS at iteration 11.
[INFO]:[04:22:45] ILS search space file written: /scratch/yorig/mpils-results-grid-ticks-10000-7may/medium-2/24proc-4pils/seed-2/6_sorrell3_seed-2_20260510_041416/iterated_local_search/search_space/search_space_file_11_worker_22.txt
[INFO]:[04:22:45] Writing ILS search space file for worker 23...
[INFO]:[04:22:45] Warning: Initial value for parameter CPXPARAM_Emphasis_MIP is forbidden. So unforbidden it for the ILS initial configuration at iteration 11.
[INFO]:[04:22:45] Warning: Initial value for parameter CPXPARAM_MIP_Cuts_Cliques is forbidden. So unforbidden it for the ILS initial configuration at iteration 11.
[INFO]:[04:22:45] Warning: Initial value for parameter CPXPARAM_MIP_Cuts_Gomory is forbidden. So unforbidden it for the ILS initial configuration at iteration 11.
[INFO]:[04:22:45] Warning: Initial value for parameter CPXPARAM_MIP_Strategy_Probe is forbidden. So unforbidden it for the ILS initial configuration at iteration 11.
[INFO]:[04:22:45] Warning: Initial configuration contains a forbidden tuple. So unforbidden it for ILS at iteration 11.
[INFO]:[04:22:45] Warning: Initial configuration contains a forbidden tuple. So unforbidden it for ILS at iteration 11.
[INFO]:[04:22:45] ILS search space file written: /scratch/yorig/mpils-results-grid-ticks-10000-7may/medium-2/24proc-4pils/seed-2/6_sorrell3_seed-2_20260510_041416/iterated_local_search/search_space/search_space_file_11_worker_23.txt
[INFO]:[04:22:45] Launching Local Search Workers via MPI...
[INFO]:[04:22:45] Local Search Workers launched.
[INFO]:[04:22:45] Starting local search phase...
[INFO]:[04:22:45] Creating local search space from parameter space file: /scratch/yorig/mpils-results-grid-ticks-10000-7may/medium-2/24proc-4pils/seed-2/6_sorrell3_seed-2_20260510_041416/iterated_local_search/search_space/search_space_file_11.txt
[INFO]:[04:22:45] Local search space loaded from file: /scratch/yorig/mpils-results-grid-ticks-10000-7may/medium-2/24proc-4pils/seed-2/6_sorrell3_seed-2_20260510_041416/iterated_local_search/search_space/search_space_file_11.txt
[INFO]:[04:22:45] Number of parameters in local search space: 71
[INFO]:[04:22:45] Number of forbidden tuples in local search space: 69
[INFO]:[04:22:45] Number of conditionals in local search space: 6
[INFO]:[04:22:45] MIP start option not enabled. Local search will proceed without MIP start.
[INFO]:[04:22:45] Seeded initial configuration into local search cache with known objective value: 23.86
[INFO]:[04:22:45] Starting CPLEX solver on instance: /home/yorig/tuner/mpils-tests/instances/miplib/medium-2/sorrell3.mps with config: /scratch/yorig/mpils-results-grid-ticks-10000-7may/medium-2/24proc-4pils/seed-2/6_sorrell3_seed-2_20260510_041416/iterated_local_search/run_11_worker_0/ils_config_879374871915106708.prm
[INFO]:[04:22:45] Starting CPLEX solver on instance: /home/yorig/tuner/mpils-tests/instances/miplib/medium-2/sorrell3.mps with config: /scratch/yorig/mpils-results-grid-ticks-10000-7may/medium-2/24proc-4pils/seed-2/6_sorrell3_seed-2_20260510_041416/iterated_local_search/run_11_worker_0/ils_config_879374871915106708.prm
[INFO]:[04:22:51] CPLEX results. Gap: 23.860000, upper bound: -16.000000, lower bound: -19.817543
[INFO]:[04:22:51] CPLEX solver finished. Gap: 23.860000
[INFO]:[04:22:51] Starting CPLEX solver on instance: /home/yorig/tuner/mpils-tests/instances/miplib/medium-2/sorrell3.mps with config: /scratch/yorig/mpils-results-grid-ticks-10000-7may/medium-2/24proc-4pils/seed-2/6_sorrell3_seed-2_20260510_041416/iterated_local_search/run_11_worker_0/ils_config_14106438164956321535.prm
[INFO]:[04:22:51] Starting CPLEX solver on instance: /home/yorig/tuner/mpils-tests/instances/miplib/medium-2/sorrell3.mps with config: /scratch/yorig/mpils-results-grid-ticks-10000-7may/medium-2/24proc-4pils/seed-2/6_sorrell3_seed-2_20260510_041416/iterated_local_search/run_11_worker_0/ils_config_14106438164956321535.prm
[INFO]:[04:22:57] CPLEX results. Gap: 23.860000, upper bound: -16.000000, lower bound: -19.817543
[INFO]:[04:22:57] CPLEX solver finished. Gap: 23.860000
[INFO]:[04:22:57] Starting CPLEX solver on instance: /home/yorig/tuner/mpils-tests/instances/miplib/medium-2/sorrell3.mps with config: /scratch/yorig/mpils-results-grid-ticks-10000-7may/medium-2/24proc-4pils/seed-2/6_sorrell3_seed-2_20260510_041416/iterated_local_search/run_11_worker_0/ils_config_17268839375888296399.prm
[INFO]:[04:22:57] Starting CPLEX solver on instance: /home/yorig/tuner/mpils-tests/instances/miplib/medium-2/sorrell3.mps with config: /scratch/yorig/mpils-results-grid-ticks-10000-7may/medium-2/24proc-4pils/seed-2/6_sorrell3_seed-2_20260510_041416/iterated_local_search/run_11_worker_0/ils_config_17268839375888296399.prm
[INFO]:[04:23:03] CPLEX results. Gap: 23.860000, upper bound: -16.000000, lower bound: -19.817543
[INFO]:[04:23:03] CPLEX solver finished. Gap: 23.860000
[INFO]:[04:23:03] Starting CPLEX solver on instance: /home/yorig/tuner/mpils-tests/instances/miplib/medium-2/sorrell3.mps with config: /scratch/yorig/mpils-results-grid-ticks-10000-7may/medium-2/24proc-4pils/seed-2/6_sorrell3_seed-2_20260510_041416/iterated_local_search/run_11_worker_0/ils_config_497126287420068445.prm
[INFO]:[04:23:03] Starting CPLEX solver on instance: /home/yorig/tuner/mpils-tests/instances/miplib/medium-2/sorrell3.mps with config: /scratch/yorig/mpils-results-grid-ticks-10000-7may/medium-2/24proc-4pils/seed-2/6_sorrell3_seed-2_20260510_041416/iterated_local_search/run_11_worker_0/ils_config_497126287420068445.prm
[INFO]:[04:23:08] CPLEX results. Gap: 23.860000, upper bound: -16.000000, lower bound: -19.817619
[INFO]:[04:23:08] CPLEX solver finished. Gap: 23.860000
[INFO]:[04:23:09] Starting CPLEX solver on instance: /home/yorig/tuner/mpils-tests/instances/miplib/medium-2/sorrell3.mps with config: /scratch/yorig/mpils-results-grid-ticks-10000-7may/medium-2/24proc-4pils/seed-2/6_sorrell3_seed-2_20260510_041416/iterated_local_search/run_11_worker_0/ils_config_7649567551272815777.prm
[INFO]:[04:23:09] Starting CPLEX solver on instance: /home/yorig/tuner/mpils-tests/instances/miplib/medium-2/sorrell3.mps with config: /scratch/yorig/mpils-results-grid-ticks-10000-7may/medium-2/24proc-4pils/seed-2/6_sorrell3_seed-2_20260510_041416/iterated_local_search/run_11_worker_0/ils_config_7649567551272815777.prm
[INFO]:[04:23:15] CPLEX results. Gap: 23.860000, upper bound: -16.000000, lower bound: -19.817619
[INFO]:[04:23:15] CPLEX solver finished. Gap: 23.860000
[INFO]:[04:23:15] New incumbent found with objective value: 23.79
[INFO]:[04:23:15] Local search phase completed.
[INFO]:[04:23:15] Total number of new local-search evaluations: 20
[INFO]:[04:23:15] Final incumbent objective value: 23.79
[INFO]:[04:23:15] recordEvaluation produced_mip_start=0 mip_start_file=''
[DEBUG]:[04:23:15] Added evaluation to memory with objective: 23.86, ConfigId: 879374871915106708, EvalId: 1261. Total evaluations stored: 1261
[INFO]:[04:23:15] recordEvaluation produced_mip_start=0 mip_start_file=''
[DEBUG]:[04:23:15] Added evaluation to memory with objective: 23.86, ConfigId: 4967422493982017971, EvalId: 1262. Total evaluations stored: 1262
[INFO]:[04:23:15] recordEvaluation produced_mip_start=0 mip_start_file=''
[DEBUG]:[04:23:15] Added evaluation to memory with objective: 32.05, ConfigId: 18384756271301724462, EvalId: 1263. Total evaluations stored: 1263
[INFO]:[04:23:15] recordEvaluation produced_mip_start=0 mip_start_file=''
[DEBUG]:[04:23:15] Added evaluation to memory with objective: 23.86, ConfigId: 10772097511522253216, EvalId: 1264. Total evaluations stored: 1264
[INFO]:[04:23:15] recordEvaluation produced_mip_start=0 mip_start_file=''
[DEBUG]:[04:23:15] Added evaluation to memory with objective: 23.86, ConfigId: 14106438164956321535, EvalId: 1265. Total evaluations stored: 1265
[INFO]:[04:23:15] recordEvaluation produced_mip_start=0 mip_start_file=''
[DEBUG]:[04:23:15] Added evaluation to memory with objective: 23.86, ConfigId: 16155110541313490869, EvalId: 1266. Total evaluations stored: 1266
[INFO]:[04:23:15] recordEvaluation produced_mip_start=0 mip_start_file=''
[DEBUG]:[04:23:15] Added evaluation to memory with objective: 23.87, ConfigId: 4067242713014994751, EvalId: 1267. Total evaluations stored: 1267
[INFO]:[04:23:15] recordEvaluation produced_mip_start=0 mip_start_file=''
[DEBUG]:[04:23:15] Added evaluation to memory with objective: 32.35, ConfigId: 662758811542080265, EvalId: 1268. Total evaluations stored: 1268
[INFO]:[04:23:15] recordEvaluation produced_mip_start=0 mip_start_file=''
[DEBUG]:[04:23:15] Added evaluation to memory with objective: 23.86, ConfigId: 17268839375888296399, EvalId: 1269. Total evaluations stored: 1269
[INFO]:[04:23:15] recordEvaluation produced_mip_start=0 mip_start_file=''
[DEBUG]:[04:23:15] Added evaluation to memory with objective: 23.86, ConfigId: 11890625820038375822, EvalId: 1270. Total evaluations stored: 1270
[INFO]:[04:23:15] recordEvaluation produced_mip_start=0 mip_start_file=''
[DEBUG]:[04:23:15] Added evaluation to memory with objective: 23.86, ConfigId: 17009164037345707199, EvalId: 1271. Total evaluations stored: 1271
[INFO]:[04:23:15] recordEvaluation produced_mip_start=0 mip_start_file=''
[DEBUG]:[04:23:15] Added evaluation to memory with objective: 32.12, ConfigId: 12922533632776215281, EvalId: 1272. Total evaluations stored: 1272
[INFO]:[04:23:15] recordEvaluation produced_mip_start=0 mip_start_file=''
[DEBUG]:[04:23:15] Added evaluation to memory with objective: 23.86, ConfigId: 497126287420068445, EvalId: 1273. Total evaluations stored: 1273
[INFO]:[04:23:15] recordEvaluation produced_mip_start=0 mip_start_file=''
[DEBUG]:[04:23:15] Added evaluation to memory with objective: 32.21, ConfigId: 10137101492829957160, EvalId: 1274. Total evaluations stored: 1274
[INFO]:[04:23:15] recordEvaluation produced_mip_start=0 mip_start_file=''
[DEBUG]:[04:23:15] Added evaluation to memory with objective: 23.86, ConfigId: 10028607209973912262, EvalId: 1275. Total evaluations stored: 1275
[INFO]:[04:23:15] recordEvaluation produced_mip_start=0 mip_start_file=''
[DEBUG]:[04:23:15] Added evaluation to memory with objective: 23.86, ConfigId: 16024815896677246517, EvalId: 1276. Total evaluations stored: 1276
[INFO]:[04:23:15] recordEvaluation produced_mip_start=0 mip_start_file=''
[DEBUG]:[04:23:15] Added evaluation to memory with objective: 23.86, ConfigId: 7649567551272815777, EvalId: 1277. Total evaluations stored: 1277
[INFO]:[04:23:15] recordEvaluation produced_mip_start=0 mip_start_file=''
[DEBUG]:[04:23:15] Added evaluation to memory with objective: 23.86, ConfigId: 7426693490481132469, EvalId: 1278. Total evaluations stored: 1278
[INFO]:[04:23:15] recordEvaluation produced_mip_start=0 mip_start_file=''
[DEBUG]:[04:23:15] Added evaluation to memory with objective: 41.86, ConfigId: 583628889588508347, EvalId: 1279. Total evaluations stored: 1279
[INFO]:[04:23:15] recordEvaluation produced_mip_start=0 mip_start_file=''
[DEBUG]:[04:23:15] Added evaluation to memory with objective: 23.79, ConfigId: 229890140171253042, EvalId: 1280. Total evaluations stored: 1280
[INFO]:[04:23:15] Waiting for Local Search Workers via MPI...
[INFO]:[04:24:30] Local Search Workers have completed.
[INFO]:[04:24:30] recordEvaluation produced_mip_start=0 mip_start_file=''
[DEBUG]:[04:24:30] Added evaluation to memory with objective: 3313.33, ConfigId: 12084084172819879013, EvalId: 1281. Total evaluations stored: 1281
[INFO]:[04:24:30] recordEvaluation produced_mip_start=0 mip_start_file=''
[DEBUG]:[04:24:30] Added evaluation to memory with objective: 64.95, ConfigId: 236001356511329371, EvalId: 1282. Total evaluations stored: 1282
[INFO]:[04:24:30] recordEvaluation produced_mip_start=0 mip_start_file=''
[DEBUG]:[04:24:30] Added evaluation to memory with objective: 3313.33, ConfigId: 13029382832895268291, EvalId: 1283. Total evaluations stored: 1283
[INFO]:[04:24:30] recordEvaluation produced_mip_start=0 mip_start_file=''
[DEBUG]:[04:24:30] Added evaluation to memory with objective: 3303.33, ConfigId: 16995701614530769806, EvalId: 1284. Total evaluations stored: 1284
[INFO]:[04:24:30] recordEvaluation produced_mip_start=0 mip_start_file=''
[DEBUG]:[04:24:30] Added evaluation to memory with objective: 64.95, ConfigId: 17982754574242778557, EvalId: 1285. Total evaluations stored: 1285
[INFO]:[04:24:30] recordEvaluation produced_mip_start=0 mip_start_file=''
[DEBUG]:[04:24:30] Added evaluation to memory with objective: 64.95, ConfigId: 17264918236384909271, EvalId: 1286. Total evaluations stored: 1286
[INFO]:[04:24:30] recordEvaluation produced_mip_start=0 mip_start_file=''
[DEBUG]:[04:24:30] Added evaluation to memory with objective: 78.7, ConfigId: 14125025523764991850, EvalId: 1287. Total evaluations stored: 1287
[INFO]:[04:24:30] recordEvaluation produced_mip_start=0 mip_start_file=''
[DEBUG]:[04:24:30] Added evaluation to memory with objective: 64.95, ConfigId: 14206808347129749052, EvalId: 1288. Total evaluations stored: 1288
[INFO]:[04:24:30] recordEvaluation produced_mip_start=0 mip_start_file=''
[DEBUG]:[04:24:30] Added evaluation to memory with objective: 64.95, ConfigId: 16852299810113921952, EvalId: 1289. Total evaluations stored: 1289
[INFO]:[04:24:30] recordEvaluation produced_mip_start=0 mip_start_file=''
[DEBUG]:[04:24:30] Added evaluation to memory with objective: 64.95, ConfigId: 9083745559937324606, EvalId: 1290. Total evaluations stored: 1290
[INFO]:[04:24:30] recordEvaluation produced_mip_start=0 mip_start_file=''
[DEBUG]:[04:24:30] Added evaluation to memory with objective: 52.61, ConfigId: 9348830067428859845, EvalId: 1291. Total evaluations stored: 1291
[INFO]:[04:24:30] recordEvaluation produced_mip_start=0 mip_start_file=''
[DEBUG]:[04:24:30] Added evaluation to memory with objective: 64.95, ConfigId: 1969362967322384902, EvalId: 1292. Total evaluations stored: 1292
[INFO]:[04:24:30] recordEvaluation produced_mip_start=0 mip_start_file=''
[DEBUG]:[04:24:30] Added evaluation to memory with objective: 52.61, ConfigId: 6759754233181183056, EvalId: 1293. Total evaluations stored: 1293
[INFO]:[04:24:30] recordEvaluation produced_mip_start=0 mip_start_file=''
[DEBUG]:[04:24:30] Added evaluation to memory with objective: 52.61, ConfigId: 8569670878556465664, EvalId: 1294. Total evaluations stored: 1294
[INFO]:[04:24:30] recordEvaluation produced_mip_start=0 mip_start_file=''
[DEBUG]:[04:24:30] Added evaluation to memory with objective: 52.61, ConfigId: 8954390364493620044, EvalId: 1295. Total evaluations stored: 1295
[INFO]:[04:24:30] recordEvaluation produced_mip_start=0 mip_start_file=''
[DEBUG]:[04:24:30] Added evaluation to memory with objective: 52.61, ConfigId: 15584735985450631155, EvalId: 1296. Total evaluations stored: 1296
[INFO]:[04:24:30] recordEvaluation produced_mip_start=0 mip_start_file=''
[DEBUG]:[04:24:30] Added evaluation to memory with objective: 52.61, ConfigId: 3455829782200104027, EvalId: 1297. Total evaluations stored: 1297
[INFO]:[04:24:30] recordEvaluation produced_mip_start=0 mip_start_file=''
[DEBUG]:[04:24:30] Added evaluation to memory with objective: 52.61, ConfigId: 4416738616428623877, EvalId: 1298. Total evaluations stored: 1298
[INFO]:[04:24:30] recordEvaluation produced_mip_start=0 mip_start_file=''
[DEBUG]:[04:24:30] Added evaluation to memory with objective: 52.61, ConfigId: 17761599862265051416, EvalId: 1299. Total evaluations stored: 1299
[INFO]:[04:24:30] recordEvaluation produced_mip_start=0 mip_start_file=''
[DEBUG]:[04:24:30] Added evaluation to memory with objective: 52.61, ConfigId: 494173777414688099, EvalId: 1300. Total evaluations stored: 1300
[INFO]:[04:24:30] recordEvaluation produced_mip_start=0 mip_start_file=''
[DEBUG]:[04:24:30] Added evaluation to memory with objective: 53.17, ConfigId: 18256789968268393838, EvalId: 1301. Total evaluations stored: 1301
[INFO]:[04:24:30] recordEvaluation produced_mip_start=0 mip_start_file=''
[DEBUG]:[04:24:30] Added evaluation to memory with objective: 42.92, ConfigId: 9045358720149350075, EvalId: 1302. Total evaluations stored: 1302
[INFO]:[04:24:30] recordEvaluation produced_mip_start=0 mip_start_file=''
[DEBUG]:[04:24:30] Added evaluation to memory with objective: 3313.33, ConfigId: 3527015872283552971, EvalId: 1303. Total evaluations stored: 1303
[INFO]:[04:24:30] recordEvaluation produced_mip_start=0 mip_start_file=''
[DEBUG]:[04:24:30] Added evaluation to memory with objective: 3313.33, ConfigId: 9704300504246084320, EvalId: 1304. Total evaluations stored: 1304
[INFO]:[04:24:30] recordEvaluation produced_mip_start=0 mip_start_file=''
[DEBUG]:[04:24:30] Added evaluation to memory with objective: 42.92, ConfigId: 3267736183899915216, EvalId: 1305. Total evaluations stored: 1305
[INFO]:[04:24:30] recordEvaluation produced_mip_start=0 mip_start_file=''
[DEBUG]:[04:24:30] Added evaluation to memory with objective: 42.92, ConfigId: 14821869106054991083, EvalId: 1306. Total evaluations stored: 1306
[INFO]:[04:24:30] recordEvaluation produced_mip_start=0 mip_start_file=''
[DEBUG]:[04:24:30] Added evaluation to memory with objective: 42.92, ConfigId: 11132825097064426157, EvalId: 1307. Total evaluations stored: 1307
[INFO]:[04:24:30] recordEvaluation produced_mip_start=0 mip_start_file=''
[DEBUG]:[04:24:30] Added evaluation to memory with objective: 42.92, ConfigId: 5653838835610398000, EvalId: 1308. Total evaluations stored: 1308
[INFO]:[04:24:30] recordEvaluation produced_mip_start=0 mip_start_file=''
[DEBUG]:[04:24:30] Added evaluation to memory with objective: 42.92, ConfigId: 9818099441379813245, EvalId: 1309. Total evaluations stored: 1309
[INFO]:[04:24:30] recordEvaluation produced_mip_start=0 mip_start_file=''
[DEBUG]:[04:24:30] Added evaluation to memory with objective: 42.92, ConfigId: 4415019210310968013, EvalId: 1310. Total evaluations stored: 1310
[INFO]:[04:24:30] recordEvaluation produced_mip_start=0 mip_start_file=''
[DEBUG]:[04:24:30] Added evaluation to memory with objective: 42.92, ConfigId: 13756304402670072451, EvalId: 1311. Total evaluations stored: 1311
[INFO]:[04:24:30] recordEvaluation produced_mip_start=0 mip_start_file=''
[DEBUG]:[04:24:30] Added evaluation to memory with objective: 3306.67, ConfigId: 5916168375256167304, EvalId: 1312. Total evaluations stored: 1312
[INFO]:[04:24:30] recordEvaluation produced_mip_start=0 mip_start_file=''
[DEBUG]:[04:24:30] Added evaluation to memory with objective: 42.92, ConfigId: 7212871392084515612, EvalId: 1313. Total evaluations stored: 1313
[INFO]:[04:24:30] recordEvaluation produced_mip_start=0 mip_start_file=''
[DEBUG]:[04:24:30] Added evaluation to memory with objective: 42.92, ConfigId: 589852637239883155, EvalId: 1314. Total evaluations stored: 1314
[INFO]:[04:24:30] recordEvaluation produced_mip_start=0 mip_start_file=''
[DEBUG]:[04:24:30] Added evaluation to memory with objective: 42.92, ConfigId: 12007201116585341690, EvalId: 1315. Total evaluations stored: 1315
[INFO]:[04:24:30] recordEvaluation produced_mip_start=0 mip_start_file=''
[DEBUG]:[04:24:30] Added evaluation to memory with objective: 42.92, ConfigId: 4872210619444607818, EvalId: 1316. Total evaluations stored: 1316
[INFO]:[04:24:30] recordEvaluation produced_mip_start=0 mip_start_file=''
[DEBUG]:[04:24:30] Added evaluation to memory with objective: 42.8, ConfigId: 17768032185549381668, EvalId: 1317. Total evaluations stored: 1317
[INFO]:[04:24:30] recordEvaluation produced_mip_start=0 mip_start_file=''
[DEBUG]:[04:24:30] Added evaluation to memory with objective: 42.92, ConfigId: 7965001691931706083, EvalId: 1318. Total evaluations stored: 1318
[INFO]:[04:24:30] recordEvaluation produced_mip_start=0 mip_start_file=''
[DEBUG]:[04:24:30] Added evaluation to memory with objective: 42.92, ConfigId: 1622532722447928318, EvalId: 1319. Total evaluations stored: 1319
[INFO]:[04:24:30] recordEvaluation produced_mip_start=0 mip_start_file=''
[DEBUG]:[04:24:30] Added evaluation to memory with objective: 42.92, ConfigId: 8935924188631048173, EvalId: 1320. Total evaluations stored: 1320
[INFO]:[04:24:30] recordEvaluation produced_mip_start=0 mip_start_file=''
[DEBUG]:[04:24:30] Added evaluation to memory with objective: 33.48, ConfigId: 18317043160777834482, EvalId: 1321. Total evaluations stored: 1321
[INFO]:[04:24:30] recordEvaluation produced_mip_start=0 mip_start_file=''
[DEBUG]:[04:24:30] Added evaluation to memory with objective: 3306.67, ConfigId: 3467730936728350325, EvalId: 1322. Total evaluations stored: 1322
[INFO]:[04:24:30] recordEvaluation produced_mip_start=0 mip_start_file=''
[DEBUG]:[04:24:30] Added evaluation to memory with objective: 42.64, ConfigId: 8792511852264880845, EvalId: 1323. Total evaluations stored: 1323
[INFO]:[04:24:30] recordEvaluation produced_mip_start=0 mip_start_file=''
[DEBUG]:[04:24:30] Added evaluation to memory with objective: 64.95, ConfigId: 4965682257070603390, EvalId: 1324. Total evaluations stored: 1324
[INFO]:[04:24:30] recordEvaluation produced_mip_start=0 mip_start_file=''
[DEBUG]:[04:24:30] Added evaluation to memory with objective: 43.63, ConfigId: 9650852428730792888, EvalId: 1325. Total evaluations stored: 1325
[INFO]:[04:24:30] recordEvaluation produced_mip_start=0 mip_start_file=''
[DEBUG]:[04:24:30] Added evaluation to memory with objective: 33.48, ConfigId: 9339965557091710824, EvalId: 1326. Total evaluations stored: 1326
[INFO]:[04:24:30] recordEvaluation produced_mip_start=0 mip_start_file=''
[DEBUG]:[04:24:30] Added evaluation to memory with objective: 38.21, ConfigId: 10682501553348603291, EvalId: 1327. Total evaluations stored: 1327
[INFO]:[04:24:30] recordEvaluation produced_mip_start=0 mip_start_file=''
[DEBUG]:[04:24:30] Added evaluation to memory with objective: 33.48, ConfigId: 10351517524464820172, EvalId: 1328. Total evaluations stored: 1328
[INFO]:[04:24:30] recordEvaluation produced_mip_start=0 mip_start_file=''
[DEBUG]:[04:24:30] Added evaluation to memory with objective: 33.48, ConfigId: 16833150729762847182, EvalId: 1329. Total evaluations stored: 1329
[INFO]:[04:24:30] recordEvaluation produced_mip_start=0 mip_start_file=''
[DEBUG]:[04:24:30] Added evaluation to memory with objective: 33.48, ConfigId: 10543479065293087839, EvalId: 1330. Total evaluations stored: 1330
[INFO]:[04:24:30] recordEvaluation produced_mip_start=0 mip_start_file=''
[DEBUG]:[04:24:30] Added evaluation to memory with objective: 33.48, ConfigId: 4316715930524888724, EvalId: 1331. Total evaluations stored: 1331
[INFO]:[04:24:30] recordEvaluation produced_mip_start=0 mip_start_file=''
[DEBUG]:[04:24:30] Added evaluation to memory with objective: 33.48, ConfigId: 1263595030539257528, EvalId: 1332. Total evaluations stored: 1332
[INFO]:[04:24:30] recordEvaluation produced_mip_start=0 mip_start_file=''
[DEBUG]:[04:24:30] Added evaluation to memory with objective: 33.48, ConfigId: 4364573961731105212, EvalId: 1333. Total evaluations stored: 1333
[INFO]:[04:24:30] recordEvaluation produced_mip_start=0 mip_start_file=''
[DEBUG]:[04:24:30] Added evaluation to memory with objective: 33.54, ConfigId: 9453187910091740511, EvalId: 1334. Total evaluations stored: 1334
[INFO]:[04:24:30] recordEvaluation produced_mip_start=0 mip_start_file=''
[DEBUG]:[04:24:30] Added evaluation to memory with objective: 33.42, ConfigId: 8153490851656986075, EvalId: 1335. Total evaluations stored: 1335
[INFO]:[04:24:30] recordEvaluation produced_mip_start=0 mip_start_file=''
[DEBUG]:[04:24:30] Added evaluation to memory with objective: 33.48, ConfigId: 7684243723553061014, EvalId: 1336. Total evaluations stored: 1336
[INFO]:[04:24:30] recordEvaluation produced_mip_start=0 mip_start_file=''
[DEBUG]:[04:24:30] Added evaluation to memory with objective: 33.18, ConfigId: 9086211633253231522, EvalId: 1337. Total evaluations stored: 1337
[INFO]:[04:24:30] recordEvaluation produced_mip_start=0 mip_start_file=''
[DEBUG]:[04:24:30] Added evaluation to memory with objective: 33.42, ConfigId: 8228037974041108357, EvalId: 1338. Total evaluations stored: 1338
[INFO]:[04:24:30] recordEvaluation produced_mip_start=0 mip_start_file=''
[DEBUG]:[04:24:30] Added evaluation to memory with objective: 33.42, ConfigId: 4856889573152986908, EvalId: 1339. Total evaluations stored: 1339
[INFO]:[04:24:30] recordEvaluation produced_mip_start=0 mip_start_file=''
[DEBUG]:[04:24:30] Added evaluation to memory with objective: 33.39, ConfigId: 14270976423276585222, EvalId: 1340. Total evaluations stored: 1340
[INFO]:[04:24:30] recordEvaluation produced_mip_start=0 mip_start_file=''
[DEBUG]:[04:24:30] Added evaluation to memory with objective: 3310, ConfigId: 2972352069783727280, EvalId: 1341. Total evaluations stored: 1341
[INFO]:[04:24:30] recordEvaluation produced_mip_start=0 mip_start_file=''
[DEBUG]:[04:24:30] Added evaluation to memory with objective: 48.61, ConfigId: 516349700086352264, EvalId: 1342. Total evaluations stored: 1342
[INFO]:[04:24:30] recordEvaluation produced_mip_start=0 mip_start_file=''
[DEBUG]:[04:24:30] Added evaluation to memory with objective: 3557.14, ConfigId: 4964144029883917927, EvalId: 1343. Total evaluations stored: 1343
[INFO]:[04:24:30] recordEvaluation produced_mip_start=0 mip_start_file=''
[DEBUG]:[04:24:30] Added evaluation to memory with objective: 3313.33, ConfigId: 18262486645477498953, EvalId: 1344. Total evaluations stored: 1344
[INFO]:[04:24:30] recordEvaluation produced_mip_start=0 mip_start_file=''
[DEBUG]:[04:24:30] Added evaluation to memory with objective: 48.61, ConfigId: 9709298784044849553, EvalId: 1345. Total evaluations stored: 1345
[INFO]:[04:24:30] recordEvaluation produced_mip_start=0 mip_start_file=''
[DEBUG]:[04:24:30] Added evaluation to memory with objective: 48.61, ConfigId: 10953114518300499700, EvalId: 1346. Total evaluations stored: 1346
[INFO]:[04:24:30] recordEvaluation produced_mip_start=0 mip_start_file=''
[DEBUG]:[04:24:30] Added evaluation to memory with objective: 48.38, ConfigId: 530219601139723207, EvalId: 1347. Total evaluations stored: 1347
[INFO]:[04:24:30] recordEvaluation produced_mip_start=0 mip_start_file=''
[DEBUG]:[04:24:30] Added evaluation to memory with objective: 48.61, ConfigId: 8700952364937882273, EvalId: 1348. Total evaluations stored: 1348
[INFO]:[04:24:30] recordEvaluation produced_mip_start=0 mip_start_file=''
[DEBUG]:[04:24:30] Added evaluation to memory with objective: 48.38, ConfigId: 1515974634954898744, EvalId: 1349. Total evaluations stored: 1349
[INFO]:[04:24:30] recordEvaluation produced_mip_start=0 mip_start_file=''
[DEBUG]:[04:24:30] Added evaluation to memory with objective: 48.38, ConfigId: 1484477187416783104, EvalId: 1350. Total evaluations stored: 1350
[INFO]:[04:24:30] recordEvaluation produced_mip_start=0 mip_start_file=''
[DEBUG]:[04:24:30] Added evaluation to memory with objective: 48.38, ConfigId: 14865691592053909101, EvalId: 1351. Total evaluations stored: 1351
[INFO]:[04:24:30] recordEvaluation produced_mip_start=0 mip_start_file=''
[DEBUG]:[04:24:30] Added evaluation to memory with objective: 48.38, ConfigId: 7555620390669451006, EvalId: 1352. Total evaluations stored: 1352
[INFO]:[04:24:30] recordEvaluation produced_mip_start=0 mip_start_file=''
[DEBUG]:[04:24:30] Added evaluation to memory with objective: 48.38, ConfigId: 16766759413104106063, EvalId: 1353. Total evaluations stored: 1353
[INFO]:[04:24:30] recordEvaluation produced_mip_start=0 mip_start_file=''
[DEBUG]:[04:24:30] Added evaluation to memory with objective: 48.38, ConfigId: 2612391840221110552, EvalId: 1354. Total evaluations stored: 1354
[INFO]:[04:24:30] recordEvaluation produced_mip_start=0 mip_start_file=''
[DEBUG]:[04:24:30] Added evaluation to memory with objective: 48.38, ConfigId: 5790923544800647270, EvalId: 1355. Total evaluations stored: 1355
[INFO]:[04:24:30] recordEvaluation produced_mip_start=0 mip_start_file=''
[DEBUG]:[04:24:30] Added evaluation to memory with objective: 48.36, ConfigId: 7123487022914112939, EvalId: 1356. Total evaluations stored: 1356
[INFO]:[04:24:30] recordEvaluation produced_mip_start=0 mip_start_file=''
[DEBUG]:[04:24:30] Added evaluation to memory with objective: 48.36, ConfigId: 16098652386388900623, EvalId: 1357. Total evaluations stored: 1357
[INFO]:[04:24:30] recordEvaluation produced_mip_start=0 mip_start_file=''
[DEBUG]:[04:24:30] Added evaluation to memory with objective: 48.36, ConfigId: 7536601152946176270, EvalId: 1358. Total evaluations stored: 1358
[INFO]:[04:24:30] recordEvaluation produced_mip_start=0 mip_start_file=''
[DEBUG]:[04:24:30] Added evaluation to memory with objective: 48.36, ConfigId: 12783286652892896901, EvalId: 1359. Total evaluations stored: 1359
[INFO]:[04:24:30] recordEvaluation produced_mip_start=0 mip_start_file=''
[DEBUG]:[04:24:30] Added evaluation to memory with objective: 29.92, ConfigId: 8353753509107763349, EvalId: 1360. Total evaluations stored: 1360
[INFO]:[04:24:30] recordEvaluation produced_mip_start=0 mip_start_file=''
[DEBUG]:[04:24:30] Added evaluation to memory with objective: 35.53, ConfigId: 1057542798096479100, EvalId: 1361. Total evaluations stored: 1361
[INFO]:[04:24:30] recordEvaluation produced_mip_start=0 mip_start_file=''
[DEBUG]:[04:24:30] Added evaluation to memory with objective: 30.05, ConfigId: 17029172077897394805, EvalId: 1362. Total evaluations stored: 1362
[INFO]:[04:24:30] recordEvaluation produced_mip_start=0 mip_start_file=''
[DEBUG]:[04:24:30] Added evaluation to memory with objective: 3838.46, ConfigId: 1926230538817627792, EvalId: 1363. Total evaluations stored: 1363
[INFO]:[04:24:30] recordEvaluation produced_mip_start=0 mip_start_file=''
[DEBUG]:[04:24:30] Added evaluation to memory with objective: 3313.33, ConfigId: 6722361069487494285, EvalId: 1364. Total evaluations stored: 1364
[INFO]:[04:24:30] recordEvaluation produced_mip_start=0 mip_start_file=''
[DEBUG]:[04:24:30] Added evaluation to memory with objective: 30.05, ConfigId: 1688351287399704452, EvalId: 1365. Total evaluations stored: 1365
[INFO]:[04:24:30] recordEvaluation produced_mip_start=0 mip_start_file=''
[DEBUG]:[04:24:30] Added evaluation to memory with objective: 30.05, ConfigId: 4896462363140109837, EvalId: 1366. Total evaluations stored: 1366
[INFO]:[04:24:30] recordEvaluation produced_mip_start=0 mip_start_file=''
[DEBUG]:[04:24:30] Added evaluation to memory with objective: 38.55, ConfigId: 12041911433812873295, EvalId: 1367. Total evaluations stored: 1367
[INFO]:[04:24:30] recordEvaluation produced_mip_start=0 mip_start_file=''
[DEBUG]:[04:24:30] Added evaluation to memory with objective: 30.05, ConfigId: 14973360583729751427, EvalId: 1368. Total evaluations stored: 1368
[INFO]:[04:24:30] recordEvaluation produced_mip_start=0 mip_start_file=''
[DEBUG]:[04:24:30] Added evaluation to memory with objective: 30.02, ConfigId: 3343424811370020705, EvalId: 1369. Total evaluations stored: 1369
[INFO]:[04:24:30] recordEvaluation produced_mip_start=0 mip_start_file=''
[DEBUG]:[04:24:30] Added evaluation to memory with objective: 30.05, ConfigId: 8704059381961783945, EvalId: 1370. Total evaluations stored: 1370
[INFO]:[04:24:30] recordEvaluation produced_mip_start=0 mip_start_file=''
[DEBUG]:[04:24:30] Added evaluation to memory with objective: 29.84, ConfigId: 5978853366936579976, EvalId: 1371. Total evaluations stored: 1371
[INFO]:[04:24:30] recordEvaluation produced_mip_start=0 mip_start_file=''
[DEBUG]:[04:24:30] Added evaluation to memory with objective: 30.05, ConfigId: 15811659385147887500, EvalId: 1372. Total evaluations stored: 1372
[INFO]:[04:24:30] recordEvaluation produced_mip_start=0 mip_start_file=''
[DEBUG]:[04:24:30] Added evaluation to memory with objective: 29.84, ConfigId: 7936570481176703814, EvalId: 1373. Total evaluations stored: 1373
[INFO]:[04:24:30] recordEvaluation produced_mip_start=0 mip_start_file=''
[DEBUG]:[04:24:30] Added evaluation to memory with objective: 29.84, ConfigId: 12836777900554736292, EvalId: 1374. Total evaluations stored: 1374
[INFO]:[04:24:30] recordEvaluation produced_mip_start=0 mip_start_file=''
[DEBUG]:[04:24:30] Added evaluation to memory with objective: 29.84, ConfigId: 3376236319981731031, EvalId: 1375. Total evaluations stored: 1375
[INFO]:[04:24:30] recordEvaluation produced_mip_start=0 mip_start_file=''
[DEBUG]:[04:24:30] Added evaluation to memory with objective: 29.84, ConfigId: 2053290952527833461, EvalId: 1376. Total evaluations stored: 1376
[INFO]:[04:24:30] recordEvaluation produced_mip_start=0 mip_start_file=''
[DEBUG]:[04:24:30] Added evaluation to memory with objective: 29.84, ConfigId: 3373778754228620743, EvalId: 1377. Total evaluations stored: 1377
[INFO]:[04:24:30] recordEvaluation produced_mip_start=0 mip_start_file=''
[DEBUG]:[04:24:30] Added evaluation to memory with objective: 30.05, ConfigId: 7874491718380028434, EvalId: 1378. Total evaluations stored: 1378
[INFO]:[04:24:30] recordEvaluation produced_mip_start=0 mip_start_file=''
[DEBUG]:[04:24:30] Added evaluation to memory with objective: 30.04, ConfigId: 17647570804891254319, EvalId: 1379. Total evaluations stored: 1379
[INFO]:[04:24:30] recordEvaluation produced_mip_start=0 mip_start_file=''
[DEBUG]:[04:24:30] Added evaluation to memory with objective: 29.84, ConfigId: 11989108862475257656, EvalId: 1380. Total evaluations stored: 1380
[INFO]:[04:24:30] IteratedLocalSearch Engine completed.
[INFO]:[04:24:30] Added120 evaluations to memory from exploration phase at iteration 11
[INFO]:[04:24:30] Exploration phase completed.
[INFO]:[04:24:30] Stopping condition met: no more residual parameters to evaluate.
[INFO]:[04:24:30] Sending stop order to all worker processes.
[INFO]:[04:24:30] Stop order sent to all worker processes.
[INFO]:[04:24:30] Tuner run complete.
Objective: 23.73
Total tuning time: 612 seconds.
