[INFO]:[20:47:32] Worker 12 starting.
[INFO]:[20:47:32] Worker 12 received order for step 1.
[INFO]:[20:47:32] Worker 12 running exploration phase for iteration 1.
[INFO]:[20:47:32] Worker 12 at iteration 1 will not use a MIP start file. Current best MIP-start upper bound threshold is 1.79769e+308.
[INFO]:[20:47:32] Starting local search phase...
[INFO]:[20:47:32] Creating local search space from parameter space file: /scratch/yorig/mpils-results-grid-ticks-10000-7may/medium-1/16proc-1pils/seed-10/6_momentum1_seed-10_20260510_204731/iterated_local_search/search_space/search_space_file_1_worker_12.txt
[INFO]:[20:47:32] Local search space loaded from file: /scratch/yorig/mpils-results-grid-ticks-10000-7may/medium-1/16proc-1pils/seed-10/6_momentum1_seed-10_20260510_204731/iterated_local_search/search_space/search_space_file_1_worker_12.txt
[INFO]:[20:47:32] Number of parameters in local search space: 71
[INFO]:[20:47:32] Number of forbidden tuples in local search space: 0
[INFO]:[20:47:32] Number of conditionals in local search space: 6
[INFO]:[20:47:32] MIP start option not enabled. Local search will proceed without MIP start.
[INFO]:[20:47:32] Evaluating initial configuration for local search phase...
[INFO]:[20:47:32] Starting CPLEX solver on instance: /home/yorig/tuner/mpils-tests/instances/miplib/medium-1/momentum1.mps with config: /scratch/yorig/mpils-results-grid-ticks-10000-7may/medium-1/16proc-1pils/seed-10/6_momentum1_seed-10_20260510_204731/iterated_local_search/run_1_worker_12/ils_config_3742312924009514670.prm
[INFO]:[20:47:32] Starting CPLEX solver on instance: /home/yorig/tuner/mpils-tests/instances/miplib/medium-1/momentum1.mps with config: /scratch/yorig/mpils-results-grid-ticks-10000-7may/medium-1/16proc-1pils/seed-10/6_momentum1_seed-10_20260510_204731/iterated_local_search/run_1_worker_12/ils_config_3742312924009514670.prm
[INFO]:[20:47:38] CPLEX results. Gap: 68.750000, upper bound: 308115.791883, lower bound: 96284.891750
[INFO]:[20:47:38] CPLEX solver finished. Gap: 68.750000
[INFO]:[20:47:38] Initial configuration evaluated with objective value: 68.75
[INFO]:[20:47:38] Starting CPLEX solver on instance: /home/yorig/tuner/mpils-tests/instances/miplib/medium-1/momentum1.mps with config: /scratch/yorig/mpils-results-grid-ticks-10000-7may/medium-1/16proc-1pils/seed-10/6_momentum1_seed-10_20260510_204731/iterated_local_search/run_1_worker_12/ils_config_297224375116894906.prm
[INFO]:[20:47:38] Starting CPLEX solver on instance: /home/yorig/tuner/mpils-tests/instances/miplib/medium-1/momentum1.mps with config: /scratch/yorig/mpils-results-grid-ticks-10000-7may/medium-1/16proc-1pils/seed-10/6_momentum1_seed-10_20260510_204731/iterated_local_search/run_1_worker_12/ils_config_297224375116894906.prm
[INFO]:[20:47:43] CPLEX results. Gap: 68.750000, upper bound: 308115.791883, lower bound: 96284.891750
[INFO]:[20:47:43] CPLEX solver finished. Gap: 68.750000
[INFO]:[20:47:43] Starting CPLEX solver on instance: /home/yorig/tuner/mpils-tests/instances/miplib/medium-1/momentum1.mps with config: /scratch/yorig/mpils-results-grid-ticks-10000-7may/medium-1/16proc-1pils/seed-10/6_momentum1_seed-10_20260510_204731/iterated_local_search/run_1_worker_12/ils_config_8748797382642514652.prm
[INFO]:[20:47:43] Starting CPLEX solver on instance: /home/yorig/tuner/mpils-tests/instances/miplib/medium-1/momentum1.mps with config: /scratch/yorig/mpils-results-grid-ticks-10000-7may/medium-1/16proc-1pils/seed-10/6_momentum1_seed-10_20260510_204731/iterated_local_search/run_1_worker_12/ils_config_8748797382642514652.prm
[INFO]:[20:47:49] CPLEX results. Gap: 68.750000, upper bound: 308128.505450, lower bound: 96290.200155
[INFO]:[20:47:49] CPLEX solver finished. Gap: 68.750000
[INFO]:[20:47:49] Starting CPLEX solver on instance: /home/yorig/tuner/mpils-tests/instances/miplib/medium-1/momentum1.mps with config: /scratch/yorig/mpils-results-grid-ticks-10000-7may/medium-1/16proc-1pils/seed-10/6_momentum1_seed-10_20260510_204731/iterated_local_search/run_1_worker_12/ils_config_7609287151869764224.prm
[INFO]:[20:47:49] Starting CPLEX solver on instance: /home/yorig/tuner/mpils-tests/instances/miplib/medium-1/momentum1.mps with config: /scratch/yorig/mpils-results-grid-ticks-10000-7may/medium-1/16proc-1pils/seed-10/6_momentum1_seed-10_20260510_204731/iterated_local_search/run_1_worker_12/ils_config_7609287151869764224.prm
[INFO]:[20:47:55] CPLEX results. Gap: 68.750000, upper bound: 308115.791883, lower bound: 96284.891750
[INFO]:[20:47:55] CPLEX solver finished. Gap: 68.750000
[INFO]:[20:47:55] Starting CPLEX solver on instance: /home/yorig/tuner/mpils-tests/instances/miplib/medium-1/momentum1.mps with config: /scratch/yorig/mpils-results-grid-ticks-10000-7may/medium-1/16proc-1pils/seed-10/6_momentum1_seed-10_20260510_204731/iterated_local_search/run_1_worker_12/ils_config_3367909551961875725.prm
[INFO]:[20:47:55] Starting CPLEX solver on instance: /home/yorig/tuner/mpils-tests/instances/miplib/medium-1/momentum1.mps with config: /scratch/yorig/mpils-results-grid-ticks-10000-7may/medium-1/16proc-1pils/seed-10/6_momentum1_seed-10_20260510_204731/iterated_local_search/run_1_worker_12/ils_config_3367909551961875725.prm
[INFO]:[20:48:01] CPLEX results. Gap: 68.750000, upper bound: 308129.745753, lower bound: 96294.509495
[INFO]:[20:48:01] CPLEX solver finished. Gap: 68.750000
[INFO]:[20:48:01] Starting CPLEX solver on instance: /home/yorig/tuner/mpils-tests/instances/miplib/medium-1/momentum1.mps with config: /scratch/yorig/mpils-results-grid-ticks-10000-7may/medium-1/16proc-1pils/seed-10/6_momentum1_seed-10_20260510_204731/iterated_local_search/run_1_worker_12/ils_config_4730016386558446084.prm
[INFO]:[20:48:01] Starting CPLEX solver on instance: /home/yorig/tuner/mpils-tests/instances/miplib/medium-1/momentum1.mps with config: /scratch/yorig/mpils-results-grid-ticks-10000-7may/medium-1/16proc-1pils/seed-10/6_momentum1_seed-10_20260510_204731/iterated_local_search/run_1_worker_12/ils_config_4730016386558446084.prm
[INFO]:[20:48:07] CPLEX results. Gap: 69.980000, upper bound: 320938.830156, lower bound: 96348.618687
[INFO]:[20:48:07] CPLEX solver finished. Gap: 69.980000
[INFO]:[20:48:07] Starting CPLEX solver on instance: /home/yorig/tuner/mpils-tests/instances/miplib/medium-1/momentum1.mps with config: /scratch/yorig/mpils-results-grid-ticks-10000-7may/medium-1/16proc-1pils/seed-10/6_momentum1_seed-10_20260510_204731/iterated_local_search/run_1_worker_12/ils_config_2295202738515177951.prm
[INFO]:[20:48:07] Starting CPLEX solver on instance: /home/yorig/tuner/mpils-tests/instances/miplib/medium-1/momentum1.mps with config: /scratch/yorig/mpils-results-grid-ticks-10000-7may/medium-1/16proc-1pils/seed-10/6_momentum1_seed-10_20260510_204731/iterated_local_search/run_1_worker_12/ils_config_2295202738515177951.prm
[INFO]:[20:48:13] CPLEX results. Gap: 68.750000, upper bound: 308129.745753, lower bound: 96294.509495
[INFO]:[20:48:13] CPLEX solver finished. Gap: 68.750000
[INFO]:[20:48:13] Starting CPLEX solver on instance: /home/yorig/tuner/mpils-tests/instances/miplib/medium-1/momentum1.mps with config: /scratch/yorig/mpils-results-grid-ticks-10000-7may/medium-1/16proc-1pils/seed-10/6_momentum1_seed-10_20260510_204731/iterated_local_search/run_1_worker_12/ils_config_17660258728594889143.prm
[INFO]:[20:48:13] Starting CPLEX solver on instance: /home/yorig/tuner/mpils-tests/instances/miplib/medium-1/momentum1.mps with config: /scratch/yorig/mpils-results-grid-ticks-10000-7may/medium-1/16proc-1pils/seed-10/6_momentum1_seed-10_20260510_204731/iterated_local_search/run_1_worker_12/ils_config_17660258728594889143.prm
[INFO]:[20:48:19] CPLEX results. Gap: 68.090000, upper bound: 301732.816176, lower bound: 96290.433501
[INFO]:[20:48:19] CPLEX solver finished. Gap: 68.090000
[INFO]:[20:48:19] New incumbent found with objective value: 68.09
[INFO]:[20:48:19] Starting CPLEX solver on instance: /home/yorig/tuner/mpils-tests/instances/miplib/medium-1/momentum1.mps with config: /scratch/yorig/mpils-results-grid-ticks-10000-7may/medium-1/16proc-1pils/seed-10/6_momentum1_seed-10_20260510_204731/iterated_local_search/run_1_worker_12/ils_config_5714926836867484671.prm
[INFO]:[20:48:19] Starting CPLEX solver on instance: /home/yorig/tuner/mpils-tests/instances/miplib/medium-1/momentum1.mps with config: /scratch/yorig/mpils-results-grid-ticks-10000-7may/medium-1/16proc-1pils/seed-10/6_momentum1_seed-10_20260510_204731/iterated_local_search/run_1_worker_12/ils_config_5714926836867484671.prm
[INFO]:[20:48:24] CPLEX results. Gap: 68.090000, upper bound: 301732.816176, lower bound: 96290.433501
[INFO]:[20:48:24] CPLEX solver finished. Gap: 68.090000
[INFO]:[20:48:24] Starting CPLEX solver on instance: /home/yorig/tuner/mpils-tests/instances/miplib/medium-1/momentum1.mps with config: /scratch/yorig/mpils-results-grid-ticks-10000-7may/medium-1/16proc-1pils/seed-10/6_momentum1_seed-10_20260510_204731/iterated_local_search/run_1_worker_12/ils_config_14283185120837558370.prm
[INFO]:[20:48:24] Starting CPLEX solver on instance: /home/yorig/tuner/mpils-tests/instances/miplib/medium-1/momentum1.mps with config: /scratch/yorig/mpils-results-grid-ticks-10000-7may/medium-1/16proc-1pils/seed-10/6_momentum1_seed-10_20260510_204731/iterated_local_search/run_1_worker_12/ils_config_14283185120837558370.prm
[INFO]:[20:48:30] CPLEX results. Gap: 68.090000, upper bound: 301732.816176, lower bound: 96290.433501
[INFO]:[20:48:30] CPLEX solver finished. Gap: 68.090000
[INFO]:[20:48:30] Starting CPLEX solver on instance: /home/yorig/tuner/mpils-tests/instances/miplib/medium-1/momentum1.mps with config: /scratch/yorig/mpils-results-grid-ticks-10000-7may/medium-1/16proc-1pils/seed-10/6_momentum1_seed-10_20260510_204731/iterated_local_search/run_1_worker_12/ils_config_3684568982773249009.prm
[INFO]:[20:48:30] Starting CPLEX solver on instance: /home/yorig/tuner/mpils-tests/instances/miplib/medium-1/momentum1.mps with config: /scratch/yorig/mpils-results-grid-ticks-10000-7may/medium-1/16proc-1pils/seed-10/6_momentum1_seed-10_20260510_204731/iterated_local_search/run_1_worker_12/ils_config_3684568982773249009.prm
[INFO]:[20:48:36] CPLEX results. Gap: 68.750000, upper bound: 308145.311849, lower bound: 96295.302864
[INFO]:[20:48:36] CPLEX solver finished. Gap: 68.750000
[INFO]:[20:48:36] Starting CPLEX solver on instance: /home/yorig/tuner/mpils-tests/instances/miplib/medium-1/momentum1.mps with config: /scratch/yorig/mpils-results-grid-ticks-10000-7may/medium-1/16proc-1pils/seed-10/6_momentum1_seed-10_20260510_204731/iterated_local_search/run_1_worker_12/ils_config_17865251164866987703.prm
[INFO]:[20:48:36] Starting CPLEX solver on instance: /home/yorig/tuner/mpils-tests/instances/miplib/medium-1/momentum1.mps with config: /scratch/yorig/mpils-results-grid-ticks-10000-7may/medium-1/16proc-1pils/seed-10/6_momentum1_seed-10_20260510_204731/iterated_local_search/run_1_worker_12/ils_config_17865251164866987703.prm
[INFO]:[20:48:42] CPLEX results. Gap: 68.750000, upper bound: 308115.791883, lower bound: 96284.891750
[INFO]:[20:48:42] CPLEX solver finished. Gap: 68.750000
[INFO]:[20:48:42] Starting CPLEX solver on instance: /home/yorig/tuner/mpils-tests/instances/miplib/medium-1/momentum1.mps with config: /scratch/yorig/mpils-results-grid-ticks-10000-7may/medium-1/16proc-1pils/seed-10/6_momentum1_seed-10_20260510_204731/iterated_local_search/run_1_worker_12/ils_config_15725494712969593511.prm
[INFO]:[20:48:42] Starting CPLEX solver on instance: /home/yorig/tuner/mpils-tests/instances/miplib/medium-1/momentum1.mps with config: /scratch/yorig/mpils-results-grid-ticks-10000-7may/medium-1/16proc-1pils/seed-10/6_momentum1_seed-10_20260510_204731/iterated_local_search/run_1_worker_12/ils_config_15725494712969593511.prm
[INFO]:[20:48:48] CPLEX results. Gap: 68.750000, upper bound: 308148.192604, lower bound: 96290.589443
[INFO]:[20:48:48] CPLEX solver finished. Gap: 68.750000
[INFO]:[20:48:48] Starting CPLEX solver on instance: /home/yorig/tuner/mpils-tests/instances/miplib/medium-1/momentum1.mps with config: /scratch/yorig/mpils-results-grid-ticks-10000-7may/medium-1/16proc-1pils/seed-10/6_momentum1_seed-10_20260510_204731/iterated_local_search/run_1_worker_12/ils_config_14999732769677063487.prm
[INFO]:[20:48:48] Starting CPLEX solver on instance: /home/yorig/tuner/mpils-tests/instances/miplib/medium-1/momentum1.mps with config: /scratch/yorig/mpils-results-grid-ticks-10000-7may/medium-1/16proc-1pils/seed-10/6_momentum1_seed-10_20260510_204731/iterated_local_search/run_1_worker_12/ils_config_14999732769677063487.prm
[INFO]:[20:48:53] CPLEX results. Gap: 66.650000, upper bound: 288876.240326, lower bound: 96331.375243
[INFO]:[20:48:53] CPLEX solver finished. Gap: 66.650000
[INFO]:[20:48:53] New incumbent found with objective value: 66.65
[INFO]:[20:48:54] Starting CPLEX solver on instance: /home/yorig/tuner/mpils-tests/instances/miplib/medium-1/momentum1.mps with config: /scratch/yorig/mpils-results-grid-ticks-10000-7may/medium-1/16proc-1pils/seed-10/6_momentum1_seed-10_20260510_204731/iterated_local_search/run_1_worker_12/ils_config_7994887364819308079.prm
[INFO]:[20:48:54] Starting CPLEX solver on instance: /home/yorig/tuner/mpils-tests/instances/miplib/medium-1/momentum1.mps with config: /scratch/yorig/mpils-results-grid-ticks-10000-7may/medium-1/16proc-1pils/seed-10/6_momentum1_seed-10_20260510_204731/iterated_local_search/run_1_worker_12/ils_config_7994887364819308079.prm
[INFO]:[20:48:59] CPLEX results. Gap: 68.070000, upper bound: 301734.127992, lower bound: 96333.306300
[INFO]:[20:48:59] CPLEX solver finished. Gap: 68.070000
[INFO]:[20:48:59] Starting CPLEX solver on instance: /home/yorig/tuner/mpils-tests/instances/miplib/medium-1/momentum1.mps with config: /scratch/yorig/mpils-results-grid-ticks-10000-7may/medium-1/16proc-1pils/seed-10/6_momentum1_seed-10_20260510_204731/iterated_local_search/run_1_worker_12/ils_config_1149413947370786391.prm
[INFO]:[20:48:59] Starting CPLEX solver on instance: /home/yorig/tuner/mpils-tests/instances/miplib/medium-1/momentum1.mps with config: /scratch/yorig/mpils-results-grid-ticks-10000-7may/medium-1/16proc-1pils/seed-10/6_momentum1_seed-10_20260510_204731/iterated_local_search/run_1_worker_12/ils_config_1149413947370786391.prm
[INFO]:[20:49:05] CPLEX results. Gap: 68.070000, upper bound: 301720.516821, lower bound: 96339.204929
[INFO]:[20:49:05] CPLEX solver finished. Gap: 68.070000
[INFO]:[20:49:05] Starting CPLEX solver on instance: /home/yorig/tuner/mpils-tests/instances/miplib/medium-1/momentum1.mps with config: /scratch/yorig/mpils-results-grid-ticks-10000-7may/medium-1/16proc-1pils/seed-10/6_momentum1_seed-10_20260510_204731/iterated_local_search/run_1_worker_12/ils_config_9901162842027733554.prm
[INFO]:[20:49:05] Starting CPLEX solver on instance: /home/yorig/tuner/mpils-tests/instances/miplib/medium-1/momentum1.mps with config: /scratch/yorig/mpils-results-grid-ticks-10000-7may/medium-1/16proc-1pils/seed-10/6_momentum1_seed-10_20260510_204731/iterated_local_search/run_1_worker_12/ils_config_9901162842027733554.prm
[INFO]:[20:49:11] CPLEX results. Gap: 68.070000, upper bound: 301734.127992, lower bound: 96333.306300
[INFO]:[20:49:11] CPLEX solver finished. Gap: 68.070000
[INFO]:[20:49:11] Starting CPLEX solver on instance: /home/yorig/tuner/mpils-tests/instances/miplib/medium-1/momentum1.mps with config: /scratch/yorig/mpils-results-grid-ticks-10000-7may/medium-1/16proc-1pils/seed-10/6_momentum1_seed-10_20260510_204731/iterated_local_search/run_1_worker_12/ils_config_11434934932922411716.prm
[INFO]:[20:49:11] Starting CPLEX solver on instance: /home/yorig/tuner/mpils-tests/instances/miplib/medium-1/momentum1.mps with config: /scratch/yorig/mpils-results-grid-ticks-10000-7may/medium-1/16proc-1pils/seed-10/6_momentum1_seed-10_20260510_204731/iterated_local_search/run_1_worker_12/ils_config_11434934932922411716.prm
[INFO]:[20:49:17] CPLEX results. Gap: 66.650000, upper bound: 288876.240326, lower bound: 96331.375243
[INFO]:[20:49:17] CPLEX solver finished. Gap: 66.650000
[INFO]:[20:49:17] Starting CPLEX solver on instance: /home/yorig/tuner/mpils-tests/instances/miplib/medium-1/momentum1.mps with config: /scratch/yorig/mpils-results-grid-ticks-10000-7may/medium-1/16proc-1pils/seed-10/6_momentum1_seed-10_20260510_204731/iterated_local_search/run_1_worker_12/ils_config_4260377492264787166.prm
[INFO]:[20:49:17] Starting CPLEX solver on instance: /home/yorig/tuner/mpils-tests/instances/miplib/medium-1/momentum1.mps with config: /scratch/yorig/mpils-results-grid-ticks-10000-7may/medium-1/16proc-1pils/seed-10/6_momentum1_seed-10_20260510_204731/iterated_local_search/run_1_worker_12/ils_config_4260377492264787166.prm
[INFO]:[20:49:23] CPLEX results. Gap: 68.740000, upper bound: 308139.662545, lower bound: 96333.797055
[INFO]:[20:49:23] CPLEX solver finished. Gap: 68.740000
[INFO]:[20:49:23] Starting CPLEX solver on instance: /home/yorig/tuner/mpils-tests/instances/miplib/medium-1/momentum1.mps with config: /scratch/yorig/mpils-results-grid-ticks-10000-7may/medium-1/16proc-1pils/seed-10/6_momentum1_seed-10_20260510_204731/iterated_local_search/run_1_worker_12/ils_config_1697870395664932650.prm
[INFO]:[20:49:23] Starting CPLEX solver on instance: /home/yorig/tuner/mpils-tests/instances/miplib/medium-1/momentum1.mps with config: /scratch/yorig/mpils-results-grid-ticks-10000-7may/medium-1/16proc-1pils/seed-10/6_momentum1_seed-10_20260510_204731/iterated_local_search/run_1_worker_12/ils_config_1697870395664932650.prm
[INFO]:[20:49:29] CPLEX results. Gap: 67.400000, upper bound: 295337.433237, lower bound: 96285.145956
[INFO]:[20:49:29] CPLEX solver finished. Gap: 67.400000
[INFO]:[20:49:29] Local search phase completed.
[INFO]:[20:49:29] Total number of new local-search evaluations: 20
[INFO]:[20:49:29] Final incumbent objective value: 66.65
[INFO]:[20:49:47] Worker 12 completed exploration phase.
[INFO]:[20:49:47] Worker 12 received order for step 2.
[INFO]:[20:49:47] Worker 12 running expansion phase for iteration 1.
[INFO]:[20:49:47] Worker 12 will use solver log file: /scratch/yorig/mpils-results-grid-ticks-10000-7may/medium-1/16proc-1pils/seed-10/6_momentum1_seed-10_20260510_204731/solver/cplex.log_iteration_expansion_1_worker_12
[INFO]:[20:49:47] Expansion Worker 12 starting expansion for iteration 1.
[INFO]:[20:49:47] Starting CPLEX solver on instance: /home/yorig/tuner/mpils-tests/instances/miplib/medium-1/momentum1.mps with config: /scratch/yorig/mpils-results-grid-ticks-10000-7may/medium-1/16proc-1pils/seed-10/6_momentum1_seed-10_20260510_204731/expansion/config_param_CPXPARAM_MIP_Strategy_VariableSelect_4_iter_1.prm
[INFO]:[20:49:54] CPLEX results. Gap: 11.790000, upper bound: 109169.494051, lower bound: 96294.515930
[INFO]:[20:49:54] CPLEX solver finished. Gap: 11.790000
[INFO]:[20:49:54] Starting CPLEX solver on instance: /home/yorig/tuner/mpils-tests/instances/miplib/medium-1/momentum1.mps with config: /scratch/yorig/mpils-results-grid-ticks-10000-7may/medium-1/16proc-1pils/seed-10/6_momentum1_seed-10_20260510_204731/expansion/config_param_CPXPARAM_MIP_Limits_ProbeTime_60_iter_1.prm
[INFO]:[20:50:01] CPLEX results. Gap: 44.450000, upper bound: 173324.596636, lower bound: 96283.023146
[INFO]:[20:50:01] CPLEX solver finished. Gap: 44.450000
[INFO]:[20:50:01] Starting CPLEX solver on instance: /home/yorig/tuner/mpils-tests/instances/miplib/medium-1/momentum1.mps with config: /scratch/yorig/mpils-results-grid-ticks-10000-7may/medium-1/16proc-1pils/seed-10/6_momentum1_seed-10_20260510_204731/expansion/config_param_CPXPARAM_MIP_Strategy_BBInterval_10_iter_1.prm
[INFO]:[20:50:07] CPLEX results. Gap: 11.790000, upper bound: 109169.494051, lower bound: 96294.515930
[INFO]:[20:50:07] CPLEX solver finished. Gap: 11.790000
[INFO]:[20:50:14] Expansion Worker 12 completed expansion.
[INFO]:[20:50:14] Worker 12 completed expansion phase.
[INFO]:[20:50:14] Worker 12 received order for step 1.
[INFO]:[20:50:14] Worker 12 running exploration phase for iteration 2.
[INFO]:[20:50:14] Worker 12 at iteration 2 will not use a MIP start file. Current best MIP-start upper bound threshold is 1.79769e+308.
[INFO]:[20:50:14] Starting local search phase...
[INFO]:[20:50:14] Creating local search space from parameter space file: /scratch/yorig/mpils-results-grid-ticks-10000-7may/medium-1/16proc-1pils/seed-10/6_momentum1_seed-10_20260510_204731/iterated_local_search/search_space/search_space_file_2_worker_12.txt
[INFO]:[20:50:14] Local search space loaded from file: /scratch/yorig/mpils-results-grid-ticks-10000-7may/medium-1/16proc-1pils/seed-10/6_momentum1_seed-10_20260510_204731/iterated_local_search/search_space/search_space_file_2_worker_12.txt
[INFO]:[20:50:14] Number of parameters in local search space: 71
[INFO]:[20:50:14] Number of forbidden tuples in local search space: 26
[INFO]:[20:50:14] Number of conditionals in local search space: 6
[INFO]:[20:50:14] MIP start option not enabled. Local search will proceed without MIP start.
[INFO]:[20:50:14] Evaluating initial configuration for local search phase...
[INFO]:[20:50:14] Starting CPLEX solver on instance: /home/yorig/tuner/mpils-tests/instances/miplib/medium-1/momentum1.mps with config: /scratch/yorig/mpils-results-grid-ticks-10000-7may/medium-1/16proc-1pils/seed-10/6_momentum1_seed-10_20260510_204731/iterated_local_search/run_2_worker_12/ils_config_17430826443630221406.prm
[INFO]:[20:50:14] Starting CPLEX solver on instance: /home/yorig/tuner/mpils-tests/instances/miplib/medium-1/momentum1.mps with config: /scratch/yorig/mpils-results-grid-ticks-10000-7may/medium-1/16proc-1pils/seed-10/6_momentum1_seed-10_20260510_204731/iterated_local_search/run_2_worker_12/ils_config_17430826443630221406.prm
[INFO]:[20:50:20] CPLEX results. Gap: 70.600000, upper bound: 327361.897852, lower bound: 96260.722858
[INFO]:[20:50:20] CPLEX solver finished. Gap: 70.600000
[INFO]:[20:50:20] Initial configuration evaluated with objective value: 70.6
[INFO]:[20:50:20] Starting CPLEX solver on instance: /home/yorig/tuner/mpils-tests/instances/miplib/medium-1/momentum1.mps with config: /scratch/yorig/mpils-results-grid-ticks-10000-7may/medium-1/16proc-1pils/seed-10/6_momentum1_seed-10_20260510_204731/iterated_local_search/run_2_worker_12/ils_config_1962764663100913670.prm
[INFO]:[20:50:20] Starting CPLEX solver on instance: /home/yorig/tuner/mpils-tests/instances/miplib/medium-1/momentum1.mps with config: /scratch/yorig/mpils-results-grid-ticks-10000-7may/medium-1/16proc-1pils/seed-10/6_momentum1_seed-10_20260510_204731/iterated_local_search/run_2_worker_12/ils_config_1962764663100913670.prm
[INFO]:[20:50:25] CPLEX results. Gap: 68.090000, upper bound: 301707.669650, lower bound: 96260.708951
[INFO]:[20:50:25] CPLEX solver finished. Gap: 68.090000
[INFO]:[20:50:25] New incumbent found with objective value: 68.09
[INFO]:[20:50:25] Starting CPLEX solver on instance: /home/yorig/tuner/mpils-tests/instances/miplib/medium-1/momentum1.mps with config: /scratch/yorig/mpils-results-grid-ticks-10000-7may/medium-1/16proc-1pils/seed-10/6_momentum1_seed-10_20260510_204731/iterated_local_search/run_2_worker_12/ils_config_4613511412197166253.prm
[INFO]:[20:50:25] Starting CPLEX solver on instance: /home/yorig/tuner/mpils-tests/instances/miplib/medium-1/momentum1.mps with config: /scratch/yorig/mpils-results-grid-ticks-10000-7may/medium-1/16proc-1pils/seed-10/6_momentum1_seed-10_20260510_204731/iterated_local_search/run_2_worker_12/ils_config_4613511412197166253.prm
[INFO]:[20:50:30] CPLEX results. Gap: 68.090000, upper bound: 301707.669650, lower bound: 96260.708951
[INFO]:[20:50:30] CPLEX solver finished. Gap: 68.090000
[INFO]:[20:50:30] Starting CPLEX solver on instance: /home/yorig/tuner/mpils-tests/instances/miplib/medium-1/momentum1.mps with config: /scratch/yorig/mpils-results-grid-ticks-10000-7may/medium-1/16proc-1pils/seed-10/6_momentum1_seed-10_20260510_204731/iterated_local_search/run_2_worker_12/ils_config_10550870532111681976.prm
[INFO]:[20:50:30] Starting CPLEX solver on instance: /home/yorig/tuner/mpils-tests/instances/miplib/medium-1/momentum1.mps with config: /scratch/yorig/mpils-results-grid-ticks-10000-7may/medium-1/16proc-1pils/seed-10/6_momentum1_seed-10_20260510_204731/iterated_local_search/run_2_worker_12/ils_config_10550870532111681976.prm
[INFO]:[20:50:36] CPLEX results. Gap: 68.090000, upper bound: 301707.669650, lower bound: 96260.708951
[INFO]:[20:50:36] CPLEX solver finished. Gap: 68.090000
[INFO]:[20:50:36] Starting CPLEX solver on instance: /home/yorig/tuner/mpils-tests/instances/miplib/medium-1/momentum1.mps with config: /scratch/yorig/mpils-results-grid-ticks-10000-7may/medium-1/16proc-1pils/seed-10/6_momentum1_seed-10_20260510_204731/iterated_local_search/run_2_worker_12/ils_config_7273765212080900933.prm
[INFO]:[20:50:36] Starting CPLEX solver on instance: /home/yorig/tuner/mpils-tests/instances/miplib/medium-1/momentum1.mps with config: /scratch/yorig/mpils-results-grid-ticks-10000-7may/medium-1/16proc-1pils/seed-10/6_momentum1_seed-10_20260510_204731/iterated_local_search/run_2_worker_12/ils_config_7273765212080900933.prm
[INFO]:[20:50:41] CPLEX results. Gap: 70.600000, upper bound: 327361.897852, lower bound: 96260.722858
[INFO]:[20:50:41] CPLEX solver finished. Gap: 70.600000
[INFO]:[20:50:41] Starting CPLEX solver on instance: /home/yorig/tuner/mpils-tests/instances/miplib/medium-1/momentum1.mps with config: /scratch/yorig/mpils-results-grid-ticks-10000-7may/medium-1/16proc-1pils/seed-10/6_momentum1_seed-10_20260510_204731/iterated_local_search/run_2_worker_12/ils_config_16888157096430181900.prm
[INFO]:[20:50:41] Starting CPLEX solver on instance: /home/yorig/tuner/mpils-tests/instances/miplib/medium-1/momentum1.mps with config: /scratch/yorig/mpils-results-grid-ticks-10000-7may/medium-1/16proc-1pils/seed-10/6_momentum1_seed-10_20260510_204731/iterated_local_search/run_2_worker_12/ils_config_16888157096430181900.prm
[INFO]:[20:50:47] CPLEX results. Gap: 68.760000, upper bound: 308122.228225, lower bound: 96260.411152
[INFO]:[20:50:47] CPLEX solver finished. Gap: 68.760000
[INFO]:[20:50:47] Starting CPLEX solver on instance: /home/yorig/tuner/mpils-tests/instances/miplib/medium-1/momentum1.mps with config: /scratch/yorig/mpils-results-grid-ticks-10000-7may/medium-1/16proc-1pils/seed-10/6_momentum1_seed-10_20260510_204731/iterated_local_search/run_2_worker_12/ils_config_2305165502955074151.prm
[INFO]:[20:50:47] Starting CPLEX solver on instance: /home/yorig/tuner/mpils-tests/instances/miplib/medium-1/momentum1.mps with config: /scratch/yorig/mpils-results-grid-ticks-10000-7may/medium-1/16proc-1pils/seed-10/6_momentum1_seed-10_20260510_204731/iterated_local_search/run_2_worker_12/ils_config_2305165502955074151.prm
[INFO]:[20:50:52] CPLEX results. Gap: 68.090000, upper bound: 301707.669650, lower bound: 96260.708951
[INFO]:[20:50:52] CPLEX solver finished. Gap: 68.090000
[INFO]:[20:50:52] Starting CPLEX solver on instance: /home/yorig/tuner/mpils-tests/instances/miplib/medium-1/momentum1.mps with config: /scratch/yorig/mpils-results-grid-ticks-10000-7may/medium-1/16proc-1pils/seed-10/6_momentum1_seed-10_20260510_204731/iterated_local_search/run_2_worker_12/ils_config_1285971120231247765.prm
[INFO]:[20:50:52] Starting CPLEX solver on instance: /home/yorig/tuner/mpils-tests/instances/miplib/medium-1/momentum1.mps with config: /scratch/yorig/mpils-results-grid-ticks-10000-7may/medium-1/16proc-1pils/seed-10/6_momentum1_seed-10_20260510_204731/iterated_local_search/run_2_worker_12/ils_config_1285971120231247765.prm
[INFO]:[20:50:57] CPLEX results. Gap: 69.390000, upper bound: 314564.037403, lower bound: 96281.749738
[INFO]:[20:50:57] CPLEX solver finished. Gap: 69.390000
[INFO]:[20:50:57] Starting CPLEX solver on instance: /home/yorig/tuner/mpils-tests/instances/miplib/medium-1/momentum1.mps with config: /scratch/yorig/mpils-results-grid-ticks-10000-7may/medium-1/16proc-1pils/seed-10/6_momentum1_seed-10_20260510_204731/iterated_local_search/run_2_worker_12/ils_config_154965761354069238.prm
[INFO]:[20:50:57] Starting CPLEX solver on instance: /home/yorig/tuner/mpils-tests/instances/miplib/medium-1/momentum1.mps with config: /scratch/yorig/mpils-results-grid-ticks-10000-7may/medium-1/16proc-1pils/seed-10/6_momentum1_seed-10_20260510_204731/iterated_local_search/run_2_worker_12/ils_config_154965761354069238.prm
[INFO]:[20:51:03] CPLEX results. Gap: 68.760000, upper bound: 308145.496890, lower bound: 96259.748015
[INFO]:[20:51:03] CPLEX solver finished. Gap: 68.760000
[INFO]:[20:51:03] Local search phase completed.
[INFO]:[20:51:03] Total number of new local-search evaluations: 9
[INFO]:[20:51:03] Final incumbent objective value: 68.09
[INFO]:[20:51:18] Worker 12 completed exploration phase.
[INFO]:[20:51:18] Worker 12 received order for step 2.
[INFO]:[20:51:18] Worker 12 running expansion phase for iteration 2.
[INFO]:[20:51:18] Worker 12 will use solver log file: /scratch/yorig/mpils-results-grid-ticks-10000-7may/medium-1/16proc-1pils/seed-10/6_momentum1_seed-10_20260510_204731/solver/cplex.log_iteration_expansion_2_worker_12
[INFO]:[20:51:18] Expansion Worker 12 starting expansion for iteration 2.
[INFO]:[20:51:18] Starting CPLEX solver on instance: /home/yorig/tuner/mpils-tests/instances/miplib/medium-1/momentum1.mps with config: /scratch/yorig/mpils-results-grid-ticks-10000-7may/medium-1/16proc-1pils/seed-10/6_momentum1_seed-10_20260510_204731/expansion/config_param_CPXPARAM_Preprocessing_Dual_-1_iter_2.prm
[INFO]:[20:51:25] CPLEX results. Gap: 11.790000, upper bound: 109169.494051, lower bound: 96294.515930
[INFO]:[20:51:25] CPLEX solver finished. Gap: 11.790000
[INFO]:[20:51:28] Starting CPLEX solver on instance: /home/yorig/tuner/mpils-tests/instances/miplib/medium-1/momentum1.mps with config: /scratch/yorig/mpils-results-grid-ticks-10000-7may/medium-1/16proc-1pils/seed-10/6_momentum1_seed-10_20260510_204731/expansion/config_param_CPXPARAM_MIP_Strategy_SubAlgorithm_2_iter_2.prm
[INFO]:[20:51:35] CPLEX results. Gap: 11.790000, upper bound: 109169.494051, lower bound: 96294.515930
[INFO]:[20:51:35] CPLEX solver finished. Gap: 11.790000
[INFO]:[20:51:43] Expansion Worker 12 completed expansion.
[INFO]:[20:51:43] Worker 12 completed expansion phase.
[INFO]:[20:51:43] Worker 12 received order for step 1.
[INFO]:[20:51:43] Worker 12 running exploration phase for iteration 3.
[INFO]:[20:51:43] Worker 12 at iteration 3 will not use a MIP start file. Current best MIP-start upper bound threshold is 1.79769e+308.
[INFO]:[20:51:43] Starting local search phase...
[INFO]:[20:51:43] Creating local search space from parameter space file: /scratch/yorig/mpils-results-grid-ticks-10000-7may/medium-1/16proc-1pils/seed-10/6_momentum1_seed-10_20260510_204731/iterated_local_search/search_space/search_space_file_3_worker_12.txt
[INFO]:[20:51:43] Local search space loaded from file: /scratch/yorig/mpils-results-grid-ticks-10000-7may/medium-1/16proc-1pils/seed-10/6_momentum1_seed-10_20260510_204731/iterated_local_search/search_space/search_space_file_3_worker_12.txt
[INFO]:[20:51:43] Number of parameters in local search space: 71
[INFO]:[20:51:43] Number of forbidden tuples in local search space: 25
[INFO]:[20:51:43] Number of conditionals in local search space: 6
[INFO]:[20:51:43] MIP start option not enabled. Local search will proceed without MIP start.
[INFO]:[20:51:43] Evaluating initial configuration for local search phase...
[INFO]:[20:51:43] Starting CPLEX solver on instance: /home/yorig/tuner/mpils-tests/instances/miplib/medium-1/momentum1.mps with config: /scratch/yorig/mpils-results-grid-ticks-10000-7may/medium-1/16proc-1pils/seed-10/6_momentum1_seed-10_20260510_204731/iterated_local_search/run_3_worker_12/ils_config_2350322140633232548.prm
[INFO]:[20:51:43] Starting CPLEX solver on instance: /home/yorig/tuner/mpils-tests/instances/miplib/medium-1/momentum1.mps with config: /scratch/yorig/mpils-results-grid-ticks-10000-7may/medium-1/16proc-1pils/seed-10/6_momentum1_seed-10_20260510_204731/iterated_local_search/run_3_worker_12/ils_config_2350322140633232548.prm
[INFO]:[20:51:49] CPLEX results. Gap: 31.860000, upper bound: 141286.709458, lower bound: 96279.362866
[INFO]:[20:51:49] CPLEX solver finished. Gap: 31.860000
[INFO]:[20:51:49] Initial configuration evaluated with objective value: 31.86
[INFO]:[20:51:49] Starting CPLEX solver on instance: /home/yorig/tuner/mpils-tests/instances/miplib/medium-1/momentum1.mps with config: /scratch/yorig/mpils-results-grid-ticks-10000-7may/medium-1/16proc-1pils/seed-10/6_momentum1_seed-10_20260510_204731/iterated_local_search/run_3_worker_12/ils_config_7540146357684009088.prm
[INFO]:[20:51:49] Starting CPLEX solver on instance: /home/yorig/tuner/mpils-tests/instances/miplib/medium-1/momentum1.mps with config: /scratch/yorig/mpils-results-grid-ticks-10000-7may/medium-1/16proc-1pils/seed-10/6_momentum1_seed-10_20260510_204731/iterated_local_search/run_3_worker_12/ils_config_7540146357684009088.prm
[INFO]:[20:51:56] CPLEX results. Gap: 68.760000, upper bound: 308144.412649, lower bound: 96266.650323
[INFO]:[20:51:56] CPLEX solver finished. Gap: 68.760000
[INFO]:[20:51:56] Starting CPLEX solver on instance: /home/yorig/tuner/mpils-tests/instances/miplib/medium-1/momentum1.mps with config: /scratch/yorig/mpils-results-grid-ticks-10000-7may/medium-1/16proc-1pils/seed-10/6_momentum1_seed-10_20260510_204731/iterated_local_search/run_3_worker_12/ils_config_13634922054618980215.prm
[INFO]:[20:51:56] Starting CPLEX solver on instance: /home/yorig/tuner/mpils-tests/instances/miplib/medium-1/momentum1.mps with config: /scratch/yorig/mpils-results-grid-ticks-10000-7may/medium-1/16proc-1pils/seed-10/6_momentum1_seed-10_20260510_204731/iterated_local_search/run_3_worker_12/ils_config_13634922054618980215.prm
[INFO]:[20:52:02] CPLEX results. Gap: 31.860000, upper bound: 141286.709458, lower bound: 96279.362866
[INFO]:[20:52:02] CPLEX solver finished. Gap: 31.860000
[INFO]:[20:52:02] Starting CPLEX solver on instance: /home/yorig/tuner/mpils-tests/instances/miplib/medium-1/momentum1.mps with config: /scratch/yorig/mpils-results-grid-ticks-10000-7may/medium-1/16proc-1pils/seed-10/6_momentum1_seed-10_20260510_204731/iterated_local_search/run_3_worker_12/ils_config_7920598479930101901.prm
[INFO]:[20:52:02] Starting CPLEX solver on instance: /home/yorig/tuner/mpils-tests/instances/miplib/medium-1/momentum1.mps with config: /scratch/yorig/mpils-results-grid-ticks-10000-7may/medium-1/16proc-1pils/seed-10/6_momentum1_seed-10_20260510_204731/iterated_local_search/run_3_worker_12/ils_config_7920598479930101901.prm
[INFO]:[20:52:08] CPLEX results. Gap: 31.860000, upper bound: 141286.709458, lower bound: 96279.362866
[INFO]:[20:52:08] CPLEX solver finished. Gap: 31.860000
[INFO]:[20:52:08] Starting CPLEX solver on instance: /home/yorig/tuner/mpils-tests/instances/miplib/medium-1/momentum1.mps with config: /scratch/yorig/mpils-results-grid-ticks-10000-7may/medium-1/16proc-1pils/seed-10/6_momentum1_seed-10_20260510_204731/iterated_local_search/run_3_worker_12/ils_config_1874068429031542929.prm
[INFO]:[20:52:08] Starting CPLEX solver on instance: /home/yorig/tuner/mpils-tests/instances/miplib/medium-1/momentum1.mps with config: /scratch/yorig/mpils-results-grid-ticks-10000-7may/medium-1/16proc-1pils/seed-10/6_momentum1_seed-10_20260510_204731/iterated_local_search/run_3_worker_12/ils_config_1874068429031542929.prm
[INFO]:[20:52:14] CPLEX results. Gap: 31.860000, upper bound: 141286.709458, lower bound: 96279.362866
[INFO]:[20:52:14] CPLEX solver finished. Gap: 31.860000
[INFO]:[20:52:14] Local search phase completed.
[INFO]:[20:52:14] Total number of new local-search evaluations: 5
[INFO]:[20:52:14] Final incumbent objective value: 31.86
[INFO]:[20:52:19] Worker 12 completed exploration phase.
[INFO]:[20:52:19] Worker 12 received order for step 2.
[INFO]:[20:52:19] Worker 12 running expansion phase for iteration 3.
[INFO]:[20:52:19] Worker 12 will use solver log file: /scratch/yorig/mpils-results-grid-ticks-10000-7may/medium-1/16proc-1pils/seed-10/6_momentum1_seed-10_20260510_204731/solver/cplex.log_iteration_expansion_3_worker_12
[INFO]:[20:52:19] Expansion Worker 12 starting expansion for iteration 3.
[INFO]:[20:52:19] Starting CPLEX solver on instance: /home/yorig/tuner/mpils-tests/instances/miplib/medium-1/momentum1.mps with config: /scratch/yorig/mpils-results-grid-ticks-10000-7may/medium-1/16proc-1pils/seed-10/6_momentum1_seed-10_20260510_204731/expansion/config_param_CPXPARAM_Preprocessing_Fill_2_iter_3.prm
[INFO]:[20:52:26] CPLEX results. Gap: 31.830000, upper bound: 141240.955388, lower bound: 96283.473413
[INFO]:[20:52:26] CPLEX solver finished. Gap: 31.830000
[INFO]:[20:52:26] Starting CPLEX solver on instance: /home/yorig/tuner/mpils-tests/instances/miplib/medium-1/momentum1.mps with config: /scratch/yorig/mpils-results-grid-ticks-10000-7may/medium-1/16proc-1pils/seed-10/6_momentum1_seed-10_20260510_204731/expansion/config_param_CPXPARAM_Preprocessing_CoeffReduce_2_iter_3.prm
[INFO]:[20:52:32] CPLEX results. Gap: 11.790000, upper bound: 109169.494051, lower bound: 96294.515930
[INFO]:[20:52:32] CPLEX solver finished. Gap: 11.790000
[INFO]:[20:52:32] Expansion Worker 12 completed expansion.
[INFO]:[20:52:32] Worker 12 completed expansion phase.
[INFO]:[20:52:32] Worker 12 received order for step 1.
[INFO]:[20:52:32] Worker 12 running exploration phase for iteration 4.
[INFO]:[20:52:32] Worker 12 at iteration 4 will not use a MIP start file. Current best MIP-start upper bound threshold is 1.79769e+308.
[INFO]:[20:52:32] Starting local search phase...
[INFO]:[20:52:32] Creating local search space from parameter space file: /scratch/yorig/mpils-results-grid-ticks-10000-7may/medium-1/16proc-1pils/seed-10/6_momentum1_seed-10_20260510_204731/iterated_local_search/search_space/search_space_file_4_worker_12.txt
[INFO]:[20:52:32] Local search space loaded from file: /scratch/yorig/mpils-results-grid-ticks-10000-7may/medium-1/16proc-1pils/seed-10/6_momentum1_seed-10_20260510_204731/iterated_local_search/search_space/search_space_file_4_worker_12.txt
[INFO]:[20:52:32] Number of parameters in local search space: 71
[INFO]:[20:52:32] Number of forbidden tuples in local search space: 26
[INFO]:[20:52:32] Number of conditionals in local search space: 6
[INFO]:[20:52:32] MIP start option not enabled. Local search will proceed without MIP start.
[INFO]:[20:52:32] Evaluating initial configuration for local search phase...
[INFO]:[20:52:32] Starting CPLEX solver on instance: /home/yorig/tuner/mpils-tests/instances/miplib/medium-1/momentum1.mps with config: /scratch/yorig/mpils-results-grid-ticks-10000-7may/medium-1/16proc-1pils/seed-10/6_momentum1_seed-10_20260510_204731/iterated_local_search/run_4_worker_12/ils_config_1541122802675564213.prm
[INFO]:[20:52:32] Starting CPLEX solver on instance: /home/yorig/tuner/mpils-tests/instances/miplib/medium-1/momentum1.mps with config: /scratch/yorig/mpils-results-grid-ticks-10000-7may/medium-1/16proc-1pils/seed-10/6_momentum1_seed-10_20260510_204731/iterated_local_search/run_4_worker_12/ils_config_1541122802675564213.prm
[INFO]:[20:52:39] CPLEX results. Gap: 70.950000, upper bound: 320962.335399, lower bound: 93237.579322
[INFO]:[20:52:39] CPLEX solver finished. Gap: 70.950000
[INFO]:[20:52:39] Initial configuration evaluated with objective value: 70.95
[INFO]:[20:52:39] Starting CPLEX solver on instance: /home/yorig/tuner/mpils-tests/instances/miplib/medium-1/momentum1.mps with config: /scratch/yorig/mpils-results-grid-ticks-10000-7may/medium-1/16proc-1pils/seed-10/6_momentum1_seed-10_20260510_204731/iterated_local_search/run_4_worker_12/ils_config_4071856635045172861.prm
[INFO]:[20:52:39] Starting CPLEX solver on instance: /home/yorig/tuner/mpils-tests/instances/miplib/medium-1/momentum1.mps with config: /scratch/yorig/mpils-results-grid-ticks-10000-7may/medium-1/16proc-1pils/seed-10/6_momentum1_seed-10_20260510_204731/iterated_local_search/run_4_worker_12/ils_config_4071856635045172861.prm
[INFO]:[20:52:46] CPLEX results. Gap: 70.010000, upper bound: 320962.335399, lower bound: 96258.789608
[INFO]:[20:52:46] CPLEX solver finished. Gap: 70.010000
[INFO]:[20:52:46] New incumbent found with objective value: 70.01
[INFO]:[20:52:46] Starting CPLEX solver on instance: /home/yorig/tuner/mpils-tests/instances/miplib/medium-1/momentum1.mps with config: /scratch/yorig/mpils-results-grid-ticks-10000-7may/medium-1/16proc-1pils/seed-10/6_momentum1_seed-10_20260510_204731/iterated_local_search/run_4_worker_12/ils_config_13606873195454116417.prm
[INFO]:[20:52:46] Starting CPLEX solver on instance: /home/yorig/tuner/mpils-tests/instances/miplib/medium-1/momentum1.mps with config: /scratch/yorig/mpils-results-grid-ticks-10000-7may/medium-1/16proc-1pils/seed-10/6_momentum1_seed-10_20260510_204731/iterated_local_search/run_4_worker_12/ils_config_13606873195454116417.prm
[INFO]:[20:52:53] CPLEX results. Gap: 70.010000, upper bound: 320962.335399, lower bound: 96258.789608
[INFO]:[20:52:53] CPLEX solver finished. Gap: 70.010000
[INFO]:[20:52:53] Starting CPLEX solver on instance: /home/yorig/tuner/mpils-tests/instances/miplib/medium-1/momentum1.mps with config: /scratch/yorig/mpils-results-grid-ticks-10000-7may/medium-1/16proc-1pils/seed-10/6_momentum1_seed-10_20260510_204731/iterated_local_search/run_4_worker_12/ils_config_11656229810889472032.prm
[INFO]:[20:52:53] Starting CPLEX solver on instance: /home/yorig/tuner/mpils-tests/instances/miplib/medium-1/momentum1.mps with config: /scratch/yorig/mpils-results-grid-ticks-10000-7may/medium-1/16proc-1pils/seed-10/6_momentum1_seed-10_20260510_204731/iterated_local_search/run_4_worker_12/ils_config_11656229810889472032.prm
[INFO]:[20:53:00] CPLEX results. Gap: 70.010000, upper bound: 320962.335399, lower bound: 96258.592436
[INFO]:[20:53:00] CPLEX solver finished. Gap: 70.010000
[INFO]:[20:53:00] Starting CPLEX solver on instance: /home/yorig/tuner/mpils-tests/instances/miplib/medium-1/momentum1.mps with config: /scratch/yorig/mpils-results-grid-ticks-10000-7may/medium-1/16proc-1pils/seed-10/6_momentum1_seed-10_20260510_204731/iterated_local_search/run_4_worker_12/ils_config_11932737055695761229.prm
[INFO]:[20:53:00] Starting CPLEX solver on instance: /home/yorig/tuner/mpils-tests/instances/miplib/medium-1/momentum1.mps with config: /scratch/yorig/mpils-results-grid-ticks-10000-7may/medium-1/16proc-1pils/seed-10/6_momentum1_seed-10_20260510_204731/iterated_local_search/run_4_worker_12/ils_config_11932737055695761229.prm
[INFO]:[20:53:06] CPLEX results. Gap: 79.220000, upper bound: 462628.163365, lower bound: 96133.229897
[INFO]:[20:53:06] CPLEX solver finished. Gap: 79.220000
[INFO]:[20:53:06] Starting CPLEX solver on instance: /home/yorig/tuner/mpils-tests/instances/miplib/medium-1/momentum1.mps with config: /scratch/yorig/mpils-results-grid-ticks-10000-7may/medium-1/16proc-1pils/seed-10/6_momentum1_seed-10_20260510_204731/iterated_local_search/run_4_worker_12/ils_config_14724621526862338256.prm
[INFO]:[20:53:06] Starting CPLEX solver on instance: /home/yorig/tuner/mpils-tests/instances/miplib/medium-1/momentum1.mps with config: /scratch/yorig/mpils-results-grid-ticks-10000-7may/medium-1/16proc-1pils/seed-10/6_momentum1_seed-10_20260510_204731/iterated_local_search/run_4_worker_12/ils_config_14724621526862338256.prm
[INFO]:[20:53:12] CPLEX results. Gap: 69.390000, upper bound: 314506.707095, lower bound: 96259.549954
[INFO]:[20:53:12] CPLEX solver finished. Gap: 69.390000
[INFO]:[20:53:12] New incumbent found with objective value: 69.39
[INFO]:[20:53:12] Starting CPLEX solver on instance: /home/yorig/tuner/mpils-tests/instances/miplib/medium-1/momentum1.mps with config: /scratch/yorig/mpils-results-grid-ticks-10000-7may/medium-1/16proc-1pils/seed-10/6_momentum1_seed-10_20260510_204731/iterated_local_search/run_4_worker_12/ils_config_9629807708885718877.prm
[INFO]:[20:53:12] Starting CPLEX solver on instance: /home/yorig/tuner/mpils-tests/instances/miplib/medium-1/momentum1.mps with config: /scratch/yorig/mpils-results-grid-ticks-10000-7may/medium-1/16proc-1pils/seed-10/6_momentum1_seed-10_20260510_204731/iterated_local_search/run_4_worker_12/ils_config_9629807708885718877.prm
[INFO]:[20:53:19] CPLEX results. Gap: 70.600000, upper bound: 327379.568601, lower bound: 96259.221795
[INFO]:[20:53:19] CPLEX solver finished. Gap: 70.600000
[INFO]:[20:53:19] Starting CPLEX solver on instance: /home/yorig/tuner/mpils-tests/instances/miplib/medium-1/momentum1.mps with config: /scratch/yorig/mpils-results-grid-ticks-10000-7may/medium-1/16proc-1pils/seed-10/6_momentum1_seed-10_20260510_204731/iterated_local_search/run_4_worker_12/ils_config_8251560471633408002.prm
[INFO]:[20:53:19] Starting CPLEX solver on instance: /home/yorig/tuner/mpils-tests/instances/miplib/medium-1/momentum1.mps with config: /scratch/yorig/mpils-results-grid-ticks-10000-7may/medium-1/16proc-1pils/seed-10/6_momentum1_seed-10_20260510_204731/iterated_local_search/run_4_worker_12/ils_config_8251560471633408002.prm
[INFO]:[20:53:25] CPLEX results. Gap: 68.750000, upper bound: 308122.139790, lower bound: 96274.265818
[INFO]:[20:53:25] CPLEX solver finished. Gap: 68.750000
[INFO]:[20:53:25] New incumbent found with objective value: 68.75
[INFO]:[20:53:25] Starting CPLEX solver on instance: /home/yorig/tuner/mpils-tests/instances/miplib/medium-1/momentum1.mps with config: /scratch/yorig/mpils-results-grid-ticks-10000-7may/medium-1/16proc-1pils/seed-10/6_momentum1_seed-10_20260510_204731/iterated_local_search/run_4_worker_12/ils_config_258346114058528852.prm
[INFO]:[20:53:25] Starting CPLEX solver on instance: /home/yorig/tuner/mpils-tests/instances/miplib/medium-1/momentum1.mps with config: /scratch/yorig/mpils-results-grid-ticks-10000-7may/medium-1/16proc-1pils/seed-10/6_momentum1_seed-10_20260510_204731/iterated_local_search/run_4_worker_12/ils_config_258346114058528852.prm
[INFO]:[20:53:31] CPLEX results. Gap: 69.390000, upper bound: 314535.698396, lower bound: 96279.604080
[INFO]:[20:53:31] CPLEX solver finished. Gap: 69.390000
[INFO]:[20:53:31] Starting CPLEX solver on instance: /home/yorig/tuner/mpils-tests/instances/miplib/medium-1/momentum1.mps with config: /scratch/yorig/mpils-results-grid-ticks-10000-7may/medium-1/16proc-1pils/seed-10/6_momentum1_seed-10_20260510_204731/iterated_local_search/run_4_worker_12/ils_config_10032959371002564984.prm
[INFO]:[20:53:31] Starting CPLEX solver on instance: /home/yorig/tuner/mpils-tests/instances/miplib/medium-1/momentum1.mps with config: /scratch/yorig/mpils-results-grid-ticks-10000-7may/medium-1/16proc-1pils/seed-10/6_momentum1_seed-10_20260510_204731/iterated_local_search/run_4_worker_12/ils_config_10032959371002564984.prm
[INFO]:[20:53:38] CPLEX results. Gap: 69.390000, upper bound: 314518.794598, lower bound: 96274.271115
[INFO]:[20:53:38] CPLEX solver finished. Gap: 69.390000
[INFO]:[20:53:38] Starting CPLEX solver on instance: /home/yorig/tuner/mpils-tests/instances/miplib/medium-1/momentum1.mps with config: /scratch/yorig/mpils-results-grid-ticks-10000-7may/medium-1/16proc-1pils/seed-10/6_momentum1_seed-10_20260510_204731/iterated_local_search/run_4_worker_12/ils_config_15721748121884748708.prm
[INFO]:[20:53:38] Starting CPLEX solver on instance: /home/yorig/tuner/mpils-tests/instances/miplib/medium-1/momentum1.mps with config: /scratch/yorig/mpils-results-grid-ticks-10000-7may/medium-1/16proc-1pils/seed-10/6_momentum1_seed-10_20260510_204731/iterated_local_search/run_4_worker_12/ils_config_15721748121884748708.prm
[INFO]:[20:53:44] CPLEX results. Gap: 68.750000, upper bound: 308122.139790, lower bound: 96274.265818
[INFO]:[20:53:44] CPLEX solver finished. Gap: 68.750000
[INFO]:[20:53:44] Starting CPLEX solver on instance: /home/yorig/tuner/mpils-tests/instances/miplib/medium-1/momentum1.mps with config: /scratch/yorig/mpils-results-grid-ticks-10000-7may/medium-1/16proc-1pils/seed-10/6_momentum1_seed-10_20260510_204731/iterated_local_search/run_4_worker_12/ils_config_1528544688956511468.prm
[INFO]:[20:53:44] Starting CPLEX solver on instance: /home/yorig/tuner/mpils-tests/instances/miplib/medium-1/momentum1.mps with config: /scratch/yorig/mpils-results-grid-ticks-10000-7may/medium-1/16proc-1pils/seed-10/6_momentum1_seed-10_20260510_204731/iterated_local_search/run_4_worker_12/ils_config_1528544688956511468.prm
[INFO]:[20:53:50] CPLEX results. Gap: 68.750000, upper bound: 308122.139790, lower bound: 96274.265818
[INFO]:[20:53:50] CPLEX solver finished. Gap: 68.750000
[INFO]:[20:53:50] Starting CPLEX solver on instance: /home/yorig/tuner/mpils-tests/instances/miplib/medium-1/momentum1.mps with config: /scratch/yorig/mpils-results-grid-ticks-10000-7may/medium-1/16proc-1pils/seed-10/6_momentum1_seed-10_20260510_204731/iterated_local_search/run_4_worker_12/ils_config_10645887600877811995.prm
[INFO]:[20:53:50] Starting CPLEX solver on instance: /home/yorig/tuner/mpils-tests/instances/miplib/medium-1/momentum1.mps with config: /scratch/yorig/mpils-results-grid-ticks-10000-7may/medium-1/16proc-1pils/seed-10/6_momentum1_seed-10_20260510_204731/iterated_local_search/run_4_worker_12/ils_config_10645887600877811995.prm
[INFO]:[20:53:56] CPLEX results. Gap: 68.090000, upper bound: 301700.273221, lower bound: 96274.277232
[INFO]:[20:53:56] CPLEX solver finished. Gap: 68.090000
[INFO]:[20:53:56] New incumbent found with objective value: 68.09
[INFO]:[20:53:56] Starting CPLEX solver on instance: /home/yorig/tuner/mpils-tests/instances/miplib/medium-1/momentum1.mps with config: /scratch/yorig/mpils-results-grid-ticks-10000-7may/medium-1/16proc-1pils/seed-10/6_momentum1_seed-10_20260510_204731/iterated_local_search/run_4_worker_12/ils_config_7919907048594285641.prm
[INFO]:[20:53:56] Starting CPLEX solver on instance: /home/yorig/tuner/mpils-tests/instances/miplib/medium-1/momentum1.mps with config: /scratch/yorig/mpils-results-grid-ticks-10000-7may/medium-1/16proc-1pils/seed-10/6_momentum1_seed-10_20260510_204731/iterated_local_search/run_4_worker_12/ils_config_7919907048594285641.prm
[INFO]:[20:54:02] CPLEX results. Gap: 68.750000, upper bound: 308138.123802, lower bound: 96279.614925
[INFO]:[20:54:02] CPLEX solver finished. Gap: 68.750000
[INFO]:[20:54:02] Starting CPLEX solver on instance: /home/yorig/tuner/mpils-tests/instances/miplib/medium-1/momentum1.mps with config: /scratch/yorig/mpils-results-grid-ticks-10000-7may/medium-1/16proc-1pils/seed-10/6_momentum1_seed-10_20260510_204731/iterated_local_search/run_4_worker_12/ils_config_6231550387291651004.prm
[INFO]:[20:54:02] Starting CPLEX solver on instance: /home/yorig/tuner/mpils-tests/instances/miplib/medium-1/momentum1.mps with config: /scratch/yorig/mpils-results-grid-ticks-10000-7may/medium-1/16proc-1pils/seed-10/6_momentum1_seed-10_20260510_204731/iterated_local_search/run_4_worker_12/ils_config_6231550387291651004.prm
[INFO]:[20:54:09] CPLEX results. Gap: 68.750000, upper bound: 308142.321034, lower bound: 96279.604080
[INFO]:[20:54:09] CPLEX solver finished. Gap: 68.750000
[INFO]:[20:54:09] Starting CPLEX solver on instance: /home/yorig/tuner/mpils-tests/instances/miplib/medium-1/momentum1.mps with config: /scratch/yorig/mpils-results-grid-ticks-10000-7may/medium-1/16proc-1pils/seed-10/6_momentum1_seed-10_20260510_204731/iterated_local_search/run_4_worker_12/ils_config_11967249785805037099.prm
[INFO]:[20:54:09] Starting CPLEX solver on instance: /home/yorig/tuner/mpils-tests/instances/miplib/medium-1/momentum1.mps with config: /scratch/yorig/mpils-results-grid-ticks-10000-7may/medium-1/16proc-1pils/seed-10/6_momentum1_seed-10_20260510_204731/iterated_local_search/run_4_worker_12/ils_config_11967249785805037099.prm
[INFO]:[20:54:15] CPLEX results. Gap: 68.090000, upper bound: 301700.273221, lower bound: 96274.277232
[INFO]:[20:54:15] CPLEX solver finished. Gap: 68.090000
[INFO]:[20:54:15] Starting CPLEX solver on instance: /home/yorig/tuner/mpils-tests/instances/miplib/medium-1/momentum1.mps with config: /scratch/yorig/mpils-results-grid-ticks-10000-7may/medium-1/16proc-1pils/seed-10/6_momentum1_seed-10_20260510_204731/iterated_local_search/run_4_worker_12/ils_config_11698708316325298354.prm
[INFO]:[20:54:15] Starting CPLEX solver on instance: /home/yorig/tuner/mpils-tests/instances/miplib/medium-1/momentum1.mps with config: /scratch/yorig/mpils-results-grid-ticks-10000-7may/medium-1/16proc-1pils/seed-10/6_momentum1_seed-10_20260510_204731/iterated_local_search/run_4_worker_12/ils_config_11698708316325298354.prm
[INFO]:[20:54:21] CPLEX results. Gap: 68.090000, upper bound: 301700.273221, lower bound: 96274.277232
[INFO]:[20:54:21] CPLEX solver finished. Gap: 68.090000
[INFO]:[20:54:21] Starting CPLEX solver on instance: /home/yorig/tuner/mpils-tests/instances/miplib/medium-1/momentum1.mps with config: /scratch/yorig/mpils-results-grid-ticks-10000-7may/medium-1/16proc-1pils/seed-10/6_momentum1_seed-10_20260510_204731/iterated_local_search/run_4_worker_12/ils_config_17038707467971725338.prm
[INFO]:[20:54:21] Starting CPLEX solver on instance: /home/yorig/tuner/mpils-tests/instances/miplib/medium-1/momentum1.mps with config: /scratch/yorig/mpils-results-grid-ticks-10000-7may/medium-1/16proc-1pils/seed-10/6_momentum1_seed-10_20260510_204731/iterated_local_search/run_4_worker_12/ils_config_17038707467971725338.prm
[INFO]:[20:54:27] CPLEX results. Gap: 68.090000, upper bound: 301700.273221, lower bound: 96274.277232
[INFO]:[20:54:27] CPLEX solver finished. Gap: 68.090000
[INFO]:[20:54:27] Starting CPLEX solver on instance: /home/yorig/tuner/mpils-tests/instances/miplib/medium-1/momentum1.mps with config: /scratch/yorig/mpils-results-grid-ticks-10000-7may/medium-1/16proc-1pils/seed-10/6_momentum1_seed-10_20260510_204731/iterated_local_search/run_4_worker_12/ils_config_4409104119712635200.prm
[INFO]:[20:54:27] Starting CPLEX solver on instance: /home/yorig/tuner/mpils-tests/instances/miplib/medium-1/momentum1.mps with config: /scratch/yorig/mpils-results-grid-ticks-10000-7may/medium-1/16proc-1pils/seed-10/6_momentum1_seed-10_20260510_204731/iterated_local_search/run_4_worker_12/ils_config_4409104119712635200.prm
[INFO]:[20:54:33] CPLEX results. Gap: 68.090000, upper bound: 301669.107516, lower bound: 96265.465534
[INFO]:[20:54:33] CPLEX solver finished. Gap: 68.090000
[INFO]:[20:54:33] Starting CPLEX solver on instance: /home/yorig/tuner/mpils-tests/instances/miplib/medium-1/momentum1.mps with config: /scratch/yorig/mpils-results-grid-ticks-10000-7may/medium-1/16proc-1pils/seed-10/6_momentum1_seed-10_20260510_204731/iterated_local_search/run_4_worker_12/ils_config_8876619802758208634.prm
[INFO]:[20:54:33] Starting CPLEX solver on instance: /home/yorig/tuner/mpils-tests/instances/miplib/medium-1/momentum1.mps with config: /scratch/yorig/mpils-results-grid-ticks-10000-7may/medium-1/16proc-1pils/seed-10/6_momentum1_seed-10_20260510_204731/iterated_local_search/run_4_worker_12/ils_config_8876619802758208634.prm
[INFO]:[20:54:39] CPLEX results. Gap: 70.000000, upper bound: 320962.282260, lower bound: 96274.271390
[INFO]:[20:54:39] CPLEX solver finished. Gap: 70.000000
[INFO]:[20:54:39] Starting CPLEX solver on instance: /home/yorig/tuner/mpils-tests/instances/miplib/medium-1/momentum1.mps with config: /scratch/yorig/mpils-results-grid-ticks-10000-7may/medium-1/16proc-1pils/seed-10/6_momentum1_seed-10_20260510_204731/iterated_local_search/run_4_worker_12/ils_config_7076554506693741048.prm
[INFO]:[20:54:39] Starting CPLEX solver on instance: /home/yorig/tuner/mpils-tests/instances/miplib/medium-1/momentum1.mps with config: /scratch/yorig/mpils-results-grid-ticks-10000-7may/medium-1/16proc-1pils/seed-10/6_momentum1_seed-10_20260510_204731/iterated_local_search/run_4_worker_12/ils_config_7076554506693741048.prm
[INFO]:[20:54:46] CPLEX results. Gap: 68.090000, upper bound: 301700.273221, lower bound: 96274.277232
[INFO]:[20:54:46] CPLEX solver finished. Gap: 68.090000
[INFO]:[20:54:46] Local search phase completed.
[INFO]:[20:54:46] Total number of new local-search evaluations: 21
[INFO]:[20:54:46] Final incumbent objective value: 68.09
[INFO]:[20:54:56] Worker 12 completed exploration phase.
[INFO]:[20:54:56] Worker 12 received order for step 2.
[INFO]:[20:54:56] Worker 12 running expansion phase for iteration 4.
[INFO]:[20:54:56] Worker 12 will use solver log file: /scratch/yorig/mpils-results-grid-ticks-10000-7may/medium-1/16proc-1pils/seed-10/6_momentum1_seed-10_20260510_204731/solver/cplex.log_iteration_expansion_4_worker_12
[INFO]:[20:54:56] Expansion Worker 12 starting expansion for iteration 4.
[INFO]:[20:54:56] Starting CPLEX solver on instance: /home/yorig/tuner/mpils-tests/instances/miplib/medium-1/momentum1.mps with config: /scratch/yorig/mpils-results-grid-ticks-10000-7may/medium-1/16proc-1pils/seed-10/6_momentum1_seed-10_20260510_204731/expansion/config_param_CPXPARAM_MIP_OrderType_3_iter_4.prm
[INFO]:[20:55:02] CPLEX results. Gap: 11.790000, upper bound: 109169.494051, lower bound: 96294.515930
[INFO]:[20:55:02] CPLEX solver finished. Gap: 11.790000
[INFO]:[20:55:12] Expansion Worker 12 completed expansion.
[INFO]:[20:55:12] Worker 12 completed expansion phase.
[INFO]:[20:55:12] Worker 12 received order for step 1.
[INFO]:[20:55:12] Worker 12 running exploration phase for iteration 5.
[INFO]:[20:55:12] Worker 12 at iteration 5 will not use a MIP start file. Current best MIP-start upper bound threshold is 1.79769e+308.
[INFO]:[20:55:12] Starting local search phase...
[INFO]:[20:55:12] Creating local search space from parameter space file: /scratch/yorig/mpils-results-grid-ticks-10000-7may/medium-1/16proc-1pils/seed-10/6_momentum1_seed-10_20260510_204731/iterated_local_search/search_space/search_space_file_5_worker_12.txt
[INFO]:[20:55:12] Local search space loaded from file: /scratch/yorig/mpils-results-grid-ticks-10000-7may/medium-1/16proc-1pils/seed-10/6_momentum1_seed-10_20260510_204731/iterated_local_search/search_space/search_space_file_5_worker_12.txt
[INFO]:[20:55:12] Number of parameters in local search space: 71
[INFO]:[20:55:12] Number of forbidden tuples in local search space: 26
[INFO]:[20:55:12] Number of conditionals in local search space: 6
[INFO]:[20:55:12] MIP start option not enabled. Local search will proceed without MIP start.
[INFO]:[20:55:12] Evaluating initial configuration for local search phase...
[INFO]:[20:55:12] Starting CPLEX solver on instance: /home/yorig/tuner/mpils-tests/instances/miplib/medium-1/momentum1.mps with config: /scratch/yorig/mpils-results-grid-ticks-10000-7may/medium-1/16proc-1pils/seed-10/6_momentum1_seed-10_20260510_204731/iterated_local_search/run_5_worker_12/ils_config_11094893590887439632.prm
[INFO]:[20:55:12] Starting CPLEX solver on instance: /home/yorig/tuner/mpils-tests/instances/miplib/medium-1/momentum1.mps with config: /scratch/yorig/mpils-results-grid-ticks-10000-7may/medium-1/16proc-1pils/seed-10/6_momentum1_seed-10_20260510_204731/iterated_local_search/run_5_worker_12/ils_config_11094893590887439632.prm
[INFO]:[20:55:18] CPLEX results. Gap: 69.990000, upper bound: 320925.620532, lower bound: 96298.590762
[INFO]:[20:55:18] CPLEX solver finished. Gap: 69.990000
[INFO]:[20:55:18] Initial configuration evaluated with objective value: 69.99
[INFO]:[20:55:18] Starting CPLEX solver on instance: /home/yorig/tuner/mpils-tests/instances/miplib/medium-1/momentum1.mps with config: /scratch/yorig/mpils-results-grid-ticks-10000-7may/medium-1/16proc-1pils/seed-10/6_momentum1_seed-10_20260510_204731/iterated_local_search/run_5_worker_12/ils_config_10940103039461394046.prm
[INFO]:[20:55:18] Starting CPLEX solver on instance: /home/yorig/tuner/mpils-tests/instances/miplib/medium-1/momentum1.mps with config: /scratch/yorig/mpils-results-grid-ticks-10000-7may/medium-1/16proc-1pils/seed-10/6_momentum1_seed-10_20260510_204731/iterated_local_search/run_5_worker_12/ils_config_10940103039461394046.prm
[INFO]:[20:55:24] CPLEX results. Gap: 68.750000, upper bound: 308096.502158, lower bound: 96282.599329
[INFO]:[20:55:24] CPLEX solver finished. Gap: 68.750000
[INFO]:[20:55:24] New incumbent found with objective value: 68.75
[INFO]:[20:55:24] Starting CPLEX solver on instance: /home/yorig/tuner/mpils-tests/instances/miplib/medium-1/momentum1.mps with config: /scratch/yorig/mpils-results-grid-ticks-10000-7may/medium-1/16proc-1pils/seed-10/6_momentum1_seed-10_20260510_204731/iterated_local_search/run_5_worker_12/ils_config_14331157196492109857.prm
[INFO]:[20:55:24] Starting CPLEX solver on instance: /home/yorig/tuner/mpils-tests/instances/miplib/medium-1/momentum1.mps with config: /scratch/yorig/mpils-results-grid-ticks-10000-7may/medium-1/16proc-1pils/seed-10/6_momentum1_seed-10_20260510_204731/iterated_local_search/run_5_worker_12/ils_config_14331157196492109857.prm
[INFO]:[20:55:30] CPLEX results. Gap: 68.750000, upper bound: 308096.502158, lower bound: 96282.599329
[INFO]:[20:55:30] CPLEX solver finished. Gap: 68.750000
[INFO]:[20:55:30] Starting CPLEX solver on instance: /home/yorig/tuner/mpils-tests/instances/miplib/medium-1/momentum1.mps with config: /scratch/yorig/mpils-results-grid-ticks-10000-7may/medium-1/16proc-1pils/seed-10/6_momentum1_seed-10_20260510_204731/iterated_local_search/run_5_worker_12/ils_config_1094834846303683904.prm
[INFO]:[20:55:30] Starting CPLEX solver on instance: /home/yorig/tuner/mpils-tests/instances/miplib/medium-1/momentum1.mps with config: /scratch/yorig/mpils-results-grid-ticks-10000-7may/medium-1/16proc-1pils/seed-10/6_momentum1_seed-10_20260510_204731/iterated_local_search/run_5_worker_12/ils_config_1094834846303683904.prm
[INFO]:[20:55:36] CPLEX results. Gap: 68.750000, upper bound: 308096.502158, lower bound: 96282.599329
[INFO]:[20:55:36] CPLEX solver finished. Gap: 68.750000
[INFO]:[20:55:36] Starting CPLEX solver on instance: /home/yorig/tuner/mpils-tests/instances/miplib/medium-1/momentum1.mps with config: /scratch/yorig/mpils-results-grid-ticks-10000-7may/medium-1/16proc-1pils/seed-10/6_momentum1_seed-10_20260510_204731/iterated_local_search/run_5_worker_12/ils_config_2372857620669118707.prm
[INFO]:[20:55:36] Starting CPLEX solver on instance: /home/yorig/tuner/mpils-tests/instances/miplib/medium-1/momentum1.mps with config: /scratch/yorig/mpils-results-grid-ticks-10000-7may/medium-1/16proc-1pils/seed-10/6_momentum1_seed-10_20260510_204731/iterated_local_search/run_5_worker_12/ils_config_2372857620669118707.prm
[INFO]:[20:55:42] CPLEX results. Gap: 68.750000, upper bound: 308096.502158, lower bound: 96282.599329
[INFO]:[20:55:42] CPLEX solver finished. Gap: 68.750000
[INFO]:[20:55:42] Starting CPLEX solver on instance: /home/yorig/tuner/mpils-tests/instances/miplib/medium-1/momentum1.mps with config: /scratch/yorig/mpils-results-grid-ticks-10000-7may/medium-1/16proc-1pils/seed-10/6_momentum1_seed-10_20260510_204731/iterated_local_search/run_5_worker_12/ils_config_2436791948249351118.prm
[INFO]:[20:55:42] Starting CPLEX solver on instance: /home/yorig/tuner/mpils-tests/instances/miplib/medium-1/momentum1.mps with config: /scratch/yorig/mpils-results-grid-ticks-10000-7may/medium-1/16proc-1pils/seed-10/6_momentum1_seed-10_20260510_204731/iterated_local_search/run_5_worker_12/ils_config_2436791948249351118.prm
[INFO]:[20:55:48] CPLEX results. Gap: 68.750000, upper bound: 308096.502158, lower bound: 96282.599329
[INFO]:[20:55:48] CPLEX solver finished. Gap: 68.750000
[INFO]:[20:55:48] Starting CPLEX solver on instance: /home/yorig/tuner/mpils-tests/instances/miplib/medium-1/momentum1.mps with config: /scratch/yorig/mpils-results-grid-ticks-10000-7may/medium-1/16proc-1pils/seed-10/6_momentum1_seed-10_20260510_204731/iterated_local_search/run_5_worker_12/ils_config_11380057094994262540.prm
[INFO]:[20:55:48] Starting CPLEX solver on instance: /home/yorig/tuner/mpils-tests/instances/miplib/medium-1/momentum1.mps with config: /scratch/yorig/mpils-results-grid-ticks-10000-7may/medium-1/16proc-1pils/seed-10/6_momentum1_seed-10_20260510_204731/iterated_local_search/run_5_worker_12/ils_config_11380057094994262540.prm
[INFO]:[20:55:54] CPLEX results. Gap: 68.750000, upper bound: 308096.502158, lower bound: 96282.599329
[INFO]:[20:55:54] CPLEX solver finished. Gap: 68.750000
[INFO]:[20:55:54] Starting CPLEX solver on instance: /home/yorig/tuner/mpils-tests/instances/miplib/medium-1/momentum1.mps with config: /scratch/yorig/mpils-results-grid-ticks-10000-7may/medium-1/16proc-1pils/seed-10/6_momentum1_seed-10_20260510_204731/iterated_local_search/run_5_worker_12/ils_config_8055273198709942236.prm
[INFO]:[20:55:54] Starting CPLEX solver on instance: /home/yorig/tuner/mpils-tests/instances/miplib/medium-1/momentum1.mps with config: /scratch/yorig/mpils-results-grid-ticks-10000-7may/medium-1/16proc-1pils/seed-10/6_momentum1_seed-10_20260510_204731/iterated_local_search/run_5_worker_12/ils_config_8055273198709942236.prm
[INFO]:[20:56:00] CPLEX results. Gap: 68.080000, upper bound: 301668.307275, lower bound: 96305.737118
[INFO]:[20:56:00] CPLEX solver finished. Gap: 68.080000
[INFO]:[20:56:00] New incumbent found with objective value: 68.08
[INFO]:[20:56:00] Starting CPLEX solver on instance: /home/yorig/tuner/mpils-tests/instances/miplib/medium-1/momentum1.mps with config: /scratch/yorig/mpils-results-grid-ticks-10000-7may/medium-1/16proc-1pils/seed-10/6_momentum1_seed-10_20260510_204731/iterated_local_search/run_5_worker_12/ils_config_7966874120110656682.prm
[INFO]:[20:56:00] Starting CPLEX solver on instance: /home/yorig/tuner/mpils-tests/instances/miplib/medium-1/momentum1.mps with config: /scratch/yorig/mpils-results-grid-ticks-10000-7may/medium-1/16proc-1pils/seed-10/6_momentum1_seed-10_20260510_204731/iterated_local_search/run_5_worker_12/ils_config_7966874120110656682.prm
[INFO]:[20:56:06] CPLEX results. Gap: 68.080000, upper bound: 301668.307275, lower bound: 96305.737118
[INFO]:[20:56:06] CPLEX solver finished. Gap: 68.080000
[INFO]:[20:56:06] Starting CPLEX solver on instance: /home/yorig/tuner/mpils-tests/instances/miplib/medium-1/momentum1.mps with config: /scratch/yorig/mpils-results-grid-ticks-10000-7may/medium-1/16proc-1pils/seed-10/6_momentum1_seed-10_20260510_204731/iterated_local_search/run_5_worker_12/ils_config_4597178023095179127.prm
[INFO]:[20:56:06] Starting CPLEX solver on instance: /home/yorig/tuner/mpils-tests/instances/miplib/medium-1/momentum1.mps with config: /scratch/yorig/mpils-results-grid-ticks-10000-7may/medium-1/16proc-1pils/seed-10/6_momentum1_seed-10_20260510_204731/iterated_local_search/run_5_worker_12/ils_config_4597178023095179127.prm
[INFO]:[20:56:11] CPLEX results. Gap: 70.010000, upper bound: 320925.620721, lower bound: 96254.754825
[INFO]:[20:56:11] CPLEX solver finished. Gap: 70.010000
[INFO]:[20:56:11] Starting CPLEX solver on instance: /home/yorig/tuner/mpils-tests/instances/miplib/medium-1/momentum1.mps with config: /scratch/yorig/mpils-results-grid-ticks-10000-7may/medium-1/16proc-1pils/seed-10/6_momentum1_seed-10_20260510_204731/iterated_local_search/run_5_worker_12/ils_config_2570342603046659685.prm
[INFO]:[20:56:11] Starting CPLEX solver on instance: /home/yorig/tuner/mpils-tests/instances/miplib/medium-1/momentum1.mps with config: /scratch/yorig/mpils-results-grid-ticks-10000-7may/medium-1/16proc-1pils/seed-10/6_momentum1_seed-10_20260510_204731/iterated_local_search/run_5_worker_12/ils_config_2570342603046659685.prm
[INFO]:[20:56:17] CPLEX results. Gap: 68.080000, upper bound: 301668.307275, lower bound: 96305.737118
[INFO]:[20:56:17] CPLEX solver finished. Gap: 68.080000
[INFO]:[20:56:17] Starting CPLEX solver on instance: /home/yorig/tuner/mpils-tests/instances/miplib/medium-1/momentum1.mps with config: /scratch/yorig/mpils-results-grid-ticks-10000-7may/medium-1/16proc-1pils/seed-10/6_momentum1_seed-10_20260510_204731/iterated_local_search/run_5_worker_12/ils_config_7855211554432179959.prm
[INFO]:[20:56:17] Starting CPLEX solver on instance: /home/yorig/tuner/mpils-tests/instances/miplib/medium-1/momentum1.mps with config: /scratch/yorig/mpils-results-grid-ticks-10000-7may/medium-1/16proc-1pils/seed-10/6_momentum1_seed-10_20260510_204731/iterated_local_search/run_5_worker_12/ils_config_7855211554432179959.prm
[INFO]:[20:56:23] CPLEX results. Gap: 68.080000, upper bound: 301668.307275, lower bound: 96305.395422
[INFO]:[20:56:23] CPLEX solver finished. Gap: 68.080000
[INFO]:[20:56:23] Starting CPLEX solver on instance: /home/yorig/tuner/mpils-tests/instances/miplib/medium-1/momentum1.mps with config: /scratch/yorig/mpils-results-grid-ticks-10000-7may/medium-1/16proc-1pils/seed-10/6_momentum1_seed-10_20260510_204731/iterated_local_search/run_5_worker_12/ils_config_7218825667523504369.prm
[INFO]:[20:56:23] Starting CPLEX solver on instance: /home/yorig/tuner/mpils-tests/instances/miplib/medium-1/momentum1.mps with config: /scratch/yorig/mpils-results-grid-ticks-10000-7may/medium-1/16proc-1pils/seed-10/6_momentum1_seed-10_20260510_204731/iterated_local_search/run_5_worker_12/ils_config_7218825667523504369.prm
[INFO]:[20:56:31] CPLEX results. Gap: 62.530000, upper bound: 256875.006728, lower bound: 96256.620933
[INFO]:[20:56:31] CPLEX solver finished. Gap: 62.530000
[INFO]:[20:56:31] New incumbent found with objective value: 62.53
[INFO]:[20:56:31] Starting CPLEX solver on instance: /home/yorig/tuner/mpils-tests/instances/miplib/medium-1/momentum1.mps with config: /scratch/yorig/mpils-results-grid-ticks-10000-7may/medium-1/16proc-1pils/seed-10/6_momentum1_seed-10_20260510_204731/iterated_local_search/run_5_worker_12/ils_config_14509516453729971008.prm
[INFO]:[20:56:31] Starting CPLEX solver on instance: /home/yorig/tuner/mpils-tests/instances/miplib/medium-1/momentum1.mps with config: /scratch/yorig/mpils-results-grid-ticks-10000-7may/medium-1/16proc-1pils/seed-10/6_momentum1_seed-10_20260510_204731/iterated_local_search/run_5_worker_12/ils_config_14509516453729971008.prm
[INFO]:[20:56:39] CPLEX results. Gap: 73.230000, upper bound: 359519.400765, lower bound: 96247.892479
[INFO]:[20:56:39] CPLEX solver finished. Gap: 73.230000
[INFO]:[20:56:39] Starting CPLEX solver on instance: /home/yorig/tuner/mpils-tests/instances/miplib/medium-1/momentum1.mps with config: /scratch/yorig/mpils-results-grid-ticks-10000-7may/medium-1/16proc-1pils/seed-10/6_momentum1_seed-10_20260510_204731/iterated_local_search/run_5_worker_12/ils_config_6321664704936868067.prm
[INFO]:[20:56:39] Starting CPLEX solver on instance: /home/yorig/tuner/mpils-tests/instances/miplib/medium-1/momentum1.mps with config: /scratch/yorig/mpils-results-grid-ticks-10000-7may/medium-1/16proc-1pils/seed-10/6_momentum1_seed-10_20260510_204731/iterated_local_search/run_5_worker_12/ils_config_6321664704936868067.prm
[INFO]:[20:56:47] CPLEX results. Gap: 61.570000, upper bound: 250450.520189, lower bound: 96255.239679
[INFO]:[20:56:47] CPLEX solver finished. Gap: 61.570000
[INFO]:[20:56:47] New incumbent found with objective value: 61.57
[INFO]:[20:56:47] Starting CPLEX solver on instance: /home/yorig/tuner/mpils-tests/instances/miplib/medium-1/momentum1.mps with config: /scratch/yorig/mpils-results-grid-ticks-10000-7may/medium-1/16proc-1pils/seed-10/6_momentum1_seed-10_20260510_204731/iterated_local_search/run_5_worker_12/ils_config_7194987683816846239.prm
[INFO]:[20:56:47] Starting CPLEX solver on instance: /home/yorig/tuner/mpils-tests/instances/miplib/medium-1/momentum1.mps with config: /scratch/yorig/mpils-results-grid-ticks-10000-7may/medium-1/16proc-1pils/seed-10/6_momentum1_seed-10_20260510_204731/iterated_local_search/run_5_worker_12/ils_config_7194987683816846239.prm
[INFO]:[20:56:55] CPLEX results. Gap: 61.570000, upper bound: 250450.520189, lower bound: 96255.239679
[INFO]:[20:56:55] CPLEX solver finished. Gap: 61.570000
[INFO]:[20:56:55] Starting CPLEX solver on instance: /home/yorig/tuner/mpils-tests/instances/miplib/medium-1/momentum1.mps with config: /scratch/yorig/mpils-results-grid-ticks-10000-7may/medium-1/16proc-1pils/seed-10/6_momentum1_seed-10_20260510_204731/iterated_local_search/run_5_worker_12/ils_config_6051952559395868779.prm
[INFO]:[20:56:55] Starting CPLEX solver on instance: /home/yorig/tuner/mpils-tests/instances/miplib/medium-1/momentum1.mps with config: /scratch/yorig/mpils-results-grid-ticks-10000-7may/medium-1/16proc-1pils/seed-10/6_momentum1_seed-10_20260510_204731/iterated_local_search/run_5_worker_12/ils_config_6051952559395868779.prm
[INFO]:[20:57:04] CPLEX results. Gap: 62.530000, upper bound: 256875.207198, lower bound: 96247.901114
[INFO]:[20:57:04] CPLEX solver finished. Gap: 62.530000
[INFO]:[20:57:04] Starting CPLEX solver on instance: /home/yorig/tuner/mpils-tests/instances/miplib/medium-1/momentum1.mps with config: /scratch/yorig/mpils-results-grid-ticks-10000-7may/medium-1/16proc-1pils/seed-10/6_momentum1_seed-10_20260510_204731/iterated_local_search/run_5_worker_12/ils_config_5701139934485406299.prm
[INFO]:[20:57:04] Starting CPLEX solver on instance: /home/yorig/tuner/mpils-tests/instances/miplib/medium-1/momentum1.mps with config: /scratch/yorig/mpils-results-grid-ticks-10000-7may/medium-1/16proc-1pils/seed-10/6_momentum1_seed-10_20260510_204731/iterated_local_search/run_5_worker_12/ils_config_5701139934485406299.prm
[INFO]:[20:57:12] CPLEX results. Gap: 61.570000, upper bound: 250450.520189, lower bound: 96255.239679
[INFO]:[20:57:12] CPLEX solver finished. Gap: 61.570000
[INFO]:[20:57:12] Local search phase completed.
[INFO]:[20:57:12] Total number of new local-search evaluations: 18
[INFO]:[20:57:12] Final incumbent objective value: 61.57
[INFO]:[20:57:53] Worker 12 completed exploration phase.
[INFO]:[20:57:53] Worker 12 received order for step 2.
[INFO]:[20:57:53] Worker 12 running expansion phase for iteration 5.
[INFO]:[20:57:53] Worker 12 will use solver log file: /scratch/yorig/mpils-results-grid-ticks-10000-7may/medium-1/16proc-1pils/seed-10/6_momentum1_seed-10_20260510_204731/solver/cplex.log_iteration_expansion_5_worker_12
[INFO]:[20:57:53] Expansion Worker 12 starting expansion for iteration 5.
[INFO]:[20:57:53] Starting CPLEX solver on instance: /home/yorig/tuner/mpils-tests/instances/miplib/medium-1/momentum1.mps with config: /scratch/yorig/mpils-results-grid-ticks-10000-7may/medium-1/16proc-1pils/seed-10/6_momentum1_seed-10_20260510_204731/expansion/config_param_CPXPARAM_Sifting_Algorithm_1_iter_5.prm
[INFO]:[20:58:00] CPLEX results. Gap: 11.790000, upper bound: 109169.494051, lower bound: 96294.515930
[INFO]:[20:58:00] CPLEX solver finished. Gap: 11.790000
[INFO]:[20:58:01] Starting CPLEX solver on instance: /home/yorig/tuner/mpils-tests/instances/miplib/medium-1/momentum1.mps with config: /scratch/yorig/mpils-results-grid-ticks-10000-7may/medium-1/16proc-1pils/seed-10/6_momentum1_seed-10_20260510_204731/expansion/config_param_CPXPARAM_Preprocessing_QPMakePSD_0_iter_5.prm
[INFO]:[20:58:07] CPLEX results. Gap: 11.790000, upper bound: 109169.494051, lower bound: 96294.515930
[INFO]:[20:58:07] CPLEX solver finished. Gap: 11.790000
[INFO]:[20:58:08] Expansion Worker 12 completed expansion.
[INFO]:[20:58:08] Worker 12 completed expansion phase.
[INFO]:[20:58:08] Worker 12 received order for step 1.
[INFO]:[20:58:08] Worker 12 running exploration phase for iteration 6.
[INFO]:[20:58:08] Worker 12 at iteration 6 will not use a MIP start file. Current best MIP-start upper bound threshold is 1.79769e+308.
[INFO]:[20:58:08] Starting local search phase...
[INFO]:[20:58:08] Creating local search space from parameter space file: /scratch/yorig/mpils-results-grid-ticks-10000-7may/medium-1/16proc-1pils/seed-10/6_momentum1_seed-10_20260510_204731/iterated_local_search/search_space/search_space_file_6_worker_12.txt
[INFO]:[20:58:08] Local search space loaded from file: /scratch/yorig/mpils-results-grid-ticks-10000-7may/medium-1/16proc-1pils/seed-10/6_momentum1_seed-10_20260510_204731/iterated_local_search/search_space/search_space_file_6_worker_12.txt
[INFO]:[20:58:08] Number of parameters in local search space: 71
[INFO]:[20:58:08] Number of forbidden tuples in local search space: 26
[INFO]:[20:58:08] Number of conditionals in local search space: 6
[INFO]:[20:58:08] MIP start option not enabled. Local search will proceed without MIP start.
[INFO]:[20:58:08] Evaluating initial configuration for local search phase...
[INFO]:[20:58:08] Starting CPLEX solver on instance: /home/yorig/tuner/mpils-tests/instances/miplib/medium-1/momentum1.mps with config: /scratch/yorig/mpils-results-grid-ticks-10000-7may/medium-1/16proc-1pils/seed-10/6_momentum1_seed-10_20260510_204731/iterated_local_search/run_6_worker_12/ils_config_14592512510741548736.prm
[INFO]:[20:58:08] Starting CPLEX solver on instance: /home/yorig/tuner/mpils-tests/instances/miplib/medium-1/momentum1.mps with config: /scratch/yorig/mpils-results-grid-ticks-10000-7may/medium-1/16proc-1pils/seed-10/6_momentum1_seed-10_20260510_204731/iterated_local_search/run_6_worker_12/ils_config_14592512510741548736.prm
[INFO]:[20:58:18] CPLEX results. Gap: 72.740000, upper bound: 353168.732360, lower bound: 96277.949596
[INFO]:[20:58:18] CPLEX solver finished. Gap: 72.740000
[INFO]:[20:58:18] Initial configuration evaluated with objective value: 72.74
[INFO]:[20:58:18] Starting CPLEX solver on instance: /home/yorig/tuner/mpils-tests/instances/miplib/medium-1/momentum1.mps with config: /scratch/yorig/mpils-results-grid-ticks-10000-7may/medium-1/16proc-1pils/seed-10/6_momentum1_seed-10_20260510_204731/iterated_local_search/run_6_worker_12/ils_config_1668666006441084163.prm
[INFO]:[20:58:18] Starting CPLEX solver on instance: /home/yorig/tuner/mpils-tests/instances/miplib/medium-1/momentum1.mps with config: /scratch/yorig/mpils-results-grid-ticks-10000-7may/medium-1/16proc-1pils/seed-10/6_momentum1_seed-10_20260510_204731/iterated_local_search/run_6_worker_12/ils_config_1668666006441084163.prm
[INFO]:[20:58:27] CPLEX results. Gap: 72.740000, upper bound: 353168.732360, lower bound: 96277.949596
[INFO]:[20:58:27] CPLEX solver finished. Gap: 72.740000
[INFO]:[20:58:27] Starting CPLEX solver on instance: /home/yorig/tuner/mpils-tests/instances/miplib/medium-1/momentum1.mps with config: /scratch/yorig/mpils-results-grid-ticks-10000-7may/medium-1/16proc-1pils/seed-10/6_momentum1_seed-10_20260510_204731/iterated_local_search/run_6_worker_12/ils_config_9453700368573430666.prm
[INFO]:[20:58:27] Starting CPLEX solver on instance: /home/yorig/tuner/mpils-tests/instances/miplib/medium-1/momentum1.mps with config: /scratch/yorig/mpils-results-grid-ticks-10000-7may/medium-1/16proc-1pils/seed-10/6_momentum1_seed-10_20260510_204731/iterated_local_search/run_6_worker_12/ils_config_9453700368573430666.prm
[INFO]:[20:58:37] CPLEX results. Gap: 72.740000, upper bound: 353168.732360, lower bound: 96277.949596
[INFO]:[20:58:37] CPLEX solver finished. Gap: 72.740000
[INFO]:[20:58:37] Starting CPLEX solver on instance: /home/yorig/tuner/mpils-tests/instances/miplib/medium-1/momentum1.mps with config: /scratch/yorig/mpils-results-grid-ticks-10000-7may/medium-1/16proc-1pils/seed-10/6_momentum1_seed-10_20260510_204731/iterated_local_search/run_6_worker_12/ils_config_10440844955790766768.prm
[INFO]:[20:58:37] Starting CPLEX solver on instance: /home/yorig/tuner/mpils-tests/instances/miplib/medium-1/momentum1.mps with config: /scratch/yorig/mpils-results-grid-ticks-10000-7may/medium-1/16proc-1pils/seed-10/6_momentum1_seed-10_20260510_204731/iterated_local_search/run_6_worker_12/ils_config_10440844955790766768.prm
[INFO]:[20:58:46] CPLEX results. Gap: 72.740000, upper bound: 353168.732360, lower bound: 96277.949596
[INFO]:[20:58:46] CPLEX solver finished. Gap: 72.740000
[INFO]:[20:58:46] Starting CPLEX solver on instance: /home/yorig/tuner/mpils-tests/instances/miplib/medium-1/momentum1.mps with config: /scratch/yorig/mpils-results-grid-ticks-10000-7may/medium-1/16proc-1pils/seed-10/6_momentum1_seed-10_20260510_204731/iterated_local_search/run_6_worker_12/ils_config_13393177533951633933.prm
[INFO]:[20:58:46] Starting CPLEX solver on instance: /home/yorig/tuner/mpils-tests/instances/miplib/medium-1/momentum1.mps with config: /scratch/yorig/mpils-results-grid-ticks-10000-7may/medium-1/16proc-1pils/seed-10/6_momentum1_seed-10_20260510_204731/iterated_local_search/run_6_worker_12/ils_config_13393177533951633933.prm
[INFO]:[20:58:56] CPLEX results. Gap: 72.740000, upper bound: 353168.732360, lower bound: 96277.949596
[INFO]:[20:58:56] CPLEX solver finished. Gap: 72.740000
[INFO]:[20:58:56] Starting CPLEX solver on instance: /home/yorig/tuner/mpils-tests/instances/miplib/medium-1/momentum1.mps with config: /scratch/yorig/mpils-results-grid-ticks-10000-7may/medium-1/16proc-1pils/seed-10/6_momentum1_seed-10_20260510_204731/iterated_local_search/run_6_worker_12/ils_config_9588681996879714186.prm
[INFO]:[20:58:56] Starting CPLEX solver on instance: /home/yorig/tuner/mpils-tests/instances/miplib/medium-1/momentum1.mps with config: /scratch/yorig/mpils-results-grid-ticks-10000-7may/medium-1/16proc-1pils/seed-10/6_momentum1_seed-10_20260510_204731/iterated_local_search/run_6_worker_12/ils_config_9588681996879714186.prm
[INFO]:[20:59:06] CPLEX results. Gap: 72.740000, upper bound: 353168.732360, lower bound: 96277.949596
[INFO]:[20:59:06] CPLEX solver finished. Gap: 72.740000
[INFO]:[20:59:06] Starting CPLEX solver on instance: /home/yorig/tuner/mpils-tests/instances/miplib/medium-1/momentum1.mps with config: /scratch/yorig/mpils-results-grid-ticks-10000-7may/medium-1/16proc-1pils/seed-10/6_momentum1_seed-10_20260510_204731/iterated_local_search/run_6_worker_12/ils_config_86284949755572749.prm
[INFO]:[20:59:06] Starting CPLEX solver on instance: /home/yorig/tuner/mpils-tests/instances/miplib/medium-1/momentum1.mps with config: /scratch/yorig/mpils-results-grid-ticks-10000-7may/medium-1/16proc-1pils/seed-10/6_momentum1_seed-10_20260510_204731/iterated_local_search/run_6_worker_12/ils_config_86284949755572749.prm
[INFO]:[20:59:15] CPLEX results. Gap: 58.350000, upper bound: 231139.313073, lower bound: 96259.397686
[INFO]:[20:59:15] CPLEX solver finished. Gap: 58.350000
[INFO]:[20:59:15] New incumbent found with objective value: 58.35
[INFO]:[20:59:15] Starting CPLEX solver on instance: /home/yorig/tuner/mpils-tests/instances/miplib/medium-1/momentum1.mps with config: /scratch/yorig/mpils-results-grid-ticks-10000-7may/medium-1/16proc-1pils/seed-10/6_momentum1_seed-10_20260510_204731/iterated_local_search/run_6_worker_12/ils_config_16723001221024098980.prm
[INFO]:[20:59:15] Starting CPLEX solver on instance: /home/yorig/tuner/mpils-tests/instances/miplib/medium-1/momentum1.mps with config: /scratch/yorig/mpils-results-grid-ticks-10000-7may/medium-1/16proc-1pils/seed-10/6_momentum1_seed-10_20260510_204731/iterated_local_search/run_6_worker_12/ils_config_16723001221024098980.prm
[INFO]:[20:59:25] CPLEX results. Gap: 58.350000, upper bound: 231139.313073, lower bound: 96259.397686
[INFO]:[20:59:25] CPLEX solver finished. Gap: 58.350000
[INFO]:[20:59:25] Starting CPLEX solver on instance: /home/yorig/tuner/mpils-tests/instances/miplib/medium-1/momentum1.mps with config: /scratch/yorig/mpils-results-grid-ticks-10000-7may/medium-1/16proc-1pils/seed-10/6_momentum1_seed-10_20260510_204731/iterated_local_search/run_6_worker_12/ils_config_15893351353351117069.prm
[INFO]:[20:59:25] Starting CPLEX solver on instance: /home/yorig/tuner/mpils-tests/instances/miplib/medium-1/momentum1.mps with config: /scratch/yorig/mpils-results-grid-ticks-10000-7may/medium-1/16proc-1pils/seed-10/6_momentum1_seed-10_20260510_204731/iterated_local_search/run_6_worker_12/ils_config_15893351353351117069.prm
[INFO]:[20:59:35] CPLEX results. Gap: 58.350000, upper bound: 231139.313073, lower bound: 96259.397686
[INFO]:[20:59:35] CPLEX solver finished. Gap: 58.350000
[INFO]:[20:59:35] Starting CPLEX solver on instance: /home/yorig/tuner/mpils-tests/instances/miplib/medium-1/momentum1.mps with config: /scratch/yorig/mpils-results-grid-ticks-10000-7may/medium-1/16proc-1pils/seed-10/6_momentum1_seed-10_20260510_204731/iterated_local_search/run_6_worker_12/ils_config_1027450125500033614.prm
[INFO]:[20:59:35] Starting CPLEX solver on instance: /home/yorig/tuner/mpils-tests/instances/miplib/medium-1/momentum1.mps with config: /scratch/yorig/mpils-results-grid-ticks-10000-7may/medium-1/16proc-1pils/seed-10/6_momentum1_seed-10_20260510_204731/iterated_local_search/run_6_worker_12/ils_config_1027450125500033614.prm
[INFO]:[20:59:45] CPLEX results. Gap: 58.350000, upper bound: 231139.313073, lower bound: 96264.964390
[INFO]:[20:59:45] CPLEX solver finished. Gap: 58.350000
[INFO]:[20:59:45] Starting CPLEX solver on instance: /home/yorig/tuner/mpils-tests/instances/miplib/medium-1/momentum1.mps with config: /scratch/yorig/mpils-results-grid-ticks-10000-7may/medium-1/16proc-1pils/seed-10/6_momentum1_seed-10_20260510_204731/iterated_local_search/run_6_worker_12/ils_config_4679177077899702790.prm
[INFO]:[20:59:45] Starting CPLEX solver on instance: /home/yorig/tuner/mpils-tests/instances/miplib/medium-1/momentum1.mps with config: /scratch/yorig/mpils-results-grid-ticks-10000-7may/medium-1/16proc-1pils/seed-10/6_momentum1_seed-10_20260510_204731/iterated_local_search/run_6_worker_12/ils_config_4679177077899702790.prm
[INFO]:[20:59:54] CPLEX results. Gap: 58.350000, upper bound: 231139.313073, lower bound: 96259.397686
[INFO]:[20:59:54] CPLEX solver finished. Gap: 58.350000
[INFO]:[20:59:54] Starting CPLEX solver on instance: /home/yorig/tuner/mpils-tests/instances/miplib/medium-1/momentum1.mps with config: /scratch/yorig/mpils-results-grid-ticks-10000-7may/medium-1/16proc-1pils/seed-10/6_momentum1_seed-10_20260510_204731/iterated_local_search/run_6_worker_12/ils_config_1552893922119671597.prm
[INFO]:[20:59:54] Starting CPLEX solver on instance: /home/yorig/tuner/mpils-tests/instances/miplib/medium-1/momentum1.mps with config: /scratch/yorig/mpils-results-grid-ticks-10000-7may/medium-1/16proc-1pils/seed-10/6_momentum1_seed-10_20260510_204731/iterated_local_search/run_6_worker_12/ils_config_1552893922119671597.prm
[INFO]:[21:00:03] CPLEX results. Gap: 58.350000, upper bound: 231139.313073, lower bound: 96269.561726
[INFO]:[21:00:03] CPLEX solver finished. Gap: 58.350000
[INFO]:[21:00:03] Starting CPLEX solver on instance: /home/yorig/tuner/mpils-tests/instances/miplib/medium-1/momentum1.mps with config: /scratch/yorig/mpils-results-grid-ticks-10000-7may/medium-1/16proc-1pils/seed-10/6_momentum1_seed-10_20260510_204731/iterated_local_search/run_6_worker_12/ils_config_17276891989171158917.prm
[INFO]:[21:00:03] Starting CPLEX solver on instance: /home/yorig/tuner/mpils-tests/instances/miplib/medium-1/momentum1.mps with config: /scratch/yorig/mpils-results-grid-ticks-10000-7may/medium-1/16proc-1pils/seed-10/6_momentum1_seed-10_20260510_204731/iterated_local_search/run_6_worker_12/ils_config_17276891989171158917.prm
[INFO]:[21:00:13] CPLEX results. Gap: 58.350000, upper bound: 231139.313073, lower bound: 96259.397686
[INFO]:[21:00:13] CPLEX solver finished. Gap: 58.350000
[INFO]:[21:00:13] Starting CPLEX solver on instance: /home/yorig/tuner/mpils-tests/instances/miplib/medium-1/momentum1.mps with config: /scratch/yorig/mpils-results-grid-ticks-10000-7may/medium-1/16proc-1pils/seed-10/6_momentum1_seed-10_20260510_204731/iterated_local_search/run_6_worker_12/ils_config_1769954635137436796.prm
[INFO]:[21:00:13] Starting CPLEX solver on instance: /home/yorig/tuner/mpils-tests/instances/miplib/medium-1/momentum1.mps with config: /scratch/yorig/mpils-results-grid-ticks-10000-7may/medium-1/16proc-1pils/seed-10/6_momentum1_seed-10_20260510_204731/iterated_local_search/run_6_worker_12/ils_config_1769954635137436796.prm
[INFO]:[21:00:23] CPLEX results. Gap: 58.350000, upper bound: 231139.313073, lower bound: 96259.397686
[INFO]:[21:00:23] CPLEX solver finished. Gap: 58.350000
[INFO]:[21:00:23] Starting CPLEX solver on instance: /home/yorig/tuner/mpils-tests/instances/miplib/medium-1/momentum1.mps with config: /scratch/yorig/mpils-results-grid-ticks-10000-7may/medium-1/16proc-1pils/seed-10/6_momentum1_seed-10_20260510_204731/iterated_local_search/run_6_worker_12/ils_config_6043182520737734406.prm
[INFO]:[21:00:23] Starting CPLEX solver on instance: /home/yorig/tuner/mpils-tests/instances/miplib/medium-1/momentum1.mps with config: /scratch/yorig/mpils-results-grid-ticks-10000-7may/medium-1/16proc-1pils/seed-10/6_momentum1_seed-10_20260510_204731/iterated_local_search/run_6_worker_12/ils_config_6043182520737734406.prm
[INFO]:[21:00:33] CPLEX results. Gap: 58.350000, upper bound: 231139.313073, lower bound: 96259.397686
[INFO]:[21:00:33] CPLEX solver finished. Gap: 58.350000
[INFO]:[21:00:33] Starting CPLEX solver on instance: /home/yorig/tuner/mpils-tests/instances/miplib/medium-1/momentum1.mps with config: /scratch/yorig/mpils-results-grid-ticks-10000-7may/medium-1/16proc-1pils/seed-10/6_momentum1_seed-10_20260510_204731/iterated_local_search/run_6_worker_12/ils_config_3734074364168964214.prm
[INFO]:[21:00:33] Starting CPLEX solver on instance: /home/yorig/tuner/mpils-tests/instances/miplib/medium-1/momentum1.mps with config: /scratch/yorig/mpils-results-grid-ticks-10000-7may/medium-1/16proc-1pils/seed-10/6_momentum1_seed-10_20260510_204731/iterated_local_search/run_6_worker_12/ils_config_3734074364168964214.prm
[INFO]:[21:00:42] CPLEX results. Gap: 58.350000, upper bound: 231139.313073, lower bound: 96259.397686
[INFO]:[21:00:42] CPLEX solver finished. Gap: 58.350000
[INFO]:[21:00:42] Starting CPLEX solver on instance: /home/yorig/tuner/mpils-tests/instances/miplib/medium-1/momentum1.mps with config: /scratch/yorig/mpils-results-grid-ticks-10000-7may/medium-1/16proc-1pils/seed-10/6_momentum1_seed-10_20260510_204731/iterated_local_search/run_6_worker_12/ils_config_18039722572308346519.prm
[INFO]:[21:00:42] Starting CPLEX solver on instance: /home/yorig/tuner/mpils-tests/instances/miplib/medium-1/momentum1.mps with config: /scratch/yorig/mpils-results-grid-ticks-10000-7may/medium-1/16proc-1pils/seed-10/6_momentum1_seed-10_20260510_204731/iterated_local_search/run_6_worker_12/ils_config_18039722572308346519.prm
[INFO]:[21:00:48] CPLEX results. Gap: 65.920000, upper bound: 282530.540441, lower bound: 96282.785282
[INFO]:[21:00:48] CPLEX solver finished. Gap: 65.920000
[INFO]:[21:00:48] Starting CPLEX solver on instance: /home/yorig/tuner/mpils-tests/instances/miplib/medium-1/momentum1.mps with config: /scratch/yorig/mpils-results-grid-ticks-10000-7may/medium-1/16proc-1pils/seed-10/6_momentum1_seed-10_20260510_204731/iterated_local_search/run_6_worker_12/ils_config_13359162678317322741.prm
[INFO]:[21:00:48] Starting CPLEX solver on instance: /home/yorig/tuner/mpils-tests/instances/miplib/medium-1/momentum1.mps with config: /scratch/yorig/mpils-results-grid-ticks-10000-7may/medium-1/16proc-1pils/seed-10/6_momentum1_seed-10_20260510_204731/iterated_local_search/run_6_worker_12/ils_config_13359162678317322741.prm
[INFO]:[21:00:58] CPLEX results. Gap: 58.350000, upper bound: 231139.313073, lower bound: 96259.397686
[INFO]:[21:00:58] CPLEX solver finished. Gap: 58.350000
[INFO]:[21:00:58] Starting CPLEX solver on instance: /home/yorig/tuner/mpils-tests/instances/miplib/medium-1/momentum1.mps with config: /scratch/yorig/mpils-results-grid-ticks-10000-7may/medium-1/16proc-1pils/seed-10/6_momentum1_seed-10_20260510_204731/iterated_local_search/run_6_worker_12/ils_config_15757184986698457731.prm
[INFO]:[21:00:58] Starting CPLEX solver on instance: /home/yorig/tuner/mpils-tests/instances/miplib/medium-1/momentum1.mps with config: /scratch/yorig/mpils-results-grid-ticks-10000-7may/medium-1/16proc-1pils/seed-10/6_momentum1_seed-10_20260510_204731/iterated_local_search/run_6_worker_12/ils_config_15757184986698457731.prm
[INFO]:[21:01:08] CPLEX results. Gap: 58.350000, upper bound: 231139.313073, lower bound: 96259.397686
[INFO]:[21:01:08] CPLEX solver finished. Gap: 58.350000
[INFO]:[21:01:08] Starting CPLEX solver on instance: /home/yorig/tuner/mpils-tests/instances/miplib/medium-1/momentum1.mps with config: /scratch/yorig/mpils-results-grid-ticks-10000-7may/medium-1/16proc-1pils/seed-10/6_momentum1_seed-10_20260510_204731/iterated_local_search/run_6_worker_12/ils_config_10716086701701716014.prm
[INFO]:[21:01:08] Starting CPLEX solver on instance: /home/yorig/tuner/mpils-tests/instances/miplib/medium-1/momentum1.mps with config: /scratch/yorig/mpils-results-grid-ticks-10000-7may/medium-1/16proc-1pils/seed-10/6_momentum1_seed-10_20260510_204731/iterated_local_search/run_6_worker_12/ils_config_10716086701701716014.prm
[INFO]:[21:01:18] CPLEX results. Gap: 54.570000, upper bound: 211885.911072, lower bound: 96258.002832
[INFO]:[21:01:18] CPLEX solver finished. Gap: 54.570000
[INFO]:[21:01:18] New incumbent found with objective value: 54.57
[INFO]:[21:01:18] Starting CPLEX solver on instance: /home/yorig/tuner/mpils-tests/instances/miplib/medium-1/momentum1.mps with config: /scratch/yorig/mpils-results-grid-ticks-10000-7may/medium-1/16proc-1pils/seed-10/6_momentum1_seed-10_20260510_204731/iterated_local_search/run_6_worker_12/ils_config_17486810827383310795.prm
[INFO]:[21:01:18] Starting CPLEX solver on instance: /home/yorig/tuner/mpils-tests/instances/miplib/medium-1/momentum1.mps with config: /scratch/yorig/mpils-results-grid-ticks-10000-7may/medium-1/16proc-1pils/seed-10/6_momentum1_seed-10_20260510_204731/iterated_local_search/run_6_worker_12/ils_config_17486810827383310795.prm
[INFO]:[21:01:27] CPLEX results. Gap: 54.570000, upper bound: 211885.911072, lower bound: 96258.002832
[INFO]:[21:01:27] CPLEX solver finished. Gap: 54.570000
[INFO]:[21:01:27] Starting CPLEX solver on instance: /home/yorig/tuner/mpils-tests/instances/miplib/medium-1/momentum1.mps with config: /scratch/yorig/mpils-results-grid-ticks-10000-7may/medium-1/16proc-1pils/seed-10/6_momentum1_seed-10_20260510_204731/iterated_local_search/run_6_worker_12/ils_config_15395451083672439056.prm
[INFO]:[21:01:27] Starting CPLEX solver on instance: /home/yorig/tuner/mpils-tests/instances/miplib/medium-1/momentum1.mps with config: /scratch/yorig/mpils-results-grid-ticks-10000-7may/medium-1/16proc-1pils/seed-10/6_momentum1_seed-10_20260510_204731/iterated_local_search/run_6_worker_12/ils_config_15395451083672439056.prm
[INFO]:[21:01:37] CPLEX results. Gap: 58.360000, upper bound: 231139.313073, lower bound: 96257.452160
[INFO]:[21:01:37] CPLEX solver finished. Gap: 58.360000
[INFO]:[21:01:37] Starting CPLEX solver on instance: /home/yorig/tuner/mpils-tests/instances/miplib/medium-1/momentum1.mps with config: /scratch/yorig/mpils-results-grid-ticks-10000-7may/medium-1/16proc-1pils/seed-10/6_momentum1_seed-10_20260510_204731/iterated_local_search/run_6_worker_12/ils_config_17414990842283493062.prm
[INFO]:[21:01:37] Starting CPLEX solver on instance: /home/yorig/tuner/mpils-tests/instances/miplib/medium-1/momentum1.mps with config: /scratch/yorig/mpils-results-grid-ticks-10000-7may/medium-1/16proc-1pils/seed-10/6_momentum1_seed-10_20260510_204731/iterated_local_search/run_6_worker_12/ils_config_17414990842283493062.prm
[INFO]:[21:01:47] CPLEX results. Gap: 54.570000, upper bound: 211885.911072, lower bound: 96258.002832
[INFO]:[21:01:47] CPLEX solver finished. Gap: 54.570000
[INFO]:[21:01:47] Starting CPLEX solver on instance: /home/yorig/tuner/mpils-tests/instances/miplib/medium-1/momentum1.mps with config: /scratch/yorig/mpils-results-grid-ticks-10000-7may/medium-1/16proc-1pils/seed-10/6_momentum1_seed-10_20260510_204731/iterated_local_search/run_6_worker_12/ils_config_17148017708002208781.prm
[INFO]:[21:01:47] Starting CPLEX solver on instance: /home/yorig/tuner/mpils-tests/instances/miplib/medium-1/momentum1.mps with config: /scratch/yorig/mpils-results-grid-ticks-10000-7may/medium-1/16proc-1pils/seed-10/6_momentum1_seed-10_20260510_204731/iterated_local_search/run_6_worker_12/ils_config_17148017708002208781.prm
[INFO]:[21:01:55] CPLEX results. Gap: 60.550000, upper bound: 243988.580090, lower bound: 96253.690777
[INFO]:[21:01:55] CPLEX solver finished. Gap: 60.550000
[INFO]:[21:01:55] Starting CPLEX solver on instance: /home/yorig/tuner/mpils-tests/instances/miplib/medium-1/momentum1.mps with config: /scratch/yorig/mpils-results-grid-ticks-10000-7may/medium-1/16proc-1pils/seed-10/6_momentum1_seed-10_20260510_204731/iterated_local_search/run_6_worker_12/ils_config_5075517623174805921.prm
[INFO]:[21:01:55] Starting CPLEX solver on instance: /home/yorig/tuner/mpils-tests/instances/miplib/medium-1/momentum1.mps with config: /scratch/yorig/mpils-results-grid-ticks-10000-7may/medium-1/16proc-1pils/seed-10/6_momentum1_seed-10_20260510_204731/iterated_local_search/run_6_worker_12/ils_config_5075517623174805921.prm
[INFO]:[21:02:05] CPLEX results. Gap: 54.570000, upper bound: 211885.911072, lower bound: 96258.002832
[INFO]:[21:02:05] CPLEX solver finished. Gap: 54.570000
[INFO]:[21:02:05] Starting CPLEX solver on instance: /home/yorig/tuner/mpils-tests/instances/miplib/medium-1/momentum1.mps with config: /scratch/yorig/mpils-results-grid-ticks-10000-7may/medium-1/16proc-1pils/seed-10/6_momentum1_seed-10_20260510_204731/iterated_local_search/run_6_worker_12/ils_config_12538577542184026613.prm
[INFO]:[21:02:05] Starting CPLEX solver on instance: /home/yorig/tuner/mpils-tests/instances/miplib/medium-1/momentum1.mps with config: /scratch/yorig/mpils-results-grid-ticks-10000-7may/medium-1/16proc-1pils/seed-10/6_momentum1_seed-10_20260510_204731/iterated_local_search/run_6_worker_12/ils_config_12538577542184026613.prm
[INFO]:[21:02:14] CPLEX results. Gap: 58.360000, upper bound: 231139.313073, lower bound: 96251.397363
[INFO]:[21:02:14] CPLEX solver finished. Gap: 58.360000
[INFO]:[21:02:14] Starting CPLEX solver on instance: /home/yorig/tuner/mpils-tests/instances/miplib/medium-1/momentum1.mps with config: /scratch/yorig/mpils-results-grid-ticks-10000-7may/medium-1/16proc-1pils/seed-10/6_momentum1_seed-10_20260510_204731/iterated_local_search/run_6_worker_12/ils_config_14174835341216728649.prm
[INFO]:[21:02:14] Starting CPLEX solver on instance: /home/yorig/tuner/mpils-tests/instances/miplib/medium-1/momentum1.mps with config: /scratch/yorig/mpils-results-grid-ticks-10000-7may/medium-1/16proc-1pils/seed-10/6_momentum1_seed-10_20260510_204731/iterated_local_search/run_6_worker_12/ils_config_14174835341216728649.prm
[INFO]:[21:02:24] CPLEX results. Gap: 54.570000, upper bound: 211865.419273, lower bound: 96254.632535
[INFO]:[21:02:24] CPLEX solver finished. Gap: 54.570000
[INFO]:[21:02:24] Starting CPLEX solver on instance: /home/yorig/tuner/mpils-tests/instances/miplib/medium-1/momentum1.mps with config: /scratch/yorig/mpils-results-grid-ticks-10000-7may/medium-1/16proc-1pils/seed-10/6_momentum1_seed-10_20260510_204731/iterated_local_search/run_6_worker_12/ils_config_4045785764710089903.prm
[INFO]:[21:02:24] Starting CPLEX solver on instance: /home/yorig/tuner/mpils-tests/instances/miplib/medium-1/momentum1.mps with config: /scratch/yorig/mpils-results-grid-ticks-10000-7may/medium-1/16proc-1pils/seed-10/6_momentum1_seed-10_20260510_204731/iterated_local_search/run_6_worker_12/ils_config_4045785764710089903.prm
[INFO]:[21:02:33] CPLEX results. Gap: 72.740000, upper bound: 353138.418152, lower bound: 96276.033354
[INFO]:[21:02:33] CPLEX solver finished. Gap: 72.740000
[INFO]:[21:02:33] Starting CPLEX solver on instance: /home/yorig/tuner/mpils-tests/instances/miplib/medium-1/momentum1.mps with config: /scratch/yorig/mpils-results-grid-ticks-10000-7may/medium-1/16proc-1pils/seed-10/6_momentum1_seed-10_20260510_204731/iterated_local_search/run_6_worker_12/ils_config_24400289768565418.prm
[INFO]:[21:02:33] Starting CPLEX solver on instance: /home/yorig/tuner/mpils-tests/instances/miplib/medium-1/momentum1.mps with config: /scratch/yorig/mpils-results-grid-ticks-10000-7may/medium-1/16proc-1pils/seed-10/6_momentum1_seed-10_20260510_204731/iterated_local_search/run_6_worker_12/ils_config_24400289768565418.prm
[INFO]:[21:02:40] CPLEX results. Gap: 73.500000, upper bound: 353185.353998, lower bound: 93592.210858
[INFO]:[21:02:40] CPLEX solver finished. Gap: 73.500000
[INFO]:[21:02:40] Starting CPLEX solver on instance: /home/yorig/tuner/mpils-tests/instances/miplib/medium-1/momentum1.mps with config: /scratch/yorig/mpils-results-grid-ticks-10000-7may/medium-1/16proc-1pils/seed-10/6_momentum1_seed-10_20260510_204731/iterated_local_search/run_6_worker_12/ils_config_11047454484620336149.prm
[INFO]:[21:02:40] Starting CPLEX solver on instance: /home/yorig/tuner/mpils-tests/instances/miplib/medium-1/momentum1.mps with config: /scratch/yorig/mpils-results-grid-ticks-10000-7may/medium-1/16proc-1pils/seed-10/6_momentum1_seed-10_20260510_204731/iterated_local_search/run_6_worker_12/ils_config_11047454484620336149.prm
[INFO]:[21:02:50] CPLEX results. Gap: 54.570000, upper bound: 211885.911072, lower bound: 96258.002832
[INFO]:[21:02:50] CPLEX solver finished. Gap: 54.570000
[INFO]:[21:02:50] Local search phase completed.
[INFO]:[21:02:50] Total number of new local-search evaluations: 30
[INFO]:[21:02:50] Final incumbent objective value: 54.57
[INFO]:[21:02:50] Worker 12 completed exploration phase.
[INFO]:[21:02:50] Worker 12 received order for step 3.
[INFO]:[21:02:50] Worker 12 finished.
