[INFO]:[07:52:06] Worker 17 starting.
[INFO]:[07:52:06] Worker 17 received order for step 1.
[INFO]:[07:52:06] Worker 17 running exploration phase for iteration 1.
[INFO]:[07:52:06] Worker 17 at iteration 1 will not use a MIP start file. Current best MIP-start upper bound threshold is 1.79769e+308.
[INFO]:[07:52:06] Starting local search phase...
[INFO]:[07:52:06] Creating local search space from parameter space file: /scratch/yorig/mpils-results-grid-ticks-10000-7may/medium-2/24proc/seed-5/9_supportcase6_seed-5_20260509_075205/iterated_local_search/search_space/search_space_file_1_worker_17.txt
[INFO]:[07:52:06] Local search space loaded from file: /scratch/yorig/mpils-results-grid-ticks-10000-7may/medium-2/24proc/seed-5/9_supportcase6_seed-5_20260509_075205/iterated_local_search/search_space/search_space_file_1_worker_17.txt
[INFO]:[07:52:06] Number of parameters in local search space: 71
[INFO]:[07:52:06] Number of forbidden tuples in local search space: 0
[INFO]:[07:52:06] Number of conditionals in local search space: 6
[INFO]:[07:52:06] MIP start option not enabled. Local search will proceed without MIP start.
[INFO]:[07:52:06] Evaluating initial configuration for local search phase...
[INFO]:[07:52:06] Starting CPLEX solver on instance: /home/yorig/tuner/mpils-tests/instances/miplib/medium-2/supportcase6.mps with config: /scratch/yorig/mpils-results-grid-ticks-10000-7may/medium-2/24proc/seed-5/9_supportcase6_seed-5_20260509_075205/iterated_local_search/run_1_worker_17/ils_config_13277500688857793115.prm
[INFO]:[07:52:06] Starting CPLEX solver on instance: /home/yorig/tuner/mpils-tests/instances/miplib/medium-2/supportcase6.mps with config: /scratch/yorig/mpils-results-grid-ticks-10000-7may/medium-2/24proc/seed-5/9_supportcase6_seed-5_20260509_075205/iterated_local_search/run_1_worker_17/ils_config_13277500688857793115.prm
[INFO]:[07:52:12] CPLEX results. Gap: 13.330000, upper bound: 52112.367686, lower bound: 45165.579073
[INFO]:[07:52:12] CPLEX solver finished. Gap: 13.330000
[INFO]:[07:52:12] Initial configuration evaluated with objective value: 13.33
[INFO]:[07:52:12] Starting CPLEX solver on instance: /home/yorig/tuner/mpils-tests/instances/miplib/medium-2/supportcase6.mps with config: /scratch/yorig/mpils-results-grid-ticks-10000-7may/medium-2/24proc/seed-5/9_supportcase6_seed-5_20260509_075205/iterated_local_search/run_1_worker_17/ils_config_4423393874716043372.prm
[INFO]:[07:52:12] Starting CPLEX solver on instance: /home/yorig/tuner/mpils-tests/instances/miplib/medium-2/supportcase6.mps with config: /scratch/yorig/mpils-results-grid-ticks-10000-7may/medium-2/24proc/seed-5/9_supportcase6_seed-5_20260509_075205/iterated_local_search/run_1_worker_17/ils_config_4423393874716043372.prm
[INFO]:[07:52:18] CPLEX results. Gap: 13.330000, upper bound: 52112.367686, lower bound: 45165.579073
[INFO]:[07:52:18] CPLEX solver finished. Gap: 13.330000
[INFO]:[07:52:18] Starting CPLEX solver on instance: /home/yorig/tuner/mpils-tests/instances/miplib/medium-2/supportcase6.mps with config: /scratch/yorig/mpils-results-grid-ticks-10000-7may/medium-2/24proc/seed-5/9_supportcase6_seed-5_20260509_075205/iterated_local_search/run_1_worker_17/ils_config_11032582787497066071.prm
[INFO]:[07:52:18] Starting CPLEX solver on instance: /home/yorig/tuner/mpils-tests/instances/miplib/medium-2/supportcase6.mps with config: /scratch/yorig/mpils-results-grid-ticks-10000-7may/medium-2/24proc/seed-5/9_supportcase6_seed-5_20260509_075205/iterated_local_search/run_1_worker_17/ils_config_11032582787497066071.prm
[INFO]:[07:52:24] CPLEX results. Gap: 13.330000, upper bound: 52112.367686, lower bound: 45165.579073
[INFO]:[07:52:24] CPLEX solver finished. Gap: 13.330000
[INFO]:[07:52:24] Starting CPLEX solver on instance: /home/yorig/tuner/mpils-tests/instances/miplib/medium-2/supportcase6.mps with config: /scratch/yorig/mpils-results-grid-ticks-10000-7may/medium-2/24proc/seed-5/9_supportcase6_seed-5_20260509_075205/iterated_local_search/run_1_worker_17/ils_config_13910363815288109897.prm
[INFO]:[07:52:24] Starting CPLEX solver on instance: /home/yorig/tuner/mpils-tests/instances/miplib/medium-2/supportcase6.mps with config: /scratch/yorig/mpils-results-grid-ticks-10000-7may/medium-2/24proc/seed-5/9_supportcase6_seed-5_20260509_075205/iterated_local_search/run_1_worker_17/ils_config_13910363815288109897.prm
[INFO]:[07:52:30] CPLEX results. Gap: 13.330000, upper bound: 52112.367686, lower bound: 45165.579073
[INFO]:[07:52:30] CPLEX solver finished. Gap: 13.330000
[INFO]:[07:52:30] Starting CPLEX solver on instance: /home/yorig/tuner/mpils-tests/instances/miplib/medium-2/supportcase6.mps with config: /scratch/yorig/mpils-results-grid-ticks-10000-7may/medium-2/24proc/seed-5/9_supportcase6_seed-5_20260509_075205/iterated_local_search/run_1_worker_17/ils_config_6724847821141133658.prm
[INFO]:[07:52:30] Starting CPLEX solver on instance: /home/yorig/tuner/mpils-tests/instances/miplib/medium-2/supportcase6.mps with config: /scratch/yorig/mpils-results-grid-ticks-10000-7may/medium-2/24proc/seed-5/9_supportcase6_seed-5_20260509_075205/iterated_local_search/run_1_worker_17/ils_config_6724847821141133658.prm
[INFO]:[07:52:36] CPLEX results. Gap: 37.640000, upper bound: 72431.056266, lower bound: 45165.327144
[INFO]:[07:52:36] CPLEX solver finished. Gap: 37.640000
[INFO]:[07:52:36] Starting CPLEX solver on instance: /home/yorig/tuner/mpils-tests/instances/miplib/medium-2/supportcase6.mps with config: /scratch/yorig/mpils-results-grid-ticks-10000-7may/medium-2/24proc/seed-5/9_supportcase6_seed-5_20260509_075205/iterated_local_search/run_1_worker_17/ils_config_2560024698388249850.prm
[INFO]:[07:52:36] Starting CPLEX solver on instance: /home/yorig/tuner/mpils-tests/instances/miplib/medium-2/supportcase6.mps with config: /scratch/yorig/mpils-results-grid-ticks-10000-7may/medium-2/24proc/seed-5/9_supportcase6_seed-5_20260509_075205/iterated_local_search/run_1_worker_17/ils_config_2560024698388249850.prm
[INFO]:[07:52:45] CPLEX results. Gap: 100.000000, upper bound: 102597.533860, lower bound: 0.000000
[INFO]:[07:52:45] CPLEX solver finished. Gap: 100.000000
[INFO]:[07:52:45] Starting CPLEX solver on instance: /home/yorig/tuner/mpils-tests/instances/miplib/medium-2/supportcase6.mps with config: /scratch/yorig/mpils-results-grid-ticks-10000-7may/medium-2/24proc/seed-5/9_supportcase6_seed-5_20260509_075205/iterated_local_search/run_1_worker_17/ils_config_13992070644022632028.prm
[INFO]:[07:52:45] Starting CPLEX solver on instance: /home/yorig/tuner/mpils-tests/instances/miplib/medium-2/supportcase6.mps with config: /scratch/yorig/mpils-results-grid-ticks-10000-7may/medium-2/24proc/seed-5/9_supportcase6_seed-5_20260509_075205/iterated_local_search/run_1_worker_17/ils_config_13992070644022632028.prm
[INFO]:[07:52:51] CPLEX results. Gap: 13.330000, upper bound: 52112.367686, lower bound: 45165.579073
[INFO]:[07:52:51] CPLEX solver finished. Gap: 13.330000
[INFO]:[07:52:51] Starting CPLEX solver on instance: /home/yorig/tuner/mpils-tests/instances/miplib/medium-2/supportcase6.mps with config: /scratch/yorig/mpils-results-grid-ticks-10000-7may/medium-2/24proc/seed-5/9_supportcase6_seed-5_20260509_075205/iterated_local_search/run_1_worker_17/ils_config_8590481166925578249.prm
[INFO]:[07:52:51] Starting CPLEX solver on instance: /home/yorig/tuner/mpils-tests/instances/miplib/medium-2/supportcase6.mps with config: /scratch/yorig/mpils-results-grid-ticks-10000-7may/medium-2/24proc/seed-5/9_supportcase6_seed-5_20260509_075205/iterated_local_search/run_1_worker_17/ils_config_8590481166925578249.prm
[INFO]:[07:52:57] CPLEX results. Gap: 13.330000, upper bound: 52112.367686, lower bound: 45165.579073
[INFO]:[07:52:57] CPLEX solver finished. Gap: 13.330000
[INFO]:[07:52:57] Starting CPLEX solver on instance: /home/yorig/tuner/mpils-tests/instances/miplib/medium-2/supportcase6.mps with config: /scratch/yorig/mpils-results-grid-ticks-10000-7may/medium-2/24proc/seed-5/9_supportcase6_seed-5_20260509_075205/iterated_local_search/run_1_worker_17/ils_config_9691436539211010134.prm
[INFO]:[07:52:57] Starting CPLEX solver on instance: /home/yorig/tuner/mpils-tests/instances/miplib/medium-2/supportcase6.mps with config: /scratch/yorig/mpils-results-grid-ticks-10000-7may/medium-2/24proc/seed-5/9_supportcase6_seed-5_20260509_075205/iterated_local_search/run_1_worker_17/ils_config_9691436539211010134.prm
[INFO]:[07:53:02] CPLEX results. Gap: 55.980000, upper bound: 102597.533860, lower bound: 45165.579073
[INFO]:[07:53:02] CPLEX solver finished. Gap: 55.980000
[INFO]:[07:53:02] Starting CPLEX solver on instance: /home/yorig/tuner/mpils-tests/instances/miplib/medium-2/supportcase6.mps with config: /scratch/yorig/mpils-results-grid-ticks-10000-7may/medium-2/24proc/seed-5/9_supportcase6_seed-5_20260509_075205/iterated_local_search/run_1_worker_17/ils_config_13139391291876596866.prm
[INFO]:[07:53:02] Starting CPLEX solver on instance: /home/yorig/tuner/mpils-tests/instances/miplib/medium-2/supportcase6.mps with config: /scratch/yorig/mpils-results-grid-ticks-10000-7may/medium-2/24proc/seed-5/9_supportcase6_seed-5_20260509_075205/iterated_local_search/run_1_worker_17/ils_config_13139391291876596866.prm
[INFO]:[07:53:08] CPLEX results. Gap: 55.980000, upper bound: 102597.533860, lower bound: 45165.579073
[INFO]:[07:53:08] CPLEX solver finished. Gap: 55.980000
[INFO]:[07:53:08] Starting CPLEX solver on instance: /home/yorig/tuner/mpils-tests/instances/miplib/medium-2/supportcase6.mps with config: /scratch/yorig/mpils-results-grid-ticks-10000-7may/medium-2/24proc/seed-5/9_supportcase6_seed-5_20260509_075205/iterated_local_search/run_1_worker_17/ils_config_4171945300905260471.prm
[INFO]:[07:53:08] Starting CPLEX solver on instance: /home/yorig/tuner/mpils-tests/instances/miplib/medium-2/supportcase6.mps with config: /scratch/yorig/mpils-results-grid-ticks-10000-7may/medium-2/24proc/seed-5/9_supportcase6_seed-5_20260509_075205/iterated_local_search/run_1_worker_17/ils_config_4171945300905260471.prm
[INFO]:[07:53:14] CPLEX results. Gap: 55.980000, upper bound: 102597.533860, lower bound: 45165.579073
[INFO]:[07:53:14] CPLEX solver finished. Gap: 55.980000
[INFO]:[07:53:14] Starting CPLEX solver on instance: /home/yorig/tuner/mpils-tests/instances/miplib/medium-2/supportcase6.mps with config: /scratch/yorig/mpils-results-grid-ticks-10000-7may/medium-2/24proc/seed-5/9_supportcase6_seed-5_20260509_075205/iterated_local_search/run_1_worker_17/ils_config_2526850224212674732.prm
[INFO]:[07:53:14] Starting CPLEX solver on instance: /home/yorig/tuner/mpils-tests/instances/miplib/medium-2/supportcase6.mps with config: /scratch/yorig/mpils-results-grid-ticks-10000-7may/medium-2/24proc/seed-5/9_supportcase6_seed-5_20260509_075205/iterated_local_search/run_1_worker_17/ils_config_2526850224212674732.prm
[INFO]:[07:53:20] CPLEX results. Gap: 13.330000, upper bound: 52112.367686, lower bound: 45165.579073
[INFO]:[07:53:20] CPLEX solver finished. Gap: 13.330000
[INFO]:[07:53:20] Starting CPLEX solver on instance: /home/yorig/tuner/mpils-tests/instances/miplib/medium-2/supportcase6.mps with config: /scratch/yorig/mpils-results-grid-ticks-10000-7may/medium-2/24proc/seed-5/9_supportcase6_seed-5_20260509_075205/iterated_local_search/run_1_worker_17/ils_config_4133659405594281933.prm
[INFO]:[07:53:20] Starting CPLEX solver on instance: /home/yorig/tuner/mpils-tests/instances/miplib/medium-2/supportcase6.mps with config: /scratch/yorig/mpils-results-grid-ticks-10000-7may/medium-2/24proc/seed-5/9_supportcase6_seed-5_20260509_075205/iterated_local_search/run_1_worker_17/ils_config_4133659405594281933.prm
[INFO]:[07:53:26] CPLEX results. Gap: 55.980000, upper bound: 102597.533860, lower bound: 45165.579073
[INFO]:[07:53:26] CPLEX solver finished. Gap: 55.980000
[INFO]:[07:53:26] Starting CPLEX solver on instance: /home/yorig/tuner/mpils-tests/instances/miplib/medium-2/supportcase6.mps with config: /scratch/yorig/mpils-results-grid-ticks-10000-7may/medium-2/24proc/seed-5/9_supportcase6_seed-5_20260509_075205/iterated_local_search/run_1_worker_17/ils_config_537247757834100997.prm
[INFO]:[07:53:26] Starting CPLEX solver on instance: /home/yorig/tuner/mpils-tests/instances/miplib/medium-2/supportcase6.mps with config: /scratch/yorig/mpils-results-grid-ticks-10000-7may/medium-2/24proc/seed-5/9_supportcase6_seed-5_20260509_075205/iterated_local_search/run_1_worker_17/ils_config_537247757834100997.prm
[INFO]:[07:53:32] CPLEX results. Gap: 13.330000, upper bound: 52112.367686, lower bound: 45165.579073
[INFO]:[07:53:32] CPLEX solver finished. Gap: 13.330000
[INFO]:[07:53:32] Starting CPLEX solver on instance: /home/yorig/tuner/mpils-tests/instances/miplib/medium-2/supportcase6.mps with config: /scratch/yorig/mpils-results-grid-ticks-10000-7may/medium-2/24proc/seed-5/9_supportcase6_seed-5_20260509_075205/iterated_local_search/run_1_worker_17/ils_config_11643751927616615552.prm
[INFO]:[07:53:32] Starting CPLEX solver on instance: /home/yorig/tuner/mpils-tests/instances/miplib/medium-2/supportcase6.mps with config: /scratch/yorig/mpils-results-grid-ticks-10000-7may/medium-2/24proc/seed-5/9_supportcase6_seed-5_20260509_075205/iterated_local_search/run_1_worker_17/ils_config_11643751927616615552.prm
[INFO]:[07:53:37] CPLEX results. Gap: 13.330000, upper bound: 52112.367686, lower bound: 45165.579073
[INFO]:[07:53:37] CPLEX solver finished. Gap: 13.330000
[INFO]:[07:53:37] Starting CPLEX solver on instance: /home/yorig/tuner/mpils-tests/instances/miplib/medium-2/supportcase6.mps with config: /scratch/yorig/mpils-results-grid-ticks-10000-7may/medium-2/24proc/seed-5/9_supportcase6_seed-5_20260509_075205/iterated_local_search/run_1_worker_17/ils_config_2090880208634590604.prm
[INFO]:[07:53:37] Starting CPLEX solver on instance: /home/yorig/tuner/mpils-tests/instances/miplib/medium-2/supportcase6.mps with config: /scratch/yorig/mpils-results-grid-ticks-10000-7may/medium-2/24proc/seed-5/9_supportcase6_seed-5_20260509_075205/iterated_local_search/run_1_worker_17/ils_config_2090880208634590604.prm
[INFO]:[07:53:43] CPLEX results. Gap: 13.330000, upper bound: 52112.367686, lower bound: 45165.579073
[INFO]:[07:53:43] CPLEX solver finished. Gap: 13.330000
[INFO]:[07:53:43] Starting CPLEX solver on instance: /home/yorig/tuner/mpils-tests/instances/miplib/medium-2/supportcase6.mps with config: /scratch/yorig/mpils-results-grid-ticks-10000-7may/medium-2/24proc/seed-5/9_supportcase6_seed-5_20260509_075205/iterated_local_search/run_1_worker_17/ils_config_6601413065112338701.prm
[INFO]:[07:53:43] Starting CPLEX solver on instance: /home/yorig/tuner/mpils-tests/instances/miplib/medium-2/supportcase6.mps with config: /scratch/yorig/mpils-results-grid-ticks-10000-7may/medium-2/24proc/seed-5/9_supportcase6_seed-5_20260509_075205/iterated_local_search/run_1_worker_17/ils_config_6601413065112338701.prm
[INFO]:[07:53:49] CPLEX results. Gap: 13.330000, upper bound: 52112.367686, lower bound: 45165.579073
[INFO]:[07:53:49] CPLEX solver finished. Gap: 13.330000
[INFO]:[07:53:49] Starting CPLEX solver on instance: /home/yorig/tuner/mpils-tests/instances/miplib/medium-2/supportcase6.mps with config: /scratch/yorig/mpils-results-grid-ticks-10000-7may/medium-2/24proc/seed-5/9_supportcase6_seed-5_20260509_075205/iterated_local_search/run_1_worker_17/ils_config_17206578684162143178.prm
[INFO]:[07:53:49] Starting CPLEX solver on instance: /home/yorig/tuner/mpils-tests/instances/miplib/medium-2/supportcase6.mps with config: /scratch/yorig/mpils-results-grid-ticks-10000-7may/medium-2/24proc/seed-5/9_supportcase6_seed-5_20260509_075205/iterated_local_search/run_1_worker_17/ils_config_17206578684162143178.prm
[INFO]:[07:53:55] CPLEX results. Gap: 55.980000, upper bound: 102597.533860, lower bound: 45165.579073
[INFO]:[07:53:55] CPLEX solver finished. Gap: 55.980000
[INFO]:[07:53:55] Starting CPLEX solver on instance: /home/yorig/tuner/mpils-tests/instances/miplib/medium-2/supportcase6.mps with config: /scratch/yorig/mpils-results-grid-ticks-10000-7may/medium-2/24proc/seed-5/9_supportcase6_seed-5_20260509_075205/iterated_local_search/run_1_worker_17/ils_config_980493307225184957.prm
[INFO]:[07:53:55] Starting CPLEX solver on instance: /home/yorig/tuner/mpils-tests/instances/miplib/medium-2/supportcase6.mps with config: /scratch/yorig/mpils-results-grid-ticks-10000-7may/medium-2/24proc/seed-5/9_supportcase6_seed-5_20260509_075205/iterated_local_search/run_1_worker_17/ils_config_980493307225184957.prm
[INFO]:[07:54:01] CPLEX results. Gap: 13.330000, upper bound: 52112.367686, lower bound: 45165.579073
[INFO]:[07:54:01] CPLEX solver finished. Gap: 13.330000
[INFO]:[07:54:01] Starting CPLEX solver on instance: /home/yorig/tuner/mpils-tests/instances/miplib/medium-2/supportcase6.mps with config: /scratch/yorig/mpils-results-grid-ticks-10000-7may/medium-2/24proc/seed-5/9_supportcase6_seed-5_20260509_075205/iterated_local_search/run_1_worker_17/ils_config_3952446594019603402.prm
[INFO]:[07:54:01] Starting CPLEX solver on instance: /home/yorig/tuner/mpils-tests/instances/miplib/medium-2/supportcase6.mps with config: /scratch/yorig/mpils-results-grid-ticks-10000-7may/medium-2/24proc/seed-5/9_supportcase6_seed-5_20260509_075205/iterated_local_search/run_1_worker_17/ils_config_3952446594019603402.prm
[INFO]:[07:54:07] CPLEX results. Gap: 13.330000, upper bound: 52112.367686, lower bound: 45165.579073
[INFO]:[07:54:07] CPLEX solver finished. Gap: 13.330000
[INFO]:[07:54:07] Local search phase completed.
[INFO]:[07:54:07] Total number of new local-search evaluations: 20
[INFO]:[07:54:07] Final incumbent objective value: 13.33
[INFO]:[07:54:50] Worker 17 completed exploration phase.
[INFO]:[07:54:50] Worker 17 received order for step 2.
[INFO]:[07:54:50] Worker 17 running expansion phase for iteration 1.
[INFO]:[07:54:50] Worker 17 will use solver log file: /scratch/yorig/mpils-results-grid-ticks-10000-7may/medium-2/24proc/seed-5/9_supportcase6_seed-5_20260509_075205/solver/cplex.log_iteration_expansion_1_worker_17
[INFO]:[07:54:50] Expansion Worker 17 starting expansion for iteration 1.
[INFO]:[07:54:50] Starting CPLEX solver on instance: /home/yorig/tuner/mpils-tests/instances/miplib/medium-2/supportcase6.mps with config: /scratch/yorig/mpils-results-grid-ticks-10000-7may/medium-2/24proc/seed-5/9_supportcase6_seed-5_20260509_075205/expansion/config_param_CPXPARAM_MIP_Strategy_Dive_2_iter_1.prm
[INFO]:[07:54:56] CPLEX results. Gap: 13.330000, upper bound: 52112.367686, lower bound: 45165.579073
[INFO]:[07:54:56] CPLEX solver finished. Gap: 13.330000
[INFO]:[07:54:59] Starting CPLEX solver on instance: /home/yorig/tuner/mpils-tests/instances/miplib/medium-2/supportcase6.mps with config: /scratch/yorig/mpils-results-grid-ticks-10000-7may/medium-2/24proc/seed-5/9_supportcase6_seed-5_20260509_075205/expansion/config_param_CPXPARAM_MIP_Strategy_BBInterval_3_iter_1.prm
[INFO]:[07:55:05] CPLEX results. Gap: 13.330000, upper bound: 52112.367686, lower bound: 45165.579073
[INFO]:[07:55:05] CPLEX solver finished. Gap: 13.330000
[INFO]:[07:55:13] Expansion Worker 17 completed expansion.
[INFO]:[07:55:13] Worker 17 completed expansion phase.
[INFO]:[07:55:13] Worker 17 received order for step 1.
[INFO]:[07:55:13] Worker 17 running exploration phase for iteration 2.
[INFO]:[07:55:13] Worker 17 at iteration 2 will not use a MIP start file. Current best MIP-start upper bound threshold is 1.79769e+308.
[INFO]:[07:55:13] Starting local search phase...
[INFO]:[07:55:13] Creating local search space from parameter space file: /scratch/yorig/mpils-results-grid-ticks-10000-7may/medium-2/24proc/seed-5/9_supportcase6_seed-5_20260509_075205/iterated_local_search/search_space/search_space_file_2_worker_17.txt
[INFO]:[07:55:13] Local search space loaded from file: /scratch/yorig/mpils-results-grid-ticks-10000-7may/medium-2/24proc/seed-5/9_supportcase6_seed-5_20260509_075205/iterated_local_search/search_space/search_space_file_2_worker_17.txt
[INFO]:[07:55:13] Number of parameters in local search space: 71
[INFO]:[07:55:13] Number of forbidden tuples in local search space: 26
[INFO]:[07:55:13] Number of conditionals in local search space: 6
[INFO]:[07:55:13] MIP start option not enabled. Local search will proceed without MIP start.
[INFO]:[07:55:13] Evaluating initial configuration for local search phase...
[INFO]:[07:55:13] Starting CPLEX solver on instance: /home/yorig/tuner/mpils-tests/instances/miplib/medium-2/supportcase6.mps with config: /scratch/yorig/mpils-results-grid-ticks-10000-7may/medium-2/24proc/seed-5/9_supportcase6_seed-5_20260509_075205/iterated_local_search/run_2_worker_17/ils_config_11912929672451095075.prm
[INFO]:[07:55:13] Starting CPLEX solver on instance: /home/yorig/tuner/mpils-tests/instances/miplib/medium-2/supportcase6.mps with config: /scratch/yorig/mpils-results-grid-ticks-10000-7may/medium-2/24proc/seed-5/9_supportcase6_seed-5_20260509_075205/iterated_local_search/run_2_worker_17/ils_config_11912929672451095075.prm
[INFO]:[07:55:20] CPLEX results. Gap: 37.620000, upper bound: 72344.935098, lower bound: 45125.310377
[INFO]:[07:55:20] CPLEX solver finished. Gap: 37.620000
[INFO]:[07:55:20] Initial configuration evaluated with objective value: 37.62
[INFO]:[07:55:20] Starting CPLEX solver on instance: /home/yorig/tuner/mpils-tests/instances/miplib/medium-2/supportcase6.mps with config: /scratch/yorig/mpils-results-grid-ticks-10000-7may/medium-2/24proc/seed-5/9_supportcase6_seed-5_20260509_075205/iterated_local_search/run_2_worker_17/ils_config_13933989946895023023.prm
[INFO]:[07:55:20] Starting CPLEX solver on instance: /home/yorig/tuner/mpils-tests/instances/miplib/medium-2/supportcase6.mps with config: /scratch/yorig/mpils-results-grid-ticks-10000-7may/medium-2/24proc/seed-5/9_supportcase6_seed-5_20260509_075205/iterated_local_search/run_2_worker_17/ils_config_13933989946895023023.prm
[INFO]:[07:55:27] CPLEX results. Gap: 51.310000, upper bound: 92599.946613, lower bound: 45090.732163
[INFO]:[07:55:27] CPLEX solver finished. Gap: 51.310000
[INFO]:[07:55:27] Starting CPLEX solver on instance: /home/yorig/tuner/mpils-tests/instances/miplib/medium-2/supportcase6.mps with config: /scratch/yorig/mpils-results-grid-ticks-10000-7may/medium-2/24proc/seed-5/9_supportcase6_seed-5_20260509_075205/iterated_local_search/run_2_worker_17/ils_config_5575782304947552574.prm
[INFO]:[07:55:27] Starting CPLEX solver on instance: /home/yorig/tuner/mpils-tests/instances/miplib/medium-2/supportcase6.mps with config: /scratch/yorig/mpils-results-grid-ticks-10000-7may/medium-2/24proc/seed-5/9_supportcase6_seed-5_20260509_075205/iterated_local_search/run_2_worker_17/ils_config_5575782304947552574.prm
[INFO]:[07:55:35] CPLEX results. Gap: 100.000000, upper bound: 102597.533860, lower bound: 0.000000
[INFO]:[07:55:35] CPLEX solver finished. Gap: 100.000000
[INFO]:[07:55:35] Starting CPLEX solver on instance: /home/yorig/tuner/mpils-tests/instances/miplib/medium-2/supportcase6.mps with config: /scratch/yorig/mpils-results-grid-ticks-10000-7may/medium-2/24proc/seed-5/9_supportcase6_seed-5_20260509_075205/iterated_local_search/run_2_worker_17/ils_config_13405412735218309751.prm
[INFO]:[07:55:35] Starting CPLEX solver on instance: /home/yorig/tuner/mpils-tests/instances/miplib/medium-2/supportcase6.mps with config: /scratch/yorig/mpils-results-grid-ticks-10000-7may/medium-2/24proc/seed-5/9_supportcase6_seed-5_20260509_075205/iterated_local_search/run_2_worker_17/ils_config_13405412735218309751.prm
[INFO]:[07:55:43] CPLEX results. Gap: 100.000000, upper bound: 102597.533860, lower bound: 0.000000
[INFO]:[07:55:43] CPLEX solver finished. Gap: 100.000000
[INFO]:[07:55:43] Starting CPLEX solver on instance: /home/yorig/tuner/mpils-tests/instances/miplib/medium-2/supportcase6.mps with config: /scratch/yorig/mpils-results-grid-ticks-10000-7may/medium-2/24proc/seed-5/9_supportcase6_seed-5_20260509_075205/iterated_local_search/run_2_worker_17/ils_config_4161201109861534293.prm
[INFO]:[07:55:43] Starting CPLEX solver on instance: /home/yorig/tuner/mpils-tests/instances/miplib/medium-2/supportcase6.mps with config: /scratch/yorig/mpils-results-grid-ticks-10000-7may/medium-2/24proc/seed-5/9_supportcase6_seed-5_20260509_075205/iterated_local_search/run_2_worker_17/ils_config_4161201109861534293.prm
[INFO]:[07:55:49] CPLEX results. Gap: 37.620000, upper bound: 72344.935098, lower bound: 45125.310377
[INFO]:[07:55:50] CPLEX solver finished. Gap: 37.620000
[INFO]:[07:55:50] Local search phase completed.
[INFO]:[07:55:50] Total number of new local-search evaluations: 5
[INFO]:[07:55:50] Final incumbent objective value: 37.62
[INFO]:[07:55:54] Worker 17 completed exploration phase.
[INFO]:[07:55:54] Worker 17 received order for step 2.
[INFO]:[07:55:54] Worker 17 running expansion phase for iteration 2.
[INFO]:[07:55:54] Worker 17 will use solver log file: /scratch/yorig/mpils-results-grid-ticks-10000-7may/medium-2/24proc/seed-5/9_supportcase6_seed-5_20260509_075205/solver/cplex.log_iteration_expansion_2_worker_17
[INFO]:[07:55:54] Expansion Worker 17 starting expansion for iteration 2.
[INFO]:[07:55:54] Starting CPLEX solver on instance: /home/yorig/tuner/mpils-tests/instances/miplib/medium-2/supportcase6.mps with config: /scratch/yorig/mpils-results-grid-ticks-10000-7may/medium-2/24proc/seed-5/9_supportcase6_seed-5_20260509_075205/expansion/config_param_CPXPARAM_MIP_Strategy_HeuristicFreq_40_iter_2.prm
[INFO]:[07:56:00] CPLEX results. Gap: 13.330000, upper bound: 52112.367686, lower bound: 45165.579073
[INFO]:[07:56:00] CPLEX solver finished. Gap: 13.330000
[INFO]:[07:56:02] Expansion Worker 17 stopping early after global MPI expansion stop was activated.
[INFO]:[07:56:02] Expansion Worker 17 completed expansion.
[INFO]:[07:56:02] Worker 17 completed expansion phase.
[INFO]:[07:56:02] Worker 17 received order for step 1.
[INFO]:[07:56:02] Worker 17 running exploration phase for iteration 3.
[INFO]:[07:56:02] Worker 17 at iteration 3 will not use a MIP start file. Current best MIP-start upper bound threshold is 1.79769e+308.
[INFO]:[07:56:02] Starting local search phase...
[INFO]:[07:56:02] Creating local search space from parameter space file: /scratch/yorig/mpils-results-grid-ticks-10000-7may/medium-2/24proc/seed-5/9_supportcase6_seed-5_20260509_075205/iterated_local_search/search_space/search_space_file_3_worker_17.txt
[INFO]:[07:56:02] Local search space loaded from file: /scratch/yorig/mpils-results-grid-ticks-10000-7may/medium-2/24proc/seed-5/9_supportcase6_seed-5_20260509_075205/iterated_local_search/search_space/search_space_file_3_worker_17.txt
[INFO]:[07:56:02] Number of parameters in local search space: 71
[INFO]:[07:56:02] Number of forbidden tuples in local search space: 28
[INFO]:[07:56:02] Number of conditionals in local search space: 6
[INFO]:[07:56:02] MIP start option not enabled. Local search will proceed without MIP start.
[INFO]:[07:56:02] Evaluating initial configuration for local search phase...
[INFO]:[07:56:02] Starting CPLEX solver on instance: /home/yorig/tuner/mpils-tests/instances/miplib/medium-2/supportcase6.mps with config: /scratch/yorig/mpils-results-grid-ticks-10000-7may/medium-2/24proc/seed-5/9_supportcase6_seed-5_20260509_075205/iterated_local_search/run_3_worker_17/ils_config_17314941030243600730.prm
[INFO]:[07:56:02] Starting CPLEX solver on instance: /home/yorig/tuner/mpils-tests/instances/miplib/medium-2/supportcase6.mps with config: /scratch/yorig/mpils-results-grid-ticks-10000-7may/medium-2/24proc/seed-5/9_supportcase6_seed-5_20260509_075205/iterated_local_search/run_3_worker_17/ils_config_17314941030243600730.prm
[INFO]:[07:56:07] CPLEX results. Gap: 55.980000, upper bound: 102597.533860, lower bound: 45166.059928
[INFO]:[07:56:07] CPLEX solver finished. Gap: 55.980000
[INFO]:[07:56:07] Initial configuration evaluated with objective value: 55.98
[INFO]:[07:56:07] Starting CPLEX solver on instance: /home/yorig/tuner/mpils-tests/instances/miplib/medium-2/supportcase6.mps with config: /scratch/yorig/mpils-results-grid-ticks-10000-7may/medium-2/24proc/seed-5/9_supportcase6_seed-5_20260509_075205/iterated_local_search/run_3_worker_17/ils_config_15336822928242465290.prm
[INFO]:[07:56:07] Starting CPLEX solver on instance: /home/yorig/tuner/mpils-tests/instances/miplib/medium-2/supportcase6.mps with config: /scratch/yorig/mpils-results-grid-ticks-10000-7may/medium-2/24proc/seed-5/9_supportcase6_seed-5_20260509_075205/iterated_local_search/run_3_worker_17/ils_config_15336822928242465290.prm
[INFO]:[07:56:13] CPLEX results. Gap: 55.980000, upper bound: 102597.533860, lower bound: 45160.585035
[INFO]:[07:56:13] CPLEX solver finished. Gap: 55.980000
[INFO]:[07:56:13] Starting CPLEX solver on instance: /home/yorig/tuner/mpils-tests/instances/miplib/medium-2/supportcase6.mps with config: /scratch/yorig/mpils-results-grid-ticks-10000-7may/medium-2/24proc/seed-5/9_supportcase6_seed-5_20260509_075205/iterated_local_search/run_3_worker_17/ils_config_6228600450372975865.prm
[INFO]:[07:56:13] Starting CPLEX solver on instance: /home/yorig/tuner/mpils-tests/instances/miplib/medium-2/supportcase6.mps with config: /scratch/yorig/mpils-results-grid-ticks-10000-7may/medium-2/24proc/seed-5/9_supportcase6_seed-5_20260509_075205/iterated_local_search/run_3_worker_17/ils_config_6228600450372975865.prm
[INFO]:[07:56:21] CPLEX results. Gap: 100.000000, upper bound: 102597.533860, lower bound: 0.000000
[INFO]:[07:56:21] CPLEX solver finished. Gap: 100.000000
[INFO]:[07:56:21] Starting CPLEX solver on instance: /home/yorig/tuner/mpils-tests/instances/miplib/medium-2/supportcase6.mps with config: /scratch/yorig/mpils-results-grid-ticks-10000-7may/medium-2/24proc/seed-5/9_supportcase6_seed-5_20260509_075205/iterated_local_search/run_3_worker_17/ils_config_17172383046456516031.prm
[INFO]:[07:56:21] Starting CPLEX solver on instance: /home/yorig/tuner/mpils-tests/instances/miplib/medium-2/supportcase6.mps with config: /scratch/yorig/mpils-results-grid-ticks-10000-7may/medium-2/24proc/seed-5/9_supportcase6_seed-5_20260509_075205/iterated_local_search/run_3_worker_17/ils_config_17172383046456516031.prm
[INFO]:[07:56:26] CPLEX results. Gap: 55.980000, upper bound: 102597.533860, lower bound: 45160.585035
[INFO]:[07:56:26] CPLEX solver finished. Gap: 55.980000
[INFO]:[07:56:26] Starting CPLEX solver on instance: /home/yorig/tuner/mpils-tests/instances/miplib/medium-2/supportcase6.mps with config: /scratch/yorig/mpils-results-grid-ticks-10000-7may/medium-2/24proc/seed-5/9_supportcase6_seed-5_20260509_075205/iterated_local_search/run_3_worker_17/ils_config_16047700966200697901.prm
[INFO]:[07:56:26] Starting CPLEX solver on instance: /home/yorig/tuner/mpils-tests/instances/miplib/medium-2/supportcase6.mps with config: /scratch/yorig/mpils-results-grid-ticks-10000-7may/medium-2/24proc/seed-5/9_supportcase6_seed-5_20260509_075205/iterated_local_search/run_3_worker_17/ils_config_16047700966200697901.prm
[INFO]:[07:56:32] CPLEX results. Gap: 55.980000, upper bound: 102597.533860, lower bound: 45160.585035
[INFO]:[07:56:32] CPLEX solver finished. Gap: 55.980000
[INFO]:[07:56:32] Starting CPLEX solver on instance: /home/yorig/tuner/mpils-tests/instances/miplib/medium-2/supportcase6.mps with config: /scratch/yorig/mpils-results-grid-ticks-10000-7may/medium-2/24proc/seed-5/9_supportcase6_seed-5_20260509_075205/iterated_local_search/run_3_worker_17/ils_config_6727118629261687139.prm
[INFO]:[07:56:32] Starting CPLEX solver on instance: /home/yorig/tuner/mpils-tests/instances/miplib/medium-2/supportcase6.mps with config: /scratch/yorig/mpils-results-grid-ticks-10000-7may/medium-2/24proc/seed-5/9_supportcase6_seed-5_20260509_075205/iterated_local_search/run_3_worker_17/ils_config_6727118629261687139.prm
[INFO]:[07:56:37] CPLEX results. Gap: 55.980000, upper bound: 102597.533860, lower bound: 45166.059928
[INFO]:[07:56:37] CPLEX solver finished. Gap: 55.980000
[INFO]:[07:56:37] Starting CPLEX solver on instance: /home/yorig/tuner/mpils-tests/instances/miplib/medium-2/supportcase6.mps with config: /scratch/yorig/mpils-results-grid-ticks-10000-7may/medium-2/24proc/seed-5/9_supportcase6_seed-5_20260509_075205/iterated_local_search/run_3_worker_17/ils_config_5472516569329733848.prm
[INFO]:[07:56:37] Starting CPLEX solver on instance: /home/yorig/tuner/mpils-tests/instances/miplib/medium-2/supportcase6.mps with config: /scratch/yorig/mpils-results-grid-ticks-10000-7may/medium-2/24proc/seed-5/9_supportcase6_seed-5_20260509_075205/iterated_local_search/run_3_worker_17/ils_config_5472516569329733848.prm
[INFO]:[07:56:43] CPLEX results. Gap: 55.980000, upper bound: 102597.533860, lower bound: 45166.059928
[INFO]:[07:56:43] CPLEX solver finished. Gap: 55.980000
[INFO]:[07:56:43] Starting CPLEX solver on instance: /home/yorig/tuner/mpils-tests/instances/miplib/medium-2/supportcase6.mps with config: /scratch/yorig/mpils-results-grid-ticks-10000-7may/medium-2/24proc/seed-5/9_supportcase6_seed-5_20260509_075205/iterated_local_search/run_3_worker_17/ils_config_11471537796793353590.prm
[INFO]:[07:56:43] Starting CPLEX solver on instance: /home/yorig/tuner/mpils-tests/instances/miplib/medium-2/supportcase6.mps with config: /scratch/yorig/mpils-results-grid-ticks-10000-7may/medium-2/24proc/seed-5/9_supportcase6_seed-5_20260509_075205/iterated_local_search/run_3_worker_17/ils_config_11471537796793353590.prm
[INFO]:[07:56:51] CPLEX results. Gap: 100.000000, upper bound: 102597.533860, lower bound: 0.000000
[INFO]:[07:56:51] CPLEX solver finished. Gap: 100.000000
[INFO]:[07:56:51] Starting CPLEX solver on instance: /home/yorig/tuner/mpils-tests/instances/miplib/medium-2/supportcase6.mps with config: /scratch/yorig/mpils-results-grid-ticks-10000-7may/medium-2/24proc/seed-5/9_supportcase6_seed-5_20260509_075205/iterated_local_search/run_3_worker_17/ils_config_15575632854261408722.prm
[INFO]:[07:56:51] Starting CPLEX solver on instance: /home/yorig/tuner/mpils-tests/instances/miplib/medium-2/supportcase6.mps with config: /scratch/yorig/mpils-results-grid-ticks-10000-7may/medium-2/24proc/seed-5/9_supportcase6_seed-5_20260509_075205/iterated_local_search/run_3_worker_17/ils_config_15575632854261408722.prm
[INFO]:[07:56:56] CPLEX results. Gap: 55.980000, upper bound: 102597.533860, lower bound: 45160.585035
[INFO]:[07:56:56] CPLEX solver finished. Gap: 55.980000
[INFO]:[07:56:56] Starting CPLEX solver on instance: /home/yorig/tuner/mpils-tests/instances/miplib/medium-2/supportcase6.mps with config: /scratch/yorig/mpils-results-grid-ticks-10000-7may/medium-2/24proc/seed-5/9_supportcase6_seed-5_20260509_075205/iterated_local_search/run_3_worker_17/ils_config_5730849592950973415.prm
[INFO]:[07:56:56] Starting CPLEX solver on instance: /home/yorig/tuner/mpils-tests/instances/miplib/medium-2/supportcase6.mps with config: /scratch/yorig/mpils-results-grid-ticks-10000-7may/medium-2/24proc/seed-5/9_supportcase6_seed-5_20260509_075205/iterated_local_search/run_3_worker_17/ils_config_5730849592950973415.prm
[INFO]:[07:57:02] CPLEX results. Gap: 13.150000, upper bound: 51999.634479, lower bound: 45160.585035
[INFO]:[07:57:02] CPLEX solver finished. Gap: 13.150000
[INFO]:[07:57:02] New incumbent found with objective value: 13.15
[INFO]:[07:57:02] Local search phase completed.
[INFO]:[07:57:02] Total number of new local-search evaluations: 10
[INFO]:[07:57:02] Final incumbent objective value: 13.15
[INFO]:[07:57:21] Worker 17 completed exploration phase.
[INFO]:[07:57:21] Worker 17 received order for step 2.
[INFO]:[07:57:21] Worker 17 running expansion phase for iteration 3.
[INFO]:[07:57:21] Worker 17 will use solver log file: /scratch/yorig/mpils-results-grid-ticks-10000-7may/medium-2/24proc/seed-5/9_supportcase6_seed-5_20260509_075205/solver/cplex.log_iteration_expansion_3_worker_17
[INFO]:[07:57:21] Expansion Worker 17 starting expansion for iteration 3.
[INFO]:[07:57:21] Starting CPLEX solver on instance: /home/yorig/tuner/mpils-tests/instances/miplib/medium-2/supportcase6.mps with config: /scratch/yorig/mpils-results-grid-ticks-10000-7may/medium-2/24proc/seed-5/9_supportcase6_seed-5_20260509_075205/expansion/config_param_CPXPARAM_MIP_Limits_AggForCut_0_iter_3.prm
[INFO]:[07:57:27] CPLEX results. Gap: 13.100000, upper bound: 51972.057840, lower bound: 45165.579073
[INFO]:[07:57:27] CPLEX solver finished. Gap: 13.100000
[INFO]:[07:57:34] Expansion Worker 17 completed expansion.
[INFO]:[07:57:34] Worker 17 completed expansion phase.
[INFO]:[07:57:34] Worker 17 received order for step 1.
[INFO]:[07:57:34] Worker 17 running exploration phase for iteration 4.
[INFO]:[07:57:34] Worker 17 at iteration 4 will not use a MIP start file. Current best MIP-start upper bound threshold is 1.79769e+308.
[INFO]:[07:57:34] Starting local search phase...
[INFO]:[07:57:34] Creating local search space from parameter space file: /scratch/yorig/mpils-results-grid-ticks-10000-7may/medium-2/24proc/seed-5/9_supportcase6_seed-5_20260509_075205/iterated_local_search/search_space/search_space_file_4_worker_17.txt
[INFO]:[07:57:34] Local search space loaded from file: /scratch/yorig/mpils-results-grid-ticks-10000-7may/medium-2/24proc/seed-5/9_supportcase6_seed-5_20260509_075205/iterated_local_search/search_space/search_space_file_4_worker_17.txt
[INFO]:[07:57:34] Number of parameters in local search space: 71
[INFO]:[07:57:34] Number of forbidden tuples in local search space: 28
[INFO]:[07:57:34] Number of conditionals in local search space: 6
[INFO]:[07:57:34] MIP start option not enabled. Local search will proceed without MIP start.
[INFO]:[07:57:34] Evaluating initial configuration for local search phase...
[INFO]:[07:57:34] Starting CPLEX solver on instance: /home/yorig/tuner/mpils-tests/instances/miplib/medium-2/supportcase6.mps with config: /scratch/yorig/mpils-results-grid-ticks-10000-7may/medium-2/24proc/seed-5/9_supportcase6_seed-5_20260509_075205/iterated_local_search/run_4_worker_17/ils_config_16448048450553965943.prm
[INFO]:[07:57:34] Starting CPLEX solver on instance: /home/yorig/tuner/mpils-tests/instances/miplib/medium-2/supportcase6.mps with config: /scratch/yorig/mpils-results-grid-ticks-10000-7may/medium-2/24proc/seed-5/9_supportcase6_seed-5_20260509_075205/iterated_local_search/run_4_worker_17/ils_config_16448048450553965943.prm
[INFO]:[07:57:41] CPLEX results. Gap: 100.000000, upper bound: 102597.533860, lower bound: 0.000000
[INFO]:[07:57:41] CPLEX solver finished. Gap: 100.000000
[INFO]:[07:57:41] Initial configuration evaluated with objective value: 100
[INFO]:[07:57:41] Starting CPLEX solver on instance: /home/yorig/tuner/mpils-tests/instances/miplib/medium-2/supportcase6.mps with config: /scratch/yorig/mpils-results-grid-ticks-10000-7may/medium-2/24proc/seed-5/9_supportcase6_seed-5_20260509_075205/iterated_local_search/run_4_worker_17/ils_config_13126366732815024124.prm
[INFO]:[07:57:41] Starting CPLEX solver on instance: /home/yorig/tuner/mpils-tests/instances/miplib/medium-2/supportcase6.mps with config: /scratch/yorig/mpils-results-grid-ticks-10000-7may/medium-2/24proc/seed-5/9_supportcase6_seed-5_20260509_075205/iterated_local_search/run_4_worker_17/ils_config_13126366732815024124.prm
[INFO]:[07:57:49] CPLEX results. Gap: 100.000000, upper bound: 102597.533860, lower bound: 0.000000
[INFO]:[07:57:49] CPLEX solver finished. Gap: 100.000000
[INFO]:[07:57:49] Starting CPLEX solver on instance: /home/yorig/tuner/mpils-tests/instances/miplib/medium-2/supportcase6.mps with config: /scratch/yorig/mpils-results-grid-ticks-10000-7may/medium-2/24proc/seed-5/9_supportcase6_seed-5_20260509_075205/iterated_local_search/run_4_worker_17/ils_config_12285021328262648096.prm
[INFO]:[07:57:49] Starting CPLEX solver on instance: /home/yorig/tuner/mpils-tests/instances/miplib/medium-2/supportcase6.mps with config: /scratch/yorig/mpils-results-grid-ticks-10000-7may/medium-2/24proc/seed-5/9_supportcase6_seed-5_20260509_075205/iterated_local_search/run_4_worker_17/ils_config_12285021328262648096.prm
[INFO]:[07:57:56] CPLEX results. Gap: 100.000000, upper bound: 102597.533860, lower bound: 0.000000
[INFO]:[07:57:56] CPLEX solver finished. Gap: 100.000000
[INFO]:[07:57:56] Starting CPLEX solver on instance: /home/yorig/tuner/mpils-tests/instances/miplib/medium-2/supportcase6.mps with config: /scratch/yorig/mpils-results-grid-ticks-10000-7may/medium-2/24proc/seed-5/9_supportcase6_seed-5_20260509_075205/iterated_local_search/run_4_worker_17/ils_config_3925251580459579118.prm
[INFO]:[07:57:56] Starting CPLEX solver on instance: /home/yorig/tuner/mpils-tests/instances/miplib/medium-2/supportcase6.mps with config: /scratch/yorig/mpils-results-grid-ticks-10000-7may/medium-2/24proc/seed-5/9_supportcase6_seed-5_20260509_075205/iterated_local_search/run_4_worker_17/ils_config_3925251580459579118.prm
[INFO]:[07:58:04] CPLEX results. Gap: 100.000000, upper bound: 102597.533860, lower bound: 0.000000
[INFO]:[07:58:04] CPLEX solver finished. Gap: 100.000000
[INFO]:[07:58:04] Starting CPLEX solver on instance: /home/yorig/tuner/mpils-tests/instances/miplib/medium-2/supportcase6.mps with config: /scratch/yorig/mpils-results-grid-ticks-10000-7may/medium-2/24proc/seed-5/9_supportcase6_seed-5_20260509_075205/iterated_local_search/run_4_worker_17/ils_config_9996191503885740451.prm
[INFO]:[07:58:04] Starting CPLEX solver on instance: /home/yorig/tuner/mpils-tests/instances/miplib/medium-2/supportcase6.mps with config: /scratch/yorig/mpils-results-grid-ticks-10000-7may/medium-2/24proc/seed-5/9_supportcase6_seed-5_20260509_075205/iterated_local_search/run_4_worker_17/ils_config_9996191503885740451.prm
[INFO]:[07:58:10] CPLEX results. Gap: 56.050000, upper bound: 102597.533860, lower bound: 45090.732163
[INFO]:[07:58:10] CPLEX solver finished. Gap: 56.050000
[INFO]:[07:58:10] New incumbent found with objective value: 56.05
[INFO]:[07:58:10] Starting CPLEX solver on instance: /home/yorig/tuner/mpils-tests/instances/miplib/medium-2/supportcase6.mps with config: /scratch/yorig/mpils-results-grid-ticks-10000-7may/medium-2/24proc/seed-5/9_supportcase6_seed-5_20260509_075205/iterated_local_search/run_4_worker_17/ils_config_13192957021015230308.prm
[INFO]:[07:58:10] Starting CPLEX solver on instance: /home/yorig/tuner/mpils-tests/instances/miplib/medium-2/supportcase6.mps with config: /scratch/yorig/mpils-results-grid-ticks-10000-7may/medium-2/24proc/seed-5/9_supportcase6_seed-5_20260509_075205/iterated_local_search/run_4_worker_17/ils_config_13192957021015230308.prm
[INFO]:[07:58:16] CPLEX results. Gap: 56.050000, upper bound: 102597.533860, lower bound: 45090.732163
[INFO]:[07:58:16] CPLEX solver finished. Gap: 56.050000
[INFO]:[07:58:16] Starting CPLEX solver on instance: /home/yorig/tuner/mpils-tests/instances/miplib/medium-2/supportcase6.mps with config: /scratch/yorig/mpils-results-grid-ticks-10000-7may/medium-2/24proc/seed-5/9_supportcase6_seed-5_20260509_075205/iterated_local_search/run_4_worker_17/ils_config_15972903786327593537.prm
[INFO]:[07:58:16] Starting CPLEX solver on instance: /home/yorig/tuner/mpils-tests/instances/miplib/medium-2/supportcase6.mps with config: /scratch/yorig/mpils-results-grid-ticks-10000-7may/medium-2/24proc/seed-5/9_supportcase6_seed-5_20260509_075205/iterated_local_search/run_4_worker_17/ils_config_15972903786327593537.prm
[INFO]:[07:58:22] CPLEX results. Gap: 56.050000, upper bound: 102597.533860, lower bound: 45090.732163
[INFO]:[07:58:22] CPLEX solver finished. Gap: 56.050000
[INFO]:[07:58:22] Local search phase completed.
[INFO]:[07:58:22] Total number of new local-search evaluations: 7
[INFO]:[07:58:22] Final incumbent objective value: 56.05
[INFO]:[07:58:29] Worker 17 completed exploration phase.
[INFO]:[07:58:29] Worker 17 received order for step 2.
[INFO]:[07:58:29] Worker 17 running expansion phase for iteration 4.
[INFO]:[07:58:29] Worker 17 will use solver log file: /scratch/yorig/mpils-results-grid-ticks-10000-7may/medium-2/24proc/seed-5/9_supportcase6_seed-5_20260509_075205/solver/cplex.log_iteration_expansion_4_worker_17
[INFO]:[07:58:29] Expansion Worker 17 starting expansion for iteration 4.
[INFO]:[07:58:29] Starting CPLEX solver on instance: /home/yorig/tuner/mpils-tests/instances/miplib/medium-2/supportcase6.mps with config: /scratch/yorig/mpils-results-grid-ticks-10000-7may/medium-2/24proc/seed-5/9_supportcase6_seed-5_20260509_075205/expansion/config_param_CPXPARAM_MIP_OrderType_2_iter_4.prm
[INFO]:[07:58:35] CPLEX results. Gap: 0.210000, upper bound: 51999.634479, lower bound: 51891.352715
[INFO]:[07:58:35] CPLEX solver finished. Gap: 0.210000
[INFO]:[07:58:42] Expansion Worker 17 completed expansion.
[INFO]:[07:58:42] Worker 17 completed expansion phase.
[INFO]:[07:58:42] Worker 17 received order for step 1.
[INFO]:[07:58:42] Worker 17 running exploration phase for iteration 5.
[INFO]:[07:58:42] Worker 17 at iteration 5 will not use a MIP start file. Current best MIP-start upper bound threshold is 1.79769e+308.
[INFO]:[07:58:42] Starting local search phase...
[INFO]:[07:58:42] Creating local search space from parameter space file: /scratch/yorig/mpils-results-grid-ticks-10000-7may/medium-2/24proc/seed-5/9_supportcase6_seed-5_20260509_075205/iterated_local_search/search_space/search_space_file_5_worker_17.txt
[INFO]:[07:58:42] Local search space loaded from file: /scratch/yorig/mpils-results-grid-ticks-10000-7may/medium-2/24proc/seed-5/9_supportcase6_seed-5_20260509_075205/iterated_local_search/search_space/search_space_file_5_worker_17.txt
[INFO]:[07:58:42] Number of parameters in local search space: 71
[INFO]:[07:58:42] Number of forbidden tuples in local search space: 25
[INFO]:[07:58:42] Number of conditionals in local search space: 6
[INFO]:[07:58:42] MIP start option not enabled. Local search will proceed without MIP start.
[INFO]:[07:58:42] Evaluating initial configuration for local search phase...
[INFO]:[07:58:42] Starting CPLEX solver on instance: /home/yorig/tuner/mpils-tests/instances/miplib/medium-2/supportcase6.mps with config: /scratch/yorig/mpils-results-grid-ticks-10000-7may/medium-2/24proc/seed-5/9_supportcase6_seed-5_20260509_075205/iterated_local_search/run_5_worker_17/ils_config_8750224646493368138.prm
[INFO]:[07:58:42] Starting CPLEX solver on instance: /home/yorig/tuner/mpils-tests/instances/miplib/medium-2/supportcase6.mps with config: /scratch/yorig/mpils-results-grid-ticks-10000-7may/medium-2/24proc/seed-5/9_supportcase6_seed-5_20260509_075205/iterated_local_search/run_5_worker_17/ils_config_8750224646493368138.prm
[INFO]:[07:58:49] CPLEX results. Gap: 100.000000, upper bound: 102597.533860, lower bound: 0.000000
[INFO]:[07:58:49] CPLEX solver finished. Gap: 100.000000
[INFO]:[07:58:49] Initial configuration evaluated with objective value: 100
[INFO]:[07:58:49] Starting CPLEX solver on instance: /home/yorig/tuner/mpils-tests/instances/miplib/medium-2/supportcase6.mps with config: /scratch/yorig/mpils-results-grid-ticks-10000-7may/medium-2/24proc/seed-5/9_supportcase6_seed-5_20260509_075205/iterated_local_search/run_5_worker_17/ils_config_1834945031083111829.prm
[INFO]:[07:58:49] Starting CPLEX solver on instance: /home/yorig/tuner/mpils-tests/instances/miplib/medium-2/supportcase6.mps with config: /scratch/yorig/mpils-results-grid-ticks-10000-7may/medium-2/24proc/seed-5/9_supportcase6_seed-5_20260509_075205/iterated_local_search/run_5_worker_17/ils_config_1834945031083111829.prm
[INFO]:[07:58:57] CPLEX results. Gap: 100.000000, upper bound: 102597.533860, lower bound: 0.000000
[INFO]:[07:58:57] CPLEX solver finished. Gap: 100.000000
[INFO]:[07:58:57] Starting CPLEX solver on instance: /home/yorig/tuner/mpils-tests/instances/miplib/medium-2/supportcase6.mps with config: /scratch/yorig/mpils-results-grid-ticks-10000-7may/medium-2/24proc/seed-5/9_supportcase6_seed-5_20260509_075205/iterated_local_search/run_5_worker_17/ils_config_6713505287039534723.prm
[INFO]:[07:58:57] Starting CPLEX solver on instance: /home/yorig/tuner/mpils-tests/instances/miplib/medium-2/supportcase6.mps with config: /scratch/yorig/mpils-results-grid-ticks-10000-7may/medium-2/24proc/seed-5/9_supportcase6_seed-5_20260509_075205/iterated_local_search/run_5_worker_17/ils_config_6713505287039534723.prm
[INFO]:[07:59:04] CPLEX results. Gap: 100.000000, upper bound: 102597.533860, lower bound: 0.000000
[INFO]:[07:59:04] CPLEX solver finished. Gap: 100.000000
[INFO]:[07:59:04] Starting CPLEX solver on instance: /home/yorig/tuner/mpils-tests/instances/miplib/medium-2/supportcase6.mps with config: /scratch/yorig/mpils-results-grid-ticks-10000-7may/medium-2/24proc/seed-5/9_supportcase6_seed-5_20260509_075205/iterated_local_search/run_5_worker_17/ils_config_5268798669943897655.prm
[INFO]:[07:59:04] Starting CPLEX solver on instance: /home/yorig/tuner/mpils-tests/instances/miplib/medium-2/supportcase6.mps with config: /scratch/yorig/mpils-results-grid-ticks-10000-7may/medium-2/24proc/seed-5/9_supportcase6_seed-5_20260509_075205/iterated_local_search/run_5_worker_17/ils_config_5268798669943897655.prm
[INFO]:[07:59:10] CPLEX results. Gap: 100.000000, upper bound: 102597.533860, lower bound: 0.000000
[INFO]:[07:59:10] CPLEX solver finished. Gap: 100.000000
[INFO]:[07:59:10] Starting CPLEX solver on instance: /home/yorig/tuner/mpils-tests/instances/miplib/medium-2/supportcase6.mps with config: /scratch/yorig/mpils-results-grid-ticks-10000-7may/medium-2/24proc/seed-5/9_supportcase6_seed-5_20260509_075205/iterated_local_search/run_5_worker_17/ils_config_11685947630462501274.prm
[INFO]:[07:59:10] Starting CPLEX solver on instance: /home/yorig/tuner/mpils-tests/instances/miplib/medium-2/supportcase6.mps with config: /scratch/yorig/mpils-results-grid-ticks-10000-7may/medium-2/24proc/seed-5/9_supportcase6_seed-5_20260509_075205/iterated_local_search/run_5_worker_17/ils_config_11685947630462501274.prm
[INFO]:[07:59:18] CPLEX results. Gap: 100.000000, upper bound: 102597.533860, lower bound: 0.000000
[INFO]:[07:59:18] CPLEX solver finished. Gap: 100.000000
[INFO]:[07:59:18] Starting CPLEX solver on instance: /home/yorig/tuner/mpils-tests/instances/miplib/medium-2/supportcase6.mps with config: /scratch/yorig/mpils-results-grid-ticks-10000-7may/medium-2/24proc/seed-5/9_supportcase6_seed-5_20260509_075205/iterated_local_search/run_5_worker_17/ils_config_7508097995925014898.prm
[INFO]:[07:59:18] Starting CPLEX solver on instance: /home/yorig/tuner/mpils-tests/instances/miplib/medium-2/supportcase6.mps with config: /scratch/yorig/mpils-results-grid-ticks-10000-7may/medium-2/24proc/seed-5/9_supportcase6_seed-5_20260509_075205/iterated_local_search/run_5_worker_17/ils_config_7508097995925014898.prm
[INFO]:[07:59:25] CPLEX results. Gap: 100.000000, upper bound: 102597.533860, lower bound: 0.000000
[INFO]:[07:59:25] CPLEX solver finished. Gap: 100.000000
[INFO]:[07:59:25] Starting CPLEX solver on instance: /home/yorig/tuner/mpils-tests/instances/miplib/medium-2/supportcase6.mps with config: /scratch/yorig/mpils-results-grid-ticks-10000-7may/medium-2/24proc/seed-5/9_supportcase6_seed-5_20260509_075205/iterated_local_search/run_5_worker_17/ils_config_5280973370862779316.prm
[INFO]:[07:59:25] Starting CPLEX solver on instance: /home/yorig/tuner/mpils-tests/instances/miplib/medium-2/supportcase6.mps with config: /scratch/yorig/mpils-results-grid-ticks-10000-7may/medium-2/24proc/seed-5/9_supportcase6_seed-5_20260509_075205/iterated_local_search/run_5_worker_17/ils_config_5280973370862779316.prm
[INFO]:[07:59:32] CPLEX results. Gap: 100.000000, upper bound: 102597.533860, lower bound: 0.000000
[INFO]:[07:59:32] CPLEX solver finished. Gap: 100.000000
[INFO]:[07:59:32] Starting CPLEX solver on instance: /home/yorig/tuner/mpils-tests/instances/miplib/medium-2/supportcase6.mps with config: /scratch/yorig/mpils-results-grid-ticks-10000-7may/medium-2/24proc/seed-5/9_supportcase6_seed-5_20260509_075205/iterated_local_search/run_5_worker_17/ils_config_4011631554799834138.prm
[INFO]:[07:59:32] Starting CPLEX solver on instance: /home/yorig/tuner/mpils-tests/instances/miplib/medium-2/supportcase6.mps with config: /scratch/yorig/mpils-results-grid-ticks-10000-7may/medium-2/24proc/seed-5/9_supportcase6_seed-5_20260509_075205/iterated_local_search/run_5_worker_17/ils_config_4011631554799834138.prm
[INFO]:[07:59:39] CPLEX results. Gap: 100.000000, upper bound: 102597.533860, lower bound: 0.000000
[INFO]:[07:59:39] CPLEX solver finished. Gap: 100.000000
[INFO]:[07:59:39] Starting CPLEX solver on instance: /home/yorig/tuner/mpils-tests/instances/miplib/medium-2/supportcase6.mps with config: /scratch/yorig/mpils-results-grid-ticks-10000-7may/medium-2/24proc/seed-5/9_supportcase6_seed-5_20260509_075205/iterated_local_search/run_5_worker_17/ils_config_17195815175905272900.prm
[INFO]:[07:59:39] Starting CPLEX solver on instance: /home/yorig/tuner/mpils-tests/instances/miplib/medium-2/supportcase6.mps with config: /scratch/yorig/mpils-results-grid-ticks-10000-7may/medium-2/24proc/seed-5/9_supportcase6_seed-5_20260509_075205/iterated_local_search/run_5_worker_17/ils_config_17195815175905272900.prm
[INFO]:[07:59:46] CPLEX results. Gap: 100.000000, upper bound: 102597.533860, lower bound: 0.000000
[INFO]:[07:59:46] CPLEX solver finished. Gap: 100.000000
[INFO]:[07:59:46] Starting CPLEX solver on instance: /home/yorig/tuner/mpils-tests/instances/miplib/medium-2/supportcase6.mps with config: /scratch/yorig/mpils-results-grid-ticks-10000-7may/medium-2/24proc/seed-5/9_supportcase6_seed-5_20260509_075205/iterated_local_search/run_5_worker_17/ils_config_17907614942535595675.prm
[INFO]:[07:59:46] Starting CPLEX solver on instance: /home/yorig/tuner/mpils-tests/instances/miplib/medium-2/supportcase6.mps with config: /scratch/yorig/mpils-results-grid-ticks-10000-7may/medium-2/24proc/seed-5/9_supportcase6_seed-5_20260509_075205/iterated_local_search/run_5_worker_17/ils_config_17907614942535595675.prm
[INFO]:[07:59:53] CPLEX results. Gap: 100.000000, upper bound: 102597.533860, lower bound: 0.000000
[INFO]:[07:59:53] CPLEX solver finished. Gap: 100.000000
[INFO]:[07:59:53] Starting CPLEX solver on instance: /home/yorig/tuner/mpils-tests/instances/miplib/medium-2/supportcase6.mps with config: /scratch/yorig/mpils-results-grid-ticks-10000-7may/medium-2/24proc/seed-5/9_supportcase6_seed-5_20260509_075205/iterated_local_search/run_5_worker_17/ils_config_5456640776486445889.prm
[INFO]:[07:59:53] Starting CPLEX solver on instance: /home/yorig/tuner/mpils-tests/instances/miplib/medium-2/supportcase6.mps with config: /scratch/yorig/mpils-results-grid-ticks-10000-7may/medium-2/24proc/seed-5/9_supportcase6_seed-5_20260509_075205/iterated_local_search/run_5_worker_17/ils_config_5456640776486445889.prm
[INFO]:[07:59:59] CPLEX results. Gap: 100.000000, upper bound: 102597.533860, lower bound: 0.000000
[INFO]:[07:59:59] CPLEX solver finished. Gap: 100.000000
[INFO]:[07:59:59] Starting CPLEX solver on instance: /home/yorig/tuner/mpils-tests/instances/miplib/medium-2/supportcase6.mps with config: /scratch/yorig/mpils-results-grid-ticks-10000-7may/medium-2/24proc/seed-5/9_supportcase6_seed-5_20260509_075205/iterated_local_search/run_5_worker_17/ils_config_8851102665274439038.prm
[INFO]:[07:59:59] Starting CPLEX solver on instance: /home/yorig/tuner/mpils-tests/instances/miplib/medium-2/supportcase6.mps with config: /scratch/yorig/mpils-results-grid-ticks-10000-7may/medium-2/24proc/seed-5/9_supportcase6_seed-5_20260509_075205/iterated_local_search/run_5_worker_17/ils_config_8851102665274439038.prm
[INFO]:[08:00:07] CPLEX results. Gap: 100.000000, upper bound: 102597.533860, lower bound: 0.000000
[INFO]:[08:00:07] CPLEX solver finished. Gap: 100.000000
[INFO]:[08:00:07] Starting CPLEX solver on instance: /home/yorig/tuner/mpils-tests/instances/miplib/medium-2/supportcase6.mps with config: /scratch/yorig/mpils-results-grid-ticks-10000-7may/medium-2/24proc/seed-5/9_supportcase6_seed-5_20260509_075205/iterated_local_search/run_5_worker_17/ils_config_5561351515865913046.prm
[INFO]:[08:00:07] Starting CPLEX solver on instance: /home/yorig/tuner/mpils-tests/instances/miplib/medium-2/supportcase6.mps with config: /scratch/yorig/mpils-results-grid-ticks-10000-7may/medium-2/24proc/seed-5/9_supportcase6_seed-5_20260509_075205/iterated_local_search/run_5_worker_17/ils_config_5561351515865913046.prm
[INFO]:[08:00:13] CPLEX results. Gap: 100.000000, upper bound: 102597.533860, lower bound: 0.000000
[INFO]:[08:00:13] CPLEX solver finished. Gap: 100.000000
[INFO]:[08:00:13] Starting CPLEX solver on instance: /home/yorig/tuner/mpils-tests/instances/miplib/medium-2/supportcase6.mps with config: /scratch/yorig/mpils-results-grid-ticks-10000-7may/medium-2/24proc/seed-5/9_supportcase6_seed-5_20260509_075205/iterated_local_search/run_5_worker_17/ils_config_7636593530406581854.prm
[INFO]:[08:00:13] Starting CPLEX solver on instance: /home/yorig/tuner/mpils-tests/instances/miplib/medium-2/supportcase6.mps with config: /scratch/yorig/mpils-results-grid-ticks-10000-7may/medium-2/24proc/seed-5/9_supportcase6_seed-5_20260509_075205/iterated_local_search/run_5_worker_17/ils_config_7636593530406581854.prm
[INFO]:[08:00:20] CPLEX results. Gap: 100.000000, upper bound: 102597.533860, lower bound: 0.000000
[INFO]:[08:00:20] CPLEX solver finished. Gap: 100.000000
[INFO]:[08:00:20] Starting CPLEX solver on instance: /home/yorig/tuner/mpils-tests/instances/miplib/medium-2/supportcase6.mps with config: /scratch/yorig/mpils-results-grid-ticks-10000-7may/medium-2/24proc/seed-5/9_supportcase6_seed-5_20260509_075205/iterated_local_search/run_5_worker_17/ils_config_12931740570546617235.prm
[INFO]:[08:00:20] Starting CPLEX solver on instance: /home/yorig/tuner/mpils-tests/instances/miplib/medium-2/supportcase6.mps with config: /scratch/yorig/mpils-results-grid-ticks-10000-7may/medium-2/24proc/seed-5/9_supportcase6_seed-5_20260509_075205/iterated_local_search/run_5_worker_17/ils_config_12931740570546617235.prm
[INFO]:[08:00:27] CPLEX results. Gap: 100.000000, upper bound: 102597.533860, lower bound: 0.000000
[INFO]:[08:00:27] CPLEX solver finished. Gap: 100.000000
[INFO]:[08:00:27] Starting CPLEX solver on instance: /home/yorig/tuner/mpils-tests/instances/miplib/medium-2/supportcase6.mps with config: /scratch/yorig/mpils-results-grid-ticks-10000-7may/medium-2/24proc/seed-5/9_supportcase6_seed-5_20260509_075205/iterated_local_search/run_5_worker_17/ils_config_1861991248684562441.prm
[INFO]:[08:00:27] Starting CPLEX solver on instance: /home/yorig/tuner/mpils-tests/instances/miplib/medium-2/supportcase6.mps with config: /scratch/yorig/mpils-results-grid-ticks-10000-7may/medium-2/24proc/seed-5/9_supportcase6_seed-5_20260509_075205/iterated_local_search/run_5_worker_17/ils_config_1861991248684562441.prm
[INFO]:[08:00:34] CPLEX results. Gap: 100.000000, upper bound: 102597.533860, lower bound: 0.000000
[INFO]:[08:00:34] CPLEX solver finished. Gap: 100.000000
[INFO]:[08:00:34] Starting CPLEX solver on instance: /home/yorig/tuner/mpils-tests/instances/miplib/medium-2/supportcase6.mps with config: /scratch/yorig/mpils-results-grid-ticks-10000-7may/medium-2/24proc/seed-5/9_supportcase6_seed-5_20260509_075205/iterated_local_search/run_5_worker_17/ils_config_5085263905860239384.prm
[INFO]:[08:00:34] Starting CPLEX solver on instance: /home/yorig/tuner/mpils-tests/instances/miplib/medium-2/supportcase6.mps with config: /scratch/yorig/mpils-results-grid-ticks-10000-7may/medium-2/24proc/seed-5/9_supportcase6_seed-5_20260509_075205/iterated_local_search/run_5_worker_17/ils_config_5085263905860239384.prm
[INFO]:[08:00:41] CPLEX results. Gap: 100.000000, upper bound: 102597.533860, lower bound: 0.000000
[INFO]:[08:00:41] CPLEX solver finished. Gap: 100.000000
[INFO]:[08:00:41] Starting CPLEX solver on instance: /home/yorig/tuner/mpils-tests/instances/miplib/medium-2/supportcase6.mps with config: /scratch/yorig/mpils-results-grid-ticks-10000-7may/medium-2/24proc/seed-5/9_supportcase6_seed-5_20260509_075205/iterated_local_search/run_5_worker_17/ils_config_16290679935563107622.prm
[INFO]:[08:00:41] Starting CPLEX solver on instance: /home/yorig/tuner/mpils-tests/instances/miplib/medium-2/supportcase6.mps with config: /scratch/yorig/mpils-results-grid-ticks-10000-7may/medium-2/24proc/seed-5/9_supportcase6_seed-5_20260509_075205/iterated_local_search/run_5_worker_17/ils_config_16290679935563107622.prm
[INFO]:[08:00:49] CPLEX results. Gap: 100.000000, upper bound: 102597.533860, lower bound: 0.000000
[INFO]:[08:00:49] CPLEX solver finished. Gap: 100.000000
[INFO]:[08:00:49] Starting CPLEX solver on instance: /home/yorig/tuner/mpils-tests/instances/miplib/medium-2/supportcase6.mps with config: /scratch/yorig/mpils-results-grid-ticks-10000-7may/medium-2/24proc/seed-5/9_supportcase6_seed-5_20260509_075205/iterated_local_search/run_5_worker_17/ils_config_6031985115615299890.prm
[INFO]:[08:00:49] Starting CPLEX solver on instance: /home/yorig/tuner/mpils-tests/instances/miplib/medium-2/supportcase6.mps with config: /scratch/yorig/mpils-results-grid-ticks-10000-7may/medium-2/24proc/seed-5/9_supportcase6_seed-5_20260509_075205/iterated_local_search/run_5_worker_17/ils_config_6031985115615299890.prm
[INFO]:[08:00:56] CPLEX results. Gap: 100.000000, upper bound: 102597.533860, lower bound: 0.000000
[INFO]:[08:00:56] CPLEX solver finished. Gap: 100.000000
[INFO]:[08:00:57] Starting CPLEX solver on instance: /home/yorig/tuner/mpils-tests/instances/miplib/medium-2/supportcase6.mps with config: /scratch/yorig/mpils-results-grid-ticks-10000-7may/medium-2/24proc/seed-5/9_supportcase6_seed-5_20260509_075205/iterated_local_search/run_5_worker_17/ils_config_824492904725882747.prm
[INFO]:[08:00:57] Starting CPLEX solver on instance: /home/yorig/tuner/mpils-tests/instances/miplib/medium-2/supportcase6.mps with config: /scratch/yorig/mpils-results-grid-ticks-10000-7may/medium-2/24proc/seed-5/9_supportcase6_seed-5_20260509_075205/iterated_local_search/run_5_worker_17/ils_config_824492904725882747.prm
[INFO]:[08:01:03] CPLEX results. Gap: 100.000000, upper bound: 102597.533860, lower bound: 0.000000
[INFO]:[08:01:03] CPLEX solver finished. Gap: 100.000000
[INFO]:[08:01:03] Starting CPLEX solver on instance: /home/yorig/tuner/mpils-tests/instances/miplib/medium-2/supportcase6.mps with config: /scratch/yorig/mpils-results-grid-ticks-10000-7may/medium-2/24proc/seed-5/9_supportcase6_seed-5_20260509_075205/iterated_local_search/run_5_worker_17/ils_config_481238946088202299.prm
[INFO]:[08:01:03] Starting CPLEX solver on instance: /home/yorig/tuner/mpils-tests/instances/miplib/medium-2/supportcase6.mps with config: /scratch/yorig/mpils-results-grid-ticks-10000-7may/medium-2/24proc/seed-5/9_supportcase6_seed-5_20260509_075205/iterated_local_search/run_5_worker_17/ils_config_481238946088202299.prm
[INFO]:[08:01:10] CPLEX results. Gap: 100.000000, upper bound: 102597.533860, lower bound: 0.000000
[INFO]:[08:01:10] CPLEX solver finished. Gap: 100.000000
[INFO]:[08:01:10] Starting CPLEX solver on instance: /home/yorig/tuner/mpils-tests/instances/miplib/medium-2/supportcase6.mps with config: /scratch/yorig/mpils-results-grid-ticks-10000-7may/medium-2/24proc/seed-5/9_supportcase6_seed-5_20260509_075205/iterated_local_search/run_5_worker_17/ils_config_7272355341810974906.prm
[INFO]:[08:01:10] Starting CPLEX solver on instance: /home/yorig/tuner/mpils-tests/instances/miplib/medium-2/supportcase6.mps with config: /scratch/yorig/mpils-results-grid-ticks-10000-7may/medium-2/24proc/seed-5/9_supportcase6_seed-5_20260509_075205/iterated_local_search/run_5_worker_17/ils_config_7272355341810974906.prm
[INFO]:[08:01:17] CPLEX results. Gap: 100.000000, upper bound: 102597.533860, lower bound: 0.000000
[INFO]:[08:01:17] CPLEX solver finished. Gap: 100.000000
[INFO]:[08:01:17] Starting CPLEX solver on instance: /home/yorig/tuner/mpils-tests/instances/miplib/medium-2/supportcase6.mps with config: /scratch/yorig/mpils-results-grid-ticks-10000-7may/medium-2/24proc/seed-5/9_supportcase6_seed-5_20260509_075205/iterated_local_search/run_5_worker_17/ils_config_18055682139699442207.prm
[INFO]:[08:01:17] Starting CPLEX solver on instance: /home/yorig/tuner/mpils-tests/instances/miplib/medium-2/supportcase6.mps with config: /scratch/yorig/mpils-results-grid-ticks-10000-7may/medium-2/24proc/seed-5/9_supportcase6_seed-5_20260509_075205/iterated_local_search/run_5_worker_17/ils_config_18055682139699442207.prm
[INFO]:[08:01:24] CPLEX results. Gap: 100.000000, upper bound: 102597.533860, lower bound: 0.000000
[INFO]:[08:01:24] CPLEX solver finished. Gap: 100.000000
[INFO]:[08:01:24] Starting CPLEX solver on instance: /home/yorig/tuner/mpils-tests/instances/miplib/medium-2/supportcase6.mps with config: /scratch/yorig/mpils-results-grid-ticks-10000-7may/medium-2/24proc/seed-5/9_supportcase6_seed-5_20260509_075205/iterated_local_search/run_5_worker_17/ils_config_5841335142135023541.prm
[INFO]:[08:01:24] Starting CPLEX solver on instance: /home/yorig/tuner/mpils-tests/instances/miplib/medium-2/supportcase6.mps with config: /scratch/yorig/mpils-results-grid-ticks-10000-7may/medium-2/24proc/seed-5/9_supportcase6_seed-5_20260509_075205/iterated_local_search/run_5_worker_17/ils_config_5841335142135023541.prm
[INFO]:[08:01:30] CPLEX results. Gap: 56.050000, upper bound: 102597.533860, lower bound: 45090.732163
[INFO]:[08:01:30] CPLEX solver finished. Gap: 56.050000
[INFO]:[08:01:30] New incumbent found with objective value: 56.05
[INFO]:[08:01:30] Starting CPLEX solver on instance: /home/yorig/tuner/mpils-tests/instances/miplib/medium-2/supportcase6.mps with config: /scratch/yorig/mpils-results-grid-ticks-10000-7may/medium-2/24proc/seed-5/9_supportcase6_seed-5_20260509_075205/iterated_local_search/run_5_worker_17/ils_config_13153898511445826509.prm
[INFO]:[08:01:30] Starting CPLEX solver on instance: /home/yorig/tuner/mpils-tests/instances/miplib/medium-2/supportcase6.mps with config: /scratch/yorig/mpils-results-grid-ticks-10000-7may/medium-2/24proc/seed-5/9_supportcase6_seed-5_20260509_075205/iterated_local_search/run_5_worker_17/ils_config_13153898511445826509.prm
[INFO]:[08:01:36] CPLEX results. Gap: 56.050000, upper bound: 102597.533860, lower bound: 45090.732163
[INFO]:[08:01:36] CPLEX solver finished. Gap: 56.050000
[INFO]:[08:01:36] Starting CPLEX solver on instance: /home/yorig/tuner/mpils-tests/instances/miplib/medium-2/supportcase6.mps with config: /scratch/yorig/mpils-results-grid-ticks-10000-7may/medium-2/24proc/seed-5/9_supportcase6_seed-5_20260509_075205/iterated_local_search/run_5_worker_17/ils_config_14902633974610428463.prm
[INFO]:[08:01:36] Starting CPLEX solver on instance: /home/yorig/tuner/mpils-tests/instances/miplib/medium-2/supportcase6.mps with config: /scratch/yorig/mpils-results-grid-ticks-10000-7may/medium-2/24proc/seed-5/9_supportcase6_seed-5_20260509_075205/iterated_local_search/run_5_worker_17/ils_config_14902633974610428463.prm
[INFO]:[08:01:41] CPLEX results. Gap: 56.050000, upper bound: 102597.533860, lower bound: 45090.732163
[INFO]:[08:01:41] CPLEX solver finished. Gap: 56.050000
[INFO]:[08:01:41] Starting CPLEX solver on instance: /home/yorig/tuner/mpils-tests/instances/miplib/medium-2/supportcase6.mps with config: /scratch/yorig/mpils-results-grid-ticks-10000-7may/medium-2/24proc/seed-5/9_supportcase6_seed-5_20260509_075205/iterated_local_search/run_5_worker_17/ils_config_18367621250065179083.prm
[INFO]:[08:01:41] Starting CPLEX solver on instance: /home/yorig/tuner/mpils-tests/instances/miplib/medium-2/supportcase6.mps with config: /scratch/yorig/mpils-results-grid-ticks-10000-7may/medium-2/24proc/seed-5/9_supportcase6_seed-5_20260509_075205/iterated_local_search/run_5_worker_17/ils_config_18367621250065179083.prm
[INFO]:[08:01:47] CPLEX results. Gap: 56.050000, upper bound: 102597.533860, lower bound: 45090.732163
[INFO]:[08:01:47] CPLEX solver finished. Gap: 56.050000
[INFO]:[08:01:47] Starting CPLEX solver on instance: /home/yorig/tuner/mpils-tests/instances/miplib/medium-2/supportcase6.mps with config: /scratch/yorig/mpils-results-grid-ticks-10000-7may/medium-2/24proc/seed-5/9_supportcase6_seed-5_20260509_075205/iterated_local_search/run_5_worker_17/ils_config_12417700983164759600.prm
[INFO]:[08:01:47] Starting CPLEX solver on instance: /home/yorig/tuner/mpils-tests/instances/miplib/medium-2/supportcase6.mps with config: /scratch/yorig/mpils-results-grid-ticks-10000-7may/medium-2/24proc/seed-5/9_supportcase6_seed-5_20260509_075205/iterated_local_search/run_5_worker_17/ils_config_12417700983164759600.prm
[INFO]:[08:01:53] CPLEX results. Gap: 56.050000, upper bound: 102597.533860, lower bound: 45090.732163
[INFO]:[08:01:53] CPLEX solver finished. Gap: 56.050000
[INFO]:[08:01:53] Starting CPLEX solver on instance: /home/yorig/tuner/mpils-tests/instances/miplib/medium-2/supportcase6.mps with config: /scratch/yorig/mpils-results-grid-ticks-10000-7may/medium-2/24proc/seed-5/9_supportcase6_seed-5_20260509_075205/iterated_local_search/run_5_worker_17/ils_config_10340036245364808601.prm
[INFO]:[08:01:53] Starting CPLEX solver on instance: /home/yorig/tuner/mpils-tests/instances/miplib/medium-2/supportcase6.mps with config: /scratch/yorig/mpils-results-grid-ticks-10000-7may/medium-2/24proc/seed-5/9_supportcase6_seed-5_20260509_075205/iterated_local_search/run_5_worker_17/ils_config_10340036245364808601.prm
[INFO]:[08:01:59] CPLEX results. Gap: 56.050000, upper bound: 102597.533860, lower bound: 45090.732163
[INFO]:[08:01:59] CPLEX solver finished. Gap: 56.050000
[INFO]:[08:01:59] Starting CPLEX solver on instance: /home/yorig/tuner/mpils-tests/instances/miplib/medium-2/supportcase6.mps with config: /scratch/yorig/mpils-results-grid-ticks-10000-7may/medium-2/24proc/seed-5/9_supportcase6_seed-5_20260509_075205/iterated_local_search/run_5_worker_17/ils_config_13432648384970934316.prm
[INFO]:[08:01:59] Starting CPLEX solver on instance: /home/yorig/tuner/mpils-tests/instances/miplib/medium-2/supportcase6.mps with config: /scratch/yorig/mpils-results-grid-ticks-10000-7may/medium-2/24proc/seed-5/9_supportcase6_seed-5_20260509_075205/iterated_local_search/run_5_worker_17/ils_config_13432648384970934316.prm
[INFO]:[08:02:05] CPLEX results. Gap: 56.050000, upper bound: 102597.533860, lower bound: 45090.732163
[INFO]:[08:02:05] CPLEX solver finished. Gap: 56.050000
[INFO]:[08:02:05] Local search phase completed.
[INFO]:[08:02:05] Total number of new local-search evaluations: 30
[INFO]:[08:02:05] Final incumbent objective value: 56.05
[INFO]:[08:12:55] Worker 17 completed exploration phase.
[INFO]:[08:12:55] Worker 17 received order for step 2.
[INFO]:[08:12:55] Worker 17 running expansion phase for iteration 5.
[INFO]:[08:12:55] Worker 17 will use solver log file: /scratch/yorig/mpils-results-grid-ticks-10000-7may/medium-2/24proc/seed-5/9_supportcase6_seed-5_20260509_075205/solver/cplex.log_iteration_expansion_5_worker_17
[INFO]:[08:12:55] Expansion Worker 17 starting expansion for iteration 5.
[INFO]:[08:12:55] Starting CPLEX solver on instance: /home/yorig/tuner/mpils-tests/instances/miplib/medium-2/supportcase6.mps with config: /scratch/yorig/mpils-results-grid-ticks-10000-7may/medium-2/24proc/seed-5/9_supportcase6_seed-5_20260509_075205/expansion/config_param_CPXPARAM_Sifting_Algorithm_1_iter_5.prm
[INFO]:[08:13:01] CPLEX results. Gap: 0.160000, upper bound: 51975.058910, lower bound: 51891.352715
[INFO]:[08:13:01] CPLEX solver finished. Gap: 0.160000
[INFO]:[08:13:01] Expansion Worker 17 stopping early after global MPI expansion stop was activated.
[INFO]:[08:13:01] Expansion Worker 17 completed expansion.
[INFO]:[08:13:01] Worker 17 completed expansion phase.
[INFO]:[08:13:02] Worker 17 received order for step 1.
[INFO]:[08:13:02] Worker 17 running exploration phase for iteration 6.
[INFO]:[08:13:02] Worker 17 at iteration 6 will not use a MIP start file. Current best MIP-start upper bound threshold is 1.79769e+308.
[INFO]:[08:13:02] Starting local search phase...
[INFO]:[08:13:02] Creating local search space from parameter space file: /scratch/yorig/mpils-results-grid-ticks-10000-7may/medium-2/24proc/seed-5/9_supportcase6_seed-5_20260509_075205/iterated_local_search/search_space/search_space_file_6_worker_17.txt
[INFO]:[08:13:02] Local search space loaded from file: /scratch/yorig/mpils-results-grid-ticks-10000-7may/medium-2/24proc/seed-5/9_supportcase6_seed-5_20260509_075205/iterated_local_search/search_space/search_space_file_6_worker_17.txt
[INFO]:[08:13:02] Number of parameters in local search space: 71
[INFO]:[08:13:02] Number of forbidden tuples in local search space: 25
[INFO]:[08:13:02] Number of conditionals in local search space: 6
[INFO]:[08:13:02] MIP start option not enabled. Local search will proceed without MIP start.
[INFO]:[08:13:02] Evaluating initial configuration for local search phase...
[INFO]:[08:13:02] Starting CPLEX solver on instance: /home/yorig/tuner/mpils-tests/instances/miplib/medium-2/supportcase6.mps with config: /scratch/yorig/mpils-results-grid-ticks-10000-7may/medium-2/24proc/seed-5/9_supportcase6_seed-5_20260509_075205/iterated_local_search/run_6_worker_17/ils_config_5111460088060941155.prm
[INFO]:[08:13:02] Starting CPLEX solver on instance: /home/yorig/tuner/mpils-tests/instances/miplib/medium-2/supportcase6.mps with config: /scratch/yorig/mpils-results-grid-ticks-10000-7may/medium-2/24proc/seed-5/9_supportcase6_seed-5_20260509_075205/iterated_local_search/run_6_worker_17/ils_config_5111460088060941155.prm
[INFO]:[08:13:10] CPLEX results. Gap: 100.000000, upper bound: 312944.728401, lower bound: 0.000000
[INFO]:[08:13:10] CPLEX solver finished. Gap: 100.000000
[INFO]:[08:13:10] Initial configuration evaluated with objective value: 100
[INFO]:[08:13:10] Starting CPLEX solver on instance: /home/yorig/tuner/mpils-tests/instances/miplib/medium-2/supportcase6.mps with config: /scratch/yorig/mpils-results-grid-ticks-10000-7may/medium-2/24proc/seed-5/9_supportcase6_seed-5_20260509_075205/iterated_local_search/run_6_worker_17/ils_config_10871843199597952619.prm
[INFO]:[08:13:10] Starting CPLEX solver on instance: /home/yorig/tuner/mpils-tests/instances/miplib/medium-2/supportcase6.mps with config: /scratch/yorig/mpils-results-grid-ticks-10000-7may/medium-2/24proc/seed-5/9_supportcase6_seed-5_20260509_075205/iterated_local_search/run_6_worker_17/ils_config_10871843199597952619.prm
[INFO]:[08:13:18] CPLEX results. Gap: 100.000000, upper bound: 312944.728401, lower bound: 0.000000
[INFO]:[08:13:18] CPLEX solver finished. Gap: 100.000000
[INFO]:[08:13:18] Starting CPLEX solver on instance: /home/yorig/tuner/mpils-tests/instances/miplib/medium-2/supportcase6.mps with config: /scratch/yorig/mpils-results-grid-ticks-10000-7may/medium-2/24proc/seed-5/9_supportcase6_seed-5_20260509_075205/iterated_local_search/run_6_worker_17/ils_config_15899176006161620302.prm
[INFO]:[08:13:18] Starting CPLEX solver on instance: /home/yorig/tuner/mpils-tests/instances/miplib/medium-2/supportcase6.mps with config: /scratch/yorig/mpils-results-grid-ticks-10000-7may/medium-2/24proc/seed-5/9_supportcase6_seed-5_20260509_075205/iterated_local_search/run_6_worker_17/ils_config_15899176006161620302.prm
[INFO]:[08:13:25] CPLEX results. Gap: 100.000000, upper bound: 312944.728401, lower bound: 0.000000
[INFO]:[08:13:25] CPLEX solver finished. Gap: 100.000000
[INFO]:[08:13:25] Starting CPLEX solver on instance: /home/yorig/tuner/mpils-tests/instances/miplib/medium-2/supportcase6.mps with config: /scratch/yorig/mpils-results-grid-ticks-10000-7may/medium-2/24proc/seed-5/9_supportcase6_seed-5_20260509_075205/iterated_local_search/run_6_worker_17/ils_config_4327884621559054753.prm
[INFO]:[08:13:25] Starting CPLEX solver on instance: /home/yorig/tuner/mpils-tests/instances/miplib/medium-2/supportcase6.mps with config: /scratch/yorig/mpils-results-grid-ticks-10000-7may/medium-2/24proc/seed-5/9_supportcase6_seed-5_20260509_075205/iterated_local_search/run_6_worker_17/ils_config_4327884621559054753.prm
[INFO]:[08:13:33] CPLEX results. Gap: 100.000000, upper bound: 312944.728401, lower bound: 0.000000
[INFO]:[08:13:33] CPLEX solver finished. Gap: 100.000000
[INFO]:[08:13:33] Starting CPLEX solver on instance: /home/yorig/tuner/mpils-tests/instances/miplib/medium-2/supportcase6.mps with config: /scratch/yorig/mpils-results-grid-ticks-10000-7may/medium-2/24proc/seed-5/9_supportcase6_seed-5_20260509_075205/iterated_local_search/run_6_worker_17/ils_config_17962292518706888058.prm
[INFO]:[08:13:33] Starting CPLEX solver on instance: /home/yorig/tuner/mpils-tests/instances/miplib/medium-2/supportcase6.mps with config: /scratch/yorig/mpils-results-grid-ticks-10000-7may/medium-2/24proc/seed-5/9_supportcase6_seed-5_20260509_075205/iterated_local_search/run_6_worker_17/ils_config_17962292518706888058.prm
[INFO]:[08:13:41] CPLEX results. Gap: 100.000000, upper bound: 312944.728401, lower bound: 0.000000
[INFO]:[08:13:41] CPLEX solver finished. Gap: 100.000000
[INFO]:[08:13:41] Starting CPLEX solver on instance: /home/yorig/tuner/mpils-tests/instances/miplib/medium-2/supportcase6.mps with config: /scratch/yorig/mpils-results-grid-ticks-10000-7may/medium-2/24proc/seed-5/9_supportcase6_seed-5_20260509_075205/iterated_local_search/run_6_worker_17/ils_config_8153830530887749808.prm
[INFO]:[08:13:41] Starting CPLEX solver on instance: /home/yorig/tuner/mpils-tests/instances/miplib/medium-2/supportcase6.mps with config: /scratch/yorig/mpils-results-grid-ticks-10000-7may/medium-2/24proc/seed-5/9_supportcase6_seed-5_20260509_075205/iterated_local_search/run_6_worker_17/ils_config_8153830530887749808.prm
[INFO]:[08:13:49] CPLEX results. Gap: 100.000000, upper bound: 312944.728401, lower bound: 0.000000
[INFO]:[08:13:49] CPLEX solver finished. Gap: 100.000000
[INFO]:[08:13:49] Starting CPLEX solver on instance: /home/yorig/tuner/mpils-tests/instances/miplib/medium-2/supportcase6.mps with config: /scratch/yorig/mpils-results-grid-ticks-10000-7may/medium-2/24proc/seed-5/9_supportcase6_seed-5_20260509_075205/iterated_local_search/run_6_worker_17/ils_config_5510001954222663112.prm
[INFO]:[08:13:49] Starting CPLEX solver on instance: /home/yorig/tuner/mpils-tests/instances/miplib/medium-2/supportcase6.mps with config: /scratch/yorig/mpils-results-grid-ticks-10000-7may/medium-2/24proc/seed-5/9_supportcase6_seed-5_20260509_075205/iterated_local_search/run_6_worker_17/ils_config_5510001954222663112.prm
[INFO]:[08:13:57] CPLEX results. Gap: 100.000000, upper bound: 312944.728401, lower bound: 0.000000
[INFO]:[08:13:57] CPLEX solver finished. Gap: 100.000000
[INFO]:[08:13:57] Starting CPLEX solver on instance: /home/yorig/tuner/mpils-tests/instances/miplib/medium-2/supportcase6.mps with config: /scratch/yorig/mpils-results-grid-ticks-10000-7may/medium-2/24proc/seed-5/9_supportcase6_seed-5_20260509_075205/iterated_local_search/run_6_worker_17/ils_config_10356268657788223519.prm
[INFO]:[08:13:57] Starting CPLEX solver on instance: /home/yorig/tuner/mpils-tests/instances/miplib/medium-2/supportcase6.mps with config: /scratch/yorig/mpils-results-grid-ticks-10000-7may/medium-2/24proc/seed-5/9_supportcase6_seed-5_20260509_075205/iterated_local_search/run_6_worker_17/ils_config_10356268657788223519.prm
[INFO]:[08:14:05] CPLEX results. Gap: 100.000000, upper bound: 312944.728401, lower bound: 0.000000
[INFO]:[08:14:05] CPLEX solver finished. Gap: 100.000000
[INFO]:[08:14:05] Starting CPLEX solver on instance: /home/yorig/tuner/mpils-tests/instances/miplib/medium-2/supportcase6.mps with config: /scratch/yorig/mpils-results-grid-ticks-10000-7may/medium-2/24proc/seed-5/9_supportcase6_seed-5_20260509_075205/iterated_local_search/run_6_worker_17/ils_config_3650213871832942226.prm
[INFO]:[08:14:05] Starting CPLEX solver on instance: /home/yorig/tuner/mpils-tests/instances/miplib/medium-2/supportcase6.mps with config: /scratch/yorig/mpils-results-grid-ticks-10000-7may/medium-2/24proc/seed-5/9_supportcase6_seed-5_20260509_075205/iterated_local_search/run_6_worker_17/ils_config_3650213871832942226.prm
[INFO]:[08:14:13] CPLEX results. Gap: 100.000000, upper bound: 312944.728401, lower bound: 0.000000
[INFO]:[08:14:13] CPLEX solver finished. Gap: 100.000000
[INFO]:[08:14:13] Starting CPLEX solver on instance: /home/yorig/tuner/mpils-tests/instances/miplib/medium-2/supportcase6.mps with config: /scratch/yorig/mpils-results-grid-ticks-10000-7may/medium-2/24proc/seed-5/9_supportcase6_seed-5_20260509_075205/iterated_local_search/run_6_worker_17/ils_config_10624893935322372434.prm
[INFO]:[08:14:13] Starting CPLEX solver on instance: /home/yorig/tuner/mpils-tests/instances/miplib/medium-2/supportcase6.mps with config: /scratch/yorig/mpils-results-grid-ticks-10000-7may/medium-2/24proc/seed-5/9_supportcase6_seed-5_20260509_075205/iterated_local_search/run_6_worker_17/ils_config_10624893935322372434.prm
[INFO]:[08:14:21] CPLEX results. Gap: 100.000000, upper bound: 312944.728401, lower bound: 0.000000
[INFO]:[08:14:21] CPLEX solver finished. Gap: 100.000000
[INFO]:[08:14:21] Starting CPLEX solver on instance: /home/yorig/tuner/mpils-tests/instances/miplib/medium-2/supportcase6.mps with config: /scratch/yorig/mpils-results-grid-ticks-10000-7may/medium-2/24proc/seed-5/9_supportcase6_seed-5_20260509_075205/iterated_local_search/run_6_worker_17/ils_config_7271648526544226567.prm
[INFO]:[08:14:21] Starting CPLEX solver on instance: /home/yorig/tuner/mpils-tests/instances/miplib/medium-2/supportcase6.mps with config: /scratch/yorig/mpils-results-grid-ticks-10000-7may/medium-2/24proc/seed-5/9_supportcase6_seed-5_20260509_075205/iterated_local_search/run_6_worker_17/ils_config_7271648526544226567.prm
[INFO]:[08:14:26] CPLEX results. Gap: 100.000000, upper bound: 312944.728401, lower bound: 0.000000
[INFO]:[08:14:26] CPLEX solver finished. Gap: 100.000000
[INFO]:[08:14:26] Starting CPLEX solver on instance: /home/yorig/tuner/mpils-tests/instances/miplib/medium-2/supportcase6.mps with config: /scratch/yorig/mpils-results-grid-ticks-10000-7may/medium-2/24proc/seed-5/9_supportcase6_seed-5_20260509_075205/iterated_local_search/run_6_worker_17/ils_config_15858456029970832570.prm
[INFO]:[08:14:26] Starting CPLEX solver on instance: /home/yorig/tuner/mpils-tests/instances/miplib/medium-2/supportcase6.mps with config: /scratch/yorig/mpils-results-grid-ticks-10000-7may/medium-2/24proc/seed-5/9_supportcase6_seed-5_20260509_075205/iterated_local_search/run_6_worker_17/ils_config_15858456029970832570.prm
[INFO]:[08:14:34] CPLEX results. Gap: 100.000000, upper bound: 312944.728401, lower bound: 0.000000
[INFO]:[08:14:34] CPLEX solver finished. Gap: 100.000000
[INFO]:[08:14:34] Starting CPLEX solver on instance: /home/yorig/tuner/mpils-tests/instances/miplib/medium-2/supportcase6.mps with config: /scratch/yorig/mpils-results-grid-ticks-10000-7may/medium-2/24proc/seed-5/9_supportcase6_seed-5_20260509_075205/iterated_local_search/run_6_worker_17/ils_config_16937242607429426059.prm
[INFO]:[08:14:34] Starting CPLEX solver on instance: /home/yorig/tuner/mpils-tests/instances/miplib/medium-2/supportcase6.mps with config: /scratch/yorig/mpils-results-grid-ticks-10000-7may/medium-2/24proc/seed-5/9_supportcase6_seed-5_20260509_075205/iterated_local_search/run_6_worker_17/ils_config_16937242607429426059.prm
[INFO]:[08:14:42] CPLEX results. Gap: 100.000000, upper bound: 312944.728401, lower bound: 0.000000
[INFO]:[08:14:42] CPLEX solver finished. Gap: 100.000000
[INFO]:[08:14:42] Starting CPLEX solver on instance: /home/yorig/tuner/mpils-tests/instances/miplib/medium-2/supportcase6.mps with config: /scratch/yorig/mpils-results-grid-ticks-10000-7may/medium-2/24proc/seed-5/9_supportcase6_seed-5_20260509_075205/iterated_local_search/run_6_worker_17/ils_config_3081166045164778077.prm
[INFO]:[08:14:42] Starting CPLEX solver on instance: /home/yorig/tuner/mpils-tests/instances/miplib/medium-2/supportcase6.mps with config: /scratch/yorig/mpils-results-grid-ticks-10000-7may/medium-2/24proc/seed-5/9_supportcase6_seed-5_20260509_075205/iterated_local_search/run_6_worker_17/ils_config_3081166045164778077.prm
[INFO]:[08:14:50] CPLEX results. Gap: 100.000000, upper bound: 312944.728401, lower bound: 0.000000
[INFO]:[08:14:50] CPLEX solver finished. Gap: 100.000000
[INFO]:[08:14:50] Starting CPLEX solver on instance: /home/yorig/tuner/mpils-tests/instances/miplib/medium-2/supportcase6.mps with config: /scratch/yorig/mpils-results-grid-ticks-10000-7may/medium-2/24proc/seed-5/9_supportcase6_seed-5_20260509_075205/iterated_local_search/run_6_worker_17/ils_config_8333723339287931420.prm
[INFO]:[08:14:50] Starting CPLEX solver on instance: /home/yorig/tuner/mpils-tests/instances/miplib/medium-2/supportcase6.mps with config: /scratch/yorig/mpils-results-grid-ticks-10000-7may/medium-2/24proc/seed-5/9_supportcase6_seed-5_20260509_075205/iterated_local_search/run_6_worker_17/ils_config_8333723339287931420.prm
[INFO]:[08:14:58] CPLEX results. Gap: 100.000000, upper bound: 312944.728401, lower bound: 0.000000
[INFO]:[08:14:58] CPLEX solver finished. Gap: 100.000000
[INFO]:[08:14:58] Starting CPLEX solver on instance: /home/yorig/tuner/mpils-tests/instances/miplib/medium-2/supportcase6.mps with config: /scratch/yorig/mpils-results-grid-ticks-10000-7may/medium-2/24proc/seed-5/9_supportcase6_seed-5_20260509_075205/iterated_local_search/run_6_worker_17/ils_config_3626436858674707900.prm
[INFO]:[08:14:58] Starting CPLEX solver on instance: /home/yorig/tuner/mpils-tests/instances/miplib/medium-2/supportcase6.mps with config: /scratch/yorig/mpils-results-grid-ticks-10000-7may/medium-2/24proc/seed-5/9_supportcase6_seed-5_20260509_075205/iterated_local_search/run_6_worker_17/ils_config_3626436858674707900.prm
[INFO]:[08:15:06] CPLEX results. Gap: 100.000000, upper bound: 312944.728401, lower bound: 0.000000
[INFO]:[08:15:06] CPLEX solver finished. Gap: 100.000000
[INFO]:[08:15:06] Starting CPLEX solver on instance: /home/yorig/tuner/mpils-tests/instances/miplib/medium-2/supportcase6.mps with config: /scratch/yorig/mpils-results-grid-ticks-10000-7may/medium-2/24proc/seed-5/9_supportcase6_seed-5_20260509_075205/iterated_local_search/run_6_worker_17/ils_config_6164854153184809105.prm
[INFO]:[08:15:06] Starting CPLEX solver on instance: /home/yorig/tuner/mpils-tests/instances/miplib/medium-2/supportcase6.mps with config: /scratch/yorig/mpils-results-grid-ticks-10000-7may/medium-2/24proc/seed-5/9_supportcase6_seed-5_20260509_075205/iterated_local_search/run_6_worker_17/ils_config_6164854153184809105.prm
[INFO]:[08:15:14] CPLEX results. Gap: 100.000000, upper bound: 312944.728401, lower bound: 0.000000
[INFO]:[08:15:14] CPLEX solver finished. Gap: 100.000000
[INFO]:[08:15:14] Starting CPLEX solver on instance: /home/yorig/tuner/mpils-tests/instances/miplib/medium-2/supportcase6.mps with config: /scratch/yorig/mpils-results-grid-ticks-10000-7may/medium-2/24proc/seed-5/9_supportcase6_seed-5_20260509_075205/iterated_local_search/run_6_worker_17/ils_config_6745706247691207838.prm
[INFO]:[08:15:14] Starting CPLEX solver on instance: /home/yorig/tuner/mpils-tests/instances/miplib/medium-2/supportcase6.mps with config: /scratch/yorig/mpils-results-grid-ticks-10000-7may/medium-2/24proc/seed-5/9_supportcase6_seed-5_20260509_075205/iterated_local_search/run_6_worker_17/ils_config_6745706247691207838.prm
[INFO]:[08:15:22] CPLEX results. Gap: 100.000000, upper bound: 312944.728401, lower bound: 0.000000
[INFO]:[08:15:22] CPLEX solver finished. Gap: 100.000000
[INFO]:[08:15:22] Starting CPLEX solver on instance: /home/yorig/tuner/mpils-tests/instances/miplib/medium-2/supportcase6.mps with config: /scratch/yorig/mpils-results-grid-ticks-10000-7may/medium-2/24proc/seed-5/9_supportcase6_seed-5_20260509_075205/iterated_local_search/run_6_worker_17/ils_config_3362592949062753957.prm
[INFO]:[08:15:22] Starting CPLEX solver on instance: /home/yorig/tuner/mpils-tests/instances/miplib/medium-2/supportcase6.mps with config: /scratch/yorig/mpils-results-grid-ticks-10000-7may/medium-2/24proc/seed-5/9_supportcase6_seed-5_20260509_075205/iterated_local_search/run_6_worker_17/ils_config_3362592949062753957.prm
[INFO]:[08:15:30] CPLEX results. Gap: 100.000000, upper bound: 312944.728401, lower bound: 0.000000
[INFO]:[08:15:30] CPLEX solver finished. Gap: 100.000000
[INFO]:[08:15:30] Starting CPLEX solver on instance: /home/yorig/tuner/mpils-tests/instances/miplib/medium-2/supportcase6.mps with config: /scratch/yorig/mpils-results-grid-ticks-10000-7may/medium-2/24proc/seed-5/9_supportcase6_seed-5_20260509_075205/iterated_local_search/run_6_worker_17/ils_config_1513335084610643214.prm
[INFO]:[08:15:30] Starting CPLEX solver on instance: /home/yorig/tuner/mpils-tests/instances/miplib/medium-2/supportcase6.mps with config: /scratch/yorig/mpils-results-grid-ticks-10000-7may/medium-2/24proc/seed-5/9_supportcase6_seed-5_20260509_075205/iterated_local_search/run_6_worker_17/ils_config_1513335084610643214.prm
[INFO]:[08:15:38] CPLEX results. Gap: 100.000000, upper bound: 312944.728401, lower bound: 0.000000
[INFO]:[08:15:38] CPLEX solver finished. Gap: 100.000000
[INFO]:[08:15:38] Starting CPLEX solver on instance: /home/yorig/tuner/mpils-tests/instances/miplib/medium-2/supportcase6.mps with config: /scratch/yorig/mpils-results-grid-ticks-10000-7may/medium-2/24proc/seed-5/9_supportcase6_seed-5_20260509_075205/iterated_local_search/run_6_worker_17/ils_config_9947389067366115957.prm
[INFO]:[08:15:38] Starting CPLEX solver on instance: /home/yorig/tuner/mpils-tests/instances/miplib/medium-2/supportcase6.mps with config: /scratch/yorig/mpils-results-grid-ticks-10000-7may/medium-2/24proc/seed-5/9_supportcase6_seed-5_20260509_075205/iterated_local_search/run_6_worker_17/ils_config_9947389067366115957.prm
[INFO]:[08:15:43] CPLEX results. Gap: 85.590000, upper bound: 312944.728401, lower bound: 45090.732163
[INFO]:[08:15:43] CPLEX solver finished. Gap: 85.590000
[INFO]:[08:15:43] New incumbent found with objective value: 85.59
[INFO]:[08:15:43] Starting CPLEX solver on instance: /home/yorig/tuner/mpils-tests/instances/miplib/medium-2/supportcase6.mps with config: /scratch/yorig/mpils-results-grid-ticks-10000-7may/medium-2/24proc/seed-5/9_supportcase6_seed-5_20260509_075205/iterated_local_search/run_6_worker_17/ils_config_1762935203998666959.prm
[INFO]:[08:15:43] Starting CPLEX solver on instance: /home/yorig/tuner/mpils-tests/instances/miplib/medium-2/supportcase6.mps with config: /scratch/yorig/mpils-results-grid-ticks-10000-7may/medium-2/24proc/seed-5/9_supportcase6_seed-5_20260509_075205/iterated_local_search/run_6_worker_17/ils_config_1762935203998666959.prm
[INFO]:[08:15:48] CPLEX results. Gap: 85.590000, upper bound: 312944.728401, lower bound: 45090.732163
[INFO]:[08:15:48] CPLEX solver finished. Gap: 85.590000
[INFO]:[08:15:48] Starting CPLEX solver on instance: /home/yorig/tuner/mpils-tests/instances/miplib/medium-2/supportcase6.mps with config: /scratch/yorig/mpils-results-grid-ticks-10000-7may/medium-2/24proc/seed-5/9_supportcase6_seed-5_20260509_075205/iterated_local_search/run_6_worker_17/ils_config_15593873126961856904.prm
[INFO]:[08:15:48] Starting CPLEX solver on instance: /home/yorig/tuner/mpils-tests/instances/miplib/medium-2/supportcase6.mps with config: /scratch/yorig/mpils-results-grid-ticks-10000-7may/medium-2/24proc/seed-5/9_supportcase6_seed-5_20260509_075205/iterated_local_search/run_6_worker_17/ils_config_15593873126961856904.prm
[INFO]:[08:15:53] CPLEX results. Gap: 85.590000, upper bound: 312944.728401, lower bound: 45090.732163
[INFO]:[08:15:53] CPLEX solver finished. Gap: 85.590000
[INFO]:[08:15:53] Starting CPLEX solver on instance: /home/yorig/tuner/mpils-tests/instances/miplib/medium-2/supportcase6.mps with config: /scratch/yorig/mpils-results-grid-ticks-10000-7may/medium-2/24proc/seed-5/9_supportcase6_seed-5_20260509_075205/iterated_local_search/run_6_worker_17/ils_config_15855585896312897375.prm
[INFO]:[08:15:53] Starting CPLEX solver on instance: /home/yorig/tuner/mpils-tests/instances/miplib/medium-2/supportcase6.mps with config: /scratch/yorig/mpils-results-grid-ticks-10000-7may/medium-2/24proc/seed-5/9_supportcase6_seed-5_20260509_075205/iterated_local_search/run_6_worker_17/ils_config_15855585896312897375.prm
[INFO]:[08:15:58] CPLEX results. Gap: 85.590000, upper bound: 312944.728401, lower bound: 45090.732163
[INFO]:[08:15:58] CPLEX solver finished. Gap: 85.590000
[INFO]:[08:15:58] Starting CPLEX solver on instance: /home/yorig/tuner/mpils-tests/instances/miplib/medium-2/supportcase6.mps with config: /scratch/yorig/mpils-results-grid-ticks-10000-7may/medium-2/24proc/seed-5/9_supportcase6_seed-5_20260509_075205/iterated_local_search/run_6_worker_17/ils_config_8299301496767060587.prm
[INFO]:[08:15:58] Starting CPLEX solver on instance: /home/yorig/tuner/mpils-tests/instances/miplib/medium-2/supportcase6.mps with config: /scratch/yorig/mpils-results-grid-ticks-10000-7may/medium-2/24proc/seed-5/9_supportcase6_seed-5_20260509_075205/iterated_local_search/run_6_worker_17/ils_config_8299301496767060587.prm
[INFO]:[08:16:04] CPLEX results. Gap: 85.590000, upper bound: 312944.728401, lower bound: 45090.732163
[INFO]:[08:16:04] CPLEX solver finished. Gap: 85.590000
[INFO]:[08:16:04] Starting CPLEX solver on instance: /home/yorig/tuner/mpils-tests/instances/miplib/medium-2/supportcase6.mps with config: /scratch/yorig/mpils-results-grid-ticks-10000-7may/medium-2/24proc/seed-5/9_supportcase6_seed-5_20260509_075205/iterated_local_search/run_6_worker_17/ils_config_13122811218737541673.prm
[INFO]:[08:16:04] Starting CPLEX solver on instance: /home/yorig/tuner/mpils-tests/instances/miplib/medium-2/supportcase6.mps with config: /scratch/yorig/mpils-results-grid-ticks-10000-7may/medium-2/24proc/seed-5/9_supportcase6_seed-5_20260509_075205/iterated_local_search/run_6_worker_17/ils_config_13122811218737541673.prm
[INFO]:[08:16:09] CPLEX results. Gap: 85.590000, upper bound: 312944.728401, lower bound: 45090.732163
[INFO]:[08:16:09] CPLEX solver finished. Gap: 85.590000
[INFO]:[08:16:09] Starting CPLEX solver on instance: /home/yorig/tuner/mpils-tests/instances/miplib/medium-2/supportcase6.mps with config: /scratch/yorig/mpils-results-grid-ticks-10000-7may/medium-2/24proc/seed-5/9_supportcase6_seed-5_20260509_075205/iterated_local_search/run_6_worker_17/ils_config_11826655561761319698.prm
[INFO]:[08:16:09] Starting CPLEX solver on instance: /home/yorig/tuner/mpils-tests/instances/miplib/medium-2/supportcase6.mps with config: /scratch/yorig/mpils-results-grid-ticks-10000-7may/medium-2/24proc/seed-5/9_supportcase6_seed-5_20260509_075205/iterated_local_search/run_6_worker_17/ils_config_11826655561761319698.prm
[INFO]:[08:16:14] CPLEX results. Gap: 85.590000, upper bound: 312944.728401, lower bound: 45090.732163
[INFO]:[08:16:14] CPLEX solver finished. Gap: 85.590000
[INFO]:[08:16:14] Local search phase completed.
[INFO]:[08:16:14] Total number of new local-search evaluations: 27
[INFO]:[08:16:14] Final incumbent objective value: 85.59
[INFO]:[08:17:53] Worker 17 completed exploration phase.
[INFO]:[08:17:53] Worker 17 received order for step 2.
[INFO]:[08:17:53] Worker 17 running expansion phase for iteration 6.
[INFO]:[08:17:53] Worker 17 will use solver log file: /scratch/yorig/mpils-results-grid-ticks-10000-7may/medium-2/24proc/seed-5/9_supportcase6_seed-5_20260509_075205/solver/cplex.log_iteration_expansion_6_worker_17
[INFO]:[08:17:53] Expansion Worker 17 starting expansion for iteration 6.
[INFO]:[08:17:53] Starting CPLEX solver on instance: /home/yorig/tuner/mpils-tests/instances/miplib/medium-2/supportcase6.mps with config: /scratch/yorig/mpils-results-grid-ticks-10000-7may/medium-2/24proc/seed-5/9_supportcase6_seed-5_20260509_075205/expansion/config_param_CPXPARAM_Barrier_Algorithm_1_iter_6.prm
[INFO]:[08:17:58] CPLEX results. Gap: 0.210000, upper bound: 51999.634479, lower bound: 51891.352715
[INFO]:[08:17:58] CPLEX solver finished. Gap: 0.210000
[INFO]:[08:17:59] Expansion Worker 17 stopping early after global MPI expansion stop was activated.
[INFO]:[08:17:59] Expansion Worker 17 completed expansion.
[INFO]:[08:17:59] Worker 17 completed expansion phase.
[INFO]:[08:18:00] Worker 17 received order for step 1.
[INFO]:[08:18:00] Worker 17 running exploration phase for iteration 7.
[INFO]:[08:18:00] Worker 17 at iteration 7 will not use a MIP start file. Current best MIP-start upper bound threshold is 1.79769e+308.
[INFO]:[08:18:00] Starting local search phase...
[INFO]:[08:18:00] Creating local search space from parameter space file: /scratch/yorig/mpils-results-grid-ticks-10000-7may/medium-2/24proc/seed-5/9_supportcase6_seed-5_20260509_075205/iterated_local_search/search_space/search_space_file_7_worker_17.txt
[INFO]:[08:18:00] Local search space loaded from file: /scratch/yorig/mpils-results-grid-ticks-10000-7may/medium-2/24proc/seed-5/9_supportcase6_seed-5_20260509_075205/iterated_local_search/search_space/search_space_file_7_worker_17.txt
[INFO]:[08:18:00] Number of parameters in local search space: 71
[INFO]:[08:18:00] Number of forbidden tuples in local search space: 28
[INFO]:[08:18:00] Number of conditionals in local search space: 6
[INFO]:[08:18:00] MIP start option not enabled. Local search will proceed without MIP start.
[INFO]:[08:18:00] Evaluating initial configuration for local search phase...
[INFO]:[08:18:00] Starting CPLEX solver on instance: /home/yorig/tuner/mpils-tests/instances/miplib/medium-2/supportcase6.mps with config: /scratch/yorig/mpils-results-grid-ticks-10000-7may/medium-2/24proc/seed-5/9_supportcase6_seed-5_20260509_075205/iterated_local_search/run_7_worker_17/ils_config_12130630926201658416.prm
[INFO]:[08:18:00] Starting CPLEX solver on instance: /home/yorig/tuner/mpils-tests/instances/miplib/medium-2/supportcase6.mps with config: /scratch/yorig/mpils-results-grid-ticks-10000-7may/medium-2/24proc/seed-5/9_supportcase6_seed-5_20260509_075205/iterated_local_search/run_7_worker_17/ils_config_12130630926201658416.prm
[INFO]:[08:18:08] CPLEX results. Gap: 100.000000, upper bound: 312944.728401, lower bound: 0.000000
[INFO]:[08:18:08] CPLEX solver finished. Gap: 100.000000
[INFO]:[08:18:08] Initial configuration evaluated with objective value: 100
[INFO]:[08:18:09] Starting CPLEX solver on instance: /home/yorig/tuner/mpils-tests/instances/miplib/medium-2/supportcase6.mps with config: /scratch/yorig/mpils-results-grid-ticks-10000-7may/medium-2/24proc/seed-5/9_supportcase6_seed-5_20260509_075205/iterated_local_search/run_7_worker_17/ils_config_9512651316737382660.prm
[INFO]:[08:18:09] Starting CPLEX solver on instance: /home/yorig/tuner/mpils-tests/instances/miplib/medium-2/supportcase6.mps with config: /scratch/yorig/mpils-results-grid-ticks-10000-7may/medium-2/24proc/seed-5/9_supportcase6_seed-5_20260509_075205/iterated_local_search/run_7_worker_17/ils_config_9512651316737382660.prm
[INFO]:[08:18:17] CPLEX results. Gap: 100.000000, upper bound: 312944.728401, lower bound: 0.000000
[INFO]:[08:18:17] CPLEX solver finished. Gap: 100.000000
[INFO]:[08:18:17] Starting CPLEX solver on instance: /home/yorig/tuner/mpils-tests/instances/miplib/medium-2/supportcase6.mps with config: /scratch/yorig/mpils-results-grid-ticks-10000-7may/medium-2/24proc/seed-5/9_supportcase6_seed-5_20260509_075205/iterated_local_search/run_7_worker_17/ils_config_16853390766380004883.prm
[INFO]:[08:18:17] Starting CPLEX solver on instance: /home/yorig/tuner/mpils-tests/instances/miplib/medium-2/supportcase6.mps with config: /scratch/yorig/mpils-results-grid-ticks-10000-7may/medium-2/24proc/seed-5/9_supportcase6_seed-5_20260509_075205/iterated_local_search/run_7_worker_17/ils_config_16853390766380004883.prm
[INFO]:[08:18:25] CPLEX results. Gap: 100.000000, upper bound: 312944.728401, lower bound: 0.000000
[INFO]:[08:18:25] CPLEX solver finished. Gap: 100.000000
[INFO]:[08:18:25] Starting CPLEX solver on instance: /home/yorig/tuner/mpils-tests/instances/miplib/medium-2/supportcase6.mps with config: /scratch/yorig/mpils-results-grid-ticks-10000-7may/medium-2/24proc/seed-5/9_supportcase6_seed-5_20260509_075205/iterated_local_search/run_7_worker_17/ils_config_16527520481916918224.prm
[INFO]:[08:18:25] Starting CPLEX solver on instance: /home/yorig/tuner/mpils-tests/instances/miplib/medium-2/supportcase6.mps with config: /scratch/yorig/mpils-results-grid-ticks-10000-7may/medium-2/24proc/seed-5/9_supportcase6_seed-5_20260509_075205/iterated_local_search/run_7_worker_17/ils_config_16527520481916918224.prm
[INFO]:[08:18:33] CPLEX results. Gap: 100.000000, upper bound: 312944.728401, lower bound: 0.000000
[INFO]:[08:18:33] CPLEX solver finished. Gap: 100.000000
[INFO]:[08:18:33] Starting CPLEX solver on instance: /home/yorig/tuner/mpils-tests/instances/miplib/medium-2/supportcase6.mps with config: /scratch/yorig/mpils-results-grid-ticks-10000-7may/medium-2/24proc/seed-5/9_supportcase6_seed-5_20260509_075205/iterated_local_search/run_7_worker_17/ils_config_14008350335717109346.prm
[INFO]:[08:18:33] Starting CPLEX solver on instance: /home/yorig/tuner/mpils-tests/instances/miplib/medium-2/supportcase6.mps with config: /scratch/yorig/mpils-results-grid-ticks-10000-7may/medium-2/24proc/seed-5/9_supportcase6_seed-5_20260509_075205/iterated_local_search/run_7_worker_17/ils_config_14008350335717109346.prm
[INFO]:[08:18:41] CPLEX results. Gap: 100.000000, upper bound: 312944.728401, lower bound: 0.000000
[INFO]:[08:18:41] CPLEX solver finished. Gap: 100.000000
[INFO]:[08:18:41] Starting CPLEX solver on instance: /home/yorig/tuner/mpils-tests/instances/miplib/medium-2/supportcase6.mps with config: /scratch/yorig/mpils-results-grid-ticks-10000-7may/medium-2/24proc/seed-5/9_supportcase6_seed-5_20260509_075205/iterated_local_search/run_7_worker_17/ils_config_1969702762070943198.prm
[INFO]:[08:18:41] Starting CPLEX solver on instance: /home/yorig/tuner/mpils-tests/instances/miplib/medium-2/supportcase6.mps with config: /scratch/yorig/mpils-results-grid-ticks-10000-7may/medium-2/24proc/seed-5/9_supportcase6_seed-5_20260509_075205/iterated_local_search/run_7_worker_17/ils_config_1969702762070943198.prm
[INFO]:[08:18:49] CPLEX results. Gap: 100.000000, upper bound: 312944.728401, lower bound: 0.000000
[INFO]:[08:18:49] CPLEX solver finished. Gap: 100.000000
[INFO]:[08:18:49] Starting CPLEX solver on instance: /home/yorig/tuner/mpils-tests/instances/miplib/medium-2/supportcase6.mps with config: /scratch/yorig/mpils-results-grid-ticks-10000-7may/medium-2/24proc/seed-5/9_supportcase6_seed-5_20260509_075205/iterated_local_search/run_7_worker_17/ils_config_3834803124697147823.prm
[INFO]:[08:18:49] Starting CPLEX solver on instance: /home/yorig/tuner/mpils-tests/instances/miplib/medium-2/supportcase6.mps with config: /scratch/yorig/mpils-results-grid-ticks-10000-7may/medium-2/24proc/seed-5/9_supportcase6_seed-5_20260509_075205/iterated_local_search/run_7_worker_17/ils_config_3834803124697147823.prm
[INFO]:[08:18:58] CPLEX results. Gap: 100.000000, upper bound: 312944.728401, lower bound: 0.000000
[INFO]:[08:18:58] CPLEX solver finished. Gap: 100.000000
[INFO]:[08:18:58] Starting CPLEX solver on instance: /home/yorig/tuner/mpils-tests/instances/miplib/medium-2/supportcase6.mps with config: /scratch/yorig/mpils-results-grid-ticks-10000-7may/medium-2/24proc/seed-5/9_supportcase6_seed-5_20260509_075205/iterated_local_search/run_7_worker_17/ils_config_12289696353012839280.prm
[INFO]:[08:18:58] Starting CPLEX solver on instance: /home/yorig/tuner/mpils-tests/instances/miplib/medium-2/supportcase6.mps with config: /scratch/yorig/mpils-results-grid-ticks-10000-7may/medium-2/24proc/seed-5/9_supportcase6_seed-5_20260509_075205/iterated_local_search/run_7_worker_17/ils_config_12289696353012839280.prm
[INFO]:[08:19:06] CPLEX results. Gap: 100.000000, upper bound: 312944.728401, lower bound: 0.000000
[INFO]:[08:19:06] CPLEX solver finished. Gap: 100.000000
[INFO]:[08:19:06] Starting CPLEX solver on instance: /home/yorig/tuner/mpils-tests/instances/miplib/medium-2/supportcase6.mps with config: /scratch/yorig/mpils-results-grid-ticks-10000-7may/medium-2/24proc/seed-5/9_supportcase6_seed-5_20260509_075205/iterated_local_search/run_7_worker_17/ils_config_11982229161268642457.prm
[INFO]:[08:19:06] Starting CPLEX solver on instance: /home/yorig/tuner/mpils-tests/instances/miplib/medium-2/supportcase6.mps with config: /scratch/yorig/mpils-results-grid-ticks-10000-7may/medium-2/24proc/seed-5/9_supportcase6_seed-5_20260509_075205/iterated_local_search/run_7_worker_17/ils_config_11982229161268642457.prm
[INFO]:[08:19:14] CPLEX results. Gap: 100.000000, upper bound: 312944.728401, lower bound: 0.000000
[INFO]:[08:19:14] CPLEX solver finished. Gap: 100.000000
[INFO]:[08:19:14] Starting CPLEX solver on instance: /home/yorig/tuner/mpils-tests/instances/miplib/medium-2/supportcase6.mps with config: /scratch/yorig/mpils-results-grid-ticks-10000-7may/medium-2/24proc/seed-5/9_supportcase6_seed-5_20260509_075205/iterated_local_search/run_7_worker_17/ils_config_2556147174402644634.prm
[INFO]:[08:19:14] Starting CPLEX solver on instance: /home/yorig/tuner/mpils-tests/instances/miplib/medium-2/supportcase6.mps with config: /scratch/yorig/mpils-results-grid-ticks-10000-7may/medium-2/24proc/seed-5/9_supportcase6_seed-5_20260509_075205/iterated_local_search/run_7_worker_17/ils_config_2556147174402644634.prm
[INFO]:[08:19:22] CPLEX results. Gap: 100.000000, upper bound: 312944.728401, lower bound: 0.000000
[INFO]:[08:19:22] CPLEX solver finished. Gap: 100.000000
[INFO]:[08:19:22] Starting CPLEX solver on instance: /home/yorig/tuner/mpils-tests/instances/miplib/medium-2/supportcase6.mps with config: /scratch/yorig/mpils-results-grid-ticks-10000-7may/medium-2/24proc/seed-5/9_supportcase6_seed-5_20260509_075205/iterated_local_search/run_7_worker_17/ils_config_3369981995618334078.prm
[INFO]:[08:19:22] Starting CPLEX solver on instance: /home/yorig/tuner/mpils-tests/instances/miplib/medium-2/supportcase6.mps with config: /scratch/yorig/mpils-results-grid-ticks-10000-7may/medium-2/24proc/seed-5/9_supportcase6_seed-5_20260509_075205/iterated_local_search/run_7_worker_17/ils_config_3369981995618334078.prm
[INFO]:[08:19:30] CPLEX results. Gap: 100.000000, upper bound: 312944.728401, lower bound: 0.000000
[INFO]:[08:19:30] CPLEX solver finished. Gap: 100.000000
[INFO]:[08:19:30] Starting CPLEX solver on instance: /home/yorig/tuner/mpils-tests/instances/miplib/medium-2/supportcase6.mps with config: /scratch/yorig/mpils-results-grid-ticks-10000-7may/medium-2/24proc/seed-5/9_supportcase6_seed-5_20260509_075205/iterated_local_search/run_7_worker_17/ils_config_14008479931643628933.prm
[INFO]:[08:19:30] Starting CPLEX solver on instance: /home/yorig/tuner/mpils-tests/instances/miplib/medium-2/supportcase6.mps with config: /scratch/yorig/mpils-results-grid-ticks-10000-7may/medium-2/24proc/seed-5/9_supportcase6_seed-5_20260509_075205/iterated_local_search/run_7_worker_17/ils_config_14008479931643628933.prm
[INFO]:[08:19:38] CPLEX results. Gap: 100.000000, upper bound: 312944.728401, lower bound: 0.000000
[INFO]:[08:19:38] CPLEX solver finished. Gap: 100.000000
[INFO]:[08:19:38] Starting CPLEX solver on instance: /home/yorig/tuner/mpils-tests/instances/miplib/medium-2/supportcase6.mps with config: /scratch/yorig/mpils-results-grid-ticks-10000-7may/medium-2/24proc/seed-5/9_supportcase6_seed-5_20260509_075205/iterated_local_search/run_7_worker_17/ils_config_5070608889413072703.prm
[INFO]:[08:19:38] Starting CPLEX solver on instance: /home/yorig/tuner/mpils-tests/instances/miplib/medium-2/supportcase6.mps with config: /scratch/yorig/mpils-results-grid-ticks-10000-7may/medium-2/24proc/seed-5/9_supportcase6_seed-5_20260509_075205/iterated_local_search/run_7_worker_17/ils_config_5070608889413072703.prm
[INFO]:[08:19:46] CPLEX results. Gap: 100.000000, upper bound: 312944.728401, lower bound: 0.000000
[INFO]:[08:19:46] CPLEX solver finished. Gap: 100.000000
[INFO]:[08:19:46] Starting CPLEX solver on instance: /home/yorig/tuner/mpils-tests/instances/miplib/medium-2/supportcase6.mps with config: /scratch/yorig/mpils-results-grid-ticks-10000-7may/medium-2/24proc/seed-5/9_supportcase6_seed-5_20260509_075205/iterated_local_search/run_7_worker_17/ils_config_16374878816132522170.prm
[INFO]:[08:19:46] Starting CPLEX solver on instance: /home/yorig/tuner/mpils-tests/instances/miplib/medium-2/supportcase6.mps with config: /scratch/yorig/mpils-results-grid-ticks-10000-7may/medium-2/24proc/seed-5/9_supportcase6_seed-5_20260509_075205/iterated_local_search/run_7_worker_17/ils_config_16374878816132522170.prm
[INFO]:[08:19:54] CPLEX results. Gap: 100.000000, upper bound: 312944.728401, lower bound: 0.000000
[INFO]:[08:19:54] CPLEX solver finished. Gap: 100.000000
[INFO]:[08:19:54] Starting CPLEX solver on instance: /home/yorig/tuner/mpils-tests/instances/miplib/medium-2/supportcase6.mps with config: /scratch/yorig/mpils-results-grid-ticks-10000-7may/medium-2/24proc/seed-5/9_supportcase6_seed-5_20260509_075205/iterated_local_search/run_7_worker_17/ils_config_18236545376612306491.prm
[INFO]:[08:19:54] Starting CPLEX solver on instance: /home/yorig/tuner/mpils-tests/instances/miplib/medium-2/supportcase6.mps with config: /scratch/yorig/mpils-results-grid-ticks-10000-7may/medium-2/24proc/seed-5/9_supportcase6_seed-5_20260509_075205/iterated_local_search/run_7_worker_17/ils_config_18236545376612306491.prm
[INFO]:[08:20:03] CPLEX results. Gap: 100.000000, upper bound: 312944.728401, lower bound: 0.000000
[INFO]:[08:20:03] CPLEX solver finished. Gap: 100.000000
[INFO]:[08:20:03] Starting CPLEX solver on instance: /home/yorig/tuner/mpils-tests/instances/miplib/medium-2/supportcase6.mps with config: /scratch/yorig/mpils-results-grid-ticks-10000-7may/medium-2/24proc/seed-5/9_supportcase6_seed-5_20260509_075205/iterated_local_search/run_7_worker_17/ils_config_15091285954160268908.prm
[INFO]:[08:20:03] Starting CPLEX solver on instance: /home/yorig/tuner/mpils-tests/instances/miplib/medium-2/supportcase6.mps with config: /scratch/yorig/mpils-results-grid-ticks-10000-7may/medium-2/24proc/seed-5/9_supportcase6_seed-5_20260509_075205/iterated_local_search/run_7_worker_17/ils_config_15091285954160268908.prm
[INFO]:[08:20:11] CPLEX results. Gap: 100.000000, upper bound: 312944.728401, lower bound: 0.000000
[INFO]:[08:20:11] CPLEX solver finished. Gap: 100.000000
[INFO]:[08:20:11] Starting CPLEX solver on instance: /home/yorig/tuner/mpils-tests/instances/miplib/medium-2/supportcase6.mps with config: /scratch/yorig/mpils-results-grid-ticks-10000-7may/medium-2/24proc/seed-5/9_supportcase6_seed-5_20260509_075205/iterated_local_search/run_7_worker_17/ils_config_12524974322574537597.prm
[INFO]:[08:20:11] Starting CPLEX solver on instance: /home/yorig/tuner/mpils-tests/instances/miplib/medium-2/supportcase6.mps with config: /scratch/yorig/mpils-results-grid-ticks-10000-7may/medium-2/24proc/seed-5/9_supportcase6_seed-5_20260509_075205/iterated_local_search/run_7_worker_17/ils_config_12524974322574537597.prm
[INFO]:[08:20:18] CPLEX results. Gap: 100.000000, upper bound: 312944.728401, lower bound: 0.000000
[INFO]:[08:20:18] CPLEX solver finished. Gap: 100.000000
[INFO]:[08:20:18] Starting CPLEX solver on instance: /home/yorig/tuner/mpils-tests/instances/miplib/medium-2/supportcase6.mps with config: /scratch/yorig/mpils-results-grid-ticks-10000-7may/medium-2/24proc/seed-5/9_supportcase6_seed-5_20260509_075205/iterated_local_search/run_7_worker_17/ils_config_15845589823411246468.prm
[INFO]:[08:20:18] Starting CPLEX solver on instance: /home/yorig/tuner/mpils-tests/instances/miplib/medium-2/supportcase6.mps with config: /scratch/yorig/mpils-results-grid-ticks-10000-7may/medium-2/24proc/seed-5/9_supportcase6_seed-5_20260509_075205/iterated_local_search/run_7_worker_17/ils_config_15845589823411246468.prm
[INFO]:[08:20:26] CPLEX results. Gap: 100.000000, upper bound: 312944.728401, lower bound: 0.000000
[INFO]:[08:20:26] CPLEX solver finished. Gap: 100.000000
[INFO]:[08:20:26] Local search phase completed.
[INFO]:[08:20:26] Total number of new local-search evaluations: 18
[INFO]:[08:20:26] Final incumbent objective value: 100
[INFO]:[08:20:26] Worker 17 completed exploration phase.
[INFO]:[08:20:26] Worker 17 received order for step 2.
[INFO]:[08:20:26] Worker 17 running expansion phase for iteration 7.
[INFO]:[08:20:26] Worker 17 will use solver log file: /scratch/yorig/mpils-results-grid-ticks-10000-7may/medium-2/24proc/seed-5/9_supportcase6_seed-5_20260509_075205/solver/cplex.log_iteration_expansion_7_worker_17
[INFO]:[08:20:26] Expansion Worker 17 starting expansion for iteration 7.
[INFO]:[08:20:26] Starting CPLEX solver on instance: /home/yorig/tuner/mpils-tests/instances/miplib/medium-2/supportcase6.mps with config: /scratch/yorig/mpils-results-grid-ticks-10000-7may/medium-2/24proc/seed-5/9_supportcase6_seed-5_20260509_075205/expansion/config_param_CPXPARAM_MIP_Limits_Nodes_0_iter_7.prm
[INFO]:[08:20:32] CPLEX results. Gap: 0.070000, upper bound: 51935.177580, lower bound: 51896.471721
[INFO]:[08:20:32] CPLEX solver finished. Gap: 0.070000
[INFO]:[08:20:32] Expansion Worker 17 completed expansion.
[INFO]:[08:20:32] Worker 17 completed expansion phase.
[INFO]:[08:20:34] Worker 17 received order for step 1.
[INFO]:[08:20:34] Worker 17 running exploration phase for iteration 8.
[INFO]:[08:20:34] Worker 17 at iteration 8 will not use a MIP start file. Current best MIP-start upper bound threshold is 1.79769e+308.
[INFO]:[08:20:34] Starting local search phase...
[INFO]:[08:20:34] Creating local search space from parameter space file: /scratch/yorig/mpils-results-grid-ticks-10000-7may/medium-2/24proc/seed-5/9_supportcase6_seed-5_20260509_075205/iterated_local_search/search_space/search_space_file_8_worker_17.txt
[INFO]:[08:20:34] Local search space loaded from file: /scratch/yorig/mpils-results-grid-ticks-10000-7may/medium-2/24proc/seed-5/9_supportcase6_seed-5_20260509_075205/iterated_local_search/search_space/search_space_file_8_worker_17.txt
[INFO]:[08:20:34] Number of parameters in local search space: 71
[INFO]:[08:20:34] Number of forbidden tuples in local search space: 28
[INFO]:[08:20:34] Number of conditionals in local search space: 6
[INFO]:[08:20:34] MIP start option not enabled. Local search will proceed without MIP start.
[INFO]:[08:20:34] Evaluating initial configuration for local search phase...
[INFO]:[08:20:34] Starting CPLEX solver on instance: /home/yorig/tuner/mpils-tests/instances/miplib/medium-2/supportcase6.mps with config: /scratch/yorig/mpils-results-grid-ticks-10000-7may/medium-2/24proc/seed-5/9_supportcase6_seed-5_20260509_075205/iterated_local_search/run_8_worker_17/ils_config_11344997478221929217.prm
[INFO]:[08:20:34] Starting CPLEX solver on instance: /home/yorig/tuner/mpils-tests/instances/miplib/medium-2/supportcase6.mps with config: /scratch/yorig/mpils-results-grid-ticks-10000-7may/medium-2/24proc/seed-5/9_supportcase6_seed-5_20260509_075205/iterated_local_search/run_8_worker_17/ils_config_11344997478221929217.prm
[INFO]:[08:20:42] CPLEX results. Gap: 100.000000, upper bound: 312944.728401, lower bound: 0.000000
[INFO]:[08:20:42] CPLEX solver finished. Gap: 100.000000
[INFO]:[08:20:42] Initial configuration evaluated with objective value: 100
[INFO]:[08:20:42] Starting CPLEX solver on instance: /home/yorig/tuner/mpils-tests/instances/miplib/medium-2/supportcase6.mps with config: /scratch/yorig/mpils-results-grid-ticks-10000-7may/medium-2/24proc/seed-5/9_supportcase6_seed-5_20260509_075205/iterated_local_search/run_8_worker_17/ils_config_10198019125519055076.prm
[INFO]:[08:20:42] Starting CPLEX solver on instance: /home/yorig/tuner/mpils-tests/instances/miplib/medium-2/supportcase6.mps with config: /scratch/yorig/mpils-results-grid-ticks-10000-7may/medium-2/24proc/seed-5/9_supportcase6_seed-5_20260509_075205/iterated_local_search/run_8_worker_17/ils_config_10198019125519055076.prm
[INFO]:[08:20:50] CPLEX results. Gap: 100.000000, upper bound: 312944.728401, lower bound: 0.000000
[INFO]:[08:20:50] CPLEX solver finished. Gap: 100.000000
[INFO]:[08:20:50] Starting CPLEX solver on instance: /home/yorig/tuner/mpils-tests/instances/miplib/medium-2/supportcase6.mps with config: /scratch/yorig/mpils-results-grid-ticks-10000-7may/medium-2/24proc/seed-5/9_supportcase6_seed-5_20260509_075205/iterated_local_search/run_8_worker_17/ils_config_6274670196538491304.prm
[INFO]:[08:20:50] Starting CPLEX solver on instance: /home/yorig/tuner/mpils-tests/instances/miplib/medium-2/supportcase6.mps with config: /scratch/yorig/mpils-results-grid-ticks-10000-7may/medium-2/24proc/seed-5/9_supportcase6_seed-5_20260509_075205/iterated_local_search/run_8_worker_17/ils_config_6274670196538491304.prm
[INFO]:[08:20:58] CPLEX results. Gap: 100.000000, upper bound: 312944.728401, lower bound: 0.000000
[INFO]:[08:20:58] CPLEX solver finished. Gap: 100.000000
[INFO]:[08:20:58] Starting CPLEX solver on instance: /home/yorig/tuner/mpils-tests/instances/miplib/medium-2/supportcase6.mps with config: /scratch/yorig/mpils-results-grid-ticks-10000-7may/medium-2/24proc/seed-5/9_supportcase6_seed-5_20260509_075205/iterated_local_search/run_8_worker_17/ils_config_12470522766254311273.prm
[INFO]:[08:20:58] Starting CPLEX solver on instance: /home/yorig/tuner/mpils-tests/instances/miplib/medium-2/supportcase6.mps with config: /scratch/yorig/mpils-results-grid-ticks-10000-7may/medium-2/24proc/seed-5/9_supportcase6_seed-5_20260509_075205/iterated_local_search/run_8_worker_17/ils_config_12470522766254311273.prm
[INFO]:[08:21:06] CPLEX results. Gap: 100.000000, upper bound: 312944.728401, lower bound: 0.000000
[INFO]:[08:21:06] CPLEX solver finished. Gap: 100.000000
[INFO]:[08:21:06] Starting CPLEX solver on instance: /home/yorig/tuner/mpils-tests/instances/miplib/medium-2/supportcase6.mps with config: /scratch/yorig/mpils-results-grid-ticks-10000-7may/medium-2/24proc/seed-5/9_supportcase6_seed-5_20260509_075205/iterated_local_search/run_8_worker_17/ils_config_7948454059815228234.prm
[INFO]:[08:21:06] Starting CPLEX solver on instance: /home/yorig/tuner/mpils-tests/instances/miplib/medium-2/supportcase6.mps with config: /scratch/yorig/mpils-results-grid-ticks-10000-7may/medium-2/24proc/seed-5/9_supportcase6_seed-5_20260509_075205/iterated_local_search/run_8_worker_17/ils_config_7948454059815228234.prm
[INFO]:[08:21:15] CPLEX results. Gap: 100.000000, upper bound: 312944.728401, lower bound: 0.000000
[INFO]:[08:21:15] CPLEX solver finished. Gap: 100.000000
[INFO]:[08:21:15] Starting CPLEX solver on instance: /home/yorig/tuner/mpils-tests/instances/miplib/medium-2/supportcase6.mps with config: /scratch/yorig/mpils-results-grid-ticks-10000-7may/medium-2/24proc/seed-5/9_supportcase6_seed-5_20260509_075205/iterated_local_search/run_8_worker_17/ils_config_17000787526431107648.prm
[INFO]:[08:21:15] Starting CPLEX solver on instance: /home/yorig/tuner/mpils-tests/instances/miplib/medium-2/supportcase6.mps with config: /scratch/yorig/mpils-results-grid-ticks-10000-7may/medium-2/24proc/seed-5/9_supportcase6_seed-5_20260509_075205/iterated_local_search/run_8_worker_17/ils_config_17000787526431107648.prm
[INFO]:[08:21:23] CPLEX results. Gap: 100.000000, upper bound: 312944.728401, lower bound: 0.000000
[INFO]:[08:21:23] CPLEX solver finished. Gap: 100.000000
[INFO]:[08:21:23] Starting CPLEX solver on instance: /home/yorig/tuner/mpils-tests/instances/miplib/medium-2/supportcase6.mps with config: /scratch/yorig/mpils-results-grid-ticks-10000-7may/medium-2/24proc/seed-5/9_supportcase6_seed-5_20260509_075205/iterated_local_search/run_8_worker_17/ils_config_4098279419183560016.prm
[INFO]:[08:21:23] Starting CPLEX solver on instance: /home/yorig/tuner/mpils-tests/instances/miplib/medium-2/supportcase6.mps with config: /scratch/yorig/mpils-results-grid-ticks-10000-7may/medium-2/24proc/seed-5/9_supportcase6_seed-5_20260509_075205/iterated_local_search/run_8_worker_17/ils_config_4098279419183560016.prm
[INFO]:[08:21:30] CPLEX results. Gap: 100.000000, upper bound: 312944.728401, lower bound: 0.000000
[INFO]:[08:21:30] CPLEX solver finished. Gap: 100.000000
[INFO]:[08:21:30] Starting CPLEX solver on instance: /home/yorig/tuner/mpils-tests/instances/miplib/medium-2/supportcase6.mps with config: /scratch/yorig/mpils-results-grid-ticks-10000-7may/medium-2/24proc/seed-5/9_supportcase6_seed-5_20260509_075205/iterated_local_search/run_8_worker_17/ils_config_4507768419846729280.prm
[INFO]:[08:21:30] Starting CPLEX solver on instance: /home/yorig/tuner/mpils-tests/instances/miplib/medium-2/supportcase6.mps with config: /scratch/yorig/mpils-results-grid-ticks-10000-7may/medium-2/24proc/seed-5/9_supportcase6_seed-5_20260509_075205/iterated_local_search/run_8_worker_17/ils_config_4507768419846729280.prm
[INFO]:[08:21:38] CPLEX results. Gap: 100.000000, upper bound: 312944.728401, lower bound: 0.000000
[INFO]:[08:21:38] CPLEX solver finished. Gap: 100.000000
[INFO]:[08:21:38] Starting CPLEX solver on instance: /home/yorig/tuner/mpils-tests/instances/miplib/medium-2/supportcase6.mps with config: /scratch/yorig/mpils-results-grid-ticks-10000-7may/medium-2/24proc/seed-5/9_supportcase6_seed-5_20260509_075205/iterated_local_search/run_8_worker_17/ils_config_12225048192119367743.prm
[INFO]:[08:21:38] Starting CPLEX solver on instance: /home/yorig/tuner/mpils-tests/instances/miplib/medium-2/supportcase6.mps with config: /scratch/yorig/mpils-results-grid-ticks-10000-7may/medium-2/24proc/seed-5/9_supportcase6_seed-5_20260509_075205/iterated_local_search/run_8_worker_17/ils_config_12225048192119367743.prm
[INFO]:[08:21:46] CPLEX results. Gap: 100.000000, upper bound: 312944.728401, lower bound: 0.000000
[INFO]:[08:21:46] CPLEX solver finished. Gap: 100.000000
[INFO]:[08:21:46] Local search phase completed.
[INFO]:[08:21:46] Total number of new local-search evaluations: 9
[INFO]:[08:21:46] Final incumbent objective value: 100
[INFO]:[08:22:38] Worker 17 completed exploration phase.
[INFO]:[08:22:38] Worker 17 received order for step 3.
[INFO]:[08:22:38] Worker 17 finished.
