[INFO]:[16:09:20] Worker 23 starting.
[INFO]:[16:09:20] Worker 23 received order for step 1.
[INFO]:[16:09:20] Worker 23 running exploration phase for iteration 1.
[INFO]:[16:09:20] Worker 23 at iteration 1 will not use a MIP start file. Current best MIP-start upper bound threshold is 1.79769e+308.
[INFO]:[16:09:20] Starting local search phase...
[INFO]:[16:09:20] Creating local search space from parameter space file: /scratch/yorig/mpils-results-grid-seconds-5-4may/easy/24proc/seed-5/2_fastxgemm-n2r6s0t2_seed-5_20260504_160919/iterated_local_search/search_space/search_space_file_1_worker_23.txt
[INFO]:[16:09:20] Local search space loaded from file: /scratch/yorig/mpils-results-grid-seconds-5-4may/easy/24proc/seed-5/2_fastxgemm-n2r6s0t2_seed-5_20260504_160919/iterated_local_search/search_space/search_space_file_1_worker_23.txt
[INFO]:[16:09:20] Number of parameters in local search space: 71
[INFO]:[16:09:20] Number of forbidden tuples in local search space: 0
[INFO]:[16:09:20] Number of conditionals in local search space: 6
[INFO]:[16:09:20] MIP start option not enabled. Local search will proceed without MIP start.
[INFO]:[16:09:20] Evaluating initial configuration for local search phase...
[INFO]:[16:09:20] Starting CPLEX solver on instance: /home/yorig/tuner/mpils-tests/instances/miplib/easy/fastxgemm-n2r6s0t2.mps with config: /scratch/yorig/mpils-results-grid-seconds-5-4may/easy/24proc/seed-5/2_fastxgemm-n2r6s0t2_seed-5_20260504_160919/iterated_local_search/run_1_worker_23/ils_config_15281337108282521976.prm
[INFO]:[16:09:20] Starting CPLEX solver on instance: /home/yorig/tuner/mpils-tests/instances/miplib/easy/fastxgemm-n2r6s0t2.mps with config: /scratch/yorig/mpils-results-grid-seconds-5-4may/easy/24proc/seed-5/2_fastxgemm-n2r6s0t2_seed-5_20260504_160919/iterated_local_search/run_1_worker_23/ils_config_15281337108282521976.prm
[INFO]:[16:09:25] CPLEX results. Gap: 88.260000, upper bound: 230.000000, lower bound: 27.000000
[INFO]:[16:09:25] CPLEX solver finished. Gap: 88.260000
[INFO]:[16:09:25] Initial configuration evaluated with objective value: 88.26
[INFO]:[16:09:25] Starting CPLEX solver on instance: /home/yorig/tuner/mpils-tests/instances/miplib/easy/fastxgemm-n2r6s0t2.mps with config: /scratch/yorig/mpils-results-grid-seconds-5-4may/easy/24proc/seed-5/2_fastxgemm-n2r6s0t2_seed-5_20260504_160919/iterated_local_search/run_1_worker_23/ils_config_18122314123292010932.prm
[INFO]:[16:09:25] Starting CPLEX solver on instance: /home/yorig/tuner/mpils-tests/instances/miplib/easy/fastxgemm-n2r6s0t2.mps with config: /scratch/yorig/mpils-results-grid-seconds-5-4may/easy/24proc/seed-5/2_fastxgemm-n2r6s0t2_seed-5_20260504_160919/iterated_local_search/run_1_worker_23/ils_config_18122314123292010932.prm
[INFO]:[16:09:30] CPLEX results. Gap: 88.260000, upper bound: 230.000000, lower bound: 27.000000
[INFO]:[16:09:30] CPLEX solver finished. Gap: 88.260000
[INFO]:[16:09:30] Starting CPLEX solver on instance: /home/yorig/tuner/mpils-tests/instances/miplib/easy/fastxgemm-n2r6s0t2.mps with config: /scratch/yorig/mpils-results-grid-seconds-5-4may/easy/24proc/seed-5/2_fastxgemm-n2r6s0t2_seed-5_20260504_160919/iterated_local_search/run_1_worker_23/ils_config_11687276490350897832.prm
[INFO]:[16:09:30] Starting CPLEX solver on instance: /home/yorig/tuner/mpils-tests/instances/miplib/easy/fastxgemm-n2r6s0t2.mps with config: /scratch/yorig/mpils-results-grid-seconds-5-4may/easy/24proc/seed-5/2_fastxgemm-n2r6s0t2_seed-5_20260504_160919/iterated_local_search/run_1_worker_23/ils_config_11687276490350897832.prm
[INFO]:[16:09:35] CPLEX results. Gap: 88.260000, upper bound: 230.000000, lower bound: 27.000000
[INFO]:[16:09:35] CPLEX solver finished. Gap: 88.260000
[INFO]:[16:09:35] Starting CPLEX solver on instance: /home/yorig/tuner/mpils-tests/instances/miplib/easy/fastxgemm-n2r6s0t2.mps with config: /scratch/yorig/mpils-results-grid-seconds-5-4may/easy/24proc/seed-5/2_fastxgemm-n2r6s0t2_seed-5_20260504_160919/iterated_local_search/run_1_worker_23/ils_config_9175790509994652460.prm
[INFO]:[16:09:35] Starting CPLEX solver on instance: /home/yorig/tuner/mpils-tests/instances/miplib/easy/fastxgemm-n2r6s0t2.mps with config: /scratch/yorig/mpils-results-grid-seconds-5-4may/easy/24proc/seed-5/2_fastxgemm-n2r6s0t2_seed-5_20260504_160919/iterated_local_search/run_1_worker_23/ils_config_9175790509994652460.prm
[INFO]:[16:09:40] CPLEX results. Gap: 88.260000, upper bound: 230.000000, lower bound: 27.000000
[INFO]:[16:09:40] CPLEX solver finished. Gap: 88.260000
[INFO]:[16:09:40] Starting CPLEX solver on instance: /home/yorig/tuner/mpils-tests/instances/miplib/easy/fastxgemm-n2r6s0t2.mps with config: /scratch/yorig/mpils-results-grid-seconds-5-4may/easy/24proc/seed-5/2_fastxgemm-n2r6s0t2_seed-5_20260504_160919/iterated_local_search/run_1_worker_23/ils_config_9430030541060878567.prm
[INFO]:[16:09:40] Starting CPLEX solver on instance: /home/yorig/tuner/mpils-tests/instances/miplib/easy/fastxgemm-n2r6s0t2.mps with config: /scratch/yorig/mpils-results-grid-seconds-5-4may/easy/24proc/seed-5/2_fastxgemm-n2r6s0t2_seed-5_20260504_160919/iterated_local_search/run_1_worker_23/ils_config_9430030541060878567.prm
[INFO]:[16:09:45] CPLEX results. Gap: 88.260000, upper bound: 230.000000, lower bound: 27.000000
[INFO]:[16:09:45] CPLEX solver finished. Gap: 88.260000
[INFO]:[16:09:45] Starting CPLEX solver on instance: /home/yorig/tuner/mpils-tests/instances/miplib/easy/fastxgemm-n2r6s0t2.mps with config: /scratch/yorig/mpils-results-grid-seconds-5-4may/easy/24proc/seed-5/2_fastxgemm-n2r6s0t2_seed-5_20260504_160919/iterated_local_search/run_1_worker_23/ils_config_15281767213089713386.prm
[INFO]:[16:09:45] Starting CPLEX solver on instance: /home/yorig/tuner/mpils-tests/instances/miplib/easy/fastxgemm-n2r6s0t2.mps with config: /scratch/yorig/mpils-results-grid-seconds-5-4may/easy/24proc/seed-5/2_fastxgemm-n2r6s0t2_seed-5_20260504_160919/iterated_local_search/run_1_worker_23/ils_config_15281767213089713386.prm
[INFO]:[16:09:50] CPLEX results. Gap: 88.260000, upper bound: 230.000000, lower bound: 27.000000
[INFO]:[16:09:50] CPLEX solver finished. Gap: 88.260000
[INFO]:[16:09:50] Starting CPLEX solver on instance: /home/yorig/tuner/mpils-tests/instances/miplib/easy/fastxgemm-n2r6s0t2.mps with config: /scratch/yorig/mpils-results-grid-seconds-5-4may/easy/24proc/seed-5/2_fastxgemm-n2r6s0t2_seed-5_20260504_160919/iterated_local_search/run_1_worker_23/ils_config_2593070771755433926.prm
[INFO]:[16:09:50] Starting CPLEX solver on instance: /home/yorig/tuner/mpils-tests/instances/miplib/easy/fastxgemm-n2r6s0t2.mps with config: /scratch/yorig/mpils-results-grid-seconds-5-4may/easy/24proc/seed-5/2_fastxgemm-n2r6s0t2_seed-5_20260504_160919/iterated_local_search/run_1_worker_23/ils_config_2593070771755433926.prm
[INFO]:[16:09:55] CPLEX results. Gap: 98.700000, upper bound: 2072.450000, lower bound: 27.000000
[INFO]:[16:09:55] CPLEX solver finished. Gap: 98.700000
[INFO]:[16:09:55] Starting CPLEX solver on instance: /home/yorig/tuner/mpils-tests/instances/miplib/easy/fastxgemm-n2r6s0t2.mps with config: /scratch/yorig/mpils-results-grid-seconds-5-4may/easy/24proc/seed-5/2_fastxgemm-n2r6s0t2_seed-5_20260504_160919/iterated_local_search/run_1_worker_23/ils_config_7623035833064472333.prm
[INFO]:[16:09:55] Starting CPLEX solver on instance: /home/yorig/tuner/mpils-tests/instances/miplib/easy/fastxgemm-n2r6s0t2.mps with config: /scratch/yorig/mpils-results-grid-seconds-5-4may/easy/24proc/seed-5/2_fastxgemm-n2r6s0t2_seed-5_20260504_160919/iterated_local_search/run_1_worker_23/ils_config_7623035833064472333.prm
[INFO]:[16:10:00] CPLEX results. Gap: 94.880000, upper bound: 527.000000, lower bound: 27.000000
[INFO]:[16:10:00] CPLEX solver finished. Gap: 94.880000
[INFO]:[16:10:00] Starting CPLEX solver on instance: /home/yorig/tuner/mpils-tests/instances/miplib/easy/fastxgemm-n2r6s0t2.mps with config: /scratch/yorig/mpils-results-grid-seconds-5-4may/easy/24proc/seed-5/2_fastxgemm-n2r6s0t2_seed-5_20260504_160919/iterated_local_search/run_1_worker_23/ils_config_9761948577624681423.prm
[INFO]:[16:10:00] Starting CPLEX solver on instance: /home/yorig/tuner/mpils-tests/instances/miplib/easy/fastxgemm-n2r6s0t2.mps with config: /scratch/yorig/mpils-results-grid-seconds-5-4may/easy/24proc/seed-5/2_fastxgemm-n2r6s0t2_seed-5_20260504_160919/iterated_local_search/run_1_worker_23/ils_config_9761948577624681423.prm
[INFO]:[16:10:05] CPLEX results. Gap: 86.630000, upper bound: 230.000000, lower bound: 30.750000
[INFO]:[16:10:05] CPLEX solver finished. Gap: 86.630000
[INFO]:[16:10:05] New incumbent found with objective value: 86.63
[INFO]:[16:10:05] Starting CPLEX solver on instance: /home/yorig/tuner/mpils-tests/instances/miplib/easy/fastxgemm-n2r6s0t2.mps with config: /scratch/yorig/mpils-results-grid-seconds-5-4may/easy/24proc/seed-5/2_fastxgemm-n2r6s0t2_seed-5_20260504_160919/iterated_local_search/run_1_worker_23/ils_config_12383155294266674714.prm
[INFO]:[16:10:05] Starting CPLEX solver on instance: /home/yorig/tuner/mpils-tests/instances/miplib/easy/fastxgemm-n2r6s0t2.mps with config: /scratch/yorig/mpils-results-grid-seconds-5-4may/easy/24proc/seed-5/2_fastxgemm-n2r6s0t2_seed-5_20260504_160919/iterated_local_search/run_1_worker_23/ils_config_12383155294266674714.prm
[INFO]:[16:10:10] CPLEX results. Gap: 86.950000, upper bound: 230.000000, lower bound: 30.020000
[INFO]:[16:10:10] CPLEX solver finished. Gap: 86.950000
[INFO]:[16:10:10] Starting CPLEX solver on instance: /home/yorig/tuner/mpils-tests/instances/miplib/easy/fastxgemm-n2r6s0t2.mps with config: /scratch/yorig/mpils-results-grid-seconds-5-4may/easy/24proc/seed-5/2_fastxgemm-n2r6s0t2_seed-5_20260504_160919/iterated_local_search/run_1_worker_23/ils_config_1555940217848017518.prm
[INFO]:[16:10:10] Starting CPLEX solver on instance: /home/yorig/tuner/mpils-tests/instances/miplib/easy/fastxgemm-n2r6s0t2.mps with config: /scratch/yorig/mpils-results-grid-seconds-5-4may/easy/24proc/seed-5/2_fastxgemm-n2r6s0t2_seed-5_20260504_160919/iterated_local_search/run_1_worker_23/ils_config_1555940217848017518.prm
[INFO]:[16:10:15] CPLEX results. Gap: 86.520000, upper bound: 230.000000, lower bound: 31.000000
[INFO]:[16:10:15] CPLEX solver finished. Gap: 86.520000
[INFO]:[16:10:15] New incumbent found with objective value: 86.52
[INFO]:[16:10:15] Starting CPLEX solver on instance: /home/yorig/tuner/mpils-tests/instances/miplib/easy/fastxgemm-n2r6s0t2.mps with config: /scratch/yorig/mpils-results-grid-seconds-5-4may/easy/24proc/seed-5/2_fastxgemm-n2r6s0t2_seed-5_20260504_160919/iterated_local_search/run_1_worker_23/ils_config_12387371172192248777.prm
[INFO]:[16:10:15] Starting CPLEX solver on instance: /home/yorig/tuner/mpils-tests/instances/miplib/easy/fastxgemm-n2r6s0t2.mps with config: /scratch/yorig/mpils-results-grid-seconds-5-4may/easy/24proc/seed-5/2_fastxgemm-n2r6s0t2_seed-5_20260504_160919/iterated_local_search/run_1_worker_23/ils_config_12387371172192248777.prm
[INFO]:[16:10:20] CPLEX results. Gap: 86.960000, upper bound: 230.000000, lower bound: 30.000000
[INFO]:[16:10:20] CPLEX solver finished. Gap: 86.960000
[INFO]:[16:10:20] Starting CPLEX solver on instance: /home/yorig/tuner/mpils-tests/instances/miplib/easy/fastxgemm-n2r6s0t2.mps with config: /scratch/yorig/mpils-results-grid-seconds-5-4may/easy/24proc/seed-5/2_fastxgemm-n2r6s0t2_seed-5_20260504_160919/iterated_local_search/run_1_worker_23/ils_config_9894833627345238240.prm
[INFO]:[16:10:20] Starting CPLEX solver on instance: /home/yorig/tuner/mpils-tests/instances/miplib/easy/fastxgemm-n2r6s0t2.mps with config: /scratch/yorig/mpils-results-grid-seconds-5-4may/easy/24proc/seed-5/2_fastxgemm-n2r6s0t2_seed-5_20260504_160919/iterated_local_search/run_1_worker_23/ils_config_9894833627345238240.prm
[INFO]:[16:10:25] CPLEX results. Gap: 86.630000, upper bound: 230.000000, lower bound: 30.750000
[INFO]:[16:10:25] CPLEX solver finished. Gap: 86.630000
[INFO]:[16:10:25] Starting CPLEX solver on instance: /home/yorig/tuner/mpils-tests/instances/miplib/easy/fastxgemm-n2r6s0t2.mps with config: /scratch/yorig/mpils-results-grid-seconds-5-4may/easy/24proc/seed-5/2_fastxgemm-n2r6s0t2_seed-5_20260504_160919/iterated_local_search/run_1_worker_23/ils_config_16227529328205590513.prm
[INFO]:[16:10:25] Starting CPLEX solver on instance: /home/yorig/tuner/mpils-tests/instances/miplib/easy/fastxgemm-n2r6s0t2.mps with config: /scratch/yorig/mpils-results-grid-seconds-5-4may/easy/24proc/seed-5/2_fastxgemm-n2r6s0t2_seed-5_20260504_160919/iterated_local_search/run_1_worker_23/ils_config_16227529328205590513.prm
[INFO]:[16:10:30] CPLEX results. Gap: 88.260000, upper bound: 230.000000, lower bound: 27.000000
[INFO]:[16:10:30] CPLEX solver finished. Gap: 88.260000
[INFO]:[16:10:30] Starting CPLEX solver on instance: /home/yorig/tuner/mpils-tests/instances/miplib/easy/fastxgemm-n2r6s0t2.mps with config: /scratch/yorig/mpils-results-grid-seconds-5-4may/easy/24proc/seed-5/2_fastxgemm-n2r6s0t2_seed-5_20260504_160919/iterated_local_search/run_1_worker_23/ils_config_15907854983785799769.prm
[INFO]:[16:10:30] Starting CPLEX solver on instance: /home/yorig/tuner/mpils-tests/instances/miplib/easy/fastxgemm-n2r6s0t2.mps with config: /scratch/yorig/mpils-results-grid-seconds-5-4may/easy/24proc/seed-5/2_fastxgemm-n2r6s0t2_seed-5_20260504_160919/iterated_local_search/run_1_worker_23/ils_config_15907854983785799769.prm
[INFO]:[16:10:35] CPLEX results. Gap: 86.740000, upper bound: 230.000000, lower bound: 30.500000
[INFO]:[16:10:35] CPLEX solver finished. Gap: 86.740000
[INFO]:[16:10:35] Starting CPLEX solver on instance: /home/yorig/tuner/mpils-tests/instances/miplib/easy/fastxgemm-n2r6s0t2.mps with config: /scratch/yorig/mpils-results-grid-seconds-5-4may/easy/24proc/seed-5/2_fastxgemm-n2r6s0t2_seed-5_20260504_160919/iterated_local_search/run_1_worker_23/ils_config_11239773591650241024.prm
[INFO]:[16:10:35] Starting CPLEX solver on instance: /home/yorig/tuner/mpils-tests/instances/miplib/easy/fastxgemm-n2r6s0t2.mps with config: /scratch/yorig/mpils-results-grid-seconds-5-4may/easy/24proc/seed-5/2_fastxgemm-n2r6s0t2_seed-5_20260504_160919/iterated_local_search/run_1_worker_23/ils_config_11239773591650241024.prm
[INFO]:[16:10:40] CPLEX results. Gap: 94.880000, upper bound: 527.000000, lower bound: 27.000000
[INFO]:[16:10:40] CPLEX solver finished. Gap: 94.880000
[INFO]:[16:10:40] Starting CPLEX solver on instance: /home/yorig/tuner/mpils-tests/instances/miplib/easy/fastxgemm-n2r6s0t2.mps with config: /scratch/yorig/mpils-results-grid-seconds-5-4may/easy/24proc/seed-5/2_fastxgemm-n2r6s0t2_seed-5_20260504_160919/iterated_local_search/run_1_worker_23/ils_config_17505102145745444819.prm
[INFO]:[16:10:40] Starting CPLEX solver on instance: /home/yorig/tuner/mpils-tests/instances/miplib/easy/fastxgemm-n2r6s0t2.mps with config: /scratch/yorig/mpils-results-grid-seconds-5-4may/easy/24proc/seed-5/2_fastxgemm-n2r6s0t2_seed-5_20260504_160919/iterated_local_search/run_1_worker_23/ils_config_17505102145745444819.prm
[INFO]:[16:10:45] CPLEX results. Gap: 86.630000, upper bound: 230.000000, lower bound: 30.750000
[INFO]:[16:10:45] CPLEX solver finished. Gap: 86.630000
[INFO]:[16:10:45] Starting CPLEX solver on instance: /home/yorig/tuner/mpils-tests/instances/miplib/easy/fastxgemm-n2r6s0t2.mps with config: /scratch/yorig/mpils-results-grid-seconds-5-4may/easy/24proc/seed-5/2_fastxgemm-n2r6s0t2_seed-5_20260504_160919/iterated_local_search/run_1_worker_23/ils_config_10191196857327191204.prm
[INFO]:[16:10:45] Starting CPLEX solver on instance: /home/yorig/tuner/mpils-tests/instances/miplib/easy/fastxgemm-n2r6s0t2.mps with config: /scratch/yorig/mpils-results-grid-seconds-5-4may/easy/24proc/seed-5/2_fastxgemm-n2r6s0t2_seed-5_20260504_160919/iterated_local_search/run_1_worker_23/ils_config_10191196857327191204.prm
[INFO]:[16:10:50] CPLEX results. Gap: 85.650000, upper bound: 230.000000, lower bound: 33.000000
[INFO]:[16:10:50] CPLEX solver finished. Gap: 85.650000
[INFO]:[16:10:50] New incumbent found with objective value: 85.65
[INFO]:[16:10:50] Starting CPLEX solver on instance: /home/yorig/tuner/mpils-tests/instances/miplib/easy/fastxgemm-n2r6s0t2.mps with config: /scratch/yorig/mpils-results-grid-seconds-5-4may/easy/24proc/seed-5/2_fastxgemm-n2r6s0t2_seed-5_20260504_160919/iterated_local_search/run_1_worker_23/ils_config_1430110634455591848.prm
[INFO]:[16:10:50] Starting CPLEX solver on instance: /home/yorig/tuner/mpils-tests/instances/miplib/easy/fastxgemm-n2r6s0t2.mps with config: /scratch/yorig/mpils-results-grid-seconds-5-4may/easy/24proc/seed-5/2_fastxgemm-n2r6s0t2_seed-5_20260504_160919/iterated_local_search/run_1_worker_23/ils_config_1430110634455591848.prm
[INFO]:[16:10:55] CPLEX results. Gap: 85.480000, upper bound: 230.000000, lower bound: 33.400000
[INFO]:[16:10:55] CPLEX solver finished. Gap: 85.480000
[INFO]:[16:10:55] New incumbent found with objective value: 85.48
[INFO]:[16:10:55] Starting CPLEX solver on instance: /home/yorig/tuner/mpils-tests/instances/miplib/easy/fastxgemm-n2r6s0t2.mps with config: /scratch/yorig/mpils-results-grid-seconds-5-4may/easy/24proc/seed-5/2_fastxgemm-n2r6s0t2_seed-5_20260504_160919/iterated_local_search/run_1_worker_23/ils_config_11025343389708845314.prm
[INFO]:[16:10:55] Starting CPLEX solver on instance: /home/yorig/tuner/mpils-tests/instances/miplib/easy/fastxgemm-n2r6s0t2.mps with config: /scratch/yorig/mpils-results-grid-seconds-5-4may/easy/24proc/seed-5/2_fastxgemm-n2r6s0t2_seed-5_20260504_160919/iterated_local_search/run_1_worker_23/ils_config_11025343389708845314.prm
[INFO]:[16:11:00] CPLEX results. Gap: 85.260000, upper bound: 230.000000, lower bound: 33.900000
[INFO]:[16:11:00] CPLEX solver finished. Gap: 85.260000
[INFO]:[16:11:00] New incumbent found with objective value: 85.26
[INFO]:[16:11:00] Local search phase completed.
[INFO]:[16:11:00] Total number of new local-search evaluations: 20
[INFO]:[16:11:00] Final incumbent objective value: 85.26
[INFO]:[16:11:00] Worker 23 completed exploration phase.
[INFO]:[16:11:01] Worker 23 received order for step 2.
[INFO]:[16:11:01] Worker 23 running expansion phase for iteration 1.
[INFO]:[16:11:01] Worker 23 will use solver log file: /scratch/yorig/mpils-results-grid-seconds-5-4may/easy/24proc/seed-5/2_fastxgemm-n2r6s0t2_seed-5_20260504_160919/solver/cplex.log_iteration_expansion_1_worker_23
[INFO]:[16:11:01] Expansion Worker 23 starting expansion for iteration 1.
[INFO]:[16:11:01] Starting CPLEX solver on instance: /home/yorig/tuner/mpils-tests/instances/miplib/easy/fastxgemm-n2r6s0t2.mps with config: /scratch/yorig/mpils-results-grid-seconds-5-4may/easy/24proc/seed-5/2_fastxgemm-n2r6s0t2_seed-5_20260504_160919/expansion/config_param_CPXPARAM_MIP_Limits_ProbeTime_10_iter_1.prm
[INFO]:[16:11:06] CPLEX results. Gap: 85.220000, upper bound: 230.000000, lower bound: 34.000000
[INFO]:[16:11:06] CPLEX solver finished. Gap: 85.220000
[INFO]:[16:11:06] Starting CPLEX solver on instance: /home/yorig/tuner/mpils-tests/instances/miplib/easy/fastxgemm-n2r6s0t2.mps with config: /scratch/yorig/mpils-results-grid-seconds-5-4may/easy/24proc/seed-5/2_fastxgemm-n2r6s0t2_seed-5_20260504_160919/expansion/config_param_CPXPARAM_MIP_Strategy_Branch_-1_iter_1.prm
[INFO]:[16:11:11] CPLEX results. Gap: 85.500000, upper bound: 230.000000, lower bound: 33.342105
[INFO]:[16:11:11] CPLEX solver finished. Gap: 85.500000
[INFO]:[16:11:11] Expansion Worker 23 stopping early after global MPI expansion stop was activated.
[INFO]:[16:11:11] Expansion Worker 23 completed expansion.
[INFO]:[16:11:11] Worker 23 completed expansion phase.
[INFO]:[16:11:11] Worker 23 received order for step 1.
[INFO]:[16:11:11] Worker 23 running exploration phase for iteration 2.
[INFO]:[16:11:11] Worker 23 at iteration 2 will not use a MIP start file. Current best MIP-start upper bound threshold is 1.79769e+308.
[INFO]:[16:11:11] Starting local search phase...
[INFO]:[16:11:11] Creating local search space from parameter space file: /scratch/yorig/mpils-results-grid-seconds-5-4may/easy/24proc/seed-5/2_fastxgemm-n2r6s0t2_seed-5_20260504_160919/iterated_local_search/search_space/search_space_file_2_worker_23.txt
[INFO]:[16:11:11] Local search space loaded from file: /scratch/yorig/mpils-results-grid-seconds-5-4may/easy/24proc/seed-5/2_fastxgemm-n2r6s0t2_seed-5_20260504_160919/iterated_local_search/search_space/search_space_file_2_worker_23.txt
[INFO]:[16:11:11] Number of parameters in local search space: 71
[INFO]:[16:11:11] Number of forbidden tuples in local search space: 28
[INFO]:[16:11:11] Number of conditionals in local search space: 6
[INFO]:[16:11:11] MIP start option not enabled. Local search will proceed without MIP start.
[INFO]:[16:11:11] Evaluating initial configuration for local search phase...
[INFO]:[16:11:11] Starting CPLEX solver on instance: /home/yorig/tuner/mpils-tests/instances/miplib/easy/fastxgemm-n2r6s0t2.mps with config: /scratch/yorig/mpils-results-grid-seconds-5-4may/easy/24proc/seed-5/2_fastxgemm-n2r6s0t2_seed-5_20260504_160919/iterated_local_search/run_2_worker_23/ils_config_15825174405833255469.prm
[INFO]:[16:11:11] Starting CPLEX solver on instance: /home/yorig/tuner/mpils-tests/instances/miplib/easy/fastxgemm-n2r6s0t2.mps with config: /scratch/yorig/mpils-results-grid-seconds-5-4may/easy/24proc/seed-5/2_fastxgemm-n2r6s0t2_seed-5_20260504_160919/iterated_local_search/run_2_worker_23/ils_config_15825174405833255469.prm
[INFO]:[16:11:16] CPLEX results. Gap: 94.410000, upper bound: 527.000000, lower bound: 29.480000
[INFO]:[16:11:16] CPLEX solver finished. Gap: 94.410000
[INFO]:[16:11:16] Initial configuration evaluated with objective value: 94.41
[INFO]:[16:11:16] Starting CPLEX solver on instance: /home/yorig/tuner/mpils-tests/instances/miplib/easy/fastxgemm-n2r6s0t2.mps with config: /scratch/yorig/mpils-results-grid-seconds-5-4may/easy/24proc/seed-5/2_fastxgemm-n2r6s0t2_seed-5_20260504_160919/iterated_local_search/run_2_worker_23/ils_config_11863798640651467390.prm
[INFO]:[16:11:16] Starting CPLEX solver on instance: /home/yorig/tuner/mpils-tests/instances/miplib/easy/fastxgemm-n2r6s0t2.mps with config: /scratch/yorig/mpils-results-grid-seconds-5-4may/easy/24proc/seed-5/2_fastxgemm-n2r6s0t2_seed-5_20260504_160919/iterated_local_search/run_2_worker_23/ils_config_11863798640651467390.prm
[INFO]:[16:11:21] CPLEX results. Gap: 88.560000, upper bound: 236.000000, lower bound: 27.000000
[INFO]:[16:11:21] CPLEX solver finished. Gap: 88.560000
[INFO]:[16:11:21] New incumbent found with objective value: 88.56
[INFO]:[16:11:21] Starting CPLEX solver on instance: /home/yorig/tuner/mpils-tests/instances/miplib/easy/fastxgemm-n2r6s0t2.mps with config: /scratch/yorig/mpils-results-grid-seconds-5-4may/easy/24proc/seed-5/2_fastxgemm-n2r6s0t2_seed-5_20260504_160919/iterated_local_search/run_2_worker_23/ils_config_11124472743637355700.prm
[INFO]:[16:11:21] Starting CPLEX solver on instance: /home/yorig/tuner/mpils-tests/instances/miplib/easy/fastxgemm-n2r6s0t2.mps with config: /scratch/yorig/mpils-results-grid-seconds-5-4may/easy/24proc/seed-5/2_fastxgemm-n2r6s0t2_seed-5_20260504_160919/iterated_local_search/run_2_worker_23/ils_config_11124472743637355700.prm
[INFO]:[16:11:26] CPLEX results. Gap: 88.560000, upper bound: 236.000000, lower bound: 27.000000
[INFO]:[16:11:26] CPLEX solver finished. Gap: 88.560000
[INFO]:[16:11:26] Starting CPLEX solver on instance: /home/yorig/tuner/mpils-tests/instances/miplib/easy/fastxgemm-n2r6s0t2.mps with config: /scratch/yorig/mpils-results-grid-seconds-5-4may/easy/24proc/seed-5/2_fastxgemm-n2r6s0t2_seed-5_20260504_160919/iterated_local_search/run_2_worker_23/ils_config_3392533551323644252.prm
[INFO]:[16:11:26] Starting CPLEX solver on instance: /home/yorig/tuner/mpils-tests/instances/miplib/easy/fastxgemm-n2r6s0t2.mps with config: /scratch/yorig/mpils-results-grid-seconds-5-4may/easy/24proc/seed-5/2_fastxgemm-n2r6s0t2_seed-5_20260504_160919/iterated_local_search/run_2_worker_23/ils_config_3392533551323644252.prm
[INFO]:[16:11:31] CPLEX results. Gap: 88.560000, upper bound: 236.000000, lower bound: 27.000000
[INFO]:[16:11:31] CPLEX solver finished. Gap: 88.560000
[INFO]:[16:11:31] Starting CPLEX solver on instance: /home/yorig/tuner/mpils-tests/instances/miplib/easy/fastxgemm-n2r6s0t2.mps with config: /scratch/yorig/mpils-results-grid-seconds-5-4may/easy/24proc/seed-5/2_fastxgemm-n2r6s0t2_seed-5_20260504_160919/iterated_local_search/run_2_worker_23/ils_config_3912140136426875647.prm
[INFO]:[16:11:31] Starting CPLEX solver on instance: /home/yorig/tuner/mpils-tests/instances/miplib/easy/fastxgemm-n2r6s0t2.mps with config: /scratch/yorig/mpils-results-grid-seconds-5-4may/easy/24proc/seed-5/2_fastxgemm-n2r6s0t2_seed-5_20260504_160919/iterated_local_search/run_2_worker_23/ils_config_3912140136426875647.prm
[INFO]:[16:11:36] CPLEX results. Gap: 88.560000, upper bound: 236.000000, lower bound: 27.000000
[INFO]:[16:11:36] CPLEX solver finished. Gap: 88.560000
[INFO]:[16:11:36] Starting CPLEX solver on instance: /home/yorig/tuner/mpils-tests/instances/miplib/easy/fastxgemm-n2r6s0t2.mps with config: /scratch/yorig/mpils-results-grid-seconds-5-4may/easy/24proc/seed-5/2_fastxgemm-n2r6s0t2_seed-5_20260504_160919/iterated_local_search/run_2_worker_23/ils_config_18093818050434270686.prm
[INFO]:[16:11:36] Starting CPLEX solver on instance: /home/yorig/tuner/mpils-tests/instances/miplib/easy/fastxgemm-n2r6s0t2.mps with config: /scratch/yorig/mpils-results-grid-seconds-5-4may/easy/24proc/seed-5/2_fastxgemm-n2r6s0t2_seed-5_20260504_160919/iterated_local_search/run_2_worker_23/ils_config_18093818050434270686.prm
[INFO]:[16:11:41] CPLEX results. Gap: 88.560000, upper bound: 236.000000, lower bound: 27.000000
[INFO]:[16:11:41] CPLEX solver finished. Gap: 88.560000
[INFO]:[16:11:41] Local search phase completed.
[INFO]:[16:11:41] Total number of new local-search evaluations: 6
[INFO]:[16:11:41] Final incumbent objective value: 88.56
[INFO]:[16:11:41] Worker 23 completed exploration phase.
[INFO]:[16:11:41] Worker 23 received order for step 2.
[INFO]:[16:11:41] Worker 23 running expansion phase for iteration 2.
[INFO]:[16:11:41] Worker 23 will use solver log file: /scratch/yorig/mpils-results-grid-seconds-5-4may/easy/24proc/seed-5/2_fastxgemm-n2r6s0t2_seed-5_20260504_160919/solver/cplex.log_iteration_expansion_2_worker_23
[INFO]:[16:11:41] Expansion Worker 23 starting expansion for iteration 2.
[INFO]:[16:11:41] Starting CPLEX solver on instance: /home/yorig/tuner/mpils-tests/instances/miplib/easy/fastxgemm-n2r6s0t2.mps with config: /scratch/yorig/mpils-results-grid-seconds-5-4may/easy/24proc/seed-5/2_fastxgemm-n2r6s0t2_seed-5_20260504_160919/expansion/config_param_CPXPARAM_Preprocessing_Symmetry_2_iter_2.prm
[INFO]:[16:11:46] CPLEX results. Gap: 85.000000, upper bound: 230.000000, lower bound: 34.500000
[INFO]:[16:11:46] CPLEX solver finished. Gap: 85.000000
[INFO]:[16:11:46] Expansion Worker 23 stopping early after global MPI expansion stop was activated.
[INFO]:[16:11:46] Expansion Worker 23 completed expansion.
[INFO]:[16:11:46] Worker 23 completed expansion phase.
[INFO]:[16:11:46] Worker 23 received order for step 1.
[INFO]:[16:11:46] Worker 23 running exploration phase for iteration 3.
[INFO]:[16:11:46] Worker 23 at iteration 3 will not use a MIP start file. Current best MIP-start upper bound threshold is 1.79769e+308.
[INFO]:[16:11:46] Starting local search phase...
[INFO]:[16:11:46] Creating local search space from parameter space file: /scratch/yorig/mpils-results-grid-seconds-5-4may/easy/24proc/seed-5/2_fastxgemm-n2r6s0t2_seed-5_20260504_160919/iterated_local_search/search_space/search_space_file_3_worker_23.txt
[INFO]:[16:11:46] Local search space loaded from file: /scratch/yorig/mpils-results-grid-seconds-5-4may/easy/24proc/seed-5/2_fastxgemm-n2r6s0t2_seed-5_20260504_160919/iterated_local_search/search_space/search_space_file_3_worker_23.txt
[INFO]:[16:11:46] Number of parameters in local search space: 71
[INFO]:[16:11:46] Number of forbidden tuples in local search space: 56
[INFO]:[16:11:46] Number of conditionals in local search space: 6
[INFO]:[16:11:46] MIP start option not enabled. Local search will proceed without MIP start.
[INFO]:[16:11:46] Evaluating initial configuration for local search phase...
[INFO]:[16:11:46] Starting CPLEX solver on instance: /home/yorig/tuner/mpils-tests/instances/miplib/easy/fastxgemm-n2r6s0t2.mps with config: /scratch/yorig/mpils-results-grid-seconds-5-4may/easy/24proc/seed-5/2_fastxgemm-n2r6s0t2_seed-5_20260504_160919/iterated_local_search/run_3_worker_23/ils_config_5524451663299733318.prm
[INFO]:[16:11:46] Starting CPLEX solver on instance: /home/yorig/tuner/mpils-tests/instances/miplib/easy/fastxgemm-n2r6s0t2.mps with config: /scratch/yorig/mpils-results-grid-seconds-5-4may/easy/24proc/seed-5/2_fastxgemm-n2r6s0t2_seed-5_20260504_160919/iterated_local_search/run_3_worker_23/ils_config_5524451663299733318.prm
[INFO]:[16:11:51] CPLEX results. Gap: 94.860000, upper bound: 527.000000, lower bound: 27.100000
[INFO]:[16:11:51] CPLEX solver finished. Gap: 94.860000
[INFO]:[16:11:51] Initial configuration evaluated with objective value: 94.86
[INFO]:[16:11:51] Starting CPLEX solver on instance: /home/yorig/tuner/mpils-tests/instances/miplib/easy/fastxgemm-n2r6s0t2.mps with config: /scratch/yorig/mpils-results-grid-seconds-5-4may/easy/24proc/seed-5/2_fastxgemm-n2r6s0t2_seed-5_20260504_160919/iterated_local_search/run_3_worker_23/ils_config_11597540798356672345.prm
[INFO]:[16:11:51] Starting CPLEX solver on instance: /home/yorig/tuner/mpils-tests/instances/miplib/easy/fastxgemm-n2r6s0t2.mps with config: /scratch/yorig/mpils-results-grid-seconds-5-4may/easy/24proc/seed-5/2_fastxgemm-n2r6s0t2_seed-5_20260504_160919/iterated_local_search/run_3_worker_23/ils_config_11597540798356672345.prm
[INFO]:[16:11:56] CPLEX results. Gap: 94.500000, upper bound: 527.000000, lower bound: 29.000000
[INFO]:[16:11:56] CPLEX solver finished. Gap: 94.500000
[INFO]:[16:11:56] New incumbent found with objective value: 94.5
[INFO]:[16:11:56] Starting CPLEX solver on instance: /home/yorig/tuner/mpils-tests/instances/miplib/easy/fastxgemm-n2r6s0t2.mps with config: /scratch/yorig/mpils-results-grid-seconds-5-4may/easy/24proc/seed-5/2_fastxgemm-n2r6s0t2_seed-5_20260504_160919/iterated_local_search/run_3_worker_23/ils_config_1826562515669183699.prm
[INFO]:[16:11:56] Starting CPLEX solver on instance: /home/yorig/tuner/mpils-tests/instances/miplib/easy/fastxgemm-n2r6s0t2.mps with config: /scratch/yorig/mpils-results-grid-seconds-5-4may/easy/24proc/seed-5/2_fastxgemm-n2r6s0t2_seed-5_20260504_160919/iterated_local_search/run_3_worker_23/ils_config_1826562515669183699.prm
[INFO]:[16:12:01] CPLEX results. Gap: 94.500000, upper bound: 527.000000, lower bound: 29.000000
[INFO]:[16:12:01] CPLEX solver finished. Gap: 94.500000
[INFO]:[16:12:01] Starting CPLEX solver on instance: /home/yorig/tuner/mpils-tests/instances/miplib/easy/fastxgemm-n2r6s0t2.mps with config: /scratch/yorig/mpils-results-grid-seconds-5-4may/easy/24proc/seed-5/2_fastxgemm-n2r6s0t2_seed-5_20260504_160919/iterated_local_search/run_3_worker_23/ils_config_9223003575912308350.prm
[INFO]:[16:12:01] Starting CPLEX solver on instance: /home/yorig/tuner/mpils-tests/instances/miplib/easy/fastxgemm-n2r6s0t2.mps with config: /scratch/yorig/mpils-results-grid-seconds-5-4may/easy/24proc/seed-5/2_fastxgemm-n2r6s0t2_seed-5_20260504_160919/iterated_local_search/run_3_worker_23/ils_config_9223003575912308350.prm
[INFO]:[16:12:06] CPLEX results. Gap: 94.860000, upper bound: 527.000000, lower bound: 27.100000
[INFO]:[16:12:06] CPLEX solver finished. Gap: 94.860000
[INFO]:[16:12:06] Starting CPLEX solver on instance: /home/yorig/tuner/mpils-tests/instances/miplib/easy/fastxgemm-n2r6s0t2.mps with config: /scratch/yorig/mpils-results-grid-seconds-5-4may/easy/24proc/seed-5/2_fastxgemm-n2r6s0t2_seed-5_20260504_160919/iterated_local_search/run_3_worker_23/ils_config_2028677269780143087.prm
[INFO]:[16:12:06] Starting CPLEX solver on instance: /home/yorig/tuner/mpils-tests/instances/miplib/easy/fastxgemm-n2r6s0t2.mps with config: /scratch/yorig/mpils-results-grid-seconds-5-4may/easy/24proc/seed-5/2_fastxgemm-n2r6s0t2_seed-5_20260504_160919/iterated_local_search/run_3_worker_23/ils_config_2028677269780143087.prm
[INFO]:[16:12:11] CPLEX results. Gap: 94.520000, upper bound: 527.000000, lower bound: 28.900000
[INFO]:[16:12:11] CPLEX solver finished. Gap: 94.520000
[INFO]:[16:12:11] Starting CPLEX solver on instance: /home/yorig/tuner/mpils-tests/instances/miplib/easy/fastxgemm-n2r6s0t2.mps with config: /scratch/yorig/mpils-results-grid-seconds-5-4may/easy/24proc/seed-5/2_fastxgemm-n2r6s0t2_seed-5_20260504_160919/iterated_local_search/run_3_worker_23/ils_config_12373963578151168917.prm
[INFO]:[16:12:11] Starting CPLEX solver on instance: /home/yorig/tuner/mpils-tests/instances/miplib/easy/fastxgemm-n2r6s0t2.mps with config: /scratch/yorig/mpils-results-grid-seconds-5-4may/easy/24proc/seed-5/2_fastxgemm-n2r6s0t2_seed-5_20260504_160919/iterated_local_search/run_3_worker_23/ils_config_12373963578151168917.prm
[INFO]:[16:12:16] CPLEX results. Gap: 94.880000, upper bound: 527.000000, lower bound: 27.000000
[INFO]:[16:12:16] CPLEX solver finished. Gap: 94.880000
[INFO]:[16:12:16] Starting CPLEX solver on instance: /home/yorig/tuner/mpils-tests/instances/miplib/easy/fastxgemm-n2r6s0t2.mps with config: /scratch/yorig/mpils-results-grid-seconds-5-4may/easy/24proc/seed-5/2_fastxgemm-n2r6s0t2_seed-5_20260504_160919/iterated_local_search/run_3_worker_23/ils_config_15658965963391427445.prm
[INFO]:[16:12:16] Starting CPLEX solver on instance: /home/yorig/tuner/mpils-tests/instances/miplib/easy/fastxgemm-n2r6s0t2.mps with config: /scratch/yorig/mpils-results-grid-seconds-5-4may/easy/24proc/seed-5/2_fastxgemm-n2r6s0t2_seed-5_20260504_160919/iterated_local_search/run_3_worker_23/ils_config_15658965963391427445.prm
[INFO]:[16:12:21] CPLEX results. Gap: 94.520000, upper bound: 527.000000, lower bound: 28.900000
[INFO]:[16:12:21] CPLEX solver finished. Gap: 94.520000
[INFO]:[16:12:21] Starting CPLEX solver on instance: /home/yorig/tuner/mpils-tests/instances/miplib/easy/fastxgemm-n2r6s0t2.mps with config: /scratch/yorig/mpils-results-grid-seconds-5-4may/easy/24proc/seed-5/2_fastxgemm-n2r6s0t2_seed-5_20260504_160919/iterated_local_search/run_3_worker_23/ils_config_16625505207077811536.prm
[INFO]:[16:12:21] Starting CPLEX solver on instance: /home/yorig/tuner/mpils-tests/instances/miplib/easy/fastxgemm-n2r6s0t2.mps with config: /scratch/yorig/mpils-results-grid-seconds-5-4may/easy/24proc/seed-5/2_fastxgemm-n2r6s0t2_seed-5_20260504_160919/iterated_local_search/run_3_worker_23/ils_config_16625505207077811536.prm
[INFO]:[16:12:27] CPLEX results. Gap: 94.550000, upper bound: 527.000000, lower bound: 28.714286
[INFO]:[16:12:27] CPLEX solver finished. Gap: 94.550000
[INFO]:[16:12:27] Starting CPLEX solver on instance: /home/yorig/tuner/mpils-tests/instances/miplib/easy/fastxgemm-n2r6s0t2.mps with config: /scratch/yorig/mpils-results-grid-seconds-5-4may/easy/24proc/seed-5/2_fastxgemm-n2r6s0t2_seed-5_20260504_160919/iterated_local_search/run_3_worker_23/ils_config_9654544750879524746.prm
[INFO]:[16:12:27] Starting CPLEX solver on instance: /home/yorig/tuner/mpils-tests/instances/miplib/easy/fastxgemm-n2r6s0t2.mps with config: /scratch/yorig/mpils-results-grid-seconds-5-4may/easy/24proc/seed-5/2_fastxgemm-n2r6s0t2_seed-5_20260504_160919/iterated_local_search/run_3_worker_23/ils_config_9654544750879524746.prm
[INFO]:[16:12:32] CPLEX results. Gap: 94.500000, upper bound: 527.000000, lower bound: 29.000000
[INFO]:[16:12:32] CPLEX solver finished. Gap: 94.500000
[INFO]:[16:12:32] Starting CPLEX solver on instance: /home/yorig/tuner/mpils-tests/instances/miplib/easy/fastxgemm-n2r6s0t2.mps with config: /scratch/yorig/mpils-results-grid-seconds-5-4may/easy/24proc/seed-5/2_fastxgemm-n2r6s0t2_seed-5_20260504_160919/iterated_local_search/run_3_worker_23/ils_config_4490700701178350272.prm
[INFO]:[16:12:32] Starting CPLEX solver on instance: /home/yorig/tuner/mpils-tests/instances/miplib/easy/fastxgemm-n2r6s0t2.mps with config: /scratch/yorig/mpils-results-grid-seconds-5-4may/easy/24proc/seed-5/2_fastxgemm-n2r6s0t2_seed-5_20260504_160919/iterated_local_search/run_3_worker_23/ils_config_4490700701178350272.prm
[INFO]:[16:12:37] CPLEX results. Gap: 94.500000, upper bound: 527.000000, lower bound: 29.000000
[INFO]:[16:12:37] CPLEX solver finished. Gap: 94.500000
[INFO]:[16:12:37] Starting CPLEX solver on instance: /home/yorig/tuner/mpils-tests/instances/miplib/easy/fastxgemm-n2r6s0t2.mps with config: /scratch/yorig/mpils-results-grid-seconds-5-4may/easy/24proc/seed-5/2_fastxgemm-n2r6s0t2_seed-5_20260504_160919/iterated_local_search/run_3_worker_23/ils_config_7627599271759717945.prm
[INFO]:[16:12:37] Starting CPLEX solver on instance: /home/yorig/tuner/mpils-tests/instances/miplib/easy/fastxgemm-n2r6s0t2.mps with config: /scratch/yorig/mpils-results-grid-seconds-5-4may/easy/24proc/seed-5/2_fastxgemm-n2r6s0t2_seed-5_20260504_160919/iterated_local_search/run_3_worker_23/ils_config_7627599271759717945.prm
[INFO]:[16:12:42] CPLEX results. Gap: 94.570000, upper bound: 527.000000, lower bound: 28.600000
[INFO]:[16:12:42] CPLEX solver finished. Gap: 94.570000
[INFO]:[16:12:42] Starting CPLEX solver on instance: /home/yorig/tuner/mpils-tests/instances/miplib/easy/fastxgemm-n2r6s0t2.mps with config: /scratch/yorig/mpils-results-grid-seconds-5-4may/easy/24proc/seed-5/2_fastxgemm-n2r6s0t2_seed-5_20260504_160919/iterated_local_search/run_3_worker_23/ils_config_12559026722215516381.prm
[INFO]:[16:12:42] Starting CPLEX solver on instance: /home/yorig/tuner/mpils-tests/instances/miplib/easy/fastxgemm-n2r6s0t2.mps with config: /scratch/yorig/mpils-results-grid-seconds-5-4may/easy/24proc/seed-5/2_fastxgemm-n2r6s0t2_seed-5_20260504_160919/iterated_local_search/run_3_worker_23/ils_config_12559026722215516381.prm
[INFO]:[16:12:47] CPLEX results. Gap: 94.850000, upper bound: 527.000000, lower bound: 27.130000
[INFO]:[16:12:47] CPLEX solver finished. Gap: 94.850000
[INFO]:[16:12:47] Starting CPLEX solver on instance: /home/yorig/tuner/mpils-tests/instances/miplib/easy/fastxgemm-n2r6s0t2.mps with config: /scratch/yorig/mpils-results-grid-seconds-5-4may/easy/24proc/seed-5/2_fastxgemm-n2r6s0t2_seed-5_20260504_160919/iterated_local_search/run_3_worker_23/ils_config_293591219581549226.prm
[INFO]:[16:12:47] Starting CPLEX solver on instance: /home/yorig/tuner/mpils-tests/instances/miplib/easy/fastxgemm-n2r6s0t2.mps with config: /scratch/yorig/mpils-results-grid-seconds-5-4may/easy/24proc/seed-5/2_fastxgemm-n2r6s0t2_seed-5_20260504_160919/iterated_local_search/run_3_worker_23/ils_config_293591219581549226.prm
[INFO]:[16:12:52] CPLEX results. Gap: 94.880000, upper bound: 527.000000, lower bound: 27.000000
[INFO]:[16:12:52] CPLEX solver finished. Gap: 94.880000
[INFO]:[16:12:52] Starting CPLEX solver on instance: /home/yorig/tuner/mpils-tests/instances/miplib/easy/fastxgemm-n2r6s0t2.mps with config: /scratch/yorig/mpils-results-grid-seconds-5-4may/easy/24proc/seed-5/2_fastxgemm-n2r6s0t2_seed-5_20260504_160919/iterated_local_search/run_3_worker_23/ils_config_5003033218678602646.prm
[INFO]:[16:12:52] Starting CPLEX solver on instance: /home/yorig/tuner/mpils-tests/instances/miplib/easy/fastxgemm-n2r6s0t2.mps with config: /scratch/yorig/mpils-results-grid-seconds-5-4may/easy/24proc/seed-5/2_fastxgemm-n2r6s0t2_seed-5_20260504_160919/iterated_local_search/run_3_worker_23/ils_config_5003033218678602646.prm
[INFO]:[16:12:57] CPLEX results. Gap: 94.570000, upper bound: 527.000000, lower bound: 28.600000
[INFO]:[16:12:57] CPLEX solver finished. Gap: 94.570000
[INFO]:[16:12:57] Starting CPLEX solver on instance: /home/yorig/tuner/mpils-tests/instances/miplib/easy/fastxgemm-n2r6s0t2.mps with config: /scratch/yorig/mpils-results-grid-seconds-5-4may/easy/24proc/seed-5/2_fastxgemm-n2r6s0t2_seed-5_20260504_160919/iterated_local_search/run_3_worker_23/ils_config_16056323568410261936.prm
[INFO]:[16:12:57] Starting CPLEX solver on instance: /home/yorig/tuner/mpils-tests/instances/miplib/easy/fastxgemm-n2r6s0t2.mps with config: /scratch/yorig/mpils-results-grid-seconds-5-4may/easy/24proc/seed-5/2_fastxgemm-n2r6s0t2_seed-5_20260504_160919/iterated_local_search/run_3_worker_23/ils_config_16056323568410261936.prm
[INFO]:[16:13:02] CPLEX results. Gap: 94.500000, upper bound: 527.000000, lower bound: 29.000000
[INFO]:[16:13:02] CPLEX solver finished. Gap: 94.500000
[INFO]:[16:13:02] Local search phase completed.
[INFO]:[16:13:02] Total number of new local-search evaluations: 15
[INFO]:[16:13:02] Final incumbent objective value: 94.5
[INFO]:[16:13:02] Worker 23 completed exploration phase.
[INFO]:[16:13:02] Worker 23 received order for step 2.
[INFO]:[16:13:02] Worker 23 running expansion phase for iteration 3.
[INFO]:[16:13:02] Worker 23 will use solver log file: /scratch/yorig/mpils-results-grid-seconds-5-4may/easy/24proc/seed-5/2_fastxgemm-n2r6s0t2_seed-5_20260504_160919/solver/cplex.log_iteration_expansion_3_worker_23
[INFO]:[16:13:02] Expansion Worker 23 starting expansion for iteration 3.
[INFO]:[16:13:02] Starting CPLEX solver on instance: /home/yorig/tuner/mpils-tests/instances/miplib/easy/fastxgemm-n2r6s0t2.mps with config: /scratch/yorig/mpils-results-grid-seconds-5-4may/easy/24proc/seed-5/2_fastxgemm-n2r6s0t2_seed-5_20260504_160919/expansion/config_param_CPXPARAM_MIP_Strategy_StartAlgorithm_3_iter_3.prm
[INFO]:[16:13:07] CPLEX results. Gap: 85.650000, upper bound: 230.000000, lower bound: 33.000000
[INFO]:[16:13:07] CPLEX solver finished. Gap: 85.650000
[INFO]:[16:13:07] Expansion Worker 23 stopping early after global MPI expansion stop was activated.
[INFO]:[16:13:07] Expansion Worker 23 completed expansion.
[INFO]:[16:13:07] Worker 23 completed expansion phase.
[INFO]:[16:13:07] Worker 23 received order for step 1.
[INFO]:[16:13:07] Worker 23 running exploration phase for iteration 4.
[INFO]:[16:13:07] Worker 23 at iteration 4 will not use a MIP start file. Current best MIP-start upper bound threshold is 1.79769e+308.
[INFO]:[16:13:07] Starting local search phase...
[INFO]:[16:13:07] Creating local search space from parameter space file: /scratch/yorig/mpils-results-grid-seconds-5-4may/easy/24proc/seed-5/2_fastxgemm-n2r6s0t2_seed-5_20260504_160919/iterated_local_search/search_space/search_space_file_4_worker_23.txt
[INFO]:[16:13:07] Local search space loaded from file: /scratch/yorig/mpils-results-grid-seconds-5-4may/easy/24proc/seed-5/2_fastxgemm-n2r6s0t2_seed-5_20260504_160919/iterated_local_search/search_space/search_space_file_4_worker_23.txt
[INFO]:[16:13:07] Number of parameters in local search space: 71
[INFO]:[16:13:07] Number of forbidden tuples in local search space: 71
[INFO]:[16:13:07] Number of conditionals in local search space: 6
[INFO]:[16:13:07] MIP start option not enabled. Local search will proceed without MIP start.
[INFO]:[16:13:07] Evaluating initial configuration for local search phase...
[INFO]:[16:13:07] Starting CPLEX solver on instance: /home/yorig/tuner/mpils-tests/instances/miplib/easy/fastxgemm-n2r6s0t2.mps with config: /scratch/yorig/mpils-results-grid-seconds-5-4may/easy/24proc/seed-5/2_fastxgemm-n2r6s0t2_seed-5_20260504_160919/iterated_local_search/run_4_worker_23/ils_config_6429176295096460547.prm
[INFO]:[16:13:07] Starting CPLEX solver on instance: /home/yorig/tuner/mpils-tests/instances/miplib/easy/fastxgemm-n2r6s0t2.mps with config: /scratch/yorig/mpils-results-grid-seconds-5-4may/easy/24proc/seed-5/2_fastxgemm-n2r6s0t2_seed-5_20260504_160919/iterated_local_search/run_4_worker_23/ils_config_6429176295096460547.prm
[INFO]:[16:13:12] CPLEX results. Gap: 98.700000, upper bound: 2072.450000, lower bound: 27.000000
[INFO]:[16:13:12] CPLEX solver finished. Gap: 98.700000
[INFO]:[16:13:12] Initial configuration evaluated with objective value: 98.7
[INFO]:[16:13:12] Starting CPLEX solver on instance: /home/yorig/tuner/mpils-tests/instances/miplib/easy/fastxgemm-n2r6s0t2.mps with config: /scratch/yorig/mpils-results-grid-seconds-5-4may/easy/24proc/seed-5/2_fastxgemm-n2r6s0t2_seed-5_20260504_160919/iterated_local_search/run_4_worker_23/ils_config_6479492973508894315.prm
[INFO]:[16:13:12] Starting CPLEX solver on instance: /home/yorig/tuner/mpils-tests/instances/miplib/easy/fastxgemm-n2r6s0t2.mps with config: /scratch/yorig/mpils-results-grid-seconds-5-4may/easy/24proc/seed-5/2_fastxgemm-n2r6s0t2_seed-5_20260504_160919/iterated_local_search/run_4_worker_23/ils_config_6479492973508894315.prm
[INFO]:[16:13:17] CPLEX results. Gap: 98.700000, upper bound: 2072.450000, lower bound: 27.000000
[INFO]:[16:13:17] CPLEX solver finished. Gap: 98.700000
[INFO]:[16:13:17] Starting CPLEX solver on instance: /home/yorig/tuner/mpils-tests/instances/miplib/easy/fastxgemm-n2r6s0t2.mps with config: /scratch/yorig/mpils-results-grid-seconds-5-4may/easy/24proc/seed-5/2_fastxgemm-n2r6s0t2_seed-5_20260504_160919/iterated_local_search/run_4_worker_23/ils_config_9857190571230276251.prm
[INFO]:[16:13:17] Starting CPLEX solver on instance: /home/yorig/tuner/mpils-tests/instances/miplib/easy/fastxgemm-n2r6s0t2.mps with config: /scratch/yorig/mpils-results-grid-seconds-5-4may/easy/24proc/seed-5/2_fastxgemm-n2r6s0t2_seed-5_20260504_160919/iterated_local_search/run_4_worker_23/ils_config_9857190571230276251.prm
[INFO]:[16:13:22] CPLEX results. Gap: 98.700000, upper bound: 2072.450000, lower bound: 27.000000
[INFO]:[16:13:22] CPLEX solver finished. Gap: 98.700000
[INFO]:[16:13:22] Starting CPLEX solver on instance: /home/yorig/tuner/mpils-tests/instances/miplib/easy/fastxgemm-n2r6s0t2.mps with config: /scratch/yorig/mpils-results-grid-seconds-5-4may/easy/24proc/seed-5/2_fastxgemm-n2r6s0t2_seed-5_20260504_160919/iterated_local_search/run_4_worker_23/ils_config_2168948594483253748.prm
[INFO]:[16:13:22] Starting CPLEX solver on instance: /home/yorig/tuner/mpils-tests/instances/miplib/easy/fastxgemm-n2r6s0t2.mps with config: /scratch/yorig/mpils-results-grid-seconds-5-4may/easy/24proc/seed-5/2_fastxgemm-n2r6s0t2_seed-5_20260504_160919/iterated_local_search/run_4_worker_23/ils_config_2168948594483253748.prm
[INFO]:[16:13:28] CPLEX results. Gap: 98.700000, upper bound: 2072.450000, lower bound: 27.000000
[INFO]:[16:13:28] CPLEX solver finished. Gap: 98.700000
[INFO]:[16:13:28] Starting CPLEX solver on instance: /home/yorig/tuner/mpils-tests/instances/miplib/easy/fastxgemm-n2r6s0t2.mps with config: /scratch/yorig/mpils-results-grid-seconds-5-4may/easy/24proc/seed-5/2_fastxgemm-n2r6s0t2_seed-5_20260504_160919/iterated_local_search/run_4_worker_23/ils_config_4093517031368174119.prm
[INFO]:[16:13:28] Starting CPLEX solver on instance: /home/yorig/tuner/mpils-tests/instances/miplib/easy/fastxgemm-n2r6s0t2.mps with config: /scratch/yorig/mpils-results-grid-seconds-5-4may/easy/24proc/seed-5/2_fastxgemm-n2r6s0t2_seed-5_20260504_160919/iterated_local_search/run_4_worker_23/ils_config_4093517031368174119.prm
[INFO]:[16:13:33] CPLEX results. Gap: 98.700000, upper bound: 2072.450000, lower bound: 27.000000
[INFO]:[16:13:33] CPLEX solver finished. Gap: 98.700000
[INFO]:[16:13:33] Starting CPLEX solver on instance: /home/yorig/tuner/mpils-tests/instances/miplib/easy/fastxgemm-n2r6s0t2.mps with config: /scratch/yorig/mpils-results-grid-seconds-5-4may/easy/24proc/seed-5/2_fastxgemm-n2r6s0t2_seed-5_20260504_160919/iterated_local_search/run_4_worker_23/ils_config_7212771134087252651.prm
[INFO]:[16:13:33] Starting CPLEX solver on instance: /home/yorig/tuner/mpils-tests/instances/miplib/easy/fastxgemm-n2r6s0t2.mps with config: /scratch/yorig/mpils-results-grid-seconds-5-4may/easy/24proc/seed-5/2_fastxgemm-n2r6s0t2_seed-5_20260504_160919/iterated_local_search/run_4_worker_23/ils_config_7212771134087252651.prm
[INFO]:[16:13:38] CPLEX results. Gap: 98.700000, upper bound: 2072.450000, lower bound: 27.000000
[INFO]:[16:13:38] CPLEX solver finished. Gap: 98.700000
[INFO]:[16:13:38] Starting CPLEX solver on instance: /home/yorig/tuner/mpils-tests/instances/miplib/easy/fastxgemm-n2r6s0t2.mps with config: /scratch/yorig/mpils-results-grid-seconds-5-4may/easy/24proc/seed-5/2_fastxgemm-n2r6s0t2_seed-5_20260504_160919/iterated_local_search/run_4_worker_23/ils_config_17538378198241684234.prm
[INFO]:[16:13:38] Starting CPLEX solver on instance: /home/yorig/tuner/mpils-tests/instances/miplib/easy/fastxgemm-n2r6s0t2.mps with config: /scratch/yorig/mpils-results-grid-seconds-5-4may/easy/24proc/seed-5/2_fastxgemm-n2r6s0t2_seed-5_20260504_160919/iterated_local_search/run_4_worker_23/ils_config_17538378198241684234.prm
[INFO]:[16:13:43] CPLEX results. Gap: 98.700000, upper bound: 2072.450000, lower bound: 27.000000
[INFO]:[16:13:43] CPLEX solver finished. Gap: 98.700000
[INFO]:[16:13:43] Local search phase completed.
[INFO]:[16:13:43] Total number of new local-search evaluations: 7
[INFO]:[16:13:43] Final incumbent objective value: 98.7
[INFO]:[16:13:43] Worker 23 completed exploration phase.
[INFO]:[16:13:43] Worker 23 received order for step 2.
[INFO]:[16:13:43] Worker 23 running expansion phase for iteration 4.
[INFO]:[16:13:43] Worker 23 will use solver log file: /scratch/yorig/mpils-results-grid-seconds-5-4may/easy/24proc/seed-5/2_fastxgemm-n2r6s0t2_seed-5_20260504_160919/solver/cplex.log_iteration_expansion_4_worker_23
[INFO]:[16:13:43] Expansion Worker 23 starting expansion for iteration 4.
[INFO]:[16:13:43] Starting CPLEX solver on instance: /home/yorig/tuner/mpils-tests/instances/miplib/easy/fastxgemm-n2r6s0t2.mps with config: /scratch/yorig/mpils-results-grid-seconds-5-4may/easy/24proc/seed-5/2_fastxgemm-n2r6s0t2_seed-5_20260504_160919/expansion/config_param_CPXPARAM_MIP_Strategy_SubAlgorithm_1_iter_4.prm
[INFO]:[16:13:48] CPLEX results. Gap: 94.880000, upper bound: 527.000000, lower bound: 27.000000
[INFO]:[16:13:48] CPLEX solver finished. Gap: 94.880000
[INFO]:[16:13:48] Expansion Worker 23 stopping early after global MPI expansion stop was activated.
[INFO]:[16:13:48] Expansion Worker 23 completed expansion.
[INFO]:[16:13:48] Worker 23 completed expansion phase.
[INFO]:[16:13:48] Worker 23 received order for step 1.
[INFO]:[16:13:48] Worker 23 running exploration phase for iteration 5.
[INFO]:[16:13:48] Worker 23 at iteration 5 will not use a MIP start file. Current best MIP-start upper bound threshold is 1.79769e+308.
[INFO]:[16:13:48] Starting local search phase...
[INFO]:[16:13:48] Creating local search space from parameter space file: /scratch/yorig/mpils-results-grid-seconds-5-4may/easy/24proc/seed-5/2_fastxgemm-n2r6s0t2_seed-5_20260504_160919/iterated_local_search/search_space/search_space_file_5_worker_23.txt
[INFO]:[16:13:48] Local search space loaded from file: /scratch/yorig/mpils-results-grid-seconds-5-4may/easy/24proc/seed-5/2_fastxgemm-n2r6s0t2_seed-5_20260504_160919/iterated_local_search/search_space/search_space_file_5_worker_23.txt
[INFO]:[16:13:48] Number of parameters in local search space: 71
[INFO]:[16:13:48] Number of forbidden tuples in local search space: 108
[INFO]:[16:13:48] Number of conditionals in local search space: 6
[INFO]:[16:13:48] MIP start option not enabled. Local search will proceed without MIP start.
[INFO]:[16:13:48] Evaluating initial configuration for local search phase...
[INFO]:[16:13:48] Starting CPLEX solver on instance: /home/yorig/tuner/mpils-tests/instances/miplib/easy/fastxgemm-n2r6s0t2.mps with config: /scratch/yorig/mpils-results-grid-seconds-5-4may/easy/24proc/seed-5/2_fastxgemm-n2r6s0t2_seed-5_20260504_160919/iterated_local_search/run_5_worker_23/ils_config_2084719098622510807.prm
[INFO]:[16:13:48] Starting CPLEX solver on instance: /home/yorig/tuner/mpils-tests/instances/miplib/easy/fastxgemm-n2r6s0t2.mps with config: /scratch/yorig/mpils-results-grid-seconds-5-4may/easy/24proc/seed-5/2_fastxgemm-n2r6s0t2_seed-5_20260504_160919/iterated_local_search/run_5_worker_23/ils_config_2084719098622510807.prm
[INFO]:[16:13:53] CPLEX results. Gap: 98.700000, upper bound: 2072.450000, lower bound: 27.000000
[INFO]:[16:13:53] CPLEX solver finished. Gap: 98.700000
[INFO]:[16:13:53] Initial configuration evaluated with objective value: 98.7
[INFO]:[16:13:54] Starting CPLEX solver on instance: /home/yorig/tuner/mpils-tests/instances/miplib/easy/fastxgemm-n2r6s0t2.mps with config: /scratch/yorig/mpils-results-grid-seconds-5-4may/easy/24proc/seed-5/2_fastxgemm-n2r6s0t2_seed-5_20260504_160919/iterated_local_search/run_5_worker_23/ils_config_15414100011372028263.prm
[INFO]:[16:13:54] Starting CPLEX solver on instance: /home/yorig/tuner/mpils-tests/instances/miplib/easy/fastxgemm-n2r6s0t2.mps with config: /scratch/yorig/mpils-results-grid-seconds-5-4may/easy/24proc/seed-5/2_fastxgemm-n2r6s0t2_seed-5_20260504_160919/iterated_local_search/run_5_worker_23/ils_config_15414100011372028263.prm
[INFO]:[16:13:59] CPLEX results. Gap: 98.700000, upper bound: 2072.450000, lower bound: 27.000000
[INFO]:[16:13:59] CPLEX solver finished. Gap: 98.700000
[INFO]:[16:13:59] Starting CPLEX solver on instance: /home/yorig/tuner/mpils-tests/instances/miplib/easy/fastxgemm-n2r6s0t2.mps with config: /scratch/yorig/mpils-results-grid-seconds-5-4may/easy/24proc/seed-5/2_fastxgemm-n2r6s0t2_seed-5_20260504_160919/iterated_local_search/run_5_worker_23/ils_config_9599100578047192154.prm
[INFO]:[16:13:59] Starting CPLEX solver on instance: /home/yorig/tuner/mpils-tests/instances/miplib/easy/fastxgemm-n2r6s0t2.mps with config: /scratch/yorig/mpils-results-grid-seconds-5-4may/easy/24proc/seed-5/2_fastxgemm-n2r6s0t2_seed-5_20260504_160919/iterated_local_search/run_5_worker_23/ils_config_9599100578047192154.prm
[INFO]:[16:14:04] CPLEX results. Gap: 98.700000, upper bound: 2072.450000, lower bound: 27.000000
[INFO]:[16:14:04] CPLEX solver finished. Gap: 98.700000
[INFO]:[16:14:04] Starting CPLEX solver on instance: /home/yorig/tuner/mpils-tests/instances/miplib/easy/fastxgemm-n2r6s0t2.mps with config: /scratch/yorig/mpils-results-grid-seconds-5-4may/easy/24proc/seed-5/2_fastxgemm-n2r6s0t2_seed-5_20260504_160919/iterated_local_search/run_5_worker_23/ils_config_10332021378020914264.prm
[INFO]:[16:14:04] Starting CPLEX solver on instance: /home/yorig/tuner/mpils-tests/instances/miplib/easy/fastxgemm-n2r6s0t2.mps with config: /scratch/yorig/mpils-results-grid-seconds-5-4may/easy/24proc/seed-5/2_fastxgemm-n2r6s0t2_seed-5_20260504_160919/iterated_local_search/run_5_worker_23/ils_config_10332021378020914264.prm
[INFO]:[16:14:09] CPLEX results. Gap: 98.700000, upper bound: 2072.450000, lower bound: 27.000000
[INFO]:[16:14:09] CPLEX solver finished. Gap: 98.700000
[INFO]:[16:14:09] Starting CPLEX solver on instance: /home/yorig/tuner/mpils-tests/instances/miplib/easy/fastxgemm-n2r6s0t2.mps with config: /scratch/yorig/mpils-results-grid-seconds-5-4may/easy/24proc/seed-5/2_fastxgemm-n2r6s0t2_seed-5_20260504_160919/iterated_local_search/run_5_worker_23/ils_config_9472985507553551408.prm
[INFO]:[16:14:09] Starting CPLEX solver on instance: /home/yorig/tuner/mpils-tests/instances/miplib/easy/fastxgemm-n2r6s0t2.mps with config: /scratch/yorig/mpils-results-grid-seconds-5-4may/easy/24proc/seed-5/2_fastxgemm-n2r6s0t2_seed-5_20260504_160919/iterated_local_search/run_5_worker_23/ils_config_9472985507553551408.prm
[INFO]:[16:14:14] CPLEX results. Gap: 98.700000, upper bound: 2072.450000, lower bound: 27.000000
[INFO]:[16:14:14] CPLEX solver finished. Gap: 98.700000
[INFO]:[16:14:14] Starting CPLEX solver on instance: /home/yorig/tuner/mpils-tests/instances/miplib/easy/fastxgemm-n2r6s0t2.mps with config: /scratch/yorig/mpils-results-grid-seconds-5-4may/easy/24proc/seed-5/2_fastxgemm-n2r6s0t2_seed-5_20260504_160919/iterated_local_search/run_5_worker_23/ils_config_238796180697784733.prm
[INFO]:[16:14:14] Starting CPLEX solver on instance: /home/yorig/tuner/mpils-tests/instances/miplib/easy/fastxgemm-n2r6s0t2.mps with config: /scratch/yorig/mpils-results-grid-seconds-5-4may/easy/24proc/seed-5/2_fastxgemm-n2r6s0t2_seed-5_20260504_160919/iterated_local_search/run_5_worker_23/ils_config_238796180697784733.prm
[INFO]:[16:14:19] CPLEX results. Gap: 98.700000, upper bound: 2072.450000, lower bound: 27.000000
[INFO]:[16:14:19] CPLEX solver finished. Gap: 98.700000
[INFO]:[16:14:19] Starting CPLEX solver on instance: /home/yorig/tuner/mpils-tests/instances/miplib/easy/fastxgemm-n2r6s0t2.mps with config: /scratch/yorig/mpils-results-grid-seconds-5-4may/easy/24proc/seed-5/2_fastxgemm-n2r6s0t2_seed-5_20260504_160919/iterated_local_search/run_5_worker_23/ils_config_4040026839850754006.prm
[INFO]:[16:14:19] Starting CPLEX solver on instance: /home/yorig/tuner/mpils-tests/instances/miplib/easy/fastxgemm-n2r6s0t2.mps with config: /scratch/yorig/mpils-results-grid-seconds-5-4may/easy/24proc/seed-5/2_fastxgemm-n2r6s0t2_seed-5_20260504_160919/iterated_local_search/run_5_worker_23/ils_config_4040026839850754006.prm
[INFO]:[16:14:24] CPLEX results. Gap: 98.700000, upper bound: 2072.450000, lower bound: 27.000000
[INFO]:[16:14:24] CPLEX solver finished. Gap: 98.700000
[INFO]:[16:14:24] Starting CPLEX solver on instance: /home/yorig/tuner/mpils-tests/instances/miplib/easy/fastxgemm-n2r6s0t2.mps with config: /scratch/yorig/mpils-results-grid-seconds-5-4may/easy/24proc/seed-5/2_fastxgemm-n2r6s0t2_seed-5_20260504_160919/iterated_local_search/run_5_worker_23/ils_config_877765275794780543.prm
[INFO]:[16:14:24] Starting CPLEX solver on instance: /home/yorig/tuner/mpils-tests/instances/miplib/easy/fastxgemm-n2r6s0t2.mps with config: /scratch/yorig/mpils-results-grid-seconds-5-4may/easy/24proc/seed-5/2_fastxgemm-n2r6s0t2_seed-5_20260504_160919/iterated_local_search/run_5_worker_23/ils_config_877765275794780543.prm
[INFO]:[16:14:29] CPLEX results. Gap: 98.700000, upper bound: 2072.450000, lower bound: 27.000000
[INFO]:[16:14:29] CPLEX solver finished. Gap: 98.700000
[INFO]:[16:14:29] Starting CPLEX solver on instance: /home/yorig/tuner/mpils-tests/instances/miplib/easy/fastxgemm-n2r6s0t2.mps with config: /scratch/yorig/mpils-results-grid-seconds-5-4may/easy/24proc/seed-5/2_fastxgemm-n2r6s0t2_seed-5_20260504_160919/iterated_local_search/run_5_worker_23/ils_config_1034659889452841871.prm
[INFO]:[16:14:29] Starting CPLEX solver on instance: /home/yorig/tuner/mpils-tests/instances/miplib/easy/fastxgemm-n2r6s0t2.mps with config: /scratch/yorig/mpils-results-grid-seconds-5-4may/easy/24proc/seed-5/2_fastxgemm-n2r6s0t2_seed-5_20260504_160919/iterated_local_search/run_5_worker_23/ils_config_1034659889452841871.prm
[INFO]:[16:14:34] CPLEX results. Gap: 88.260000, upper bound: 230.000000, lower bound: 27.000000
[INFO]:[16:14:34] CPLEX solver finished. Gap: 88.260000
[INFO]:[16:14:34] New incumbent found with objective value: 88.26
[INFO]:[16:14:34] Starting CPLEX solver on instance: /home/yorig/tuner/mpils-tests/instances/miplib/easy/fastxgemm-n2r6s0t2.mps with config: /scratch/yorig/mpils-results-grid-seconds-5-4may/easy/24proc/seed-5/2_fastxgemm-n2r6s0t2_seed-5_20260504_160919/iterated_local_search/run_5_worker_23/ils_config_17231365465804649654.prm
[INFO]:[16:14:34] Starting CPLEX solver on instance: /home/yorig/tuner/mpils-tests/instances/miplib/easy/fastxgemm-n2r6s0t2.mps with config: /scratch/yorig/mpils-results-grid-seconds-5-4may/easy/24proc/seed-5/2_fastxgemm-n2r6s0t2_seed-5_20260504_160919/iterated_local_search/run_5_worker_23/ils_config_17231365465804649654.prm
[INFO]:[16:14:39] CPLEX results. Gap: 88.260000, upper bound: 230.000000, lower bound: 27.000000
[INFO]:[16:14:39] CPLEX solver finished. Gap: 88.260000
[INFO]:[16:14:39] Starting CPLEX solver on instance: /home/yorig/tuner/mpils-tests/instances/miplib/easy/fastxgemm-n2r6s0t2.mps with config: /scratch/yorig/mpils-results-grid-seconds-5-4may/easy/24proc/seed-5/2_fastxgemm-n2r6s0t2_seed-5_20260504_160919/iterated_local_search/run_5_worker_23/ils_config_18095211499028146925.prm
[INFO]:[16:14:39] Starting CPLEX solver on instance: /home/yorig/tuner/mpils-tests/instances/miplib/easy/fastxgemm-n2r6s0t2.mps with config: /scratch/yorig/mpils-results-grid-seconds-5-4may/easy/24proc/seed-5/2_fastxgemm-n2r6s0t2_seed-5_20260504_160919/iterated_local_search/run_5_worker_23/ils_config_18095211499028146925.prm
[INFO]:[16:14:44] CPLEX results. Gap: 88.260000, upper bound: 230.000000, lower bound: 27.000000
[INFO]:[16:14:44] CPLEX solver finished. Gap: 88.260000
[INFO]:[16:14:44] Starting CPLEX solver on instance: /home/yorig/tuner/mpils-tests/instances/miplib/easy/fastxgemm-n2r6s0t2.mps with config: /scratch/yorig/mpils-results-grid-seconds-5-4may/easy/24proc/seed-5/2_fastxgemm-n2r6s0t2_seed-5_20260504_160919/iterated_local_search/run_5_worker_23/ils_config_7698755697207129101.prm
[INFO]:[16:14:44] Starting CPLEX solver on instance: /home/yorig/tuner/mpils-tests/instances/miplib/easy/fastxgemm-n2r6s0t2.mps with config: /scratch/yorig/mpils-results-grid-seconds-5-4may/easy/24proc/seed-5/2_fastxgemm-n2r6s0t2_seed-5_20260504_160919/iterated_local_search/run_5_worker_23/ils_config_7698755697207129101.prm
[INFO]:[16:14:49] CPLEX results. Gap: 88.260000, upper bound: 230.000000, lower bound: 27.000000
[INFO]:[16:14:49] CPLEX solver finished. Gap: 88.260000
[INFO]:[16:14:49] Starting CPLEX solver on instance: /home/yorig/tuner/mpils-tests/instances/miplib/easy/fastxgemm-n2r6s0t2.mps with config: /scratch/yorig/mpils-results-grid-seconds-5-4may/easy/24proc/seed-5/2_fastxgemm-n2r6s0t2_seed-5_20260504_160919/iterated_local_search/run_5_worker_23/ils_config_11795792587540231132.prm
[INFO]:[16:14:49] Starting CPLEX solver on instance: /home/yorig/tuner/mpils-tests/instances/miplib/easy/fastxgemm-n2r6s0t2.mps with config: /scratch/yorig/mpils-results-grid-seconds-5-4may/easy/24proc/seed-5/2_fastxgemm-n2r6s0t2_seed-5_20260504_160919/iterated_local_search/run_5_worker_23/ils_config_11795792587540231132.prm
[INFO]:[16:14:54] CPLEX results. Gap: 88.260000, upper bound: 230.000000, lower bound: 27.000000
[INFO]:[16:14:54] CPLEX solver finished. Gap: 88.260000
[INFO]:[16:14:54] Starting CPLEX solver on instance: /home/yorig/tuner/mpils-tests/instances/miplib/easy/fastxgemm-n2r6s0t2.mps with config: /scratch/yorig/mpils-results-grid-seconds-5-4may/easy/24proc/seed-5/2_fastxgemm-n2r6s0t2_seed-5_20260504_160919/iterated_local_search/run_5_worker_23/ils_config_3770995723943569913.prm
[INFO]:[16:14:54] Starting CPLEX solver on instance: /home/yorig/tuner/mpils-tests/instances/miplib/easy/fastxgemm-n2r6s0t2.mps with config: /scratch/yorig/mpils-results-grid-seconds-5-4may/easy/24proc/seed-5/2_fastxgemm-n2r6s0t2_seed-5_20260504_160919/iterated_local_search/run_5_worker_23/ils_config_3770995723943569913.prm
[INFO]:[16:14:59] CPLEX results. Gap: 88.260000, upper bound: 230.000000, lower bound: 27.000000
[INFO]:[16:14:59] CPLEX solver finished. Gap: 88.260000
[INFO]:[16:14:59] Starting CPLEX solver on instance: /home/yorig/tuner/mpils-tests/instances/miplib/easy/fastxgemm-n2r6s0t2.mps with config: /scratch/yorig/mpils-results-grid-seconds-5-4may/easy/24proc/seed-5/2_fastxgemm-n2r6s0t2_seed-5_20260504_160919/iterated_local_search/run_5_worker_23/ils_config_11490456604294522864.prm
[INFO]:[16:14:59] Starting CPLEX solver on instance: /home/yorig/tuner/mpils-tests/instances/miplib/easy/fastxgemm-n2r6s0t2.mps with config: /scratch/yorig/mpils-results-grid-seconds-5-4may/easy/24proc/seed-5/2_fastxgemm-n2r6s0t2_seed-5_20260504_160919/iterated_local_search/run_5_worker_23/ils_config_11490456604294522864.prm
[INFO]:[16:15:04] CPLEX results. Gap: 88.260000, upper bound: 230.000000, lower bound: 27.000000
[INFO]:[16:15:04] CPLEX solver finished. Gap: 88.260000
[INFO]:[16:15:04] Starting CPLEX solver on instance: /home/yorig/tuner/mpils-tests/instances/miplib/easy/fastxgemm-n2r6s0t2.mps with config: /scratch/yorig/mpils-results-grid-seconds-5-4may/easy/24proc/seed-5/2_fastxgemm-n2r6s0t2_seed-5_20260504_160919/iterated_local_search/run_5_worker_23/ils_config_3592381669113419533.prm
[INFO]:[16:15:04] Starting CPLEX solver on instance: /home/yorig/tuner/mpils-tests/instances/miplib/easy/fastxgemm-n2r6s0t2.mps with config: /scratch/yorig/mpils-results-grid-seconds-5-4may/easy/24proc/seed-5/2_fastxgemm-n2r6s0t2_seed-5_20260504_160919/iterated_local_search/run_5_worker_23/ils_config_3592381669113419533.prm
[INFO]:[16:15:09] CPLEX results. Gap: 88.260000, upper bound: 230.000000, lower bound: 27.000000
[INFO]:[16:15:09] CPLEX solver finished. Gap: 88.260000
[INFO]:[16:15:09] Starting CPLEX solver on instance: /home/yorig/tuner/mpils-tests/instances/miplib/easy/fastxgemm-n2r6s0t2.mps with config: /scratch/yorig/mpils-results-grid-seconds-5-4may/easy/24proc/seed-5/2_fastxgemm-n2r6s0t2_seed-5_20260504_160919/iterated_local_search/run_5_worker_23/ils_config_866877364984145235.prm
[INFO]:[16:15:09] Starting CPLEX solver on instance: /home/yorig/tuner/mpils-tests/instances/miplib/easy/fastxgemm-n2r6s0t2.mps with config: /scratch/yorig/mpils-results-grid-seconds-5-4may/easy/24proc/seed-5/2_fastxgemm-n2r6s0t2_seed-5_20260504_160919/iterated_local_search/run_5_worker_23/ils_config_866877364984145235.prm
[INFO]:[16:15:14] CPLEX results. Gap: 94.880000, upper bound: 527.000000, lower bound: 27.000000
[INFO]:[16:15:14] CPLEX solver finished. Gap: 94.880000
[INFO]:[16:15:14] Starting CPLEX solver on instance: /home/yorig/tuner/mpils-tests/instances/miplib/easy/fastxgemm-n2r6s0t2.mps with config: /scratch/yorig/mpils-results-grid-seconds-5-4may/easy/24proc/seed-5/2_fastxgemm-n2r6s0t2_seed-5_20260504_160919/iterated_local_search/run_5_worker_23/ils_config_4758059423521884205.prm
[INFO]:[16:15:14] Starting CPLEX solver on instance: /home/yorig/tuner/mpils-tests/instances/miplib/easy/fastxgemm-n2r6s0t2.mps with config: /scratch/yorig/mpils-results-grid-seconds-5-4may/easy/24proc/seed-5/2_fastxgemm-n2r6s0t2_seed-5_20260504_160919/iterated_local_search/run_5_worker_23/ils_config_4758059423521884205.prm
[INFO]:[16:15:19] CPLEX results. Gap: 88.260000, upper bound: 230.000000, lower bound: 27.000000
[INFO]:[16:15:19] CPLEX solver finished. Gap: 88.260000
[INFO]:[16:15:19] Local search phase completed.
[INFO]:[16:15:19] Total number of new local-search evaluations: 18
[INFO]:[16:15:19] Final incumbent objective value: 88.26
[INFO]:[16:15:19] Worker 23 completed exploration phase.
[INFO]:[16:15:19] Worker 23 received order for step 2.
[INFO]:[16:15:19] Worker 23 running expansion phase for iteration 5.
[INFO]:[16:15:19] Worker 23 will use solver log file: /scratch/yorig/mpils-results-grid-seconds-5-4may/easy/24proc/seed-5/2_fastxgemm-n2r6s0t2_seed-5_20260504_160919/solver/cplex.log_iteration_expansion_5_worker_23
[INFO]:[16:15:19] Expansion Worker 23 starting expansion for iteration 5.
[INFO]:[16:15:19] Starting CPLEX solver on instance: /home/yorig/tuner/mpils-tests/instances/miplib/easy/fastxgemm-n2r6s0t2.mps with config: /scratch/yorig/mpils-results-grid-seconds-5-4may/easy/24proc/seed-5/2_fastxgemm-n2r6s0t2_seed-5_20260504_160919/expansion/config_param_CPXPARAM_Simplex_DGradient_4_iter_5.prm
[INFO]:[16:15:24] CPLEX results. Gap: 88.260000, upper bound: 230.000000, lower bound: 27.000000
[INFO]:[16:15:24] CPLEX solver finished. Gap: 88.260000
[INFO]:[16:15:29] Expansion Worker 23 completed expansion.
[INFO]:[16:15:29] Worker 23 completed expansion phase.
[INFO]:[16:15:31] Worker 23 received order for step 1.
[INFO]:[16:15:31] Worker 23 running exploration phase for iteration 6.
[INFO]:[16:15:31] Worker 23 at iteration 6 will not use a MIP start file. Current best MIP-start upper bound threshold is 1.79769e+308.
[INFO]:[16:15:31] Starting local search phase...
[INFO]:[16:15:31] Creating local search space from parameter space file: /scratch/yorig/mpils-results-grid-seconds-5-4may/easy/24proc/seed-5/2_fastxgemm-n2r6s0t2_seed-5_20260504_160919/iterated_local_search/search_space/search_space_file_6_worker_23.txt
[INFO]:[16:15:31] Local search space loaded from file: /scratch/yorig/mpils-results-grid-seconds-5-4may/easy/24proc/seed-5/2_fastxgemm-n2r6s0t2_seed-5_20260504_160919/iterated_local_search/search_space/search_space_file_6_worker_23.txt
[INFO]:[16:15:31] Number of parameters in local search space: 71
[INFO]:[16:15:31] Number of forbidden tuples in local search space: 131
[INFO]:[16:15:31] Number of conditionals in local search space: 6
[INFO]:[16:15:31] MIP start option not enabled. Local search will proceed without MIP start.
[INFO]:[16:15:31] Evaluating initial configuration for local search phase...
[INFO]:[16:15:31] Starting CPLEX solver on instance: /home/yorig/tuner/mpils-tests/instances/miplib/easy/fastxgemm-n2r6s0t2.mps with config: /scratch/yorig/mpils-results-grid-seconds-5-4may/easy/24proc/seed-5/2_fastxgemm-n2r6s0t2_seed-5_20260504_160919/iterated_local_search/run_6_worker_23/ils_config_10765200714031194049.prm
[INFO]:[16:15:31] Starting CPLEX solver on instance: /home/yorig/tuner/mpils-tests/instances/miplib/easy/fastxgemm-n2r6s0t2.mps with config: /scratch/yorig/mpils-results-grid-seconds-5-4may/easy/24proc/seed-5/2_fastxgemm-n2r6s0t2_seed-5_20260504_160919/iterated_local_search/run_6_worker_23/ils_config_10765200714031194049.prm
[INFO]:[16:15:36] CPLEX results. Gap: 96.900000, upper bound: 872.000000, lower bound: 27.000000
[INFO]:[16:15:36] CPLEX solver finished. Gap: 96.900000
[INFO]:[16:15:36] Initial configuration evaluated with objective value: 96.9
[INFO]:[16:15:36] Starting CPLEX solver on instance: /home/yorig/tuner/mpils-tests/instances/miplib/easy/fastxgemm-n2r6s0t2.mps with config: /scratch/yorig/mpils-results-grid-seconds-5-4may/easy/24proc/seed-5/2_fastxgemm-n2r6s0t2_seed-5_20260504_160919/iterated_local_search/run_6_worker_23/ils_config_11387741606555292736.prm
[INFO]:[16:15:36] Starting CPLEX solver on instance: /home/yorig/tuner/mpils-tests/instances/miplib/easy/fastxgemm-n2r6s0t2.mps with config: /scratch/yorig/mpils-results-grid-seconds-5-4may/easy/24proc/seed-5/2_fastxgemm-n2r6s0t2_seed-5_20260504_160919/iterated_local_search/run_6_worker_23/ils_config_11387741606555292736.prm
[INFO]:[16:15:41] CPLEX results. Gap: 96.900000, upper bound: 872.000000, lower bound: 27.000000
[INFO]:[16:15:41] CPLEX solver finished. Gap: 96.900000
[INFO]:[16:15:41] Starting CPLEX solver on instance: /home/yorig/tuner/mpils-tests/instances/miplib/easy/fastxgemm-n2r6s0t2.mps with config: /scratch/yorig/mpils-results-grid-seconds-5-4may/easy/24proc/seed-5/2_fastxgemm-n2r6s0t2_seed-5_20260504_160919/iterated_local_search/run_6_worker_23/ils_config_11695035710413522181.prm
[INFO]:[16:15:41] Starting CPLEX solver on instance: /home/yorig/tuner/mpils-tests/instances/miplib/easy/fastxgemm-n2r6s0t2.mps with config: /scratch/yorig/mpils-results-grid-seconds-5-4may/easy/24proc/seed-5/2_fastxgemm-n2r6s0t2_seed-5_20260504_160919/iterated_local_search/run_6_worker_23/ils_config_11695035710413522181.prm
[INFO]:[16:15:46] CPLEX results. Gap: 96.900000, upper bound: 872.000000, lower bound: 27.000000
[INFO]:[16:15:46] CPLEX solver finished. Gap: 96.900000
[INFO]:[16:15:46] Starting CPLEX solver on instance: /home/yorig/tuner/mpils-tests/instances/miplib/easy/fastxgemm-n2r6s0t2.mps with config: /scratch/yorig/mpils-results-grid-seconds-5-4may/easy/24proc/seed-5/2_fastxgemm-n2r6s0t2_seed-5_20260504_160919/iterated_local_search/run_6_worker_23/ils_config_5963809427451397679.prm
[INFO]:[16:15:46] Starting CPLEX solver on instance: /home/yorig/tuner/mpils-tests/instances/miplib/easy/fastxgemm-n2r6s0t2.mps with config: /scratch/yorig/mpils-results-grid-seconds-5-4may/easy/24proc/seed-5/2_fastxgemm-n2r6s0t2_seed-5_20260504_160919/iterated_local_search/run_6_worker_23/ils_config_5963809427451397679.prm
[INFO]:[16:15:51] CPLEX results. Gap: 96.900000, upper bound: 872.000000, lower bound: 27.000000
[INFO]:[16:15:51] CPLEX solver finished. Gap: 96.900000
[INFO]:[16:15:51] Starting CPLEX solver on instance: /home/yorig/tuner/mpils-tests/instances/miplib/easy/fastxgemm-n2r6s0t2.mps with config: /scratch/yorig/mpils-results-grid-seconds-5-4may/easy/24proc/seed-5/2_fastxgemm-n2r6s0t2_seed-5_20260504_160919/iterated_local_search/run_6_worker_23/ils_config_15344825942168528485.prm
[INFO]:[16:15:51] Starting CPLEX solver on instance: /home/yorig/tuner/mpils-tests/instances/miplib/easy/fastxgemm-n2r6s0t2.mps with config: /scratch/yorig/mpils-results-grid-seconds-5-4may/easy/24proc/seed-5/2_fastxgemm-n2r6s0t2_seed-5_20260504_160919/iterated_local_search/run_6_worker_23/ils_config_15344825942168528485.prm
[INFO]:[16:15:56] CPLEX results. Gap: 96.900000, upper bound: 872.000000, lower bound: 27.000000
[INFO]:[16:15:56] CPLEX solver finished. Gap: 96.900000
[INFO]:[16:15:56] Starting CPLEX solver on instance: /home/yorig/tuner/mpils-tests/instances/miplib/easy/fastxgemm-n2r6s0t2.mps with config: /scratch/yorig/mpils-results-grid-seconds-5-4may/easy/24proc/seed-5/2_fastxgemm-n2r6s0t2_seed-5_20260504_160919/iterated_local_search/run_6_worker_23/ils_config_9516721822561631594.prm
[INFO]:[16:15:56] Starting CPLEX solver on instance: /home/yorig/tuner/mpils-tests/instances/miplib/easy/fastxgemm-n2r6s0t2.mps with config: /scratch/yorig/mpils-results-grid-seconds-5-4may/easy/24proc/seed-5/2_fastxgemm-n2r6s0t2_seed-5_20260504_160919/iterated_local_search/run_6_worker_23/ils_config_9516721822561631594.prm
[INFO]:[16:16:01] CPLEX results. Gap: 96.880000, upper bound: 866.000000, lower bound: 27.000000
[INFO]:[16:16:01] CPLEX solver finished. Gap: 96.880000
[INFO]:[16:16:01] New incumbent found with objective value: 96.88
[INFO]:[16:16:01] Starting CPLEX solver on instance: /home/yorig/tuner/mpils-tests/instances/miplib/easy/fastxgemm-n2r6s0t2.mps with config: /scratch/yorig/mpils-results-grid-seconds-5-4may/easy/24proc/seed-5/2_fastxgemm-n2r6s0t2_seed-5_20260504_160919/iterated_local_search/run_6_worker_23/ils_config_5061166768522281492.prm
[INFO]:[16:16:01] Starting CPLEX solver on instance: /home/yorig/tuner/mpils-tests/instances/miplib/easy/fastxgemm-n2r6s0t2.mps with config: /scratch/yorig/mpils-results-grid-seconds-5-4may/easy/24proc/seed-5/2_fastxgemm-n2r6s0t2_seed-5_20260504_160919/iterated_local_search/run_6_worker_23/ils_config_5061166768522281492.prm
[INFO]:[16:16:06] CPLEX results. Gap: 96.900000, upper bound: 872.000000, lower bound: 27.000000
[INFO]:[16:16:06] CPLEX solver finished. Gap: 96.900000
[INFO]:[16:16:06] Starting CPLEX solver on instance: /home/yorig/tuner/mpils-tests/instances/miplib/easy/fastxgemm-n2r6s0t2.mps with config: /scratch/yorig/mpils-results-grid-seconds-5-4may/easy/24proc/seed-5/2_fastxgemm-n2r6s0t2_seed-5_20260504_160919/iterated_local_search/run_6_worker_23/ils_config_2346172404743277287.prm
[INFO]:[16:16:06] Starting CPLEX solver on instance: /home/yorig/tuner/mpils-tests/instances/miplib/easy/fastxgemm-n2r6s0t2.mps with config: /scratch/yorig/mpils-results-grid-seconds-5-4may/easy/24proc/seed-5/2_fastxgemm-n2r6s0t2_seed-5_20260504_160919/iterated_local_search/run_6_worker_23/ils_config_2346172404743277287.prm
[INFO]:[16:16:11] CPLEX results. Gap: 96.750000, upper bound: 830.000000, lower bound: 27.000000
[INFO]:[16:16:11] CPLEX solver finished. Gap: 96.750000
[INFO]:[16:16:11] New incumbent found with objective value: 96.75
[INFO]:[16:16:11] Starting CPLEX solver on instance: /home/yorig/tuner/mpils-tests/instances/miplib/easy/fastxgemm-n2r6s0t2.mps with config: /scratch/yorig/mpils-results-grid-seconds-5-4may/easy/24proc/seed-5/2_fastxgemm-n2r6s0t2_seed-5_20260504_160919/iterated_local_search/run_6_worker_23/ils_config_1474891810467022191.prm
[INFO]:[16:16:11] Starting CPLEX solver on instance: /home/yorig/tuner/mpils-tests/instances/miplib/easy/fastxgemm-n2r6s0t2.mps with config: /scratch/yorig/mpils-results-grid-seconds-5-4may/easy/24proc/seed-5/2_fastxgemm-n2r6s0t2_seed-5_20260504_160919/iterated_local_search/run_6_worker_23/ils_config_1474891810467022191.prm
[INFO]:[16:16:16] CPLEX results. Gap: 96.900000, upper bound: 872.000000, lower bound: 27.000000
[INFO]:[16:16:16] CPLEX solver finished. Gap: 96.900000
[INFO]:[16:16:16] Starting CPLEX solver on instance: /home/yorig/tuner/mpils-tests/instances/miplib/easy/fastxgemm-n2r6s0t2.mps with config: /scratch/yorig/mpils-results-grid-seconds-5-4may/easy/24proc/seed-5/2_fastxgemm-n2r6s0t2_seed-5_20260504_160919/iterated_local_search/run_6_worker_23/ils_config_7481795491485860019.prm
[INFO]:[16:16:16] Starting CPLEX solver on instance: /home/yorig/tuner/mpils-tests/instances/miplib/easy/fastxgemm-n2r6s0t2.mps with config: /scratch/yorig/mpils-results-grid-seconds-5-4may/easy/24proc/seed-5/2_fastxgemm-n2r6s0t2_seed-5_20260504_160919/iterated_local_search/run_6_worker_23/ils_config_7481795491485860019.prm
[INFO]:[16:16:21] CPLEX results. Gap: 96.750000, upper bound: 830.000000, lower bound: 27.000000
[INFO]:[16:16:21] CPLEX solver finished. Gap: 96.750000
[INFO]:[16:16:21] Starting CPLEX solver on instance: /home/yorig/tuner/mpils-tests/instances/miplib/easy/fastxgemm-n2r6s0t2.mps with config: /scratch/yorig/mpils-results-grid-seconds-5-4may/easy/24proc/seed-5/2_fastxgemm-n2r6s0t2_seed-5_20260504_160919/iterated_local_search/run_6_worker_23/ils_config_13279088670070007688.prm
[INFO]:[16:16:21] Starting CPLEX solver on instance: /home/yorig/tuner/mpils-tests/instances/miplib/easy/fastxgemm-n2r6s0t2.mps with config: /scratch/yorig/mpils-results-grid-seconds-5-4may/easy/24proc/seed-5/2_fastxgemm-n2r6s0t2_seed-5_20260504_160919/iterated_local_search/run_6_worker_23/ils_config_13279088670070007688.prm
[INFO]:[16:16:26] CPLEX results. Gap: 96.750000, upper bound: 830.000000, lower bound: 27.000000
[INFO]:[16:16:26] CPLEX solver finished. Gap: 96.750000
[INFO]:[16:16:26] Starting CPLEX solver on instance: /home/yorig/tuner/mpils-tests/instances/miplib/easy/fastxgemm-n2r6s0t2.mps with config: /scratch/yorig/mpils-results-grid-seconds-5-4may/easy/24proc/seed-5/2_fastxgemm-n2r6s0t2_seed-5_20260504_160919/iterated_local_search/run_6_worker_23/ils_config_421672777720111134.prm
[INFO]:[16:16:26] Starting CPLEX solver on instance: /home/yorig/tuner/mpils-tests/instances/miplib/easy/fastxgemm-n2r6s0t2.mps with config: /scratch/yorig/mpils-results-grid-seconds-5-4may/easy/24proc/seed-5/2_fastxgemm-n2r6s0t2_seed-5_20260504_160919/iterated_local_search/run_6_worker_23/ils_config_421672777720111134.prm
[INFO]:[16:16:31] CPLEX results. Gap: 96.750000, upper bound: 830.000000, lower bound: 27.000000
[INFO]:[16:16:31] CPLEX solver finished. Gap: 96.750000
[INFO]:[16:16:31] Starting CPLEX solver on instance: /home/yorig/tuner/mpils-tests/instances/miplib/easy/fastxgemm-n2r6s0t2.mps with config: /scratch/yorig/mpils-results-grid-seconds-5-4may/easy/24proc/seed-5/2_fastxgemm-n2r6s0t2_seed-5_20260504_160919/iterated_local_search/run_6_worker_23/ils_config_8680370937217613165.prm
[INFO]:[16:16:31] Starting CPLEX solver on instance: /home/yorig/tuner/mpils-tests/instances/miplib/easy/fastxgemm-n2r6s0t2.mps with config: /scratch/yorig/mpils-results-grid-seconds-5-4may/easy/24proc/seed-5/2_fastxgemm-n2r6s0t2_seed-5_20260504_160919/iterated_local_search/run_6_worker_23/ils_config_8680370937217613165.prm
[INFO]:[16:16:36] CPLEX results. Gap: 96.750000, upper bound: 830.000000, lower bound: 27.000000
[INFO]:[16:16:36] CPLEX solver finished. Gap: 96.750000
[INFO]:[16:16:36] Starting CPLEX solver on instance: /home/yorig/tuner/mpils-tests/instances/miplib/easy/fastxgemm-n2r6s0t2.mps with config: /scratch/yorig/mpils-results-grid-seconds-5-4may/easy/24proc/seed-5/2_fastxgemm-n2r6s0t2_seed-5_20260504_160919/iterated_local_search/run_6_worker_23/ils_config_13670380303546984779.prm
[INFO]:[16:16:36] Starting CPLEX solver on instance: /home/yorig/tuner/mpils-tests/instances/miplib/easy/fastxgemm-n2r6s0t2.mps with config: /scratch/yorig/mpils-results-grid-seconds-5-4may/easy/24proc/seed-5/2_fastxgemm-n2r6s0t2_seed-5_20260504_160919/iterated_local_search/run_6_worker_23/ils_config_13670380303546984779.prm
[INFO]:[16:16:41] CPLEX results. Gap: 96.750000, upper bound: 830.000000, lower bound: 27.000000
[INFO]:[16:16:41] CPLEX solver finished. Gap: 96.750000
[INFO]:[16:16:41] Starting CPLEX solver on instance: /home/yorig/tuner/mpils-tests/instances/miplib/easy/fastxgemm-n2r6s0t2.mps with config: /scratch/yorig/mpils-results-grid-seconds-5-4may/easy/24proc/seed-5/2_fastxgemm-n2r6s0t2_seed-5_20260504_160919/iterated_local_search/run_6_worker_23/ils_config_2078556534030838916.prm
[INFO]:[16:16:41] Starting CPLEX solver on instance: /home/yorig/tuner/mpils-tests/instances/miplib/easy/fastxgemm-n2r6s0t2.mps with config: /scratch/yorig/mpils-results-grid-seconds-5-4may/easy/24proc/seed-5/2_fastxgemm-n2r6s0t2_seed-5_20260504_160919/iterated_local_search/run_6_worker_23/ils_config_2078556534030838916.prm
[INFO]:[16:16:46] CPLEX results. Gap: 96.750000, upper bound: 830.000000, lower bound: 27.000000
[INFO]:[16:16:46] CPLEX solver finished. Gap: 96.750000
[INFO]:[16:16:46] Starting CPLEX solver on instance: /home/yorig/tuner/mpils-tests/instances/miplib/easy/fastxgemm-n2r6s0t2.mps with config: /scratch/yorig/mpils-results-grid-seconds-5-4may/easy/24proc/seed-5/2_fastxgemm-n2r6s0t2_seed-5_20260504_160919/iterated_local_search/run_6_worker_23/ils_config_15639468027095918177.prm
[INFO]:[16:16:46] Starting CPLEX solver on instance: /home/yorig/tuner/mpils-tests/instances/miplib/easy/fastxgemm-n2r6s0t2.mps with config: /scratch/yorig/mpils-results-grid-seconds-5-4may/easy/24proc/seed-5/2_fastxgemm-n2r6s0t2_seed-5_20260504_160919/iterated_local_search/run_6_worker_23/ils_config_15639468027095918177.prm
[INFO]:[16:16:51] CPLEX results. Gap: 96.750000, upper bound: 830.000000, lower bound: 27.000000
[INFO]:[16:16:51] CPLEX solver finished. Gap: 96.750000
[INFO]:[16:16:51] Starting CPLEX solver on instance: /home/yorig/tuner/mpils-tests/instances/miplib/easy/fastxgemm-n2r6s0t2.mps with config: /scratch/yorig/mpils-results-grid-seconds-5-4may/easy/24proc/seed-5/2_fastxgemm-n2r6s0t2_seed-5_20260504_160919/iterated_local_search/run_6_worker_23/ils_config_12420958131076270157.prm
[INFO]:[16:16:51] Starting CPLEX solver on instance: /home/yorig/tuner/mpils-tests/instances/miplib/easy/fastxgemm-n2r6s0t2.mps with config: /scratch/yorig/mpils-results-grid-seconds-5-4may/easy/24proc/seed-5/2_fastxgemm-n2r6s0t2_seed-5_20260504_160919/iterated_local_search/run_6_worker_23/ils_config_12420958131076270157.prm
[INFO]:[16:16:56] CPLEX results. Gap: 96.750000, upper bound: 830.000000, lower bound: 27.000000
[INFO]:[16:16:56] CPLEX solver finished. Gap: 96.750000
[INFO]:[16:16:56] Starting CPLEX solver on instance: /home/yorig/tuner/mpils-tests/instances/miplib/easy/fastxgemm-n2r6s0t2.mps with config: /scratch/yorig/mpils-results-grid-seconds-5-4may/easy/24proc/seed-5/2_fastxgemm-n2r6s0t2_seed-5_20260504_160919/iterated_local_search/run_6_worker_23/ils_config_15345363091983444001.prm
[INFO]:[16:16:56] Starting CPLEX solver on instance: /home/yorig/tuner/mpils-tests/instances/miplib/easy/fastxgemm-n2r6s0t2.mps with config: /scratch/yorig/mpils-results-grid-seconds-5-4may/easy/24proc/seed-5/2_fastxgemm-n2r6s0t2_seed-5_20260504_160919/iterated_local_search/run_6_worker_23/ils_config_15345363091983444001.prm
[INFO]:[16:17:01] CPLEX results. Gap: 96.750000, upper bound: 830.000000, lower bound: 27.000000
[INFO]:[16:17:01] CPLEX solver finished. Gap: 96.750000
[INFO]:[16:17:01] Local search phase completed.
[INFO]:[16:17:01] Total number of new local-search evaluations: 18
[INFO]:[16:17:01] Final incumbent objective value: 96.75
[INFO]:[16:17:02] Worker 23 completed exploration phase.
[INFO]:[16:17:02] Worker 23 received order for step 2.
[INFO]:[16:17:02] Worker 23 running expansion phase for iteration 6.
[INFO]:[16:17:02] Worker 23 will use solver log file: /scratch/yorig/mpils-results-grid-seconds-5-4may/easy/24proc/seed-5/2_fastxgemm-n2r6s0t2_seed-5_20260504_160919/solver/cplex.log_iteration_expansion_6_worker_23
[INFO]:[16:17:02] Expansion Worker 23 starting expansion for iteration 6.
[INFO]:[16:17:02] Starting CPLEX solver on instance: /home/yorig/tuner/mpils-tests/instances/miplib/easy/fastxgemm-n2r6s0t2.mps with config: /scratch/yorig/mpils-results-grid-seconds-5-4may/easy/24proc/seed-5/2_fastxgemm-n2r6s0t2_seed-5_20260504_160919/expansion/config_param_CPXPARAM_Feasopt_Mode_4_iter_6.prm
[INFO]:[16:17:07] CPLEX results. Gap: 44.780000, upper bound: 230.000000, lower bound: 127.000000
[INFO]:[16:17:07] CPLEX solver finished. Gap: 44.780000
[INFO]:[16:17:12] Expansion Worker 23 completed expansion.
[INFO]:[16:17:12] Worker 23 completed expansion phase.
[INFO]:[16:17:14] Worker 23 received order for step 1.
[INFO]:[16:17:14] Worker 23 running exploration phase for iteration 7.
[INFO]:[16:17:14] Worker 23 at iteration 7 will not use a MIP start file. Current best MIP-start upper bound threshold is 1.79769e+308.
[INFO]:[16:17:14] Starting local search phase...
[INFO]:[16:17:14] Creating local search space from parameter space file: /scratch/yorig/mpils-results-grid-seconds-5-4may/easy/24proc/seed-5/2_fastxgemm-n2r6s0t2_seed-5_20260504_160919/iterated_local_search/search_space/search_space_file_7_worker_23.txt
[INFO]:[16:17:14] Local search space loaded from file: /scratch/yorig/mpils-results-grid-seconds-5-4may/easy/24proc/seed-5/2_fastxgemm-n2r6s0t2_seed-5_20260504_160919/iterated_local_search/search_space/search_space_file_7_worker_23.txt
[INFO]:[16:17:14] Number of parameters in local search space: 71
[INFO]:[16:17:14] Number of forbidden tuples in local search space: 156
[INFO]:[16:17:14] Number of conditionals in local search space: 6
[INFO]:[16:17:14] MIP start option not enabled. Local search will proceed without MIP start.
[INFO]:[16:17:14] Evaluating initial configuration for local search phase...
[INFO]:[16:17:14] Starting CPLEX solver on instance: /home/yorig/tuner/mpils-tests/instances/miplib/easy/fastxgemm-n2r6s0t2.mps with config: /scratch/yorig/mpils-results-grid-seconds-5-4may/easy/24proc/seed-5/2_fastxgemm-n2r6s0t2_seed-5_20260504_160919/iterated_local_search/run_7_worker_23/ils_config_9193698535902935913.prm
[INFO]:[16:17:14] Starting CPLEX solver on instance: /home/yorig/tuner/mpils-tests/instances/miplib/easy/fastxgemm-n2r6s0t2.mps with config: /scratch/yorig/mpils-results-grid-seconds-5-4may/easy/24proc/seed-5/2_fastxgemm-n2r6s0t2_seed-5_20260504_160919/iterated_local_search/run_7_worker_23/ils_config_9193698535902935913.prm
[INFO]:[16:17:19] CPLEX results. Gap: 94.880000, upper bound: 527.000000, lower bound: 27.000000
[INFO]:[16:17:19] CPLEX solver finished. Gap: 94.880000
[INFO]:[16:17:19] Initial configuration evaluated with objective value: 94.88
[INFO]:[16:17:19] Starting CPLEX solver on instance: /home/yorig/tuner/mpils-tests/instances/miplib/easy/fastxgemm-n2r6s0t2.mps with config: /scratch/yorig/mpils-results-grid-seconds-5-4may/easy/24proc/seed-5/2_fastxgemm-n2r6s0t2_seed-5_20260504_160919/iterated_local_search/run_7_worker_23/ils_config_1530888539976663990.prm
[INFO]:[16:17:19] Starting CPLEX solver on instance: /home/yorig/tuner/mpils-tests/instances/miplib/easy/fastxgemm-n2r6s0t2.mps with config: /scratch/yorig/mpils-results-grid-seconds-5-4may/easy/24proc/seed-5/2_fastxgemm-n2r6s0t2_seed-5_20260504_160919/iterated_local_search/run_7_worker_23/ils_config_1530888539976663990.prm
[INFO]:[16:17:25] CPLEX results. Gap: 94.880000, upper bound: 527.000000, lower bound: 27.000000
[INFO]:[16:17:25] CPLEX solver finished. Gap: 94.880000
[INFO]:[16:17:25] Starting CPLEX solver on instance: /home/yorig/tuner/mpils-tests/instances/miplib/easy/fastxgemm-n2r6s0t2.mps with config: /scratch/yorig/mpils-results-grid-seconds-5-4may/easy/24proc/seed-5/2_fastxgemm-n2r6s0t2_seed-5_20260504_160919/iterated_local_search/run_7_worker_23/ils_config_8235073623497356765.prm
[INFO]:[16:17:25] Starting CPLEX solver on instance: /home/yorig/tuner/mpils-tests/instances/miplib/easy/fastxgemm-n2r6s0t2.mps with config: /scratch/yorig/mpils-results-grid-seconds-5-4may/easy/24proc/seed-5/2_fastxgemm-n2r6s0t2_seed-5_20260504_160919/iterated_local_search/run_7_worker_23/ils_config_8235073623497356765.prm
[INFO]:[16:17:30] CPLEX results. Gap: 94.880000, upper bound: 527.000000, lower bound: 27.000000
[INFO]:[16:17:30] CPLEX solver finished. Gap: 94.880000
[INFO]:[16:17:30] Starting CPLEX solver on instance: /home/yorig/tuner/mpils-tests/instances/miplib/easy/fastxgemm-n2r6s0t2.mps with config: /scratch/yorig/mpils-results-grid-seconds-5-4may/easy/24proc/seed-5/2_fastxgemm-n2r6s0t2_seed-5_20260504_160919/iterated_local_search/run_7_worker_23/ils_config_14835984683287953050.prm
[INFO]:[16:17:30] Starting CPLEX solver on instance: /home/yorig/tuner/mpils-tests/instances/miplib/easy/fastxgemm-n2r6s0t2.mps with config: /scratch/yorig/mpils-results-grid-seconds-5-4may/easy/24proc/seed-5/2_fastxgemm-n2r6s0t2_seed-5_20260504_160919/iterated_local_search/run_7_worker_23/ils_config_14835984683287953050.prm
[INFO]:[16:17:35] CPLEX results. Gap: 94.880000, upper bound: 527.000000, lower bound: 27.000000
[INFO]:[16:17:35] CPLEX solver finished. Gap: 94.880000
[INFO]:[16:17:35] Starting CPLEX solver on instance: /home/yorig/tuner/mpils-tests/instances/miplib/easy/fastxgemm-n2r6s0t2.mps with config: /scratch/yorig/mpils-results-grid-seconds-5-4may/easy/24proc/seed-5/2_fastxgemm-n2r6s0t2_seed-5_20260504_160919/iterated_local_search/run_7_worker_23/ils_config_11595565638967388110.prm
[INFO]:[16:17:35] Starting CPLEX solver on instance: /home/yorig/tuner/mpils-tests/instances/miplib/easy/fastxgemm-n2r6s0t2.mps with config: /scratch/yorig/mpils-results-grid-seconds-5-4may/easy/24proc/seed-5/2_fastxgemm-n2r6s0t2_seed-5_20260504_160919/iterated_local_search/run_7_worker_23/ils_config_11595565638967388110.prm
[INFO]:[16:17:40] CPLEX results. Gap: 94.880000, upper bound: 527.000000, lower bound: 27.000000
[INFO]:[16:17:40] CPLEX solver finished. Gap: 94.880000
[INFO]:[16:17:40] Starting CPLEX solver on instance: /home/yorig/tuner/mpils-tests/instances/miplib/easy/fastxgemm-n2r6s0t2.mps with config: /scratch/yorig/mpils-results-grid-seconds-5-4may/easy/24proc/seed-5/2_fastxgemm-n2r6s0t2_seed-5_20260504_160919/iterated_local_search/run_7_worker_23/ils_config_5248741837356658440.prm
[INFO]:[16:17:40] Starting CPLEX solver on instance: /home/yorig/tuner/mpils-tests/instances/miplib/easy/fastxgemm-n2r6s0t2.mps with config: /scratch/yorig/mpils-results-grid-seconds-5-4may/easy/24proc/seed-5/2_fastxgemm-n2r6s0t2_seed-5_20260504_160919/iterated_local_search/run_7_worker_23/ils_config_5248741837356658440.prm
[INFO]:[16:17:45] CPLEX results. Gap: 94.880000, upper bound: 527.000000, lower bound: 27.000000
[INFO]:[16:17:45] CPLEX solver finished. Gap: 94.880000
[INFO]:[16:17:45] Starting CPLEX solver on instance: /home/yorig/tuner/mpils-tests/instances/miplib/easy/fastxgemm-n2r6s0t2.mps with config: /scratch/yorig/mpils-results-grid-seconds-5-4may/easy/24proc/seed-5/2_fastxgemm-n2r6s0t2_seed-5_20260504_160919/iterated_local_search/run_7_worker_23/ils_config_2796904431097304041.prm
[INFO]:[16:17:45] Starting CPLEX solver on instance: /home/yorig/tuner/mpils-tests/instances/miplib/easy/fastxgemm-n2r6s0t2.mps with config: /scratch/yorig/mpils-results-grid-seconds-5-4may/easy/24proc/seed-5/2_fastxgemm-n2r6s0t2_seed-5_20260504_160919/iterated_local_search/run_7_worker_23/ils_config_2796904431097304041.prm
[INFO]:[16:17:50] CPLEX results. Gap: 94.880000, upper bound: 527.000000, lower bound: 27.000000
[INFO]:[16:17:50] CPLEX solver finished. Gap: 94.880000
[INFO]:[16:17:50] Starting CPLEX solver on instance: /home/yorig/tuner/mpils-tests/instances/miplib/easy/fastxgemm-n2r6s0t2.mps with config: /scratch/yorig/mpils-results-grid-seconds-5-4may/easy/24proc/seed-5/2_fastxgemm-n2r6s0t2_seed-5_20260504_160919/iterated_local_search/run_7_worker_23/ils_config_375476875322907461.prm
[INFO]:[16:17:50] Starting CPLEX solver on instance: /home/yorig/tuner/mpils-tests/instances/miplib/easy/fastxgemm-n2r6s0t2.mps with config: /scratch/yorig/mpils-results-grid-seconds-5-4may/easy/24proc/seed-5/2_fastxgemm-n2r6s0t2_seed-5_20260504_160919/iterated_local_search/run_7_worker_23/ils_config_375476875322907461.prm
[INFO]:[16:17:55] CPLEX results. Gap: 94.880000, upper bound: 527.000000, lower bound: 27.000000
[INFO]:[16:17:55] CPLEX solver finished. Gap: 94.880000
[INFO]:[16:17:55] Starting CPLEX solver on instance: /home/yorig/tuner/mpils-tests/instances/miplib/easy/fastxgemm-n2r6s0t2.mps with config: /scratch/yorig/mpils-results-grid-seconds-5-4may/easy/24proc/seed-5/2_fastxgemm-n2r6s0t2_seed-5_20260504_160919/iterated_local_search/run_7_worker_23/ils_config_10063008849877335040.prm
[INFO]:[16:17:55] Starting CPLEX solver on instance: /home/yorig/tuner/mpils-tests/instances/miplib/easy/fastxgemm-n2r6s0t2.mps with config: /scratch/yorig/mpils-results-grid-seconds-5-4may/easy/24proc/seed-5/2_fastxgemm-n2r6s0t2_seed-5_20260504_160919/iterated_local_search/run_7_worker_23/ils_config_10063008849877335040.prm
[INFO]:[16:18:00] CPLEX results. Gap: 94.910000, upper bound: 530.000000, lower bound: 27.000000
[INFO]:[16:18:00] CPLEX solver finished. Gap: 94.910000
[INFO]:[16:18:00] Starting CPLEX solver on instance: /home/yorig/tuner/mpils-tests/instances/miplib/easy/fastxgemm-n2r6s0t2.mps with config: /scratch/yorig/mpils-results-grid-seconds-5-4may/easy/24proc/seed-5/2_fastxgemm-n2r6s0t2_seed-5_20260504_160919/iterated_local_search/run_7_worker_23/ils_config_2753880751595037231.prm
[INFO]:[16:18:00] Starting CPLEX solver on instance: /home/yorig/tuner/mpils-tests/instances/miplib/easy/fastxgemm-n2r6s0t2.mps with config: /scratch/yorig/mpils-results-grid-seconds-5-4may/easy/24proc/seed-5/2_fastxgemm-n2r6s0t2_seed-5_20260504_160919/iterated_local_search/run_7_worker_23/ils_config_2753880751595037231.prm
[INFO]:[16:18:05] CPLEX results. Gap: 94.880000, upper bound: 527.000000, lower bound: 27.000000
[INFO]:[16:18:05] CPLEX solver finished. Gap: 94.880000
[INFO]:[16:18:05] Starting CPLEX solver on instance: /home/yorig/tuner/mpils-tests/instances/miplib/easy/fastxgemm-n2r6s0t2.mps with config: /scratch/yorig/mpils-results-grid-seconds-5-4may/easy/24proc/seed-5/2_fastxgemm-n2r6s0t2_seed-5_20260504_160919/iterated_local_search/run_7_worker_23/ils_config_16494361109443153058.prm
[INFO]:[16:18:05] Starting CPLEX solver on instance: /home/yorig/tuner/mpils-tests/instances/miplib/easy/fastxgemm-n2r6s0t2.mps with config: /scratch/yorig/mpils-results-grid-seconds-5-4may/easy/24proc/seed-5/2_fastxgemm-n2r6s0t2_seed-5_20260504_160919/iterated_local_search/run_7_worker_23/ils_config_16494361109443153058.prm
[INFO]:[16:18:10] CPLEX results. Gap: 94.880000, upper bound: 527.000000, lower bound: 27.000000
[INFO]:[16:18:10] CPLEX solver finished. Gap: 94.880000
[INFO]:[16:18:10] Starting CPLEX solver on instance: /home/yorig/tuner/mpils-tests/instances/miplib/easy/fastxgemm-n2r6s0t2.mps with config: /scratch/yorig/mpils-results-grid-seconds-5-4may/easy/24proc/seed-5/2_fastxgemm-n2r6s0t2_seed-5_20260504_160919/iterated_local_search/run_7_worker_23/ils_config_15288280750324869738.prm
[INFO]:[16:18:10] Starting CPLEX solver on instance: /home/yorig/tuner/mpils-tests/instances/miplib/easy/fastxgemm-n2r6s0t2.mps with config: /scratch/yorig/mpils-results-grid-seconds-5-4may/easy/24proc/seed-5/2_fastxgemm-n2r6s0t2_seed-5_20260504_160919/iterated_local_search/run_7_worker_23/ils_config_15288280750324869738.prm
[INFO]:[16:18:15] CPLEX results. Gap: 94.880000, upper bound: 527.000000, lower bound: 27.000000
[INFO]:[16:18:15] CPLEX solver finished. Gap: 94.880000
[INFO]:[16:18:15] Starting CPLEX solver on instance: /home/yorig/tuner/mpils-tests/instances/miplib/easy/fastxgemm-n2r6s0t2.mps with config: /scratch/yorig/mpils-results-grid-seconds-5-4may/easy/24proc/seed-5/2_fastxgemm-n2r6s0t2_seed-5_20260504_160919/iterated_local_search/run_7_worker_23/ils_config_4600688156564991186.prm
[INFO]:[16:18:15] Starting CPLEX solver on instance: /home/yorig/tuner/mpils-tests/instances/miplib/easy/fastxgemm-n2r6s0t2.mps with config: /scratch/yorig/mpils-results-grid-seconds-5-4may/easy/24proc/seed-5/2_fastxgemm-n2r6s0t2_seed-5_20260504_160919/iterated_local_search/run_7_worker_23/ils_config_4600688156564991186.prm
[INFO]:[16:18:20] CPLEX results. Gap: 94.880000, upper bound: 527.000000, lower bound: 27.000000
[INFO]:[16:18:20] CPLEX solver finished. Gap: 94.880000
[INFO]:[16:18:20] Starting CPLEX solver on instance: /home/yorig/tuner/mpils-tests/instances/miplib/easy/fastxgemm-n2r6s0t2.mps with config: /scratch/yorig/mpils-results-grid-seconds-5-4may/easy/24proc/seed-5/2_fastxgemm-n2r6s0t2_seed-5_20260504_160919/iterated_local_search/run_7_worker_23/ils_config_12136021245485167159.prm
[INFO]:[16:18:20] Starting CPLEX solver on instance: /home/yorig/tuner/mpils-tests/instances/miplib/easy/fastxgemm-n2r6s0t2.mps with config: /scratch/yorig/mpils-results-grid-seconds-5-4may/easy/24proc/seed-5/2_fastxgemm-n2r6s0t2_seed-5_20260504_160919/iterated_local_search/run_7_worker_23/ils_config_12136021245485167159.prm
[INFO]:[16:18:25] CPLEX results. Gap: 94.880000, upper bound: 527.000000, lower bound: 27.000000
[INFO]:[16:18:25] CPLEX solver finished. Gap: 94.880000
[INFO]:[16:18:25] Starting CPLEX solver on instance: /home/yorig/tuner/mpils-tests/instances/miplib/easy/fastxgemm-n2r6s0t2.mps with config: /scratch/yorig/mpils-results-grid-seconds-5-4may/easy/24proc/seed-5/2_fastxgemm-n2r6s0t2_seed-5_20260504_160919/iterated_local_search/run_7_worker_23/ils_config_9313371285564811369.prm
[INFO]:[16:18:25] Starting CPLEX solver on instance: /home/yorig/tuner/mpils-tests/instances/miplib/easy/fastxgemm-n2r6s0t2.mps with config: /scratch/yorig/mpils-results-grid-seconds-5-4may/easy/24proc/seed-5/2_fastxgemm-n2r6s0t2_seed-5_20260504_160919/iterated_local_search/run_7_worker_23/ils_config_9313371285564811369.prm
[INFO]:[16:18:30] CPLEX results. Gap: 94.880000, upper bound: 527.000000, lower bound: 27.000000
[INFO]:[16:18:30] CPLEX solver finished. Gap: 94.880000
[INFO]:[16:18:30] Starting CPLEX solver on instance: /home/yorig/tuner/mpils-tests/instances/miplib/easy/fastxgemm-n2r6s0t2.mps with config: /scratch/yorig/mpils-results-grid-seconds-5-4may/easy/24proc/seed-5/2_fastxgemm-n2r6s0t2_seed-5_20260504_160919/iterated_local_search/run_7_worker_23/ils_config_2775138781990810071.prm
[INFO]:[16:18:30] Starting CPLEX solver on instance: /home/yorig/tuner/mpils-tests/instances/miplib/easy/fastxgemm-n2r6s0t2.mps with config: /scratch/yorig/mpils-results-grid-seconds-5-4may/easy/24proc/seed-5/2_fastxgemm-n2r6s0t2_seed-5_20260504_160919/iterated_local_search/run_7_worker_23/ils_config_2775138781990810071.prm
[INFO]:[16:18:35] CPLEX results. Gap: 94.880000, upper bound: 527.000000, lower bound: 27.000000
[INFO]:[16:18:35] CPLEX solver finished. Gap: 94.880000
[INFO]:[16:18:35] Starting CPLEX solver on instance: /home/yorig/tuner/mpils-tests/instances/miplib/easy/fastxgemm-n2r6s0t2.mps with config: /scratch/yorig/mpils-results-grid-seconds-5-4may/easy/24proc/seed-5/2_fastxgemm-n2r6s0t2_seed-5_20260504_160919/iterated_local_search/run_7_worker_23/ils_config_17050490836724299851.prm
[INFO]:[16:18:35] Starting CPLEX solver on instance: /home/yorig/tuner/mpils-tests/instances/miplib/easy/fastxgemm-n2r6s0t2.mps with config: /scratch/yorig/mpils-results-grid-seconds-5-4may/easy/24proc/seed-5/2_fastxgemm-n2r6s0t2_seed-5_20260504_160919/iterated_local_search/run_7_worker_23/ils_config_17050490836724299851.prm
[INFO]:[16:18:40] CPLEX results. Gap: 94.880000, upper bound: 527.000000, lower bound: 27.000000
[INFO]:[16:18:40] CPLEX solver finished. Gap: 94.880000
[INFO]:[16:18:40] Starting CPLEX solver on instance: /home/yorig/tuner/mpils-tests/instances/miplib/easy/fastxgemm-n2r6s0t2.mps with config: /scratch/yorig/mpils-results-grid-seconds-5-4may/easy/24proc/seed-5/2_fastxgemm-n2r6s0t2_seed-5_20260504_160919/iterated_local_search/run_7_worker_23/ils_config_13965780161056162872.prm
[INFO]:[16:18:40] Starting CPLEX solver on instance: /home/yorig/tuner/mpils-tests/instances/miplib/easy/fastxgemm-n2r6s0t2.mps with config: /scratch/yorig/mpils-results-grid-seconds-5-4may/easy/24proc/seed-5/2_fastxgemm-n2r6s0t2_seed-5_20260504_160919/iterated_local_search/run_7_worker_23/ils_config_13965780161056162872.prm
[INFO]:[16:18:45] CPLEX results. Gap: 94.880000, upper bound: 527.000000, lower bound: 27.000000
[INFO]:[16:18:45] CPLEX solver finished. Gap: 94.880000
[INFO]:[16:18:45] Local search phase completed.
[INFO]:[16:18:45] Total number of new local-search evaluations: 18
[INFO]:[16:18:45] Final incumbent objective value: 94.88
[INFO]:[16:18:45] Worker 23 completed exploration phase.
[INFO]:[16:18:45] Worker 23 received order for step 2.
[INFO]:[16:18:45] Worker 23 running expansion phase for iteration 7.
[INFO]:[16:18:45] Worker 23 will use solver log file: /scratch/yorig/mpils-results-grid-seconds-5-4may/easy/24proc/seed-5/2_fastxgemm-n2r6s0t2_seed-5_20260504_160919/solver/cplex.log_iteration_expansion_7_worker_23
[INFO]:[16:18:45] Expansion Worker 23 starting expansion for iteration 7.
[INFO]:[16:18:45] Starting CPLEX solver on instance: /home/yorig/tuner/mpils-tests/instances/miplib/easy/fastxgemm-n2r6s0t2.mps with config: /scratch/yorig/mpils-results-grid-seconds-5-4may/easy/24proc/seed-5/2_fastxgemm-n2r6s0t2_seed-5_20260504_160919/expansion/config_param_CPXPARAM_LPMethod_6_iter_7.prm
[INFO]:[16:18:50] CPLEX results. Gap: 44.780000, upper bound: 230.000000, lower bound: 127.000000
[INFO]:[16:18:50] CPLEX solver finished. Gap: 44.780000
[INFO]:[16:18:55] Expansion Worker 23 completed expansion.
[INFO]:[16:18:55] Worker 23 completed expansion phase.
[INFO]:[16:18:59] Worker 23 received order for step 1.
[INFO]:[16:18:59] Worker 23 running exploration phase for iteration 8.
[INFO]:[16:18:59] Worker 23 at iteration 8 will not use a MIP start file. Current best MIP-start upper bound threshold is 1.79769e+308.
[INFO]:[16:18:59] Starting local search phase...
[INFO]:[16:18:59] Creating local search space from parameter space file: /scratch/yorig/mpils-results-grid-seconds-5-4may/easy/24proc/seed-5/2_fastxgemm-n2r6s0t2_seed-5_20260504_160919/iterated_local_search/search_space/search_space_file_8_worker_23.txt
[INFO]:[16:18:59] Local search space loaded from file: /scratch/yorig/mpils-results-grid-seconds-5-4may/easy/24proc/seed-5/2_fastxgemm-n2r6s0t2_seed-5_20260504_160919/iterated_local_search/search_space/search_space_file_8_worker_23.txt
[INFO]:[16:18:59] Number of parameters in local search space: 71
[INFO]:[16:18:59] Number of forbidden tuples in local search space: 181
[INFO]:[16:18:59] Number of conditionals in local search space: 6
[INFO]:[16:18:59] MIP start option not enabled. Local search will proceed without MIP start.
[INFO]:[16:18:59] Evaluating initial configuration for local search phase...
[INFO]:[16:18:59] Starting CPLEX solver on instance: /home/yorig/tuner/mpils-tests/instances/miplib/easy/fastxgemm-n2r6s0t2.mps with config: /scratch/yorig/mpils-results-grid-seconds-5-4may/easy/24proc/seed-5/2_fastxgemm-n2r6s0t2_seed-5_20260504_160919/iterated_local_search/run_8_worker_23/ils_config_3498054297179386633.prm
[INFO]:[16:18:59] Starting CPLEX solver on instance: /home/yorig/tuner/mpils-tests/instances/miplib/easy/fastxgemm-n2r6s0t2.mps with config: /scratch/yorig/mpils-results-grid-seconds-5-4may/easy/24proc/seed-5/2_fastxgemm-n2r6s0t2_seed-5_20260504_160919/iterated_local_search/run_8_worker_23/ils_config_3498054297179386633.prm
[INFO]:[16:19:04] CPLEX results. Gap: 94.880000, upper bound: 527.000000, lower bound: 27.000000
[INFO]:[16:19:04] CPLEX solver finished. Gap: 94.880000
[INFO]:[16:19:04] Initial configuration evaluated with objective value: 94.88
[INFO]:[16:19:05] Starting CPLEX solver on instance: /home/yorig/tuner/mpils-tests/instances/miplib/easy/fastxgemm-n2r6s0t2.mps with config: /scratch/yorig/mpils-results-grid-seconds-5-4may/easy/24proc/seed-5/2_fastxgemm-n2r6s0t2_seed-5_20260504_160919/iterated_local_search/run_8_worker_23/ils_config_5241362824189351985.prm
[INFO]:[16:19:05] Starting CPLEX solver on instance: /home/yorig/tuner/mpils-tests/instances/miplib/easy/fastxgemm-n2r6s0t2.mps with config: /scratch/yorig/mpils-results-grid-seconds-5-4may/easy/24proc/seed-5/2_fastxgemm-n2r6s0t2_seed-5_20260504_160919/iterated_local_search/run_8_worker_23/ils_config_5241362824189351985.prm
[INFO]:[16:19:10] CPLEX results. Gap: 94.880000, upper bound: 527.000000, lower bound: 27.000000
[INFO]:[16:19:10] CPLEX solver finished. Gap: 94.880000
[INFO]:[16:19:10] Starting CPLEX solver on instance: /home/yorig/tuner/mpils-tests/instances/miplib/easy/fastxgemm-n2r6s0t2.mps with config: /scratch/yorig/mpils-results-grid-seconds-5-4may/easy/24proc/seed-5/2_fastxgemm-n2r6s0t2_seed-5_20260504_160919/iterated_local_search/run_8_worker_23/ils_config_15648593268110836643.prm
[INFO]:[16:19:10] Starting CPLEX solver on instance: /home/yorig/tuner/mpils-tests/instances/miplib/easy/fastxgemm-n2r6s0t2.mps with config: /scratch/yorig/mpils-results-grid-seconds-5-4may/easy/24proc/seed-5/2_fastxgemm-n2r6s0t2_seed-5_20260504_160919/iterated_local_search/run_8_worker_23/ils_config_15648593268110836643.prm
[INFO]:[16:19:15] CPLEX results. Gap: 94.880000, upper bound: 527.000000, lower bound: 27.000000
[INFO]:[16:19:15] CPLEX solver finished. Gap: 94.880000
[INFO]:[16:19:15] Starting CPLEX solver on instance: /home/yorig/tuner/mpils-tests/instances/miplib/easy/fastxgemm-n2r6s0t2.mps with config: /scratch/yorig/mpils-results-grid-seconds-5-4may/easy/24proc/seed-5/2_fastxgemm-n2r6s0t2_seed-5_20260504_160919/iterated_local_search/run_8_worker_23/ils_config_2525824729958371603.prm
[INFO]:[16:19:15] Starting CPLEX solver on instance: /home/yorig/tuner/mpils-tests/instances/miplib/easy/fastxgemm-n2r6s0t2.mps with config: /scratch/yorig/mpils-results-grid-seconds-5-4may/easy/24proc/seed-5/2_fastxgemm-n2r6s0t2_seed-5_20260504_160919/iterated_local_search/run_8_worker_23/ils_config_2525824729958371603.prm
[INFO]:[16:19:20] CPLEX results. Gap: 94.880000, upper bound: 527.000000, lower bound: 27.000000
[INFO]:[16:19:20] CPLEX solver finished. Gap: 94.880000
[INFO]:[16:19:20] Starting CPLEX solver on instance: /home/yorig/tuner/mpils-tests/instances/miplib/easy/fastxgemm-n2r6s0t2.mps with config: /scratch/yorig/mpils-results-grid-seconds-5-4may/easy/24proc/seed-5/2_fastxgemm-n2r6s0t2_seed-5_20260504_160919/iterated_local_search/run_8_worker_23/ils_config_7905489998348300877.prm
[INFO]:[16:19:20] Starting CPLEX solver on instance: /home/yorig/tuner/mpils-tests/instances/miplib/easy/fastxgemm-n2r6s0t2.mps with config: /scratch/yorig/mpils-results-grid-seconds-5-4may/easy/24proc/seed-5/2_fastxgemm-n2r6s0t2_seed-5_20260504_160919/iterated_local_search/run_8_worker_23/ils_config_7905489998348300877.prm
[INFO]:[16:19:25] CPLEX results. Gap: 88.260000, upper bound: 230.000000, lower bound: 27.000000
[INFO]:[16:19:25] CPLEX solver finished. Gap: 88.260000
[INFO]:[16:19:25] New incumbent found with objective value: 88.26
[INFO]:[16:19:25] Starting CPLEX solver on instance: /home/yorig/tuner/mpils-tests/instances/miplib/easy/fastxgemm-n2r6s0t2.mps with config: /scratch/yorig/mpils-results-grid-seconds-5-4may/easy/24proc/seed-5/2_fastxgemm-n2r6s0t2_seed-5_20260504_160919/iterated_local_search/run_8_worker_23/ils_config_2145389776680520363.prm
[INFO]:[16:19:25] Starting CPLEX solver on instance: /home/yorig/tuner/mpils-tests/instances/miplib/easy/fastxgemm-n2r6s0t2.mps with config: /scratch/yorig/mpils-results-grid-seconds-5-4may/easy/24proc/seed-5/2_fastxgemm-n2r6s0t2_seed-5_20260504_160919/iterated_local_search/run_8_worker_23/ils_config_2145389776680520363.prm
[INFO]:[16:19:30] CPLEX results. Gap: 88.260000, upper bound: 230.000000, lower bound: 27.000000
[INFO]:[16:19:30] CPLEX solver finished. Gap: 88.260000
[INFO]:[16:19:30] Starting CPLEX solver on instance: /home/yorig/tuner/mpils-tests/instances/miplib/easy/fastxgemm-n2r6s0t2.mps with config: /scratch/yorig/mpils-results-grid-seconds-5-4may/easy/24proc/seed-5/2_fastxgemm-n2r6s0t2_seed-5_20260504_160919/iterated_local_search/run_8_worker_23/ils_config_2834148069180015018.prm
[INFO]:[16:19:30] Starting CPLEX solver on instance: /home/yorig/tuner/mpils-tests/instances/miplib/easy/fastxgemm-n2r6s0t2.mps with config: /scratch/yorig/mpils-results-grid-seconds-5-4may/easy/24proc/seed-5/2_fastxgemm-n2r6s0t2_seed-5_20260504_160919/iterated_local_search/run_8_worker_23/ils_config_2834148069180015018.prm
[INFO]:[16:19:35] CPLEX results. Gap: 88.260000, upper bound: 230.000000, lower bound: 27.000000
[INFO]:[16:19:35] CPLEX solver finished. Gap: 88.260000
[INFO]:[16:19:35] Starting CPLEX solver on instance: /home/yorig/tuner/mpils-tests/instances/miplib/easy/fastxgemm-n2r6s0t2.mps with config: /scratch/yorig/mpils-results-grid-seconds-5-4may/easy/24proc/seed-5/2_fastxgemm-n2r6s0t2_seed-5_20260504_160919/iterated_local_search/run_8_worker_23/ils_config_3070766868796640142.prm
[INFO]:[16:19:35] Starting CPLEX solver on instance: /home/yorig/tuner/mpils-tests/instances/miplib/easy/fastxgemm-n2r6s0t2.mps with config: /scratch/yorig/mpils-results-grid-seconds-5-4may/easy/24proc/seed-5/2_fastxgemm-n2r6s0t2_seed-5_20260504_160919/iterated_local_search/run_8_worker_23/ils_config_3070766868796640142.prm
[INFO]:[16:19:40] CPLEX results. Gap: 88.260000, upper bound: 230.000000, lower bound: 27.000000
[INFO]:[16:19:40] CPLEX solver finished. Gap: 88.260000
[INFO]:[16:19:40] Starting CPLEX solver on instance: /home/yorig/tuner/mpils-tests/instances/miplib/easy/fastxgemm-n2r6s0t2.mps with config: /scratch/yorig/mpils-results-grid-seconds-5-4may/easy/24proc/seed-5/2_fastxgemm-n2r6s0t2_seed-5_20260504_160919/iterated_local_search/run_8_worker_23/ils_config_15886741214167090262.prm
[INFO]:[16:19:40] Starting CPLEX solver on instance: /home/yorig/tuner/mpils-tests/instances/miplib/easy/fastxgemm-n2r6s0t2.mps with config: /scratch/yorig/mpils-results-grid-seconds-5-4may/easy/24proc/seed-5/2_fastxgemm-n2r6s0t2_seed-5_20260504_160919/iterated_local_search/run_8_worker_23/ils_config_15886741214167090262.prm
[INFO]:[16:19:45] CPLEX results. Gap: 88.260000, upper bound: 230.000000, lower bound: 27.000000
[INFO]:[16:19:45] CPLEX solver finished. Gap: 88.260000
[INFO]:[16:19:45] Starting CPLEX solver on instance: /home/yorig/tuner/mpils-tests/instances/miplib/easy/fastxgemm-n2r6s0t2.mps with config: /scratch/yorig/mpils-results-grid-seconds-5-4may/easy/24proc/seed-5/2_fastxgemm-n2r6s0t2_seed-5_20260504_160919/iterated_local_search/run_8_worker_23/ils_config_10180256070552195403.prm
[INFO]:[16:19:45] Starting CPLEX solver on instance: /home/yorig/tuner/mpils-tests/instances/miplib/easy/fastxgemm-n2r6s0t2.mps with config: /scratch/yorig/mpils-results-grid-seconds-5-4may/easy/24proc/seed-5/2_fastxgemm-n2r6s0t2_seed-5_20260504_160919/iterated_local_search/run_8_worker_23/ils_config_10180256070552195403.prm
[INFO]:[16:19:50] CPLEX results. Gap: 94.880000, upper bound: 527.000000, lower bound: 27.000000
[INFO]:[16:19:50] CPLEX solver finished. Gap: 94.880000
[INFO]:[16:19:50] Starting CPLEX solver on instance: /home/yorig/tuner/mpils-tests/instances/miplib/easy/fastxgemm-n2r6s0t2.mps with config: /scratch/yorig/mpils-results-grid-seconds-5-4may/easy/24proc/seed-5/2_fastxgemm-n2r6s0t2_seed-5_20260504_160919/iterated_local_search/run_8_worker_23/ils_config_9036781167537799352.prm
[INFO]:[16:19:50] Starting CPLEX solver on instance: /home/yorig/tuner/mpils-tests/instances/miplib/easy/fastxgemm-n2r6s0t2.mps with config: /scratch/yorig/mpils-results-grid-seconds-5-4may/easy/24proc/seed-5/2_fastxgemm-n2r6s0t2_seed-5_20260504_160919/iterated_local_search/run_8_worker_23/ils_config_9036781167537799352.prm
[INFO]:[16:19:55] CPLEX results. Gap: 88.260000, upper bound: 230.000000, lower bound: 27.000000
[INFO]:[16:19:55] CPLEX solver finished. Gap: 88.260000
[INFO]:[16:19:55] Starting CPLEX solver on instance: /home/yorig/tuner/mpils-tests/instances/miplib/easy/fastxgemm-n2r6s0t2.mps with config: /scratch/yorig/mpils-results-grid-seconds-5-4may/easy/24proc/seed-5/2_fastxgemm-n2r6s0t2_seed-5_20260504_160919/iterated_local_search/run_8_worker_23/ils_config_17179633347588918135.prm
[INFO]:[16:19:55] Starting CPLEX solver on instance: /home/yorig/tuner/mpils-tests/instances/miplib/easy/fastxgemm-n2r6s0t2.mps with config: /scratch/yorig/mpils-results-grid-seconds-5-4may/easy/24proc/seed-5/2_fastxgemm-n2r6s0t2_seed-5_20260504_160919/iterated_local_search/run_8_worker_23/ils_config_17179633347588918135.prm
[INFO]:[16:20:00] CPLEX results. Gap: 88.260000, upper bound: 230.000000, lower bound: 27.000000
[INFO]:[16:20:00] CPLEX solver finished. Gap: 88.260000
[INFO]:[16:20:00] Starting CPLEX solver on instance: /home/yorig/tuner/mpils-tests/instances/miplib/easy/fastxgemm-n2r6s0t2.mps with config: /scratch/yorig/mpils-results-grid-seconds-5-4may/easy/24proc/seed-5/2_fastxgemm-n2r6s0t2_seed-5_20260504_160919/iterated_local_search/run_8_worker_23/ils_config_6020449160490347918.prm
[INFO]:[16:20:00] Starting CPLEX solver on instance: /home/yorig/tuner/mpils-tests/instances/miplib/easy/fastxgemm-n2r6s0t2.mps with config: /scratch/yorig/mpils-results-grid-seconds-5-4may/easy/24proc/seed-5/2_fastxgemm-n2r6s0t2_seed-5_20260504_160919/iterated_local_search/run_8_worker_23/ils_config_6020449160490347918.prm
[INFO]:[16:20:05] CPLEX results. Gap: 88.260000, upper bound: 230.000000, lower bound: 27.000000
[INFO]:[16:20:05] CPLEX solver finished. Gap: 88.260000
[INFO]:[16:20:05] Starting CPLEX solver on instance: /home/yorig/tuner/mpils-tests/instances/miplib/easy/fastxgemm-n2r6s0t2.mps with config: /scratch/yorig/mpils-results-grid-seconds-5-4may/easy/24proc/seed-5/2_fastxgemm-n2r6s0t2_seed-5_20260504_160919/iterated_local_search/run_8_worker_23/ils_config_1075499317039587757.prm
[INFO]:[16:20:05] Starting CPLEX solver on instance: /home/yorig/tuner/mpils-tests/instances/miplib/easy/fastxgemm-n2r6s0t2.mps with config: /scratch/yorig/mpils-results-grid-seconds-5-4may/easy/24proc/seed-5/2_fastxgemm-n2r6s0t2_seed-5_20260504_160919/iterated_local_search/run_8_worker_23/ils_config_1075499317039587757.prm
[INFO]:[16:20:10] CPLEX results. Gap: 94.880000, upper bound: 527.000000, lower bound: 27.000000
[INFO]:[16:20:10] CPLEX solver finished. Gap: 94.880000
[INFO]:[16:20:10] Starting CPLEX solver on instance: /home/yorig/tuner/mpils-tests/instances/miplib/easy/fastxgemm-n2r6s0t2.mps with config: /scratch/yorig/mpils-results-grid-seconds-5-4may/easy/24proc/seed-5/2_fastxgemm-n2r6s0t2_seed-5_20260504_160919/iterated_local_search/run_8_worker_23/ils_config_9835785353870717632.prm
[INFO]:[16:20:10] Starting CPLEX solver on instance: /home/yorig/tuner/mpils-tests/instances/miplib/easy/fastxgemm-n2r6s0t2.mps with config: /scratch/yorig/mpils-results-grid-seconds-5-4may/easy/24proc/seed-5/2_fastxgemm-n2r6s0t2_seed-5_20260504_160919/iterated_local_search/run_8_worker_23/ils_config_9835785353870717632.prm
[INFO]:[16:20:15] CPLEX results. Gap: 88.260000, upper bound: 230.000000, lower bound: 27.000000
[INFO]:[16:20:15] CPLEX solver finished. Gap: 88.260000
[INFO]:[16:20:15] Starting CPLEX solver on instance: /home/yorig/tuner/mpils-tests/instances/miplib/easy/fastxgemm-n2r6s0t2.mps with config: /scratch/yorig/mpils-results-grid-seconds-5-4may/easy/24proc/seed-5/2_fastxgemm-n2r6s0t2_seed-5_20260504_160919/iterated_local_search/run_8_worker_23/ils_config_15642670033948650060.prm
[INFO]:[16:20:15] Starting CPLEX solver on instance: /home/yorig/tuner/mpils-tests/instances/miplib/easy/fastxgemm-n2r6s0t2.mps with config: /scratch/yorig/mpils-results-grid-seconds-5-4may/easy/24proc/seed-5/2_fastxgemm-n2r6s0t2_seed-5_20260504_160919/iterated_local_search/run_8_worker_23/ils_config_15642670033948650060.prm
[INFO]:[16:20:20] CPLEX results. Gap: 88.260000, upper bound: 230.000000, lower bound: 27.000000
[INFO]:[16:20:20] CPLEX solver finished. Gap: 88.260000
[INFO]:[16:20:20] Starting CPLEX solver on instance: /home/yorig/tuner/mpils-tests/instances/miplib/easy/fastxgemm-n2r6s0t2.mps with config: /scratch/yorig/mpils-results-grid-seconds-5-4may/easy/24proc/seed-5/2_fastxgemm-n2r6s0t2_seed-5_20260504_160919/iterated_local_search/run_8_worker_23/ils_config_14272689723176271698.prm
[INFO]:[16:20:20] Starting CPLEX solver on instance: /home/yorig/tuner/mpils-tests/instances/miplib/easy/fastxgemm-n2r6s0t2.mps with config: /scratch/yorig/mpils-results-grid-seconds-5-4may/easy/24proc/seed-5/2_fastxgemm-n2r6s0t2_seed-5_20260504_160919/iterated_local_search/run_8_worker_23/ils_config_14272689723176271698.prm
[INFO]:[16:20:25] CPLEX results. Gap: 96.740000, upper bound: 827.000000, lower bound: 27.000000
[INFO]:[16:20:25] CPLEX solver finished. Gap: 96.740000
[INFO]:[16:20:25] Starting CPLEX solver on instance: /home/yorig/tuner/mpils-tests/instances/miplib/easy/fastxgemm-n2r6s0t2.mps with config: /scratch/yorig/mpils-results-grid-seconds-5-4may/easy/24proc/seed-5/2_fastxgemm-n2r6s0t2_seed-5_20260504_160919/iterated_local_search/run_8_worker_23/ils_config_881089211110602841.prm
[INFO]:[16:20:25] Starting CPLEX solver on instance: /home/yorig/tuner/mpils-tests/instances/miplib/easy/fastxgemm-n2r6s0t2.mps with config: /scratch/yorig/mpils-results-grid-seconds-5-4may/easy/24proc/seed-5/2_fastxgemm-n2r6s0t2_seed-5_20260504_160919/iterated_local_search/run_8_worker_23/ils_config_881089211110602841.prm
[INFO]:[16:20:30] CPLEX results. Gap: 88.260000, upper bound: 230.000000, lower bound: 27.000000
[INFO]:[16:20:30] CPLEX solver finished. Gap: 88.260000
[INFO]:[16:20:30] Starting CPLEX solver on instance: /home/yorig/tuner/mpils-tests/instances/miplib/easy/fastxgemm-n2r6s0t2.mps with config: /scratch/yorig/mpils-results-grid-seconds-5-4may/easy/24proc/seed-5/2_fastxgemm-n2r6s0t2_seed-5_20260504_160919/iterated_local_search/run_8_worker_23/ils_config_4043435134538888857.prm
[INFO]:[16:20:30] Starting CPLEX solver on instance: /home/yorig/tuner/mpils-tests/instances/miplib/easy/fastxgemm-n2r6s0t2.mps with config: /scratch/yorig/mpils-results-grid-seconds-5-4may/easy/24proc/seed-5/2_fastxgemm-n2r6s0t2_seed-5_20260504_160919/iterated_local_search/run_8_worker_23/ils_config_4043435134538888857.prm
[INFO]:[16:20:35] CPLEX results. Gap: 94.880000, upper bound: 527.000000, lower bound: 27.000000
[INFO]:[16:20:35] CPLEX solver finished. Gap: 94.880000
[INFO]:[16:20:35] Starting CPLEX solver on instance: /home/yorig/tuner/mpils-tests/instances/miplib/easy/fastxgemm-n2r6s0t2.mps with config: /scratch/yorig/mpils-results-grid-seconds-5-4may/easy/24proc/seed-5/2_fastxgemm-n2r6s0t2_seed-5_20260504_160919/iterated_local_search/run_8_worker_23/ils_config_1553629927102053909.prm
[INFO]:[16:20:35] Starting CPLEX solver on instance: /home/yorig/tuner/mpils-tests/instances/miplib/easy/fastxgemm-n2r6s0t2.mps with config: /scratch/yorig/mpils-results-grid-seconds-5-4may/easy/24proc/seed-5/2_fastxgemm-n2r6s0t2_seed-5_20260504_160919/iterated_local_search/run_8_worker_23/ils_config_1553629927102053909.prm
[INFO]:[16:20:40] CPLEX results. Gap: 88.260000, upper bound: 230.000000, lower bound: 27.000000
[INFO]:[16:20:40] CPLEX solver finished. Gap: 88.260000
[INFO]:[16:20:40] Received global ILS stop signal from rank 16.
[INFO]:[16:20:40] Local search phase completed.
[INFO]:[16:20:40] Total number of new local-search evaluations: 20
[INFO]:[16:20:40] Final incumbent objective value: 88.26
[INFO]:[16:20:40] Worker 23 completed exploration phase.
[INFO]:[16:20:40] Worker 23 received order for step 3.
[INFO]:[16:20:40] Worker 23 finished.
