EvalID,TimeEvaluated,SolverRuntimeSeconds,ObjectiveValue,Gap,UpperBound,LowerBound,ConfigID,MipStartID,WorkerID,Iteration,Phase
1,8,8.366923,0,0.000000,340.000000,340.000000,14921508010286178949,null,0,1,0
2,6,6.455170,0,0.000000,340.000000,340.000000,4742023368992659407,null,1,1,0
3,9,9.290480,0,0.000000,340.000000,340.000000,13833839775346593887,null,2,1,0
4,10,10.006100,32.13,32.130000,490.000000,332.566000,7691846394389702564,null,3,1,0
