EvalID,TimeEvaluated,ObjectiveValue,Gap,UpperBound,LowerBound,ConfigID,MipStartID,WorkerID,Iteration,Phase
1,7,39.6,39.600000,-5050303.000000,-7050403.000000,14921508010286178949,null,0,1,0
2,14,79.2,79.200000,-5050303.000000,-9050203.000000,8683817217222751575,null,0,1,0
3,21,79.2,79.200000,-5050303.000000,-9050303.000000,9658482938002475941,null,0,1,0
4,27,39.6,39.600000,-5050303.000000,-7050403.000000,6762843893550650360,null,0,1,0
5,34,79.2,79.200000,-5050303.000000,-9050303.000000,14770251354950928531,null,0,1,0
6,7,119,119.000000,-5050300.000000,-11060300.000000,6439873165248256756,null,1,1,0
7,15,83.89,83.890000,-6020200.000000,-11070400.000000,11255561039145532449,null,1,1,0
8,22,0,0.000000,-6020200.000000,-6020300.000000,13537950976286585776,null,1,1,0
